# unix_time, cycles_done, cur_path, paths_total, pending_total, pending_favs, map_size, unique_crashes, unique_hangs, max_depth, execs_per_sec
1747774286, 0, 0, 1, 1, 1, 5.35%, 0, 0, 1, 29.74
1747774291, 0, 0, 19, 19, 1, 5.46%, 0, 0, 2, 30.96
1747774296, 0, 0, 37, 37, 1, 5.46%, 0, 0, 2, 31.11
1747774301, 0, 0, 54, 54, 1, 5.46%, 0, 0, 2, 30.69
1747774306, 0, 0, 71, 71, 1, 5.46%, 0, 0, 2, 30.64
1747774311, 0, 0, 86, 86, 1, 5.67%, 0, 0, 2, 29.61
1747774316, 0, 0, 99, 99, 1, 6.00%, 0, 0, 2, 27.38
1747774321, 0, 0, 108, 108, 1, 6.00%, 0, 0, 2, 23.73
1747774327, 0, 0, 119, 119, 1, 6.00%, 0, 0, 2, 28.62
1747774332, 0, 0, 129, 129, 1, 6.02%, 0, 0, 2, 25.47
1747774337, 0, 0, 142, 142, 1, 6.02%, 0, 0, 2, 28.96
1747774342, 0, 0, 150, 150, 1, 6.03%, 0, 0, 2, 24.24
1747774347, 0, 0, 157, 157, 1, 6.03%, 0, 0, 2, 25.24
1747774352, 0, 0, 164, 164, 1, 6.03%, 0, 0, 2, 23.19
1747774357, 0, 0, 171, 171, 1, 6.03%, 0, 0, 2, 25.81
1747774362, 0, 0, 179, 179, 1, 6.03%, 0, 0, 2, 25.66
1747774367, 0, 0, 185, 185, 1, 6.03%, 0, 0, 2, 25.23
1747774373, 0, 0, 193, 193, 1, 6.66%, 0, 0, 2, 25.86
1747774378, 0, 0, 198, 198, 1, 6.66%, 0, 0, 2, 24.42
1747774383, 0, 0, 206, 206, 1, 6.66%, 0, 0, 2, 27.81
1747774388, 0, 0, 212, 212, 1, 6.66%, 0, 0, 2, 27.94
1747774393, 0, 0, 216, 216, 1, 6.66%, 0, 0, 2, 26.83
1747774398, 0, 0, 222, 222, 1, 6.66%, 0, 0, 2, 28.03
1747774403, 0, 0, 229, 229, 1, 6.67%, 0, 0, 2, 25.44
1747774409, 0, 0, 235, 235, 1, 6.67%, 0, 0, 2, 25.74
1747774414, 0, 0, 241, 241, 1, 6.67%, 0, 0, 2, 26.27
1747774419, 0, 0, 247, 247, 1, 6.67%, 0, 0, 2, 27.30
1747774424, 0, 0, 250, 250, 1, 6.67%, 0, 0, 2, 26.31
1747774429, 0, 0, 253, 253, 1, 6.67%, 0, 0, 2, 25.73
1747774434, 0, 0, 259, 259, 1, 6.67%, 0, 0, 2, 25.59
1747774439, 0, 0, 261, 261, 1, 6.67%, 0, 0, 2, 26.31
1747774445, 0, 0, 266, 266, 1, 6.67%, 0, 0, 2, 25.16
1747774450, 0, 0, 271, 271, 1, 6.67%, 0, 0, 2, 25.15
1747774455, 0, 0, 274, 274, 1, 6.67%, 0, 0, 2, 24.75
1747774460, 0, 0, 277, 277, 1, 6.67%, 0, 0, 2, 24.13
1747774465, 0, 0, 279, 279, 1, 6.67%, 0, 0, 2, 26.08
1747774470, 0, 0, 283, 283, 1, 6.67%, 0, 0, 2, 25.16
1747774475, 0, 0, 284, 284, 1, 6.67%, 0, 0, 2, 27.05
1747774480, 0, 0, 286, 286, 1, 6.67%, 0, 0, 2, 25.86
1747774485, 0, 0, 287, 287, 1, 6.67%, 0, 0, 2, 26.65
1747774490, 0, 0, 288, 288, 1, 6.67%, 0, 0, 2, 26.56
1747774496, 0, 0, 289, 289, 1, 6.67%, 0, 0, 2, 26.63
1747774501, 0, 0, 293, 293, 1, 6.67%, 0, 0, 2, 26.78
1747774506, 0, 0, 296, 296, 1, 6.67%, 0, 0, 2, 24.91
1747774511, 0, 0, 298, 298, 1, 6.67%, 0, 0, 2, 25.72
1747774516, 0, 0, 301, 301, 1, 6.67%, 0, 0, 2, 25.69
1747774521, 0, 0, 302, 302, 1, 6.67%, 0, 0, 2, 26.32
1747774526, 0, 0, 303, 303, 1, 6.67%, 0, 0, 2, 26.02
1747774531, 0, 0, 304, 304, 1, 6.67%, 0, 0, 2, 26.05
1747774536, 0, 0, 306, 306, 1, 6.67%, 0, 0, 2, 25.83
1747774541, 0, 0, 307, 307, 1, 6.67%, 0, 0, 2, 26.45
1747774546, 0, 0, 309, 309, 1, 6.67%, 0, 0, 2, 26.79
1747774551, 0, 0, 310, 310, 1, 6.67%, 0, 0, 2, 26.59
1747774556, 0, 0, 313, 313, 1, 6.67%, 0, 0, 2, 25.01
1747774561, 0, 0, 315, 315, 1, 6.67%, 0, 0, 2, 26.80
1747774567, 0, 0, 317, 317, 1, 6.67%, 0, 0, 2, 26.12
1747774572, 0, 0, 319, 319, 1, 6.67%, 0, 0, 2, 26.05
1747774577, 0, 0, 323, 323, 1, 6.67%, 0, 0, 2, 24.01
1747774582, 0, 0, 324, 324, 1, 6.67%, 0, 0, 2, 25.72
1747774587, 0, 0, 326, 326, 1, 6.67%, 0, 0, 2, 26.94
1747774592, 0, 0, 329, 329, 1, 6.67%, 0, 0, 2, 26.60
1747774597, 0, 0, 333, 333, 1, 6.67%, 0, 0, 2, 25.90
1747774602, 0, 0, 335, 335, 1, 6.67%, 0, 0, 2, 25.78
1747774607, 0, 0, 336, 336, 1, 6.67%, 0, 0, 2, 25.96
1747774612, 0, 0, 338, 338, 1, 6.67%, 0, 0, 2, 26.33
1747774617, 0, 0, 339, 339, 1, 6.67%, 0, 0, 2, 26.34
1747774623, 0, 0, 342, 342, 1, 6.67%, 0, 0, 2, 26.21
1747774628, 0, 0, 343, 343, 1, 6.67%, 0, 0, 2, 26.73
1747774633, 0, 0, 344, 344, 1, 6.67%, 0, 0, 2, 27.01
1747774638, 0, 0, 345, 345, 1, 6.67%, 0, 0, 2, 26.25
1747774643, 0, 1, 345, 344, 12, 6.67%, 0, 0, 2, 26.32
1747774648, 0, 1, 347, 346, 12, 6.67%, 0, 0, 3, 23.91
1747774658, 0, 1, 348, 347, 12, 6.67%, 0, 0, 3, 26.68
1747774669, 0, 1, 350, 349, 12, 6.67%, 0, 0, 3, 25.38
1747774674, 0, 1, 351, 350, 12, 6.67%, 0, 0, 3, 25.05
1747774679, 0, 1, 353, 352, 12, 6.67%, 0, 0, 3, 25.62
1747774684, 0, 1, 356, 355, 12, 6.67%, 0, 0, 3, 25.48
1747774689, 0, 1, 359, 358, 12, 6.67%, 0, 0, 3, 25.05
1747774694, 0, 1, 360, 359, 12, 6.67%, 0, 0, 3, 26.53
1747774704, 0, 1, 361, 360, 12, 6.67%, 0, 0, 3, 26.24
1747774710, 0, 1, 363, 362, 12, 6.67%, 0, 0, 3, 25.63
1747774715, 0, 1, 365, 364, 12, 6.67%, 0, 0, 3, 25.32
1747774725, 0, 1, 367, 366, 12, 6.67%, 0, 0, 3, 25.55
1747774730, 0, 1, 368, 367, 12, 6.67%, 0, 0, 3, 26.15
1747774740, 0, 1, 369, 368, 12, 6.67%, 0, 0, 3, 25.86
1747774745, 0, 1, 371, 370, 12, 6.67%, 0, 0, 3, 25.15
1747774751, 0, 1, 372, 371, 12, 6.67%, 0, 0, 3, 25.39
1747774761, 0, 1, 374, 373, 12, 6.67%, 0, 0, 3, 25.03
1747774766, 0, 1, 376, 375, 12, 6.92%, 0, 0, 3, 24.30
1747774771, 0, 1, 377, 376, 12, 6.92%, 0, 0, 3, 25.14
1747774776, 0, 1, 379, 378, 12, 6.92%, 0, 0, 3, 23.92
1747774786, 0, 1, 380, 379, 12, 6.92%, 0, 0, 3, 25.83
1747774791, 0, 1, 382, 381, 12, 6.92%, 0, 0, 3, 25.18
1747774812, 0, 1, 384, 383, 12, 6.92%, 0, 0, 3, 25.66
1747774822, 0, 1, 385, 384, 12, 6.92%, 0, 0, 3, 25.59
1747774827, 0, 1, 387, 386, 12, 6.92%, 0, 0, 3, 25.25
1747774832, 0, 1, 388, 387, 12, 6.92%, 0, 0, 3, 26.16
1747774843, 0, 1, 389, 388, 12, 6.92%, 0, 0, 3, 25.82
1747774863, 0, 1, 391, 390, 12, 6.92%, 0, 0, 3, 26.32
1747774868, 0, 1, 392, 391, 12, 6.92%, 0, 0, 3, 25.32
1747774888, 0, 1, 396, 395, 12, 7.40%, 0, 0, 3, 23.93
1747774894, 0, 1, 397, 396, 12, 7.40%, 0, 0, 3, 24.04
1747774899, 0, 1, 399, 398, 12, 7.40%, 0, 0, 3, 25.26
1747774904, 0, 1, 401, 400, 12, 7.42%, 0, 0, 3, 24.72
1747774909, 0, 1, 402, 401, 12, 7.42%, 0, 0, 3, 25.82
1747774914, 0, 1, 403, 402, 12, 7.42%, 0, 0, 3, 24.88
1747774919, 0, 2, 404, 402, 10, 7.42%, 0, 0, 3, 22.63
1747774924, 0, 2, 407, 405, 10, 7.44%, 0, 0, 3, 11.00
1747774929, 0, 2, 409, 407, 10, 7.45%, 0, 0, 3, 7.59
1747774934, 0, 2, 411, 409, 10, 7.45%, 0, 0, 3, 6.56
1747774939, 0, 2, 414, 412, 10, 7.45%, 0, 0, 3, 7.62
1747774944, 0, 2, 417, 415, 10, 7.45%, 0, 0, 3, 6.04
1747774950, 0, 2, 419, 417, 10, 7.45%, 0, 0, 3, 5.62
1747774955, 0, 2, 421, 419, 10, 7.45%, 0, 0, 3, 6.99
1747774960, 0, 2, 424, 422, 10, 7.45%, 0, 0, 3, 7.42
1747774965, 0, 2, 427, 425, 10, 7.45%, 0, 0, 3, 5.75
1747774970, 0, 2, 430, 428, 10, 7.45%, 0, 0, 3, 7.39
1747774975, 0, 2, 432, 430, 10, 7.45%, 0, 0, 3, 6.12
1747774980, 0, 2, 434, 432, 10, 7.45%, 0, 0, 3, 7.11
1747774985, 0, 2, 437, 435, 10, 7.45%, 0, 0, 3, 5.80
1747774991, 0, 2, 439, 437, 10, 7.45%, 0, 0, 3, 7.56
1747774996, 0, 2, 442, 440, 10, 7.45%, 0, 0, 3, 8.58
1747775001, 0, 2, 444, 442, 10, 7.45%, 0, 0, 3, 6.17
1747775006, 0, 2, 445, 443, 10, 7.45%, 0, 0, 3, 7.03
1747775011, 0, 2, 448, 446, 10, 7.45%, 0, 0, 3, 5.84
1747775016, 0, 2, 450, 448, 10, 7.45%, 0, 0, 3, 6.09
1747775021, 0, 2, 452, 450, 10, 7.45%, 0, 0, 3, 5.58
1747775026, 0, 2, 454, 452, 10, 7.45%, 0, 0, 3, 5.54
1747775032, 0, 2, 457, 455, 10, 7.45%, 0, 0, 3, 8.41
1747775037, 0, 2, 460, 458, 10, 7.45%, 0, 0, 3, 6.39
1747775042, 0, 2, 462, 460, 10, 7.45%, 0, 0, 3, 5.27
1747775047, 0, 2, 465, 463, 10, 7.47%, 0, 0, 3, 6.17
1747775052, 0, 2, 467, 465, 10, 7.47%, 0, 0, 3, 6.64
1747775057, 0, 2, 469, 467, 10, 7.47%, 0, 0, 3, 5.82
1747775063, 0, 2, 472, 470, 10, 7.47%, 0, 0, 3, 8.50
1747775068, 0, 2, 475, 473, 10, 7.59%, 0, 0, 3, 6.58
1747775073, 0, 2, 477, 475, 10, 7.59%, 0, 0, 3, 5.27
1747775078, 0, 2, 479, 477, 10, 7.59%, 0, 0, 3, 5.34
1747775083, 0, 2, 481, 479, 10, 7.59%, 0, 0, 3, 4.65
1747775088, 0, 2, 483, 481, 10, 7.59%, 0, 0, 3, 4.26
1747775094, 0, 2, 484, 482, 10, 7.59%, 0, 0, 3, 4.01
1747775099, 0, 2, 487, 485, 10, 7.60%, 0, 0, 3, 5.15
1747775104, 0, 2, 489, 487, 10, 7.60%, 0, 0, 3, 5.69
1747775109, 0, 2, 492, 490, 10, 7.60%, 0, 0, 3, 6.12
1747775114, 0, 2, 494, 492, 10, 7.60%, 0, 0, 3, 5.47
1747775119, 0, 2, 496, 494, 10, 7.60%, 0, 0, 3, 6.15
1747775125, 0, 2, 498, 496, 10, 7.60%, 0, 0, 3, 6.34
1747775130, 0, 2, 501, 499, 10, 7.60%, 0, 0, 3, 5.50
1747775135, 0, 2, 503, 501, 10, 7.60%, 0, 0, 3, 5.89
1747775140, 0, 2, 505, 503, 10, 7.60%, 0, 0, 3, 5.38
1747775145, 0, 2, 507, 505, 10, 7.60%, 0, 0, 3, 4.77
1747775150, 0, 2, 508, 506, 10, 7.60%, 0, 0, 3, 5.15
1747775155, 0, 2, 510, 508, 10, 7.61%, 0, 0, 3, 6.38
1747775160, 0, 2, 512, 510, 10, 7.61%, 0, 0, 3, 5.43
1747775165, 0, 2, 514, 512, 10, 7.61%, 0, 0, 3, 6.93
1747775171, 0, 2, 517, 515, 10, 7.61%, 0, 0, 3, 7.92
1747775176, 0, 2, 519, 517, 10, 7.61%, 0, 0, 3, 5.93
1747775181, 0, 2, 523, 521, 10, 7.61%, 0, 0, 3, 8.60
1747775186, 0, 2, 524, 522, 10, 7.61%, 0, 0, 3, 5.96
1747775191, 0, 2, 527, 525, 10, 7.61%, 0, 0, 3, 5.10
1747775196, 0, 2, 529, 527, 10, 7.61%, 0, 0, 3, 6.18
1747775202, 0, 2, 531, 529, 10, 7.61%, 0, 0, 3, 5.24
1747775207, 0, 2, 533, 531, 10, 7.61%, 0, 0, 3, 5.86
1747775212, 0, 2, 535, 533, 10, 7.61%, 0, 0, 3, 6.80
1747775217, 0, 2, 537, 535, 10, 7.61%, 0, 0, 3, 6.87
1747775222, 0, 2, 538, 536, 10, 7.61%, 0, 0, 3, 7.46
1747775227, 0, 2, 540, 538, 10, 7.61%, 0, 0, 3, 5.06
1747775232, 0, 2, 543, 541, 10, 7.61%, 0, 0, 3, 6.87
1747775238, 0, 2, 544, 542, 10, 7.61%, 0, 0, 3, 4.92
1747775243, 0, 2, 547, 545, 10, 7.61%, 0, 0, 3, 6.29
1747775248, 0, 2, 549, 547, 10, 7.61%, 0, 0, 3, 6.57
1747775253, 0, 2, 551, 549, 10, 7.61%, 0, 0, 3, 5.45
1747775258, 0, 2, 553, 551, 10, 7.61%, 0, 0, 3, 5.82
1747775263, 0, 2, 555, 553, 10, 7.61%, 0, 0, 3, 4.82
1747775268, 0, 2, 557, 555, 10, 7.61%, 0, 0, 3, 4.74
1747775274, 0, 2, 559, 557, 10, 7.61%, 0, 0, 3, 6.42
1747775284, 0, 2, 560, 558, 10, 7.61%, 0, 0, 3, 8.62
1747775289, 0, 2, 562, 560, 10, 7.61%, 0, 0, 3, 5.30
1747775294, 0, 2, 563, 561, 10, 7.61%, 0, 0, 3, 6.73
1747775299, 0, 2, 565, 563, 10, 7.61%, 0, 0, 3, 7.28
1747775304, 0, 2, 566, 564, 10, 7.61%, 0, 0, 3, 5.25
1747775310, 0, 2, 567, 565, 10, 7.61%, 0, 0, 3, 6.50
1747775315, 0, 2, 569, 567, 10, 7.61%, 0, 0, 3, 5.36
1747775320, 0, 2, 571, 569, 10, 7.61%, 0, 0, 3, 4.89
1747775325, 0, 2, 573, 571, 10, 7.61%, 0, 0, 3, 6.61
1747775330, 0, 2, 574, 572, 10, 7.61%, 0, 0, 3, 5.52
1747775335, 0, 2, 576, 574, 10, 7.61%, 0, 0, 3, 5.88
1747775341, 0, 2, 577, 575, 10, 7.61%, 0, 0, 3, 4.65
1747775346, 0, 2, 578, 576, 10, 7.61%, 0, 0, 3, 6.06
1747775351, 0, 2, 579, 577, 10, 7.61%, 0, 0, 3, 7.82
1747775356, 0, 2, 580, 578, 10, 7.61%, 0, 0, 3, 7.31
1747775361, 0, 2, 581, 579, 10, 7.61%, 0, 0, 3, 7.98
1747775366, 0, 2, 583, 581, 10, 7.61%, 0, 0, 3, 5.51
1747775371, 0, 2, 584, 582, 10, 7.61%, 0, 0, 3, 6.04
1747775376, 0, 2, 585, 583, 10, 7.61%, 0, 0, 3, 7.36
1747775381, 0, 2, 587, 585, 10, 7.61%, 0, 0, 3, 5.47
1747775386, 0, 2, 589, 587, 10, 7.61%, 0, 0, 3, 8.45
1747775392, 0, 2, 590, 588, 10, 7.61%, 0, 0, 3, 7.26
1747775397, 0, 2, 592, 590, 10, 7.64%, 0, 0, 3, 4.97
1747775402, 0, 2, 595, 593, 10, 7.64%, 0, 0, 3, 5.63
1747775407, 0, 2, 597, 595, 10, 7.64%, 0, 0, 3, 6.17
1747775412, 0, 2, 598, 596, 10, 7.64%, 0, 0, 3, 8.02
1747775417, 0, 2, 601, 599, 10, 7.64%, 0, 0, 3, 5.70
1747775428, 0, 2, 603, 601, 10, 7.64%, 0, 0, 3, 7.94
1747775433, 0, 2, 605, 603, 10, 7.64%, 0, 0, 3, 7.46
1747775438, 0, 2, 607, 605, 10, 7.64%, 0, 0, 3, 7.31
1747775443, 0, 3, 609, 607, 18, 7.64%, 0, 0, 3, 6.74
1747775448, 0, 3, 611, 609, 18, 7.64%, 0, 0, 3, 7.13
1747775453, 0, 3, 613, 611, 18, 7.64%, 0, 0, 3, 10.21
1747775458, 0, 3, 615, 613, 18, 7.64%, 0, 0, 3, 7.09
1747775463, 0, 3, 617, 615, 18, 7.64%, 0, 0, 3, 7.18
1747775469, 0, 3, 619, 617, 18, 7.64%, 0, 0, 3, 9.94
1747775474, 0, 3, 621, 619, 18, 7.64%, 0, 0, 3, 7.53
1747775479, 0, 3, 622, 620, 18, 7.64%, 0, 0, 3, 8.51
1747775484, 0, 3, 625, 623, 18, 7.64%, 0, 0, 3, 6.28
1747775489, 0, 3, 626, 624, 18, 7.64%, 0, 0, 3, 5.21
1747775495, 0, 3, 629, 627, 18, 7.64%, 0, 0, 3, 7.14
1747775500, 0, 3, 630, 628, 18, 7.64%, 0, 0, 3, 8.18
1747775505, 0, 3, 632, 630, 18, 7.64%, 0, 0, 3, 6.61
1747775510, 0, 3, 633, 631, 18, 7.64%, 0, 0, 3, 7.03
1747775515, 0, 3, 635, 633, 18, 7.64%, 0, 0, 3, 7.43
1747775520, 0, 3, 637, 635, 18, 7.64%, 0, 0, 3, 6.16
1747775525, 0, 3, 639, 637, 18, 7.64%, 0, 0, 3, 6.18
1747775530, 0, 3, 641, 639, 18, 7.64%, 0, 0, 3, 7.22
1747775535, 0, 3, 642, 640, 18, 7.64%, 0, 0, 3, 7.17
1747775541, 0, 3, 645, 643, 18, 7.64%, 0, 0, 3, 7.11
1747775546, 0, 3, 648, 646, 18, 7.64%, 0, 0, 3, 7.48
1747775551, 0, 3, 650, 648, 18, 7.64%, 0, 0, 3, 6.46
1747775556, 0, 3, 651, 649, 18, 7.64%, 0, 0, 3, 9.45
1747775561, 0, 3, 653, 651, 18, 7.64%, 0, 0, 3, 8.55
1747775566, 0, 3, 654, 652, 18, 7.64%, 0, 0, 3, 6.62
1747775571, 0, 3, 656, 654, 18, 7.64%, 0, 0, 3, 6.42
1747775577, 0, 3, 658, 656, 18, 7.64%, 0, 0, 3, 8.42
1747775582, 0, 3, 660, 658, 18, 7.64%, 0, 0, 3, 9.21
1747775587, 0, 3, 661, 659, 18, 7.64%, 0, 0, 3, 8.24
1747775592, 0, 3, 663, 661, 18, 7.64%, 0, 0, 3, 5.94
1747775597, 0, 3, 665, 663, 18, 7.64%, 0, 0, 3, 7.05
1747775602, 0, 3, 667, 665, 18, 7.64%, 0, 0, 3, 7.61
1747775607, 0, 3, 669, 667, 18, 7.64%, 0, 0, 3, 10.59
1747775613, 0, 3, 671, 669, 18, 7.64%, 0, 0, 3, 8.03
1747775618, 0, 3, 673, 671, 18, 7.64%, 0, 0, 3, 6.92
1747775623, 0, 3, 675, 673, 18, 7.64%, 0, 0, 3, 5.78
1747775628, 0, 3, 677, 675, 18, 7.64%, 0, 0, 3, 8.03
1747775633, 0, 3, 679, 677, 18, 7.64%, 0, 0, 3, 7.79
1747775638, 0, 3, 681, 679, 18, 7.64%, 0, 0, 3, 6.99
1747775643, 0, 3, 682, 680, 18, 7.64%, 0, 0, 3, 8.04
1747775649, 0, 3, 684, 682, 18, 7.64%, 0, 0, 3, 7.45
1747775654, 0, 3, 686, 684, 18, 7.64%, 0, 0, 3, 10.76
1747775659, 0, 3, 687, 685, 18, 7.64%, 0, 0, 3, 9.10
1747775664, 0, 3, 689, 687, 18, 7.64%, 0, 0, 3, 7.90
1747775669, 0, 3, 691, 689, 18, 7.64%, 0, 0, 3, 8.09
1747775674, 0, 3, 693, 691, 18, 7.64%, 0, 0, 3, 8.08
1747775679, 0, 3, 695, 693, 18, 7.64%, 0, 0, 3, 8.50
1747775685, 0, 3, 697, 695, 18, 7.66%, 0, 0, 3, 6.67
1747775690, 0, 3, 699, 697, 18, 7.66%, 0, 0, 3, 6.70
1747775695, 0, 3, 702, 700, 18, 7.66%, 0, 0, 3, 7.75
1747775700, 0, 3, 703, 701, 18, 7.66%, 0, 0, 3, 7.43
1747775705, 0, 3, 706, 704, 18, 7.66%, 0, 0, 3, 7.45
1747775710, 0, 3, 709, 707, 18, 7.66%, 0, 0, 3, 7.16
1747775715, 0, 3, 712, 710, 18, 7.66%, 0, 0, 3, 7.14
1747775721, 0, 3, 714, 712, 18, 7.66%, 0, 0, 3, 7.12
1747775726, 0, 3, 717, 715, 18, 7.66%, 0, 0, 3, 6.48
1747775731, 0, 3, 719, 717, 18, 7.66%, 0, 0, 3, 7.70
1747775736, 0, 3, 722, 720, 18, 7.66%, 0, 0, 3, 9.90
1747775741, 0, 3, 724, 722, 18, 7.66%, 0, 0, 3, 8.33
1747775746, 0, 3, 727, 725, 18, 7.66%, 0, 0, 3, 6.46
1747775751, 0, 3, 729, 727, 18, 7.66%, 0, 0, 3, 7.55
1747775756, 0, 3, 730, 728, 18, 7.66%, 0, 0, 3, 7.85
1747775761, 0, 3, 733, 731, 18, 7.66%, 0, 0, 3, 5.98
1747775766, 0, 3, 734, 732, 18, 7.66%, 0, 0, 3, 7.11
1747775772, 0, 3, 736, 734, 18, 7.66%, 0, 0, 3, 8.47
1747775777, 0, 3, 738, 736, 18, 7.66%, 0, 0, 3, 9.23
1747775782, 0, 3, 740, 738, 18, 7.66%, 0, 0, 3, 7.58
1747775787, 0, 3, 742, 740, 18, 7.66%, 0, 0, 3, 6.53
1747775792, 0, 3, 744, 742, 18, 7.66%, 0, 0, 3, 8.35
1747775797, 0, 3, 746, 744, 18, 7.66%, 0, 0, 3, 8.31
1747775802, 0, 3, 748, 746, 18, 7.66%, 0, 0, 3, 6.91
1747775807, 0, 3, 750, 748, 18, 7.66%, 0, 0, 3, 7.81
1747775813, 0, 4, 752, 750, 17, 7.66%, 0, 0, 3, 7.87
1747775818, 0, 4, 753, 751, 17, 7.66%, 0, 0, 3, 7.89
1747775823, 0, 4, 754, 752, 17, 7.66%, 0, 0, 3, 8.87
1747775828, 0, 4, 755, 753, 17, 7.66%, 0, 0, 3, 8.97
1747775833, 0, 4, 756, 754, 17, 7.66%, 0, 0, 3, 8.92
1747775838, 0, 4, 757, 755, 17, 7.66%, 0, 0, 3, 7.70
1747775843, 0, 4, 759, 757, 17, 7.66%, 0, 0, 3, 9.35
1747775848, 0, 4, 761, 759, 17, 7.66%, 0, 0, 3, 7.91
1747775854, 0, 4, 762, 760, 17, 7.66%, 0, 0, 3, 7.22
1747775859, 0, 4, 764, 762, 17, 7.66%, 0, 0, 3, 8.28
1747775864, 0, 4, 766, 764, 17, 7.66%, 0, 0, 3, 8.14
1747775869, 0, 4, 768, 766, 17, 7.67%, 0, 0, 3, 7.63
1747775874, 0, 4, 769, 767, 17, 7.67%, 0, 0, 3, 9.40
1747775879, 0, 4, 770, 768, 17, 8.23%, 0, 0, 3, 7.06
1747775884, 0, 4, 772, 770, 17, 8.26%, 0, 0, 3, 5.64
1747775890, 0, 4, 774, 772, 17, 8.26%, 0, 0, 3, 6.18
1747775895, 0, 4, 776, 774, 17, 8.26%, 0, 0, 3, 6.74
1747775900, 0, 4, 777, 775, 17, 8.27%, 0, 0, 3, 8.32
1747775905, 0, 4, 778, 776, 17, 8.27%, 0, 0, 3, 7.60
1747775911, 0, 4, 780, 778, 17, 8.28%, 0, 0, 3, 7.97
1747775916, 0, 4, 781, 779, 17, 8.28%, 0, 0, 3, 6.25
1747775921, 0, 4, 783, 781, 17, 8.28%, 0, 0, 3, 4.99
1747775931, 0, 4, 785, 783, 17, 8.28%, 0, 0, 3, 7.64
1747775936, 0, 4, 786, 784, 17, 8.28%, 0, 0, 3, 5.58
1747775942, 0, 4, 787, 785, 17, 8.28%, 0, 0, 3, 6.21
1747775947, 0, 4, 789, 787, 17, 8.28%, 0, 0, 3, 5.58
1747775952, 0, 4, 790, 788, 17, 8.28%, 0, 0, 3, 4.78
1747775957, 0, 4, 791, 789, 17, 8.28%, 0, 0, 3, 4.61
1747775962, 0, 4, 793, 791, 17, 8.28%, 0, 0, 3, 5.39
1747775968, 0, 4, 794, 792, 17, 8.28%, 0, 0, 3, 4.48
1747775973, 0, 4, 795, 793, 17, 8.28%, 0, 0, 3, 6.68
1747775978, 0, 4, 796, 794, 17, 8.28%, 0, 0, 3, 5.85
1747775983, 0, 4, 797, 795, 17, 9.12%, 0, 0, 3, 4.03
1747775988, 0, 4, 798, 796, 17, 9.12%, 0, 0, 3, 7.71
1747775994, 0, 4, 799, 797, 17, 9.13%, 0, 0, 3, 5.61
1747775999, 0, 4, 800, 798, 17, 9.13%, 0, 0, 3, 4.13
1747776004, 0, 4, 802, 800, 17, 9.13%, 0, 0, 3, 4.34
1747776009, 0, 4, 804, 802, 17, 9.13%, 0, 0, 3, 4.45
1747776014, 0, 4, 806, 804, 17, 9.38%, 0, 0, 3, 5.22
1747776019, 0, 4, 807, 805, 17, 9.39%, 0, 0, 3, 4.55
1747776025, 0, 4, 808, 806, 17, 9.39%, 0, 0, 3, 5.54
1747776030, 0, 4, 809, 807, 17, 9.39%, 0, 0, 3, 5.23
1747776035, 0, 4, 810, 808, 17, 9.39%, 0, 0, 3, 6.70
1747776041, 0, 4, 812, 810, 17, 9.39%, 0, 0, 3, 6.05
1747776046, 0, 4, 813, 811, 17, 9.39%, 0, 0, 3, 5.17
1747776051, 0, 4, 814, 812, 17, 9.39%, 0, 0, 3, 3.99
1747776056, 0, 4, 816, 814, 17, 9.39%, 0, 0, 3, 10.61
1747776062, 0, 4, 818, 816, 17, 9.39%, 0, 0, 3, 7.02
1747776067, 0, 4, 819, 817, 17, 9.39%, 0, 0, 3, 4.97
1747776072, 0, 4, 820, 818, 17, 9.57%, 0, 0, 3, 4.25
1747776077, 0, 4, 822, 820, 17, 9.59%, 0, 0, 3, 4.31
1747776082, 0, 4, 823, 821, 17, 9.59%, 0, 0, 3, 4.69
1747776087, 0, 4, 824, 822, 17, 9.59%, 0, 0, 3, 4.41
1747776093, 0, 4, 826, 824, 17, 9.59%, 0, 0, 3, 6.43
1747776098, 0, 4, 827, 825, 17, 9.59%, 0, 0, 3, 4.67
1747776103, 0, 4, 829, 827, 17, 9.59%, 0, 0, 3, 8.12
1747776108, 0, 4, 830, 828, 17, 9.59%, 0, 0, 3, 5.30
1747776113, 0, 4, 831, 829, 17, 9.59%, 0, 0, 3, 5.61
1747776119, 0, 4, 833, 831, 17, 9.59%, 0, 0, 3, 4.96
1747776124, 0, 4, 834, 832, 17, 9.60%, 0, 0, 3, 3.95
1747776129, 0, 4, 835, 833, 17, 9.60%, 0, 0, 3, 6.74
1747776134, 0, 4, 837, 835, 17, 9.60%, 0, 0, 3, 5.89
1747776139, 0, 4, 838, 836, 17, 9.60%, 0, 0, 3, 4.73
1747776145, 0, 4, 839, 837, 17, 9.60%, 0, 0, 3, 5.10
1747776150, 0, 4, 841, 839, 17, 9.60%, 0, 0, 3, 5.72
1747776155, 0, 4, 842, 840, 17, 9.60%, 0, 0, 3, 5.09
1747776160, 0, 4, 844, 842, 17, 9.60%, 0, 0, 3, 5.88
1747776165, 0, 4, 845, 843, 17, 9.60%, 0, 0, 3, 4.63
1747776170, 0, 4, 846, 844, 17, 9.60%, 0, 0, 3, 3.17
1747776175, 0, 4, 847, 845, 17, 9.60%, 0, 0, 3, 2.81
1747776180, 0, 4, 848, 846, 17, 9.60%, 0, 0, 3, 11.21
1747776186, 0, 4, 850, 848, 17, 9.60%, 0, 0, 3, 6.87
1747776191, 0, 4, 851, 849, 17, 9.60%, 0, 0, 3, 5.34
1747776196, 0, 4, 852, 850, 17, 9.60%, 0, 0, 3, 3.89
1747776201, 0, 4, 853, 851, 17, 9.60%, 0, 0, 3, 6.47
1747776206, 0, 4, 855, 853, 17, 9.60%, 0, 0, 3, 5.96
1747776212, 0, 4, 856, 854, 17, 9.60%, 0, 0, 3, 5.35
1747776217, 0, 4, 858, 856, 17, 9.60%, 0, 0, 3, 5.79
1747776222, 0, 4, 860, 858, 17, 9.60%, 0, 0, 3, 5.84
1747776227, 0, 4, 861, 859, 17, 9.60%, 0, 0, 3, 7.58
1747776232, 0, 4, 862, 860, 17, 9.60%, 0, 0, 3, 5.67
1747776237, 0, 4, 864, 862, 17, 9.60%, 0, 0, 3, 4.89
1747776248, 0, 4, 865, 863, 17, 9.60%, 0, 0, 3, 2.15
1747776253, 0, 4, 867, 865, 17, 9.60%, 0, 0, 3, 6.75
1747776258, 0, 4, 868, 866, 17, 9.60%, 0, 0, 3, 8.78
1747776263, 0, 4, 870, 868, 17, 9.60%, 0, 0, 3, 6.39
1747776269, 0, 4, 871, 869, 17, 9.60%, 0, 0, 3, 6.30
1747776279, 0, 4, 873, 871, 17, 9.63%, 0, 0, 3, 5.23
1747776284, 0, 4, 874, 872, 17, 9.63%, 0, 0, 3, 3.72
1747776289, 0, 4, 876, 874, 17, 9.63%, 0, 0, 3, 3.17
1747776300, 0, 4, 877, 875, 17, 9.63%, 0, 0, 3, 4.27
1747776305, 0, 5, 878, 876, 26, 9.63%, 0, 0, 3, 3.90
1747776311, 0, 5, 879, 877, 26, 9.63%, 0, 0, 3, 13.11
1747776316, 0, 5, 881, 879, 26, 9.63%, 0, 0, 3, 7.06
1747776321, 0, 5, 882, 880, 26, 9.63%, 0, 0, 3, 4.74
1747776332, 0, 5, 883, 881, 26, 9.63%, 0, 0, 3, 5.87
1747776337, 0, 5, 885, 883, 26, 9.63%, 0, 0, 3, 5.54
1747776347, 0, 5, 886, 884, 26, 9.63%, 0, 0, 3, 7.22
1747776358, 0, 5, 887, 885, 26, 9.63%, 0, 0, 3, 5.78
1747776363, 0, 5, 888, 886, 26, 9.63%, 0, 0, 3, 6.63
1747776368, 0, 5, 891, 889, 26, 9.63%, 0, 0, 3, 6.53
1747776383, 0, 5, 893, 891, 26, 9.63%, 0, 0, 3, 7.25
1747776389, 0, 5, 894, 892, 26, 9.63%, 0, 0, 3, 6.89
1747776394, 0, 5, 895, 893, 26, 9.63%, 0, 0, 3, 4.59
1747776399, 0, 5, 896, 894, 26, 9.63%, 0, 0, 3, 5.91
1747776404, 0, 5, 898, 896, 26, 9.63%, 0, 0, 3, 5.60
1747776409, 0, 5, 900, 898, 26, 9.63%, 0, 0, 3, 6.05
1747776415, 0, 5, 901, 899, 26, 9.63%, 0, 0, 3, 5.33
1747776420, 0, 5, 902, 900, 26, 9.63%, 0, 0, 3, 6.15
1747776425, 0, 5, 904, 902, 26, 9.63%, 0, 0, 3, 5.09
1747776435, 0, 5, 906, 904, 26, 9.63%, 0, 0, 3, 4.89
1747776440, 0, 5, 908, 906, 26, 9.63%, 0, 0, 3, 4.84
1747776451, 0, 5, 910, 908, 26, 9.63%, 0, 0, 3, 5.58
1747776456, 0, 5, 911, 909, 26, 9.63%, 0, 0, 3, 6.61
1747776461, 0, 5, 912, 910, 26, 9.63%, 0, 0, 3, 6.56
1747776467, 0, 5, 913, 911, 26, 9.63%, 0, 0, 3, 7.28
1747776472, 0, 5, 914, 912, 26, 9.63%, 0, 0, 3, 5.44
1747776478, 0, 5, 915, 913, 26, 9.63%, 0, 0, 3, 5.30
1747776483, 0, 5, 916, 914, 26, 9.63%, 0, 0, 3, 4.55
1747776488, 0, 5, 917, 915, 26, 9.63%, 0, 0, 3, 3.66
1747776493, 0, 5, 918, 916, 26, 9.63%, 0, 0, 3, 3.55
1747776498, 0, 5, 919, 917, 26, 9.63%, 0, 0, 3, 3.39
1747776504, 0, 5, 920, 918, 26, 9.63%, 0, 0, 3, 6.94
1747776514, 0, 5, 921, 919, 26, 9.63%, 0, 0, 3, 9.14
1747776519, 0, 5, 922, 920, 26, 9.63%, 0, 0, 3, 7.18
1747776524, 0, 5, 923, 921, 26, 9.63%, 0, 0, 3, 6.85
1747776529, 0, 5, 924, 922, 26, 9.63%, 0, 0, 3, 5.57
1747776534, 0, 5, 925, 923, 26, 9.63%, 0, 0, 3, 5.28
1747776539, 0, 5, 926, 924, 26, 9.63%, 0, 0, 3, 4.19
1747776544, 0, 5, 927, 925, 26, 9.64%, 0, 0, 3, 3.23
1747776550, 0, 5, 929, 927, 26, 9.64%, 0, 0, 3, 4.66
1747776560, 0, 5, 931, 929, 26, 9.64%, 0, 0, 3, 3.01
1747776565, 0, 5, 933, 931, 26, 9.64%, 0, 0, 3, 4.19
1747776570, 0, 5, 934, 932, 26, 9.64%, 0, 0, 3, 4.36
1747776575, 0, 5, 935, 933, 26, 9.64%, 0, 0, 3, 4.67
1747776580, 0, 5, 936, 934, 26, 9.64%, 0, 0, 3, 4.66
1747776591, 0, 5, 938, 936, 26, 9.64%, 0, 0, 3, 6.56
1747776596, 0, 5, 939, 937, 26, 9.64%, 0, 0, 3, 6.16
1747776607, 0, 5, 940, 938, 26, 9.64%, 0, 0, 3, 3.84
1747776612, 0, 5, 941, 939, 26, 9.64%, 0, 0, 3, 6.73
1747776617, 0, 5, 942, 940, 26, 9.64%, 0, 0, 3, 6.06
1747776627, 0, 5, 943, 941, 26, 9.64%, 0, 0, 3, 6.51
1747776637, 0, 5, 944, 942, 26, 9.64%, 0, 0, 3, 8.06
1747776643, 0, 5, 945, 943, 26, 9.64%, 0, 0, 3, 5.07
1747776648, 0, 5, 946, 944, 26, 9.64%, 0, 0, 3, 6.95
1747776653, 0, 5, 947, 945, 26, 9.64%, 0, 0, 3, 7.15
1747776664, 0, 5, 948, 946, 26, 9.64%, 0, 0, 3, 6.49
1747776669, 0, 5, 949, 947, 26, 9.64%, 0, 0, 3, 8.61
1747776674, 0, 5, 950, 948, 26, 9.64%, 0, 0, 3, 6.17
1747776679, 0, 5, 951, 949, 26, 9.64%, 0, 0, 3, 6.96
1747776685, 0, 5, 952, 950, 26, 9.64%, 0, 0, 3, 7.99
1747776690, 0, 5, 953, 951, 26, 9.64%, 0, 0, 3, 6.48
1747776700, 0, 5, 954, 952, 26, 9.64%, 0, 0, 3, 6.18
1747776705, 0, 5, 956, 954, 26, 9.64%, 0, 0, 3, 4.66
1747776711, 0, 5, 957, 955, 26, 9.67%, 0, 0, 3, 1.61
1747776721, 0, 5, 958, 956, 26, 9.67%, 0, 0, 3, 8.79
1747776726, 0, 6, 958, 956, 25, 9.67%, 0, 0, 3, 10.14
1747776732, 0, 6, 959, 957, 25, 9.67%, 0, 0, 3, 7.03
1747776737, 0, 6, 960, 958, 25, 9.67%, 0, 0, 3, 5.92
1747776742, 0, 6, 961, 959, 25, 9.67%, 0, 0, 3, 7.82
1747776748, 0, 6, 962, 960, 25, 9.67%, 0, 0, 3, 6.47
1747776758, 0, 6, 965, 963, 25, 9.67%, 0, 0, 3, 5.58
1747776768, 0, 6, 966, 964, 25, 9.67%, 0, 0, 3, 7.60
1747776773, 0, 6, 967, 965, 25, 9.67%, 0, 0, 3, 6.34
1747776779, 0, 6, 968, 966, 25, 9.67%, 0, 0, 3, 6.63
1747776784, 0, 6, 969, 967, 25, 9.67%, 0, 0, 3, 6.91
1747776789, 0, 6, 970, 968, 25, 9.67%, 0, 0, 3, 6.42
1747776800, 0, 6, 971, 969, 25, 9.67%, 0, 0, 3, 6.47
1747776815, 0, 6, 972, 970, 25, 9.67%, 0, 0, 3, 6.55
1747776821, 0, 6, 973, 971, 25, 9.67%, 0, 0, 3, 5.35
1747776842, 0, 6, 974, 972, 25, 9.67%, 0, 0, 3, 5.80
1747776852, 0, 6, 976, 974, 25, 9.67%, 0, 0, 3, 7.00
1747776857, 0, 6, 977, 975, 25, 9.67%, 0, 0, 3, 7.25
1747776862, 0, 6, 978, 976, 25, 9.67%, 0, 0, 3, 6.74
1747776867, 0, 6, 979, 977, 25, 9.67%, 0, 0, 3, 5.65
1747776883, 0, 6, 981, 979, 25, 9.67%, 0, 0, 3, 3.91
1747776888, 0, 6, 982, 980, 25, 9.67%, 0, 0, 3, 3.14
1747776893, 0, 6, 983, 981, 25, 9.67%, 0, 0, 3, 2.94
1747776904, 0, 6, 984, 982, 25, 9.67%, 0, 0, 3, 3.30
1747776909, 0, 6, 985, 983, 25, 9.67%, 0, 0, 3, 4.41
1747776919, 0, 6, 986, 984, 25, 9.67%, 0, 0, 3, 7.24
1747776925, 0, 6, 987, 985, 25, 9.67%, 0, 0, 3, 6.92
1747776935, 0, 6, 988, 986, 25, 9.67%, 0, 0, 3, 5.31
1747776940, 0, 6, 990, 988, 25, 9.67%, 0, 0, 3, 4.69
1747776951, 0, 6, 991, 989, 25, 9.67%, 0, 0, 3, 6.65
1747776961, 0, 6, 992, 990, 25, 9.67%, 0, 0, 3, 5.30
1747776966, 0, 6, 993, 991, 25, 9.67%, 0, 0, 3, 4.12
1747776977, 0, 6, 994, 992, 25, 9.67%, 0, 0, 3, 7.91
1747776987, 0, 6, 995, 993, 25, 9.67%, 0, 0, 3, 6.96
1747776992, 0, 6, 997, 995, 25, 9.67%, 0, 0, 3, 6.89
1747777023, 0, 6, 998, 996, 25, 9.67%, 0, 0, 3, 6.69
1747777033, 0, 6, 999, 997, 25, 9.67%, 0, 0, 3, 9.70
1747777039, 0, 6, 1000, 998, 25, 9.67%, 0, 0, 3, 5.71
1747777044, 0, 6, 1001, 999, 25, 9.67%, 0, 0, 3, 5.43
1747777049, 0, 6, 1003, 1001, 25, 9.67%, 0, 0, 3, 5.16
1747777065, 0, 7, 1005, 1003, 24, 9.67%, 0, 0, 3, 7.66
1747777070, 0, 7, 1006, 1004, 24, 9.67%, 0, 0, 3, 9.28
1747777075, 0, 7, 1007, 1005, 24, 9.67%, 0, 0, 3, 2.13
1747777091, 0, 7, 1008, 1006, 24, 9.67%, 0, 0, 3, 1.73
1747777102, 0, 7, 1009, 1007, 24, 9.67%, 0, 0, 3, 3.05
1747777112, 0, 7, 1010, 1008, 24, 9.67%, 0, 0, 3, 1.77
1747777118, 0, 7, 1011, 1009, 24, 9.67%, 0, 0, 3, 3.37
1747777123, 0, 7, 1012, 1010, 24, 9.67%, 0, 0, 3, 2.78
1747777133, 0, 7, 1013, 1011, 24, 9.67%, 0, 0, 3, 1.75
1747777139, 0, 7, 1014, 1012, 24, 9.67%, 0, 0, 3, 1.82
1747777154, 0, 7, 1015, 1013, 24, 9.67%, 0, 0, 3, 1.74
1747777159, 0, 7, 1016, 1014, 24, 9.67%, 0, 0, 3, 7.32
1747777164, 0, 7, 1017, 1015, 24, 9.68%, 0, 0, 3, 1.53
1747777175, 0, 7, 1018, 1016, 24, 9.68%, 0, 0, 3, 1.74
1747777185, 0, 7, 1019, 1017, 24, 9.68%, 0, 0, 3, 3.84
1747777191, 0, 7, 1020, 1018, 24, 9.69%, 0, 0, 3, 2.86
1747777201, 0, 7, 1022, 1020, 24, 9.69%, 0, 0, 3, 8.73
1747777207, 0, 7, 1023, 1021, 24, 9.69%, 0, 0, 3, 8.61
1747777217, 0, 7, 1024, 1022, 24, 9.69%, 0, 0, 3, 4.77
1747777223, 0, 7, 1025, 1023, 24, 9.69%, 0, 0, 3, 6.47
1747777233, 0, 7, 1026, 1024, 24, 9.69%, 0, 0, 3, 7.68
1747777244, 0, 7, 1027, 1025, 24, 9.69%, 0, 0, 3, 1.72
1747777249, 0, 7, 1029, 1027, 24, 9.69%, 0, 0, 3, 1.80
1747777265, 0, 7, 1030, 1028, 24, 9.70%, 0, 0, 3, 1.50
1747777270, 0, 7, 1031, 1029, 24, 9.70%, 0, 0, 3, 6.70
1747777275, 0, 7, 1032, 1030, 24, 9.71%, 0, 0, 3, 5.38
1747777285, 0, 7, 1033, 1031, 24, 9.72%, 0, 0, 3, 10.93
1747777296, 0, 7, 1034, 1032, 24, 9.72%, 0, 0, 3, 1.72
1747777306, 0, 7, 1035, 1033, 24, 9.72%, 0, 0, 3, 7.51
1747777311, 0, 7, 1036, 1034, 24, 9.72%, 0, 0, 3, 6.00
1747777317, 0, 7, 1037, 1035, 24, 9.72%, 0, 0, 3, 5.66
1747777327, 0, 7, 1038, 1036, 24, 9.72%, 0, 0, 3, 3.97
1747777332, 0, 7, 1039, 1037, 24, 9.72%, 0, 0, 3, 13.06
1747777337, 0, 7, 1040, 1038, 24, 9.72%, 0, 0, 3, 1.68
1747777348, 0, 7, 1041, 1039, 24, 9.72%, 0, 0, 3, 1.69
1747777353, 0, 7, 1042, 1040, 24, 9.72%, 0, 0, 3, 2.27
1747777368, 0, 7, 1043, 1041, 24, 9.72%, 0, 0, 3, 7.24
1747777373, 0, 7, 1044, 1042, 24, 9.72%, 0, 0, 3, 5.75
1747777379, 0, 7, 1045, 1043, 24, 9.72%, 0, 0, 3, 3.98
1747777384, 0, 7, 1046, 1044, 24, 9.72%, 0, 0, 3, 5.50
1747777394, 0, 7, 1047, 1045, 24, 9.72%, 0, 0, 3, 17.70
1747777399, 0, 7, 1048, 1046, 24, 9.72%, 0, 0, 3, 3.10
1747777405, 0, 7, 1049, 1047, 24, 9.72%, 0, 0, 3, 11.79
1747777421, 0, 7, 1050, 1048, 24, 9.72%, 0, 0, 3, 4.38
1747777426, 0, 7, 1051, 1049, 24, 9.72%, 0, 0, 3, 5.28
1747777431, 0, 7, 1052, 1050, 24, 9.72%, 0, 0, 3, 6.39
1747777437, 0, 7, 1053, 1051, 24, 9.72%, 0, 0, 3, 4.40
1747777442, 0, 7, 1055, 1053, 24, 9.72%, 0, 0, 3, 5.28
1747777464, 0, 7, 1056, 1054, 24, 9.72%, 0, 0, 3, 5.66
1747777469, 0, 7, 1057, 1055, 24, 9.72%, 0, 0, 3, 7.19
1747777479, 0, 7, 1058, 1056, 24, 9.72%, 0, 0, 3, 7.61
1747777490, 0, 9, 1058, 1056, 27, 9.72%, 0, 0, 3, 7.51
1747777495, 0, 11, 1058, 1056, 27, 9.72%, 0, 0, 3, 9.62
1747777500, 0, 11, 1059, 1057, 27, 9.72%, 0, 0, 3, 9.54
1747777505, 0, 13, 1060, 1058, 27, 9.72%, 0, 0, 3, 1.94
1747777516, 0, 13, 1061, 1059, 27, 9.90%, 0, 0, 3, 3.63
1747777521, 0, 13, 1062, 1060, 27, 9.90%, 0, 0, 3, 2.87
1747777526, 0, 13, 1063, 1061, 27, 9.90%, 0, 0, 3, 2.99
1747777531, 0, 13, 1064, 1062, 27, 9.90%, 0, 0, 3, 5.69
1747777537, 0, 13, 1065, 1063, 27, 9.90%, 0, 0, 3, 1.47
1747777547, 0, 13, 1066, 1064, 27, 9.90%, 0, 0, 3, 1.94
1747777558, 0, 13, 1067, 1065, 27, 9.90%, 0, 0, 3, 2.08
1747777568, 0, 13, 1068, 1066, 27, 9.90%, 0, 0, 3, 4.22
1747777573, 0, 13, 1069, 1067, 27, 9.90%, 0, 0, 3, 5.55
1747777578, 0, 13, 1070, 1068, 27, 9.90%, 0, 0, 3, 8.12
1747777584, 0, 13, 1071, 1069, 27, 9.90%, 0, 0, 3, 5.62
1747777595, 0, 13, 1073, 1071, 27, 9.90%, 0, 0, 3, 5.70
1747777605, 0, 13, 1074, 1072, 27, 9.90%, 0, 0, 3, 2.07
1747777610, 0, 13, 1075, 1073, 27, 9.90%, 0, 0, 3, 2.30
1747777615, 0, 13, 1076, 1074, 27, 9.90%, 0, 0, 3, 2.54
1747777620, 0, 13, 1077, 1075, 27, 9.91%, 0, 0, 3, 3.49
1747777625, 0, 13, 1078, 1076, 27, 9.91%, 0, 0, 3, 2.53
1747777630, 0, 13, 1079, 1077, 27, 9.91%, 0, 0, 3, 2.66
1747777636, 0, 13, 1080, 1078, 27, 9.91%, 0, 0, 3, 2.84
1747777646, 0, 13, 1081, 1079, 27, 9.91%, 0, 0, 3, 2.53
1747777651, 0, 13, 1082, 1080, 27, 9.91%, 0, 0, 3, 2.49
1747777656, 0, 13, 1083, 1081, 27, 9.91%, 0, 0, 3, 3.99
1747777667, 0, 13, 1084, 1082, 27, 9.91%, 0, 0, 3, 10.48
1747777678, 0, 13, 1085, 1083, 27, 9.91%, 0, 0, 3, 9.12
1747777683, 0, 13, 1086, 1084, 27, 9.91%, 0, 0, 3, 7.42
1747777694, 0, 13, 1087, 1085, 27, 9.91%, 0, 0, 3, 7.01
1747777720, 0, 13, 1088, 1086, 27, 9.91%, 0, 0, 3, 5.45
1747777725, 0, 13, 1089, 1087, 27, 9.91%, 0, 0, 3, 4.26
1747777735, 0, 13, 1090, 1088, 27, 9.91%, 0, 0, 3, 2.67
1747777746, 0, 13, 1092, 1090, 27, 9.91%, 0, 0, 3, 1.73
1747777756, 0, 13, 1093, 1091, 27, 9.91%, 0, 0, 3, 6.95
1747777762, 0, 13, 1094, 1092, 27, 9.91%, 0, 0, 3, 6.41
1747777767, 0, 13, 1095, 1093, 27, 9.91%, 0, 0, 3, 4.50
1747777777, 0, 13, 1096, 1094, 27, 9.91%, 0, 0, 3, 3.20
1747777788, 0, 13, 1097, 1095, 27, 9.91%, 0, 0, 3, 1.96
1747777793, 0, 13, 1098, 1096, 27, 9.91%, 0, 0, 3, 1.64
1747777803, 0, 13, 1099, 1097, 27, 9.91%, 0, 0, 3, 2.03
1747777809, 0, 13, 1100, 1098, 27, 9.91%, 0, 0, 3, 12.12
1747777814, 0, 13, 1101, 1099, 27, 9.91%, 0, 0, 3, 1.97
1747777824, 0, 13, 1102, 1100, 27, 9.91%, 0, 0, 3, 10.02
1747777835, 0, 13, 1103, 1101, 27, 9.91%, 0, 0, 3, 8.26
1747777845, 0, 13, 1104, 1102, 27, 9.93%, 0, 0, 3, 6.30
1747777861, 0, 13, 1105, 1103, 27, 9.93%, 0, 0, 3, 4.34
1747777876, 0, 14, 1105, 1103, 32, 9.93%, 0, 0, 3, 11.18
1747777882, 0, 14, 1106, 1104, 32, 9.93%, 0, 0, 3, 1.31
1747777897, 0, 15, 1106, 1104, 32, 9.93%, 0, 0, 3, 12.66
1747777902, 0, 19, 1107, 1105, 32, 9.93%, 0, 0, 3, 7.42
1747777908, 0, 19, 1108, 1106, 32, 9.93%, 0, 0, 3, 7.44
1747777918, 0, 19, 1109, 1107, 32, 9.93%, 0, 0, 3, 7.01
1747777934, 0, 19, 1110, 1108, 32, 9.93%, 0, 0, 3, 6.23
1747777949, 0, 19, 1111, 1109, 32, 9.93%, 0, 0, 3, 8.24
1747777992, 0, 19, 1112, 1110, 32, 9.93%, 0, 0, 3, 8.11
1747777997, 0, 19, 1113, 1111, 32, 9.93%, 0, 0, 3, 7.36
1747778007, 0, 19, 1114, 1112, 32, 9.93%, 0, 0, 3, 5.94
1747778023, 0, 19, 1115, 1113, 32, 9.93%, 0, 0, 3, 6.27
1747778028, 0, 19, 1116, 1114, 32, 9.93%, 0, 0, 3, 6.00
1747778048, 0, 19, 1117, 1115, 32, 9.93%, 0, 0, 3, 6.47
1747778070, 0, 19, 1118, 1116, 32, 9.93%, 0, 0, 3, 2.85
1747778075, 0, 19, 1119, 1117, 32, 9.93%, 0, 0, 3, 14.22
1747778090, 0, 19, 1120, 1118, 32, 9.93%, 0, 0, 3, 7.48
1747778100, 0, 19, 1121, 1119, 32, 9.93%, 0, 0, 3, 5.48
1747778116, 0, 19, 1122, 1120, 32, 9.93%, 0, 0, 3, 6.34
1747778126, 0, 19, 1123, 1121, 32, 9.93%, 0, 0, 3, 5.84
1747778137, 0, 19, 1124, 1122, 32, 9.93%, 0, 0, 3, 7.66
1747778142, 0, 19, 1125, 1123, 32, 9.93%, 0, 0, 3, 6.79
1747778157, 0, 19, 1126, 1124, 32, 9.93%, 0, 0, 3, 5.29
1747778168, 0, 22, 1127, 1125, 34, 9.93%, 0, 0, 3, 6.50
1747778178, 0, 22, 1128, 1126, 34, 9.93%, 0, 0, 3, 6.20
1747778183, 0, 22, 1129, 1127, 34, 9.93%, 0, 0, 3, 5.76
1747778194, 0, 22, 1130, 1128, 34, 9.93%, 0, 0, 3, 6.80
1747778199, 0, 22, 1131, 1129, 34, 9.93%, 0, 0, 3, 8.32
1747778204, 0, 22, 1132, 1130, 34, 9.93%, 0, 0, 3, 5.58
1747778209, 0, 22, 1133, 1131, 34, 9.93%, 0, 0, 3, 5.53
1747778225, 0, 22, 1134, 1132, 34, 9.93%, 0, 0, 3, 6.85
1747778230, 0, 22, 1135, 1133, 34, 9.93%, 0, 0, 3, 4.62
1747778235, 0, 22, 1136, 1134, 34, 9.93%, 0, 0, 3, 5.83
1747778240, 0, 22, 1137, 1135, 34, 9.93%, 0, 0, 3, 7.04
1747778246, 0, 22, 1138, 1136, 34, 9.93%, 0, 0, 3, 5.36
1747778261, 0, 22, 1140, 1138, 34, 9.93%, 0, 0, 3, 6.61
1747778267, 0, 22, 1141, 1139, 34, 9.93%, 0, 0, 3, 5.60
1747778272, 0, 22, 1142, 1140, 34, 9.93%, 0, 0, 3, 5.49
1747778277, 0, 22, 1143, 1141, 34, 9.93%, 0, 0, 3, 4.62
1747778298, 0, 22, 1144, 1142, 34, 9.93%, 0, 0, 3, 7.04
1747778303, 0, 22, 1145, 1143, 34, 9.93%, 0, 0, 3, 6.04
1747778313, 0, 22, 1146, 1144, 34, 9.93%, 0, 0, 3, 7.32
1747778319, 0, 22, 1147, 1145, 34, 9.93%, 0, 0, 3, 7.80
1747778345, 0, 22, 1148, 1146, 34, 9.93%, 0, 0, 3, 5.93
1747778355, 0, 22, 1150, 1148, 34, 9.94%, 0, 0, 3, 6.10
1747778371, 0, 22, 1151, 1149, 34, 9.94%, 0, 0, 3, 8.58
1747778386, 0, 22, 1152, 1150, 34, 9.94%, 0, 0, 3, 6.36
1747778391, 0, 22, 1153, 1151, 34, 9.94%, 0, 0, 3, 6.34
1747778397, 0, 22, 1154, 1152, 34, 9.94%, 0, 0, 3, 5.93
1747778402, 0, 22, 1155, 1153, 34, 10.19%, 0, 0, 3, 7.33
1747778412, 0, 22, 1156, 1154, 34, 10.19%, 0, 0, 3, 5.91
1747778438, 0, 22, 1157, 1155, 34, 10.19%, 0, 0, 3, 6.28
1747778448, 0, 22, 1158, 1156, 34, 10.19%, 0, 0, 3, 6.91
1747778459, 0, 23, 1158, 1156, 36, 10.19%, 0, 0, 3, 8.40
1747778469, 0, 25, 1158, 1156, 36, 10.19%, 0, 0, 3, 7.68
1747778474, 0, 27, 1158, 1156, 36, 10.19%, 0, 0, 3, 9.11
1747778480, 0, 28, 1158, 1156, 36, 10.19%, 0, 0, 3, 8.94
1747778485, 0, 29, 1158, 1156, 36, 10.19%, 0, 0, 3, 2.38
1747778490, 0, 30, 1158, 1156, 36, 10.19%, 0, 0, 3, 5.68
1747778496, 0, 30, 1159, 1157, 36, 10.19%, 0, 0, 3, 4.60
1747778506, 0, 30, 1160, 1158, 36, 10.19%, 0, 0, 3, 7.85
1747778522, 0, 31, 1160, 1158, 36, 10.19%, 0, 0, 3, 10.25
1747778527, 0, 32, 1160, 1158, 36, 10.19%, 0, 0, 3, 8.80
1747778532, 0, 33, 1160, 1158, 36, 10.19%, 0, 0, 3, 10.21
1747778542, 0, 34, 1161, 1159, 36, 10.19%, 0, 0, 3, 6.59
1747778547, 0, 34, 1162, 1160, 36, 10.19%, 0, 0, 3, 4.34
1747778558, 0, 34, 1163, 1161, 36, 10.19%, 0, 0, 3, 7.45
1747778563, 0, 34, 1164, 1162, 36, 10.19%, 0, 0, 3, 4.75
1747778568, 0, 34, 1165, 1163, 36, 10.19%, 0, 0, 3, 7.73
1747778579, 0, 34, 1166, 1164, 36, 10.19%, 0, 0, 3, 6.16
1747778594, 0, 34, 1167, 1165, 36, 10.19%, 0, 0, 3, 8.28
1747778599, 0, 34, 1168, 1166, 36, 10.19%, 0, 0, 3, 5.43
1747778609, 0, 34, 1169, 1167, 36, 10.19%, 0, 0, 3, 5.40
1747778615, 0, 34, 1171, 1169, 36, 10.19%, 0, 0, 3, 5.13
1747778667, 0, 34, 1172, 1170, 36, 10.19%, 0, 0, 3, 6.38
1747778693, 0, 34, 1173, 1171, 36, 10.19%, 0, 0, 3, 7.98
1747778703, 0, 34, 1174, 1172, 36, 10.19%, 0, 0, 3, 4.98
1747778708, 0, 34, 1175, 1173, 36, 10.19%, 0, 0, 3, 6.09
1747778713, 0, 34, 1176, 1174, 36, 10.19%, 0, 0, 3, 4.67
1747778718, 0, 34, 1177, 1175, 36, 10.19%, 0, 0, 3, 4.78
1747778723, 0, 34, 1178, 1176, 36, 10.19%, 0, 0, 3, 4.68
1747778734, 0, 34, 1179, 1177, 36, 10.19%, 0, 0, 3, 6.21
1747778739, 0, 34, 1180, 1178, 36, 10.19%, 0, 0, 3, 6.29
1747778755, 0, 34, 1181, 1179, 36, 10.19%, 0, 0, 3, 8.61
1747778766, 0, 34, 1182, 1180, 36, 10.19%, 0, 0, 3, 3.21
1747778776, 0, 34, 1183, 1181, 36, 10.19%, 0, 0, 3, 4.76
1747778791, 0, 34, 1184, 1182, 36, 10.19%, 0, 0, 3, 9.14
1747778802, 0, 34, 1185, 1183, 36, 10.19%, 0, 0, 3, 9.28
1747778812, 0, 34, 1186, 1184, 36, 10.19%, 0, 0, 3, 4.56
1747778817, 0, 36, 1187, 1185, 36, 10.19%, 0, 0, 3, 6.73
1747778833, 0, 37, 1187, 1185, 36, 10.19%, 0, 0, 3, 9.09
1747778838, 0, 38, 1187, 1185, 36, 10.19%, 0, 0, 3, 7.86
1747778843, 0, 39, 1187, 1185, 36, 10.19%, 0, 0, 3, 10.23
1747778849, 0, 40, 1187, 1185, 36, 10.19%, 0, 0, 3, 10.79
1747778854, 0, 40, 1188, 1186, 36, 10.19%, 0, 0, 3, 6.56
1747778864, 0, 41, 1188, 1186, 36, 10.19%, 0, 0, 3, 9.18
1747778869, 0, 42, 1188, 1186, 36, 10.19%, 0, 0, 3, 9.80
1747778874, 0, 43, 1188, 1186, 36, 10.19%, 0, 0, 3, 8.31
1747778885, 0, 44, 1188, 1186, 36, 10.19%, 0, 0, 3, 8.39
1747778890, 0, 45, 1189, 1187, 36, 10.19%, 0, 0, 3, 6.64
1747778895, 0, 45, 1190, 1188, 36, 10.19%, 0, 0, 3, 5.15
1747778921, 0, 47, 1190, 1188, 36, 10.19%, 0, 0, 3, 9.25
1747778926, 0, 47, 1191, 1189, 36, 10.19%, 0, 0, 3, 9.21
1747778931, 0, 48, 1191, 1189, 36, 10.19%, 0, 0, 3, 10.50
1747778937, 0, 48, 1192, 1190, 36, 10.19%, 0, 0, 3, 1.95
1747778947, 0, 50, 1192, 1190, 36, 10.19%, 0, 0, 3, 11.38
1747778952, 0, 52, 1192, 1190, 36, 10.19%, 0, 0, 3, 10.05
1747778957, 0, 53, 1192, 1190, 36, 10.19%, 0, 0, 3, 8.40
1747778963, 0, 53, 1193, 1191, 36, 10.19%, 0, 0, 3, 5.52
1747778968, 0, 53, 1194, 1192, 36, 10.19%, 0, 0, 3, 6.81
1747778988, 0, 54, 1194, 1192, 36, 10.19%, 0, 0, 3, 9.31
1747778998, 0, 55, 1194, 1192, 36, 10.19%, 0, 0, 3, 10.03
1747779004, 0, 56, 1195, 1193, 36, 10.19%, 0, 0, 3, 6.61
1747779019, 0, 57, 1195, 1193, 36, 10.19%, 0, 0, 3, 9.08
1747779024, 0, 59, 1196, 1194, 36, 10.19%, 0, 0, 3, 7.38
1747779040, 0, 60, 1197, 1195, 36, 10.19%, 0, 0, 3, 7.66
1747779045, 0, 60, 1198, 1196, 36, 10.19%, 0, 0, 3, 6.04
1747779050, 0, 60, 1199, 1197, 36, 10.19%, 0, 0, 3, 8.13
1747779066, 0, 60, 1200, 1198, 36, 10.19%, 0, 0, 3, 8.36
1747779071, 0, 60, 1201, 1199, 36, 10.19%, 0, 0, 3, 6.78
1747779092, 0, 60, 1202, 1200, 36, 10.19%, 0, 0, 3, 7.20
1747779123, 0, 60, 1203, 1201, 36, 10.19%, 0, 0, 3, 3.84
1747779149, 0, 60, 1204, 1202, 36, 10.19%, 0, 0, 3, 7.74
1747779175, 0, 60, 1205, 1203, 36, 10.19%, 0, 0, 3, 5.54
1747779180, 0, 60, 1206, 1204, 36, 10.30%, 0, 0, 3, 5.14
1747779186, 0, 60, 1207, 1205, 36, 10.30%, 0, 0, 3, 6.14
1747779191, 0, 60, 1208, 1206, 36, 10.30%, 0, 0, 3, 4.42
1747779201, 0, 60, 1209, 1207, 36, 10.30%, 0, 0, 3, 7.15
1747779211, 0, 60, 1210, 1208, 36, 10.30%, 0, 0, 3, 6.85
1747779217, 0, 60, 1211, 1209, 36, 10.30%, 0, 0, 3, 4.95
1747779233, 0, 60, 1212, 1210, 36, 10.30%, 0, 0, 3, 8.61
1747779243, 0, 60, 1213, 1211, 36, 10.30%, 0, 0, 3, 1.94
1747779254, 0, 60, 1214, 1212, 36, 10.30%, 0, 0, 3, 1.73
1747779269, 0, 60, 1215, 1213, 36, 10.30%, 0, 0, 3, 2.11
1747779290, 0, 60, 1216, 1214, 36, 10.30%, 0, 0, 3, 2.87
1747779311, 0, 61, 1216, 1214, 35, 10.30%, 0, 0, 3, 9.29
1747779316, 0, 63, 1216, 1214, 35, 10.30%, 0, 0, 3, 9.89
1747779321, 0, 63, 1217, 1215, 35, 10.30%, 0, 0, 3, 1.77
1747779331, 0, 64, 1217, 1215, 35, 10.30%, 0, 0, 3, 8.69
1747779336, 0, 65, 1217, 1215, 35, 10.30%, 0, 0, 3, 10.33
1747779342, 0, 67, 1218, 1216, 35, 10.30%, 0, 0, 3, 18.49
1747779358, 0, 68, 1218, 1216, 35, 10.30%, 0, 0, 3, 8.09
1747779363, 0, 68, 1219, 1217, 35, 10.30%, 0, 0, 3, 5.70
1747779373, 0, 69, 1219, 1217, 35, 10.30%, 0, 0, 3, 6.93
1747779378, 0, 70, 1219, 1217, 35, 10.30%, 0, 0, 3, 9.79
1747779383, 0, 71, 1219, 1217, 35, 10.30%, 0, 0, 3, 5.24
1747779388, 0, 71, 1220, 1218, 35, 10.30%, 0, 0, 3, 5.36
1747779398, 0, 71, 1221, 1219, 35, 10.30%, 0, 0, 3, 6.78
1747779404, 0, 71, 1222, 1220, 35, 10.30%, 0, 0, 3, 5.84
1747779419, 0, 71, 1223, 1221, 35, 10.30%, 0, 0, 3, 6.18
1747779424, 0, 71, 1224, 1222, 35, 10.34%, 0, 0, 3, 5.95
1747779446, 0, 71, 1225, 1223, 35, 10.34%, 0, 0, 3, 6.17
1747779492, 0, 71, 1227, 1225, 35, 10.34%, 0, 0, 3, 6.35
1747779518, 0, 71, 1228, 1226, 35, 10.34%, 0, 0, 3, 6.59
1747779523, 0, 71, 1229, 1227, 35, 10.34%, 0, 0, 3, 7.43
1747779544, 0, 71, 1230, 1228, 35, 10.34%, 0, 0, 3, 8.19
1747779560, 0, 71, 1231, 1229, 35, 10.34%, 0, 0, 3, 7.27
1747779575, 0, 71, 1232, 1230, 35, 10.34%, 0, 0, 3, 7.15
1747779632, 0, 72, 1232, 1230, 31, 10.34%, 0, 0, 3, 10.91
1747779637, 0, 73, 1233, 1231, 31, 10.34%, 0, 0, 3, 11.22
1747779653, 0, 74, 1233, 1231, 31, 10.34%, 0, 0, 3, 9.04
1747779663, 0, 75, 1233, 1231, 31, 10.34%, 0, 0, 3, 7.78
1747779668, 0, 76, 1233, 1231, 31, 10.34%, 0, 0, 3, 17.02
1747779673, 0, 77, 1233, 1231, 31, 10.34%, 0, 0, 3, 12.28
1747779678, 0, 78, 1233, 1231, 31, 10.34%, 0, 0, 3, 11.29
1747779683, 0, 79, 1233, 1231, 31, 10.34%, 0, 0, 3, 11.65
1747779689, 0, 82, 1233, 1231, 31, 10.34%, 0, 0, 3, 9.79
1747779694, 0, 83, 1233, 1231, 31, 10.34%, 0, 0, 3, 9.01
1747779704, 0, 84, 1233, 1231, 31, 10.34%, 0, 0, 3, 8.98
1747779709, 0, 85, 1233, 1231, 31, 10.34%, 0, 0, 3, 9.54
1747779715, 0, 86, 1233, 1231, 31, 10.34%, 0, 0, 3, 10.01
1747779720, 0, 87, 1233, 1231, 31, 10.34%, 0, 0, 3, 8.76
1747779725, 0, 87, 1234, 1232, 31, 10.34%, 0, 0, 3, 6.19
1747779735, 0, 88, 1234, 1232, 31, 10.34%, 0, 0, 3, 7.65
1747779740, 0, 89, 1234, 1232, 31, 10.34%, 0, 0, 3, 9.70
1747779746, 0, 90, 1234, 1232, 31, 10.34%, 0, 0, 3, 11.42
1747779751, 0, 91, 1235, 1233, 31, 10.34%, 0, 0, 3, 7.07
1747779766, 0, 94, 1235, 1233, 31, 10.34%, 0, 0, 3, 8.56
1747779772, 0, 95, 1235, 1233, 31, 10.34%, 0, 0, 3, 9.00
1747779777, 0, 96, 1235, 1233, 31, 10.34%, 0, 0, 3, 10.01
1747779782, 0, 96, 1236, 1234, 31, 10.34%, 0, 0, 3, 7.59
1747779792, 0, 97, 1236, 1234, 31, 10.34%, 0, 0, 3, 8.30
1747779797, 0, 98, 1236, 1234, 31, 10.34%, 0, 0, 3, 10.06
1747779802, 0, 99, 1236, 1234, 31, 10.34%, 0, 0, 3, 10.99
1747779812, 0, 100, 1236, 1234, 31, 10.34%, 0, 0, 3, 17.82
1747779817, 0, 101, 1236, 1234, 31, 10.34%, 0, 0, 3, 19.14
1747779823, 0, 102, 1236, 1234, 31, 10.34%, 0, 0, 3, 13.81
1747779828, 0, 103, 1237, 1235, 31, 10.34%, 0, 0, 3, 11.39
1747779844, 0, 105, 1237, 1235, 31, 10.34%, 0, 0, 3, 9.03
1747779849, 0, 106, 1237, 1235, 31, 10.34%, 0, 0, 3, 8.15
1747779854, 0, 107, 1237, 1235, 31, 10.34%, 0, 0, 3, 10.57
1747779859, 0, 108, 1237, 1235, 31, 10.34%, 0, 0, 3, 8.44
1747779864, 0, 109, 1237, 1235, 31, 10.34%, 0, 0, 3, 9.71
1747779870, 0, 110, 1237, 1235, 31, 10.34%, 0, 0, 3, 9.96
1747779875, 0, 110, 1238, 1236, 31, 10.34%, 0, 0, 3, 7.30
1747779890, 0, 111, 1238, 1236, 31, 10.34%, 0, 0, 3, 9.09
1747779896, 0, 112, 1238, 1236, 31, 10.34%, 0, 0, 3, 2.23
1747779901, 0, 113, 1238, 1236, 31, 10.34%, 0, 0, 3, 7.23
1747779906, 0, 114, 1238, 1236, 31, 10.34%, 0, 0, 3, 9.05
1747779912, 0, 115, 1238, 1236, 31, 10.34%, 0, 0, 3, 10.46
1747779917, 0, 115, 1239, 1237, 31, 10.34%, 0, 0, 3, 7.22
1747779927, 0, 117, 1239, 1237, 31, 10.34%, 0, 0, 3, 6.82
1747779932, 0, 118, 1239, 1237, 31, 10.34%, 0, 0, 3, 7.33
1747779937, 0, 120, 1239, 1237, 31, 10.34%, 0, 0, 3, 9.00
1747779947, 0, 121, 1239, 1237, 31, 10.34%, 0, 0, 3, 8.52
1747779952, 0, 123, 1239, 1237, 31, 10.34%, 0, 0, 3, 8.93
1747779958, 0, 124, 1239, 1237, 31, 10.34%, 0, 0, 3, 10.22
1747779963, 0, 125, 1239, 1237, 31, 10.34%, 0, 0, 3, 11.03
1747779968, 0, 126, 1239, 1237, 31, 10.34%, 0, 0, 3, 8.45
1747779973, 0, 129, 1239, 1237, 31, 10.34%, 0, 0, 3, 9.39
1747779979, 0, 130, 1239, 1237, 31, 10.34%, 0, 0, 3, 9.50
1747779984, 0, 131, 1239, 1237, 31, 10.34%, 0, 0, 3, 8.75
1747779989, 0, 132, 1239, 1237, 31, 10.34%, 0, 0, 3, 9.74
1747780000, 0, 133, 1239, 1237, 31, 10.34%, 0, 0, 3, 5.24
1747780005, 0, 134, 1239, 1237, 31, 10.34%, 0, 0, 3, 7.38
1747780010, 0, 134, 1240, 1238, 31, 10.34%, 0, 0, 3, 5.23
1747780020, 0, 134, 1241, 1239, 31, 10.34%, 0, 0, 3, 6.61
1747780041, 0, 135, 1241, 1239, 31, 10.34%, 0, 0, 3, 10.42
1747780046, 0, 136, 1241, 1239, 31, 10.34%, 0, 0, 3, 10.91
1747780051, 0, 137, 1241, 1239, 31, 10.34%, 0, 0, 3, 8.75
1747780057, 0, 138, 1241, 1239, 31, 10.34%, 0, 0, 3, 10.14
1747780062, 0, 139, 1241, 1239, 31, 10.34%, 0, 0, 3, 9.26
1747780067, 0, 140, 1241, 1239, 31, 10.34%, 0, 0, 3, 9.40
1747780072, 0, 141, 1241, 1239, 31, 10.34%, 0, 0, 3, 2.09
1747780083, 0, 142, 1241, 1239, 31, 10.34%, 0, 0, 3, 7.64
1747780088, 0, 144, 1241, 1239, 31, 10.34%, 0, 0, 3, 9.56
1747780093, 0, 145, 1242, 1240, 31, 10.34%, 0, 0, 3, 7.75
1747780109, 0, 146, 1242, 1240, 31, 10.34%, 0, 0, 3, 8.72
1747780114, 0, 147, 1242, 1240, 31, 10.34%, 0, 0, 3, 9.14
1747780124, 0, 148, 1242, 1240, 31, 10.34%, 0, 0, 3, 10.59
1747780129, 0, 149, 1242, 1240, 31, 10.34%, 0, 0, 3, 8.71
1747780135, 0, 150, 1242, 1240, 31, 10.34%, 0, 0, 3, 9.91
1747780140, 0, 151, 1242, 1240, 31, 10.34%, 0, 0, 3, 11.07
1747780145, 0, 152, 1242, 1240, 31, 10.34%, 0, 0, 3, 10.74
1747780150, 0, 153, 1242, 1240, 31, 10.34%, 0, 0, 3, 9.80
1747780155, 0, 154, 1242, 1240, 31, 10.34%, 0, 0, 3, 3.39
1747780160, 0, 155, 1242, 1240, 31, 10.34%, 0, 0, 3, 17.51
1747780166, 0, 156, 1242, 1240, 31, 10.34%, 0, 0, 3, 10.91
1747780171, 0, 157, 1242, 1240, 31, 10.34%, 0, 0, 3, 10.52
1747780181, 0, 158, 1242, 1240, 31, 10.34%, 0, 0, 3, 9.74
1747780187, 0, 160, 1242, 1240, 31, 10.34%, 0, 0, 3, 9.62
1747780192, 0, 161, 1242, 1240, 31, 10.34%, 0, 0, 3, 22.83
1747780197, 0, 163, 1242, 1240, 31, 10.34%, 0, 0, 3, 3.58
1747780202, 0, 164, 1242, 1240, 31, 10.34%, 0, 0, 3, 6.02
1747780207, 0, 164, 1243, 1241, 31, 10.34%, 0, 0, 3, 4.28
1747780217, 0, 164, 1244, 1242, 31, 10.34%, 0, 0, 3, 5.79
1747780238, 0, 165, 1244, 1242, 31, 10.34%, 0, 0, 3, 8.31
1747780243, 0, 166, 1244, 1242, 31, 10.34%, 0, 0, 3, 9.78
1747780248, 0, 167, 1244, 1242, 31, 10.34%, 0, 0, 3, 9.42
1747780254, 0, 168, 1244, 1242, 31, 10.34%, 0, 0, 3, 10.36
1747780259, 0, 170, 1244, 1242, 31, 10.34%, 0, 0, 3, 10.13
1747780269, 0, 171, 1244, 1242, 31, 10.34%, 0, 0, 3, 8.39
1747780275, 0, 173, 1244, 1242, 31, 10.34%, 0, 0, 3, 6.87
1747780285, 0, 175, 1244, 1242, 31, 10.34%, 0, 0, 3, 7.97
1747780290, 0, 176, 1245, 1243, 31, 10.34%, 0, 0, 3, 9.02
1747780310, 0, 177, 1245, 1243, 31, 10.34%, 0, 0, 3, 7.19
1747780315, 0, 178, 1245, 1243, 31, 10.34%, 0, 0, 3, 8.72
1747780321, 0, 179, 1245, 1243, 31, 10.34%, 0, 0, 3, 8.87
1747780326, 0, 180, 1245, 1243, 31, 10.34%, 0, 0, 3, 2.09
1747780331, 0, 182, 1245, 1243, 31, 10.34%, 0, 0, 3, 19.51
1747780336, 0, 183, 1245, 1243, 31, 10.34%, 0, 0, 3, 17.99
1747780341, 0, 184, 1245, 1243, 31, 10.34%, 0, 0, 3, 10.30
1747780347, 0, 185, 1245, 1243, 31, 10.34%, 0, 0, 3, 9.75
1747780357, 0, 186, 1245, 1243, 31, 10.34%, 0, 0, 3, 8.75
1747780362, 0, 187, 1245, 1243, 31, 10.34%, 0, 0, 3, 9.99
1747780367, 0, 188, 1245, 1243, 31, 10.34%, 0, 0, 3, 9.79
1747780372, 0, 189, 1245, 1243, 31, 10.34%, 0, 0, 3, 9.65
1747780378, 0, 189, 1246, 1244, 31, 10.34%, 0, 0, 3, 7.48
1747780388, 0, 191, 1246, 1244, 31, 10.34%, 0, 0, 3, 8.00
1747780393, 0, 192, 1246, 1244, 31, 10.34%, 0, 0, 3, 8.54
1747780403, 0, 192, 1247, 1245, 31, 10.34%, 0, 0, 3, 5.33
1747780414, 0, 194, 1247, 1245, 29, 10.34%, 0, 0, 3, 10.13
1747780424, 0, 194, 1248, 1246, 29, 10.34%, 0, 0, 3, 7.89
1747780429, 0, 195, 1248, 1246, 29, 10.34%, 0, 0, 3, 8.81
1747780440, 0, 196, 1248, 1246, 29, 10.34%, 0, 0, 3, 10.13
1747780445, 0, 197, 1248, 1246, 29, 10.34%, 0, 0, 3, 9.15
1747780450, 0, 198, 1248, 1246, 29, 10.34%, 0, 0, 3, 16.15
1747780455, 0, 200, 1248, 1246, 29, 10.34%, 0, 0, 3, 4.80
1747780460, 0, 201, 1248, 1246, 29, 10.34%, 0, 0, 3, 8.50
1747780466, 0, 202, 1248, 1246, 29, 10.34%, 0, 0, 3, 11.18
1747780471, 0, 205, 1248, 1246, 29, 10.34%, 0, 0, 3, 18.61
1747780476, 0, 206, 1248, 1246, 29, 10.34%, 0, 0, 3, 17.19
1747780481, 0, 208, 1248, 1246, 29, 10.34%, 0, 0, 3, 2.31
1747780492, 0, 209, 1248, 1246, 29, 10.34%, 0, 0, 3, 8.73
1747780497, 0, 210, 1249, 1247, 29, 10.34%, 0, 0, 3, 1.72
1747780512, 0, 211, 1249, 1247, 29, 10.34%, 0, 0, 3, 8.23
1747780523, 0, 212, 1249, 1247, 29, 10.34%, 0, 0, 3, 9.96
1747780528, 0, 213, 1250, 1248, 29, 10.34%, 0, 0, 3, 7.78
1747780538, 0, 214, 1250, 1248, 29, 10.34%, 0, 0, 3, 10.63
1747780544, 0, 215, 1250, 1248, 29, 10.34%, 0, 0, 3, 9.58
1747780549, 0, 215, 1251, 1249, 29, 10.34%, 0, 0, 3, 6.59
1747780560, 0, 215, 1252, 1250, 29, 10.34%, 0, 0, 3, 1.74
1747780570, 0, 215, 1253, 1251, 29, 10.34%, 0, 0, 3, 10.61
1747780590, 0, 215, 1254, 1252, 29, 10.34%, 0, 0, 3, 12.97
1747780601, 0, 215, 1255, 1253, 29, 10.34%, 0, 0, 3, 3.10
1747780621, 0, 215, 1256, 1254, 29, 10.34%, 0, 0, 3, 6.33
1747780637, 0, 215, 1257, 1255, 29, 10.34%, 0, 0, 3, 5.45
1747780642, 0, 215, 1258, 1256, 29, 10.34%, 0, 0, 3, 7.93
1747780715, 0, 215, 1259, 1257, 29, 10.34%, 0, 0, 3, 1.55
1747780746, 0, 215, 1260, 1258, 29, 10.34%, 0, 0, 3, 11.70
1747780773, 0, 215, 1261, 1259, 29, 10.34%, 0, 0, 3, 2.02
1747780793, 0, 217, 1261, 1259, 29, 10.34%, 0, 0, 3, 8.21
1747780798, 0, 218, 1261, 1259, 29, 10.34%, 0, 0, 3, 9.81
1747780809, 0, 219, 1261, 1259, 29, 10.34%, 0, 0, 3, 9.93
1747780814, 0, 220, 1261, 1259, 29, 10.34%, 0, 0, 3, 11.05
1747780819, 0, 221, 1261, 1259, 29, 10.34%, 0, 0, 3, 11.34
1747780824, 0, 222, 1262, 1260, 29, 10.35%, 0, 0, 3, 11.68
1747780830, 0, 223, 1262, 1260, 30, 10.35%, 0, 0, 3, 10.89
1747780840, 0, 224, 1262, 1260, 30, 10.35%, 0, 0, 3, 8.98
1747780845, 0, 227, 1262, 1260, 30, 10.35%, 0, 0, 3, 9.83
1747780850, 0, 228, 1262, 1260, 30, 10.35%, 0, 0, 3, 9.24
1747780855, 0, 229, 1262, 1260, 30, 10.35%, 0, 0, 3, 1.93
1747780860, 0, 230, 1262, 1260, 30, 10.35%, 0, 0, 3, 12.47
1747780866, 0, 231, 1262, 1260, 30, 10.35%, 0, 0, 3, 10.85
1747780871, 0, 233, 1262, 1260, 30, 10.35%, 0, 0, 3, 9.62
1747780876, 0, 235, 1262, 1260, 30, 10.35%, 0, 0, 3, 10.46
1747780886, 0, 236, 1262, 1260, 30, 10.35%, 0, 0, 3, 10.86
1747780891, 0, 237, 1262, 1260, 30, 10.35%, 0, 0, 3, 12.16
1747780897, 0, 238, 1263, 1261, 30, 10.35%, 0, 0, 3, 1.78
1747780912, 0, 239, 1263, 1261, 30, 10.35%, 0, 0, 3, 8.54
1747780918, 0, 240, 1263, 1261, 30, 10.35%, 0, 0, 3, 8.87
1747780923, 0, 241, 1263, 1261, 30, 10.35%, 0, 0, 3, 10.94
1747780928, 0, 243, 1264, 1262, 30, 10.35%, 0, 0, 3, 1.66
1747780944, 0, 246, 1264, 1262, 30, 10.35%, 0, 0, 3, 10.36
1747780949, 0, 247, 1264, 1262, 30, 10.35%, 0, 0, 3, 10.69
1747780954, 0, 248, 1264, 1262, 30, 10.35%, 0, 0, 3, 8.83
1747780964, 0, 249, 1264, 1262, 30, 10.35%, 0, 0, 3, 9.14
1747780970, 0, 250, 1264, 1262, 30, 10.35%, 0, 0, 3, 9.06
1747780975, 0, 251, 1264, 1262, 30, 10.35%, 0, 0, 3, 10.72
1747780980, 0, 251, 1265, 1263, 30, 10.35%, 0, 0, 3, 1.96
1747780990, 0, 252, 1265, 1263, 30, 10.35%, 0, 0, 3, 13.47
1747780996, 0, 253, 1266, 1264, 30, 10.35%, 0, 0, 3, 9.70
1747781016, 0, 254, 1266, 1264, 31, 10.35%, 0, 0, 3, 9.15
1747781021, 0, 255, 1266, 1264, 31, 10.35%, 0, 0, 3, 8.94
1747781026, 0, 256, 1266, 1264, 31, 10.35%, 0, 0, 3, 8.87
1747781031, 0, 257, 1266, 1264, 31, 10.35%, 0, 0, 3, 8.71
1747781037, 0, 258, 1266, 1264, 31, 10.35%, 0, 0, 3, 11.14
1747781042, 0, 259, 1266, 1264, 31, 10.35%, 0, 0, 3, 10.15
1747781047, 0, 261, 1266, 1264, 31, 10.35%, 0, 0, 3, 9.10
1747781057, 0, 262, 1266, 1264, 31, 10.35%, 0, 0, 3, 9.03
1747781063, 0, 264, 1266, 1264, 31, 10.35%, 0, 0, 3, 9.92
1747781068, 0, 265, 1266, 1264, 31, 10.35%, 0, 0, 3, 8.64
1747781073, 0, 266, 1266, 1264, 31, 10.35%, 0, 0, 3, 8.69
1747781078, 0, 267, 1266, 1264, 31, 10.35%, 0, 0, 3, 2.06
1747781083, 0, 268, 1266, 1264, 31, 10.35%, 0, 0, 3, 9.86
1747781088, 0, 269, 1266, 1264, 31, 10.35%, 0, 0, 3, 10.14
1747781094, 0, 271, 1266, 1264, 31, 10.35%, 0, 0, 3, 10.11
1747781099, 0, 272, 1266, 1264, 31, 10.35%, 0, 0, 3, 10.73
1747781104, 0, 272, 1267, 1265, 31, 10.35%, 0, 0, 3, 11.92
1747781114, 0, 274, 1267, 1265, 31, 10.35%, 0, 0, 3, 13.12
1747781119, 0, 275, 1267, 1265, 31, 10.35%, 0, 0, 3, 11.52
1747781124, 0, 277, 1267, 1265, 31, 10.35%, 0, 0, 3, 9.61
1747781130, 0, 278, 1267, 1265, 31, 10.35%, 0, 0, 3, 9.22
1747781135, 0, 278, 1268, 1266, 31, 10.35%, 0, 0, 3, 6.74
1747781140, 0, 278, 1269, 1267, 31, 10.35%, 0, 0, 3, 7.16
1747781150, 0, 278, 1270, 1268, 31, 10.35%, 0, 0, 3, 4.49
1747781177, 0, 278, 1271, 1269, 31, 10.35%, 0, 0, 3, 7.83
1747781187, 0, 278, 1272, 1270, 31, 10.35%, 0, 0, 3, 4.98
1747781202, 0, 278, 1273, 1271, 31, 10.38%, 0, 0, 3, 1.59
1747781212, 0, 278, 1274, 1272, 31, 10.38%, 0, 0, 3, 3.94
1747781222, 0, 278, 1275, 1273, 31, 10.38%, 0, 0, 3, 4.97
1747781243, 0, 278, 1276, 1274, 31, 10.38%, 0, 0, 3, 5.42
1747781248, 0, 278, 1277, 1275, 31, 10.38%, 0, 0, 3, 4.71
1747781253, 0, 278, 1278, 1276, 31, 10.38%, 0, 0, 3, 3.97
1747781259, 0, 278, 1279, 1277, 31, 10.38%, 0, 0, 3, 3.49
1747781269, 0, 278, 1280, 1278, 31, 10.38%, 0, 0, 3, 2.25
1747781290, 0, 278, 1281, 1279, 31, 10.38%, 0, 0, 3, 6.68
1747781295, 0, 278, 1282, 1280, 31, 10.38%, 0, 0, 3, 6.27
1747781306, 0, 278, 1283, 1281, 31, 10.38%, 0, 0, 3, 5.66
1747781311, 0, 278, 1284, 1282, 31, 10.38%, 0, 0, 3, 4.84
1747781316, 0, 278, 1285, 1283, 31, 10.39%, 0, 0, 3, 4.32
1747781337, 0, 278, 1286, 1284, 31, 10.39%, 0, 0, 3, 5.75
1747781348, 0, 278, 1287, 1285, 31, 10.39%, 0, 0, 3, 6.46
1747781358, 0, 278, 1288, 1286, 31, 10.39%, 0, 0, 3, 6.66
1747781374, 0, 278, 1289, 1287, 31, 10.39%, 0, 0, 3, 6.42
1747781395, 0, 278, 1290, 1288, 31, 10.39%, 0, 0, 3, 6.25
1747781437, 0, 278, 1291, 1289, 31, 10.39%, 0, 0, 3, 5.73
1747781442, 0, 278, 1292, 1290, 31, 10.39%, 0, 0, 3, 4.85
1747781447, 0, 279, 1292, 1290, 32, 10.39%, 0, 0, 3, 6.17
1747781452, 0, 282, 1292, 1290, 32, 10.39%, 0, 0, 3, 6.65
1747781462, 0, 283, 1292, 1290, 32, 10.39%, 0, 0, 3, 8.23
1747781467, 0, 284, 1292, 1290, 32, 10.39%, 0, 0, 3, 8.57
1747781473, 0, 285, 1292, 1290, 32, 10.39%, 0, 0, 3, 10.90
1747781478, 0, 286, 1292, 1290, 32, 10.39%, 0, 0, 3, 2.09
1747781483, 0, 290, 1292, 1290, 32, 10.39%, 0, 0, 3, 12.79
1747781488, 0, 291, 1292, 1290, 32, 10.39%, 0, 0, 3, 17.35
1747781493, 0, 293, 1292, 1290, 32, 10.39%, 0, 0, 3, 12.76
1747781498, 0, 294, 1292, 1290, 32, 10.39%, 0, 0, 3, 10.87
1747781503, 0, 295, 1292, 1290, 32, 10.39%, 0, 0, 3, 8.90
1747781509, 0, 296, 1292, 1290, 32, 10.39%, 0, 0, 3, 10.14
1747781519, 0, 297, 1292, 1290, 32, 10.39%, 0, 0, 3, 8.41
1747781524, 0, 298, 1292, 1290, 32, 10.39%, 0, 0, 3, 8.44
1747781529, 0, 300, 1292, 1290, 32, 10.39%, 0, 0, 3, 9.44
1747781534, 0, 302, 1292, 1290, 32, 10.39%, 0, 0, 3, 10.11
1747781539, 0, 303, 1292, 1290, 32, 10.39%, 0, 0, 3, 18.82
1747781544, 0, 304, 1292, 1290, 32, 10.39%, 0, 0, 3, 7.57
1747781549, 0, 305, 1292, 1290, 32, 10.39%, 0, 0, 3, 10.03
1747781555, 0, 306, 1292, 1290, 32, 10.39%, 0, 0, 3, 8.70
1747781560, 0, 309, 1292, 1290, 32, 10.39%, 0, 0, 3, 9.23
1747781570, 0, 312, 1292, 1290, 32, 10.39%, 0, 0, 3, 6.14
1747781575, 0, 313, 1292, 1290, 32, 10.39%, 0, 0, 3, 6.81
1747781581, 0, 316, 1292, 1290, 32, 10.39%, 0, 0, 3, 9.53
1747781591, 0, 317, 1293, 1291, 32, 10.39%, 0, 0, 3, 7.01
1747781612, 0, 318, 1293, 1291, 32, 10.39%, 0, 0, 3, 6.78
1747781617, 0, 319, 1293, 1291, 32, 10.39%, 0, 0, 3, 8.55
1747781622, 0, 320, 1293, 1291, 32, 10.39%, 0, 0, 3, 8.72
1747781627, 0, 321, 1293, 1291, 32, 10.39%, 0, 0, 3, 8.95
1747781638, 0, 323, 1293, 1291, 32, 10.39%, 0, 0, 3, 9.46
1747781643, 0, 325, 1293, 1291, 32, 10.39%, 0, 0, 3, 8.79
1747781648, 0, 328, 1293, 1291, 32, 10.39%, 0, 0, 3, 10.80
1747781653, 0, 329, 1293, 1291, 32, 10.39%, 0, 0, 3, 11.08
1747781658, 0, 330, 1293, 1291, 32, 10.39%, 0, 0, 3, 11.35
1747781663, 0, 332, 1293, 1291, 32, 10.39%, 0, 0, 3, 9.48
1747781668, 0, 333, 1293, 1291, 32, 10.39%, 0, 0, 3, 8.19
1747781674, 0, 334, 1293, 1291, 32, 10.39%, 0, 0, 3, 21.24
1747781679, 0, 335, 1293, 1291, 32, 10.39%, 0, 0, 3, 11.21
1747781684, 0, 335, 1294, 1292, 32, 10.39%, 0, 0, 3, 1.93
1747781700, 0, 336, 1294, 1292, 32, 10.39%, 0, 0, 3, 7.43
1747781705, 0, 337, 1294, 1292, 32, 10.39%, 0, 0, 3, 8.85
1747781710, 0, 337, 1295, 1293, 32, 10.39%, 0, 0, 3, 6.42
1747781725, 0, 338, 1295, 1293, 32, 10.39%, 0, 0, 3, 7.35
1747781731, 0, 339, 1295, 1293, 32, 10.39%, 0, 0, 3, 7.46
1747781741, 0, 340, 1295, 1293, 32, 10.39%, 0, 0, 3, 8.11
1747781746, 0, 342, 1295, 1293, 32, 10.39%, 0, 0, 3, 6.85
1747781752, 0, 343, 1295, 1293, 32, 10.39%, 0, 0, 3, 8.92
1747781757, 0, 343, 1296, 1294, 32, 10.39%, 0, 0, 3, 7.45
1747781772, 0, 344, 1296, 1294, 32, 10.39%, 0, 0, 3, 10.78
1747781778, 0, 345, 1296, 1294, 32, 10.39%, 0, 0, 3, 9.64
1747781783, 0, 346, 1297, 1295, 32, 10.39%, 0, 0, 3, 7.34
1747781798, 0, 347, 1297, 1295, 32, 10.39%, 0, 0, 3, 9.23
1747781803, 0, 348, 1297, 1295, 32, 10.39%, 0, 0, 3, 9.48
1747781808, 0, 349, 1297, 1295, 32, 10.39%, 0, 0, 3, 8.92
1747781813, 0, 350, 1297, 1295, 32, 10.39%, 0, 0, 3, 10.23
1747781818, 0, 351, 1297, 1295, 32, 10.39%, 0, 0, 3, 10.00
1747781824, 0, 352, 1297, 1295, 32, 10.39%, 0, 0, 3, 11.81
1747781829, 0, 353, 1297, 1295, 32, 10.39%, 0, 0, 3, 10.57
1747781834, 0, 355, 1297, 1295, 32, 10.39%, 0, 0, 3, 12.15
1747781839, 0, 356, 1297, 1295, 32, 10.39%, 0, 0, 3, 10.59
1747781844, 0, 357, 1297, 1295, 32, 10.39%, 0, 0, 3, 9.14
1747781850, 0, 358, 1297, 1295, 32, 10.39%, 0, 0, 3, 9.99
1747781855, 0, 360, 1297, 1295, 32, 10.39%, 0, 0, 3, 10.77
1747781860, 0, 361, 1297, 1295, 32, 10.39%, 0, 0, 3, 10.27
1747781866, 0, 362, 1297, 1295, 32, 10.39%, 0, 0, 3, 8.14
1747781871, 0, 364, 1297, 1295, 32, 10.39%, 0, 0, 3, 9.72
1747781881, 0, 367, 1297, 1295, 32, 10.39%, 0, 0, 3, 2.33
1747781887, 0, 368, 1297, 1295, 32, 10.39%, 0, 0, 3, 13.74
1747781892, 0, 369, 1297, 1295, 32, 10.39%, 0, 0, 3, 9.91
1747781897, 0, 370, 1297, 1295, 32, 10.39%, 0, 0, 3, 9.70
1747781902, 0, 372, 1297, 1295, 32, 10.39%, 0, 0, 3, 9.68
1747781912, 0, 373, 1297, 1295, 32, 10.39%, 0, 0, 3, 10.19
1747781918, 0, 374, 1297, 1295, 32, 10.39%, 0, 0, 3, 9.29
1747781923, 0, 374, 1298, 1296, 32, 10.39%, 0, 0, 3, 6.23
1747781933, 0, 375, 1298, 1296, 32, 10.39%, 0, 0, 3, 9.34
1747781938, 0, 376, 1298, 1296, 32, 10.39%, 0, 0, 3, 9.43
1747781943, 0, 377, 1298, 1296, 32, 10.39%, 0, 0, 3, 11.11
1747781949, 0, 379, 1298, 1296, 32, 10.39%, 0, 0, 3, 10.17
1747781954, 0, 381, 1298, 1296, 32, 10.39%, 0, 0, 3, 11.87
1747781959, 0, 382, 1298, 1296, 32, 10.39%, 0, 0, 3, 9.16
1747781964, 0, 384, 1299, 1297, 32, 10.39%, 0, 0, 3, 8.15
1747781979, 0, 385, 1299, 1297, 32, 10.39%, 0, 0, 3, 8.87
1747781984, 0, 387, 1299, 1297, 32, 10.39%, 0, 0, 3, 9.03
1747781990, 0, 389, 1299, 1297, 32, 10.39%, 0, 0, 3, 10.40
1747782000, 0, 390, 1299, 1297, 32, 10.39%, 0, 0, 3, 10.45
1747782005, 0, 392, 1299, 1297, 32, 10.39%, 0, 0, 3, 9.12
1747782011, 0, 393, 1299, 1297, 32, 10.39%, 0, 0, 3, 9.78
1747782016, 0, 394, 1299, 1297, 32, 10.39%, 0, 0, 3, 9.39
1747782021, 0, 395, 1299, 1297, 32, 10.39%, 0, 0, 3, 8.98
1747782026, 0, 396, 1299, 1297, 32, 10.39%, 0, 0, 3, 11.10
1747782031, 0, 397, 1299, 1297, 32, 10.39%, 0, 0, 3, 9.56
1747782036, 0, 398, 1299, 1297, 32, 10.39%, 0, 0, 3, 10.00
1747782047, 0, 399, 1299, 1297, 32, 10.39%, 0, 0, 3, 2.09
1747782052, 0, 399, 1300, 1298, 32, 10.39%, 0, 0, 3, 3.87
1747782062, 0, 400, 1300, 1298, 32, 10.39%, 0, 0, 3, 8.98
1747782068, 0, 401, 1300, 1298, 32, 10.39%, 0, 0, 3, 10.08
1747782073, 0, 402, 1300, 1298, 32, 10.39%, 0, 0, 3, 9.40
1747782078, 0, 403, 1300, 1298, 32, 10.39%, 0, 0, 3, 8.57
1747782083, 0, 405, 1300, 1298, 32, 10.39%, 0, 0, 3, 10.68
1747782093, 0, 406, 1300, 1298, 32, 10.39%, 0, 0, 3, 8.02
1747782098, 0, 407, 1300, 1298, 32, 10.39%, 0, 0, 3, 10.07
1747782104, 0, 408, 1300, 1298, 32, 10.39%, 0, 0, 3, 9.87
1747782109, 0, 409, 1300, 1298, 32, 10.39%, 0, 0, 3, 7.70
1747782114, 0, 410, 1300, 1298, 32, 10.39%, 0, 0, 3, 9.25
1747782119, 0, 411, 1300, 1298, 32, 10.39%, 0, 0, 3, 9.32
1747782124, 0, 412, 1300, 1298, 32, 10.39%, 0, 0, 3, 8.78
1747782130, 0, 414, 1300, 1298, 32, 10.39%, 0, 0, 3, 10.37
1747782135, 0, 415, 1300, 1298, 32, 10.39%, 0, 0, 3, 9.94
1747782145, 0, 416, 1300, 1298, 32, 10.39%, 0, 0, 3, 8.95
1747782150, 0, 417, 1301, 1299, 32, 10.39%, 0, 0, 3, 1.69
1747782166, 0, 419, 1301, 1299, 32, 10.39%, 0, 0, 3, 8.72
1747782176, 0, 420, 1301, 1299, 32, 10.39%, 0, 0, 3, 7.43
1747782181, 0, 421, 1301, 1299, 32, 10.39%, 0, 0, 3, 9.32
1747782187, 0, 422, 1301, 1299, 32, 10.39%, 0, 0, 3, 5.66
1747782192, 0, 423, 1301, 1299, 32, 10.39%, 0, 0, 3, 9.95
1747782197, 0, 424, 1301, 1299, 32, 10.39%, 0, 0, 3, 10.76
1747782202, 0, 425, 1301, 1299, 32, 10.39%, 0, 0, 3, 11.97
1747782207, 0, 427, 1301, 1299, 32, 10.39%, 0, 0, 3, 2.08
1747782212, 0, 428, 1301, 1299, 32, 10.39%, 0, 0, 3, 18.35
1747782218, 0, 429, 1301, 1299, 32, 10.39%, 0, 0, 3, 3.50
1747782223, 0, 430, 1301, 1299, 32, 10.39%, 0, 0, 3, 7.68
1747782228, 0, 431, 1301, 1299, 32, 10.39%, 0, 0, 3, 9.12
1747782238, 0, 432, 1301, 1299, 32, 10.39%, 0, 0, 3, 8.65
1747782244, 0, 433, 1301, 1299, 32, 10.39%, 0, 0, 3, 8.17
1747782249, 0, 436, 1301, 1299, 32, 10.39%, 0, 0, 3, 9.89
1747782254, 0, 438, 1301, 1299, 32, 10.39%, 0, 0, 3, 12.50
1747782260, 0, 440, 1301, 1299, 32, 10.39%, 0, 0, 3, 9.67
1747782270, 0, 441, 1301, 1299, 32, 10.39%, 0, 0, 3, 7.27
1747782275, 0, 442, 1301, 1299, 32, 10.39%, 0, 0, 3, 9.02
1747782280, 0, 443, 1301, 1299, 32, 10.39%, 0, 0, 3, 8.05
1747782286, 0, 443, 1302, 1300, 32, 10.39%, 0, 0, 3, 7.77
1747782296, 0, 444, 1302, 1300, 32, 10.39%, 0, 0, 3, 8.91
1747782306, 0, 445, 1302, 1300, 32, 10.39%, 0, 0, 3, 8.61
1747782312, 0, 447, 1302, 1300, 32, 10.39%, 0, 0, 3, 8.50
1747782317, 0, 448, 1302, 1300, 32, 10.39%, 0, 0, 3, 9.82
1747782322, 0, 449, 1302, 1300, 32, 10.39%, 0, 0, 3, 3.75
1747782327, 0, 450, 1302, 1300, 32, 10.39%, 0, 0, 3, 8.54
1747782333, 0, 452, 1302, 1300, 32, 10.39%, 0, 0, 3, 7.89
1747782343, 0, 453, 1302, 1300, 32, 10.39%, 0, 0, 3, 9.96
1747782348, 0, 454, 1302, 1300, 32, 10.39%, 0, 0, 3, 11.51
1747782354, 0, 456, 1303, 1301, 32, 10.39%, 0, 0, 3, 1.73
1747782369, 0, 457, 1303, 1301, 32, 10.39%, 0, 0, 3, 6.17
1747782374, 0, 458, 1303, 1301, 32, 10.39%, 0, 0, 3, 9.38
1747782380, 0, 459, 1303, 1301, 32, 10.39%, 0, 0, 3, 7.46
1747782385, 0, 460, 1303, 1301, 32, 10.39%, 0, 0, 3, 10.08
1747782390, 0, 460, 1304, 1302, 32, 10.39%, 0, 0, 3, 11.12
1747782395, 0, 462, 1304, 1302, 32, 10.39%, 0, 0, 3, 8.71
1747782406, 0, 463, 1304, 1302, 32, 10.39%, 0, 0, 3, 9.90
1747782411, 0, 465, 1304, 1302, 32, 10.39%, 0, 0, 3, 9.23
1747782416, 0, 466, 1304, 1302, 32, 10.39%, 0, 0, 3, 7.94
1747782421, 0, 467, 1304, 1302, 32, 10.39%, 0, 0, 3, 8.38
1747782426, 0, 470, 1304, 1302, 32, 10.39%, 0, 0, 3, 8.36
1747782437, 0, 471, 1304, 1302, 32, 10.39%, 0, 0, 3, 10.26
1747782442, 0, 473, 1304, 1302, 32, 10.39%, 0, 0, 3, 9.90
1747782447, 0, 474, 1305, 1303, 32, 10.39%, 0, 0, 3, 7.79
1747782458, 0, 476, 1305, 1303, 32, 10.39%, 0, 0, 3, 9.51
1747782463, 0, 477, 1305, 1303, 32, 10.39%, 0, 0, 3, 9.06
1747782468, 0, 478, 1305, 1303, 32, 10.39%, 0, 0, 3, 10.02
1747782474, 0, 479, 1305, 1303, 32, 10.39%, 0, 0, 3, 9.61
1747782484, 0, 482, 1305, 1303, 32, 10.39%, 0, 0, 3, 9.50
1747782489, 0, 484, 1305, 1303, 32, 10.39%, 0, 0, 3, 8.20
1747782494, 0, 485, 1305, 1303, 32, 10.39%, 0, 0, 3, 8.83
1747782500, 0, 486, 1305, 1303, 32, 10.39%, 0, 0, 3, 7.82
1747782510, 0, 487, 1305, 1303, 32, 10.39%, 0, 0, 3, 8.58
1747782516, 0, 488, 1305, 1303, 32, 10.39%, 0, 0, 3, 7.09
1747782526, 0, 489, 1305, 1303, 32, 10.39%, 0, 0, 3, 12.99
1747782531, 0, 491, 1305, 1303, 32, 10.39%, 0, 0, 3, 14.25
1747782536, 0, 492, 1305, 1303, 32, 10.39%, 0, 0, 3, 9.42
1747782951, 0, 494, 1305, 1302, 31, 10.39%, 0, 0, 3, 12.52
1747782956, 0, 496, 1305, 1302, 31, 10.39%, 0, 0, 3, 9.89
1747782967, 0, 497, 1305, 1302, 31, 10.39%, 0, 0, 3, 7.40
1747782972, 0, 499, 1305, 1302, 31, 10.39%, 0, 0, 3, 9.79
1747782977, 0, 500, 1305, 1302, 31, 10.39%, 0, 0, 3, 10.63
1747782982, 0, 502, 1305, 1302, 31, 10.39%, 0, 0, 3, 9.14
1747782987, 0, 503, 1305, 1302, 31, 10.39%, 0, 0, 3, 8.28
1747782992, 0, 504, 1306, 1303, 31, 10.39%, 0, 0, 4, 8.92
1747782998, 0, 504, 1307, 1304, 31, 10.39%, 0, 0, 4, 7.04
1747783019, 0, 504, 1308, 1305, 31, 10.39%, 0, 0, 4, 5.56
1747783040, 0, 504, 1309, 1306, 31, 10.39%, 0, 0, 4, 8.24
1747783122, 0, 506, 1309, 1306, 31, 10.39%, 0, 0, 4, 7.48
1747783133, 0, 507, 1309, 1306, 31, 10.39%, 0, 0, 4, 10.55
1747783138, 0, 511, 1309, 1306, 31, 10.39%, 0, 0, 4, 10.50
1747783144, 0, 511, 1310, 1307, 31, 10.39%, 0, 0, 4, 1.86
1747783159, 0, 512, 1311, 1308, 31, 10.39%, 0, 0, 4, 5.15
1747783179, 0, 513, 1311, 1308, 31, 10.39%, 0, 0, 4, 7.75
1747783185, 0, 515, 1311, 1308, 31, 10.39%, 0, 0, 4, 9.54
1747783190, 0, 516, 1311, 1308, 31, 10.39%, 0, 0, 4, 10.08
1747783195, 0, 517, 1311, 1308, 31, 10.39%, 0, 0, 4, 8.75
1747783200, 0, 518, 1311, 1308, 31, 10.39%, 0, 0, 4, 8.98
1747783206, 0, 522, 1311, 1308, 31, 10.39%, 0, 0, 4, 9.57
1747783211, 0, 523, 1311, 1308, 31, 10.39%, 0, 0, 4, 10.32
1747783216, 0, 523, 1313, 1310, 31, 10.39%, 0, 0, 4, 7.01
1747783237, 0, 523, 1314, 1311, 31, 10.39%, 0, 0, 4, 7.79
1747783242, 0, 523, 1315, 1312, 31, 10.39%, 0, 0, 4, 5.59
1747783325, 0, 525, 1315, 1312, 31, 10.39%, 0, 0, 4, 9.12
1747783330, 0, 526, 1315, 1312, 31, 10.39%, 0, 0, 4, 8.43
1747783335, 0, 527, 1315, 1312, 31, 10.39%, 0, 0, 4, 8.83
1747783345, 0, 530, 1315, 1312, 31, 10.39%, 0, 0, 4, 11.02
1747783350, 0, 533, 1315, 1312, 31, 10.39%, 0, 0, 4, 10.59
1747783361, 0, 535, 1315, 1312, 31, 10.39%, 0, 0, 4, 9.40
1747783366, 0, 538, 1315, 1312, 31, 10.39%, 0, 0, 4, 8.12
1747783372, 0, 540, 1315, 1312, 31, 10.39%, 0, 0, 4, 7.99
1747783377, 0, 541, 1315, 1312, 31, 10.39%, 0, 0, 4, 9.56
1747783382, 0, 541, 1316, 1313, 31, 10.39%, 0, 0, 4, 6.39
1747783397, 0, 542, 1316, 1313, 31, 10.39%, 0, 0, 4, 7.29
1747783402, 0, 543, 1316, 1313, 31, 10.39%, 0, 0, 4, 8.50
1747783408, 0, 544, 1316, 1313, 31, 10.39%, 0, 0, 4, 7.75
1747783413, 0, 545, 1316, 1313, 31, 10.39%, 0, 0, 4, 9.77
1747783423, 0, 547, 1316, 1313, 31, 10.39%, 0, 0, 4, 9.03
1747783428, 0, 549, 1316, 1313, 31, 10.39%, 0, 0, 4, 8.20
1747783438, 0, 551, 1316, 1313, 31, 10.39%, 0, 0, 4, 10.40
1747783449, 0, 552, 1316, 1313, 31, 10.39%, 0, 0, 4, 8.73
1747783454, 0, 553, 1316, 1313, 31, 10.39%, 0, 0, 4, 9.74
1747783459, 0, 554, 1316, 1313, 31, 10.39%, 0, 0, 4, 11.15
1747783464, 0, 555, 1317, 1314, 31, 10.39%, 0, 0, 4, 7.66
1747783480, 0, 556, 1317, 1314, 31, 10.39%, 0, 0, 4, 7.29
1747783490, 0, 557, 1317, 1314, 31, 10.39%, 0, 0, 4, 10.24
1747783496, 0, 558, 1318, 1315, 31, 10.39%, 0, 0, 4, 3.17
1747783511, 0, 559, 1318, 1315, 33, 10.39%, 0, 0, 4, 7.83
1747783516, 0, 560, 1318, 1315, 33, 10.39%, 0, 0, 4, 9.68
1747783527, 0, 561, 1318, 1315, 33, 10.39%, 0, 0, 4, 9.17
1747783532, 0, 562, 1318, 1315, 33, 10.39%, 0, 0, 4, 7.70
1747783537, 0, 563, 1318, 1315, 33, 10.39%, 0, 0, 4, 10.47
1747783542, 0, 565, 1318, 1315, 33, 10.39%, 0, 0, 4, 10.24
1747783547, 0, 566, 1318, 1315, 33, 10.39%, 0, 0, 4, 9.46
1747783553, 0, 567, 1318, 1315, 33, 10.39%, 0, 0, 4, 10.57
1747783558, 0, 568, 1319, 1316, 33, 10.39%, 0, 0, 4, 9.10
1747783574, 0, 569, 1319, 1316, 33, 10.39%, 0, 0, 4, 9.09
1747783584, 0, 572, 1319, 1316, 33, 10.39%, 0, 0, 4, 9.35
1747783595, 0, 573, 1319, 1316, 33, 10.39%, 0, 0, 4, 8.25
1747783600, 0, 575, 1319, 1316, 33, 10.39%, 0, 0, 4, 8.42
1747783605, 0, 577, 1319, 1316, 33, 10.39%, 0, 0, 4, 9.40
1747783615, 0, 579, 1319, 1316, 33, 10.39%, 0, 0, 4, 9.04
1747783621, 0, 580, 1319, 1316, 33, 10.39%, 0, 0, 4, 9.51
1747783626, 0, 582, 1319, 1316, 33, 10.39%, 0, 0, 4, 9.75
1747783631, 0, 584, 1320, 1317, 33, 10.39%, 0, 0, 4, 9.40
1747783641, 0, 585, 1320, 1317, 33, 10.39%, 0, 0, 4, 9.25
1747783646, 0, 586, 1320, 1317, 33, 10.39%, 0, 0, 4, 10.82
1747783651, 0, 587, 1320, 1317, 33, 10.39%, 0, 0, 4, 11.47
1747783656, 0, 589, 1320, 1317, 33, 10.39%, 0, 0, 4, 10.02
1747783661, 0, 591, 1320, 1317, 33, 10.39%, 0, 0, 4, 20.00
1747783667, 0, 592, 1320, 1317, 33, 10.39%, 0, 0, 4, 16.41
1747783672, 0, 593, 1320, 1317, 33, 10.39%, 0, 0, 4, 11.56
1747783677, 0, 594, 1320, 1317, 33, 10.39%, 0, 0, 4, 9.66
1747783687, 0, 594, 1321, 1318, 33, 10.39%, 0, 0, 4, 19.51
1747783698, 0, 594, 1322, 1319, 33, 10.39%, 0, 0, 4, 2.77
1747783714, 0, 595, 1322, 1319, 33, 10.39%, 0, 0, 4, 9.53
1747783719, 0, 598, 1322, 1319, 33, 10.39%, 0, 0, 4, 11.93
1747783729, 0, 599, 1322, 1319, 33, 10.39%, 0, 0, 4, 12.87
1747783735, 0, 600, 1322, 1319, 33, 10.39%, 0, 0, 4, 11.20
1747783740, 0, 602, 1322, 1319, 33, 10.39%, 0, 0, 4, 9.26
1747783745, 0, 603, 1322, 1319, 33, 10.39%, 0, 0, 4, 8.08
1747783750, 0, 604, 1322, 1319, 33, 10.39%, 0, 0, 4, 10.32
1747783756, 0, 605, 1322, 1319, 33, 10.39%, 0, 0, 4, 10.35
1747783761, 0, 605, 1323, 1320, 33, 10.39%, 0, 0, 4, 11.76
1747783766, 0, 606, 1323, 1320, 33, 10.39%, 0, 0, 4, 11.70
1747783771, 0, 607, 1323, 1320, 33, 10.39%, 0, 0, 4, 10.37
1747783776, 0, 608, 1323, 1320, 33, 10.39%, 0, 0, 4, 11.39
1747783781, 0, 609, 1323, 1320, 33, 10.39%, 0, 0, 4, 9.66
1747783791, 0, 610, 1323, 1320, 33, 10.39%, 0, 0, 4, 8.23
1747783797, 0, 611, 1323, 1320, 33, 10.39%, 0, 0, 4, 8.31
1747783802, 0, 613, 1323, 1320, 33, 10.39%, 0, 0, 4, 7.99
1747783812, 0, 614, 1323, 1320, 33, 10.39%, 0, 0, 4, 10.63
1747783817, 0, 615, 1323, 1320, 33, 10.39%, 0, 0, 4, 9.28
1747783822, 0, 618, 1323, 1320, 33, 10.39%, 0, 0, 4, 12.20
1747783833, 0, 621, 1323, 1320, 33, 10.39%, 0, 0, 4, 2.25
1747783838, 0, 622, 1323, 1320, 33, 10.39%, 0, 0, 4, 18.78
1747783844, 0, 623, 1323, 1320, 33, 10.39%, 0, 0, 4, 5.24
1747783854, 0, 624, 1323, 1320, 33, 10.39%, 0, 0, 4, 8.37
1747783859, 0, 625, 1323, 1320, 33, 10.39%, 0, 0, 4, 7.95
1747783865, 0, 626, 1323, 1320, 33, 10.39%, 0, 0, 4, 8.44
1747783875, 0, 627, 1323, 1320, 33, 10.39%, 0, 0, 4, 10.93
1747783880, 0, 628, 1323, 1320, 33, 10.39%, 0, 0, 4, 2.28
1747783886, 0, 628, 1324, 1321, 33, 10.39%, 0, 0, 4, 1.99
1747783897, 0, 629, 1324, 1321, 33, 10.39%, 0, 0, 4, 1.56
1747783902, 0, 630, 1324, 1321, 33, 10.39%, 0, 0, 4, 8.09
1747783907, 0, 631, 1324, 1321, 33, 10.39%, 0, 0, 4, 9.68
1747783917, 0, 632, 1324, 1321, 33, 10.39%, 0, 0, 4, 10.19
1747783922, 0, 633, 1324, 1321, 33, 10.39%, 0, 0, 4, 10.04
1747783927, 0, 635, 1324, 1321, 33, 10.39%, 0, 0, 4, 9.77
1747783932, 0, 636, 1324, 1321, 33, 10.39%, 0, 0, 4, 9.80
1747783937, 0, 637, 1324, 1321, 33, 10.39%, 0, 0, 4, 9.02
1747783943, 0, 638, 1324, 1321, 33, 10.39%, 0, 0, 4, 10.37
1747783948, 0, 639, 1324, 1321, 33, 10.39%, 0, 0, 4, 9.89
1747783953, 0, 641, 1324, 1321, 33, 10.39%, 0, 0, 4, 9.60
1747783958, 0, 642, 1324, 1321, 33, 10.39%, 0, 0, 4, 10.61
1747783963, 0, 643, 1324, 1321, 33, 10.39%, 0, 0, 4, 1.59
1747783968, 0, 644, 1324, 1321, 33, 10.39%, 0, 0, 4, 9.51
1747783979, 0, 646, 1324, 1321, 33, 10.39%, 0, 0, 4, 8.06
1747783984, 0, 647, 1324, 1321, 33, 10.39%, 0, 0, 4, 9.45
1747783989, 0, 649, 1324, 1321, 33, 10.39%, 0, 0, 4, 9.99
1747783995, 0, 650, 1324, 1321, 33, 10.39%, 0, 0, 4, 9.05
1747784000, 0, 652, 1324, 1321, 33, 10.39%, 0, 0, 4, 9.79
1747784010, 0, 654, 1324, 1321, 33, 10.39%, 0, 0, 4, 10.18
1747784020, 0, 655, 1324, 1321, 33, 10.39%, 0, 0, 4, 7.61
1747784025, 0, 655, 1325, 1322, 33, 10.39%, 0, 0, 4, 6.42
1747784036, 0, 656, 1325, 1322, 33, 10.39%, 0, 0, 4, 7.34
1747784041, 0, 657, 1325, 1322, 33, 10.39%, 0, 0, 4, 10.53
1747784046, 0, 658, 1326, 1323, 33, 10.39%, 0, 0, 4, 2.07
1747784062, 0, 659, 1326, 1323, 33, 10.39%, 0, 0, 4, 2.09
1747784067, 0, 660, 1326, 1323, 33, 10.39%, 0, 0, 4, 6.53
1747784077, 0, 661, 1326, 1323, 33, 10.39%, 0, 0, 4, 7.80
1747784082, 0, 662, 1326, 1323, 33, 10.39%, 0, 0, 4, 7.94
1747784088, 0, 663, 1326, 1323, 33, 10.39%, 0, 0, 4, 8.33
1747784093, 0, 664, 1326, 1323, 33, 10.39%, 0, 0, 4, 10.34
1747784098, 0, 667, 1326, 1323, 33, 10.39%, 0, 0, 4, 10.67
1747784103, 0, 669, 1326, 1323, 33, 10.39%, 0, 0, 4, 10.68
1747784113, 0, 670, 1326, 1323, 33, 10.39%, 0, 0, 4, 7.13
1747784118, 0, 671, 1326, 1323, 33, 10.39%, 0, 0, 4, 7.56
1747784124, 0, 673, 1326, 1323, 33, 10.39%, 0, 0, 4, 8.97
1747784134, 0, 675, 1326, 1323, 33, 10.39%, 0, 0, 4, 8.57
1747784139, 0, 676, 1326, 1323, 33, 10.39%, 0, 0, 4, 9.77
1747784144, 0, 677, 1326, 1323, 33, 10.39%, 0, 0, 4, 11.50
1747784150, 0, 679, 1326, 1323, 33, 10.39%, 0, 0, 4, 10.35
1747784155, 0, 680, 1326, 1323, 33, 10.39%, 0, 0, 4, 8.97
1747784160, 0, 681, 1326, 1323, 33, 10.39%, 0, 0, 4, 8.74
1747784165, 0, 681, 1327, 1324, 33, 10.39%, 0, 0, 4, 5.47
1747784181, 0, 682, 1327, 1324, 33, 10.39%, 0, 0, 4, 8.23
1747784186, 0, 683, 1327, 1324, 33, 10.39%, 0, 0, 4, 6.72
1747784196, 0, 684, 1327, 1324, 33, 10.39%, 0, 0, 4, 8.83
1747784201, 0, 685, 1327, 1324, 33, 10.39%, 0, 0, 4, 7.32
1747784207, 0, 687, 1327, 1324, 33, 10.39%, 0, 0, 4, 6.90
1747784217, 0, 688, 1327, 1324, 33, 10.39%, 0, 0, 4, 7.71
1747784222, 0, 690, 1327, 1324, 33, 10.39%, 0, 0, 4, 8.04
1747784227, 0, 691, 1327, 1324, 33, 10.39%, 0, 0, 4, 9.29
1747784232, 0, 692, 1327, 1324, 33, 10.39%, 0, 0, 4, 12.24
1747784237, 0, 693, 1327, 1324, 33, 10.39%, 0, 0, 4, 7.07
1747784243, 0, 694, 1327, 1324, 33, 10.39%, 0, 0, 4, 10.03
1747784248, 0, 695, 1327, 1324, 33, 10.39%, 0, 0, 4, 10.09
1747784253, 0, 696, 1327, 1324, 33, 10.39%, 0, 0, 4, 9.87
1747784258, 0, 696, 1328, 1325, 33, 10.39%, 0, 0, 4, 9.57
1747784263, 0, 697, 1328, 1325, 33, 10.39%, 0, 0, 4, 10.57
1747784268, 0, 698, 1328, 1325, 33, 10.39%, 0, 0, 4, 20.16
1747784274, 0, 699, 1328, 1325, 33, 10.39%, 0, 0, 4, 4.12
1747784284, 0, 700, 1328, 1325, 33, 10.39%, 0, 0, 4, 6.47
1747784289, 0, 703, 1328, 1325, 33, 10.39%, 0, 0, 4, 9.15
1747784294, 0, 704, 1328, 1325, 33, 10.39%, 0, 0, 4, 9.42
1747784300, 0, 705, 1328, 1325, 33, 10.39%, 0, 0, 4, 9.39
1747784310, 0, 706, 1328, 1325, 33, 10.39%, 0, 0, 4, 9.64
1747784315, 0, 709, 1329, 1326, 33, 10.39%, 0, 0, 4, 1.47
1747784330, 0, 710, 1329, 1326, 33, 10.39%, 0, 0, 4, 9.26
1747784341, 0, 711, 1329, 1326, 33, 10.39%, 0, 0, 4, 7.75
1747784346, 0, 712, 1329, 1326, 33, 10.39%, 0, 0, 4, 7.61
1747784351, 0, 714, 1329, 1326, 33, 10.39%, 0, 0, 4, 8.72
1747784362, 0, 714, 1330, 1327, 33, 10.39%, 0, 0, 4, 5.41
1747784367, 0, 714, 1331, 1328, 33, 10.39%, 0, 0, 4, 6.85
1747784382, 0, 714, 1332, 1329, 33, 10.39%, 0, 0, 4, 6.55
1747784403, 0, 714, 1333, 1330, 33, 10.39%, 0, 0, 4, 6.35
1747784418, 0, 714, 1334, 1331, 33, 10.39%, 0, 0, 4, 8.67
1747784424, 0, 714, 1335, 1332, 33, 10.39%, 0, 0, 4, 6.13
1747784445, 0, 714, 1336, 1333, 33, 10.39%, 0, 0, 4, 4.46
1747784503, 0, 714, 1337, 1334, 33, 10.39%, 0, 0, 4, 8.27
1747784524, 0, 714, 1338, 1335, 33, 10.39%, 0, 0, 4, 8.14
1747784561, 0, 714, 1339, 1336, 33, 10.39%, 0, 0, 4, 4.06
1747784613, 0, 716, 1340, 1337, 33, 10.39%, 0, 0, 4, 7.34
1747784623, 0, 718, 1340, 1337, 33, 10.39%, 0, 0, 4, 11.21
1747784628, 0, 718, 1341, 1338, 33, 10.39%, 0, 0, 4, 8.36
1747784638, 0, 719, 1341, 1338, 33, 10.39%, 0, 0, 4, 9.31
1747784649, 0, 720, 1341, 1338, 33, 10.39%, 0, 0, 4, 8.43
1747784654, 0, 721, 1341, 1338, 33, 10.39%, 0, 0, 4, 7.70
1747784659, 0, 721, 1342, 1339, 33, 10.39%, 0, 0, 4, 1.87
1747784675, 0, 721, 1343, 1340, 33, 10.39%, 0, 0, 4, 4.63
1747784691, 0, 721, 1344, 1341, 33, 10.39%, 0, 0, 4, 7.61
1747784711, 0, 721, 1345, 1342, 33, 10.39%, 0, 0, 4, 5.56
1747784789, 0, 722, 1345, 1342, 33, 10.39%, 0, 0, 4, 8.45
1747784794, 0, 723, 1345, 1342, 33, 10.39%, 0, 0, 4, 9.00
1747784800, 0, 724, 1345, 1342, 33, 10.39%, 0, 0, 4, 7.71
1747784805, 0, 725, 1345, 1342, 33, 10.39%, 0, 0, 4, 10.48
1747784810, 0, 726, 1345, 1342, 33, 10.39%, 0, 0, 4, 10.62
1747784815, 0, 727, 1345, 1342, 33, 10.39%, 0, 0, 4, 10.01
1747784820, 0, 728, 1345, 1342, 33, 10.39%, 0, 0, 4, 12.14
1747784825, 0, 729, 1345, 1342, 33, 10.39%, 0, 0, 4, 21.33
1747784830, 0, 731, 1345, 1342, 33, 10.39%, 0, 0, 4, 17.90
1747784841, 0, 733, 1345, 1342, 33, 10.39%, 0, 0, 4, 9.41
1747784847, 0, 734, 1345, 1342, 33, 10.39%, 0, 0, 4, 9.31
1747784852, 0, 735, 1345, 1342, 33, 10.39%, 0, 0, 4, 7.64
1747784857, 0, 736, 1345, 1342, 33, 10.39%, 0, 0, 4, 8.25
1747784862, 0, 737, 1345, 1342, 33, 10.39%, 0, 0, 4, 10.54
1747784873, 0, 739, 1345, 1342, 33, 10.39%, 0, 0, 4, 8.00
1747784878, 0, 739, 1346, 1343, 33, 10.39%, 0, 0, 4, 6.56
1747784888, 0, 740, 1346, 1343, 33, 10.39%, 0, 0, 4, 8.58
1747784893, 0, 742, 1346, 1343, 33, 10.39%, 0, 0, 4, 10.61
1747785058, 0, 742, 1347, 1344, 33, 10.39%, 0, 0, 4, 6.11
1747785274, 0, 742, 1350, 1347, 33, 10.39%, 0, 0, 4, 5.95
1747785279, 0, 742, 1351, 1348, 33, 10.39%, 0, 0, 4, 6.02
1747785336, 0, 742, 1353, 1350, 33, 10.39%, 0, 0, 4, 10.37
1747785341, 0, 742, 1355, 1352, 33, 10.39%, 0, 0, 4, 10.19
1747785346, 0, 742, 1356, 1353, 33, 10.39%, 0, 0, 4, 10.00
1747785356, 0, 742, 1357, 1354, 33, 10.39%, 0, 0, 4, 10.43
1747785371, 0, 744, 1357, 1353, 31, 10.39%, 0, 0, 4, 8.00
1747785377, 0, 746, 1357, 1353, 31, 10.39%, 0, 0, 4, 11.99
1747785382, 0, 748, 1357, 1353, 31, 10.39%, 0, 0, 4, 18.44
1747785387, 0, 749, 1357, 1353, 31, 10.39%, 0, 0, 4, 16.80
1747785392, 0, 752, 1357, 1353, 31, 10.39%, 0, 0, 4, 13.22
1747785397, 0, 754, 1357, 1353, 31, 10.39%, 0, 0, 4, 14.06
1747785402, 0, 757, 1358, 1354, 31, 10.39%, 0, 0, 4, 17.15
1747785413, 0, 757, 1359, 1355, 31, 10.39%, 0, 0, 4, 3.07
1747785423, 0, 761, 1359, 1355, 30, 10.39%, 0, 0, 4, 12.70
1747785428, 0, 762, 1359, 1355, 30, 10.39%, 0, 0, 4, 17.63
1747785433, 0, 763, 1360, 1356, 30, 10.39%, 0, 0, 4, 11.88
1747785443, 0, 765, 1360, 1356, 29, 10.39%, 0, 0, 4, 13.53
1747785449, 0, 765, 1361, 1357, 29, 10.39%, 0, 0, 4, 13.21
1747785454, 0, 766, 1361, 1357, 28, 10.39%, 0, 0, 4, 15.21
1747785459, 0, 767, 1362, 1358, 28, 10.40%, 0, 0, 4, 9.78
1747785469, 0, 769, 1362, 1358, 28, 10.40%, 0, 0, 4, 15.77
1747785474, 0, 770, 1362, 1358, 28, 10.40%, 0, 0, 4, 16.27
1747785480, 0, 771, 1363, 1359, 28, 10.40%, 0, 0, 4, 10.55
1747785490, 0, 773, 1363, 1359, 28, 10.40%, 0, 0, 4, 14.32
1747785495, 0, 774, 1363, 1359, 28, 10.40%, 0, 0, 4, 14.24
1747785500, 0, 777, 1363, 1359, 28, 10.40%, 0, 0, 4, 13.30
1747785506, 0, 779, 1363, 1359, 28, 10.40%, 0, 0, 4, 15.07
1747785511, 0, 780, 1363, 1359, 28, 10.40%, 0, 0, 4, 14.82
1747785516, 0, 781, 1363, 1359, 28, 10.40%, 0, 0, 4, 14.55
1747785521, 0, 786, 1363, 1359, 28, 10.40%, 0, 0, 4, 14.48
1747785526, 0, 788, 1363, 1359, 28, 10.40%, 0, 0, 4, 15.90
1747785531, 0, 788, 1364, 1360, 28, 10.40%, 0, 0, 4, 10.91
1747785536, 0, 790, 1365, 1361, 28, 10.40%, 0, 0, 4, 12.06
1747785541, 0, 790, 1366, 1362, 28, 10.40%, 0, 0, 4, 11.33
1747785552, 0, 790, 1367, 1363, 28, 10.40%, 0, 0, 4, 9.75
1747785567, 0, 790, 1368, 1364, 28, 10.40%, 0, 0, 4, 14.89
1747785608, 0, 792, 1368, 1364, 27, 10.40%, 0, 0, 4, 16.20
1747785613, 0, 793, 1368, 1364, 27, 10.40%, 0, 0, 4, 18.35
1747785618, 0, 795, 1368, 1364, 27, 10.40%, 0, 0, 4, 16.12
1747785623, 0, 796, 1368, 1364, 27, 10.40%, 0, 0, 4, 14.67
1747785628, 0, 798, 1368, 1364, 27, 10.40%, 0, 0, 4, 15.98
1747785633, 0, 800, 1368, 1364, 27, 10.40%, 0, 0, 4, 13.42
1747785639, 0, 804, 1368, 1364, 27, 10.40%, 0, 0, 4, 12.66
1747785644, 0, 805, 1368, 1364, 27, 10.40%, 0, 0, 4, 11.88
1747785649, 0, 805, 1369, 1365, 27, 10.40%, 0, 0, 4, 7.18
1747785659, 0, 807, 1370, 1366, 27, 10.40%, 0, 0, 4, 8.74
1747785669, 0, 809, 1370, 1366, 27, 10.40%, 0, 0, 4, 15.05
1747785675, 0, 810, 1370, 1366, 27, 10.40%, 0, 0, 4, 15.50
1747785680, 0, 812, 1370, 1366, 27, 10.40%, 0, 0, 4, 14.85
1747785685, 0, 813, 1370, 1366, 27, 10.40%, 0, 0, 4, 23.86
1747785690, 0, 816, 1370, 1366, 27, 10.40%, 0, 0, 4, 13.55
1747785695, 0, 818, 1370, 1366, 27, 10.40%, 0, 0, 4, 11.94
1747785700, 0, 818, 1371, 1367, 27, 10.40%, 0, 0, 4, 10.25
1747785705, 0, 819, 1371, 1367, 28, 10.40%, 0, 0, 4, 11.98
1747785711, 0, 821, 1371, 1367, 28, 10.40%, 0, 0, 4, 2.88
1747785716, 0, 822, 1371, 1367, 28, 10.40%, 0, 0, 4, 15.57
1747785721, 0, 824, 1371, 1367, 28, 10.40%, 0, 0, 4, 15.17
1747785726, 0, 825, 1371, 1367, 28, 10.40%, 0, 0, 4, 15.67
1747785731, 0, 827, 1371, 1367, 28, 10.40%, 0, 0, 4, 12.26
1747785736, 0, 829, 1371, 1367, 28, 10.40%, 0, 0, 4, 14.89
1747785741, 0, 830, 1372, 1368, 28, 10.40%, 0, 0, 4, 10.67
1747785751, 0, 831, 1372, 1368, 28, 10.40%, 0, 0, 4, 12.55
1747785757, 0, 831, 1373, 1369, 28, 10.40%, 0, 0, 4, 12.26
1747785762, 0, 832, 1373, 1369, 28, 10.40%, 0, 0, 4, 15.83
1747785767, 0, 833, 1373, 1369, 28, 10.40%, 0, 0, 4, 14.28
1747785772, 0, 836, 1373, 1369, 28, 10.40%, 0, 0, 4, 14.82
1747785777, 0, 837, 1373, 1369, 28, 10.40%, 0, 0, 4, 14.51
1747785782, 0, 839, 1373, 1369, 28, 10.40%, 0, 0, 4, 18.06
1747785787, 0, 840, 1373, 1369, 28, 10.40%, 0, 0, 4, 16.07
1747785792, 0, 841, 1373, 1369, 28, 10.40%, 0, 0, 4, 12.38
1747785798, 0, 843, 1373, 1369, 28, 10.40%, 0, 0, 4, 12.45
1747785803, 0, 844, 1373, 1369, 28, 10.40%, 0, 0, 4, 13.13
1747785808, 0, 846, 1373, 1369, 28, 10.40%, 0, 0, 4, 13.65
1747785813, 0, 848, 1373, 1369, 28, 10.40%, 0, 0, 4, 14.82
1747785818, 0, 849, 1373, 1369, 28, 10.40%, 0, 0, 4, 16.02
1747785823, 0, 851, 1373, 1369, 28, 10.40%, 0, 0, 4, 16.13
1747785828, 0, 852, 1373, 1369, 28, 10.40%, 0, 0, 4, 15.23
1747785834, 0, 854, 1373, 1369, 28, 10.40%, 0, 0, 4, 16.49
1747785839, 0, 855, 1373, 1369, 28, 10.40%, 0, 0, 4, 14.61
1747785844, 0, 858, 1373, 1369, 28, 10.40%, 0, 0, 4, 14.75
1747785849, 0, 861, 1373, 1369, 28, 10.40%, 0, 0, 4, 17.28
1747785854, 0, 861, 1374, 1370, 28, 10.40%, 0, 0, 4, 18.26
1747785864, 0, 864, 1375, 1371, 28, 10.40%, 0, 0, 4, 15.92
1747785875, 0, 865, 1376, 1372, 28, 10.40%, 0, 0, 4, 11.98
1747785885, 0, 867, 1376, 1372, 28, 10.40%, 0, 0, 4, 13.78
1747785890, 0, 868, 1376, 1372, 28, 10.40%, 0, 0, 4, 16.70
1747785895, 0, 870, 1376, 1372, 28, 10.40%, 0, 0, 4, 15.22
1747785900, 0, 871, 1376, 1372, 28, 10.40%, 0, 0, 4, 12.20
1747785905, 0, 873, 1376, 1372, 28, 10.40%, 0, 0, 4, 14.95
1747785910, 0, 875, 1376, 1372, 28, 10.40%, 0, 0, 4, 28.12
1747785916, 0, 875, 1377, 1373, 28, 10.40%, 0, 0, 4, 22.29
1747785921, 0, 877, 1377, 1373, 29, 10.40%, 0, 0, 4, 16.49
1747785926, 0, 878, 1377, 1373, 29, 10.40%, 0, 0, 4, 18.75
1747785931, 0, 881, 1377, 1373, 29, 10.40%, 0, 0, 4, 15.71
1747785936, 0, 883, 1377, 1373, 29, 10.40%, 0, 0, 4, 15.28
1747785941, 0, 885, 1377, 1373, 29, 10.40%, 0, 0, 4, 11.95
1747785947, 0, 885, 1378, 1374, 29, 10.40%, 0, 0, 4, 10.63
1747785952, 0, 886, 1378, 1374, 29, 10.40%, 0, 0, 4, 12.23
1747785957, 0, 887, 1378, 1374, 29, 10.40%, 0, 0, 4, 17.20
1747785962, 0, 890, 1378, 1374, 29, 10.40%, 0, 0, 4, 17.57
1747785967, 0, 892, 1378, 1374, 29, 10.40%, 0, 0, 4, 13.66
1747785972, 0, 895, 1378, 1374, 29, 10.40%, 0, 0, 4, 12.96
1747785977, 0, 896, 1378, 1374, 29, 10.40%, 0, 0, 4, 15.31
1747785983, 0, 898, 1378, 1374, 29, 10.40%, 0, 0, 4, 18.79
1747785988, 0, 899, 1378, 1374, 29, 10.40%, 0, 0, 4, 10.93
1747785993, 0, 903, 1378, 1374, 29, 10.40%, 0, 0, 4, 12.43
1747785998, 0, 904, 1378, 1374, 29, 10.40%, 0, 0, 4, 12.85
1747786003, 0, 905, 1378, 1374, 29, 10.40%, 0, 0, 4, 12.76
1747786008, 0, 907, 1378, 1374, 29, 10.40%, 0, 0, 4, 17.40
1747786014, 0, 908, 1378, 1374, 29, 10.40%, 0, 0, 4, 15.97
1747786019, 0, 910, 1378, 1374, 29, 10.40%, 0, 0, 4, 17.18
1747786024, 0, 912, 1378, 1374, 29, 10.40%, 0, 0, 4, 13.71
1747786029, 0, 913, 1378, 1374, 29, 10.40%, 0, 0, 4, 13.11
1747786035, 0, 914, 1379, 1375, 29, 10.40%, 0, 0, 4, 1.66
1747786055, 0, 915, 1379, 1375, 29, 10.40%, 0, 0, 4, 7.75
1747786060, 0, 916, 1379, 1375, 29, 10.40%, 0, 0, 4, 8.78
1747786065, 0, 917, 1379, 1375, 29, 10.40%, 0, 0, 4, 11.74
1747786070, 0, 918, 1379, 1375, 29, 10.40%, 0, 0, 4, 10.28
1747786075, 0, 919, 1379, 1375, 29, 10.40%, 0, 0, 4, 9.26
1747786081, 0, 920, 1379, 1375, 29, 10.40%, 0, 0, 4, 2.11
1747786091, 0, 921, 1380, 1376, 29, 10.40%, 0, 0, 4, 3.12
1747786112, 0, 923, 1380, 1376, 29, 10.40%, 0, 0, 4, 8.63
1747786117, 0, 924, 1380, 1376, 29, 10.40%, 0, 0, 4, 8.42
1747786122, 0, 926, 1380, 1376, 29, 10.40%, 0, 0, 4, 9.40
1747786127, 0, 927, 1380, 1376, 29, 10.40%, 0, 0, 4, 8.75
1747786132, 0, 927, 1381, 1377, 29, 10.40%, 0, 0, 4, 9.39
1747786138, 0, 928, 1381, 1377, 29, 10.40%, 0, 0, 4, 9.12
1747786143, 0, 929, 1381, 1377, 29, 10.40%, 0, 0, 4, 9.62
1747786153, 0, 930, 1382, 1378, 29, 10.40%, 0, 0, 4, 6.72
1747786168, 0, 932, 1382, 1378, 29, 10.40%, 0, 0, 4, 9.15
1747786174, 0, 934, 1382, 1378, 29, 10.40%, 0, 0, 4, 2.16
1747786179, 0, 935, 1382, 1378, 29, 10.40%, 0, 0, 4, 16.14
1747786184, 0, 936, 1382, 1378, 29, 10.40%, 0, 0, 4, 19.42
1747786189, 0, 937, 1382, 1378, 29, 10.40%, 0, 0, 4, 1.86
1747786200, 0, 938, 1382, 1378, 29, 10.40%, 0, 0, 4, 6.69
1747786205, 0, 939, 1382, 1378, 29, 10.40%, 0, 0, 4, 7.66
1747786210, 0, 940, 1382, 1378, 29, 10.40%, 0, 0, 4, 9.26
1747786215, 0, 941, 1382, 1378, 29, 10.40%, 0, 0, 4, 9.73
1747786220, 0, 942, 1382, 1378, 29, 10.40%, 0, 0, 4, 9.09
1747786226, 0, 943, 1382, 1378, 29, 10.40%, 0, 0, 4, 10.08
1747786231, 0, 944, 1382, 1378, 29, 10.40%, 0, 0, 4, 9.12
1747786236, 0, 945, 1382, 1378, 29, 10.40%, 0, 0, 4, 11.23
1747786241, 0, 946, 1382, 1378, 29, 10.40%, 0, 0, 4, 10.61
1747786246, 0, 950, 1382, 1378, 29, 10.40%, 0, 0, 4, 9.82
1747786257, 0, 951, 1382, 1378, 29, 10.40%, 0, 0, 4, 8.87
1747786262, 0, 951, 1383, 1379, 29, 10.40%, 0, 0, 4, 6.93
1747786272, 0, 952, 1383, 1379, 29, 10.40%, 0, 0, 4, 8.46
1747786277, 0, 952, 1384, 1380, 29, 10.40%, 0, 0, 4, 8.18
1747786293, 0, 954, 1384, 1380, 29, 10.40%, 0, 0, 4, 8.50
1747786298, 0, 955, 1384, 1380, 29, 10.40%, 0, 0, 4, 8.48
1747786303, 0, 956, 1384, 1380, 29, 10.40%, 0, 0, 4, 8.12
1747786314, 0, 957, 1385, 1381, 29, 10.40%, 0, 0, 4, 5.05
1747786334, 0, 959, 1385, 1381, 29, 10.40%, 0, 0, 4, 7.54
1747786340, 0, 960, 1385, 1381, 29, 10.40%, 0, 0, 4, 7.87
1747786345, 0, 961, 1385, 1381, 29, 10.40%, 0, 0, 4, 8.24
1747786355, 0, 962, 1385, 1381, 29, 10.40%, 0, 0, 4, 9.24
1747786360, 0, 963, 1385, 1381, 29, 10.40%, 0, 0, 4, 10.87
1747786365, 0, 964, 1385, 1381, 29, 10.40%, 0, 0, 4, 11.59
1747786370, 0, 965, 1385, 1381, 29, 10.40%, 0, 0, 4, 10.87
1747786375, 0, 966, 1385, 1381, 29, 10.40%, 0, 0, 4, 9.94
1747786381, 0, 967, 1385, 1381, 29, 10.40%, 0, 0, 4, 10.89
1747786386, 0, 968, 1385, 1381, 29, 10.40%, 0, 0, 4, 10.56
1747786391, 0, 969, 1385, 1381, 29, 10.40%, 0, 0, 4, 9.34
1747786396, 0, 970, 1385, 1381, 29, 10.40%, 0, 0, 4, 2.80
1747786402, 0, 971, 1386, 1382, 29, 10.40%, 0, 0, 4, 2.05
1747786418, 0, 971, 1387, 1383, 29, 10.40%, 0, 0, 4, 1.83
1747786439, 0, 974, 1387, 1383, 29, 10.40%, 0, 0, 4, 9.65
1747786444, 0, 975, 1387, 1383, 29, 10.40%, 0, 0, 4, 2.90
1747786454, 0, 976, 1387, 1383, 29, 10.40%, 0, 0, 4, 8.94
1747786459, 0, 978, 1387, 1383, 29, 10.40%, 0, 0, 4, 7.20
1747786465, 0, 979, 1387, 1383, 29, 10.40%, 0, 0, 4, 9.62
1747786470, 0, 980, 1387, 1383, 29, 10.40%, 0, 0, 4, 10.06
1747786480, 0, 981, 1387, 1383, 29, 10.40%, 0, 0, 4, 7.89
1747786485, 0, 983, 1387, 1383, 29, 10.40%, 0, 0, 4, 10.32
1747786490, 0, 984, 1387, 1383, 29, 10.40%, 0, 0, 4, 8.31
1747786496, 0, 985, 1387, 1383, 29, 10.40%, 0, 0, 4, 7.48
1747786501, 0, 986, 1387, 1383, 29, 10.40%, 0, 0, 4, 8.48
1747786511, 0, 987, 1387, 1383, 29, 10.40%, 0, 0, 4, 10.13
1747786516, 0, 989, 1387, 1383, 29, 10.40%, 0, 0, 4, 9.87
1747786526, 0, 990, 1387, 1383, 29, 10.40%, 0, 0, 4, 9.38
1747786531, 0, 991, 1388, 1384, 29, 10.40%, 0, 0, 4, 1.51
1747786547, 0, 992, 1388, 1384, 29, 10.40%, 0, 0, 4, 9.41
1747786552, 0, 993, 1388, 1384, 29, 10.40%, 0, 0, 4, 9.18
1747786557, 0, 994, 1388, 1384, 29, 10.40%, 0, 0, 4, 8.67
1747786568, 0, 995, 1388, 1384, 29, 10.40%, 0, 0, 4, 8.65
1747786573, 0, 996, 1388, 1384, 29, 10.40%, 0, 0, 4, 8.63
1747786583, 0, 997, 1388, 1384, 29, 10.40%, 0, 0, 4, 9.35
1747786588, 0, 998, 1388, 1384, 29, 10.40%, 0, 0, 4, 9.46
1747786593, 0, 999, 1388, 1384, 29, 10.40%, 0, 0, 4, 8.64
1747786598, 0, 1000, 1388, 1384, 29, 10.40%, 0, 0, 4, 9.79
1747786604, 0, 1001, 1388, 1384, 29, 10.40%, 0, 0, 4, 1.81
1747786614, 0, 1002, 1388, 1384, 29, 10.40%, 0, 0, 4, 6.11
1747786619, 0, 1003, 1388, 1384, 29, 10.40%, 0, 0, 4, 7.40
1747786624, 0, 1006, 1388, 1384, 29, 10.40%, 0, 0, 4, 7.67
1747786629, 0, 1006, 1389, 1385, 29, 10.40%, 0, 0, 4, 6.98
1747786645, 0, 1007, 1389, 1385, 29, 10.40%, 0, 0, 4, 8.22
1747786650, 0, 1009, 1389, 1385, 29, 10.40%, 0, 0, 4, 10.79
1747786655, 0, 1011, 1389, 1385, 29, 10.40%, 0, 0, 4, 9.37
1747786665, 0, 1012, 1389, 1385, 29, 10.40%, 0, 0, 4, 6.97
1747786671, 0, 1014, 1389, 1385, 29, 10.40%, 0, 0, 4, 7.61
1747786676, 0, 1015, 1389, 1385, 29, 10.40%, 0, 0, 4, 7.38
1747786686, 0, 1016, 1389, 1385, 29, 10.40%, 0, 0, 4, 9.18
1747786691, 0, 1017, 1389, 1385, 29, 10.40%, 0, 0, 4, 9.23
1747786697, 0, 1018, 1389, 1385, 29, 10.40%, 0, 0, 4, 9.48
1747786702, 0, 1019, 1389, 1385, 29, 10.40%, 0, 0, 4, 8.43
1747786707, 0, 1021, 1389, 1385, 29, 10.40%, 0, 0, 4, 9.86
1747786712, 0, 1022, 1389, 1385, 29, 10.40%, 0, 0, 4, 9.40
1747786723, 0, 1023, 1389, 1385, 29, 10.40%, 0, 0, 4, 11.13
1747786728, 0, 1025, 1389, 1385, 29, 10.40%, 0, 0, 4, 9.89
1747786733, 0, 1029, 1389, 1385, 29, 10.40%, 0, 0, 4, 9.60
1747786738, 0, 1030, 1389, 1385, 29, 10.40%, 0, 0, 4, 9.38
1747786743, 0, 1031, 1389, 1385, 29, 10.40%, 0, 0, 4, 8.29
1747786748, 0, 1033, 1389, 1385, 29, 10.40%, 0, 0, 4, 9.68
1747786758, 0, 1034, 1389, 1385, 29, 10.40%, 0, 0, 4, 8.65
1747786763, 0, 1035, 1389, 1385, 29, 10.40%, 0, 0, 4, 9.40
1747786769, 0, 1036, 1389, 1385, 29, 10.40%, 0, 0, 4, 9.51
1747786774, 0, 1037, 1389, 1385, 29, 10.40%, 0, 0, 4, 7.58
1747786784, 0, 1038, 1389, 1385, 29, 10.40%, 0, 0, 4, 8.64
1747786789, 0, 1039, 1389, 1385, 29, 10.40%, 0, 0, 4, 8.93
1747786794, 0, 1040, 1389, 1385, 29, 10.40%, 0, 0, 4, 11.09
1747786799, 0, 1042, 1389, 1385, 29, 10.40%, 0, 0, 4, 10.80
1747786804, 0, 1043, 1389, 1385, 29, 10.40%, 0, 0, 4, 10.39
1747786809, 0, 1044, 1389, 1385, 29, 10.40%, 0, 0, 4, 8.50
1747786815, 0, 1045, 1389, 1385, 29, 10.40%, 0, 0, 4, 8.54
1747786825, 0, 1046, 1389, 1385, 29, 10.40%, 0, 0, 4, 10.33
1747786830, 0, 1047, 1389, 1385, 29, 10.40%, 0, 0, 4, 9.36
1747786835, 0, 1048, 1389, 1385, 29, 10.40%, 0, 0, 4, 8.41
1747786840, 0, 1049, 1389, 1385, 29, 10.40%, 0, 0, 4, 8.20
1747786851, 0, 1051, 1389, 1385, 29, 10.40%, 0, 0, 4, 7.53
1747786861, 0, 1052, 1389, 1385, 29, 10.40%, 0, 0, 4, 9.43
1747786866, 0, 1053, 1389, 1385, 29, 10.40%, 0, 0, 4, 9.13
1747786871, 0, 1054, 1389, 1385, 29, 10.40%, 0, 0, 4, 8.63
1747786877, 0, 1055, 1389, 1385, 29, 10.40%, 0, 0, 4, 9.10
1747786882, 0, 1059, 1389, 1385, 29, 10.40%, 0, 0, 4, 10.27
1747786892, 0, 1060, 1389, 1385, 29, 10.40%, 0, 0, 4, 8.12
1747786897, 0, 1061, 1389, 1385, 29, 10.40%, 0, 0, 4, 8.50
1747786903, 0, 1062, 1389, 1385, 29, 10.40%, 0, 0, 4, 9.17
1747786913, 0, 1064, 1389, 1385, 29, 10.40%, 0, 0, 4, 15.59
1747786924, 0, 1065, 1389, 1385, 29, 10.40%, 0, 0, 4, 6.39
1747786929, 0, 1066, 1389, 1385, 29, 10.40%, 0, 0, 4, 7.17
1747786934, 0, 1069, 1389, 1385, 29, 10.40%, 0, 0, 4, 8.61
1747786939, 0, 1072, 1389, 1385, 29, 10.40%, 0, 0, 4, 2.14
1747786949, 0, 1073, 1389, 1385, 29, 10.40%, 0, 0, 4, 6.99
1747786954, 0, 1074, 1389, 1385, 29, 10.40%, 0, 0, 4, 7.97
1747786960, 0, 1075, 1389, 1385, 29, 10.40%, 0, 0, 4, 9.88
1747786965, 0, 1076, 1389, 1385, 29, 10.40%, 0, 0, 4, 9.75
1747786970, 0, 1077, 1389, 1385, 29, 10.40%, 0, 0, 4, 9.52
1747786975, 0, 1078, 1389, 1385, 29, 10.40%, 0, 0, 4, 8.45
1747786985, 0, 1079, 1389, 1385, 29, 10.40%, 0, 0, 4, 9.89
1747786991, 0, 1080, 1389, 1385, 29, 10.40%, 0, 0, 4, 8.13
1747786996, 0, 1081, 1389, 1385, 29, 10.40%, 0, 0, 4, 10.15
1747787001, 0, 1082, 1389, 1385, 29, 10.40%, 0, 0, 4, 10.50
1747787007, 0, 1083, 1389, 1385, 29, 10.40%, 0, 0, 4, 7.86
1747787012, 0, 1084, 1389, 1385, 29, 10.40%, 0, 0, 4, 8.26
1747787017, 0, 1085, 1389, 1385, 29, 10.40%, 0, 0, 4, 9.96
1747787022, 0, 1086, 1389, 1385, 29, 10.40%, 0, 0, 4, 9.57
1747787027, 0, 1087, 1389, 1385, 29, 10.40%, 0, 0, 4, 10.31
1747787032, 0, 1088, 1389, 1385, 29, 10.40%, 0, 0, 4, 10.62
1747787037, 0, 1089, 1389, 1385, 29, 10.40%, 0, 0, 4, 10.35
1747787048, 0, 1091, 1389, 1385, 29, 10.40%, 0, 0, 4, 9.63
1747787058, 0, 1092, 1389, 1385, 29, 10.40%, 0, 0, 4, 8.97
1747787063, 0, 1093, 1389, 1385, 29, 10.40%, 0, 0, 4, 9.07
1747787068, 0, 1094, 1389, 1385, 29, 10.40%, 0, 0, 4, 7.94
1747787079, 0, 1095, 1389, 1385, 29, 10.40%, 0, 0, 4, 8.83
1747787084, 0, 1096, 1389, 1385, 29, 10.40%, 0, 0, 4, 8.41
1747787089, 0, 1097, 1389, 1385, 29, 10.40%, 0, 0, 4, 7.09
1747787094, 0, 1098, 1389, 1385, 29, 10.40%, 0, 0, 4, 8.73
1747787104, 0, 1099, 1389, 1385, 29, 10.40%, 0, 0, 4, 8.80
1747787110, 0, 1100, 1389, 1385, 29, 10.40%, 0, 0, 4, 10.18
1747787115, 0, 1101, 1389, 1385, 29, 10.40%, 0, 0, 4, 13.03
1747787120, 0, 1102, 1389, 1385, 29, 10.40%, 0, 0, 4, 10.03
1747787125, 0, 1103, 1389, 1385, 29, 10.40%, 0, 0, 4, 10.25
1747787130, 0, 1104, 1389, 1385, 29, 10.40%, 0, 0, 4, 9.58
1747787135, 0, 1105, 1389, 1385, 29, 10.40%, 0, 0, 4, 10.95
1747787146, 0, 1106, 1389, 1385, 29, 10.40%, 0, 0, 4, 8.47
1747787151, 0, 1107, 1389, 1385, 29, 10.40%, 0, 0, 4, 9.21
1747787156, 0, 1108, 1389, 1385, 29, 10.40%, 0, 0, 4, 9.85
1747787161, 0, 1109, 1389, 1385, 29, 10.40%, 0, 0, 4, 9.09
1747787166, 0, 1110, 1389, 1385, 29, 10.40%, 0, 0, 4, 9.82
1747787172, 0, 1111, 1389, 1385, 29, 10.40%, 0, 0, 4, 9.14
1747787177, 0, 1112, 1389, 1385, 29, 10.40%, 0, 0, 4, 10.80
1747787187, 0, 1113, 1389, 1385, 29, 10.40%, 0, 0, 4, 9.75
1747787192, 0, 1114, 1389, 1385, 29, 10.40%, 0, 0, 4, 9.63
1747787197, 0, 1115, 1389, 1385, 29, 10.40%, 0, 0, 4, 10.43
1747787202, 0, 1116, 1389, 1385, 29, 10.40%, 0, 0, 4, 8.23
1747787208, 0, 1117, 1389, 1385, 29, 10.40%, 0, 0, 4, 7.10
1747787218, 0, 1118, 1389, 1385, 29, 10.40%, 0, 0, 4, 9.58
1747787223, 0, 1119, 1389, 1385, 29, 10.40%, 0, 0, 4, 7.76
1747787229, 0, 1120, 1389, 1385, 29, 10.40%, 0, 0, 4, 3.50
1747787234, 0, 1121, 1389, 1385, 29, 10.40%, 0, 0, 4, 5.63
1747787245, 0, 1122, 1389, 1385, 29, 10.40%, 0, 0, 4, 8.15
1747787250, 0, 1122, 1390, 1386, 29, 10.40%, 0, 0, 4, 6.80
1747787260, 0, 1123, 1390, 1386, 29, 10.40%, 0, 0, 4, 7.13
1747787271, 0, 1124, 1390, 1386, 29, 10.40%, 0, 0, 4, 8.23
1747787276, 0, 1125, 1390, 1386, 29, 10.40%, 0, 0, 4, 7.88
1747787286, 0, 1127, 1390, 1386, 29, 10.40%, 0, 0, 4, 8.38
1747787291, 0, 1130, 1390, 1386, 29, 10.40%, 0, 0, 4, 9.86
1747787297, 0, 1132, 1390, 1386, 29, 10.40%, 0, 0, 4, 12.61
1747787302, 0, 1133, 1390, 1386, 29, 10.40%, 0, 0, 4, 12.24
1747787307, 0, 1136, 1390, 1386, 29, 10.40%, 0, 0, 4, 10.29
1747787317, 0, 1138, 1390, 1386, 29, 10.40%, 0, 0, 4, 13.33
1747787323, 0, 1139, 1390, 1386, 29, 10.40%, 0, 0, 4, 2.33
1747787328, 0, 1140, 1390, 1386, 29, 10.40%, 0, 0, 4, 20.07
1747787333, 0, 1141, 1390, 1386, 29, 10.40%, 0, 0, 4, 15.15
1747787338, 0, 1143, 1390, 1386, 29, 10.40%, 0, 0, 4, 15.94
1747787343, 0, 1145, 1390, 1386, 29, 10.40%, 0, 0, 4, 11.65
1747787348, 0, 1146, 1390, 1386, 29, 10.40%, 0, 0, 4, 5.74
1747787354, 0, 1148, 1390, 1386, 29, 10.40%, 0, 0, 4, 9.81
1747787359, 0, 1149, 1390, 1386, 29, 10.40%, 0, 0, 4, 11.18
1747787369, 0, 1150, 1390, 1386, 29, 10.40%, 0, 0, 4, 8.64
1747787375, 0, 1151, 1390, 1386, 29, 10.40%, 0, 0, 4, 8.00
1747787380, 0, 1152, 1390, 1386, 29, 10.40%, 0, 0, 4, 1.88
1747787385, 0, 1153, 1390, 1386, 29, 10.40%, 0, 0, 4, 11.22
1747787390, 0, 1154, 1390, 1386, 29, 10.40%, 0, 0, 4, 11.16
1747787395, 0, 1155, 1390, 1386, 29, 10.40%, 0, 0, 4, 10.62
1747787400, 0, 1156, 1390, 1386, 29, 10.40%, 0, 0, 4, 11.19
1747787406, 0, 1157, 1390, 1386, 29, 10.40%, 0, 0, 4, 9.17
1747787416, 0, 1158, 1390, 1386, 29, 10.40%, 0, 0, 4, 7.07
1747787421, 0, 1159, 1390, 1386, 29, 10.40%, 0, 0, 4, 9.04
1747787426, 0, 1160, 1391, 1387, 29, 10.41%, 0, 0, 4, 8.70
1747787447, 0, 1161, 1391, 1387, 30, 10.41%, 0, 0, 4, 9.25
1747787452, 0, 1162, 1391, 1387, 30, 10.41%, 0, 0, 4, 10.32
1747787462, 0, 1163, 1391, 1387, 30, 10.41%, 0, 0, 4, 8.40
1747787467, 0, 1164, 1391, 1387, 30, 10.41%, 0, 0, 4, 9.73
1747787473, 0, 1165, 1391, 1387, 30, 10.41%, 0, 0, 4, 9.42
1747787478, 0, 1166, 1391, 1387, 30, 10.41%, 0, 0, 4, 8.70
1747787483, 0, 1167, 1391, 1387, 30, 10.41%, 0, 0, 4, 7.77
1747787494, 0, 1168, 1391, 1387, 30, 10.41%, 0, 0, 4, 7.32
1747787499, 0, 1168, 1392, 1388, 30, 10.41%, 0, 0, 4, 5.20
1747787509, 0, 1169, 1392, 1388, 30, 10.41%, 0, 0, 4, 8.67
1747787520, 0, 1170, 1392, 1388, 30, 10.41%, 0, 0, 4, 8.92
1747787525, 0, 1172, 1392, 1388, 30, 10.41%, 0, 0, 4, 10.09
1747787530, 0, 1173, 1392, 1388, 30, 10.41%, 0, 0, 4, 2.42
1747787535, 0, 1175, 1392, 1388, 30, 10.41%, 0, 0, 4, 13.75
1747787540, 0, 1176, 1392, 1388, 30, 10.41%, 0, 0, 4, 9.31
1747787545, 0, 1177, 1392, 1388, 30, 10.41%, 0, 0, 4, 9.97
1747787551, 0, 1178, 1392, 1388, 30, 10.41%, 0, 0, 4, 8.80
1747787556, 0, 1179, 1392, 1388, 30, 10.41%, 0, 0, 4, 11.91
1747787561, 0, 1180, 1392, 1388, 30, 10.41%, 0, 0, 4, 11.84
1747787566, 0, 1182, 1392, 1388, 30, 10.41%, 0, 0, 4, 10.81
1747787571, 0, 1183, 1392, 1388, 30, 10.41%, 0, 0, 4, 9.03
1747787576, 0, 1184, 1392, 1388, 30, 10.41%, 0, 0, 4, 9.66
1747787582, 0, 1185, 1392, 1388, 30, 10.41%, 0, 0, 4, 9.71
1747787587, 0, 1186, 1392, 1388, 30, 10.41%, 0, 0, 4, 10.03
1747787597, 0, 1189, 1392, 1388, 30, 10.41%, 0, 0, 4, 3.22
1747787602, 0, 1190, 1392, 1388, 30, 10.41%, 0, 0, 4, 14.58
1747787608, 0, 1191, 1392, 1388, 30, 10.41%, 0, 0, 4, 11.13
1747787613, 0, 1192, 1392, 1388, 30, 10.41%, 0, 0, 4, 11.94
1747787618, 0, 1193, 1392, 1388, 30, 10.41%, 0, 0, 4, 17.09
1747787623, 0, 1195, 1392, 1388, 30, 10.41%, 0, 0, 4, 11.87
1747787634, 0, 1197, 1393, 1389, 30, 10.41%, 0, 0, 4, 6.83
1747787649, 0, 1199, 1393, 1389, 30, 10.41%, 0, 0, 4, 8.05
1747787654, 0, 1200, 1393, 1389, 30, 10.41%, 0, 0, 4, 9.88
1747787659, 0, 1201, 1393, 1389, 30, 10.41%, 0, 0, 4, 9.05
1747787664, 0, 1202, 1393, 1389, 30, 10.41%, 0, 0, 4, 11.50
1747787669, 0, 1203, 1393, 1389, 30, 10.41%, 0, 0, 4, 10.55
1747787675, 0, 1204, 1394, 1390, 30, 10.41%, 0, 0, 4, 1.78
1747787690, 0, 1205, 1394, 1390, 30, 10.41%, 0, 0, 4, 8.06
1747787701, 0, 1206, 1394, 1390, 30, 10.41%, 0, 0, 4, 7.35
1747787706, 0, 1207, 1394, 1390, 30, 10.41%, 0, 0, 4, 5.84
1747787716, 0, 1208, 1394, 1390, 30, 10.41%, 0, 0, 4, 9.06
1747787722, 0, 1210, 1394, 1390, 30, 10.41%, 0, 0, 4, 8.90
1747787727, 0, 1211, 1394, 1390, 30, 10.41%, 0, 0, 4, 8.24
1747787732, 0, 1213, 1394, 1390, 30, 10.41%, 0, 0, 4, 9.56
1747787737, 0, 1214, 1394, 1390, 30, 10.41%, 0, 0, 4, 8.91
1747787743, 0, 1214, 1395, 1391, 30, 10.41%, 0, 0, 4, 6.03
1747787758, 0, 1215, 1395, 1391, 30, 10.41%, 0, 0, 4, 10.90
1747787763, 0, 1216, 1395, 1391, 30, 10.41%, 0, 0, 4, 9.47
1747787768, 0, 1217, 1395, 1391, 30, 10.41%, 0, 0, 4, 8.20
1747787773, 0, 1220, 1395, 1391, 30, 10.41%, 0, 0, 4, 8.10
1747787784, 0, 1221, 1395, 1391, 30, 10.41%, 0, 0, 4, 6.96
1747787789, 0, 1222, 1395, 1391, 30, 10.41%, 0, 0, 4, 8.56
1747787794, 0, 1223, 1395, 1391, 30, 10.41%, 0, 0, 4, 9.46
1747787799, 0, 1224, 1395, 1391, 30, 10.41%, 0, 0, 4, 11.20
1747787804, 0, 1225, 1395, 1391, 30, 10.41%, 0, 0, 4, 10.30
1747787809, 0, 1226, 1395, 1391, 30, 10.41%, 0, 0, 4, 8.91
1747787819, 0, 1227, 1395, 1391, 30, 10.41%, 0, 0, 4, 9.79
1747787824, 0, 1228, 1395, 1391, 30, 10.41%, 0, 0, 4, 15.46
1747787829, 0, 1230, 1395, 1391, 30, 10.41%, 0, 0, 4, 12.54
1747787834, 0, 1232, 1395, 1391, 30, 10.41%, 0, 0, 4, 11.25
1747787840, 0, 1233, 1395, 1391, 30, 10.41%, 0, 0, 4, 2.86
1747787845, 0, 1235, 1395, 1391, 30, 10.41%, 0, 0, 4, 2.99
1747787850, 0, 1236, 1395, 1391, 30, 10.41%, 0, 0, 4, 16.99
1747787855, 0, 1237, 1395, 1391, 30, 10.41%, 0, 0, 4, 14.42
1747787860, 0, 1238, 1395, 1391, 30, 10.41%, 0, 0, 4, 11.18
1747787865, 0, 1239, 1395, 1391, 30, 10.41%, 0, 0, 4, 1.72
1747787870, 0, 1239, 1396, 1392, 30, 10.41%, 0, 0, 4, 7.53
1747787881, 0, 1240, 1396, 1392, 30, 10.41%, 0, 0, 4, 8.31
1747787886, 0, 1242, 1396, 1392, 30, 10.41%, 0, 0, 4, 9.86
1747787891, 0, 1244, 1396, 1392, 30, 10.41%, 0, 0, 4, 10.01
1747787906, 0, 1244, 1397, 1393, 30, 10.41%, 0, 0, 4, 5.73
1747787995, 0, 1244, 1398, 1394, 30, 10.41%, 0, 0, 4, 1.94
1747788000, 0, 1244, 1399, 1395, 30, 10.41%, 0, 0, 4, 1.87
1747788010, 0, 1244, 1400, 1396, 30, 10.41%, 0, 0, 4, 1.81
1747788021, 0, 1244, 1401, 1397, 30, 10.41%, 0, 0, 4, 1.80
1747788036, 0, 1244, 1402, 1398, 30, 10.41%, 0, 0, 4, 1.80
1747788116, 0, 1244, 1403, 1399, 30, 10.41%, 0, 0, 4, 2.43
1747788163, 0, 1244, 1404, 1400, 30, 10.41%, 0, 0, 4, 1.94
1747788241, 0, 1244, 1405, 1401, 30, 10.41%, 0, 0, 4, 5.03
1747788320, 0, 1244, 1406, 1402, 30, 10.41%, 0, 0, 4, 1.87
1747788341, 0, 1244, 1407, 1403, 30, 10.41%, 0, 0, 4, 1.75
1747788414, 0, 1244, 1408, 1404, 30, 10.41%, 0, 0, 4, 2.04
1747789046, 0, 1244, 1409, 1405, 30, 10.41%, 0, 0, 4, 1.71
1747789056, 0, 1244, 1410, 1406, 30, 10.41%, 0, 0, 4, 1.74
1747789125, 0, 1244, 1411, 1407, 30, 10.41%, 0, 0, 4, 1.82
1747789287, 0, 1244, 1412, 1408, 30, 10.41%, 0, 0, 4, 1.80
1747789532, 0, 1244, 1413, 1409, 30, 10.41%, 0, 0, 4, 2.82
1747789903, 0, 1244, 1414, 1410, 30, 10.41%, 0, 0, 4, 4.35
1747790174, 0, 1244, 1415, 1411, 30, 10.41%, 0, 0, 4, 1.94
1747790273, 0, 1244, 1416, 1412, 30, 10.41%, 0, 0, 4, 1.77
1747790335, 0, 1244, 1417, 1413, 30, 10.41%, 0, 0, 4, 1.76
1747790517, 0, 1244, 1418, 1414, 30, 10.41%, 0, 0, 4, 3.22
1747790532, 0, 1244, 1419, 1415, 30, 10.41%, 0, 0, 4, 3.15
1747790683, 0, 1244, 1420, 1416, 30, 10.41%, 0, 0, 4, 1.97
1747790725, 0, 1244, 1421, 1417, 30, 10.41%, 0, 0, 4, 2.09
1747790783, 0, 1244, 1422, 1418, 30, 10.41%, 0, 0, 4, 1.97
1747790930, 0, 1244, 1423, 1419, 30, 10.41%, 0, 0, 4, 1.68
1747790947, 0, 1244, 1424, 1420, 30, 10.41%, 0, 0, 4, 1.65
1747790968, 0, 1244, 1425, 1421, 30, 10.41%, 0, 0, 4, 1.74
1747791083, 0, 1244, 1426, 1422, 30, 10.41%, 0, 0, 4, 2.24
1747791125, 0, 1245, 1426, 1421, 29, 10.41%, 0, 0, 4, 10.22
1747791130, 0, 1246, 1426, 1421, 29, 10.41%, 0, 0, 4, 9.52
1747791135, 0, 1248, 1426, 1421, 29, 10.41%, 0, 0, 4, 9.54
1747791141, 0, 1249, 1426, 1421, 29, 10.41%, 0, 0, 4, 8.34
1747791151, 0, 1252, 1426, 1421, 29, 10.41%, 0, 0, 4, 9.65
1747791156, 0, 1253, 1426, 1421, 29, 10.41%, 0, 0, 4, 7.53
1747791167, 0, 1254, 1426, 1421, 29, 10.41%, 0, 0, 4, 7.31
1747791172, 0, 1255, 1426, 1421, 29, 10.41%, 0, 0, 4, 7.75
1747791177, 0, 1256, 1426, 1421, 29, 10.41%, 0, 0, 4, 7.33
1747791187, 0, 1257, 1426, 1421, 29, 10.41%, 0, 0, 4, 7.73
1747791193, 0, 1258, 1426, 1421, 29, 10.41%, 0, 0, 4, 8.60
1747791198, 0, 1259, 1426, 1421, 29, 10.41%, 0, 0, 4, 9.51
1747791203, 0, 1260, 1426, 1421, 29, 10.41%, 0, 0, 4, 9.09
1747791208, 0, 1261, 1426, 1421, 29, 10.41%, 0, 0, 4, 9.75
1747791213, 0, 1262, 1426, 1421, 29, 10.41%, 0, 0, 4, 11.50
1747791218, 0, 1263, 1426, 1421, 29, 10.41%, 0, 0, 4, 10.52
1747791228, 0, 1265, 1426, 1421, 29, 10.41%, 0, 0, 4, 12.28
1747791234, 0, 1265, 1427, 1422, 29, 10.41%, 0, 0, 4, 1.80
1747791249, 0, 1266, 1427, 1422, 29, 10.41%, 0, 0, 4, 8.11
1747791255, 0, 1267, 1427, 1422, 29, 10.41%, 0, 0, 4, 7.70
1747791260, 0, 1268, 1428, 1423, 29, 10.41%, 0, 0, 4, 6.91
1747791276, 0, 1269, 1428, 1423, 29, 10.41%, 0, 0, 4, 7.76
1747791281, 0, 1270, 1428, 1423, 29, 10.41%, 0, 0, 4, 9.07
1747791286, 0, 1271, 1428, 1423, 29, 10.41%, 0, 0, 4, 2.26
1747791297, 0, 1272, 1428, 1423, 29, 10.41%, 0, 0, 4, 6.28
1747791302, 0, 1272, 1429, 1424, 29, 10.41%, 0, 0, 4, 6.03
1747791312, 0, 1273, 1429, 1424, 29, 10.41%, 0, 0, 4, 9.24
1747791318, 0, 1274, 1429, 1424, 29, 10.41%, 0, 0, 4, 10.18
1747791323, 0, 1275, 1429, 1424, 29, 10.41%, 0, 0, 4, 9.68
1747791333, 0, 1276, 1429, 1424, 29, 10.41%, 0, 0, 4, 9.58
1747791339, 0, 1277, 1429, 1424, 29, 10.41%, 0, 0, 4, 8.37
1747791344, 0, 1278, 1429, 1424, 29, 10.41%, 0, 0, 4, 9.16
1747791349, 0, 1279, 1429, 1424, 29, 10.41%, 0, 0, 4, 9.22
1747791354, 0, 1280, 1429, 1424, 29, 10.41%, 0, 0, 4, 9.60
1747791365, 0, 1283, 1429, 1424, 29, 10.41%, 0, 0, 4, 4.13
1747791370, 0, 1284, 1429, 1424, 29, 10.41%, 0, 0, 4, 7.13
1747791376, 0, 1285, 1429, 1424, 29, 10.41%, 0, 0, 4, 7.47
1747791386, 0, 1286, 1429, 1424, 29, 10.41%, 0, 0, 4, 7.94
1747791392, 0, 1287, 1430, 1425, 29, 10.42%, 0, 0, 4, 6.41
1747791407, 0, 1288, 1430, 1425, 30, 10.42%, 0, 0, 4, 8.75
1747791412, 0, 1289, 1430, 1425, 30, 10.42%, 0, 0, 4, 10.19
1747791417, 0, 1292, 1430, 1425, 30, 10.42%, 0, 0, 4, 10.19
1747791427, 0, 1293, 1430, 1425, 30, 10.42%, 0, 0, 4, 8.48
1747791433, 0, 1294, 1430, 1425, 30, 10.42%, 0, 0, 4, 9.92
1747791438, 0, 1294, 1431, 1426, 30, 10.42%, 0, 0, 4, 1.87
1747791443, 0, 1294, 1432, 1427, 30, 10.42%, 0, 0, 4, 8.94
1747791464, 0, 1295, 1432, 1427, 30, 10.42%, 0, 0, 4, 8.10
1747791469, 0, 1296, 1432, 1427, 30, 10.42%, 0, 0, 4, 9.57
1747791479, 0, 1298, 1432, 1427, 30, 10.42%, 0, 0, 4, 8.36
1747791484, 0, 1300, 1432, 1427, 30, 10.42%, 0, 0, 4, 10.11
1747791489, 0, 1301, 1432, 1427, 30, 10.42%, 0, 0, 4, 8.92
1747791494, 0, 1302, 1432, 1427, 30, 10.42%, 0, 0, 4, 8.80
1747791499, 0, 1303, 1432, 1427, 30, 10.42%, 0, 0, 4, 9.00
1747791510, 0, 1304, 1432, 1427, 30, 10.42%, 0, 0, 4, 7.03
1747791515, 0, 1305, 1432, 1427, 30, 10.42%, 0, 0, 4, 7.46
1747791525, 0, 1306, 1432, 1427, 30, 10.42%, 0, 0, 4, 8.68
1747791530, 0, 1307, 1432, 1427, 30, 10.42%, 0, 0, 4, 9.16
1747791535, 0, 1308, 1432, 1427, 30, 10.42%, 0, 0, 4, 9.78
1747791540, 0, 1311, 1432, 1427, 30, 10.42%, 0, 0, 4, 11.08
1747791545, 0, 1313, 1432, 1427, 30, 10.42%, 0, 0, 4, 11.63
1747791551, 0, 1314, 1432, 1427, 30, 10.42%, 0, 0, 4, 10.16
1747791556, 0, 1315, 1432, 1427, 30, 10.42%, 0, 0, 4, 10.69
1747791561, 0, 1316, 1432, 1427, 30, 10.42%, 0, 0, 4, 2.31
1747791571, 0, 1317, 1432, 1427, 30, 10.42%, 0, 0, 4, 8.35
1747791576, 0, 1318, 1432, 1427, 30, 10.42%, 0, 0, 4, 8.69
1747791581, 0, 1319, 1432, 1427, 30, 10.42%, 0, 0, 4, 9.97
1747791587, 0, 1320, 1432, 1427, 30, 10.42%, 0, 0, 4, 9.85
1747791592, 0, 1323, 1432, 1427, 30, 10.42%, 0, 0, 4, 10.40
1747791597, 0, 1325, 1432, 1427, 30, 10.42%, 0, 0, 4, 10.01
1747791602, 0, 1326, 1432, 1427, 30, 10.42%, 0, 0, 4, 9.34
1747791607, 0, 1327, 1432, 1427, 30, 10.42%, 0, 0, 4, 9.33
1747791612, 0, 1328, 1432, 1427, 30, 10.42%, 0, 0, 4, 10.43
1747791617, 0, 1329, 1432, 1427, 30, 10.42%, 0, 0, 4, 9.75
1747791627, 0, 1330, 1432, 1427, 30, 10.42%, 0, 0, 4, 6.99
1747791633, 0, 1331, 1432, 1427, 30, 10.42%, 0, 0, 4, 2.84
1747791638, 0, 1333, 1432, 1427, 30, 10.42%, 0, 0, 4, 4.88
1747791643, 0, 1334, 1432, 1427, 30, 10.42%, 0, 0, 4, 7.27
1747791648, 0, 1335, 1432, 1427, 30, 10.42%, 0, 0, 4, 10.43
1747791654, 0, 1336, 1432, 1427, 30, 10.42%, 0, 0, 4, 11.07
1747791664, 0, 1337, 1432, 1427, 30, 10.42%, 0, 0, 4, 8.42
1747791669, 0, 1338, 1432, 1427, 30, 10.42%, 0, 0, 4, 8.73
1747791674, 0, 1339, 1432, 1427, 30, 10.42%, 0, 0, 4, 7.98
1747791684, 0, 1340, 1432, 1427, 30, 10.42%, 0, 0, 4, 9.25
1747791689, 0, 1341, 1432, 1427, 30, 10.42%, 0, 0, 4, 8.97
1747791694, 0, 1344, 1432, 1427, 30, 10.42%, 0, 0, 4, 8.78
1747791700, 0, 1345, 1432, 1427, 30, 10.42%, 0, 0, 4, 11.86
1747791705, 0, 1346, 1432, 1427, 30, 10.42%, 0, 0, 4, 10.78
1747791710, 0, 1347, 1432, 1427, 30, 10.42%, 0, 0, 4, 11.05
1747791715, 0, 1348, 1432, 1427, 30, 10.42%, 0, 0, 4, 9.74
1747791720, 0, 1350, 1432, 1427, 30, 10.42%, 0, 0, 4, 9.41
1747791725, 0, 1351, 1432, 1427, 30, 10.42%, 0, 0, 4, 9.59
1747791730, 0, 1355, 1432, 1427, 30, 10.42%, 0, 0, 4, 9.14
1747791735, 0, 1356, 1432, 1427, 30, 10.42%, 0, 0, 4, 11.33
1747791740, 0, 1357, 1432, 1427, 30, 10.42%, 0, 0, 4, 9.45
1747791751, 0, 1358, 1433, 1428, 30, 10.42%, 0, 0, 4, 7.62
1747791766, 0, 1359, 1433, 1428, 30, 10.42%, 0, 0, 4, 9.15
1747791771, 0, 1360, 1433, 1428, 30, 10.42%, 0, 0, 4, 8.72
1747791777, 0, 1361, 1433, 1428, 30, 10.42%, 0, 0, 4, 8.93
1747791787, 0, 1362, 1433, 1428, 30, 10.42%, 0, 0, 4, 8.18
1747791792, 0, 1363, 1433, 1428, 30, 10.42%, 0, 0, 4, 5.83
1747791850, 0, 1363, 1434, 1429, 30, 10.42%, 0, 0, 5, 2.32
1747791891, 0, 1363, 1435, 1430, 30, 10.42%, 0, 0, 5, 2.21
1747791907, 0, 1363, 1436, 1431, 30, 10.42%, 0, 0, 5, 2.18
1747791922, 0, 1363, 1437, 1432, 30, 10.42%, 0, 0, 5, 2.09
1747791932, 0, 1363, 1438, 1433, 30, 10.42%, 0, 0, 5, 2.07
1747792052, 0, 1363, 1439, 1434, 30, 10.42%, 0, 0, 5, 2.55
1747792073, 0, 1363, 1440, 1435, 30, 10.42%, 0, 0, 5, 2.20
1747792203, 0, 1363, 1441, 1436, 30, 10.42%, 0, 0, 5, 2.35
1747792209, 0, 1363, 1442, 1437, 30, 10.42%, 0, 0, 5, 2.28
1747792283, 0, 1363, 1443, 1438, 30, 10.42%, 0, 0, 5, 2.28
1747792304, 0, 1363, 1444, 1439, 30, 10.42%, 0, 0, 5, 1.98
1747792609, 0, 1363, 1445, 1440, 30, 10.42%, 0, 0, 5, 2.16
1747792682, 0, 1363, 1446, 1441, 30, 10.42%, 0, 0, 5, 2.23
1747792855, 0, 1363, 1447, 1442, 30, 10.42%, 0, 0, 5, 2.41
1747792866, 0, 1363, 1448, 1443, 30, 10.42%, 0, 0, 5, 2.29
1747793085, 0, 1363, 1449, 1444, 30, 10.42%, 0, 0, 5, 2.16
1747793458, 0, 1363, 1450, 1445, 30, 10.42%, 0, 0, 5, 1.93
1747793614, 0, 1363, 1451, 1446, 30, 10.42%, 0, 0, 5, 1.78
1747793619, 0, 1363, 1452, 1447, 30, 10.42%, 0, 0, 5, 1.76
1747793625, 0, 1363, 1453, 1448, 30, 10.42%, 0, 0, 5, 1.74
1747793635, 0, 1363, 1454, 1449, 30, 10.42%, 0, 0, 5, 1.74
1747794073, 0, 1363, 1455, 1450, 30, 10.42%, 0, 0, 5, 2.92
1747794261, 0, 1363, 1456, 1451, 30, 10.42%, 0, 0, 5, 2.28
1747794293, 0, 1363, 1457, 1452, 30, 10.42%, 0, 0, 5, 2.00
1747794480, 0, 1363, 1458, 1453, 30, 10.42%, 0, 0, 5, 3.40
1747794486, 0, 1363, 1459, 1454, 30, 10.42%, 0, 0, 5, 3.09
1747794491, 0, 1363, 1460, 1455, 30, 10.42%, 0, 0, 5, 2.80
1747794563, 0, 1363, 1461, 1456, 30, 10.42%, 0, 0, 5, 2.34
1747794678, 0, 1363, 1462, 1457, 30, 10.42%, 0, 0, 5, 2.50
1747794724, 0, 1363, 1463, 1458, 30, 10.42%, 0, 0, 5, 2.35
1747794808, 0, 1363, 1464, 1459, 30, 10.42%, 0, 0, 5, 2.42
1747794891, 0, 1363, 1465, 1460, 30, 10.42%, 0, 0, 5, 2.36
1747794901, 0, 1363, 1466, 1461, 30, 10.42%, 0, 0, 5, 2.30
1747794906, 0, 1363, 1467, 1462, 30, 10.42%, 0, 0, 5, 2.18
1747794986, 0, 1363, 1468, 1463, 30, 10.42%, 0, 0, 5, 2.10
1747795002, 0, 1363, 1469, 1464, 30, 10.42%, 0, 0, 5, 2.15
1747795080, 0, 1363, 1470, 1465, 30, 10.42%, 0, 0, 5, 2.27
1747795147, 0, 1363, 1471, 1466, 30, 10.42%, 0, 0, 5, 2.27
1747795179, 0, 1363, 1472, 1467, 30, 10.42%, 0, 0, 5, 5.08
1747795314, 0, 1364, 1472, 1466, 29, 10.42%, 0, 0, 5, 8.94
1747795319, 0, 1365, 1472, 1466, 29, 10.42%, 0, 0, 5, 10.37
1747795329, 0, 1366, 1472, 1466, 29, 10.42%, 0, 0, 5, 7.38
1747795604, 0, 1366, 1473, 1467, 29, 10.42%, 0, 0, 5, 2.08
1747797373, 0, 1366, 1474, 1468, 29, 10.42%, 0, 0, 5, 2.29
1747797835, 0, 1366, 1475, 1469, 29, 10.42%, 0, 0, 5, 2.18
1747798136, 0, 1366, 1476, 1470, 29, 10.42%, 0, 0, 5, 2.53
1747798427, 0, 1366, 1477, 1471, 29, 10.42%, 0, 0, 5, 2.25
1747798647, 0, 1366, 1478, 1472, 29, 10.42%, 0, 0, 5, 2.43
1747798657, 0, 1366, 1479, 1473, 29, 10.42%, 0, 0, 5, 2.37
1747798751, 0, 1367, 1479, 1472, 28, 10.42%, 0, 0, 5, 5.60
1747798782, 0, 1367, 1480, 1473, 28, 10.42%, 0, 0, 5, 3.27
1747798814, 0, 1367, 1481, 1474, 28, 10.42%, 0, 0, 5, 2.24
1747798861, 0, 1367, 1482, 1475, 28, 10.42%, 0, 0, 5, 1.98
1747798888, 0, 1367, 1483, 1476, 28, 10.42%, 0, 0, 5, 1.86
1747798950, 0, 1367, 1484, 1477, 28, 10.42%, 0, 0, 5, 1.80
1747798956, 0, 1367, 1485, 1478, 28, 10.42%, 0, 0, 5, 1.75
1747799071, 0, 1367, 1486, 1479, 28, 10.42%, 0, 0, 5, 2.09
1747799097, 0, 1367, 1487, 1480, 28, 10.42%, 0, 0, 5, 1.97
1747799102, 0, 1367, 1488, 1481, 28, 10.42%, 0, 0, 5, 1.95
1747799122, 0, 1367, 1489, 1482, 28, 10.42%, 0, 0, 5, 1.84
1747799237, 0, 1367, 1490, 1483, 28, 10.42%, 0, 0, 5, 2.46
1747799263, 0, 1367, 1491, 1484, 28, 10.42%, 0, 0, 5, 2.27
1747799289, 0, 1367, 1492, 1485, 28, 10.42%, 0, 0, 5, 1.90
1747799310, 0, 1367, 1493, 1486, 28, 10.42%, 0, 0, 5, 1.92
1747799331, 0, 1367, 1494, 1487, 28, 10.42%, 0, 0, 5, 1.82
1747799337, 0, 1367, 1495, 1488, 28, 10.42%, 0, 0, 5, 1.85
1747799384, 0, 1367, 1496, 1489, 28, 10.42%, 0, 0, 5, 1.75
1747799421, 0, 1367, 1497, 1490, 28, 10.42%, 0, 0, 5, 2.40
1747800373, 0, 1367, 1498, 1491, 28, 10.42%, 0, 0, 5, 2.60
1747800454, 0, 1367, 1499, 1492, 28, 10.42%, 0, 0, 5, 3.31
1747800470, 0, 1367, 1500, 1493, 28, 10.42%, 0, 0, 5, 3.34
1747800475, 0, 1367, 1501, 1494, 28, 10.42%, 0, 0, 5, 3.33
1747801133, 0, 1367, 1502, 1495, 28, 10.42%, 0, 0, 5, 4.31
1747801204, 0, 1367, 1503, 1496, 28, 10.42%, 0, 0, 5, 3.85
1747801487, 0, 1367, 1504, 1497, 28, 10.42%, 0, 0, 5, 3.72
1747801810, 0, 1367, 1505, 1498, 28, 10.42%, 0, 0, 5, 2.97
1747801883, 0, 1367, 1506, 1499, 28, 10.42%, 0, 0, 5, 3.08
1747801898, 0, 1367, 1507, 1500, 28, 10.42%, 0, 0, 5, 10.22
1747801924, 0, 1367, 1508, 1501, 28, 10.42%, 0, 0, 5, 17.63
1747802032, 0, 1368, 1508, 1500, 30, 10.42%, 0, 0, 5, 12.93
1747802125, 0, 1368, 1509, 1501, 30, 10.42%, 0, 0, 5, 6.34
1747802156, 0, 1368, 1510, 1502, 30, 10.42%, 0, 0, 5, 4.63
1747802441, 0, 1368, 1511, 1503, 30, 10.42%, 0, 0, 5, 5.46
1747802534, 0, 1368, 1512, 1504, 30, 10.42%, 0, 0, 5, 4.84
1747802648, 0, 1368, 1513, 1505, 30, 10.42%, 0, 0, 5, 3.58
1747802654, 0, 1368, 1514, 1506, 30, 10.42%, 0, 0, 5, 3.37
1747802781, 0, 1368, 1515, 1507, 30, 10.42%, 0, 0, 5, 3.04
1747803270, 0, 1368, 1516, 1508, 30, 10.42%, 0, 0, 5, 4.98
1747803549, 0, 1368, 1517, 1509, 30, 10.42%, 0, 0, 5, 4.40
1747803606, 0, 1368, 1518, 1510, 30, 10.42%, 0, 0, 5, 4.04
1747803616, 0, 1368, 1519, 1511, 30, 10.42%, 0, 0, 5, 4.07
1747803621, 0, 1368, 1520, 1512, 30, 10.42%, 0, 0, 5, 4.07
1747803631, 0, 1368, 1522, 1514, 30, 10.42%, 0, 0, 5, 3.78
1747803636, 0, 1368, 1523, 1515, 30, 10.42%, 0, 0, 5, 4.08
1747803744, 0, 1368, 1524, 1516, 30, 10.42%, 0, 0, 5, 3.07
1747803780, 0, 1368, 1525, 1517, 30, 10.42%, 0, 0, 5, 7.96
1747803853, 0, 1369, 1525, 1516, 32, 10.42%, 0, 0, 5, 14.90
1747803858, 0, 1370, 1525, 1516, 32, 10.42%, 0, 0, 5, 14.04
1747803863, 0, 1371, 1525, 1516, 32, 10.42%, 0, 0, 5, 13.26
1747803868, 0, 1373, 1525, 1516, 32, 10.42%, 0, 0, 5, 13.81
1747803873, 0, 1374, 1525, 1516, 32, 10.42%, 0, 0, 5, 13.77
1747803878, 0, 1375, 1525, 1516, 32, 10.42%, 0, 0, 5, 14.92
1747803894, 0, 1375, 1527, 1518, 32, 10.43%, 0, 0, 5, 6.53
1747803899, 0, 1375, 1528, 1519, 32, 10.43%, 0, 0, 5, 5.14
1747803904, 0, 1375, 1529, 1520, 32, 10.43%, 0, 0, 5, 4.98
1747803914, 0, 1375, 1530, 1521, 32, 10.43%, 0, 0, 5, 5.00
1747804105, 0, 1375, 1531, 1522, 32, 10.43%, 0, 0, 5, 5.96
1747804121, 0, 1375, 1532, 1523, 32, 10.43%, 0, 0, 5, 5.64
1747804147, 0, 1375, 1534, 1525, 32, 10.43%, 0, 0, 5, 4.86
1747804152, 0, 1375, 1536, 1527, 32, 10.43%, 0, 0, 5, 4.59
1747804157, 0, 1375, 1537, 1528, 32, 10.43%, 0, 0, 5, 4.61
1747804213, 0, 1375, 1538, 1529, 32, 10.43%, 0, 0, 5, 5.09
1747804394, 0, 1375, 1540, 1531, 32, 10.43%, 0, 0, 5, 5.14
1747804440, 0, 1375, 1541, 1532, 32, 10.43%, 0, 0, 5, 6.63
1747804445, 0, 1375, 1542, 1533, 32, 10.43%, 0, 0, 5, 5.75
1747804456, 0, 1375, 1543, 1534, 32, 10.43%, 0, 0, 5, 5.37
1747804461, 0, 1375, 1544, 1535, 32, 10.43%, 0, 0, 5, 5.79
1747804503, 0, 1375, 1546, 1537, 32, 10.43%, 0, 0, 5, 5.04
1747804508, 0, 1375, 1547, 1538, 32, 10.43%, 0, 0, 5, 4.95
1747804544, 0, 1375, 1548, 1539, 32, 10.43%, 0, 0, 5, 7.81
1747804590, 0, 1375, 1549, 1540, 32, 10.43%, 0, 0, 5, 6.11
1747804606, 0, 1375, 1550, 1541, 32, 10.43%, 0, 0, 5, 5.44
1747804632, 0, 1375, 1551, 1542, 32, 10.43%, 0, 0, 5, 4.68
1747804683, 0, 1375, 1552, 1543, 32, 10.43%, 0, 0, 5, 7.62
1747804688, 0, 1375, 1553, 1544, 32, 10.43%, 0, 0, 5, 6.24
1747804714, 0, 1377, 1553, 1543, 30, 10.43%, 0, 0, 5, 18.26
1747804719, 0, 1378, 1553, 1543, 30, 10.43%, 0, 0, 5, 7.76
1747804724, 0, 1379, 1553, 1543, 30, 10.43%, 0, 0, 5, 13.18
1747804729, 0, 1381, 1553, 1543, 30, 10.43%, 0, 0, 5, 14.29
1747804735, 0, 1382, 1553, 1543, 30, 10.43%, 0, 0, 5, 12.58
1747804740, 0, 1385, 1553, 1543, 30, 10.43%, 0, 0, 5, 16.39
1747804745, 0, 1386, 1553, 1543, 30, 10.43%, 0, 0, 5, 15.25
1747804750, 0, 1387, 1553, 1543, 30, 10.43%, 0, 0, 5, 13.24
1747804755, 0, 1388, 1553, 1543, 30, 10.43%, 0, 0, 5, 13.12
1747804761, 0, 1391, 1553, 1543, 30, 10.43%, 0, 0, 5, 13.88
1747804766, 0, 1392, 1553, 1543, 30, 10.43%, 0, 0, 5, 17.00
1747804771, 0, 1394, 1553, 1543, 30, 10.43%, 0, 0, 5, 15.98
1747804776, 0, 1396, 1553, 1543, 30, 10.43%, 0, 0, 5, 16.80
1747804781, 0, 1397, 1553, 1543, 30, 10.43%, 0, 0, 5, 16.63
1747804786, 0, 1399, 1553, 1543, 30, 10.43%, 0, 0, 5, 15.91
1747804791, 0, 1402, 1553, 1543, 30, 10.43%, 0, 0, 5, 14.89
1747804797, 0, 1404, 1553, 1543, 30, 10.43%, 0, 0, 5, 13.57
1747804802, 0, 1406, 1553, 1543, 30, 10.43%, 0, 0, 5, 13.21
1747804807, 0, 1409, 1553, 1543, 30, 10.43%, 0, 0, 5, 15.38
1747804812, 0, 1410, 1553, 1543, 30, 10.43%, 0, 0, 5, 16.15
1747804817, 0, 1412, 1553, 1543, 30, 10.43%, 0, 0, 5, 15.89
1747804822, 0, 1413, 1553, 1543, 30, 10.43%, 0, 0, 5, 22.85
1747804827, 0, 1417, 1553, 1543, 30, 10.43%, 0, 0, 5, 16.32
1747804832, 0, 1418, 1553, 1543, 30, 10.43%, 0, 0, 5, 16.28
1747804838, 0, 1419, 1553, 1543, 30, 10.43%, 0, 0, 5, 15.82
1747804910, 0, 1419, 1554, 1544, 30, 10.43%, 0, 0, 5, 3.35
1747804915, 0, 1419, 1556, 1546, 30, 10.44%, 0, 0, 5, 3.33
1747804920, 0, 1419, 1557, 1547, 30, 10.44%, 0, 0, 5, 3.32
1747804925, 0, 1419, 1558, 1548, 30, 10.44%, 0, 0, 5, 3.28
1747805002, 0, 1419, 1559, 1549, 30, 10.44%, 0, 0, 5, 3.38
1747805008, 0, 1419, 1560, 1550, 30, 10.44%, 0, 0, 5, 3.30
1747805018, 0, 1419, 1561, 1551, 30, 10.44%, 0, 0, 5, 3.35
1747805085, 0, 1419, 1562, 1552, 30, 10.44%, 0, 0, 5, 3.41
1747805090, 0, 1419, 1563, 1553, 30, 10.44%, 0, 0, 5, 3.30
1747805100, 0, 1419, 1564, 1554, 30, 10.44%, 0, 0, 5, 3.23
1747805136, 0, 1419, 1565, 1555, 30, 10.44%, 0, 0, 5, 38.21
1747805585, 0, 1419, 1566, 1556, 30, 10.44%, 0, 0, 5, 3.40
1747806076, 0, 1419, 1567, 1557, 30, 10.44%, 0, 0, 5, 3.33
1747806081, 0, 1419, 1568, 1558, 30, 10.44%, 0, 0, 5, 3.26
1747806086, 0, 1419, 1570, 1560, 30, 10.44%, 0, 0, 5, 3.45
1747806091, 0, 1419, 1571, 1561, 30, 10.44%, 0, 0, 5, 35.88
1747806204, 0, 1419, 1572, 1562, 30, 10.44%, 0, 0, 5, 3.62
1747806261, 0, 1419, 1573, 1563, 30, 10.44%, 0, 0, 5, 3.39
1747806292, 0, 1419, 1574, 1564, 30, 10.44%, 0, 0, 5, 3.21
1747806297, 0, 1419, 1575, 1565, 30, 10.44%, 0, 0, 5, 3.42
1747806307, 0, 1419, 1576, 1566, 30, 10.44%, 0, 0, 5, 36.68
1747806600, 0, 1419, 1577, 1567, 30, 10.44%, 0, 0, 5, 3.49
1747806631, 0, 1419, 1578, 1568, 30, 10.45%, 0, 0, 5, 3.11
1747806637, 0, 1419, 1580, 1570, 30, 10.45%, 0, 0, 5, 3.46
1747806642, 0, 1419, 1581, 1571, 30, 10.45%, 0, 0, 5, 3.15
1747806719, 0, 1419, 1582, 1572, 30, 10.45%, 0, 0, 5, 3.32
1747806734, 0, 1419, 1583, 1573, 30, 10.45%, 0, 0, 5, 12.34
1747806755, 0, 1420, 1583, 1572, 30, 10.45%, 0, 0, 5, 13.84
1747806760, 0, 1421, 1583, 1572, 30, 10.45%, 0, 0, 5, 14.60
1747806765, 0, 1423, 1583, 1572, 30, 10.45%, 0, 0, 5, 13.77
1747806770, 0, 1426, 1583, 1572, 30, 10.45%, 0, 0, 5, 16.22
1747806775, 0, 1427, 1583, 1572, 30, 10.45%, 0, 0, 5, 12.18
1747806780, 0, 1428, 1583, 1572, 30, 10.45%, 0, 0, 5, 10.02
1747806867, 0, 1428, 1584, 1573, 30, 10.47%, 0, 0, 5, 3.30
1747806960, 0, 1428, 1585, 1574, 30, 10.47%, 0, 0, 5, 3.32
1747806976, 0, 1428, 1586, 1575, 30, 10.47%, 0, 0, 5, 3.25
1747807007, 0, 1428, 1587, 1576, 30, 10.47%, 0, 0, 5, 4.11
1747807079, 0, 1428, 1588, 1577, 30, 10.47%, 0, 0, 5, 3.21
1747807327, 0, 1428, 1589, 1578, 30, 10.47%, 0, 0, 5, 4.44
1747807538, 0, 1428, 1590, 1579, 30, 10.47%, 0, 0, 5, 3.70
1747809547, 0, 1428, 1591, 1580, 30, 10.47%, 0, 0, 5, 1.94
1747809594, 0, 1429, 1591, 1579, 31, 10.47%, 0, 0, 5, 8.28
1747809599, 0, 1430, 1591, 1579, 31, 10.47%, 0, 0, 5, 8.61
1747809610, 0, 1431, 1591, 1579, 31, 10.47%, 0, 0, 5, 7.81
1747809615, 0, 1433, 1591, 1579, 31, 10.47%, 0, 0, 5, 9.02
1747809620, 0, 1434, 1591, 1579, 31, 10.47%, 0, 0, 5, 10.59
1747809626, 0, 1435, 1591, 1579, 31, 10.47%, 0, 0, 5, 3.00
1747809636, 0, 1436, 1591, 1579, 31, 10.47%, 0, 0, 5, 7.22
1747809641, 0, 1437, 1591, 1579, 31, 10.47%, 0, 0, 5, 6.24
1747809651, 0, 1438, 1591, 1579, 31, 10.47%, 0, 0, 5, 7.72
1747809656, 0, 1439, 1591, 1579, 31, 10.47%, 0, 0, 5, 7.50
1747809667, 0, 1440, 1591, 1579, 31, 10.47%, 0, 0, 5, 8.08
1747809672, 0, 1441, 1591, 1579, 31, 10.47%, 0, 0, 5, 9.15
1747809677, 0, 1442, 1591, 1579, 31, 10.47%, 0, 0, 5, 9.61
1747809683, 0, 1445, 1591, 1579, 31, 10.47%, 0, 0, 5, 9.32
1747809688, 0, 1446, 1591, 1579, 31, 10.47%, 0, 0, 5, 1.93
1747809693, 0, 1447, 1591, 1579, 31, 10.47%, 0, 0, 5, 13.57
1747809698, 0, 1448, 1591, 1579, 31, 10.47%, 0, 0, 5, 10.60
1747809704, 0, 1450, 1591, 1579, 31, 10.47%, 0, 0, 5, 12.44
1747809714, 0, 1451, 1591, 1579, 31, 10.47%, 0, 0, 5, 13.19
1747809720, 0, 1453, 1592, 1580, 31, 10.47%, 0, 0, 5, 12.59
1747809741, 0, 1454, 1592, 1580, 31, 10.47%, 0, 0, 5, 8.72
1747809746, 0, 1455, 1592, 1580, 31, 10.47%, 0, 0, 5, 8.82
1747809751, 0, 1456, 1592, 1580, 31, 10.47%, 0, 0, 5, 9.34
1747809756, 0, 1457, 1592, 1580, 31, 10.47%, 0, 0, 5, 9.49
1747809766, 0, 1459, 1592, 1580, 31, 10.47%, 0, 0, 5, 8.12
1747809772, 0, 1460, 1592, 1580, 31, 10.47%, 0, 0, 5, 7.52
1747809777, 0, 1461, 1592, 1580, 31, 10.47%, 0, 0, 5, 8.23
1747809787, 0, 1462, 1592, 1580, 31, 10.47%, 0, 0, 5, 5.82
1747809792, 0, 1465, 1592, 1580, 31, 10.47%, 0, 0, 5, 7.18
1747809797, 0, 1466, 1592, 1580, 31, 10.47%, 0, 0, 5, 8.94
1747809808, 0, 1467, 1592, 1580, 31, 10.47%, 0, 0, 5, 8.78
1747809813, 0, 1468, 1592, 1580, 31, 10.47%, 0, 0, 5, 9.09
1747809818, 0, 1470, 1592, 1580, 31, 10.47%, 0, 0, 5, 9.68
1747809823, 0, 1471, 1592, 1580, 31, 10.47%, 0, 0, 5, 8.47
1747809833, 0, 1473, 1592, 1580, 31, 10.47%, 0, 0, 5, 10.33
1747809838, 0, 1476, 1592, 1580, 31, 10.47%, 0, 0, 5, 8.84
1747809843, 0, 1477, 1592, 1580, 31, 10.47%, 0, 0, 5, 8.35
1747809848, 0, 1478, 1592, 1580, 31, 10.47%, 0, 0, 5, 10.65
1747809854, 0, 1480, 1592, 1580, 31, 10.47%, 0, 0, 5, 9.39
1747809859, 0, 1481, 1592, 1580, 31, 10.47%, 0, 0, 5, 8.26
1747809869, 0, 1482, 1592, 1580, 31, 10.47%, 0, 0, 5, 10.40
1747809875, 0, 1483, 1592, 1580, 31, 10.47%, 0, 0, 5, 9.92
1747809880, 0, 1484, 1592, 1580, 31, 10.47%, 0, 0, 5, 9.86
1747809885, 0, 1485, 1592, 1580, 31, 10.47%, 0, 0, 5, 9.29
1747809890, 0, 1486, 1592, 1580, 31, 10.47%, 0, 0, 5, 9.84
1747809895, 0, 1487, 1592, 1580, 31, 10.47%, 0, 0, 5, 8.78
1747809905, 0, 1488, 1592, 1580, 31, 10.47%, 0, 0, 5, 10.24
1747809911, 0, 1489, 1592, 1580, 31, 10.47%, 0, 0, 5, 9.32
1747809916, 0, 1490, 1592, 1580, 31, 10.47%, 0, 0, 5, 8.08
1747809922, 0, 1491, 1592, 1580, 31, 10.47%, 0, 0, 5, 8.43
1747809927, 0, 1492, 1592, 1580, 31, 10.47%, 0, 0, 5, 9.87
1747809932, 0, 1495, 1592, 1580, 31, 10.47%, 0, 0, 5, 10.65
1747809937, 0, 1496, 1592, 1580, 31, 10.47%, 0, 0, 5, 9.87
1747809942, 0, 1498, 1592, 1580, 31, 10.47%, 0, 0, 5, 10.78
1747809947, 0, 1499, 1592, 1580, 31, 10.47%, 0, 0, 5, 10.19
1747809952, 0, 1500, 1592, 1580, 31, 10.47%, 0, 0, 5, 10.88
1747809958, 0, 1501, 1592, 1580, 31, 10.47%, 0, 0, 5, 4.11
1747809963, 0, 1502, 1592, 1580, 31, 10.47%, 0, 0, 5, 5.47
1747811217, 0, 1502, 1593, 1581, 31, 10.47%, 0, 0, 6, 3.59
1747811407, 0, 1502, 1594, 1582, 31, 10.47%, 0, 0, 6, 3.63
1747811716, 0, 1502, 1595, 1583, 31, 10.47%, 0, 0, 6, 2.24
1747811758, 0, 1502, 1596, 1584, 31, 10.47%, 0, 0, 6, 2.63
1747812051, 0, 1502, 1597, 1585, 31, 10.47%, 0, 0, 6, 2.15
1747812077, 0, 1502, 1598, 1586, 31, 10.47%, 0, 0, 6, 2.20
1747812187, 0, 1502, 1599, 1587, 31, 10.47%, 0, 0, 6, 2.52
1747812230, 0, 1502, 1600, 1588, 31, 10.48%, 0, 0, 6, 2.15
1747812365, 0, 1503, 1600, 1587, 30, 10.48%, 0, 0, 6, 5.62
1747812681, 0, 1503, 1601, 1588, 30, 10.48%, 0, 0, 6, 1.65
1747813682, 0, 1503, 1602, 1589, 30, 10.48%, 0, 0, 6, 2.96
1747813687, 0, 1503, 1603, 1590, 30, 10.49%, 0, 0, 6, 2.89
1747813698, 0, 1503, 1604, 1591, 30, 10.49%, 0, 0, 6, 2.90
1747814486, 0, 1503, 1605, 1592, 30, 10.49%, 0, 0, 6, 3.57
1747814568, 0, 1503, 1606, 1593, 30, 10.49%, 0, 0, 6, 2.97
1747814882, 0, 1503, 1607, 1594, 30, 10.49%, 0, 0, 6, 2.78
1747814903, 0, 1503, 1608, 1595, 30, 10.50%, 0, 0, 6, 3.00
1747815359, 0, 1504, 1608, 1594, 29, 10.50%, 0, 0, 6, 8.91
1747815364, 0, 1506, 1608, 1594, 29, 10.50%, 0, 0, 6, 8.58
1747815375, 0, 1508, 1608, 1594, 29, 10.50%, 0, 0, 6, 10.15
1747815385, 0, 1509, 1608, 1594, 29, 10.50%, 0, 0, 6, 8.88
1747815390, 0, 1510, 1608, 1594, 29, 10.50%, 0, 0, 6, 8.99
1747815395, 0, 1511, 1608, 1594, 29, 10.50%, 0, 0, 6, 10.64
1747815400, 0, 1513, 1608, 1594, 29, 10.50%, 0, 0, 6, 8.94
1747815406, 0, 1514, 1608, 1594, 29, 10.50%, 0, 0, 6, 13.60
1747815416, 0, 1516, 1608, 1594, 29, 10.50%, 0, 0, 6, 6.15
1747815421, 0, 1517, 1608, 1594, 29, 10.50%, 0, 0, 6, 8.71
1747815426, 0, 1518, 1608, 1594, 29, 10.50%, 0, 0, 6, 10.43
1747815431, 0, 1520, 1608, 1594, 29, 10.50%, 0, 0, 6, 10.65
1747815436, 0, 1521, 1608, 1594, 29, 10.50%, 0, 0, 6, 9.11
1747815442, 0, 1522, 1608, 1594, 29, 10.50%, 0, 0, 6, 10.89
1747815447, 0, 1523, 1608, 1594, 29, 10.50%, 0, 0, 6, 10.16
1747815452, 0, 1524, 1608, 1594, 29, 10.50%, 0, 0, 6, 11.33
1747815457, 0, 1525, 1608, 1594, 29, 10.50%, 0, 0, 6, 15.19
1747815468, 0, 1526, 1608, 1594, 29, 10.50%, 0, 0, 6, 7.60
1747815473, 0, 1527, 1608, 1594, 29, 10.50%, 0, 0, 6, 9.28
1747815478, 0, 1529, 1608, 1594, 29, 10.50%, 0, 0, 6, 8.34
1747815488, 0, 1531, 1608, 1594, 29, 10.50%, 0, 0, 6, 9.42
1747815494, 0, 1532, 1608, 1594, 29, 10.50%, 0, 0, 6, 1.96
1747815499, 0, 1533, 1608, 1594, 29, 10.50%, 0, 0, 6, 13.89
1747815504, 0, 1534, 1608, 1594, 29, 10.50%, 0, 0, 6, 13.59
1747815509, 0, 1535, 1608, 1594, 29, 10.50%, 0, 0, 6, 11.70
1747815514, 0, 1536, 1608, 1594, 29, 10.50%, 0, 0, 6, 9.87
1747815519, 0, 1537, 1608, 1594, 29, 10.50%, 0, 0, 6, 2.63
1747815525, 0, 1538, 1608, 1594, 29, 10.50%, 0, 0, 6, 2.13
1747815530, 0, 1539, 1608, 1594, 29, 10.50%, 0, 0, 6, 15.43
1747815535, 0, 1540, 1608, 1594, 29, 10.50%, 0, 0, 6, 11.13
1747815540, 0, 1541, 1608, 1594, 29, 10.50%, 0, 0, 6, 10.15
1747815545, 0, 1542, 1608, 1594, 29, 10.50%, 0, 0, 6, 9.60
1747815555, 0, 1543, 1608, 1594, 29, 10.50%, 0, 0, 6, 6.86
1747815561, 0, 1543, 1609, 1595, 29, 10.50%, 0, 0, 6, 7.61
1747815571, 0, 1545, 1609, 1595, 29, 10.50%, 0, 0, 6, 8.87
1747815581, 0, 1547, 1609, 1595, 29, 10.50%, 0, 0, 6, 7.04
1747815586, 0, 1548, 1609, 1595, 29, 10.50%, 0, 0, 6, 7.93
1747815592, 0, 1549, 1609, 1595, 29, 10.50%, 0, 0, 6, 8.55
1747815602, 0, 1550, 1609, 1595, 29, 10.50%, 0, 0, 6, 8.21
1747815607, 0, 1551, 1609, 1595, 29, 10.50%, 0, 0, 6, 10.65
1747815612, 0, 1552, 1609, 1595, 29, 10.50%, 0, 0, 6, 11.75
1747815617, 0, 1553, 1609, 1595, 29, 10.50%, 0, 0, 6, 9.90
1747815622, 0, 1554, 1609, 1595, 29, 10.50%, 0, 0, 6, 9.82
1747815627, 0, 1556, 1609, 1595, 29, 10.50%, 0, 0, 6, 9.40
1747815633, 0, 1557, 1609, 1595, 29, 10.50%, 0, 0, 6, 11.16
1747815638, 0, 1558, 1609, 1595, 29, 10.50%, 0, 0, 6, 10.51
1747815643, 0, 1559, 1609, 1595, 29, 10.50%, 0, 0, 6, 9.90
1747815653, 0, 1560, 1609, 1595, 29, 10.50%, 0, 0, 6, 7.52
1747815658, 0, 1561, 1609, 1595, 29, 10.50%, 0, 0, 6, 8.23
1747815669, 0, 1562, 1609, 1595, 29, 10.50%, 0, 0, 6, 8.62
1747815674, 0, 1564, 1609, 1595, 29, 10.50%, 0, 0, 6, 8.26
1747815684, 0, 1567, 1609, 1595, 29, 10.50%, 0, 0, 6, 10.74
1747815695, 0, 1568, 1609, 1595, 29, 10.50%, 0, 0, 6, 3.54
1747815700, 0, 1569, 1609, 1595, 29, 10.50%, 0, 0, 6, 6.40
1747815705, 0, 1570, 1609, 1595, 29, 10.50%, 0, 0, 6, 9.16
1747815715, 0, 1571, 1609, 1595, 29, 10.50%, 0, 0, 6, 8.53
1747815721, 0, 1574, 1609, 1595, 29, 10.50%, 0, 0, 6, 9.25
1747815726, 0, 1575, 1609, 1595, 29, 10.50%, 0, 0, 6, 18.86
1747815731, 0, 1576, 1609, 1595, 29, 10.50%, 0, 0, 6, 3.75
1747815741, 0, 1577, 1609, 1595, 29, 10.50%, 0, 0, 6, 5.96
1747815746, 0, 1578, 1609, 1595, 29, 10.50%, 0, 0, 6, 6.20
1747815757, 0, 1579, 1609, 1595, 29, 10.50%, 0, 0, 6, 8.72
1747815762, 0, 1581, 1609, 1595, 29, 10.50%, 0, 0, 6, 11.01
1747815767, 0, 1582, 1609, 1595, 29, 10.50%, 0, 0, 6, 10.11
1747815772, 0, 1583, 1609, 1595, 29, 10.50%, 0, 0, 6, 7.45
1747815777, 0, 1584, 1609, 1595, 29, 10.50%, 0, 0, 6, 7.52
1747815788, 0, 1585, 1609, 1595, 29, 10.50%, 0, 0, 6, 7.56
1747815798, 0, 1586, 1609, 1595, 29, 10.50%, 0, 0, 6, 6.65
1747815803, 0, 1587, 1609, 1595, 29, 10.50%, 0, 0, 6, 7.50
1747815808, 0, 1589, 1609, 1595, 29, 10.50%, 0, 0, 6, 9.05
1747815818, 0, 1590, 1609, 1595, 29, 10.50%, 0, 0, 6, 8.15
1747815824, 0, 1591, 1609, 1595, 29, 10.50%, 0, 0, 6, 8.29
1747815834, 0, 1594, 1609, 1595, 29, 10.50%, 0, 0, 6, 12.27
1747815839, 0, 1596, 1609, 1595, 29, 10.50%, 0, 0, 6, 10.81
1747815849, 0, 1597, 1609, 1595, 29, 10.50%, 0, 0, 6, 7.06
1747815854, 0, 1599, 1609, 1595, 29, 10.50%, 0, 0, 6, 7.98
1747815860, 0, 1601, 1609, 1595, 29, 10.50%, 0, 0, 6, 8.82
1747815870, 0, 1602, 1609, 1595, 29, 10.50%, 0, 0, 6, 7.84
1747815875, 0, 1603, 1609, 1595, 29, 10.50%, 0, 0, 6, 7.35
1747815880, 0, 1605, 1609, 1595, 29, 10.50%, 0, 0, 6, 10.11
1747815891, 0, 1606, 1609, 1595, 29, 10.50%, 0, 0, 6, 7.41
1747815896, 0, 1607, 1609, 1595, 29, 10.50%, 0, 0, 6, 6.65
1747815928, 0, 1607, 1610, 1596, 29, 10.50%, 0, 0, 7, 3.51
1747816043, 0, 1607, 1611, 1597, 29, 10.51%, 0, 0, 7, 1.73
1747816059, 0, 1607, 1612, 1598, 29, 10.51%, 0, 0, 7, 1.69
1747816931, 0, 1607, 1613, 1599, 29, 10.51%, 0, 0, 7, 1.75
1747816936, 0, 1607, 1614, 1600, 29, 10.51%, 0, 0, 7, 1.73
