ID;Parent ID;Generation ID;Derived Inputs;Derived Fails;Flags;Generation Time;Generation Length;Trimmed Length;Execution Time;Primary Score;Relative Primary Score;Secondary Score;Relative Secondary Score;Exit Code;Exit Reason;Result;Individual Primary;Individual Secondary;Retries;Test Number
16cfb;16866;16b47;0;5224;0000000000000078;        43s 578ms 702μs 374ns;371;317;             20ms  66μs 219ns;0.000000;inf;0.000000;inf;0;1;Passing;;;0;18495
1729e;16cfb;16b47;0;0;0000000000000080;        44s 234ms 523μs 353ns;313;-1;             21ms 627μs 330ns;0.000000;inf;0.000000;inf;0;1;Passing;;;0;18663
17292;16cfb;16b47;0;0;0000000000000080;        44s 234ms 293μs 475ns;313;-1;             20ms 890μs 533ns;0.000000;inf;0.000000;inf;0;1;Passing;;;0;18667
17290;16cfb;16b47;0;0;0000000000000080;        44s 234ms 257μs 720ns;313;-1;             20ms 682μs 283ns;0.000000;inf;0.000000;inf;0;1;Passing;;;0;18668
1727f;16cfb;16b47;0;0;0000000000000080;        44s 233ms 904μs 439ns;313;-1;             20ms 313μs 912ns;0.000000;inf;0.000000;inf;0;1;Passing;;;0;18674
17276;16cfb;16b47;0;0;0000000000000080;        44s 233ms 666μs 264ns;313;-1;             20ms 191μs 251ns;0.000000;inf;0.000000;inf;0;1;Passing;;;0;18677
1726e;16cfb;16b47;0;0;0000000000000080;        44s 233ms 497μs 311ns;313;-1;             19ms 969μs 857ns;0.000000;inf;0.000000;inf;0;1;Passing;;;0;18679
17265;16cfb;16b47;0;0;0000000000000080;        44s 233ms 298μs 465ns;313;-1;             20ms 966μs 775ns;0.000000;inf;0.000000;inf;0;1;Passing;;;0;18683
1725f;16cfb;16b47;0;0;0000000000000080;        44s 233ms 153μs 630ns;313;-1;             20ms 655μs 222ns;0.000000;inf;0.000000;inf;0;1;Passing;;;0;18684
1725c;16cfb;16b47;0;0;0000000000000080;        44s 233ms 108μs 485ns;313;-1;             20ms 738μs 950ns;0.000000;inf;0.000000;inf;0;1;Passing;;;0;18685
1725b;16cfb;16b47;0;0;0000000000000080;        44s 233ms  92μs 763ns;313;-1;             20ms 563μs  43ns;0.000000;inf;0.000000;inf;0;1;Passing;;;0;18686
17257;16cfb;16b47;0;0;0000000000000080;        44s 232ms 976μs  59ns;313;-1;             20ms 563μs 818ns;0.000000;inf;0.000000;inf;0;1;Passing;;;0;18687
17253;16cfb;16b47;0;0;0000000000000080;        44s 232ms 908μs 648ns;313;-1;             19ms 992μs 263ns;0.000000;inf;0.000000;inf;0;1;Passing;;;0;18689
1724b;16cfb;16b47;0;0;0000000000000080;        44s 232ms 725μs 668ns;313;-1;             20ms 511μs 879ns;0.000000;inf;0.000000;inf;0;1;Passing;;;0;18693
17245;16cfb;16b47;0;0;0000000000000080;        44s 232ms 616μs 402ns;313;-1;             20ms 569μs 472ns;0.000000;inf;0.000000;inf;0;1;Passing;;;0;18694
1723b;16cfb;16b47;0;0;0000000000000080;        44s 232ms 480μs 287ns;313;-1;             20ms 696μs 655ns;0.000000;inf;0.000000;inf;0;1;Passing;;;0;18695
1723d;16cfb;16b47;0;0;0000000000000080;        44s 232ms 440μs 767ns;313;-1;             20ms 544μs 573ns;0.000000;inf;0.000000;inf;0;1;Passing;;;0;18698
1722f;16cfb;16b47;0;0;0000000000000080;        44s 232ms  89μs 307ns;313;-1;             20ms 457μs 793ns;0.000000;inf;0.000000;inf;0;1;Passing;;;0;18702
17229;16cfb;16b47;0;0;0000000000000080;        44s 231ms 951μs  68ns;313;-1;             20ms 557μs 941ns;0.000000;inf;0.000000;inf;0;1;Passing;;;0;18704
17220;16cfb;16b47;0;0;0000000000000080;        44s 231ms 934μs 344ns;313;-1;             20ms 125μs 429ns;0.000000;inf;0.000000;inf;0;1;Passing;;;0;18705
17223;16cfb;16b47;0;0;0000000000000080;        44s 231ms 820μs 998ns;313;-1;             19ms 775μs 492ns;0.000000;inf;0.000000;inf;0;1;Passing;;;0;18706
17212;16cfb;16b47;0;0;0000000000000080;        44s 231ms 646μs 519ns;313;-1;             18ms 217μs  60ns;0.000000;inf;0.000000;inf;0;1;Passing;;;0;18711
17217;16cfb;16b47;0;0;0000000000000080;        44s 231ms 626μs 881ns;313;-1;             20ms 563μs 751ns;0.000000;inf;0.000000;inf;0;1;Passing;;;0;18713
17204;16cfb;16b47;0;0;0000000000000080;        44s 231ms 376μs 107ns;313;-1;             19ms 257μs 236ns;0.000000;inf;0.000000;inf;0;1;Passing;;;0;18717
17209;16cfb;16b47;0;0;0000000000000080;        44s 231ms 270μs 522ns;313;-1;             19ms 294μs 960ns;0.000000;inf;0.000000;inf;0;1;Passing;;;0;18718
171fa;16cfb;16b47;0;0;0000000000000080;        44s 231ms   6μs 237ns;313;-1;             19ms 428μs 490ns;0.000000;inf;0.000000;inf;0;1;Passing;;;0;18724
171f0;16cfb;16b47;0;0;0000000000000080;        44s 230ms 875μs 150ns;313;-1;             18ms 845μs 252ns;0.000000;inf;0.000000;inf;0;1;Passing;;;0;18726
171e5;16cfb;16b47;0;0;0000000000000080;        44s 230ms 765μs 186ns;313;-1;             17ms 396μs  79ns;0.000000;inf;0.000000;inf;0;1;Passing;;;0;18728
171d8;16cfb;16b47;0;0;0000000000000080;        44s 230ms 252μs 917ns;313;-1;             20ms 371μs 318ns;0.000000;inf;0.000000;inf;0;1;Passing;;;0;18731
171d4;16cfb;16b47;0;0;0000000000000080;        44s 230ms 169μs 702ns;313;-1;             20ms 387μs 732ns;0.000000;inf;0.000000;inf;0;1;Passing;;;0;18732
171d0;16cfb;16b47;0;0;0000000000000080;        44s 230ms  67μs  87ns;313;-1;             20ms 583μs 365ns;0.000000;inf;0.000000;inf;0;1;Passing;;;0;18733
171c2;16cfb;16b47;0;0;0000000000000080;        44s 230ms  24μs 729ns;313;-1;             20ms  36μs 895ns;0.000000;inf;0.000000;inf;0;1;Passing;;;0;18735
171c9;16cfb;16b47;0;0;0000000000000080;        44s 229ms 922μs 172ns;313;-1;             19ms 109μs 143ns;0.000000;inf;0.000000;inf;0;1;Passing;;;0;18738
171c7;16cfb;16b47;0;0;0000000000000080;        44s 229ms 890μs 114ns;313;-1;             18ms  78μs 511ns;0.000000;inf;0.000000;inf;0;1;Passing;;;0;18743
171c1;16cfb;16b47;0;0;4000000000000080;        44s 229ms 739μs 973ns;313;-1;             17ms 770μs 478ns;0.000000;inf;0.000000;inf;0;1;Passing;;;0;18744
17473;16cfb;16b47;0;0;0000000000000080;        44s 553ms 850μs 922ns;309;-1;             20ms 942μs 818ns;0.000000;inf;0.000000;inf;0;1;Passing;;;0;18762
17465;16cfb;16b47;0;0;0000000000000080;        44s 553ms 629μs 458ns;309;-1;             20ms 285μs 789ns;0.000000;inf;0.000000;inf;0;1;Passing;;;0;18766
17463;16cfb;16b47;0;0;0000000000000080;        44s 553ms 567μs 365ns;309;-1;             22ms 795μs 608ns;0.000000;inf;0.000000;inf;0;1;Passing;;;0;18767
17453;16cfb;16b47;0;0;0000000000000080;        44s 553ms 145μs 716ns;309;-1;             20ms 246μs 782ns;0.000000;inf;0.000000;inf;0;1;Passing;;;0;18774
1744a;16cfb;16b47;0;0;0000000000000080;        44s 552ms 995μs 483ns;309;-1;             20ms 269μs 448ns;0.000000;inf;0.000000;inf;0;1;Passing;;;0;18776
17442;16cfb;16b47;0;0;0000000000000080;        44s 552ms 837μs 271ns;309;-1;             20ms 387μs 881ns;0.000000;inf;0.000000;inf;0;1;Passing;;;0;18780
17439;16cfb;16b47;0;0;0000000000000080;        44s 552ms 649μs 702ns;309;-1;             20ms 469μs 662ns;0.000000;inf;0.000000;inf;0;1;Passing;;;0;18782
17434;16cfb;16b47;0;0;0000000000000080;        44s 552ms 536μs 604ns;309;-1;             21ms 343μs 376ns;0.000000;inf;0.000000;inf;0;1;Passing;;;0;18783
17430;16cfb;16b47;0;0;0000000000000080;        44s 552ms 460μs 306ns;309;-1;             21ms  23μs 548ns;0.000000;inf;0.000000;inf;0;1;Passing;;;0;18784
1742f;16cfb;16b47;0;0;0000000000000080;        44s 552ms 456μs 588ns;309;-1;             21ms 136μs 810ns;0.000000;inf;0.000000;inf;0;1;Passing;;;0;18785
1742b;16cfb;16b47;0;0;0000000000000080;        44s 552ms 355μs  24ns;309;-1;             20ms 794μs 106ns;0.000000;inf;0.000000;inf;0;1;Passing;;;0;18786
17427;16cfb;16b47;0;0;0000000000000080;        44s 552ms 250μs 759ns;309;-1;             20ms 393μs 751ns;0.000000;inf;0.000000;inf;0;1;Passing;;;0;18788
1741e;16cfb;16b47;0;0;0000000000000080;        44s 552ms  79μs 670ns;309;-1;             19ms 632μs 620ns;0.000000;inf;0.000000;inf;0;1;Passing;;;0;18791
17419;16cfb;16b47;0;0;0000000000000080;        44s 551ms 979μs  25ns;309;-1;             19ms 870μs  40ns;0.000000;inf;0.000000;inf;0;1;Passing;;;0;18793
17414;16cfb;16b47;0;0;0000000000000080;        44s 551ms 908μs  80ns;309;-1;             20ms 529μs 451ns;0.000000;inf;0.000000;inf;0;1;Passing;;;0;18794
1740e;16cfb;16b47;0;0;0000000000000080;        44s 551ms 804μs 530ns;309;-1;             19ms 776μs 475ns;0.000000;inf;0.000000;inf;0;1;Passing;;;0;18797
17404;16cfb;16b47;0;0;0000000000000080;        44s 551ms 536μs 298ns;309;-1;             18ms 275μs 846ns;0.000000;inf;0.000000;inf;0;1;Passing;;;0;18802
173fd;16cfb;16b47;0;0;0000000000000080;        44s 551ms 384μs 896ns;309;-1;             18ms 756μs 824ns;0.000000;inf;0.000000;inf;0;1;Passing;;;0;18803
173f7;16cfb;16b47;0;0;0000000000000080;        44s 551ms 219μs 649ns;309;-1;             19ms 413μs 238ns;0.000000;inf;0.000000;inf;0;1;Passing;;;0;18805
173f5;16cfb;16b47;0;0;0000000000000080;        44s 551ms 196μs 468ns;309;-1;             19ms  48μs 587ns;0.000000;inf;0.000000;inf;0;1;Passing;;;0;18806
173ec;16cfb;16b47;0;0;0000000000000080;        44s 551ms  54μs 375ns;309;-1;             19ms 394μs 464ns;0.000000;inf;0.000000;inf;0;1;Passing;;;0;18808
173e5;16cfb;16b47;0;0;0000000000000080;        44s 550ms 949μs 960ns;309;-1;             18ms 201μs 474ns;0.000000;inf;0.000000;inf;0;1;Passing;;;0;18811
173dc;16cfb;16b47;0;0;0000000000000080;        44s 550ms 707μs 401ns;309;-1;             18ms 783μs   4ns;0.000000;inf;0.000000;inf;0;1;Passing;;;0;18815
173d5;16cfb;16b47;0;0;0000000000000080;        44s 549ms 904μs 604ns;309;-1;             17ms 980μs 625ns;0.000000;inf;0.000000;inf;0;1;Passing;;;0;18820
173cf;16cfb;16b47;0;0;0000000000000080;        44s 549ms 712μs 701ns;309;-1;             18ms 120μs 725ns;0.000000;inf;0.000000;inf;0;1;Passing;;;0;18823
173c6;16cfb;16b47;0;0;0000000000000080;        44s 549ms 361μs 742ns;309;-1;             18ms  60μs 820ns;0.000000;inf;0.000000;inf;0;1;Passing;;;0;18827
173ba;16cfb;16b47;0;0;0000000000000080;        44s 548ms 749μs 529ns;309;-1;             19ms 313μs 309ns;0.000000;inf;0.000000;inf;0;1;Passing;;;0;18828
173ae;16cfb;16b47;0;0;0000000000000080;        44s 548ms 175μs 889ns;309;-1;             19ms 385μs 916ns;0.000000;inf;0.000000;inf;0;1;Passing;;;0;18830
173a8;16cfb;16b47;0;0;0000000000000080;        44s 547ms 967μs 810ns;309;-1;             19ms 605μs 139ns;0.000000;inf;0.000000;inf;0;1;Passing;;;0;18831
173a5;16cfb;16b47;0;0;0000000000000080;        44s 547ms 689μs 312ns;309;-1;             19ms 639μs 154ns;0.000000;inf;0.000000;inf;0;1;Passing;;;0;18833
17399;16cfb;16b47;0;0;0000000000000080;        44s 547ms 616μs 783ns;309;-1;             19ms 614μs 821ns;0.000000;inf;0.000000;inf;0;1;Passing;;;0;18834
1739f;16cfb;16b47;0;0;0000000000000080;        44s 547ms 361μs  99ns;309;-1;             11ms 944μs 653ns;0.000000;inf;0.000000;inf;0;1;Passing;;;0;18835
1739c;16cfb;16b47;0;0;4000000000000080;        44s 547ms 158μs 777ns;309;-1;             11ms 718μs 819ns;0.000000;inf;0.000000;inf;0;1;Passing;;;0;18836
1756a;16cfb;16b47;0;0;0000000000000080;        44s 840ms 949μs 646ns;305;-1;             17ms 827μs 493ns;0.000000;inf;0.000000;inf;0;1;Passing;;;0;18839
1756f;16cfb;16b47;0;0;0000000000000080;        44s 841ms 398μs 563ns;305;-1;             18ms 128μs 465ns;0.000000;inf;0.000000;inf;0;1;Passing;;;0;18840
1756e;16cfb;16b47;0;0;0000000000000080;        44s 841ms 331μs   7ns;305;-1;             19ms 505μs 910ns;0.000000;inf;0.000000;inf;0;1;Passing;;;0;18841
17575;16cfb;16b47;0;0;0000000000000080;        44s 841ms 751μs 940ns;305;-1;             18ms 509μs 271ns;0.000000;inf;0.000000;inf;0;1;Passing;;;0;18842
1757a;16cfb;16b47;0;0;0000000000000080;        44s 842ms  20μs 747ns;305;-1;             18ms 755μs  96ns;0.000000;inf;0.000000;inf;0;1;Passing;;;0;18844
175a9;16cfb;16b47;0;0;0000000000000080;        44s 843ms 639μs 154ns;305;-1;             18ms 960μs 349ns;0.000000;inf;0.000000;inf;0;1;Passing;;;0;18847
17642;16cfb;16b47;0;0;0000000000000080;        44s 848ms 235μs 382ns;305;-1;             19ms 708μs 701ns;0.000000;inf;0.000000;inf;0;1;Passing;;;0;18853
17635;16cfb;16b47;0;0;0000000000000080;        44s 847ms 841μs 124ns;305;-1;             19ms 654μs 804ns;0.000000;inf;0.000000;inf;0;1;Passing;;;0;18857
17634;16cfb;16b47;0;0;0000000000000080;        44s 847ms 798μs 137ns;305;-1;             19ms 494μs 992ns;0.000000;inf;0.000000;inf;0;1;Passing;;;0;18859
17621;16cfb;16b47;0;0;0000000000000080;        44s 847ms 135μs 135ns;305;-1;             19ms 172μs 279ns;0.000000;inf;0.000000;inf;0;1;Passing;;;0;18864
17618;16cfb;16b47;0;0;0000000000000080;        44s 846ms 872μs 360ns;305;-1;             19ms 832μs 213ns;0.000000;inf;0.000000;inf;0;1;Passing;;;0;18865
17613;16cfb;16b47;0;0;0000000000000080;        44s 846ms 758μs 423ns;305;-1;             20ms 138μs 797ns;0.000000;inf;0.000000;inf;0;1;Passing;;;0;18866
17609;16cfb;16b47;0;0;0000000000000080;        44s 846ms 407μs   1ns;305;-1;             19ms 827μs 657ns;0.000000;inf;0.000000;inf;0;1;Passing;;;0;18871
17603;16cfb;16b47;0;0;0000000000000080;        44s 846ms 251μs 776ns;305;-1;             20ms 111μs 238ns;0.000000;inf;0.000000;inf;0;1;Passing;;;0;18872
17600;16cfb;16b47;0;0;0000000000000080;        44s 846ms 166μs 508ns;305;-1;             20ms 180μs 615ns;0.000000;inf;0.000000;inf;0;1;Passing;;;0;18873
175fd;16cfb;16b47;0;0;0000000000000080;        44s 846ms 108μs 596ns;305;-1;             20ms  32μs 355ns;0.000000;inf;0.000000;inf;0;1;Passing;;;0;18874
175fa;16cfb;16b47;0;0;0000000000000080;        44s 846ms   7μs 523ns;305;-1;             19ms 113μs 219ns;0.000000;inf;0.000000;inf;0;1;Passing;;;0;18875
175f7;16cfb;16b47;0;0;0000000000000080;        44s 845ms 966μs 235ns;305;-1;             19ms 270μs 295ns;0.000000;inf;0.000000;inf;0;1;Passing;;;0;18876
175ee;16cfb;16b47;0;0;0000000000000080;        44s 845ms 750μs 320ns;305;-1;             18ms 863μs 783ns;0.000000;inf;0.000000;inf;0;1;Passing;;;0;18880
175e8;16cfb;16b47;0;0;0000000000000080;        44s 845ms 620μs 269ns;305;-1;             21ms 567μs 881ns;0.000000;inf;0.000000;inf;0;1;Passing;;;0;18883
175e3;16cfb;16b47;0;0;0000000000000080;        44s 845ms 499μs 611ns;305;-1;             19ms 686μs 360ns;0.000000;inf;0.000000;inf;0;1;Passing;;;0;18884
175de;16cfb;16b47;0;1;0000000000000080;        44s 845ms 373μs 801ns;305;-1;             20ms 165μs 857ns;0.000000;inf;0.000000;inf;0;1;Passing;;;0;18887
175d2;16cfb;16b47;0;0;0000000000000080;        44s 845ms  41μs 789ns;305;-1;             19ms 233μs  41ns;0.000000;inf;0.000000;inf;0;1;Passing;;;0;18891
175cd;16cfb;16b47;0;0;0000000000000080;        44s 844ms 900μs 884ns;305;-1;             20ms 304μs 133ns;0.000000;inf;0.000000;inf;0;1;Passing;;;0;18892
175c7;16cfb;16b47;0;0;0000000000000080;        44s 844ms 782μs 591ns;305;-1;             20ms 749μs 692ns;0.000000;inf;0.000000;inf;0;1;Passing;;;0;18894
175be;16cfb;16b47;0;0;0000000000000080;        44s 844ms 608μs 652ns;305;-1;             19ms 804μs 839ns;0.000000;inf;0.000000;inf;0;1;Passing;;;0;18898
175b8;16cfb;16b47;0;0;0000000000000080;        44s 844ms 476μs 492ns;305;-1;             19ms 765μs 582ns;0.000000;inf;0.000000;inf;0;1;Passing;;;0;18900
175af;16cfb;16b47;0;0;0000000000000080;        44s 844ms  55μs 660ns;305;-1;             19ms 689μs 743ns;0.000000;inf;0.000000;inf;0;1;Passing;;;0;18905
1759f;16cfb;16b47;0;0;0000000000000080;        44s 843ms 283μs 943ns;305;-1;             19ms 357μs 267ns;0.000000;inf;0.000000;inf;0;1;Passing;;;0;18909
17596;16cfb;16b47;0;0;0000000000000080;        44s 843ms  90μs 743ns;305;-1;             19ms  40μs 958ns;0.000000;inf;0.000000;inf;0;1;Passing;;;0;18910
1758b;16cfb;16b47;0;0;0000000000000080;        44s 842ms 670μs 205ns;305;-1;             13ms 682μs 195ns;0.000000;inf;0.000000;inf;0;1;Passing;;;0;18912
17580;16cfb;16b47;0;0;4000000000000080;        44s 842ms 418μs 897ns;305;-1;              9ms 690μs  65ns;0.000000;inf;0.000000;inf;0;1;Passing;;;0;18913
179a5;16cfb;16b47;0;0;0000000000000080;        45s 220ms  41μs 504ns;303;-1;             18ms 371μs 534ns;0.000000;inf;0.000000;inf;0;1;Passing;;;0;18989
179a2;16cfb;16b47;0;0;0000000000000080;        45s 219ms 882μs 179ns;303;-1;             18ms 340μs  52ns;0.000000;inf;0.000000;inf;0;1;Passing;;;0;18990
1799c;16cfb;16b47;0;0;0000000000000080;        45s 219ms 761μs  19ns;303;-1;             18ms 526μs 803ns;0.000000;inf;0.000000;inf;0;1;Passing;;;0;18991
17999;16cfb;16b47;0;0;0000000000000080;        45s 219ms 725μs 960ns;303;-1;             18ms 682μs 460ns;0.000000;inf;0.000000;inf;0;1;Passing;;;0;18994
17996;16cfb;16b47;0;0;0000000000000080;        45s 219ms 647μs 889ns;303;-1;             18ms 372μs 691ns;0.000000;inf;0.000000;inf;0;1;Passing;;;0;18995
179ad;16cfb;16b47;0;0;0000000000000080;        45s 220ms 221μs 306ns;303;-1;             19ms 174μs 427ns;0.000000;inf;0.000000;inf;0;1;Passing;;;0;18999
1798b;16cfb;16b47;0;0;0000000000000080;        45s 219ms 393μs 783ns;303;-1;             19ms 824μs 629ns;0.000000;inf;0.000000;inf;0;1;Passing;;;0;19000
17a0b;16cfb;16b47;0;0;0000000000000080;        45s 222ms 583μs   6ns;303;-1;             19ms 815μs 831ns;0.000000;inf;0.000000;inf;0;1;Passing;;;0;19001
17a31;16cfb;16b47;0;0;0000000000000080;        45s 223ms 463μs 754ns;303;-1;             19ms 609μs 563ns;0.000000;inf;0.000000;inf;0;1;Passing;;;0;19002
17a3b;16cfb;16b47;0;0;0000000000000080;        45s 223ms 849μs 902ns;303;-1;             19ms 399μs 127ns;0.000000;inf;0.000000;inf;0;1;Passing;;;0;19003
17b47;16cfb;16b47;0;0;0000000000000080;        45s 232ms 659μs 143ns;303;-1;             18ms 485μs 953ns;0.000000;inf;0.000000;inf;0;1;Passing;;;0;19005
17b36;16cfb;16b47;0;0;0000000000000080;        45s 232ms  18μs 660ns;303;-1;             19ms 907μs 864ns;0.000000;inf;0.000000;inf;0;1;Passing;;;0;19010
17b35;16cfb;16b47;0;0;0000000000000080;        45s 232ms  10μs 539ns;303;-1;             19ms  64μs 253ns;0.000000;inf;0.000000;inf;0;1;Passing;;;0;19011
17b30;16cfb;16b47;0;0;0000000000000080;        45s 231ms 809μs 297ns;303;-1;             19ms 460μs 661ns;0.000000;inf;0.000000;inf;0;1;Passing;;;0;19013
17b29;16cfb;16b47;0;0;0000000000000080;        45s 231ms 588μs 639ns;303;-1;             19ms 794μs 477ns;0.000000;inf;0.000000;inf;0;1;Passing;;;0;19015
17b23;16cfb;16b47;0;0;0000000000000080;        45s 231ms 374μs 177ns;303;-1;             19ms 830μs 567ns;0.000000;inf;0.000000;inf;0;1;Passing;;;0;19017
17b11;16cfb;16b47;0;0;0000000000000080;        45s 230ms 738μs 125ns;303;-1;             21ms  62μs 825ns;0.000000;inf;0.000000;inf;0;1;Passing;;;0;19023
17b0a;16cfb;16b47;0;0;0000000000000080;        45s 230ms 528μs 620ns;303;-1;             19ms 813μs 483ns;0.000000;inf;0.000000;inf;0;1;Passing;;;0;19026
17b07;16cfb;16b47;0;0;0000000000000080;        45s 230ms 362μs 990ns;303;-1;             20ms  51μs 679ns;0.000000;inf;0.000000;inf;0;1;Passing;;;0;19027
17b01;16cfb;16b47;0;0;0000000000000080;        45s 230ms 157μs 686ns;303;-1;             19ms 182μs 807ns;0.000000;inf;0.000000;inf;0;1;Passing;;;0;19028
17afb;16cfb;16b47;0;0;0000000000000080;        45s 229ms 967μs 647ns;303;-1;             19ms 901μs 410ns;0.000000;inf;0.000000;inf;0;1;Passing;;;0;19032
17aec;16cfb;16b47;0;0;0000000000000080;        45s 229ms 510μs 584ns;303;-1;             19ms 274μs 641ns;0.000000;inf;0.000000;inf;0;1;Passing;;;0;19036
17ae6;16cfb;16b47;0;0;0000000000000080;        45s 229ms 302μs 752ns;303;-1;             19ms 357μs 177ns;0.000000;inf;0.000000;inf;0;1;Passing;;;0;19038
17ada;16cfb;16b47;0;0;0000000000000080;        45s 228ms 904μs 469ns;303;-1;             19ms 412μs 836ns;0.000000;inf;0.000000;inf;0;1;Passing;;;0;19043
17ad1;16cfb;16b47;0;0;0000000000000080;        45s 228ms 575μs 234ns;303;-1;             19ms 439μs 969ns;0.000000;inf;0.000000;inf;0;1;Passing;;;0;19044
17ac0;16cfb;16b47;0;0;0000000000000080;        45s 228ms  24μs 137ns;303;-1;             20ms  24μs 887ns;0.000000;inf;0.000000;inf;0;1;Passing;;;0;19051
17aba;16cfb;16b47;0;0;0000000000000080;        45s 227ms 848μs 902ns;303;-1;             19ms 816μs 896ns;0.000000;inf;0.000000;inf;0;1;Passing;;;0;19052
17ab3;16cfb;16b47;0;0;0000000000000080;        45s 227ms 633μs 728ns;303;-1;             20ms 233μs 909ns;0.000000;inf;0.000000;inf;0;1;Passing;;;0;19053
17ab6;16cfb;16b47;0;0;0000000000000080;        45s 227ms 635μs 806ns;303;-1;             19ms 344μs 137ns;0.000000;inf;0.000000;inf;0;1;Passing;;;0;19054
17ab0;16cfb;16b47;0;0;0000000000000080;        45s 227ms 462μs  71ns;303;-1;             19ms 946μs 514ns;0.000000;inf;0.000000;inf;0;1;Passing;;;0;19055
17aac;16cfb;16b47;0;0;0000000000000080;        45s 227ms 376μs 990ns;303;-1;             20ms 658μs 793ns;0.000000;inf;0.000000;inf;0;1;Passing;;;0;19056
17aaa;16cfb;16b47;0;0;0000000000000080;        45s 227ms 273μs 869ns;303;-1;             20ms 205μs 271ns;0.000000;inf;0.000000;inf;0;1;Passing;;;0;19057
17aa6;16cfb;16b47;0;0;0000000000000080;        45s 227ms 126μs 672ns;303;-1;             20ms  99μs 769ns;0.000000;inf;0.000000;inf;0;1;Passing;;;0;19058
17aa4;16cfb;16b47;0;0;0000000000000080;        45s 227ms  90μs  57ns;303;-1;             20ms 137μs 679ns;0.000000;inf;0.000000;inf;0;1;Passing;;;0;19059
17aa0;16cfb;16b47;0;0;0000000000000080;        45s 226ms 935μs 946ns;303;-1;             20ms 825μs 981ns;0.000000;inf;0.000000;inf;0;1;Passing;;;0;19060
17a9e;16cfb;16b47;0;0;0000000000000080;        45s 226ms 904μs 796ns;303;-1;             20ms 366μs 788ns;0.000000;inf;0.000000;inf;0;1;Passing;;;0;19062
17a9a;16cfb;16b47;0;0;0000000000000080;        45s 226ms 742μs 311ns;303;-1;             19ms 975μs 736ns;0.000000;inf;0.000000;inf;0;1;Passing;;;0;19064
17a93;16cfb;16b47;0;0;0000000000000080;        45s 226ms 531μs 545ns;303;-1;             19ms 474μs 406ns;0.000000;inf;0.000000;inf;0;1;Passing;;;0;19066
17a8e;16cfb;16b47;0;0;0000000000000080;        45s 226ms 361μs  36ns;303;-1;             19ms 921μs 475ns;0.000000;inf;0.000000;inf;0;1;Passing;;;0;19067
17a8d;16cfb;16b47;0;0;0000000000000080;        45s 226ms 343μs  32ns;303;-1;             20ms  18μs 933ns;0.000000;inf;0.000000;inf;0;1;Passing;;;0;19068
17a88;16cfb;16b47;0;0;0000000000000080;        45s 226ms 158μs 555ns;303;-1;             19ms 713μs 615ns;0.000000;inf;0.000000;inf;0;1;Passing;;;0;19069
17a82;16cfb;16b47;0;0;0000000000000080;        45s 225ms 985μs 192ns;303;-1;             19ms 652μs 654ns;0.000000;inf;0.000000;inf;0;1;Passing;;;0;19071
17a81;16cfb;16b47;0;0;0000000000000080;        45s 225ms 974μs 950ns;303;-1;             20ms 178μs 542ns;0.000000;inf;0.000000;inf;0;1;Passing;;;0;19072
17a7c;16cfb;16b47;0;0;0000000000000080;        45s 225ms 812μs  34ns;303;-1;             19ms 984μs 998ns;0.000000;inf;0.000000;inf;0;1;Passing;;;0;19073
17a76;16cfb;16b47;0;0;0000000000000080;        45s 225ms 634μs 987ns;303;-1;             20ms 237μs 539ns;0.000000;inf;0.000000;inf;0;1;Passing;;;0;19074
17a75;16cfb;16b47;0;0;0000000000000080;        45s 225ms 619μs 569ns;303;-1;             18ms 790μs  82ns;0.000000;inf;0.000000;inf;0;1;Passing;;;0;19077
17a6a;16cfb;16b47;0;0;0000000000000080;        45s 225ms 260μs 920ns;303;-1;             19ms 716μs  32ns;0.000000;inf;0.000000;inf;0;1;Passing;;;0;19079
17a64;16cfb;16b47;0;0;0000000000000080;        45s 225ms  93μs 104ns;303;-1;             19ms 389μs  52ns;0.000000;inf;0.000000;inf;0;1;Passing;;;0;19081
17a5e;16cfb;16b47;0;0;0000000000000080;        45s 224ms 928μs 516ns;303;-1;             19ms 731μs   8ns;0.000000;inf;0.000000;inf;0;1;Passing;;;0;19083
17a5c;16cfb;16b47;0;0;0000000000000080;        45s 224ms 907μs 742ns;303;-1;             19ms 388μs 882ns;0.000000;inf;0.000000;inf;0;1;Passing;;;0;19084
17a56;16cfb;16b47;0;0;0000000000000080;        45s 224ms 724μs  75ns;303;-1;             19ms 348μs 856ns;0.000000;inf;0.000000;inf;0;1;Passing;;;0;19087
17a4c;16cfb;16b47;0;0;0000000000000080;        45s 224ms 417μs 573ns;303;-1;             18ms 710μs 947ns;0.000000;inf;0.000000;inf;0;1;Passing;;;0;19090
17a47;16cfb;16b47;0;0;0000000000000080;        45s 224ms 227μs 407ns;303;-1;             18ms 914μs 994ns;0.000000;inf;0.000000;inf;0;1;Passing;;;0;19091
17a44;16cfb;16b47;0;0;0000000000000080;        45s 224ms 196μs 398ns;303;-1;             18ms 894μs 293ns;0.000000;inf;0.000000;inf;0;1;Passing;;;0;19092
17a40;16cfb;16b47;0;0;0000000000000080;        45s 224ms  32μs 358ns;303;-1;             18ms 426μs 538ns;0.000000;inf;0.000000;inf;0;1;Passing;;;0;19094
17a36;16cfb;16b47;0;0;0000000000000080;        45s 223ms 674μs 193ns;303;-1;             19ms 196μs 784ns;0.000000;inf;0.000000;inf;0;1;Passing;;;0;19096
17a29;16cfb;16b47;0;0;0000000000000080;        45s 223ms 267μs 895ns;303;-1;             19ms 282μs 974ns;0.000000;inf;0.000000;inf;0;1;Passing;;;0;19099
17a26;16cfb;16b47;0;0;0000000000000080;        45s 223ms 184μs 147ns;303;-1;             19ms 446μs 717ns;0.000000;inf;0.000000;inf;0;1;Passing;;;0;19101
17a22;16cfb;16b47;0;0;0000000000000080;        45s 223ms  69μs 714ns;303;-1;             19ms 729μs 416ns;0.000000;inf;0.000000;inf;0;1;Passing;;;0;19103
17a1a;16cfb;16b47;0;0;0000000000000080;        45s 222ms 931μs 873ns;303;-1;             19ms 422μs 297ns;0.000000;inf;0.000000;inf;0;1;Passing;;;0;19104
17a17;16cfb;16b47;0;0;0000000000000080;        45s 222ms 828μs 247ns;303;-1;             19ms  21μs 635ns;0.000000;inf;0.000000;inf;0;1;Passing;;;0;19105
17a14;16cfb;16b47;0;0;0000000000000080;        45s 222ms 765μs 575ns;303;-1;             19ms 240μs 208ns;0.000000;inf;0.000000;inf;0;1;Passing;;;0;19106
17a0e;16cfb;16b47;0;0;0000000000000080;        45s 222ms 630μs 593ns;303;-1;             19ms 223μs 658ns;0.000000;inf;0.000000;inf;0;1;Passing;;;0;19109
17a09;16cfb;16b47;0;0;0000000000000080;        45s 222ms 526μs 738ns;303;-1;             19ms 672μs 423ns;0.000000;inf;0.000000;inf;0;1;Passing;;;0;19110
17a04;16cfb;16b47;0;0;0000000000000080;        45s 222ms 377μs 379ns;303;-1;             19ms 799μs 951ns;0.000000;inf;0.000000;inf;0;1;Passing;;;0;19114
179fc;16cfb;16b47;0;0;0000000000000080;        45s 222ms 203μs 226ns;303;-1;             20ms  50μs 943ns;0.000000;inf;0.000000;inf;0;1;Passing;;;0;19115
179ea;16cfb;16b47;0;0;0000000000000080;        45s 221ms 759μs 151ns;303;-1;             18ms 568μs 848ns;0.000000;inf;0.000000;inf;0;1;Passing;;;0;19119
179e7;16cfb;16b47;0;0;0000000000000080;        45s 221ms 749μs 281ns;303;-1;             18ms 894μs 467ns;0.000000;inf;0.000000;inf;0;1;Passing;;;0;19120
179e1;16cfb;16b47;0;0;0000000000000080;        45s 221ms 620μs 643ns;303;-1;             19ms 226μs  94ns;0.000000;inf;0.000000;inf;0;1;Passing;;;0;19121
179e4;16cfb;16b47;0;0;0000000000000080;        45s 221ms 652μs 935ns;303;-1;             20ms 585μs 932ns;0.000000;inf;0.000000;inf;0;1;Passing;;;0;19122
179db;16cfb;16b47;0;0;0000000000000080;        45s 221ms 487μs 863ns;303;-1;             18ms 869μs 596ns;0.000000;inf;0.000000;inf;0;1;Passing;;;0;19125
179d4;16cfb;16b47;0;0;0000000000000080;        45s 221ms 346μs 175ns;303;-1;             19ms 746μs 450ns;0.000000;inf;0.000000;inf;0;1;Passing;;;0;19127
179cc;16cfb;16b47;0;0;0000000000000080;        45s 221ms 187μs  56ns;303;-1;             19ms 361μs 277ns;0.000000;inf;0.000000;inf;0;1;Passing;;;0;19128
179ce;16cfb;16b47;0;0;0000000000000080;        45s 221ms 172μs 699ns;303;-1;             19ms 379μs 788ns;0.000000;inf;0.000000;inf;0;1;Passing;;;0;19129
179c9;16cfb;16b47;0;0;0000000000000080;        45s 221ms  60μs 486ns;303;-1;             18ms 939μs  47ns;0.000000;inf;0.000000;inf;0;1;Passing;;;0;19132
179be;16cfb;16b47;0;0;0000000000000080;        45s 220ms 861μs 333ns;303;-1;             16ms 559μs 325ns;0.000000;inf;0.000000;inf;0;1;Passing;;;0;19135
1798c;16cfb;16b47;0;0;0000000000000080;        45s 219ms 339μs 775ns;303;-1;             10ms 573μs 161ns;0.000000;inf;0.000000;inf;0;1;Passing;;;0;19136
17986;16cfb;16b47;0;0;4000000000000080;        45s 219ms 162μs 873ns;303;-1;              9ms 110μs 986ns;0.000000;inf;0.000000;inf;0;1;Passing;;;0;19137
17d13;16cfb;16b47;0;0;0000000000000080;        45s 711ms 252μs 826ns;301;-1;             18ms 835μs 809ns;0.000000;inf;0.000000;inf;0;1;Passing;;;0;19141
17d17;16cfb;16b47;0;0;0000000000000080;        45s 711ms 372μs 261ns;301;-1;             19ms 374μs 875ns;0.000000;inf;0.000000;inf;0;1;Passing;;;0;19142
17d26;16cfb;16b47;0;0;0000000000000080;        45s 711ms 767μs 621ns;301;-1;             18ms  26μs  19ns;0.000000;inf;0.000000;inf;0;1;Passing;;;0;19143
17d22;16cfb;16b47;0;0;0000000000000080;        45s 711ms 763μs 790ns;301;-1;             19ms 521μs 205ns;0.000000;inf;0.000000;inf;0;1;Passing;;;0;19145
17d1a;16cfb;16b47;0;0;0000000000000080;        45s 711ms 514μs 889ns;301;-1;             18ms 382μs 359ns;0.000000;inf;0.000000;inf;0;1;Passing;;;0;19146
17d77;16cfb;16b47;0;0;0000000000000080;        45s 713ms 735μs 267ns;301;-1;             18ms 641μs 369ns;0.000000;inf;0.000000;inf;0;1;Passing;;;0;19149
17d74;16cfb;16b47;0;0;0000000000000080;        45s 713ms 644μs 361ns;301;-1;             18ms 869μs 905ns;0.000000;inf;0.000000;inf;0;1;Passing;;;0;19150
17d71;16cfb;16b47;0;0;0000000000000080;        45s 713ms 596μs 307ns;301;-1;             19ms  12μs 569ns;0.000000;inf;0.000000;inf;0;1;Passing;;;0;19151
17d6f;16cfb;16b47;0;0;0000000000000080;        45s 713ms 524μs 339ns;301;-1;             19ms 601μs 620ns;0.000000;inf;0.000000;inf;0;1;Passing;;;0;19152
17d68;16cfb;16b47;0;0;0000000000000080;        45s 713ms 365μs 637ns;301;-1;             18ms 945μs 823ns;0.000000;inf;0.000000;inf;0;1;Passing;;;0;19153
17d97;16cfb;16b47;0;0;0000000000000080;        45s 714ms 443μs 457ns;301;-1;             18ms 952μs 338ns;0.000000;inf;0.000000;inf;0;1;Passing;;;0;19154
17df9;16cfb;16b47;0;0;0000000000000080;        45s 716ms 866μs 337ns;301;-1;             19ms 699μs  75ns;0.000000;inf;0.000000;inf;0;1;Passing;;;0;19155
17ed1;16cfb;16b47;0;0;0000000000000080;        45s 723ms 245μs 537ns;301;-1;             18ms 859μs   8ns;0.000000;inf;0.000000;inf;0;1;Passing;;;0;19157
17ec0;16cfb;16b47;0;0;0000000000000080;        45s 722ms 685μs 442ns;301;-1;             20ms 409μs 802ns;0.000000;inf;0.000000;inf;0;1;Passing;;;0;19162
17ebf;16cfb;16b47;0;0;0000000000000080;        45s 722ms 647μs 891ns;301;-1;             19ms 866μs 443ns;0.000000;inf;0.000000;inf;0;1;Passing;;;0;19163
17eba;16cfb;16b47;0;0;0000000000000080;        45s 722ms 486μs   3ns;301;-1;             20ms  67μs 668ns;0.000000;inf;0.000000;inf;0;1;Passing;;;0;19164
17eaf;16cfb;16b47;0;0;0000000000000080;        45s 722ms  66μs 677ns;301;-1;             20ms 393μs 633ns;0.000000;inf;0.000000;inf;0;1;Passing;;;0;19168
17e9d;16cfb;16b47;0;0;0000000000000080;        45s 721ms 463μs 449ns;301;-1;             19ms 978μs 141ns;0.000000;inf;0.000000;inf;0;1;Passing;;;0;19175
17e97;16cfb;16b47;0;0;0000000000000080;        45s 721ms 261μs 608ns;301;-1;             19ms 976μs 567ns;0.000000;inf;0.000000;inf;0;1;Passing;;;0;19176
17e94;16cfb;16b47;0;0;0000000000000080;        45s 721ms 210μs 523ns;301;-1;             19ms 956μs 479ns;0.000000;inf;0.000000;inf;0;1;Passing;;;0;19177
17e8e;16cfb;16b47;0;0;0000000000000080;        45s 721ms  14μs 117ns;301;-1;             19ms 428μs 144ns;0.000000;inf;0.000000;inf;0;1;Passing;;;0;19180
17e88;16cfb;16b47;0;0;0000000000000080;        45s 720ms 820μs 675ns;301;-1;             19ms   1μs 827ns;0.000000;inf;0.000000;inf;0;1;Passing;;;0;19182
17e79;16cfb;16b47;0;0;0000000000000080;        45s 720ms 333μs 722ns;301;-1;             19ms 532μs 695ns;0.000000;inf;0.000000;inf;0;1;Passing;;;0;19187
17e74;16cfb;16b47;0;0;0000000000000080;        45s 720ms 171μs 584ns;301;-1;             18ms 786μs 522ns;0.000000;inf;0.000000;inf;0;1;Passing;;;0;19189
17e68;16cfb;16b47;0;0;0000000000000080;        45s 719ms 869μs 507ns;301;-1;             19ms 472μs  96ns;0.000000;inf;0.000000;inf;0;1;Passing;;;0;19192
17e5d;16cfb;16b47;0;0;0000000000000080;        45s 719ms 580μs   4ns;301;-1;             18ms 538μs 633ns;0.000000;inf;0.000000;inf;0;1;Passing;;;0;19196
17e4b;16cfb;16b47;0;0;0000000000000080;        45s 719ms 121μs 491ns;301;-1;             19ms 575μs 995ns;0.000000;inf;0.000000;inf;0;1;Passing;;;0;19201
17e45;16cfb;16b47;0;0;0000000000000080;        45s 718ms 959μs 812ns;301;-1;             21ms       734ns;0.000000;inf;0.000000;inf;0;1;Passing;;;0;19203
17e44;16cfb;16b47;0;0;0000000000000080;        45s 718ms 947μs 341ns;301;-1;             20ms 823μs 540ns;0.000000;inf;0.000000;inf;0;1;Passing;;;0;19204
17e3f;16cfb;16b47;0;0;0000000000000080;        45s 718ms 792μs 508ns;301;-1;             20ms 267μs 304ns;0.000000;inf;0.000000;inf;0;1;Passing;;;0;19205
17e3e;16cfb;16b47;0;0;0000000000000080;        45s 718ms 782μs 155ns;301;-1;             19ms 381μs 605ns;0.000000;inf;0.000000;inf;0;1;Passing;;;0;19206
17e39;16cfb;16b47;0;0;0000000000000080;        45s 718ms 633μs 302ns;301;-1;             19ms 252μs 344ns;0.000000;inf;0.000000;inf;0;1;Passing;;;0;19207
17e38;16cfb;16b47;0;0;0000000000000080;        45s 718ms 620μs 281ns;301;-1;             20ms 436μs  46ns;0.000000;inf;0.000000;inf;0;1;Passing;;;0;19208
17e33;16cfb;16b47;0;0;0000000000000080;        45s 718ms 444μs 444ns;301;-1;             21ms 477μs 907ns;0.000000;inf;0.000000;inf;0;1;Passing;;;0;19209
17e32;16cfb;16b47;0;0;0000000000000080;        45s 718ms 443μs 547ns;301;-1;             20ms 191μs  43ns;0.000000;inf;0.000000;inf;0;1;Passing;;;0;19210
17e2d;16cfb;16b47;0;0;0000000000000080;        45s 718ms 276μs 961ns;301;-1;             21ms 342μs  84ns;0.000000;inf;0.000000;inf;0;1;Passing;;;0;19211
17e2c;16cfb;16b47;0;0;0000000000000080;        45s 718ms 276μs 899ns;301;-1;             21ms 415μs 410ns;0.000000;inf;0.000000;inf;0;1;Passing;;;0;19212
17e27;16cfb;16b47;0;0;0000000000000080;        45s 718ms  97μs  76ns;301;-1;             22ms 623μs 828ns;0.000000;inf;0.000000;inf;0;1;Passing;;;0;19215
17e20;16cfb;16b47;0;0;0000000000000080;        45s 717ms 916μs 385ns;301;-1;             19ms 699μs 272ns;0.000000;inf;0.000000;inf;0;1;Passing;;;0;19216
17e1a;16cfb;16b47;0;0;0000000000000080;        45s 717ms 771μs 570ns;301;-1;             20ms 582μs 580ns;0.000000;inf;0.000000;inf;0;1;Passing;;;0;19217
17e1b;16cfb;16b47;0;0;0000000000000080;        45s 717ms 770μs 717ns;301;-1;             20ms  52μs 485ns;0.000000;inf;0.000000;inf;0;1;Passing;;;0;19219
17e15;16cfb;16b47;0;0;0000000000000080;        45s 717ms 621μs 507ns;301;-1;             19ms 888μs 353ns;0.000000;inf;0.000000;inf;0;1;Passing;;;0;19220
17e0f;16cfb;16b47;0;0;0000000000000080;        45s 717ms 481μs 869ns;301;-1;             19ms 835μs 135ns;0.000000;inf;0.000000;inf;0;1;Passing;;;0;19222
17e0e;16cfb;16b47;0;0;0000000000000080;        45s 717ms 480μs 141ns;301;-1;             19ms 901μs 146ns;0.000000;inf;0.000000;inf;0;1;Passing;;;0;19223
17e09;16cfb;16b47;0;0;0000000000000080;        45s 717ms 327μs 918ns;301;-1;             21ms 192μs 331ns;0.000000;inf;0.000000;inf;0;1;Passing;;;0;19224
17e01;16cfb;16b47;0;0;0000000000000080;        45s 717ms 160μs 567ns;301;-1;             20ms 718μs 932ns;0.000000;inf;0.000000;inf;0;1;Passing;;;0;19225
17e03;16cfb;16b47;0;0;0000000000000080;        45s 717ms 155μs 138ns;301;-1;             20ms 837μs 737ns;0.000000;inf;0.000000;inf;0;1;Passing;;;0;19228
17df3;16cfb;16b47;0;0;0000000000000080;        45s 716ms 713μs 960ns;301;-1;             19ms 133μs 112ns;0.000000;inf;0.000000;inf;0;1;Passing;;;0;19231
17ded;16cfb;16b47;0;0;0000000000000080;        45s 716ms 564μs 455ns;301;-1;             19ms 683μs 412ns;0.000000;inf;0.000000;inf;0;1;Passing;;;0;19233
17de8;16cfb;16b47;0;0;0000000000000080;        45s 716ms 440μs 524ns;301;-1;             20ms 197μs 396ns;0.000000;inf;0.000000;inf;0;1;Passing;;;0;19235
17de2;16cfb;16b47;0;0;0000000000000080;        45s 716ms 286μs 552ns;301;-1;             20ms 116μs 673ns;0.000000;inf;0.000000;inf;0;1;Passing;;;0;19236
17ddb;16cfb;16b47;0;0;0000000000000080;        45s 716ms 136μs 709ns;301;-1;             20ms 723μs 418ns;0.000000;inf;0.000000;inf;0;1;Passing;;;0;19239
17dd5;16cfb;16b47;0;0;0000000000000080;        45s 715ms 997μs 249ns;301;-1;             19ms 650μs  78ns;0.000000;inf;0.000000;inf;0;1;Passing;;;0;19240
17dd0;16cfb;16b47;0;0;0000000000000080;        45s 715ms 829μs 523ns;301;-1;             19ms 674μs 585ns;0.000000;inf;0.000000;inf;0;1;Passing;;;0;19242
17dce;16cfb;16b47;0;0;0000000000000080;        45s 715ms 825μs  88ns;301;-1;             19ms 532μs 232ns;0.000000;inf;0.000000;inf;0;1;Passing;;;0;19243
17dc8;16cfb;16b47;0;0;0000000000000080;        45s 715ms 665μs 537ns;301;-1;             20ms 108μs 982ns;0.000000;inf;0.000000;inf;0;1;Passing;;;0;19245
17dc2;16cfb;16b47;0;0;0000000000000080;        45s 715ms 532μs 837ns;301;-1;             19ms  83μs 301ns;0.000000;inf;0.000000;inf;0;1;Passing;;;0;19248
17dbf;16cfb;16b47;0;0;0000000000000080;        45s 715ms 447μs 776ns;301;-1;             19ms 425μs 718ns;0.000000;inf;0.000000;inf;0;1;Passing;;;0;19249
17db6;16cfb;16b47;0;0;0000000000000080;        45s 715ms 251μs 816ns;301;-1;             19ms 594μs 369ns;0.000000;inf;0.000000;inf;0;1;Passing;;;0;19252
17db3;16cfb;16b47;0;0;0000000000000080;        45s 715ms 182μs 322ns;301;-1;             19ms 720μs 934ns;0.000000;inf;0.000000;inf;0;1;Passing;;;0;19253
17db0;16cfb;16b47;0;0;0000000000000080;        45s 715ms 121μs 463ns;301;-1;             19ms 608μs 177ns;0.000000;inf;0.000000;inf;0;1;Passing;;;0;19254
17da7;16cfb;16b47;0;0;0000000000000080;        45s 714ms 925μs 699ns;301;-1;             20ms  23μs  35ns;0.000000;inf;0.000000;inf;0;1;Passing;;;0;19256
17da4;16cfb;16b47;0;0;0000000000000080;        45s 714ms 870μs  39ns;301;-1;             19ms 573μs 301ns;0.000000;inf;0.000000;inf;0;1;Passing;;;0;19257
17da1;16cfb;16b47;0;0;0000000000000080;        45s 714ms 792μs 984ns;301;-1;             19ms 364μs  49ns;0.000000;inf;0.000000;inf;0;1;Passing;;;0;19258
17d9c;16cfb;16b47;0;0;0000000000000080;        45s 714ms 653μs 291ns;301;-1;             19ms 900μs 839ns;0.000000;inf;0.000000;inf;0;1;Passing;;;0;19259
17d95;16cfb;16b47;0;0;0000000000000080;        45s 714ms 420μs 199ns;301;-1;             19ms 413μs  61ns;0.000000;inf;0.000000;inf;0;1;Passing;;;0;19262
17d91;16cfb;16b47;0;0;0000000000000080;        45s 714ms 270μs 550ns;301;-1;             21ms 231μs  37ns;0.000000;inf;0.000000;inf;0;1;Passing;;;0;19268
17d89;16cfb;16b47;0;0;0000000000000080;        45s 714ms 108μs 513ns;301;-1;             18ms 623μs  33ns;0.000000;inf;0.000000;inf;0;1;Passing;;;0;19269
17d62;16cfb;16b47;0;0;0000000000000080;        45s 713ms 233μs 421ns;301;-1;             18ms 840μs 923ns;0.000000;inf;0.000000;inf;0;1;Passing;;;0;19273
17d5c;16cfb;16b47;0;0;0000000000000080;        45s 713ms 116μs 848ns;301;-1;             19ms 857μs 979ns;0.000000;inf;0.000000;inf;0;1;Passing;;;0;19274
17d59;16cfb;16b47;0;0;0000000000000080;        45s 713ms  58μs 586ns;301;-1;             20ms 739μs  16ns;0.000000;inf;0.000000;inf;0;1;Passing;;;0;19276
17d56;16cfb;16b47;0;0;0000000000000080;        45s 713ms   2μs 615ns;301;-1;             19ms 540μs 194ns;0.000000;inf;0.000000;inf;0;1;Passing;;;0;19277
17d4a;16cfb;16b47;0;0;0000000000000080;        45s 712ms 809μs 739ns;301;-1;             17ms 174μs 702ns;0.000000;inf;0.000000;inf;0;1;Passing;;;0;19283
17d3b;16cfb;16b47;0;0;0000000000000080;        45s 712ms 507μs 963ns;301;-1;             16ms  36μs 579ns;0.000000;inf;0.000000;inf;0;1;Passing;;;0;19285
17d32;16cfb;16b47;0;0;0000000000000080;        45s 712ms 252μs 473ns;301;-1;             16ms 205μs 523ns;0.000000;inf;0.000000;inf;0;1;Passing;;;0;19286
17d2f;16cfb;16b47;0;0;0000000000000080;        45s 712ms  57μs 124ns;301;-1;             14ms 482μs 743ns;0.000000;inf;0.000000;inf;0;1;Passing;;;0;19287
17d2b;16cfb;16b47;0;0;4000000000000080;        45s 712ms   9μs 317ns;301;-1;             13ms 704μs 743ns;0.000000;inf;0.000000;inf;0;1;Passing;;;0;19288
180b6;16cfb;16b47;0;0;0000000000000080;        46s 210ms 831μs 155ns;299;-1;             17ms 725μs 427ns;0.000000;inf;0.000000;inf;0;1;Passing;;;0;19291
180a0;16cfb;16b47;0;0;0000000000000080;        46s 210ms 322μs 986ns;299;-1;             19ms 597μs 307ns;0.000000;inf;0.000000;inf;0;1;Passing;;;0;19292
1809f;16cfb;16b47;0;0;0000000000000080;        46s 210ms 270μs 856ns;299;-1;             20ms 501μs 342ns;0.000000;inf;0.000000;inf;0;1;Passing;;;0;19293
1809b;16cfb;16b47;0;0;0000000000000080;        46s 210ms  22μs 394ns;299;-1;             21ms 636μs 104ns;0.000000;inf;0.000000;inf;0;1;Passing;;;0;19294
180af;16cfb;16b47;0;0;0000000000000080;        46s 210ms 694μs 962ns;299;-1;             20ms 444μs 425ns;0.000000;inf;0.000000;inf;0;1;Passing;;;0;19298
180ad;16cfb;16b47;0;0;0000000000000080;        46s 210ms 661μs 856ns;299;-1;             18ms 283μs 490ns;0.000000;inf;0.000000;inf;0;1;Passing;;;0;19300
180aa;16cfb;16b47;0;0;0000000000000080;        46s 210ms 563μs 559ns;299;-1;             18ms 532μs 311ns;0.000000;inf;0.000000;inf;0;1;Passing;;;0;19301
180fe;16cfb;16b47;0;0;0000000000000080;        46s 212ms 684μs 138ns;299;-1;             20ms 229μs 465ns;0.000000;inf;0.000000;inf;0;1;Passing;;;0;19302
180fb;16cfb;16b47;0;0;0000000000000080;        46s 212ms 642μs 759ns;299;-1;             20ms 375μs 322ns;0.000000;inf;0.000000;inf;0;1;Passing;;;0;19303
180f6;16cfb;16b47;0;0;0000000000000080;        46s 212ms 560μs 301ns;299;-1;             19ms 890μs 580ns;0.000000;inf;0.000000;inf;0;1;Passing;;;0;19304
181a0;16cfb;16b47;0;0;0000000000000080;        46s 216ms 258μs 819ns;299;-1;             19ms 982μs 341ns;0.000000;inf;0.000000;inf;0;1;Passing;;;0;19305
18254;16cfb;16b47;0;0;0000000000000080;        46s 220ms 959μs 696ns;299;-1;             19ms 355μs 821ns;0.000000;inf;0.000000;inf;0;1;Passing;;;0;19307
18245;16cfb;16b47;0;0;0000000000000080;        46s 220ms 496μs 138ns;299;-1;             20ms  29μs 111ns;0.000000;inf;0.000000;inf;0;1;Passing;;;0;19312
18242;16cfb;16b47;0;0;0000000000000080;        46s 220ms 344μs 897ns;299;-1;             19ms 933μs 411ns;0.000000;inf;0.000000;inf;0;1;Passing;;;0;19313
1823f;16cfb;16b47;0;0;0000000000000080;        46s 220ms 275μs 510ns;299;-1;             20ms 140μs 590ns;0.000000;inf;0.000000;inf;0;1;Passing;;;0;19314
18233;16cfb;16b47;0;0;0000000000000080;        46s 219ms 871μs 781ns;299;-1;             20ms  44μs 368ns;0.000000;inf;0.000000;inf;0;1;Passing;;;0;19318
18221;16cfb;16b47;0;0;0000000000000080;        46s 219ms 331μs 542ns;299;-1;             19ms 773μs 320ns;0.000000;inf;0.000000;inf;0;1;Passing;;;0;19324
1821b;16cfb;16b47;0;0;0000000000000080;        46s 219ms 177μs 113ns;299;-1;             21ms 782μs 858ns;0.000000;inf;0.000000;inf;0;1;Passing;;;0;19326
18218;16cfb;16b47;0;0;0000000000000080;        46s 219ms 117μs  58ns;299;-1;             20ms 784μs 881ns;0.000000;inf;0.000000;inf;0;1;Passing;;;0;19328
18212;16cfb;16b47;0;0;0000000000000080;        46s 218ms 974μs 150ns;299;-1;             20ms 322μs 554ns;0.000000;inf;0.000000;inf;0;1;Passing;;;0;19329
1820c;16cfb;16b47;0;0;0000000000000080;        46s 218ms 834μs 201ns;299;-1;             19ms 301μs 912ns;0.000000;inf;0.000000;inf;0;1;Passing;;;0;19331
181fd;16cfb;16b47;0;0;0000000000000080;        46s 218ms 479μs 505ns;299;-1;             19ms 478μs 915ns;0.000000;inf;0.000000;inf;0;1;Passing;;;0;19337
181f7;16cfb;16b47;0;0;0000000000000080;        46s 218ms 341μs 711ns;299;-1;             19ms 542μs 936ns;0.000000;inf;0.000000;inf;0;1;Passing;;;0;19338
181eb;16cfb;16b47;0;0;0000000000000080;        46s 218ms  53μs 911ns;299;-1;             19ms  89μs 357ns;0.000000;inf;0.000000;inf;0;1;Passing;;;0;19344
181e2;16cfb;16b47;0;0;0000000000000080;        46s 217ms 814μs 944ns;299;-1;             18ms 646μs 703ns;0.000000;inf;0.000000;inf;0;1;Passing;;;0;19345
181d0;16cfb;16b47;0;0;0000000000000080;        46s 217ms 398μs 871ns;299;-1;             20ms 619μs 173ns;0.000000;inf;0.000000;inf;0;1;Passing;;;0;19352
181ca;16cfb;16b47;0;0;0000000000000080;        46s 217ms 252μs 990ns;299;-1;             20ms 214μs 705ns;0.000000;inf;0.000000;inf;0;1;Passing;;;0;19353
181c7;16cfb;16b47;0;0;0000000000000080;        46s 217ms 192μs 368ns;299;-1;             20ms  54μs 338ns;0.000000;inf;0.000000;inf;0;1;Passing;;;0;19354
181c4;16cfb;16b47;0;0;0000000000000080;        46s 217ms 118μs  57ns;299;-1;             19ms 442μs 589ns;0.000000;inf;0.000000;inf;0;1;Passing;;;0;19355
181c1;16cfb;16b47;0;0;0000000000000080;        46s 217ms  64μs 646ns;299;-1;             19ms 732μs 105ns;0.000000;inf;0.000000;inf;0;1;Passing;;;0;19356
181be;16cfb;16b47;0;0;0000000000000080;        46s 216ms 983μs 563ns;299;-1;             20ms 996μs  85ns;0.000000;inf;0.000000;inf;0;1;Passing;;;0;19357
181bb;16cfb;16b47;0;0;0000000000000080;        46s 216ms 934μs 674ns;299;-1;             20ms       652ns;0.000000;inf;0.000000;inf;0;1;Passing;;;0;19358
181b8;16cfb;16b47;0;0;0000000000000080;        46s 216ms 849μs 338ns;299;-1;             20ms  78μs 162ns;0.000000;inf;0.000000;inf;0;1;Passing;;;0;19359
181b5;16cfb;16b47;0;0;0000000000000080;        46s 216ms 808μs 213ns;299;-1;             19ms 968μs 257ns;0.000000;inf;0.000000;inf;0;1;Passing;;;0;19360
181b2;16cfb;16b47;0;0;0000000000000080;        46s 216ms 712μs 506ns;299;-1;             20ms 233μs 748ns;0.000000;inf;0.000000;inf;0;1;Passing;;;0;19362
181af;16cfb;16b47;0;0;0000000000000080;        46s 216ms 675μs 238ns;299;-1;             20ms  50μs 265ns;0.000000;inf;0.000000;inf;0;1;Passing;;;0;19363
181ab;16cfb;16b47;0;0;0000000000000080;        46s 216ms 580μs 675ns;299;-1;             20ms  78μs 987ns;0.000000;inf;0.000000;inf;0;1;Passing;;;0;19364
181a4;16cfb;16b47;0;0;0000000000000080;        46s 216ms 448μs 864ns;299;-1;             19ms 343μs 697ns;0.000000;inf;0.000000;inf;0;1;Passing;;;0;19365
1819d;16cfb;16b47;0;0;0000000000000080;        46s 216ms 168μs 315ns;299;-1;             19ms 787μs 579ns;0.000000;inf;0.000000;inf;0;1;Passing;;;0;19368
1819a;16cfb;16b47;0;0;0000000000000080;        46s 216ms 133μs 811ns;299;-1;             20ms  67μs 248ns;0.000000;inf;0.000000;inf;0;1;Passing;;;0;19369
18194;16cfb;16b47;0;0;0000000000000080;        46s 216ms   9μs 815ns;299;-1;             19ms 859μs 277ns;0.000000;inf;0.000000;inf;0;1;Passing;;;0;19370
18190;16cfb;16b47;0;0;0000000000000080;        46s 215ms 914μs 525ns;299;-1;             19ms 239μs 810ns;0.000000;inf;0.000000;inf;0;1;Passing;;;0;19372
1818f;16cfb;16b47;0;0;0000000000000080;        46s 215ms 887μs 562ns;299;-1;             21ms 482μs 751ns;0.000000;inf;0.000000;inf;0;1;Passing;;;0;19373
18188;16cfb;16b47;0;0;0000000000000080;        46s 215ms 746μs 373ns;299;-1;             19ms 419μs 265ns;0.000000;inf;0.000000;inf;0;1;Passing;;;0;19374
18184;16cfb;16b47;0;0;0000000000000080;        46s 215ms 642μs 412ns;299;-1;             19ms 171μs 355ns;0.000000;inf;0.000000;inf;0;1;Passing;;;0;19377
1817c;16cfb;16b47;0;0;0000000000000080;        46s 215ms 481μs 498ns;299;-1;             19ms  48μs 599ns;0.000000;inf;0.000000;inf;0;1;Passing;;;0;19380
18176;16cfb;16b47;0;0;0000000000000080;        46s 215ms 360μs 560ns;299;-1;             19ms 461μs  61ns;0.000000;inf;0.000000;inf;0;1;Passing;;;0;19381
18170;16cfb;16b47;0;0;0000000000000080;        46s 215ms 218μs 610ns;299;-1;             20ms   5μs 711ns;0.000000;inf;0.000000;inf;0;1;Passing;;;0;19383
1816d;16cfb;16b47;0;0;0000000000000080;        46s 215ms 122μs 242ns;299;-1;             19ms 203μs 435ns;0.000000;inf;0.000000;inf;0;1;Passing;;;0;19384
18167;16cfb;16b47;0;0;0000000000000080;        46s 214ms 998μs 601ns;299;-1;             18ms 661μs 267ns;0.000000;inf;0.000000;inf;0;1;Passing;;;0;19387
1815e;16cfb;16b47;0;0;0000000000000080;        46s 214ms 839μs   7ns;299;-1;             19ms 739μs  47ns;0.000000;inf;0.000000;inf;0;1;Passing;;;0;19389
18158;16cfb;16b47;0;0;0000000000000080;        46s 214ms 705μs 592ns;299;-1;             19ms 516μs  63ns;0.000000;inf;0.000000;inf;0;1;Passing;;;0;19391
18155;16cfb;16b47;0;0;0000000000000080;        46s 214ms 617μs 841ns;299;-1;             18ms 914μs 544ns;0.000000;inf;0.000000;inf;0;1;Passing;;;0;19392
18152;16cfb;16b47;0;0;0000000000000080;        46s 214ms 580μs 364ns;299;-1;             18ms 603μs  11ns;0.000000;inf;0.000000;inf;0;1;Passing;;;0;19393
1814c;16cfb;16b47;0;0;0000000000000080;        46s 214ms 455μs 453ns;299;-1;             18ms 947μs 554ns;0.000000;inf;0.000000;inf;0;1;Passing;;;0;19396
18146;16cfb;16b47;0;0;0000000000000080;        46s 214ms 330μs 490ns;299;-1;             18ms 969μs 194ns;0.000000;inf;0.000000;inf;0;1;Passing;;;0;19398
18143;16cfb;16b47;0;0;0000000000000080;        46s 214ms 229μs 136ns;299;-1;             18ms 824μs 993ns;0.000000;inf;0.000000;inf;0;1;Passing;;;0;19399
1813a;16cfb;16b47;0;0;0000000000000080;        46s 214ms  68μs 671ns;299;-1;             18ms 930μs 552ns;0.000000;inf;0.000000;inf;0;1;Passing;;;0;19402
18136;16cfb;16b47;0;0;0000000000000080;        46s 213ms 972μs 551ns;299;-1;             19ms 559μs 555ns;0.000000;inf;0.000000;inf;0;1;Passing;;;0;19403
1812e;16cfb;16b47;0;0;0000000000000080;        46s 213ms 817μs 357ns;299;-1;             19ms 944μs 985ns;0.000000;inf;0.000000;inf;0;1;Passing;;;0;19405
1812a;16cfb;16b47;0;0;0000000000000080;        46s 213ms 701μs 863ns;299;-1;             19ms 402μs 688ns;0.000000;inf;0.000000;inf;0;1;Passing;;;0;19406
18129;16cfb;16b47;0;0;0000000000000080;        46s 213ms 679μs 270ns;299;-1;             19ms 400μs 552ns;0.000000;inf;0.000000;inf;0;1;Passing;;;0;19407
18122;16cfb;16b47;0;0;0000000000000080;        46s 213ms 548μs 614ns;299;-1;             19ms 221μs 945ns;0.000000;inf;0.000000;inf;0;1;Passing;;;0;19408
1811f;16cfb;16b47;0;0;0000000000000080;        46s 213ms 421μs 874ns;299;-1;             19ms 318μs  62ns;0.000000;inf;0.000000;inf;0;1;Passing;;;0;19411
1811c;16cfb;16b47;0;0;0000000000000080;        46s 213ms 405μs 741ns;299;-1;             19ms 417μs 185ns;0.000000;inf;0.000000;inf;0;1;Passing;;;0;19412
18119;16cfb;16b47;0;0;0000000000000080;        46s 213ms 296μs 492ns;299;-1;             20ms 454μs 399ns;0.000000;inf;0.000000;inf;0;1;Passing;;;0;19414
1810f;16cfb;16b47;0;0;0000000000000080;        46s 213ms 115μs 383ns;299;-1;             19ms  38μs  46ns;0.000000;inf;0.000000;inf;0;1;Passing;;;0;19418
180f7;16cfb;16b47;0;0;0000000000000080;        46s 212ms 536μs  31ns;299;-1;             17ms 607μs 533ns;0.000000;inf;0.000000;inf;0;1;Passing;;;0;19422
180ef;16cfb;16b47;0;0;0000000000000080;        46s 212ms 385μs 289ns;299;-1;             18ms 517μs  93ns;0.000000;inf;0.000000;inf;0;1;Passing;;;0;19423
180ea;16cfb;16b47;0;0;0000000000000080;        46s 212ms 234μs 243ns;299;-1;             18ms 984μs 235ns;0.000000;inf;0.000000;inf;0;1;Passing;;;0;19424
180e3;16cfb;16b47;0;0;0000000000000080;        46s 212ms  49μs 959ns;299;-1;             19ms 238μs 801ns;0.000000;inf;0.000000;inf;0;1;Passing;;;0;19427
180e0;16cfb;16b47;0;0;0000000000000080;        46s 211ms 970μs 943ns;299;-1;             18ms 926μs 559ns;0.000000;inf;0.000000;inf;0;1;Passing;;;0;19428
180dd;16cfb;16b47;0;0;0000000000000080;        46s 211ms 934μs  84ns;299;-1;             18ms  27μs 922ns;0.000000;inf;0.000000;inf;0;1;Passing;;;0;19431
180d1;16cfb;16b47;0;0;0000000000000080;        46s 211ms 710μs 383ns;299;-1;             15ms 195μs 303ns;0.000000;inf;0.000000;inf;0;1;Passing;;;0;19436
180b9;16cfb;16b47;0;0;0000000000000080;        46s 210ms 962μs  64ns;299;-1;             10ms 617μs 233ns;0.000000;inf;0.000000;inf;0;1;Passing;;;0;19437
180c1;16cfb;16b47;0;0;4000000000000080;        46s 211ms 193μs 298ns;299;-1;             12ms 166μs 366ns;0.000000;inf;0.000000;inf;0;1;Passing;;;0;19438
1842a;16cfb;16b47;0;0;0000000000000080;        46s 701ms 350μs 521ns;297;-1;             18ms 301μs  79ns;0.000000;inf;0.000000;inf;0;1;Passing;;;0;19442
1841d;16cfb;16b47;0;0;0000000000000080;        46s 701ms  39μs 575ns;297;-1;             18ms 864μs 639ns;0.000000;inf;0.000000;inf;0;1;Passing;;;0;19443
18422;16cfb;16b47;0;0;0000000000000080;        46s 701ms 189μs 231ns;297;-1;             19ms 705μs 625ns;0.000000;inf;0.000000;inf;0;1;Passing;;;0;19444
1841e;16cfb;16b47;0;0;0000000000000080;        46s 701ms  62μs 919ns;297;-1;             19ms 506μs  84ns;0.000000;inf;0.000000;inf;0;1;Passing;;;0;19444
1842e;16cfb;16b47;0;0;0000000000000080;        46s 701ms 450μs 158ns;297;-1;             18ms 299μs 958ns;0.000000;inf;0.000000;inf;0;1;Passing;;;0;19446
184ac;16cfb;16b47;0;0;0000000000000080;        46s 704ms 284μs  90ns;297;-1;             18ms 954μs 997ns;0.000000;inf;0.000000;inf;0;1;Passing;;;0;19449
184a6;16cfb;16b47;0;0;0000000000000080;        46s 704ms 175μs 194ns;297;-1;             19ms 397μs 925ns;0.000000;inf;0.000000;inf;0;1;Passing;;;0;19450
184a9;16cfb;16b47;0;0;0000000000000080;        46s 704ms 235μs 422ns;297;-1;             19ms 764μs 224ns;0.000000;inf;0.000000;inf;0;1;Passing;;;0;19451
184a0;16cfb;16b47;0;0;0000000000000080;        46s 703ms 949μs 656ns;297;-1;             19ms 390μs 600ns;0.000000;inf;0.000000;inf;0;1;Passing;;;0;19452
1849c;16cfb;16b47;0;0;0000000000000080;        46s 703ms 875μs 799ns;297;-1;             19ms 674μs 124ns;0.000000;inf;0.000000;inf;0;1;Passing;;;0;19453
1849a;16cfb;16b47;0;0;0000000000000080;        46s 703ms 837μs 425ns;297;-1;             19ms 460μs 882ns;0.000000;inf;0.000000;inf;0;1;Passing;;;0;19454
18496;16cfb;16b47;0;0;0000000000000080;        46s 703ms 715μs 533ns;297;-1;             19ms 515μs  67ns;0.000000;inf;0.000000;inf;0;1;Passing;;;0;19455
184c1;16cfb;16b47;0;0;0000000000000080;        46s 704ms 887μs 993ns;297;-1;             19ms 416μs 381ns;0.000000;inf;0.000000;inf;0;1;Passing;;;0;19456
185d3;16cfb;16b47;0;0;0000000000000080;        46s 711ms 932μs 127ns;297;-1;             19ms 681μs  59ns;0.000000;inf;0.000000;inf;0;1;Passing;;;0;19458
185c2;16cfb;16b47;0;0;0000000000000080;        46s 711ms 270μs 294ns;297;-1;             20ms  30μs 809ns;0.000000;inf;0.000000;inf;0;1;Passing;;;0;19463
185c1;16cfb;16b47;0;0;0000000000000080;        46s 711ms 266μs 660ns;297;-1;             20ms   6μs 304ns;0.000000;inf;0.000000;inf;0;1;Passing;;;0;19464
185bc;16cfb;16b47;0;0;0000000000000080;        46s 711ms  79μs 689ns;297;-1;             20ms 621μs 241ns;0.000000;inf;0.000000;inf;0;1;Passing;;;0;19466
185b1;16cfb;16b47;0;0;0000000000000080;        46s 710ms 667μs 244ns;297;-1;             19ms 563μs 174ns;0.000000;inf;0.000000;inf;0;1;Passing;;;0;19469
1859f;16cfb;16b47;0;0;0000000000000080;        46s 710ms  62μs 327ns;297;-1;             19ms 157μs 211ns;0.000000;inf;0.000000;inf;0;1;Passing;;;0;19475
18599;16cfb;16b47;0;0;0000000000000080;        46s 709ms 875μs 213ns;297;-1;             19ms 703μs 491ns;0.000000;inf;0.000000;inf;0;1;Passing;;;0;19477
18596;16cfb;16b47;0;0;0000000000000080;        46s 709ms 807μs 138ns;297;-1;             19ms  91μs 226ns;0.000000;inf;0.000000;inf;0;1;Passing;;;0;19478
18591;16cfb;16b47;0;0;0000000000000080;        46s 709ms 611μs 216ns;297;-1;             18ms 717μs 804ns;0.000000;inf;0.000000;inf;0;1;Passing;;;0;19480
1858a;16cfb;16b47;0;0;0000000000000080;        46s 709ms 461μs 294ns;297;-1;             19ms 541μs 975ns;0.000000;inf;0.000000;inf;0;1;Passing;;;0;19482
1857c;16cfb;16b47;0;0;0000000000000080;        46s 709ms  66μs 305ns;297;-1;             19ms 175μs 841ns;0.000000;inf;0.000000;inf;0;1;Passing;;;0;19487
18576;16cfb;16b47;0;0;0000000000000080;        46s 708ms 872μs 743ns;297;-1;             18ms 696μs 943ns;0.000000;inf;0.000000;inf;0;1;Passing;;;0;19488
18569;16cfb;16b47;0;0;0000000000000080;        46s 708ms 537μs 239ns;297;-1;             19ms 192μs 488ns;0.000000;inf;0.000000;inf;0;1;Passing;;;0;19494
18560;16cfb;16b47;0;0;0000000000000080;        46s 708ms 284μs  68ns;297;-1;             19ms 272μs 277ns;0.000000;inf;0.000000;inf;0;1;Passing;;;0;19497
1854e;16cfb;16b47;0;0;0000000000000080;        46s 707ms 899μs 231ns;297;-1;             19ms  55μs 746ns;0.000000;inf;0.000000;inf;0;1;Passing;;;0;19503
18549;16cfb;16b47;0;0;0000000000000080;        46s 707ms 768μs  62ns;297;-1;             20ms 395μs 425ns;0.000000;inf;0.000000;inf;0;1;Passing;;;0;19504
18544;16cfb;16b47;0;0;0000000000000080;        46s 707ms 655μs 416ns;297;-1;             20ms 153μs 974ns;0.000000;inf;0.000000;inf;0;1;Passing;;;0;19505
18543;16cfb;16b47;0;0;0000000000000080;        46s 707ms 642μs 887ns;297;-1;             19ms  32μs  17ns;0.000000;inf;0.000000;inf;0;1;Passing;;;0;19506
1853e;16cfb;16b47;0;0;0000000000000080;        46s 707ms 512μs 951ns;297;-1;             18ms 818μs 399ns;0.000000;inf;0.000000;inf;0;1;Passing;;;0;19507
1853c;16cfb;16b47;0;0;0000000000000080;        46s 707ms 491μs 884ns;297;-1;             19ms  41μs 408ns;0.000000;inf;0.000000;inf;0;1;Passing;;;0;19508
18539;16cfb;16b47;0;0;0000000000000080;        46s 707ms 390μs 664ns;297;-1;             19ms 960μs 704ns;0.000000;inf;0.000000;inf;0;1;Passing;;;0;19509
18536;16cfb;16b47;0;0;0000000000000080;        46s 707ms 365μs 156ns;297;-1;             21ms 156μs 819ns;0.000000;inf;0.000000;inf;0;1;Passing;;;0;19510
18533;16cfb;16b47;0;0;0000000000000080;        46s 707ms 260μs 825ns;297;-1;             20ms 553μs 725ns;0.000000;inf;0.000000;inf;0;1;Passing;;;0;19511
18530;16cfb;16b47;0;0;0000000000000080;        46s 707ms 230μs 274ns;297;-1;             19ms 846μs 711ns;0.000000;inf;0.000000;inf;0;1;Passing;;;0;19512
1852d;16cfb;16b47;0;0;0000000000000080;        46s 707ms 148μs 579ns;297;-1;             19ms 538μs 986ns;0.000000;inf;0.000000;inf;0;1;Passing;;;0;19513
1852a;16cfb;16b47;0;0;0000000000000080;        46s 707ms 114μs 634ns;297;-1;             19ms 598μs 130ns;0.000000;inf;0.000000;inf;0;1;Passing;;;0;19516
18520;16cfb;16b47;0;0;0000000000000080;        46s 706ms 923μs 421ns;297;-1;             19ms 933μs 928ns;0.000000;inf;0.000000;inf;0;1;Passing;;;0;19517
1851e;16cfb;16b47;0;0;0000000000000080;        46s 706ms 881μs 722ns;297;-1;             20ms  30μs 675ns;0.000000;inf;0.000000;inf;0;1;Passing;;;0;19518
1851a;16cfb;16b47;0;0;0000000000000080;        46s 706ms 772μs 243ns;297;-1;             19ms 790μs 785ns;0.000000;inf;0.000000;inf;0;1;Passing;;;0;19520
18518;16cfb;16b47;0;0;0000000000000080;        46s 706ms 753μs 129ns;297;-1;             19ms  43μs 906ns;0.000000;inf;0.000000;inf;0;1;Passing;;;0;19521
1850f;16cfb;16b47;0;0;0000000000000080;        46s 706ms 551μs 874ns;297;-1;             19ms 898μs 423ns;0.000000;inf;0.000000;inf;0;1;Passing;;;0;19523
18512;16cfb;16b47;0;0;0000000000000080;        46s 706ms 631μs 549ns;297;-1;             21ms 360μs 958ns;0.000000;inf;0.000000;inf;0;1;Passing;;;0;19524
1850c;16cfb;16b47;0;0;0000000000000080;        46s 706ms 513μs 621ns;297;-1;             19ms 871μs 347ns;0.000000;inf;0.000000;inf;0;1;Passing;;;0;19525
18506;16cfb;16b47;0;0;0000000000000080;        46s 706ms 395μs 443ns;297;-1;             19ms 491μs 580ns;0.000000;inf;0.000000;inf;0;1;Passing;;;0;19526
18503;16cfb;16b47;0;0;0000000000000080;        46s 706ms 326μs 508ns;297;-1;             18ms 992μs 884ns;0.000000;inf;0.000000;inf;0;1;Passing;;;0;19529
184fa;16cfb;16b47;0;0;0000000000000080;        46s 706ms 143μs 359ns;297;-1;             19ms 556μs 559ns;0.000000;inf;0.000000;inf;0;1;Passing;;;0;19531
184f3;16cfb;16b47;0;0;0000000000000080;        46s 706ms  22μs 176ns;297;-1;             19ms 557μs 486ns;0.000000;inf;0.000000;inf;0;1;Passing;;;0;19533
184ed;16cfb;16b47;0;0;0000000000000080;        46s 705ms 897μs 555ns;297;-1;             19ms 617μs 139ns;0.000000;inf;0.000000;inf;0;1;Passing;;;0;19535
184ec;16cfb;16b47;0;0;0000000000000080;        46s 705ms 875μs 366ns;297;-1;             20ms 311μs 697ns;0.000000;inf;0.000000;inf;0;1;Passing;;;0;19536
184e5;16cfb;16b47;0;0;0000000000000080;        46s 705ms 731μs 796ns;297;-1;             19ms 572μs 582ns;0.000000;inf;0.000000;inf;0;1;Passing;;;0;19538
184db;16cfb;16b47;0;0;0000000000000080;        46s 705ms 494μs 222ns;297;-1;             20ms 232μs 416ns;0.000000;inf;0.000000;inf;0;1;Passing;;;0;19541
184d5;16cfb;16b47;0;0;0000000000000080;        46s 705ms 376μs 892ns;297;-1;             19ms  69μs 586ns;0.000000;inf;0.000000;inf;0;1;Passing;;;0;19543
184d3;16cfb;16b47;0;0;0000000000000080;        46s 705ms 349μs 999ns;297;-1;             19ms 966μs 591ns;0.000000;inf;0.000000;inf;0;1;Passing;;;0;19544
184cf;16cfb;16b47;0;0;0000000000000080;        46s 705ms 243μs 960ns;297;-1;             19ms 354μs 107ns;0.000000;inf;0.000000;inf;0;1;Passing;;;0;19545
184c9;16cfb;16b47;0;0;0000000000000080;        46s 705ms 124μs 493ns;297;-1;             17ms 729μs 803ns;0.000000;inf;0.000000;inf;0;1;Passing;;;0;19549
184c5;16cfb;16b47;0;0;0000000000000080;        46s 705ms   4μs 494ns;297;-1;             18ms 668μs 802ns;0.000000;inf;0.000000;inf;0;1;Passing;;;0;19551
184b8;16cfb;16b47;0;0;0000000000000080;        46s 704ms 709μs 875ns;297;-1;             18ms 106μs 322ns;0.000000;inf;0.000000;inf;0;1;Passing;;;0;19555
184b4;16cfb;16b47;0;0;0000000000000080;        46s 704ms 590μs 964ns;297;-1;             17ms 694μs 323ns;0.000000;inf;0.000000;inf;0;1;Passing;;;0;19557
1847e;16cfb;16b47;0;0;0000000000000080;        46s 703ms 203μs 257ns;297;-1;             18ms 953μs 782ns;0.000000;inf;0.000000;inf;0;1;Passing;;;0;19561
1847d;16cfb;16b47;0;0;0000000000000080;        46s 703ms 188μs 865ns;297;-1;             19ms 112μs 413ns;0.000000;inf;0.000000;inf;0;1;Passing;;;0;19562
18478;16cfb;16b47;0;0;0000000000000080;        46s 703ms  66μs 589ns;297;-1;             19ms  51μs 771ns;0.000000;inf;0.000000;inf;0;1;Passing;;;0;19563
18477;16cfb;16b47;0;0;0000000000000080;        46s 703ms  60μs 434ns;297;-1;             19ms 288μs 100ns;0.000000;inf;0.000000;inf;0;1;Passing;;;0;19564
18470;16cfb;16b47;0;0;0000000000000080;        46s 702ms 926μs 533ns;297;-1;             18ms 878μs 557ns;0.000000;inf;0.000000;inf;0;1;Passing;;;0;19565
1846a;16cfb;16b47;0;0;0000000000000080;        46s 702ms 773μs  54ns;297;-1;             18ms 819μs 311ns;0.000000;inf;0.000000;inf;0;1;Passing;;;0;19572
18465;16cfb;16b47;0;0;0000000000000080;        46s 702ms 664μs 660ns;297;-1;             19ms 356μs 727ns;0.000000;inf;0.000000;inf;0;1;Passing;;;0;19573
18460;16cfb;16b47;0;0;0000000000000080;        46s 702ms 534μs 941ns;297;-1;             18ms 499μs  31ns;0.000000;inf;0.000000;inf;0;1;Passing;;;0;19574
1845e;16cfb;16b47;0;0;0000000000000080;        46s 702ms 537μs 126ns;297;-1;             20ms 600μs 299ns;0.000000;inf;0.000000;inf;0;1;Passing;;;0;19576
18452;16cfb;16b47;0;0;0000000000000080;        46s 702ms 253μs 753ns;297;-1;             17ms 753μs  29ns;0.000000;inf;0.000000;inf;0;1;Passing;;;0;19583
18442;16cfb;16b47;0;0;0000000000000080;        46s 701ms 897μs  37ns;297;-1;             18ms 282μs 149ns;0.000000;inf;0.000000;inf;0;1;Passing;;;0;19584
1843a;16cfb;16b47;0;0;0000000000000080;        46s 701ms 735μs 929ns;297;-1;             17ms  60μs 508ns;0.000000;inf;0.000000;inf;0;1;Passing;;;0;19585
18436;16cfb;16b47;0;0;0000000000000080;        46s 701ms 613μs 401ns;297;-1;             16ms 841μs 219ns;0.000000;inf;0.000000;inf;0;1;Passing;;;0;19586
18430;16cfb;16b47;0;0;4000000000000080;        46s 701ms 474μs 448ns;297;-1;             14ms 710μs 225ns;0.000000;inf;0.000000;inf;0;1;Passing;;;0;19587
18799;16cfb;16b47;0;0;0000000000000080;        47s 181ms 179μs  79ns;295;-1;             18ms  74μs 555ns;0.000000;inf;0.000000;inf;0;1;Passing;;;0;19592
1879d;16cfb;16b47;0;0;0000000000000080;        47s 181ms 339μs  47ns;295;-1;             18ms 302μs 963ns;0.000000;inf;0.000000;inf;0;1;Passing;;;0;19593
18798;16cfb;16b47;0;0;0000000000000080;        47s 181ms 224μs 553ns;295;-1;             17ms 145μs 214ns;0.000000;inf;0.000000;inf;0;1;Passing;;;0;19595
18812;16cfb;16b47;0;0;0000000000000080;        47s 184ms 273μs 797ns;295;-1;             18ms  36μs 193ns;0.000000;inf;0.000000;inf;0;1;Passing;;;0;19596
187fa;16cfb;16b47;0;0;0000000000000080;        47s 183ms 642μs 946ns;295;-1;             18ms 755μs 530ns;0.000000;inf;0.000000;inf;0;1;Passing;;;0;19602
187f7;16cfb;16b47;0;0;0000000000000080;        47s 183ms 535μs 866ns;295;-1;             19ms 233μs 526ns;0.000000;inf;0.000000;inf;0;1;Passing;;;0;19603
18825;16cfb;16b47;0;0;0000000000000080;        47s 184ms 921μs 663ns;295;-1;             19ms 216μs  57ns;0.000000;inf;0.000000;inf;0;1;Passing;;;0;19604
18876;16cfb;16b47;0;0;0000000000000080;        47s 187ms 683μs  73ns;295;-1;             19ms 329μs 450ns;0.000000;inf;0.000000;inf;0;1;Passing;;;0;19605
1894b;16cfb;16b47;0;0;0000000000000080;        47s 195ms 258μs 847ns;295;-1;             19ms 173μs 651ns;0.000000;inf;0.000000;inf;0;1;Passing;;;0;19606
1893b;16cfb;16b47;0;0;0000000000000080;        47s 194ms 645μs 255ns;295;-1;             19ms 819μs 464ns;0.000000;inf;0.000000;inf;0;1;Passing;;;0;19612
18938;16cfb;16b47;0;0;0000000000000080;        47s 194ms 558μs 649ns;295;-1;             20ms 597μs 340ns;0.000000;inf;0.000000;inf;0;1;Passing;;;0;19614
18935;16cfb;16b47;0;0;0000000000000080;        47s 194ms 467μs 876ns;295;-1;             20ms  30μs 252ns;0.000000;inf;0.000000;inf;0;1;Passing;;;0;19615
1892a;16cfb;16b47;0;0;0000000000000080;        47s 194ms  89μs 947ns;295;-1;             19ms 642μs 636ns;0.000000;inf;0.000000;inf;0;1;Passing;;;0;19620
18917;16cfb;16b47;0;0;0000000000000080;        47s 193ms 494μs 817ns;295;-1;             19ms 779μs 137ns;0.000000;inf;0.000000;inf;0;1;Passing;;;0;19625
18910;16cfb;16b47;0;0;0000000000000080;        47s 193ms 283μs 575ns;295;-1;             19ms 575μs 150ns;0.000000;inf;0.000000;inf;0;1;Passing;;;0;19626
1890f;16cfb;16b47;0;0;0000000000000080;        47s 193ms 208μs 287ns;295;-1;             18ms 486μs 324ns;0.000000;inf;0.000000;inf;0;1;Passing;;;0;19627
18909;16cfb;16b47;0;0;0000000000000080;        47s 193ms  75μs 194ns;295;-1;             19ms  64μs 917ns;0.000000;inf;0.000000;inf;0;1;Passing;;;0;19629
18902;16cfb;16b47;0;0;0000000000000080;        47s 192ms 821μs 761ns;295;-1;             20ms  49μs 906ns;0.000000;inf;0.000000;inf;0;1;Passing;;;0;19631
188f3;16cfb;16b47;0;0;0000000000000080;        47s 192ms 299μs 344ns;295;-1;             20ms 574μs 541ns;0.000000;inf;0.000000;inf;0;1;Passing;;;0;19636
188ed;16cfb;16b47;0;0;0000000000000080;        47s 192ms 119μs 759ns;295;-1;             19ms  82μs 625ns;0.000000;inf;0.000000;inf;0;1;Passing;;;0;19640
188e0;16cfb;16b47;0;0;0000000000000080;        47s 191ms 644μs 707ns;295;-1;             19ms 265μs 307ns;0.000000;inf;0.000000;inf;0;1;Passing;;;0;19645
188d7;16cfb;16b47;0;0;0000000000000080;        47s 191ms 232μs 417ns;295;-1;             19ms 543μs 720ns;0.000000;inf;0.000000;inf;0;1;Passing;;;0;19647
188c4;16cfb;16b47;0;0;0000000000000080;        47s 190ms 450μs 875ns;295;-1;             18ms 790μs 868ns;0.000000;inf;0.000000;inf;0;1;Passing;;;0;19652
188c0;16cfb;16b47;0;0;0000000000000080;        47s 190ms 256μs 622ns;295;-1;             19ms  18μs 288ns;0.000000;inf;0.000000;inf;0;1;Passing;;;0;19653
188bb;16cfb;16b47;0;0;0000000000000080;        47s 190ms 222μs 380ns;295;-1;             19ms 249μs  25ns;0.000000;inf;0.000000;inf;0;1;Passing;;;0;19654
188bc;16cfb;16b47;0;0;0000000000000080;        47s 190ms  79μs   5ns;295;-1;             19ms 637μs 148ns;0.000000;inf;0.000000;inf;0;1;Passing;;;0;19655
188b7;16cfb;16b47;0;0;0000000000000080;        47s 189ms 875μs 104ns;295;-1;             19ms 405μs 927ns;0.000000;inf;0.000000;inf;0;1;Passing;;;0;19656
188af;16cfb;16b47;0;0;0000000000000080;        47s 189ms 831μs 605ns;295;-1;             18ms 785μs 342ns;0.000000;inf;0.000000;inf;0;1;Passing;;;0;19657
188b4;16cfb;16b47;0;0;0000000000000080;        47s 189ms 743μs 187ns;295;-1;             18ms 877μs 459ns;0.000000;inf;0.000000;inf;0;1;Passing;;;0;19658
188b0;16cfb;16b47;0;0;0000000000000080;        47s 189ms 622μs 537ns;295;-1;             18ms 457μs 456ns;0.000000;inf;0.000000;inf;0;1;Passing;;;0;19660
188ab;16cfb;16b47;0;0;0000000000000080;        47s 189ms 482μs 241ns;295;-1;             18ms 970μs 814ns;0.000000;inf;0.000000;inf;0;1;Passing;;;0;19661
188a8;16cfb;16b47;0;0;0000000000000080;        47s 189ms 358μs  55ns;295;-1;             18ms 942μs 565ns;0.000000;inf;0.000000;inf;0;1;Passing;;;0;19662
188a4;16cfb;16b47;0;0;0000000000000080;        47s 189ms 211μs 914ns;295;-1;             19ms 158μs 495ns;0.000000;inf;0.000000;inf;0;1;Passing;;;0;19664
18896;16cfb;16b47;0;0;0000000000000080;        47s 189ms  10μs 587ns;295;-1;             19ms 452μs 953ns;0.000000;inf;0.000000;inf;0;1;Passing;;;0;19665
1889c;16cfb;16b47;0;0;0000000000000080;        47s 188ms 929μs 459ns;295;-1;             19ms 396μs 703ns;0.000000;inf;0.000000;inf;0;1;Passing;;;0;19666
18898;16cfb;16b47;0;0;0000000000000080;        47s 188ms 811μs 847ns;295;-1;             19ms 369μs 733ns;0.000000;inf;0.000000;inf;0;1;Passing;;;0;19667
18893;16cfb;16b47;0;0;0000000000000080;        47s 188ms 675μs 380ns;295;-1;             19ms 673μs 406ns;0.000000;inf;0.000000;inf;0;1;Passing;;;0;19669
18889;16cfb;16b47;0;0;0000000000000080;        47s 188ms 596μs 352ns;295;-1;             19ms 300μs 121ns;0.000000;inf;0.000000;inf;0;1;Passing;;;0;19670
1888d;16cfb;16b47;0;0;0000000000000080;        47s 188ms 439μs 106ns;295;-1;             19ms 551μs 758ns;0.000000;inf;0.000000;inf;0;1;Passing;;;0;19671
18888;16cfb;16b47;0;0;0000000000000080;        47s 188ms 320μs 405ns;295;-1;             19ms 617μs 327ns;0.000000;inf;0.000000;inf;0;1;Passing;;;0;19673
1887d;16cfb;16b47;0;0;0000000000000080;        47s 188ms 189μs 950ns;295;-1;             19ms 463μs 567ns;0.000000;inf;0.000000;inf;0;1;Passing;;;0;19674
18880;16cfb;16b47;0;0;0000000000000080;        47s 188ms  67μs 511ns;295;-1;             18ms 586μs 664ns;0.000000;inf;0.000000;inf;0;1;Passing;;;0;19677
1886e;16cfb;16b47;0;0;0000000000000080;        47s 187ms 432μs 129ns;295;-1;             18ms 789μs 206ns;0.000000;inf;0.000000;inf;0;1;Passing;;;0;19681
18869;16cfb;16b47;0;0;0000000000000080;        47s 187ms 288μs 632ns;295;-1;             18ms 985μs 944ns;0.000000;inf;0.000000;inf;0;1;Passing;;;0;19682
18866;16cfb;16b47;0;0;0000000000000080;        47s 187ms 165μs 169ns;295;-1;             19ms 439μs 640ns;0.000000;inf;0.000000;inf;0;1;Passing;;;0;19683
18861;16cfb;16b47;0;0;0000000000000080;        47s 187ms  38μs 762ns;295;-1;             19ms 494μs 196ns;0.000000;inf;0.000000;inf;0;1;Passing;;;0;19685
18857;16cfb;16b47;0;0;0000000000000080;        47s 186ms 888μs 108ns;295;-1;             18ms 671μs 569ns;0.000000;inf;0.000000;inf;0;1;Passing;;;0;19687
1884c;16cfb;16b47;0;0;0000000000000080;        47s 186ms 532μs 837ns;295;-1;             18ms 628μs 634ns;0.000000;inf;0.000000;inf;0;1;Passing;;;0;19691
18851;16cfb;16b47;0;0;0000000000000080;        47s 186ms 498μs 295ns;295;-1;             18ms 419μs 937ns;0.000000;inf;0.000000;inf;0;1;Passing;;;0;19692
1884d;16cfb;16b47;0;0;0000000000000080;        47s 186ms 359μs 792ns;295;-1;             19ms  58μs 937ns;0.000000;inf;0.000000;inf;0;1;Passing;;;0;19693
18845;16cfb;16b47;0;0;0000000000000080;        47s 186ms  30μs 157ns;295;-1;             18ms 323μs 669ns;0.000000;inf;0.000000;inf;0;1;Passing;;;0;19696
1883f;16cfb;16b47;0;0;0000000000000080;        47s 185ms 900μs 313ns;295;-1;             18ms 911μs  12ns;0.000000;inf;0.000000;inf;0;1;Passing;;;0;19697
1883c;16cfb;16b47;0;0;0000000000000080;        47s 185ms 768μs 926ns;295;-1;             19ms 637μs 920ns;0.000000;inf;0.000000;inf;0;1;Passing;;;0;19698
18833;16cfb;16b47;0;0;0000000000000080;        47s 185ms 470μs 210ns;295;-1;             18ms 758μs 776ns;0.000000;inf;0.000000;inf;0;1;Passing;;;0;19700
18829;16cfb;16b47;0;0;0000000000000080;        47s 185ms 392μs 915ns;295;-1;             18ms 619μs 569ns;0.000000;inf;0.000000;inf;0;1;Passing;;;0;19702
18830;16cfb;16b47;0;0;0000000000000080;        47s 185ms 348μs 528ns;295;-1;             17ms 878μs 122ns;0.000000;inf;0.000000;inf;0;1;Passing;;;0;19703
18820;16cfb;16b47;0;0;0000000000000080;        47s 184ms 662μs 220ns;295;-1;             19ms  61μs  21ns;0.000000;inf;0.000000;inf;0;1;Passing;;;0;19705
1881a;16cfb;16b47;0;0;0000000000000080;        47s 184ms 518μs  50ns;295;-1;             19ms 147μs 665ns;0.000000;inf;0.000000;inf;0;1;Passing;;;0;19706
18819;16cfb;16b47;0;0;0000000000000080;        47s 184ms 515μs 923ns;295;-1;             18ms 919μs 237ns;0.000000;inf;0.000000;inf;0;1;Passing;;;0;19707
18815;16cfb;16b47;0;0;0000000000000080;        47s 184ms 372μs 163ns;295;-1;             19ms  98μs 216ns;0.000000;inf;0.000000;inf;0;1;Passing;;;0;19708
187f4;16cfb;16b47;0;0;0000000000000080;        47s 183ms 496μs 988ns;295;-1;             18ms 928μs  19ns;0.000000;inf;0.000000;inf;0;1;Passing;;;0;19709
187f1;16cfb;16b47;0;0;0000000000000080;        47s 183ms 417μs 237ns;295;-1;             19ms  97μs 336ns;0.000000;inf;0.000000;inf;0;1;Passing;;;0;19713
187eb;16cfb;16b47;0;0;0000000000000080;        47s 183ms 262μs 680ns;295;-1;             19ms   8μs 871ns;0.000000;inf;0.000000;inf;0;1;Passing;;;0;19714
187e5;16cfb;16b47;0;0;0000000000000080;        47s 183ms 131μs 285ns;295;-1;             19ms 631μs  77ns;0.000000;inf;0.000000;inf;0;1;Passing;;;0;19715
187df;16cfb;16b47;0;0;0000000000000080;        47s 183ms   1μs 692ns;295;-1;             19ms 723μs 482ns;0.000000;inf;0.000000;inf;0;1;Passing;;;0;19716
187db;16cfb;16b47;0;0;0000000000000080;        47s 182ms 854μs 958ns;295;-1;             18ms 491μs 599ns;0.000000;inf;0.000000;inf;0;1;Passing;;;0;19721
187d9;16cfb;16b47;0;0;0000000000000080;        47s 182ms 829μs 945ns;295;-1;             17ms 845μs 343ns;0.000000;inf;0.000000;inf;0;1;Passing;;;0;19725
187cd;16cfb;16b47;0;0;0000000000000080;        47s 182ms 524μs 547ns;295;-1;             17ms 466μs 146ns;0.000000;inf;0.000000;inf;0;1;Passing;;;0;19729
187be;16cfb;16b47;0;0;0000000000000080;        47s 182ms 156μs 746ns;295;-1;             18ms 243μs 322ns;0.000000;inf;0.000000;inf;0;1;Passing;;;0;19730
187b5;16cfb;16b47;0;0;0000000000000080;        47s 181ms 925μs 296ns;295;-1;             18ms 876μs 357ns;0.000000;inf;0.000000;inf;0;1;Passing;;;0;19731
187b2;16cfb;16b47;0;0;0000000000000080;        47s 181ms 860μs 115ns;295;-1;             18ms 816μs 162ns;0.000000;inf;0.000000;inf;0;1;Passing;;;0;19732
187a9;16cfb;16b47;0;0;0000000000000080;        47s 181ms 640μs 890ns;295;-1;             17ms 537μs 645ns;0.000000;inf;0.000000;inf;0;1;Passing;;;0;19733
187ac;16cfb;16b47;0;0;0000000000000080;        47s 181ms 704μs 422ns;295;-1;             19ms 561μs 575ns;0.000000;inf;0.000000;inf;0;1;Passing;;;0;19734
187a6;16cfb;16b47;0;0;4000000000000080;        47s 181ms 548μs 820ns;295;-1;             12ms 148μs 329ns;0.000000;inf;0.000000;inf;0;1;Passing;;;0;19735
18b11;16cfb;16b47;0;0;0000000000000080;        47s 657ms  75μs 332ns;293;-1;             16ms 930μs 689ns;0.000000;inf;0.000000;inf;0;1;Passing;;;0;19743
18b0c;16cfb;16b47;0;0;0000000000000080;        47s 656ms 875μs 482ns;293;-1;             20ms 853μs 661ns;0.000000;inf;0.000000;inf;0;1;Passing;;;0;19745
18b10;16cfb;16b47;0;0;0000000000000080;        47s 657ms  72μs 538ns;293;-1;             21ms 153μs 314ns;0.000000;inf;0.000000;inf;0;1;Passing;;;0;19746
18b34;16cfb;16b47;0;0;0000000000000080;        47s 658ms 119μs 830ns;293;-1;             18ms 756μs 591ns;0.000000;inf;0.000000;inf;0;1;Passing;;;0;19748
18b29;16cfb;16b47;0;0;0000000000000080;        47s 657ms 800μs 888ns;293;-1;             17ms 967μs 649ns;0.000000;inf;0.000000;inf;0;1;Passing;;;0;19750
18b28;16cfb;16b47;0;0;0000000000000080;        47s 657ms 793μs  40ns;293;-1;             17ms 896μs 607ns;0.000000;inf;0.000000;inf;0;1;Passing;;;0;19751
18b5a;16cfb;16b47;0;0;0000000000000080;        47s 659ms 455μs 165ns;293;-1;             18ms 956μs 101ns;0.000000;inf;0.000000;inf;0;1;Passing;;;0;19752
18bcc;16cfb;16b47;0;0;0000000000000080;        47s 663ms 327μs 544ns;293;-1;             18ms 611μs 867ns;0.000000;inf;0.000000;inf;0;1;Passing;;;0;19753
18bf9;16cfb;16b47;0;0;0000000000000080;        47s 664ms 695μs 775ns;293;-1;             18ms 354μs 626ns;0.000000;inf;0.000000;inf;0;1;Passing;;;0;19754
18cac;16cfb;16b47;0;0;0000000000000080;        47s 670ms  97μs  51ns;293;-1;             19ms 359μs 577ns;0.000000;inf;0.000000;inf;0;1;Passing;;;0;19756
18cbd;16cfb;16b47;0;0;0000000000000080;        47s 670ms 830μs 209ns;293;-1;             19ms 242μs  46ns;0.000000;inf;0.000000;inf;0;1;Passing;;;0;19757
18cab;16cfb;16b47;0;0;0000000000000080;        47s 670ms  54μs 393ns;293;-1;             20ms   3μs 646ns;0.000000;inf;0.000000;inf;0;1;Passing;;;0;19763
18ca6;16cfb;16b47;0;0;0000000000000080;        47s 669ms 887μs 937ns;293;-1;             20ms 379μs 416ns;0.000000;inf;0.000000;inf;0;1;Passing;;;0;19764
18c9b;16cfb;16b47;0;0;0000000000000080;        47s 669ms 441μs 265ns;293;-1;             18ms 972μs 312ns;0.000000;inf;0.000000;inf;0;1;Passing;;;0;19768
18c8a;16cfb;16b47;0;0;0000000000000080;        47s 669ms  19μs 688ns;293;-1;             19ms 478μs 498ns;0.000000;inf;0.000000;inf;0;1;Passing;;;0;19774
18c83;16cfb;16b47;0;0;0000000000000080;        47s 668ms 788μs 752ns;293;-1;             19ms  11μs  86ns;0.000000;inf;0.000000;inf;0;1;Passing;;;0;19776
18c80;16cfb;16b47;0;0;0000000000000080;        47s 668ms 682μs 450ns;293;-1;             18ms 312μs 863ns;0.000000;inf;0.000000;inf;0;1;Passing;;;0;19777
18c7b;16cfb;16b47;0;0;0000000000000080;        47s 668ms 535μs 778ns;293;-1;             18ms 575μs 669ns;0.000000;inf;0.000000;inf;0;1;Passing;;;0;19779
18c75;16cfb;16b47;0;0;0000000000000080;        47s 668ms 408μs 912ns;293;-1;             19ms 459μs 282ns;0.000000;inf;0.000000;inf;0;1;Passing;;;0;19780
18c66;16cfb;16b47;0;0;0000000000000080;        47s 667ms 926μs  44ns;293;-1;             19ms 364μs 256ns;0.000000;inf;0.000000;inf;0;1;Passing;;;0;19786
18c60;16cfb;16b47;0;0;0000000000000080;        47s 667ms 790μs 493ns;293;-1;             19ms 459μs  70ns;0.000000;inf;0.000000;inf;0;1;Passing;;;0;19787
18c53;16cfb;16b47;0;0;0000000000000080;        47s 667ms 441μs 187ns;293;-1;             20ms 517μs 897ns;0.000000;inf;0.000000;inf;0;1;Passing;;;0;19794
18c4b;16cfb;16b47;0;0;0000000000000080;        47s 667ms 199μs 527ns;293;-1;             18ms 727μs 195ns;0.000000;inf;0.000000;inf;0;1;Passing;;;0;19795
18c38;16cfb;16b47;0;0;0000000000000080;        47s 666ms 586μs  41ns;293;-1;             20ms 172μs  92ns;0.000000;inf;0.000000;inf;0;1;Passing;;;0;19801
18c32;16cfb;16b47;0;0;0000000000000080;        47s 666ms 441μs 274ns;293;-1;             19ms 377μs 334ns;0.000000;inf;0.000000;inf;0;1;Passing;;;0;19802
18c2f;16cfb;16b47;0;0;0000000000000080;        47s 666ms 371μs 237ns;293;-1;             19ms 423μs 877ns;0.000000;inf;0.000000;inf;0;1;Passing;;;0;19803
18c2b;16cfb;16b47;0;0;0000000000000080;        47s 666ms 275μs 655ns;293;-1;             19ms 704μs 413ns;0.000000;inf;0.000000;inf;0;1;Passing;;;0;19804
18c2a;16cfb;16b47;0;0;0000000000000080;        47s 666ms 227μs 107ns;293;-1;             19ms 490μs 328ns;0.000000;inf;0.000000;inf;0;1;Passing;;;0;19805
18c25;16cfb;16b47;0;0;0000000000000080;        47s 666ms 110μs 553ns;293;-1;             19ms 295μs 786ns;0.000000;inf;0.000000;inf;0;1;Passing;;;0;19806
18c24;16cfb;16b47;0;0;0000000000000080;        47s 666ms  86μs 188ns;293;-1;             19ms 848μs 601ns;0.000000;inf;0.000000;inf;0;1;Passing;;;0;19807
18c1d;16cfb;16b47;0;0;0000000000000080;        47s 665ms 923μs 899ns;293;-1;             20ms 169μs 972ns;0.000000;inf;0.000000;inf;0;1;Passing;;;0;19808
18c20;16cfb;16b47;0;0;0000000000000080;        47s 665ms 917μs 255ns;293;-1;             20ms 731μs 429ns;0.000000;inf;0.000000;inf;0;1;Passing;;;0;19810
18c1a;16cfb;16b47;0;0;0000000000000080;        47s 665ms 788μs 695ns;293;-1;             19ms 991μs 328ns;0.000000;inf;0.000000;inf;0;1;Passing;;;0;19810
18c16;16cfb;16b47;0;0;0000000000000080;        47s 665ms 661μs 846ns;293;-1;             18ms 760μs 323ns;0.000000;inf;0.000000;inf;0;1;Passing;;;0;19813
18c0c;16cfb;16b47;0;0;0000000000000080;        47s 665ms 474μs 757ns;293;-1;             19ms  55μs 742ns;0.000000;inf;0.000000;inf;0;1;Passing;;;0;19814
18c0d;16cfb;16b47;0;0;0000000000000080;        47s 665ms 390μs  12ns;293;-1;             19ms 520μs  19ns;0.000000;inf;0.000000;inf;0;1;Passing;;;0;19815
18c08;16cfb;16b47;0;0;0000000000000080;        47s 665ms 204μs 493ns;293;-1;             19ms 708μs 769ns;0.000000;inf;0.000000;inf;0;1;Passing;;;0;19816
18c04;16cfb;16b47;0;0;0000000000000080;        47s 665ms 173μs 900ns;293;-1;             18ms 895μs 953ns;0.000000;inf;0.000000;inf;0;1;Passing;;;0;19818
18bfe;16cfb;16b47;0;0;0000000000000080;        47s 664ms 964μs  48ns;293;-1;             19ms 272μs 216ns;0.000000;inf;0.000000;inf;0;1;Passing;;;0;19820
18bfd;16cfb;16b47;0;0;0000000000000080;        47s 664ms 947μs 353ns;293;-1;             19ms 340μs 229ns;0.000000;inf;0.000000;inf;0;1;Passing;;;0;19821
18bf3;16cfb;16b47;0;0;0000000000000080;        47s 664ms 441μs 532ns;293;-1;             18ms 930μs 642ns;0.000000;inf;0.000000;inf;0;1;Passing;;;0;19824
18bea;16cfb;16b47;0;0;0000000000000080;        47s 664ms 140μs 680ns;293;-1;             19ms 327μs 998ns;0.000000;inf;0.000000;inf;0;1;Passing;;;0;19827
18be4;16cfb;16b47;0;0;0000000000000080;        47s 664ms  13μs 136ns;293;-1;             19ms 429μs 293ns;0.000000;inf;0.000000;inf;0;1;Passing;;;0;19829
18bdf;16cfb;16b47;0;0;0000000000000080;        47s 663ms 920μs   9ns;293;-1;             19ms 301μs 522ns;0.000000;inf;0.000000;inf;0;1;Passing;;;0;19830
18bda;16cfb;16b47;0;0;0000000000000080;        47s 663ms 690μs  18ns;293;-1;             18ms 861μs  89ns;0.000000;inf;0.000000;inf;0;1;Passing;;;0;19834
18bd5;16cfb;16b47;0;0;0000000000000080;        47s 663ms 531μs  50ns;293;-1;             18ms 944μs 340ns;0.000000;inf;0.000000;inf;0;1;Passing;;;0;19835
18bc5;16cfb;16b47;0;0;0000000000000080;        47s 662ms 839μs 475ns;293;-1;             19ms 163μs 994ns;0.000000;inf;0.000000;inf;0;1;Passing;;;0;19837
18bc3;16cfb;16b47;0;0;0000000000000080;        47s 662ms 763μs 594ns;293;-1;             19ms 293μs 100ns;0.000000;inf;0.000000;inf;0;1;Passing;;;0;19838
18bbf;16cfb;16b47;0;0;0000000000000080;        47s 662ms 621μs 433ns;293;-1;             19ms 181μs 204ns;0.000000;inf;0.000000;inf;0;1;Passing;;;0;19840
18bba;16cfb;16b47;0;0;0000000000000080;        47s 662ms 455μs 222ns;293;-1;             19ms 309μs 586ns;0.000000;inf;0.000000;inf;0;1;Passing;;;0;19841
18bb0;16cfb;16b47;0;0;0000000000000080;        47s 662ms 243μs 794ns;293;-1;             19ms 511μs 361ns;0.000000;inf;0.000000;inf;0;1;Passing;;;0;19844
18bb4;16cfb;16b47;0;0;0000000000000080;        47s 662ms 330μs 119ns;293;-1;             20ms 209μs  65ns;0.000000;inf;0.000000;inf;0;1;Passing;;;0;19845
18ba8;16cfb;16b47;0;0;0000000000000080;        47s 662ms  49μs 293ns;293;-1;             19ms 698μs 143ns;0.000000;inf;0.000000;inf;0;1;Passing;;;0;19847
18ba5;16cfb;16b47;0;0;0000000000000080;        47s 661ms 919μs  80ns;293;-1;             18ms 631μs 268ns;0.000000;inf;0.000000;inf;0;1;Passing;;;0;19849
18b99;16cfb;16b47;0;0;0000000000000080;        47s 661ms 686μs 193ns;293;-1;             19ms 360μs 655ns;0.000000;inf;0.000000;inf;0;1;Passing;;;0;19851
18b9c;16cfb;16b47;0;0;0000000000000080;        47s 661ms 665μs 944ns;293;-1;             18ms 982μs 887ns;0.000000;inf;0.000000;inf;0;1;Passing;;;0;19852
18b96;16cfb;16b47;0;0;0000000000000080;        47s 661ms 539μs 104ns;293;-1;             18ms 689μs 359ns;0.000000;inf;0.000000;inf;0;1;Passing;;;0;19853
18b91;16cfb;16b47;0;0;0000000000000080;        47s 661ms 404μs 683ns;293;-1;             18ms 896μs 841ns;0.000000;inf;0.000000;inf;0;1;Passing;;;0;19854
18b87;16cfb;16b47;0;0;0000000000000080;        47s 661ms 231μs 597ns;293;-1;             18ms 971μs 473ns;0.000000;inf;0.000000;inf;0;1;Passing;;;0;19856
18b8d;16cfb;16b47;0;0;0000000000000080;        47s 661ms 221μs 899ns;293;-1;             18ms 819μs 791ns;0.000000;inf;0.000000;inf;0;1;Passing;;;0;19858
18b89;16cfb;16b47;0;0;0000000000000080;        47s 661ms  90μs 111ns;293;-1;             18ms 424μs 406ns;0.000000;inf;0.000000;inf;0;1;Passing;;;0;19861
18b70;16cfb;16b47;0;0;0000000000000080;        47s 660ms 230μs 293ns;293;-1;             19ms 350μs 475ns;0.000000;inf;0.000000;inf;0;1;Passing;;;0;19865
18b6a;16cfb;16b47;0;0;0000000000000080;        47s 660ms  42μs 424ns;293;-1;             19ms 594μs 815ns;0.000000;inf;0.000000;inf;0;1;Passing;;;0;19866
18b6b;16cfb;16b47;0;0;0000000000000080;        47s 660ms  40μs 196ns;293;-1;             19ms 736μs 848ns;0.000000;inf;0.000000;inf;0;1;Passing;;;0;19867
18b66;16cfb;16b47;0;0;0000000000000080;        47s 659ms 831μs 470ns;293;-1;             19ms 300μs  60ns;0.000000;inf;0.000000;inf;0;1;Passing;;;0;19869
18b5f;16cfb;16b47;0;0;0000000000000080;        47s 659ms 672μs 113ns;293;-1;             17ms 787μs 735ns;0.000000;inf;0.000000;inf;0;1;Passing;;;0;19872
18b53;16cfb;16b47;0;0;0000000000000080;        47s 659ms  51μs 744ns;293;-1;             18ms 166μs 115ns;0.000000;inf;0.000000;inf;0;1;Passing;;;0;19876
18b51;16cfb;16b47;0;0;0000000000000080;        47s 659ms  18μs 692ns;293;-1;             18ms 819μs 779ns;0.000000;inf;0.000000;inf;0;1;Passing;;;0;19877
18b4d;16cfb;16b47;0;0;0000000000000080;        47s 658ms 834μs 477ns;293;-1;             18ms  30μs 959ns;0.000000;inf;0.000000;inf;0;1;Passing;;;0;19878
18b42;16cfb;16b47;0;0;0000000000000080;        47s 658ms 538μs 731ns;293;-1;             17ms 642μs 760ns;0.000000;inf;0.000000;inf;0;1;Passing;;;0;19879
18b21;16cfb;16b47;0;0;0000000000000080;        47s 657ms 601μs   7ns;293;-1;             15ms 767μs 445ns;0.000000;inf;0.000000;inf;0;1;Passing;;;0;19880
18b1d;16cfb;16b47;0;0;0000000000000080;        47s 657ms 446μs  73ns;293;-1;             14ms 728μs 385ns;0.000000;inf;0.000000;inf;0;1;Passing;;;0;19881
18b1c;16cfb;16b47;0;0;4000000000000080;        47s 657ms 439μs 238ns;293;-1;             13ms  65μs 874ns;0.000000;inf;0.000000;inf;0;1;Passing;;;0;19882
18e8a;16cfb;16b47;0;0;0000000000000080;        48s 129ms 278μs 479ns;291;-1;             16ms 982μs 932ns;0.000000;inf;0.000000;inf;0;1;Passing;;;0;19886
18e7b;16cfb;16b47;0;0;0000000000000080;        48s 128ms 898μs 218ns;291;-1;             22ms 157μs 112ns;0.000000;inf;0.000000;inf;0;1;Passing;;;0;19887
18e81;16cfb;16b47;0;0;0000000000000080;        48s 129ms  51μs 137ns;291;-1;             19ms 812μs 560ns;0.000000;inf;0.000000;inf;0;1;Passing;;;0;19888
18e8c;16cfb;16b47;0;0;0000000000000080;        48s 129ms 298μs 293ns;291;-1;             18ms 119μs 361ns;0.000000;inf;0.000000;inf;0;1;Passing;;;0;19889
18e7e;16cfb;16b47;0;0;0000000000000080;        48s 129ms  17μs  12ns;291;-1;             19ms 727μs 910ns;0.000000;inf;0.000000;inf;0;1;Passing;;;0;19890
18efa;16cfb;16b47;0;0;0000000000000080;        48s 132ms  45μs 916ns;291;-1;             18ms 431μs   0ns;0.000000;inf;0.000000;inf;0;1;Passing;;;0;19893
18efb;16cfb;16b47;0;0;0000000000000080;        48s 132ms  32μs  86ns;291;-1;             18ms 876μs 383ns;0.000000;inf;0.000000;inf;0;1;Passing;;;0;19896
18ef5;16cfb;16b47;0;0;0000000000000080;        48s 131ms 876μs 940ns;291;-1;             18ms 725μs 530ns;0.000000;inf;0.000000;inf;0;1;Passing;;;0;19897
18f00;16cfb;16b47;0;0;0000000000000080;        48s 132ms 170μs 865ns;291;-1;             18ms 614μs 481ns;0.000000;inf;0.000000;inf;0;1;Passing;;;0;19900
19027;16cfb;16b47;0;0;0000000000000080;        48s 140ms  85μs 688ns;291;-1;             19ms 438μs  20ns;0.000000;inf;0.000000;inf;0;1;Passing;;;0;19902
1901a;16cfb;16b47;0;0;0000000000000080;        48s 139ms 615μs 412ns;291;-1;             19ms 500μs 352ns;0.000000;inf;0.000000;inf;0;1;Passing;;;0;19906
19015;16cfb;16b47;0;0;0000000000000080;        48s 139ms 406μs 334ns;291;-1;             19ms 413μs 207ns;0.000000;inf;0.000000;inf;0;1;Passing;;;0;19908
19014;16cfb;16b47;0;0;0000000000000080;        48s 139ms 403μs 948ns;291;-1;             19ms 484μs 417ns;0.000000;inf;0.000000;inf;0;1;Passing;;;0;19909
19008;16cfb;16b47;0;0;0000000000000080;        48s 138ms 955μs 198ns;291;-1;             19ms 301μs 775ns;0.000000;inf;0.000000;inf;0;1;Passing;;;0;19914
18ff4;16cfb;16b47;0;0;0000000000000080;        48s 138ms 372μs  61ns;291;-1;             18ms 675μs 600ns;0.000000;inf;0.000000;inf;0;1;Passing;;;0;19919
18fed;16cfb;16b47;0;0;0000000000000080;        48s 138ms 164μs 457ns;291;-1;             20ms 392μs 147ns;0.000000;inf;0.000000;inf;0;1;Passing;;;0;19921
18fee;16cfb;16b47;0;0;0000000000000080;        48s 138ms 148μs 481ns;291;-1;             20ms 234μs  90ns;0.000000;inf;0.000000;inf;0;1;Passing;;;0;19923
18fe6;16cfb;16b47;0;0;0000000000000080;        48s 137ms 973μs 156ns;291;-1;             19ms 246μs  14ns;0.000000;inf;0.000000;inf;0;1;Passing;;;0;19924
18fdf;16cfb;16b47;0;0;0000000000000080;        48s 137ms 785μs 871ns;291;-1;             19ms 336μs 592ns;0.000000;inf;0.000000;inf;0;1;Passing;;;0;19928
18fd1;16cfb;16b47;0;0;0000000000000080;        48s 137ms 409μs 669ns;291;-1;             18ms 143μs 520ns;0.000000;inf;0.000000;inf;0;1;Passing;;;0;19932
18fca;16cfb;16b47;0;0;0000000000000080;        48s 137ms 217μs 249ns;291;-1;             18ms 128μs 311ns;0.000000;inf;0.000000;inf;0;1;Passing;;;0;19935
18fbf;16cfb;16b47;0;0;0000000000000080;        48s 136ms 882μs  75ns;291;-1;             18ms  46μs 647ns;0.000000;inf;0.000000;inf;0;1;Passing;;;0;19940
18fb5;16cfb;16b47;0;0;0000000000000080;        48s 136ms 614μs 168ns;291;-1;             18ms  65μs 492ns;0.000000;inf;0.000000;inf;0;1;Passing;;;0;19945
18fa4;16cfb;16b47;0;0;0000000000000080;        48s 136ms 194μs 937ns;291;-1;             18ms 824μs 468ns;0.000000;inf;0.000000;inf;0;1;Passing;;;0;19947
18f9f;16cfb;16b47;0;0;0000000000000080;        48s 136ms  65μs 430ns;291;-1;             20ms 804μs 288ns;0.000000;inf;0.000000;inf;0;1;Passing;;;0;19948
18f9a;16cfb;16b47;0;0;0000000000000080;        48s 135ms 932μs 497ns;291;-1;             19ms 962μs 747ns;0.000000;inf;0.000000;inf;0;1;Passing;;;0;19949
18f98;16cfb;16b47;0;0;0000000000000080;        48s 135ms 916μs 575ns;291;-1;             19ms 726μs 127ns;0.000000;inf;0.000000;inf;0;1;Passing;;;0;19950
18f94;16cfb;16b47;0;0;0000000000000080;        48s 135ms 790μs 917ns;291;-1;             18ms 500μs 613ns;0.000000;inf;0.000000;inf;0;1;Passing;;;0;19951
18f93;16cfb;16b47;0;0;0000000000000080;        48s 135ms 753μs  14ns;291;-1;             18ms 821μs 296ns;0.000000;inf;0.000000;inf;0;1;Passing;;;0;19952
18f8f;16cfb;16b47;0;0;0000000000000080;        48s 135ms 644μs 634ns;291;-1;             19ms 730μs 561ns;0.000000;inf;0.000000;inf;0;1;Passing;;;0;19953
18f89;16cfb;16b47;0;0;0000000000000080;        48s 135ms 521μs 901ns;291;-1;             20ms 177μs 520ns;0.000000;inf;0.000000;inf;0;1;Passing;;;0;19954
18f8c;16cfb;16b47;0;0;0000000000000080;        48s 135ms 621μs 226ns;291;-1;             20ms 724μs 982ns;0.000000;inf;0.000000;inf;0;1;Passing;;;0;19955
18f86;16cfb;16b47;0;0;0000000000000080;        48s 135ms 483μs 662ns;291;-1;             19ms 943μs 126ns;0.000000;inf;0.000000;inf;0;1;Passing;;;0;19956
18f83;16cfb;16b47;0;0;0000000000000080;        48s 135ms 400μs 632ns;291;-1;             18ms 876μs 738ns;0.000000;inf;0.000000;inf;0;1;Passing;;;0;19959
18f7a;16cfb;16b47;0;0;0000000000000080;        48s 135ms 199μs 455ns;291;-1;             19ms 139μs 137ns;0.000000;inf;0.000000;inf;0;1;Passing;;;0;19960
18f77;16cfb;16b47;0;0;0000000000000080;        48s 135ms 149μs 376ns;291;-1;             19ms  58μs 822ns;0.000000;inf;0.000000;inf;0;1;Passing;;;0;19962
18f73;16cfb;16b47;0;0;0000000000000080;        48s 135ms  63μs 926ns;291;-1;             18ms 639μs 256ns;0.000000;inf;0.000000;inf;0;1;Passing;;;0;19963
18f72;16cfb;16b47;0;0;0000000000000080;        48s 135ms  31μs 399ns;291;-1;             18ms 955μs 142ns;0.000000;inf;0.000000;inf;0;1;Passing;;;0;19964
18f6c;16cfb;16b47;0;0;0000000000000080;        48s 134ms 913μs 176ns;291;-1;             18ms 878μs  36ns;0.000000;inf;0.000000;inf;0;1;Passing;;;0;19965
18f67;16cfb;16b47;0;0;0000000000000080;        48s 134ms 800μs  18ns;291;-1;             18ms 267μs 557ns;0.000000;inf;0.000000;inf;0;1;Passing;;;0;19967
18f65;16cfb;16b47;0;0;0000000000000080;        48s 134ms 773μs 248ns;291;-1;             19ms 169μs 894ns;0.000000;inf;0.000000;inf;0;1;Passing;;;0;19968
18f5f;16cfb;16b47;0;0;0000000000000080;        48s 134ms 624μs 926ns;291;-1;             18ms 731μs 319ns;0.000000;inf;0.000000;inf;0;1;Passing;;;0;19970
18f55;16cfb;16b47;0;0;0000000000000080;        48s 134ms 352μs 205ns;291;-1;             18ms 632μs 420ns;0.000000;inf;0.000000;inf;0;1;Passing;;;0;19974
18f4f;16cfb;16b47;0;0;0000000000000080;        48s 134ms 206μs  10ns;291;-1;             19ms 292μs 349ns;0.000000;inf;0.000000;inf;0;1;Passing;;;0;19975
18f49;16cfb;16b47;0;0;0000000000000080;        48s 134ms  61μs 139ns;291;-1;             19ms 339μs 632ns;0.000000;inf;0.000000;inf;0;1;Passing;;;0;19977
18f48;16cfb;16b47;0;0;0000000000000080;        48s 134ms  54μs 139ns;291;-1;             19ms 226μs 251ns;0.000000;inf;0.000000;inf;0;1;Passing;;;0;19978
18f42;16cfb;16b47;0;0;0000000000000080;        48s 133ms 910μs 787ns;291;-1;             19ms   3μs 230ns;0.000000;inf;0.000000;inf;0;1;Passing;;;0;19981
18f37;16cfb;16b47;0;0;0000000000000080;        48s 133ms 629μs  55ns;291;-1;             18ms 882μs 522ns;0.000000;inf;0.000000;inf;0;1;Passing;;;0;19983
18f32;16cfb;16b47;0;0;0000000000000080;        48s 133ms 500μs 373ns;291;-1;             18ms 994μs 951ns;0.000000;inf;0.000000;inf;0;1;Passing;;;0;19985
18f2f;16cfb;16b47;0;0;0000000000000080;        48s 133ms 490μs 556ns;291;-1;             19ms 936μs 842ns;0.000000;inf;0.000000;inf;0;1;Passing;;;0;19986
18f2b;16cfb;16b47;0;0;0000000000000080;        48s 133ms 384μs 578ns;291;-1;             18ms 947μs 732ns;0.000000;inf;0.000000;inf;0;1;Passing;;;0;19987
18f26;16cfb;16b47;0;0;0000000000000080;        48s 133ms 250μs 767ns;291;-1;             18ms 821μs 844ns;0.000000;inf;0.000000;inf;0;1;Passing;;;0;19989
18f1f;16cfb;16b47;0;0;0000000000000080;        48s 133ms 129μs 267ns;291;-1;             19ms 646μs 984ns;0.000000;inf;0.000000;inf;0;1;Passing;;;0;19992
18f1e;16cfb;16b47;0;0;0000000000000080;        48s 133ms 101μs 149ns;291;-1;             19ms 253μs 378ns;0.000000;inf;0.000000;inf;0;1;Passing;;;0;19993
18f15;16cfb;16b47;0;0;0000000000000080;        48s 132ms 754μs 659ns;291;-1;             19ms  76μs 930ns;0.000000;inf;0.000000;inf;0;1;Passing;;;0;19994
18f0a;16cfb;16b47;0;0;0000000000000080;        48s 132ms 487μs 122ns;291;-1;             18ms 302μs 847ns;0.000000;inf;0.000000;inf;0;1;Passing;;;0;19997
18f09;16cfb;16b47;0;0;0000000000000080;        48s 132ms 477μs 491ns;291;-1;             17ms 960μs 402ns;0.000000;inf;0.000000;inf;0;1;Passing;;;0;20000
18f04;16cfb;16b47;0;0;0000000000000080;        48s 132ms 328μs 257ns;291;-1;             18ms 426μs 974ns;0.000000;inf;0.000000;inf;0;1;Passing;;;0;20001
18edd;16cfb;16b47;0;0;0000000000000080;        48s 131ms 249μs  19ns;291;-1;             19ms 127μs 609ns;0.000000;inf;0.000000;inf;0;1;Passing;;;0;20003
18edb;16cfb;16b47;0;0;0000000000000080;        48s 131ms 241μs 854ns;291;-1;             19ms 465μs 178ns;0.000000;inf;0.000000;inf;0;1;Passing;;;0;20004
18ed7;16cfb;16b47;0;0;0000000000000080;        48s 131ms 110μs 470ns;291;-1;             19ms 691μs 542ns;0.000000;inf;0.000000;inf;0;1;Passing;;;0;20005
18ed5;16cfb;16b47;0;0;0000000000000080;        48s 131ms  95μs 753ns;291;-1;             18ms 978μs  94ns;0.000000;inf;0.000000;inf;0;1;Passing;;;0;20006
18ecf;16cfb;16b47;0;0;0000000000000080;        48s 130ms 949μs 710ns;291;-1;             18ms 352μs 380ns;0.000000;inf;0.000000;inf;0;1;Passing;;;0;20009
18eca;16cfb;16b47;0;0;0000000000000080;        48s 130ms 829μs  11ns;291;-1;             17ms 475μs 812ns;0.000000;inf;0.000000;inf;0;1;Passing;;;0;20010
18ec3;16cfb;16b47;0;0;0000000000000080;        48s 130ms 669μs 888ns;291;-1;             17ms 565μs 756ns;0.000000;inf;0.000000;inf;0;1;Passing;;;0;20012
18ebf;16cfb;16b47;0;0;0000000000000080;        48s 130ms 521μs 846ns;291;-1;             17ms 527μs 562ns;0.000000;inf;0.000000;inf;0;1;Passing;;;0;20015
18ebd;16cfb;16b47;0;0;0000000000000080;        48s 130ms 515μs 685ns;291;-1;             17ms 429μs 456ns;0.000000;inf;0.000000;inf;0;1;Passing;;;0;20019
18eb1;16cfb;16b47;0;0;0000000000000080;        48s 130ms 217μs 900ns;291;-1;             16ms 322μs 401ns;0.000000;inf;0.000000;inf;0;1;Passing;;;0;20024
18ea1;16cfb;16b47;0;0;0000000000000080;        48s 129ms 842μs 582ns;291;-1;             16ms 576μs 135ns;0.000000;inf;0.000000;inf;0;1;Passing;;;0;20025
18e99;16cfb;16b47;0;0;0000000000000080;        48s 129ms 665μs 284ns;291;-1;             16ms 292μs 322ns;0.000000;inf;0.000000;inf;0;1;Passing;;;0;20026
18e95;16cfb;16b47;0;0;0000000000000080;        48s 129ms 541μs 996ns;291;-1;             15ms 830μs 448ns;0.000000;inf;0.000000;inf;0;1;Passing;;;0;20027
18e90;16cfb;16b47;0;0;4000000000000080;        48s 129ms 424μs 215ns;291;-1;             13ms 110μs 368ns;0.000000;inf;0.000000;inf;0;1;Passing;;;0;20028
191e9;16cfb;16b47;0;0;0000000000000080;        48s 593ms 826μs 995ns;289;-1;             17ms 768μs 651ns;0.000000;inf;0.000000;inf;0;1;Passing;;;0;20035
191e4;16cfb;16b47;0;0;0000000000000080;        48s 593ms 583μs 761ns;289;-1;             18ms 553μs 649ns;0.000000;inf;0.000000;inf;0;1;Passing;;;0;20036
191e8;16cfb;16b47;0;0;0000000000000080;        48s 593ms 846μs 950ns;289;-1;             19ms 869μs 332ns;0.000000;inf;0.000000;inf;0;1;Passing;;;0;20037
19201;16cfb;16b47;0;0;0000000000000080;        48s 594ms 618μs 708ns;289;-1;             18ms 872μs 614ns;0.000000;inf;0.000000;inf;0;1;Passing;;;0;20039
191ff;16cfb;16b47;0;0;0000000000000080;        48s 594ms 564μs 546ns;289;-1;             18ms 971μs 827ns;0.000000;inf;0.000000;inf;0;1;Passing;;;0;20040
191f9;16cfb;16b47;0;0;0000000000000080;        48s 594ms 395μs 630ns;289;-1;             18ms 656μs 237ns;0.000000;inf;0.000000;inf;0;1;Passing;;;0;20042
191f5;16cfb;16b47;0;0;0000000000000080;        48s 594ms 233μs 587ns;289;-1;             18ms 837μs 617ns;0.000000;inf;0.000000;inf;0;1;Passing;;;0;20044
1920b;16cfb;16b47;0;0;0000000000000080;        48s 594ms 992μs 982ns;289;-1;             18ms 493μs 750ns;0.000000;inf;0.000000;inf;0;1;Passing;;;0;20045
19289;16cfb;16b47;0;0;0000000000000080;        48s 598ms 919μs 758ns;289;-1;             18ms 555μs 469ns;0.000000;inf;0.000000;inf;0;1;Passing;;;0;20047
192fb;16cfb;16b47;0;0;0000000000000080;        48s 603ms 531μs 141ns;289;-1;             18ms 257μs 153ns;0.000000;inf;0.000000;inf;0;1;Passing;;;0;20049
1938e;16cfb;16b47;0;0;0000000000000080;        48s 608ms 656μs 849ns;289;-1;             18ms 618μs 337ns;0.000000;inf;0.000000;inf;0;1;Passing;;;0;20051
19380;16cfb;16b47;0;0;0000000000000080;        48s 608ms  93μs 667ns;289;-1;             18ms 181μs 238ns;0.000000;inf;0.000000;inf;0;1;Passing;;;0;20055
1937c;16cfb;16b47;0;0;0000000000000080;        48s 607ms 832μs 850ns;289;-1;             18ms 505μs 662ns;0.000000;inf;0.000000;inf;0;1;Passing;;;0;20057
19379;16cfb;16b47;0;0;0000000000000080;        48s 607ms 793μs 528ns;289;-1;             20ms 907μs 631ns;0.000000;inf;0.000000;inf;0;1;Passing;;;0;20059
1936b;16cfb;16b47;0;0;0000000000000080;        48s 607ms 201μs 409ns;289;-1;             19ms 588μs 601ns;0.000000;inf;0.000000;inf;0;1;Passing;;;0;20065
1935b;16cfb;16b47;0;0;0000000000000080;        48s 606ms 603μs 721ns;289;-1;             18ms 996μs 644ns;0.000000;inf;0.000000;inf;0;1;Passing;;;0;20069
19356;16cfb;16b47;0;0;0000000000000080;        48s 606ms 408μs 595ns;289;-1;             19ms 399μs 704ns;0.000000;inf;0.000000;inf;0;1;Passing;;;0;20070
19350;16cfb;16b47;0;0;0000000000000080;        48s 606ms 193μs 400ns;289;-1;             18ms 927μs 136ns;0.000000;inf;0.000000;inf;0;1;Passing;;;0;20072
1934a;16cfb;16b47;0;0;0000000000000080;        48s 605ms 968μs 353ns;289;-1;             18ms 398μs 194ns;0.000000;inf;0.000000;inf;0;1;Passing;;;0;20075
1933c;16cfb;16b47;0;0;0000000000000080;        48s 605ms 438μs 793ns;289;-1;             18ms 705μs 717ns;0.000000;inf;0.000000;inf;0;1;Passing;;;0;20077
19335;16cfb;16b47;0;0;0000000000000080;        48s 605ms 201μs 547ns;289;-1;             19ms  21μs 611ns;0.000000;inf;0.000000;inf;0;1;Passing;;;0;20081
19328;16cfb;16b47;0;0;0000000000000080;        48s 604ms 875μs 956ns;289;-1;             19ms 464μs 151ns;0.000000;inf;0.000000;inf;0;1;Passing;;;0;20086
19320;16cfb;16b47;0;0;0000000000000080;        48s 604ms 648μs 961ns;289;-1;             18ms 998μs 229ns;0.000000;inf;0.000000;inf;0;1;Passing;;;0;20088
1930d;16cfb;16b47;0;0;0000000000000080;        48s 604ms 146μs 516ns;289;-1;             18ms 312μs 557ns;0.000000;inf;0.000000;inf;0;1;Passing;;;0;20094
19306;16cfb;16b47;0;0;0000000000000080;        48s 603ms 962μs  52ns;289;-1;             18ms 686μs 622ns;0.000000;inf;0.000000;inf;0;1;Passing;;;0;20095
19305;16cfb;16b47;0;0;0000000000000080;        48s 603ms 912μs 675ns;289;-1;             18ms 902μs 563ns;0.000000;inf;0.000000;inf;0;1;Passing;;;0;20096
192ff;16cfb;16b47;0;0;0000000000000080;        48s 603ms 731μs 649ns;289;-1;             19ms 481μs 800ns;0.000000;inf;0.000000;inf;0;1;Passing;;;0;20097
19300;16cfb;16b47;0;0;0000000000000080;        48s 603ms 726μs 448ns;289;-1;             19ms 433μs 473ns;0.000000;inf;0.000000;inf;0;1;Passing;;;0;20098
192f8;16cfb;16b47;0;0;0000000000000080;        48s 603ms 422μs 202ns;289;-1;             19ms 291μs 843ns;0.000000;inf;0.000000;inf;0;1;Passing;;;0;20099
192f4;16cfb;16b47;0;0;0000000000000080;        48s 603ms 330μs 615ns;289;-1;             19ms 312μs 530ns;0.000000;inf;0.000000;inf;0;1;Passing;;;0;20100
192f3;16cfb;16b47;0;0;0000000000000080;        48s 603ms 268μs 814ns;289;-1;             19ms 231μs 136ns;0.000000;inf;0.000000;inf;0;1;Passing;;;0;20101
192ee;16cfb;16b47;0;0;0000000000000080;        48s 603ms 114μs 839ns;289;-1;             19ms 369μs 636ns;0.000000;inf;0.000000;inf;0;1;Passing;;;0;20103
192ec;16cfb;16b47;0;0;0000000000000080;        48s 603ms 103μs 142ns;289;-1;             18ms 805μs 925ns;0.000000;inf;0.000000;inf;0;1;Passing;;;0;20104
192e3;16cfb;16b47;0;0;0000000000000080;        48s 602ms 528μs 361ns;289;-1;             19ms 942μs 747ns;0.000000;inf;0.000000;inf;0;1;Passing;;;0;20105
192df;16cfb;16b47;0;0;0000000000000080;        48s 602ms 415μs 781ns;289;-1;             19ms 959μs 644ns;0.000000;inf;0.000000;inf;0;1;Passing;;;0;20106
192de;16cfb;16b47;0;0;0000000000000080;        48s 602ms 377μs 263ns;289;-1;             18ms 483μs 312ns;0.000000;inf;0.000000;inf;0;1;Passing;;;0;20108
192da;16cfb;16b47;0;0;0000000000000080;        48s 602ms 171μs 823ns;289;-1;             18ms 165μs 991ns;0.000000;inf;0.000000;inf;0;1;Passing;;;0;20109
192d4;16cfb;16b47;0;0;0000000000000080;        48s 601ms 991μs 210ns;289;-1;             19ms 521μs 688ns;0.000000;inf;0.000000;inf;0;1;Passing;;;0;20111
192d1;16cfb;16b47;0;0;0000000000000080;        48s 601ms 938μs  90ns;289;-1;             19ms 334μs 728ns;0.000000;inf;0.000000;inf;0;1;Passing;;;0;20112
192ce;16cfb;16b47;0;0;0000000000000080;        48s 601ms 804μs 296ns;289;-1;             18ms 384μs 754ns;0.000000;inf;0.000000;inf;0;1;Passing;;;0;20113
192c8;16cfb;16b47;0;0;0000000000000080;        48s 601ms 608μs 380ns;289;-1;             18ms 582μs 408ns;0.000000;inf;0.000000;inf;0;1;Passing;;;0;20114
192bf;16cfb;16b47;0;0;0000000000000080;        48s 601ms 342μs 881ns;289;-1;             18ms 638μs 562ns;0.000000;inf;0.000000;inf;0;1;Passing;;;0;20118
192b9;16cfb;16b47;0;0;0000000000000080;        48s 601ms 130μs 595ns;289;-1;             17ms 282μs 758ns;0.000000;inf;0.000000;inf;0;1;Passing;;;0;20120
192b5;16cfb;16b47;0;0;0000000000000080;        48s 601ms  18μs 887ns;289;-1;             17ms 513μs  43ns;0.000000;inf;0.000000;inf;0;1;Passing;;;0;20121
192af;16cfb;16b47;0;0;0000000000000080;        48s 600ms 730μs 502ns;289;-1;             19ms 950μs 522ns;0.000000;inf;0.000000;inf;0;1;Passing;;;0;20124
192aa;16cfb;16b47;0;0;0000000000000080;        48s 600ms 518μs 918ns;289;-1;             17ms 506μs 115ns;0.000000;inf;0.000000;inf;0;1;Passing;;;0;20126
192a1;16cfb;16b47;0;0;0000000000000080;        48s 600ms 185μs 965ns;289;-1;             18ms  47μs  76ns;0.000000;inf;0.000000;inf;0;1;Passing;;;0;20128
19299;16cfb;16b47;0;0;0000000000000080;        48s 599ms 908μs 318ns;289;-1;             18ms 781μs 691ns;0.000000;inf;0.000000;inf;0;1;Passing;;;0;20130
1929a;16cfb;16b47;0;0;0000000000000080;        48s 599ms 939μs 781ns;289;-1;             20ms  30μs 962ns;0.000000;inf;0.000000;inf;0;1;Passing;;;0;20131
19294;16cfb;16b47;0;0;0000000000000080;        48s 599ms 653μs  98ns;289;-1;             18ms 814μs  85ns;0.000000;inf;0.000000;inf;0;1;Passing;;;0;20132
1928f;16cfb;16b47;0;0;0000000000000080;        48s 599ms 362μs 796ns;289;-1;             18ms 352μs 555ns;0.000000;inf;0.000000;inf;0;1;Passing;;;0;20135
19286;16cfb;16b47;0;0;0000000000000080;        48s 598ms 851μs  94ns;289;-1;             18ms 285μs 141ns;0.000000;inf;0.000000;inf;0;1;Passing;;;0;20137
1927d;16cfb;16b47;0;0;0000000000000080;        48s 598ms 695μs  26ns;289;-1;             18ms 457μs 259ns;0.000000;inf;0.000000;inf;0;1;Passing;;;0;20139
19273;16cfb;16b47;0;0;0000000000000080;        48s 598ms 391μs 766ns;289;-1;             18ms 826μs 557ns;0.000000;inf;0.000000;inf;0;1;Passing;;;0;20141
19271;16cfb;16b47;0;0;0000000000000080;        48s 598ms 357μs 896ns;289;-1;             18ms 236μs 260ns;0.000000;inf;0.000000;inf;0;1;Passing;;;0;20142
19267;16cfb;16b47;0;0;0000000000000080;        48s 598ms  33μs 397ns;289;-1;             18ms 851μs 203ns;0.000000;inf;0.000000;inf;0;1;Passing;;;0;20143
1926d;16cfb;16b47;0;0;0000000000000080;        48s 598ms 202μs 270ns;289;-1;             20ms 414μs 923ns;0.000000;inf;0.000000;inf;0;1;Passing;;;0;20144
19265;16cfb;16b47;0;0;0000000000000080;        48s 598ms  14μs 345ns;289;-1;             18ms 571μs 191ns;0.000000;inf;0.000000;inf;0;1;Passing;;;0;20146
19262;16cfb;16b47;0;0;0000000000000080;        48s 597ms 880μs 728ns;289;-1;             18ms 108μs 843ns;0.000000;inf;0.000000;inf;0;1;Passing;;;0;20148
1925f;16cfb;16b47;0;0;0000000000000080;        48s 597ms 843μs 655ns;289;-1;             17ms 553μs 398ns;0.000000;inf;0.000000;inf;0;1;Passing;;;0;20152
19244;16cfb;16b47;0;0;0000000000000080;        48s 597ms  15μs 835ns;289;-1;             19ms 197μs 260ns;0.000000;inf;0.000000;inf;0;1;Passing;;;0;20156
19247;16cfb;16b47;0;0;0000000000000080;        48s 597ms  58μs 969ns;289;-1;             19ms 766μs 528ns;0.000000;inf;0.000000;inf;0;1;Passing;;;0;20157
19241;16cfb;16b47;0;0;0000000000000080;        48s 596ms 868μs  46ns;289;-1;             19ms 402μs 168ns;0.000000;inf;0.000000;inf;0;1;Passing;;;0;20158
1923d;16cfb;16b47;0;0;0000000000000080;        48s 596ms 790μs 587ns;289;-1;             18ms 854μs 704ns;0.000000;inf;0.000000;inf;0;1;Passing;;;0;20159
19238;16cfb;16b47;0;0;0000000000000080;        48s 596ms 570μs 531ns;289;-1;             18ms 166μs 701ns;0.000000;inf;0.000000;inf;0;1;Passing;;;0;20161
19232;16cfb;16b47;0;0;0000000000000080;        48s 596ms 293μs 823ns;289;-1;             18ms 983μs 333ns;0.000000;inf;0.000000;inf;0;1;Passing;;;0;20164
19229;16cfb;16b47;0;0;0000000000000080;        48s 596ms  70μs 471ns;289;-1;             18ms 875μs  78ns;0.000000;inf;0.000000;inf;0;1;Passing;;;0;20165
1922b;16cfb;16b47;0;0;0000000000000080;        48s 596ms  42μs 441ns;289;-1;             19ms 128μs 707ns;0.000000;inf;0.000000;inf;0;1;Passing;;;0;20167
19226;16cfb;16b47;0;0;0000000000000080;        48s 595ms 888μs 909ns;289;-1;             18ms 433μs 807ns;0.000000;inf;0.000000;inf;0;1;Passing;;;0;20169
1921a;16cfb;16b47;0;0;0000000000000080;        48s 595ms 535μs 173ns;289;-1;             10ms 939μs 771ns;0.000000;inf;0.000000;inf;0;1;Passing;;;0;20172
191f4;16cfb;16b47;0;0;4000000000000080;        48s 594ms 215μs 742ns;289;-1;              8ms 809μs 443ns;0.000000;inf;0.000000;inf;0;1;Passing;;;0;20173
1954a;16cfb;16b47;0;0;0000000000000080;        49s  46ms 224μs 614ns;287;-1;             14ms 684μs 565ns;0.000000;inf;0.000000;inf;0;1;Passing;;;0;20178
1954d;16cfb;16b47;0;0;0000000000000080;        49s  46ms 392μs   7ns;287;-1;             14ms 550μs 315ns;0.000000;inf;0.000000;inf;0;1;Passing;;;0;20179
19547;16cfb;16b47;0;0;0000000000000080;        49s  46ms 243μs 114ns;287;-1;             17ms 364μs 409ns;0.000000;inf;0.000000;inf;0;1;Passing;;;0;20181
19558;16cfb;16b47;0;0;0000000000000080;        49s  46ms 636μs 889ns;287;-1;             16ms 454μs 638ns;0.000000;inf;0.000000;inf;0;1;Passing;;;0;20184
195a7;16cfb;16b47;0;0;0000000000000080;        49s  49ms 274μs 636ns;287;-1;             18ms 129μs 256ns;0.000000;inf;0.000000;inf;0;1;Passing;;;0;20187
195a9;16cfb;16b47;0;0;0000000000000080;        49s  49ms 127μs  70ns;287;-1;             18ms 499μs  76ns;0.000000;inf;0.000000;inf;0;1;Passing;;;0;20188
195a4;16cfb;16b47;0;0;0000000000000080;        49s  48ms 973μs 242ns;287;-1;             18ms 538μs 145ns;0.000000;inf;0.000000;inf;0;1;Passing;;;0;20189
195d3;16cfb;16b47;0;0;0000000000000080;        49s  50ms 852μs 790ns;287;-1;             18ms 315μs 478ns;0.000000;inf;0.000000;inf;0;1;Passing;;;0;20190
19638;16cfb;16b47;0;0;0000000000000080;        49s  53ms 657μs 393ns;287;-1;             18ms 112μs 358ns;0.000000;inf;0.000000;inf;0;1;Passing;;;0;20191
196ef;16cfb;16b47;0;0;0000000000000080;        49s  62ms 183μs 792ns;287;-1;             19ms 414μs 635ns;0.000000;inf;0.000000;inf;0;1;Passing;;;0;20195
196dd;16cfb;16b47;0;0;0000000000000080;        49s  61ms 258μs  92ns;287;-1;             19ms 355μs 897ns;0.000000;inf;0.000000;inf;0;1;Passing;;;0;20199
196de;16cfb;16b47;0;0;0000000000000080;        49s  61ms 230μs 655ns;287;-1;             19ms 442μs 601ns;0.000000;inf;0.000000;inf;0;1;Passing;;;0;20200
196d9;16cfb;16b47;0;0;0000000000000080;        49s  60ms 975μs 650ns;287;-1;             19ms 183μs 765ns;0.000000;inf;0.000000;inf;0;1;Passing;;;0;20201
196ce;16cfb;16b47;0;0;0000000000000080;        49s  60ms 456μs 297ns;287;-1;             19ms 241μs   0ns;0.000000;inf;0.000000;inf;0;1;Passing;;;0;20205
196bc;16cfb;16b47;0;0;0000000000000080;        49s  59ms 529μs 748ns;287;-1;             18ms 436μs 731ns;0.000000;inf;0.000000;inf;0;1;Passing;;;0;20210
196b6;16cfb;16b47;0;0;0000000000000080;        49s  59ms 344μs 381ns;287;-1;             18ms 298μs 712ns;0.000000;inf;0.000000;inf;0;1;Passing;;;0;20211
196af;16cfb;16b47;0;0;0000000000000080;        49s  58ms 996μs 430ns;287;-1;             19ms 183μs 175ns;0.000000;inf;0.000000;inf;0;1;Passing;;;0;20214
196a9;16cfb;16b47;0;0;0000000000000080;        49s  58ms 670μs 157ns;287;-1;             18ms 598μs 646ns;0.000000;inf;0.000000;inf;0;1;Passing;;;0;20216
1969b;16cfb;16b47;0;0;0000000000000080;        49s  58ms  10μs 296ns;287;-1;             18ms 285μs 722ns;0.000000;inf;0.000000;inf;0;1;Passing;;;0;20221
19694;16cfb;16b47;0;0;0000000000000080;        49s  57ms 698μs 467ns;287;-1;             18ms 268μs 778ns;0.000000;inf;0.000000;inf;0;1;Passing;;;0;20224
19687;16cfb;16b47;0;0;0000000000000080;        49s  57ms  58μs 369ns;287;-1;             19ms 387μs 269ns;0.000000;inf;0.000000;inf;0;1;Passing;;;0;20228
19680;16cfb;16b47;0;0;0000000000000080;        49s  56ms 740μs 716ns;287;-1;             18ms 586μs 228ns;0.000000;inf;0.000000;inf;0;1;Passing;;;0;20230
1966d;16cfb;16b47;0;0;0000000000000080;        49s  55ms 860μs 357ns;287;-1;             18ms 908μs 997ns;0.000000;inf;0.000000;inf;0;1;Passing;;;0;20236
19667;16cfb;16b47;0;0;0000000000000080;        49s  55ms 625μs 260ns;287;-1;             18ms 476μs 185ns;0.000000;inf;0.000000;inf;0;1;Passing;;;0;20238
19663;16cfb;16b47;0;0;0000000000000080;        49s  55ms 437μs 867ns;287;-1;             18ms 844μs  51ns;0.000000;inf;0.000000;inf;0;1;Passing;;;0;20239
19662;16cfb;16b47;0;0;0000000000000080;        49s  55ms 393μs 318ns;287;-1;             18ms 725μs 630ns;0.000000;inf;0.000000;inf;0;1;Passing;;;0;20240
1965d;16cfb;16b47;0;0;0000000000000080;        49s  55ms 178μs 188ns;287;-1;             19ms 116μs 892ns;0.000000;inf;0.000000;inf;0;1;Passing;;;0;20241
1965c;16cfb;16b47;0;0;0000000000000080;        49s  55ms 142μs 882ns;287;-1;             19ms  87μs 633ns;0.000000;inf;0.000000;inf;0;1;Passing;;;0;20242
19657;16cfb;16b47;0;0;0000000000000080;        49s  54ms 932μs 193ns;287;-1;             19ms 265μs 281ns;0.000000;inf;0.000000;inf;0;1;Passing;;;0;20243
19656;16cfb;16b47;0;0;0000000000000080;        49s  54ms 917μs 181ns;287;-1;             19ms 100μs  92ns;0.000000;inf;0.000000;inf;0;1;Passing;;;0;20244
19651;16cfb;16b47;0;0;0000000000000080;        49s  54ms 666μs  41ns;287;-1;             18ms 681μs 144ns;0.000000;inf;0.000000;inf;0;1;Passing;;;0;20245
19650;16cfb;16b47;0;0;0000000000000080;        49s  54ms 660μs 511ns;287;-1;             18ms   8μs 639ns;0.000000;inf;0.000000;inf;0;1;Passing;;;0;20247
19645;16cfb;16b47;0;0;0000000000000080;        49s  54ms 161μs  19ns;287;-1;             19ms 582μs  48ns;0.000000;inf;0.000000;inf;0;1;Passing;;;0;20249
19644;16cfb;16b47;0;0;0000000000000080;        49s  54ms 156μs 732ns;287;-1;             18ms 760μs 512ns;0.000000;inf;0.000000;inf;0;1;Passing;;;0;20250
1963e;16cfb;16b47;0;0;0000000000000080;        49s  53ms 923μs 455ns;287;-1;             18ms 545μs 401ns;0.000000;inf;0.000000;inf;0;1;Passing;;;0;20251
1963f;16cfb;16b47;0;0;0000000000000080;        49s  53ms 917μs 799ns;287;-1;             18ms 419μs 962ns;0.000000;inf;0.000000;inf;0;1;Passing;;;0;20253
19631;16cfb;16b47;0;0;0000000000000080;        49s  53ms 418μs 726ns;287;-1;             18ms 860μs 889ns;0.000000;inf;0.000000;inf;0;1;Passing;;;0;20256
19634;16cfb;16b47;0;0;0000000000000080;        49s  53ms 383μs 159ns;287;-1;             19ms 238μs 931ns;0.000000;inf;0.000000;inf;0;1;Passing;;;0;20257
1962a;16cfb;16b47;0;0;0000000000000080;        49s  53ms 210μs 714ns;287;-1;             18ms 576μs 117ns;0.000000;inf;0.000000;inf;0;1;Passing;;;0;20258
19622;16cfb;16b47;0;0;0000000000000080;        49s  53ms  50μs 145ns;287;-1;             17ms 575μs 279ns;0.000000;inf;0.000000;inf;0;1;Passing;;;0;20261
1961c;16cfb;16b47;0;0;0000000000000080;        49s  52ms 915μs 504ns;287;-1;             18ms 505μs 105ns;0.000000;inf;0.000000;inf;0;1;Passing;;;0;20263
19613;16cfb;16b47;0;0;0000000000000080;        49s  52ms 762μs 173ns;287;-1;             17ms 757μs 811ns;0.000000;inf;0.000000;inf;0;1;Passing;;;0;20266
19616;16cfb;16b47;0;0;0000000000000080;        49s  52ms 730μs 946ns;287;-1;             18ms 494μs 745ns;0.000000;inf;0.000000;inf;0;1;Passing;;;0;20267
1960d;16cfb;16b47;0;0;0000000000000080;        49s  52ms 511μs 421ns;287;-1;             18ms  80μs 488ns;0.000000;inf;0.000000;inf;0;1;Passing;;;0;20269
19604;16cfb;16b47;0;0;0000000000000080;        49s  52ms 276μs  51ns;287;-1;             18ms 486μs 767ns;0.000000;inf;0.000000;inf;0;1;Passing;;;0;20271
195fe;16cfb;16b47;0;0;0000000000000080;        49s  52ms 252μs 662ns;287;-1;             18ms 709μs 160ns;0.000000;inf;0.000000;inf;0;1;Passing;;;0;20272
195fb;16cfb;16b47;0;0;0000000000000080;        49s  52ms  56μs 617ns;287;-1;             18ms 613μs 700ns;0.000000;inf;0.000000;inf;0;1;Passing;;;0;20273
195f2;16cfb;16b47;0;0;0000000000000080;        49s  51ms 991μs 448ns;287;-1;             18ms  19μs 205ns;0.000000;inf;0.000000;inf;0;1;Passing;;;0;20276
195f8;16cfb;16b47;0;0;0000000000000080;        49s  51ms 943μs 725ns;287;-1;             18ms 386μs 313ns;0.000000;inf;0.000000;inf;0;1;Passing;;;0;20277
195ec;16cfb;16b47;0;0;0000000000000080;        49s  51ms 595μs 662ns;287;-1;             17ms 832μs 858ns;0.000000;inf;0.000000;inf;0;1;Passing;;;0;20281
195e8;16cfb;16b47;0;0;0000000000000080;        49s  51ms 387μs 958ns;287;-1;             17ms 982μs 923ns;0.000000;inf;0.000000;inf;0;1;Passing;;;0;20283
195e0;16cfb;16b47;0;0;0000000000000080;        49s  51ms 118μs 964ns;287;-1;             18ms 757μs   2ns;0.000000;inf;0.000000;inf;0;1;Passing;;;0;20284
195d7;16cfb;16b47;0;0;0000000000000080;        49s  50ms 649μs 484ns;287;-1;             18ms 513μs 493ns;0.000000;inf;0.000000;inf;0;1;Passing;;;0;20286
195d2;16cfb;16b47;0;0;0000000000000080;        49s  50ms 533μs 578ns;287;-1;             18ms 569μs 101ns;0.000000;inf;0.000000;inf;0;1;Passing;;;0;20287
195c5;16cfb;16b47;0;0;0000000000000080;        49s  50ms 399μs 817ns;287;-1;             18ms 804μs 304ns;0.000000;inf;0.000000;inf;0;1;Passing;;;0;20288
195cb;16cfb;16b47;0;0;0000000000000080;        49s  50ms 284μs 357ns;287;-1;             19ms  85μs 816ns;0.000000;inf;0.000000;inf;0;1;Passing;;;0;20290
195c7;16cfb;16b47;0;0;0000000000000080;        49s  50ms 172μs  21ns;287;-1;             20ms 693μs 100ns;0.000000;inf;0.000000;inf;0;1;Passing;;;0;20291
195c2;16cfb;16b47;0;0;0000000000000080;        49s  50ms  31μs 907ns;287;-1;             19ms 124μs 249ns;0.000000;inf;0.000000;inf;0;1;Passing;;;0;20292
1959b;16cfb;16b47;0;0;0000000000000080;        49s  48ms 911μs 436ns;287;-1;             17ms 861μs  34ns;0.000000;inf;0.000000;inf;0;1;Passing;;;0;20295
195a1;16cfb;16b47;0;0;0000000000000080;        49s  48ms 841μs  15ns;287;-1;             17ms 743μs 445ns;0.000000;inf;0.000000;inf;0;1;Passing;;;0;20297
1958f;16cfb;16b47;0;0;0000000000000080;        49s  48ms 519μs 212ns;287;-1;             17ms 753μs 693ns;0.000000;inf;0.000000;inf;0;1;Passing;;;0;20299
19595;16cfb;16b47;0;0;0000000000000080;        49s  48ms 456μs   0ns;287;-1;             17ms 519μs 624ns;0.000000;inf;0.000000;inf;0;1;Passing;;;0;20300
1958c;16cfb;16b47;0;0;0000000000000080;        49s  48ms 157μs  15ns;287;-1;             16ms 803μs 155ns;0.000000;inf;0.000000;inf;0;1;Passing;;;0;20304
19589;16cfb;16b47;0;0;0000000000000080;        49s  48ms  34μs 701ns;287;-1;             17ms 177μs 887ns;0.000000;inf;0.000000;inf;0;1;Passing;;;0;20308
1957c;16cfb;16b47;0;0;0000000000000080;        49s  47ms 670μs 676ns;287;-1;             17ms 218μs 870ns;0.000000;inf;0.000000;inf;0;1;Passing;;;0;20312
1956e;16cfb;16b47;0;0;0000000000000080;        49s  47ms 279μs 289ns;287;-1;             17ms 133μs 257ns;0.000000;inf;0.000000;inf;0;1;Passing;;;0;20313
19565;16cfb;16b47;0;0;0000000000000080;        49s  47ms  44μs 925ns;287;-1;             17ms 453μs  34ns;0.000000;inf;0.000000;inf;0;1;Passing;;;0;20314
19562;16cfb;16b47;0;0;0000000000000080;        49s  46ms 925μs 263ns;287;-1;             16ms 772μs  88ns;0.000000;inf;0.000000;inf;0;1;Passing;;;0;20315
1955c;16cfb;16b47;0;0;0000000000000080;        49s  46ms 772μs 879ns;287;-1;             16ms 650μs 275ns;0.000000;inf;0.000000;inf;0;1;Passing;;;0;20316
19556;16cfb;16b47;0;0;4000000000000080;        49s  46ms 721μs 350ns;287;-1;             13ms 433μs 330ns;0.000000;inf;0.000000;inf;0;1;Passing;;;0;20317
198a9;16cfb;16b47;0;0;0000000000000080;        49s 492ms 625μs 102ns;285;-1;             18ms 132μs 111ns;0.000000;inf;0.000000;inf;0;1;Passing;;;0;20322
198a3;16cfb;16b47;0;0;0000000000000080;        49s 492ms 330μs 842ns;285;-1;             19ms 540μs  18ns;0.000000;inf;0.000000;inf;0;1;Passing;;;0;20323
198a8;16cfb;16b47;0;0;0000000000000080;        49s 492ms 617μs  76ns;285;-1;             19ms 581μs 911ns;0.000000;inf;0.000000;inf;0;1;Passing;;;0;20324
198ec;16cfb;16b47;0;0;0000000000000080;        49s 495ms 155μs 275ns;285;-1;             18ms 842μs 573ns;0.000000;inf;0.000000;inf;0;1;Passing;;;0;20327
198e9;16cfb;16b47;0;0;0000000000000080;        49s 495ms  87μs  40ns;285;-1;             17ms 959μs 973ns;0.000000;inf;0.000000;inf;0;1;Passing;;;0;20328
198e6;16cfb;16b47;0;0;0000000000000080;        49s 494ms 924μs 950ns;285;-1;             17ms 128μs 119ns;0.000000;inf;0.000000;inf;0;1;Passing;;;0;20332
198f2;16cfb;16b47;0;0;0000000000000080;        49s 495ms 392μs 892ns;285;-1;             17ms 541μs 416ns;0.000000;inf;0.000000;inf;0;1;Passing;;;0;20333
198d9;16cfb;16b47;0;0;0000000000000080;        49s 494ms 435μs  80ns;285;-1;             18ms 187μs 142ns;0.000000;inf;0.000000;inf;0;1;Passing;;;0;20334
19934;16cfb;16b47;0;0;0000000000000080;        49s 498ms 240μs 546ns;285;-1;             18ms  39μs 563ns;0.000000;inf;0.000000;inf;0;1;Passing;;;0;20335
199b1;16cfb;16b47;0;0;0000000000000080;        49s 503ms 365μs 278ns;285;-1;             17ms 584μs  32ns;0.000000;inf;0.000000;inf;0;1;Passing;;;0;20336
19a49;16cfb;16b47;0;0;0000000000000080;        49s 510ms 634μs 958ns;285;-1;             19ms 555μs 757ns;0.000000;inf;0.000000;inf;0;1;Passing;;;0;20339
19a35;16cfb;16b47;0;0;0000000000000080;        49s 509ms 651μs 956ns;285;-1;             19ms 137μs 340ns;0.000000;inf;0.000000;inf;0;1;Passing;;;0;20343
19a39;16cfb;16b47;0;0;0000000000000080;        49s 509ms 827μs 559ns;285;-1;             19ms 437μs 657ns;0.000000;inf;0.000000;inf;0;1;Passing;;;0;20344
19a34;16cfb;16b47;0;0;0000000000000080;        49s 509ms 568μs 324ns;285;-1;             18ms 124μs 490ns;0.000000;inf;0.000000;inf;0;1;Passing;;;0;20345
19a27;16cfb;16b47;0;0;0000000000000080;        49s 508ms 962μs 854ns;285;-1;             18ms 708μs 114ns;0.000000;inf;0.000000;inf;0;1;Passing;;;0;20349
19a14;16cfb;16b47;0;0;0000000000000080;        49s 507ms 928μs 491ns;285;-1;             19ms  45μs 260ns;0.000000;inf;0.000000;inf;0;1;Passing;;;0;20356
19a0f;16cfb;16b47;0;0;0000000000000080;        49s 507ms 682μs 129ns;285;-1;             19ms 726μs 278ns;0.000000;inf;0.000000;inf;0;1;Passing;;;0;20357
19a05;16cfb;16b47;0;0;0000000000000080;        49s 507ms 292μs 538ns;285;-1;             18ms  96μs 391ns;0.000000;inf;0.000000;inf;0;1;Passing;;;0;20360
199f7;16cfb;16b47;0;0;0000000000000080;        49s 506ms 655μs 449ns;285;-1;             18ms 278μs 387ns;0.000000;inf;0.000000;inf;0;1;Passing;;;0;20366
199f1;16cfb;16b47;0;0;0000000000000080;        49s 506ms 340μs 564ns;285;-1;             18ms 815μs  92ns;0.000000;inf;0.000000;inf;0;1;Passing;;;0;20367
199e5;16cfb;16b47;0;0;0000000000000080;        49s 505ms 677μs 270ns;285;-1;             19ms 135μs 818ns;0.000000;inf;0.000000;inf;0;1;Passing;;;0;20371
199dc;16cfb;16b47;0;0;0000000000000080;        49s 505ms 360μs  75ns;285;-1;             18ms 922μs 132ns;0.000000;inf;0.000000;inf;0;1;Passing;;;0;20374
199ca;16cfb;16b47;0;0;0000000000000080;        49s 504ms 498μs 521ns;285;-1;             18ms 220μs 358ns;0.000000;inf;0.000000;inf;0;1;Passing;;;0;20380
199c4;16cfb;16b47;0;0;0000000000000080;        49s 504ms 234μs 238ns;285;-1;             18ms 491μs 282ns;0.000000;inf;0.000000;inf;0;1;Passing;;;0;20382
199c1;16cfb;16b47;0;0;0000000000000080;        49s 504ms  97μs 323ns;285;-1;             18ms 658μs  73ns;0.000000;inf;0.000000;inf;0;1;Passing;;;0;20383
199be;16cfb;16b47;0;0;0000000000000080;        49s 503ms 983μs  83ns;285;-1;             18ms 766μs 671ns;0.000000;inf;0.000000;inf;0;1;Passing;;;0;20384
199bb;16cfb;16b47;0;0;0000000000000080;        49s 503ms 849μs  35ns;285;-1;             18ms 112μs 773ns;0.000000;inf;0.000000;inf;0;1;Passing;;;0;20385
199b8;16cfb;16b47;0;0;0000000000000080;        49s 503ms 726μs 614ns;285;-1;             18ms 105μs 610ns;0.000000;inf;0.000000;inf;0;1;Passing;;;0;20386
199b6;16cfb;16b47;0;0;0000000000000080;        49s 503ms 595μs 745ns;285;-1;             17ms 978μs 137ns;0.000000;inf;0.000000;inf;0;1;Passing;;;0;20387
199b0;16cfb;16b47;0;0;0000000000000080;        49s 503ms 359μs 463ns;285;-1;             18ms 936μs 343ns;0.000000;inf;0.000000;inf;0;1;Passing;;;0;20388
199ab;16cfb;16b47;0;0;0000000000000080;        49s 503ms 112μs 483ns;285;-1;             18ms 296μs 851ns;0.000000;inf;0.000000;inf;0;1;Passing;;;0;20390
199a3;16cfb;16b47;0;0;0000000000000080;        49s 502ms 852μs  49ns;285;-1;             19ms 240μs 333ns;0.000000;inf;0.000000;inf;0;1;Passing;;;0;20393
199a0;16cfb;16b47;0;0;0000000000000080;        49s 502ms 657μs 557ns;285;-1;             18ms 451μs   2ns;0.000000;inf;0.000000;inf;0;1;Passing;;;0;20394
1999d;16cfb;16b47;0;0;0000000000000080;        49s 502ms 597μs 514ns;285;-1;             18ms  12μs 548ns;0.000000;inf;0.000000;inf;0;1;Passing;;;0;20395
1999a;16cfb;16b47;0;0;0000000000000080;        49s 502ms 414μs 980ns;285;-1;             18ms 198μs 437ns;0.000000;inf;0.000000;inf;0;1;Passing;;;0;20396
19994;16cfb;16b47;0;0;0000000000000080;        49s 502ms 154μs 554ns;285;-1;             19ms 184μs 216ns;0.000000;inf;0.000000;inf;0;1;Passing;;;0;20398
19991;16cfb;16b47;0;0;0000000000000080;        49s 502ms  88μs 836ns;285;-1;             18ms 900μs 347ns;0.000000;inf;0.000000;inf;0;1;Passing;;;0;20399
1998e;16cfb;16b47;0;0;0000000000000080;        49s 501ms 919μs 576ns;285;-1;             18ms 869μs 376ns;0.000000;inf;0.000000;inf;0;1;Passing;;;0;20400
19988;16cfb;16b47;0;0;0000000000000080;        49s 501ms 666μs 731ns;285;-1;             18ms 822μs 489ns;0.000000;inf;0.000000;inf;0;1;Passing;;;0;20401
1997f;16cfb;16b47;0;0;0000000000000080;        49s 501ms 379μs   4ns;285;-1;             18ms  99μs  85ns;0.000000;inf;0.000000;inf;0;1;Passing;;;0;20406
19979;16cfb;16b47;0;0;0000000000000080;        49s 501ms 130μs 659ns;285;-1;             18ms 125μs 767ns;0.000000;inf;0.000000;inf;0;1;Passing;;;0;20407
1996f;16cfb;16b47;0;0;0000000000000080;        49s 500ms 698μs 657ns;285;-1;             18ms 444μs 771ns;0.000000;inf;0.000000;inf;0;1;Passing;;;0;20409
19973;16cfb;16b47;0;0;0000000000000080;        49s 500ms 896μs 460ns;285;-1;             20ms 465μs 182ns;0.000000;inf;0.000000;inf;0;1;Passing;;;0;20410
19969;16cfb;16b47;0;0;0000000000000080;        49s 500ms 440μs 815ns;285;-1;             18ms 317μs  34ns;0.000000;inf;0.000000;inf;0;1;Passing;;;0;20412
19962;16cfb;16b47;0;0;0000000000000080;        49s 500ms 196μs 497ns;285;-1;             18ms 440μs 965ns;0.000000;inf;0.000000;inf;0;1;Passing;;;0;20415
1995c;16cfb;16b47;0;0;0000000000000080;        49s 499ms 956μs 782ns;285;-1;             18ms 603μs 333ns;0.000000;inf;0.000000;inf;0;1;Passing;;;0;20416
19957;16cfb;16b47;0;0;0000000000000080;        49s 499ms 712μs 560ns;285;-1;             18ms 701μs 937ns;0.000000;inf;0.000000;inf;0;1;Passing;;;0;20418
19956;16cfb;16b47;0;0;0000000000000080;        49s 499ms 712μs 669ns;285;-1;             18ms 668μs 255ns;0.000000;inf;0.000000;inf;0;1;Passing;;;0;20420
1994f;16cfb;16b47;0;0;0000000000000080;        49s 499ms 475μs 528ns;285;-1;             19ms 196μs  62ns;0.000000;inf;0.000000;inf;0;1;Passing;;;0;20421
19949;16cfb;16b47;0;0;0000000000000080;        49s 499ms 228μs 419ns;285;-1;             18ms 436μs 457ns;0.000000;inf;0.000000;inf;0;1;Passing;;;0;20424
19945;16cfb;16b47;0;0;0000000000000080;        49s 499ms  33μs 715ns;285;-1;             18ms 414μs 717ns;0.000000;inf;0.000000;inf;0;1;Passing;;;0;20426
1993e;16cfb;16b47;0;0;0000000000000080;        49s 498ms 783μs 716ns;285;-1;             17ms 634μs 799ns;0.000000;inf;0.000000;inf;0;1;Passing;;;0;20429
19931;16cfb;16b47;0;0;0000000000000080;        49s 498ms 150μs 492ns;285;-1;             18ms 190μs 808ns;0.000000;inf;0.000000;inf;0;1;Passing;;;0;20430
1992e;16cfb;16b47;0;0;0000000000000080;        49s 497ms 986μs 318ns;285;-1;             18ms 687μs 178ns;0.000000;inf;0.000000;inf;0;1;Passing;;;0;20431
19927;16cfb;16b47;0;0;0000000000000080;        49s 497ms 715μs 839ns;285;-1;             18ms 818μs 157ns;0.000000;inf;0.000000;inf;0;1;Passing;;;0;20432
19925;16cfb;16b47;0;0;0000000000000080;        49s 497ms 657μs 895ns;285;-1;             18ms 929μs 679ns;0.000000;inf;0.000000;inf;0;1;Passing;;;0;20435
19921;16cfb;16b47;0;0;0000000000000080;        49s 497ms 459μs 342ns;285;-1;             18ms 567μs 995ns;0.000000;inf;0.000000;inf;0;1;Passing;;;0;20436
1991f;16cfb;16b47;0;0;0000000000000080;        49s 497ms 406μs 472ns;285;-1;             17ms 739μs  12ns;0.000000;inf;0.000000;inf;0;1;Passing;;;0;20438
19908;16cfb;16b47;0;0;0000000000000080;        49s 496ms 424μs 344ns;285;-1;             18ms 353μs 645ns;0.000000;inf;0.000000;inf;0;1;Passing;;;0;20443
19904;16cfb;16b47;0;0;0000000000000080;        49s 496ms 163μs 181ns;285;-1;             18ms 917μs 803ns;0.000000;inf;0.000000;inf;0;1;Passing;;;0;20444
19901;16cfb;16b47;0;0;0000000000000080;        49s 496ms  51μs 753ns;285;-1;             19ms 281μs 133ns;0.000000;inf;0.000000;inf;0;1;Passing;;;0;20445
198fe;16cfb;16b47;0;0;0000000000000080;        49s 495ms 923μs 216ns;285;-1;             19ms 155μs 329ns;0.000000;inf;0.000000;inf;0;1;Passing;;;0;20446
198f8;16cfb;16b47;0;0;0000000000000080;        49s 495ms 670μs 449ns;285;-1;             17ms 670μs 396ns;0.000000;inf;0.000000;inf;0;1;Passing;;;0;20450
198cb;16cfb;16b47;0;0;0000000000000080;        49s 493ms 958μs 854ns;285;-1;             16ms  60μs 426ns;0.000000;inf;0.000000;inf;0;1;Passing;;;0;20455
198c1;16cfb;16b47;0;0;0000000000000080;        49s 493ms 541μs 457ns;285;-1;             17ms 465μs 734ns;0.000000;inf;0.000000;inf;0;1;Passing;;;0;20456
198bf;16cfb;16b47;0;0;0000000000000080;        49s 493ms 517μs 475ns;285;-1;             18ms 361μs 295ns;0.000000;inf;0.000000;inf;0;1;Passing;;;0;20457
198b9;16cfb;16b47;0;0;0000000000000080;        49s 493ms 274μs  74ns;285;-1;             17ms 399μs 702ns;0.000000;inf;0.000000;inf;0;1;Passing;;;0;20458
198b5;16cfb;16b47;0;0;0000000000000080;        49s 493ms 112μs 806ns;285;-1;             16ms  92μs  23ns;0.000000;inf;0.000000;inf;0;1;Passing;;;0;20459
198b3;16cfb;16b47;0;0;4000000000000080;        49s 493ms  65μs 411ns;285;-1;             11ms 921μs 303ns;0.000000;inf;0.000000;inf;0;1;Passing;;;0;20460
19c00;16cfb;16b47;0;0;0000000000000080;        49s 934ms 734μs 488ns;283;-1;             16ms 174μs  71ns;0.000000;inf;0.000000;inf;0;1;Passing;;;0;20464
19bfe;16cfb;16b47;0;0;0000000000000080;        49s 934ms 730μs 275ns;283;-1;             15ms 462μs 336ns;0.000000;inf;0.000000;inf;0;1;Passing;;;0;20465
19c0c;16cfb;16b47;0;0;0000000000000080;        49s 935ms  36μs 860ns;283;-1;             16ms 988μs 673ns;0.000000;inf;0.000000;inf;0;1;Passing;;;0;20466
19bfb;16cfb;16b47;0;0;0000000000000080;        49s 934ms 583μs 782ns;283;-1;             18ms 996μs 669ns;0.000000;inf;0.000000;inf;0;1;Passing;;;0;20467
19c0b;16cfb;16b47;0;0;0000000000000080;        49s 935ms  36μs 136ns;283;-1;             17ms 622μs 934ns;0.000000;inf;0.000000;inf;0;1;Passing;;;0;20468
19c76;16cfb;16b47;0;0;0000000000000080;        49s 937ms 772μs 185ns;283;-1;             16ms 195μs 494ns;0.000000;inf;0.000000;inf;0;1;Passing;;;0;20474
19c5b;16cfb;16b47;0;0;0000000000000080;        49s 937ms 107μs 849ns;283;-1;             19ms 348μs 166ns;0.000000;inf;0.000000;inf;0;1;Passing;;;0;20477
19cb5;16cfb;16b47;0;0;0000000000000080;        49s 939ms 719μs 482ns;283;-1;             19ms  31μs 636ns;0.000000;inf;0.000000;inf;0;1;Passing;;;0;20478
19d9c;16cfb;16b47;0;0;0000000000000080;        49s 945ms 980μs 545ns;283;-1;             18ms 750μs 425ns;0.000000;inf;0.000000;inf;0;1;Passing;;;0;20480
19d8e;16cfb;16b47;0;0;0000000000000080;        49s 945ms 511μs 388ns;283;-1;             18ms 848μs  47ns;0.000000;inf;0.000000;inf;0;1;Passing;;;0;20485
19d89;16cfb;16b47;0;0;0000000000000080;        49s 945ms 347μs 214ns;283;-1;             19ms 498μs 499ns;0.000000;inf;0.000000;inf;0;1;Passing;;;0;20486
19d88;16cfb;16b47;0;0;0000000000000080;        49s 945ms 321μs  56ns;283;-1;             18ms 277μs 371ns;0.000000;inf;0.000000;inf;0;1;Passing;;;0;20487
19d7b;16cfb;16b47;0;0;0000000000000080;        49s 944ms 941μs 858ns;283;-1;             18ms 562μs 869ns;0.000000;inf;0.000000;inf;0;1;Passing;;;0;20491
19d68;16cfb;16b47;0;0;0000000000000080;        49s 944ms 391μs 423ns;283;-1;             18ms 515μs 710ns;0.000000;inf;0.000000;inf;0;1;Passing;;;0;20498
19d62;16cfb;16b47;0;0;0000000000000080;        49s 944ms 184μs 815ns;283;-1;             19ms 732μs 495ns;0.000000;inf;0.000000;inf;0;1;Passing;;;0;20501
19d5c;16cfb;16b47;0;0;0000000000000080;        49s 943ms 962μs 517ns;283;-1;             18ms 939μs 561ns;0.000000;inf;0.000000;inf;0;1;Passing;;;0;20503
19d4a;16cfb;16b47;0;0;0000000000000080;        49s 943ms 443μs  39ns;283;-1;             18ms 599μs 566ns;0.000000;inf;0.000000;inf;0;1;Passing;;;0;20508
19d44;16cfb;16b47;0;0;0000000000000080;        49s 943ms 235μs 871ns;283;-1;             18ms 465μs 893ns;0.000000;inf;0.000000;inf;0;1;Passing;;;0;20511
19d39;16cfb;16b47;0;0;0000000000000080;        49s 942ms 959μs 370ns;283;-1;             18ms 670μs 910ns;0.000000;inf;0.000000;inf;0;1;Passing;;;0;20515
19d30;16cfb;16b47;0;0;0000000000000080;        49s 942ms 769μs 499ns;283;-1;             18ms 429μs 802ns;0.000000;inf;0.000000;inf;0;1;Passing;;;0;20516
19d1d;16cfb;16b47;0;0;0000000000000080;        49s 942ms 330μs 255ns;283;-1;             18ms 500μs 257ns;0.000000;inf;0.000000;inf;0;1;Passing;;;0;20523
19d18;16cfb;16b47;0;0;0000000000000080;        49s 942ms 193μs 627ns;283;-1;             18ms 735μs 997ns;0.000000;inf;0.000000;inf;0;1;Passing;;;0;20524
19d15;16cfb;16b47;0;0;0000000000000080;        49s 942ms 144μs 580ns;283;-1;             18ms 875μs 318ns;0.000000;inf;0.000000;inf;0;1;Passing;;;0;20525
19d12;16cfb;16b47;0;0;0000000000000080;        49s 942ms  71μs 643ns;283;-1;             19ms 157μs  84ns;0.000000;inf;0.000000;inf;0;1;Passing;;;0;20526
19d0e;16cfb;16b47;0;0;0000000000000080;        49s 941ms 989μs 171ns;283;-1;             19ms 367μs  86ns;0.000000;inf;0.000000;inf;0;1;Passing;;;0;20527
19d0d;16cfb;16b47;0;0;0000000000000080;        49s 941ms 951μs 933ns;283;-1;             18ms 766μs 300ns;0.000000;inf;0.000000;inf;0;1;Passing;;;0;20528
19d08;16cfb;16b47;0;0;0000000000000080;        49s 941ms 835μs 814ns;283;-1;             18ms 823μs 291ns;0.000000;inf;0.000000;inf;0;1;Passing;;;0;20529
19d06;16cfb;16b47;0;0;0000000000000080;        49s 941ms 827μs 522ns;283;-1;             18ms 526μs 380ns;0.000000;inf;0.000000;inf;0;1;Passing;;;0;20530
19d03;16cfb;16b47;0;0;0000000000000080;        49s 941ms 713μs 318ns;283;-1;             18ms 760μs  60ns;0.000000;inf;0.000000;inf;0;1;Passing;;;0;20531
19cff;16cfb;16b47;0;0;0000000000000080;        49s 941ms 661μs 770ns;283;-1;             18ms 241μs 805ns;0.000000;inf;0.000000;inf;0;1;Passing;;;0;20533
19cf7;16cfb;16b47;0;0;0000000000000080;        49s 941ms 477μs  27ns;283;-1;             17ms 800μs 889ns;0.000000;inf;0.000000;inf;0;1;Passing;;;0;20535
19cf4;16cfb;16b47;0;0;0000000000000080;        49s 941ms 341μs 117ns;283;-1;             18ms  61μs 712ns;0.000000;inf;0.000000;inf;0;1;Passing;;;0;20536
19cf1;16cfb;16b47;0;0;0000000000000080;        49s 941ms 289μs 127ns;283;-1;             18ms  54μs 720ns;0.000000;inf;0.000000;inf;0;1;Passing;;;0;20537
19cee;16cfb;16b47;0;0;0000000000000080;        49s 941ms 200μs 958ns;283;-1;             17ms 252μs 836ns;0.000000;inf;0.000000;inf;0;1;Passing;;;0;20539
19ce9;16cfb;16b47;0;0;0000000000000080;        49s 941ms  72μs 675ns;283;-1;             18ms  88μs  93ns;0.000000;inf;0.000000;inf;0;1;Passing;;;0;20541
19ce5;16cfb;16b47;0;0;0000000000000080;        49s 940ms 935μs 638ns;283;-1;             17ms 491μs  33ns;0.000000;inf;0.000000;inf;0;1;Passing;;;0;20542
19ce2;16cfb;16b47;0;0;0000000000000080;        49s 940ms 929μs 149ns;283;-1;             18ms 315μs 347ns;0.000000;inf;0.000000;inf;0;1;Passing;;;0;20543
19cdc;16cfb;16b47;0;0;0000000000000080;        49s 940ms 749μs 864ns;283;-1;             18ms  14μs 221ns;0.000000;inf;0.000000;inf;0;1;Passing;;;0;20545
19cd3;16cfb;16b47;0;0;0000000000000080;        49s 940ms 541μs 450ns;283;-1;             18ms 478μs 173ns;0.000000;inf;0.000000;inf;0;1;Passing;;;0;20548
19cce;16cfb;16b47;0;0;0000000000000080;        49s 940ms 432μs 656ns;283;-1;             17ms 820μs 987ns;0.000000;inf;0.000000;inf;0;1;Passing;;;0;20550
19cc7;16cfb;16b47;0;0;0000000000000080;        49s 940ms 232μs 486ns;283;-1;             17ms 816μs 654ns;0.000000;inf;0.000000;inf;0;1;Passing;;;0;20551
19cc4;16cfb;16b47;0;0;0000000000000080;        49s 940ms 102μs 196ns;283;-1;             18ms   5μs 963ns;0.000000;inf;0.000000;inf;0;1;Passing;;;0;20555
19cbe;16cfb;16b47;0;0;0000000000000080;        49s 939ms 972μs 627ns;283;-1;             17ms 308μs 480ns;0.000000;inf;0.000000;inf;0;1;Passing;;;0;20556
19cb1;16cfb;16b47;0;0;0000000000000080;        49s 939ms 687μs 893ns;283;-1;             18ms 667μs 116ns;0.000000;inf;0.000000;inf;0;1;Passing;;;0;20558
19cac;16cfb;16b47;0;0;0000000000000080;        49s 939ms 473μs 947ns;283;-1;             18ms 778μs  95ns;0.000000;inf;0.000000;inf;0;1;Passing;;;0;20561
19ca9;16cfb;16b47;0;0;0000000000000080;        49s 939ms 467μs 876ns;283;-1;             17ms 675μs 226ns;0.000000;inf;0.000000;inf;0;1;Passing;;;0;20562
19ca3;16cfb;16b47;0;0;0000000000000080;        49s 939ms 228μs 158ns;283;-1;             17ms 798μs 415ns;0.000000;inf;0.000000;inf;0;1;Passing;;;0;20565
19c9e;16cfb;16b47;0;0;0000000000000080;        49s 939ms 117μs 159ns;283;-1;             17ms 779μs 197ns;0.000000;inf;0.000000;inf;0;1;Passing;;;0;20566
19c9a;16cfb;16b47;0;0;0000000000000080;        49s 938ms 999μs 648ns;283;-1;             17ms 727μs  54ns;0.000000;inf;0.000000;inf;0;1;Passing;;;0;20568
19c91;16cfb;16b47;0;0;0000000000000080;        49s 938ms 766μs 800ns;283;-1;             17ms 511μs 932ns;0.000000;inf;0.000000;inf;0;1;Passing;;;0;20570
19c85;16cfb;16b47;0;0;0000000000000080;        49s 938ms 514μs 260ns;283;-1;             17ms 594μs 612ns;0.000000;inf;0.000000;inf;0;1;Passing;;;0;20572
19c87;16cfb;16b47;0;0;0000000000000080;        49s 938ms 436μs 743ns;283;-1;             18ms 317μs 850ns;0.000000;inf;0.000000;inf;0;1;Passing;;;0;20573
19c82;16cfb;16b47;0;0;0000000000000080;        49s 938ms 290μs 126ns;283;-1;             17ms 881μs 222ns;0.000000;inf;0.000000;inf;0;1;Passing;;;0;20574
19c7d;16cfb;16b47;0;0;0000000000000080;        49s 938ms 170μs 423ns;283;-1;             18ms  81μs 748ns;0.000000;inf;0.000000;inf;0;1;Passing;;;0;20575
19c79;16cfb;16b47;0;0;0000000000000080;        49s 938ms  20μs 128ns;283;-1;             17ms 335μs 229ns;0.000000;inf;0.000000;inf;0;1;Passing;;;0;20577
19c5e;16cfb;16b47;0;0;0000000000000080;        49s 937ms 109μs  42ns;283;-1;             17ms 206μs 635ns;0.000000;inf;0.000000;inf;0;1;Passing;;;0;20578
19c58;16cfb;16b47;0;0;0000000000000080;        49s 936ms 987μs 538ns;283;-1;             17ms 462μs 453ns;0.000000;inf;0.000000;inf;0;1;Passing;;;0;20580
19c55;16cfb;16b47;0;0;0000000000000080;        49s 936ms 868μs 799ns;283;-1;             18ms 147μs 437ns;0.000000;inf;0.000000;inf;0;1;Passing;;;0;20582
19c4f;16cfb;16b47;0;0;0000000000000080;        49s 936ms 742μs 848ns;283;-1;             17ms 386μs   6ns;0.000000;inf;0.000000;inf;0;1;Passing;;;0;20583
19c4a;16cfb;16b47;0;0;0000000000000080;        49s 936ms 681μs 358ns;283;-1;             19ms 881μs  99ns;0.000000;inf;0.000000;inf;0;1;Passing;;;0;20585
19c43;16cfb;16b47;0;0;0000000000000080;        49s 936ms 451μs  56ns;283;-1;             17ms 682μs 834ns;0.000000;inf;0.000000;inf;0;1;Passing;;;0;20587
19c40;16cfb;16b47;0;0;0000000000000080;        49s 936ms 337μs 255ns;283;-1;             17ms 911μs 595ns;0.000000;inf;0.000000;inf;0;1;Passing;;;0;20591
19c3d;16cfb;16b47;0;0;0000000000000080;        49s 936ms 205μs 142ns;283;-1;             17ms 753μs 414ns;0.000000;inf;0.000000;inf;0;1;Passing;;;0;20592
19c31;16cfb;16b47;0;0;0000000000000080;        49s 936ms  45μs 977ns;283;-1;             16ms 376μs 360ns;0.000000;inf;0.000000;inf;0;1;Passing;;;0;20597
19c22;16cfb;16b47;0;0;0000000000000080;        49s 935ms 590μs 466ns;283;-1;             16ms 450μs 516ns;0.000000;inf;0.000000;inf;0;1;Passing;;;0;20599
19c18;16cfb;16b47;0;0;0000000000000080;        49s 935ms 350μs 227ns;283;-1;             15ms 487μs 953ns;0.000000;inf;0.000000;inf;0;1;Passing;;;0;20600
19c17;16cfb;16b47;0;0;0000000000000080;        49s 935ms 341μs 558ns;283;-1;             15ms 527μs  93ns;0.000000;inf;0.000000;inf;0;1;Passing;;;0;20601
19c11;16cfb;16b47;0;0;4000000000000080;        49s 935ms 183μs 996ns;283;-1;             14ms 640μs  90ns;0.000000;inf;0.000000;inf;0;1;Passing;;;0;20602
19f52;16cfb;16b47;0;0;0000000000000080;        50s 371ms 193μs 505ns;281;-1;             18ms  14μs 856ns;0.000000;inf;0.000000;inf;0;1;Passing;;;0;20608
19f4f;16cfb;16b47;0;0;0000000000000080;        50s 371ms  55μs 526ns;281;-1;             16ms 562μs 428ns;0.000000;inf;0.000000;inf;0;1;Passing;;;0;20609
19f4c;16cfb;16b47;0;0;0000000000000080;        50s 370ms 992μs 754ns;281;-1;             18ms 655μs 959ns;0.000000;inf;0.000000;inf;0;1;Passing;;;0;20610
19faf;16cfb;16b47;0;0;0000000000000080;        50s 373ms 483μs 961ns;281;-1;             18ms 157μs 930ns;0.000000;inf;0.000000;inf;0;1;Passing;;;0;20612
19fac;16cfb;16b47;0;0;0000000000000080;        50s 373ms 466μs 110ns;281;-1;             17ms 361μs 717ns;0.000000;inf;0.000000;inf;0;1;Passing;;;0;20613
19fa9;16cfb;16b47;0;0;0000000000000080;        50s 373ms 342μs 388ns;281;-1;             18ms   8μs 466ns;0.000000;inf;0.000000;inf;0;1;Passing;;;0;20616
19fa6;16cfb;16b47;0;0;0000000000000080;        50s 373ms 273μs 938ns;281;-1;             18ms 446μs 657ns;0.000000;inf;0.000000;inf;0;1;Passing;;;0;20617
19f9f;16cfb;16b47;0;0;0000000000000080;        50s 373ms  88μs 998ns;281;-1;             18ms  28μs 964ns;0.000000;inf;0.000000;inf;0;1;Passing;;;0;20618
19f9a;16cfb;16b47;0;0;0000000000000080;        50s 372ms 935μs 219ns;281;-1;             18ms 454μs 707ns;0.000000;inf;0.000000;inf;0;1;Passing;;;0;20619
1a014;16cfb;16b47;0;0;0000000000000080;        50s 376ms 869μs 347ns;281;-1;             18ms 372μs 109ns;0.000000;inf;0.000000;inf;0;1;Passing;;;0;20621
1a0eb;16cfb;16b47;0;0;0000000000000080;        50s 383ms 231μs 479ns;281;-1;             18ms 224μs 172ns;0.000000;inf;0.000000;inf;0;1;Passing;;;0;20623
1a0d9;16cfb;16b47;0;0;0000000000000080;        50s 382ms 634μs 227ns;281;-1;             18ms 956μs 655ns;0.000000;inf;0.000000;inf;0;1;Passing;;;0;20628
1a0da;16cfb;16b47;0;0;0000000000000080;        50s 382ms 631μs 693ns;281;-1;             18ms 959μs 215ns;0.000000;inf;0.000000;inf;0;1;Passing;;;0;20629
1a0d5;16cfb;16b47;0;0;0000000000000080;        50s 382ms 475μs 460ns;281;-1;             18ms 358μs 731ns;0.000000;inf;0.000000;inf;0;1;Passing;;;0;20631
1a0ca;16cfb;16b47;0;0;0000000000000080;        50s 382ms 159μs 730ns;281;-1;             17ms 640μs 241ns;0.000000;inf;0.000000;inf;0;1;Passing;;;0;20634
1a0b6;16cfb;16b47;0;0;0000000000000080;        50s 381ms 630μs 534ns;281;-1;             17ms 831μs 691ns;0.000000;inf;0.000000;inf;0;1;Passing;;;0;20640
1a0b1;16cfb;16b47;0;0;0000000000000080;        50s 381ms 399μs 830ns;281;-1;             18ms 177μs 656ns;0.000000;inf;0.000000;inf;0;1;Passing;;;0;20642
1a0a8;16cfb;16b47;0;0;0000000000000080;        50s 381ms 193μs 277ns;281;-1;             17ms 782μs 723ns;0.000000;inf;0.000000;inf;0;1;Passing;;;0;20646
1a099;16cfb;16b47;0;0;0000000000000080;        50s 380ms 799μs 422ns;281;-1;             18ms 659μs 858ns;0.000000;inf;0.000000;inf;0;1;Passing;;;0;20651
1a094;16cfb;16b47;0;0;0000000000000080;        50s 380ms 610μs 948ns;281;-1;             18ms 235μs 293ns;0.000000;inf;0.000000;inf;0;1;Passing;;;0;20653
1a087;16cfb;16b47;0;0;0000000000000080;        50s 380ms 189μs 517ns;281;-1;             18ms 222μs 230ns;0.000000;inf;0.000000;inf;0;1;Passing;;;0;20657
1a07e;16cfb;16b47;0;0;0000000000000080;        50s 379ms 905μs 893ns;281;-1;             18ms 235μs 997ns;0.000000;inf;0.000000;inf;0;1;Passing;;;0;20659
1a06c;16cfb;16b47;0;0;0000000000000080;        50s 379ms 422μs 309ns;281;-1;             18ms 519μs 188ns;0.000000;inf;0.000000;inf;0;1;Passing;;;0;20664
1a067;16cfb;16b47;0;0;0000000000000080;        50s 379ms 242μs 420ns;281;-1;             18ms 527μs 753ns;0.000000;inf;0.000000;inf;0;1;Passing;;;0;20666
1a061;16cfb;16b47;0;0;0000000000000080;        50s 379ms  92μs 391ns;281;-1;             19ms 200μs 554ns;0.000000;inf;0.000000;inf;0;1;Passing;;;0;20667
1a062;16cfb;16b47;0;0;0000000000000080;        50s 379ms  83μs 547ns;281;-1;             18ms 755μs 145ns;0.000000;inf;0.000000;inf;0;1;Passing;;;0;20668
1a05c;16cfb;16b47;0;0;0000000000000080;        50s 378ms 932μs 994ns;281;-1;             18ms 470μs  52ns;0.000000;inf;0.000000;inf;0;1;Passing;;;0;20669
1a05a;16cfb;16b47;0;0;0000000000000080;        50s 378ms 918μs 635ns;281;-1;             18ms 587μs 764ns;0.000000;inf;0.000000;inf;0;1;Passing;;;0;20670
1a057;16cfb;16b47;0;0;0000000000000080;        50s 378ms 788μs 357ns;281;-1;             18ms  72μs 574ns;0.000000;inf;0.000000;inf;0;1;Passing;;;0;20672
1a054;16cfb;16b47;0;0;0000000000000080;        50s 378ms 749μs 717ns;281;-1;             18ms 578μs 160ns;0.000000;inf;0.000000;inf;0;1;Passing;;;0;20673
1a050;16cfb;16b47;0;0;0000000000000080;        50s 378ms 599μs 242ns;281;-1;             18ms 281μs  12ns;0.000000;inf;0.000000;inf;0;1;Passing;;;0;20675
1a048;16cfb;16b47;0;0;0000000000000080;        50s 378ms 406μs 237ns;281;-1;             17ms 988μs 146ns;0.000000;inf;0.000000;inf;0;1;Passing;;;0;20676
1a045;16cfb;16b47;0;0;0000000000000080;        50s 378ms 270μs   6ns;281;-1;             17ms 866μs 229ns;0.000000;inf;0.000000;inf;0;1;Passing;;;0;20677
1a042;16cfb;16b47;0;0;0000000000000080;        50s 378ms 226μs 757ns;281;-1;             17ms 976μs 209ns;0.000000;inf;0.000000;inf;0;1;Passing;;;0;20678
1a03f;16cfb;16b47;0;0;0000000000000080;        50s 378ms 147μs 218ns;281;-1;             17ms 522μs 192ns;0.000000;inf;0.000000;inf;0;1;Passing;;;0;20680
1a03a;16cfb;16b47;0;0;0000000000000080;        50s 378ms  12μs 418ns;281;-1;             18ms 245μs 505ns;0.000000;inf;0.000000;inf;0;1;Passing;;;0;20681
1a034;16cfb;16b47;0;0;0000000000000080;        50s 377ms 869μs 368ns;281;-1;             18ms 218μs 973ns;0.000000;inf;0.000000;inf;0;1;Passing;;;0;20683
1a035;16cfb;16b47;0;0;0000000000000080;        50s 377ms 859μs 408ns;281;-1;             18ms 152μs 732ns;0.000000;inf;0.000000;inf;0;1;Passing;;;0;20684
1a02d;16cfb;16b47;0;0;0000000000000080;        50s 377ms 696μs 472ns;281;-1;             18ms 710μs 301ns;0.000000;inf;0.000000;inf;0;1;Passing;;;0;20687
1a024;16cfb;16b47;0;0;0000000000000080;        50s 377ms 457μs 295ns;281;-1;             18ms 499μs 140ns;0.000000;inf;0.000000;inf;0;1;Passing;;;0;20689
1a01e;16cfb;16b47;0;0;0000000000000080;        50s 377ms 320μs 498ns;281;-1;             18ms 657μs 326ns;0.000000;inf;0.000000;inf;0;1;Passing;;;0;20692
1a019;16cfb;16b47;0;0;0000000000000080;        50s 377ms 165μs 808ns;281;-1;             18ms 822μs 696ns;0.000000;inf;0.000000;inf;0;1;Passing;;;0;20693
1a00f;16cfb;16b47;0;0;0000000000000080;        50s 376ms 705μs  39ns;281;-1;             18ms 371μs 748ns;0.000000;inf;0.000000;inf;0;1;Passing;;;0;20696
1a006;16cfb;16b47;0;0;0000000000000080;        50s 376ms 527μs 702ns;281;-1;             17ms 813μs 475ns;0.000000;inf;0.000000;inf;0;1;Passing;;;0;20698
19ffd;16cfb;16b47;0;0;0000000000000080;        50s 376ms 344μs 983ns;281;-1;             18ms 204μs 133ns;0.000000;inf;0.000000;inf;0;1;Passing;;;0;20699
19fff;16cfb;16b47;0;0;0000000000000080;        50s 376ms 296μs 281ns;281;-1;             18ms 170μs 317ns;0.000000;inf;0.000000;inf;0;1;Passing;;;0;20700
19ffa;16cfb;16b47;0;0;0000000000000080;        50s 376ms 154μs 413ns;281;-1;             18ms 210μs 782ns;0.000000;inf;0.000000;inf;0;1;Passing;;;0;20702
19ff6;16cfb;16b47;0;0;0000000000000080;        50s 376ms 115μs 452ns;281;-1;             18ms 619μs 539ns;0.000000;inf;0.000000;inf;0;1;Passing;;;0;20703
19fee;16cfb;16b47;0;0;0000000000000080;        50s 375ms 850μs 740ns;281;-1;             17ms 893μs 904ns;0.000000;inf;0.000000;inf;0;1;Passing;;;0;20707
19feb;16cfb;16b47;0;0;0000000000000080;        50s 375ms 721μs 592ns;281;-1;             17ms 792μs 569ns;0.000000;inf;0.000000;inf;0;1;Passing;;;0;20708
19fe2;16cfb;16b47;0;0;0000000000000080;        50s 375ms 469μs 749ns;281;-1;             17ms 400μs 299ns;0.000000;inf;0.000000;inf;0;1;Passing;;;0;20711
19fd6;16cfb;16b47;0;0;0000000000000080;        50s 375ms 225μs 563ns;281;-1;             18ms 574μs 670ns;0.000000;inf;0.000000;inf;0;1;Passing;;;0;20713
19fd8;16cfb;16b47;0;0;0000000000000080;        50s 375ms 199μs 587ns;281;-1;             18ms 338μs 846ns;0.000000;inf;0.000000;inf;0;1;Passing;;;0;20714
19fd3;16cfb;16b47;0;0;0000000000000080;        50s 375ms  55μs 503ns;281;-1;             18ms 286μs 689ns;0.000000;inf;0.000000;inf;0;1;Passing;;;0;20715
19fcd;16cfb;16b47;0;0;0000000000000080;        50s 374ms 907μs  59ns;281;-1;             18ms 939μs 560ns;0.000000;inf;0.000000;inf;0;1;Passing;;;0;20717
19fc9;16cfb;16b47;0;0;0000000000000080;        50s 374ms 824μs 457ns;281;-1;             18ms 574μs 962ns;0.000000;inf;0.000000;inf;0;1;Passing;;;0;20719
19fc7;16cfb;16b47;0;0;0000000000000080;        50s 374ms 750μs 927ns;281;-1;             17ms 620μs 860ns;0.000000;inf;0.000000;inf;0;1;Passing;;;0;20722
19f94;16cfb;16b47;0;0;0000000000000080;        50s 372ms 800μs 875ns;281;-1;             16ms 493μs 420ns;0.000000;inf;0.000000;inf;0;1;Passing;;;0;20727
19f91;16cfb;16b47;0;0;0000000000000080;        50s 372ms 755μs 540ns;281;-1;             17ms 888μs 685ns;0.000000;inf;0.000000;inf;0;1;Passing;;;0;20731
19f8e;16cfb;16b47;0;0;0000000000000080;        50s 372ms 668μs 771ns;281;-1;             17ms 465μs 167ns;0.000000;inf;0.000000;inf;0;1;Passing;;;0;20732
19f82;16cfb;16b47;0;0;0000000000000080;        50s 372ms 400μs 510ns;281;-1;             15ms 861μs 529ns;0.000000;inf;0.000000;inf;0;1;Passing;;;0;20736
19f73;16cfb;16b47;0;0;0000000000000080;        50s 372ms  27μs 638ns;281;-1;             17ms 812μs 382ns;0.000000;inf;0.000000;inf;0;1;Passing;;;0;20738
19f6a;16cfb;16b47;0;0;0000000000000080;        50s 371ms 770μs 135ns;281;-1;             17ms 927μs 855ns;0.000000;inf;0.000000;inf;0;1;Passing;;;0;20739
19f67;16cfb;16b47;0;0;0000000000000080;        50s 371ms 736μs 877ns;281;-1;             17ms 655μs 298ns;0.000000;inf;0.000000;inf;0;1;Passing;;;0;20740
19f61;16cfb;16b47;0;0;0000000000000080;        50s 371ms 574μs 898ns;281;-1;             17ms 533μs 245ns;0.000000;inf;0.000000;inf;0;1;Passing;;;0;20741
19f5e;16cfb;16b47;0;0;0000000000000080;        50s 371ms 504μs 487ns;281;-1;             16ms 654μs 881ns;0.000000;inf;0.000000;inf;0;1;Passing;;;0;20742
19f5b;16cfb;16b47;0;0;4000000000000080;        50s 371ms 419μs 953ns;281;-1;              7ms 725μs 465ns;0.000000;inf;0.000000;inf;0;1;Passing;;;0;20743
1a299;16cfb;16b47;0;0;0000000000000080;        50s 803ms 928μs 933ns;279;-1;             17ms 162μs 853ns;0.000000;inf;0.000000;inf;0;1;Passing;;;0;20748
1a2a6;16cfb;16b47;0;0;0000000000000080;        50s 804ms 183μs 384ns;279;-1;             16ms 490μs 909ns;0.000000;inf;0.000000;inf;0;1;Passing;;;0;20750
1a298;16cfb;16b47;0;0;0000000000000080;        50s 803ms 793μs   0ns;279;-1;             19ms 774μs 352ns;0.000000;inf;0.000000;inf;0;1;Passing;;;0;20751
1a29d;16cfb;16b47;0;0;0000000000000080;        50s 803ms 941μs  23ns;279;-1;             19ms 678μs 231ns;0.000000;inf;0.000000;inf;0;1;Passing;;;0;20752
1a2f7;16cfb;16b47;0;0;0000000000000080;        50s 806ms 885μs 773ns;279;-1;             17ms 850μs 459ns;0.000000;inf;0.000000;inf;0;1;Passing;;;0;20757
1a2ee;16cfb;16b47;0;0;0000000000000080;        50s 806ms 827μs 303ns;279;-1;             17ms 772μs 515ns;0.000000;inf;0.000000;inf;0;1;Passing;;;0;20758
1a2f4;16cfb;16b47;0;0;0000000000000080;        50s 806ms 763μs 765ns;279;-1;             17ms 598μs 969ns;0.000000;inf;0.000000;inf;0;1;Passing;;;0;20759
1a2f0;16cfb;16b47;0;0;0000000000000080;        50s 806ms 647μs  26ns;279;-1;             18ms  40μs 726ns;0.000000;inf;0.000000;inf;0;1;Passing;;;0;20760
1a3af;16cfb;16b47;0;0;0000000000000080;        50s 812ms 920μs 207ns;279;-1;             17ms 989μs 554ns;0.000000;inf;0.000000;inf;0;1;Passing;;;0;20761
1a3fe;16cfb;16b47;0;0;0000000000000080;        50s 815ms 956μs 934ns;279;-1;             18ms  22μs 732ns;0.000000;inf;0.000000;inf;0;1;Passing;;;0;20762
1a432;16cfb;16b47;0;0;0000000000000080;        50s 818ms  81μs 694ns;279;-1;             18ms 217μs 401ns;0.000000;inf;0.000000;inf;0;1;Passing;;;0;20764
1a423;16cfb;16b47;0;0;0000000000000080;        50s 817ms 564μs 738ns;279;-1;             18ms 567μs 526ns;0.000000;inf;0.000000;inf;0;1;Passing;;;0;20769
1a41f;16cfb;16b47;0;0;0000000000000080;        50s 817ms 458μs 398ns;279;-1;             19ms 563μs  40ns;0.000000;inf;0.000000;inf;0;1;Passing;;;0;20770
1a41e;16cfb;16b47;0;0;0000000000000080;        50s 817ms 369μs  22ns;279;-1;             18ms 133μs 120ns;0.000000;inf;0.000000;inf;0;1;Passing;;;0;20771
1a410;16cfb;16b47;0;0;0000000000000080;        50s 816ms 762μs 107ns;279;-1;             18ms 289μs 906ns;0.000000;inf;0.000000;inf;0;1;Passing;;;0;20776
1a3f9;16cfb;16b47;0;0;0000000000000080;        50s 815ms 742μs  73ns;279;-1;             18ms 300μs 894ns;0.000000;inf;0.000000;inf;0;1;Passing;;;0;20783
1a3f0;16cfb;16b47;0;0;0000000000000080;        50s 815ms 468μs 955ns;279;-1;             18ms 520μs 214ns;0.000000;inf;0.000000;inf;0;1;Passing;;;0;20785
1a3e1;16cfb;16b47;0;0;0000000000000080;        50s 814ms 989μs 227ns;279;-1;             17ms 538μs 729ns;0.000000;inf;0.000000;inf;0;1;Passing;;;0;20790
1a3dc;16cfb;16b47;0;0;0000000000000080;        50s 814ms 804μs 581ns;279;-1;             17ms 283μs 835ns;0.000000;inf;0.000000;inf;0;1;Passing;;;0;20792
1a3cf;16cfb;16b47;0;0;0000000000000080;        50s 814ms 423μs 982ns;279;-1;             17ms 293μs 767ns;0.000000;inf;0.000000;inf;0;1;Passing;;;0;20795
1a3c7;16cfb;16b47;0;0;0000000000000080;        50s 814ms  18μs 240ns;279;-1;             17ms 956μs 769ns;0.000000;inf;0.000000;inf;0;1;Passing;;;0;20799
1a3b4;16cfb;16b47;0;0;0000000000000080;        50s 813ms 292μs 822ns;279;-1;             17ms 763μs 271ns;0.000000;inf;0.000000;inf;0;1;Passing;;;0;20806
1a3ab;16cfb;16b47;0;0;0000000000000080;        50s 812ms 639μs 654ns;279;-1;             18ms 402μs 289ns;0.000000;inf;0.000000;inf;0;1;Passing;;;0;20807
1a3a8;16cfb;16b47;0;0;0000000000000080;        50s 812ms 609μs 848ns;279;-1;             18ms 612μs 897ns;0.000000;inf;0.000000;inf;0;1;Passing;;;0;20808
1a3a5;16cfb;16b47;0;0;0000000000000080;        50s 812ms 466μs 703ns;279;-1;             18ms 522μs 222ns;0.000000;inf;0.000000;inf;0;1;Passing;;;0;20809
1a3a2;16cfb;16b47;0;0;0000000000000080;        50s 812ms 402μs 702ns;279;-1;             18ms 361μs   9ns;0.000000;inf;0.000000;inf;0;1;Passing;;;0;20810
1a39f;16cfb;16b47;0;0;0000000000000080;        50s 812ms 284μs 231ns;279;-1;             18ms 297μs 207ns;0.000000;inf;0.000000;inf;0;1;Passing;;;0;20811
1a39a;16cfb;16b47;0;0;0000000000000080;        50s 812ms 166μs 684ns;279;-1;             18ms 923μs 966ns;0.000000;inf;0.000000;inf;0;1;Passing;;;0;20813
1a39b;16cfb;16b47;0;0;0000000000000080;        50s 812ms 121μs 398ns;279;-1;             18ms 495μs 791ns;0.000000;inf;0.000000;inf;0;1;Passing;;;0;20814
1a391;16cfb;16b47;0;0;0000000000000080;        50s 811ms 772μs 346ns;279;-1;             18ms 100μs  19ns;0.000000;inf;0.000000;inf;0;1;Passing;;;0;20816
1a38d;16cfb;16b47;0;0;0000000000000080;        50s 811ms 645μs 426ns;279;-1;             18ms 217μs 885ns;0.000000;inf;0.000000;inf;0;1;Passing;;;0;20817
1a387;16cfb;16b47;0;0;0000000000000080;        50s 811ms 638μs 603ns;279;-1;             18ms 534μs 896ns;0.000000;inf;0.000000;inf;0;1;Passing;;;0;20819
1a389;16cfb;16b47;0;0;0000000000000080;        50s 811ms 527μs 134ns;279;-1;             18ms  65μs 653ns;0.000000;inf;0.000000;inf;0;1;Passing;;;0;20819
1a37d;16cfb;16b47;0;0;0000000000000080;        50s 811ms 335μs 696ns;279;-1;             17ms 971μs 153ns;0.000000;inf;0.000000;inf;0;1;Passing;;;0;20822
1a381;16cfb;16b47;0;0;0000000000000080;        50s 811ms 265μs 737ns;279;-1;             18ms  58μs 623ns;0.000000;inf;0.000000;inf;0;1;Passing;;;0;20824
1a37c;16cfb;16b47;0;0;0000000000000080;        50s 811ms 142μs 997ns;279;-1;             17ms 942μs 867ns;0.000000;inf;0.000000;inf;0;1;Passing;;;0;20825
1a373;16cfb;16b47;0;0;0000000000000080;        50s 810ms 891μs 562ns;279;-1;             17ms 866μs 953ns;0.000000;inf;0.000000;inf;0;1;Passing;;;0;20828
1a36a;16cfb;16b47;0;0;0000000000000080;        50s 810ms 582μs 770ns;279;-1;             18ms 535μs 291ns;0.000000;inf;0.000000;inf;0;1;Passing;;;0;20830
1a366;16cfb;16b47;0;0;0000000000000080;        50s 810ms  61μs  57ns;279;-1;             18ms 693μs 935ns;0.000000;inf;0.000000;inf;0;1;Passing;;;0;20831
1a361;16cfb;16b47;0;0;0000000000000080;        50s 809ms 960μs 950ns;279;-1;             17ms 818μs 612ns;0.000000;inf;0.000000;inf;0;1;Passing;;;0;20832
1a35d;16cfb;16b47;0;0;0000000000000080;        50s 809ms 863μs 651ns;279;-1;             17ms 532μs 288ns;0.000000;inf;0.000000;inf;0;1;Passing;;;0;20835
1a355;16cfb;16b47;0;0;0000000000000080;        50s 809ms 664μs 782ns;279;-1;             18ms  59μs 851ns;0.000000;inf;0.000000;inf;0;1;Passing;;;0;20836
1a34a;16cfb;16b47;0;0;0000000000000080;        50s 809ms 534μs 976ns;279;-1;             18ms 290μs 136ns;0.000000;inf;0.000000;inf;0;1;Passing;;;0;20838
1a34e;16cfb;16b47;0;0;0000000000000080;        50s 809ms 453μs 604ns;279;-1;             18ms 482μs 145ns;0.000000;inf;0.000000;inf;0;1;Passing;;;0;20839
1a345;16cfb;16b47;0;0;0000000000000080;        50s 809ms 190μs 865ns;279;-1;             17ms 344μs  67ns;0.000000;inf;0.000000;inf;0;1;Passing;;;0;20841
1a342;16cfb;16b47;0;0;0000000000000080;        50s 809ms  82μs 209ns;279;-1;             17ms 161μs  51ns;0.000000;inf;0.000000;inf;0;1;Passing;;;0;20842
1a33d;16cfb;16b47;0;0;0000000000000080;        50s 808ms 970μs 114ns;279;-1;             19ms 736μs 149ns;0.000000;inf;0.000000;inf;0;1;Passing;;;0;20845
1a333;16cfb;16b47;0;0;0000000000000080;        50s 808ms 840μs 405ns;279;-1;             17ms 477μs 765ns;0.000000;inf;0.000000;inf;0;1;Passing;;;0;20847
1a336;16cfb;16b47;0;0;0000000000000080;        50s 808ms 718μs 847ns;279;-1;             17ms 271μs 824ns;0.000000;inf;0.000000;inf;0;1;Passing;;;0;20848
1a32a;16cfb;16b47;0;0;0000000000000080;        50s 808ms 382μs  33ns;279;-1;             17ms 674μs 802ns;0.000000;inf;0.000000;inf;0;1;Passing;;;0;20852
1a321;16cfb;16b47;0;0;0000000000000080;        50s 808ms 128μs 325ns;279;-1;             17ms 396μs 437ns;0.000000;inf;0.000000;inf;0;1;Passing;;;0;20853
1a31b;16cfb;16b47;0;0;0000000000000080;        50s 808ms 114μs 652ns;279;-1;             18ms  89μs 532ns;0.000000;inf;0.000000;inf;0;1;Passing;;;0;20854
1a31e;16cfb;16b47;0;0;0000000000000080;        50s 808ms   4μs 675ns;279;-1;             17ms 420μs 858ns;0.000000;inf;0.000000;inf;0;1;Passing;;;0;20855
1a30f;16cfb;16b47;0;0;0000000000000080;        50s 807ms 769μs 411ns;279;-1;             17ms 438μs 210ns;0.000000;inf;0.000000;inf;0;1;Passing;;;0;20858
1a312;16cfb;16b47;0;0;0000000000000080;        50s 807ms 652μs 447ns;279;-1;             17ms 376μs 733ns;0.000000;inf;0.000000;inf;0;1;Passing;;;0;20860
1a315;16cfb;16b47;0;0;0000000000000080;        50s 807ms 760μs 509ns;279;-1;             17ms 706μs 286ns;0.000000;inf;0.000000;inf;0;1;Passing;;;0;20861
1a2e8;16cfb;16b47;0;0;0000000000000080;        50s 806ms  66μs 181ns;279;-1;             17ms 104μs 728ns;0.000000;inf;0.000000;inf;0;1;Passing;;;0;20865
1a2e2;16cfb;16b47;0;0;0000000000000080;        50s 806ms  57μs 503ns;279;-1;             19ms 294μs 800ns;0.000000;inf;0.000000;inf;0;1;Passing;;;0;20866
1a2d7;16cfb;16b47;0;0;0000000000000080;        50s 805ms 757μs 789ns;279;-1;             18ms 650μs 130ns;0.000000;inf;0.000000;inf;0;1;Passing;;;0;20867
1a2dc;16cfb;16b47;0;0;0000000000000080;        50s 805ms 719μs   6ns;279;-1;             17ms 597μs 460ns;0.000000;inf;0.000000;inf;0;1;Passing;;;0;20869
1a2d8;16cfb;16b47;0;0;0000000000000080;        50s 805ms 604μs 301ns;279;-1;             17ms 476μs 912ns;0.000000;inf;0.000000;inf;0;1;Passing;;;0;20872
1a2ca;16cfb;16b47;0;0;0000000000000080;        50s 805ms 221μs 278ns;279;-1;             15ms 747μs 333ns;0.000000;inf;0.000000;inf;0;1;Passing;;;0;20879
1a2bb;16cfb;16b47;0;0;0000000000000080;        50s 804ms 948μs 747ns;279;-1;             16ms 518μs 449ns;0.000000;inf;0.000000;inf;0;1;Passing;;;0;20880
1a2b2;16cfb;16b47;0;0;0000000000000080;        50s 804ms 705μs 238ns;279;-1;             15ms 706μs 654ns;0.000000;inf;0.000000;inf;0;1;Passing;;;0;20881
1a2af;16cfb;16b47;0;0;0000000000000080;        50s 804ms 492μs 286ns;279;-1;             14ms 248μs 688ns;0.000000;inf;0.000000;inf;0;1;Passing;;;0;20882
1a2aa;16cfb;16b47;0;0;4000000000000080;        50s 804ms 475μs 163ns;279;-1;             13ms 256μs 214ns;0.000000;inf;0.000000;inf;0;1;Passing;;;0;20883
1a5dc;16cfb;16b47;0;0;0000000000000080;        51s 225ms 905μs 377ns;277;-1;             15ms 284μs 391ns;0.000000;inf;0.000000;inf;0;1;Passing;;;0;20887
1a5e3;16cfb;16b47;0;0;0000000000000080;        51s 226ms  78μs 298ns;277;-1;             15ms 642μs 679ns;0.000000;inf;0.000000;inf;0;1;Passing;;;0;20888
1a5df;16cfb;16b47;0;0;0000000000000080;        51s 225ms 939μs  82ns;277;-1;             19ms 933μs 370ns;0.000000;inf;0.000000;inf;0;1;Passing;;;0;20889
1a5eb;16cfb;16b47;0;0;0000000000000080;        51s 226ms 297μs 976ns;277;-1;             19ms 328μs 343ns;0.000000;inf;0.000000;inf;0;1;Passing;;;0;20890
1a5ee;16cfb;16b47;0;0;0000000000000080;        51s 226ms 302μs 629ns;277;-1;             20ms 495μs 386ns;0.000000;inf;0.000000;inf;0;1;Passing;;;0;20891
1a67e;16cfb;16b47;0;0;0000000000000080;        51s 229ms 708μs 304ns;277;-1;             16ms 882μs 621ns;0.000000;inf;0.000000;inf;0;1;Passing;;;0;20895
1a678;16cfb;16b47;0;0;0000000000000080;        51s 229ms 542μs 596ns;277;-1;             17ms 488μs 792ns;0.000000;inf;0.000000;inf;0;1;Passing;;;0;20897
1a675;16cfb;16b47;0;0;0000000000000080;        51s 229ms 487μs 289ns;277;-1;             18ms 510μs 841ns;0.000000;inf;0.000000;inf;0;1;Passing;;;0;20898
1a66c;16cfb;16b47;0;0;0000000000000080;        51s 229ms 349μs 469ns;277;-1;             16ms 448μs 102ns;0.000000;inf;0.000000;inf;0;1;Passing;;;0;20900
1a6ad;16cfb;16b47;0;0;0000000000000080;        51s 231ms 244μs 211ns;277;-1;             18ms  79μs 340ns;0.000000;inf;0.000000;inf;0;1;Passing;;;0;20901
1a774;16cfb;16b47;0;0;0000000000000080;        51s 236ms 974μs 414ns;277;-1;             18ms 917μs 146ns;0.000000;inf;0.000000;inf;0;1;Passing;;;0;20903
1a766;16cfb;16b47;0;0;0000000000000080;        51s 236ms 546μs 447ns;277;-1;             17ms 427μs 414ns;0.000000;inf;0.000000;inf;0;1;Passing;;;0;20907
1a762;16cfb;16b47;0;0;0000000000000080;        51s 236ms 372μs 515ns;277;-1;             18ms 475μs 485ns;0.000000;inf;0.000000;inf;0;1;Passing;;;0;20909
1a75f;16cfb;16b47;0;0;0000000000000080;        51s 236ms 337μs 433ns;277;-1;             18ms   4μs 965ns;0.000000;inf;0.000000;inf;0;1;Passing;;;0;20910
1a753;16cfb;16b47;0;0;0000000000000080;        51s 235ms 916μs 122ns;277;-1;             18ms 453μs 642ns;0.000000;inf;0.000000;inf;0;1;Passing;;;0;20914
1a742;16cfb;16b47;0;0;0000000000000080;        51s 235ms 457μs 365ns;277;-1;             18ms 246μs 261ns;0.000000;inf;0.000000;inf;0;1;Passing;;;0;20920
1a73c;16cfb;16b47;0;0;0000000000000080;        51s 235ms 331μs 269ns;277;-1;             19ms 265μs 666ns;0.000000;inf;0.000000;inf;0;1;Passing;;;0;20921
1a732;16cfb;16b47;0;0;0000000000000080;        51s 234ms 999μs 374ns;277;-1;             18ms 519μs 347ns;0.000000;inf;0.000000;inf;0;1;Passing;;;0;20925
1a723;16cfb;16b47;0;0;0000000000000080;        51s 234ms 587μs 845ns;277;-1;             18ms  35μs 301ns;0.000000;inf;0.000000;inf;0;1;Passing;;;0;20930
1a71d;16cfb;16b47;0;0;0000000000000080;        51s 234ms 459μs 611ns;277;-1;             18ms 879μs  30ns;0.000000;inf;0.000000;inf;0;1;Passing;;;0;20934
1a711;16cfb;16b47;0;0;0000000000000080;        51s 234ms 159μs 940ns;277;-1;             18ms  34μs 367ns;0.000000;inf;0.000000;inf;0;1;Passing;;;0;20937
1a709;16cfb;16b47;0;0;0000000000000080;        51s 233ms 980μs 905ns;277;-1;             17ms 751μs 357ns;0.000000;inf;0.000000;inf;0;1;Passing;;;0;20939
1a6f6;16cfb;16b47;0;0;0000000000000080;        51s 233ms 367μs 973ns;277;-1;             18ms  39μs 854ns;0.000000;inf;0.000000;inf;0;1;Passing;;;0;20945
1a6f0;16cfb;16b47;0;0;0000000000000080;        51s 233ms 236μs 159ns;277;-1;             18ms 412μs 686ns;0.000000;inf;0.000000;inf;0;1;Passing;;;0;20947
1a6eb;16cfb;16b47;0;0;0000000000000080;        51s 233ms 174μs 542ns;277;-1;             18ms 124μs 424ns;0.000000;inf;0.000000;inf;0;1;Passing;;;0;20948
1a6ec;16cfb;16b47;0;0;0000000000000080;        51s 233ms 123μs 869ns;277;-1;             18ms 157μs 857ns;0.000000;inf;0.000000;inf;0;1;Passing;;;0;20949
1a6e6;16cfb;16b47;0;0;0000000000000080;        51s 232ms 988μs 742ns;277;-1;             18ms 506μs 388ns;0.000000;inf;0.000000;inf;0;1;Passing;;;0;20950
1a6e5;16cfb;16b47;0;0;0000000000000080;        51s 232ms 981μs 178ns;277;-1;             18ms 356μs 737ns;0.000000;inf;0.000000;inf;0;1;Passing;;;0;20951
1a6e0;16cfb;16b47;0;0;0000000000000080;        51s 232ms 824μs 611ns;277;-1;             19ms  52μs 493ns;0.000000;inf;0.000000;inf;0;1;Passing;;;0;20952
1a6df;16cfb;16b47;0;0;0000000000000080;        51s 232ms 813μs 893ns;277;-1;             18ms 249μs 628ns;0.000000;inf;0.000000;inf;0;1;Passing;;;0;20953
1a6da;16cfb;16b47;0;0;0000000000000080;        51s 232ms 687μs 852ns;277;-1;             18ms 124μs 718ns;0.000000;inf;0.000000;inf;0;1;Passing;;;0;20954
1a6d3;16cfb;16b47;0;0;0000000000000080;        51s 232ms 487μs  98ns;277;-1;             19ms  37μs  93ns;0.000000;inf;0.000000;inf;0;1;Passing;;;0;20958
1a6ce;16cfb;16b47;0;0;0000000000000080;        51s 232ms 294μs 732ns;277;-1;             20ms 211μs 388ns;0.000000;inf;0.000000;inf;0;1;Passing;;;0;20959
1a6cd;16cfb;16b47;0;0;0000000000000080;        51s 232ms 282μs 877ns;277;-1;             19ms 573μs 126ns;0.000000;inf;0.000000;inf;0;1;Passing;;;0;20960
1a6c8;16cfb;16b47;0;0;0000000000000080;        51s 232ms 111μs 492ns;277;-1;             20ms 251μs 940ns;0.000000;inf;0.000000;inf;0;1;Passing;;;0;20961
1a6c2;16cfb;16b47;0;0;0000000000000080;        51s 231ms 911μs 804ns;277;-1;             18ms 872μs 825ns;0.000000;inf;0.000000;inf;0;1;Passing;;;0;20963
1a6c1;16cfb;16b47;0;0;0000000000000080;        51s 231ms 893μs 209ns;277;-1;             18ms 587μs 194ns;0.000000;inf;0.000000;inf;0;1;Passing;;;0;20965
1a6bc;16cfb;16b47;0;0;0000000000000080;        51s 231ms 725μs  69ns;277;-1;             17ms 731μs 967ns;0.000000;inf;0.000000;inf;0;1;Passing;;;0;20966
1a6b6;16cfb;16b47;0;0;0000000000000080;        51s 231ms 542μs 778ns;277;-1;             17ms 351μs 900ns;0.000000;inf;0.000000;inf;0;1;Passing;;;0;20968
1a6a8;16cfb;16b47;0;0;0000000000000080;        51s 231ms  78μs 745ns;277;-1;             17ms 216μs 585ns;0.000000;inf;0.000000;inf;0;1;Passing;;;0;20971
1a6a2;16cfb;16b47;0;0;0000000000000080;        51s 230ms 949μs 595ns;277;-1;             17ms 536μs 392ns;0.000000;inf;0.000000;inf;0;1;Passing;;;0;20974
1a69f;16cfb;16b47;0;0;0000000000000080;        51s 230ms 909μs 432ns;277;-1;             17ms 577μs 371ns;0.000000;inf;0.000000;inf;0;1;Passing;;;0;20975
1a699;16cfb;16b47;0;0;0000000000000080;        51s 230ms 754μs 222ns;277;-1;             17ms 716μs 176ns;0.000000;inf;0.000000;inf;0;1;Passing;;;0;20977
1a690;16cfb;16b47;0;0;0000000000000080;        51s 230ms 569μs 698ns;277;-1;             17ms 815μs 693ns;0.000000;inf;0.000000;inf;0;1;Passing;;;0;20980
1a68b;16cfb;16b47;0;0;0000000000000080;        51s 230ms 449μs 621ns;277;-1;             18ms 934μs 599ns;0.000000;inf;0.000000;inf;0;1;Passing;;;0;20981
1a685;16cfb;16b47;0;0;0000000000000080;        51s 230ms 341μs 620ns;277;-1;             18ms 148μs 724ns;0.000000;inf;0.000000;inf;0;1;Passing;;;0;20982
1a686;16cfb;16b47;0;0;0000000000000080;        51s 230ms 329μs 339ns;277;-1;             18ms 343μs 354ns;0.000000;inf;0.000000;inf;0;1;Passing;;;0;20983
1a663;16cfb;16b47;0;0;0000000000000080;        51s 229ms  43μs 703ns;277;-1;             17ms 565μs 453ns;0.000000;inf;0.000000;inf;0;1;Passing;;;0;20985
1a660;16cfb;16b47;0;0;0000000000000080;        51s 229ms  14μs  14ns;277;-1;             18ms 191μs 593ns;0.000000;inf;0.000000;inf;0;1;Passing;;;0;20986
1a657;16cfb;16b47;0;0;0000000000000080;        51s 228ms 771μs 219ns;277;-1;             18ms 147μs 718ns;0.000000;inf;0.000000;inf;0;1;Passing;;;0;20987
1a65d;16cfb;16b47;0;0;0000000000000080;        51s 228ms 918μs 234ns;277;-1;             19ms 899μs 122ns;0.000000;inf;0.000000;inf;0;1;Passing;;;0;20988
1a654;16cfb;16b47;0;0;0000000000000080;        51s 228ms 720μs  62ns;277;-1;             17ms 316μs 410ns;0.000000;inf;0.000000;inf;0;1;Passing;;;0;20991
1a651;16cfb;16b47;0;0;0000000000000080;        51s 228ms 634μs 942ns;277;-1;             16ms  51μs 913ns;0.000000;inf;0.000000;inf;0;1;Passing;;;0;20997
1a639;16cfb;16b47;0;0;0000000000000080;        51s 228ms  63μs 516ns;277;-1;             17ms 383μs 113ns;0.000000;inf;0.000000;inf;0;1;Passing;;;0;20999
1a633;16cfb;16b47;0;0;0000000000000080;        51s 227ms 924μs 843ns;277;-1;             18ms 238μs 173ns;0.000000;inf;0.000000;inf;0;1;Passing;;;0;21000
1a636;16cfb;16b47;0;0;0000000000000080;        51s 227ms 949μs 492ns;277;-1;             19ms   6μs 307ns;0.000000;inf;0.000000;inf;0;1;Passing;;;0;21001
1a630;16cfb;16b47;0;0;0000000000000080;        51s 227ms 828μs 451ns;277;-1;             18ms 487μs 724ns;0.000000;inf;0.000000;inf;0;1;Passing;;;0;21002
1a62a;16cfb;16b47;0;0;0000000000000080;        51s 227ms 707μs  47ns;277;-1;             17ms  76μs 742ns;0.000000;inf;0.000000;inf;0;1;Passing;;;0;21004
1a624;16cfb;16b47;0;0;0000000000000080;        51s 227ms 588μs 485ns;277;-1;             18ms 294μs 129ns;0.000000;inf;0.000000;inf;0;1;Passing;;;0;21009
1a61e;16cfb;16b47;0;0;0000000000000080;        51s 227ms 479μs 516ns;277;-1;             18ms 187μs 349ns;0.000000;inf;0.000000;inf;0;1;Passing;;;0;21010
1a61b;16cfb;16b47;0;0;0000000000000080;        51s 227ms 405μs 659ns;277;-1;             17ms 957μs 389ns;0.000000;inf;0.000000;inf;0;1;Passing;;;0;21011
1a618;16cfb;16b47;0;0;0000000000000080;        51s 227ms 367μs  95ns;277;-1;             16ms 896μs 635ns;0.000000;inf;0.000000;inf;0;1;Passing;;;0;21013
1a60c;16cfb;16b47;0;0;0000000000000080;        51s 227ms 110μs 894ns;277;-1;             13ms 773μs 796ns;0.000000;inf;0.000000;inf;0;1;Passing;;;0;21020
1a5fd;16cfb;16b47;0;0;0000000000000080;        51s 226ms 672μs 390ns;277;-1;             12ms 192μs 443ns;0.000000;inf;0.000000;inf;0;1;Passing;;;0;21021
1a5f3;16cfb;16b47;0;0;4000000000000080;        51s 226ms 529μs 122ns;277;-1;             10ms 458μs 688ns;0.000000;inf;0.000000;inf;0;1;Passing;;;0;21022
1a91b;16cfb;16b47;0;0;0000000000000080;        51s 642ms 825μs 353ns;275;-1;             16ms  26μs 337ns;0.000000;inf;0.000000;inf;0;1;Passing;;;0;21028
1a92a;16cfb;16b47;0;0;0000000000000080;        51s 643ms 278μs 144ns;275;-1;             17ms 187μs 952ns;0.000000;inf;0.000000;inf;0;1;Passing;;;0;21029
1a91e;16cfb;16b47;0;0;0000000000000080;        51s 642ms 988μs 939ns;275;-1;             19ms  30μs 927ns;0.000000;inf;0.000000;inf;0;1;Passing;;;0;21030
1a920;16cfb;16b47;0;0;0000000000000080;        51s 643ms  63μs  73ns;275;-1;             17ms 356μs 299ns;0.000000;inf;0.000000;inf;0;1;Passing;;;0;21031
1a97a;16cfb;16b47;0;0;0000000000000080;        51s 645ms 467μs 636ns;275;-1;             18ms  91μs 804ns;0.000000;inf;0.000000;inf;0;1;Passing;;;0;21037
1a974;16cfb;16b47;0;0;0000000000000080;        51s 645ms 244μs 452ns;275;-1;             17ms 912μs 952ns;0.000000;inf;0.000000;inf;0;1;Passing;;;0;21039
1a98f;16cfb;16b47;0;0;0000000000000080;        51s 646ms  71μs 966ns;275;-1;             17ms 776μs 165ns;0.000000;inf;0.000000;inf;0;1;Passing;;;0;21040
1aab1;16cfb;16b47;0;0;0000000000000080;        51s 653ms 270μs 295ns;275;-1;             18ms 777μs 417ns;0.000000;inf;0.000000;inf;0;1;Passing;;;0;21043
1aaa1;16cfb;16b47;0;0;0000000000000080;        51s 652ms 708μs 730ns;275;-1;             17ms 706μs 866ns;0.000000;inf;0.000000;inf;0;1;Passing;;;0;21047
1aa9d;16cfb;16b47;0;0;0000000000000080;        51s 652ms 536μs 907ns;275;-1;             18ms 258μs 552ns;0.000000;inf;0.000000;inf;0;1;Passing;;;0;21049
1aa9c;16cfb;16b47;0;0;0000000000000080;        51s 652ms 584μs 501ns;275;-1;             19ms 219μs 771ns;0.000000;inf;0.000000;inf;0;1;Passing;;;0;21050
1aa8f;16cfb;16b47;0;0;0000000000000080;        51s 652ms 186μs 610ns;275;-1;             18ms 588μs 364ns;0.000000;inf;0.000000;inf;0;1;Passing;;;0;21055
1aa7d;16cfb;16b47;0;0;0000000000000080;        51s 651ms 672μs 415ns;275;-1;             19ms 127μs 700ns;0.000000;inf;0.000000;inf;0;1;Passing;;;0;21061
1aa72;16cfb;16b47;0;0;0000000000000080;        51s 651ms 440μs 222ns;275;-1;             17ms 778μs 271ns;0.000000;inf;0.000000;inf;0;1;Passing;;;0;21062
1aa62;16cfb;16b47;0;0;0000000000000080;        51s 650ms 999μs 651ns;275;-1;             17ms 740μs 132ns;0.000000;inf;0.000000;inf;0;1;Passing;;;0;21070
1aa5d;16cfb;16b47;0;0;0000000000000080;        51s 650ms 870μs  87ns;275;-1;             18ms 197μs 596ns;0.000000;inf;0.000000;inf;0;1;Passing;;;0;21071
1aa50;16cfb;16b47;0;0;0000000000000080;        51s 650ms 555μs 197ns;275;-1;             17ms 833μs 660ns;0.000000;inf;0.000000;inf;0;1;Passing;;;0;21075
1aa47;16cfb;16b47;0;0;0000000000000080;        51s 650ms 250μs 615ns;275;-1;             19ms   2μs 906ns;0.000000;inf;0.000000;inf;0;1;Passing;;;0;21076
1aa35;16cfb;16b47;0;0;0000000000000080;        51s 649ms 867μs 648ns;275;-1;             18ms 143μs 858ns;0.000000;inf;0.000000;inf;0;1;Passing;;;0;21083
1aa2f;16cfb;16b47;0;0;0000000000000080;        51s 649ms 701μs 728ns;275;-1;             17ms 748μs 893ns;0.000000;inf;0.000000;inf;0;1;Passing;;;0;21084
1aa2c;16cfb;16b47;0;0;0000000000000080;        51s 649ms 628μs 678ns;275;-1;             18ms 428μs 135ns;0.000000;inf;0.000000;inf;0;1;Passing;;;0;21085
1aa28;16cfb;16b47;0;0;0000000000000080;        51s 649ms 540μs 359ns;275;-1;             18ms  73μs 699ns;0.000000;inf;0.000000;inf;0;1;Passing;;;0;21086
1aa27;16cfb;16b47;0;0;0000000000000080;        51s 649ms 498μs 337ns;275;-1;             17ms 796μs  51ns;0.000000;inf;0.000000;inf;0;1;Passing;;;0;21087
1aa21;16cfb;16b47;0;0;0000000000000080;        51s 649ms 364μs 993ns;275;-1;             18ms 242μs 453ns;0.000000;inf;0.000000;inf;0;1;Passing;;;0;21088
1aa22;16cfb;16b47;0;0;0000000000000080;        51s 649ms 355μs 924ns;275;-1;             18ms 264μs 800ns;0.000000;inf;0.000000;inf;0;1;Passing;;;0;21089
1aa1d;16cfb;16b47;0;0;0000000000000080;        51s 649ms 193μs 224ns;275;-1;             18ms 405μs  99ns;0.000000;inf;0.000000;inf;0;1;Passing;;;0;21090
1aa1a;16cfb;16b47;0;0;0000000000000080;        51s 649ms 186μs 672ns;275;-1;             18ms 332μs 565ns;0.000000;inf;0.000000;inf;0;1;Passing;;;0;21092
1aa11;16cfb;16b47;0;0;0000000000000080;        51s 648ms 959μs 145ns;275;-1;             17ms 775μs 211ns;0.000000;inf;0.000000;inf;0;1;Passing;;;0;21094
1aa0e;16cfb;16b47;0;0;0000000000000080;        51s 648ms 914μs 310ns;275;-1;             18ms  28μs 910ns;0.000000;inf;0.000000;inf;0;1;Passing;;;0;21096
1aa0b;16cfb;16b47;0;0;0000000000000080;        51s 648ms 840μs 939ns;275;-1;             17ms 567μs 504ns;0.000000;inf;0.000000;inf;0;1;Passing;;;0;21097
1aa08;16cfb;16b47;0;0;0000000000000080;        51s 648ms 795μs 492ns;275;-1;             18ms 919μs 711ns;0.000000;inf;0.000000;inf;0;1;Passing;;;0;21098
1aa02;16cfb;16b47;0;0;0000000000000080;        51s 648ms 672μs 283ns;275;-1;             17ms 340μs 917ns;0.000000;inf;0.000000;inf;0;1;Passing;;;0;21100
1a9ff;16cfb;16b47;0;0;0000000000000080;        51s 648ms 601μs 487ns;275;-1;             19ms 504μs 664ns;0.000000;inf;0.000000;inf;0;1;Passing;;;0;21101
1a9fc;16cfb;16b47;0;0;0000000000000080;        51s 648ms 553μs 486ns;275;-1;             17ms 706μs  94ns;0.000000;inf;0.000000;inf;0;1;Passing;;;0;21102
1a9f5;16cfb;16b47;0;0;0000000000000080;        51s 648ms 427μs 380ns;275;-1;             17ms 620μs 104ns;0.000000;inf;0.000000;inf;0;1;Passing;;;0;21103
1a9ed;16cfb;16b47;0;0;0000000000000080;        51s 648ms 168μs 236ns;275;-1;             17ms 977μs 779ns;0.000000;inf;0.000000;inf;0;1;Passing;;;0;21108
1a9e7;16cfb;16b47;0;0;0000000000000080;        51s 648ms  60μs 144ns;275;-1;             17ms 674μs 800ns;0.000000;inf;0.000000;inf;0;1;Passing;;;0;21109
1a9e1;16cfb;16b47;0;0;0000000000000080;        51s 647ms 952μs  60ns;275;-1;             17ms 665μs 402ns;0.000000;inf;0.000000;inf;0;1;Passing;;;0;21110
1a9dd;16cfb;16b47;0;0;0000000000000080;        51s 647ms 885μs 833ns;275;-1;             18ms  31μs 450ns;0.000000;inf;0.000000;inf;0;1;Passing;;;0;21113
1a9d7;16cfb;16b47;0;0;0000000000000080;        51s 647ms 715μs 994ns;275;-1;             17ms 516μs 138ns;0.000000;inf;0.000000;inf;0;1;Passing;;;0;21116
1a9cf;16cfb;16b47;0;0;0000000000000080;        51s 647ms 575μs 395ns;275;-1;             18ms 650μs   3ns;0.000000;inf;0.000000;inf;0;1;Passing;;;0;21117
1a9c9;16cfb;16b47;0;0;0000000000000080;        51s 647ms 445μs 357ns;275;-1;             18ms 817μs 963ns;0.000000;inf;0.000000;inf;0;1;Passing;;;0;21118
1a9c6;16cfb;16b47;0;0;0000000000000080;        51s 647ms 346μs 487ns;275;-1;             17ms 812μs 672ns;0.000000;inf;0.000000;inf;0;1;Passing;;;0;21120
1a9c3;16cfb;16b47;0;0;0000000000000080;        51s 647ms 289μs 115ns;275;-1;             17ms 508μs 576ns;0.000000;inf;0.000000;inf;0;1;Passing;;;0;21121
1a9bd;16cfb;16b47;0;0;0000000000000080;        51s 647ms 161μs 371ns;275;-1;             16ms 986μs 281ns;0.000000;inf;0.000000;inf;0;1;Passing;;;0;21124
1a9b7;16cfb;16b47;0;0;0000000000000080;        51s 647ms  35μs 105ns;275;-1;             17ms 643μs 802ns;0.000000;inf;0.000000;inf;0;1;Passing;;;0;21126
1a9b4;16cfb;16b47;0;0;0000000000000080;        51s 646ms 975μs 738ns;275;-1;             17ms 777μs 473ns;0.000000;inf;0.000000;inf;0;1;Passing;;;0;21127
1a9aa;16cfb;16b47;0;0;0000000000000080;        51s 646ms 792μs 879ns;275;-1;             17ms 946μs 721ns;0.000000;inf;0.000000;inf;0;1;Passing;;;0;21130
1a9a3;16cfb;16b47;0;0;0000000000000080;        51s 646ms 654μs 395ns;275;-1;             18ms 406μs 164ns;0.000000;inf;0.000000;inf;0;1;Passing;;;0;21131
1a99e;16cfb;16b47;0;0;0000000000000080;        51s 646ms 508μs  76ns;275;-1;             18ms 460μs 476ns;0.000000;inf;0.000000;inf;0;1;Passing;;;0;21133
1a99d;16cfb;16b47;0;0;0000000000000080;        51s 646ms 497μs 507ns;275;-1;             18ms 298μs 245ns;0.000000;inf;0.000000;inf;0;1;Passing;;;0;21134
1a996;16cfb;16b47;0;0;0000000000000080;        51s 646ms 368μs 312ns;275;-1;             17ms 848μs 392ns;0.000000;inf;0.000000;inf;0;1;Passing;;;0;21135
1a993;16cfb;16b47;0;0;0000000000000080;        51s 646ms 235μs  54ns;275;-1;             17ms 945μs 977ns;0.000000;inf;0.000000;inf;0;1;Passing;;;0;21138
1a972;16cfb;16b47;0;0;0000000000000080;        51s 645ms 240μs 404ns;275;-1;             18ms  69μs 660ns;0.000000;inf;0.000000;inf;0;1;Passing;;;0;21140
1a96f;16cfb;16b47;0;0;0000000000000080;        51s 645ms 106μs 836ns;275;-1;             17ms 945μs 527ns;0.000000;inf;0.000000;inf;0;1;Passing;;;0;21141
1a969;16cfb;16b47;0;0;0000000000000080;        51s 644ms 966μs 969ns;275;-1;             17ms 850μs 859ns;0.000000;inf;0.000000;inf;0;1;Passing;;;0;21143
1a963;16cfb;16b47;0;0;0000000000000080;        51s 644ms 891μs 359ns;275;-1;             17ms  59μs 452ns;0.000000;inf;0.000000;inf;0;1;Passing;;;0;21144
1a95a;16cfb;16b47;0;0;0000000000000080;        51s 644ms 657μs 369ns;275;-1;             16ms 478μs 289ns;0.000000;inf;0.000000;inf;0;1;Passing;;;0;21148
1a95c;16cfb;16b47;0;0;0000000000000080;        51s 644ms 585μs 961ns;275;-1;             17ms 316μs 788ns;0.000000;inf;0.000000;inf;0;1;Passing;;;0;21150
1a957;16cfb;16b47;0;0;0000000000000080;        51s 644ms 457μs 392ns;275;-1;             16ms 528μs 175ns;0.000000;inf;0.000000;inf;0;1;Passing;;;0;21153
1a94b;16cfb;16b47;0;0;0000000000000080;        51s 644ms 183μs 226ns;275;-1;             15ms 910μs 546ns;0.000000;inf;0.000000;inf;0;1;Passing;;;0;21157
1a93c;16cfb;16b47;0;0;0000000000000080;        51s 643ms 815μs 197ns;275;-1;             13ms 808μs 162ns;0.000000;inf;0.000000;inf;0;1;Passing;;;0;21158
1a933;16cfb;16b47;0;0;0000000000000080;        51s 643ms 549μs 831ns;275;-1;             12ms 806μs 405ns;0.000000;inf;0.000000;inf;0;1;Passing;;;0;21159
1a92d;16cfb;16b47;0;0;4000000000000080;        51s 643ms 496μs 383ns;275;-1;             12ms 122μs 218ns;0.000000;inf;0.000000;inf;0;1;Passing;;;0;21160
1ac55;16cfb;16b47;0;0;0000000000000080;        52s  48ms 272μs  62ns;273;-1;             14ms 631μs 248ns;0.000000;inf;0.000000;inf;0;1;Passing;;;0;21165
1ac5a;16cfb;16b47;0;0;0000000000000080;        52s  48ms 414μs 933ns;273;-1;             17ms 116μs 936ns;0.000000;inf;0.000000;inf;0;1;Passing;;;0;21166
1ac56;16cfb;16b47;0;0;0000000000000080;        52s  48ms 253μs 965ns;273;-1;             19ms 339μs 857ns;0.000000;inf;0.000000;inf;0;1;Passing;;;0;21167
1accf;16cfb;16b47;0;0;0000000000000080;        52s  50ms 929μs 428ns;273;-1;             17ms 319μs 788ns;0.000000;inf;0.000000;inf;0;1;Passing;;;0;21168
1accc;16cfb;16b47;0;0;0000000000000080;        52s  50ms 800μs 334ns;273;-1;             16ms 486μs 875ns;0.000000;inf;0.000000;inf;0;1;Passing;;;0;21171
1acc9;16cfb;16b47;0;0;0000000000000080;        52s  50ms 753μs 541ns;273;-1;             15ms 585μs 373ns;0.000000;inf;0.000000;inf;0;1;Passing;;;0;21176
1ade4;16cfb;16b47;0;0;0000000000000080;        52s  59ms  22μs 344ns;273;-1;             17ms 710μs  18ns;0.000000;inf;0.000000;inf;0;1;Passing;;;0;21182
1add4;16cfb;16b47;0;0;0000000000000080;        52s  58ms 398μs 952ns;273;-1;             18ms 268μs 551ns;0.000000;inf;0.000000;inf;0;1;Passing;;;0;21185
1add7;16cfb;16b47;0;0;0000000000000080;        52s  58ms 500μs 612ns;273;-1;             18ms 866μs 424ns;0.000000;inf;0.000000;inf;0;1;Passing;;;0;21186
1add0;16cfb;16b47;0;0;0000000000000080;        52s  58ms 295μs  71ns;273;-1;             17ms 694μs 256ns;0.000000;inf;0.000000;inf;0;1;Passing;;;0;21187
1adc5;16cfb;16b47;0;0;0000000000000080;        52s  57ms 958μs 684ns;273;-1;             18ms 406μs 673ns;0.000000;inf;0.000000;inf;0;1;Passing;;;0;21191
1adb4;16cfb;16b47;0;0;0000000000000080;        52s  57ms 554μs 596ns;273;-1;             17ms  90μs 790ns;0.000000;inf;0.000000;inf;0;1;Passing;;;0;21195
1ada7;16cfb;16b47;0;0;0000000000000080;        52s  57ms 183μs 297ns;273;-1;             18ms 396μs 423ns;0.000000;inf;0.000000;inf;0;1;Passing;;;0;21202
1ad99;16cfb;16b47;0;0;0000000000000080;        52s  56ms 805μs  37ns;273;-1;             18ms 296μs 354ns;0.000000;inf;0.000000;inf;0;1;Passing;;;0;21207
1ad92;16cfb;16b47;0;0;0000000000000080;        52s  56ms 624μs 623ns;273;-1;             18ms 697μs 865ns;0.000000;inf;0.000000;inf;0;1;Passing;;;0;21208
1ad86;16cfb;16b47;0;0;0000000000000080;        52s  56ms 332μs 549ns;273;-1;             19ms 823μs  40ns;0.000000;inf;0.000000;inf;0;1;Passing;;;0;21214
1ad7c;16cfb;16b47;0;0;0000000000000080;        52s  56ms  46μs 716ns;273;-1;             17ms 794μs 559ns;0.000000;inf;0.000000;inf;0;1;Passing;;;0;21218
1ad69;16cfb;16b47;0;0;0000000000000080;        52s  55ms 527μs 817ns;273;-1;             18ms  21μs 554ns;0.000000;inf;0.000000;inf;0;1;Passing;;;0;21222
1ad61;16cfb;16b47;0;0;0000000000000080;        52s  55ms 395μs 893ns;273;-1;             18ms 301μs 878ns;0.000000;inf;0.000000;inf;0;1;Passing;;;0;21223
1ad65;16cfb;16b47;0;0;0000000000000080;        52s  55ms 410μs 209ns;273;-1;             19ms 630μs 995ns;0.000000;inf;0.000000;inf;0;1;Passing;;;0;21224
1ad60;16cfb;16b47;0;0;0000000000000080;        52s  55ms 273μs 150ns;273;-1;             18ms 342μs 554ns;0.000000;inf;0.000000;inf;0;1;Passing;;;0;21225
1ad59;16cfb;16b47;0;0;0000000000000080;        52s  55ms 155μs 193ns;273;-1;             18ms 267μs 717ns;0.000000;inf;0.000000;inf;0;1;Passing;;;0;21226
1ad5c;16cfb;16b47;0;0;0000000000000080;        52s  55ms 149μs 232ns;273;-1;             18ms  68μs  58ns;0.000000;inf;0.000000;inf;0;1;Passing;;;0;21228
1ad56;16cfb;16b47;0;0;0000000000000080;        52s  55ms  27μs 923ns;273;-1;             18ms 326μs 941ns;0.000000;inf;0.000000;inf;0;1;Passing;;;0;21229
1ad53;16cfb;16b47;0;0;0000000000000080;        52s  54ms 910μs 608ns;273;-1;             18ms  84μs 366ns;0.000000;inf;0.000000;inf;0;1;Passing;;;0;21231
1ad47;16cfb;16b47;0;0;0000000000000080;        52s  54ms 714μs  60ns;273;-1;             18ms 844μs 640ns;0.000000;inf;0.000000;inf;0;1;Passing;;;0;21232
1ad49;16cfb;16b47;0;0;0000000000000080;        52s  54ms 662μs 281ns;273;-1;             18ms 479μs 671ns;0.000000;inf;0.000000;inf;0;1;Passing;;;0;21233
1ad44;16cfb;16b47;0;0;0000000000000080;        52s  54ms 535μs 599ns;273;-1;             17ms 961μs 999ns;0.000000;inf;0.000000;inf;0;1;Passing;;;0;21234
1ad41;16cfb;16b47;0;0;0000000000000080;        52s  54ms 487μs 481ns;273;-1;             18ms 548μs 388ns;0.000000;inf;0.000000;inf;0;1;Passing;;;0;21235
1ad39;16cfb;16b47;0;0;0000000000000080;        52s  54ms 105μs 836ns;273;-1;             18ms 107μs 635ns;0.000000;inf;0.000000;inf;0;1;Passing;;;0;21236
1ad3a;16cfb;16b47;0;0;0000000000000080;        52s  54ms  25μs  94ns;273;-1;             18ms 238μs 131ns;0.000000;inf;0.000000;inf;0;1;Passing;;;0;21237
1ad35;16cfb;16b47;0;0;0000000000000080;        52s  53ms 877μs 773ns;273;-1;             17ms 268μs 950ns;0.000000;inf;0.000000;inf;0;1;Passing;;;0;21238
1ad2f;16cfb;16b47;0;0;0000000000000080;        52s  53ms 872μs 496ns;273;-1;             16ms 523μs 254ns;0.000000;inf;0.000000;inf;0;1;Passing;;;0;21241
1ad27;16cfb;16b47;0;0;0000000000000080;        52s  53ms 567μs 869ns;273;-1;             16ms   5μs 796ns;0.000000;inf;0.000000;inf;0;1;Passing;;;0;21245
1ad1f;16cfb;16b47;0;0;0000000000000080;        52s  53ms 302μs 296ns;273;-1;             17ms 784μs 366ns;0.000000;inf;0.000000;inf;0;1;Passing;;;0;21246
1ad17;16cfb;16b47;0;0;0000000000000080;        52s  53ms  97μs 792ns;273;-1;             17ms 357μs 800ns;0.000000;inf;0.000000;inf;0;1;Passing;;;0;21249
1ad1a;16cfb;16b47;0;0;0000000000000080;        52s  53ms  97μs 810ns;273;-1;             17ms 627μs 251ns;0.000000;inf;0.000000;inf;0;1;Passing;;;0;21250
1ad11;16cfb;16b47;0;0;0000000000000080;        52s  52ms 879μs 691ns;273;-1;             17ms 490μs 378ns;0.000000;inf;0.000000;inf;0;1;Passing;;;0;21253
1ad07;16cfb;16b47;0;0;0000000000000080;        52s  52ms 645μs 647ns;273;-1;             18ms 222μs 235ns;0.000000;inf;0.000000;inf;0;1;Passing;;;0;21254
1ad02;16cfb;16b47;0;0;0000000000000080;        52s  52ms 508μs 613ns;273;-1;             18ms 400μs 209ns;0.000000;inf;0.000000;inf;0;1;Passing;;;0;21256
1acfd;16cfb;16b47;0;0;0000000000000080;        52s  52ms 481μs 993ns;273;-1;             18ms       346ns;0.000000;inf;0.000000;inf;0;1;Passing;;;0;21257
1acfe;16cfb;16b47;0;0;0000000000000080;        52s  52ms 401μs 295ns;273;-1;             16ms 690μs 326ns;0.000000;inf;0.000000;inf;0;1;Passing;;;0;21258
1acf1;16cfb;16b47;0;0;0000000000000080;        52s  51ms 986μs 212ns;273;-1;             18ms 221μs  73ns;0.000000;inf;0.000000;inf;0;1;Passing;;;0;21261
1acf4;16cfb;16b47;0;0;0000000000000080;        52s  52ms 120μs 137ns;273;-1;             20ms 280μs 407ns;0.000000;inf;0.000000;inf;0;1;Passing;;;0;21262
1acec;16cfb;16b47;0;0;0000000000000080;        52s  51ms 767μs 654ns;273;-1;             18ms 521μs  38ns;0.000000;inf;0.000000;inf;0;1;Passing;;;0;21263
1ace5;16cfb;16b47;0;0;0000000000000080;        52s  51ms 629μs  98ns;273;-1;             18ms  82μs 902ns;0.000000;inf;0.000000;inf;0;1;Passing;;;0;21264
1acda;16cfb;16b47;0;0;0000000000000080;        52s  51ms 323μs 237ns;273;-1;             17ms 737μs 188ns;0.000000;inf;0.000000;inf;0;1;Passing;;;0;21268
1acd9;16cfb;16b47;0;0;0000000000000080;        52s  51ms 292μs 981ns;273;-1;             18ms 421μs 801ns;0.000000;inf;0.000000;inf;0;1;Passing;;;0;21269
1acd6;16cfb;16b47;0;0;0000000000000080;        52s  51ms 145μs 502ns;273;-1;             17ms 727μs  74ns;0.000000;inf;0.000000;inf;0;1;Passing;;;0;21270
1acb1;16cfb;16b47;0;0;0000000000000080;        52s  50ms 199μs 243ns;273;-1;             17ms  36μs  78ns;0.000000;inf;0.000000;inf;0;1;Passing;;;0;21271
1acae;16cfb;16b47;0;0;0000000000000080;        52s  50ms 152μs 754ns;273;-1;             16ms 485μs 566ns;0.000000;inf;0.000000;inf;0;1;Passing;;;0;21273
1acaa;16cfb;16b47;0;0;0000000000000080;        52s  50ms  75μs 133ns;273;-1;             17ms 218μs 337ns;0.000000;inf;0.000000;inf;0;1;Passing;;;0;21275
1aca8;16cfb;16b47;0;0;0000000000000080;        52s  50ms  31μs 153ns;273;-1;             18ms 680μs 420ns;0.000000;inf;0.000000;inf;0;1;Passing;;;0;21277
1aca2;16cfb;16b47;0;0;0000000000000080;        52s  49ms 926μs 298ns;273;-1;             18ms 623μs 567ns;0.000000;inf;0.000000;inf;0;1;Passing;;;0;21278
1ac9c;16cfb;16b47;0;0;0000000000000080;        52s  49ms 825μs 806ns;273;-1;             17ms 490μs 426ns;0.000000;inf;0.000000;inf;0;1;Passing;;;0;21279
1ac96;16cfb;16b47;0;0;0000000000000080;        52s  49ms 681μs 336ns;273;-1;             16ms 814μs 255ns;0.000000;inf;0.000000;inf;0;1;Passing;;;0;21283
1ac92;16cfb;16b47;0;0;0000000000000080;        52s  49ms 587μs 863ns;273;-1;             17ms 107μs 947ns;0.000000;inf;0.000000;inf;0;1;Passing;;;0;21284
1ac90;16cfb;16b47;0;0;0000000000000080;        52s  49ms 563μs 698ns;273;-1;             16ms 720μs 963ns;0.000000;inf;0.000000;inf;0;1;Passing;;;0;21286
1ac84;16cfb;16b47;0;0;0000000000000080;        52s  49ms 287μs 975ns;273;-1;             15ms 596μs  66ns;0.000000;inf;0.000000;inf;0;1;Passing;;;0;21293
1ac74;16cfb;16b47;0;0;0000000000000080;        52s  48ms 962μs  29ns;273;-1;             15ms  56μs 335ns;0.000000;inf;0.000000;inf;0;1;Passing;;;0;21294
1ac6c;16cfb;16b47;0;0;0000000000000080;        52s  48ms 818μs 391ns;273;-1;             15ms 167μs 153ns;0.000000;inf;0.000000;inf;0;1;Passing;;;0;21295
1ac66;16cfb;16b47;0;0;0000000000000080;        52s  48ms 695μs 202ns;273;-1;             13ms 511μs  84ns;0.000000;inf;0.000000;inf;0;1;Passing;;;0;21296
1ac62;16cfb;16b47;0;0;4000000000000080;        52s  48ms 569μs 310ns;273;-1;             12ms 947μs 999ns;0.000000;inf;0.000000;inf;0;1;Passing;;;0;21297
1af89;16cfb;16b47;0;0;0000000000000080;        52s 452ms 517μs 897ns;271;-1;             15ms 224μs 724ns;0.000000;inf;0.000000;inf;0;1;Passing;;;0;21303
1af88;16cfb;16b47;0;0;0000000000000080;        52s 452ms 603μs 153ns;271;-1;             15ms 428μs 735ns;0.000000;inf;0.000000;inf;0;1;Passing;;;0;21304
1af8e;16cfb;16b47;0;0;0000000000000080;        52s 452ms 948μs 217ns;271;-1;             18ms 725μs 470ns;0.000000;inf;0.000000;inf;0;1;Passing;;;0;21305
1af9f;16cfb;16b47;0;0;0000000000000080;        52s 453ms 527μs 290ns;271;-1;             18ms 255μs 385ns;0.000000;inf;0.000000;inf;0;1;Passing;;;0;21307
1af99;16cfb;16b47;0;0;0000000000000080;        52s 453ms 390μs 456ns;271;-1;             16ms 948μs 827ns;0.000000;inf;0.000000;inf;0;1;Passing;;;0;21308
1afa7;16cfb;16b47;0;0;0000000000000080;        52s 453ms 714μs 534ns;271;-1;             17ms 188μs  84ns;0.000000;inf;0.000000;inf;0;1;Passing;;;0;21309
1af95;16cfb;16b47;0;0;0000000000000080;        52s 453ms 259μs  15ns;271;-1;             17ms 342μs 404ns;0.000000;inf;0.000000;inf;0;1;Passing;;;0;21310
1afe4;16cfb;16b47;0;0;0000000000000080;        52s 455ms 352μs 576ns;271;-1;             17ms  31μs 414ns;0.000000;inf;0.000000;inf;0;1;Passing;;;0;21311
1afe0;16cfb;16b47;0;0;0000000000000080;        52s 455ms 219μs 410ns;271;-1;             17ms 166μs 707ns;0.000000;inf;0.000000;inf;0;1;Passing;;;0;21312
1afde;16cfb;16b47;0;0;0000000000000080;        52s 455ms 180μs 443ns;271;-1;             17ms 116μs 209ns;0.000000;inf;0.000000;inf;0;1;Passing;;;0;21314
1b00b;16cfb;16b47;0;0;0000000000000080;        52s 456ms 374μs 350ns;271;-1;             18ms 154μs 308ns;0.000000;inf;0.000000;inf;0;1;Passing;;;0;21315
1b063;16cfb;16b47;0;0;0000000000000080;        52s 459ms 283μs 609ns;271;-1;             17ms 226μs 697ns;0.000000;inf;0.000000;inf;0;1;Passing;;;0;21316
1b116;16cfb;16b47;0;0;0000000000000080;        52s 464ms 556μs 388ns;271;-1;             17ms 241μs 877ns;0.000000;inf;0.000000;inf;0;1;Passing;;;0;21319
1b107;16cfb;16b47;0;0;0000000000000080;        52s 464ms  42μs 403ns;271;-1;             17ms 323μs 205ns;0.000000;inf;0.000000;inf;0;1;Passing;;;0;21324
1b104;16cfb;16b47;0;0;0000000000000080;        52s 463ms 975μs  39ns;271;-1;             17ms 530μs 914ns;0.000000;inf;0.000000;inf;0;1;Passing;;;0;21325
1b0f8;16cfb;16b47;0;0;0000000000000080;        52s 463ms 590μs 252ns;271;-1;             18ms 659μs 199ns;0.000000;inf;0.000000;inf;0;1;Passing;;;0;21329
1b0e6;16cfb;16b47;0;0;0000000000000080;        52s 462ms 939μs 181ns;271;-1;             17ms 765μs 937ns;0.000000;inf;0.000000;inf;0;1;Passing;;;0;21334
1b0db;16cfb;16b47;0;0;0000000000000080;        52s 462ms 639μs 810ns;271;-1;             17ms 823μs 155ns;0.000000;inf;0.000000;inf;0;1;Passing;;;0;21337
1b0cb;16cfb;16b47;0;0;0000000000000080;        52s 462ms 133μs 435ns;271;-1;             17ms 312μs 803ns;0.000000;inf;0.000000;inf;0;1;Passing;;;0;21344
1b0c4;16cfb;16b47;0;0;0000000000000080;        52s 461ms 965μs  59ns;271;-1;             19ms 615μs 655ns;0.000000;inf;0.000000;inf;0;1;Passing;;;0;21346
1b0b8;16cfb;16b47;0;0;0000000000000080;        52s 461ms 631μs 356ns;271;-1;             17ms 829μs 408ns;0.000000;inf;0.000000;inf;0;1;Passing;;;0;21349
1b0b0;16cfb;16b47;0;0;0000000000000080;        52s 461ms 489μs 759ns;271;-1;             18ms 243μs 467ns;0.000000;inf;0.000000;inf;0;1;Passing;;;0;21353
1b09e;16cfb;16b47;0;0;0000000000000080;        52s 461ms  19μs 968ns;271;-1;             16ms 846μs 843ns;0.000000;inf;0.000000;inf;0;1;Passing;;;0;21359
1b099;16cfb;16b47;0;0;0000000000000080;        52s 460ms 903μs 782ns;271;-1;             18ms 606μs 135ns;0.000000;inf;0.000000;inf;0;1;Passing;;;0;21360
1b092;16cfb;16b47;0;0;0000000000000080;        52s 460ms 802μs 341ns;271;-1;             18ms 558μs 327ns;0.000000;inf;0.000000;inf;0;1;Passing;;;0;21361
1b095;16cfb;16b47;0;0;0000000000000080;        52s 460ms 788μs 541ns;271;-1;             17ms 587μs 679ns;0.000000;inf;0.000000;inf;0;1;Passing;;;0;21362
1b08f;16cfb;16b47;0;0;0000000000000080;        52s 460ms 658μs 167ns;271;-1;             17ms 688μs 666ns;0.000000;inf;0.000000;inf;0;1;Passing;;;0;21363
1b087;16cfb;16b47;0;0;0000000000000080;        52s 460ms 569μs 124ns;271;-1;             17ms 805μs 222ns;0.000000;inf;0.000000;inf;0;1;Passing;;;0;21364
1b08c;16cfb;16b47;0;0;0000000000000080;        52s 460ms 541μs 765ns;271;-1;             17ms 670μs 828ns;0.000000;inf;0.000000;inf;0;1;Passing;;;0;21365
1b088;16cfb;16b47;0;0;0000000000000080;        52s 460ms 430μs  39ns;271;-1;             18ms  22μs 923ns;0.000000;inf;0.000000;inf;0;1;Passing;;;0;21367
1b07d;16cfb;16b47;0;0;0000000000000080;        52s 460ms 275μs 828ns;271;-1;             17ms 748μs 835ns;0.000000;inf;0.000000;inf;0;1;Passing;;;0;21369
1b07a;16cfb;16b47;0;0;0000000000000080;        52s 460ms  77μs  68ns;271;-1;             17ms 149μs 977ns;0.000000;inf;0.000000;inf;0;1;Passing;;;0;21370
1b074;16cfb;16b47;0;0;0000000000000080;        52s 460ms  24μs 166ns;271;-1;             17ms  52μs 402ns;0.000000;inf;0.000000;inf;0;1;Passing;;;0;21371
1b076;16cfb;16b47;0;0;0000000000000080;        52s 459ms 963μs 749ns;271;-1;             17ms 448μs 784ns;0.000000;inf;0.000000;inf;0;1;Passing;;;0;21373
1b06a;16cfb;16b47;0;0;0000000000000080;        52s 459ms 734μs 414ns;271;-1;             17ms  39μs 244ns;0.000000;inf;0.000000;inf;0;1;Passing;;;0;21374
1b06e;16cfb;16b47;0;0;0000000000000080;        52s 459ms 711μs   6ns;271;-1;             16ms 677μs 126ns;0.000000;inf;0.000000;inf;0;1;Passing;;;0;21377
1b068;16cfb;16b47;0;0;0000000000000080;        52s 459ms 574μs 644ns;271;-1;             16ms 921μs 604ns;0.000000;inf;0.000000;inf;0;1;Passing;;;0;21378
1b058;16cfb;16b47;0;0;0000000000000080;        52s 458ms 890μs 278ns;271;-1;             16ms 865μs 193ns;0.000000;inf;0.000000;inf;0;1;Passing;;;0;21381
1b053;16cfb;16b47;0;0;0000000000000080;        52s 458ms 726μs   8ns;271;-1;             17ms 310μs 869ns;0.000000;inf;0.000000;inf;0;1;Passing;;;0;21382
1b04e;16cfb;16b47;0;0;0000000000000080;        52s 458ms 685μs 388ns;271;-1;             17ms 391μs 146ns;0.000000;inf;0.000000;inf;0;1;Passing;;;0;21383
1b04a;16cfb;16b47;0;0;0000000000000080;        52s 458ms 430μs 508ns;271;-1;             17ms 970μs 487ns;0.000000;inf;0.000000;inf;0;1;Passing;;;0;21385
1b045;16cfb;16b47;0;0;0000000000000080;        52s 458ms 288μs 671ns;271;-1;             17ms 394μs 894ns;0.000000;inf;0.000000;inf;0;1;Passing;;;0;21388
1b03b;16cfb;16b47;0;0;0000000000000080;        52s 458ms  29μs 249ns;271;-1;             16ms 878μs 584ns;0.000000;inf;0.000000;inf;0;1;Passing;;;0;21390
1b032;16cfb;16b47;0;0;0000000000000080;        52s 457ms 916μs 510ns;271;-1;             17ms 156μs 643ns;0.000000;inf;0.000000;inf;0;1;Passing;;;0;21391
1b034;16cfb;16b47;0;0;0000000000000080;        52s 457ms 769μs 144ns;271;-1;             17ms 293μs  35ns;0.000000;inf;0.000000;inf;0;1;Passing;;;0;21392
1b02f;16cfb;16b47;0;0;0000000000000080;        52s 457ms 631μs 775ns;271;-1;             18ms 127μs 373ns;0.000000;inf;0.000000;inf;0;1;Passing;;;0;21395
1b028;16cfb;16b47;0;0;0000000000000080;        52s 457ms 585μs 476ns;271;-1;             18ms  87μs 933ns;0.000000;inf;0.000000;inf;0;1;Passing;;;0;21396
1b023;16cfb;16b47;0;0;0000000000000080;        52s 457ms 244μs 956ns;271;-1;             16ms 682μs 897ns;0.000000;inf;0.000000;inf;0;1;Passing;;;0;21400
1b01f;16cfb;16b47;0;0;0000000000000080;        52s 457ms 123μs  73ns;271;-1;             17ms 427μs 412ns;0.000000;inf;0.000000;inf;0;1;Passing;;;0;21402
1b017;16cfb;16b47;0;0;0000000000000080;        52s 456ms 836μs 988ns;271;-1;             17ms 275μs 669ns;0.000000;inf;0.000000;inf;0;1;Passing;;;0;21404
1b00f;16cfb;16b47;0;0;0000000000000080;        52s 456ms 534μs  15ns;271;-1;             17ms 866μs 452ns;0.000000;inf;0.000000;inf;0;1;Passing;;;0;21405
1b008;16cfb;16b47;0;0;0000000000000080;        52s 456ms 241μs 658ns;271;-1;             17ms 143μs 594ns;0.000000;inf;0.000000;inf;0;1;Passing;;;0;21406
1b002;16cfb;16b47;0;0;0000000000000080;        52s 456ms  94μs 759ns;271;-1;             17ms 906μs 829ns;0.000000;inf;0.000000;inf;0;1;Passing;;;0;21407
1afff;16cfb;16b47;0;0;0000000000000080;        52s 456ms  16μs 971ns;271;-1;             16ms 774μs 909ns;0.000000;inf;0.000000;inf;0;1;Passing;;;0;21410
1affc;16cfb;16b47;0;0;0000000000000080;        52s 455ms 955μs 662ns;271;-1;             16ms  18μs 745ns;0.000000;inf;0.000000;inf;0;1;Passing;;;0;21414
1afda;16cfb;16b47;0;0;0000000000000080;        52s 455ms  71μs 356ns;271;-1;             17ms 741μs 552ns;0.000000;inf;0.000000;inf;0;1;Passing;;;0;21420
1afd6;16cfb;16b47;0;0;0000000000000080;        52s 454ms 919μs 532ns;271;-1;             17ms 986μs 782ns;0.000000;inf;0.000000;inf;0;1;Passing;;;0;21421
1afcf;16cfb;16b47;0;0;0000000000000080;        52s 454ms 700μs 808ns;271;-1;             17ms 820μs  74ns;0.000000;inf;0.000000;inf;0;1;Passing;;;0;21422
1afc9;16cfb;16b47;0;0;0000000000000080;        52s 454ms 556μs 262ns;271;-1;             17ms 533μs 345ns;0.000000;inf;0.000000;inf;0;1;Passing;;;0;21424
1afc5;16cfb;16b47;0;0;0000000000000080;        52s 454ms 459μs 741ns;271;-1;             16ms 967μs 803ns;0.000000;inf;0.000000;inf;0;1;Passing;;;0;21427
1afc3;16cfb;16b47;0;0;0000000000000080;        52s 454ms 439μs 501ns;271;-1;             15ms 509μs 999ns;0.000000;inf;0.000000;inf;0;1;Passing;;;0;21431
1afb7;16cfb;16b47;0;0;4000000000000080;        52s 454ms 137μs 183ns;271;-1;              9ms 307μs  94ns;0.000000;inf;0.000000;inf;0;1;Passing;;;0;21433
1b2b7;16cfb;16b47;0;0;0000000000000080;        52s 847ms 958μs 464ns;269;-1;             13ms 683μs 645ns;0.000000;inf;0.000000;inf;0;1;Passing;;;0;21438
1b2b3;16cfb;16b47;0;0;0000000000000080;        52s 847ms 856μs 395ns;269;-1;             17ms 353μs 697ns;0.000000;inf;0.000000;inf;0;1;Passing;;;0;21440
1b2c6;16cfb;16b47;0;0;0000000000000080;        52s 848ms 428μs 130ns;269;-1;             16ms 169μs 522ns;0.000000;inf;0.000000;inf;0;1;Passing;;;0;21441
1b2c2;16cfb;16b47;0;0;0000000000000080;        52s 848ms 483μs 264ns;269;-1;             16ms 790μs 521ns;0.000000;inf;0.000000;inf;0;1;Passing;;;0;21442
1b2ba;16cfb;16b47;0;0;0000000000000080;        52s 848ms 146μs  55ns;269;-1;             18ms 169μs 472ns;0.000000;inf;0.000000;inf;0;1;Passing;;;0;21445
1b308;16cfb;16b47;0;0;0000000000000080;        52s 850ms 728μs 808ns;269;-1;             16ms 691μs 914ns;0.000000;inf;0.000000;inf;0;1;Passing;;;0;21446
1b30b;16cfb;16b47;0;0;0000000000000080;        52s 850ms 716μs 691ns;269;-1;             16ms 757μs  87ns;0.000000;inf;0.000000;inf;0;1;Passing;;;0;21447
1b302;16cfb;16b47;0;0;0000000000000080;        52s 850ms 442μs 282ns;269;-1;             16ms 970μs 936ns;0.000000;inf;0.000000;inf;0;1;Passing;;;0;21448
1b2fc;16cfb;16b47;0;0;0000000000000080;        52s 850ms 268μs 559ns;269;-1;             17ms 751μs 918ns;0.000000;inf;0.000000;inf;0;1;Passing;;;0;21449
1b2f7;16cfb;16b47;0;0;0000000000000080;        52s 850ms 134μs 561ns;269;-1;             17ms 607μs  50ns;0.000000;inf;0.000000;inf;0;1;Passing;;;0;21451
1b440;16cfb;16b47;0;0;0000000000000080;        52s 858ms 881μs 732ns;269;-1;             17ms 302μs 348ns;0.000000;inf;0.000000;inf;0;1;Passing;;;0;21453
1b431;16cfb;16b47;0;0;0000000000000080;        52s 858ms 400μs 136ns;269;-1;             18ms 261μs 720ns;0.000000;inf;0.000000;inf;0;1;Passing;;;0;21458
1b42e;16cfb;16b47;0;0;0000000000000080;        52s 858ms 288μs 481ns;269;-1;             17ms 467μs 449ns;0.000000;inf;0.000000;inf;0;1;Passing;;;0;21459
1b422;16cfb;16b47;0;0;0000000000000080;        52s 857ms 988μs 593ns;269;-1;             17ms 544μs 374ns;0.000000;inf;0.000000;inf;0;1;Passing;;;0;21462
1b410;16cfb;16b47;0;0;0000000000000080;        52s 857ms 381μs 204ns;269;-1;             17ms 435μs  59ns;0.000000;inf;0.000000;inf;0;1;Passing;;;0;21471
1b403;16cfb;16b47;0;0;0000000000000080;        52s 856ms 969μs 719ns;269;-1;             16ms 181μs 843ns;0.000000;inf;0.000000;inf;0;1;Passing;;;0;21473
1b3f6;16cfb;16b47;0;0;0000000000000080;        52s 856ms 628μs 810ns;269;-1;             17ms 242μs 866ns;0.000000;inf;0.000000;inf;0;1;Passing;;;0;21479
1b3f0;16cfb;16b47;0;0;0000000000000080;        52s 856ms 458μs 497ns;269;-1;             19ms 487μs 642ns;0.000000;inf;0.000000;inf;0;1;Passing;;;0;21481
1b3e4;16cfb;16b47;0;0;0000000000000080;        52s 856ms 142μs 182ns;269;-1;             16ms 758μs 715ns;0.000000;inf;0.000000;inf;0;1;Passing;;;0;21485
1b3da;16cfb;16b47;0;0;0000000000000080;        52s 855ms 869μs 620ns;269;-1;             19ms 324μs  13ns;0.000000;inf;0.000000;inf;0;1;Passing;;;0;21487
1b3c8;16cfb;16b47;0;0;0000000000000080;        52s 855ms 507μs 359ns;269;-1;             17ms 917μs 380ns;0.000000;inf;0.000000;inf;0;1;Passing;;;0;21493
1b3c2;16cfb;16b47;0;0;0000000000000080;        52s 855ms 415μs 438ns;269;-1;             18ms 269μs 422ns;0.000000;inf;0.000000;inf;0;1;Passing;;;0;21494
1b3bf;16cfb;16b47;0;0;0000000000000080;        52s 855ms 239μs 621ns;269;-1;             17ms 743μs 510ns;0.000000;inf;0.000000;inf;0;1;Passing;;;0;21495
1b3bc;16cfb;16b47;0;0;0000000000000080;        52s 855ms 205μs 710ns;269;-1;             17ms 437μs 745ns;0.000000;inf;0.000000;inf;0;1;Passing;;;0;21496
1b3b9;16cfb;16b47;0;0;0000000000000080;        52s 855ms 125μs 782ns;269;-1;             17ms 281μs 992ns;0.000000;inf;0.000000;inf;0;1;Passing;;;0;21497
1b3b6;16cfb;16b47;0;0;0000000000000080;        52s 855ms  80μs 913ns;269;-1;             17ms  70μs 514ns;0.000000;inf;0.000000;inf;0;1;Passing;;;0;21498
1b3b3;16cfb;16b47;0;0;0000000000000080;        52s 855ms  10μs 224ns;269;-1;             17ms  32μs 796ns;0.000000;inf;0.000000;inf;0;1;Passing;;;0;21500
1b3b0;16cfb;16b47;0;0;0000000000000080;        52s 854ms 957μs 534ns;269;-1;             16ms 764μs  33ns;0.000000;inf;0.000000;inf;0;1;Passing;;;0;21501
1b3a8;16cfb;16b47;0;0;0000000000000080;        52s 854ms 779μs 187ns;269;-1;             18ms 164μs 451ns;0.000000;inf;0.000000;inf;0;1;Passing;;;0;21504
1b3a2;16cfb;16b47;0;0;0000000000000080;        52s 854ms 674μs  35ns;269;-1;             18ms 466μs 939ns;0.000000;inf;0.000000;inf;0;1;Passing;;;0;21505
1b3a3;16cfb;16b47;0;0;0000000000000080;        52s 854ms 657μs 226ns;269;-1;             17ms 877μs 976ns;0.000000;inf;0.000000;inf;0;1;Passing;;;0;21506
1b39d;16cfb;16b47;0;0;0000000000000080;        52s 854ms 480μs 966ns;269;-1;             17ms 397μs  88ns;0.000000;inf;0.000000;inf;0;1;Passing;;;0;21507
1b396;16cfb;16b47;0;0;0000000000000080;        52s 854ms 298μs 854ns;269;-1;             16ms 389μs 721ns;0.000000;inf;0.000000;inf;0;1;Passing;;;0;21509
1b392;16cfb;16b47;0;0;0000000000000080;        52s 854ms 122μs 165ns;269;-1;             17ms 241μs 277ns;0.000000;inf;0.000000;inf;0;1;Passing;;;0;21510
1b397;16cfb;16b47;0;0;0000000000000080;        52s 854ms 286μs 251ns;269;-1;             18ms 178μs 898ns;0.000000;inf;0.000000;inf;0;1;Passing;;;0;21511
1b38c;16cfb;16b47;0;0;0000000000000080;        52s 853ms 996μs 571ns;269;-1;             17ms 380μs  90ns;0.000000;inf;0.000000;inf;0;1;Passing;;;0;21512
1b383;16cfb;16b47;0;0;0000000000000080;        52s 853ms 837μs 654ns;269;-1;             17ms 609μs  75ns;0.000000;inf;0.000000;inf;0;1;Passing;;;0;21517
1b37d;16cfb;16b47;0;0;0000000000000080;        52s 853ms 687μs 561ns;269;-1;             17ms 252μs 677ns;0.000000;inf;0.000000;inf;0;1;Passing;;;0;21518
1b377;16cfb;16b47;0;0;0000000000000080;        52s 853ms 553μs  18ns;269;-1;             17ms  91μs 538ns;0.000000;inf;0.000000;inf;0;1;Passing;;;0;21520
1b374;16cfb;16b47;0;0;0000000000000080;        52s 853ms 504μs 976ns;269;-1;             17ms 222μs 294ns;0.000000;inf;0.000000;inf;0;1;Passing;;;0;21521
1b36e;16cfb;16b47;0;0;0000000000000080;        52s 853ms 377μs 510ns;269;-1;             17ms 149μs 751ns;0.000000;inf;0.000000;inf;0;1;Passing;;;0;21524
1b365;16cfb;16b47;0;0;0000000000000080;        52s 853ms 151μs 869ns;269;-1;             17ms 162μs 640ns;0.000000;inf;0.000000;inf;0;1;Passing;;;0;21526
1b35f;16cfb;16b47;0;0;0000000000000080;        52s 853ms  29μs 630ns;269;-1;             17ms 663μs  98ns;0.000000;inf;0.000000;inf;0;1;Passing;;;0;21528
1b35c;16cfb;16b47;0;0;0000000000000080;        52s 852ms 968μs 772ns;269;-1;             17ms  22μs 344ns;0.000000;inf;0.000000;inf;0;1;Passing;;;0;21529
1b359;16cfb;16b47;0;0;0000000000000080;        52s 852ms 895μs 222ns;269;-1;             17ms 268μs 439ns;0.000000;inf;0.000000;inf;0;1;Passing;;;0;21530
1b353;16cfb;16b47;0;0;0000000000000080;        52s 852ms 766μs 449ns;269;-1;             16ms 740μs 800ns;0.000000;inf;0.000000;inf;0;1;Passing;;;0;21532
1b34d;16cfb;16b47;0;0;0000000000000080;        52s 852ms 626μs 786ns;269;-1;             17ms  80μs  66ns;0.000000;inf;0.000000;inf;0;1;Passing;;;0;21534
1b34a;16cfb;16b47;0;0;0000000000000080;        52s 852ms 558μs 306ns;269;-1;             17ms  48μs 209ns;0.000000;inf;0.000000;inf;0;1;Passing;;;0;21536
1b341;16cfb;16b47;0;0;0000000000000080;        52s 852ms 372μs 401ns;269;-1;             17ms 222μs 516ns;0.000000;inf;0.000000;inf;0;1;Passing;;;0;21539
1b338;16cfb;16b47;0;0;0000000000000080;        52s 852ms 152μs 345ns;269;-1;             18ms 731μs 614ns;0.000000;inf;0.000000;inf;0;1;Passing;;;0;21541
1b335;16cfb;16b47;0;0;0000000000000080;        52s 852ms  89μs 814ns;269;-1;             17ms 933μs 767ns;0.000000;inf;0.000000;inf;0;1;Passing;;;0;21542
1b32f;16cfb;16b47;0;0;0000000000000080;        52s 851ms 957μs 439ns;269;-1;             18ms 268μs 677ns;0.000000;inf;0.000000;inf;0;1;Passing;;;0;21543
1b32c;16cfb;16b47;0;0;0000000000000080;        52s 851ms 889μs 887ns;269;-1;             17ms 551μs 347ns;0.000000;inf;0.000000;inf;0;1;Passing;;;0;21546
1b329;16cfb;16b47;0;0;0000000000000080;        52s 851ms 831μs 881ns;269;-1;             17ms 513μs 450ns;0.000000;inf;0.000000;inf;0;1;Passing;;;0;21547
1b30f;16cfb;16b47;0;0;0000000000000080;        52s 851ms  16μs 831ns;269;-1;             16ms 399μs 731ns;0.000000;inf;0.000000;inf;0;1;Passing;;;0;21555
1b311;16cfb;16b47;0;0;0000000000000080;        52s 850ms 995μs 221ns;269;-1;             17ms 346μs 559ns;0.000000;inf;0.000000;inf;0;1;Passing;;;0;21557
1b2f3;16cfb;16b47;0;0;0000000000000080;        52s 849ms 846μs 299ns;269;-1;             16ms 494μs 417ns;0.000000;inf;0.000000;inf;0;1;Passing;;;0;21559
1b2f0;16cfb;16b47;0;0;0000000000000080;        52s 849ms 834μs 655ns;269;-1;             16ms 454μs 236ns;0.000000;inf;0.000000;inf;0;1;Passing;;;0;21560
1b2e4;16cfb;16b47;0;0;0000000000000080;        52s 849ms 441μs 803ns;269;-1;             13ms 788μs 482ns;0.000000;inf;0.000000;inf;0;1;Passing;;;0;21566
1b2d5;16cfb;16b47;0;0;0000000000000080;        52s 849ms  43μs 411ns;269;-1;             10ms 750μs 300ns;0.000000;inf;0.000000;inf;0;1;Passing;;;0;21567
1b2cc;16cfb;16b47;0;0;4000000000000080;        52s 848ms 763μs 421ns;269;-1;              9ms 587μs  40ns;0.000000;inf;0.000000;inf;0;1;Passing;;;0;21568
1b5da;16cfb;16b47;0;0;0000000000000080;        53s 235ms 393μs 961ns;267;-1;             17ms 122μs 173ns;0.000000;inf;0.000000;inf;0;1;Passing;;;0;21573
1b5e7;16cfb;16b47;0;0;0000000000000080;        53s 235ms 926μs 519ns;267;-1;             17ms 266μs 835ns;0.000000;inf;0.000000;inf;0;1;Passing;;;0;21574
1b5ea;16cfb;16b47;0;0;0000000000000080;        53s 235ms 970μs 520ns;267;-1;             18ms 351μs 380ns;0.000000;inf;0.000000;inf;0;1;Passing;;;0;21575
1b5df;16cfb;16b47;0;0;0000000000000080;        53s 235ms 655μs 994ns;267;-1;             17ms 622μs 664ns;0.000000;inf;0.000000;inf;0;1;Passing;;;0;21576
1b5f0;16cfb;16b47;0;0;0000000000000080;        53s 236ms 115μs 128ns;267;-1;             17ms 595μs 603ns;0.000000;inf;0.000000;inf;0;1;Passing;;;0;21577
1b635;16cfb;16b47;0;0;0000000000000080;        53s 238ms 219μs 652ns;267;-1;             17ms 603μs 166ns;0.000000;inf;0.000000;inf;0;1;Passing;;;0;21578
1b62f;16cfb;16b47;0;0;0000000000000080;        53s 237ms 937μs  68ns;267;-1;             17ms 769μs 182ns;0.000000;inf;0.000000;inf;0;1;Passing;;;0;21579
1b631;16cfb;16b47;0;0;0000000000000080;        53s 237ms 875μs 204ns;267;-1;             17ms 623μs 922ns;0.000000;inf;0.000000;inf;0;1;Passing;;;0;21580
1b62c;16cfb;16b47;0;0;0000000000000080;        53s 237ms 716μs 161ns;267;-1;             17ms 784μs 868ns;0.000000;inf;0.000000;inf;0;1;Passing;;;0;21581
1b627;16cfb;16b47;0;0;0000000000000080;        53s 237ms 666μs 895ns;267;-1;             16ms 671μs 857ns;0.000000;inf;0.000000;inf;0;1;Passing;;;0;21585
1b689;16cfb;16b47;0;0;0000000000000080;        53s 240ms 744μs 290ns;267;-1;             16ms 341μs 547ns;0.000000;inf;0.000000;inf;0;1;Passing;;;0;21587
1b764;16cfb;16b47;0;0;0000000000000080;        53s 246ms 911μs 623ns;267;-1;             18ms 542μs 194ns;0.000000;inf;0.000000;inf;0;1;Passing;;;0;21590
1b755;16cfb;16b47;0;0;0000000000000080;        53s 246ms 431μs 722ns;267;-1;             17ms 214μs 779ns;0.000000;inf;0.000000;inf;0;1;Passing;;;0;21594
1b751;16cfb;16b47;0;0;0000000000000080;        53s 246ms 363μs 461ns;267;-1;             17ms 396μs 891ns;0.000000;inf;0.000000;inf;0;1;Passing;;;0;21595
1b746;16cfb;16b47;0;0;0000000000000080;        53s 245ms 984μs 218ns;267;-1;             18ms  15μs 649ns;0.000000;inf;0.000000;inf;0;1;Passing;;;0;21600
1b734;16cfb;16b47;0;0;0000000000000080;        53s 245ms 509μs 127ns;267;-1;             16ms 294μs 977ns;0.000000;inf;0.000000;inf;0;1;Passing;;;0;21605
1b727;16cfb;16b47;0;0;0000000000000080;        53s 245ms 104μs 341ns;267;-1;             17ms 534μs  65ns;0.000000;inf;0.000000;inf;0;1;Passing;;;0;21610
1b718;16cfb;16b47;0;0;0000000000000080;        53s 244ms 729μs 600ns;267;-1;             17ms 122μs 452ns;0.000000;inf;0.000000;inf;0;1;Passing;;;0;21614
1b712;16cfb;16b47;0;0;0000000000000080;        53s 244ms 514μs 833ns;267;-1;             17ms 380μs 215ns;0.000000;inf;0.000000;inf;0;1;Passing;;;0;21618
1b707;16cfb;16b47;0;0;0000000000000080;        53s 244ms 225μs 448ns;267;-1;             17ms 365μs 315ns;0.000000;inf;0.000000;inf;0;1;Passing;;;0;21620
1b6fd;16cfb;16b47;0;0;0000000000000080;        53s 243ms 962μs 982ns;267;-1;             16ms 755μs  38ns;0.000000;inf;0.000000;inf;0;1;Passing;;;0;21624
1b6ec;16cfb;16b47;0;0;0000000000000080;        53s 243ms 388μs 246ns;267;-1;             16ms 955μs 104ns;0.000000;inf;0.000000;inf;0;1;Passing;;;0;21629
1b6e6;16cfb;16b47;0;0;0000000000000080;        53s 243ms 199μs 681ns;267;-1;             17ms  99μs 868ns;0.000000;inf;0.000000;inf;0;1;Passing;;;0;21630
1b6e3;16cfb;16b47;0;0;0000000000000080;        53s 243ms  94μs 489ns;267;-1;             17ms 126μs 237ns;0.000000;inf;0.000000;inf;0;1;Passing;;;0;21631
1b6e0;16cfb;16b47;0;0;0000000000000080;        53s 243ms  35μs  51ns;267;-1;             17ms 468μs 524ns;0.000000;inf;0.000000;inf;0;1;Passing;;;0;21632
1b6dd;16cfb;16b47;0;0;0000000000000080;        53s 242ms 953μs 452ns;267;-1;             18ms 229μs 427ns;0.000000;inf;0.000000;inf;0;1;Passing;;;0;21633
1b6d9;16cfb;16b47;0;0;0000000000000080;        53s 242ms 864μs 644ns;267;-1;             17ms 516μs 958ns;0.000000;inf;0.000000;inf;0;1;Passing;;;0;21634
1b6d8;16cfb;16b47;0;0;0000000000000080;        53s 242ms 813μs 362ns;267;-1;             17ms 893μs  48ns;0.000000;inf;0.000000;inf;0;1;Passing;;;0;21636
1b6d3;16cfb;16b47;0;0;0000000000000080;        53s 242ms 695μs 214ns;267;-1;             17ms 611μs  29ns;0.000000;inf;0.000000;inf;0;1;Passing;;;0;21637
1b6cb;16cfb;16b47;0;0;0000000000000080;        53s 242ms 499μs 165ns;267;-1;             17ms 754μs 999ns;0.000000;inf;0.000000;inf;0;1;Passing;;;0;21639
1b6c8;16cfb;16b47;0;0;0000000000000080;        53s 242ms 371μs 125ns;267;-1;             17ms 184μs  41ns;0.000000;inf;0.000000;inf;0;1;Passing;;;0;21640
1b6c2;16cfb;16b47;0;0;0000000000000080;        53s 242ms 237μs 857ns;267;-1;             17ms 544μs 662ns;0.000000;inf;0.000000;inf;0;1;Passing;;;0;21641
1b6c5;16cfb;16b47;0;0;0000000000000080;        53s 242ms 342μs 690ns;267;-1;             18ms 768μs  50ns;0.000000;inf;0.000000;inf;0;1;Passing;;;0;21643
1b6bc;16cfb;16b47;0;0;0000000000000080;        53s 242ms 124μs 567ns;267;-1;             16ms 868μs 494ns;0.000000;inf;0.000000;inf;0;1;Passing;;;0;21644
1b6b7;16cfb;16b47;0;0;0000000000000080;        53s 242ms  40μs 665ns;267;-1;             16ms 647μs 587ns;0.000000;inf;0.000000;inf;0;1;Passing;;;0;21646
1b6b8;16cfb;16b47;0;0;0000000000000080;        53s 242ms  10μs 763ns;267;-1;             17ms 243μs 302ns;0.000000;inf;0.000000;inf;0;1;Passing;;;0;21648
1b6b0;16cfb;16b47;0;0;0000000000000080;        53s 241ms 854μs 539ns;267;-1;             19ms 572μs 401ns;0.000000;inf;0.000000;inf;0;1;Passing;;;0;21649
1b6a7;16cfb;16b47;0;0;0000000000000080;        53s 241ms 627μs 211ns;267;-1;             16ms 843μs  39ns;0.000000;inf;0.000000;inf;0;1;Passing;;;0;21652
1b6a2;16cfb;16b47;0;0;0000000000000080;        53s 241ms 506μs 837ns;267;-1;             16ms 688μs 617ns;0.000000;inf;0.000000;inf;0;1;Passing;;;0;21654
1b69b;16cfb;16b47;0;0;0000000000000080;        53s 241ms 380μs 642ns;267;-1;             17ms 275μs 860ns;0.000000;inf;0.000000;inf;0;1;Passing;;;0;21655
1b698;16cfb;16b47;0;0;0000000000000080;        53s 241ms 252μs 879ns;267;-1;             16ms 944μs 455ns;0.000000;inf;0.000000;inf;0;1;Passing;;;0;21657
1b692;16cfb;16b47;0;0;0000000000000080;        53s 241ms 128μs 207ns;267;-1;             16ms 731μs 934ns;0.000000;inf;0.000000;inf;0;1;Passing;;;0;21661
1b682;16cfb;16b47;0;0;0000000000000080;        53s 240ms 498μs 658ns;267;-1;             17ms 419μs 412ns;0.000000;inf;0.000000;inf;0;1;Passing;;;0;21663
1b681;16cfb;16b47;0;0;0000000000000080;        53s 240ms 407μs 903ns;267;-1;             17ms 324μs 106ns;0.000000;inf;0.000000;inf;0;1;Passing;;;0;21664
1b67d;16cfb;16b47;0;0;0000000000000080;        53s 240ms 280μs  86ns;267;-1;             18ms 243μs 692ns;0.000000;inf;0.000000;inf;0;1;Passing;;;0;21666
1b678;16cfb;16b47;0;0;0000000000000080;        53s 240ms 169μs 933ns;267;-1;             17ms 535μs 379ns;0.000000;inf;0.000000;inf;0;1;Passing;;;0;21667
1b66f;16cfb;16b47;0;0;0000000000000080;        53s 239ms 949μs 968ns;267;-1;             17ms 359μs 578ns;0.000000;inf;0.000000;inf;0;1;Passing;;;0;21670
1b670;16cfb;16b47;0;0;0000000000000080;        53s 240ms  57μs 801ns;267;-1;             17ms 936μs 557ns;0.000000;inf;0.000000;inf;0;1;Passing;;;0;21671
1b665;16cfb;16b47;0;0;0000000000000080;        53s 239ms 705μs 645ns;267;-1;             16ms 456μs 542ns;0.000000;inf;0.000000;inf;0;1;Passing;;;0;21674
1b65c;16cfb;16b47;0;0;0000000000000080;        53s 239ms 473μs 146ns;267;-1;             17ms 593μs 520ns;0.000000;inf;0.000000;inf;0;1;Passing;;;0;21676
1b653;16cfb;16b47;0;0;0000000000000080;        53s 239ms 208μs 598ns;267;-1;             17ms 749μs 923ns;0.000000;inf;0.000000;inf;0;1;Passing;;;0;21677
1b658;16cfb;16b47;0;0;0000000000000080;        53s 239ms 356μs 292ns;267;-1;             19ms 938μs 118ns;0.000000;inf;0.000000;inf;0;1;Passing;;;0;21678
1b64f;16cfb;16b47;0;0;0000000000000080;        53s 239ms 170μs 813ns;267;-1;             17ms 569μs 365ns;0.000000;inf;0.000000;inf;0;1;Passing;;;0;21679
1b64d;16cfb;16b47;0;0;0000000000000080;        53s 239ms  85μs 148ns;267;-1;             17ms   2μs 335ns;0.000000;inf;0.000000;inf;0;1;Passing;;;0;21681
1b620;16cfb;16b47;0;0;0000000000000080;        53s 237ms 444μs 735ns;267;-1;             17ms 613μs 980ns;0.000000;inf;0.000000;inf;0;1;Passing;;;0;21690
1b619;16cfb;16b47;0;0;0000000000000080;        53s 237ms 207μs 437ns;267;-1;             16ms 837μs   0ns;0.000000;inf;0.000000;inf;0;1;Passing;;;0;21691
1b617;16cfb;16b47;0;0;0000000000000080;        53s 237ms 254μs 661ns;267;-1;             17ms 194μs 679ns;0.000000;inf;0.000000;inf;0;1;Passing;;;0;21692
1b614;16cfb;16b47;0;0;0000000000000080;        53s 237ms  81μs 341ns;267;-1;             17ms 552μs 290ns;0.000000;inf;0.000000;inf;0;1;Passing;;;0;21693
1b608;16cfb;16b47;0;0;0000000000000080;        53s 236ms 880μs 766ns;267;-1;             13ms 338μs 673ns;0.000000;inf;0.000000;inf;0;1;Passing;;;0;21701
1b5f9;16cfb;16b47;0;0;4000000000000080;        53s 236ms 455μs 239ns;267;-1;              8ms 385μs 728ns;0.000000;inf;0.000000;inf;0;1;Passing;;;0;21702
1b8fb;16cfb;16b47;0;0;0000000000000080;        53s 615ms  65μs 721ns;265;-1;             14ms 847μs 864ns;0.000000;inf;0.000000;inf;0;1;Passing;;;0;21710
1b900;16cfb;16b47;0;0;0000000000000080;        53s 615ms 232μs 117ns;265;-1;             16ms 885μs  25ns;0.000000;inf;0.000000;inf;0;1;Passing;;;0;21712
1b91a;16cfb;16b47;0;0;0000000000000080;        53s 615ms 832μs 446ns;265;-1;             16ms 232μs 182ns;0.000000;inf;0.000000;inf;0;1;Passing;;;0;21713
1b911;16cfb;16b47;0;0;0000000000000080;        53s 615ms 663μs 580ns;265;-1;             16ms 539μs 856ns;0.000000;inf;0.000000;inf;0;1;Passing;;;0;21715
1b90c;16cfb;16b47;0;0;0000000000000080;        53s 615ms 552μs  53ns;265;-1;             16ms 819μs 815ns;0.000000;inf;0.000000;inf;0;1;Passing;;;0;21716
1b907;16cfb;16b47;0;0;0000000000000080;        53s 615ms 398μs 926ns;265;-1;             16ms 248μs 589ns;0.000000;inf;0.000000;inf;0;1;Passing;;;0;21719
1b96e;16cfb;16b47;0;0;0000000000000080;        53s 617ms 639μs 979ns;265;-1;             16ms 200μs 395ns;0.000000;inf;0.000000;inf;0;1;Passing;;;0;21720
1ba82;16cfb;16b47;0;0;0000000000000080;        53s 624ms 728μs  55ns;265;-1;             16ms 588μs 654ns;0.000000;inf;0.000000;inf;0;1;Passing;;;0;21725
1ba74;16cfb;16b47;0;0;0000000000000080;        53s 624ms 243μs 681ns;265;-1;             16ms 568μs 946ns;0.000000;inf;0.000000;inf;0;1;Passing;;;0;21729
1ba6f;16cfb;16b47;0;0;0000000000000080;        53s 624ms  71μs 392ns;265;-1;             16ms 593μs 127ns;0.000000;inf;0.000000;inf;0;1;Passing;;;0;21730
1ba63;16cfb;16b47;0;0;0000000000000080;        53s 623ms 685μs 445ns;265;-1;             17ms 413μs 259ns;0.000000;inf;0.000000;inf;0;1;Passing;;;0;21734
1ba52;16cfb;16b47;0;0;0000000000000080;        53s 623ms 137μs 954ns;265;-1;             17ms 377μs  72ns;0.000000;inf;0.000000;inf;0;1;Passing;;;0;21740
1ba45;16cfb;16b47;0;0;0000000000000080;        53s 622ms 731μs 576ns;265;-1;             16ms 907μs 433ns;0.000000;inf;0.000000;inf;0;1;Passing;;;0;21745
1ba37;16cfb;16b47;0;0;0000000000000080;        53s 622ms 409μs 313ns;265;-1;             16ms 976μs 487ns;0.000000;inf;0.000000;inf;0;1;Passing;;;0;21748
1ba2f;16cfb;16b47;0;0;0000000000000080;        53s 622ms 227μs 661ns;265;-1;             17ms 856μs 811ns;0.000000;inf;0.000000;inf;0;1;Passing;;;0;21751
1ba25;16cfb;16b47;0;0;0000000000000080;        53s 621ms 918μs 838ns;265;-1;             16ms 822μs 967ns;0.000000;inf;0.000000;inf;0;1;Passing;;;0;21755
1ba1c;16cfb;16b47;0;0;0000000000000080;        53s 621ms 718μs 153ns;265;-1;             16ms 796μs 737ns;0.000000;inf;0.000000;inf;0;1;Passing;;;0;21757
1ba0b;16cfb;16b47;0;0;0000000000000080;        53s 621ms 203μs  27ns;265;-1;             17ms 905μs 784ns;0.000000;inf;0.000000;inf;0;1;Passing;;;0;21762
1ba00;16cfb;16b47;0;0;0000000000000080;        53s 620ms 925μs 356ns;265;-1;             17ms 506μs 321ns;0.000000;inf;0.000000;inf;0;1;Passing;;;0;21764
1ba05;16cfb;16b47;0;0;0000000000000080;        53s 621ms  46μs 886ns;265;-1;             18ms 145μs 265ns;0.000000;inf;0.000000;inf;0;1;Passing;;;0;21765
1b9fe;16cfb;16b47;0;0;0000000000000080;        53s 620ms 912μs 811ns;265;-1;             16ms 888μs 365ns;0.000000;inf;0.000000;inf;0;1;Passing;;;0;21766
1b9fb;16cfb;16b47;0;0;0000000000000080;        53s 620ms 815μs 543ns;265;-1;             16ms 559μs   1ns;0.000000;inf;0.000000;inf;0;1;Passing;;;0;21767
1b9f8;16cfb;16b47;0;0;0000000000000080;        53s 620ms 784μs 103ns;265;-1;             16ms 673μs 602ns;0.000000;inf;0.000000;inf;0;1;Passing;;;0;21768
1b9f5;16cfb;16b47;0;0;0000000000000080;        53s 620ms 704μs  25ns;265;-1;             17ms  92μs 440ns;0.000000;inf;0.000000;inf;0;1;Passing;;;0;21771
1b9f2;16cfb;16b47;0;0;0000000000000080;        53s 620ms 665μs 311ns;265;-1;             17ms  28μs 464ns;0.000000;inf;0.000000;inf;0;1;Passing;;;0;21772
1b9e9;16cfb;16b47;0;0;0000000000000080;        53s 620ms 496μs 213ns;265;-1;             16ms 679μs 778ns;0.000000;inf;0.000000;inf;0;1;Passing;;;0;21773
1b9e6;16cfb;16b47;0;0;0000000000000080;        53s 620ms 440μs 157ns;265;-1;             16ms  85μs 264ns;0.000000;inf;0.000000;inf;0;1;Passing;;;0;21775
1b9e3;16cfb;16b47;0;0;0000000000000080;        53s 620ms 388μs 848ns;265;-1;             16ms 839μs 840ns;0.000000;inf;0.000000;inf;0;1;Passing;;;0;21776
1b9e0;16cfb;16b47;0;0;0000000000000080;        53s 620ms 302μs 855ns;265;-1;             16ms 889μs  15ns;0.000000;inf;0.000000;inf;0;1;Passing;;;0;21777
1b9da;16cfb;16b47;0;0;0000000000000080;        53s 620ms 186μs 419ns;265;-1;             17ms 179μs  62ns;0.000000;inf;0.000000;inf;0;1;Passing;;;0;21778
1b9d7;16cfb;16b47;0;0;0000000000000080;        53s 620ms 140μs 397ns;265;-1;             16ms 604μs 222ns;0.000000;inf;0.000000;inf;0;1;Passing;;;0;21780
1b9d4;16cfb;16b47;0;0;0000000000000080;        53s 620ms  65μs 940ns;265;-1;             16ms 812μs 247ns;0.000000;inf;0.000000;inf;0;1;Passing;;;0;21781
1b9ce;16cfb;16b47;0;0;0000000000000080;        53s 619ms 948μs 237ns;265;-1;             17ms 161μs 851ns;0.000000;inf;0.000000;inf;0;1;Passing;;;0;21782
1b9c5;16cfb;16b47;0;0;0000000000000080;        53s 619ms 783μs 390ns;265;-1;             16ms 441μs 505ns;0.000000;inf;0.000000;inf;0;1;Passing;;;0;21786
1b9be;16cfb;16b47;0;0;0000000000000080;        53s 619ms 662μs 666ns;265;-1;             16ms 493μs 340ns;0.000000;inf;0.000000;inf;0;1;Passing;;;0;21788
1b9b8;16cfb;16b47;0;0;0000000000000080;        53s 619ms 547μs 259ns;265;-1;             16ms 851μs 271ns;0.000000;inf;0.000000;inf;0;1;Passing;;;0;21789
1b9b7;16cfb;16b47;0;0;0000000000000080;        53s 619ms 523μs  19ns;265;-1;             16ms 515μs 891ns;0.000000;inf;0.000000;inf;0;1;Passing;;;0;21791
1b9b1;16cfb;16b47;0;0;0000000000000080;        53s 619ms 407μs   4ns;265;-1;             16ms 735μs 878ns;0.000000;inf;0.000000;inf;0;1;Passing;;;0;21795
1b9a6;16cfb;16b47;0;0;0000000000000080;        53s 619ms 127μs 598ns;265;-1;             17ms 193μs 930ns;0.000000;inf;0.000000;inf;0;1;Passing;;;0;21797
1b9a0;16cfb;16b47;0;0;0000000000000080;        53s 618ms 996μs 569ns;265;-1;             17ms 232μs 969ns;0.000000;inf;0.000000;inf;0;1;Passing;;;0;21798
1b99f;16cfb;16b47;0;0;0000000000000080;        53s 618ms 994μs  29ns;265;-1;             17ms 341μs 545ns;0.000000;inf;0.000000;inf;0;1;Passing;;;0;21799
1b99a;16cfb;16b47;0;0;0000000000000080;        53s 618ms 858μs 711ns;265;-1;             17ms 581μs 150ns;0.000000;inf;0.000000;inf;0;1;Passing;;;0;21800
1b996;16cfb;16b47;0;0;0000000000000080;        53s 618ms 740μs 521ns;265;-1;             17ms 724μs 963ns;0.000000;inf;0.000000;inf;0;1;Passing;;;0;21802
1b990;16cfb;16b47;0;0;0000000000000080;        53s 618ms 616μs 358ns;265;-1;             17ms 482μs 648ns;0.000000;inf;0.000000;inf;0;1;Passing;;;0;21803
1b98b;16cfb;16b47;0;0;0000000000000080;        53s 618ms 479μs 148ns;265;-1;             17ms 171μs 997ns;0.000000;inf;0.000000;inf;0;1;Passing;;;0;21804
1b983;16cfb;16b47;0;0;0000000000000080;        53s 618ms 333μs 889ns;265;-1;             17ms 444μs 200ns;0.000000;inf;0.000000;inf;0;1;Passing;;;0;21807
1b97a;16cfb;16b47;0;0;0000000000000080;        53s 618ms  57μs 435ns;265;-1;             16ms 800μs 196ns;0.000000;inf;0.000000;inf;0;1;Passing;;;0;21810
1b977;16cfb;16b47;0;0;0000000000000080;        53s 617ms 932μs 554ns;265;-1;             16ms 770μs 996ns;0.000000;inf;0.000000;inf;0;1;Passing;;;0;21811
1b971;16cfb;16b47;0;0;0000000000000080;        53s 617ms 816μs 639ns;265;-1;             16ms 905μs  68ns;0.000000;inf;0.000000;inf;0;1;Passing;;;0;21813
1b96b;16cfb;16b47;0;0;0000000000000080;        53s 617ms 579μs 372ns;265;-1;             16ms 805μs 653ns;0.000000;inf;0.000000;inf;0;1;Passing;;;0;21814
1b952;16cfb;16b47;0;0;0000000000000080;        53s 616ms 992μs 637ns;265;-1;             17ms 323μs  21ns;0.000000;inf;0.000000;inf;0;1;Passing;;;0;21821
1b950;16cfb;16b47;0;0;0000000000000080;        53s 616ms 978μs 613ns;265;-1;             17ms  66μs 129ns;0.000000;inf;0.000000;inf;0;1;Passing;;;0;21822
1b94c;16cfb;16b47;0;0;0000000000000080;        53s 616ms 871μs 420ns;265;-1;             17ms 202μs 248ns;0.000000;inf;0.000000;inf;0;1;Passing;;;0;21823
1b94a;16cfb;16b47;0;0;0000000000000080;        53s 616ms 857μs 963ns;265;-1;             16ms 931μs 893ns;0.000000;inf;0.000000;inf;0;1;Passing;;;0;21824
1b944;16cfb;16b47;0;0;0000000000000080;        53s 616ms 732μs 108ns;265;-1;             16ms 272μs  29ns;0.000000;inf;0.000000;inf;0;1;Passing;;;0;21827
1b93e;16cfb;16b47;0;0;0000000000000080;        53s 616ms 606μs 186ns;265;-1;             15ms 754μs 221ns;0.000000;inf;0.000000;inf;0;1;Passing;;;0;21831
1b938;16cfb;16b47;0;0;0000000000000080;        53s 616ms 486μs 521ns;265;-1;             15ms  46μs 264ns;0.000000;inf;0.000000;inf;0;1;Passing;;;0;21833
1b934;16cfb;16b47;0;0;0000000000000080;        53s 616ms 394μs 656ns;265;-1;             14ms 119μs 216ns;0.000000;inf;0.000000;inf;0;1;Passing;;;0;21834
1b928;16cfb;16b47;0;0;4000000000000080;        53s 616ms 125μs 813ns;265;-1;              7ms 681μs 337ns;0.000000;inf;0.000000;inf;0;1;Passing;;;0;21835
1bc16;16cfb;16b47;0;0;0000000000000080;        53s 983ms 677μs 166ns;263;-1;             13ms 382μs 822ns;0.000000;inf;0.000000;inf;0;1;Passing;;;0;21843
1bc1b;16cfb;16b47;0;0;0000000000000080;        53s 983ms 888μs 578ns;263;-1;             15ms 973μs 286ns;0.000000;inf;0.000000;inf;0;1;Passing;;;0;21846
1bc44;16cfb;16b47;0;0;0000000000000080;        53s 984ms 895μs 112ns;263;-1;             15ms 542μs 734ns;0.000000;inf;0.000000;inf;0;1;Passing;;;0;21848
1bc35;16cfb;16b47;0;0;0000000000000080;        53s 984ms 569μs 248ns;263;-1;             15ms 856μs 905ns;0.000000;inf;0.000000;inf;0;1;Passing;;;0;21850
1bc2c;16cfb;16b47;0;0;0000000000000080;        53s 984ms 364μs 360ns;263;-1;             16ms 531μs 392ns;0.000000;inf;0.000000;inf;0;1;Passing;;;0;21851
1bcaf;16cfb;16b47;0;0;0000000000000080;        53s 987ms 228μs 229ns;263;-1;             16ms 896μs 385ns;0.000000;inf;0.000000;inf;0;1;Passing;;;0;21852
1bca9;16cfb;16b47;0;0;0000000000000080;        53s 987ms  99μs 515ns;263;-1;             16ms 867μs 189ns;0.000000;inf;0.000000;inf;0;1;Passing;;;0;21853
1bd9b;16cfb;16b47;0;0;0000000000000080;        53s 993ms 572μs 568ns;263;-1;             16ms 825μs 306ns;0.000000;inf;0.000000;inf;0;1;Passing;;;0;21857
1bd8b;16cfb;16b47;0;0;0000000000000080;        53s 992ms 996μs 459ns;263;-1;             17ms 242μs   7ns;0.000000;inf;0.000000;inf;0;1;Passing;;;0;21862
1bd88;16cfb;16b47;0;0;0000000000000080;        53s 992ms 962μs 892ns;263;-1;             16ms 714μs 596ns;0.000000;inf;0.000000;inf;0;1;Passing;;;0;21863
1bd7d;16cfb;16b47;0;0;0000000000000080;        53s 992ms 554μs 662ns;263;-1;             17ms 442μs 534ns;0.000000;inf;0.000000;inf;0;1;Passing;;;0;21867
1bd6b;16cfb;16b47;0;0;0000000000000080;        53s 991ms 759μs 250ns;263;-1;             17ms 272μs 776ns;0.000000;inf;0.000000;inf;0;1;Passing;;;0;21873
1bd5e;16cfb;16b47;0;0;0000000000000080;        53s 991ms 408μs 287ns;263;-1;             16ms 503μs 928ns;0.000000;inf;0.000000;inf;0;1;Passing;;;0;21875
1bd4f;16cfb;16b47;0;0;0000000000000080;        53s 990ms 919μs 891ns;263;-1;             16ms 757μs 459ns;0.000000;inf;0.000000;inf;0;1;Passing;;;0;21880
1bd49;16cfb;16b47;0;0;0000000000000080;        53s 990ms 752μs 127ns;263;-1;             17ms 960μs 520ns;0.000000;inf;0.000000;inf;0;1;Passing;;;0;21884
1bd3d;16cfb;16b47;0;0;0000000000000080;        53s 990ms 472μs 783ns;263;-1;             16ms 872μs 793ns;0.000000;inf;0.000000;inf;0;1;Passing;;;0;21888
1bd34;16cfb;16b47;0;0;0000000000000080;        53s 990ms 297μs 507ns;263;-1;             17ms 281μs 188ns;0.000000;inf;0.000000;inf;0;1;Passing;;;0;21889
1bd22;16cfb;16b47;0;0;0000000000000080;        53s 989ms 944μs 437ns;263;-1;             16ms  19μs 749ns;0.000000;inf;0.000000;inf;0;1;Passing;;;0;21895
1bd1b;16cfb;16b47;0;0;0000000000000080;        53s 989ms 832μs 899ns;263;-1;             16ms 840μs 347ns;0.000000;inf;0.000000;inf;0;1;Passing;;;0;21897
1bd19;16cfb;16b47;0;0;0000000000000080;        53s 989ms 765μs 520ns;263;-1;             16ms 643μs  58ns;0.000000;inf;0.000000;inf;0;1;Passing;;;0;21898
1bd15;16cfb;16b47;0;0;0000000000000080;        53s 989ms 683μs 655ns;263;-1;             16ms 359μs 378ns;0.000000;inf;0.000000;inf;0;1;Passing;;;0;21899
1bd14;16cfb;16b47;0;0;0000000000000080;        53s 989ms 659μs 556ns;263;-1;             16ms 537μs 835ns;0.000000;inf;0.000000;inf;0;1;Passing;;;0;21900
1bd0f;16cfb;16b47;0;0;0000000000000080;        53s 989ms 558μs 809ns;263;-1;             16ms 498μs 268ns;0.000000;inf;0.000000;inf;0;1;Passing;;;0;21902
1bd0e;16cfb;16b47;0;0;0000000000000080;        53s 989ms 539μs 700ns;263;-1;             17ms 317μs 968ns;0.000000;inf;0.000000;inf;0;1;Passing;;;0;21903
1bd09;16cfb;16b47;0;0;0000000000000080;        53s 989ms 404μs 924ns;263;-1;             18ms 222μs 117ns;0.000000;inf;0.000000;inf;0;1;Passing;;;0;21904
1bd02;16cfb;16b47;0;0;0000000000000080;        53s 989ms 268μs 609ns;263;-1;             16ms 977μs 321ns;0.000000;inf;0.000000;inf;0;1;Passing;;;0;21906
1bcfd;16cfb;16b47;0;0;0000000000000080;        53s 989ms 155μs 314ns;263;-1;             17ms 476μs 212ns;0.000000;inf;0.000000;inf;0;1;Passing;;;0;21907
1bcfb;16cfb;16b47;0;0;0000000000000080;        53s 989ms 143μs 697ns;263;-1;             16ms 991μs 786ns;0.000000;inf;0.000000;inf;0;1;Passing;;;0;21909
1bcf7;16cfb;16b47;0;0;0000000000000080;        53s 989ms  30μs 966ns;263;-1;             17ms 475μs 806ns;0.000000;inf;0.000000;inf;0;1;Passing;;;0;21910
1bcf1;16cfb;16b47;0;0;0000000000000080;        53s 988ms 915μs 185ns;263;-1;             16ms 851μs 119ns;0.000000;inf;0.000000;inf;0;1;Passing;;;0;21912
1bcf0;16cfb;16b47;0;0;0000000000000080;        53s 988ms 894μs 573ns;263;-1;             17ms  11μs 709ns;0.000000;inf;0.000000;inf;0;1;Passing;;;0;21913
1bceb;16cfb;16b47;0;0;0000000000000080;        53s 988ms 758μs 440ns;263;-1;             16ms 825μs   5ns;0.000000;inf;0.000000;inf;0;1;Passing;;;0;21914
1bce5;16cfb;16b47;0;0;0000000000000080;        53s 988ms 611μs 756ns;263;-1;             16ms 896μs  28ns;0.000000;inf;0.000000;inf;0;1;Passing;;;0;21917
1bcda;16cfb;16b47;0;0;0000000000000080;        53s 988ms 335μs  67ns;263;-1;             16ms 977μs 552ns;0.000000;inf;0.000000;inf;0;1;Passing;;;0;21921
1bcd4;16cfb;16b47;0;0;0000000000000080;        53s 988ms 206μs 758ns;263;-1;             17ms 448μs 958ns;0.000000;inf;0.000000;inf;0;1;Passing;;;0;21922
1bcd1;16cfb;16b47;0;0;0000000000000080;        53s 988ms 169μs 198ns;263;-1;             17ms 973μs 845ns;0.000000;inf;0.000000;inf;0;1;Passing;;;0;21923
1bccb;16cfb;16b47;0;0;0000000000000080;        53s 988ms  56μs 645ns;263;-1;             16ms 209μs 348ns;0.000000;inf;0.000000;inf;0;1;Passing;;;0;21926
1bcc1;16cfb;16b47;0;0;0000000000000080;        53s 987ms 846μs 737ns;263;-1;             16ms 965μs 252ns;0.000000;inf;0.000000;inf;0;1;Passing;;;0;21928
1bcba;16cfb;16b47;0;0;0000000000000080;        53s 987ms 716μs 101ns;263;-1;             17ms 851μs  14ns;0.000000;inf;0.000000;inf;0;1;Passing;;;0;21930
1bcbb;16cfb;16b47;0;0;0000000000000080;        53s 987ms 705μs 676ns;263;-1;             18ms 427μs 305ns;0.000000;inf;0.000000;inf;0;1;Passing;;;0;21931
1bcb5;16cfb;16b47;0;0;0000000000000080;        53s 987ms 569μs 770ns;263;-1;             16ms 736μs 788ns;0.000000;inf;0.000000;inf;0;1;Passing;;;0;21933
1bca8;16cfb;16b47;0;0;0000000000000080;        53s 987ms  76μs 589ns;263;-1;             16ms 891μs 342ns;0.000000;inf;0.000000;inf;0;1;Passing;;;0;21937
1bc9d;16cfb;16b47;0;0;0000000000000080;        53s 986ms 795μs  80ns;263;-1;             17ms 123μs 175ns;0.000000;inf;0.000000;inf;0;1;Passing;;;0;21938
1bc95;16cfb;16b47;0;0;0000000000000080;        53s 986ms 640μs 869ns;263;-1;             16ms 998μs 953ns;0.000000;inf;0.000000;inf;0;1;Passing;;;0;21940
1bc91;16cfb;16b47;0;0;0000000000000080;        53s 986ms 505μs 903ns;263;-1;             16ms 942μs 574ns;0.000000;inf;0.000000;inf;0;1;Passing;;;0;21941
1bc8c;16cfb;16b47;0;0;0000000000000080;        53s 986ms 380μs 852ns;263;-1;             17ms 560μs 247ns;0.000000;inf;0.000000;inf;0;1;Passing;;;0;21942
1bc86;16cfb;16b47;0;0;0000000000000080;        53s 986ms 237μs 792ns;263;-1;             17ms 198μs 419ns;0.000000;inf;0.000000;inf;0;1;Passing;;;0;21945
1bc89;16cfb;16b47;0;0;0000000000000080;        53s 986ms 357μs 745ns;263;-1;             18ms 548μs 220ns;0.000000;inf;0.000000;inf;0;1;Passing;;;0;21948
1bc6b;16cfb;16b47;0;0;0000000000000080;        53s 985ms 737μs  90ns;263;-1;             16ms 872μs 928ns;0.000000;inf;0.000000;inf;0;1;Passing;;;0;21953
1bc6d;16cfb;16b47;0;0;0000000000000080;        53s 985ms 757μs 699ns;263;-1;             17ms 964μs  16ns;0.000000;inf;0.000000;inf;0;1;Passing;;;0;21954
1bc67;16cfb;16b47;0;0;0000000000000080;        53s 985ms 622μs 892ns;263;-1;             16ms 895μs 960ns;0.000000;inf;0.000000;inf;0;1;Passing;;;0;21955
1bc65;16cfb;16b47;0;0;0000000000000080;        53s 985ms 608μs 291ns;263;-1;             18ms 691μs 354ns;0.000000;inf;0.000000;inf;0;1;Passing;;;0;21957
1bc5f;16cfb;16b47;0;0;0000000000000080;        53s 985ms 483μs 827ns;263;-1;             16ms 431μs   1ns;0.000000;inf;0.000000;inf;0;1;Passing;;;0;21959
1bc59;16cfb;16b47;0;0;0000000000000080;        53s 985ms 368μs 477ns;263;-1;             15ms 995μs 107ns;0.000000;inf;0.000000;inf;0;1;Passing;;;0;21963
1bc53;16cfb;16b47;0;0;0000000000000080;        53s 985ms 235μs 633ns;263;-1;             17ms 161μs 702ns;0.000000;inf;0.000000;inf;0;1;Passing;;;0;21964
1bc50;16cfb;16b47;0;0;0000000000000080;        53s 985ms 142μs 262ns;263;-1;             15ms 433μs 991ns;0.000000;inf;0.000000;inf;0;1;Passing;;;0;21965
1bc26;16cfb;16b47;0;0;0000000000000080;        53s 984ms 180μs 373ns;263;-1;             12ms  25μs 757ns;0.000000;inf;0.000000;inf;0;1;Passing;;;0;21966
1bc23;16cfb;16b47;0;0;4000000000000080;        53s 984ms 142μs 892ns;263;-1;             11ms 464μs 871ns;0.000000;inf;0.000000;inf;0;1;Passing;;;0;21967
1bf2b;16cfb;16b47;0;0;0000000000000080;        54s 350ms 277μs 537ns;261;-1;             15ms 870μs 456ns;0.000000;inf;0.000000;inf;0;1;Passing;;;0;21972
1bf37;16cfb;16b47;0;0;0000000000000080;        54s 350ms 621μs 624ns;261;-1;             14ms 440μs 929ns;0.000000;inf;0.000000;inf;0;1;Passing;;;0;21973
1bf35;16cfb;16b47;0;0;0000000000000080;        54s 350ms 620μs 948ns;261;-1;             16ms 784μs 650ns;0.000000;inf;0.000000;inf;0;1;Passing;;;0;21974
1bf63;16cfb;16b47;0;0;0000000000000080;        54s 351ms 599μs 964ns;261;-1;             17ms 199μs  20ns;0.000000;inf;0.000000;inf;0;1;Passing;;;0;21977
1bf64;16cfb;16b47;0;0;0000000000000080;        54s 351ms 620μs  17ns;261;-1;             15ms 752μs 582ns;0.000000;inf;0.000000;inf;0;1;Passing;;;0;21980
1bf56;16cfb;16b47;0;0;0000000000000080;        54s 351ms 352μs 331ns;261;-1;             15ms 520μs 379ns;0.000000;inf;0.000000;inf;0;1;Passing;;;0;21983
1c01e;16cfb;16b47;0;0;0000000000000080;        54s 356ms 405μs 753ns;261;-1;             16ms 834μs 235ns;0.000000;inf;0.000000;inf;0;1;Passing;;;0;21984
1c01d;16cfb;16b47;0;0;0000000000000080;        54s 356ms 302μs 140ns;261;-1;             17ms  62μs 374ns;0.000000;inf;0.000000;inf;0;1;Passing;;;0;21986
1c0ab;16cfb;16b47;0;0;0000000000000080;        54s 360ms 427μs 782ns;261;-1;             16ms 282μs  82ns;0.000000;inf;0.000000;inf;0;1;Passing;;;0;21987
1c09e;16cfb;16b47;0;0;0000000000000080;        54s 359ms 979μs 131ns;261;-1;             16ms 485μs 133ns;0.000000;inf;0.000000;inf;0;1;Passing;;;0;21992
1c099;16cfb;16b47;0;0;0000000000000080;        54s 359ms 789μs  51ns;261;-1;             16ms 707μs 590ns;0.000000;inf;0.000000;inf;0;1;Passing;;;0;21993
1c08d;16cfb;16b47;0;0;0000000000000080;        54s 359ms 368μs  28ns;261;-1;             17ms 160μs 514ns;0.000000;inf;0.000000;inf;0;1;Passing;;;0;21998
1c07b;16cfb;16b47;0;0;0000000000000080;        54s 358ms 754μs  64ns;261;-1;             16ms 998μs 995ns;0.000000;inf;0.000000;inf;0;1;Passing;;;0;22003
1c06f;16cfb;16b47;0;0;0000000000000080;        54s 358ms 371μs 824ns;261;-1;             16ms 719μs 151ns;0.000000;inf;0.000000;inf;0;1;Passing;;;0;22009
1c061;16cfb;16b47;0;0;0000000000000080;        54s 357ms 977μs 556ns;261;-1;             18ms 588μs 862ns;0.000000;inf;0.000000;inf;0;1;Passing;;;0;22012
1c05a;16cfb;16b47;0;0;0000000000000080;        54s 357ms 798μs 894ns;261;-1;             17ms 264μs 596ns;0.000000;inf;0.000000;inf;0;1;Passing;;;0;22016
1c04f;16cfb;16b47;0;0;0000000000000080;        54s 357ms 413μs 148ns;261;-1;             17ms  91μs 804ns;0.000000;inf;0.000000;inf;0;1;Passing;;;0;22020
1c046;16cfb;16b47;0;0;0000000000000080;        54s 357ms 242μs 335ns;261;-1;             16ms 946μs 685ns;0.000000;inf;0.000000;inf;0;1;Passing;;;0;22021
1c034;16cfb;16b47;0;0;0000000000000080;        54s 356ms 834μs 657ns;261;-1;             17ms 773μs 921ns;0.000000;inf;0.000000;inf;0;1;Passing;;;0;22028
1c02d;16cfb;16b47;0;0;0000000000000080;        54s 356ms 702μs 811ns;261;-1;             17ms  52μs 597ns;0.000000;inf;0.000000;inf;0;1;Passing;;;0;22029
1c02c;16cfb;16b47;0;0;0000000000000080;        54s 356ms 679μs 735ns;261;-1;             17ms  97μs 459ns;0.000000;inf;0.000000;inf;0;1;Passing;;;0;22030
1c027;16cfb;16b47;0;0;0000000000000080;        54s 356ms 574μs 487ns;261;-1;             16ms 922μs 811ns;0.000000;inf;0.000000;inf;0;1;Passing;;;0;22031
1c025;16cfb;16b47;0;0;0000000000000080;        54s 356ms 555μs 236ns;261;-1;             17ms 260μs 182ns;0.000000;inf;0.000000;inf;0;1;Passing;;;0;22032
1c022;16cfb;16b47;0;0;0000000000000080;        54s 356ms 446μs 511ns;261;-1;             17ms 857μs 969ns;0.000000;inf;0.000000;inf;0;1;Passing;;;0;22034
1c013;16cfb;16b47;0;0;0000000000000080;        54s 356ms  69μs  63ns;261;-1;             16ms 696μs 144ns;0.000000;inf;0.000000;inf;0;1;Passing;;;0;22036
1c010;16cfb;16b47;0;0;0000000000000080;        54s 356ms  11μs 967ns;261;-1;             16ms 367μs 303ns;0.000000;inf;0.000000;inf;0;1;Passing;;;0;22038
1c00d;16cfb;16b47;0;0;0000000000000080;        54s 355ms 953μs 820ns;261;-1;             16ms 231μs 131ns;0.000000;inf;0.000000;inf;0;1;Passing;;;0;22039
1c009;16cfb;16b47;0;0;0000000000000080;        54s 355ms 870μs 552ns;261;-1;             16ms 262μs  81ns;0.000000;inf;0.000000;inf;0;1;Passing;;;0;22040
1c003;16cfb;16b47;0;0;0000000000000080;        54s 355ms 717μs 283ns;261;-1;             16ms 667μs  41ns;0.000000;inf;0.000000;inf;0;1;Passing;;;0;22042
1c002;16cfb;16b47;0;0;0000000000000080;        54s 355ms 697μs 222ns;261;-1;             17ms 270μs 148ns;0.000000;inf;0.000000;inf;0;1;Passing;;;0;22043
1bffe;16cfb;16b47;0;0;0000000000000080;        54s 355ms 567μs 667ns;261;-1;             16ms 741μs 146ns;0.000000;inf;0.000000;inf;0;1;Passing;;;0;22044
1bff9;16cfb;16b47;0;0;0000000000000080;        54s 355ms 457μs 176ns;261;-1;             17ms 383μs 542ns;0.000000;inf;0.000000;inf;0;1;Passing;;;0;22045
1bfec;16cfb;16b47;0;0;0000000000000080;        54s 354ms 997μs 705ns;261;-1;             15ms 792μs 178ns;0.000000;inf;0.000000;inf;0;1;Passing;;;0;22051
1bfe6;16cfb;16b47;0;0;0000000000000080;        54s 354ms 880μs 791ns;261;-1;             16ms 290μs 678ns;0.000000;inf;0.000000;inf;0;1;Passing;;;0;22052
1bfe3;16cfb;16b47;0;0;0000000000000080;        54s 354ms 831μs 479ns;261;-1;             17ms 284μs 599ns;0.000000;inf;0.000000;inf;0;1;Passing;;;0;22053
1bfdd;16cfb;16b47;0;0;0000000000000080;        54s 354ms 717μs  28ns;261;-1;             16ms 228μs  96ns;0.000000;inf;0.000000;inf;0;1;Passing;;;0;22056
1bfd4;16cfb;16b47;0;0;0000000000000080;        54s 354ms 469μs 484ns;261;-1;             16ms 236μs 982ns;0.000000;inf;0.000000;inf;0;1;Passing;;;0;22058
1bfcd;16cfb;16b47;0;0;0000000000000080;        54s 354ms 150μs 967ns;261;-1;             16ms 399μs  26ns;0.000000;inf;0.000000;inf;0;1;Passing;;;0;22060
1bfcb;16cfb;16b47;0;0;0000000000000080;        54s 354ms 111μs 222ns;261;-1;             16ms 676μs 956ns;0.000000;inf;0.000000;inf;0;1;Passing;;;0;22061
1bfc7;16cfb;16b47;0;0;0000000000000080;        54s 354ms   3μs 990ns;261;-1;             17ms  76μs 820ns;0.000000;inf;0.000000;inf;0;1;Passing;;;0;22062
1bfc1;16cfb;16b47;0;0;0000000000000080;        54s 353ms 864μs 550ns;261;-1;             16ms   2μs 231ns;0.000000;inf;0.000000;inf;0;1;Passing;;;0;22064
1bfba;16cfb;16b47;0;0;0000000000000080;        54s 353ms 689μs 586ns;261;-1;             16ms 148μs  27ns;0.000000;inf;0.000000;inf;0;1;Passing;;;0;22067
1bfbb;16cfb;16b47;0;0;0000000000000080;        54s 353ms 678μs 783ns;261;-1;             16ms 312μs 628ns;0.000000;inf;0.000000;inf;0;1;Passing;;;0;22068
1bfb0;16cfb;16b47;0;0;0000000000000080;        54s 353ms 368μs 656ns;261;-1;             16ms 517μs 195ns;0.000000;inf;0.000000;inf;0;1;Passing;;;0;22071
1bfa7;16cfb;16b47;0;0;0000000000000080;        54s 353ms 176μs 704ns;261;-1;             17ms 132μs 515ns;0.000000;inf;0.000000;inf;0;1;Passing;;;0;22072
1bfa4;16cfb;16b47;0;0;0000000000000080;        54s 353ms  95μs 936ns;261;-1;             16ms 924μs 694ns;0.000000;inf;0.000000;inf;0;1;Passing;;;0;22073
1bf9e;16cfb;16b47;0;0;0000000000000080;        54s 352ms 979μs 891ns;261;-1;             16ms 519μs 580ns;0.000000;inf;0.000000;inf;0;1;Passing;;;0;22074
1bf98;16cfb;16b47;0;0;0000000000000080;        54s 352ms 896μs 330ns;261;-1;             16ms 547μs  99ns;0.000000;inf;0.000000;inf;0;1;Passing;;;0;22077
1bf9a;16cfb;16b47;0;0;0000000000000080;        54s 352ms 867μs 293ns;261;-1;             15ms 628μs 523ns;0.000000;inf;0.000000;inf;0;1;Passing;;;0;22080
1bf80;16cfb;16b47;0;0;0000000000000080;        54s 352ms 264μs  85ns;261;-1;             16ms 633μs 439ns;0.000000;inf;0.000000;inf;0;1;Passing;;;0;22085
1bf7a;16cfb;16b47;0;0;0000000000000080;        54s 352ms 145μs 340ns;261;-1;             16ms 369μs 862ns;0.000000;inf;0.000000;inf;0;1;Passing;;;0;22086
1bf7d;16cfb;16b47;0;0;0000000000000080;        54s 352ms 137μs 879ns;261;-1;             16ms 606μs 943ns;0.000000;inf;0.000000;inf;0;1;Passing;;;0;22087
1bf77;16cfb;16b47;0;0;0000000000000080;        54s 352ms  26μs 871ns;261;-1;             16ms 861μs 385ns;0.000000;inf;0.000000;inf;0;1;Passing;;;0;22088
1bf71;16cfb;16b47;0;0;0000000000000080;        54s 351ms 915μs 843ns;261;-1;             15ms 250μs  20ns;0.000000;inf;0.000000;inf;0;1;Passing;;;0;22091
1bf6b;16cfb;16b47;0;0;0000000000000080;        54s 351ms 801μs 176ns;261;-1;             13ms 815μs 782ns;0.000000;inf;0.000000;inf;0;1;Passing;;;0;22096
1bf47;16cfb;16b47;0;0;0000000000000080;        54s 351ms  13μs  31ns;261;-1;             12ms 197μs 434ns;0.000000;inf;0.000000;inf;0;1;Passing;;;0;22097
1bf3d;16cfb;16b47;0;0;4000000000000080;        54s 350ms 822μs 464ns;261;-1;              9ms 698μs 514ns;0.000000;inf;0.000000;inf;0;1;Passing;;;0;22098
1c23b;16cfb;16b47;0;0;0000000000000080;        54s 709ms 879μs 685ns;259;-1;             14ms 787μs 606ns;0.000000;inf;0.000000;inf;0;1;Passing;;;0;22108
1c244;16cfb;16b47;0;0;0000000000000080;        54s 710ms 177μs 912ns;259;-1;             14ms  35μs 880ns;0.000000;inf;0.000000;inf;0;1;Passing;;;0;22109
1c26d;16cfb;16b47;0;0;0000000000000080;        54s 711ms  80μs 128ns;259;-1;             15ms 571μs 811ns;0.000000;inf;0.000000;inf;0;1;Passing;;;0;22112
1c256;16cfb;16b47;0;0;0000000000000080;        54s 710ms 603μs 219ns;259;-1;             15ms 947μs  78ns;0.000000;inf;0.000000;inf;0;1;Passing;;;0;22115
1c2ce;16cfb;16b47;0;0;0000000000000080;        54s 713ms 355μs 853ns;259;-1;             16ms 818μs 761ns;0.000000;inf;0.000000;inf;0;1;Passing;;;0;22116
1c366;16cfb;16b47;0;0;0000000000000080;        54s 717ms 373μs 309ns;259;-1;             16ms 823μs 893ns;0.000000;inf;0.000000;inf;0;1;Passing;;;0;22117
1c3b8;16cfb;16b47;0;0;0000000000000080;        54s 720ms 179μs 859ns;259;-1;             16ms 957μs 392ns;0.000000;inf;0.000000;inf;0;1;Passing;;;0;22120
1c3a8;16cfb;16b47;0;0;0000000000000080;        54s 719ms 643μs 179ns;259;-1;             17ms 120μs 272ns;0.000000;inf;0.000000;inf;0;1;Passing;;;0;22125
1c3a7;16cfb;16b47;0;0;0000000000000080;        54s 719ms 604μs 569ns;259;-1;             17ms 417μs 315ns;0.000000;inf;0.000000;inf;0;1;Passing;;;0;22126
1c39b;16cfb;16b47;0;0;0000000000000080;        54s 719ms 201μs 306ns;259;-1;             16ms 912μs 734ns;0.000000;inf;0.000000;inf;0;1;Passing;;;0;22130
1c389;16cfb;16b47;0;0;0000000000000080;        54s 718ms 626μs 535ns;259;-1;             17ms  28μs 990ns;0.000000;inf;0.000000;inf;0;1;Passing;;;0;22136
1c37c;16cfb;16b47;0;0;0000000000000080;        54s 718ms  66μs 740ns;259;-1;             16ms 212μs 765ns;0.000000;inf;0.000000;inf;0;1;Passing;;;0;22139
1c36d;16cfb;16b47;0;0;0000000000000080;        54s 717ms 612μs 201ns;259;-1;             16ms 427μs 393ns;0.000000;inf;0.000000;inf;0;1;Passing;;;0;22144
1c35a;16cfb;16b47;0;0;0000000000000080;        54s 717ms  55μs 435ns;259;-1;             16ms 481μs 350ns;0.000000;inf;0.000000;inf;0;1;Passing;;;0;22149
1c353;16cfb;16b47;0;0;0000000000000080;        54s 716ms 859μs 948ns;259;-1;             15ms 439μs 127ns;0.000000;inf;0.000000;inf;0;1;Passing;;;0;22153
1c341;16cfb;16b47;0;0;0000000000000080;        54s 716ms 350μs 739ns;259;-1;             16ms 495μs 208ns;0.000000;inf;0.000000;inf;0;1;Passing;;;0;22158
1c33b;16cfb;16b47;0;0;0000000000000080;        54s 716ms 184μs 504ns;259;-1;             15ms 988μs 236ns;0.000000;inf;0.000000;inf;0;1;Passing;;;0;22160
1c336;16cfb;16b47;0;0;0000000000000080;        54s 716ms  32μs  62ns;259;-1;             16ms 546μs 901ns;0.000000;inf;0.000000;inf;0;1;Passing;;;0;22161
1c335;16cfb;16b47;0;0;0000000000000080;        54s 716ms  25μs 340ns;259;-1;             16ms 436μs 442ns;0.000000;inf;0.000000;inf;0;1;Passing;;;0;22162
1c330;16cfb;16b47;0;0;0000000000000080;        54s 715ms 906μs 616ns;259;-1;             16ms 829μs 241ns;0.000000;inf;0.000000;inf;0;1;Passing;;;0;22163
1c32f;16cfb;16b47;0;0;0000000000000080;        54s 715ms 891μs 184ns;259;-1;             16ms 539μs 666ns;0.000000;inf;0.000000;inf;0;1;Passing;;;0;22164
1c32a;16cfb;16b47;0;0;0000000000000080;        54s 715ms 730μs 261ns;259;-1;             17ms 457μs 872ns;0.000000;inf;0.000000;inf;0;1;Passing;;;0;22166
1c329;16cfb;16b47;0;0;0000000000000080;        54s 715ms 729μs 786ns;259;-1;             15ms 806μs 408ns;0.000000;inf;0.000000;inf;0;1;Passing;;;0;22167
1c31e;16cfb;16b47;0;0;0000000000000080;        54s 715ms 421μs 498ns;259;-1;             17ms 281μs 961ns;0.000000;inf;0.000000;inf;0;1;Passing;;;0;22168
1c31d;16cfb;16b47;0;0;0000000000000080;        54s 715ms 414μs  68ns;259;-1;             16ms   6μs 478ns;0.000000;inf;0.000000;inf;0;1;Passing;;;0;22168
1c318;16cfb;16b47;0;0;0000000000000080;        54s 715ms 217μs 339ns;259;-1;             16ms  74μs 142ns;0.000000;inf;0.000000;inf;0;1;Passing;;;0;22168
1c317;16cfb;16b47;0;0;0000000000000080;        54s 715ms 216μs 367ns;259;-1;             15ms 691μs  35ns;0.000000;inf;0.000000;inf;0;1;Passing;;;0;22168
1c310;16cfb;16b47;0;0;0000000000000080;        54s 715ms  44μs 348ns;259;-1;             16ms 535μs 788ns;0.000000;inf;0.000000;inf;0;1;Passing;;;0;22175
1c30c;16cfb;16b47;0;0;0000000000000080;        54s 714ms 931μs 928ns;259;-1;             17ms 741μs 987ns;0.000000;inf;0.000000;inf;0;1;Passing;;;0;22176
1c30a;16cfb;16b47;0;0;0000000000000080;        54s 714ms 906μs 458ns;259;-1;             17ms 124μs 788ns;0.000000;inf;0.000000;inf;0;1;Passing;;;0;22177
1c304;16cfb;16b47;0;0;0000000000000080;        54s 714ms 797μs 927ns;259;-1;             16ms 744μs 594ns;0.000000;inf;0.000000;inf;0;1;Passing;;;0;22178
1c2f8;16cfb;16b47;0;0;0000000000000080;        54s 714ms 544μs 649ns;259;-1;             16ms 189μs 970ns;0.000000;inf;0.000000;inf;0;1;Passing;;;0;22183
1c2f1;16cfb;16b47;0;0;0000000000000080;        54s 714ms 421μs 154ns;259;-1;             16ms 918μs 942ns;0.000000;inf;0.000000;inf;0;1;Passing;;;0;22184
1c2f0;16cfb;16b47;0;0;0000000000000080;        54s 714ms 391μs 461ns;259;-1;             16ms  94μs 733ns;0.000000;inf;0.000000;inf;0;1;Passing;;;0;22186
1c2ea;16cfb;16b47;0;0;0000000000000080;        54s 714ms 234μs  29ns;259;-1;             16ms 187μs 715ns;0.000000;inf;0.000000;inf;0;1;Passing;;;0;22188
1c2df;16cfb;16b47;0;0;0000000000000080;        54s 713ms 919μs 561ns;259;-1;             17ms 230μs 717ns;0.000000;inf;0.000000;inf;0;1;Passing;;;0;22191
1c2db;16cfb;16b47;0;0;0000000000000080;        54s 713ms 789μs 633ns;259;-1;             16ms 809μs 826ns;0.000000;inf;0.000000;inf;0;1;Passing;;;0;22192
1c2d6;16cfb;16b47;0;0;0000000000000080;        54s 713ms 510μs 910ns;259;-1;             17ms 298μs 356ns;0.000000;inf;0.000000;inf;0;1;Passing;;;0;22193
1c2d4;16cfb;16b47;0;0;0000000000000080;        54s 713ms 504μs 336ns;259;-1;             17ms 145μs 192ns;0.000000;inf;0.000000;inf;0;1;Passing;;;0;22194
1c2c8;16cfb;16b47;0;0;0000000000000080;        54s 713ms 202μs 939ns;259;-1;             16ms 357μs 697ns;0.000000;inf;0.000000;inf;0;1;Passing;;;0;22198
1c2c5;16cfb;16b47;0;0;0000000000000080;        54s 713ms 138μs 198ns;259;-1;             16ms 399μs 365ns;0.000000;inf;0.000000;inf;0;1;Passing;;;0;22199
1c2bd;16cfb;16b47;0;0;0000000000000080;        54s 712ms 940μs  27ns;259;-1;             16ms 188μs   3ns;0.000000;inf;0.000000;inf;0;1;Passing;;;0;22201
1c2b3;16cfb;16b47;0;0;0000000000000080;        54s 712ms 615μs 821ns;259;-1;             17ms 522μs 713ns;0.000000;inf;0.000000;inf;0;1;Passing;;;0;22203
1c2b0;16cfb;16b47;0;0;0000000000000080;        54s 712ms 612μs 570ns;259;-1;             17ms  57μs  36ns;0.000000;inf;0.000000;inf;0;1;Passing;;;0;22204
1c2aa;16cfb;16b47;0;0;0000000000000080;        54s 712ms 467μs 981ns;259;-1;             17ms 434μs 255ns;0.000000;inf;0.000000;inf;0;1;Passing;;;0;22205
1c2a7;16cfb;16b47;0;0;0000000000000080;        54s 712ms 384μs 756ns;259;-1;             17ms 251μs 706ns;0.000000;inf;0.000000;inf;0;1;Passing;;;0;22206
1c2a4;16cfb;16b47;0;0;0000000000000080;        54s 712ms 322μs 642ns;259;-1;             17ms   7μs 733ns;0.000000;inf;0.000000;inf;0;1;Passing;;;0;22209
1c28c;16cfb;16b47;0;0;0000000000000080;        54s 711ms 808μs 859ns;259;-1;             16ms 818μs 125ns;0.000000;inf;0.000000;inf;0;1;Passing;;;0;22216
1c288;16cfb;16b47;0;0;0000000000000080;        54s 711ms 722μs 454ns;259;-1;             16ms 686μs 625ns;0.000000;inf;0.000000;inf;0;1;Passing;;;0;22217
1c286;16cfb;16b47;0;0;0000000000000080;        54s 711ms 692μs 535ns;259;-1;             17ms 711μs 619ns;0.000000;inf;0.000000;inf;0;1;Passing;;;0;22219
1c282;16cfb;16b47;0;0;0000000000000080;        54s 711ms 574μs 488ns;259;-1;             17ms 333μs 953ns;0.000000;inf;0.000000;inf;0;1;Passing;;;0;22220
1c27c;16cfb;16b47;0;0;0000000000000080;        54s 711ms 415μs 883ns;259;-1;             16ms 340μs 600ns;0.000000;inf;0.000000;inf;0;1;Passing;;;0;22222
1c277;16cfb;16b47;0;0;0000000000000080;        54s 711ms 285μs 955ns;259;-1;             14ms  51μs 501ns;0.000000;inf;0.000000;inf;0;1;Passing;;;0;22225
1c272;16cfb;16b47;0;0;0000000000000080;        54s 711ms 185μs 808ns;259;-1;             14ms  81μs 916ns;0.000000;inf;0.000000;inf;0;1;Passing;;;0;22226
1c24c;16cfb;16b47;0;0;0000000000000080;        54s 710ms 402μs 477ns;259;-1;             12ms 286μs 792ns;0.000000;inf;0.000000;inf;0;1;Passing;;;0;22227
1c246;16cfb;16b47;0;0;4000000000000080;        54s 710ms 203μs  89ns;259;-1;             11ms 744μs 609ns;0.000000;inf;0.000000;inf;0;1;Passing;;;0;22228
1c544;16cfb;16b47;0;0;0000000000000080;        55s  59ms 856μs 517ns;257;-1;             12ms 818μs 727ns;0.000000;inf;0.000000;inf;0;1;Passing;;;0;22232
1c54d;16cfb;16b47;0;0;0000000000000080;        55s  60ms  24μs 615ns;257;-1;             14ms 984μs 523ns;0.000000;inf;0.000000;inf;0;1;Passing;;;0;22233
1c550;16cfb;16b47;0;0;0000000000000080;        55s  60ms 120μs 795ns;257;-1;             14ms 653μs 760ns;0.000000;inf;0.000000;inf;0;1;Passing;;;0;22234
1c5b9;16cfb;16b47;0;0;0000000000000080;        55s  62ms 187μs 888ns;257;-1;             16ms 559μs 711ns;0.000000;inf;0.000000;inf;0;1;Passing;;;0;22236
1c5bc;16cfb;16b47;0;0;0000000000000080;        55s  62ms 231μs 963ns;257;-1;             16ms 929μs 198ns;0.000000;inf;0.000000;inf;0;1;Passing;;;0;22237
1c5b3;16cfb;16b47;0;0;0000000000000080;        55s  62ms  76μs 386ns;257;-1;             16ms 185μs 938ns;0.000000;inf;0.000000;inf;0;1;Passing;;;0;22240
1c5b0;16cfb;16b47;0;0;0000000000000080;        55s  62ms  15μs 697ns;257;-1;             16ms  93μs 718ns;0.000000;inf;0.000000;inf;0;1;Passing;;;0;22241
1c5ad;16cfb;16b47;0;0;0000000000000080;        55s  61ms 958μs 341ns;257;-1;             15ms 931μs 509ns;0.000000;inf;0.000000;inf;0;1;Passing;;;0;22242
1c66e;16cfb;16b47;0;0;0000000000000080;        55s  66ms 344μs  87ns;257;-1;             16ms 448μs 688ns;0.000000;inf;0.000000;inf;0;1;Passing;;;0;22246
1c6bd;16cfb;16b47;0;0;0000000000000080;        55s  68ms 734μs 983ns;257;-1;             17ms 189μs  62ns;0.000000;inf;0.000000;inf;0;1;Passing;;;0;22248
1c6b0;16cfb;16b47;0;0;0000000000000080;        55s  68ms 356μs  58ns;257;-1;             17ms 137μs 556ns;0.000000;inf;0.000000;inf;0;1;Passing;;;0;22252
1c6ab;16cfb;16b47;0;0;0000000000000080;        55s  68ms 179μs 223ns;257;-1;             17ms 454μs  91ns;0.000000;inf;0.000000;inf;0;1;Passing;;;0;22253
1c69f;16cfb;16b47;0;0;0000000000000080;        55s  67ms 826μs 298ns;257;-1;             17ms 282μs 666ns;0.000000;inf;0.000000;inf;0;1;Passing;;;0;22259
1c68d;16cfb;16b47;0;0;0000000000000080;        55s  67ms 273μs 328ns;257;-1;             17ms 200μs 343ns;0.000000;inf;0.000000;inf;0;1;Passing;;;0;22264
1c682;16cfb;16b47;0;0;0000000000000080;        55s  66ms 920μs 125ns;257;-1;             19ms  13μs 929ns;0.000000;inf;0.000000;inf;0;1;Passing;;;0;22269
1c673;16cfb;16b47;0;0;0000000000000080;        55s  66ms 484μs 527ns;257;-1;             17ms 837μs 800ns;0.000000;inf;0.000000;inf;0;1;Passing;;;0;22276
1c661;16cfb;16b47;0;0;0000000000000080;        55s  66ms  42μs 968ns;257;-1;             15ms 935μs 919ns;0.000000;inf;0.000000;inf;0;1;Passing;;;0;22277
1c659;16cfb;16b47;0;0;0000000000000080;        55s  65ms 829μs 447ns;257;-1;             16ms 183μs 118ns;0.000000;inf;0.000000;inf;0;1;Passing;;;0;22281
1c647;16cfb;16b47;0;0;0000000000000080;        55s  65ms 452μs 930ns;257;-1;             16ms 746μs 834ns;0.000000;inf;0.000000;inf;0;1;Passing;;;0;22286
1c641;16cfb;16b47;0;0;0000000000000080;        55s  65ms 325μs  25ns;257;-1;             17ms  39μs  61ns;0.000000;inf;0.000000;inf;0;1;Passing;;;0;22288
1c63d;16cfb;16b47;0;0;0000000000000080;        55s  65ms 219μs 856ns;257;-1;             16ms 646μs 122ns;0.000000;inf;0.000000;inf;0;1;Passing;;;0;22289
1c63a;16cfb;16b47;0;0;0000000000000080;        55s  65ms 200μs 135ns;257;-1;             16ms 307μs 924ns;0.000000;inf;0.000000;inf;0;1;Passing;;;0;22290
1c637;16cfb;16b47;0;0;0000000000000080;        55s  65ms 116μs 895ns;257;-1;             16ms 720μs 901ns;0.000000;inf;0.000000;inf;0;1;Passing;;;0;22291
1c634;16cfb;16b47;0;0;0000000000000080;        55s  65ms  83μs 553ns;257;-1;             16ms 302μs 201ns;0.000000;inf;0.000000;inf;0;1;Passing;;;0;22292
1c631;16cfb;16b47;0;0;0000000000000080;        55s  65ms  10μs 282ns;257;-1;             16ms 624μs 299ns;0.000000;inf;0.000000;inf;0;1;Passing;;;0;22295
1c628;16cfb;16b47;0;0;0000000000000080;        55s  64ms 845μs  14ns;257;-1;             16ms 599μs 816ns;0.000000;inf;0.000000;inf;0;1;Passing;;;0;22296
1c625;16cfb;16b47;0;0;0000000000000080;        55s  64ms 754μs 375ns;257;-1;             16ms 666μs 546ns;0.000000;inf;0.000000;inf;0;1;Passing;;;0;22297
1c622;16cfb;16b47;0;0;0000000000000080;        55s  64ms 715μs 546ns;257;-1;             16ms 323μs 874ns;0.000000;inf;0.000000;inf;0;1;Passing;;;0;22298
1c61e;16cfb;16b47;0;0;0000000000000080;        55s  64ms 632μs 154ns;257;-1;             16ms 150μs 365ns;0.000000;inf;0.000000;inf;0;1;Passing;;;0;22300
1c618;16cfb;16b47;0;0;0000000000000080;        55s  64ms 504μs 839ns;257;-1;             16ms 533μs 756ns;0.000000;inf;0.000000;inf;0;1;Passing;;;0;22302
1c617;16cfb;16b47;0;0;0000000000000080;        55s  64ms 484μs 926ns;257;-1;             16ms 824μs 999ns;0.000000;inf;0.000000;inf;0;1;Passing;;;0;22303
1c612;16cfb;16b47;0;0;0000000000000080;        55s  64ms 360μs 611ns;257;-1;             16ms 821μs 132ns;0.000000;inf;0.000000;inf;0;1;Passing;;;0;22304
1c60c;16cfb;16b47;0;0;0000000000000080;        55s  64ms 162μs  62ns;257;-1;             16ms 667μs 177ns;0.000000;inf;0.000000;inf;0;1;Passing;;;0;22305
1c600;16cfb;16b47;0;0;0000000000000080;        55s  63ms 898μs 403ns;257;-1;             16ms 772μs 782ns;0.000000;inf;0.000000;inf;0;1;Passing;;;0;22310
1c5fa;16cfb;16b47;0;0;0000000000000080;        55s  63ms 785μs 123ns;257;-1;             16ms 631μs  60ns;0.000000;inf;0.000000;inf;0;1;Passing;;;0;22312
1c5f8;16cfb;16b47;0;0;0000000000000080;        55s  63ms 754μs 125ns;257;-1;             15ms 877μs  29ns;0.000000;inf;0.000000;inf;0;1;Passing;;;0;22313
1c5f3;16cfb;16b47;0;0;0000000000000080;        55s  63ms 623μs 340ns;257;-1;             16ms 404μs 773ns;0.000000;inf;0.000000;inf;0;1;Passing;;;0;22315
1c5e9;16cfb;16b47;0;0;0000000000000080;        55s  63ms 383μs 477ns;257;-1;             16ms  37μs 788ns;0.000000;inf;0.000000;inf;0;1;Passing;;;0;22318
1c5e4;16cfb;16b47;0;0;0000000000000080;        55s  63ms 262μs 248ns;257;-1;             16ms 321μs 608ns;0.000000;inf;0.000000;inf;0;1;Passing;;;0;22320
1c5e0;16cfb;16b47;0;0;0000000000000080;        55s  63ms  75μs 862ns;257;-1;             16ms 677μs 963ns;0.000000;inf;0.000000;inf;0;1;Passing;;;0;22321
1c5dd;16cfb;16b47;0;0;0000000000000080;        55s  63ms  65μs  38ns;257;-1;             16ms 489μs 101ns;0.000000;inf;0.000000;inf;0;1;Passing;;;0;22322
1c5d7;16cfb;16b47;0;0;0000000000000080;        55s  62ms 944μs 287ns;257;-1;             16ms 137μs 601ns;0.000000;inf;0.000000;inf;0;1;Passing;;;0;22324
1c5d1;16cfb;16b47;0;0;0000000000000080;        55s  62ms 821μs 747ns;257;-1;             16ms 900μs 119ns;0.000000;inf;0.000000;inf;0;1;Passing;;;0;22327
1c5ce;16cfb;16b47;0;0;0000000000000080;        55s  62ms 759μs 255ns;257;-1;             15ms 633μs 351ns;0.000000;inf;0.000000;inf;0;1;Passing;;;0;22330
1c5c5;16cfb;16b47;0;0;0000000000000080;        55s  62ms 573μs 967ns;257;-1;             15ms 891μs 823ns;0.000000;inf;0.000000;inf;0;1;Passing;;;0;22334
1c594;16cfb;16b47;0;0;0000000000000080;        55s  61ms 500μs 961ns;257;-1;             16ms  56μs 299ns;0.000000;inf;0.000000;inf;0;1;Passing;;;0;22336
1c592;16cfb;16b47;0;0;0000000000000080;        55s  61ms 468μs 154ns;257;-1;             16ms 586μs 584ns;0.000000;inf;0.000000;inf;0;1;Passing;;;0;22337
1c58e;16cfb;16b47;0;0;0000000000000080;        55s  61ms 382μs 313ns;257;-1;             16ms 404μs  84ns;0.000000;inf;0.000000;inf;0;1;Passing;;;0;22337
1c58c;16cfb;16b47;0;0;0000000000000080;        55s  61ms 355μs 785ns;257;-1;             16ms 290μs  50ns;0.000000;inf;0.000000;inf;0;1;Passing;;;0;22339
1c586;16cfb;16b47;0;0;0000000000000080;        55s  61ms 231μs 127ns;257;-1;             14ms 898μs 415ns;0.000000;inf;0.000000;inf;0;1;Passing;;;0;22342
1c580;16cfb;16b47;0;0;0000000000000080;        55s  61ms 126μs 593ns;257;-1;             15ms 829μs 321ns;0.000000;inf;0.000000;inf;0;1;Passing;;;0;22347
1c57a;16cfb;16b47;0;0;0000000000000080;        55s  61ms   6μs 119ns;257;-1;             15ms 927μs 219ns;0.000000;inf;0.000000;inf;0;1;Passing;;;0;22349
1c576;16cfb;16b47;0;0;0000000000000080;        55s  60ms 922μs 446ns;257;-1;             15ms 273μs 306ns;0.000000;inf;0.000000;inf;0;1;Passing;;;0;22350
1c55f;16cfb;16b47;0;0;0000000000000080;        55s  60ms 455μs 951ns;257;-1;              9ms 242μs 550ns;0.000000;inf;0.000000;inf;0;1;Passing;;;0;22356
1c556;16cfb;16b47;0;0;4000000000000080;        55s  60ms 251μs 767ns;257;-1;              8ms 556μs  90ns;0.000000;inf;0.000000;inf;0;1;Passing;;;0;22357
1c847;16cfb;16b47;0;0;0000000000000080;        55s 408ms 996μs  60ns;255;-1;             12ms 760μs 564ns;0.000000;inf;0.000000;inf;0;1;Passing;;;0;22364
1c84f;16cfb;16b47;0;0;0000000000000080;        55s 409ms 190μs 409ns;255;-1;             17ms  24μs 556ns;0.000000;inf;0.000000;inf;0;1;Passing;;;0;22366
1c859;16cfb;16b47;0;0;0000000000000080;        55s 409ms 449μs 139ns;255;-1;             15ms 876μs 214ns;0.000000;inf;0.000000;inf;0;1;Passing;;;0;22367
1c854;16cfb;16b47;0;0;0000000000000080;        55s 409ms 342μs  13ns;255;-1;             16ms 730μs 543ns;0.000000;inf;0.000000;inf;0;1;Passing;;;0;22368
1c8b3;16cfb;16b47;0;0;0000000000000080;        55s 411ms 445μs 449ns;255;-1;             16ms 392μs 277ns;0.000000;inf;0.000000;inf;0;1;Passing;;;0;22371
1c8b0;16cfb;16b47;0;0;0000000000000080;        55s 411ms 406μs 812ns;255;-1;             16ms 245μs 793ns;0.000000;inf;0.000000;inf;0;1;Passing;;;0;22372
1c8ac;16cfb;16b47;0;0;0000000000000080;        55s 411ms 291μs 396ns;255;-1;             15ms 971μs 297ns;0.000000;inf;0.000000;inf;0;1;Passing;;;0;22373
1c8e4;16cfb;16b47;0;0;0000000000000080;        55s 412ms 950μs 464ns;255;-1;             16ms  30μs 718ns;0.000000;inf;0.000000;inf;0;1;Passing;;;0;22375
1c9be;16cfb;16b47;0;0;0000000000000080;        55s 418ms 375μs  60ns;255;-1;             15ms 919μs 717ns;0.000000;inf;0.000000;inf;0;1;Passing;;;0;22379
1c9b0;16cfb;16b47;0;0;0000000000000080;        55s 417ms 928μs 709ns;255;-1;             15ms 851μs 466ns;0.000000;inf;0.000000;inf;0;1;Passing;;;0;22384
1c9ab;16cfb;16b47;0;0;0000000000000080;        55s 417ms 771μs 451ns;255;-1;             17ms 743μs 915ns;0.000000;inf;0.000000;inf;0;1;Passing;;;0;22386
1c9a0;16cfb;16b47;0;0;0000000000000080;        55s 417ms 421μs 626ns;255;-1;             16ms 285μs 309ns;0.000000;inf;0.000000;inf;0;1;Passing;;;0;22389
1c98d;16cfb;16b47;0;0;0000000000000080;        55s 416ms 944μs 292ns;255;-1;             16ms 499μs 639ns;0.000000;inf;0.000000;inf;0;1;Passing;;;0;22395
1c981;16cfb;16b47;0;0;0000000000000080;        55s 416ms 597μs  90ns;255;-1;             16ms 508μs 270ns;0.000000;inf;0.000000;inf;0;1;Passing;;;0;22399
1c973;16cfb;16b47;0;0;0000000000000080;        55s 416ms 216μs   4ns;255;-1;             17ms  17μs 346ns;0.000000;inf;0.000000;inf;0;1;Passing;;;0;22402
1c96d;16cfb;16b47;0;0;0000000000000080;        55s 416ms  99μs 543ns;255;-1;             17ms  51μs 420ns;0.000000;inf;0.000000;inf;0;1;Passing;;;0;22405
1c961;16cfb;16b47;0;0;0000000000000080;        55s 415ms 844μs 646ns;255;-1;             16ms 259μs 291ns;0.000000;inf;0.000000;inf;0;1;Passing;;;0;22408
1c958;16cfb;16b47;0;0;0000000000000080;        55s 415ms 600μs 616ns;255;-1;             16ms 834μs 720ns;0.000000;inf;0.000000;inf;0;1;Passing;;;0;22412
1c946;16cfb;16b47;0;0;0000000000000080;        55s 415ms 224μs 905ns;255;-1;             16ms 298μs  28ns;0.000000;inf;0.000000;inf;0;1;Passing;;;0;22417
1c941;16cfb;16b47;0;0;0000000000000080;        55s 415ms 102μs 493ns;255;-1;             16ms  11μs 730ns;0.000000;inf;0.000000;inf;0;1;Passing;;;0;22419
1c93b;16cfb;16b47;0;0;0000000000000080;        55s 414ms 983μs 729ns;255;-1;             16ms 731μs 543ns;0.000000;inf;0.000000;inf;0;1;Passing;;;0;22420
1c93c;16cfb;16b47;0;0;0000000000000080;        55s 414ms 970μs 292ns;255;-1;             16ms 583μs 699ns;0.000000;inf;0.000000;inf;0;1;Passing;;;0;22421
1c936;16cfb;16b47;0;0;0000000000000080;        55s 414ms 795μs 922ns;255;-1;             16ms 485μs 885ns;0.000000;inf;0.000000;inf;0;1;Passing;;;0;22422
1c935;16cfb;16b47;0;0;0000000000000080;        55s 414ms 792μs 917ns;255;-1;             16ms 393μs 725ns;0.000000;inf;0.000000;inf;0;1;Passing;;;0;22423
1c930;16cfb;16b47;0;0;0000000000000080;        55s 414ms 635μs 588ns;255;-1;             16ms 135μs 448ns;0.000000;inf;0.000000;inf;0;1;Passing;;;0;22426
1c928;16cfb;16b47;0;0;0000000000000080;        55s 414ms 501μs 391ns;255;-1;             16ms 516μs 346ns;0.000000;inf;0.000000;inf;0;1;Passing;;;0;22427
1c925;16cfb;16b47;0;0;0000000000000080;        55s 414ms 401μs 250ns;255;-1;             16ms 691μs 612ns;0.000000;inf;0.000000;inf;0;1;Passing;;;0;22429
1c922;16cfb;16b47;0;0;0000000000000080;        55s 414ms 372μs 440ns;255;-1;             16ms 436μs 679ns;0.000000;inf;0.000000;inf;0;1;Passing;;;0;22430
1c91f;16cfb;16b47;0;0;0000000000000080;        55s 414ms 270μs 289ns;255;-1;             16ms 355μs 689ns;0.000000;inf;0.000000;inf;0;1;Passing;;;0;22431
1c919;16cfb;16b47;0;0;0000000000000080;        55s 414ms 150μs 402ns;255;-1;             16ms 686μs 649ns;0.000000;inf;0.000000;inf;0;1;Passing;;;0;22433
1c916;16cfb;16b47;0;0;0000000000000080;        55s 414ms 117μs 742ns;255;-1;             16ms 301μs 397ns;0.000000;inf;0.000000;inf;0;1;Passing;;;0;22434
1c914;16cfb;16b47;0;0;0000000000000080;        55s 414ms  33μs 880ns;255;-1;             16ms 448μs 399ns;0.000000;inf;0.000000;inf;0;1;Passing;;;0;22435
1c90d;16cfb;16b47;0;0;0000000000000080;        55s 413ms 881μs 138ns;255;-1;             16ms 615μs 297ns;0.000000;inf;0.000000;inf;0;1;Passing;;;0;22436
1c901;16cfb;16b47;0;0;0000000000000080;        55s 413ms 625μs 938ns;255;-1;             16ms 945μs 390ns;0.000000;inf;0.000000;inf;0;1;Passing;;;0;22441
1c8fa;16cfb;16b47;0;0;0000000000000080;        55s 413ms 487μs 314ns;255;-1;             16ms 725μs 255ns;0.000000;inf;0.000000;inf;0;1;Passing;;;0;22443
1c8f8;16cfb;16b47;0;0;0000000000000080;        55s 413ms 435μs  51ns;255;-1;             16ms 961μs 743ns;0.000000;inf;0.000000;inf;0;1;Passing;;;0;22444
1c8f3;16cfb;16b47;0;0;0000000000000080;        55s 413ms 321μs 157ns;255;-1;             16ms       359ns;0.000000;inf;0.000000;inf;0;1;Passing;;;0;22447
1c8e9;16cfb;16b47;0;0;0000000000000080;        55s 413ms  22μs  62ns;255;-1;             16ms 713μs 662ns;0.000000;inf;0.000000;inf;0;1;Passing;;;0;22449
1c8e0;16cfb;16b47;0;0;0000000000000080;        55s 412ms 755μs 733ns;255;-1;             16ms 269μs 310ns;0.000000;inf;0.000000;inf;0;1;Passing;;;0;22450
1c8dd;16cfb;16b47;0;0;0000000000000080;        55s 412ms 747μs 350ns;255;-1;             16ms 627μs 216ns;0.000000;inf;0.000000;inf;0;1;Passing;;;0;22452
1c8d7;16cfb;16b47;0;0;0000000000000080;        55s 412ms 614μs   6ns;255;-1;             16ms 662μs 293ns;0.000000;inf;0.000000;inf;0;1;Passing;;;0;22453
1c8ce;16cfb;16b47;0;0;0000000000000080;        55s 412ms 476μs 560ns;255;-1;             16ms 581μs 402ns;0.000000;inf;0.000000;inf;0;1;Passing;;;0;22456
1c8d0;16cfb;16b47;0;0;0000000000000080;        55s 412ms 452μs 340ns;255;-1;             16ms 127μs  55ns;0.000000;inf;0.000000;inf;0;1;Passing;;;0;22459
1c8c5;16cfb;16b47;0;0;0000000000000080;        55s 412ms 213μs 700ns;255;-1;             15ms 704μs 841ns;0.000000;inf;0.000000;inf;0;1;Passing;;;0;22460
1c8bb;16cfb;16b47;0;0;0000000000000080;        55s 411ms 745μs 515ns;255;-1;             14ms 722μs 301ns;0.000000;inf;0.000000;inf;0;1;Passing;;;0;22466
1c8ba;16cfb;16b47;0;0;0000000000000080;        55s 411ms 725μs 829ns;255;-1;             18ms 451μs  44ns;0.000000;inf;0.000000;inf;0;1;Passing;;;0;22467
1c895;16cfb;16b47;0;0;0000000000000080;        55s 410ms 805μs 182ns;255;-1;             16ms 799μs 623ns;0.000000;inf;0.000000;inf;0;1;Passing;;;0;22469
1c892;16cfb;16b47;0;0;0000000000000080;        55s 410ms 762μs 299ns;255;-1;             17ms 276μs 669ns;0.000000;inf;0.000000;inf;0;1;Passing;;;0;22470
1c88f;16cfb;16b47;0;0;0000000000000080;        55s 410ms 693μs 841ns;255;-1;             16ms 876μs 900ns;0.000000;inf;0.000000;inf;0;1;Passing;;;0;22471
1c88c;16cfb;16b47;0;0;0000000000000080;        55s 410ms 646μs 751ns;255;-1;             16ms 479μs 608ns;0.000000;inf;0.000000;inf;0;1;Passing;;;0;22472
1c886;16cfb;16b47;0;0;0000000000000080;        55s 410ms 538μs 425ns;255;-1;             14ms 969μs 542ns;0.000000;inf;0.000000;inf;0;1;Passing;;;0;22478
1c87f;16cfb;16b47;0;0;0000000000000080;        55s 410ms 407μs 587ns;255;-1;             14ms 301μs 857ns;0.000000;inf;0.000000;inf;0;1;Passing;;;0;22482
1c879;16cfb;16b47;0;0;0000000000000080;        55s 410ms 219μs 743ns;255;-1;             13ms 714μs 606ns;0.000000;inf;0.000000;inf;0;1;Passing;;;0;22484
1c863;16cfb;16b47;0;0;4000000000000080;        55s 409ms 740μs 533ns;255;-1;              7ms  15μs 931ns;0.000000;inf;0.000000;inf;0;1;Passing;;;0;22485
1cb44;16cfb;16b47;0;0;0000000000000080;        55s 749ms 756μs 257ns;253;-1;             12ms 677μs 318ns;0.000000;inf;0.000000;inf;0;1;Passing;;;0;22495
1cb4f;16cfb;16b47;0;0;0000000000000080;        55s 750ms  87μs 652ns;253;-1;             11ms 999μs 719ns;0.000000;inf;0.000000;inf;0;1;Passing;;;0;22496
1cb5f;16cfb;16b47;0;0;0000000000000080;        55s 750ms 477μs 420ns;253;-1;             14ms 766μs 769ns;0.000000;inf;0.000000;inf;0;1;Passing;;;0;22501
1ccb9;16cfb;16b47;0;0;0000000000000080;        55s 760ms 785μs 983ns;253;-1;             16ms 941μs 768ns;0.000000;inf;0.000000;inf;0;1;Passing;;;0;22509
1cca8;16cfb;16b47;0;0;0000000000000080;        55s 760ms  95μs 810ns;253;-1;             16ms 706μs  41ns;0.000000;inf;0.000000;inf;0;1;Passing;;;0;22514
1cca7;16cfb;16b47;0;0;0000000000000080;        55s 760ms  35μs 192ns;253;-1;             15ms 803μs 613ns;0.000000;inf;0.000000;inf;0;1;Passing;;;0;22515
1cc9a;16cfb;16b47;0;0;0000000000000080;        55s 759ms 510μs 939ns;253;-1;             16ms 780μs  24ns;0.000000;inf;0.000000;inf;0;1;Passing;;;0;22518
1cc87;16cfb;16b47;0;0;0000000000000080;        55s 758ms 359μs 328ns;253;-1;             16ms 599μs 957ns;0.000000;inf;0.000000;inf;0;1;Passing;;;0;22523
1cc7d;16cfb;16b47;0;0;0000000000000080;        55s 757ms 997μs 699ns;253;-1;             16ms 163μs 532ns;0.000000;inf;0.000000;inf;0;1;Passing;;;0;22527
1cc6f;16cfb;16b47;0;0;0000000000000080;        55s 757ms 567μs  97ns;253;-1;             16ms  43μs 723ns;0.000000;inf;0.000000;inf;0;1;Passing;;;0;22530
1cc67;16cfb;16b47;0;0;0000000000000080;        55s 757ms 274μs 146ns;253;-1;             15ms 855μs 863ns;0.000000;inf;0.000000;inf;0;1;Passing;;;0;22534
1cc5b;16cfb;16b47;0;0;0000000000000080;        55s 756ms 828μs 668ns;253;-1;             16ms 367μs 839ns;0.000000;inf;0.000000;inf;0;1;Passing;;;0;22538
1cc52;16cfb;16b47;0;0;0000000000000080;        55s 756ms 529μs 697ns;253;-1;             17ms 436μs 720ns;0.000000;inf;0.000000;inf;0;1;Passing;;;0;22540
1cc3e;16cfb;16b47;0;0;0000000000000080;        55s 755ms 725μs 977ns;253;-1;             17ms 354μs 415ns;0.000000;inf;0.000000;inf;0;1;Passing;;;0;22546
1cc3a;16cfb;16b47;0;0;0000000000000080;        55s 755ms 615μs  30ns;253;-1;             17ms 166μs 282ns;0.000000;inf;0.000000;inf;0;1;Passing;;;0;22547
1cc31;16cfb;16b47;0;0;0000000000000080;        55s 755ms 579μs 190ns;253;-1;             17ms 222μs  83ns;0.000000;inf;0.000000;inf;0;1;Passing;;;0;22548
1cc37;16cfb;16b47;0;0;0000000000000080;        55s 755ms 503μs 453ns;253;-1;             17ms  58μs 820ns;0.000000;inf;0.000000;inf;0;1;Passing;;;0;22549
1cc33;16cfb;16b47;0;0;0000000000000080;        55s 755ms 396μs 400ns;253;-1;             15ms 868μs 815ns;0.000000;inf;0.000000;inf;0;1;Passing;;;0;22550
1cc26;16cfb;16b47;0;0;0000000000000080;        55s 754ms 902μs 966ns;253;-1;             16ms 595μs 980ns;0.000000;inf;0.000000;inf;0;1;Passing;;;0;22551
1cc2f;16cfb;16b47;0;0;0000000000000080;        55s 755ms 254μs 234ns;253;-1;             16ms 996μs 923ns;0.000000;inf;0.000000;inf;0;1;Passing;;;0;22552
1cc21;16cfb;16b47;0;0;0000000000000080;        55s 754ms 807μs 807ns;253;-1;             16ms 952μs 165ns;0.000000;inf;0.000000;inf;0;1;Passing;;;0;22553
1cc20;16cfb;16b47;0;0;0000000000000080;        55s 754ms 793μs 793ns;253;-1;             16ms 693μs 612ns;0.000000;inf;0.000000;inf;0;1;Passing;;;0;22553
1cc1b;16cfb;16b47;0;0;0000000000000080;        55s 754ms 660μs 536ns;253;-1;             15ms 718μs  58ns;0.000000;inf;0.000000;inf;0;1;Passing;;;0;22557
1cc14;16cfb;16b47;0;0;0000000000000080;        55s 754ms 541μs 976ns;253;-1;             17ms 325μs 707ns;0.000000;inf;0.000000;inf;0;1;Passing;;;0;22558
1cc15;16cfb;16b47;0;0;0000000000000080;        55s 754ms 536μs 209ns;253;-1;             16ms 875μs 681ns;0.000000;inf;0.000000;inf;0;1;Passing;;;0;22559
1cc0f;16cfb;16b47;0;0;0000000000000080;        55s 754ms 398μs 569ns;253;-1;             17ms 273μs 249ns;0.000000;inf;0.000000;inf;0;1;Passing;;;0;22560
1cc09;16cfb;16b47;0;0;0000000000000080;        55s 754ms 248μs 898ns;253;-1;             15ms 447μs 398ns;0.000000;inf;0.000000;inf;0;1;Passing;;;0;22563
1cbfd;16cfb;16b47;0;0;0000000000000080;        55s 753ms 995μs  87ns;253;-1;             18ms 287μs 831ns;0.000000;inf;0.000000;inf;0;1;Passing;;;0;22566
1cbf7;16cfb;16b47;0;0;0000000000000080;        55s 753ms 885μs 569ns;253;-1;             15ms 956μs 662ns;0.000000;inf;0.000000;inf;0;1;Passing;;;0;22568
1cbf5;16cfb;16b47;0;0;0000000000000080;        55s 753ms 872μs 625ns;253;-1;             16ms 268μs 570ns;0.000000;inf;0.000000;inf;0;1;Passing;;;0;22569
1cbef;16cfb;16b47;0;0;0000000000000080;        55s 753ms 747μs 475ns;253;-1;             15ms 819μs 615ns;0.000000;inf;0.000000;inf;0;1;Passing;;;0;22572
1cbe7;16cfb;16b47;0;0;0000000000000080;        55s 753ms 567μs  94ns;253;-1;             16ms 725μs  10ns;0.000000;inf;0.000000;inf;0;1;Passing;;;0;22574
1cbe1;16cfb;16b47;0;0;0000000000000080;        55s 753ms 375μs 584ns;253;-1;             16ms 959μs 257ns;0.000000;inf;0.000000;inf;0;1;Passing;;;0;22575
1cbda;16cfb;16b47;0;0;0000000000000080;        55s 753ms 234μs 706ns;253;-1;             16ms 440μs 125ns;0.000000;inf;0.000000;inf;0;1;Passing;;;0;22577
1cbdc;16cfb;16b47;0;0;0000000000000080;        55s 753ms 225μs 161ns;253;-1;             16ms 320μs 301ns;0.000000;inf;0.000000;inf;0;1;Passing;;;0;22578
1cbd5;16cfb;16b47;0;0;0000000000000080;        55s 753ms 101μs 498ns;253;-1;             15ms 164μs 117ns;0.000000;inf;0.000000;inf;0;1;Passing;;;0;22581
1cbce;16cfb;16b47;0;0;0000000000000080;        55s 752ms 952μs 721ns;253;-1;             15ms 680μs 437ns;0.000000;inf;0.000000;inf;0;1;Passing;;;0;22583
1cbcb;16cfb;16b47;0;0;0000000000000080;        55s 752ms 834μs 621ns;253;-1;             15ms 569μs  90ns;0.000000;inf;0.000000;inf;0;1;Passing;;;0;22584
1cbc3;16cfb;16b47;0;0;0000000000000080;        55s 752ms 677μs  85ns;253;-1;             15ms 869μs 210ns;0.000000;inf;0.000000;inf;0;1;Passing;;;0;22587
1cbb8;16cfb;16b47;0;0;0000000000000080;        55s 752ms 422μs  54ns;253;-1;             15ms 737μs 244ns;0.000000;inf;0.000000;inf;0;1;Passing;;;0;22588
1cbb7;16cfb;16b47;0;0;0000000000000080;        55s 752ms 411μs 604ns;253;-1;             15ms 756μs 272ns;0.000000;inf;0.000000;inf;0;1;Passing;;;0;22589
1cbb0;16cfb;16b47;0;0;0000000000000080;        55s 752ms 254μs 984ns;253;-1;             15ms 756μs 281ns;0.000000;inf;0.000000;inf;0;1;Passing;;;0;22591
1cbae;16cfb;16b47;0;0;0000000000000080;        55s 752ms 130μs 842ns;253;-1;             15ms 727μs  12ns;0.000000;inf;0.000000;inf;0;1;Passing;;;0;22593
1cba9;16cfb;16b47;0;0;0000000000000080;        55s 752ms   9μs 984ns;253;-1;             14ms 354μs 213ns;0.000000;inf;0.000000;inf;0;1;Passing;;;0;22595
1cb91;16cfb;16b47;0;0;0000000000000080;        55s 751ms 507μs 235ns;253;-1;             16ms 805μs 386ns;0.000000;inf;0.000000;inf;0;1;Passing;;;0;22601
1cb8f;16cfb;16b47;0;0;0000000000000080;        55s 751ms 490μs 384ns;253;-1;             16ms 615μs 979ns;0.000000;inf;0.000000;inf;0;1;Passing;;;0;22602
1cb8b;16cfb;16b47;0;0;0000000000000080;        55s 751ms 399μs 826ns;253;-1;             17ms  60μs 782ns;0.000000;inf;0.000000;inf;0;1;Passing;;;0;22603
1cb89;16cfb;16b47;0;0;0000000000000080;        55s 751ms 378μs 891ns;253;-1;             16ms 762μs 342ns;0.000000;inf;0.000000;inf;0;1;Passing;;;0;22604
1cb83;16cfb;16b47;0;0;0000000000000080;        55s 751ms 247μs 139ns;253;-1;             15ms 371μs 366ns;0.000000;inf;0.000000;inf;0;1;Passing;;;0;22607
1cb7d;16cfb;16b47;0;0;0000000000000080;        55s 751ms 136μs  91ns;253;-1;             14ms  33μs 174ns;0.000000;inf;0.000000;inf;0;1;Passing;;;0;22609
1cb77;16cfb;16b47;0;0;0000000000000080;        55s 750ms 997μs 377ns;253;-1;             13ms 770μs  95ns;0.000000;inf;0.000000;inf;0;1;Passing;;;0;22610
1cb55;16cfb;16b47;0;0;0000000000000080;        55s 750ms 246μs 111ns;253;-1;             12ms 339μs 194ns;0.000000;inf;0.000000;inf;0;1;Passing;;;0;22611
1cb4d;16cfb;16b47;0;0;4000000000000080;        55s 750ms 100μs 505ns;253;-1;             11ms 964μs 868ns;0.000000;inf;0.000000;inf;0;1;Passing;;;0;22612
1ce3c;16cfb;16b47;0;0;0000000000000080;        56s  83ms 873μs 269ns;251;-1;             12ms  23μs 107ns;0.000000;inf;0.000000;inf;0;1;Passing;;;0;22619
1ce4d;16cfb;16b47;0;0;0000000000000080;        56s  84ms 329μs 211ns;251;-1;             12ms 461μs 723ns;0.000000;inf;0.000000;inf;0;1;Passing;;;0;22620
1ce47;16cfb;16b47;0;0;0000000000000080;        56s  84ms 150μs 102ns;251;-1;             14ms 103μs 761ns;0.000000;inf;0.000000;inf;0;1;Passing;;;0;22622
1ce43;16cfb;16b47;0;0;0000000000000080;        56s  84ms  43μs 580ns;251;-1;             16ms 565μs 771ns;0.000000;inf;0.000000;inf;0;1;Passing;;;0;22623
1ce55;16cfb;16b47;0;0;0000000000000080;        56s  84ms 549μs 612ns;251;-1;             16ms  57μs  47ns;0.000000;inf;0.000000;inf;0;1;Passing;;;0;22625
1ceb0;16cfb;16b47;0;0;0000000000000080;        56s  87ms 146μs 907ns;251;-1;             15ms 869μs 390ns;0.000000;inf;0.000000;inf;0;1;Passing;;;0;22626
1cead;16cfb;16b47;0;0;0000000000000080;        56s  87ms       933ns;251;-1;             16ms  78μs 599ns;0.000000;inf;0.000000;inf;0;1;Passing;;;0;22627
1cea8;16cfb;16b47;0;0;0000000000000080;        56s  86ms 896μs 987ns;251;-1;             16ms  80μs 483ns;0.000000;inf;0.000000;inf;0;1;Passing;;;0;22628
1cea3;16cfb;16b47;0;0;0000000000000080;        56s  86ms 415μs 664ns;251;-1;             16ms 704μs 481ns;0.000000;inf;0.000000;inf;0;1;Passing;;;0;22629
1cec6;16cfb;16b47;0;0;0000000000000080;        56s  87ms 762μs 187ns;251;-1;             16ms 477μs 809ns;0.000000;inf;0.000000;inf;0;1;Passing;;;0;22630
1cf13;16cfb;16b47;0;0;0000000000000080;        56s  89ms 674μs 323ns;251;-1;             16ms  61μs 219ns;0.000000;inf;0.000000;inf;0;1;Passing;;;0;22632
1cfab;16cfb;16b47;0;0;0000000000000080;        56s  94ms 139μs  39ns;251;-1;             16ms 375μs 559ns;0.000000;inf;0.000000;inf;0;1;Passing;;;0;22634
1cf9e;16cfb;16b47;0;0;0000000000000080;        56s  93ms 745μs 177ns;251;-1;             16ms 476μs 792ns;0.000000;inf;0.000000;inf;0;1;Passing;;;0;22639
1cf99;16cfb;16b47;0;0;0000000000000080;        56s  93ms 564μs 709ns;251;-1;             16ms 305μs 569ns;0.000000;inf;0.000000;inf;0;1;Passing;;;0;22639
1cf8d;16cfb;16b47;0;0;0000000000000080;        56s  93ms  95μs  23ns;251;-1;             15ms 436μs 318ns;0.000000;inf;0.000000;inf;0;1;Passing;;;0;22645
1cf7c;16cfb;16b47;0;0;0000000000000080;        56s  92ms 543μs 972ns;251;-1;             17ms 750μs 439ns;0.000000;inf;0.000000;inf;0;1;Passing;;;0;22651
1cf64;16cfb;16b47;0;0;0000000000000080;        56s  92ms   1μs 490ns;251;-1;             15ms 407μs  84ns;0.000000;inf;0.000000;inf;0;1;Passing;;;0;22658
1cf5d;16cfb;16b47;0;0;0000000000000080;        56s  91ms 833μs 513ns;251;-1;             15ms 465μs   7ns;0.000000;inf;0.000000;inf;0;1;Passing;;;0;22662
1cf52;16cfb;16b47;0;0;0000000000000080;        56s  91ms 484μs  66ns;251;-1;             18ms  70μs  25ns;0.000000;inf;0.000000;inf;0;1;Passing;;;0;22665
1cf4a;16cfb;16b47;0;0;0000000000000080;        56s  91ms 255μs 129ns;251;-1;             15ms 937μs 719ns;0.000000;inf;0.000000;inf;0;1;Passing;;;0;22668
1cf38;16cfb;16b47;0;0;0000000000000080;        56s  90ms 746μs 218ns;251;-1;             15ms 634μs 653ns;0.000000;inf;0.000000;inf;0;1;Passing;;;0;22672
1cf2d;16cfb;16b47;0;0;0000000000000080;        56s  90ms 506μs 252ns;251;-1;             16ms 945μs 964ns;0.000000;inf;0.000000;inf;0;1;Passing;;;0;22674
1cf32;16cfb;16b47;0;0;0000000000000080;        56s  90ms 609μs 697ns;251;-1;             18ms 194μs 286ns;0.000000;inf;0.000000;inf;0;1;Passing;;;0;22675
1cf2c;16cfb;16b47;0;0;0000000000000080;        56s  90ms 484μs  24ns;251;-1;             17ms  74μs 331ns;0.000000;inf;0.000000;inf;0;1;Passing;;;0;22676
1cf27;16cfb;16b47;0;0;0000000000000080;        56s  90ms 378μs 336ns;251;-1;             17ms  62μs 600ns;0.000000;inf;0.000000;inf;0;1;Passing;;;0;22677
1cf25;16cfb;16b47;0;0;0000000000000080;        56s  90ms 354μs 736ns;251;-1;             16ms 939μs 529ns;0.000000;inf;0.000000;inf;0;1;Passing;;;0;22678
1cf1c;16cfb;16b47;0;0;0000000000000080;        56s  90ms 126μs 837ns;251;-1;             16ms 319μs 691ns;0.000000;inf;0.000000;inf;0;1;Passing;;;0;22681
1cf19;16cfb;16b47;0;0;0000000000000080;        56s  90ms  82μs 432ns;251;-1;             16ms 636μs 880ns;0.000000;inf;0.000000;inf;0;1;Passing;;;0;22683
1cf16;16cfb;16b47;0;0;0000000000000080;        56s  89ms 980μs 302ns;251;-1;             16ms 769μs 502ns;0.000000;inf;0.000000;inf;0;1;Passing;;;0;22684
1cf0c;16cfb;16b47;0;0;0000000000000080;        56s  89ms 534μs 679ns;251;-1;             15ms 740μs 787ns;0.000000;inf;0.000000;inf;0;1;Passing;;;0;22685
1cf0b;16cfb;16b47;0;0;0000000000000080;        56s  89ms 491μs 912ns;251;-1;             16ms 436μs 349ns;0.000000;inf;0.000000;inf;0;1;Passing;;;0;22688
1cf06;16cfb;16b47;0;0;0000000000000080;        56s  89ms 380μs 193ns;251;-1;             16ms 508μs 355ns;0.000000;inf;0.000000;inf;0;1;Passing;;;0;22689
1cf00;16cfb;16b47;0;0;0000000000000080;        56s  89ms 182μs 333ns;251;-1;             15ms 404μs 741ns;0.000000;inf;0.000000;inf;0;1;Passing;;;0;22692
1cef4;16cfb;16b47;0;0;0000000000000080;        56s  88ms 883μs 367ns;251;-1;             15ms 876μs 401ns;0.000000;inf;0.000000;inf;0;1;Passing;;;0;22695
1ceef;16cfb;16b47;0;0;0000000000000080;        56s  88ms 761μs 786ns;251;-1;             16ms 326μs 214ns;0.000000;inf;0.000000;inf;0;1;Passing;;;0;22696
1ceec;16cfb;16b47;0;0;0000000000000080;        56s  88ms 741μs 899ns;251;-1;             16ms 204μs 800ns;0.000000;inf;0.000000;inf;0;1;Passing;;;0;22697
1cee6;16cfb;16b47;0;0;0000000000000080;        56s  88ms 603μs 947ns;251;-1;             16ms 206μs 294ns;0.000000;inf;0.000000;inf;0;1;Passing;;;0;22699
1cede;16cfb;16b47;0;0;0000000000000080;        56s  88ms 452μs 354ns;251;-1;             15ms 701μs 858ns;0.000000;inf;0.000000;inf;0;1;Passing;;;0;22702
1ced7;16cfb;16b47;0;0;0000000000000080;        56s  88ms 275μs 807ns;251;-1;             16ms 525μs 344ns;0.000000;inf;0.000000;inf;0;1;Passing;;;0;22703
1ced3;16cfb;16b47;0;0;0000000000000080;        56s  88ms 147μs 985ns;251;-1;             16ms 268μs 862ns;0.000000;inf;0.000000;inf;0;1;Passing;;;0;22705
1cecc;16cfb;16b47;0;0;0000000000000080;        56s  87ms 972μs 127ns;251;-1;             15ms 764μs 671ns;0.000000;inf;0.000000;inf;0;1;Passing;;;0;22706
1ced2;16cfb;16b47;0;0;0000000000000080;        56s  88ms 130μs 385ns;251;-1;             16ms 178μs 227ns;0.000000;inf;0.000000;inf;0;1;Passing;;;0;22707
1cec1;16cfb;16b47;0;0;0000000000000080;        56s  87ms 607μs 869ns;251;-1;             15ms 739μs 576ns;0.000000;inf;0.000000;inf;0;1;Passing;;;0;22713
1ceb8;16cfb;16b47;0;0;0000000000000080;        56s  87ms 346μs   4ns;251;-1;             15ms 464μs  62ns;0.000000;inf;0.000000;inf;0;1;Passing;;;0;22715
1cea2;16cfb;16b47;0;0;0000000000000080;        56s  86ms 401μs 635ns;251;-1;             15ms 186μs 952ns;0.000000;inf;0.000000;inf;0;1;Passing;;;0;22719
1ce89;16cfb;16b47;0;0;0000000000000080;        56s  85ms 803μs 854ns;251;-1;             15ms 918μs 995ns;0.000000;inf;0.000000;inf;0;1;Passing;;;0;22723
1ce86;16cfb;16b47;0;0;0000000000000080;        56s  85ms 702μs 297ns;251;-1;             15ms 823μs  30ns;0.000000;inf;0.000000;inf;0;1;Passing;;;0;22724
1ce83;16cfb;16b47;0;0;0000000000000080;        56s  85ms 637μs 876ns;251;-1;             16ms 162μs 604ns;0.000000;inf;0.000000;inf;0;1;Passing;;;0;22725
1ce80;16cfb;16b47;0;0;0000000000000080;        56s  85ms 578μs 497ns;251;-1;             15ms 910μs 373ns;0.000000;inf;0.000000;inf;0;1;Passing;;;0;22726
1ce7a;16cfb;16b47;0;0;0000000000000080;        56s  85ms 444μs 435ns;251;-1;             14ms 437μs 446ns;0.000000;inf;0.000000;inf;0;1;Passing;;;0;22729
1ce74;16cfb;16b47;0;0;0000000000000080;        56s  85ms 281μs 669ns;251;-1;             13ms 796μs  49ns;0.000000;inf;0.000000;inf;0;1;Passing;;;0;22737
1ce6e;16cfb;16b47;0;0;4000000000000080;        56s  85ms 153μs 106ns;251;-1;             13ms 243μs 689ns;0.000000;inf;0.000000;inf;0;1;Passing;;;0;22738
1d12b;16cfb;16b47;0;0;0000000000000080;        56s 405ms 607μs 852ns;249;-1;             12ms 240μs 780ns;0.000000;inf;0.000000;inf;0;1;Passing;;;0;22747
1d135;16cfb;16b47;0;0;0000000000000080;        56s 405ms 875μs 909ns;249;-1;             10ms 560μs 679ns;0.000000;inf;0.000000;inf;0;1;Passing;;;0;22748
1d147;16cfb;16b47;0;0;0000000000000080;        56s 406ms 263μs 237ns;249;-1;             14ms 231μs 227ns;0.000000;inf;0.000000;inf;0;1;Passing;;;0;22754
1d195;16cfb;16b47;0;0;0000000000000080;        56s 407ms 873μs 848ns;249;-1;             16ms 472μs 777ns;0.000000;inf;0.000000;inf;0;1;Passing;;;0;22756
1d269;16cfb;16b47;0;0;0000000000000080;        56s 412ms 214μs 613ns;249;-1;             16ms 580μs 257ns;0.000000;inf;0.000000;inf;0;1;Passing;;;0;22757
1d299;16cfb;16b47;0;0;0000000000000080;        56s 413ms 656μs 862ns;249;-1;             16ms 696μs 134ns;0.000000;inf;0.000000;inf;0;1;Passing;;;0;22760
1d287;16cfb;16b47;0;0;0000000000000080;        56s 413ms 120μs 781ns;249;-1;             16ms   7μs 780ns;0.000000;inf;0.000000;inf;0;1;Passing;;;0;22765
1d28c;16cfb;16b47;0;0;0000000000000080;        56s 413ms 257μs 720ns;249;-1;             16ms 828μs 792ns;0.000000;inf;0.000000;inf;0;1;Passing;;;0;22767
1d27b;16cfb;16b47;0;0;0000000000000080;        56s 412ms 784μs 624ns;249;-1;             16ms 829μs 828ns;0.000000;inf;0.000000;inf;0;1;Passing;;;0;22772
1d253;16cfb;16b47;0;0;0000000000000080;        56s 411ms 711μs 140ns;249;-1;             16ms 188μs  15ns;0.000000;inf;0.000000;inf;0;1;Passing;;;0;22782
1d24b;16cfb;16b47;0;0;0000000000000080;        56s 411ms 480μs 855ns;249;-1;             16ms 391μs 129ns;0.000000;inf;0.000000;inf;0;1;Passing;;;0;22784
1d23f;16cfb;16b47;0;0;0000000000000080;        56s 411ms 225μs  40ns;249;-1;             16ms 117μs 154ns;0.000000;inf;0.000000;inf;0;1;Passing;;;0;22788
1d238;16cfb;16b47;0;0;0000000000000080;        56s 411ms  81μs 486ns;249;-1;             16ms 515μs 156ns;0.000000;inf;0.000000;inf;0;1;Passing;;;0;22789
1d224;16cfb;16b47;0;0;0000000000000080;        56s 410ms 604μs 733ns;249;-1;             15ms 158μs 966ns;0.000000;inf;0.000000;inf;0;1;Passing;;;0;22797
1d21d;16cfb;16b47;0;0;0000000000000080;        56s 410ms 478μs 271ns;249;-1;             15ms 460μs 878ns;0.000000;inf;0.000000;inf;0;1;Passing;;;0;22798
1d21e;16cfb;16b47;0;0;0000000000000080;        56s 410ms 498μs 935ns;249;-1;             18ms 175μs 831ns;0.000000;inf;0.000000;inf;0;1;Passing;;;0;22799
1d219;16cfb;16b47;0;0;0000000000000080;        56s 410ms 372μs 873ns;249;-1;             15ms 616μs 231ns;0.000000;inf;0.000000;inf;0;1;Passing;;;0;22800
1d216;16cfb;16b47;0;0;0000000000000080;        56s 410ms 392μs 595ns;249;-1;             18ms   7μs 275ns;0.000000;inf;0.000000;inf;0;1;Passing;;;0;22801
1d213;16cfb;16b47;0;0;0000000000000080;        56s 410ms 258μs 579ns;249;-1;             15ms 687μs 170ns;0.000000;inf;0.000000;inf;0;1;Passing;;;0;22803
1d20a;16cfb;16b47;0;0;0000000000000080;        56s 410ms 102μs 362ns;249;-1;             16ms 150μs 133ns;0.000000;inf;0.000000;inf;0;1;Passing;;;0;22806
1d207;16cfb;16b47;0;0;0000000000000080;        56s 410ms  62μs 431ns;249;-1;             16ms 322μs 737ns;0.000000;inf;0.000000;inf;0;1;Passing;;;0;22807
1d204;16cfb;16b47;0;0;0000000000000080;        56s 409ms 995μs 297ns;249;-1;             15ms 971μs 231ns;0.000000;inf;0.000000;inf;0;1;Passing;;;0;22808
1d201;16cfb;16b47;0;0;0000000000000080;        56s 409ms 962μs 687ns;249;-1;             16ms 461μs 325ns;0.000000;inf;0.000000;inf;0;1;Passing;;;0;22809
1d1fb;16cfb;16b47;0;0;0000000000000080;        56s 409ms 851μs 526ns;249;-1;             15ms 763μs 682ns;0.000000;inf;0.000000;inf;0;1;Passing;;;0;22811
1d1f8;16cfb;16b47;0;0;0000000000000080;        56s 409ms 770μs 787ns;249;-1;             16ms 210μs 215ns;0.000000;inf;0.000000;inf;0;1;Passing;;;0;22812
1d1f5;16cfb;16b47;0;0;0000000000000080;        56s 409ms 732μs 148ns;249;-1;             16ms 212μs 372ns;0.000000;inf;0.000000;inf;0;1;Passing;;;0;22813
1d1ef;16cfb;16b47;0;0;0000000000000080;        56s 409ms 624μs 236ns;249;-1;             16ms  21μs 553ns;0.000000;inf;0.000000;inf;0;1;Passing;;;0;22814
1d1e3;16cfb;16b47;0;0;0000000000000080;        56s 409ms 413μs 293ns;249;-1;             16ms 393μs 845ns;0.000000;inf;0.000000;inf;0;1;Passing;;;0;22820
1d1dd;16cfb;16b47;0;0;0000000000000080;        56s 409ms 287μs 983ns;249;-1;             15ms 385μs 936ns;0.000000;inf;0.000000;inf;0;1;Passing;;;0;22821
1d1da;16cfb;16b47;0;0;0000000000000080;        56s 409ms 236μs 296ns;249;-1;             15ms 769μs 722ns;0.000000;inf;0.000000;inf;0;1;Passing;;;0;22822
1d1d4;16cfb;16b47;0;0;0000000000000080;        56s 409ms 137μs 820ns;249;-1;             15ms 119μs 824ns;0.000000;inf;0.000000;inf;0;1;Passing;;;0;22825
1d1cb;16cfb;16b47;0;0;0000000000000080;        56s 408ms 989μs 665ns;249;-1;             15ms  13μs 356ns;0.000000;inf;0.000000;inf;0;1;Passing;;;0;22827
1d1c5;16cfb;16b47;0;0;0000000000000080;        56s 408ms 885μs 370ns;249;-1;             15ms 187μs 861ns;0.000000;inf;0.000000;inf;0;1;Passing;;;0;22828
1d1c2;16cfb;16b47;0;0;0000000000000080;        56s 408ms 851μs 480ns;249;-1;             15ms 457μs 119ns;0.000000;inf;0.000000;inf;0;1;Passing;;;0;22830
1d1bf;16cfb;16b47;0;0;0000000000000080;        56s 408ms 780μs 974ns;249;-1;             15ms 138μs 373ns;0.000000;inf;0.000000;inf;0;1;Passing;;;0;22831
1d1b9;16cfb;16b47;0;0;0000000000000080;        56s 408ms 679μs 549ns;249;-1;             15ms 324μs 862ns;0.000000;inf;0.000000;inf;0;1;Passing;;;0;22834
1d1b3;16cfb;16b47;0;0;0000000000000080;        56s 408ms 585μs   4ns;249;-1;             15ms 467μs 769ns;0.000000;inf;0.000000;inf;0;1;Passing;;;0;22836
1d1b0;16cfb;16b47;0;0;0000000000000080;        56s 408ms 523μs 415ns;249;-1;             15ms 621μs  22ns;0.000000;inf;0.000000;inf;0;1;Passing;;;0;22838
1d1a7;16cfb;16b47;0;0;0000000000000080;        56s 408ms 357μs 814ns;249;-1;             15ms  77μs 841ns;0.000000;inf;0.000000;inf;0;1;Passing;;;0;22841
1d19e;16cfb;16b47;0;0;0000000000000080;        56s 408ms 161μs 637ns;249;-1;             15ms 356μs 669ns;0.000000;inf;0.000000;inf;0;1;Passing;;;0;22844
1d19b;16cfb;16b47;0;0;0000000000000080;        56s 408ms 111μs 213ns;249;-1;             15ms 632μs 984ns;0.000000;inf;0.000000;inf;0;1;Passing;;;0;22845
1d192;16cfb;16b47;0;0;0000000000000080;        56s 407ms 840μs 692ns;249;-1;             15ms 538μs 574ns;0.000000;inf;0.000000;inf;0;1;Passing;;;0;22846
1d179;16cfb;16b47;0;0;0000000000000080;        56s 407ms 243μs 344ns;249;-1;             16ms  86μs  92ns;0.000000;inf;0.000000;inf;0;1;Passing;;;0;22852
1d177;16cfb;16b47;0;0;0000000000000080;        56s 407ms 227μs   6ns;249;-1;             15ms 382μs 517ns;0.000000;inf;0.000000;inf;0;1;Passing;;;0;22853
1d173;16cfb;16b47;0;0;0000000000000080;        56s 407ms 136μs  36ns;249;-1;             15ms 601μs 707ns;0.000000;inf;0.000000;inf;0;1;Passing;;;0;22854
1d172;16cfb;16b47;0;0;0000000000000080;        56s 407ms 119μs 569ns;249;-1;             15ms 807μs 712ns;0.000000;inf;0.000000;inf;0;1;Passing;;;0;22855
1d16b;16cfb;16b47;0;0;0000000000000080;        56s 407ms   4μs 916ns;249;-1;             15ms 187μs 196ns;0.000000;inf;0.000000;inf;0;1;Passing;;;0;22857
1d165;16cfb;16b47;0;0;0000000000000080;        56s 406ms 872μs 849ns;249;-1;             15ms  34μs 509ns;0.000000;inf;0.000000;inf;0;1;Passing;;;0;22860
1d160;16cfb;16b47;0;0;0000000000000080;        56s 406ms 750μs 116ns;249;-1;             14ms 499μs 237ns;0.000000;inf;0.000000;inf;0;1;Passing;;;0;22861
1d13d;16cfb;16b47;0;0;0000000000000080;        56s 406ms  16μs  97ns;249;-1;             14ms 405μs 395ns;0.000000;inf;0.000000;inf;0;1;Passing;;;0;22862
1d137;16cfb;16b47;0;0;4000000000000080;        56s 405ms 891μs 166ns;249;-1;             11ms  78μs 419ns;0.000000;inf;0.000000;inf;0;1;Passing;;;0;22863
1d429;16cfb;16b47;0;0;0000000000000080;        56s 731ms 150μs 922ns;247;-1;             14ms 153μs 216ns;0.000000;inf;0.000000;inf;0;1;Passing;;;0;22868
1d417;16cfb;16b47;0;0;0000000000000080;        56s 730ms 553μs 716ns;247;-1;             16ms 802μs 403ns;0.000000;inf;0.000000;inf;0;1;Passing;;;0;22869
1d423;16cfb;16b47;0;0;0000000000000080;        56s 730ms 989μs 262ns;247;-1;             16ms 893μs 925ns;0.000000;inf;0.000000;inf;0;1;Passing;;;0;22870
1d420;16cfb;16b47;0;0;0000000000000080;        56s 730ms 945μs 214ns;247;-1;             16ms 818μs 141ns;0.000000;inf;0.000000;inf;0;1;Passing;;;0;22871
1d45b;16cfb;16b47;0;0;0000000000000080;        56s 733ms  62μs 394ns;247;-1;             16ms 668μs 145ns;0.000000;inf;0.000000;inf;0;1;Passing;;;0;22873
1d455;16cfb;16b47;0;0;0000000000000080;        56s 732ms 603μs 645ns;247;-1;             15ms 245μs 532ns;0.000000;inf;0.000000;inf;0;1;Passing;;;0;22878
1d450;16cfb;16b47;0;0;0000000000000080;        56s 732ms 471μs 331ns;247;-1;             15ms 354μs 316ns;0.000000;inf;0.000000;inf;0;1;Passing;;;0;22880
1d44a;16cfb;16b47;0;0;0000000000000080;        56s 732ms 336μs 495ns;247;-1;             15ms 322μs 731ns;0.000000;inf;0.000000;inf;0;1;Passing;;;0;22881
1d504;16cfb;16b47;0;0;0000000000000080;        56s 737ms 514μs 340ns;247;-1;             16ms 653μs 583ns;0.000000;inf;0.000000;inf;0;1;Passing;;;0;22882
1d583;16cfb;16b47;0;0;0000000000000080;        56s 741ms 174μs 817ns;247;-1;             16ms 536μs 719ns;0.000000;inf;0.000000;inf;0;1;Passing;;;0;22884
1d573;16cfb;16b47;0;0;0000000000000080;        56s 740ms 654μs 437ns;247;-1;             16ms 578μs 875ns;0.000000;inf;0.000000;inf;0;1;Passing;;;0;22889
1d571;16cfb;16b47;0;0;0000000000000080;        56s 740ms 610μs 872ns;247;-1;             16ms 306μs 769ns;0.000000;inf;0.000000;inf;0;1;Passing;;;0;22891
1d565;16cfb;16b47;0;0;0000000000000080;        56s 740ms 243μs  69ns;247;-1;             16ms 688μs 945ns;0.000000;inf;0.000000;inf;0;1;Passing;;;0;22895
1d552;16cfb;16b47;0;0;0000000000000080;        56s 739ms 723μs 331ns;247;-1;             16ms 368μs 748ns;0.000000;inf;0.000000;inf;0;1;Passing;;;0;22901
1d53a;16cfb;16b47;0;0;0000000000000080;        56s 738ms 999μs 112ns;247;-1;             15ms 810μs 501ns;0.000000;inf;0.000000;inf;0;1;Passing;;;0;22909
1d534;16cfb;16b47;0;0;0000000000000080;        56s 738ms 850μs 759ns;247;-1;             15ms 448μs 518ns;0.000000;inf;0.000000;inf;0;1;Passing;;;0;22911
1d527;16cfb;16b47;0;0;0000000000000080;        56s 738ms 517μs 429ns;247;-1;             15ms 545μs 107ns;0.000000;inf;0.000000;inf;0;1;Passing;;;0;22916
1d520;16cfb;16b47;0;0;0000000000000080;        56s 738ms 327μs 455ns;247;-1;             15ms 762μs 114ns;0.000000;inf;0.000000;inf;0;1;Passing;;;0;22917
1d50d;16cfb;16b47;0;0;0000000000000080;        56s 737ms 821μs  19ns;247;-1;             15ms 535μs  53ns;0.000000;inf;0.000000;inf;0;1;Passing;;;0;22924
1d508;16cfb;16b47;0;0;0000000000000080;        56s 737ms 663μs 946ns;247;-1;             16ms 280μs 124ns;0.000000;inf;0.000000;inf;0;1;Passing;;;0;22925
1d501;16cfb;16b47;0;0;0000000000000080;        56s 737ms 445μs 940ns;247;-1;             16ms 102μs 517ns;0.000000;inf;0.000000;inf;0;1;Passing;;;0;22926
1d4fe;16cfb;16b47;0;0;0000000000000080;        56s 737ms 370μs 215ns;247;-1;             15ms 626μs  38ns;0.000000;inf;0.000000;inf;0;1;Passing;;;0;22927
1d4fb;16cfb;16b47;0;0;0000000000000080;        56s 737ms 294μs 630ns;247;-1;             15ms 547μs 808ns;0.000000;inf;0.000000;inf;0;1;Passing;;;0;22929
1d4f3;16cfb;16b47;0;0;0000000000000080;        56s 737ms 143μs  82ns;247;-1;             16ms 289μs 947ns;0.000000;inf;0.000000;inf;0;1;Passing;;;0;22931
1d4ec;16cfb;16b47;0;0;0000000000000080;        56s 737ms  51μs 380ns;247;-1;             16ms 246μs 168ns;0.000000;inf;0.000000;inf;0;1;Passing;;;0;22932
1d4ef;16cfb;16b47;0;0;0000000000000080;        56s 737ms  44μs 306ns;247;-1;             16ms 473μs 333ns;0.000000;inf;0.000000;inf;0;1;Passing;;;0;22933
1d4e3;16cfb;16b47;0;0;0000000000000080;        56s 736ms 898μs 555ns;247;-1;             16ms 157μs 408ns;0.000000;inf;0.000000;inf;0;1;Passing;;;0;22935
1d4e9;16cfb;16b47;0;0;0000000000000080;        56s 736ms 948μs 319ns;247;-1;             16ms 684μs 828ns;0.000000;inf;0.000000;inf;0;1;Passing;;;0;22936
1d4e0;16cfb;16b47;0;0;0000000000000080;        56s 736ms 754μs 894ns;247;-1;             15ms 214μs 510ns;0.000000;inf;0.000000;inf;0;1;Passing;;;0;22939
1d4dc;16cfb;16b47;0;0;0000000000000080;        56s 736ms 661μs 437ns;247;-1;             15ms 439μs 230ns;0.000000;inf;0.000000;inf;0;1;Passing;;;0;22940
1d4d7;16cfb;16b47;0;0;0000000000000080;        56s 736ms 560μs 756ns;247;-1;             15ms 537μs 282ns;0.000000;inf;0.000000;inf;0;1;Passing;;;0;22941
1d4c8;16cfb;16b47;0;0;0000000000000080;        56s 736ms 230μs 327ns;247;-1;             16ms 128μs 895ns;0.000000;inf;0.000000;inf;0;1;Passing;;;0;22947
1d4c1;16cfb;16b47;0;0;0000000000000080;        56s 736ms 136μs 908ns;247;-1;             15ms 824μs 551ns;0.000000;inf;0.000000;inf;0;1;Passing;;;0;22948
1d4c5;16cfb;16b47;0;0;0000000000000080;        56s 736ms 125μs  22ns;247;-1;             16ms  21μs 885ns;0.000000;inf;0.000000;inf;0;1;Passing;;;0;22949
1d4b6;16cfb;16b47;0;0;0000000000000080;        56s 735ms 786μs 332ns;247;-1;             15ms 457μs  51ns;0.000000;inf;0.000000;inf;0;1;Passing;;;0;22952
1d4b1;16cfb;16b47;0;0;0000000000000080;        56s 735ms 671μs 322ns;247;-1;             15ms 590μs 229ns;0.000000;inf;0.000000;inf;0;1;Passing;;;0;22953
1d4aa;16cfb;16b47;0;0;0000000000000080;        56s 735ms 555μs  28ns;247;-1;             15ms 404μs 315ns;0.000000;inf;0.000000;inf;0;1;Passing;;;0;22955
1d4ad;16cfb;16b47;0;0;0000000000000080;        56s 735ms 551μs 296ns;247;-1;             15ms 529μs 467ns;0.000000;inf;0.000000;inf;0;1;Passing;;;0;22956
1d4a3;16cfb;16b47;0;0;0000000000000080;        56s 735ms 358μs 180ns;247;-1;             15ms  97μs 184ns;0.000000;inf;0.000000;inf;0;1;Passing;;;0;22961
1d49e;16cfb;16b47;0;0;0000000000000080;        56s 735ms 221μs 176ns;247;-1;             15ms 751μs 989ns;0.000000;inf;0.000000;inf;0;1;Passing;;;0;22962
1d49b;16cfb;16b47;0;0;0000000000000080;        56s 735ms 125μs 589ns;247;-1;             15ms 229μs 964ns;0.000000;inf;0.000000;inf;0;1;Passing;;;0;22963
1d492;16cfb;16b47;0;0;0000000000000080;        56s 734ms 921μs 559ns;247;-1;             14ms 922μs 398ns;0.000000;inf;0.000000;inf;0;1;Passing;;;0;22966
1d486;16cfb;16b47;0;0;0000000000000080;        56s 734ms 765μs 544ns;247;-1;             15ms 271μs 564ns;0.000000;inf;0.000000;inf;0;1;Passing;;;0;22967
1d489;16cfb;16b47;0;0;0000000000000080;        56s 734ms 717μs 371ns;247;-1;             16ms 104μs 438ns;0.000000;inf;0.000000;inf;0;1;Passing;;;0;22968
1d47e;16cfb;16b47;0;0;0000000000000080;        56s 734ms 535μs  75ns;247;-1;             14ms 751μs  83ns;0.000000;inf;0.000000;inf;0;1;Passing;;;0;22970
1d47f;16cfb;16b47;0;0;0000000000000080;        56s 734ms 486μs 427ns;247;-1;             15ms 196μs  47ns;0.000000;inf;0.000000;inf;0;1;Passing;;;0;22973
1d465;16cfb;16b47;0;0;0000000000000080;        56s 733ms 421μs 697ns;247;-1;             13ms  97μs 437ns;0.000000;inf;0.000000;inf;0;1;Passing;;;0;22981
1d460;16cfb;16b47;0;0;0000000000000080;        56s 733ms 396μs 940ns;247;-1;             12ms 720μs 309ns;0.000000;inf;0.000000;inf;0;1;Passing;;;0;22983
1d461;16cfb;16b47;0;0;0000000000000080;        56s 733ms 277μs 992ns;247;-1;             14ms  98μs 655ns;0.000000;inf;0.000000;inf;0;1;Passing;;;0;22985
1d432;16cfb;16b47;0;0;4000000000000080;        56s 731ms 529μs 368ns;247;-1;              6ms 889μs 294ns;0.000000;inf;0.000000;inf;0;1;Passing;;;0;22987
1d6fd;16cfb;16b47;0;0;0000000000000080;        57s  46ms 965μs 366ns;245;-1;             12ms 742μs 680ns;0.000000;inf;0.000000;inf;0;1;Passing;;;0;22994
1d70e;16cfb;16b47;0;0;0000000000000080;        57s  47ms 424μs 293ns;245;-1;             11ms 760μs 187ns;0.000000;inf;0.000000;inf;0;1;Passing;;;0;22995
1d705;16cfb;16b47;0;0;0000000000000080;        57s  47ms 200μs  45ns;245;-1;             14ms 797μs 622ns;0.000000;inf;0.000000;inf;0;1;Passing;;;0;22998
1d708;16cfb;16b47;0;0;0000000000000080;        57s  47ms 266μs 330ns;245;-1;             15ms 557μs  34ns;0.000000;inf;0.000000;inf;0;1;Passing;;;0;22999
1d74b;16cfb;16b47;0;0;0000000000000080;        57s  48ms 876μs 971ns;245;-1;             15ms 879μs 650ns;0.000000;inf;0.000000;inf;0;1;Passing;;;0;23004
1d747;16cfb;16b47;0;0;0000000000000080;        57s  48ms 703μs 926ns;245;-1;             15ms 763μs 268ns;0.000000;inf;0.000000;inf;0;1;Passing;;;0;23005
1d864;16cfb;16b47;0;0;0000000000000080;        57s  55ms 332μs 434ns;245;-1;             15ms 680μs 601ns;0.000000;inf;0.000000;inf;0;1;Passing;;;0;23008
1d856;16cfb;16b47;0;0;0000000000000080;        57s  54ms 926μs 796ns;245;-1;             16ms 129μs 570ns;0.000000;inf;0.000000;inf;0;1;Passing;;;0;23012
1d852;16cfb;16b47;0;0;0000000000000080;        57s  54ms 768μs 979ns;245;-1;             16ms 870μs 123ns;0.000000;inf;0.000000;inf;0;1;Passing;;;0;23015
1d847;16cfb;16b47;0;0;0000000000000080;        57s  54ms 592μs 916ns;245;-1;             15ms 510μs 399ns;0.000000;inf;0.000000;inf;0;1;Passing;;;0;23018
1d834;16cfb;16b47;0;0;0000000000000080;        57s  54ms        76ns;245;-1;             15ms 459μs 796ns;0.000000;inf;0.000000;inf;0;1;Passing;;;0;23023
1d81b;16cfb;16b47;0;0;0000000000000080;        57s  53ms 437μs  35ns;245;-1;             15ms 486μs 172ns;0.000000;inf;0.000000;inf;0;1;Passing;;;0;23032
1d816;16cfb;16b47;0;0;0000000000000080;        57s  53ms 285μs 249ns;245;-1;             15ms 500μs 484ns;0.000000;inf;0.000000;inf;0;1;Passing;;;0;23033
1d80b;16cfb;16b47;0;0;0000000000000080;        57s  53ms  75μs 609ns;245;-1;             17ms 940μs 733ns;0.000000;inf;0.000000;inf;0;1;Passing;;;0;23040
1d801;16cfb;16b47;0;0;0000000000000080;        57s  52ms 857μs  93ns;245;-1;             16ms 332μs 594ns;0.000000;inf;0.000000;inf;0;1;Passing;;;0;23041
1d7ef;16cfb;16b47;0;0;0000000000000080;        57s  52ms 512μs  58ns;245;-1;             16ms  21μs 516ns;0.000000;inf;0.000000;inf;0;1;Passing;;;0;23046
1d7e8;16cfb;16b47;0;0;0000000000000080;        57s  52ms 364μs 882ns;245;-1;             15ms 902μs  64ns;0.000000;inf;0.000000;inf;0;1;Passing;;;0;23048
1d7e7;16cfb;16b47;0;0;0000000000000080;        57s  52ms 300μs 192ns;245;-1;             15ms 647μs 642ns;0.000000;inf;0.000000;inf;0;1;Passing;;;0;23049
1d7e1;16cfb;16b47;0;0;0000000000000080;        57s  52ms 199μs  90ns;245;-1;             15ms 783μs 119ns;0.000000;inf;0.000000;inf;0;1;Passing;;;0;23050
1d7e2;16cfb;16b47;0;0;0000000000000080;        57s  52ms 184μs 283ns;245;-1;             15ms 943μs 815ns;0.000000;inf;0.000000;inf;0;1;Passing;;;0;23051
1d7dd;16cfb;16b47;0;0;0000000000000080;        57s  52ms  61μs 566ns;245;-1;             15ms 882μs  84ns;0.000000;inf;0.000000;inf;0;1;Passing;;;0;23052
1d7d2;16cfb;16b47;0;0;0000000000000080;        57s  51ms 764μs 204ns;245;-1;             15ms 136μs 833ns;0.000000;inf;0.000000;inf;0;1;Passing;;;0;23055
1d7d3;16cfb;16b47;0;0;0000000000000080;        57s  51ms 740μs 128ns;245;-1;             15ms 687μs 351ns;0.000000;inf;0.000000;inf;0;1;Passing;;;0;23056
1d7cc;16cfb;16b47;0;0;0000000000000080;        57s  51ms 609μs 584ns;245;-1;             16ms 520μs 886ns;0.000000;inf;0.000000;inf;0;1;Passing;;;0;23057
1d7cd;16cfb;16b47;0;0;0000000000000080;        57s  51ms 619μs 991ns;245;-1;             17ms 830μs 109ns;0.000000;inf;0.000000;inf;0;1;Passing;;;0;23058
1d7c6;16cfb;16b47;0;0;0000000000000080;        57s  51ms 502μs 424ns;245;-1;             16ms 499μs 610ns;0.000000;inf;0.000000;inf;0;1;Passing;;;0;23059
1d7c0;16cfb;16b47;0;0;0000000000000080;        57s  51ms 389μs 133ns;245;-1;             14ms 562μs 393ns;0.000000;inf;0.000000;inf;0;1;Passing;;;0;23063
1d7c1;16cfb;16b47;0;0;0000000000000080;        57s  51ms 380μs 261ns;245;-1;             15ms 307μs 709ns;0.000000;inf;0.000000;inf;0;1;Passing;;;0;23064
1d7ba;16cfb;16b47;0;0;0000000000000080;        57s  51ms 230μs 806ns;245;-1;             16ms 648μs 800ns;0.000000;inf;0.000000;inf;0;1;Passing;;;0;23065
1d7aa;16cfb;16b47;0;0;0000000000000080;        57s  50ms 882μs 408ns;245;-1;             15ms 605μs 664ns;0.000000;inf;0.000000;inf;0;1;Passing;;;0;23069
1d7a5;16cfb;16b47;0;0;0000000000000080;        57s  50ms 764μs 833ns;245;-1;             15ms  95μs 821ns;0.000000;inf;0.000000;inf;0;1;Passing;;;0;23072
1d79a;16cfb;16b47;0;0;0000000000000080;        57s  50ms 532μs 416ns;245;-1;             15ms 333μs 562ns;0.000000;inf;0.000000;inf;0;1;Passing;;;0;23073
1d793;16cfb;16b47;0;0;0000000000000080;        57s  50ms 399μs 673ns;245;-1;             16ms  28μs 277ns;0.000000;inf;0.000000;inf;0;1;Passing;;;0;23075
1d794;16cfb;16b47;0;0;0000000000000080;        57s  50ms 392μs 848ns;245;-1;             15ms 996μs 549ns;0.000000;inf;0.000000;inf;0;1;Passing;;;0;23076
1d78f;16cfb;16b47;0;0;0000000000000080;        57s  50ms 238μs 346ns;245;-1;             15ms 747μs 749ns;0.000000;inf;0.000000;inf;0;1;Passing;;;0;23077
1d789;16cfb;16b47;0;0;0000000000000080;        57s  50ms  89μs 689ns;245;-1;             15ms 870μs 953ns;0.000000;inf;0.000000;inf;0;1;Passing;;;0;23079
1d783;16cfb;16b47;0;0;0000000000000080;        57s  49ms 982μs 738ns;245;-1;             15ms 727μs 728ns;0.000000;inf;0.000000;inf;0;1;Passing;;;0;23082
1d780;16cfb;16b47;0;0;0000000000000080;        57s  49ms 961μs 396ns;245;-1;             15ms 998μs 804ns;0.000000;inf;0.000000;inf;0;1;Passing;;;0;23084
1d777;16cfb;16b47;0;0;0000000000000080;        57s  49ms 780μs 973ns;245;-1;             14ms 514μs 252ns;0.000000;inf;0.000000;inf;0;1;Passing;;;0;23086
1d76e;16cfb;16b47;0;0;0000000000000080;        57s  49ms 636μs 311ns;245;-1;             15ms 611μs 842ns;0.000000;inf;0.000000;inf;0;1;Passing;;;0;23089
1d76b;16cfb;16b47;0;0;0000000000000080;        57s  49ms 562μs 790ns;245;-1;             15ms 706μs 459ns;0.000000;inf;0.000000;inf;0;1;Passing;;;0;23090
1d764;16cfb;16b47;0;0;0000000000000080;        57s  49ms 451μs 478ns;245;-1;             15ms 583μs 908ns;0.000000;inf;0.000000;inf;0;1;Passing;;;0;23091
1d762;16cfb;16b47;0;0;0000000000000080;        57s  49ms 426μs 301ns;245;-1;             15ms 604μs 179ns;0.000000;inf;0.000000;inf;0;1;Passing;;;0;23094
1d744;16cfb;16b47;0;0;0000000000000080;        57s  48ms 700μs 384ns;245;-1;             15ms 497μs 481ns;0.000000;inf;0.000000;inf;0;1;Passing;;;0;23098
1d741;16cfb;16b47;0;0;0000000000000080;        57s  48ms 603μs 950ns;245;-1;             14ms 830μs 144ns;0.000000;inf;0.000000;inf;0;1;Passing;;;0;23099
1d73b;16cfb;16b47;0;0;0000000000000080;        57s  48ms 542μs 761ns;245;-1;             15ms 579μs 606ns;0.000000;inf;0.000000;inf;0;1;Passing;;;0;23101
1d735;16cfb;16b47;0;0;0000000000000080;        57s  48ms 362μs 207ns;245;-1;             14ms 309μs 470ns;0.000000;inf;0.000000;inf;0;1;Passing;;;0;23106
1d72e;16cfb;16b47;0;0;0000000000000080;        57s  48ms 152μs 495ns;245;-1;             12ms 170μs 509ns;0.000000;inf;0.000000;inf;0;1;Passing;;;0;23109
1d718;16cfb;16b47;0;0;4000000000000080;        57s  47ms 729μs 570ns;245;-1;              7ms 402μs 234ns;0.000000;inf;0.000000;inf;0;1;Passing;;;0;23110
1d9e2;16cfb;16b47;0;0;0000000000000080;        57s 357ms 654μs 845ns;243;-1;             13ms 696μs 528ns;0.000000;inf;0.000000;inf;0;1;Passing;;;0;23118
1d9ea;16cfb;16b47;0;0;0000000000000080;        57s 357ms 891μs  76ns;243;-1;             14ms 952μs 760ns;0.000000;inf;0.000000;inf;0;1;Passing;;;0;23120
1d9e3;16cfb;16b47;0;0;0000000000000080;        57s 357ms 700μs 268ns;243;-1;             16ms 895μs 761ns;0.000000;inf;0.000000;inf;0;1;Passing;;;0;23122
1d9f3;16cfb;16b47;0;0;0000000000000080;        57s 358ms  59μs 102ns;243;-1;             14ms 823μs 844ns;0.000000;inf;0.000000;inf;0;1;Passing;;;0;23123
1da72;16cfb;16b47;0;0;0000000000000080;        57s 361ms  70μs 472ns;243;-1;             14ms 918μs 720ns;0.000000;inf;0.000000;inf;0;1;Passing;;;0;23128
1da6b;16cfb;16b47;0;0;0000000000000080;        57s 360ms 933μs 357ns;243;-1;             14ms 950μs 620ns;0.000000;inf;0.000000;inf;0;1;Passing;;;0;23129
1da95;16cfb;16b47;0;0;0000000000000080;        57s 361ms 996μs 713ns;243;-1;             14ms 986μs 410ns;0.000000;inf;0.000000;inf;0;1;Passing;;;0;23131
1db40;16cfb;16b47;0;0;0000000000000080;        57s 366ms 454μs 650ns;243;-1;             15ms 686μs 806ns;0.000000;inf;0.000000;inf;0;1;Passing;;;0;23134
1db31;16cfb;16b47;0;0;0000000000000080;        57s 366ms  29μs 808ns;243;-1;             15ms  42μs 571ns;0.000000;inf;0.000000;inf;0;1;Passing;;;0;23138
1db2e;16cfb;16b47;0;0;0000000000000080;        57s 365ms 885μs 477ns;243;-1;             17ms  54μs 435ns;0.000000;inf;0.000000;inf;0;1;Passing;;;0;23140
1db22;16cfb;16b47;0;0;0000000000000080;        57s 365ms 534μs 453ns;243;-1;             16ms 608μs 868ns;0.000000;inf;0.000000;inf;0;1;Passing;;;0;23143
1db10;16cfb;16b47;0;0;0000000000000080;        57s 364ms 930μs 733ns;243;-1;             15ms 957μs 857ns;0.000000;inf;0.000000;inf;0;1;Passing;;;0;23150
1daf8;16cfb;16b47;0;0;0000000000000080;        57s 363ms 920μs 738ns;243;-1;             15ms 713μs 268ns;0.000000;inf;0.000000;inf;0;1;Passing;;;0;23157
1daf2;16cfb;16b47;0;0;0000000000000080;        57s 363ms 783μs 854ns;243;-1;             18ms  83μs 335ns;0.000000;inf;0.000000;inf;0;1;Passing;;;0;23161
1dae6;16cfb;16b47;0;0;0000000000000080;        57s 363ms 555μs 399ns;243;-1;             16ms 283μs 414ns;0.000000;inf;0.000000;inf;0;1;Passing;;;0;23162
1dadd;16cfb;16b47;0;0;0000000000000080;        57s 363ms 384μs 993ns;243;-1;             15ms 402μs 602ns;0.000000;inf;0.000000;inf;0;1;Passing;;;0;23165
1daca;16cfb;16b47;0;0;0000000000000080;        57s 363ms  41μs 428ns;243;-1;             15ms 973μs 877ns;0.000000;inf;0.000000;inf;0;1;Passing;;;0;23172
1dac4;16cfb;16b47;0;0;0000000000000080;        57s 362ms 935μs 393ns;243;-1;             15ms 948μs 854ns;0.000000;inf;0.000000;inf;0;1;Passing;;;0;23173
1dac3;16cfb;16b47;0;0;0000000000000080;        57s 362ms 916μs  56ns;243;-1;             16ms 219μs 572ns;0.000000;inf;0.000000;inf;0;1;Passing;;;0;23174
1dabd;16cfb;16b47;0;0;0000000000000080;        57s 362ms 815μs 278ns;243;-1;             15ms 904μs 854ns;0.000000;inf;0.000000;inf;0;1;Passing;;;0;23175
1dabe;16cfb;16b47;0;0;0000000000000080;        57s 362ms 803μs 646ns;243;-1;             15ms 811μs 191ns;0.000000;inf;0.000000;inf;0;1;Passing;;;0;23176
1dab8;16cfb;16b47;0;0;0000000000000080;        57s 362ms 674μs 411ns;243;-1;             15ms 582μs 109ns;0.000000;inf;0.000000;inf;0;1;Passing;;;0;23177
1dab0;16cfb;16b47;0;0;0000000000000080;        57s 362ms 547μs 877ns;243;-1;             18ms 282μs 282ns;0.000000;inf;0.000000;inf;0;1;Passing;;;0;23181
1daad;16cfb;16b47;0;0;0000000000000080;        57s 362ms 467μs 688ns;243;-1;             17ms 466μs 662ns;0.000000;inf;0.000000;inf;0;1;Passing;;;0;23182
1daaa;16cfb;16b47;0;0;0000000000000080;        57s 362ms 424μs 464ns;243;-1;             16ms 894μs 733ns;0.000000;inf;0.000000;inf;0;1;Passing;;;0;23183
1daa7;16cfb;16b47;0;0;0000000000000080;        57s 362ms 360μs 100ns;243;-1;             16ms  96μs 443ns;0.000000;inf;0.000000;inf;0;1;Passing;;;0;23184
1daa1;16cfb;16b47;0;0;0000000000000080;        57s 362ms 236μs  68ns;243;-1;             15ms 464μs 570ns;0.000000;inf;0.000000;inf;0;1;Passing;;;0;23187
1da9d;16cfb;16b47;0;0;0000000000000080;        57s 362ms 157μs 280ns;243;-1;             16ms  47μs 581ns;0.000000;inf;0.000000;inf;0;1;Passing;;;0;23188
1da9b;16cfb;16b47;0;0;0000000000000080;        57s 362ms 127μs 411ns;243;-1;             15ms 940μs 760ns;0.000000;inf;0.000000;inf;0;1;Passing;;;0;23189
1da85;16cfb;16b47;0;0;0000000000000080;        57s 361ms 473μs 624ns;243;-1;             16ms 626μs 336ns;0.000000;inf;0.000000;inf;0;1;Passing;;;0;23196
1da7f;16cfb;16b47;0;0;0000000000000080;        57s 361ms 367μs 904ns;243;-1;             15ms 600μs 800ns;0.000000;inf;0.000000;inf;0;1;Passing;;;0;23197
1da78;16cfb;16b47;0;0;0000000000000080;        57s 361ms 214μs 856ns;243;-1;             15ms 678μs  47ns;0.000000;inf;0.000000;inf;0;1;Passing;;;0;23198
1da6d;16cfb;16b47;0;0;0000000000000080;        57s 360ms 934μs 716ns;243;-1;             14ms 557μs 571ns;0.000000;inf;0.000000;inf;0;1;Passing;;;0;23201
1da66;16cfb;16b47;0;0;0000000000000080;        57s 360ms 793μs 180ns;243;-1;             16ms 504μs 572ns;0.000000;inf;0.000000;inf;0;1;Passing;;;0;23202
1da5f;16cfb;16b47;0;0;0000000000000080;        57s 360ms 659μs 286ns;243;-1;             14ms 455μs 937ns;0.000000;inf;0.000000;inf;0;1;Passing;;;0;23205
1da5d;16cfb;16b47;0;0;0000000000000080;        57s 360ms 543μs 433ns;243;-1;             16ms 874μs 379ns;0.000000;inf;0.000000;inf;0;1;Passing;;;0;23207
1da52;16cfb;16b47;0;0;0000000000000080;        57s 360ms 331μs 205ns;243;-1;             15ms 481μs 842ns;0.000000;inf;0.000000;inf;0;1;Passing;;;0;23210
1da47;16cfb;16b47;0;0;0000000000000080;        57s 360ms  42μs 202ns;243;-1;             15ms 647μs 182ns;0.000000;inf;0.000000;inf;0;1;Passing;;;0;23211
1da49;16cfb;16b47;0;0;0000000000000080;        57s 360ms  36μs 422ns;243;-1;             15ms 931μs 596ns;0.000000;inf;0.000000;inf;0;1;Passing;;;0;23213
1da41;16cfb;16b47;0;0;0000000000000080;        57s 359ms 908μs 808ns;243;-1;             15ms 572μs 830ns;0.000000;inf;0.000000;inf;0;1;Passing;;;0;23214
1da3e;16cfb;16b47;0;0;0000000000000080;        57s 359ms 817μs 464ns;243;-1;             15ms 389μs 453ns;0.000000;inf;0.000000;inf;0;1;Passing;;;0;23215
1da26;16cfb;16b47;0;0;0000000000000080;        57s 359ms  89μs 960ns;243;-1;             15ms 797μs 667ns;0.000000;inf;0.000000;inf;0;1;Passing;;;0;23217
1da23;16cfb;16b47;0;0;0000000000000080;        57s 359ms  51μs 498ns;243;-1;             15ms 790μs 791ns;0.000000;inf;0.000000;inf;0;1;Passing;;;0;23218
1da20;16cfb;16b47;0;0;0000000000000080;        57s 358ms 989μs 975ns;243;-1;             15ms 716μs 929ns;0.000000;inf;0.000000;inf;0;1;Passing;;;0;23220
1da1d;16cfb;16b47;0;0;0000000000000080;        57s 358ms 926μs  33ns;243;-1;             16ms 127μs 863ns;0.000000;inf;0.000000;inf;0;1;Passing;;;0;23221
1da16;16cfb;16b47;0;0;0000000000000080;        57s 358ms 784μs 335ns;243;-1;             14ms 402μs 996ns;0.000000;inf;0.000000;inf;0;1;Passing;;;0;23227
1da11;16cfb;16b47;0;0;0000000000000080;        57s 358ms 653μs 704ns;243;-1;             14ms 141μs 233ns;0.000000;inf;0.000000;inf;0;1;Passing;;;0;23230
1da0b;16cfb;16b47;0;0;4000000000000080;        57s 358ms 560μs  58ns;243;-1;             13ms 633μs 738ns;0.000000;inf;0.000000;inf;0;1;Passing;;;0;23232
1dcba;16cfb;16b47;0;0;0000000000000080;        57s 661ms 402μs 622ns;241;-1;             12ms 205μs 384ns;0.000000;inf;0.000000;inf;0;1;Passing;;;0;23243
1dcbd;16cfb;16b47;0;0;0000000000000080;        57s 661ms 489μs 968ns;241;-1;             10ms 907μs 810ns;0.000000;inf;0.000000;inf;0;1;Passing;;;0;23244
1dccb;16cfb;16b47;0;0;0000000000000080;        57s 661ms 804μs 979ns;241;-1;             15ms 133μs 306ns;0.000000;inf;0.000000;inf;0;1;Passing;;;0;23248
1dcc3;16cfb;16b47;0;0;0000000000000080;        57s 661ms 645μs  64ns;241;-1;             15ms 840μs 520ns;0.000000;inf;0.000000;inf;0;1;Passing;;;0;23249
1dd6c;16cfb;16b47;0;0;0000000000000080;        57s 664ms 915μs 242ns;241;-1;             15ms 921μs  93ns;0.000000;inf;0.000000;inf;0;1;Passing;;;0;23250
1de16;16cfb;16b47;0;0;0000000000000080;        57s 669ms 537μs 895ns;241;-1;             15ms 525μs 879ns;0.000000;inf;0.000000;inf;0;1;Passing;;;0;23253
1de07;16cfb;16b47;0;0;0000000000000080;        57s 669ms  26μs 381ns;241;-1;             15ms 122μs 467ns;0.000000;inf;0.000000;inf;0;1;Passing;;;0;23259
1de03;16cfb;16b47;0;0;0000000000000080;        57s 668ms 925μs 349ns;241;-1;             15ms 885μs  56ns;0.000000;inf;0.000000;inf;0;1;Passing;;;0;23260
1ddf8;16cfb;16b47;0;0;0000000000000080;        57s 668ms 480μs 984ns;241;-1;             15ms 788μs 365ns;0.000000;inf;0.000000;inf;0;1;Passing;;;0;23265
1dde6;16cfb;16b47;0;0;0000000000000080;        57s 667ms 863μs 963ns;241;-1;             14ms 792μs 278ns;0.000000;inf;0.000000;inf;0;1;Passing;;;0;23268
1ddcd;16cfb;16b47;0;0;0000000000000080;        57s 667ms 204μs 244ns;241;-1;             15ms 873μs 498ns;0.000000;inf;0.000000;inf;0;1;Passing;;;0;23277
1ddc8;16cfb;16b47;0;0;0000000000000080;        57s 667ms  98μs 580ns;241;-1;             15ms 495μs 686ns;0.000000;inf;0.000000;inf;0;1;Passing;;;0;23279
1ddbc;16cfb;16b47;0;0;0000000000000080;        57s 666ms 856μs 306ns;241;-1;             15ms 816μs 473ns;0.000000;inf;0.000000;inf;0;1;Passing;;;0;23284
1ddb2;16cfb;16b47;0;0;0000000000000080;        57s 666ms 535μs 321ns;241;-1;             15ms  35μs  96ns;0.000000;inf;0.000000;inf;0;1;Passing;;;0;23286
1dda1;16cfb;16b47;0;0;0000000000000080;        57s 666ms  88μs 404ns;241;-1;             15ms  34μs 546ns;0.000000;inf;0.000000;inf;0;1;Passing;;;0;23291
1dd98;16cfb;16b47;0;0;0000000000000080;        57s 665ms 940μs 968ns;241;-1;             16ms 226μs 838ns;0.000000;inf;0.000000;inf;0;1;Passing;;;0;23293
1dd95;16cfb;16b47;0;0;0000000000000080;        57s 665ms 864μs 435ns;241;-1;             16ms 396μs  76ns;0.000000;inf;0.000000;inf;0;1;Passing;;;0;23294
1dd9b;16cfb;16b47;0;0;0000000000000080;        57s 665ms 976μs 377ns;241;-1;             17ms 481μs 948ns;0.000000;inf;0.000000;inf;0;1;Passing;;;0;23295
1dd92;16cfb;16b47;0;0;0000000000000080;        57s 665ms 818μs 287ns;241;-1;             15ms 615μs  62ns;0.000000;inf;0.000000;inf;0;1;Passing;;;0;23296
1dd8f;16cfb;16b47;0;0;0000000000000080;        57s 665ms 747μs 782ns;241;-1;             15ms 616μs 759ns;0.000000;inf;0.000000;inf;0;1;Passing;;;0;23297
1dd86;16cfb;16b47;0;0;0000000000000080;        57s 665ms 565μs 179ns;241;-1;             15ms 698μs 568ns;0.000000;inf;0.000000;inf;0;1;Passing;;;0;23300
1dd83;16cfb;16b47;0;0;0000000000000080;        57s 665ms 529μs 451ns;241;-1;             16ms 348μs 826ns;0.000000;inf;0.000000;inf;0;1;Passing;;;0;23301
1dd7f;16cfb;16b47;0;0;0000000000000080;        57s 665ms 448μs 581ns;241;-1;             15ms 548μs 361ns;0.000000;inf;0.000000;inf;0;1;Passing;;;0;23303
1dd7d;16cfb;16b47;0;0;0000000000000080;        57s 665ms 421μs 731ns;241;-1;             15ms 957μs 793ns;0.000000;inf;0.000000;inf;0;1;Passing;;;0;23304
1dd78;16cfb;16b47;0;0;0000000000000080;        57s 665ms 300μs 924ns;241;-1;             15ms 752μs 409ns;0.000000;inf;0.000000;inf;0;1;Passing;;;0;23305
1dd73;16cfb;16b47;0;0;0000000000000080;        57s 665ms 190μs 785ns;241;-1;             15ms 490μs 135ns;0.000000;inf;0.000000;inf;0;1;Passing;;;0;23308
1dd72;16cfb;16b47;0;0;0000000000000080;        57s 665ms 198μs 901ns;241;-1;             16ms 664μs 302ns;0.000000;inf;0.000000;inf;0;1;Passing;;;0;23309
1dd5b;16cfb;16b47;0;0;0000000000000080;        57s 664ms 542μs 500ns;241;-1;             15ms 264μs 650ns;0.000000;inf;0.000000;inf;0;1;Passing;;;0;23314
1dd55;16cfb;16b47;0;0;0000000000000080;        57s 664ms 410μs 153ns;241;-1;             15ms 815μs 913ns;0.000000;inf;0.000000;inf;0;1;Passing;;;0;23316
1dd4d;16cfb;16b47;0;0;0000000000000080;        57s 664ms 264μs 487ns;241;-1;             15ms 236μs 980ns;0.000000;inf;0.000000;inf;0;1;Passing;;;0;23318
1dd47;16cfb;16b47;0;0;0000000000000080;        57s 664ms 134μs 769ns;241;-1;             15ms  79μs 933ns;0.000000;inf;0.000000;inf;0;1;Passing;;;0;23320
1dd44;16cfb;16b47;0;0;0000000000000080;        57s 664ms  53μs 356ns;241;-1;             15ms 518μs 556ns;0.000000;inf;0.000000;inf;0;1;Passing;;;0;23321
1dd41;16cfb;16b47;0;0;0000000000000080;        57s 664ms   7μs  91ns;241;-1;             15ms 323μs  54ns;0.000000;inf;0.000000;inf;0;1;Passing;;;0;23322
1dd3b;16cfb;16b47;0;0;0000000000000080;        57s 663ms 899μs 955ns;241;-1;             14ms 945μs 931ns;0.000000;inf;0.000000;inf;0;1;Passing;;;0;23324
1dd34;16cfb;16b47;0;0;0000000000000080;        57s 663ms 790μs 116ns;241;-1;             14ms 259μs 846ns;0.000000;inf;0.000000;inf;0;1;Passing;;;0;23327
1dd32;16cfb;16b47;0;0;0000000000000080;        57s 663ms 758μs 312ns;241;-1;             15ms 295μs 124ns;0.000000;inf;0.000000;inf;0;1;Passing;;;0;23329
1dd28;16cfb;16b47;0;0;0000000000000080;        57s 663ms 555μs 304ns;241;-1;             15ms 628μs 978ns;0.000000;inf;0.000000;inf;0;1;Passing;;;0;23330
1dd20;16cfb;16b47;0;0;0000000000000080;        57s 663ms 422μs 401ns;241;-1;             15ms 723μs 736ns;0.000000;inf;0.000000;inf;0;1;Passing;;;0;23332
1dd1d;16cfb;16b47;0;0;0000000000000080;        57s 663ms 336μs 204ns;241;-1;             15ms 576μs 584ns;0.000000;inf;0.000000;inf;0;1;Passing;;;0;23333
1dd17;16cfb;16b47;0;0;0000000000000080;        57s 663ms 223μs 408ns;241;-1;             15ms 206μs 390ns;0.000000;inf;0.000000;inf;0;1;Passing;;;0;23337
1dd14;16cfb;16b47;0;0;0000000000000080;        57s 663ms 173μs 285ns;241;-1;             14ms 387μs 781ns;0.000000;inf;0.000000;inf;0;1;Passing;;;0;23339
1dcfc;16cfb;16b47;0;0;0000000000000080;        57s 662ms 715μs 400ns;241;-1;             15ms 141μs 840ns;0.000000;inf;0.000000;inf;0;1;Passing;;;0;23345
1dcf9;16cfb;16b47;0;0;0000000000000080;        57s 662ms 666μs 241ns;241;-1;             15ms 111μs 199ns;0.000000;inf;0.000000;inf;0;1;Passing;;;0;23346
1dcf6;16cfb;16b47;0;0;0000000000000080;        57s 662ms 617μs 902ns;241;-1;             15ms 764μs  55ns;0.000000;inf;0.000000;inf;0;1;Passing;;;0;23347
1dcf0;16cfb;16b47;0;0;0000000000000080;        57s 662ms 518μs 549ns;241;-1;             16ms  71μs  92ns;0.000000;inf;0.000000;inf;0;1;Passing;;;0;23349
1dcea;16cfb;16b47;0;0;0000000000000080;        57s 662ms 423μs 237ns;241;-1;             12ms 169μs 957ns;0.000000;inf;0.000000;inf;0;1;Passing;;;0;23352
1dce5;16cfb;16b47;0;0;4000000000000080;        57s 662ms 302μs 198ns;241;-1;              8ms 666μs 120ns;0.000000;inf;0.000000;inf;0;1;Passing;;;0;23353
1df8c;16cfb;16b47;0;0;0000000000000080;        57s 962ms 459μs 180ns;239;-1;             15ms 890μs 606ns;0.000000;inf;0.000000;inf;0;1;Passing;;;0;23360
1df90;16cfb;16b47;0;0;0000000000000080;        57s 962ms 505μs 774ns;239;-1;             14ms 890μs 625ns;0.000000;inf;0.000000;inf;0;1;Passing;;;0;23361
1df95;16cfb;16b47;0;0;0000000000000080;        57s 962ms 715μs 520ns;239;-1;             15ms 739μs 471ns;0.000000;inf;0.000000;inf;0;1;Passing;;;0;23362
1dfea;16cfb;16b47;0;0;0000000000000080;        57s 964ms 819μs 923ns;239;-1;             16ms 161μs 109ns;0.000000;inf;0.000000;inf;0;1;Passing;;;0;23363
1dfe7;16cfb;16b47;0;0;0000000000000080;        57s 964ms 647μs 865ns;239;-1;             13ms 511μs 223ns;0.000000;inf;0.000000;inf;0;1;Passing;;;0;23368
1dff1;16cfb;16b47;0;0;0000000000000080;        57s 965ms 264μs 117ns;239;-1;             14ms 907μs 421ns;0.000000;inf;0.000000;inf;0;1;Passing;;;0;23372
1e065;16cfb;16b47;0;0;0000000000000080;        57s 968ms 874μs 283ns;239;-1;             15ms  82μs 112ns;0.000000;inf;0.000000;inf;0;1;Passing;;;0;23373
1e0e5;16cfb;16b47;0;0;0000000000000080;        57s 973ms   4μs 634ns;239;-1;             14ms 417μs 928ns;0.000000;inf;0.000000;inf;0;1;Passing;;;0;23376
1e0d8;16cfb;16b47;0;0;0000000000000080;        57s 972ms 584μs 421ns;239;-1;             15ms 657μs 529ns;0.000000;inf;0.000000;inf;0;1;Passing;;;0;23380
1e0cc;16cfb;16b47;0;0;0000000000000080;        57s 972ms 122μs 265ns;239;-1;             15ms 785μs 658ns;0.000000;inf;0.000000;inf;0;1;Passing;;;0;23383
1e0ba;16cfb;16b47;0;0;0000000000000080;        57s 971ms 492μs 157ns;239;-1;             15ms 902μs 552ns;0.000000;inf;0.000000;inf;0;1;Passing;;;0;23390
1e0a2;16cfb;16b47;0;0;0000000000000080;        57s 970ms 679μs 160ns;239;-1;             15ms 157μs 352ns;0.000000;inf;0.000000;inf;0;1;Passing;;;0;23400
1e09b;16cfb;16b47;0;0;0000000000000080;        57s 970ms 498μs 549ns;239;-1;             17ms 593μs 550ns;0.000000;inf;0.000000;inf;0;1;Passing;;;0;23402
1e08e;16cfb;16b47;0;0;0000000000000080;        57s 970ms 148μs 772ns;239;-1;             16ms 117μs 847ns;0.000000;inf;0.000000;inf;0;1;Passing;;;0;23406
1e087;16cfb;16b47;0;0;0000000000000080;        57s 969ms 957μs 561ns;239;-1;             15ms 509μs 398ns;0.000000;inf;0.000000;inf;0;1;Passing;;;0;23407
1e074;16cfb;16b47;0;0;0000000000000080;        57s 969ms 507μs 613ns;239;-1;             15ms 785μs 342ns;0.000000;inf;0.000000;inf;0;1;Passing;;;0;23412
1e06e;16cfb;16b47;0;0;0000000000000080;        57s 969ms 358μs 214ns;239;-1;             15ms 547μs 603ns;0.000000;inf;0.000000;inf;0;1;Passing;;;0;23415
1e06b;16cfb;16b47;0;0;0000000000000080;        57s 969ms 261μs  91ns;239;-1;             16ms  10μs 612ns;0.000000;inf;0.000000;inf;0;1;Passing;;;0;23416
1e068;16cfb;16b47;0;0;0000000000000080;        57s 969ms 195μs  20ns;239;-1;             15ms 236μs  68ns;0.000000;inf;0.000000;inf;0;1;Passing;;;0;23418
1e061;16cfb;16b47;0;0;0000000000000080;        57s 968ms 795μs 963ns;239;-1;             15ms 561μs 512ns;0.000000;inf;0.000000;inf;0;1;Passing;;;0;23419
1e05a;16cfb;16b47;0;0;0000000000000080;        57s 968ms 624μs 921ns;239;-1;             14ms 881μs 419ns;0.000000;inf;0.000000;inf;0;1;Passing;;;0;23421
1e054;16cfb;16b47;0;0;0000000000000080;        57s 968ms 472μs 892ns;239;-1;             15ms 759μs  83ns;0.000000;inf;0.000000;inf;0;1;Passing;;;0;23422
1e055;16cfb;16b47;0;0;0000000000000080;        57s 968ms 464μs 573ns;239;-1;             15ms 349μs 292ns;0.000000;inf;0.000000;inf;0;1;Passing;;;0;23424
1e04f;16cfb;16b47;0;0;0000000000000080;        57s 968ms 330μs 108ns;239;-1;             15ms 265μs 961ns;0.000000;inf;0.000000;inf;0;1;Passing;;;0;23425
1e049;16cfb;16b47;0;0;0000000000000080;        57s 968ms 167μs 962ns;239;-1;             16ms 259μs 676ns;0.000000;inf;0.000000;inf;0;1;Passing;;;0;23426
1e048;16cfb;16b47;0;0;0000000000000080;        57s 968ms 161μs 630ns;239;-1;             15ms 449μs 148ns;0.000000;inf;0.000000;inf;0;1;Passing;;;0;23428
1e043;16cfb;16b47;0;0;0000000000000080;        57s 968ms  38μs 356ns;239;-1;             15ms 522μs 779ns;0.000000;inf;0.000000;inf;0;1;Passing;;;0;23429
1e03d;16cfb;16b47;0;0;0000000000000080;        57s 967ms 897μs 502ns;239;-1;             15ms 497μs 979ns;0.000000;inf;0.000000;inf;0;1;Passing;;;0;23430
1e02f;16cfb;16b47;0;0;0000000000000080;        57s 967ms 592μs 546ns;239;-1;             14ms 679μs 207ns;0.000000;inf;0.000000;inf;0;1;Passing;;;0;23437
1e029;16cfb;16b47;0;0;0000000000000080;        57s 967ms 459μs 447ns;239;-1;             15ms 156μs 608ns;0.000000;inf;0.000000;inf;0;1;Passing;;;0;23438
1e020;16cfb;16b47;0;0;0000000000000080;        57s 967ms 262μs 215ns;239;-1;             14ms 670μs 635ns;0.000000;inf;0.000000;inf;0;1;Passing;;;0;23440
1e01a;16cfb;16b47;0;0;0000000000000080;        57s 967ms 115μs 470ns;239;-1;             15ms 363μs 730ns;0.000000;inf;0.000000;inf;0;1;Passing;;;0;23442
1e017;16cfb;16b47;0;0;0000000000000080;        57s 967ms  39μs 188ns;239;-1;             16ms 298μs 669ns;0.000000;inf;0.000000;inf;0;1;Passing;;;0;23443
1e014;16cfb;16b47;0;0;0000000000000080;        57s 966ms 942μs 200ns;239;-1;             14ms 797μs 416ns;0.000000;inf;0.000000;inf;0;1;Passing;;;0;23444
1e00e;16cfb;16b47;0;0;0000000000000080;        57s 966ms 788μs 243ns;239;-1;             15ms 287μs  49ns;0.000000;inf;0.000000;inf;0;1;Passing;;;0;23447
1e009;16cfb;16b47;0;0;0000000000000080;        57s 966ms 651μs 865ns;239;-1;             15ms 962μs 112ns;0.000000;inf;0.000000;inf;0;1;Passing;;;0;23448
1e004;16cfb;16b47;0;0;0000000000000080;        57s 966ms 378μs 202ns;239;-1;             15ms 434μs  75ns;0.000000;inf;0.000000;inf;0;1;Passing;;;0;23449
1dffd;16cfb;16b47;0;0;0000000000000080;        57s 966ms 178μs 713ns;239;-1;             14ms 263μs 204ns;0.000000;inf;0.000000;inf;0;1;Passing;;;0;23453
1dff2;16cfb;16b47;0;0;0000000000000080;        57s 965ms 583μs 362ns;239;-1;             14ms 676μs 943ns;0.000000;inf;0.000000;inf;0;1;Passing;;;0;23455
1dfcf;16cfb;16b47;0;0;0000000000000080;        57s 964ms 204μs 890ns;239;-1;             15ms 317μs 462ns;0.000000;inf;0.000000;inf;0;1;Passing;;;0;23456
1dfcb;16cfb;16b47;0;0;0000000000000080;        57s 964ms  57μs 909ns;239;-1;             15ms 233μs 652ns;0.000000;inf;0.000000;inf;0;1;Passing;;;0;23458
1dfc9;16cfb;16b47;0;0;0000000000000080;        57s 964ms  47μs 900ns;239;-1;             15ms 387μs 583ns;0.000000;inf;0.000000;inf;0;1;Passing;;;0;23460
1dfc4;16cfb;16b47;0;0;0000000000000080;        57s 963ms 927μs 125ns;239;-1;             15ms 167μs 423ns;0.000000;inf;0.000000;inf;0;1;Passing;;;0;23461
1dfbe;16cfb;16b47;0;0;0000000000000080;        57s 963ms 736μs 730ns;239;-1;             12ms 443μs 154ns;0.000000;inf;0.000000;inf;0;1;Passing;;;0;23471
1dfb7;16cfb;16b47;0;0;0000000000000080;        57s 963ms 579μs 575ns;239;-1;             13ms 374μs 226ns;0.000000;inf;0.000000;inf;0;1;Passing;;;0;23472
1df9f;16cfb;16b47;0;0;4000000000000080;        57s 963ms  63μs  15ns;239;-1;              8ms 306μs 589ns;0.000000;inf;0.000000;inf;0;1;Passing;;;0;23473
1e25b;16cfb;16b47;0;0;0000000000000080;        58s 255ms 610μs 537ns;237;-1;             12ms 400μs 744ns;0.000000;inf;0.000000;inf;0;1;Passing;;;0;23484
1e25c;16cfb;16b47;0;0;0000000000000080;        58s 255ms 654μs 314ns;237;-1;             11ms 230μs 277ns;0.000000;inf;0.000000;inf;0;1;Passing;;;0;23487
1e26b;16cfb;16b47;0;0;0000000000000080;        58s 255ms 934μs 913ns;237;-1;             13ms 866μs 573ns;0.000000;inf;0.000000;inf;0;1;Passing;;;0;23489
1e2c9;16cfb;16b47;0;0;0000000000000080;        58s 257ms 958μs 820ns;237;-1;             15ms 212μs 700ns;0.000000;inf;0.000000;inf;0;1;Passing;;;0;23490
1e2e5;16cfb;16b47;0;0;0000000000000080;        58s 258ms 570μs 290ns;237;-1;             15ms 637μs 345ns;0.000000;inf;0.000000;inf;0;1;Passing;;;0;23492
1e3b0;16cfb;16b47;0;0;0000000000000080;        58s 263ms 174μs 311ns;237;-1;             15ms 337μs 779ns;0.000000;inf;0.000000;inf;0;1;Passing;;;0;23497
1e3a1;16cfb;16b47;0;0;0000000000000080;        58s 262ms 792μs 823ns;237;-1;             15ms 661μs 456ns;0.000000;inf;0.000000;inf;0;1;Passing;;;0;23502
1e396;16cfb;16b47;0;0;0000000000000080;        58s 262ms 382μs 396ns;237;-1;             14ms 720μs 907ns;0.000000;inf;0.000000;inf;0;1;Passing;;;0;23504
1e382;16cfb;16b47;0;0;0000000000000080;        58s 261ms 791μs 352ns;237;-1;             14ms 962μs 277ns;0.000000;inf;0.000000;inf;0;1;Passing;;;0;23511
1e36b;16cfb;16b47;0;0;0000000000000080;        58s 261ms 240μs 877ns;237;-1;             14ms 711μs 527ns;0.000000;inf;0.000000;inf;0;1;Passing;;;0;23517
1e365;16cfb;16b47;0;0;0000000000000080;        58s 261ms 117μs 629ns;237;-1;             14ms 916μs 166ns;0.000000;inf;0.000000;inf;0;1;Passing;;;0;23518
1e359;16cfb;16b47;0;0;0000000000000080;        58s 260ms 892μs 967ns;237;-1;             15ms 778μs 994ns;0.000000;inf;0.000000;inf;0;1;Passing;;;0;23524
1e350;16cfb;16b47;0;0;0000000000000080;        58s 260ms 711μs 225ns;237;-1;             14ms 838μs 890ns;0.000000;inf;0.000000;inf;0;1;Passing;;;0;23526
1e33d;16cfb;16b47;0;0;0000000000000080;        58s 260ms 337μs 874ns;237;-1;             14ms 464μs 201ns;0.000000;inf;0.000000;inf;0;1;Passing;;;0;23532
1e336;16cfb;16b47;0;0;0000000000000080;        58s 260ms 194μs 999ns;237;-1;             15ms 300μs 172ns;0.000000;inf;0.000000;inf;0;1;Passing;;;0;23533
1e338;16cfb;16b47;0;0;0000000000000080;        58s 260ms 215μs 432ns;237;-1;             15ms 743μs 408ns;0.000000;inf;0.000000;inf;0;1;Passing;;;0;23534
1e332;16cfb;16b47;0;0;0000000000000080;        58s 260ms 108μs 751ns;237;-1;             15ms  56μs 114ns;0.000000;inf;0.000000;inf;0;1;Passing;;;0;23535
1e32f;16cfb;16b47;0;0;0000000000000080;        58s 260ms  86μs 948ns;237;-1;             16ms 457μs 476ns;0.000000;inf;0.000000;inf;0;1;Passing;;;0;23537
1e32c;16cfb;16b47;0;0;0000000000000080;        58s 260ms   5μs 580ns;237;-1;             15ms  50μs 922ns;0.000000;inf;0.000000;inf;0;1;Passing;;;0;23539
1e323;16cfb;16b47;0;0;0000000000000080;        58s 259ms 858μs 113ns;237;-1;             13ms 983μs 392ns;0.000000;inf;0.000000;inf;0;1;Passing;;;0;23540
1e320;16cfb;16b47;0;0;0000000000000080;        58s 259ms 796μs  13ns;237;-1;             16ms   3μs 198ns;0.000000;inf;0.000000;inf;0;1;Passing;;;0;23542
1e31a;16cfb;16b47;0;0;0000000000000080;        58s 259ms 683μs 949ns;237;-1;             15ms 648μs 300ns;0.000000;inf;0.000000;inf;0;1;Passing;;;0;23543
1e31d;16cfb;16b47;0;0;0000000000000080;        58s 259ms 740μs 917ns;237;-1;             16ms  62μs 348ns;0.000000;inf;0.000000;inf;0;1;Passing;;;0;23544
1e314;16cfb;16b47;0;0;0000000000000080;        58s 259ms 579μs 747ns;237;-1;             14ms 199μs  34ns;0.000000;inf;0.000000;inf;0;1;Passing;;;0;23545
1e310;16cfb;16b47;0;0;0000000000000080;        58s 259ms 517μs 671ns;237;-1;             15ms 663μs  78ns;0.000000;inf;0.000000;inf;0;1;Passing;;;0;23547
1e30f;16cfb;16b47;0;0;0000000000000080;        58s 259ms 478μs 997ns;237;-1;             15ms 240μs 633ns;0.000000;inf;0.000000;inf;0;1;Passing;;;0;23549
1e309;16cfb;16b47;0;0;0000000000000080;        58s 259ms 386μs 584ns;237;-1;             15ms 774μs 598ns;0.000000;inf;0.000000;inf;0;1;Passing;;;0;23550
1e2fa;16cfb;16b47;0;0;0000000000000080;        58s 259ms  52μs  68ns;237;-1;             15ms  45μs 371ns;0.000000;inf;0.000000;inf;0;1;Passing;;;0;23556
1e2f3;16cfb;16b47;0;0;0000000000000080;        58s 258ms 888μs 393ns;237;-1;             15ms 558μs 306ns;0.000000;inf;0.000000;inf;0;1;Passing;;;0;23558
1e2ec;16cfb;16b47;0;0;0000000000000080;        58s 258ms 736μs 116ns;237;-1;             14ms 804μs 812ns;0.000000;inf;0.000000;inf;0;1;Passing;;;0;23560
1e2df;16cfb;16b47;0;0;0000000000000080;        58s 258ms 424μs 571ns;237;-1;             15ms  35μs 812ns;0.000000;inf;0.000000;inf;0;1;Passing;;;0;23562
1e2e0;16cfb;16b47;0;0;0000000000000080;        58s 258ms 386μs 278ns;237;-1;             14ms 825μs 987ns;0.000000;inf;0.000000;inf;0;1;Passing;;;0;23564
1e2d8;16cfb;16b47;0;0;0000000000000080;        58s 258ms 245μs 641ns;237;-1;             15ms 146μs  11ns;0.000000;inf;0.000000;inf;0;1;Passing;;;0;23565
1e2d2;16cfb;16b47;0;0;0000000000000080;        58s 258ms 104μs 483ns;237;-1;             14ms 664μs  71ns;0.000000;inf;0.000000;inf;0;1;Passing;;;0;23569
1e2c1;16cfb;16b47;0;0;0000000000000080;        58s 257ms 725μs 676ns;237;-1;             14ms 854μs 346ns;0.000000;inf;0.000000;inf;0;1;Passing;;;0;23572
1e2bc;16cfb;16b47;0;0;0000000000000080;        58s 257ms 536μs 353ns;237;-1;             15ms  49μs 140ns;0.000000;inf;0.000000;inf;0;1;Passing;;;0;23573
1e2b7;16cfb;16b47;0;0;0000000000000080;        58s 257ms 438μs 134ns;237;-1;             15ms  29μs 993ns;0.000000;inf;0.000000;inf;0;1;Passing;;;0;23574
1e2b4;16cfb;16b47;0;0;0000000000000080;        58s 257ms 418μs 343ns;237;-1;             14ms 346μs 755ns;0.000000;inf;0.000000;inf;0;1;Passing;;;0;23577
1e29c;16cfb;16b47;0;0;0000000000000080;        58s 256ms 910μs 254ns;237;-1;             14ms  24μs 115ns;0.000000;inf;0.000000;inf;0;1;Passing;;;0;23584
1e299;16cfb;16b47;0;0;0000000000000080;        58s 256ms 880μs 453ns;237;-1;             14ms 918μs 427ns;0.000000;inf;0.000000;inf;0;1;Passing;;;0;23585
1e296;16cfb;16b47;0;0;0000000000000080;        58s 256ms 811μs 239ns;237;-1;             15ms  26μs 818ns;0.000000;inf;0.000000;inf;0;1;Passing;;;0;23586
1e290;16cfb;16b47;0;0;0000000000000080;        58s 256ms 704μs 123ns;237;-1;             14ms 865μs 454ns;0.000000;inf;0.000000;inf;0;1;Passing;;;0;23587
1e28a;16cfb;16b47;0;0;0000000000000080;        58s 256ms 604μs 299ns;237;-1;             13ms 380μs 331ns;0.000000;inf;0.000000;inf;0;1;Passing;;;0;23590
1e285;16cfb;16b47;0;0;0000000000000080;        58s 256ms 523μs 187ns;237;-1;             10ms 757μs 455ns;0.000000;inf;0.000000;inf;0;1;Passing;;;0;23591
1e263;16cfb;16b47;0;0;4000000000000080;        58s 255ms 804μs 931ns;237;-1;              9ms 271μs 785ns;0.000000;inf;0.000000;inf;0;1;Passing;;;0;23592
1e523;16cfb;16b47;0;0;0000000000000080;        58s 541ms 148μs  56ns;235;-1;             12ms 632μs 215ns;0.000000;inf;0.000000;inf;0;1;Passing;;;0;23598
1e522;16cfb;16b47;0;0;0000000000000080;        58s 541ms 392μs 454ns;235;-1;             13ms 969μs 924ns;0.000000;inf;0.000000;inf;0;1;Passing;;;0;23599
1e52a;16cfb;16b47;0;0;0000000000000080;        58s 541ms 409μs 517ns;235;-1;             15ms 326μs  85ns;0.000000;inf;0.000000;inf;0;1;Passing;;;0;23601
1e565;16cfb;16b47;0;0;0000000000000080;        58s 543ms 342μs 692ns;235;-1;             14ms 183μs 469ns;0.000000;inf;0.000000;inf;0;1;Passing;;;0;23602
1e533;16cfb;16b47;0;0;0000000000000080;        58s 541ms 631μs 120ns;235;-1;             16ms  48μs 320ns;0.000000;inf;0.000000;inf;0;1;Passing;;;0;23603
1e560;16cfb;16b47;0;0;0000000000000080;        58s 542ms 969μs 304ns;235;-1;             13ms 916μs 727ns;0.000000;inf;0.000000;inf;0;1;Passing;;;0;23608
1e557;16cfb;16b47;0;0;0000000000000080;        58s 542ms 953μs 365ns;235;-1;             14ms 366μs 641ns;0.000000;inf;0.000000;inf;0;1;Passing;;;0;23609
1e55d;16cfb;16b47;0;0;0000000000000080;        58s 542ms 853μs 100ns;235;-1;             14ms 489μs 301ns;0.000000;inf;0.000000;inf;0;1;Passing;;;0;23610
1e59f;16cfb;16b47;0;0;0000000000000080;        58s 545ms 385μs 467ns;235;-1;             14ms 467μs 390ns;0.000000;inf;0.000000;inf;0;1;Passing;;;0;23612
1e675;16cfb;16b47;0;0;0000000000000080;        58s 551ms 680μs 592ns;235;-1;             15ms 492μs 875ns;0.000000;inf;0.000000;inf;0;1;Passing;;;0;23614
1e665;16cfb;16b47;0;0;0000000000000080;        58s 551ms 193μs 890ns;235;-1;             16ms  95μs 703ns;0.000000;inf;0.000000;inf;0;1;Passing;;;0;23619
1e64a;16cfb;16b47;0;0;0000000000000080;        58s 550ms 327μs 421ns;235;-1;             14ms 673μs 722ns;0.000000;inf;0.000000;inf;0;1;Passing;;;0;23628
1e633;16cfb;16b47;0;0;0000000000000080;        58s 549ms 658μs 182ns;235;-1;             15ms 512μs 232ns;0.000000;inf;0.000000;inf;0;1;Passing;;;0;23637
1e62d;16cfb;16b47;0;0;0000000000000080;        58s 549ms 499μs 109ns;235;-1;             14ms 870μs  31ns;0.000000;inf;0.000000;inf;0;1;Passing;;;0;23640
1e620;16cfb;16b47;0;0;0000000000000080;        58s 549ms 137μs 934ns;235;-1;             14ms 795μs  70ns;0.000000;inf;0.000000;inf;0;1;Passing;;;0;23642
1e617;16cfb;16b47;0;0;0000000000000080;        58s 548ms 865μs 610ns;235;-1;             14ms 954μs 813ns;0.000000;inf;0.000000;inf;0;1;Passing;;;0;23646
1e605;16cfb;16b47;0;0;0000000000000080;        58s 548ms 370μs 177ns;235;-1;             14ms 797μs  86ns;0.000000;inf;0.000000;inf;0;1;Passing;;;0;23652
1e5fd;16cfb;16b47;0;0;0000000000000080;        58s 548ms 137μs  87ns;235;-1;             15ms 145μs 945ns;0.000000;inf;0.000000;inf;0;1;Passing;;;0;23653
1e5fe;16cfb;16b47;0;0;0000000000000080;        58s 548ms 104μs 469ns;235;-1;             15ms 993μs 590ns;0.000000;inf;0.000000;inf;0;1;Passing;;;0;23654
1e5f9;16cfb;16b47;0;0;0000000000000080;        58s 547ms 945μs  80ns;235;-1;             15ms 737μs 941ns;0.000000;inf;0.000000;inf;0;1;Passing;;;0;23655
1e5f6;16cfb;16b47;0;0;0000000000000080;        58s 547ms 920μs 697ns;235;-1;             16ms 106μs 579ns;0.000000;inf;0.000000;inf;0;1;Passing;;;0;23656
1e5f3;16cfb;16b47;0;0;0000000000000080;        58s 547ms 794μs 202ns;235;-1;             15ms 116μs 378ns;0.000000;inf;0.000000;inf;0;1;Passing;;;0;23658
1e5e8;16cfb;16b47;0;0;0000000000000080;        58s 547ms 528μs 454ns;235;-1;             15ms 478μs 202ns;0.000000;inf;0.000000;inf;0;1;Passing;;;0;23660
1e5e9;16cfb;16b47;0;0;0000000000000080;        58s 547ms 490μs 231ns;235;-1;             15ms 200μs 473ns;0.000000;inf;0.000000;inf;0;1;Passing;;;0;23661
1e5e4;16cfb;16b47;0;0;0000000000000080;        58s 547ms 292μs 165ns;235;-1;             15ms 360μs 912ns;0.000000;inf;0.000000;inf;0;1;Passing;;;0;23662
1e5e1;16cfb;16b47;0;0;0000000000000080;        58s 547ms 280μs 905ns;235;-1;             15ms 319μs 772ns;0.000000;inf;0.000000;inf;0;1;Passing;;;0;23664
1e5d8;16cfb;16b47;0;0;0000000000000080;        58s 547ms  92μs 936ns;235;-1;             14ms 845μs 668ns;0.000000;inf;0.000000;inf;0;1;Passing;;;0;23666
1e5da;16cfb;16b47;0;0;0000000000000080;        58s 547ms  47μs 499ns;235;-1;             14ms 399μs 319ns;0.000000;inf;0.000000;inf;0;1;Passing;;;0;23667
1e5d5;16cfb;16b47;0;0;0000000000000080;        58s 546ms 918μs 698ns;235;-1;             14ms 426μs 413ns;0.000000;inf;0.000000;inf;0;1;Passing;;;0;23668
1e5d1;16cfb;16b47;0;0;0000000000000080;        58s 546ms 881μs 476ns;235;-1;             14ms 484μs 971ns;0.000000;inf;0.000000;inf;0;1;Passing;;;0;23669
1e5c1;16cfb;16b47;0;0;0000000000000080;        58s 546ms 515μs 907ns;235;-1;             14ms 549μs 774ns;0.000000;inf;0.000000;inf;0;1;Passing;;;0;23674
1e5ba;16cfb;16b47;0;0;0000000000000080;        58s 546ms 107μs 537ns;235;-1;             14ms 310μs 206ns;0.000000;inf;0.000000;inf;0;1;Passing;;;0;23677
1e5b3;16cfb;16b47;0;0;0000000000000080;        58s 546ms 166μs 924ns;235;-1;             15ms 256μs 575ns;0.000000;inf;0.000000;inf;0;1;Passing;;;0;23678
1e5ab;16cfb;16b47;0;0;0000000000000080;        58s 545ms 695μs 936ns;235;-1;             14ms 968μs 813ns;0.000000;inf;0.000000;inf;0;1;Passing;;;0;23682
1e5a5;16cfb;16b47;0;0;0000000000000080;        58s 545ms 760μs 312ns;235;-1;             16ms 506μs 711ns;0.000000;inf;0.000000;inf;0;1;Passing;;;0;23683
1e5a7;16cfb;16b47;0;0;0000000000000080;        58s 545ms 592μs 410ns;235;-1;             14ms 975μs  62ns;0.000000;inf;0.000000;inf;0;1;Passing;;;0;23685
1e598;16cfb;16b47;0;0;0000000000000080;        58s 545ms 169μs 340ns;235;-1;             15ms 716μs 716ns;0.000000;inf;0.000000;inf;0;1;Passing;;;0;23689
1e589;16cfb;16b47;0;0;0000000000000080;        58s 544ms 992μs 479ns;235;-1;             14ms 667μs 502ns;0.000000;inf;0.000000;inf;0;1;Passing;;;0;23690
1e590;16cfb;16b47;0;0;0000000000000080;        58s 544ms 943μs 184ns;235;-1;             14ms 911μs 767ns;0.000000;inf;0.000000;inf;0;1;Passing;;;0;23691
1e585;16cfb;16b47;0;0;0000000000000080;        58s 544ms 635μs 116ns;235;-1;             15ms  44μs 400ns;0.000000;inf;0.000000;inf;0;1;Passing;;;0;23695
1e57e;16cfb;16b47;0;0;0000000000000080;        58s 544ms 235μs 839ns;235;-1;             14ms 646μs 509ns;0.000000;inf;0.000000;inf;0;1;Passing;;;0;23697
1e57b;16cfb;16b47;0;0;0000000000000080;        58s 544ms 144μs 256ns;235;-1;             14ms 361μs 410ns;0.000000;inf;0.000000;inf;0;1;Passing;;;0;23701
1e551;16cfb;16b47;0;0;0000000000000080;        58s 542ms 514μs 708ns;235;-1;             13ms 291μs 341ns;0.000000;inf;0.000000;inf;0;1;Passing;;;0;23709
1e54a;16cfb;16b47;0;0;4000000000000080;        58s 542ms 276μs 732ns;235;-1;             11ms 219μs  64ns;0.000000;inf;0.000000;inf;0;1;Passing;;;0;23710
1e7e5;16cfb;16b47;0;0;0000000000000080;        58s 822ms 916μs 563ns;233;-1;             11ms 228μs 971ns;0.000000;inf;0.000000;inf;0;1;Passing;;;0;23718
1e7e1;16cfb;16b47;0;0;0000000000000080;        58s 822ms 815μs 714ns;233;-1;             12ms 438μs 888ns;0.000000;inf;0.000000;inf;0;1;Passing;;;0;23719
1e7eb;16cfb;16b47;0;0;0000000000000080;        58s 823ms  47μs 727ns;233;-1;             15ms 156μs 672ns;0.000000;inf;0.000000;inf;0;1;Passing;;;0;23720
1e820;16cfb;16b47;0;0;0000000000000080;        58s 824ms 282μs 208ns;233;-1;             14ms 123μs 338ns;0.000000;inf;0.000000;inf;0;1;Passing;;;0;23723
1e81e;16cfb;16b47;0;0;0000000000000080;        58s 824ms 257μs 960ns;233;-1;             14ms 119μs 434ns;0.000000;inf;0.000000;inf;0;1;Passing;;;0;23724
1e818;16cfb;16b47;0;0;0000000000000080;        58s 824ms 134μs 227ns;233;-1;             14ms 359μs 501ns;0.000000;inf;0.000000;inf;0;1;Passing;;;0;23725
1e812;16cfb;16b47;0;0;0000000000000080;        58s 823ms 959μs 811ns;233;-1;             14ms 317μs 665ns;0.000000;inf;0.000000;inf;0;1;Passing;;;0;23727
1e84d;16cfb;16b47;0;0;0000000000000080;        58s 825ms 857μs 344ns;233;-1;             14ms  31μs  21ns;0.000000;inf;0.000000;inf;0;1;Passing;;;0;23729
1e932;16cfb;16b47;0;0;0000000000000080;        58s 831ms 576μs 172ns;233;-1;             15ms 547μs  89ns;0.000000;inf;0.000000;inf;0;1;Passing;;;0;23732
1e923;16cfb;16b47;0;0;0000000000000080;        58s 830ms 905μs 260ns;233;-1;             15ms 293μs 617ns;0.000000;inf;0.000000;inf;0;1;Passing;;;0;23736
1e908;16cfb;16b47;0;0;0000000000000080;        58s 830ms 241μs 566ns;233;-1;             15ms 322μs 149ns;0.000000;inf;0.000000;inf;0;1;Passing;;;0;23745
1e8f0;16cfb;16b47;0;0;0000000000000080;        58s 829ms 691μs 583ns;233;-1;             15ms 848μs  87ns;0.000000;inf;0.000000;inf;0;1;Passing;;;0;23754
1e8e9;16cfb;16b47;0;0;0000000000000080;        58s 829ms 485μs 316ns;233;-1;             14ms 961μs 584ns;0.000000;inf;0.000000;inf;0;1;Passing;;;0;23757
1e8de;16cfb;16b47;0;0;0000000000000080;        58s 829ms 193μs 678ns;233;-1;             15ms  16μs 662ns;0.000000;inf;0.000000;inf;0;1;Passing;;;0;23760
1e8d4;16cfb;16b47;0;0;0000000000000080;        58s 828ms 956μs 523ns;233;-1;             14ms 104μs 642ns;0.000000;inf;0.000000;inf;0;1;Passing;;;0;23765
1e8c3;16cfb;16b47;0;0;0000000000000080;        58s 828ms 599μs 882ns;233;-1;             14ms 809μs 586ns;0.000000;inf;0.000000;inf;0;1;Passing;;;0;23769
1e8be;16cfb;16b47;0;0;0000000000000080;        58s 828ms 518μs 701ns;233;-1;             15ms 598μs 283ns;0.000000;inf;0.000000;inf;0;1;Passing;;;0;23770
1e8b7;16cfb;16b47;0;0;0000000000000080;        58s 828ms 353μs 542ns;233;-1;             15ms 766μs 534ns;0.000000;inf;0.000000;inf;0;1;Passing;;;0;23771
1e8ba;16cfb;16b47;0;0;0000000000000080;        58s 828ms 352μs 877ns;233;-1;             16ms 138μs 698ns;0.000000;inf;0.000000;inf;0;1;Passing;;;0;23772
1e8b4;16cfb;16b47;0;0;0000000000000080;        58s 828ms 220μs 832ns;233;-1;             14ms 974μs 268ns;0.000000;inf;0.000000;inf;0;1;Passing;;;0;23774
1e8b1;16cfb;16b47;0;0;0000000000000080;        58s 828ms 188μs 583ns;233;-1;             14ms 875μs 917ns;0.000000;inf;0.000000;inf;0;1;Passing;;;0;23775
1e8a9;16cfb;16b47;0;0;0000000000000080;        58s 827ms 990μs 730ns;233;-1;             16ms  84μs 519ns;0.000000;inf;0.000000;inf;0;1;Passing;;;0;23777
1e8a4;16cfb;16b47;0;0;0000000000000080;        58s 827ms 890μs  57ns;233;-1;             14ms 996μs 373ns;0.000000;inf;0.000000;inf;0;1;Passing;;;0;23779
1e8a3;16cfb;16b47;0;0;0000000000000080;        58s 827ms 867μs  37ns;233;-1;             15ms 275μs 284ns;0.000000;inf;0.000000;inf;0;1;Passing;;;0;23780
1e89e;16cfb;16b47;0;0;0000000000000080;        58s 827ms 729μs 220ns;233;-1;             14ms 647μs 455ns;0.000000;inf;0.000000;inf;0;1;Passing;;;0;23781
1e898;16cfb;16b47;0;0;0000000000000080;        58s 827ms 598μs 178ns;233;-1;             15ms 301μs 826ns;0.000000;inf;0.000000;inf;0;1;Passing;;;0;23783
1e897;16cfb;16b47;0;0;0000000000000080;        58s 827ms 578μs 598ns;233;-1;             14ms 535μs 379ns;0.000000;inf;0.000000;inf;0;1;Passing;;;0;23784
1e892;16cfb;16b47;0;0;0000000000000080;        58s 827ms 457μs 473ns;233;-1;             16ms 173μs 332ns;0.000000;inf;0.000000;inf;0;1;Passing;;;0;23785
1e88c;16cfb;16b47;0;0;0000000000000080;        58s 827ms 347μs 968ns;233;-1;             14ms 865μs 944ns;0.000000;inf;0.000000;inf;0;1;Passing;;;0;23786
1e87e;16cfb;16b47;0;0;0000000000000080;        58s 827ms  90μs  47ns;233;-1;             16ms 233μs 323ns;0.000000;inf;0.000000;inf;0;1;Passing;;;0;23794
1e879;16cfb;16b47;0;0;0000000000000080;        58s 826ms 977μs 306ns;233;-1;             15ms 548μs 154ns;0.000000;inf;0.000000;inf;0;1;Passing;;;0;23795
1e86f;16cfb;16b47;0;0;0000000000000080;        58s 826ms 695μs 944ns;233;-1;             14ms 354μs  37ns;0.000000;inf;0.000000;inf;0;1;Passing;;;0;23797
1e869;16cfb;16b47;0;0;0000000000000080;        58s 826ms 578μs 202ns;233;-1;             14ms 977μs 881ns;0.000000;inf;0.000000;inf;0;1;Passing;;;0;23798
1e866;16cfb;16b47;0;0;0000000000000080;        58s 826ms 540μs 703ns;233;-1;             14ms 495μs 361ns;0.000000;inf;0.000000;inf;0;1;Passing;;;0;23800
1e85d;16cfb;16b47;0;0;0000000000000080;        58s 826ms 382μs 440ns;233;-1;             14ms 797μs 770ns;0.000000;inf;0.000000;inf;0;1;Passing;;;0;23801
1e863;16cfb;16b47;0;0;0000000000000080;        58s 826ms 460μs 908ns;233;-1;             15ms 459μs 293ns;0.000000;inf;0.000000;inf;0;1;Passing;;;0;23802
1e857;16cfb;16b47;0;0;0000000000000080;        58s 826ms  79μs  91ns;233;-1;             14ms 544μs 150ns;0.000000;inf;0.000000;inf;0;1;Passing;;;0;23806
1e845;16cfb;16b47;0;0;0000000000000080;        58s 825ms 499μs 907ns;233;-1;             15ms 233μs 736ns;0.000000;inf;0.000000;inf;0;1;Passing;;;0;23809
1e842;16cfb;16b47;0;0;0000000000000080;        58s 825ms 424μs 316ns;233;-1;             15ms 269μs 142ns;0.000000;inf;0.000000;inf;0;1;Passing;;;0;23810
1e83c;16cfb;16b47;0;0;0000000000000080;        58s 825ms 292μs 758ns;233;-1;             14ms 728μs 897ns;0.000000;inf;0.000000;inf;0;1;Passing;;;0;23812
1e839;16cfb;16b47;0;0;0000000000000080;        58s 825ms 254μs 386ns;233;-1;             14ms  95μs 333ns;0.000000;inf;0.000000;inf;0;1;Passing;;;0;23816
1e80c;16cfb;16b47;0;0;0000000000000080;        58s 823ms 810μs 661ns;233;-1;             11ms 137μs 424ns;0.000000;inf;0.000000;inf;0;1;Passing;;;0;23826
1e7f4;16cfb;16b47;0;0;4000000000000080;        58s 823ms 287μs 536ns;233;-1;              7ms 876μs 962ns;0.000000;inf;0.000000;inf;0;1;Passing;;;0;23827
1eaa0;16cfb;16b47;0;0;0000000000000080;        59s  98ms 885μs 400ns;231;-1;             14ms 610μs 417ns;0.000000;inf;0.000000;inf;0;1;Passing;;;0;23837
1eaac;16cfb;16b47;0;0;0000000000000080;        59s  99ms 195μs 805ns;231;-1;             13ms 289μs 913ns;0.000000;inf;0.000000;inf;0;1;Passing;;;0;23838
1ea9d;16cfb;16b47;0;0;0000000000000080;        59s  98ms 928μs 824ns;231;-1;             13ms 784μs 919ns;0.000000;inf;0.000000;inf;0;1;Passing;;;0;23840
1eb10;16cfb;16b47;0;0;0000000000000080;        59s 101ms 114μs 304ns;231;-1;             14ms 256μs 738ns;0.000000;inf;0.000000;inf;0;1;Passing;;;0;23843
1eb07;16cfb;16b47;0;0;0000000000000080;        59s 100ms 907μs 655ns;231;-1;             14ms 302μs 322ns;0.000000;inf;0.000000;inf;0;1;Passing;;;0;23846
1ebea;16cfb;16b47;0;0;0000000000000080;        59s 106ms 912μs 684ns;231;-1;             14ms 751μs 772ns;0.000000;inf;0.000000;inf;0;1;Passing;;;0;23850
1ebdc;16cfb;16b47;0;0;0000000000000080;        59s 106ms 480μs 710ns;231;-1;             15ms 753μs 510ns;0.000000;inf;0.000000;inf;0;1;Passing;;;0;23854
1ebbf;16cfb;16b47;0;0;0000000000000080;        59s 105ms 572μs  94ns;231;-1;             15ms  79μs 393ns;0.000000;inf;0.000000;inf;0;1;Passing;;;0;23865
1eba8;16cfb;16b47;0;0;0000000000000080;        59s 104ms 956μs 593ns;231;-1;             15ms 707μs 858ns;0.000000;inf;0.000000;inf;0;1;Passing;;;0;23873
1eba3;16cfb;16b47;0;0;0000000000000080;        59s 104ms 688μs 435ns;231;-1;             15ms 514μs 116ns;0.000000;inf;0.000000;inf;0;1;Passing;;;0;23874
1eb96;16cfb;16b47;0;0;0000000000000080;        59s 104ms 328μs 856ns;231;-1;             16ms 231μs  90ns;0.000000;inf;0.000000;inf;0;1;Passing;;;0;23880
1eb8e;16cfb;16b47;0;0;0000000000000080;        59s 103ms 882μs 338ns;231;-1;             14ms 989μs 558ns;0.000000;inf;0.000000;inf;0;1;Passing;;;0;23883
1eb7c;16cfb;16b47;0;0;0000000000000080;        59s 103ms 376μs 867ns;231;-1;             14ms 439μs 419ns;0.000000;inf;0.000000;inf;0;1;Passing;;;0;23886
1eb75;16cfb;16b47;0;0;0000000000000080;        59s 103ms 246μs 283ns;231;-1;             15ms 410μs 173ns;0.000000;inf;0.000000;inf;0;1;Passing;;;0;23887
1eb72;16cfb;16b47;0;0;0000000000000080;        59s 103ms 161μs  62ns;231;-1;             15ms 325μs 267ns;0.000000;inf;0.000000;inf;0;1;Passing;;;0;23888
1eb6c;16cfb;16b47;0;0;0000000000000080;        59s 103ms  55μs 264ns;231;-1;             15ms 256μs 173ns;0.000000;inf;0.000000;inf;0;1;Passing;;;0;23889
1eb6f;16cfb;16b47;0;0;0000000000000080;        59s 103ms 126μs  63ns;231;-1;             15ms 820μs 376ns;0.000000;inf;0.000000;inf;0;1;Passing;;;0;23890
1eb69;16cfb;16b47;0;0;0000000000000080;        59s 103ms   6μs 530ns;231;-1;             14ms 482μs 296ns;0.000000;inf;0.000000;inf;0;1;Passing;;;0;23893
1eb60;16cfb;16b47;0;0;0000000000000080;        59s 102ms 837μs 451ns;231;-1;             14ms 294μs 117ns;0.000000;inf;0.000000;inf;0;1;Passing;;;0;23895
1eb5c;16cfb;16b47;0;0;0000000000000080;        59s 102ms 755μs 907ns;231;-1;             14ms 561μs 735ns;0.000000;inf;0.000000;inf;0;1;Passing;;;0;23896
1eb5b;16cfb;16b47;0;0;0000000000000080;        59s 102ms 729μs 288ns;231;-1;             14ms 362μs  58ns;0.000000;inf;0.000000;inf;0;1;Passing;;;0;23897
1eb56;16cfb;16b47;0;0;0000000000000080;        59s 102ms 636μs 600ns;231;-1;             14ms 232μs 385ns;0.000000;inf;0.000000;inf;0;1;Passing;;;0;23898
1eb4f;16cfb;16b47;0;0;0000000000000080;        59s 102ms 509μs 982ns;231;-1;             14ms 763μs 935ns;0.000000;inf;0.000000;inf;0;1;Passing;;;0;23900
1eb50;16cfb;16b47;0;0;0000000000000080;        59s 102ms 503μs 214ns;231;-1;             14ms 628μs 136ns;0.000000;inf;0.000000;inf;0;1;Passing;;;0;23901
1eb4b;16cfb;16b47;0;0;0000000000000080;        59s 102ms 380μs 298ns;231;-1;             15ms 470μs  51ns;0.000000;inf;0.000000;inf;0;1;Passing;;;0;23902
1eb46;16cfb;16b47;0;0;0000000000000080;        59s 102ms 258μs 480ns;231;-1;             15ms 278μs 300ns;0.000000;inf;0.000000;inf;0;1;Passing;;;0;23903
1eb35;16cfb;16b47;0;0;0000000000000080;        59s 101ms 826μs 827ns;231;-1;             14ms 657μs 682ns;0.000000;inf;0.000000;inf;0;1;Passing;;;0;23910
1eb30;16cfb;16b47;0;0;0000000000000080;        59s 101ms 715μs 387ns;231;-1;             15ms 102μs 735ns;0.000000;inf;0.000000;inf;0;1;Passing;;;0;23911
1eb27;16cfb;16b47;0;0;0000000000000080;        59s 101ms 586μs 985ns;231;-1;             15ms 357μs  60ns;0.000000;inf;0.000000;inf;0;1;Passing;;;0;23912
1eb21;16cfb;16b47;0;0;0000000000000080;        59s 101ms 483μs 657ns;231;-1;             14ms 793μs 192ns;0.000000;inf;0.000000;inf;0;1;Passing;;;0;23914
1eb1e;16cfb;16b47;0;0;0000000000000080;        59s 101ms 408μs 780ns;231;-1;             15ms  48μs 594ns;0.000000;inf;0.000000;inf;0;1;Passing;;;0;23915
1eb1b;16cfb;16b47;0;0;0000000000000080;        59s 101ms 376μs 173ns;231;-1;             14ms 905μs 809ns;0.000000;inf;0.000000;inf;0;1;Passing;;;0;23916
1eb16;16cfb;16b47;0;0;0000000000000080;        59s 101ms 209μs 107ns;231;-1;             15ms 512μs 828ns;0.000000;inf;0.000000;inf;0;1;Passing;;;0;23919
1eafd;16cfb;16b47;0;0;0000000000000080;        59s 100ms 580μs 831ns;231;-1;             14ms 719μs 532ns;0.000000;inf;0.000000;inf;0;1;Passing;;;0;23921
1eafa;16cfb;16b47;0;0;0000000000000080;        59s 100ms 533μs 583ns;231;-1;             14ms 714μs  73ns;0.000000;inf;0.000000;inf;0;1;Passing;;;0;23922
1eaf4;16cfb;16b47;0;0;0000000000000080;        59s 100ms 436μs 658ns;231;-1;             14ms 459μs 278ns;0.000000;inf;0.000000;inf;0;1;Passing;;;0;23924
1eaf1;16cfb;16b47;0;0;0000000000000080;        59s 100ms 385μs 238ns;231;-1;             13ms 745μs 931ns;0.000000;inf;0.000000;inf;0;1;Passing;;;0;23929
1ead9;16cfb;16b47;0;0;0000000000000080;        59s  99ms 967μs 456ns;231;-1;             12ms 817μs 354ns;0.000000;inf;0.000000;inf;0;1;Passing;;;0;23935
1ead6;16cfb;16b47;0;0;0000000000000080;        59s  99ms 925μs 723ns;231;-1;             13ms 493μs 301ns;0.000000;inf;0.000000;inf;0;1;Passing;;;0;23936
1ead0;16cfb;16b47;0;0;0000000000000080;        59s  99ms 831μs 251ns;231;-1;             14ms 518μs 902ns;0.000000;inf;0.000000;inf;0;1;Passing;;;0;23938
1eaca;16cfb;16b47;0;0;0000000000000080;        59s  99ms 731μs 570ns;231;-1;             13ms 784μs 104ns;0.000000;inf;0.000000;inf;0;1;Passing;;;0;23942
1eac4;16cfb;16b47;0;0;4000000000000080;        59s  99ms 640μs 511ns;231;-1;             10ms 544μs 544ns;0.000000;inf;0.000000;inf;0;1;Passing;;;0;23943
1ed52;16cfb;16b47;0;0;0000000000000080;        59s 369ms 706μs 200ns;229;-1;             12ms 879μs 469ns;0.000000;inf;0.000000;inf;0;1;Passing;;;0;23952
1ed54;16cfb;16b47;0;0;0000000000000080;        59s 369ms 713μs 393ns;229;-1;             12ms 105μs 400ns;0.000000;inf;0.000000;inf;0;1;Passing;;;0;23953
1ed60;16cfb;16b47;0;0;0000000000000080;        59s 370ms  11μs 271ns;229;-1;             14ms 222μs 662ns;0.000000;inf;0.000000;inf;0;1;Passing;;;0;23956
1edb3;16cfb;16b47;0;0;0000000000000080;        59s 371ms 909μs  60ns;229;-1;             14ms 473μs 851ns;0.000000;inf;0.000000;inf;0;1;Passing;;;0;23958
1edaf;16cfb;16b47;0;0;0000000000000080;        59s 371ms 785μs 326ns;229;-1;             14ms 667μs 712ns;0.000000;inf;0.000000;inf;0;1;Passing;;;0;23959
1eda8;16cfb;16b47;0;0;0000000000000080;        59s 371ms 489μs 642ns;229;-1;             14ms 937μs 320ns;0.000000;inf;0.000000;inf;0;1;Passing;;;0;23960
1edc5;16cfb;16b47;0;0;0000000000000080;        59s 372ms 489μs 886ns;229;-1;             14ms 811μs 692ns;0.000000;inf;0.000000;inf;0;1;Passing;;;0;23961
1ee5a;16cfb;16b47;0;0;0000000000000080;        59s 375ms 821μs 267ns;229;-1;             14ms 406μs 830ns;0.000000;inf;0.000000;inf;0;1;Passing;;;0;23962
1ee9c;16cfb;16b47;0;0;0000000000000080;        59s 378ms 128μs 919ns;229;-1;             15ms 292μs 110ns;0.000000;inf;0.000000;inf;0;1;Passing;;;0;23966
1ee8e;16cfb;16b47;0;0;0000000000000080;        59s 377ms 705μs 541ns;229;-1;             15ms 230μs 593ns;0.000000;inf;0.000000;inf;0;1;Passing;;;0;23971
1ee72;16cfb;16b47;0;0;0000000000000080;        59s 376ms 794μs 219ns;229;-1;             14ms 660μs 143ns;0.000000;inf;0.000000;inf;0;1;Passing;;;0;23979
1ee54;16cfb;16b47;0;0;0000000000000080;        59s 375ms 515μs 875ns;229;-1;             14ms 223μs 317ns;0.000000;inf;0.000000;inf;0;1;Passing;;;0;23987
1ee49;16cfb;16b47;0;0;0000000000000080;        59s 375ms 295μs 737ns;229;-1;             14ms 305μs 783ns;0.000000;inf;0.000000;inf;0;1;Passing;;;0;23991
1ee3f;16cfb;16b47;0;0;0000000000000080;        59s 375ms  31μs 239ns;229;-1;             14ms 637μs 959ns;0.000000;inf;0.000000;inf;0;1;Passing;;;0;23994
1ee2d;16cfb;16b47;0;0;0000000000000080;        59s 374ms 630μs 600ns;229;-1;             15ms 654μs 190ns;0.000000;inf;0.000000;inf;0;1;Passing;;;0;24001
1ee27;16cfb;16b47;0;0;0000000000000080;        59s 374ms 506μs 127ns;229;-1;             14ms 864μs 634ns;0.000000;inf;0.000000;inf;0;1;Passing;;;0;24002
1ee24;16cfb;16b47;0;0;0000000000000080;        59s 374ms 483μs 358ns;229;-1;             15ms 250μs 961ns;0.000000;inf;0.000000;inf;0;1;Passing;;;0;24003
1ee1e;16cfb;16b47;0;0;0000000000000080;        59s 374ms 374μs 426ns;229;-1;             15ms 311μs 887ns;0.000000;inf;0.000000;inf;0;1;Passing;;;0;24004
1ee21;16cfb;16b47;0;0;0000000000000080;        59s 374ms 406μs 356ns;229;-1;             16ms 381μs 479ns;0.000000;inf;0.000000;inf;0;1;Passing;;;0;24005
1ee1b;16cfb;16b47;0;0;0000000000000080;        59s 374ms 280μs 692ns;229;-1;             14ms   3μs 209ns;0.000000;inf;0.000000;inf;0;1;Passing;;;0;24008
1ee12;16cfb;16b47;0;0;0000000000000080;        59s 374ms 153μs 431ns;229;-1;             14ms 950μs 635ns;0.000000;inf;0.000000;inf;0;1;Passing;;;0;24010
1ee0e;16cfb;16b47;0;0;0000000000000080;        59s 374ms  81μs 837ns;229;-1;             15ms 296μs 792ns;0.000000;inf;0.000000;inf;0;1;Passing;;;0;24011
1ee0d;16cfb;16b47;0;0;0000000000000080;        59s 374ms  45μs 813ns;229;-1;             15ms 306μs 323ns;0.000000;inf;0.000000;inf;0;1;Passing;;;0;24012
1ee08;16cfb;16b47;0;0;0000000000000080;        59s 373ms 955μs 342ns;229;-1;             15ms 346μs 813ns;0.000000;inf;0.000000;inf;0;1;Passing;;;0;24013
1ee01;16cfb;16b47;0;0;0000000000000080;        59s 373ms 836μs 915ns;229;-1;             14ms 401μs 238ns;0.000000;inf;0.000000;inf;0;1;Passing;;;0;24016
1ee02;16cfb;16b47;0;0;0000000000000080;        59s 373ms 822μs 129ns;229;-1;             14ms 327μs 946ns;0.000000;inf;0.000000;inf;0;1;Passing;;;0;24017
1edfc;16cfb;16b47;0;0;0000000000000080;        59s 373ms 681μs 259ns;229;-1;             14ms 521μs   3ns;0.000000;inf;0.000000;inf;0;1;Passing;;;0;24018
1edea;16cfb;16b47;0;0;0000000000000080;        59s 373ms 242μs 831ns;229;-1;             14ms 616μs  57ns;0.000000;inf;0.000000;inf;0;1;Passing;;;0;24025
1ede4;16cfb;16b47;0;0;0000000000000080;        59s 373ms 137μs 921ns;229;-1;             14ms 442μs 210ns;0.000000;inf;0.000000;inf;0;1;Passing;;;0;24026
1eddc;16cfb;16b47;0;0;0000000000000080;        59s 373ms   1μs 609ns;229;-1;             14ms 235μs 241ns;0.000000;inf;0.000000;inf;0;1;Passing;;;0;24028
1edd6;16cfb;16b47;0;0;0000000000000080;        59s 372ms 897μs 705ns;229;-1;             14ms 478μs 114ns;0.000000;inf;0.000000;inf;0;1;Passing;;;0;24029
1edd2;16cfb;16b47;0;0;0000000000000080;        59s 372ms 809μs 643ns;229;-1;             14ms 654μs 442ns;0.000000;inf;0.000000;inf;0;1;Passing;;;0;24030
1edd1;16cfb;16b47;0;0;0000000000000080;        59s 372ms 793μs 124ns;229;-1;             14ms  57μs 926ns;0.000000;inf;0.000000;inf;0;1;Passing;;;0;24032
1edca;16cfb;16b47;0;0;0000000000000080;        59s 372ms 655μs 335ns;229;-1;             14ms 246μs 828ns;0.000000;inf;0.000000;inf;0;1;Passing;;;0;24033
1edbb;16cfb;16b47;0;0;0000000000000080;        59s 372ms  81μs 642ns;229;-1;             13ms 432μs 722ns;0.000000;inf;0.000000;inf;0;1;Passing;;;0;24042
1eda6;16cfb;16b47;0;0;0000000000000080;        59s 371ms 454μs 161ns;229;-1;             13ms 708μs 689ns;0.000000;inf;0.000000;inf;0;1;Passing;;;0;24044
1ed8d;16cfb;16b47;0;0;0000000000000080;        59s 370ms 897μs 790ns;229;-1;             14ms 365μs  21ns;0.000000;inf;0.000000;inf;0;1;Passing;;;0;24049
1ed8c;16cfb;16b47;0;0;0000000000000080;        59s 370ms 871μs 695ns;229;-1;             14ms 657μs 839ns;0.000000;inf;0.000000;inf;0;1;Passing;;;0;24050
1ed85;16cfb;16b47;0;0;0000000000000080;        59s 370ms 747μs 640ns;229;-1;             14ms 713μs 799ns;0.000000;inf;0.000000;inf;0;1;Passing;;;0;24051
1ed7f;16cfb;16b47;0;0;0000000000000080;        59s 370ms 615μs 353ns;229;-1;             13ms 794μs 199ns;0.000000;inf;0.000000;inf;0;1;Passing;;;0;24055
1ed79;16cfb;16b47;0;0;0000000000000080;        59s 370ms 514μs 518ns;229;-1;             11ms 283μs 809ns;0.000000;inf;0.000000;inf;0;1;Passing;;;0;24057
1f000;16cfb;16b47;0;0;0000000000000080;        59s 631ms 341μs 483ns;227;-1;             12ms 172μs 832ns;0.000000;inf;0.000000;inf;0;1;Passing;;;0;24068
1f010;16cfb;16b47;0;0;0000000000000080;        59s 631ms 720μs  85ns;227;-1;             13ms  52μs 853ns;0.000000;inf;0.000000;inf;0;1;Passing;;;0;24069
1f004;16cfb;16b47;0;0;0000000000000080;        59s 631ms 397μs 531ns;227;-1;             15ms 611μs 883ns;0.000000;inf;0.000000;inf;0;1;Passing;;;0;24071
1f072;16cfb;16b47;0;0;0000000000000080;        59s 633ms 836μs 415ns;227;-1;             14ms 740μs 342ns;0.000000;inf;0.000000;inf;0;1;Passing;;;0;24073
1f06a;16cfb;16b47;0;0;0000000000000080;        59s 633ms 707μs 587ns;227;-1;             14ms 263μs 363ns;0.000000;inf;0.000000;inf;0;1;Passing;;;0;24074
1f07f;16cfb;16b47;0;0;0000000000000080;        59s 634ms 153μs 472ns;227;-1;             14ms 306μs 106ns;0.000000;inf;0.000000;inf;0;1;Passing;;;0;24076
1f0d6;16cfb;16b47;0;0;0000000000000080;        59s 636ms 130μs 192ns;227;-1;             14ms 460μs 665ns;0.000000;inf;0.000000;inf;0;1;Passing;;;0;24078
1f148;16cfb;16b47;0;0;0000000000000080;        59s 639ms 609μs 384ns;227;-1;             15ms  55μs 983ns;0.000000;inf;0.000000;inf;0;1;Passing;;;0;24083
1f138;16cfb;16b47;0;0;0000000000000080;        59s 639ms  91μs 539ns;227;-1;             14ms 630μs 176ns;0.000000;inf;0.000000;inf;0;1;Passing;;;0;24087
1f11d;16cfb;16b47;0;0;0000000000000080;        59s 638ms 133μs 505ns;227;-1;             15ms 182μs 398ns;0.000000;inf;0.000000;inf;0;1;Passing;;;0;24096
1f106;16cfb;16b47;0;0;0000000000000080;        59s 637ms 277μs 920ns;227;-1;             14ms 686μs 260ns;0.000000;inf;0.000000;inf;0;1;Passing;;;0;24104
1f0f7;16cfb;16b47;0;0;0000000000000080;        59s 636ms 764μs 898ns;227;-1;             14ms 777μs 543ns;0.000000;inf;0.000000;inf;0;1;Passing;;;0;24106
1f0ee;16cfb;16b47;0;0;0000000000000080;        59s 636ms 593μs 442ns;227;-1;             14ms 933μs  21ns;0.000000;inf;0.000000;inf;0;1;Passing;;;0;24110
1f0dc;16cfb;16b47;0;0;0000000000000080;        59s 636ms 253μs 874ns;227;-1;             14ms 759μs 322ns;0.000000;inf;0.000000;inf;0;1;Passing;;;0;24116
1f0d3;16cfb;16b47;0;0;0000000000000080;        59s 636ms  90μs 384ns;227;-1;             14ms 814μs 249ns;0.000000;inf;0.000000;inf;0;1;Passing;;;0;24117
1f0d0;16cfb;16b47;0;0;0000000000000080;        59s 636ms  26μs 982ns;227;-1;             15ms 461μs 658ns;0.000000;inf;0.000000;inf;0;1;Passing;;;0;24118
1f0cc;16cfb;16b47;0;0;0000000000000080;        59s 635ms 971μs 855ns;227;-1;             15ms 147μs 714ns;0.000000;inf;0.000000;inf;0;1;Passing;;;0;24119
1f0cb;16cfb;16b47;0;0;0000000000000080;        59s 635ms 927μs 593ns;227;-1;             14ms 788μs 180ns;0.000000;inf;0.000000;inf;0;1;Passing;;;0;24121
1f0c1;16cfb;16b47;0;0;0000000000000080;        59s 635ms 715μs 757ns;227;-1;             15ms 162μs 896ns;0.000000;inf;0.000000;inf;0;1;Passing;;;0;24123
1f0be;16cfb;16b47;0;0;0000000000000080;        59s 635ms 686μs 212ns;227;-1;             15ms 242μs 911ns;0.000000;inf;0.000000;inf;0;1;Passing;;;0;24125
1f0bb;16cfb;16b47;0;0;0000000000000080;        59s 635ms 612μs 559ns;227;-1;             15ms  71μs 302ns;0.000000;inf;0.000000;inf;0;1;Passing;;;0;24126
1f0b8;16cfb;16b47;0;0;0000000000000080;        59s 635ms 560μs 204ns;227;-1;             14ms 431μs 957ns;0.000000;inf;0.000000;inf;0;1;Passing;;;0;24127
1f0b1;16cfb;16b47;0;0;0000000000000080;        59s 635ms 431μs 921ns;227;-1;             13ms 834μs 828ns;0.000000;inf;0.000000;inf;0;1;Passing;;;0;24130
1f0b0;16cfb;16b47;0;0;0000000000000080;        59s 635ms 400μs 687ns;227;-1;             15ms 441μs 397ns;0.000000;inf;0.000000;inf;0;1;Passing;;;0;24131
1f0ab;16cfb;16b47;0;0;0000000000000080;        59s 635ms 280μs  95ns;227;-1;             14ms 454μs 215ns;0.000000;inf;0.000000;inf;0;1;Passing;;;0;24132
1f09a;16cfb;16b47;0;0;0000000000000080;        59s 634ms 927μs 927ns;227;-1;             15ms 479μs 532ns;0.000000;inf;0.000000;inf;0;1;Passing;;;0;24139
1f093;16cfb;16b47;0;0;0000000000000080;        59s 634ms 800μs 523ns;227;-1;             15ms 325μs 812ns;0.000000;inf;0.000000;inf;0;1;Passing;;;0;24140
1f08c;16cfb;16b47;0;0;0000000000000080;        59s 634ms 662μs 947ns;227;-1;             14ms 571μs 466ns;0.000000;inf;0.000000;inf;0;1;Passing;;;0;24142
1f085;16cfb;16b47;0;0;0000000000000080;        59s 634ms 540μs 944ns;227;-1;             14ms 931μs 220ns;0.000000;inf;0.000000;inf;0;1;Passing;;;0;24143
1f083;16cfb;16b47;0;0;0000000000000080;        59s 634ms 433μs 189ns;227;-1;             14ms  84μs 690ns;0.000000;inf;0.000000;inf;0;1;Passing;;;0;24146
1f078;16cfb;16b47;0;0;0000000000000080;        59s 634ms  29μs 727ns;227;-1;             14ms 123μs  32ns;0.000000;inf;0.000000;inf;0;1;Passing;;;0;24148
1f061;16cfb;16b47;0;0;0000000000000080;        59s 633ms 519μs 928ns;227;-1;             15ms 250μs 848ns;0.000000;inf;0.000000;inf;0;1;Passing;;;0;24151
1f05d;16cfb;16b47;0;0;0000000000000080;        59s 633ms 417μs 195ns;227;-1;             14ms 119μs 528ns;0.000000;inf;0.000000;inf;0;1;Passing;;;0;24152
1f057;16cfb;16b47;0;0;0000000000000080;        59s 633ms 249μs 265ns;227;-1;             14ms  45μs 714ns;0.000000;inf;0.000000;inf;0;1;Passing;;;0;24154
1f055;16cfb;16b47;0;0;0000000000000080;        59s 633ms 238μs 847ns;227;-1;             14ms 418μs 406ns;0.000000;inf;0.000000;inf;0;1;Passing;;;0;24156
1f03d;16cfb;16b47;0;0;0000000000000080;        59s 632ms 736μs 112ns;227;-1;             14ms  79μs 812ns;0.000000;inf;0.000000;inf;0;1;Passing;;;0;24164
1f039;16cfb;16b47;0;0;0000000000000080;        59s 632ms 624μs 865ns;227;-1;             14ms 792μs 189ns;0.000000;inf;0.000000;inf;0;1;Passing;;;0;24165
1f034;16cfb;16b47;0;0;0000000000000080;        59s 632ms 496μs 959ns;227;-1;             14ms 848μs 594ns;0.000000;inf;0.000000;inf;0;1;Passing;;;0;24166
1f02e;16cfb;16b47;0;0;0000000000000080;        59s 632ms 397μs 246ns;227;-1;             14ms 399μs 992ns;0.000000;inf;0.000000;inf;0;1;Passing;;;0;24169
1f028;16cfb;16b47;0;0;4000000000000080;        59s 632ms 257μs 567ns;227;-1;              9ms 947μs 162ns;0.000000;inf;0.000000;inf;0;1;Passing;;;0;24172
1f2ae;16cfb;16b47;0;0;0000000000000080;        59s 894ms 234μs 182ns;225;-1;             12ms  62μs 173ns;0.000000;inf;0.000000;inf;0;1;Passing;;;0;24178
1f2aa;16cfb;16b47;0;0;0000000000000080;        59s 894ms 103μs 510ns;225;-1;             15ms 980μs  24ns;0.000000;inf;0.000000;inf;0;1;Passing;;;0;24179
1f2dd;16cfb;16b47;0;0;0000000000000080;        59s 895ms 186μs  94ns;225;-1;             14ms 898μs 772ns;0.000000;inf;0.000000;inf;0;1;Passing;;;0;24180
1f2d7;16cfb;16b47;0;0;0000000000000080;        59s 895ms  66μs 977ns;225;-1;             14ms 435μs 605ns;0.000000;inf;0.000000;inf;0;1;Passing;;;0;24182
1f2d1;16cfb;16b47;0;0;0000000000000080;        59s 894ms 957μs 860ns;225;-1;             12ms 579μs 540ns;0.000000;inf;0.000000;inf;0;1;Passing;;;0;24187
1f35e;16cfb;16b47;0;0;0000000000000080;        59s 898ms 375μs 669ns;225;-1;             14ms 620μs 135ns;0.000000;inf;0.000000;inf;0;1;Passing;;;0;24191
1f3ed;16cfb;16b47;0;0;0000000000000080;        59s 901ms 836μs 727ns;225;-1;             14ms 847μs 299ns;0.000000;inf;0.000000;inf;0;1;Passing;;;0;24194
1f3e0;16cfb;16b47;0;0;0000000000000080;        59s 901ms 430μs 659ns;225;-1;             14ms 570μs 743ns;0.000000;inf;0.000000;inf;0;1;Passing;;;0;24198
1f3c4;16cfb;16b47;0;0;0000000000000080;        59s 900ms 558μs 477ns;225;-1;             14ms 849μs 858ns;0.000000;inf;0.000000;inf;0;1;Passing;;;0;24206
1f3ab;16cfb;16b47;0;0;0000000000000080;        59s 899ms 961μs 511ns;225;-1;             15ms  85μs 627ns;0.000000;inf;0.000000;inf;0;1;Passing;;;0;24214
1f39e;16cfb;16b47;0;0;0000000000000080;        59s 899ms 638μs 720ns;225;-1;             14ms 177μs  82ns;0.000000;inf;0.000000;inf;0;1;Passing;;;0;24219
1f394;16cfb;16b47;0;0;0000000000000080;        59s 899ms 435μs 197ns;225;-1;             15ms 843μs 874ns;0.000000;inf;0.000000;inf;0;1;Passing;;;0;24223
1f382;16cfb;16b47;0;0;0000000000000080;        59s 899ms  82μs 642ns;225;-1;             14ms 275μs 318ns;0.000000;inf;0.000000;inf;0;1;Passing;;;0;24229
1f37c;16cfb;16b47;0;0;0000000000000080;        59s 898ms 970μs 638ns;225;-1;             14ms 951μs 690ns;0.000000;inf;0.000000;inf;0;1;Passing;;;0;24230
1f379;16cfb;16b47;0;0;0000000000000080;        59s 898ms 932μs 947ns;225;-1;             14ms 379μs 619ns;0.000000;inf;0.000000;inf;0;1;Passing;;;0;24231
1f376;16cfb;16b47;0;0;0000000000000080;        59s 898ms 858μs 945ns;225;-1;             14ms  27μs 733ns;0.000000;inf;0.000000;inf;0;1;Passing;;;0;24232
1f373;16cfb;16b47;0;0;0000000000000080;        59s 898ms 804μs 591ns;225;-1;             14ms  19μs 824ns;0.000000;inf;0.000000;inf;0;1;Passing;;;0;24233
1f370;16cfb;16b47;0;0;0000000000000080;        59s 898ms 742μs 329ns;225;-1;             14ms 176μs 394ns;0.000000;inf;0.000000;inf;0;1;Passing;;;0;24236
1f364;16cfb;16b47;0;0;0000000000000080;        59s 898ms 530μs 529ns;225;-1;             14ms 368μs 160ns;0.000000;inf;0.000000;inf;0;1;Passing;;;0;24237
1f367;16cfb;16b47;0;0;0000000000000080;        59s 898ms 524μs 841ns;225;-1;             14ms 876μs 111ns;0.000000;inf;0.000000;inf;0;1;Passing;;;0;24239
1f361;16cfb;16b47;0;0;0000000000000080;        59s 898ms 412μs 642ns;225;-1;             14ms 476μs 831ns;0.000000;inf;0.000000;inf;0;1;Passing;;;0;24240
1f358;16cfb;16b47;0;0;0000000000000080;        59s 898ms 220μs 386ns;225;-1;             14ms 301μs  36ns;0.000000;inf;0.000000;inf;0;1;Passing;;;0;24241
1f352;16cfb;16b47;0;0;0000000000000080;        59s 898ms  99μs 833ns;225;-1;             15ms 467μs 903ns;0.000000;inf;0.000000;inf;0;1;Passing;;;0;24245
1f355;16cfb;16b47;0;0;0000000000000080;        59s 898ms 155μs 557ns;225;-1;             16ms 710μs 936ns;0.000000;inf;0.000000;inf;0;1;Passing;;;0;24246
1f340;16cfb;16b47;0;0;0000000000000080;        59s 897ms 747μs 661ns;225;-1;             14ms 161μs 855ns;0.000000;inf;0.000000;inf;0;1;Passing;;;0;24252
1f339;16cfb;16b47;0;0;0000000000000080;        59s 897ms 608μs 896ns;225;-1;             13ms 890μs 961ns;0.000000;inf;0.000000;inf;0;1;Passing;;;0;24254
1f331;16cfb;16b47;0;0;0000000000000080;        59s 897ms 293μs   3ns;225;-1;             14ms 366μs 555ns;0.000000;inf;0.000000;inf;0;1;Passing;;;0;24255
1f327;16cfb;16b47;0;0;0000000000000080;        59s 897ms 113μs 301ns;225;-1;             14ms 180μs 900ns;0.000000;inf;0.000000;inf;0;1;Passing;;;0;24258
1f32b;16cfb;16b47;0;0;0000000000000080;        59s 897ms 199μs 630ns;225;-1;             15ms 857μs 389ns;0.000000;inf;0.000000;inf;0;1;Passing;;;0;24259
1f321;16cfb;16b47;0;0;0000000000000080;        59s 896ms 968μs 636ns;225;-1;             14ms 377μs 179ns;0.000000;inf;0.000000;inf;0;1;Passing;;;0;24262
1f31c;16cfb;16b47;0;0;0000000000000080;        59s 896ms 873μs 524ns;225;-1;             14ms 190μs  98ns;0.000000;inf;0.000000;inf;0;1;Passing;;;0;24263
1f314;16cfb;16b47;0;0;0000000000000080;        59s 896ms 704μs 456ns;225;-1;             13ms 650μs 246ns;0.000000;inf;0.000000;inf;0;1;Passing;;;0;24264
1f308;16cfb;16b47;0;0;0000000000000080;        59s 896ms 250μs 326ns;225;-1;             14ms 701μs 575ns;0.000000;inf;0.000000;inf;0;1;Passing;;;0;24267
1f309;16cfb;16b47;0;0;0000000000000080;        59s 896ms 243μs 355ns;225;-1;             14ms 800μs 457ns;0.000000;inf;0.000000;inf;0;1;Passing;;;0;24268
1f301;16cfb;16b47;0;0;0000000000000080;        59s 896ms  92μs 858ns;225;-1;             14ms 896μs 365ns;0.000000;inf;0.000000;inf;0;1;Passing;;;0;24269
1f2ff;16cfb;16b47;0;0;0000000000000080;        59s 895ms 992μs 322ns;225;-1;             14ms 529μs 967ns;0.000000;inf;0.000000;inf;0;1;Passing;;;0;24271
1f2e5;16cfb;16b47;0;0;0000000000000080;        59s 895ms 381μs 909ns;225;-1;             12ms 125μs 238ns;0.000000;inf;0.000000;inf;0;1;Passing;;;0;24283
1f2e4;16cfb;16b47;0;0;0000000000000080;        59s 895ms 350μs 658ns;225;-1;             11ms 640μs 431ns;0.000000;inf;0.000000;inf;0;1;Passing;;;0;24284
1f2b9;16cfb;16b47;0;0;4000000000000080;        59s 894ms 491μs 206ns;225;-1;              8ms 349μs 300ns;0.000000;inf;0.000000;inf;0;1;Passing;;;0;24285
1f54c;16cfb;16b47;0;0;0000000000000080;     1m     147ms 546μs 381ns;223;-1;             11ms 233μs 245ns;0.000000;inf;0.000000;inf;0;1;Passing;;;0;24292
1f550;16cfb;16b47;0;0;0000000000000080;     1m     147ms 656μs 903ns;223;-1;             12ms 560μs 159ns;0.000000;inf;0.000000;inf;0;1;Passing;;;0;24293
1f5a2;16cfb;16b47;0;0;0000000000000080;     1m     149ms 474μs 710ns;223;-1;             13ms 247μs 253ns;0.000000;inf;0.000000;inf;0;1;Passing;;;0;24295
1f5a3;16cfb;16b47;0;0;0000000000000080;     1m     149ms 487μs 987ns;223;-1;             13ms 295μs 391ns;0.000000;inf;0.000000;inf;0;1;Passing;;;0;24299
1f5d5;16cfb;16b47;0;0;0000000000000080;     1m     150ms 459μs 500ns;223;-1;             14ms 109μs 570ns;0.000000;inf;0.000000;inf;0;1;Passing;;;0;24304
1f68e;16cfb;16b47;0;0;0000000000000080;     1m     154ms 656μs 272ns;223;-1;             14ms 162μs 222ns;0.000000;inf;0.000000;inf;0;1;Passing;;;0;24307
1f680;16cfb;16b47;0;0;0000000000000080;     1m     154ms 236μs 959ns;223;-1;             14ms  69μs 926ns;0.000000;inf;0.000000;inf;0;1;Passing;;;0;24311
1f663;16cfb;16b47;0;0;0000000000000080;     1m     153ms 401μs 171ns;223;-1;             15ms  15μs 126ns;0.000000;inf;0.000000;inf;0;1;Passing;;;0;24321
1f64c;16cfb;16b47;0;0;0000000000000080;     1m     152ms 793μs 726ns;223;-1;             14ms 732μs  16ns;0.000000;inf;0.000000;inf;0;1;Passing;;;0;24328
1f63d;16cfb;16b47;0;0;0000000000000080;     1m     152ms 477μs 474ns;223;-1;             14ms 642μs 772ns;0.000000;inf;0.000000;inf;0;1;Passing;;;0;24334
1f625;16cfb;16b47;0;0;0000000000000080;     1m     152ms  67μs 746ns;223;-1;             13ms 842μs 504ns;0.000000;inf;0.000000;inf;0;1;Passing;;;0;24342
1f61f;16cfb;16b47;0;0;0000000000000080;     1m     151ms 967μs 509ns;223;-1;             14ms 562μs 360ns;0.000000;inf;0.000000;inf;0;1;Passing;;;0;24343
1f61c;16cfb;16b47;0;0;0000000000000080;     1m     151ms 931μs 185ns;223;-1;             14ms 310μs 989ns;0.000000;inf;0.000000;inf;0;1;Passing;;;0;24344
1f619;16cfb;16b47;0;0;0000000000000080;     1m     151ms 867μs 645ns;223;-1;             14ms 993μs 963ns;0.000000;inf;0.000000;inf;0;1;Passing;;;0;24345
1f616;16cfb;16b47;0;0;0000000000000080;     1m     151ms 833μs 462ns;223;-1;             15ms 230μs 180ns;0.000000;inf;0.000000;inf;0;1;Passing;;;0;24346
1f612;16cfb;16b47;0;0;0000000000000080;     1m     151ms 754μs 688ns;223;-1;             14ms 579μs 486ns;0.000000;inf;0.000000;inf;0;1;Passing;;;0;24347
1f60b;16cfb;16b47;0;0;0000000000000080;     1m     151ms 640μs 235ns;223;-1;             14ms 489μs 781ns;0.000000;inf;0.000000;inf;0;1;Passing;;;0;24350
1f607;16cfb;16b47;0;0;0000000000000080;     1m     151ms 533μs  39ns;223;-1;             14ms 227μs 714ns;0.000000;inf;0.000000;inf;0;1;Passing;;;0;24351
1f604;16cfb;16b47;0;0;0000000000000080;     1m     151ms 510μs 322ns;223;-1;             14ms 372μs 488ns;0.000000;inf;0.000000;inf;0;1;Passing;;;0;24353
1f601;16cfb;16b47;0;0;0000000000000080;     1m     151ms 428μs 465ns;223;-1;             14ms 933μs 778ns;0.000000;inf;0.000000;inf;0;1;Passing;;;0;24354
1f5fb;16cfb;16b47;0;0;0000000000000080;     1m     151ms 274μs 897ns;223;-1;             14ms 241μs 993ns;0.000000;inf;0.000000;inf;0;1;Passing;;;0;24355
1f5f8;16cfb;16b47;0;0;0000000000000080;     1m     151ms 225μs 939ns;223;-1;             14ms  61μs 882ns;0.000000;inf;0.000000;inf;0;1;Passing;;;0;24358
1f5f6;16cfb;16b47;0;0;0000000000000080;     1m     151ms 177μs 314ns;223;-1;             14ms 129μs 102ns;0.000000;inf;0.000000;inf;0;1;Passing;;;0;24359
1f5e3;16cfb;16b47;0;0;0000000000000080;     1m     150ms 825μs 467ns;223;-1;             13ms 622μs 913ns;0.000000;inf;0.000000;inf;0;1;Passing;;;0;24365
1f5dd;16cfb;16b47;0;0;0000000000000080;     1m     150ms 713μs  14ns;223;-1;             13ms 508μs 830ns;0.000000;inf;0.000000;inf;0;1;Passing;;;0;24366
1f5ce;16cfb;16b47;0;0;0000000000000080;     1m     150ms 356μs 128ns;223;-1;             14ms 384μs  39ns;0.000000;inf;0.000000;inf;0;1;Passing;;;0;24369
1f5ca;16cfb;16b47;0;0;0000000000000080;     1m     150ms 248μs 425ns;223;-1;             14ms 936μs 112ns;0.000000;inf;0.000000;inf;0;1;Passing;;;0;24370
1f5c5;16cfb;16b47;0;0;0000000000000080;     1m     150ms 149μs 405ns;223;-1;             14ms 108μs 807ns;0.000000;inf;0.000000;inf;0;1;Passing;;;0;24371
1f5bf;16cfb;16b47;0;0;0000000000000080;     1m     149ms 961μs 381ns;223;-1;             13ms 521μs 298ns;0.000000;inf;0.000000;inf;0;1;Passing;;;0;24375
1f5b6;16cfb;16b47;0;0;0000000000000080;     1m     149ms 841μs 622ns;223;-1;             13ms 885μs 497ns;0.000000;inf;0.000000;inf;0;1;Passing;;;0;24378
1f5ad;16cfb;16b47;0;0;0000000000000080;     1m     149ms 689μs 353ns;223;-1;             14ms  10μs 236ns;0.000000;inf;0.000000;inf;0;1;Passing;;;0;24379
1f5aa;16cfb;16b47;0;0;0000000000000080;     1m     149ms 639μs 390ns;223;-1;             15ms 184μs 698ns;0.000000;inf;0.000000;inf;0;1;Passing;;;0;24381
1f588;16cfb;16b47;0;0;0000000000000080;     1m     148ms 846μs 654ns;223;-1;             14ms 489μs 503ns;0.000000;inf;0.000000;inf;0;1;Passing;;;0;24383
1f586;16cfb;16b47;0;0;0000000000000080;     1m     148ms 816μs 409ns;223;-1;             13ms 894μs 292ns;0.000000;inf;0.000000;inf;0;1;Passing;;;0;24384
1f580;16cfb;16b47;0;0;0000000000000080;     1m     148ms 704μs 948ns;223;-1;             13ms 345μs 599ns;0.000000;inf;0.000000;inf;0;1;Passing;;;0;24388
1f57a;16cfb;16b47;0;0;0000000000000080;     1m     148ms 597μs 158ns;223;-1;             13ms 153μs 712ns;0.000000;inf;0.000000;inf;0;1;Passing;;;0;24392
1f574;16cfb;16b47;0;0;0000000000000080;     1m     148ms 462μs 578ns;223;-1;             12ms 901μs 990ns;0.000000;inf;0.000000;inf;0;1;Passing;;;0;24394
1f55d;16cfb;16b47;0;0;4000000000000080;     1m     147ms 971μs 796ns;223;-1;              7ms 801μs 476ns;0.000000;inf;0.000000;inf;0;1;Passing;;;0;24397
1f7ec;16cfb;16b47;0;0;0000000000000080;     1m     397ms  45μs 903ns;221;-1;             11ms  22μs 137ns;0.000000;inf;0.000000;inf;0;1;Passing;;;0;24408
1f7f9;16cfb;16b47;0;0;0000000000000080;     1m     397ms 373μs 904ns;221;-1;             11ms 291μs 727ns;0.000000;inf;0.000000;inf;0;1;Passing;;;0;24410
1f7eb;16cfb;16b47;0;0;0000000000000080;     1m     397ms  47μs 738ns;221;-1;             13ms 585μs 128ns;0.000000;inf;0.000000;inf;0;1;Passing;;;0;24413
1f877;16cfb;16b47;0;0;0000000000000080;     1m     400ms  99μs 615ns;221;-1;             13ms 710μs 807ns;0.000000;inf;0.000000;inf;0;1;Passing;;;0;24415
1f8d8;16cfb;16b47;0;0;0000000000000080;     1m     402ms 121μs 784ns;221;-1;             14ms 482μs 286ns;0.000000;inf;0.000000;inf;0;1;Passing;;;0;24417
1f928;16cfb;16b47;0;0;0000000000000080;     1m     404ms 644μs 453ns;221;-1;             14ms 578μs 704ns;0.000000;inf;0.000000;inf;0;1;Passing;;;0;24421
1f919;16cfb;16b47;0;0;0000000000000080;     1m     404ms 179μs 840ns;221;-1;             14ms 696μs 553ns;0.000000;inf;0.000000;inf;0;1;Passing;;;0;24425
1f8ff;16cfb;16b47;0;0;0000000000000080;     1m     403ms 241μs 972ns;221;-1;             15ms 598μs 768ns;0.000000;inf;0.000000;inf;0;1;Passing;;;0;24434
1f8e5;16cfb;16b47;0;0;0000000000000080;     1m     402ms 441μs 542ns;221;-1;             14ms 729μs 616ns;0.000000;inf;0.000000;inf;0;1;Passing;;;0;24440
1f8b9;16cfb;16b47;0;0;0000000000000080;     1m     401ms 479μs 889ns;221;-1;             14ms 337μs 284ns;0.000000;inf;0.000000;inf;0;1;Passing;;;0;24453
1f8c0;16cfb;16b47;0;0;0000000000000080;     1m     401ms 603μs 915ns;221;-1;             15ms  58μs 417ns;0.000000;inf;0.000000;inf;0;1;Passing;;;0;24454
1f8b7;16cfb;16b47;0;0;0000000000000080;     1m     401ms 349μs 669ns;221;-1;             14ms 696μs 517ns;0.000000;inf;0.000000;inf;0;1;Passing;;;0;24455
1f8b3;16cfb;16b47;0;0;0000000000000080;     1m     401ms 227μs 341ns;221;-1;             14ms 893μs  19ns;0.000000;inf;0.000000;inf;0;1;Passing;;;0;24456
1f8b0;16cfb;16b47;0;0;0000000000000080;     1m     401ms 173μs 703ns;221;-1;             14ms 258μs 973ns;0.000000;inf;0.000000;inf;0;1;Passing;;;0;24458
1f8ad;16cfb;16b47;0;0;0000000000000080;     1m     401ms 123μs  29ns;221;-1;             14ms 474μs 359ns;0.000000;inf;0.000000;inf;0;1;Passing;;;0;24459
1f8a4;16cfb;16b47;0;0;0000000000000080;     1m     400ms 986μs 264ns;221;-1;             14ms 313μs 504ns;0.000000;inf;0.000000;inf;0;1;Passing;;;0;24461
1f8a1;16cfb;16b47;0;0;0000000000000080;     1m     400ms 918μs 271ns;221;-1;             14ms 410μs 344ns;0.000000;inf;0.000000;inf;0;1;Passing;;;0;24462
1f89e;16cfb;16b47;0;0;0000000000000080;     1m     400ms 885μs 591ns;221;-1;             14ms 881μs 580ns;0.000000;inf;0.000000;inf;0;1;Passing;;;0;24464
1f89a;16cfb;16b47;0;0;0000000000000080;     1m     400ms 815μs 713ns;221;-1;             14ms 398μs  64ns;0.000000;inf;0.000000;inf;0;1;Passing;;;0;24465
1f893;16cfb;16b47;0;0;0000000000000080;     1m     400ms 690μs 738ns;221;-1;             14ms 518μs 743ns;0.000000;inf;0.000000;inf;0;1;Passing;;;0;24466
1f894;16cfb;16b47;0;0;0000000000000080;     1m     400ms 673μs 630ns;221;-1;             13ms 893μs 448ns;0.000000;inf;0.000000;inf;0;1;Passing;;;0;24469
1f88e;16cfb;16b47;0;0;0000000000000080;     1m     400ms 520μs 771ns;221;-1;             14ms 328μs 612ns;0.000000;inf;0.000000;inf;0;1;Passing;;;0;24470
1f87d;16cfb;16b47;0;0;0000000000000080;     1m     400ms 194μs 369ns;221;-1;             14ms  18μs 826ns;0.000000;inf;0.000000;inf;0;1;Passing;;;0;24475
1f86e;16cfb;16b47;0;0;0000000000000080;     1m     399ms 889μs 237ns;221;-1;             14ms 261μs  51ns;0.000000;inf;0.000000;inf;0;1;Passing;;;0;24477
1f868;16cfb;16b47;0;0;0000000000000080;     1m     399ms 794μs 386ns;221;-1;             14ms   2μs 319ns;0.000000;inf;0.000000;inf;0;1;Passing;;;0;24478
1f864;16cfb;16b47;0;0;0000000000000080;     1m     399ms 692μs 894ns;221;-1;             14ms  47μs 247ns;0.000000;inf;0.000000;inf;0;1;Passing;;;0;24480
1f85e;16cfb;16b47;0;0;0000000000000080;     1m     399ms 582μs  27ns;221;-1;             13ms 506μs 788ns;0.000000;inf;0.000000;inf;0;1;Passing;;;0;24483
1f859;16cfb;16b47;0;0;0000000000000080;     1m     399ms 489μs 656ns;221;-1;             13ms 599μs 197ns;0.000000;inf;0.000000;inf;0;1;Passing;;;0;24484
1f850;16cfb;16b47;0;0;0000000000000080;     1m     399ms 134μs 642ns;221;-1;             13ms 649μs 961ns;0.000000;inf;0.000000;inf;0;1;Passing;;;0;24489
1f847;16cfb;16b47;0;0;0000000000000080;     1m     398ms 989μs 220ns;221;-1;             13ms 851μs 371ns;0.000000;inf;0.000000;inf;0;1;Passing;;;0;24490
1f841;16cfb;16b47;0;0;0000000000000080;     1m     398ms 900μs 781ns;221;-1;             13ms 309μs 738ns;0.000000;inf;0.000000;inf;0;1;Passing;;;0;24493
1f83d;16cfb;16b47;0;0;0000000000000080;     1m     398ms 790μs 852ns;221;-1;             13ms 286μs 900ns;0.000000;inf;0.000000;inf;0;1;Passing;;;0;24495
1f826;16cfb;16b47;0;0;0000000000000080;     1m     398ms 330μs 749ns;221;-1;             13ms 491μs 351ns;0.000000;inf;0.000000;inf;0;1;Passing;;;0;24502
1f823;16cfb;16b47;0;0;0000000000000080;     1m     398ms 242μs 445ns;221;-1;             14ms 444μs 773ns;0.000000;inf;0.000000;inf;0;1;Passing;;;0;24503
1f81d;16cfb;16b47;0;0;0000000000000080;     1m     398ms 141μs 186ns;221;-1;             14ms 295μs 167ns;0.000000;inf;0.000000;inf;0;1;Passing;;;0;24504
1f817;16cfb;16b47;0;0;0000000000000080;     1m     398ms  43μs 373ns;221;-1;             12ms 963μs 216ns;0.000000;inf;0.000000;inf;0;1;Passing;;;0;24507
1f811;16cfb;16b47;0;0;4000000000000080;     1m     397ms 931μs 105ns;221;-1;              9ms 751μs 588ns;0.000000;inf;0.000000;inf;0;1;Passing;;;0;24508
1fa81;16cfb;16b47;0;0;0000000000000080;     1m     643ms 534μs 107ns;219;-1;             11ms 791μs 811ns;0.000000;inf;0.000000;inf;0;1;Passing;;;0;24516
1fa84;16cfb;16b47;0;0;0000000000000080;     1m     643ms 648μs 182ns;219;-1;             12ms 770μs 886ns;0.000000;inf;0.000000;inf;0;1;Passing;;;0;24517
1fa90;16cfb;16b47;0;0;0000000000000080;     1m     643ms 920μs 120ns;219;-1;             13ms 969μs 848ns;0.000000;inf;0.000000;inf;0;1;Passing;;;0;24518
1fadf;16cfb;16b47;0;0;0000000000000080;     1m     645ms 849μs 915ns;219;-1;             13ms 976μs 969ns;0.000000;inf;0.000000;inf;0;1;Passing;;;0;24519
1fad8;16cfb;16b47;0;0;0000000000000080;     1m     645ms 558μs 611ns;219;-1;             13ms 740μs 590ns;0.000000;inf;0.000000;inf;0;1;Passing;;;0;24523
1fad4;16cfb;16b47;0;0;0000000000000080;     1m     645ms 460μs 429ns;219;-1;             13ms 740μs   5ns;0.000000;inf;0.000000;inf;0;1;Passing;;;0;24525
1fb27;16cfb;16b47;0;0;0000000000000080;     1m     647ms 937μs 507ns;219;-1;             14ms 224μs 930ns;0.000000;inf;0.000000;inf;0;1;Passing;;;0;24528
1fb2d;16cfb;16b47;0;0;0000000000000080;     1m     648ms  88μs 981ns;219;-1;             14ms 280μs 679ns;0.000000;inf;0.000000;inf;0;1;Passing;;;0;24529
1fbbd;16cfb;16b47;0;0;0000000000000080;     1m     651ms 632μs 681ns;219;-1;             14ms 345μs 105ns;0.000000;inf;0.000000;inf;0;1;Passing;;;0;24531
1fbad;16cfb;16b47;0;0;0000000000000080;     1m     651ms 148μs 224ns;219;-1;             15ms 413μs 383ns;0.000000;inf;0.000000;inf;0;1;Passing;;;0;24536
1fb92;16cfb;16b47;0;0;0000000000000080;     1m     650ms 446μs 169ns;219;-1;             14ms 140μs 583ns;0.000000;inf;0.000000;inf;0;1;Passing;;;0;24545
1fb6e;16cfb;16b47;0;0;0000000000000080;     1m     649ms 478μs 775ns;219;-1;             14ms  77μs 192ns;0.000000;inf;0.000000;inf;0;1;Passing;;;0;24559
1fb57;16cfb;16b47;0;0;0000000000000080;     1m     649ms  14μs 900ns;219;-1;             13ms 209μs 939ns;0.000000;inf;0.000000;inf;0;1;Passing;;;0;24565
1fb50;16cfb;16b47;0;0;0000000000000080;     1m     648ms 897μs  40ns;219;-1;             13ms 763μs 736ns;0.000000;inf;0.000000;inf;0;1;Passing;;;0;24566
1fb4d;16cfb;16b47;0;0;0000000000000080;     1m     648ms 807μs 309ns;219;-1;             14ms 684μs 791ns;0.000000;inf;0.000000;inf;0;1;Passing;;;0;24567
1fb47;16cfb;16b47;0;0;0000000000000080;     1m     648ms 692μs 388ns;219;-1;             14ms 452μs 119ns;0.000000;inf;0.000000;inf;0;1;Passing;;;0;24568
1fb4a;16cfb;16b47;0;0;0000000000000080;     1m     648ms 765μs 277ns;219;-1;             14ms 989μs  66ns;0.000000;inf;0.000000;inf;0;1;Passing;;;0;24570
1fb43;16cfb;16b47;0;0;0000000000000080;     1m     648ms 626μs 620ns;219;-1;             14ms 432μs 254ns;0.000000;inf;0.000000;inf;0;1;Passing;;;0;24571
1fb3c;16cfb;16b47;0;0;0000000000000080;     1m     648ms 478μs 988ns;219;-1;             14ms 990μs 444ns;0.000000;inf;0.000000;inf;0;1;Passing;;;0;24573
1fb35;16cfb;16b47;0;0;0000000000000080;     1m     648ms 350μs 326ns;219;-1;             14ms 782μs 974ns;0.000000;inf;0.000000;inf;0;1;Passing;;;0;24574
1fb37;16cfb;16b47;0;0;0000000000000080;     1m     648ms 369μs 904ns;219;-1;             15ms 788μs 552ns;0.000000;inf;0.000000;inf;0;1;Passing;;;0;24576
1fb33;16cfb;16b47;0;0;0000000000000080;     1m     648ms 229μs 913ns;219;-1;             14ms 755μs 437ns;0.000000;inf;0.000000;inf;0;1;Passing;;;0;24577
1fb28;16cfb;16b47;0;0;0000000000000080;     1m     647ms 947μs  59ns;219;-1;             12ms 677μs 811ns;0.000000;inf;0.000000;inf;0;1;Passing;;;0;24582
1fb14;16cfb;16b47;0;0;0000000000000080;     1m     647ms 536μs 470ns;219;-1;             14ms 168μs 154ns;0.000000;inf;0.000000;inf;0;1;Passing;;;0;24586
1fb0e;16cfb;16b47;0;0;0000000000000080;     1m     647ms 396μs 859ns;219;-1;             14ms 506μs 208ns;0.000000;inf;0.000000;inf;0;1;Passing;;;0;24587
1fb06;16cfb;16b47;0;0;0000000000000080;     1m     647ms 243μs 789ns;219;-1;             13ms 893μs 291ns;0.000000;inf;0.000000;inf;0;1;Passing;;;0;24590
1fb00;16cfb;16b47;0;0;0000000000000080;     1m     647ms  62μs 881ns;219;-1;             13ms 565μs 555ns;0.000000;inf;0.000000;inf;0;1;Passing;;;0;24593
1fafb;16cfb;16b47;0;0;0000000000000080;     1m     646ms 939μs 332ns;219;-1;             13ms 943μs 890ns;0.000000;inf;0.000000;inf;0;1;Passing;;;0;24594
1faf7;16cfb;16b47;0;0;0000000000000080;     1m     646ms 781μs 631ns;219;-1;             13ms 954μs 561ns;0.000000;inf;0.000000;inf;0;1;Passing;;;0;24595
1faf0;16cfb;16b47;0;0;0000000000000080;     1m     646ms 516μs 673ns;219;-1;             13ms 536μs 195ns;0.000000;inf;0.000000;inf;0;1;Passing;;;0;24599
1fae7;16cfb;16b47;0;0;0000000000000080;     1m     646ms 289μs 611ns;219;-1;             12ms 288μs 339ns;0.000000;inf;0.000000;inf;0;1;Passing;;;0;24602
1fabc;16cfb;16b47;0;0;0000000000000080;     1m     644ms 945μs 728ns;219;-1;             13ms 631μs 313ns;0.000000;inf;0.000000;inf;0;1;Passing;;;0;24606
1fabb;16cfb;16b47;0;0;0000000000000080;     1m     644ms 934μs 793ns;219;-1;             13ms 910μs 302ns;0.000000;inf;0.000000;inf;0;1;Passing;;;0;24607
1fab4;16cfb;16b47;0;0;0000000000000080;     1m     644ms 794μs   7ns;219;-1;             13ms 773μs 366ns;0.000000;inf;0.000000;inf;0;1;Passing;;;0;24608
1faae;16cfb;16b47;0;0;0000000000000080;     1m     644ms 640μs 360ns;219;-1;             13ms 398μs 406ns;0.000000;inf;0.000000;inf;0;1;Passing;;;0;24612
1faa8;16cfb;16b47;0;0;0000000000000080;     1m     644ms 521μs 126ns;219;-1;             13ms 227μs 174ns;0.000000;inf;0.000000;inf;0;1;Passing;;;0;24613
1fd12;16cfb;16b47;0;0;0000000000000080;     1m     887ms 249μs 123ns;217;-1;             10ms 795μs 815ns;0.000000;inf;0.000000;inf;0;1;Passing;;;0;24628
1fd21;16cfb;16b47;0;0;0000000000000080;     1m     887ms 597μs 629ns;217;-1;             12ms 793μs 237ns;0.000000;inf;0.000000;inf;0;1;Passing;;;0;24633
1fd15;16cfb;16b47;0;0;0000000000000080;     1m     887ms 426μs 628ns;217;-1;             11ms 632μs 457ns;0.000000;inf;0.000000;inf;0;1;Passing;;;0;24635
1fd6f;16cfb;16b47;0;0;0000000000000080;     1m     889ms 838μs 189ns;217;-1;             13ms 669μs 266ns;0.000000;inf;0.000000;inf;0;1;Passing;;;0;24638
1fdd2;16cfb;16b47;0;0;0000000000000080;     1m     892ms 206μs 404ns;217;-1;             14ms 119μs  35ns;0.000000;inf;0.000000;inf;0;1;Passing;;;0;24640
1fe4a;16cfb;16b47;0;0;0000000000000080;     1m     895ms 724μs 432ns;217;-1;             13ms 982μs 941ns;0.000000;inf;0.000000;inf;0;1;Passing;;;0;24642
1fe3c;16cfb;16b47;0;0;0000000000000080;     1m     895ms 221μs 963ns;217;-1;             14ms 422μs 498ns;0.000000;inf;0.000000;inf;0;1;Passing;;;0;24649
1fe1f;16cfb;16b47;0;0;0000000000000080;     1m     894ms 170μs 151ns;217;-1;             13ms 766μs 545ns;0.000000;inf;0.000000;inf;0;1;Passing;;;0;24657
1fdfc;16cfb;16b47;0;0;0000000000000080;     1m     893ms 357μs 855ns;217;-1;             13ms 641μs 630ns;0.000000;inf;0.000000;inf;0;1;Passing;;;0;24670
1fde4;16cfb;16b47;0;0;0000000000000080;     1m     892ms 604μs 666ns;217;-1;             14ms  31μs 575ns;0.000000;inf;0.000000;inf;0;1;Passing;;;0;24675
1fdde;16cfb;16b47;0;0;0000000000000080;     1m     892ms 482μs 859ns;217;-1;             14ms 816μs 906ns;0.000000;inf;0.000000;inf;0;1;Passing;;;0;24675
1fddb;16cfb;16b47;0;0;0000000000000080;     1m     892ms 448μs  84ns;217;-1;             14ms 125μs 631ns;0.000000;inf;0.000000;inf;0;1;Passing;;;0;24676
1fdd7;16cfb;16b47;0;0;0000000000000080;     1m     892ms 370μs 121ns;217;-1;             13ms 962μs 565ns;0.000000;inf;0.000000;inf;0;1;Passing;;;0;24677
1fdd6;16cfb;16b47;0;0;0000000000000080;     1m     892ms 342μs 622ns;217;-1;             13ms 112μs 166ns;0.000000;inf;0.000000;inf;0;1;Passing;;;0;24679
1fdc9;16cfb;16b47;0;0;0000000000000080;     1m     891ms 859μs 146ns;217;-1;             14ms 276μs 378ns;0.000000;inf;0.000000;inf;0;1;Passing;;;0;24682
1fdc6;16cfb;16b47;0;0;0000000000000080;     1m     891ms 805μs 991ns;217;-1;             13ms 969μs 561ns;0.000000;inf;0.000000;inf;0;1;Passing;;;0;24683
1fdc3;16cfb;16b47;0;0;0000000000000080;     1m     891ms 749μs 596ns;217;-1;             14ms  40μs 561ns;0.000000;inf;0.000000;inf;0;1;Passing;;;0;24684
1fdc0;16cfb;16b47;0;0;0000000000000080;     1m     891ms 701μs 758ns;217;-1;             14ms  37μs 263ns;0.000000;inf;0.000000;inf;0;1;Passing;;;0;24685
1fdba;16cfb;16b47;0;0;0000000000000080;     1m     891ms 597μs 970ns;217;-1;             13ms 877μs 960ns;0.000000;inf;0.000000;inf;0;1;Passing;;;0;24688
1fdb7;16cfb;16b47;0;0;0000000000000080;     1m     891ms 532μs 144ns;217;-1;             13ms 822μs 663ns;0.000000;inf;0.000000;inf;0;1;Passing;;;0;24689
1fdb4;16cfb;16b47;0;0;0000000000000080;     1m     891ms 499μs 587ns;217;-1;             13ms 989μs 532ns;0.000000;inf;0.000000;inf;0;1;Passing;;;0;24690
1fd9f;16cfb;16b47;0;0;0000000000000080;     1m     891ms  76μs 152ns;217;-1;             13ms 282μs 400ns;0.000000;inf;0.000000;inf;0;1;Passing;;;0;24697
1fd95;16cfb;16b47;0;0;0000000000000080;     1m     890ms 849μs 265ns;217;-1;             14ms  32μs 323ns;0.000000;inf;0.000000;inf;0;1;Passing;;;0;24699
1fd90;16cfb;16b47;0;0;0000000000000080;     1m     890ms 723μs 640ns;217;-1;             14ms   9μs 645ns;0.000000;inf;0.000000;inf;0;1;Passing;;;0;24700
1fd8c;16cfb;16b47;0;0;0000000000000080;     1m     890ms 622μs 603ns;217;-1;             14ms 182μs 456ns;0.000000;inf;0.000000;inf;0;1;Passing;;;0;24701
1fd87;16cfb;16b47;0;0;0000000000000080;     1m     890ms 520μs  63ns;217;-1;             14ms 387μs 630ns;0.000000;inf;0.000000;inf;0;1;Passing;;;0;24703
1fd82;16cfb;16b47;0;0;0000000000000080;     1m     890ms 487μs 462ns;217;-1;             13ms 226μs 171ns;0.000000;inf;0.000000;inf;0;1;Passing;;;0;24705
1fd78;16cfb;16b47;0;0;0000000000000080;     1m     890ms 145μs 655ns;217;-1;             14ms 183μs 219ns;0.000000;inf;0.000000;inf;0;1;Passing;;;0;24711
1fd6b;16cfb;16b47;0;0;0000000000000080;     1m     889ms 854μs 922ns;217;-1;             13ms 833μs 721ns;0.000000;inf;0.000000;inf;0;1;Passing;;;0;24713
1fd67;16cfb;16b47;0;0;0000000000000080;     1m     889ms 624μs 318ns;217;-1;             13ms 855μs 712ns;0.000000;inf;0.000000;inf;0;1;Passing;;;0;24715
1fd4e;16cfb;16b47;0;0;0000000000000080;     1m     888ms 880μs 853ns;217;-1;             13ms 495μs  92ns;0.000000;inf;0.000000;inf;0;1;Passing;;;0;24717
1fd4a;16cfb;16b47;0;0;0000000000000080;     1m     888ms 682μs 923ns;217;-1;             14ms  42μs 495ns;0.000000;inf;0.000000;inf;0;1;Passing;;;0;24719
1fd45;16cfb;16b47;0;0;0000000000000080;     1m     888ms 494μs 894ns;217;-1;             13ms 813μs 975ns;0.000000;inf;0.000000;inf;0;1;Passing;;;0;24722
1fd3f;16cfb;16b47;0;0;0000000000000080;     1m     888ms 373μs  90ns;217;-1;             12ms 837μs 548ns;0.000000;inf;0.000000;inf;0;1;Passing;;;0;24724
1fd39;16cfb;16b47;0;0;4000000000000080;     1m     888ms 242μs 847ns;217;-1;              9ms 482μs 377ns;0.000000;inf;0.000000;inf;0;1;Passing;;;0;24726
1ff9c;16cfb;16b47;0;0;0000000000000080;     1m  1s 119ms 267μs 414ns;215;-1;              9ms 648μs 193ns;0.000000;inf;0.000000;inf;0;1;Passing;;;0;24733
1ffa0;16cfb;16b47;0;0;0000000000000080;     1m  1s 119ms 368μs 106ns;215;-1;             13ms  36μs 276ns;0.000000;inf;0.000000;inf;0;1;Passing;;;0;24739
1ffc3;16cfb;16b47;0;0;0000000000000080;     1m  1s 120ms  97μs 672ns;215;-1;             11ms 689μs 857ns;0.000000;inf;0.000000;inf;0;1;Passing;;;0;24740
1ffac;16cfb;16b47;0;0;0000000000000080;     1m  1s 119ms 662μs 738ns;215;-1;             13ms 154μs  38ns;0.000000;inf;0.000000;inf;0;1;Passing;;;0;24743
20020;16cfb;16b47;0;0;0000000000000080;     1m  1s 122ms 559μs 459ns;215;-1;             13ms 276μs 366ns;0.000000;inf;0.000000;inf;0;1;Passing;;;0;24745
200c6;16cfb;16b47;0;0;0000000000000080;     1m  1s 126ms 855μs 590ns;215;-1;             15ms   4μs 566ns;0.000000;inf;0.000000;inf;0;1;Passing;;;0;24752
200ab;16cfb;16b47;0;0;0000000000000080;     1m  1s 125ms 894μs 298ns;215;-1;             13ms 380μs 989ns;0.000000;inf;0.000000;inf;0;1;Passing;;;0;24760
20088;16cfb;16b47;0;0;0000000000000080;     1m  1s 124ms 926μs 913ns;215;-1;             14ms  29μs 784ns;0.000000;inf;0.000000;inf;0;1;Passing;;;0;24775
2006f;16cfb;16b47;0;0;0000000000000080;     1m  1s 124ms 271μs 737ns;215;-1;             13ms 786μs 221ns;0.000000;inf;0.000000;inf;0;1;Passing;;;0;24780
20068;16cfb;16b47;0;0;0000000000000080;     1m  1s 124ms 113μs 991ns;215;-1;             14ms  89μs 503ns;0.000000;inf;0.000000;inf;0;1;Passing;;;0;24781
20067;16cfb;16b47;0;0;0000000000000080;     1m  1s 124ms  62μs 278ns;215;-1;             14ms  76μs  76ns;0.000000;inf;0.000000;inf;0;1;Passing;;;0;24782
20060;16cfb;16b47;0;0;0000000000000080;     1m  1s 123ms 948μs 708ns;215;-1;             14ms 179μs 920ns;0.000000;inf;0.000000;inf;0;1;Passing;;;0;24783
20063;16cfb;16b47;0;0;0000000000000080;     1m  1s 123ms 946μs 509ns;215;-1;             14ms 840μs  73ns;0.000000;inf;0.000000;inf;0;1;Passing;;;0;24784
2005d;16cfb;16b47;0;0;0000000000000080;     1m  1s 123ms 849μs 214ns;215;-1;             14ms 127μs  92ns;0.000000;inf;0.000000;inf;0;1;Passing;;;0;24785
20054;16cfb;16b47;0;0;0000000000000080;     1m  1s 123ms 652μs 163ns;215;-1;             14ms 162μs 458ns;0.000000;inf;0.000000;inf;0;1;Passing;;;0;24788
20050;16cfb;16b47;0;0;0000000000000080;     1m  1s 123ms 622μs 270ns;215;-1;             14ms 156μs 520ns;0.000000;inf;0.000000;inf;0;1;Passing;;;0;24790
2004f;16cfb;16b47;0;0;0000000000000080;     1m  1s 123ms 560μs 410ns;215;-1;             13ms 882μs  42ns;0.000000;inf;0.000000;inf;0;1;Passing;;;0;24791
2004b;16cfb;16b47;0;0;0000000000000080;     1m  1s 123ms 469μs 111ns;215;-1;             13ms 241μs 153ns;0.000000;inf;0.000000;inf;0;1;Passing;;;0;24792
20045;16cfb;16b47;0;0;0000000000000080;     1m  1s 123ms 371μs 557ns;215;-1;             14ms  55μs 932ns;0.000000;inf;0.000000;inf;0;1;Passing;;;0;24795
20042;16cfb;16b47;0;0;0000000000000080;     1m  1s 123ms 329μs 762ns;215;-1;             14ms 376μs 310ns;0.000000;inf;0.000000;inf;0;1;Passing;;;0;24796
2003f;16cfb;16b47;0;0;0000000000000080;     1m  1s 123ms 155μs 488ns;215;-1;             14ms 316μs 387ns;0.000000;inf;0.000000;inf;0;1;Passing;;;0;24797
2002a;16cfb;16b47;0;0;0000000000000080;     1m  1s 122ms 765μs 808ns;215;-1;             14ms  89μs 924ns;0.000000;inf;0.000000;inf;0;1;Passing;;;0;24803
20018;16cfb;16b47;0;0;0000000000000080;     1m  1s 122ms 375μs 766ns;215;-1;             14ms 414μs  30ns;0.000000;inf;0.000000;inf;0;1;Passing;;;0;24805
2001b;16cfb;16b47;0;0;0000000000000080;     1m  1s 122ms 375μs 625ns;215;-1;             14ms 293μs 795ns;0.000000;inf;0.000000;inf;0;1;Passing;;;0;24807
20012;16cfb;16b47;0;0;0000000000000080;     1m  1s 122ms 159μs 599ns;215;-1;             13ms 299μs 108ns;0.000000;inf;0.000000;inf;0;1;Passing;;;0;24808
2000d;16cfb;16b47;0;0;0000000000000080;     1m  1s 121ms 978μs 363ns;215;-1;             13ms  46μs 371ns;0.000000;inf;0.000000;inf;0;1;Passing;;;0;24811
20004;16cfb;16b47;0;0;0000000000000080;     1m  1s 121ms 887μs 664ns;215;-1;             14ms 134μs 649ns;0.000000;inf;0.000000;inf;0;1;Passing;;;0;24815
1fffb;16cfb;16b47;0;0;0000000000000080;     1m  1s 121ms 591μs 804ns;215;-1;             13ms 951μs 221ns;0.000000;inf;0.000000;inf;0;1;Passing;;;0;24818
1fff4;16cfb;16b47;0;0;0000000000000080;     1m  1s 121ms 461μs 425ns;215;-1;             13ms 814μs 184ns;0.000000;inf;0.000000;inf;0;1;Passing;;;0;24818
1fff1;16cfb;16b47;0;0;0000000000000080;     1m  1s 121ms 278μs 105ns;215;-1;             13ms 477μs 939ns;0.000000;inf;0.000000;inf;0;1;Passing;;;0;24823
1ffd8;16cfb;16b47;0;0;0000000000000080;     1m  1s 120ms 610μs 781ns;215;-1;             13ms 550μs 639ns;0.000000;inf;0.000000;inf;0;1;Passing;;;0;24831
1ffd6;16cfb;16b47;0;0;0000000000000080;     1m  1s 120ms 654μs 963ns;215;-1;             14ms 647μs 354ns;0.000000;inf;0.000000;inf;0;1;Passing;;;0;24832
1ffcf;16cfb;16b47;0;0;0000000000000080;     1m  1s 120ms 411μs 285ns;215;-1;             12ms 987μs 259ns;0.000000;inf;0.000000;inf;0;1;Passing;;;0;24833
1ffca;16cfb;16b47;0;0;4000000000000080;     1m  1s 120ms 272μs  84ns;215;-1;             11ms 810μs 264ns;0.000000;inf;0.000000;inf;0;1;Passing;;;0;24834
20231;16cfb;16b47;0;0;0000000000000080;     1m  1s 350ms 970μs 888ns;213;-1;             11ms 151μs 598ns;0.000000;inf;0.000000;inf;0;1;Passing;;;0;24844
20222;16cfb;16b47;0;0;0000000000000080;     1m  1s 350ms 671μs 989ns;213;-1;             13ms  95μs  97ns;0.000000;inf;0.000000;inf;0;1;Passing;;;0;24845
20225;16cfb;16b47;0;0;0000000000000080;     1m  1s 350ms 732μs 903ns;213;-1;             14ms 150μs 763ns;0.000000;inf;0.000000;inf;0;1;Passing;;;0;24847
202d9;16cfb;16b47;0;0;0000000000000080;     1m  1s 354ms  26μs 914ns;213;-1;             13ms 257μs 294ns;0.000000;inf;0.000000;inf;0;1;Passing;;;0;24848
202d6;16cfb;16b47;0;0;0000000000000080;     1m  1s 354ms   6μs 103ns;213;-1;             13ms 664μs  58ns;0.000000;inf;0.000000;inf;0;1;Passing;;;0;24849
202d2;16cfb;16b47;0;0;0000000000000080;     1m  1s 353ms 933μs 114ns;213;-1;             13ms 710μs 102ns;0.000000;inf;0.000000;inf;0;1;Passing;;;0;24851
202d0;16cfb;16b47;0;0;0000000000000080;     1m  1s 353ms 910μs 675ns;213;-1;             13ms 947μs 275ns;0.000000;inf;0.000000;inf;0;1;Passing;;;0;24852
20347;16cfb;16b47;0;0;0000000000000080;     1m  1s 356ms 376μs 700ns;213;-1;             14ms   7μs 732ns;0.000000;inf;0.000000;inf;0;1;Passing;;;0;24860
2032d;16cfb;16b47;0;0;0000000000000080;     1m  1s 355ms 787μs 272ns;213;-1;             13ms 443μs 901ns;0.000000;inf;0.000000;inf;0;1;Passing;;;0;24868
20308;16cfb;16b47;0;0;0000000000000080;     1m  1s 355ms  39μs  36ns;213;-1;             13ms 230μs 958ns;0.000000;inf;0.000000;inf;0;1;Passing;;;0;24880
202f0;16cfb;16b47;0;0;0000000000000080;     1m  1s 354ms 479μs 558ns;213;-1;             13ms 694μs 414ns;0.000000;inf;0.000000;inf;0;1;Passing;;;0;24888
202e9;16cfb;16b47;0;0;0000000000000080;     1m  1s 354ms 369μs  13ns;213;-1;             13ms 565μs 355ns;0.000000;inf;0.000000;inf;0;1;Passing;;;0;24889
202ea;16cfb;16b47;0;0;0000000000000080;     1m  1s 354ms 367μs 676ns;213;-1;             13ms 858μs 722ns;0.000000;inf;0.000000;inf;0;1;Passing;;;0;24890
202e4;16cfb;16b47;0;0;0000000000000080;     1m  1s 354ms 241μs 302ns;213;-1;             13ms 983μs 761ns;0.000000;inf;0.000000;inf;0;1;Passing;;;0;24892
202e3;16cfb;16b47;0;0;0000000000000080;     1m  1s 354ms 237μs 707ns;213;-1;             13ms 406μs 512ns;0.000000;inf;0.000000;inf;0;1;Passing;;;0;24893
202ca;16cfb;16b47;0;0;0000000000000080;     1m  1s 353ms 817μs 172ns;213;-1;             13ms 239μs 707ns;0.000000;inf;0.000000;inf;0;1;Passing;;;0;24896
202c3;16cfb;16b47;0;0;0000000000000080;     1m  1s 353ms 648μs 658ns;213;-1;             13ms  12μs 181ns;0.000000;inf;0.000000;inf;0;1;Passing;;;0;24897
202c8;16cfb;16b47;0;0;0000000000000080;     1m  1s 353ms 741μs 565ns;213;-1;             14ms 788μs 603ns;0.000000;inf;0.000000;inf;0;1;Passing;;;0;24898
202af;16cfb;16b47;0;0;0000000000000080;     1m  1s 353ms 304μs 371ns;213;-1;             12ms 931μs 921ns;0.000000;inf;0.000000;inf;0;1;Passing;;;0;24906
202a5;16cfb;16b47;0;0;0000000000000080;     1m  1s 353ms 142μs 554ns;213;-1;             13ms 251μs 823ns;0.000000;inf;0.000000;inf;0;1;Passing;;;0;24907
2029f;16cfb;16b47;0;0;0000000000000080;     1m  1s 353ms  35μs 926ns;213;-1;             12ms 943μs 556ns;0.000000;inf;0.000000;inf;0;1;Passing;;;0;24910
2029d;16cfb;16b47;0;0;0000000000000080;     1m  1s 353ms  25μs 803ns;213;-1;             12ms 927μs 369ns;0.000000;inf;0.000000;inf;0;1;Passing;;;0;24911
20296;16cfb;16b47;0;0;0000000000000080;     1m  1s 352ms 839μs 641ns;213;-1;             13ms 450μs 808ns;0.000000;inf;0.000000;inf;0;1;Passing;;;0;24914
20292;16cfb;16b47;0;0;0000000000000080;     1m  1s 352ms 742μs 502ns;213;-1;             13ms 489μs 731ns;0.000000;inf;0.000000;inf;0;1;Passing;;;0;24916
20287;16cfb;16b47;0;0;0000000000000080;     1m  1s 352ms 552μs 189ns;213;-1;             13ms 371μs 215ns;0.000000;inf;0.000000;inf;0;1;Passing;;;0;24918
20280;16cfb;16b47;0;0;0000000000000080;     1m  1s 352ms 442μs 307ns;213;-1;             13ms 109μs 819ns;0.000000;inf;0.000000;inf;0;1;Passing;;;0;24921
2027a;16cfb;16b47;0;0;0000000000000080;     1m  1s 352ms 334μs 751ns;213;-1;             12ms 901μs 846ns;0.000000;inf;0.000000;inf;0;1;Passing;;;0;24923
20275;16cfb;16b47;0;0;0000000000000080;     1m  1s 352ms 201μs 718ns;213;-1;             12ms 963μs 292ns;0.000000;inf;0.000000;inf;0;1;Passing;;;0;24928
2025d;16cfb;16b47;0;0;0000000000000080;     1m  1s 351ms 818μs 581ns;213;-1;             13ms 273μs 635ns;0.000000;inf;0.000000;inf;0;1;Passing;;;0;24933
2025b;16cfb;16b47;0;0;0000000000000080;     1m  1s 351ms 801μs 207ns;213;-1;             13ms 334μs 195ns;0.000000;inf;0.000000;inf;0;1;Passing;;;0;24934
20255;16cfb;16b47;0;0;0000000000000080;     1m  1s 351ms 693μs 916ns;213;-1;             13ms 400μs 584ns;0.000000;inf;0.000000;inf;0;1;Passing;;;0;24935
2024f;16cfb;16b47;0;0;0000000000000080;     1m  1s 351ms 586μs 215ns;213;-1;             12ms 828μs 774ns;0.000000;inf;0.000000;inf;0;1;Passing;;;0;24938
20249;16cfb;16b47;0;0;4000000000000080;     1m  1s 351ms 489μs 688ns;213;-1;             10ms  99μs  63ns;0.000000;inf;0.000000;inf;0;1;Passing;;;0;24941
204a1;16cfb;16b47;0;0;0000000000000080;     1m  1s 573ms 825μs 461ns;211;-1;             10ms 232μs  84ns;0.000000;inf;0.000000;inf;0;1;Passing;;;0;24949
204a3;16cfb;16b47;0;0;0000000000000080;     1m  1s 573ms 828μs 999ns;211;-1;             12ms 537μs 980ns;0.000000;inf;0.000000;inf;0;1;Passing;;;0;24950
204b0;16cfb;16b47;0;0;0000000000000080;     1m  1s 574ms 133μs 755ns;211;-1;             13ms 558μs  35ns;0.000000;inf;0.000000;inf;0;1;Passing;;;0;24952
20510;16cfb;16b47;0;0;0000000000000080;     1m  1s 576ms 181μs 371ns;211;-1;             12ms 777μs 719ns;0.000000;inf;0.000000;inf;0;1;Passing;;;0;24954
20507;16cfb;16b47;0;0;0000000000000080;     1m  1s 576ms  22μs 543ns;211;-1;             13ms 261μs 964ns;0.000000;inf;0.000000;inf;0;1;Passing;;;0;24957
204fe;16cfb;16b47;0;0;0000000000000080;     1m  1s 575ms 747μs 762ns;211;-1;             13ms 774μs 814ns;0.000000;inf;0.000000;inf;0;1;Passing;;;0;24958
2052a;16cfb;16b47;0;0;0000000000000080;     1m  1s 576ms 846μs 332ns;211;-1;             14ms 432μs 947ns;0.000000;inf;0.000000;inf;0;1;Passing;;;0;24960
205c6;16cfb;16b47;0;0;0000000000000080;     1m  1s 580ms 595μs 773ns;211;-1;             13ms 633μs 481ns;0.000000;inf;0.000000;inf;0;1;Passing;;;0;24966
205aa;16cfb;16b47;0;0;0000000000000080;     1m  1s 579ms 335μs 882ns;211;-1;             13ms 631μs 986ns;0.000000;inf;0.000000;inf;0;1;Passing;;;0;24975
20585;16cfb;16b47;0;0;0000000000000080;     1m  1s 578ms 427μs 940ns;211;-1;             13ms 559μs 514ns;0.000000;inf;0.000000;inf;0;1;Passing;;;0;24987
2056d;16cfb;16b47;0;0;0000000000000080;     1m  1s 578ms  19μs 784ns;211;-1;             13ms 510μs 612ns;0.000000;inf;0.000000;inf;0;1;Passing;;;0;24995
20567;16cfb;16b47;0;0;0000000000000080;     1m  1s 577ms 928μs  56ns;211;-1;             13ms 707μs 461ns;0.000000;inf;0.000000;inf;0;1;Passing;;;0;24996
20564;16cfb;16b47;0;0;0000000000000080;     1m  1s 577ms 890μs 836ns;211;-1;             13ms 832μs 365ns;0.000000;inf;0.000000;inf;0;1;Passing;;;0;24997
20561;16cfb;16b47;0;0;0000000000000080;     1m  1s 577ms 832μs 638ns;211;-1;             14ms 374μs 267ns;0.000000;inf;0.000000;inf;0;1;Passing;;;0;24998
2055e;16cfb;16b47;0;0;0000000000000080;     1m  1s 577ms 796μs 463ns;211;-1;             13ms 604μs  83ns;0.000000;inf;0.000000;inf;0;1;Passing;;;0;25000
20555;16cfb;16b47;0;0;0000000000000080;     1m  1s 577ms 634μs 136ns;211;-1;             13ms 500μs 462ns;0.000000;inf;0.000000;inf;0;1;Passing;;;0;25002
20552;16cfb;16b47;0;0;0000000000000080;     1m  1s 577ms 598μs 517ns;211;-1;             14ms  58μs  45ns;0.000000;inf;0.000000;inf;0;1;Passing;;;0;25003
2054f;16cfb;16b47;0;0;0000000000000080;     1m  1s 577ms 534μs 487ns;211;-1;             13ms 380μs 695ns;0.000000;inf;0.000000;inf;0;1;Passing;;;0;25005
2054c;16cfb;16b47;0;0;0000000000000080;     1m  1s 577ms 504μs 680ns;211;-1;             13ms 933μs 563ns;0.000000;inf;0.000000;inf;0;1;Passing;;;0;25006
20547;16cfb;16b47;0;0;0000000000000080;     1m  1s 577ms 410μs  20ns;211;-1;             13ms 252μs 671ns;0.000000;inf;0.000000;inf;0;1;Passing;;;0;25007
20541;16cfb;16b47;0;0;0000000000000080;     1m  1s 577ms 295μs 286ns;211;-1;             13ms 574μs 455ns;0.000000;inf;0.000000;inf;0;1;Passing;;;0;25010
20542;16cfb;16b47;0;0;0000000000000080;     1m  1s 577ms 291μs  87ns;211;-1;             14ms  90μs 599ns;0.000000;inf;0.000000;inf;0;1;Passing;;;0;25011
2051e;16cfb;16b47;0;0;0000000000000080;     1m  1s 576ms 508μs 896ns;211;-1;             13ms  84μs 964ns;0.000000;inf;0.000000;inf;0;1;Passing;;;0;25021
2051d;16cfb;16b47;0;0;0000000000000080;     1m  1s 576ms 495μs 804ns;211;-1;             13ms 273μs 978ns;0.000000;inf;0.000000;inf;0;1;Passing;;;0;25023
20517;16cfb;16b47;0;0;0000000000000080;     1m  1s 576ms 364μs 821ns;211;-1;             12ms 837μs 810ns;0.000000;inf;0.000000;inf;0;1;Passing;;;0;25024
204f8;16cfb;16b47;0;0;0000000000000080;     1m  1s 575ms 646μs 782ns;211;-1;             12ms 198μs 160ns;0.000000;inf;0.000000;inf;0;1;Passing;;;0;25031
204f5;16cfb;16b47;0;0;0000000000000080;     1m  1s 575ms 589μs 576ns;211;-1;             12ms 304μs 712ns;0.000000;inf;0.000000;inf;0;1;Passing;;;0;25032
204da;16cfb;16b47;0;0;0000000000000080;     1m  1s 575ms  46μs 518ns;211;-1;             12ms 902μs 945ns;0.000000;inf;0.000000;inf;0;1;Passing;;;0;25037
204dd;16cfb;16b47;0;0;0000000000000080;     1m  1s 575ms 157μs 260ns;211;-1;             14ms 241μs 102ns;0.000000;inf;0.000000;inf;0;1;Passing;;;0;25038
204d3;16cfb;16b47;0;0;0000000000000080;     1m  1s 574ms 905μs  94ns;211;-1;             13ms 411μs 831ns;0.000000;inf;0.000000;inf;0;1;Passing;;;0;25039
204cd;16cfb;16b47;0;0;0000000000000080;     1m  1s 574ms 744μs 770ns;211;-1;             12ms 635μs 138ns;0.000000;inf;0.000000;inf;0;1;Passing;;;0;25043
204c8;16cfb;16b47;0;0;4000000000000080;     1m  1s 574ms 613μs 598ns;211;-1;             11ms 156μs 683ns;0.000000;inf;0.000000;inf;0;1;Passing;;;0;25047
20728;16cfb;16b47;0;0;0000000000000080;     1m  1s 790ms 650μs 639ns;209;-1;              8ms 816μs 289ns;0.000000;inf;0.000000;inf;0;1;Passing;;;0;25059
2071d;16cfb;16b47;0;0;0000000000000080;     1m  1s 790ms 425μs  77ns;209;-1;             10ms 843μs 943ns;0.000000;inf;0.000000;inf;0;1;Passing;;;0;25061
2071a;16cfb;16b47;0;0;0000000000000080;     1m  1s 790ms 389μs 439ns;209;-1;             12ms 714μs 900ns;0.000000;inf;0.000000;inf;0;1;Passing;;;0;25064
2083a;16cfb;16b47;0;0;0000000000000080;     1m  1s 797ms  68μs 857ns;209;-1;             13ms 558μs 835ns;0.000000;inf;0.000000;inf;0;1;Passing;;;0;25068
2081f;16cfb;16b47;0;0;0000000000000080;     1m  1s 796ms 373μs 783ns;209;-1;             13ms  65μs 306ns;0.000000;inf;0.000000;inf;0;1;Passing;;;0;25082
207fb;16cfb;16b47;0;0;0000000000000080;     1m  1s 795ms 512μs 100ns;209;-1;             13ms 671μs 440ns;0.000000;inf;0.000000;inf;0;1;Passing;;;0;25094
207e3;16cfb;16b47;0;0;0000000000000080;     1m  1s 794ms 762μs  99ns;209;-1;             13ms 675μs 896ns;0.000000;inf;0.000000;inf;0;1;Passing;;;0;25100
207dd;16cfb;16b47;0;0;0000000000000080;     1m  1s 794ms 667μs 370ns;209;-1;             14ms 428μs 815ns;0.000000;inf;0.000000;inf;0;1;Passing;;;0;25101
207d7;16cfb;16b47;0;0;0000000000000080;     1m  1s 794ms 616μs 687ns;209;-1;             14ms 141μs 581ns;0.000000;inf;0.000000;inf;0;1;Passing;;;0;25102
207d9;16cfb;16b47;0;0;0000000000000080;     1m  1s 794ms 578μs 330ns;209;-1;             14ms 771μs 419ns;0.000000;inf;0.000000;inf;0;1;Passing;;;0;25103
207d4;16cfb;16b47;0;0;0000000000000080;     1m  1s 794ms 453μs 466ns;209;-1;             13ms 637μs 144ns;0.000000;inf;0.000000;inf;0;1;Passing;;;0;25104
207cc;16cfb;16b47;0;0;0000000000000080;     1m  1s 794ms 420μs 327ns;209;-1;             13ms 297μs 566ns;0.000000;inf;0.000000;inf;0;1;Passing;;;0;25105
207c3;16cfb;16b47;0;0;0000000000000080;     1m  1s 793ms 889μs 511ns;209;-1;             13ms 556μs 220ns;0.000000;inf;0.000000;inf;0;1;Passing;;;0;25108
207c8;16cfb;16b47;0;0;0000000000000080;     1m  1s 793ms 868μs 234ns;209;-1;             13ms 614μs 872ns;0.000000;inf;0.000000;inf;0;1;Passing;;;0;25109
207c4;16cfb;16b47;0;0;0000000000000080;     1m  1s 793ms 784μs 384ns;209;-1;             13ms 107μs 558ns;0.000000;inf;0.000000;inf;0;1;Passing;;;0;25111
207b8;16cfb;16b47;0;0;0000000000000080;     1m  1s 793ms 619μs 904ns;209;-1;             13ms 788μs 524ns;0.000000;inf;0.000000;inf;0;1;Passing;;;0;25112
207bb;16cfb;16b47;0;0;0000000000000080;     1m  1s 793ms 558μs 170ns;209;-1;             14ms 345μs 715ns;0.000000;inf;0.000000;inf;0;1;Passing;;;0;25115
207b7;16cfb;16b47;0;0;0000000000000080;     1m  1s 793ms 469μs 748ns;209;-1;             13ms 679μs 686ns;0.000000;inf;0.000000;inf;0;1;Passing;;;0;25115
207a1;16cfb;16b47;0;0;0000000000000080;     1m  1s 792ms 923μs 601ns;209;-1;             12ms 751μs 132ns;0.000000;inf;0.000000;inf;0;1;Passing;;;0;25122
20795;16cfb;16b47;0;0;0000000000000080;     1m  1s 792ms 627μs 192ns;209;-1;             14ms 259μs 168ns;0.000000;inf;0.000000;inf;0;1;Passing;;;0;25124
20792;16cfb;16b47;0;0;0000000000000080;     1m  1s 792ms 611μs 123ns;209;-1;             13ms 438μs 555ns;0.000000;inf;0.000000;inf;0;1;Passing;;;0;25126
2078c;16cfb;16b47;0;0;0000000000000080;     1m  1s 792ms 519μs 796ns;209;-1;             13ms 597μs 603ns;0.000000;inf;0.000000;inf;0;1;Passing;;;0;25127
20786;16cfb;16b47;0;0;0000000000000080;     1m  1s 792ms 429μs 692ns;209;-1;             12ms 555μs 330ns;0.000000;inf;0.000000;inf;0;1;Passing;;;0;25132
20777;16cfb;16b47;0;0;0000000000000080;     1m  1s 792ms 191μs 909ns;209;-1;             12ms 939μs 999ns;0.000000;inf;0.000000;inf;0;1;Passing;;;0;25136
20771;16cfb;16b47;0;0;0000000000000080;     1m  1s 792ms 111μs  41ns;209;-1;             12ms 629μs 863ns;0.000000;inf;0.000000;inf;0;1;Passing;;;0;25138
2076e;16cfb;16b47;0;0;0000000000000080;     1m  1s 792ms  56μs 667ns;209;-1;             12ms 573μs 362ns;0.000000;inf;0.000000;inf;0;1;Passing;;;0;25140
20757;16cfb;16b47;0;0;0000000000000080;     1m  1s 791ms 620μs 980ns;209;-1;             12ms 720μs 497ns;0.000000;inf;0.000000;inf;0;1;Passing;;;0;25145
20752;16cfb;16b47;0;0;0000000000000080;     1m  1s 791ms 508μs 101ns;209;-1;             13ms 171μs 938ns;0.000000;inf;0.000000;inf;0;1;Passing;;;0;25146
2074c;16cfb;16b47;0;0;0000000000000080;     1m  1s 791ms 404μs 776ns;209;-1;             13ms 163μs 712ns;0.000000;inf;0.000000;inf;0;1;Passing;;;0;25147
20746;16cfb;16b47;0;0;0000000000000080;     1m  1s 791ms 294μs 547ns;209;-1;             13ms  14μs 386ns;0.000000;inf;0.000000;inf;0;1;Passing;;;0;25150
20740;16cfb;16b47;0;0;4000000000000080;     1m  1s 791ms 206μs 969ns;209;-1;              8ms 929μs 984ns;0.000000;inf;0.000000;inf;0;1;Passing;;;0;25152
2098d;16cfb;16b47;0;0;0000000000000080;     1m  2s   3ms 689μs 972ns;207;-1;             10ms 204μs 922ns;0.000000;inf;0.000000;inf;0;1;Passing;;;0;25161
20991;16cfb;16b47;0;0;0000000000000080;     1m  2s   3ms 821μs 240ns;207;-1;              9ms  64μs 678ns;0.000000;inf;0.000000;inf;0;1;Passing;;;0;25162
2099c;16cfb;16b47;0;0;0000000000000080;     1m  2s   4ms 144μs  80ns;207;-1;             11ms 630μs 676ns;0.000000;inf;0.000000;inf;0;1;Passing;;;0;25166
209eb;16cfb;16b47;0;0;0000000000000080;     1m  2s   5ms 964μs 232ns;207;-1;             13ms 135μs 930ns;0.000000;inf;0.000000;inf;0;1;Passing;;;0;25170
20aa9;16cfb;16b47;0;0;0000000000000080;     1m  2s  10ms 480μs 914ns;207;-1;             13ms 599μs 997ns;0.000000;inf;0.000000;inf;0;1;Passing;;;0;25179
20a90;16cfb;16b47;0;0;0000000000000080;     1m  2s   9ms 684μs 110ns;207;-1;             12ms 965μs 706ns;0.000000;inf;0.000000;inf;0;1;Passing;;;0;25185
20a6b;16cfb;16b47;0;0;0000000000000080;     1m  2s   8ms 771μs 215ns;207;-1;             14ms  58μs  38ns;0.000000;inf;0.000000;inf;0;1;Passing;;;0;25199
20a54;16cfb;16b47;0;0;0000000000000080;     1m  2s   8ms 322μs 918ns;207;-1;             13ms 316μs 732ns;0.000000;inf;0.000000;inf;0;1;Passing;;;0;25204
20a4d;16cfb;16b47;0;0;0000000000000080;     1m  2s   8ms 172μs 684ns;207;-1;             13ms 594μs  31ns;0.000000;inf;0.000000;inf;0;1;Passing;;;0;25207
20a4a;16cfb;16b47;0;0;0000000000000080;     1m  2s   8ms  72μs 919ns;207;-1;             13ms 472μs 666ns;0.000000;inf;0.000000;inf;0;1;Passing;;;0;25208
20a47;16cfb;16b47;0;0;0000000000000080;     1m  2s   8ms  38μs 874ns;207;-1;             13ms 305μs 494ns;0.000000;inf;0.000000;inf;0;1;Passing;;;0;25210
20a44;16cfb;16b47;0;0;0000000000000080;     1m  2s   7ms 963μs 193ns;207;-1;             13ms 479μs 531ns;0.000000;inf;0.000000;inf;0;1;Passing;;;0;25211
20a3a;16cfb;16b47;0;0;0000000000000080;     1m  2s   7ms 783μs 956ns;207;-1;             13ms 668μs 372ns;0.000000;inf;0.000000;inf;0;1;Passing;;;0;25213
20a39;16cfb;16b47;0;0;0000000000000080;     1m  2s   7ms 757μs 942ns;207;-1;             13ms 573μs 843ns;0.000000;inf;0.000000;inf;0;1;Passing;;;0;25215
20a32;16cfb;16b47;0;0;0000000000000080;     1m  2s   7ms 636μs 686ns;207;-1;             14ms 172μs 977ns;0.000000;inf;0.000000;inf;0;1;Passing;;;0;25216
20a35;16cfb;16b47;0;0;0000000000000080;     1m  2s   7ms 634μs 239ns;207;-1;             13ms 670μs 213ns;0.000000;inf;0.000000;inf;0;1;Passing;;;0;25217
20a2c;16cfb;16b47;0;0;0000000000000080;     1m  2s   7ms 511μs 539ns;207;-1;             12ms 784μs 931ns;0.000000;inf;0.000000;inf;0;1;Passing;;;0;25220
20a26;16cfb;16b47;0;0;0000000000000080;     1m  2s   7ms 392μs 861ns;207;-1;             12ms 508μs 971ns;0.000000;inf;0.000000;inf;0;1;Passing;;;0;25221
20a29;16cfb;16b47;0;0;0000000000000080;     1m  2s   7ms 448μs  22ns;207;-1;             13ms 960μs 893ns;0.000000;inf;0.000000;inf;0;1;Passing;;;0;25222
20a11;16cfb;16b47;0;0;0000000000000080;     1m  2s   6ms 944μs 204ns;207;-1;             12ms 887μs 819ns;0.000000;inf;0.000000;inf;0;1;Passing;;;0;25228
20a05;16cfb;16b47;0;0;0000000000000080;     1m  2s   6ms 728μs 742ns;207;-1;             13ms 112μs 134ns;0.000000;inf;0.000000;inf;0;1;Passing;;;0;25231
20a02;16cfb;16b47;0;0;0000000000000080;     1m  2s   6ms 576μs 985ns;207;-1;             12ms 634μs 342ns;0.000000;inf;0.000000;inf;0;1;Passing;;;0;25235
209fb;16cfb;16b47;0;0;0000000000000080;     1m  2s   6ms 410μs 931ns;207;-1;             12ms 733μs 137ns;0.000000;inf;0.000000;inf;0;1;Passing;;;0;25237
209e4;16cfb;16b47;0;0;0000000000000080;     1m  2s   5ms 657μs 539ns;207;-1;             12ms 372μs 699ns;0.000000;inf;0.000000;inf;0;1;Passing;;;0;25241
209e1;16cfb;16b47;0;0;0000000000000080;     1m  2s   5ms 574μs 707ns;207;-1;             11ms 886μs 624ns;0.000000;inf;0.000000;inf;0;1;Passing;;;0;25245
209c9;16cfb;16b47;0;0;0000000000000080;     1m  2s   5ms  60μs 376ns;207;-1;             12ms 959μs 892ns;0.000000;inf;0.000000;inf;0;1;Passing;;;0;25249
209c6;16cfb;16b47;0;0;0000000000000080;     1m  2s   4ms 974μs 378ns;207;-1;             13ms 431μs 736ns;0.000000;inf;0.000000;inf;0;1;Passing;;;0;25252
209c0;16cfb;16b47;0;0;0000000000000080;     1m  2s   4ms 885μs 123ns;207;-1;             13ms 196μs 138ns;0.000000;inf;0.000000;inf;0;1;Passing;;;0;25253
209b9;16cfb;16b47;0;0;0000000000000080;     1m  2s   4ms 811μs 773ns;207;-1;             12ms 809μs 511ns;0.000000;inf;0.000000;inf;0;1;Passing;;;0;25254
209b4;16cfb;16b47;0;0;4000000000000080;     1m  2s   4ms 617μs 554ns;207;-1;              7ms 121μs  39ns;0.000000;inf;0.000000;inf;0;1;Passing;;;0;25256
20bfd;16cfb;16b47;0;0;0000000000000080;     1m  2s 214ms 847μs 179ns;205;-1;              9ms 943μs   2ns;0.000000;inf;0.000000;inf;0;1;Passing;;;0;25266
20bf9;16cfb;16b47;0;0;0000000000000080;     1m  2s 214ms 766μs 609ns;205;-1;             10ms 213μs 536ns;0.000000;inf;0.000000;inf;0;1;Passing;;;0;25267
20c0a;16cfb;16b47;0;0;0000000000000080;     1m  2s 215ms 295μs 962ns;205;-1;             11ms 792μs 109ns;0.000000;inf;0.000000;inf;0;1;Passing;;;0;25271
20c21;16cfb;16b47;0;0;0000000000000080;     1m  2s 215ms 826μs 371ns;205;-1;             11ms 887μs 350ns;0.000000;inf;0.000000;inf;0;1;Passing;;;0;25273
20c72;16cfb;16b47;0;0;0000000000000080;     1m  2s 217ms 822μs  38ns;205;-1;             13ms 138μs 518ns;0.000000;inf;0.000000;inf;0;1;Passing;;;0;25275
20d15;16cfb;16b47;0;0;0000000000000080;     1m  2s 221ms 499μs 235ns;205;-1;             13ms 119μs 216ns;0.000000;inf;0.000000;inf;0;1;Passing;;;0;25280
20cf9;16cfb;16b47;0;0;0000000000000080;     1m  2s 220ms 806μs 143ns;205;-1;             13ms 249μs 255ns;0.000000;inf;0.000000;inf;0;1;Passing;;;0;25290
20cc0;16cfb;16b47;0;0;0000000000000080;     1m  2s 219ms 581μs 281ns;205;-1;             12ms 691μs 849ns;0.000000;inf;0.000000;inf;0;1;Passing;;;0;25310
20cb9;16cfb;16b47;0;0;0000000000000080;     1m  2s 219ms 448μs 467ns;205;-1;             13ms 195μs 343ns;0.000000;inf;0.000000;inf;0;1;Passing;;;0;25311
20cb8;16cfb;16b47;0;0;0000000000000080;     1m  2s 219ms 425μs  63ns;205;-1;             13ms 253μs 496ns;0.000000;inf;0.000000;inf;0;1;Passing;;;0;25312
20cb4;16cfb;16b47;0;0;0000000000000080;     1m  2s 219ms 299μs 137ns;205;-1;             13ms 658μs 191ns;0.000000;inf;0.000000;inf;0;1;Passing;;;0;25314
20cb1;16cfb;16b47;0;0;0000000000000080;     1m  2s 219ms 277μs 482ns;205;-1;             13ms 931μs 490ns;0.000000;inf;0.000000;inf;0;1;Passing;;;0;25315
20ca8;16cfb;16b47;0;0;0000000000000080;     1m  2s 219ms  49μs 707ns;205;-1;             13ms 650μs 711ns;0.000000;inf;0.000000;inf;0;1;Passing;;;0;25317
20ca3;16cfb;16b47;0;0;0000000000000080;     1m  2s 218ms 949μs 223ns;205;-1;             13ms 538μs 211ns;0.000000;inf;0.000000;inf;0;1;Passing;;;0;25318
20ca4;16cfb;16b47;0;0;0000000000000080;     1m  2s 218ms 925μs 813ns;205;-1;             13ms 850μs 545ns;0.000000;inf;0.000000;inf;0;1;Passing;;;0;25319
20c9e;16cfb;16b47;0;0;0000000000000080;     1m  2s 218ms 796μs 174ns;205;-1;             12ms 478μs 939ns;0.000000;inf;0.000000;inf;0;1;Passing;;;0;25321
20c94;16cfb;16b47;0;0;0000000000000080;     1m  2s 218ms 607μs 427ns;205;-1;             12ms 959μs 991ns;0.000000;inf;0.000000;inf;0;1;Passing;;;0;25324
20c95;16cfb;16b47;0;0;0000000000000080;     1m  2s 218ms 567μs 471ns;205;-1;             13ms 386μs 570ns;0.000000;inf;0.000000;inf;0;1;Passing;;;0;25325
20c99;16cfb;16b47;0;0;0000000000000080;     1m  2s 218ms 659μs 852ns;205;-1;             15ms 571μs 438ns;0.000000;inf;0.000000;inf;0;1;Passing;;;0;25326
20c7f;16cfb;16b47;0;0;0000000000000080;     1m  2s 218ms  73μs 981ns;205;-1;             12ms 611μs 534ns;0.000000;inf;0.000000;inf;0;1;Passing;;;0;25333
20c6f;16cfb;16b47;0;0;0000000000000080;     1m  2s 217ms 684μs 321ns;205;-1;             13ms  70μs 905ns;0.000000;inf;0.000000;inf;0;1;Passing;;;0;25337
20c6a;16cfb;16b47;0;0;0000000000000080;     1m  2s 217ms 650μs 561ns;205;-1;             12ms 263μs  67ns;0.000000;inf;0.000000;inf;0;1;Passing;;;0;25338
20c56;16cfb;16b47;0;0;0000000000000080;     1m  2s 217ms  14μs 776ns;205;-1;             12ms 801μs 189ns;0.000000;inf;0.000000;inf;0;1;Passing;;;0;25344
20c51;16cfb;16b47;0;0;0000000000000080;     1m  2s 216ms 883μs 486ns;205;-1;             12ms 962μs 392ns;0.000000;inf;0.000000;inf;0;1;Passing;;;0;25346
20c4e;16cfb;16b47;0;0;0000000000000080;     1m  2s 216ms 871μs 313ns;205;-1;             12ms 892μs 422ns;0.000000;inf;0.000000;inf;0;1;Passing;;;0;25348
20c36;16cfb;16b47;0;0;0000000000000080;     1m  2s 216ms 425μs 976ns;205;-1;             14ms 214μs 564ns;0.000000;inf;0.000000;inf;0;1;Passing;;;0;25355
20c33;16cfb;16b47;0;0;0000000000000080;     1m  2s 216ms 271μs 751ns;205;-1;             13ms 297μs 852ns;0.000000;inf;0.000000;inf;0;1;Passing;;;0;25356
20c2d;16cfb;16b47;0;0;0000000000000080;     1m  2s 216ms 169μs 692ns;205;-1;             11ms 779μs 514ns;0.000000;inf;0.000000;inf;0;1;Passing;;;0;25358
20c27;16cfb;16b47;0;0;4000000000000080;     1m  2s 216ms  62μs 937ns;205;-1;             10ms 863μs 343ns;0.000000;inf;0.000000;inf;0;1;Passing;;;0;25359
20e60;16cfb;16b47;0;0;0000000000000080;     1m  2s 420ms 906μs 477ns;203;-1;              9ms 131μs 838ns;0.000000;inf;0.000000;inf;0;1;Passing;;;0;25366
20e91;16cfb;16b47;0;0;0000000000000080;     1m  2s 421ms 835μs 603ns;203;-1;             12ms 620μs 273ns;0.000000;inf;0.000000;inf;0;1;Passing;;;0;25371
20e8b;16cfb;16b47;0;0;0000000000000080;     1m  2s 421ms 726μs 278ns;203;-1;             12ms 392μs 141ns;0.000000;inf;0.000000;inf;0;1;Passing;;;0;25372
20e85;16cfb;16b47;0;0;0000000000000080;     1m  2s 421ms 621μs 786ns;203;-1;             11ms 554μs 512ns;0.000000;inf;0.000000;inf;0;1;Passing;;;0;25374
20efd;16cfb;16b47;0;0;0000000000000080;     1m  2s 424ms  37μs 795ns;203;-1;             13ms 331μs 982ns;0.000000;inf;0.000000;inf;0;1;Passing;;;0;25377
20efa;16cfb;16b47;0;0;0000000000000080;     1m  2s 423ms 871μs 343ns;203;-1;             13ms 202μs 737ns;0.000000;inf;0.000000;inf;0;1;Passing;;;0;25378
20f78;16cfb;16b47;0;0;0000000000000080;     1m  2s 427ms 432μs 976ns;203;-1;             12ms 730μs 882ns;0.000000;inf;0.000000;inf;0;1;Passing;;;0;25384
20f5d;16cfb;16b47;0;0;0000000000000080;     1m  2s 426ms 758μs  83ns;203;-1;             13ms 372μs 597ns;0.000000;inf;0.000000;inf;0;1;Passing;;;0;25393
20f24;16cfb;16b47;0;0;0000000000000080;     1m  2s 425ms 413μs 634ns;203;-1;             12ms 940μs 923ns;0.000000;inf;0.000000;inf;0;1;Passing;;;0;25413
20f1e;16cfb;16b47;0;0;0000000000000080;     1m  2s 425ms 296μs 432ns;203;-1;             12ms 999μs 329ns;0.000000;inf;0.000000;inf;0;1;Passing;;;0;25414
20f19;16cfb;16b47;0;0;0000000000000080;     1m  2s 425ms 198μs 553ns;203;-1;             13ms 332μs 884ns;0.000000;inf;0.000000;inf;0;1;Passing;;;0;25416
20f1a;16cfb;16b47;0;0;0000000000000080;     1m  2s 425ms 225μs   2ns;203;-1;             15ms 635μs 519ns;0.000000;inf;0.000000;inf;0;1;Passing;;;0;25417
20f14;16cfb;16b47;0;0;0000000000000080;     1m  2s 425ms  56μs 664ns;203;-1;             12ms 824μs 910ns;0.000000;inf;0.000000;inf;0;1;Passing;;;0;25418
20f0d;16cfb;16b47;0;0;0000000000000080;     1m  2s 424ms 935μs 508ns;203;-1;             12ms 730μs 500ns;0.000000;inf;0.000000;inf;0;1;Passing;;;0;25419
20f08;16cfb;16b47;0;0;0000000000000080;     1m  2s 424ms 805μs 867ns;203;-1;             12ms 518μs 817ns;0.000000;inf;0.000000;inf;0;1;Passing;;;0;25421
20f07;16cfb;16b47;0;0;0000000000000080;     1m  2s 424ms 802μs 407ns;203;-1;             12ms 814μs 724ns;0.000000;inf;0.000000;inf;0;1;Passing;;;0;25422
20f04;16cfb;16b47;0;0;0000000000000080;     1m  2s 424ms 656μs  91ns;203;-1;             12ms 656μs 689ns;0.000000;inf;0.000000;inf;0;1;Passing;;;0;25424
20ef7;16cfb;16b47;0;0;0000000000000080;     1m  2s 423ms 809μs 924ns;203;-1;             12ms 778μs 515ns;0.000000;inf;0.000000;inf;0;1;Passing;;;0;25427
20ee3;16cfb;16b47;0;0;0000000000000080;     1m  2s 423ms 462μs 972ns;203;-1;             13ms 666μs 283ns;0.000000;inf;0.000000;inf;0;1;Passing;;;0;25433
20ed7;16cfb;16b47;0;0;0000000000000080;     1m  2s 423ms 221μs 857ns;203;-1;             12ms 981μs 894ns;0.000000;inf;0.000000;inf;0;1;Passing;;;0;25435
20ed2;16cfb;16b47;0;0;0000000000000080;     1m  2s 423ms 124μs 210ns;203;-1;             12ms 935μs 917ns;0.000000;inf;0.000000;inf;0;1;Passing;;;0;25437
20ecd;16cfb;16b47;0;0;0000000000000080;     1m  2s 423ms  32μs 359ns;203;-1;             12ms 567μs 650ns;0.000000;inf;0.000000;inf;0;1;Passing;;;0;25439
20ebb;16cfb;16b47;0;0;0000000000000080;     1m  2s 422ms 762μs 634ns;203;-1;             12ms 621μs 336ns;0.000000;inf;0.000000;inf;0;1;Passing;;;0;25446
20eb3;16cfb;16b47;0;0;0000000000000080;     1m  2s 422ms 673μs 796ns;203;-1;             12ms 806μs 312ns;0.000000;inf;0.000000;inf;0;1;Passing;;;0;25447
20eb4;16cfb;16b47;0;0;0000000000000080;     1m  2s 422ms 645μs 246ns;203;-1;             12ms  44μs 706ns;0.000000;inf;0.000000;inf;0;1;Passing;;;0;25450
20e9a;16cfb;16b47;0;0;0000000000000080;     1m  2s 422ms  45μs 756ns;203;-1;             10ms 209μs  73ns;0.000000;inf;0.000000;inf;0;1;Passing;;;0;25459
20e97;16cfb;16b47;0;0;0000000000000080;     1m  2s 422ms  10μs 696ns;203;-1;             10ms 276μs 976ns;0.000000;inf;0.000000;inf;0;1;Passing;;;0;25460
20e6d;16cfb;16b47;0;0;4000000000000080;     1m  2s 421ms 165μs 596ns;203;-1;              7ms 515μs 175ns;0.000000;inf;0.000000;inf;0;1;Passing;;;0;25461
210c2;16cfb;16b47;0;0;0000000000000080;     1m  2s 622ms 455μs 590ns;201;-1;              9ms 170μs 691ns;0.000000;inf;0.000000;inf;0;1;Passing;;;0;25472
210ce;16cfb;16b47;0;0;0000000000000080;     1m  2s 622ms 817μs 414ns;201;-1;             12ms 340μs 322ns;0.000000;inf;0.000000;inf;0;1;Passing;;;0;25477
210e6;16cfb;16b47;0;0;0000000000000080;     1m  2s 623ms 176μs 903ns;201;-1;             12ms 634μs 785ns;0.000000;inf;0.000000;inf;0;1;Passing;;;0;25478
21137;16cfb;16b47;0;0;0000000000000080;     1m  2s 624ms 896μs 751ns;201;-1;             13ms  10μs 960ns;0.000000;inf;0.000000;inf;0;1;Passing;;;0;25479
211d6;16cfb;16b47;0;0;0000000000000080;     1m  2s 628ms 677μs 502ns;201;-1;             13ms  55μs 131ns;0.000000;inf;0.000000;inf;0;1;Passing;;;0;25488
211bb;16cfb;16b47;0;0;0000000000000080;     1m  2s 627ms 907μs 794ns;201;-1;             13ms  92μs 502ns;0.000000;inf;0.000000;inf;0;1;Passing;;;0;25497
21181;16cfb;16b47;0;0;0000000000000080;     1m  2s 626ms 431μs 565ns;201;-1;             13ms  34μs 253ns;0.000000;inf;0.000000;inf;0;1;Passing;;;0;25515
2117c;16cfb;16b47;0;0;0000000000000080;     1m  2s 626ms 339μs 117ns;201;-1;             12ms 901μs 746ns;0.000000;inf;0.000000;inf;0;1;Passing;;;0;25516
21177;16cfb;16b47;0;0;0000000000000080;     1m  2s 626ms 297μs 676ns;201;-1;             12ms 735μs 289ns;0.000000;inf;0.000000;inf;0;1;Passing;;;0;25517
21178;16cfb;16b47;0;0;0000000000000080;     1m  2s 626ms 241μs 377ns;201;-1;             13ms 825μs 124ns;0.000000;inf;0.000000;inf;0;1;Passing;;;0;25518
2116e;16cfb;16b47;0;0;0000000000000080;     1m  2s 626ms 131μs 161ns;201;-1;             12ms 609μs 691ns;0.000000;inf;0.000000;inf;0;1;Passing;;;0;25520
2116a;16cfb;16b47;0;0;0000000000000080;     1m  2s 625ms 973μs 192ns;201;-1;             12ms 816μs 530ns;0.000000;inf;0.000000;inf;0;1;Passing;;;0;25521
21166;16cfb;16b47;0;0;0000000000000080;     1m  2s 625ms 963μs 650ns;201;-1;             12ms 556μs 609ns;0.000000;inf;0.000000;inf;0;1;Passing;;;0;25522
21165;16cfb;16b47;0;0;0000000000000080;     1m  2s 625ms 891μs 762ns;201;-1;             12ms 408μs 455ns;0.000000;inf;0.000000;inf;0;1;Passing;;;0;25523
2115f;16cfb;16b47;0;0;0000000000000080;     1m  2s 625ms 821μs 650ns;201;-1;             13ms 274μs 799ns;0.000000;inf;0.000000;inf;0;1;Passing;;;0;25525
21158;16cfb;16b47;0;0;0000000000000080;     1m  2s 625ms 659μs 791ns;201;-1;             13ms 291μs 907ns;0.000000;inf;0.000000;inf;0;1;Passing;;;0;25527
2115a;16cfb;16b47;0;0;0000000000000080;     1m  2s 625ms 628μs 389ns;201;-1;             12ms 941μs 303ns;0.000000;inf;0.000000;inf;0;1;Passing;;;0;25528
21142;16cfb;16b47;0;0;0000000000000080;     1m  2s 625ms 143μs 806ns;201;-1;             12ms 430μs 131ns;0.000000;inf;0.000000;inf;0;1;Passing;;;0;25536
21134;16cfb;16b47;0;0;0000000000000080;     1m  2s 624ms 751μs  70ns;201;-1;             12ms 842μs 722ns;0.000000;inf;0.000000;inf;0;1;Passing;;;0;25538
2112e;16cfb;16b47;0;0;0000000000000080;     1m  2s 624ms 700μs 471ns;201;-1;             11ms 868μs  17ns;0.000000;inf;0.000000;inf;0;1;Passing;;;0;25539
2111c;16cfb;16b47;0;0;0000000000000080;     1m  2s 624ms 227μs 650ns;201;-1;             11ms 879μs 256ns;0.000000;inf;0.000000;inf;0;1;Passing;;;0;25547
21117;16cfb;16b47;0;0;0000000000000080;     1m  2s 624ms 140μs 915ns;201;-1;             12ms 268μs 666ns;0.000000;inf;0.000000;inf;0;1;Passing;;;0;25549
21113;16cfb;16b47;0;0;0000000000000080;     1m  2s 624ms  42μs 792ns;201;-1;             12ms 994μs 107ns;0.000000;inf;0.000000;inf;0;1;Passing;;;0;25551
210fc;16cfb;16b47;0;0;0000000000000080;     1m  2s 623ms 716μs 392ns;201;-1;             11ms 493μs 264ns;0.000000;inf;0.000000;inf;0;1;Passing;;;0;25557
210f8;16cfb;16b47;0;0;0000000000000080;     1m  2s 623ms 543μs 683ns;201;-1;             11ms 770μs 703ns;0.000000;inf;0.000000;inf;0;1;Passing;;;0;25560
210f2;16cfb;16b47;0;0;0000000000000080;     1m  2s 623ms 457μs 473ns;201;-1;             10ms 594μs 203ns;0.000000;inf;0.000000;inf;0;1;Passing;;;0;25561
210ec;16cfb;16b47;0;0;4000000000000080;     1m  2s 623ms 385μs  59ns;201;-1;              9ms 891μs 579ns;0.000000;inf;0.000000;inf;0;1;Passing;;;0;25562
21329;16cfb;16b47;0;0;0000000000000080;     1m  2s 817ms 267μs 932ns;199;-1;              9ms 641μs 204ns;0.000000;inf;0.000000;inf;0;1;Passing;;;0;25575
2131e;16cfb;16b47;0;0;0000000000000080;     1m  2s 817ms  89μs 150ns;199;-1;             11ms 297μs  45ns;0.000000;inf;0.000000;inf;0;1;Passing;;;0;25579
213db;16cfb;16b47;0;0;0000000000000080;     1m  2s 821ms 149μs  49ns;199;-1;             12ms 851μs 827ns;0.000000;inf;0.000000;inf;0;1;Passing;;;0;25583
2142f;16cfb;16b47;0;0;0000000000000080;     1m  2s 823ms 296μs 919ns;199;-1;             13ms 330μs 994ns;0.000000;inf;0.000000;inf;0;1;Passing;;;0;25589
21413;16cfb;16b47;0;0;0000000000000080;     1m  2s 822ms 324μs 404ns;199;-1;             13ms  22μs 127ns;0.000000;inf;0.000000;inf;0;1;Passing;;;0;25598
213d4;16cfb;16b47;0;0;0000000000000080;     1m  2s 820ms 931μs  51ns;199;-1;             12ms 907μs 947ns;0.000000;inf;0.000000;inf;0;1;Passing;;;0;25619
213d1;16cfb;16b47;0;0;0000000000000080;     1m  2s 820ms 963μs  92ns;199;-1;             13ms 300μs  69ns;0.000000;inf;0.000000;inf;0;1;Passing;;;0;25619
213ce;16cfb;16b47;0;0;0000000000000080;     1m  2s 820ms 822μs 543ns;199;-1;             13ms 167μs 218ns;0.000000;inf;0.000000;inf;0;1;Passing;;;0;25621
213c5;16cfb;16b47;0;0;0000000000000080;     1m  2s 820ms 659μs 647ns;199;-1;             12ms 546μs 207ns;0.000000;inf;0.000000;inf;0;1;Passing;;;0;25623
213c2;16cfb;16b47;0;0;0000000000000080;     1m  2s 820ms 591μs 218ns;199;-1;             13ms  87μs 336ns;0.000000;inf;0.000000;inf;0;1;Passing;;;0;25624
213bf;16cfb;16b47;0;0;0000000000000080;     1m  2s 820ms 547μs 540ns;199;-1;             13ms  60μs 841ns;0.000000;inf;0.000000;inf;0;1;Passing;;;0;25625
213bb;16cfb;16b47;0;0;0000000000000080;     1m  2s 820ms 455μs 418ns;199;-1;             13ms 306μs 644ns;0.000000;inf;0.000000;inf;0;1;Passing;;;0;25626
213b6;16cfb;16b47;0;0;0000000000000080;     1m  2s 820ms 335μs 606ns;199;-1;             12ms 727μs 120ns;0.000000;inf;0.000000;inf;0;1;Passing;;;0;25629
213b3;16cfb;16b47;0;0;0000000000000080;     1m  2s 820ms 303μs 917ns;199;-1;             12ms 436μs 889ns;0.000000;inf;0.000000;inf;0;1;Passing;;;0;25630
2139e;16cfb;16b47;0;0;0000000000000080;     1m  2s 819ms 912μs 388ns;199;-1;             13ms  83μs 248ns;0.000000;inf;0.000000;inf;0;1;Passing;;;0;25631
21391;16cfb;16b47;0;0;0000000000000080;     1m  2s 819ms 698μs  58ns;199;-1;             13ms  49μs 163ns;0.000000;inf;0.000000;inf;0;1;Passing;;;0;25636
21390;16cfb;16b47;0;0;0000000000000080;     1m  2s 819ms 679μs 407ns;199;-1;             12ms 253μs 915ns;0.000000;inf;0.000000;inf;0;1;Passing;;;0;25637
21389;16cfb;16b47;0;0;0000000000000080;     1m  2s 819ms 484μs 901ns;199;-1;             12ms 532μs 448ns;0.000000;inf;0.000000;inf;0;1;Passing;;;0;25639
21378;16cfb;16b47;0;0;0000000000000080;     1m  2s 818ms 842μs 577ns;199;-1;             11ms 901μs 100ns;0.000000;inf;0.000000;inf;0;1;Passing;;;0;25646
21371;16cfb;16b47;0;0;0000000000000080;     1m  2s 818ms 733μs 920ns;199;-1;             12ms 361μs 521ns;0.000000;inf;0.000000;inf;0;1;Passing;;;0;25648
2136d;16cfb;16b47;0;0;0000000000000080;     1m  2s 818ms 653μs 603ns;199;-1;             12ms 351μs 165ns;0.000000;inf;0.000000;inf;0;1;Passing;;;0;25649
21355;16cfb;16b47;0;0;0000000000000080;     1m  2s 818ms 211μs 779ns;199;-1;             11ms 800μs 930ns;0.000000;inf;0.000000;inf;0;1;Passing;;;0;25656
2134e;16cfb;16b47;0;0;0000000000000080;     1m  2s 818ms  85μs 816ns;199;-1;             12ms  17μs 657ns;0.000000;inf;0.000000;inf;0;1;Passing;;;0;25658
21354;16cfb;16b47;0;0;0000000000000080;     1m  2s 818ms 204μs 740ns;199;-1;             12ms 496μs   7ns;0.000000;inf;0.000000;inf;0;1;Passing;;;0;25659
21348;16cfb;16b47;0;0;0000000000000080;     1m  2s 817ms 928μs 977ns;199;-1;             10ms 223μs 713ns;0.000000;inf;0.000000;inf;0;1;Passing;;;0;25661
21342;16cfb;16b47;0;0;4000000000000080;     1m  2s 817ms 795μs 202ns;199;-1;              6ms 988μs 152ns;0.000000;inf;0.000000;inf;0;1;Passing;;;0;25662
21572;16cfb;16b47;0;0;0000000000000080;     1m  3s  17ms 195μs 532ns;197;-1;             12ms  68μs 317ns;0.000000;inf;0.000000;inf;0;1;Passing;;;0;25673
2157f;16cfb;16b47;0;0;0000000000000080;     1m  3s  17ms 627μs   6ns;197;-1;             11ms 224μs 386ns;0.000000;inf;0.000000;inf;0;1;Passing;;;0;25674
21595;16cfb;16b47;0;0;0000000000000080;     1m  3s  18ms 209μs 984ns;197;-1;             12ms  23μs 425ns;0.000000;inf;0.000000;inf;0;1;Passing;;;0;25677
215ef;16cfb;16b47;0;0;0000000000000080;     1m  3s  20ms 327μs 561ns;197;-1;             12ms 518μs 667ns;0.000000;inf;0.000000;inf;0;1;Passing;;;0;25681
21626;16cfb;16b47;0;0;0000000000000080;     1m  3s  21ms 889μs 238ns;197;-1;             12ms 904μs 198ns;0.000000;inf;0.000000;inf;0;1;Passing;;;0;25683
21682;16cfb;16b47;0;0;0000000000000080;     1m  3s  24ms 239μs 162ns;197;-1;             12ms 678μs 534ns;0.000000;inf;0.000000;inf;0;1;Passing;;;0;25688
21665;16cfb;16b47;0;0;0000000000000080;     1m  3s  23ms 472μs 475ns;197;-1;             13ms  40μs  88ns;0.000000;inf;0.000000;inf;0;1;Passing;;;0;25698
2162c;16cfb;16b47;0;0;0000000000000080;     1m  3s  22ms  30μs 102ns;197;-1;             12ms  68μs 296ns;0.000000;inf;0.000000;inf;0;1;Passing;;;0;25716
21620;16cfb;16b47;0;0;0000000000000080;     1m  3s  21ms 746μs 866ns;197;-1;             12ms 477μs  38ns;0.000000;inf;0.000000;inf;0;1;Passing;;;0;25718
21623;16cfb;16b47;0;0;0000000000000080;     1m  3s  21ms 855μs  92ns;197;-1;             15ms 126μs  12ns;0.000000;inf;0.000000;inf;0;1;Passing;;;0;25719
21619;16cfb;16b47;0;0;0000000000000080;     1m  3s  21ms 619μs 264ns;197;-1;             12ms 613μs 259ns;0.000000;inf;0.000000;inf;0;1;Passing;;;0;25720
21611;16cfb;16b47;0;0;0000000000000080;     1m  3s  21ms 460μs 569ns;197;-1;             13ms 359μs 551ns;0.000000;inf;0.000000;inf;0;1;Passing;;;0;25722
21613;16cfb;16b47;0;0;0000000000000080;     1m  3s  21ms 404μs 100ns;197;-1;             13ms 521μs 748ns;0.000000;inf;0.000000;inf;0;1;Passing;;;0;25724
2160e;16cfb;16b47;0;0;0000000000000080;     1m  3s  21ms 267μs  78ns;197;-1;             13ms  84μs 184ns;0.000000;inf;0.000000;inf;0;1;Passing;;;0;25725
21607;16cfb;16b47;0;0;0000000000000080;     1m  3s  21ms 207μs 787ns;197;-1;             12ms 961μs 458ns;0.000000;inf;0.000000;inf;0;1;Passing;;;0;25726
21606;16cfb;16b47;0;0;0000000000000080;     1m  3s  20ms 939μs 268ns;197;-1;             11ms 931μs 516ns;0.000000;inf;0.000000;inf;0;1;Passing;;;0;25730
215e4;16cfb;16b47;0;0;0000000000000080;     1m  3s  20ms 172μs 585ns;197;-1;             12ms 889μs 764ns;0.000000;inf;0.000000;inf;0;1;Passing;;;0;25739
215de;16cfb;16b47;0;0;0000000000000080;     1m  3s  19ms 904μs 210ns;197;-1;             11ms 367μs 237ns;0.000000;inf;0.000000;inf;0;1;Passing;;;0;25742
215c6;16cfb;16b47;0;0;0000000000000080;     1m  3s  19ms 416μs 212ns;197;-1;             12ms 392μs 995ns;0.000000;inf;0.000000;inf;0;1;Passing;;;0;25748
215cb;16cfb;16b47;0;0;0000000000000080;     1m  3s  19ms 516μs  80ns;197;-1;             12ms 733μs 413ns;0.000000;inf;0.000000;inf;0;1;Passing;;;0;25749
215c3;16cfb;16b47;0;0;0000000000000080;     1m  3s  19ms 327μs 629ns;197;-1;             12ms  47μs 312ns;0.000000;inf;0.000000;inf;0;1;Passing;;;0;25751
215ab;16cfb;16b47;0;0;0000000000000080;     1m  3s  18ms 866μs 569ns;197;-1;             12ms 183μs 967ns;0.000000;inf;0.000000;inf;0;1;Passing;;;0;25757
215a8;16cfb;16b47;0;0;0000000000000080;     1m  3s  18ms 687μs 258ns;197;-1;             11ms 850μs  12ns;0.000000;inf;0.000000;inf;0;1;Passing;;;0;25758
215a2;16cfb;16b47;0;0;0000000000000080;     1m  3s  18ms 524μs  65ns;197;-1;             10ms 818μs  90ns;0.000000;inf;0.000000;inf;0;1;Passing;;;0;25760
2159c;16cfb;16b47;0;0;4000000000000080;     1m  3s  18ms 444μs 209ns;197;-1;              9ms 858μs 729ns;0.000000;inf;0.000000;inf;0;1;Passing;;;0;25761
217c1;16cfb;16b47;0;0;0000000000000080;     1m  3s 204ms 478μs 476ns;195;-1;             10ms  24μs 173ns;0.000000;inf;0.000000;inf;0;1;Passing;;;0;25769
217cd;16cfb;16b47;0;0;0000000000000080;     1m  3s 204ms 772μs 940ns;195;-1;             10ms 450μs 212ns;0.000000;inf;0.000000;inf;0;1;Passing;;;0;25771
21813;16cfb;16b47;0;0;0000000000000080;     1m  3s 206ms 211μs 426ns;195;-1;             10ms 979μs 965ns;0.000000;inf;0.000000;inf;0;1;Passing;;;0;25774
21815;16cfb;16b47;0;0;0000000000000080;     1m  3s 206ms 391μs 224ns;195;-1;             13ms 594μs 969ns;0.000000;inf;0.000000;inf;0;1;Passing;;;0;25775
2186b;16cfb;16b47;0;0;0000000000000080;     1m  3s 207ms 938μs  22ns;195;-1;             12ms 802μs 301ns;0.000000;inf;0.000000;inf;0;1;Passing;;;0;25782
218cc;16cfb;16b47;0;0;0000000000000080;     1m  3s 210ms 598μs 114ns;195;-1;             12ms 866μs  75ns;0.000000;inf;0.000000;inf;0;1;Passing;;;0;25788
218b1;16cfb;16b47;0;0;0000000000000080;     1m  3s 209ms 883μs 318ns;195;-1;             13ms 223μs 409ns;0.000000;inf;0.000000;inf;0;1;Passing;;;0;25797
21877;16cfb;16b47;0;0;0000000000000080;     1m  3s 208ms 225μs 240ns;195;-1;             12ms 607μs  97ns;0.000000;inf;0.000000;inf;0;1;Passing;;;0;25814
21870;16cfb;16b47;0;0;0000000000000080;     1m  3s 208ms  85μs  47ns;195;-1;             12ms 329μs 663ns;0.000000;inf;0.000000;inf;0;1;Passing;;;0;25817
21871;16cfb;16b47;0;0;0000000000000080;     1m  3s 208ms  68μs 845ns;195;-1;             11ms 759μs  34ns;0.000000;inf;0.000000;inf;0;1;Passing;;;0;25818
21864;16cfb;16b47;0;0;0000000000000080;     1m  3s 207ms 822μs 502ns;195;-1;             12ms 255μs 453ns;0.000000;inf;0.000000;inf;0;1;Passing;;;0;25820
2185f;16cfb;16b47;0;0;0000000000000080;     1m  3s 207ms 718μs 167ns;195;-1;             12ms 882μs 652ns;0.000000;inf;0.000000;inf;0;1;Passing;;;0;25821
2185d;16cfb;16b47;0;0;0000000000000080;     1m  3s 207ms 706μs 109ns;195;-1;             12ms 827μs 996ns;0.000000;inf;0.000000;inf;0;1;Passing;;;0;25822
2185a;16cfb;16b47;0;0;0000000000000080;     1m  3s 207ms 636μs 264ns;195;-1;             12ms 620μs 980ns;0.000000;inf;0.000000;inf;0;1;Passing;;;0;25824
21854;16cfb;16b47;0;0;0000000000000080;     1m  3s 207ms 556μs 225ns;195;-1;             12ms 877μs  72ns;0.000000;inf;0.000000;inf;0;1;Passing;;;0;25825
21851;16cfb;16b47;0;0;0000000000000080;     1m  3s 207ms 533μs 507ns;195;-1;             12ms  76μs 677ns;0.000000;inf;0.000000;inf;0;1;Passing;;;0;25829
2183c;16cfb;16b47;0;0;0000000000000080;     1m  3s 207ms 204μs 866ns;195;-1;             12ms 640μs 762ns;0.000000;inf;0.000000;inf;0;1;Passing;;;0;25835
2182e;16cfb;16b47;0;0;0000000000000080;     1m  3s 206ms 914μs 136ns;195;-1;             11ms 823μs 363ns;0.000000;inf;0.000000;inf;0;1;Passing;;;0;25841
2181c;16cfb;16b47;0;0;0000000000000080;     1m  3s 206ms 586μs  66ns;195;-1;             12ms  94μs 403ns;0.000000;inf;0.000000;inf;0;1;Passing;;;0;25846
217f7;16cfb;16b47;0;0;0000000000000080;     1m  3s 205ms 782μs 817ns;195;-1;             12ms 316μs 631ns;0.000000;inf;0.000000;inf;0;1;Passing;;;0;25847
217f9;16cfb;16b47;0;0;0000000000000080;     1m  3s 205ms 727μs 950ns;195;-1;             12ms 401μs 621ns;0.000000;inf;0.000000;inf;0;1;Passing;;;0;25848
217f0;16cfb;16b47;0;0;0000000000000080;     1m  3s 205ms 608μs 433ns;195;-1;             12ms 337μs 262ns;0.000000;inf;0.000000;inf;0;1;Passing;;;0;25850
217ea;16cfb;16b47;0;0;0000000000000080;     1m  3s 205ms 454μs 592ns;195;-1;             10ms  79μs 372ns;0.000000;inf;0.000000;inf;0;1;Passing;;;0;25857
217e5;16cfb;16b47;0;0;0000000000000080;     1m  3s 205ms 301μs 928ns;195;-1;              9ms 591μs 367ns;0.000000;inf;0.000000;inf;0;1;Passing;;;0;25858
21a0b;16cfb;16b47;0;0;0000000000000080;     1m  3s 384ms 933μs 441ns;193;-1;              6ms 971μs   6ns;0.000000;inf;0.000000;inf;0;1;Passing;;;0;25871
21a16;16cfb;16b47;0;0;0000000000000080;     1m  3s 385ms 111μs 373ns;193;-1;             11ms 654μs 606ns;0.000000;inf;0.000000;inf;0;1;Passing;;;0;25875
21a86;16cfb;16b47;0;0;0000000000000080;     1m  3s 386ms 876μs 766ns;193;-1;             11ms 791μs 119ns;0.000000;inf;0.000000;inf;0;1;Passing;;;0;25876
21aa2;16cfb;16b47;0;0;0000000000000080;     1m  3s 387ms 534μs 866ns;193;-1;             12ms 722μs 146ns;0.000000;inf;0.000000;inf;0;1;Passing;;;0;25878
21b11;16cfb;16b47;0;0;0000000000000080;     1m  3s 389ms 760μs 590ns;193;-1;             12ms 534μs 830ns;0.000000;inf;0.000000;inf;0;1;Passing;;;0;25879
21af8;16cfb;16b47;0;0;0000000000000080;     1m  3s 389ms  98μs 355ns;193;-1;             12ms 141μs 576ns;0.000000;inf;0.000000;inf;0;1;Passing;;;0;25894
21abf;16cfb;16b47;0;0;0000000000000080;     1m  3s 388ms  10μs 835ns;193;-1;             12ms 260μs 317ns;0.000000;inf;0.000000;inf;0;1;Passing;;;0;25912
21ab9;16cfb;16b47;0;0;0000000000000080;     1m  3s 387ms 910μs 603ns;193;-1;             12ms 618μs 354ns;0.000000;inf;0.000000;inf;0;1;Passing;;;0;25915
21ab4;16cfb;16b47;0;0;0000000000000080;     1m  3s 387ms 832μs 899ns;193;-1;             12ms 603μs 604ns;0.000000;inf;0.000000;inf;0;1;Passing;;;0;25916
21aad;16cfb;16b47;0;0;0000000000000080;     1m  3s 387ms 723μs  29ns;193;-1;             12ms 708μs 224ns;0.000000;inf;0.000000;inf;0;1;Passing;;;0;25918
21aa8;16cfb;16b47;0;0;0000000000000080;     1m  3s 387ms 650μs 137ns;193;-1;             12ms 973μs 412ns;0.000000;inf;0.000000;inf;0;1;Passing;;;0;25919
21aa7;16cfb;16b47;0;0;0000000000000080;     1m  3s 387ms 635μs 802ns;193;-1;             12ms 789μs 433ns;0.000000;inf;0.000000;inf;0;1;Passing;;;0;25920
21a9c;16cfb;16b47;0;0;0000000000000080;     1m  3s 387ms 272μs 391ns;193;-1;             12ms 949μs 642ns;0.000000;inf;0.000000;inf;0;1;Passing;;;0;25921
21a9b;16cfb;16b47;0;0;0000000000000080;     1m  3s 387ms 272μs 323ns;193;-1;             13ms   2μs 456ns;0.000000;inf;0.000000;inf;0;1;Passing;;;0;25922
21a75;16cfb;16b47;0;0;0000000000000080;     1m  3s 386ms 603μs 413ns;193;-1;             11ms 883μs 495ns;0.000000;inf;0.000000;inf;0;1;Passing;;;0;25935
21a64;16cfb;16b47;0;0;0000000000000080;     1m  3s 386ms 261μs 624ns;193;-1;             11ms 478μs  97ns;0.000000;inf;0.000000;inf;0;1;Passing;;;0;25938
21a5e;16cfb;16b47;0;0;0000000000000080;     1m  3s 386ms 169μs 407ns;193;-1;             11ms 558μs  35ns;0.000000;inf;0.000000;inf;0;1;Passing;;;0;25941
21a5b;16cfb;16b47;0;0;0000000000000080;     1m  3s 386ms 117μs 659ns;193;-1;             11ms 976μs 676ns;0.000000;inf;0.000000;inf;0;1;Passing;;;0;25942
21a40;16cfb;16b47;0;0;0000000000000080;     1m  3s 385ms 768μs 616ns;193;-1;             11ms 617μs  21ns;0.000000;inf;0.000000;inf;0;1;Passing;;;0;25950
21a42;16cfb;16b47;0;0;0000000000000080;     1m  3s 385ms 764μs 527ns;193;-1;             11ms 710μs 612ns;0.000000;inf;0.000000;inf;0;1;Passing;;;0;25951
21a3a;16cfb;16b47;0;0;0000000000000080;     1m  3s 385ms 669μs 270ns;193;-1;             11ms 783μs 697ns;0.000000;inf;0.000000;inf;0;1;Passing;;;0;25952
21a34;16cfb;16b47;0;0;0000000000000080;     1m  3s 385ms 578μs  52ns;193;-1;             11ms 430μs 415ns;0.000000;inf;0.000000;inf;0;1;Passing;;;0;25955
21a2e;16cfb;16b47;0;0;4000000000000080;     1m  3s 385ms 490μs 711ns;193;-1;              8ms 120μs 372ns;0.000000;inf;0.000000;inf;0;1;Passing;;;0;25956
21c58;16cfb;16b47;0;0;0000000000000080;     1m  3s 562ms 392μs 326ns;191;-1;             10ms 784μs 227ns;0.000000;inf;0.000000;inf;0;1;Passing;;;0;25965
21c4c;16cfb;16b47;0;0;0000000000000080;     1m  3s 562ms  82μs 595ns;191;-1;             11ms 316μs 440ns;0.000000;inf;0.000000;inf;0;1;Passing;;;0;25967
21cba;16cfb;16b47;0;0;0000000000000080;     1m  3s 564ms 544μs 501ns;191;-1;             12ms 293μs 713ns;0.000000;inf;0.000000;inf;0;1;Passing;;;0;25970
21ca7;16cfb;16b47;0;0;0000000000000080;     1m  3s 563ms 935μs 853ns;191;-1;             11ms 858μs 252ns;0.000000;inf;0.000000;inf;0;1;Passing;;;0;25975
21d37;16cfb;16b47;0;0;0000000000000080;     1m  3s 567ms 168μs 499ns;191;-1;             12ms 464μs 714ns;0.000000;inf;0.000000;inf;0;1;Passing;;;0;25976
21d53;16cfb;16b47;0;0;0000000000000080;     1m  3s 568ms 250μs  10ns;191;-1;             12ms 251μs 175ns;0.000000;inf;0.000000;inf;0;1;Passing;;;0;25984
21cfe;16cfb;16b47;0;0;0000000000000080;     1m  3s 565ms 940μs 472ns;191;-1;             12ms 101μs 926ns;0.000000;inf;0.000000;inf;0;1;Passing;;;0;26009
21cf8;16cfb;16b47;0;0;0000000000000080;     1m  3s 565ms 838μs 809ns;191;-1;             12ms 686μs 619ns;0.000000;inf;0.000000;inf;0;1;Passing;;;0;26013
21cef;16cfb;16b47;0;0;0000000000000080;     1m  3s 565ms 687μs 814ns;191;-1;             12ms 578μs  45ns;0.000000;inf;0.000000;inf;0;1;Passing;;;0;26014
21cec;16cfb;16b47;0;0;0000000000000080;     1m  3s 565ms 634μs 892ns;191;-1;             12ms 636μs 804ns;0.000000;inf;0.000000;inf;0;1;Passing;;;0;26016
21ce9;16cfb;16b47;0;0;0000000000000080;     1m  3s 565ms 581μs  85ns;191;-1;             12ms 978μs 825ns;0.000000;inf;0.000000;inf;0;1;Passing;;;0;26017
21ce6;16cfb;16b47;0;0;0000000000000080;     1m  3s 565ms 537μs 633ns;191;-1;             12ms 457μs  14ns;0.000000;inf;0.000000;inf;0;1;Passing;;;0;26018
21ce0;16cfb;16b47;0;0;0000000000000080;     1m  3s 565ms 439μs 117ns;191;-1;             11ms 741μs 208ns;0.000000;inf;0.000000;inf;0;1;Passing;;;0;26021
21cdc;16cfb;16b47;0;0;0000000000000080;     1m  3s 565ms 335μs 839ns;191;-1;             11ms 377μs 901ns;0.000000;inf;0.000000;inf;0;1;Passing;;;0;26023
21cc8;16cfb;16b47;0;0;0000000000000080;     1m  3s 564ms 833μs 636ns;191;-1;             11ms 977μs 558ns;0.000000;inf;0.000000;inf;0;1;Passing;;;0;26030
21ca0;16cfb;16b47;0;0;0000000000000080;     1m  3s 563ms 816μs 631ns;191;-1;             11ms 128μs 669ns;0.000000;inf;0.000000;inf;0;1;Passing;;;0;26034
21c9e;16cfb;16b47;0;0;0000000000000080;     1m  3s 563ms 790μs 867ns;191;-1;             11ms 228μs 628ns;0.000000;inf;0.000000;inf;0;1;Passing;;;0;26036
21c86;16cfb;16b47;0;0;0000000000000080;     1m  3s 563ms 353μs   3ns;191;-1;             12ms 234μs 134ns;0.000000;inf;0.000000;inf;0;1;Passing;;;0;26043
21c83;16cfb;16b47;0;0;0000000000000080;     1m  3s 563ms 267μs 190ns;191;-1;             12ms 218μs  87ns;0.000000;inf;0.000000;inf;0;1;Passing;;;0;26044
21c7d;16cfb;16b47;0;0;0000000000000080;     1m  3s 563ms 204μs 988ns;191;-1;             12ms 485μs 911ns;0.000000;inf;0.000000;inf;0;1;Passing;;;0;26045
21c77;16cfb;16b47;0;0;0000000000000080;     1m  3s 563ms  39μs  20ns;191;-1;             11ms 539μs 394ns;0.000000;inf;0.000000;inf;0;1;Passing;;;0;26047
21c71;16cfb;16b47;0;0;4000000000000080;     1m  3s 562ms 915μs 696ns;191;-1;              8ms 713μs 724ns;0.000000;inf;0.000000;inf;0;1;Passing;;;0;26052
21e89;16cfb;16b47;0;0;0000000000000080;     1m  3s 734ms 700μs 823ns;189;-1;              7ms 860μs  80ns;0.000000;inf;0.000000;inf;0;1;Passing;;;0;26061
21e95;16cfb;16b47;0;0;0000000000000080;     1m  3s 734ms 953μs 129ns;189;-1;              9ms   3μs  71ns;0.000000;inf;0.000000;inf;0;1;Passing;;;0;26064
21f28;16cfb;16b47;0;0;0000000000000080;     1m  3s 737ms 294μs 933ns;189;-1;             12ms 319μs 848ns;0.000000;inf;0.000000;inf;0;1;Passing;;;0;26066
21f27;16cfb;16b47;0;0;0000000000000080;     1m  3s 737ms 285μs 114ns;189;-1;             13ms 378μs 298ns;0.000000;inf;0.000000;inf;0;1;Passing;;;0;26067
21f23;16cfb;16b47;0;0;0000000000000080;     1m  3s 737ms 211μs 799ns;189;-1;             12ms 606μs 598ns;0.000000;inf;0.000000;inf;0;1;Passing;;;0;26068
21f20;16cfb;16b47;0;0;0000000000000080;     1m  3s 737ms 199μs 502ns;189;-1;             12ms 555μs 529ns;0.000000;inf;0.000000;inf;0;1;Passing;;;0;26069
21f8c;16cfb;16b47;0;0;0000000000000080;     1m  3s 739ms 490μs 627ns;189;-1;             11ms 815μs 393ns;0.000000;inf;0.000000;inf;0;1;Passing;;;0;26075
21f71;16cfb;16b47;0;0;0000000000000080;     1m  3s 738ms 758μs 945ns;189;-1;             12ms 279μs 249ns;0.000000;inf;0.000000;inf;0;1;Passing;;;0;26084
21f38;16cfb;16b47;0;0;0000000000000080;     1m  3s 737ms 551μs  79ns;189;-1;             12ms 239μs 348ns;0.000000;inf;0.000000;inf;0;1;Passing;;;0;26104
21f32;16cfb;16b47;0;0;0000000000000080;     1m  3s 737ms 472μs  80ns;189;-1;             13ms 199μs 422ns;0.000000;inf;0.000000;inf;0;1;Passing;;;0;26107
21f1a;16cfb;16b47;0;0;0000000000000080;     1m  3s 737ms 108μs 992ns;189;-1;             11ms 920μs 425ns;0.000000;inf;0.000000;inf;0;1;Passing;;;0;26109
21f05;16cfb;16b47;0;0;0000000000000080;     1m  3s 736ms 817μs 712ns;189;-1;             11ms 656μs 113ns;0.000000;inf;0.000000;inf;0;1;Passing;;;0;26117
21ef6;16cfb;16b47;0;0;0000000000000080;     1m  3s 736ms 380μs 399ns;189;-1;             11ms 645μs 663ns;0.000000;inf;0.000000;inf;0;1;Passing;;;0;26124
21ee4;16cfb;16b47;0;0;0000000000000080;     1m  3s 736ms 119μs 165ns;189;-1;             11ms 151μs 384ns;0.000000;inf;0.000000;inf;0;1;Passing;;;0;26129
21ede;16cfb;16b47;0;0;0000000000000080;     1m  3s 736ms  31μs 796ns;189;-1;             12ms 139μs 927ns;0.000000;inf;0.000000;inf;0;1;Passing;;;0;26131
21edb;16cfb;16b47;0;0;0000000000000080;     1m  3s 735ms 999μs 632ns;189;-1;             12ms 527μs 859ns;0.000000;inf;0.000000;inf;0;1;Passing;;;0;26132
21ec3;16cfb;16b47;0;0;0000000000000080;     1m  3s 735ms 708μs 291ns;189;-1;             11ms 400μs  66ns;0.000000;inf;0.000000;inf;0;1;Passing;;;0;26139
21ebf;16cfb;16b47;0;0;0000000000000080;     1m  3s 735ms 608μs 515ns;189;-1;             12ms 303μs 163ns;0.000000;inf;0.000000;inf;0;1;Passing;;;0;26141
21eba;16cfb;16b47;0;0;0000000000000080;     1m  3s 735ms 526μs 176ns;189;-1;             11ms 887μs 303ns;0.000000;inf;0.000000;inf;0;1;Passing;;;0;26142
21eb3;16cfb;16b47;0;0;0000000000000080;     1m  3s 735ms 443μs 119ns;189;-1;             11ms  97μs 867ns;0.000000;inf;0.000000;inf;0;1;Passing;;;0;26145
21ead;16cfb;16b47;0;0;4000000000000080;     1m  3s 735ms 351μs 962ns;189;-1;              7ms 782μs   1ns;0.000000;inf;0.000000;inf;0;1;Passing;;;0;26147
220c1;16cfb;16b47;0;0;0000000000000080;     1m  3s 903ms   2μs 662ns;187;-1;              8ms   8μs  57ns;0.000000;inf;0.000000;inf;0;1;Passing;;;0;26156
220cd;16cfb;16b47;0;0;0000000000000080;     1m  3s 903ms 410μs 341ns;187;-1;             10ms 168μs 672ns;0.000000;inf;0.000000;inf;0;1;Passing;;;0;26164
22139;16cfb;16b47;0;0;0000000000000080;     1m  3s 905ms 801μs 299ns;187;-1;             12ms   9μs 917ns;0.000000;inf;0.000000;inf;0;1;Passing;;;0;26167
221c0;16cfb;16b47;0;0;0000000000000080;     1m  3s 908ms 755μs 340ns;187;-1;             12ms 121μs 421ns;0.000000;inf;0.000000;inf;0;1;Passing;;;0;26174
221a6;16cfb;16b47;0;0;0000000000000080;     1m  3s 907ms 992μs 491ns;187;-1;             11ms 734μs 904ns;0.000000;inf;0.000000;inf;0;1;Passing;;;0;26182
2216c;16cfb;16b47;0;0;0000000000000080;     1m  3s 906ms 867μs 933ns;187;-1;             12ms 283μs   8ns;0.000000;inf;0.000000;inf;0;1;Passing;;;0;26200
22167;16cfb;16b47;0;0;0000000000000080;     1m  3s 906ms 772μs 751ns;187;-1;             11ms 985μs 251ns;0.000000;inf;0.000000;inf;0;1;Passing;;;0;26204
2215d;16cfb;16b47;0;0;0000000000000080;     1m  3s 906ms 567μs 554ns;187;-1;             12ms 445μs 403ns;0.000000;inf;0.000000;inf;0;1;Passing;;;0;26205
22157;16cfb;16b47;0;0;0000000000000080;     1m  3s 906ms 496μs 630ns;187;-1;             12ms 795μs  49ns;0.000000;inf;0.000000;inf;0;1;Passing;;;0;26206
2215a;16cfb;16b47;0;0;0000000000000080;     1m  3s 906ms 478μs 838ns;187;-1;             12ms 525μs 573ns;0.000000;inf;0.000000;inf;0;1;Passing;;;0;26208
22155;16cfb;16b47;0;0;0000000000000080;     1m  3s 906ms 396μs  54ns;187;-1;             12ms 549μs 437ns;0.000000;inf;0.000000;inf;0;1;Passing;;;0;26209
2214d;16cfb;16b47;0;0;0000000000000080;     1m  3s 906ms 225μs 607ns;187;-1;             11ms 220μs 461ns;0.000000;inf;0.000000;inf;0;1;Passing;;;0;26214
2212a;16cfb;16b47;0;0;0000000000000080;     1m  3s 905ms 495μs 803ns;187;-1;             11ms 545μs 652ns;0.000000;inf;0.000000;inf;0;1;Passing;;;0;26224
22117;16cfb;16b47;0;0;0000000000000080;     1m  3s 904ms 797μs  12ns;187;-1;             13ms  12μs 725ns;0.000000;inf;0.000000;inf;0;1;Passing;;;0;26226
22112;16cfb;16b47;0;0;0000000000000080;     1m  3s 904ms 688μs 527ns;187;-1;             12ms 537μs 420ns;0.000000;inf;0.000000;inf;0;1;Passing;;;0;26227
2210e;16cfb;16b47;0;0;0000000000000080;     1m  3s 904ms 603μs 771ns;187;-1;             11ms 406μs 342ns;0.000000;inf;0.000000;inf;0;1;Passing;;;0;26230
220f8;16cfb;16b47;0;0;0000000000000080;     1m  3s 904ms 166μs  90ns;187;-1;             10ms 697μs 220ns;0.000000;inf;0.000000;inf;0;1;Passing;;;0;26238
220f0;16cfb;16b47;0;0;0000000000000080;     1m  3s 904ms  88μs  29ns;187;-1;             10ms 792μs 145ns;0.000000;inf;0.000000;inf;0;1;Passing;;;0;26239
220eb;16cfb;16b47;0;0;0000000000000080;     1m  3s 903ms 921μs 966ns;187;-1;              7ms 977μs 416ns;0.000000;inf;0.000000;inf;0;1;Passing;;;0;26240
220e5;16cfb;16b47;0;0;4000000000000080;     1m  3s 903ms 842μs 920ns;187;-1;              7ms 905μs 730ns;0.000000;inf;0.000000;inf;0;1;Passing;;;0;26241
222fe;16cfb;16b47;0;0;0000000000000080;     1m  4s  66ms 341μs 629ns;185;-1;              7ms 281μs 130ns;0.000000;inf;0.000000;inf;0;1;Passing;;;0;26249
222f2;16cfb;16b47;0;0;0000000000000080;     1m  4s  66ms 181μs 844ns;185;-1;             10ms 936μs 267ns;0.000000;inf;0.000000;inf;0;1;Passing;;;0;26251
2238b;16cfb;16b47;0;0;0000000000000080;     1m  4s  69ms 427μs 314ns;185;-1;             11ms 852μs 341ns;0.000000;inf;0.000000;inf;0;1;Passing;;;0;26252
22388;16cfb;16b47;0;0;0000000000000080;     1m  4s  69ms 268μs 384ns;185;-1;             12ms 282μs  55ns;0.000000;inf;0.000000;inf;0;1;Passing;;;0;26253
22385;16cfb;16b47;0;0;0000000000000080;     1m  4s  69ms 242μs   3ns;185;-1;             12ms 568μs  87ns;0.000000;inf;0.000000;inf;0;1;Passing;;;0;26254
22380;16cfb;16b47;0;0;0000000000000080;     1m  4s  69ms 116μs 860ns;185;-1;             11ms 771μs 597ns;0.000000;inf;0.000000;inf;0;1;Passing;;;0;26257
223ee;16cfb;16b47;0;0;0000000000000080;     1m  4s  71ms 915μs 422ns;185;-1;             11ms 914μs 591ns;0.000000;inf;0.000000;inf;0;1;Passing;;;0;26266
223d3;16cfb;16b47;0;0;0000000000000080;     1m  4s  71ms 334μs 783ns;185;-1;             11ms 664μs 917ns;0.000000;inf;0.000000;inf;0;1;Passing;;;0;26275
22394;16cfb;16b47;0;0;0000000000000080;     1m  4s  69ms 683μs 300ns;185;-1;             12ms  22μs 557ns;0.000000;inf;0.000000;inf;0;1;Passing;;;0;26294
2239a;16cfb;16b47;0;0;0000000000000080;     1m  4s  69ms 851μs 540ns;185;-1;             13ms  52μs 108ns;0.000000;inf;0.000000;inf;0;1;Passing;;;0;26295
2236a;16cfb;16b47;0;0;0000000000000080;     1m  4s  68ms 579μs 559ns;185;-1;             11ms 324μs 406ns;0.000000;inf;0.000000;inf;0;1;Passing;;;0;26303
2235b;16cfb;16b47;0;0;0000000000000080;     1m  4s  68ms 325μs 512ns;185;-1;             10ms 833μs  62ns;0.000000;inf;0.000000;inf;0;1;Passing;;;0;26309
22349;16cfb;16b47;0;0;0000000000000080;     1m  4s  67ms 929μs 814ns;185;-1;             11ms 265μs 303ns;0.000000;inf;0.000000;inf;0;1;Passing;;;0;26314
22340;16cfb;16b47;0;0;0000000000000080;     1m  4s  67ms 799μs 571ns;185;-1;             11ms 274μs 168ns;0.000000;inf;0.000000;inf;0;1;Passing;;;0;26316
22342;16cfb;16b47;0;0;0000000000000080;     1m  4s  67ms 758μs  62ns;185;-1;             11ms 636μs 455ns;0.000000;inf;0.000000;inf;0;1;Passing;;;0;26318
22327;16cfb;16b47;0;0;0000000000000080;     1m  4s  67ms 227μs 106ns;185;-1;             11ms 893μs 238ns;0.000000;inf;0.000000;inf;0;1;Passing;;;0;26325
22322;16cfb;16b47;0;0;0000000000000080;     1m  4s  67ms 131μs 374ns;185;-1;             11ms 941μs 847ns;0.000000;inf;0.000000;inf;0;1;Passing;;;0;26326
2231c;16cfb;16b47;0;0;0000000000000080;     1m  4s  67ms  42μs 869ns;185;-1;             11ms 875μs 918ns;0.000000;inf;0.000000;inf;0;1;Passing;;;0;26328
22316;16cfb;16b47;0;0;0000000000000080;     1m  4s  66ms 973μs 928ns;185;-1;             11ms 640μs 756ns;0.000000;inf;0.000000;inf;0;1;Passing;;;0;26331
2251d;16cfb;16b47;0;0;0000000000000080;     1m  4s 227ms 608μs 140ns;183;-1;             10ms 889μs 953ns;0.000000;inf;0.000000;inf;0;1;Passing;;;0;26345
22529;16cfb;16b47;0;0;0000000000000080;     1m  4s 227ms 839μs 380ns;183;-1;             11ms 370μs 273ns;0.000000;inf;0.000000;inf;0;1;Passing;;;0;26346
22585;16cfb;16b47;0;0;0000000000000080;     1m  4s 229ms 782μs 322ns;183;-1;             10ms 528μs  60ns;0.000000;inf;0.000000;inf;0;1;Passing;;;0;26351
22575;16cfb;16b47;0;15;0000000000000080;     1m  4s 229ms 369μs 267ns;183;-1;             11ms 795μs 381ns;0.000000;inf;0.000000;inf;0;1;Passing;;;0;26353
225ad;16cfb;16b47;0;0;0000000000000080;     1m  4s 230ms 643μs 385ns;183;-1;             12ms  37μs 431ns;0.000000;inf;0.000000;inf;0;1;Passing;;;0;26354
22617;16cfb;16b47;0;0;0000000000000080;     1m  4s 232ms 796μs 569ns;183;-1;             11ms  33μs 550ns;0.000000;inf;0.000000;inf;0;1;Passing;;;0;26361
225fb;16cfb;16b47;0;0;0000000000000080;     1m  4s 232ms   6μs 580ns;183;-1;             11ms 838μs  49ns;0.000000;inf;0.000000;inf;0;1;Passing;;;0;26371
225bf;16cfb;16b47;0;0;0000000000000080;     1m  4s 230ms 932μs 248ns;183;-1;             11ms 571μs 795ns;0.000000;inf;0.000000;inf;0;1;Passing;;;0;26391
225b6;16cfb;16b47;0;0;0000000000000080;     1m  4s 230ms 810μs 875ns;183;-1;             12ms 791μs 306ns;0.000000;inf;0.000000;inf;0;1;Passing;;;0;26392
225b3;16cfb;16b47;0;0;0000000000000080;     1m  4s 230ms 750μs 878ns;183;-1;             11ms 841μs 840ns;0.000000;inf;0.000000;inf;0;1;Passing;;;0;26393
225b0;16cfb;16b47;0;0;0000000000000080;     1m  4s 230ms 707μs 703ns;183;-1;             11ms 490μs 964ns;0.000000;inf;0.000000;inf;0;1;Passing;;;0;26396
22595;16cfb;16b47;0;0;0000000000000080;     1m  4s 230ms 105μs 803ns;183;-1;             11ms 406μs 568ns;0.000000;inf;0.000000;inf;0;1;Passing;;;0;26404
2256e;16cfb;16b47;0;0;0000000000000080;     1m  4s 229ms 176μs 692ns;183;-1;             11ms 624μs 154ns;0.000000;inf;0.000000;inf;0;1;Passing;;;0;26407
2256c;16cfb;16b47;0;0;0000000000000080;     1m  4s 229ms  61μs 978ns;183;-1;             11ms 553μs 845ns;0.000000;inf;0.000000;inf;0;1;Passing;;;0;26410
22553;16cfb;16b47;0;0;0000000000000080;     1m  4s 228ms 659μs 412ns;183;-1;             11ms 283μs 331ns;0.000000;inf;0.000000;inf;0;1;Passing;;;0;26417
2254d;16cfb;16b47;0;0;0000000000000080;     1m  4s 228ms 562μs  74ns;183;-1;             11ms 141μs 368ns;0.000000;inf;0.000000;inf;0;1;Passing;;;0;26418
22541;16cfb;16b47;0;0;0000000000000080;     1m  4s 228ms 392μs 446ns;183;-1;             11ms 467μs 471ns;0.000000;inf;0.000000;inf;0;1;Passing;;;0;26422
22547;16cfb;16b47;0;0;0000000000000080;     1m  4s 228ms 463μs 709ns;183;-1;             12ms  19μs 482ns;0.000000;inf;0.000000;inf;0;1;Passing;;;0;26423
22bde;16cfb;16b47;0;0;0000000000000080;     1m  4s 483ms 822μs 468ns;182;-1;             11ms 659μs 870ns;0.000000;inf;0.000000;inf;0;1;Passing;;;0;26530
