# unix_time, cycles_done, cur_path, paths_total, pending_total, pending_favs, map_size, unique_crashes, unique_hangs, max_depth, execs_per_sec
1747774287, 0, 0, 1, 1, 1, 5.62%, 0, 0, 1, 28.27
1747774292, 0, 0, 17, 17, 1, 6.36%, 0, 0, 2, 27.53
1747774297, 0, 0, 33, 33, 1, 6.36%, 0, 0, 2, 28.22
1747774302, 0, 0, 49, 49, 1, 6.36%, 0, 0, 2, 28.61
1747774307, 0, 0, 65, 65, 1, 6.36%, 0, 0, 2, 28.54
1747774313, 0, 0, 81, 81, 1, 6.39%, 0, 0, 2, 27.60
1747774318, 0, 0, 90, 90, 1, 6.81%, 0, 0, 2, 18.80
1747774323, 0, 0, 97, 97, 1, 6.84%, 0, 0, 2, 15.94
1747774328, 0, 0, 104, 104, 1, 6.85%, 0, 0, 2, 13.86
1747774333, 0, 0, 111, 111, 1, 6.86%, 0, 0, 2, 12.75
1747774338, 0, 0, 117, 117, 1, 7.05%, 0, 0, 2, 12.21
1747774343, 0, 0, 125, 125, 1, 7.05%, 0, 0, 2, 14.17
1747774349, 0, 0, 133, 133, 1, 7.05%, 0, 0, 2, 14.19
1747774354, 0, 0, 139, 139, 1, 7.05%, 0, 0, 2, 14.04
1747774359, 0, 0, 147, 147, 1, 7.05%, 0, 0, 2, 15.23
1747774364, 0, 0, 156, 156, 1, 7.05%, 0, 0, 2, 15.57
1747774369, 0, 0, 163, 163, 1, 7.05%, 0, 0, 2, 14.40
1747774374, 0, 0, 170, 170, 1, 7.05%, 0, 0, 2, 12.73
1747774379, 0, 0, 175, 175, 1, 7.05%, 0, 0, 2, 11.32
1747774384, 0, 0, 184, 184, 1, 7.05%, 0, 0, 2, 15.20
1747774389, 0, 0, 191, 191, 1, 7.05%, 0, 0, 2, 14.83
1747774394, 0, 0, 198, 198, 1, 7.06%, 0, 0, 2, 15.16
1747774400, 0, 0, 204, 204, 1, 7.06%, 0, 0, 2, 12.98
1747774405, 0, 0, 210, 210, 1, 7.06%, 0, 0, 2, 11.48
1747774410, 0, 0, 215, 215, 1, 7.20%, 0, 0, 2, 11.61
1747774415, 0, 0, 222, 222, 1, 7.21%, 0, 0, 2, 13.19
1747774420, 0, 0, 228, 228, 1, 7.21%, 0, 0, 2, 12.49
1747774425, 0, 0, 234, 234, 1, 7.21%, 0, 0, 2, 11.84
1747774430, 0, 0, 241, 241, 1, 7.21%, 0, 0, 2, 12.46
1747774436, 0, 0, 246, 246, 1, 7.21%, 0, 0, 2, 12.42
1747774441, 0, 0, 252, 252, 1, 7.21%, 0, 0, 2, 11.77
1747774446, 0, 0, 258, 258, 1, 7.21%, 0, 0, 2, 12.02
1747774451, 0, 0, 264, 264, 1, 7.21%, 0, 0, 2, 12.89
1747774456, 0, 0, 270, 270, 1, 7.21%, 0, 0, 2, 12.84
1747774461, 0, 0, 276, 276, 1, 7.21%, 0, 0, 2, 11.81
1747774466, 0, 0, 282, 282, 1, 7.21%, 0, 0, 2, 11.75
1747774472, 0, 0, 292, 292, 1, 7.21%, 0, 0, 2, 16.55
1747774477, 0, 0, 297, 297, 1, 7.21%, 0, 0, 2, 12.73
1747774482, 0, 0, 303, 303, 1, 7.21%, 0, 0, 2, 12.68
1747774487, 0, 0, 308, 308, 1, 7.21%, 0, 0, 2, 12.50
1747774492, 0, 0, 314, 314, 1, 7.21%, 0, 0, 2, 13.14
1747774497, 0, 0, 321, 321, 1, 7.21%, 0, 0, 2, 13.80
1747774502, 0, 0, 328, 328, 1, 7.21%, 0, 0, 2, 15.40
1747774507, 0, 0, 332, 332, 1, 7.21%, 0, 0, 2, 12.94
1747774513, 0, 0, 337, 337, 1, 7.21%, 0, 0, 2, 12.10
1747774518, 0, 0, 342, 342, 1, 7.21%, 0, 0, 2, 13.15
1747774523, 0, 0, 348, 348, 1, 7.21%, 0, 0, 2, 13.42
1747774528, 0, 0, 354, 354, 1, 7.21%, 0, 0, 2, 13.97
1747774533, 0, 0, 360, 360, 1, 7.21%, 0, 0, 2, 15.62
1747774538, 0, 0, 366, 366, 1, 7.21%, 0, 0, 2, 13.59
1747774543, 0, 0, 372, 372, 1, 7.26%, 0, 0, 2, 12.29
1747774549, 0, 0, 375, 375, 1, 7.26%, 0, 0, 2, 9.96
1747774554, 0, 0, 381, 381, 1, 7.26%, 0, 0, 2, 13.86
1747774559, 0, 0, 387, 387, 1, 7.26%, 0, 0, 2, 13.52
1747774564, 0, 0, 391, 391, 1, 7.34%, 0, 0, 2, 11.67
1747774569, 0, 0, 397, 397, 1, 7.34%, 0, 0, 2, 12.61
1747774574, 0, 0, 402, 402, 1, 7.34%, 0, 0, 2, 12.92
1747774579, 0, 0, 410, 410, 1, 7.34%, 0, 0, 2, 16.24
1747774585, 0, 0, 417, 417, 1, 7.34%, 0, 0, 2, 14.28
1747774590, 0, 0, 421, 421, 1, 7.34%, 0, 0, 2, 10.91
1747774595, 0, 0, 426, 426, 1, 7.34%, 0, 0, 2, 11.55
1747774600, 0, 0, 431, 431, 1, 7.34%, 0, 0, 2, 11.88
1747774605, 0, 0, 435, 435, 1, 7.34%, 0, 0, 2, 10.28
1747774610, 0, 0, 439, 439, 1, 7.34%, 0, 0, 2, 10.77
1747774615, 0, 0, 445, 445, 1, 7.34%, 0, 0, 2, 15.01
1747774620, 0, 0, 448, 448, 1, 7.34%, 0, 0, 2, 13.82
1747774625, 0, 0, 452, 452, 1, 7.34%, 0, 0, 2, 15.12
1747774630, 0, 0, 457, 457, 1, 7.34%, 0, 0, 2, 14.65
1747774636, 0, 0, 462, 462, 1, 7.34%, 0, 0, 2, 12.17
1747774641, 0, 0, 467, 467, 1, 7.34%, 0, 0, 2, 13.57
1747774646, 0, 0, 471, 471, 1, 7.34%, 0, 0, 2, 12.84
1747774651, 0, 0, 476, 476, 1, 7.34%, 0, 0, 2, 12.69
1747774656, 0, 0, 480, 480, 1, 7.34%, 0, 0, 2, 10.90
1747774661, 0, 0, 483, 483, 1, 7.34%, 0, 0, 2, 12.03
1747774666, 0, 0, 486, 486, 1, 7.34%, 0, 0, 2, 13.41
1747774671, 0, 0, 490, 490, 1, 7.34%, 0, 0, 2, 11.75
1747774677, 0, 0, 494, 494, 1, 7.34%, 0, 0, 2, 14.87
1747774682, 0, 0, 498, 498, 1, 7.44%, 0, 0, 2, 12.22
1747774687, 0, 0, 501, 501, 1, 7.44%, 0, 0, 2, 11.58
1747774692, 0, 0, 504, 504, 1, 7.44%, 0, 0, 2, 15.44
1747774697, 0, 0, 507, 507, 1, 7.44%, 0, 0, 2, 14.54
1747774702, 0, 0, 512, 512, 1, 7.50%, 0, 0, 2, 14.42
1747774707, 0, 0, 517, 517, 1, 7.50%, 0, 0, 2, 13.60
1747774712, 0, 0, 521, 521, 1, 7.50%, 0, 0, 2, 15.44
1747774717, 0, 0, 525, 525, 1, 7.50%, 0, 0, 2, 14.75
1747774723, 0, 0, 528, 528, 1, 7.50%, 0, 0, 2, 14.56
1747774728, 0, 0, 531, 531, 1, 7.50%, 0, 0, 2, 13.49
1747774733, 0, 0, 535, 535, 1, 7.50%, 0, 0, 2, 13.18
1747774738, 0, 0, 541, 541, 1, 7.50%, 0, 0, 2, 16.43
1747774743, 0, 0, 543, 543, 1, 7.51%, 0, 0, 2, 6.45
1747774748, 0, 0, 545, 545, 1, 7.51%, 0, 0, 2, 13.99
1747774753, 0, 0, 548, 548, 1, 7.51%, 0, 0, 2, 14.12
1747774759, 0, 0, 551, 551, 1, 7.51%, 0, 0, 2, 15.04
1747774764, 0, 0, 552, 552, 1, 7.51%, 0, 0, 2, 16.03
1747774769, 0, 0, 554, 554, 1, 7.51%, 0, 0, 2, 14.82
1747774774, 0, 0, 555, 555, 1, 7.51%, 0, 0, 2, 14.69
1747774779, 0, 0, 558, 558, 1, 7.51%, 0, 0, 2, 14.11
1747774784, 0, 0, 559, 559, 1, 7.51%, 0, 0, 2, 13.78
1747774789, 0, 0, 564, 564, 1, 7.51%, 0, 0, 2, 14.37
1747774794, 0, 0, 567, 567, 1, 7.51%, 0, 0, 2, 14.50
1747774800, 0, 0, 568, 568, 1, 7.51%, 0, 0, 2, 15.05
1747774805, 0, 0, 571, 571, 1, 7.51%, 0, 0, 2, 12.84
1747774810, 0, 0, 572, 572, 1, 7.51%, 0, 0, 2, 12.58
1747774815, 0, 0, 574, 574, 1, 7.51%, 0, 0, 2, 11.77
1747774820, 0, 0, 575, 575, 1, 7.51%, 0, 0, 2, 13.05
1747774825, 0, 0, 577, 577, 1, 7.68%, 0, 0, 2, 12.05
1747774830, 0, 0, 578, 578, 1, 7.68%, 0, 0, 2, 13.18
1747774835, 0, 0, 580, 580, 1, 7.68%, 0, 0, 2, 10.96
1747774841, 0, 0, 582, 582, 1, 7.68%, 0, 0, 2, 13.73
1747774846, 0, 0, 583, 583, 1, 7.68%, 0, 0, 2, 13.19
1747774851, 0, 0, 586, 586, 1, 7.68%, 0, 0, 2, 13.11
1747774856, 0, 0, 588, 588, 1, 7.68%, 0, 0, 2, 13.92
1747774866, 0, 0, 589, 589, 1, 7.68%, 0, 0, 2, 14.27
1747774872, 0, 0, 591, 591, 1, 7.68%, 0, 0, 2, 15.59
1747774877, 0, 0, 593, 593, 1, 7.68%, 0, 0, 2, 15.23
1747774882, 0, 0, 595, 595, 1, 7.68%, 0, 0, 2, 15.13
1747774887, 0, 0, 599, 599, 1, 7.68%, 0, 0, 2, 14.95
1747774892, 0, 0, 601, 601, 1, 7.68%, 0, 0, 2, 11.89
1747774897, 0, 0, 602, 602, 1, 7.68%, 0, 0, 2, 12.64
1747774902, 0, 0, 603, 603, 1, 7.68%, 0, 0, 2, 15.12
1747774907, 0, 0, 604, 604, 1, 7.68%, 0, 0, 2, 16.08
1747774913, 0, 0, 605, 605, 1, 7.68%, 0, 0, 2, 12.93
1747774923, 0, 0, 606, 606, 1, 7.68%, 0, 0, 2, 14.70
1747774933, 0, 0, 608, 608, 1, 7.69%, 0, 0, 2, 14.36
1747774938, 0, 0, 609, 609, 1, 7.69%, 0, 0, 2, 14.98
1747774944, 0, 0, 610, 610, 1, 7.69%, 0, 0, 2, 12.37
1747774949, 0, 0, 611, 611, 1, 7.69%, 0, 0, 2, 15.02
1747774954, 0, 0, 612, 612, 1, 7.69%, 0, 0, 2, 14.98
1747774964, 0, 0, 613, 613, 1, 7.69%, 0, 0, 2, 14.56
1747774969, 0, 0, 615, 615, 1, 7.69%, 0, 0, 2, 14.04
1747774974, 0, 0, 617, 617, 1, 7.69%, 0, 0, 2, 13.22
1747774980, 0, 0, 618, 618, 1, 7.69%, 0, 0, 2, 13.54
1747774990, 0, 0, 619, 619, 1, 7.69%, 0, 0, 2, 15.44
1747775000, 0, 0, 621, 621, 1, 7.69%, 0, 0, 2, 11.56
1747775005, 0, 0, 622, 622, 1, 7.69%, 0, 0, 2, 12.10
1747775016, 0, 0, 623, 623, 1, 7.69%, 0, 0, 2, 13.18
1747775026, 0, 0, 624, 624, 1, 7.69%, 0, 0, 2, 11.34
1747775031, 0, 0, 625, 625, 1, 7.69%, 0, 0, 2, 14.26
1747775036, 0, 0, 626, 626, 1, 7.69%, 0, 0, 2, 14.64
1747775046, 0, 0, 627, 627, 1, 7.69%, 0, 0, 2, 14.59
1747775052, 0, 0, 628, 628, 1, 7.69%, 0, 0, 2, 17.21
1747775067, 0, 0, 629, 629, 1, 7.69%, 0, 0, 2, 14.82
1747775072, 0, 0, 630, 630, 1, 7.69%, 0, 0, 2, 14.23
1747775082, 0, 0, 631, 631, 1, 7.69%, 0, 0, 2, 14.58
1747775087, 0, 0, 632, 632, 1, 7.70%, 0, 0, 2, 13.66
1747775123, 0, 1, 633, 632, 22, 7.70%, 0, 0, 2, 12.87
1747775128, 0, 1, 635, 634, 22, 7.70%, 0, 0, 2, 6.68
1747775133, 0, 1, 636, 635, 22, 7.70%, 0, 0, 2, 6.18
1747775139, 0, 1, 638, 637, 22, 7.70%, 0, 0, 2, 5.56
1747775144, 0, 1, 639, 638, 22, 7.70%, 0, 0, 2, 6.04
1747775149, 0, 1, 641, 640, 22, 7.70%, 0, 0, 2, 4.96
1747775154, 0, 1, 642, 641, 22, 7.70%, 0, 0, 2, 5.72
1747775159, 0, 1, 644, 643, 22, 7.70%, 0, 0, 2, 6.43
1747775164, 0, 1, 645, 644, 22, 7.70%, 0, 0, 2, 5.45
1747775169, 0, 1, 646, 645, 22, 7.70%, 0, 0, 2, 4.99
1747775174, 0, 1, 648, 647, 22, 7.70%, 0, 0, 2, 4.77
1747775180, 0, 1, 649, 648, 22, 7.70%, 0, 0, 2, 4.75
1747775185, 0, 1, 650, 649, 22, 7.70%, 0, 0, 2, 6.43
1747775190, 0, 1, 652, 651, 22, 7.70%, 0, 0, 2, 5.06
1747775195, 0, 1, 653, 652, 22, 7.70%, 0, 0, 2, 6.75
1747775205, 0, 1, 655, 654, 22, 7.70%, 0, 0, 2, 5.26
1747775211, 0, 1, 656, 655, 22, 7.97%, 0, 0, 2, 4.70
1747775216, 0, 1, 657, 656, 22, 7.97%, 0, 0, 2, 5.14
1747775221, 0, 1, 658, 657, 22, 7.97%, 0, 0, 2, 5.47
1747775226, 0, 1, 659, 658, 22, 7.97%, 0, 0, 2, 7.37
1747775231, 0, 1, 660, 659, 22, 7.97%, 0, 0, 2, 6.90
1747775236, 0, 1, 663, 662, 22, 7.99%, 0, 0, 2, 5.77
1747775242, 0, 1, 664, 663, 22, 7.99%, 0, 0, 2, 5.35
1747775247, 0, 1, 665, 664, 22, 7.99%, 0, 0, 2, 5.56
1747775252, 0, 1, 666, 665, 22, 7.99%, 0, 0, 2, 5.74
1747775263, 0, 1, 667, 666, 22, 7.99%, 0, 0, 2, 6.38
1747775268, 0, 1, 668, 667, 22, 7.99%, 0, 0, 2, 6.55
1747775278, 0, 1, 669, 668, 22, 7.99%, 0, 0, 2, 6.39
1747775283, 0, 1, 670, 669, 22, 7.99%, 0, 0, 2, 6.39
1747775288, 0, 1, 671, 670, 22, 8.21%, 0, 0, 2, 5.43
1747775293, 0, 1, 672, 671, 22, 8.21%, 0, 0, 2, 4.98
1747775299, 0, 1, 674, 673, 22, 8.21%, 0, 0, 2, 5.05
1747775304, 0, 1, 676, 675, 22, 8.21%, 0, 0, 2, 4.56
1747775309, 0, 1, 678, 677, 22, 8.35%, 0, 0, 2, 4.22
1747775319, 0, 1, 680, 679, 22, 8.35%, 0, 0, 2, 4.84
1747775325, 0, 1, 681, 680, 22, 8.36%, 0, 0, 2, 4.11
1747775330, 0, 1, 682, 681, 22, 8.36%, 0, 0, 2, 4.72
1747775335, 0, 1, 685, 684, 22, 8.40%, 0, 0, 2, 5.16
1747775340, 0, 1, 686, 685, 22, 8.40%, 0, 0, 2, 5.05
1747775345, 0, 1, 687, 686, 22, 8.40%, 0, 0, 2, 4.78
1747775350, 0, 1, 688, 687, 22, 8.40%, 0, 0, 2, 5.89
1747775355, 0, 1, 689, 688, 22, 8.40%, 0, 0, 2, 5.44
1747775371, 0, 1, 690, 689, 22, 8.40%, 0, 0, 2, 7.13
1747775381, 0, 1, 691, 690, 22, 8.40%, 0, 0, 2, 6.37
1747775397, 0, 1, 693, 692, 22, 8.56%, 0, 0, 2, 5.36
1747775402, 0, 1, 694, 693, 22, 8.56%, 0, 0, 2, 4.63
1747775407, 0, 1, 695, 694, 22, 8.56%, 0, 0, 2, 4.42
1747775412, 0, 1, 696, 695, 22, 8.56%, 0, 0, 2, 4.86
1747775417, 0, 1, 697, 696, 22, 8.56%, 0, 0, 2, 6.02
1747775422, 0, 1, 698, 697, 22, 8.56%, 0, 0, 2, 4.89
1747775427, 0, 1, 699, 698, 22, 8.56%, 0, 0, 2, 4.75
1747775433, 0, 1, 700, 699, 22, 8.56%, 0, 0, 2, 5.09
1747775438, 0, 1, 701, 700, 22, 8.56%, 0, 0, 2, 5.91
1747775443, 0, 1, 703, 702, 22, 8.56%, 0, 0, 2, 5.07
1747775453, 0, 1, 704, 703, 22, 8.56%, 0, 0, 2, 5.74
1747775458, 0, 1, 705, 704, 22, 8.56%, 0, 0, 2, 6.95
1747775479, 0, 1, 706, 705, 22, 8.56%, 0, 0, 2, 7.28
1747775494, 0, 1, 707, 706, 22, 8.56%, 0, 0, 2, 6.60
1747775510, 0, 1, 708, 707, 22, 8.56%, 0, 0, 2, 5.98
1747775515, 0, 1, 709, 708, 22, 8.57%, 0, 0, 2, 7.59
1747775520, 0, 1, 710, 709, 22, 8.57%, 0, 0, 2, 5.61
1747775525, 0, 4, 711, 710, 23, 8.57%, 0, 0, 2, 5.78
1747775531, 0, 4, 712, 711, 23, 8.57%, 0, 0, 2, 5.12
1747775536, 0, 4, 713, 712, 23, 8.57%, 0, 0, 2, 4.85
1747775546, 0, 4, 714, 713, 23, 8.57%, 0, 0, 2, 5.93
1747775567, 0, 4, 715, 714, 23, 8.57%, 0, 0, 2, 6.09
1747775572, 0, 4, 716, 715, 23, 8.57%, 0, 0, 2, 6.34
1747775577, 0, 4, 717, 716, 23, 8.57%, 0, 0, 2, 5.10
1747775603, 0, 4, 718, 717, 23, 8.57%, 0, 0, 2, 5.07
1747775618, 0, 4, 719, 718, 23, 8.57%, 0, 0, 2, 5.89
1747775649, 0, 4, 720, 719, 23, 8.57%, 0, 0, 2, 7.04
1747775665, 0, 4, 721, 720, 23, 8.57%, 0, 0, 2, 5.12
1747775675, 0, 4, 722, 721, 23, 8.57%, 0, 0, 2, 5.51
1747775680, 0, 4, 723, 722, 23, 8.57%, 0, 0, 2, 5.29
1747775696, 0, 4, 724, 723, 23, 8.57%, 0, 0, 2, 5.54
1747775701, 0, 4, 725, 724, 23, 8.57%, 0, 0, 2, 5.11
1747775706, 0, 4, 726, 725, 23, 8.57%, 0, 0, 2, 4.94
1747775727, 0, 4, 727, 726, 23, 8.57%, 0, 0, 2, 5.22
1747775747, 0, 4, 728, 727, 23, 8.57%, 0, 0, 2, 5.30
1747775762, 0, 4, 729, 728, 23, 8.57%, 0, 0, 2, 6.49
1747775768, 0, 4, 730, 729, 23, 8.57%, 0, 0, 2, 5.54
1747775773, 0, 4, 731, 730, 23, 8.57%, 0, 0, 2, 4.93
1747775794, 0, 4, 732, 731, 23, 8.57%, 0, 0, 2, 6.45
1747775840, 0, 5, 733, 732, 23, 8.57%, 0, 0, 2, 4.60
1747775856, 0, 5, 734, 733, 23, 8.57%, 0, 0, 2, 5.68
1747775866, 0, 5, 735, 734, 23, 8.59%, 0, 0, 2, 5.61
1747775871, 0, 5, 736, 735, 23, 8.59%, 0, 0, 2, 4.31
1747775876, 0, 5, 738, 737, 23, 8.59%, 0, 0, 2, 4.51
1747775881, 0, 5, 739, 738, 23, 8.59%, 0, 0, 2, 4.85
1747775886, 0, 5, 740, 739, 23, 8.59%, 0, 0, 2, 5.91
1747775918, 0, 5, 742, 741, 23, 8.59%, 0, 0, 2, 6.17
1747775928, 0, 5, 743, 742, 23, 8.59%, 0, 0, 2, 4.88
1747775933, 0, 5, 744, 743, 23, 8.59%, 0, 0, 2, 4.97
1747775943, 0, 5, 745, 744, 23, 8.59%, 0, 0, 2, 5.87
1747775954, 0, 5, 746, 745, 23, 8.59%, 0, 0, 2, 5.28
1747775959, 0, 5, 747, 746, 23, 8.59%, 0, 0, 2, 6.24
1747775969, 0, 5, 748, 747, 23, 8.59%, 0, 0, 2, 5.64
1747775995, 0, 5, 749, 748, 23, 8.59%, 0, 0, 2, 6.16
1747776000, 0, 5, 750, 749, 23, 8.59%, 0, 0, 2, 5.03
1747776011, 0, 5, 751, 750, 23, 8.59%, 0, 0, 2, 5.98
1747776036, 0, 5, 752, 751, 23, 8.59%, 0, 0, 2, 5.90
1747776047, 0, 5, 753, 752, 23, 8.59%, 0, 0, 2, 5.30
1747776088, 0, 5, 754, 753, 23, 8.59%, 0, 0, 2, 6.65
1747776104, 0, 5, 755, 754, 23, 8.59%, 0, 0, 2, 5.40
1747776125, 0, 5, 756, 755, 23, 8.60%, 0, 0, 2, 6.43
1747776140, 0, 5, 757, 756, 23, 8.60%, 0, 0, 2, 5.42
1747776156, 0, 6, 757, 756, 23, 8.60%, 0, 0, 2, 7.09
1747776161, 0, 6, 758, 757, 23, 8.60%, 0, 0, 2, 5.42
1747776171, 0, 8, 758, 757, 23, 8.60%, 0, 0, 2, 5.81
1747776182, 0, 9, 758, 757, 23, 8.60%, 0, 0, 2, 6.59
1747776192, 0, 10, 759, 758, 23, 8.60%, 0, 0, 2, 5.41
1747776197, 0, 10, 760, 759, 23, 8.60%, 0, 0, 2, 4.80
1747776208, 0, 10, 761, 760, 23, 8.73%, 0, 0, 2, 7.63
1747776218, 0, 10, 762, 761, 23, 8.73%, 0, 0, 2, 5.13
1747776228, 0, 10, 763, 762, 23, 8.73%, 0, 0, 2, 5.64
1747776233, 0, 10, 764, 763, 23, 8.76%, 0, 0, 2, 4.91
1747776244, 0, 10, 765, 764, 23, 8.76%, 0, 0, 2, 3.90
1747776249, 0, 10, 766, 765, 23, 8.76%, 0, 0, 2, 3.98
1747776254, 0, 10, 768, 767, 23, 8.77%, 0, 0, 2, 4.27
1747776265, 0, 10, 769, 768, 23, 8.77%, 0, 0, 2, 6.58
1747776275, 0, 10, 770, 769, 23, 8.77%, 0, 0, 2, 4.73
1747776280, 0, 10, 771, 770, 23, 8.77%, 0, 0, 2, 3.95
1747776286, 0, 10, 772, 771, 23, 8.77%, 0, 0, 2, 3.00
1747776291, 0, 10, 773, 772, 23, 8.77%, 0, 0, 2, 4.92
1747776307, 0, 10, 774, 773, 23, 8.77%, 0, 0, 2, 4.35
1747776312, 0, 10, 775, 774, 23, 8.77%, 0, 0, 2, 3.35
1747776317, 0, 10, 776, 775, 23, 8.77%, 0, 0, 2, 3.37
1747776322, 0, 10, 777, 776, 23, 8.77%, 0, 0, 2, 3.63
1747776328, 0, 10, 778, 777, 23, 8.77%, 0, 0, 2, 3.82
1747776333, 0, 10, 779, 778, 23, 8.77%, 0, 0, 2, 3.41
1747776343, 0, 10, 780, 779, 23, 8.77%, 0, 0, 2, 3.88
1747776353, 0, 10, 781, 780, 23, 8.77%, 0, 0, 2, 4.41
1747776368, 0, 10, 782, 781, 23, 8.77%, 0, 0, 2, 5.04
1747776379, 0, 10, 783, 782, 23, 8.77%, 0, 0, 2, 5.02
1747776389, 0, 10, 784, 783, 23, 8.77%, 0, 0, 2, 4.26
1747776400, 0, 10, 785, 784, 23, 8.77%, 0, 0, 2, 4.62
1747776405, 0, 10, 786, 785, 23, 8.77%, 0, 0, 2, 4.63
1747776415, 0, 10, 787, 786, 23, 8.77%, 0, 0, 2, 6.82
1747776426, 0, 10, 789, 788, 23, 8.77%, 0, 0, 2, 3.92
1747776441, 0, 10, 790, 789, 23, 8.77%, 0, 0, 2, 3.99
1747776447, 0, 10, 791, 790, 23, 8.77%, 0, 0, 2, 3.30
1747776452, 0, 10, 792, 791, 23, 8.77%, 0, 0, 2, 3.98
1747776462, 0, 10, 793, 792, 23, 8.77%, 0, 0, 2, 3.35
1747776472, 0, 10, 795, 794, 23, 8.77%, 0, 0, 2, 5.75
1747776478, 0, 10, 796, 795, 23, 8.77%, 0, 0, 2, 3.98
1747776488, 0, 10, 797, 796, 23, 8.84%, 0, 0, 2, 4.01
1747776499, 0, 10, 798, 797, 23, 8.84%, 0, 0, 2, 5.83
1747776515, 0, 10, 799, 798, 23, 8.84%, 0, 0, 2, 4.23
1747776520, 0, 10, 801, 800, 23, 8.84%, 0, 0, 2, 3.42
1747776531, 0, 10, 802, 801, 23, 8.88%, 0, 0, 2, 3.58
1747776541, 0, 10, 803, 802, 23, 8.88%, 0, 0, 2, 4.46
1747776547, 0, 10, 804, 803, 23, 8.88%, 0, 0, 2, 3.28
1747776557, 0, 10, 805, 804, 23, 8.88%, 0, 0, 2, 5.08
1747776568, 0, 10, 806, 805, 23, 8.88%, 0, 0, 2, 4.06
1747776579, 0, 10, 807, 806, 23, 8.88%, 0, 0, 2, 4.40
1747776584, 0, 10, 808, 807, 23, 8.88%, 0, 0, 2, 3.58
1747776590, 0, 10, 809, 808, 23, 8.88%, 0, 0, 2, 3.78
1747776601, 0, 10, 810, 809, 23, 8.88%, 0, 0, 2, 3.00
1747776606, 0, 10, 811, 810, 23, 8.88%, 0, 0, 2, 4.14
1747776616, 0, 10, 812, 811, 23, 8.88%, 0, 0, 2, 3.81
1747776626, 0, 10, 813, 812, 23, 8.89%, 0, 0, 2, 6.08
1747776632, 0, 10, 814, 813, 23, 8.89%, 0, 0, 2, 4.65
1747776637, 0, 10, 815, 814, 23, 8.89%, 0, 0, 2, 4.27
1747776653, 0, 10, 816, 815, 23, 8.89%, 0, 0, 2, 5.39
1747776669, 0, 10, 817, 816, 23, 8.89%, 0, 0, 2, 1.32
1747776679, 0, 10, 818, 817, 23, 8.89%, 0, 0, 2, 3.31
1747776689, 0, 10, 819, 818, 23, 8.89%, 0, 0, 2, 4.15
1747776694, 0, 10, 820, 819, 23, 8.89%, 0, 0, 2, 6.30
1747776705, 0, 10, 821, 820, 23, 8.89%, 0, 0, 2, 5.01
1747776715, 0, 10, 822, 821, 23, 8.89%, 0, 0, 2, 3.90
1747776726, 0, 10, 823, 822, 23, 8.89%, 0, 0, 2, 4.74
1747776731, 0, 12, 824, 823, 25, 8.89%, 0, 0, 2, 4.31
1747776737, 0, 12, 825, 824, 25, 8.89%, 0, 0, 2, 3.30
1747776742, 0, 12, 826, 825, 25, 8.89%, 0, 0, 2, 2.98
1747776748, 0, 12, 827, 826, 25, 8.89%, 0, 0, 2, 2.73
1747776758, 0, 12, 828, 827, 25, 8.89%, 0, 0, 2, 4.08
1747776763, 0, 12, 829, 828, 25, 8.89%, 0, 0, 2, 3.54
1747776779, 0, 12, 830, 829, 25, 8.89%, 0, 0, 2, 3.56
1747776784, 0, 12, 831, 830, 25, 8.89%, 0, 0, 2, 2.97
1747776795, 0, 12, 832, 831, 25, 8.89%, 0, 0, 2, 3.19
1747776800, 0, 12, 833, 832, 25, 8.89%, 0, 0, 2, 3.50
1747776811, 0, 12, 834, 833, 25, 8.89%, 0, 0, 2, 3.03
1747776816, 0, 12, 835, 834, 25, 8.89%, 0, 0, 2, 2.43
1747776822, 0, 12, 836, 835, 25, 8.89%, 0, 0, 2, 4.17
1747776827, 0, 12, 837, 836, 25, 8.89%, 0, 0, 2, 4.26
1747776832, 0, 12, 838, 837, 25, 8.89%, 0, 0, 2, 3.84
1747776847, 0, 12, 839, 838, 25, 8.89%, 0, 0, 2, 4.44
1747776853, 0, 12, 840, 839, 25, 8.89%, 0, 0, 2, 4.11
1747776868, 0, 12, 842, 841, 25, 8.89%, 0, 0, 2, 4.89
1747776878, 0, 12, 843, 842, 25, 8.89%, 0, 0, 2, 4.74
1747776889, 0, 12, 844, 843, 25, 8.89%, 0, 0, 2, 3.98
1747776894, 0, 12, 845, 844, 25, 8.89%, 0, 0, 2, 4.95
1747776910, 0, 12, 846, 845, 25, 8.89%, 0, 0, 2, 4.50
1747776915, 0, 12, 847, 846, 25, 8.89%, 0, 0, 2, 3.84
1747776926, 0, 12, 848, 847, 25, 8.89%, 0, 0, 2, 4.07
1747776931, 0, 12, 849, 848, 25, 8.89%, 0, 0, 2, 3.21
1747776941, 0, 12, 850, 849, 25, 8.89%, 0, 0, 2, 4.00
1747776952, 0, 12, 851, 850, 25, 8.89%, 0, 0, 2, 3.00
1747776962, 0, 12, 852, 851, 25, 8.89%, 0, 0, 2, 5.05
1747776967, 0, 12, 853, 852, 25, 8.89%, 0, 0, 2, 4.90
1747776983, 0, 12, 854, 853, 25, 8.89%, 0, 0, 2, 4.93
1747776993, 0, 12, 855, 854, 25, 8.89%, 0, 0, 2, 5.67
1747777014, 0, 12, 856, 855, 25, 8.89%, 0, 0, 2, 4.39
1747777024, 0, 12, 857, 856, 25, 8.89%, 0, 0, 2, 5.34
1747777035, 0, 12, 858, 857, 25, 8.89%, 0, 0, 2, 2.96
1747777041, 0, 12, 859, 858, 25, 8.89%, 0, 0, 2, 4.35
1747777051, 0, 12, 860, 859, 25, 8.89%, 0, 0, 2, 4.19
1747777062, 0, 12, 861, 860, 25, 8.89%, 0, 0, 2, 3.03
1747777073, 0, 12, 862, 861, 25, 8.89%, 0, 0, 2, 4.88
1747777078, 0, 12, 863, 862, 25, 8.96%, 0, 0, 2, 3.65
1747777083, 0, 12, 864, 863, 25, 8.96%, 0, 0, 2, 3.62
1747777099, 0, 12, 865, 864, 25, 8.96%, 0, 0, 2, 5.78
1747777109, 0, 12, 866, 865, 25, 8.96%, 0, 0, 2, 3.90
1747777115, 0, 12, 867, 866, 25, 8.96%, 0, 0, 2, 3.21
1747777120, 0, 12, 868, 867, 25, 8.96%, 0, 0, 2, 4.43
1747777125, 0, 12, 869, 868, 25, 8.96%, 0, 0, 2, 4.64
1747777130, 0, 12, 870, 869, 25, 8.96%, 0, 0, 2, 4.16
1747777141, 0, 12, 871, 870, 25, 8.96%, 0, 0, 2, 2.92
1747777151, 0, 12, 872, 871, 25, 8.96%, 0, 0, 2, 5.11
1747777162, 0, 12, 873, 872, 25, 8.96%, 0, 0, 2, 3.83
1747777177, 0, 12, 874, 873, 25, 8.96%, 0, 0, 2, 4.21
1747777188, 0, 12, 875, 874, 25, 8.96%, 0, 0, 2, 1.28
1747777199, 0, 12, 876, 875, 25, 8.96%, 0, 0, 2, 7.04
1747777204, 0, 12, 877, 876, 25, 8.96%, 0, 0, 2, 5.44
1747777214, 0, 12, 878, 877, 25, 8.96%, 0, 0, 2, 5.04
1747777235, 0, 12, 879, 878, 25, 8.96%, 0, 0, 2, 5.09
1747777273, 0, 12, 880, 879, 25, 8.96%, 0, 0, 2, 4.26
1747777278, 0, 12, 881, 880, 25, 8.96%, 0, 0, 2, 5.71
1747777288, 0, 12, 882, 881, 25, 8.96%, 0, 0, 2, 5.59
1747777315, 0, 12, 883, 882, 25, 8.96%, 0, 0, 2, 1.34
1747777321, 0, 14, 883, 882, 28, 8.96%, 0, 0, 2, 9.90
1747777331, 0, 16, 884, 883, 28, 8.96%, 0, 0, 2, 5.40
1747777342, 0, 16, 885, 884, 28, 8.96%, 0, 0, 2, 5.53
1747777353, 0, 16, 886, 885, 28, 8.96%, 0, 0, 2, 4.92
1747777358, 0, 16, 887, 886, 28, 8.96%, 0, 0, 2, 4.51
1747777368, 0, 16, 888, 887, 28, 8.96%, 0, 0, 2, 2.79
1747777374, 0, 16, 889, 888, 28, 8.96%, 0, 0, 2, 3.32
1747777390, 0, 16, 890, 889, 28, 8.96%, 0, 0, 2, 3.60
1747777410, 0, 16, 891, 890, 28, 8.96%, 0, 0, 2, 4.60
1747777446, 0, 16, 892, 891, 28, 8.96%, 0, 0, 2, 5.64
1747777472, 0, 16, 893, 892, 28, 8.96%, 0, 0, 2, 1.69
1747777477, 0, 16, 894, 893, 28, 8.96%, 0, 0, 2, 1.99
1747777503, 0, 16, 895, 894, 28, 8.96%, 0, 0, 2, 4.71
1747777509, 0, 16, 896, 895, 28, 8.96%, 0, 0, 2, 4.43
1747777520, 0, 16, 897, 896, 28, 8.96%, 0, 0, 2, 3.23
1747777540, 0, 16, 898, 897, 28, 8.96%, 0, 0, 2, 5.42
1747777546, 0, 16, 899, 898, 28, 8.96%, 0, 0, 2, 4.92
1747777551, 0, 16, 900, 899, 28, 8.96%, 0, 0, 2, 4.31
1747777562, 0, 16, 901, 900, 28, 8.96%, 0, 0, 2, 2.79
1747777567, 0, 16, 902, 901, 28, 8.96%, 0, 0, 2, 3.48
1747777578, 0, 16, 903, 902, 28, 8.96%, 0, 0, 2, 2.45
1747777605, 0, 16, 904, 903, 28, 8.96%, 0, 0, 2, 1.63
1747777610, 0, 16, 905, 904, 28, 8.96%, 0, 0, 2, 3.19
1747777615, 0, 16, 906, 905, 28, 8.96%, 0, 0, 2, 3.38
1747777652, 0, 16, 907, 906, 28, 8.96%, 0, 0, 2, 4.87
1747777673, 0, 16, 908, 907, 28, 8.96%, 0, 0, 2, 3.92
1747777688, 0, 16, 909, 908, 28, 8.96%, 0, 0, 2, 4.46
1747777709, 0, 16, 910, 909, 28, 8.96%, 0, 0, 2, 5.10
1747777720, 0, 16, 911, 910, 28, 8.96%, 0, 0, 2, 4.05
1747777736, 0, 16, 912, 911, 28, 8.96%, 0, 0, 2, 3.84
1747777746, 0, 16, 913, 912, 28, 8.96%, 0, 0, 2, 4.01
1747777757, 0, 16, 914, 913, 28, 8.96%, 0, 0, 2, 3.67
1747777762, 0, 16, 915, 914, 28, 8.96%, 0, 0, 2, 4.18
1747777778, 0, 16, 916, 915, 28, 8.96%, 0, 0, 2, 1.24
1747777794, 0, 16, 917, 916, 28, 8.96%, 0, 0, 2, 5.03
1747777809, 0, 16, 918, 917, 28, 8.96%, 0, 0, 2, 5.32
1747777815, 0, 16, 919, 918, 28, 8.96%, 0, 0, 2, 4.96
1747777820, 0, 16, 920, 919, 28, 8.96%, 0, 0, 2, 4.59
1747777831, 0, 17, 920, 919, 29, 8.96%, 0, 0, 2, 6.50
1747777836, 0, 17, 921, 920, 29, 8.96%, 0, 0, 2, 1.21
1747777857, 0, 18, 921, 920, 29, 8.96%, 0, 0, 2, 5.52
1747777867, 0, 19, 921, 920, 29, 8.96%, 0, 0, 2, 6.81
1747777877, 0, 20, 922, 921, 29, 8.96%, 0, 0, 2, 5.09
1747777882, 0, 20, 924, 923, 29, 8.96%, 0, 0, 2, 5.48
1747777899, 0, 20, 925, 924, 29, 9.27%, 0, 0, 2, 4.04
1747777914, 0, 20, 926, 925, 29, 9.27%, 0, 0, 2, 4.38
1747777940, 0, 20, 927, 926, 29, 9.27%, 0, 0, 2, 5.15
1747777951, 0, 20, 928, 927, 29, 9.27%, 0, 0, 2, 5.00
1747777962, 0, 20, 929, 928, 29, 9.27%, 0, 0, 2, 3.57
1747777967, 0, 20, 930, 929, 29, 9.27%, 0, 0, 2, 3.51
1747777988, 0, 20, 931, 930, 29, 9.27%, 0, 0, 2, 5.01
1747777999, 0, 20, 932, 931, 29, 9.27%, 0, 0, 2, 5.70
1747778004, 0, 20, 933, 932, 29, 9.27%, 0, 0, 2, 4.11
1747778041, 0, 20, 934, 933, 29, 9.27%, 0, 0, 2, 4.21
1747778057, 0, 20, 935, 934, 29, 9.27%, 0, 0, 2, 4.42
1747778062, 0, 20, 936, 935, 29, 9.27%, 0, 0, 2, 4.55
1747778078, 0, 20, 937, 936, 29, 9.27%, 0, 0, 2, 1.19
1747778089, 0, 20, 938, 937, 29, 9.27%, 0, 0, 2, 1.20
1747778099, 0, 20, 939, 938, 29, 9.27%, 0, 0, 2, 1.45
1747778109, 0, 20, 940, 939, 29, 9.27%, 0, 0, 2, 1.67
1747778136, 0, 20, 941, 940, 29, 9.27%, 0, 0, 2, 4.44
1747778141, 0, 20, 942, 941, 29, 9.27%, 0, 0, 2, 4.03
1747778193, 0, 20, 943, 942, 29, 9.27%, 0, 0, 2, 2.15
1747778203, 0, 20, 944, 943, 29, 9.27%, 0, 0, 2, 3.78
1747778224, 0, 20, 945, 944, 29, 9.27%, 0, 0, 2, 4.79
1747778229, 0, 20, 946, 945, 29, 9.27%, 0, 0, 2, 3.77
1747778245, 0, 20, 947, 946, 29, 9.27%, 0, 0, 2, 5.64
1747778250, 0, 20, 948, 947, 29, 9.27%, 0, 0, 2, 4.93
1747778261, 0, 20, 949, 948, 29, 9.27%, 0, 0, 2, 4.66
1747778281, 0, 20, 950, 949, 29, 9.27%, 0, 0, 2, 4.48
1747778292, 0, 20, 951, 950, 29, 9.27%, 0, 0, 2, 4.67
1747778308, 0, 20, 952, 951, 29, 9.27%, 0, 0, 2, 5.60
1747778334, 0, 21, 952, 951, 28, 9.27%, 0, 0, 2, 6.08
1747778344, 0, 23, 952, 951, 28, 9.27%, 0, 0, 2, 9.84
1747778355, 0, 24, 952, 951, 28, 9.27%, 0, 0, 2, 1.30
1747778365, 0, 25, 952, 951, 28, 9.27%, 0, 0, 2, 6.52
1747778376, 0, 26, 952, 951, 28, 9.27%, 0, 0, 2, 6.29
1747778381, 0, 27, 952, 951, 28, 9.27%, 0, 0, 2, 6.39
1747778386, 0, 27, 953, 952, 28, 9.27%, 0, 0, 2, 5.24
1747778402, 0, 28, 953, 952, 28, 9.27%, 0, 0, 2, 1.26
1747778412, 0, 30, 953, 952, 28, 9.27%, 0, 0, 2, 4.48
1747778428, 0, 31, 953, 952, 28, 9.27%, 0, 0, 2, 5.76
1747778433, 0, 32, 954, 953, 28, 9.27%, 0, 0, 2, 7.80
1747778448, 0, 32, 955, 954, 28, 9.27%, 0, 0, 2, 4.55
1747778485, 0, 32, 956, 955, 28, 9.27%, 0, 0, 2, 4.78
1747778505, 0, 32, 957, 956, 28, 9.27%, 0, 0, 2, 4.42
1747778542, 0, 32, 958, 957, 28, 9.27%, 0, 0, 2, 4.16
1747778614, 0, 32, 959, 958, 28, 9.27%, 0, 0, 2, 4.54
1747778652, 0, 32, 960, 959, 28, 9.27%, 0, 0, 2, 4.19
1747778683, 0, 32, 961, 960, 28, 9.27%, 0, 0, 2, 4.59
1747778693, 0, 32, 962, 961, 28, 9.27%, 0, 0, 2, 4.88
1747778709, 0, 32, 963, 962, 28, 9.27%, 0, 0, 2, 5.73
1747778726, 0, 32, 964, 963, 28, 9.27%, 0, 0, 2, 5.08
1747778742, 0, 32, 965, 964, 28, 9.27%, 0, 0, 2, 3.73
1747778747, 0, 32, 966, 965, 28, 9.27%, 0, 0, 2, 2.88
1747778769, 0, 32, 967, 966, 28, 9.27%, 0, 0, 2, 4.03
1747778826, 0, 33, 967, 966, 28, 9.27%, 0, 0, 2, 8.14
1747778831, 0, 33, 968, 967, 28, 9.27%, 0, 0, 2, 6.33
1747778852, 0, 34, 968, 967, 28, 9.27%, 0, 0, 2, 4.56
1747778862, 0, 35, 968, 967, 28, 9.27%, 0, 0, 2, 5.35
1747778874, 0, 36, 968, 967, 28, 9.27%, 0, 0, 2, 5.31
1747778885, 0, 37, 968, 967, 28, 9.27%, 0, 0, 2, 5.07
1747778895, 0, 37, 969, 968, 28, 9.27%, 0, 0, 2, 4.07
1747778911, 0, 38, 970, 969, 28, 9.27%, 0, 0, 2, 1.68
1747778937, 0, 39, 970, 969, 28, 9.27%, 0, 0, 2, 5.13
1747778942, 0, 40, 970, 969, 28, 9.27%, 0, 0, 2, 5.66
1747778957, 0, 41, 971, 970, 28, 9.27%, 0, 0, 2, 5.13
1747778983, 0, 42, 971, 970, 28, 9.27%, 0, 0, 2, 19.46
1747778988, 0, 42, 972, 971, 28, 9.27%, 0, 0, 3, 16.89
1747779060, 0, 43, 972, 970, 28, 9.27%, 0, 0, 3, 2.92
1747779070, 0, 45, 972, 970, 28, 9.27%, 0, 0, 3, 4.91
1747779081, 0, 45, 973, 971, 28, 9.27%, 0, 0, 3, 3.82
1747779102, 0, 46, 973, 971, 28, 9.27%, 0, 0, 3, 6.01
1747779108, 0, 46, 974, 972, 28, 9.27%, 0, 0, 3, 5.67
1747779123, 0, 47, 975, 973, 28, 9.27%, 0, 0, 3, 5.85
1747779144, 0, 47, 976, 974, 28, 9.27%, 0, 0, 3, 3.96
1747779165, 0, 47, 978, 976, 28, 9.29%, 0, 0, 3, 3.95
1747779176, 0, 47, 979, 977, 28, 9.31%, 0, 0, 3, 4.42
1747779192, 0, 47, 980, 978, 28, 9.31%, 0, 0, 3, 4.18
1747779207, 0, 47, 981, 979, 28, 9.31%, 0, 0, 3, 5.63
1747779255, 0, 47, 982, 980, 28, 9.31%, 0, 0, 3, 1.17
1747779266, 0, 47, 983, 981, 28, 9.31%, 0, 0, 3, 7.99
1747779297, 0, 47, 984, 982, 28, 9.31%, 0, 0, 3, 8.25
1747779318, 0, 47, 985, 983, 28, 9.31%, 0, 0, 3, 7.13
1747779323, 0, 47, 986, 984, 28, 9.31%, 0, 0, 3, 7.89
1747779328, 0, 47, 987, 985, 28, 9.31%, 0, 0, 3, 4.93
1747779344, 0, 47, 988, 986, 28, 9.31%, 0, 0, 3, 6.44
1747779355, 0, 47, 989, 987, 28, 9.37%, 0, 0, 3, 8.83
1747779370, 0, 47, 990, 988, 28, 9.37%, 0, 0, 3, 7.55
1747779402, 0, 47, 991, 989, 28, 9.37%, 0, 0, 3, 7.70
1747779423, 0, 47, 992, 990, 28, 9.37%, 0, 0, 3, 7.60
1747779438, 0, 47, 993, 991, 28, 9.37%, 0, 0, 3, 7.26
1747779443, 0, 48, 993, 991, 33, 9.37%, 0, 0, 3, 9.05
1747779448, 0, 48, 995, 993, 33, 9.37%, 0, 0, 3, 8.63
1747779459, 0, 48, 996, 994, 33, 9.37%, 0, 0, 3, 7.99
1747779475, 0, 48, 997, 995, 33, 9.37%, 0, 0, 3, 5.97
1747779485, 0, 48, 998, 996, 33, 9.37%, 0, 0, 3, 6.58
1747779495, 0, 48, 999, 997, 33, 9.37%, 0, 0, 3, 6.49
1747779516, 0, 48, 1000, 998, 33, 9.37%, 0, 0, 3, 8.43
1747779543, 0, 48, 1001, 999, 33, 9.37%, 0, 0, 3, 5.14
1747779548, 0, 48, 1002, 1000, 33, 9.37%, 0, 0, 3, 4.03
1747779594, 0, 48, 1003, 1001, 33, 9.37%, 0, 0, 3, 5.69
1747779636, 0, 48, 1004, 1002, 33, 9.37%, 0, 0, 3, 5.49
1747779683, 0, 48, 1005, 1003, 33, 9.37%, 0, 0, 3, 2.03
1747779698, 0, 49, 1006, 1004, 36, 9.37%, 0, 0, 3, 7.95
1747779714, 0, 51, 1006, 1004, 34, 9.37%, 0, 0, 3, 8.69
1747779719, 0, 53, 1006, 1004, 34, 9.37%, 0, 0, 3, 9.50
1747779724, 0, 54, 1006, 1004, 34, 9.37%, 0, 0, 3, 8.45
1747779729, 0, 56, 1006, 1004, 34, 9.37%, 0, 0, 3, 8.79
1747779734, 0, 57, 1006, 1004, 34, 9.37%, 0, 0, 3, 8.37
1747779739, 0, 57, 1007, 1005, 34, 9.37%, 0, 0, 3, 10.39
1747779750, 0, 59, 1007, 1005, 34, 9.37%, 0, 0, 3, 10.44
1747779755, 0, 60, 1007, 1005, 34, 9.37%, 0, 0, 3, 4.97
1747779760, 0, 61, 1007, 1005, 34, 9.37%, 0, 0, 3, 7.22
1747779766, 0, 61, 1008, 1006, 34, 9.37%, 0, 0, 3, 1.19
1747779787, 0, 61, 1009, 1007, 34, 9.37%, 0, 0, 3, 5.91
1747779813, 0, 62, 1009, 1007, 34, 9.37%, 0, 0, 3, 8.48
1747779823, 0, 64, 1009, 1007, 34, 9.37%, 0, 0, 3, 9.28
1747779833, 0, 66, 1009, 1007, 34, 9.37%, 0, 0, 3, 2.45
1747779839, 0, 67, 1010, 1008, 34, 9.37%, 0, 0, 3, 16.48
1747779849, 0, 67, 1011, 1009, 34, 9.37%, 0, 0, 3, 2.07
1747779864, 0, 67, 1012, 1010, 34, 9.37%, 0, 0, 3, 8.75
1747779896, 0, 67, 1013, 1011, 34, 9.37%, 0, 0, 3, 6.12
1747779952, 0, 67, 1014, 1012, 34, 9.37%, 0, 0, 3, 4.90
1747779979, 0, 67, 1015, 1013, 34, 9.37%, 0, 0, 3, 5.60
1747780011, 0, 67, 1016, 1014, 34, 9.37%, 0, 0, 3, 4.31
1747780043, 0, 67, 1017, 1015, 34, 9.37%, 0, 0, 3, 3.87
1747780059, 0, 67, 1018, 1016, 34, 9.37%, 0, 0, 3, 4.33
1747780159, 0, 67, 1019, 1017, 34, 9.37%, 0, 0, 3, 4.02
1747780185, 0, 68, 1019, 1017, 34, 9.37%, 0, 0, 3, 10.10
1747780190, 0, 70, 1019, 1017, 34, 9.37%, 0, 0, 3, 9.36
1747780195, 0, 71, 1019, 1017, 34, 9.37%, 0, 0, 3, 10.42
1747780201, 0, 73, 1019, 1017, 34, 9.37%, 0, 0, 3, 12.84
1747780211, 0, 74, 1019, 1017, 34, 9.37%, 0, 0, 3, 7.03
1747780216, 0, 76, 1019, 1017, 34, 9.37%, 0, 0, 3, 9.31
1747780221, 0, 77, 1019, 1017, 34, 9.37%, 0, 0, 3, 8.96
1747780226, 0, 78, 1019, 1017, 34, 9.37%, 0, 0, 3, 7.85
1747780237, 0, 80, 1019, 1017, 34, 9.37%, 0, 0, 3, 9.03
1747780242, 0, 81, 1020, 1018, 34, 9.37%, 0, 0, 3, 7.45
1747780257, 0, 82, 1020, 1018, 34, 9.37%, 0, 0, 3, 15.07
1747780263, 0, 84, 1020, 1018, 34, 9.37%, 0, 0, 3, 4.80
1747780268, 0, 85, 1021, 1019, 34, 9.37%, 0, 0, 3, 13.26
1747780273, 0, 85, 1022, 1020, 34, 9.37%, 0, 0, 3, 28.90
1747780278, 0, 85, 1026, 1024, 34, 9.37%, 0, 0, 3, 25.98
1747780340, 0, 86, 1026, 1023, 33, 9.37%, 0, 0, 3, 3.15
1747780356, 0, 87, 1026, 1023, 33, 9.37%, 0, 0, 3, 4.83
1747780367, 0, 88, 1026, 1023, 33, 9.37%, 0, 0, 3, 8.13
1747780377, 0, 89, 1026, 1023, 33, 9.37%, 0, 0, 3, 6.52
1747780388, 0, 90, 1026, 1023, 33, 9.37%, 0, 0, 3, 3.28
1747780399, 0, 92, 1026, 1023, 33, 9.37%, 0, 0, 3, 4.80
1747780409, 0, 94, 1026, 1023, 33, 9.37%, 0, 0, 3, 6.16
1747780415, 0, 95, 1026, 1023, 33, 9.37%, 0, 0, 3, 5.78
1747780431, 0, 96, 1026, 1023, 33, 9.37%, 0, 0, 3, 5.24
1747780442, 0, 97, 1026, 1023, 33, 9.37%, 0, 0, 3, 4.80
1747780458, 0, 98, 1027, 1024, 33, 9.37%, 0, 0, 3, 3.84
1747780485, 0, 99, 1027, 1024, 33, 9.37%, 0, 0, 3, 5.53
1747780496, 0, 100, 1027, 1024, 33, 9.37%, 0, 0, 3, 11.41
1747780501, 0, 100, 1028, 1025, 33, 9.37%, 0, 0, 3, 1.30
1747780522, 0, 101, 1028, 1025, 33, 9.37%, 0, 0, 3, 5.16
1747780533, 0, 102, 1028, 1025, 33, 9.37%, 0, 0, 3, 6.02
1747780543, 0, 103, 1028, 1025, 33, 9.37%, 0, 0, 3, 2.16
1747780554, 0, 104, 1028, 1025, 33, 9.37%, 0, 0, 3, 4.83
1747780565, 0, 105, 1028, 1025, 33, 9.37%, 0, 0, 3, 1.17
1747780575, 0, 106, 1028, 1025, 33, 9.37%, 0, 0, 3, 3.54
1747780586, 0, 108, 1028, 1025, 33, 9.37%, 0, 0, 3, 5.56
1747780596, 0, 109, 1028, 1025, 33, 9.37%, 0, 0, 3, 6.34
1747780607, 0, 110, 1028, 1025, 33, 9.37%, 0, 0, 3, 9.21
1747780617, 0, 111, 1028, 1025, 33, 9.37%, 0, 0, 3, 6.45
1747780622, 0, 111, 1029, 1026, 33, 9.37%, 0, 0, 3, 14.35
1747780643, 0, 112, 1029, 1026, 33, 9.37%, 0, 0, 3, 4.45
1747780653, 0, 113, 1029, 1026, 33, 9.37%, 0, 0, 3, 4.59
1747780669, 0, 114, 1029, 1026, 33, 9.37%, 0, 0, 3, 5.35
1747780679, 0, 117, 1029, 1026, 33, 9.37%, 0, 0, 3, 4.96
1747780690, 0, 118, 1029, 1026, 33, 9.37%, 0, 0, 3, 6.70
1747780701, 0, 119, 1029, 1026, 33, 9.37%, 0, 0, 3, 6.51
1747780706, 0, 119, 1030, 1027, 33, 9.37%, 0, 0, 3, 4.83
1747780727, 0, 120, 1030, 1027, 32, 9.37%, 0, 0, 3, 6.04
1747780737, 0, 121, 1030, 1027, 32, 9.37%, 0, 0, 3, 5.24
1747780742, 0, 122, 1030, 1027, 32, 9.37%, 0, 0, 3, 7.35
1747780752, 0, 123, 1030, 1027, 32, 9.37%, 0, 0, 3, 8.74
1747780763, 0, 124, 1030, 1027, 32, 9.37%, 0, 0, 3, 6.54
1747780769, 0, 124, 1031, 1028, 32, 9.37%, 0, 0, 3, 4.77
1747780780, 0, 124, 1032, 1029, 32, 9.37%, 0, 0, 3, 5.05
1747780816, 0, 125, 1032, 1029, 32, 9.37%, 0, 0, 3, 5.93
1747780826, 0, 125, 1033, 1030, 32, 9.37%, 0, 0, 3, 4.77
1747780842, 0, 126, 1033, 1030, 32, 9.37%, 0, 0, 3, 5.12
1747780852, 0, 127, 1033, 1030, 32, 9.37%, 0, 0, 3, 5.29
1747780857, 0, 127, 1034, 1031, 32, 9.37%, 0, 0, 3, 5.24
1747780883, 0, 128, 1034, 1031, 32, 9.37%, 0, 0, 3, 4.96
1747780888, 0, 128, 1035, 1032, 32, 9.37%, 0, 0, 3, 4.00
1747780915, 0, 129, 1035, 1032, 32, 9.37%, 0, 0, 3, 5.16
1747780925, 0, 130, 1035, 1032, 32, 9.37%, 0, 0, 3, 4.92
1747780935, 0, 131, 1035, 1032, 32, 9.37%, 0, 0, 3, 6.60
1747780945, 0, 132, 1035, 1032, 32, 9.37%, 0, 0, 3, 5.69
1747780955, 0, 133, 1035, 1032, 32, 9.37%, 0, 0, 3, 4.19
1747780965, 0, 135, 1035, 1032, 32, 9.37%, 0, 0, 3, 9.20
1747780976, 0, 137, 1035, 1032, 32, 9.37%, 0, 0, 3, 10.00
1747780986, 0, 138, 1035, 1032, 32, 9.37%, 0, 0, 3, 7.44
1747780997, 0, 139, 1035, 1032, 32, 9.37%, 0, 0, 3, 3.77
1747781007, 0, 140, 1035, 1032, 32, 9.37%, 0, 0, 3, 5.38
1747781018, 0, 140, 1036, 1033, 32, 9.37%, 0, 0, 3, 5.82
1747781033, 0, 141, 1037, 1034, 32, 9.37%, 0, 0, 3, 3.47
1747781060, 0, 142, 1037, 1034, 32, 9.37%, 0, 0, 3, 4.38
1747781070, 0, 145, 1037, 1034, 32, 9.37%, 0, 0, 3, 5.37
1747781081, 0, 145, 1038, 1035, 32, 9.37%, 0, 0, 3, 5.84
1747781091, 0, 146, 1038, 1035, 32, 9.37%, 0, 0, 3, 5.99
1747781106, 0, 147, 1038, 1035, 32, 9.37%, 0, 0, 3, 4.92
1747781116, 0, 148, 1038, 1035, 32, 9.37%, 0, 0, 3, 5.76
1747781127, 0, 149, 1038, 1035, 32, 9.37%, 0, 0, 3, 4.94
1747781138, 0, 150, 1038, 1035, 32, 9.37%, 0, 0, 3, 5.34
1747781148, 0, 151, 1039, 1036, 32, 9.37%, 0, 0, 3, 5.55
1747781180, 0, 152, 1039, 1036, 32, 9.37%, 0, 0, 3, 6.97
1747781185, 0, 153, 1039, 1036, 32, 9.37%, 0, 0, 3, 7.73
1747781191, 0, 154, 1039, 1036, 32, 9.37%, 0, 0, 3, 7.52
1747781202, 0, 155, 1039, 1036, 32, 9.37%, 0, 0, 3, 8.62
1747781207, 0, 157, 1039, 1036, 32, 9.37%, 0, 0, 3, 9.30
1747781212, 0, 159, 1039, 1036, 32, 9.37%, 0, 0, 3, 7.73
1747781222, 0, 160, 1039, 1036, 32, 9.37%, 0, 0, 3, 8.68
1747781228, 0, 162, 1039, 1036, 32, 9.37%, 0, 0, 3, 8.13
1747781233, 0, 163, 1039, 1036, 32, 9.37%, 0, 0, 3, 10.40
1747781238, 0, 164, 1039, 1036, 32, 9.37%, 0, 0, 3, 9.47
1747781243, 0, 165, 1039, 1036, 32, 9.37%, 0, 0, 3, 2.82
1747781253, 0, 166, 1039, 1036, 32, 9.37%, 0, 0, 3, 7.27
1747781259, 0, 167, 1039, 1036, 32, 9.37%, 0, 0, 3, 7.51
1747781264, 0, 168, 1039, 1036, 32, 9.37%, 0, 0, 3, 8.26
1747781274, 0, 169, 1039, 1036, 32, 9.37%, 0, 0, 3, 10.07
1747781279, 0, 170, 1040, 1037, 32, 9.37%, 0, 0, 3, 7.39
1747781294, 0, 171, 1040, 1037, 32, 9.37%, 0, 0, 3, 9.42
1747781299, 0, 171, 1041, 1038, 32, 9.38%, 0, 0, 3, 7.51
1747781310, 0, 173, 1041, 1038, 33, 9.38%, 0, 0, 3, 7.70
1747781316, 0, 174, 1041, 1038, 33, 9.38%, 0, 0, 3, 7.60
1747781326, 0, 175, 1041, 1038, 33, 9.38%, 0, 0, 3, 9.00
1747781332, 0, 176, 1042, 1039, 33, 9.38%, 0, 0, 3, 8.39
1747781347, 0, 177, 1042, 1039, 32, 9.38%, 0, 0, 3, 8.04
1747781352, 0, 178, 1042, 1039, 32, 9.38%, 0, 0, 3, 7.25
1747781362, 0, 179, 1042, 1039, 32, 9.38%, 0, 0, 3, 9.99
1747781368, 0, 180, 1042, 1039, 32, 9.38%, 0, 0, 3, 11.54
1747781373, 0, 181, 1042, 1039, 32, 9.38%, 0, 0, 3, 10.78
1747781378, 0, 182, 1042, 1039, 32, 9.38%, 0, 0, 3, 9.34
1747781383, 0, 183, 1042, 1039, 32, 9.38%, 0, 0, 3, 9.58
1747781388, 0, 184, 1042, 1039, 32, 9.38%, 0, 0, 3, 8.85
1747781399, 0, 185, 1042, 1039, 32, 9.38%, 0, 0, 3, 7.78
1747781404, 0, 186, 1042, 1039, 32, 9.38%, 0, 0, 3, 7.34
1747781414, 0, 187, 1042, 1039, 32, 9.38%, 0, 0, 3, 7.58
1747781419, 0, 188, 1042, 1039, 32, 9.38%, 0, 0, 3, 9.05
1747781424, 0, 190, 1042, 1039, 32, 9.38%, 0, 0, 3, 8.98
1747781430, 0, 191, 1042, 1039, 32, 9.38%, 0, 0, 3, 8.22
1747781440, 0, 192, 1042, 1039, 32, 9.38%, 0, 0, 3, 8.42
1747781445, 0, 193, 1042, 1039, 32, 9.38%, 0, 0, 3, 9.02
1747781451, 0, 194, 1043, 1040, 32, 9.38%, 0, 0, 3, 8.69
1747781472, 0, 194, 1044, 1041, 32, 9.38%, 0, 0, 3, 3.34
1747781503, 0, 195, 1044, 1041, 32, 9.38%, 0, 0, 3, 5.76
1747781513, 0, 196, 1044, 1041, 32, 9.38%, 0, 0, 3, 9.85
1747781525, 0, 197, 1044, 1041, 32, 9.38%, 0, 0, 3, 2.14
1747781535, 0, 199, 1044, 1041, 32, 9.38%, 0, 0, 3, 4.35
1747781546, 0, 201, 1044, 1041, 32, 9.38%, 0, 0, 3, 5.93
1747781551, 0, 201, 1045, 1042, 32, 9.38%, 0, 0, 3, 5.59
1747781572, 0, 202, 1045, 1042, 32, 9.38%, 0, 0, 3, 5.41
1747781582, 0, 203, 1045, 1042, 32, 9.38%, 0, 0, 3, 6.09
1747781587, 0, 203, 1046, 1043, 32, 9.40%, 0, 0, 3, 5.20
1747781608, 0, 203, 1047, 1044, 32, 9.40%, 0, 0, 3, 4.21
1747781629, 0, 204, 1047, 1044, 32, 9.40%, 0, 0, 3, 9.81
1747781634, 0, 205, 1047, 1044, 32, 9.40%, 0, 0, 3, 9.32
1747781644, 0, 207, 1047, 1044, 32, 9.40%, 0, 0, 3, 8.64
1747781649, 0, 208, 1047, 1044, 32, 9.40%, 0, 0, 3, 8.99
1747781654, 0, 209, 1047, 1044, 32, 9.40%, 0, 0, 3, 8.85
1747781665, 0, 210, 1047, 1044, 32, 9.40%, 0, 0, 3, 8.10
1747781670, 0, 211, 1048, 1045, 32, 9.40%, 0, 0, 3, 7.65
1747781676, 0, 211, 1049, 1046, 32, 9.42%, 0, 0, 3, 5.94
1747781686, 0, 211, 1050, 1047, 32, 9.42%, 0, 0, 3, 5.73
1747781733, 0, 212, 1051, 1048, 32, 9.42%, 0, 0, 3, 6.26
1747781738, 0, 212, 1052, 1049, 32, 9.42%, 0, 0, 3, 6.66
1747781764, 0, 214, 1052, 1049, 32, 9.42%, 0, 0, 3, 10.10
1747781769, 0, 215, 1052, 1049, 32, 9.42%, 0, 0, 3, 3.37
1747781774, 0, 216, 1052, 1049, 32, 9.42%, 0, 0, 3, 6.56
1747781784, 0, 218, 1052, 1049, 32, 9.42%, 0, 0, 3, 6.99
1747781790, 0, 219, 1052, 1049, 32, 9.42%, 0, 0, 3, 7.26
1747781800, 0, 220, 1052, 1049, 32, 9.42%, 0, 0, 3, 7.37
1747781805, 0, 220, 1053, 1050, 32, 9.42%, 0, 0, 3, 6.95
1747781821, 0, 222, 1053, 1050, 32, 9.42%, 0, 0, 3, 6.20
1747781837, 0, 223, 1053, 1050, 32, 9.42%, 0, 0, 3, 4.42
1747781848, 0, 224, 1053, 1050, 32, 9.42%, 0, 0, 3, 5.22
1747781859, 0, 226, 1053, 1050, 32, 9.42%, 0, 0, 3, 4.94
1747781875, 0, 227, 1053, 1050, 32, 9.42%, 0, 0, 3, 4.39
1747781880, 0, 227, 1054, 1051, 32, 9.42%, 0, 0, 3, 6.09
1747781901, 0, 228, 1054, 1051, 32, 9.42%, 0, 0, 3, 1.21
1747781911, 0, 229, 1054, 1051, 32, 9.42%, 0, 0, 3, 4.37
1747781916, 0, 230, 1054, 1051, 32, 9.42%, 0, 0, 3, 5.66
1747781922, 0, 230, 1055, 1052, 32, 9.42%, 0, 0, 3, 4.04
1747781954, 0, 231, 1055, 1052, 32, 9.42%, 0, 0, 3, 6.62
1747781964, 0, 232, 1055, 1052, 32, 9.42%, 0, 0, 3, 3.60
1747781969, 0, 232, 1056, 1053, 32, 9.42%, 0, 0, 3, 3.70
1747781991, 0, 233, 1056, 1053, 32, 9.42%, 0, 0, 3, 5.90
1747782002, 0, 234, 1056, 1053, 32, 9.42%, 0, 0, 3, 9.69
1747782012, 0, 236, 1056, 1053, 32, 9.42%, 0, 0, 3, 4.13
1747782023, 0, 237, 1056, 1053, 32, 9.42%, 0, 0, 3, 4.78
1747782033, 0, 238, 1056, 1053, 32, 9.42%, 0, 0, 3, 6.00
1747782049, 0, 239, 1056, 1053, 32, 9.42%, 0, 0, 3, 5.19
1747782060, 0, 240, 1056, 1053, 32, 9.42%, 0, 0, 3, 4.97
1747782065, 0, 240, 1057, 1054, 32, 9.42%, 0, 0, 3, 4.25
1747782085, 0, 241, 1057, 1054, 32, 9.42%, 0, 0, 3, 6.00
1747782096, 0, 243, 1058, 1055, 32, 9.42%, 0, 0, 3, 7.25
1747782111, 0, 244, 1058, 1055, 32, 9.42%, 0, 0, 3, 2.01
1747782121, 0, 245, 1058, 1055, 32, 9.42%, 0, 0, 3, 8.11
1747782126, 0, 246, 1058, 1055, 32, 9.42%, 0, 0, 3, 7.15
1747782132, 0, 247, 1058, 1055, 32, 9.42%, 0, 0, 3, 8.57
1747782137, 0, 248, 1058, 1055, 32, 9.42%, 0, 0, 3, 8.73
1747782147, 0, 249, 1058, 1055, 32, 9.42%, 0, 0, 3, 8.01
1747782152, 0, 249, 1059, 1056, 32, 9.42%, 0, 0, 3, 9.42
1747782157, 0, 249, 1060, 1057, 32, 9.42%, 0, 0, 3, 7.32
1747782178, 0, 250, 1060, 1057, 33, 9.42%, 0, 0, 3, 10.12
1747782183, 0, 251, 1060, 1057, 33, 9.42%, 0, 0, 3, 8.03
1747782189, 0, 252, 1060, 1057, 33, 9.42%, 0, 0, 3, 8.00
1747782194, 0, 253, 1060, 1057, 33, 9.42%, 0, 0, 3, 8.66
1747782199, 0, 254, 1060, 1057, 33, 9.42%, 0, 0, 3, 8.65
1747782210, 0, 257, 1060, 1057, 33, 9.42%, 0, 0, 3, 8.23
1747782215, 0, 258, 1060, 1057, 33, 9.42%, 0, 0, 3, 2.25
1747782220, 0, 259, 1061, 1058, 33, 9.42%, 0, 0, 3, 14.80
1747782230, 0, 259, 1062, 1059, 33, 9.42%, 0, 0, 3, 1.17
1747782257, 0, 260, 1062, 1059, 33, 9.42%, 0, 0, 3, 6.59
1747782272, 0, 261, 1062, 1059, 33, 9.42%, 0, 0, 3, 7.08
1747782283, 0, 262, 1062, 1059, 33, 9.42%, 0, 0, 3, 5.72
1747782293, 0, 264, 1062, 1059, 33, 9.42%, 0, 0, 3, 5.42
1747782303, 0, 265, 1062, 1059, 33, 9.42%, 0, 0, 3, 6.63
1747782308, 0, 266, 1062, 1059, 33, 9.42%, 0, 0, 3, 1.97
1747782324, 0, 268, 1062, 1059, 33, 9.42%, 0, 0, 3, 5.54
1747782334, 0, 269, 1062, 1059, 33, 9.42%, 0, 0, 3, 5.67
1747782345, 0, 270, 1062, 1059, 33, 9.42%, 0, 0, 3, 5.41
1747782356, 0, 271, 1062, 1059, 33, 9.42%, 0, 0, 3, 5.12
1747782361, 0, 271, 1063, 1060, 33, 9.42%, 0, 0, 3, 1.16
1747782387, 0, 272, 1063, 1060, 33, 9.42%, 0, 0, 3, 5.16
1747782403, 0, 273, 1063, 1060, 33, 9.42%, 0, 0, 3, 5.18
1747782413, 0, 274, 1063, 1060, 33, 9.42%, 0, 0, 3, 5.25
1747782424, 0, 275, 1063, 1060, 33, 9.42%, 0, 0, 3, 5.25
1747782435, 0, 276, 1063, 1060, 33, 9.42%, 0, 0, 3, 5.32
1747782445, 0, 277, 1063, 1060, 33, 9.42%, 0, 0, 3, 5.06
1747782456, 0, 278, 1063, 1060, 33, 9.42%, 0, 0, 3, 8.92
1747782466, 0, 280, 1063, 1060, 33, 9.42%, 0, 0, 3, 6.57
1747782477, 0, 282, 1063, 1060, 33, 9.42%, 0, 0, 3, 1.15
1747782488, 0, 284, 1063, 1060, 33, 9.42%, 0, 0, 3, 4.16
1747782499, 0, 285, 1063, 1060, 33, 9.42%, 0, 0, 3, 4.70
1747782514, 0, 286, 1063, 1060, 33, 9.42%, 0, 0, 3, 5.17
1747782525, 0, 287, 1063, 1060, 33, 9.42%, 0, 0, 3, 5.39
1747782535, 0, 288, 1063, 1060, 33, 9.42%, 0, 0, 3, 4.88
1747782546, 0, 289, 1063, 1060, 33, 9.42%, 0, 0, 3, 4.46
1747782551, 0, 289, 1064, 1061, 33, 9.42%, 0, 0, 3, 4.77
1747782578, 0, 290, 1064, 1061, 33, 9.42%, 0, 0, 3, 5.34
1747782589, 0, 292, 1064, 1061, 33, 9.42%, 0, 0, 3, 6.36
1747782594, 0, 292, 1065, 1062, 33, 9.42%, 0, 0, 3, 4.72
1747782615, 0, 294, 1065, 1062, 33, 9.42%, 0, 0, 3, 5.82
1747782625, 0, 295, 1065, 1062, 33, 9.42%, 0, 0, 3, 5.22
1747782636, 0, 298, 1065, 1062, 33, 9.42%, 0, 0, 3, 6.24
1747782646, 0, 299, 1065, 1062, 33, 9.42%, 0, 0, 3, 7.93
1747782657, 0, 300, 1065, 1062, 33, 9.42%, 0, 0, 3, 3.85
1747782667, 0, 302, 1065, 1062, 33, 9.42%, 0, 0, 3, 6.41
1747782677, 0, 303, 1065, 1062, 33, 9.42%, 0, 0, 3, 6.44
1747782683, 0, 304, 1065, 1062, 33, 9.42%, 0, 0, 3, 8.03
1747782693, 0, 306, 1065, 1062, 33, 9.42%, 0, 0, 3, 3.13
1747782699, 0, 306, 1066, 1063, 33, 9.42%, 0, 0, 3, 2.70
1747782719, 0, 308, 1066, 1063, 33, 9.42%, 0, 0, 3, 6.02
1747782729, 0, 310, 1066, 1063, 33, 9.42%, 0, 0, 3, 7.09
1747782734, 0, 311, 1066, 1063, 33, 9.42%, 0, 0, 3, 9.09
1747782740, 0, 312, 1066, 1063, 33, 9.42%, 0, 0, 3, 9.70
1747782750, 0, 313, 1066, 1063, 33, 9.42%, 0, 0, 3, 7.99
1747782755, 0, 314, 1066, 1063, 33, 9.42%, 0, 0, 3, 9.31
1747782760, 0, 316, 1066, 1063, 33, 9.42%, 0, 0, 3, 9.00
1747782770, 0, 318, 1066, 1063, 33, 9.42%, 0, 0, 3, 8.24
1747782776, 0, 319, 1066, 1063, 33, 9.42%, 0, 0, 3, 8.11
1747782781, 0, 319, 1067, 1064, 33, 9.42%, 0, 0, 3, 7.15
1747782791, 0, 319, 1068, 1065, 33, 9.42%, 0, 0, 3, 5.39
1747782806, 0, 320, 1068, 1065, 33, 9.42%, 0, 0, 3, 7.80
1747782817, 0, 322, 1068, 1065, 33, 9.42%, 0, 0, 3, 8.95
1747782822, 0, 324, 1068, 1065, 33, 9.42%, 0, 0, 3, 9.40
1747782827, 0, 326, 1068, 1065, 33, 9.42%, 0, 0, 3, 8.95
1747782832, 0, 327, 1068, 1065, 33, 9.42%, 0, 0, 3, 8.62
1747782842, 0, 328, 1068, 1065, 33, 9.42%, 0, 0, 3, 9.40
1747782848, 0, 330, 1068, 1065, 33, 9.42%, 0, 0, 3, 9.97
1747782853, 0, 331, 1068, 1065, 33, 9.42%, 0, 0, 3, 10.52
1747782858, 0, 332, 1068, 1065, 33, 9.42%, 0, 0, 3, 11.03
1747782863, 0, 333, 1068, 1065, 33, 9.42%, 0, 0, 3, 2.87
1747782868, 0, 334, 1068, 1065, 33, 9.42%, 0, 0, 3, 9.32
1747782874, 0, 335, 1068, 1065, 33, 9.42%, 0, 0, 3, 8.90
1747782884, 0, 337, 1068, 1065, 33, 9.42%, 0, 0, 3, 8.19
1747782889, 0, 338, 1068, 1065, 33, 9.42%, 0, 0, 3, 8.63
1747782894, 0, 339, 1068, 1065, 33, 9.42%, 0, 0, 3, 8.58
1747782904, 0, 342, 1068, 1065, 33, 9.42%, 0, 0, 3, 7.86
1747782910, 0, 343, 1068, 1065, 33, 9.42%, 0, 0, 3, 7.80
1747782920, 0, 344, 1068, 1065, 33, 9.42%, 0, 0, 3, 9.56
1747782925, 0, 345, 1068, 1065, 33, 9.42%, 0, 0, 3, 8.70
1747782930, 0, 345, 1069, 1066, 33, 9.42%, 0, 0, 3, 9.24
1747782936, 0, 345, 1070, 1067, 33, 9.42%, 0, 0, 3, 7.97
1747782951, 0, 346, 1070, 1067, 33, 9.42%, 0, 0, 3, 18.26
1747782961, 0, 347, 1070, 1067, 33, 9.42%, 0, 0, 3, 5.27
1747782972, 0, 348, 1070, 1067, 33, 9.42%, 0, 0, 3, 5.45
1747782988, 0, 349, 1070, 1067, 33, 9.42%, 0, 0, 3, 4.67
1747782998, 0, 352, 1070, 1067, 33, 9.42%, 0, 0, 3, 4.82
1747783014, 0, 353, 1070, 1067, 33, 9.42%, 0, 0, 3, 4.22
1747783025, 0, 356, 1070, 1067, 33, 9.42%, 0, 0, 3, 4.83
1747783035, 0, 357, 1070, 1067, 33, 9.42%, 0, 0, 3, 5.88
1747783052, 0, 358, 1070, 1067, 33, 9.42%, 0, 0, 3, 5.88
1747783057, 0, 360, 1070, 1067, 33, 9.42%, 0, 0, 3, 6.72
1747783067, 0, 362, 1070, 1067, 33, 9.42%, 0, 0, 3, 9.76
1747783072, 0, 363, 1071, 1068, 33, 9.42%, 0, 0, 3, 7.40
1747783093, 0, 364, 1071, 1068, 33, 9.42%, 0, 0, 3, 11.87
1747783104, 0, 365, 1071, 1068, 33, 9.42%, 0, 0, 3, 6.61
1747783109, 0, 366, 1071, 1068, 33, 9.42%, 0, 0, 3, 8.34
1747783119, 0, 367, 1071, 1068, 33, 9.42%, 0, 0, 3, 8.19
1747783124, 0, 368, 1071, 1068, 33, 9.42%, 0, 0, 3, 8.92
1747783130, 0, 369, 1071, 1068, 33, 9.42%, 0, 0, 3, 8.37
1747783135, 0, 370, 1071, 1068, 33, 9.42%, 0, 0, 3, 8.95
1747783145, 0, 371, 1071, 1068, 33, 9.42%, 0, 0, 3, 9.06
1747783151, 0, 372, 1071, 1068, 33, 9.42%, 0, 0, 3, 10.55
1747783156, 0, 373, 1071, 1068, 33, 9.42%, 0, 0, 3, 10.50
1747783161, 0, 375, 1071, 1068, 33, 9.42%, 0, 0, 3, 9.63
1747783166, 0, 376, 1071, 1068, 33, 9.42%, 0, 0, 3, 10.19
1747783171, 0, 377, 1071, 1068, 33, 9.42%, 0, 0, 3, 9.34
1747783177, 0, 378, 1071, 1068, 33, 9.42%, 0, 0, 3, 10.05
1747783187, 0, 379, 1071, 1068, 33, 9.42%, 0, 0, 3, 7.97
1747783192, 0, 380, 1072, 1069, 33, 9.42%, 0, 0, 3, 8.61
1747783207, 0, 382, 1072, 1069, 33, 9.42%, 0, 0, 3, 9.15
1747783212, 0, 382, 1073, 1070, 33, 9.42%, 0, 0, 3, 6.34
1747783218, 0, 382, 1074, 1071, 33, 9.42%, 0, 0, 3, 6.41
1747783244, 0, 383, 1074, 1071, 33, 9.42%, 0, 0, 3, 8.87
1747783249, 0, 384, 1074, 1071, 33, 9.42%, 0, 0, 3, 7.67
1747783254, 0, 385, 1074, 1071, 33, 9.42%, 0, 0, 3, 8.83
1747783265, 0, 386, 1074, 1071, 33, 9.42%, 0, 0, 3, 7.98
1747783270, 0, 387, 1074, 1071, 33, 9.42%, 0, 0, 3, 8.49
1747783275, 0, 389, 1074, 1071, 33, 9.42%, 0, 0, 3, 9.81
1747783280, 0, 390, 1074, 1071, 33, 9.42%, 0, 0, 3, 9.36
1747783286, 0, 391, 1074, 1071, 33, 9.42%, 0, 0, 3, 8.98
1747783296, 0, 393, 1074, 1071, 33, 9.42%, 0, 0, 3, 8.74
1747783301, 0, 396, 1074, 1071, 33, 9.42%, 0, 0, 3, 9.46
1747783307, 0, 397, 1074, 1071, 33, 9.42%, 0, 0, 3, 8.19
1747783312, 0, 398, 1074, 1071, 33, 9.42%, 0, 0, 3, 8.65
1747783323, 0, 399, 1074, 1071, 33, 9.42%, 0, 0, 3, 7.80
1747783328, 0, 399, 1075, 1072, 33, 9.42%, 0, 0, 3, 5.54
1747783339, 0, 400, 1075, 1072, 33, 9.42%, 0, 0, 3, 8.66
1747783344, 0, 402, 1075, 1072, 33, 9.42%, 0, 0, 3, 15.60
1747783349, 0, 405, 1075, 1072, 33, 9.42%, 0, 0, 3, 10.51
1747783354, 0, 406, 1075, 1072, 33, 9.42%, 0, 0, 3, 10.83
1747783359, 0, 407, 1075, 1072, 33, 9.42%, 0, 0, 3, 10.30
1747783370, 0, 409, 1075, 1072, 33, 9.42%, 0, 0, 3, 8.22
1747783375, 0, 411, 1075, 1072, 33, 9.42%, 0, 0, 3, 8.23
1747783380, 0, 412, 1075, 1072, 33, 9.42%, 0, 0, 3, 7.44
1747783386, 0, 412, 1076, 1073, 33, 9.42%, 0, 0, 3, 6.67
1747783396, 0, 413, 1076, 1073, 33, 9.42%, 0, 0, 3, 9.15
1747783401, 0, 414, 1076, 1073, 33, 9.42%, 0, 0, 3, 9.44
1747783406, 0, 416, 1076, 1073, 33, 9.42%, 0, 0, 3, 10.24
1747783416, 0, 417, 1076, 1073, 33, 9.42%, 0, 0, 3, 16.91
1747783437, 0, 418, 1076, 1072, 33, 9.42%, 0, 0, 3, 14.10
1747783442, 0, 418, 1077, 1073, 33, 9.42%, 0, 0, 3, 2.28
1747783458, 0, 419, 1078, 1074, 33, 9.42%, 0, 0, 3, 8.70
1747783473, 0, 420, 1078, 1074, 33, 9.42%, 0, 0, 3, 9.79
1747783478, 0, 421, 1078, 1074, 33, 9.42%, 0, 0, 3, 8.80
1747783489, 0, 422, 1078, 1074, 33, 9.42%, 0, 0, 3, 7.50
1747783494, 0, 423, 1078, 1074, 33, 9.42%, 0, 0, 3, 7.93
1747783499, 0, 424, 1078, 1074, 33, 9.42%, 0, 0, 3, 9.38
1747783505, 0, 425, 1078, 1074, 33, 9.42%, 0, 0, 3, 10.80
1747783516, 0, 426, 1078, 1074, 33, 9.42%, 0, 0, 3, 8.82
1747783521, 0, 427, 1078, 1074, 33, 9.42%, 0, 0, 3, 8.35
1747783526, 0, 428, 1078, 1074, 33, 9.42%, 0, 0, 3, 9.02
1747783536, 0, 429, 1078, 1074, 33, 9.42%, 0, 0, 3, 9.84
1747783542, 0, 431, 1078, 1074, 33, 9.42%, 0, 0, 3, 9.25
1747783547, 0, 433, 1078, 1074, 33, 9.42%, 0, 0, 3, 8.35
1747783552, 0, 434, 1078, 1074, 33, 9.42%, 0, 0, 3, 8.83
1747783563, 0, 435, 1078, 1074, 33, 9.42%, 0, 0, 3, 8.52
1747783568, 0, 436, 1078, 1074, 33, 9.42%, 0, 0, 3, 10.01
1747783573, 0, 437, 1078, 1074, 33, 9.42%, 0, 0, 3, 9.79
1747783578, 0, 438, 1078, 1074, 33, 9.42%, 0, 0, 3, 8.89
1747783589, 0, 439, 1078, 1074, 33, 9.42%, 0, 0, 3, 9.27
1747783594, 0, 442, 1079, 1075, 33, 9.42%, 0, 0, 3, 7.03
1747783609, 0, 443, 1079, 1075, 33, 9.42%, 0, 0, 3, 8.13
1747783614, 0, 444, 1079, 1075, 33, 9.42%, 0, 0, 3, 10.14
1747783619, 0, 445, 1079, 1075, 33, 9.42%, 0, 0, 3, 10.50
1747783625, 0, 446, 1079, 1075, 33, 9.42%, 0, 0, 3, 8.99
1747783635, 0, 448, 1079, 1075, 33, 9.42%, 0, 0, 3, 15.84
1747783722, 0, 450, 1079, 1074, 33, 9.42%, 0, 0, 3, 6.07
1747783727, 0, 451, 1080, 1075, 33, 9.42%, 0, 0, 3, 21.99
1747783762, 0, 451, 1081, 1076, 33, 9.42%, 0, 0, 3, 20.17
1747783803, 0, 452, 1081, 1075, 33, 9.42%, 0, 0, 3, 18.51
1747783809, 0, 452, 1082, 1076, 33, 9.42%, 0, 0, 3, 3.15
1747783819, 0, 452, 1083, 1077, 33, 9.43%, 0, 0, 3, 8.43
1747783835, 0, 452, 1084, 1078, 33, 9.43%, 0, 0, 3, 6.08
1747783871, 0, 453, 1084, 1078, 33, 9.43%, 0, 0, 3, 8.88
1747783876, 0, 455, 1084, 1078, 33, 9.43%, 0, 0, 3, 9.06
1747783881, 0, 456, 1084, 1078, 33, 9.43%, 0, 0, 3, 9.35
1747783886, 0, 457, 1084, 1078, 33, 9.43%, 0, 0, 3, 8.71
1747783896, 0, 460, 1084, 1078, 33, 9.43%, 0, 0, 3, 9.28
1747783901, 0, 461, 1084, 1078, 33, 9.43%, 0, 0, 3, 8.59
1747783912, 0, 462, 1084, 1078, 33, 9.43%, 0, 0, 3, 7.18
1747783917, 0, 468, 1084, 1078, 33, 9.43%, 0, 0, 3, 8.14
1747783927, 0, 470, 1084, 1078, 33, 9.43%, 0, 0, 3, 9.34
1747783933, 0, 471, 1084, 1078, 33, 9.43%, 0, 0, 3, 8.82
1747783938, 0, 472, 1084, 1078, 33, 9.43%, 0, 0, 3, 8.06
1747783943, 0, 473, 1084, 1078, 33, 9.43%, 0, 0, 3, 9.42
1747783948, 0, 475, 1084, 1078, 33, 9.43%, 0, 0, 3, 9.59
1747783953, 0, 476, 1084, 1078, 33, 9.43%, 0, 0, 3, 10.18
1747783958, 0, 476, 1085, 1079, 33, 9.43%, 0, 0, 3, 8.47
1747783968, 0, 477, 1085, 1079, 35, 9.43%, 0, 0, 3, 12.90
1747783974, 0, 478, 1085, 1079, 35, 9.43%, 0, 0, 3, 4.01
1747783984, 0, 481, 1085, 1079, 35, 9.43%, 0, 0, 3, 7.56
1747783989, 0, 481, 1086, 1080, 35, 9.43%, 0, 0, 3, 6.63
1747784000, 0, 482, 1086, 1080, 35, 9.43%, 0, 0, 3, 7.97
1747784005, 0, 482, 1087, 1081, 35, 9.43%, 0, 0, 3, 6.64
1747784015, 0, 484, 1087, 1081, 36, 9.43%, 0, 0, 3, 8.52
1747784021, 0, 485, 1087, 1081, 36, 9.43%, 0, 0, 3, 9.51
1747784032, 0, 486, 1087, 1081, 36, 9.43%, 0, 0, 3, 9.22
1747784037, 0, 487, 1087, 1081, 36, 9.43%, 0, 0, 3, 8.44
1747784042, 0, 488, 1087, 1081, 36, 9.43%, 0, 0, 3, 8.10
1747784052, 0, 489, 1087, 1081, 36, 9.43%, 0, 0, 3, 6.66
1747784062, 0, 490, 1087, 1081, 36, 9.43%, 0, 0, 3, 7.92
1747784068, 0, 491, 1087, 1081, 36, 9.43%, 0, 0, 3, 7.97
1747784073, 0, 492, 1087, 1081, 36, 9.43%, 0, 0, 3, 8.74
1747784078, 0, 493, 1087, 1081, 36, 9.43%, 0, 0, 3, 9.50
1747784088, 0, 497, 1087, 1081, 36, 9.43%, 0, 0, 3, 9.82
1747784093, 0, 498, 1087, 1081, 36, 9.43%, 0, 0, 3, 8.70
1747784099, 0, 499, 1087, 1081, 36, 9.43%, 0, 0, 3, 9.77
1747784104, 0, 500, 1087, 1081, 36, 9.43%, 0, 0, 3, 10.11
1747784114, 0, 501, 1087, 1081, 36, 9.43%, 0, 0, 3, 10.12
1747784120, 0, 502, 1087, 1081, 36, 9.43%, 0, 0, 3, 10.10
1747784125, 0, 502, 1088, 1082, 36, 9.43%, 0, 0, 3, 7.74
1747784135, 0, 504, 1088, 1082, 36, 9.43%, 0, 0, 3, 8.56
1747784140, 0, 506, 1088, 1082, 36, 9.43%, 0, 0, 3, 7.99
1747784145, 0, 507, 1088, 1082, 36, 9.43%, 0, 0, 3, 9.47
1747784151, 0, 509, 1088, 1082, 36, 9.43%, 0, 0, 3, 9.60
1747784156, 0, 510, 1088, 1082, 36, 9.43%, 0, 0, 3, 1.27
1747784172, 0, 512, 1088, 1082, 36, 9.43%, 0, 0, 3, 2.31
1747784182, 0, 513, 1088, 1082, 36, 9.43%, 0, 0, 3, 4.45
1747784193, 0, 514, 1088, 1082, 36, 9.43%, 0, 0, 3, 5.39
1747784203, 0, 516, 1088, 1082, 36, 9.43%, 0, 0, 3, 7.05
1747784219, 0, 517, 1088, 1082, 36, 9.43%, 0, 0, 3, 4.60
1747784230, 0, 518, 1088, 1082, 36, 9.43%, 0, 0, 3, 4.86
1747784241, 0, 519, 1088, 1082, 36, 9.43%, 0, 0, 3, 5.62
1747784252, 0, 520, 1088, 1082, 36, 9.43%, 0, 0, 3, 1.22
1747784263, 0, 521, 1088, 1082, 36, 9.43%, 0, 0, 3, 6.07
1747784273, 0, 522, 1088, 1082, 36, 9.43%, 0, 0, 3, 5.96
1747784284, 0, 524, 1088, 1082, 36, 9.43%, 0, 0, 3, 5.81
1747784294, 0, 525, 1088, 1082, 36, 9.43%, 0, 0, 3, 5.27
1747784310, 0, 526, 1088, 1082, 36, 9.43%, 0, 0, 3, 5.08
1747784321, 0, 527, 1088, 1082, 36, 9.43%, 0, 0, 3, 5.08
1747784337, 0, 528, 1088, 1082, 36, 9.43%, 0, 0, 3, 5.18
1747784348, 0, 529, 1088, 1082, 36, 9.43%, 0, 0, 3, 5.65
1747784358, 0, 530, 1088, 1082, 36, 9.43%, 0, 0, 3, 5.12
1747784368, 0, 532, 1088, 1082, 36, 9.43%, 0, 0, 3, 5.55
1747784379, 0, 533, 1088, 1082, 36, 9.43%, 0, 0, 3, 6.01
1747784389, 0, 534, 1088, 1082, 36, 9.43%, 0, 0, 3, 3.68
1747784399, 0, 536, 1088, 1082, 36, 9.43%, 0, 0, 3, 5.64
1747784410, 0, 537, 1088, 1082, 36, 9.43%, 0, 0, 3, 5.51
1747784420, 0, 538, 1088, 1082, 36, 9.43%, 0, 0, 3, 2.13
1747784431, 0, 539, 1088, 1082, 36, 9.43%, 0, 0, 3, 2.99
1747784447, 0, 541, 1088, 1082, 36, 9.43%, 0, 0, 3, 4.95
1747784458, 0, 543, 1088, 1082, 36, 9.43%, 0, 0, 3, 5.81
1747784468, 0, 544, 1088, 1082, 36, 9.43%, 0, 0, 3, 4.82
1747784479, 0, 545, 1088, 1082, 36, 9.43%, 0, 0, 3, 8.30
1747784484, 0, 548, 1088, 1082, 36, 9.43%, 0, 0, 3, 7.99
1747784489, 0, 549, 1088, 1082, 36, 9.43%, 0, 0, 3, 7.60
1747784499, 0, 551, 1088, 1082, 36, 9.43%, 0, 0, 3, 8.75
1747784505, 0, 552, 1088, 1082, 36, 9.43%, 0, 0, 3, 9.21
1747784510, 0, 554, 1088, 1082, 36, 9.43%, 0, 0, 3, 9.11
1747784516, 0, 555, 1088, 1082, 36, 9.43%, 0, 0, 3, 8.77
1747784521, 0, 556, 1088, 1082, 36, 9.43%, 0, 0, 3, 8.98
1747784526, 0, 556, 1089, 1083, 36, 9.43%, 0, 0, 3, 6.68
1747784542, 0, 557, 1089, 1083, 36, 9.43%, 0, 0, 3, 8.95
1747784547, 0, 558, 1089, 1083, 36, 9.43%, 0, 0, 3, 8.32
1747784552, 0, 559, 1089, 1083, 36, 9.43%, 0, 0, 3, 7.55
1747784557, 0, 561, 1089, 1083, 36, 9.43%, 0, 0, 3, 8.90
1747784573, 0, 562, 1089, 1083, 36, 9.43%, 0, 0, 3, 4.14
1747784578, 0, 565, 1089, 1083, 36, 9.43%, 0, 0, 3, 5.77
1747784594, 0, 566, 1089, 1083, 36, 9.43%, 0, 0, 3, 4.98
1747784605, 0, 567, 1089, 1083, 36, 9.43%, 0, 0, 3, 5.24
1747784621, 0, 568, 1089, 1083, 36, 9.43%, 0, 0, 3, 5.43
1747784631, 0, 569, 1089, 1083, 36, 9.43%, 0, 0, 3, 5.48
1747784642, 0, 570, 1089, 1083, 36, 9.43%, 0, 0, 3, 7.60
1747784652, 0, 571, 1089, 1083, 36, 9.43%, 0, 0, 3, 8.04
1747784657, 0, 572, 1089, 1083, 36, 9.43%, 0, 0, 3, 8.49
1747784663, 0, 573, 1089, 1083, 36, 9.43%, 0, 0, 3, 8.92
1747784668, 0, 574, 1089, 1083, 36, 9.43%, 0, 0, 3, 8.72
1747784678, 0, 575, 1089, 1083, 36, 9.43%, 0, 0, 3, 8.86
1747784684, 0, 576, 1089, 1083, 36, 9.43%, 0, 0, 3, 7.88
1747784689, 0, 577, 1089, 1083, 36, 9.43%, 0, 0, 3, 7.76
1747784699, 0, 578, 1089, 1083, 36, 9.43%, 0, 0, 3, 9.05
1747784705, 0, 578, 1090, 1084, 36, 9.43%, 0, 0, 3, 5.84
1747784715, 0, 579, 1090, 1084, 36, 9.43%, 0, 0, 3, 7.63
1747784720, 0, 580, 1090, 1084, 36, 9.43%, 0, 0, 3, 8.53
1747784730, 0, 581, 1090, 1084, 36, 9.43%, 0, 0, 3, 7.64
1747784735, 0, 582, 1090, 1084, 36, 9.43%, 0, 0, 3, 9.42
1747784741, 0, 583, 1090, 1084, 36, 9.43%, 0, 0, 3, 8.70
1747784751, 0, 584, 1090, 1084, 36, 9.43%, 0, 0, 3, 7.27
1747784756, 0, 585, 1090, 1084, 36, 9.43%, 0, 0, 3, 8.78
1747784761, 0, 586, 1090, 1084, 36, 9.43%, 0, 0, 3, 8.88
1747784772, 0, 587, 1090, 1084, 36, 9.43%, 0, 0, 3, 13.95
1747784807, 0, 587, 1091, 1085, 36, 9.43%, 0, 0, 3, 19.07
1747784833, 0, 589, 1091, 1084, 35, 9.43%, 0, 0, 3, 14.06
1747784838, 0, 590, 1091, 1084, 35, 9.43%, 0, 0, 3, 9.96
1747784848, 0, 591, 1091, 1084, 35, 9.43%, 0, 0, 3, 8.14
1747784853, 0, 593, 1091, 1084, 35, 9.43%, 0, 0, 3, 8.90
1747784858, 0, 594, 1091, 1084, 35, 9.43%, 0, 0, 3, 9.22
1747784864, 0, 595, 1091, 1084, 35, 9.43%, 0, 0, 3, 8.96
1747784874, 0, 597, 1091, 1084, 35, 9.43%, 0, 0, 3, 9.37
1747784880, 0, 598, 1091, 1084, 35, 9.43%, 0, 0, 3, 9.36
1747784885, 0, 599, 1091, 1084, 35, 9.43%, 0, 0, 3, 9.91
1747784890, 0, 601, 1091, 1084, 35, 9.43%, 0, 0, 3, 7.79
1747784895, 0, 601, 1092, 1085, 35, 9.43%, 0, 0, 3, 9.85
1747784906, 0, 601, 1093, 1086, 35, 9.43%, 0, 0, 3, 10.23
1747784916, 0, 602, 1093, 1086, 35, 9.43%, 0, 0, 3, 9.07
1747784927, 0, 603, 1093, 1086, 35, 9.43%, 0, 0, 3, 7.74
1747784932, 0, 605, 1093, 1086, 35, 9.43%, 0, 0, 3, 8.32
1747784937, 0, 606, 1093, 1086, 35, 9.43%, 0, 0, 3, 7.92
1747784943, 0, 607, 1093, 1086, 35, 9.43%, 0, 0, 3, 9.07
1747784948, 0, 607, 1094, 1087, 35, 9.43%, 0, 0, 3, 6.13
1747784963, 0, 608, 1094, 1087, 35, 9.43%, 0, 0, 3, 8.18
1747784969, 0, 609, 1094, 1087, 35, 9.43%, 0, 0, 3, 7.26
1747784979, 0, 610, 1094, 1087, 35, 9.43%, 0, 0, 3, 8.26
1747784994, 0, 611, 1094, 1087, 35, 9.43%, 0, 0, 3, 6.50
1747785005, 0, 615, 1094, 1087, 35, 9.43%, 0, 0, 3, 3.55
1747785015, 0, 617, 1094, 1087, 35, 9.43%, 0, 0, 3, 4.59
1747785025, 0, 618, 1094, 1087, 35, 9.43%, 0, 0, 3, 7.22
1747785030, 0, 619, 1094, 1087, 35, 9.43%, 0, 0, 3, 8.69
1747785035, 0, 620, 1094, 1087, 35, 9.43%, 0, 0, 3, 9.15
1747785046, 0, 621, 1094, 1087, 35, 9.43%, 0, 0, 3, 8.90
1747785051, 0, 622, 1094, 1087, 35, 9.43%, 0, 0, 3, 8.68
1747785056, 0, 623, 1094, 1087, 35, 9.43%, 0, 0, 3, 7.81
1747785067, 0, 624, 1094, 1087, 35, 9.43%, 0, 0, 3, 8.77
1747785072, 0, 626, 1094, 1087, 35, 9.43%, 0, 0, 3, 7.74
1747785077, 0, 627, 1094, 1087, 35, 9.43%, 0, 0, 3, 9.87
1747785087, 0, 628, 1094, 1087, 35, 9.43%, 0, 0, 3, 7.03
1747785092, 0, 630, 1094, 1087, 35, 9.43%, 0, 0, 3, 7.67
1747785103, 0, 631, 1094, 1087, 35, 9.43%, 0, 0, 3, 14.35
1747785108, 0, 631, 1095, 1088, 35, 9.43%, 0, 0, 3, 14.77
1747785185, 0, 631, 1096, 1089, 35, 9.43%, 0, 0, 3, 16.69
1747785200, 0, 632, 1096, 1088, 33, 9.43%, 0, 0, 3, 14.72
1747785206, 0, 632, 1097, 1089, 33, 9.43%, 0, 0, 3, 2.70
1747785216, 0, 633, 1097, 1089, 33, 9.43%, 0, 0, 3, 11.02
1747785370, 0, 633, 1098, 1090, 33, 9.43%, 0, 0, 3, 14.61
1747785390, 0, 634, 1098, 1089, 32, 9.43%, 0, 0, 3, 14.61
1747785401, 0, 635, 1098, 1089, 32, 9.43%, 0, 0, 3, 7.32
1747785406, 0, 637, 1098, 1089, 32, 9.43%, 0, 0, 3, 8.07
1747785416, 0, 639, 1098, 1089, 32, 9.43%, 0, 0, 3, 9.75
1747785421, 0, 640, 1098, 1089, 32, 9.43%, 0, 0, 3, 8.91
1747785426, 0, 641, 1098, 1089, 32, 9.43%, 0, 0, 3, 7.97
1747785431, 0, 643, 1098, 1089, 32, 9.43%, 0, 0, 3, 9.04
1747785442, 0, 644, 1098, 1089, 32, 9.43%, 0, 0, 3, 8.01
1747785447, 0, 645, 1098, 1089, 32, 9.43%, 0, 0, 3, 8.23
1747785457, 0, 646, 1099, 1090, 32, 9.44%, 0, 0, 3, 6.77
1747785467, 0, 647, 1099, 1090, 33, 9.44%, 0, 0, 3, 9.51
1747785473, 0, 649, 1099, 1090, 33, 9.44%, 0, 0, 3, 9.85
1747785483, 0, 650, 1099, 1090, 33, 9.44%, 0, 0, 3, 9.45
1747785488, 0, 651, 1099, 1090, 33, 9.44%, 0, 0, 3, 8.42
1747785494, 0, 652, 1099, 1090, 33, 9.44%, 0, 0, 3, 9.80
1747785499, 0, 654, 1099, 1090, 33, 9.44%, 0, 0, 3, 8.66
1747785504, 0, 655, 1099, 1090, 33, 9.44%, 0, 0, 3, 9.14
1747785514, 0, 656, 1099, 1090, 33, 9.44%, 0, 0, 3, 8.45
1747785519, 0, 657, 1099, 1090, 33, 9.44%, 0, 0, 3, 8.98
1747785524, 0, 657, 1100, 1091, 33, 9.44%, 0, 0, 3, 7.47
1747785535, 0, 659, 1100, 1091, 33, 9.44%, 0, 0, 3, 8.84
1747785540, 0, 660, 1100, 1091, 33, 9.44%, 0, 0, 3, 8.40
1747785545, 0, 661, 1100, 1091, 33, 9.44%, 0, 0, 3, 9.34
1747785550, 0, 662, 1100, 1091, 33, 9.44%, 0, 0, 3, 9.40
1747785556, 0, 663, 1100, 1091, 33, 9.44%, 0, 0, 3, 9.55
1747785566, 0, 664, 1100, 1091, 33, 9.44%, 0, 0, 3, 8.88
1747785571, 0, 666, 1100, 1091, 33, 9.44%, 0, 0, 3, 8.26
1747785576, 0, 667, 1100, 1091, 33, 9.44%, 0, 0, 3, 9.19
1747785581, 0, 668, 1100, 1091, 33, 9.44%, 0, 0, 3, 9.05
1747785592, 0, 670, 1100, 1091, 33, 9.44%, 0, 0, 3, 9.16
1747785597, 0, 672, 1100, 1091, 33, 9.44%, 0, 0, 3, 7.89
1747785602, 0, 674, 1100, 1091, 33, 9.44%, 0, 0, 3, 8.50
1747785612, 0, 675, 1100, 1091, 33, 9.44%, 0, 0, 3, 8.70
1747785617, 0, 676, 1100, 1091, 33, 9.44%, 0, 0, 3, 8.46
1747785622, 0, 678, 1100, 1091, 33, 9.44%, 0, 0, 3, 8.39
1747785628, 0, 679, 1100, 1091, 33, 9.44%, 0, 0, 3, 8.73
1747785638, 0, 680, 1100, 1091, 33, 9.44%, 0, 0, 3, 9.81
1747785643, 0, 681, 1100, 1091, 33, 9.44%, 0, 0, 3, 8.68
1747785648, 0, 682, 1100, 1091, 33, 9.44%, 0, 0, 3, 8.38
1747785654, 0, 683, 1101, 1092, 33, 9.44%, 0, 0, 3, 8.06
1747785674, 0, 684, 1101, 1092, 32, 9.44%, 0, 0, 3, 8.43
1747785679, 0, 685, 1101, 1092, 32, 9.44%, 0, 0, 3, 8.56
1747785684, 0, 686, 1101, 1092, 32, 9.44%, 0, 0, 3, 8.96
1747785690, 0, 687, 1101, 1092, 32, 9.44%, 0, 0, 3, 8.98
1747785700, 0, 690, 1101, 1092, 32, 9.44%, 0, 0, 3, 9.61
1747785705, 0, 691, 1101, 1092, 32, 9.44%, 0, 0, 3, 9.72
1747785710, 0, 692, 1101, 1092, 32, 9.44%, 0, 0, 3, 8.34
1747785715, 0, 693, 1101, 1092, 32, 9.44%, 0, 0, 3, 9.48
1747785720, 0, 695, 1101, 1092, 32, 9.44%, 0, 0, 3, 8.67
1747785731, 0, 696, 1102, 1093, 32, 9.44%, 0, 0, 3, 7.05
1747785746, 0, 697, 1102, 1093, 32, 9.44%, 0, 0, 3, 8.75
1747785752, 0, 698, 1102, 1093, 32, 9.44%, 0, 0, 3, 8.31
1747785757, 0, 699, 1102, 1093, 32, 9.44%, 0, 0, 3, 8.87
1747785762, 0, 700, 1102, 1093, 32, 9.44%, 0, 0, 3, 9.30
1747785773, 0, 701, 1102, 1093, 32, 9.44%, 0, 0, 3, 8.11
1747785778, 0, 702, 1102, 1093, 32, 9.44%, 0, 0, 3, 7.59
1747785788, 0, 705, 1102, 1093, 32, 9.44%, 0, 0, 3, 10.00
1747785799, 0, 706, 1102, 1093, 32, 9.44%, 0, 0, 3, 10.33
1747785804, 0, 707, 1102, 1093, 32, 9.44%, 0, 0, 3, 8.73
1747785809, 0, 709, 1102, 1093, 32, 9.44%, 0, 0, 3, 7.97
1747785814, 0, 710, 1102, 1093, 32, 9.44%, 0, 0, 3, 8.92
1747785824, 0, 711, 1102, 1093, 32, 9.44%, 0, 0, 3, 8.18
1747785829, 0, 712, 1102, 1093, 32, 9.44%, 0, 0, 3, 7.67
1747785840, 0, 713, 1102, 1093, 32, 9.44%, 0, 0, 3, 10.29
1747785845, 0, 714, 1103, 1094, 32, 9.44%, 0, 0, 3, 1.75
1747785860, 0, 715, 1103, 1094, 32, 9.44%, 0, 0, 3, 9.14
1747785865, 0, 715, 1104, 1095, 32, 9.44%, 0, 0, 3, 7.19
1747785881, 0, 716, 1104, 1095, 32, 9.44%, 0, 0, 3, 8.47
1747785886, 0, 717, 1104, 1095, 32, 9.44%, 0, 0, 3, 7.92
1747785896, 0, 718, 1104, 1095, 32, 9.44%, 0, 0, 3, 8.05
1747785902, 0, 719, 1104, 1095, 32, 9.44%, 0, 0, 3, 9.13
1747785907, 0, 721, 1104, 1095, 32, 9.44%, 0, 0, 3, 9.62
1747785912, 0, 722, 1104, 1095, 32, 9.44%, 0, 0, 3, 9.58
1747785922, 0, 723, 1104, 1095, 32, 9.44%, 0, 0, 3, 8.60
1747785927, 0, 724, 1104, 1095, 32, 9.44%, 0, 0, 3, 7.02
1747785938, 0, 725, 1104, 1095, 32, 9.44%, 0, 0, 3, 8.40
1747785948, 0, 726, 1104, 1095, 32, 9.44%, 0, 0, 3, 4.42
1747785959, 0, 728, 1104, 1095, 32, 9.44%, 0, 0, 3, 7.40
1747785969, 0, 729, 1104, 1095, 32, 9.44%, 0, 0, 3, 6.03
1747785979, 0, 730, 1104, 1095, 32, 9.44%, 0, 0, 3, 6.07
1747785990, 0, 731, 1104, 1095, 32, 9.44%, 0, 0, 3, 5.32
1747786000, 0, 732, 1104, 1095, 32, 9.44%, 0, 0, 3, 5.03
1747786010, 0, 734, 1104, 1095, 32, 9.44%, 0, 0, 3, 6.90
1747786026, 0, 735, 1104, 1095, 32, 9.44%, 0, 0, 3, 6.81
1747786037, 0, 737, 1104, 1095, 32, 9.44%, 0, 0, 3, 5.26
1747786048, 0, 738, 1104, 1095, 32, 9.44%, 0, 0, 3, 5.02
1747786058, 0, 739, 1104, 1095, 32, 9.44%, 0, 0, 3, 1.17
1747786069, 0, 741, 1104, 1095, 32, 9.44%, 0, 0, 3, 4.83
1747786079, 0, 742, 1104, 1095, 32, 9.44%, 0, 0, 3, 5.67
1747786096, 0, 743, 1104, 1095, 32, 9.44%, 0, 0, 3, 5.36
1747786106, 0, 744, 1104, 1095, 32, 9.44%, 0, 0, 3, 6.15
1747786116, 0, 745, 1104, 1095, 32, 9.44%, 0, 0, 3, 5.26
1747786126, 0, 746, 1104, 1095, 32, 9.44%, 0, 0, 3, 5.51
1747786136, 0, 747, 1104, 1095, 32, 9.44%, 0, 0, 3, 4.99
1747786147, 0, 748, 1104, 1095, 32, 9.44%, 0, 0, 3, 3.62
1747786157, 0, 749, 1104, 1095, 32, 9.44%, 0, 0, 3, 5.82
1747786168, 0, 750, 1104, 1095, 32, 9.44%, 0, 0, 3, 3.87
1747786178, 0, 751, 1104, 1095, 32, 9.44%, 0, 0, 3, 4.69
1747786189, 0, 753, 1104, 1095, 32, 9.44%, 0, 0, 3, 4.02
1747786199, 0, 754, 1104, 1095, 32, 9.44%, 0, 0, 3, 4.37
1747786215, 0, 755, 1104, 1095, 32, 9.44%, 0, 0, 3, 5.35
1747786226, 0, 758, 1104, 1095, 32, 9.44%, 0, 0, 3, 5.73
1747786231, 0, 758, 1105, 1096, 32, 9.44%, 0, 0, 3, 4.21
1747786247, 0, 759, 1105, 1096, 32, 9.44%, 0, 0, 3, 6.51
1747786257, 0, 760, 1105, 1096, 32, 9.44%, 0, 0, 3, 5.97
1747786268, 0, 761, 1105, 1096, 32, 9.44%, 0, 0, 3, 4.29
1747786278, 0, 762, 1105, 1096, 32, 9.44%, 0, 0, 3, 5.18
1747786289, 0, 764, 1105, 1096, 32, 9.44%, 0, 0, 3, 5.54
1747786304, 0, 766, 1105, 1096, 32, 9.44%, 0, 0, 3, 6.77
1747786315, 0, 767, 1105, 1096, 32, 9.44%, 0, 0, 3, 1.21
1747786325, 0, 768, 1105, 1096, 32, 9.44%, 0, 0, 3, 6.77
1747786330, 0, 769, 1105, 1096, 32, 9.44%, 0, 0, 3, 7.15
1747786341, 0, 770, 1105, 1096, 32, 9.44%, 0, 0, 3, 5.97
1747786351, 0, 771, 1105, 1096, 32, 9.44%, 0, 0, 3, 5.82
1747786362, 0, 772, 1105, 1096, 32, 9.44%, 0, 0, 3, 6.06
1747786372, 0, 773, 1105, 1096, 32, 9.44%, 0, 0, 3, 6.38
1747786382, 0, 774, 1105, 1096, 32, 9.44%, 0, 0, 3, 4.31
1747786393, 0, 776, 1105, 1096, 32, 9.44%, 0, 0, 3, 4.94
1747786403, 0, 777, 1105, 1096, 32, 9.44%, 0, 0, 3, 6.90
1747786413, 0, 778, 1105, 1096, 32, 9.44%, 0, 0, 3, 2.35
1747786424, 0, 779, 1105, 1096, 32, 9.44%, 0, 0, 3, 5.11
1747786435, 0, 780, 1105, 1096, 32, 9.44%, 0, 0, 3, 5.19
1747786445, 0, 781, 1105, 1096, 32, 9.44%, 0, 0, 3, 5.12
1747786455, 0, 781, 1106, 1097, 32, 9.44%, 0, 0, 3, 3.98
1747786471, 0, 783, 1106, 1097, 32, 9.44%, 0, 0, 3, 5.94
1747786481, 0, 784, 1106, 1097, 32, 9.44%, 0, 0, 3, 1.92
1747786497, 0, 785, 1106, 1097, 32, 9.44%, 0, 0, 3, 6.08
1747786502, 0, 786, 1106, 1097, 32, 9.44%, 0, 0, 3, 5.80
1747786513, 0, 787, 1106, 1097, 32, 9.44%, 0, 0, 3, 6.17
1747786524, 0, 789, 1106, 1097, 32, 9.44%, 0, 0, 3, 1.54
1747786535, 0, 790, 1106, 1097, 32, 9.44%, 0, 0, 3, 4.93
1747786545, 0, 791, 1106, 1097, 32, 9.44%, 0, 0, 3, 6.26
1747786556, 0, 792, 1106, 1097, 32, 9.44%, 0, 0, 3, 5.79
1747786571, 0, 793, 1106, 1097, 32, 9.44%, 0, 0, 3, 5.29
1747786582, 0, 794, 1106, 1097, 32, 9.44%, 0, 0, 3, 5.20
1747786592, 0, 795, 1106, 1097, 32, 9.44%, 0, 0, 3, 5.57
1747786603, 0, 797, 1106, 1097, 32, 9.44%, 0, 0, 3, 5.31
1747786613, 0, 798, 1106, 1097, 32, 9.44%, 0, 0, 3, 6.47
1747786623, 0, 800, 1106, 1097, 32, 9.44%, 0, 0, 3, 5.65
1747786639, 0, 803, 1106, 1097, 32, 9.44%, 0, 0, 3, 5.06
1747786650, 0, 805, 1106, 1097, 32, 9.44%, 0, 0, 3, 5.13
1747786660, 0, 806, 1106, 1097, 32, 9.44%, 0, 0, 3, 2.14
1747786671, 0, 807, 1106, 1097, 32, 9.44%, 0, 0, 3, 5.31
1747786687, 0, 808, 1106, 1097, 32, 9.44%, 0, 0, 3, 5.86
1747786697, 0, 809, 1106, 1097, 32, 9.44%, 0, 0, 3, 1.88
1747786708, 0, 810, 1106, 1097, 32, 9.44%, 0, 0, 3, 1.17
1747786718, 0, 811, 1106, 1097, 32, 9.44%, 0, 0, 3, 6.36
1747786728, 0, 812, 1106, 1097, 32, 9.44%, 0, 0, 3, 5.91
1747786739, 0, 813, 1106, 1097, 32, 9.44%, 0, 0, 3, 5.52
1747786749, 0, 814, 1106, 1097, 32, 9.44%, 0, 0, 3, 5.00
1747786760, 0, 815, 1106, 1097, 32, 9.44%, 0, 0, 3, 4.74
1747786776, 0, 816, 1106, 1097, 32, 9.44%, 0, 0, 3, 4.97
1747786786, 0, 817, 1106, 1097, 32, 9.44%, 0, 0, 3, 5.53
1747786796, 0, 818, 1106, 1097, 32, 9.44%, 0, 0, 3, 5.12
1747786812, 0, 819, 1106, 1097, 32, 9.44%, 0, 0, 3, 6.09
1747786822, 0, 820, 1106, 1097, 32, 9.44%, 0, 0, 3, 5.87
1747786833, 0, 821, 1106, 1097, 32, 9.44%, 0, 0, 3, 4.69
1747786848, 0, 823, 1106, 1097, 32, 9.44%, 0, 0, 3, 4.91
1747786859, 0, 824, 1106, 1097, 32, 9.44%, 0, 0, 3, 4.54
1747786875, 0, 825, 1106, 1097, 32, 9.44%, 0, 0, 3, 5.95
1747786880, 0, 826, 1106, 1097, 32, 9.44%, 0, 0, 3, 5.69
1747786891, 0, 827, 1106, 1097, 32, 9.44%, 0, 0, 3, 5.27
1747786901, 0, 829, 1106, 1097, 32, 9.44%, 0, 0, 3, 6.32
1747786912, 0, 830, 1106, 1097, 32, 9.44%, 0, 0, 3, 1.27
1747786928, 0, 831, 1106, 1097, 32, 9.44%, 0, 0, 3, 5.26
1747786939, 0, 832, 1106, 1097, 32, 9.44%, 0, 0, 3, 5.46
1747786950, 0, 833, 1106, 1097, 32, 9.44%, 0, 0, 3, 8.72
1747786960, 0, 834, 1106, 1097, 32, 9.44%, 0, 0, 3, 6.33
1747786971, 0, 836, 1106, 1097, 32, 9.44%, 0, 0, 3, 5.68
1747786981, 0, 837, 1106, 1097, 32, 9.44%, 0, 0, 3, 6.06
1747786992, 0, 838, 1106, 1097, 32, 9.44%, 0, 0, 3, 5.78
1747787002, 0, 839, 1106, 1097, 32, 9.44%, 0, 0, 3, 5.58
1747787013, 0, 840, 1106, 1097, 32, 9.44%, 0, 0, 3, 5.17
1747787024, 0, 841, 1106, 1097, 32, 9.44%, 0, 0, 3, 5.31
1747787034, 0, 842, 1106, 1097, 32, 9.44%, 0, 0, 3, 6.00
1747787044, 0, 843, 1106, 1097, 32, 9.44%, 0, 0, 3, 5.36
1747787054, 0, 844, 1106, 1097, 32, 9.44%, 0, 0, 3, 7.80
1747787065, 0, 845, 1106, 1097, 32, 9.44%, 0, 0, 3, 6.59
1747787081, 0, 846, 1106, 1097, 32, 9.44%, 0, 0, 3, 3.88
1747787091, 0, 847, 1106, 1097, 32, 9.44%, 0, 0, 3, 5.85
1747787102, 0, 848, 1106, 1097, 32, 9.44%, 0, 0, 3, 5.03
1747787112, 0, 849, 1106, 1097, 32, 9.44%, 0, 0, 3, 4.82
1747787123, 0, 850, 1106, 1097, 32, 9.44%, 0, 0, 3, 4.48
1747787138, 0, 851, 1106, 1097, 32, 9.44%, 0, 0, 3, 4.79
1747787148, 0, 852, 1106, 1097, 32, 9.44%, 0, 0, 3, 6.75
1747787153, 0, 855, 1106, 1097, 32, 9.44%, 0, 0, 3, 6.24
1747787170, 0, 856, 1106, 1097, 32, 9.44%, 0, 0, 3, 3.09
1747787180, 0, 857, 1106, 1097, 32, 9.44%, 0, 0, 3, 6.13
1747787190, 0, 858, 1106, 1097, 32, 9.44%, 0, 0, 3, 5.49
1747787205, 0, 859, 1106, 1097, 32, 9.44%, 0, 0, 3, 5.89
1747787216, 0, 860, 1106, 1097, 32, 9.44%, 0, 0, 3, 5.30
1747787226, 0, 861, 1106, 1097, 32, 9.44%, 0, 0, 3, 4.13
1747787237, 0, 862, 1106, 1097, 32, 9.44%, 0, 0, 3, 5.44
1747787247, 0, 863, 1106, 1097, 32, 9.44%, 0, 0, 3, 5.17
1747787263, 0, 864, 1106, 1097, 32, 9.44%, 0, 0, 3, 5.01
1747787274, 0, 865, 1106, 1097, 32, 9.44%, 0, 0, 3, 5.63
1747787284, 0, 866, 1106, 1097, 32, 9.44%, 0, 0, 3, 4.80
1747787300, 0, 867, 1106, 1097, 32, 9.44%, 0, 0, 3, 5.79
1747787311, 0, 868, 1106, 1097, 32, 9.44%, 0, 0, 3, 4.85
1747787321, 0, 869, 1106, 1097, 32, 9.44%, 0, 0, 3, 6.36
1747787331, 0, 870, 1106, 1097, 32, 9.44%, 0, 0, 3, 5.83
1747787341, 0, 871, 1106, 1097, 32, 9.44%, 0, 0, 3, 4.54
1747787357, 0, 872, 1106, 1097, 32, 9.44%, 0, 0, 3, 5.63
1747787367, 0, 875, 1106, 1097, 32, 9.44%, 0, 0, 3, 5.63
1747787372, 0, 877, 1106, 1097, 32, 9.44%, 0, 0, 3, 5.99
1747787382, 0, 878, 1106, 1097, 32, 9.44%, 0, 0, 3, 1.26
1747787393, 0, 879, 1106, 1097, 32, 9.44%, 0, 0, 3, 5.69
1747787409, 0, 880, 1106, 1097, 32, 9.44%, 0, 0, 3, 4.95
1747787424, 0, 882, 1106, 1097, 32, 9.44%, 0, 0, 3, 6.30
1747787430, 0, 883, 1106, 1097, 32, 9.44%, 0, 0, 3, 1.84
1747787435, 0, 883, 1107, 1098, 32, 9.44%, 0, 0, 3, 1.61
1747787456, 0, 884, 1107, 1098, 32, 9.44%, 0, 0, 3, 5.30
1747787467, 0, 885, 1107, 1098, 32, 9.44%, 0, 0, 3, 6.40
1747787472, 0, 885, 1108, 1099, 32, 9.44%, 0, 0, 3, 1.20
1747787493, 0, 885, 1109, 1100, 32, 9.44%, 0, 0, 3, 4.15
1747787530, 0, 886, 1109, 1100, 32, 9.44%, 0, 0, 3, 2.00
1747787540, 0, 886, 1110, 1101, 32, 9.44%, 0, 0, 3, 3.92
1747787545, 0, 886, 1111, 1102, 32, 9.44%, 0, 0, 3, 4.55
1747787576, 0, 887, 1111, 1102, 32, 9.44%, 0, 0, 3, 1.32
1747787587, 0, 888, 1111, 1102, 32, 9.44%, 0, 0, 3, 7.87
1747787602, 0, 889, 1111, 1102, 32, 9.44%, 0, 0, 3, 7.67
1747787617, 0, 890, 1111, 1102, 32, 9.44%, 0, 0, 3, 5.17
1747787628, 0, 891, 1111, 1102, 32, 9.44%, 0, 0, 3, 4.75
1747787638, 0, 892, 1111, 1102, 32, 9.44%, 0, 0, 3, 5.31
1747787649, 0, 893, 1111, 1102, 32, 9.44%, 0, 0, 3, 11.11
1747787659, 0, 896, 1111, 1102, 32, 9.44%, 0, 0, 3, 5.98
1747787670, 0, 898, 1111, 1102, 32, 9.44%, 0, 0, 3, 5.15
1747787681, 0, 900, 1111, 1102, 32, 9.44%, 0, 0, 3, 6.38
1747787691, 0, 902, 1111, 1102, 32, 9.44%, 0, 0, 3, 6.97
1747787702, 0, 903, 1111, 1102, 32, 9.44%, 0, 0, 3, 5.25
1747787717, 0, 904, 1111, 1102, 32, 9.44%, 0, 0, 3, 5.55
1747787727, 0, 906, 1111, 1102, 32, 9.44%, 0, 0, 3, 5.65
1747787738, 0, 907, 1111, 1102, 32, 9.44%, 0, 0, 3, 5.42
1747787749, 0, 908, 1111, 1102, 32, 9.44%, 0, 0, 3, 4.47
1747787764, 0, 909, 1111, 1102, 32, 9.44%, 0, 0, 3, 6.61
1747787769, 0, 910, 1111, 1102, 32, 9.44%, 0, 0, 3, 5.68
1747787780, 0, 911, 1111, 1102, 32, 9.44%, 0, 0, 3, 6.44
1747787790, 0, 914, 1111, 1102, 32, 9.44%, 0, 0, 3, 10.40
1747787800, 0, 915, 1111, 1102, 32, 9.44%, 0, 0, 3, 6.66
1747787811, 0, 916, 1111, 1102, 32, 9.44%, 0, 0, 3, 5.21
1747787821, 0, 917, 1111, 1102, 32, 9.44%, 0, 0, 3, 6.41
1747787832, 0, 919, 1111, 1102, 32, 9.44%, 0, 0, 3, 5.39
1747787848, 0, 920, 1111, 1102, 32, 9.44%, 0, 0, 3, 4.37
1747787858, 0, 921, 1111, 1102, 32, 9.44%, 0, 0, 3, 5.31
1747787868, 0, 922, 1111, 1102, 32, 9.44%, 0, 0, 3, 5.91
1747787879, 0, 923, 1111, 1102, 32, 9.44%, 0, 0, 3, 7.05
1747787890, 0, 924, 1111, 1102, 32, 9.44%, 0, 0, 3, 7.05
1747787900, 0, 925, 1111, 1102, 32, 9.44%, 0, 0, 3, 6.51
1747787910, 0, 926, 1111, 1102, 32, 9.44%, 0, 0, 3, 5.65
1747787921, 0, 927, 1111, 1102, 32, 9.44%, 0, 0, 3, 5.56
1747787931, 0, 928, 1111, 1102, 32, 9.44%, 0, 0, 3, 9.67
1747787941, 0, 929, 1111, 1102, 32, 9.44%, 0, 0, 3, 10.99
1747787957, 0, 930, 1111, 1102, 32, 9.44%, 0, 0, 3, 1.77
1747787967, 0, 931, 1111, 1102, 32, 9.44%, 0, 0, 3, 5.08
1747787978, 0, 932, 1111, 1102, 32, 9.44%, 0, 0, 3, 5.59
1747787993, 0, 933, 1111, 1102, 32, 9.44%, 0, 0, 3, 5.24
1747788004, 0, 934, 1111, 1102, 32, 9.44%, 0, 0, 3, 5.31
1747788015, 0, 935, 1111, 1102, 32, 9.44%, 0, 0, 3, 5.22
1747788025, 0, 938, 1111, 1102, 32, 9.44%, 0, 0, 3, 5.73
1747788041, 0, 939, 1111, 1102, 32, 9.44%, 0, 0, 3, 5.12
1747788047, 0, 939, 1112, 1103, 32, 9.44%, 0, 0, 3, 5.57
1747788062, 0, 940, 1112, 1103, 32, 9.44%, 0, 0, 3, 6.39
1747788078, 0, 941, 1112, 1103, 32, 9.44%, 0, 0, 3, 4.89
1747788088, 0, 942, 1112, 1103, 32, 9.44%, 0, 0, 3, 5.14
1747788099, 0, 943, 1112, 1103, 32, 9.44%, 0, 0, 3, 6.22
1747788109, 0, 944, 1112, 1103, 32, 9.44%, 0, 0, 3, 6.53
1747788114, 0, 945, 1112, 1103, 32, 9.44%, 0, 0, 3, 6.55
1747788125, 0, 949, 1112, 1103, 32, 9.44%, 0, 0, 3, 1.68
1747788140, 0, 950, 1112, 1103, 32, 9.44%, 0, 0, 3, 4.14
1747788151, 0, 952, 1112, 1103, 32, 9.44%, 0, 0, 3, 5.75
1747788161, 0, 953, 1112, 1103, 32, 9.44%, 0, 0, 3, 5.98
1747788172, 0, 954, 1112, 1103, 32, 9.44%, 0, 0, 3, 6.15
1747788182, 0, 955, 1112, 1103, 32, 9.44%, 0, 0, 3, 5.00
1747788192, 0, 956, 1112, 1103, 32, 9.44%, 0, 0, 3, 5.54
1747788202, 0, 957, 1112, 1103, 32, 9.44%, 0, 0, 3, 5.55
1747788219, 0, 959, 1112, 1103, 32, 9.44%, 0, 0, 3, 5.09
1747788224, 0, 959, 1113, 1104, 32, 9.44%, 0, 0, 3, 5.64
1747788245, 0, 960, 1113, 1104, 32, 9.44%, 0, 0, 3, 5.72
1747788250, 0, 962, 1113, 1104, 32, 9.44%, 0, 0, 3, 7.81
1747788266, 0, 963, 1113, 1104, 32, 9.44%, 0, 0, 3, 5.66
1747788277, 0, 964, 1113, 1104, 32, 9.44%, 0, 0, 3, 6.10
1747788288, 0, 966, 1113, 1104, 32, 9.44%, 0, 0, 3, 10.19
1747788298, 0, 967, 1113, 1104, 32, 9.44%, 0, 0, 3, 6.94
1747788309, 0, 968, 1113, 1104, 32, 9.44%, 0, 0, 3, 6.41
1747788320, 0, 969, 1113, 1104, 32, 9.44%, 0, 0, 3, 5.20
1747788330, 0, 970, 1113, 1104, 32, 9.44%, 0, 0, 3, 6.76
1747788341, 0, 971, 1113, 1104, 32, 9.44%, 0, 0, 3, 4.99
1747788351, 0, 972, 1113, 1104, 32, 9.44%, 0, 0, 3, 5.42
1747788361, 0, 973, 1113, 1104, 32, 9.44%, 0, 0, 3, 5.27
1747788376, 0, 974, 1113, 1104, 32, 9.44%, 0, 0, 3, 4.80
1747788387, 0, 976, 1113, 1104, 32, 9.44%, 0, 0, 3, 6.50
1747788393, 0, 978, 1113, 1104, 32, 9.44%, 0, 0, 3, 5.95
1747788403, 0, 980, 1113, 1104, 32, 9.44%, 0, 0, 3, 2.31
1747788414, 0, 981, 1113, 1104, 32, 9.44%, 0, 0, 3, 5.68
1747788430, 0, 982, 1113, 1104, 32, 9.44%, 0, 0, 3, 5.42
1747788440, 0, 983, 1113, 1104, 32, 9.44%, 0, 0, 3, 6.27
1747788450, 0, 984, 1113, 1104, 32, 9.44%, 0, 0, 3, 8.47
1747788456, 0, 985, 1113, 1104, 32, 9.44%, 0, 0, 3, 6.30
1747788471, 0, 986, 1113, 1104, 32, 9.44%, 0, 0, 3, 4.98
1747788482, 0, 987, 1113, 1104, 32, 9.44%, 0, 0, 3, 4.88
1747788492, 0, 988, 1113, 1104, 32, 9.44%, 0, 0, 3, 5.18
1747788503, 0, 989, 1113, 1104, 32, 9.44%, 0, 0, 3, 5.54
1747788519, 0, 990, 1113, 1104, 32, 9.44%, 0, 0, 3, 5.29
1747788534, 0, 991, 1113, 1104, 32, 9.44%, 0, 0, 3, 4.97
1747788545, 0, 992, 1113, 1104, 32, 9.44%, 0, 0, 3, 5.35
1747788555, 0, 993, 1113, 1104, 32, 9.44%, 0, 0, 3, 5.63
1747788566, 0, 995, 1113, 1104, 32, 9.44%, 0, 0, 3, 9.71
1747788582, 0, 997, 1113, 1104, 32, 9.44%, 0, 0, 3, 5.13
1747788592, 0, 999, 1113, 1104, 32, 9.44%, 0, 0, 3, 5.43
1747788603, 0, 1000, 1113, 1104, 32, 9.44%, 0, 0, 3, 9.49
1747788613, 0, 1001, 1113, 1104, 32, 9.44%, 0, 0, 3, 6.50
1747788624, 0, 1002, 1113, 1104, 32, 9.44%, 0, 0, 3, 4.96
1747788634, 0, 1003, 1113, 1104, 32, 9.44%, 0, 0, 3, 5.24
1747788650, 0, 1004, 1113, 1104, 32, 9.44%, 0, 0, 3, 5.98
1747788661, 0, 1005, 1113, 1104, 32, 9.44%, 0, 0, 3, 5.59
1747788672, 0, 1006, 1113, 1104, 32, 9.44%, 0, 0, 3, 5.36
1747788682, 0, 1007, 1113, 1104, 32, 9.44%, 0, 0, 3, 6.50
1747788693, 0, 1009, 1113, 1104, 32, 9.44%, 0, 0, 3, 4.23
1747788766, 0, 1009, 1114, 1105, 32, 9.44%, 0, 0, 4, 2.22
1747788786, 0, 1009, 1115, 1106, 32, 9.44%, 0, 0, 4, 2.10
1747788808, 0, 1009, 1116, 1107, 32, 9.44%, 0, 0, 4, 2.04
1747788960, 0, 1009, 1117, 1108, 32, 9.44%, 0, 0, 4, 3.99
1747789058, 0, 1009, 1118, 1109, 32, 9.44%, 0, 0, 4, 5.49
1747789078, 0, 1009, 1119, 1110, 32, 9.44%, 0, 0, 4, 4.59
1747789575, 0, 1009, 1120, 1111, 32, 9.44%, 0, 0, 4, 2.26
1747789622, 0, 1009, 1121, 1112, 32, 9.44%, 0, 0, 4, 2.16
1747789748, 0, 1009, 1122, 1113, 32, 9.44%, 0, 0, 4, 2.06
1747789759, 0, 1009, 1123, 1114, 32, 9.44%, 0, 0, 4, 2.04
1747789774, 0, 1009, 1124, 1115, 32, 9.44%, 0, 0, 4, 2.05
1747790553, 0, 1009, 1125, 1116, 32, 9.44%, 0, 0, 4, 2.13
1747790558, 0, 1009, 1126, 1117, 32, 9.44%, 0, 0, 4, 2.14
1747791295, 0, 1009, 1127, 1118, 32, 9.44%, 0, 0, 4, 1.97
1747791300, 0, 1009, 1128, 1119, 32, 9.44%, 0, 0, 4, 2.05
1747791331, 0, 1010, 1128, 1118, 32, 9.44%, 0, 0, 4, 10.18
1747791336, 0, 1011, 1128, 1118, 32, 9.44%, 0, 0, 4, 8.70
1747791342, 0, 1012, 1128, 1118, 32, 9.44%, 0, 0, 4, 8.91
1747791347, 0, 1013, 1128, 1118, 32, 9.44%, 0, 0, 4, 9.10
1747791357, 0, 1014, 1128, 1118, 32, 9.44%, 0, 0, 4, 9.32
1747791362, 0, 1016, 1128, 1118, 32, 9.44%, 0, 0, 4, 9.28
1747791367, 0, 1017, 1128, 1118, 32, 9.44%, 0, 0, 4, 9.26
1747791373, 0, 1018, 1128, 1118, 32, 9.44%, 0, 0, 4, 2.33
1747791378, 0, 1019, 1128, 1118, 32, 9.44%, 0, 0, 4, 6.14
1747791388, 0, 1020, 1128, 1118, 32, 9.44%, 0, 0, 4, 8.67
1747791393, 0, 1023, 1129, 1119, 32, 9.44%, 0, 0, 4, 8.21
1747791409, 0, 1024, 1129, 1119, 32, 9.44%, 0, 0, 4, 7.86
1747791414, 0, 1025, 1129, 1119, 32, 9.44%, 0, 0, 4, 7.37
1747791424, 0, 1026, 1129, 1119, 32, 9.44%, 0, 0, 4, 8.08
1747791429, 0, 1027, 1129, 1119, 32, 9.44%, 0, 0, 4, 7.88
1747791435, 0, 1028, 1129, 1119, 32, 9.44%, 0, 0, 4, 8.79
1747791445, 0, 1028, 1130, 1120, 32, 9.44%, 0, 0, 4, 5.22
1747791455, 0, 1029, 1130, 1120, 32, 9.44%, 0, 0, 4, 8.42
1747791466, 0, 1031, 1130, 1120, 32, 9.44%, 0, 0, 4, 7.94
1747791476, 0, 1032, 1130, 1120, 32, 9.44%, 0, 0, 4, 8.29
1747791481, 0, 1033, 1130, 1120, 32, 9.44%, 0, 0, 4, 9.36
1747791487, 0, 1035, 1130, 1120, 32, 9.44%, 0, 0, 4, 8.70
1747791492, 0, 1036, 1130, 1120, 32, 9.44%, 0, 0, 4, 9.16
1747791497, 0, 1037, 1130, 1120, 32, 9.44%, 0, 0, 4, 8.67
1747791507, 0, 1038, 1130, 1120, 32, 9.44%, 0, 0, 4, 9.03
1747791513, 0, 1040, 1131, 1121, 32, 9.44%, 0, 0, 4, 6.62
1747791533, 0, 1041, 1131, 1121, 32, 9.44%, 0, 0, 4, 4.52
1747791543, 0, 1043, 1131, 1121, 32, 9.44%, 0, 0, 4, 5.24
1747791554, 0, 1044, 1131, 1121, 32, 9.44%, 0, 0, 4, 6.06
1747791564, 0, 1045, 1131, 1121, 32, 9.44%, 0, 0, 4, 5.49
1747791575, 0, 1045, 1132, 1122, 32, 9.44%, 0, 0, 4, 3.88
1747791591, 0, 1046, 1132, 1122, 32, 9.44%, 0, 0, 4, 5.97
1747791602, 0, 1047, 1132, 1122, 32, 9.44%, 0, 0, 4, 9.48
1747791612, 0, 1048, 1132, 1122, 32, 9.44%, 0, 0, 4, 5.45
1747791623, 0, 1049, 1132, 1122, 32, 9.44%, 0, 0, 4, 4.86
1747791634, 0, 1049, 1133, 1123, 32, 9.44%, 0, 0, 4, 4.91
1747791644, 0, 1049, 1134, 1124, 32, 9.44%, 0, 0, 4, 3.56
1747791670, 0, 1049, 1135, 1125, 32, 9.44%, 0, 0, 4, 2.99
1747791681, 0, 1049, 1136, 1126, 32, 9.44%, 0, 0, 4, 2.31
1747791707, 0, 1049, 1137, 1127, 32, 9.44%, 0, 0, 4, 1.81
1747791718, 0, 1049, 1138, 1128, 32, 9.44%, 0, 0, 4, 1.69
1747791723, 0, 1049, 1139, 1129, 32, 9.44%, 0, 0, 4, 1.63
1747791729, 0, 1049, 1140, 1130, 32, 9.62%, 0, 0, 4, 1.56
1747791745, 0, 1049, 1141, 1131, 32, 9.62%, 0, 0, 4, 1.58
1747791755, 0, 1049, 1142, 1132, 32, 9.62%, 0, 0, 4, 1.56
1747791765, 0, 1049, 1143, 1133, 32, 9.62%, 0, 0, 4, 1.51
1747791828, 0, 1049, 1144, 1134, 32, 9.62%, 0, 0, 4, 2.63
1747791854, 0, 1049, 1145, 1135, 32, 9.62%, 0, 0, 4, 1.84
1747791859, 0, 1049, 1146, 1136, 32, 9.62%, 0, 0, 4, 1.75
1747791875, 0, 1049, 1147, 1137, 32, 9.62%, 0, 0, 4, 1.61
1747791892, 0, 1049, 1148, 1138, 32, 9.62%, 0, 0, 4, 1.55
1747791982, 0, 1049, 1149, 1139, 32, 9.62%, 0, 0, 4, 1.95
1747791987, 0, 1049, 1150, 1140, 32, 9.62%, 0, 0, 4, 1.82
1747792014, 0, 1049, 1151, 1141, 32, 9.62%, 0, 0, 4, 1.59
1747792057, 0, 1049, 1152, 1142, 32, 9.62%, 0, 0, 4, 4.27
1747792062, 0, 1049, 1153, 1143, 32, 9.62%, 0, 0, 4, 3.12
1747792078, 0, 1049, 1154, 1144, 32, 9.62%, 0, 0, 4, 2.66
1747792099, 0, 1049, 1155, 1145, 32, 9.62%, 0, 0, 4, 4.14
1747792104, 0, 1049, 1156, 1146, 32, 9.62%, 0, 0, 4, 3.03
1747792301, 0, 1049, 1157, 1147, 32, 9.62%, 0, 0, 4, 2.42
1747792306, 0, 1049, 1158, 1148, 32, 9.62%, 0, 0, 4, 2.30
1747792322, 0, 1049, 1159, 1149, 32, 9.62%, 0, 0, 4, 2.16
1747792453, 0, 1049, 1160, 1150, 32, 9.62%, 0, 0, 4, 2.07
1747792486, 0, 1049, 1161, 1151, 32, 9.62%, 0, 0, 4, 1.65
1747792513, 0, 1049, 1162, 1152, 32, 9.62%, 0, 0, 4, 1.78
1747792523, 0, 1049, 1163, 1153, 32, 9.62%, 0, 0, 4, 1.69
1747792529, 0, 1049, 1164, 1154, 32, 9.62%, 0, 0, 4, 1.66
1747792540, 0, 1049, 1165, 1155, 32, 9.62%, 0, 0, 4, 1.63
1747792572, 0, 1049, 1166, 1156, 32, 9.62%, 0, 0, 4, 1.54
1747792701, 0, 1049, 1167, 1157, 32, 9.62%, 0, 0, 4, 1.56
1747793080, 0, 1049, 1168, 1158, 32, 9.62%, 0, 0, 4, 1.74
1747793086, 0, 1049, 1169, 1159, 32, 9.62%, 0, 0, 4, 1.68
1747793252, 0, 1049, 1170, 1160, 32, 9.62%, 0, 0, 4, 2.20
1747793269, 0, 1049, 1171, 1161, 32, 9.62%, 0, 0, 4, 1.74
1747793387, 0, 1049, 1172, 1162, 32, 9.62%, 0, 0, 4, 2.48
1747793455, 0, 1049, 1173, 1163, 32, 9.62%, 0, 0, 4, 2.00
1747793460, 0, 1049, 1174, 1164, 32, 9.62%, 0, 0, 4, 2.18
1747793471, 0, 1049, 1175, 1165, 32, 9.62%, 0, 0, 4, 2.00
1747793482, 0, 1049, 1176, 1166, 32, 9.62%, 0, 0, 4, 1.83
1747793498, 0, 1049, 1177, 1167, 32, 9.62%, 0, 0, 4, 1.78
1747793503, 0, 1049, 1178, 1168, 32, 9.62%, 0, 0, 4, 1.70
1747793508, 0, 1049, 1179, 1169, 32, 9.62%, 0, 0, 4, 1.65
1747793530, 0, 1049, 1180, 1170, 32, 9.62%, 0, 0, 4, 1.65
1747793541, 0, 1049, 1181, 1171, 32, 9.64%, 0, 0, 4, 1.65
1747793936, 0, 1049, 1182, 1172, 32, 9.64%, 0, 0, 4, 1.85
1747793941, 0, 1049, 1183, 1173, 32, 9.64%, 0, 0, 4, 1.81
1747793947, 0, 1049, 1184, 1174, 32, 9.65%, 0, 0, 4, 1.80
1747793967, 0, 1049, 1185, 1175, 32, 9.65%, 0, 0, 4, 1.71
1747793977, 0, 1049, 1186, 1176, 32, 9.65%, 0, 0, 4, 1.70
1747793982, 0, 1049, 1187, 1177, 32, 9.65%, 0, 0, 4, 1.71
1747793988, 0, 1049, 1188, 1178, 32, 9.65%, 0, 0, 4, 1.72
1747793993, 0, 1049, 1189, 1179, 32, 9.65%, 0, 0, 4, 1.68
1747793999, 0, 1049, 1190, 1180, 32, 9.65%, 0, 0, 4, 1.65
1747794020, 0, 1049, 1191, 1181, 32, 9.65%, 0, 0, 4, 1.67
1747794025, 0, 1049, 1192, 1182, 32, 9.65%, 0, 0, 4, 1.69
1747794046, 0, 1049, 1193, 1183, 32, 9.65%, 0, 0, 4, 1.67
1747794062, 0, 1049, 1194, 1184, 32, 9.65%, 0, 0, 4, 1.59
1747794068, 0, 1049, 1195, 1185, 32, 9.65%, 0, 0, 4, 1.54
1747794094, 0, 1049, 1196, 1186, 32, 9.65%, 0, 0, 4, 1.58
1747794143, 0, 1049, 1197, 1187, 32, 9.65%, 0, 0, 4, 1.64
1747794228, 0, 1049, 1198, 1188, 32, 9.65%, 0, 0, 4, 1.65
1747794281, 0, 1050, 1198, 1187, 33, 9.65%, 0, 0, 4, 5.88
1747794291, 0, 1052, 1198, 1187, 33, 9.65%, 0, 0, 4, 2.42
1747794302, 0, 1053, 1198, 1187, 33, 9.65%, 0, 0, 4, 5.34
1747794317, 0, 1054, 1198, 1187, 33, 9.65%, 0, 0, 4, 5.78
1747794323, 0, 1055, 1198, 1187, 33, 9.65%, 0, 0, 4, 6.30
1747794333, 0, 1056, 1198, 1187, 33, 9.65%, 0, 0, 4, 7.37
1747794343, 0, 1057, 1198, 1187, 33, 9.65%, 0, 0, 4, 6.51
1747794348, 0, 1058, 1198, 1187, 33, 9.65%, 0, 0, 4, 9.09
1747794359, 0, 1059, 1198, 1187, 33, 9.65%, 0, 0, 4, 2.99
1747794375, 0, 1061, 1198, 1187, 33, 9.65%, 0, 0, 4, 4.24
1747794385, 0, 1062, 1198, 1187, 33, 9.65%, 0, 0, 4, 6.80
1747794395, 0, 1063, 1198, 1187, 33, 9.65%, 0, 0, 4, 5.14
1747794406, 0, 1065, 1198, 1187, 33, 9.65%, 0, 0, 4, 1.25
1747794416, 0, 1066, 1198, 1187, 33, 9.65%, 0, 0, 4, 6.02
1747794427, 0, 1067, 1198, 1187, 33, 9.65%, 0, 0, 4, 5.54
1747794438, 0, 1068, 1198, 1187, 33, 9.65%, 0, 0, 4, 5.50
1747794448, 0, 1069, 1198, 1187, 33, 9.65%, 0, 0, 4, 6.06
1747794459, 0, 1070, 1198, 1187, 33, 9.65%, 0, 0, 4, 3.05
1747794470, 0, 1071, 1198, 1187, 33, 9.65%, 0, 0, 4, 4.76
1747794481, 0, 1073, 1198, 1187, 33, 9.65%, 0, 0, 4, 5.23
1747794496, 0, 1074, 1198, 1187, 33, 9.65%, 0, 0, 4, 1.21
1747794506, 0, 1075, 1198, 1187, 33, 9.65%, 0, 0, 4, 5.43
1747794522, 0, 1075, 1199, 1188, 33, 9.65%, 0, 0, 4, 4.00
1747794553, 0, 1075, 1200, 1189, 33, 9.65%, 0, 0, 4, 2.91
1747794584, 0, 1075, 1201, 1190, 33, 9.65%, 0, 0, 4, 3.73
1747794605, 0, 1075, 1202, 1191, 33, 9.65%, 0, 0, 4, 2.97
1747794615, 0, 1075, 1203, 1192, 33, 9.65%, 0, 0, 4, 3.03
1747794831, 0, 1075, 1204, 1193, 33, 9.65%, 0, 0, 4, 2.80
1747794861, 0, 1075, 1205, 1194, 33, 9.65%, 0, 0, 4, 5.08
1747794867, 0, 1075, 1206, 1195, 33, 9.65%, 0, 0, 4, 5.06
1747795066, 0, 1075, 1207, 1196, 33, 9.65%, 0, 0, 4, 6.31
1747795308, 0, 1075, 1208, 1197, 33, 9.65%, 0, 0, 4, 3.05
1747795387, 0, 1075, 1209, 1198, 33, 9.65%, 0, 0, 4, 2.87
1747795428, 0, 1076, 1209, 1197, 33, 9.65%, 0, 0, 4, 7.80
1747795439, 0, 1077, 1209, 1197, 33, 9.65%, 0, 0, 4, 2.75
1747795454, 0, 1078, 1209, 1197, 33, 9.65%, 0, 0, 4, 5.32
1747795464, 0, 1079, 1209, 1197, 33, 9.65%, 0, 0, 4, 6.02
1747795475, 0, 1081, 1209, 1197, 33, 9.65%, 0, 0, 4, 5.01
1747795586, 0, 1081, 1210, 1198, 33, 9.65%, 0, 0, 4, 1.35
1747795684, 0, 1081, 1211, 1199, 33, 9.70%, 0, 0, 4, 1.17
1747795932, 0, 1081, 1212, 1200, 33, 9.70%, 0, 0, 4, 1.17
1747796041, 0, 1081, 1213, 1201, 33, 9.70%, 0, 0, 4, 1.53
1747796139, 0, 1081, 1214, 1202, 33, 9.70%, 0, 0, 4, 1.20
1747796180, 0, 1081, 1215, 1203, 33, 9.70%, 0, 0, 4, 1.17
1747796211, 0, 1081, 1216, 1204, 33, 9.70%, 0, 0, 4, 1.17
1747796248, 0, 1081, 1217, 1205, 33, 9.70%, 0, 0, 4, 1.82
1747797086, 0, 1081, 1218, 1206, 33, 9.70%, 0, 0, 4, 1.24
1747797296, 0, 1081, 1219, 1207, 33, 9.70%, 0, 0, 4, 1.24
1747797682, 0, 1081, 1220, 1208, 33, 9.70%, 0, 0, 4, 1.17
1747797692, 0, 1081, 1221, 1209, 33, 9.70%, 0, 0, 4, 1.15
1747797882, 0, 1081, 1222, 1210, 33, 9.70%, 0, 0, 4, 1.18
1747797887, 0, 1081, 1223, 1211, 33, 9.70%, 0, 0, 4, 1.18
1747797902, 0, 1081, 1224, 1212, 33, 9.70%, 0, 0, 4, 1.18
1747797912, 0, 1081, 1225, 1213, 33, 9.70%, 0, 0, 4, 1.18
1747797917, 0, 1081, 1226, 1214, 33, 9.70%, 0, 0, 4, 1.18
1747797932, 0, 1081, 1227, 1215, 33, 9.70%, 0, 0, 4, 1.18
1747799184, 0, 1081, 1228, 1216, 33, 9.70%, 0, 0, 4, 1.27
1747800620, 0, 1082, 1228, 1215, 33, 9.70%, 0, 0, 4, 13.88
1747800631, 0, 1083, 1228, 1215, 33, 9.70%, 0, 0, 4, 3.65
1747800641, 0, 1084, 1228, 1215, 33, 9.70%, 0, 0, 4, 5.02
1747800652, 0, 1089, 1228, 1215, 33, 9.70%, 0, 0, 4, 5.13
1747800668, 0, 1090, 1228, 1215, 33, 9.70%, 0, 0, 4, 5.13
1747800679, 0, 1091, 1228, 1215, 33, 9.70%, 0, 0, 4, 4.58
1747800689, 0, 1093, 1228, 1215, 33, 9.70%, 0, 0, 4, 6.29
1747800699, 0, 1094, 1228, 1215, 33, 9.70%, 0, 0, 4, 7.70
1747800710, 0, 1095, 1228, 1215, 33, 9.70%, 0, 0, 4, 6.31
1747800720, 0, 1097, 1228, 1215, 33, 9.70%, 0, 0, 4, 6.22
1747800731, 0, 1098, 1228, 1215, 33, 9.70%, 0, 0, 4, 5.61
1747800741, 0, 1099, 1229, 1216, 33, 9.70%, 0, 0, 4, 6.18
1747800761, 0, 1100, 1229, 1216, 33, 9.70%, 0, 0, 4, 5.85
1747800776, 0, 1101, 1229, 1216, 33, 9.70%, 0, 0, 4, 4.85
1747800787, 0, 1102, 1229, 1216, 33, 9.70%, 0, 0, 4, 4.74
1747800803, 0, 1104, 1229, 1216, 33, 9.70%, 0, 0, 4, 5.39
1747800813, 0, 1105, 1229, 1216, 33, 9.70%, 0, 0, 4, 6.18
1747800818, 0, 1106, 1229, 1216, 33, 9.70%, 0, 0, 4, 7.00
1747800834, 0, 1107, 1229, 1216, 33, 9.70%, 0, 0, 4, 6.24
1747800844, 0, 1108, 1229, 1216, 33, 9.70%, 0, 0, 4, 1.18
1747800854, 0, 1112, 1229, 1216, 33, 9.70%, 0, 0, 4, 5.97
1747800865, 0, 1113, 1229, 1216, 33, 9.70%, 0, 0, 4, 5.78
1747800876, 0, 1116, 1229, 1216, 33, 9.70%, 0, 0, 4, 6.95
1747800881, 0, 1117, 1229, 1216, 33, 9.70%, 0, 0, 4, 6.69
1747800892, 0, 1118, 1229, 1216, 33, 9.70%, 0, 0, 4, 5.44
1747800903, 0, 1119, 1229, 1216, 33, 9.70%, 0, 0, 4, 6.39
1747800914, 0, 1120, 1229, 1216, 33, 9.70%, 0, 0, 4, 5.35
1747800925, 0, 1121, 1229, 1216, 33, 9.70%, 0, 0, 4, 5.63
1747800930, 0, 1122, 1229, 1216, 33, 9.70%, 0, 0, 4, 6.43
1747800946, 0, 1124, 1229, 1216, 33, 9.70%, 0, 0, 4, 4.84
1747800956, 0, 1125, 1229, 1216, 33, 9.70%, 0, 0, 4, 5.80
1747800967, 0, 1126, 1229, 1216, 33, 9.70%, 0, 0, 4, 5.41
1747800977, 0, 1127, 1229, 1216, 33, 9.70%, 0, 0, 4, 10.53
1747800987, 0, 1128, 1229, 1216, 33, 9.70%, 0, 0, 4, 7.15
1747800998, 0, 1129, 1229, 1216, 33, 9.70%, 0, 0, 4, 4.03
1747801008, 0, 1130, 1229, 1216, 33, 9.70%, 0, 0, 4, 5.49
1747801024, 0, 1131, 1229, 1216, 33, 9.70%, 0, 0, 4, 5.26
1747801034, 0, 1132, 1229, 1216, 33, 9.70%, 0, 0, 4, 5.54
1747801044, 0, 1133, 1229, 1216, 33, 9.70%, 0, 0, 4, 5.28
1747801060, 0, 1134, 1229, 1216, 33, 9.70%, 0, 0, 4, 4.72
1747801070, 0, 1136, 1229, 1216, 33, 9.70%, 0, 0, 4, 5.34
1747801082, 0, 1138, 1229, 1216, 33, 9.70%, 0, 0, 4, 5.12
1747801092, 0, 1139, 1229, 1216, 33, 9.70%, 0, 0, 4, 5.66
1747801107, 0, 1142, 1229, 1216, 33, 9.70%, 0, 0, 4, 5.03
1747801119, 0, 1143, 1229, 1216, 33, 9.70%, 0, 0, 4, 4.93
1747801129, 0, 1145, 1229, 1216, 33, 9.70%, 0, 0, 4, 5.87
1747801139, 0, 1146, 1229, 1216, 33, 9.70%, 0, 0, 4, 5.84
1747801150, 0, 1147, 1229, 1216, 33, 9.70%, 0, 0, 4, 5.44
1747801161, 0, 1148, 1229, 1216, 33, 9.70%, 0, 0, 4, 5.78
1747801171, 0, 1150, 1229, 1216, 33, 9.70%, 0, 0, 4, 5.31
1747801181, 0, 1151, 1229, 1216, 33, 9.70%, 0, 0, 4, 5.20
1747801197, 0, 1152, 1229, 1216, 33, 9.70%, 0, 0, 4, 4.61
1747801208, 0, 1152, 1230, 1217, 33, 9.70%, 0, 0, 4, 6.13
1747801223, 0, 1154, 1230, 1217, 33, 9.70%, 0, 0, 4, 3.29
1747801233, 0, 1155, 1230, 1217, 33, 9.70%, 0, 0, 4, 5.84
1747801244, 0, 1156, 1230, 1217, 33, 9.70%, 0, 0, 4, 6.04
1747801255, 0, 1157, 1231, 1218, 33, 9.70%, 0, 0, 4, 4.89
1747801276, 0, 1157, 1231, 1218, 33, 9.70%, 1, 0, 4, 5.34
1747801281, 0, 1158, 1231, 1218, 33, 9.70%, 1, 0, 4, 5.42
1747801297, 0, 1159, 1231, 1218, 33, 9.70%, 1, 0, 4, 6.40
1747801307, 0, 1160, 1231, 1218, 33, 9.70%, 1, 0, 4, 5.79
1747801317, 0, 1161, 1231, 1218, 33, 9.70%, 1, 0, 4, 5.38
1747801328, 0, 1164, 1231, 1218, 33, 9.70%, 1, 0, 4, 5.97
1747801339, 0, 1165, 1231, 1218, 33, 9.70%, 1, 0, 4, 7.56
1747801345, 0, 1166, 1231, 1218, 33, 9.70%, 1, 0, 4, 6.58
1747801355, 0, 1167, 1231, 1218, 33, 9.70%, 1, 0, 4, 6.55
1747801371, 0, 1168, 1231, 1218, 33, 9.70%, 1, 0, 4, 5.39
1747801382, 0, 1169, 1231, 1218, 33, 9.70%, 1, 0, 4, 5.46
1747801392, 0, 1171, 1231, 1218, 33, 9.70%, 1, 0, 4, 6.43
1747801402, 0, 1172, 1231, 1218, 33, 9.70%, 1, 0, 4, 8.90
1747801418, 0, 1174, 1231, 1218, 33, 9.70%, 1, 0, 4, 4.83
1747801428, 0, 1176, 1231, 1218, 33, 9.70%, 1, 0, 4, 4.98
1747801438, 0, 1177, 1231, 1218, 33, 9.70%, 1, 0, 4, 5.62
1747801449, 0, 1178, 1231, 1218, 33, 9.70%, 1, 0, 4, 4.98
1747801459, 0, 1179, 1231, 1218, 33, 9.70%, 1, 0, 4, 5.90
1747801469, 0, 1180, 1231, 1218, 33, 9.70%, 1, 0, 4, 5.78
1747801479, 0, 1181, 1231, 1218, 33, 9.70%, 1, 0, 4, 5.87
1747801489, 0, 1182, 1231, 1218, 33, 9.70%, 1, 0, 4, 6.83
1747801505, 0, 1183, 1231, 1218, 33, 9.70%, 1, 0, 4, 5.20
1747801516, 0, 1184, 1232, 1219, 33, 9.71%, 1, 0, 4, 4.08
1747801547, 0, 1185, 1232, 1219, 33, 9.71%, 1, 0, 4, 6.06
1747801557, 0, 1186, 1232, 1219, 33, 9.71%, 1, 0, 4, 5.07
1747801567, 0, 1187, 1232, 1219, 33, 9.71%, 1, 0, 4, 6.62
1747801577, 0, 1188, 1232, 1219, 33, 9.71%, 1, 0, 4, 5.85
1747801593, 0, 1190, 1232, 1219, 33, 9.71%, 1, 0, 4, 5.92
1747801604, 0, 1191, 1232, 1219, 33, 9.71%, 1, 0, 4, 6.64
1747801609, 0, 1192, 1232, 1219, 33, 9.71%, 1, 0, 4, 6.14
1747801625, 0, 1194, 1232, 1219, 33, 9.71%, 1, 0, 4, 5.30
1747801636, 0, 1195, 1232, 1219, 33, 9.71%, 1, 0, 4, 6.02
1747801646, 0, 1196, 1232, 1219, 33, 9.71%, 1, 0, 4, 5.14
1747801657, 0, 1197, 1232, 1219, 33, 9.71%, 1, 0, 4, 8.60
1747801667, 0, 1198, 1232, 1219, 33, 9.71%, 1, 0, 4, 1.14
1747801677, 0, 1199, 1232, 1219, 33, 9.71%, 1, 0, 4, 3.82
1747801687, 0, 1200, 1232, 1219, 33, 9.71%, 1, 0, 4, 4.52
1747801704, 0, 1201, 1232, 1219, 33, 9.71%, 1, 0, 4, 5.49
1747801714, 0, 1204, 1232, 1219, 33, 9.71%, 1, 0, 4, 5.71
1747801724, 0, 1205, 1232, 1219, 33, 9.71%, 1, 0, 4, 5.18
1747801735, 0, 1206, 1232, 1219, 33, 9.71%, 1, 0, 4, 6.03
1747801745, 0, 1207, 1232, 1219, 33, 9.71%, 1, 0, 4, 5.41
1747801761, 0, 1208, 1232, 1219, 33, 9.71%, 1, 0, 4, 4.83
1747801772, 0, 1209, 1232, 1219, 33, 9.71%, 1, 0, 4, 1.33
1747801778, 0, 1209, 1233, 1220, 33, 9.71%, 1, 0, 4, 1.14
1747801804, 0, 1210, 1233, 1220, 33, 9.71%, 1, 0, 4, 5.80
1747801815, 0, 1211, 1233, 1220, 33, 9.71%, 1, 0, 4, 5.51
1747801826, 0, 1214, 1233, 1220, 33, 9.71%, 1, 0, 4, 4.52
1747801836, 0, 1215, 1233, 1220, 33, 9.71%, 1, 0, 4, 4.91
1747801847, 0, 1216, 1233, 1220, 33, 9.71%, 1, 0, 4, 6.17
1747801858, 0, 1217, 1233, 1220, 33, 9.71%, 1, 0, 4, 5.26
1747801869, 0, 1218, 1233, 1220, 33, 9.71%, 1, 0, 4, 5.17
1747801879, 0, 1221, 1233, 1220, 33, 9.71%, 1, 0, 4, 5.77
1747801889, 0, 1223, 1233, 1220, 33, 9.71%, 1, 0, 4, 5.58
1747801905, 0, 1225, 1233, 1220, 33, 9.71%, 1, 0, 4, 1.52
1747801916, 0, 1226, 1233, 1220, 33, 9.71%, 1, 0, 4, 6.49
1747801928, 0, 1227, 1233, 1220, 33, 9.71%, 1, 0, 4, 1.25
1747801938, 0, 1229, 1233, 1220, 33, 9.71%, 1, 0, 4, 8.35
1747801948, 0, 1231, 1233, 1220, 33, 9.71%, 1, 0, 4, 2.84
1747802181, 0, 1231, 1234, 1221, 33, 9.71%, 1, 0, 5, 1.17
1747802419, 0, 1231, 1235, 1222, 33, 9.71%, 1, 0, 5, 1.17
1747802653, 0, 1231, 1236, 1223, 33, 9.71%, 1, 0, 5, 1.18
1747802691, 0, 1231, 1237, 1224, 33, 9.71%, 1, 0, 5, 1.78
1747803640, 0, 1231, 1238, 1225, 33, 9.71%, 1, 0, 5, 1.23
1747803750, 0, 1231, 1239, 1226, 33, 9.71%, 1, 0, 5, 1.20
1747803880, 0, 1231, 1240, 1227, 33, 9.71%, 1, 0, 5, 1.16
1747804339, 0, 1231, 1241, 1228, 33, 9.71%, 1, 0, 5, 1.17
1747804360, 0, 1231, 1242, 1229, 33, 9.71%, 1, 0, 5, 1.17
1747804370, 0, 1231, 1243, 1230, 33, 9.71%, 1, 0, 5, 1.17
1747804375, 0, 1231, 1244, 1231, 33, 9.71%, 1, 0, 5, 1.18
1747804385, 0, 1231, 1245, 1232, 33, 9.71%, 1, 0, 5, 1.18
1747804391, 0, 1231, 1246, 1233, 33, 9.71%, 1, 0, 5, 1.18
1747804401, 0, 1231, 1247, 1234, 33, 9.71%, 1, 0, 5, 1.18
1747804411, 0, 1231, 1248, 1235, 33, 9.71%, 1, 0, 5, 1.18
1747805608, 0, 1231, 1249, 1236, 33, 9.71%, 1, 0, 5, 1.25
1747807089, 0, 1232, 1249, 1235, 34, 9.71%, 1, 0, 5, 7.08
1747807100, 0, 1233, 1249, 1235, 34, 9.71%, 1, 0, 5, 6.18
1747807110, 0, 1234, 1249, 1235, 34, 9.71%, 1, 0, 5, 6.19
1747807120, 0, 1235, 1249, 1235, 34, 9.71%, 1, 0, 5, 5.68
1747807131, 0, 1236, 1249, 1235, 34, 9.71%, 1, 0, 5, 5.48
1747807142, 0, 1237, 1249, 1235, 34, 9.71%, 1, 0, 5, 5.26
1747807153, 0, 1239, 1249, 1235, 34, 9.71%, 1, 0, 5, 5.28
1747807163, 0, 1240, 1249, 1235, 34, 9.71%, 1, 0, 5, 5.06
1747807174, 0, 1241, 1249, 1235, 34, 9.71%, 1, 0, 5, 10.42
1747807184, 0, 1242, 1249, 1235, 34, 9.71%, 1, 0, 5, 4.56
1747807194, 0, 1243, 1249, 1235, 34, 9.71%, 1, 0, 5, 5.26
1747807211, 0, 1244, 1249, 1235, 34, 9.71%, 1, 0, 5, 5.38
1747807221, 0, 1245, 1249, 1235, 34, 9.71%, 1, 0, 5, 5.33
1747807231, 0, 1246, 1249, 1235, 34, 9.71%, 1, 0, 5, 2.86
1747807242, 0, 1247, 1249, 1235, 34, 9.71%, 1, 0, 5, 4.47
1747807253, 0, 1248, 1249, 1235, 34, 9.71%, 1, 0, 5, 5.49
1747807268, 1, 0, 1249, 1235, 34, 9.71%, 1, 0, 5, 4.56
1747807283, 1, 1, 1249, 1235, 34, 9.71%, 1, 0, 5, 5.80
1747807294, 1, 2, 1249, 1235, 34, 9.71%, 1, 0, 5, 4.92
1747807304, 1, 3, 1249, 1235, 34, 9.71%, 1, 0, 5, 5.46
1747807315, 1, 4, 1249, 1235, 34, 9.71%, 1, 0, 5, 4.53
1747807325, 1, 5, 1249, 1235, 34, 9.71%, 1, 0, 5, 1.19
1747807336, 1, 6, 1249, 1235, 34, 9.71%, 1, 0, 5, 6.57
1747807346, 1, 9, 1249, 1235, 34, 9.71%, 1, 0, 5, 5.60
1747807356, 1, 10, 1249, 1235, 34, 9.71%, 1, 0, 5, 5.58
1747807372, 1, 11, 1249, 1235, 34, 9.71%, 1, 0, 5, 4.99
1747807382, 1, 12, 1249, 1235, 34, 9.71%, 1, 0, 5, 4.32
1747807398, 1, 13, 1249, 1235, 34, 9.71%, 1, 0, 5, 4.34
1747807414, 1, 14, 1249, 1235, 34, 9.71%, 1, 0, 5, 5.73
1747807424, 1, 15, 1249, 1235, 34, 9.71%, 1, 0, 5, 9.03
1747807430, 1, 16, 1249, 1235, 34, 9.71%, 1, 0, 5, 7.24
1747807441, 1, 18, 1249, 1235, 34, 9.71%, 1, 0, 5, 1.17
1747807456, 1, 19, 1249, 1235, 34, 9.71%, 1, 0, 5, 11.18
1747807462, 1, 20, 1249, 1235, 34, 9.71%, 1, 0, 5, 8.22
1747807477, 1, 21, 1249, 1235, 34, 9.71%, 1, 0, 5, 5.73
1747807482, 1, 23, 1249, 1235, 34, 9.71%, 1, 0, 5, 5.88
1747807492, 1, 25, 1249, 1235, 34, 9.71%, 1, 0, 5, 5.99
1747807503, 1, 26, 1249, 1235, 34, 9.71%, 1, 0, 5, 5.93
1747807514, 1, 28, 1249, 1235, 34, 9.71%, 1, 0, 5, 5.23
1747807530, 1, 29, 1249, 1235, 34, 9.71%, 1, 0, 5, 4.99
1747807535, 1, 30, 1249, 1235, 34, 9.71%, 1, 0, 5, 6.19
1747807545, 1, 32, 1249, 1235, 34, 9.71%, 1, 0, 5, 9.52
1747807556, 1, 33, 1249, 1235, 34, 9.71%, 1, 0, 5, 8.88
1747807572, 1, 34, 1249, 1235, 34, 9.71%, 1, 0, 5, 5.47
1747807582, 1, 35, 1249, 1235, 34, 9.71%, 1, 0, 5, 5.06
1747807594, 1, 36, 1249, 1235, 34, 9.71%, 1, 0, 5, 5.46
1747807604, 1, 37, 1249, 1235, 34, 9.71%, 1, 0, 5, 4.66
1747807614, 1, 38, 1249, 1235, 34, 9.71%, 1, 0, 5, 5.11
1747807630, 1, 39, 1249, 1235, 34, 9.71%, 1, 0, 5, 4.04
1747807641, 1, 40, 1249, 1235, 34, 9.71%, 1, 0, 5, 5.10
1747807652, 1, 42, 1249, 1235, 34, 9.71%, 1, 0, 5, 4.85
1747807663, 1, 43, 1249, 1235, 34, 9.71%, 1, 0, 5, 5.86
1747807674, 1, 44, 1249, 1235, 34, 9.71%, 1, 0, 5, 6.57
1747807684, 1, 45, 1249, 1235, 34, 9.71%, 1, 0, 5, 6.54
1747807689, 1, 45, 1250, 1236, 34, 9.71%, 1, 0, 5, 5.70
1747807710, 1, 46, 1250, 1236, 34, 9.71%, 1, 0, 5, 5.91
1747807720, 1, 47, 1250, 1236, 34, 9.71%, 1, 0, 5, 5.16
1747807731, 1, 49, 1250, 1236, 34, 9.71%, 1, 0, 5, 1.62
1747807741, 1, 50, 1250, 1236, 34, 9.71%, 1, 0, 5, 4.69
1747807751, 1, 53, 1250, 1236, 34, 9.71%, 1, 0, 5, 5.68
1747807761, 1, 54, 1250, 1236, 34, 9.71%, 1, 0, 5, 5.88
1747807777, 1, 55, 1250, 1236, 34, 9.71%, 1, 0, 5, 4.52
1747807788, 1, 56, 1250, 1236, 34, 9.71%, 1, 0, 5, 6.38
1747807793, 1, 57, 1250, 1236, 34, 9.71%, 1, 0, 5, 6.31
1747807803, 1, 58, 1250, 1236, 34, 9.71%, 1, 0, 5, 6.10
1747807814, 1, 59, 1250, 1236, 34, 9.71%, 1, 0, 5, 5.94
1747807824, 1, 61, 1250, 1236, 34, 9.71%, 1, 0, 5, 8.00
1747807840, 1, 62, 1250, 1236, 34, 9.71%, 1, 0, 5, 7.29
1747807845, 1, 63, 1250, 1236, 34, 9.71%, 1, 0, 5, 6.70
1747807862, 1, 64, 1250, 1236, 34, 9.71%, 1, 0, 5, 5.14
1747807872, 1, 65, 1250, 1236, 34, 9.71%, 1, 0, 5, 5.61
1747807883, 1, 66, 1250, 1236, 34, 9.71%, 1, 0, 5, 5.75
1747807894, 1, 67, 1250, 1236, 34, 9.71%, 1, 0, 5, 4.89
1747807904, 1, 68, 1250, 1236, 34, 9.71%, 1, 0, 5, 5.71
1747807919, 1, 69, 1250, 1236, 34, 9.71%, 1, 0, 5, 4.79
1747807930, 1, 70, 1250, 1236, 34, 9.71%, 1, 0, 5, 5.96
1747807940, 1, 71, 1250, 1236, 34, 9.71%, 1, 0, 5, 7.44
1747807951, 1, 73, 1250, 1236, 34, 9.71%, 1, 0, 5, 4.88
1747807962, 1, 74, 1250, 1236, 34, 9.71%, 1, 0, 5, 4.66
1747807972, 1, 76, 1250, 1236, 34, 9.71%, 1, 0, 5, 5.86
1747807983, 1, 77, 1250, 1236, 34, 9.71%, 1, 0, 5, 2.99
1747807993, 1, 78, 1250, 1236, 34, 9.71%, 1, 0, 5, 4.39
1747808003, 1, 79, 1250, 1236, 34, 9.71%, 1, 0, 5, 5.83
1747808019, 1, 80, 1250, 1236, 34, 9.71%, 1, 0, 5, 6.00
1747808029, 1, 81, 1250, 1236, 34, 9.71%, 1, 0, 5, 5.62
1747808039, 1, 84, 1250, 1236, 34, 9.71%, 1, 0, 5, 5.10
1747808050, 1, 85, 1250, 1236, 34, 9.71%, 1, 0, 5, 2.52
1747808060, 1, 86, 1250, 1236, 34, 9.71%, 1, 0, 5, 3.84
1747808076, 1, 87, 1250, 1236, 34, 9.71%, 1, 0, 5, 4.71
1747808087, 1, 88, 1250, 1236, 34, 9.71%, 1, 0, 5, 4.85
1747808098, 1, 89, 1250, 1236, 34, 9.71%, 1, 0, 5, 5.60
1747808114, 1, 90, 1250, 1236, 34, 9.71%, 1, 0, 5, 4.90
1747808124, 1, 91, 1250, 1236, 34, 9.71%, 1, 0, 5, 5.16
1747808140, 1, 93, 1250, 1236, 34, 9.71%, 1, 0, 5, 5.01
1747808151, 1, 94, 1250, 1236, 34, 9.71%, 1, 0, 5, 4.38
1747808161, 1, 95, 1250, 1236, 34, 9.71%, 1, 0, 5, 4.36
1747808171, 1, 96, 1250, 1236, 34, 9.71%, 1, 0, 5, 6.45
1747808182, 1, 97, 1250, 1236, 34, 9.71%, 1, 0, 5, 5.21
1747808193, 1, 98, 1250, 1236, 34, 9.71%, 1, 0, 5, 5.04
1747808198, 1, 98, 1251, 1237, 34, 9.71%, 1, 0, 5, 5.41
1747808213, 1, 99, 1251, 1237, 34, 9.71%, 1, 0, 5, 7.57
1747808229, 1, 102, 1251, 1237, 34, 9.71%, 1, 0, 5, 5.45
1747808240, 1, 103, 1251, 1237, 34, 9.71%, 1, 0, 5, 4.19
1747808250, 1, 104, 1251, 1237, 34, 9.71%, 1, 0, 5, 5.48
1747808261, 1, 105, 1251, 1237, 34, 9.71%, 1, 0, 5, 5.15
1747808271, 1, 106, 1251, 1237, 34, 9.71%, 1, 0, 5, 5.12
1747808281, 1, 108, 1251, 1237, 34, 9.71%, 1, 0, 5, 6.04
1747808297, 1, 109, 1251, 1237, 34, 9.71%, 1, 0, 5, 4.84
1747808307, 1, 110, 1252, 1238, 34, 9.71%, 1, 0, 5, 4.75
1747808339, 1, 111, 1252, 1238, 34, 9.71%, 1, 0, 5, 5.83
1747808350, 1, 113, 1252, 1238, 34, 9.71%, 1, 0, 5, 1.26
1747808360, 1, 114, 1252, 1238, 34, 9.71%, 1, 0, 5, 5.46
1747808370, 1, 117, 1252, 1238, 34, 9.71%, 1, 0, 5, 5.45
1747808376, 1, 117, 1253, 1239, 34, 9.71%, 1, 0, 5, 4.53
1747808396, 1, 120, 1253, 1239, 34, 9.71%, 1, 0, 5, 4.96
1747808413, 1, 123, 1253, 1239, 34, 9.71%, 1, 0, 5, 5.62
1747808423, 1, 125, 1253, 1239, 34, 9.71%, 1, 0, 5, 5.69
1747808434, 1, 126, 1253, 1239, 34, 9.71%, 1, 0, 5, 5.18
1747808444, 1, 127, 1253, 1239, 34, 9.71%, 1, 0, 5, 5.46
1747808460, 1, 128, 1253, 1239, 34, 9.71%, 1, 0, 5, 5.20
1747808471, 1, 130, 1253, 1239, 34, 9.71%, 1, 0, 5, 5.35
1747808481, 1, 131, 1253, 1239, 34, 9.71%, 1, 0, 5, 5.52
1747808491, 1, 132, 1253, 1239, 34, 9.71%, 1, 0, 5, 5.35
1747808502, 1, 133, 1253, 1239, 34, 9.71%, 1, 0, 5, 6.38
1747808518, 1, 134, 1253, 1239, 34, 9.71%, 1, 0, 5, 7.29
1747808523, 1, 137, 1253, 1239, 34, 9.71%, 1, 0, 5, 7.44
1747808534, 1, 138, 1253, 1239, 34, 9.71%, 1, 0, 5, 6.25
1747808544, 1, 139, 1253, 1239, 34, 9.71%, 1, 0, 5, 6.35
1747808554, 1, 140, 1253, 1239, 34, 9.71%, 1, 0, 5, 5.75
1747808565, 1, 142, 1253, 1239, 34, 9.71%, 1, 0, 5, 5.61
1747808575, 1, 143, 1253, 1239, 34, 9.71%, 1, 0, 5, 2.44
1747808586, 1, 144, 1253, 1239, 34, 9.71%, 1, 0, 5, 5.88
1747808596, 1, 145, 1253, 1239, 34, 9.71%, 1, 0, 5, 8.12
1747808606, 1, 146, 1253, 1239, 34, 9.71%, 1, 0, 5, 5.72
1747808617, 1, 147, 1253, 1239, 34, 9.71%, 1, 0, 5, 6.90
1747808633, 1, 149, 1253, 1239, 34, 9.71%, 1, 0, 5, 5.80
1747808643, 1, 150, 1253, 1239, 34, 9.71%, 1, 0, 5, 9.80
1747808654, 1, 151, 1253, 1239, 34, 9.71%, 1, 0, 5, 2.99
1747808664, 1, 152, 1253, 1239, 34, 9.71%, 1, 0, 5, 5.03
1747808675, 1, 153, 1253, 1239, 34, 9.71%, 1, 0, 5, 6.49
1747808685, 1, 156, 1253, 1239, 34, 9.71%, 1, 0, 5, 6.67
1747808696, 1, 157, 1253, 1239, 34, 9.71%, 1, 0, 5, 5.79
1747808706, 1, 158, 1253, 1239, 34, 9.71%, 1, 0, 5, 4.30
1747808716, 1, 159, 1253, 1239, 34, 9.71%, 1, 0, 5, 5.46
1747808732, 1, 160, 1253, 1239, 34, 9.71%, 1, 0, 5, 8.41
1747808737, 1, 161, 1253, 1239, 34, 9.71%, 1, 0, 5, 6.59
1747808747, 1, 162, 1253, 1239, 34, 9.71%, 1, 0, 5, 6.17
1747808763, 1, 163, 1253, 1239, 34, 9.71%, 1, 0, 5, 5.18
1747808774, 1, 164, 1253, 1239, 34, 9.71%, 1, 0, 5, 5.00
1747808785, 1, 165, 1253, 1239, 34, 9.71%, 1, 0, 5, 5.50
1747808795, 1, 166, 1253, 1239, 34, 9.71%, 1, 0, 5, 7.89
1747808805, 1, 167, 1253, 1239, 34, 9.71%, 1, 0, 5, 6.39
1747808877, 1, 170, 1253, 1238, 34, 9.71%, 2, 0, 5, 2.82
1747808887, 1, 171, 1253, 1238, 34, 9.71%, 2, 0, 5, 5.43
1747808898, 1, 172, 1253, 1238, 34, 9.71%, 2, 0, 5, 4.40
1747808909, 1, 174, 1253, 1238, 34, 9.71%, 2, 0, 5, 5.80
1747808919, 1, 175, 1253, 1238, 34, 9.71%, 2, 0, 5, 6.11
1747808935, 1, 177, 1253, 1238, 34, 9.71%, 2, 0, 5, 5.95
1747808946, 1, 180, 1253, 1238, 34, 9.71%, 2, 0, 5, 5.28
1747808961, 1, 181, 1253, 1238, 34, 9.71%, 2, 0, 5, 4.82
1747808972, 1, 182, 1253, 1238, 34, 9.71%, 2, 0, 5, 4.29
1747808983, 1, 184, 1253, 1238, 34, 9.71%, 2, 0, 5, 5.16
1747808994, 1, 185, 1253, 1238, 34, 9.71%, 2, 0, 5, 5.30
1747809005, 1, 185, 1253, 1238, 34, 9.71%, 3, 0, 5, 5.13
1747809010, 1, 187, 1253, 1238, 34, 9.71%, 3, 0, 5, 5.15
1747809021, 1, 189, 1253, 1238, 34, 9.71%, 3, 0, 5, 1.20
1747809031, 1, 191, 1253, 1238, 34, 9.71%, 3, 0, 5, 1.47
1747809041, 1, 192, 1253, 1238, 34, 9.71%, 3, 0, 5, 4.49
1747809057, 1, 193, 1253, 1238, 34, 9.71%, 3, 0, 5, 5.47
1747809067, 1, 194, 1253, 1238, 34, 9.71%, 3, 0, 5, 4.92
1747809077, 1, 195, 1253, 1238, 34, 9.71%, 3, 0, 5, 5.43
1747809093, 1, 196, 1253, 1238, 34, 9.71%, 3, 0, 5, 5.27
1747809103, 1, 198, 1253, 1238, 34, 9.71%, 3, 0, 5, 5.58
1747809114, 1, 199, 1253, 1238, 34, 9.71%, 3, 0, 5, 5.41
1747809124, 1, 202, 1253, 1238, 34, 9.71%, 3, 0, 5, 5.12
1747809134, 1, 203, 1253, 1238, 34, 9.71%, 3, 0, 5, 4.88
1747809145, 1, 206, 1253, 1238, 34, 9.71%, 3, 0, 5, 5.44
1747809150, 1, 206, 1254, 1239, 34, 9.71%, 3, 0, 5, 5.31
1747809172, 1, 207, 1254, 1239, 34, 9.71%, 3, 0, 5, 6.07
1747809182, 1, 208, 1254, 1239, 34, 9.71%, 3, 0, 5, 9.66
1747809193, 1, 209, 1254, 1239, 34, 9.71%, 3, 0, 5, 5.93
1747809204, 1, 210, 1254, 1239, 34, 9.71%, 3, 0, 5, 7.08
1747809214, 1, 211, 1254, 1239, 34, 9.71%, 3, 0, 5, 5.34
1747809225, 1, 212, 1254, 1239, 34, 9.71%, 3, 0, 5, 5.79
1747809235, 1, 213, 1254, 1239, 34, 9.71%, 3, 0, 5, 6.41
1747809246, 1, 214, 1254, 1239, 34, 9.71%, 3, 0, 5, 6.51
1747809257, 1, 215, 1254, 1239, 34, 9.71%, 3, 0, 5, 9.42
1747809267, 1, 216, 1254, 1239, 34, 9.71%, 3, 0, 5, 1.69
1747809278, 1, 217, 1254, 1239, 34, 9.71%, 3, 0, 5, 3.04
1747809294, 1, 219, 1254, 1239, 34, 9.71%, 3, 0, 5, 6.13
1747809304, 1, 220, 1254, 1239, 34, 9.71%, 3, 0, 5, 7.98
1747809315, 1, 220, 1255, 1240, 34, 9.71%, 3, 0, 5, 1.41
1747809330, 1, 221, 1255, 1240, 34, 9.71%, 3, 0, 5, 5.76
1747809346, 1, 224, 1255, 1240, 34, 9.71%, 3, 0, 5, 5.40
1747809357, 1, 226, 1255, 1240, 34, 9.71%, 3, 0, 5, 5.58
1747809367, 1, 227, 1255, 1240, 34, 9.71%, 3, 0, 5, 6.15
1747809377, 1, 228, 1255, 1240, 34, 9.71%, 3, 0, 5, 5.83
1747809382, 1, 229, 1255, 1240, 34, 9.71%, 3, 0, 5, 6.65
1747809398, 1, 230, 1255, 1240, 34, 9.71%, 3, 0, 5, 4.58
1747809408, 1, 231, 1255, 1240, 34, 9.71%, 3, 0, 5, 5.02
1747809419, 1, 233, 1255, 1240, 34, 9.71%, 3, 0, 5, 6.49
1747809429, 1, 234, 1255, 1240, 34, 9.71%, 3, 0, 5, 5.53
1747809440, 1, 235, 1255, 1240, 34, 9.71%, 3, 0, 5, 5.60
1747809451, 1, 236, 1255, 1240, 34, 9.71%, 3, 0, 5, 5.70
1747809461, 1, 237, 1255, 1240, 34, 9.71%, 3, 0, 5, 2.09
1747809472, 1, 238, 1255, 1240, 34, 9.71%, 3, 0, 5, 5.34
1747809478, 1, 240, 1255, 1240, 34, 9.71%, 3, 0, 5, 6.70
1747809493, 1, 241, 1255, 1240, 34, 9.71%, 3, 0, 5, 4.98
1747809504, 1, 242, 1255, 1240, 34, 9.71%, 3, 0, 5, 5.12
1747809514, 1, 243, 1255, 1240, 34, 9.71%, 3, 0, 5, 5.59
1747809530, 1, 244, 1255, 1240, 34, 9.71%, 3, 0, 5, 5.41
1747809540, 1, 245, 1255, 1240, 34, 9.71%, 3, 0, 5, 5.11
1747809551, 1, 246, 1255, 1240, 34, 9.71%, 3, 0, 5, 5.09
1747809561, 1, 247, 1255, 1240, 34, 9.71%, 3, 0, 5, 5.40
1747809577, 1, 248, 1255, 1240, 34, 9.71%, 3, 0, 5, 5.39
1747809587, 1, 250, 1255, 1240, 34, 9.71%, 3, 0, 5, 5.27
1747809597, 1, 253, 1255, 1240, 34, 9.71%, 3, 0, 5, 4.97
1747809608, 1, 254, 1255, 1240, 34, 9.71%, 3, 0, 5, 5.78
1747809618, 1, 257, 1255, 1240, 34, 9.71%, 3, 0, 5, 3.41
1747809633, 1, 258, 1255, 1240, 34, 9.71%, 3, 0, 5, 6.49
1747809639, 1, 259, 1255, 1240, 34, 9.71%, 3, 0, 5, 1.17
1747809656, 1, 260, 1255, 1240, 34, 9.71%, 3, 0, 5, 5.42
1747809666, 1, 261, 1255, 1240, 34, 9.71%, 3, 0, 5, 5.70
1747809681, 1, 262, 1255, 1240, 34, 9.71%, 3, 0, 5, 5.25
1747809692, 1, 263, 1255, 1240, 34, 9.71%, 3, 0, 5, 5.25
1747809703, 1, 264, 1255, 1240, 34, 9.71%, 3, 0, 5, 5.84
1747809713, 1, 266, 1255, 1240, 34, 9.71%, 3, 0, 5, 3.96
1747809729, 1, 267, 1255, 1240, 34, 9.71%, 3, 0, 5, 4.79
1747809740, 1, 268, 1255, 1240, 34, 9.71%, 3, 0, 5, 5.84
1747809751, 1, 269, 1255, 1240, 34, 9.71%, 3, 0, 5, 4.46
1747809762, 1, 270, 1255, 1240, 34, 9.71%, 3, 0, 5, 5.88
1747809772, 1, 272, 1255, 1240, 34, 9.71%, 3, 0, 5, 5.51
1747809782, 1, 273, 1255, 1240, 34, 9.71%, 3, 0, 5, 5.74
1747809793, 1, 274, 1255, 1240, 34, 9.71%, 3, 0, 5, 5.28
1747809803, 1, 275, 1255, 1240, 34, 9.71%, 3, 0, 5, 5.73
1747809814, 1, 276, 1255, 1240, 34, 9.71%, 3, 0, 5, 5.37
1747809829, 1, 277, 1255, 1240, 34, 9.71%, 3, 0, 5, 5.26
1747809834, 1, 277, 1255, 1240, 34, 9.71%, 4, 0, 5, 5.52
1747809840, 1, 278, 1255, 1240, 34, 9.71%, 4, 0, 5, 5.31
1747809850, 1, 280, 1255, 1240, 34, 9.71%, 4, 0, 5, 5.75
1747809860, 1, 281, 1255, 1240, 34, 9.71%, 4, 0, 5, 5.30
1747809877, 1, 282, 1255, 1240, 34, 9.71%, 4, 0, 5, 4.37
1747809882, 1, 283, 1255, 1240, 34, 9.71%, 4, 0, 5, 5.67
1747809897, 1, 284, 1255, 1240, 34, 9.71%, 4, 0, 5, 4.72
1747809908, 1, 285, 1255, 1240, 34, 9.71%, 4, 0, 5, 35.61
1747809913, 1, 285, 1256, 1241, 34, 9.71%, 4, 0, 5, 20.61
1747809985, 1, 286, 1256, 1240, 33, 9.71%, 4, 0, 5, 2.16
1747809996, 1, 287, 1256, 1240, 33, 9.71%, 4, 0, 5, 4.83
1747810007, 1, 288, 1256, 1240, 33, 9.71%, 4, 0, 5, 5.07
1747810022, 1, 289, 1256, 1240, 33, 9.71%, 4, 0, 5, 4.68
1747810034, 1, 290, 1256, 1240, 33, 9.71%, 4, 0, 5, 5.54
1747810050, 1, 293, 1256, 1240, 33, 9.71%, 4, 0, 5, 5.50
1747810055, 1, 295, 1256, 1240, 33, 9.71%, 4, 0, 5, 6.97
1747810066, 1, 297, 1256, 1240, 33, 9.71%, 4, 0, 5, 5.66
1747810077, 1, 298, 1256, 1240, 33, 9.71%, 4, 0, 5, 4.82
1747810087, 1, 299, 1256, 1240, 33, 9.71%, 4, 0, 5, 5.78
1747810103, 1, 301, 1256, 1240, 33, 9.71%, 4, 0, 5, 6.68
1747810114, 1, 302, 1256, 1240, 33, 9.71%, 4, 0, 5, 6.79
1747810124, 1, 303, 1256, 1240, 33, 9.71%, 4, 0, 5, 6.15
1747810135, 1, 304, 1256, 1240, 33, 9.71%, 4, 0, 5, 5.97
1747810145, 1, 305, 1256, 1240, 33, 9.71%, 4, 0, 5, 1.16
1747810156, 1, 306, 1256, 1240, 33, 9.71%, 4, 0, 5, 5.00
1747810161, 1, 306, 1257, 1241, 33, 9.71%, 4, 0, 5, 4.72
1747810182, 1, 307, 1257, 1241, 33, 9.71%, 4, 0, 5, 5.73
1747810192, 1, 308, 1257, 1241, 33, 9.71%, 4, 0, 5, 5.82
1747810203, 1, 309, 1257, 1241, 33, 9.71%, 4, 0, 5, 5.12
1747810219, 1, 311, 1257, 1241, 33, 9.71%, 4, 0, 5, 5.45
1747810229, 1, 312, 1257, 1241, 33, 9.71%, 4, 0, 5, 5.07
1747810239, 1, 313, 1257, 1241, 33, 9.71%, 4, 0, 5, 5.49
1747810250, 1, 315, 1257, 1241, 33, 9.71%, 4, 0, 5, 3.75
1747810266, 1, 317, 1257, 1241, 33, 9.71%, 4, 0, 5, 5.24
1747810276, 1, 318, 1257, 1241, 33, 9.71%, 4, 0, 5, 4.74
1747810287, 1, 319, 1257, 1241, 33, 9.71%, 4, 0, 5, 5.72
1747810297, 1, 320, 1257, 1241, 33, 9.71%, 4, 0, 5, 5.08
1747810307, 1, 322, 1257, 1241, 33, 9.71%, 4, 0, 5, 5.76
1747810318, 1, 323, 1257, 1241, 33, 9.71%, 4, 0, 5, 11.74
1747810410, 1, 324, 1257, 1240, 32, 9.71%, 4, 0, 5, 10.90
1747810425, 1, 325, 1257, 1240, 32, 9.71%, 4, 0, 5, 3.83
1747810436, 1, 326, 1257, 1240, 32, 9.71%, 4, 0, 5, 4.56
1747810447, 1, 327, 1257, 1240, 32, 9.71%, 4, 0, 5, 4.79
1747810457, 1, 328, 1257, 1240, 32, 9.71%, 4, 0, 5, 5.89
1747810472, 1, 329, 1257, 1240, 32, 9.71%, 4, 0, 5, 4.44
1747810483, 1, 330, 1257, 1240, 32, 9.71%, 4, 0, 5, 6.19
1747810493, 1, 331, 1257, 1240, 32, 9.71%, 4, 0, 5, 9.00
1747810503, 1, 333, 1257, 1240, 32, 9.71%, 4, 0, 5, 5.39
1747810519, 1, 335, 1257, 1240, 32, 9.71%, 4, 0, 5, 5.71
1747810529, 1, 337, 1257, 1240, 32, 9.71%, 4, 0, 5, 6.32
1747810540, 1, 338, 1257, 1240, 32, 9.71%, 4, 0, 5, 1.82
1747810551, 1, 339, 1257, 1240, 32, 9.71%, 4, 0, 5, 4.96
1747810561, 1, 341, 1257, 1240, 32, 9.71%, 4, 0, 5, 5.89
1747810571, 1, 342, 1257, 1240, 32, 9.71%, 4, 0, 5, 5.25
1747810582, 1, 344, 1257, 1240, 32, 9.71%, 4, 0, 5, 5.41
1747810597, 1, 346, 1257, 1240, 32, 9.71%, 4, 0, 5, 4.71
1747810608, 1, 349, 1257, 1240, 32, 9.71%, 4, 0, 5, 5.12
1747810624, 1, 350, 1257, 1240, 32, 9.71%, 4, 0, 5, 4.96
1747810634, 1, 351, 1257, 1240, 32, 9.71%, 4, 0, 5, 5.39
1747810640, 1, 351, 1257, 1240, 32, 9.71%, 5, 0, 5, 5.60
1747810650, 1, 352, 1257, 1240, 32, 9.71%, 5, 0, 5, 5.51
1747810655, 1, 353, 1257, 1240, 32, 9.71%, 5, 0, 5, 5.70
1747810672, 1, 354, 1257, 1240, 32, 9.71%, 5, 0, 5, 1.27
1747810677, 1, 354, 1257, 1240, 32, 9.71%, 6, 0, 5, 8.69
1747810682, 1, 355, 1257, 1240, 32, 9.71%, 6, 0, 5, 6.51
1747810693, 1, 356, 1257, 1240, 32, 9.71%, 6, 0, 5, 1.15
1747810704, 1, 357, 1257, 1240, 32, 9.71%, 6, 0, 5, 4.75
1747810714, 1, 359, 1257, 1240, 32, 9.71%, 6, 0, 5, 5.59
1747810725, 1, 360, 1257, 1240, 32, 9.71%, 6, 0, 5, 6.30
1747810735, 1, 362, 1257, 1240, 32, 9.71%, 7, 0, 5, 5.03
1747810746, 1, 365, 1257, 1240, 32, 9.71%, 7, 0, 5, 6.02
1747810756, 1, 366, 1257, 1240, 32, 9.71%, 7, 0, 5, 4.98
1747810767, 1, 367, 1257, 1240, 32, 9.71%, 7, 0, 5, 5.50
1747810777, 1, 368, 1257, 1240, 32, 9.71%, 7, 0, 5, 4.92
1747810792, 1, 369, 1257, 1240, 32, 9.71%, 7, 0, 5, 5.16
1747810803, 1, 370, 1257, 1240, 32, 9.71%, 7, 0, 5, 5.81
1747810808, 1, 373, 1257, 1240, 32, 9.71%, 7, 0, 5, 5.89
1747810819, 1, 374, 1257, 1240, 32, 9.71%, 7, 0, 5, 6.21
1747810835, 1, 375, 1257, 1240, 32, 9.71%, 7, 0, 5, 5.08
1747810845, 1, 376, 1257, 1240, 32, 9.71%, 7, 0, 5, 5.10
1747810856, 1, 377, 1257, 1240, 32, 9.71%, 7, 0, 5, 5.33
1747810866, 1, 378, 1257, 1240, 32, 9.71%, 7, 0, 5, 7.80
1747810877, 1, 379, 1257, 1240, 32, 9.71%, 7, 0, 5, 3.05
1747810887, 1, 380, 1257, 1240, 32, 9.71%, 7, 0, 5, 5.49
1747810897, 1, 381, 1257, 1240, 32, 9.71%, 7, 0, 5, 5.33
1747810914, 1, 382, 1257, 1240, 32, 9.71%, 7, 0, 5, 5.60
1747810924, 1, 384, 1257, 1240, 32, 9.71%, 7, 0, 5, 5.84
1747810934, 1, 386, 1257, 1240, 32, 9.71%, 7, 0, 5, 5.77
1747810945, 1, 387, 1257, 1240, 32, 9.71%, 7, 0, 5, 5.69
1747810951, 1, 388, 1257, 1240, 32, 9.71%, 7, 0, 5, 6.40
1747810961, 1, 389, 1257, 1240, 32, 9.71%, 7, 0, 5, 5.76
1747810977, 1, 391, 1257, 1240, 32, 9.71%, 7, 0, 5, 5.23
1747810988, 1, 393, 1257, 1240, 32, 9.71%, 7, 0, 5, 5.90
1747810998, 1, 394, 1257, 1240, 32, 9.71%, 7, 0, 5, 5.29
1747811008, 1, 395, 1257, 1240, 32, 9.71%, 7, 0, 5, 3.03
1747811019, 1, 397, 1257, 1240, 32, 9.71%, 7, 0, 5, 4.39
1747811029, 1, 398, 1257, 1240, 32, 9.71%, 7, 0, 5, 5.04
1747811040, 1, 399, 1257, 1240, 32, 9.71%, 7, 0, 5, 5.41
1747811056, 1, 401, 1257, 1240, 32, 9.71%, 7, 0, 5, 5.29
1747811072, 1, 402, 1257, 1240, 32, 9.71%, 7, 0, 5, 5.53
1747811082, 1, 403, 1257, 1240, 32, 9.71%, 7, 0, 5, 5.14
1747811092, 1, 404, 1257, 1240, 32, 9.71%, 7, 0, 5, 6.35
1747811103, 1, 405, 1257, 1240, 32, 9.71%, 7, 0, 5, 8.35
1747811113, 1, 406, 1257, 1240, 32, 9.71%, 7, 0, 5, 11.72
1747811125, 1, 407, 1257, 1240, 32, 9.71%, 7, 0, 5, 2.70
1747811141, 1, 410, 1257, 1240, 32, 9.71%, 7, 0, 5, 4.07
1747811151, 1, 411, 1257, 1240, 32, 9.71%, 7, 0, 5, 5.99
1747811161, 1, 412, 1257, 1240, 32, 9.71%, 7, 0, 5, 5.18
1747811172, 1, 413, 1257, 1240, 32, 9.71%, 7, 0, 5, 5.17
1747811182, 1, 414, 1257, 1240, 32, 9.71%, 7, 0, 5, 6.10
1747811193, 1, 415, 1257, 1240, 32, 9.71%, 7, 0, 5, 5.13
1747811204, 1, 417, 1257, 1240, 32, 9.71%, 7, 0, 5, 4.54
1747811214, 1, 419, 1257, 1240, 32, 9.71%, 7, 0, 5, 5.21
1747811229, 1, 420, 1257, 1240, 32, 9.71%, 7, 0, 5, 5.08
1747811240, 1, 422, 1257, 1240, 32, 9.71%, 7, 0, 5, 5.00
1747811255, 1, 423, 1257, 1240, 32, 9.71%, 7, 0, 5, 10.73
1747811266, 1, 424, 1257, 1240, 32, 9.71%, 7, 0, 5, 2.11
1747811277, 1, 425, 1257, 1240, 32, 9.71%, 7, 0, 5, 4.64
1747811292, 1, 426, 1257, 1240, 32, 9.71%, 7, 0, 5, 5.77
1747811303, 1, 427, 1257, 1240, 32, 9.71%, 7, 0, 5, 5.93
1747811313, 1, 428, 1257, 1240, 32, 9.71%, 7, 0, 5, 4.83
1747811324, 1, 430, 1257, 1240, 32, 9.71%, 7, 0, 5, 5.59
1747811334, 1, 431, 1257, 1240, 32, 9.71%, 7, 0, 5, 5.78
1747811344, 1, 432, 1257, 1240, 32, 9.71%, 7, 0, 5, 5.64
1747811360, 1, 432, 1258, 1241, 32, 9.71%, 7, 0, 5, 3.45
1747811380, 1, 435, 1258, 1241, 32, 9.71%, 7, 0, 5, 5.25
1747811390, 1, 436, 1258, 1241, 32, 9.71%, 7, 0, 5, 5.92
1747811401, 1, 437, 1258, 1241, 32, 9.71%, 7, 0, 5, 7.15
1747811416, 1, 438, 1258, 1241, 32, 9.71%, 7, 0, 5, 3.12
1747811426, 1, 439, 1258, 1241, 32, 9.71%, 7, 0, 5, 6.41
1747811432, 1, 440, 1258, 1241, 32, 9.71%, 7, 0, 5, 1.18
1747811443, 1, 441, 1258, 1241, 32, 9.71%, 7, 0, 5, 6.26
1747811453, 1, 442, 1258, 1241, 32, 9.71%, 7, 0, 5, 8.49
1747811463, 1, 443, 1258, 1241, 32, 9.71%, 7, 0, 5, 5.42
1747811478, 1, 445, 1258, 1241, 32, 9.71%, 7, 0, 5, 4.49
1747811489, 1, 446, 1258, 1241, 32, 9.71%, 7, 0, 5, 6.06
1747811500, 1, 447, 1258, 1241, 32, 9.71%, 7, 0, 5, 4.98
1747811510, 1, 450, 1258, 1241, 32, 9.71%, 7, 0, 5, 6.11
1747811520, 1, 451, 1258, 1241, 32, 9.71%, 7, 0, 5, 2.89
1747811531, 1, 452, 1258, 1241, 32, 9.71%, 7, 0, 5, 5.13
1747811547, 1, 453, 1258, 1241, 32, 9.71%, 7, 0, 5, 5.15
1747811557, 1, 454, 1258, 1241, 32, 9.71%, 7, 0, 5, 5.25
1747811568, 1, 456, 1258, 1241, 32, 9.71%, 7, 0, 5, 5.51
1747811579, 1, 457, 1258, 1241, 32, 9.71%, 7, 0, 5, 5.80
1747811590, 1, 458, 1258, 1241, 32, 9.71%, 7, 0, 5, 4.79
1747811600, 1, 459, 1258, 1241, 32, 9.71%, 7, 0, 5, 4.90
1747811616, 1, 461, 1258, 1241, 32, 9.71%, 7, 0, 5, 5.62
1747811626, 1, 463, 1258, 1241, 32, 9.71%, 7, 0, 5, 13.04
1747811637, 1, 465, 1258, 1241, 32, 9.71%, 7, 0, 5, 4.39
1747811652, 1, 467, 1258, 1241, 32, 9.71%, 7, 0, 5, 4.78
1747811663, 1, 468, 1258, 1241, 32, 9.71%, 7, 0, 5, 5.98
1747811673, 1, 469, 1258, 1241, 32, 9.71%, 7, 0, 5, 6.24
1747811684, 1, 470, 1258, 1241, 32, 9.71%, 7, 0, 5, 5.94
1747811694, 1, 471, 1258, 1241, 32, 9.71%, 7, 0, 5, 4.97
1747811705, 1, 472, 1258, 1241, 32, 9.71%, 7, 0, 5, 6.30
1747811716, 1, 473, 1258, 1241, 32, 9.71%, 7, 0, 5, 5.38
1747811726, 1, 477, 1258, 1241, 32, 9.71%, 7, 0, 5, 5.72
1747811737, 1, 479, 1258, 1241, 32, 9.71%, 7, 0, 5, 1.87
1747811753, 1, 480, 1258, 1241, 32, 9.71%, 7, 0, 5, 4.87
1747811764, 1, 481, 1258, 1241, 32, 9.71%, 7, 0, 5, 6.48
1747811769, 1, 482, 1258, 1241, 32, 9.71%, 7, 0, 5, 1.39
1747811784, 1, 483, 1258, 1241, 32, 9.71%, 7, 0, 5, 4.74
1747811795, 1, 484, 1258, 1241, 32, 9.71%, 7, 0, 5, 5.29
1747811805, 1, 488, 1258, 1241, 32, 9.71%, 7, 0, 5, 5.44
1747811815, 1, 489, 1258, 1241, 32, 9.71%, 7, 0, 5, 7.91
1747811831, 1, 490, 1258, 1241, 32, 9.71%, 7, 0, 5, 1.97
1747811841, 1, 491, 1258, 1241, 32, 9.71%, 7, 0, 5, 7.83
1747811852, 1, 493, 1258, 1241, 32, 9.71%, 7, 0, 5, 3.84
1747811863, 1, 494, 1258, 1241, 32, 9.71%, 7, 0, 5, 5.47
1747811873, 1, 495, 1258, 1241, 32, 9.71%, 7, 0, 5, 5.70
1747811883, 1, 496, 1258, 1241, 32, 9.71%, 7, 0, 5, 4.69
1747811900, 1, 497, 1258, 1241, 32, 9.71%, 7, 0, 5, 6.30
1747811910, 1, 498, 1258, 1241, 32, 9.71%, 7, 0, 5, 5.76
1747811920, 1, 499, 1258, 1241, 32, 9.71%, 7, 0, 5, 5.98
1747811930, 1, 500, 1258, 1241, 32, 9.71%, 7, 0, 5, 1.37
1747811941, 1, 501, 1258, 1241, 32, 9.71%, 7, 0, 5, 5.84
1747811951, 1, 503, 1258, 1241, 32, 9.71%, 7, 0, 5, 1.27
1747811961, 1, 503, 1259, 1242, 32, 9.71%, 7, 0, 5, 5.87
1747811977, 1, 504, 1259, 1242, 32, 9.71%, 7, 0, 5, 2.78
1747811988, 1, 505, 1259, 1242, 32, 9.71%, 7, 0, 5, 4.85
1747811999, 1, 506, 1259, 1242, 32, 9.71%, 7, 0, 5, 5.02
1747812009, 1, 507, 1259, 1242, 32, 9.71%, 7, 0, 5, 5.66
1747812020, 1, 508, 1259, 1242, 32, 9.71%, 7, 0, 5, 1.40
1747812036, 1, 509, 1259, 1242, 32, 9.71%, 7, 0, 5, 4.95
1747812046, 1, 510, 1259, 1242, 32, 9.71%, 7, 0, 5, 4.96
1747812057, 1, 513, 1259, 1242, 32, 9.71%, 7, 0, 5, 5.00
1747812068, 1, 516, 1259, 1242, 32, 9.71%, 7, 0, 5, 5.81
1747812078, 1, 518, 1259, 1242, 32, 9.71%, 7, 0, 5, 6.50
1747812088, 1, 519, 1259, 1242, 32, 9.71%, 7, 0, 5, 5.17
1747812099, 1, 520, 1259, 1242, 32, 9.71%, 7, 0, 5, 5.14
1747812109, 1, 521, 1259, 1242, 32, 9.71%, 7, 0, 5, 5.78
1747812120, 1, 522, 1259, 1242, 32, 9.71%, 7, 0, 5, 7.29
1747812131, 1, 523, 1259, 1242, 32, 9.71%, 7, 0, 5, 2.08
1747812141, 1, 525, 1259, 1242, 32, 9.71%, 7, 0, 5, 5.05
1747812151, 1, 526, 1259, 1242, 32, 9.71%, 7, 0, 5, 5.40
1747812161, 1, 528, 1259, 1242, 32, 9.71%, 7, 0, 5, 6.24
1747812172, 1, 529, 1259, 1242, 32, 9.71%, 7, 0, 5, 5.46
1747812182, 1, 530, 1259, 1242, 32, 9.71%, 7, 0, 5, 5.63
1747812193, 1, 532, 1259, 1242, 32, 9.71%, 7, 0, 5, 8.73
1747812204, 1, 533, 1259, 1242, 32, 9.71%, 7, 0, 5, 3.37
1747812209, 1, 535, 1259, 1242, 32, 9.71%, 7, 0, 5, 4.24
1747812225, 1, 536, 1259, 1242, 32, 9.71%, 7, 0, 5, 5.64
1747812235, 1, 539, 1259, 1242, 32, 9.71%, 7, 0, 5, 5.71
1747812246, 1, 540, 1259, 1242, 32, 9.71%, 7, 0, 5, 5.33
1747812256, 1, 541, 1259, 1242, 32, 9.71%, 7, 0, 5, 6.28
1747812292, 1, 541, 1260, 1243, 32, 9.71%, 7, 0, 5, 3.20
1747812467, 1, 541, 1261, 1244, 32, 9.71%, 7, 0, 5, 4.54
1747812472, 1, 541, 1262, 1245, 32, 9.71%, 7, 0, 5, 4.84
1747812823, 1, 541, 1263, 1246, 32, 9.71%, 7, 0, 5, 3.41
1747812957, 1, 543, 1263, 1245, 32, 9.71%, 7, 0, 5, 6.28
1747812967, 1, 544, 1263, 1245, 32, 9.71%, 7, 0, 5, 6.07
1747812977, 1, 545, 1263, 1245, 32, 9.71%, 7, 0, 5, 5.98
1747812983, 1, 546, 1263, 1245, 32, 9.71%, 7, 0, 5, 6.58
1747812993, 1, 547, 1263, 1245, 32, 9.71%, 7, 0, 5, 5.71
1747813004, 1, 548, 1263, 1245, 32, 9.71%, 7, 0, 5, 5.58
1747813014, 1, 549, 1263, 1245, 32, 9.71%, 7, 0, 5, 7.70
1747813025, 1, 550, 1263, 1245, 32, 9.71%, 7, 0, 5, 6.19
1747813035, 1, 551, 1263, 1245, 32, 9.71%, 7, 0, 5, 5.43
1747813047, 1, 552, 1263, 1245, 32, 9.71%, 7, 0, 5, 5.71
1747813058, 1, 554, 1263, 1245, 32, 9.71%, 7, 0, 5, 5.80
1747813068, 1, 555, 1263, 1245, 32, 9.71%, 7, 0, 5, 10.45
1747813176, 1, 556, 1263, 1244, 31, 9.71%, 7, 0, 5, 7.81
1747813186, 1, 558, 1263, 1244, 31, 9.71%, 7, 0, 5, 7.39
1747813197, 1, 559, 1263, 1244, 31, 9.71%, 7, 0, 5, 9.92
1747813207, 1, 560, 1263, 1244, 31, 9.71%, 7, 0, 5, 6.45
1747813217, 1, 561, 1263, 1244, 31, 9.71%, 7, 0, 5, 2.44
1747813229, 1, 562, 1263, 1244, 31, 9.71%, 7, 0, 5, 4.23
1747813244, 1, 563, 1263, 1244, 31, 9.71%, 7, 0, 5, 4.94
1747813255, 1, 564, 1263, 1244, 31, 9.71%, 7, 0, 5, 5.43
1747813265, 1, 565, 1263, 1244, 31, 9.71%, 7, 0, 5, 1.19
1747813276, 1, 566, 1263, 1244, 31, 9.71%, 7, 0, 5, 4.39
1747813287, 1, 567, 1263, 1244, 31, 9.71%, 7, 0, 5, 5.55
1747813298, 1, 568, 1263, 1244, 31, 9.71%, 7, 0, 5, 5.00
1747813313, 1, 570, 1263, 1244, 31, 9.71%, 7, 0, 5, 4.91
1747813323, 1, 571, 1263, 1244, 31, 9.71%, 7, 0, 5, 6.04
1747813328, 1, 572, 1263, 1244, 31, 9.71%, 7, 0, 5, 6.17
1747813344, 1, 575, 1263, 1244, 31, 9.71%, 7, 0, 5, 4.14
1747813349, 1, 576, 1263, 1244, 31, 9.71%, 7, 0, 5, 5.24
1747813364, 1, 577, 1263, 1244, 31, 9.71%, 7, 0, 5, 5.41
1747813375, 1, 578, 1263, 1244, 31, 9.71%, 7, 0, 5, 4.67
1747813385, 1, 579, 1263, 1244, 31, 9.71%, 7, 0, 5, 5.58
1747813401, 1, 581, 1263, 1244, 31, 9.71%, 7, 0, 5, 4.67
1747813412, 1, 582, 1263, 1244, 31, 9.71%, 7, 0, 5, 4.99
1747813428, 1, 583, 1263, 1244, 31, 9.71%, 7, 0, 5, 4.81
1747813438, 1, 584, 1263, 1244, 31, 9.71%, 7, 0, 5, 5.71
1747813449, 1, 585, 1263, 1244, 31, 9.71%, 7, 0, 5, 1.90
1747813454, 1, 586, 1263, 1244, 31, 9.71%, 7, 0, 5, 1.94
1747813470, 1, 587, 1263, 1244, 31, 9.71%, 7, 0, 5, 5.07
1747813480, 1, 588, 1263, 1244, 31, 9.71%, 7, 0, 5, 7.95
1747813485, 1, 590, 1263, 1244, 31, 9.71%, 7, 0, 5, 8.48
1747813501, 1, 591, 1263, 1244, 31, 9.71%, 7, 0, 5, 3.81
1747813512, 1, 592, 1263, 1244, 31, 9.71%, 7, 0, 5, 5.27
1747813522, 1, 593, 1263, 1244, 31, 9.71%, 7, 0, 5, 5.35
1747813533, 1, 594, 1263, 1244, 31, 9.71%, 7, 0, 5, 5.20
1747813543, 1, 596, 1263, 1244, 31, 9.71%, 7, 0, 5, 1.49
1747813553, 1, 598, 1263, 1244, 31, 9.71%, 7, 0, 5, 4.76
1747813569, 1, 599, 1263, 1244, 31, 9.71%, 7, 0, 5, 4.73
1747813580, 1, 600, 1263, 1244, 31, 9.71%, 7, 0, 5, 5.27
1747813590, 1, 602, 1263, 1244, 31, 9.71%, 7, 0, 5, 4.71
1747813606, 1, 603, 1263, 1244, 31, 9.71%, 7, 0, 5, 5.30
1747813612, 1, 604, 1263, 1244, 31, 9.71%, 7, 0, 5, 6.10
1747813622, 1, 605, 1263, 1244, 31, 9.71%, 7, 0, 5, 7.48
1747813633, 1, 606, 1263, 1244, 31, 9.71%, 7, 0, 5, 5.93
1747813648, 1, 607, 1263, 1244, 31, 9.71%, 7, 0, 5, 4.73
1747813659, 1, 608, 1263, 1244, 31, 9.71%, 7, 0, 5, 6.66
1747813675, 1, 609, 1263, 1244, 31, 9.71%, 7, 0, 5, 1.19
1747813686, 1, 610, 1263, 1244, 31, 9.71%, 7, 0, 5, 1.55
1747813696, 1, 611, 1263, 1244, 31, 9.71%, 7, 0, 5, 5.82
1747813706, 1, 612, 1263, 1244, 31, 9.71%, 7, 0, 5, 5.57
1747813717, 1, 614, 1263, 1244, 31, 9.71%, 7, 0, 5, 5.78
1747813727, 1, 615, 1263, 1244, 31, 9.71%, 7, 0, 5, 5.61
1747813738, 1, 616, 1263, 1244, 31, 9.71%, 7, 0, 5, 5.95
1747813748, 1, 617, 1263, 1244, 31, 9.71%, 7, 0, 5, 5.88
1747813763, 1, 618, 1263, 1244, 31, 9.71%, 7, 0, 5, 5.76
1747813774, 1, 619, 1263, 1244, 31, 9.71%, 7, 0, 5, 5.82
1747813785, 1, 621, 1263, 1244, 31, 9.71%, 7, 0, 5, 5.01
1747813796, 1, 623, 1263, 1244, 31, 9.71%, 7, 0, 5, 5.14
1747813806, 1, 624, 1263, 1244, 31, 9.71%, 7, 0, 5, 5.57
1747813817, 1, 625, 1263, 1244, 31, 9.71%, 7, 0, 5, 7.82
1747813827, 1, 626, 1263, 1244, 31, 9.71%, 7, 0, 5, 7.03
1747813837, 1, 627, 1263, 1244, 31, 9.71%, 7, 0, 5, 1.31
1747813848, 1, 631, 1263, 1244, 31, 9.71%, 7, 0, 5, 4.04
1747813858, 1, 632, 1263, 1244, 31, 9.71%, 7, 0, 5, 5.48
1747813869, 1, 633, 1263, 1244, 31, 9.71%, 7, 0, 5, 5.87
1747813879, 1, 634, 1263, 1244, 31, 9.71%, 7, 0, 5, 2.18
1747813895, 1, 635, 1263, 1244, 31, 9.71%, 7, 0, 5, 4.49
1747813906, 1, 638, 1263, 1244, 31, 9.71%, 7, 0, 5, 5.33
1747813917, 1, 639, 1263, 1244, 31, 9.71%, 7, 0, 5, 5.17
1747813932, 1, 640, 1263, 1244, 31, 9.71%, 7, 0, 5, 5.77
1747813942, 1, 642, 1263, 1244, 31, 9.71%, 7, 0, 5, 5.64
1747813948, 1, 643, 1263, 1244, 31, 9.71%, 7, 0, 5, 5.58
1747813964, 1, 644, 1263, 1244, 31, 9.71%, 7, 0, 5, 7.67
1747813970, 1, 645, 1263, 1244, 31, 9.71%, 7, 0, 5, 1.13
1747813986, 1, 646, 1263, 1244, 31, 9.71%, 7, 0, 5, 3.56
1747813996, 1, 648, 1263, 1244, 31, 9.71%, 7, 0, 5, 5.23
1747814012, 1, 649, 1263, 1244, 31, 9.71%, 7, 0, 5, 5.26
1747814023, 1, 650, 1263, 1244, 31, 9.71%, 7, 0, 5, 6.62
1747814033, 1, 651, 1263, 1244, 31, 9.71%, 7, 0, 5, 8.23
1747814043, 1, 652, 1263, 1244, 31, 9.71%, 7, 0, 5, 11.58
1747814054, 1, 653, 1263, 1244, 31, 9.71%, 7, 0, 5, 4.40
1747814064, 1, 654, 1263, 1244, 31, 9.71%, 7, 0, 5, 5.32
1747814070, 1, 656, 1263, 1244, 31, 9.71%, 7, 0, 5, 5.53
1747814085, 1, 659, 1263, 1244, 31, 9.71%, 7, 0, 5, 4.41
1747814091, 1, 660, 1263, 1244, 31, 9.71%, 7, 0, 5, 4.77
1747814106, 1, 661, 1263, 1244, 31, 9.71%, 7, 0, 5, 4.95
1747814116, 1, 662, 1263, 1244, 31, 9.71%, 7, 0, 5, 5.08
1747814128, 1, 664, 1263, 1244, 31, 9.71%, 7, 0, 5, 4.26
1747814133, 1, 664, 1264, 1245, 31, 9.71%, 7, 0, 5, 3.53
1747814159, 1, 666, 1264, 1245, 31, 9.71%, 7, 0, 5, 5.74
1747814165, 1, 669, 1264, 1245, 31, 9.71%, 7, 0, 5, 6.43
1747814175, 1, 670, 1264, 1245, 31, 9.71%, 7, 0, 5, 6.09
1747814185, 1, 672, 1264, 1245, 31, 9.71%, 7, 0, 5, 5.36
1747814201, 1, 673, 1265, 1246, 31, 9.71%, 7, 0, 5, 4.03
1747814228, 1, 674, 1265, 1246, 31, 9.71%, 7, 0, 5, 4.30
1747814239, 1, 675, 1265, 1246, 31, 9.71%, 7, 0, 5, 5.22
1747814250, 1, 676, 1265, 1246, 31, 9.71%, 7, 0, 5, 5.26
1747814261, 1, 677, 1265, 1246, 31, 9.71%, 7, 0, 5, 5.46
1747814276, 1, 678, 1265, 1246, 31, 9.71%, 7, 0, 5, 5.20
1747814286, 1, 679, 1265, 1246, 31, 9.71%, 7, 0, 5, 4.57
1747814297, 1, 680, 1265, 1246, 31, 9.71%, 7, 0, 5, 4.98
1747814313, 1, 681, 1265, 1246, 31, 9.71%, 7, 0, 5, 5.52
1747814323, 1, 683, 1265, 1246, 31, 9.71%, 7, 0, 5, 5.44
1747814333, 1, 684, 1265, 1246, 31, 9.71%, 7, 0, 5, 5.37
1747814344, 1, 686, 1265, 1246, 31, 9.71%, 7, 0, 5, 6.30
1747814354, 1, 687, 1265, 1246, 31, 9.71%, 7, 0, 5, 5.44
1747814370, 1, 688, 1265, 1246, 31, 9.71%, 7, 0, 5, 1.18
1747814381, 1, 689, 1265, 1246, 31, 9.71%, 7, 0, 5, 4.48
1747814391, 1, 691, 1265, 1246, 31, 9.71%, 7, 0, 5, 5.03
1747814402, 1, 692, 1265, 1246, 31, 9.71%, 7, 0, 5, 6.53
1747814412, 1, 693, 1265, 1246, 31, 9.71%, 7, 0, 5, 5.72
1747814422, 1, 694, 1265, 1246, 31, 9.71%, 7, 0, 5, 5.33
1747814433, 1, 695, 1265, 1246, 31, 9.71%, 7, 0, 5, 5.85
1747814444, 1, 696, 1265, 1246, 31, 9.71%, 7, 0, 5, 6.60
1747814454, 1, 697, 1265, 1246, 31, 9.71%, 7, 0, 5, 6.14
1747814465, 1, 698, 1265, 1246, 31, 9.71%, 7, 0, 5, 5.72
1747814476, 1, 699, 1265, 1246, 31, 9.71%, 7, 0, 5, 5.07
1747814487, 1, 700, 1265, 1246, 31, 9.71%, 7, 0, 5, 5.73
1747814497, 1, 701, 1265, 1246, 31, 9.71%, 7, 0, 5, 8.55
1747814508, 1, 702, 1265, 1246, 31, 9.71%, 7, 0, 5, 13.88
1747814518, 1, 703, 1265, 1246, 31, 9.71%, 7, 0, 5, 2.50
1747814529, 1, 704, 1265, 1246, 31, 9.71%, 7, 0, 5, 4.97
1747814545, 1, 705, 1265, 1246, 31, 9.71%, 7, 0, 5, 7.96
1747814555, 1, 706, 1265, 1246, 31, 9.71%, 7, 0, 5, 4.01
1747814566, 1, 708, 1265, 1246, 31, 9.71%, 7, 0, 5, 5.26
1747814576, 1, 709, 1265, 1246, 31, 9.71%, 7, 0, 5, 7.77
1747814587, 1, 711, 1265, 1246, 31, 9.71%, 7, 0, 5, 6.17
1747814597, 1, 712, 1265, 1246, 31, 9.71%, 7, 0, 5, 4.95
1747814613, 1, 713, 1265, 1246, 31, 9.71%, 7, 0, 5, 5.33
1747814623, 1, 715, 1265, 1246, 31, 9.71%, 7, 0, 5, 5.65
1747814634, 1, 716, 1265, 1246, 31, 9.71%, 7, 0, 5, 1.43
1747814644, 1, 717, 1265, 1246, 31, 9.71%, 7, 0, 5, 7.92
1747814655, 1, 718, 1265, 1246, 31, 9.71%, 7, 0, 5, 6.24
1747814665, 1, 720, 1265, 1246, 31, 9.71%, 7, 0, 5, 5.25
1747814681, 1, 721, 1265, 1246, 31, 9.71%, 7, 0, 5, 5.17
1747814691, 1, 722, 1265, 1246, 31, 9.71%, 7, 0, 5, 5.84
1747814702, 1, 724, 1265, 1246, 31, 9.71%, 7, 0, 5, 5.80
1747814712, 1, 725, 1265, 1246, 31, 9.71%, 7, 0, 5, 5.05
1747814723, 1, 728, 1265, 1246, 31, 9.71%, 7, 0, 5, 4.16
1747814734, 1, 729, 1265, 1246, 31, 9.71%, 7, 0, 5, 5.06
1747814749, 1, 730, 1265, 1246, 31, 9.71%, 7, 0, 5, 5.29
1747814765, 1, 731, 1265, 1246, 31, 9.71%, 7, 0, 5, 5.11
1747814776, 1, 732, 1265, 1246, 31, 9.71%, 7, 0, 5, 6.04
1747814786, 1, 735, 1265, 1246, 31, 9.71%, 7, 0, 5, 8.16
1747814797, 1, 736, 1265, 1246, 31, 9.71%, 7, 0, 5, 9.60
1747814807, 1, 737, 1265, 1246, 31, 9.71%, 7, 0, 5, 3.10
1747814818, 1, 738, 1265, 1246, 31, 9.71%, 7, 0, 5, 6.03
1747814829, 1, 739, 1265, 1246, 31, 9.71%, 7, 0, 5, 5.90
1747814834, 1, 741, 1265, 1246, 31, 9.71%, 7, 0, 5, 7.46
1747814845, 1, 742, 1265, 1246, 31, 9.71%, 7, 0, 5, 2.49
1747814861, 1, 744, 1265, 1246, 31, 9.71%, 7, 0, 5, 4.87
1747814871, 1, 747, 1265, 1246, 31, 9.71%, 7, 0, 5, 4.78
1747814882, 1, 748, 1265, 1246, 31, 9.71%, 7, 0, 5, 5.73
1747814898, 1, 749, 1265, 1246, 31, 9.71%, 7, 0, 5, 4.98
1747814908, 1, 750, 1265, 1246, 31, 9.71%, 7, 0, 5, 4.88
1747814920, 1, 753, 1265, 1246, 31, 9.71%, 7, 0, 5, 5.22
1747814931, 1, 754, 1265, 1246, 31, 9.71%, 7, 0, 5, 7.79
1747814941, 1, 755, 1265, 1246, 31, 9.71%, 7, 0, 5, 9.51
1747814952, 1, 756, 1265, 1246, 31, 9.71%, 7, 0, 5, 1.15
1747814958, 1, 757, 1265, 1246, 31, 9.71%, 7, 0, 5, 9.39
1747814973, 1, 758, 1265, 1246, 31, 9.71%, 7, 0, 5, 6.95
1747814979, 1, 761, 1265, 1246, 31, 9.71%, 7, 0, 5, 6.30
1747814989, 1, 762, 1265, 1246, 31, 9.71%, 7, 0, 5, 2.50
1747815000, 1, 764, 1265, 1246, 31, 9.71%, 7, 0, 5, 5.80
1747815011, 1, 765, 1265, 1246, 31, 9.71%, 7, 0, 5, 5.50
1747815026, 1, 766, 1265, 1246, 31, 9.71%, 7, 0, 5, 5.05
1747815037, 1, 767, 1265, 1246, 31, 9.71%, 7, 0, 5, 4.59
1747815047, 1, 768, 1265, 1246, 31, 9.71%, 7, 0, 5, 5.75
1747815057, 1, 769, 1265, 1246, 31, 9.71%, 7, 0, 5, 6.79
1747815073, 1, 770, 1265, 1246, 31, 9.71%, 7, 0, 5, 4.97
1747815083, 1, 771, 1265, 1246, 31, 9.71%, 7, 0, 5, 5.14
1747815094, 1, 772, 1265, 1246, 31, 9.71%, 7, 0, 5, 5.11
1747815104, 1, 773, 1265, 1246, 31, 9.71%, 7, 0, 5, 5.63
1747815115, 1, 774, 1265, 1246, 31, 9.71%, 7, 0, 5, 5.51
1747815125, 1, 775, 1265, 1246, 31, 9.71%, 7, 0, 5, 7.68
1747815136, 1, 776, 1265, 1246, 31, 9.71%, 7, 0, 5, 5.01
1747815152, 1, 777, 1265, 1246, 31, 9.71%, 7, 0, 5, 1.39
1747815163, 1, 778, 1265, 1246, 31, 9.71%, 7, 0, 5, 1.19
1747815168, 1, 780, 1265, 1246, 31, 9.71%, 7, 0, 5, 9.20
1747815184, 1, 781, 1265, 1246, 31, 9.71%, 7, 0, 5, 3.08
1747815194, 1, 782, 1265, 1246, 31, 9.71%, 7, 0, 5, 4.86
1747815205, 1, 783, 1265, 1246, 31, 9.71%, 7, 0, 5, 4.81
1747815221, 1, 784, 1265, 1246, 31, 9.71%, 7, 0, 5, 5.45
1747815237, 1, 785, 1265, 1246, 31, 9.71%, 7, 0, 5, 4.93
1747815247, 1, 786, 1265, 1246, 31, 9.71%, 7, 0, 5, 5.78
1747815257, 1, 787, 1265, 1246, 31, 9.71%, 7, 0, 5, 5.88
1747815268, 1, 788, 1265, 1246, 31, 9.71%, 7, 0, 5, 5.82
1747815279, 1, 789, 1265, 1246, 31, 9.71%, 7, 0, 5, 5.99
1747815290, 1, 790, 1265, 1246, 31, 9.71%, 7, 0, 5, 5.59
1747815300, 1, 791, 1265, 1246, 31, 9.71%, 7, 0, 5, 5.84
1747815311, 1, 792, 1265, 1246, 31, 9.71%, 7, 0, 5, 5.18
1747815321, 1, 793, 1265, 1246, 31, 9.71%, 7, 0, 5, 6.38
1747815331, 1, 796, 1265, 1246, 31, 9.71%, 7, 0, 5, 6.57
1747815342, 1, 797, 1265, 1246, 31, 9.71%, 7, 0, 5, 5.38
1747815352, 1, 798, 1265, 1246, 31, 9.71%, 7, 0, 5, 5.96
1747815362, 1, 799, 1265, 1246, 31, 9.71%, 7, 0, 5, 4.90
1747815394, 1, 799, 1266, 1247, 31, 9.71%, 7, 0, 5, 2.72
1747815510, 1, 799, 1267, 1248, 31, 9.71%, 7, 0, 5, 2.07
1747815532, 1, 799, 1268, 1249, 31, 9.71%, 7, 0, 5, 2.03
1747815998, 1, 799, 1269, 1250, 31, 9.71%, 7, 0, 5, 2.08
1747817097, 1, 800, 1269, 1249, 31, 9.71%, 7, 0, 5, 6.03
1747817108, 1, 802, 1269, 1249, 31, 9.71%, 7, 0, 5, 3.71
1747817118, 1, 804, 1269, 1249, 31, 9.71%, 7, 0, 5, 4.88
1747817129, 1, 805, 1269, 1249, 31, 9.71%, 7, 0, 5, 5.96
1747817145, 1, 806, 1269, 1249, 31, 9.71%, 7, 0, 5, 5.95
1747817150, 1, 807, 1269, 1249, 31, 9.71%, 7, 0, 5, 6.13
1747817161, 1, 810, 1269, 1249, 31, 9.71%, 7, 0, 5, 5.80
1747817176, 1, 811, 1269, 1249, 31, 9.71%, 7, 0, 5, 4.91
1747817187, 1, 812, 1269, 1249, 31, 9.71%, 7, 0, 5, 5.16
1747817197, 1, 815, 1269, 1249, 31, 9.71%, 7, 0, 5, 6.21
1747817208, 1, 816, 1269, 1249, 31, 9.71%, 7, 0, 5, 6.17
1747817218, 1, 817, 1269, 1249, 31, 9.71%, 7, 0, 5, 7.55
1747817223, 1, 818, 1269, 1249, 31, 9.71%, 7, 0, 5, 7.42
1747817233, 1, 819, 1269, 1249, 31, 9.71%, 7, 0, 5, 6.82
1747817244, 1, 820, 1269, 1249, 31, 9.71%, 7, 0, 5, 1.15
1747817255, 1, 821, 1269, 1249, 31, 9.71%, 7, 0, 5, 6.02
1747817265, 1, 822, 1269, 1249, 31, 9.71%, 7, 0, 5, 5.22
1747817276, 1, 823, 1269, 1249, 31, 9.71%, 7, 0, 5, 5.46
1747817286, 1, 824, 1269, 1249, 31, 9.71%, 7, 0, 5, 5.27
1747817296, 1, 825, 1269, 1249, 31, 9.71%, 7, 0, 5, 5.78
1747817312, 1, 826, 1269, 1249, 31, 9.71%, 7, 0, 5, 4.65
1747817322, 1, 828, 1269, 1249, 31, 9.71%, 7, 0, 5, 6.39
1747817332, 1, 829, 1269, 1249, 31, 9.71%, 7, 0, 5, 5.46
1747817343, 1, 830, 1269, 1249, 31, 9.71%, 7, 0, 5, 5.53
1747817354, 1, 831, 1269, 1249, 31, 9.71%, 7, 0, 5, 5.50
1747817369, 1, 832, 1269, 1249, 31, 9.71%, 7, 0, 5, 5.45
1747817379, 1, 833, 1269, 1249, 31, 9.71%, 7, 0, 5, 2.06
1747817390, 1, 834, 1269, 1249, 31, 9.71%, 7, 0, 5, 5.59
1747817400, 1, 835, 1269, 1249, 31, 9.71%, 7, 0, 5, 5.36
1747817410, 1, 838, 1269, 1249, 31, 9.71%, 7, 0, 5, 4.88
1747817421, 1, 839, 1269, 1249, 31, 9.71%, 7, 0, 5, 5.51
1747817431, 1, 840, 1269, 1249, 31, 9.71%, 7, 0, 5, 5.54
1747817441, 1, 841, 1269, 1249, 31, 9.71%, 7, 0, 5, 5.26
1747817452, 1, 842, 1269, 1249, 31, 9.71%, 7, 0, 5, 6.15
1747817462, 1, 844, 1269, 1249, 31, 9.71%, 7, 0, 5, 6.16
1747817473, 1, 845, 1269, 1249, 31, 9.71%, 7, 0, 5, 1.14
