ID;TotalTests;Skipped;Prefix;Approx;BatchCount;Level;Original: Length;Reduced: Length;Total Reduction %: Length;Original: Primary;Reduced: Primary;Total Reduction %: Primary;Original: Secondary;Reduced: Secondary;Total Reduction %: Secondary;Runtime;Average Test Runtime
600689;42;0;129;77;6;44;0.000000;0.000000;-nan;2970.000000;2970.000000;100.000000;0.000000;0.000000;-nan;        11s 649ms 242μs 495ns;                          0ns
60068d;46;0;119;77;6;43;0.000000;0.000000;-nan;2972.000000;2972.000000;100.000000;0.000000;0.000000;-nan;        11s 896ms 132μs 938ns;                          0ns
600697;100;8;179;137;8;43;45.000000;0.000000;0.000000;2972.000000;2972.000000;103.481894;0.000000;0.000000;-nan;        16s  13ms 333μs 275ns;                        -1128706296848720ns
6006a4;103;0;185;136;8;43;45.000000;0.000000;0.000000;2970.000000;2970.000000;103.017690;0.000000;0.000000;-nan;        16s 687ms 180μs 756ns;                        -1128713792515621ns
6006be;81;0;149;110;7;44;45.000000;0.000000;0.000000;2970.000000;2970.000000;103.196664;0.000000;0.000000;-nan;        15s 291ms 823μs 316ns;                        -1693062070816896ns
6006c6;79;8;141;112;7;44;45.000000;0.000000;0.000000;2970.000000;2970.000000;103.376262;0.000000;0.000000;-nan;        13s 895ms 794μs 278ns;                        -1693054086416395ns
6006d7;79;8;139;114;7;44;45.000000;0.000000;0.000000;2882.000000;2882.000000;100.000000;0.000000;0.000000;-nan;        14s 916ms 627μs 408ns;            264ms 375μs 984ns
6006e7;61;0;111;82;6;45;45.000000;45.000000;100.000000;2887.000000;2887.000000;100.000000;0.000000;0.000000;-nan;        14s 654ms 341μs 858ns;                          0ns
6006fd;75;0;122;91;7;43;45.000000;0.000000;0.000000;2972.000000;2972.000000;103.302051;0.000000;0.000000;-nan;        16s 323ms 730μs 962ns;                        -564352028112677ns
600721;176;0;211;177;12;53;161.000000;0.000000;0.000000;2999.000000;2999.000000;100.000000;0.000000;0.000000;-nan;        22s 553ms 289μs 420ns;                        -7901081611626768ns
17d7;33;0;27;32;6;9;11.000000;0.000000;0.000000;798.000000;798.000000;121.092564;0.000000;0.000000;-nan;         1s 103ms 151μs 600ns;                        -535691990879945ns
17dc;16;0;19;23;4;11;11.000000;11.000000;100.000000;968.000000;968.000000;100.000000;0.000000;0.000000;-nan;            818ms 945μs 235ns;                          0ns
17ed;8;0;2;2;2;4;4.000000;4.000000;100.000000;354.000000;354.000000;100.000000;0.000000;0.000000;-nan;            506ms 322μs 944ns;                          0ns
17fb;16;0;18;20;4;10;10.000000;10.000000;100.000000;967.000000;967.000000;100.000000;0.000000;0.000000;-nan;            782ms 107μs 101ns;                          0ns
1807;13;0;17;18;4;9;9.000000;9.000000;100.000000;657.000000;657.000000;100.000000;0.000000;0.000000;-nan;            812ms 546μs 803ns;                          0ns
1814;12;0;14;2;3;6;6.000000;6.000000;100.000000;352.000000;352.000000;100.000000;0.000000;0.000000;-nan;            610ms  56μs  26ns;                          0ns
181f;17;0;20;21;4;11;11.000000;11.000000;100.000000;655.000000;655.000000;100.000000;0.000000;0.000000;-nan;            801ms 376μs 281ns;                          0ns
1830;10;0;12;2;3;5;5.000000;5.000000;100.000000;351.000000;351.000000;100.000000;0.000000;0.000000;-nan;            707ms  97μs 253ns;                          0ns
1839;8;0;12;12;3;7;7.000000;7.000000;100.000000;660.000000;660.000000;100.000000;0.000000;0.000000;-nan;            713ms 137μs 365ns;                          0ns
1844;8;0;2;2;2;4;4.000000;4.000000;100.000000;353.000000;353.000000;100.000000;0.000000;0.000000;-nan;            755ms 724μs 194ns;                          0ns
603c46;54;0;112;82;6;44;0.000000;0.000000;-nan;2970.000000;2970.000000;100.000000;0.000000;0.000000;-nan;        11s 226ms 253μs 743ns;                          0ns
603c49;44;0;121;77;6;43;0.000000;0.000000;-nan;2972.000000;2972.000000;100.000000;0.000000;0.000000;-nan;        11s  68ms 430μs 529ns;                          0ns
603c51;86;0;141;113;7;44;45.000000;0.000000;0.000000;2972.000000;2972.000000;103.302051;0.000000;0.000000;-nan;        15s 762ms 134μs 295ns;                        -1128988492624051ns
603c68;101;0;183;140;8;43;45.000000;0.000000;0.000000;2970.000000;2970.000000;103.196664;0.000000;0.000000;-nan;        18s  70ms 581μs 807ns;                        -564499527585119ns
603c78;81;0;144;115;7;44;45.000000;0.000000;0.000000;2887.000000;2887.000000;100.522284;0.000000;0.000000;-nan;        16s 374ms 885μs 501ns;         1s 112ms 133μs 613ns
603c8b;82;0;150;108;7;44;45.000000;0.000000;0.000000;2873.000000;2873.000000;100.000000;0.000000;0.000000;-nan;        17s 324ms 225μs 324ns;            605ms 689μs 787ns
603c98;82;0;148;110;7;44;45.000000;0.000000;0.000000;2868.000000;2868.000000;100.000000;0.000000;0.000000;-nan;        17s 477ms 807μs 296ns;            517ms 221μs 592ns
603ca9;147;0;209;134;12;51;0.000000;0.000000;-nan;2999.000000;2999.000000;100.000000;0.000000;0.000000;-nan;        22s 236ms 996μs 709ns;                        -6209525945358621ns
603cbc;81;0;152;107;7;44;45.000000;0.000000;0.000000;2970.000000;2970.000000;103.017690;0.000000;0.000000;-nan;        17s  19ms  25μs 585ns;                        -564496420907204ns
603ccb;84;0;144;112;7;44;45.000000;0.000000;0.000000;2882.000000;2882.000000;100.000000;0.000000;0.000000;-nan;        17s 743ms 982μs 417ns;            675ms 632μs 722ns
3e76;12;0;35;21;4;14;14.000000;14.000000;100.000000;1150.000000;1150.000000;100.000000;0.000000;0.000000;-nan;            751ms 687μs 165ns;                          0ns
3e7b;25;0;40;41;6;11;13.000000;0.000000;0.000000;996.000000;996.000000;99.899699;0.000000;0.000000;-nan;         1s 289ms 283μs 265ns;            121ms 331μs 983ns
3e88;19;0;28;27;4;15;15.000000;15.000000;100.000000;1146.000000;1146.000000;100.000000;0.000000;0.000000;-nan;            830ms 303μs 246ns;                          0ns
3e93;24;0;30;42;5;17;17.000000;17.000000;100.000000;1147.000000;1147.000000;100.000000;0.000000;0.000000;-nan;         1s  29ms 218μs 987ns;                          0ns
3ea3;16;0;27;25;4;14;14.000000;14.000000;100.000000;1166.000000;1166.000000;100.000000;0.000000;0.000000;-nan;         1s  29ms 837μs 706ns;                          0ns
3eb8;18;0;33;23;4;15;15.000000;15.000000;100.000000;998.000000;998.000000;100.000000;0.000000;0.000000;-nan;            965ms 811μs 263ns;                          0ns
3eca;88;0;32;84;7;21;24.000000;0.000000;0.000000;1701.000000;1701.000000;100.413223;0.000000;0.000000;-nan;         2s 259ms 628μs 402ns;         1s 250ms 912μs 289ns
3ed5;19;0;28;27;4;15;15.000000;15.000000;100.000000;1151.000000;1151.000000;100.000000;0.000000;0.000000;-nan;            943ms 893μs 454ns;                          0ns
3eda;14;0;24;26;4;13;13.000000;13.000000;100.000000;1000.000000;1000.000000;100.000000;0.000000;0.000000;-nan;            762ms 185μs 578ns;                          0ns
3ee4;19;0;30;25;4;15;15.000000;15.000000;100.000000;1230.000000;1230.000000;100.000000;0.000000;0.000000;-nan;            914ms 939μs 606ns;                          0ns
622d;57;0;46;65;6;23;24.000000;0.000000;0.000000;1881.000000;1881.000000;100.000000;0.000000;0.000000;-nan;         6s 330ms 231μs 221ns;            122ms 655μs 221ns
6231;108;0;33;93;7;28;30.000000;0.000000;0.000000;1764.000000;1764.000000;100.227273;0.000000;0.000000;-nan;         9s 467ms 383μs 262ns;         1s  63ms 139μs 611ns
6242;98;8;60;106;8;30;33.000000;0.000000;0.000000;1878.000000;1878.000000;100.000000;0.000000;0.000000;-nan;         9s  97ms 335μs 902ns;            386ms 291μs 669ns
6250;94;0;47;103;7;26;28.000000;0.000000;0.000000;1883.000000;1883.000000;102.839978;0.000000;0.000000;-nan;         9s 507ms 359μs 742ns;            787ms 201μs 895ns
625d;89;0;56;105;8;21;24.000000;0.000000;0.000000;1701.000000;1701.000000;100.000000;0.000000;0.000000;-nan;         9s 650ms 773μs 659ns;         1s   4ms 882μs 222ns
6268;56;8;38;66;6;23;24.000000;0.000000;0.000000;1890.000000;1890.000000;100.000000;0.000000;0.000000;-nan;         5s 845ms  38μs 294ns;            121ms 212μs 157ns
6279;94;0;56;110;8;22;25.000000;0.000000;0.000000;1698.000000;1698.000000;99.941142;0.000000;0.000000;-nan;         9s 745ms 897μs 442ns;         1s 996ms  68μs 152ns
6290;71;0;50;85;7;21;25.000000;0.000000;0.000000;1701.000000;1701.000000;100.176678;0.000000;0.000000;-nan;         8s 610ms  16μs 255ns;         1s 491ms  22μs 134ns
62a3;62;0;33;67;6;21;22.000000;0.000000;0.000000;1697.000000;1697.000000;100.000000;0.000000;0.000000;-nan;         7s 443ms 262μs 844ns;            123ms 779μs 222ns
62b4;60;0;38;70;6;22;23.000000;0.000000;0.000000;1700.000000;1700.000000;100.000000;0.000000;0.000000;-nan;         7s 557ms 957μs 462ns;            271ms 471μs 500ns
3062e1;13;0;23;22;4;11;11.000000;11.000000;100.000000;656.000000;656.000000;100.000000;0.000000;0.000000;-nan;            628ms 926μs 957ns;                          0ns
3062e9;26;0;19;25;6;8;11.000000;0.000000;0.000000;659.000000;659.000000;99.697428;0.000000;0.000000;-nan;            904ms 874μs 709ns;             83ms 822μs 682ns
3062f8;11;0;26;11;4;9;9.000000;9.000000;100.000000;659.000000;659.000000;100.000000;0.000000;0.000000;-nan;            565ms 198μs 632ns;                          0ns
306304;12;0;22;14;4;9;9.000000;9.000000;100.000000;660.000000;660.000000;100.000000;0.000000;0.000000;-nan;            583ms 489μs 336ns;                          0ns
306311;5;0;5;2;2;4;4.000000;4.000000;100.000000;353.000000;353.000000;100.000000;0.000000;0.000000;-nan;            500ms 171μs 855ns;                          0ns
30631d;7;0;11;14;3;7;7.000000;7.000000;100.000000;657.000000;657.000000;100.000000;0.000000;0.000000;-nan;            442ms 654μs 191ns;                          0ns
306326;7;0;2;3;2;4;4.000000;4.000000;100.000000;350.000000;350.000000;100.000000;0.000000;0.000000;-nan;            537ms 913μs 990ns;                          0ns
306333;6;0;2;4;2;4;4.000000;4.000000;100.000000;349.000000;349.000000;100.000000;0.000000;0.000000;-nan;            546ms 265μs 103ns;                          0ns
306340;6;0;8;10;3;5;5.000000;5.000000;100.000000;351.000000;351.000000;100.000000;0.000000;0.000000;-nan;            558ms 476μs 538ns;                          0ns
306350;4;0;14;6;3;5;5.000000;5.000000;100.000000;348.000000;348.000000;100.000000;0.000000;0.000000;-nan;            481ms 250μs 289ns;                          0ns
606be3;78;0;143;111;7;43;0.000000;0.000000;-nan;2972.000000;2972.000000;100.000000;0.000000;0.000000;-nan;        15s 723ms 798μs 275ns;                        -564612826173919ns
606be7;42;0;129;77;6;44;0.000000;0.000000;-nan;2970.000000;2970.000000;100.000000;0.000000;0.000000;-nan;        11s 358ms 485μs  22ns;                          0ns
606bee;101;8;172;143;8;43;45.000000;0.000000;0.000000;2972.000000;2972.000000;103.302051;0.000000;0.000000;-nan;        16s 842ms 291μs 955ns;                        -1129225039474229ns
606c04;82;0;145;113;7;44;45.000000;0.000000;0.000000;2972.000000;2972.000000;103.481894;0.000000;0.000000;-nan;        15s 963ms 754μs 565ns;                        -564613134389612ns
606c11;232;0;258;210;16;49;162.000000;0.000000;0.000000;2999.000000;2999.000000;100.000000;0.000000;0.000000;-nan;        25s 827ms 167μs 812ns;                        -11292482576268329ns
606c24;82;0;145;113;7;44;45.000000;0.000000;0.000000;2887.000000;2887.000000;100.000000;0.000000;0.000000;-nan;        16s 976ms 732μs 877ns;            256ms 196μs 462ns
606c35;104;0;184;136;8;43;45.000000;0.000000;0.000000;2970.000000;2970.000000;103.196664;0.000000;0.000000;-nan;        17s 724ms  31μs 534ns;                        -564618937075076ns
606c3e;58;0;115;81;6;45;45.000000;45.000000;100.000000;2873.000000;2873.000000;100.000000;0.000000;0.000000;-nan;        15s 118ms 739μs 772ns;                          0ns
606c4a;81;0;152;107;7;44;45.000000;0.000000;0.000000;2970.000000;2970.000000;103.017690;0.000000;0.000000;-nan;        17s  72ms 149μs 609ns;                        -564615670417566ns
606c59;61;0;113;80;6;45;45.000000;45.000000;100.000000;2882.000000;2882.000000;100.000000;0.000000;0.000000;-nan;        15s 447ms 874μs 443ns;                          0ns
8886;74;0;54;90;7;23;25.000000;0.000000;0.000000;1890.000000;1890.000000;100.105932;0.000000;0.000000;-nan;         8s 768ms 974μs 576ns;            576ms 618μs 900ns
8889;57;0;47;70;6;24;25.000000;0.000000;0.000000;1890.000000;1890.000000;100.531915;0.000000;0.000000;-nan;         7s  16ms 542μs 484ns;            440ms 916μs 300ns
8896;85;0;54;97;7;25;27.000000;0.000000;0.000000;1879.000000;1879.000000;102.509547;0.000000;0.000000;-nan;         9s 248ms 928μs 829ns;            878ms  84μs 375ns
88a5;86;0;53;97;7;25;27.000000;0.000000;0.000000;1760.000000;1760.000000;100.113766;0.000000;0.000000;-nan;         8s 879ms 955μs 289ns;            637ms  77μs  74ns
88b5;61;0;42;71;6;24;25.000000;0.000000;0.000000;1878.000000;1878.000000;100.000000;0.000000;0.000000;-nan;         7s 479ms 277μs 557ns;            301ms 387μs 196ns
88c2;69;0;41;70;6;25;26.000000;0.000000;0.000000;1883.000000;1883.000000;100.000000;0.000000;0.000000;-nan;         8s 650ms 558μs 378ns;            239ms   5μs 566ns
88d5;55;0;48;65;6;23;24.000000;0.000000;0.000000;1881.000000;1881.000000;100.000000;0.000000;0.000000;-nan;         7s 339ms 332μs 639ns;            177ms 393μs 996ns
88dd;78;0;44;86;6;29;30.000000;0.000000;0.000000;2153.000000;2153.000000;122.260080;0.000000;0.000000;-nan;         7s 706ms 982μs 955ns;         1s 280ms 829μs 369ns
88ef;59;0;47;68;6;24;25.000000;0.000000;0.000000;1889.000000;1889.000000;100.000000;0.000000;0.000000;-nan;         7s 527ms 239μs 143ns;            491ms 441μs 443ns
88fc;97;0;57;116;8;23;26.000000;0.000000;0.000000;1890.000000;1890.000000;100.000000;0.000000;0.000000;-nan;         9s 291ms  61μs 753ns;            823ms 639μs  11ns
609cd8;47;3;119;79;6;44;0.000000;0.000000;-nan;2972.000000;2972.000000;100.000000;0.000000;0.000000;-nan;         9s 184ms 520μs 216ns;                          0ns
609cdb;43;0;128;77;6;44;0.000000;0.000000;-nan;2970.000000;2970.000000;100.000000;0.000000;0.000000;-nan;        12s 733ms 499μs  60ns;                          0ns
609ce5;83;0;149;108;7;44;45.000000;0.000000;0.000000;2878.000000;2878.000000;100.000000;0.000000;0.000000;-nan;        16s 495ms 899μs 598ns;            388ms 401μs 222ns
609cfc;81;0;149;110;7;44;45.000000;0.000000;0.000000;2882.000000;2882.000000;100.000000;0.000000;0.000000;-nan;        16s 229ms 642μs 977ns;            583ms 503μs  90ns
609d08;80;0;147;113;7;44;45.000000;0.000000;0.000000;2873.000000;2873.000000;100.000000;0.000000;0.000000;-nan;        16s 813ms 961μs 992ns;            685ms 513μs 219ns
609d19;81;0;144;115;7;44;45.000000;0.000000;0.000000;2972.000000;2972.000000;103.302051;0.000000;0.000000;-nan;        16s 693ms 973μs 522ns;                        -1694268450748739ns
609d28;81;0;145;114;7;44;45.000000;0.000000;0.000000;2872.000000;2872.000000;100.000000;0.000000;0.000000;-nan;        17s  82ms 322μs 499ns;            256ms 338μs   2ns
609d39;85;0;142;113;7;44;45.000000;0.000000;0.000000;2972.000000;2972.000000;102.944233;0.000000;0.000000;-nan;        17s 355ms 720μs 892ns;                        -564758267335752ns
609d4a;82;1;148;109;7;44;45.000000;0.000000;0.000000;2970.000000;2970.000000;103.017690;0.000000;0.000000;-nan;        15s 898ms 831μs 410ns;                        -564753578983028ns
609d60;173;0;192;159;13;52;160.000000;0.000000;0.000000;2999.000000;2999.000000;100.000000;0.000000;0.000000;-nan;        22s 911ms  83μs 191ns;                        -7341917476387294ns
adbd;56;0;47;65;6;23;24.000000;0.000000;0.000000;1886.000000;1886.000000;100.000000;0.000000;0.000000;-nan;         6s 730ms 105μs 571ns;            123ms 665μs 738ns
adc2;91;0;53;100;7;26;28.000000;0.000000;0.000000;2048.000000;2048.000000;100.048852;0.000000;0.000000;-nan;         8s 301ms 132μs 652ns;            918ms 202μs 105ns
add5;74;0;55;89;7;23;25.000000;0.000000;0.000000;1890.000000;1890.000000;100.105932;0.000000;0.000000;-nan;         8s  33ms 922μs 258ns;            526ms 462μs 445ns
adec;57;0;46;65;6;23;24.000000;0.000000;0.000000;1883.000000;1883.000000;100.000000;0.000000;0.000000;-nan;         7s 150ms  90μs 271ns;            346ms 768μs 706ns
adfa;58;0;48;68;6;24;25.000000;0.000000;0.000000;1884.000000;1884.000000;100.000000;0.000000;0.000000;-nan;         7s 646ms 372μs 466ns;            254ms 160μs 792ns
ae10;75;0;60;83;7;23;25.000000;0.000000;0.000000;1881.000000;1881.000000;100.106440;0.000000;0.000000;-nan;         8s 134ms 296μs 725ns;            891ms 262μs 702ns
ae1f;58;0;45;71;6;24;25.000000;0.000000;0.000000;1889.000000;1889.000000;100.000000;0.000000;0.000000;-nan;         6s 842ms 588μs 504ns;            307ms 337μs 609ns
ae32;54;0;47;67;6;23;24.000000;0.000000;0.000000;1890.000000;1890.000000;100.000000;0.000000;0.000000;-nan;         7s 544ms 435μs 499ns;            130ms 412μs 654ns
ae45;69;0;50;81;6;28;29.000000;0.000000;0.000000;2048.000000;2048.000000;100.000000;0.000000;0.000000;-nan;         7s 787ms 132μs 873ns;            463ms 892μs 649ns
ae56;58;0;48;68;6;24;25.000000;0.000000;0.000000;1889.000000;1889.000000;100.425306;0.000000;0.000000;-nan;         7s 917ms 833μs 625ns;            485ms 220μs 358ns
60cc31;43;0;125;74;6;43;0.000000;0.000000;-nan;2970.000000;2970.000000;100.000000;0.000000;0.000000;-nan;        15s 680ms 372μs 769ns;                          0ns
60cc34;47;0;120;81;6;44;0.000000;0.000000;-nan;2972.000000;2972.000000;100.000000;0.000000;0.000000;-nan;        14s 940ms 562μs 578ns;                          0ns
60cc3a;305;31;275;301;15;51;0.000000;0.000000;-nan;2999.000000;2999.000000;100.000000;0.000000;0.000000;-nan;        26s 347ms 883μs 169ns;                        -35022490201489737ns
60cc4d;82;0;147;111;7;44;45.000000;0.000000;0.000000;2883.000000;2883.000000;100.000000;0.000000;0.000000;-nan;        19s 742ms 511μs 414ns;            675ms 932μs 314ns
60cc5f;79;8;140;113;7;44;45.000000;0.000000;0.000000;2877.000000;2877.000000;100.000000;0.000000;0.000000;-nan;        17s 897ms 375μs 323ns;            521ms 106μs 938ns
60cc6e;79;0;146;115;7;44;45.000000;0.000000;0.000000;2872.000000;2872.000000;100.000000;0.000000;0.000000;-nan;        19s 741ms 870μs 720ns;            310ms 108μs 668ns
60cc78;59;0;115;80;6;45;45.000000;45.000000;100.000000;2882.000000;2882.000000;100.000000;0.000000;0.000000;-nan;        16s 491ms 204μs  12ns;                          0ns
60cc91;80;0;151;109;7;44;45.000000;0.000000;0.000000;2878.000000;2878.000000;100.000000;0.000000;0.000000;-nan;        19s 741ms 151μs 223ns;            263ms 275μs 352ns
60cca2;81;0;146;113;7;44;45.000000;0.000000;0.000000;2970.000000;2970.000000;103.376262;0.000000;0.000000;-nan;        19s 740ms 866μs 210ns;                        -564879153713575ns
60ccae;83;0;144;113;7;44;45.000000;0.000000;0.000000;2972.000000;2972.000000;102.944233;0.000000;0.000000;-nan;        19s 748ms 193μs 869ns;                        -564880043786465ns
d1e8;64;0;58;72;6;27;28.000000;0.000000;0.000000;2047.000000;2047.000000;100.000000;0.000000;0.000000;-nan;         7s 706ms 422μs 521ns;            365ms  30μs 699ns
d1ec;86;0;70;96;7;27;29.000000;0.000000;0.000000;2186.000000;2186.000000;100.000000;0.000000;0.000000;-nan;        10s 299ms 163μs 209ns;                        -1607573064710730ns
d1f6;73;0;46;63;7;26;30.000000;0.000000;0.000000;2048.000000;2048.000000;103.748734;0.000000;0.000000;-nan;        10s 276ms 556μs  87ns;            341ms 985μs 979ns
d1ff;66;0;56;78;6;28;29.000000;0.000000;0.000000;2186.000000;2186.000000;101.627150;0.000000;0.000000;-nan;         7s 816ms 558μs 454ns;                        -535857702757828ns
d20f;125;0;67;130;8;36;39.000000;0.000000;0.000000;2855.000000;2855.000000;100.000000;0.000000;0.000000;-nan;        12s 602ms 496μs 831ns;         1s 741ms 888μs 444ns
d21d;105;0;82;113;8;33;36.000000;0.000000;0.000000;2495.000000;2495.000000;100.080225;0.000000;0.000000;-nan;        12s 561ms 551μs 863ns;            478ms 205μs 472ns
d228;106;0;88;96;9;30;37.000000;0.000000;0.000000;2651.000000;2651.000000;99.886963;0.000000;0.000000;-nan;        12s 948ms 833μs 551ns;            852ms 452μs 547ns
d22f;116;0;89;121;9;30;37.000000;0.000000;0.000000;2409.000000;2409.000000;100.000000;0.000000;0.000000;-nan;        13s 109ms 340μs 666ns;         1s 361ms 207μs 809ns
d23b;63;0;51;74;6;26;27.000000;0.000000;0.000000;2048.000000;2048.000000;100.000000;0.000000;0.000000;-nan;         7s 617ms 788μs 239ns;            300ms 839μs 403ns
d241;69;0;39;80;6;26;27.000000;0.000000;0.000000;2049.000000;2049.000000;100.000000;0.000000;0.000000;-nan;         7s 996ms 108μs 266ns;            274ms 272μs 573ns
f9cf;163;0;114;183;9;38;41.000000;0.000000;0.000000;2655.000000;2655.000000;100.000000;0.000000;0.000000;-nan;        15s  53ms 523μs 417ns;         1s 815ms 647μs 754ns
f9d5;62;0;91;83;7;41;0.000000;0.000000;-nan;3525.000000;3525.000000;100.000000;0.000000;0.000000;-nan;        10s 499ms  64μs 596ns;                        -535912772966236ns
f9e0;165;0;175;214;12;38;170.000000;0.000000;0.000000;3556.000000;3556.000000;100.000000;0.000000;0.000000;-nan;        16s 380ms 332μs  29ns;                        -8574794368211012ns
f9ea;72;0;85;97;7;32;33.000000;0.000000;0.000000;2653.000000;2653.000000;100.000000;0.000000;0.000000;-nan;        11s 126ms  48μs 764ns;            406ms 852μs 785ns
f9f7;82;0;93;97;8;30;33.000000;0.000000;0.000000;2653.000000;2653.000000;100.037707;0.000000;0.000000;-nan;        13s 604ms 251μs 227ns;            458ms 756μs 687ns
fa01;95;0;106;131;8;33;35.000000;0.000000;0.000000;2650.000000;2650.000000;100.000000;0.000000;0.000000;-nan;        13s 482ms 621μs 191ns;            743ms 755μs 538ns
fa09;75;0;85;102;7;33;34.000000;0.000000;0.000000;2654.000000;2654.000000;100.000000;0.000000;0.000000;-nan;        12s 423ms 122μs 630ns;            205ms 103μs  22ns
fa12;62;0;57;65;6;30;31.000000;0.000000;0.000000;2651.000000;2651.000000;100.000000;0.000000;0.000000;-nan;         7s 241ms  98μs 938ns;            431ms 270μs  82ns
fa1b;73;0;90;89;7;37;39.000000;0.000000;0.000000;2855.000000;2855.000000;100.000000;0.000000;0.000000;-nan;        12s 479ms 535μs 291ns;            237ms 821μs 476ns
fa2a;101;0;82;121;7;39;40.000000;0.000000;0.000000;2657.000000;2657.000000;100.000000;0.000000;0.000000;-nan;        13s 545ms 434μs 813ns;            705ms 370μs 331ns
60fd6f;47;0;120;81;6;44;0.000000;0.000000;-nan;2972.000000;2972.000000;100.000000;0.000000;0.000000;-nan;        13s 505ms 436μs 843ns;                          0ns
60fd73;83;0;146;111;7;44;45.000000;0.000000;0.000000;2972.000000;2972.000000;103.122831;0.000000;0.000000;-nan;        18s 904ms 555μs  66ns;                        -565013952312803ns
60fd82;106;0;178;150;8;44;46.000000;0.000000;0.000000;2873.000000;2873.000000;100.000000;0.000000;0.000000;-nan;        21s 665ms 790μs 383ns;         1s 362ms 395μs 912ns
60fd92;100;0;182;142;8;43;45.000000;0.000000;0.000000;2970.000000;2970.000000;103.556485;0.000000;0.000000;-nan;        21s 466ms 568μs 694ns;                        -1130031779509631ns
60fda3;83;0;145;112;7;44;45.000000;0.000000;0.000000;2972.000000;2972.000000;103.662365;0.000000;0.000000;-nan;        19s 110ms 184μs 261ns;                        -565014909749000ns
60fdb0;80;0;142;118;7;44;45.000000;0.000000;0.000000;2872.000000;2872.000000;100.000000;0.000000;0.000000;-nan;        19s 373ms 542μs  84ns;            312ms 280μs 757ns
60fdc4;101;0;182;141;8;43;45.000000;0.000000;0.000000;2970.000000;2970.000000;103.017690;0.000000;0.000000;-nan;        21s 940ms  18μs 833ns;                        -1130041121543545ns
60fdcb;104;0;184;136;8;43;45.000000;0.000000;0.000000;2970.000000;2970.000000;103.196664;0.000000;0.000000;-nan;        21s 865ms 274μs 407ns;                        -1130040262667783ns
60fddf;72;0;124;78;7;52;0.000000;0.000000;-nan;2999.000000;2999.000000;100.000000;0.000000;0.000000;-nan;        19s 989ms  65μs  64ns;                        -565007379573830ns
60fde6;102;0;178;144;8;43;45.000000;0.000000;0.000000;2972.000000;2972.000000;103.302051;0.000000;0.000000;-nan;        21s 291ms 125μs 635ns;                        -1130030580434834ns
612e24;47;0;120;81;6;44;0.000000;0.000000;-nan;2972.000000;2972.000000;100.000000;0.000000;0.000000;-nan;        12s 526ms 357μs 134ns;                          0ns
612e29;41;8;120;73;6;43;0.000000;0.000000;-nan;2970.000000;2970.000000;100.000000;0.000000;0.000000;-nan;         7s 628ms 929μs 923ns;                          0ns
612e32;103;0;178;143;8;43;45.000000;0.000000;0.000000;2972.000000;2972.000000;103.302051;0.000000;0.000000;-nan;        17s 654ms 824μs 198ns;                        -2260766381892672ns
612e5c;81;0;153;106;7;44;45.000000;0.000000;0.000000;2970.000000;2970.000000;103.017690;0.000000;0.000000;-nan;        15s 312ms 509μs 681ns;                        -565188888696150ns
612e72;81;0;146;113;7;44;45.000000;0.000000;0.000000;2972.000000;2972.000000;102.944233;0.000000;0.000000;-nan;        16s 528ms 297μs 814ns;                        -1695574296857623ns
612e83;84;3;142;111;7;44;45.000000;0.000000;0.000000;2972.000000;2972.000000;103.122831;0.000000;0.000000;-nan;        15s  95ms 896μs 985ns;                        -1695566519820247ns
612e94;81;0;146;113;7;44;45.000000;0.000000;0.000000;2878.000000;2878.000000;100.000000;0.000000;0.000000;-nan;        16s 681ms 533μs 317ns;            547ms 610μs 806ns
612eab;82;0;143;115;7;44;45.000000;0.000000;0.000000;2972.000000;2972.000000;103.481894;0.000000;0.000000;-nan;        16s 906ms 573μs 282ns;                        -565192708896917ns
612ebe;81;0;146;113;7;44;45.000000;0.000000;0.000000;2970.000000;2970.000000;103.376262;0.000000;0.000000;-nan;        17s  86ms 464μs 362ns;                        -565193574202635ns
612ec9;181;0;227;112;14;50;151.000000;0.000000;0.000000;2999.000000;2999.000000;100.000000;0.000000;0.000000;-nan;        23s 468ms 981μs 524ns;                        -11304015804097313ns
1359c;83;0;113;128;8;32;34.000000;0.000000;0.000000;2652.000000;2652.000000;99.849398;0.000000;0.000000;-nan;        10s 998ms 340μs 836ns;            629ms 492μs 392ns
1359f;71;0;101;112;7;36;37.000000;0.000000;0.000000;2744.000000;2744.000000;100.000000;0.000000;0.000000;-nan;         9s 489ms 427μs 707ns;            490ms  54μs 324ns
135ad;1382;0;834;1702;41;38;143.000000;0.000000;0.000000;3554.000000;3554.000000;99.943757;0.000000;0.000000;-nan;     1m  2s 123ms 585μs 431ns;                        -331793370215441791ns
135ba;35;0;50;39;5;32;32.000000;32.000000;100.000000;2652.000000;2652.000000;100.000000;0.000000;0.000000;-nan;         5s  87ms 519μs 166ns;                          0ns
135c7;76;8;68;88;7;35;37.000000;0.000000;0.000000;2855.000000;2855.000000;99.929996;0.000000;0.000000;-nan;         8s 687ms 820μs 790ns;            438ms 792μs 587ns
135d4;69;2;97;74;8;42;0.000000;0.000000;-nan;3525.000000;3525.000000;100.000000;0.000000;0.000000;-nan;        10s 673ms  98μs 850ns;                        -1071962309270203ns
135ec;77;0;118;119;8;31;33.000000;0.000000;0.000000;2653.000000;2653.000000;100.075443;0.000000;0.000000;-nan;        11s  99ms 834μs 471ns;         1s 341ms 869μs 111ns
135fa;57;0;103;102;7;33;34.000000;0.000000;0.000000;2654.000000;2654.000000;100.000000;0.000000;0.000000;-nan;         9s 805ms 200μs 614ns;            333ms 837μs 211ns
13603;88;0;77;113;7;35;36.000000;0.000000;0.000000;2855.000000;2855.000000;100.000000;0.000000;0.000000;-nan;        10s 415ms 668μs 708ns;            271ms 309μs 208ns
1360f;62;0;94;98;7;32;33.000000;0.000000;0.000000;2653.000000;2653.000000;100.000000;0.000000;0.000000;-nan;        10s 437ms 547μs 781ns;            509ms 977μs 679ns
616423;54;0;114;80;6;44;0.000000;0.000000;-nan;2972.000000;2972.000000;100.000000;0.000000;0.000000;-nan;        12s 652ms 320μs 268ns;                          0ns
616426;41;8;118;81;6;44;0.000000;0.000000;-nan;2970.000000;2970.000000;100.000000;0.000000;0.000000;-nan;         9s 619ms 239μs 335ns;                          0ns
616431;85;0;142;113;7;44;45.000000;0.000000;0.000000;2887.000000;2887.000000;100.000000;0.000000;0.000000;-nan;        17s 831ms 435μs 375ns;            574ms 668μs 502ns
616449;110;0;178;146;8;44;46.000000;0.000000;0.000000;2877.000000;2877.000000;100.000000;0.000000;0.000000;-nan;        18s 148ms 293μs 960ns;         1s  17ms 152μs 427ns
61645a;81;0;146;113;7;44;45.000000;0.000000;0.000000;2970.000000;2970.000000;103.376262;0.000000;0.000000;-nan;        17s  21ms 399μs 536ns;                        -565360730419001ns
616468;79;8;141;112;7;44;45.000000;0.000000;0.000000;2883.000000;2883.000000;100.000000;0.000000;0.000000;-nan;        15s 804ms  27μs 650ns;            543ms 907μs 429ns
616479;84;0;143;113;7;44;45.000000;0.000000;0.000000;2972.000000;2972.000000;103.122831;0.000000;0.000000;-nan;        17s 543ms  21μs  60ns;                        -1130724211228273ns
61648b;83;0;144;113;7;44;45.000000;0.000000;0.000000;2972.000000;2972.000000;103.481894;0.000000;0.000000;-nan;        18s  68ms  21μs 890ns;                        -565363343596600ns
6164a9;80;0;147;113;7;44;45.000000;0.000000;0.000000;2878.000000;2878.000000;100.000000;0.000000;0.000000;-nan;        17s 305ms 886μs 709ns;            294ms 460μs 337ns
6164ba;245;0;303;216;16;50;163.000000;0.000000;0.000000;2999.000000;2999.000000;100.000000;0.000000;0.000000;-nan;        26s 727ms 149μs 130ns;                        -15830421620322051ns
17871;80;0;96;102;7;35;36.000000;0.000000;0.000000;2868.000000;2868.000000;100.000000;0.000000;0.000000;-nan;        13s 894ms 496μs 974ns;            201ms 930μs 436ns
17876;87;0;78;113;7;35;36.000000;0.000000;0.000000;2841.000000;2841.000000;100.000000;0.000000;0.000000;-nan;        11s 600ms 162μs 140ns;            642ms 675μs 478ns
1787f;111;0;99;136;8;39;42.000000;0.000000;0.000000;2855.000000;2855.000000;99.964986;0.000000;0.000000;-nan;        15s 131ms 327μs  35ns;            656ms 379μs 296ns
1788d;61;0;93;86;7;35;37.000000;0.000000;0.000000;2656.000000;2656.000000;100.000000;0.000000;0.000000;-nan;        12s   1ms 322μs  62ns;            311ms 353μs 449ns
17899;88;0;97;125;7;40;41.000000;0.000000;0.000000;2855.000000;2855.000000;100.528169;0.000000;0.000000;-nan;        12s 687ms 988μs  53ns;         1s  79ms 994μs  49ns
178a8;134;0;149;171;10;31;35.000000;0.000000;0.000000;2652.000000;2652.000000;99.887006;0.000000;0.000000;-nan;        15s 785ms 819μs 190ns;         1s 642ms 728μs  13ns
178b9;159;0;150;111;14;36;0.000000;0.000000;-nan;3556.000000;3556.000000;100.879433;0.000000;0.000000;-nan;        18s 719ms 485μs 557ns;                        -10186286292234854ns
178c6;78;0;79;91;7;36;38.000000;0.000000;0.000000;2855.000000;2855.000000;99.929996;0.000000;0.000000;-nan;        12s 257ms 149μs 397ns;            415ms 650μs 415ns
178d6;69;0;103;112;7;36;37.000000;0.000000;0.000000;2744.000000;2744.000000;100.000000;0.000000;0.000000;-nan;        12s 375ms 955μs  46ns;            513ms 166μs  76ns
178e7;113;0;91;148;8;35;37.000000;0.000000;0.000000;2855.000000;2855.000000;100.000000;0.000000;0.000000;-nan;        14s 503ms 342μs 133ns;         1s 848ms 215μs 955ns
619850;38;18;112;80;6;44;0.000000;0.000000;-nan;2970.000000;2970.000000;100.000000;0.000000;0.000000;-nan;         3s 902ms 509μs 739ns;                          0ns
619855;56;0;110;82;6;44;0.000000;0.000000;-nan;2972.000000;2972.000000;100.000000;0.000000;0.000000;-nan;        12s 921ms 617μs   9ns;                          0ns
61985e;82;0;148;110;7;44;45.000000;0.000000;0.000000;2970.000000;2970.000000;103.376262;0.000000;0.000000;-nan;        16s 490ms 197μs 617ns;                        -565485242330098ns
61988b;152;0;169;137;11;53;157.000000;0.000000;0.000000;2999.000000;2999.000000;100.000000;0.000000;0.000000;-nan;        22s 198ms 105μs 321ns;                        -3392917025150830ns
61989a;83;0;142;115;7;44;45.000000;0.000000;0.000000;2887.000000;2887.000000;100.522284;0.000000;0.000000;-nan;        16s 363ms 670μs 283ns;         1s 824ms 657μs 489ns
6198af;84;0;143;113;7;44;45.000000;0.000000;0.000000;2972.000000;2972.000000;102.944233;0.000000;0.000000;-nan;        17s  95ms 602μs 460ns;                        -565486081544300ns
6198c5;80;8;142;110;7;44;45.000000;0.000000;0.000000;2878.000000;2878.000000;100.000000;0.000000;0.000000;-nan;        15s  10ms 781μs 586ns;            829ms  64μs 230ns
6198d8;80;8;141;111;7;44;45.000000;0.000000;0.000000;2972.000000;2972.000000;103.122831;0.000000;0.000000;-nan;        15s 887ms 562μs 327ns;                        -1130965929926540ns
6198e1;83;3;142;112;7;44;45.000000;0.000000;0.000000;2972.000000;2972.000000;103.302051;0.000000;0.000000;-nan;        16s 124ms 849μs 918ns;                        -565483180517177ns
6198ed;80;0;147;113;7;44;45.000000;0.000000;0.000000;2883.000000;2883.000000;100.000000;0.000000;0.000000;-nan;        17s 252ms 775μs 516ns;            251ms 592μs 956ns
1a71e;87;0;99;124;7;40;41.000000;0.000000;0.000000;2856.000000;2856.000000;100.000000;0.000000;0.000000;-nan;         8s 349ms  43μs 195ns;            243ms  53μs 584ns
1a721;65;0;95;76;8;40;162.000000;0.000000;0.000000;3554.000000;3554.000000;100.000000;0.000000;0.000000;-nan;        13s 596ms 497μs 860ns;                        -1072369676552410ns
1a738;95;3;65;99;7;39;41.000000;0.000000;0.000000;3555.000000;3555.000000;123.309053;0.000000;0.000000;-nan;        10s 348ms 429μs 137ns;                        -1072371370842244ns
1a74b;88;0;76;114;7;35;36.000000;0.000000;0.000000;2842.000000;2842.000000;100.000000;0.000000;0.000000;-nan;        12s  77ms 981μs 236ns;            336ms 383μs 462ns
1a757;201;0;244;145;17;42;155.000000;0.000000;0.000000;3556.000000;3556.000000;100.028129;0.000000;0.000000;-nan;        19s 820ms 159μs 280ns;                        -18766944166545951ns
1a771;102;0;78;124;7;39;40.000000;0.000000;0.000000;2869.000000;2869.000000;100.000000;0.000000;0.000000;-nan;        12s 487ms 137μs 285ns;            289ms 957μs 793ns
1a782;86;0;125;81;12;40;158.000000;0.000000;0.000000;3556.000000;3556.000000;100.879433;0.000000;0.000000;-nan;        16s 849ms 151μs 789ns;                        -3753365033174299ns
1a793;89;0;96;125;7;40;41.000000;0.000000;0.000000;2857.000000;2857.000000;100.000000;0.000000;0.000000;-nan;        11s 475ms 515μs 535ns;            980ms 489μs 811ns
1a7a9;53;0;83;74;6;36;36.000000;36.000000;100.000000;2868.000000;2868.000000;100.000000;0.000000;0.000000;-nan;        10s 389ms 892μs 188ns;                          0ns
1a7ac;126;0;104;160;9;35;39.000000;0.000000;0.000000;2855.000000;2855.000000;100.000000;0.000000;0.000000;-nan;        15s 228ms 392μs 653ns;                        -536186491271659ns
61c733;47;0;120;81;6;44;0.000000;0.000000;-nan;2972.000000;2972.000000;100.000000;0.000000;0.000000;-nan;        12s 616ms 406μs 696ns;                          0ns
61c736;43;0;125;80;6;44;0.000000;0.000000;-nan;2970.000000;2970.000000;100.000000;0.000000;0.000000;-nan;        12s 343ms 299μs 580ns;                          0ns
61c73f;81;2;145;112;7;44;45.000000;0.000000;0.000000;2970.000000;2970.000000;103.556485;0.000000;0.000000;-nan;        14s  25ms 167μs 947ns;                        -1131198645012141ns
61c753;107;0;182;145;8;44;46.000000;0.000000;0.000000;2873.000000;2873.000000;100.000000;0.000000;0.000000;-nan;        17s 808ms 144μs 797ns;         1s 278ms 461μs  58ns
61c76f;224;0;254;194;15;51;157.000000;0.000000;0.000000;2999.000000;2999.000000;100.000000;0.000000;0.000000;-nan;        24s 844ms 134μs  40ns;                        -12443478727067531ns
61c781;83;0;147;110;7;44;45.000000;0.000000;0.000000;2882.000000;2882.000000;100.000000;0.000000;0.000000;-nan;        16s 562ms 333μs 717ns;            586ms 745μs 444ns
61c797;82;0;146;112;7;44;45.000000;0.000000;0.000000;2972.000000;2972.000000;102.944233;0.000000;0.000000;-nan;        16s 840ms 908μs 953ns;                        -565604357281316ns
61c7a3;80;8;143;109;7;44;45.000000;0.000000;0.000000;2970.000000;2970.000000;103.017690;0.000000;0.000000;-nan;        14s 876ms 820μs 929ns;                        -565600180256454ns
61c7b0;79;8;144;109;7;44;45.000000;0.000000;0.000000;2970.000000;2970.000000;103.196664;0.000000;0.000000;-nan;        15s 753ms 608μs 910ns;                        -565601450551248ns
61c7bb;84;0;146;110;7;44;45.000000;0.000000;0.000000;2877.000000;2877.000000;100.000000;0.000000;0.000000;-nan;        17s 482ms 595μs 563ns;            498ms 285μs 671ns
1ddb1;26;2;109;73;6;36;0.000000;0.000000;-nan;3556.000000;3556.000000;100.000000;0.000000;0.000000;-nan;         1s 272ms 885μs 163ns;                          0ns
1ddbb;39;0;113;76;6;40;0.000000;0.000000;-nan;3554.000000;3554.000000;100.000000;0.000000;0.000000;-nan;         3s 996ms 872μs 954ns;                          0ns
1ddca;120;0;97;153;8;37;39.000000;0.000000;0.000000;2882.000000;2882.000000;100.104203;0.000000;0.000000;-nan;        12s 345ms 874μs 379ns;            734ms  15μs 813ns
1dde2;203;0;181;196;16;43;152.000000;0.000000;0.000000;2999.000000;2999.000000;100.000000;0.000000;0.000000;-nan;        19s 360ms 647μs 563ns;                        -7507968591707558ns
1de01;90;8;76;118;7;37;38.000000;0.000000;0.000000;2885.000000;2885.000000;100.000000;0.000000;0.000000;-nan;        10s 278ms 112μs  86ns;            485ms 249μs 699ns
1de15;93;0;80;119;7;37;38.000000;0.000000;0.000000;2877.000000;2877.000000;100.000000;0.000000;0.000000;-nan;        10s 989ms 699μs 586ns;            195ms 806μs 267ns
1de2b;149;0;106;183;11;35;153.000000;0.000000;0.000000;3525.000000;3525.000000;100.000000;0.000000;0.000000;-nan;        15s 566ms 552μs 537ns;                        -3217679723321762ns
1de4c;93;0;76;123;7;37;38.000000;0.000000;0.000000;2871.000000;2871.000000;100.000000;0.000000;0.000000;-nan;        11s 822ms 659μs 611ns;            213ms  37μs 826ns
1de5b;96;0;80;128;7;39;40.000000;0.000000;0.000000;2872.000000;2872.000000;100.000000;0.000000;0.000000;-nan;        11s 567ms 122μs 148ns;            489ms 545μs 220ns
1de67;93;0;85;126;7;39;40.000000;0.000000;0.000000;2869.000000;2869.000000;100.000000;0.000000;0.000000;-nan;        11s 296ms 655μs 903ns;            217ms 932μs 926ns
61fab6;44;0;125;79;6;44;0.000000;0.000000;-nan;2970.000000;2970.000000;100.000000;0.000000;0.000000;-nan;        13s 218ms 836μs 646ns;                          0ns
61fabb;47;0;122;79;6;44;0.000000;0.000000;-nan;2972.000000;2972.000000;100.000000;0.000000;0.000000;-nan;        11s 711ms 187μs 782ns;                          0ns
61fac4;82;0;147;111;7;44;45.000000;0.000000;0.000000;2883.000000;2883.000000;100.000000;0.000000;0.000000;-nan;        16s 457ms 488μs 848ns;            259ms 803μs 245ns
61fadd;83;0;142;115;7;44;45.000000;0.000000;0.000000;2972.000000;2972.000000;103.481894;0.000000;0.000000;-nan;        16s 379ms   5μs 721ns;                        -565720763091825ns
61faf2;188;3;233;178;12;50;0.000000;0.000000;-nan;2999.000000;2999.000000;100.000000;0.000000;0.000000;-nan;        22s 345ms 548μs 376ns;                        -9051650823506189ns
61fb02;82;0;144;114;7;44;45.000000;0.000000;0.000000;2887.000000;2887.000000;100.000000;0.000000;0.000000;-nan;        16s 981ms 722μs 580ns;            604ms 187μs  33ns
61fb0a;81;0;145;114;7;44;45.000000;0.000000;0.000000;2882.000000;2882.000000;100.000000;0.000000;0.000000;-nan;        16s 839ms 853μs  41ns;            337ms 305μs 132ns
61fb16;81;3;143;113;7;44;45.000000;0.000000;0.000000;2877.000000;2877.000000;100.000000;0.000000;0.000000;-nan;        15s 939ms 766μs 813ns;            786ms 154μs 970ns
61fb24;80;0;150;110;7;44;45.000000;0.000000;0.000000;2970.000000;2970.000000;103.376262;0.000000;0.000000;-nan;        17s  84ms 699μs 509ns;                        -565724137605433ns
61fb33;78;8;143;111;7;44;45.000000;0.000000;0.000000;2878.000000;2878.000000;100.000000;0.000000;0.000000;-nan;        16s 103ms 457μs 569ns;            245ms 195μs 477ns
321706;29;0;28;41;6;10;12.000000;0.000000;0.000000;659.000000;659.000000;100.000000;0.000000;0.000000;-nan;            805ms 379μs 632ns;            338ms 827μs   5ns
32170c;7;0;9;12;3;6;6.000000;6.000000;100.000000;352.000000;352.000000;100.000000;0.000000;0.000000;-nan;            370ms 673μs 699ns;                          0ns
32171a;12;0;20;22;4;10;10.000000;10.000000;100.000000;678.000000;678.000000;100.000000;0.000000;0.000000;-nan;            484ms 444μs 954ns;                          0ns
321727;10;0;20;18;4;9;9.000000;9.000000;100.000000;656.000000;656.000000;100.000000;0.000000;0.000000;-nan;            459ms 495μs 876ns;                          0ns
32172e;6;0;16;10;3;7;7.000000;7.000000;100.000000;660.000000;660.000000;100.000000;0.000000;0.000000;-nan;            355ms 853μs 723ns;                          0ns
32173d;4;0;14;6;3;5;5.000000;5.000000;100.000000;355.000000;355.000000;100.000000;0.000000;0.000000;-nan;            362ms 223μs 613ns;                          0ns
32174c;46;0;44;42;8;9;13.000000;0.000000;0.000000;661.000000;661.000000;100.916031;0.000000;0.000000;-nan;         1s 232ms  91μs 572ns;            706ms 633μs 314ns
321759;6;0;14;12;3;7;7.000000;7.000000;100.000000;354.000000;354.000000;100.000000;0.000000;0.000000;-nan;            384ms  38μs  86ns;                          0ns
321764;18;0;19;13;6;6;10.000000;0.000000;0.000000;657.000000;657.000000;100.000000;0.000000;0.000000;-nan;            807ms 220μs 442ns;             69ms 333μs 159ns
321771;7;0;2;3;2;4;4.000000;4.000000;100.000000;353.000000;353.000000;100.000000;0.000000;0.000000;-nan;            511ms 548μs 215ns;                          0ns
21a0c;105;0;95;130;8;37;40.000000;0.000000;0.000000;2882.000000;2882.000000;99.965314;0.000000;0.000000;-nan;        12s 933ms 272μs  12ns;            499ms 336μs 835ns
21a11;117;0;99;154;8;37;39.000000;0.000000;0.000000;2882.000000;2882.000000;100.069444;0.000000;0.000000;-nan;        12s 336ms  57μs  91ns;            943ms 737μs 367ns
21a1f;161;0;130;159;14;40;162.000000;0.000000;0.000000;2999.000000;2999.000000;100.000000;0.000000;0.000000;-nan;        31s 860ms 311μs 522ns;                        -4827343924009462ns
21a37;117;0;99;154;8;37;39.000000;0.000000;0.000000;2882.000000;2882.000000;100.034710;0.000000;0.000000;-nan;        12s 132ms 278μs 991ns;            819ms 377μs 782ns
21a44;91;0;80;121;7;37;38.000000;0.000000;0.000000;2879.000000;2879.000000;100.000000;0.000000;0.000000;-nan;        11s 672ms 903μs 888ns;            434ms  73μs 802ns
21a51;91;0;80;121;7;37;38.000000;0.000000;0.000000;2886.000000;2886.000000;100.000000;0.000000;0.000000;-nan;        11s 925ms 946μs 589ns;            215ms 155μs 353ns
21a62;65;0;69;86;6;38;38.000000;38.000000;100.000000;2885.000000;2885.000000;100.000000;0.000000;0.000000;-nan;         9s  72ms 514μs 681ns;                          0ns
21a6f;63;0;72;85;6;38;38.000000;38.000000;100.000000;2882.000000;2882.000000;100.000000;0.000000;0.000000;-nan;         9s 833ms 143μs 437ns;                          0ns
21a80;1808;0;849;2011;46;38;153.000000;0.000000;0.000000;3555.000000;3555.000000;100.000000;0.000000;0.000000;-nan;     1m 23s  94ms 140μs 295ns;                        -476864838681553811ns
21a95;189;0;126;239;12;38;168.000000;0.000000;0.000000;3555.000000;3555.000000;100.851064;0.000000;0.000000;-nan;        28s 618ms  34μs 877ns;                        -14482057548782784ns
622a61;47;0;119;82;6;44;0.000000;0.000000;-nan;2972.000000;2972.000000;100.000000;0.000000;0.000000;-nan;        11s 499ms  62μs 112ns;                          0ns
622a64;43;0;126;79;6;44;0.000000;0.000000;-nan;2970.000000;2970.000000;100.000000;0.000000;0.000000;-nan;        12s 248ms 197μs 382ns;                          0ns
622a69;82;0;147;111;7;44;45.000000;0.000000;0.000000;2970.000000;2970.000000;103.376262;0.000000;0.000000;-nan;        17s  78ms 657μs 761ns;                        -1131682139164434ns
622a85;102;0;181;141;8;43;45.000000;0.000000;0.000000;2972.000000;2972.000000;103.481894;0.000000;0.000000;-nan;        18s 877ms  81μs  43ns;                        -1131684220710934ns
622a94;147;0;166;127;12;50;157.000000;0.000000;0.000000;2999.000000;2999.000000;100.000000;0.000000;0.000000;-nan;        23s 175ms 929μs  16ns;                        -5092619377503877ns
622a9f;106;0;177;141;8;43;45.000000;0.000000;0.000000;2972.000000;2972.000000;103.122831;0.000000;0.000000;-nan;        19s 159ms 532μs 442ns;                        -2263366886258632ns
622ab2;100;8;179;137;8;43;45.000000;0.000000;0.000000;2972.000000;2972.000000;103.302051;0.000000;0.000000;-nan;        18s 350ms 496μs 988ns;                        -1131682131440827ns
622ac0;101;0;185;138;8;43;45.000000;0.000000;0.000000;2970.000000;2970.000000;103.196664;0.000000;0.000000;-nan;        19s 336ms 601μs 961ns;                        -1131688538743040ns
622ad8;79;0;147;114;7;44;45.000000;0.000000;0.000000;2883.000000;2883.000000;100.000000;0.000000;0.000000;-nan;        17s 825ms 554μs 783ns;            271ms 733μs 923ns
622ae6;82;0;146;112;7;44;45.000000;0.000000;0.000000;2972.000000;2972.000000;102.944233;0.000000;0.000000;-nan;        18s 114ms 366μs 529ns;                        -1697529074892071ns
625b30;43;5;123;77;6;44;0.000000;0.000000;-nan;2970.000000;2970.000000;100.000000;0.000000;0.000000;-nan;         8s 764ms 433μs 730ns;                          0ns
625b35;56;0;112;80;6;44;0.000000;0.000000;-nan;2972.000000;2972.000000;100.000000;0.000000;0.000000;-nan;        11s 998ms 771μs  38ns;                          0ns
625b48;81;0;145;114;7;44;45.000000;0.000000;0.000000;2970.000000;2970.000000;103.196664;0.000000;0.000000;-nan;        16s  51ms 410μs 987ns;                        -566019534314871ns
625b64;83;0;146;111;7;44;45.000000;0.000000;0.000000;2872.000000;2872.000000;100.000000;0.000000;0.000000;-nan;        16s 305ms 189μs 879ns;            277ms 326μs 825ns
625b80;83;0;148;109;7;44;45.000000;0.000000;0.000000;2972.000000;2972.000000;103.122831;0.000000;0.000000;-nan;        16s 707ms 554μs 312ns;                        -1132044297387086ns
625b92;82;0;147;111;7;44;45.000000;0.000000;0.000000;2873.000000;2873.000000;100.000000;0.000000;0.000000;-nan;        16s 513ms 436μs 794ns;            277ms 844μs 737ns
625ba2;83;0;146;111;7;44;45.000000;0.000000;0.000000;2868.000000;2868.000000;100.000000;0.000000;0.000000;-nan;        16s 865ms 717μs 416ns;            261ms 639μs 558ns
625bb0;125;0;216;177;9;43;46.000000;0.000000;0.000000;2970.000000;2970.000000;103.017690;0.000000;0.000000;-nan;        19s  22ms 817μs 202ns;                        -566030550384383ns
625bbe;83;0;144;113;7;44;45.000000;0.000000;0.000000;2972.000000;2972.000000;102.944233;0.000000;0.000000;-nan;        18s 166ms 331μs 202ns;                        -1132049410400832ns
625bce;217;0;246;203;15;51;160.000000;0.000000;0.000000;2999.000000;2999.000000;100.000000;0.000000;0.000000;-nan;        26s 394ms 309μs 421ns;                        -9056505772064777ns
274db;78;0;84;96;7;38;40.000000;0.000000;0.000000;2879.000000;2879.000000;99.930580;0.000000;0.000000;-nan;        11s 226ms 986μs 318ns;            337ms 623μs 778ns
274df;117;0;95;158;8;37;39.000000;0.000000;0.000000;2886.000000;2886.000000;100.104058;0.000000;0.000000;-nan;        14s 742ms   3μs 870ns;            690ms  63μs 565ns
274ed;67;0;77;96;8;41;167.000000;0.000000;0.000000;3554.000000;3554.000000;100.000000;0.000000;0.000000;-nan;        14s 989ms  24μs 204ns;                        -1073060182639680ns
274fe;117;0;99;154;8;37;39.000000;0.000000;0.000000;2882.000000;2882.000000;100.069444;0.000000;0.000000;-nan;        14s 519ms 132μs 464ns;            671ms 503μs 294ns
2750b;123;0;97;166;8;39;41.000000;0.000000;0.000000;2940.000000;2940.000000;100.000000;0.000000;0.000000;-nan;        14s 293ms 891μs 443ns;            956ms 523μs  62ns
2751a;92;0;82;124;7;38;39.000000;0.000000;0.000000;2884.000000;2884.000000;100.000000;0.000000;0.000000;-nan;        12s 982ms 543μs 524ns;            302ms 798μs 393ns
27527;66;0;84;90;8;41;164.000000;0.000000;0.000000;3555.000000;3555.000000;100.000000;0.000000;0.000000;-nan;        15s 175ms 666μs 673ns;                        -1073061382314379ns
2753f;89;0;82;121;7;37;38.000000;0.000000;0.000000;2886.000000;2886.000000;100.000000;0.000000;0.000000;-nan;        13s 173ms 371μs 563ns;            228ms  24μs 609ns
2754a;64;0;77;87;8;38;153.000000;0.000000;0.000000;3525.000000;3525.000000;100.000000;0.000000;0.000000;-nan;        14s 857ms 353μs 472ns;                        -1073060404797337ns
2755a;89;2;84;117;7;37;38.000000;0.000000;0.000000;2882.000000;2882.000000;100.000000;0.000000;0.000000;-nan;        10s 627ms 948μs 369ns;            200ms 306μs 210ns
628c94;41;8;118;81;6;44;0.000000;0.000000;-nan;2970.000000;2970.000000;100.000000;0.000000;0.000000;-nan;         9s 355ms 377μs  25ns;                          0ns
628c99;57;0;109;82;6;44;0.000000;0.000000;-nan;2972.000000;2972.000000;100.000000;0.000000;0.000000;-nan;        14s 181ms 807μs 827ns;                          0ns
628ca2;104;8;172;140;8;43;45.000000;0.000000;0.000000;2972.000000;2972.000000;103.302051;0.000000;0.000000;-nan;        17s 639ms 279μs 344ns;                        -1698493359882304ns
628cbb;82;0;150;108;7;44;45.000000;0.000000;0.000000;2883.000000;2883.000000;100.000000;0.000000;0.000000;-nan;        17s   9ms 899μs 170ns;            540ms 773μs 303ns
628cd2;80;0;147;113;7;44;45.000000;0.000000;0.000000;2878.000000;2878.000000;100.000000;0.000000;0.000000;-nan;        17s 361ms 434μs 233ns;            254ms 801μs 209ns
628cef;80;8;136;116;7;44;45.000000;0.000000;0.000000;2872.000000;2872.000000;100.000000;0.000000;0.000000;-nan;        15s 497ms 660μs 626ns;            668ms 751μs 441ns
628d07;82;0;151;107;7;44;45.000000;0.000000;0.000000;2970.000000;2970.000000;103.376262;0.000000;0.000000;-nan;        17s 214ms 892μs 200ns;                        -566166024645457ns
628d27;81;8;142;109;7;44;45.000000;0.000000;0.000000;2972.000000;2972.000000;103.122831;0.000000;0.000000;-nan;        16s 830ms 335μs 712ns;                        -1698492601568877ns
628d35;156;0;190;152;12;51;158.000000;0.000000;0.000000;2999.000000;2999.000000;100.000000;0.000000;0.000000;-nan;        22s 633ms 517μs 558ns;                        -5661720734402349ns
628d4d;78;8;140;114;7;44;45.000000;0.000000;0.000000;2972.000000;2972.000000;102.944233;0.000000;0.000000;-nan;        16s 603ms 253μs 854ns;                        -1132326628734744ns
62bc39;43;0;123;76;6;43;0.000000;0.000000;-nan;2970.000000;2970.000000;100.000000;0.000000;0.000000;-nan;        14s 467ms 927μs 342ns;                          0ns
62bc3d;78;0;143;111;7;43;0.000000;0.000000;-nan;2972.000000;2972.000000;100.000000;0.000000;0.000000;-nan;        17s  47ms 267μs 889ns;                        -566284037493648ns
62bc46;80;0;150;110;7;44;45.000000;0.000000;0.000000;2873.000000;2873.000000;100.000000;0.000000;0.000000;-nan;        17s 304ms 188μs 963ns;            677ms  51μs 502ns
62bc5a;104;0;176;144;8;43;45.000000;0.000000;0.000000;2972.000000;2972.000000;103.302051;0.000000;0.000000;-nan;        19s 212ms 831μs 845ns;                        -1698860436893619ns
62bc6b;106;0;174;144;8;43;45.000000;0.000000;0.000000;2972.000000;2972.000000;103.122831;0.000000;0.000000;-nan;        18s  63ms 791μs 873ns;                        -2265129071220521ns
62bc7d;196;28;210;186;14;52;154.000000;0.000000;0.000000;2999.000000;2999.000000;100.000000;0.000000;0.000000;-nan;        26s 278ms 597μs  71ns;                        -9627012886065329ns
62bc98;82;2;142;114;7;44;45.000000;0.000000;0.000000;2972.000000;2972.000000;102.944233;0.000000;0.000000;-nan;        16s  33ms 770μs 904ns;                        -1132564469087522ns
62bca6;106;0;177;141;8;43;45.000000;0.000000;0.000000;2972.000000;2972.000000;103.481894;0.000000;0.000000;-nan;        19s 595ms 915μs 536ns;                        -1698864842366780ns
62bcb8;79;8;144;109;7;44;45.000000;0.000000;0.000000;2970.000000;2970.000000;103.196664;0.000000;0.000000;-nan;        16s 797ms 225μs 385ns;                        -566283027600032ns
62bcc4;80;0;147;113;7;44;45.000000;0.000000;0.000000;2970.000000;2970.000000;103.017690;0.000000;0.000000;-nan;        18s 920ms 656μs 267ns;                        -566288364713108ns
62ee1e;53;8;107;80;6;44;0.000000;0.000000;-nan;2972.000000;2972.000000;100.000000;0.000000;0.000000;-nan;         8s 843ms 117μs 341ns;                          0ns
62ee23;43;0;123;82;6;44;0.000000;0.000000;-nan;2970.000000;2970.000000;100.000000;0.000000;0.000000;-nan;        11s 203ms 959μs 195ns;                          0ns
62ee34;105;0;181;138;8;43;45.000000;0.000000;0.000000;2972.000000;2972.000000;103.481894;0.000000;0.000000;-nan;        17s 794ms 561μs 232ns;                        -2265633646133023ns
62ee53;83;0;143;114;7;44;45.000000;0.000000;0.000000;2972.000000;2972.000000;102.944233;0.000000;0.000000;-nan;        15s 850ms 285μs 182ns;                        -1699223317922728ns
62ee64;110;0;172;152;8;44;46.000000;0.000000;0.000000;2882.000000;2882.000000;100.000000;0.000000;0.000000;-nan;        17s 992ms  59μs 881ns;            875ms 217μs 761ns
62ee75;159;0;188;117;13;53;0.000000;0.000000;-nan;2999.000000;2999.000000;100.000000;0.000000;0.000000;-nan;        23s 182ms 643μs  29ns;                        -7363402001658838ns
62ee8b;83;0;144;113;7;44;45.000000;0.000000;0.000000;2972.000000;2972.000000;103.302051;0.000000;0.000000;-nan;        17s 245ms 427μs 761ns;                        -566410025789288ns
62ee93;81;0;150;109;7;44;45.000000;0.000000;0.000000;2878.000000;2878.000000;100.000000;0.000000;0.000000;-nan;        17s   2ms 957μs   0ns;            748ms 908μs 390ns
62eea0;51;21;101;81;6;45;45.000000;45.000000;100.000000;2883.000000;2883.000000;100.000000;0.000000;0.000000;-nan;         6s 377ms 351μs 810ns;                          0ns
62eeae;81;0;146;113;7;44;45.000000;0.000000;0.000000;2873.000000;2873.000000;100.000000;0.000000;0.000000;-nan;        17s 474ms 137μs 968ns;            525ms 428μs 411ns
3306e3;15;0;23;22;4;12;12.000000;12.000000;100.000000;1166.000000;1166.000000;100.000000;0.000000;0.000000;-nan;            625ms 259μs 573ns;                          0ns
3306e9;26;0;42;38;5;19;19.000000;19.000000;100.000000;1220.000000;1220.000000;100.000000;0.000000;0.000000;-nan;         1s  56ms 878μs 162ns;                          0ns
3306f8;22;0;44;30;5;17;17.000000;17.000000;100.000000;1325.000000;1325.000000;100.000000;0.000000;0.000000;-nan;            911ms 369μs 591ns;                          0ns
330704;15;0;21;24;4;12;12.000000;12.000000;100.000000;979.000000;979.000000;100.000000;0.000000;0.000000;-nan;            783ms  98μs 876ns;                          0ns
330710;16;0;26;22;4;13;13.000000;13.000000;100.000000;995.000000;995.000000;100.000000;0.000000;0.000000;-nan;            759ms 294μs 266ns;                          0ns
33071d;13;0;25;20;4;11;11.000000;11.000000;100.000000;997.000000;997.000000;100.000000;0.000000;0.000000;-nan;            773ms 175μs 920ns;                          0ns
33072a;17;0;59;36;5;20;20.000000;20.000000;100.000000;1230.000000;1230.000000;100.000000;0.000000;0.000000;-nan;            912ms  59μs 775ns;                          0ns
330738;13;0;27;24;4;13;13.000000;13.000000;100.000000;996.000000;996.000000;100.000000;0.000000;0.000000;-nan;            795ms 771μs  41ns;                          0ns
330744;27;0;38;37;5;18;18.000000;18.000000;100.000000;1164.000000;1164.000000;100.000000;0.000000;0.000000;-nan;            933ms 467μs 884ns;                          0ns
330755;12;0;20;22;4;10;10.000000;10.000000;100.000000;981.000000;981.000000;100.000000;0.000000;0.000000;-nan;            871ms 113μs 620ns;                          0ns
6323b6;56;0;108;84;6;44;0.000000;0.000000;-nan;2972.000000;2972.000000;100.000000;0.000000;0.000000;-nan;        12s 948ms  44μs 757ns;                          0ns
6323bb;81;0;149;110;7;44;45.000000;0.000000;0.000000;2970.000000;2970.000000;103.017690;0.000000;0.000000;-nan;        17s 384ms 761μs 583ns;                        -566528346883818ns
6323ca;84;0;141;115;7;44;45.000000;0.000000;0.000000;2972.000000;2972.000000;103.302051;0.000000;0.000000;-nan;        17s 704ms 782μs 135ns;                        -1133058387147620ns
6323dd;80;0;144;116;7;44;45.000000;0.000000;0.000000;2868.000000;2868.000000;100.000000;0.000000;0.000000;-nan;        17s 238ms  85μs 231ns;            905ms 795μs 919ns
6323ef;85;0;142;113;7;44;45.000000;0.000000;0.000000;2972.000000;2972.000000;103.481894;0.000000;0.000000;-nan;        17s 104ms 133μs 483ns;                        -1133054160998924ns
6323ff;183;0;203;172;13;52;0.000000;0.000000;-nan;2999.000000;2999.000000;100.000000;0.000000;0.000000;-nan;        24s 143ms 323μs 515ns;                        -7364970767160031ns
632412;78;18;129;115;7;44;45.000000;0.000000;0.000000;2882.000000;2882.000000;100.000000;0.000000;0.000000;-nan;        12s  27ms 518μs 197ns;            679ms 238μs 568ns
63241d;80;0;151;109;7;44;45.000000;0.000000;0.000000;2878.000000;2878.000000;100.000000;0.000000;0.000000;-nan;        17s 822ms  24μs  35ns;            427ms 900μs 296ns
632430;83;0;144;113;7;44;45.000000;0.000000;0.000000;2972.000000;2972.000000;102.944233;0.000000;0.000000;-nan;        18s 248ms 714μs 365ns;                        -1699591749028353ns
63244b;78;8;142;112;7;44;45.000000;0.000000;0.000000;2873.000000;2873.000000;100.000000;0.000000;0.000000;-nan;        16s 798ms 836μs 288ns;            425ms 322μs 355ns
635680;43;0;125;80;6;44;0.000000;0.000000;-nan;2970.000000;2970.000000;100.000000;0.000000;0.000000;-nan;        11s 796ms 454μs 999ns;                          0ns
635685;56;0;108;84;6;44;0.000000;0.000000;-nan;2972.000000;2972.000000;100.000000;0.000000;0.000000;-nan;        11s 505ms 953μs 267ns;                          0ns
635690;58;0;115;81;6;45;45.000000;45.000000;100.000000;2883.000000;2883.000000;100.000000;0.000000;0.000000;-nan;        12s 614ms 191μs 169ns;                          0ns
6356a4;83;0;142;115;7;44;45.000000;0.000000;0.000000;2972.000000;2972.000000;103.481894;0.000000;0.000000;-nan;        15s 980ms 399μs 647ns;                        -1133336848948579ns
6356b8;84;0;142;114;7;44;45.000000;0.000000;0.000000;2972.000000;2972.000000;103.302051;0.000000;0.000000;-nan;        15s 402ms 940μs 477ns;                        -1700000959428112ns
6356cb;79;0;147;114;7;44;45.000000;0.000000;0.000000;2873.000000;2873.000000;100.000000;0.000000;0.000000;-nan;        16s 303ms 906μs 193ns;            279ms 191μs 265ns
6356da;102;0;182;140;8;43;45.000000;0.000000;0.000000;2970.000000;2970.000000;103.196664;0.000000;0.000000;-nan;        17s 603ms 653μs 171ns;                        -566675339592124ns
6356ea;85;0;145;109;7;44;45.000000;0.000000;0.000000;2887.000000;2887.000000;100.000000;0.000000;0.000000;-nan;        16s 524ms 345μs 394ns;            521ms 472μs 231ns
6356f8;207;0;234;209;14;51;156.000000;0.000000;0.000000;2999.000000;2999.000000;100.000000;0.000000;0.000000;-nan;        23s 710ms 576μs 424ns;                        -8500166214372902ns
63570b;85;0;141;114;7;44;45.000000;0.000000;0.000000;2972.000000;2972.000000;103.122831;0.000000;0.000000;-nan;        17s 246ms 339μs 925ns;                        -1133343153444415ns
36912;126;0;110;150;10;38;161.000000;0.000000;0.000000;3555.000000;3555.000000;100.028137;0.000000;0.000000;-nan;        12s 320ms 295μs 433ns;                        -2683061508184623ns
36918;66;0;67;81;7;31;33.000000;0.000000;0.000000;2652.000000;2652.000000;100.075472;0.000000;0.000000;-nan;         6s 863ms 441μs 284ns;            192ms 887μs 647ns
3691e;61;0;51;74;6;31;32.000000;0.000000;0.000000;2649.000000;2649.000000;100.075557;0.000000;0.000000;-nan;         6s 218ms 230μs 187ns;            448ms 595μs 315ns
3692c;98;0;86;130;8;31;33.000000;0.000000;0.000000;2651.000000;2651.000000;100.000000;0.000000;0.000000;-nan;        10s 446ms 666μs 136ns;         1s 292ms 421μs 305ns
3693e;94;0;73;117;7;36;37.000000;0.000000;0.000000;2855.000000;2855.000000;100.000000;0.000000;0.000000;-nan;         9s 456ms 658μs 808ns;         1s 364ms 460μs 696ns
3694e;60;0;52;74;6;31;32.000000;0.000000;0.000000;2649.000000;2649.000000;100.000000;0.000000;0.000000;-nan;         7s 248ms 371μs 129ns;            171ms 573μs 886ns
3695f;60;0;51;73;6;30;31.000000;0.000000;0.000000;2653.000000;2653.000000;100.000000;0.000000;0.000000;-nan;         7s 867ms 179μs 642ns;            274ms 637μs 949ns
36973;82;0;62;102;7;30;32.000000;0.000000;0.000000;2652.000000;2652.000000;100.000000;0.000000;0.000000;-nan;         9s 757ms 637μs 608ns;            988ms 487μs 682ns
36984;66;0;83;87;8;40;163.000000;0.000000;0.000000;3525.000000;3525.000000;100.000000;0.000000;0.000000;-nan;        11s 543ms 497μs 658ns;                        -1073214037569953ns
3699f;66;1;87;86;8;41;164.000000;0.000000;0.000000;3555.000000;3555.000000;100.000000;0.000000;0.000000;-nan;        10s 622ms 217μs 348ns;                        -1073214119150884ns
33781e;14;0;37;17;4;14;14.000000;14.000000;100.000000;1218.000000;1218.000000;100.000000;0.000000;0.000000;-nan;            463ms  34μs 392ns;                          0ns
337828;15;0;30;23;4;14;14.000000;14.000000;100.000000;1153.000000;1153.000000;100.000000;0.000000;0.000000;-nan;            483ms 965μs 995ns;                          0ns
337836;10;0;29;21;4;16;16.000000;16.000000;100.000000;1020.000000;1020.000000;100.000000;0.000000;0.000000;-nan;            489ms 365μs 119ns;                          0ns
337844;11;0;34;19;4;13;13.000000;13.000000;100.000000;1217.000000;1217.000000;100.000000;0.000000;0.000000;-nan;            493ms 131μs 322ns;                          0ns
33784c;11;0;27;22;4;12;12.000000;12.000000;100.000000;1155.000000;1155.000000;100.000000;0.000000;0.000000;-nan;            536ms 869μs 931ns;                          0ns
337856;12;0;29;17;4;11;11.000000;11.000000;100.000000;1000.000000;1000.000000;100.000000;0.000000;0.000000;-nan;            494ms 636μs 507ns;                          0ns
337862;18;0;48;30;5;17;17.000000;17.000000;100.000000;1325.000000;1325.000000;100.000000;0.000000;0.000000;-nan;            645ms 510μs 199ns;                          0ns
33786d;10;0;28;22;4;12;12.000000;12.000000;100.000000;1160.000000;1160.000000;100.000000;0.000000;0.000000;-nan;            511ms 149μs 748ns;                          0ns
337874;10;0;32;22;4;13;13.000000;13.000000;100.000000;1154.000000;1154.000000;100.000000;0.000000;0.000000;-nan;            521ms 593μs  59ns;                          0ns
337882;11;0;53;32;5;17;17.000000;17.000000;100.000000;1230.000000;1230.000000;100.000000;0.000000;0.000000;-nan;            585ms 832μs 119ns;                          0ns
6386b5;78;0;143;111;7;43;0.000000;0.000000;-nan;2972.000000;2972.000000;100.000000;0.000000;0.000000;-nan;        16s 880ms  11μs 525ns;                        -566827558499744ns
6386ba;43;0;123;76;6;43;0.000000;0.000000;-nan;2970.000000;2970.000000;100.000000;0.000000;0.000000;-nan;        13s 266ms 811μs 195ns;                          0ns
6386c3;105;0;175;144;8;43;45.000000;0.000000;0.000000;2972.000000;2972.000000;103.302051;0.000000;0.000000;-nan;        18s 822ms 935μs 861ns;                        -1133661088993676ns
6386dc;84;0;143;113;7;44;45.000000;0.000000;0.000000;2972.000000;2972.000000;103.481894;0.000000;0.000000;-nan;        16s 546ms 850μs 577ns;                        -1133651353397773ns
6386ed;81;0;148;111;7;44;45.000000;0.000000;0.000000;2970.000000;2970.000000;103.017690;0.000000;0.000000;-nan;        17s 623ms 207μs 691ns;                        -566828986748176ns
6386fd;105;0;181;138;8;43;45.000000;0.000000;0.000000;2972.000000;2972.000000;103.122831;0.000000;0.000000;-nan;        18s 544ms 218μs 913ns;                        -1700485399751848ns
63870f;81;0;148;111;7;44;45.000000;0.000000;0.000000;2873.000000;2873.000000;100.000000;0.000000;0.000000;-nan;        17s 775ms 186μs 987ns;            382ms  92μs 990ns
638720;213;0;260;217;14;52;161.000000;0.000000;0.000000;2999.000000;2999.000000;100.000000;0.000000;0.000000;-nan;        25s 801ms 321μs 730ns;                        -10203105813320461ns
638733;81;0;143;116;7;44;45.000000;0.000000;0.000000;2887.000000;2887.000000;100.000000;0.000000;0.000000;-nan;        18s   7ms 857μs 374ns;            257ms 452μs 812ns
63873e;80;0;150;110;7;44;45.000000;0.000000;0.000000;2878.000000;2878.000000;100.000000;0.000000;0.000000;-nan;        18s 382ms 475μs 180ns;            574ms 382μs 823ns
63b898;76;0;146;110;7;43;0.000000;0.000000;-nan;2972.000000;2972.000000;100.000000;0.000000;0.000000;-nan;        16s  32ms 736μs 808ns;                        -566988075318551ns
63b89d;43;0;125;80;6;44;0.000000;0.000000;-nan;2970.000000;2970.000000;100.000000;0.000000;0.000000;-nan;        13s 165ms 374μs   3ns;                          0ns
63b8a6;78;0;122;96;7;44;46.000000;0.000000;0.000000;2972.000000;2972.000000;103.122831;0.000000;0.000000;-nan;        15s 931ms 411μs  33ns;                        -566984627223973ns
63b8bf;81;0;146;113;7;44;45.000000;0.000000;0.000000;2883.000000;2883.000000;100.000000;0.000000;0.000000;-nan;        16s 309ms   7μs 989ns;            682ms 701μs 333ns
63b8d4;80;3;149;108;7;44;45.000000;0.000000;0.000000;2970.000000;2970.000000;103.556485;0.000000;0.000000;-nan;        15s  12ms 690μs 944ns;                        -566986785481497ns
63b8e5;80;0;150;110;7;44;45.000000;0.000000;0.000000;2970.000000;2970.000000;103.196664;0.000000;0.000000;-nan;        16s 501ms 898μs 165ns;                        -566989725360148ns
63b903;83;0;143;114;7;44;45.000000;0.000000;0.000000;2887.000000;2887.000000;100.000000;0.000000;0.000000;-nan;        16s 948ms 502μs 430ns;            580ms 165μs 694ns
63b913;78;0;148;114;7;44;45.000000;0.000000;0.000000;2873.000000;2873.000000;100.000000;0.000000;0.000000;-nan;        16s 614ms 397μs 838ns;            260ms 322μs 105ns
63b926;82;0;142;116;7;44;45.000000;0.000000;0.000000;2972.000000;2972.000000;103.302051;0.000000;0.000000;-nan;        17s 105ms 951μs 174ns;                        -566991922905665ns
63b939;143;0;167;130;12;50;0.000000;0.000000;-nan;2999.000000;2999.000000;100.000000;0.000000;0.000000;-nan;        21s 358ms 920μs 970ns;                        -3968952314425604ns
3bcd1;43;0;93;96;6;41;0.000000;0.000000;-nan;3554.000000;3554.000000;100.000000;0.000000;0.000000;-nan;         6s 387ms 617μs 942ns;                          0ns
3bcd6;79;0;73;102;7;32;33.000000;0.000000;0.000000;2672.000000;2672.000000;100.000000;0.000000;0.000000;-nan;        10s 494ms 668μs 436ns;            564ms 605μs 124ns
3bce5;74;0;74;88;7;34;36.000000;0.000000;0.000000;2855.000000;2855.000000;99.964986;0.000000;0.000000;-nan;        10s   4ms 700μs 930ns;            201ms 269μs 413ns
3bcf5;127;0;76;145;9;31;35.000000;0.000000;0.000000;2652.000000;2652.000000;99.887006;0.000000;0.000000;-nan;        13s 819ms 148μs 523ns;         1s 294ms 181μs 238ns
3bd08;91;0;73;114;7;35;36.000000;0.000000;0.000000;2879.000000;2879.000000;100.000000;0.000000;0.000000;-nan;        10s 381ms 715μs 634ns;            614ms  67μs 335ns
3bd16;93;0;73;118;7;36;37.000000;0.000000;0.000000;2843.000000;2843.000000;100.000000;0.000000;0.000000;-nan;        10s 771ms 750μs 735ns;            550ms 899μs 647ns
3bd26;93;0;74;117;7;36;37.000000;0.000000;0.000000;2855.000000;2855.000000;100.000000;0.000000;0.000000;-nan;        11s  53ms 812μs 638ns;         1s 551ms 833μs 963ns
3bd38;173;0;184;97;16;40;158.000000;0.000000;0.000000;3555.000000;3555.000000;100.000000;0.000000;0.000000;-nan;        17s 378ms 411μs 601ns;                        -15564300922949466ns
3bd4c;82;16;64;106;7;34;35.000000;0.000000;0.000000;2744.000000;2744.000000;100.000000;0.000000;0.000000;-nan;         6s 976ms 275μs 563ns;            429ms 376μs 717ns
3bd59;83;0;86;91;9;37;159.000000;0.000000;0.000000;3555.000000;3555.000000;100.851064;0.000000;0.000000;-nan;        13s 596ms 402μs 669ns;                        -1610072492262659ns
63ea4b;47;0;118;77;6;43;0.000000;0.000000;-nan;2972.000000;2972.000000;100.000000;0.000000;0.000000;-nan;        11s 756ms 187μs  53ns;                          0ns
63ea4f;42;0;127;79;6;44;0.000000;0.000000;-nan;2970.000000;2970.000000;100.000000;0.000000;0.000000;-nan;        10s 308ms 193μs 367ns;                          0ns
63ea59;83;0;141;116;7;44;45.000000;0.000000;0.000000;2972.000000;2972.000000;103.122831;0.000000;0.000000;-nan;        14s 851ms 834μs  18ns;                        -567127669064168ns
63ea6d;84;0;143;113;7;44;45.000000;0.000000;0.000000;2972.000000;2972.000000;103.481894;0.000000;0.000000;-nan;        14s 515ms 300μs 486ns;                        -567126588768842ns
63ea7f;103;0;180;141;8;43;45.000000;0.000000;0.000000;2972.000000;2972.000000;103.302051;0.000000;0.000000;-nan;        16s 700ms 299μs 269ns;                        -1701391356072296ns
63ea90;82;0;148;110;7;44;45.000000;0.000000;0.000000;2970.000000;2970.000000;103.196664;0.000000;0.000000;-nan;        15s 789ms 308μs  72ns;                        -567128956513081ns
63ea9c;79;0;147;114;7;44;45.000000;0.000000;0.000000;2883.000000;2883.000000;100.000000;0.000000;0.000000;-nan;        16s 337ms  92μs 438ns;            325ms 351μs 176ns
63eaae;57;0;116;81;6;45;45.000000;45.000000;100.000000;2873.000000;2873.000000;100.000000;0.000000;0.000000;-nan;        13s 188ms 102μs 155ns;                          0ns
63eabd;82;0;142;116;7;44;45.000000;0.000000;0.000000;2887.000000;2887.000000;100.000000;0.000000;0.000000;-nan;        16s 103ms  62μs  41ns;            409ms 584μs 445ns
63eacc;199;0;252;199;14;51;149.000000;0.000000;0.000000;2999.000000;2999.000000;100.000000;0.000000;0.000000;-nan;        22s 841ms 268μs 253ns;                        -10775613296453843ns
641a36;47;0;121;80;6;44;0.000000;0.000000;-nan;2972.000000;2972.000000;100.000000;0.000000;0.000000;-nan;        11s 523ms 888μs 245ns;                          0ns
641a3a;41;8;121;78;6;44;0.000000;0.000000;-nan;2970.000000;2970.000000;100.000000;0.000000;0.000000;-nan;         7s 198ms 129μs 816ns;                          0ns
641a42;80;0;148;112;7;44;45.000000;0.000000;0.000000;2873.000000;2873.000000;100.000000;0.000000;0.000000;-nan;        15s 310ms 242μs 832ns;            651ms 640μs 876ns
641a5f;58;0;119;77;6;45;45.000000;45.000000;100.000000;2878.000000;2878.000000;100.000000;0.000000;0.000000;-nan;        11s 375ms 575μs 893ns;                          0ns
641a6d;81;8;141;110;7;44;45.000000;0.000000;0.000000;2972.000000;2972.000000;103.122831;0.000000;0.000000;-nan;        14s 780ms 405μs 433ns;                        -567304649065902ns
641a7d;83;0;144;113;7;44;45.000000;0.000000;0.000000;2972.000000;2972.000000;103.481894;0.000000;0.000000;-nan;        15s 709ms 947μs 499ns;                        -567307611293117ns
641a9d;81;0;146;113;7;44;45.000000;0.000000;0.000000;2970.000000;2970.000000;103.017690;0.000000;0.000000;-nan;        15s 424ms 325μs  55ns;                        -567307746431786ns
641aa7;83;0;144;113;7;44;45.000000;0.000000;0.000000;2972.000000;2972.000000;103.302051;0.000000;0.000000;-nan;        15s 946ms 257μs 550ns;                        -567308208014089ns
641ab6;82;0;143;115;7;44;45.000000;0.000000;0.000000;2972.000000;2972.000000;102.944233;0.000000;0.000000;-nan;        16s 110ms 778μs 827ns;                        -567309586273409ns
641ac0;140;0;137;123;10;53;0.000000;0.000000;-nan;2999.000000;2999.000000;100.000000;0.000000;0.000000;-nan;        19s 991ms 687μs 650ns;                        -3971191264667930ns
41f76;95;0;76;111;8;31;34.000000;0.000000;0.000000;2652.000000;2652.000000;99.887006;0.000000;0.000000;-nan;        11s 134ms 990μs 199ns;            538ms 537μs 512ns
41f7a;83;0;69;102;7;32;33.000000;0.000000;0.000000;2653.000000;2653.000000;100.000000;0.000000;0.000000;-nan;         8s 776ms 944μs 875ns;            653ms 406μs 981ns
41f88;107;0;85;114;9;30;35.000000;0.000000;0.000000;2652.000000;2652.000000;99.924642;0.000000;0.000000;-nan;        12s 251ms 511μs 435ns;            764ms 791μs 628ns
41f98;146;0;111;147;10;35;45.000000;0.000000;0.000000;2855.000000;2855.000000;100.000000;0.000000;0.000000;-nan;        13s 197ms 414μs 763ns;                        -536791162299719ns
41fa3;65;0;47;74;6;31;32.000000;0.000000;0.000000;2650.000000;2650.000000;100.000000;0.000000;0.000000;-nan;         6s 296ms 800μs 741ns;            871ms  99μs 371ns
41fb4;89;3;66;109;7;34;35.000000;0.000000;0.000000;2744.000000;2744.000000;100.000000;0.000000;0.000000;-nan;         8s 580ms 127μs  12ns;            189ms 843μs 145ns
41fc3;72;0;64;86;7;32;34.000000;0.000000;0.000000;2651.000000;2651.000000;100.000000;0.000000;0.000000;-nan;         9s 888ms 890μs 234ns;            263ms 281μs 105ns
41fd0;65;0;82;85;8;39;157.000000;0.000000;0.000000;3555.000000;3555.000000;100.000000;0.000000;0.000000;-nan;        12s 109ms 526μs 812ns;                        -1073582711499017ns
41fea;65;0;68;81;7;31;33.000000;0.000000;0.000000;2649.000000;2649.000000;99.886878;0.000000;0.000000;-nan;        10s 257ms 574μs 654ns;            175ms 537μs 804ns
41ff6;64;0;77;87;8;38;155.000000;0.000000;0.000000;3525.000000;3525.000000;100.000000;0.000000;0.000000;-nan;        12s 419ms 316μs 545ns;                        -1073584065482705ns
644b0d;43;0;123;82;6;44;0.000000;0.000000;-nan;2970.000000;2970.000000;100.000000;0.000000;0.000000;-nan;        11s 508ms 456μs 383ns;                          0ns
644b11;47;0;119;82;6;44;0.000000;0.000000;-nan;2972.000000;2972.000000;100.000000;0.000000;0.000000;-nan;        11s 859ms  39μs 820ns;                          0ns
644b1b;79;2;157;116;7;46;47.000000;0.000000;0.000000;2939.000000;2939.000000;100.000000;0.000000;0.000000;-nan;        12s 745ms 744μs 476ns;            284ms 889μs 406ns
644b2c;80;0;153;107;7;44;45.000000;0.000000;0.000000;2883.000000;2883.000000;100.000000;0.000000;0.000000;-nan;        15s 592ms 235μs 434ns;            707ms 128μs 704ns
644b45;77;0;118;101;7;44;46.000000;0.000000;0.000000;2972.000000;2972.000000;103.302051;0.000000;0.000000;-nan;        16s 108ms 117μs  93ns;                        -567465654152302ns
644b53;81;0;146;113;7;44;45.000000;0.000000;0.000000;2878.000000;2878.000000;100.000000;0.000000;0.000000;-nan;        15s 890ms 141μs 346ns;            739ms   2μs 681ns
644b62;81;0;148;111;7;44;45.000000;0.000000;0.000000;2970.000000;2970.000000;103.376262;0.000000;0.000000;-nan;        14s 690ms 342μs 471ns;                        -567466815070211ns
644b77;83;0;141;116;7;44;45.000000;0.000000;0.000000;2972.000000;2972.000000;103.122831;0.000000;0.000000;-nan;        16s 439ms 653μs 661ns;                        -567470217389256ns
644b9c;83;0;141;116;7;44;45.000000;0.000000;0.000000;2887.000000;2887.000000;100.000000;0.000000;0.000000;-nan;        16s 598ms 571μs 664ns;            787ms 629μs 496ns
644baf;143;0;213;134;12;51;0.000000;0.000000;-nan;2999.000000;2999.000000;100.000000;0.000000;0.000000;-nan;        21s  43ms 529μs 386ns;                        -7377176048104171ns
46f85;230;0;228;162;18;40;151.000000;0.000000;0.000000;3555.000000;3555.000000;100.028137;0.000000;0.000000;-nan;        24s 181ms  71μs 698ns;                        -19327882411999194ns
46f8a;93;0;76;109;7;35;36.000000;0.000000;0.000000;2840.000000;2840.000000;100.000000;0.000000;0.000000;-nan;        10s 692ms  51μs 362ns;            544ms 184μs 737ns
46f93;92;3;72;111;7;35;36.000000;0.000000;0.000000;2856.000000;2856.000000;100.000000;0.000000;0.000000;-nan;         8s 685ms 687μs  43ns;            243ms 993μs 629ns
46fa4;80;0;82;106;7;34;35.000000;0.000000;0.000000;2744.000000;2744.000000;100.000000;0.000000;0.000000;-nan;        10s 176ms 628μs 605ns;            358ms 488μs 157ns
46fbe;82;0;72;108;7;33;34.000000;0.000000;0.000000;2654.000000;2654.000000;100.000000;0.000000;0.000000;-nan;        10s 863ms 388μs 974ns;            785ms 579μs 680ns
46fcf;98;0;81;121;8;33;36.000000;0.000000;0.000000;2656.000000;2656.000000;100.000000;0.000000;0.000000;-nan;        14s 257ms 400μs 197ns;            457ms 247μs 177ns
46fe9;68;8;71;79;7;33;35.000000;0.000000;0.000000;2653.000000;2653.000000;100.000000;0.000000;0.000000;-nan;         8s 820ms 531μs 691ns;            339ms 763μs  79ns
46ffa;92;8;68;110;7;35;36.000000;0.000000;0.000000;2855.000000;2855.000000;100.000000;0.000000;0.000000;-nan;        10s  59ms 792μs 869ns;            238ms 654μs 915ns
47006;249;0;237;202;19;37;154.000000;0.000000;0.000000;3555.000000;3555.000000;100.000000;0.000000;0.000000;-nan;        24s 975ms 370μs 538ns;                        -20938573884896972ns
4701b;225;0;158;309;13;36;0.000000;0.000000;-nan;3525.000000;3525.000000;100.000000;0.000000;0.000000;-nan;        19s 422ms 533μs 564ns;                        -24159797778464932ns
6479c8;56;0;108;78;6;43;0.000000;0.000000;-nan;2972.000000;2972.000000;100.000000;0.000000;0.000000;-nan;        11s 997ms  13μs 617ns;                          0ns
6479cb;41;8;120;79;6;44;0.000000;0.000000;-nan;2970.000000;2970.000000;100.000000;0.000000;0.000000;-nan;         7s 508ms 641μs 425ns;                          0ns
6479d6;111;0;182;149;8;45;47.000000;0.000000;0.000000;2939.000000;2939.000000;102.084057;0.000000;0.000000;-nan;        19s 822ms 940μs 689ns;         1s 512ms 759μs 948ns
6479f3;109;8;181;144;8;45;47.000000;0.000000;0.000000;2939.000000;2939.000000;101.871750;0.000000;0.000000;-nan;        18s 798ms 284μs 214ns;            834ms 768μs 485ns
647a0a;163;0;192;121;13;52;0.000000;0.000000;-nan;2999.000000;2999.000000;100.000000;0.000000;0.000000;-nan;        26s 374ms 550μs 758ns;                        -7946357202783825ns
647a25;154;0;263;203;10;45;49.000000;0.000000;0.000000;2939.000000;2939.000000;100.034037;0.000000;0.000000;-nan;        22s 353ms 351μs 385ns;         2s  13ms 813μs 513ns
647a35;100;0;191;151;8;45;47.000000;0.000000;0.000000;2939.000000;2939.000000;100.000000;0.000000;0.000000;-nan;        20s 634ms 169μs 707ns;         1s  23ms 614μs 254ns
647a44;79;0;153;108;7;44;45.000000;0.000000;0.000000;2883.000000;2883.000000;100.000000;0.000000;0.000000;-nan;        17s 893ms 945μs 741ns;            630ms 526μs 866ns
647a59;84;0;142;114;7;44;45.000000;0.000000;0.000000;2882.000000;2882.000000;100.000000;0.000000;0.000000;-nan;        18s 922ms 808μs  29ns;            345ms 497μs 662ns
647a69;82;0;145;113;7;44;45.000000;0.000000;0.000000;2887.000000;2887.000000;100.000000;0.000000;0.000000;-nan;        19s 205ms 425μs 394ns;            260ms 109μs 529ns
4a8e4;88;0;79;111;7;35;36.000000;0.000000;0.000000;2842.000000;2842.000000;100.000000;0.000000;0.000000;-nan;        10s 625ms 537μs 691ns;            519ms 215μs 232ns
4a8e9;92;0;79;121;7;37;38.000000;0.000000;0.000000;2870.000000;2870.000000;100.000000;0.000000;0.000000;-nan;        10s 897ms 375μs 584ns;            200ms 915μs 742ns
4a8f7;122;0;95;153;8;37;39.000000;0.000000;0.000000;2869.000000;2869.000000;100.000000;0.000000;0.000000;-nan;        14s  95ms 940μs  67ns;            774ms 898μs 728ns
4a901;86;0;69;97;7;37;39.000000;0.000000;0.000000;2855.000000;2855.000000;100.492784;0.000000;0.000000;-nan;        12s 602ms 642μs 369ns;            802ms  48μs 718ns
4a90f;191;0;227;130;17;39;155.000000;0.000000;0.000000;3555.000000;3555.000000;100.028137;0.000000;0.000000;-nan;        28s 646ms 265μs 211ns;                        -19868475340476826ns
4a91a;101;0;75;116;7;37;38.000000;0.000000;0.000000;2856.000000;2856.000000;100.000000;0.000000;0.000000;-nan;        13s 526ms 376μs 652ns;            338ms 270μs 739ns
4a925;130;0;99;129;9;38;49.000000;0.000000;0.000000;2855.000000;2855.000000;100.000000;0.000000;0.000000;-nan;        16s 877ms 661μs 189ns;                        -1073942279583443ns
4a92c;509;0;414;407;26;39;150.000000;0.000000;0.000000;3555.000000;3555.000000;100.000000;0.000000;0.000000;-nan;        35s 117ms 259μs 872ns;                        -87529958431600491ns
4a93c;96;0;83;113;7;37;38.000000;0.000000;0.000000;2880.000000;2880.000000;100.000000;0.000000;0.000000;-nan;        13s 777ms 320μs 813ns;            211ms 782μs 397ns
4a94a;122;0;94;162;10;37;157.000000;0.000000;0.000000;3525.000000;3525.000000;100.000000;0.000000;0.000000;-nan;        21s 200ms 362μs 814ns;                        -4295857827072790ns
64ac43;83;0;143;114;7;44;45.000000;0.000000;0.000000;2972.000000;2972.000000;103.302051;0.000000;0.000000;-nan;        18s 872ms 379μs 456ns;                        -1135420584329606ns
64ac46;88;0;146;120;7;46;47.000000;0.000000;0.000000;2939.000000;2939.000000;102.084057;0.000000;0.000000;-nan;        18s 434ms 854μs 620ns;            916ms 126μs 612ns
64ac52;88;0;146;120;7;46;47.000000;0.000000;0.000000;2938.000000;2938.000000;102.155772;0.000000;0.000000;-nan;        18s 581ms 941μs 433ns;         1s  40ms  56μs 988ns
64ac62;221;0;292;245;14;50;152.000000;0.000000;0.000000;2999.000000;2999.000000;100.000000;0.000000;0.000000;-nan;        28s 556ms 403μs 689ns;                        -13057627552091425ns
64ac78;80;1;149;110;7;44;45.000000;0.000000;0.000000;2878.000000;2878.000000;100.000000;0.000000;0.000000;-nan;        17s 607ms 179μs 201ns;            565ms 983μs 525ns
64ac86;119;1;238;164;9;45;48.000000;0.000000;0.000000;2939.000000;2939.000000;100.034037;0.000000;0.000000;-nan;        21s 397ms 358μs 659ns;         1s 827ms 222μs 696ns
64ac9e;79;0;151;110;7;44;45.000000;0.000000;0.000000;2883.000000;2883.000000;100.000000;0.000000;0.000000;-nan;        19s 448ms 176μs 932ns;            244ms  83μs 446ns
64acb0;81;0;146;113;7;44;45.000000;0.000000;0.000000;2882.000000;2882.000000;100.000000;0.000000;0.000000;-nan;        19s 963ms   3μs 522ns;            290ms 695μs 865ns
64acbf;82;0;142;116;7;44;45.000000;0.000000;0.000000;2887.000000;2887.000000;100.000000;0.000000;0.000000;-nan;        19s 705ms 426μs 624ns;            365ms 945μs 380ns
64acd7;88;8;139;109;7;47;48.000000;0.000000;0.000000;2939.000000;2939.000000;100.000000;0.000000;0.000000;-nan;        18s 287ms 489μs 612ns;            508ms 235μs 511ns
64df62;78;0;142;112;7;43;0.000000;0.000000;-nan;2972.000000;2972.000000;100.000000;0.000000;0.000000;-nan;        16s 431ms 649μs 178ns;                        -567834060830206ns
64df66;88;0;165;119;8;44;47.000000;0.000000;0.000000;2873.000000;2873.000000;99.895688;0.000000;0.000000;-nan;        19s 502ms 372μs  34ns;            740ms 233μs 844ns
64df78;131;0;152;115;11;52;155.000000;0.000000;0.000000;2999.000000;2999.000000;100.000000;0.000000;0.000000;-nan;        24s 587ms 214μs 768ns;                        -4542746565348688ns
64df8a;88;0;164;120;8;44;47.000000;0.000000;0.000000;2970.000000;2970.000000;101.054781;0.000000;0.000000;-nan;        19s 796ms  33μs  60ns;                        -1703511426977745ns
64df96;125;0;229;168;9;45;48.000000;0.000000;0.000000;2939.000000;2939.000000;100.034037;0.000000;0.000000;-nan;        21s 910ms 835μs 231ns;         1s 324ms 675μs 861ns
64dfa7;80;0;147;113;7;44;45.000000;0.000000;0.000000;2882.000000;2882.000000;100.000000;0.000000;0.000000;-nan;        18s 595ms 711μs 376ns;            314ms 985μs 643ns
64dfb5;82;0;146;112;7;44;45.000000;0.000000;0.000000;2972.000000;2972.000000;103.302051;0.000000;0.000000;-nan;        18s 825ms 761μs 511ns;                        -567835662997057ns
64dfc7;81;3;147;109;7;44;45.000000;0.000000;0.000000;2878.000000;2878.000000;100.000000;0.000000;0.000000;-nan;        16s  98ms 585μs 539ns;            782ms 922μs 528ns
64dfd8;86;0;141;120;7;45;46.000000;0.000000;0.000000;2887.000000;2887.000000;100.000000;0.000000;0.000000;-nan;        19s 131ms 337μs 153ns;            641ms  91μs 833ns
64dff1;79;0;152;109;7;44;45.000000;0.000000;0.000000;2883.000000;2883.000000;100.000000;0.000000;0.000000;-nan;        19s 161ms 779μs 222ns;            368ms  91μs 571ns
4f29f;48;0;78;84;6;36;0.000000;0.000000;-nan;3525.000000;3525.000000;100.000000;0.000000;0.000000;-nan;         9s 786ms 699μs 192ns;                          0ns
4f2a4;27;0;104;83;6;37;0.000000;0.000000;-nan;3555.000000;3555.000000;100.000000;0.000000;0.000000;-nan;         6s  97ms 415μs 658ns;                          0ns
4f2b0;107;0;73;124;7;39;40.000000;0.000000;0.000000;2874.000000;2874.000000;100.000000;0.000000;0.000000;-nan;        13s 535ms 210μs 924ns;            309ms 741μs 411ns
4f2be;123;0;102;145;8;37;39.000000;0.000000;0.000000;2885.000000;2885.000000;100.000000;0.000000;0.000000;-nan;        14s  59ms  87μs 360ns;            597ms 905μs 674ns
4f2d5;91;0;81;120;7;37;38.000000;0.000000;0.000000;2876.000000;2876.000000;100.000000;0.000000;0.000000;-nan;        12s 594ms 870μs 528ns;            314ms 369μs 692ns
4f2e2;90;0;81;121;7;37;38.000000;0.000000;0.000000;2873.000000;2873.000000;100.000000;0.000000;0.000000;-nan;        12s 775ms 848μs  54ns;            269ms 504μs   1ns
4f2f0;122;0;102;146;8;37;39.000000;0.000000;0.000000;2880.000000;2880.000000;100.173913;0.000000;0.000000;-nan;        14s 285ms 299μs 472ns;            671ms 677μs 867ns
4f304;88;0;83;121;7;37;38.000000;0.000000;0.000000;2870.000000;2870.000000;100.000000;0.000000;0.000000;-nan;        13s 747ms 928μs 488ns;            201ms 348μs 312ns
4f311;93;5;83;111;7;37;38.000000;0.000000;0.000000;2880.000000;2880.000000;100.000000;0.000000;0.000000;-nan;        11s 872ms 571μs  93ns;            478ms 277μs 562ns
4f321;65;0;69;86;6;38;38.000000;38.000000;100.000000;2869.000000;2869.000000;100.000000;0.000000;0.000000;-nan;        11s 619ms 457μs 429ns;                          0ns
65107f;47;0;117;78;6;43;0.000000;0.000000;-nan;2972.000000;2972.000000;100.000000;0.000000;0.000000;-nan;        12s 713ms 493μs 394ns;                          0ns
651084;55;2;113;78;6;44;0.000000;0.000000;-nan;2970.000000;2970.000000;100.000000;0.000000;0.000000;-nan;         7s 584ms 402μs 489ns;                          0ns
65108d;81;2;151;110;7;47;48.000000;0.000000;0.000000;2885.000000;2885.000000;100.000000;0.000000;0.000000;-nan;        14s   1ms 679μs 592ns;            834ms 658μs  76ns
6510b9;82;8;144;106;7;44;45.000000;0.000000;0.000000;2887.000000;2887.000000;100.000000;0.000000;0.000000;-nan;        15s 156ms 707μs 614ns;            680ms 569μs 356ns
6510d3;78;0;156;120;7;46;47.000000;0.000000;0.000000;2938.000000;2938.000000;100.000000;0.000000;0.000000;-nan;        15s 899ms 165μs 913ns;            672ms 168μs 927ns
6510e5;166;106;169;147;13;53;158.000000;0.000000;0.000000;2999.000000;2999.000000;100.000000;0.000000;0.000000;-nan;        21s 550ms 316μs 632ns;                        -10223402349853502ns
651102;80;0;145;115;7;44;45.000000;0.000000;0.000000;2882.000000;2882.000000;100.000000;0.000000;0.000000;-nan;        16s 141ms 102μs 172ns;            259ms 242μs 429ns
651112;60;0;113;87;6;46;46.000000;46.000000;100.000000;2939.000000;2939.000000;100.000000;0.000000;0.000000;-nan;        14s  56ms 250μs  23ns;                          0ns
651129;81;0;154;105;7;44;45.000000;0.000000;0.000000;2970.000000;2970.000000;103.196664;0.000000;0.000000;-nan;        16s 410ms 672μs 400ns;                        -567959829572827ns
651136;79;0;151;110;7;44;45.000000;0.000000;0.000000;2883.000000;2883.000000;100.000000;0.000000;0.000000;-nan;        16s 573ms 246μs  12ns;            406ms 291μs 261ns
352c41;7;0;37;20;4;13;13.000000;13.000000;100.000000;1230.000000;1230.000000;100.000000;0.000000;0.000000;-nan;            541ms 148μs 746ns;                          0ns
352c48;14;0;18;26;4;11;11.000000;11.000000;100.000000;967.000000;967.000000;100.000000;0.000000;0.000000;-nan;            602ms 385μs 830ns;                          0ns
352c54;6;0;14;8;3;6;6.000000;6.000000;100.000000;356.000000;356.000000;100.000000;0.000000;0.000000;-nan;            311ms 802μs 492ns;                          0ns
352c63;7;0;28;13;4;9;9.000000;9.000000;100.000000;659.000000;659.000000;100.000000;0.000000;0.000000;-nan;            465ms 197μs 376ns;                          0ns
352c6c;11;0;18;19;4;9;9.000000;9.000000;100.000000;657.000000;657.000000;100.000000;0.000000;0.000000;-nan;            471ms 462μs 596ns;                          0ns
352c74;48;0;38;46;8;9;13.000000;0.000000;0.000000;657.000000;657.000000;99.848024;0.000000;0.000000;-nan;         1s 188ms   1μs 360ns;            576ms 431μs 643ns
352c82;19;0;22;27;4;14;14.000000;14.000000;100.000000;968.000000;968.000000;100.000000;0.000000;0.000000;-nan;            669ms 783μs 893ns;                          0ns
352c8d;14;0;35;19;4;14;14.000000;14.000000;100.000000;964.000000;964.000000;100.000000;0.000000;0.000000;-nan;            610ms 330μs  80ns;                          0ns
352c9a;5;0;4;3;2;4;4.000000;4.000000;100.000000;353.000000;353.000000;100.000000;0.000000;0.000000;-nan;            503ms 528μs 541ns;                          0ns
352ca5;7;0;13;12;3;7;7.000000;7.000000;100.000000;352.000000;352.000000;100.000000;0.000000;0.000000;-nan;            489ms 302μs 202ns;                          0ns
53137;7;0;11;14;3;7;7.000000;7.000000;100.000000;656.000000;656.000000;100.000000;0.000000;0.000000;-nan;            313ms 737μs 337ns;                          0ns
5313e;74;0;66;88;6;40;40.000000;40.000000;100.000000;2876.000000;2876.000000;100.000000;0.000000;0.000000;-nan;         7s 754ms  60μs 886ns;                          0ns
53148;78;0;81;89;7;36;38.000000;0.000000;0.000000;2855.000000;2855.000000;100.386779;0.000000;0.000000;-nan;         9s 528ms 767μs 490ns;            421ms 363μs 673ns
53157;87;0;80;111;7;35;36.000000;0.000000;0.000000;2841.000000;2841.000000;100.000000;0.000000;0.000000;-nan;         9s 861ms 411μs 412ns;            306ms 799μs 327ns
53166;64;0;70;80;6;37;37.000000;37.000000;100.000000;2857.000000;2857.000000;100.000000;0.000000;0.000000;-nan;         6s 525ms 332μs 721ns;                          0ns
53177;8;0;10;6;3;5;5.000000;5.000000;100.000000;353.000000;353.000000;100.000000;0.000000;0.000000;-nan;            570ms 893μs 670ns;                          0ns
53181;90;0;86;116;7;37;38.000000;0.000000;0.000000;2869.000000;2869.000000;100.000000;0.000000;0.000000;-nan;        10s 499ms  79μs  64ns;            432ms 152μs 170ns
53196;74;0;78;88;7;35;37.000000;0.000000;0.000000;2855.000000;2855.000000;100.000000;0.000000;0.000000;-nan;        10s 766ms 226μs 169ns;            218ms 795μs 224ns
531a8;83;0;86;109;7;35;36.000000;0.000000;0.000000;2856.000000;2856.000000;100.000000;0.000000;0.000000;-nan;        10s 370ms 534μs 153ns;            417ms  31μs  40ns
531b7;85;0;84;109;7;35;36.000000;0.000000;0.000000;2842.000000;2842.000000;100.000000;0.000000;0.000000;-nan;        10s 103ms 576μs 330ns;            208ms 715μs 777ns
653fb9;65;0;106;83;6;45;0.000000;0.000000;-nan;2970.000000;2970.000000;100.000000;0.000000;0.000000;-nan;        11s 711ms 198μs 258ns;                          0ns
653fbd;54;8;105;75;6;43;0.000000;0.000000;-nan;2972.000000;2972.000000;100.000000;0.000000;0.000000;-nan;         9s 873ms 209μs  95ns;                          0ns
653fc7;79;0;151;110;7;44;45.000000;0.000000;0.000000;2878.000000;2878.000000;100.000000;0.000000;0.000000;-nan;        16s 146ms 932μs 214ns;            299ms 110μs 676ns
653fe0;81;0;146;113;7;44;45.000000;0.000000;0.000000;2972.000000;2972.000000;103.302051;0.000000;0.000000;-nan;        16s 384ms 306μs 878ns;                        -568078551182798ns
653ffb;87;0;148;119;7;46;47.000000;0.000000;0.000000;2939.000000;2939.000000;100.000000;0.000000;0.000000;-nan;        16s 567ms  82μs 103ns;         1s  99ms 256μs 852ns
654010;80;0;150;110;7;44;45.000000;0.000000;0.000000;2883.000000;2883.000000;100.000000;0.000000;0.000000;-nan;        16s 696ms 294μs 257ns;            612ms 316μs 361ns
65401f;242;0;291;211;15;52;155.000000;0.000000;0.000000;2999.000000;2999.000000;100.000000;0.000000;0.000000;-nan;        26s 504ms 701μs 550ns;                        -12497986451150938ns
654032;81;2;144;113;7;44;45.000000;0.000000;0.000000;2887.000000;2887.000000;100.000000;0.000000;0.000000;-nan;        15s 837ms 324μs 480ns;            401ms 765μs 250ns
65403f;81;0;143;116;7;44;45.000000;0.000000;0.000000;2882.000000;2882.000000;100.000000;0.000000;0.000000;-nan;        17s 351ms 234μs  61ns;            592ms 501μs 376ns
654057;81;0;171;120;8;44;47.000000;0.000000;0.000000;2970.000000;2970.000000;101.089176;0.000000;0.000000;-nan;        17s 902ms 995μs 852ns;                        -1136161336702767ns
56b6e;90;0;81;121;7;37;38.000000;0.000000;0.000000;2869.000000;2869.000000;100.000000;0.000000;0.000000;-nan;        12s 929ms 404μs  16ns;            293ms 544μs 593ns
56b73;121;0;98;151;8;37;39.000000;0.000000;0.000000;2871.000000;2871.000000;100.000000;0.000000;0.000000;-nan;        13s 848ms 838μs 793ns;            775ms 363μs 342ns
56b82;13;0;23;24;4;12;12.000000;12.000000;100.000000;658.000000;658.000000;100.000000;0.000000;0.000000;-nan;            894ms 914μs 396ns;                          0ns
56b93;89;0;82;113;7;36;37.000000;0.000000;0.000000;2857.000000;2857.000000;100.000000;0.000000;0.000000;-nan;        12s  54ms 421μs 570ns;            772ms  22μs 813ns
56ba2;97;0;99;120;8;35;38.000000;0.000000;0.000000;2855.000000;2855.000000;100.386779;0.000000;0.000000;-nan;        14s 129ms 421μs 958ns;            758ms 637μs 777ns
56bb0;89;0;85;118;7;37;38.000000;0.000000;0.000000;2882.000000;2882.000000;100.000000;0.000000;0.000000;-nan;        13s 145ms 938μs 899ns;            203ms 334μs 915ns
56bc4;89;0;84;111;7;36;37.000000;0.000000;0.000000;2842.000000;2842.000000;100.000000;0.000000;0.000000;-nan;        12s 715ms 514μs   5ns;            215ms 608μs 572ns
56bd4;59;0;71;80;6;36;36.000000;36.000000;100.000000;2856.000000;2856.000000;100.000000;0.000000;0.000000;-nan;        11s 111ms 559μs 472ns;                          0ns
56be1;85;2;81;110;7;35;36.000000;0.000000;0.000000;2855.000000;2855.000000;100.000000;0.000000;0.000000;-nan;        11s 382ms 943μs 858ns;            501ms 639μs 920ns
56bf0;110;0;96;146;8;35;37.000000;0.000000;0.000000;2852.000000;2852.000000;100.387188;0.000000;0.000000;-nan;        14s 252ms 524μs 994ns;                        -537205358765159ns
6570ae;59;8;105;82;6;45;0.000000;0.000000;-nan;2970.000000;2970.000000;100.000000;0.000000;0.000000;-nan;         7s 804ms 761μs 810ns;                          0ns
6570b3;47;0;120;81;6;44;0.000000;0.000000;-nan;2972.000000;2972.000000;100.000000;0.000000;0.000000;-nan;        12s  68ms 263μs 528ns;                          0ns
6570bc;77;0;156;121;7;46;47.000000;0.000000;0.000000;2938.000000;2938.000000;100.000000;0.000000;0.000000;-nan;        15s 277ms 407μs 334ns;            654ms 864μs 895ns
6570d9;82;0;144;114;7;44;45.000000;0.000000;0.000000;2972.000000;2972.000000;103.302051;0.000000;0.000000;-nan;        15s 585ms 421μs 507ns;                        -568202897521989ns
6570ec;156;104;152;112;13;52;173.000000;0.000000;0.000000;2999.000000;2999.000000;100.000000;0.000000;0.000000;-nan;        20s 814ms 111μs  45ns;                        -9659599616771943ns
657104;80;0;154;120;7;46;47.000000;0.000000;0.000000;2939.000000;2939.000000;100.000000;0.000000;0.000000;-nan;        15s 719ms 563μs 492ns;            696ms 770μs 198ns
657114;81;0;143;116;7;44;45.000000;0.000000;0.000000;2882.000000;2882.000000;100.000000;0.000000;0.000000;-nan;        16s 207ms 893μs 147ns;            277ms 706μs 609ns
657123;80;0;147;113;7;44;45.000000;0.000000;0.000000;2887.000000;2887.000000;100.000000;0.000000;0.000000;-nan;        16s  26ms 567μs 464ns;            341ms  99μs  39ns
657134;78;8;145;109;7;44;45.000000;0.000000;0.000000;2878.000000;2878.000000;100.000000;0.000000;0.000000;-nan;        14s 999ms 173μs  26ns;            241ms 507μs 394ns
657147;58;0;117;79;6;45;45.000000;45.000000;100.000000;2883.000000;2883.000000;100.000000;0.000000;0.000000;-nan;        14s 794ms 841μs 220ns;                          0ns
65a1eb;45;8;114;81;6;44;0.000000;0.000000;-nan;2972.000000;2972.000000;100.000000;0.000000;0.000000;-nan;         9s 438ms 411μs 629ns;                          0ns
65a1f4;111;1;180;150;8;45;47.000000;0.000000;0.000000;2939.000000;2939.000000;102.084057;0.000000;0.000000;-nan;        17s 375ms 589μs 403ns;         1s 666ms  66μs 262ns
65a20a;79;0;150;111;7;44;45.000000;0.000000;0.000000;2883.000000;2883.000000;100.000000;0.000000;0.000000;-nan;        16s 552ms 531μs 201ns;            428ms 836μs  81ns
65a224;87;0;170;115;8;44;47.000000;0.000000;0.000000;2883.000000;2883.000000;99.930676;0.000000;0.000000;-nan;        18s 501ms  46μs 725ns;            712ms 689μs 667ns
65a23d;296;0;323;285;17;51;168.000000;0.000000;0.000000;2999.000000;2999.000000;100.000000;0.000000;0.000000;-nan;        29s 441ms 298μs 920ns;                        -28416792211053916ns
65a257;90;0;162;120;8;44;47.000000;0.000000;0.000000;2970.000000;2970.000000;101.054781;0.000000;0.000000;-nan;        18s 823ms 658μs 557ns;                        -1704977043920485ns
65a269;80;8;141;111;7;44;45.000000;0.000000;0.000000;2887.000000;2887.000000;100.000000;0.000000;0.000000;-nan;        16s 173ms 443μs 961ns;            949ms 414μs 688ns
65a27c;70;20;146;118;7;46;47.000000;0.000000;0.000000;2938.000000;2938.000000;100.000000;0.000000;0.000000;-nan;        12s 119ms 665μs 375ns;            269ms   3μs 208ns
65a296;84;0;140;116;7;44;45.000000;0.000000;0.000000;2972.000000;2972.000000;103.122831;0.000000;0.000000;-nan;        18s 292ms 591μs 319ns;                        -568324049612990ns
65a2ac;77;8;146;109;7;44;45.000000;0.000000;0.000000;2878.000000;2878.000000;100.000000;0.000000;0.000000;-nan;        16s 500ms 762μs 917ns;            255ms 345μs 801ns
5a955;51;17;59;75;6;35;0.000000;0.000000;-nan;2852.000000;2852.000000;100.000000;0.000000;0.000000;-nan;         2s 975ms 620μs 180ns;                          0ns
5a958;7;0;11;6;3;5;5.000000;5.000000;100.000000;350.000000;350.000000;100.000000;0.000000;0.000000;-nan;            573ms 955μs 744ns;                          0ns
5a96a;7;0;3;2;2;4;4.000000;4.000000;100.000000;353.000000;353.000000;100.000000;0.000000;0.000000;-nan;            618ms  58μs 679ns;                          0ns
5a974;112;0;102;138;8;35;37.000000;0.000000;0.000000;2855.000000;2855.000000;99.929996;0.000000;0.000000;-nan;        10s 958ms 664μs 841ns;         2s       596μs 105ns
5a999;86;0;84;108;7;35;36.000000;0.000000;0.000000;2856.000000;2856.000000;100.527983;0.000000;0.000000;-nan;        10s  30ms 408μs 535ns;         1s 137ms 651μs 694ns
5a9a5;96;0;83;113;7;37;38.000000;0.000000;0.000000;2867.000000;2867.000000;100.000000;0.000000;0.000000;-nan;        10s 424ms 875μs 612ns;            225ms 944μs 726ns
5a9b5;90;0;81;121;7;37;38.000000;0.000000;0.000000;2869.000000;2869.000000;100.000000;0.000000;0.000000;-nan;        10s 299ms 649μs 381ns;            309ms 217μs 159ns
5a9c4;59;0;71;80;6;36;36.000000;36.000000;100.000000;2856.000000;2856.000000;100.000000;0.000000;0.000000;-nan;         7s 696ms 786μs 952ns;                          0ns
5a9d3;80;8;87;103;7;35;36.000000;0.000000;0.000000;2855.000000;2855.000000;100.457424;0.000000;0.000000;-nan;         9s 319ms 988μs 817ns;         1s 128ms 639μs 989ns
5a9dc;77;0;80;91;7;36;38.000000;0.000000;0.000000;2855.000000;2855.000000;100.000000;0.000000;0.000000;-nan;        10s 764ms 809μs 598ns;            200ms  21μs 340ns
65d53f;47;0;117;84;6;44;0.000000;0.000000;-nan;2972.000000;2972.000000;100.000000;0.000000;0.000000;-nan;        12s 750ms 847μs 414ns;                          0ns
65d543;52;0;117;79;6;44;0.000000;0.000000;-nan;2970.000000;2970.000000;100.000000;0.000000;0.000000;-nan;        12s 889ms 778μs 741ns;                          0ns
65d54d;105;0;209;134;9;44;49.000000;0.000000;0.000000;2970.000000;2970.000000;100.917431;0.000000;0.000000;-nan;        19s 976ms  37μs 270ns;                        -2842256119836692ns
65d562;87;0;166;119;8;44;47.000000;0.000000;0.000000;2878.000000;2878.000000;99.965266;0.000000;0.000000;-nan;        19s 707ms 997μs  79ns;            685ms  75μs 919ns
65d56e;86;0;148;120;7;46;47.000000;0.000000;0.000000;2938.000000;2938.000000;100.000000;0.000000;0.000000;-nan;        17s 336ms 555μs 523ns;            691ms 126μs 559ns
65d583;84;0;145;111;7;44;45.000000;0.000000;0.000000;2972.000000;2972.000000;103.122831;0.000000;0.000000;-nan;        17s 646ms 565μs 405ns;                        -568447834031272ns
65d593;99;7;179;139;8;43;45.000000;0.000000;0.000000;2970.000000;2970.000000;103.196664;0.000000;0.000000;-nan;        18s 389ms 854μs 623ns;                        -1136894268461888ns
65d5a0;81;0;149;110;7;44;45.000000;0.000000;0.000000;2883.000000;2883.000000;100.000000;0.000000;0.000000;-nan;        18s 495ms 328μs 315ns;            401ms 332μs 434ns
65d5aa;83;0;152;113;7;45;46.000000;0.000000;0.000000;2939.000000;2939.000000;100.000000;0.000000;0.000000;-nan;        18s 969ms 922μs 192ns;            531ms 177μs 150ns
65d5c4;83;0;145;112;7;44;45.000000;0.000000;0.000000;2972.000000;2972.000000;102.944233;0.000000;0.000000;-nan;        18s 777ms  61μs 686ns;                        -568450202619234ns
5e38e;106;0;99;87;12;40;158.000000;0.000000;0.000000;3555.000000;3555.000000;118.539513;0.000000;0.000000;-nan;        13s 704ms 564μs 613ns;                        -4836094387601644ns
5e395;73;0;78;89;7;35;37.000000;0.000000;0.000000;2855.000000;2855.000000;100.528169;0.000000;0.000000;-nan;         8s 907ms 164μs 200ns;            216ms 417μs  68ns
5e3a1;87;0;89;108;7;36;37.000000;0.000000;0.000000;2857.000000;2857.000000;100.000000;0.000000;0.000000;-nan;         8s 674ms 911μs  77ns;         1s 149ms 323μs  61ns
5e3b5;7;0;2;3;2;4;4.000000;4.000000;100.000000;353.000000;353.000000;100.000000;0.000000;0.000000;-nan;            337ms 945μs 846ns;                          0ns
5e3c3;113;0;98;141;8;35;37.000000;0.000000;0.000000;2855.000000;2855.000000;100.492784;0.000000;0.000000;-nan;        10s 974ms 129μs 296ns;         1s 457ms 263μs 342ns
5e3ce;6;0;2;4;2;4;4.000000;4.000000;100.000000;350.000000;350.000000;100.000000;0.000000;0.000000;-nan;            591ms  24μs 166ns;                          0ns
5e3d9;121;0;98;151;8;37;39.000000;0.000000;0.000000;2890.000000;2890.000000;100.312392;0.000000;0.000000;-nan;        10s 725ms 400μs 310ns;                        -1612020374376688ns
5e3ed;62;0;70;78;6;36;36.000000;36.000000;100.000000;2856.000000;2856.000000;100.000000;0.000000;0.000000;-nan;         8s 129ms 365μs 826ns;                          0ns
5e3f9;62;0;72;76;6;36;36.000000;36.000000;100.000000;2842.000000;2842.000000;100.000000;0.000000;0.000000;-nan;         7s 199ms 649μs 925ns;                          0ns
5e403;126;0;120;162;10;33;39.000000;0.000000;0.000000;2855.000000;2855.000000;100.000000;0.000000;0.000000;-nan;        12s 332ms 553μs   5ns;         1s 382ms 216μs 238ns
6604ad;43;0;125;80;6;44;0.000000;0.000000;-nan;2970.000000;2970.000000;100.000000;0.000000;0.000000;-nan;         6s 755ms 661μs 806ns;                          0ns
6604b2;45;8;115;80;6;44;0.000000;0.000000;-nan;2972.000000;2972.000000;100.000000;0.000000;0.000000;-nan;         8s 487ms  22μs 206ns;                          0ns
6604bc;85;0;141;114;7;44;45.000000;0.000000;0.000000;2972.000000;2972.000000;103.122831;0.000000;0.000000;-nan;        16s 324ms 573μs 974ns;                        -568564610954845ns
6604d2;85;0;149;120;7;46;47.000000;0.000000;0.000000;2879.000000;2879.000000;100.000000;0.000000;0.000000;-nan;        16s 508ms 836μs 971ns;            558ms 428μs 852ns
6604e6;108;8;180;146;8;45;47.000000;0.000000;0.000000;2939.000000;2939.000000;101.871750;0.000000;0.000000;-nan;        16s 834ms 415μs  23ns;            718ms 490μs 708ns
6604fe;219;0;219;194;14;51;154.000000;0.000000;0.000000;2999.000000;2999.000000;100.000000;0.000000;0.000000;-nan;        25s 414ms 439μs 380ns;                        -9665802609330867ns
660517;82;0;148;110;7;44;45.000000;0.000000;0.000000;2887.000000;2887.000000;100.000000;0.000000;0.000000;-nan;        16s 641ms 390μs 344ns;            294ms 837μs 767ns
66052c;89;0;167;116;8;44;47.000000;0.000000;0.000000;2970.000000;2970.000000;101.054781;0.000000;0.000000;-nan;        17s 634ms 247μs 615ns;                        -1705700087959353ns
660547;81;0;171;120;8;44;47.000000;0.000000;0.000000;2970.000000;2970.000000;101.089176;0.000000;0.000000;-nan;        17s 968ms 884μs 684ns;                        -1137136652623055ns
66055e;81;0;146;113;7;44;45.000000;0.000000;0.000000;2970.000000;2970.000000;103.017690;0.000000;0.000000;-nan;        17s 592ms 236μs 961ns;                        -568568590903576ns
61bb7;114;0;105;133;8;35;37.000000;0.000000;0.000000;2855.000000;2855.000000;99.929996;0.000000;0.000000;-nan;         9s 294ms 146μs 900ns;                        -1074840810619930ns
61bba;13;0;22;19;4;10;10.000000;10.000000;100.000000;966.000000;966.000000;100.000000;0.000000;0.000000;-nan;         1s 432ms 465μs 853ns;                          0ns
61bc5;74;3;79;84;7;35;37.000000;0.000000;0.000000;2855.000000;2855.000000;100.492784;0.000000;0.000000;-nan;         6s 607ms 981μs 858ns;            221ms 446μs 229ns
61bd6;7;0;3;2;2;4;4.000000;4.000000;100.000000;350.000000;350.000000;100.000000;0.000000;0.000000;-nan;            424ms 488μs 422ns;                          0ns
61beb;8;0;2;2;2;4;4.000000;4.000000;100.000000;347.000000;347.000000;100.000000;0.000000;0.000000;-nan;            566ms 358μs 799ns;                          0ns
61bf4;98;0;97;103;7;38;39.000000;0.000000;0.000000;2981.000000;2981.000000;103.795265;0.000000;0.000000;-nan;         9s  45ms 854μs 380ns;                        -537421261028273ns
61c04;127;2;125;140;10;39;164.000000;0.000000;0.000000;3555.000000;3555.000000;100.000000;0.000000;0.000000;-nan;        12s 855ms 402μs 900ns;                        -2687116630578610ns
61c16;272;0;259;211;19;40;156.000000;0.000000;0.000000;3555.000000;3555.000000;100.851064;0.000000;0.000000;-nan;        18s 759ms 257μs 540ns;                        -21497171638900274ns
61c27;109;0;106;105;9;35;43.000000;0.000000;0.000000;2855.000000;2855.000000;100.000000;0.000000;0.000000;-nan;        12s 673ms 465μs 589ns;                        -1612263434838351ns
61c32;85;0;90;103;7;35;36.000000;0.000000;0.000000;2856.000000;2856.000000;100.000000;0.000000;0.000000;-nan;         8s 808ms 346μs 138ns;            613ms 872μs 581ns
6635d4;59;0;116;79;6;45;0.000000;0.000000;-nan;2970.000000;2970.000000;100.000000;0.000000;0.000000;-nan;        12s 157ms 836μs 724ns;                          0ns
6635d9;47;0;119;82;6;44;0.000000;0.000000;-nan;2972.000000;2972.000000;100.000000;0.000000;0.000000;-nan;        11s 793ms  71μs 918ns;                          0ns
6635e4;86;0;147;121;7;46;47.000000;0.000000;0.000000;2939.000000;2939.000000;102.084057;0.000000;0.000000;-nan;        18s 423ms 705μs  23ns;         1s 334ms 106μs 705ns
6635fc;104;0;188;142;8;46;48.000000;0.000000;0.000000;2939.000000;2939.000000;100.034037;0.000000;0.000000;-nan;        20s  93ms 591μs  16ns;         1s 627ms 239μs 505ns
66360c;142;0;168;120;11;54;159.000000;0.000000;0.000000;2999.000000;2999.000000;100.000000;0.000000;0.000000;-nan;        24s 351ms 524μs 146ns;                        -4549557727954438ns
66361f;149;0;263;196;10;44;48.000000;0.000000;0.000000;2883.000000;2883.000000;100.034698;0.000000;0.000000;-nan;        22s 494ms 118μs 573ns;         2s 548ms 922μs 631ns
663628;83;0;149;116;7;45;46.000000;0.000000;0.000000;2939.000000;2939.000000;100.000000;0.000000;0.000000;-nan;        18s 570ms 197μs 704ns;            405ms 810μs 440ns
663637;80;0;148;112;7;44;45.000000;0.000000;0.000000;2878.000000;2878.000000;100.000000;0.000000;0.000000;-nan;        18s 726ms 792μs 477ns;            244ms 900μs 549ns
663648;79;0;151;110;7;44;45.000000;0.000000;0.000000;2972.000000;2972.000000;102.944233;0.000000;0.000000;-nan;        19s  54ms 153μs 660ns;                        -568692713368114ns
663655;81;3;146;110;7;44;45.000000;0.000000;0.000000;2883.000000;2883.000000;100.000000;0.000000;0.000000;-nan;        16s 779ms 348μs 433ns;            386ms 542μs 566ns
64fe0;55;0;92;73;6;38;0.000000;0.000000;-nan;2981.000000;2981.000000;100.000000;0.000000;0.000000;-nan;         8s 766ms 678μs 938ns;                          0ns
64fe4;92;0;101;105;7;38;39.000000;0.000000;0.000000;2872.000000;2872.000000;100.000000;0.000000;0.000000;-nan;        11s 616ms 117μs 947ns;            436ms 881μs 415ns
64ff6;91;1;99;107;7;38;39.000000;0.000000;0.000000;2981.000000;2981.000000;103.614877;0.000000;0.000000;-nan;         8s 507ms 427μs 254ns;                        -537541608778205ns
65005;91;0;102;105;7;38;39.000000;0.000000;0.000000;2981.000000;2981.000000;103.255975;0.000000;0.000000;-nan;        12s 557ms 252μs 836ns;                        -537546711577767ns
6501d;92;0;100;105;7;38;39.000000;0.000000;0.000000;2981.000000;2981.000000;103.976282;0.000000;0.000000;-nan;        11s 905ms 912μs 150ns;                        -537545167923150ns
65024;93;0;86;113;7;37;38.000000;0.000000;0.000000;2869.000000;2869.000000;100.000000;0.000000;0.000000;-nan;        12s 123ms 146μs 879ns;            209ms 226μs 409ns
65035;88;0;84;106;7;35;36.000000;0.000000;0.000000;2855.000000;2855.000000;100.000000;0.000000;0.000000;-nan;        12s 404ms 107μs 478ns;            221ms 750μs 709ns
65046;84;0;88;106;7;35;36.000000;0.000000;0.000000;2856.000000;2856.000000;100.000000;0.000000;0.000000;-nan;        12s 880ms 653μs 880ns;            332ms 821μs 142ns
65056;506;0;429;401;26;41;154.000000;0.000000;0.000000;3555.000000;3555.000000;100.000000;0.000000;0.000000;-nan;        32s 530ms  64μs 141ns;                        -94610850067538564ns
65066;165;0;144;171;12;37;0.000000;0.000000;-nan;3555.000000;3555.000000;100.851064;0.000000;0.000000;-nan;        21s 621ms 167μs 811ns;                        -7525744796872519ns
6666e7;47;0;121;80;6;44;0.000000;0.000000;-nan;2972.000000;2972.000000;100.000000;0.000000;0.000000;-nan;         9s 915ms 516μs 256ns;                          0ns
6666eb;54;0;142;74;7;45;48.000000;0.000000;0.000000;2970.000000;2970.000000;100.917431;0.000000;0.000000;-nan;        16s   2ms 188μs 420ns;                        -568806652420919ns
6666fd;89;0;164;119;8;44;47.000000;0.000000;0.000000;2878.000000;2878.000000;99.965266;0.000000;0.000000;-nan;        20s  75ms 881μs 792ns;         1s  74ms 752μs 509ns
66670b;77;0;122;97;7;44;46.000000;0.000000;0.000000;2972.000000;2972.000000;103.122831;0.000000;0.000000;-nan;        17s  62ms 675μs 125ns;                        -1137615253380836ns
666719;87;0;147;120;7;46;47.000000;0.000000;0.000000;2939.000000;2939.000000;101.871750;0.000000;0.000000;-nan;        16s 801ms 346μs 503ns;            447ms 244μs 934ns
66672a;81;0;145;114;7;44;45.000000;0.000000;0.000000;2887.000000;2887.000000;100.000000;0.000000;0.000000;-nan;        18s 387ms 320μs 828ns;            396ms 687μs 755ns
666737;86;0;152;106;7;47;48.000000;0.000000;0.000000;2938.000000;2938.000000;100.000000;0.000000;0.000000;-nan;        17s 456ms 286μs 270ns;         1s  12ms 494μs 727ns
666746;105;0;159;116;8;52;0.000000;0.000000;-nan;2999.000000;2999.000000;100.000000;0.000000;0.000000;-nan;        20s 574ms 937μs 782ns;                        -1137625009112961ns
666757;125;0;224;173;9;45;48.000000;0.000000;0.000000;2939.000000;2939.000000;100.000000;0.000000;0.000000;-nan;        21s   4ms 262μs 897ns;         1s 497ms 597μs 826ns
66676c;58;0;115;81;6;45;45.000000;45.000000;100.000000;2883.000000;2883.000000;100.000000;0.000000;0.000000;-nan;        14s 666ms 648μs 482ns;                          0ns
6922f;54;0;91;75;6;38;0.000000;0.000000;-nan;2981.000000;2981.000000;100.000000;0.000000;0.000000;-nan;         9s 284ms 128μs 393ns;                          0ns
69234;92;0;100;106;7;38;39.000000;0.000000;0.000000;2877.000000;2877.000000;100.000000;0.000000;0.000000;-nan;        12s  66ms 616μs 994ns;            560ms 384μs  12ns
69245;90;0;102;106;7;38;39.000000;0.000000;0.000000;2872.000000;2872.000000;100.000000;0.000000;0.000000;-nan;        11s 340ms 321μs 686ns;            200ms 890μs 982ns
69253;93;0;82;117;7;37;38.000000;0.000000;0.000000;2875.000000;2875.000000;100.000000;0.000000;0.000000;-nan;        11s 629ms 734μs 624ns;            235ms 262μs 548ns
69263;90;0;100;108;7;38;39.000000;0.000000;0.000000;2981.000000;2981.000000;103.976282;0.000000;0.000000;-nan;        12s 282ms 932μs 697ns;                        -537670460899387ns
69270;89;8;95;106;7;38;39.000000;0.000000;0.000000;2981.000000;2981.000000;103.435115;0.000000;0.000000;-nan;        10s 521ms 298μs 295ns;                        -537668113348005ns
69280;76;0;84;76;8;40;161.000000;0.000000;0.000000;2999.000000;2999.000000;100.000000;0.000000;0.000000;-nan;        14s 680ms 767μs 787ns;                        -1075331725283746ns
69298;92;0;100;106;7;38;39.000000;0.000000;0.000000;2887.000000;2887.000000;100.000000;0.000000;0.000000;-nan;        12s 498ms 567μs  92ns;            443ms 105μs 661ns
692a4;74;0;72;90;8;40;161.000000;0.000000;0.000000;3555.000000;3555.000000;100.000000;0.000000;0.000000;-nan;        14s 919ms 180μs   9ns;                        -1075332204914337ns
692b9;209;0;230;119;18;39;0.000000;0.000000;-nan;3555.000000;3555.000000;100.851064;0.000000;0.000000;-nan;        19s 570ms 272μs 722ns;                        -22582541894191043ns
669620;45;0;130;79;6;45;0.000000;0.000000;-nan;2970.000000;2970.000000;100.000000;0.000000;0.000000;-nan;         9s 722ms 877μs 849ns;                          0ns
669624;57;0;112;79;6;44;0.000000;0.000000;-nan;2972.000000;2972.000000;100.000000;0.000000;0.000000;-nan;        10s 803ms 528μs 778ns;                          0ns
66962e;87;0;147;120;7;46;47.000000;0.000000;0.000000;2939.000000;2939.000000;101.871750;0.000000;0.000000;-nan;        14s 350ms 397μs 511ns;            708ms 911μs  17ns
669647;89;1;164;118;8;44;47.000000;0.000000;0.000000;2970.000000;2970.000000;103.053435;0.000000;0.000000;-nan;        14s 870ms 630μs 733ns;                        -568932939024687ns
66965c;66;0;131;89;7;45;47.000000;0.000000;0.000000;2878.000000;2878.000000;99.965266;0.000000;0.000000;-nan;        14s 527ms 564μs 678ns;            252ms 366μs 190ns
66967f;57;1;116;80;6;45;45.000000;45.000000;100.000000;2883.000000;2883.000000;100.000000;0.000000;0.000000;-nan;         9s 584ms 306μs 688ns;                          0ns
669696;57;0;137;76;7;45;48.000000;0.000000;0.000000;2983.000000;2983.000000;101.531654;0.000000;0.000000;-nan;        14s 651ms  30μs 851ns;                        -568929097242325ns
6696b2;92;0;164;124;8;43;46.000000;0.000000;0.000000;2970.000000;2970.000000;101.054781;0.000000;0.000000;-nan;        15s 804ms 124μs 830ns;                        -1137867911142114ns
6696ca;83;0;145;112;7;44;45.000000;0.000000;0.000000;2972.000000;2972.000000;102.944233;0.000000;0.000000;-nan;        15s 558ms 771μs 182ns;                        -568933928349986ns
6696dc;165;100;185;146;13;50;152.000000;0.000000;0.000000;2999.000000;2999.000000;100.000000;0.000000;0.000000;-nan;        20s 613ms  52μs 197ns;                        -7396222404785347ns
66c4fd;43;8;123;80;6;45;0.000000;0.000000;-nan;2983.000000;2983.000000;100.000000;0.000000;0.000000;-nan;         7s 202ms 404μs 633ns;                          0ns
66c502;40;0;129;79;6;44;0.000000;0.000000;-nan;2970.000000;2970.000000;100.000000;0.000000;0.000000;-nan;         9s 915ms 386μs 755ns;                          0ns
66c50b;47;0;119;82;6;44;0.000000;0.000000;-nan;2972.000000;2972.000000;100.000000;0.000000;0.000000;-nan;        10s 110ms 996μs 639ns;                          0ns
66c51a;80;0;150;110;7;44;45.000000;0.000000;0.000000;2883.000000;2883.000000;100.000000;0.000000;0.000000;-nan;        14s 439ms 509μs 110ns;            675ms 145μs 398ns
66c52f;81;0;145;114;7;44;45.000000;0.000000;0.000000;2887.000000;2887.000000;100.000000;0.000000;0.000000;-nan;        14s 764ms 606μs 247ns;            257ms  24μs 442ns
66c543;109;0;184;149;8;45;47.000000;0.000000;0.000000;2939.000000;2939.000000;101.871750;0.000000;0.000000;-nan;        17s 758ms 614μs 828ns;            990ms 316μs 202ns
66c54e;80;0;172;120;8;44;47.000000;0.000000;0.000000;2970.000000;2970.000000;101.089176;0.000000;0.000000;-nan;        17s 513ms 883μs 725ns;                        -1138132762647645ns
66c568;110;0;172;152;8;44;46.000000;0.000000;0.000000;2882.000000;2882.000000;100.000000;0.000000;0.000000;-nan;        18s  96ms 930μs 121ns;         1s 620ms 862μs 192ns
66c579;110;0;185;147;8;45;47.000000;0.000000;0.000000;2939.000000;2939.000000;100.000000;0.000000;0.000000;-nan;        18s 182ms 724μs 570ns;            980ms 749μs 776ns
66c585;236;0;272;214;16;51;164.000000;0.000000;0.000000;2999.000000;2999.000000;100.000000;0.000000;0.000000;-nan;        26s 176ms 328μs  37ns;                        -14796003270098909ns
36d806;11;0;23;14;5;7;11.000000;7.000000;63.636364;657.000000;657.000000;99.545455;0.000000;0.000000;-nan;            453ms 243μs 877ns;             36ms 615μs 935ns
36d80f;4;0;5;3;2;4;4.000000;4.000000;100.000000;352.000000;352.000000;100.000000;0.000000;0.000000;-nan;            262ms 520μs  67ns;                          0ns
36d81b;7;0;11;14;3;7;7.000000;7.000000;100.000000;656.000000;656.000000;100.000000;0.000000;0.000000;-nan;            278ms 257μs 577ns;                          0ns
36d826;13;0;30;17;4;12;12.000000;12.000000;100.000000;966.000000;966.000000;100.000000;0.000000;0.000000;-nan;            441ms 881μs 127ns;                          0ns
36d82f;10;0;21;17;4;9;9.000000;9.000000;100.000000;657.000000;657.000000;100.000000;0.000000;0.000000;-nan;            386ms 362μs 248ns;                          0ns
36d83b;5;0;11;8;3;5;5.000000;5.000000;100.000000;351.000000;351.000000;100.000000;0.000000;0.000000;-nan;            322ms 276μs 654ns;                          0ns
36d848;9;0;8;11;3;8;8.000000;8.000000;100.000000;658.000000;658.000000;100.000000;0.000000;0.000000;-nan;            448ms 393μs 713ns;                          0ns
36d854;12;0;19;13;6;3;6.000000;0.000000;0.000000;354.000000;354.000000;100.000000;0.000000;0.000000;-nan;            634ms 434μs 848ns;            150ms 504μs 811ns
36d85e;8;0;10;10;3;8;8.000000;8.000000;100.000000;659.000000;659.000000;100.000000;0.000000;0.000000;-nan;            425ms  96μs  89ns;                          0ns
36d864;6;0;10;8;3;5;5.000000;5.000000;100.000000;353.000000;353.000000;100.000000;0.000000;0.000000;-nan;            346ms 110μs 391ns;                          0ns
6e58c;55;0;88;77;6;38;0.000000;0.000000;-nan;2981.000000;2981.000000;100.000000;0.000000;0.000000;-nan;         8s 990ms 217μs 131ns;                          0ns
6e58f;95;0;83;120;7;38;39.000000;0.000000;0.000000;2883.000000;2883.000000;100.243394;0.000000;0.000000;-nan;        12s  78ms 848μs 712ns;         1s  14ms 193μs 927ns
6e5a0;77;1;83;75;8;40;0.000000;0.000000;-nan;2999.000000;2999.000000;100.000000;0.000000;0.000000;-nan;        13s 291ms  27μs 831ns;                        -1075512427309069ns
6e5b6;92;0;104;102;7;38;39.000000;0.000000;0.000000;2877.000000;2877.000000;100.000000;0.000000;0.000000;-nan;        11s 638ms 340μs 565ns;            641ms 350μs 607ns
6e5c0;88;6;99;105;7;38;39.000000;0.000000;0.000000;2887.000000;2887.000000;100.000000;0.000000;0.000000;-nan;        10s 132ms 126μs 916ns;            348ms 267μs 247ns
6e5ce;1587;0;800;1721;39;45;153.000000;0.000000;0.000000;3556.000000;3556.000000;100.056275;0.000000;0.000000;-nan;     1m  9s 250ms 707μs 564ns;                        -315147784795333294ns
6e5e8;91;0;82;119;7;37;38.000000;0.000000;0.000000;2882.000000;2882.000000;100.000000;0.000000;0.000000;-nan;        12s 807ms 959μs 737ns;            216ms 986μs 579ns
6e5fb;121;0;97;152;8;37;39.000000;0.000000;0.000000;2879.000000;2879.000000;100.000000;0.000000;0.000000;-nan;        14s 419ms 171μs 512ns;            744ms 616μs 159ns
6e608;197;0;226;117;17;41;155.000000;0.000000;0.000000;3555.000000;3555.000000;100.851064;0.000000;0.000000;-nan;        40s 189ms 449μs 980ns;                        -18284286172469565ns
6e61d;91;0;87;114;7;37;38.000000;0.000000;0.000000;2875.000000;2875.000000;100.000000;0.000000;0.000000;-nan;        13s  44ms 317μs 682ns;            315ms 811μs 865ns
66f6c6;43;0;125;74;6;43;0.000000;0.000000;-nan;2970.000000;2970.000000;100.000000;0.000000;0.000000;-nan;        10s 577ms 982μs 792ns;                          0ns
66f6cb;102;0;190;142;8;46;48.000000;0.000000;0.000000;2939.000000;2939.000000;100.034037;0.000000;0.000000;-nan;        18s 877ms 636μs 354ns;            979ms 321μs 301ns
66f6dc;82;0;152;114;7;45;46.000000;0.000000;0.000000;2873.000000;2873.000000;100.000000;0.000000;0.000000;-nan;        16s 956ms 303μs 586ns;            588ms 972μs 929ns
66f6ef;84;0;145;111;7;44;45.000000;0.000000;0.000000;2972.000000;2972.000000;103.302051;0.000000;0.000000;-nan;        16s 565ms 781μs  23ns;                        -569204915592800ns
66f6fc;80;0;149;111;7;44;45.000000;0.000000;0.000000;2878.000000;2878.000000;100.000000;0.000000;0.000000;-nan;        16s 185ms 298μs 999ns;            770ms 950μs 323ns
66f711;84;0;140;116;7;44;45.000000;0.000000;0.000000;2972.000000;2972.000000;103.122831;0.000000;0.000000;-nan;        16s 791ms 998μs 285ns;                        -569206059443718ns
66f71e;78;0;151;111;7;44;45.000000;0.000000;0.000000;2883.000000;2883.000000;100.000000;0.000000;0.000000;-nan;        17s 715ms 881μs 441ns;            416ms 898μs 350ns
66f72b;81;0;147;112;7;44;45.000000;0.000000;0.000000;2887.000000;2887.000000;100.000000;0.000000;0.000000;-nan;        18s 371ms 907μs 670ns;            606ms 827μs  31ns
66f73c;82;0;170;120;8;44;47.000000;0.000000;0.000000;2970.000000;2970.000000;101.054781;0.000000;0.000000;-nan;        19s   4ms 234μs 726ns;                        -1138417491664186ns
66f74a;172;0;199;135;14;51;163.000000;0.000000;0.000000;2999.000000;2999.000000;100.000000;0.000000;0.000000;-nan;        23s 844ms 121μs 377ns;                        -8538216850892868ns
67273d;47;0;117;84;6;44;0.000000;0.000000;-nan;2972.000000;2972.000000;100.000000;0.000000;0.000000;-nan;        14s 132ms 795μs 200ns;                          0ns
672741;104;0;178;142;8;43;45.000000;0.000000;0.000000;2972.000000;2972.000000;103.481894;0.000000;0.000000;-nan;        17s 904ms 364μs 915ns;                        -1138696813564285ns
672752;81;0;151;108;7;44;45.000000;0.000000;0.000000;2873.000000;2873.000000;100.000000;0.000000;0.000000;-nan;        15s 711ms 466μs 188ns;            270ms 326μs 999ns
672761;84;0;143;113;7;44;45.000000;0.000000;0.000000;2882.000000;2882.000000;100.000000;0.000000;0.000000;-nan;        16s 503ms 619μs 105ns;            646ms 677μs 747ns
672771;81;0;148;111;7;44;45.000000;0.000000;0.000000;2972.000000;2972.000000;103.302051;0.000000;0.000000;-nan;        16s 270ms 203μs 370ns;                        -569344826820891ns
672786;73;18;138;111;7;44;45.000000;0.000000;0.000000;2868.000000;2868.000000;100.000000;0.000000;0.000000;-nan;        11s 341ms 513μs 230ns;            694ms 563μs 668ns
672795;58;0;115;81;6;45;45.000000;45.000000;100.000000;2878.000000;2878.000000;100.000000;0.000000;0.000000;-nan;        14s 873ms 138μs 551ns;                          0ns
6727c5;149;0;173;136;11;50;0.000000;0.000000;-nan;2999.000000;2999.000000;100.000000;0.000000;0.000000;-nan;        22s  30ms 934μs 954ns;                        -6262889360111831ns
6727ca;79;0;154;107;7;44;45.000000;0.000000;0.000000;2883.000000;2883.000000;100.000000;0.000000;0.000000;-nan;        17s 242ms 543μs 749ns;            241ms 449μs 283ns
6727da;81;0;148;111;7;44;45.000000;0.000000;0.000000;2887.000000;2887.000000;100.000000;0.000000;0.000000;-nan;        17s 496ms 789μs 732ns;            249ms 367μs 176ns
74c27;118;0;99;153;8;37;39.000000;0.000000;0.000000;2882.000000;2882.000000;100.453120;0.000000;0.000000;-nan;        13s 757ms 179μs 988ns;            981ms 784μs 179ns
74c2b;117;7;97;149;8;37;39.000000;0.000000;0.000000;2881.000000;2881.000000;100.383275;0.000000;0.000000;-nan;        13s  42ms 770μs 547ns;         1s 586ms 412μs 852ns
74c3a;108;0;92;130;8;37;40.000000;0.000000;0.000000;2879.000000;2879.000000;100.104312;0.000000;0.000000;-nan;        14s 346ms 183μs 648ns;            709ms 528μs 811ns
74c50;92;0;82;118;7;37;38.000000;0.000000;0.000000;2873.000000;2873.000000;100.000000;0.000000;0.000000;-nan;        11s 205ms 936μs 860ns;            231ms 691μs 245ns
74c60;95;0;87;116;7;38;39.000000;0.000000;0.000000;2875.000000;2875.000000;100.000000;0.000000;0.000000;-nan;        12s 465ms 690μs 339ns;            431ms 970μs 636ns
74c75;233;0;214;221;18;38;164.000000;0.000000;0.000000;3555.000000;3555.000000;100.028137;0.000000;0.000000;-nan;        21s  88ms 147μs 788ns;                        -15061899783148123ns
74c89;89;0;84;119;7;37;38.000000;0.000000;0.000000;2882.000000;2882.000000;100.000000;0.000000;0.000000;-nan;        12s 760ms 592μs 523ns;            263ms 107μs 505ns
74c9c;69;0;82;85;8;40;162.000000;0.000000;0.000000;3555.000000;3555.000000;100.000000;0.000000;0.000000;-nan;        14s 609ms 551μs 860ns;                        -1075821063916610ns
74ca7;93;0;90;117;9;37;153.000000;0.000000;0.000000;3525.000000;3525.000000;100.000000;0.000000;0.000000;-nan;        15s 576ms 141μs 968ns;                        -1613744426425646ns
74cb7;64;0;70;86;6;38;38.000000;38.000000;100.000000;2879.000000;2879.000000;100.000000;0.000000;0.000000;-nan;        10s 567ms 779μs  55ns;                          0ns
374dd1;12;0;22;20;4;10;10.000000;10.000000;100.000000;970.000000;970.000000;100.000000;0.000000;0.000000;-nan;            398ms 267μs 576ns;                          0ns
374dd7;10;0;34;30;4;15;15.000000;15.000000;100.000000;1218.000000;1218.000000;100.000000;0.000000;0.000000;-nan;            428ms 151μs 891ns;                          0ns
374de6;11;0;21;26;4;11;11.000000;11.000000;100.000000;969.000000;969.000000;100.000000;0.000000;0.000000;-nan;            461ms  50μs 320ns;                          0ns
374df3;12;0;31;25;4;14;14.000000;14.000000;100.000000;978.000000;978.000000;100.000000;0.000000;0.000000;-nan;            500ms 973μs 167ns;                          0ns
374e00;10;0;26;22;4;11;11.000000;11.000000;100.000000;972.000000;972.000000;100.000000;0.000000;0.000000;-nan;            532ms 682μs 618ns;                          0ns
374e0c;31;0;49;46;5;23;23.000000;23.000000;100.000000;1230.000000;1230.000000;100.000000;0.000000;0.000000;-nan;            790ms 926μs 549ns;                          0ns
374e14;12;0;22;26;4;12;12.000000;12.000000;100.000000;1153.000000;1153.000000;100.000000;0.000000;0.000000;-nan;            478ms 304μs 751ns;                          0ns
374e22;10;0;21;17;4;9;9.000000;9.000000;100.000000;966.000000;966.000000;100.000000;0.000000;0.000000;-nan;            491ms 749μs 867ns;                          0ns
374e30;11;0;18;19;4;9;9.000000;9.000000;100.000000;968.000000;968.000000;100.000000;0.000000;0.000000;-nan;            517ms 344μs 578ns;                          0ns
374e3c;10;0;21;17;4;9;9.000000;9.000000;100.000000;967.000000;967.000000;100.000000;0.000000;0.000000;-nan;            529ms 167μs 572ns;                          0ns
675695;59;0;112;83;6;45;0.000000;0.000000;-nan;2970.000000;2970.000000;100.000000;0.000000;0.000000;-nan;        12s 116ms 528μs 157ns;                          0ns
675698;48;0;121;79;6;44;0.000000;0.000000;-nan;2972.000000;2972.000000;100.000000;0.000000;0.000000;-nan;        15s  94ms 224μs 447ns;                          0ns
67569e;102;0;182;140;8;43;45.000000;0.000000;0.000000;2970.000000;2970.000000;103.196664;0.000000;0.000000;-nan;        18s 257ms 875μs 874ns;                        -569485659205727ns
6756b8;104;0;176;144;8;43;45.000000;0.000000;0.000000;2972.000000;2972.000000;103.481894;0.000000;0.000000;-nan;        18s 572ms 491μs 780ns;                        -2277935184425484ns
6756ca;83;0;146;111;7;44;45.000000;0.000000;0.000000;2877.000000;2877.000000;100.000000;0.000000;0.000000;-nan;        16s 820ms 870μs 787ns;            411ms 918μs 997ns
6756db;78;0;154;108;7;44;45.000000;0.000000;0.000000;2883.000000;2883.000000;100.000000;0.000000;0.000000;-nan;        17s       828μs 112ns;            341ms 526μs  60ns
6756e8;152;0;194;152;12;51;156.000000;0.000000;0.000000;2999.000000;2999.000000;100.000000;0.000000;0.000000;-nan;        22s 936ms 345μs  35ns;                        -6833877855109791ns
6756fd;80;1;147;112;7;44;45.000000;0.000000;0.000000;2873.000000;2873.000000;100.000000;0.000000;0.000000;-nan;        14s 903ms 122μs 477ns;            665ms 581μs 388ns
67570a;82;1;145;112;7;44;45.000000;0.000000;0.000000;2887.000000;2887.000000;100.000000;0.000000;0.000000;-nan;        15s 866ms 837μs  29ns;            563ms 298μs 373ns
675724;82;0;145;113;7;44;45.000000;0.000000;0.000000;2882.000000;2882.000000;100.000000;0.000000;0.000000;-nan;        17s 907ms 453μs 157ns;            256ms 163μs 964ns
6786b8;47;3;116;76;6;43;0.000000;0.000000;-nan;2972.000000;2972.000000;100.000000;0.000000;0.000000;-nan;         7s 949ms 662μs 332ns;                          0ns
6786bd;82;0;144;114;7;44;45.000000;0.000000;0.000000;2972.000000;2972.000000;103.481894;0.000000;0.000000;-nan;        15s 983ms 896μs 577ns;                        -569600943454267ns
6786e1;210;3;229;186;14;51;154.000000;0.000000;0.000000;2999.000000;2999.000000;100.000000;0.000000;0.000000;-nan;        23s 222ms  32μs 941ns;                        -10252946387851107ns
6786fd;50;19;108;77;6;45;45.000000;45.000000;100.000000;2878.000000;2878.000000;100.000000;0.000000;0.000000;-nan;         5s 940ms 314μs  42ns;                          0ns
678706;98;0;185;141;8;43;45.000000;0.000000;0.000000;2970.000000;2970.000000;103.556485;0.000000;0.000000;-nan;        18s 246ms 970μs 115ns;                        -1139209382912048ns
678734;77;0;151;112;7;44;45.000000;0.000000;0.000000;2873.000000;2873.000000;100.000000;0.000000;0.000000;-nan;        16s 760ms 459μs 130ns;            258ms 600μs 328ns
678740;79;0;155;106;7;44;45.000000;0.000000;0.000000;2883.000000;2883.000000;100.000000;0.000000;0.000000;-nan;        17s   4ms 897μs 808ns;            680ms 140μs 990ns
678759;84;0;142;114;7;44;45.000000;0.000000;0.000000;2877.000000;2877.000000;100.000000;0.000000;0.000000;-nan;        17s 300ms 407μs 859ns;            654ms 136μs 574ns
678772;81;8;138;113;7;44;45.000000;0.000000;0.000000;2882.000000;2882.000000;100.000000;0.000000;0.000000;-nan;        15s 675ms 183μs 364ns;            774ms 160μs 313ns
678789;81;0;148;111;7;44;45.000000;0.000000;0.000000;2887.000000;2887.000000;100.000000;0.000000;0.000000;-nan;        17s 520ms 469μs 650ns;            408ms 308μs 557ns
37b090;6;0;32;22;4;12;12.000000;12.000000;100.000000;1230.000000;1230.000000;100.000000;0.000000;0.000000;-nan;            424ms 272μs  97ns;                          0ns
37b095;5;0;26;23;4;10;10.000000;10.000000;100.000000;972.000000;972.000000;100.000000;0.000000;0.000000;-nan;            215ms 689μs 290ns;                          0ns
37b09b;12;0;22;20;4;10;10.000000;10.000000;100.000000;968.000000;968.000000;100.000000;0.000000;0.000000;-nan;            373ms 773μs 798ns;                          0ns
37b0b0;14;0;26;24;4;13;13.000000;13.000000;100.000000;659.000000;659.000000;100.000000;0.000000;0.000000;-nan;            393ms 667μs 705ns;                          0ns
37b0c1;39;0;33;40;6;13;15.000000;0.000000;0.000000;966.000000;966.000000;99.896587;0.000000;0.000000;-nan;            871ms 271μs 842ns;            110ms 302μs 147ns
37b0cd;8;0;23;17;4;9;9.000000;9.000000;100.000000;660.000000;660.000000;100.000000;0.000000;0.000000;-nan;            430ms 272μs 780ns;                          0ns
37b0d7;6;0;5;1;2;4;4.000000;4.000000;100.000000;354.000000;354.000000;100.000000;0.000000;0.000000;-nan;            363ms 335μs 465ns;                          0ns
37b0e4;12;0;37;25;4;15;15.000000;15.000000;100.000000;657.000000;657.000000;100.000000;0.000000;0.000000;-nan;            482ms 426μs 153ns;                          0ns
37b0f0;11;0;25;22;4;11;11.000000;11.000000;100.000000;658.000000;658.000000;100.000000;0.000000;0.000000;-nan;            443ms 103μs 488ns;                          0ns
37b0fc;9;5;11;11;4;6;7.000000;0.000000;0.000000;655.000000;655.000000;100.000000;0.000000;0.000000;-nan;            401ms 977μs 770ns;             68ms  29μs 603ns
67b728;75;18;133;114;7;44;45.000000;0.000000;0.000000;2882.000000;2882.000000;100.348189;0.000000;0.000000;-nan;        10s 626ms 765μs 994ns;         1s   3ms 656μs 741ns
67b72b;82;0;148;110;7;44;45.000000;0.000000;0.000000;2970.000000;2970.000000;103.556485;0.000000;0.000000;-nan;        17s 230ms 810μs 720ns;                        -1139448801334988ns
67b740;79;8;147;106;7;44;45.000000;0.000000;0.000000;2970.000000;2970.000000;103.196664;0.000000;0.000000;-nan;        16s 948ms 474μs 154ns;                        -1139447145978354ns
67b760;80;0;153;107;7;44;45.000000;0.000000;0.000000;2883.000000;2883.000000;100.000000;0.000000;0.000000;-nan;        17s 984ms 791μs   8ns;            645ms 659μs 296ns
67b763;103;0;173;148;8;43;45.000000;0.000000;0.000000;2972.000000;2972.000000;103.302051;0.000000;0.000000;-nan;        20s 169ms 333μs 794ns;                        -569729240726437ns
67b76e;82;0;145;113;7;44;45.000000;0.000000;0.000000;2887.000000;2887.000000;100.000000;0.000000;0.000000;-nan;        18s 499ms 913μs 727ns;            747ms 836μs 340ns
67b77e;83;0;143;114;7;44;45.000000;0.000000;0.000000;2972.000000;2972.000000;103.662365;0.000000;0.000000;-nan;        18s 220ms 108μs 549ns;                        -569725893417943ns
67b78c;132;0;148;118;11;52;155.000000;0.000000;0.000000;2999.000000;2999.000000;100.000000;0.000000;0.000000;-nan;        24s 849ms 943μs 384ns;                        -4557860311690350ns
67b7a4;115;0;189;146;9;41;45.000000;0.000000;0.000000;2855.000000;2855.000000;100.000000;0.000000;0.000000;-nan;        22s 121ms 877μs 504ns;         2s 500ms 860μs 970ns
67b7b0;108;0;176;150;8;44;46.000000;0.000000;0.000000;2882.000000;2882.000000;100.000000;0.000000;0.000000;-nan;        21s 358ms 297μs 559ns;         1s 222ms 786μs 266ns
7d3d0;119;0;100;151;8;37;39.000000;0.000000;0.000000;2885.000000;2885.000000;100.417682;0.000000;0.000000;-nan;        15s 787ms 202μs 813ns;         2s 117ms 146μs 816ns
7d3d3;94;0;84;120;7;38;39.000000;0.000000;0.000000;2870.000000;2870.000000;100.000000;0.000000;0.000000;-nan;        12s 684ms 667μs 678ns;         1s 195ms 444μs 576ns
7d3e2;90;0;88;114;7;37;38.000000;0.000000;0.000000;2875.000000;2875.000000;100.000000;0.000000;0.000000;-nan;        12s 448ms 336μs 759ns;            449ms 476μs 296ns
7d3f2;544;0;518;363;27;41;163.000000;0.000000;0.000000;3555.000000;3555.000000;100.028137;0.000000;0.000000;-nan;        37s 227ms 693μs 316ns;                        -115134265858166303ns
7d403;118;0;99;153;8;37;39.000000;0.000000;0.000000;2883.000000;2883.000000;100.243394;0.000000;0.000000;-nan;        16s  75ms 888μs 542ns;            884ms 824μs 462ns
7d414;108;0;104;100;10;39;173.000000;0.000000;0.000000;3554.000000;3554.000000;100.822695;0.000000;0.000000;-nan;        22s 243ms 917μs 202ns;                        -2151974808899268ns
7d425;118;0;99;153;8;37;39.000000;0.000000;0.000000;2882.000000;2882.000000;100.104203;0.000000;0.000000;-nan;        16s 353ms  91μs 110ns;            801ms 942μs 807ns
7d431;119;0;100;151;8;37;39.000000;0.000000;0.000000;2882.000000;2882.000000;100.488145;0.000000;0.000000;-nan;        16s 623ms 759μs 686ns;         1s 833ms 724μs 894ns
7d43b;119;0;98;153;8;37;39.000000;0.000000;0.000000;2882.000000;2882.000000;100.453120;0.000000;0.000000;-nan;        16s 917ms  23μs 256ns;            856ms 762μs 622ns
7d448;91;0;83;118;7;37;38.000000;0.000000;0.000000;2882.000000;2882.000000;100.000000;0.000000;0.000000;-nan;        14s 817ms 272μs 873ns;            616ms 192μs  76ns
67e892;47;0;119;82;6;44;0.000000;0.000000;-nan;2972.000000;2972.000000;100.000000;0.000000;0.000000;-nan;        10s 971ms 407μs  13ns;                          0ns
67e897;82;0;143;115;7;44;45.000000;0.000000;0.000000;2972.000000;2972.000000;103.302051;0.000000;0.000000;-nan;        15s 567ms 190μs 410ns;                        -569847550318479ns
67e8a8;84;0;145;111;7;44;45.000000;0.000000;0.000000;2972.000000;2972.000000;103.481894;0.000000;0.000000;-nan;        16s  47ms 209μs 286ns;                        -569848553637235ns
67e8b9;83;0;141;116;7;44;45.000000;0.000000;0.000000;2882.000000;2882.000000;100.000000;0.000000;0.000000;-nan;        15s 746ms 799μs  57ns;            505ms 455μs 345ns
67e8ca;57;0;117;80;6;45;45.000000;45.000000;100.000000;2878.000000;2878.000000;100.000000;0.000000;0.000000;-nan;        12s 873ms 632μs 154ns;                          0ns
67e8db;253;6;298;247;15;52;163.000000;0.000000;0.000000;2999.000000;2999.000000;100.000000;0.000000;0.000000;-nan;        27s  94ms 396μs 116ns;                        -21654770608116348ns
67e8f0;81;0;146;113;7;44;45.000000;0.000000;0.000000;2873.000000;2873.000000;100.000000;0.000000;0.000000;-nan;        16s 709ms 577μs   7ns;            703ms 706μs 836ns
67e8f9;99;0;183;142;8;43;45.000000;0.000000;0.000000;2970.000000;2970.000000;103.556485;0.000000;0.000000;-nan;        17s 451ms 356μs 538ns;                        -1139705659286592ns
67e903;78;0;153;109;7;44;45.000000;0.000000;0.000000;2883.000000;2883.000000;100.000000;0.000000;0.000000;-nan;        16s 953ms 670μs 682ns;            259ms 475μs 793ns
67e913;81;0;144;115;7;44;45.000000;0.000000;0.000000;2972.000000;2972.000000;102.944233;0.000000;0.000000;-nan;        17s 253ms 148μs 747ns;                        -569852382466961ns
681a27;47;0;117;84;6;44;0.000000;0.000000;-nan;2972.000000;2972.000000;100.000000;0.000000;0.000000;-nan;        11s 186ms 930μs 866ns;                          0ns
681a2c;78;8;144;110;7;44;45.000000;0.000000;0.000000;2878.000000;2878.000000;100.000000;0.000000;0.000000;-nan;        14s 500ms 501μs 448ns;            414ms 480μs  59ns
681a3c;103;0;178;143;8;43;45.000000;0.000000;0.000000;2972.000000;2972.000000;103.302051;0.000000;0.000000;-nan;        16s 164ms 896μs 500ns;                        -1709935435232430ns
681a58;82;0;142;116;7;44;45.000000;0.000000;0.000000;2872.000000;2872.000000;100.000000;0.000000;0.000000;-nan;        15s 429ms 150μs 834ns;            661ms 750μs 196ns
681a70;81;0;149;110;7;44;45.000000;0.000000;0.000000;2972.000000;2972.000000;103.445875;0.000000;0.000000;-nan;        15s 573ms 869μs 766ns;                        -1139956106657975ns
681a88;125;106;108;83;12;53;169.000000;0.000000;0.000000;2999.000000;2999.000000;100.000000;0.000000;0.000000;-nan;        19s 372ms 548μs 172ns;                        -5699838939107784ns
681a9c;56;0;117;81;6;45;45.000000;45.000000;100.000000;2883.000000;2883.000000;100.000000;0.000000;0.000000;-nan;        13s 405ms 282μs 912ns;                          0ns
681aa6;59;0;110;85;6;45;45.000000;45.000000;100.000000;2882.000000;2882.000000;100.000000;0.000000;0.000000;-nan;        14s 279ms 903μs 493ns;                          0ns
681ab0;80;0;147;113;7;44;45.000000;0.000000;0.000000;2970.000000;2970.000000;103.556485;0.000000;0.000000;-nan;        15s 833ms 127μs 436ns;                        -1139958201033730ns
681abf;57;8;109;80;6;45;45.000000;45.000000;100.000000;2887.000000;2887.000000;100.000000;0.000000;0.000000;-nan;        11s 568ms 797μs 333ns;                          0ns
6847fd;43;0;126;79;6;44;0.000000;0.000000;-nan;2972.000000;2972.000000;100.000000;0.000000;0.000000;-nan;        12s 134ms 442μs 397ns;                          0ns
684802;125;106;161;102;12;53;0.000000;0.000000;-nan;2999.000000;2999.000000;100.000000;0.000000;0.000000;-nan;        20s 551ms 791μs 683ns;                        -7411378746180099ns
684812;79;8;135;118;7;44;45.000000;0.000000;0.000000;2887.000000;2887.000000;100.000000;0.000000;0.000000;-nan;        13s 642ms  85μs 389ns;            830ms 854μs 735ns
684824;82;1;146;111;7;44;45.000000;0.000000;0.000000;2883.000000;2883.000000;100.000000;0.000000;0.000000;-nan;        15s 213ms 633μs 432ns;            665ms 362μs 755ns
68483f;103;0;178;143;8;43;45.000000;0.000000;0.000000;2972.000000;2972.000000;103.302051;0.000000;0.000000;-nan;        17s 172ms 600μs 444ns;                        -1710296878291791ns
684864;70;0;127;91;7;43;45.000000;0.000000;0.000000;2970.000000;2970.000000;103.376262;0.000000;0.000000;-nan;        16s 439ms 452μs 593ns;                        -570093724630406ns
684879;83;0;143;114;7;44;45.000000;0.000000;0.000000;2867.000000;2867.000000;100.000000;0.000000;0.000000;-nan;        16s 712ms 518μs 616ns;            594ms 783μs 959ns
684892;58;0;115;81;6;45;45.000000;45.000000;100.000000;2878.000000;2878.000000;100.000000;0.000000;0.000000;-nan;        14s 489ms 286μs 803ns;                          0ns
6848a7;80;0;146;114;7;44;45.000000;0.000000;0.000000;2970.000000;2970.000000;103.556485;0.000000;0.000000;-nan;        16s 791ms 504μs 710ns;                        -570099829942379ns
6848b9;78;8;137;117;7;44;45.000000;0.000000;0.000000;2872.000000;2872.000000;100.000000;0.000000;0.000000;-nan;        15s 474ms 631μs 479ns;            435ms 637μs 150ns
6876d9;47;0;118;77;6;43;0.000000;0.000000;-nan;2972.000000;2972.000000;100.000000;0.000000;0.000000;-nan;        11s 532ms 546μs 729ns;                          0ns
6876dd;105;0;178;141;8;43;45.000000;0.000000;0.000000;2972.000000;2972.000000;103.302051;0.000000;0.000000;-nan;        18s  35ms  63μs 969ns;                        -1710656192268634ns
6876ef;83;1;141;115;7;44;45.000000;0.000000;0.000000;2877.000000;2877.000000;100.174095;0.000000;0.000000;-nan;        15s 993ms 295μs 238ns;         1s 226ms 629μs 897ns
6876fd;79;0;146;115;7;44;45.000000;0.000000;0.000000;2883.000000;2883.000000;100.348068;0.000000;0.000000;-nan;        16s 686ms  45μs 949ns;         1s 274ms 826μs 383ns
687715;84;0;140;116;7;44;45.000000;0.000000;0.000000;2972.000000;2972.000000;103.122831;0.000000;0.000000;-nan;        17s 469ms 105μs 911ns;                        -570219758271390ns
687724;202;110;265;177;15;52;0.000000;0.000000;-nan;2999.000000;2999.000000;100.000000;0.000000;0.000000;-nan;        26s 340ms 710μs 823ns;                        -22809262521410604ns
687733;80;0;147;113;7;44;45.000000;0.000000;0.000000;2970.000000;2970.000000;103.556485;0.000000;0.000000;-nan;        16s 841ms 493μs 982ns;                        -570217660333589ns
687746;81;0;151;108;7;44;45.000000;0.000000;0.000000;2970.000000;2970.000000;103.017690;0.000000;0.000000;-nan;        16s 935ms 180μs 159ns;                        -570218984159125ns
687751;81;0;147;112;7;44;45.000000;0.000000;0.000000;2972.000000;2972.000000;102.944233;0.000000;0.000000;-nan;        17s 215ms 398μs 676ns;                        -570219377441526ns
68775c;81;0;148;111;7;44;45.000000;0.000000;0.000000;2878.000000;2878.000000;100.000000;0.000000;0.000000;-nan;        17s 592ms 784μs  43ns;            597ms 652μs  42ns
387a51;17;0;45;34;5;17;17.000000;17.000000;100.000000;659.000000;659.000000;100.000000;0.000000;0.000000;-nan;            825ms 964μs 578ns;                          0ns
387a56;4;0;5;3;2;4;4.000000;4.000000;100.000000;353.000000;353.000000;100.000000;0.000000;0.000000;-nan;            371ms 481μs 852ns;                          0ns
387a62;12;0;25;21;4;11;11.000000;11.000000;100.000000;661.000000;661.000000;100.000000;0.000000;0.000000;-nan;            584ms 486μs 525ns;                          0ns
387a6f;6;0;10;8;3;5;5.000000;5.000000;100.000000;354.000000;354.000000;100.000000;0.000000;0.000000;-nan;            433ms 646μs 904ns;                          0ns
387a75;56;0;41;39;8;15;23.000000;0.000000;0.000000;1230.000000;1230.000000;100.000000;0.000000;0.000000;-nan;         1s 964ms 209μs   7ns;                        -3241415821780954ns
387a82;47;0;29;38;7;10;13.000000;0.000000;0.000000;967.000000;967.000000;146.515152;0.000000;0.000000;-nan;         1s 360ms 173μs 572ns;            985ms 320μs 116ns
387a8c;12;0;21;21;4;10;10.000000;10.000000;100.000000;655.000000;655.000000;100.000000;0.000000;0.000000;-nan;            706ms 175μs 482ns;                          0ns
387a9c;32;0;26;42;6;10;13.000000;0.000000;0.000000;660.000000;660.000000;100.456621;0.000000;0.000000;-nan;         1s 147ms 581μs 978ns;            357ms 701μs 203ns
387aa6;11;0;23;24;4;11;11.000000;11.000000;100.000000;658.000000;658.000000;100.000000;0.000000;0.000000;-nan;            997ms 717μs 366ns;                          0ns
387aac;7;0;2;3;2;4;4.000000;4.000000;100.000000;351.000000;351.000000;100.000000;0.000000;0.000000;-nan;            578ms 308μs  64ns;                          0ns
68a839;47;0;121;80;6;44;0.000000;0.000000;-nan;2972.000000;2972.000000;100.000000;0.000000;0.000000;-nan;        13s 613ms 281μs  78ns;                          0ns
68a83e;106;0;178;140;8;43;45.000000;0.000000;0.000000;2972.000000;2972.000000;103.302051;0.000000;0.000000;-nan;        19s 944ms 336μs 182ns;                        -2281390895531801ns
68a84f;104;0;180;140;8;43;45.000000;0.000000;0.000000;2972.000000;2972.000000;102.944233;0.000000;0.000000;-nan;        19s 757ms 216μs 835ns;                        -1140696892914700ns
68a85c;106;0;174;144;8;43;45.000000;0.000000;0.000000;2972.000000;2972.000000;103.481894;0.000000;0.000000;-nan;        20s 363ms 474μs 510ns;                        -2281393750747539ns
68a871;84;2;141;113;7;44;45.000000;0.000000;0.000000;2972.000000;2972.000000;103.122831;0.000000;0.000000;-nan;        16s 627ms 429μs 393ns;                        -1711030216934822ns
68a87e;81;0;146;113;7;44;45.000000;0.000000;0.000000;2970.000000;2970.000000;103.556485;0.000000;0.000000;-nan;        19s  48ms 881μs 577ns;                        -1140695308178582ns
68a89a;170;1;216;135;13;51;147.000000;0.000000;0.000000;2999.000000;2999.000000;100.000000;0.000000;0.000000;-nan;        23s 942ms 619μs 913ns;                        -7984907762463018ns
68a8b2;78;8;145;109;7;44;45.000000;0.000000;0.000000;2873.000000;2873.000000;100.000000;0.000000;0.000000;-nan;        16s 293ms 698μs 977ns;            340ms 635μs 396ns
68a8bc;80;8;142;110;7;44;45.000000;0.000000;0.000000;2883.000000;2883.000000;100.000000;0.000000;0.000000;-nan;        17s  31ms 217μs 560ns;            656ms 736μs 672ns
68a8d0;55;8;111;80;6;45;45.000000;45.000000;100.000000;2878.000000;2878.000000;100.000000;0.000000;0.000000;-nan;        13s 749ms 522μs 405ns;                          0ns
68d914;55;0;109;84;6;44;0.000000;0.000000;-nan;2972.000000;2972.000000;100.000000;0.000000;0.000000;-nan;        14s 243ms 822μs 221ns;                          0ns
68d918;79;0;149;112;7;44;45.000000;0.000000;0.000000;2873.000000;2873.000000;100.000000;0.000000;0.000000;-nan;        17s  99ms 974μs 586ns;            634ms 365μs 285ns
68d92a;82;0;145;113;7;44;45.000000;0.000000;0.000000;2972.000000;2972.000000;102.944233;0.000000;0.000000;-nan;        16s 442ms  56μs 433ns;                        -1140935077628873ns
68d93b;105;0;174;145;8;43;45.000000;0.000000;0.000000;2972.000000;2972.000000;103.481894;0.000000;0.000000;-nan;        17s 978ms 354μs 449ns;                        -1140942206064832ns
68d948;82;8;136;114;7;44;45.000000;0.000000;0.000000;2882.000000;2882.000000;100.173792;0.000000;0.000000;-nan;        15s 297ms 566μs 783ns;            563ms 642μs 777ns
68d953;82;0;145;113;7;44;45.000000;0.000000;0.000000;2970.000000;2970.000000;103.556485;0.000000;0.000000;-nan;        17s 439ms 545μs 161ns;                        -1140940337200896ns
68d96d;83;8;140;109;7;44;45.000000;0.000000;0.000000;2882.000000;2882.000000;100.000000;0.000000;0.000000;-nan;        15s 617ms 119μs 844ns;            679ms 852μs 857ns
68d979;177;106;190;155;14;51;157.000000;0.000000;0.000000;2999.000000;2999.000000;100.000000;0.000000;0.000000;-nan;        24s 212ms 906μs 268ns;                        -10268633765591764ns
68d98e;58;0;116;80;6;45;45.000000;45.000000;100.000000;2878.000000;2878.000000;100.000000;0.000000;0.000000;-nan;        15s  62ms 860μs 546ns;                          0ns
68d99d;79;0;150;111;7;44;45.000000;0.000000;0.000000;2883.000000;2883.000000;100.000000;0.000000;0.000000;-nan;        17s 739ms 625μs   2ns;            427ms 951μs 123ns
38f6ea;22;0;28;32;6;13;17.000000;0.000000;0.000000;969.000000;969.000000;99.896907;0.000000;0.000000;-nan;         1s 167ms 587μs 678ns;             56ms  36μs 370ns
38f6ef;12;0;37;25;4;15;15.000000;15.000000;100.000000;968.000000;968.000000;100.000000;0.000000;0.000000;-nan;            708ms 966μs 183ns;                          0ns
38f700;23;0;41;32;5;17;17.000000;17.000000;100.000000;1146.000000;1146.000000;100.000000;0.000000;0.000000;-nan;         1s  48ms 742μs 246ns;                          0ns
38f70a;19;0;19;22;4;16;16.000000;16.000000;100.000000;998.000000;998.000000;100.000000;0.000000;0.000000;-nan;            922ms 552μs 280ns;                          0ns
38f719;13;0;25;22;4;12;12.000000;12.000000;100.000000;975.000000;975.000000;100.000000;0.000000;0.000000;-nan;            799ms 469μs 162ns;                          0ns
38f724;14;0;34;12;4;16;16.000000;16.000000;100.000000;969.000000;969.000000;100.000000;0.000000;0.000000;-nan;         1s  68ms 963μs 748ns;                          0ns
38f72f;17;0;30;27;4;15;15.000000;15.000000;100.000000;1230.000000;1230.000000;100.000000;0.000000;0.000000;-nan;            847ms 349μs 213ns;                          0ns
38f739;13;0;55;28;5;17;17.000000;17.000000;100.000000;996.000000;996.000000;100.000000;0.000000;0.000000;-nan;         1s   8ms 507μs 794ns;                          0ns
38f745;19;0;25;24;4;14;14.000000;14.000000;100.000000;995.000000;995.000000;100.000000;0.000000;0.000000;-nan;            984ms 751μs 737ns;                          0ns
38f751;16;0;24;20;4;12;12.000000;12.000000;100.000000;973.000000;973.000000;100.000000;0.000000;0.000000;-nan;            988ms 667μs 607ns;                          0ns
69093e;54;0;114;80;6;44;0.000000;0.000000;-nan;2972.000000;2972.000000;100.000000;0.000000;0.000000;-nan;        11s 587ms 339μs 923ns;                          0ns
690943;97;2;156;125;8;43;46.000000;0.000000;0.000000;2970.000000;2970.000000;103.376262;0.000000;0.000000;-nan;        16s 457ms  55μs  75ns;                        -1141177130749024ns
690958;80;0;146;114;7;44;45.000000;0.000000;0.000000;2868.000000;2868.000000;100.000000;0.000000;0.000000;-nan;        16s 728ms 519μs 372ns;            430ms 606μs 915ns
69096e;83;0;141;116;7;44;45.000000;0.000000;0.000000;2882.000000;2882.000000;100.348189;0.000000;0.000000;-nan;        16s 302ms 280μs 788ns;         1s 850ms  38μs 156ns
690984;106;0;175;143;8;43;45.000000;0.000000;0.000000;2972.000000;2972.000000;103.662365;0.000000;0.000000;-nan;        18s 896ms 987μs 291ns;                        -570597654431701ns
69099c;105;0;175;144;8;43;45.000000;0.000000;0.000000;2972.000000;2972.000000;103.302051;0.000000;0.000000;-nan;        19s 158ms 370μs 766ns;                        -1711787456765119ns
6909b3;80;0;151;109;7;44;45.000000;0.000000;0.000000;2883.000000;2883.000000;100.000000;0.000000;0.000000;-nan;        17s 453ms 660μs 333ns;            423ms 551μs  94ns
6909c1;104;0;178;142;8;43;45.000000;0.000000;0.000000;2972.000000;2972.000000;103.122831;0.000000;0.000000;-nan;        19s 398ms 172μs  87ns;                        -1141195159004087ns
6909d7;57;0;116;81;6;45;45.000000;45.000000;100.000000;2878.000000;2878.000000;100.000000;0.000000;0.000000;-nan;        15s 401ms 759μs 115ns;                          0ns
6909ef;161;0;164;139;13;51;0.000000;0.000000;-nan;2999.000000;2999.000000;100.000000;0.000000;0.000000;-nan;        25s 294ms  15μs 684ns;                        -6276615915285452ns
92817;12;0;28;24;4;13;13.000000;13.000000;100.000000;967.000000;967.000000;100.000000;0.000000;0.000000;-nan;            534ms 734μs  91ns;                          0ns
9281e;5;0;19;8;3;7;7.000000;7.000000;100.000000;657.000000;657.000000;100.000000;0.000000;0.000000;-nan;            324ms 395μs 849ns;                          0ns
92825;6;0;8;10;3;5;5.000000;5.000000;100.000000;355.000000;355.000000;100.000000;0.000000;0.000000;-nan;            305ms 339μs 424ns;                          0ns
9282f;27;0;39;32;6;10;12.000000;0.000000;0.000000;661.000000;661.000000;100.455927;0.000000;0.000000;-nan;            891ms 385μs   0ns;            220ms 321μs 481ns
9283c;11;0;27;22;4;12;12.000000;12.000000;100.000000;699.000000;699.000000;100.000000;0.000000;0.000000;-nan;            670ms 738μs 899ns;                          0ns
92846;33;0;12;37;7;7;11.000000;0.000000;0.000000;657.000000;657.000000;99.696510;0.000000;0.000000;-nan;         1s 123ms 122μs  36ns;            127ms 685μs 642ns
92853;5;0;11;8;3;5;5.000000;5.000000;100.000000;354.000000;354.000000;100.000000;0.000000;0.000000;-nan;            405ms 435μs 922ns;                          0ns
92860;6;0;8;10;3;5;5.000000;5.000000;100.000000;353.000000;353.000000;100.000000;0.000000;0.000000;-nan;            507ms 369μs 147ns;                          0ns
9286e;479;0;404;401;26;38;149.000000;0.000000;0.000000;3555.000000;3555.000000;100.000000;0.000000;0.000000;-nan;        21s 850ms 481μs 186ns;                        -93086515429956682ns
9287e;191;0;155;180;15;41;156.000000;0.000000;0.000000;3555.000000;3555.000000;100.851064;0.000000;0.000000;-nan;        13s 604ms 559μs 615ns;                        -6456797165646084ns
693a3d;48;0;122;78;6;44;0.000000;0.000000;-nan;2972.000000;2972.000000;100.000000;0.000000;0.000000;-nan;        11s 388ms 781μs 122ns;                          0ns
693a42;80;0;137;123;7;44;45.000000;0.000000;0.000000;2882.000000;2882.000000;100.173792;0.000000;0.000000;-nan;        15s 936ms 732μs 600ns;            998ms 133μs 199ns
693a57;58;64;125;93;7;44;45.000000;0.000000;0.000000;2970.000000;2970.000000;103.376262;0.000000;0.000000;-nan;         4s 289ms 512μs 353ns;                        -1141418848504415ns
693a68;84;0;140;116;7;44;45.000000;0.000000;0.000000;2972.000000;2972.000000;103.481894;0.000000;0.000000;-nan;        16s 182ms 553μs 756ns;                        -570715977725800ns
693abf;163;0;181;153;12;51;153.000000;0.000000;0.000000;2999.000000;2999.000000;100.000000;0.000000;0.000000;-nan;        22s 780ms 214μs 448ns;                        -3995058647006969ns
693acd;101;0;182;141;8;43;45.000000;0.000000;0.000000;2970.000000;2970.000000;103.556485;0.000000;0.000000;-nan;        17s 848ms 959μs 360ns;                        -1141441661090881ns
693ade;83;0;143;114;7;44;45.000000;0.000000;0.000000;2887.000000;2887.000000;100.000000;0.000000;0.000000;-nan;        16s 669ms 334μs 276ns;            394ms 198μs 988ns
693aef;83;0;144;113;7;44;45.000000;0.000000;0.000000;2972.000000;2972.000000;103.122831;0.000000;0.000000;-nan;        16s 348ms 171μs 369ns;                        -1712151024765373ns
693afc;81;0;149;110;7;44;45.000000;0.000000;0.000000;2970.000000;2970.000000;103.196664;0.000000;0.000000;-nan;        17s 371ms 301μs 667ns;                        -570720004917498ns
693b0e;81;0;148;111;7;44;45.000000;0.000000;0.000000;2883.000000;2883.000000;100.000000;0.000000;0.000000;-nan;        17s 295ms 612μs 498ns;            520ms 452μs 845ns
696a27;55;0;114;79;6;44;0.000000;0.000000;-nan;2972.000000;2972.000000;100.000000;0.000000;0.000000;-nan;        12s   8ms 258μs 331ns;                          0ns
696a2c;82;2;146;110;7;44;45.000000;0.000000;0.000000;2883.000000;2883.000000;100.173732;0.000000;0.000000;-nan;        15s 213ms 466μs 536ns;            643ms 251μs  48ns
696a3d;96;8;147;129;8;43;46.000000;0.000000;0.000000;2972.000000;2972.000000;103.122831;0.000000;0.000000;-nan;        17s 680ms 324μs 997ns;                        -1141670605453424ns
696a58;174;104;193;149;14;50;162.000000;0.000000;0.000000;2999.000000;2999.000000;100.000000;0.000000;0.000000;-nan;        25s 198ms  20μs 158ns;                        -11417009958483637ns
696a72;82;0;147;111;7;44;45.000000;0.000000;0.000000;2970.000000;2970.000000;103.556485;0.000000;0.000000;-nan;        17s 213ms  94μs 308ns;                        -1141677839883825ns
696a8a;82;0;148;110;7;44;45.000000;0.000000;0.000000;2972.000000;2972.000000;103.481894;0.000000;0.000000;-nan;        17s 506ms 416μs 184ns;                        -1712518566130451ns
696a9a;81;0;148;111;7;44;45.000000;0.000000;0.000000;2873.000000;2873.000000;100.000000;0.000000;0.000000;-nan;        17s 962ms  97μs 370ns;            430ms 127μs 759ns
696aac;99;0;156;125;8;43;46.000000;0.000000;0.000000;2972.000000;2972.000000;103.302051;0.000000;0.000000;-nan;        19s 538ms 367μs 236ns;                        -1141684064597594ns
696ac0;83;0;141;116;7;44;45.000000;0.000000;0.000000;2972.000000;2972.000000;102.944233;0.000000;0.000000;-nan;        18s 794ms 432μs 324ns;                        -570842394763540ns
696ad8;98;8;178;140;8;43;45.000000;0.000000;0.000000;2970.000000;2970.000000;103.017690;0.000000;0.000000;-nan;        19s  37ms 890μs 812ns;                        -1141681984737771ns
396f57;34;0;29;43;6;11;13.000000;0.000000;0.000000;981.000000;981.000000;100.512295;0.000000;0.000000;-nan;         1s 337ms 253μs 494ns;            431ms 952μs 365ns
396f5b;36;0;25;41;6;12;14.000000;0.000000;0.000000;999.000000;999.000000;100.503018;0.000000;0.000000;-nan;         1s 390ms 449μs  67ns;            274ms 566μs 424ns
396f65;14;0;26;20;4;12;12.000000;12.000000;100.000000;972.000000;972.000000;100.000000;0.000000;0.000000;-nan;            699ms 886μs 946ns;                          0ns
396f78;20;0;21;27;4;14;14.000000;14.000000;100.000000;983.000000;983.000000;100.000000;0.000000;0.000000;-nan;         1s  19ms 143μs 345ns;                          0ns
396f89;18;0;33;23;4;15;15.000000;15.000000;100.000000;1147.000000;1147.000000;100.000000;0.000000;0.000000;-nan;         1s  42ms 616μs 671ns;                          0ns
396f98;14;0;24;26;4;13;13.000000;13.000000;100.000000;997.000000;997.000000;100.000000;0.000000;0.000000;-nan;         1s  14ms 876μs 403ns;                          0ns
396fa3;22;0;40;40;5;18;18.000000;18.000000;100.000000;1325.000000;1325.000000;100.000000;0.000000;0.000000;-nan;         1s 290ms 259μs 492ns;                          0ns
396fac;14;0;26;24;4;13;13.000000;13.000000;100.000000;971.000000;971.000000;100.000000;0.000000;0.000000;-nan;            823ms 676μs 543ns;                          0ns
396fba;22;0;44;40;5;19;19.000000;19.000000;100.000000;1230.000000;1230.000000;100.000000;0.000000;0.000000;-nan;         1s 228ms 565μs 691ns;                          0ns
396fca;14;0;31;19;4;13;13.000000;13.000000;100.000000;995.000000;995.000000;100.000000;0.000000;0.000000;-nan;         1s  70ms 901μs 583ns;                          0ns
399afa;15;0;24;25;4;13;13.000000;13.000000;100.000000;998.000000;998.000000;100.000000;0.000000;0.000000;-nan;            504ms  35μs 426ns;                          0ns
399aff;20;0;27;27;4;15;15.000000;15.000000;100.000000;1149.000000;1149.000000;100.000000;0.000000;0.000000;-nan;            530ms 291μs 802ns;                          0ns
399b11;14;0;30;30;4;15;15.000000;15.000000;100.000000;1148.000000;1148.000000;100.000000;0.000000;0.000000;-nan;            862ms 908μs 755ns;                          0ns
399b29;93;0;82;75;8;21;24.000000;0.000000;0.000000;1571.000000;1571.000000;100.127470;0.000000;0.000000;-nan;         2s 863ms 416μs 356ns;         2s 776ms 872μs 710ns
399b3c;17;0;26;25;4;14;14.000000;14.000000;100.000000;1153.000000;1153.000000;100.000000;0.000000;0.000000;-nan;            625ms 309μs 642ns;                          0ns
399b47;19;0;39;38;5;17;17.000000;17.000000;100.000000;1219.000000;1219.000000;100.000000;0.000000;0.000000;-nan;         1s  39ms 201μs 782ns;                          0ns
399b51;10;0;29;25;4;13;13.000000;13.000000;100.000000;999.000000;999.000000;100.000000;0.000000;0.000000;-nan;            714ms 997μs 450ns;                          0ns
399b5a;20;0;58;48;5;23;23.000000;23.000000;100.000000;1325.000000;1325.000000;100.000000;0.000000;0.000000;-nan;         1s  43ms 749μs 652ns;                          0ns
399b6e;30;0;27;29;5;14;15.000000;0.000000;0.000000;1165.000000;1165.000000;100.000000;0.000000;0.000000;-nan;         1s 519ms 851μs 994ns;            375ms 245μs  84ns
399b7d;25;0;20;25;5;14;16.000000;0.000000;0.000000;1230.000000;1230.000000;100.000000;0.000000;0.000000;-nan;         1s 637ms 811μs 863ns;            165ms 185μs 330ns
699b58;44;0;126;78;6;44;0.000000;0.000000;-nan;2972.000000;2972.000000;100.000000;0.000000;0.000000;-nan;        13s 210ms 989μs 940ns;                          0ns
699b5d;82;0;145;113;7;44;45.000000;0.000000;0.000000;2970.000000;2970.000000;103.376262;0.000000;0.000000;-nan;        17s 263ms 451μs 670ns;                        -1141928117842715ns
699b6c;87;0;140;121;7;45;46.000000;0.000000;0.000000;2872.000000;2872.000000;100.000000;0.000000;0.000000;-nan;        16s 967ms 246μs  19ns;            589ms 573μs 995ns
699b7c;104;0;176;144;8;43;45.000000;0.000000;0.000000;2972.000000;2972.000000;102.944233;0.000000;0.000000;-nan;        18s 738ms 199μs 420ns;                        -2283868190095720ns
699b8c;81;0;146;113;7;44;45.000000;0.000000;0.000000;2970.000000;2970.000000;103.556485;0.000000;0.000000;-nan;        17s 476ms 796μs 637ns;                        -570964329619021ns
699b9b;79;0;145;116;7;44;45.000000;0.000000;0.000000;2972.000000;2972.000000;103.302051;0.000000;0.000000;-nan;        16s 787ms 100μs  28ns;                        -1712887348333886ns
699ba9;162;0;169;133;13;51;166.000000;0.000000;0.000000;2999.000000;2999.000000;100.000000;0.000000;0.000000;-nan;        24s 642ms 979μs 922ns;                        -7422663856938619ns
699bbc;82;3;144;111;7;44;45.000000;0.000000;0.000000;2878.000000;2878.000000;100.000000;0.000000;0.000000;-nan;        16s 462ms  99μs 769ns;            329ms 461μs 920ns
699bcb;84;0;142;114;7;44;45.000000;0.000000;0.000000;2882.000000;2882.000000;100.000000;0.000000;0.000000;-nan;        18s 417ms 417μs 615ns;            806ms  86μs 656ns
699be4;80;0;147;113;7;44;45.000000;0.000000;0.000000;2970.000000;2970.000000;103.017690;0.000000;0.000000;-nan;        18s 210ms 507μs 561ns;                        -570966208933863ns
9b286;27;0;119;78;6;39;0.000000;0.000000;-nan;3554.000000;3554.000000;100.000000;0.000000;0.000000;-nan;         1s 117ms  64μs 973ns;                          0ns
9b28a;59;0;31;74;7;16;18.000000;0.000000;0.000000;973.000000;973.000000;99.897331;0.000000;0.000000;-nan;         1s 842ms 663μs 280ns;            372ms 582μs 909ns
9b296;23;0;33;40;5;17;17.000000;17.000000;100.000000;998.000000;998.000000;100.000000;0.000000;0.000000;-nan;         1s 165ms 209μs 931ns;                          0ns
9b2a4;18;0;31;25;4;15;15.000000;15.000000;100.000000;973.000000;973.000000;100.000000;0.000000;0.000000;-nan;            893ms 241μs 997ns;                          0ns
9b2b0;19;0;22;27;4;14;14.000000;14.000000;100.000000;1156.000000;1156.000000;100.000000;0.000000;0.000000;-nan;         1s   1ms 562μs 774ns;                          0ns
9b2bc;19;0;26;29;4;15;15.000000;15.000000;100.000000;1217.000000;1217.000000;100.000000;0.000000;0.000000;-nan;         1s 106ms 838μs 368ns;                          0ns
9b2c9;19;0;15;30;4;13;13.000000;13.000000;100.000000;977.000000;977.000000;100.000000;0.000000;0.000000;-nan;            993ms 180μs 190ns;                          0ns
9b2d2;19;0;22;19;4;16;16.000000;16.000000;100.000000;1166.000000;1166.000000;100.000000;0.000000;0.000000;-nan;         1s 213ms 205μs  75ns;                          0ns
9b2da;14;0;24;22;4;12;12.000000;12.000000;100.000000;972.000000;972.000000;100.000000;0.000000;0.000000;-nan;         1s 134ms 675μs 446ns;                          0ns
9b2e3;65;0;58;39;9;14;21.000000;0.000000;0.000000;1230.000000;1230.000000;100.000000;0.000000;0.000000;-nan;         2s 269ms 994μs 913ns;                        -1076194502518385ns
39c2a7;22;0;65;41;5;25;25.000000;25.000000;100.000000;1565.000000;1565.000000;100.000000;0.000000;0.000000;-nan;         1s 484ms 761μs 653ns;                          0ns
39c2ac;58;0;55;57;7;21;25.000000;0.000000;0.000000;1572.000000;1572.000000;100.383142;0.000000;0.000000;-nan;         3s 143ms 642μs 406ns;         1s  83ms 930μs 273ns
39c2bb;56;0;66;56;7;22;28.000000;0.000000;0.000000;1572.000000;1572.000000;100.191205;0.000000;0.000000;-nan;         3s 285ms 455μs 511ns;            470ms 613μs 941ns
39c2c5;23;0;55;46;5;24;24.000000;24.000000;100.000000;1697.000000;1697.000000;100.000000;0.000000;0.000000;-nan;         1s 604ms 196μs 137ns;                          0ns
39c2ce;23;0;57;42;5;22;22.000000;22.000000;100.000000;1573.000000;1573.000000;100.000000;0.000000;0.000000;-nan;         1s 610ms 456μs 799ns;                          0ns
39c2db;21;0;48;43;5;20;20.000000;20.000000;100.000000;1344.000000;1344.000000;100.000000;0.000000;0.000000;-nan;         1s 672ms 290μs 496ns;                          0ns
39c2e6;65;0;51;52;6;22;23.000000;0.000000;0.000000;1570.000000;1570.000000;100.000000;0.000000;0.000000;-nan;         2s 895ms 759μs 958ns;            195ms 409μs 529ns
39c2ef;20;0;59;43;5;22;22.000000;22.000000;100.000000;1571.000000;1571.000000;100.000000;0.000000;0.000000;-nan;         1s 732ms 785μs 126ns;                          0ns
39c2f9;23;0;63;40;5;23;23.000000;23.000000;100.000000;1567.000000;1567.000000;100.000000;0.000000;0.000000;-nan;         1s 534ms 361μs 519ns;                          0ns
39c308;24;0;48;34;5;19;19.000000;19.000000;100.000000;1325.000000;1325.000000;100.000000;0.000000;0.000000;-nan;         1s 742ms 880μs 319ns;                          0ns
69cb77;78;0;143;111;7;43;0.000000;0.000000;-nan;2972.000000;2972.000000;100.000000;0.000000;0.000000;-nan;        17s 906ms 618μs 764ns;                        -1142175373573169ns
69cb7c;171;0;212;143;13;54;161.000000;0.000000;0.000000;2999.000000;2999.000000;100.000000;0.000000;0.000000;-nan;        27s 146ms 854μs  76ns;                        -8566501924096623ns
69cb90;102;1;182;139;8;43;45.000000;0.000000;0.000000;2972.000000;2972.000000;103.302051;0.000000;0.000000;-nan;        18s 175ms 370μs 253ns;                        -1142171880925384ns
69cb99;109;0;171;154;8;44;46.000000;0.000000;0.000000;2972.000000;2972.000000;102.944233;0.000000;0.000000;-nan;        21s 501ms 582μs 108ns;                        -1142188147115702ns
69cbb9;85;0;144;111;7;44;45.000000;0.000000;0.000000;2872.000000;2872.000000;100.000000;0.000000;0.000000;-nan;        19s   5ms 271μs 652ns;            803ms 370μs 489ns
69cbd3;83;0;149;108;7;44;45.000000;0.000000;0.000000;2868.000000;2868.000000;100.000000;0.000000;0.000000;-nan;        19s 764ms 436μs 846ns;            381ms 338μs 866ns
69cbe4;105;0;174;145;8;43;45.000000;0.000000;0.000000;2972.000000;2972.000000;103.662365;0.000000;0.000000;-nan;        21s 729ms 202μs 617ns;                        -1142188831219484ns
69cbef;81;0;150;109;7;44;45.000000;0.000000;0.000000;2883.000000;2883.000000;100.000000;0.000000;0.000000;-nan;        19s 207ms 344μs 333ns;            596ms 862μs 542ns
69cc03;82;0;142;116;7;44;45.000000;0.000000;0.000000;2882.000000;2882.000000;100.000000;0.000000;0.000000;-nan;        20s 592ms  43μs 340ns;            244ms 730μs 865ns
69cc13;107;0;177;150;8;44;46.000000;0.000000;0.000000;2970.000000;2970.000000;103.196664;0.000000;0.000000;-nan;        22s 140ms 367μs 521ns;                        -1142195875314131ns
39f7d6;60;0;57;71;6;26;27.000000;0.000000;0.000000;1890.000000;1890.000000;100.000000;0.000000;0.000000;-nan;        10s  47ms 169μs  59ns;            562ms 142μs 621ns
39f7dc;85;0;73;94;7;27;29.000000;0.000000;0.000000;1836.000000;1836.000000;100.000000;0.000000;0.000000;-nan;        11s  54ms 508μs 279ns;            775ms 991μs  13ns
39f7e8;77;0;53;58;6;26;27.000000;0.000000;0.000000;1699.000000;1699.000000;100.117855;0.000000;0.000000;-nan;         9s 787ms 114μs 523ns;            703ms 626μs 779ns
39f7f7;69;0;68;71;6;29;30.000000;0.000000;0.000000;1830.000000;1830.000000;100.000000;0.000000;0.000000;-nan;         9s 508ms 162μs 529ns;            429ms 591μs 263ns
39f806;51;0;59;64;6;24;25.000000;0.000000;0.000000;1701.000000;1701.000000;100.058824;0.000000;0.000000;-nan;         9s 265ms 785μs  57ns;            341ms 984μs 348ns
39f814;83;0;72;63;7;23;25.000000;0.000000;0.000000;1701.000000;1701.000000;100.000000;0.000000;0.000000;-nan;        11s 112ms 872μs 131ns;            544ms 624μs 574ns
39f821;64;0;64;66;6;27;28.000000;0.000000;0.000000;1880.000000;1880.000000;100.000000;0.000000;0.000000;-nan;        10s 871ms 165μs 635ns;            166ms 200μs 869ns
39f82f;106;0;92;128;9;23;27.000000;0.000000;0.000000;1701.000000;1701.000000;100.176678;0.000000;0.000000;-nan;        11s 926ms 404μs 610ns;         2s 511ms 271μs 598ns
39f838;66;0;67;67;6;28;29.000000;0.000000;0.000000;1699.000000;1699.000000;100.000000;0.000000;0.000000;-nan;         9s 188ms 418μs 626ns;         1s   6ms 568μs 202ns
39f843;64;0;58;66;6;26;27.000000;0.000000;0.000000;1696.000000;1696.000000;100.000000;0.000000;0.000000;-nan;        10s 310ms 202μs 529ns;            828ms 841μs 465ns
69fe1e;47;0;120;75;6;43;0.000000;0.000000;-nan;2972.000000;2972.000000;100.000000;0.000000;0.000000;-nan;        12s 912ms 540μs 683ns;                          0ns
69fe23;75;18;137;110;7;44;45.000000;0.000000;0.000000;2878.000000;2878.000000;100.000000;0.000000;0.000000;-nan;        10s 932ms 773μs 567ns;            630ms 436μs 421ns
69fe34;82;0;142;116;7;44;45.000000;0.000000;0.000000;2972.000000;2972.000000;103.302051;0.000000;0.000000;-nan;        17s 364ms 930μs 766ns;                        -1713645148596545ns
69fe62;81;0;146;113;7;44;45.000000;0.000000;0.000000;2970.000000;2970.000000;103.556485;0.000000;0.000000;-nan;        17s 674ms 839μs 884ns;                        -1142431491076142ns
69fe76;84;0;142;114;7;44;45.000000;0.000000;0.000000;2887.000000;2887.000000;100.000000;0.000000;0.000000;-nan;        17s 841ms 736μs 676ns;            261ms 290μs 669ns
69fe8b;84;0;140;116;7;44;45.000000;0.000000;0.000000;2972.000000;2972.000000;103.662365;0.000000;0.000000;-nan;        18s  31ms 278μs 152ns;                        -571216743785533ns
69fea3;81;0;139;120;7;44;45.000000;0.000000;0.000000;2882.000000;2882.000000;100.348189;0.000000;0.000000;-nan;        18s 223ms 472μs 919ns;         1s 209ms 388μs 692ns
69febe;101;0;188;135;8;43;45.000000;0.000000;0.000000;2970.000000;2970.000000;103.017690;0.000000;0.000000;-nan;        19s 409ms  80μs   9ns;                        -1142442761086869ns
69fed0;79;8;140;113;7;44;45.000000;0.000000;0.000000;2882.000000;2882.000000;100.000000;0.000000;0.000000;-nan;        17s 193ms 923μs 486ns;            297ms 301μs 346ns
69fee0;93;0;180;131;8;41;43.000000;0.000000;0.000000;2855.000000;2855.000000;100.000000;0.000000;0.000000;-nan;        19s 709ms 239μs 162ns;            599ms 796μs 768ns
5fd690;80;0;146;114;7;44;45.000000;0.000000;0.000000;2882.000000;2882.000000;100.000000;0.000000;0.000000;-nan;        18s 181ms 448μs 142ns;            250ms 536μs 755ns
5fd69c;102;0;186;136;8;43;45.000000;0.000000;0.000000;2970.000000;2970.000000;103.017690;0.000000;0.000000;-nan;        19s 338ms 208μs 939ns;                        -1128441466884062ns
5fd6a5;81;8;138;113;7;44;45.000000;0.000000;0.000000;2877.000000;2877.000000;100.000000;0.000000;0.000000;-nan;        15s 963ms 760μs 611ns;            352ms 285μs  33ns
5fd647;82;0;145;113;7;44;45.000000;0.000000;0.000000;2887.000000;2887.000000;100.000000;0.000000;0.000000;-nan;        17s 187ms 887μs 780ns;            857ms 556μs 964ns
5fd656;137;106;138;83;13;53;160.000000;0.000000;0.000000;2999.000000;2999.000000;100.000000;0.000000;0.000000;-nan;        22s 907ms 784μs 538ns;                        -8463388100113334ns
5fd66f;105;0;176;143;8;43;45.000000;0.000000;0.000000;2972.000000;2972.000000;103.481894;0.000000;0.000000;-nan;        19s  23ms  18μs 170ns;                        -1692653180407378ns
5fd67f;79;0;150;111;7;44;45.000000;0.000000;0.000000;2873.000000;2873.000000;100.000000;0.000000;0.000000;-nan;        17s 440ms 829μs 193ns;            579ms 189μs  97ns
5fd61f;42;0;124;76;6;43;0.000000;0.000000;-nan;2970.000000;2970.000000;100.000000;0.000000;0.000000;-nan;        11s   6ms 270μs 458ns;                          0ns
5fd623;81;1;146;112;7;44;45.000000;0.000000;0.000000;2970.000000;2970.000000;103.556485;0.000000;0.000000;-nan;        15s 704ms 802μs 961ns;                        -564213762400461ns
5fd62f;97;0;156;127;8;43;46.000000;0.000000;0.000000;2970.000000;2970.000000;103.196664;0.000000;0.000000;-nan;        18s 788ms 949μs 407ns;                        -1128432688857552ns
5fa5c5;83;0;144;113;7;44;45.000000;0.000000;0.000000;2877.000000;2877.000000;100.000000;0.000000;0.000000;-nan;        17s 973ms 912μs 445ns;            286ms 978μs 677ns
5fa5d2;85;0;142;113;7;44;45.000000;0.000000;0.000000;2972.000000;2972.000000;102.944233;0.000000;0.000000;-nan;        18s 259ms 639μs 275ns;                        -564098479139018ns
5fa5e1;81;0;151;108;7;44;45.000000;0.000000;0.000000;2970.000000;2970.000000;103.556485;0.000000;0.000000;-nan;        18s 380ms 434μs 800ns;                        -564098750762479ns
5fa587;84;0;146;110;7;44;45.000000;0.000000;0.000000;2883.000000;2883.000000;100.000000;0.000000;0.000000;-nan;        17s 696ms 563μs 358ns;            743ms 981μs 797ns
5fa59c;82;0;149;109;7;44;45.000000;0.000000;0.000000;2972.000000;2972.000000;103.481894;0.000000;0.000000;-nan;        17s 579ms 255μs  82ns;                        -564096045493140ns
5fa5a7;193;0;199;170;14;50;157.000000;0.000000;0.000000;2999.000000;2999.000000;100.000000;0.000000;0.000000;-nan;        24s 978ms 347μs 529ns;                        -7333366850989149ns
5fa5b8;80;0;144;116;7;44;45.000000;0.000000;0.000000;2882.000000;2882.000000;100.000000;0.000000;0.000000;-nan;        17s 354ms 220μs 608ns;            395ms 878μs 857ns
5fa564;47;0;120;75;6;43;0.000000;0.000000;-nan;2972.000000;2972.000000;100.000000;0.000000;0.000000;-nan;        12s 172ms 831μs 439ns;                          0ns
5fa568;80;0;145;115;7;44;45.000000;0.000000;0.000000;2873.000000;2873.000000;100.000000;0.000000;0.000000;-nan;        16s 770ms 217μs 472ns;            749ms 209μs 635ns
5fa577;102;0;182;140;8;43;45.000000;0.000000;0.000000;2970.000000;2970.000000;103.196664;0.000000;0.000000;-nan;        17s 136ms 456μs 264ns;                        -1128186622101049ns
5f764b;58;0;115;81;6;45;45.000000;45.000000;100.000000;2883.000000;2883.000000;100.000000;0.000000;0.000000;-nan;        13s 163ms 337μs 981ns;                          0ns
5f7656;106;0;176;152;8;44;46.000000;0.000000;0.000000;2868.000000;2868.000000;100.000000;0.000000;0.000000;-nan;        17s 312ms 938μs 515ns;         2s 637ms 438μs 884ns
5f7666;81;0;148;111;7;44;45.000000;0.000000;0.000000;2970.000000;2970.000000;103.196664;0.000000;0.000000;-nan;        16s 931ms 256μs 363ns;                        -1127961393945132ns
5f760a;80;0;148;112;7;44;45.000000;0.000000;0.000000;2972.000000;2972.000000;103.481894;0.000000;0.000000;-nan;        15s 444ms 326μs 560ns;                        -563975308537346ns
5f761b;82;0;143;115;7;44;45.000000;0.000000;0.000000;2872.000000;2872.000000;100.174398;0.000000;0.000000;-nan;        15s 883ms 700μs 741ns;         1s  14ms 588μs 387ns
5f762d;174;0;198;146;13;51;162.000000;0.000000;0.000000;2999.000000;2999.000000;100.000000;0.000000;0.000000;-nan;        22s 823ms 535μs 232ns;                        -6203839239898119ns
5f763f;83;0;147;110;7;44;45.000000;0.000000;0.000000;2882.000000;2882.000000;100.000000;0.000000;0.000000;-nan;        16s 187ms 562μs 471ns;            742ms 728μs 894ns
5f75e5;47;0;120;81;6;44;0.000000;0.000000;-nan;2972.000000;2972.000000;100.000000;0.000000;0.000000;-nan;        11s 193ms 228μs 316ns;                          0ns
5f75ea;59;0;113;82;6;45;45.000000;45.000000;100.000000;2887.000000;2887.000000;100.000000;0.000000;0.000000;-nan;        11s 868ms 106μs 130ns;                          0ns
5f75fb;83;0;144;113;7;44;45.000000;0.000000;0.000000;2877.000000;2877.000000;100.000000;0.000000;0.000000;-nan;        15s 733ms  92μs 246ns;            621ms 592μs 669ns
5f4448;104;8;176;136;8;43;45.000000;0.000000;0.000000;2972.000000;2972.000000;103.662365;0.000000;0.000000;-nan;        19s 239ms  20μs 439ns;                        -1127715023199501ns
5f445c;81;2;147;110;7;44;45.000000;0.000000;0.000000;2972.000000;2972.000000;102.944233;0.000000;0.000000;-nan;        17s 449ms 956μs 850ns;                        -563856340406346ns
5f4476;82;0;142;116;7;44;45.000000;0.000000;0.000000;2882.000000;2882.000000;100.000000;0.000000;0.000000;-nan;        19s 517ms 635μs 904ns;            601ms 266μs 868ns
5f4402;200;10;251;191;13;50;154.000000;0.000000;0.000000;2999.000000;2999.000000;100.000000;0.000000;0.000000;-nan;        26s 847ms 556μs 885ns;                        -7894158147821320ns
5f4427;79;0;150;111;7;44;45.000000;0.000000;0.000000;2868.000000;2868.000000;100.000000;0.000000;0.000000;-nan;        17s 828ms 629μs 887ns;            252ms 311μs 967ns
5f443b;106;0;180;148;8;44;46.000000;0.000000;0.000000;2883.000000;2883.000000;100.000000;0.000000;0.000000;-nan;        19s 616ms 753μs  73ns;         1s 343ms 726μs  29ns
5f43ce;82;0;145;113;7;44;45.000000;0.000000;0.000000;2877.000000;2877.000000;100.000000;0.000000;0.000000;-nan;        17s 663ms 281μs 852ns;            262ms 898μs 526ns
5f43ed;104;8;174;138;8;43;45.000000;0.000000;0.000000;2972.000000;2972.000000;103.481894;0.000000;0.000000;-nan;        18s 612ms  38μs 368ns;                        -2819277851974634ns
5f43b4;47;0;123;78;6;44;0.000000;0.000000;-nan;2972.000000;2972.000000;100.000000;0.000000;0.000000;-nan;        13s 264ms 207μs 682ns;                          0ns
5f43b9;81;1;147;111;7;44;45.000000;0.000000;0.000000;2878.000000;2878.000000;100.000000;0.000000;0.000000;-nan;        13s 974ms 792μs 262ns;            532ms  29μs 814ns
5f148c;58;0;117;79;6;45;45.000000;45.000000;100.000000;2883.000000;2883.000000;100.000000;0.000000;0.000000;-nan;        13s 569ms 750μs 404ns;                          0ns
5f149c;82;0;143;115;7;44;45.000000;0.000000;0.000000;2882.000000;2882.000000;100.000000;0.000000;0.000000;-nan;        15s 915ms 967μs 464ns;            335ms 240μs 852ns
5f14ba;80;0;149;111;7;44;45.000000;0.000000;0.000000;2887.000000;2887.000000;100.000000;0.000000;0.000000;-nan;        16s 113ms 321μs 122ns;            428ms  54μs 225ns
5f1447;82;0;149;109;7;44;45.000000;0.000000;0.000000;2972.000000;2972.000000;103.302051;0.000000;0.000000;-nan;        15s 681ms 954μs 946ns;                        -563738778407265ns
5f145b;85;0;145;118;7;45;46.000000;0.000000;0.000000;2873.000000;2873.000000;100.000000;0.000000;0.000000;-nan;        15s 402ms 836μs 275ns;         1s  17ms 346μs 181ns
5f1468;80;8;142;110;7;44;45.000000;0.000000;0.000000;2868.000000;2868.000000;100.000000;0.000000;0.000000;-nan;        14s 843ms 567μs 897ns;            411ms 351μs 776ns
5f147a;211;0;248;199;15;49;158.000000;0.000000;0.000000;2999.000000;2999.000000;100.000000;0.000000;0.000000;-nan;        23s  20ms 321μs 246ns;                        -7892450345233523ns
5f1423;47;0;118;83;6;44;0.000000;0.000000;-nan;2972.000000;2972.000000;100.000000;0.000000;0.000000;-nan;         7s 355ms 251μs 260ns;                          0ns
5f1428;43;0;125;74;6;43;0.000000;0.000000;-nan;2970.000000;2970.000000;100.000000;0.000000;0.000000;-nan;        11s 218ms 326μs 349ns;                          0ns
5f1431;83;0;142;115;7;44;45.000000;0.000000;0.000000;2972.000000;2972.000000;103.481894;0.000000;0.000000;-nan;        15s 244ms 307μs 188ns;                        -1691212760524021ns
5ee340;83;0;142;115;7;44;45.000000;0.000000;0.000000;2972.000000;2972.000000;103.302051;0.000000;0.000000;-nan;        16s 993ms 702μs 707ns;                        -563619462323970ns
5ee300;104;0;179;141;8;43;45.000000;0.000000;0.000000;2972.000000;2972.000000;103.481894;0.000000;0.000000;-nan;        17s 799ms 550μs 153ns;                        -1127239409880856ns
5ee316;77;0;152;111;7;44;45.000000;0.000000;0.000000;2883.000000;2883.000000;100.000000;0.000000;0.000000;-nan;        15s 962ms  80μs 220ns;            276ms   7μs 696ns
5ee325;81;0;144;115;7;44;45.000000;0.000000;0.000000;2882.000000;2882.000000;100.000000;0.000000;0.000000;-nan;        16s 739ms 476μs 801ns;            290ms 989μs   6ns
5ee337;80;0;151;109;7;44;45.000000;0.000000;0.000000;2887.000000;2887.000000;100.000000;0.000000;0.000000;-nan;        17s 527ms 590μs 144ns;            255ms 821μs 828ns
5ee2c9;213;0;254;223;14;52;169.000000;0.000000;0.000000;2999.000000;2999.000000;100.000000;0.000000;0.000000;-nan;        25s 577ms 532μs 325ns;                        -12963488870632389ns
5ee2e4;101;0;186;137;8;43;45.000000;0.000000;0.000000;2970.000000;2970.000000;103.196664;0.000000;0.000000;-nan;        17s 998ms  83μs 695ns;                        -1127241633323277ns
5ee29e;48;0;119;81;6;44;0.000000;0.000000;-nan;2972.000000;2972.000000;100.000000;0.000000;0.000000;-nan;         6s 870ms 205μs 376ns;                          0ns
5ee2a4;43;0;125;80;6;44;0.000000;0.000000;-nan;2970.000000;2970.000000;100.000000;0.000000;0.000000;-nan;        11s  72ms 361μs 700ns;                          0ns
5ee2b4;95;4;154;127;8;43;46.000000;0.000000;0.000000;2970.000000;2970.000000;103.340292;0.000000;0.000000;-nan;        17s 330ms 101μs 560ns;                        -1690855345125711ns
5eb402;77;8;143;112;7;44;45.000000;0.000000;0.000000;2970.000000;2970.000000;103.376262;0.000000;0.000000;-nan;        14s 828ms 626μs 943ns;                        -1127000304691143ns
5eb3c6;157;0;196;145;12;51;153.000000;0.000000;0.000000;2999.000000;2999.000000;100.000000;0.000000;0.000000;-nan;        21s 487ms 153μs 331ns;                        -5635081465379402ns
5eb3de;82;0;148;110;7;44;45.000000;0.000000;0.000000;2970.000000;2970.000000;103.017690;0.000000;0.000000;-nan;        16s  69ms 337μs 200ns;                        -563502670800717ns
5eb3ee;84;0;143;113;7;44;45.000000;0.000000;0.000000;2882.000000;2882.000000;100.000000;0.000000;0.000000;-nan;        16s 358ms 827μs 876ns;            247ms 883μs 156ns
5eb3f9;80;0;148;112;7;44;45.000000;0.000000;0.000000;2887.000000;2887.000000;100.000000;0.000000;0.000000;-nan;        16s 546ms 923μs 110ns;            260ms 313μs 151ns
5eb381;43;0;125;80;6;44;0.000000;0.000000;-nan;2970.000000;2970.000000;100.000000;0.000000;0.000000;-nan;         7s 717ms 507μs 690ns;                          0ns
5eb384;47;0;118;83;6;44;0.000000;0.000000;-nan;2972.000000;2972.000000;100.000000;0.000000;0.000000;-nan;        10s 325ms 496μs 720ns;                          0ns
5eb38e;77;0;120;99;7;44;46.000000;0.000000;0.000000;2972.000000;2972.000000;103.302051;0.000000;0.000000;-nan;        15s 101ms 171μs 217ns;                        -563497440268170ns
5eb3a7;84;0;143;113;7;44;45.000000;0.000000;0.000000;2972.000000;2972.000000;103.481894;0.000000;0.000000;-nan;        15s 397ms 391μs 929ns;                        -563501045391812ns
5eb3ba;96;0;156;128;8;43;46.000000;0.000000;0.000000;2970.000000;2970.000000;103.196664;0.000000;0.000000;-nan;        16s 945ms 173μs 141ns;                        -1690512504044612ns
2eb041;6;0;14;8;3;6;6.000000;6.000000;100.000000;353.000000;353.000000;100.000000;0.000000;0.000000;-nan;            376ms 462μs 948ns;                          0ns
2eb04e;19;0;16;25;4;16;16.000000;16.000000;100.000000;966.000000;966.000000;100.000000;0.000000;0.000000;-nan;            575ms 440μs 816ns;                          0ns
2eb006;45;0;16;59;8;8;12.000000;0.000000;0.000000;656.000000;656.000000;99.847793;0.000000;0.000000;-nan;         1s 297ms 939μs 301ns;            347ms 616μs 233ns
2eb012;13;0;21;24;4;11;11.000000;11.000000;100.000000;656.000000;656.000000;100.000000;0.000000;0.000000;-nan;            433ms 820μs 763ns;                          0ns
2eb020;8;0;10;10;3;8;8.000000;8.000000;100.000000;660.000000;660.000000;100.000000;0.000000;0.000000;-nan;            451ms 827μs 201ns;                          0ns
2eb026;9;0;13;6;3;6;6.000000;6.000000;100.000000;354.000000;354.000000;100.000000;0.000000;0.000000;-nan;            413ms 786μs 270ns;                          0ns
2eb02f;4;0;12;8;3;5;5.000000;5.000000;100.000000;352.000000;352.000000;100.000000;0.000000;0.000000;-nan;            430ms 217μs 589ns;                          0ns
2eafea;7;0;35;22;4;13;13.000000;13.000000;100.000000;1230.000000;1230.000000;100.000000;0.000000;0.000000;-nan;            461ms 322μs 273ns;                          0ns
2eafef;7;0;11;14;3;7;7.000000;7.000000;100.000000;655.000000;655.000000;100.000000;0.000000;0.000000;-nan;            270ms 611μs 371ns;                          0ns
2eaffa;10;0;21;17;4;9;9.000000;9.000000;100.000000;658.000000;658.000000;100.000000;0.000000;0.000000;-nan;            392ms 123μs 709ns;                          0ns
5e8541;81;2;149;108;7;44;45.000000;0.000000;0.000000;2887.000000;2887.000000;100.000000;0.000000;0.000000;-nan;        15s 561ms  18μs 103ns;            315ms 958μs 336ns
5e8523;80;0;149;111;7;44;45.000000;0.000000;0.000000;2883.000000;2883.000000;100.000000;0.000000;0.000000;-nan;        16s 280ms   1μs 757ns;            256ms 248μs 105ns
5e8530;83;0;145;112;7;44;45.000000;0.000000;0.000000;2972.000000;2972.000000;103.481894;0.000000;0.000000;-nan;        16s 803ms  87μs 285ns;                        -563389161041995ns
5e84c3;82;0;145;113;7;44;45.000000;0.000000;0.000000;2882.000000;2882.000000;100.000000;0.000000;0.000000;-nan;        16s 537ms 750μs 468ns;            423ms 605μs 834ns
5e848c;83;0;142;115;7;44;45.000000;0.000000;0.000000;2972.000000;2972.000000;103.302051;0.000000;0.000000;-nan;        15s 712ms 465μs 817ns;                        -563385752855761ns
5e849c;79;8;144;109;7;44;45.000000;0.000000;0.000000;2970.000000;2970.000000;103.196664;0.000000;0.000000;-nan;        13s 309ms 875μs 155ns;                        -1126765829099477ns
5e84b1;78;8;143;111;7;44;45.000000;0.000000;0.000000;2970.000000;2970.000000;103.376262;0.000000;0.000000;-nan;        15s 182ms  47μs 972ns;                        -1126769858138449ns
5e845c;41;8;120;73;6;43;0.000000;0.000000;-nan;2970.000000;2970.000000;100.000000;0.000000;0.000000;-nan;         7s 435ms 173μs 343ns;                          0ns
5e8460;47;0;123;78;6;44;0.000000;0.000000;-nan;2972.000000;2972.000000;100.000000;0.000000;0.000000;-nan;         8s 303ms 144μs 157ns;                          0ns
5e846a;174;0;200;152;13;54;161.000000;0.000000;0.000000;2999.000000;2999.000000;100.000000;0.000000;0.000000;-nan;        22s  76ms  84μs 927ns;                        -6760711748741543ns
5e5306;83;0;148;109;7;44;45.000000;0.000000;0.000000;2972.000000;2972.000000;103.481894;0.000000;0.000000;-nan;        16s 990ms 238μs 147ns;                        -563273071088008ns
5e52d8;136;0;141;121;10;53;0.000000;0.000000;-nan;2999.000000;2999.000000;100.000000;0.000000;0.000000;-nan;        20s 723ms 637μs 801ns;                        -7885896056281968ns
5e52e6;80;0;148;112;7;44;45.000000;0.000000;0.000000;2972.000000;2972.000000;103.302051;0.000000;0.000000;-nan;        16s 356ms 607μs 111ns;                        -1126543439638534ns
5e52ef;79;0;151;110;7;44;45.000000;0.000000;0.000000;2883.000000;2883.000000;100.000000;0.000000;0.000000;-nan;        16s 709ms 836μs 276ns;            299ms 968μs  74ns
5e52fc;78;8;146;108;7;44;45.000000;0.000000;0.000000;2887.000000;2887.000000;100.000000;0.000000;0.000000;-nan;        15s 472ms 457μs 754ns;            274ms 121μs 369ns
5e5297;54;0;116;78;6;44;0.000000;0.000000;-nan;2970.000000;2970.000000;100.000000;0.000000;0.000000;-nan;        12s 250ms 728μs 564ns;                          0ns
5e529a;47;0;120;81;6;44;0.000000;0.000000;-nan;2972.000000;2972.000000;100.000000;0.000000;0.000000;-nan;        12s 532ms 694μs 402ns;                          0ns
5e52a1;104;0;187;143;8;44;46.000000;0.000000;0.000000;2970.000000;2970.000000;103.196664;0.000000;0.000000;-nan;        17s 764ms 256μs 742ns;                        -563273370650509ns
5e52b1;79;0;151;110;7;44;45.000000;0.000000;0.000000;2970.000000;2970.000000;103.376262;0.000000;0.000000;-nan;        12s 715ms  22μs 305ns;                        -1689799967140339ns
5e52bf;83;0;146;111;7;44;45.000000;0.000000;0.000000;2882.000000;2882.000000;100.000000;0.000000;0.000000;-nan;        16s 612ms 553μs 498ns;            254ms 945μs 592ns
5e2140;59;0;115;80;6;45;45.000000;45.000000;100.000000;2882.000000;2882.000000;100.000000;0.000000;0.000000;-nan;        12s  89ms 609μs 416ns;                          0ns
5e2155;82;0;148;110;7;44;45.000000;0.000000;0.000000;2883.000000;2883.000000;100.000000;0.000000;0.000000;-nan;        15s  77ms 431μs 694ns;            531ms 519μs  70ns
5e2162;82;0;146;112;7;44;45.000000;0.000000;0.000000;2972.000000;2972.000000;103.481894;0.000000;0.000000;-nan;        15s 257ms  36μs 285ns;                        -563156254056587ns
5e216f;184;0;228;180;13;53;0.000000;0.000000;-nan;2999.000000;2999.000000;100.000000;0.000000;0.000000;-nan;        21s 440ms 440μs 702ns;                        -7321094659613656ns
5e210c;58;0;113;83;6;45;45.000000;45.000000;100.000000;2878.000000;2878.000000;100.000000;0.000000;0.000000;-nan;        10s 253ms 370μs 121ns;                          0ns
5e211d;98;0;190;136;8;43;45.000000;0.000000;0.000000;2970.000000;2970.000000;103.376262;0.000000;0.000000;-nan;        15s 722ms 827μs 983ns;                        -1126316515498032ns
5e2133;81;0;147;112;7;44;45.000000;0.000000;0.000000;2887.000000;2887.000000;100.000000;0.000000;0.000000;-nan;        14s 888ms 622μs  86ns;            273ms 749μs 546ns
5e20e6;40;0;130;78;6;44;0.000000;0.000000;-nan;2970.000000;2970.000000;100.000000;0.000000;0.000000;-nan;         9s 958ms 244μs 852ns;                          0ns
5e20eb;47;0;118;83;6;44;0.000000;0.000000;-nan;2972.000000;2972.000000;100.000000;0.000000;0.000000;-nan;        11s 143ms  93μs 324ns;                          0ns
5e20f4;82;0;143;115;7;44;45.000000;0.000000;0.000000;2877.000000;2877.000000;100.000000;0.000000;0.000000;-nan;        14s  69ms 690μs 207ns;            617ms 828μs 117ns
5deecf;80;0;146;114;7;44;45.000000;0.000000;0.000000;2972.000000;2972.000000;102.944233;0.000000;0.000000;-nan;        15s 601ms 478μs 996ns;                        -563016501459851ns
5dee80;81;0;148;111;7;44;45.000000;0.000000;0.000000;2883.000000;2883.000000;100.000000;0.000000;0.000000;-nan;        15s 178ms 727μs  49ns;            284ms 368μs 997ns
5dee8c;84;0;141;115;7;44;45.000000;0.000000;0.000000;2972.000000;2972.000000;103.481894;0.000000;0.000000;-nan;        15s 476ms 954μs 866ns;                        -563015603717023ns
5deeb1;80;8;142;110;7;44;45.000000;0.000000;0.000000;2972.000000;2972.000000;103.122831;0.000000;0.000000;-nan;        14s 510ms 509μs 631ns;                        -563012911246139ns
5deebf;58;0;113;83;6;45;45.000000;45.000000;100.000000;2878.000000;2878.000000;100.000000;0.000000;0.000000;-nan;        12s 971ms 229μs 407ns;                          0ns
5dee41;252;0;309;249;16;50;148.000000;0.000000;0.000000;2999.000000;2999.000000;100.000000;0.000000;0.000000;-nan;        24s 147ms 874μs 229ns;                        -14638593996811483ns
5dee64;82;1;145;112;7;44;45.000000;0.000000;0.000000;2972.000000;2972.000000;103.302051;0.000000;0.000000;-nan;        14s 340ms 887μs 464ns;                        -1126024785545268ns
5dee09;45;8;113;82;6;44;0.000000;0.000000;-nan;2972.000000;2972.000000;100.000000;0.000000;0.000000;-nan;         7s 342ms 198μs 457ns;                          0ns
5dee0e;38;16;113;75;6;43;0.000000;0.000000;-nan;2970.000000;2970.000000;100.000000;0.000000;0.000000;-nan;         3s 927ms 226μs 237ns;                          0ns
5dee1a;72;8;120;96;7;44;46.000000;0.000000;0.000000;2970.000000;2970.000000;103.376262;0.000000;0.000000;-nan;        12s 769ms  22μs 245ns;                        -563008487242942ns
5dbfc2;84;0;143;113;7;44;45.000000;0.000000;0.000000;2972.000000;2972.000000;103.302051;0.000000;0.000000;-nan;        16s 122ms 279μs 489ns;                        -1125800159518360ns
5dbfcf;79;0;150;111;7;44;45.000000;0.000000;0.000000;2878.000000;2878.000000;100.000000;0.000000;0.000000;-nan;        16s 390ms 881μs 325ns;            426ms 575μs 309ns
5dbfdd;58;0;113;83;6;45;45.000000;45.000000;100.000000;2883.000000;2883.000000;100.000000;0.000000;0.000000;-nan;        14s 283ms 900μs 805ns;                          0ns
5dbf8e;83;8;136;113;7;44;45.000000;0.000000;0.000000;2972.000000;2972.000000;103.481894;0.000000;0.000000;-nan;        13s 445ms       463ns;                        -1688685370410121ns
5dbf98;82;0;144;114;7;44;45.000000;0.000000;0.000000;2972.000000;2972.000000;103.122831;0.000000;0.000000;-nan;        15s 961ms 737μs 200ns;                        -562898673081118ns
5dbfab;80;0;148;112;7;44;45.000000;0.000000;0.000000;2887.000000;2887.000000;100.000000;0.000000;0.000000;-nan;        15s 706ms 321μs 472ns;            405ms 942μs  63ns
5dbf4e;43;3;123;73;6;43;0.000000;0.000000;-nan;2970.000000;2970.000000;100.000000;0.000000;0.000000;-nan;         7s 333ms 197μs 696ns;                          0ns
5dbf55;47;0;120;75;6;43;0.000000;0.000000;-nan;2972.000000;2972.000000;100.000000;0.000000;0.000000;-nan;        11s 295ms 841μs 489ns;                          0ns
5dbf63;101;0;185;138;8;43;45.000000;0.000000;0.000000;2970.000000;2970.000000;103.376262;0.000000;0.000000;-nan;        16s 747ms 200μs 209ns;                        -1688696777234616ns
5dbf7b;148;0;160;132;12;50;156.000000;0.000000;0.000000;2999.000000;2999.000000;100.000000;0.000000;0.000000;-nan;        20s 746ms 215μs   4ns;                        -5066126932725495ns
5d8f13;130;0;214;184;9;44;47.000000;0.000000;0.000000;2883.000000;2883.000000;100.000000;0.000000;0.000000;-nan;        18s 542ms 321μs 104ns;         2s 388ms 456μs 661ns
5d8f20;81;0;151;108;7;44;45.000000;0.000000;0.000000;2970.000000;2970.000000;103.196664;0.000000;0.000000;-nan;        17s 287ms 109μs 482ns;                        -562781457940950ns
5d8f2e;81;0;147;112;7;44;45.000000;0.000000;0.000000;2887.000000;2887.000000;100.000000;0.000000;0.000000;-nan;        17s 548ms 411μs 439ns;            429ms 913μs 734ns
5d8ecf;82;0;146;112;7;44;45.000000;0.000000;0.000000;2882.000000;2882.000000;100.000000;0.000000;0.000000;-nan;        15s 724ms 859μs 742ns;            628ms  96μs 996ns
5d8edd;84;0;141;115;7;44;45.000000;0.000000;0.000000;2872.000000;2872.000000;100.000000;0.000000;0.000000;-nan;        15s 914ms 874μs 596ns;            815ms 844μs 389ns
5d8ef1;81;0;143;116;7;44;45.000000;0.000000;0.000000;2877.000000;2877.000000;100.000000;0.000000;0.000000;-nan;        16s 361ms 389μs 245ns;            636ms  45μs 749ns
5d8efe;180;106;188;153;14;51;162.000000;0.000000;0.000000;2999.000000;2999.000000;100.000000;0.000000;0.000000;-nan;        23s 906ms 619μs 675ns;                        -12944204594948088ns
5d8ea8;43;0;123;82;6;44;0.000000;0.000000;-nan;2970.000000;2970.000000;100.000000;0.000000;0.000000;-nan;        10s 891ms 915μs 107ns;                          0ns
5d8ead;47;0;121;80;6;44;0.000000;0.000000;-nan;2972.000000;2972.000000;100.000000;0.000000;0.000000;-nan;        11s 619ms  76μs  81ns;                          0ns
5d8eb6;82;0;148;110;7;44;45.000000;0.000000;0.000000;2970.000000;2970.000000;103.376262;0.000000;0.000000;-nan;        16s 125ms 521μs 866ns;                        -1125559549225517ns
5d5b4b;80;0;147;113;7;44;45.000000;0.000000;0.000000;2970.000000;2970.000000;103.196664;0.000000;0.000000;-nan;        17s 277ms 707μs 744ns;                        -1125322267826778ns
5d5b5c;83;0;146;111;7;44;45.000000;0.000000;0.000000;2972.000000;2972.000000;103.122831;0.000000;0.000000;-nan;        18s  85ms 370μs 480ns;                        -562662347058464ns
5d5b6d;175;0;209;176;12;52;155.000000;0.000000;0.000000;2999.000000;2999.000000;100.000000;0.000000;0.000000;-nan;        25s  14ms 278μs 391ns;                        -4501347476575649ns
5d5b7f;80;0;147;113;7;44;45.000000;0.000000;0.000000;2883.000000;2883.000000;100.000000;0.000000;0.000000;-nan;        18s 313ms  82μs  12ns;            433ms 394μs 392ns
5d5b0a;83;0;147;110;7;44;45.000000;0.000000;0.000000;2887.000000;2887.000000;100.000000;0.000000;0.000000;-nan;        16s 676ms 803μs  45ns;            650ms 300μs 484ns
5d5b18;81;0;144;115;7;44;45.000000;0.000000;0.000000;2972.000000;2972.000000;103.302051;0.000000;0.000000;-nan;        17s 127ms 356μs 934ns;                        -1125321078639495ns
5d5b28;79;0;147;114;7;44;45.000000;0.000000;0.000000;2868.000000;2868.000000;100.000000;0.000000;0.000000;-nan;        16s 902ms 751μs  51ns;            731ms 693μs 320ns
5d5b3a;105;0;179;140;8;43;45.000000;0.000000;0.000000;2972.000000;2972.000000;103.481894;0.000000;0.000000;-nan;        18s 805ms 421μs 133ns;                        -562666193435769ns
5d5af5;47;0;120;81;6;44;0.000000;0.000000;-nan;2972.000000;2972.000000;100.000000;0.000000;0.000000;-nan;        11s 793ms 540μs 344ns;                          0ns
5d5af9;102;0;186;136;8;43;45.000000;0.000000;0.000000;2970.000000;2970.000000;103.376262;0.000000;0.000000;-nan;        18s 542ms 242μs 124ns;                        -1687980200369423ns
5d28cb;79;0;153;108;7;44;45.000000;0.000000;0.000000;2882.000000;2882.000000;100.000000;0.000000;0.000000;-nan;        17s 182ms 495μs 384ns;            246ms  78μs 214ns
5d28d9;177;0;196;133;14;51;165.000000;0.000000;0.000000;2999.000000;2999.000000;100.000000;0.000000;0.000000;-nan;        23s 449ms 498μs 958ns;                        -9000803188947173ns
5d288c;60;0;114;80;6;45;45.000000;45.000000;100.000000;2877.000000;2877.000000;100.000000;0.000000;0.000000;-nan;        12s 832ms 633μs 151ns;                          0ns
5d289f;84;0;143;113;7;44;45.000000;0.000000;0.000000;2972.000000;2972.000000;103.662365;0.000000;0.000000;-nan;        16s 652ms  33μs 968ns;                        -562541312644358ns
5d28ae;80;0;146;114;7;44;45.000000;0.000000;0.000000;2878.000000;2878.000000;100.000000;0.000000;0.000000;-nan;        16s 958ms 901μs 396ns;            654ms 763μs 145ns
5d28bf;79;0;148;113;7;44;45.000000;0.000000;0.000000;2970.000000;2970.000000;103.556485;0.000000;0.000000;-nan;        16s 885ms 346μs 549ns;                        -1125084876834898ns
5d2858;47;0;123;78;6;44;0.000000;0.000000;-nan;2972.000000;2972.000000;100.000000;0.000000;0.000000;-nan;        13s  76ms 627μs 589ns;                          0ns
5d285c;81;0;146;113;7;44;45.000000;0.000000;0.000000;2883.000000;2883.000000;100.000000;0.000000;0.000000;-nan;        15s 623ms 933μs  95ns;            506ms 803μs 427ns
5d2869;82;0;145;113;7;44;45.000000;0.000000;0.000000;2972.000000;2972.000000;103.445875;0.000000;0.000000;-nan;        15s 919ms 551μs 943ns;                        -1125079035340038ns
5d287b;104;0;178;142;8;43;45.000000;0.000000;0.000000;2972.000000;2972.000000;102.944233;0.000000;0.000000;-nan;        17s 882ms 864μs 230ns;                        -562545229815462ns
2d0f0b;15;0;33;26;4;15;15.000000;15.000000;100.000000;1230.000000;1230.000000;100.000000;0.000000;0.000000;-nan;            749ms 851μs 776ns;                          0ns
2d0ec0;14;0;28;22;4;13;13.000000;13.000000;100.000000;1157.000000;1157.000000;100.000000;0.000000;0.000000;-nan;            557ms 138μs 849ns;                          0ns
2d0eca;14;0;26;20;4;12;12.000000;12.000000;100.000000;1154.000000;1154.000000;100.000000;0.000000;0.000000;-nan;            759ms 714μs 253ns;                          0ns
2d0ed7;19;0;30;25;4;15;15.000000;15.000000;100.000000;1165.000000;1165.000000;100.000000;0.000000;0.000000;-nan;            718ms 525μs 386ns;                          0ns
2d0ee4;11;0;34;19;4;13;13.000000;13.000000;100.000000;1218.000000;1218.000000;100.000000;0.000000;0.000000;-nan;            703ms 853μs 909ns;                          0ns
2d0ef2;14;0;24;22;4;12;12.000000;12.000000;100.000000;1217.000000;1217.000000;100.000000;0.000000;0.000000;-nan;            690ms  88μs 388ns;                          0ns
2d0efd;15;0;27;22;4;13;13.000000;13.000000;100.000000;1164.000000;1164.000000;100.000000;0.000000;0.000000;-nan;            772ms 600μs 743ns;                          0ns
2d0ea1;19;0;74;35;5;25;25.000000;25.000000;100.000000;1568.000000;1568.000000;100.000000;0.000000;0.000000;-nan;            797ms 729μs 539ns;                          0ns
2d0ea6;21;0;73;44;5;27;27.000000;27.000000;100.000000;1696.000000;1696.000000;100.000000;0.000000;0.000000;-nan;            807ms  38μs 604ns;                          0ns
2d0eb3;15;0;23;22;4;12;12.000000;12.000000;100.000000;1151.000000;1151.000000;100.000000;0.000000;0.000000;-nan;            696ms 790μs 336ns;                          0ns
5cf751;82;0;143;115;7;44;45.000000;0.000000;0.000000;2972.000000;2972.000000;102.944233;0.000000;0.000000;-nan;        18s  64ms 863μs  32ns;                        -562407955613425ns
5cf764;117;3;124;76;10;52;0.000000;0.000000;-nan;2999.000000;2999.000000;100.000000;0.000000;0.000000;-nan;        20s 595ms 476μs 148ns;                        -5061658989712797ns
5cf703;81;3;144;112;7;44;45.000000;0.000000;0.000000;2970.000000;2970.000000;103.376262;0.000000;0.000000;-nan;        15s 142ms 729μs 198ns;                        -1124804364579928ns
5cf718;81;0;148;111;7;44;45.000000;0.000000;0.000000;2882.000000;2882.000000;100.000000;0.000000;0.000000;-nan;        16s 735ms 336μs 469ns;            421ms 375μs 598ns
5cf722;101;0;181;142;8;43;45.000000;0.000000;0.000000;2972.000000;2972.000000;103.481894;0.000000;0.000000;-nan;        18s 486ms 346μs 600ns;                        -2249628862220807ns
5cf734;103;0;177;144;8;43;45.000000;0.000000;0.000000;2972.000000;2972.000000;103.302051;0.000000;0.000000;-nan;        18s 832ms 456μs 785ns;                        -1687224847271852ns
5cf6c2;43;0;123;76;6;43;0.000000;0.000000;-nan;2970.000000;2970.000000;100.000000;0.000000;0.000000;-nan;        11s 496ms 700μs 588ns;                          0ns
5cf6cb;83;0;146;111;7;44;45.000000;0.000000;0.000000;2868.000000;2868.000000;100.000000;0.000000;0.000000;-nan;        16s 197ms  32μs 288ns;         1s 301ms 397μs 474ns
5cf6f8;83;0;143;114;7;44;45.000000;0.000000;0.000000;2972.000000;2972.000000;103.662365;0.000000;0.000000;-nan;        16s  25ms 890μs 236ns;                        -562403090727545ns
5cf6bf;42;16;108;76;6;43;0.000000;0.000000;-nan;2972.000000;2972.000000;100.000000;0.000000;0.000000;-nan;         3s 919ms 362μs 573ns;                          0ns
2cd848;12;0;31;17;4;12;12.000000;12.000000;100.000000;981.000000;981.000000;100.000000;0.000000;0.000000;-nan;            774ms 261μs 830ns;                          0ns
2cd854;19;0;28;27;4;15;15.000000;15.000000;100.000000;1230.000000;1230.000000;100.000000;0.000000;0.000000;-nan;            758ms 683μs 962ns;                          0ns
2cd85d;15;0;25;24;4;13;13.000000;13.000000;100.000000;999.000000;999.000000;100.000000;0.000000;0.000000;-nan;            776ms 116μs 411ns;                          0ns
2cd80c;12;0;22;20;4;10;10.000000;10.000000;100.000000;977.000000;977.000000;100.000000;0.000000;0.000000;-nan;            635ms 305μs  92ns;                          0ns
2cd81d;10;0;23;21;4;10;10.000000;10.000000;100.000000;971.000000;971.000000;100.000000;0.000000;0.000000;-nan;            716ms 617μs 774ns;                          0ns
2cd825;13;0;27;24;4;13;13.000000;13.000000;100.000000;1217.000000;1217.000000;100.000000;0.000000;0.000000;-nan;            694ms 673μs 311ns;                          0ns
2cd82d;17;0;30;27;4;15;15.000000;15.000000;100.000000;973.000000;973.000000;100.000000;0.000000;0.000000;-nan;            752ms 657μs  45ns;                          0ns
2cd83a;11;0;23;20;4;10;10.000000;10.000000;100.000000;972.000000;972.000000;100.000000;0.000000;0.000000;-nan;            597ms 655μs 761ns;                          0ns
2cd7f6;16;0;49;37;5;18;18.000000;18.000000;100.000000;1258.000000;1258.000000;100.000000;0.000000;0.000000;-nan;            726ms 449μs  64ns;                          0ns
2cd7ff;14;0;26;24;4;13;13.000000;13.000000;100.000000;976.000000;976.000000;100.000000;0.000000;0.000000;-nan;            686ms 494μs 150ns;                          0ns
5cc840;187;0;199;188;13;51;0.000000;0.000000;-nan;2999.000000;2999.000000;100.000000;0.000000;0.000000;-nan;        21s 737ms 497μs 307ns;                        -7309606127798123ns
5cc852;79;0;145;116;7;44;45.000000;0.000000;0.000000;2972.000000;2972.000000;103.302051;0.000000;0.000000;-nan;        14s 532ms  75μs 307ns;                        -562269815280803ns
5cc864;45;0;130;79;6;45;45.000000;45.000000;100.000000;2883.000000;2883.000000;100.000000;0.000000;0.000000;-nan;        14s  71ms 159μs  26ns;                          0ns
5cc873;81;0;144;115;7;44;45.000000;0.000000;0.000000;2887.000000;2887.000000;100.000000;0.000000;0.000000;-nan;        15s 699ms 232μs  12ns;            247ms 493μs 647ns
5cc80f;102;0;180;142;8;43;45.000000;0.000000;0.000000;2970.000000;2970.000000;103.556485;0.000000;0.000000;-nan;        15s 859ms 428μs 572ns;                        -562274289440306ns
5cc828;57;0;115;82;6;45;45.000000;45.000000;100.000000;2878.000000;2878.000000;100.000000;0.000000;0.000000;-nan;        12s 923ms 266μs 394ns;                          0ns
5cc7c0;47;0;120;81;6;44;0.000000;0.000000;-nan;2972.000000;2972.000000;100.000000;0.000000;0.000000;-nan;        11s   2ms 988μs 627ns;                          0ns
5cc7c4;51;8;110;73;6;43;0.000000;0.000000;-nan;2970.000000;2970.000000;100.000000;0.000000;0.000000;-nan;         7s 410ms 746μs 618ns;                          0ns
5cc7ce;82;2;146;110;7;44;45.000000;0.000000;0.000000;2882.000000;2882.000000;100.000000;0.000000;0.000000;-nan;        13s 308ms 624μs  53ns;            541ms 754μs 420ns
5cc7f3;85;0;145;110;7;44;45.000000;0.000000;0.000000;2872.000000;2872.000000;100.000000;0.000000;0.000000;-nan;        14s 239ms 479μs 268ns;            344ms 311μs 734ns
5c9900;80;0;146;114;7;44;45.000000;0.000000;0.000000;2972.000000;2972.000000;103.302051;0.000000;0.000000;-nan;        17s 121ms 859μs 681ns;                        -562156820162934ns
5c9917;81;0;144;115;7;44;45.000000;0.000000;0.000000;2887.000000;2887.000000;100.000000;0.000000;0.000000;-nan;        16s 667ms 274μs 721ns;            260ms 512μs 537ns
5c9926;81;0;152;107;7;44;45.000000;0.000000;0.000000;2878.000000;2878.000000;100.000000;0.000000;0.000000;-nan;        16s 935ms 375μs 438ns;            250ms 776μs 115ns
5c9935;57;0;116;81;6;45;45.000000;45.000000;100.000000;2883.000000;2883.000000;100.000000;0.000000;0.000000;-nan;        13s 982ms 383μs 409ns;                          0ns
5c98d1;84;0;149;115;7;45;46.000000;0.000000;0.000000;2873.000000;2873.000000;100.000000;0.000000;0.000000;-nan;        16s 425ms 121μs 734ns;         1s  53ms 164μs 570ns
5c98e6;127;106;130;85;12;53;0.000000;0.000000;-nan;2999.000000;2999.000000;100.000000;0.000000;0.000000;-nan;        20s 432ms 803μs 602ns;                        -6183770260319446ns
5c98f5;106;1;184;143;8;44;46.000000;0.000000;0.000000;2883.000000;2883.000000;100.069420;0.000000;0.000000;-nan;        17s 316ms 779μs 946ns;         1s  92ms 842μs 208ns
5c98aa;47;0;118;83;6;44;0.000000;0.000000;-nan;2972.000000;2972.000000;100.000000;0.000000;0.000000;-nan;        11s 773ms 860μs 743ns;                          0ns
5c98af;43;0;126;79;6;44;0.000000;0.000000;-nan;2970.000000;2970.000000;100.000000;0.000000;0.000000;-nan;        12s 120ms 930μs 347ns;                          0ns
5c98b8;104;0;176;144;8;43;45.000000;0.000000;0.000000;2972.000000;2972.000000;103.122831;0.000000;0.000000;-nan;        17s 563ms 182μs 164ns;                        -562158008716161ns
2c78c3;13;0;28;23;4;13;13.000000;13.000000;100.000000;996.000000;996.000000;100.000000;0.000000;0.000000;-nan;            521ms 142μs 928ns;                          0ns
2c78ca;13;0;53;36;5;18;18.000000;18.000000;100.000000;1230.000000;1230.000000;100.000000;0.000000;0.000000;-nan;            509ms 737μs 214ns;                          0ns
2c78d5;12;0;25;17;4;10;10.000000;10.000000;100.000000;975.000000;975.000000;100.000000;0.000000;0.000000;-nan;            468ms 878μs  59ns;                          0ns
2c788d;12;0;24;22;4;11;11.000000;11.000000;100.000000;970.000000;970.000000;100.000000;0.000000;0.000000;-nan;            492ms 871μs 807ns;                          0ns
2c7896;10;0;24;24;4;11;11.000000;11.000000;100.000000;971.000000;971.000000;100.000000;0.000000;0.000000;-nan;            423ms 500μs  64ns;                          0ns
2c78a1;15;0;34;25;4;15;15.000000;15.000000;100.000000;1146.000000;1146.000000;100.000000;0.000000;0.000000;-nan;            508ms 239μs 633ns;                          0ns
2c78ad;9;0;26;19;4;10;10.000000;10.000000;100.000000;973.000000;973.000000;100.000000;0.000000;0.000000;-nan;            518ms  10μs 140ns;                          0ns
2c78ba;6;8;32;18;4;13;13.000000;13.000000;100.000000;995.000000;995.000000;100.000000;0.000000;0.000000;-nan;            230ms 188μs 946ns;                          0ns
2c7877;10;0;24;20;4;10;10.000000;10.000000;100.000000;980.000000;980.000000;100.000000;0.000000;0.000000;-nan;            377ms  13μs 835ns;                          0ns
2c787c;12;0;19;23;4;10;10.000000;10.000000;100.000000;972.000000;972.000000;100.000000;0.000000;0.000000;-nan;            302ms 286μs 370ns;                          0ns
5c65ca;82;0;148;110;7;44;45.000000;0.000000;0.000000;2970.000000;2970.000000;103.196664;0.000000;0.000000;-nan;        17s 665ms 182μs 698ns;                        -562038622695673ns
5c65e4;178;0;235;147;14;51;160.000000;0.000000;0.000000;2999.000000;2999.000000;100.000000;0.000000;0.000000;-nan;        24s 531ms 702μs 985ns;                        -10678883856724461ns
5c6586;58;0;113;83;6;45;45.000000;45.000000;100.000000;2883.000000;2883.000000;100.000000;0.000000;0.000000;-nan;        13s 150ms 276μs 431ns;                          0ns
5c6592;83;0;141;116;7;44;45.000000;0.000000;0.000000;2972.000000;2972.000000;103.481894;0.000000;0.000000;-nan;        15s 770ms 427μs 796ns;                        -562034885751398ns
5c65a2;58;0;120;76;6;45;45.000000;45.000000;100.000000;2882.000000;2882.000000;100.000000;0.000000;0.000000;-nan;        13s 334ms 539μs 475ns;                          0ns
5c65b1;102;0;181;141;8;43;45.000000;0.000000;0.000000;2970.000000;2970.000000;103.376262;0.000000;0.000000;-nan;        18s 422ms 342μs 171ns;                        -1124079535330889ns
5c65bd;103;0;178;143;8;43;45.000000;0.000000;0.000000;2972.000000;2972.000000;102.944233;0.000000;0.000000;-nan;        18s 686ms 673μs 339ns;                        -562042556664105ns
5c6563;47;0;120;75;6;43;0.000000;0.000000;-nan;2972.000000;2972.000000;100.000000;0.000000;0.000000;-nan;        10s 938ms  81μs 814ns;                          0ns
5c6566;105;0;183;146;8;44;46.000000;0.000000;0.000000;2883.000000;2883.000000;100.069420;0.000000;0.000000;-nan;        18s 173ms 630μs 995ns;         1s 344ms 956μs  33ns
5c6574;83;0;141;116;7;44;45.000000;0.000000;0.000000;2972.000000;2972.000000;103.302051;0.000000;0.000000;-nan;        15s 648ms 167μs 708ns;                        -562033657952803ns
5c364d;78;0;148;114;7;44;45.000000;0.000000;0.000000;2873.000000;2873.000000;100.000000;0.000000;0.000000;-nan;        16s 504ms 259μs 345ns;            270ms 157μs 116ns
5c3616;80;0;153;107;7;44;45.000000;0.000000;0.000000;2882.000000;2882.000000;100.000000;0.000000;0.000000;-nan;        16s 241ms 610μs 489ns;            426ms 521μs 222ns
5c3629;169;0;228;135;14;52;167.000000;0.000000;0.000000;2999.000000;2999.000000;100.000000;0.000000;0.000000;-nan;        22s 568ms  52μs 878ns;                        -7866710524393711ns
5c363c;81;0;151;108;7;44;45.000000;0.000000;0.000000;2878.000000;2878.000000;100.000000;0.000000;0.000000;-nan;        16s 943ms 371μs 773ns;            535ms 998μs 794ns
5c35c6;84;0;143;113;7;44;45.000000;0.000000;0.000000;2887.000000;2887.000000;100.000000;0.000000;0.000000;-nan;        15s 975ms 220μs 897ns;            671ms 662μs 196ns
5c35dd;102;0;176;146;8;43;45.000000;0.000000;0.000000;2972.000000;2972.000000;103.302051;0.000000;0.000000;-nan;        17s  92ms 122μs 729ns;                        -1123803323756311ns
5c35ee;106;3;178;137;8;43;45.000000;0.000000;0.000000;2972.000000;2972.000000;103.481894;0.000000;0.000000;-nan;        16s 722ms 643μs  15ns;                        -1123801439657386ns
5c35ff;58;0;115;81;6;45;45.000000;45.000000;100.000000;2883.000000;2883.000000;100.000000;0.000000;0.000000;-nan;        13s  73ms 970μs 880ns;                          0ns
5c35b6;43;0;123;76;6;43;0.000000;0.000000;-nan;2970.000000;2970.000000;100.000000;0.000000;0.000000;-nan;        11s 350ms 961μs 683ns;                          0ns
5c35bb;47;0;123;78;6;44;0.000000;0.000000;-nan;2972.000000;2972.000000;100.000000;0.000000;0.000000;-nan;        11s 820ms  48μs  32ns;                          0ns
2c3442;6;0;16;10;3;7;7.000000;7.000000;100.000000;657.000000;657.000000;100.000000;0.000000;0.000000;-nan;            401ms 365μs 984ns;                          0ns
2c3447;4;0;5;3;2;4;4.000000;4.000000;100.000000;353.000000;353.000000;100.000000;0.000000;0.000000;-nan;            435ms 552μs 746ns;                          0ns
2c3401;6;0;20;6;3;7;7.000000;7.000000;100.000000;660.000000;660.000000;100.000000;0.000000;0.000000;-nan;            297ms 167μs 696ns;                          0ns
2c340e;16;0;21;27;4;13;13.000000;13.000000;100.000000;967.000000;967.000000;100.000000;0.000000;0.000000;-nan;            576ms 364μs 401ns;                          0ns
2c341d;6;0;8;10;3;5;5.000000;5.000000;100.000000;354.000000;354.000000;100.000000;0.000000;0.000000;-nan;            337ms 102μs 738ns;                          0ns
2c3428;44;0;19;43;6;12;15.000000;0.000000;0.000000;657.000000;657.000000;100.152439;0.000000;0.000000;-nan;            963ms 741μs  32ns;            213ms 201μs 256ns
2c3439;9;0;21;18;4;9;9.000000;9.000000;100.000000;658.000000;658.000000;100.000000;0.000000;0.000000;-nan;            542ms 571μs 671ns;                          0ns
2c33e8;10;0;31;27;4;14;14.000000;14.000000;100.000000;1230.000000;1230.000000;100.000000;0.000000;0.000000;-nan;            539ms 417μs  89ns;                          0ns
2c33ee;12;0;22;24;4;11;11.000000;11.000000;100.000000;966.000000;966.000000;100.000000;0.000000;0.000000;-nan;            539ms 406μs 719ns;                          0ns
2c33f8;12;0;20;22;4;10;10.000000;10.000000;100.000000;655.000000;655.000000;100.000000;0.000000;0.000000;-nan;            579ms 375μs 496ns;                          0ns
5c054d;82;0;147;111;7;44;45.000000;0.000000;0.000000;2883.000000;2883.000000;100.000000;0.000000;0.000000;-nan;        17s  41ms 639μs 338ns;            671ms 341μs 297ns
5c0557;79;1;149;111;7;44;45.000000;0.000000;0.000000;2873.000000;2873.000000;100.000000;0.000000;0.000000;-nan;        15s 964ms 482μs  29ns;            411ms  10μs 583ns
5c0570;220;0;272;194;15;53;164.000000;0.000000;0.000000;2999.000000;2999.000000;100.000000;0.000000;0.000000;-nan;        25s 248ms 539μs 281ns;                        -10673658428456832ns
5c057b;81;8;142;109;7;44;45.000000;0.000000;0.000000;2972.000000;2972.000000;102.944233;0.000000;0.000000;-nan;        16s 208ms 929μs 926ns;                        -561761785765517ns
5c0505;82;0;147;111;7;44;45.000000;0.000000;0.000000;2878.000000;2878.000000;100.000000;0.000000;0.000000;-nan;        13s 901ms 522μs 893ns;            288ms 414μs 662ns
5c0518;82;0;146;112;7;44;45.000000;0.000000;0.000000;2972.000000;2972.000000;103.302051;0.000000;0.000000;-nan;        16s 388ms 212μs  68ns;                        -561761562236150ns
5c0525;103;8;173;140;8;43;45.000000;0.000000;0.000000;2972.000000;2972.000000;103.481894;0.000000;0.000000;-nan;        16s 949ms 709μs 247ns;                        -1685283950753535ns
5c0536;80;0;147;113;7;44;45.000000;0.000000;0.000000;2882.000000;2882.000000;100.000000;0.000000;0.000000;-nan;        16s 623ms 458μs 220ns;            279ms 743μs 469ns
5c04f7;45;8;115;80;6;44;0.000000;0.000000;-nan;2972.000000;2972.000000;100.000000;0.000000;0.000000;-nan;         9s 125ms 587μs 603ns;                          0ns
5c04fc;43;0;126;79;6;44;0.000000;0.000000;-nan;2970.000000;2970.000000;100.000000;0.000000;0.000000;-nan;        11s 661ms  10μs 518ns;                          0ns
5bd703;102;0;182;140;8;43;45.000000;0.000000;0.000000;2970.000000;2970.000000;103.196664;0.000000;0.000000;-nan;        16s 602ms 441μs 279ns;                        -1123264112517908ns
5bd70d;81;0;146;113;7;44;45.000000;0.000000;0.000000;2882.000000;2882.000000;100.000000;0.000000;0.000000;-nan;        16s 417ms 495μs 877ns;            635ms 907μs 103ns
5bd6c2;61;0;111;82;6;45;45.000000;45.000000;100.000000;2872.000000;2872.000000;100.000000;0.000000;0.000000;-nan;        14s  44ms 252μs 551ns;                          0ns
5bd6d5;129;0;155;114;11;52;152.000000;0.000000;0.000000;2999.000000;2999.000000;100.000000;0.000000;0.000000;-nan;        20s 438ms  45μs 126ns;                        -2808158410467805ns
5bd6e8;81;0;152;107;7;44;45.000000;0.000000;0.000000;2883.000000;2883.000000;100.000000;0.000000;0.000000;-nan;        15s 466ms 824μs 324ns;            651ms 435μs 885ns
5bd6f7;80;0;150;109;7;44;45.000000;0.000000;0.000000;2970.000000;2970.000000;103.376262;0.000000;0.000000;-nan;        15s 559ms 493μs 463ns;                        -561628944570353ns
5bd68c;84;0;141;115;7;44;45.000000;0.000000;0.000000;2887.000000;2887.000000;100.000000;0.000000;0.000000;-nan;        14s 972ms 777μs 932ns;            549ms 600μs 236ns
5bd6af;83;0;143;114;7;44;45.000000;0.000000;0.000000;2972.000000;2972.000000;103.302051;0.000000;0.000000;-nan;        15s 261ms 595μs  59ns;                        -561627156041225ns
5bd676;42;0;123;77;6;43;0.000000;0.000000;-nan;2970.000000;2970.000000;100.000000;0.000000;0.000000;-nan;         6s 157ms 773μs 134ns;                          0ns
5bd67b;47;0;120;81;6;44;0.000000;0.000000;-nan;2972.000000;2972.000000;100.000000;0.000000;0.000000;-nan;        11s 314ms  93μs 375ns;                          0ns
5ba6c5;82;0;148;110;7;44;45.000000;0.000000;0.000000;2883.000000;2883.000000;100.000000;0.000000;0.000000;-nan;        17s  78ms 512μs  96ns;            647ms 188μs 234ns
5ba6d8;60;0;112;82;6;45;45.000000;45.000000;100.000000;2877.000000;2877.000000;100.000000;0.000000;0.000000;-nan;        14s 741ms 125μs 267ns;                          0ns
5ba692;84;0;143;113;7;44;45.000000;0.000000;0.000000;2972.000000;2972.000000;102.944233;0.000000;0.000000;-nan;        16s 492ms 968μs 708ns;                        -561492004352687ns
5ba6a4;81;0;149;110;7;44;45.000000;0.000000;0.000000;2878.000000;2878.000000;100.000000;0.000000;0.000000;-nan;        16s 702ms 498μs 220ns;            588ms 978μs 672ns
5ba6b9;80;0;149;111;7;44;45.000000;0.000000;0.000000;2882.000000;2882.000000;100.000000;0.000000;0.000000;-nan;        16s 915ms  40μs 958ns;            323ms 322μs 940ns
5ba647;82;0;150;108;7;44;45.000000;0.000000;0.000000;2873.000000;2873.000000;100.000000;0.000000;0.000000;-nan;        15s 679ms 698μs 189ns;            285ms 571μs  37ns
5ba658;106;0;178;150;8;44;46.000000;0.000000;0.000000;2970.000000;2970.000000;103.089205;0.000000;0.000000;-nan;        17s 507ms 420μs 894ns;                        -561496044275775ns
5ba67a;209;110;219;167;15;53;169.000000;0.000000;0.000000;2999.000000;2999.000000;100.000000;0.000000;0.000000;-nan;        24s 689ms 839μs 703ns;                        -15160561284503754ns
5ba630;57;3;113;75;6;44;0.000000;0.000000;-nan;2972.000000;2972.000000;100.000000;0.000000;0.000000;-nan;         6s 159ms 669μs  81ns;                          0ns
5ba639;44;0;125;79;6;44;0.000000;0.000000;-nan;2970.000000;2970.000000;100.000000;0.000000;0.000000;-nan;         6s 362ms 686μs 951ns;                          0ns
5b7650;81;0;144;115;7;44;45.000000;0.000000;0.000000;2877.000000;2877.000000;100.000000;0.000000;0.000000;-nan;        17s 959ms 155μs 282ns;            273ms 952μs 538ns
5b7667;167;0;205;152;13;52;159.000000;0.000000;0.000000;2999.000000;2999.000000;100.000000;0.000000;0.000000;-nan;        23s 733ms 577μs 232ns;                        -7297978590058605ns
5b7677;81;0;149;110;7;44;45.000000;0.000000;0.000000;2878.000000;2878.000000;100.000000;0.000000;0.000000;-nan;        18s 286ms 836μs 900ns;            936ms 350μs  58ns
5b760a;99;8;178;139;8;43;45.000000;0.000000;0.000000;2970.000000;2970.000000;103.376262;0.000000;0.000000;-nan;        18s 436ms  20μs 974ns;                        -1122750854562799ns
5b7617;81;0;149;110;7;44;45.000000;0.000000;0.000000;2970.000000;2970.000000;103.556485;0.000000;0.000000;-nan;        17s 702ms 695μs 823ns;                        -561375012175897ns
5b762f;83;3;147;107;7;44;45.000000;0.000000;0.000000;2972.000000;2972.000000;102.944233;0.000000;0.000000;-nan;        17s  86ms 846μs 999ns;                        -1684119561219015ns
5b763f;80;0;151;109;7;44;45.000000;0.000000;0.000000;2883.000000;2883.000000;100.000000;0.000000;0.000000;-nan;        18s  47ms 313μs 505ns;            309ms 382μs 956ns
5b75e7;43;0;125;74;6;43;0.000000;0.000000;-nan;2970.000000;2970.000000;100.000000;0.000000;0.000000;-nan;        13s 529ms 140μs 312ns;                          0ns
5b75eb;85;17;135;103;7;44;45.000000;0.000000;0.000000;2872.000000;2872.000000;100.000000;0.000000;0.000000;-nan;        13s 869ms 395μs 722ns;            530ms 499μs 125ns
5b75f9;81;0;153;106;7;44;45.000000;0.000000;0.000000;2882.000000;2882.000000;100.000000;0.000000;0.000000;-nan;        17s 366ms 963μs  82ns;            428ms 499μs 140ns
5b4686;166;0;203;155;13;52;164.000000;0.000000;0.000000;2999.000000;2999.000000;100.000000;0.000000;0.000000;-nan;        23s  91ms  32μs 315ns;                        -5612458139827835ns
5b469c;80;8;141;111;7;44;45.000000;0.000000;0.000000;2972.000000;2972.000000;102.944233;0.000000;0.000000;-nan;        15s 872ms 797μs  84ns;                        -561235846500199ns
5b46a5;83;0;145;112;7;44;45.000000;0.000000;0.000000;2877.000000;2877.000000;100.000000;0.000000;0.000000;-nan;        17s 112ms  17μs 930ns;            425ms 826μs 124ns
5b4653;79;0;147;114;7;44;45.000000;0.000000;0.000000;2883.000000;2883.000000;100.000000;0.000000;0.000000;-nan;        16s 916ms   8μs 244ns;            335ms 717μs 475ns
5b4660;80;0;150;110;7;44;45.000000;0.000000;0.000000;2878.000000;2878.000000;100.348675;0.000000;0.000000;-nan;        16s 444ms 515μs 648ns;         1s 205ms 766μs 855ns
5b4672;80;0;150;110;7;44;45.000000;0.000000;0.000000;2970.000000;2970.000000;103.196664;0.000000;0.000000;-nan;        17s 297ms 143μs 469ns;                        -1122481304851452ns
5b461a;47;0;118;77;6;43;0.000000;0.000000;-nan;2972.000000;2972.000000;100.000000;0.000000;0.000000;-nan;        12s 672ms 559μs 286ns;                          0ns
5b461d;73;8;148;103;7;43;0.000000;0.000000;-nan;2970.000000;2970.000000;100.000000;0.000000;0.000000;-nan;        13s 885ms 904μs 657ns;                        -561234668323795ns
5b4624;81;0;146;112;7;44;45.000000;0.000000;0.000000;2970.000000;2970.000000;103.376262;0.000000;0.000000;-nan;        16s 300ms 358μs 867ns;                        -1122473215636271ns
5b463f;84;0;142;114;7;44;45.000000;0.000000;0.000000;2972.000000;2972.000000;103.481894;0.000000;0.000000;-nan;        16s 658ms 754μs 429ns;                        -1122476381693065ns
5b1586;82;0;145;113;7;44;45.000000;0.000000;0.000000;2887.000000;2887.000000;100.000000;0.000000;0.000000;-nan;        17s 361ms  76μs 383ns;            385ms 983μs 319ns
5b1597;191;0;243;182;14;50;161.000000;0.000000;0.000000;2999.000000;2999.000000;100.000000;0.000000;0.000000;-nan;        24s 115ms 809μs 680ns;                        -11222232326032775ns
5b15a8;80;0;150;110;7;44;45.000000;0.000000;0.000000;2883.000000;2883.000000;100.000000;0.000000;0.000000;-nan;        17s 750ms 438μs 162ns;            416ms 517μs 814ns
5b15b2;81;0;149;110;7;44;45.000000;0.000000;0.000000;2972.000000;2972.000000;103.122831;0.000000;0.000000;-nan;        18s  11ms 355μs 677ns;                        -1683313167134727ns
5b15be;84;0;144;112;7;44;45.000000;0.000000;0.000000;2877.000000;2877.000000;100.000000;0.000000;0.000000;-nan;        17s 525ms 643μs 901ns;            801ms 598μs 498ns
5b1545;84;0;143;113;7;44;45.000000;0.000000;0.000000;2972.000000;2972.000000;103.481894;0.000000;0.000000;-nan;        16s 818ms 390μs 191ns;                        -1122202230599287ns
5b155d;101;0;182;141;8;43;45.000000;0.000000;0.000000;2970.000000;2970.000000;103.196664;0.000000;0.000000;-nan;        18s 377ms 360μs 345ns;                        -2244406874103148ns
5b1571;81;0;154;105;7;44;45.000000;0.000000;0.000000;2970.000000;2970.000000;103.556485;0.000000;0.000000;-nan;        17s 168ms 325μs  94ns;                        -1122203607810138ns
5b1537;75;0;145;112;7;43;0.000000;0.000000;-nan;2972.000000;2972.000000;100.000000;0.000000;0.000000;-nan;        15s 977ms  35μs 211ns;                        -561099584748425ns
5b153c;41;8;120;73;6;43;0.000000;0.000000;-nan;2970.000000;2970.000000;100.000000;0.000000;0.000000;-nan;         6s 831ms 246μs 451ns;                          0ns
5ae712;82;0;145;113;7;44;45.000000;0.000000;0.000000;2972.000000;2972.000000;103.122831;0.000000;0.000000;-nan;        16s 438ms   6μs 423ns;                        -1682916022978140ns
5ae71b;83;0;142;115;7;44;45.000000;0.000000;0.000000;2887.000000;2887.000000;100.347584;0.000000;0.000000;-nan;        16s 946ms 686μs 733ns;            647ms 641μs 331ns
5ae72f;81;0;145;114;7;44;45.000000;0.000000;0.000000;2887.000000;2887.000000;100.000000;0.000000;0.000000;-nan;        16s 185ms 280μs 187ns;            416ms 263μs 371ns
5ae73e;59;0;116;79;6;45;45.000000;45.000000;100.000000;2883.000000;2883.000000;100.000000;0.000000;0.000000;-nan;        15s 661ms 905μs 343ns;                          0ns
5ae6cf;78;8;141;113;7;44;45.000000;0.000000;0.000000;2972.000000;2972.000000;103.481894;0.000000;0.000000;-nan;        13s 536ms 784μs 902ns;                        -560966476505090ns
5ae6dc;78;8;140;114;7;44;45.000000;0.000000;0.000000;2972.000000;2972.000000;103.626220;0.000000;0.000000;-nan;        15s 435ms 165μs 333ns;                        -560968600553181ns
5ae6ed;139;0;177;116;12;50;0.000000;0.000000;-nan;2999.000000;2999.000000;100.000000;0.000000;0.000000;-nan;        21s 501ms 681μs 566ns;                        -5609757376116349ns
5ae6a4;56;0;111;81;6;44;0.000000;0.000000;-nan;2972.000000;2972.000000;100.000000;0.000000;0.000000;-nan;        13s 277ms  42μs 614ns;                          0ns
5ae6a9;43;1;125;79;6;44;0.000000;0.000000;-nan;2970.000000;2970.000000;100.000000;0.000000;0.000000;-nan;         8s 708ms 955μs 472ns;                          0ns
5ae6ae;101;2;186;135;8;43;45.000000;0.000000;0.000000;2970.000000;2970.000000;103.196664;0.000000;0.000000;-nan;        16s 712ms 977μs 536ns;                        -1682908089139828ns
5ab884;59;0;118;77;6;45;45.000000;45.000000;100.000000;2883.000000;2883.000000;100.000000;0.000000;0.000000;-nan;        14s 216ms 317μs 718ns;                          0ns
5ab84d;59;0;113;82;6;45;45.000000;45.000000;100.000000;2882.000000;2882.000000;100.000000;0.000000;0.000000;-nan;        12s 824ms 922μs 765ns;                          0ns
5ab85c;101;0;183;140;8;43;45.000000;0.000000;0.000000;2970.000000;2970.000000;103.376262;0.000000;0.000000;-nan;        16s 174ms 704μs 336ns;                        -1121720168103460ns
5ab86d;79;0;148;113;7;44;45.000000;0.000000;0.000000;2972.000000;2972.000000;103.481894;0.000000;0.000000;-nan;        15s  43ms 569μs 396ns;                        -1121714605701453ns
5ab875;82;1;142;115;7;44;45.000000;0.000000;0.000000;2877.000000;2877.000000;100.000000;0.000000;0.000000;-nan;        14s 614ms   9μs 567ns;            559ms 314μs 863ns
5ab801;81;2;150;107;7;44;45.000000;0.000000;0.000000;2970.000000;2970.000000;103.196664;0.000000;0.000000;-nan;        12s  23ms 599μs 228ns;                        -1121703364269543ns
5ab81b;175;0;187;162;13;52;170.000000;0.000000;0.000000;2999.000000;2999.000000;100.000000;0.000000;0.000000;-nan;        21s 157ms 872μs 873ns;                        -4486887641589611ns
5ab836;85;0;142;113;7;44;45.000000;0.000000;0.000000;2887.000000;2887.000000;100.000000;0.000000;0.000000;-nan;        14s 827ms 692μs 109ns;            315ms 804μs 244ns
5ab7f9;42;0;129;77;6;44;0.000000;0.000000;-nan;2970.000000;2970.000000;100.000000;0.000000;0.000000;-nan;        11s 477ms 350μs 438ns;                          0ns
5ab7fd;47;0;118;77;6;43;0.000000;0.000000;-nan;2972.000000;2972.000000;100.000000;0.000000;0.000000;-nan;        11s 737ms  16μs 591ns;                          0ns
2a8f41;13;8;52;33;5;19;19.000000;19.000000;100.000000;1230.000000;1230.000000;100.000000;0.000000;0.000000;-nan;            699ms 490μs 839ns;                          0ns
2a8f0d;13;0;30;25;4;14;14.000000;14.000000;100.000000;1158.000000;1158.000000;100.000000;0.000000;0.000000;-nan;            832ms 772μs 906ns;                          0ns
2a8f18;13;0;27;28;4;14;14.000000;14.000000;100.000000;1154.000000;1154.000000;100.000000;0.000000;0.000000;-nan;            784ms 420μs 698ns;                          0ns
2a8f22;17;0;26;31;4;15;15.000000;15.000000;100.000000;1163.000000;1163.000000;100.000000;0.000000;0.000000;-nan;            755ms 191μs 862ns;                          0ns
2a8f2e;16;0;31;27;4;15;15.000000;15.000000;100.000000;1150.000000;1150.000000;100.000000;0.000000;0.000000;-nan;            776ms 906μs 324ns;                          0ns
2a8f35;16;0;42;38;5;17;17.000000;17.000000;100.000000;1325.000000;1325.000000;100.000000;0.000000;0.000000;-nan;            847ms  14μs  24ns;                          0ns
2a8edf;15;0;32;27;4;15;15.000000;15.000000;100.000000;1218.000000;1218.000000;100.000000;0.000000;0.000000;-nan;            699ms  21μs 977ns;                          0ns
2a8ee4;15;0;24;29;4;14;14.000000;14.000000;100.000000;1164.000000;1164.000000;100.000000;0.000000;0.000000;-nan;            711ms 478μs 380ns;                          0ns
2a8ef2;16;0;29;29;4;15;15.000000;15.000000;100.000000;1151.000000;1151.000000;100.000000;0.000000;0.000000;-nan;            806ms 137μs 826ns;                          0ns
2a8efe;16;0;29;29;4;15;15.000000;15.000000;100.000000;1148.000000;1148.000000;100.000000;0.000000;0.000000;-nan;            827ms 775μs 169ns;                          0ns
5a88ca;78;8;140;114;7;44;45.000000;0.000000;0.000000;2877.000000;2877.000000;100.000000;0.000000;0.000000;-nan;        15s 284ms 122μs 241ns;            262ms 778μs 946ns
5a88d8;82;0;146;112;7;44;45.000000;0.000000;0.000000;2882.000000;2882.000000;100.000000;0.000000;0.000000;-nan;        16s 923ms 502μs 257ns;            550ms 499μs 349ns
5a888b;80;0;153;107;7;44;45.000000;0.000000;0.000000;2970.000000;2970.000000;103.196664;0.000000;0.000000;-nan;        15s 563ms 144μs  82ns;                        -1121479207091636ns
5a8899;82;0;150;108;7;44;45.000000;0.000000;0.000000;2970.000000;2970.000000;103.376262;0.000000;0.000000;-nan;        15s 996ms 800μs 259ns;                        -1121482284564007ns
5a88b0;102;0;180;142;8;43;45.000000;0.000000;0.000000;2972.000000;2972.000000;102.944233;0.000000;0.000000;-nan;        17s 423ms 518μs 552ns;                        -560747151023336ns
5a88ba;81;0;149;110;7;44;45.000000;0.000000;0.000000;2883.000000;2883.000000;100.000000;0.000000;0.000000;-nan;        16s  52ms 693μs 620ns;            579ms 659μs 997ns
5a8854;45;8;113;82;6;44;0.000000;0.000000;-nan;2972.000000;2972.000000;100.000000;0.000000;0.000000;-nan;         8s 409ms 858μs 371ns;                          0ns
5a8859;43;0;123;76;6;43;0.000000;0.000000;-nan;2970.000000;2970.000000;100.000000;0.000000;0.000000;-nan;        11s 812ms 159μs 454ns;                          0ns
5a886a;169;0;214;135;14;50;150.000000;0.000000;0.000000;2999.000000;2999.000000;100.000000;0.000000;0.000000;-nan;        22s 181ms  87μs 536ns;                        -9532721600931172ns
5a8874;81;0;138;121;7;44;45.000000;0.000000;0.000000;2872.000000;2872.000000;100.000000;0.000000;0.000000;-nan;        15s 745ms 378μs 192ns;            685ms 259μs   2ns
5a5242;82;0;147;111;7;44;45.000000;0.000000;0.000000;2883.000000;2883.000000;100.000000;0.000000;0.000000;-nan;        17s 228ms 966μs 977ns;            336ms 202μs 532ns
5a524f;81;8;140;111;7;44;45.000000;0.000000;0.000000;2887.000000;2887.000000;100.000000;0.000000;0.000000;-nan;        16s 340ms 582μs  40ns;            325ms 547μs 334ns
5a5261;101;0;182;141;8;43;45.000000;0.000000;0.000000;2970.000000;2970.000000;103.376262;0.000000;0.000000;-nan;        18s 979ms 664μs 490ns;                        -1121263941941904ns
5a5278;81;0;148;111;7;44;45.000000;0.000000;0.000000;2877.000000;2877.000000;100.000000;0.000000;0.000000;-nan;        18s 332ms 213μs  61ns;            384ms 342μs 241ns
5a5203;107;0;180;147;8;44;46.000000;0.000000;0.000000;2882.000000;2882.000000;100.000000;0.000000;0.000000;-nan;        18s 769ms 639μs 625ns;            968ms 729μs 959ns
5a5218;146;0;161;133;12;50;158.000000;0.000000;0.000000;2999.000000;2999.000000;100.000000;0.000000;0.000000;-nan;        22s 897ms 929μs 318ns;                        -5606335464541830ns
5a522a;83;0;142;115;7;44;45.000000;0.000000;0.000000;2972.000000;2972.000000;103.481894;0.000000;0.000000;-nan;        17s 508ms 234μs 160ns;                        -560628408155301ns
5a51df;73;0;150;109;7;43;0.000000;0.000000;-nan;2970.000000;2970.000000;100.000000;0.000000;0.000000;-nan;        16s  98ms 625μs  82ns;                        -560625557841784ns
5a51e4;45;8;115;80;6;44;0.000000;0.000000;-nan;2972.000000;2972.000000;100.000000;0.000000;0.000000;-nan;         7s 730ms  46μs 938ns;                          0ns
5a51ed;81;0;149;110;7;44;45.000000;0.000000;0.000000;2883.000000;2883.000000;100.173732;0.000000;0.000000;-nan;        16s 549ms 174μs 615ns;            604ms 241μs 874ns
2a3fc7;9;0;10;9;3;8;8.000000;8.000000;100.000000;656.000000;656.000000;100.000000;0.000000;0.000000;-nan;            529ms 938μs 754ns;                          0ns
2a3fca;33;0;28;45;6;11;13.000000;0.000000;0.000000;972.000000;972.000000;100.309598;0.000000;0.000000;-nan;         1s  58ms  15μs 925ns;            261ms 645μs 402ns
2a3f83;27;0;15;14;5;12;15.000000;0.000000;0.000000;966.000000;966.000000;146.142209;0.000000;0.000000;-nan;            756ms 454μs 826ns;             58ms 244μs 787ns
2a3f8c;12;0;27;15;4;10;10.000000;10.000000;100.000000;658.000000;658.000000;100.000000;0.000000;0.000000;-nan;            552ms 835μs 538ns;                          0ns
2a3f9c;24;0;41;37;6;18;24.000000;0.000000;0.000000;1230.000000;1230.000000;100.000000;0.000000;0.000000;-nan;            831ms 617μs 680ns;             92ms 546μs 729ns
2a3fa7;5;0;19;4;3;8;8.000000;8.000000;100.000000;660.000000;660.000000;100.000000;0.000000;0.000000;-nan;            497ms 284μs 872ns;                          0ns
2a3fb1;10;0;19;19;4;9;9.000000;9.000000;100.000000;657.000000;657.000000;100.000000;0.000000;0.000000;-nan;            494ms 538μs 714ns;                          0ns
2a3fba;6;0;2;4;2;4;4.000000;4.000000;100.000000;353.000000;353.000000;100.000000;0.000000;0.000000;-nan;            409ms 900μs 670ns;                          0ns
2a3f6e;11;0;16;21;4;9;9.000000;9.000000;100.000000;659.000000;659.000000;100.000000;0.000000;0.000000;-nan;            409ms 286μs 990ns;                          0ns
2a3f76;3;0;7;2;2;4;4.000000;4.000000;100.000000;354.000000;354.000000;100.000000;0.000000;0.000000;-nan;            251ms 867μs 253ns;                          0ns
5a1d8f;81;0;146;113;7;44;45.000000;0.000000;0.000000;2887.000000;2887.000000;100.000000;0.000000;0.000000;-nan;        16s 741ms 936μs 535ns;            289ms 205μs 804ns
5a1d9a;84;0;144;112;7;44;45.000000;0.000000;0.000000;2972.000000;2972.000000;103.302051;0.000000;0.000000;-nan;        16s 493ms 400μs 221ns;                        -560515005113166ns
5a1d4a;125;106;117;74;12;53;164.000000;0.000000;0.000000;2999.000000;2999.000000;100.000000;0.000000;0.000000;-nan;        19s 994ms 151μs 586ns;                        -5605202289067040ns
5a1d65;101;0;184;139;8;43;45.000000;0.000000;0.000000;2970.000000;2970.000000;103.376262;0.000000;0.000000;-nan;        17s 240ms 701μs 485ns;                        -1681547196342781ns
5a1d7a;58;0;113;83;6;45;45.000000;45.000000;100.000000;2883.000000;2883.000000;100.000000;0.000000;0.000000;-nan;        12s 815ms 404μs 921ns;                          0ns
5a1d1b;81;1;149;109;7;44;45.000000;0.000000;0.000000;2970.000000;2970.000000;103.196664;0.000000;0.000000;-nan;        14s 149ms 648μs 235ns;                        -1121021612779527ns
5a1d2e;105;0;180;139;8;43;45.000000;0.000000;0.000000;2972.000000;2972.000000;103.122831;0.000000;0.000000;-nan;        17s 142ms 106μs  33ns;                        -560517388939875ns
5a1ce5;45;8;116;79;6;44;0.000000;0.000000;-nan;2972.000000;2972.000000;100.000000;0.000000;0.000000;-nan;         7s 351ms 771μs 859ns;                          0ns
5a1cea;53;3;116;76;6;44;0.000000;0.000000;-nan;2970.000000;2970.000000;100.000000;0.000000;0.000000;-nan;         8s 213ms 406μs 720ns;                          0ns
5a1cf3;79;0;145;116;7;44;45.000000;0.000000;0.000000;2972.000000;2972.000000;103.481894;0.000000;0.000000;-nan;        14s 914ms 743μs 884ns;                        -560511969845432ns
59eb48;80;0;147;113;7;44;45.000000;0.000000;0.000000;2883.000000;2883.000000;100.000000;0.000000;0.000000;-nan;        16s 128ms 687μs 156ns;            642ms 177μs 245ns
59eb54;57;0;114;83;6;45;45.000000;45.000000;100.000000;2878.000000;2878.000000;100.000000;0.000000;0.000000;-nan;        13s 931ms 574μs 622ns;                          0ns
59eb68;171;0;200;153;13;52;163.000000;0.000000;0.000000;2999.000000;2999.000000;100.000000;0.000000;0.000000;-nan;        22s 411ms 761μs 719ns;                        -5604040230029701ns
59eb7a;82;0;144;114;7;44;45.000000;0.000000;0.000000;2887.000000;2887.000000;100.000000;0.000000;0.000000;-nan;        16s 405ms 342μs 835ns;            341ms 168μs  36ns
59eb06;83;0;146;111;7;44;45.000000;0.000000;0.000000;2972.000000;2972.000000;103.122831;0.000000;0.000000;-nan;        14s 911ms 366μs 882ns;                        -560394759649758ns
59eb1b;83;0;144;113;7;44;45.000000;0.000000;0.000000;2877.000000;2877.000000;100.000000;0.000000;0.000000;-nan;        15s 268ms 267μs 270ns;            553ms 466μs 391ns
59eb27;81;0;152;107;7;44;45.000000;0.000000;0.000000;2970.000000;2970.000000;103.376262;0.000000;0.000000;-nan;        15s 434ms 661μs 259ns;                        -1120793057051760ns
59eb39;102;0;181;141;8;43;45.000000;0.000000;0.000000;2970.000000;2970.000000;103.556485;0.000000;0.000000;-nan;        16s 628ms 708μs 484ns;                        -1681196945067633ns
59eaf8;42;0;129;77;6;44;0.000000;0.000000;-nan;2970.000000;2970.000000;100.000000;0.000000;0.000000;-nan;        10s 172ms 744μs 188ns;                          0ns
59eafd;47;0;118;83;6;44;0.000000;0.000000;-nan;2972.000000;2972.000000;100.000000;0.000000;0.000000;-nan;        11s 897ms 534μs 454ns;                          0ns
59b884;77;0;152;111;7;44;45.000000;0.000000;0.000000;2883.000000;2883.000000;100.000000;0.000000;0.000000;-nan;        17s 803ms  81μs 742ns;            338ms 754μs 520ns
59b846;81;0;148;111;7;44;45.000000;0.000000;0.000000;2878.000000;2878.000000;100.000000;0.000000;0.000000;-nan;        17s 607ms  13μs 100ns;            410ms  57μs 778ns
59b85a;104;0;177;143;8;43;45.000000;0.000000;0.000000;2972.000000;2972.000000;103.122831;0.000000;0.000000;-nan;        18s 390ms 369μs 424ns;                        -1120522418990634ns
59b872;82;0;145;113;7;44;45.000000;0.000000;0.000000;2970.000000;2970.000000;103.376262;0.000000;0.000000;-nan;        18s  41ms 157μs 588ns;                        -560260983533887ns
59b80a;83;4;145;108;7;44;45.000000;0.000000;0.000000;2972.000000;2972.000000;103.302051;0.000000;0.000000;-nan;        14s 356ms 432μs 978ns;                        -560254044865151ns
59b81f;175;0;198;151;13;52;169.000000;0.000000;0.000000;2999.000000;2999.000000;100.000000;0.000000;0.000000;-nan;        23s 729ms 769μs 796ns;                        -6723206869032077ns
59b83c;81;0;147;112;7;44;45.000000;0.000000;0.000000;2972.000000;2972.000000;103.481894;0.000000;0.000000;-nan;        16s 922ms 757μs 923ns;                        -560257770816184ns
59b7e3;47;0;120;81;6;44;0.000000;0.000000;-nan;2972.000000;2972.000000;100.000000;0.000000;0.000000;-nan;        11s 620ms 872μs 206ns;                          0ns
59b7e8;82;0;143;115;7;44;45.000000;0.000000;0.000000;2887.000000;2887.000000;100.000000;0.000000;0.000000;-nan;        16s 552ms 408μs 466ns;            512ms  55μs 249ns
59b7f9;81;0;150;109;7;44;45.000000;0.000000;0.000000;2970.000000;2970.000000;103.556485;0.000000;0.000000;-nan;        16s 680ms 242μs 464ns;                        -560257173656786ns
59888b;104;8;170;142;8;43;45.000000;0.000000;0.000000;2972.000000;2972.000000;102.944233;0.000000;0.000000;-nan;        18s 750ms 681μs 164ns;                        -1120291845399977ns
59889c;79;0;147;114;7;44;45.000000;0.000000;0.000000;2878.000000;2878.000000;100.000000;0.000000;0.000000;-nan;        17s 524ms 458μs 952ns;            327ms  73μs 237ns
598844;143;0;211;162;10;51;0.000000;0.000000;-nan;2999.000000;2999.000000;100.000000;0.000000;0.000000;-nan;        21s 618ms 869μs  85ns;                        -5041361594812912ns
598867;81;0;148;111;7;44;45.000000;0.000000;0.000000;2873.000000;2873.000000;100.000000;0.000000;0.000000;-nan;        17s 187ms 971μs 568ns;            360ms 617μs 243ns
598874;79;0;148;113;7;44;45.000000;0.000000;0.000000;2883.000000;2883.000000;100.000000;0.000000;0.000000;-nan;        17s 203ms       499ns;            653ms 563μs 490ns
59880c;108;0;171;155;8;44;46.000000;0.000000;0.000000;2872.000000;2872.000000;100.000000;0.000000;0.000000;-nan;        18s 961ms 126μs 492ns;            832ms  89μs 151ns
59882c;82;8;144;106;7;44;45.000000;0.000000;0.000000;2882.000000;2882.000000;100.000000;0.000000;0.000000;-nan;        15s 818ms 365μs 900ns;            256ms 665μs 444ns
5987dc;43;0;123;76;6;43;0.000000;0.000000;-nan;2970.000000;2970.000000;100.000000;0.000000;0.000000;-nan;        12s 683ms 675μs 916ns;                          0ns
5987e1;42;8;121;77;6;44;0.000000;0.000000;-nan;2972.000000;2972.000000;100.000000;0.000000;0.000000;-nan;         8s 375ms 742μs 219ns;                          0ns
5987ea;83;1;141;114;7;44;45.000000;0.000000;0.000000;2972.000000;2972.000000;103.302051;0.000000;0.000000;-nan;        13s 565ms 506μs 186ns;                        -560140129993691ns
595787;123;0;161;114;11;52;156.000000;0.000000;0.000000;2999.000000;2999.000000;100.000000;0.000000;0.000000;-nan;        20s 371ms 342μs 942ns;                        -2800159829966131ns
595748;81;0;149;110;7;44;45.000000;0.000000;0.000000;2970.000000;2970.000000;103.556485;0.000000;0.000000;-nan;        16s 357ms 549μs 556ns;                        -1120064507344909ns
595755;80;0;146;114;7;44;45.000000;0.000000;0.000000;2873.000000;2873.000000;100.000000;0.000000;0.000000;-nan;        16s 628ms 682μs 907ns;            392ms 340μs 163ns
595766;83;0;144;113;7;44;45.000000;0.000000;0.000000;2887.000000;2887.000000;100.000000;0.000000;0.000000;-nan;        16s 163ms 317μs 867ns;            502ms 436μs 471ns
595777;81;0;148;111;7;44;45.000000;0.000000;0.000000;2878.000000;2878.000000;100.000000;0.000000;0.000000;-nan;        16s 830ms 123μs 164ns;            672ms 131μs 349ns
595700;47;0;120;81;6;44;0.000000;0.000000;-nan;2972.000000;2972.000000;100.000000;0.000000;0.000000;-nan;        10s 576ms 922μs 989ns;                          0ns
59570c;83;0;149;108;7;44;45.000000;0.000000;0.000000;2972.000000;2972.000000;103.122831;0.000000;0.000000;-nan;        16s  69ms 712μs 668ns;                        -560030740145238ns
595722;83;0;150;107;7;44;45.000000;0.000000;0.000000;2883.000000;2883.000000;100.000000;0.000000;0.000000;-nan;        15s 682ms 120μs 797ns;            522ms 286μs 634ns
595737;77;0;124;95;7;44;46.000000;0.000000;0.000000;2972.000000;2972.000000;103.302051;0.000000;0.000000;-nan;        15s 387ms 886μs 402ns;                        -560026331720840ns
5956fb;43;0;125;80;6;44;0.000000;0.000000;-nan;2970.000000;2970.000000;100.000000;0.000000;0.000000;-nan;        10s 690ms 344μs 843ns;                          0ns
592286;80;0;149;111;7;44;45.000000;0.000000;0.000000;2970.000000;2970.000000;103.376262;0.000000;0.000000;-nan;        17s 298ms 176μs 281ns;                        -559866467430364ns
592291;87;0;145;116;7;45;46.000000;0.000000;0.000000;2887.000000;2887.000000;100.000000;0.000000;0.000000;-nan;        17s 520ms  48μs 520ns;            913ms 633μs 463ns
592299;105;0;183;146;8;44;46.000000;0.000000;0.000000;2878.000000;2878.000000;100.000000;0.000000;0.000000;-nan;        19s 143ms 109μs 567ns;            938ms 798μs 914ns
5922ab;104;0;182;138;8;43;45.000000;0.000000;0.000000;2970.000000;2970.000000;103.017690;0.000000;0.000000;-nan;        19s 408ms 291μs 773ns;                        -1119743280504289ns
5922bd;84;0;143;113;7;44;45.000000;0.000000;0.000000;2972.000000;2972.000000;103.122831;0.000000;0.000000;-nan;        18s 302ms 989μs 640ns;                        -559868549259172ns
592240;47;0;120;81;6;44;0.000000;0.000000;-nan;2972.000000;2972.000000;100.000000;0.000000;0.000000;-nan;        12s 450ms 289μs 282ns;                          0ns
592244;82;0;146;111;7;44;45.000000;0.000000;0.000000;2972.000000;2972.000000;103.302051;0.000000;0.000000;-nan;        16s 610ms 285μs 639ns;                        -559863878250257ns
592252;79;0;148;113;7;44;45.000000;0.000000;0.000000;2970.000000;2970.000000;103.556485;0.000000;0.000000;-nan;        16s 726ms 273μs 325ns;                        -559864201247797ns
592267;84;0;146;110;7;44;45.000000;0.000000;0.000000;2972.000000;2972.000000;103.481894;0.000000;0.000000;-nan;        16s 993ms 113μs 414ns;                        -559865450931398ns
592278;219;0;252;219;14;52;173.000000;0.000000;0.000000;2999.000000;2999.000000;100.000000;0.000000;0.000000;-nan;        27s  18ms 139μs 494ns;                        -13996970837687014ns
58f319;229;0;242;201;15;53;162.000000;0.000000;0.000000;2999.000000;2999.000000;100.000000;0.000000;0.000000;-nan;        24s  16ms 211μs 183ns;                        -14553738766803993ns
58f2d9;82;0;147;111;7;44;45.000000;0.000000;0.000000;2883.000000;2883.000000;100.523013;0.000000;0.000000;-nan;        16s 285ms 957μs 949ns;         1s 403ms 252μs 827ns
58f2ee;58;0;115;81;6;45;45.000000;45.000000;100.000000;2878.000000;2878.000000;100.000000;0.000000;0.000000;-nan;        14s 895ms 633μs 422ns;                          0ns
58f2fd;58;0;117;79;6;45;45.000000;45.000000;100.000000;2883.000000;2883.000000;100.000000;0.000000;0.000000;-nan;        15s 199ms 711μs 286ns;                          0ns
58f280;84;0;148;108;7;44;45.000000;0.000000;0.000000;2972.000000;2972.000000;103.302051;0.000000;0.000000;-nan;        16s 102ms 710μs 990ns;                        -1119500669137954ns
58f29b;107;8;171;148;8;44;46.000000;0.000000;0.000000;2882.000000;2882.000000;100.000000;0.000000;0.000000;-nan;        16s 580ms 837μs 166ns;            912ms 628μs 296ns
58f2b0;80;0;146;114;7;44;45.000000;0.000000;0.000000;2873.000000;2873.000000;100.000000;0.000000;0.000000;-nan;        15s 442ms 548μs 557ns;            571ms 273μs 760ns
58f2bf;81;8;139;112;7;44;45.000000;0.000000;0.000000;2972.000000;2972.000000;102.944233;0.000000;0.000000;-nan;        15s  46ms 702μs 505ns;                        -559748066050653ns
58f277;40;0;126;82;6;44;0.000000;0.000000;-nan;2970.000000;2970.000000;100.000000;0.000000;0.000000;-nan;        12s  80ms 369μs 655ns;                          0ns
58f27b;45;8;113;82;6;44;0.000000;0.000000;-nan;2972.000000;2972.000000;100.000000;0.000000;0.000000;-nan;         8s 636ms 303μs  33ns;                          0ns
58c401;82;0;143;115;7;44;45.000000;0.000000;0.000000;2972.000000;2972.000000;102.944233;0.000000;0.000000;-nan;        17s 868ms 749μs 663ns;                        -559599582030534ns
58c412;75;0;120;101;7;44;46.000000;0.000000;0.000000;2970.000000;2970.000000;103.556485;0.000000;0.000000;-nan;        18s 211ms 207μs 149ns;                        -559596541359376ns
58c420;73;0;124;99;7;44;46.000000;0.000000;0.000000;2878.000000;2878.000000;100.000000;0.000000;0.000000;-nan;        18s 960ms 563μs 618ns;            334ms 765μs 784ns
58c435;105;0;177;142;8;43;45.000000;0.000000;0.000000;2972.000000;2972.000000;103.302051;0.000000;0.000000;-nan;        19s 721ms 900μs 204ns;                        -1119207250558232ns
58c3c3;75;0;123;90;7;43;45.000000;0.000000;0.000000;2972.000000;2972.000000;103.122831;0.000000;0.000000;-nan;        16s 914ms 476μs 994ns;                        -559594258737541ns
58c3d1;100;0;207;133;9;43;48.000000;0.000000;0.000000;2970.000000;2970.000000;101.089176;0.000000;0.000000;-nan;        20s   9ms 758μs  78ns;                        -2238411441174598ns
58c3ee;80;0;148;112;7;44;45.000000;0.000000;0.000000;2883.000000;2883.000000;100.000000;0.000000;0.000000;-nan;        18s 166ms  71μs 318ns;            420ms 495μs 245ns
58c39a;47;0;118;83;6;44;0.000000;0.000000;-nan;2972.000000;2972.000000;100.000000;0.000000;0.000000;-nan;         8s  37ms 423μs 221ns;                          0ns
58c39d;80;1;149;110;7;44;45.000000;0.000000;0.000000;2970.000000;2970.000000;103.376262;0.000000;0.000000;-nan;        12s 574ms 572μs 329ns;                        -1119189453885078ns
58c3b4;81;0;143;116;7;44;45.000000;0.000000;0.000000;2972.000000;2972.000000;103.481894;0.000000;0.000000;-nan;        16s 723ms 582μs 458ns;                        -2238391542414725ns
289940;9;0;51;42;5;18;18.000000;18.000000;100.000000;1569.000000;1569.000000;100.000000;0.000000;0.000000;-nan;            452ms 642μs 634ns;                          0ns
289947;8;0;9;11;3;8;8.000000;8.000000;100.000000;656.000000;656.000000;100.000000;0.000000;0.000000;-nan;            298ms 422μs 154ns;                          0ns
289953;6;0;12;14;3;7;7.000000;7.000000;100.000000;660.000000;660.000000;100.000000;0.000000;0.000000;-nan;            216ms 312μs 324ns;                          0ns
289961;13;0;23;22;4;11;11.000000;11.000000;100.000000;657.000000;657.000000;100.000000;0.000000;0.000000;-nan;            440ms 246μs 937ns;                          0ns
28996f;18;0;29;21;4;14;14.000000;14.000000;100.000000;966.000000;966.000000;100.000000;0.000000;0.000000;-nan;            513ms 862μs   3ns;                          0ns
28991f;9;0;52;41;5;18;18.000000;18.000000;100.000000;1567.000000;1567.000000;100.000000;0.000000;0.000000;-nan;            398ms 886μs 293ns;                          0ns
289924;9;0;60;43;5;20;20.000000;20.000000;100.000000;1700.000000;1700.000000;100.000000;0.000000;0.000000;-nan;            397ms 349μs 728ns;                          0ns
28992a;9;0;51;42;5;18;18.000000;18.000000;100.000000;1566.000000;1566.000000;100.000000;0.000000;0.000000;-nan;            393ms 379μs 355ns;                          0ns
289932;9;0;49;44;5;18;18.000000;18.000000;100.000000;1568.000000;1568.000000;100.000000;0.000000;0.000000;-nan;            455ms 655μs 389ns;                          0ns
289937;9;0;49;44;5;18;18.000000;18.000000;100.000000;1570.000000;1570.000000;100.000000;0.000000;0.000000;-nan;            446ms 414μs  65ns;                          0ns
589440;79;0;147;114;7;44;45.000000;0.000000;0.000000;2878.000000;2878.000000;100.000000;0.000000;0.000000;-nan;        16s 872ms 182μs 850ns;            271ms  91μs 908ns
58944e;82;0;142;116;7;44;45.000000;0.000000;0.000000;2887.000000;2887.000000;100.000000;0.000000;0.000000;-nan;        16s 591ms 963μs 160ns;            249ms 104μs 509ns
589401;83;0;141;116;7;44;45.000000;0.000000;0.000000;2972.000000;2972.000000;103.122831;0.000000;0.000000;-nan;        15s 802ms 446μs 695ns;                        -559463469632795ns
589413;103;0;178;143;8;43;45.000000;0.000000;0.000000;2972.000000;2972.000000;103.481894;0.000000;0.000000;-nan;        18s  58ms 582μs 606ns;                        -1678399122010336ns
589425;144;2;202;150;12;51;153.000000;0.000000;0.000000;2999.000000;2999.000000;100.000000;0.000000;0.000000;-nan;        21s 547ms 404μs 555ns;                        -3916249960566850ns
589436;79;0;148;113;7;44;45.000000;0.000000;0.000000;2883.000000;2883.000000;100.000000;0.000000;0.000000;-nan;        16s 740ms 255μs 839ns;            382ms 495μs 531ns
5893cd;43;0;123;76;6;43;0.000000;0.000000;-nan;2970.000000;2970.000000;100.000000;0.000000;0.000000;-nan;        11s 502ms 770μs 595ns;                          0ns
5893d0;47;0;120;81;6;44;0.000000;0.000000;-nan;2972.000000;2972.000000;100.000000;0.000000;0.000000;-nan;        12s 169ms 430μs 258ns;                          0ns
5893db;76;0;121;99;7;44;46.000000;0.000000;0.000000;2970.000000;2970.000000;103.556485;0.000000;0.000000;-nan;        15s 734ms 955μs 102ns;                        -559459299175484ns
5893f0;105;0;175;144;8;43;45.000000;0.000000;0.000000;2972.000000;2972.000000;103.302051;0.000000;0.000000;-nan;        17s 224ms 822μs 826ns;                        -1118929507355133ns
58648a;105;0;180;139;8;43;45.000000;0.000000;0.000000;2972.000000;2972.000000;103.302051;0.000000;0.000000;-nan;        18s   8ms 419μs 296ns;                        -2237255223624117ns
58649b;81;0;144;115;7;44;45.000000;0.000000;0.000000;2887.000000;2887.000000;100.000000;0.000000;0.000000;-nan;        17s 323ms 468μs 370ns;            366ms 959μs 917ns
5864a7;80;0;150;110;7;44;45.000000;0.000000;0.000000;2883.000000;2883.000000;100.000000;0.000000;0.000000;-nan;        17s 425ms 940μs 489ns;            267ms 553μs 985ns
5864b4;80;0;149;111;7;44;45.000000;0.000000;0.000000;2878.000000;2878.000000;100.000000;0.000000;0.000000;-nan;        17s 796ms 940μs  92ns;            598ms 634μs 500ns
58644b;86;0;140;113;7;44;45.000000;0.000000;0.000000;2972.000000;2972.000000;103.122831;0.000000;0.000000;-nan;        17s  17ms 109μs  56ns;                        -559313267917737ns
58647f;150;0;203;145;12;51;158.000000;0.000000;0.000000;2999.000000;2999.000000;100.000000;0.000000;0.000000;-nan;        22s 679ms 939μs 831ns;                        -3915226039554965ns
586403;56;8;107;77;6;44;0.000000;0.000000;-nan;2972.000000;2972.000000;100.000000;0.000000;0.000000;-nan;         8s 108ms  82μs  64ns;                          0ns
586408;54;0;112;82;6;44;0.000000;0.000000;-nan;2970.000000;2970.000000;100.000000;0.000000;0.000000;-nan;        12s 357ms 318μs 332ns;                          0ns
586411;86;0;138;116;7;44;45.000000;0.000000;0.000000;2972.000000;2972.000000;103.481894;0.000000;0.000000;-nan;        16s 239ms 550μs 590ns;                        -559311073682094ns
586432;87;19;147;127;8;43;46.000000;0.000000;0.000000;2970.000000;2970.000000;103.376262;0.000000;0.000000;-nan;        15s 363ms 256μs 508ns;                        -1677920154296787ns
58355c;80;0;146;114;7;44;45.000000;0.000000;0.000000;2878.000000;2878.000000;100.000000;0.000000;0.000000;-nan;        16s 993ms 467μs 152ns;            318ms 104μs 332ns
583503;83;8;137;112;7;44;45.000000;0.000000;0.000000;2877.000000;2877.000000;100.000000;0.000000;0.000000;-nan;        15s 206ms 255μs 592ns;            430ms 236μs 745ns
58351b;81;0;144;115;7;44;45.000000;0.000000;0.000000;2887.000000;2887.000000;100.000000;0.000000;0.000000;-nan;        16s 291ms 858μs 899ns;            340ms  20μs 352ns
58352b;82;0;150;108;7;44;45.000000;0.000000;0.000000;2970.000000;2970.000000;103.017690;0.000000;0.000000;-nan;        16s 383ms 536μs 342ns;                        -559199623360354ns
58353a;104;0;180;140;8;43;45.000000;0.000000;0.000000;2970.000000;2970.000000;103.376262;0.000000;0.000000;-nan;        18s 307ms 834μs 634ns;                        -1677608728023021ns
5834c3;47;0;118;83;6;44;0.000000;0.000000;-nan;2972.000000;2972.000000;100.000000;0.000000;0.000000;-nan;        12s 589ms 814μs 877ns;                          0ns
5834ce;83;0;143;114;7;44;45.000000;0.000000;0.000000;2972.000000;2972.000000;103.122831;0.000000;0.000000;-nan;        15s 992ms 582μs 236ns;                        -1677591615790468ns
5834e5;141;0;165;134;12;50;156.000000;0.000000;0.000000;2999.000000;2999.000000;100.000000;0.000000;0.000000;-nan;        21s 322ms 526μs 484ns;                        -5032822572103321ns
5834fa;82;2;145;111;7;44;45.000000;0.000000;0.000000;2972.000000;2972.000000;103.481894;0.000000;0.000000;-nan;        13s 631ms  18μs 638ns;                        -1677583206577816ns
5834be;43;0;126;79;6;44;0.000000;0.000000;-nan;2970.000000;2970.000000;100.000000;0.000000;0.000000;-nan;        12s 830ms 442μs 403ns;                          0ns
5800c9;125;0;150;103;11;55;168.000000;0.000000;0.000000;2999.000000;2999.000000;100.000000;0.000000;0.000000;-nan;        20s 886ms 118μs 924ns;                        -3354544787106824ns
580090;79;0;147;114;7;44;45.000000;0.000000;0.000000;2873.000000;2873.000000;100.000000;0.000000;0.000000;-nan;        16s 950ms 282μs  80ns;            281ms 336μs 321ns
58009a;79;0;150;111;7;44;45.000000;0.000000;0.000000;2883.000000;2883.000000;100.000000;0.000000;0.000000;-nan;        16s 264ms  78μs 515ns;            253ms 154μs 301ns
5800ab;80;0;149;111;7;44;45.000000;0.000000;0.000000;2878.000000;2878.000000;100.000000;0.000000;0.000000;-nan;        16s 802ms 523μs 403ns;            419ms 597μs 494ns
5800bc;60;0;110;84;6;45;45.000000;45.000000;100.000000;2887.000000;2887.000000;100.000000;0.000000;0.000000;-nan;        15s 334ms 290μs 205ns;                          0ns
580043;47;0;118;83;6;44;0.000000;0.000000;-nan;2972.000000;2972.000000;100.000000;0.000000;0.000000;-nan;        12s 686ms 240μs  55ns;                          0ns
580047;83;0;142;115;7;44;45.000000;0.000000;0.000000;2972.000000;2972.000000;103.481894;0.000000;0.000000;-nan;        16s 192ms 549μs 238ns;                        -559085373365443ns
580058;83;0;143;114;7;44;45.000000;0.000000;0.000000;2887.000000;2887.000000;100.173491;0.000000;0.000000;-nan;        15s 902ms 817μs 939ns;         1s  13ms 334μs 871ns
58006a;78;0;119;99;7;44;46.000000;0.000000;0.000000;2972.000000;2972.000000;103.302051;0.000000;0.000000;-nan;        16s 621ms 303μs 196ns;                        -1118165332902565ns
58007f;82;0;148;110;7;44;45.000000;0.000000;0.000000;2970.000000;2970.000000;103.556485;0.000000;0.000000;-nan;        15s 652ms 120μs 315ns;                        -559084566540343ns
57d007;83;0;146;111;7;44;45.000000;0.000000;0.000000;2972.000000;2972.000000;103.122831;0.000000;0.000000;-nan;        16s 846ms 386μs 152ns;                        -558956150651737ns
57cf8e;147;0;174;101;13;50;157.000000;0.000000;0.000000;2999.000000;2999.000000;100.000000;0.000000;0.000000;-nan;        20s 785ms 356μs 922ns;                        -7825419432144300ns
57cfa2;58;63;125;94;7;44;45.000000;0.000000;0.000000;2883.000000;2883.000000;100.000000;0.000000;0.000000;-nan;         7s 143ms 670μs 408ns;            835ms 812μs 347ns
57cfab;84;0;141;115;7;44;45.000000;0.000000;0.000000;2972.000000;2972.000000;102.944233;0.000000;0.000000;-nan;        16s 357ms 168μs 639ns;                        -558954646996124ns
57cf42;82;0;148;110;7;44;45.000000;0.000000;0.000000;2873.000000;2873.000000;100.000000;0.000000;0.000000;-nan;        16s   5ms 518μs 381ns;            652ms 286μs 396ns
57cf62;82;0;146;112;7;44;45.000000;0.000000;0.000000;2972.000000;2972.000000;103.302051;0.000000;0.000000;-nan;        15s 705ms  85μs 920ns;                        -558952167812838ns
57cf7c;79;0;149;112;7;44;45.000000;0.000000;0.000000;2878.000000;2878.000000;100.000000;0.000000;0.000000;-nan;        15s 865ms 411μs 892ns;            404ms 621μs 455ns
57cf1b;43;0;123;76;6;43;0.000000;0.000000;-nan;2970.000000;2970.000000;100.000000;0.000000;0.000000;-nan;        11s 837ms 187μs 578ns;                          0ns
57cf20;47;0;120;81;6;44;0.000000;0.000000;-nan;2972.000000;2972.000000;100.000000;0.000000;0.000000;-nan;        11s 577ms 528μs 642ns;                          0ns
57cf2a;80;8;140;112;7;44;45.000000;0.000000;0.000000;2972.000000;2972.000000;103.481894;0.000000;0.000000;-nan;        14s 236ms  37μs 264ns;                        -558950807392962ns
579dc7;172;0;179;163;13;52;0.000000;0.000000;-nan;2999.000000;2999.000000;100.000000;0.000000;0.000000;-nan;        22s 298ms 849μs 627ns;                        -8382683694253379ns
579d87;79;0;148;113;7;44;45.000000;0.000000;0.000000;2868.000000;2868.000000;100.000000;0.000000;0.000000;-nan;        16s 176ms 308μs 304ns;            949ms 943μs 194ns
579d99;80;0;152;108;7;44;45.000000;0.000000;0.000000;2883.000000;2883.000000;100.173732;0.000000;0.000000;-nan;        16s 401ms 638μs 205ns;            394ms 719μs 452ns
579daa;58;0;115;81;6;45;45.000000;45.000000;100.000000;2873.000000;2873.000000;100.000000;0.000000;0.000000;-nan;        14s 639ms  39μs 520ns;                          0ns
579d44;84;0;150;106;7;44;45.000000;0.000000;0.000000;2882.000000;2882.000000;100.000000;0.000000;0.000000;-nan;        15s 858ms 618μs 648ns;            643ms 172μs 934ns
579d59;81;0;146;113;7;44;45.000000;0.000000;0.000000;2970.000000;2970.000000;103.017690;0.000000;0.000000;-nan;        15s 518ms 957μs 633ns;                        -558836319148645ns
579d68;106;0;181;137;8;43;45.000000;0.000000;0.000000;2972.000000;2972.000000;103.662365;0.000000;0.000000;-nan;        16s 778ms 537μs 589ns;                        -1117676690765855ns
579d75;84;0;143;113;7;44;45.000000;0.000000;0.000000;2972.000000;2972.000000;103.481894;0.000000;0.000000;-nan;        16s  63ms 114μs 683ns;                        -558838338287836ns
579d36;43;0;128;77;6;44;0.000000;0.000000;-nan;2970.000000;2970.000000;100.000000;0.000000;0.000000;-nan;        11s 181ms 128μs 271ns;                          0ns
579d3b;47;0;118;77;6;43;0.000000;0.000000;-nan;2972.000000;2972.000000;100.000000;0.000000;0.000000;-nan;        12s 791ms 756μs 380ns;                          0ns
576600;102;0;182;140;8;43;45.000000;0.000000;0.000000;2970.000000;2970.000000;103.376262;0.000000;0.000000;-nan;        19s 796ms 478μs 114ns;                        -558676798454752ns
576612;178;0;223;163;14;49;152.000000;0.000000;0.000000;2999.000000;2999.000000;100.000000;0.000000;0.000000;-nan;        25s  32ms 157μs 988ns;                        -6145459111799278ns
5765c6;106;0;177;141;8;43;45.000000;0.000000;0.000000;2972.000000;2972.000000;102.944233;0.000000;0.000000;-nan;        19s 370ms 222μs 439ns;                        -1117347933778202ns
5765d4;58;8;107;81;6;45;45.000000;45.000000;100.000000;2877.000000;2877.000000;100.000000;0.000000;0.000000;-nan;        12s 332ms 266μs 397ns;                          0ns
5765ea;82;0;147;111;7;44;45.000000;0.000000;0.000000;2970.000000;2970.000000;103.017690;0.000000;0.000000;-nan;        17s 659ms 441μs 852ns;                        -558670868216142ns
5765f7;82;0;147;111;7;44;45.000000;0.000000;0.000000;2970.000000;2970.000000;103.196664;0.000000;0.000000;-nan;        16s 723ms 184μs 285ns;                        -558668914175950ns
576592;81;0;152;107;7;44;45.000000;0.000000;0.000000;2970.000000;2970.000000;103.556485;0.000000;0.000000;-nan;        17s 398ms 807μs 177ns;                        -558669731212003ns
576556;43;0;125;80;6;44;0.000000;0.000000;-nan;2972.000000;2972.000000;100.000000;0.000000;0.000000;-nan;         7s 827ms  66μs 253ns;                          0ns
57655b;106;0;175;143;8;43;45.000000;0.000000;0.000000;2972.000000;2972.000000;103.122831;0.000000;0.000000;-nan;        19s  79ms 923μs 862ns;                        -1117344003939839ns
576577;99;20;164;141;8;43;45.000000;0.000000;0.000000;2972.000000;2972.000000;103.662365;0.000000;0.000000;-nan;        16s 545ms  40μs 450ns;                        -1675994226357268ns
5736c2;80;0;146;114;7;44;45.000000;0.000000;0.000000;2878.000000;2878.000000;100.000000;0.000000;0.000000;-nan;        17s 161ms  72μs 139ns;            255ms 929μs 892ns
5736cd;81;0;148;111;7;44;45.000000;0.000000;0.000000;2972.000000;2972.000000;103.626220;0.000000;0.000000;-nan;        17s 336ms  63μs 248ns;                        -558536961185022ns
5736dc;81;0;147;112;7;44;45.000000;0.000000;0.000000;2873.000000;2873.000000;100.000000;0.000000;0.000000;-nan;        17s 667ms 932μs 867ns;            705ms 401μs 526ns
57368a;80;0;144;116;7;44;45.000000;0.000000;0.000000;2972.000000;2972.000000;103.662365;0.000000;0.000000;-nan;        17s  14ms 927μs 170ns;                        -1117072273087957ns
573699;79;0;152;109;7;44;45.000000;0.000000;0.000000;2883.000000;2883.000000;100.000000;0.000000;0.000000;-nan;        16s 506ms 951μs 966ns;            275ms  10μs 970ns
5736b1;114;0;202;96;12;51;0.000000;0.000000;-nan;2999.000000;2999.000000;100.000000;0.000000;0.000000;-nan;        22s  51ms 809μs 304ns;                        -5026893467883063ns
573657;47;0;121;80;6;44;0.000000;0.000000;-nan;2972.000000;2972.000000;100.000000;0.000000;0.000000;-nan;        13s 398ms 440μs 936ns;                          0ns
57365b;83;0;148;109;7;44;45.000000;0.000000;0.000000;2972.000000;2972.000000;103.122831;0.000000;0.000000;-nan;        16s 753ms 864μs 282ns;                        -558535331993814ns
573668;83;0;144;113;7;44;45.000000;0.000000;0.000000;2972.000000;2972.000000;103.481894;0.000000;0.000000;-nan;        16s 356ms 504μs 983ns;                        -1117068218203136ns
573675;84;0;142;114;7;44;45.000000;0.000000;0.000000;2877.000000;2877.000000;100.000000;0.000000;0.000000;-nan;        16s  78ms 811μs 243ns;            398ms 785μs 488ns
5704c9;100;0;184;140;8;43;45.000000;0.000000;0.000000;2970.000000;2970.000000;103.376262;0.000000;0.000000;-nan;        18s 737ms 425μs 544ns;                        -558429139860638ns
5704f9;77;8;145;110;7;44;45.000000;0.000000;0.000000;2878.000000;2878.000000;100.000000;0.000000;0.000000;-nan;        15s 656ms 197μs 997ns;            615ms 161μs 553ns
570480;165;0;166;131;11;53;0.000000;0.000000;-nan;2999.000000;2999.000000;100.000000;0.000000;0.000000;-nan;        22s   6ms 962μs 220ns;                        -6701133191471758ns
570498;80;0;146;114;7;44;45.000000;0.000000;0.000000;2883.000000;2883.000000;100.000000;0.000000;0.000000;-nan;        16s 795ms 634μs  25ns;            259ms 994μs 972ns
5704a9;81;0;144;115;7;44;45.000000;0.000000;0.000000;2972.000000;2972.000000;103.481894;0.000000;0.000000;-nan;        16s 730ms 672μs 590ns;                        -1675269665316656ns
5704b8;75;21;134;110;7;44;45.000000;0.000000;0.000000;2972.000000;2972.000000;103.122831;0.000000;0.000000;-nan;        11s 811ms 567μs  26ns;                        -558417050965821ns
570445;80;0;145;115;7;44;45.000000;0.000000;0.000000;2972.000000;2972.000000;102.944233;0.000000;0.000000;-nan;        15s 970ms 176μs 686ns;                        -1675265908879154ns
57045c;99;0;152;129;8;43;46.000000;0.000000;0.000000;2972.000000;2972.000000;103.302051;0.000000;0.000000;-nan;        17s 968ms 747μs 743ns;                        -1116846240135440ns
57042f;53;8;108;79;6;44;0.000000;0.000000;-nan;2970.000000;2970.000000;100.000000;0.000000;0.000000;-nan;         8s 495ms 132μs 461ns;                          0ns
570434;45;8;116;79;6;44;0.000000;0.000000;-nan;2972.000000;2972.000000;100.000000;0.000000;0.000000;-nan;         9s 845ms 974μs 509ns;                          0ns
26f242;19;0;49;44;5;20;20.000000;20.000000;100.000000;1568.000000;1568.000000;100.000000;0.000000;0.000000;-nan;            838ms  20μs 776ns;                          0ns
26f250;20;0;53;51;5;24;24.000000;24.000000;100.000000;1696.000000;1696.000000;100.000000;0.000000;0.000000;-nan;            864ms 444μs 925ns;                          0ns
26f25b;14;0;55;53;5;22;22.000000;22.000000;100.000000;1700.000000;1700.000000;100.000000;0.000000;0.000000;-nan;            846ms 525μs 199ns;                          0ns
26f269;15;0;61;46;5;22;22.000000;22.000000;100.000000;1699.000000;1699.000000;100.000000;0.000000;0.000000;-nan;            902ms 283μs 324ns;                          0ns
26f278;15;0;53;38;5;19;19.000000;19.000000;100.000000;1569.000000;1569.000000;100.000000;0.000000;0.000000;-nan;            908ms 249μs 698ns;                          0ns
26f208;29;0;36;41;5;19;19.000000;19.000000;100.000000;1570.000000;1570.000000;100.000000;0.000000;0.000000;-nan;            807ms 642μs 821ns;                          0ns
26f20f;21;0;51;44;5;21;21.000000;21.000000;100.000000;1697.000000;1697.000000;100.000000;0.000000;0.000000;-nan;            810ms 820μs 490ns;                          0ns
26f21d;29;0;37;40;5;19;19.000000;19.000000;100.000000;1571.000000;1571.000000;100.000000;0.000000;0.000000;-nan;            746ms 892μs 561ns;                          0ns
26f228;15;0;59;48;5;22;22.000000;22.000000;100.000000;1698.000000;1698.000000;100.000000;0.000000;0.000000;-nan;            860ms 277μs 623ns;                          0ns
26f237;17;0;58;49;5;24;24.000000;24.000000;100.000000;1695.000000;1695.000000;100.000000;0.000000;0.000000;-nan;            916ms 742μs 880ns;                          0ns
56d086;58;0;115;81;6;45;45.000000;45.000000;100.000000;2883.000000;2883.000000;100.000000;0.000000;0.000000;-nan;        12s 487ms 880μs 674ns;                          0ns
56d09b;79;0;148;113;7;44;45.000000;0.000000;0.000000;2972.000000;2972.000000;103.481894;0.000000;0.000000;-nan;        15s 586ms 991μs 824ns;                        -558312671194084ns
56d0aa;79;0;147;114;7;44;45.000000;0.000000;0.000000;2878.000000;2878.000000;100.000000;0.000000;0.000000;-nan;        15s 330ms 940μs  70ns;            835ms 442μs 537ns
56d0b9;80;0;150;110;7;44;45.000000;0.000000;0.000000;2873.000000;2873.000000;100.000000;0.000000;0.000000;-nan;        15s 136ms 142μs  76ns;            841ms 966μs 367ns
56d049;83;0;145;112;7;44;45.000000;0.000000;0.000000;2972.000000;2972.000000;103.302051;0.000000;0.000000;-nan;        15s  18ms 224μs 392ns;                        -558309187931856ns
56d064;151;0;181;128;11;50;0.000000;0.000000;-nan;2999.000000;2999.000000;100.000000;0.000000;0.000000;-nan;        19s 978ms 883μs 725ns;                        -4466523856127918ns
56d077;59;0;114;81;6;45;45.000000;45.000000;100.000000;2887.000000;2887.000000;100.000000;0.000000;0.000000;-nan;        12s 361ms 899μs 634ns;                          0ns
56d01e;56;0;111;81;6;44;0.000000;0.000000;-nan;2972.000000;2972.000000;100.000000;0.000000;0.000000;-nan;        10s 924ms 329μs 903ns;                          0ns
56d022;41;8;118;81;6;44;0.000000;0.000000;-nan;2970.000000;2970.000000;100.000000;0.000000;0.000000;-nan;         8s 702ms 416μs 708ns;                          0ns
56d02c;81;0;149;110;7;44;45.000000;0.000000;0.000000;2882.000000;2882.000000;100.000000;0.000000;0.000000;-nan;        14s 726ms  25μs 179ns;            761ms 660μs 652ns
56a18e;80;2;144;114;7;44;45.000000;0.000000;0.000000;2972.000000;2972.000000;103.481894;0.000000;0.000000;-nan;        15s 567ms 520μs 322ns;                        -1116392101568373ns
56a19d;81;0;146;113;7;44;45.000000;0.000000;0.000000;2970.000000;2970.000000;103.196664;0.000000;0.000000;-nan;        16s 777ms 856μs 704ns;                        -558199364675865ns
56a1a9;103;0;179;142;8;43;45.000000;0.000000;0.000000;2972.000000;2972.000000;103.122831;0.000000;0.000000;-nan;        18s  39ms 943μs  76ns;                        -1116404282430747ns
56a153;84;0;141;115;7;44;45.000000;0.000000;0.000000;2972.000000;2972.000000;103.302051;0.000000;0.000000;-nan;        15s 925ms 799μs 716ns;                        -558196566424806ns
56a16a;144;0;159;137;12;50;151.000000;0.000000;0.000000;2999.000000;2999.000000;100.000000;0.000000;0.000000;-nan;        21s 313ms 270μs 476ns;                        -5023815510381965ns
56a179;84;0;143;113;7;44;45.000000;0.000000;0.000000;2887.000000;2887.000000;100.000000;0.000000;0.000000;-nan;        16s 348ms 894μs  63ns;            366ms 853μs 721ns
26a107;16;0;24;24;4;13;13.000000;13.000000;100.000000;1230.000000;1230.000000;100.000000;0.000000;0.000000;-nan;            764ms 109μs 680ns;                          0ns
56a103;48;0;118;82;6;44;0.000000;0.000000;-nan;2972.000000;2972.000000;100.000000;0.000000;0.000000;-nan;        11s 937ms 214μs 899ns;                          0ns
56a10d;75;21;139;105;7;44;45.000000;0.000000;0.000000;2873.000000;2873.000000;100.000000;0.000000;0.000000;-nan;         9s 123ms 979μs 686ns;            766ms 475μs  37ns
56a129;82;0;148;110;7;44;45.000000;0.000000;0.000000;2883.000000;2883.000000;100.000000;0.000000;0.000000;-nan;        15s 983ms 712μs 946ns;            569ms 166μs 864ns
26a0c3;16;0;46;34;5;17;17.000000;17.000000;100.000000;1325.000000;1325.000000;100.000000;0.000000;0.000000;-nan;            772ms 970μs 251ns;                          0ns
26a0d2;18;0;20;26;4;13;13.000000;13.000000;100.000000;1164.000000;1164.000000;100.000000;0.000000;0.000000;-nan;            736ms 109μs 557ns;                          0ns
26a0e1;15;0;21;24;4;12;12.000000;12.000000;100.000000;997.000000;997.000000;100.000000;0.000000;0.000000;-nan;            738ms 591μs 338ns;                          0ns
26a0ea;13;0;25;20;4;11;11.000000;11.000000;100.000000;998.000000;998.000000;100.000000;0.000000;0.000000;-nan;            648ms 890μs 992ns;                          0ns
26a0fb;12;0;23;25;4;16;16.000000;16.000000;100.000000;1217.000000;1217.000000;100.000000;0.000000;0.000000;-nan;            805ms 323μs  82ns;                          0ns
56a0fe;43;0;125;74;6;43;0.000000;0.000000;-nan;2970.000000;2970.000000;100.000000;0.000000;0.000000;-nan;        12s 161ms  59μs 848ns;                          0ns
26a083;15;0;23;22;4;12;12.000000;12.000000;100.000000;999.000000;999.000000;100.000000;0.000000;0.000000;-nan;            745ms 236μs 199ns;                          0ns
26a0a7;15;0;23;22;4;12;12.000000;12.000000;100.000000;996.000000;996.000000;100.000000;0.000000;0.000000;-nan;            769ms 383μs 152ns;                          0ns
26a06c;17;0;18;25;4;16;16.000000;16.000000;100.000000;1345.000000;1345.000000;100.000000;0.000000;0.000000;-nan;            687ms 440μs 145ns;                          0ns
26a074;20;10;22;24;5;10;11.000000;0.000000;0.000000;995.000000;995.000000;100.000000;0.000000;0.000000;-nan;            446ms 505μs 124ns;            116ms 364μs 763ns
56720e;80;0;145;115;7;44;45.000000;0.000000;0.000000;2972.000000;2972.000000;103.481894;0.000000;0.000000;-nan;        16s 668ms 779μs  61ns;                        -558072534636491ns
567219;154;0;181;133;13;51;154.000000;0.000000;0.000000;2999.000000;2999.000000;100.000000;0.000000;0.000000;-nan;        21s 620ms 268μs 394ns;                        -5022682689840207ns
5671c7;82;0;145;113;7;44;45.000000;0.000000;0.000000;2887.000000;2887.000000;100.000000;0.000000;0.000000;-nan;        15s 448ms 681μs 366ns;            390ms 458μs 855ns
5671e3;81;0;146;113;7;44;45.000000;0.000000;0.000000;2878.000000;2878.000000;100.174034;0.000000;0.000000;-nan;        16s  11ms 752μs 294ns;            672ms 643μs 576ns
5671ed;80;0;150;110;7;44;45.000000;0.000000;0.000000;2882.000000;2882.000000;100.000000;0.000000;0.000000;-nan;        16s 201ms 634μs 522ns;            408ms 944μs 530ns
5671fc;79;0;151;110;7;44;45.000000;0.000000;0.000000;2970.000000;2970.000000;103.196664;0.000000;0.000000;-nan;        16s 751ms 345μs 698ns;                        -558073307493170ns
56719d;43;0;125;80;6;44;0.000000;0.000000;-nan;2970.000000;2970.000000;100.000000;0.000000;0.000000;-nan;        11s 457ms 491μs 216ns;                          0ns
5671a1;47;0;118;83;6;44;0.000000;0.000000;-nan;2972.000000;2972.000000;100.000000;0.000000;0.000000;-nan;        11s 779ms 561μs 953ns;                          0ns
5671ab;84;0;144;112;7;44;45.000000;0.000000;0.000000;2972.000000;2972.000000;103.302051;0.000000;0.000000;-nan;        15s 796ms 141μs  34ns;                        -558069893801576ns
5671b8;101;8;180;135;8;43;45.000000;0.000000;0.000000;2970.000000;2970.000000;103.017690;0.000000;0.000000;-nan;        16s 395ms 386μs 428ns;                        -558071745750519ns
265fc5;20;0;29;25;4;15;15.000000;15.000000;100.000000;1230.000000;1230.000000;100.000000;0.000000;0.000000;-nan;            763ms 528μs 188ns;                          0ns
265fd5;14;0;27;19;4;12;12.000000;12.000000;100.000000;995.000000;995.000000;100.000000;0.000000;0.000000;-nan;            662ms 498μs 174ns;                          0ns
265f81;14;0;27;19;4;12;12.000000;12.000000;100.000000;1149.000000;1149.000000;100.000000;0.000000;0.000000;-nan;            587ms 640μs  80ns;                          0ns
265f8d;21;0;24;29;4;15;15.000000;15.000000;100.000000;1325.000000;1325.000000;100.000000;0.000000;0.000000;-nan;            654ms 990μs 930ns;                          0ns
265f98;15;0;19;26;4;12;12.000000;12.000000;100.000000;973.000000;973.000000;100.000000;0.000000;0.000000;-nan;            659ms  22μs 649ns;                          0ns
265fa4;10;0;21;23;4;10;10.000000;10.000000;100.000000;977.000000;977.000000;100.000000;0.000000;0.000000;-nan;            482ms 249μs 460ns;                          0ns
265fb2;13;0;19;26;4;11;11.000000;11.000000;100.000000;975.000000;975.000000;100.000000;0.000000;0.000000;-nan;            574ms 248μs 523ns;                          0ns
265fb8;13;0;16;25;4;10;10.000000;10.000000;100.000000;979.000000;979.000000;100.000000;0.000000;0.000000;-nan;            669ms 539μs 936ns;                          0ns
265f75;6;0;30;24;4;12;12.000000;12.000000;100.000000;998.000000;998.000000;100.000000;0.000000;0.000000;-nan;            622ms 151μs 618ns;                          0ns
265f7c;6;0;37;25;4;14;14.000000;14.000000;100.000000;1165.000000;1165.000000;100.000000;0.000000;0.000000;-nan;            598ms 414μs 793ns;                          0ns
5643d4;84;0;141;115;7;44;45.000000;0.000000;0.000000;2972.000000;2972.000000;102.944233;0.000000;0.000000;-nan;        18s 167ms 722μs 404ns;                        -557949736676384ns
5643e3;100;8;177;139;8;43;45.000000;0.000000;0.000000;2970.000000;2970.000000;103.017690;0.000000;0.000000;-nan;        18s 260ms 598μs  51ns;                        -1115897540240721ns
564386;81;0;148;111;7;44;45.000000;0.000000;0.000000;2873.000000;2873.000000;100.000000;0.000000;0.000000;-nan;        17s 407ms 522μs 759ns;            505ms 957μs 442ns
56439c;81;0;147;112;7;44;45.000000;0.000000;0.000000;2882.000000;2882.000000;100.000000;0.000000;0.000000;-nan;        17s 744ms 777μs 791ns;            279ms 111μs 222ns
5643ad;81;5;143;111;7;44;45.000000;0.000000;0.000000;2970.000000;2970.000000;103.556485;0.000000;0.000000;-nan;        16s 273ms 866μs 888ns;                        -557945022421269ns
5643bf;79;0;149;112;7;44;45.000000;0.000000;0.000000;2878.000000;2878.000000;100.000000;0.000000;0.000000;-nan;        17s 953ms 907μs 176ns;            281ms 601μs 846ns
564353;47;0;120;81;6;44;0.000000;0.000000;-nan;2972.000000;2972.000000;100.000000;0.000000;0.000000;-nan;        13s 123ms   9μs 785ns;                          0ns
56435a;43;0;128;77;6;44;0.000000;0.000000;-nan;2970.000000;2970.000000;100.000000;0.000000;0.000000;-nan;        12s 928ms 106μs 965ns;                          0ns
564364;83;0;143;114;7;44;45.000000;0.000000;0.000000;2872.000000;2872.000000;100.000000;0.000000;0.000000;-nan;        17s 306ms 178μs 381ns;            684ms 385μs 868ns
564374;81;0;144;115;7;44;45.000000;0.000000;0.000000;2972.000000;2972.000000;103.302051;0.000000;0.000000;-nan;        17s 135ms 215μs 807ns;                        -2231786623858051ns
561142;78;0;154;108;7;44;45.000000;0.000000;0.000000;2970.000000;2970.000000;103.376262;0.000000;0.000000;-nan;        17s 710ms 162μs 704ns;                        -557820412185925ns
56114d;79;0;149;112;7;44;45.000000;0.000000;0.000000;2883.000000;2883.000000;100.000000;0.000000;0.000000;-nan;        17s 954ms 452μs 525ns;            422ms 650μs 285ns
561160;82;8;138;112;7;44;45.000000;0.000000;0.000000;2887.000000;2887.000000;100.000000;0.000000;0.000000;-nan;        16s  46ms 555μs 911ns;            695ms  22μs 755ns
56116d;170;0;200;136;14;51;162.000000;0.000000;0.000000;2999.000000;2999.000000;100.000000;0.000000;0.000000;-nan;        23s 422ms 178μs 899ns;                        -8925219011384539ns
561103;82;0;143;115;7;44;45.000000;0.000000;0.000000;2972.000000;2972.000000;103.302051;0.000000;0.000000;-nan;        16s 333ms 920μs 467ns;                        -557815879533528ns
561112;80;0;147;113;7;44;45.000000;0.000000;0.000000;2972.000000;2972.000000;103.481894;0.000000;0.000000;-nan;        17s 346ms 164μs 428ns;                        -557818358234166ns
561120;83;0;147;110;7;44;45.000000;0.000000;0.000000;2882.000000;2882.000000;100.000000;0.000000;0.000000;-nan;        17s 633ms 281μs 911ns;            559ms 750μs 459ns
561135;81;0;145;114;7;44;45.000000;0.000000;0.000000;2970.000000;2970.000000;103.556485;0.000000;0.000000;-nan;        17s  15ms 368μs 962ns;                        -557817673025984ns
5610f0;47;0;120;81;6;44;0.000000;0.000000;-nan;2972.000000;2972.000000;100.000000;0.000000;0.000000;-nan;        14s 746ms 760μs 831ns;                          0ns
5610f5;80;0;149;111;7;44;45.000000;0.000000;0.000000;2878.000000;2878.000000;100.000000;0.000000;0.000000;-nan;        16s 556ms  63μs 675ns;            249ms 204μs 812ns
55e18f;178;0;186;142;14;51;163.000000;0.000000;0.000000;2999.000000;2999.000000;100.000000;0.000000;0.000000;-nan;        23s  55ms       659ns;                        -9480856552908954ns
55e19d;79;0;151;110;7;44;45.000000;0.000000;0.000000;2970.000000;2970.000000;103.376262;0.000000;0.000000;-nan;        17s 684ms 230μs 810ns;                        -1115383420130896ns
55e1b4;79;8;144;109;7;44;45.000000;0.000000;0.000000;2970.000000;2970.000000;103.556485;0.000000;0.000000;-nan;        15s 837ms 634μs 781ns;                        -557686644714005ns
55e1bc;80;8;145;107;7;44;45.000000;0.000000;0.000000;2883.000000;2883.000000;100.000000;0.000000;0.000000;-nan;        16s 167ms 662μs 407ns;            260ms 952μs 463ns
55e152;82;0;145;113;7;44;45.000000;0.000000;0.000000;2972.000000;2972.000000;103.481894;0.000000;0.000000;-nan;        16s 364ms 369μs 990ns;                        -557688575163527ns
55e15d;83;0;145;112;7;44;45.000000;0.000000;0.000000;2887.000000;2887.000000;100.173491;0.000000;0.000000;-nan;        16s 607ms 578μs 914ns;         1s   6ms 721μs 755ns
55e16f;102;0;182;140;8;43;45.000000;0.000000;0.000000;2972.000000;2972.000000;102.944233;0.000000;0.000000;-nan;        17s 867ms 477μs 174ns;                        -557695126319874ns
55e17f;59;0;114;81;6;45;45.000000;45.000000;100.000000;2878.000000;2878.000000;100.000000;0.000000;0.000000;-nan;        14s 900ms 383μs 338ns;                          0ns
55e121;42;16;110;80;5;44;0.000000;0.000000;-nan;2972.000000;2972.000000;100.000000;0.000000;0.000000;-nan;         3s 781ms 854μs 635ns;                          0ns
55e125;82;8;136;114;7;44;45.000000;0.000000;0.000000;2972.000000;2972.000000;103.302051;0.000000;0.000000;-nan;        15s 654ms 298μs 480ns;                        -557686185481052ns
25b948;15;0;71;40;5;23;23.000000;23.000000;100.000000;1230.000000;1230.000000;100.000000;0.000000;0.000000;-nan;            807ms 978μs 707ns;                          0ns
25b903;11;0;52;33;5;17;17.000000;17.000000;100.000000;1325.000000;1325.000000;100.000000;0.000000;0.000000;-nan;            618ms 165μs 335ns;                          0ns
25b90f;11;0;21;28;4;12;12.000000;12.000000;100.000000;977.000000;977.000000;100.000000;0.000000;0.000000;-nan;            535ms 240μs 786ns;                          0ns
25b917;14;0;21;23;4;11;11.000000;11.000000;100.000000;998.000000;998.000000;100.000000;0.000000;0.000000;-nan;            621ms 173μs 163ns;                          0ns
25b921;10;0;20;24;4;10;10.000000;10.000000;100.000000;979.000000;979.000000;100.000000;0.000000;0.000000;-nan;            616ms 260μs 861ns;                          0ns
25b92d;9;0;22;23;4;10;10.000000;10.000000;100.000000;995.000000;995.000000;100.000000;0.000000;0.000000;-nan;            612ms 905μs 263ns;                          0ns
25b93c;17;0;19;24;4;12;12.000000;12.000000;100.000000;1164.000000;1164.000000;100.000000;0.000000;0.000000;-nan;            650ms 970μs 287ns;                          0ns
25b8e4;11;0;27;22;4;12;12.000000;12.000000;100.000000;1146.000000;1146.000000;100.000000;0.000000;0.000000;-nan;            548ms  95μs 488ns;                          0ns
25b8eb;13;0;28;27;4;14;14.000000;14.000000;100.000000;994.000000;994.000000;100.000000;0.000000;0.000000;-nan;            595ms 499μs 963ns;                          0ns
25b8f6;28;0;62;48;5;27;27.000000;27.000000;100.000000;1569.000000;1569.000000;100.000000;0.000000;0.000000;-nan;            862ms 925μs 558ns;                          0ns
55b14e;81;0;149;110;7;44;45.000000;0.000000;0.000000;2883.000000;2883.000000;100.000000;0.000000;0.000000;-nan;        16s  43ms 676μs 126ns;            665ms  25μs 517ns
55b10b;82;0;146;112;7;44;45.000000;0.000000;0.000000;2972.000000;2972.000000;103.481894;0.000000;0.000000;-nan;        15s 395ms  11μs  61ns;                        -557565512808190ns
55b120;77;0;145;118;7;44;45.000000;0.000000;0.000000;2878.000000;2878.000000;100.174034;0.000000;0.000000;-nan;        15s 878ms 748μs 906ns;            728ms 610μs 359ns
55b131;60;0;112;82;6;45;45.000000;45.000000;100.000000;2882.000000;2882.000000;100.000000;0.000000;0.000000;-nan;        14s 129ms 238μs 644ns;                          0ns
55b13e;82;3;145;110;7;44;45.000000;0.000000;0.000000;2887.000000;2887.000000;100.000000;0.000000;0.000000;-nan;        14s 912ms  55μs 596ns;            419ms 381μs 194ns
55b0c0;77;8;146;109;7;44;45.000000;0.000000;0.000000;2878.000000;2878.000000;100.000000;0.000000;0.000000;-nan;        12s 822ms 157μs 909ns;            325ms 333μs 824ns
55b0d7;82;0;143;115;7;44;45.000000;0.000000;0.000000;2972.000000;2972.000000;103.302051;0.000000;0.000000;-nan;        15s 169ms 649μs 189ns;                        -557563981878433ns
55b0f7;123;0;154;121;11;52;155.000000;0.000000;0.000000;2999.000000;2999.000000;100.000000;0.000000;0.000000;-nan;        19s 175ms  24μs 289ns;                        -4460542866209202ns
55b0b2;43;0;123;76;6;43;0.000000;0.000000;-nan;2970.000000;2970.000000;100.000000;0.000000;0.000000;-nan;        11s 363ms 194μs 716ns;                          0ns
55b0b7;54;0;111;83;6;44;0.000000;0.000000;-nan;2972.000000;2972.000000;100.000000;0.000000;0.000000;-nan;        12s  82ms 931μs 726ns;                          0ns
258b84;9;0;23;16;4;9;9.000000;9.000000;100.000000;655.000000;655.000000;100.000000;0.000000;0.000000;-nan;            471ms 981μs 548ns;                          0ns
258b95;13;0;17;24;4;10;10.000000;10.000000;100.000000;657.000000;657.000000;100.000000;0.000000;0.000000;-nan;            612ms 718μs 575ns;                          0ns
258ba3;9;0;23;16;4;9;9.000000;9.000000;100.000000;656.000000;656.000000;100.000000;0.000000;0.000000;-nan;            438ms 553μs 753ns;                          0ns
258bab;3;0;17;4;3;5;5.000000;5.000000;100.000000;352.000000;352.000000;100.000000;0.000000;0.000000;-nan;            364ms 236μs 872ns;                          0ns
258bb6;13;0;22;23;4;11;11.000000;11.000000;100.000000;658.000000;658.000000;100.000000;0.000000;0.000000;-nan;            571ms  52μs 543ns;                          0ns
258bbe;14;0;20;24;4;11;11.000000;11.000000;100.000000;966.000000;966.000000;100.000000;0.000000;0.000000;-nan;            553ms 868μs 356ns;                          0ns
258b59;7;0;65;40;5;20;20.000000;20.000000;100.000000;1567.000000;1567.000000;100.000000;0.000000;0.000000;-nan;            389ms 650μs 188ns;                          0ns
258b5e;13;0;34;27;4;15;15.000000;15.000000;100.000000;659.000000;659.000000;100.000000;0.000000;0.000000;-nan;            474ms 417μs 118ns;                          0ns
258b6a;11;0;31;16;4;11;11.000000;11.000000;100.000000;660.000000;660.000000;100.000000;0.000000;0.000000;-nan;            578ms 703μs 525ns;                          0ns
258b76;5;0;4;3;2;4;4.000000;4.000000;100.000000;353.000000;353.000000;100.000000;0.000000;0.000000;-nan;            384ms 825μs 872ns;                          0ns
558085;80;0;147;113;7;44;45.000000;0.000000;0.000000;2883.000000;2883.000000;100.000000;0.000000;0.000000;-nan;        16s 413ms 620μs 591ns;            401ms 708μs 467ns
55809a;81;8;137;114;7;44;45.000000;0.000000;0.000000;2882.000000;2882.000000;100.348189;0.000000;0.000000;-nan;        15s 367ms 825μs 135ns;         1s   5ms  83μs 123ns
5580a7;221;0;274;227;15;50;156.000000;0.000000;0.000000;2999.000000;2999.000000;100.000000;0.000000;0.000000;-nan;        24s 514ms 288μs 738ns;                        -7804260471544755ns
5580ba;81;0;149;110;7;44;45.000000;0.000000;0.000000;2970.000000;2970.000000;103.196664;0.000000;0.000000;-nan;        16s 746ms 447μs 575ns;                        -557440107053965ns
558052;82;0;145;113;7;44;45.000000;0.000000;0.000000;2972.000000;2972.000000;103.302051;0.000000;0.000000;-nan;        15s 614ms 667μs 510ns;                        -1672307665609818ns
558067;83;0;146;111;7;44;45.000000;0.000000;0.000000;2873.000000;2873.000000;100.000000;0.000000;0.000000;-nan;        16s 126ms 739μs 177ns;            244ms 628μs 356ns
558078;79;0;153;108;7;44;45.000000;0.000000;0.000000;2882.000000;2882.000000;100.000000;0.000000;0.000000;-nan;        16s 646ms 782μs 159ns;            317ms 499μs 700ns
55802b;54;0;114;80;6;44;0.000000;0.000000;-nan;2972.000000;2972.000000;100.000000;0.000000;0.000000;-nan;        11s 350ms 322μs 196ns;                          0ns
558030;43;0;126;79;6;44;0.000000;0.000000;-nan;2970.000000;2970.000000;100.000000;0.000000;0.000000;-nan;        11s 959ms  41μs 289ns;                          0ns
558039;84;0;144;112;7;44;45.000000;0.000000;0.000000;2887.000000;2887.000000;100.000000;0.000000;0.000000;-nan;        15s 911ms 867μs 916ns;            651ms 818μs 572ns
555312;99;8;177;140;8;43;45.000000;0.000000;0.000000;2970.000000;2970.000000;103.376262;0.000000;0.000000;-nan;        16s 551ms 382μs 670ns;                        -1114633257778787ns
55531d;81;0;149;110;7;44;45.000000;0.000000;0.000000;2970.000000;2970.000000;103.017690;0.000000;0.000000;-nan;        16s  32ms 196μs 768ns;                        -557318364612063ns
55532f;120;0;132;106;10;51;0.000000;0.000000;-nan;2999.000000;2999.000000;100.000000;0.000000;0.000000;-nan;        19s 395ms 923μs 298ns;                        -2786589459631131ns
5552cd;81;8;143;108;7;44;45.000000;0.000000;0.000000;2882.000000;2882.000000;100.000000;0.000000;0.000000;-nan;        14s 409ms 229μs 720ns;            635ms  59μs 152ns
5552ea;61;0;111;82;6;45;45.000000;45.000000;100.000000;2877.000000;2877.000000;100.000000;0.000000;0.000000;-nan;        13s 755ms 677μs 229ns;                          0ns
5552fb;59;0;113;82;6;45;45.000000;45.000000;100.000000;2887.000000;2887.000000;100.000000;0.000000;0.000000;-nan;        14s 263ms 569μs 525ns;                          0ns
555294;55;0;115;78;6;44;0.000000;0.000000;-nan;2972.000000;2972.000000;100.000000;0.000000;0.000000;-nan;        13s 256ms 731μs 194ns;                          0ns
555298;41;8;120;73;6;43;0.000000;0.000000;-nan;2970.000000;2970.000000;100.000000;0.000000;0.000000;-nan;         8s 706ms 421μs 912ns;                          0ns
5552a0;79;6;143;112;7;44;45.000000;0.000000;0.000000;2878.000000;2878.000000;100.000000;0.000000;0.000000;-nan;        13s 494ms 984μs 272ns;            424ms 253μs 486ns
5552b9;81;8;140;111;7;44;45.000000;0.000000;0.000000;2972.000000;2972.000000;103.481894;0.000000;0.000000;-nan;        13s 968ms 409μs 293ns;                        -1114623568645584ns
552105;85;0;142;113;7;44;45.000000;0.000000;0.000000;2877.000000;2877.000000;100.000000;0.000000;0.000000;-nan;        16s 545ms 136μs  27ns;            739ms 623μs 401ns
552114;81;0;147;112;7;44;45.000000;0.000000;0.000000;2873.000000;2873.000000;100.000000;0.000000;0.000000;-nan;        17s  51ms 923μs 235ns;            698ms 314μs 806ns
552127;83;0;144;113;7;44;45.000000;0.000000;0.000000;2887.000000;2887.000000;100.000000;0.000000;0.000000;-nan;        16s 723ms 103μs 611ns;            321ms 883μs 437ns
5520c2;104;0;186;134;8;43;45.000000;0.000000;0.000000;2970.000000;2970.000000;103.017690;0.000000;0.000000;-nan;        17s  96ms 599μs 445ns;                        -1114374092919969ns
5520d5;165;0;202;155;13;51;148.000000;0.000000;0.000000;2999.000000;2999.000000;100.000000;0.000000;0.000000;-nan;        22s 123ms 640μs 740ns;                        -6686313429749477ns
5520e8;81;0;148;111;7;44;45.000000;0.000000;0.000000;2882.000000;2882.000000;100.000000;0.000000;0.000000;-nan;        16s 380ms 921μs  76ns;            479ms 703μs 948ns
5520f8;58;0;117;79;6;45;45.000000;45.000000;100.000000;2878.000000;2878.000000;100.000000;0.000000;0.000000;-nan;        12s 318ms 444μs  61ns;                          0ns
5520a5;47;0;120;75;6;43;0.000000;0.000000;-nan;2972.000000;2972.000000;100.000000;0.000000;0.000000;-nan;        11s 271ms 127μs 177ns;                          0ns
5520aa;43;0;125;74;6;43;0.000000;0.000000;-nan;2970.000000;2970.000000;100.000000;0.000000;0.000000;-nan;        11s 481ms 994μs 591ns;                          0ns
5520b3;85;0;145;110;7;44;45.000000;0.000000;0.000000;2882.000000;2882.000000;100.348189;0.000000;0.000000;-nan;        15s 990ms 270μs 494ns;         1s  23ms 932μs 926ns
54f04e;102;0;183;139;8;43;45.000000;0.000000;0.000000;2970.000000;2970.000000;103.017690;0.000000;0.000000;-nan;        18s 736ms 902μs  64ns;                        -1114128501388177ns
54f061;166;0;217;135;14;49;156.000000;0.000000;0.000000;2999.000000;2999.000000;100.000000;0.000000;0.000000;-nan;        24s  28ms 478μs  42ns;                        -10027254287916559ns
54f075;82;0;147;111;7;44;45.000000;0.000000;0.000000;2873.000000;2873.000000;100.000000;0.000000;0.000000;-nan;        16s 691ms 186μs 403ns;            716ms 129μs 460ns
54f07f;103;3;183;135;8;43;45.000000;0.000000;0.000000;2970.000000;2970.000000;103.196664;0.000000;0.000000;-nan;        18s 141ms  60μs 329ns;                        -557062712886101ns
54f007;87;0;141;120;7;45;46.000000;0.000000;0.000000;2877.000000;2877.000000;100.000000;0.000000;0.000000;-nan;        16s 562ms 920μs 675ns;            615ms 621μs 527ns
54f01b;83;0;142;115;7;44;45.000000;0.000000;0.000000;2887.000000;2887.000000;100.000000;0.000000;0.000000;-nan;        17s 200ms 579μs 723ns;            679ms 359μs  14ns
54f037;81;0;150;109;7;44;45.000000;0.000000;0.000000;2882.000000;2882.000000;100.000000;0.000000;0.000000;-nan;        16s 903ms 903μs 596ns;            778ms 526μs 118ns
54efdc;47;0;123;78;6;44;0.000000;0.000000;-nan;2972.000000;2972.000000;100.000000;0.000000;0.000000;-nan;        12s  26ms  95μs 681ns;                          0ns
54efe1;43;3;121;81;6;44;0.000000;0.000000;-nan;2970.000000;2970.000000;100.000000;0.000000;0.000000;-nan;         7s 124ms 806μs 381ns;                          0ns
54efeb;102;0;182;140;8;43;45.000000;0.000000;0.000000;2972.000000;2972.000000;103.481894;0.000000;0.000000;-nan;        17s 980ms 820μs 385ns;                        -2228234175326686ns
54c0c3;81;0;148;111;7;44;45.000000;0.000000;0.000000;2887.000000;2887.000000;100.000000;0.000000;0.000000;-nan;        16s 125ms  88μs 956ns;            261ms 452μs 581ns
54c0d0;80;0;149;111;7;44;45.000000;0.000000;0.000000;2878.000000;2878.000000;100.000000;0.000000;0.000000;-nan;        16s 391ms 972μs 490ns;            254ms 846μs 488ns
54c0e1;104;0;179;141;8;43;45.000000;0.000000;0.000000;2972.000000;2972.000000;103.122831;0.000000;0.000000;-nan;        17s 933ms 700μs 482ns;                        -556940311704891ns
54c0f2;150;0;192;156;12;51;152.000000;0.000000;0.000000;2999.000000;2999.000000;100.000000;0.000000;0.000000;-nan;        21s 565ms 139μs 655ns;                        -5012448735003320ns
54c09c;81;0;149;110;7;44;45.000000;0.000000;0.000000;2972.000000;2972.000000;103.302051;0.000000;0.000000;-nan;        15s 717ms 245μs 747ns;                        -556932833530526ns
54c0ac;82;0;145;113;7;44;45.000000;0.000000;0.000000;2970.000000;2970.000000;103.376262;0.000000;0.000000;-nan;        15s 893ms 616μs 534ns;                        -556933642041201ns
54c05b;43;0;125;80;6;44;0.000000;0.000000;-nan;2970.000000;2970.000000;100.000000;0.000000;0.000000;-nan;        11s 277ms 970μs 711ns;                          0ns
54c060;47;0;120;81;6;44;0.000000;0.000000;-nan;2972.000000;2972.000000;100.000000;0.000000;0.000000;-nan;        11s 470ms 791μs  89ns;                          0ns
54c069;82;3;148;107;7;44;45.000000;0.000000;0.000000;2883.000000;2883.000000;100.000000;0.000000;0.000000;-nan;        13s 385ms 723μs 962ns;            798ms  27μs 525ns
54c07b;81;0;150;109;7;44;45.000000;0.000000;0.000000;2972.000000;2972.000000;103.481894;0.000000;0.000000;-nan;        15s 489ms 176μs 963ns;                        -556932016498899ns
549104;142;0;159;117;12;52;168.000000;0.000000;0.000000;2999.000000;2999.000000;100.000000;0.000000;0.000000;-nan;        22s 370ms 469μs 967ns;                        -5011346056619909ns
54911f;82;0;147;111;7;44;45.000000;0.000000;0.000000;2970.000000;2970.000000;103.017690;0.000000;0.000000;-nan;        17s 608ms 234μs 943ns;                        -556811012286161ns
54912f;82;0;147;111;7;44;45.000000;0.000000;0.000000;2972.000000;2972.000000;103.122831;0.000000;0.000000;-nan;        17s 819ms  19μs 508ns;                        -556811838768674ns
5490ce;82;0;147;111;7;44;45.000000;0.000000;0.000000;2878.000000;2878.000000;100.000000;0.000000;0.000000;-nan;        17s 138ms 998μs 897ns;            661ms 844μs 129ns
5490e5;82;0;147;111;7;44;45.000000;0.000000;0.000000;2887.000000;2887.000000;100.000000;0.000000;0.000000;-nan;        17s  17ms 656μs 177ns;            292ms 572μs  66ns
5490f3;82;0;146;112;7;44;45.000000;0.000000;0.000000;2972.000000;2972.000000;103.302051;0.000000;0.000000;-nan;        17s 425ms 151μs 465ns;                        -1113620768825558ns
549092;47;0;122;79;6;44;0.000000;0.000000;-nan;2972.000000;2972.000000;100.000000;0.000000;0.000000;-nan;        12s  60ms  26μs 780ns;                          0ns
54909b;82;0;148;110;7;44;45.000000;0.000000;0.000000;2873.000000;2873.000000;100.000000;0.000000;0.000000;-nan;        16s 778ms 852μs 355ns;            680ms 983μs 934ns
5490a8;101;0;180;143;8;43;45.000000;0.000000;0.000000;2972.000000;2972.000000;103.481894;0.000000;0.000000;-nan;        18s 167ms 638μs 844ns;                        -1670427559113121ns
5490b9;79;8;142;111;7;44;45.000000;0.000000;0.000000;2868.000000;2868.000000;100.000000;0.000000;0.000000;-nan;        15s 265ms  66μs 514ns;            600ms 835μs 672ns
546206;82;0;145;113;7;44;45.000000;0.000000;0.000000;2972.000000;2972.000000;103.445875;0.000000;0.000000;-nan;        16s 615ms  70μs 198ns;                        -556686211433612ns
546219;82;0;148;110;7;44;45.000000;0.000000;0.000000;2970.000000;2970.000000;103.196664;0.000000;0.000000;-nan;        16s 292ms 901μs 800ns;                        -556684881222644ns
546223;81;0;150;109;7;44;45.000000;0.000000;0.000000;2882.000000;2882.000000;100.000000;0.000000;0.000000;-nan;        16s  97ms 926μs 662ns;            271ms 813μs 344ns
546235;82;0;148;110;7;44;45.000000;0.000000;0.000000;2972.000000;2972.000000;103.302051;0.000000;0.000000;-nan;        16s 508ms 608μs 178ns;                        -556685052467317ns
54623f;83;0;143;114;7;44;45.000000;0.000000;0.000000;2887.000000;2887.000000;100.000000;0.000000;0.000000;-nan;        17s 211ms 408μs 806ns;            510ms 824μs 248ns
5461c9;56;0;112;80;6;44;0.000000;0.000000;-nan;2972.000000;2972.000000;100.000000;0.000000;0.000000;-nan;        11s 726ms 423μs 424ns;                          0ns
5461ce;43;0;125;74;6;43;0.000000;0.000000;-nan;2970.000000;2970.000000;100.000000;0.000000;0.000000;-nan;        11s 917ms 273μs 581ns;                          0ns
5461d6;82;0;145;113;7;44;45.000000;0.000000;0.000000;2883.000000;2883.000000;100.000000;0.000000;0.000000;-nan;        15s 593ms 632μs 132ns;            710ms 126μs 333ns
5461e9;83;0;145;112;7;44;45.000000;0.000000;0.000000;2972.000000;2972.000000;103.481894;0.000000;0.000000;-nan;        15s 839ms 739μs 661ns;                        -556683247393136ns
5461fa;141;0;170;129;12;50;144.000000;0.000000;0.000000;2999.000000;2999.000000;100.000000;0.000000;0.000000;-nan;        21s  78ms 661μs 983ns;                        -5010199382437013ns
542b4a;82;0;146;112;7;44;45.000000;0.000000;0.000000;2972.000000;2972.000000;103.302051;0.000000;0.000000;-nan;        17s 620ms 141μs 595ns;                        -1113113326031751ns
542b5a;95;0;161;124;8;43;46.000000;0.000000;0.000000;2970.000000;2970.000000;103.017690;0.000000;0.000000;-nan;        19s 659ms 231μs 204ns;                        -1113115435154552ns
542b6a;82;0;144;114;7;44;45.000000;0.000000;0.000000;2887.000000;2887.000000;100.000000;0.000000;0.000000;-nan;        17s 739ms 887μs 523ns;            275ms 806μs 775ns
542b7d;201;3;226;224;12;50;150.000000;0.000000;0.000000;2999.000000;2999.000000;100.000000;0.000000;0.000000;-nan;        23s 387ms 734μs 648ns;                        -15027222067451602ns
542b01;80;0;147;113;7;44;45.000000;0.000000;0.000000;2972.000000;2972.000000;103.481894;0.000000;0.000000;-nan;        15s 162ms 463μs 181ns;                        -556553574326275ns
542b1b;101;0;182;141;8;43;45.000000;0.000000;0.000000;2970.000000;2970.000000;103.376262;0.000000;0.000000;-nan;        19s 478ms 975μs 182ns;                        -1113114177220613ns
542b2b;81;0;150;109;7;44;45.000000;0.000000;0.000000;2878.000000;2878.000000;100.000000;0.000000;0.000000;-nan;        16s 914ms 652μs 656ns;            637ms 651μs 882ns
542b39;82;0;151;107;7;44;45.000000;0.000000;0.000000;2882.000000;2882.000000;100.000000;0.000000;0.000000;-nan;        17s 312ms 626μs 998ns;            607ms 837μs 880ns
542af8;40;0;131;77;6;44;0.000000;0.000000;-nan;2970.000000;2970.000000;100.000000;0.000000;0.000000;-nan;        10s 174ms 329μs 989ns;                          0ns
542afd;56;0;112;80;6;44;0.000000;0.000000;-nan;2972.000000;2972.000000;100.000000;0.000000;0.000000;-nan;        10s 765ms 495μs  91ns;                          0ns
53fb0b;191;0;199;170;14;51;162.000000;0.000000;0.000000;2999.000000;2999.000000;100.000000;0.000000;0.000000;-nan;        24s 542ms 991μs 564ns;                        -8346274710947529ns
53face;108;0;171;155;8;44;46.000000;0.000000;0.000000;2867.000000;2867.000000;100.000000;0.000000;0.000000;-nan;        18s 125ms 955μs 406ns;         1s 643ms 707μs 459ns
53fadf;82;0;150;108;7;44;45.000000;0.000000;0.000000;2970.000000;2970.000000;103.376262;0.000000;0.000000;-nan;        17s 389ms 524μs 896ns;                        -1112821170036229ns
53faec;74;0;127;95;7;44;46.000000;0.000000;0.000000;2970.000000;2970.000000;103.196664;0.000000;0.000000;-nan;        17s  96ms 116μs 807ns;                        -556405705718457ns
53fafd;79;0;149;112;7;44;45.000000;0.000000;0.000000;2970.000000;2970.000000;103.017690;0.000000;0.000000;-nan;        17s 426ms 260μs 594ns;                        -556411613252745ns
53fa85;43;0;125;80;6;44;0.000000;0.000000;-nan;2970.000000;2970.000000;100.000000;0.000000;0.000000;-nan;        11s  67ms 351μs 766ns;                          0ns
53fa8a;54;0;113;81;6;44;0.000000;0.000000;-nan;2972.000000;2972.000000;100.000000;0.000000;0.000000;-nan;        12s 153ms 566μs 905ns;                          0ns
53fa93;82;0;146;112;7;44;45.000000;0.000000;0.000000;2972.000000;2972.000000;103.122831;0.000000;0.000000;-nan;        15s 332ms 444μs 508ns;                        -1669220401467012ns
53faac;104;0;180;140;8;43;45.000000;0.000000;0.000000;2970.000000;2970.000000;103.556485;0.000000;0.000000;-nan;        18s 310ms 443μs 754ns;                        -1112823862262263ns
53fabc;85;0;143;112;7;44;45.000000;0.000000;0.000000;2887.000000;2887.000000;100.000000;0.000000;0.000000;-nan;        15s 799ms 469μs 429ns;            573ms 405μs 329ns
23e090;16;0;63;43;5;22;22.000000;22.000000;100.000000;1698.000000;1698.000000;100.000000;0.000000;0.000000;-nan;         1s 304ms 665μs 562ns;                          0ns
23e09a;24;0;47;51;5;22;22.000000;22.000000;100.000000;1701.000000;1701.000000;100.000000;0.000000;0.000000;-nan;         1s 240ms 733μs 892ns;                          0ns
23e040;22;0;60;46;5;25;25.000000;25.000000;100.000000;1697.000000;1697.000000;100.000000;0.000000;0.000000;-nan;         1s  99ms 969μs 893ns;                          0ns
23e04c;29;0;41;46;5;21;21.000000;21.000000;100.000000;1571.000000;1571.000000;100.000000;0.000000;0.000000;-nan;         1s 283ms 272μs 723ns;                          0ns
23e059;25;0;55;46;5;23;23.000000;23.000000;100.000000;1566.000000;1566.000000;100.000000;0.000000;0.000000;-nan;         1s  40ms 878μs 702ns;                          0ns
23e065;21;0;61;42;5;24;24.000000;24.000000;100.000000;1695.000000;1695.000000;100.000000;0.000000;0.000000;-nan;         1s 111ms 304μs 354ns;                          0ns
23e074;25;0;43;44;5;20;20.000000;20.000000;100.000000;1569.000000;1569.000000;100.000000;0.000000;0.000000;-nan;            988ms 874μs 965ns;                          0ns
23e07f;21;0;48;37;5;19;19.000000;19.000000;100.000000;1565.000000;1565.000000;100.000000;0.000000;0.000000;-nan;         1s 204ms 692μs 641ns;                          0ns
23e02e;24;0;57;45;5;23;23.000000;23.000000;100.000000;1567.000000;1567.000000;100.000000;0.000000;0.000000;-nan;         1s 249ms 139μs 741ns;                          0ns
23e035;26;0;40;40;5;19;19.000000;19.000000;100.000000;1568.000000;1568.000000;100.000000;0.000000;0.000000;-nan;         1s 144ms  66μs 790ns;                          0ns
53ca88;80;0;147;113;7;44;45.000000;0.000000;0.000000;2878.000000;2878.000000;100.000000;0.000000;0.000000;-nan;        18s 257ms 200μs 183ns;            245ms 412μs 704ns
53ca95;154;0;186;158;12;51;155.000000;0.000000;0.000000;2999.000000;2999.000000;100.000000;0.000000;0.000000;-nan;        23s 527ms 550μs 510ns;                        -3337602034773696ns
53ca48;81;0;149;110;7;44;45.000000;0.000000;0.000000;2970.000000;2970.000000;103.556485;0.000000;0.000000;-nan;        17s 796ms 837μs 376ns;                        -556263832031667ns
53ca61;83;0;145;112;7;44;45.000000;0.000000;0.000000;2972.000000;2972.000000;102.944233;0.000000;0.000000;-nan;        18s  94ms 993μs 647ns;                        -1668794882104839ns
53ca77;79;0;151;110;7;44;45.000000;0.000000;0.000000;2883.000000;2883.000000;100.000000;0.000000;0.000000;-nan;        18s 560ms 785μs 590ns;            376ms 709μs 363ns
53ca0e;84;0;144;112;7;44;45.000000;0.000000;0.000000;2972.000000;2972.000000;103.302051;0.000000;0.000000;-nan;        17s 613ms 311μs 317ns;                        -1668790732629879ns
53ca23;99;8;177;140;8;43;45.000000;0.000000;0.000000;2970.000000;2970.000000;103.376262;0.000000;0.000000;-nan;        18s 469ms 414μs 561ns;                        -1112526800605205ns
53ca34;103;0;178;143;8;43;45.000000;0.000000;0.000000;2972.000000;2972.000000;103.662365;0.000000;0.000000;-nan;        19s  55ms 713μs 194ns;                        -1112531124841321ns
53c9f8;47;0;118;77;6;43;0.000000;0.000000;-nan;2972.000000;2972.000000;100.000000;0.000000;0.000000;-nan;        12s 193ms 324μs 944ns;                          0ns
53c9fc;82;0;146;112;7;44;45.000000;0.000000;0.000000;2972.000000;2972.000000;103.122831;0.000000;0.000000;-nan;        16s 736ms 704μs 348ns;                        -1668785229272814ns
23b646;12;0;20;22;4;10;10.000000;10.000000;100.000000;972.000000;972.000000;100.000000;0.000000;0.000000;-nan;            702ms 126μs  73ns;                          0ns
23b652;22;0;41;33;5;17;17.000000;17.000000;100.000000;1325.000000;1325.000000;100.000000;0.000000;0.000000;-nan;            834ms 517μs 736ns;                          0ns
23b65d;10;0;24;20;4;10;10.000000;10.000000;100.000000;976.000000;976.000000;100.000000;0.000000;0.000000;-nan;            763ms 295μs 494ns;                          0ns
23b60b;11;0;18;25;4;10;10.000000;10.000000;100.000000;975.000000;975.000000;100.000000;0.000000;0.000000;-nan;            446ms 301μs 191ns;                          0ns
23b618;12;0;20;22;4;10;10.000000;10.000000;100.000000;973.000000;973.000000;100.000000;0.000000;0.000000;-nan;            686ms 247μs 426ns;                          0ns
23b627;10;0;27;21;4;11;11.000000;11.000000;100.000000;995.000000;995.000000;100.000000;0.000000;0.000000;-nan;            716ms 721μs 458ns;                          0ns
23b62e;23;0;74;55;5;30;30.000000;30.000000;100.000000;1230.000000;1230.000000;100.000000;0.000000;0.000000;-nan;            766ms 498μs 733ns;                          0ns
23b638;14;0;31;15;4;12;12.000000;12.000000;100.000000;998.000000;998.000000;100.000000;0.000000;0.000000;-nan;            795ms 154μs 407ns;                          0ns
23b5f5;17;0;23;24;4;13;13.000000;13.000000;100.000000;1021.000000;1021.000000;100.000000;0.000000;0.000000;-nan;            727ms 152μs  58ns;                          0ns
23b5fd;20;0;31;23;4;15;15.000000;15.000000;100.000000;996.000000;996.000000;100.000000;0.000000;0.000000;-nan;            724ms 999μs 892ns;                          0ns
5399c9;80;0;147;113;7;44;45.000000;0.000000;0.000000;2878.000000;2878.000000;100.000000;0.000000;0.000000;-nan;        17s  20ms 515μs 503ns;            426ms 176μs 890ns
5399e5;78;0;147;115;7;44;45.000000;0.000000;0.000000;2972.000000;2972.000000;103.122831;0.000000;0.000000;-nan;        16s 870ms 441μs 290ns;                        -556121034548781ns
53998f;82;8;136;114;7;44;45.000000;0.000000;0.000000;2972.000000;2972.000000;103.481894;0.000000;0.000000;-nan;        15s 890ms 932μs  17ns;                        -556116564576286ns
5399a8;213;0;257;248;14;51;0.000000;0.000000;-nan;2999.000000;2999.000000;100.000000;0.000000;0.000000;-nan;        24s 161ms 169μs 811ns;                        -8898023389851213ns
5399b8;81;0;151;108;7;44;45.000000;0.000000;0.000000;2883.000000;2883.000000;100.000000;0.000000;0.000000;-nan;        16s 552ms 508μs 588ns;            641ms 146μs 636ns
539950;82;3;143;112;7;44;45.000000;0.000000;0.000000;2970.000000;2970.000000;103.376262;0.000000;0.000000;-nan;        14s 660ms 435μs 658ns;                        -1112230661247440ns
53996a;84;0;141;115;7;44;45.000000;0.000000;0.000000;2972.000000;2972.000000;103.302051;0.000000;0.000000;-nan;        16s 201ms  35μs 537ns;                        -1112236465929118ns
53992b;47;0;120;81;6;44;0.000000;0.000000;-nan;2972.000000;2972.000000;100.000000;0.000000;0.000000;-nan;        12s 623ms 427μs 823ns;                          0ns
539930;41;8;118;75;6;43;0.000000;0.000000;-nan;2970.000000;2970.000000;100.000000;0.000000;0.000000;-nan;         7s 752ms 978μs 658ns;                          0ns
539939;103;8;170;143;8;43;45.000000;0.000000;0.000000;2972.000000;2972.000000;102.944233;0.000000;0.000000;-nan;        16s 487ms 395μs 956ns;                        -1112233215756806ns
236fc1;18;0;41;37;5;17;17.000000;17.000000;100.000000;1230.000000;1230.000000;100.000000;0.000000;0.000000;-nan;            686ms 802μs  33ns;                          0ns
236fc9;11;0;21;22;4;10;10.000000;10.000000;100.000000;978.000000;978.000000;100.000000;0.000000;0.000000;-nan;            586ms 720μs 834ns;                          0ns
236f8c;10;0;31;19;4;12;12.000000;12.000000;100.000000;976.000000;976.000000;100.000000;0.000000;0.000000;-nan;            549ms 139μs 282ns;                          0ns
236f98;11;0;28;19;4;11;11.000000;11.000000;100.000000;996.000000;996.000000;100.000000;0.000000;0.000000;-nan;            611ms 209μs 475ns;                          0ns
236fa2;13;0;16;25;4;10;10.000000;10.000000;100.000000;977.000000;977.000000;100.000000;0.000000;0.000000;-nan;            610ms 951μs  76ns;                          0ns
236fab;11;0;30;23;4;13;13.000000;13.000000;100.000000;972.000000;972.000000;100.000000;0.000000;0.000000;-nan;            581ms 844μs 505ns;                          0ns
236fb8;11;0;32;15;4;11;11.000000;11.000000;100.000000;997.000000;997.000000;100.000000;0.000000;0.000000;-nan;            524ms 652μs 675ns;                          0ns
236f6c;13;0;22;23;4;11;11.000000;11.000000;100.000000;973.000000;973.000000;100.000000;0.000000;0.000000;-nan;            597ms 598μs 395ns;                          0ns
236f71;13;0;27;20;4;12;12.000000;12.000000;100.000000;994.000000;994.000000;100.000000;0.000000;0.000000;-nan;            557ms 726μs 171ns;                          0ns
236f7f;13;0;22;23;4;11;11.000000;11.000000;100.000000;999.000000;999.000000;100.000000;0.000000;0.000000;-nan;            582ms 102μs 422ns;                          0ns
536586;80;0;153;107;7;44;45.000000;0.000000;0.000000;2883.000000;2883.000000;100.000000;0.000000;0.000000;-nan;        18s 206ms 661μs 667ns;            678ms 537μs 454ns
53659a;209;0;232;175;15;50;153.000000;0.000000;0.000000;2999.000000;2999.000000;100.000000;0.000000;0.000000;-nan;        25s 441ms 437μs 132ns;                        -11119975268118334ns
536549;82;0;146;112;7;44;45.000000;0.000000;0.000000;2972.000000;2972.000000;103.481894;0.000000;0.000000;-nan;        15s 916ms 101μs 544ns;                        -555986853014454ns
536558;110;0;178;146;8;44;46.000000;0.000000;0.000000;2972.000000;2972.000000;102.944233;0.000000;0.000000;-nan;        19s 159ms 596μs 733ns;                        -555993694157519ns
536568;96;6;151;127;8;43;46.000000;0.000000;0.000000;2970.000000;2970.000000;103.556485;0.000000;0.000000;-nan;        18s 369ms 850μs 747ns;                        -1667958576458617ns
536579;81;0;147;112;7;44;45.000000;0.000000;0.000000;2972.000000;2972.000000;103.122831;0.000000;0.000000;-nan;        18s 107ms 917μs 322ns;                        -555990817548443ns
53651a;55;0;117;76;6;44;0.000000;0.000000;-nan;2972.000000;2972.000000;100.000000;0.000000;0.000000;-nan;        12s 226ms 162μs 592ns;                          0ns
53651f;43;0;128;77;6;44;0.000000;0.000000;-nan;2970.000000;2970.000000;100.000000;0.000000;0.000000;-nan;        11s 919ms 645μs 347ns;                          0ns
536525;105;0;176;143;8;43;45.000000;0.000000;0.000000;2972.000000;2972.000000;103.302051;0.000000;0.000000;-nan;        18s 688ms 783μs 433ns;                        -1667970801753520ns
536539;82;0;148;110;7;44;45.000000;0.000000;0.000000;2878.000000;2878.000000;100.000000;0.000000;0.000000;-nan;        17s 842ms 995μs 801ns;            607ms 790μs 205ns
533303;172;0;191;161;13;52;162.000000;0.000000;0.000000;2999.000000;2999.000000;100.000000;0.000000;0.000000;-nan;        22s 796ms  31μs 969ns;                        -4446939867900679ns
5332cd;82;0;150;108;7;44;45.000000;0.000000;0.000000;2970.000000;2970.000000;103.376262;0.000000;0.000000;-nan;        16s 753ms 467μs 636ns;                        -555862224646238ns
5332e2;80;0;152;108;7;44;45.000000;0.000000;0.000000;2883.000000;2883.000000;100.000000;0.000000;0.000000;-nan;        16s 885ms 838μs 922ns;            289ms 232μs 962ns
5332f1;78;8;146;108;7;44;45.000000;0.000000;0.000000;2972.000000;2972.000000;103.122831;0.000000;0.000000;-nan;        14s 717ms 331μs  42ns;                        -1111717873262854ns
53329c;82;0;147;111;7;44;45.000000;0.000000;0.000000;2972.000000;2972.000000;103.302051;0.000000;0.000000;-nan;        15s 144ms 326μs   9ns;                        -555859450406776ns
5332ac;104;0;180;140;8;43;45.000000;0.000000;0.000000;2970.000000;2970.000000;103.196664;0.000000;0.000000;-nan;        17s 206ms   5μs 437ns;                        -1111726327428054ns
5332b6;104;0;181;139;8;43;45.000000;0.000000;0.000000;2972.000000;2972.000000;102.944233;0.000000;0.000000;-nan;        17s 468ms 962μs 377ns;                        -1111727679404150ns
533271;47;0;120;75;6;43;0.000000;0.000000;-nan;2972.000000;2972.000000;100.000000;0.000000;0.000000;-nan;        10s 810ms 683μs 956ns;                          0ns
533276;42;3;125;78;6;44;0.000000;0.000000;-nan;2970.000000;2970.000000;100.000000;0.000000;0.000000;-nan;         8s 429ms 679μs 876ns;                          0ns
53327f;74;0;123;99;7;44;46.000000;0.000000;0.000000;2970.000000;2970.000000;103.340292;0.000000;0.000000;-nan;        15s 397ms 811μs 919ns;                        -555856909921939ns
232747;11;0;22;25;4;11;11.000000;11.000000;100.000000;660.000000;660.000000;100.000000;0.000000;0.000000;-nan;            438ms 478μs 292ns;                          0ns
232756;6;0;2;4;2;4;4.000000;4.000000;100.000000;350.000000;350.000000;100.000000;0.000000;0.000000;-nan;            349ms 231μs 893ns;                          0ns
232761;7;0;9;8;3;5;5.000000;5.000000;100.000000;353.000000;353.000000;100.000000;0.000000;0.000000;-nan;            433ms  87μs 394ns;                          0ns
232769;6;0;14;8;3;6;6.000000;6.000000;100.000000;349.000000;349.000000;100.000000;0.000000;0.000000;-nan;            466ms 374μs 848ns;                          0ns
232777;5;0;11;8;3;5;5.000000;5.000000;100.000000;352.000000;352.000000;100.000000;0.000000;0.000000;-nan;            397ms 484μs 343ns;                          0ns
23270f;13;0;32;23;4;14;14.000000;14.000000;100.000000;1230.000000;1230.000000;100.000000;0.000000;0.000000;-nan;            472ms 226μs 222ns;                          0ns
232715;6;0;2;4;2;4;4.000000;4.000000;100.000000;351.000000;351.000000;100.000000;0.000000;0.000000;-nan;            296ms  22μs 520ns;                          0ns
232720;7;0;11;14;3;7;7.000000;7.000000;100.000000;656.000000;656.000000;100.000000;0.000000;0.000000;-nan;            307ms  94μs 671ns;                          0ns
23272f;6;0;3;3;2;4;4.000000;4.000000;100.000000;354.000000;354.000000;100.000000;0.000000;0.000000;-nan;            313ms 956μs 934ns;                          0ns
23273a;10;0;20;18;4;9;9.000000;9.000000;100.000000;657.000000;657.000000;100.000000;0.000000;0.000000;-nan;            394ms 974μs 451ns;                          0ns
530141;101;0;186;137;8;43;45.000000;0.000000;0.000000;2970.000000;2970.000000;103.556485;0.000000;0.000000;-nan;        19s 807ms 104μs 502ns;                        -1111475352196328ns
530147;85;0;148;107;7;44;45.000000;0.000000;0.000000;2972.000000;2972.000000;103.481894;0.000000;0.000000;-nan;        18s 779ms 316μs 672ns;                        -555735447004926ns
53010e;173;0;262;185;14;50;151.000000;0.000000;0.000000;2999.000000;2999.000000;100.000000;0.000000;0.000000;-nan;        24s 917ms 891μs 228ns;                        -8336118689390958ns
530126;106;8;172;148;8;44;46.000000;0.000000;0.000000;2882.000000;2882.000000;100.000000;0.000000;0.000000;-nan;        19s 363ms 402μs 217ns;         1s 185ms 289μs 792ns
530135;97;19;170;138;8;43;45.000000;0.000000;0.000000;2972.000000;2972.000000;102.944233;0.000000;0.000000;-nan;        17s  40ms 334μs 290ns;                        -1111460723659173ns
5300c7;43;0;125;80;6;44;0.000000;0.000000;-nan;2970.000000;2970.000000;100.000000;0.000000;0.000000;-nan;        13s 257ms 297μs  93ns;                          0ns
5300cb;47;3;116;82;6;44;0.000000;0.000000;-nan;2972.000000;2972.000000;100.000000;0.000000;0.000000;-nan;         8s 444ms 706μs 213ns;                          0ns
5300d5;82;0;145;112;7;44;45.000000;0.000000;0.000000;2970.000000;2970.000000;103.196664;0.000000;0.000000;-nan;        17s 168ms 891μs 906ns;                        -555732960250637ns
5300f2;81;0;148;111;7;44;45.000000;0.000000;0.000000;2873.000000;2873.000000;100.000000;0.000000;0.000000;-nan;        17s 309ms 224μs 219ns;            544ms 691μs 346ns
5300fe;106;0;177;141;8;43;45.000000;0.000000;0.000000;2972.000000;2972.000000;103.302051;0.000000;0.000000;-nan;        19s 702ms 729μs 634ns;                        -1111473745921874ns
52d106;84;0;143;113;7;44;45.000000;0.000000;0.000000;2887.000000;2887.000000;100.000000;0.000000;0.000000;-nan;        16s 727ms  41μs 574ns;            523ms 511μs 630ns
52d0c7;215;0;255;196;15;51;165.000000;0.000000;0.000000;2999.000000;2999.000000;100.000000;0.000000;0.000000;-nan;        24s 924ms  10μs 559ns;                        -10556350478972646ns
52d0d9;96;0;176;132;8;41;43.000000;0.000000;0.000000;2855.000000;2855.000000;100.000000;0.000000;0.000000;-nan;        17s 397ms  48μs 824ns;            926ms 207μs 856ns
52d0ec;81;0;143;116;7;44;45.000000;0.000000;0.000000;2972.000000;2972.000000;103.481894;0.000000;0.000000;-nan;        16s 931ms 610μs  25ns;                        -555590898185529ns
52d08a;84;0;143;113;7;44;45.000000;0.000000;0.000000;2972.000000;2972.000000;103.662365;0.000000;0.000000;-nan;        15s 718ms 219μs 121ns;                        -1111173048569987ns
52d09f;79;8;141;112;7;44;45.000000;0.000000;0.000000;2868.000000;2868.000000;100.000000;0.000000;0.000000;-nan;        13s 948ms 590μs 513ns;            571ms 576μs 379ns
52d0b5;79;8;144;109;7;44;45.000000;0.000000;0.000000;2970.000000;2970.000000;103.196664;0.000000;0.000000;-nan;        14s 831ms 643μs  88ns;                        -555585806853091ns
52d056;44;0;127;77;6;44;0.000000;0.000000;-nan;2970.000000;2970.000000;100.000000;0.000000;0.000000;-nan;        13s 273ms 215μs 956ns;                          0ns
52d05b;45;8;113;82;6;44;0.000000;0.000000;-nan;2972.000000;2972.000000;100.000000;0.000000;0.000000;-nan;         8s 408ms  97μs 176ns;                          0ns
52d066;84;0;144;112;7;44;45.000000;0.000000;0.000000;2972.000000;2972.000000;103.122831;0.000000;0.000000;-nan;        15s 993ms  25μs 293ns;                        -555587257997212ns
52a144;82;0;150;108;7;44;45.000000;0.000000;0.000000;2970.000000;2970.000000;103.556485;0.000000;0.000000;-nan;        15s 710ms 642μs 923ns;                        -555444908686109ns
52a154;84;0;141;115;7;44;45.000000;0.000000;0.000000;2972.000000;2972.000000;103.481894;0.000000;0.000000;-nan;        16s 820ms 232μs 462ns;                        -555446851319232ns
52a168;105;0;176;143;8;43;45.000000;0.000000;0.000000;2972.000000;2972.000000;103.122831;0.000000;0.000000;-nan;        17s 487ms 107μs 739ns;                        -1110897156059692ns
52a175;81;0;146;113;7;44;45.000000;0.000000;0.000000;2970.000000;2970.000000;103.017690;0.000000;0.000000;-nan;        17s  24ms 819μs 270ns;                        -555447860964597ns
52a178;155;0;173;140;13;51;155.000000;0.000000;0.000000;2999.000000;2999.000000;100.000000;0.000000;0.000000;-nan;        22s 224ms 466μs  87ns;                        -6109963891857663ns
52a103;75;26;128;111;7;44;45.000000;0.000000;0.000000;2972.000000;2972.000000;103.302051;0.000000;0.000000;-nan;         9s 794ms 444μs 310ns;                        -555438597422222ns
52a116;84;0;141;115;7;44;45.000000;0.000000;0.000000;2887.000000;2887.000000;100.000000;0.000000;0.000000;-nan;        16s   6ms 220μs 341ns;            690ms  27μs  22ns
52a0e6;43;0;125;80;6;44;0.000000;0.000000;-nan;2970.000000;2970.000000;100.000000;0.000000;0.000000;-nan;        11s 784ms 745μs 594ns;                          0ns
52a0ea;47;0;120;75;6;43;0.000000;0.000000;-nan;2972.000000;2972.000000;100.000000;0.000000;0.000000;-nan;        12s 104ms 400μs 648ns;                          0ns
52a0f1;81;0;146;113;7;44;45.000000;0.000000;0.000000;2878.000000;2878.000000;100.000000;0.000000;0.000000;-nan;        15s 392ms 972μs 597ns;            611ms 662μs 191ns
527193;80;0;147;113;7;44;45.000000;0.000000;0.000000;2883.000000;2883.000000;100.000000;0.000000;0.000000;-nan;        17s 902ms 427μs 875ns;            262ms 212μs 465ns
527146;194;0;260;168;15;50;147.000000;0.000000;0.000000;2999.000000;2999.000000;100.000000;0.000000;0.000000;-nan;        23s 968ms 875μs 874ns;                        -11661081633980968ns
527169;83;0;142;115;7;44;45.000000;0.000000;0.000000;2882.000000;2882.000000;100.000000;0.000000;0.000000;-nan;        17s 714ms  32μs 815ns;            653ms 448μs 210ns
527177;75;0;126;95;7;44;46.000000;0.000000;0.000000;2970.000000;2970.000000;103.376262;0.000000;0.000000;-nan;        17s 249ms 648μs 857ns;                        -555276809038573ns
527109;100;8;180;136;8;43;45.000000;0.000000;0.000000;2972.000000;2972.000000;103.481894;0.000000;0.000000;-nan;        16s 958ms 242μs 490ns;                        -1110556642627539ns
527124;82;1;148;109;7;44;45.000000;0.000000;0.000000;2970.000000;2970.000000;103.196664;0.000000;0.000000;-nan;        16s 358ms  34μs  42ns;                        -555278219848955ns
527136;84;0;144;112;7;44;45.000000;0.000000;0.000000;2972.000000;2972.000000;103.302051;0.000000;0.000000;-nan;        17s 475ms 234μs 845ns;                        -555281850068875ns
5270e7;54;0;112;82;6;44;0.000000;0.000000;-nan;2970.000000;2970.000000;100.000000;0.000000;0.000000;-nan;        12s 959ms 686μs 175ns;                          0ns
5270ec;56;0;109;83;6;44;0.000000;0.000000;-nan;2972.000000;2972.000000;100.000000;0.000000;0.000000;-nan;        12s 488ms 806μs 144ns;                          0ns
5270f5;75;2;121;90;7;43;45.000000;0.000000;0.000000;2972.000000;2972.000000;102.944233;0.000000;0.000000;-nan;        14s 454ms 765μs 504ns;                        -555274062820017ns
523c94;81;0;148;111;7;44;45.000000;0.000000;0.000000;2883.000000;2883.000000;100.000000;0.000000;0.000000;-nan;        19s 228ms 975μs 505ns;            271ms 921μs 187ns
523ca0;80;0;147;113;7;44;45.000000;0.000000;0.000000;2873.000000;2873.000000;100.000000;0.000000;0.000000;-nan;        18s 469ms 184μs 203ns;            406ms 525μs 143ns
523cae;101;0;182;141;8;43;45.000000;0.000000;0.000000;2972.000000;2972.000000;103.481894;0.000000;0.000000;-nan;        20s  50ms 749μs 608ns;                        -1110312128394918ns
523c4f;86;0;141;113;7;44;45.000000;0.000000;0.000000;2882.000000;2882.000000;100.000000;0.000000;0.000000;-nan;        16s 859ms 863μs 622ns;            260ms 631μs 885ns
523c5d;83;0;144;113;7;44;45.000000;0.000000;0.000000;2972.000000;2972.000000;103.302051;0.000000;0.000000;-nan;        18s 334ms 378μs 261ns;                        -1110303869245822ns
523c6d;81;0;146;113;7;44;45.000000;0.000000;0.000000;2970.000000;2970.000000;103.556485;0.000000;0.000000;-nan;        18s 155ms 841μs 453ns;                        -1110301974926699ns
523c7f;199;0;241;188;14;51;155.000000;0.000000;0.000000;2999.000000;2999.000000;100.000000;0.000000;0.000000;-nan;        25s 990ms 451μs  84ns;                        -8327409781237029ns
523c28;78;0;147;107;7;43;0.000000;0.000000;-nan;2972.000000;2972.000000;100.000000;0.000000;0.000000;-nan;        17s 762ms 323μs 567ns;                        -555150375884246ns
523c2d;106;0;177;141;8;43;45.000000;0.000000;0.000000;2972.000000;2972.000000;102.944233;0.000000;0.000000;-nan;        19s 748ms 786μs 549ns;                        -555154696496812ns
523c3e;74;0;127;95;7;44;46.000000;0.000000;0.000000;2970.000000;2970.000000;103.196664;0.000000;0.000000;-nan;        17s 965ms 732μs 648ns;                        -555146355204505ns
520bc8;217;0;272;229;13;50;0.000000;0.000000;-nan;2999.000000;2999.000000;100.000000;0.000000;0.000000;-nan;        24s 614ms  15μs  91ns;                        -13320819629836921ns
520b8e;82;0;145;113;7;44;45.000000;0.000000;0.000000;2970.000000;2970.000000;103.017690;0.000000;0.000000;-nan;        17s 349ms  59μs 759ns;                        -555025784290512ns
520b9f;104;0;183;137;8;43;45.000000;0.000000;0.000000;2972.000000;2972.000000;102.944233;0.000000;0.000000;-nan;        18s 151ms 120μs 969ns;                        -1665079033191922ns
520bad;80;0;153;107;7;44;45.000000;0.000000;0.000000;2970.000000;2970.000000;103.196664;0.000000;0.000000;-nan;        17s 501ms 984μs 379ns;                        -555026872629603ns
520bb9;80;0;146;114;7;44;45.000000;0.000000;0.000000;2873.000000;2873.000000;100.000000;0.000000;0.000000;-nan;        17s 741ms  71μs 551ns;            518ms 856μs 863ns
520b45;43;0;123;76;6;43;0.000000;0.000000;-nan;2970.000000;2970.000000;100.000000;0.000000;0.000000;-nan;        13s 768ms 567μs 221ns;                          0ns
520b48;56;0;111;75;6;43;0.000000;0.000000;-nan;2972.000000;2972.000000;100.000000;0.000000;0.000000;-nan;        11s 796ms 871μs 294ns;                          0ns
520b53;84;0;144;112;7;44;45.000000;0.000000;0.000000;2972.000000;2972.000000;103.122831;0.000000;0.000000;-nan;        16s 161ms 264μs 334ns;                        -555022181612147ns
520b6b;84;0;144;112;7;44;45.000000;0.000000;0.000000;2972.000000;2972.000000;103.302051;0.000000;0.000000;-nan;        17s 203ms 659μs 445ns;                        -555024839726713ns
520b7d;84;0;146;110;7;44;45.000000;0.000000;0.000000;2972.000000;2972.000000;103.481894;0.000000;0.000000;-nan;        16s 397ms 851μs 846ns;                        -1665071278474410ns
51d90e;80;0;148;112;7;44;45.000000;0.000000;0.000000;2873.000000;2873.000000;100.000000;0.000000;0.000000;-nan;        16s 512ms 832μs 374ns;            396ms  28μs 448ns
51d91a;188;0;260;204;13;50;156.000000;0.000000;0.000000;2999.000000;2999.000000;100.000000;0.000000;0.000000;-nan;        22s 809ms 927μs 481ns;                        -8323568219766783ns
51d92d;81;0;151;108;7;44;45.000000;0.000000;0.000000;2878.000000;2878.000000;100.000000;0.000000;0.000000;-nan;        16s 931ms 956μs 514ns;            434ms 422μs 772ns
51d8d1;82;0;145;113;7;44;45.000000;0.000000;0.000000;2970.000000;2970.000000;103.017690;0.000000;0.000000;-nan;        15s 956ms 251μs 636ns;                        -554895593483492ns
51d8e7;82;3;143;112;7;44;45.000000;0.000000;0.000000;2972.000000;2972.000000;103.481894;0.000000;0.000000;-nan;        15s 495ms 414μs 834ns;                        -1109787991353944ns
51d8f4;83;0;144;113;7;44;45.000000;0.000000;0.000000;2972.000000;2972.000000;103.122831;0.000000;0.000000;-nan;        16s 379ms 355μs 626ns;                        -554896832751302ns
51d880;56;0;112;80;6;44;0.000000;0.000000;-nan;2972.000000;2972.000000;100.000000;0.000000;0.000000;-nan;         8s 775ms 729μs 954ns;                          0ns
51d884;43;0;125;80;6;44;0.000000;0.000000;-nan;2970.000000;2970.000000;100.000000;0.000000;0.000000;-nan;        11s 563ms 794μs   6ns;                          0ns
51d893;84;0;144;112;7;44;45.000000;0.000000;0.000000;2972.000000;2972.000000;103.302051;0.000000;0.000000;-nan;        15s 729ms 389μs 613ns;                        -1109789784936184ns
51d8bb;83;0;147;110;7;44;45.000000;0.000000;0.000000;2972.000000;2972.000000;102.944233;0.000000;0.000000;-nan;        16s 162ms 196μs 490ns;                        -554895853784550ns
51a60a;140;0;184;98;12;52;0.000000;0.000000;-nan;2999.000000;2999.000000;100.000000;0.000000;0.000000;-nan;        22s 620ms 738μs 452ns;                        -6102556304841129ns
51a616;107;0;179;148;8;44;46.000000;0.000000;0.000000;2878.000000;2878.000000;100.000000;0.000000;0.000000;-nan;        19s  20ms 143μs 943ns;         1s  32ms 856μs 946ns
51a5c0;82;0;148;110;7;44;45.000000;0.000000;0.000000;2972.000000;2972.000000;103.122831;0.000000;0.000000;-nan;        16s 486ms 961μs 738ns;                        -1109540627413649ns
51a5cf;104;0;181;139;8;43;45.000000;0.000000;0.000000;2972.000000;2972.000000;103.481894;0.000000;0.000000;-nan;        18s 385ms 641μs   3ns;                        -1109543314812948ns
51a5e0;85;0;145;110;7;44;45.000000;0.000000;0.000000;2972.000000;2972.000000;103.302051;0.000000;0.000000;-nan;        16s 193ms 395μs  38ns;                        -554769399404463ns
51a5ed;99;0;185;140;8;43;45.000000;0.000000;0.000000;2970.000000;2970.000000;103.017690;0.000000;0.000000;-nan;        18s 546ms 519μs 609ns;                        -1109547807584741ns
51a5fd;82;0;147;111;7;44;45.000000;0.000000;0.000000;2970.000000;2970.000000;103.376262;0.000000;0.000000;-nan;        17s  35ms 321μs 632ns;                        -554772097285608ns
51a59f;43;0;123;82;6;44;0.000000;0.000000;-nan;2970.000000;2970.000000;100.000000;0.000000;0.000000;-nan;        10s 891ms 769μs 615ns;                          0ns
51a5a3;45;0;122;75;6;43;0.000000;0.000000;-nan;2972.000000;2972.000000;100.000000;0.000000;0.000000;-nan;        10s 617ms  23μs 469ns;                          0ns
51a5a8;84;0;144;112;7;44;45.000000;0.000000;0.000000;2972.000000;2972.000000;102.944233;0.000000;0.000000;-nan;        15s 425ms 278μs  33ns;                        -554768468694733ns
21900c;11;0;33;14;4;11;11.000000;11.000000;100.000000;995.000000;995.000000;100.000000;0.000000;0.000000;-nan;            644ms 642μs 937ns;                          0ns
219017;13;0;28;17;4;11;11.000000;11.000000;100.000000;998.000000;998.000000;100.000000;0.000000;0.000000;-nan;            672ms 531μs 689ns;                          0ns
219023;14;0;22;24;4;12;12.000000;12.000000;100.000000;983.000000;983.000000;100.000000;0.000000;0.000000;-nan;            650ms 894μs 128ns;                          0ns
21902b;20;0;55;51;5;23;23.000000;23.000000;100.000000;1230.000000;1230.000000;100.000000;0.000000;0.000000;-nan;            775ms 332μs 272ns;                          0ns
218fc6;14;0;24;26;4;13;13.000000;13.000000;100.000000;993.000000;993.000000;100.000000;0.000000;0.000000;-nan;            582ms 173μs 782ns;                          0ns
218fcb;13;0;27;20;4;12;12.000000;12.000000;100.000000;999.000000;999.000000;100.000000;0.000000;0.000000;-nan;            651ms 438μs 293ns;                          0ns
218fdd;10;0;36;14;4;16;16.000000;16.000000;100.000000;1325.000000;1325.000000;100.000000;0.000000;0.000000;-nan;            612ms 509μs 514ns;                          0ns
218fe8;15;0;28;25;4;14;14.000000;14.000000;100.000000;997.000000;997.000000;100.000000;0.000000;0.000000;-nan;            648ms 257μs 249ns;                          0ns
218ff4;10;0;30;20;4;12;12.000000;12.000000;100.000000;979.000000;979.000000;100.000000;0.000000;0.000000;-nan;            640ms 842μs 305ns;                          0ns
218fff;15;0;83;48;5;29;29.000000;29.000000;100.000000;1560.000000;1560.000000;100.000000;0.000000;0.000000;-nan;            665ms 979μs   4ns;                          0ns
5173ca;80;0;147;113;7;44;45.000000;0.000000;0.000000;2873.000000;2873.000000;100.000000;0.000000;0.000000;-nan;        18s 688ms 314μs 837ns;            415ms 122μs  13ns
5173dd;80;0;150;110;7;44;45.000000;0.000000;0.000000;2883.000000;2883.000000;100.000000;0.000000;0.000000;-nan;        19s 489ms 554μs  30ns;            374ms 427μs 740ns
517392;102;0;182;140;8;43;45.000000;0.000000;0.000000;2972.000000;2972.000000;103.481894;0.000000;0.000000;-nan;        20s  85ms 496μs 636ns;                        -1109299994122497ns
5173a7;103;0;182;139;8;43;45.000000;0.000000;0.000000;2972.000000;2972.000000;103.122831;0.000000;0.000000;-nan;        20s 346ms 831μs 320ns;                        -1663953484009149ns
5173b6;85;0;145;118;7;45;46.000000;0.000000;0.000000;2878.000000;2878.000000;100.000000;0.000000;0.000000;-nan;        19s 941ms 481μs 858ns;         1s  60ms 380μs 572ns
51734a;97;8;147;128;8;43;46.000000;0.000000;0.000000;2972.000000;2972.000000;103.302051;0.000000;0.000000;-nan;        19s 698ms 713μs 117ns;                        -1109292113794463ns
51735c;82;0;145;113;7;44;45.000000;0.000000;0.000000;2970.000000;2970.000000;103.556485;0.000000;0.000000;-nan;        18s 926ms 319μs 272ns;                        -554648270002571ns
517371;84;0;141;115;7;44;45.000000;0.000000;0.000000;2867.000000;2867.000000;100.000000;0.000000;0.000000;-nan;        18s 439ms 102μs 656ns;            711ms 384μs 337ns
517334;75;2;144;111;7;43;0.000000;0.000000;-nan;2972.000000;2972.000000;100.000000;0.000000;0.000000;-nan;        12s 813ms  69μs 995ns;                        -554642450975591ns
51733d;42;0;129;77;6;44;0.000000;0.000000;-nan;2970.000000;2970.000000;100.000000;0.000000;0.000000;-nan;        12s 658ms  96μs 337ns;                          0ns
51424b;81;0;146;113;7;44;45.000000;0.000000;0.000000;2970.000000;2970.000000;103.196664;0.000000;0.000000;-nan;        18s 970ms 823μs  92ns;                        -554505876919540ns
51420a;79;0;153;108;7;44;45.000000;0.000000;0.000000;2883.000000;2883.000000;100.000000;0.000000;0.000000;-nan;        18s 622ms 209μs  95ns;            395ms 916μs 547ns
51421b;82;0;142;116;7;44;45.000000;0.000000;0.000000;2972.000000;2972.000000;103.122831;0.000000;0.000000;-nan;        18s 114ms 544μs  59ns;                        -1663508980464180ns
51422c;81;0;151;108;7;44;45.000000;0.000000;0.000000;2970.000000;2970.000000;103.556485;0.000000;0.000000;-nan;        18s 693ms 757μs 528ns;                        -554505133435696ns
51423d;79;1;147;113;7;44;45.000000;0.000000;0.000000;2873.000000;2873.000000;100.000000;0.000000;0.000000;-nan;        16s 802ms 628μs 341ns;            276ms 784μs 618ns
5141d9;103;0;177;144;8;43;45.000000;0.000000;0.000000;2972.000000;2972.000000;103.302051;0.000000;0.000000;-nan;        19s  91ms 938μs 805ns;                        -554507620894060ns
5141ee;84;0;148;108;7;44;45.000000;0.000000;0.000000;2972.000000;2972.000000;102.944233;0.000000;0.000000;-nan;        18s 322ms 359μs   0ns;                        -1663511140350061ns
5141af;74;0;146;112;7;43;0.000000;0.000000;-nan;2972.000000;2972.000000;100.000000;0.000000;0.000000;-nan;        17s 297ms 981μs 643ns;                        -554502000471996ns
5141b4;41;8;120;79;6;44;0.000000;0.000000;-nan;2970.000000;2970.000000;100.000000;0.000000;0.000000;-nan;         9s 596ms 956μs 543ns;                          0ns
5141bd;83;0;143;114;7;44;45.000000;0.000000;0.000000;2972.000000;2972.000000;103.481894;0.000000;0.000000;-nan;        17s  68ms  59μs 214ns;                        -554501135779408ns
213d85;8;0;11;9;3;8;8.000000;8.000000;100.000000;655.000000;655.000000;100.000000;0.000000;0.000000;-nan;            483ms 579μs 917ns;                          0ns
213d91;12;0;22;24;4;11;11.000000;11.000000;100.000000;657.000000;657.000000;100.000000;0.000000;0.000000;-nan;            569ms 289μs 471ns;                          0ns
213d41;7;0;12;9;3;8;8.000000;8.000000;100.000000;660.000000;660.000000;100.000000;0.000000;0.000000;-nan;            401ms 176μs 820ns;                          0ns
213d49;11;0;18;19;4;9;9.000000;9.000000;100.000000;658.000000;658.000000;100.000000;0.000000;0.000000;-nan;            420ms 349μs 626ns;                          0ns
213d54;12;0;24;22;4;11;11.000000;11.000000;100.000000;659.000000;659.000000;100.000000;0.000000;0.000000;-nan;            451ms 261μs 754ns;                          0ns
213d61;18;0;21;29;4;14;14.000000;14.000000;100.000000;1165.000000;1165.000000;100.000000;0.000000;0.000000;-nan;            665ms 637μs 756ns;                          0ns
213d6c;7;0;11;14;3;7;7.000000;7.000000;100.000000;354.000000;354.000000;100.000000;0.000000;0.000000;-nan;            436ms 607μs 333ns;                          0ns
213d77;7;0;2;3;2;4;4.000000;4.000000;100.000000;353.000000;353.000000;100.000000;0.000000;0.000000;-nan;            473ms 767μs 459ns;                          0ns
213d2d;7;0;13;12;3;7;7.000000;7.000000;100.000000;656.000000;656.000000;100.000000;0.000000;0.000000;-nan;            299ms 728μs 645ns;                          0ns
213d33;4;0;5;3;2;4;4.000000;4.000000;100.000000;351.000000;351.000000;100.000000;0.000000;0.000000;-nan;            286ms 752μs  40ns;                          0ns
511006;58;0;115;81;6;45;45.000000;45.000000;100.000000;2887.000000;2887.000000;100.000000;0.000000;0.000000;-nan;        12s 965ms 956μs 739ns;                          0ns
51100e;104;0;176;144;8;43;45.000000;0.000000;0.000000;2972.000000;2972.000000;103.302051;0.000000;0.000000;-nan;        16s 789ms 450μs 753ns;                        -1663134396236076ns
51101c;59;0;112;83;6;45;45.000000;45.000000;100.000000;2882.000000;2882.000000;100.000000;0.000000;0.000000;-nan;        13s 805ms 185μs 143ns;                          0ns
510fc7;102;0;181;141;8;43;45.000000;0.000000;0.000000;2970.000000;2970.000000;103.017690;0.000000;0.000000;-nan;        16s 535ms 699μs 843ns;                        -1108751553460958ns
510fd8;82;0;145;113;7;44;45.000000;0.000000;0.000000;2878.000000;2878.000000;100.000000;0.000000;0.000000;-nan;        15s 649ms 608μs 293ns;            574ms 127μs  83ns
510fe9;82;0;148;110;7;44;45.000000;0.000000;0.000000;2970.000000;2970.000000;103.376262;0.000000;0.000000;-nan;        16s 335ms 660μs  46ns;                        -554377317248140ns
510ff7;174;0;191;159;13;52;158.000000;0.000000;0.000000;2999.000000;2999.000000;100.000000;0.000000;0.000000;-nan;        22s 410ms  74μs 980ns;                        -6098212871325579ns
510fa4;56;0;116;76;6;44;0.000000;0.000000;-nan;2972.000000;2972.000000;100.000000;0.000000;0.000000;-nan;        11s 260ms 371μs 809ns;                          0ns
510fa7;43;0;123;82;6;44;0.000000;0.000000;-nan;2970.000000;2970.000000;100.000000;0.000000;0.000000;-nan;        11s 539ms 158μs 184ns;                          0ns
510fad;83;0;149;108;7;44;45.000000;0.000000;0.000000;2972.000000;2972.000000;103.481894;0.000000;0.000000;-nan;        15s 374ms 259μs 496ns;                        -554374123567480ns
50dfc9;81;8;138;113;7;44;45.000000;0.000000;0.000000;2882.000000;2882.000000;100.000000;0.000000;0.000000;-nan;        15s 276ms 869μs 960ns;            547ms 903μs   9ns
50df87;82;8;141;109;7;44;45.000000;0.000000;0.000000;2887.000000;2887.000000;100.000000;0.000000;0.000000;-nan;        14s  69ms 547μs 508ns;            643ms 156μs 614ns
50df97;81;0;146;113;7;44;45.000000;0.000000;0.000000;2970.000000;2970.000000;103.376262;0.000000;0.000000;-nan;        16s 735ms 421μs 500ns;                        -554252840630753ns
50dfb0;213;0;238;187;14;52;154.000000;0.000000;0.000000;2999.000000;2999.000000;100.000000;0.000000;0.000000;-nan;        23s 771ms 543μs 567ns;                        -10530904149029515ns
50dfbd;57;0;114;83;6;45;45.000000;45.000000;100.000000;2878.000000;2878.000000;100.000000;0.000000;0.000000;-nan;        13s 814ms  21μs 128ns;                          0ns
50df47;43;0;123;76;6;43;0.000000;0.000000;-nan;2970.000000;2970.000000;100.000000;0.000000;0.000000;-nan;        13s  36ms 150μs 525ns;                          0ns
50df4c;47;0;121;80;6;44;0.000000;0.000000;-nan;2972.000000;2972.000000;100.000000;0.000000;0.000000;-nan;        10s 984ms  31μs 924ns;                          0ns
50df54;103;0;181;140;8;43;45.000000;0.000000;0.000000;2972.000000;2972.000000;103.481894;0.000000;0.000000;-nan;        17s 423ms 852μs 474ns;                        -1662754542328438ns
50df68;80;0;143;117;7;44;45.000000;0.000000;0.000000;2877.000000;2877.000000;100.000000;0.000000;0.000000;-nan;        16s 538ms 137μs 621ns;            431ms 151μs 590ns
50df76;102;0;184;138;8;43;45.000000;0.000000;0.000000;2970.000000;2970.000000;103.017690;0.000000;0.000000;-nan;        17s 220ms 420μs 925ns;                        -554253757321410ns
50b107;80;0;147;113;7;44;45.000000;0.000000;0.000000;2878.000000;2878.000000;100.000000;0.000000;0.000000;-nan;        15s 514ms 860μs 147ns;            245ms 789μs  11ns
50b114;58;0;113;83;6;45;45.000000;45.000000;100.000000;2877.000000;2877.000000;100.000000;0.000000;0.000000;-nan;        12s 812ms 682μs 563ns;                          0ns
50b120;82;0;143;115;7;44;45.000000;0.000000;0.000000;2882.000000;2882.000000;100.000000;0.000000;0.000000;-nan;        15s 703ms 839μs  55ns;            258ms 146μs 977ns
50b127;82;0;144;114;7;44;45.000000;0.000000;0.000000;2972.000000;2972.000000;103.481894;0.000000;0.000000;-nan;        15s 937ms 865μs 409ns;                        -554129204200258ns
50b131;154;0;189;155;12;51;151.000000;0.000000;0.000000;2999.000000;2999.000000;100.000000;0.000000;0.000000;-nan;        21s 110ms 542μs 805ns;                        -7203741536537841ns
50b0c2;43;0;130;75;6;44;0.000000;0.000000;-nan;2970.000000;2970.000000;100.000000;0.000000;0.000000;-nan;        11s 926ms 232μs  41ns;                          0ns
50b0c5;48;0;117;77;6;43;0.000000;0.000000;-nan;2972.000000;2972.000000;100.000000;0.000000;0.000000;-nan;        10s 909ms 787μs 811ns;                          0ns
50b0cc;83;0;141;116;7;44;45.000000;0.000000;0.000000;2887.000000;2887.000000;100.000000;0.000000;0.000000;-nan;        14s 828ms 774μs  80ns;            685ms 439μs 610ns
50b0e9;82;0;148;110;7;44;45.000000;0.000000;0.000000;2873.000000;2873.000000;100.000000;0.000000;0.000000;-nan;        15s 271ms 895μs 928ns;            633ms 965μs 877ns
50b0f7;83;0;147;110;7;44;45.000000;0.000000;0.000000;2868.000000;2868.000000;100.000000;0.000000;0.000000;-nan;        15s   1ms 343μs 101ns;            675ms 616μs 224ns
508102;59;0;111;84;6;45;45.000000;45.000000;100.000000;2887.000000;2887.000000;100.000000;0.000000;0.000000;-nan;        14s 217ms 347μs 180ns;                          0ns
5080c7;84;0;142;114;7;44;45.000000;0.000000;0.000000;2882.000000;2882.000000;100.000000;0.000000;0.000000;-nan;        15s 998ms 926μs 717ns;            835ms 225μs 115ns
5080dd;80;0;146;114;7;44;45.000000;0.000000;0.000000;2877.000000;2877.000000;100.000000;0.000000;0.000000;-nan;        16s 803ms 978μs 871ns;            327ms 786μs 178ns
5080f4;80;0;148;112;7;44;45.000000;0.000000;0.000000;2878.000000;2878.000000;100.000000;0.000000;0.000000;-nan;        17s 131ms 778μs 841ns;            259ms 700μs  70ns
508083;104;0;180;140;8;43;45.000000;0.000000;0.000000;2970.000000;2970.000000;103.017690;0.000000;0.000000;-nan;        17s 276ms 252μs 363ns;                        -553988290296323ns
508097;81;0;154;105;7;44;45.000000;0.000000;0.000000;2970.000000;2970.000000;103.376262;0.000000;0.000000;-nan;        15s 649ms 591μs 733ns;                        -553984269609572ns
5080a9;104;0;175;145;8;43;45.000000;0.000000;0.000000;2972.000000;2972.000000;103.481894;0.000000;0.000000;-nan;        17s 529ms 999μs 239ns;                        -1107976450936361ns
5080bc;184;0;257;195;13;51;0.000000;0.000000;-nan;2999.000000;2999.000000;100.000000;0.000000;0.000000;-nan;        23s  78ms 366μs  82ns;                        -11079904365169650ns
508079;55;0;112;75;6;43;0.000000;0.000000;-nan;2972.000000;2972.000000;100.000000;0.000000;0.000000;-nan;        10s 818ms  29μs 920ns;                          0ns
50807c;43;0;123;76;6;43;0.000000;0.000000;-nan;2970.000000;2970.000000;100.000000;0.000000;0.000000;-nan;        11s 616ms 671μs 988ns;                          0ns
20628c;6;0;2;4;2;4;4.000000;4.000000;100.000000;349.000000;349.000000;100.000000;0.000000;0.000000;-nan;            398ms 953μs 567ns;                          0ns
20629d;5;0;11;8;3;5;5.000000;5.000000;100.000000;350.000000;350.000000;100.000000;0.000000;0.000000;-nan;            403ms 416μs 893ns;                          0ns
2062a9;6;0;10;8;3;5;5.000000;5.000000;100.000000;353.000000;353.000000;100.000000;0.000000;0.000000;-nan;            410ms 602μs 838ns;                          0ns
2062b5;84;0;111;97;7;37;38.000000;0.000000;0.000000;2855.000000;2855.000000;100.000000;0.000000;0.000000;-nan;         3s 666ms 558μs 480ns;            460ms 671μs 897ns
20624a;88;0;115;101;7;39;40.000000;0.000000;0.000000;2884.000000;2884.000000;100.000000;0.000000;0.000000;-nan;         3s 349ms 581μs 848ns;            512ms  87μs 622ns
20624f;4;0;12;8;3;5;5.000000;5.000000;100.000000;354.000000;354.000000;100.000000;0.000000;0.000000;-nan;            296ms 133μs 623ns;                          0ns
20625c;6;0;4;8;3;3;4.000000;0.000000;0.000000;346.000000;346.000000;100.000000;0.000000;0.000000;-nan;            423ms 168μs 197ns;             40ms 816μs 255ns
206269;13;0;10;11;5;3;5.000000;0.000000;0.000000;344.000000;344.000000;99.135447;0.000000;0.000000;-nan;            643ms 650μs 314ns;             62ms 188μs 864ns
206273;6;0;2;4;2;4;4.000000;4.000000;100.000000;348.000000;348.000000;100.000000;0.000000;0.000000;-nan;            342ms 467μs 204ns;                          0ns
20627f;7;0;2;3;2;4;4.000000;4.000000;100.000000;352.000000;352.000000;100.000000;0.000000;0.000000;-nan;            428ms 831μs 886ns;                          0ns
505140;79;8;140;113;7;44;45.000000;0.000000;0.000000;2972.000000;2972.000000;103.302051;0.000000;0.000000;-nan;        14s 604ms 604μs 163ns;                        -553858480094672ns
505155;58;0;111;85;6;45;45.000000;45.000000;100.000000;2872.000000;2872.000000;100.000000;0.000000;0.000000;-nan;        14s 113ms 692μs 927ns;                          0ns
505104;82;0;144;114;7;44;45.000000;0.000000;0.000000;2882.000000;2882.000000;100.000000;0.000000;0.000000;-nan;        15s  44ms 754μs 281ns;            324ms  80μs 784ns
505110;84;0;142;114;7;44;45.000000;0.000000;0.000000;2887.000000;2887.000000;100.000000;0.000000;0.000000;-nan;        16s  92ms 529μs 102ns;            249ms 994μs 991ns
505123;204;0;239;181;14;51;159.000000;0.000000;0.000000;2999.000000;2999.000000;100.000000;0.000000;0.000000;-nan;        23s  37ms 639μs 682ns;                        -5538686703864992ns
505133;80;0;148;112;7;44;45.000000;0.000000;0.000000;2873.000000;2873.000000;100.000000;0.000000;0.000000;-nan;        15s 759ms 837μs 710ns;            356ms 718μs 845ns
5050d4;43;0;128;77;6;44;0.000000;0.000000;-nan;2970.000000;2970.000000;100.000000;0.000000;0.000000;-nan;        11s 200ms 601μs 457ns;                          0ns
5050d7;47;0;125;76;6;44;0.000000;0.000000;-nan;2972.000000;2972.000000;100.000000;0.000000;0.000000;-nan;        11s 475ms 726μs 399ns;                          0ns
5050dd;81;0;149;110;7;44;45.000000;0.000000;0.000000;2878.000000;2878.000000;100.000000;0.000000;0.000000;-nan;        14s 771ms 828μs 393ns;            636ms 873μs 838ns
5050f6;98;0;154;128;8;43;46.000000;0.000000;0.000000;2970.000000;2970.000000;103.017690;0.000000;0.000000;-nan;        16s 298ms 357μs 237ns;                        -1107722917552572ns
5021cd;100;0;188;136;8;43;45.000000;0.000000;0.000000;2970.000000;2970.000000;103.376262;0.000000;0.000000;-nan;        17s 385ms 550μs  68ns;                        -553742800079746ns
5021dc;81;0;151;108;7;44;45.000000;0.000000;0.000000;2972.000000;2972.000000;103.481894;0.000000;0.000000;-nan;        16s 617ms  95μs 557ns;                        -553739267007113ns
5021e9;139;0;197;136;12;51;0.000000;0.000000;-nan;2999.000000;2999.000000;100.000000;0.000000;0.000000;-nan;        21s 242ms 303μs  86ns;                        -3322435347638735ns
5021f3;59;0;112;83;6;45;45.000000;45.000000;100.000000;2882.000000;2882.000000;100.000000;0.000000;0.000000;-nan;        14s 618ms 977μs 659ns;                          0ns
502183;104;0;175;155;8;44;46.000000;0.000000;0.000000;2872.000000;2872.000000;100.104566;0.000000;0.000000;-nan;        17s 198ms 505μs 689ns;            919ms 956μs  92ns
50219c;82;0;151;107;7;44;45.000000;0.000000;0.000000;2970.000000;2970.000000;103.017690;0.000000;0.000000;-nan;        15s 378ms 732μs 388ns;                        -553735830279410ns
5021ad;87;0;143;118;7;45;46.000000;0.000000;0.000000;2887.000000;2887.000000;100.000000;0.000000;0.000000;-nan;        15s 878ms 197μs 307ns;            974ms 326μs 213ns
5021be;82;0;142;116;7;44;45.000000;0.000000;0.000000;2877.000000;2877.000000;100.000000;0.000000;0.000000;-nan;        15s 728ms 262μs 681ns;            792ms 557μs 166ns
502179;47;0;120;81;6;44;0.000000;0.000000;-nan;2972.000000;2972.000000;100.000000;0.000000;0.000000;-nan;        11s 239ms 457μs 537ns;                          0ns
50217d;43;0;123;82;6;44;0.000000;0.000000;-nan;2970.000000;2970.000000;100.000000;0.000000;0.000000;-nan;        12s 571ms 829μs 543ns;                          0ns
4ff410;59;0;114;81;6;45;45.000000;45.000000;100.000000;2878.000000;2878.000000;100.000000;0.000000;0.000000;-nan;        15s 135ms 454μs 155ns;                          0ns
4ff3dd;82;0;144;114;7;44;45.000000;0.000000;0.000000;2882.000000;2882.000000;100.000000;0.000000;0.000000;-nan;        16s 281ms 483μs 427ns;            539ms 550μs 874ns
4ff3ec;136;0;173;123;11;50;0.000000;0.000000;-nan;2999.000000;2999.000000;100.000000;0.000000;0.000000;-nan;        19s 968ms 511μs 813ns;                        -7197082213357297ns
4ff3ff;79;8;141;112;7;44;45.000000;0.000000;0.000000;2970.000000;2970.000000;103.017690;0.000000;0.000000;-nan;        15s 233ms 704μs 472ns;                        -553615136477982ns
4ff388;82;0;145;113;7;44;45.000000;0.000000;0.000000;2873.000000;2873.000000;100.000000;0.000000;0.000000;-nan;        15s 856ms 452μs 299ns;            629ms 855μs 956ns
4ff3a2;80;8;140;112;7;44;45.000000;0.000000;0.000000;2877.000000;2877.000000;100.000000;0.000000;0.000000;-nan;        14s 907ms 497μs 232ns;            719ms 213μs 360ns
4ff3bd;80;0;144;116;7;44;45.000000;0.000000;0.000000;2872.000000;2872.000000;100.000000;0.000000;0.000000;-nan;        16s  19ms 755μs  59ns;            256ms 967μs 938ns
4ff35d;47;0;120;81;6;44;0.000000;0.000000;-nan;2972.000000;2972.000000;100.000000;0.000000;0.000000;-nan;        11s 447ms 769μs 372ns;                          0ns
4ff362;43;0;125;74;6;43;0.000000;0.000000;-nan;2970.000000;2970.000000;100.000000;0.000000;0.000000;-nan;        12s 698ms 164μs 379ns;                          0ns
4ff36b;83;5;139;113;7;44;45.000000;0.000000;0.000000;2972.000000;2972.000000;102.944233;0.000000;0.000000;-nan;        14s 104ms 462μs 361ns;                        -553612815489721ns
1fd394;99;0;113;106;7;41;42.000000;0.000000;0.000000;2868.000000;2868.000000;100.000000;0.000000;0.000000;-nan;        19s 217ms 249μs 784ns;            243ms 710μs 190ns
1fd3a7;94;0;107;103;7;39;40.000000;0.000000;0.000000;2855.000000;2855.000000;100.000000;0.000000;0.000000;-nan;        18s 804ms 498μs  55ns;            276ms  91μs 195ns
1fd349;92;8;101;103;7;39;40.000000;0.000000;0.000000;2843.000000;2843.000000;100.000000;0.000000;0.000000;-nan;        16s 493ms 946μs 546ns;            371ms 884μs  66ns
1fd355;84;0;97;81;7;39;41.000000;0.000000;0.000000;2855.000000;2855.000000;99.964986;0.000000;0.000000;-nan;        18s 529ms 585μs 877ns;            373ms 204μs 466ns
1fd367;143;1;138;142;8;43;45.000000;0.000000;0.000000;2870.000000;2870.000000;100.000000;0.000000;0.000000;-nan;        20s 442ms  81μs 569ns;            837ms 584μs 447ns
1fd372;146;0;152;152;9;41;45.000000;0.000000;0.000000;2873.000000;2873.000000;100.139421;0.000000;0.000000;-nan;        22s 127ms 691μs 256ns;         1s 244ms 396μs 421ns
1fd31f;107;0;108;117;7;43;44.000000;0.000000;0.000000;2867.000000;2867.000000;100.000000;0.000000;0.000000;-nan;        19s 964ms 311μs  89ns;            331ms 429μs 705ns
1fd323;99;0;111;108;7;41;42.000000;0.000000;0.000000;2882.000000;2882.000000;100.000000;0.000000;0.000000;-nan;        17s 480ms  31μs 545ns;            682ms 533μs 938ns
1fd32d;112;0;108;112;7;43;44.000000;0.000000;0.000000;2872.000000;2872.000000;100.000000;0.000000;0.000000;-nan;        19s 628ms 606μs 479ns;            243ms  89μs 691ns
1fd338;97;8;100;105;7;40;41.000000;0.000000;0.000000;2857.000000;2857.000000;100.000000;0.000000;0.000000;-nan;        15s 578ms  99μs 607ns;         1s 908ms 464μs 562ns
4fc40c;78;8;143;111;7;44;45.000000;0.000000;0.000000;2868.000000;2868.000000;100.000000;0.000000;0.000000;-nan;        14s 719ms 697μs  61ns;            337ms 643μs 644ns
4fc414;82;0;143;115;7;44;45.000000;0.000000;0.000000;2872.000000;2872.000000;100.000000;0.000000;0.000000;-nan;        16s 980ms 310μs 741ns;            275ms 501μs 397ns
4fc426;181;0;210;165;14;49;156.000000;0.000000;0.000000;2999.000000;2999.000000;100.000000;0.000000;0.000000;-nan;        23s 186ms  31μs 675ns;                        -7195497895790805ns
4fc3cd;82;0;144;114;7;44;45.000000;0.000000;0.000000;2972.000000;2972.000000;103.302051;0.000000;0.000000;-nan;        16s 383ms 937μs 697ns;                        -553492278383682ns
4fc3d5;83;0;146;111;7;44;45.000000;0.000000;0.000000;2878.000000;2878.000000;100.000000;0.000000;0.000000;-nan;        15s 147ms 369μs   4ns;            499ms 106μs 594ns
4fc3e7;82;3;143;112;7;44;45.000000;0.000000;0.000000;2883.000000;2883.000000;100.000000;0.000000;0.000000;-nan;        14s 430ms 308μs 805ns;            747ms 853μs 179ns
4fc3f9;82;0;142;116;7;44;45.000000;0.000000;0.000000;2882.000000;2882.000000;100.000000;0.000000;0.000000;-nan;        16s 647ms 975μs   7ns;            616ms 689μs 495ns
4fc38c;42;16;113;77;6;44;0.000000;0.000000;-nan;2972.000000;2972.000000;100.000000;0.000000;0.000000;-nan;         4s 555ms 895μs  89ns;                          0ns
4fc391;43;0;123;76;6;43;0.000000;0.000000;-nan;2970.000000;2970.000000;100.000000;0.000000;0.000000;-nan;        11s 104ms 497μs  25ns;                          0ns
4fc39a;103;0;184;137;8;43;45.000000;0.000000;0.000000;2970.000000;2970.000000;103.376262;0.000000;0.000000;-nan;        17s 210ms 999μs 169ns;                        -1106989092218045ns
4f8cd1;79;0;151;110;7;44;45.000000;0.000000;0.000000;2972.000000;2972.000000;102.944233;0.000000;0.000000;-nan;        18s 256ms 544μs 795ns;                        -553313466288522ns
4f8c83;82;0;148;110;7;44;45.000000;0.000000;0.000000;2972.000000;2972.000000;103.266157;0.000000;0.000000;-nan;        17s 962ms 971μs 860ns;                        -553312469548015ns
4f8c93;75;19;141;105;7;44;45.000000;0.000000;0.000000;2972.000000;2972.000000;103.122831;0.000000;0.000000;-nan;        10s 910ms 762μs 198ns;                        -553305243076917ns
4f8ca2;201;0;241;172;15;52;163.000000;0.000000;0.000000;2999.000000;2999.000000;100.000000;0.000000;0.000000;-nan;        25s  40ms 713μs 444ns;                        -9959764243388423ns
4f8c45;98;0;154;128;8;43;46.000000;0.000000;0.000000;2970.000000;2970.000000;103.017690;0.000000;0.000000;-nan;        18s 378ms  89μs 294ns;                        -1106621539065003ns
4f8c53;82;0;144;114;7;44;45.000000;0.000000;0.000000;2972.000000;2972.000000;103.481894;0.000000;0.000000;-nan;        17s  87ms 166μs 123ns;                        -553311155117363ns
4f8c63;83;0;147;110;7;44;45.000000;0.000000;0.000000;2868.000000;2868.000000;100.000000;0.000000;0.000000;-nan;        15s 753ms  14μs 914ns;            768ms 404μs 997ns
4f8c71;79;0;147;114;7;44;45.000000;0.000000;0.000000;2972.000000;2972.000000;103.302051;0.000000;0.000000;-nan;        17s 745ms 807μs 144ns;                        -553312176786200ns
4f8c2c;43;0;126;79;6;44;0.000000;0.000000;-nan;2970.000000;2970.000000;100.000000;0.000000;0.000000;-nan;        11s 223ms 856μs 637ns;                          0ns
4f8c31;100;0;186;138;8;43;45.000000;0.000000;0.000000;2970.000000;2970.000000;103.376262;0.000000;0.000000;-nan;        18s 497ms 845μs 599ns;                        -2213247757909707ns
4f5cc0;79;0;153;108;7;44;45.000000;0.000000;0.000000;2887.000000;2887.000000;100.000000;0.000000;0.000000;-nan;        16s 947ms 520μs 510ns;            262ms 600μs 441ns
4f5cd4;80;0;149;111;7;44;45.000000;0.000000;0.000000;2878.000000;2878.000000;100.000000;0.000000;0.000000;-nan;        17s 175ms 911μs 890ns;            385ms 422μs 872ns
4f5ce5;81;0;146;113;7;44;45.000000;0.000000;0.000000;2882.000000;2882.000000;100.000000;0.000000;0.000000;-nan;        17s 380ms 731μs 537ns;            261ms 944μs 103ns
4f5cec;133;0;189;132;12;49;152.000000;0.000000;0.000000;2999.000000;2999.000000;100.000000;0.000000;0.000000;-nan;        21s 492ms 863μs 624ns;                        -3319136183028687ns
4f5c94;81;0;149;110;7;44;45.000000;0.000000;0.000000;2970.000000;2970.000000;103.017690;0.000000;0.000000;-nan;        16s 183ms 849μs 416ns;                        -553185638816744ns
4f5ca2;107;0;171;156;8;44;46.000000;0.000000;0.000000;2877.000000;2877.000000;100.000000;0.000000;0.000000;-nan;        17s 863ms 789μs 742ns;            828ms 205μs  32ns
4f5cb1;58;0;111;85;6;45;45.000000;45.000000;100.000000;2872.000000;2872.000000;100.000000;0.000000;0.000000;-nan;        12s 921ms 244μs 202ns;                          0ns
4f5c71;75;0;151;106;7;43;0.000000;0.000000;-nan;2970.000000;2970.000000;100.000000;0.000000;0.000000;-nan;        15s 963ms  76μs 867ns;                        -553185377738050ns
4f5c74;47;0;118;77;6;43;0.000000;0.000000;-nan;2972.000000;2972.000000;100.000000;0.000000;0.000000;-nan;        12s 724ms 228μs 216ns;                          0ns
4f5c7f;101;0;186;137;8;43;45.000000;0.000000;0.000000;2970.000000;2970.000000;103.376262;0.000000;0.000000;-nan;        18s  35ms 372μs 665ns;                        -1659567067789697ns
1f42c4;115;0;116;115;8;39;42.000000;0.000000;0.000000;2855.000000;2855.000000;100.457424;0.000000;0.000000;-nan;        19s 414ms 753μs 440ns;         1s 194ms 451μs 340ns
1f42ce;132;0;137;135;8;41;43.000000;0.000000;0.000000;2883.000000;2883.000000;100.104167;0.000000;0.000000;-nan;        19s 662ms 615μs 711ns;            461ms 744μs 963ns
1f42d7;109;0;129;108;8;39;42.000000;0.000000;0.000000;2855.000000;2855.000000;99.964986;0.000000;0.000000;-nan;        19s 922ms 153μs 189ns;         1s 593ms 596μs 733ns
1f42e0;99;0;121;98;7;41;42.000000;0.000000;0.000000;2883.000000;2883.000000;100.000000;0.000000;0.000000;-nan;        18s 156ms 784μs  32ns;            698ms 678μs 496ns
1f42e9;88;0;95;79;7;39;41.000000;0.000000;0.000000;2855.000000;2855.000000;100.528169;0.000000;0.000000;-nan;        17s  27ms 489μs 953ns;            329ms 155μs 791ns
1f42f0;78;0;114;92;7;36;37.000000;0.000000;0.000000;2744.000000;2744.000000;100.000000;0.000000;0.000000;-nan;        15s  75ms 285μs 719ns;                        -539622904982840ns
1f42f9;90;0;95;85;7;40;42.000000;0.000000;0.000000;2855.000000;2855.000000;100.000000;0.000000;0.000000;-nan;        16s 682ms   7μs 461ns;         1s   4ms 709μs  55ns
1f42ac;92;0;112;100;7;39;40.000000;0.000000;0.000000;2843.000000;2843.000000;100.000000;0.000000;0.000000;-nan;        16s 343ms 476μs 855ns;            236ms 591μs 534ns
1f42b3;97;0;107;100;7;39;40.000000;0.000000;0.000000;2881.000000;2881.000000;100.000000;0.000000;0.000000;-nan;        17s 888ms 451μs 619ns;            645ms  75μs 887ns
1f42bd;132;0;130;142;8;41;43.000000;0.000000;0.000000;2883.000000;2883.000000;100.208551;0.000000;0.000000;-nan;        18s 984ms 185μs 170ns;            863ms 840μs 435ns
7f3a10;83;0;143;114;7;44;45.000000;0.000000;0.000000;2877.000000;2877.000000;100.000000;0.000000;0.000000;-nan;        18s 364ms  51μs 992ns;            249ms 790μs 906ns
7f3a1c;98;0;180;146;8;43;45.000000;0.000000;0.000000;2972.000000;2972.000000;103.122831;0.000000;0.000000;-nan;        20s 273ms 549μs 511ns;                        -585969389945762ns
7f39d8;83;0;144;113;7;44;45.000000;0.000000;0.000000;2972.000000;2972.000000;102.944233;0.000000;0.000000;-nan;        18s  62ms 861μs 781ns;                        -1171921060857999ns
7f39ec;81;0;147;112;7;44;45.000000;0.000000;0.000000;2970.000000;2970.000000;103.017690;0.000000;0.000000;-nan;        18s 279ms 520μs 846ns;                        -585960910219105ns
7f3a00;243;0;312;273;12;52;0.000000;0.000000;-nan;2999.000000;2999.000000;100.000000;0.000000;0.000000;-nan;        25s 642ms 492μs 653ns;                        -18165116736388821ns
7f3997;47;0;118;77;6;43;0.000000;0.000000;-nan;2972.000000;2972.000000;100.000000;0.000000;0.000000;-nan;        12s 208ms  46μs 661ns;                          0ns
7f399b;81;0;146;113;7;44;45.000000;0.000000;0.000000;2878.000000;2878.000000;100.000000;0.000000;0.000000;-nan;        17s 292ms 773μs  68ns;            569ms 732μs 358ns
7f39a7;79;0;150;111;7;44;45.000000;0.000000;0.000000;2970.000000;2970.000000;103.556485;0.000000;0.000000;-nan;        17s 620ms 777μs 619ns;                        -585959171542029ns
7f39b8;83;1;144;112;7;44;45.000000;0.000000;0.000000;2972.000000;2972.000000;103.481894;0.000000;0.000000;-nan;        14s 698ms 809μs 286ns;                        -1171914323327312ns
7f39c7;75;0;126;95;7;44;46.000000;0.000000;0.000000;2970.000000;2970.000000;103.376262;0.000000;0.000000;-nan;        17s 719ms 601μs  96ns;                        -1171912005999971ns
4f2c48;82;0;150;108;7;44;45.000000;0.000000;0.000000;2887.000000;2887.000000;100.000000;0.000000;0.000000;-nan;        18s 320ms  97μs 398ns;            287ms 306μs 324ns
4f2c12;81;0;143;116;7;44;45.000000;0.000000;0.000000;2882.000000;2882.000000;100.000000;0.000000;0.000000;-nan;        18s  99ms 831μs  19ns;            254ms 702μs 203ns
4f2c21;153;0;193;152;12;51;157.000000;0.000000;0.000000;2999.000000;2999.000000;100.000000;0.000000;0.000000;-nan;        23s 635ms 662μs 753ns;                        -4977618735111787ns
4f2c34;80;0;149;111;7;44;45.000000;0.000000;0.000000;2970.000000;2970.000000;103.376262;0.000000;0.000000;-nan;        17s 790ms  12μs 162ns;                        -553063008555777ns
4f2bcb;106;0;176;142;8;43;45.000000;0.000000;0.000000;2972.000000;2972.000000;103.302051;0.000000;0.000000;-nan;        18s 714ms 821μs 834ns;                        -2212253252078615ns
4f2bd7;81;0;141;118;7;44;45.000000;0.000000;0.000000;2872.000000;2872.000000;100.000000;0.000000;0.000000;-nan;        17s 591ms 453μs 490ns;            676ms 269μs 274ns
4f2bea;101;0;184;139;8;43;45.000000;0.000000;0.000000;2970.000000;2970.000000;103.017690;0.000000;0.000000;-nan;        18s 455ms 990μs 204ns;                        -1106127568750343ns
4f2bff;80;0;146;114;7;44;45.000000;0.000000;0.000000;2878.000000;2878.000000;100.000000;0.000000;0.000000;-nan;        16s 249ms 661μs 179ns;            665ms 168μs 380ns
4f2bb2;47;0;121;80;6;44;0.000000;0.000000;-nan;2972.000000;2972.000000;100.000000;0.000000;0.000000;-nan;         5s 646ms 160μs 952ns;                          0ns
4f2bb7;82;0;148;110;7;44;45.000000;0.000000;0.000000;2970.000000;2970.000000;103.556485;0.000000;0.000000;-nan;        16s  69ms 315μs 721ns;                        -1106119657318754ns
7f0ace;80;0;147;113;7;44;45.000000;0.000000;0.000000;2873.000000;2873.000000;100.000000;0.000000;0.000000;-nan;        18s 119ms 849μs  10ns;            377ms 665μs 591ns
7f0adc;78;0;154;108;7;44;45.000000;0.000000;0.000000;2883.000000;2883.000000;100.000000;0.000000;0.000000;-nan;        18s 155ms 693μs   6ns;            298ms 699μs 305ns
7f0af4;81;0;145;114;7;44;45.000000;0.000000;0.000000;2972.000000;2972.000000;103.302051;0.000000;0.000000;-nan;        18s 731ms  58μs 512ns;                        -1171659692004326ns
7f0b08;110;0;176;98;10;51;0.000000;0.000000;-nan;2999.000000;2999.000000;100.000000;0.000000;0.000000;-nan;        21s 320ms 303μs 159ns;                        -5272485535320151ns
7f0aa7;80;0;147;113;7;44;45.000000;0.000000;0.000000;2972.000000;2972.000000;103.626220;0.000000;0.000000;-nan;        17s 744ms  92μs 905ns;                        -1171652327136839ns
7f0abe;83;0;141;116;7;44;45.000000;0.000000;0.000000;2972.000000;2972.000000;103.481894;0.000000;0.000000;-nan;        18s 496ms 740μs 354ns;                        -585828375271911ns
7f0a56;81;0;144;115;7;44;45.000000;0.000000;0.000000;2882.000000;2882.000000;100.000000;0.000000;0.000000;-nan;        17s 424ms 746μs 114ns;            268ms  11μs 241ns
7f0a87;82;0;145;113;7;44;45.000000;0.000000;0.000000;2970.000000;2970.000000;103.196664;0.000000;0.000000;-nan;        17s 806ms  77μs  87ns;                        -585826589822203ns
7f0a3f;74;0;146;112;7;43;0.000000;0.000000;-nan;2972.000000;2972.000000;100.000000;0.000000;0.000000;-nan;        16s 885ms 644μs 676ns;                        -585824880790584ns
7f0a44;75;18;136;111;7;44;45.000000;0.000000;0.000000;2972.000000;2972.000000;102.944233;0.000000;0.000000;-nan;        11s 115ms 508μs 500ns;                        -1171640532564787ns
4efb09;59;0;114;81;6;45;45.000000;45.000000;100.000000;2883.000000;2883.000000;100.000000;0.000000;0.000000;-nan;        13s 222ms 505μs 234ns;                          0ns
4efb20;178;0;235;175;13;52;0.000000;0.000000;-nan;2999.000000;2999.000000;100.000000;0.000000;0.000000;-nan;        21s 332ms 636μs 410ns;                        -6635339272185415ns
4efb31;81;0;145;114;7;44;45.000000;0.000000;0.000000;2887.000000;2887.000000;100.000000;0.000000;0.000000;-nan;        15s 341ms 882μs 332ns;            307ms 741μs 324ns
4efb3c;59;0;114;81;6;45;45.000000;45.000000;100.000000;2878.000000;2878.000000;100.000000;0.000000;0.000000;-nan;        13s 944ms 730μs 186ns;                          0ns
4efad3;79;0;147;114;7;44;45.000000;0.000000;0.000000;2972.000000;2972.000000;103.302051;0.000000;0.000000;-nan;        14s 835ms  27μs 332ns;                        -552937765861441ns
4efaf2;82;0;141;117;7;44;45.000000;0.000000;0.000000;2972.000000;2972.000000;103.481894;0.000000;0.000000;-nan;        15s  59ms 792μs 519ns;                        -552938001643135ns
4efa97;43;0;123;76;6;43;0.000000;0.000000;-nan;2970.000000;2970.000000;100.000000;0.000000;0.000000;-nan;        11s 853ms 183μs 800ns;                          0ns
4efa9c;47;0;120;81;6;44;0.000000;0.000000;-nan;2972.000000;2972.000000;100.000000;0.000000;0.000000;-nan;        10s 940ms 582μs 576ns;                          0ns
4efaa5;82;0;146;112;7;44;45.000000;0.000000;0.000000;2873.000000;2873.000000;100.000000;0.000000;0.000000;-nan;        14s 595ms 722μs 800ns;            688ms 702μs 332ns
4efabb;82;2;141;115;7;44;45.000000;0.000000;0.000000;2882.000000;2882.000000;100.000000;0.000000;0.000000;-nan;        14s 274ms 185μs 834ns;            287ms 806μs 779ns
7edad1;78;0;158;104;7;44;45.000000;0.000000;0.000000;2970.000000;2970.000000;103.017690;0.000000;0.000000;-nan;        17s 638ms 512μs 491ns;                        -585672654403897ns
7edadb;84;0;142;114;7;44;45.000000;0.000000;0.000000;2972.000000;2972.000000;103.302051;0.000000;0.000000;-nan;        18s 151ms 260μs 130ns;                        -1171348062884780ns
7eda94;178;0;215;127;15;51;166.000000;0.000000;0.000000;2999.000000;2999.000000;100.000000;0.000000;0.000000;-nan;        24s 576ms 229μs 546ns;                        -11127953611173797ns
7edaa3;82;0;144;114;7;44;45.000000;0.000000;0.000000;2972.000000;2972.000000;103.662365;0.000000;0.000000;-nan;        17s  21ms 628μs  77ns;                        -1171340068124023ns
7edaaa;83;2;145;110;7;44;45.000000;0.000000;0.000000;2972.000000;2972.000000;103.481894;0.000000;0.000000;-nan;        16s 516ms 914μs 757ns;                        -1171337950303054ns
7edab7;80;0;152;108;7;44;45.000000;0.000000;0.000000;2970.000000;2970.000000;103.556485;0.000000;0.000000;-nan;        17s 981ms 483μs 366ns;                        -585672972311356ns
7eda58;55;0;115;78;6;44;0.000000;0.000000;-nan;2972.000000;2972.000000;100.000000;0.000000;0.000000;-nan;        13s 773ms 299μs 156ns;                          0ns
7eda5d;84;0;140;116;7;44;45.000000;0.000000;0.000000;2972.000000;2972.000000;102.944233;0.000000;0.000000;-nan;        17s 306ms 400μs 305ns;                        -1171341345183444ns
7eda6c;76;0;121;99;7;44;46.000000;0.000000;0.000000;2970.000000;2970.000000;103.196664;0.000000;0.000000;-nan;        16s 827ms 683μs  74ns;                        -585665976515176ns
7eda7e;81;0;151;108;7;44;45.000000;0.000000;0.000000;2873.000000;2873.000000;100.000000;0.000000;0.000000;-nan;        17s 563ms 594μs 512ns;            656ms  48μs 549ns
4ec9d3;79;0;146;115;7;44;45.000000;0.000000;0.000000;2972.000000;2972.000000;103.122831;0.000000;0.000000;-nan;        18s  45ms 713μs 394ns;                        -552813838323266ns
4ec9e5;215;0;248;195;15;50;165.000000;0.000000;0.000000;2999.000000;2999.000000;100.000000;0.000000;0.000000;-nan;        25s 749ms  33μs 309ns;                        -9950778312773416ns
4ec98e;82;0;147;111;7;44;45.000000;0.000000;0.000000;2970.000000;2970.000000;103.556485;0.000000;0.000000;-nan;        16s 583ms 350μs 611ns;                        -1105620925221502ns
4ec99f;80;0;149;111;7;44;45.000000;0.000000;0.000000;2887.000000;2887.000000;100.000000;0.000000;0.000000;-nan;        17s 644ms 214μs  47ns;            265ms 714μs 557ns
4ec9ac;80;3;145;112;7;44;45.000000;0.000000;0.000000;2878.000000;2878.000000;100.000000;0.000000;0.000000;-nan;        16s 161ms 304μs 984ns;            434ms  29μs 546ns
4ec9bd;79;0;147;114;7;44;45.000000;0.000000;0.000000;2883.000000;2883.000000;100.000000;0.000000;0.000000;-nan;        17s 739ms 830μs 989ns;            272ms   7μs 119ns
4ec952;55;0;113;80;6;44;0.000000;0.000000;-nan;2970.000000;2970.000000;100.000000;0.000000;0.000000;-nan;        11s 843ms 408μs 272ns;                          0ns
4ec957;82;0;140;118;7;44;45.000000;0.000000;0.000000;2872.000000;2872.000000;100.000000;0.000000;0.000000;-nan;        16s 461ms 794μs 866ns;            500ms 493μs 845ns
4ec96c;102;0;176;146;8;43;45.000000;0.000000;0.000000;2972.000000;2972.000000;103.302051;0.000000;0.000000;-nan;        18s 684ms 899μs 766ns;                        -1658438751452424ns
4ec97d;79;0;148;113;7;44;45.000000;0.000000;0.000000;2873.000000;2873.000000;100.000000;0.000000;0.000000;-nan;        17s 285ms 636μs 571ns;            830ms 360μs 701ns
1eb540;96;0;94;94;7;36;37.000000;0.000000;0.000000;2651.000000;2651.000000;100.000000;0.000000;0.000000;-nan;        15s 925ms 609μs 289ns;            229ms 204μs 496ns
1eb54b;99;0;88;97;7;36;37.000000;0.000000;0.000000;2648.000000;2648.000000;100.000000;0.000000;0.000000;-nan;        16s 183ms  39μs 729ns;            454ms 625μs 474ns
1eb554;111;0;90;115;8;35;38.000000;0.000000;0.000000;2656.000000;2656.000000;100.000000;0.000000;0.000000;-nan;        18s 572ms 144μs 503ns;            638ms 978μs 192ns
1eb55d;106;0;94;106;8;34;37.000000;0.000000;0.000000;2652.000000;2652.000000;99.962307;0.000000;0.000000;-nan;        17s 955ms 807μs 197ns;            691ms 296μs 296ns
1eb566;118;0;119;115;8;35;37.000000;0.000000;0.000000;2744.000000;2744.000000;100.000000;0.000000;0.000000;-nan;        18s 432ms  33μs 659ns;                        -539559382107510ns
1eb570;115;0;86;123;7;42;43.000000;0.000000;0.000000;2855.000000;2855.000000;100.000000;0.000000;0.000000;-nan;        16s 870ms  87μs 562ns;            412ms  80μs 714ns
1eb577;98;0;82;94;8;34;38.000000;0.000000;0.000000;2656.000000;2656.000000;100.226415;0.000000;0.000000;-nan;        18s 802ms 678μs 714ns;            927ms 213μs 176ns
1eb525;112;0;83;103;7;38;39.000000;0.000000;0.000000;2652.000000;2652.000000;100.000000;0.000000;0.000000;-nan;        15s 873ms 328μs 581ns;            969ms 459μs 677ns
1eb52b;112;0;98;112;8;36;39.000000;0.000000;0.000000;2655.000000;2655.000000;100.226501;0.000000;0.000000;-nan;        18s 249ms 891μs 630ns;            869ms 362μs 989ns
1eb536;116;0;100;120;8;38;41.000000;0.000000;0.000000;2650.000000;2650.000000;99.849284;0.000000;0.000000;-nan;        18s 813ms 982μs 133ns;            725ms   5μs 740ns
7eaad0;79;8;141;112;7;44;45.000000;0.000000;0.000000;2970.000000;2970.000000;103.556485;0.000000;0.000000;-nan;        16s 108ms 604μs 405ns;                        -585533320950024ns
7eaa8e;81;0;139;120;7;44;45.000000;0.000000;0.000000;2877.000000;2877.000000;100.000000;0.000000;0.000000;-nan;        17s 734ms 314μs  97ns;            422ms 395μs 135ns
7eaa9f;82;0;145;113;7;44;45.000000;0.000000;0.000000;2970.000000;2970.000000;103.196664;0.000000;0.000000;-nan;        17s 517ms 333μs 392ns;                        -585537551608170ns
7eaaae;176;0;193;155;13;52;167.000000;0.000000;0.000000;2999.000000;2999.000000;100.000000;0.000000;0.000000;-nan;        23s 792ms 451μs 462ns;                        -5855442620733879ns
7eaac4;79;0;156;105;7;44;45.000000;0.000000;0.000000;2883.000000;2883.000000;100.000000;0.000000;0.000000;-nan;        18s  15ms 288μs  47ns;            408ms 357μs 787ns
7eaa4d;54;0;116;78;6;44;0.000000;0.000000;-nan;2972.000000;2972.000000;100.000000;0.000000;0.000000;-nan;        12s 789ms 237μs 289ns;                          0ns
7eaa51;83;0;141;116;7;44;45.000000;0.000000;0.000000;2972.000000;2972.000000;103.481894;0.000000;0.000000;-nan;        17s  19ms 404μs 634ns;                        -1756608390317350ns
7eaa5f;81;0;146;113;7;44;45.000000;0.000000;0.000000;2970.000000;2970.000000;103.376262;0.000000;0.000000;-nan;        16s 548ms 933μs 766ns;                        -585534782326169ns
7eaa70;87;0;141;120;7;45;46.000000;0.000000;0.000000;2882.000000;2882.000000;100.000000;0.000000;0.000000;-nan;        17s 265ms  39μs 967ns;            531ms 462μs 817ns
7eaa7f;80;0;152;108;7;44;45.000000;0.000000;0.000000;2972.000000;2972.000000;102.944233;0.000000;0.000000;-nan;        16s 406ms 686μs 522ns;                        -1171068685224339ns
4e9ac2;80;0;148;112;7;44;45.000000;0.000000;0.000000;2878.000000;2878.000000;100.000000;0.000000;0.000000;-nan;        15s 890ms 786μs 479ns;            263ms 267μs  20ns
4e9ad9;143;0;159;120;12;53;164.000000;0.000000;0.000000;2999.000000;2999.000000;100.000000;0.000000;0.000000;-nan;        21s 487ms  40μs 713ns;                        -3868853197584843ns
4e9a90;81;0;145;114;7;44;45.000000;0.000000;0.000000;2882.000000;2882.000000;100.000000;0.000000;0.000000;-nan;        15s 711ms  71μs 858ns;            414ms 830μs 529ns
4e9a9c;82;0;150;108;7;44;45.000000;0.000000;0.000000;2970.000000;2970.000000;103.556485;0.000000;0.000000;-nan;        16s  15ms  23μs 229ns;                        -1105377561526794ns
4e9aaf;82;0;150;108;7;44;45.000000;0.000000;0.000000;2887.000000;2887.000000;100.000000;0.000000;0.000000;-nan;        16s 303ms 492μs 104ns;            689ms 647μs 718ns
4e9a41;47;0;120;75;6;43;0.000000;0.000000;-nan;2972.000000;2972.000000;100.000000;0.000000;0.000000;-nan;        10s 654ms 504μs 486ns;                          0ns
4e9a4b;82;0;144;114;7;44;45.000000;0.000000;0.000000;2872.000000;2872.000000;100.000000;0.000000;0.000000;-nan;        15s 166ms 108μs 185ns;            686ms 994μs   6ns
4e9a67;82;0;147;111;7;44;45.000000;0.000000;0.000000;2883.000000;2883.000000;100.000000;0.000000;0.000000;-nan;        15s 413ms 849μs 783ns;            669ms 917μs 775ns
4e9a7a;102;0;184;138;8;43;45.000000;0.000000;0.000000;2970.000000;2970.000000;103.376262;0.000000;0.000000;-nan;        17s  71ms 845μs 603ns;                        -1658075370636267ns
4e9a3d;43;1;125;73;6;43;0.000000;0.000000;-nan;2970.000000;2970.000000;100.000000;0.000000;0.000000;-nan;         5s 593ms 472μs  32ns;                          0ns
7e7a8f;82;0;145;113;7;44;45.000000;0.000000;0.000000;2972.000000;2972.000000;102.944233;0.000000;0.000000;-nan;        16s 963ms 330μs  66ns;                        -1756199099333571ns
7e7a9d;82;0;149;109;7;44;45.000000;0.000000;0.000000;2970.000000;2970.000000;103.556485;0.000000;0.000000;-nan;        17s 530ms 651μs 399ns;                        -585401435857438ns
7e7aad;163;0;167;134;13;51;159.000000;0.000000;0.000000;2999.000000;2999.000000;100.000000;0.000000;0.000000;-nan;        23s  74ms 704μs  13ns;                        -5854087705225306ns
7e7abc;81;0;147;112;7;44;45.000000;0.000000;0.000000;2970.000000;2970.000000;103.017690;0.000000;0.000000;-nan;        17s 908ms 779μs 882ns;                        -585401801347331ns
7e7ac7;80;0;148;112;7;44;45.000000;0.000000;0.000000;2878.000000;2878.000000;100.000000;0.000000;0.000000;-nan;        18s 136ms 315μs 588ns;            247ms 271μs 795ns
7e7a4f;101;0;179;144;8;43;45.000000;0.000000;0.000000;2972.000000;2972.000000;103.122831;0.000000;0.000000;-nan;        18s 350ms 574μs 971ns;                        -1756203043688485ns
7e7a60;81;0;144;115;7;44;45.000000;0.000000;0.000000;2972.000000;2972.000000;103.481894;0.000000;0.000000;-nan;        16s 439ms  99μs 289ns;                        -1756195306675458ns
7e7a6d;81;0;139;120;7;44;45.000000;0.000000;0.000000;2877.000000;2877.000000;100.000000;0.000000;0.000000;-nan;        17s 232ms 335μs 196ns;            423ms 446μs 234ns
7e7a7d;80;0;149;111;7;44;45.000000;0.000000;0.000000;2873.000000;2873.000000;100.000000;0.000000;0.000000;-nan;        17s 423ms 874μs 710ns;            650ms 867μs 114ns
7e7a4a;47;0;120;81;6;44;0.000000;0.000000;-nan;2972.000000;2972.000000;100.000000;0.000000;0.000000;-nan;        11s 268ms  48μs 802ns;                          0ns
4e69d6;81;0;145;114;7;44;45.000000;0.000000;0.000000;2887.000000;2887.000000;100.000000;0.000000;0.000000;-nan;        17s 482ms 266μs 171ns;            279ms 236μs 201ns
4e69e0;165;0;231;164;12;52;157.000000;0.000000;0.000000;2999.000000;2999.000000;100.000000;0.000000;0.000000;-nan;        23s 646ms 972μs 806ns;                        -6630190953829513ns
4e6990;101;0;185;138;8;43;45.000000;0.000000;0.000000;2970.000000;2970.000000;103.017690;0.000000;0.000000;-nan;        18s 434ms 915μs  85ns;                        -552512228650895ns
4e69aa;107;3;172;142;8;43;45.000000;0.000000;0.000000;2972.000000;2972.000000;103.122831;0.000000;0.000000;-nan;        17s 762ms 331μs 456ns;                        -2210022739728349ns
4e69bf;81;0;146;113;7;44;45.000000;0.000000;0.000000;2878.000000;2878.000000;100.000000;0.000000;0.000000;-nan;        15s 621ms 713μs 715ns;            286ms 558μs 516ns
4e6958;47;0;121;80;6;44;0.000000;0.000000;-nan;2972.000000;2972.000000;100.000000;0.000000;0.000000;-nan;        12s 313ms 515μs 285ns;                          0ns
4e695c;43;0;125;80;6;44;0.000000;0.000000;-nan;2970.000000;2970.000000;100.000000;0.000000;0.000000;-nan;        11s 659ms 648μs 747ns;                          0ns
4e6965;59;0;111;84;6;45;0.000000;0.000000;-nan;2967.000000;2967.000000;100.000000;0.000000;0.000000;-nan;        12s   5ms 124μs 648ns;                          0ns
4e696d;102;0;187;135;8;43;45.000000;0.000000;0.000000;2970.000000;2970.000000;103.376262;0.000000;0.000000;-nan;        18s  22ms 793μs 295ns;                        -1105017904429513ns
4e697e;106;0;178;140;8;43;45.000000;0.000000;0.000000;2972.000000;2972.000000;103.481894;0.000000;0.000000;-nan;        18s 276ms 383μs 818ns;                        -2210034564329833ns
7e4ade;79;0;149;112;7;44;45.000000;0.000000;0.000000;2873.000000;2873.000000;100.000000;0.000000;0.000000;-nan;        18s 376ms 529μs 748ns;            260ms 912μs 318ns
7e4a99;76;8;143;113;7;44;45.000000;0.000000;0.000000;2970.000000;2970.000000;103.556485;0.000000;0.000000;-nan;        14s 928ms 950μs 536ns;                        -585260613388160ns
7e4aa4;82;8;137;113;7;44;45.000000;0.000000;0.000000;2972.000000;2972.000000;103.481894;0.000000;0.000000;-nan;        17s  32ms 315μs 685ns;                        -1170524804450588ns
7e4ab4;159;0;180;125;13;53;160.000000;0.000000;0.000000;2999.000000;2999.000000;100.000000;0.000000;0.000000;-nan;        23s 403ms 490μs 555ns;                        -7608534012667441ns
7e4ac1;80;0;152;108;7;44;45.000000;0.000000;0.000000;2878.000000;2878.000000;100.000000;0.000000;0.000000;-nan;        18s 144ms  77μs 981ns;            314ms 651μs 242ns
7e4a4d;47;0;118;83;6;44;0.000000;0.000000;-nan;2972.000000;2972.000000;100.000000;0.000000;0.000000;-nan;        13s 906ms 517μs 970ns;                          0ns
7e4a50;80;0;143;117;7;44;45.000000;0.000000;0.000000;2972.000000;2972.000000;103.302051;0.000000;0.000000;-nan;        17s  34ms 383μs 755ns;                        -585262776680151ns
7e4a5e;102;0;178;144;8;43;45.000000;0.000000;0.000000;2972.000000;2972.000000;103.122831;0.000000;0.000000;-nan;        18s 676ms  22μs 636ns;                        -1170532507285181ns
7e4a71;84;0;142;114;7;44;45.000000;0.000000;0.000000;2972.000000;2972.000000;102.944233;0.000000;0.000000;-nan;        14s 816ms 813μs 608ns;                        -1170520360157610ns
7e4a81;80;0;153;107;7;44;45.000000;0.000000;0.000000;2883.000000;2883.000000;100.000000;0.000000;0.000000;-nan;        17s 631ms 998μs 517ns;            604ms  50μs 953ns
4e3b07;81;0;147;112;7;44;45.000000;0.000000;0.000000;2887.000000;2887.000000;100.000000;0.000000;0.000000;-nan;        18s 301ms 450μs 678ns;            428ms  34μs 479ns
4e3b20;73;0;107;84;7;50;0.000000;0.000000;-nan;2999.000000;2999.000000;100.000000;0.000000;0.000000;-nan;        18s 855ms 744μs 127ns;                        -552359248505371ns
4e3ac0;106;0;174;144;8;43;45.000000;0.000000;0.000000;2972.000000;2972.000000;103.122831;0.000000;0.000000;-nan;        19s 127ms 734μs 723ns;                        -2209467365964376ns
4e3ad4;80;0;149;111;7;44;45.000000;0.000000;0.000000;2970.000000;2970.000000;103.017690;0.000000;0.000000;-nan;        17s 257ms 799μs 684ns;                        -552367045762870ns
4e3aee;79;0;149;112;7;44;45.000000;0.000000;0.000000;2878.000000;2878.000000;100.000000;0.000000;0.000000;-nan;        17s 964ms 950μs 728ns;            349ms 923μs  60ns
4e3a90;104;0;179;141;8;43;45.000000;0.000000;0.000000;2972.000000;2972.000000;103.302051;0.000000;0.000000;-nan;        19s 458ms 417μs  56ns;                        -1104739005828991ns
4e3a5a;55;0;112;81;6;44;0.000000;0.000000;-nan;2972.000000;2972.000000;100.000000;0.000000;0.000000;-nan;        11s 175ms 610μs 189ns;                          0ns
4e3a5e;43;0;123;82;6;44;0.000000;0.000000;-nan;2970.000000;2970.000000;100.000000;0.000000;0.000000;-nan;        11s 746ms  12μs 625ns;                          0ns
4e3a68;103;0;185;136;8;43;45.000000;0.000000;0.000000;2970.000000;2970.000000;103.376262;0.000000;0.000000;-nan;        19s 306ms 198μs 107ns;                        -552370517103429ns
4e3a7f;76;19;134;111;7;44;45.000000;0.000000;0.000000;2972.000000;2972.000000;103.481894;0.000000;0.000000;-nan;        10s 329ms 626μs 690ns;                        -552360193271990ns
1e2d41;83;0;83;86;7;27;29.000000;0.000000;0.000000;2140.000000;2140.000000;100.046751;0.000000;0.000000;-nan;         8s 953ms 670μs 183ns;            929ms 422μs 153ns
1e2d4e;54;0;61;59;6;24;25.000000;0.000000;0.000000;1890.000000;1890.000000;100.531915;0.000000;0.000000;-nan;         7s 213ms 146μs 922ns;            307ms 107μs  61ns
1e2d63;73;0;74;79;7;24;26.000000;0.000000;0.000000;1890.000000;1890.000000;100.105932;0.000000;0.000000;-nan;         8s 812ms 833μs 842ns;            700ms 308μs 757ns
1e2d75;50;0;65;59;6;24;25.000000;0.000000;0.000000;1890.000000;1890.000000;100.000000;0.000000;0.000000;-nan;         7s 334ms 353μs 132ns;            406ms 863μs 350ns
1e2d03;59;0;66;69;6;27;28.000000;0.000000;0.000000;2047.000000;2047.000000;100.000000;0.000000;0.000000;-nan;         6s 671ms 238μs 199ns;            128ms 313μs 476ns
1e2d10;96;0;85;89;7;40;42.000000;0.000000;0.000000;2495.000000;2495.000000;99.959936;0.000000;0.000000;-nan;         9s  79ms 935μs   4ns;            211ms 844μs 636ns
1e2d1d;52;0;69;53;6;24;25.000000;0.000000;0.000000;1883.000000;1883.000000;100.000000;0.000000;0.000000;-nan;         6s 591ms 989μs 815ns;            169ms 204μs 860ns
1e2d33;72;0;75;79;7;24;26.000000;0.000000;0.000000;1890.000000;1890.000000;107.325383;0.000000;0.000000;-nan;         8s  64ms 142μs 830ns;            723ms 971μs 413ns
1e2cf6;75;0;56;77;6;29;30.000000;0.000000;0.000000;1834.000000;1834.000000;100.000000;0.000000;0.000000;-nan;         8s  10ms 470μs 250ns;            137ms 678μs 893ns
1e2cfa;55;0;74;59;6;26;27.000000;0.000000;0.000000;1910.000000;1910.000000;100.000000;0.000000;0.000000;-nan;         6s 491ms  78μs 588ns;            362ms 580μs 107ns
7e1ae0;83;0;147;110;7;44;45.000000;0.000000;0.000000;2972.000000;2972.000000;102.944233;0.000000;0.000000;-nan;        18s 965ms 757μs   5ns;                        -585130118692521ns
7e1af3;80;0;148;112;7;44;45.000000;0.000000;0.000000;2873.000000;2873.000000;100.000000;0.000000;0.000000;-nan;        19s 129ms 176μs 405ns;            256ms  43μs 729ns
7e1a96;84;0;142;114;7;44;45.000000;0.000000;0.000000;2867.000000;2867.000000;100.000000;0.000000;0.000000;-nan;        18s   5ms 696μs 893ns;            242ms 542μs 257ns
7e1aa7;106;0;149;111;9;55;0.000000;0.000000;-nan;2999.000000;2999.000000;100.000000;0.000000;0.000000;-nan;        21s 931ms 593μs 333ns;                        -4681066680860836ns
7e1ab9;81;5;145;109;7;44;45.000000;0.000000;0.000000;2970.000000;2970.000000;103.556485;0.000000;0.000000;-nan;        16s 889ms 466μs 563ns;                        -585125969786208ns
7e1ac7;81;0;142;117;7;44;45.000000;0.000000;0.000000;2972.000000;2972.000000;103.302051;0.000000;0.000000;-nan;        19s 595ms 408μs 672ns;                        -585131192316298ns
7e1a61;56;0;112;80;6;44;0.000000;0.000000;-nan;2972.000000;2972.000000;100.000000;0.000000;0.000000;-nan;        14s 281ms 676μs 981ns;                          0ns
7e1a65;102;0;182;140;8;43;45.000000;0.000000;0.000000;2972.000000;2972.000000;103.481894;0.000000;0.000000;-nan;        20s 139ms 101μs 471ns;                        -1755391550599788ns
7e1a73;102;0;183;138;8;43;45.000000;0.000000;0.000000;2972.000000;2972.000000;103.122831;0.000000;0.000000;-nan;        19s 842ms 434μs 884ns;                        -1170260324698196ns
7e1a84;83;0;150;107;7;44;45.000000;0.000000;0.000000;2878.000000;2878.000000;100.000000;0.000000;0.000000;-nan;        18s 665ms 918μs 766ns;            510ms 464μs 336ns
4e0a8c;81;0;148;111;7;44;45.000000;0.000000;0.000000;2972.000000;2972.000000;103.302051;0.000000;0.000000;-nan;        17s 263ms 833μs 142ns;                        -1104510875640957ns
4e0aa2;80;0;147;113;7;44;45.000000;0.000000;0.000000;2970.000000;2970.000000;103.017690;0.000000;0.000000;-nan;        17s 476ms 560μs 990ns;                        -552256036405124ns
4e0ab6;81;0;144;115;7;44;45.000000;0.000000;0.000000;2882.000000;2882.000000;100.000000;0.000000;0.000000;-nan;        17s 705ms  23μs 973ns;            281ms 778μs 123ns
4e0a46;179;0;198;135;14;51;156.000000;0.000000;0.000000;2999.000000;2999.000000;100.000000;0.000000;0.000000;-nan;        23s 882ms 468μs 825ns;                        -8283943576615434ns
4e0a5b;103;0;181;140;8;43;45.000000;0.000000;0.000000;2970.000000;2970.000000;103.556485;0.000000;0.000000;-nan;        18s 274ms 303μs 387ns;                        -1656766864374786ns
4e0a64;82;2;147;109;7;44;45.000000;0.000000;0.000000;2887.000000;2887.000000;100.000000;0.000000;0.000000;-nan;        15s 742ms 224μs 563ns;            584ms  91μs 277ns
4e0a71;80;0;145;115;7;44;45.000000;0.000000;0.000000;2882.000000;2882.000000;100.348189;0.000000;0.000000;-nan;        16s 941ms 596μs 980ns;            758ms 213μs 478ns
4e0a1f;43;0;128;77;6;44;0.000000;0.000000;-nan;2970.000000;2970.000000;100.000000;0.000000;0.000000;-nan;        11s 335ms 418μs 684ns;                          0ns
4e0a24;77;0;119;100;7;44;46.000000;0.000000;0.000000;2972.000000;2972.000000;103.590101;0.000000;0.000000;-nan;        16s 149ms  44μs 328ns;                        -552249509774851ns
4e0a35;82;0;148;110;7;44;45.000000;0.000000;0.000000;2970.000000;2970.000000;103.376262;0.000000;0.000000;-nan;        15s 942ms 362μs 650ns;                        -552252222617275ns
7debd3;80;0;149;111;7;44;45.000000;0.000000;0.000000;2887.000000;2887.000000;100.000000;0.000000;0.000000;-nan;        18s  20ms 499μs 809ns;            279ms 478μs 812ns
7deb90;82;0;145;113;7;44;45.000000;0.000000;0.000000;2972.000000;2972.000000;103.122831;0.000000;0.000000;-nan;        17s 858ms 352μs 229ns;                        -1169986729765522ns
7deba1;136;0;175;121;11;50;0.000000;0.000000;-nan;2999.000000;2999.000000;100.000000;0.000000;0.000000;-nan;        21s 783ms 552μs  57ns;                        -7605021658018793ns
7debb2;85;0;144;111;7;44;45.000000;0.000000;0.000000;2867.000000;2867.000000;100.000000;0.000000;0.000000;-nan;        17s 858ms  17μs 859ns;            686ms 405μs 867ns
7debbc;71;8;136;103;7;41;42.000000;0.000000;0.000000;2855.000000;2855.000000;100.000000;0.000000;0.000000;-nan;        16s  33ms 985μs 629ns;            263ms 633μs 906ns
7deb4e;80;0;147;113;7;44;45.000000;0.000000;0.000000;2868.000000;2868.000000;100.000000;0.000000;0.000000;-nan;        17s 859ms 868μs 162ns;            783ms 838μs 220ns
7deb5d;78;0;122;96;7;44;46.000000;0.000000;0.000000;2972.000000;2972.000000;103.481894;0.000000;0.000000;-nan;        17s 859ms 373μs 901ns;                        -584989289535748ns
7deb6d;80;0;150;110;7;44;45.000000;0.000000;0.000000;2873.000000;2873.000000;100.000000;0.000000;0.000000;-nan;        17s 865ms 928μs 864ns;            587ms  26μs 180ns
7deb7f;80;0;141;119;7;44;45.000000;0.000000;0.000000;2877.000000;2877.000000;100.000000;0.000000;0.000000;-nan;        17s 858ms 933μs 781ns;            686ms 546μs 988ns
7deb4a;55;0;112;81;6;44;0.000000;0.000000;-nan;2972.000000;2972.000000;100.000000;0.000000;0.000000;-nan;        12s 940ms 708μs 523ns;                          0ns
4dda02;89;0;143;116;7;45;46.000000;0.000000;0.000000;2884.000000;2884.000000;100.000000;0.000000;0.000000;-nan;        17s 960ms 537μs 378ns;            386ms 360μs 798ns
4dda11;58;3;113;80;6;45;45.000000;45.000000;100.000000;2882.000000;2882.000000;100.000000;0.000000;0.000000;-nan;        14s 171ms 719μs 697ns;                          0ns
4dd9d7;204;0;236;164;15;50;162.000000;0.000000;0.000000;2999.000000;2999.000000;100.000000;0.000000;0.000000;-nan;        25s 348ms 955μs 431ns;                        -9938751352348495ns
4dd9e0;82;0;150;108;7;44;45.000000;0.000000;0.000000;2887.000000;2887.000000;100.000000;0.000000;0.000000;-nan;        16s 403ms 796μs 760ns;            518ms 756μs  21ns
4dd9f7;81;0;149;110;7;44;45.000000;0.000000;0.000000;2883.000000;2883.000000;100.000000;0.000000;0.000000;-nan;        17s 490ms 573μs  52ns;            516ms 785μs 585ns
4dd988;116;0;176;150;8;45;47.000000;0.000000;0.000000;2884.000000;2884.000000;100.313043;0.000000;0.000000;-nan;        18s 777ms  47μs 618ns;         1s 472ms 172μs 357ns
4dd99a;75;19;140;106;7;44;45.000000;0.000000;0.000000;2970.000000;2970.000000;103.196664;0.000000;0.000000;-nan;         9s 866ms 989μs 919ns;                        -552136802248764ns
4dd9ab;89;0;141;118;7;45;46.000000;0.000000;0.000000;2881.000000;2881.000000;100.000000;0.000000;0.000000;-nan;        16s 291ms 184μs 779ns;            272ms 767μs  12ns
4dd973;43;0;128;77;6;44;0.000000;0.000000;-nan;2970.000000;2970.000000;100.000000;0.000000;0.000000;-nan;        14s 313ms 494μs  58ns;                          0ns
4dd977;81;0;142;117;7;44;45.000000;0.000000;0.000000;2877.000000;2877.000000;100.000000;0.000000;0.000000;-nan;        16s 612ms 166μs 280ns;            687ms 558μs 678ns
7dba92;189;0;200;172;14;50;171.000000;0.000000;0.000000;2999.000000;2999.000000;100.000000;0.000000;0.000000;-nan;        25s 320ms 526μs 356ns;                        -8773015550986157ns
7dbaa6;76;0;142;106;7;42;43.000000;0.000000;0.000000;2855.000000;2855.000000;100.000000;0.000000;0.000000;-nan;        18s 747ms  52μs  50ns;            612ms  97μs 954ns
7dba66;83;0;143;114;7;44;45.000000;0.000000;0.000000;2972.000000;2972.000000;103.481894;0.000000;0.000000;-nan;        18s 542ms 952μs 105ns;                        -1169719349611406ns
7dba75;105;0;175;144;8;43;45.000000;0.000000;0.000000;2972.000000;2972.000000;103.662365;0.000000;0.000000;-nan;        19s 381ms 580μs 634ns;                        -1169717800440054ns
7dba81;79;0;149;112;7;44;45.000000;0.000000;0.000000;2970.000000;2970.000000;103.556485;0.000000;0.000000;-nan;        18s 964ms 489μs 861ns;                        -584860683821284ns
7dba15;77;0;148;107;7;43;0.000000;0.000000;-nan;2972.000000;2972.000000;100.000000;0.000000;0.000000;-nan;        13s 673ms 651μs 952ns;                        -584852851207916ns
7dba1a;80;0;150;110;7;44;45.000000;0.000000;0.000000;2972.000000;2972.000000;103.302051;0.000000;0.000000;-nan;        15s 125ms 944μs 594ns;                        -584853940892789ns
7dba2e;82;0;147;111;7;44;45.000000;0.000000;0.000000;2887.000000;2887.000000;100.000000;0.000000;0.000000;-nan;        18s 254ms  68μs 521ns;            765ms 645μs 322ns
7dba36;81;0;149;110;7;44;45.000000;0.000000;0.000000;2970.000000;2970.000000;103.196664;0.000000;0.000000;-nan;        18s 407ms 180μs 769ns;                        -1169716335048654ns
7dba48;84;0;143;113;7;44;45.000000;0.000000;0.000000;2972.000000;2972.000000;103.122831;0.000000;0.000000;-nan;        18s 253ms 437μs 759ns;                        -584857612123166ns
4daa0f;66;0;107;87;6;46;46.000000;46.000000;100.000000;2881.000000;2881.000000;100.000000;0.000000;0.000000;-nan;        15s 395ms 466μs 883ns;                          0ns
4daa1a;80;0;147;113;7;44;45.000000;0.000000;0.000000;2882.000000;2882.000000;100.000000;0.000000;0.000000;-nan;        18s 740ms 341μs 274ns;            256ms 148μs 503ns
4da9c6;80;0;148;112;7;44;45.000000;0.000000;0.000000;2878.000000;2878.000000;100.000000;0.000000;0.000000;-nan;        17s 615ms 326μs 355ns;            256ms 393μs 678ns
4da9d3;82;6;142;110;7;44;45.000000;0.000000;0.000000;2887.000000;2887.000000;100.000000;0.000000;0.000000;-nan;        16s 569ms 383μs 786ns;            702ms 764μs 436ns
4da9e3;136;0;193;157;10;50;0.000000;0.000000;-nan;2999.000000;2999.000000;100.000000;0.000000;0.000000;-nan;        22s 949ms 492μs 445ns;                        -4416320016648781ns
4da9fc;81;0;151;108;7;44;45.000000;0.000000;0.000000;2970.000000;2970.000000;103.017690;0.000000;0.000000;-nan;        18s 417ms 487μs 367ns;                        -552034122696936ns
4da98a;53;0;113;76;6;43;0.000000;0.000000;-nan;2970.000000;2970.000000;100.000000;0.000000;0.000000;-nan;        12s 415ms 956μs 166ns;                          0ns
4da98f;90;0;143;115;7;45;46.000000;0.000000;0.000000;2884.000000;2884.000000;100.000000;0.000000;0.000000;-nan;        16s 971ms 274μs 237ns;            279ms 144μs 146ns
4da9a0;91;0;142;115;7;45;46.000000;0.000000;0.000000;2877.000000;2877.000000;100.000000;0.000000;0.000000;-nan;        17s 506ms 755μs 693ns;            295ms 853μs 284ns
4da9b5;116;0;176;150;8;45;47.000000;0.000000;0.000000;2881.000000;2881.000000;100.208696;0.000000;0.000000;-nan;        20s 128ms 595μs 743ns;         1s 600ms  74μs 118ns
1da140;51;8;60;55;6;24;25.000000;0.000000;0.000000;1890.000000;1890.000000;100.000000;0.000000;0.000000;-nan;         5s 915ms 362μs 927ns;            357ms 681μs 513ns
1da153;54;0;64;56;6;24;25.000000;0.000000;0.000000;1890.000000;1890.000000;109.947644;0.000000;0.000000;-nan;         6s 788ms 721μs 343ns;            456ms 495μs 273ns
1da100;55;0;61;58;6;24;25.000000;0.000000;0.000000;1724.000000;1724.000000;100.000000;0.000000;0.000000;-nan;         6s 678ms 135μs 846ns;            282ms 801μs 363ns
1da115;55;0;60;59;6;24;25.000000;0.000000;0.000000;1890.000000;1890.000000;100.105932;0.000000;0.000000;-nan;         6s 604ms 344μs 103ns;            350ms 760μs 481ns
1da12d;91;3;87;89;8;23;26.000000;0.000000;0.000000;1888.000000;1888.000000;100.532481;0.000000;0.000000;-nan;         7s 233ms 469μs   1ns;         1s 397ms 863μs 693ns
1da0c0;58;0;63;59;6;25;26.000000;0.000000;0.000000;1888.000000;1888.000000;100.425532;0.000000;0.000000;-nan;         6s 267ms 166μs 800ns;            473ms 117μs 895ns
1da0d6;51;3;59;55;6;23;24.000000;0.000000;0.000000;1760.000000;1760.000000;100.000000;0.000000;0.000000;-nan;         5s 522ms 886μs 217ns;            126ms 601μs 665ns
1da0e5;53;1;65;55;6;24;25.000000;0.000000;0.000000;1890.000000;1890.000000;110.590989;0.000000;0.000000;-nan;         5s 661ms 747μs 687ns;            561ms 892μs  39ns
1da0a7;53;0;65;56;6;24;25.000000;0.000000;0.000000;1890.000000;1890.000000;107.264472;0.000000;0.000000;-nan;         6s 432ms 928μs  24ns;            413ms  79μs 411ns
1da0ac;55;0;63;56;6;24;25.000000;0.000000;0.000000;1885.000000;1885.000000;100.000000;0.000000;0.000000;-nan;         6s 485ms 379μs 758ns;            349ms 576μs 324ns
7d8916;83;2;144;111;7;44;45.000000;0.000000;0.000000;2882.000000;2882.000000;100.000000;0.000000;0.000000;-nan;        16s 857ms 959μs 695ns;            522ms 495μs 649ns
7d8947;95;0;159;116;8;42;45.000000;0.000000;0.000000;2855.000000;2855.000000;100.000000;0.000000;0.000000;-nan;        20s  16ms 405μs 185ns;            828ms 706μs 299ns
7d88da;83;0;146;111;7;44;45.000000;0.000000;0.000000;2972.000000;2972.000000;103.481894;0.000000;0.000000;-nan;        18s  63ms 557μs 429ns;                        -1169444222131143ns
7d88e8;82;0;148;110;7;44;45.000000;0.000000;0.000000;2883.000000;2883.000000;100.000000;0.000000;0.000000;-nan;        18s 652ms 366μs 795ns;            699ms  82μs 495ns
7d88f6;203;0;287;186;15;50;150.000000;0.000000;0.000000;2999.000000;2999.000000;100.000000;0.000000;0.000000;-nan;        25s 614ms 507μs 592ns;                        -11109847577352161ns
7d8905;74;20;138;108;7;44;45.000000;0.000000;0.000000;2970.000000;2970.000000;103.556485;0.000000;0.000000;-nan;        11s 705ms 326μs 614ns;                        -1169429230990476ns
7d88a7;55;0;112;81;6;44;0.000000;0.000000;-nan;2972.000000;2972.000000;100.000000;0.000000;0.000000;-nan;        13s 186ms 704μs 937ns;                          0ns
7d88aa;102;0;179;143;8;43;45.000000;0.000000;0.000000;2972.000000;2972.000000;103.662365;0.000000;0.000000;-nan;        19s 593ms 629μs 377ns;                        -1169446496909425ns
7d88bb;80;0;149;111;7;44;45.000000;0.000000;0.000000;2970.000000;2970.000000;103.376262;0.000000;0.000000;-nan;        17s  63ms  37μs 210ns;                        -584719404745829ns
7d88c9;81;0;141;118;7;44;45.000000;0.000000;0.000000;2972.000000;2972.000000;103.302051;0.000000;0.000000;-nan;        17s 243ms 127μs 390ns;                        -584720020566780ns
4d7b50;82;0;147;111;7;44;45.000000;0.000000;0.000000;2882.000000;2882.000000;100.000000;0.000000;0.000000;-nan;        16s 709ms 349μs 269ns;            431ms 956μs 876ns
4d7b09;91;0;140;117;7;45;46.000000;0.000000;0.000000;2881.000000;2881.000000;100.000000;0.000000;0.000000;-nan;        16s 262ms 129μs 492ns;            346ms 581μs 308ns
4d7b16;81;0;148;111;7;44;45.000000;0.000000;0.000000;2878.000000;2878.000000;100.000000;0.000000;0.000000;-nan;        16s 452ms 929μs 163ns;            251ms  99μs 429ns
4d7b2a;66;0;109;85;6;46;46.000000;46.000000;100.000000;2884.000000;2884.000000;100.000000;0.000000;0.000000;-nan;        13s 647ms 246μs 834ns;                          0ns
4d7b39;170;0;197;139;14;51;160.000000;0.000000;0.000000;2999.000000;2999.000000;100.000000;0.000000;0.000000;-nan;        22s 129ms 572μs 224ns;                        -8830871713930503ns
4d7ac1;80;0;146;114;7;44;45.000000;0.000000;0.000000;2972.000000;2972.000000;103.302051;0.000000;0.000000;-nan;        15s 321ms  36μs 201ns;                        -551920578060779ns
4d7ada;82;0;149;109;7;44;45.000000;0.000000;0.000000;2883.000000;2883.000000;100.000000;0.000000;0.000000;-nan;        15s 802ms 990μs 824ns;            540ms 207μs 632ns
4d7af1;81;0;148;111;7;44;45.000000;0.000000;0.000000;2887.000000;2887.000000;100.000000;0.000000;0.000000;-nan;        15s  45ms 858μs 214ns;            267ms 451μs  73ns
4d7ab3;43;0;125;80;6;44;0.000000;0.000000;-nan;2970.000000;2970.000000;100.000000;0.000000;0.000000;-nan;        10s 607ms 314μs 314ns;                          0ns
4d7ab8;45;8;113;76;6;43;0.000000;0.000000;-nan;2972.000000;2972.000000;100.000000;0.000000;0.000000;-nan;         6s 866ms 269μs  48ns;                          0ns
7d5651;95;0;179;130;8;41;43.000000;0.000000;0.000000;2855.000000;2855.000000;100.000000;0.000000;0.000000;-nan;        18s 673ms 969μs 739ns;         1s 226ms 759μs 559ns
7d565d;80;2;151;107;7;44;45.000000;0.000000;0.000000;2882.000000;2882.000000;100.000000;0.000000;0.000000;-nan;        16s 262ms 884μs 350ns;            402ms 229μs 220ns
7d5617;83;0;141;116;7;44;45.000000;0.000000;0.000000;2972.000000;2972.000000;102.944233;0.000000;0.000000;-nan;        17s 287ms 341μs 417ns;                        -1753757867830164ns
7d5620;172;0;182;156;13;52;174.000000;0.000000;0.000000;2999.000000;2999.000000;100.000000;0.000000;0.000000;-nan;        23s 716ms 908μs  35ns;                        -5261326483479210ns
7d5631;83;0;143;114;7;44;45.000000;0.000000;0.000000;2972.000000;2972.000000;103.662365;0.000000;0.000000;-nan;        17s  36ms 153μs 584ns;                        -2338341547827726ns
7d5643;79;0;153;108;7;44;45.000000;0.000000;0.000000;2970.000000;2970.000000;103.196664;0.000000;0.000000;-nan;        17s 415ms 184μs 725ns;                        -584586845437872ns
7d55dc;47;0;116;85;6;44;0.000000;0.000000;-nan;2972.000000;2972.000000;100.000000;0.000000;0.000000;-nan;        12s 263ms 382μs 667ns;                          0ns
7d55e0;84;0;143;113;7;44;45.000000;0.000000;0.000000;2972.000000;2972.000000;103.302051;0.000000;0.000000;-nan;        16s 424ms 890μs  99ns;                        -1169167543123203ns
7d55f2;81;1;146;112;7;44;45.000000;0.000000;0.000000;2972.000000;2972.000000;103.626220;0.000000;0.000000;-nan;        15s 197ms  54μs 273ns;                        -584581622617747ns
7d55ff;82;0;148;110;7;44;45.000000;0.000000;0.000000;2972.000000;2972.000000;103.481894;0.000000;0.000000;-nan;        16s 769ms 950μs 824ns;                        -1169169224081828ns
4d4a40;170;0;189;145;14;49;159.000000;0.000000;0.000000;2999.000000;2999.000000;100.000000;0.000000;0.000000;-nan;        25s 199ms 990μs 970ns;                        -6621125186105638ns
4d4a15;116;0;175;151;8;45;47.000000;0.000000;0.000000;2884.000000;2884.000000;100.104131;0.000000;0.000000;-nan;        20s 344ms 748μs 144ns;         1s  33ms 802μs 610ns
4d4a24;80;0;147;113;7;44;45.000000;0.000000;0.000000;2878.000000;2878.000000;100.000000;0.000000;0.000000;-nan;        18s 601ms 858μs 242ns;            283ms 150μs 906ns
4d4a33;89;0;141;118;7;45;46.000000;0.000000;0.000000;2884.000000;2884.000000;100.000000;0.000000;0.000000;-nan;        19s 120ms 972μs 357ns;            363ms 134μs 112ns
4d49c3;82;0;147;111;7;44;45.000000;0.000000;0.000000;2970.000000;2970.000000;103.017690;0.000000;0.000000;-nan;        17s 894ms 968μs 637ns;                        -551751474725823ns
4d49d9;111;19;165;147;8;45;47.000000;0.000000;0.000000;2884.000000;2884.000000;100.313043;0.000000;0.000000;-nan;        16s 437ms 329μs 487ns;         1s 960ms 355μs 394ns
4d49ea;83;0;144;113;7;44;45.000000;0.000000;0.000000;2882.000000;2882.000000;100.000000;0.000000;0.000000;-nan;        19s 442ms 824μs 602ns;            617ms 276μs 113ns
4d499d;43;0;123;82;6;44;0.000000;0.000000;-nan;2970.000000;2970.000000;100.000000;0.000000;0.000000;-nan;        14s  26ms 652μs 635ns;                          0ns
4d49a2;57;0;108;83;6;44;0.000000;0.000000;-nan;2972.000000;2972.000000;100.000000;0.000000;0.000000;-nan;        13s 845ms 196μs 487ns;                          0ns
4d49ab;104;0;176;144;8;43;45.000000;0.000000;0.000000;2972.000000;2972.000000;102.944233;0.000000;0.000000;-nan;        19s 842ms 178μs  91ns;                        -551756550156877ns
7d2660;158;0;164;138;13;50;158.000000;0.000000;0.000000;2999.000000;2999.000000;100.000000;0.000000;0.000000;-nan;        23s 558ms 128μs 325ns;                        -6429024651516224ns
7d260f;83;0;145;112;7;44;45.000000;0.000000;0.000000;2882.000000;2882.000000;100.000000;0.000000;0.000000;-nan;        17s 952ms 453μs 919ns;            657ms 657μs 817ns
7d2621;84;0;143;113;7;44;45.000000;0.000000;0.000000;2972.000000;2972.000000;103.662365;0.000000;0.000000;-nan;        17s 678ms 143μs 982ns;                        -1168899906889362ns
7d2631;82;0;147;111;7;44;45.000000;0.000000;0.000000;2878.000000;2878.000000;100.000000;0.000000;0.000000;-nan;        18s  44ms 541μs 611ns;            656ms 518μs 183ns
7d263c;82;0;147;111;7;44;45.000000;0.000000;0.000000;2868.000000;2868.000000;100.000000;0.000000;0.000000;-nan;        18s 304ms 140μs 425ns;            702ms 432μs 213ns
7d264b;96;0;153;121;8;42;45.000000;0.000000;0.000000;2855.000000;2855.000000;100.000000;0.000000;0.000000;-nan;        19s 293ms 415μs 165ns;                        -584446465426517ns
7d25db;55;0;112;81;6;44;0.000000;0.000000;-nan;2972.000000;2972.000000;100.000000;0.000000;0.000000;-nan;        12s 764ms 604μs 255ns;                          0ns
7d25e0;84;0;143;113;7;44;45.000000;0.000000;0.000000;2972.000000;2972.000000;103.302051;0.000000;0.000000;-nan;        16s 837ms 333μs 723ns;                        -1168894210793146ns
7d25ef;81;0;142;117;7;44;45.000000;0.000000;0.000000;2972.000000;2972.000000;102.944233;0.000000;0.000000;-nan;        17s 197ms  77μs 676ns;                        -584447137549458ns
7d2601;83;0;142;115;7;44;45.000000;0.000000;0.000000;2872.000000;2872.000000;100.000000;0.000000;0.000000;-nan;        17s 497ms 372μs  94ns;            402ms 479μs  79ns
4d1b87;170;0;203;151;13;52;160.000000;0.000000;0.000000;2999.000000;2999.000000;100.000000;0.000000;0.000000;-nan;        21s 243ms 542μs 921ns;                        -4413092521823111ns
4d1ba2;81;0;149;110;7;44;45.000000;0.000000;0.000000;2878.000000;2878.000000;100.000000;0.000000;0.000000;-nan;        15s 511ms 362μs 785ns;            563ms 675μs 243ns
4d1bb3;81;0;143;116;7;44;45.000000;0.000000;0.000000;2882.000000;2882.000000;100.000000;0.000000;0.000000;-nan;        15s 815ms 446μs 588ns;            383ms 180μs  63ns
4d1b42;118;0;173;151;8;45;47.000000;0.000000;0.000000;2884.000000;2884.000000;100.104131;0.000000;0.000000;-nan;        16s 495ms 931μs 421ns;         1s 303ms 253μs 268ns
4d1b59;66;0;110;84;6;46;46.000000;46.000000;100.000000;2874.000000;2874.000000;100.000000;0.000000;0.000000;-nan;        12s 316ms 507μs 900ns;                          0ns
4d1b63;61;0;108;85;6;45;45.000000;45.000000;100.000000;2887.000000;2887.000000;100.000000;0.000000;0.000000;-nan;        11s 888ms  77μs 160ns;                          0ns
4d1b74;58;0;115;81;6;45;45.000000;45.000000;100.000000;2883.000000;2883.000000;100.000000;0.000000;0.000000;-nan;        13s 161ms 907μs 489ns;                          0ns
4d1b20;47;2;121;78;6;44;0.000000;0.000000;-nan;2972.000000;2972.000000;100.000000;0.000000;0.000000;-nan;         7s 896ms 344μs 777ns;                          0ns
4d1b24;43;0;123;82;6;44;0.000000;0.000000;-nan;2970.000000;2970.000000;100.000000;0.000000;0.000000;-nan;        10s 730ms 971μs 577ns;                          0ns
4d1b2e;82;0;145;113;7;44;45.000000;0.000000;0.000000;2970.000000;2970.000000;103.376262;0.000000;0.000000;-nan;        14s 649ms 163μs 245ns;                        -551630767099401ns
1d1207;73;0;76;77;7;24;26.000000;0.000000;0.000000;1888.000000;1888.000000;100.159151;0.000000;0.000000;-nan;         9s  77ms 271μs 950ns;            801ms 281μs 549ns
1d1215;54;0;58;56;6;23;24.000000;0.000000;0.000000;1878.000000;1878.000000;100.000000;0.000000;0.000000;-nan;         7s 543ms 496μs 252ns;            125ms  74μs 564ns
1d122e;52;0;69;53;6;24;25.000000;0.000000;0.000000;1890.000000;1890.000000;100.000000;0.000000;0.000000;-nan;         7s 455ms 913μs 840ns;            127ms  88μs 687ns
1d11cb;91;0;84;95;8;23;26.000000;0.000000;0.000000;1890.000000;1890.000000;107.386364;0.000000;0.000000;-nan;         9s 326ms 716μs 232ns;         1s  55ms 432μs 861ns
1d11df;113;0;100;113;9;23;27.000000;0.000000;0.000000;1890.000000;1890.000000;100.105932;0.000000;0.000000;-nan;         9s 845ms 486μs 483ns;         1s 509ms 907μs 590ns
1d11ee;55;0;60;59;6;24;25.000000;0.000000;0.000000;1890.000000;1890.000000;109.628770;0.000000;0.000000;-nan;         7s 343ms 205μs 647ns;            357ms 368μs  79ns
1d1195;51;8;57;58;6;24;25.000000;0.000000;0.000000;1890.000000;1890.000000;107.325383;0.000000;0.000000;-nan;         5s  54ms 871μs  87ns;            362ms 980μs 252ns
1d11a9;82;0;87;67;7;34;36.000000;0.000000;0.000000;2655.000000;2655.000000;100.000000;0.000000;0.000000;-nan;         9s 201ms 842μs 685ns;            306ms 320μs 254ns
1d1174;69;2;77;70;7;23;25.000000;0.000000;0.000000;1890.000000;1890.000000;107.264472;0.000000;0.000000;-nan;         6s 453ms 444μs 632ns;            676ms 602μs 907ns
1d1179;101;0;90;101;8;25;28.000000;0.000000;0.000000;1883.000000;1883.000000;100.000000;0.000000;0.000000;-nan;         9s 398ms  19μs 638ns;         1s 547ms 538μs 393ns
7cf554;76;0;118;102;7;44;46.000000;0.000000;0.000000;2972.000000;2972.000000;102.944233;0.000000;0.000000;-nan;        17s  67ms 777μs 327ns;                        -584271177203945ns
7cf561;103;0;180;141;8;43;45.000000;0.000000;0.000000;2972.000000;2972.000000;103.662365;0.000000;0.000000;-nan;        18s 168ms 789μs 125ns;                        -1752832362436161ns
7cf571;197;36;287;213;14;50;0.000000;0.000000;-nan;2999.000000;2999.000000;100.000000;0.000000;0.000000;-nan;        24s 716ms  51μs 992ns;                        -14022822077859068ns
7cf587;83;8;136;113;7;44;45.000000;0.000000;0.000000;2972.000000;2972.000000;103.122831;0.000000;0.000000;-nan;        16s  53ms 164μs 711ns;                        -584272526834842ns
7cf52b;76;2;120;98;7;44;46.000000;0.000000;0.000000;2970.000000;2970.000000;103.196664;0.000000;0.000000;-nan;        15s 594ms 720μs 288ns;                        -584268088193147ns
7cf538;80;8;140;112;7;44;45.000000;0.000000;0.000000;2970.000000;2970.000000;103.556485;0.000000;0.000000;-nan;        15s 908ms 822μs 949ns;                        -1168544401723831ns
7cf544;82;0;144;114;7;44;45.000000;0.000000;0.000000;2972.000000;2972.000000;103.302051;0.000000;0.000000;-nan;        16s 784ms 197μs 149ns;                        -1168549478280493ns
7cf4ef;43;0;127;78;6;44;0.000000;0.000000;-nan;2972.000000;2972.000000;100.000000;0.000000;0.000000;-nan;        13s 102ms 994μs 882ns;                          0ns
7cf4f4;76;18;136;110;7;44;45.000000;0.000000;0.000000;2970.000000;2970.000000;103.017690;0.000000;0.000000;-nan;         9s 106ms 836μs 697ns;                        -584266650188907ns
7cf505;84;0;140;116;7;44;45.000000;0.000000;0.000000;2972.000000;2972.000000;103.481894;0.000000;0.000000;-nan;        16s 302ms 979μs 165ns;                        -584273549211354ns
4ce9cc;82;0;145;113;7;44;45.000000;0.000000;0.000000;2970.000000;2970.000000;103.017690;0.000000;0.000000;-nan;        16s 712ms 910μs 182ns;                        -551514149558830ns
4ce989;80;2;146;112;7;44;45.000000;0.000000;0.000000;2878.000000;2878.000000;100.000000;0.000000;0.000000;-nan;        14s  20ms 160μs 108ns;            267ms 826μs 590ns
4ce99c;83;0;146;111;7;44;45.000000;0.000000;0.000000;2972.000000;2972.000000;102.944233;0.000000;0.000000;-nan;        16s 653ms 219μs 463ns;                        -551513345467826ns
4ce9b3;82;0;142;116;7;44;45.000000;0.000000;0.000000;2882.000000;2882.000000;100.000000;0.000000;0.000000;-nan;        16s 990ms 726μs  24ns;            419ms  14μs 486ns
4ce9be;154;2;169;135;13;50;161.000000;0.000000;0.000000;2999.000000;2999.000000;100.000000;0.000000;0.000000;-nan;        21s 782ms 439μs 602ns;                        -6618189666673970ns
4ce947;47;0;120;81;6;44;0.000000;0.000000;-nan;2972.000000;2972.000000;100.000000;0.000000;0.000000;-nan;        12s 271ms 648μs 854ns;                          0ns
4ce94c;43;0;123;82;6;44;0.000000;0.000000;-nan;2970.000000;2970.000000;100.000000;0.000000;0.000000;-nan;        12s 404ms 979μs 943ns;                          0ns
4ce955;121;0;177;144;8;45;47.000000;0.000000;0.000000;2874.000000;2874.000000;100.000000;0.000000;0.000000;-nan;        17s 449ms 767μs 268ns;         1s 243ms 445μs 874ns
4ce963;59;0;112;83;6;45;45.000000;45.000000;100.000000;2877.000000;2877.000000;100.000000;0.000000;0.000000;-nan;        13s 387ms 927μs 316ns;                          0ns
4ce970;81;0;149;110;7;44;45.000000;0.000000;0.000000;2970.000000;2970.000000;103.376262;0.000000;0.000000;-nan;        16s 341ms 163μs 562ns;                        -1103023872750708ns
7cc29c;80;0;147;113;7;44;45.000000;0.000000;0.000000;2970.000000;2970.000000;103.017690;0.000000;0.000000;-nan;        19s  43ms 941μs 147ns;                        -584141924469555ns
7cc259;81;0;150;109;7;44;45.000000;0.000000;0.000000;2972.000000;2972.000000;103.626220;0.000000;0.000000;-nan;        18s 188ms  17μs 776ns;                        -584139570589390ns
7cc273;102;0;177;145;8;43;45.000000;0.000000;0.000000;2972.000000;2972.000000;103.122831;0.000000;0.000000;-nan;        19s 780ms 529μs 150ns;                        -584146151410132ns
7cc284;129;0;151;114;11;51;153.000000;0.000000;0.000000;2999.000000;2999.000000;100.000000;0.000000;0.000000;-nan;        22s 746ms   4μs 742ns;                        -2336567649134313ns
7cc211;82;0;140;118;7;44;45.000000;0.000000;0.000000;2882.000000;2882.000000;100.348189;0.000000;0.000000;-nan;        17s 108ms 823μs 588ns;         1s 146ms 563μs 995ns
7cc221;79;8;137;116;7;44;45.000000;0.000000;0.000000;2972.000000;2972.000000;103.302051;0.000000;0.000000;-nan;        16s 583ms 177μs 772ns;                        -584136588498175ns
7cc230;106;0;174;144;8;43;45.000000;0.000000;0.000000;2972.000000;2972.000000;103.662365;0.000000;0.000000;-nan;        19s 516ms 616μs 755ns;                        -2336563051367830ns
7cc245;75;0;126;95;7;44;46.000000;0.000000;0.000000;2970.000000;2970.000000;103.376262;0.000000;0.000000;-nan;        18s 303ms 220μs 227ns;                        -1168271147786638ns
7cc1fc;76;0;145;111;7;43;0.000000;0.000000;-nan;2972.000000;2972.000000;100.000000;0.000000;0.000000;-nan;        17s 359ms 741μs 658ns;                        -584139102470565ns
7cc201;81;0;152;107;7;44;45.000000;0.000000;0.000000;2970.000000;2970.000000;103.196664;0.000000;0.000000;-nan;        16s 880ms  39μs 889ns;                        -584137524943943ns
4cb70d;102;0;182;140;8;43;45.000000;0.000000;0.000000;2970.000000;2970.000000;103.196664;0.000000;0.000000;-nan;        18s 416ms 977μs 609ns;                        -551398001844189ns
4cb6cd;80;0;147;113;7;44;45.000000;0.000000;0.000000;2970.000000;2970.000000;103.017690;0.000000;0.000000;-nan;        16s 687ms 607μs 499ns;                        -1102783208172836ns
4cb6de;83;0;147;110;7;44;45.000000;0.000000;0.000000;2887.000000;2887.000000;100.000000;0.000000;0.000000;-nan;        17s  28ms 474μs 391ns;            331ms  61μs 858ns
4cb6e9;157;0;200;119;13;52;151.000000;0.000000;0.000000;2999.000000;2999.000000;100.000000;0.000000;0.000000;-nan;        22s 506ms 167μs 376ns;                        -7168169819944335ns
4cb6f8;82;0;141;117;7;44;45.000000;0.000000;0.000000;2882.000000;2882.000000;100.000000;0.000000;0.000000;-nan;        17s 232ms 972μs  43ns;            757ms 330μs 743ns
4cb690;43;0;123;82;6;44;0.000000;0.000000;-nan;2970.000000;2970.000000;100.000000;0.000000;0.000000;-nan;        10s 767ms 216μs 852ns;                          0ns
4cb693;47;0;118;77;6;43;0.000000;0.000000;-nan;2972.000000;2972.000000;100.000000;0.000000;0.000000;-nan;        10s 600ms 236μs 333ns;                          0ns
4cb699;84;0;140;116;7;44;45.000000;0.000000;0.000000;2972.000000;2972.000000;103.481894;0.000000;0.000000;-nan;        16s  16ms 960μs 768ns;                        -1102780438636365ns
4cb6ad;102;0;187;135;8;43;45.000000;0.000000;0.000000;2970.000000;2970.000000;103.376262;0.000000;0.000000;-nan;        18s 259ms 117μs 818ns;                        -1102787089614023ns
4cb6b9;83;0;144;113;7;44;45.000000;0.000000;0.000000;2972.000000;2972.000000;103.302051;0.000000;0.000000;-nan;        15s 621ms 539μs 260ns;                        -1654168715585305ns
7c91a0;102;0;178;144;8;43;45.000000;0.000000;0.000000;2972.000000;2972.000000;103.302051;0.000000;0.000000;-nan;        19s 822ms 841μs 968ns;                        -1752020553696624ns
7c91af;80;0;149;111;7;44;45.000000;0.000000;0.000000;2970.000000;2970.000000;103.017690;0.000000;0.000000;-nan;        18s 987ms 597μs  97ns;                        -584006129235551ns
7c915a;82;0;151;107;7;44;45.000000;0.000000;0.000000;2970.000000;2970.000000;103.556485;0.000000;0.000000;-nan;        16s 707ms 551μs 231ns;                        -584002039582997ns
7c9169;103;0;180;141;8;43;45.000000;0.000000;0.000000;2972.000000;2972.000000;103.481894;0.000000;0.000000;-nan;        19s 477ms 932μs 518ns;                        -1168013901312159ns
7c917f;142;0;166;114;12;53;158.000000;0.000000;0.000000;2999.000000;2999.000000;100.000000;0.000000;0.000000;-nan;        23s 982ms 683μs 689ns;                        -4088070721335370ns
7c918b;85;0;141;114;7;44;45.000000;0.000000;0.000000;2867.000000;2867.000000;100.000000;0.000000;0.000000;-nan;        18s 792ms 139μs 584ns;            423ms 624μs 841ns
7c9129;55;0;110;83;6;44;0.000000;0.000000;-nan;2972.000000;2972.000000;100.000000;0.000000;0.000000;-nan;        11s 983ms 238μs 842ns;                          0ns
7c912c;80;0;148;112;7;44;45.000000;0.000000;0.000000;2878.000000;2878.000000;100.000000;0.000000;0.000000;-nan;        16s 276ms 371μs 648ns;            259ms 243μs 265ns
7c913b;84;0;142;114;7;44;45.000000;0.000000;0.000000;2972.000000;2972.000000;103.122831;0.000000;0.000000;-nan;        16s 970ms 670μs 866ns;                        -2336012024144604ns
7c914c;101;0;182;141;8;43;45.000000;0.000000;0.000000;2970.000000;2970.000000;103.376262;0.000000;0.000000;-nan;        19s 558ms 710μs 770ns;                        -1168012647499192ns
4c849a;59;0;110;85;6;45;45.000000;45.000000;100.000000;2877.000000;2877.000000;100.000000;0.000000;0.000000;-nan;        15s 125ms 414μs 472ns;                          0ns
4c8442;82;1;145;112;7;44;45.000000;0.000000;0.000000;2970.000000;2970.000000;103.017690;0.000000;0.000000;-nan;        14s 778ms 225μs 159ns;                        -551267440396892ns
4c8459;105;8;168;153;8;44;46.000000;0.000000;0.000000;2882.000000;2882.000000;100.000000;0.000000;0.000000;-nan;        17s 170ms 121μs 133ns;         1s 199ms 968μs   1ns
4c846b;79;8;143;110;7;44;45.000000;0.000000;0.000000;2878.000000;2878.000000;100.000000;0.000000;0.000000;-nan;        15s 802ms 408μs 473ns;            255ms 327μs 676ns
4c8478;183;0;231;151;14;52;160.000000;0.000000;0.000000;2999.000000;2999.000000;100.000000;0.000000;0.000000;-nan;        23s 386ms 656μs 242ns;                        -11025581954863342ns
4c8400;47;0;125;76;6;44;0.000000;0.000000;-nan;2972.000000;2972.000000;100.000000;0.000000;0.000000;-nan;        14s 302ms 891μs 838ns;                          0ns
4c8408;104;0;175;145;8;43;45.000000;0.000000;0.000000;2972.000000;2972.000000;103.481894;0.000000;0.000000;-nan;        17s 507ms 376μs 885ns;                        -1102544647133170ns
4c8420;82;0;146;112;7;44;45.000000;0.000000;0.000000;2887.000000;2887.000000;100.000000;0.000000;0.000000;-nan;        16s 876ms 264μs 881ns;            420ms 538μs 989ns
4c8431;80;3;144;113;7;44;45.000000;0.000000;0.000000;2970.000000;2970.000000;103.376262;0.000000;0.000000;-nan;        14s 658ms 686μs 282ns;                        -1102533862447569ns
1c83c8;102;0;93;105;8;33;36.000000;0.000000;0.000000;2653.000000;2653.000000;106.204964;0.000000;0.000000;-nan;         9s 405ms 413μs 894ns;            774ms 852μs 696ns
4c83f9;43;0;126;79;6;44;0.000000;0.000000;-nan;2970.000000;2970.000000;100.000000;0.000000;0.000000;-nan;        14s 379ms 969μs 509ns;                          0ns
1c8380;61;0;58;61;6;25;26.000000;0.000000;0.000000;1762.000000;1762.000000;100.000000;0.000000;0.000000;-nan;         7s 519ms 310μs 126ns;            222ms 221μs 176ns
1c8393;54;0;61;59;6;24;25.000000;0.000000;0.000000;1878.000000;1878.000000;100.000000;0.000000;0.000000;-nan;         7s  83ms 323μs 693ns;            258ms 392μs 859ns
1c83a1;51;0;67;56;6;24;25.000000;0.000000;0.000000;1888.000000;1888.000000;100.000000;0.000000;0.000000;-nan;         7s 209ms 520μs 396ns;            334ms 862μs 586ns
1c83b3;70;0;73;75;7;23;25.000000;0.000000;0.000000;1890.000000;1890.000000;100.000000;0.000000;0.000000;-nan;         8s 752ms 545μs 122ns;            566ms 219μs 457ns
1c834a;68;0;79;71;7;23;25.000000;0.000000;0.000000;1890.000000;1890.000000;107.325383;0.000000;0.000000;-nan;         7s 630ms 247μs 850ns;            665ms 362μs 907ns
1c8356;53;0;59;56;6;23;24.000000;0.000000;0.000000;1883.000000;1883.000000;100.000000;0.000000;0.000000;-nan;         6s 580ms 679μs 973ns;            294ms 543μs 485ns
1c8367;72;0;75;79;7;24;26.000000;0.000000;0.000000;1888.000000;1888.000000;100.425532;0.000000;0.000000;-nan;         8s 651ms 880μs 621ns;            364ms 116μs 384ns
1c8335;70;0;81;74;7;24;26.000000;0.000000;0.000000;1890.000000;1890.000000;100.265252;0.000000;0.000000;-nan;         8s  21ms 334μs 363ns;            520ms 431μs 275ns
1c833a;86;0;72;94;7;27;29.000000;0.000000;0.000000;2047.000000;2047.000000;100.000000;0.000000;0.000000;-nan;         8s 848ms 121μs 811ns;            800ms 740μs 333ns
7c5f9f;197;0;251;212;13;51;0.000000;0.000000;-nan;2999.000000;2999.000000;100.000000;0.000000;0.000000;-nan;        25s 707ms 504μs 223ns;                        -6422637923773575ns
7c5fad;85;0;141;114;7;44;45.000000;0.000000;0.000000;2877.000000;2877.000000;100.000000;0.000000;0.000000;-nan;        18s 635ms 425μs 837ns;            431ms 780μs 836ns
7c5fbb;81;0;147;112;7;44;45.000000;0.000000;0.000000;2883.000000;2883.000000;100.000000;0.000000;0.000000;-nan;        18s 353ms 721μs  72ns;            593ms 663μs 236ns
7c5fc5;59;0;116;79;6;45;45.000000;45.000000;100.000000;2878.000000;2878.000000;100.000000;0.000000;0.000000;-nan;        15s 842ms 728μs 325ns;                          0ns
7c5f4e;83;0;143;114;7;44;45.000000;0.000000;0.000000;2972.000000;2972.000000;102.944233;0.000000;0.000000;-nan;        16s 247ms 981μs 154ns;                        -1167728104507094ns
7c5f5c;104;0;181;139;8;43;45.000000;0.000000;0.000000;2970.000000;2970.000000;103.376262;0.000000;0.000000;-nan;        18s 736ms 145μs   4ns;                        -583870429717792ns
7c5f6d;104;0;175;145;8;43;45.000000;0.000000;0.000000;2972.000000;2972.000000;103.122831;0.000000;0.000000;-nan;        19s  65ms 487μs 385ns;                        -2919334690000127ns
7c5f79;106;0;180;148;8;44;46.000000;0.000000;0.000000;2872.000000;2872.000000;100.000000;0.000000;0.000000;-nan;        19s 308ms 462μs  81ns;         1s  46ms  77μs 292ns
7c5f8b;81;0;152;107;7;44;45.000000;0.000000;0.000000;2970.000000;2970.000000;103.556485;0.000000;0.000000;-nan;        17s 465ms 380μs 453ns;                        -583865852660317ns
7c5f4a;47;0;118;83;6;44;0.000000;0.000000;-nan;2972.000000;2972.000000;100.000000;0.000000;0.000000;-nan;        11s 813ms 959μs 967ns;                          0ns
4c50c4;102;0;184;138;8;43;45.000000;0.000000;0.000000;2972.000000;2972.000000;103.122831;0.000000;0.000000;-nan;        18s 625ms 389μs 206ns;                        -1102259834715052ns
4c50d4;194;0;218;150;15;51;164.000000;0.000000;0.000000;2999.000000;2999.000000;100.000000;0.000000;0.000000;-nan;        24s 725ms 466μs 485ns;                        -11573863989493773ns
4c50e5;82;0;147;111;7;44;45.000000;0.000000;0.000000;2878.000000;2878.000000;100.000000;0.000000;0.000000;-nan;        17s 423ms 190μs 477ns;            669ms 998μs 581ns
4c5088;106;0;174;144;8;43;45.000000;0.000000;0.000000;2972.000000;2972.000000;103.481894;0.000000;0.000000;-nan;        18s  66ms 337μs   0ns;                        -1102253745075569ns
4c509c;82;0;148;110;7;44;45.000000;0.000000;0.000000;2970.000000;2970.000000;103.017690;0.000000;0.000000;-nan;        16s 168ms 576μs 766ns;                        -551125880081603ns
4c50b2;98;0;151;131;8;43;46.000000;0.000000;0.000000;2972.000000;2972.000000;102.944233;0.000000;0.000000;-nan;        18s 357ms 719μs 822ns;                        -1102254463136634ns
4c5064;47;0;118;83;6;44;0.000000;0.000000;-nan;2972.000000;2972.000000;100.000000;0.000000;0.000000;-nan;        11s 696ms 960μs 477ns;                          0ns
4c5067;43;0;123;82;6;44;0.000000;0.000000;-nan;2970.000000;2970.000000;100.000000;0.000000;0.000000;-nan;        11s 886ms 928μs 357ns;                          0ns
4c506c;82;0;141;117;7;44;45.000000;0.000000;0.000000;2877.000000;2877.000000;100.000000;0.000000;0.000000;-nan;        15s  78ms 702μs 213ns;            575ms 263μs 142ns
4c507a;82;0;145;113;7;44;45.000000;0.000000;0.000000;2970.000000;2970.000000;103.376262;0.000000;0.000000;-nan;        15s 868ms 524μs  97ns;                        -551125205772456ns
7c2dd2;77;0;145;118;7;44;45.000000;0.000000;0.000000;2972.000000;2972.000000;102.944233;0.000000;0.000000;-nan;        19s 729ms 235μs 573ns;                        -583729810491315ns
7c2d8e;81;0;144;115;7;44;45.000000;0.000000;0.000000;2972.000000;2972.000000;103.481894;0.000000;0.000000;-nan;        18s 349ms 752μs 553ns;                        -1167454592705215ns
7c2d9a;161;0;190;139;13;52;166.000000;0.000000;0.000000;2999.000000;2999.000000;100.000000;0.000000;0.000000;-nan;        25s 771ms 223μs 702ns;                        -6421116371311520ns
7c2db7;107;0;184;143;8;44;46.000000;0.000000;0.000000;2878.000000;2878.000000;100.000000;0.000000;0.000000;-nan;        20s 567ms 471μs 920ns;         1s 322ms 884μs 235ns
7c2dc5;79;0;153;108;7;44;45.000000;0.000000;0.000000;2970.000000;2970.000000;103.376262;0.000000;0.000000;-nan;        19s 941ms 600μs 603ns;                        -583730709302673ns
7c2d4d;102;0;178;144;8;43;45.000000;0.000000;0.000000;2972.000000;2972.000000;103.122831;0.000000;0.000000;-nan;        20s 151ms 325μs 890ns;                        -1751181663925997ns
7c2d5b;85;0;144;111;7;44;45.000000;0.000000;0.000000;2877.000000;2877.000000;100.000000;0.000000;0.000000;-nan;        18s 672ms 849μs 286ns;            333ms 339μs 964ns
7c2d6c;80;0;149;111;7;44;45.000000;0.000000;0.000000;2970.000000;2970.000000;103.556485;0.000000;0.000000;-nan;        18s 864ms  52μs 831ns;                        -1167456983258020ns
7c2d7e;106;0;180;148;8;44;46.000000;0.000000;0.000000;2883.000000;2883.000000;100.000000;0.000000;0.000000;-nan;        20s 373ms 970μs 710ns;         1s 349ms 636μs 311ns
7c2d49;76;0;145;111;7;43;0.000000;0.000000;-nan;2972.000000;2972.000000;100.000000;0.000000;0.000000;-nan;        18s 145ms 316μs 288ns;                        -583726898453091ns
4c2008;104;3;173;144;8;43;45.000000;0.000000;0.000000;2972.000000;2972.000000;103.302051;0.000000;0.000000;-nan;        17s  32ms 401μs 804ns;                        -1102011455521505ns
4c2018;80;0;147;113;7;44;45.000000;0.000000;0.000000;2882.000000;2882.000000;100.000000;0.000000;0.000000;-nan;        16s 836ms 904μs 517ns;            379ms 162μs 916ns
4c2030;80;0;147;113;7;44;45.000000;0.000000;0.000000;2883.000000;2883.000000;100.000000;0.000000;0.000000;-nan;        17s 730ms 775μs 752ns;            338ms 296μs  42ns
4c1fc8;82;0;145;113;7;44;45.000000;0.000000;0.000000;2970.000000;2970.000000;103.376262;0.000000;0.000000;-nan;        16s  44ms 692μs 226ns;                        -551005006063223ns
4c1fdb;213;1;273;205;14;49;0.000000;0.000000;-nan;2999.000000;2999.000000;100.000000;0.000000;0.000000;-nan;        23s 787ms 520μs 943ns;                        -8265177583392222ns
4c1ff0;82;0;142;116;7;44;45.000000;0.000000;0.000000;2887.000000;2887.000000;100.000000;0.000000;0.000000;-nan;        16s 397ms 207μs 481ns;            258ms 123μs 447ns
4c1ff9;80;0;146;114;7;44;45.000000;0.000000;0.000000;2972.000000;2972.000000;103.481894;0.000000;0.000000;-nan;        16s 574ms 734μs 813ns;                        -551007140692557ns
4c1fa3;47;0;118;77;6;43;0.000000;0.000000;-nan;2972.000000;2972.000000;100.000000;0.000000;0.000000;-nan;        12s 658ms 204μs 311ns;                          0ns
4c1fac;43;0;123;82;6;44;0.000000;0.000000;-nan;2970.000000;2970.000000;100.000000;0.000000;0.000000;-nan;        11s 198ms 938μs  68ns;                          0ns
4c1fb3;81;0;149;110;7;44;45.000000;0.000000;0.000000;2878.000000;2878.000000;100.000000;0.000000;0.000000;-nan;        15s 974ms 659μs 931ns;            271ms 427μs  89ns
7bfed3;79;0;143;118;7;44;45.000000;0.000000;0.000000;2887.000000;2887.000000;100.000000;0.000000;0.000000;-nan;        18s 216ms 814μs 917ns;            314ms 769μs   9ns
7bfedf;83;0;146;111;7;44;45.000000;0.000000;0.000000;2868.000000;2868.000000;100.000000;0.000000;0.000000;-nan;        17s 799ms 296μs 780ns;            250ms 342μs 585ns
7bfe97;104;0;178;142;8;43;45.000000;0.000000;0.000000;2972.000000;2972.000000;103.481894;0.000000;0.000000;-nan;        19s 570ms 549μs 924ns;                        -2334392727261204ns
7bfea7;82;0;147;111;7;44;45.000000;0.000000;0.000000;2873.000000;2873.000000;100.000000;0.000000;0.000000;-nan;        17s 888ms 958μs 231ns;            403ms 611μs 217ns
7bfeb4;57;0;116;81;6;45;45.000000;45.000000;100.000000;2883.000000;2883.000000;100.000000;0.000000;0.000000;-nan;        15s 209ms 561μs 204ns;                          0ns
7bfebd;96;0;95;67;9;52;0.000000;0.000000;-nan;2999.000000;2999.000000;100.000000;0.000000;0.000000;-nan;        20s 780ms 696μs 135ns;                        -2334395991027219ns
7bfe62;55;0;112;81;6;44;0.000000;0.000000;-nan;2972.000000;2972.000000;100.000000;0.000000;0.000000;-nan;        11s 812ms 903μs 639ns;                          0ns
7bfe66;102;0;175;147;8;43;45.000000;0.000000;0.000000;2972.000000;2972.000000;103.302051;0.000000;0.000000;-nan;        19s 608ms 112μs 238ns;                        -1167199849298325ns
7bfe78;80;0;143;117;7;44;45.000000;0.000000;0.000000;2972.000000;2972.000000;103.122831;0.000000;0.000000;-nan;        15s 878ms 337μs 790ns;                        -1167188748958488ns
7bfe87;83;0;150;107;7;44;45.000000;0.000000;0.000000;2878.000000;2878.000000;100.000000;0.000000;0.000000;-nan;        16s 393ms 367μs 483ns;            582ms 360μs 643ns
1bf749;52;0;66;56;6;24;25.000000;0.000000;0.000000;1760.000000;1760.000000;100.000000;0.000000;0.000000;-nan;         7s 285ms 475μs 258ns;            278ms 102μs 811ns
1bf75e;66;17;68;67;7;23;25.000000;0.000000;0.000000;1890.000000;1890.000000;100.105932;0.000000;0.000000;-nan;         6s 102ms 283μs  63ns;            248ms 839μs 154ns
1bf77c;52;0;64;58;6;24;25.000000;0.000000;0.000000;1890.000000;1890.000000;100.000000;0.000000;0.000000;-nan;         7s 487ms 262μs 728ns;            201ms 238μs 659ns
1bf70f;55;3;61;55;6;24;25.000000;0.000000;0.000000;1890.000000;1890.000000;107.325383;0.000000;0.000000;-nan;         5s 787ms 509μs 745ns;            431ms 264μs 274ns
1bf726;52;0;63;58;6;24;25.000000;0.000000;0.000000;1890.000000;1890.000000;100.265252;0.000000;0.000000;-nan;         7s 359ms 815μs 160ns;            128ms 989μs 503ns
1bf6c8;110;0;112;110;8;33;35.000000;0.000000;0.000000;2409.000000;2409.000000;106.498674;0.000000;0.000000;-nan;         8s 865ms   1μs 115ns;         1s 542ms 273μs 242ns
1bf6cf;68;0;79;71;7;23;25.000000;0.000000;0.000000;1885.000000;1885.000000;110.298420;0.000000;0.000000;-nan;         7s 563ms 723μs 267ns;            544ms 705μs 444ns
1bf6d6;55;0;60;59;6;24;25.000000;0.000000;0.000000;1890.000000;1890.000000;109.628770;0.000000;0.000000;-nan;         7s 172ms 250μs 330ns;            484ms 992μs 932ns
1bf6e9;113;0;97;116;9;23;27.000000;0.000000;0.000000;1890.000000;1890.000000;100.638978;0.000000;0.000000;-nan;         8s 988ms 370μs 983ns;         1s 608ms 341μs  65ns
1bf6fc;50;8;61;55;6;24;25.000000;0.000000;0.000000;1719.000000;1719.000000;100.000000;0.000000;0.000000;-nan;         5s 468ms  29μs 450ns;            229ms 354μs 503ns
4bee4b;82;0;145;113;7;44;45.000000;0.000000;0.000000;2970.000000;2970.000000;103.017690;0.000000;0.000000;-nan;        17s 472ms 508μs 407ns;                        -550899431496881ns
4bee0d;160;0;177;127;13;51;158.000000;0.000000;0.000000;2999.000000;2999.000000;100.000000;0.000000;0.000000;-nan;        22s 540ms 786μs 552ns;                        -6059938319630264ns
4bee31;82;0;146;112;7;44;45.000000;0.000000;0.000000;2882.000000;2882.000000;100.000000;0.000000;0.000000;-nan;        17s 221ms 723μs 571ns;            278ms 382μs 373ns
4bedc4;85;0;145;110;7;44;45.000000;0.000000;0.000000;2877.000000;2877.000000;100.000000;0.000000;0.000000;-nan;        15s 811ms 150μs 676ns;            749ms 946μs 654ns
4bedcb;83;0;141;116;7;44;45.000000;0.000000;0.000000;2972.000000;2972.000000;103.481894;0.000000;0.000000;-nan;        16s 178ms 207μs 554ns;                        -550896424132511ns
4bedd9;82;1;150;107;7;44;45.000000;0.000000;0.000000;2970.000000;2970.000000;103.196664;0.000000;0.000000;-nan;        14s 815ms 627μs 753ns;                        -550894229308032ns
4bedea;75;0;125;96;7;44;46.000000;0.000000;0.000000;2972.000000;2972.000000;102.944233;0.000000;0.000000;-nan;        16s 932ms 457μs 615ns;                        -1101787978418927ns
4bedfd;101;0;182;141;8;43;45.000000;0.000000;0.000000;2970.000000;2970.000000;103.376262;0.000000;0.000000;-nan;        17s 785ms 279μs  57ns;                        -1652698121441746ns
4bedae;52;8;112;76;6;44;0.000000;0.000000;-nan;2970.000000;2970.000000;100.000000;0.000000;0.000000;-nan;         8s 509ms 623μs 192ns;                          0ns
4bedb3;47;0;118;83;6;44;0.000000;0.000000;-nan;2972.000000;2972.000000;100.000000;0.000000;0.000000;-nan;        11s 515ms 864μs 722ns;                          0ns
7bcde4;168;0;195;171;12;53;0.000000;0.000000;-nan;2999.000000;2999.000000;100.000000;0.000000;0.000000;-nan;        23s 879ms 628μs 489ns;                        -7585128722859469ns
7bcdec;80;0;150;110;7;44;45.000000;0.000000;0.000000;2883.000000;2883.000000;100.000000;0.000000;0.000000;-nan;        19s  55ms  49μs 463ns;            245ms 771μs 375ns
7bce04;102;0;186;136;8;43;45.000000;0.000000;0.000000;2970.000000;2970.000000;103.556485;0.000000;0.000000;-nan;        19s 459ms 395μs 451ns;                        -1166933072501356ns
7bcd98;101;0;182;141;8;43;45.000000;0.000000;0.000000;2970.000000;2970.000000;103.196664;0.000000;0.000000;-nan;        19s 144ms  17μs 256ns;                        -1166929941881204ns
7bcdab;78;0;145;117;7;44;45.000000;0.000000;0.000000;2887.000000;2887.000000;100.000000;0.000000;0.000000;-nan;        16s 747ms 177μs 721ns;            552ms 775μs 172ns
7bcdb5;84;1;140;115;7;44;45.000000;0.000000;0.000000;2972.000000;2972.000000;103.122831;0.000000;0.000000;-nan;        16s  54ms 778μs  71ns;                        -1750379513080425ns
7bcdc7;82;0;143;115;7;44;45.000000;0.000000;0.000000;2972.000000;2972.000000;103.662365;0.000000;0.000000;-nan;        18s  40ms 310μs 923ns;                        -583462992993456ns
7bcd75;47;0;118;83;6;44;0.000000;0.000000;-nan;2972.000000;2972.000000;100.000000;0.000000;0.000000;-nan;        11s 648ms 682μs 813ns;                          0ns
7bcd79;82;0;145;113;7;44;45.000000;0.000000;0.000000;2970.000000;2970.000000;103.376262;0.000000;0.000000;-nan;        17s 734ms 386μs 247ns;                        -583462547927847ns
7bcd87;83;0;142;115;7;44;45.000000;0.000000;0.000000;2972.000000;2972.000000;103.302051;0.000000;0.000000;-nan;        16s 997ms 962μs 172ns;                        -1166922758090721ns
4bb749;80;0;148;112;7;44;45.000000;0.000000;0.000000;2882.000000;2882.000000;100.000000;0.000000;0.000000;-nan;        17s 570ms 297μs 224ns;            308ms 675μs 504ns
4bb756;102;0;182;140;8;43;45.000000;0.000000;0.000000;2970.000000;2970.000000;103.017690;0.000000;0.000000;-nan;        18s 873ms 588μs 723ns;                        -550792347968050ns
4bb70b;179;0;196;151;13;54;166.000000;0.000000;0.000000;2999.000000;2999.000000;100.000000;0.000000;0.000000;-nan;        24s 407ms 420μs 422ns;                        -7160317945674209ns
4bb71b;81;0;152;107;7;44;45.000000;0.000000;0.000000;2970.000000;2970.000000;103.376262;0.000000;0.000000;-nan;        16s 176ms 397μs 983ns;                        -1101568146771927ns
4bb72a;84;0;140;116;7;44;45.000000;0.000000;0.000000;2972.000000;2972.000000;103.302051;0.000000;0.000000;-nan;        17s 295ms 530μs 411ns;                        -550785735979834ns
4bb738;77;0;121;98;7;44;46.000000;0.000000;0.000000;2972.000000;2972.000000;102.944233;0.000000;0.000000;-nan;        17s 121ms 401μs 318ns;                        -550781103840052ns
4bb6dd;47;0;118;77;6;43;0.000000;0.000000;-nan;2972.000000;2972.000000;100.000000;0.000000;0.000000;-nan;        10s 476ms 703μs 664ns;                          0ns
4bb6e2;74;0;148;110;7;43;0.000000;0.000000;-nan;2970.000000;2970.000000;100.000000;0.000000;0.000000;-nan;        16s  27ms 117μs 282ns;                        -550783805118610ns
4bb6eb;81;0;149;110;7;44;45.000000;0.000000;0.000000;2970.000000;2970.000000;103.196664;0.000000;0.000000;-nan;        15s 753ms 121μs  24ns;                        -1101565501256929ns
4bb6fd;106;0;174;144;8;43;45.000000;0.000000;0.000000;2972.000000;2972.000000;103.481894;0.000000;0.000000;-nan;        18s 751ms 100μs 379ns;                        -1652359607744507ns
7b9d67;102;0;188;134;8;43;45.000000;0.000000;0.000000;2970.000000;2970.000000;103.556485;0.000000;0.000000;-nan;        19s 289ms 586μs 456ns;                        -1166662362308999ns
7b9d75;80;0;147;113;7;44;45.000000;0.000000;0.000000;2883.000000;2883.000000;100.000000;0.000000;0.000000;-nan;        17s 867ms 624μs  74ns;            306ms 762μs 419ns
7b9d0d;83;0;144;113;7;44;45.000000;0.000000;0.000000;2882.000000;2882.000000;100.000000;0.000000;0.000000;-nan;        17s 241ms 412μs 694ns;            636ms 637μs 142ns
7b9d30;103;0;177;144;8;43;45.000000;0.000000;0.000000;2972.000000;2972.000000;103.302051;0.000000;0.000000;-nan;        20s 136ms 402μs 838ns;                        -1749995485325070ns
7b9d43;156;0;199;143;12;51;153.000000;0.000000;0.000000;2999.000000;2999.000000;100.000000;0.000000;0.000000;-nan;        23s 650ms 807μs 587ns;                        -5249997434549205ns
7b9cd8;82;3;140;115;7;44;45.000000;0.000000;0.000000;2972.000000;2972.000000;102.944233;0.000000;0.000000;-nan;        14s 750ms 798μs 728ns;                        -1166646702815013ns
7b9ce9;80;8;146;106;7;44;45.000000;0.000000;0.000000;2970.000000;2970.000000;103.196664;0.000000;0.000000;-nan;        14s 451ms 204μs 317ns;                        -583322607027914ns
7b9cfb;80;8;145;107;7;44;45.000000;0.000000;0.000000;2873.000000;2873.000000;100.000000;0.000000;0.000000;-nan;        16s 637ms  51μs 631ns;            676ms 419μs  79ns
7b9cc6;47;0;118;83;6;44;0.000000;0.000000;-nan;2972.000000;2972.000000;100.000000;0.000000;0.000000;-nan;        12s 986ms 507μs 814ns;                          0ns
7b9cc9;84;0;143;113;7;44;45.000000;0.000000;0.000000;2972.000000;2972.000000;103.481894;0.000000;0.000000;-nan;        16s 914ms 837μs 873ns;                        -1166652142678161ns
4b854e;106;0;120;76;10;50;0.000000;0.000000;-nan;2999.000000;2999.000000;100.000000;0.000000;0.000000;-nan;        21s 587ms 300μs 416ns;                        -3854776916218766ns
4b8563;82;0;148;110;7;44;45.000000;0.000000;0.000000;2883.000000;2883.000000;100.000000;0.000000;0.000000;-nan;        18s 482ms 127μs  78ns;            611ms 756μs 653ns
4b850f;82;0;147;111;7;44;45.000000;0.000000;0.000000;2970.000000;2970.000000;103.196664;0.000000;0.000000;-nan;        17s 913ms 673μs 820ns;                        -1101354509018432ns
4b852a;86;0;140;114;7;44;45.000000;0.000000;0.000000;2887.000000;2887.000000;100.000000;0.000000;0.000000;-nan;        18s 152ms 629μs 960ns;            666ms 159μs 418ns
4b8538;80;8;137;115;7;44;45.000000;0.000000;0.000000;2882.000000;2882.000000;100.000000;0.000000;0.000000;-nan;        15s 914ms  16μs 183ns;            393ms 584μs 136ns
4b84c8;83;0;141;116;7;44;45.000000;0.000000;0.000000;2972.000000;2972.000000;103.481894;0.000000;0.000000;-nan;        16s 708ms  58μs  92ns;                        -1101349750734342ns
4b84e2;103;0;182;139;8;43;45.000000;0.000000;0.000000;2970.000000;2970.000000;103.376262;0.000000;0.000000;-nan;        19s  97ms 132μs 847ns;                        -1652033136868124ns
4b84f7;103;0;179;142;8;43;45.000000;0.000000;0.000000;2972.000000;2972.000000;103.302051;0.000000;0.000000;-nan;        18s 890ms 225μs 314ns;                        -1652035171045349ns
4b84b6;43;2;122;75;6;43;0.000000;0.000000;-nan;2970.000000;2970.000000;100.000000;0.000000;0.000000;-nan;         7s 328ms 658μs  69ns;                          0ns
4b84bb;78;0;143;111;7;43;0.000000;0.000000;-nan;2972.000000;2972.000000;100.000000;0.000000;0.000000;-nan;        16s  34ms 326μs 821ns;                        -550674608418712ns
7b6d8e;103;0;182;139;8;43;45.000000;0.000000;0.000000;2970.000000;2970.000000;103.556485;0.000000;0.000000;-nan;        20s 366ms  88μs 112ns;                        -1749595713785399ns
7b6da3;81;0;148;111;7;44;45.000000;0.000000;0.000000;2970.000000;2970.000000;103.376262;0.000000;0.000000;-nan;        20s 201ms 610μs 373ns;                        -583197603486668ns
7b6db9;102;0;182;140;8;43;45.000000;0.000000;0.000000;2970.000000;2970.000000;103.017690;0.000000;0.000000;-nan;        20s 527ms 651μs 913ns;                        -583203697258216ns
7b6d52;83;0;146;111;7;44;45.000000;0.000000;0.000000;2972.000000;2972.000000;102.944233;0.000000;0.000000;-nan;        18s 721ms 482μs 290ns;                        -1166391360792438ns
7b6d63;84;0;146;110;7;44;45.000000;0.000000;0.000000;2972.000000;2972.000000;103.122831;0.000000;0.000000;-nan;        18s 509ms  64μs 773ns;                        -583194052087028ns
7b6d71;87;0;144;117;7;45;46.000000;0.000000;0.000000;2872.000000;2872.000000;100.000000;0.000000;0.000000;-nan;        19s 532ms 860μs 758ns;            546ms 100μs 563ns
7b6d81;81;0;143;116;7;44;45.000000;0.000000;0.000000;2972.000000;2972.000000;103.302051;0.000000;0.000000;-nan;        18s  92ms 946μs 937ns;                        -1166386615590363ns
7b6d2f;55;0;112;81;6;44;0.000000;0.000000;-nan;2972.000000;2972.000000;100.000000;0.000000;0.000000;-nan;        14s 424ms 138μs 966ns;                          0ns
7b6d32;80;0;147;113;7;44;45.000000;0.000000;0.000000;2878.000000;2878.000000;100.000000;0.000000;0.000000;-nan;        18s 256ms 512μs  72ns;            258ms 649μs 115ns
7b6d45;84;0;145;111;7;44;45.000000;0.000000;0.000000;2972.000000;2972.000000;103.662365;0.000000;0.000000;-nan;        17s 809ms   3μs  49ns;                        -583192578719308ns
1b6a50;54;0;61;59;6;24;25.000000;0.000000;0.000000;1890.000000;1890.000000;100.105932;0.000000;0.000000;-nan;         6s 891ms 405μs 494ns;            540ms 833μs 350ns
1b6a63;118;0;91;109;8;41;48.000000;0.000000;0.000000;2855.000000;2855.000000;100.000000;0.000000;0.000000;-nan;         9s 617ms 484μs 387ns;            466ms  52μs 812ns
1b6a6c;70;0;76;72;7;23;25.000000;0.000000;0.000000;1890.000000;1890.000000;100.371747;0.000000;0.000000;-nan;         7s 727ms 524μs 221ns;            577ms 974μs 634ns
1b6a7b;55;0;64;55;6;24;25.000000;0.000000;0.000000;1890.000000;1890.000000;100.000000;0.000000;0.000000;-nan;         6s 792ms 715μs 618ns;            367ms 102μs 249ns
1b6a08;53;0;62;59;6;24;25.000000;0.000000;0.000000;1880.000000;1880.000000;100.000000;0.000000;0.000000;-nan;         6s 125ms 412μs  31ns;            139ms 742μs 164ns
1b6a18;96;0;86;100;8;24;27.000000;0.000000;0.000000;1888.000000;1888.000000;107.333712;0.000000;0.000000;-nan;         8s 478ms 184μs 421ns;         1s 189ms  79μs  19ns
1b6a2c;55;0;60;59;6;24;25.000000;0.000000;0.000000;1885.000000;1885.000000;100.000000;0.000000;0.000000;-nan;         6s 566ms 583μs 413ns;            139ms 352μs 134ns
1b6a3d;59;0;64;65;6;26;27.000000;0.000000;0.000000;2047.000000;2047.000000;100.000000;0.000000;0.000000;-nan;         6s 683ms 310μs 170ns;            160ms 134μs 140ns
1b69f7;54;0;64;56;6;24;25.000000;0.000000;0.000000;1890.000000;1890.000000;109.628770;0.000000;0.000000;-nan;         6s 271ms  69μs 671ns;            471ms 381μs 713ns
1b69fa;71;0;72;75;7;23;25.000000;0.000000;0.000000;1760.000000;1760.000000;100.000000;0.000000;0.000000;-nan;         7s 118ms 465μs 494ns;            461ms 789μs 719ns
4b54ce;81;0;149;110;7;44;45.000000;0.000000;0.000000;2970.000000;2970.000000;103.196664;0.000000;0.000000;-nan;        18s 262ms 856μs 253ns;                        -1101096487627116ns
4b54de;160;0;191;147;13;53;168.000000;0.000000;0.000000;2999.000000;2999.000000;100.000000;0.000000;0.000000;-nan;        23s 877ms 230μs 152ns;                        -4404422468017958ns
4b54f1;82;0;147;111;7;44;45.000000;0.000000;0.000000;2883.000000;2883.000000;100.000000;0.000000;0.000000;-nan;        18s 139ms 286μs 856ns;            333ms 837μs 592ns
4b5488;84;0;145;111;7;44;45.000000;0.000000;0.000000;2868.000000;2868.000000;100.000000;0.000000;0.000000;-nan;        16s 844ms  62μs 149ns;            718ms 245μs 478ns
4b549d;104;0;176;144;8;43;45.000000;0.000000;0.000000;2972.000000;2972.000000;103.481894;0.000000;0.000000;-nan;        18s 545ms 467μs 315ns;                        -1651646926015049ns
4b54b1;84;0;143;113;7;44;45.000000;0.000000;0.000000;2972.000000;2972.000000;103.662365;0.000000;0.000000;-nan;        17s 177ms 144μs 254ns;                        -1651636288606353ns
4b54bf;83;0;146;111;7;44;45.000000;0.000000;0.000000;2882.000000;2882.000000;100.000000;0.000000;0.000000;-nan;        17s 378ms 331μs 588ns;            792ms 406μs 904ns
4b5469;75;0;148;109;7;43;0.000000;0.000000;-nan;2970.000000;2970.000000;100.000000;0.000000;0.000000;-nan;        16s 679ms  38μs 455ns;                        -550544349694973ns
4b546d;47;0;122;79;6;44;0.000000;0.000000;-nan;2972.000000;2972.000000;100.000000;0.000000;0.000000;-nan;        13s 693ms 958μs 508ns;                          0ns
4b5472;80;0;146;114;7;44;45.000000;0.000000;0.000000;2970.000000;2970.000000;103.376262;0.000000;0.000000;-nan;        16s 306ms 388μs 336ns;                        -550543228373997ns
7b3c56;197;0;223;144;15;52;163.000000;0.000000;0.000000;2999.000000;2999.000000;100.000000;0.000000;0.000000;-nan;        26s 251ms 746μs 593ns;                        -13993668337790223ns
7b3c75;83;0;146;111;7;44;45.000000;0.000000;0.000000;2972.000000;2972.000000;102.944233;0.000000;0.000000;-nan;        18s 818ms 563μs 936ns;                        -1166120751275320ns
7b3c1a;102;0;186;136;8;43;45.000000;0.000000;0.000000;2970.000000;2970.000000;103.017690;0.000000;0.000000;-nan;        19s 707ms 432μs 878ns;                        -583063371790497ns
7b3c2b;101;0;177;146;8;43;45.000000;0.000000;0.000000;2972.000000;2972.000000;103.302051;0.000000;0.000000;-nan;        19s 896ms 251μs 217ns;                        -1749184895538155ns
7b3c38;82;0;147;111;7;44;45.000000;0.000000;0.000000;2972.000000;2972.000000;103.122831;0.000000;0.000000;-nan;        17s 948ms 639μs  22ns;                        -1166117828062971ns
7b3c46;78;8;142;112;7;44;45.000000;0.000000;0.000000;2970.000000;2970.000000;103.556485;0.000000;0.000000;-nan;        16s 591ms 475μs 525ns;                        -583055105849506ns
7b3be6;55;0;112;81;6;44;0.000000;0.000000;-nan;2972.000000;2972.000000;100.000000;0.000000;0.000000;-nan;        12s 552ms 195μs 628ns;                          0ns
7b3bea;84;0;141;115;7;44;45.000000;0.000000;0.000000;2972.000000;2972.000000;103.481894;0.000000;0.000000;-nan;        17s 200ms 675μs 890ns;                        -1749173574714414ns
7b3bfb;81;0;150;109;7;44;45.000000;0.000000;0.000000;2873.000000;2873.000000;100.000000;0.000000;0.000000;-nan;        16s 703ms 756μs 931ns;            734ms 734μs 465ns
7b3c0a;84;0;146;118;7;45;46.000000;0.000000;0.000000;2878.000000;2878.000000;100.000000;0.000000;0.000000;-nan;        17s  46ms 827μs 400ns;            690ms 648μs 520ns
4b2484;84;0;145;111;7;44;45.000000;0.000000;0.000000;2972.000000;2972.000000;103.481894;0.000000;0.000000;-nan;        17s 660ms 725μs 303ns;                        -550399015643075ns
4b2490;102;8;175;139;8;43;45.000000;0.000000;0.000000;2970.000000;2970.000000;103.556485;0.000000;0.000000;-nan;        18s  20ms 846μs 205ns;                        -1651192541278831ns
4b24a1;157;1;181;129;13;51;155.000000;0.000000;0.000000;2999.000000;2999.000000;100.000000;0.000000;0.000000;-nan;        22s 613ms 817μs 947ns;                        -6604843186950335ns
4b24bb;83;0;143;114;7;44;45.000000;0.000000;0.000000;2882.000000;2882.000000;100.000000;0.000000;0.000000;-nan;        18s 242ms 305μs 213ns;            383ms 174μs 408ns
4b2444;81;0;151;108;7;44;45.000000;0.000000;0.000000;2970.000000;2970.000000;103.196664;0.000000;0.000000;-nan;        16s 372ms 946μs 487ns;                        -1100793414267265ns
4b2456;101;1;180;141;8;43;45.000000;0.000000;0.000000;2970.000000;2970.000000;103.376262;0.000000;0.000000;-nan;        17s 925ms 197μs 935ns;                        -1100795537917308ns
4b2467;83;0;147;110;7;44;45.000000;0.000000;0.000000;2883.000000;2883.000000;100.000000;0.000000;0.000000;-nan;        17s 400ms   5μs 190ns;            529ms  59μs 441ns
4b2408;43;0;126;79;6;44;0.000000;0.000000;-nan;2970.000000;2970.000000;100.000000;0.000000;0.000000;-nan;        12s 613ms 466μs 698ns;                          0ns
4b240d;45;8;115;80;6;44;0.000000;0.000000;-nan;2972.000000;2972.000000;100.000000;0.000000;0.000000;-nan;         8s 615ms 200μs 246ns;                          0ns
4b2418;102;0;176;146;8;43;45.000000;0.000000;0.000000;2972.000000;2972.000000;103.302051;0.000000;0.000000;-nan;        18s 782ms 685μs 534ns;                        -550402443810754ns
7b0c90;78;0;151;111;7;44;45.000000;0.000000;0.000000;2878.000000;2878.000000;100.000000;0.000000;0.000000;-nan;        19s 387ms 643μs 856ns;            260ms 654μs  31ns
7b0c99;81;8;136;115;7;44;45.000000;0.000000;0.000000;2972.000000;2972.000000;103.662365;0.000000;0.000000;-nan;        17s 166ms 747μs 417ns;                        -1165849946104033ns
7b0ca8;78;8;139;115;7;44;45.000000;0.000000;0.000000;2972.000000;2972.000000;102.944233;0.000000;0.000000;-nan;        17s 696ms  18μs 405ns;                        -1165852901068853ns
7b0c50;82;0;145;113;7;44;45.000000;0.000000;0.000000;2972.000000;2972.000000;103.302051;0.000000;0.000000;-nan;        18s 740ms 130μs 122ns;                        -1165857868879572ns
7b0c5d;81;0;145;114;7;44;45.000000;0.000000;0.000000;2868.000000;2868.000000;100.000000;0.000000;0.000000;-nan;        17s 888ms 346μs 681ns;            782ms 265μs 486ns
7b0c6e;115;0;190;144;9;41;45.000000;0.000000;0.000000;2855.000000;2855.000000;100.000000;0.000000;0.000000;-nan;        20s 717ms 224μs 767ns;         1s 228ms 690μs 505ns
7b0c7f;80;0;150;110;7;44;45.000000;0.000000;0.000000;2970.000000;2970.000000;103.376262;0.000000;0.000000;-nan;        19s 878ms 963μs 197ns;                        -582930610654818ns
7b0c25;57;0;109;82;6;44;0.000000;0.000000;-nan;2972.000000;2972.000000;100.000000;0.000000;0.000000;-nan;        14s 664ms 125μs  42ns;                          0ns
7b0c2a;82;0;142;116;7;44;45.000000;0.000000;0.000000;2972.000000;2972.000000;103.481894;0.000000;0.000000;-nan;        17s 444ms  14μs 240ns;                        -1165851407635807ns
7b0c3b;105;0;182;147;8;44;46.000000;0.000000;0.000000;2883.000000;2883.000000;100.000000;0.000000;0.000000;-nan;        19s 734ms 929μs 714ns;         1s 247ms 826μs 910ns
4af3cf;103;0;164;101;8;50;0.000000;0.000000;-nan;2999.000000;2999.000000;100.000000;0.000000;0.000000;-nan;        22s   2ms 583μs 752ns;                        -1100464527568484ns
4af3dc;103;0;177;144;8;43;45.000000;0.000000;0.000000;2972.000000;2972.000000;103.481894;0.000000;0.000000;-nan;        21s 507ms 670μs 380ns;                        -1650708634288889ns
4af382;81;0;142;117;7;44;45.000000;0.000000;0.000000;2972.000000;2972.000000;103.302051;0.000000;0.000000;-nan;        16s 476ms 836μs  42ns;                        -550229341536234ns
4af390;80;0;149;111;7;44;45.000000;0.000000;0.000000;2970.000000;2970.000000;103.017690;0.000000;0.000000;-nan;        16s 170ms 760μs 544ns;                        -550228339517171ns
4af3a1;84;1;145;110;7;44;45.000000;0.000000;0.000000;2882.000000;2882.000000;100.000000;0.000000;0.000000;-nan;        16s  48ms 105μs 242ns;            369ms 767μs 195ns
4af3b1;104;0;184;136;8;43;45.000000;0.000000;0.000000;2970.000000;2970.000000;103.556485;0.000000;0.000000;-nan;        20s 259ms 611μs 337ns;                        -1650698827731308ns
4af3bc;103;0;181;140;8;43;45.000000;0.000000;0.000000;2972.000000;2972.000000;102.944233;0.000000;0.000000;-nan;        20s 134ms 274μs 778ns;                        -550235666466745ns
4af35f;47;0;118;77;6;43;0.000000;0.000000;-nan;2972.000000;2972.000000;100.000000;0.000000;0.000000;-nan;        11s 316ms  60μs 668ns;                          0ns
4af368;75;0;147;110;7;43;0.000000;0.000000;-nan;2970.000000;2970.000000;100.000000;0.000000;0.000000;-nan;        16s 589ms 990μs 512ns;                        -550230192901625ns
4af370;103;0;181;140;8;43;45.000000;0.000000;0.000000;2970.000000;2970.000000;103.196664;0.000000;0.000000;-nan;        20s 425ms 386μs 983ns;                        -1650700723569125ns
1ae102;66;0;66;62;6;27;28.000000;0.000000;0.000000;1881.000000;1881.000000;100.000000;0.000000;0.000000;-nan;         7s 409ms 478μs 460ns;            538ms 159μs 465ns
1ae10c;69;0;74;75;7;23;25.000000;0.000000;0.000000;1890.000000;1890.000000;107.325383;0.000000;0.000000;-nan;         7s 583ms 741μs 603ns;            463ms  53μs 477ns
1ae11b;61;0;62;65;6;26;27.000000;0.000000;0.000000;1888.000000;1888.000000;100.000000;0.000000;0.000000;-nan;         7s 211ms 795μs 597ns;            413ms 983μs 705ns
1ae129;34;0;52;38;5;24;24.000000;24.000000;100.000000;1890.000000;1890.000000;100.000000;0.000000;0.000000;-nan;         5s 986ms  53μs 271ns;                          0ns
1ae0cd;50;1;66;51;6;23;24.000000;0.000000;0.000000;1885.000000;1885.000000;100.000000;0.000000;0.000000;-nan;         5s 872ms 237μs 385ns;            199ms 221μs 272ns
1ae0e3;62;0;61;65;6;26;27.000000;0.000000;0.000000;2048.000000;2048.000000;100.048852;0.000000;0.000000;-nan;         6s 125ms 796μs 942ns;            358ms 520μs 924ns
1ae09a;54;0;64;56;6;24;25.000000;0.000000;0.000000;1883.000000;1883.000000;100.000000;0.000000;0.000000;-nan;         6s 188ms 907μs 653ns;            300ms 812μs 343ns
1ae09e;71;0;76;71;7;23;25.000000;0.000000;0.000000;1763.000000;1763.000000;100.000000;0.000000;0.000000;-nan;         7s 299ms 310μs 669ns;            427ms 463μs 635ns
1ae0ae;75;0;66;77;7;23;25.000000;0.000000;0.000000;1889.000000;1889.000000;100.000000;0.000000;0.000000;-nan;         7s 504ms 599μs 602ns;            449ms 122μs 202ns
1ae0bf;52;8;54;54;6;23;24.000000;0.000000;0.000000;1880.000000;1880.000000;100.000000;0.000000;0.000000;-nan;         5s 468ms 686μs 370ns;            147ms 989μs 358ns
7adb61;81;0;149;110;7;44;45.000000;0.000000;0.000000;2873.000000;2873.000000;100.000000;0.000000;0.000000;-nan;        18s 817ms 883μs 349ns;            545ms 529μs 747ns
7adb65;105;0;175;144;8;43;45.000000;0.000000;0.000000;2972.000000;2972.000000;103.122831;0.000000;0.000000;-nan;        21s 180ms 943μs 229ns;                        -1165596867351694ns
7adb73;81;0;145;114;7;44;45.000000;0.000000;0.000000;2972.000000;2972.000000;102.944233;0.000000;0.000000;-nan;        19s 657ms 617μs 385ns;                        -1165592581599113ns
7adb15;130;0;206;182;9;43;46.000000;0.000000;0.000000;2972.000000;2972.000000;103.481894;0.000000;0.000000;-nan;        21s 665ms 754μs 595ns;                        -582802887498392ns
7adb24;102;0;185;137;8;43;45.000000;0.000000;0.000000;2970.000000;2970.000000;103.556485;0.000000;0.000000;-nan;        20s 677ms  43μs 381ns;                        -1748385048426813ns
7adb34;101;0;184;139;8;43;45.000000;0.000000;0.000000;2970.000000;2970.000000;103.017690;0.000000;0.000000;-nan;        20s 853ms 232μs 334ns;                        -1165594478853096ns
7adb44;113;0;130;85;10;52;0.000000;0.000000;-nan;2999.000000;2999.000000;100.000000;0.000000;0.000000;-nan;        23s 383ms 444μs 861ns;                        -5245190313913487ns
7adaf2;47;0;120;75;6;43;0.000000;0.000000;-nan;2972.000000;2972.000000;100.000000;0.000000;0.000000;-nan;        11s 535ms 182μs 782ns;                          0ns
7adaf6;79;0;147;114;7;44;45.000000;0.000000;0.000000;2878.000000;2878.000000;100.000000;0.000000;0.000000;-nan;        16s 914ms 115μs 270ns;            309ms  73μs 886ns
7adb07;82;0;141;117;7;44;45.000000;0.000000;0.000000;2972.000000;2972.000000;103.302051;0.000000;0.000000;-nan;        16s 476ms 917μs 243ns;                        -1748373932986796ns
4ac4ce;81;0;149;110;7;44;45.000000;0.000000;0.000000;2970.000000;2970.000000;103.196664;0.000000;0.000000;-nan;        16s 393ms 807μs 673ns;                        -1100210401356028ns
4ac4df;82;0;145;113;7;44;45.000000;0.000000;0.000000;2970.000000;2970.000000;103.017690;0.000000;0.000000;-nan;        15s 938ms 953μs 235ns;                        -1100208528379841ns
4ac4e8;80;0;145;115;7;44;45.000000;0.000000;0.000000;2882.000000;2882.000000;100.000000;0.000000;0.000000;-nan;        16s 151ms 484μs 164ns;            414ms 954μs 340ns
4ac4f7;83;0;143;114;7;44;45.000000;0.000000;0.000000;2887.000000;2887.000000;100.000000;0.000000;0.000000;-nan;        16s 566ms 762μs 880ns;            705ms 678μs 300ns
4ac488;81;0;146;113;7;44;45.000000;0.000000;0.000000;2972.000000;2972.000000;103.445875;0.000000;0.000000;-nan;        15s 447ms 679μs 319ns;                        -1100204662196171ns
4ac49d;81;0;142;117;7;44;45.000000;0.000000;0.000000;2972.000000;2972.000000;103.302051;0.000000;0.000000;-nan;        15s 182ms 860μs   5ns;                        -550101443951000ns
4ac4ae;82;0;144;114;7;44;45.000000;0.000000;0.000000;2872.000000;2872.000000;100.000000;0.000000;0.000000;-nan;        15s 809ms 357μs 803ns;            625ms 283μs 957ns
4ac4ba;158;0;182;124;13;51;159.000000;0.000000;0.000000;2999.000000;2999.000000;100.000000;0.000000;0.000000;-nan;        21s 332ms 690μs 692ns;                        -6601319386143614ns
4ac47a;47;0;120;81;6;44;0.000000;0.000000;-nan;2972.000000;2972.000000;100.000000;0.000000;0.000000;-nan;        12s  74ms 542μs 818ns;                          0ns
4ac47d;43;0;123;82;6;44;0.000000;0.000000;-nan;2970.000000;2970.000000;100.000000;0.000000;0.000000;-nan;        11s 801ms  75μs 213ns;                          0ns
7aacce;80;0;148;112;7;44;45.000000;0.000000;0.000000;2970.000000;2970.000000;103.196664;0.000000;0.000000;-nan;        17s 613ms 607μs 352ns;                        -582665167565863ns
7aace2;82;0;145;113;7;44;45.000000;0.000000;0.000000;2970.000000;2970.000000;103.017690;0.000000;0.000000;-nan;        18s 179ms 270μs 117ns;                        -582666332566177ns
7aacf1;81;0;149;110;7;44;45.000000;0.000000;0.000000;2873.000000;2873.000000;100.000000;0.000000;0.000000;-nan;        17s 766ms 793μs 899ns;            812ms 489μs  74ns
7aac8d;83;0;144;113;7;44;45.000000;0.000000;0.000000;2972.000000;2972.000000;103.662365;0.000000;0.000000;-nan;        17s 426ms 213μs 146ns;                        -582664078364757ns
7aacb6;78;8;142;112;7;44;45.000000;0.000000;0.000000;2868.000000;2868.000000;100.000000;0.000000;0.000000;-nan;        16s 988ms 808μs 391ns;            571ms 834μs 365ns
7aacc0;93;118;74;67;9;58;0.000000;0.000000;-nan;2999.000000;2999.000000;100.000000;0.000000;0.000000;-nan;        19s  56ms 283μs 424ns;                        -1165323045926870ns
7aac53;89;18;149;124;8;43;46.000000;0.000000;0.000000;2972.000000;2972.000000;103.481894;0.000000;0.000000;-nan;        14s 369ms  51μs 528ns;                        -1165314766695094ns
7aac6d;84;0;142;114;7;44;45.000000;0.000000;0.000000;2972.000000;2972.000000;103.122831;0.000000;0.000000;-nan;        17s 146ms 338μs 545ns;                        -582662512827130ns
7aac3c;55;0;115;78;6;44;0.000000;0.000000;-nan;2972.000000;2972.000000;100.000000;0.000000;0.000000;-nan;        13s 223ms 964μs 788ns;                          0ns
7aac41;79;8;134;119;7;44;45.000000;0.000000;0.000000;2887.000000;2887.000000;100.000000;0.000000;0.000000;-nan;        14s 102ms 227μs 403ns;            688ms 631μs 290ns
4a9388;80;0;147;113;7;44;45.000000;0.000000;0.000000;2970.000000;2970.000000;103.196664;0.000000;0.000000;-nan;        17s 593ms 618μs 104ns;                        -549993522988973ns
4a9353;97;0;155;128;8;43;46.000000;0.000000;0.000000;2970.000000;2970.000000;103.017690;0.000000;0.000000;-nan;        18s 445ms 828μs 123ns;                        -1099984008019532ns
4a9365;82;0;144;114;7;44;45.000000;0.000000;0.000000;2882.000000;2882.000000;100.000000;0.000000;0.000000;-nan;        16s 159ms  69μs 140ns;            431ms 277μs 466ns
4a9377;84;0;142;114;7;44;45.000000;0.000000;0.000000;2972.000000;2972.000000;102.944233;0.000000;0.000000;-nan;        17s 127ms 590μs 121ns;                        -549991831575103ns
4a9310;104;2;174;144;8;43;45.000000;0.000000;0.000000;2972.000000;2972.000000;103.481894;0.000000;0.000000;-nan;        17s 352ms 573μs 902ns;                        -1649969317906797ns
4a931d;219;0;241;206;15;51;165.000000;0.000000;0.000000;2999.000000;2999.000000;100.000000;0.000000;0.000000;-nan;        25s 522ms 953μs  94ns;                        -11000029128275920ns
4a933e;81;0;146;113;7;44;45.000000;0.000000;0.000000;2972.000000;2972.000000;103.445875;0.000000;0.000000;-nan;        16s 344ms 482μs 421ns;                        -549990629190500ns
4a92e5;47;0;120;75;6;43;0.000000;0.000000;-nan;2972.000000;2972.000000;100.000000;0.000000;0.000000;-nan;        11s 718ms 755μs 478ns;                          0ns
4a92ea;43;0;123;82;6;44;0.000000;0.000000;-nan;2970.000000;2970.000000;100.000000;0.000000;0.000000;-nan;        10s 776ms 996μs 114ns;                          0ns
4a92f3;101;0;178;145;8;43;45.000000;0.000000;0.000000;2972.000000;2972.000000;103.302051;0.000000;0.000000;-nan;        18s 252ms 163μs 539ns;                        -549994323036948ns
7a7bd2;82;0;147;111;7;44;45.000000;0.000000;0.000000;2972.000000;2972.000000;103.481894;0.000000;0.000000;-nan;        18s  97ms 416μs 785ns;                        -1165062160377243ns
7a7be6;82;0;147;111;7;44;45.000000;0.000000;0.000000;2883.000000;2883.000000;100.523013;0.000000;0.000000;-nan;        18s 537ms 756μs 528ns;            959ms 944μs 733ns
7a7bf3;185;0;210;167;14;50;157.000000;0.000000;0.000000;2999.000000;2999.000000;100.000000;0.000000;0.000000;-nan;        24s 604ms 947μs 562ns;                        -8155537073873104ns
7a7c03;82;0;147;111;7;44;45.000000;0.000000;0.000000;2883.000000;2883.000000;100.000000;0.000000;0.000000;-nan;        17s 992ms  93μs 422ns;            259ms 423μs 171ns
7a7b99;104;0;179;141;8;43;45.000000;0.000000;0.000000;2972.000000;2972.000000;102.944233;0.000000;0.000000;-nan;        18s 708ms 185μs 633ns;                        -582533681115304ns
7a7bad;83;0;146;111;7;44;45.000000;0.000000;0.000000;2878.000000;2878.000000;100.000000;0.000000;0.000000;-nan;        17s 994ms 593μs 298ns;            508ms 375μs 880ns
7a7bbd;81;1;146;112;7;44;45.000000;0.000000;0.000000;2873.000000;2873.000000;100.000000;0.000000;0.000000;-nan;        14s 722ms 302μs 891ns;            618ms 949μs 444ns
7a7b75;56;0;111;81;6;44;0.000000;0.000000;-nan;2972.000000;2972.000000;100.000000;0.000000;0.000000;-nan;        12s 373ms 409μs 639ns;                          0ns
7a7b78;81;0;141;118;7;44;45.000000;0.000000;0.000000;2972.000000;2972.000000;103.302051;0.000000;0.000000;-nan;        17s  23ms 270μs 766ns;                        -582527527889567ns
7a7b8b;83;0;146;111;7;44;45.000000;0.000000;0.000000;2972.000000;2972.000000;103.122831;0.000000;0.000000;-nan;        16s 637ms  77μs 323ns;                        -1165053004595718ns
4a658a;81;0;146;113;7;44;45.000000;0.000000;0.000000;2970.000000;2970.000000;103.556485;0.000000;0.000000;-nan;        17s 522ms 674μs 219ns;                        -549888556824938ns
4a6597;61;0;110;83;6;45;45.000000;45.000000;100.000000;2882.000000;2882.000000;100.000000;0.000000;0.000000;-nan;        15s 488ms  86μs 102ns;                          0ns
4a65a7;84;0;142;114;7;44;45.000000;0.000000;0.000000;2972.000000;2972.000000;102.944233;0.000000;0.000000;-nan;        17s 395ms 793μs 674ns;                        -549888006980967ns
4a65bd;81;0;146;113;7;44;45.000000;0.000000;0.000000;2970.000000;2970.000000;103.196664;0.000000;0.000000;-nan;        17s 722ms  56μs 119ns;                        -549889729978062ns
4a6542;81;0;145;114;7;44;45.000000;0.000000;0.000000;2883.000000;2883.000000;100.000000;0.000000;0.000000;-nan;        16s 518ms 159μs 600ns;            564ms 320μs 664ns
4a6558;84;0;142;114;7;44;45.000000;0.000000;0.000000;2972.000000;2972.000000;103.481894;0.000000;0.000000;-nan;        16s 797ms 763μs 657ns;                        -549885933094975ns
4a6568;75;0;120;101;7;44;46.000000;0.000000;0.000000;2883.000000;2883.000000;100.348068;0.000000;0.000000;-nan;        16s 923ms 817μs 546ns;            544ms  28μs 700ns
4a657a;81;0;145;114;7;44;45.000000;0.000000;0.000000;2972.000000;2972.000000;103.302051;0.000000;0.000000;-nan;        17s 168ms 981μs 369ns;                        -549887350125612ns
4a6534;76;0;149;107;7;43;0.000000;0.000000;-nan;2972.000000;2972.000000;100.000000;0.000000;0.000000;-nan;        16s 291ms  86μs 801ns;                        -549885567029920ns
4a6539;43;0;123;82;6;44;0.000000;0.000000;-nan;2970.000000;2970.000000;100.000000;0.000000;0.000000;-nan;        11s 148ms  75μs 722ns;                          0ns
1a5743;70;0;75;73;7;23;25.000000;0.000000;0.000000;1890.000000;1890.000000;100.000000;0.000000;0.000000;-nan;         8s 235ms 790μs 688ns;            438ms 181μs 747ns
1a5701;72;0;75;79;7;24;26.000000;0.000000;0.000000;1761.000000;1761.000000;100.000000;0.000000;0.000000;-nan;         8s 149ms 160μs 331ns;            485ms 582μs 531ns
1a5711;61;0;65;62;6;26;27.000000;0.000000;0.000000;2048.000000;2048.000000;100.000000;0.000000;0.000000;-nan;         7s 274ms  57μs 162ns;            475ms 892μs 982ns
1a5722;69;0;80;69;7;23;25.000000;0.000000;0.000000;1890.000000;1890.000000;100.105932;0.000000;0.000000;-nan;         8s 327ms 894μs 209ns;            399ms  69μs 328ns
1a5733;57;1;59;57;6;24;25.000000;0.000000;0.000000;1883.000000;1883.000000;100.000000;0.000000;0.000000;-nan;         6s 378ms 111μs 684ns;            324ms 281μs 881ns
1a56d3;61;0;70;63;6;27;28.000000;0.000000;0.000000;1834.000000;1834.000000;100.000000;0.000000;0.000000;-nan;         6s 979ms 539μs 770ns;            197ms 885μs 546ns
1a56e9;64;0;55;61;6;25;26.000000;0.000000;0.000000;1827.000000;1827.000000;100.000000;0.000000;0.000000;-nan;         7s 824ms 577μs   1ns;            177ms 517μs 548ns
1a56ab;69;0;74;75;7;23;25.000000;0.000000;0.000000;1890.000000;1890.000000;100.531915;0.000000;0.000000;-nan;         8s  40ms  64μs  11ns;            495ms  56μs  81ns
1a56af;58;0;66;56;6;25;26.000000;0.000000;0.000000;1760.000000;1760.000000;100.000000;0.000000;0.000000;-nan;         6s 821ms 801μs 868ns;            149ms 170μs 648ns
1a56bf;66;0;77;75;7;23;25.000000;0.000000;0.000000;1885.000000;1885.000000;100.000000;0.000000;0.000000;-nan;         7s 962ms 515μs  33ns;            563ms 144μs 186ns
7a4993;58;0;114;82;6;45;45.000000;45.000000;100.000000;2878.000000;2878.000000;100.000000;0.000000;0.000000;-nan;        15s 887ms 559μs 948ns;                          0ns
7a4952;83;0;143;114;7;44;45.000000;0.000000;0.000000;2972.000000;2972.000000;103.481894;0.000000;0.000000;-nan;        17s 403ms 774μs 195ns;                        -1164790403679735ns
7a495e;80;8;140;112;7;44;45.000000;0.000000;0.000000;2970.000000;2970.000000;103.017690;0.000000;0.000000;-nan;        15s 662ms  93μs 524ns;                        -582392059884965ns
7a4971;186;0;187;149;13;51;144.000000;0.000000;0.000000;2999.000000;2999.000000;100.000000;0.000000;0.000000;-nan;        23s 959ms 375μs 599ns;                        -11065656532440149ns
7a491a;79;8;144;109;7;44;45.000000;0.000000;0.000000;2970.000000;2970.000000;103.376262;0.000000;0.000000;-nan;        15s 527ms 860μs 303ns;                        -582390798933729ns
7a4932;76;0;121;99;7;44;46.000000;0.000000;0.000000;2970.000000;2970.000000;103.556485;0.000000;0.000000;-nan;        17s  96ms 510μs 145ns;                        -582389835010109ns
7a48d1;46;0;121;81;6;44;0.000000;0.000000;-nan;2972.000000;2972.000000;100.000000;0.000000;0.000000;-nan;        13s  71ms 984μs 288ns;                          0ns
7a48d6;104;0;177;143;8;43;45.000000;0.000000;0.000000;2972.000000;2972.000000;103.302051;0.000000;0.000000;-nan;        18s  12ms 415μs  83ns;                        -1747184241454823ns
7a48e7;80;4;145;111;7;44;45.000000;0.000000;0.000000;2972.000000;2972.000000;102.944233;0.000000;0.000000;-nan;        15s 281ms 419μs 266ns;                        -582390635139752ns
7a48fc;91;86;132;115;8;43;45.000000;0.000000;0.000000;2972.000000;2972.000000;103.122831;0.000000;0.000000;-nan;        18s 431ms 614μs 535ns;                        -1747186859187733ns
4a370c;82;0;147;111;7;44;45.000000;0.000000;0.000000;2878.000000;2878.000000;100.000000;0.000000;0.000000;-nan;        18s 944ms 484μs 822ns;            517ms 223μs 489ns
4a36c4;82;0;141;117;7;44;45.000000;0.000000;0.000000;2872.000000;2872.000000;100.000000;0.000000;0.000000;-nan;        18s 217ms 692μs 995ns;            618ms 260μs 624ns
4a36d5;105;0;175;144;8;43;45.000000;0.000000;0.000000;2972.000000;2972.000000;102.944233;0.000000;0.000000;-nan;        19s 275ms 108μs 128ns;                        -549788839146501ns
4a36f2;100;8;177;139;8;43;45.000000;0.000000;0.000000;2970.000000;2970.000000;103.017690;0.000000;0.000000;-nan;        19s  86ms 360μs 331ns;                        -1099567650643814ns
4a368e;81;0;145;114;7;44;45.000000;0.000000;0.000000;2970.000000;2970.000000;103.556485;0.000000;0.000000;-nan;        17s 931ms 443μs  99ns;                        -549782138727059ns
4a369f;83;6;139;112;7;44;45.000000;0.000000;0.000000;2972.000000;2972.000000;103.662365;0.000000;0.000000;-nan;        17s   9ms 794μs  23ns;                        -1099560918267938ns
4a36b0;82;8;140;110;7;44;45.000000;0.000000;0.000000;2882.000000;2882.000000;100.000000;0.000000;0.000000;-nan;        16s 758ms 867μs 172ns;            597ms  25μs 346ns
4a3651;52;8;107;81;6;44;0.000000;0.000000;-nan;2970.000000;2970.000000;100.000000;0.000000;0.000000;-nan;         9s 597ms 805μs 455ns;                          0ns
4a3656;47;0;118;77;6;43;0.000000;0.000000;-nan;2972.000000;2972.000000;100.000000;0.000000;0.000000;-nan;        13s 763ms 311μs 780ns;                          0ns
4a3667;80;0;150;110;7;44;45.000000;0.000000;0.000000;2972.000000;2972.000000;103.302051;0.000000;0.000000;-nan;        17s 808ms 372μs  54ns;                        -1099564631208656ns
7a17a0;79;0;147;114;7;44;45.000000;0.000000;0.000000;2878.000000;2878.000000;100.000000;0.000000;0.000000;-nan;        19s  67ms 646μs 402ns;            431ms 758μs 378ns
7a17a8;82;0;147;111;7;44;45.000000;0.000000;0.000000;2883.000000;2883.000000;100.000000;0.000000;0.000000;-nan;        18s 284ms 687μs 923ns;            532ms 796μs 731ns
7a17b2;104;0;181;139;8;43;45.000000;0.000000;0.000000;2972.000000;2972.000000;103.302051;0.000000;0.000000;-nan;        19s 854ms 314μs 469ns;                        -1746780842978786ns
7a174d;58;0;113;83;6;45;45.000000;45.000000;100.000000;2873.000000;2873.000000;100.000000;0.000000;0.000000;-nan;        12s 898ms  57μs 213ns;                          0ns
7a1763;82;0;144;114;7;44;45.000000;0.000000;0.000000;2972.000000;2972.000000;102.944233;0.000000;0.000000;-nan;        17s  22ms  32μs 677ns;                        -582257582848631ns
7a176e;81;0;147;112;7;44;45.000000;0.000000;0.000000;2878.000000;2878.000000;100.348675;0.000000;0.000000;-nan;        16s 780ms 820μs 271ns;            936ms 914μs 332ns
7a177c;103;0;182;139;8;43;45.000000;0.000000;0.000000;2972.000000;2972.000000;103.122831;0.000000;0.000000;-nan;        20s 239ms 733μs 705ns;                        -1746782753942469ns
7a1789;194;0;272;154;14;50;151.000000;0.000000;0.000000;2999.000000;2999.000000;100.000000;0.000000;0.000000;-nan;        25s 843ms  92μs  14ns;                        -9316287946571000ns
7a173a;55;0;115;78;6;44;0.000000;0.000000;-nan;2972.000000;2972.000000;100.000000;0.000000;0.000000;-nan;        12s 104ms 305μs 603ns;                          0ns
7a173d;109;0;173;152;8;44;46.000000;0.000000;0.000000;2872.000000;2872.000000;100.000000;0.000000;0.000000;-nan;        18s 564ms 666μs 704ns;            918ms 918μs 379ns
4a01d9;82;0;144;114;7;44;45.000000;0.000000;0.000000;2887.000000;2887.000000;100.000000;0.000000;0.000000;-nan;        19s 835ms  11μs  92ns;            331ms 737μs 371ns
4a0189;104;0;177;143;8;43;45.000000;0.000000;0.000000;2972.000000;2972.000000;103.122831;0.000000;0.000000;-nan;        20s 823ms 816μs 765ns;                        -1099347024993386ns
4a0196;74;18;139;109;7;44;45.000000;0.000000;0.000000;2878.000000;2878.000000;100.000000;0.000000;0.000000;-nan;        11s 594ms 225μs 236ns;            400ms 858μs 854ns
4a01a9;108;0;178;148;8;44;46.000000;0.000000;0.000000;2883.000000;2883.000000;100.000000;0.000000;0.000000;-nan;        20s 962ms 797μs 670ns;         1s 512ms 594μs 785ns
4a0145;82;0;147;111;7;44;45.000000;0.000000;0.000000;2970.000000;2970.000000;103.376262;0.000000;0.000000;-nan;        16s 494ms 374μs 586ns;                        -1099335988092774ns
4a0154;206;0;227;171;15;50;163.000000;0.000000;0.000000;2999.000000;2999.000000;100.000000;0.000000;0.000000;-nan;        26s 958ms 418μs 158ns;                        -10443922965538546ns
4a0166;105;0;176;143;8;43;45.000000;0.000000;0.000000;2972.000000;2972.000000;103.481894;0.000000;0.000000;-nan;        20s  28ms 653μs 103ns;                        -1649011731931431ns
4a0178;103;0;181;140;8;43;45.000000;0.000000;0.000000;2970.000000;2970.000000;103.556485;0.000000;0.000000;-nan;        20s 572ms 275μs 967ns;                        -1649016721536679ns
4a0137;78;0;143;111;7;43;0.000000;0.000000;-nan;2972.000000;2972.000000;100.000000;0.000000;0.000000;-nan;        17s 570ms 632μs 397ns;                        -549669984708914ns
4a013c;43;0;123;82;6;44;0.000000;0.000000;-nan;2970.000000;2970.000000;100.000000;0.000000;0.000000;-nan;        13s 744ms 521μs 536ns;                          0ns
79e590;101;0;183;140;8;43;45.000000;0.000000;0.000000;2972.000000;2972.000000;103.122831;0.000000;0.000000;-nan;        19s 661ms 613μs 345ns;                        -1746380267955067ns
79e558;84;0;143;113;7;44;45.000000;0.000000;0.000000;2972.000000;2972.000000;102.944233;0.000000;0.000000;-nan;        17s 569ms 429μs 268ns;                        -582123653943580ns
79e564;103;0;184;137;8;43;45.000000;0.000000;0.000000;2970.000000;2970.000000;103.556485;0.000000;0.000000;-nan;        19s 345ms 228μs 130ns;                        -1164253496681009ns
79e57a;211;0;227;204;14;51;180.000000;0.000000;0.000000;2999.000000;2999.000000;100.000000;0.000000;0.000000;-nan;        26s 226ms 142μs 835ns;                        -7567725963716781ns
79e51e;81;3;146;110;7;44;45.000000;0.000000;0.000000;2878.000000;2878.000000;100.000000;0.000000;0.000000;-nan;        15s 956ms 126μs 833ns;            417ms 746μs 238ns
79e52c;103;0;175;146;8;43;45.000000;0.000000;0.000000;2972.000000;2972.000000;103.302051;0.000000;0.000000;-nan;        18s 971ms 470μs 403ns;                        -1164249032633294ns
79e546;82;0;151;107;7;44;45.000000;0.000000;0.000000;2883.000000;2883.000000;100.000000;0.000000;0.000000;-nan;        17s 397ms 974μs 485ns;            612ms 161μs 616ns
79e4f7;47;0;123;78;6;44;0.000000;0.000000;-nan;2972.000000;2972.000000;100.000000;0.000000;0.000000;-nan;        13s 215ms 313μs 266ns;                          0ns
79e4fb;82;0;143;115;7;44;45.000000;0.000000;0.000000;2872.000000;2872.000000;100.000000;0.000000;0.000000;-nan;        16s 358ms 707μs 920ns;            777ms 694μs 508ns
79e50c;82;0;148;110;7;44;45.000000;0.000000;0.000000;2873.000000;2873.000000;100.000000;0.000000;0.000000;-nan;        16s 565ms 758μs 743ns;            647ms  60μs 820ns
49d18d;83;0;144;113;7;44;45.000000;0.000000;0.000000;2887.000000;2887.000000;100.000000;0.000000;0.000000;-nan;        18s 372ms 298μs 851ns;            579ms 352μs 349ns
49d14c;80;0;151;109;7;44;45.000000;0.000000;0.000000;2878.000000;2878.000000;100.000000;0.000000;0.000000;-nan;        17s 378ms 435μs 643ns;            248ms 429μs 792ns
49d157;104;0;178;142;8;43;45.000000;0.000000;0.000000;2972.000000;2972.000000;103.481894;0.000000;0.000000;-nan;        19s 566ms 829μs 754ns;                        -1099128839817944ns
49d169;81;0;146;113;7;44;45.000000;0.000000;0.000000;2970.000000;2970.000000;103.017690;0.000000;0.000000;-nan;        18s 187ms 154μs 473ns;                        -549562240276680ns
49d177;136;2;150;112;11;49;153.000000;0.000000;0.000000;2999.000000;2999.000000;100.000000;0.000000;0.000000;-nan;        22s 324ms 130μs 943ns;                        -4946069434296474ns
49d106;43;0;123;82;6;44;0.000000;0.000000;-nan;2970.000000;2970.000000;100.000000;0.000000;0.000000;-nan;        11s 109ms 500μs 190ns;                          0ns
49d109;103;0;181;140;8;43;45.000000;0.000000;0.000000;2970.000000;2970.000000;103.556485;0.000000;0.000000;-nan;        19s 451ms 240μs  20ns;                        -1099125554647691ns
49d11f;101;0;182;141;8;43;45.000000;0.000000;0.000000;2972.000000;2972.000000;103.302051;0.000000;0.000000;-nan;        18s 649ms 231μs 171ns;                        -1099122655291245ns
49d12d;60;0;111;83;6;45;45.000000;45.000000;100.000000;2882.000000;2882.000000;100.000000;0.000000;0.000000;-nan;        13s 483ms 811μs 513ns;                          0ns
49d13d;83;0;141;116;7;44;45.000000;0.000000;0.000000;2867.000000;2867.000000;100.000000;0.000000;0.000000;-nan;        16s 518ms 932μs 170ns;            590ms  79μs  95ns
19cd03;61;0;65;62;6;26;27.000000;0.000000;0.000000;2047.000000;2047.000000;108.998935;0.000000;0.000000;-nan;         8s 238ms 243μs 777ns;            651ms 780μs 485ns
19cd17;71;0;78;69;7;23;25.000000;0.000000;0.000000;1890.000000;1890.000000;100.000000;0.000000;0.000000;-nan;         9s   3ms 171μs 727ns;            539ms 424μs 186ns
19ccc6;71;0;72;75;7;23;25.000000;0.000000;0.000000;1890.000000;1890.000000;100.105932;0.000000;0.000000;-nan;         8s 513ms 482μs 112ns;            451ms 698μs 380ns
19ccd5;71;0;72;75;7;23;25.000000;0.000000;0.000000;1890.000000;1890.000000;107.264472;0.000000;0.000000;-nan;         8s 713ms 393μs 710ns;            506ms 390μs 440ns
19cce6;69;0;74;75;7;23;25.000000;0.000000;0.000000;1890.000000;1890.000000;100.265252;0.000000;0.000000;-nan;         8s 812ms 103μs 454ns;            425ms 980μs 542ns
19cc86;90;0;92;88;8;23;26.000000;0.000000;0.000000;1890.000000;1890.000000;100.371747;0.000000;0.000000;-nan;         9s  93ms 558μs 126ns;            944ms 374μs 928ns
19cc89;80;0;82;74;7;25;27.000000;0.000000;0.000000;1834.000000;1834.000000;100.109170;0.000000;0.000000;-nan;         8s 943ms 599μs 930ns;            475ms 813μs 667ns
19cc97;57;0;65;58;6;25;26.000000;0.000000;0.000000;1880.000000;1880.000000;100.000000;0.000000;0.000000;-nan;         6s 872ms 903μs 583ns;            150ms 611μs 968ns
19cca5;61;0;63;56;6;25;26.000000;0.000000;0.000000;1882.000000;1882.000000;100.000000;0.000000;0.000000;-nan;         6s 753ms 199μs 371ns;            167ms 208μs 493ns
19ccb4;89;0;86;95;8;23;26.000000;0.000000;0.000000;1890.000000;1890.000000;107.325383;0.000000;0.000000;-nan;         9s 195ms 898μs 339ns;         1s 109ms 928μs 697ns
79b415;234;0;291;225;15;49;160.000000;0.000000;0.000000;2999.000000;2999.000000;100.000000;0.000000;0.000000;-nan;        26s 179ms 649μs 112ns;                        -13385896456255943ns
79b426;78;8;142;112;7;44;45.000000;0.000000;0.000000;2970.000000;2970.000000;103.017690;0.000000;0.000000;-nan;        16s 145ms 435μs 898ns;                        -581982948685284ns
79b433;75;0;126;95;7;44;46.000000;0.000000;0.000000;2970.000000;2970.000000;103.556485;0.000000;0.000000;-nan;        17s 548ms 760μs 256ns;                        -581982181007393ns
79b442;82;0;150;108;7;44;45.000000;0.000000;0.000000;2878.000000;2878.000000;100.000000;0.000000;0.000000;-nan;        17s 766ms 689μs 292ns;            255ms 824μs 564ns
79b3d9;98;41;157;114;8;43;45.000000;0.000000;0.000000;2972.000000;2972.000000;102.944233;0.000000;0.000000;-nan;        18s 263ms 973μs  73ns;                        -1745961463341587ns
79b3ec;77;0;120;99;7;44;46.000000;0.000000;0.000000;2970.000000;2970.000000;103.376262;0.000000;0.000000;-nan;        17s 267ms 925μs  11ns;                        -1163962301963799ns
79b3fe;83;0;143;114;7;44;45.000000;0.000000;0.000000;2872.000000;2872.000000;100.000000;0.000000;0.000000;-nan;        16s 567ms 337μs 639ns;            780ms 785μs 167ns
79b3aa;47;0;122;79;6;44;0.000000;0.000000;-nan;2972.000000;2972.000000;100.000000;0.000000;0.000000;-nan;        11s 922ms  88μs 592ns;                          0ns
79b3ae;83;3;143;111;7;44;45.000000;0.000000;0.000000;2972.000000;2972.000000;103.122831;0.000000;0.000000;-nan;        14s 515ms 456μs 411ns;                        -581981197232083ns
79b3bd;80;0;142;118;7;44;45.000000;0.000000;0.000000;2882.000000;2882.000000;100.173792;0.000000;0.000000;-nan;        16s 304ms 351μs 417ns;         1s   7ms 920μs 983ns
49a283;84;0;142;114;7;44;45.000000;0.000000;0.000000;2872.000000;2872.000000;100.000000;0.000000;0.000000;-nan;        16s 670ms 466μs 218ns;            414ms 155μs 613ns
49a295;79;0;147;113;7;44;45.000000;0.000000;0.000000;2970.000000;2970.000000;103.017690;0.000000;0.000000;-nan;        16s 821ms 998μs  87ns;                        -549455060332695ns
49a2a2;82;0;143;115;7;44;45.000000;0.000000;0.000000;2882.000000;2882.000000;100.000000;0.000000;0.000000;-nan;        17s  88ms 288μs 335ns;            260ms 778μs 804ns
49a2b6;115;0;167;122;9;50;0.000000;0.000000;-nan;2999.000000;2999.000000;100.000000;0.000000;0.000000;-nan;        20s 328ms 130μs 377ns;                        -3846226106487150ns
49a24c;83;0;147;110;7;44;45.000000;0.000000;0.000000;2878.000000;2878.000000;100.000000;0.000000;0.000000;-nan;        15s 230ms 182μs 148ns;            778ms 484μs 534ns
49a25f;84;0;145;111;7;44;45.000000;0.000000;0.000000;2887.000000;2887.000000;100.000000;0.000000;0.000000;-nan;        15s 808ms 346μs 278ns;            512ms 650μs 640ns
49a26e;104;0;184;136;8;43;45.000000;0.000000;0.000000;2970.000000;2970.000000;103.376262;0.000000;0.000000;-nan;        17s 328ms 622μs 973ns;                        -1098912389420885ns
49a22d;47;0;120;75;6;43;0.000000;0.000000;-nan;2972.000000;2972.000000;100.000000;0.000000;0.000000;-nan;        11s 858ms 478μs 238ns;                          0ns
49a232;43;0;125;80;6;44;0.000000;0.000000;-nan;2970.000000;2970.000000;100.000000;0.000000;0.000000;-nan;        11s  24ms 535μs 198ns;                          0ns
49a23b;82;0;142;116;7;44;45.000000;0.000000;0.000000;2972.000000;2972.000000;103.302051;0.000000;0.000000;-nan;        15s 561ms 780μs 982ns;                        -549451417282082ns
79824e;100;0;184;140;8;43;45.000000;0.000000;0.000000;2970.000000;2970.000000;103.376262;0.000000;0.000000;-nan;        20s 223ms 138μs 453ns;                        -1163710085703795ns
798262;83;0;146;111;7;44;45.000000;0.000000;0.000000;2970.000000;2970.000000;103.017690;0.000000;0.000000;-nan;        18s 587ms 625μs 633ns;                        -581851348839931ns
798211;84;0;143;113;7;44;45.000000;0.000000;0.000000;2877.000000;2877.000000;100.000000;0.000000;0.000000;-nan;        16s 862ms 450μs 919ns;            272ms 274μs 318ns
798222;189;0;225;174;13;53;156.000000;0.000000;0.000000;2999.000000;2999.000000;100.000000;0.000000;0.000000;-nan;        25s 765ms 456μs 924ns;                        -5236704389884999ns
798232;82;0;148;110;7;44;45.000000;0.000000;0.000000;2878.000000;2878.000000;100.000000;0.000000;0.000000;-nan;        18s 195ms 562μs 686ns;            651ms 836μs 320ns
79823f;83;0;146;111;7;44;45.000000;0.000000;0.000000;2970.000000;2970.000000;103.556485;0.000000;0.000000;-nan;        18s 489ms 699μs 454ns;                        -1163701630255280ns
7981d9;47;0;120;81;6;44;0.000000;0.000000;-nan;2972.000000;2972.000000;100.000000;0.000000;0.000000;-nan;        12s 581ms 356μs 536ns;                          0ns
7981de;104;0;179;141;8;43;45.000000;0.000000;0.000000;2972.000000;2972.000000;103.481894;0.000000;0.000000;-nan;        19s 826ms 181μs 100ns;                        -1163704254642895ns
7981ef;100;0;184;140;8;43;45.000000;0.000000;0.000000;2972.000000;2972.000000;102.944233;0.000000;0.000000;-nan;        19s 923ms 259μs 985ns;                        -1745558029490216ns
798200;84;0;145;111;7;44;45.000000;0.000000;0.000000;2972.000000;2972.000000;103.122831;0.000000;0.000000;-nan;        16s 538ms 318μs 674ns;                        -1745540639744324ns
49730a;81;0;143;116;7;44;45.000000;0.000000;0.000000;2882.000000;2882.000000;100.000000;0.000000;0.000000;-nan;        15s 951ms 961μs 654ns;            424ms 589μs 276ns
497320;80;0;145;115;7;44;45.000000;0.000000;0.000000;2972.000000;2972.000000;103.302051;0.000000;0.000000;-nan;        16s 301ms 493μs 131ns;                        -549311133516781ns
497331;190;0;215;191;13;50;0.000000;0.000000;-nan;2999.000000;2999.000000;100.000000;0.000000;0.000000;-nan;        22s 374ms 159μs  88ns;                        -8239753302383709ns
4972c0;104;0;180;140;8;43;45.000000;0.000000;0.000000;2970.000000;2970.000000;103.196664;0.000000;0.000000;-nan;        16s 465ms 856μs 220ns;                        -549313163755953ns
4972c8;82;0;147;111;7;44;45.000000;0.000000;0.000000;2970.000000;2970.000000;103.376262;0.000000;0.000000;-nan;        15s 188ms 254μs  10ns;                        -549307917645913ns
4972df;80;0;149;111;7;44;45.000000;0.000000;0.000000;2883.000000;2883.000000;100.000000;0.000000;0.000000;-nan;        15s  30ms 183μs 811ns;            337ms 385μs 292ns
4972fa;58;0;115;81;6;45;45.000000;45.000000;100.000000;2887.000000;2887.000000;100.000000;0.000000;0.000000;-nan;        13s 214ms  84μs 738ns;                          0ns
49729c;40;0;126;76;6;43;0.000000;0.000000;-nan;2970.000000;2970.000000;100.000000;0.000000;0.000000;-nan;        10s 544ms 302μs 225ns;                          0ns
49729f;45;8;116;79;6;44;0.000000;0.000000;-nan;2972.000000;2972.000000;100.000000;0.000000;0.000000;-nan;         6s 388ms 669μs 455ns;                          0ns
4972a4;84;0;140;116;7;44;45.000000;0.000000;0.000000;2972.000000;2972.000000;103.481894;0.000000;0.000000;-nan;        14s 783ms 590μs 912ns;                        -1098613141213173ns
79525a;82;0;148;110;7;44;45.000000;0.000000;0.000000;2873.000000;2873.000000;100.000000;0.000000;0.000000;-nan;        18s 385ms 776μs 827ns;            420ms 599μs 427ns
79526d;82;1;145;112;7;44;45.000000;0.000000;0.000000;2972.000000;2972.000000;102.944233;0.000000;0.000000;-nan;        16s 463ms 939μs 374ns;                        -2326863675050815ns
795216;100;8;178;138;8;43;45.000000;0.000000;0.000000;2972.000000;2972.000000;103.122831;0.000000;0.000000;-nan;        18s 180ms 178μs 319ns;                        -1745148471098188ns
795226;95;0;159;126;8;43;46.000000;0.000000;0.000000;2972.000000;2972.000000;103.481894;0.000000;0.000000;-nan;        19s 123ms 736μs 958ns;                        -1163438362534918ns
795240;144;0;187;123;12;49;157.000000;0.000000;0.000000;2999.000000;2999.000000;100.000000;0.000000;0.000000;-nan;        22s 748ms  47μs 666ns;                        -3490323519572547ns
79524c;81;0;148;111;7;44;45.000000;0.000000;0.000000;2883.000000;2883.000000;100.000000;0.000000;0.000000;-nan;        17s 336ms 115μs 493ns;            515ms 887μs 388ns
7951e6;47;0;121;80;6;44;0.000000;0.000000;-nan;2972.000000;2972.000000;100.000000;0.000000;0.000000;-nan;        11s 386ms 763μs 224ns;                          0ns
7951eb;75;0;120;101;7;44;46.000000;0.000000;0.000000;2970.000000;2970.000000;103.448276;0.000000;0.000000;-nan;        16s 960ms 497μs 332ns;                        -581712868808628ns
795200;83;0;147;110;7;44;45.000000;0.000000;0.000000;2972.000000;2972.000000;103.302051;0.000000;0.000000;-nan;        16s 757ms 720μs 234ns;                        -1163432547081480ns
79520c;83;0;146;111;7;44;45.000000;0.000000;0.000000;2878.000000;2878.000000;100.000000;0.000000;0.000000;-nan;        17s 101ms  94μs 554ns;            862ms 282μs 912ns
49438e;82;0;145;113;7;44;45.000000;0.000000;0.000000;2972.000000;2972.000000;103.302051;0.000000;0.000000;-nan;        16s 753ms 719μs 967ns;                        -549181818792252ns
494397;83;0;145;112;7;44;45.000000;0.000000;0.000000;2882.000000;2882.000000;100.000000;0.000000;0.000000;-nan;        16s 497ms 415μs 596ns;            692ms 352μs 156ns
494352;65;19;115;89;7;43;45.000000;0.000000;0.000000;2970.000000;2970.000000;103.196664;0.000000;0.000000;-nan;        10s 662ms 522μs 372ns;                        -549173008031568ns
49435e;182;0;238;146;14;52;163.000000;0.000000;0.000000;2999.000000;2999.000000;100.000000;0.000000;0.000000;-nan;        22s 712ms 113μs 752ns;                        -11532955246401977ns
494302;80;0;147;113;7;44;45.000000;0.000000;0.000000;2970.000000;2970.000000;103.017690;0.000000;0.000000;-nan;        15s 929ms 850μs 707ns;                        -549179669844759ns
494317;81;0;151;108;7;44;45.000000;0.000000;0.000000;2970.000000;2970.000000;103.376262;0.000000;0.000000;-nan;        16s  59ms 629μs 782ns;                        -549180308583143ns
49432c;106;0;178;140;8;43;45.000000;0.000000;0.000000;2972.000000;2972.000000;103.481894;0.000000;0.000000;-nan;        17s 194ms 673μs 104ns;                        -1647542055962202ns
49433e;81;0;146;113;7;44;45.000000;0.000000;0.000000;2887.000000;2887.000000;100.000000;0.000000;0.000000;-nan;        16s 261ms 477μs 431ns;            822ms 460μs 744ns
4942f4;47;0;123;78;6;44;0.000000;0.000000;-nan;2972.000000;2972.000000;100.000000;0.000000;0.000000;-nan;        11s 166ms 257μs 696ns;                          0ns
4942f9;43;0;123;76;6;43;0.000000;0.000000;-nan;2970.000000;2970.000000;100.000000;0.000000;0.000000;-nan;        11s  58ms 408μs 957ns;                          0ns
194247;57;0;62;61;6;25;26.000000;0.000000;0.000000;1890.000000;1890.000000;100.000000;0.000000;0.000000;-nan;         7s 473ms 339μs 930ns;            415ms 298μs 522ns
194257;71;0;72;75;7;23;25.000000;0.000000;0.000000;1888.000000;1888.000000;100.159151;0.000000;0.000000;-nan;         8s 772ms 177μs 581ns;            536ms  26μs 135ns
19426b;91;1;84;94;8;23;26.000000;0.000000;0.000000;1890.000000;1890.000000;100.105932;0.000000;0.000000;-nan;         8s 843ms  54μs 155ns;         1s  93ms  75μs 226ns
194208;53;0;65;56;6;24;25.000000;0.000000;0.000000;1878.000000;1878.000000;100.000000;0.000000;0.000000;-nan;         6s  92ms 141μs 594ns;            125ms 470μs  23ns
194217;72;0;75;79;7;24;26.000000;0.000000;0.000000;1888.000000;1888.000000;107.029478;0.000000;0.000000;-nan;         8s 158ms   6μs 159ns;            669ms 735μs  25ns
194223;75;0;72;79;7;24;26.000000;0.000000;0.000000;1888.000000;1888.000000;100.265534;0.000000;0.000000;-nan;         8s  58ms 612μs 715ns;            608ms 401μs 599ns
194237;53;0;62;59;6;24;25.000000;0.000000;0.000000;1765.000000;1765.000000;100.000000;0.000000;0.000000;-nan;         7s  70ms  69μs 727ns;            133ms 283μs 653ns
1941e3;71;0;72;75;7;23;25.000000;0.000000;0.000000;1888.000000;1888.000000;107.090187;0.000000;0.000000;-nan;         7s 978ms 571μs 646ns;            412ms 254μs 732ns
1941e6;83;0;64;69;7;34;38.000000;0.000000;0.000000;2409.000000;2409.000000;100.000000;0.000000;0.000000;-nan;         9s  80ms 857μs 601ns;            301ms  77μs 319ns
1941f8;58;0;65;65;6;26;27.000000;0.000000;0.000000;2047.000000;2047.000000;100.000000;0.000000;0.000000;-nan;         6s 340ms 434μs 582ns;            137ms  69μs 448ns
79209d;248;0;257;227;15;52;170.000000;0.000000;0.000000;2999.000000;2999.000000;100.000000;0.000000;0.000000;-nan;        26s 509ms 287μs  98ns;                        -9305451988379038ns
792054;83;0;144;113;7;44;45.000000;0.000000;0.000000;2972.000000;2972.000000;103.302051;0.000000;0.000000;-nan;        18s  15ms 196μs 672ns;                        -1744748256360460ns
792061;83;0;146;111;7;44;45.000000;0.000000;0.000000;2883.000000;2883.000000;100.000000;0.000000;0.000000;-nan;        18s 163ms 633μs 881ns;            589ms 924μs 666ns
792073;78;8;146;108;7;44;45.000000;0.000000;0.000000;2970.000000;2970.000000;103.196664;0.000000;0.000000;-nan;        16s 166ms 143μs 630ns;                        -1163157350569684ns
792083;81;0;144;115;7;44;45.000000;0.000000;0.000000;2882.000000;2882.000000;100.000000;0.000000;0.000000;-nan;        18s 669ms  29μs  73ns;            263ms 551μs 711ns
79200f;47;0;118;77;6;43;0.000000;0.000000;-nan;2972.000000;2972.000000;100.000000;0.000000;0.000000;-nan;        12s 417ms 447μs 942ns;                          0ns
792013;81;0;137;122;7;44;45.000000;0.000000;0.000000;2887.000000;2887.000000;100.000000;0.000000;0.000000;-nan;        16s 959ms 947μs 303ns;            424ms 767μs 779ns
792024;104;0;180;140;8;43;45.000000;0.000000;0.000000;2970.000000;2970.000000;103.376262;0.000000;0.000000;-nan;        18s 871ms 625μs 872ns;                        -581587065920641ns
792032;83;0;144;113;7;44;45.000000;0.000000;0.000000;2972.000000;2972.000000;103.481894;0.000000;0.000000;-nan;        17s 165ms  86μs 804ns;                        -581581080899461ns
792043;83;0;149;108;7;44;45.000000;0.000000;0.000000;2970.000000;2970.000000;103.556485;0.000000;0.000000;-nan;        16s 546ms  70μs 865ns;                        -581579052661824ns
4910c4;131;0;158;127;11;50;0.000000;0.000000;-nan;2999.000000;2999.000000;100.000000;0.000000;0.000000;-nan;        21s 354ms 497μs 643ns;                        -3843408510871154ns
4910e0;83;0;146;111;7;44;45.000000;0.000000;0.000000;2882.000000;2882.000000;100.000000;0.000000;0.000000;-nan;        17s 387ms 250μs 894ns;            251ms 986μs   8ns
491097;103;0;177;144;8;43;45.000000;0.000000;0.000000;2972.000000;2972.000000;103.481894;0.000000;0.000000;-nan;        18s 246ms 537μs 336ns;                        -2196223436540488ns
4910a6;103;0;181;140;8;43;45.000000;0.000000;0.000000;2970.000000;2970.000000;103.017690;0.000000;0.000000;-nan;        18s 470ms 421μs 827ns;                        -549058541009759ns
4910b9;81;0;150;109;7;44;45.000000;0.000000;0.000000;2972.000000;2972.000000;102.944233;0.000000;0.000000;-nan;        16s 164ms 786μs 689ns;                        -549053019688412ns
491053;43;0;125;80;6;44;0.000000;0.000000;-nan;2970.000000;2970.000000;100.000000;0.000000;0.000000;-nan;        11s 287ms 669μs 258ns;                          0ns
491056;47;0;120;81;6;44;0.000000;0.000000;-nan;2972.000000;2972.000000;100.000000;0.000000;0.000000;-nan;        11s 667ms 635μs 574ns;                          0ns
49105c;103;0;182;139;8;43;45.000000;0.000000;0.000000;2970.000000;2970.000000;103.376262;0.000000;0.000000;-nan;        15s 943ms 246μs 230ns;                        -549051552763213ns
49106e;80;0;142;118;7;44;45.000000;0.000000;0.000000;2877.000000;2877.000000;100.000000;0.000000;0.000000;-nan;        15s 775ms 818μs 572ns;            273ms 936μs 429ns
49107d;79;8;144;109;7;44;45.000000;0.000000;0.000000;2878.000000;2878.000000;100.000000;0.000000;0.000000;-nan;        15s 459ms 330μs  61ns;            338ms 701μs 878ns
78ee16;102;0;183;139;8;43;45.000000;0.000000;0.000000;2970.000000;2970.000000;103.556485;0.000000;0.000000;-nan;        22s  23ms 164μs 101ns;                        -2325799195517755ns
78ee20;82;0;145;113;7;44;45.000000;0.000000;0.000000;2972.000000;2972.000000;102.944233;0.000000;0.000000;-nan;        19s 610ms 382μs 434ns;                        -1162895110725148ns
78edd7;80;0;150;110;7;44;45.000000;0.000000;0.000000;2970.000000;2970.000000;103.196664;0.000000;0.000000;-nan;        18s 568ms 225μs 408ns;                        -1744337087344768ns
78ede8;83;0;144;113;7;44;45.000000;0.000000;0.000000;2972.000000;2972.000000;103.302051;0.000000;0.000000;-nan;        19s 406ms 962μs 959ns;                        -1162893951421208ns
78edf9;106;0;180;148;8;44;46.000000;0.000000;0.000000;2873.000000;2873.000000;100.000000;0.000000;0.000000;-nan;        22s 318ms 656μs 219ns;         1s 149ms   9μs 902ns
78ee07;152;2;201;143;12;51;152.000000;0.000000;0.000000;2999.000000;2999.000000;100.000000;0.000000;0.000000;-nan;        25s 557ms 799μs 496ns;                        -4651585317858581ns
78eda2;76;0;146;110;7;43;0.000000;0.000000;-nan;2972.000000;2972.000000;100.000000;0.000000;0.000000;-nan;        17s 866ms  56μs 524ns;                        -581444413225414ns
78eda5;100;0;185;139;8;43;45.000000;0.000000;0.000000;2970.000000;2970.000000;103.017690;0.000000;0.000000;-nan;        21s  70ms 791μs 997ns;                        -1162893478897427ns
78edb4;109;0;175;150;8;44;46.000000;0.000000;0.000000;2882.000000;2882.000000;100.000000;0.000000;0.000000;-nan;        21s 885ms 388μs 671ns;         1s 238ms 988μs 570ns
78edc5;83;0;144;113;7;44;45.000000;0.000000;0.000000;2972.000000;2972.000000;103.481894;0.000000;0.000000;-nan;        18s 374ms 869μs  74ns;                        -1162890062456938ns
48e007;80;0;149;111;7;44;45.000000;0.000000;0.000000;2887.000000;2887.000000;100.000000;0.000000;0.000000;-nan;        16s 775ms 965μs  54ns;            248ms 940μs 820ns
48dfcc;218;0;294;222;14;50;0.000000;0.000000;-nan;2999.000000;2999.000000;100.000000;0.000000;0.000000;-nan;        24s 557ms 834μs 689ns;                        -12076244298588863ns
48dfe1;95;0;161;124;8;43;46.000000;0.000000;0.000000;2970.000000;2970.000000;103.196664;0.000000;0.000000;-nan;        17s  85ms  28μs 905ns;                        -1097821870755855ns
48dff5;57;0;114;83;6;45;45.000000;45.000000;100.000000;2873.000000;2873.000000;100.000000;0.000000;0.000000;-nan;        15s  62ms 367μs 181ns;                          0ns
48df89;82;0;143;115;7;44;45.000000;0.000000;0.000000;2972.000000;2972.000000;103.302051;0.000000;0.000000;-nan;        15s 726ms 478μs  24ns;                        -548909183530464ns
48df99;82;0;144;114;7;44;45.000000;0.000000;0.000000;2972.000000;2972.000000;103.481894;0.000000;0.000000;-nan;        16s       295μs 866ns;                        -1097820436817702ns
48dfaa;82;0;147;111;7;44;45.000000;0.000000;0.000000;2883.000000;2883.000000;100.000000;0.000000;0.000000;-nan;        15s 372ms 749μs 418ns;            415ms 340μs 715ns
48dfba;79;8;143;110;7;44;45.000000;0.000000;0.000000;2970.000000;2970.000000;103.556485;0.000000;0.000000;-nan;        14s 864ms 121μs  96ns;                        -548906480033424ns
48df72;44;0;121;83;6;44;0.000000;0.000000;-nan;2972.000000;2972.000000;100.000000;0.000000;0.000000;-nan;        11s 135ms 720μs 312ns;                          0ns
48df77;82;0;141;117;7;44;45.000000;0.000000;0.000000;2882.000000;2882.000000;100.000000;0.000000;0.000000;-nan;        15s 307ms   8μs 126ns;            318ms 703μs 126ns
78b9d8;52;0;114;76;6;43;43.000000;43.000000;100.000000;2855.000000;2855.000000;100.000000;0.000000;0.000000;-nan;        14s 403ms 414μs 758ns;                          0ns
78b9e9;79;0;141;120;7;44;45.000000;0.000000;0.000000;2887.000000;2887.000000;100.000000;0.000000;0.000000;-nan;        16s 863ms 627μs 552ns;            310ms  32μs 305ns
78b9f8;80;0;146;114;7;44;45.000000;0.000000;0.000000;2972.000000;2972.000000;103.302051;0.000000;0.000000;-nan;        17s 502ms 393μs 439ns;                        -1162613498844721ns
78b98f;80;0;147;113;7;44;45.000000;0.000000;0.000000;2970.000000;2970.000000;103.376262;0.000000;0.000000;-nan;        16s 706ms  52μs 161ns;                        -1162607848311456ns
78b9a9;379;0;359;372;20;51;167.000000;0.000000;0.000000;2999.000000;2999.000000;100.000000;0.000000;0.000000;-nan;        31s 917ms 198μs 825ns;                        -45924127126776269ns
78b9be;101;0;179;144;8;43;45.000000;0.000000;0.000000;2972.000000;2972.000000;103.662365;0.000000;0.000000;-nan;        18s  69ms 708μs 435ns;                        -1743915944170700ns
78b957;47;0;118;77;6;43;0.000000;0.000000;-nan;2972.000000;2972.000000;100.000000;0.000000;0.000000;-nan;        12s 598ms 807μs 331ns;                          0ns
78b95c;101;0;181;142;8;43;45.000000;0.000000;0.000000;2970.000000;2970.000000;103.556485;0.000000;0.000000;-nan;        17s 879ms 109μs 549ns;                        -1162608951082672ns
78b971;81;0;146;113;7;44;45.000000;0.000000;0.000000;2883.000000;2883.000000;100.000000;0.000000;0.000000;-nan;        15s 870ms 932μs 678ns;            685ms 249μs 543ns
78b97e;82;1;146;111;7;44;45.000000;0.000000;0.000000;2872.000000;2872.000000;100.000000;0.000000;0.000000;-nan;        14s 725ms 592μs   5ns;            567ms 596μs 595ns
18b58f;89;0;88;91;7;34;35.000000;0.000000;0.000000;2409.000000;2409.000000;100.000000;0.000000;0.000000;-nan;        10s 167ms 913μs 125ns;            232ms 424μs 923ns
18b59d;73;0;78;75;7;24;26.000000;0.000000;0.000000;1888.000000;1888.000000;100.000000;0.000000;0.000000;-nan;         9s 943ms 292μs 371ns;            917ms 405μs 659ns
18b5ac;53;0;59;56;6;23;24.000000;0.000000;0.000000;1885.000000;1885.000000;100.000000;0.000000;0.000000;-nan;         8s   6ms  17μs 633ns;            147ms 876μs 294ns
18b542;115;0;96;115;9;23;27.000000;0.000000;0.000000;1888.000000;1888.000000;100.425532;0.000000;0.000000;-nan;        10s 677ms 576μs 792ns;         1s 411ms 210μs 412ns
18b553;63;0;61;64;6;26;27.000000;0.000000;0.000000;1837.000000;1837.000000;100.000000;0.000000;0.000000;-nan;         8s 317ms 927μs 705ns;            367ms 695μs 541ns
18b564;99;0;86;97;8;24;27.000000;0.000000;0.000000;1888.000000;1888.000000;107.029478;0.000000;0.000000;-nan;        10s 420ms  75μs 874ns;         1s 414ms 582μs 957ns
18b57d;67;8;73;70;7;23;25.000000;0.000000;0.000000;1888.000000;1888.000000;106.968839;0.000000;0.000000;-nan;         8s 427ms 480μs 400ns;            454ms 831μs 517ns
18b522;55;0;63;56;6;24;25.000000;0.000000;0.000000;1888.000000;1888.000000;100.532481;0.000000;0.000000;-nan;         6s 384ms 708μs 674ns;            249ms 529μs 557ns
18b527;83;0;74;87;7;26;28.000000;0.000000;0.000000;2047.000000;2047.000000;100.000000;0.000000;0.000000;-nan;         8s 924ms 545μs 421ns;         1s  71ms 462μs 701ns
18b536;100;0;81;107;8;32;35.000000;0.000000;0.000000;2048.000000;2048.000000;99.951196;0.000000;0.000000;-nan;        10s 986ms 634μs 359ns;            298ms 293μs 261ns
48aa89;80;0;150;110;7;44;45.000000;0.000000;0.000000;2887.000000;2887.000000;100.000000;0.000000;0.000000;-nan;        16s 249ms 355μs 775ns;            273ms 204μs 926ns
48aa91;77;0;117;102;7;44;46.000000;0.000000;0.000000;2972.000000;2972.000000;103.122831;0.000000;0.000000;-nan;        16s  11ms 124μs 819ns;                        -548799164945592ns
48aa41;80;0;148;112;7;44;45.000000;0.000000;0.000000;2873.000000;2873.000000;100.000000;0.000000;0.000000;-nan;        15s 643ms 529μs 916ns;            273ms 619μs 182ns
48aa58;189;0;214;193;13;50;153.000000;0.000000;0.000000;2999.000000;2999.000000;100.000000;0.000000;0.000000;-nan;        22s 505ms 184μs 971ns;                        -7134532943494286ns
48aa69;58;0;115;81;6;45;45.000000;45.000000;100.000000;2883.000000;2883.000000;100.000000;0.000000;0.000000;-nan;        13s 922ms 406μs 663ns;                          0ns
48aa7a;82;0;150;108;7;44;45.000000;0.000000;0.000000;2878.000000;2878.000000;100.000000;0.000000;0.000000;-nan;        15s 762ms 983μs 139ns;            265ms 567μs 323ns
48aa11;54;0;112;76;6;43;0.000000;0.000000;-nan;2970.000000;2970.000000;100.000000;0.000000;0.000000;-nan;        11s 818ms 631μs 793ns;                          0ns
48aa14;57;0;110;81;6;44;0.000000;0.000000;-nan;2972.000000;2972.000000;100.000000;0.000000;0.000000;-nan;        12s 215ms 435μs 859ns;                          0ns
48aa1b;81;8;139;112;7;44;45.000000;0.000000;0.000000;2972.000000;2972.000000;103.481894;0.000000;0.000000;-nan;        13s 558ms 314μs 281ns;                        -548797502746117ns
48aa33;82;0;148;110;7;44;45.000000;0.000000;0.000000;2972.000000;2972.000000;103.302051;0.000000;0.000000;-nan;        15s 294ms 769μs 228ns;                        -548799656382079ns
788857;196;0;243;185;14;50;152.000000;0.000000;0.000000;2999.000000;2999.000000;100.000000;0.000000;0.000000;-nan;        25s 653ms 518μs 206ns;                        -6974150998205677ns
78881c;80;0;147;113;7;44;45.000000;0.000000;0.000000;2970.000000;2970.000000;103.556485;0.000000;0.000000;-nan;        18s 102ms 602μs  21ns;                        -1743511840654280ns
78882f;82;0;148;110;7;44;45.000000;0.000000;0.000000;2883.000000;2883.000000;100.000000;0.000000;0.000000;-nan;        18s  89ms 186μs 636ns;            668ms 806μs 903ns
788848;100;0;184;140;8;43;45.000000;0.000000;0.000000;2970.000000;2970.000000;103.196664;0.000000;0.000000;-nan;        19s 714ms 421μs 997ns;                        -1743521248869151ns
7887dd;82;0;143;115;7;44;45.000000;0.000000;0.000000;2887.000000;2887.000000;100.000000;0.000000;0.000000;-nan;        17s 330ms 995μs  80ns;            264ms  58μs 428ns
7887ee;83;3;139;115;7;44;45.000000;0.000000;0.000000;2972.000000;2972.000000;103.302051;0.000000;0.000000;-nan;        16s 684ms 879μs 952ns;                        -1162332610944086ns
7887ff;83;0;144;113;7;44;45.000000;0.000000;0.000000;2972.000000;2972.000000;103.662365;0.000000;0.000000;-nan;        18s 356ms 501μs 504ns;                        -1162342110296476ns
7887b2;75;0;145;112;7;43;0.000000;0.000000;-nan;2972.000000;2972.000000;100.000000;0.000000;0.000000;-nan;        17s 817ms 326μs 901ns;                        -581169488364366ns
7887b8;81;0;152;107;7;44;45.000000;0.000000;0.000000;2970.000000;2970.000000;103.376262;0.000000;0.000000;-nan;        17s  41ms 729μs 224ns;                        -1743501877392493ns
7887c8;82;0;141;117;7;44;45.000000;0.000000;0.000000;2972.000000;2972.000000;103.481894;0.000000;0.000000;-nan;        17s 507ms 903μs 541ns;                        -581168192679675ns
487bd1;79;0;150;111;7;44;45.000000;0.000000;0.000000;2873.000000;2873.000000;100.000000;0.000000;0.000000;-nan;        16s 925ms 988μs 791ns;            277ms 234μs 958ns
487bee;87;1;147;113;7;45;46.000000;0.000000;0.000000;2887.000000;2887.000000;100.000000;0.000000;0.000000;-nan;        16s 450ms  14μs 570ns;            866ms 357μs 881ns
487bfd;150;0;151;139;12;50;156.000000;0.000000;0.000000;2999.000000;2999.000000;100.000000;0.000000;0.000000;-nan;        21s 478ms 616μs 676ns;                        -4938302036101277ns
487bac;80;8;143;109;7;44;45.000000;0.000000;0.000000;2878.000000;2878.000000;100.000000;0.000000;0.000000;-nan;        14s 705ms 368μs 975ns;            616ms 202μs 363ns
487bbf;84;0;142;114;7;44;45.000000;0.000000;0.000000;2882.000000;2882.000000;100.000000;0.000000;0.000000;-nan;        16s 838ms 284μs 859ns;            691ms  14μs 486ns
487b40;82;2;149;107;7;44;45.000000;0.000000;0.000000;2883.000000;2883.000000;100.000000;0.000000;0.000000;-nan;        14s 488ms 161μs  23ns;            667ms 405μs 807ns
487b5e;79;8;136;117;7;44;45.000000;0.000000;0.000000;2882.000000;2882.000000;100.348189;0.000000;0.000000;-nan;        15s 461ms 947μs 793ns;         1s 324ms  16μs 141ns
487b7c;82;0;145;113;7;44;45.000000;0.000000;0.000000;2970.000000;2970.000000;103.556485;0.000000;0.000000;-nan;        16s 597ms 665μs 153ns;                        -548696018838003ns
487b32;55;0;110;83;6;44;0.000000;0.000000;-nan;2972.000000;2972.000000;100.000000;0.000000;0.000000;-nan;        13s 660ms 311μs 811ns;                          0ns
487b37;43;0;125;80;6;44;0.000000;0.000000;-nan;2970.000000;2970.000000;100.000000;0.000000;0.000000;-nan;         8s 301ms 260μs 782ns;                          0ns
7857d1;76;0;147;117;7;44;45.000000;0.000000;0.000000;2878.000000;2878.000000;100.000000;0.000000;0.000000;-nan;        19s 956ms 880μs 117ns;            258ms 841μs 274ns
7857f2;164;3;225;186;10;50;0.000000;0.000000;-nan;2999.000000;2999.000000;100.000000;0.000000;0.000000;-nan;        22s 888ms 988μs 400ns;                        -6972523630406553ns
785806;82;0;148;110;7;44;45.000000;0.000000;0.000000;2883.000000;2883.000000;100.000000;0.000000;0.000000;-nan;        20s 354ms 286μs 885ns;            540ms 868μs 783ns
78578e;98;8;179;139;8;43;45.000000;0.000000;0.000000;2970.000000;2970.000000;103.556485;0.000000;0.000000;-nan;        19s 696ms  61μs 715ns;                        -1162074737990076ns
7857a7;80;0;154;106;7;44;45.000000;0.000000;0.000000;2970.000000;2970.000000;103.376262;0.000000;0.000000;-nan;        20s  40ms 351μs 619ns;                        -1162084018655310ns
78575d;82;8;135;115;7;44;45.000000;0.000000;0.000000;2972.000000;2972.000000;103.481894;0.000000;0.000000;-nan;        16s  29ms  84μs 997ns;                        -581033954898833ns
785772;81;3;142;114;7;44;45.000000;0.000000;0.000000;2972.000000;2972.000000;103.122831;0.000000;0.000000;-nan;        16s 687ms 556μs 319ns;                        -1162071079812138ns
78572f;55;0;110;83;6;44;0.000000;0.000000;-nan;2972.000000;2972.000000;100.000000;0.000000;0.000000;-nan;        14s 212ms 379μs 690ns;                          0ns
785733;83;2;140;115;7;44;45.000000;0.000000;0.000000;2972.000000;2972.000000;102.944233;0.000000;0.000000;-nan;        15s 469ms 642μs 223ns;                        -581032432168419ns
785744;82;8;138;112;7;44;45.000000;0.000000;0.000000;2972.000000;2972.000000;103.302051;0.000000;0.000000;-nan;        15s 766ms 826μs 647ns;                        -581033141915451ns
484bcc;79;0;117;100;7;44;46.000000;0.000000;0.000000;2972.000000;2972.000000;102.944233;0.000000;0.000000;-nan;        15s 387ms 541μs 718ns;                        -1097128047981925ns
484bdd;80;0;150;110;7;44;45.000000;0.000000;0.000000;2970.000000;2970.000000;103.017690;0.000000;0.000000;-nan;        15s 975ms  73μs 507ns;                        -548569239280908ns
484be8;81;0;149;110;7;44;45.000000;0.000000;0.000000;2887.000000;2887.000000;100.347584;0.000000;0.000000;-nan;        15s 809ms 220μs 758ns;            769ms  57μs 346ns
484bf6;81;0;146;113;7;44;45.000000;0.000000;0.000000;2882.000000;2882.000000;100.000000;0.000000;0.000000;-nan;        16s 238ms  45μs 269ns;            380ms  59μs 304ns
484bae;85;0;141;114;7;44;45.000000;0.000000;0.000000;2972.000000;2972.000000;103.481894;0.000000;0.000000;-nan;        15s 235ms 199μs 579ns;                        -548566920262518ns
484bb4;224;0;268;230;15;50;156.000000;0.000000;0.000000;2999.000000;2999.000000;100.000000;0.000000;0.000000;-nan;        24s  16ms 831μs 179ns;                        -6582906263391250ns
484b61;81;0;149;110;7;44;45.000000;0.000000;0.000000;2873.000000;2873.000000;100.000000;0.000000;0.000000;-nan;        14s 830ms 841μs 910ns;            799ms 113μs 190ns
484b2c;43;0;125;80;6;44;0.000000;0.000000;-nan;2970.000000;2970.000000;100.000000;0.000000;0.000000;-nan;        11s 158ms 684μs 802ns;                          0ns
484b31;57;0;110;81;6;44;0.000000;0.000000;-nan;2972.000000;2972.000000;100.000000;0.000000;0.000000;-nan;        10s 873ms 386μs 721ns;                          0ns
484b3c;56;64;124;96;7;44;45.000000;0.000000;0.000000;2970.000000;2970.000000;103.196664;0.000000;0.000000;-nan;         4s 309ms 880μs 338ns;                        -548560123322652ns
182946;85;0;72;87;7;26;28.000000;0.000000;0.000000;1879.000000;1879.000000;102.453653;0.000000;0.000000;-nan;         8s 889ms 774μs 797ns;         1s  24ms 442μs  13ns
182958;51;0;61;56;6;23;24.000000;0.000000;0.000000;1888.000000;1888.000000;100.000000;0.000000;0.000000;-nan;         7s 544ms 397μs 319ns;            307ms 337μs 529ns
182966;55;1;63;55;6;24;25.000000;0.000000;0.000000;1888.000000;1888.000000;100.159151;0.000000;0.000000;-nan;         6s 159ms 283μs 946ns;            244ms 140μs  63ns
182909;82;0;79;75;7;25;27.000000;0.000000;0.000000;1888.000000;1888.000000;100.265534;0.000000;0.000000;-nan;         8s 456ms 413μs 454ns;         1s 101ms 512μs 320ns
182912;71;0;72;75;7;23;25.000000;0.000000;0.000000;1888.000000;1888.000000;107.211811;0.000000;0.000000;-nan;         8s 730ms 582μs 954ns;            528ms 714μs 149ns
182924;70;0;73;75;7;23;25.000000;0.000000;0.000000;1888.000000;1888.000000;99.894180;0.000000;0.000000;-nan;         8s 614ms 998μs 391ns;            430ms 640μs 923ns
182934;71;0;73;74;7;23;25.000000;0.000000;0.000000;1888.000000;1888.000000;100.425532;0.000000;0.000000;-nan;         8s 565ms  49μs 627ns;            589ms 782μs 509ns
7828d6;79;0;150;111;7;44;45.000000;0.000000;0.000000;2883.000000;2883.000000;100.000000;0.000000;0.000000;-nan;        17s 806ms 572μs 943ns;            269ms 905μs 890ns
7828e2;84;0;140;116;7;44;45.000000;0.000000;0.000000;2972.000000;2972.000000;103.481894;0.000000;0.000000;-nan;        17s 997ms 721μs 815ns;                        -1161821382020586ns
1828dd;60;0;63;65;6;26;27.000000;0.000000;0.000000;2047.000000;2047.000000;100.000000;0.000000;0.000000;-nan;         6s 575ms  43μs 329ns;            265ms 709μs 631ns
1828e2;59;0;62;59;6;25;26.000000;0.000000;0.000000;1763.000000;1763.000000;100.000000;0.000000;0.000000;-nan;         6s 430ms 205μs 737ns;            132ms 507μs 533ns
1828f9;94;0;109;85;8;32;35.000000;0.000000;0.000000;2409.000000;2409.000000;100.000000;0.000000;0.000000;-nan;         9s 521ms 903μs 223ns;            667ms 806μs 414ns
78289d;81;8;139;112;7;44;45.000000;0.000000;0.000000;2972.000000;2972.000000;103.122831;0.000000;0.000000;-nan;        16s 405ms 233μs 438ns;                        -580906404579785ns
7828c6;126;0;136;98;10;51;0.000000;0.000000;-nan;2999.000000;2999.000000;100.000000;0.000000;0.000000;-nan;        21s 611ms 503μs 842ns;                        -4066394555422085ns
782857;67;47;125;101;7;44;45.000000;0.000000;0.000000;2972.000000;2972.000000;103.302051;0.000000;0.000000;-nan;        12s 640ms  93μs 590ns;                        -1161803492628312ns
78286f;105;0;181;138;8;43;45.000000;0.000000;0.000000;2972.000000;2972.000000;102.944233;0.000000;0.000000;-nan;        18s 522ms 629μs 129ns;                        -1161820723273291ns
78288a;82;0;147;111;7;44;45.000000;0.000000;0.000000;2970.000000;2970.000000;103.556485;0.000000;0.000000;-nan;        17s 678ms 608μs 300ns;                        -1742725975962750ns
782813;47;0;123;78;6;44;0.000000;0.000000;-nan;2972.000000;2972.000000;100.000000;0.000000;0.000000;-nan;        13s 579ms 501μs 262ns;                          0ns
782818;73;20;136;111;7;44;45.000000;0.000000;0.000000;2970.000000;2970.000000;103.376262;0.000000;0.000000;-nan;        10s 407ms 509μs 348ns;                        -1161800932355340ns
782829;79;8;144;109;7;44;45.000000;0.000000;0.000000;2878.000000;2878.000000;100.000000;0.000000;0.000000;-nan;        15s 414ms 503μs 155ns;            265ms 503μs  47ns
48160f;145;0;193;122;13;50;160.000000;0.000000;0.000000;2999.000000;2999.000000;100.000000;0.000000;0.000000;-nan;        21s 882ms 500μs 428ns;                        -6033135522737251ns
48161d;83;0;142;115;7;44;45.000000;0.000000;0.000000;2972.000000;2972.000000;103.481894;0.000000;0.000000;-nan;        16s 936ms 775μs 933ns;                        -1096925034077583ns
481627;80;8;142;110;7;44;45.000000;0.000000;0.000000;2970.000000;2970.000000;103.017690;0.000000;0.000000;-nan;        15s 928ms 797μs  87ns;                        -548459843659097ns
481636;80;0;147;113;7;44;45.000000;0.000000;0.000000;2883.000000;2883.000000;100.348068;0.000000;0.000000;-nan;        17s 381ms 780μs 395ns;            258ms 571μs 716ns
4815d4;83;0;140;117;7;44;45.000000;0.000000;0.000000;2882.000000;2882.000000;100.000000;0.000000;0.000000;-nan;        16s 687ms 613μs 267ns;            427ms 297μs  39ns
4815e5;84;2;144;110;7;44;45.000000;0.000000;0.000000;2877.000000;2877.000000;100.000000;0.000000;0.000000;-nan;        14s 851ms 209μs 863ns;            700ms  76μs 283ns
4815f6;80;8;143;109;7;44;45.000000;0.000000;0.000000;2970.000000;2970.000000;103.196664;0.000000;0.000000;-nan;        15s  57ms 555μs 902ns;                        -548458559518267ns
4815b1;47;0;118;83;6;44;0.000000;0.000000;-nan;2972.000000;2972.000000;100.000000;0.000000;0.000000;-nan;        13s 808ms 132μs 876ns;                          0ns
4815b5;43;0;125;74;6;43;0.000000;0.000000;-nan;2970.000000;2970.000000;100.000000;0.000000;0.000000;-nan;        13s 959ms 572μs 199ns;                          0ns
4815bf;104;0;178;142;8;43;45.000000;0.000000;0.000000;2972.000000;2972.000000;102.944233;0.000000;0.000000;-nan;        17s 557ms 845μs 729ns;                        -548464988578578ns
77f89a;79;8;140;113;7;44;45.000000;0.000000;0.000000;2872.000000;2872.000000;100.000000;0.000000;0.000000;-nan;        17s 369ms 468μs 827ns;            404ms 680μs  96ns
77f8a4;133;0;163;118;12;50;154.000000;0.000000;0.000000;2999.000000;2999.000000;100.000000;0.000000;0.000000;-nan;        23s 181ms 790μs 978ns;                        -4065465742676450ns
77f86f;80;8;143;109;7;44;45.000000;0.000000;0.000000;2970.000000;2970.000000;103.556485;0.000000;0.000000;-nan;        16s 373ms 502μs 159ns;                        -1161544696884940ns
77f886;77;0;117;102;7;44;46.000000;0.000000;0.000000;2972.000000;2972.000000;103.662365;0.000000;0.000000;-nan;        18s 633ms 860μs 335ns;                        -580772025123937ns
77f81d;81;3;147;109;7;44;45.000000;0.000000;0.000000;2970.000000;2970.000000;103.376262;0.000000;0.000000;-nan;        14s 903ms 133μs  16ns;                        -1161541706371211ns
77f822;106;0;174;144;8;43;45.000000;0.000000;0.000000;2972.000000;2972.000000;102.944233;0.000000;0.000000;-nan;        19s 206ms 304μs 908ns;                        -580779517425026ns
77f837;83;0;147;110;7;44;45.000000;0.000000;0.000000;2972.000000;2972.000000;103.122831;0.000000;0.000000;-nan;        18s 349ms 259μs 819ns;                        -580776628697979ns
77f84b;82;0;148;110;7;44;45.000000;0.000000;0.000000;2883.000000;2883.000000;100.000000;0.000000;0.000000;-nan;        18s  98ms 619μs 594ns;            764ms  11μs 582ns
77f804;47;0;120;81;6;44;0.000000;0.000000;-nan;2972.000000;2972.000000;100.000000;0.000000;0.000000;-nan;         8s 271ms 537μs 981ns;                          0ns
77f807;106;0;176;142;8;43;45.000000;0.000000;0.000000;2972.000000;2972.000000;103.302051;0.000000;0.000000;-nan;        18s 858ms 716μs 580ns;                        -1161551740460069ns
47e5c6;123;0;152;97;11;52;152.000000;0.000000;0.000000;2999.000000;2999.000000;100.000000;0.000000;0.000000;-nan;        23s 639ms 415μs 826ns;                        -3290036119588544ns
47e5d8;82;0;150;108;7;44;45.000000;0.000000;0.000000;2873.000000;2873.000000;100.000000;0.000000;0.000000;-nan;        19s 682ms 359μs  63ns;            663ms 671μs 222ns
47e591;100;8;180;136;8;43;45.000000;0.000000;0.000000;2970.000000;2970.000000;103.556485;0.000000;0.000000;-nan;        19s 269ms 162μs 843ns;                        -1096668050266151ns
47e5af;104;0;180;140;8;43;45.000000;0.000000;0.000000;2972.000000;2972.000000;102.944233;0.000000;0.000000;-nan;        19s 909ms 839μs 790ns;                        -1096671962901325ns
47e5b9;80;0;149;111;7;44;45.000000;0.000000;0.000000;2878.000000;2878.000000;100.000000;0.000000;0.000000;-nan;        19s 317ms 266μs   4ns;            352ms 191μs 832ns
47e541;82;0;147;111;7;44;45.000000;0.000000;0.000000;2883.000000;2883.000000;100.000000;0.000000;0.000000;-nan;        18s 497ms 456μs 208ns;            596ms 583μs 445ns
47e553;104;2;174;144;8;43;45.000000;0.000000;0.000000;2972.000000;2972.000000;103.122831;0.000000;0.000000;-nan;        18s 912ms 140μs 704ns;                        -2193326662410138ns
47e563;84;0;140;116;7;44;45.000000;0.000000;0.000000;2972.000000;2972.000000;103.662365;0.000000;0.000000;-nan;        18s 816ms 815μs 100ns;                        -548334596582295ns
47e57b;79;8;135;118;7;44;45.000000;0.000000;0.000000;2872.000000;2872.000000;100.000000;0.000000;0.000000;-nan;        15s 918ms 261μs 682ns;            679ms 625μs 358ns
47e53c;57;0;113;78;6;44;0.000000;0.000000;-nan;2972.000000;2972.000000;100.000000;0.000000;0.000000;-nan;        13s 830ms 126μs 198ns;                          0ns
77c912;154;0;187;129;13;49;164.000000;0.000000;0.000000;2999.000000;2999.000000;100.000000;0.000000;0.000000;-nan;        22s 831ms 483μs 833ns;                        -4644880864643100ns
77c926;83;0;149;108;7;44;45.000000;0.000000;0.000000;2972.000000;2972.000000;103.302051;0.000000;0.000000;-nan;        17s 497ms 307μs 148ns;                        -1161209303047362ns
77c932;80;0;148;112;7;44;45.000000;0.000000;0.000000;2972.000000;2972.000000;102.944233;0.000000;0.000000;-nan;        17s 817ms 879μs 683ns;                        -580606384669959ns
77c8d5;74;0;123;99;7;44;46.000000;0.000000;0.000000;2970.000000;2970.000000;103.556485;0.000000;0.000000;-nan;        17s  16ms 407μs 394ns;                        -580599347093253ns
77c8f0;80;0;150;110;7;44;45.000000;0.000000;0.000000;2970.000000;2970.000000;103.376262;0.000000;0.000000;-nan;        18s  72ms 539μs 795ns;                        -1161211208919503ns
77c905;82;0;140;118;7;44;45.000000;0.000000;0.000000;2872.000000;2872.000000;100.000000;0.000000;0.000000;-nan;        17s 152ms 604μs 196ns;            701ms  59μs 412ns
77c8a5;54;0;111;83;6;44;0.000000;0.000000;-nan;2972.000000;2972.000000;100.000000;0.000000;0.000000;-nan;        11s 873ms 723μs 602ns;                          0ns
77c8a8;81;0;149;110;7;44;45.000000;0.000000;0.000000;2970.000000;2970.000000;103.017690;0.000000;0.000000;-nan;        16s 927ms 455μs  91ns;                        -580602126365475ns
77c8b8;79;0;156;105;7;44;45.000000;0.000000;0.000000;2970.000000;2970.000000;103.196664;0.000000;0.000000;-nan;        16s 927ms 120μs 176ns;                        -580602770898642ns
77c8c8;82;8;134;115;7;44;45.000000;0.000000;0.000000;2972.000000;2972.000000;103.122831;0.000000;0.000000;-nan;        16s 926ms 697μs 288ns;                        -580600916243215ns
47b440;104;0;180;140;8;43;45.000000;0.000000;0.000000;2972.000000;2972.000000;103.302051;0.000000;0.000000;-nan;        19s  43ms 649μs 178ns;                        -1644620315744405ns
47b452;80;0;148;112;7;44;45.000000;0.000000;0.000000;2873.000000;2873.000000;100.000000;0.000000;0.000000;-nan;        17s 762ms 631μs 150ns;            280ms 338μs 925ns
47b45f;80;0;149;111;7;44;45.000000;0.000000;0.000000;2878.000000;2878.000000;100.000000;0.000000;0.000000;-nan;        17s 974ms 496μs 176ns;            259ms 151μs 378ns
47b471;82;1;142;115;7;44;45.000000;0.000000;0.000000;2972.000000;2972.000000;103.122831;0.000000;0.000000;-nan;        15s 717ms 902μs 184ns;                        -548202684439165ns
47b410;211;0;239;186;14;53;156.000000;0.000000;0.000000;2999.000000;2999.000000;100.000000;0.000000;0.000000;-nan;        25s 274ms 528μs 903ns;                        -13157141767168102ns
47b3ca;109;0;180;145;8;44;46.000000;0.000000;0.000000;2887.000000;2887.000000;100.000000;0.000000;0.000000;-nan;        18s 840ms  48μs 449ns;         1s 801ms 504μs 774ns
47b3df;104;0;174;146;8;43;45.000000;0.000000;0.000000;2972.000000;2972.000000;103.481894;0.000000;0.000000;-nan;        18s 553ms 721μs  23ns;                        -1644615458591121ns
47b3f8;74;20;137;109;7;44;45.000000;0.000000;0.000000;2970.000000;2970.000000;103.017690;0.000000;0.000000;-nan;        11s 158ms 562μs 156ns;                        -548197860478693ns
47b3b6;45;8;113;82;6;44;0.000000;0.000000;-nan;2972.000000;2972.000000;100.000000;0.000000;0.000000;-nan;         9s  74ms 944μs 401ns;                          0ns
47b3bb;43;0;123;76;6;43;0.000000;0.000000;-nan;2970.000000;2970.000000;100.000000;0.000000;0.000000;-nan;        12s 657ms  92μs 167ns;                          0ns
179d48;71;0;72;75;7;23;25.000000;0.000000;0.000000;1888.000000;1888.000000;100.000000;0.000000;0.000000;-nan;         9s 510ms 720μs  12ns;            481ms 587μs 371ns
179d01;68;8;68;74;7;23;25.000000;0.000000;0.000000;1888.000000;1888.000000;99.894180;0.000000;0.000000;-nan;         8s  35ms 379μs 430ns;            432ms  47μs 550ns
179d13;79;0;74;79;7;23;30.000000;0.000000;0.000000;1888.000000;1888.000000;107.150965;0.000000;0.000000;-nan;         9s 713ms 793μs 863ns;            520ms  78μs 834ns
179d26;114;0;99;113;9;23;27.000000;0.000000;0.000000;1888.000000;1888.000000;100.425532;0.000000;0.000000;-nan;        10s 306ms 786μs 163ns;         1s 107ms 220μs 971ns
179d38;75;0;76;75;7;24;26.000000;0.000000;0.000000;1888.000000;1888.000000;100.159151;0.000000;0.000000;-nan;         9s 646ms 888μs 951ns;            788ms 504μs 196ns
179cc4;71;0;72;75;7;23;25.000000;0.000000;0.000000;1888.000000;1888.000000;100.532481;0.000000;0.000000;-nan;         8s 616ms 832μs 888ns;            510ms 487μs 786ns
179cc7;88;0;73;83;7;26;28.000000;0.000000;0.000000;1892.000000;1892.000000;100.000000;0.000000;0.000000;-nan;         9s 839ms 214μs 651ns;            624ms       846ns
179cd5;66;0;65;57;6;26;27.000000;0.000000;0.000000;1834.000000;1834.000000;100.000000;0.000000;0.000000;-nan;         7s 265ms 608μs  14ns;            338ms 563μs 450ns
179ce0;70;0;75;73;7;23;25.000000;0.000000;0.000000;1888.000000;1888.000000;107.211811;0.000000;0.000000;-nan;         9s 218ms 882μs 769ns;            490ms 625μs 291ns
179ced;91;0;84;95;8;23;26.000000;0.000000;0.000000;1888.000000;1888.000000;107.090187;0.000000;0.000000;-nan;         9s 950ms 800μs  66ns;            953ms 215μs 286ns
77970d;102;0;182;140;8;43;45.000000;0.000000;0.000000;2970.000000;2970.000000;103.017690;0.000000;0.000000;-nan;        19s 943ms  62μs 718ns;                        -1741414965994778ns
77971d;104;0;181;139;8;43;45.000000;0.000000;0.000000;2972.000000;2972.000000;103.662365;0.000000;0.000000;-nan;        20s 522ms 725μs 711ns;                        -1741416213146548ns
779729;156;0;192;150;12;51;0.000000;0.000000;-nan;2999.000000;2999.000000;100.000000;0.000000;0.000000;-nan;        24s 935ms 373μs  61ns;                        -4063315334162185ns
77973b;107;0;181;146;8;44;46.000000;0.000000;0.000000;2887.000000;2887.000000;100.000000;0.000000;0.000000;-nan;        20s 710ms 115μs 678ns;         1s 336ms 513μs 434ns
7796dd;104;0;178;142;8;43;45.000000;0.000000;0.000000;2972.000000;2972.000000;103.302051;0.000000;0.000000;-nan;        20s 301ms 968μs 649ns;                        -2321879110270449ns
7796ee;82;0;148;110;7;44;45.000000;0.000000;0.000000;2970.000000;2970.000000;103.556485;0.000000;0.000000;-nan;        17s 821ms   9μs 134ns;                        -580468401942939ns
779700;84;0;142;114;7;44;45.000000;0.000000;0.000000;2882.000000;2882.000000;100.000000;0.000000;0.000000;-nan;        17s 129ms 167μs 901ns;            249ms 305μs 416ns
7796ba;47;0;121;80;6;44;0.000000;0.000000;-nan;2972.000000;2972.000000;100.000000;0.000000;0.000000;-nan;        12s 393ms 108μs 199ns;                          0ns
7796be;82;0;147;111;7;44;45.000000;0.000000;0.000000;2878.000000;2878.000000;100.000000;0.000000;0.000000;-nan;        16s 528ms 723μs 553ns;            793ms 409μs 125ns
7796cc;82;0;140;118;7;44;45.000000;0.000000;0.000000;2972.000000;2972.000000;103.481894;0.000000;0.000000;-nan;        16s 734ms 599μs 851ns;                        -1160932904185059ns
47840e;82;0;147;111;7;44;45.000000;0.000000;0.000000;2878.000000;2878.000000;100.000000;0.000000;0.000000;-nan;        16s 885ms 988μs 987ns;            838ms 828μs 431ns
478420;82;0;143;115;7;44;45.000000;0.000000;0.000000;2882.000000;2882.000000;100.000000;0.000000;0.000000;-nan;        17s 159ms 994μs 813ns;            337ms 321μs 417ns
47842d;80;0;150;109;7;44;45.000000;0.000000;0.000000;2873.000000;2873.000000;100.000000;0.000000;0.000000;-nan;        17s 961ms 608μs 367ns;            428ms 643μs 640ns
4783c8;105;0;178;141;8;43;45.000000;0.000000;0.000000;2972.000000;2972.000000;102.944233;0.000000;0.000000;-nan;        18s 855ms 691μs 964ns;                        -548100159865030ns
4783db;138;0;180;98;13;50;164.000000;0.000000;0.000000;2999.000000;2999.000000;100.000000;0.000000;0.000000;-nan;        23s 104ms 146μs 501ns;                        -6577248839999427ns
4783f3;104;0;180;140;8;43;45.000000;0.000000;0.000000;2970.000000;2970.000000;103.017690;0.000000;0.000000;-nan;        19s  53ms  26μs 743ns;                        -1096200058733104ns
478397;43;0;123;82;6;44;0.000000;0.000000;-nan;2970.000000;2970.000000;100.000000;0.000000;0.000000;-nan;        10s 731ms 687μs 516ns;                          0ns
47839c;45;8;113;82;6;44;0.000000;0.000000;-nan;2972.000000;2972.000000;100.000000;0.000000;0.000000;-nan;         7s 235ms  76μs 511ns;                          0ns
4783a5;83;0;141;116;7;44;45.000000;0.000000;0.000000;2972.000000;2972.000000;103.481894;0.000000;0.000000;-nan;        15s 642ms 217μs 229ns;                        -548093663693854ns
4783b3;106;0;174;144;8;43;45.000000;0.000000;0.000000;2972.000000;2972.000000;103.302051;0.000000;0.000000;-nan;        18s 450ms 498μs 894ns;                        -1096194727178000ns
776594;132;0;168;103;11;55;0.000000;0.000000;-nan;2999.000000;2999.000000;100.000000;0.000000;0.000000;-nan;        24s 599ms 394μs  65ns;                        -4642729993401389ns
7765a4;82;0;148;110;7;44;45.000000;0.000000;0.000000;2887.000000;2887.000000;100.000000;0.000000;0.000000;-nan;        20s 530ms 149μs 502ns;            594ms 444μs 630ns
776550;100;0;185;139;8;43;45.000000;0.000000;0.000000;2970.000000;2970.000000;103.376262;0.000000;0.000000;-nan;        21s  13ms 267μs  97ns;                        -2321349062836447ns
776563;79;0;150;111;7;44;45.000000;0.000000;0.000000;2868.000000;2868.000000;100.000000;0.000000;0.000000;-nan;        19s 552ms 513μs  66ns;            282ms 851μs 668ns
776574;104;0;175;145;8;43;45.000000;0.000000;0.000000;2972.000000;2972.000000;103.302051;0.000000;0.000000;-nan;        21s 333ms 791μs 757ns;                        -1160678428281942ns
776585;104;0;176;144;8;43;45.000000;0.000000;0.000000;2972.000000;2972.000000;103.481894;0.000000;0.000000;-nan;        21s 507ms 385μs 817ns;                        -1160680752623869ns
77650f;77;0;148;107;7;43;0.000000;0.000000;-nan;2972.000000;2972.000000;100.000000;0.000000;0.000000;-nan;        17s 615ms  91μs 680ns;                        -580334456656631ns
776512;103;0;185;136;8;43;45.000000;0.000000;0.000000;2970.000000;2970.000000;103.196664;0.000000;0.000000;-nan;        20s 483ms 680μs  25ns;                        -1160673139917692ns
776529;80;3;148;109;7;44;45.000000;0.000000;0.000000;2970.000000;2970.000000;103.017690;0.000000;0.000000;-nan;        16s 217ms 402μs 291ns;                        -580332127009768ns
77653a;81;0;145;114;7;44;45.000000;0.000000;0.000000;2972.000000;2972.000000;103.122831;0.000000;0.000000;-nan;        18s 282ms 365μs 905ns;                        -580334440230970ns
475351;81;0;146;113;7;44;45.000000;0.000000;0.000000;2970.000000;2970.000000;103.017690;0.000000;0.000000;-nan;        18s 780ms 727μs 144ns;                        -547991426145461ns
47535b;82;0;147;111;7;44;45.000000;0.000000;0.000000;2878.000000;2878.000000;100.000000;0.000000;0.000000;-nan;        18s 965ms 801μs 565ns;            746ms 650μs 398ns
47536c;102;0;177;145;8;43;45.000000;0.000000;0.000000;2972.000000;2972.000000;103.481894;0.000000;0.000000;-nan;        20s 947ms 350μs 541ns;                        -1095990311711178ns
47537b;134;0;211;183;9;44;47.000000;0.000000;0.000000;2873.000000;2873.000000;100.000000;0.000000;0.000000;-nan;        21s 846ms 977μs 194ns;         1s 919ms 672μs 600ns
475300;44;0;124;80;6;44;0.000000;0.000000;-nan;2970.000000;2970.000000;100.000000;0.000000;0.000000;-nan;        11s 908ms 983μs 797ns;                          0ns
47530a;86;0;141;113;7;44;45.000000;0.000000;0.000000;2882.000000;2882.000000;100.000000;0.000000;0.000000;-nan;        18s 720ms  81μs 515ns;            540ms 829μs  34ns
47531d;104;0;180;140;8;43;45.000000;0.000000;0.000000;2972.000000;2972.000000;103.302051;0.000000;0.000000;-nan;        20s 444ms  18μs 215ns;                        -1095981884994746ns
47532b;84;0;140;116;7;44;45.000000;0.000000;0.000000;2972.000000;2972.000000;102.944233;0.000000;0.000000;-nan;        18s 462ms 118μs 107ns;                        -547989493827335ns
47533d;103;0;181;140;8;43;45.000000;0.000000;0.000000;2970.000000;2970.000000;103.556485;0.000000;0.000000;-nan;        20s 608ms 861μs  83ns;                        -1095984347563198ns
4752fc;56;0;109;83;6;44;0.000000;0.000000;-nan;2972.000000;2972.000000;100.000000;0.000000;0.000000;-nan;        12s 678ms 576μs 691ns;                          0ns
773392;80;0;152;108;7;44;45.000000;0.000000;0.000000;2887.000000;2887.000000;100.000000;0.000000;0.000000;-nan;        19s 473ms 902μs 798ns;            391ms 198μs 957ns
773361;80;0;147;113;7;44;45.000000;0.000000;0.000000;2970.000000;2970.000000;103.376262;0.000000;0.000000;-nan;        16s 845ms 597μs 496ns;                        -1160395928777824ns
773372;82;0;148;110;7;44;45.000000;0.000000;0.000000;2972.000000;2972.000000;103.122831;0.000000;0.000000;-nan;        18s 174ms 345μs 262ns;                        -580201460952871ns
77331c;99;0;187;138;8;43;45.000000;0.000000;0.000000;2970.000000;2970.000000;103.556485;0.000000;0.000000;-nan;        19s 480ms 154μs 362ns;                        -580204824853715ns
773331;222;0;271;185;15;52;163.000000;0.000000;0.000000;2999.000000;2999.000000;100.000000;0.000000;0.000000;-nan;        27s 152ms 482μs 975ns;                        -13344859581589223ns
773348;105;0;179;140;8;43;45.000000;0.000000;0.000000;2972.000000;2972.000000;103.662365;0.000000;0.000000;-nan;        19s 754ms 364μs 196ns;                        -1740611663580978ns
7732cf;83;0;144;113;7;44;45.000000;0.000000;0.000000;2972.000000;2972.000000;103.481894;0.000000;0.000000;-nan;        17s  92ms 779μs 868ns;                        -1160397709305943ns
7732f9;85;0;142;113;7;44;45.000000;0.000000;0.000000;2877.000000;2877.000000;100.000000;0.000000;0.000000;-nan;        18s 177ms 505μs 970ns;            622ms 590μs 353ns
7732b5;47;0;118;83;6;44;0.000000;0.000000;-nan;2972.000000;2972.000000;100.000000;0.000000;0.000000;-nan;        12s 783ms 511μs 368ns;                          0ns
7732ba;95;20;170;139;8;43;45.000000;0.000000;0.000000;2970.000000;2970.000000;103.017690;0.000000;0.000000;-nan;        13s 582ms 211μs 870ns;                        -580195466132483ns
471e10;104;0;158;118;8;52;0.000000;0.000000;-nan;2999.000000;2999.000000;100.000000;0.000000;0.000000;-nan;        20s 863ms 707μs 863ns;                        -2739453806191674ns
471dc5;82;0;147;111;7;44;45.000000;0.000000;0.000000;2970.000000;2970.000000;103.556485;0.000000;0.000000;-nan;        18s   3ms 235μs 260ns;                        -547884790740148ns
471dd8;84;0;140;116;7;44;45.000000;0.000000;0.000000;2972.000000;2972.000000;102.944233;0.000000;0.000000;-nan;        18s 972ms 904μs   9ns;                        -547887172325060ns
471de8;104;0;180;140;8;43;45.000000;0.000000;0.000000;2970.000000;2970.000000;103.376262;0.000000;0.000000;-nan;        20s 160ms 574μs 613ns;                        -1643669551565759ns
471dfd;81;0;150;109;7;44;45.000000;0.000000;0.000000;2878.000000;2878.000000;100.000000;0.000000;0.000000;-nan;        18s 773ms 781μs 779ns;            853ms 477μs 731ns
471d85;77;0;147;108;7;43;0.000000;0.000000;-nan;2972.000000;2972.000000;100.000000;0.000000;0.000000;-nan;        17s 673ms 753μs 322ns;                        -547884079908416ns
471d8a;43;0;123;82;6;44;0.000000;0.000000;-nan;2970.000000;2970.000000;100.000000;0.000000;0.000000;-nan;        13s 468ms 257μs 455ns;                          0ns
471d93;84;0;140;116;7;44;45.000000;0.000000;0.000000;2972.000000;2972.000000;103.122831;0.000000;0.000000;-nan;        17s 443ms 273μs 344ns;                        -1643649940409469ns
471da8;81;0;145;114;7;44;45.000000;0.000000;0.000000;2883.000000;2883.000000;100.000000;0.000000;0.000000;-nan;        17s 910ms 248μs 682ns;            804ms 766μs 607ns
471db8;84;0;142;114;7;44;45.000000;0.000000;0.000000;2972.000000;2972.000000;103.481894;0.000000;0.000000;-nan;        16s 152ms 244μs 909ns;                        -1643647420142393ns
171380;71;0;76;71;7;23;25.000000;0.000000;0.000000;1888.000000;1888.000000;100.265534;0.000000;0.000000;-nan;         8s 716ms 306μs 204ns;            503ms 683μs 279ns
17138c;54;0;58;56;6;23;24.000000;0.000000;0.000000;1764.000000;1764.000000;100.000000;0.000000;0.000000;-nan;         7s 586ms 235μs 667ns;            270ms 964μs 120ns
1713a1;71;0;73;74;7;23;25.000000;0.000000;0.000000;1888.000000;1888.000000;100.000000;0.000000;0.000000;-nan;         8s 817ms 807μs 567ns;            412ms 700μs 175ns
1713bc;56;0;62;56;6;24;25.000000;0.000000;0.000000;1878.000000;1878.000000;100.000000;0.000000;0.000000;-nan;         7s 749ms 606μs 109ns;            355ms 772μs 783ns
171348;91;0;90;89;8;23;26.000000;0.000000;0.000000;1888.000000;1888.000000;99.894180;0.000000;0.000000;-nan;         8s 924ms 824μs 601ns;         1s  86ms 293μs 603ns
17135e;72;0;65;71;6;29;30.000000;0.000000;0.000000;1833.000000;1833.000000;100.000000;0.000000;0.000000;-nan;         8s  91ms 341μs 991ns;            145ms 575μs  23ns
17136d;113;0;102;111;9;23;27.000000;0.000000;0.000000;1888.000000;1888.000000;107.211811;0.000000;0.000000;-nan;         9s 327ms 966μs 403ns;            965ms  27μs 586ns
171327;71;0;76;71;7;23;25.000000;0.000000;0.000000;1888.000000;1888.000000;106.968839;0.000000;0.000000;-nan;         8s 160ms 261μs 910ns;            361ms 800μs 733ns
17132b;61;0;68;59;6;26;27.000000;0.000000;0.000000;2047.000000;2047.000000;100.000000;0.000000;0.000000;-nan;         7s 341ms 797μs 992ns;            276ms 481μs 766ns
171335;53;0;62;59;6;24;25.000000;0.000000;0.000000;1888.000000;1888.000000;107.090187;0.000000;0.000000;-nan;         7s 220ms  32μs 679ns;            258ms 997μs 762ns
770254;103;0;177;144;8;43;45.000000;0.000000;0.000000;2972.000000;2972.000000;103.302051;0.000000;0.000000;-nan;        19s 327ms 244μs 183ns;                        -2320274902578247ns
770262;179;0;234;175;13;49;0.000000;0.000000;-nan;2999.000000;2999.000000;100.000000;0.000000;0.000000;-nan;        23s 649ms  95μs 861ns;                        -5220658019412366ns
770271;84;0;140;116;7;44;45.000000;0.000000;0.000000;2972.000000;2972.000000;103.662365;0.000000;0.000000;-nan;        18s 188ms 693μs 574ns;                        -580068801238752ns
77027f;81;0;148;111;7;44;45.000000;0.000000;0.000000;2887.000000;2887.000000;100.000000;0.000000;0.000000;-nan;        18s 394ms 522μs 977ns;            250ms 442μs 101ns
77021c;82;0;147;111;7;44;45.000000;0.000000;0.000000;2883.000000;2883.000000;100.000000;0.000000;0.000000;-nan;        17s   1ms 194μs 675ns;            761ms 526μs 493ns
77022e;80;0;149;111;7;44;45.000000;0.000000;0.000000;2868.000000;2868.000000;100.000000;0.000000;0.000000;-nan;        17s  65ms 535μs  55ns;            303ms 362μs 425ns
77023f;84;0;140;116;7;44;45.000000;0.000000;0.000000;2882.000000;2882.000000;100.000000;0.000000;0.000000;-nan;        17s 883ms 179μs  33ns;            700ms  90μs 744ns
7701e4;45;8;113;76;6;43;0.000000;0.000000;-nan;2972.000000;2972.000000;100.000000;0.000000;0.000000;-nan;         9s 751ms 870μs 895ns;                          0ns
7701eb;81;0;149;110;7;44;45.000000;0.000000;0.000000;2970.000000;2970.000000;103.376262;0.000000;0.000000;-nan;        16s 240ms 776μs 268ns;                        -1160128580150018ns
770203;82;0;147;111;7;44;45.000000;0.000000;0.000000;2972.000000;2972.000000;103.481894;0.000000;0.000000;-nan;        16s 521ms 780μs 113ns;                        -580064901345052ns
46ea41;78;8;143;111;7;44;45.000000;0.000000;0.000000;2878.000000;2878.000000;100.000000;0.000000;0.000000;-nan;        16s 194ms  32μs 145ns;            423ms 718μs 577ns
46ea0a;81;0;146;113;7;44;45.000000;0.000000;0.000000;2972.000000;2972.000000;103.481894;0.000000;0.000000;-nan;        17s 593ms 530μs 194ns;                        -1643275739289755ns
46ea1b;170;0;201;153;13;52;0.000000;0.000000;-nan;2999.000000;2999.000000;100.000000;0.000000;0.000000;-nan;        24s 149ms   5μs  16ns;                        -9859800712790735ns
46ea33;100;0;183;141;8;43;45.000000;0.000000;0.000000;2970.000000;2970.000000;103.017690;0.000000;0.000000;-nan;        19s 260ms 692μs 630ns;                        -1095523172751703ns
46e9d3;103;0;185;136;8;43;45.000000;0.000000;0.000000;2970.000000;2970.000000;103.556485;0.000000;0.000000;-nan;        18s 836ms 716μs 239ns;                        -1095519010331923ns
46e9e2;105;0;175;144;8;43;45.000000;0.000000;0.000000;2972.000000;2972.000000;102.944233;0.000000;0.000000;-nan;        19s  33ms 576μs 938ns;                        -1643282873384556ns
46e9fd;105;5;175;139;8;43;45.000000;0.000000;0.000000;2972.000000;2972.000000;103.122831;0.000000;0.000000;-nan;        18s 282ms 678μs 639ns;                        -2191026460978034ns
46e9af;47;0;120;75;6;43;0.000000;0.000000;-nan;2972.000000;2972.000000;100.000000;0.000000;0.000000;-nan;        12s 911ms 728μs 591ns;                          0ns
46e9b4;41;8;118;75;6;43;0.000000;0.000000;-nan;2970.000000;2970.000000;100.000000;0.000000;0.000000;-nan;         7s 950ms 617μs 593ns;                          0ns
46e9bd;83;1;147;109;7;44;45.000000;0.000000;0.000000;2873.000000;2873.000000;100.000000;0.000000;0.000000;-nan;        15s 254ms 543μs 394ns;            717ms 230μs 466ns
76cc1e;450;60;517;473;21;50;156.000000;0.000000;0.000000;2999.000000;2999.000000;100.000000;0.000000;0.000000;-nan;        36s 255ms 308μs 948ns;                        -59153808856834202ns
76cbdc;93;0;159;118;8;42;45.000000;0.000000;0.000000;2855.000000;2855.000000;100.000000;0.000000;0.000000;-nan;        19s   2ms 387μs 493ns;         1s 469ms 183μs 834ns
76cbf3;76;0;154;110;7;44;45.000000;0.000000;0.000000;2878.000000;2878.000000;100.000000;0.000000;0.000000;-nan;        17s 779ms 244μs 663ns;            433ms 996μs 301ns
76cc08;78;8;145;109;7;44;45.000000;0.000000;0.000000;2873.000000;2873.000000;100.000000;0.000000;0.000000;-nan;        15s 916ms 224μs 970ns;            652ms 144μs 593ns
76cb9b;79;0;153;108;7;44;45.000000;0.000000;0.000000;2883.000000;2883.000000;100.000000;0.000000;0.000000;-nan;        16s 570ms 899μs 413ns;            420ms  18μs 781ns
76cbab;103;0;178;143;8;43;45.000000;0.000000;0.000000;2972.000000;2972.000000;103.662365;0.000000;0.000000;-nan;        18s 871ms 421μs 123ns;                        -1739776177581596ns
76cbbe;81;0;146;113;7;44;45.000000;0.000000;0.000000;2970.000000;2970.000000;103.556485;0.000000;0.000000;-nan;        16s 889ms 755μs 681ns;                        -579922032318004ns
76cbc9;81;0;147;112;7;44;45.000000;0.000000;0.000000;2887.000000;2887.000000;100.000000;0.000000;0.000000;-nan;        17s   6ms 909μs 927ns;            388ms 248μs 980ns
76cb85;48;0;119;81;6;44;0.000000;0.000000;-nan;2972.000000;2972.000000;100.000000;0.000000;0.000000;-nan;        12s 634ms 806μs 853ns;                          0ns
76cb8a;81;8;139;112;7;44;45.000000;0.000000;0.000000;2882.000000;2882.000000;100.000000;0.000000;0.000000;-nan;        15s 676ms 949μs 365ns;            541ms 551μs 772ns
46b584;82;2;145;111;7;44;45.000000;0.000000;0.000000;2883.000000;2883.000000;100.000000;0.000000;0.000000;-nan;        17s 433ms 621μs 635ns;            249ms 745μs  19ns
46b54b;173;0;222;175;13;50;0.000000;0.000000;-nan;2999.000000;2999.000000;100.000000;0.000000;0.000000;-nan;        25s 528ms 185μs  40ns;                        -5476098779010440ns
46b562;83;0;144;113;7;44;45.000000;0.000000;0.000000;2972.000000;2972.000000;103.302051;0.000000;0.000000;-nan;        19s 139ms 343μs 579ns;                        -1642813368249427ns
46b570;106;0;180;138;8;43;45.000000;0.000000;0.000000;2970.000000;2970.000000;103.376262;0.000000;0.000000;-nan;        20s 589ms 535μs  57ns;                        -1095216838916249ns
46b50f;105;0;179;139;8;43;45.000000;0.000000;0.000000;2972.000000;2972.000000;103.122831;0.000000;0.000000;-nan;        20s 342ms 697μs  13ns;                        -1642809348591868ns
46b520;103;2;177;142;8;43;45.000000;0.000000;0.000000;2970.000000;2970.000000;103.556485;0.000000;0.000000;-nan;        19s 321ms 546μs 584ns;                        -547604306310388ns
46b532;84;0;142;114;7;44;45.000000;0.000000;0.000000;2972.000000;2972.000000;102.944233;0.000000;0.000000;-nan;        18s 864ms 825μs 318ns;                        -1095207121764157ns
46b4e8;77;0;148;107;7;43;0.000000;0.000000;-nan;2970.000000;2970.000000;100.000000;0.000000;0.000000;-nan;        18s 599ms 126μs 442ns;                        -547603390773064ns
46b4eb;75;0;149;108;7;43;0.000000;0.000000;-nan;2972.000000;2972.000000;100.000000;0.000000;0.000000;-nan;        18s 293ms  22μs 463ns;                        -547602013805479ns
46b4f6;85;0;145;110;7;44;45.000000;0.000000;0.000000;2878.000000;2878.000000;100.000000;0.000000;0.000000;-nan;        18s 473ms 256μs 355ns;            727ms 111μs  27ns
769bd2;57;0;114;83;6;45;45.000000;45.000000;100.000000;2873.000000;2873.000000;100.000000;0.000000;0.000000;-nan;        14s  31ms  63μs 831ns;                          0ns
769beb;79;0;153;108;7;44;45.000000;0.000000;0.000000;2878.000000;2878.000000;100.000000;0.000000;0.000000;-nan;        16s 878ms 214μs 707ns;            426ms 959μs 191ns
769bfb;57;0;114;83;6;45;45.000000;45.000000;100.000000;2883.000000;2883.000000;100.000000;0.000000;0.000000;-nan;        14s 172ms 765μs 526ns;                          0ns
769b8d;83;0;143;114;7;44;45.000000;0.000000;0.000000;2972.000000;2972.000000;103.302051;0.000000;0.000000;-nan;        15s 957ms 658μs  54ns;                        -1159578978685624ns
769b99;78;0;120;98;7;44;46.000000;0.000000;0.000000;2972.000000;2972.000000;103.122831;0.000000;0.000000;-nan;        16s 146ms 834μs 378ns;                        -579786095309904ns
769baa;83;0;145;112;7;44;45.000000;0.000000;0.000000;2887.000000;2887.000000;100.000000;0.000000;0.000000;-nan;        16s 399ms 824μs 842ns;            689ms 236μs 705ns
769bb7;81;8;138;113;7;44;45.000000;0.000000;0.000000;2972.000000;2972.000000;103.481894;0.000000;0.000000;-nan;        15s 120ms 646μs 475ns;                        -579787656348909ns
769bc8;215;0;279;180;15;50;0.000000;0.000000;-nan;2999.000000;2999.000000;100.000000;0.000000;0.000000;-nan;        25s 232ms 359μs 312ns;                        -11016199695467278ns
769b7a;45;0;122;81;6;44;0.000000;0.000000;-nan;2972.000000;2972.000000;100.000000;0.000000;0.000000;-nan;        12s 509ms 440μs 850ns;                          0ns
769b7f;105;0;180;149;8;44;46.000000;0.000000;0.000000;2873.000000;2873.000000;99.965205;0.000000;0.000000;-nan;        17s 143ms 995μs 453ns;         1s 476ms 788μs 117ns
168b8c;78;0;81;77;7;25;27.000000;0.000000;0.000000;1888.000000;1888.000000;100.000000;0.000000;0.000000;-nan;         9s 476ms 397μs 976ns;            856ms 682μs 603ns
168b96;73;0;82;71;7;24;26.000000;0.000000;0.000000;1888.000000;1888.000000;107.029478;0.000000;0.000000;-nan;         9s 351ms 687μs 145ns;            953ms  68μs 900ns
168b46;63;0;59;58;6;25;26.000000;0.000000;0.000000;1835.000000;1835.000000;100.000000;0.000000;0.000000;-nan;         8s 395ms  91μs 371ns;            179ms 640μs 919ns
168b5c;72;6;73;75;7;24;26.000000;0.000000;0.000000;1888.000000;1888.000000;99.894180;0.000000;0.000000;-nan;         8s  20ms 118μs 746ns;            576ms 733μs 312ns
168b70;54;0;58;56;6;23;24.000000;0.000000;0.000000;1760.000000;1760.000000;100.000000;0.000000;0.000000;-nan;         7s 903ms 910μs 380ns;            181ms 515μs 140ns
168b7a;53;0;63;58;6;24;25.000000;0.000000;0.000000;1888.000000;1888.000000;107.211811;0.000000;0.000000;-nan;         7s 685ms 379μs 215ns;            413ms 704μs  47ns
168b16;82;0;79;83;7;26;28.000000;0.000000;0.000000;2047.000000;2047.000000;100.000000;0.000000;0.000000;-nan;         8s 739ms 584μs  29ns;            581ms 343μs  49ns
168b19;115;0;101;110;9;23;27.000000;0.000000;0.000000;1888.000000;1888.000000;100.159151;0.000000;0.000000;-nan;         9s 920ms 445μs 843ns;         1s 419ms 564μs 857ns
168b24;54;0;64;50;6;23;24.000000;0.000000;0.000000;1880.000000;1880.000000;100.000000;0.000000;0.000000;-nan;         7s 580ms 728μs 331ns;            299ms 522μs 241ns
168b36;92;0;67;75;7;28;30.000000;0.000000;0.000000;2186.000000;2186.000000;100.783771;0.000000;0.000000;-nan;         9s 349ms 726μs 110ns;                        -1077949341164953ns
468483;83;0;144;113;7;44;45.000000;0.000000;0.000000;2972.000000;2972.000000;102.944233;0.000000;0.000000;-nan;        17s 333ms 101μs 356ns;                        -1094948325992246ns
468494;96;0;160;124;8;43;46.000000;0.000000;0.000000;2970.000000;2970.000000;103.196664;0.000000;0.000000;-nan;        19s 584ms 806μs 258ns;                        -1642421435825050ns
468451;102;0;184;138;8;43;45.000000;0.000000;0.000000;2970.000000;2970.000000;103.376262;0.000000;0.000000;-nan;        19s 552ms 720μs 747ns;                        -1642429553906299ns
468466;171;0;216;137;13;52;168.000000;0.000000;0.000000;2999.000000;2999.000000;100.000000;0.000000;0.000000;-nan;        24s 506ms 422μs 216ns;                        -6022290283680514ns
468410;107;0;173;144;8;43;45.000000;0.000000;0.000000;2972.000000;2972.000000;103.481894;0.000000;0.000000;-nan;        19s  47ms 394μs 670ns;                        -1642432471156162ns
468423;98;1;156;125;8;43;46.000000;0.000000;0.000000;2972.000000;2972.000000;103.122831;0.000000;0.000000;-nan;        18s 865ms  30μs 596ns;                        -1094943628905109ns
46843a;82;0;150;108;7;44;45.000000;0.000000;0.000000;2883.000000;2883.000000;100.523013;0.000000;0.000000;-nan;        17s 155ms 692μs 147ns;         1s 347ms 297μs 583ns
4683ed;43;0;123;82;6;44;0.000000;0.000000;-nan;2970.000000;2970.000000;100.000000;0.000000;0.000000;-nan;        12s 105ms   2μs 499ns;                          0ns
4683f2;55;0;109;84;6;44;0.000000;0.000000;-nan;2972.000000;2972.000000;100.000000;0.000000;0.000000;-nan;        11s 279ms 165μs 542ns;                          0ns
4683fb;85;0;141;114;7;44;45.000000;0.000000;0.000000;2877.000000;2877.000000;100.000000;0.000000;0.000000;-nan;        16s 165ms 397μs 930ns;            246ms 791μs 636ns
766ad1;82;0;147;111;7;44;45.000000;0.000000;0.000000;2972.000000;2972.000000;103.122831;0.000000;0.000000;-nan;        17s 604ms 611μs 699ns;                        -579660799568507ns
766ae2;78;8;151;103;7;44;45.000000;0.000000;0.000000;2878.000000;2878.000000;100.000000;0.000000;0.000000;-nan;        15s 989ms 663μs 646ns;            403ms  88μs 729ns
766a8d;78;0;149;113;7;44;45.000000;0.000000;0.000000;2883.000000;2883.000000;100.000000;0.000000;0.000000;-nan;        17s 361ms 412μs 487ns;            253ms 949μs 952ns
766aa8;225;0;216;209;14;55;164.000000;0.000000;0.000000;2999.000000;2999.000000;100.000000;0.000000;0.000000;-nan;        25s 999ms 904μs 410ns;                        -17390072394395657ns
766abb;78;0;118;100;7;44;46.000000;0.000000;0.000000;2972.000000;2972.000000;103.302051;0.000000;0.000000;-nan;        16s 966ms 286μs 725ns;                        -579653945702612ns
766a5c;76;8;113;99;7;44;46.000000;0.000000;0.000000;2972.000000;2972.000000;103.481894;0.000000;0.000000;-nan;        14s 380ms 803μs 930ns;                        -579651262578936ns
766a6d;77;8;142;113;7;44;45.000000;0.000000;0.000000;2873.000000;2873.000000;100.000000;0.000000;0.000000;-nan;        14s 555ms 143μs 811ns;            252ms 207μs  65ns
766a35;47;0;118;77;6;43;0.000000;0.000000;-nan;2972.000000;2972.000000;100.000000;0.000000;0.000000;-nan;        12s 316ms 149μs  83ns;                          0ns
766a3a;126;35;203;154;9;43;46.000000;0.000000;0.000000;2970.000000;2970.000000;103.556485;0.000000;0.000000;-nan;        18s 628ms 457μs 595ns;                        -1159328144301415ns
766a4a;82;0;147;111;7;44;45.000000;0.000000;0.000000;2971.000000;2971.000000;102.909595;0.000000;0.000000;-nan;        16s 248ms 323μs 491ns;                        -1159313604637882ns
465104;85;0;145;118;7;45;46.000000;0.000000;0.000000;2878.000000;2878.000000;100.000000;0.000000;0.000000;-nan;        19s  23ms 458μs 788ns;            671ms 541μs  58ns
465111;136;0;195;161;9;52;0.000000;0.000000;-nan;2999.000000;2999.000000;100.000000;0.000000;0.000000;-nan;        22s 908ms 481μs 770ns;                        -6568236039709837ns
465123;58;0;117;79;6;45;45.000000;45.000000;100.000000;2873.000000;2873.000000;100.000000;0.000000;0.000000;-nan;        17s 425ms 970μs 847ns;                          0ns
46512e;84;0;142;114;7;44;45.000000;0.000000;0.000000;2972.000000;2972.000000;102.944233;0.000000;0.000000;-nan;        19s 924ms 612μs 917ns;                        -1642040863041238ns
4650d2;81;0;146;113;7;44;45.000000;0.000000;0.000000;2970.000000;2970.000000;103.017690;0.000000;0.000000;-nan;        18s 416ms 929μs 182ns;                        -547343046897600ns
4650e6;106;0;174;144;8;43;45.000000;0.000000;0.000000;2972.000000;2972.000000;103.302051;0.000000;0.000000;-nan;        21s 444ms  89μs 981ns;                        -1094698012442518ns
4650f7;84;0;143;113;7;44;45.000000;0.000000;0.000000;2972.000000;2972.000000;103.122831;0.000000;0.000000;-nan;        18s 924ms 799μs 623ns;                        -1094689566007001ns
4650aa;77;0;144;111;7;43;0.000000;0.000000;-nan;2972.000000;2972.000000;100.000000;0.000000;0.000000;-nan;        18s 292ms  61μs 817ns;                        -547343217965817ns
4650af;74;0;148;110;7;43;0.000000;0.000000;-nan;2970.000000;2970.000000;100.000000;0.000000;0.000000;-nan;        18s 599ms 960μs 324ns;                        -547344441756440ns
4650b8;106;0;174;144;8;43;45.000000;0.000000;0.000000;2972.000000;2972.000000;103.481894;0.000000;0.000000;-nan;        21s 141ms 818μs 620ns;                        -2189375867203565ns
763bd0;81;0;146;113;7;44;45.000000;0.000000;0.000000;2972.000000;2972.000000;103.122831;0.000000;0.000000;-nan;        17s 259ms 654μs 340ns;                        -579530111491990ns
763be1;81;0;147;112;7;44;45.000000;0.000000;0.000000;2877.000000;2877.000000;100.000000;0.000000;0.000000;-nan;        17s 482ms 466μs 766ns;            258ms 963μs  22ns
763bee;57;0;114;83;6;45;45.000000;45.000000;100.000000;2873.000000;2873.000000;100.000000;0.000000;0.000000;-nan;        15s 599ms 359μs 569ns;                          0ns
763bfd;134;0;184;114;11;50;0.000000;0.000000;-nan;2999.000000;2999.000000;100.000000;0.000000;0.000000;-nan;        21s 690ms  51μs 718ns;                        -7533951582428882ns
763b90;81;0;152;107;7;44;45.000000;0.000000;0.000000;2878.000000;2878.000000;100.000000;0.000000;0.000000;-nan;        16s 126ms 703μs  19ns;            630ms 542μs  79ns
763ba6;84;0;143;113;7;44;45.000000;0.000000;0.000000;2972.000000;2972.000000;102.944233;0.000000;0.000000;-nan;        16s 990ms 544μs 709ns;                        -579528097242903ns
763bbe;57;0;118;79;6;45;45.000000;45.000000;100.000000;2883.000000;2883.000000;100.000000;0.000000;0.000000;-nan;        14s 289ms 989μs 991ns;                          0ns
763b64;57;0;114;83;6;45;0.000000;0.000000;-nan;2970.000000;2970.000000;100.000000;0.000000;0.000000;-nan;        12s 691ms 111μs  25ns;                          0ns
763b69;73;8;140;111;7;43;0.000000;0.000000;-nan;2972.000000;2972.000000;100.000000;0.000000;0.000000;-nan;        14s 161ms 494μs 656ns;                        -579524439550222ns
763b72;107;0;175;152;8;44;46.000000;0.000000;0.000000;2872.000000;2872.000000;100.000000;0.000000;0.000000;-nan;        17s 913ms 360μs 448ns;            885ms 554μs 934ns
461f8a;104;0;180;140;8;43;45.000000;0.000000;0.000000;2972.000000;2972.000000;103.481894;0.000000;0.000000;-nan;        19s 223ms 753μs  49ns;                        -1641598393011479ns
461f97;192;0;266;170;14;51;148.000000;0.000000;0.000000;2999.000000;2999.000000;100.000000;0.000000;0.000000;-nan;        25s 141ms 728μs 268ns;                        -12038541804630510ns
461fab;102;0;181;141;8;43;45.000000;0.000000;0.000000;2970.000000;2970.000000;103.017690;0.000000;0.000000;-nan;        19s 418ms 404μs 477ns;                        -1641602039951636ns
461fb8;54;0;116;78;6;44;44.000000;44.000000;100.000000;2878.000000;2878.000000;100.000000;0.000000;0.000000;-nan;        14s 847ms 106μs   9ns;                          0ns
461f4b;83;0;141;116;7;44;45.000000;0.000000;0.000000;2972.000000;2972.000000;103.302051;0.000000;0.000000;-nan;        17s 180ms 650μs 870ns;                        -1094392592239134ns
461f5c;104;0;186;134;8;43;45.000000;0.000000;0.000000;2970.000000;2970.000000;103.556485;0.000000;0.000000;-nan;        19s  33ms 818μs 149ns;                        -2188785427573537ns
461f6d;81;0;146;113;7;44;45.000000;0.000000;0.000000;2873.000000;2873.000000;100.000000;0.000000;0.000000;-nan;        15s 780ms 916μs  44ns;            246ms 928μs   9ns
461f7a;82;0;148;110;7;44;45.000000;0.000000;0.000000;2887.000000;2887.000000;100.000000;0.000000;0.000000;-nan;        16s 963ms 604μs 773ns;            732ms 481μs 516ns
461f35;44;0;124;80;6;44;0.000000;0.000000;-nan;2972.000000;2972.000000;100.000000;0.000000;0.000000;-nan;        12s 871ms 713μs 295ns;                          0ns
461f38;84;0;140;116;7;44;45.000000;0.000000;0.000000;2972.000000;2972.000000;103.122831;0.000000;0.000000;-nan;        17s 470ms 780μs 202ns;                        -547196997528257ns
760b56;83;0;143;114;7;44;45.000000;0.000000;0.000000;2972.000000;2972.000000;103.122831;0.000000;0.000000;-nan;        16s 236ms 727μs 687ns;                        -1158798481778740ns
760b16;237;112;266;237;15;52;152.000000;0.000000;0.000000;2999.000000;2999.000000;100.000000;0.000000;0.000000;-nan;        25s 581ms 473μs 855ns;                        -16223416367264975ns
760b27;82;0;150;108;7;44;45.000000;0.000000;0.000000;2873.000000;2873.000000;100.000000;0.000000;0.000000;-nan;        15s 940ms  61μs 487ns;            809ms 184μs 416ns
760b44;80;0;149;111;7;44;45.000000;0.000000;0.000000;2883.000000;2883.000000;100.000000;0.000000;0.000000;-nan;        15s 723ms 832μs 955ns;            272ms  91μs 513ns
760aeb;103;0;178;153;8;44;46.000000;0.000000;0.000000;2868.000000;2868.000000;100.000000;0.000000;0.000000;-nan;        16s 369ms 903μs  17ns;         1s 104ms 519μs  84ns
760b05;59;0;114;81;6;45;45.000000;45.000000;100.000000;2878.000000;2878.000000;100.000000;0.000000;0.000000;-nan;        12s 896ms 997μs 431ns;                          0ns
760a94;44;0;123;81;6;44;0.000000;0.000000;-nan;2972.000000;2972.000000;100.000000;0.000000;0.000000;-nan;        11s 510ms 310μs 700ns;                          0ns
760a99;42;0;124;82;6;44;0.000000;0.000000;-nan;2970.000000;2970.000000;100.000000;0.000000;0.000000;-nan;        11s 247ms 751μs  60ns;                          0ns
760aa3;77;18;133;112;7;44;45.000000;0.000000;0.000000;2972.000000;2972.000000;102.944233;0.000000;0.000000;-nan;         9s 484ms 449μs 828ns;                        -579390290493410ns
760abf;84;0;140;116;7;44;45.000000;0.000000;0.000000;2887.000000;2887.000000;100.347584;0.000000;0.000000;-nan;        15s 540ms 480μs 721ns;            961ms  67μs 355ns
1604cb;60;0;64;64;6;26;27.000000;0.000000;0.000000;2047.000000;2047.000000;100.000000;0.000000;0.000000;-nan;         7s 415ms 974μs 314ns;            267ms 485μs 577ns
1604d5;52;0;64;58;6;24;25.000000;0.000000;0.000000;1762.000000;1762.000000;100.000000;0.000000;0.000000;-nan;         7s 380ms 546μs 204ns;            200ms 866μs 592ns
1604e0;69;0;75;74;7;23;25.000000;0.000000;0.000000;1888.000000;1888.000000;107.211811;0.000000;0.000000;-nan;         8s  17ms 982μs 847ns;            530ms 724μs 703ns
1604eb;49;0;67;58;6;24;25.000000;0.000000;0.000000;1888.000000;1888.000000;100.000000;0.000000;0.000000;-nan;         7s 564ms 907μs 757ns;            243ms 655μs 226ns
160481;58;0;68;68;6;27;28.000000;0.000000;0.000000;1892.000000;1892.000000;100.000000;0.000000;0.000000;-nan;         6s 937ms 688μs 478ns;            333ms 900μs 472ns
160491;68;0;64;68;6;28;29.000000;0.000000;0.000000;1837.000000;1837.000000;100.108992;0.000000;0.000000;-nan;         7s 914ms 907μs 676ns;            384ms 397μs 780ns
1604a2;60;0;69;65;6;27;28.000000;0.000000;0.000000;2152.000000;2152.000000;100.000000;0.000000;0.000000;-nan;         7s 284ms 608μs 142ns;            142ms 393μs 952ns
1604ba;87;0;78;89;7;32;33.000000;0.000000;0.000000;2409.000000;2409.000000;100.000000;0.000000;0.000000;-nan;         8s 294ms 843μs 922ns;         1s 264ms 207μs 174ns
160467;62;0;86;70;7;23;25.000000;0.000000;0.000000;1888.000000;1888.000000;99.894180;0.000000;0.000000;-nan;         6s 833ms 635μs 267ns;            812ms 505μs 811ns
16046b;55;0;72;61;6;26;27.000000;0.000000;0.000000;2048.000000;2048.000000;100.000000;0.000000;0.000000;-nan;         6s 775ms 597μs 854ns;            133ms 293μs 789ns
45ef4c;78;0;119;99;7;44;46.000000;0.000000;0.000000;2972.000000;2972.000000;103.302051;0.000000;0.000000;-nan;        16s 581ms 419μs 110ns;                        -547066431534246ns
45ef5c;75;0;150;107;7;43;44.000000;0.000000;0.000000;2878.000000;2878.000000;100.000000;0.000000;0.000000;-nan;        17s  87ms 683μs 205ns;            258ms 570μs 629ns
45ef09;83;0;149;108;7;44;45.000000;0.000000;0.000000;2883.000000;2883.000000;100.000000;0.000000;0.000000;-nan;        15s 751ms 711μs  74ns;            242ms 608μs 725ns
45ef26;84;0;140;116;7;44;45.000000;0.000000;0.000000;2972.000000;2972.000000;103.122831;0.000000;0.000000;-nan;        16s 847ms 430μs 795ns;                        -1094142032350538ns
45ef37;174;0;194;156;13;52;163.000000;0.000000;0.000000;2999.000000;2999.000000;100.000000;0.000000;0.000000;-nan;        23s 551ms  88μs 382ns;                        -5470776784355260ns
45eedb;128;8;204;178;9;43;46.000000;0.000000;0.000000;2972.000000;2972.000000;102.944233;0.000000;0.000000;-nan;        18s 476ms  88μs 612ns;                        -547076710397605ns
45eef9;105;0;179;140;8;43;45.000000;0.000000;0.000000;2972.000000;2972.000000;103.481894;0.000000;0.000000;-nan;        18s  15ms 679μs 323ns;                        -1641214851285680ns
45eeae;43;0;128;77;6;44;0.000000;0.000000;-nan;2970.000000;2970.000000;100.000000;0.000000;0.000000;-nan;        11s 649ms  47μs 925ns;                          0ns
45eeb2;41;8;120;79;6;44;0.000000;0.000000;-nan;2972.000000;2972.000000;100.000000;0.000000;0.000000;-nan;         6s 735ms 505μs 882ns;                          0ns
45eebc;80;8;142;110;7;44;45.000000;0.000000;0.000000;2878.000000;2878.000000;100.174034;0.000000;0.000000;-nan;        14s 289ms 791μs 468ns;            667ms 149μs  56ns
75d894;77;0;120;99;7;44;46.000000;0.000000;0.000000;2972.000000;2972.000000;103.122831;0.000000;0.000000;-nan;        20s 505ms 580μs 710ns;                        -579260174506096ns
75d8a8;104;0;178;142;8;43;45.000000;0.000000;0.000000;2972.000000;2972.000000;103.481894;0.000000;0.000000;-nan;        22s 339ms 148μs 992ns;                        -1158538365631699ns
75d84f;183;0;171;152;12;51;0.000000;0.000000;-nan;2999.000000;2999.000000;100.000000;0.000000;0.000000;-nan;        26s 241ms 739μs 615ns;                        -8109782940666986ns
75d862;98;6;183;137;8;43;45.000000;0.000000;0.000000;2970.000000;2970.000000;103.556485;0.000000;0.000000;-nan;        19s 997ms 383μs 382ns;                        -1158524482367787ns
75d86d;103;0;178;143;8;43;45.000000;0.000000;0.000000;2972.000000;2972.000000;102.944233;0.000000;0.000000;-nan;        21s 464ms 176μs 727ns;                        -1158532187761089ns
75d888;80;0;152;108;7;44;45.000000;0.000000;0.000000;2883.000000;2883.000000;100.000000;0.000000;0.000000;-nan;        19s 758ms 348μs 847ns;            269ms 943μs 843ns
75d817;85;0;147;108;7;44;45.000000;0.000000;0.000000;2972.000000;2972.000000;103.302051;0.000000;0.000000;-nan;        18s 667ms 139μs 757ns;                        -579261222886425ns
75d81c;106;0;182;148;8;44;47.000000;0.000000;0.000000;2970.000000;2970.000000;103.089205;0.000000;0.000000;-nan;        20s 822ms 543μs 451ns;                        -579266160425639ns
75d831;80;0;147;113;7;44;45.000000;0.000000;0.000000;2970.000000;2970.000000;103.376262;0.000000;0.000000;-nan;        18s 835ms 281μs 631ns;                        -579262212056967ns
75d842;82;0;140;118;7;44;45.000000;0.000000;0.000000;2882.000000;2882.000000;100.523195;0.000000;0.000000;-nan;        19s 547ms 402μs 207ns;         1s 114ms  40μs 791ns
45be81;160;0;184;154;12;51;158.000000;0.000000;0.000000;2999.000000;2999.000000;100.000000;0.000000;0.000000;-nan;        22s 982ms 476μs 863ns;                        -5469500606843718ns
45be9a;54;0;114;80;6;44;44.000000;44.000000;100.000000;2878.000000;2878.000000;100.000000;0.000000;0.000000;-nan;        13s 834ms 360μs 862ns;                          0ns
45bea4;103;0;176;145;8;43;45.000000;0.000000;0.000000;2972.000000;2972.000000;103.122831;0.000000;0.000000;-nan;        18s 203ms 732μs 263ns;                        -2734717357835117ns
45beb4;84;0;143;113;7;44;45.000000;0.000000;0.000000;2972.000000;2972.000000;102.944233;0.000000;0.000000;-nan;        17s 277ms 844μs 266ns;                        -546943259382886ns
45be4f;102;0;178;144;8;43;45.000000;0.000000;0.000000;2972.000000;2972.000000;103.481894;0.000000;0.000000;-nan;        17s 490ms 454μs 746ns;                        -1640825641552141ns
45be5f;106;0;180;138;8;43;45.000000;0.000000;0.000000;2972.000000;2972.000000;103.302051;0.000000;0.000000;-nan;        17s 779ms 886μs  57ns;                        -1640827384140417ns
45be6f;104;0;180;140;8;43;45.000000;0.000000;0.000000;2970.000000;2970.000000;103.017690;0.000000;0.000000;-nan;        17s 939ms 184μs 313ns;                        -1093888583501804ns
45be2f;43;0;123;76;6;43;0.000000;0.000000;-nan;2970.000000;2970.000000;100.000000;0.000000;0.000000;-nan;        10s 849ms 842μs 693ns;                          0ns
45be32;46;0;119;77;6;43;0.000000;0.000000;-nan;2972.000000;2972.000000;100.000000;0.000000;0.000000;-nan;        12s 495ms 736μs  50ns;                          0ns
45be37;80;0;152;108;7;44;45.000000;0.000000;0.000000;2970.000000;2970.000000;103.376262;0.000000;0.000000;-nan;        14s 539ms 436μs 398ns;                        -546938859518860ns
75a895;78;0;147;115;7;44;45.000000;0.000000;0.000000;2873.000000;2873.000000;100.000000;0.000000;0.000000;-nan;        16s 328ms  78μs 679ns;            331ms 503μs 140ns
75a8a1;58;1;117;78;6;45;45.000000;45.000000;100.000000;2882.000000;2882.000000;100.000000;0.000000;0.000000;-nan;        11s 876ms 951μs 458ns;                          0ns
75a8b0;81;0;146;113;7;44;45.000000;0.000000;0.000000;2882.000000;2882.000000;100.173792;0.000000;0.000000;-nan;        16s 835ms 906μs 782ns;            711ms 389μs 149ns
75a8be;82;8;138;112;7;44;45.000000;0.000000;0.000000;2887.000000;2887.000000;100.000000;0.000000;0.000000;-nan;        15s 922ms 139μs 301ns;            659ms 597μs 973ns
75a861;209;0;224;195;14;50;152.000000;0.000000;0.000000;2999.000000;2999.000000;100.000000;0.000000;0.000000;-nan;        24s 174ms 790μs 461ns;                        -7528823702612336ns
75a883;78;0;153;109;7;44;45.000000;0.000000;0.000000;2878.000000;2878.000000;100.000000;0.000000;0.000000;-nan;        16s 533ms 699μs 862ns;            353ms 242μs 643ns
75a818;47;0;117;78;6;43;0.000000;0.000000;-nan;2972.000000;2972.000000;100.000000;0.000000;0.000000;-nan;        12s 793ms 886μs 544ns;                          0ns
75a81d;80;0;148;112;7;44;45.000000;0.000000;0.000000;2883.000000;2883.000000;100.000000;0.000000;0.000000;-nan;        16s 139ms 132μs 580ns;            427ms 647μs 520ns
75a82e;83;2;142;113;7;44;45.000000;0.000000;0.000000;2872.000000;2872.000000;100.000000;0.000000;0.000000;-nan;        13s 639ms 258μs 600ns;            307ms 662μs  67ns
75a843;80;4;143;113;7;44;45.000000;0.000000;0.000000;2868.000000;2868.000000;100.000000;0.000000;0.000000;-nan;        15s 643ms 549μs  94ns;            602ms 927μs 955ns
458e47;83;0;149;108;7;44;45.000000;0.000000;0.000000;2972.000000;2972.000000;103.481894;0.000000;0.000000;-nan;        17s 578ms 611μs 653ns;                        -1640503100080263ns
458e55;75;0;150;107;7;43;44.000000;0.000000;0.000000;2878.000000;2878.000000;100.000000;0.000000;0.000000;-nan;        17s 810ms 580μs 995ns;            278ms 913μs 582ns
458e5d;81;0;142;117;7;44;45.000000;0.000000;0.000000;2972.000000;2972.000000;103.302051;0.000000;0.000000;-nan;        17s 944ms 426μs 679ns;                        -546835407653339ns
458e6d;79;8;140;113;7;44;45.000000;0.000000;0.000000;2887.000000;2887.000000;100.000000;0.000000;0.000000;-nan;        16s 457ms 999μs  48ns;            345ms 131μs 761ns
458e00;83;0;147;110;7;44;45.000000;0.000000;0.000000;2970.000000;2970.000000;103.017690;0.000000;0.000000;-nan;        16s 676ms 824μs 541ns;                        -546831830413778ns
458e13;84;0;145;111;7;44;45.000000;0.000000;0.000000;2882.000000;2882.000000;100.000000;0.000000;0.000000;-nan;        16s 899ms 126μs 353ns;            267ms 541μs  18ns
458e25;83;0;146;111;7;44;45.000000;0.000000;0.000000;2970.000000;2970.000000;103.376262;0.000000;0.000000;-nan;        18s 112ms 897μs 374ns;                        -1093672245344177ns
458e37;162;0;188;148;12;51;157.000000;0.000000;0.000000;2999.000000;2999.000000;100.000000;0.000000;0.000000;-nan;        23s 577ms 206μs  84ns;                        -4374726000278688ns
458df4;77;0;146;109;7;43;0.000000;0.000000;-nan;2970.000000;2970.000000;100.000000;0.000000;0.000000;-nan;        17s  29ms  34μs 621ns;                        -546833454666599ns
458df8;74;0;147;111;7;43;0.000000;0.000000;-nan;2972.000000;2972.000000;100.000000;0.000000;0.000000;-nan;        17s 324ms 378μs 987ns;                        -546833956556915ns
157acb;51;0;66;51;6;23;24.000000;0.000000;0.000000;1888.000000;1888.000000;100.000000;0.000000;0.000000;-nan;         7s 722ms 796μs 524ns;            131ms 742μs 356ns
157a8e;73;0;74;71;7;23;25.000000;0.000000;0.000000;1885.000000;1885.000000;100.000000;0.000000;0.000000;-nan;         8s 867ms 156μs 984ns;            438ms 814μs 331ns
157a9c;68;0;54;52;7;28;32.000000;0.000000;0.000000;2186.000000;2186.000000;101.250579;0.000000;0.000000;-nan;         9s 481ms  64μs 457ns;                        -1077803365493886ns
157aa9;82;0;75;87;7;26;28.000000;0.000000;0.000000;2047.000000;2047.000000;100.000000;0.000000;0.000000;-nan;         8s 952ms 284μs 503ns;            578ms 830μs 697ns
157ab8;53;0;64;57;6;24;25.000000;0.000000;0.000000;1888.000000;1888.000000;107.272727;0.000000;0.000000;-nan;         7s 779ms 951μs 606ns;            367ms 384μs 829ns
157a4a;105;0;77;94;8;26;29.000000;0.000000;0.000000;1970.000000;1970.000000;100.050787;0.000000;0.000000;-nan;         9s 842ms 702μs 858ns;         1s 617ms 371μs 760ns
157a4f;89;0;87;94;8;23;26.000000;0.000000;0.000000;1888.000000;1888.000000;107.211811;0.000000;0.000000;-nan;         9s  58ms  47μs 402ns;            891ms 943μs 169ns
157a5e;64;0;60;64;6;26;27.000000;0.000000;0.000000;1890.000000;1890.000000;100.000000;0.000000;0.000000;-nan;         7s  83ms 192μs 553ns;            131ms 241μs 675ns
157a6b;53;0;63;58;6;24;25.000000;0.000000;0.000000;1724.000000;1724.000000;100.000000;0.000000;0.000000;-nan;         6s 890ms 407μs 250ns;            225ms 413μs 454ns
157a7b;89;0;87;94;8;23;26.000000;0.000000;0.000000;1888.000000;1888.000000;107.150965;0.000000;0.000000;-nan;         9s 416ms 388μs 995ns;         1s  53ms 328μs 139ns
757715;81;0;148;111;7;44;45.000000;0.000000;0.000000;2882.000000;2882.000000;100.000000;0.000000;0.000000;-nan;        19s   8ms 640μs  57ns;            365ms 618μs 680ns
7576d6;80;0;152;108;7;44;45.000000;0.000000;0.000000;2970.000000;2970.000000;103.017690;0.000000;0.000000;-nan;        17s  82ms 894μs 275ns;                        -579000430539050ns
7576e5;104;0;179;141;8;43;45.000000;0.000000;0.000000;2972.000000;2972.000000;102.944233;0.000000;0.000000;-nan;        19s 887ms 354μs 543ns;                        -579006349991516ns
7576f7;81;0;148;111;7;44;45.000000;0.000000;0.000000;2873.000000;2873.000000;100.000000;0.000000;0.000000;-nan;        18s 792ms 523μs 877ns;            734ms 824μs  21ns
757706;177;0;246;137;14;49;0.000000;0.000000;-nan;2999.000000;2999.000000;100.000000;0.000000;0.000000;-nan;        25s 256ms 776μs 203ns;                        -9264162461577468ns
757693;47;0;120;75;6;43;0.000000;0.000000;-nan;2972.000000;2972.000000;100.000000;0.000000;0.000000;-nan;        11s  78ms 729μs 826ns;                          0ns
757696;79;0;153;108;7;44;45.000000;0.000000;0.000000;2970.000000;2970.000000;103.556485;0.000000;0.000000;-nan;        16s 897ms 961μs 972ns;                        -1157998578259598ns
7576a4;102;0;177;145;8;43;45.000000;0.000000;0.000000;2972.000000;2972.000000;103.481894;0.000000;0.000000;-nan;        19s 615ms  57μs 939ns;                        -1158012695774757ns
7576ad;78;0;151;111;7;44;45.000000;0.000000;0.000000;2878.000000;2878.000000;100.000000;0.000000;0.000000;-nan;        16s 658ms 139μs 700ns;            247ms  38μs 247ns
7576c4;108;0;176;150;8;44;46.000000;0.000000;0.000000;2877.000000;2877.000000;100.000000;0.000000;0.000000;-nan;        19s 337ms 858μs 529ns;         1s 549ms 474μs 381ns
455ccd;82;0;144;114;7;44;45.000000;0.000000;0.000000;2887.000000;2887.000000;100.000000;0.000000;0.000000;-nan;        18s 253ms 845μs 635ns;            846ms 571μs 558ns
455c91;82;0;146;112;7;44;45.000000;0.000000;0.000000;2877.000000;2877.000000;100.000000;0.000000;0.000000;-nan;        17s 317ms 931μs 786ns;            513ms 710μs 211ns
455c9b;104;0;180;140;8;43;45.000000;0.000000;0.000000;2878.000000;2878.000000;100.000000;0.000000;0.000000;-nan;        18s 622ms 673μs 898ns;            587ms  73μs 956ns
455cb0;101;0;189;134;8;43;45.000000;0.000000;0.000000;2970.000000;2970.000000;103.017690;0.000000;0.000000;-nan;        18s 366ms 907μs 594ns;                        -1093450793904931ns
455cba;102;0;179;143;8;43;45.000000;0.000000;0.000000;2972.000000;2972.000000;103.122831;0.000000;0.000000;-nan;        18s 857ms 853μs 632ns;                        -2186903898157254ns
455c41;83;0;142;115;7;44;45.000000;0.000000;0.000000;2972.000000;2972.000000;103.481894;0.000000;0.000000;-nan;        15s 926ms 751μs  72ns;                        -1093443853244500ns
455c61;81;0;148;111;7;44;45.000000;0.000000;0.000000;2970.000000;2970.000000;103.376262;0.000000;0.000000;-nan;        15s 590ms 703μs 745ns;                        -1093442121045679ns
455c75;216;0;251;209;14;52;172.000000;0.000000;0.000000;2999.000000;2999.000000;100.000000;0.000000;0.000000;-nan;        25s 870ms 616μs 961ns;                        -11481424285634714ns
455c33;55;0;108;78;6;43;0.000000;0.000000;-nan;2972.000000;2972.000000;100.000000;0.000000;0.000000;-nan;        11s  82ms 237μs 687ns;                          0ns
455c37;41;8;121;78;6;44;0.000000;0.000000;-nan;2970.000000;2970.000000;100.000000;0.000000;0.000000;-nan;         7s 270ms  15μs 119ns;                          0ns
754512;223;0;288;231;12;51;0.000000;0.000000;-nan;2999.000000;2999.000000;100.000000;0.000000;0.000000;-nan;        25s 876ms 553μs 428ns;                        -17366401889577416ns
75452a;80;0;151;109;7;44;45.000000;0.000000;0.000000;2882.000000;2882.000000;100.000000;0.000000;0.000000;-nan;        17s 596ms 933μs 853ns;            683ms 440μs 303ns
754536;79;0;147;114;7;44;45.000000;0.000000;0.000000;2883.000000;2883.000000;100.000000;0.000000;0.000000;-nan;        17s 375ms 220μs 252ns;            248ms 244μs 491ns
7544d9;105;0;179;140;8;43;45.000000;0.000000;0.000000;2972.000000;2972.000000;103.302051;0.000000;0.000000;-nan;        18s 945ms 809μs 360ns;                        -1157737020975380ns
7544e8;118;86;163;151;9;43;46.000000;0.000000;0.000000;2972.000000;2972.000000;103.481894;0.000000;0.000000;-nan;        20s 116ms 798μs 465ns;                        -1157748300209089ns
7544f7;80;0;148;112;7;44;45.000000;0.000000;0.000000;2970.000000;2970.000000;103.556485;0.000000;0.000000;-nan;        16s 917ms 800μs  84ns;                        -578868126476636ns
754505;80;0;150;110;7;44;45.000000;0.000000;0.000000;2887.000000;2887.000000;100.000000;0.000000;0.000000;-nan;        17s 141ms 454μs  81ns;            262ms 206μs 826ns
7544b3;46;0;127;81;6;45;0.000000;0.000000;-nan;2971.000000;2971.000000;100.000000;0.000000;0.000000;-nan;        12s 173ms 448μs 525ns;                          0ns
7544b8;47;0;117;78;6;43;0.000000;0.000000;-nan;2972.000000;2972.000000;100.000000;0.000000;0.000000;-nan;        10s 315ms 224μs 445ns;                          0ns
7544c1;80;0;151;109;7;44;45.000000;0.000000;0.000000;2873.000000;2873.000000;100.000000;0.000000;0.000000;-nan;        16s 153ms 188μs 780ns;            381ms  63μs 147ns
452d89;210;0;216;178;15;50;0.000000;0.000000;-nan;2999.000000;2999.000000;100.000000;0.000000;0.000000;-nan;        23s  73ms 835μs 584ns;                        -8745973538848381ns
452d9e;74;20;137;109;7;44;45.000000;0.000000;0.000000;2878.000000;2878.000000;100.000000;0.000000;0.000000;-nan;        12s 236ms 912μs 783ns;            902ms 697μs 653ns
452d42;82;0;143;115;7;44;45.000000;0.000000;0.000000;2887.000000;2887.000000;100.000000;0.000000;0.000000;-nan;        15s 546ms 933μs 106ns;            425ms 816μs  21ns
452d60;82;0;144;114;7;44;45.000000;0.000000;0.000000;2972.000000;2972.000000;103.302051;0.000000;0.000000;-nan;        15s 757ms  58μs 721ns;                        -546618070379892ns
452d78;83;1;147;109;7;44;45.000000;0.000000;0.000000;2970.000000;2970.000000;103.017690;0.000000;0.000000;-nan;        14s 788ms  89μs 830ns;                        -546613945839972ns
452d08;84;0;145;111;7;44;45.000000;0.000000;0.000000;2972.000000;2972.000000;103.481894;0.000000;0.000000;-nan;        15s 379ms 780μs 639ns;                        -1093233270912892ns
452d24;81;0;144;115;7;44;45.000000;0.000000;0.000000;2882.000000;2882.000000;100.000000;0.000000;0.000000;-nan;        15s 134ms 335μs 540ns;            633ms 718μs 297ns
452ced;46;0;118;84;6;44;0.000000;0.000000;-nan;2972.000000;2972.000000;100.000000;0.000000;0.000000;-nan;        11s 974ms 200μs 795ns;                          0ns
452cf2;42;8;119;79;6;44;0.000000;0.000000;-nan;2970.000000;2970.000000;100.000000;0.000000;0.000000;-nan;         9s 377ms 273μs 149ns;                          0ns
452cfb;53;8;109;78;6;44;0.000000;0.000000;-nan;2971.000000;2971.000000;100.000000;0.000000;0.000000;-nan;        10s 298ms 982μs  82ns;                          0ns
7514dc;78;8;148;106;7;44;45.000000;0.000000;0.000000;2882.000000;2882.000000;100.000000;0.000000;0.000000;-nan;        18s 668ms 920μs 124ns;            317ms 159μs 189ns
7514ef;92;8;174;130;8;41;43.000000;0.000000;0.000000;2855.000000;2855.000000;100.000000;0.000000;0.000000;-nan;        20s 838ms 650μs 798ns;         1s 185ms 369μs 282ns
751491;105;0;176;143;8;43;45.000000;0.000000;0.000000;2972.000000;2972.000000;102.944233;0.000000;0.000000;-nan;        21s 220ms 868μs 775ns;                        -578750462150775ns
751456;79;0;149;112;7;44;45.000000;0.000000;0.000000;2883.000000;2883.000000;100.000000;0.000000;0.000000;-nan;        18s 746ms 962μs 587ns;            302ms 745μs 594ns
75146f;79;0;151;110;7;44;45.000000;0.000000;0.000000;2868.000000;2868.000000;100.000000;0.000000;0.000000;-nan;        20s  73ms  63μs 208ns;            660ms 292μs 165ns
75147c;106;64;184;164;9;43;46.000000;0.000000;0.000000;2972.000000;2972.000000;103.302051;0.000000;0.000000;-nan;        17s 892ms 428μs 306ns;                        -578739024137694ns
751422;47;0;118;83;6;44;0.000000;0.000000;-nan;2972.000000;2972.000000;100.000000;0.000000;0.000000;-nan;        13s 440ms 143μs 526ns;                          0ns
751426;106;0;184;144;8;44;46.000000;0.000000;0.000000;2873.000000;2873.000000;100.000000;0.000000;0.000000;-nan;        21s  76ms 488μs 410ns;            853ms 961μs 489ns
751438;82;0;145;113;7;44;45.000000;0.000000;0.000000;2887.000000;2887.000000;100.522284;0.000000;0.000000;-nan;        19s  41ms 460μs 752ns;         1s 506ms 316μs 251ns
751449;84;0;142;114;7;44;45.000000;0.000000;0.000000;2867.000000;2867.000000;100.000000;0.000000;0.000000;-nan;        19s 337ms 753μs 923ns;            683ms 678μs 888ns
44fd4b;104;0;180;140;8;43;45.000000;0.000000;0.000000;2970.000000;2970.000000;103.376262;0.000000;0.000000;-nan;        18s 508ms 542μs 269ns;                        -2186046961582653ns
44fd60;79;8;139;114;7;44;45.000000;0.000000;0.000000;2972.000000;2972.000000;102.944233;0.000000;0.000000;-nan;        16s 328ms  74μs 676ns;                        -546506540336873ns
44fd0c;84;1;142;113;7;44;45.000000;0.000000;0.000000;2972.000000;2972.000000;103.122831;0.000000;0.000000;-nan;        16s  50ms 651μs 613ns;                        -1639516844239077ns
44fd18;81;0;149;110;7;44;45.000000;0.000000;0.000000;2887.000000;2887.000000;100.347584;0.000000;0.000000;-nan;        16s 922ms   2μs 356ns;            414ms 881μs 420ns
44fd27;55;0;116;77;6;44;44.000000;44.000000;100.000000;2878.000000;2878.000000;100.000000;0.000000;0.000000;-nan;        14s 820ms 823μs 757ns;                          0ns
44fd36;81;0;148;111;7;44;45.000000;0.000000;0.000000;2868.000000;2868.000000;100.000000;0.000000;0.000000;-nan;        16s 663ms 101μs  55ns;            241ms 627μs 230ns
44fcd6;44;0;120;78;6;43;0.000000;0.000000;-nan;2972.000000;2972.000000;100.000000;0.000000;0.000000;-nan;        12s 637ms 125μs 798ns;                          0ns
44fcda;186;0;246;142;14;54;163.000000;0.000000;0.000000;2999.000000;2999.000000;100.000000;0.000000;0.000000;-nan;        24s 128ms 714μs 599ns;                        -10930348748337421ns
44fced;84;2;139;115;7;44;45.000000;0.000000;0.000000;2972.000000;2972.000000;103.481894;0.000000;0.000000;-nan;        13s 443ms 376μs  78ns;                        -546502922184534ns
44fcf5;82;0;147;111;7;44;45.000000;0.000000;0.000000;2970.000000;2970.000000;103.017690;0.000000;0.000000;-nan;        16s 454ms 323μs 934ns;                        -546507213146773ns
14f289;56;0;66;58;6;25;26.000000;0.000000;0.000000;1890.000000;1890.000000;100.000000;0.000000;0.000000;-nan;         7s  47ms 107μs 735ns;            509ms 282μs 577ns
14f298;75;0;76;75;7;24;26.000000;0.000000;0.000000;1760.000000;1760.000000;100.000000;0.000000;0.000000;-nan;         8s 157ms 321μs 675ns;            481ms  54μs  99ns
14f2ab;52;0;68;54;6;24;25.000000;0.000000;0.000000;1888.000000;1888.000000;100.000000;0.000000;0.000000;-nan;         7s 465ms 772μs 350ns;            303ms 912μs 424ns
14f240;75;0;72;79;7;24;26.000000;0.000000;0.000000;1888.000000;1888.000000;107.211811;0.000000;0.000000;-nan;         7s 874ms 628μs 311ns;            721ms 284μs 971ns
14f247;54;3;60;57;6;24;25.000000;0.000000;0.000000;1762.000000;1762.000000;100.000000;0.000000;0.000000;-nan;         4s 651ms 101μs 195ns;            172ms 231μs 138ns
14f258;109;0;82;97;8;27;30.000000;0.000000;0.000000;2048.000000;2048.000000;100.097752;0.000000;0.000000;-nan;         9s 234ms 549μs 883ns;         1s 394ms 236μs 438ns
14f266;82;0;57;69;7;28;31.000000;0.000000;0.000000;1759.000000;1759.000000;100.056883;0.000000;0.000000;-nan;         8s 544ms 715μs 263ns;         1s 244ms 259μs 100ns
14f27e;60;0;62;58;6;25;26.000000;0.000000;0.000000;1883.000000;1883.000000;100.000000;0.000000;0.000000;-nan;         7s 365ms 509μs 622ns;            127ms 877μs 914ns
14f231;45;0;59;42;6;25;28.000000;0.000000;0.000000;1890.000000;1890.000000;107.447413;0.000000;0.000000;-nan;         7s 558ms 499μs  31ns;            135ms 767μs 652ns
14f237;71;0;66;71;6;29;30.000000;0.000000;0.000000;1889.000000;1889.000000;100.000000;0.000000;0.000000;-nan;         7s 665ms 734μs 172ns;            508ms 129μs 545ns
74e59f;143;0;159;120;12;53;171.000000;0.000000;0.000000;2999.000000;2999.000000;100.000000;0.000000;0.000000;-nan;        22s 289ms 116μs 413ns;                        -4050314439040134ns
74e5b1;58;0;115;81;6;45;45.000000;45.000000;100.000000;2873.000000;2873.000000;100.000000;0.000000;0.000000;-nan;        13s 214ms 679μs 192ns;                          0ns
74e5bc;80;0;147;113;7;44;45.000000;0.000000;0.000000;2882.000000;2882.000000;100.000000;0.000000;0.000000;-nan;        16s 375ms 122μs 197ns;            388ms 412μs 488ns
74e5ca;80;0;150;110;7;44;45.000000;0.000000;0.000000;2878.000000;2878.000000;100.000000;0.000000;0.000000;-nan;        16s 758ms 460μs 126ns;            380ms 940μs 720ns
74e55f;84;0;140;116;7;44;45.000000;0.000000;0.000000;2887.000000;2887.000000;100.000000;0.000000;0.000000;-nan;        15s 627ms 773μs 532ns;            624ms 250μs 624ns
74e576;105;0;181;138;8;43;45.000000;0.000000;0.000000;2972.000000;2972.000000;103.481894;0.000000;0.000000;-nan;        17s 253ms 761μs 621ns;                        -2314448984133458ns
74e58c;83;0;141;116;7;44;45.000000;0.000000;0.000000;2972.000000;2972.000000;103.302051;0.000000;0.000000;-nan;        16s 684ms 108μs 489ns;                        -578612439131275ns
74e52f;47;0;123;78;6;44;0.000000;0.000000;-nan;2972.000000;2972.000000;100.000000;0.000000;0.000000;-nan;         8s 920ms  56μs 352ns;                          0ns
74e534;84;0;149;115;7;45;46.000000;0.000000;0.000000;2971.000000;2971.000000;103.123915;0.000000;0.000000;-nan;        15s 416ms 676μs 918ns;                        -578608724075875ns
74e54a;56;0;117;81;6;45;45.000000;45.000000;100.000000;2883.000000;2883.000000;100.000000;0.000000;0.000000;-nan;        11s 861ms 887μs 132ns;                          0ns
44cbcb;77;8;142;113;7;44;45.000000;0.000000;0.000000;2877.000000;2877.000000;100.000000;0.000000;0.000000;-nan;        15s 173ms 230μs 762ns;            260ms 466μs 422ns
44cb81;265;0;318;249;16;51;165.000000;0.000000;0.000000;2999.000000;2999.000000;100.000000;0.000000;0.000000;-nan;        27s 173ms 930μs  28ns;                        -12020984847822073ns
44cb90;80;0;152;108;7;44;45.000000;0.000000;0.000000;2868.000000;2868.000000;100.000000;0.000000;0.000000;-nan;        16s 942ms 219μs 175ns;            701ms 338μs 897ns
44cb9f;73;8;115;92;7;43;45.000000;0.000000;0.000000;2972.000000;2972.000000;103.122831;0.000000;0.000000;-nan;        14s 984ms 548μs 991ns;                        -546392315570929ns
44cbae;53;6;110;79;6;44;44.000000;44.000000;100.000000;2878.000000;2878.000000;100.000000;0.000000;0.000000;-nan;        10s 292ms 804μs 783ns;                          0ns
44cbb8;54;0;117;77;6;44;44.000000;44.000000;100.000000;2883.000000;2883.000000;100.000000;0.000000;0.000000;-nan;        14s  50ms 807μs 637ns;                          0ns
44cb4f;47;0;117;84;6;44;0.000000;0.000000;-nan;2972.000000;2972.000000;100.000000;0.000000;0.000000;-nan;        12s  20ms 388μs 412ns;                          0ns
44cb52;109;0;171;154;8;44;46.000000;0.000000;0.000000;2972.000000;2972.000000;103.481894;0.000000;0.000000;-nan;        17s 744ms 921μs 839ns;                        -546402366986613ns
44cb63;81;0;146;113;7;44;45.000000;0.000000;0.000000;2887.000000;2887.000000;100.000000;0.000000;0.000000;-nan;        16s 841ms 401μs 863ns;            268ms 589μs 717ns
44cb72;108;0;176;150;8;44;46.000000;0.000000;0.000000;2873.000000;2873.000000;100.000000;0.000000;0.000000;-nan;        17s 489ms 151μs 808ns;            905ms 875μs 164ns
74b5c3;152;0;168;138;11;50;0.000000;0.000000;-nan;2999.000000;2999.000000;100.000000;0.000000;0.000000;-nan;        23s 419ms 627μs 555ns;                        -6363391750210936ns
74b555;83;0;149;108;7;44;45.000000;0.000000;0.000000;2882.000000;2882.000000;100.000000;0.000000;0.000000;-nan;        18s  12ms 720μs 997ns;            641ms 498μs 747ns
74b529;82;0;151;107;7;44;45.000000;0.000000;0.000000;2873.000000;2873.000000;100.000000;0.000000;0.000000;-nan;        17s 790ms 973μs 894ns;            612ms 843μs 937ns
74b536;80;0;152;108;7;44;45.000000;0.000000;0.000000;2970.000000;2970.000000;103.017690;0.000000;0.000000;-nan;        18s 264ms 801μs 710ns;                        -578484155704467ns
74b546;79;0;152;109;7;44;45.000000;0.000000;0.000000;2970.000000;2970.000000;103.196664;0.000000;0.000000;-nan;        18s 415ms 472μs 348ns;                        -578484502973177ns
74b4d9;100;0;180;144;8;43;45.000000;0.000000;0.000000;2972.000000;2972.000000;103.481894;0.000000;0.000000;-nan;        19s 174ms  32μs 161ns;                        -1735448717753982ns
74b4e7;74;20;138;108;7;44;45.000000;0.000000;0.000000;2878.000000;2878.000000;100.348675;0.000000;0.000000;-nan;         9s 548ms 484μs 886ns;            753ms 352μs 855ns
74b4f6;81;8;141;110;7;44;45.000000;0.000000;0.000000;2972.000000;2972.000000;103.302051;0.000000;0.000000;-nan;        15s  19ms 652μs  69ns;                        -578478448754472ns
74b4c3;47;0;121;80;6;44;0.000000;0.000000;-nan;2972.000000;2972.000000;100.000000;0.000000;0.000000;-nan;        12s 842ms 183μs 489ns;                          0ns
74b4c8;105;0;181;138;8;43;45.000000;0.000000;0.000000;2972.000000;2972.000000;102.944233;0.000000;0.000000;-nan;        18s 749ms  99μs 706ns;                        -2313925344630338ns
449041;83;0;144;113;7;44;45.000000;0.000000;0.000000;2972.000000;2972.000000;102.944233;0.000000;0.000000;-nan;        17s 545ms 916μs 764ns;                        -1638886277721268ns
449056;163;0;207;154;13;52;159.000000;0.000000;0.000000;2999.000000;2999.000000;100.000000;0.000000;0.000000;-nan;        23s 295ms 983μs  97ns;                        -7648235835967178ns
449006;102;0;182;140;8;43;45.000000;0.000000;0.000000;2878.000000;2878.000000;100.348675;0.000000;0.000000;-nan;        18s 438ms 740μs 109ns;         1s 296ms 785μs 167ns
44901a;102;0;186;136;8;43;45.000000;0.000000;0.000000;2878.000000;2878.000000;100.174034;0.000000;0.000000;-nan;        17s 778ms 774μs 279ns;            496ms 415μs 813ns
449026;83;0;141;116;7;44;45.000000;0.000000;0.000000;2972.000000;2972.000000;103.481894;0.000000;0.000000;-nan;        17s 370ms 855μs 239ns;                        -546294413822991ns
449033;75;0;148;109;7;43;44.000000;0.000000;0.000000;2878.000000;2878.000000;100.000000;0.000000;0.000000;-nan;        17s  63ms 740μs   0ns;            394ms 861μs 104ns
448fce;43;0;123;76;6;43;0.000000;0.000000;-nan;2970.000000;2970.000000;100.000000;0.000000;0.000000;-nan;        10s 683ms 298μs 192ns;                          0ns
448fd3;49;0;118;81;6;44;0.000000;0.000000;-nan;2972.000000;2972.000000;100.000000;0.000000;0.000000;-nan;        10s 517ms 485μs 304ns;                          0ns
448fdc;108;0;174;152;8;44;46.000000;0.000000;0.000000;2877.000000;2877.000000;100.000000;0.000000;0.000000;-nan;        18s 210ms 127μs 136ns;            958ms 741μs 390ns
448ff5;75;0;152;105;7;43;44.000000;0.000000;0.000000;2883.000000;2883.000000;100.000000;0.000000;0.000000;-nan;        15s 620ms 438μs  46ns;            259ms 698μs 402ns
748420;109;0;183;142;8;44;46.000000;0.000000;0.000000;2882.000000;2882.000000;100.000000;0.000000;0.000000;-nan;        19s 958ms 525μs 493ns;            939ms 775μs 885ns
7483d8;106;0;158;116;8;52;0.000000;0.000000;-nan;2999.000000;2999.000000;100.000000;0.000000;0.000000;-nan;        19s 357ms 983μs 444ns;                        -1156707033642142ns
7483e4;79;0;151;110;7;44;45.000000;0.000000;0.000000;2878.000000;2878.000000;100.000000;0.000000;0.000000;-nan;        16s 985ms 577μs 741ns;            819ms 373μs 981ns
7483f6;81;0;146;113;7;44;45.000000;0.000000;0.000000;2970.000000;2970.000000;103.556485;0.000000;0.000000;-nan;        18s  94ms 294μs 192ns;                        -578355377082907ns
748409;71;20;137;112;7;44;45.000000;0.000000;0.000000;2883.000000;2883.000000;100.000000;0.000000;0.000000;-nan;        11s 127ms  80μs 221ns;            244ms 155μs 849ns
74839b;47;0;118;77;6;43;0.000000;0.000000;-nan;2972.000000;2972.000000;100.000000;0.000000;0.000000;-nan;        12s  28ms 453μs 350ns;                          0ns
74839e;57;0;116;81;6;45;0.000000;0.000000;-nan;2970.000000;2970.000000;100.000000;0.000000;0.000000;-nan;        12s 204ms 789μs 404ns;                          0ns
7483a9;72;0;125;99;7;44;46.000000;0.000000;0.000000;2970.000000;2970.000000;103.376262;0.000000;0.000000;-nan;        16s 376ms 368μs 852ns;                        -578348833959229ns
7483b9;84;0;140;116;7;44;45.000000;0.000000;0.000000;2972.000000;2972.000000;102.944233;0.000000;0.000000;-nan;        16s 841ms 628μs 677ns;                        -578354100433707ns
7483c7;81;0;146;113;7;44;45.000000;0.000000;0.000000;2972.000000;2972.000000;103.481894;0.000000;0.000000;-nan;        16s 540ms 706μs 262ns;                        -578353529822201ns
146c42;61;0;62;65;6;26;27.000000;0.000000;0.000000;1888.000000;1888.000000;100.000000;0.000000;0.000000;-nan;         8s 171ms 736μs 490ns;            519ms 988μs  98ns
146c50;110;0;96;106;9;34;41.000000;0.000000;0.000000;2409.000000;2409.000000;100.000000;0.000000;0.000000;-nan;        11s  40ms 420μs 384ns;         2s 377ms 854μs 294ns
146c04;69;0;74;75;7;23;25.000000;0.000000;0.000000;1888.000000;1888.000000;99.894180;0.000000;0.000000;-nan;         8s 944ms 406μs  21ns;            963ms 821μs 482ns
146c17;53;0;62;59;6;24;25.000000;0.000000;0.000000;1719.000000;1719.000000;100.000000;0.000000;0.000000;-nan;         8s  85ms 427μs 384ns;            296ms 561μs 436ns
146c2b;129;0;88;103;8;41;45.000000;0.000000;0.000000;2855.000000;2855.000000;100.000000;0.000000;0.000000;-nan;        10s 994ms  24μs 736ns;         1s 317ms 687μs 696ns
146bd6;73;0;79;74;7;24;26.000000;0.000000;0.000000;1888.000000;1888.000000;107.272727;0.000000;0.000000;-nan;         8s 791ms  13μs 499ns;            798ms 876μs 366ns
146bf1;76;0;83;85;7;26;28.000000;0.000000;0.000000;1762.000000;1762.000000;100.000000;0.000000;0.000000;-nan;         8s 986ms 562μs  81ns;            690ms 241μs 523ns
146b93;40;66;32;38;6;24;25.000000;0.000000;0.000000;1888.000000;1888.000000;109.512761;0.000000;0.000000;-nan;         1s  67ms 312μs 406ns;            273ms 512μs 320ns
146b97;62;0;64;68;6;27;28.000000;0.000000;0.000000;2047.000000;2047.000000;100.000000;0.000000;0.000000;-nan;         8s 262ms 885μs 633ns;            195ms 754μs 886ns
146ba9;60;0;66;62;6;26;27.000000;0.000000;0.000000;2047.000000;2047.000000;100.048876;0.000000;0.000000;-nan;         7s 514ms  49μs 348ns;            710ms 419μs 945ns
445a8d;162;0;210;164;13;49;154.000000;0.000000;0.000000;2999.000000;2999.000000;100.000000;0.000000;0.000000;-nan;        22s  92ms 790μs 350ns;                        -5461692563460419ns
445a44;106;0;176;142;8;43;45.000000;0.000000;0.000000;2972.000000;2972.000000;103.122831;0.000000;0.000000;-nan;        17s  12ms 108μs  78ns;                        -2730823032317462ns
445a66;82;0;143;115;7;44;45.000000;0.000000;0.000000;2972.000000;2972.000000;103.302051;0.000000;0.000000;-nan;        15s 782ms 281μs 602ns;                        -546162614820881ns
445a71;80;0;150;110;7;44;45.000000;0.000000;0.000000;2887.000000;2887.000000;100.000000;0.000000;0.000000;-nan;        16s 814ms 201μs 479ns;            420ms 403μs  73ns
445a7e;75;0;148;109;7;43;44.000000;0.000000;0.000000;2878.000000;2878.000000;100.000000;0.000000;0.000000;-nan;        16s 463ms 160μs 808ns;            405ms 592μs 390ns
445a05;53;8;104;83;6;44;0.000000;0.000000;-nan;2972.000000;2972.000000;100.000000;0.000000;0.000000;-nan;         7s  30ms 796μs 438ns;                          0ns
445a08;43;0;123;76;6;43;0.000000;0.000000;-nan;2970.000000;2970.000000;100.000000;0.000000;0.000000;-nan;        11s  78ms 767μs 477ns;                          0ns
445a13;102;8;175;139;8;43;45.000000;0.000000;0.000000;2970.000000;2970.000000;103.376262;0.000000;0.000000;-nan;        15s 504ms   4μs 755ns;                        -1638479096028671ns
445a29;54;0;116;78;6;44;44.000000;44.000000;100.000000;2883.000000;2883.000000;100.000000;0.000000;0.000000;-nan;        11s 459ms 661μs 949ns;                          0ns
445a3b;82;0;145;113;7;44;45.000000;0.000000;0.000000;2972.000000;2972.000000;103.481894;0.000000;0.000000;-nan;        15s 268ms 277μs 531ns;                        -1092323251460816ns
74509f;104;0;182;148;8;44;46.000000;0.000000;0.000000;2883.000000;2883.000000;100.069420;0.000000;0.000000;-nan;        22s 287ms 762μs 162ns;            780ms 896μs 579ns
7450b0;98;0;188;138;8;43;45.000000;0.000000;0.000000;2970.000000;2970.000000;103.196664;0.000000;0.000000;-nan;        22s 196ms 623μs 406ns;                        -578228266360874ns
7450c3;84;0;146;110;7;44;45.000000;0.000000;0.000000;2972.000000;2972.000000;102.944233;0.000000;0.000000;-nan;        21s 179ms 358μs 994ns;                        -578224643216807ns
745057;83;0;146;111;7;44;45.000000;0.000000;0.000000;2882.000000;2882.000000;100.000000;0.000000;0.000000;-nan;        18s 319ms 124μs 174ns;            655ms 973μs 470ns
74505f;108;0;180;148;8;44;47.000000;0.000000;0.000000;2883.000000;2883.000000;100.208551;0.000000;0.000000;-nan;        21s 943ms 745μs 503ns;         1s 143ms 716μs 968ns
74506b;180;0;261;159;14;51;0.000000;0.000000;-nan;2999.000000;2999.000000;100.000000;0.000000;0.000000;-nan;        27s 995ms 307μs 829ns;                        -5782326004144639ns
745079;109;0;180;147;8;44;47.000000;0.000000;0.000000;2883.000000;2883.000000;100.313152;0.000000;0.000000;-nan;        21s 792ms 764μs 925ns;         1s 580ms 461μs  17ns
74508b;78;8;147;107;7;44;45.000000;0.000000;0.000000;2883.000000;2883.000000;100.000000;0.000000;0.000000;-nan;        17s 572ms 192μs 491ns;            391ms 584μs 676ns
745028;69;17;137;109;7;43;0.000000;0.000000;-nan;2972.000000;2972.000000;100.000000;0.000000;0.000000;-nan;        10s 749ms  57μs 462ns;                        -578214669727052ns
74502b;106;0;184;146;8;44;47.000000;0.000000;0.000000;2970.000000;2970.000000;103.125000;0.000000;0.000000;-nan;        21s 400ms 730μs 157ns;                        -578225120260090ns
442745;83;0;144;113;7;44;45.000000;0.000000;0.000000;2972.000000;2972.000000;103.481894;0.000000;0.000000;-nan;        17s 762ms 233μs 630ns;                        -546035091725360ns
442752;82;1;148;109;7;44;45.000000;0.000000;0.000000;2887.000000;2887.000000;100.000000;0.000000;0.000000;-nan;        16s 774ms 655μs 600ns;            372ms 668μs 303ns
44275d;103;0;181;140;8;43;45.000000;0.000000;0.000000;2878.000000;2878.000000;100.174034;0.000000;0.000000;-nan;        19s 741ms 761μs 391ns;         1s 503ms 423μs 302ns
442708;133;0;182;101;13;50;160.000000;0.000000;0.000000;2999.000000;2999.000000;100.000000;0.000000;0.000000;-nan;        23s 447ms 487μs 627ns;                        -6552508985543096ns
44271e;74;0;149;109;7;43;44.000000;0.000000;0.000000;2878.000000;2878.000000;100.000000;0.000000;0.000000;-nan;        17s 532ms 553μs 244ns;            243ms 481μs 727ns
44272c;84;0;140;116;7;44;45.000000;0.000000;0.000000;2972.000000;2972.000000;103.122831;0.000000;0.000000;-nan;        17s 973ms  67μs 152ns;                        -1092072204018169ns
4426dc;47;0;121;80;6;44;0.000000;0.000000;-nan;2972.000000;2972.000000;100.000000;0.000000;0.000000;-nan;        12s 683ms 533μs 221ns;                          0ns
4426e0;73;8;142;109;7;43;0.000000;0.000000;-nan;2970.000000;2970.000000;100.000000;0.000000;0.000000;-nan;        13s 419ms 405μs 874ns;                        -546030113192837ns
4426e4;104;0;175;145;8;43;45.000000;0.000000;0.000000;2972.000000;2972.000000;103.302051;0.000000;0.000000;-nan;        19s 359ms 269μs   3ns;                        -1092072600570445ns
4426ff;102;8;175;139;8;43;45.000000;0.000000;0.000000;2970.000000;2970.000000;103.017690;0.000000;0.000000;-nan;        19s 143ms 358μs 215ns;                        -1092069773739565ns
741d1a;105;0;189;140;8;44;46.000000;0.000000;0.000000;2878.000000;2878.000000;100.000000;0.000000;0.000000;-nan;        19s 161ms 779μs 119ns;            909ms 292μs 252ns
741d33;78;8;144;110;7;44;45.000000;0.000000;0.000000;2883.000000;2883.000000;100.000000;0.000000;0.000000;-nan;        16s 454ms 639μs 929ns;            264ms 619μs 435ns
741cd3;83;0;143;114;7;44;45.000000;0.000000;0.000000;2972.000000;2972.000000;103.122831;0.000000;0.000000;-nan;        17s 429ms 810μs 471ns;                        -1734255010781471ns
741ce0;84;0;142;114;7;44;45.000000;0.000000;0.000000;2887.000000;2887.000000;100.000000;0.000000;0.000000;-nan;        17s 191ms 484μs 167ns;            507ms 692μs 630ns
741cf1;98;3;153;126;8;43;46.000000;0.000000;0.000000;2972.000000;2972.000000;103.302051;0.000000;0.000000;-nan;        18s 295ms 141μs 218ns;                        -1734241457852268ns
741d01;353;28;299;320;19;53;163.000000;0.000000;0.000000;2999.000000;2999.000000;100.000000;0.000000;0.000000;-nan;        31s 958ms 640μs 363ns;                        -44513574458682340ns
741c97;46;0;124;78;6;44;0.000000;0.000000;-nan;2972.000000;2972.000000;100.000000;0.000000;0.000000;-nan;        12s 842ms 523μs 354ns;                          0ns
741c9c;83;0;146;119;7;45;46.000000;0.000000;0.000000;2881.000000;2881.000000;100.000000;0.000000;0.000000;-nan;        16s 853ms 903μs 502ns;            558ms  33μs 969ns
741cb1;84;0;142;114;7;44;45.000000;0.000000;0.000000;2972.000000;2972.000000;103.481894;0.000000;0.000000;-nan;        16s 722ms 215μs 346ns;                        -578082303936002ns
741cc2;59;0;114;81;6;45;45.000000;45.000000;100.000000;2873.000000;2873.000000;100.000000;0.000000;0.000000;-nan;        12s 122ms 509μs 963ns;                          0ns
43f785;55;0;116;77;6;44;44.000000;44.000000;100.000000;2878.000000;2878.000000;100.000000;0.000000;0.000000;-nan;        14s 808ms 287μs 733ns;                          0ns
43f78d;54;0;117;77;6;44;44.000000;44.000000;100.000000;2883.000000;2883.000000;100.000000;0.000000;0.000000;-nan;        15s 490ms 296μs 700ns;                          0ns
43f7ac;184;0;263;167;15;49;163.000000;0.000000;0.000000;2999.000000;2999.000000;100.000000;0.000000;0.000000;-nan;        23s 166ms 721μs 372ns;                        -8188768465184292ns
43f74d;82;8;140;110;7;44;45.000000;0.000000;0.000000;2972.000000;2972.000000;103.662365;0.000000;0.000000;-nan;        15s 865ms 359μs 260ns;                        -545907866060433ns
43f767;83;0;144;113;7;44;45.000000;0.000000;0.000000;2972.000000;2972.000000;103.122831;0.000000;0.000000;-nan;        16s 782ms 810μs 479ns;                        -545910397650091ns
43f775;82;0;147;111;7;44;45.000000;0.000000;0.000000;2970.000000;2970.000000;103.556485;0.000000;0.000000;-nan;        17s 152ms 554μs 533ns;                        -1091823257285502ns
43f719;47;0;122;79;6;44;0.000000;0.000000;-nan;2972.000000;2972.000000;100.000000;0.000000;0.000000;-nan;        13s 519ms  72μs 697ns;                          0ns
43f71d;83;0;144;113;7;44;45.000000;0.000000;0.000000;2887.000000;2887.000000;100.000000;0.000000;0.000000;-nan;        16s 337ms 251μs 919ns;            704ms  31μs 230ns
43f72d;83;0;146;111;7;44;45.000000;0.000000;0.000000;2972.000000;2972.000000;103.481894;0.000000;0.000000;-nan;        16s  48ms 723μs 956ns;                        -545908465728225ns
43f73d;102;1;183;138;8;43;45.000000;0.000000;0.000000;2878.000000;2878.000000;100.174034;0.000000;0.000000;-nan;        17s 263ms 198μs 748ns;         1s 138ms 512μs 665ns
73ed16;80;0;149;111;7;44;45.000000;0.000000;0.000000;2883.000000;2883.000000;100.000000;0.000000;0.000000;-nan;        19s  20ms 339μs 190ns;            424ms 438μs 153ns
73ed2a;126;0;207;173;9;42;45.000000;0.000000;0.000000;2855.000000;2855.000000;100.000000;0.000000;0.000000;-nan;        20s 859ms 971μs 838ns;                        -1155928717355492ns
73ecdc;81;8;142;109;7;44;45.000000;0.000000;0.000000;2972.000000;2972.000000;103.662365;0.000000;0.000000;-nan;        16s 700ms 393μs 132ns;                        -577953541753822ns
73ecec;84;0;143;113;7;44;45.000000;0.000000;0.000000;2972.000000;2972.000000;103.122831;0.000000;0.000000;-nan;        18s 689ms 166μs 654ns;                        -1733873583182951ns
73ed04;79;0;151;110;7;44;45.000000;0.000000;0.000000;2868.000000;2868.000000;100.000000;0.000000;0.000000;-nan;        18s 925ms 100μs  27ns;            422ms 165μs 113ns
73ec9a;47;0;122;79;6;44;0.000000;0.000000;-nan;2972.000000;2972.000000;100.000000;0.000000;0.000000;-nan;        14s 737ms 100μs 275ns;                          0ns
73ec9e;82;0;150;108;7;44;45.000000;0.000000;0.000000;2970.000000;2970.000000;103.376262;0.000000;0.000000;-nan;        18s  17ms 635μs 917ns;                        -577956106825913ns
73ecad;83;0;144;113;7;44;45.000000;0.000000;0.000000;2972.000000;2972.000000;103.302051;0.000000;0.000000;-nan;        17s 519ms 285μs 490ns;                        -1733864781790398ns
73ecb7;81;0;149;110;7;44;45.000000;0.000000;0.000000;2970.000000;2970.000000;103.196664;0.000000;0.000000;-nan;        17s 737ms 925μs 344ns;                        -577955614303615ns
73ecca;103;0;177;144;8;43;45.000000;0.000000;0.000000;2972.000000;2972.000000;102.944233;0.000000;0.000000;-nan;        19s 918ms   1μs 843ns;                        -2311833990334407ns
13e452;53;0;62;59;6;24;25.000000;0.000000;0.000000;1714.000000;1714.000000;100.000000;0.000000;0.000000;-nan;         8s 742ms 693μs 915ns;            225ms 883μs 880ns
13e46b;50;0;62;56;6;23;24.000000;0.000000;0.000000;1888.000000;1888.000000;100.000000;0.000000;0.000000;-nan;         8s 453ms 488μs 508ns;            302ms 800μs 967ns
13e403;90;0;94;86;8;23;26.000000;0.000000;0.000000;1763.000000;1763.000000;100.000000;0.000000;0.000000;-nan;        10s   3ms 947μs 602ns;         1s  17ms 929μs 538ns
13e41d;55;0;69;56;6;25;26.000000;0.000000;0.000000;1760.000000;1760.000000;100.000000;0.000000;0.000000;-nan;         7s 901ms 662μs 997ns;            147ms 841μs 391ns
13e431;94;7;82;99;8;24;27.000000;0.000000;0.000000;1890.000000;1890.000000;100.000000;0.000000;0.000000;-nan;         9s 897ms 339μs  72ns;         1s 395ms 288μs 192ns
13e43f;107;0;80;101;8;27;30.000000;0.000000;0.000000;2186.000000;2186.000000;100.644567;0.000000;0.000000;-nan;        10s 249ms 271μs 548ns;                        -2693941606281921ns
13e3c3;76;0;70;68;7;31;33.000000;0.000000;0.000000;2229.000000;2229.000000;102.813653;0.000000;0.000000;-nan;         9s 562ms  45μs 152ns;                        -1077569990559209ns
13e3c8;71;0;80;75;7;24;26.000000;0.000000;0.000000;1724.000000;1724.000000;100.000000;0.000000;0.000000;-nan;         9s  43ms  93μs 645ns;            345ms 940μs 537ns
13e3e1;72;0;75;79;7;24;26.000000;0.000000;0.000000;1719.000000;1719.000000;100.000000;0.000000;0.000000;-nan;         9s 167ms 458μs 940ns;            641ms 217μs 912ns
13e3f0;70;8;69;71;7;23;25.000000;0.000000;0.000000;1885.000000;1885.000000;100.000000;0.000000;0.000000;-nan;         8s  39ms 777μs 415ns;            470ms 584μs 558ns
43c4ce;76;0;152;104;7;43;44.000000;0.000000;0.000000;2883.000000;2883.000000;100.000000;0.000000;0.000000;-nan;        17s  49ms 614μs 131ns;            375ms 130μs 436ns
43c487;85;0;141;114;7;44;45.000000;0.000000;0.000000;2972.000000;2972.000000;102.944233;0.000000;0.000000;-nan;        16s  28ms 244μs  20ns;                        -545759269183203ns
43c4a1;83;0;146;111;7;44;45.000000;0.000000;0.000000;2972.000000;2972.000000;103.122831;0.000000;0.000000;-nan;        16s 221ms 808μs 450ns;                        -545759428827745ns
43c4ae;180;0;229;187;13;50;0.000000;0.000000;-nan;2999.000000;2999.000000;100.000000;0.000000;0.000000;-nan;        23s   1ms 973μs  11ns;                        -4366127146051689ns
43c4bf;104;0;182;138;8;43;45.000000;0.000000;0.000000;2883.000000;2883.000000;100.348068;0.000000;0.000000;-nan;        17s 398ms 481μs 359ns;            992ms 429μs 943ns
43c446;41;0;127;80;6;44;0.000000;0.000000;-nan;2970.000000;2970.000000;100.000000;0.000000;0.000000;-nan;        11s 454ms 572μs 818ns;                          0ns
43c449;54;0;112;82;6;44;0.000000;0.000000;-nan;2972.000000;2972.000000;100.000000;0.000000;0.000000;-nan;        11s  99ms 494μs 453ns;                          0ns
43c454;83;0;146;111;7;44;45.000000;0.000000;0.000000;2972.000000;2972.000000;103.481894;0.000000;0.000000;-nan;        15s 761ms 735μs 660ns;                        -1091516737478383ns
43c46b;84;0;145;111;7;44;45.000000;0.000000;0.000000;2972.000000;2972.000000;103.302051;0.000000;0.000000;-nan;        15s 447ms 992μs 765ns;                        -545757363882294ns
43c477;74;8;143;107;7;43;44.000000;0.000000;0.000000;2878.000000;2878.000000;100.000000;0.000000;0.000000;-nan;        14s 487ms 825μs 688ns;            731ms  96μs 860ns
73bd94;124;0;154;96;12;50;158.000000;0.000000;0.000000;2999.000000;2999.000000;100.000000;0.000000;0.000000;-nan;        22s 277ms 672μs 406ns;                        -4044704395463643ns
73bda8;80;0;151;109;7;44;45.000000;0.000000;0.000000;2883.000000;2883.000000;100.000000;0.000000;0.000000;-nan;        18s 396ms 679μs 979ns;            287ms 869μs 680ns
73bdb4;77;18;136;117;7;45;46.000000;0.000000;0.000000;2868.000000;2868.000000;100.000000;0.000000;0.000000;-nan;        12s 692ms 698μs 434ns;            829ms 737μs 986ns
73bd5d;83;0;143;114;7;44;45.000000;0.000000;0.000000;2972.000000;2972.000000;103.122831;0.000000;0.000000;-nan;        18s  34ms 992μs 619ns;                        -2311245584642290ns
73bd6f;84;0;140;116;7;44;45.000000;0.000000;0.000000;2972.000000;2972.000000;102.944233;0.000000;0.000000;-nan;        17s 757ms 678μs  80ns;                        -577810142642892ns
73bd80;82;0;147;111;7;44;45.000000;0.000000;0.000000;2972.000000;2972.000000;103.481894;0.000000;0.000000;-nan;        18s 596ms 196μs 990ns;                        -577813018500622ns
73bd28;56;0;111;81;6;44;0.000000;0.000000;-nan;2972.000000;2972.000000;100.000000;0.000000;0.000000;-nan;        13s 524ms 447μs 946ns;                          0ns
73bd2d;103;0;177;144;8;43;45.000000;0.000000;0.000000;2972.000000;2972.000000;103.302051;0.000000;0.000000;-nan;        19s 160ms 818μs 845ns;                        -1733431846526188ns
73bd39;78;8;145;109;7;44;45.000000;0.000000;0.000000;2970.000000;2970.000000;103.196664;0.000000;0.000000;-nan;        15s 413ms 139μs 332ns;                        -577806746982635ns
73bd47;82;0;145;113;7;44;45.000000;0.000000;0.000000;2970.000000;2970.000000;103.376262;0.000000;0.000000;-nan;        17s 528ms  86μs 277ns;                        -577809857513461ns
439296;73;8;144;107;7;43;44.000000;0.000000;0.000000;2883.000000;2883.000000;100.000000;0.000000;0.000000;-nan;        16s 138ms 907μs 138ns;            264ms 801μs  97ns
4392ab;113;2;145;98;10;51;0.000000;0.000000;-nan;2999.000000;2999.000000;100.000000;0.000000;0.000000;-nan;        21s 553ms 501μs 873ns;                        -2182541367601695ns
439251;76;0;121;99;7;44;46.000000;0.000000;0.000000;2970.000000;2970.000000;103.448276;0.000000;0.000000;-nan;        17s 225ms 967μs 135ns;                        -545629961971986ns
439262;57;0;118;79;6;45;45.000000;45.000000;100.000000;2868.000000;2868.000000;100.000000;0.000000;0.000000;-nan;        14s 278ms 663μs 847ns;                          0ns
43926f;104;2;182;136;8;43;45.000000;0.000000;0.000000;2972.000000;2972.000000;102.944233;0.000000;0.000000;-nan;        18s 348ms 594μs 158ns;                        -545636867886222ns
43927f;78;0;154;108;7;44;45.000000;0.000000;0.000000;2873.000000;2873.000000;100.000000;0.000000;0.000000;-nan;        18s 130ms 984μs 375ns;            260ms 123μs 139ns
439208;103;0;183;138;8;43;45.000000;0.000000;0.000000;2883.000000;2883.000000;100.173732;0.000000;0.000000;-nan;        18s 566ms  63μs 248ns;            903ms 968μs 724ns
439225;108;0;170;156;8;44;46.000000;0.000000;0.000000;2882.000000;2882.000000;100.000000;0.000000;0.000000;-nan;        19s 460ms 175μs 571ns;         1s 951ms 302μs 560ns
43923e;84;0;143;113;7;44;45.000000;0.000000;0.000000;2972.000000;2972.000000;103.481894;0.000000;0.000000;-nan;        18s  52ms 532μs 987ns;                        -1091271835036332ns
4391ff;47;1;120;80;6;44;0.000000;0.000000;-nan;2972.000000;2972.000000;100.000000;0.000000;0.000000;-nan;         7s 741ms 576μs 808ns;                          0ns
738891;84;0;140;116;7;44;45.000000;0.000000;0.000000;2972.000000;2972.000000;103.662365;0.000000;0.000000;-nan;        18s  34ms 826μs 296ns;                        -577676203873712ns
7388a0;83;0;143;114;7;44;45.000000;0.000000;0.000000;2972.000000;2972.000000;102.944233;0.000000;0.000000;-nan;        17s 664ms 473μs 608ns;                        -1155351413129651ns
7388b3;80;0;148;112;7;44;45.000000;0.000000;0.000000;2883.000000;2883.000000;100.000000;0.000000;0.000000;-nan;        18s 199ms 753μs 789ns;            251ms 439μs 893ns
7388c0;80;0;148;112;7;44;45.000000;0.000000;0.000000;2970.000000;2970.000000;103.196664;0.000000;0.000000;-nan;        18s 359ms 350μs  66ns;                        -577678168739180ns
738854;105;0;174;145;8;43;45.000000;0.000000;0.000000;2972.000000;2972.000000;103.481894;0.000000;0.000000;-nan;        19s  34ms 210μs 659ns;                        -1733027525705123ns
738866;80;0;149;111;7;44;45.000000;0.000000;0.000000;2970.000000;2970.000000;103.376262;0.000000;0.000000;-nan;        17s 347ms 946μs 268ns;                        -577674516828960ns
738877;230;0;287;239;14;50;162.000000;0.000000;0.000000;2999.000000;2999.000000;100.000000;0.000000;0.000000;-nan;        26s 730ms 963μs 483ns;                        -19641389607262211ns
738889;80;0;145;115;7;44;45.000000;0.000000;0.000000;2883.000000;2883.000000;100.523013;0.000000;0.000000;-nan;        17s 473ms 163μs 448ns;            903ms 535μs 987ns
73883f;47;0;120;81;6;44;0.000000;0.000000;-nan;2972.000000;2972.000000;100.000000;0.000000;0.000000;-nan;        11s 619ms 210μs 539ns;                          0ns
738844;104;0;179;141;8;43;45.000000;0.000000;0.000000;2972.000000;2972.000000;103.122831;0.000000;0.000000;-nan;        18s 867ms 449μs  49ns;                        -1733024812519466ns
436282;54;0;114;80;6;44;44.000000;44.000000;100.000000;2878.000000;2878.000000;100.000000;0.000000;0.000000;-nan;        16s 318ms 740μs  76ns;                          0ns
436241;80;0;152;108;7;44;45.000000;0.000000;0.000000;2868.000000;2868.000000;100.000000;0.000000;0.000000;-nan;        18s 300ms 431μs 973ns;            413ms 878μs 552ns
436252;85;0;144;111;7;44;45.000000;0.000000;0.000000;2972.000000;2972.000000;103.481894;0.000000;0.000000;-nan;        18s 128ms 494μs 237ns;                        -545492594860443ns
436260;76;0;147;109;7;43;44.000000;0.000000;0.000000;2883.000000;2883.000000;100.000000;0.000000;0.000000;-nan;        17s 877ms  41μs 572ns;            283ms 696μs 970ns
436273;76;19;134;111;7;44;45.000000;0.000000;0.000000;2972.000000;2972.000000;103.662365;0.000000;0.000000;-nan;        12s  99ms 312μs 814ns;                        -1090969666672379ns
436200;81;0;151;108;7;44;45.000000;0.000000;0.000000;2873.000000;2873.000000;100.000000;0.000000;0.000000;-nan;        17s 144ms 807μs 863ns;            658ms 162μs 874ns
43620d;82;0;145;113;7;44;45.000000;0.000000;0.000000;2972.000000;2972.000000;103.122831;0.000000;0.000000;-nan;        16s 758ms 439μs 297ns;                        -1090978679821857ns
43621c;159;0;173;132;13;51;0.000000;0.000000;-nan;2999.000000;2999.000000;100.000000;0.000000;0.000000;-nan;        23s 176ms 147μs  15ns;                        -6000469432093437ns
436233;103;0;179;142;8;43;45.000000;0.000000;0.000000;2972.000000;2972.000000;102.944233;0.000000;0.000000;-nan;        18s 759ms 967μs 191ns;                        -1090988206711937ns
4361fd;83;0;146;111;7;44;45.000000;0.000000;0.000000;2972.000000;2972.000000;103.302051;0.000000;0.000000;-nan;        16s 871ms 672μs 538ns;                        -545489511987025ns
135acb;70;0;73;75;7;23;25.000000;0.000000;0.000000;1888.000000;1888.000000;107.272727;0.000000;0.000000;-nan;         7s 565ms 953μs 399ns;            633ms 592μs  71ns
135adc;51;0;64;53;6;23;24.000000;0.000000;0.000000;1888.000000;1888.000000;100.000000;0.000000;0.000000;-nan;         7s 288ms 480μs  61ns;            124ms 395μs 444ns
135a8b;64;0;71;45;6;25;26.000000;0.000000;0.000000;1835.000000;1835.000000;100.000000;0.000000;0.000000;-nan;         6s 913ms  33μs 114ns;            237ms 563μs 763ns
135a92;50;8;55;55;6;23;24.000000;0.000000;0.000000;1885.000000;1885.000000;100.000000;0.000000;0.000000;-nan;         4s 661ms 634μs 533ns;            163ms 212μs 242ns
135a9d;54;0;58;56;6;23;24.000000;0.000000;0.000000;1880.000000;1880.000000;100.000000;0.000000;0.000000;-nan;         6s 644ms 448μs  54ns;            145ms 998μs  55ns
135aac;57;0;74;49;6;25;26.000000;0.000000;0.000000;1882.000000;1882.000000;100.000000;0.000000;0.000000;-nan;         7s       292μs 733ns;            142ms 373μs 890ns
135abd;54;0;58;56;6;23;24.000000;0.000000;0.000000;1763.000000;1763.000000;100.000000;0.000000;0.000000;-nan;         6s 728ms 860μs 158ns;            167ms 504μs 229ns
135a68;60;0;63;65;6;26;27.000000;0.000000;0.000000;2046.000000;2046.000000;100.000000;0.000000;0.000000;-nan;         6s 510ms 322μs 878ns;            340ms 940μs 893ns
135a6b;50;0;59;49;6;27;30.000000;0.000000;0.000000;2046.000000;2046.000000;99.951148;0.000000;0.000000;-nan;         7s 361ms 988μs 102ns;            211ms 650μs 942ns
135a7c;102;0;83;103;8;27;30.000000;0.000000;0.000000;1760.000000;1760.000000;100.056850;0.000000;0.000000;-nan;         8s 326ms 230μs 328ns;         1s 144ms 908μs 700ns
735a15;76;108;65;45;9;54;0.000000;0.000000;-nan;2999.000000;2999.000000;100.000000;0.000000;0.000000;-nan;        19s 831ms 883μs 104ns;                        -4042889022012804ns
735a23;82;0;147;111;7;44;45.000000;0.000000;0.000000;2970.000000;2970.000000;103.017690;0.000000;0.000000;-nan;        17s 969ms 102μs 758ns;                        -577551363444894ns
7359cf;83;0;144;113;7;44;45.000000;0.000000;0.000000;2972.000000;2972.000000;103.481894;0.000000;0.000000;-nan;        16s 353ms 476μs 456ns;                        -577548724204632ns
7359de;85;0;141;114;7;44;45.000000;0.000000;0.000000;2877.000000;2877.000000;100.000000;0.000000;0.000000;-nan;        17s 304ms 265μs 478ns;            732ms 391μs 561ns
7359ec;58;0;115;81;6;45;45.000000;45.000000;100.000000;2873.000000;2873.000000;100.000000;0.000000;0.000000;-nan;        12s 319ms 940μs 328ns;                          0ns
7359fb;81;0;151;108;7;44;45.000000;0.000000;0.000000;2878.000000;2878.000000;100.000000;0.000000;0.000000;-nan;        15s 904ms 416μs 353ns;            684ms 305μs  82ns
735a08;103;0;181;140;8;43;45.000000;0.000000;0.000000;2972.000000;2972.000000;103.122831;0.000000;0.000000;-nan;        19s 161ms 437μs 711ns;                        -1155107379552871ns
7359ac;47;0;120;81;6;44;0.000000;0.000000;-nan;2972.000000;2972.000000;100.000000;0.000000;0.000000;-nan;        12s 516ms 221μs 666ns;                          0ns
7359af;105;0;180;139;8;43;45.000000;0.000000;0.000000;2972.000000;2972.000000;102.944233;0.000000;0.000000;-nan;        18s 925ms 133μs 740ns;                        -1732654555269869ns
7359bd;79;0;147;114;7;44;45.000000;0.000000;0.000000;2868.000000;2868.000000;100.000000;0.000000;0.000000;-nan;        15s 625ms 223μs  96ns;            645ms 780μs 946ns
433200;103;0;181;140;8;43;45.000000;0.000000;0.000000;2883.000000;2883.000000;100.523013;0.000000;0.000000;-nan;        18s 349ms 816μs 463ns;            872ms  19μs 635ns
43320f;75;0;149;108;7;43;44.000000;0.000000;0.000000;2883.000000;2883.000000;100.000000;0.000000;0.000000;-nan;        16s 812ms 958μs 699ns;            434ms   3μs 679ns
43321b;83;0;145;112;7;44;45.000000;0.000000;0.000000;2972.000000;2972.000000;102.944233;0.000000;0.000000;-nan;        17s 740ms 473μs 708ns;                        -545386170098793ns
433227;53;0;120;75;6;44;44.000000;44.000000;100.000000;2878.000000;2878.000000;100.000000;0.000000;0.000000;-nan;        15s 465ms 966μs  13ns;                          0ns
4331c2;164;0;213;161;12;52;0.000000;0.000000;-nan;2999.000000;2999.000000;100.000000;0.000000;0.000000;-nan;        23s 219ms 767μs 942ns;                        -4908542612188149ns
4331d4;83;0;139;118;7;44;45.000000;0.000000;0.000000;2867.000000;2867.000000;100.000000;0.000000;0.000000;-nan;        15s 680ms 942μs 159ns;         1s 252ms 749μs 960ns
4331df;102;0;186;136;8;43;45.000000;0.000000;0.000000;2878.000000;2878.000000;100.174034;0.000000;0.000000;-nan;        18s  76ms 110μs 548ns;            952ms 810μs 197ns
4331f0;84;0;142;114;7;44;45.000000;0.000000;0.000000;2882.000000;2882.000000;100.000000;0.000000;0.000000;-nan;        15s 890ms  80μs 451ns;            574ms 808μs  88ns
4331b0;47;0;119;76;6;43;0.000000;0.000000;-nan;2972.000000;2972.000000;100.000000;0.000000;0.000000;-nan;        11s 472ms 669μs 413ns;                          0ns
4331b4;82;0;141;117;7;44;45.000000;0.000000;0.000000;2972.000000;2972.000000;103.481894;0.000000;0.000000;-nan;        16s  49ms 131μs 325ns;                        -545383650142724ns
7329d7;82;0;144;114;7;44;45.000000;0.000000;0.000000;2882.000000;2882.000000;100.000000;0.000000;0.000000;-nan;        17s 231ms 407μs 680ns;            248ms 290μs  72ns
732991;104;0;180;140;8;43;45.000000;0.000000;0.000000;2972.000000;2972.000000;103.302051;0.000000;0.000000;-nan;        20s 147ms 544μs 640ns;                        -2309704720258209ns
73299f;98;8;184;134;8;43;45.000000;0.000000;0.000000;2970.000000;2970.000000;103.017690;0.000000;0.000000;-nan;        18s 873ms 542μs 506ns;                        -1154846842590950ns
7329ac;119;0;177;120;9;52;0.000000;0.000000;-nan;2999.000000;2999.000000;100.000000;0.000000;0.000000;-nan;        21s 913ms 654μs 150ns;                        -4042012623511143ns
7329c0;81;2;145;112;7;44;45.000000;0.000000;0.000000;2972.000000;2972.000000;102.944233;0.000000;0.000000;-nan;        16s 967ms 242μs 832ns;                        -577421448978895ns
732956;82;0;145;113;7;44;45.000000;0.000000;0.000000;2972.000000;2972.000000;103.481894;0.000000;0.000000;-nan;        17s 848ms 599μs 635ns;                        -577423540262472ns
732968;80;0;155;105;7;44;45.000000;0.000000;0.000000;2878.000000;2878.000000;100.000000;0.000000;0.000000;-nan;        17s 457ms 966μs 443ns;            731ms 380μs 914ns
73297b;99;8;184;133;8;43;45.000000;0.000000;0.000000;2970.000000;2970.000000;103.556485;0.000000;0.000000;-nan;        18s 581ms 274μs 941ns;                        -1732266202172565ns
73293d;47;0;120;81;5;44;0.000000;0.000000;-nan;2972.000000;2972.000000;100.000000;0.000000;0.000000;-nan;        10s 910ms 477μs 913ns;                          0ns
732942;81;0;146;113;7;44;45.000000;0.000000;0.000000;2873.000000;2873.000000;100.000000;0.000000;0.000000;-nan;        17s 517ms 146μs 199ns;            514ms 333μs 928ns
4300c2;174;0;206;164;13;51;148.000000;0.000000;0.000000;2999.000000;2999.000000;100.000000;0.000000;0.000000;-nan;        24s 650ms 209μs 652ns;                        -6543446045479201ns
4300d3;102;0;188;134;8;43;45.000000;0.000000;0.000000;2878.000000;2878.000000;100.348675;0.000000;0.000000;-nan;        19s 718ms 796μs  25ns;         1s 104ms 483μs 441ns
4300e1;82;0;147;111;7;44;45.000000;0.000000;0.000000;2883.000000;2883.000000;100.173732;0.000000;0.000000;-nan;        18s 816ms 579μs 305ns;            914ms 909μs 422ns
4300ee;75;0;148;109;7;43;44.000000;0.000000;0.000000;2883.000000;2883.000000;100.000000;0.000000;0.000000;-nan;        18s 555ms 695μs 114ns;            297ms 638μs 775ns
430090;83;0;146;111;7;44;45.000000;0.000000;0.000000;2887.000000;2887.000000;100.000000;0.000000;0.000000;-nan;        17s 152ms 753μs 118ns;            559ms 278μs 462ns
4300a0;80;0;155;105;7;44;45.000000;0.000000;0.000000;2873.000000;2873.000000;100.000000;0.000000;0.000000;-nan;        17s 836ms 546μs 134ns;            343ms 461μs 460ns
4300b4;98;0;156;126;8;43;46.000000;0.000000;0.000000;2972.000000;2972.000000;103.122831;0.000000;0.000000;-nan;        19s 551ms 131μs 908ns;                        -1090560051447854ns
430069;47;0;118;83;6;44;0.000000;0.000000;-nan;2972.000000;2972.000000;100.000000;0.000000;0.000000;-nan;        12s 723ms 905μs 598ns;                          0ns
43006e;106;0;178;140;8;43;45.000000;0.000000;0.000000;2972.000000;2972.000000;103.481894;0.000000;0.000000;-nan;        19s 326ms 324μs 549ns;                        -1635838950553400ns
43007f;81;0;143;116;7;44;45.000000;0.000000;0.000000;2877.000000;2877.000000;100.000000;0.000000;0.000000;-nan;        15s 934ms 984μs 823ns;            555ms 132μs  30ns
72f84f;84;0;145;111;7;44;45.000000;0.000000;0.000000;2882.000000;2882.000000;100.000000;0.000000;0.000000;-nan;        18s 238ms 463μs  60ns;            513ms 388μs 997ns
72f816;83;0;141;116;7;44;45.000000;0.000000;0.000000;2887.000000;2887.000000;100.000000;0.000000;0.000000;-nan;        17s  45ms 861μs 907ns;            288ms 201μs 708ns
72f82e;102;0;182;140;8;43;45.000000;0.000000;0.000000;2972.000000;2972.000000;103.481894;0.000000;0.000000;-nan;        18s 595ms 321μs 829ns;                        -1154587165546263ns
72f83a;81;0;148;111;7;44;45.000000;0.000000;0.000000;2873.000000;2873.000000;100.000000;0.000000;0.000000;-nan;        17s 156ms   8μs 510ns;            397ms 585μs 993ns
72f7e8;84;0;143;113;7;44;45.000000;0.000000;0.000000;2972.000000;2972.000000;103.302051;0.000000;0.000000;-nan;        18s  40ms 900μs  12ns;                        -577291171561888ns
72f804;239;0;223;214;15;52;163.000000;0.000000;0.000000;2999.000000;2999.000000;100.000000;0.000000;0.000000;-nan;        27s 496ms 244μs 962ns;                        -17319039608487305ns
72f79c;47;0;118;77;6;43;0.000000;0.000000;-nan;2972.000000;2972.000000;100.000000;0.000000;0.000000;-nan;        13s  73ms 341μs 664ns;                          0ns
72f7a0;80;0;147;113;7;44;45.000000;0.000000;0.000000;2883.000000;2883.000000;100.000000;0.000000;0.000000;-nan;        16s 760ms 250μs 157ns;            569ms 851μs 704ns
72f7b6;79;2;147;112;7;44;45.000000;0.000000;0.000000;2868.000000;2868.000000;100.000000;0.000000;0.000000;-nan;        13s 209ms 203μs 585ns;            257ms 188μs 682ns
72f7c7;85;1;145;117;7;45;46.000000;0.000000;0.000000;2878.000000;2878.000000;100.000000;0.000000;0.000000;-nan;        16s 305ms  93μs  76ns;            676ms 753μs 736ns
12d310;48;0;64;56;6;23;24.000000;0.000000;0.000000;1878.000000;1878.000000;100.000000;0.000000;0.000000;-nan;         8s 250ms 449μs  49ns;            163ms 216μs 802ns
12d2c3;90;0;85;95;8;23;26.000000;0.000000;0.000000;1888.000000;1888.000000;107.211811;0.000000;0.000000;-nan;         9s  45ms 734μs 979ns;         1s 176ms 646μs 501ns
12d2d7;83;0;73;88;7;26;28.000000;0.000000;0.000000;1888.000000;1888.000000;100.000000;0.000000;0.000000;-nan;         9s   1ms 494μs 210ns;            906ms 279μs 841ns
12d2ef;69;0;74;75;7;23;25.000000;0.000000;0.000000;1878.000000;1878.000000;106.462585;0.000000;0.000000;-nan;         9s 181ms 675μs 989ns;            402ms 692μs 525ns
12d2fe;88;0;83;83;7;32;33.000000;0.000000;0.000000;2409.000000;2409.000000;100.000000;0.000000;0.000000;-nan;         9s 307ms 183μs 795ns;         1s 882ms 222μs 467ns
12d291;55;0;61;58;6;24;25.000000;0.000000;0.000000;1890.000000;1890.000000;100.000000;0.000000;0.000000;-nan;         6s 987ms  25μs 659ns;            260ms   9μs 828ns
12d2b0;68;0;79;71;7;23;25.000000;0.000000;0.000000;1883.000000;1883.000000;100.000000;0.000000;0.000000;-nan;         8s 899ms 720μs 533ns;            459ms  68μs 116ns
12d257;73;0;74;79;7;24;26.000000;0.000000;0.000000;1763.000000;1763.000000;100.000000;0.000000;0.000000;-nan;         8s 834ms 507μs 502ns;            759ms 731μs 980ns
12d25c;55;2;70;61;6;26;27.000000;0.000000;0.000000;2047.000000;2047.000000;100.000000;0.000000;0.000000;-nan;         5s 205ms  39μs  96ns;            354ms 407μs 836ns
12d26f;69;0;74;75;7;23;25.000000;0.000000;0.000000;1878.000000;1878.000000;106.583428;0.000000;0.000000;-nan;         8s 655ms 886μs 535ns;            542ms 706μs 940ns
42d04d;77;0;151;103;7;43;44.000000;0.000000;0.000000;2883.000000;2883.000000;100.000000;0.000000;0.000000;-nan;        18s 668ms 388μs 674ns;            501ms  39μs 998ns
42d05f;96;21;173;133;8;43;45.000000;0.000000;0.000000;2883.000000;2883.000000;100.348068;0.000000;0.000000;-nan;        16s 150ms 704μs  30ns;         1s 365ms 647μs 141ns
42d000;165;103;176;121;14;52;161.000000;0.000000;0.000000;2999.000000;2999.000000;100.000000;0.000000;0.000000;-nan;        23s 438ms 367μs 729ns;                        -7087377041806138ns
42d010;54;0;115;79;6;44;44.000000;44.000000;100.000000;2878.000000;2878.000000;100.000000;0.000000;0.000000;-nan;        14s  50ms 631μs 308ns;                          0ns
42d01d;83;0;144;113;7;44;45.000000;0.000000;0.000000;2972.000000;2972.000000;103.302051;0.000000;0.000000;-nan;        18s 432ms 666μs 899ns;                        -545176114753528ns
42d02d;82;0;143;115;7;44;45.000000;0.000000;0.000000;2972.000000;2972.000000;102.944233;0.000000;0.000000;-nan;        18s 213ms 207μs 772ns;                        -545176147128575ns
42d03d;102;0;186;136;8;43;45.000000;0.000000;0.000000;2883.000000;2883.000000;100.523013;0.000000;0.000000;-nan;        19s   1ms 285μs 849ns;         1s  31ms 368μs  29ns
42cfd9;47;0;122;79;6;44;0.000000;0.000000;-nan;2972.000000;2972.000000;100.000000;0.000000;0.000000;-nan;        11s 431ms 830μs  90ns;                          0ns
42cfde;85;0;144;111;7;44;45.000000;0.000000;0.000000;2872.000000;2872.000000;100.000000;0.000000;0.000000;-nan;        16s 930ms 803μs 371ns;            327ms 290μs 472ns
42cfef;105;0;179;140;8;43;45.000000;0.000000;0.000000;2972.000000;2972.000000;103.122831;0.000000;0.000000;-nan;        18s 830ms 269μs 116ns;                        -1090351819788744ns
72c70d;175;0;187;162;13;52;0.000000;0.000000;-nan;2999.000000;2999.000000;100.000000;0.000000;0.000000;-nan;        24s 613ms 670μs 810ns;                        -5194496090388646ns
72c71d;81;0;148;111;7;44;45.000000;0.000000;0.000000;2873.000000;2873.000000;100.000000;0.000000;0.000000;-nan;        18s 309ms 444μs 946ns;            534ms 446μs 650ns
72c727;82;0;142;116;7;44;45.000000;0.000000;0.000000;2887.000000;2887.000000;100.000000;0.000000;0.000000;-nan;        18s 564ms 835μs 816ns;            243ms 496μs 674ns
72c734;80;0;150;110;7;44;45.000000;0.000000;0.000000;2970.000000;2970.000000;103.017690;0.000000;0.000000;-nan;        18s 751ms 500μs 567ns;                        -577162226594732ns
72c6da;80;0;150;110;7;44;45.000000;0.000000;0.000000;2970.000000;2970.000000;103.196664;0.000000;0.000000;-nan;        17s  33ms 540μs 593ns;                        -577158187655269ns
72c6eb;74;0;123;99;7;44;46.000000;0.000000;0.000000;2970.000000;2970.000000;103.556485;0.000000;0.000000;-nan;        17s 874ms 197μs 782ns;                        -577155153307835ns
72c6f9;83;0;146;111;7;44;45.000000;0.000000;0.000000;2882.000000;2882.000000;100.000000;0.000000;0.000000;-nan;        18s  99ms   2μs 345ns;            615ms 900μs 768ns
72c6b3;55;0;113;80;6;44;0.000000;0.000000;-nan;2972.000000;2972.000000;100.000000;0.000000;0.000000;-nan;        11s 913ms 603μs 670ns;                          0ns
72c6b7;108;0;174;151;8;44;46.000000;0.000000;0.000000;2872.000000;2872.000000;100.000000;0.000000;0.000000;-nan;        19s 527ms 693μs 969ns;            984ms 569μs  41ns
72c6c9;103;0;177;144;8;43;45.000000;0.000000;0.000000;2972.000000;2972.000000;103.302051;0.000000;0.000000;-nan;        18s 980ms  17μs 479ns;                        -1154319954232385ns
429f83;75;8;141;108;7;43;44.000000;0.000000;0.000000;2878.000000;2878.000000;100.000000;0.000000;0.000000;-nan;        17s 209ms  88μs 260ns;            258ms 705μs   3ns
429f53;82;0;148;110;7;44;45.000000;0.000000;0.000000;2887.000000;2887.000000;100.000000;0.000000;0.000000;-nan;        18s 936ms 575μs 984ns;            800ms 809μs 132ns
429f63;121;0;182;159;9;42;47.000000;0.000000;0.000000;2855.000000;2855.000000;100.000000;0.000000;0.000000;-nan;        21s 853ms 325μs 598ns;                        -1090143259730127ns
429f77;76;0;148;108;7;43;44.000000;0.000000;0.000000;2883.000000;2883.000000;100.000000;0.000000;0.000000;-nan;        19s 648ms 114μs 618ns;            653ms   1μs 515ns
429f0b;103;0;181;140;8;43;45.000000;0.000000;0.000000;2883.000000;2883.000000;100.523013;0.000000;0.000000;-nan;        20s 313ms 471μs 898ns;            665ms 570μs 733ns
429f25;82;2;147;109;7;44;45.000000;0.000000;0.000000;2873.000000;2873.000000;100.000000;0.000000;0.000000;-nan;        15s 928ms 322μs 166ns;            575ms 742μs 574ns
429f37;110;0;140;104;10;54;159.000000;0.000000;0.000000;2999.000000;2999.000000;100.000000;0.000000;0.000000;-nan;        23s 571ms 415μs 327ns;                        -2180274465979751ns
429ed4;84;0;145;111;7;44;45.000000;0.000000;0.000000;2972.000000;2972.000000;103.122831;0.000000;0.000000;-nan;        15s 133ms 972μs 870ns;                        -545065332078780ns
429ed9;82;0;140;118;7;44;45.000000;0.000000;0.000000;2877.000000;2877.000000;100.348797;0.000000;0.000000;-nan;        18s 126ms 168μs 158ns;         1s  26ms 896μs 663ns
429ef4;105;0;178;141;8;43;45.000000;0.000000;0.000000;2972.000000;2972.000000;103.481894;0.000000;0.000000;-nan;        20s 289ms 333μs 583ns;                        -1635213671557347ns
7297e4;82;0;151;107;7;44;45.000000;0.000000;0.000000;2883.000000;2883.000000;100.000000;0.000000;0.000000;-nan;        16s 792ms 320μs 735ns;            851ms 556μs 406ns
7297f3;80;0;152;108;7;44;45.000000;0.000000;0.000000;2970.000000;2970.000000;103.376262;0.000000;0.000000;-nan;        16s 961ms 813μs 258ns;                        -577033366161671ns
729804;84;0;142;114;7;44;45.000000;0.000000;0.000000;2887.000000;2887.000000;100.000000;0.000000;0.000000;-nan;        17s 271ms 330μs 719ns;            712ms   9μs 317ns
72979d;83;0;143;114;7;44;45.000000;0.000000;0.000000;2972.000000;2972.000000;103.481894;0.000000;0.000000;-nan;        15s 902ms 470μs 312ns;                        -1154061203446637ns
7297ae;81;0;151;108;7;44;45.000000;0.000000;0.000000;2970.000000;2970.000000;103.196664;0.000000;0.000000;-nan;        16s 252ms 126μs 308ns;                        -577030980951105ns
7297bc;105;0;179;140;8;43;45.000000;0.000000;0.000000;2972.000000;2972.000000;103.122831;0.000000;0.000000;-nan;        17s 648ms 632μs 698ns;                        -1154068781063717ns
7297cc;128;0;195;127;12;50;0.000000;0.000000;-nan;2999.000000;2999.000000;100.000000;0.000000;0.000000;-nan;        22s 113ms 815μs 698ns;                        -3462224373122263ns
72977a;47;0;116;85;6;44;0.000000;0.000000;-nan;2971.000000;2971.000000;100.000000;0.000000;0.000000;-nan;         6s 209ms 446μs 173ns;                          0ns
72977d;47;0;122;79;6;44;0.000000;0.000000;-nan;2972.000000;2972.000000;100.000000;0.000000;0.000000;-nan;        11s 523ms  70μs 811ns;                          0ns
729788;83;8;137;112;7;44;45.000000;0.000000;0.000000;2877.000000;2877.000000;100.000000;0.000000;0.000000;-nan;        14s 821ms 376μs 107ns;            266ms 640μs 404ns
426ecd;61;0;110;83;6;45;45.000000;45.000000;100.000000;2877.000000;2877.000000;100.000000;0.000000;0.000000;-nan;        14s 897ms 293μs 313ns;                          0ns
426edc;75;0;148;109;7;43;44.000000;0.000000;0.000000;2883.000000;2883.000000;100.000000;0.000000;0.000000;-nan;        18s 284ms 210μs 602ns;            278ms 794μs 686ns
426eed;50;20;105;73;6;44;44.000000;44.000000;100.000000;2878.000000;2878.000000;100.000000;0.000000;0.000000;-nan;         2s 695ms 646μs 511ns;                          0ns
426e82;103;0;185;136;8;43;45.000000;0.000000;0.000000;2878.000000;2878.000000;100.348675;0.000000;0.000000;-nan;        18s 544ms 925μs 818ns;         1s 348ms 171μs 739ns
426e8a;82;0;147;111;7;44;45.000000;0.000000;0.000000;2873.000000;2873.000000;100.000000;0.000000;0.000000;-nan;        17s 369ms 733μs 509ns;            427ms 561μs 527ns
426e9f;84;0;140;115;7;44;45.000000;0.000000;0.000000;2972.000000;2972.000000;103.481894;0.000000;0.000000;-nan;        17s  25ms   6μs 719ns;                        -544961895431566ns
426eb0;82;0;142;116;7;44;45.000000;0.000000;0.000000;2972.000000;2972.000000;103.122831;0.000000;0.000000;-nan;        17s 326ms 657μs 563ns;                        -544962893916390ns
426ebd;81;0;146;113;7;44;45.000000;0.000000;0.000000;2887.000000;2887.000000;100.000000;0.000000;0.000000;-nan;        18s  12ms 823μs 891ns;            345ms 327μs 962ns
426e6b;84;0;149;115;7;45;46.000000;0.000000;0.000000;2871.000000;2871.000000;100.000000;0.000000;0.000000;-nan;        16s 275ms 526μs 290ns;            604ms 317μs 230ns
426e70;195;0;253;160;15;51;162.000000;0.000000;0.000000;2999.000000;2999.000000;100.000000;0.000000;0.000000;-nan;        24s 733ms 822μs  50ns;                        -11989402557759395ns
726853;79;0;149;112;7;44;45.000000;0.000000;0.000000;2873.000000;2873.000000;100.000000;0.000000;0.000000;-nan;        19s 867ms 531μs 638ns;            358ms 883μs 392ns
72681a;84;0;145;111;7;44;45.000000;0.000000;0.000000;2972.000000;2972.000000;103.662365;0.000000;0.000000;-nan;        19s 597ms 932μs 402ns;                        -576907594465724ns
72682a;102;8;173;141;8;43;45.000000;0.000000;0.000000;2972.000000;2972.000000;103.481894;0.000000;0.000000;-nan;        20s  18ms 201μs 710ns;                        -1153819478833340ns
72683b;50;8;113;71;6;43;43.000000;43.000000;100.000000;2855.000000;2855.000000;100.000000;0.000000;0.000000;-nan;        12s 987ms 741μs 992ns;                          0ns
7267d6;71;8;118;99;7;44;46.000000;0.000000;0.000000;2970.000000;2970.000000;103.017690;0.000000;0.000000;-nan;        16s 604ms 136μs 634ns;                        -576899529398594ns
7267ed;81;0;148;111;7;44;45.000000;0.000000;0.000000;2970.000000;2970.000000;103.556485;0.000000;0.000000;-nan;        17s 903ms 983μs 706ns;                        -576904292561636ns
726804;127;0;215;176;9;43;46.000000;0.000000;0.000000;2970.000000;2970.000000;103.196664;0.000000;0.000000;-nan;        20s 886ms 324μs 641ns;                        -1153828990563773ns
7267b1;84;0;146;110;7;44;45.000000;0.000000;0.000000;2972.000000;2972.000000;103.122831;0.000000;0.000000;-nan;        18s 224ms 895μs 343ns;                        -1730716039187741ns
7267b6;84;0;142;114;7;44;45.000000;0.000000;0.000000;2887.000000;2887.000000;100.000000;0.000000;0.000000;-nan;        18s 690ms 999μs 143ns;            523ms 323μs 828ns
7267c7;79;0;143;118;7;44;45.000000;0.000000;0.000000;2971.000000;2971.000000;103.267292;0.000000;0.000000;-nan;        18s 515ms 860μs 493ns;                        -576905657643399ns
1247c1;74;0;73;79;7;24;26.000000;0.000000;0.000000;1883.000000;1883.000000;100.000000;0.000000;0.000000;-nan;         8s 771ms  56μs 719ns;            355ms  30μs 943ns
1247d1;48;1;67;52;6;23;24.000000;0.000000;0.000000;1763.000000;1763.000000;100.000000;0.000000;0.000000;-nan;         6s 316ms 144μs 398ns;            122ms 354μs 496ns
1247e2;55;0;60;59;6;24;25.000000;0.000000;0.000000;1888.000000;1888.000000;100.000000;0.000000;0.000000;-nan;         7s 876ms  37μs  30ns;            250ms 857μs 305ns
1247e5;74;0;73;79;7;24;26.000000;0.000000;0.000000;1890.000000;1890.000000;100.000000;0.000000;0.000000;-nan;         8s 845ms 418μs 258ns;         1s 146ms 381μs 222ns
124784;94;0;94;90;7;35;36.000000;0.000000;0.000000;2263.000000;2263.000000;100.044209;0.000000;0.000000;-nan;         9s  41ms 616μs 876ns;            988ms 211μs 562ns
124796;52;0;66;56;6;24;25.000000;0.000000;0.000000;1890.000000;1890.000000;100.531915;0.000000;0.000000;-nan;         7s 346ms 932μs 631ns;            256ms 125μs 117ns
1247ad;48;0;64;56;6;23;24.000000;0.000000;0.000000;1878.000000;1878.000000;100.000000;0.000000;0.000000;-nan;         7s 437ms  83μs 642ns;            126ms 575μs  27ns
124762;95;0;92;95;8;24;27.000000;0.000000;0.000000;1888.000000;1888.000000;102.776266;0.000000;0.000000;-nan;         9s  93ms 501μs 567ns;         1s 441ms 422μs 698ns
124766;60;0;59;61;6;25;26.000000;0.000000;0.000000;1834.000000;1834.000000;100.000000;0.000000;0.000000;-nan;         7s 273ms 923μs 164ns;            150ms 174μs   9ns
124775;79;7;71;87;7;26;28.000000;0.000000;0.000000;1885.000000;1885.000000;100.000000;0.000000;0.000000;-nan;         7s 534ms 332μs 444ns;         1s 111ms 294μs 371ns
423f01;84;0;148;108;7;44;45.000000;0.000000;0.000000;2887.000000;2887.000000;100.000000;0.000000;0.000000;-nan;        16s 794ms  73μs 349ns;            703ms 903μs 898ns
423f11;80;0;152;108;7;44;45.000000;0.000000;0.000000;2883.000000;2883.000000;100.523013;0.000000;0.000000;-nan;        17s 268ms 515μs 273ns;            867ms 230μs 829ns
423f20;54;0;117;77;6;44;44.000000;44.000000;100.000000;2878.000000;2878.000000;100.000000;0.000000;0.000000;-nan;        14s 875ms 608μs 387ns;                          0ns
423f2f;77;0;146;109;7;43;44.000000;0.000000;0.000000;2883.000000;2883.000000;100.000000;0.000000;0.000000;-nan;        17s 181ms 411μs 879ns;            250ms 470μs 719ns
423ec4;80;0;141;119;7;44;45.000000;0.000000;0.000000;2872.000000;2872.000000;100.000000;0.000000;0.000000;-nan;        16s 326ms 822μs 741ns;            260ms 354μs 415ns
423ed5;81;0;151;108;7;44;45.000000;0.000000;0.000000;2873.000000;2873.000000;100.000000;0.000000;0.000000;-nan;        15s 973ms 974μs 141ns;            412ms 910μs 443ns
423ee4;178;0;244;206;11;51;0.000000;0.000000;-nan;2999.000000;2999.000000;100.000000;0.000000;0.000000;-nan;        22s 574ms 412μs 808ns;                        -8173027054713888ns
423ef3;83;0;139;118;7;44;45.000000;0.000000;0.000000;2877.000000;2877.000000;100.000000;0.000000;0.000000;-nan;        16s 986ms 455μs 494ns;            500ms  47μs 208ns
423eb2;46;0;117;79;6;43;0.000000;0.000000;-nan;2972.000000;2972.000000;100.000000;0.000000;0.000000;-nan;        12s 374ms 773μs  24ns;                          0ns
423eb5;84;0;142;114;7;44;45.000000;0.000000;0.000000;2882.000000;2882.000000;100.000000;0.000000;0.000000;-nan;        16s 480ms 177μs 153ns;            710ms 118μs 710ns
72368d;86;8;162;114;8;42;45.000000;0.000000;0.000000;2855.000000;2855.000000;100.000000;0.000000;0.000000;-nan;        18s 962ms 771μs 773ns;            603ms  80μs 529ns
723651;83;3;144;110;7;44;45.000000;0.000000;0.000000;2972.000000;2972.000000;103.481894;0.000000;0.000000;-nan;        16s 902ms 275μs 151ns;                        -1730315527667761ns
723665;56;0;114;84;6;45;45.000000;45.000000;100.000000;2883.000000;2883.000000;100.000000;0.000000;0.000000;-nan;        15s 843ms 783μs 436ns;                          0ns
723675;85;0;141;114;7;44;45.000000;0.000000;0.000000;2972.000000;2972.000000;102.944233;0.000000;0.000000;-nan;        18s 871ms 666μs  32ns;                        -576776822702941ns
723611;82;0;141;117;7;44;45.000000;0.000000;0.000000;2867.000000;2867.000000;100.000000;0.000000;0.000000;-nan;        18s 455ms 783μs 253ns;            426ms 914μs 578ns
72362b;105;38;165;126;8;44;46.000000;0.000000;0.000000;2868.000000;2868.000000;100.000000;0.000000;0.000000;-nan;        19s 512ms 663μs  33ns;         1s 662ms 423μs 833ns
72363d;216;0;232;214;14;51;158.000000;0.000000;0.000000;2999.000000;2999.000000;100.000000;0.000000;0.000000;-nan;        26s 713ms 290μs 762ns;                        -14996426494256706ns
7235f2;82;0;147;111;7;44;45.000000;0.000000;0.000000;2873.000000;2873.000000;100.000000;0.000000;0.000000;-nan;        17s 559ms 183μs 909ns;            702ms 912μs 697ns
7235f6;81;0;146;113;7;44;45.000000;0.000000;0.000000;2970.000000;2970.000000;103.196664;0.000000;0.000000;-nan;        17s 690ms 786μs 467ns;                        -1153547012300703ns
723602;81;8;137;114;7;44;45.000000;0.000000;0.000000;2972.000000;2972.000000;103.122831;0.000000;0.000000;-nan;        15s 594ms 370μs 216ns;                        -576770309845496ns
420ecd;76;0;147;109;7;43;44.000000;0.000000;0.000000;2883.000000;2883.000000;100.000000;0.000000;0.000000;-nan;        20s  95ms 560μs  44ns;            280ms 610μs 682ns
420eed;98;8;185;133;8;43;45.000000;0.000000;0.000000;2878.000000;2878.000000;100.000000;0.000000;0.000000;-nan;        20s 466ms 915μs 935ns;            576ms 532μs 707ns
420e89;83;0;144;113;7;44;45.000000;0.000000;0.000000;2972.000000;2972.000000;103.122831;0.000000;0.000000;-nan;        18s 888ms 601μs 891ns;                        -1089513446867173ns
420e94;81;8;141;110;7;44;45.000000;0.000000;0.000000;2972.000000;2972.000000;103.481894;0.000000;0.000000;-nan;        17s 474ms 306μs  82ns;                        -544753098587549ns
420ea1;83;0;143;114;7;44;45.000000;0.000000;0.000000;2972.000000;2972.000000;103.662365;0.000000;0.000000;-nan;        20s 406ms 398μs 168ns;                        -544758254330214ns
420eb9;79;8;144;109;7;44;45.000000;0.000000;0.000000;2873.000000;2873.000000;100.174338;0.000000;0.000000;-nan;        17s 715ms 329μs  52ns;            807ms 881μs 254ns
420e5d;82;0;141;117;7;44;45.000000;0.000000;0.000000;2877.000000;2877.000000;100.000000;0.000000;0.000000;-nan;        18s 469ms 914μs 373ns;            728ms 126μs 931ns
420e74;167;0;229;196;10;51;0.000000;0.000000;-nan;2999.000000;2999.000000;100.000000;0.000000;0.000000;-nan;        23s 351ms 575μs 612ns;                        -10895297441772578ns
420e35;47;0;117;84;6;44;0.000000;0.000000;-nan;2972.000000;2972.000000;100.000000;0.000000;0.000000;-nan;         8s 214ms 333μs 953ns;                          0ns
420e3a;82;0;147;111;7;44;45.000000;0.000000;0.000000;2873.000000;2873.000000;100.000000;0.000000;0.000000;-nan;        18s 714ms 945μs 524ns;            512ms 688μs 785ns
7205d1;84;0;142;114;7;44;45.000000;0.000000;0.000000;2972.000000;2972.000000;103.302051;0.000000;0.000000;-nan;        18s 756ms 960μs 370ns;                        -2306592767398990ns
7205e5;187;1;206;168;14;50;158.000000;0.000000;0.000000;2999.000000;2999.000000;100.000000;0.000000;0.000000;-nan;        24s  23ms 942μs 138ns;                        -8649765886169107ns
72058e;81;0;148;111;7;44;45.000000;0.000000;0.000000;2873.000000;2873.000000;100.000000;0.000000;0.000000;-nan;        18s 407ms 295μs 951ns;            689ms 824μs 368ns
7205a3;81;0;154;105;7;44;45.000000;0.000000;0.000000;2970.000000;2970.000000;103.196664;0.000000;0.000000;-nan;        18s 100ms 927μs 615ns;                        -576646027714438ns
7205b3;82;0;147;111;7;44;45.000000;0.000000;0.000000;2883.000000;2883.000000;100.000000;0.000000;0.000000;-nan;        17s 599ms 732μs 254ns;            783ms 651μs 905ns
7205bf;81;0;142;117;7;44;45.000000;0.000000;0.000000;2882.000000;2882.000000;100.000000;0.000000;0.000000;-nan;        18s 321ms 654μs 114ns;            277ms 818μs 132ns
720557;84;0;140;116;7;44;45.000000;0.000000;0.000000;2887.000000;2887.000000;100.000000;0.000000;0.000000;-nan;        16s 895ms  37μs 663ns;            655ms 328μs 823ns
720577;83;0;144;113;7;44;45.000000;0.000000;0.000000;2882.000000;2882.000000;100.523195;0.000000;0.000000;-nan;        17s 528ms 729μs 414ns;         1s 471ms 514μs 873ns
72053d;47;0;118;83;6;44;0.000000;0.000000;-nan;2971.000000;2971.000000;100.000000;0.000000;0.000000;-nan;        12s 504ms 835μs 124ns;                          0ns
720542;100;2;182;140;8;43;45.000000;0.000000;0.000000;2970.000000;2970.000000;103.556485;0.000000;0.000000;-nan;        17s 880ms 948μs 447ns;                        -1153286512802185ns
41dd87;76;0;147;109;7;43;44.000000;0.000000;0.000000;2883.000000;2883.000000;100.000000;0.000000;0.000000;-nan;        17s 761ms 933μs 382ns;            320ms 939μs 420ns
41dd97;55;0;116;77;6;44;44.000000;44.000000;100.000000;2878.000000;2878.000000;100.000000;0.000000;0.000000;-nan;        15s 208ms 106μs 242ns;                          0ns
41dd53;83;0;141;116;7;44;45.000000;0.000000;0.000000;2972.000000;2972.000000;103.122831;0.000000;0.000000;-nan;        16s 773ms 922μs 102ns;                        -544647790088031ns
41dd5b;84;0;143;113;7;44;45.000000;0.000000;0.000000;2972.000000;2972.000000;103.302051;0.000000;0.000000;-nan;        17s  17ms  53μs 587ns;                        -1089297841963591ns
41dd6c;104;0;178;142;8;43;45.000000;0.000000;0.000000;2972.000000;2972.000000;103.481894;0.000000;0.000000;-nan;        18s 857ms 303μs 904ns;                        -2178604334683715ns
41dd76;105;0;174;145;8;43;45.000000;0.000000;0.000000;2972.000000;2972.000000;102.944233;0.000000;0.000000;-nan;        19s 115ms 174μs 958ns;                        -1089308273363535ns
41dd1a;47;0;119;82;6;44;0.000000;0.000000;-nan;2972.000000;2972.000000;100.000000;0.000000;0.000000;-nan;        12s 633ms 385μs 512ns;                          0ns
41dd1d;81;0;151;108;7;44;45.000000;0.000000;0.000000;2878.000000;2878.000000;100.174034;0.000000;0.000000;-nan;        16s 543ms 815μs 490ns;            883ms 300μs 889ns
41dd2c;93;0;141;114;7;45;46.000000;0.000000;0.000000;2876.000000;2876.000000;100.000000;0.000000;0.000000;-nan;        16s 332ms 170μs 180ns;            345ms 271μs 606ns
41dd3d;203;0;227;194;14;51;158.000000;0.000000;0.000000;2999.000000;2999.000000;100.000000;0.000000;0.000000;-nan;        25s 250ms  69μs 320ns;                        -5991238864679221ns
71d35f;80;0;147;113;7;44;45.000000;0.000000;0.000000;2883.000000;2883.000000;100.000000;0.000000;0.000000;-nan;        16s 905ms 938μs 688ns;            410ms 244μs 423ns
71d313;60;0;111;83;6;45;45.000000;45.000000;100.000000;2882.000000;2882.000000;100.000000;0.000000;0.000000;-nan;        14s 361ms 436μs 595ns;                          0ns
71d327;82;0;147;111;7;44;45.000000;0.000000;0.000000;2970.000000;2970.000000;103.376262;0.000000;0.000000;-nan;        16s 543ms 339μs 327ns;                        -576493286973011ns
71d33c;81;0;151;108;7;44;45.000000;0.000000;0.000000;2970.000000;2970.000000;103.196664;0.000000;0.000000;-nan;        16s 821ms 813μs 700ns;                        -576495765057440ns
71d34a;199;0;227;198;14;51;169.000000;0.000000;0.000000;2999.000000;2999.000000;100.000000;0.000000;0.000000;-nan;        24s 110ms 160μs 419ns;                        -5765019982369769ns
71d2d2;47;0;118;77;6;43;0.000000;0.000000;-nan;2972.000000;2972.000000;100.000000;0.000000;0.000000;-nan;        11s 950ms 989μs 754ns;                          0ns
71d2d5;84;0;140;116;7;44;45.000000;0.000000;0.000000;2972.000000;2972.000000;103.481894;0.000000;0.000000;-nan;        16s  51ms 799μs 835ns;                        -576492124106747ns
71d2e3;81;0;144;115;7;44;45.000000;0.000000;0.000000;2971.000000;2971.000000;103.267292;0.000000;0.000000;-nan;        15s 848ms 181μs 372ns;                        -576490824158450ns
71d2f2;78;8;141;113;7;44;45.000000;0.000000;0.000000;2970.000000;2970.000000;103.556485;0.000000;0.000000;-nan;        13s 993ms 562μs 959ns;                        -576488977710029ns
71d303;77;0;117;102;7;44;46.000000;0.000000;0.000000;2972.000000;2972.000000;102.944233;0.000000;0.000000;-nan;        16s 377ms 243μs 244ns;                        -576488812961181ns
11bcc8;75;0;68;75;7;23;25.000000;0.000000;0.000000;1890.000000;1890.000000;100.000000;0.000000;0.000000;-nan;         9s 839ms 316μs 291ns;            454ms 533μs 147ns
11bcdb;74;3;72;69;7;23;25.000000;0.000000;0.000000;1885.000000;1885.000000;100.000000;0.000000;0.000000;-nan;         7s 355ms 710μs 537ns;            493ms 982μs  67ns
11bc81;59;0;68;59;7;23;27.000000;0.000000;0.000000;1888.000000;1888.000000;102.776266;0.000000;0.000000;-nan;         8s 190ms 686μs 839ns;            249ms 997μs 152ns
11bc91;89;0;87;94;8;23;26.000000;0.000000;0.000000;1888.000000;1888.000000;102.832244;0.000000;0.000000;-nan;         9s  56ms 401μs 694ns;            926ms  17μs 728ns
11bca7;54;0;61;59;6;24;25.000000;0.000000;0.000000;1890.000000;1890.000000;100.638978;0.000000;0.000000;-nan;         7s  25ms 844μs 674ns;            414ms 503μs 351ns
11bcba;74;0;77;75;7;24;26.000000;0.000000;0.000000;1890.000000;1890.000000;100.105932;0.000000;0.000000;-nan;         8s 287ms 861μs 944ns;            567ms 801μs 137ns
11bc57;94;0;78;70;7;29;31.000000;0.000000;0.000000;1764.000000;1764.000000;100.056721;0.000000;0.000000;-nan;         9s  34ms  19μs 860ns;            613ms 166μs 579ns
11bc5c;87;0;86;71;8;30;34.000000;0.000000;0.000000;2190.000000;2190.000000;101.718532;0.000000;0.000000;-nan;         9s 204ms 114μs  10ns;                        -2154539154256092ns
11bc67;42;0;57;43;6;24;27.000000;0.000000;0.000000;1890.000000;1890.000000;100.371747;0.000000;0.000000;-nan;         5s 767ms 534μs 851ns;            119ms 486μs 390ns
11bc6e;50;0;62;56;6;23;24.000000;0.000000;0.000000;1880.000000;1880.000000;100.000000;0.000000;0.000000;-nan;         6s  48ms 922μs 379ns;            136ms 819μs  18ns
41add4;84;0;142;114;7;44;45.000000;0.000000;0.000000;2972.000000;2972.000000;102.944233;0.000000;0.000000;-nan;        17s 682ms 427μs  19ns;                        -544545458329403ns
41ade4;75;0;150;107;7;43;44.000000;0.000000;0.000000;2883.000000;2883.000000;100.000000;0.000000;0.000000;-nan;        18s 706ms 387μs 963ns;            261ms 612μs 744ns
41ad84;83;0;143;114;7;44;45.000000;0.000000;0.000000;2882.000000;2882.000000;100.000000;0.000000;0.000000;-nan;        16s 906ms 480μs 329ns;            263ms 482μs 772ns
41ad95;82;0;143;115;7;44;45.000000;0.000000;0.000000;2877.000000;2877.000000;100.000000;0.000000;0.000000;-nan;        17s 877ms 239μs 892ns;            605ms 881μs 246ns
41ada3;102;8;177;137;8;43;45.000000;0.000000;0.000000;2883.000000;2883.000000;100.348068;0.000000;0.000000;-nan;        18s 384ms 998μs 688ns;         1s 306ms 436μs  85ns
41adb1;127;0;127;106;10;51;0.000000;0.000000;-nan;2999.000000;2999.000000;100.000000;0.000000;0.000000;-nan;        21s 710ms  96μs 751ns;                        -2722754917270528ns
41adbd;55;0;116;77;6;44;44.000000;44.000000;100.000000;2878.000000;2878.000000;100.000000;0.000000;0.000000;-nan;        14s 833ms 122μs 333ns;                          0ns
41ad5d;48;0;118;82;6;44;0.000000;0.000000;-nan;2972.000000;2972.000000;100.000000;0.000000;0.000000;-nan;        12s 850ms 796μs 959ns;                          0ns
41ad61;103;0;177;144;8;43;45.000000;0.000000;0.000000;2972.000000;2972.000000;103.481894;0.000000;0.000000;-nan;        19s  17ms 134μs 161ns;                        -1089095108613158ns
41ad72;102;0;188;134;8;43;45.000000;0.000000;0.000000;2883.000000;2883.000000;100.523013;0.000000;0.000000;-nan;        18s 730ms 110μs  57ns;         1s  19ms 631μs 748ns
71a296;79;0;150;111;7;44;45.000000;0.000000;0.000000;2970.000000;2970.000000;103.376262;0.000000;0.000000;-nan;        15s 652ms 897μs 101ns;                        -576363635844599ns
71a2a4;59;0;116;79;6;45;45.000000;45.000000;100.000000;2883.000000;2883.000000;100.000000;0.000000;0.000000;-nan;        14s 265ms 761μs 805ns;                          0ns
71a2b1;84;0;142;114;7;44;45.000000;0.000000;0.000000;2882.000000;2882.000000;100.000000;0.000000;0.000000;-nan;        18s 948ms 144μs 956ns;            262ms  64μs 653ns
71a2c5;102;0;186;136;8;43;45.000000;0.000000;0.000000;2970.000000;2970.000000;103.196664;0.000000;0.000000;-nan;        20s 419ms 366μs 227ns;                        -1152740096743328ns
71a24d;104;0;180;140;8;43;45.000000;0.000000;0.000000;2972.000000;2972.000000;103.302051;0.000000;0.000000;-nan;        19s 635ms 157μs 738ns;                        -1729101971008171ns
71a25a;104;0;176;144;8;43;45.000000;0.000000;0.000000;2972.000000;2972.000000;103.481894;0.000000;0.000000;-nan;        19s 239ms 678μs 946ns;                        -1152733408965377ns
71a267;105;0;179;150;8;44;46.000000;0.000000;0.000000;2883.000000;2883.000000;100.069420;0.000000;0.000000;-nan;        19s 328ms 587μs 685ns;            979ms 482μs 323ns
71a278;104;0;185;145;8;44;46.000000;0.000000;0.000000;2873.000000;2873.000000;100.069662;0.000000;0.000000;-nan;        19s 828ms 606μs 511ns;         1s 696ms 973μs 398ns
71a285;88;114;106;58;10;57;0.000000;0.000000;-nan;2999.000000;2999.000000;100.000000;0.000000;0.000000;-nan;        21s 812ms 762μs  46ns;                        -3458238333282283ns
71a248;46;0;124;78;6;44;0.000000;0.000000;-nan;2972.000000;2972.000000;100.000000;0.000000;0.000000;-nan;        11s  17ms 725μs 365ns;                          0ns
417e08;103;0;181;140;8;43;45.000000;0.000000;0.000000;2883.000000;2883.000000;100.523013;0.000000;0.000000;-nan;        16s 763ms 713μs 306ns;         1s 961ms 159μs 463ns
417e1a;54;0;117;77;6;44;44.000000;44.000000;100.000000;2883.000000;2883.000000;100.000000;0.000000;0.000000;-nan;        13s 251ms  71μs 857ns;                          0ns
417e21;84;0;143;113;7;44;45.000000;0.000000;0.000000;2887.000000;2887.000000;100.000000;0.000000;0.000000;-nan;        16s 513ms 292μs 144ns;            622ms 236μs 257ns
417e2e;43;0;126;79;6;44;44.000000;44.000000;100.000000;2878.000000;2878.000000;100.000000;0.000000;0.000000;-nan;        13s 434ms 431μs 467ns;                          0ns
417dc7;84;3;141;112;7;44;45.000000;0.000000;0.000000;2882.000000;2882.000000;100.000000;0.000000;0.000000;-nan;        15s   1ms 660μs 519ns;            254ms 387μs 933ns
417dd7;84;0;145;111;7;44;45.000000;0.000000;0.000000;2972.000000;2972.000000;103.302051;0.000000;0.000000;-nan;        15s 781ms 278μs 113ns;                        -544441394601371ns
417dec;184;0;219;193;13;50;0.000000;0.000000;-nan;2999.000000;2999.000000;100.000000;0.000000;0.000000;-nan;        22s 859ms 513μs 747ns;                        -5988944347672508ns
417df7;83;0;144;113;7;44;45.000000;0.000000;0.000000;2972.000000;2972.000000;103.481894;0.000000;0.000000;-nan;        15s 436ms 719μs 855ns;                        -1633322985785284ns
417db4;47;0;118;83;6;44;0.000000;0.000000;-nan;2972.000000;2972.000000;100.000000;0.000000;0.000000;-nan;        11s 154ms 284μs   8ns;                          0ns
417db9;81;0;151;108;7;44;45.000000;0.000000;0.000000;2873.000000;2873.000000;100.000000;0.000000;0.000000;-nan;        15s 291ms 320μs 522ns;            614ms 842μs 856ns
717123;60;0;113;81;6;45;45.000000;45.000000;100.000000;2877.000000;2877.000000;100.000000;0.000000;0.000000;-nan;        15s 733ms 986μs 414ns;                          0ns
7170d4;82;0;148;110;7;44;45.000000;0.000000;0.000000;2972.000000;2972.000000;102.944233;0.000000;0.000000;-nan;        17s 640ms 392μs 458ns;                        -576243479336022ns
7170e3;80;0;149;111;7;44;45.000000;0.000000;0.000000;2878.000000;2878.000000;100.000000;0.000000;0.000000;-nan;        17s 743ms 700μs 166ns;            276ms 243μs 565ns
7170fa;82;8;140;110;7;44;45.000000;0.000000;0.000000;2882.000000;2882.000000;100.000000;0.000000;0.000000;-nan;        15s 965ms 149μs  53ns;            639ms 979μs 151ns
717109;79;0;149;112;7;44;45.000000;0.000000;0.000000;2873.000000;2873.000000;100.000000;0.000000;0.000000;-nan;        17s 929ms 738μs 715ns;            516ms 306μs 167ns
71709f;81;1;148;110;7;44;45.000000;0.000000;0.000000;2883.000000;2883.000000;100.000000;0.000000;0.000000;-nan;        14s 160ms 836μs 612ns;            616ms 585μs 772ns
7170b4;115;104;139;96;11;52;155.000000;0.000000;0.000000;2999.000000;2999.000000;100.000000;0.000000;0.000000;-nan;        20s 639ms 937μs 988ns;                        -6338736840874467ns
717079;83;0;141;116;7;44;45.000000;0.000000;0.000000;2972.000000;2972.000000;103.481894;0.000000;0.000000;-nan;        17s 370ms 756μs 201ns;                        -576241581840044ns
71707e;79;0;145;116;7;44;45.000000;0.000000;0.000000;2868.000000;2868.000000;100.000000;0.000000;0.000000;-nan;        17s 229ms 130μs 584ns;            793ms 440μs 191ns
71708c;80;0;140;120;7;44;45.000000;0.000000;0.000000;2882.000000;2882.000000;100.523195;0.000000;0.000000;-nan;        16s 923ms 574μs 182ns;         1s 593ms 841μs  28ns
414e93;81;0;142;117;7;44;45.000000;0.000000;0.000000;2872.000000;2872.000000;100.000000;0.000000;0.000000;-nan;        17s 577ms 604μs 865ns;            258ms  93μs 716ns
414ea3;81;0;143;116;7;44;45.000000;0.000000;0.000000;2887.000000;2887.000000;100.000000;0.000000;0.000000;-nan;        17s 858ms 150μs 833ns;            431ms 640μs 766ns
414e41;80;8;142;110;7;44;45.000000;0.000000;0.000000;2873.000000;2873.000000;100.000000;0.000000;0.000000;-nan;        13s 962ms 751μs 441ns;            537ms 579μs 500ns
414e54;76;2;150;104;7;43;44.000000;0.000000;0.000000;2883.000000;2883.000000;100.000000;0.000000;0.000000;-nan;        14s 269ms 766μs 531ns;            366ms 836μs 531ns
414e66;79;8;147;106;7;44;45.000000;0.000000;0.000000;2878.000000;2878.000000;100.000000;0.000000;0.000000;-nan;        16s 162ms  86μs 334ns;            646ms 914μs 302ns
414e78;80;0;150;110;7;44;45.000000;0.000000;0.000000;2878.000000;2878.000000;100.348675;0.000000;0.000000;-nan;        17s 274ms 799μs 470ns;         1s 175ms 566μs  40ns
414e0f;46;0;118;78;6;43;0.000000;0.000000;-nan;2972.000000;2972.000000;100.000000;0.000000;0.000000;-nan;        13s 226ms 649μs 786ns;                          0ns
414e12;103;0;180;141;8;43;45.000000;0.000000;0.000000;2972.000000;2972.000000;103.122831;0.000000;0.000000;-nan;        18s 181ms 668μs 548ns;                        -2177363199207674ns
414e22;133;0;193;124;12;50;0.000000;0.000000;-nan;2999.000000;2999.000000;100.000000;0.000000;0.000000;-nan;        22s  14ms 425μs 658ns;                        -3810422647050345ns
414e31;80;0;143;117;7;44;45.000000;0.000000;0.000000;2972.000000;2972.000000;103.302051;0.000000;0.000000;-nan;        16s 395ms 776μs 810ns;                        -544338358908077ns
714298;78;0;151;111;7;44;45.000000;0.000000;0.000000;2887.000000;2887.000000;100.522284;0.000000;0.000000;-nan;        16s 501ms 246μs 720ns;            626ms 890μs 780ns
7142a6;82;0;146;112;7;44;45.000000;0.000000;0.000000;2887.000000;2887.000000;100.000000;0.000000;0.000000;-nan;        16s 882ms 110μs 619ns;            385ms  45μs 844ns
7142ba;80;0;150;110;7;44;45.000000;0.000000;0.000000;2878.000000;2878.000000;100.000000;0.000000;0.000000;-nan;        16s 593ms 491μs 818ns;            279ms 306μs 528ns
714255;85;0;139;116;7;44;45.000000;0.000000;0.000000;2882.000000;2882.000000;100.000000;0.000000;0.000000;-nan;        16s 171ms 489μs 769ns;            667ms 545μs 486ns
714266;79;8;144;109;7;44;45.000000;0.000000;0.000000;2970.000000;2970.000000;103.556485;0.000000;0.000000;-nan;        14s 713ms 914μs 485ns;                        -1152229174183625ns
714272;113;0;153;92;11;50;159.000000;0.000000;0.000000;2999.000000;2999.000000;100.000000;0.000000;0.000000;-nan;        20s 415ms 494μs 456ns;                        -2880589087391312ns
714280;56;0;114;84;6;45;45.000000;45.000000;100.000000;2883.000000;2883.000000;100.000000;0.000000;0.000000;-nan;        13s 570ms 121μs 808ns;                          0ns
714232;47;0;118;77;6;43;0.000000;0.000000;-nan;2972.000000;2972.000000;100.000000;0.000000;0.000000;-nan;        12s 817ms  45μs 237ns;                          0ns
714236;79;0;148;113;7;44;45.000000;0.000000;0.000000;2873.000000;2873.000000;100.000000;0.000000;0.000000;-nan;        15s 700ms 804μs 780ns;            354ms 911μs 178ns
714247;84;0;145;111;7;44;45.000000;0.000000;0.000000;2877.000000;2877.000000;100.000000;0.000000;0.000000;-nan;        15s 982ms 881μs 701ns;            246ms 282μs 405ns
1130c2;98;0;84;100;8;24;27.000000;0.000000;0.000000;1885.000000;1885.000000;100.000000;0.000000;0.000000;-nan;         9s 720ms 914μs 999ns;            993ms 318μs 139ns
1130d0;70;0;78;70;7;23;25.000000;0.000000;0.000000;1890.000000;1890.000000;100.105932;0.000000;0.000000;-nan;         9s 542ms 404μs 860ns;         1s 235ms 811μs  55ns
1130df;55;0;60;59;6;24;25.000000;0.000000;0.000000;1890.000000;1890.000000;100.000000;0.000000;0.000000;-nan;         8s 380ms 810μs 694ns;            377ms 407μs 884ns
11308c;82;8;87;93;8;23;26.000000;0.000000;0.000000;1890.000000;1890.000000;100.371747;0.000000;0.000000;-nan;         9s 406ms 674μs 751ns;         1s  77ms 408μs 468ns
11309a;71;0;54;61;6;31;32.000000;0.000000;0.000000;2264.000000;2264.000000;100.088417;0.000000;0.000000;-nan;         8s 775ms 849μs 164ns;            910ms 536μs 931ns
1130ad;74;8;81;81;7;26;28.000000;0.000000;0.000000;1762.000000;1762.000000;100.000000;0.000000;0.000000;-nan;         8s 819ms 401μs 447ns;            744ms 567μs 827ns
11305a;54;0;72;62;6;26;27.000000;0.000000;0.000000;2046.000000;2046.000000;100.000000;0.000000;0.000000;-nan;         7s 547ms 371μs 345ns;            186ms 475μs 632ns
11305f;77;0;83;84;7;26;28.000000;0.000000;0.000000;2046.000000;2046.000000;103.857868;0.000000;0.000000;-nan;         8s 904ms 141μs 628ns;            861ms 153μs 992ns
11306d;92;0;89;89;8;23;26.000000;0.000000;0.000000;1763.000000;1763.000000;100.000000;0.000000;0.000000;-nan;         9s 649ms 807μs 610ns;            862ms 440μs 406ns
113079;53;0;66;55;6;24;25.000000;0.000000;0.000000;1880.000000;1880.000000;100.000000;0.000000;0.000000;-nan;         7s 627ms 861μs 441ns;            146ms 546μs 936ns
411e87;109;106;134;85;11;53;0.000000;0.000000;-nan;2999.000000;2999.000000;100.000000;0.000000;0.000000;-nan;        20s 807ms 645μs 389ns;                        -6530956082352960ns
411e97;75;0;152;105;7;43;44.000000;0.000000;0.000000;2878.000000;2878.000000;100.000000;0.000000;0.000000;-nan;        17s 695ms 653μs 943ns;            242ms 808μs 745ns
411e47;104;0;178;142;8;43;45.000000;0.000000;0.000000;2972.000000;2972.000000;103.122831;0.000000;0.000000;-nan;        18s 359ms 392μs 128ns;                        -1088477295346642ns
411e60;74;8;143;107;7;43;44.000000;0.000000;0.000000;2883.000000;2883.000000;100.000000;0.000000;0.000000;-nan;        14s 840ms 580μs 387ns;            364ms 263μs 106ns
411e72;101;0;182;141;8;43;45.000000;0.000000;0.000000;2878.000000;2878.000000;100.174034;0.000000;0.000000;-nan;        18s 522ms 197μs 603ns;            688ms 542μs 839ns
411e0b;105;0;177;142;8;43;45.000000;0.000000;0.000000;2972.000000;2972.000000;103.302051;0.000000;0.000000;-nan;        17s 964ms 422μs 309ns;                        -1632709091364151ns
411e1d;104;0;180;140;8;43;45.000000;0.000000;0.000000;2883.000000;2883.000000;100.523013;0.000000;0.000000;-nan;        18s 173ms 414μs 575ns;         1s 139ms 649μs 615ns
411e33;82;0;142;116;7;44;45.000000;0.000000;0.000000;2887.000000;2887.000000;100.000000;0.000000;0.000000;-nan;        16s 746ms 619μs 765ns;            428ms 664μs 232ns
411df5;40;0;126;82;6;44;0.000000;0.000000;-nan;2970.000000;2970.000000;100.000000;0.000000;0.000000;-nan;         8s 794ms 338μs 572ns;                          0ns
411dfe;47;0;122;79;6;44;0.000000;0.000000;-nan;2972.000000;2972.000000;100.000000;0.000000;0.000000;-nan;        11s 569ms 586μs 559ns;                          0ns
71139c;81;0;147;112;7;44;45.000000;0.000000;0.000000;2878.000000;2878.000000;100.000000;0.000000;0.000000;-nan;        18s 349ms 559μs 873ns;            557ms 532μs 904ns
7113b0;106;104;111;77;11;52;153.000000;0.000000;0.000000;2999.000000;2999.000000;100.000000;0.000000;0.000000;-nan;        20s 974ms  18μs 907ns;                        -4607980880955571ns
7113c0;80;0;147;113;7;44;45.000000;0.000000;0.000000;2970.000000;2970.000000;103.556485;0.000000;0.000000;-nan;        18s 346ms 950μs 298ns;                        -575995178949583ns
711358;80;1;144;115;7;44;45.000000;0.000000;0.000000;2972.000000;2972.000000;103.302051;0.000000;0.000000;-nan;        17s  71ms  11μs 984ns;                        -1151982786359368ns
711376;83;0;144;113;7;44;45.000000;0.000000;0.000000;2972.000000;2972.000000;102.944233;0.000000;0.000000;-nan;        17s 947ms 517μs 893ns;                        -575993916685789ns
711384;82;0;150;108;7;44;45.000000;0.000000;0.000000;2883.000000;2883.000000;100.000000;0.000000;0.000000;-nan;        18s 117ms 866μs 844ns;            566ms 978μs 879ns
71132d;85;0;141;114;7;44;45.000000;0.000000;0.000000;2867.000000;2867.000000;100.000000;0.000000;0.000000;-nan;        17s 706ms 645μs 588ns;            258ms 415μs 207ns
711343;83;8;140;109;7;44;45.000000;0.000000;0.000000;2872.000000;2872.000000;100.000000;0.000000;0.000000;-nan;        15s  50ms 740μs 709ns;            678ms 778μs  23ns
7112fd;47;1;117;77;6;43;0.000000;0.000000;-nan;2972.000000;2972.000000;100.000000;0.000000;0.000000;-nan;         7s 707ms 951μs 458ns;                          0ns
711306;99;8;173;144;8;43;45.000000;0.000000;0.000000;2972.000000;2972.000000;103.122831;0.000000;0.000000;-nan;        17s 408ms 151μs 321ns;                        -1151980383519974ns
40ec4c;123;0;139;98;10;51;0.000000;0.000000;-nan;2999.000000;2999.000000;100.000000;0.000000;0.000000;-nan;        21s 483ms 486μs 393ns;                        -3264841625250548ns
40ec09;77;0;148;107;7;43;44.000000;0.000000;0.000000;2878.000000;2878.000000;100.000000;0.000000;0.000000;-nan;        16s 781ms 170μs 306ns;            420ms 281μs 644ns
40ec16;84;0;142;114;7;44;45.000000;0.000000;0.000000;2887.000000;2887.000000;100.000000;0.000000;0.000000;-nan;        16s 939ms 329μs 309ns;            640ms  59μs 808ns
40ec27;102;0;182;140;8;43;45.000000;0.000000;0.000000;2883.000000;2883.000000;100.000000;0.000000;0.000000;-nan;        18s 584ms 328μs 252ns;            979ms 998μs 801ns
40ec38;102;8;179;135;8;43;45.000000;0.000000;0.000000;2878.000000;2878.000000;100.174034;0.000000;0.000000;-nan;        17s 877ms 936μs 477ns;            913ms 141μs 993ns
40ebc8;43;0;126;79;6;44;0.000000;0.000000;-nan;2970.000000;2970.000000;100.000000;0.000000;0.000000;-nan;        12s 322ms 959μs 600ns;                          0ns
40ebcb;47;0;119;76;6;43;0.000000;0.000000;-nan;2972.000000;2972.000000;100.000000;0.000000;0.000000;-nan;        10s 328ms 954μs  46ns;                          0ns
40ebd5;75;0;120;101;7;44;46.000000;0.000000;0.000000;2970.000000;2970.000000;103.089205;0.000000;0.000000;-nan;        15s 694ms 823μs 701ns;                        -544128287923102ns
40ebe6;84;0;145;111;7;44;45.000000;0.000000;0.000000;2972.000000;2972.000000;103.302051;0.000000;0.000000;-nan;        15s 987ms 743μs 325ns;                        -544131772982908ns
40ebf7;105;0;175;144;8;43;45.000000;0.000000;0.000000;2972.000000;2972.000000;103.122831;0.000000;0.000000;-nan;        18s 170ms 924μs 523ns;                        -1088271646715847ns
70e151;82;0;147;111;7;44;45.000000;0.000000;0.000000;2883.000000;2883.000000;100.000000;0.000000;0.000000;-nan;        18s 718ms 512μs 905ns;            539ms 462μs 883ns
70e160;79;0;148;113;7;44;45.000000;0.000000;0.000000;2878.000000;2878.000000;100.000000;0.000000;0.000000;-nan;        19s 850ms 164μs 160ns;            373ms 286μs 513ns
70e16a;81;0;149;110;7;44;45.000000;0.000000;0.000000;2873.000000;2873.000000;100.000000;0.000000;0.000000;-nan;        19s 487ms 913μs 643ns;            606ms 487μs 227ns
70e11f;83;0;144;113;7;44;45.000000;0.000000;0.000000;2972.000000;2972.000000;103.481894;0.000000;0.000000;-nan;        18s 497ms  99μs 390ns;                        -1151724838751648ns
70e12f;230;0;271;213;16;51;163.000000;0.000000;0.000000;2999.000000;2999.000000;100.000000;0.000000;0.000000;-nan;        27s 808ms 731μs 173ns;                        -12669216449518262ns
70e141;99;0;186;139;8;43;45.000000;0.000000;0.000000;2970.000000;2970.000000;103.556485;0.000000;0.000000;-nan;        20s       405μs 653ns;                        -1727590547384390ns
70e0e2;56;0;114;78;6;44;0.000000;0.000000;-nan;2972.000000;2972.000000;100.000000;0.000000;0.000000;-nan;        12s 103ms 924μs 286ns;                          0ns
70e0e5;83;0;144;113;7;44;45.000000;0.000000;0.000000;2887.000000;2887.000000;100.000000;0.000000;0.000000;-nan;        17s 445ms 496μs 800ns;            634ms 215μs 289ns
70e0f5;105;1;177;141;8;43;45.000000;0.000000;0.000000;2972.000000;2972.000000;103.122831;0.000000;0.000000;-nan;        17s 714ms 322μs 917ns;                        -2303431853226017ns
70e109;85;0;141;114;7;44;45.000000;0.000000;0.000000;2877.000000;2877.000000;100.000000;0.000000;0.000000;-nan;        18s 919ms 934μs 923ns;            244ms 412μs 673ns
40bb86;81;0;149;110;7;44;45.000000;0.000000;0.000000;2970.000000;2970.000000;103.376262;0.000000;0.000000;-nan;        18s 439ms 440μs 155ns;                        -544011758304421ns
40bb96;73;8;143;108;7;43;44.000000;0.000000;0.000000;2883.000000;2883.000000;100.000000;0.000000;0.000000;-nan;        16s   5ms 748μs 370ns;            400ms 550μs 675ns
40bba8;77;0;147;108;7;43;44.000000;0.000000;0.000000;2878.000000;2878.000000;100.000000;0.000000;0.000000;-nan;        18s 730ms 366μs 781ns;            529ms 951μs 820ns
40bb4b;142;0;159;117;12;52;159.000000;0.000000;0.000000;2999.000000;2999.000000;100.000000;0.000000;0.000000;-nan;        23s 683ms 364μs 655ns;                        -4352138852054827ns
40bb5b;104;0;180;140;8;43;45.000000;0.000000;0.000000;2970.000000;2970.000000;103.556485;0.000000;0.000000;-nan;        19s 516ms 599μs 896ns;                        -544015037715832ns
40bb68;83;0;141;116;7;44;45.000000;0.000000;0.000000;2882.000000;2882.000000;100.000000;0.000000;0.000000;-nan;        17s 676ms 311μs 482ns;            613ms 639μs 510ns
40bb77;80;8;140;112;7;44;45.000000;0.000000;0.000000;2887.000000;2887.000000;100.000000;0.000000;0.000000;-nan;        15s 315ms  84μs 881ns;            366ms  44μs 797ns
40bb29;47;0;119;76;6;43;0.000000;0.000000;-nan;2972.000000;2972.000000;100.000000;0.000000;0.000000;-nan;        12s 728ms 516μs 303ns;                          0ns
40bb2c;106;0;174;144;8;43;45.000000;0.000000;0.000000;2972.000000;2972.000000;103.481894;0.000000;0.000000;-nan;        19s 316ms 305μs 227ns;                        -1088029598707814ns
40bb3b;106;0;178;140;8;43;45.000000;0.000000;0.000000;2972.000000;2972.000000;103.302051;0.000000;0.000000;-nan;        19s  95ms 594μs  70ns;                        -1088022988571442ns
70af8e;104;0;180;140;8;43;45.000000;0.000000;0.000000;2972.000000;2972.000000;102.944233;0.000000;0.000000;-nan;        19s 867ms 224μs 927ns;                        -575736515903660ns
70af97;83;0;146;111;7;44;45.000000;0.000000;0.000000;2972.000000;2972.000000;103.122831;0.000000;0.000000;-nan;        19s 247ms 580μs 934ns;                        -1727202487505225ns
70afa9;80;0;151;109;7;44;45.000000;0.000000;0.000000;2970.000000;2970.000000;103.556485;0.000000;0.000000;-nan;        19s 397ms 740μs 580ns;                        -575734892422283ns
70afb9;78;8;145;109;7;44;45.000000;0.000000;0.000000;2883.000000;2883.000000;100.173732;0.000000;0.000000;-nan;        17s 450ms 362μs 106ns;            676ms 318μs 409ns
70af4f;84;0;142;114;7;44;45.000000;0.000000;0.000000;2972.000000;2972.000000;103.302051;0.000000;0.000000;-nan;        17s 372ms 295μs 958ns;                        -1727187815213460ns
70af60;81;0;146;113;7;44;45.000000;0.000000;0.000000;2873.000000;2873.000000;100.000000;0.000000;0.000000;-nan;        18s 380ms 967μs 318ns;            603ms 696μs 540ns
70af73;218;68;292;194;16;49;151.000000;0.000000;0.000000;2999.000000;2999.000000;100.000000;0.000000;0.000000;-nan;        25s 935ms 120μs  89ns;                        -18423600549603052ns
70af86;80;0;149;111;7;44;45.000000;0.000000;0.000000;2883.000000;2883.000000;100.000000;0.000000;0.000000;-nan;        18s 190ms 323μs 801ns;            294ms 862μs 285ns
70af3d;47;0;119;76;6;43;0.000000;0.000000;-nan;2972.000000;2972.000000;100.000000;0.000000;0.000000;-nan;        14s  61ms 368μs 843ns;                          0ns
70af41;84;0;143;113;7;44;45.000000;0.000000;0.000000;2972.000000;2972.000000;103.481894;0.000000;0.000000;-nan;        17s 702ms   5μs 547ns;                        -575730036511774ns
10a55c;74;0;73;79;7;24;26.000000;0.000000;0.000000;1890.000000;1890.000000;107.325383;0.000000;0.000000;-nan;         7s 998ms  95μs 766ns;            696ms 525μs 542ns
10a56f;72;0;76;78;7;24;26.000000;0.000000;0.000000;1890.000000;1890.000000;100.000000;0.000000;0.000000;-nan;         8s 114ms 961μs 209ns;            671ms  26μs 937ns
10a509;59;0;66;55;6;25;26.000000;0.000000;0.000000;1880.000000;1880.000000;100.000000;0.000000;0.000000;-nan;         6s 914ms 388μs 881ns;            158ms 614μs 264ns
10a517;53;0;65;56;6;24;25.000000;0.000000;0.000000;1883.000000;1883.000000;100.000000;0.000000;0.000000;-nan;         6s 773ms 790μs 434ns;            289ms 319μs 275ns
10a524;69;8;75;74;7;24;26.000000;0.000000;0.000000;1890.000000;1890.000000;100.265252;0.000000;0.000000;-nan;         7s 778ms 482μs 507ns;            496ms 564μs 585ns
10a53e;84;0;96;90;8;23;26.000000;0.000000;0.000000;1890.000000;1890.000000;100.105932;0.000000;0.000000;-nan;         8s 210ms 291μs 461ns;         1s 347ms 252μs 761ns
10a4dd;48;0;64;56;6;23;24.000000;0.000000;0.000000;1763.000000;1763.000000;100.000000;0.000000;0.000000;-nan;         4s 499ms  38μs 835ns;            175ms 611μs 510ns
10a4e0;61;0;66;61;6;26;27.000000;0.000000;0.000000;1760.000000;1760.000000;100.000000;0.000000;0.000000;-nan;         6s 984ms 717μs 491ns;            172ms 803μs 581ns
10a4f3;57;0;62;61;6;25;26.000000;0.000000;0.000000;1834.000000;1834.000000;100.000000;0.000000;0.000000;-nan;         6s 652ms 835μs  91ns;            127ms 165μs 317ns
10a4ff;55;1;63;55;6;24;25.000000;0.000000;0.000000;1890.000000;1890.000000;100.638978;0.000000;0.000000;-nan;         6s 193ms 677μs 288ns;            333ms 346μs 345ns
408c07;82;0;141;117;7;44;45.000000;0.000000;0.000000;2882.000000;2882.000000;100.000000;0.000000;0.000000;-nan;        18s  74ms 833μs 676ns;            247ms 194μs 995ns
408bcd;84;0;142;114;7;44;45.000000;0.000000;0.000000;2972.000000;2972.000000;103.481894;0.000000;0.000000;-nan;        17s 898ms 835μs 823ns;                        -543905274189037ns
408be7;76;0;147;109;7;43;44.000000;0.000000;0.000000;2878.000000;2878.000000;100.000000;0.000000;0.000000;-nan;        17s 492ms 487μs 394ns;            420ms 389μs 309ns
408b81;173;0;216;123;14;53;163.000000;0.000000;0.000000;2999.000000;2999.000000;100.000000;0.000000;0.000000;-nan;        24s  90ms 251μs 433ns;                        -9790448656774599ns
408b9c;80;0;147;113;7;44;45.000000;0.000000;0.000000;2873.000000;2873.000000;100.000000;0.000000;0.000000;-nan;        17s   9ms 134μs 305ns;            587ms 588μs 347ns
408baa;76;0;147;109;7;43;44.000000;0.000000;0.000000;2883.000000;2883.000000;100.000000;0.000000;0.000000;-nan;        17s 415ms 467μs  80ns;            600ms 394μs 674ns
408bbb;79;8;137;116;7;44;45.000000;0.000000;0.000000;2887.000000;2887.000000;100.000000;0.000000;0.000000;-nan;        16s 765ms 481μs 662ns;            373ms 194μs  98ns
408b4e;47;0;119;82;6;44;0.000000;0.000000;-nan;2972.000000;2972.000000;100.000000;0.000000;0.000000;-nan;        12s 276ms 698μs 198ns;                          0ns
408b53;106;2;177;139;8;43;45.000000;0.000000;0.000000;2972.000000;2972.000000;103.302051;0.000000;0.000000;-nan;        17s 147ms 762μs 751ns;                        -1631703650582686ns
408b63;71;0;105;84;6;46;46.000000;46.000000;100.000000;2886.000000;2886.000000;100.000000;0.000000;0.000000;-nan;        12s 794ms 286μs 898ns;                          0ns
707fce;81;0;148;111;7;44;45.000000;0.000000;0.000000;2970.000000;2970.000000;103.196664;0.000000;0.000000;-nan;        17s 521ms 158μs 374ns;                        -575607906282005ns
707ff7;169;0;208;149;13;51;152.000000;0.000000;0.000000;2999.000000;2999.000000;100.000000;0.000000;0.000000;-nan;        23s 905ms 161μs 421ns;                        -8634206099236390ns
708003;80;0;149;111;7;44;45.000000;0.000000;0.000000;2883.000000;2883.000000;100.000000;0.000000;0.000000;-nan;        17s 397ms 301μs 243ns;            257ms 114μs 328ns
707f94;107;0;179;138;8;43;45.000000;0.000000;0.000000;2972.000000;2972.000000;103.481894;0.000000;0.000000;-nan;        18s  54ms 338μs 707ns;                        -2302424330836949ns
707fa1;79;0;152;109;7;44;45.000000;0.000000;0.000000;2873.000000;2873.000000;100.000000;0.000000;0.000000;-nan;        17s 128ms 274μs 467ns;            391ms 306μs 904ns
707fb2;76;21;133;110;7;44;45.000000;0.000000;0.000000;2887.000000;2887.000000;100.000000;0.000000;0.000000;-nan;        10s 247ms 122μs 305ns;            266ms 339μs 580ns
707f5f;56;0;116;76;6;44;0.000000;0.000000;-nan;2972.000000;2972.000000;100.000000;0.000000;0.000000;-nan;        12s  61ms 261μs 394ns;                          0ns
707f62;48;0;121;79;6;44;0.000000;0.000000;-nan;2971.000000;2971.000000;100.000000;0.000000;0.000000;-nan;        11s 822ms 174μs 580ns;                          0ns
707f69;85;0;140;115;7;44;45.000000;0.000000;0.000000;2882.000000;2882.000000;100.000000;0.000000;0.000000;-nan;        17s   2ms 426μs 622ns;            569ms 192μs 506ns
707f82;85;0;144;111;7;44;45.000000;0.000000;0.000000;2877.000000;2877.000000;100.000000;0.000000;0.000000;-nan;        16s  71ms  95μs 531ns;            346ms  37μs 859ns
405b0b;82;0;145;113;7;44;45.000000;0.000000;0.000000;2872.000000;2872.000000;100.000000;0.000000;0.000000;-nan;        18s 250ms 171μs 837ns;            377ms 926μs 798ns
405ad7;82;0;142;116;7;44;45.000000;0.000000;0.000000;2887.000000;2887.000000;100.000000;0.000000;0.000000;-nan;        17s 908ms 840μs 677ns;            404ms 874μs 807ns
405ae4;83;0;144;113;7;44;45.000000;0.000000;0.000000;2882.000000;2882.000000;100.000000;0.000000;0.000000;-nan;        17s 433ms  34μs 127ns;            536ms 523μs 470ns
405af6;77;0;150;105;7;43;44.000000;0.000000;0.000000;2883.000000;2883.000000;100.000000;0.000000;0.000000;-nan;        17s 618ms 698μs 897ns;            312ms 318μs 593ns
405a8e;103;0;187;134;8;43;45.000000;0.000000;0.000000;2883.000000;2883.000000;100.348068;0.000000;0.000000;-nan;        18s 429ms 521μs 797ns;            933ms 447μs 157ns
405a99;76;19;139;106;7;44;45.000000;0.000000;0.000000;2868.000000;2868.000000;100.000000;0.000000;0.000000;-nan;        10s 804ms 336μs 126ns;            515ms 166μs 194ns
405aa9;77;0;148;107;7;43;44.000000;0.000000;0.000000;2878.000000;2878.000000;100.000000;0.000000;0.000000;-nan;        17s  92ms 221μs 296ns;            607ms  16μs 453ns
405a64;47;0;119;82;6;44;0.000000;0.000000;-nan;2972.000000;2972.000000;100.000000;0.000000;0.000000;-nan;        11s 776ms 303μs 567ns;                          0ns
405a69;84;0;142;114;7;44;45.000000;0.000000;0.000000;2972.000000;2972.000000;103.302051;0.000000;0.000000;-nan;        16s 416ms 407μs 242ns;                        -543796701956441ns
405a7c;203;0;233;188;14;51;160.000000;0.000000;0.000000;2999.000000;2999.000000;100.000000;0.000000;0.000000;-nan;        24s 958ms 749μs 591ns;                        -7613306399743143ns
704dd4;269;0;221;228;16;53;166.000000;0.000000;0.000000;2999.000000;2999.000000;100.000000;0.000000;0.000000;-nan;        28s 356ms 666μs 402ns;                        -26472311828543265ns
704de8;58;0;113;83;6;45;45.000000;45.000000;100.000000;2873.000000;2873.000000;100.000000;0.000000;0.000000;-nan;        15s 212ms 244μs 965ns;                          0ns
704df7;83;0;146;111;7;44;45.000000;0.000000;0.000000;2971.000000;2971.000000;102.909595;0.000000;0.000000;-nan;        17s 685ms 717μs 615ns;                        -575473629673078ns
704da3;103;0;188;143;8;44;46.000000;0.000000;0.000000;2868.000000;2868.000000;100.000000;0.000000;0.000000;-nan;        18s 667ms  16μs 778ns;         1s 393ms 384μs  94ns
704db8;80;0;146;114;7;44;45.000000;0.000000;0.000000;2878.000000;2878.000000;100.000000;0.000000;0.000000;-nan;        17s 935ms 349μs 693ns;            533ms 300μs 955ns
704d51;104;0;176;144;8;43;45.000000;0.000000;0.000000;2972.000000;2972.000000;103.481894;0.000000;0.000000;-nan;        18s 506ms  31μs 710ns;                        -1150949510994974ns
704d66;81;0;151;108;7;44;45.000000;0.000000;0.000000;2883.000000;2883.000000;100.000000;0.000000;0.000000;-nan;        16s 229ms 829μs 385ns;            673ms  31μs 652ns
704d77;83;3;139;115;7;44;45.000000;0.000000;0.000000;2972.000000;2972.000000;103.122831;0.000000;0.000000;-nan;        14s 542ms 887μs 635ns;                        -575468051179478ns
704d88;82;1;147;110;7;44;45.000000;0.000000;0.000000;2972.000000;2972.000000;103.302051;0.000000;0.000000;-nan;        16s   6ms  29μs 496ns;                        -1150940363519785ns
704d4c;47;0;120;81;6;44;0.000000;0.000000;-nan;2972.000000;2972.000000;100.000000;0.000000;0.000000;-nan;        12s 828ms 344μs 214ns;                          0ns
4028ce;85;0;141;114;7;44;45.000000;0.000000;0.000000;2872.000000;2872.000000;100.000000;0.000000;0.000000;-nan;        17s 615ms 309μs 665ns;            337ms 401μs  47ns
402891;55;0;116;77;6;44;44.000000;44.000000;100.000000;2883.000000;2883.000000;100.000000;0.000000;0.000000;-nan;        14s  53ms 853μs 638ns;                          0ns
40289f;85;0;141;114;7;44;45.000000;0.000000;0.000000;2972.000000;2972.000000;103.122831;0.000000;0.000000;-nan;        17s 209ms 570μs  18ns;                        -543697217777845ns
4028bf;55;1;113;79;6;44;44.000000;44.000000;100.000000;2878.000000;2878.000000;100.000000;0.000000;0.000000;-nan;        12s 190ms 269μs 223ns;                          0ns
402852;101;8;176;139;8;43;45.000000;0.000000;0.000000;2883.000000;2883.000000;100.348068;0.000000;0.000000;-nan;        17s 387ms 314μs  26ns;         1s 179ms 855μs 915ns
40287b;104;0;180;140;8;43;45.000000;0.000000;0.000000;2883.000000;2883.000000;100.523013;0.000000;0.000000;-nan;        17s 852ms 592μs  32ns;         1s 288ms  85μs 639ns
402814;84;0;142;114;7;44;45.000000;0.000000;0.000000;2887.000000;2887.000000;100.000000;0.000000;0.000000;-nan;        16s 273ms 143μs 768ns;            621ms 878μs 477ns
402833;179;0;234;175;13;53;157.000000;0.000000;0.000000;2999.000000;2999.000000;100.000000;0.000000;0.000000;-nan;        23s 770ms 422μs 101ns;                        -5437021884740400ns
4027df;42;16;107;83;6;44;0.000000;0.000000;-nan;2972.000000;2972.000000;100.000000;0.000000;0.000000;-nan;         4s  14ms 917μs 536ns;                          0ns
4027e4;77;0;118;101;7;44;46.000000;0.000000;0.000000;2972.000000;2972.000000;103.302051;0.000000;0.000000;-nan;        13s 995ms 989μs 633ns;                        -543688992013030ns
701b8d;58;0;115;81;6;45;45.000000;45.000000;100.000000;2883.000000;2883.000000;100.000000;0.000000;0.000000;-nan;        14s 764ms 929μs 261ns;                          0ns
701b9b;83;2;140;115;7;44;45.000000;0.000000;0.000000;2972.000000;2972.000000;103.481894;0.000000;0.000000;-nan;        15s 619ms 988μs 911ns;                        -1150686321804026ns
701baa;79;0;147;114;7;44;45.000000;0.000000;0.000000;2873.000000;2873.000000;100.000000;0.000000;0.000000;-nan;        18s   5ms 733μs  20ns;            363ms 728μs 280ns
701b51;103;0;176;145;8;43;45.000000;0.000000;0.000000;2972.000000;2972.000000;103.302051;0.000000;0.000000;-nan;        18s 194ms 732μs  36ns;                        -2301386841692617ns
701b5d;138;106;133;87;13;53;162.000000;0.000000;0.000000;2999.000000;2999.000000;100.000000;0.000000;0.000000;-nan;        22s 735ms 254μs 338ns;                        -7479597479152564ns
701b6c;103;0;181;140;8;43;45.000000;0.000000;0.000000;2970.000000;2970.000000;103.196664;0.000000;0.000000;-nan;        18s 375ms  88μs 735ns;                        -1726044975382617ns
701b7b;85;0;141;114;7;44;45.000000;0.000000;0.000000;2887.000000;2887.000000;100.000000;0.000000;0.000000;-nan;        16s 759ms 283μs 627ns;         1s 146ms  84μs 711ns
701b26;47;0;123;78;6;44;0.000000;0.000000;-nan;2972.000000;2972.000000;100.000000;0.000000;0.000000;-nan;        12s 559ms 249μs  35ns;                          0ns
701b2b;82;0;145;113;7;44;45.000000;0.000000;0.000000;2972.000000;2972.000000;103.122831;0.000000;0.000000;-nan;        15s 860ms 454μs 298ns;                        -575343258945249ns
701b3c;75;0;122;99;7;44;46.000000;0.000000;0.000000;2970.000000;2970.000000;103.089205;0.000000;0.000000;-nan;        16s  34ms 317μs  36ns;                        -575340489510532ns
101ac5;70;0;59;71;6;28;29.000000;0.000000;0.000000;2049.000000;2049.000000;100.097704;0.000000;0.000000;-nan;         7s 780ms 513μs 674ns;            342ms 769μs 960ns
101ad3;67;0;76;75;7;23;25.000000;0.000000;0.000000;1888.000000;1888.000000;100.000000;0.000000;0.000000;-nan;         8s   9ms 161μs 540ns;            597ms 935μs 344ns
101ade;69;0;76;73;7;23;25.000000;0.000000;0.000000;1890.000000;1890.000000;107.325383;0.000000;0.000000;-nan;         7s 927ms 877μs 238ns;            404ms 699μs 325ns
101aee;48;8;57;55;6;23;24.000000;0.000000;0.000000;1890.000000;1890.000000;100.000000;0.000000;0.000000;-nan;         6s   9ms 556μs 433ns;            207ms 196μs 486ns
101a81;60;0;66;62;6;26;27.000000;0.000000;0.000000;1881.000000;1881.000000;100.000000;0.000000;0.000000;-nan;         7s 575ms 447μs 654ns;            129ms 253μs 338ns
101a9a;48;0;64;56;6;23;24.000000;0.000000;0.000000;1763.000000;1763.000000;100.000000;0.000000;0.000000;-nan;         6s 763ms 147μs 659ns;            202ms 761μs 703ns
101aac;50;0;65;53;6;23;24.000000;0.000000;0.000000;1880.000000;1880.000000;100.000000;0.000000;0.000000;-nan;         7s 104ms 369μs 312ns;            126ms 164μs 700ns
101a4c;75;0;72;79;7;24;26.000000;0.000000;0.000000;1890.000000;1890.000000;100.638978;0.000000;0.000000;-nan;         7s 614ms 909μs 533ns;            901ms  46μs 590ns
101a51;90;3;86;91;8;23;26.000000;0.000000;0.000000;1890.000000;1890.000000;100.371747;0.000000;0.000000;-nan;         7s 879ms 435μs 986ns;         1s 137ms 606μs 440ns
101a64;49;0;63;56;6;23;24.000000;0.000000;0.000000;1885.000000;1885.000000;100.000000;0.000000;0.000000;-nan;         6s 101ms 526μs 238ns;            129ms  52μs 754ns
3ff7c6;81;0;148;111;7;44;45.000000;0.000000;0.000000;2882.000000;2882.000000;100.000000;0.000000;0.000000;-nan;        16s 369ms 578μs 484ns;            252ms 955μs 108ns
3ff7d3;73;8;148;103;7;43;44.000000;0.000000;0.000000;2883.000000;2883.000000;100.000000;0.000000;0.000000;-nan;        13s 817ms 818μs 497ns;            379ms 860μs  19ns
3ff7df;103;8;169;144;8;43;45.000000;0.000000;0.000000;2972.000000;2972.000000;102.944233;0.000000;0.000000;-nan;        16s 765ms 356μs 360ns;                        -1087181235682118ns
3ff7f7;43;0;128;77;6;44;44.000000;44.000000;100.000000;2878.000000;2878.000000;100.000000;0.000000;0.000000;-nan;        13s 514ms 590μs 900ns;                          0ns
3ff794;104;0;180;140;8;43;45.000000;0.000000;0.000000;2883.000000;2883.000000;100.348068;0.000000;0.000000;-nan;        17s 354ms 124μs 538ns;         1s 225ms 650μs 283ns
3ff7a4;104;0;182;138;8;43;45.000000;0.000000;0.000000;2972.000000;2972.000000;103.302051;0.000000;0.000000;-nan;        17s 211ms 897μs 454ns;                        -1087183568393716ns
3ff7b1;178;0;224;154;14;49;157.000000;0.000000;0.000000;2999.000000;2999.000000;100.000000;0.000000;0.000000;-nan;        23s  45ms 459μs 153ns;                        -5979582552118740ns
3ff770;43;0;123;76;6;43;0.000000;0.000000;-nan;2970.000000;2970.000000;100.000000;0.000000;0.000000;-nan;        12s 103ms  72μs  43ns;                          0ns
3ff774;47;0;119;82;6;44;0.000000;0.000000;-nan;2972.000000;2972.000000;100.000000;0.000000;0.000000;-nan;        11s 961ms 689μs 990ns;                          0ns
3ff77e;97;0;160;123;8;43;46.000000;0.000000;0.000000;2878.000000;2878.000000;99.895869;0.000000;0.000000;-nan;        16s 844ms 644μs 580ns;            958ms 713μs 317ns
6fe895;81;0;146;113;7;44;45.000000;0.000000;0.000000;2873.000000;2873.000000;100.000000;0.000000;0.000000;-nan;        19s 364ms 439μs 605ns;            425ms 673μs 692ns
6fe857;81;0;148;111;7;44;45.000000;0.000000;0.000000;2970.000000;2970.000000;103.556485;0.000000;0.000000;-nan;        18s 603ms 546μs 449ns;                        -1150442445638202ns
6fe866;161;0;188;123;13;54;162.000000;0.000000;0.000000;2999.000000;2999.000000;100.000000;0.000000;0.000000;-nan;        24s 393ms 924μs 418ns;                        -6902736428785165ns
6fe888;76;8;145;111;7;44;45.000000;0.000000;0.000000;2972.000000;2972.000000;102.944233;0.000000;0.000000;-nan;        17s 620ms 465μs 509ns;                        -1150437110114800ns
6fe812;80;0;147;113;7;44;45.000000;0.000000;0.000000;2883.000000;2883.000000;100.000000;0.000000;0.000000;-nan;        18s 143ms 417μs  80ns;            669ms 750μs 815ns
6fe824;100;8;177;139;8;43;45.000000;0.000000;0.000000;2972.000000;2972.000000;103.122831;0.000000;0.000000;-nan;        18s 412ms 824μs  76ns;                        -1725651900855211ns
6fe835;83;8;136;113;7;44;45.000000;0.000000;0.000000;2972.000000;2972.000000;103.481894;0.000000;0.000000;-nan;        16s 700ms 613μs 564ns;                        -575217092317859ns
6fe84a;101;8;176;139;8;43;45.000000;0.000000;0.000000;2970.000000;2970.000000;103.196664;0.000000;0.000000;-nan;        18s 641ms 996μs 801ns;                        -575221576979572ns
6fe7fd;54;0;111;83;6;44;0.000000;0.000000;-nan;2972.000000;2972.000000;100.000000;0.000000;0.000000;-nan;        14s  91ms 388μs 179ns;                          0ns
6fe801;81;0;142;117;7;44;45.000000;0.000000;0.000000;2972.000000;2972.000000;103.302051;0.000000;0.000000;-nan;        17s 940ms 203μs 707ns;                        -1150437462081768ns
3fc7cc;104;0;178;142;8;43;45.000000;0.000000;0.000000;2972.000000;2972.000000;102.944233;0.000000;0.000000;-nan;        18s 624ms 940μs 835ns;                        -1086985294188872ns
3fc782;84;0;143;113;7;44;45.000000;0.000000;0.000000;2882.000000;2882.000000;100.000000;0.000000;0.000000;-nan;        16s 326ms 280μs 804ns;            582ms 253μs 186ns
3fc790;158;0;230;166;11;51;0.000000;0.000000;-nan;2999.000000;2999.000000;100.000000;0.000000;0.000000;-nan;        22s 751ms 683μs 808ns;                        -8695949499565515ns
3fc7a1;102;0;186;136;8;43;45.000000;0.000000;0.000000;2878.000000;2878.000000;100.174034;0.000000;0.000000;-nan;        18s 160ms 308μs  50ns;            985ms 425μs 134ns
3fc7b7;56;0;114;78;6;44;44.000000;44.000000;100.000000;2878.000000;2878.000000;100.000000;0.000000;0.000000;-nan;        13s 982ms 277μs 761ns;                          0ns
3fc759;107;3;180;144;8;44;46.000000;0.000000;0.000000;2883.000000;2883.000000;100.069420;0.000000;0.000000;-nan;        17s  71ms 163μs 210ns;         1s 479ms 166μs 645ns
3fc767;84;0;140;116;7;44;45.000000;0.000000;0.000000;2882.000000;2882.000000;100.173792;0.000000;0.000000;-nan;        16s  89ms 705μs 672ns;            990ms 631μs 698ns
3fc72f;43;0;126;79;6;44;0.000000;0.000000;-nan;2970.000000;2970.000000;100.000000;0.000000;0.000000;-nan;        10s 500ms  42μs 167ns;                          0ns
3fc734;47;0;118;77;6;43;0.000000;0.000000;-nan;2972.000000;2972.000000;100.000000;0.000000;0.000000;-nan;        11s 402ms 732μs 776ns;                          0ns
3fc73e;77;0;151;104;7;43;44.000000;0.000000;0.000000;2883.000000;2883.000000;100.000000;0.000000;0.000000;-nan;        15s 752ms 665μs 853ns;            241ms 364μs 141ns
6fb790;191;0;216;159;14;52;165.000000;0.000000;0.000000;2999.000000;2999.000000;100.000000;0.000000;0.000000;-nan;        24s 888ms 991μs 366ns;                        -7476282742004343ns
6fb7ab;58;0;113;83;6;45;45.000000;45.000000;100.000000;2883.000000;2883.000000;100.000000;0.000000;0.000000;-nan;        15s 487ms  96μs 990ns;                          0ns
6fb750;82;0;142;116;7;44;45.000000;0.000000;0.000000;2972.000000;2972.000000;102.944233;0.000000;0.000000;-nan;        16s  21ms 151μs 692ns;                        -2300355023640123ns
6fb762;80;0;149;111;7;44;45.000000;0.000000;0.000000;2970.000000;2970.000000;103.556485;0.000000;0.000000;-nan;        16s 259ms 140μs 764ns;                        -575088763206130ns
6fb770;80;0;150;110;7;44;45.000000;0.000000;0.000000;2873.000000;2873.000000;100.000000;0.000000;0.000000;-nan;        17s 901ms 933μs 822ns;            252ms 683μs 878ns
6fb77f;101;0;184;139;8;43;45.000000;0.000000;0.000000;2970.000000;2970.000000;103.196664;0.000000;0.000000;-nan;        18s 719ms 170μs  46ns;                        -1150188154437778ns
6fb720;55;0;112;81;6;44;0.000000;0.000000;-nan;2972.000000;2972.000000;100.000000;0.000000;0.000000;-nan;        11s 793ms 481μs 807ns;                          0ns
6fb725;81;0;140;119;7;44;45.000000;0.000000;0.000000;2887.000000;2887.000000;100.522284;0.000000;0.000000;-nan;        16s 517ms 645μs 595ns;         1s 744ms 927μs  91ns
6fb734;81;0;145;114;7;44;45.000000;0.000000;0.000000;2972.000000;2972.000000;103.302051;0.000000;0.000000;-nan;        15s 844ms 957μs 762ns;                        -1150174391372312ns
6fb743;106;0;174;144;8;43;45.000000;0.000000;0.000000;2972.000000;2972.000000;103.662365;0.000000;0.000000;-nan;        18s 988ms 528μs 447ns;                        -1725276812979414ns
3f9785;82;0;147;111;7;44;45.000000;0.000000;0.000000;2887.000000;2887.000000;100.000000;0.000000;0.000000;-nan;        17s 260ms 977μs 555ns;            273ms 281μs 770ns
3f9753;153;106;152;115;13;52;160.000000;0.000000;0.000000;2999.000000;2999.000000;100.000000;0.000000;0.000000;-nan;        23s 229ms 652μs 448ns;                        -6520704880153902ns
3f9768;106;0;176;142;8;43;45.000000;0.000000;0.000000;2972.000000;2972.000000;103.662365;0.000000;0.000000;-nan;        18s 115ms 408μs  37ns;                        -2716924840340497ns
3f9776;78;8;145;109;7;44;45.000000;0.000000;0.000000;2883.000000;2883.000000;100.000000;0.000000;0.000000;-nan;        16s  85ms 533μs 203ns;            625ms 805μs 677ns
3f9707;75;8;142;107;7;43;44.000000;0.000000;0.000000;2878.000000;2878.000000;100.000000;0.000000;0.000000;-nan;        14s 348ms 816μs 654ns;            568ms 146μs 413ns
3f9734;103;0;181;140;8;43;45.000000;0.000000;0.000000;2970.000000;2970.000000;103.376262;0.000000;0.000000;-nan;        18s 361ms 160μs  59ns;                        -1086776879616915ns
3f973d;81;0;150;109;7;44;45.000000;0.000000;0.000000;2970.000000;2970.000000;103.556485;0.000000;0.000000;-nan;        16s 459ms 403μs 799ns;                        -543382624306355ns
3f96e0;43;0;123;76;6;43;0.000000;0.000000;-nan;2970.000000;2970.000000;100.000000;0.000000;0.000000;-nan;        12s 893ms 183μs 620ns;                          0ns
3f96e4;48;0;119;75;6;43;0.000000;0.000000;-nan;2972.000000;2972.000000;100.000000;0.000000;0.000000;-nan;        12s 693ms 308μs 960ns;                          0ns
3f96ee;98;20;166;140;8;43;45.000000;0.000000;0.000000;2972.000000;2972.000000;103.481894;0.000000;0.000000;-nan;        14s 537ms 992μs 407ns;                        -543380254215746ns
f93c4;53;0;62;59;6;24;25.000000;0.000000;0.000000;1890.000000;1890.000000;100.000000;0.000000;0.000000;-nan;         7s 604ms 324μs 838ns;            392ms 836μs 260ns
f9385;69;0;79;70;7;23;25.000000;0.000000;0.000000;1890.000000;1890.000000;100.371747;0.000000;0.000000;-nan;         7s 822ms 911μs 562ns;            598ms 983μs 986ns
f9394;48;0;65;55;6;23;24.000000;0.000000;0.000000;1888.000000;1888.000000;100.000000;0.000000;0.000000;-nan;         7s 130ms 874μs 311ns;            414ms 406μs 199ns
f93ae;75;0;72;79;7;24;26.000000;0.000000;0.000000;1890.000000;1890.000000;100.531915;0.000000;0.000000;-nan;         7s 885ms 863μs 207ns;            980ms 883μs 911ns
f9347;61;8;59;60;6;26;27.000000;0.000000;0.000000;1760.000000;1760.000000;100.000000;0.000000;0.000000;-nan;         5s 921ms 615μs 905ns;            395ms 659μs 107ns
f9353;61;0;63;56;6;25;26.000000;0.000000;0.000000;1761.000000;1761.000000;100.000000;0.000000;0.000000;-nan;         6s 836ms  22μs 356ns;            205ms 223μs 689ns
f9362;58;0;68;62;6;26;27.000000;0.000000;0.000000;1878.000000;1878.000000;100.000000;0.000000;0.000000;-nan;         7s   7ms  80μs 669ns;            288ms 593μs 439ns
f931b;69;0;74;75;7;23;25.000000;0.000000;0.000000;1890.000000;1890.000000;100.265252;0.000000;0.000000;-nan;         6s 899ms 608μs 415ns;            409ms  65μs 809ns
f9320;53;0;62;59;6;24;25.000000;0.000000;0.000000;1724.000000;1724.000000;100.000000;0.000000;0.000000;-nan;         6s 506ms 146μs  67ns;            339ms 249μs 820ns
f9337;70;0;79;69;7;23;25.000000;0.000000;0.000000;1763.000000;1763.000000;100.000000;0.000000;0.000000;-nan;         7s 713ms 824μs  86ns;            440ms 206μs  80ns
6f831b;90;86;143;105;8;43;45.000000;0.000000;0.000000;2970.000000;2970.000000;103.376262;0.000000;0.000000;-nan;        20s  73ms 500μs 250ns;                        -1149929709495619ns
6f82d1;81;0;146;113;7;44;45.000000;0.000000;0.000000;2972.000000;2972.000000;102.944233;0.000000;0.000000;-nan;        17s 437ms 835μs 934ns;                        -1724878197027711ns
6f82e9;233;0;263;248;12;51;0.000000;0.000000;-nan;2999.000000;2999.000000;100.000000;0.000000;0.000000;-nan;        26s  65ms  51μs 107ns;                        -11499396753476523ns
6f82f2;80;0;147;113;7;44;45.000000;0.000000;0.000000;2883.000000;2883.000000;100.000000;0.000000;0.000000;-nan;        17s 937ms 498μs 908ns;            527ms  45μs 284ns
6f8309;81;0;152;107;7;44;45.000000;0.000000;0.000000;2970.000000;2970.000000;103.196664;0.000000;0.000000;-nan;        18s 123ms   7μs 351ns;                        -574961230969482ns
6f8291;82;0;142;116;7;44;45.000000;0.000000;0.000000;2972.000000;2972.000000;103.302051;0.000000;0.000000;-nan;        16s 960ms 500μs  34ns;                        -2299832588424755ns
6f82a1;82;0;142;116;7;44;45.000000;0.000000;0.000000;2972.000000;2972.000000;103.481894;0.000000;0.000000;-nan;        17s 249ms 659μs 573ns;                        -1724876094240932ns
6f82b3;80;0;147;113;7;44;45.000000;0.000000;0.000000;2970.000000;2970.000000;103.556485;0.000000;0.000000;-nan;        16s 816ms 493μs 539ns;                        -574956907783176ns
6f82c2;102;3;179;140;8;43;45.000000;0.000000;0.000000;2972.000000;2972.000000;103.122831;0.000000;0.000000;-nan;        17s 733ms  88μs 891ns;                        -2299825627803809ns
6f828c;44;0;121;83;6;44;0.000000;0.000000;-nan;2972.000000;2972.000000;100.000000;0.000000;0.000000;-nan;        11s 821ms 401μs  56ns;                          0ns
3f678e;174;0;196;136;14;51;160.000000;0.000000;0.000000;2999.000000;2999.000000;100.000000;0.000000;0.000000;-nan;        24s 187ms 892μs 388ns;                        -8692593850770308ns
3f6749;82;0;148;110;7;44;45.000000;0.000000;0.000000;2970.000000;2970.000000;103.376262;0.000000;0.000000;-nan;        17s 860ms 584μs 707ns;                        -543279269603795ns
3f6762;83;0;146;111;7;44;45.000000;0.000000;0.000000;2878.000000;2878.000000;100.000000;0.000000;0.000000;-nan;        18s 197ms 125μs 821ns;            792ms 405μs 873ns
3f677c;82;0;145;113;7;44;45.000000;0.000000;0.000000;2883.000000;2883.000000;100.000000;0.000000;0.000000;-nan;        18s   1ms 316μs 716ns;            419ms 381μs 715ns
3f6715;85;0;144;111;7;44;45.000000;0.000000;0.000000;2877.000000;2877.000000;100.000000;0.000000;0.000000;-nan;        16s 974ms 722μs 108ns;            588ms  48μs 714ns
3f6727;85;0;148;115;7;45;46.000000;0.000000;0.000000;2881.000000;2881.000000;100.000000;0.000000;0.000000;-nan;        16s 661ms 976μs 922ns;            402ms 580μs 160ns
3f6736;90;0;153;101;7;47;48.000000;0.000000;0.000000;2939.000000;2939.000000;100.000000;0.000000;0.000000;-nan;        17s 392ms 238μs  44ns;            448ms 110μs 874ns
3f66e9;43;1;125;79;6;44;0.000000;0.000000;-nan;2970.000000;2970.000000;100.000000;0.000000;0.000000;-nan;         8s 827ms 931μs 376ns;                          0ns
3f66ec;77;8;141;106;7;43;0.000000;0.000000;-nan;2972.000000;2972.000000;100.000000;0.000000;0.000000;-nan;        14s 528ms 459μs 534ns;                        -543274177701815ns
3f66f1;82;0;148;110;7;44;45.000000;0.000000;0.000000;2887.000000;2887.000000;100.000000;0.000000;0.000000;-nan;        17s 652ms  34μs  90ns;            737ms 131μs  49ns
6f515b;81;0;151;108;7;44;45.000000;0.000000;0.000000;2878.000000;2878.000000;100.000000;0.000000;0.000000;-nan;        18s 646ms 333μs 972ns;            638ms 709μs 814ns
6f5124;226;0;239;215;15;51;165.000000;0.000000;0.000000;2999.000000;2999.000000;100.000000;0.000000;0.000000;-nan;        26s 204ms 382μs 267ns;                        -9772284515363248ns
6f5137;82;0;148;110;7;44;45.000000;0.000000;0.000000;2883.000000;2883.000000;100.000000;0.000000;0.000000;-nan;        17s 611ms 490μs 905ns;            689ms 867μs 252ns
6f514c;79;0;152;109;7;44;45.000000;0.000000;0.000000;2873.000000;2873.000000;100.000000;0.000000;0.000000;-nan;        18s 478ms 461μs 453ns;            399ms 217μs 760ns
6f50d7;106;0;180;138;8;43;45.000000;0.000000;0.000000;2972.000000;2972.000000;103.481894;0.000000;0.000000;-nan;        19s 427ms 187μs 570ns;                        -1149664949028938ns
6f50de;102;2;181;139;8;43;45.000000;0.000000;0.000000;2972.000000;2972.000000;103.122831;0.000000;0.000000;-nan;        18s 208ms 609μs 538ns;                        -1149660078644036ns
6f50f0;77;0;117;102;7;44;46.000000;0.000000;0.000000;2972.000000;2972.000000;103.302051;0.000000;0.000000;-nan;        17s 813ms 742μs 137ns;                        -574827285092666ns
6f5108;105;2;185;142;8;44;46.000000;0.000000;0.000000;2868.000000;2868.000000;100.000000;0.000000;0.000000;-nan;        18s 694ms 457μs 668ns;            953ms  47μs 774ns
6f50bd;47;0;119;82;6;44;0.000000;0.000000;-nan;2972.000000;2972.000000;100.000000;0.000000;0.000000;-nan;         7s 926ms 431μs 131ns;                          0ns
6f50c2;60;8;104;82;6;45;45.000000;45.000000;100.000000;2887.000000;2887.000000;100.000000;0.000000;0.000000;-nan;         8s 802ms 568μs  79ns;                          0ns
3f350a;55;0;113;80;6;44;44.000000;44.000000;100.000000;2883.000000;2883.000000;100.000000;0.000000;0.000000;-nan;        16s 514ms  63μs 461ns;                          0ns
3f34c4;101;8;175;140;8;43;45.000000;0.000000;0.000000;2970.000000;2970.000000;103.376262;0.000000;0.000000;-nan;        18s 326ms 379μs 844ns;                        -1086339414395306ns
3f34d9;244;0;247;221;16;51;164.000000;0.000000;0.000000;2999.000000;2999.000000;100.000000;0.000000;0.000000;-nan;        27s 200ms 794μs 771ns;                        -17381810952936884ns
3f34f8;102;2;182;138;8;43;45.000000;0.000000;0.000000;2970.000000;2970.000000;103.556485;0.000000;0.000000;-nan;        18s 748ms 187μs 788ns;                        -1086340470510792ns
3f3482;105;3;175;141;8;43;45.000000;0.000000;0.000000;2972.000000;2972.000000;102.944233;0.000000;0.000000;-nan;        18s 152ms 663μs 179ns;                        -543171099739220ns
3f3496;103;0;182;139;8;43;45.000000;0.000000;0.000000;2970.000000;2970.000000;103.196664;0.000000;0.000000;-nan;        19s 331ms 853μs 954ns;                        -1086346940494434ns
3f34b4;104;0;179;141;8;43;45.000000;0.000000;0.000000;2972.000000;2972.000000;103.302051;0.000000;0.000000;-nan;        19s 132ms 802μs 509ns;                        -2172685156287125ns
3f345a;42;0;125;75;6;43;0.000000;0.000000;-nan;2970.000000;2970.000000;100.000000;0.000000;0.000000;-nan;        13s 899ms 739μs 319ns;                          0ns
3f345f;47;0;118;83;6;44;0.000000;0.000000;-nan;2972.000000;2972.000000;100.000000;0.000000;0.000000;-nan;        12s 460ms 268μs 924ns;                          0ns
3f346c;84;0;146;110;7;44;45.000000;0.000000;0.000000;2972.000000;2972.000000;103.122831;0.000000;0.000000;-nan;        16s 783ms 211μs 644ns;                        -1629508052839785ns
6f20d0;82;0;150;108;7;44;45.000000;0.000000;0.000000;2970.000000;2970.000000;103.017690;0.000000;0.000000;-nan;        18s 696ms 399μs 355ns;                        -574704011897796ns
6f20e3;101;0;178;145;8;43;45.000000;0.000000;0.000000;2972.000000;2972.000000;102.944233;0.000000;0.000000;-nan;        20s 596ms 423μs 603ns;                        -2873533368161116ns
6f20f5;78;2;143;117;7;44;45.000000;0.000000;0.000000;2972.000000;2972.000000;103.302051;0.000000;0.000000;-nan;        16s 668ms  35μs  33ns;                        -574700837722120ns
6f2095;97;0;94;67;9;52;0.000000;0.000000;-nan;2999.000000;2999.000000;100.000000;0.000000;0.000000;-nan;        22s 399ms  31μs 619ns;                        -1724107851026450ns
6f20a4;104;0;176;144;8;43;45.000000;0.000000;0.000000;2972.000000;2972.000000;103.481894;0.000000;0.000000;-nan;        20s 238ms 400μs 972ns;                        -2298819188720142ns
6f20b4;81;0;149;110;7;44;45.000000;0.000000;0.000000;2868.000000;2868.000000;100.000000;0.000000;0.000000;-nan;        18s 916ms 818μs  58ns;            731ms  63μs  58ns
6f20c0;78;0;154;108;7;44;45.000000;0.000000;0.000000;2878.000000;2878.000000;100.000000;0.000000;0.000000;-nan;        19s 715ms 138μs 511ns;            649ms 171μs 513ns
6f206e;75;0;146;111;7;43;0.000000;0.000000;-nan;2972.000000;2972.000000;100.000000;0.000000;0.000000;-nan;        17s 670ms  63μs  93ns;                        -574702384648312ns
6f2071;83;0;146;111;7;44;45.000000;0.000000;0.000000;2972.000000;2972.000000;103.122831;0.000000;0.000000;-nan;        17s 907ms  83μs 535ns;                        -1149405442791114ns
6f2083;105;0;179;150;8;44;46.000000;0.000000;0.000000;2873.000000;2873.000000;100.000000;0.000000;0.000000;-nan;        20s  88ms 411μs 955ns;         1s 468ms 596μs 792ns
f0890;55;0;60;59;6;24;25.000000;0.000000;0.000000;1763.000000;1763.000000;100.000000;0.000000;0.000000;-nan;         7s 525ms  92μs 556ns;            285ms 844μs 921ns
f08b0;73;0;74;79;7;24;26.000000;0.000000;0.000000;1890.000000;1890.000000;107.325383;0.000000;0.000000;-nan;         9s  13ms 858μs 149ns;         1s  40ms 729μs 753ns
f08bd;70;0;73;75;7;23;25.000000;0.000000;0.000000;1890.000000;1890.000000;100.000000;0.000000;0.000000;-nan;         8s 913ms 215μs 909ns;            500ms 554μs 823ns
f084f;92;0;83;95;8;23;26.000000;0.000000;0.000000;1883.000000;1883.000000;100.000000;0.000000;0.000000;-nan;         9s 218ms 119μs 982ns;            991ms 187μs 615ns
f086a;87;8;86;89;8;23;26.000000;0.000000;0.000000;1890.000000;1890.000000;100.265252;0.000000;0.000000;-nan;         9s 111ms 413μs 569ns;         1s 181ms 643μs 617ns
f0878;54;0;62;58;6;24;25.000000;0.000000;0.000000;1890.000000;1890.000000;100.105932;0.000000;0.000000;-nan;         7s  96ms 195μs 732ns;            262ms 280μs  94ns
f081c;75;0;79;72;7;24;26.000000;0.000000;0.000000;1878.000000;1878.000000;100.000000;0.000000;0.000000;-nan;         8s 309ms 436μs 312ns;            769ms  19μs 247ns
f0821;53;0;62;59;6;24;25.000000;0.000000;0.000000;1890.000000;1890.000000;107.386364;0.000000;0.000000;-nan;         6s 979ms  71μs 825ns;            325ms 758μs 658ns
f0830;48;0;67;53;6;23;24.000000;0.000000;0.000000;1880.000000;1880.000000;100.000000;0.000000;0.000000;-nan;         6s 865ms 831μs 431ns;            125ms 421μs  60ns
f083d;97;8;79;92;8;26;29.000000;0.000000;0.000000;2046.000000;2046.000000;99.951148;0.000000;0.000000;-nan;         8s 898ms 593μs 246ns;         1s  22ms 765μs 469ns
3f0347;55;0;113;80;6;44;44.000000;44.000000;100.000000;2883.000000;2883.000000;100.000000;0.000000;0.000000;-nan;        16s 714ms   6μs 944ns;                          0ns
3f0352;80;8;137;115;7;44;45.000000;0.000000;0.000000;2972.000000;2972.000000;103.122831;0.000000;0.000000;-nan;        17s 268ms  60μs 787ns;                        -543060752397515ns
3f0363;80;8;140;112;7;44;45.000000;0.000000;0.000000;2970.000000;2970.000000;103.376262;0.000000;0.000000;-nan;        17s 424ms 973μs 821ns;                        -543061998463197ns
3f0305;105;0;175;144;8;43;45.000000;0.000000;0.000000;2972.000000;2972.000000;103.481894;0.000000;0.000000;-nan;        19s 431ms 223μs 326ns;                        -543069239819583ns
3f0321;105;0;180;139;8;43;45.000000;0.000000;0.000000;2972.000000;2972.000000;103.302051;0.000000;0.000000;-nan;        19s 763ms  14μs 108ns;                        -2172263857127955ns
3f0336;203;0;237;164;15;50;162.000000;0.000000;0.000000;2999.000000;2999.000000;100.000000;0.000000;0.000000;-nan;        26s 317ms 451μs 988ns;                        -7603007110860304ns
3f02cd;78;0;143;111;7;43;0.000000;0.000000;-nan;2972.000000;2972.000000;100.000000;0.000000;0.000000;-nan;        15s  84ms 646μs 144ns;                        -543058395999083ns
3f02d0;84;0;140;116;7;44;45.000000;0.000000;0.000000;2972.000000;2972.000000;102.944233;0.000000;0.000000;-nan;        17s 702ms 733μs 718ns;                        -543062626505750ns
3f02e7;79;8;143;110;7;44;45.000000;0.000000;0.000000;2868.000000;2868.000000;100.000000;0.000000;0.000000;-nan;        16s 531ms 783μs 527ns;            403ms 937μs 930ns
3f02f6;81;1;147;111;7;44;45.000000;0.000000;0.000000;2970.000000;2970.000000;103.196664;0.000000;0.000000;-nan;        17s   2ms 699μs 393ns;                        -543060231630084ns
6ef0de;75;0;126;95;7;44;46.000000;0.000000;0.000000;2970.000000;2970.000000;103.376262;0.000000;0.000000;-nan;        17s 831ms 115μs 620ns;                        -574573795394097ns
6ef0ec;79;0;151;110;7;44;45.000000;0.000000;0.000000;2970.000000;2970.000000;103.196664;0.000000;0.000000;-nan;        18s 226ms 631μs 795ns;                        -1149160321192604ns
6ef091;80;0;148;112;7;44;45.000000;0.000000;0.000000;2883.000000;2883.000000;100.000000;0.000000;0.000000;-nan;        17s 438ms  81μs 712ns;            568ms 646μs 437ns
6ef0a2;81;2;141;116;7;44;45.000000;0.000000;0.000000;2972.000000;2972.000000;103.481894;0.000000;0.000000;-nan;        15s 427ms 618μs 694ns;                        -1149148240534035ns
6ef0b3;80;0;145;115;7;44;45.000000;0.000000;0.000000;2868.000000;2868.000000;100.000000;0.000000;0.000000;-nan;        16s 324ms 382μs 444ns;            660ms 841μs 191ns
6ef0cc;148;0;161;121;12;54;163.000000;0.000000;0.000000;2999.000000;2999.000000;100.000000;0.000000;0.000000;-nan;        23s 650ms 113μs  29ns;                        -5745849393062281ns
6ef059;54;0;111;83;6;44;0.000000;0.000000;-nan;2972.000000;2972.000000;100.000000;0.000000;0.000000;-nan;        12s 887ms 620μs 479ns;                          0ns
6ef05d;104;0;180;140;8;43;45.000000;0.000000;0.000000;2972.000000;2972.000000;103.122831;0.000000;0.000000;-nan;        18s 416ms 810μs 936ns;                        -1149157209910506ns
6ef06f;102;0;179;143;8;43;45.000000;0.000000;0.000000;2972.000000;2972.000000;102.944233;0.000000;0.000000;-nan;        18s 665ms 825μs 529ns;                        -2298313651069486ns
6ef084;80;0;142;118;7;44;45.000000;0.000000;0.000000;2877.000000;2877.000000;100.000000;0.000000;0.000000;-nan;        17s 661ms 196μs 879ns;            377ms 606μs 837ns
3ed186;188;0;219;159;14;52;162.000000;0.000000;0.000000;2999.000000;2999.000000;100.000000;0.000000;0.000000;-nan;        26s 560ms 268μs  84ns;                        -7058540534914797ns
3ed198;84;0;142;114;7;44;45.000000;0.000000;0.000000;2972.000000;2972.000000;103.122831;0.000000;0.000000;-nan;        19s 513ms 101μs 900ns;                        -1085913746421312ns
3ed1a7;77;0;146;109;7;43;44.000000;0.000000;0.000000;2883.000000;2883.000000;100.000000;0.000000;0.000000;-nan;        19s  73ms 909μs 458ns;            662ms 317μs  58ns
3ed1b4;55;0;116;77;6;44;44.000000;44.000000;100.000000;2878.000000;2878.000000;100.000000;0.000000;0.000000;-nan;        16s 501ms 682μs  76ns;                          0ns
3ed144;96;0;151;107;7;46;47.000000;0.000000;0.000000;2884.000000;2884.000000;100.000000;0.000000;0.000000;-nan;        18s 868ms 435μs 286ns;            811ms 669μs 452ns
3ed154;106;0;178;140;8;43;45.000000;0.000000;0.000000;2972.000000;2972.000000;103.302051;0.000000;0.000000;-nan;        20s 124ms 623μs 271ns;                        -1085910281726224ns
3ed165;104;0;176;144;8;43;45.000000;0.000000;0.000000;2972.000000;2972.000000;102.944233;0.000000;0.000000;-nan;        20s 518ms 353μs 892ns;                        -1085911510597408ns
3ed176;82;0;145;113;7;44;45.000000;0.000000;0.000000;2873.000000;2873.000000;100.000000;0.000000;0.000000;-nan;        19s 204ms  92μs 597ns;            645ms  89μs 881ns
3ed12e;56;0;108;84;6;44;0.000000;0.000000;-nan;2972.000000;2972.000000;100.000000;0.000000;0.000000;-nan;        13s 709ms 460μs 360ns;                          0ns
3ed133;116;0;180;146;8;45;47.000000;0.000000;0.000000;2869.000000;2869.000000;100.000000;0.000000;0.000000;-nan;        20s 724ms  23μs 826ns;         1s 293ms 193μs 104ns
6ebf90;82;0;148;110;7;44;45.000000;0.000000;0.000000;2873.000000;2873.000000;100.000000;0.000000;0.000000;-nan;        17s 656ms 979μs  93ns;            668ms 602μs 378ns
6ebfa0;79;0;153;108;7;44;45.000000;0.000000;0.000000;2970.000000;2970.000000;103.196664;0.000000;0.000000;-nan;        17s 808ms  33μs 561ns;                        -1148900077827640ns
6ebfad;59;0;114;81;6;45;45.000000;45.000000;100.000000;2883.000000;2883.000000;100.000000;0.000000;0.000000;-nan;        15s 547ms 137μs 551ns;                          0ns
6ebf50;218;0;254;206;15;52;163.000000;0.000000;0.000000;2999.000000;2999.000000;100.000000;0.000000;0.000000;-nan;        26s 178ms 815μs 948ns;                        -9765792414741746ns
6ebf62;82;0;144;114;7;44;45.000000;0.000000;0.000000;2867.000000;2867.000000;100.000000;0.000000;0.000000;-nan;        15s 944ms 969μs 123ns;            617ms  44μs 379ns
6ebf71;104;0;175;145;8;43;45.000000;0.000000;0.000000;2972.000000;2972.000000;102.944233;0.000000;0.000000;-nan;        18s 477ms 697μs 793ns;                        -1148899499882863ns
6ebf7f;81;0;147;112;7;44;45.000000;0.000000;0.000000;2868.000000;2868.000000;100.000000;0.000000;0.000000;-nan;        17s 124ms 605μs 345ns;            299ms 188μs 227ns
6ebf2c;56;0;111;81;6;44;0.000000;0.000000;-nan;2972.000000;2972.000000;100.000000;0.000000;0.000000;-nan;        11s 240ms 715μs 947ns;                          0ns
6ebf30;96;0;154;130;8;43;46.000000;0.000000;0.000000;2972.000000;2972.000000;103.122831;0.000000;0.000000;-nan;        18s 690ms  34μs 906ns;                        -1148896664241603ns
6ebf42;85;0;141;114;7;44;45.000000;0.000000;0.000000;2972.000000;2972.000000;103.302051;0.000000;0.000000;-nan;        17s 496ms 285μs 592ns;                        -1723346005035319ns
3e9fd0;100;8;181;135;8;43;45.000000;0.000000;0.000000;2878.000000;2878.000000;100.174034;0.000000;0.000000;-nan;        20s 883ms 379μs 712ns;            900ms 646μs 862ns
3e9fe5;74;8;142;108;7;43;44.000000;0.000000;0.000000;2883.000000;2883.000000;100.000000;0.000000;0.000000;-nan;        18s 251ms 847μs 447ns;            333ms  27μs 134ns
3e9ff4;76;0;152;104;7;43;44.000000;0.000000;0.000000;2878.000000;2878.000000;100.000000;0.000000;0.000000;-nan;        20s 696ms 350μs 629ns;            275ms 398μs 229ns
3e9f96;83;0;146;111;7;44;45.000000;0.000000;0.000000;2868.000000;2868.000000;100.000000;0.000000;0.000000;-nan;        19s 265ms 707μs 130ns;            570ms 566μs 392ns
3e9fa8;105;0;175;144;8;43;45.000000;0.000000;0.000000;2972.000000;2972.000000;103.302051;0.000000;0.000000;-nan;        21s 373ms 407μs 432ns;                        -2171404414121594ns
3e9fbb;85;0;141;114;7;44;45.000000;0.000000;0.000000;2972.000000;2972.000000;103.662365;0.000000;0.000000;-nan;        19s 464ms 859μs   1ns;                        -1085698123314102ns
3e9f4a;159;0;181;124;13;53;166.000000;0.000000;0.000000;2999.000000;2999.000000;100.000000;0.000000;0.000000;-nan;        26s 218ms 387μs 831ns;                        -6514283668807318ns
3e9f79;106;0;174;144;8;43;45.000000;0.000000;0.000000;2972.000000;2972.000000;103.122831;0.000000;0.000000;-nan;        21s 210ms   2μs 532ns;                        -2171396214217218ns
3e9f34;78;0;142;112;7;43;0.000000;0.000000;-nan;2972.000000;2972.000000;100.000000;0.000000;0.000000;-nan;        18s 515ms 853μs 203ns;                        -542847081948385ns
3e9f39;98;20;164;142;8;43;45.000000;0.000000;0.000000;2972.000000;2972.000000;102.944233;0.000000;0.000000;-nan;        17s 640ms 244μs 124ns;                        -2171368702346180ns
6e8e17;82;0;147;111;7;44;45.000000;0.000000;0.000000;2883.000000;2883.000000;100.000000;0.000000;0.000000;-nan;        18s 496ms 873μs  52ns;            431ms  47μs 794ns
6e8e27;104;0;176;144;8;43;45.000000;0.000000;0.000000;2972.000000;2972.000000;102.944233;0.000000;0.000000;-nan;        19s 894ms 710μs 557ns;                        -1148646743220546ns
6e8dd5;82;0;145;113;7;44;45.000000;0.000000;0.000000;2972.000000;2972.000000;103.481894;0.000000;0.000000;-nan;        17s 453ms 680μs 808ns;                        -1722958515452941ns
6e8dec;100;1;187;136;8;43;45.000000;0.000000;0.000000;2970.000000;2970.000000;103.556485;0.000000;0.000000;-nan;        18s 432ms 931μs 822ns;                        -1722955909999185ns
6e8df8;199;0;230;195;13;57;168.000000;0.000000;0.000000;2999.000000;2999.000000;100.000000;0.000000;0.000000;-nan;        25s 845ms  95μs 608ns;                        -5168932997611322ns
6e8e09;77;0;152;111;7;44;45.000000;0.000000;0.000000;2878.000000;2878.000000;100.000000;0.000000;0.000000;-nan;        18s 191ms 516μs 383ns;            403ms 700μs 671ns
6e8da1;47;0;118;83;6;44;0.000000;0.000000;-nan;2972.000000;2972.000000;100.000000;0.000000;0.000000;-nan;        13s 302ms 157μs 271ns;                          0ns
6e8da5;84;0;140;116;7;44;45.000000;0.000000;0.000000;2972.000000;2972.000000;103.302051;0.000000;0.000000;-nan;        17s   7ms 959μs 828ns;                        -1148635885766774ns
6e8db5;82;0;145;113;7;44;45.000000;0.000000;0.000000;2972.000000;2972.000000;103.122831;0.000000;0.000000;-nan;        17s 322ms 340μs 539ns;                        -1148637690728938ns
6e8dc5;81;0;149;110;7;44;45.000000;0.000000;0.000000;2970.000000;2970.000000;103.376262;0.000000;0.000000;-nan;        14s 379ms 232μs 822ns;                        -1148630419697514ns
e7e43;60;0;68;66;6;27;28.000000;0.000000;0.000000;2150.000000;2150.000000;100.000000;0.000000;0.000000;-nan;         8s  36ms 818μs 523ns;            231ms 118μs 290ns
e7e51;83;0;88;81;7;27;29.000000;0.000000;0.000000;1881.000000;1881.000000;100.000000;0.000000;0.000000;-nan;         9s 639ms 439μs 424ns;            670ms 258μs 322ns
e7e67;47;0;65;56;6;23;24.000000;0.000000;0.000000;1890.000000;1890.000000;100.000000;0.000000;0.000000;-nan;         7s 462ms 318μs 607ns;            152ms  31μs 730ns
e7e76;55;3;59;57;6;24;25.000000;0.000000;0.000000;1888.000000;1888.000000;100.000000;0.000000;0.000000;-nan;         6s 443ms 970μs 168ns;            303ms 277μs 352ns
e7e07;87;0;77;88;7;27;29.000000;0.000000;0.000000;2152.000000;2152.000000;105.129458;0.000000;0.000000;-nan;         8s 920ms 711μs 132ns;         1s 342ms 342μs 498ns
e7e19;54;0;67;53;6;24;25.000000;0.000000;0.000000;1883.000000;1883.000000;100.000000;0.000000;0.000000;-nan;         7s 101ms 275μs 308ns;            331ms 251μs 683ns
e7e38;77;0;83;84;7;26;28.000000;0.000000;0.000000;2047.000000;2047.000000;104.120041;0.000000;0.000000;-nan;         9s 142ms 159μs 883ns;            643ms 233μs 535ns
e7deb;108;0;86;94;8;32;35.000000;0.000000;0.000000;2409.000000;2409.000000;100.000000;0.000000;0.000000;-nan;         9s 906ms 311μs 776ns;         1s 964ms 943μs 256ns
e7def;64;0;68;68;6;28;29.000000;0.000000;0.000000;2186.000000;2186.000000;100.000000;0.000000;0.000000;-nan;         7s   9ms 136μs 727ns;                        -538414799944967ns
e7df9;84;0;77;91;7;27;29.000000;0.000000;0.000000;2048.000000;2048.000000;100.195695;0.000000;0.000000;-nan;         8s 994ms 753μs 390ns;         1s  44ms 110μs 630ns
3e6e84;55;0;115;78;6;44;44.000000;44.000000;100.000000;2883.000000;2883.000000;100.000000;0.000000;0.000000;-nan;        14s 777ms 426μs 440ns;                          0ns
3e6e96;77;0;150;105;7;43;44.000000;0.000000;0.000000;2878.000000;2878.000000;100.000000;0.000000;0.000000;-nan;        18s 386ms 135μs 173ns;            243ms 324μs 322ns
3e6e4a;86;0;140;114;7;44;45.000000;0.000000;0.000000;2867.000000;2867.000000;100.000000;0.000000;0.000000;-nan;        17s  82ms 982μs 351ns;            809ms 825μs 975ns
3e6e56;88;0;161;113;8;41;44.000000;0.000000;0.000000;2855.000000;2855.000000;99.964986;0.000000;0.000000;-nan;        19s 172ms 681μs 425ns;            964ms  93μs 169ns
3e6e5f;103;0;183;138;8;43;45.000000;0.000000;0.000000;2883.000000;2883.000000;100.348068;0.000000;0.000000;-nan;        19s 375ms 605μs 770ns;         1s 159ms 807μs 660ns
3e6e6f;104;0;180;140;8;43;45.000000;0.000000;0.000000;2878.000000;2878.000000;100.348675;0.000000;0.000000;-nan;        19s 472ms 580μs 788ns;         1s 318ms 151μs  38ns
3e6e15;48;0;121;79;6;44;0.000000;0.000000;-nan;2972.000000;2972.000000;100.000000;0.000000;0.000000;-nan;        11s 276ms 107μs 303ns;                          0ns
3e6e1a;85;0;141;114;7;44;45.000000;0.000000;0.000000;2972.000000;2972.000000;103.302051;0.000000;0.000000;-nan;        16s 741ms 995μs 938ns;                        -1628220670793397ns
3e6e2b;107;0;173;144;8;43;45.000000;0.000000;0.000000;2972.000000;2972.000000;103.122831;0.000000;0.000000;-nan;        18s 569ms 463μs 328ns;                        -2170960975158814ns
3e6e3b;166;104;194;128;13;50;149.000000;0.000000;0.000000;2999.000000;2999.000000;100.000000;0.000000;0.000000;-nan;        24s 620ms 201μs 973ns;                        -7598522856132864ns
6e5e1e;78;0;150;112;7;44;45.000000;0.000000;0.000000;2878.000000;2878.000000;100.000000;0.000000;0.000000;-nan;        18s 458ms 351μs 949ns;            268ms 107μs 980ns
6e5e25;101;0;183;140;8;43;45.000000;0.000000;0.000000;2970.000000;2970.000000;103.017690;0.000000;0.000000;-nan;        20s 159ms 669μs 313ns;                        -574200186703290ns
6e5e32;83;0;141;116;7;44;45.000000;0.000000;0.000000;2972.000000;2972.000000;102.944233;0.000000;0.000000;-nan;        18s 979ms 639μs 792ns;                        -574196891362257ns
6e5e4b;104;0;181;139;8;43;45.000000;0.000000;0.000000;2972.000000;2972.000000;103.302051;0.000000;0.000000;-nan;        20s 339ms 812μs 851ns;                        -1148402663734174ns
6e5dd5;83;0;144;113;7;44;45.000000;0.000000;0.000000;2867.000000;2867.000000;100.000000;0.000000;0.000000;-nan;        18s 100ms 331μs 339ns;            638ms 426μs 515ns
6e5de6;102;0;182;140;8;43;45.000000;0.000000;0.000000;2970.000000;2970.000000;103.556485;0.000000;0.000000;-nan;        19s 849ms 671μs 756ns;                        -1148394363598034ns
6e5df5;82;8;138;111;7;44;45.000000;0.000000;0.000000;2972.000000;2972.000000;103.122831;0.000000;0.000000;-nan;        17s 312ms 824μs 559ns;                        -574192610941219ns
6e5e05;74;0;123;99;7;44;46.000000;0.000000;0.000000;2883.000000;2883.000000;100.348068;0.000000;0.000000;-nan;        18s 701ms 546μs  39ns;            392ms 390μs 163ns
6e5dc4;56;0;111;81;6;44;0.000000;0.000000;-nan;2972.000000;2972.000000;100.000000;0.000000;0.000000;-nan;        12s 606ms 971μs  32ns;                          0ns
6e5dc9;80;0;144;116;7;44;45.000000;0.000000;0.000000;2972.000000;2972.000000;103.481894;0.000000;0.000000;-nan;        18s 339ms 286μs 931ns;                        -574195548965872ns
3e3e86;80;0;146;114;7;44;45.000000;0.000000;0.000000;2873.000000;2873.000000;100.000000;0.000000;0.000000;-nan;        17s 434ms 653μs 170ns;            346ms 412μs 669ns
3e3e9b;54;0;119;75;6;44;44.000000;44.000000;100.000000;2883.000000;2883.000000;100.000000;0.000000;0.000000;-nan;        14s 883ms 739μs 752ns;                          0ns
3e3ead;77;0;146;109;7;43;44.000000;0.000000;0.000000;2878.000000;2878.000000;100.000000;0.000000;0.000000;-nan;        17s 642ms 948μs 228ns;            513ms 811μs 315ns
3e3e41;84;0;142;114;7;44;45.000000;0.000000;0.000000;2972.000000;2972.000000;103.662365;0.000000;0.000000;-nan;        17s  87ms 408μs 643ns;                        -542636898134655ns
3e3e52;104;0;181;139;8;43;45.000000;0.000000;0.000000;2883.000000;2883.000000;100.523013;0.000000;0.000000;-nan;        17s 928ms 515μs   6ns;            858ms 638μs 560ns
3e3e67;84;0;145;111;7;44;45.000000;0.000000;0.000000;2972.000000;2972.000000;102.944233;0.000000;0.000000;-nan;        17s 171ms 834μs 804ns;                        -542637982905766ns
3e3e18;188;0;213;187;13;53;158.000000;0.000000;0.000000;2999.000000;2999.000000;100.000000;0.000000;0.000000;-nan;        23s 955ms  64μs 598ns;                        -5426453216484229ns
3e3e2b;84;0;148;108;7;44;45.000000;0.000000;0.000000;2972.000000;2972.000000;103.481894;0.000000;0.000000;-nan;        16s 737ms 543μs 571ns;                        -1627910298606003ns
3e3de8;42;16;109;75;6;43;0.000000;0.000000;-nan;2972.000000;2972.000000;100.000000;0.000000;0.000000;-nan;         4s 386ms 775μs 473ns;                          0ns
3e3ded;85;0;146;117;7;45;46.000000;0.000000;0.000000;2885.000000;2885.000000;100.000000;0.000000;0.000000;-nan;        15s 993ms 931μs  19ns;            709ms 555μs 511ns
6e2d90;108;0;172;154;8;44;46.000000;0.000000;0.000000;2972.000000;2972.000000;103.662365;0.000000;0.000000;-nan;        21s 759ms  77μs 301ns;                        -574077117398801ns
6e2d9c;83;0;146;111;7;44;45.000000;0.000000;0.000000;2972.000000;2972.000000;103.122831;0.000000;0.000000;-nan;        18s   9ms 288μs  82ns;                        -1148144021114015ns
6e2db0;80;3;147;110;7;44;45.000000;0.000000;0.000000;2883.000000;2883.000000;100.000000;0.000000;0.000000;-nan;        17s 320ms 752μs 170ns;            337ms 866μs 471ns
6e2dc2;81;0;142;117;7;44;45.000000;0.000000;0.000000;2887.000000;2887.000000;100.000000;0.000000;0.000000;-nan;        20s 404ms 392μs 799ns;            322ms  62μs 739ns
6e2d6f;101;0;183;140;8;43;45.000000;0.000000;0.000000;2970.000000;2970.000000;103.196664;0.000000;0.000000;-nan;        20s 611ms 671μs 859ns;                        -1148151164885219ns
6e2d7e;117;0;168;127;9;51;0.000000;0.000000;-nan;2999.000000;2999.000000;100.000000;0.000000;0.000000;-nan;        22s 154ms 764μs 783ns;                        -2296289139277775ns
6e2d22;47;0;123;78;6;44;0.000000;0.000000;-nan;2972.000000;2972.000000;100.000000;0.000000;0.000000;-nan;        12s 827ms 150μs 252ns;                          0ns
6e2d27;74;20;134;112;7;44;45.000000;0.000000;0.000000;2873.000000;2873.000000;100.000000;0.000000;0.000000;-nan;         8s 708ms  98μs 442ns;            351ms 653μs 824ns
6e2d35;104;8;171;151;8;44;46.000000;0.000000;0.000000;2878.000000;2878.000000;100.348675;0.000000;0.000000;-nan;        17s 478ms 798μs 448ns;         1s 927ms 624μs 425ns
6e2d4b;82;0;145;113;7;44;45.000000;0.000000;0.000000;2972.000000;2972.000000;103.302051;0.000000;0.000000;-nan;        17s 766ms 386μs 657ns;                        -1148142882768113ns
3e0c51;91;0;139;118;7;45;46.000000;0.000000;0.000000;2884.000000;2884.000000;100.000000;0.000000;0.000000;-nan;        19s 266ms 402μs 546ns;            286ms 410μs 821ns
3e0c61;76;0;151;105;7;43;44.000000;0.000000;0.000000;2883.000000;2883.000000;100.000000;0.000000;0.000000;-nan;        19s 972ms 447μs 665ns;            436ms 915μs 462ns
3e0c06;89;0;144;111;7;47;48.000000;0.000000;0.000000;2875.000000;2875.000000;100.000000;0.000000;0.000000;-nan;        19s 491ms  43μs 792ns;            787ms 598μs 322ns
3e0c19;95;0;143;116;7;46;47.000000;0.000000;0.000000;2885.000000;2885.000000;100.000000;0.000000;0.000000;-nan;        18s 645ms 444μs 476ns;            726ms 229μs  84ns
3e0c29;119;0;177;146;8;47;49.000000;0.000000;0.000000;2887.000000;2887.000000;100.034650;0.000000;0.000000;-nan;        22s 473ms 599μs 867ns;            990ms 263μs 733ns
3e0c3b;77;0;150;105;7;43;44.000000;0.000000;0.000000;2878.000000;2878.000000;100.000000;0.000000;0.000000;-nan;        19s 741ms 569μs 367ns;            397ms 471μs  48ns
3e0bd9;43;0;126;79;6;44;0.000000;0.000000;-nan;2970.000000;2970.000000;100.000000;0.000000;0.000000;-nan;        12s  92ms 949μs 203ns;                          0ns
3e0bdc;173;0;191;170;12;53;0.000000;0.000000;-nan;2999.000000;2999.000000;100.000000;0.000000;0.000000;-nan;        27s 159ms 463μs 841ns;                        -3797783981131926ns
3e0bf0;117;0;173;152;8;45;47.000000;0.000000;0.000000;2884.000000;2884.000000;99.896086;0.000000;0.000000;-nan;        21s 783ms 692μs 359ns;         1s       159μs 777ns
3e0bf8;107;0;177;140;8;43;45.000000;0.000000;0.000000;2972.000000;2972.000000;103.122831;0.000000;0.000000;-nan;        21s 328ms 869μs 306ns;                        -2170118925121360ns
6dfdcf;183;0;228;154;14;52;164.000000;0.000000;0.000000;2999.000000;2999.000000;100.000000;0.000000;0.000000;-nan;        23s 501ms 965μs 687ns;                        -8609252594093473ns
6dfddb;81;0;146;113;7;44;45.000000;0.000000;0.000000;2970.000000;2970.000000;103.376262;0.000000;0.000000;-nan;        16s 934ms 992μs 694ns;                        -573945667483178ns
6dfde9;83;0;144;113;7;44;45.000000;0.000000;0.000000;2887.000000;2887.000000;100.000000;0.000000;0.000000;-nan;        16s 514ms 573μs 366ns;            575ms 891μs 297ns
6dfdf4;82;0;148;110;7;44;45.000000;0.000000;0.000000;2972.000000;2972.000000;103.481894;0.000000;0.000000;-nan;        16s 192ms  19μs 504ns;                        -1721830249681084ns
6dfda0;80;0;142;118;7;44;45.000000;0.000000;0.000000;2882.000000;2882.000000;100.000000;0.000000;0.000000;-nan;        15s 178ms 369μs 900ns;            355ms 640μs 163ns
6dfdb1;82;0;147;111;7;44;45.000000;0.000000;0.000000;2883.000000;2883.000000;100.000000;0.000000;0.000000;-nan;        15s 708ms 958μs 602ns;            508ms 162μs 153ns
6dfdc2;80;0;150;110;7;44;45.000000;0.000000;0.000000;2878.000000;2878.000000;100.000000;0.000000;0.000000;-nan;        16s 741ms 718μs 695ns;            777ms 848μs 798ns
6dfd79;47;0;120;81;6;44;0.000000;0.000000;-nan;2972.000000;2972.000000;100.000000;0.000000;0.000000;-nan;        12s 730ms 317μs 614ns;                          0ns
6dfd7e;47;0;121;80;6;44;0.000000;0.000000;-nan;2971.000000;2971.000000;100.000000;0.000000;0.000000;-nan;        10s 701ms 193μs 833ns;                          0ns
6dfd82;82;0;142;116;7;44;45.000000;0.000000;0.000000;2972.000000;2972.000000;103.302051;0.000000;0.000000;-nan;        16s  82ms 998μs 191ns;                        -573942163868477ns
df403;50;0;62;56;6;23;24.000000;0.000000;0.000000;1888.000000;1888.000000;100.000000;0.000000;0.000000;-nan;         7s 768ms 795μs 104ns;            147ms 933μs 774ns
df3d1;55;0;60;59;6;24;25.000000;0.000000;0.000000;1888.000000;1888.000000;100.159151;0.000000;0.000000;-nan;         7s 480ms 755μs 208ns;            296ms 198μs 541ns
df3e2;54;1;61;58;6;24;25.000000;0.000000;0.000000;1888.000000;1888.000000;100.265534;0.000000;0.000000;-nan;         6s 835ms 480μs 433ns;            332ms 931μs 272ns
df3f0;71;0;74;73;7;23;25.000000;0.000000;0.000000;1880.000000;1880.000000;100.000000;0.000000;0.000000;-nan;         8s 625ms 792μs 728ns;            542ms 390μs  15ns
df393;71;0;72;75;7;23;25.000000;0.000000;0.000000;1888.000000;1888.000000;102.776266;0.000000;0.000000;-nan;         8s 569ms 761μs 522ns;            605ms 332μs 577ns
df3a9;91;0;78;85;7;32;33.000000;0.000000;0.000000;2409.000000;2409.000000;100.000000;0.000000;0.000000;-nan;         8s 874ms 623μs 825ns;         1s 543ms 799μs  32ns
df35e;75;0;72;79;7;24;26.000000;0.000000;0.000000;1888.000000;1888.000000;100.532481;0.000000;0.000000;-nan;         8s 415ms  61μs 105ns;            743ms  43μs 648ns
df376;62;0;64;62;6;26;27.000000;0.000000;0.000000;2046.000000;2046.000000;100.000000;0.000000;0.000000;-nan;         7s 167ms 203μs 840ns;            349ms 984μs 726ns
df326;52;16;53;59;6;25;26.000000;0.000000;0.000000;1890.000000;1890.000000;100.000000;0.000000;0.000000;-nan;         2s 479ms 506μs 799ns;            572ms 606μs 706ns
df32b;80;8;78;86;7;27;29.000000;0.000000;0.000000;2154.000000;2154.000000;100.000000;0.000000;0.000000;-nan;         7s 657ms 822μs 308ns;            526ms 264μs  97ns
3dd90c;77;0;150;105;7;43;44.000000;0.000000;0.000000;2878.000000;2878.000000;100.000000;0.000000;0.000000;-nan;        21s 788ms 749μs  62ns;            253ms 462μs 546ns
3dd8c4;233;26;260;254;14;53;163.000000;0.000000;0.000000;2999.000000;2999.000000;100.000000;0.000000;0.000000;-nan;        28s 736ms  35μs 212ns;                        -14103239487463746ns
3dd8d8;82;0;148;110;7;44;45.000000;0.000000;0.000000;2970.000000;2970.000000;103.376262;0.000000;0.000000;-nan;        21s 475ms 541μs 306ns;                        -542422920301895ns
3dd8eb;102;8;179;135;8;43;45.000000;0.000000;0.000000;2970.000000;2970.000000;103.556485;0.000000;0.000000;-nan;        22s 836ms 984μs 659ns;                        -1084847533882069ns
3dd8ff;76;0;149;107;7;43;44.000000;0.000000;0.000000;2883.000000;2883.000000;100.000000;0.000000;0.000000;-nan;        21s 967ms 925μs  65ns;            258ms 107μs 453ns
3dd882;115;0;181;146;8;45;47.000000;0.000000;0.000000;2875.000000;2875.000000;100.209132;0.000000;0.000000;-nan;        23s 153ms 560μs 734ns;         1s 237ms 392μs 417ns
3dd88c;94;0;136;118;7;45;46.000000;0.000000;0.000000;2884.000000;2884.000000;100.000000;0.000000;0.000000;-nan;        17s 360ms 615μs 180ns;            418ms  69μs 989ns
3dd89d;82;0;147;111;7;44;45.000000;0.000000;0.000000;2868.000000;2868.000000;100.034880;0.000000;0.000000;-nan;        21s 596ms 198μs 953ns;            718ms 307μs 140ns
3dd8b5;91;0;143;114;7;45;46.000000;0.000000;0.000000;2872.000000;2872.000000;100.000000;0.000000;0.000000;-nan;        21s 171ms 319μs 989ns;            639ms 162μs 188ns
3dd87e;91;0;138;119;7;45;46.000000;0.000000;0.000000;2879.000000;2879.000000;100.000000;0.000000;0.000000;-nan;        20s 829ms 294μs 736ns;            810ms 146μs 670ns
6dcf54;81;0;146;113;7;44;45.000000;0.000000;0.000000;2971.000000;2971.000000;103.267292;0.000000;0.000000;-nan;        16s  29ms 968μs 451ns;                        -573819134284294ns
6dcf5c;80;0;147;113;7;44;45.000000;0.000000;0.000000;2873.000000;2873.000000;100.000000;0.000000;0.000000;-nan;        15s 751ms  79μs 205ns;            349ms 693μs 271ns
6dcf6a;82;0;142;116;7;44;45.000000;0.000000;0.000000;2887.000000;2887.000000;100.000000;0.000000;0.000000;-nan;        16s 169ms 247μs 749ns;            503ms 727μs 540ns
6dcf11;81;0;145;114;7;44;45.000000;0.000000;0.000000;2972.000000;2972.000000;103.481894;0.000000;0.000000;-nan;        15s 359ms 245μs 738ns;                        -1147634826833866ns
6dcf1f;82;0;153;105;7;44;45.000000;0.000000;0.000000;2878.000000;2878.000000;100.000000;0.000000;0.000000;-nan;        15s  78ms 349μs 881ns;            615ms   9μs 673ns
6dcf35;154;0;203;111;13;55;164.000000;0.000000;0.000000;2999.000000;2999.000000;100.000000;0.000000;0.000000;-nan;        22s 441ms  87μs 543ns;                        -9181223871752603ns
6dcf48;81;0;152;107;7;44;45.000000;0.000000;0.000000;2970.000000;2970.000000;103.556485;0.000000;0.000000;-nan;        15s 488ms 798μs 188ns;                        -573817929923986ns
6dcef0;47;0;118;77;6;43;0.000000;0.000000;-nan;2972.000000;2972.000000;100.000000;0.000000;0.000000;-nan;        10s 193ms 599μs 273ns;                          0ns
6dcef4;40;0;126;82;6;44;0.000000;0.000000;-nan;2971.000000;2971.000000;100.000000;0.000000;0.000000;-nan;        12s  56ms 550μs 825ns;                          0ns
6dcef9;75;0;122;99;7;44;46.000000;0.000000;0.000000;2970.000000;2970.000000;103.017690;0.000000;0.000000;-nan;        14s 903ms 135μs  18ns;                        -573813081210906ns
3da845;171;22;174;139;14;51;166.000000;0.000000;0.000000;2999.000000;2999.000000;100.000000;0.000000;0.000000;-nan;        24s 593ms 634μs 550ns;                        -8677213477363474ns
3da85c;55;0;113;80;6;44;44.000000;44.000000;100.000000;2883.000000;2883.000000;100.000000;0.000000;0.000000;-nan;        15s 882ms 207μs 606ns;                          0ns
3da867;62;0;110;76;6;44;44.000000;44.000000;100.000000;2856.000000;2856.000000;100.000000;0.000000;0.000000;-nan;        12s 954ms 681μs 358ns;                          0ns
3da877;55;0;113;80;6;44;44.000000;44.000000;100.000000;2878.000000;2878.000000;100.000000;0.000000;0.000000;-nan;        15s  27ms 881μs 960ns;                          0ns
3da82c;156;15;252;189;10;43;47.000000;0.000000;0.000000;2883.000000;2883.000000;100.558075;0.000000;0.000000;-nan;        20s 270ms 552μs 890ns;         2s 625ms 654μs 358ns
3da833;93;0;142;113;7;45;46.000000;0.000000;0.000000;2882.000000;2882.000000;100.000000;0.000000;0.000000;-nan;        17s  87ms 616μs 983ns;            660ms 870μs 672ns
3da836;104;0;186;134;8;43;45.000000;0.000000;0.000000;2883.000000;2883.000000;100.523013;0.000000;0.000000;-nan;        18s 976ms 734μs 938ns;            768ms   3μs 268ns
3da7e7;41;0;129;78;6;44;0.000000;0.000000;-nan;2970.000000;2970.000000;100.000000;0.000000;0.000000;-nan;        12s 527ms 135μs 663ns;                          0ns
3da7ea;90;19;147;124;8;43;46.000000;0.000000;0.000000;2883.000000;2883.000000;100.348068;0.000000;0.000000;-nan;        13s  81ms 966μs 689ns;            897ms 799μs 913ns
3da7fd;83;8;137;104;7;43;44.000000;0.000000;0.000000;2857.000000;2857.000000;100.000000;0.000000;0.000000;-nan;        13s 524ms 418μs 194ns;            914ms 135μs  19ns
6d9e9d;81;0;144;115;7;44;45.000000;0.000000;0.000000;2887.000000;2887.000000;100.000000;0.000000;0.000000;-nan;        17s 125ms 408μs 280ns;            311ms 471μs 525ns
6d9eaa;82;0;147;111;7;44;45.000000;0.000000;0.000000;2873.000000;2873.000000;100.000000;0.000000;0.000000;-nan;        17s 746ms 168μs 118ns;            675ms 374μs  94ns
6d9ebe;197;0;245;162;15;50;160.000000;0.000000;0.000000;2999.000000;2999.000000;100.000000;0.000000;0.000000;-nan;        25s 444ms 170μs 867ns;                        -11474031587021031ns
6d9e59;81;0;147;112;7;44;45.000000;0.000000;0.000000;2868.000000;2868.000000;100.000000;0.000000;0.000000;-nan;        16s 986ms 568μs  11ns;            519ms 957μs 963ns
6d9e74;84;0;143;113;7;44;45.000000;0.000000;0.000000;2972.000000;2972.000000;103.662365;0.000000;0.000000;-nan;        18s  58ms 737μs 219ns;                        -573693140547075ns
6d9e89;101;0;183;140;8;43;45.000000;0.000000;0.000000;2970.000000;2970.000000;103.017690;0.000000;0.000000;-nan;        18s 623ms 592μs 908ns;                        -1147389576827206ns
6d9e1d;47;0;119;82;6;44;0.000000;0.000000;-nan;2972.000000;2972.000000;100.000000;0.000000;0.000000;-nan;        11s 133ms  94μs  73ns;                          0ns
6d9e22;83;0;146;111;7;44;45.000000;0.000000;0.000000;2972.000000;2972.000000;103.481894;0.000000;0.000000;-nan;        16s 530ms 450μs 188ns;                        -573689446271930ns
6d9e33;82;0;143;115;7;44;45.000000;0.000000;0.000000;2877.000000;2877.000000;100.000000;0.000000;0.000000;-nan;        16s 258ms 554μs 590ns;            424ms 407μs 400ns
6d9e44;75;3;119;99;7;44;46.000000;0.000000;0.000000;2971.000000;2971.000000;103.231411;0.000000;0.000000;-nan;        16s 632ms 635μs 162ns;                        -573686472320130ns
3d77c3;141;0;155;122;10;54;0.000000;0.000000;-nan;2999.000000;2999.000000;100.000000;0.000000;0.000000;-nan;        23s 759ms 443μs 319ns;                        -6506627820470614ns
3d77d2;77;0;146;109;7;43;44.000000;0.000000;0.000000;2883.000000;2883.000000;100.000000;0.000000;0.000000;-nan;        18s 876ms 364μs 113ns;            595ms 976μs 966ns
3d77e0;81;0;143;108;7;43;44.000000;0.000000;0.000000;2856.000000;2856.000000;100.000000;0.000000;0.000000;-nan;        18s 706ms 864μs 630ns;         1s   4ms 128μs 950ns
3d77ed;98;0;157;125;8;43;46.000000;0.000000;0.000000;2970.000000;2970.000000;103.196664;0.000000;0.000000;-nan;        20s 391ms 650μs 290ns;                        -1084427952663257ns
3d77fc;82;0;146;112;7;44;45.000000;0.000000;0.000000;2868.000000;2868.000000;100.000000;0.000000;0.000000;-nan;        19s 604ms 868μs  58ns;            562ms 757μs 655ns
3d7782;90;0;146;112;7;45;46.000000;0.000000;0.000000;2876.000000;2876.000000;100.000000;0.000000;0.000000;-nan;        16s 504ms 290μs 438ns;            558ms 997μs  80ns
3d7794;104;0;184;136;8;43;45.000000;0.000000;0.000000;2883.000000;2883.000000;100.348068;0.000000;0.000000;-nan;        20s 349ms 999μs 964ns;         1s 111ms 995μs 356ns
3d77a3;90;0;138;112;7;44;45.000000;0.000000;0.000000;2857.000000;2857.000000;100.000000;0.000000;0.000000;-nan;        17s 680ms 413μs 510ns;         1s 106ms 450μs 182ns
3d77b0;97;0;160;123;8;43;46.000000;0.000000;0.000000;2883.000000;2883.000000;100.558075;0.000000;0.000000;-nan;        20s 111ms 539μs 816ns;            511ms 589μs 283ns
3d777e;43;0;125;74;6;43;0.000000;0.000000;-nan;2970.000000;2970.000000;100.000000;0.000000;0.000000;-nan;        14s 125ms 606μs 820ns;                          0ns
6d6f60;80;1;146;113;7;44;45.000000;0.000000;0.000000;2883.000000;2883.000000;100.000000;0.000000;0.000000;-nan;        15s 796ms 814μs 337ns;            615ms 548μs 413ns
6d6f29;81;0;142;117;7;44;45.000000;0.000000;0.000000;2972.000000;2972.000000;103.302051;0.000000;0.000000;-nan;        17s 726ms 981μs  95ns;                        -573550109200580ns
6d6ece;81;0;149;110;7;44;45.000000;0.000000;0.000000;2873.000000;2873.000000;100.000000;0.000000;0.000000;-nan;        17s 243ms 952μs 239ns;            390ms  42μs 807ns
6d6ed7;62;59;121;98;7;44;45.000000;0.000000;0.000000;2887.000000;2887.000000;100.000000;0.000000;0.000000;-nan;         6s 305ms 546μs 324ns;            719ms 718μs  60ns
6d6ee4;82;0;147;111;7;44;45.000000;0.000000;0.000000;2970.000000;2970.000000;103.556485;0.000000;0.000000;-nan;        17s 366ms 115μs 311ns;                        -573549495401049ns
6d6efc;81;0;149;110;7;44;45.000000;0.000000;0.000000;2970.000000;2970.000000;103.196664;0.000000;0.000000;-nan;        17s 813ms 934μs 783ns;                        -573550718315410ns
6d6e92;47;0;118;83;6;44;0.000000;0.000000;-nan;2972.000000;2972.000000;100.000000;0.000000;0.000000;-nan;        11s 968ms  42μs  77ns;                          0ns
6d6e96;103;0;177;144;8;43;45.000000;0.000000;0.000000;2972.000000;2972.000000;103.122831;0.000000;0.000000;-nan;        18s 329ms 445μs 833ns;                        -1720649339455201ns
6d6ea8;98;0;151;131;8;43;46.000000;0.000000;0.000000;2972.000000;2972.000000;103.481894;0.000000;0.000000;-nan;        18s  72ms  52μs 565ns;                        -1147096747050313ns
6d6eb9;122;0;158;102;11;54;153.000000;0.000000;0.000000;2999.000000;2999.000000;100.000000;0.000000;0.000000;-nan;        22s 475ms 842μs 900ns;                        -3441307830394829ns
d6b54;69;0;78;71;7;23;25.000000;0.000000;0.000000;1888.000000;1888.000000;100.000000;0.000000;0.000000;-nan;         8s 808ms 658μs 220ns;            585ms 201μs 432ns
d6b0c;89;0;91;90;8;23;26.000000;0.000000;0.000000;1878.000000;1878.000000;100.000000;0.000000;0.000000;-nan;         8s 945ms 800μs 984ns;            532ms 296μs 274ns
d6b21;90;0;86;94;8;23;26.000000;0.000000;0.000000;1888.000000;1888.000000;107.029478;0.000000;0.000000;-nan;         8s 903ms 436μs 591ns;            987ms 466μs 809ns
d6b29;74;0;73;79;7;24;26.000000;0.000000;0.000000;1761.000000;1761.000000;100.000000;0.000000;0.000000;-nan;         8s 711ms 324μs 916ns;            499ms 376μs 695ns
d6b3b;52;0;63;59;6;24;25.000000;0.000000;0.000000;1880.000000;1880.000000;100.000000;0.000000;0.000000;-nan;         7s 800ms 370μs 263ns;            279ms 524μs 190ns
d6ac1;74;0;77;75;7;24;26.000000;0.000000;0.000000;1888.000000;1888.000000;107.090187;0.000000;0.000000;-nan;         8s 217ms 275μs 930ns;            584ms 999μs  38ns
d6ad9;55;3;58;58;6;24;25.000000;0.000000;0.000000;1890.000000;1890.000000;100.000000;0.000000;0.000000;-nan;         4s 820ms 397μs 792ns;            345ms 887μs 792ns
d6af7;72;8;66;72;7;23;25.000000;0.000000;0.000000;1837.000000;1837.000000;99.945593;0.000000;0.000000;-nan;         7s 724ms 538μs  94ns;            410ms 112μs 961ns
d6aaf;66;0;66;62;6;27;28.000000;0.000000;0.000000;2049.000000;2049.000000;100.000000;0.000000;0.000000;-nan;         8s 100ms 492μs 911ns;            163ms 299μs 619ns
d6ab6;55;0;60;59;6;24;25.000000;0.000000;0.000000;1888.000000;1888.000000;100.159151;0.000000;0.000000;-nan;         4s 700ms 823μs 285ns;            328ms 440μs 939ns
3d4844;76;0;147;109;7;43;44.000000;0.000000;0.000000;2878.000000;2878.000000;100.000000;0.000000;0.000000;-nan;        18s 200ms 577μs 147ns;            257ms 682μs 165ns
3d484d;79;0;120;89;7;43;45.000000;0.000000;0.000000;2855.000000;2855.000000;99.964986;0.000000;0.000000;-nan;        17s 572ms 472μs   2ns;            415ms 814μs 837ns
3d4868;95;0;159;116;8;42;45.000000;0.000000;0.000000;2855.000000;2855.000000;100.000000;0.000000;0.000000;-nan;        20s 222ms 211μs 820ns;         1s 138ms 468μs 730ns
3d481d;58;8;101;81;6;44;44.000000;44.000000;100.000000;2842.000000;2842.000000;100.000000;0.000000;0.000000;-nan;        10s 779ms 832μs 948ns;                          0ns
3d482a;76;0;150;106;7;43;44.000000;0.000000;0.000000;2883.000000;2883.000000;100.000000;0.000000;0.000000;-nan;        18s 511ms 977μs 199ns;            378ms 529μs 264ns
3d47c1;43;0;124;80;6;44;0.000000;0.000000;-nan;2972.000000;2972.000000;100.000000;0.000000;0.000000;-nan;        11s  24ms 409μs 426ns;                          0ns
3d47c6;104;0;184;136;8;43;45.000000;0.000000;0.000000;2970.000000;2970.000000;103.376262;0.000000;0.000000;-nan;        19s 913ms  96μs 147ns;                        -1084223255387165ns
3d47d7;123;0;179;154;9;43;47.000000;0.000000;0.000000;2855.000000;2855.000000;100.386779;0.000000;0.000000;-nan;        20s 517ms 192μs 629ns;         2s 666ms 904μs 995ns
3d47ec;89;3;147;113;8;40;43.000000;0.000000;0.000000;2744.000000;2744.000000;100.000000;0.000000;0.000000;-nan;        17s 177ms 715μs 598ns;                        -542109357929558ns
3d47fe;104;0;180;140;8;43;45.000000;0.000000;0.000000;2883.000000;2883.000000;100.523013;0.000000;0.000000;-nan;        20s 118ms 269μs 216ns;            890ms 666μs 193ns
6d4010;82;3;140;115;7;44;45.000000;0.000000;0.000000;2972.000000;2972.000000;103.122831;0.000000;0.000000;-nan;        16s  54ms 766μs 251ns;                        -573421447263889ns
6d3fcf;129;0;141;102;11;51;0.000000;0.000000;-nan;2999.000000;2999.000000;100.000000;0.000000;0.000000;-nan;        21s 873ms 990μs 667ns;                        -2867139166438681ns
6d3fdc;82;0;142;116;7;44;45.000000;0.000000;0.000000;2972.000000;2972.000000;103.481894;0.000000;0.000000;-nan;        17s 309ms 138μs 427ns;                        -573424542380211ns
6d3fef;81;0;147;112;7;44;45.000000;0.000000;0.000000;2970.000000;2970.000000;103.196664;0.000000;0.000000;-nan;        17s 590ms 602μs 889ns;                        -573425318767899ns
6d4003;82;0;150;108;7;44;45.000000;0.000000;0.000000;2883.000000;2883.000000;100.000000;0.000000;0.000000;-nan;        17s 731ms 930μs 100ns;            510ms 969μs   9ns
6d3f8e;59;0;114;81;6;45;45.000000;45.000000;100.000000;2873.000000;2873.000000;100.000000;0.000000;0.000000;-nan;        11s 755ms 931μs 510ns;                          0ns
6d3fa1;83;0;140;117;7;44;45.000000;0.000000;0.000000;2887.000000;2887.000000;100.000000;0.000000;0.000000;-nan;        16s 587ms 553μs 189ns;            593ms 555μs 929ns
6d3faf;85;0;144;111;7;44;45.000000;0.000000;0.000000;2877.000000;2877.000000;100.000000;0.000000;0.000000;-nan;        16s 268ms 978μs 485ns;            570ms 792μs 270ns
6d3fbf;101;0;185;138;8;43;45.000000;0.000000;0.000000;2970.000000;2970.000000;103.556485;0.000000;0.000000;-nan;        17s 964ms  91μs 641ns;                        -1146853852389711ns
6d3f8b;47;0;120;81;6;44;0.000000;0.000000;-nan;2972.000000;2972.000000;100.000000;0.000000;0.000000;-nan;        12s 689ms 898μs 574ns;                          0ns
3d1843;60;0;110;78;6;44;44.000000;44.000000;100.000000;2856.000000;2856.000000;100.000000;0.000000;0.000000;-nan;        17s 304ms 153μs 251ns;                          0ns
3d1802;90;0;141;117;7;45;46.000000;0.000000;0.000000;2869.000000;2869.000000;100.000000;0.000000;0.000000;-nan;        19s 831ms 700μs 384ns;            381ms 929μs 459ns
3d1818;103;0;181;140;8;43;45.000000;0.000000;0.000000;2883.000000;2883.000000;100.523013;0.000000;0.000000;-nan;        22s 180ms 858μs 771ns;            927ms 174μs 271ns
3d1827;89;0;141;118;7;45;46.000000;0.000000;0.000000;2870.000000;2870.000000;100.000000;0.000000;0.000000;-nan;        21s 448ms  28μs 437ns;            462ms 844μs  54ns
3d1834;77;0;150;105;7;43;44.000000;0.000000;0.000000;2883.000000;2883.000000;100.000000;0.000000;0.000000;-nan;        21s 660ms 678μs 191ns;            564ms  66μs 140ns
3d17c2;90;0;145;113;7;45;46.000000;0.000000;0.000000;2875.000000;2875.000000;100.000000;0.000000;0.000000;-nan;        18s 823ms 594μs 805ns;            810ms 130μs 926ns
3d17c7;89;0;140;119;7;45;46.000000;0.000000;0.000000;2857.000000;2857.000000;100.000000;0.000000;0.000000;-nan;        20s 179ms 334μs 124ns;         1s 647ms 712μs  95ns
3d17d3;78;0;145;109;7;43;44.000000;0.000000;0.000000;2878.000000;2878.000000;100.000000;0.000000;0.000000;-nan;        20s 698ms 115μs 960ns;            564ms 847μs 567ns
3d17e3;84;0;145;111;7;44;45.000000;0.000000;0.000000;2972.000000;2972.000000;103.445875;0.000000;0.000000;-nan;        20s 392ms 379μs 930ns;                        -542008613076130ns
3d17f4;115;0;179;148;8;45;47.000000;0.000000;0.000000;2874.000000;2874.000000;100.104493;0.000000;0.000000;-nan;        22s  78ms  10μs 570ns;            952ms  86μs 584ns
6d0cce;79;0;150;111;7;44;45.000000;0.000000;0.000000;2883.000000;2883.000000;100.000000;0.000000;0.000000;-nan;        17s 923ms 458μs 479ns;            284ms   7μs 474ns
6d0cda;79;0;151;110;7;44;45.000000;0.000000;0.000000;2878.000000;2878.000000;100.000000;0.000000;0.000000;-nan;        18s  56ms 938μs 881ns;            267ms 463μs 338ns
6d0c97;84;0;142;114;7;44;45.000000;0.000000;0.000000;2972.000000;2972.000000;103.302051;0.000000;0.000000;-nan;        17s 193ms 157μs 565ns;                        -573292652347945ns
6d0ca8;81;0;146;113;7;44;45.000000;0.000000;0.000000;2873.000000;2873.000000;100.000000;0.000000;0.000000;-nan;        16s 716ms 798μs 684ns;            534ms 913μs 615ns
6d0cb3;80;0;141;119;7;44;45.000000;0.000000;0.000000;2882.000000;2882.000000;100.000000;0.000000;0.000000;-nan;        17s  13ms 181μs 230ns;            255ms 753μs 268ns
6d0cc0;102;0;179;143;8;43;45.000000;0.000000;0.000000;2972.000000;2972.000000;102.944233;0.000000;0.000000;-nan;        18s 965ms 551μs 554ns;                        -1146592959806566ns
6d0c67;47;0;118;83;6;44;0.000000;0.000000;-nan;2972.000000;2972.000000;100.000000;0.000000;0.000000;-nan;        10s 981ms 655μs 460ns;                          0ns
6d0c6c;82;0;144;114;7;44;45.000000;0.000000;0.000000;2972.000000;2972.000000;103.481894;0.000000;0.000000;-nan;        16s 579ms 728μs 913ns;                        -573290672306621ns
6d0c7a;274;110;296;260;17;50;164.000000;0.000000;0.000000;2999.000000;2999.000000;100.000000;0.000000;0.000000;-nan;        29s 217ms 545μs 498ns;                        -26945453486257487ns
6d0c8c;102;0;181;141;8;43;45.000000;0.000000;0.000000;2970.000000;2970.000000;103.556485;0.000000;0.000000;-nan;        18s 575ms 160μs  48ns;                        -1146586470916218ns
3ce8c1;60;0;110;78;6;44;44.000000;44.000000;100.000000;2856.000000;2856.000000;100.000000;0.000000;0.000000;-nan;        15s 607ms 216μs 903ns;                          0ns
3ce8d5;79;0;145;108;7;43;44.000000;0.000000;0.000000;2883.000000;2883.000000;100.000000;0.000000;0.000000;-nan;        21s 400ms 972μs 938ns;            263ms 364μs 978ns
3ce889;86;0;143;111;7;44;45.000000;0.000000;0.000000;2873.000000;2873.000000;100.000000;0.000000;0.000000;-nan;        20s 927ms 436μs 955ns;            353ms 139μs 561ns
3ce89c;89;0;150;111;7;48;49.000000;0.000000;0.000000;2874.000000;2874.000000;100.000000;0.000000;0.000000;-nan;        21s 772ms 716μs 468ns;            263ms 215μs  56ns
3ce8b0;89;0;142;117;7;45;46.000000;0.000000;0.000000;2870.000000;2870.000000;100.000000;0.000000;0.000000;-nan;        21s 210ms 261μs 880ns;            365ms 655μs 357ns
3ce84d;78;0;120;88;7;45;47.000000;0.000000;0.000000;2855.000000;2855.000000;99.929996;0.000000;0.000000;-nan;        19s 192ms 815μs 268ns;         1s 190ms   5μs 686ns
3ce850;114;0;178;150;8;45;47.000000;0.000000;0.000000;2880.000000;2880.000000;100.000000;0.000000;0.000000;-nan;        22s 118ms 199μs 433ns;         1s 210ms 272μs 885ns
3ce85d;86;0;147;111;7;47;48.000000;0.000000;0.000000;2881.000000;2881.000000;100.000000;0.000000;0.000000;-nan;        20s 555ms 802μs 653ns;            275ms 877μs 108ns
3ce86a;89;0;141;118;7;45;46.000000;0.000000;0.000000;2867.000000;2867.000000;100.000000;0.000000;0.000000;-nan;        20s 205ms 267μs 481ns;            282ms 960μs 178ns
3ce878;86;0;143;111;7;44;45.000000;0.000000;0.000000;2868.000000;2868.000000;100.000000;0.000000;0.000000;-nan;        20s 715ms 731μs 153ns;            580ms 801μs  34ns
cde04;69;0;80;69;7;23;25.000000;0.000000;0.000000;1888.000000;1888.000000;99.894180;0.000000;0.000000;-nan;        10s 204ms 361μs 951ns;            439ms 615μs 182ns
cddcc;88;0;73;91;7;27;29.000000;0.000000;0.000000;2150.000000;2150.000000;104.929234;0.000000;0.000000;-nan;        10s 337ms  56μs 360ns;                        -538305057842325ns
cdddc;71;8;74;73;7;24;26.000000;0.000000;0.000000;1888.000000;1888.000000;100.000000;0.000000;0.000000;-nan;         8s 333ms 979μs 603ns;            434ms 543μs 109ns
cddee;51;0;67;56;6;24;25.000000;0.000000;0.000000;1883.000000;1883.000000;100.000000;0.000000;0.000000;-nan;         8s 203ms  28μs 208ns;            320ms 500μs 549ns
cdd81;110;0;86;92;8;32;35.000000;0.000000;0.000000;2409.000000;2409.000000;100.000000;0.000000;0.000000;-nan;        11s 346ms   9μs 883ns;            577ms 733μs  67ns
cdd91;87;48;69;78;8;24;27.000000;0.000000;0.000000;1888.000000;1888.000000;102.776266;0.000000;0.000000;-nan;         9s  20ms 629μs 560ns;         1s  60ms 985μs 883ns
cdd9b;88;0;95;87;8;23;26.000000;0.000000;0.000000;1883.000000;1883.000000;100.159574;0.000000;0.000000;-nan;        10s 439ms 968μs 808ns;         1s  79ms 260μs 942ns
cddaa;74;0;77;75;7;24;26.000000;0.000000;0.000000;1878.000000;1878.000000;100.000000;0.000000;0.000000;-nan;         9s 273ms 756μs 415ns;            372ms 167μs 844ns
cddbc;62;0;58;60;6;25;26.000000;0.000000;0.000000;1834.000000;1834.000000;100.000000;0.000000;0.000000;-nan;         7s 865ms 430μs 734ns;            164ms 376μs 712ns
cdd7c;137;0;117;118;9;30;33.000000;0.000000;0.000000;2138.000000;2138.000000;100.000000;0.000000;0.000000;-nan;        12s 125ms 181μs 449ns;         1s 659ms 786μs  86ns
6cd993;80;0;150;110;7;44;45.000000;0.000000;0.000000;2878.000000;2878.000000;100.000000;0.000000;0.000000;-nan;        18s 662ms 530μs 410ns;            415ms  88μs 110ns
6cd99b;78;8;145;109;7;44;45.000000;0.000000;0.000000;2873.000000;2873.000000;100.000000;0.000000;0.000000;-nan;        16s 452ms  47μs 669ns;            373ms 270μs 134ns
6cd957;104;0;176;144;8;43;45.000000;0.000000;0.000000;2972.000000;2972.000000;103.302051;0.000000;0.000000;-nan;        19s 325ms 740μs 415ns;                        -2292661395757964ns
6cd969;83;0;149;108;7;44;45.000000;0.000000;0.000000;2883.000000;2883.000000;100.000000;0.000000;0.000000;-nan;        17s 437ms 503μs 935ns;            611ms 327μs 536ns
6cd97d;318;0;306;296;18;51;161.000000;0.000000;0.000000;2999.000000;2999.000000;100.000000;0.000000;0.000000;-nan;        30s 786ms 170μs 574ns;                        -29805102925090105ns
6cd91d;82;0;142;116;7;44;45.000000;0.000000;0.000000;2972.000000;2972.000000;103.481894;0.000000;0.000000;-nan;        17s  28ms 577μs 382ns;                        -573159789183161ns
6cd92f;95;88;134;117;8;44;46.000000;0.000000;0.000000;2878.000000;2878.000000;100.243817;0.000000;0.000000;-nan;        19s 727ms 822μs 470ns;         1s 375ms  47μs  75ns
6cd940;84;0;140;116;7;44;45.000000;0.000000;0.000000;2887.000000;2887.000000;100.000000;0.000000;0.000000;-nan;        17s 345ms 321μs 983ns;            668ms  25μs 496ns
6cd900;47;0;120;81;6;44;0.000000;0.000000;-nan;2972.000000;2972.000000;100.000000;0.000000;0.000000;-nan;         7s 779ms 408μs 624ns;                          0ns
6cd905;83;0;141;116;7;44;45.000000;0.000000;0.000000;2882.000000;2882.000000;100.000000;0.000000;0.000000;-nan;        16s 766ms 175μs   3ns;            671ms 678μs 401ns
3cb900;60;0;108;80;6;44;44.000000;44.000000;100.000000;2842.000000;2842.000000;100.000000;0.000000;0.000000;-nan;        17s 320ms 101μs 109ns;                          0ns
3cb910;116;0;183;151;9;41;45.000000;0.000000;0.000000;2855.000000;2855.000000;100.000000;0.000000;0.000000;-nan;        22s 735ms 989μs  56ns;         1s 369ms 147μs 242ns
3cb8c9;94;0;136;118;7;45;46.000000;0.000000;0.000000;2883.000000;2883.000000;100.000000;0.000000;0.000000;-nan;        20s 498ms 768μs 926ns;            728ms 890μs 334ns
3cb8da;64;0;108;82;6;45;45.000000;45.000000;100.000000;2857.000000;2857.000000;100.000000;0.000000;0.000000;-nan;        17s 682ms 636μs 762ns;                          0ns
3cb8e9;89;0;141;110;7;44;45.000000;0.000000;0.000000;2856.000000;2856.000000;100.000000;0.000000;0.000000;-nan;        19s 513ms 129μs 988ns;         1s 819ms 664μs 663ns
3cb8f3;81;0;144;107;7;43;44.000000;0.000000;0.000000;2840.000000;2840.000000;100.000000;0.000000;0.000000;-nan;        20s 911ms 308μs 325ns;            694ms 257μs 379ns
3cb890;86;20;128;120;7;46;47.000000;0.000000;0.000000;2871.000000;2871.000000;100.000000;0.000000;0.000000;-nan;        13s 142ms 675μs 432ns;            825ms 387μs 596ns
3cb8a1;115;0;178;149;8;45;47.000000;0.000000;0.000000;2880.000000;2880.000000;100.418410;0.000000;0.000000;-nan;        21s 858ms 457μs 191ns;         1s 338ms 927μs 863ns
3cb87b;86;0;138;108;7;43;44.000000;0.000000;0.000000;2841.000000;2841.000000;100.000000;0.000000;0.000000;-nan;        18s 753ms 845μs 971ns;            570ms  61μs 669ns
3cb87e;93;0;141;114;7;45;46.000000;0.000000;0.000000;2869.000000;2869.000000;100.000000;0.000000;0.000000;-nan;        19s 154ms 314μs 173ns;            395ms 534μs 314ns
6ca858;187;0;225;184;13;50;155.000000;0.000000;0.000000;2999.000000;2999.000000;100.000000;0.000000;0.000000;-nan;        24s 788ms 623μs 427ns;                        -8022613193514242ns
6ca820;103;0;183;138;8;43;45.000000;0.000000;0.000000;2972.000000;2972.000000;103.122831;0.000000;0.000000;-nan;        18s 910ms 997μs 371ns;                        -2865188074213468ns
6ca832;81;0;145;114;7;44;45.000000;0.000000;0.000000;2972.000000;2972.000000;103.481894;0.000000;0.000000;-nan;        17s  42ms 788μs 274ns;                        -573033999631531ns
6ca846;101;0;188;135;8;43;45.000000;0.000000;0.000000;2970.000000;2970.000000;103.017690;0.000000;0.000000;-nan;        18s 601ms 144μs 168ns;                        -1146075894908725ns
6ca7db;81;5;142;112;7;44;45.000000;0.000000;0.000000;2972.000000;2972.000000;102.944233;0.000000;0.000000;-nan;        14s 244ms 615μs 788ns;                        -1719089633337377ns
6ca7f0;83;0;147;110;7;44;45.000000;0.000000;0.000000;2868.000000;2868.000000;100.000000;0.000000;0.000000;-nan;        16s 793ms 318μs  42ns;            566ms 614μs 720ns
6ca80c;79;0;147;114;7;44;45.000000;0.000000;0.000000;2873.000000;2873.000000;100.000000;0.000000;0.000000;-nan;        17s 839ms 601μs 283ns;            262ms 617μs 387ns
6ca7b4;47;0;123;78;6;44;0.000000;0.000000;-nan;2972.000000;2972.000000;100.000000;0.000000;0.000000;-nan;        11s 378ms 366μs 689ns;                          0ns
6ca7b9;84;0;143;113;7;44;45.000000;0.000000;0.000000;2972.000000;2972.000000;103.302051;0.000000;0.000000;-nan;        16s 598ms 290μs 251ns;                        -1719098069217562ns
6ca7ca;81;0;147;112;7;44;45.000000;0.000000;0.000000;2878.000000;2878.000000;100.000000;0.000000;0.000000;-nan;        16s 173ms 731μs 230ns;            618ms 543μs 577ns
3c9007;46;88;66;48;6;44;44.000000;44.000000;100.000000;2855.000000;2855.000000;100.000000;0.000000;0.000000;-nan;         3s 768ms 704μs 574ns;                          0ns
3c901a;74;18;130;110;7;43;44.000000;0.000000;0.000000;2855.000000;2855.000000;100.457424;0.000000;0.000000;-nan;         9s 200ms 501μs 353ns;            711ms 825μs 489ns
3c8fc2;89;0;137;122;7;45;46.000000;0.000000;0.000000;2877.000000;2877.000000;100.000000;0.000000;0.000000;-nan;        12s 293ms 201μs 742ns;            410ms 535μs 620ns
3c8fd7;90;0;156;116;8;41;44.000000;0.000000;0.000000;2855.000000;2855.000000;100.492784;0.000000;0.000000;-nan;        13s 725ms 211μs 681ns;            925ms 156μs 480ns
3c8fe8;83;0;141;108;7;43;44.000000;0.000000;0.000000;2856.000000;2856.000000;100.000000;0.000000;0.000000;-nan;        12s 642ms 493μs 670ns;            847ms 735μs 925ns
3c8ff9;81;0;115;92;7;43;45.000000;0.000000;0.000000;2855.000000;2855.000000;100.528169;0.000000;0.000000;-nan;        13s 521ms 802μs 392ns;            564ms 904μs 107ns
3c8fa0;6;0;2;4;2;4;4.000000;4.000000;100.000000;351.000000;351.000000;100.000000;0.000000;0.000000;-nan;            553ms  21μs 172ns;                          0ns
3c8fa7;4;0;5;3;2;4;4.000000;4.000000;100.000000;350.000000;350.000000;100.000000;0.000000;0.000000;-nan;            645ms 828μs 596ns;                          0ns
3c8fb3;87;0;139;114;7;44;45.000000;0.000000;0.000000;2857.000000;2857.000000;100.000000;0.000000;0.000000;-nan;        11s 894ms 693μs 358ns;            330ms 454μs 211ns
3c8fbb;11;0;20;17;4;9;9.000000;9.000000;100.000000;655.000000;655.000000;100.000000;0.000000;0.000000;-nan;         1s 240ms 191μs 710ns;                          0ns
6c754d;78;0;153;109;7;44;45.000000;0.000000;0.000000;2883.000000;2883.000000;100.000000;0.000000;0.000000;-nan;        17s 606ms 170μs 309ns;            260ms 966μs 272ns
6c7513;83;0;146;111;7;44;45.000000;0.000000;0.000000;2972.000000;2972.000000;103.626220;0.000000;0.000000;-nan;        17s   1ms 435μs 340ns;                        -1145726192619825ns
6c752c;82;0;148;110;7;44;45.000000;0.000000;0.000000;2970.000000;2970.000000;103.376262;0.000000;0.000000;-nan;        17s 346ms 198μs 293ns;                        -572864222295641ns
6c753d;204;0;235;165;15;50;160.000000;0.000000;0.000000;2999.000000;2999.000000;100.000000;0.000000;0.000000;-nan;        24s 856ms 672μs 146ns;                        -9738818331876190ns
6c74d7;81;0;149;110;7;44;45.000000;0.000000;0.000000;2970.000000;2970.000000;103.196664;0.000000;0.000000;-nan;        17s 233ms 993μs 691ns;                        -572863101138081ns
6c74f6;80;0;149;111;7;44;45.000000;0.000000;0.000000;2972.000000;2972.000000;103.302051;0.000000;0.000000;-nan;        16s 878ms 861μs 619ns;                        -572862297502645ns
6c7495;47;0;125;76;6;44;0.000000;0.000000;-nan;2972.000000;2972.000000;100.000000;0.000000;0.000000;-nan;        12s 699ms 963μs 185ns;                          0ns
6c749a;83;0;144;113;7;44;45.000000;0.000000;0.000000;2972.000000;2972.000000;103.122831;0.000000;0.000000;-nan;        16s 585ms 461μs 758ns;                        -572860549052915ns
6c74ab;79;8;138;115;7;44;45.000000;0.000000;0.000000;2972.000000;2972.000000;102.944233;0.000000;0.000000;-nan;        12s 979ms 926μs 842ns;                        -572857643354619ns
6c74bc;81;8;139;112;7;44;45.000000;0.000000;0.000000;2872.000000;2872.000000;100.000000;0.000000;0.000000;-nan;        15s 617ms 855μs   5ns;            348ms 230μs 763ns
3c5d89;87;0;158;103;7;45;46.000000;0.000000;0.000000;2874.000000;2874.000000;100.000000;0.000000;0.000000;-nan;        22s 657ms 510μs  85ns;            489ms 622μs 168ns
3c5d99;115;0;189;138;8;45;47.000000;0.000000;0.000000;2867.000000;2867.000000;99.930289;0.000000;0.000000;-nan;        26s 575ms 748μs 329ns;         1s 491ms 624μs 371ns
3c5da4;111;0;197;134;8;45;47.000000;0.000000;0.000000;2887.000000;2887.000000;100.208261;0.000000;0.000000;-nan;        26s 150ms 807μs 852ns;         1s 356ms  47μs 287ns
3c5db7;89;0;156;103;7;45;46.000000;0.000000;0.000000;2887.000000;2887.000000;100.000000;0.000000;0.000000;-nan;        24s 116ms 678μs 283ns;            466ms 884μs 376ns
3c5d42;112;0;197;133;8;45;47.000000;0.000000;0.000000;2887.000000;2887.000000;100.592334;0.000000;0.000000;-nan;        25s 720ms 955μs 253ns;         1s 351ms  18μs 869ns
3c5d4f;90;0;158;106;7;46;47.000000;0.000000;0.000000;2884.000000;2884.000000;100.000000;0.000000;0.000000;-nan;        21s 769ms 724μs 199ns;            279ms 302μs 318ns
3c5d5f;113;0;196;133;8;45;47.000000;0.000000;0.000000;2887.000000;2887.000000;100.417391;0.000000;0.000000;-nan;        25s 278ms 520μs 715ns;         1s 346ms  32μs 600ns
3c5d6b;90;0;140;118;7;45;46.000000;0.000000;0.000000;2873.000000;2873.000000;100.000000;0.000000;0.000000;-nan;        23s 690ms 181μs 920ns;            956ms 918μs 832ns
3c5d7d;89;0;138;121;7;45;46.000000;0.000000;0.000000;2868.000000;2868.000000;100.000000;0.000000;0.000000;-nan;        24s 895ms 117μs 246ns;            721ms  29μs 608ns
3c5d3d;88;0;142;118;7;45;46.000000;0.000000;0.000000;2876.000000;2876.000000;100.000000;0.000000;0.000000;-nan;        24s 483ms 493μs 785ns;            454ms 746μs 414ns
c540c;54;0;62;58;6;24;25.000000;0.000000;0.000000;1890.000000;1890.000000;100.105932;0.000000;0.000000;-nan;         7s 758ms 727μs 793ns;            316ms 489μs 764ns
c53d2;123;0;102;121;8;39;42.000000;0.000000;0.000000;2409.000000;2409.000000;100.000000;0.000000;0.000000;-nan;         9s 487ms 741μs 584ns;         3s 203ms 542μs 620ns
c53ee;69;0;84;65;7;23;25.000000;0.000000;0.000000;1883.000000;1883.000000;100.000000;0.000000;0.000000;-nan;         8s 583ms 204μs 414ns;            365ms 683μs 123ns
c53fe;56;1;59;58;6;24;25.000000;0.000000;0.000000;1888.000000;1888.000000;100.159151;0.000000;0.000000;-nan;         6s 483ms 326μs   3ns;            312ms 957μs 990ns
c5390;54;0;61;59;6;24;25.000000;0.000000;0.000000;1880.000000;1880.000000;100.000000;0.000000;0.000000;-nan;         6s 874ms 475μs 735ns;            286ms  87μs 503ns
c53a8;98;3;87;94;8;24;27.000000;0.000000;0.000000;1764.000000;1764.000000;100.000000;0.000000;0.000000;-nan;         8s 716ms 848μs 480ns;         1s 254ms 786μs 690ns
c53b8;54;0;64;56;6;24;25.000000;0.000000;0.000000;1763.000000;1763.000000;100.000000;0.000000;0.000000;-nan;         7s 168ms 991μs 486ns;            273ms 712μs 441ns
c536b;59;0;71;58;6;26;27.000000;0.000000;0.000000;1834.000000;1834.000000;100.000000;0.000000;0.000000;-nan;         6s 771ms 465μs 545ns;            311ms 635μs 629ns
c536f;55;0;76;55;7;23;27.000000;0.000000;0.000000;1883.000000;1883.000000;102.504083;0.000000;0.000000;-nan;         7s 905ms 103μs 327ns;            276ms 359μs 854ns
c537d;58;3;58;61;6;25;26.000000;0.000000;0.000000;1890.000000;1890.000000;100.000000;0.000000;0.000000;-nan;         5s 382ms 290μs 716ns;            631ms 432μs 654ns
6c4258;80;0;144;116;7;44;45.000000;0.000000;0.000000;2972.000000;2972.000000;103.302051;0.000000;0.000000;-nan;        17s 478ms 330μs 334ns;                        -1145430349494882ns
6c4264;85;0;147;108;7;44;45.000000;0.000000;0.000000;2972.000000;2972.000000;102.944233;0.000000;0.000000;-nan;        17s 660ms 866μs 326ns;                        -572715860426587ns
6c4277;79;0;149;112;7;44;45.000000;0.000000;0.000000;2873.000000;2873.000000;100.000000;0.000000;0.000000;-nan;        17s 822ms 775μs 797ns;            244ms 658μs 186ns
6c4283;101;0;183;140;8;43;45.000000;0.000000;0.000000;2970.000000;2970.000000;103.196664;0.000000;0.000000;-nan;        19s 211ms  25μs 147ns;                        -1145439746103026ns
6c4215;81;0;144;115;7;44;45.000000;0.000000;0.000000;2972.000000;2972.000000;103.481894;0.000000;0.000000;-nan;        16s 968ms 221μs 652ns;                        -572713093257787ns
6c4224;101;0;182;141;8;43;45.000000;0.000000;0.000000;2970.000000;2970.000000;103.556485;0.000000;0.000000;-nan;        18s 578ms 923μs 736ns;                        -1718144904973357ns
6c4233;83;0;146;111;7;44;45.000000;0.000000;0.000000;2972.000000;2972.000000;103.122831;0.000000;0.000000;-nan;        17s 189ms 750μs 312ns;                        -572714444160046ns
6c4245;121;26;143;108;11;52;152.000000;0.000000;0.000000;2999.000000;2999.000000;100.000000;0.000000;0.000000;-nan;        22s 874ms 966μs 695ns;                        -2863592196204589ns
6c41ff;47;0;120;81;6;44;0.000000;0.000000;-nan;2972.000000;2972.000000;100.000000;0.000000;0.000000;-nan;        12s 820ms 990μs 404ns;                          0ns
6c4203;79;0;151;110;7;44;45.000000;0.000000;0.000000;2883.000000;2883.000000;100.000000;0.000000;0.000000;-nan;        16s  67ms 364μs 314ns;            674ms  16μs  52ns
3c2cc5;84;2;161;97;7;47;48.000000;0.000000;0.000000;2872.000000;2872.000000;100.000000;0.000000;0.000000;-nan;        21s 188ms 467μs 296ns;         1s 434ms 776μs 157ns
3c2cd5;64;0;119;77;6;46;46.000000;46.000000;100.000000;2887.000000;2887.000000;100.000000;0.000000;0.000000;-nan;        19s 941ms 672μs 364ns;                          0ns
3c2c87;87;0;160;101;7;45;46.000000;0.000000;0.000000;2877.000000;2877.000000;100.000000;0.000000;0.000000;-nan;        22s  13ms 283μs 991ns;            293ms 517μs 226ns
3c2c98;109;1;201;123;8;46;48.000000;0.000000;0.000000;2878.000000;2878.000000;100.313698;0.000000;0.000000;-nan;        24s 515ms 281μs  12ns;         1s 814ms  54μs 128ns
3c2cab;113;0;196;133;8;45;47.000000;0.000000;0.000000;2887.000000;2887.000000;100.592334;0.000000;0.000000;-nan;        25s 320ms  93μs 286ns;         1s 543ms 614μs  53ns
3c2c42;89;0;163;102;7;46;47.000000;0.000000;0.000000;2887.000000;2887.000000;100.312717;0.000000;0.000000;-nan;        21s 616ms 173μs 207ns;         1s 105ms 698μs 673ns
3c2c62;107;0;202;125;8;46;48.000000;0.000000;0.000000;2875.000000;2875.000000;100.000000;0.000000;0.000000;-nan;        24s 939ms 435μs 759ns;         1s 180ms 676μs 207ns
3c2c77;92;0;159;103;7;46;47.000000;0.000000;0.000000;2887.000000;2887.000000;100.104022;0.000000;0.000000;-nan;        23s 236ms 871μs 282ns;         1s 314ms 365μs 498ns
3c2c28;89;0;137;122;7;45;46.000000;0.000000;0.000000;2868.000000;2868.000000;100.000000;0.000000;0.000000;-nan;        23s 490ms 992μs 443ns;            295ms 584μs 603ns
3c2c2c;89;2;157;100;7;45;46.000000;0.000000;0.000000;2867.000000;2867.000000;100.000000;0.000000;0.000000;-nan;        19s 549ms 173μs  80ns;            419ms 868μs 302ns
6c1350;84;0;142;114;7;44;45.000000;0.000000;0.000000;2972.000000;2972.000000;103.481894;0.000000;0.000000;-nan;        17s 993ms 158μs 835ns;                        -572591570628271ns
6c135e;86;108;110;58;9;54;0.000000;0.000000;-nan;2999.000000;2999.000000;100.000000;0.000000;0.000000;-nan;        20s 347ms 410μs 923ns;                        -4580767660960443ns
6c136f;83;0;143;114;7;44;45.000000;0.000000;0.000000;2887.000000;2887.000000;100.000000;0.000000;0.000000;-nan;        19s  39ms  44μs 220ns;            703ms  63μs 604ns
6c137f;107;0;185;142;8;44;46.000000;0.000000;0.000000;2873.000000;2873.000000;100.000000;0.000000;0.000000;-nan;        19s 486ms 652μs 941ns;         1s  95ms 213μs 199ns
6c132a;82;0;141;117;7;44;45.000000;0.000000;0.000000;2882.000000;2882.000000;100.000000;0.000000;0.000000;-nan;        18s 251ms 746μs 576ns;            273ms 530μs 936ns
6c133f;82;0;145;113;7;44;45.000000;0.000000;0.000000;2970.000000;2970.000000;103.017690;0.000000;0.000000;-nan;        17s 421ms 996μs 708ns;                        -572590024581371ns
6c12de;55;0;112;81;6;44;0.000000;0.000000;-nan;2972.000000;2972.000000;100.000000;0.000000;0.000000;-nan;        11s 967ms 510μs 580ns;                          0ns
6c12e3;80;0;148;112;7;44;45.000000;0.000000;0.000000;2878.000000;2878.000000;100.000000;0.000000;0.000000;-nan;        16s 904ms 291μs 560ns;            509ms 399μs 655ns
6c12f4;79;8;144;109;7;44;45.000000;0.000000;0.000000;2970.000000;2970.000000;103.556485;0.000000;0.000000;-nan;        15s 626ms 604μs 916ns;                        -572587195871050ns
6c1309;82;0;145;113;7;44;45.000000;0.000000;0.000000;2877.000000;2877.000000;100.000000;0.000000;0.000000;-nan;        17s 752ms 406μs 546ns;            679ms 812μs 539ns
3bf708;64;0;119;77;6;46;46.000000;46.000000;100.000000;2887.000000;2887.000000;100.000000;0.000000;0.000000;-nan;        16s 713ms 476μs 929ns;                          0ns
3bf6c6;87;0;157;104;7;45;46.000000;0.000000;0.000000;2877.000000;2877.000000;100.000000;0.000000;0.000000;-nan;        20s 337ms 245μs 991ns;            682ms 378μs 756ns
3bf6d4;114;0;195;133;8;45;47.000000;0.000000;0.000000;2887.000000;2887.000000;100.627396;0.000000;0.000000;-nan;        24s 465ms 342μs 476ns;         1s 492ms 226μs 474ns
3bf6e3;114;0;195;133;8;45;47.000000;0.000000;0.000000;2887.000000;2887.000000;100.417391;0.000000;0.000000;-nan;        23s  95ms 790μs 731ns;         1s 305ms 300μs 891ns
3bf6ef;129;0;244;149;9;45;48.000000;0.000000;0.000000;2887.000000;2887.000000;100.104022;0.000000;0.000000;-nan;        27s  24ms 518μs 376ns;         2s  77ms 705μs 619ns
3bf6fe;89;0;140;119;7;45;46.000000;0.000000;0.000000;2867.000000;2867.000000;100.000000;0.000000;0.000000;-nan;        21s 996ms 828μs 607ns;            270ms  16μs 376ns
3bf695;90;0;161;103;7;46;47.000000;0.000000;0.000000;2870.000000;2870.000000;100.000000;0.000000;0.000000;-nan;        18s 564ms 870μs 438ns;            494ms 842μs 159ns
3bf69a;127;0;241;154;9;45;48.000000;0.000000;0.000000;2870.000000;2870.000000;99.930362;0.000000;0.000000;-nan;        26s 668ms 479μs 158ns;         1s 414ms 139μs 515ns
3bf6a5;114;0;195;133;8;45;47.000000;0.000000;0.000000;2887.000000;2887.000000;100.312717;0.000000;0.000000;-nan;        24s 124ms 145μs 256ns;         1s 600ms 320μs 536ns
3bf6b5;235;0;254;163;16;48;155.000000;0.000000;0.000000;2999.000000;2999.000000;100.000000;0.000000;0.000000;-nan;        33s 909ms 165μs  11ns;                        -9203670170344988ns
6be29d;78;0;148;114;7;44;45.000000;0.000000;0.000000;2873.000000;2873.000000;100.000000;0.000000;0.000000;-nan;        17s 386ms 702μs 571ns;            312ms 165μs 577ns
6be262;219;0;254;209;14;51;158.000000;0.000000;0.000000;2999.000000;2999.000000;100.000000;0.000000;0.000000;-nan;        25s 543ms 667μs 280ns;                        -14311870358725994ns
6be27c;58;0;115;81;6;45;45.000000;45.000000;100.000000;2878.000000;2878.000000;100.000000;0.000000;0.000000;-nan;        14s 350ms 554μs 682ns;                          0ns
6be28c;80;5;143;112;7;44;45.000000;0.000000;0.000000;2972.000000;2972.000000;103.122831;0.000000;0.000000;-nan;        15s 893ms 851μs 343ns;                        -1144925087131005ns
6be21b;82;0;145;113;7;44;45.000000;0.000000;0.000000;2883.000000;2883.000000;100.000000;0.000000;0.000000;-nan;        17s  39ms 559μs 813ns;            646ms  77μs 190ns
6be236;84;0;143;113;7;44;45.000000;0.000000;0.000000;2887.000000;2887.000000;100.000000;0.000000;0.000000;-nan;        17s 313ms 238μs 320ns;            841ms  37μs 939ns
6be24b;82;3;148;107;7;44;45.000000;0.000000;0.000000;2970.000000;2970.000000;103.556485;0.000000;0.000000;-nan;        15s  93ms 643μs 675ns;                        -572461282835654ns
6be1ea;44;0;121;83;6;44;0.000000;0.000000;-nan;2972.000000;2972.000000;100.000000;0.000000;0.000000;-nan;         6s 981ms 198μs 853ns;                          0ns
6be1ef;84;0;143;113;7;44;45.000000;0.000000;0.000000;2872.000000;2872.000000;100.000000;0.000000;0.000000;-nan;        16s 257ms  44μs 963ns;            654ms 656μs 161ns
6be206;105;0;182;137;8;43;45.000000;0.000000;0.000000;2972.000000;2972.000000;103.302051;0.000000;0.000000;-nan;        17s 932ms 127μs  73ns;                        -1144933249757753ns
bcace;50;2;62;54;6;22;23.000000;0.000000;0.000000;1701.000000;1701.000000;100.000000;0.000000;0.000000;-nan;         5s 685ms 508μs 437ns;            242ms 207μs 359ns
bcadf;49;0;67;52;6;22;23.000000;0.000000;0.000000;1700.000000;1700.000000;100.000000;0.000000;0.000000;-nan;         6s 633ms 813μs 339ns;            422ms 952μs 925ns
bca88;60;0;74;52;7;23;27.000000;0.000000;0.000000;1696.000000;1696.000000;100.000000;0.000000;0.000000;-nan;         7s 225ms 772μs 395ns;            294ms 742μs 371ns
bca97;39;0;53;38;6;22;25.000000;0.000000;0.000000;1698.000000;1698.000000;100.058928;0.000000;0.000000;-nan;         6s 954ms 741μs 809ns;            180ms 164μs 944ns
bcaa8;79;0;76;71;7;24;26.000000;0.000000;0.000000;1701.000000;1701.000000;100.353982;0.000000;0.000000;-nan;         7s 345ms 453μs 828ns;            766ms 439μs 287ns
bcabb;55;0;60;59;6;24;25.000000;0.000000;0.000000;1698.000000;1698.000000;100.000000;0.000000;0.000000;-nan;         6s 801ms 607μs 162ns;            164ms 128μs 743ns
bca42;125;0;79;102;9;25;30.000000;0.000000;0.000000;1885.000000;1885.000000;107.163161;0.000000;0.000000;-nan;         8s 325ms 974μs  87ns;         2s 235ms 759μs 743ns
bca47;47;16;55;50;6;23;24.000000;0.000000;0.000000;1883.000000;1883.000000;100.000000;0.000000;0.000000;-nan;         2s 612ms 502μs 192ns;            197ms  87μs 439ns
bca50;56;0;56;56;6;23;24.000000;0.000000;0.000000;1878.000000;1878.000000;100.000000;0.000000;0.000000;-nan;         6s 173ms 140μs 983ns;            149ms 533μs 611ns
bca67;58;0;52;58;6;23;24.000000;0.000000;0.000000;1699.000000;1699.000000;100.000000;0.000000;0.000000;-nan;         6s 889ms 965μs 235ns;            180ms 596μs 844ns
3bc4cb;65;0;120;75;6;46;46.000000;46.000000;100.000000;2887.000000;2887.000000;100.000000;0.000000;0.000000;-nan;        19s 559ms 947μs 380ns;                          0ns
3bc4db;89;0;137;122;7;45;46.000000;0.000000;0.000000;2880.000000;2880.000000;100.000000;0.000000;0.000000;-nan;        24s 908ms 496μs 388ns;            281ms 311μs 416ns
3bc48e;114;0;199;129;8;45;47.000000;0.000000;0.000000;2887.000000;2887.000000;100.104022;0.000000;0.000000;-nan;        25s 774ms 867μs 471ns;         1s 449ms 455μs 336ns
3bc49f;114;0;197;131;8;45;47.000000;0.000000;0.000000;2887.000000;2887.000000;100.417391;0.000000;0.000000;-nan;        27s  60ms 134μs 742ns;         1s 888ms 458μs 315ns
3bc4ae;114;0;197;131;8;45;47.000000;0.000000;0.000000;2887.000000;2887.000000;100.592334;0.000000;0.000000;-nan;        26s 122ms 495μs 733ns;         1s 533ms 297μs 240ns
3bc4bd;113;0;201;128;8;45;47.000000;0.000000;0.000000;2887.000000;2887.000000;100.627396;0.000000;0.000000;-nan;        26s 569ms 417μs  93ns;         1s 997ms 606μs 899ns
3bc443;88;2;151;106;7;45;46.000000;0.000000;0.000000;2874.000000;2874.000000;100.000000;0.000000;0.000000;-nan;        20s 621ms 416μs 185ns;            375ms 521μs 724ns
3bc456;90;0;161;103;7;46;47.000000;0.000000;0.000000;2887.000000;2887.000000;100.312717;0.000000;0.000000;-nan;        21s  66ms 106μs 979ns;         1s 421ms 808μs 841ns
3bc475;89;0;137;122;7;45;46.000000;0.000000;0.000000;2868.000000;2868.000000;100.000000;0.000000;0.000000;-nan;        24s 476ms 929μs 258ns;            392ms 494μs 988ns
3bc43e;113;0;196;133;8;45;47.000000;0.000000;0.000000;2887.000000;2887.000000;100.208261;0.000000;0.000000;-nan;        25s 326ms  93μs 832ns;         1s 518ms 907μs 481ns
6bb3da;57;3;118;76;6;45;45.000000;45.000000;100.000000;2883.000000;2883.000000;100.000000;0.000000;0.000000;-nan;        11s 482ms 260μs 749ns;                          0ns
6bb38e;82;0;147;111;7;44;45.000000;0.000000;0.000000;2972.000000;2972.000000;102.944233;0.000000;0.000000;-nan;        18s 798ms 780μs  41ns;                        -572345422262267ns
6bb3a2;77;0;117;102;7;44;46.000000;0.000000;0.000000;2972.000000;2972.000000;103.662365;0.000000;0.000000;-nan;        18s 361ms 485μs 757ns;                        -572339362199347ns
6bb3b4;82;0;148;110;7;44;45.000000;0.000000;0.000000;2970.000000;2970.000000;103.196664;0.000000;0.000000;-nan;        18s 617ms 595μs 631ns;                        -572344814879277ns
6bb3c5;76;0;121;99;7;44;46.000000;0.000000;0.000000;2873.000000;2873.000000;100.174338;0.000000;0.000000;-nan;        18s 981ms 795μs 227ns;            278ms 710μs 483ns
6bb34e;84;0;146;110;7;44;45.000000;0.000000;0.000000;2873.000000;2873.000000;100.000000;0.000000;0.000000;-nan;        16s 884ms 745μs 265ns;            369ms 886μs 397ns
6bb35c;108;0;172;154;8;44;46.000000;0.000000;0.000000;2882.000000;2882.000000;100.000000;0.000000;0.000000;-nan;        19s 253ms 311μs 644ns;         1s 332ms 621μs 557ns
6bb368;82;0;148;110;7;44;45.000000;0.000000;0.000000;2972.000000;2972.000000;103.302051;0.000000;0.000000;-nan;        16s 763ms 837μs 318ns;                        -572341420510766ns
6bb378;104;0;176;144;8;43;45.000000;0.000000;0.000000;2972.000000;2972.000000;103.481894;0.000000;0.000000;-nan;        19s 450ms 172μs 148ns;                        -1144692759537338ns
6bb349;47;0;120;75;6;43;0.000000;0.000000;-nan;2972.000000;2972.000000;100.000000;0.000000;0.000000;-nan;        11s 723ms 548μs 434ns;                          0ns
3b92c0;114;0;195;133;8;45;47.000000;0.000000;0.000000;2887.000000;2887.000000;100.208261;0.000000;0.000000;-nan;        26s 343ms 656μs 858ns;         1s 193ms 657μs 878ns
3b92cd;65;0;123;72;6;46;46.000000;46.000000;100.000000;2887.000000;2887.000000;100.000000;0.000000;0.000000;-nan;        18s 674ms 115μs 728ns;                          0ns
3b92d8;87;8;148;105;7;45;46.000000;0.000000;0.000000;2884.000000;2884.000000;100.000000;0.000000;0.000000;-nan;        21s 243ms 219μs 192ns;            312ms 912μs 643ns
3b9285;89;0;156;103;7;45;46.000000;0.000000;0.000000;2877.000000;2877.000000;100.000000;0.000000;0.000000;-nan;        22s 604ms 357μs 305ns;            769ms 242μs 407ns
3b9295;113;8;189;132;8;45;47.000000;0.000000;0.000000;2887.000000;2887.000000;100.312717;0.000000;0.000000;-nan;        25s 167ms 620μs 751ns;         1s 527ms  96μs 949ns
3b92a4;91;0;158;105;7;46;47.000000;0.000000;0.000000;2873.000000;2873.000000;100.034819;0.000000;0.000000;-nan;        23s  79ms 151μs 954ns;         1s 131ms 173μs 691ns
3b92ba;113;0;196;133;8;45;47.000000;0.000000;0.000000;2887.000000;2887.000000;100.592334;0.000000;0.000000;-nan;        25s 953ms 967μs 421ns;         1s 824ms 117μs 910ns
3b9267;92;0;158;94;7;47;48.000000;0.000000;0.000000;2869.000000;2869.000000;100.000000;0.000000;0.000000;-nan;        24s 798ms 323μs  46ns;            748ms 237μs 835ns
3b926b;91;0;160;103;7;46;47.000000;0.000000;0.000000;2875.000000;2875.000000;100.000000;0.000000;0.000000;-nan;        22s 184ms  47μs 509ns;         1s  86ms 871μs 934ns
3b9278;115;0;193;134;8;45;47.000000;0.000000;0.000000;2877.000000;2877.000000;100.104384;0.000000;0.000000;-nan;        25s 556ms 418μs   1ns;         1s 167ms 435μs 873ns
6b8119;130;8;210;180;9;44;47.000000;0.000000;0.000000;2868.000000;2868.000000;100.000000;0.000000;0.000000;-nan;        19s 541ms 187μs 718ns;         2s 874ms 759μs 940ns
6b8122;81;0;146;113;7;44;45.000000;0.000000;0.000000;2970.000000;2970.000000;103.376262;0.000000;0.000000;-nan;        18s 591ms 260μs 479ns;                        -572217166813864ns
6b80cf;228;0;301;229;14;50;153.000000;0.000000;0.000000;2999.000000;2999.000000;100.000000;0.000000;0.000000;-nan;        27s 630ms  83μs 543ns;                        -17739030817686619ns
6b80ee;82;0;148;110;7;44;45.000000;0.000000;0.000000;2972.000000;2972.000000;102.944233;0.000000;0.000000;-nan;        18s 194ms 123μs 602ns;                        -572215270322825ns
6b8103;81;0;151;108;7;44;45.000000;0.000000;0.000000;2883.000000;2883.000000;100.000000;0.000000;0.000000;-nan;        18s 276ms 326μs   6ns;            254ms 722μs 876ns
6b8090;97;20;170;137;8;43;45.000000;0.000000;0.000000;2972.000000;2972.000000;103.662365;0.000000;0.000000;-nan;        15s 888ms 219μs  32ns;                        -1144418794160438ns
6b80a1;80;0;147;113;7;44;45.000000;0.000000;0.000000;2878.000000;2878.000000;100.000000;0.000000;0.000000;-nan;        17s 937ms 250μs 706ns;            852ms  32μs 559ns
6b8069;43;0;123;82;6;44;0.000000;0.000000;-nan;2972.000000;2972.000000;100.000000;0.000000;0.000000;-nan;        13s 381ms 258μs 781ns;                          0ns
6b806e;81;0;143;116;7;44;45.000000;0.000000;0.000000;2972.000000;2972.000000;103.122831;0.000000;0.000000;-nan;        17s 791ms 493μs 217ns;                        -572213336892860ns
6b807f;83;0;144;113;7;44;45.000000;0.000000;0.000000;2972.000000;2972.000000;103.481894;0.000000;0.000000;-nan;        17s 503ms 426μs 414ns;                        -1144425983583739ns
3b6208;114;0;197;131;8;45;47.000000;0.000000;0.000000;2880.000000;2880.000000;100.000000;0.000000;0.000000;-nan;        24s 228ms 713μs 233ns;         1s 208ms 722μs 311ns
3b6219;88;3;151;106;7;45;46.000000;0.000000;0.000000;2877.000000;2877.000000;100.000000;0.000000;0.000000;-nan;        21s 342ms 329μs 408ns;            393ms 552μs 973ns
3b6226;65;0;123;72;6;46;46.000000;46.000000;100.000000;2887.000000;2887.000000;100.000000;0.000000;0.000000;-nan;        17s 752ms 392μs 796ns;                          0ns
3b6235;64;0;112;84;6;46;46.000000;46.000000;100.000000;2878.000000;2878.000000;100.000000;0.000000;0.000000;-nan;        19s 465ms 116μs 474ns;                          0ns
3b61cb;89;0;156;103;7;45;46.000000;0.000000;0.000000;2874.000000;2874.000000;100.000000;0.000000;0.000000;-nan;        21s 761ms 550μs 349ns;            479ms  35μs 921ns
3b61da;88;0;156;104;7;45;46.000000;0.000000;0.000000;2873.000000;2873.000000;100.000000;0.000000;0.000000;-nan;        19s 977ms 461μs 225ns;            294ms 541μs 936ns
3b61e9;89;0;148;111;7;45;46.000000;0.000000;0.000000;2882.000000;2882.000000;100.000000;0.000000;0.000000;-nan;        22s 818ms 626μs 787ns;            645ms 245μs  76ns
3b61f8;114;0;182;146;8;45;47.000000;0.000000;0.000000;2878.000000;2878.000000;100.104348;0.000000;0.000000;-nan;        24s 646ms 420μs 837ns;         1s 449ms 301μs 134ns
3b61ba;89;0;154;105;7;45;46.000000;0.000000;0.000000;2884.000000;2884.000000;100.000000;0.000000;0.000000;-nan;        20s 996ms 842μs 138ns;            295ms 329μs 905ns
3b61bf;114;0;199;129;8;45;47.000000;0.000000;0.000000;2887.000000;2887.000000;100.208261;0.000000;0.000000;-nan;        23s 880ms  58μs 565ns;         1s 443ms  55μs 715ns
6b508e;100;0;186;138;8;43;45.000000;0.000000;0.000000;2970.000000;2970.000000;103.017690;0.000000;0.000000;-nan;        18s 614ms 523μs 366ns;                        -572094446346236ns
6b509c;81;0;146;113;7;44;45.000000;0.000000;0.000000;2887.000000;2887.000000;100.000000;0.000000;0.000000;-nan;        18s 175ms 573μs 306ns;            379ms 359μs 285ns
6b50a9;81;0;149;110;7;44;45.000000;0.000000;0.000000;2970.000000;2970.000000;103.196664;0.000000;0.000000;-nan;        17s 902ms 678μs 583ns;                        -572089881431774ns
6b50b6;83;0;146;111;7;44;45.000000;0.000000;0.000000;2972.000000;2972.000000;103.122831;0.000000;0.000000;-nan;        18s 391ms 972μs  73ns;                        -1716272482662026ns
6b5053;84;0;140;116;7;44;45.000000;0.000000;0.000000;2972.000000;2972.000000;103.302051;0.000000;0.000000;-nan;        16s 742ms  64μs 456ns;                        -572086543590748ns
6b5068;155;106;146;119;13;52;169.000000;0.000000;0.000000;2999.000000;2999.000000;100.000000;0.000000;0.000000;-nan;        24s 335ms 756μs 608ns;                        -9153580168353720ns
6b5076;81;0;146;113;7;44;45.000000;0.000000;0.000000;2972.000000;2972.000000;103.626220;0.000000;0.000000;-nan;        16s 939ms 846μs 195ns;                        -572087002938629ns
6b507d;85;0;141;114;7;44;45.000000;0.000000;0.000000;2872.000000;2872.000000;100.000000;0.000000;0.000000;-nan;        17s 248ms 700μs 702ns;            342ms  11μs 739ns
6b503d;54;0;114;80;6;44;0.000000;0.000000;-nan;2972.000000;2972.000000;100.000000;0.000000;0.000000;-nan;        11s 969ms 492μs 970ns;                          0ns
6b5041;82;0;147;111;7;44;45.000000;0.000000;0.000000;2873.000000;2873.000000;100.000000;0.000000;0.000000;-nan;        16s 481ms 678μs 383ns;            575ms 451μs   9ns
b430e;82;0;83;85;8;21;24.000000;0.000000;0.000000;1701.000000;1701.000000;100.235710;0.000000;0.000000;-nan;         8s 849ms 158μs 268ns;            888ms 913μs 782ns
b431b;66;0;78;64;7;21;23.000000;0.000000;0.000000;1701.000000;1701.000000;100.058824;0.000000;0.000000;-nan;         8s 243ms 859μs 215ns;            363ms  55μs 702ns
b4323;54;0;66;48;6;22;23.000000;0.000000;0.000000;1701.000000;1701.000000;100.000000;0.000000;0.000000;-nan;         7s 581ms 545μs 706ns;            339ms 203μs 170ns
b42c0;64;0;68;62;6;27;28.000000;0.000000;0.000000;2149.000000;2149.000000;100.000000;0.000000;0.000000;-nan;         7s 664ms 862μs  35ns;            448ms 517μs 103ns
b42d0;54;0;64;56;6;24;25.000000;0.000000;0.000000;1883.000000;1883.000000;100.000000;0.000000;0.000000;-nan;         7s 259ms 109μs 506ns;            423ms 534μs 958ns
b42e1;107;0;96;89;8;25;28.000000;0.000000;0.000000;1761.000000;1761.000000;100.113701;0.000000;0.000000;-nan;         9s  45ms 573μs  14ns;         1s 168ms 502μs 579ns
b42f7;49;0;67;52;6;22;23.000000;0.000000;0.000000;1699.000000;1699.000000;100.000000;0.000000;0.000000;-nan;         7s  11ms 939μs 233ns;            121ms 544μs 198ns
b42fd;72;0;74;74;7;23;26.000000;0.000000;0.000000;1699.000000;1699.000000;100.058893;0.000000;0.000000;-nan;         8s 194ms 369μs 299ns;         2s 106ms 760μs  75ns
b42ad;72;0;89;67;8;22;27.000000;0.000000;0.000000;1700.000000;1700.000000;99.882491;0.000000;0.000000;-nan;         8s 755ms 136μs 768ns;            730ms 266μs 163ns
b42b2;59;0;65;56;6;25;26.000000;0.000000;0.000000;1763.000000;1763.000000;100.000000;0.000000;0.000000;-nan;         6s 530ms 234μs 230ns;            144ms 554μs 571ns
3b308e;88;0;160;100;7;45;46.000000;0.000000;0.000000;2887.000000;2887.000000;100.000000;0.000000;0.000000;-nan;        24s 374ms 342μs 444ns;            484ms 557μs 804ns
3b3056;114;3;197;128;8;45;47.000000;0.000000;0.000000;2887.000000;2887.000000;100.208261;0.000000;0.000000;-nan;        25s 649ms 396μs 983ns;         1s 591ms 167μs  76ns
3b3065;89;0;145;114;7;45;46.000000;0.000000;0.000000;2878.000000;2878.000000;100.000000;0.000000;0.000000;-nan;        24s 737ms 752μs  95ns;            273ms 337μs 396ns
3b3073;88;0;147;113;7;45;46.000000;0.000000;0.000000;2874.000000;2874.000000;100.000000;0.000000;0.000000;-nan;        23s 966ms 876μs 297ns;            291ms 486μs 495ns
3b3002;89;0;152;107;7;45;46.000000;0.000000;0.000000;2877.000000;2877.000000;100.000000;0.000000;0.000000;-nan;        23s 285ms 727μs 413ns;            498ms 777μs 779ns
3b3010;90;0;148;106;7;47;48.000000;0.000000;0.000000;2941.000000;2941.000000;100.000000;0.000000;0.000000;-nan;        23s 630ms 281μs 353ns;            380ms   1μs 102ns
3b301d;112;0;202;128;8;45;47.000000;0.000000;0.000000;2887.000000;2887.000000;100.104022;0.000000;0.000000;-nan;        25s 118ms 535μs 347ns;         1s 517ms 955μs 857ns
3b3031;92;8;136;118;7;46;47.000000;0.000000;0.000000;2875.000000;2875.000000;100.000000;0.000000;0.000000;-nan;        20s 540ms  90μs  92ns;            924ms 855μs 811ns
3b303e;115;0;192;135;8;45;47.000000;0.000000;0.000000;2870.000000;2870.000000;99.930362;0.000000;0.000000;-nan;        26s  16ms 452μs 599ns;         1s 270ms 383μs 453ns
3b2fff;89;0;157;102;7;45;46.000000;0.000000;0.000000;2873.000000;2873.000000;100.000000;0.000000;0.000000;-nan;        22s 215ms 785μs 866ns;            753ms 707μs 569ns
6b21d5;82;0;148;110;7;44;45.000000;0.000000;0.000000;2970.000000;2970.000000;103.376262;0.000000;0.000000;-nan;        17s 310ms 241μs 178ns;                        -571969119057861ns
6b21ea;81;0;152;107;7;44;45.000000;0.000000;0.000000;2970.000000;2970.000000;103.017690;0.000000;0.000000;-nan;        16s 952ms 231μs 227ns;                        -571967980722449ns
6b21f3;59;0;112;83;6;45;45.000000;45.000000;100.000000;2887.000000;2887.000000;100.000000;0.000000;0.000000;-nan;        15s 799ms   3μs 548ns;                          0ns
6b21a8;132;0;152;114;11;52;159.000000;0.000000;0.000000;2999.000000;2999.000000;100.000000;0.000000;0.000000;-nan;        20s 961ms 821μs 440ns;                        -3431816442754229ns
6b21c2;84;0;143;113;7;44;45.000000;0.000000;0.000000;2972.000000;2972.000000;103.481894;0.000000;0.000000;-nan;        17s 189ms 691μs 166ns;                        -1143937343358825ns
6b2155;81;0;148;111;7;44;45.000000;0.000000;0.000000;2878.000000;2878.000000;100.000000;0.000000;0.000000;-nan;        16s  98ms 383μs 911ns;            631ms 270μs 731ns
6b216a;75;20;132;113;7;44;45.000000;0.000000;0.000000;2972.000000;2972.000000;103.302051;0.000000;0.000000;-nan;        11s 105ms 629μs 896ns;                        -571960671844509ns
6b217b;79;0;145;116;7;44;45.000000;0.000000;0.000000;2868.000000;2868.000000;100.000000;0.000000;0.000000;-nan;        16s 805ms 641μs  55ns;            260ms 310μs 490ns
6b213f;54;0;111;77;6;43;0.000000;0.000000;-nan;2972.000000;2972.000000;100.000000;0.000000;0.000000;-nan;        12s 585ms 599μs 889ns;                          0ns
6b2144;102;0;178;144;8;43;45.000000;0.000000;0.000000;2972.000000;2972.000000;103.122831;0.000000;0.000000;-nan;        17s 868ms 320μs  80ns;                        -1143938492153827ns
3b01c9;71;0;105;76;6;48;48.000000;48.000000;100.000000;2872.000000;2872.000000;100.000000;0.000000;0.000000;-nan;        16s 672ms 107μs 492ns;                          0ns
3b01dd;73;0;113;74;6;46;46.000000;46.000000;100.000000;2887.000000;2887.000000;100.000000;0.000000;0.000000;-nan;        17s 531ms 102μs 560ns;                          0ns
3b01f6;89;0;138;113;7;44;45.000000;0.000000;0.000000;2855.000000;2855.000000;100.000000;0.000000;0.000000;-nan;        19s 143ms 311μs 310ns;            788ms  77μs 565ns
3b0183;84;0;137;111;7;43;44.000000;0.000000;0.000000;2842.000000;2842.000000;100.000000;0.000000;0.000000;-nan;        18s 304ms 867μs 246ns;            455ms 977μs 490ns
3b0192;93;0;144;111;7;45;46.000000;0.000000;0.000000;2871.000000;2871.000000;100.000000;0.000000;0.000000;-nan;        18s 736ms 682μs 285ns;            464ms 319μs 410ns
3b01a4;131;0;164;105;11;49;0.000000;0.000000;-nan;2999.000000;2999.000000;100.000000;0.000000;0.000000;-nan;        23s 472ms 487μs 528ns;                        -6490208494841346ns
3b01b4;89;8;141;110;7;45;46.000000;0.000000;0.000000;2874.000000;2874.000000;100.000000;0.000000;0.000000;-nan;        17s 214ms 362μs 407ns;            457ms 200μs 529ns
3b0154;46;0;113;73;6;41;0.000000;0.000000;-nan;2746.000000;2746.000000;100.000000;0.000000;0.000000;-nan;        14s  83ms 997μs 408ns;                          0ns
3b0159;89;8;137;106;7;44;45.000000;0.000000;0.000000;2856.000000;2856.000000;100.000000;0.000000;0.000000;-nan;        15s   1ms 806μs 257ns;            952ms 230μs 697ns
3b016e;90;0;138;120;7;45;46.000000;0.000000;0.000000;2868.000000;2868.000000;100.000000;0.000000;0.000000;-nan;        17s 946ms 125μs 217ns;            471ms 513μs  64ns
6af09a;81;0;141;118;7;44;45.000000;0.000000;0.000000;2887.000000;2887.000000;100.000000;0.000000;0.000000;-nan;        17s 864ms 136μs 692ns;            275ms 946μs 547ns
6af0af;79;0;152;109;7;44;45.000000;0.000000;0.000000;2883.000000;2883.000000;100.000000;0.000000;0.000000;-nan;        18s 454ms 461μs 613ns;            840ms 703μs 257ns
6af06e;77;0;120;99;7;44;46.000000;0.000000;0.000000;2970.000000;2970.000000;103.196664;0.000000;0.000000;-nan;        17s 454ms 246μs 759ns;                        -571836525712210ns
6af087;79;0;146;115;7;44;45.000000;0.000000;0.000000;2972.000000;2972.000000;103.122831;0.000000;0.000000;-nan;        17s 566ms 304μs 393ns;                        -571841990941543ns
6af019;80;8;140;112;7;44;45.000000;0.000000;0.000000;2972.000000;2972.000000;103.481894;0.000000;0.000000;-nan;        13s 846ms 953μs 130ns;                        -571835568878725ns
6af032;101;8;173;152;8;44;46.000000;0.000000;0.000000;2868.000000;2868.000000;100.000000;0.000000;0.000000;-nan;        18s 675ms 237μs 193ns;         1s 555ms 961μs 832ns
6af04a;234;0;288;202;15;52;151.000000;0.000000;0.000000;2999.000000;2999.000000;100.000000;0.000000;0.000000;-nan;        26s 804ms 600μs 247ns;                        -18871108629948184ns
6aeff2;57;0;108;83;6;44;0.000000;0.000000;-nan;2972.000000;2972.000000;100.000000;0.000000;0.000000;-nan;        12s 765ms 731μs 793ns;                          0ns
6aeff7;80;0;148;112;7;44;45.000000;0.000000;0.000000;2873.000000;2873.000000;100.000000;0.000000;0.000000;-nan;        17s 233ms 599μs 821ns;            783ms 389μs 602ns
6af008;75;8;112;101;7;44;46.000000;0.000000;0.000000;2972.000000;2972.000000;103.302051;0.000000;0.000000;-nan;        13s 631ms 433μs 276ns;                        -571833053681121ns
3ad4d3;66;0;113;79;7;38;40.000000;0.000000;0.000000;2659.000000;2659.000000;100.000000;0.000000;0.000000;-nan;        15s 145ms 296μs 329ns;            550ms   3μs  48ns
3ad480;63;0;141;94;7;38;39.000000;0.000000;0.000000;2658.000000;2658.000000;100.000000;0.000000;0.000000;-nan;        14s 701ms  24μs 175ns;            294ms 367μs 434ns
3ad492;59;0;142;97;7;38;39.000000;0.000000;0.000000;2655.000000;2655.000000;100.000000;0.000000;0.000000;-nan;        13s 877ms 865μs 532ns;            241ms 597μs 163ns
3ad49e;62;0;127;103;7;37;38.000000;0.000000;0.000000;2652.000000;2652.000000;100.000000;0.000000;0.000000;-nan;        13s 973ms 687μs 729ns;            237ms 868μs 210ns
3ad4ac;65;0;109;84;7;38;40.000000;0.000000;0.000000;2658.000000;2658.000000;100.075301;0.000000;0.000000;-nan;        15s 134ms 269μs 467ns;            517ms 551μs 259ns
3ad4bc;76;0;141;107;7;42;43.000000;0.000000;0.000000;2855.000000;2855.000000;100.000000;0.000000;0.000000;-nan;        14s 924ms 269μs 730ns;         1s  90ms 332μs 823ns
3ad451;64;0;119;75;7;38;40.000000;0.000000;0.000000;2658.000000;2658.000000;100.150716;0.000000;0.000000;-nan;        14s 599ms   8μs 170ns;            255ms 933μs 623ns
3ad454;93;0;176;135;8;41;43.000000;0.000000;0.000000;2746.000000;2746.000000;100.072886;0.000000;0.000000;-nan;        16s 140ms 693μs 546ns;                        -2162990187874225ns
3ad463;87;0;110;91;7;43;45.000000;0.000000;0.000000;2855.000000;2855.000000;100.422089;0.000000;0.000000;-nan;        15s 560ms 969μs 311ns;            282ms 207μs 305ns
3ad46f;93;0;147;132;9;37;42.000000;0.000000;0.000000;2652.000000;2652.000000;99.962307;0.000000;0.000000;-nan;        16s 189ms 387μs 436ns;            735ms 866μs 317ns
6abe0d;80;0;141;119;7;44;45.000000;0.000000;0.000000;2877.000000;2877.000000;100.000000;0.000000;0.000000;-nan;        17s 727ms 348μs 684ns;            256ms 846μs 848ns
6abe14;82;4;144;110;7;44;45.000000;0.000000;0.000000;2878.000000;2878.000000;100.000000;0.000000;0.000000;-nan;        16s 457ms 295μs 907ns;            610ms 713μs 600ns
6abe26;79;0;154;107;7;44;45.000000;0.000000;0.000000;2883.000000;2883.000000;100.000000;0.000000;0.000000;-nan;        18s 194ms 582μs 772ns;            506ms 828μs 110ns
6abe3a;82;0;142;116;7;44;45.000000;0.000000;0.000000;2887.000000;2887.000000;100.000000;0.000000;0.000000;-nan;        17s 901ms 673μs 949ns;            723ms 859μs 238ns
6abdd8;85;0;141;114;7;44;45.000000;0.000000;0.000000;2882.000000;2882.000000;100.000000;0.000000;0.000000;-nan;        16s 923ms 103μs   6ns;            242ms  47μs 819ns
6abde8;85;0;141;114;7;44;45.000000;0.000000;0.000000;2872.000000;2872.000000;100.000000;0.000000;0.000000;-nan;        17s 465ms 216μs 854ns;            433ms 704μs 629ns
6abdfa;82;0;145;113;7;44;45.000000;0.000000;0.000000;2970.000000;2970.000000;103.556485;0.000000;0.000000;-nan;        17s 114ms 460μs 743ns;                        -571710054546326ns
6abda3;47;0;121;80;6;44;0.000000;0.000000;-nan;2972.000000;2972.000000;100.000000;0.000000;0.000000;-nan;         7s 691ms 265μs 930ns;                          0ns
6abda7;82;0;148;110;7;44;45.000000;0.000000;0.000000;2970.000000;2970.000000;103.376262;0.000000;0.000000;-nan;        16s 619ms 759μs 343ns;                        -571708640476800ns
6abdc1;280;0;343;269;16;50;154.000000;0.000000;0.000000;2999.000000;2999.000000;100.000000;0.000000;0.000000;-nan;        28s 425ms 378μs 159ns;                        -24584129621896460ns
abb89;65;0;72;61;7;25;29.000000;0.000000;0.000000;1696.000000;1696.000000;99.941072;0.000000;0.000000;-nan;         8s 529ms  41μs 168ns;            316ms 328μs 345ns
abb93;60;0;62;58;6;25;26.000000;0.000000;0.000000;1699.000000;1699.000000;100.000000;0.000000;0.000000;-nan;         8s 387ms 412μs 246ns;            650ms 223μs 675ns
abb4e;51;0;58;53;6;21;22.000000;0.000000;0.000000;1701.000000;1701.000000;100.000000;0.000000;0.000000;-nan;         7s 665ms 697μs  37ns;            128ms 592μs 500ns
abb5d;60;0;63;57;6;25;26.000000;0.000000;0.000000;1723.000000;1723.000000;100.000000;0.000000;0.000000;-nan;         7s 336ms 566μs  99ns;            146ms 318μs 189ns
abb64;58;0;60;56;6;24;25.000000;0.000000;0.000000;1698.000000;1698.000000;100.000000;0.000000;0.000000;-nan;         6s 497ms 558μs  72ns;            710ms 429μs  25ns
abb75;56;0;61;51;6;22;23.000000;0.000000;0.000000;1700.000000;1700.000000;100.000000;0.000000;0.000000;-nan;         7s 414ms 528μs 934ns;            782ms 730μs 360ns
abb22;70;0;64;66;6;28;29.000000;0.000000;0.000000;1835.000000;1835.000000;100.000000;0.000000;0.000000;-nan;         7s 594ms  34μs 938ns;            408ms 409μs 675ns
abb29;89;0;74;89;7;27;29.000000;0.000000;0.000000;2150.000000;2150.000000;104.929234;0.000000;0.000000;-nan;         8s 530ms 994μs 898ns;            986ms 489μs 799ns
abb32;64;0;65;59;6;26;27.000000;0.000000;0.000000;1759.000000;1759.000000;100.000000;0.000000;0.000000;-nan;         6s 346ms 551μs 347ns;            364ms 678μs  77ns
abb39;62;0;63;63;6;26;27.000000;0.000000;0.000000;1833.000000;1833.000000;100.000000;0.000000;0.000000;-nan;         6s 604ms  14μs 333ns;            429ms 782μs 440ns
3aa708;61;0;136;95;7;37;38.000000;0.000000;0.000000;2655.000000;2655.000000;100.000000;0.000000;0.000000;-nan;        16s  47ms 553μs 127ns;            249ms 611μs 980ns
3aa6de;123;0;186;153;9;42;46.000000;0.000000;0.000000;2855.000000;2855.000000;100.000000;0.000000;0.000000;-nan;        17s 304ms 171μs  98ns;                        -540661147668107ns
3aa6f2;67;0;104;87;7;38;40.000000;0.000000;0.000000;2652.000000;2652.000000;100.000000;0.000000;0.000000;-nan;        15s 438ms 794μs 295ns;            370ms 108μs 807ns
3aa68f;87;0;122;115;7;42;43.000000;0.000000;0.000000;2744.000000;2744.000000;100.000000;0.000000;0.000000;-nan;        14s 561ms 676μs 983ns;            337ms 740μs 740ns
3aa6a4;59;19;131;89;7;38;39.000000;0.000000;0.000000;2659.000000;2659.000000;100.075273;0.000000;0.000000;-nan;         9s  56ms 824μs 957ns;         1s 922ms 307μs 389ns
3aa6b5;68;3;106;81;7;38;40.000000;0.000000;0.000000;2655.000000;2655.000000;100.037679;0.000000;0.000000;-nan;        14s 205ms 579μs 370ns;            369ms 395μs 259ns
3aa653;85;0;131;120;8;38;41.000000;0.000000;0.000000;2652.000000;2652.000000;99.962307;0.000000;0.000000;-nan;        16s 273ms  56μs 969ns;            853ms 483μs 274ns
3aa658;86;0;145;105;8;38;41.000000;0.000000;0.000000;2656.000000;2656.000000;100.000000;0.000000;0.000000;-nan;        16s 369ms 454μs 746ns;         1s 493ms 703μs 152ns
3aa668;66;0;141;91;7;38;39.000000;0.000000;0.000000;2658.000000;2658.000000;100.000000;0.000000;0.000000;-nan;        14s 654ms 182μs 903ns;            569ms 466μs 647ns
3aa67b;82;0;111;105;7;38;39.000000;0.000000;0.000000;2651.000000;2651.000000;100.000000;0.000000;0.000000;-nan;        14s 162ms 356μs 521ns;            462ms 142μs 861ns
6a8c52;81;0;148;111;7;44;45.000000;0.000000;0.000000;2878.000000;2878.000000;100.000000;0.000000;0.000000;-nan;        16s 959ms 579μs 909ns;            813ms 344μs 512ns
6a8c5e;81;0;147;112;7;44;45.000000;0.000000;0.000000;2868.000000;2868.000000;100.000000;0.000000;0.000000;-nan;        17s  85ms 348μs 801ns;            245ms 147μs 634ns
6a8c6e;79;0;149;112;7;44;45.000000;0.000000;0.000000;2873.000000;2873.000000;100.000000;0.000000;0.000000;-nan;        17s 870ms 865μs 817ns;            374ms 743μs 970ns
6a8c7e;80;0;148;112;7;44;45.000000;0.000000;0.000000;2970.000000;2970.000000;103.017690;0.000000;0.000000;-nan;        17s 663ms 246μs 377ns;                        -571582742911117ns
6a8c8a;81;0;146;113;7;44;45.000000;0.000000;0.000000;2887.000000;2887.000000;100.000000;0.000000;0.000000;-nan;        18s 101ms  51μs 732ns;            249ms 635μs 802ns
6a8c1e;82;0;145;113;7;44;45.000000;0.000000;0.000000;2972.000000;2972.000000;103.122831;0.000000;0.000000;-nan;        16s 205ms 144μs 536ns;                        -571579517055690ns
6a8c2e;85;0;141;114;7;44;45.000000;0.000000;0.000000;2877.000000;2877.000000;100.000000;0.000000;0.000000;-nan;        16s  27ms 836μs 992ns;            510ms 641μs 167ns
6a8c3e;258;0;236;226;16;54;164.000000;0.000000;0.000000;2999.000000;2999.000000;100.000000;0.000000;0.000000;-nan;        27s 774ms 913μs 682ns;                        -27436534596579243ns
6a8c08;47;0;123;78;6;44;0.000000;0.000000;-nan;2972.000000;2972.000000;100.000000;0.000000;0.000000;-nan;        11s 929ms  78μs 108ns;                          0ns
6a8c0c;95;0;162;123;8;43;46.000000;0.000000;0.000000;2970.000000;2970.000000;103.520390;0.000000;0.000000;-nan;        18s 390ms  30μs  88ns;                        -1143163315777730ns
3a7780;154;0;199;179;10;37;41.000000;0.000000;0.000000;2655.000000;2655.000000;99.962349;0.000000;0.000000;-nan;        20s 186ms 681μs 381ns;         2s 286ms 749μs 425ns
3a7787;66;0;62;58;6;31;32.000000;0.000000;0.000000;2215.000000;2215.000000;100.000000;0.000000;0.000000;-nan;        11s 643ms  67μs 452ns;            194ms 673μs 421ns
3a778f;79;1;115;89;7;36;37.000000;0.000000;0.000000;2409.000000;2409.000000;100.000000;0.000000;0.000000;-nan;        13s 978ms 905μs 700ns;            306ms 718μs 291ns
3a77a2;77;0;108;93;7;35;36.000000;0.000000;0.000000;2262.000000;2262.000000;100.000000;0.000000;0.000000;-nan;        16s 139ms 990μs 835ns;            702ms 522μs 423ns
3a77b8;72;0;114;92;7;35;36.000000;0.000000;0.000000;2263.000000;2263.000000;100.000000;0.000000;0.000000;-nan;        16s 145ms 141μs 100ns;         1s 119ms  32μs 871ns
3a7744;94;0;111;99;7;39;40.000000;0.000000;0.000000;2536.000000;2536.000000;100.000000;0.000000;0.000000;-nan;        16s 606ms 165μs 386ns;            502ms 346μs 585ns
3a774a;101;0;137;132;8;37;39.000000;0.000000;0.000000;2652.000000;2652.000000;100.000000;0.000000;0.000000;-nan;        16s 342ms 345μs 591ns;         1s 161ms  88μs 337ns
3a7752;72;0;109;97;7;35;36.000000;0.000000;0.000000;2281.000000;2281.000000;100.000000;0.000000;0.000000;-nan;        14s  60ms 569μs 974ns;            505ms 303μs 213ns
3a7767;121;0;118;105;9;38;44.000000;0.000000;0.000000;2655.000000;2655.000000;105.231867;0.000000;0.000000;-nan;        20s  43ms 767μs 866ns;         1s 338ms 418μs 723ns
3a7776;93;0;94;99;8;36;40.000000;0.000000;0.000000;2409.000000;2409.000000;99.958506;0.000000;0.000000;-nan;        18s 779ms  58μs 825ns;         1s 976ms 750μs 873ns
6a5ccd;119;0;142;95;10;51;0.000000;0.000000;-nan;2999.000000;2999.000000;100.000000;0.000000;0.000000;-nan;        21s 909ms 433μs 258ns;                        -6857610148751315ns
6a5ce3;80;0;150;110;7;44;45.000000;0.000000;0.000000;2878.000000;2878.000000;100.000000;0.000000;0.000000;-nan;        15s 310ms 969μs 656ns;            428ms 594μs 760ns
6a5ced;80;0;150;110;7;44;45.000000;0.000000;0.000000;2883.000000;2883.000000;100.000000;0.000000;0.000000;-nan;        18s 332ms 169μs 105ns;            836ms 849μs 314ns
6a5d08;79;8;141;112;7;44;45.000000;0.000000;0.000000;2887.000000;2887.000000;100.000000;0.000000;0.000000;-nan;        16s 551ms 805μs 541ns;            430ms 916μs 241ns
6a5c91;103;0;176;145;8;43;45.000000;0.000000;0.000000;2972.000000;2972.000000;103.481894;0.000000;0.000000;-nan;        18s 658ms 332μs 137ns;                        -571462553405156ns
6a5ca3;81;0;148;111;7;44;45.000000;0.000000;0.000000;2972.000000;2972.000000;103.122831;0.000000;0.000000;-nan;        17s 258ms 985μs 473ns;                        -571457726693020ns
6a5cb0;81;0;148;111;7;44;45.000000;0.000000;0.000000;2873.000000;2873.000000;100.000000;0.000000;0.000000;-nan;        17s 688ms 488μs 387ns;            683ms 404μs 785ns
6a5cc3;91;86;140;107;8;43;45.000000;0.000000;0.000000;2970.000000;2970.000000;103.556485;0.000000;0.000000;-nan;        19s  61ms 434μs 612ns;                        -1142925845376296ns
6a5c80;47;0;120;81;6;44;0.000000;0.000000;-nan;2972.000000;2972.000000;100.000000;0.000000;0.000000;-nan;        13s 410ms 884μs 272ns;                          0ns
6a5c84;81;0;143;116;7;44;45.000000;0.000000;0.000000;2972.000000;2972.000000;103.302051;0.000000;0.000000;-nan;        17s 476ms  68μs 749ns;                        -571458944652013ns
3a4d00;69;22;58;67;6;30;31.000000;0.000000;0.000000;2047.000000;2047.000000;100.000000;0.000000;0.000000;-nan;         2s 159ms 472μs 868ns;         1s 645ms 124μs 442ns
3a4cc8;58;0;80;70;6;29;30.000000;0.000000;0.000000;2155.000000;2155.000000;100.000000;0.000000;0.000000;-nan;         8s 956ms 667μs  98ns;            188ms 910μs 233ns
3a4cd3;81;0;73;80;7;28;30.000000;0.000000;0.000000;2047.000000;2047.000000;100.048876;0.000000;0.000000;-nan;        11s 857ms 654μs 812ns;            766ms 652μs 574ns
3a4cdf;46;0;94;68;6;29;30.000000;0.000000;0.000000;2048.000000;2048.000000;100.000000;0.000000;0.000000;-nan;         7s 694ms  73μs 700ns;            179ms 434μs 883ns
3a4cf0;46;0;69;65;6;25;26.000000;0.000000;0.000000;1890.000000;1890.000000;100.000000;0.000000;0.000000;-nan;         9s 148ms 221μs  61ns;            177ms 533μs 333ns
3a4c97;85;0;115;92;7;37;38.000000;0.000000;0.000000;2419.000000;2419.000000;100.000000;0.000000;0.000000;-nan;        13s 486ms 352μs  19ns;            236ms 738μs 460ns
3a4c9c;74;0;78;74;7;33;35.000000;0.000000;0.000000;2187.000000;2187.000000;100.045746;0.000000;0.000000;-nan;        13s 565ms 279μs 491ns;                        -540502842950433ns
3a4caa;86;0;127;101;8;31;33.000000;0.000000;0.000000;2152.000000;2152.000000;100.000000;0.000000;0.000000;-nan;        13s 649ms 163μs 390ns;         1s  99ms 313μs 372ns
3a4cb3;84;0;75;83;7;29;31.000000;0.000000;0.000000;2047.000000;2047.000000;100.146771;0.000000;0.000000;-nan;        11s 465ms 754μs 304ns;         1s 424ms 663μs 957ns
3a4cbb;95;0;97;112;7;39;40.000000;0.000000;0.000000;2409.000000;2409.000000;100.000000;0.000000;0.000000;-nan;        13s 204ms 472μs 311ns;            705ms 884μs 419ns
a3400;110;0;57;95;8;27;31.000000;0.000000;0.000000;1702.000000;1702.000000;100.412979;0.000000;0.000000;-nan;        10s 124ms 506μs 371ns;         1s  50ms  53μs 318ns
a3411;99;0;63;90;7;27;29.000000;0.000000;0.000000;1698.000000;1698.000000;100.058928;0.000000;0.000000;-nan;         9s 148ms 473μs 273ns;         1s 521ms 541μs 904ns
a341a;60;0;51;57;6;22;23.000000;0.000000;0.000000;1566.000000;1566.000000;100.000000;0.000000;0.000000;-nan;         7s 887ms 458μs 637ns;            360ms 646μs 792ns
a33c0;59;0;45;58;6;21;22.000000;0.000000;0.000000;1564.000000;1564.000000;100.000000;0.000000;0.000000;-nan;         7s 621ms 800μs 491ns;            168ms  78μs 601ns
a33d1;62;0;70;60;7;24;29.000000;0.000000;0.000000;1701.000000;1701.000000;100.294811;0.000000;0.000000;-nan;         8s 849ms 266μs 366ns;            614ms 775μs 449ns
a33dc;55;0;48;59;6;21;22.000000;0.000000;0.000000;1569.000000;1569.000000;100.000000;0.000000;0.000000;-nan;         7s 967ms 347μs 918ns;            126ms 311μs 518ns
a33e8;51;0;64;55;7;21;25.000000;0.000000;0.000000;1568.000000;1568.000000;100.063816;0.000000;0.000000;-nan;         7s 941ms  39μs 359ns;         1s 255ms 399μs 880ns
a33f3;49;0;60;45;6;20;21.000000;0.000000;0.000000;1563.000000;1563.000000;100.000000;0.000000;0.000000;-nan;         6s 891ms 159μs   7ns;            124ms 163μs 831ns
a33ad;89;0;52;87;7;23;29.000000;0.000000;0.000000;1567.000000;1567.000000;100.384369;0.000000;0.000000;-nan;         8s 739ms 965μs  60ns;            558ms 477μs 952ns
a33b3;60;0;47;61;6;22;23.000000;0.000000;0.000000;1569.000000;1569.000000;100.063776;0.000000;0.000000;-nan;         7s 459ms 593μs 767ns;            798ms 501μs 139ns
6a2e13;81;0;143;116;7;44;45.000000;0.000000;0.000000;2887.000000;2887.000000;100.000000;0.000000;0.000000;-nan;        18s 609ms 962μs 486ns;            427ms  89μs 162ns
6a2dcd;84;0;141;115;7;44;45.000000;0.000000;0.000000;2872.000000;2872.000000;100.000000;0.000000;0.000000;-nan;        17s 796ms  37μs 592ns;            341ms 193μs 458ns
6a2de2;80;0;147;113;7;44;45.000000;0.000000;0.000000;2878.000000;2878.000000;100.000000;0.000000;0.000000;-nan;        18s 192ms 635μs 563ns;            672ms 208μs 979ns
6a2df8;110;102;138;82;11;50;0.000000;0.000000;-nan;2999.000000;2999.000000;100.000000;0.000000;0.000000;-nan;        20s 884ms 726μs 356ns;                        -9141451179976322ns
6a2e04;78;0;152;110;7;44;45.000000;0.000000;0.000000;2883.000000;2883.000000;100.000000;0.000000;0.000000;-nan;        18s 371ms 123μs 652ns;            401ms 886μs 609ns
6a2da1;105;0;177;142;8;43;45.000000;0.000000;0.000000;2972.000000;2972.000000;103.122831;0.000000;0.000000;-nan;        19s  33ms 581μs 333ns;                        -2285351658325121ns
6a2db8;83;0;146;111;7;44;45.000000;0.000000;0.000000;2970.000000;2970.000000;103.376262;0.000000;0.000000;-nan;        17s 929ms 262μs 703ns;                        -571336708054746ns
6a2d5c;47;0;118;83;6;44;0.000000;0.000000;-nan;2972.000000;2972.000000;100.000000;0.000000;0.000000;-nan;        12s 313ms  25μs 691ns;                          0ns
6a2d5f;70;20;107;99;7;44;46.000000;0.000000;0.000000;2972.000000;2972.000000;103.590101;0.000000;0.000000;-nan;         9s 210ms 748μs 629ns;                        -571327836384985ns
6a2d72;81;0;145;114;7;44;45.000000;0.000000;0.000000;2972.000000;2972.000000;103.302051;0.000000;0.000000;-nan;        17s  25ms 661μs 630ns;                        -571334439117935ns
3a21de;44;0;74;70;6;26;27.000000;0.000000;0.000000;1890.000000;1890.000000;100.000000;0.000000;0.000000;-nan;         9s 151ms  45μs 648ns;            357ms 576μs 885ns
3a21f3;80;0;90;82;7;27;29.000000;0.000000;0.000000;1880.000000;1880.000000;102.340773;0.000000;0.000000;-nan;        13s 266ms 527μs 178ns;            718ms 737μs 924ns
3a2189;92;0;81;89;8;27;31.000000;0.000000;0.000000;1880.000000;1880.000000;102.396514;0.000000;0.000000;-nan;        13s 669ms 643μs 982ns;         1s 342ms  12μs 119ns
3a218f;122;0;102;128;9;27;31.000000;0.000000;0.000000;1878.000000;1878.000000;102.454992;0.000000;0.000000;-nan;        14s  35ms 851μs 605ns;         1s 697ms 943μs 504ns
3a219c;90;0;90;112;8;25;28.000000;0.000000;0.000000;1890.000000;1890.000000;107.142857;0.000000;0.000000;-nan;        13s 601ms 164μs 716ns;         1s 590ms 536μs 424ns
3a21a9;46;20;58;64;6;26;27.000000;0.000000;0.000000;1890.000000;1890.000000;107.264472;0.000000;0.000000;-nan;         3s 711ms 601μs   2ns;            444ms 121μs  51ns
3a21b8;59;0;70;65;6;27;28.000000;0.000000;0.000000;1880.000000;1880.000000;100.000000;0.000000;0.000000;-nan;        10s 870ms 218μs 993ns;            173ms 735μs 249ns
3a216b;75;0;63;70;7;28;31.000000;0.000000;0.000000;2047.000000;2047.000000;111.553134;0.000000;0.000000;-nan;         9s 621ms 288μs 421ns;         1s 339ms 357μs 366ns
3a216f;85;0;72;95;7;27;29.000000;0.000000;0.000000;1885.000000;1885.000000;100.000000;0.000000;0.000000;-nan;        12s 680ms 196μs 558ns;            503ms 182μs 513ns
3a217d;80;0;89;83;7;27;29.000000;0.000000;0.000000;1880.000000;1880.000000;106.757524;0.000000;0.000000;-nan;        12s 116ms 770μs 860ns;            789ms 458μs  87ns
