ID;Parent ID;Generation ID;Derived Inputs;Derived Fails;Flags;Generation Time;Generation Length;Trimmed Length;Execution Time;Primary Score;Relative Primary Score;Secondary Score;Relative Secondary Score;Exit Code;Exit Reason;Result;Individual Primary;Individual Secondary;Retries;Test Number
10aead;92d77;3127;0;0;0000000000000080;     6m 22s 495ms 936μs  34ns;320;-1;             22ms  12μs 111ns;81.000000;3.950617;0.000000;inf;4;1;Unfinished;1.000000,1.000000,1.000000,1.000000,2.000000,2.000000,2.000000,2.000000,2.000000,2.000000,2.000000,2.000000,2.000000,2.000000,2.000000,3.000000,4.000000,5.000000,6.000000,6.000000,6.000000,6.000000,6.000000,6.000000,6.000000,7.000000,7.000000,8.000000,8.000000,9.000000,9.000000,9.000000,9.000000,10.000000,11.000000,11.000000,11.000000,11.000000,11.000000,11.000000,11.000000,12.000000,12.000000,13.000000,13.000000,13.000000,13.000000,13.000000,13.000000,13.000000,14.000000,14.000000,14.000000,15.000000,16.000000,16.000000,17.000000,17.000000,17.000000,17.000000,17.000000,17.000000,17.000000,18.000000,19.000000,19.000000,19.000000,20.000000,20.000000,20.000000,21.000000,21.000000,21.000000,22.000000,22.000000,22.000000,22.000000,22.000000,23.000000,23.000000,24.000000,24.000000,25.000000,25.000000,25.000000,25.000000,25.000000,25.000000,25.000000,25.000000,25.000000,25.000000,25.000000,25.000000,25.000000,25.000000,25.000000,25.000000,25.000000,25.000000,25.000000,25.000000,25.000000,25.000000,25.000000,25.000000,25.000000,26.000000,27.000000,28.000000,28.000000,28.000000,29.000000,29.000000,30.000000,30.000000,30.000000,30.000000,30.000000,30.000000,30.000000,30.000000,30.000000,30.000000,31.000000,31.000000,32.000000,32.000000,32.000000,32.000000,33.000000,33.000000,34.000000,34.000000,35.000000,35.000000,35.000000,35.000000,35.000000,35.000000,35.000000,35.000000,35.000000,35.000000,35.000000,35.000000,36.000000,36.000000,36.000000,36.000000,36.000000,36.000000,36.000000,36.000000,36.000000,36.000000,36.000000,36.000000,36.000000,36.000000,36.000000,36.000000,36.000000,36.000000,36.000000,36.000000,36.000000,36.000000,36.000000,36.000000,36.000000,36.000000,36.000000,36.000000,36.000000,36.000000,36.000000,37.000000,38.000000,38.000000,38.000000,38.000000,38.000000,38.000000,39.000000,40.000000,41.000000,42.000000,42.000000,42.000000,42.000000,42.000000,43.000000,44.000000,44.000000,45.000000,46.000000,46.000000,46.000000,46.000000,46.000000,46.000000,47.000000,47.000000,47.000000,47.000000,47.000000,47.000000,47.000000,47.000000,48.000000,48.000000,48.000000,48.000000,48.000000,49.000000,49.000000,50.000000,50.000000,50.000000,50.000000,50.000000,51.000000,52.000000,52.000000,53.000000,54.000000,55.000000,55.000000,56.000000,57.000000,58.000000,59.000000,59.000000,59.000000,59.000000,59.000000,59.000000,59.000000,59.000000,59.000000,59.000000,59.000000,60.000000,60.000000,60.000000,60.000000,60.000000,60.000000,61.000000,61.000000,61.000000,61.000000,61.000000,61.000000,61.000000,61.000000,61.000000,62.000000,63.000000,64.000000,64.000000,64.000000,64.000000,64.000000,64.000000,64.000000,64.000000,64.000000,64.000000,65.000000,65.000000,66.000000,67.000000,68.000000,69.000000,69.000000,69.000000,69.000000,69.000000,70.000000,70.000000,70.000000,71.000000,71.000000,72.000000,72.000000,72.000000,73.000000,73.000000,73.000000,74.000000,74.000000,74.000000,75.000000,75.000000,75.000000,75.000000,75.000000,75.000000,76.000000,76.000000,77.000000,78.000000,78.000000,78.000000,78.000000,78.000000,78.000000,79.000000,80.000000,80.000000,80.000000,80.000000,80.000000,80.000000,80.000000,80.000000,80.000000,80.000000,81.000000;;0;213929
17cde2;92dba;3127;0;0;0000000000000080;     9m 28s 922ms 827μs 576ns;320;-1;             23ms 891μs 795ns;81.000000;3.950617;0.000000;inf;4;1;Unfinished;1.000000,1.000000,1.000000,1.000000,2.000000,2.000000,2.000000,2.000000,2.000000,2.000000,2.000000,2.000000,2.000000,2.000000,2.000000,3.000000,4.000000,5.000000,6.000000,6.000000,6.000000,6.000000,6.000000,6.000000,6.000000,7.000000,7.000000,8.000000,8.000000,9.000000,9.000000,9.000000,9.000000,10.000000,11.000000,11.000000,11.000000,11.000000,11.000000,11.000000,11.000000,12.000000,12.000000,13.000000,13.000000,13.000000,13.000000,13.000000,13.000000,13.000000,14.000000,14.000000,14.000000,15.000000,16.000000,16.000000,17.000000,17.000000,17.000000,17.000000,17.000000,17.000000,17.000000,18.000000,19.000000,19.000000,19.000000,20.000000,20.000000,20.000000,21.000000,21.000000,21.000000,22.000000,22.000000,22.000000,22.000000,22.000000,23.000000,23.000000,24.000000,24.000000,25.000000,25.000000,25.000000,25.000000,25.000000,25.000000,25.000000,25.000000,25.000000,25.000000,25.000000,25.000000,25.000000,25.000000,25.000000,25.000000,25.000000,25.000000,25.000000,25.000000,25.000000,25.000000,25.000000,25.000000,25.000000,26.000000,27.000000,28.000000,28.000000,28.000000,29.000000,29.000000,30.000000,30.000000,30.000000,30.000000,30.000000,30.000000,30.000000,30.000000,30.000000,30.000000,31.000000,31.000000,32.000000,32.000000,32.000000,32.000000,33.000000,33.000000,34.000000,34.000000,35.000000,35.000000,35.000000,35.000000,35.000000,35.000000,35.000000,35.000000,35.000000,35.000000,35.000000,35.000000,35.000000,36.000000,36.000000,36.000000,36.000000,36.000000,36.000000,36.000000,36.000000,36.000000,36.000000,36.000000,36.000000,36.000000,36.000000,36.000000,36.000000,36.000000,36.000000,36.000000,36.000000,36.000000,36.000000,36.000000,36.000000,36.000000,36.000000,36.000000,36.000000,36.000000,36.000000,36.000000,36.000000,36.000000,36.000000,37.000000,38.000000,38.000000,38.000000,38.000000,38.000000,38.000000,39.000000,40.000000,41.000000,42.000000,42.000000,42.000000,42.000000,42.000000,43.000000,44.000000,44.000000,45.000000,46.000000,46.000000,46.000000,46.000000,46.000000,46.000000,47.000000,47.000000,47.000000,47.000000,47.000000,47.000000,47.000000,47.000000,48.000000,48.000000,48.000000,48.000000,48.000000,49.000000,49.000000,50.000000,50.000000,50.000000,50.000000,50.000000,51.000000,52.000000,52.000000,53.000000,54.000000,55.000000,55.000000,56.000000,57.000000,58.000000,59.000000,59.000000,59.000000,59.000000,59.000000,59.000000,59.000000,59.000000,59.000000,59.000000,59.000000,60.000000,60.000000,60.000000,60.000000,60.000000,60.000000,61.000000,61.000000,61.000000,61.000000,61.000000,62.000000,63.000000,64.000000,64.000000,64.000000,64.000000,64.000000,64.000000,64.000000,64.000000,64.000000,64.000000,65.000000,65.000000,66.000000,67.000000,68.000000,69.000000,69.000000,69.000000,69.000000,69.000000,70.000000,70.000000,70.000000,71.000000,71.000000,72.000000,72.000000,72.000000,73.000000,73.000000,73.000000,74.000000,74.000000,74.000000,75.000000,75.000000,75.000000,75.000000,75.000000,75.000000,76.000000,76.000000,77.000000,78.000000,78.000000,78.000000,78.000000,78.000000,78.000000,79.000000,80.000000,80.000000,80.000000,80.000000,80.000000,80.000000,80.000000,80.000000,80.000000,80.000000,81.000000;;0;314993
1e8c35;1e83e9;3127;0;0;0000000000000080;    11m 59s 663ms 270μs 724ns;322;-1;             20ms 933μs 492ns;81.000000;3.975309;0.000000;inf;4;1;Unfinished;1.000000,1.000000,1.000000,1.000000,2.000000,2.000000,2.000000,2.000000,2.000000,2.000000,2.000000,2.000000,2.000000,2.000000,2.000000,3.000000,4.000000,5.000000,6.000000,6.000000,6.000000,6.000000,6.000000,6.000000,6.000000,7.000000,7.000000,8.000000,8.000000,9.000000,9.000000,9.000000,9.000000,10.000000,11.000000,11.000000,11.000000,11.000000,11.000000,11.000000,11.000000,12.000000,12.000000,13.000000,13.000000,13.000000,13.000000,13.000000,13.000000,13.000000,14.000000,14.000000,14.000000,15.000000,16.000000,16.000000,17.000000,17.000000,17.000000,17.000000,17.000000,17.000000,17.000000,18.000000,19.000000,19.000000,19.000000,20.000000,20.000000,20.000000,21.000000,21.000000,21.000000,22.000000,22.000000,22.000000,22.000000,22.000000,23.000000,23.000000,24.000000,24.000000,25.000000,25.000000,25.000000,25.000000,25.000000,25.000000,25.000000,25.000000,25.000000,25.000000,25.000000,25.000000,25.000000,25.000000,25.000000,25.000000,25.000000,25.000000,25.000000,25.000000,25.000000,25.000000,25.000000,25.000000,25.000000,26.000000,27.000000,28.000000,28.000000,28.000000,29.000000,29.000000,30.000000,30.000000,30.000000,30.000000,30.000000,30.000000,30.000000,30.000000,30.000000,30.000000,31.000000,31.000000,32.000000,32.000000,32.000000,32.000000,33.000000,33.000000,34.000000,34.000000,35.000000,35.000000,35.000000,35.000000,35.000000,35.000000,35.000000,35.000000,35.000000,35.000000,35.000000,35.000000,35.000000,36.000000,36.000000,36.000000,36.000000,36.000000,36.000000,36.000000,36.000000,36.000000,36.000000,36.000000,36.000000,36.000000,36.000000,36.000000,36.000000,36.000000,36.000000,36.000000,36.000000,36.000000,36.000000,36.000000,36.000000,36.000000,36.000000,36.000000,36.000000,36.000000,36.000000,36.000000,36.000000,36.000000,36.000000,37.000000,38.000000,38.000000,38.000000,38.000000,38.000000,38.000000,39.000000,40.000000,41.000000,42.000000,42.000000,42.000000,42.000000,42.000000,43.000000,44.000000,44.000000,45.000000,46.000000,46.000000,46.000000,46.000000,47.000000,47.000000,47.000000,47.000000,47.000000,47.000000,47.000000,47.000000,48.000000,48.000000,48.000000,48.000000,48.000000,49.000000,49.000000,50.000000,50.000000,50.000000,50.000000,50.000000,51.000000,52.000000,52.000000,53.000000,54.000000,55.000000,55.000000,56.000000,57.000000,58.000000,59.000000,59.000000,59.000000,59.000000,59.000000,59.000000,59.000000,59.000000,59.000000,59.000000,59.000000,60.000000,60.000000,60.000000,60.000000,60.000000,60.000000,61.000000,61.000000,61.000000,61.000000,61.000000,61.000000,61.000000,61.000000,61.000000,62.000000,63.000000,64.000000,64.000000,64.000000,64.000000,64.000000,64.000000,64.000000,64.000000,64.000000,64.000000,65.000000,65.000000,66.000000,67.000000,68.000000,69.000000,69.000000,69.000000,69.000000,69.000000,70.000000,70.000000,70.000000,71.000000,71.000000,72.000000,72.000000,72.000000,73.000000,73.000000,73.000000,74.000000,74.000000,74.000000,75.000000,75.000000,75.000000,75.000000,75.000000,75.000000,76.000000,76.000000,77.000000,78.000000,78.000000,78.000000,78.000000,78.000000,78.000000,79.000000,80.000000,80.000000,80.000000,80.000000,80.000000,80.000000,80.000000,80.000000,80.000000,80.000000,81.000000;;0;402047
1e8c62;1e83ef;3127;0;0;0000000000000080;    11m 59s 679ms 134μs 199ns;322;-1;             24ms 226μs 190ns;81.000000;3.975309;0.000000;inf;4;1;Unfinished;1.000000,1.000000,1.000000,1.000000,2.000000,2.000000,2.000000,2.000000,2.000000,2.000000,2.000000,2.000000,2.000000,2.000000,2.000000,3.000000,4.000000,5.000000,6.000000,6.000000,6.000000,6.000000,6.000000,6.000000,6.000000,7.000000,7.000000,8.000000,8.000000,9.000000,9.000000,9.000000,9.000000,10.000000,11.000000,11.000000,11.000000,11.000000,11.000000,11.000000,11.000000,12.000000,12.000000,13.000000,13.000000,13.000000,13.000000,13.000000,13.000000,13.000000,14.000000,14.000000,14.000000,15.000000,16.000000,16.000000,17.000000,17.000000,17.000000,17.000000,17.000000,17.000000,17.000000,18.000000,19.000000,19.000000,19.000000,20.000000,20.000000,20.000000,21.000000,21.000000,21.000000,22.000000,22.000000,22.000000,22.000000,22.000000,23.000000,23.000000,24.000000,24.000000,25.000000,25.000000,25.000000,25.000000,25.000000,25.000000,25.000000,25.000000,25.000000,25.000000,25.000000,25.000000,25.000000,25.000000,25.000000,25.000000,25.000000,25.000000,25.000000,25.000000,25.000000,25.000000,25.000000,25.000000,25.000000,26.000000,27.000000,28.000000,28.000000,28.000000,29.000000,29.000000,30.000000,30.000000,30.000000,30.000000,30.000000,30.000000,30.000000,30.000000,30.000000,30.000000,31.000000,31.000000,32.000000,32.000000,32.000000,32.000000,33.000000,33.000000,34.000000,34.000000,35.000000,35.000000,35.000000,35.000000,35.000000,35.000000,35.000000,35.000000,35.000000,35.000000,35.000000,35.000000,35.000000,36.000000,36.000000,36.000000,36.000000,36.000000,36.000000,36.000000,36.000000,36.000000,36.000000,36.000000,36.000000,36.000000,36.000000,36.000000,36.000000,36.000000,36.000000,36.000000,36.000000,36.000000,36.000000,36.000000,36.000000,36.000000,36.000000,36.000000,36.000000,36.000000,36.000000,36.000000,36.000000,36.000000,36.000000,37.000000,38.000000,38.000000,38.000000,38.000000,38.000000,38.000000,39.000000,40.000000,41.000000,42.000000,42.000000,42.000000,42.000000,42.000000,43.000000,44.000000,44.000000,45.000000,46.000000,46.000000,46.000000,46.000000,46.000000,46.000000,47.000000,47.000000,47.000000,47.000000,47.000000,47.000000,48.000000,48.000000,48.000000,48.000000,48.000000,49.000000,49.000000,50.000000,50.000000,50.000000,50.000000,50.000000,51.000000,52.000000,52.000000,53.000000,54.000000,55.000000,55.000000,56.000000,57.000000,58.000000,59.000000,59.000000,59.000000,59.000000,59.000000,59.000000,59.000000,59.000000,59.000000,59.000000,59.000000,60.000000,60.000000,60.000000,60.000000,60.000000,60.000000,61.000000,61.000000,61.000000,61.000000,61.000000,61.000000,61.000000,61.000000,61.000000,62.000000,63.000000,64.000000,64.000000,64.000000,64.000000,64.000000,64.000000,64.000000,64.000000,64.000000,64.000000,65.000000,65.000000,66.000000,67.000000,68.000000,69.000000,69.000000,69.000000,69.000000,69.000000,70.000000,70.000000,70.000000,71.000000,71.000000,72.000000,72.000000,72.000000,73.000000,73.000000,73.000000,74.000000,74.000000,74.000000,75.000000,75.000000,75.000000,75.000000,75.000000,75.000000,76.000000,76.000000,77.000000,78.000000,78.000000,78.000000,78.000000,78.000000,78.000000,79.000000,80.000000,80.000000,80.000000,80.000000,80.000000,80.000000,80.000000,80.000000,80.000000,80.000000,81.000000;;0;402048
1f14d2;1e836c;3127;0;0;0000000000000080;    12m 29s 569ms  97μs  47ns;322;-1;             25ms 251μs 597ns;81.000000;3.975309;0.000000;inf;4;1;Unfinished;1.000000,1.000000,1.000000,1.000000,2.000000,2.000000,2.000000,2.000000,2.000000,2.000000,2.000000,2.000000,2.000000,2.000000,2.000000,3.000000,4.000000,5.000000,6.000000,6.000000,6.000000,6.000000,6.000000,6.000000,6.000000,7.000000,7.000000,8.000000,8.000000,9.000000,9.000000,9.000000,9.000000,10.000000,11.000000,11.000000,11.000000,11.000000,11.000000,11.000000,11.000000,12.000000,12.000000,13.000000,13.000000,13.000000,13.000000,13.000000,13.000000,13.000000,14.000000,14.000000,14.000000,15.000000,16.000000,16.000000,17.000000,17.000000,17.000000,17.000000,17.000000,17.000000,17.000000,18.000000,19.000000,19.000000,19.000000,20.000000,20.000000,20.000000,21.000000,21.000000,21.000000,22.000000,22.000000,22.000000,22.000000,22.000000,23.000000,23.000000,24.000000,24.000000,25.000000,25.000000,25.000000,25.000000,25.000000,25.000000,25.000000,25.000000,25.000000,25.000000,25.000000,25.000000,25.000000,25.000000,25.000000,25.000000,25.000000,25.000000,25.000000,25.000000,25.000000,25.000000,25.000000,26.000000,27.000000,28.000000,28.000000,28.000000,29.000000,29.000000,30.000000,30.000000,30.000000,30.000000,30.000000,30.000000,30.000000,30.000000,30.000000,30.000000,31.000000,31.000000,32.000000,32.000000,32.000000,32.000000,33.000000,33.000000,34.000000,34.000000,35.000000,35.000000,35.000000,35.000000,35.000000,35.000000,35.000000,35.000000,35.000000,35.000000,35.000000,35.000000,35.000000,36.000000,36.000000,36.000000,36.000000,36.000000,36.000000,36.000000,36.000000,36.000000,36.000000,36.000000,36.000000,36.000000,36.000000,36.000000,36.000000,36.000000,36.000000,36.000000,36.000000,36.000000,36.000000,36.000000,36.000000,36.000000,36.000000,36.000000,36.000000,36.000000,36.000000,36.000000,36.000000,36.000000,36.000000,37.000000,38.000000,38.000000,38.000000,38.000000,38.000000,38.000000,39.000000,40.000000,41.000000,42.000000,42.000000,42.000000,42.000000,42.000000,43.000000,44.000000,44.000000,45.000000,46.000000,46.000000,46.000000,46.000000,46.000000,46.000000,47.000000,47.000000,47.000000,47.000000,47.000000,47.000000,47.000000,47.000000,48.000000,48.000000,48.000000,48.000000,48.000000,49.000000,49.000000,50.000000,50.000000,50.000000,50.000000,50.000000,51.000000,52.000000,52.000000,53.000000,54.000000,55.000000,55.000000,56.000000,57.000000,58.000000,59.000000,59.000000,59.000000,59.000000,59.000000,59.000000,59.000000,59.000000,59.000000,59.000000,59.000000,60.000000,60.000000,60.000000,60.000000,60.000000,60.000000,61.000000,61.000000,61.000000,61.000000,61.000000,61.000000,61.000000,61.000000,61.000000,62.000000,63.000000,64.000000,64.000000,64.000000,64.000000,64.000000,64.000000,64.000000,64.000000,64.000000,64.000000,65.000000,65.000000,66.000000,67.000000,68.000000,69.000000,69.000000,69.000000,69.000000,69.000000,70.000000,70.000000,70.000000,71.000000,71.000000,72.000000,72.000000,72.000000,73.000000,73.000000,73.000000,74.000000,74.000000,74.000000,75.000000,75.000000,75.000000,75.000000,75.000000,75.000000,76.000000,76.000000,77.000000,78.000000,78.000000,78.000000,78.000000,78.000000,78.000000,79.000000,80.000000,80.000000,80.000000,80.000000,80.000000,80.000000,80.000000,80.000000,80.000000,80.000000,81.000000;;0;413354
2cbd2c;1e831b;3127;0;0;0000000000000080;    18m 29s 637ms 293μs 890ns;322;-1;             23ms 721μs 850ns;81.000000;3.975309;0.000000;inf;4;1;Unfinished;1.000000,1.000000,1.000000,1.000000,1.000000,1.000000,1.000000,1.000000,1.000000,1.000000,1.000000,2.000000,2.000000,3.000000,4.000000,5.000000,6.000000,6.000000,6.000000,6.000000,6.000000,6.000000,6.000000,7.000000,7.000000,8.000000,8.000000,9.000000,9.000000,9.000000,9.000000,10.000000,11.000000,11.000000,11.000000,11.000000,11.000000,11.000000,11.000000,12.000000,12.000000,13.000000,13.000000,13.000000,13.000000,13.000000,13.000000,13.000000,14.000000,14.000000,14.000000,15.000000,16.000000,16.000000,17.000000,17.000000,17.000000,17.000000,17.000000,17.000000,17.000000,18.000000,19.000000,19.000000,19.000000,20.000000,20.000000,20.000000,21.000000,21.000000,21.000000,22.000000,22.000000,22.000000,22.000000,22.000000,23.000000,23.000000,24.000000,24.000000,25.000000,25.000000,25.000000,25.000000,25.000000,25.000000,25.000000,25.000000,25.000000,25.000000,25.000000,25.000000,25.000000,25.000000,25.000000,25.000000,25.000000,25.000000,25.000000,25.000000,25.000000,25.000000,25.000000,25.000000,25.000000,26.000000,27.000000,28.000000,28.000000,28.000000,29.000000,29.000000,30.000000,30.000000,30.000000,30.000000,30.000000,30.000000,30.000000,30.000000,30.000000,30.000000,31.000000,31.000000,32.000000,32.000000,32.000000,32.000000,33.000000,33.000000,34.000000,34.000000,35.000000,35.000000,35.000000,35.000000,35.000000,35.000000,35.000000,35.000000,35.000000,35.000000,35.000000,35.000000,35.000000,36.000000,36.000000,36.000000,36.000000,36.000000,36.000000,36.000000,36.000000,36.000000,36.000000,36.000000,36.000000,36.000000,36.000000,36.000000,36.000000,36.000000,36.000000,36.000000,36.000000,36.000000,36.000000,36.000000,36.000000,36.000000,36.000000,36.000000,36.000000,36.000000,36.000000,36.000000,36.000000,36.000000,36.000000,37.000000,38.000000,38.000000,38.000000,38.000000,38.000000,38.000000,39.000000,40.000000,41.000000,42.000000,42.000000,42.000000,42.000000,42.000000,43.000000,44.000000,44.000000,45.000000,46.000000,46.000000,46.000000,46.000000,46.000000,46.000000,47.000000,47.000000,47.000000,47.000000,47.000000,47.000000,47.000000,47.000000,48.000000,48.000000,48.000000,48.000000,48.000000,49.000000,49.000000,50.000000,50.000000,50.000000,50.000000,50.000000,51.000000,52.000000,52.000000,53.000000,54.000000,55.000000,55.000000,56.000000,57.000000,58.000000,59.000000,59.000000,59.000000,59.000000,59.000000,59.000000,59.000000,59.000000,59.000000,59.000000,59.000000,60.000000,60.000000,60.000000,60.000000,60.000000,60.000000,61.000000,61.000000,61.000000,61.000000,61.000000,61.000000,61.000000,61.000000,61.000000,62.000000,63.000000,64.000000,64.000000,64.000000,64.000000,64.000000,64.000000,64.000000,64.000000,64.000000,64.000000,65.000000,65.000000,66.000000,67.000000,68.000000,69.000000,69.000000,69.000000,69.000000,69.000000,70.000000,70.000000,70.000000,71.000000,71.000000,72.000000,72.000000,72.000000,73.000000,73.000000,73.000000,74.000000,74.000000,74.000000,75.000000,75.000000,75.000000,75.000000,75.000000,75.000000,76.000000,76.000000,77.000000,78.000000,78.000000,78.000000,78.000000,78.000000,78.000000,79.000000,80.000000,80.000000,80.000000,80.000000,80.000000,80.000000,80.000000,80.000000,80.000000,80.000000,81.000000;;0;604824
2f8958;1e8422;3127;0;0;0000000000000080;    19m 59s 714ms 737μs 508ns;322;-1;             22ms  70μs  19ns;81.000000;3.975309;0.000000;inf;4;1;Unfinished;1.000000,1.000000,1.000000,1.000000,2.000000,2.000000,2.000000,2.000000,2.000000,2.000000,2.000000,2.000000,2.000000,2.000000,2.000000,3.000000,4.000000,5.000000,6.000000,6.000000,6.000000,6.000000,6.000000,6.000000,6.000000,7.000000,7.000000,8.000000,8.000000,9.000000,9.000000,9.000000,9.000000,10.000000,11.000000,11.000000,11.000000,11.000000,11.000000,11.000000,11.000000,12.000000,12.000000,13.000000,13.000000,13.000000,13.000000,13.000000,13.000000,13.000000,14.000000,14.000000,14.000000,15.000000,16.000000,16.000000,17.000000,17.000000,17.000000,17.000000,17.000000,17.000000,17.000000,18.000000,19.000000,19.000000,19.000000,20.000000,20.000000,20.000000,21.000000,21.000000,21.000000,22.000000,22.000000,22.000000,22.000000,22.000000,23.000000,23.000000,24.000000,24.000000,25.000000,25.000000,25.000000,25.000000,25.000000,25.000000,25.000000,25.000000,25.000000,25.000000,25.000000,25.000000,25.000000,25.000000,25.000000,25.000000,25.000000,25.000000,25.000000,25.000000,25.000000,25.000000,25.000000,25.000000,25.000000,26.000000,27.000000,28.000000,28.000000,28.000000,29.000000,29.000000,30.000000,30.000000,30.000000,30.000000,30.000000,30.000000,30.000000,30.000000,30.000000,30.000000,31.000000,31.000000,32.000000,32.000000,32.000000,32.000000,33.000000,33.000000,34.000000,34.000000,35.000000,35.000000,35.000000,35.000000,35.000000,35.000000,35.000000,35.000000,35.000000,35.000000,35.000000,35.000000,35.000000,36.000000,36.000000,36.000000,36.000000,36.000000,36.000000,36.000000,36.000000,36.000000,36.000000,36.000000,36.000000,36.000000,36.000000,36.000000,36.000000,36.000000,36.000000,36.000000,36.000000,36.000000,36.000000,36.000000,36.000000,36.000000,36.000000,36.000000,36.000000,36.000000,36.000000,36.000000,36.000000,36.000000,36.000000,37.000000,38.000000,38.000000,38.000000,38.000000,38.000000,38.000000,39.000000,40.000000,41.000000,42.000000,42.000000,42.000000,42.000000,42.000000,43.000000,44.000000,44.000000,45.000000,46.000000,46.000000,46.000000,46.000000,46.000000,46.000000,47.000000,47.000000,47.000000,47.000000,47.000000,47.000000,47.000000,47.000000,48.000000,48.000000,48.000000,48.000000,48.000000,49.000000,49.000000,50.000000,50.000000,50.000000,50.000000,50.000000,51.000000,52.000000,52.000000,53.000000,54.000000,55.000000,55.000000,56.000000,57.000000,58.000000,59.000000,59.000000,59.000000,59.000000,59.000000,59.000000,59.000000,59.000000,59.000000,60.000000,60.000000,60.000000,60.000000,60.000000,60.000000,61.000000,61.000000,61.000000,61.000000,61.000000,61.000000,61.000000,61.000000,61.000000,62.000000,63.000000,64.000000,64.000000,64.000000,64.000000,64.000000,64.000000,64.000000,64.000000,64.000000,64.000000,65.000000,65.000000,66.000000,67.000000,68.000000,69.000000,69.000000,69.000000,69.000000,69.000000,70.000000,70.000000,70.000000,71.000000,71.000000,72.000000,72.000000,72.000000,73.000000,73.000000,73.000000,74.000000,74.000000,74.000000,75.000000,75.000000,75.000000,75.000000,75.000000,75.000000,76.000000,76.000000,77.000000,78.000000,78.000000,78.000000,78.000000,78.000000,78.000000,79.000000,80.000000,80.000000,80.000000,80.000000,80.000000,80.000000,80.000000,80.000000,80.000000,80.000000,81.000000;;0;656744
3268ea;1e833c;3127;0;0;0000000000000080;    20m 59s 725ms 882μs 139ns;322;-1;             22ms 904μs 456ns;81.000000;3.975309;0.000000;inf;4;1;Unfinished;1.000000,1.000000,1.000000,1.000000,2.000000,2.000000,2.000000,2.000000,2.000000,2.000000,2.000000,2.000000,2.000000,2.000000,2.000000,3.000000,4.000000,5.000000,6.000000,6.000000,6.000000,6.000000,6.000000,6.000000,6.000000,7.000000,7.000000,8.000000,8.000000,9.000000,9.000000,9.000000,9.000000,10.000000,11.000000,11.000000,11.000000,11.000000,11.000000,12.000000,12.000000,13.000000,13.000000,13.000000,13.000000,13.000000,13.000000,13.000000,14.000000,14.000000,14.000000,15.000000,16.000000,16.000000,17.000000,17.000000,17.000000,17.000000,17.000000,17.000000,17.000000,18.000000,19.000000,19.000000,19.000000,20.000000,20.000000,20.000000,21.000000,21.000000,21.000000,22.000000,22.000000,22.000000,22.000000,22.000000,23.000000,23.000000,24.000000,24.000000,25.000000,25.000000,25.000000,25.000000,25.000000,25.000000,25.000000,25.000000,25.000000,25.000000,25.000000,25.000000,25.000000,25.000000,25.000000,25.000000,25.000000,25.000000,25.000000,25.000000,25.000000,25.000000,25.000000,25.000000,25.000000,26.000000,27.000000,28.000000,28.000000,28.000000,29.000000,29.000000,30.000000,30.000000,30.000000,30.000000,30.000000,30.000000,30.000000,30.000000,30.000000,30.000000,31.000000,31.000000,32.000000,32.000000,32.000000,32.000000,33.000000,33.000000,34.000000,34.000000,35.000000,35.000000,35.000000,35.000000,35.000000,35.000000,35.000000,35.000000,35.000000,35.000000,35.000000,35.000000,35.000000,36.000000,36.000000,36.000000,36.000000,36.000000,36.000000,36.000000,36.000000,36.000000,36.000000,36.000000,36.000000,36.000000,36.000000,36.000000,36.000000,36.000000,36.000000,36.000000,36.000000,36.000000,36.000000,36.000000,36.000000,36.000000,36.000000,36.000000,36.000000,36.000000,36.000000,36.000000,36.000000,36.000000,36.000000,37.000000,38.000000,38.000000,38.000000,38.000000,38.000000,38.000000,39.000000,40.000000,41.000000,42.000000,42.000000,42.000000,42.000000,42.000000,43.000000,44.000000,44.000000,45.000000,46.000000,46.000000,46.000000,46.000000,46.000000,46.000000,47.000000,47.000000,47.000000,47.000000,47.000000,47.000000,47.000000,47.000000,48.000000,48.000000,48.000000,48.000000,48.000000,49.000000,49.000000,50.000000,50.000000,50.000000,50.000000,50.000000,51.000000,52.000000,52.000000,53.000000,54.000000,55.000000,55.000000,56.000000,57.000000,58.000000,59.000000,59.000000,59.000000,59.000000,59.000000,59.000000,59.000000,59.000000,59.000000,59.000000,59.000000,60.000000,60.000000,60.000000,60.000000,60.000000,60.000000,61.000000,61.000000,61.000000,61.000000,61.000000,61.000000,61.000000,61.000000,61.000000,62.000000,63.000000,64.000000,64.000000,64.000000,64.000000,64.000000,64.000000,64.000000,64.000000,64.000000,64.000000,65.000000,65.000000,66.000000,67.000000,68.000000,69.000000,69.000000,69.000000,69.000000,69.000000,70.000000,70.000000,70.000000,71.000000,71.000000,72.000000,72.000000,72.000000,73.000000,73.000000,73.000000,74.000000,74.000000,74.000000,75.000000,75.000000,75.000000,75.000000,75.000000,75.000000,76.000000,76.000000,77.000000,78.000000,78.000000,78.000000,78.000000,78.000000,78.000000,79.000000,80.000000,80.000000,80.000000,80.000000,80.000000,80.000000,80.000000,80.000000,80.000000,80.000000,81.000000;;0;685409
3269ce;1e8321;3127;0;0;0000000000000080;    20m 59s 733ms 554μs  35ns;322;-1;             22ms  26μs 138ns;81.000000;3.975309;0.000000;inf;4;1;Unfinished;1.000000,1.000000,1.000000,1.000000,2.000000,2.000000,2.000000,2.000000,2.000000,2.000000,2.000000,2.000000,2.000000,3.000000,4.000000,5.000000,6.000000,6.000000,6.000000,6.000000,6.000000,6.000000,6.000000,7.000000,7.000000,8.000000,8.000000,9.000000,9.000000,9.000000,9.000000,10.000000,11.000000,11.000000,11.000000,11.000000,11.000000,11.000000,11.000000,12.000000,12.000000,13.000000,13.000000,13.000000,13.000000,13.000000,13.000000,13.000000,14.000000,14.000000,14.000000,15.000000,16.000000,16.000000,17.000000,17.000000,17.000000,17.000000,17.000000,17.000000,17.000000,18.000000,19.000000,19.000000,19.000000,20.000000,20.000000,20.000000,21.000000,21.000000,21.000000,22.000000,22.000000,22.000000,22.000000,22.000000,23.000000,23.000000,24.000000,24.000000,25.000000,25.000000,25.000000,25.000000,25.000000,25.000000,25.000000,25.000000,25.000000,25.000000,25.000000,25.000000,25.000000,25.000000,25.000000,25.000000,25.000000,25.000000,25.000000,25.000000,25.000000,25.000000,25.000000,25.000000,25.000000,26.000000,27.000000,28.000000,28.000000,28.000000,29.000000,29.000000,30.000000,30.000000,30.000000,30.000000,30.000000,30.000000,30.000000,30.000000,30.000000,30.000000,31.000000,31.000000,32.000000,32.000000,32.000000,32.000000,33.000000,33.000000,34.000000,34.000000,35.000000,35.000000,35.000000,35.000000,35.000000,35.000000,35.000000,35.000000,35.000000,35.000000,35.000000,35.000000,35.000000,36.000000,36.000000,36.000000,36.000000,36.000000,36.000000,36.000000,36.000000,36.000000,36.000000,36.000000,36.000000,36.000000,36.000000,36.000000,36.000000,36.000000,36.000000,36.000000,36.000000,36.000000,36.000000,36.000000,36.000000,36.000000,36.000000,36.000000,36.000000,36.000000,36.000000,36.000000,36.000000,36.000000,36.000000,37.000000,38.000000,38.000000,38.000000,38.000000,38.000000,38.000000,39.000000,40.000000,41.000000,42.000000,42.000000,42.000000,42.000000,42.000000,43.000000,44.000000,44.000000,45.000000,46.000000,46.000000,46.000000,46.000000,46.000000,46.000000,47.000000,47.000000,47.000000,47.000000,47.000000,47.000000,47.000000,47.000000,48.000000,48.000000,48.000000,48.000000,48.000000,49.000000,49.000000,50.000000,50.000000,50.000000,50.000000,50.000000,51.000000,52.000000,52.000000,53.000000,54.000000,55.000000,55.000000,56.000000,57.000000,58.000000,59.000000,59.000000,59.000000,59.000000,59.000000,59.000000,59.000000,59.000000,59.000000,59.000000,59.000000,60.000000,60.000000,60.000000,60.000000,60.000000,60.000000,61.000000,61.000000,61.000000,61.000000,61.000000,61.000000,61.000000,61.000000,61.000000,62.000000,63.000000,64.000000,64.000000,64.000000,64.000000,64.000000,64.000000,64.000000,64.000000,64.000000,64.000000,65.000000,65.000000,66.000000,67.000000,68.000000,69.000000,69.000000,69.000000,69.000000,69.000000,70.000000,70.000000,70.000000,71.000000,71.000000,72.000000,72.000000,72.000000,73.000000,73.000000,73.000000,74.000000,74.000000,74.000000,75.000000,75.000000,75.000000,75.000000,75.000000,75.000000,76.000000,76.000000,77.000000,78.000000,78.000000,78.000000,78.000000,78.000000,78.000000,79.000000,80.000000,80.000000,80.000000,80.000000,80.000000,80.000000,80.000000,80.000000,80.000000,80.000000,81.000000;;0;701998
32699b;1e8330;3127;0;0;0000000000000080;    20m 59s 731ms 569μs 920ns;322;-1;             21ms 343μs 469ns;81.000000;3.975309;0.000000;inf;4;1;Unfinished;1.000000,1.000000,1.000000,1.000000,2.000000,2.000000,2.000000,2.000000,2.000000,2.000000,2.000000,2.000000,2.000000,2.000000,2.000000,3.000000,4.000000,5.000000,6.000000,6.000000,6.000000,6.000000,6.000000,7.000000,7.000000,8.000000,8.000000,9.000000,9.000000,9.000000,9.000000,10.000000,11.000000,11.000000,11.000000,11.000000,11.000000,11.000000,11.000000,12.000000,12.000000,13.000000,13.000000,13.000000,13.000000,13.000000,13.000000,13.000000,14.000000,14.000000,14.000000,15.000000,16.000000,16.000000,17.000000,17.000000,17.000000,17.000000,17.000000,17.000000,17.000000,18.000000,19.000000,19.000000,19.000000,20.000000,20.000000,20.000000,21.000000,21.000000,21.000000,22.000000,22.000000,22.000000,22.000000,22.000000,23.000000,23.000000,24.000000,24.000000,25.000000,25.000000,25.000000,25.000000,25.000000,25.000000,25.000000,25.000000,25.000000,25.000000,25.000000,25.000000,25.000000,25.000000,25.000000,25.000000,25.000000,25.000000,25.000000,25.000000,25.000000,25.000000,25.000000,25.000000,25.000000,26.000000,27.000000,28.000000,28.000000,28.000000,29.000000,29.000000,30.000000,30.000000,30.000000,30.000000,30.000000,30.000000,30.000000,30.000000,30.000000,30.000000,31.000000,31.000000,32.000000,32.000000,32.000000,32.000000,33.000000,33.000000,34.000000,34.000000,35.000000,35.000000,35.000000,35.000000,35.000000,35.000000,35.000000,35.000000,35.000000,35.000000,35.000000,35.000000,35.000000,36.000000,36.000000,36.000000,36.000000,36.000000,36.000000,36.000000,36.000000,36.000000,36.000000,36.000000,36.000000,36.000000,36.000000,36.000000,36.000000,36.000000,36.000000,36.000000,36.000000,36.000000,36.000000,36.000000,36.000000,36.000000,36.000000,36.000000,36.000000,36.000000,36.000000,36.000000,36.000000,36.000000,36.000000,37.000000,38.000000,38.000000,38.000000,38.000000,38.000000,38.000000,39.000000,40.000000,41.000000,42.000000,42.000000,42.000000,42.000000,42.000000,43.000000,44.000000,44.000000,45.000000,46.000000,46.000000,46.000000,46.000000,46.000000,46.000000,47.000000,47.000000,47.000000,47.000000,47.000000,47.000000,47.000000,47.000000,48.000000,48.000000,48.000000,48.000000,48.000000,49.000000,49.000000,50.000000,50.000000,50.000000,50.000000,50.000000,51.000000,52.000000,52.000000,53.000000,54.000000,55.000000,55.000000,56.000000,57.000000,58.000000,59.000000,59.000000,59.000000,59.000000,59.000000,59.000000,59.000000,59.000000,59.000000,59.000000,59.000000,60.000000,60.000000,60.000000,60.000000,60.000000,60.000000,61.000000,61.000000,61.000000,61.000000,61.000000,61.000000,61.000000,61.000000,61.000000,62.000000,63.000000,64.000000,64.000000,64.000000,64.000000,64.000000,64.000000,64.000000,64.000000,64.000000,64.000000,65.000000,65.000000,66.000000,67.000000,68.000000,69.000000,69.000000,69.000000,69.000000,69.000000,70.000000,70.000000,70.000000,71.000000,71.000000,72.000000,72.000000,72.000000,73.000000,73.000000,73.000000,74.000000,74.000000,74.000000,75.000000,75.000000,75.000000,75.000000,75.000000,75.000000,76.000000,76.000000,77.000000,78.000000,78.000000,78.000000,78.000000,78.000000,78.000000,79.000000,80.000000,80.000000,80.000000,80.000000,80.000000,80.000000,80.000000,80.000000,80.000000,80.000000,81.000000;;0;702232
326883;1e8342;3127;0;0;0000000000000080;    20m 59s 719ms 121μs 676ns;322;-1;             26ms 803μs 358ns;81.000000;3.975309;0.000000;inf;4;1;Unfinished;1.000000,1.000000,1.000000,1.000000,2.000000,2.000000,2.000000,2.000000,2.000000,2.000000,2.000000,2.000000,2.000000,2.000000,2.000000,3.000000,4.000000,5.000000,6.000000,6.000000,6.000000,6.000000,6.000000,6.000000,6.000000,7.000000,7.000000,8.000000,8.000000,9.000000,9.000000,9.000000,9.000000,10.000000,11.000000,11.000000,11.000000,11.000000,11.000000,11.000000,11.000000,12.000000,12.000000,13.000000,13.000000,13.000000,13.000000,13.000000,14.000000,14.000000,14.000000,15.000000,16.000000,16.000000,17.000000,17.000000,17.000000,17.000000,17.000000,17.000000,17.000000,18.000000,19.000000,19.000000,19.000000,20.000000,20.000000,20.000000,21.000000,21.000000,21.000000,22.000000,22.000000,22.000000,22.000000,22.000000,23.000000,23.000000,24.000000,24.000000,25.000000,25.000000,25.000000,25.000000,25.000000,25.000000,25.000000,25.000000,25.000000,25.000000,25.000000,25.000000,25.000000,25.000000,25.000000,25.000000,25.000000,25.000000,25.000000,25.000000,25.000000,25.000000,25.000000,25.000000,25.000000,26.000000,27.000000,28.000000,28.000000,28.000000,29.000000,29.000000,30.000000,30.000000,30.000000,30.000000,30.000000,30.000000,30.000000,30.000000,30.000000,30.000000,31.000000,31.000000,32.000000,32.000000,32.000000,32.000000,33.000000,33.000000,34.000000,34.000000,35.000000,35.000000,35.000000,35.000000,35.000000,35.000000,35.000000,35.000000,35.000000,35.000000,35.000000,35.000000,35.000000,36.000000,36.000000,36.000000,36.000000,36.000000,36.000000,36.000000,36.000000,36.000000,36.000000,36.000000,36.000000,36.000000,36.000000,36.000000,36.000000,36.000000,36.000000,36.000000,36.000000,36.000000,36.000000,36.000000,36.000000,36.000000,36.000000,36.000000,36.000000,36.000000,36.000000,36.000000,36.000000,36.000000,36.000000,37.000000,38.000000,38.000000,38.000000,38.000000,38.000000,38.000000,39.000000,40.000000,41.000000,42.000000,42.000000,42.000000,42.000000,42.000000,43.000000,44.000000,44.000000,45.000000,46.000000,46.000000,46.000000,46.000000,46.000000,46.000000,47.000000,47.000000,47.000000,47.000000,47.000000,47.000000,47.000000,47.000000,48.000000,48.000000,48.000000,48.000000,48.000000,49.000000,49.000000,50.000000,50.000000,50.000000,50.000000,50.000000,51.000000,52.000000,52.000000,53.000000,54.000000,55.000000,55.000000,56.000000,57.000000,58.000000,59.000000,59.000000,59.000000,59.000000,59.000000,59.000000,59.000000,59.000000,59.000000,59.000000,59.000000,60.000000,60.000000,60.000000,60.000000,60.000000,60.000000,61.000000,61.000000,61.000000,61.000000,61.000000,61.000000,61.000000,61.000000,61.000000,62.000000,63.000000,64.000000,64.000000,64.000000,64.000000,64.000000,64.000000,64.000000,64.000000,64.000000,64.000000,65.000000,65.000000,66.000000,67.000000,68.000000,69.000000,69.000000,69.000000,69.000000,69.000000,70.000000,70.000000,70.000000,71.000000,71.000000,72.000000,72.000000,72.000000,73.000000,73.000000,73.000000,74.000000,74.000000,74.000000,75.000000,75.000000,75.000000,75.000000,75.000000,75.000000,76.000000,76.000000,77.000000,78.000000,78.000000,78.000000,78.000000,78.000000,78.000000,79.000000,80.000000,80.000000,80.000000,80.000000,80.000000,80.000000,80.000000,80.000000,80.000000,80.000000,81.000000;;0;716797
3fe012;1e8444;3127;0;0;0000000000000080;    26m 30s 429ms 773μs 824ns;322;-1;             23ms 812μs 811ns;81.000000;3.975309;0.000000;inf;4;1;Unfinished;1.000000,1.000000,1.000000,1.000000,2.000000,2.000000,2.000000,2.000000,2.000000,2.000000,2.000000,2.000000,2.000000,2.000000,2.000000,3.000000,4.000000,5.000000,6.000000,6.000000,6.000000,6.000000,6.000000,6.000000,6.000000,7.000000,7.000000,8.000000,8.000000,9.000000,9.000000,9.000000,9.000000,10.000000,11.000000,11.000000,11.000000,11.000000,11.000000,11.000000,11.000000,12.000000,12.000000,13.000000,13.000000,13.000000,13.000000,13.000000,13.000000,13.000000,14.000000,14.000000,14.000000,15.000000,16.000000,16.000000,17.000000,17.000000,17.000000,17.000000,17.000000,17.000000,17.000000,18.000000,19.000000,19.000000,19.000000,20.000000,20.000000,20.000000,21.000000,21.000000,21.000000,22.000000,22.000000,22.000000,22.000000,22.000000,23.000000,23.000000,24.000000,24.000000,25.000000,25.000000,25.000000,25.000000,25.000000,25.000000,25.000000,25.000000,25.000000,25.000000,25.000000,25.000000,25.000000,25.000000,25.000000,25.000000,25.000000,25.000000,25.000000,25.000000,25.000000,25.000000,25.000000,25.000000,25.000000,26.000000,27.000000,28.000000,28.000000,28.000000,29.000000,29.000000,30.000000,30.000000,30.000000,30.000000,30.000000,30.000000,30.000000,30.000000,30.000000,30.000000,31.000000,31.000000,32.000000,32.000000,32.000000,32.000000,33.000000,33.000000,34.000000,34.000000,35.000000,35.000000,35.000000,35.000000,35.000000,35.000000,35.000000,35.000000,35.000000,35.000000,35.000000,35.000000,35.000000,36.000000,36.000000,36.000000,36.000000,36.000000,36.000000,36.000000,36.000000,36.000000,36.000000,36.000000,36.000000,36.000000,36.000000,36.000000,36.000000,36.000000,36.000000,36.000000,36.000000,36.000000,36.000000,36.000000,36.000000,36.000000,36.000000,36.000000,36.000000,36.000000,36.000000,36.000000,36.000000,36.000000,36.000000,37.000000,38.000000,38.000000,38.000000,38.000000,38.000000,38.000000,39.000000,40.000000,41.000000,42.000000,42.000000,42.000000,42.000000,42.000000,43.000000,44.000000,44.000000,45.000000,46.000000,46.000000,46.000000,46.000000,46.000000,46.000000,47.000000,47.000000,47.000000,47.000000,47.000000,47.000000,47.000000,47.000000,48.000000,48.000000,48.000000,48.000000,48.000000,49.000000,49.000000,50.000000,50.000000,50.000000,50.000000,50.000000,51.000000,52.000000,52.000000,53.000000,54.000000,55.000000,55.000000,56.000000,57.000000,58.000000,59.000000,59.000000,59.000000,59.000000,59.000000,59.000000,59.000000,59.000000,59.000000,59.000000,59.000000,60.000000,60.000000,60.000000,60.000000,60.000000,60.000000,61.000000,61.000000,61.000000,61.000000,61.000000,61.000000,61.000000,61.000000,61.000000,62.000000,63.000000,64.000000,64.000000,64.000000,64.000000,64.000000,64.000000,64.000000,64.000000,65.000000,65.000000,66.000000,67.000000,68.000000,69.000000,69.000000,69.000000,69.000000,69.000000,70.000000,70.000000,70.000000,71.000000,71.000000,72.000000,72.000000,72.000000,73.000000,73.000000,73.000000,74.000000,74.000000,74.000000,75.000000,75.000000,75.000000,75.000000,75.000000,75.000000,76.000000,76.000000,77.000000,78.000000,78.000000,78.000000,78.000000,78.000000,78.000000,79.000000,80.000000,80.000000,80.000000,80.000000,80.000000,80.000000,80.000000,80.000000,80.000000,80.000000,81.000000;;0;866138
4cbede;3e8429;3127;0;0;0000000000000080;    32m     301ms 307μs 946ns;323;-1;             23ms 909μs 919ns;81.000000;3.987654;0.000000;inf;4;1;Unfinished;1.000000,1.000000,1.000000,1.000000,2.000000,2.000000,2.000000,2.000000,2.000000,2.000000,2.000000,2.000000,2.000000,2.000000,2.000000,3.000000,4.000000,5.000000,6.000000,6.000000,6.000000,6.000000,6.000000,6.000000,6.000000,7.000000,7.000000,8.000000,8.000000,9.000000,9.000000,9.000000,10.000000,11.000000,11.000000,11.000000,11.000000,11.000000,11.000000,11.000000,12.000000,12.000000,13.000000,13.000000,13.000000,13.000000,13.000000,13.000000,13.000000,14.000000,14.000000,14.000000,15.000000,16.000000,16.000000,17.000000,17.000000,17.000000,17.000000,17.000000,17.000000,17.000000,18.000000,19.000000,19.000000,19.000000,20.000000,20.000000,20.000000,21.000000,21.000000,21.000000,22.000000,22.000000,22.000000,22.000000,22.000000,23.000000,23.000000,24.000000,24.000000,25.000000,25.000000,25.000000,25.000000,25.000000,25.000000,25.000000,25.000000,25.000000,25.000000,25.000000,25.000000,25.000000,25.000000,25.000000,25.000000,25.000000,25.000000,25.000000,25.000000,25.000000,25.000000,25.000000,25.000000,25.000000,26.000000,27.000000,28.000000,28.000000,28.000000,29.000000,29.000000,30.000000,30.000000,30.000000,30.000000,30.000000,30.000000,30.000000,30.000000,30.000000,30.000000,31.000000,31.000000,32.000000,32.000000,32.000000,32.000000,33.000000,33.000000,34.000000,34.000000,35.000000,35.000000,35.000000,35.000000,35.000000,35.000000,35.000000,35.000000,35.000000,35.000000,35.000000,35.000000,35.000000,36.000000,36.000000,36.000000,36.000000,36.000000,36.000000,36.000000,36.000000,36.000000,36.000000,36.000000,36.000000,36.000000,36.000000,36.000000,36.000000,36.000000,36.000000,36.000000,36.000000,36.000000,36.000000,36.000000,36.000000,36.000000,36.000000,36.000000,36.000000,36.000000,36.000000,36.000000,36.000000,36.000000,36.000000,37.000000,38.000000,38.000000,38.000000,38.000000,38.000000,38.000000,39.000000,40.000000,41.000000,42.000000,42.000000,42.000000,42.000000,42.000000,43.000000,44.000000,44.000000,45.000000,46.000000,46.000000,46.000000,46.000000,46.000000,46.000000,47.000000,47.000000,47.000000,47.000000,47.000000,47.000000,47.000000,47.000000,48.000000,48.000000,48.000000,48.000000,48.000000,49.000000,49.000000,50.000000,50.000000,50.000000,50.000000,50.000000,51.000000,52.000000,52.000000,53.000000,54.000000,55.000000,55.000000,56.000000,57.000000,58.000000,59.000000,59.000000,59.000000,59.000000,59.000000,59.000000,59.000000,59.000000,59.000000,59.000000,59.000000,60.000000,60.000000,60.000000,60.000000,60.000000,60.000000,61.000000,61.000000,61.000000,61.000000,61.000000,61.000000,61.000000,61.000000,61.000000,62.000000,63.000000,64.000000,64.000000,64.000000,64.000000,64.000000,64.000000,64.000000,64.000000,64.000000,64.000000,65.000000,65.000000,66.000000,67.000000,68.000000,69.000000,69.000000,69.000000,69.000000,69.000000,70.000000,70.000000,70.000000,71.000000,71.000000,72.000000,72.000000,72.000000,73.000000,73.000000,73.000000,74.000000,74.000000,74.000000,75.000000,75.000000,75.000000,75.000000,75.000000,75.000000,76.000000,76.000000,77.000000,78.000000,78.000000,78.000000,78.000000,78.000000,78.000000,79.000000,80.000000,80.000000,80.000000,80.000000,80.000000,80.000000,80.000000,80.000000,80.000000,80.000000,81.000000;;0;1064552
6376d5;3e8618;3127;0;0;0000000000000080;    40m 42s 240ms 652μs 130ns;323;-1;             21ms 781μs 895ns;81.000000;3.987654;0.000000;inf;4;1;Unfinished;1.000000,1.000000,1.000000,1.000000,2.000000,2.000000,2.000000,2.000000,2.000000,2.000000,2.000000,2.000000,2.000000,2.000000,2.000000,3.000000,4.000000,5.000000,6.000000,6.000000,6.000000,6.000000,6.000000,6.000000,6.000000,7.000000,7.000000,8.000000,8.000000,9.000000,9.000000,9.000000,9.000000,10.000000,11.000000,11.000000,11.000000,11.000000,11.000000,11.000000,11.000000,12.000000,12.000000,13.000000,13.000000,13.000000,13.000000,13.000000,13.000000,13.000000,14.000000,14.000000,14.000000,15.000000,16.000000,16.000000,17.000000,17.000000,17.000000,17.000000,17.000000,17.000000,17.000000,18.000000,19.000000,19.000000,19.000000,20.000000,20.000000,20.000000,21.000000,21.000000,21.000000,22.000000,22.000000,22.000000,22.000000,22.000000,23.000000,23.000000,24.000000,24.000000,25.000000,25.000000,25.000000,25.000000,25.000000,25.000000,25.000000,25.000000,25.000000,25.000000,25.000000,25.000000,25.000000,25.000000,25.000000,25.000000,25.000000,25.000000,25.000000,25.000000,25.000000,25.000000,25.000000,25.000000,25.000000,26.000000,27.000000,28.000000,28.000000,28.000000,29.000000,29.000000,30.000000,30.000000,30.000000,30.000000,30.000000,30.000000,30.000000,30.000000,30.000000,30.000000,31.000000,31.000000,32.000000,32.000000,32.000000,32.000000,33.000000,33.000000,34.000000,34.000000,35.000000,35.000000,35.000000,35.000000,35.000000,35.000000,35.000000,35.000000,35.000000,35.000000,35.000000,35.000000,35.000000,36.000000,36.000000,36.000000,36.000000,36.000000,36.000000,36.000000,36.000000,36.000000,36.000000,36.000000,36.000000,36.000000,36.000000,36.000000,36.000000,36.000000,36.000000,36.000000,36.000000,36.000000,36.000000,36.000000,36.000000,36.000000,36.000000,36.000000,36.000000,36.000000,36.000000,36.000000,36.000000,36.000000,36.000000,37.000000,38.000000,38.000000,38.000000,38.000000,38.000000,38.000000,39.000000,40.000000,41.000000,42.000000,42.000000,42.000000,42.000000,42.000000,43.000000,44.000000,44.000000,45.000000,46.000000,46.000000,46.000000,46.000000,46.000000,46.000000,47.000000,47.000000,47.000000,47.000000,47.000000,47.000000,47.000000,47.000000,48.000000,48.000000,48.000000,48.000000,48.000000,49.000000,49.000000,50.000000,50.000000,50.000000,50.000000,50.000000,51.000000,52.000000,52.000000,53.000000,54.000000,55.000000,55.000000,56.000000,57.000000,58.000000,59.000000,59.000000,59.000000,59.000000,59.000000,59.000000,59.000000,59.000000,59.000000,59.000000,60.000000,60.000000,60.000000,60.000000,60.000000,60.000000,61.000000,61.000000,61.000000,61.000000,61.000000,61.000000,61.000000,61.000000,61.000000,62.000000,63.000000,64.000000,64.000000,64.000000,64.000000,64.000000,64.000000,64.000000,64.000000,64.000000,64.000000,65.000000,65.000000,66.000000,67.000000,68.000000,69.000000,69.000000,69.000000,69.000000,69.000000,70.000000,70.000000,70.000000,71.000000,71.000000,72.000000,72.000000,72.000000,73.000000,73.000000,73.000000,74.000000,74.000000,74.000000,75.000000,75.000000,75.000000,75.000000,75.000000,75.000000,76.000000,76.000000,77.000000,78.000000,78.000000,78.000000,78.000000,78.000000,78.000000,79.000000,80.000000,80.000000,80.000000,80.000000,80.000000,80.000000,80.000000,80.000000,80.000000,80.000000,81.000000;;0;1352477
638b0e;3e8625;3127;0;0;0000000000000080;    40m 46s 761ms 134μs 308ns;323;-1;             23ms 208μs 602ns;81.000000;3.987654;0.000000;inf;4;1;Unfinished;1.000000,1.000000,1.000000,1.000000,2.000000,2.000000,2.000000,2.000000,2.000000,2.000000,2.000000,2.000000,2.000000,2.000000,2.000000,3.000000,4.000000,5.000000,6.000000,6.000000,6.000000,6.000000,6.000000,6.000000,6.000000,7.000000,7.000000,8.000000,8.000000,9.000000,9.000000,9.000000,9.000000,10.000000,11.000000,11.000000,11.000000,11.000000,11.000000,11.000000,11.000000,12.000000,12.000000,13.000000,13.000000,13.000000,13.000000,13.000000,13.000000,13.000000,14.000000,14.000000,14.000000,15.000000,16.000000,16.000000,17.000000,17.000000,17.000000,17.000000,17.000000,17.000000,17.000000,18.000000,19.000000,19.000000,19.000000,20.000000,20.000000,20.000000,21.000000,21.000000,21.000000,22.000000,22.000000,22.000000,22.000000,22.000000,23.000000,23.000000,24.000000,24.000000,25.000000,25.000000,25.000000,25.000000,25.000000,25.000000,25.000000,25.000000,25.000000,25.000000,25.000000,25.000000,25.000000,25.000000,25.000000,25.000000,25.000000,25.000000,25.000000,25.000000,25.000000,25.000000,25.000000,25.000000,25.000000,26.000000,27.000000,28.000000,28.000000,28.000000,29.000000,29.000000,30.000000,30.000000,30.000000,30.000000,30.000000,30.000000,30.000000,30.000000,30.000000,30.000000,31.000000,31.000000,32.000000,32.000000,32.000000,32.000000,33.000000,33.000000,34.000000,34.000000,35.000000,35.000000,35.000000,35.000000,35.000000,35.000000,35.000000,35.000000,35.000000,35.000000,35.000000,35.000000,35.000000,36.000000,36.000000,36.000000,36.000000,36.000000,36.000000,36.000000,36.000000,36.000000,36.000000,36.000000,36.000000,36.000000,36.000000,36.000000,36.000000,36.000000,36.000000,36.000000,36.000000,36.000000,36.000000,36.000000,36.000000,36.000000,36.000000,36.000000,36.000000,36.000000,36.000000,36.000000,36.000000,36.000000,36.000000,37.000000,38.000000,38.000000,38.000000,38.000000,38.000000,38.000000,39.000000,40.000000,41.000000,42.000000,42.000000,42.000000,42.000000,42.000000,43.000000,44.000000,44.000000,45.000000,46.000000,46.000000,46.000000,46.000000,46.000000,46.000000,47.000000,47.000000,47.000000,47.000000,47.000000,47.000000,47.000000,47.000000,48.000000,48.000000,48.000000,48.000000,48.000000,49.000000,49.000000,50.000000,50.000000,50.000000,50.000000,50.000000,51.000000,52.000000,52.000000,53.000000,54.000000,55.000000,55.000000,56.000000,57.000000,58.000000,59.000000,59.000000,59.000000,59.000000,59.000000,59.000000,59.000000,59.000000,59.000000,59.000000,60.000000,60.000000,60.000000,60.000000,60.000000,60.000000,61.000000,61.000000,61.000000,61.000000,61.000000,61.000000,61.000000,61.000000,61.000000,62.000000,63.000000,64.000000,64.000000,64.000000,64.000000,64.000000,64.000000,64.000000,64.000000,64.000000,64.000000,65.000000,65.000000,66.000000,67.000000,68.000000,69.000000,69.000000,69.000000,69.000000,69.000000,70.000000,70.000000,70.000000,71.000000,71.000000,72.000000,72.000000,72.000000,73.000000,73.000000,73.000000,74.000000,74.000000,74.000000,75.000000,75.000000,75.000000,75.000000,75.000000,75.000000,76.000000,76.000000,77.000000,78.000000,78.000000,78.000000,78.000000,78.000000,78.000000,79.000000,80.000000,80.000000,80.000000,80.000000,80.000000,80.000000,80.000000,80.000000,80.000000,80.000000,81.000000;;0;1354216
65c8b3;3e8623;3127;0;0;0000000000000080;    42m     729ms  24μs 376ns;323;-1;             25ms 394μs 718ns;81.000000;3.987654;0.000000;inf;4;1;Unfinished;1.000000,1.000000,1.000000,1.000000,2.000000,2.000000,2.000000,2.000000,2.000000,2.000000,2.000000,2.000000,2.000000,2.000000,2.000000,3.000000,4.000000,5.000000,6.000000,6.000000,6.000000,6.000000,6.000000,6.000000,6.000000,7.000000,7.000000,8.000000,8.000000,9.000000,9.000000,9.000000,9.000000,10.000000,11.000000,11.000000,11.000000,11.000000,11.000000,11.000000,11.000000,12.000000,12.000000,13.000000,13.000000,13.000000,13.000000,13.000000,13.000000,13.000000,14.000000,14.000000,14.000000,15.000000,16.000000,16.000000,17.000000,17.000000,17.000000,17.000000,17.000000,17.000000,17.000000,18.000000,19.000000,19.000000,19.000000,20.000000,20.000000,20.000000,21.000000,21.000000,21.000000,22.000000,22.000000,22.000000,22.000000,22.000000,23.000000,23.000000,24.000000,24.000000,25.000000,25.000000,25.000000,25.000000,25.000000,25.000000,25.000000,25.000000,25.000000,25.000000,25.000000,25.000000,25.000000,25.000000,25.000000,25.000000,25.000000,25.000000,25.000000,25.000000,25.000000,25.000000,25.000000,25.000000,25.000000,26.000000,27.000000,28.000000,28.000000,28.000000,29.000000,29.000000,30.000000,30.000000,30.000000,30.000000,30.000000,30.000000,30.000000,30.000000,30.000000,30.000000,31.000000,31.000000,32.000000,32.000000,32.000000,32.000000,33.000000,33.000000,34.000000,34.000000,35.000000,35.000000,35.000000,35.000000,35.000000,35.000000,35.000000,35.000000,35.000000,35.000000,35.000000,35.000000,35.000000,36.000000,36.000000,36.000000,36.000000,36.000000,36.000000,36.000000,36.000000,36.000000,36.000000,36.000000,36.000000,36.000000,36.000000,36.000000,36.000000,36.000000,36.000000,36.000000,36.000000,36.000000,36.000000,36.000000,36.000000,36.000000,36.000000,36.000000,36.000000,36.000000,36.000000,36.000000,36.000000,36.000000,36.000000,37.000000,38.000000,38.000000,38.000000,38.000000,38.000000,38.000000,39.000000,40.000000,41.000000,42.000000,42.000000,42.000000,42.000000,42.000000,43.000000,44.000000,44.000000,45.000000,46.000000,46.000000,46.000000,46.000000,46.000000,46.000000,47.000000,47.000000,47.000000,47.000000,47.000000,47.000000,47.000000,47.000000,48.000000,48.000000,48.000000,48.000000,48.000000,49.000000,49.000000,50.000000,50.000000,50.000000,50.000000,50.000000,51.000000,52.000000,52.000000,53.000000,54.000000,55.000000,55.000000,56.000000,57.000000,58.000000,59.000000,59.000000,59.000000,59.000000,59.000000,59.000000,59.000000,59.000000,59.000000,59.000000,60.000000,60.000000,60.000000,60.000000,60.000000,60.000000,61.000000,61.000000,61.000000,61.000000,61.000000,61.000000,61.000000,61.000000,61.000000,62.000000,63.000000,64.000000,64.000000,64.000000,64.000000,64.000000,64.000000,64.000000,64.000000,64.000000,64.000000,65.000000,65.000000,66.000000,67.000000,68.000000,69.000000,69.000000,69.000000,69.000000,69.000000,70.000000,70.000000,70.000000,71.000000,71.000000,72.000000,72.000000,72.000000,73.000000,73.000000,73.000000,74.000000,74.000000,74.000000,75.000000,75.000000,75.000000,75.000000,75.000000,75.000000,76.000000,76.000000,77.000000,78.000000,78.000000,78.000000,78.000000,78.000000,78.000000,79.000000,80.000000,80.000000,80.000000,80.000000,80.000000,80.000000,80.000000,80.000000,80.000000,80.000000,81.000000;;0;1404132
65c7f6;3e863b;3127;0;0;0000000000000080;    42m     722ms 677μs 525ns;323;-1;             24ms 932μs 983ns;81.000000;3.987654;0.000000;inf;4;1;Unfinished;1.000000,1.000000,1.000000,1.000000,2.000000,2.000000,2.000000,2.000000,2.000000,2.000000,2.000000,2.000000,2.000000,2.000000,2.000000,3.000000,4.000000,5.000000,6.000000,6.000000,6.000000,6.000000,6.000000,6.000000,6.000000,7.000000,7.000000,8.000000,8.000000,9.000000,9.000000,9.000000,9.000000,10.000000,11.000000,11.000000,11.000000,11.000000,11.000000,11.000000,11.000000,12.000000,12.000000,13.000000,13.000000,13.000000,13.000000,13.000000,13.000000,13.000000,14.000000,14.000000,14.000000,15.000000,16.000000,16.000000,17.000000,17.000000,17.000000,17.000000,17.000000,17.000000,17.000000,18.000000,19.000000,19.000000,19.000000,20.000000,20.000000,20.000000,21.000000,21.000000,21.000000,22.000000,22.000000,22.000000,22.000000,22.000000,23.000000,23.000000,24.000000,24.000000,25.000000,25.000000,25.000000,25.000000,25.000000,25.000000,25.000000,25.000000,25.000000,25.000000,25.000000,25.000000,25.000000,25.000000,25.000000,25.000000,25.000000,25.000000,25.000000,25.000000,25.000000,25.000000,25.000000,25.000000,25.000000,26.000000,27.000000,28.000000,28.000000,28.000000,29.000000,29.000000,30.000000,30.000000,30.000000,30.000000,30.000000,30.000000,30.000000,30.000000,30.000000,30.000000,31.000000,31.000000,32.000000,32.000000,32.000000,32.000000,33.000000,33.000000,34.000000,34.000000,35.000000,35.000000,35.000000,35.000000,35.000000,35.000000,35.000000,35.000000,35.000000,35.000000,35.000000,35.000000,35.000000,36.000000,36.000000,36.000000,36.000000,36.000000,36.000000,36.000000,36.000000,36.000000,36.000000,36.000000,36.000000,36.000000,36.000000,36.000000,36.000000,36.000000,36.000000,36.000000,36.000000,36.000000,36.000000,36.000000,36.000000,36.000000,36.000000,36.000000,36.000000,36.000000,36.000000,36.000000,36.000000,36.000000,36.000000,37.000000,38.000000,38.000000,38.000000,38.000000,38.000000,38.000000,39.000000,40.000000,41.000000,42.000000,42.000000,42.000000,42.000000,42.000000,43.000000,44.000000,44.000000,45.000000,46.000000,46.000000,46.000000,46.000000,46.000000,46.000000,47.000000,47.000000,47.000000,47.000000,47.000000,47.000000,47.000000,47.000000,48.000000,48.000000,48.000000,48.000000,48.000000,49.000000,49.000000,50.000000,50.000000,50.000000,50.000000,50.000000,51.000000,52.000000,52.000000,53.000000,54.000000,55.000000,55.000000,56.000000,57.000000,58.000000,59.000000,59.000000,59.000000,59.000000,59.000000,59.000000,59.000000,59.000000,59.000000,59.000000,60.000000,60.000000,60.000000,60.000000,60.000000,60.000000,61.000000,61.000000,61.000000,61.000000,61.000000,61.000000,61.000000,61.000000,61.000000,62.000000,63.000000,64.000000,64.000000,64.000000,64.000000,64.000000,64.000000,64.000000,64.000000,64.000000,64.000000,65.000000,65.000000,66.000000,67.000000,68.000000,69.000000,69.000000,69.000000,69.000000,69.000000,70.000000,70.000000,70.000000,71.000000,71.000000,72.000000,72.000000,72.000000,73.000000,73.000000,73.000000,74.000000,74.000000,74.000000,75.000000,75.000000,75.000000,75.000000,75.000000,75.000000,76.000000,76.000000,77.000000,78.000000,78.000000,78.000000,78.000000,78.000000,78.000000,79.000000,80.000000,80.000000,80.000000,80.000000,80.000000,80.000000,80.000000,80.000000,80.000000,80.000000,81.000000;;0;1404670
677d85;3e85f0;3127;0;0;0000000000000080;    43m     701ms 309μs 953ns;323;-1;             23ms 266μs 874ns;81.000000;3.987654;0.000000;inf;4;1;Unfinished;1.000000,1.000000,1.000000,1.000000,2.000000,2.000000,2.000000,2.000000,2.000000,2.000000,2.000000,2.000000,2.000000,2.000000,2.000000,3.000000,4.000000,5.000000,6.000000,6.000000,6.000000,6.000000,6.000000,6.000000,6.000000,7.000000,7.000000,8.000000,8.000000,9.000000,9.000000,9.000000,9.000000,10.000000,11.000000,11.000000,11.000000,11.000000,11.000000,11.000000,11.000000,12.000000,12.000000,13.000000,13.000000,13.000000,13.000000,13.000000,13.000000,13.000000,14.000000,14.000000,14.000000,15.000000,16.000000,16.000000,17.000000,17.000000,17.000000,17.000000,17.000000,17.000000,17.000000,18.000000,19.000000,19.000000,19.000000,20.000000,20.000000,20.000000,21.000000,21.000000,21.000000,22.000000,22.000000,22.000000,22.000000,22.000000,23.000000,23.000000,24.000000,24.000000,25.000000,25.000000,25.000000,25.000000,25.000000,25.000000,25.000000,25.000000,25.000000,25.000000,25.000000,25.000000,25.000000,25.000000,25.000000,25.000000,25.000000,25.000000,25.000000,25.000000,25.000000,25.000000,25.000000,25.000000,25.000000,26.000000,27.000000,28.000000,28.000000,28.000000,29.000000,29.000000,30.000000,30.000000,30.000000,30.000000,30.000000,30.000000,30.000000,30.000000,30.000000,30.000000,31.000000,31.000000,32.000000,32.000000,32.000000,32.000000,33.000000,33.000000,34.000000,34.000000,35.000000,35.000000,35.000000,35.000000,35.000000,35.000000,35.000000,35.000000,35.000000,35.000000,35.000000,35.000000,35.000000,36.000000,36.000000,36.000000,36.000000,36.000000,36.000000,36.000000,36.000000,36.000000,36.000000,36.000000,36.000000,36.000000,36.000000,36.000000,36.000000,36.000000,36.000000,36.000000,36.000000,36.000000,36.000000,36.000000,36.000000,36.000000,36.000000,36.000000,36.000000,36.000000,36.000000,36.000000,36.000000,36.000000,36.000000,37.000000,38.000000,38.000000,38.000000,38.000000,38.000000,38.000000,39.000000,40.000000,41.000000,42.000000,42.000000,42.000000,42.000000,42.000000,43.000000,44.000000,44.000000,45.000000,46.000000,46.000000,46.000000,46.000000,46.000000,46.000000,47.000000,47.000000,47.000000,47.000000,47.000000,47.000000,47.000000,47.000000,48.000000,48.000000,48.000000,48.000000,48.000000,49.000000,49.000000,50.000000,50.000000,50.000000,50.000000,51.000000,52.000000,52.000000,53.000000,54.000000,55.000000,55.000000,56.000000,57.000000,58.000000,59.000000,59.000000,59.000000,59.000000,59.000000,59.000000,59.000000,59.000000,59.000000,59.000000,59.000000,60.000000,60.000000,60.000000,60.000000,60.000000,60.000000,61.000000,61.000000,61.000000,61.000000,61.000000,61.000000,61.000000,61.000000,61.000000,62.000000,63.000000,64.000000,64.000000,64.000000,64.000000,64.000000,64.000000,64.000000,64.000000,64.000000,64.000000,65.000000,65.000000,66.000000,67.000000,68.000000,69.000000,69.000000,69.000000,69.000000,69.000000,70.000000,70.000000,70.000000,71.000000,71.000000,72.000000,72.000000,72.000000,73.000000,73.000000,73.000000,74.000000,74.000000,74.000000,75.000000,75.000000,75.000000,75.000000,75.000000,75.000000,76.000000,76.000000,77.000000,78.000000,78.000000,78.000000,78.000000,78.000000,78.000000,79.000000,80.000000,80.000000,80.000000,80.000000,80.000000,80.000000,80.000000,80.000000,80.000000,80.000000,81.000000;;0;1424757
677cd1;3e8610;3127;0;0;0000000000000080;    43m     688ms 989μs 509ns;323;-1;             24ms 743μs 679ns;81.000000;3.987654;0.000000;inf;4;1;Unfinished;1.000000,1.000000,1.000000,1.000000,2.000000,2.000000,2.000000,2.000000,2.000000,2.000000,2.000000,2.000000,2.000000,2.000000,2.000000,3.000000,4.000000,5.000000,6.000000,6.000000,6.000000,6.000000,6.000000,6.000000,6.000000,7.000000,7.000000,8.000000,8.000000,9.000000,9.000000,9.000000,9.000000,10.000000,11.000000,11.000000,11.000000,11.000000,11.000000,11.000000,11.000000,12.000000,12.000000,13.000000,13.000000,13.000000,13.000000,13.000000,13.000000,13.000000,14.000000,14.000000,14.000000,15.000000,16.000000,16.000000,17.000000,17.000000,17.000000,17.000000,17.000000,17.000000,17.000000,18.000000,19.000000,19.000000,19.000000,20.000000,20.000000,20.000000,21.000000,21.000000,21.000000,22.000000,22.000000,22.000000,22.000000,22.000000,23.000000,23.000000,24.000000,24.000000,25.000000,25.000000,25.000000,25.000000,25.000000,25.000000,25.000000,25.000000,25.000000,25.000000,25.000000,25.000000,25.000000,25.000000,25.000000,25.000000,25.000000,25.000000,25.000000,25.000000,25.000000,25.000000,25.000000,25.000000,25.000000,26.000000,27.000000,28.000000,28.000000,28.000000,29.000000,29.000000,30.000000,30.000000,30.000000,30.000000,30.000000,30.000000,30.000000,30.000000,30.000000,30.000000,31.000000,31.000000,32.000000,32.000000,32.000000,32.000000,33.000000,33.000000,34.000000,34.000000,35.000000,35.000000,35.000000,35.000000,35.000000,35.000000,35.000000,35.000000,35.000000,35.000000,35.000000,35.000000,35.000000,36.000000,36.000000,36.000000,36.000000,36.000000,36.000000,36.000000,36.000000,36.000000,36.000000,36.000000,36.000000,36.000000,36.000000,36.000000,36.000000,36.000000,36.000000,36.000000,36.000000,36.000000,36.000000,36.000000,36.000000,36.000000,36.000000,36.000000,36.000000,36.000000,36.000000,36.000000,36.000000,36.000000,36.000000,37.000000,38.000000,38.000000,38.000000,38.000000,38.000000,38.000000,39.000000,40.000000,41.000000,42.000000,42.000000,42.000000,42.000000,42.000000,43.000000,44.000000,44.000000,45.000000,46.000000,46.000000,46.000000,46.000000,46.000000,46.000000,47.000000,47.000000,47.000000,47.000000,47.000000,47.000000,47.000000,47.000000,48.000000,48.000000,48.000000,48.000000,48.000000,49.000000,49.000000,50.000000,50.000000,50.000000,50.000000,50.000000,51.000000,52.000000,52.000000,53.000000,54.000000,55.000000,55.000000,56.000000,57.000000,58.000000,59.000000,59.000000,59.000000,59.000000,59.000000,59.000000,59.000000,59.000000,59.000000,59.000000,60.000000,60.000000,60.000000,60.000000,60.000000,60.000000,61.000000,61.000000,61.000000,61.000000,61.000000,61.000000,61.000000,61.000000,61.000000,62.000000,63.000000,64.000000,64.000000,64.000000,64.000000,64.000000,64.000000,64.000000,64.000000,64.000000,64.000000,65.000000,65.000000,66.000000,67.000000,68.000000,69.000000,69.000000,69.000000,69.000000,69.000000,70.000000,70.000000,70.000000,71.000000,71.000000,72.000000,72.000000,72.000000,73.000000,73.000000,73.000000,74.000000,74.000000,74.000000,75.000000,75.000000,75.000000,75.000000,75.000000,75.000000,76.000000,76.000000,77.000000,78.000000,78.000000,78.000000,78.000000,78.000000,78.000000,79.000000,80.000000,80.000000,80.000000,80.000000,80.000000,80.000000,80.000000,80.000000,80.000000,80.000000,81.000000;;0;1424757
7aff72;3e85c1;3127;0;0;0000000000000080;    51m  1s 655ms 577μs 768ns;323;-1;             23ms 100μs  48ns;81.000000;3.987654;0.000000;inf;4;1;Unfinished;1.000000,1.000000,1.000000,1.000000,2.000000,2.000000,2.000000,2.000000,2.000000,2.000000,2.000000,2.000000,2.000000,2.000000,2.000000,3.000000,4.000000,5.000000,6.000000,6.000000,6.000000,6.000000,6.000000,6.000000,6.000000,7.000000,7.000000,8.000000,8.000000,9.000000,9.000000,9.000000,9.000000,10.000000,11.000000,11.000000,11.000000,11.000000,11.000000,11.000000,11.000000,12.000000,12.000000,13.000000,13.000000,13.000000,13.000000,13.000000,13.000000,13.000000,14.000000,14.000000,14.000000,15.000000,16.000000,16.000000,17.000000,17.000000,17.000000,17.000000,17.000000,17.000000,17.000000,18.000000,19.000000,19.000000,19.000000,20.000000,20.000000,20.000000,21.000000,21.000000,21.000000,22.000000,22.000000,22.000000,22.000000,22.000000,23.000000,23.000000,24.000000,24.000000,25.000000,25.000000,25.000000,25.000000,25.000000,25.000000,25.000000,25.000000,25.000000,25.000000,25.000000,25.000000,25.000000,25.000000,25.000000,25.000000,25.000000,25.000000,25.000000,25.000000,25.000000,25.000000,25.000000,25.000000,25.000000,26.000000,27.000000,28.000000,28.000000,28.000000,29.000000,29.000000,30.000000,30.000000,30.000000,30.000000,30.000000,30.000000,30.000000,30.000000,30.000000,30.000000,31.000000,31.000000,32.000000,32.000000,32.000000,32.000000,33.000000,33.000000,34.000000,34.000000,35.000000,35.000000,35.000000,35.000000,35.000000,35.000000,35.000000,35.000000,35.000000,35.000000,35.000000,35.000000,35.000000,36.000000,36.000000,36.000000,36.000000,36.000000,36.000000,36.000000,36.000000,36.000000,36.000000,36.000000,36.000000,36.000000,36.000000,36.000000,36.000000,36.000000,36.000000,36.000000,36.000000,36.000000,36.000000,36.000000,36.000000,36.000000,36.000000,36.000000,36.000000,36.000000,36.000000,36.000000,36.000000,36.000000,36.000000,37.000000,38.000000,38.000000,38.000000,38.000000,38.000000,38.000000,39.000000,40.000000,41.000000,42.000000,42.000000,42.000000,42.000000,42.000000,43.000000,44.000000,44.000000,45.000000,46.000000,46.000000,46.000000,46.000000,46.000000,47.000000,47.000000,47.000000,47.000000,47.000000,47.000000,47.000000,47.000000,48.000000,48.000000,48.000000,48.000000,48.000000,49.000000,49.000000,50.000000,50.000000,50.000000,50.000000,50.000000,51.000000,52.000000,52.000000,53.000000,54.000000,55.000000,55.000000,56.000000,57.000000,58.000000,59.000000,59.000000,59.000000,59.000000,59.000000,59.000000,59.000000,59.000000,59.000000,59.000000,59.000000,60.000000,60.000000,60.000000,60.000000,60.000000,60.000000,61.000000,61.000000,61.000000,61.000000,61.000000,61.000000,61.000000,61.000000,61.000000,62.000000,63.000000,64.000000,64.000000,64.000000,64.000000,64.000000,64.000000,64.000000,64.000000,64.000000,64.000000,65.000000,65.000000,66.000000,67.000000,68.000000,69.000000,69.000000,69.000000,69.000000,69.000000,70.000000,70.000000,70.000000,71.000000,71.000000,72.000000,72.000000,72.000000,73.000000,73.000000,73.000000,74.000000,74.000000,74.000000,75.000000,75.000000,75.000000,75.000000,75.000000,75.000000,76.000000,76.000000,77.000000,78.000000,78.000000,78.000000,78.000000,78.000000,78.000000,79.000000,80.000000,80.000000,80.000000,80.000000,80.000000,80.000000,80.000000,80.000000,80.000000,80.000000,81.000000;;0;1682945
3eb4f;3502;3127;0;0;0000000000000080;     1m 21s 978ms 916μs 246ns;325;-1;             23ms 805μs 112ns;81.000000;4.012346;0.000000;inf;4;1;Unfinished;1.000000,1.000000,1.000000,1.000000,2.000000,2.000000,2.000000,2.000000,2.000000,2.000000,2.000000,2.000000,2.000000,2.000000,2.000000,3.000000,4.000000,5.000000,6.000000,6.000000,6.000000,6.000000,6.000000,6.000000,6.000000,7.000000,7.000000,8.000000,8.000000,9.000000,9.000000,9.000000,9.000000,10.000000,11.000000,11.000000,11.000000,11.000000,11.000000,11.000000,11.000000,12.000000,12.000000,13.000000,13.000000,13.000000,13.000000,13.000000,13.000000,13.000000,14.000000,14.000000,14.000000,15.000000,16.000000,16.000000,17.000000,17.000000,17.000000,17.000000,17.000000,17.000000,17.000000,18.000000,19.000000,19.000000,19.000000,20.000000,20.000000,20.000000,21.000000,21.000000,21.000000,22.000000,22.000000,22.000000,22.000000,22.000000,23.000000,23.000000,24.000000,24.000000,25.000000,25.000000,25.000000,25.000000,25.000000,25.000000,25.000000,25.000000,25.000000,25.000000,25.000000,25.000000,25.000000,25.000000,25.000000,25.000000,25.000000,25.000000,25.000000,25.000000,25.000000,25.000000,25.000000,25.000000,25.000000,26.000000,27.000000,28.000000,28.000000,28.000000,29.000000,29.000000,30.000000,30.000000,30.000000,30.000000,30.000000,30.000000,30.000000,30.000000,30.000000,30.000000,31.000000,31.000000,32.000000,32.000000,32.000000,32.000000,33.000000,33.000000,34.000000,34.000000,35.000000,35.000000,35.000000,35.000000,35.000000,35.000000,35.000000,35.000000,35.000000,35.000000,35.000000,35.000000,35.000000,36.000000,36.000000,36.000000,36.000000,36.000000,36.000000,36.000000,36.000000,36.000000,36.000000,36.000000,36.000000,36.000000,36.000000,36.000000,36.000000,36.000000,36.000000,36.000000,36.000000,36.000000,36.000000,36.000000,36.000000,36.000000,36.000000,36.000000,36.000000,36.000000,36.000000,36.000000,36.000000,36.000000,36.000000,37.000000,38.000000,38.000000,38.000000,38.000000,38.000000,38.000000,39.000000,40.000000,41.000000,42.000000,42.000000,42.000000,42.000000,42.000000,43.000000,44.000000,44.000000,45.000000,46.000000,46.000000,46.000000,46.000000,46.000000,46.000000,47.000000,47.000000,47.000000,47.000000,47.000000,47.000000,47.000000,47.000000,48.000000,48.000000,48.000000,48.000000,48.000000,49.000000,49.000000,50.000000,50.000000,50.000000,50.000000,50.000000,51.000000,52.000000,52.000000,53.000000,54.000000,55.000000,55.000000,56.000000,57.000000,57.000000,57.000000,57.000000,57.000000,57.000000,57.000000,57.000000,57.000000,57.000000,57.000000,57.000000,57.000000,57.000000,57.000000,57.000000,57.000000,57.000000,57.000000,57.000000,57.000000,57.000000,57.000000,57.000000,57.000000,57.000000,57.000000,57.000000,57.000000,58.000000,58.000000,58.000000,59.000000,60.000000,60.000000,60.000000,61.000000,61.000000,61.000000,61.000000,61.000000,61.000000,61.000000,61.000000,61.000000,62.000000,63.000000,64.000000,64.000000,64.000000,64.000000,64.000000,64.000000,64.000000,64.000000,64.000000,64.000000,65.000000,65.000000,66.000000,67.000000,68.000000,69.000000,69.000000,69.000000,69.000000,69.000000,70.000000,70.000000,70.000000,71.000000,71.000000,72.000000,72.000000,72.000000,73.000000,73.000000,73.000000,74.000000,75.000000,75.000000,76.000000,76.000000,77.000000,78.000000,79.000000,79.000000,79.000000,79.000000,80.000000,80.000000,81.000000;;0;45309
3881;31ad;3127;0;0;0000000000000080;        11s 310ms 326μs 866ns;328;-1;             23ms 930μs 847ns;81.000000;4.049383;0.000000;inf;4;1;Unfinished;1.000000,1.000000,1.000000,1.000000,2.000000,2.000000,2.000000,2.000000,2.000000,2.000000,2.000000,2.000000,2.000000,2.000000,2.000000,3.000000,4.000000,5.000000,6.000000,6.000000,6.000000,6.000000,6.000000,6.000000,6.000000,7.000000,7.000000,8.000000,8.000000,9.000000,9.000000,9.000000,9.000000,10.000000,11.000000,11.000000,11.000000,11.000000,11.000000,11.000000,11.000000,12.000000,12.000000,13.000000,13.000000,13.000000,13.000000,13.000000,13.000000,13.000000,14.000000,14.000000,14.000000,15.000000,16.000000,16.000000,17.000000,17.000000,17.000000,17.000000,17.000000,17.000000,17.000000,18.000000,19.000000,19.000000,19.000000,20.000000,20.000000,20.000000,21.000000,21.000000,21.000000,22.000000,22.000000,22.000000,22.000000,22.000000,23.000000,23.000000,24.000000,24.000000,25.000000,25.000000,25.000000,25.000000,25.000000,25.000000,25.000000,25.000000,25.000000,25.000000,25.000000,25.000000,25.000000,25.000000,25.000000,25.000000,25.000000,25.000000,25.000000,25.000000,25.000000,25.000000,25.000000,25.000000,25.000000,26.000000,27.000000,28.000000,28.000000,28.000000,29.000000,29.000000,30.000000,30.000000,30.000000,30.000000,30.000000,30.000000,30.000000,30.000000,30.000000,30.000000,31.000000,31.000000,32.000000,32.000000,32.000000,32.000000,33.000000,33.000000,34.000000,34.000000,35.000000,35.000000,35.000000,35.000000,35.000000,35.000000,35.000000,35.000000,35.000000,35.000000,35.000000,35.000000,35.000000,36.000000,36.000000,36.000000,36.000000,36.000000,36.000000,36.000000,36.000000,36.000000,36.000000,36.000000,36.000000,36.000000,36.000000,36.000000,36.000000,36.000000,36.000000,36.000000,36.000000,36.000000,36.000000,36.000000,36.000000,36.000000,36.000000,36.000000,36.000000,36.000000,36.000000,36.000000,36.000000,36.000000,36.000000,37.000000,38.000000,38.000000,38.000000,38.000000,38.000000,38.000000,39.000000,40.000000,41.000000,42.000000,42.000000,42.000000,42.000000,42.000000,43.000000,44.000000,44.000000,45.000000,46.000000,46.000000,46.000000,46.000000,46.000000,46.000000,47.000000,47.000000,47.000000,47.000000,47.000000,47.000000,47.000000,47.000000,48.000000,48.000000,48.000000,48.000000,48.000000,49.000000,49.000000,50.000000,50.000000,50.000000,50.000000,50.000000,51.000000,52.000000,52.000000,53.000000,54.000000,55.000000,55.000000,56.000000,57.000000,57.000000,57.000000,57.000000,57.000000,57.000000,57.000000,57.000000,57.000000,57.000000,57.000000,57.000000,57.000000,57.000000,57.000000,57.000000,57.000000,57.000000,57.000000,57.000000,57.000000,57.000000,57.000000,57.000000,57.000000,57.000000,57.000000,57.000000,57.000000,58.000000,58.000000,58.000000,59.000000,60.000000,60.000000,60.000000,61.000000,61.000000,61.000000,61.000000,61.000000,61.000000,61.000000,61.000000,61.000000,62.000000,63.000000,64.000000,64.000000,64.000000,64.000000,64.000000,64.000000,64.000000,64.000000,64.000000,64.000000,65.000000,65.000000,66.000000,67.000000,68.000000,69.000000,69.000000,69.000000,69.000000,69.000000,70.000000,70.000000,70.000000,71.000000,71.000000,72.000000,72.000000,72.000000,73.000000,73.000000,73.000000,74.000000,75.000000,75.000000,75.000000,75.000000,76.000000,76.000000,77.000000,78.000000,78.000000,78.000000,78.000000,78.000000,79.000000,80.000000,80.000000,81.000000;;0;4322
df9a1;31bf;3127;0;0;4000000000000080;     5m 11s 759ms 656μs 392ns;364;-1;             26ms 944μs 716ns;81.000000;4.493827;0.000000;inf;4;1;Unfinished;1.000000,1.000000,1.000000,1.000000,2.000000,2.000000,2.000000,2.000000,2.000000,2.000000,2.000000,2.000000,2.000000,2.000000,2.000000,3.000000,4.000000,5.000000,6.000000,6.000000,6.000000,6.000000,6.000000,6.000000,6.000000,7.000000,7.000000,8.000000,8.000000,9.000000,9.000000,9.000000,9.000000,10.000000,11.000000,11.000000,11.000000,11.000000,11.000000,11.000000,11.000000,12.000000,12.000000,13.000000,13.000000,13.000000,13.000000,13.000000,13.000000,13.000000,14.000000,14.000000,14.000000,15.000000,16.000000,16.000000,17.000000,17.000000,17.000000,17.000000,17.000000,17.000000,17.000000,18.000000,19.000000,19.000000,19.000000,20.000000,20.000000,20.000000,21.000000,21.000000,21.000000,22.000000,22.000000,22.000000,22.000000,22.000000,23.000000,23.000000,24.000000,24.000000,25.000000,25.000000,25.000000,25.000000,25.000000,25.000000,25.000000,25.000000,25.000000,25.000000,25.000000,25.000000,25.000000,25.000000,25.000000,25.000000,25.000000,25.000000,25.000000,25.000000,25.000000,25.000000,25.000000,25.000000,25.000000,26.000000,27.000000,28.000000,28.000000,28.000000,29.000000,29.000000,30.000000,30.000000,30.000000,30.000000,30.000000,30.000000,30.000000,30.000000,30.000000,30.000000,31.000000,31.000000,32.000000,32.000000,32.000000,32.000000,33.000000,33.000000,34.000000,34.000000,35.000000,35.000000,35.000000,35.000000,35.000000,35.000000,35.000000,35.000000,35.000000,35.000000,35.000000,35.000000,35.000000,36.000000,36.000000,36.000000,36.000000,36.000000,36.000000,36.000000,36.000000,36.000000,36.000000,36.000000,36.000000,36.000000,36.000000,36.000000,36.000000,36.000000,36.000000,36.000000,36.000000,36.000000,36.000000,36.000000,36.000000,36.000000,36.000000,36.000000,36.000000,36.000000,36.000000,36.000000,36.000000,36.000000,36.000000,37.000000,38.000000,38.000000,38.000000,38.000000,38.000000,38.000000,39.000000,40.000000,41.000000,42.000000,42.000000,42.000000,42.000000,42.000000,43.000000,44.000000,44.000000,45.000000,46.000000,46.000000,46.000000,46.000000,46.000000,46.000000,47.000000,47.000000,47.000000,47.000000,47.000000,47.000000,47.000000,47.000000,48.000000,48.000000,48.000000,48.000000,48.000000,49.000000,49.000000,50.000000,50.000000,50.000000,50.000000,50.000000,51.000000,52.000000,52.000000,53.000000,54.000000,55.000000,55.000000,56.000000,57.000000,57.000000,57.000000,57.000000,57.000000,57.000000,57.000000,57.000000,57.000000,57.000000,57.000000,57.000000,57.000000,57.000000,57.000000,57.000000,57.000000,57.000000,57.000000,57.000000,57.000000,57.000000,57.000000,57.000000,57.000000,57.000000,57.000000,57.000000,57.000000,58.000000,58.000000,58.000000,59.000000,60.000000,60.000000,60.000000,61.000000,61.000000,61.000000,61.000000,61.000000,61.000000,61.000000,61.000000,61.000000,62.000000,63.000000,64.000000,64.000000,64.000000,64.000000,64.000000,64.000000,64.000000,64.000000,64.000000,64.000000,65.000000,65.000000,66.000000,67.000000,68.000000,69.000000,69.000000,69.000000,69.000000,69.000000,70.000000,70.000000,70.000000,71.000000,71.000000,72.000000,72.000000,72.000000,73.000000,73.000000,73.000000,74.000000,74.000000,74.000000,75.000000,75.000000,75.000000,75.000000,75.000000,75.000000,75.000000,75.000000,75.000000,75.000000,75.000000,75.000000,75.000000,75.000000,75.000000,75.000000,75.000000,75.000000,75.000000,75.000000,75.000000,76.000000,76.000000,76.000000,76.000000,76.000000,76.000000,77.000000,77.000000,78.000000,78.000000,79.000000,79.000000,79.000000,79.000000,79.000000,79.000000,79.000000,79.000000,79.000000,79.000000,79.000000,79.000000,80.000000,80.000000,80.000000,80.000000,80.000000,80.000000,81.000000;;0;401710
71f3b;42649;3127;0;0;0000000000000080;     2m 23s 732ms 281μs 171ns;366;-1;             29ms 381μs 735ns;81.000000;4.518519;0.000000;inf;4;1;Unfinished;1.000000,1.000000,1.000000,1.000000,2.000000,2.000000,2.000000,2.000000,2.000000,2.000000,2.000000,2.000000,2.000000,2.000000,2.000000,3.000000,4.000000,5.000000,6.000000,6.000000,6.000000,6.000000,6.000000,6.000000,6.000000,7.000000,7.000000,8.000000,8.000000,9.000000,9.000000,9.000000,9.000000,10.000000,11.000000,11.000000,11.000000,11.000000,11.000000,11.000000,11.000000,12.000000,12.000000,13.000000,13.000000,13.000000,13.000000,13.000000,13.000000,13.000000,14.000000,14.000000,14.000000,15.000000,16.000000,16.000000,17.000000,17.000000,17.000000,17.000000,17.000000,17.000000,17.000000,18.000000,19.000000,19.000000,19.000000,20.000000,20.000000,20.000000,21.000000,21.000000,21.000000,22.000000,22.000000,22.000000,22.000000,22.000000,23.000000,23.000000,24.000000,24.000000,25.000000,25.000000,25.000000,25.000000,25.000000,25.000000,25.000000,25.000000,25.000000,25.000000,25.000000,25.000000,25.000000,25.000000,25.000000,25.000000,25.000000,25.000000,25.000000,25.000000,25.000000,25.000000,25.000000,25.000000,25.000000,26.000000,27.000000,28.000000,28.000000,28.000000,29.000000,29.000000,30.000000,30.000000,30.000000,30.000000,30.000000,30.000000,30.000000,30.000000,30.000000,30.000000,31.000000,31.000000,32.000000,32.000000,32.000000,32.000000,33.000000,33.000000,34.000000,34.000000,35.000000,35.000000,35.000000,35.000000,35.000000,35.000000,35.000000,35.000000,35.000000,35.000000,35.000000,35.000000,35.000000,36.000000,36.000000,36.000000,36.000000,36.000000,36.000000,36.000000,36.000000,36.000000,36.000000,36.000000,36.000000,36.000000,36.000000,36.000000,36.000000,36.000000,36.000000,36.000000,36.000000,36.000000,36.000000,36.000000,36.000000,36.000000,36.000000,36.000000,36.000000,36.000000,36.000000,36.000000,36.000000,36.000000,36.000000,37.000000,38.000000,38.000000,38.000000,38.000000,38.000000,38.000000,39.000000,40.000000,41.000000,42.000000,42.000000,42.000000,42.000000,42.000000,43.000000,44.000000,44.000000,45.000000,46.000000,46.000000,46.000000,46.000000,46.000000,46.000000,47.000000,47.000000,47.000000,47.000000,47.000000,47.000000,47.000000,47.000000,48.000000,48.000000,48.000000,48.000000,48.000000,49.000000,49.000000,50.000000,50.000000,50.000000,50.000000,50.000000,51.000000,52.000000,52.000000,53.000000,54.000000,55.000000,55.000000,56.000000,57.000000,57.000000,57.000000,57.000000,57.000000,57.000000,57.000000,57.000000,57.000000,57.000000,57.000000,57.000000,57.000000,57.000000,57.000000,57.000000,57.000000,57.000000,57.000000,57.000000,57.000000,57.000000,57.000000,57.000000,57.000000,57.000000,57.000000,57.000000,57.000000,58.000000,58.000000,58.000000,59.000000,60.000000,60.000000,60.000000,61.000000,61.000000,61.000000,61.000000,61.000000,61.000000,61.000000,61.000000,61.000000,62.000000,63.000000,64.000000,64.000000,64.000000,64.000000,64.000000,64.000000,64.000000,64.000000,64.000000,64.000000,65.000000,65.000000,66.000000,67.000000,68.000000,69.000000,69.000000,69.000000,69.000000,69.000000,70.000000,70.000000,70.000000,71.000000,71.000000,72.000000,72.000000,72.000000,73.000000,73.000000,73.000000,74.000000,74.000000,74.000000,75.000000,76.000000,76.000000,76.000000,77.000000,77.000000,77.000000,77.000000,78.000000,78.000000,78.000000,78.000000,78.000000,78.000000,78.000000,78.000000,78.000000,78.000000,78.000000,78.000000,78.000000,78.000000,78.000000,78.000000,78.000000,78.000000,78.000000,78.000000,78.000000,78.000000,78.000000,78.000000,78.000000,78.000000,78.000000,78.000000,78.000000,78.000000,78.000000,78.000000,78.000000,78.000000,78.000000,78.000000,78.000000,78.000000,79.000000,80.000000,80.000000,80.000000,80.000000,81.000000;;0;80863
7275d;71f30;3127;0;0;0000000000000080;     2m 26s 545ms 983μs 767ns;298;-1;             19ms 967μs 772ns;80.000000;3.725000;0.000000;inf;4;1;Unfinished;1.000000,1.000000,1.000000,1.000000,2.000000,2.000000,2.000000,2.000000,2.000000,2.000000,2.000000,2.000000,2.000000,2.000000,2.000000,3.000000,4.000000,5.000000,6.000000,6.000000,6.000000,6.000000,6.000000,6.000000,6.000000,7.000000,7.000000,8.000000,8.000000,9.000000,9.000000,9.000000,9.000000,10.000000,10.000000,11.000000,11.000000,12.000000,12.000000,12.000000,12.000000,12.000000,12.000000,12.000000,13.000000,13.000000,13.000000,14.000000,14.000000,14.000000,15.000000,15.000000,16.000000,16.000000,16.000000,16.000000,16.000000,17.000000,18.000000,18.000000,18.000000,19.000000,19.000000,19.000000,20.000000,20.000000,20.000000,21.000000,21.000000,21.000000,21.000000,21.000000,22.000000,22.000000,23.000000,23.000000,24.000000,24.000000,24.000000,24.000000,24.000000,24.000000,24.000000,24.000000,24.000000,24.000000,24.000000,24.000000,24.000000,24.000000,24.000000,24.000000,24.000000,24.000000,24.000000,24.000000,24.000000,24.000000,24.000000,24.000000,24.000000,25.000000,26.000000,27.000000,27.000000,27.000000,28.000000,28.000000,29.000000,29.000000,29.000000,30.000000,30.000000,31.000000,31.000000,31.000000,31.000000,32.000000,32.000000,33.000000,33.000000,34.000000,34.000000,34.000000,34.000000,34.000000,34.000000,34.000000,34.000000,34.000000,34.000000,35.000000,35.000000,35.000000,35.000000,35.000000,35.000000,35.000000,35.000000,35.000000,35.000000,35.000000,35.000000,35.000000,35.000000,35.000000,35.000000,35.000000,35.000000,35.000000,35.000000,35.000000,35.000000,35.000000,35.000000,35.000000,35.000000,35.000000,35.000000,35.000000,35.000000,35.000000,36.000000,37.000000,37.000000,37.000000,37.000000,37.000000,37.000000,38.000000,39.000000,40.000000,41.000000,41.000000,41.000000,41.000000,41.000000,42.000000,43.000000,43.000000,44.000000,45.000000,45.000000,45.000000,45.000000,45.000000,45.000000,46.000000,46.000000,46.000000,46.000000,46.000000,46.000000,46.000000,46.000000,47.000000,47.000000,47.000000,47.000000,47.000000,48.000000,48.000000,49.000000,49.000000,49.000000,49.000000,49.000000,50.000000,51.000000,51.000000,52.000000,53.000000,54.000000,54.000000,55.000000,56.000000,57.000000,58.000000,58.000000,58.000000,58.000000,59.000000,59.000000,59.000000,59.000000,59.000000,59.000000,60.000000,60.000000,60.000000,60.000000,60.000000,60.000000,60.000000,60.000000,60.000000,61.000000,62.000000,63.000000,63.000000,63.000000,63.000000,63.000000,63.000000,63.000000,63.000000,63.000000,63.000000,64.000000,64.000000,65.000000,66.000000,67.000000,68.000000,68.000000,68.000000,68.000000,68.000000,69.000000,69.000000,69.000000,70.000000,70.000000,71.000000,71.000000,71.000000,72.000000,72.000000,72.000000,73.000000,73.000000,73.000000,74.000000,74.000000,74.000000,74.000000,74.000000,74.000000,75.000000,75.000000,76.000000,77.000000,77.000000,77.000000,77.000000,77.000000,77.000000,78.000000,79.000000,79.000000,79.000000,79.000000,79.000000,79.000000,79.000000,79.000000,79.000000,79.000000,80.000000;;0;81490
3e8da9;1e848a;3127;0;0;0000000000000080;    25m 31s 805ms 691μs  78ns;298;-1;             20ms 823μs 808ns;80.000000;3.725000;0.000000;inf;4;1;Unfinished;1.000000,1.000000,1.000000,1.000000,2.000000,2.000000,2.000000,2.000000,2.000000,2.000000,2.000000,2.000000,2.000000,2.000000,2.000000,3.000000,4.000000,5.000000,6.000000,6.000000,6.000000,6.000000,6.000000,6.000000,6.000000,7.000000,7.000000,8.000000,8.000000,9.000000,9.000000,9.000000,9.000000,10.000000,11.000000,11.000000,11.000000,11.000000,11.000000,11.000000,11.000000,12.000000,12.000000,13.000000,13.000000,13.000000,13.000000,13.000000,13.000000,13.000000,14.000000,14.000000,14.000000,15.000000,16.000000,16.000000,17.000000,17.000000,17.000000,17.000000,17.000000,17.000000,17.000000,18.000000,19.000000,19.000000,19.000000,20.000000,20.000000,20.000000,21.000000,21.000000,21.000000,22.000000,22.000000,22.000000,22.000000,22.000000,23.000000,23.000000,24.000000,24.000000,25.000000,25.000000,25.000000,25.000000,25.000000,25.000000,25.000000,25.000000,25.000000,25.000000,25.000000,25.000000,25.000000,25.000000,25.000000,25.000000,25.000000,25.000000,25.000000,25.000000,25.000000,25.000000,25.000000,25.000000,25.000000,26.000000,27.000000,28.000000,28.000000,28.000000,29.000000,29.000000,30.000000,30.000000,30.000000,30.000000,30.000000,30.000000,30.000000,30.000000,30.000000,30.000000,31.000000,31.000000,32.000000,32.000000,32.000000,32.000000,33.000000,33.000000,34.000000,34.000000,34.000000,34.000000,34.000000,35.000000,35.000000,35.000000,36.000000,36.000000,36.000000,36.000000,36.000000,36.000000,36.000000,36.000000,36.000000,36.000000,36.000000,36.000000,36.000000,36.000000,36.000000,36.000000,36.000000,36.000000,36.000000,36.000000,36.000000,36.000000,36.000000,36.000000,36.000000,36.000000,36.000000,36.000000,36.000000,36.000000,36.000000,36.000000,36.000000,36.000000,37.000000,38.000000,38.000000,38.000000,38.000000,38.000000,38.000000,39.000000,40.000000,41.000000,42.000000,42.000000,42.000000,42.000000,42.000000,43.000000,44.000000,44.000000,45.000000,46.000000,46.000000,46.000000,46.000000,46.000000,46.000000,47.000000,48.000000,48.000000,48.000000,48.000000,48.000000,49.000000,49.000000,50.000000,50.000000,50.000000,50.000000,50.000000,51.000000,52.000000,52.000000,53.000000,54.000000,55.000000,55.000000,56.000000,56.000000,56.000000,57.000000,58.000000,59.000000,59.000000,59.000000,59.000000,59.000000,59.000000,59.000000,59.000000,59.000000,59.000000,60.000000,60.000000,60.000000,60.000000,60.000000,60.000000,61.000000,61.000000,61.000000,61.000000,61.000000,61.000000,61.000000,61.000000,61.000000,62.000000,63.000000,63.000000,64.000000,64.000000,65.000000,65.000000,66.000000,67.000000,68.000000,69.000000,69.000000,69.000000,69.000000,69.000000,70.000000,70.000000,70.000000,71.000000,71.000000,72.000000,72.000000,72.000000,73.000000,73.000000,73.000000,74.000000,74.000000,74.000000,75.000000,75.000000,75.000000,75.000000,75.000000,75.000000,76.000000,76.000000,77.000000,77.000000,77.000000,77.000000,77.000000,78.000000,78.000000,78.000000,78.000000,78.000000,78.000000,79.000000,80.000000;;0;841984
1e9022;1e83f6;3127;0;0;0000000000000080;    12m  1s 177ms 268μs 751ns;309;-1;             23ms 528μs 973ns;80.000000;3.862500;0.000000;inf;4;1;Unfinished;1.000000,1.000000,1.000000,1.000000,2.000000,2.000000,2.000000,2.000000,2.000000,2.000000,2.000000,2.000000,2.000000,2.000000,2.000000,3.000000,4.000000,5.000000,6.000000,6.000000,6.000000,6.000000,6.000000,6.000000,6.000000,7.000000,7.000000,8.000000,8.000000,9.000000,9.000000,9.000000,9.000000,10.000000,11.000000,11.000000,11.000000,11.000000,11.000000,11.000000,11.000000,12.000000,12.000000,13.000000,13.000000,13.000000,13.000000,13.000000,13.000000,13.000000,14.000000,14.000000,14.000000,15.000000,16.000000,16.000000,17.000000,17.000000,17.000000,17.000000,17.000000,17.000000,17.000000,18.000000,19.000000,19.000000,19.000000,20.000000,20.000000,20.000000,21.000000,21.000000,21.000000,22.000000,22.000000,22.000000,22.000000,22.000000,23.000000,23.000000,24.000000,24.000000,25.000000,25.000000,25.000000,25.000000,25.000000,25.000000,25.000000,25.000000,25.000000,25.000000,25.000000,25.000000,25.000000,25.000000,25.000000,25.000000,25.000000,25.000000,25.000000,25.000000,25.000000,25.000000,25.000000,25.000000,25.000000,26.000000,27.000000,28.000000,28.000000,28.000000,29.000000,29.000000,29.000000,29.000000,30.000000,30.000000,31.000000,31.000000,31.000000,31.000000,32.000000,32.000000,33.000000,33.000000,34.000000,34.000000,34.000000,34.000000,34.000000,34.000000,34.000000,34.000000,34.000000,34.000000,34.000000,34.000000,34.000000,35.000000,35.000000,36.000000,36.000000,36.000000,36.000000,36.000000,36.000000,36.000000,36.000000,36.000000,36.000000,36.000000,36.000000,36.000000,36.000000,36.000000,36.000000,36.000000,36.000000,36.000000,36.000000,36.000000,36.000000,36.000000,36.000000,36.000000,37.000000,38.000000,39.000000,39.000000,39.000000,39.000000,39.000000,39.000000,39.000000,39.000000,39.000000,39.000000,39.000000,39.000000,39.000000,40.000000,40.000000,41.000000,42.000000,42.000000,42.000000,42.000000,42.000000,43.000000,44.000000,45.000000,46.000000,47.000000,47.000000,48.000000,48.000000,49.000000,49.000000,49.000000,49.000000,49.000000,50.000000,51.000000,51.000000,52.000000,52.000000,52.000000,53.000000,53.000000,53.000000,53.000000,53.000000,53.000000,53.000000,54.000000,54.000000,54.000000,54.000000,54.000000,54.000000,55.000000,56.000000,57.000000,57.000000,57.000000,57.000000,57.000000,57.000000,57.000000,57.000000,58.000000,58.000000,58.000000,59.000000,60.000000,60.000000,60.000000,61.000000,61.000000,61.000000,61.000000,61.000000,61.000000,61.000000,61.000000,61.000000,62.000000,63.000000,64.000000,64.000000,64.000000,64.000000,64.000000,64.000000,64.000000,64.000000,64.000000,64.000000,65.000000,65.000000,66.000000,67.000000,68.000000,69.000000,69.000000,69.000000,69.000000,69.000000,70.000000,70.000000,70.000000,71.000000,71.000000,72.000000,72.000000,72.000000,73.000000,73.000000,73.000000,74.000000,74.000000,74.000000,75.000000,75.000000,75.000000,75.000000,75.000000,75.000000,76.000000,76.000000,77.000000,78.000000,78.000000,78.000000,78.000000,78.000000,78.000000,79.000000,80.000000,80.000000,80.000000,80.000000,80.000000,80.000000,80.000000,80.000000,80.000000,80.000000;;0;402377
5f74c2;3e84b8;3127;0;0;0000000000000080;    39m  2s 239ms 349μs  81ns;309;-1;             22ms 400μs 245ns;80.000000;3.862500;0.000000;inf;4;1;Unfinished;1.000000,1.000000,1.000000,1.000000,2.000000,2.000000,2.000000,2.000000,2.000000,2.000000,2.000000,2.000000,2.000000,2.000000,2.000000,3.000000,4.000000,5.000000,6.000000,6.000000,6.000000,6.000000,6.000000,6.000000,6.000000,7.000000,7.000000,8.000000,8.000000,9.000000,9.000000,9.000000,9.000000,10.000000,11.000000,11.000000,11.000000,11.000000,11.000000,11.000000,11.000000,12.000000,12.000000,13.000000,13.000000,13.000000,13.000000,13.000000,13.000000,13.000000,14.000000,14.000000,14.000000,15.000000,16.000000,16.000000,17.000000,17.000000,17.000000,17.000000,17.000000,17.000000,17.000000,18.000000,19.000000,19.000000,19.000000,20.000000,20.000000,20.000000,21.000000,21.000000,21.000000,22.000000,22.000000,22.000000,22.000000,22.000000,23.000000,23.000000,24.000000,24.000000,24.000000,25.000000,25.000000,25.000000,25.000000,25.000000,26.000000,27.000000,27.000000,27.000000,27.000000,27.000000,27.000000,27.000000,27.000000,28.000000,29.000000,29.000000,29.000000,30.000000,30.000000,30.000000,30.000000,30.000000,30.000000,30.000000,30.000000,30.000000,30.000000,31.000000,31.000000,31.000000,31.000000,32.000000,32.000000,33.000000,33.000000,34.000000,34.000000,34.000000,34.000000,34.000000,34.000000,34.000000,34.000000,34.000000,34.000000,34.000000,34.000000,34.000000,35.000000,35.000000,36.000000,37.000000,37.000000,37.000000,37.000000,37.000000,37.000000,37.000000,37.000000,37.000000,37.000000,37.000000,37.000000,37.000000,37.000000,37.000000,37.000000,37.000000,37.000000,37.000000,37.000000,37.000000,37.000000,37.000000,37.000000,37.000000,37.000000,37.000000,37.000000,37.000000,37.000000,37.000000,37.000000,37.000000,37.000000,37.000000,37.000000,37.000000,37.000000,38.000000,39.000000,40.000000,41.000000,41.000000,41.000000,41.000000,41.000000,42.000000,43.000000,43.000000,44.000000,45.000000,45.000000,45.000000,45.000000,45.000000,45.000000,46.000000,46.000000,46.000000,46.000000,46.000000,46.000000,46.000000,46.000000,47.000000,47.000000,47.000000,47.000000,47.000000,48.000000,48.000000,49.000000,49.000000,49.000000,49.000000,49.000000,50.000000,51.000000,51.000000,52.000000,53.000000,54.000000,54.000000,55.000000,56.000000,57.000000,58.000000,58.000000,58.000000,58.000000,58.000000,58.000000,58.000000,58.000000,58.000000,58.000000,58.000000,59.000000,59.000000,59.000000,59.000000,59.000000,59.000000,60.000000,60.000000,60.000000,60.000000,60.000000,60.000000,60.000000,60.000000,60.000000,61.000000,62.000000,63.000000,63.000000,63.000000,63.000000,63.000000,63.000000,63.000000,63.000000,63.000000,63.000000,64.000000,64.000000,65.000000,66.000000,67.000000,68.000000,68.000000,68.000000,68.000000,68.000000,69.000000,69.000000,69.000000,70.000000,70.000000,71.000000,71.000000,71.000000,72.000000,72.000000,72.000000,73.000000,73.000000,73.000000,74.000000,74.000000,74.000000,74.000000,74.000000,74.000000,75.000000,75.000000,76.000000,77.000000,77.000000,77.000000,77.000000,77.000000,77.000000,78.000000,79.000000,79.000000,79.000000,79.000000,79.000000,79.000000,79.000000,79.000000,79.000000,79.000000,80.000000;;0;1297896
dfb01;92d4e;3127;0;0;0000000000000080;     5m 12s 182ms 367μs  25ns;320;-1;             23ms   3μs 646ns;80.000000;4.000000;0.000000;inf;4;1;Unfinished;1.000000,1.000000,1.000000,1.000000,2.000000,2.000000,2.000000,2.000000,2.000000,2.000000,2.000000,2.000000,2.000000,2.000000,2.000000,3.000000,4.000000,5.000000,6.000000,6.000000,6.000000,6.000000,6.000000,6.000000,6.000000,7.000000,7.000000,8.000000,8.000000,9.000000,9.000000,9.000000,9.000000,10.000000,10.000000,10.000000,10.000000,11.000000,11.000000,12.000000,12.000000,12.000000,12.000000,12.000000,12.000000,12.000000,13.000000,13.000000,13.000000,14.000000,14.000000,14.000000,15.000000,15.000000,16.000000,16.000000,16.000000,16.000000,16.000000,17.000000,18.000000,18.000000,18.000000,19.000000,19.000000,19.000000,20.000000,20.000000,20.000000,21.000000,21.000000,21.000000,21.000000,21.000000,22.000000,22.000000,23.000000,23.000000,24.000000,24.000000,24.000000,24.000000,24.000000,24.000000,24.000000,24.000000,24.000000,24.000000,24.000000,24.000000,24.000000,24.000000,24.000000,24.000000,24.000000,24.000000,24.000000,24.000000,24.000000,24.000000,24.000000,24.000000,24.000000,25.000000,26.000000,27.000000,27.000000,27.000000,28.000000,28.000000,29.000000,29.000000,29.000000,29.000000,29.000000,29.000000,29.000000,29.000000,29.000000,29.000000,30.000000,30.000000,31.000000,31.000000,31.000000,31.000000,32.000000,32.000000,33.000000,33.000000,34.000000,34.000000,34.000000,34.000000,34.000000,34.000000,34.000000,34.000000,34.000000,34.000000,34.000000,34.000000,34.000000,35.000000,35.000000,35.000000,35.000000,35.000000,35.000000,35.000000,35.000000,35.000000,35.000000,35.000000,35.000000,35.000000,35.000000,35.000000,35.000000,35.000000,35.000000,35.000000,35.000000,35.000000,35.000000,35.000000,35.000000,35.000000,35.000000,35.000000,35.000000,35.000000,35.000000,35.000000,35.000000,35.000000,35.000000,36.000000,37.000000,37.000000,37.000000,37.000000,37.000000,37.000000,38.000000,39.000000,40.000000,41.000000,41.000000,41.000000,41.000000,41.000000,42.000000,43.000000,43.000000,44.000000,45.000000,45.000000,45.000000,45.000000,45.000000,45.000000,46.000000,46.000000,46.000000,46.000000,46.000000,46.000000,46.000000,46.000000,47.000000,47.000000,47.000000,47.000000,47.000000,48.000000,48.000000,49.000000,49.000000,49.000000,49.000000,49.000000,50.000000,51.000000,51.000000,52.000000,53.000000,54.000000,54.000000,55.000000,56.000000,57.000000,58.000000,58.000000,58.000000,58.000000,58.000000,58.000000,58.000000,58.000000,58.000000,58.000000,58.000000,59.000000,59.000000,59.000000,59.000000,59.000000,59.000000,60.000000,60.000000,60.000000,60.000000,60.000000,60.000000,60.000000,60.000000,60.000000,61.000000,62.000000,63.000000,63.000000,63.000000,63.000000,63.000000,63.000000,63.000000,63.000000,63.000000,63.000000,64.000000,64.000000,65.000000,66.000000,67.000000,68.000000,68.000000,68.000000,68.000000,68.000000,69.000000,69.000000,69.000000,70.000000,70.000000,71.000000,71.000000,71.000000,72.000000,72.000000,72.000000,73.000000,73.000000,73.000000,74.000000,74.000000,74.000000,74.000000,74.000000,74.000000,75.000000,75.000000,76.000000,77.000000,77.000000,77.000000,77.000000,77.000000,77.000000,78.000000,79.000000,79.000000,79.000000,79.000000,79.000000,79.000000,79.000000,79.000000,79.000000,79.000000,80.000000;;0;175876
159dba;92d98;3127;0;0;0000000000000080;     8m 29s 218ms 625μs 677ns;320;-1;             21ms 666μs  52ns;80.000000;4.000000;0.000000;inf;4;1;Unfinished;1.000000,1.000000,1.000000,1.000000,2.000000,2.000000,2.000000,2.000000,2.000000,2.000000,2.000000,2.000000,2.000000,2.000000,2.000000,3.000000,4.000000,5.000000,6.000000,6.000000,6.000000,6.000000,6.000000,6.000000,6.000000,7.000000,7.000000,8.000000,8.000000,9.000000,9.000000,9.000000,9.000000,10.000000,11.000000,11.000000,11.000000,11.000000,11.000000,11.000000,11.000000,12.000000,12.000000,13.000000,13.000000,13.000000,13.000000,13.000000,13.000000,13.000000,14.000000,14.000000,14.000000,15.000000,16.000000,16.000000,17.000000,17.000000,17.000000,17.000000,17.000000,17.000000,17.000000,18.000000,19.000000,19.000000,19.000000,20.000000,20.000000,20.000000,21.000000,21.000000,21.000000,22.000000,22.000000,22.000000,22.000000,22.000000,23.000000,23.000000,24.000000,24.000000,25.000000,25.000000,25.000000,25.000000,25.000000,25.000000,25.000000,25.000000,25.000000,25.000000,25.000000,25.000000,25.000000,25.000000,25.000000,25.000000,25.000000,25.000000,25.000000,25.000000,25.000000,25.000000,25.000000,25.000000,25.000000,26.000000,27.000000,28.000000,28.000000,28.000000,29.000000,29.000000,30.000000,30.000000,30.000000,30.000000,30.000000,30.000000,30.000000,30.000000,30.000000,30.000000,31.000000,31.000000,32.000000,32.000000,32.000000,32.000000,33.000000,33.000000,34.000000,34.000000,35.000000,35.000000,35.000000,35.000000,35.000000,35.000000,35.000000,35.000000,35.000000,35.000000,35.000000,35.000000,35.000000,36.000000,36.000000,36.000000,36.000000,36.000000,36.000000,36.000000,36.000000,36.000000,36.000000,36.000000,36.000000,36.000000,36.000000,36.000000,36.000000,36.000000,36.000000,36.000000,36.000000,36.000000,36.000000,36.000000,36.000000,36.000000,36.000000,36.000000,36.000000,36.000000,36.000000,36.000000,36.000000,36.000000,36.000000,37.000000,38.000000,38.000000,38.000000,38.000000,38.000000,38.000000,39.000000,40.000000,41.000000,42.000000,42.000000,42.000000,42.000000,42.000000,43.000000,44.000000,44.000000,45.000000,46.000000,46.000000,47.000000,47.000000,47.000000,47.000000,47.000000,47.000000,47.000000,47.000000,48.000000,48.000000,48.000000,48.000000,48.000000,49.000000,49.000000,50.000000,50.000000,50.000000,50.000000,50.000000,51.000000,52.000000,52.000000,53.000000,54.000000,55.000000,55.000000,56.000000,57.000000,58.000000,59.000000,59.000000,59.000000,59.000000,59.000000,59.000000,59.000000,59.000000,59.000000,59.000000,59.000000,60.000000,60.000000,60.000000,60.000000,60.000000,60.000000,61.000000,61.000000,61.000000,61.000000,61.000000,61.000000,61.000000,61.000000,61.000000,62.000000,63.000000,64.000000,64.000000,64.000000,64.000000,64.000000,64.000000,64.000000,64.000000,64.000000,64.000000,65.000000,65.000000,66.000000,67.000000,68.000000,69.000000,69.000000,69.000000,69.000000,69.000000,70.000000,70.000000,70.000000,71.000000,71.000000,72.000000,72.000000,72.000000,73.000000,73.000000,73.000000,74.000000,74.000000,74.000000,75.000000,75.000000,75.000000,75.000000,75.000000,75.000000,76.000000,76.000000,77.000000,78.000000,78.000000,78.000000,78.000000,78.000000,78.000000,79.000000,80.000000,80.000000,80.000000,80.000000,80.000000,80.000000,80.000000,80.000000,80.000000,80.000000;;0;283321
168907;92d8d;3127;0;0;0000000000000080;     8m 59s   9ms 623μs 628ns;320;-1;             25ms 483μs 719ns;80.000000;4.000000;0.000000;inf;4;1;Unfinished;1.000000,1.000000,1.000000,1.000000,2.000000,2.000000,2.000000,2.000000,2.000000,2.000000,2.000000,2.000000,2.000000,2.000000,2.000000,3.000000,4.000000,5.000000,6.000000,6.000000,6.000000,6.000000,6.000000,6.000000,6.000000,7.000000,7.000000,8.000000,8.000000,9.000000,9.000000,9.000000,9.000000,10.000000,11.000000,11.000000,11.000000,11.000000,11.000000,11.000000,11.000000,12.000000,12.000000,13.000000,13.000000,13.000000,13.000000,13.000000,13.000000,13.000000,14.000000,14.000000,14.000000,15.000000,16.000000,16.000000,17.000000,17.000000,17.000000,17.000000,17.000000,17.000000,17.000000,18.000000,19.000000,19.000000,19.000000,20.000000,20.000000,20.000000,21.000000,21.000000,21.000000,22.000000,22.000000,22.000000,22.000000,22.000000,23.000000,23.000000,24.000000,24.000000,25.000000,25.000000,25.000000,25.000000,25.000000,25.000000,25.000000,25.000000,25.000000,25.000000,25.000000,25.000000,25.000000,25.000000,25.000000,25.000000,25.000000,25.000000,25.000000,25.000000,25.000000,25.000000,25.000000,25.000000,25.000000,26.000000,27.000000,28.000000,28.000000,28.000000,29.000000,29.000000,30.000000,30.000000,30.000000,30.000000,30.000000,30.000000,30.000000,30.000000,30.000000,30.000000,31.000000,31.000000,32.000000,32.000000,32.000000,32.000000,33.000000,33.000000,34.000000,34.000000,35.000000,35.000000,35.000000,35.000000,35.000000,35.000000,35.000000,35.000000,35.000000,35.000000,35.000000,35.000000,35.000000,36.000000,36.000000,36.000000,36.000000,36.000000,36.000000,36.000000,36.000000,36.000000,36.000000,36.000000,36.000000,36.000000,36.000000,36.000000,36.000000,36.000000,36.000000,36.000000,36.000000,36.000000,36.000000,36.000000,36.000000,36.000000,36.000000,36.000000,36.000000,36.000000,36.000000,37.000000,38.000000,38.000000,38.000000,38.000000,38.000000,38.000000,39.000000,40.000000,41.000000,42.000000,42.000000,42.000000,42.000000,42.000000,43.000000,44.000000,44.000000,45.000000,46.000000,46.000000,46.000000,46.000000,46.000000,46.000000,47.000000,47.000000,47.000000,47.000000,47.000000,47.000000,47.000000,47.000000,48.000000,48.000000,48.000000,48.000000,48.000000,49.000000,49.000000,50.000000,50.000000,50.000000,50.000000,50.000000,51.000000,52.000000,52.000000,53.000000,54.000000,55.000000,55.000000,56.000000,57.000000,58.000000,59.000000,59.000000,59.000000,59.000000,59.000000,59.000000,59.000000,59.000000,59.000000,59.000000,59.000000,60.000000,60.000000,60.000000,60.000000,60.000000,60.000000,61.000000,61.000000,61.000000,61.000000,61.000000,61.000000,61.000000,61.000000,61.000000,62.000000,63.000000,64.000000,64.000000,64.000000,64.000000,64.000000,64.000000,64.000000,64.000000,64.000000,64.000000,65.000000,65.000000,66.000000,67.000000,68.000000,69.000000,69.000000,69.000000,69.000000,69.000000,70.000000,70.000000,70.000000,71.000000,71.000000,72.000000,72.000000,72.000000,73.000000,73.000000,73.000000,74.000000,74.000000,74.000000,75.000000,75.000000,75.000000,75.000000,75.000000,75.000000,76.000000,76.000000,77.000000,78.000000,78.000000,78.000000,78.000000,78.000000,78.000000,79.000000,80.000000,80.000000,80.000000,80.000000,80.000000,80.000000,80.000000,80.000000,80.000000,80.000000;;0;314689
1e8b8e;1e83f8;3127;0;0;0000000000000080;    11m 59s 466ms 854μs 678ns;322;-1;             26ms 540μs 946ns;80.000000;4.025000;0.000000;inf;4;1;Unfinished;1.000000,1.000000,1.000000,1.000000,2.000000,2.000000,2.000000,2.000000,2.000000,2.000000,2.000000,2.000000,2.000000,2.000000,2.000000,3.000000,4.000000,5.000000,6.000000,6.000000,6.000000,6.000000,6.000000,6.000000,6.000000,7.000000,7.000000,8.000000,8.000000,9.000000,9.000000,9.000000,9.000000,10.000000,11.000000,11.000000,11.000000,11.000000,11.000000,11.000000,11.000000,12.000000,12.000000,13.000000,13.000000,13.000000,13.000000,13.000000,13.000000,13.000000,14.000000,14.000000,14.000000,15.000000,16.000000,16.000000,17.000000,17.000000,17.000000,17.000000,17.000000,17.000000,17.000000,18.000000,19.000000,19.000000,19.000000,20.000000,20.000000,20.000000,21.000000,21.000000,21.000000,22.000000,22.000000,22.000000,22.000000,22.000000,23.000000,23.000000,24.000000,24.000000,25.000000,25.000000,25.000000,25.000000,25.000000,25.000000,25.000000,25.000000,25.000000,25.000000,25.000000,25.000000,25.000000,25.000000,25.000000,25.000000,25.000000,25.000000,25.000000,25.000000,25.000000,25.000000,25.000000,25.000000,25.000000,26.000000,27.000000,28.000000,28.000000,28.000000,29.000000,29.000000,30.000000,30.000000,30.000000,30.000000,30.000000,30.000000,30.000000,30.000000,30.000000,30.000000,31.000000,31.000000,32.000000,32.000000,32.000000,32.000000,33.000000,33.000000,34.000000,34.000000,35.000000,35.000000,35.000000,35.000000,35.000000,35.000000,35.000000,35.000000,35.000000,35.000000,35.000000,35.000000,35.000000,36.000000,36.000000,36.000000,36.000000,36.000000,36.000000,36.000000,36.000000,36.000000,36.000000,36.000000,36.000000,36.000000,36.000000,36.000000,36.000000,36.000000,36.000000,36.000000,36.000000,36.000000,36.000000,36.000000,36.000000,36.000000,36.000000,36.000000,36.000000,36.000000,36.000000,36.000000,36.000000,36.000000,36.000000,37.000000,38.000000,38.000000,38.000000,38.000000,38.000000,38.000000,39.000000,40.000000,41.000000,42.000000,42.000000,42.000000,42.000000,42.000000,43.000000,44.000000,44.000000,45.000000,46.000000,46.000000,46.000000,46.000000,46.000000,46.000000,47.000000,47.000000,47.000000,47.000000,47.000000,47.000000,47.000000,47.000000,48.000000,48.000000,48.000000,49.000000,49.000000,50.000000,50.000000,50.000000,50.000000,50.000000,51.000000,52.000000,52.000000,53.000000,54.000000,55.000000,55.000000,56.000000,57.000000,58.000000,59.000000,59.000000,59.000000,59.000000,59.000000,59.000000,59.000000,59.000000,59.000000,59.000000,59.000000,60.000000,60.000000,60.000000,60.000000,60.000000,60.000000,61.000000,61.000000,61.000000,61.000000,61.000000,61.000000,61.000000,61.000000,61.000000,62.000000,63.000000,64.000000,64.000000,64.000000,64.000000,64.000000,64.000000,64.000000,64.000000,64.000000,64.000000,65.000000,65.000000,66.000000,67.000000,68.000000,69.000000,69.000000,69.000000,69.000000,69.000000,70.000000,70.000000,70.000000,71.000000,71.000000,72.000000,72.000000,72.000000,73.000000,73.000000,73.000000,74.000000,74.000000,74.000000,75.000000,75.000000,75.000000,75.000000,75.000000,75.000000,76.000000,76.000000,77.000000,78.000000,78.000000,78.000000,78.000000,78.000000,78.000000,79.000000,80.000000,80.000000,80.000000,80.000000,80.000000,80.000000,80.000000,80.000000,80.000000,80.000000;;0;402007
1eba24;1e83e4;3127;0;0;0000000000000080;    12m 12s 684ms 566μs 233ns;322;-1;             26ms 241μs 462ns;80.000000;4.025000;0.000000;inf;4;1;Unfinished;1.000000,1.000000,1.000000,1.000000,2.000000,2.000000,2.000000,2.000000,2.000000,2.000000,2.000000,2.000000,2.000000,2.000000,2.000000,3.000000,4.000000,5.000000,6.000000,6.000000,6.000000,6.000000,6.000000,6.000000,6.000000,7.000000,7.000000,8.000000,8.000000,9.000000,9.000000,9.000000,9.000000,10.000000,11.000000,11.000000,11.000000,11.000000,11.000000,11.000000,11.000000,12.000000,12.000000,13.000000,13.000000,13.000000,13.000000,13.000000,13.000000,13.000000,14.000000,14.000000,14.000000,15.000000,16.000000,16.000000,17.000000,17.000000,17.000000,17.000000,17.000000,17.000000,17.000000,18.000000,19.000000,19.000000,19.000000,20.000000,20.000000,20.000000,21.000000,21.000000,21.000000,22.000000,22.000000,22.000000,22.000000,22.000000,23.000000,23.000000,24.000000,24.000000,25.000000,25.000000,25.000000,25.000000,25.000000,25.000000,25.000000,25.000000,25.000000,25.000000,25.000000,25.000000,25.000000,25.000000,25.000000,25.000000,25.000000,25.000000,25.000000,25.000000,25.000000,25.000000,25.000000,25.000000,25.000000,26.000000,27.000000,28.000000,28.000000,28.000000,29.000000,29.000000,30.000000,30.000000,30.000000,30.000000,30.000000,30.000000,30.000000,30.000000,30.000000,30.000000,31.000000,31.000000,32.000000,32.000000,32.000000,32.000000,33.000000,33.000000,34.000000,34.000000,35.000000,35.000000,35.000000,35.000000,35.000000,35.000000,35.000000,35.000000,35.000000,35.000000,35.000000,35.000000,35.000000,36.000000,36.000000,36.000000,36.000000,36.000000,36.000000,36.000000,36.000000,36.000000,36.000000,36.000000,36.000000,36.000000,36.000000,36.000000,36.000000,36.000000,36.000000,36.000000,36.000000,36.000000,36.000000,36.000000,36.000000,36.000000,36.000000,36.000000,36.000000,36.000000,36.000000,36.000000,36.000000,36.000000,36.000000,37.000000,38.000000,38.000000,38.000000,38.000000,38.000000,38.000000,39.000000,40.000000,41.000000,42.000000,42.000000,42.000000,43.000000,44.000000,44.000000,45.000000,46.000000,46.000000,46.000000,46.000000,46.000000,46.000000,47.000000,47.000000,47.000000,47.000000,47.000000,47.000000,47.000000,47.000000,48.000000,48.000000,48.000000,48.000000,48.000000,49.000000,49.000000,50.000000,50.000000,50.000000,50.000000,50.000000,51.000000,52.000000,52.000000,53.000000,54.000000,55.000000,55.000000,56.000000,57.000000,58.000000,59.000000,59.000000,59.000000,59.000000,59.000000,59.000000,59.000000,59.000000,59.000000,59.000000,59.000000,60.000000,60.000000,60.000000,60.000000,60.000000,60.000000,61.000000,61.000000,61.000000,61.000000,61.000000,61.000000,61.000000,61.000000,61.000000,62.000000,63.000000,64.000000,64.000000,64.000000,64.000000,64.000000,64.000000,64.000000,64.000000,64.000000,64.000000,65.000000,65.000000,66.000000,67.000000,68.000000,69.000000,69.000000,69.000000,69.000000,69.000000,70.000000,70.000000,70.000000,71.000000,71.000000,72.000000,72.000000,72.000000,73.000000,73.000000,73.000000,74.000000,74.000000,74.000000,75.000000,75.000000,75.000000,75.000000,75.000000,75.000000,76.000000,76.000000,77.000000,78.000000,78.000000,78.000000,78.000000,78.000000,78.000000,79.000000,80.000000,80.000000,80.000000,80.000000,80.000000,80.000000,80.000000,80.000000,80.000000,80.000000;;0;405984
1fc72f;1e83d7;3127;0;0;0000000000000080;    13m  2s 443ms 900μs 601ns;322;-1;             23ms 912μs 885ns;80.000000;4.025000;0.000000;inf;4;1;Unfinished;1.000000,1.000000,1.000000,1.000000,2.000000,2.000000,2.000000,2.000000,2.000000,2.000000,2.000000,2.000000,2.000000,2.000000,2.000000,3.000000,4.000000,5.000000,6.000000,6.000000,6.000000,6.000000,6.000000,6.000000,6.000000,7.000000,7.000000,8.000000,8.000000,9.000000,9.000000,9.000000,9.000000,10.000000,11.000000,11.000000,11.000000,11.000000,11.000000,11.000000,11.000000,12.000000,12.000000,13.000000,13.000000,13.000000,13.000000,13.000000,13.000000,13.000000,14.000000,14.000000,14.000000,15.000000,16.000000,16.000000,17.000000,17.000000,17.000000,17.000000,17.000000,17.000000,17.000000,18.000000,19.000000,19.000000,19.000000,20.000000,20.000000,20.000000,21.000000,21.000000,21.000000,22.000000,22.000000,22.000000,22.000000,22.000000,23.000000,23.000000,24.000000,24.000000,25.000000,25.000000,25.000000,25.000000,25.000000,25.000000,25.000000,25.000000,25.000000,25.000000,25.000000,25.000000,25.000000,25.000000,25.000000,25.000000,25.000000,25.000000,25.000000,25.000000,25.000000,25.000000,25.000000,25.000000,25.000000,26.000000,27.000000,28.000000,28.000000,28.000000,29.000000,29.000000,30.000000,30.000000,30.000000,30.000000,30.000000,30.000000,30.000000,30.000000,30.000000,30.000000,31.000000,31.000000,32.000000,32.000000,32.000000,32.000000,33.000000,33.000000,34.000000,34.000000,35.000000,35.000000,35.000000,35.000000,35.000000,35.000000,35.000000,35.000000,35.000000,35.000000,35.000000,35.000000,35.000000,36.000000,36.000000,36.000000,36.000000,36.000000,36.000000,36.000000,36.000000,36.000000,36.000000,36.000000,36.000000,36.000000,36.000000,36.000000,36.000000,36.000000,36.000000,36.000000,36.000000,36.000000,36.000000,36.000000,36.000000,36.000000,36.000000,36.000000,36.000000,36.000000,36.000000,36.000000,36.000000,37.000000,38.000000,38.000000,38.000000,38.000000,38.000000,38.000000,39.000000,40.000000,41.000000,42.000000,42.000000,42.000000,42.000000,42.000000,43.000000,44.000000,44.000000,45.000000,46.000000,46.000000,46.000000,46.000000,46.000000,46.000000,47.000000,47.000000,47.000000,47.000000,47.000000,47.000000,47.000000,47.000000,48.000000,48.000000,48.000000,48.000000,48.000000,49.000000,49.000000,50.000000,50.000000,50.000000,50.000000,50.000000,51.000000,52.000000,52.000000,53.000000,54.000000,55.000000,55.000000,56.000000,57.000000,58.000000,59.000000,59.000000,59.000000,59.000000,59.000000,59.000000,59.000000,59.000000,59.000000,59.000000,59.000000,60.000000,60.000000,60.000000,60.000000,60.000000,60.000000,61.000000,61.000000,61.000000,61.000000,61.000000,61.000000,61.000000,61.000000,61.000000,62.000000,63.000000,64.000000,64.000000,64.000000,64.000000,64.000000,64.000000,64.000000,64.000000,64.000000,64.000000,65.000000,65.000000,66.000000,67.000000,68.000000,69.000000,69.000000,69.000000,69.000000,69.000000,70.000000,70.000000,70.000000,71.000000,71.000000,72.000000,72.000000,72.000000,73.000000,73.000000,73.000000,74.000000,74.000000,74.000000,75.000000,75.000000,75.000000,75.000000,75.000000,75.000000,76.000000,76.000000,77.000000,78.000000,78.000000,78.000000,78.000000,78.000000,78.000000,79.000000,80.000000,80.000000,80.000000,80.000000,80.000000,80.000000,80.000000,80.000000,80.000000,80.000000;;0;426676
2085fd;1e83dd;3127;0;0;0000000000000080;    13m 29s 841ms 503μs 707ns;322;-1;             25ms 409μs 805ns;80.000000;4.025000;0.000000;inf;4;1;Unfinished;1.000000,1.000000,1.000000,1.000000,2.000000,2.000000,2.000000,2.000000,2.000000,2.000000,2.000000,2.000000,2.000000,2.000000,2.000000,3.000000,4.000000,5.000000,6.000000,6.000000,6.000000,6.000000,6.000000,6.000000,6.000000,7.000000,7.000000,8.000000,8.000000,9.000000,9.000000,9.000000,9.000000,10.000000,11.000000,11.000000,11.000000,11.000000,11.000000,11.000000,11.000000,12.000000,12.000000,13.000000,13.000000,13.000000,13.000000,13.000000,13.000000,13.000000,14.000000,14.000000,14.000000,15.000000,16.000000,16.000000,17.000000,17.000000,17.000000,17.000000,17.000000,17.000000,17.000000,18.000000,19.000000,19.000000,19.000000,20.000000,20.000000,20.000000,21.000000,21.000000,21.000000,22.000000,22.000000,22.000000,22.000000,22.000000,23.000000,23.000000,24.000000,24.000000,25.000000,25.000000,25.000000,25.000000,25.000000,25.000000,25.000000,25.000000,25.000000,25.000000,25.000000,25.000000,25.000000,25.000000,25.000000,25.000000,25.000000,25.000000,25.000000,25.000000,25.000000,25.000000,25.000000,25.000000,25.000000,26.000000,27.000000,28.000000,28.000000,28.000000,29.000000,29.000000,30.000000,30.000000,30.000000,30.000000,30.000000,30.000000,30.000000,30.000000,30.000000,30.000000,31.000000,31.000000,32.000000,32.000000,32.000000,32.000000,33.000000,33.000000,34.000000,34.000000,35.000000,35.000000,35.000000,35.000000,35.000000,35.000000,35.000000,35.000000,35.000000,35.000000,35.000000,35.000000,35.000000,36.000000,36.000000,36.000000,36.000000,36.000000,36.000000,36.000000,36.000000,36.000000,36.000000,36.000000,36.000000,36.000000,36.000000,36.000000,36.000000,36.000000,36.000000,36.000000,36.000000,36.000000,36.000000,36.000000,36.000000,36.000000,36.000000,36.000000,36.000000,36.000000,36.000000,36.000000,36.000000,36.000000,36.000000,37.000000,38.000000,38.000000,38.000000,38.000000,39.000000,40.000000,41.000000,42.000000,42.000000,42.000000,42.000000,42.000000,43.000000,44.000000,44.000000,45.000000,46.000000,46.000000,46.000000,46.000000,46.000000,46.000000,47.000000,47.000000,47.000000,47.000000,47.000000,47.000000,47.000000,47.000000,48.000000,48.000000,48.000000,48.000000,48.000000,49.000000,49.000000,50.000000,50.000000,50.000000,50.000000,50.000000,51.000000,52.000000,52.000000,53.000000,54.000000,55.000000,55.000000,56.000000,57.000000,58.000000,59.000000,59.000000,59.000000,59.000000,59.000000,59.000000,59.000000,59.000000,59.000000,59.000000,59.000000,60.000000,60.000000,60.000000,60.000000,60.000000,60.000000,61.000000,61.000000,61.000000,61.000000,61.000000,61.000000,61.000000,61.000000,61.000000,62.000000,63.000000,64.000000,64.000000,64.000000,64.000000,64.000000,64.000000,64.000000,64.000000,64.000000,64.000000,65.000000,65.000000,66.000000,67.000000,68.000000,69.000000,69.000000,69.000000,69.000000,69.000000,70.000000,70.000000,70.000000,71.000000,71.000000,72.000000,72.000000,72.000000,73.000000,73.000000,73.000000,74.000000,74.000000,74.000000,75.000000,75.000000,75.000000,75.000000,75.000000,75.000000,76.000000,76.000000,77.000000,78.000000,78.000000,78.000000,78.000000,78.000000,78.000000,79.000000,80.000000,80.000000,80.000000,80.000000,80.000000,80.000000,80.000000,80.000000,80.000000,80.000000;;0;439096
259585;1e8387;3127;0;0;0000000000000080;    15m 26s 669ms 221μs 462ns;322;-1;             21ms 484μs 147ns;80.000000;4.025000;0.000000;inf;4;1;Unfinished;1.000000,1.000000,1.000000,1.000000,2.000000,2.000000,2.000000,2.000000,2.000000,2.000000,2.000000,2.000000,2.000000,2.000000,2.000000,3.000000,4.000000,5.000000,6.000000,6.000000,6.000000,6.000000,6.000000,6.000000,6.000000,7.000000,7.000000,8.000000,8.000000,9.000000,9.000000,9.000000,9.000000,10.000000,11.000000,11.000000,11.000000,11.000000,11.000000,11.000000,11.000000,12.000000,12.000000,13.000000,13.000000,13.000000,13.000000,13.000000,13.000000,13.000000,14.000000,14.000000,14.000000,15.000000,16.000000,16.000000,17.000000,17.000000,17.000000,17.000000,17.000000,17.000000,17.000000,18.000000,19.000000,19.000000,19.000000,20.000000,20.000000,20.000000,21.000000,21.000000,21.000000,22.000000,22.000000,22.000000,22.000000,22.000000,23.000000,23.000000,24.000000,24.000000,25.000000,25.000000,25.000000,25.000000,25.000000,25.000000,25.000000,25.000000,25.000000,25.000000,25.000000,25.000000,25.000000,25.000000,25.000000,25.000000,25.000000,25.000000,25.000000,25.000000,25.000000,25.000000,25.000000,25.000000,25.000000,26.000000,27.000000,27.000000,28.000000,28.000000,29.000000,29.000000,29.000000,29.000000,29.000000,29.000000,29.000000,29.000000,29.000000,29.000000,30.000000,30.000000,31.000000,31.000000,31.000000,31.000000,32.000000,32.000000,33.000000,33.000000,34.000000,34.000000,34.000000,34.000000,34.000000,34.000000,34.000000,34.000000,34.000000,34.000000,34.000000,34.000000,34.000000,35.000000,35.000000,35.000000,35.000000,35.000000,35.000000,35.000000,35.000000,35.000000,35.000000,35.000000,35.000000,35.000000,35.000000,35.000000,35.000000,35.000000,35.000000,35.000000,35.000000,35.000000,35.000000,35.000000,35.000000,35.000000,35.000000,35.000000,35.000000,35.000000,35.000000,35.000000,35.000000,35.000000,36.000000,37.000000,38.000000,38.000000,38.000000,38.000000,38.000000,38.000000,39.000000,40.000000,41.000000,42.000000,42.000000,42.000000,42.000000,42.000000,43.000000,44.000000,44.000000,45.000000,46.000000,46.000000,46.000000,46.000000,46.000000,46.000000,47.000000,47.000000,47.000000,47.000000,47.000000,47.000000,47.000000,47.000000,48.000000,48.000000,48.000000,48.000000,48.000000,49.000000,49.000000,50.000000,50.000000,50.000000,50.000000,50.000000,51.000000,52.000000,52.000000,53.000000,54.000000,55.000000,55.000000,56.000000,57.000000,58.000000,59.000000,59.000000,59.000000,59.000000,59.000000,59.000000,59.000000,59.000000,59.000000,59.000000,59.000000,60.000000,60.000000,60.000000,60.000000,60.000000,60.000000,61.000000,61.000000,61.000000,61.000000,61.000000,61.000000,61.000000,61.000000,61.000000,62.000000,63.000000,64.000000,64.000000,64.000000,64.000000,64.000000,64.000000,64.000000,64.000000,64.000000,64.000000,65.000000,65.000000,66.000000,67.000000,68.000000,69.000000,69.000000,69.000000,69.000000,69.000000,70.000000,70.000000,70.000000,71.000000,71.000000,72.000000,72.000000,72.000000,73.000000,73.000000,73.000000,74.000000,74.000000,74.000000,75.000000,75.000000,75.000000,75.000000,75.000000,75.000000,76.000000,76.000000,77.000000,78.000000,78.000000,78.000000,78.000000,78.000000,78.000000,79.000000,80.000000,80.000000,80.000000,80.000000,80.000000,80.000000,80.000000,80.000000,80.000000,80.000000;;0;505773
2f8926;1e841a;3127;0;0;0000000000000080;    19m 59s 712ms 302μs 297ns;322;-1;             26ms 627μs 893ns;80.000000;4.025000;0.000000;inf;4;1;Unfinished;1.000000,1.000000,1.000000,1.000000,2.000000,2.000000,2.000000,2.000000,2.000000,2.000000,2.000000,2.000000,2.000000,2.000000,2.000000,3.000000,4.000000,5.000000,6.000000,6.000000,6.000000,6.000000,6.000000,6.000000,6.000000,7.000000,7.000000,8.000000,8.000000,9.000000,9.000000,9.000000,9.000000,10.000000,11.000000,11.000000,11.000000,11.000000,11.000000,11.000000,11.000000,12.000000,12.000000,13.000000,13.000000,13.000000,13.000000,13.000000,13.000000,13.000000,14.000000,14.000000,14.000000,15.000000,16.000000,16.000000,17.000000,17.000000,17.000000,17.000000,17.000000,17.000000,17.000000,18.000000,19.000000,19.000000,19.000000,20.000000,20.000000,20.000000,21.000000,21.000000,21.000000,22.000000,22.000000,22.000000,22.000000,22.000000,23.000000,23.000000,24.000000,24.000000,25.000000,25.000000,25.000000,25.000000,25.000000,25.000000,25.000000,25.000000,25.000000,25.000000,25.000000,25.000000,25.000000,25.000000,25.000000,25.000000,25.000000,25.000000,25.000000,25.000000,25.000000,25.000000,25.000000,25.000000,25.000000,26.000000,27.000000,28.000000,28.000000,28.000000,29.000000,29.000000,30.000000,30.000000,30.000000,30.000000,30.000000,30.000000,30.000000,30.000000,30.000000,30.000000,31.000000,31.000000,32.000000,32.000000,32.000000,32.000000,33.000000,33.000000,34.000000,34.000000,35.000000,35.000000,35.000000,35.000000,35.000000,35.000000,35.000000,35.000000,35.000000,35.000000,35.000000,35.000000,35.000000,36.000000,36.000000,36.000000,36.000000,36.000000,36.000000,36.000000,36.000000,36.000000,36.000000,36.000000,36.000000,36.000000,36.000000,36.000000,36.000000,36.000000,36.000000,36.000000,36.000000,36.000000,36.000000,36.000000,36.000000,36.000000,36.000000,36.000000,36.000000,36.000000,36.000000,36.000000,36.000000,36.000000,36.000000,37.000000,38.000000,38.000000,38.000000,38.000000,38.000000,38.000000,39.000000,40.000000,41.000000,42.000000,42.000000,42.000000,42.000000,42.000000,43.000000,44.000000,44.000000,45.000000,46.000000,46.000000,46.000000,46.000000,46.000000,46.000000,47.000000,47.000000,47.000000,47.000000,47.000000,47.000000,47.000000,47.000000,48.000000,48.000000,48.000000,48.000000,48.000000,49.000000,49.000000,50.000000,50.000000,50.000000,50.000000,50.000000,51.000000,52.000000,52.000000,53.000000,54.000000,55.000000,55.000000,56.000000,57.000000,58.000000,59.000000,59.000000,59.000000,59.000000,59.000000,59.000000,59.000000,59.000000,59.000000,60.000000,60.000000,60.000000,60.000000,60.000000,60.000000,61.000000,61.000000,61.000000,61.000000,61.000000,61.000000,61.000000,61.000000,61.000000,62.000000,63.000000,64.000000,64.000000,64.000000,64.000000,64.000000,64.000000,64.000000,64.000000,64.000000,64.000000,65.000000,65.000000,66.000000,67.000000,68.000000,69.000000,69.000000,69.000000,69.000000,69.000000,70.000000,70.000000,70.000000,71.000000,71.000000,72.000000,72.000000,72.000000,73.000000,73.000000,73.000000,74.000000,74.000000,74.000000,75.000000,75.000000,75.000000,75.000000,75.000000,75.000000,76.000000,76.000000,77.000000,78.000000,78.000000,78.000000,78.000000,78.000000,78.000000,79.000000,80.000000,80.000000,80.000000,80.000000,80.000000,80.000000,80.000000,80.000000,80.000000,80.000000;;0;661231
326823;1e8347;3127;0;0;0000000000000080;    20m 59s 716ms 383μs  37ns;322;-1;             24ms 503μs  33ns;80.000000;4.025000;0.000000;inf;4;1;Unfinished;1.000000,1.000000,1.000000,1.000000,2.000000,2.000000,2.000000,2.000000,2.000000,2.000000,2.000000,2.000000,2.000000,2.000000,2.000000,3.000000,4.000000,5.000000,6.000000,6.000000,6.000000,6.000000,6.000000,6.000000,6.000000,7.000000,7.000000,8.000000,8.000000,9.000000,9.000000,9.000000,9.000000,10.000000,11.000000,11.000000,11.000000,11.000000,11.000000,11.000000,11.000000,12.000000,12.000000,13.000000,13.000000,13.000000,13.000000,13.000000,13.000000,13.000000,13.000000,14.000000,14.000000,14.000000,15.000000,15.000000,16.000000,16.000000,16.000000,16.000000,16.000000,17.000000,18.000000,18.000000,18.000000,19.000000,19.000000,19.000000,20.000000,20.000000,20.000000,21.000000,21.000000,21.000000,21.000000,21.000000,22.000000,22.000000,23.000000,23.000000,24.000000,24.000000,24.000000,24.000000,24.000000,24.000000,24.000000,24.000000,24.000000,24.000000,24.000000,24.000000,24.000000,24.000000,24.000000,24.000000,24.000000,24.000000,24.000000,24.000000,24.000000,24.000000,24.000000,24.000000,24.000000,25.000000,26.000000,27.000000,27.000000,27.000000,28.000000,28.000000,29.000000,29.000000,29.000000,29.000000,29.000000,29.000000,29.000000,29.000000,29.000000,29.000000,30.000000,30.000000,31.000000,31.000000,31.000000,31.000000,32.000000,32.000000,33.000000,33.000000,34.000000,34.000000,34.000000,34.000000,34.000000,34.000000,34.000000,34.000000,34.000000,34.000000,34.000000,34.000000,34.000000,35.000000,35.000000,35.000000,35.000000,35.000000,35.000000,35.000000,35.000000,35.000000,35.000000,35.000000,35.000000,35.000000,35.000000,35.000000,35.000000,35.000000,35.000000,35.000000,35.000000,35.000000,35.000000,35.000000,35.000000,35.000000,35.000000,35.000000,35.000000,35.000000,35.000000,35.000000,35.000000,35.000000,35.000000,36.000000,37.000000,37.000000,37.000000,37.000000,37.000000,37.000000,38.000000,39.000000,40.000000,41.000000,41.000000,41.000000,41.000000,41.000000,42.000000,43.000000,43.000000,44.000000,45.000000,45.000000,45.000000,45.000000,45.000000,45.000000,46.000000,46.000000,46.000000,46.000000,46.000000,46.000000,46.000000,46.000000,47.000000,47.000000,47.000000,47.000000,47.000000,48.000000,48.000000,49.000000,49.000000,49.000000,49.000000,49.000000,50.000000,51.000000,51.000000,52.000000,53.000000,54.000000,54.000000,55.000000,56.000000,57.000000,58.000000,58.000000,58.000000,58.000000,58.000000,58.000000,58.000000,58.000000,58.000000,58.000000,58.000000,59.000000,59.000000,59.000000,59.000000,59.000000,59.000000,60.000000,60.000000,60.000000,60.000000,60.000000,60.000000,60.000000,60.000000,60.000000,61.000000,62.000000,63.000000,63.000000,63.000000,63.000000,63.000000,63.000000,63.000000,63.000000,63.000000,63.000000,64.000000,64.000000,65.000000,66.000000,67.000000,68.000000,68.000000,68.000000,68.000000,68.000000,69.000000,69.000000,69.000000,70.000000,70.000000,71.000000,71.000000,71.000000,72.000000,72.000000,72.000000,73.000000,73.000000,73.000000,74.000000,74.000000,74.000000,74.000000,74.000000,74.000000,75.000000,75.000000,76.000000,77.000000,77.000000,77.000000,77.000000,77.000000,77.000000,78.000000,79.000000,79.000000,79.000000,79.000000,79.000000,79.000000,79.000000,79.000000,79.000000,79.000000,80.000000;;0;750951
3f4eb7;3e84ac;3127;0;0;0000000000000080;    26m  1s 283ms 209μs  78ns;323;-1;             22ms 915μs 105ns;80.000000;4.037500;0.000000;inf;4;1;Unfinished;1.000000,1.000000,1.000000,1.000000,2.000000,2.000000,2.000000,2.000000,2.000000,2.000000,2.000000,2.000000,2.000000,2.000000,2.000000,3.000000,4.000000,5.000000,6.000000,6.000000,6.000000,6.000000,6.000000,6.000000,6.000000,7.000000,7.000000,8.000000,8.000000,9.000000,9.000000,9.000000,9.000000,10.000000,11.000000,11.000000,11.000000,11.000000,11.000000,11.000000,11.000000,12.000000,12.000000,13.000000,13.000000,13.000000,13.000000,13.000000,13.000000,13.000000,14.000000,14.000000,14.000000,15.000000,16.000000,16.000000,17.000000,17.000000,17.000000,17.000000,17.000000,17.000000,17.000000,18.000000,19.000000,19.000000,19.000000,20.000000,20.000000,20.000000,21.000000,21.000000,21.000000,22.000000,22.000000,22.000000,22.000000,22.000000,23.000000,23.000000,24.000000,24.000000,25.000000,25.000000,25.000000,25.000000,25.000000,25.000000,25.000000,25.000000,25.000000,25.000000,25.000000,25.000000,25.000000,25.000000,25.000000,25.000000,25.000000,25.000000,25.000000,25.000000,25.000000,25.000000,25.000000,25.000000,26.000000,27.000000,28.000000,28.000000,28.000000,29.000000,29.000000,30.000000,30.000000,30.000000,30.000000,30.000000,30.000000,30.000000,30.000000,30.000000,30.000000,31.000000,31.000000,32.000000,32.000000,32.000000,32.000000,33.000000,33.000000,34.000000,34.000000,35.000000,35.000000,35.000000,35.000000,35.000000,35.000000,35.000000,35.000000,35.000000,35.000000,35.000000,35.000000,35.000000,36.000000,36.000000,36.000000,36.000000,36.000000,36.000000,36.000000,36.000000,36.000000,36.000000,36.000000,36.000000,36.000000,36.000000,36.000000,36.000000,36.000000,36.000000,36.000000,36.000000,36.000000,36.000000,36.000000,36.000000,36.000000,36.000000,36.000000,36.000000,36.000000,36.000000,36.000000,36.000000,36.000000,36.000000,37.000000,38.000000,38.000000,38.000000,38.000000,38.000000,38.000000,39.000000,40.000000,41.000000,42.000000,42.000000,42.000000,42.000000,42.000000,43.000000,44.000000,44.000000,45.000000,46.000000,46.000000,46.000000,46.000000,46.000000,46.000000,47.000000,47.000000,47.000000,47.000000,47.000000,47.000000,47.000000,47.000000,48.000000,48.000000,48.000000,48.000000,48.000000,49.000000,49.000000,50.000000,50.000000,50.000000,50.000000,50.000000,51.000000,52.000000,52.000000,53.000000,54.000000,55.000000,55.000000,56.000000,57.000000,58.000000,59.000000,59.000000,59.000000,59.000000,59.000000,59.000000,59.000000,59.000000,59.000000,59.000000,59.000000,60.000000,60.000000,60.000000,60.000000,60.000000,60.000000,61.000000,61.000000,61.000000,61.000000,61.000000,61.000000,61.000000,61.000000,61.000000,62.000000,63.000000,64.000000,64.000000,64.000000,64.000000,64.000000,64.000000,64.000000,64.000000,64.000000,64.000000,65.000000,65.000000,66.000000,67.000000,68.000000,69.000000,69.000000,69.000000,69.000000,69.000000,70.000000,70.000000,70.000000,71.000000,71.000000,72.000000,72.000000,72.000000,73.000000,73.000000,73.000000,74.000000,74.000000,74.000000,75.000000,75.000000,75.000000,75.000000,75.000000,75.000000,76.000000,76.000000,77.000000,78.000000,78.000000,78.000000,78.000000,78.000000,78.000000,79.000000,80.000000,80.000000,80.000000,80.000000,80.000000,80.000000,80.000000,80.000000,80.000000,80.000000;;0;854920
3f4eef;3e84aa;3127;0;0;0000000000000080;    26m  1s 310ms 311μs  86ns;323;-1;             22ms  87μs 860ns;80.000000;4.037500;0.000000;inf;4;1;Unfinished;1.000000,1.000000,1.000000,1.000000,2.000000,2.000000,2.000000,2.000000,2.000000,2.000000,2.000000,2.000000,2.000000,2.000000,2.000000,3.000000,4.000000,5.000000,6.000000,6.000000,6.000000,6.000000,6.000000,6.000000,6.000000,7.000000,7.000000,8.000000,8.000000,9.000000,9.000000,9.000000,9.000000,10.000000,11.000000,11.000000,11.000000,11.000000,11.000000,11.000000,11.000000,12.000000,12.000000,13.000000,13.000000,13.000000,13.000000,13.000000,13.000000,13.000000,14.000000,14.000000,14.000000,15.000000,16.000000,16.000000,17.000000,17.000000,17.000000,17.000000,17.000000,17.000000,17.000000,18.000000,19.000000,19.000000,19.000000,20.000000,20.000000,20.000000,21.000000,21.000000,21.000000,22.000000,22.000000,22.000000,22.000000,22.000000,23.000000,23.000000,24.000000,24.000000,25.000000,25.000000,25.000000,25.000000,25.000000,25.000000,25.000000,25.000000,25.000000,25.000000,25.000000,25.000000,25.000000,25.000000,25.000000,25.000000,25.000000,25.000000,25.000000,25.000000,25.000000,25.000000,25.000000,25.000000,26.000000,27.000000,28.000000,28.000000,28.000000,29.000000,29.000000,30.000000,30.000000,30.000000,30.000000,30.000000,30.000000,30.000000,30.000000,30.000000,30.000000,31.000000,31.000000,32.000000,32.000000,32.000000,32.000000,33.000000,33.000000,34.000000,34.000000,35.000000,35.000000,35.000000,35.000000,35.000000,35.000000,35.000000,35.000000,35.000000,35.000000,35.000000,35.000000,35.000000,36.000000,36.000000,36.000000,36.000000,36.000000,36.000000,36.000000,36.000000,36.000000,36.000000,36.000000,36.000000,36.000000,36.000000,36.000000,36.000000,36.000000,36.000000,36.000000,36.000000,36.000000,36.000000,36.000000,36.000000,36.000000,36.000000,36.000000,36.000000,36.000000,36.000000,36.000000,36.000000,36.000000,36.000000,37.000000,38.000000,38.000000,38.000000,38.000000,38.000000,38.000000,39.000000,40.000000,41.000000,42.000000,42.000000,42.000000,42.000000,42.000000,43.000000,44.000000,44.000000,45.000000,46.000000,46.000000,46.000000,46.000000,46.000000,46.000000,47.000000,47.000000,47.000000,47.000000,47.000000,47.000000,47.000000,47.000000,48.000000,48.000000,48.000000,48.000000,48.000000,49.000000,49.000000,50.000000,50.000000,50.000000,50.000000,50.000000,51.000000,52.000000,52.000000,53.000000,54.000000,55.000000,55.000000,56.000000,57.000000,58.000000,59.000000,59.000000,59.000000,59.000000,59.000000,59.000000,59.000000,59.000000,59.000000,59.000000,59.000000,60.000000,60.000000,60.000000,60.000000,60.000000,60.000000,61.000000,61.000000,61.000000,61.000000,61.000000,61.000000,61.000000,61.000000,61.000000,62.000000,63.000000,64.000000,64.000000,64.000000,64.000000,64.000000,64.000000,64.000000,64.000000,64.000000,64.000000,65.000000,65.000000,66.000000,67.000000,68.000000,69.000000,69.000000,69.000000,69.000000,69.000000,70.000000,70.000000,70.000000,71.000000,71.000000,72.000000,72.000000,72.000000,73.000000,73.000000,73.000000,74.000000,74.000000,74.000000,75.000000,75.000000,75.000000,75.000000,75.000000,75.000000,76.000000,76.000000,77.000000,78.000000,78.000000,78.000000,78.000000,78.000000,78.000000,79.000000,80.000000,80.000000,80.000000,80.000000,80.000000,80.000000,80.000000,80.000000,80.000000,80.000000;;0;854922
4c07d0;3e841c;3127;0;0;0000000000000080;    31m 31s 898ms 852μs 568ns;323;-1;             23ms 746μs 980ns;80.000000;4.037500;0.000000;inf;4;1;Unfinished;1.000000,1.000000,1.000000,1.000000,2.000000,2.000000,2.000000,2.000000,2.000000,2.000000,2.000000,2.000000,2.000000,2.000000,2.000000,3.000000,4.000000,5.000000,6.000000,6.000000,6.000000,6.000000,6.000000,6.000000,7.000000,7.000000,8.000000,8.000000,9.000000,9.000000,9.000000,9.000000,10.000000,11.000000,11.000000,11.000000,11.000000,11.000000,11.000000,11.000000,12.000000,12.000000,13.000000,13.000000,13.000000,13.000000,13.000000,13.000000,13.000000,14.000000,14.000000,14.000000,15.000000,16.000000,16.000000,17.000000,17.000000,17.000000,17.000000,17.000000,17.000000,17.000000,18.000000,19.000000,19.000000,19.000000,20.000000,20.000000,20.000000,21.000000,21.000000,21.000000,22.000000,22.000000,22.000000,22.000000,22.000000,23.000000,23.000000,24.000000,24.000000,25.000000,25.000000,25.000000,25.000000,25.000000,25.000000,25.000000,25.000000,25.000000,25.000000,25.000000,25.000000,25.000000,25.000000,25.000000,25.000000,25.000000,25.000000,25.000000,25.000000,25.000000,25.000000,25.000000,25.000000,25.000000,26.000000,27.000000,28.000000,28.000000,28.000000,29.000000,29.000000,30.000000,30.000000,30.000000,30.000000,30.000000,30.000000,30.000000,30.000000,30.000000,30.000000,31.000000,31.000000,32.000000,32.000000,32.000000,32.000000,33.000000,33.000000,34.000000,34.000000,35.000000,35.000000,35.000000,35.000000,35.000000,35.000000,35.000000,35.000000,35.000000,35.000000,35.000000,35.000000,35.000000,36.000000,36.000000,36.000000,36.000000,36.000000,36.000000,36.000000,36.000000,36.000000,36.000000,36.000000,36.000000,36.000000,36.000000,36.000000,36.000000,36.000000,36.000000,36.000000,36.000000,36.000000,36.000000,36.000000,36.000000,36.000000,36.000000,36.000000,36.000000,36.000000,36.000000,36.000000,36.000000,36.000000,36.000000,37.000000,38.000000,38.000000,38.000000,38.000000,38.000000,38.000000,39.000000,40.000000,41.000000,42.000000,42.000000,42.000000,42.000000,42.000000,43.000000,44.000000,44.000000,45.000000,46.000000,46.000000,46.000000,46.000000,46.000000,46.000000,47.000000,47.000000,47.000000,47.000000,47.000000,47.000000,47.000000,47.000000,48.000000,48.000000,48.000000,48.000000,48.000000,49.000000,49.000000,50.000000,50.000000,50.000000,50.000000,50.000000,51.000000,52.000000,52.000000,53.000000,54.000000,55.000000,55.000000,56.000000,57.000000,58.000000,59.000000,59.000000,59.000000,59.000000,59.000000,59.000000,59.000000,59.000000,59.000000,59.000000,59.000000,60.000000,60.000000,60.000000,60.000000,60.000000,60.000000,61.000000,61.000000,61.000000,61.000000,61.000000,61.000000,61.000000,61.000000,61.000000,62.000000,63.000000,64.000000,64.000000,64.000000,64.000000,64.000000,64.000000,64.000000,64.000000,64.000000,64.000000,65.000000,65.000000,66.000000,67.000000,68.000000,69.000000,69.000000,69.000000,69.000000,69.000000,70.000000,70.000000,70.000000,71.000000,71.000000,72.000000,72.000000,72.000000,73.000000,73.000000,73.000000,74.000000,74.000000,74.000000,75.000000,75.000000,75.000000,75.000000,75.000000,75.000000,76.000000,76.000000,77.000000,78.000000,78.000000,78.000000,78.000000,78.000000,78.000000,79.000000,80.000000,80.000000,80.000000,80.000000,80.000000,80.000000,80.000000,80.000000,80.000000,80.000000;;0;1047160
5f72d7;3e84ce;3127;0;0;0000000000000080;    39m  1s 421ms 313μs 885ns;323;-1;             23ms 418μs 577ns;80.000000;4.037500;0.000000;inf;4;1;Unfinished;1.000000,1.000000,1.000000,1.000000,2.000000,2.000000,2.000000,2.000000,2.000000,2.000000,2.000000,2.000000,2.000000,2.000000,2.000000,3.000000,4.000000,5.000000,6.000000,6.000000,6.000000,6.000000,6.000000,6.000000,6.000000,7.000000,7.000000,8.000000,8.000000,9.000000,9.000000,9.000000,9.000000,10.000000,11.000000,11.000000,11.000000,11.000000,11.000000,11.000000,11.000000,12.000000,12.000000,13.000000,13.000000,13.000000,13.000000,13.000000,13.000000,13.000000,14.000000,14.000000,14.000000,15.000000,16.000000,16.000000,17.000000,17.000000,17.000000,17.000000,17.000000,17.000000,17.000000,18.000000,19.000000,19.000000,19.000000,20.000000,20.000000,20.000000,21.000000,21.000000,21.000000,22.000000,22.000000,22.000000,22.000000,22.000000,23.000000,23.000000,24.000000,24.000000,25.000000,25.000000,25.000000,25.000000,25.000000,25.000000,25.000000,25.000000,25.000000,25.000000,25.000000,25.000000,25.000000,25.000000,25.000000,25.000000,25.000000,25.000000,25.000000,25.000000,25.000000,25.000000,25.000000,25.000000,26.000000,27.000000,28.000000,28.000000,28.000000,29.000000,29.000000,30.000000,30.000000,30.000000,30.000000,30.000000,30.000000,30.000000,30.000000,30.000000,30.000000,31.000000,31.000000,32.000000,32.000000,32.000000,32.000000,33.000000,33.000000,34.000000,34.000000,35.000000,35.000000,35.000000,35.000000,35.000000,35.000000,35.000000,35.000000,35.000000,35.000000,35.000000,35.000000,35.000000,36.000000,36.000000,36.000000,36.000000,36.000000,36.000000,36.000000,36.000000,36.000000,36.000000,36.000000,36.000000,36.000000,36.000000,36.000000,36.000000,36.000000,36.000000,36.000000,36.000000,36.000000,36.000000,36.000000,36.000000,36.000000,36.000000,36.000000,36.000000,36.000000,36.000000,36.000000,36.000000,36.000000,36.000000,37.000000,38.000000,38.000000,38.000000,38.000000,38.000000,38.000000,39.000000,40.000000,41.000000,42.000000,42.000000,42.000000,42.000000,42.000000,43.000000,44.000000,44.000000,45.000000,46.000000,46.000000,46.000000,46.000000,46.000000,46.000000,47.000000,47.000000,47.000000,47.000000,47.000000,47.000000,47.000000,47.000000,48.000000,48.000000,48.000000,48.000000,48.000000,49.000000,49.000000,50.000000,50.000000,50.000000,50.000000,50.000000,51.000000,52.000000,52.000000,53.000000,54.000000,55.000000,55.000000,56.000000,57.000000,58.000000,59.000000,59.000000,59.000000,59.000000,59.000000,59.000000,59.000000,59.000000,59.000000,59.000000,59.000000,60.000000,60.000000,60.000000,60.000000,60.000000,60.000000,61.000000,61.000000,61.000000,61.000000,61.000000,61.000000,61.000000,61.000000,61.000000,62.000000,63.000000,64.000000,64.000000,64.000000,64.000000,64.000000,64.000000,64.000000,64.000000,64.000000,64.000000,65.000000,65.000000,66.000000,67.000000,68.000000,69.000000,69.000000,69.000000,69.000000,69.000000,70.000000,70.000000,70.000000,71.000000,71.000000,72.000000,72.000000,72.000000,73.000000,73.000000,73.000000,74.000000,74.000000,74.000000,75.000000,75.000000,75.000000,75.000000,75.000000,75.000000,76.000000,76.000000,77.000000,78.000000,78.000000,78.000000,78.000000,78.000000,78.000000,79.000000,80.000000,80.000000,80.000000,80.000000,80.000000,80.000000,80.000000,80.000000,80.000000,80.000000;;0;1297721
677d01;3e8601;3127;0;0;0000000000000080;    43m     694ms 768μs 258ns;323;-1;             24ms 574μs 534ns;80.000000;4.037500;0.000000;inf;4;1;Unfinished;1.000000,1.000000,1.000000,1.000000,2.000000,2.000000,2.000000,2.000000,2.000000,2.000000,2.000000,2.000000,2.000000,2.000000,2.000000,3.000000,4.000000,5.000000,6.000000,6.000000,6.000000,6.000000,6.000000,6.000000,6.000000,7.000000,7.000000,8.000000,8.000000,9.000000,9.000000,9.000000,9.000000,10.000000,11.000000,11.000000,11.000000,11.000000,11.000000,11.000000,11.000000,12.000000,12.000000,13.000000,13.000000,13.000000,13.000000,13.000000,13.000000,13.000000,14.000000,14.000000,14.000000,15.000000,16.000000,16.000000,17.000000,17.000000,17.000000,17.000000,17.000000,17.000000,17.000000,18.000000,19.000000,19.000000,19.000000,20.000000,20.000000,20.000000,21.000000,21.000000,21.000000,22.000000,22.000000,22.000000,22.000000,22.000000,23.000000,23.000000,24.000000,24.000000,25.000000,25.000000,25.000000,25.000000,25.000000,25.000000,25.000000,25.000000,25.000000,25.000000,25.000000,25.000000,25.000000,25.000000,25.000000,25.000000,25.000000,25.000000,25.000000,25.000000,25.000000,25.000000,25.000000,25.000000,25.000000,26.000000,27.000000,28.000000,28.000000,28.000000,29.000000,29.000000,30.000000,30.000000,30.000000,30.000000,30.000000,30.000000,30.000000,30.000000,30.000000,30.000000,31.000000,31.000000,32.000000,32.000000,32.000000,32.000000,33.000000,33.000000,34.000000,34.000000,35.000000,35.000000,35.000000,35.000000,35.000000,35.000000,35.000000,35.000000,35.000000,35.000000,35.000000,35.000000,35.000000,36.000000,36.000000,36.000000,36.000000,36.000000,36.000000,36.000000,36.000000,36.000000,36.000000,36.000000,36.000000,36.000000,36.000000,36.000000,36.000000,36.000000,36.000000,36.000000,36.000000,36.000000,36.000000,36.000000,36.000000,36.000000,36.000000,36.000000,36.000000,36.000000,36.000000,36.000000,36.000000,36.000000,36.000000,37.000000,38.000000,38.000000,38.000000,38.000000,38.000000,38.000000,39.000000,40.000000,41.000000,42.000000,42.000000,42.000000,42.000000,42.000000,43.000000,44.000000,44.000000,45.000000,46.000000,46.000000,46.000000,46.000000,46.000000,46.000000,47.000000,47.000000,47.000000,47.000000,47.000000,47.000000,47.000000,47.000000,48.000000,48.000000,48.000000,48.000000,48.000000,49.000000,49.000000,50.000000,50.000000,50.000000,50.000000,50.000000,51.000000,52.000000,52.000000,53.000000,54.000000,55.000000,55.000000,56.000000,57.000000,58.000000,59.000000,59.000000,59.000000,59.000000,59.000000,59.000000,59.000000,59.000000,59.000000,59.000000,60.000000,60.000000,60.000000,60.000000,60.000000,60.000000,61.000000,61.000000,61.000000,61.000000,61.000000,61.000000,61.000000,61.000000,61.000000,62.000000,63.000000,64.000000,64.000000,64.000000,64.000000,64.000000,64.000000,64.000000,64.000000,64.000000,64.000000,65.000000,65.000000,66.000000,67.000000,68.000000,69.000000,69.000000,69.000000,69.000000,69.000000,70.000000,70.000000,70.000000,71.000000,71.000000,72.000000,72.000000,72.000000,73.000000,73.000000,73.000000,74.000000,74.000000,74.000000,75.000000,75.000000,75.000000,75.000000,75.000000,75.000000,76.000000,76.000000,77.000000,78.000000,78.000000,78.000000,78.000000,78.000000,78.000000,79.000000,80.000000,80.000000,80.000000,80.000000,80.000000,80.000000,80.000000,80.000000,80.000000,80.000000;;0;1424757
65c577;3e850b;3127;0;0;0000000000000080;    42m     692ms  25μs 503ns;323;-1;             23ms 358μs 166ns;80.000000;4.037500;0.000000;inf;4;1;Unfinished;1.000000,1.000000,1.000000,1.000000,2.000000,2.000000,2.000000,2.000000,2.000000,2.000000,2.000000,2.000000,2.000000,2.000000,2.000000,3.000000,4.000000,5.000000,6.000000,6.000000,6.000000,6.000000,6.000000,6.000000,6.000000,7.000000,7.000000,8.000000,8.000000,9.000000,9.000000,9.000000,9.000000,10.000000,11.000000,11.000000,11.000000,11.000000,11.000000,11.000000,11.000000,12.000000,12.000000,13.000000,13.000000,13.000000,13.000000,13.000000,13.000000,13.000000,14.000000,14.000000,14.000000,15.000000,16.000000,16.000000,17.000000,17.000000,17.000000,17.000000,17.000000,17.000000,17.000000,18.000000,19.000000,19.000000,19.000000,20.000000,20.000000,20.000000,21.000000,21.000000,21.000000,22.000000,22.000000,22.000000,22.000000,22.000000,23.000000,23.000000,24.000000,24.000000,25.000000,25.000000,25.000000,25.000000,25.000000,25.000000,25.000000,25.000000,25.000000,25.000000,25.000000,25.000000,25.000000,25.000000,25.000000,25.000000,25.000000,25.000000,25.000000,25.000000,25.000000,25.000000,25.000000,25.000000,25.000000,26.000000,27.000000,28.000000,28.000000,28.000000,29.000000,29.000000,30.000000,30.000000,30.000000,30.000000,30.000000,30.000000,30.000000,30.000000,30.000000,30.000000,31.000000,31.000000,32.000000,32.000000,32.000000,32.000000,32.000000,33.000000,33.000000,34.000000,34.000000,34.000000,34.000000,34.000000,34.000000,34.000000,34.000000,34.000000,34.000000,34.000000,34.000000,34.000000,35.000000,35.000000,36.000000,36.000000,36.000000,36.000000,36.000000,36.000000,36.000000,36.000000,36.000000,36.000000,36.000000,36.000000,36.000000,36.000000,36.000000,36.000000,36.000000,36.000000,36.000000,36.000000,36.000000,36.000000,36.000000,36.000000,36.000000,36.000000,36.000000,36.000000,36.000000,36.000000,36.000000,36.000000,37.000000,38.000000,38.000000,38.000000,38.000000,38.000000,38.000000,39.000000,40.000000,41.000000,42.000000,42.000000,42.000000,42.000000,42.000000,43.000000,44.000000,44.000000,45.000000,46.000000,46.000000,46.000000,46.000000,46.000000,46.000000,47.000000,47.000000,47.000000,47.000000,47.000000,47.000000,47.000000,47.000000,48.000000,48.000000,48.000000,48.000000,48.000000,49.000000,49.000000,50.000000,50.000000,50.000000,50.000000,50.000000,51.000000,52.000000,52.000000,53.000000,54.000000,55.000000,55.000000,56.000000,57.000000,58.000000,59.000000,59.000000,59.000000,59.000000,59.000000,59.000000,59.000000,59.000000,59.000000,59.000000,59.000000,60.000000,60.000000,60.000000,60.000000,60.000000,60.000000,61.000000,61.000000,61.000000,61.000000,61.000000,61.000000,61.000000,61.000000,61.000000,62.000000,63.000000,64.000000,64.000000,64.000000,64.000000,64.000000,64.000000,64.000000,64.000000,64.000000,64.000000,65.000000,65.000000,66.000000,67.000000,68.000000,69.000000,69.000000,69.000000,69.000000,69.000000,70.000000,70.000000,70.000000,71.000000,71.000000,72.000000,72.000000,72.000000,73.000000,73.000000,73.000000,74.000000,74.000000,74.000000,75.000000,75.000000,75.000000,75.000000,75.000000,75.000000,76.000000,76.000000,77.000000,78.000000,78.000000,78.000000,78.000000,78.000000,78.000000,79.000000,80.000000,80.000000,80.000000,80.000000,80.000000,80.000000,80.000000,80.000000,80.000000,80.000000;;0;1585802
74cc55;3e85d0;3127;0;0;0000000000000080;    48m 33s 194ms 613μs 993ns;323;-1;             24ms 530μs 772ns;80.000000;4.037500;0.000000;inf;4;1;Unfinished;1.000000,1.000000,1.000000,1.000000,2.000000,2.000000,2.000000,2.000000,2.000000,2.000000,2.000000,2.000000,2.000000,2.000000,2.000000,3.000000,4.000000,5.000000,6.000000,6.000000,6.000000,6.000000,6.000000,6.000000,6.000000,7.000000,7.000000,8.000000,8.000000,9.000000,9.000000,9.000000,9.000000,10.000000,11.000000,11.000000,11.000000,11.000000,11.000000,11.000000,11.000000,12.000000,12.000000,13.000000,13.000000,13.000000,13.000000,13.000000,13.000000,13.000000,14.000000,14.000000,14.000000,15.000000,16.000000,16.000000,17.000000,17.000000,17.000000,17.000000,17.000000,17.000000,17.000000,18.000000,19.000000,19.000000,19.000000,20.000000,20.000000,20.000000,21.000000,21.000000,21.000000,22.000000,22.000000,22.000000,22.000000,22.000000,23.000000,23.000000,24.000000,24.000000,25.000000,25.000000,25.000000,25.000000,25.000000,25.000000,25.000000,25.000000,25.000000,25.000000,25.000000,25.000000,25.000000,25.000000,25.000000,25.000000,25.000000,25.000000,25.000000,25.000000,25.000000,25.000000,25.000000,25.000000,25.000000,26.000000,27.000000,28.000000,28.000000,28.000000,29.000000,29.000000,30.000000,30.000000,30.000000,30.000000,30.000000,30.000000,30.000000,30.000000,30.000000,30.000000,31.000000,31.000000,32.000000,32.000000,32.000000,32.000000,33.000000,33.000000,34.000000,34.000000,35.000000,35.000000,35.000000,35.000000,35.000000,35.000000,35.000000,35.000000,35.000000,35.000000,35.000000,35.000000,35.000000,36.000000,36.000000,36.000000,36.000000,36.000000,36.000000,36.000000,36.000000,36.000000,36.000000,36.000000,36.000000,36.000000,36.000000,36.000000,36.000000,36.000000,36.000000,36.000000,36.000000,36.000000,36.000000,36.000000,36.000000,36.000000,36.000000,36.000000,36.000000,36.000000,36.000000,36.000000,36.000000,36.000000,36.000000,37.000000,38.000000,38.000000,38.000000,38.000000,38.000000,38.000000,39.000000,40.000000,41.000000,42.000000,42.000000,42.000000,42.000000,42.000000,43.000000,44.000000,44.000000,45.000000,46.000000,46.000000,46.000000,46.000000,46.000000,46.000000,47.000000,47.000000,47.000000,47.000000,47.000000,47.000000,47.000000,48.000000,48.000000,48.000000,48.000000,48.000000,49.000000,49.000000,50.000000,50.000000,50.000000,50.000000,50.000000,51.000000,52.000000,52.000000,53.000000,54.000000,55.000000,55.000000,56.000000,57.000000,58.000000,59.000000,59.000000,59.000000,59.000000,59.000000,59.000000,59.000000,59.000000,59.000000,59.000000,59.000000,60.000000,60.000000,60.000000,60.000000,60.000000,60.000000,61.000000,61.000000,61.000000,61.000000,61.000000,61.000000,61.000000,61.000000,61.000000,62.000000,63.000000,64.000000,64.000000,64.000000,64.000000,64.000000,64.000000,64.000000,64.000000,64.000000,64.000000,65.000000,65.000000,66.000000,67.000000,68.000000,69.000000,69.000000,69.000000,69.000000,69.000000,70.000000,70.000000,70.000000,71.000000,71.000000,72.000000,72.000000,72.000000,73.000000,73.000000,73.000000,74.000000,74.000000,74.000000,75.000000,75.000000,75.000000,75.000000,75.000000,75.000000,76.000000,76.000000,77.000000,78.000000,78.000000,78.000000,78.000000,78.000000,78.000000,79.000000,80.000000,80.000000,80.000000,80.000000,80.000000,80.000000,80.000000,80.000000,80.000000,80.000000;;0;1599085
7525b4;3e85c7;3127;0;0;0000000000000080;    48m 49s 149ms 992μs 790ns;323;-1;             24ms 491μs 972ns;80.000000;4.037500;0.000000;inf;4;1;Unfinished;1.000000,1.000000,1.000000,1.000000,2.000000,2.000000,2.000000,2.000000,2.000000,2.000000,2.000000,2.000000,2.000000,2.000000,2.000000,3.000000,4.000000,5.000000,6.000000,6.000000,6.000000,6.000000,6.000000,6.000000,6.000000,7.000000,7.000000,8.000000,8.000000,9.000000,9.000000,9.000000,9.000000,10.000000,11.000000,11.000000,11.000000,11.000000,11.000000,11.000000,11.000000,12.000000,12.000000,13.000000,13.000000,13.000000,13.000000,13.000000,13.000000,13.000000,14.000000,14.000000,14.000000,15.000000,16.000000,16.000000,17.000000,17.000000,17.000000,17.000000,17.000000,17.000000,17.000000,18.000000,19.000000,19.000000,19.000000,20.000000,20.000000,20.000000,21.000000,21.000000,21.000000,22.000000,22.000000,22.000000,22.000000,22.000000,23.000000,23.000000,24.000000,24.000000,25.000000,25.000000,25.000000,25.000000,25.000000,25.000000,25.000000,25.000000,25.000000,25.000000,25.000000,25.000000,25.000000,25.000000,25.000000,25.000000,25.000000,25.000000,25.000000,25.000000,25.000000,25.000000,25.000000,25.000000,25.000000,26.000000,27.000000,28.000000,28.000000,28.000000,29.000000,29.000000,30.000000,30.000000,30.000000,30.000000,30.000000,30.000000,30.000000,30.000000,30.000000,30.000000,31.000000,31.000000,32.000000,32.000000,32.000000,32.000000,33.000000,33.000000,34.000000,34.000000,35.000000,35.000000,35.000000,35.000000,35.000000,35.000000,35.000000,35.000000,35.000000,35.000000,35.000000,35.000000,35.000000,36.000000,36.000000,36.000000,36.000000,36.000000,36.000000,36.000000,36.000000,36.000000,36.000000,36.000000,36.000000,36.000000,36.000000,36.000000,36.000000,36.000000,36.000000,36.000000,36.000000,36.000000,36.000000,36.000000,36.000000,36.000000,36.000000,36.000000,36.000000,36.000000,36.000000,36.000000,36.000000,36.000000,36.000000,37.000000,38.000000,38.000000,38.000000,38.000000,38.000000,38.000000,39.000000,40.000000,41.000000,42.000000,42.000000,42.000000,42.000000,42.000000,43.000000,44.000000,44.000000,45.000000,46.000000,46.000000,46.000000,46.000000,46.000000,46.000000,46.000000,46.000000,46.000000,46.000000,47.000000,47.000000,47.000000,48.000000,48.000000,48.000000,48.000000,48.000000,49.000000,49.000000,50.000000,50.000000,50.000000,50.000000,50.000000,51.000000,52.000000,52.000000,53.000000,54.000000,55.000000,55.000000,56.000000,57.000000,58.000000,59.000000,59.000000,59.000000,59.000000,59.000000,59.000000,59.000000,59.000000,59.000000,59.000000,59.000000,60.000000,60.000000,60.000000,60.000000,60.000000,60.000000,61.000000,61.000000,61.000000,61.000000,61.000000,61.000000,61.000000,61.000000,61.000000,62.000000,63.000000,64.000000,64.000000,64.000000,64.000000,64.000000,64.000000,64.000000,64.000000,64.000000,64.000000,65.000000,65.000000,66.000000,67.000000,68.000000,69.000000,69.000000,69.000000,69.000000,69.000000,70.000000,70.000000,70.000000,71.000000,71.000000,72.000000,72.000000,72.000000,73.000000,73.000000,73.000000,74.000000,74.000000,74.000000,75.000000,75.000000,75.000000,75.000000,75.000000,75.000000,76.000000,76.000000,77.000000,78.000000,78.000000,78.000000,78.000000,78.000000,78.000000,79.000000,80.000000,80.000000,80.000000,80.000000,80.000000,80.000000,80.000000,80.000000,80.000000,80.000000;;0;1610278
7fa176;3e85ac;3127;0;0;0000000000000080;    53m  1s  63ms  80μs 942ns;323;-1;             21ms 608μs 690ns;80.000000;4.037500;0.000000;inf;4;1;Unfinished;1.000000,1.000000,1.000000,1.000000,2.000000,2.000000,2.000000,2.000000,2.000000,2.000000,2.000000,2.000000,2.000000,2.000000,2.000000,3.000000,4.000000,5.000000,6.000000,6.000000,6.000000,6.000000,6.000000,6.000000,6.000000,7.000000,7.000000,8.000000,8.000000,9.000000,9.000000,9.000000,9.000000,10.000000,11.000000,11.000000,11.000000,11.000000,11.000000,11.000000,11.000000,12.000000,12.000000,13.000000,13.000000,13.000000,13.000000,13.000000,13.000000,13.000000,14.000000,14.000000,14.000000,15.000000,16.000000,16.000000,17.000000,17.000000,17.000000,17.000000,17.000000,17.000000,17.000000,18.000000,19.000000,19.000000,19.000000,20.000000,20.000000,20.000000,21.000000,21.000000,21.000000,22.000000,22.000000,22.000000,22.000000,22.000000,23.000000,23.000000,24.000000,24.000000,25.000000,25.000000,25.000000,25.000000,25.000000,25.000000,25.000000,25.000000,25.000000,25.000000,25.000000,25.000000,25.000000,25.000000,25.000000,25.000000,25.000000,25.000000,25.000000,25.000000,25.000000,25.000000,25.000000,25.000000,25.000000,26.000000,27.000000,28.000000,28.000000,28.000000,29.000000,29.000000,30.000000,30.000000,30.000000,30.000000,30.000000,30.000000,30.000000,30.000000,30.000000,30.000000,31.000000,31.000000,32.000000,32.000000,32.000000,32.000000,33.000000,33.000000,34.000000,34.000000,35.000000,35.000000,35.000000,35.000000,35.000000,35.000000,35.000000,35.000000,35.000000,35.000000,35.000000,35.000000,35.000000,36.000000,36.000000,36.000000,36.000000,36.000000,36.000000,36.000000,36.000000,36.000000,36.000000,36.000000,36.000000,36.000000,36.000000,36.000000,36.000000,36.000000,36.000000,36.000000,36.000000,36.000000,36.000000,36.000000,36.000000,36.000000,36.000000,36.000000,36.000000,36.000000,36.000000,36.000000,36.000000,36.000000,36.000000,37.000000,38.000000,38.000000,38.000000,38.000000,38.000000,38.000000,39.000000,40.000000,41.000000,42.000000,42.000000,42.000000,42.000000,43.000000,44.000000,44.000000,45.000000,46.000000,46.000000,46.000000,46.000000,46.000000,46.000000,47.000000,47.000000,47.000000,47.000000,47.000000,47.000000,47.000000,47.000000,48.000000,48.000000,48.000000,48.000000,48.000000,49.000000,49.000000,50.000000,50.000000,50.000000,50.000000,50.000000,51.000000,52.000000,52.000000,53.000000,54.000000,55.000000,55.000000,56.000000,57.000000,58.000000,59.000000,59.000000,59.000000,59.000000,59.000000,59.000000,59.000000,59.000000,59.000000,59.000000,59.000000,60.000000,60.000000,60.000000,60.000000,60.000000,60.000000,61.000000,61.000000,61.000000,61.000000,61.000000,61.000000,61.000000,61.000000,61.000000,62.000000,63.000000,64.000000,64.000000,64.000000,64.000000,64.000000,64.000000,64.000000,64.000000,64.000000,64.000000,65.000000,65.000000,66.000000,67.000000,68.000000,69.000000,69.000000,69.000000,69.000000,69.000000,70.000000,70.000000,70.000000,71.000000,71.000000,72.000000,72.000000,72.000000,73.000000,73.000000,73.000000,74.000000,74.000000,74.000000,75.000000,75.000000,75.000000,75.000000,75.000000,75.000000,76.000000,76.000000,77.000000,78.000000,78.000000,78.000000,78.000000,78.000000,78.000000,79.000000,80.000000,80.000000,80.000000,80.000000,80.000000,80.000000,80.000000,80.000000,80.000000,80.000000;;0;1815639
3eb4a;3502;3127;0;0;4000000000000080;     1m 21s 936ms 980μs 727ns;324;-1;             21ms 797μs 888ns;80.000000;4.050000;0.000000;inf;4;1;Unfinished;1.000000,1.000000,1.000000,1.000000,2.000000,2.000000,2.000000,2.000000,2.000000,2.000000,2.000000,2.000000,2.000000,2.000000,2.000000,3.000000,4.000000,5.000000,6.000000,6.000000,6.000000,6.000000,6.000000,6.000000,6.000000,7.000000,7.000000,8.000000,8.000000,9.000000,9.000000,9.000000,9.000000,10.000000,11.000000,11.000000,11.000000,11.000000,11.000000,11.000000,11.000000,12.000000,12.000000,13.000000,13.000000,13.000000,13.000000,13.000000,13.000000,13.000000,14.000000,14.000000,14.000000,15.000000,16.000000,16.000000,17.000000,17.000000,17.000000,17.000000,17.000000,17.000000,17.000000,18.000000,19.000000,19.000000,19.000000,20.000000,20.000000,20.000000,21.000000,21.000000,21.000000,22.000000,22.000000,22.000000,22.000000,22.000000,23.000000,23.000000,24.000000,24.000000,25.000000,25.000000,25.000000,25.000000,25.000000,25.000000,25.000000,25.000000,25.000000,25.000000,25.000000,25.000000,25.000000,25.000000,25.000000,25.000000,25.000000,25.000000,25.000000,25.000000,25.000000,25.000000,25.000000,25.000000,25.000000,26.000000,27.000000,28.000000,28.000000,28.000000,29.000000,29.000000,30.000000,30.000000,30.000000,30.000000,30.000000,30.000000,30.000000,30.000000,30.000000,30.000000,31.000000,31.000000,32.000000,32.000000,32.000000,32.000000,33.000000,33.000000,34.000000,34.000000,35.000000,35.000000,35.000000,35.000000,35.000000,35.000000,35.000000,35.000000,35.000000,35.000000,35.000000,35.000000,35.000000,36.000000,36.000000,36.000000,36.000000,36.000000,36.000000,36.000000,36.000000,36.000000,36.000000,36.000000,36.000000,36.000000,36.000000,36.000000,36.000000,36.000000,36.000000,36.000000,36.000000,36.000000,36.000000,36.000000,36.000000,36.000000,36.000000,36.000000,36.000000,36.000000,36.000000,36.000000,36.000000,36.000000,36.000000,37.000000,38.000000,38.000000,38.000000,38.000000,38.000000,38.000000,39.000000,40.000000,41.000000,42.000000,42.000000,42.000000,42.000000,42.000000,43.000000,44.000000,44.000000,45.000000,46.000000,46.000000,46.000000,46.000000,46.000000,46.000000,47.000000,47.000000,47.000000,47.000000,47.000000,47.000000,47.000000,47.000000,48.000000,48.000000,48.000000,48.000000,48.000000,49.000000,49.000000,50.000000,50.000000,50.000000,50.000000,50.000000,51.000000,52.000000,52.000000,53.000000,54.000000,55.000000,55.000000,56.000000,57.000000,57.000000,57.000000,57.000000,57.000000,57.000000,57.000000,57.000000,57.000000,57.000000,57.000000,57.000000,57.000000,57.000000,57.000000,57.000000,57.000000,57.000000,57.000000,57.000000,57.000000,57.000000,57.000000,57.000000,57.000000,57.000000,57.000000,57.000000,57.000000,58.000000,58.000000,58.000000,59.000000,60.000000,60.000000,60.000000,61.000000,61.000000,61.000000,61.000000,61.000000,61.000000,61.000000,61.000000,61.000000,62.000000,63.000000,64.000000,64.000000,64.000000,64.000000,64.000000,64.000000,64.000000,64.000000,64.000000,64.000000,65.000000,65.000000,66.000000,67.000000,68.000000,69.000000,69.000000,69.000000,69.000000,69.000000,70.000000,70.000000,70.000000,71.000000,71.000000,72.000000,72.000000,72.000000,73.000000,73.000000,73.000000,74.000000,75.000000,75.000000,76.000000,76.000000,77.000000,78.000000,79.000000,79.000000,79.000000,80.000000,80.000000;;0;45292
720f0;71f30;3127;0;0;0000000000000080;     2m 24s  89ms 275μs 964ns;324;-1;             21ms 947μs 137ns;80.000000;4.050000;0.000000;inf;4;1;Unfinished;1.000000,1.000000,1.000000,1.000000,2.000000,2.000000,2.000000,2.000000,2.000000,2.000000,2.000000,2.000000,2.000000,2.000000,2.000000,3.000000,4.000000,5.000000,6.000000,6.000000,6.000000,6.000000,6.000000,6.000000,6.000000,7.000000,7.000000,8.000000,8.000000,9.000000,9.000000,9.000000,9.000000,10.000000,11.000000,11.000000,11.000000,11.000000,11.000000,11.000000,11.000000,12.000000,12.000000,13.000000,13.000000,13.000000,13.000000,13.000000,13.000000,13.000000,14.000000,14.000000,14.000000,15.000000,16.000000,16.000000,17.000000,17.000000,17.000000,17.000000,17.000000,17.000000,17.000000,18.000000,19.000000,19.000000,19.000000,20.000000,20.000000,20.000000,21.000000,21.000000,21.000000,22.000000,22.000000,22.000000,22.000000,22.000000,23.000000,23.000000,24.000000,24.000000,25.000000,25.000000,25.000000,25.000000,25.000000,25.000000,25.000000,25.000000,25.000000,25.000000,25.000000,25.000000,25.000000,25.000000,25.000000,25.000000,25.000000,25.000000,25.000000,25.000000,25.000000,25.000000,25.000000,25.000000,25.000000,26.000000,27.000000,28.000000,28.000000,28.000000,29.000000,29.000000,30.000000,30.000000,30.000000,30.000000,30.000000,30.000000,30.000000,30.000000,30.000000,30.000000,31.000000,31.000000,32.000000,32.000000,32.000000,32.000000,33.000000,33.000000,34.000000,34.000000,35.000000,35.000000,35.000000,35.000000,35.000000,35.000000,35.000000,35.000000,35.000000,35.000000,35.000000,35.000000,35.000000,36.000000,36.000000,36.000000,36.000000,36.000000,36.000000,36.000000,36.000000,36.000000,36.000000,36.000000,36.000000,36.000000,36.000000,36.000000,36.000000,36.000000,36.000000,36.000000,36.000000,36.000000,36.000000,36.000000,36.000000,36.000000,36.000000,36.000000,36.000000,36.000000,36.000000,36.000000,36.000000,36.000000,36.000000,37.000000,38.000000,38.000000,38.000000,38.000000,38.000000,38.000000,39.000000,40.000000,41.000000,42.000000,42.000000,42.000000,42.000000,42.000000,43.000000,44.000000,44.000000,45.000000,46.000000,46.000000,46.000000,46.000000,46.000000,46.000000,47.000000,47.000000,47.000000,47.000000,47.000000,47.000000,47.000000,47.000000,48.000000,48.000000,48.000000,48.000000,48.000000,49.000000,49.000000,50.000000,50.000000,50.000000,50.000000,50.000000,51.000000,52.000000,52.000000,53.000000,54.000000,55.000000,55.000000,56.000000,57.000000,58.000000,59.000000,59.000000,59.000000,59.000000,59.000000,59.000000,59.000000,59.000000,59.000000,59.000000,59.000000,60.000000,60.000000,60.000000,60.000000,60.000000,60.000000,61.000000,61.000000,61.000000,61.000000,61.000000,61.000000,61.000000,61.000000,61.000000,62.000000,63.000000,64.000000,64.000000,64.000000,64.000000,64.000000,64.000000,64.000000,64.000000,64.000000,64.000000,65.000000,65.000000,66.000000,67.000000,68.000000,69.000000,69.000000,69.000000,69.000000,69.000000,70.000000,70.000000,70.000000,71.000000,71.000000,72.000000,72.000000,72.000000,73.000000,73.000000,73.000000,74.000000,74.000000,74.000000,75.000000,75.000000,75.000000,75.000000,75.000000,75.000000,76.000000,76.000000,77.000000,78.000000,78.000000,78.000000,78.000000,78.000000,78.000000,79.000000,80.000000,80.000000,80.000000,80.000000,80.000000,80.000000,80.000000,80.000000,80.000000,80.000000;;0;80943
496a;31ad;3127;0;0;0000000000000080;        13s 478ms  54μs 328ns;325;-1;             19ms 895μs 375ns;80.000000;4.062500;0.000000;inf;4;1;Unfinished;1.000000,1.000000,1.000000,1.000000,2.000000,2.000000,2.000000,2.000000,2.000000,2.000000,2.000000,2.000000,2.000000,2.000000,2.000000,3.000000,4.000000,5.000000,6.000000,6.000000,6.000000,6.000000,6.000000,6.000000,6.000000,7.000000,7.000000,8.000000,8.000000,9.000000,9.000000,9.000000,9.000000,10.000000,11.000000,11.000000,11.000000,11.000000,11.000000,11.000000,11.000000,12.000000,12.000000,13.000000,13.000000,13.000000,13.000000,13.000000,13.000000,13.000000,14.000000,14.000000,14.000000,15.000000,16.000000,16.000000,17.000000,17.000000,17.000000,17.000000,17.000000,17.000000,17.000000,18.000000,19.000000,19.000000,19.000000,20.000000,20.000000,20.000000,21.000000,21.000000,21.000000,22.000000,22.000000,22.000000,22.000000,22.000000,23.000000,23.000000,24.000000,24.000000,25.000000,25.000000,25.000000,25.000000,25.000000,25.000000,25.000000,25.000000,25.000000,25.000000,25.000000,25.000000,25.000000,25.000000,25.000000,25.000000,25.000000,25.000000,25.000000,25.000000,25.000000,25.000000,25.000000,25.000000,25.000000,26.000000,27.000000,28.000000,28.000000,28.000000,29.000000,29.000000,30.000000,30.000000,30.000000,30.000000,30.000000,30.000000,30.000000,30.000000,30.000000,30.000000,31.000000,31.000000,32.000000,32.000000,32.000000,32.000000,33.000000,33.000000,34.000000,34.000000,35.000000,35.000000,35.000000,35.000000,35.000000,35.000000,35.000000,35.000000,35.000000,35.000000,35.000000,35.000000,35.000000,36.000000,36.000000,36.000000,36.000000,36.000000,36.000000,36.000000,36.000000,36.000000,36.000000,36.000000,36.000000,36.000000,36.000000,36.000000,36.000000,36.000000,36.000000,36.000000,36.000000,36.000000,36.000000,36.000000,36.000000,36.000000,36.000000,36.000000,36.000000,36.000000,36.000000,36.000000,36.000000,36.000000,36.000000,37.000000,38.000000,38.000000,38.000000,38.000000,38.000000,38.000000,39.000000,40.000000,41.000000,42.000000,42.000000,42.000000,42.000000,42.000000,43.000000,44.000000,44.000000,45.000000,46.000000,46.000000,46.000000,46.000000,46.000000,46.000000,47.000000,47.000000,47.000000,47.000000,47.000000,47.000000,47.000000,47.000000,48.000000,48.000000,48.000000,48.000000,48.000000,49.000000,49.000000,50.000000,50.000000,50.000000,50.000000,50.000000,51.000000,52.000000,52.000000,53.000000,54.000000,55.000000,55.000000,56.000000,57.000000,57.000000,57.000000,57.000000,57.000000,57.000000,57.000000,57.000000,57.000000,57.000000,57.000000,57.000000,57.000000,57.000000,57.000000,57.000000,57.000000,57.000000,57.000000,57.000000,57.000000,57.000000,57.000000,57.000000,57.000000,57.000000,57.000000,57.000000,57.000000,58.000000,58.000000,58.000000,59.000000,60.000000,60.000000,60.000000,61.000000,61.000000,61.000000,61.000000,61.000000,61.000000,61.000000,61.000000,61.000000,62.000000,63.000000,64.000000,64.000000,64.000000,64.000000,64.000000,64.000000,64.000000,64.000000,64.000000,64.000000,65.000000,65.000000,66.000000,67.000000,68.000000,69.000000,69.000000,69.000000,69.000000,69.000000,70.000000,70.000000,70.000000,71.000000,71.000000,72.000000,72.000000,72.000000,73.000000,73.000000,73.000000,74.000000,75.000000,75.000000,76.000000,76.000000,77.000000,78.000000,78.000000,78.000000,78.000000,79.000000,80.000000,80.000000;;0;5121
3979;31ad;3127;0;0;0000000000000080;        11s 646ms 945μs 451ns;326;-1;             21ms 935μs 678ns;80.000000;4.075000;0.000000;inf;4;1;Unfinished;1.000000,1.000000,1.000000,1.000000,2.000000,2.000000,2.000000,2.000000,2.000000,2.000000,2.000000,2.000000,2.000000,2.000000,2.000000,3.000000,4.000000,5.000000,6.000000,6.000000,6.000000,6.000000,6.000000,6.000000,6.000000,7.000000,7.000000,8.000000,8.000000,9.000000,9.000000,9.000000,9.000000,10.000000,11.000000,11.000000,11.000000,11.000000,11.000000,11.000000,11.000000,12.000000,12.000000,13.000000,13.000000,13.000000,13.000000,13.000000,13.000000,13.000000,14.000000,14.000000,14.000000,15.000000,16.000000,16.000000,17.000000,17.000000,17.000000,17.000000,17.000000,17.000000,17.000000,18.000000,19.000000,19.000000,19.000000,20.000000,20.000000,20.000000,21.000000,21.000000,21.000000,22.000000,22.000000,22.000000,22.000000,22.000000,23.000000,23.000000,24.000000,24.000000,25.000000,25.000000,25.000000,25.000000,25.000000,25.000000,25.000000,25.000000,25.000000,25.000000,25.000000,25.000000,25.000000,25.000000,25.000000,25.000000,25.000000,25.000000,25.000000,25.000000,25.000000,25.000000,25.000000,25.000000,25.000000,26.000000,27.000000,28.000000,28.000000,28.000000,29.000000,29.000000,30.000000,30.000000,30.000000,30.000000,30.000000,30.000000,30.000000,30.000000,30.000000,30.000000,31.000000,31.000000,32.000000,32.000000,32.000000,32.000000,33.000000,33.000000,34.000000,34.000000,35.000000,35.000000,35.000000,35.000000,35.000000,35.000000,35.000000,35.000000,35.000000,35.000000,35.000000,35.000000,35.000000,36.000000,36.000000,36.000000,36.000000,36.000000,36.000000,36.000000,36.000000,36.000000,36.000000,36.000000,36.000000,36.000000,36.000000,36.000000,36.000000,36.000000,36.000000,36.000000,36.000000,36.000000,36.000000,36.000000,36.000000,36.000000,36.000000,36.000000,36.000000,36.000000,36.000000,36.000000,36.000000,36.000000,36.000000,37.000000,38.000000,38.000000,38.000000,38.000000,38.000000,38.000000,39.000000,40.000000,41.000000,42.000000,42.000000,42.000000,42.000000,42.000000,43.000000,44.000000,44.000000,45.000000,46.000000,46.000000,46.000000,46.000000,46.000000,46.000000,47.000000,47.000000,47.000000,47.000000,47.000000,47.000000,47.000000,47.000000,48.000000,48.000000,48.000000,48.000000,48.000000,49.000000,49.000000,50.000000,50.000000,50.000000,50.000000,50.000000,51.000000,52.000000,52.000000,53.000000,54.000000,55.000000,55.000000,56.000000,57.000000,57.000000,57.000000,57.000000,57.000000,57.000000,57.000000,57.000000,57.000000,57.000000,57.000000,57.000000,57.000000,57.000000,57.000000,57.000000,57.000000,57.000000,57.000000,57.000000,57.000000,57.000000,57.000000,57.000000,57.000000,57.000000,57.000000,57.000000,57.000000,58.000000,58.000000,58.000000,59.000000,60.000000,60.000000,60.000000,61.000000,61.000000,61.000000,61.000000,61.000000,61.000000,61.000000,61.000000,61.000000,62.000000,63.000000,64.000000,64.000000,64.000000,64.000000,64.000000,64.000000,64.000000,64.000000,64.000000,64.000000,65.000000,65.000000,66.000000,67.000000,68.000000,69.000000,69.000000,69.000000,69.000000,69.000000,70.000000,70.000000,70.000000,71.000000,71.000000,72.000000,72.000000,72.000000,73.000000,73.000000,73.000000,74.000000,75.000000,75.000000,75.000000,76.000000,76.000000,77.000000,78.000000,78.000000,78.000000,78.000000,79.000000,80.000000,80.000000;;0;4586
38f9;31ad;3127;0;0;0000000000000080;        11s 458ms 936μs  26ns;327;-1;             21ms 401μs  57ns;80.000000;4.087500;0.000000;inf;4;1;Unfinished;1.000000,1.000000,1.000000,1.000000,2.000000,2.000000,2.000000,2.000000,2.000000,2.000000,2.000000,2.000000,2.000000,2.000000,2.000000,3.000000,4.000000,5.000000,6.000000,6.000000,6.000000,6.000000,6.000000,6.000000,6.000000,7.000000,7.000000,8.000000,8.000000,9.000000,9.000000,9.000000,9.000000,10.000000,11.000000,11.000000,11.000000,11.000000,11.000000,11.000000,11.000000,12.000000,12.000000,13.000000,13.000000,13.000000,13.000000,13.000000,13.000000,13.000000,14.000000,14.000000,14.000000,15.000000,16.000000,16.000000,17.000000,17.000000,17.000000,17.000000,17.000000,17.000000,17.000000,18.000000,19.000000,19.000000,19.000000,20.000000,20.000000,20.000000,21.000000,21.000000,21.000000,22.000000,22.000000,22.000000,22.000000,22.000000,23.000000,23.000000,24.000000,24.000000,25.000000,25.000000,25.000000,25.000000,25.000000,25.000000,25.000000,25.000000,25.000000,25.000000,25.000000,25.000000,25.000000,25.000000,25.000000,25.000000,25.000000,25.000000,25.000000,25.000000,25.000000,25.000000,25.000000,25.000000,25.000000,26.000000,27.000000,28.000000,28.000000,28.000000,29.000000,29.000000,30.000000,30.000000,30.000000,30.000000,30.000000,30.000000,30.000000,30.000000,30.000000,30.000000,31.000000,31.000000,32.000000,32.000000,32.000000,32.000000,33.000000,33.000000,34.000000,34.000000,35.000000,35.000000,35.000000,35.000000,35.000000,35.000000,35.000000,35.000000,35.000000,35.000000,35.000000,35.000000,35.000000,36.000000,36.000000,36.000000,36.000000,36.000000,36.000000,36.000000,36.000000,36.000000,36.000000,36.000000,36.000000,36.000000,36.000000,36.000000,36.000000,36.000000,36.000000,36.000000,36.000000,36.000000,36.000000,36.000000,36.000000,36.000000,36.000000,36.000000,36.000000,36.000000,36.000000,36.000000,36.000000,36.000000,36.000000,37.000000,38.000000,38.000000,38.000000,38.000000,38.000000,38.000000,39.000000,40.000000,41.000000,42.000000,42.000000,42.000000,42.000000,42.000000,43.000000,44.000000,44.000000,45.000000,46.000000,46.000000,46.000000,46.000000,46.000000,46.000000,47.000000,47.000000,47.000000,47.000000,47.000000,47.000000,47.000000,47.000000,48.000000,48.000000,48.000000,48.000000,48.000000,49.000000,49.000000,50.000000,50.000000,50.000000,50.000000,50.000000,51.000000,52.000000,52.000000,53.000000,54.000000,55.000000,55.000000,56.000000,57.000000,57.000000,57.000000,57.000000,57.000000,57.000000,57.000000,57.000000,57.000000,57.000000,57.000000,57.000000,57.000000,57.000000,57.000000,57.000000,57.000000,57.000000,57.000000,57.000000,57.000000,57.000000,57.000000,57.000000,57.000000,57.000000,57.000000,57.000000,57.000000,58.000000,58.000000,58.000000,59.000000,60.000000,60.000000,60.000000,61.000000,61.000000,61.000000,61.000000,61.000000,61.000000,61.000000,61.000000,61.000000,62.000000,63.000000,64.000000,64.000000,64.000000,64.000000,64.000000,64.000000,64.000000,64.000000,64.000000,64.000000,65.000000,65.000000,66.000000,67.000000,68.000000,69.000000,69.000000,69.000000,69.000000,69.000000,70.000000,70.000000,70.000000,71.000000,71.000000,72.000000,72.000000,72.000000,73.000000,73.000000,73.000000,74.000000,75.000000,75.000000,75.000000,75.000000,76.000000,76.000000,77.000000,78.000000,78.000000,78.000000,78.000000,79.000000,80.000000,80.000000;;0;4358
391b;31dd;3127;0;0;0000000000000080;        11s 479ms  12μs 399ns;328;-1;             23ms 294μs 370ns;80.000000;4.100000;0.000000;inf;4;1;Unfinished;1.000000,1.000000,1.000000,1.000000,2.000000,2.000000,2.000000,2.000000,2.000000,2.000000,2.000000,2.000000,2.000000,2.000000,2.000000,3.000000,4.000000,5.000000,6.000000,6.000000,6.000000,6.000000,6.000000,6.000000,6.000000,7.000000,7.000000,8.000000,8.000000,9.000000,9.000000,9.000000,9.000000,10.000000,11.000000,11.000000,11.000000,11.000000,11.000000,11.000000,11.000000,12.000000,12.000000,13.000000,13.000000,13.000000,13.000000,13.000000,13.000000,13.000000,14.000000,14.000000,14.000000,15.000000,16.000000,16.000000,17.000000,17.000000,17.000000,17.000000,17.000000,17.000000,17.000000,18.000000,19.000000,19.000000,19.000000,20.000000,20.000000,20.000000,21.000000,21.000000,21.000000,22.000000,22.000000,22.000000,22.000000,22.000000,23.000000,23.000000,24.000000,24.000000,25.000000,25.000000,25.000000,25.000000,25.000000,25.000000,25.000000,25.000000,25.000000,25.000000,25.000000,25.000000,25.000000,25.000000,25.000000,25.000000,25.000000,25.000000,25.000000,25.000000,25.000000,25.000000,25.000000,25.000000,25.000000,26.000000,27.000000,28.000000,28.000000,28.000000,29.000000,29.000000,30.000000,30.000000,30.000000,30.000000,30.000000,30.000000,30.000000,30.000000,30.000000,30.000000,31.000000,31.000000,32.000000,32.000000,32.000000,32.000000,33.000000,33.000000,34.000000,34.000000,35.000000,35.000000,35.000000,35.000000,35.000000,35.000000,35.000000,35.000000,35.000000,35.000000,35.000000,35.000000,35.000000,36.000000,36.000000,36.000000,36.000000,36.000000,36.000000,36.000000,36.000000,36.000000,36.000000,36.000000,36.000000,36.000000,36.000000,36.000000,36.000000,36.000000,36.000000,36.000000,36.000000,36.000000,36.000000,36.000000,36.000000,36.000000,36.000000,36.000000,36.000000,36.000000,36.000000,36.000000,36.000000,36.000000,36.000000,37.000000,38.000000,38.000000,38.000000,38.000000,38.000000,38.000000,39.000000,40.000000,41.000000,42.000000,42.000000,42.000000,42.000000,42.000000,43.000000,44.000000,44.000000,45.000000,46.000000,46.000000,46.000000,46.000000,46.000000,46.000000,47.000000,47.000000,47.000000,47.000000,47.000000,47.000000,47.000000,47.000000,48.000000,48.000000,48.000000,48.000000,48.000000,49.000000,49.000000,50.000000,50.000000,50.000000,50.000000,50.000000,51.000000,52.000000,52.000000,53.000000,54.000000,55.000000,55.000000,56.000000,57.000000,57.000000,57.000000,57.000000,57.000000,57.000000,57.000000,57.000000,57.000000,57.000000,57.000000,57.000000,57.000000,57.000000,57.000000,57.000000,57.000000,57.000000,57.000000,57.000000,57.000000,57.000000,57.000000,57.000000,57.000000,57.000000,57.000000,57.000000,57.000000,58.000000,58.000000,58.000000,59.000000,60.000000,60.000000,60.000000,61.000000,61.000000,61.000000,61.000000,61.000000,61.000000,61.000000,61.000000,61.000000,62.000000,63.000000,64.000000,64.000000,64.000000,64.000000,64.000000,64.000000,64.000000,64.000000,64.000000,64.000000,65.000000,65.000000,66.000000,67.000000,68.000000,69.000000,69.000000,69.000000,69.000000,69.000000,70.000000,70.000000,70.000000,71.000000,71.000000,72.000000,72.000000,72.000000,73.000000,73.000000,73.000000,74.000000,75.000000,75.000000,75.000000,75.000000,75.000000,76.000000,76.000000,77.000000,77.000000,78.000000,78.000000,78.000000,78.000000,78.000000,79.000000,80.000000;;0;4365
3e7e3;3502;3127;0;0;0000000000000080;     1m 21s 584ms 731μs 452ns;329;-1;             22ms 666μs 819ns;80.000000;4.112500;0.000000;inf;4;1;Unfinished;1.000000,1.000000,1.000000,1.000000,2.000000,2.000000,2.000000,2.000000,2.000000,2.000000,2.000000,2.000000,2.000000,2.000000,2.000000,3.000000,4.000000,5.000000,6.000000,6.000000,6.000000,6.000000,6.000000,6.000000,6.000000,7.000000,7.000000,8.000000,8.000000,9.000000,9.000000,9.000000,9.000000,10.000000,11.000000,11.000000,11.000000,11.000000,11.000000,11.000000,11.000000,12.000000,12.000000,13.000000,13.000000,13.000000,13.000000,13.000000,13.000000,13.000000,14.000000,14.000000,14.000000,15.000000,16.000000,16.000000,17.000000,17.000000,17.000000,17.000000,17.000000,17.000000,17.000000,18.000000,19.000000,19.000000,19.000000,20.000000,20.000000,20.000000,21.000000,21.000000,21.000000,22.000000,22.000000,22.000000,22.000000,22.000000,23.000000,23.000000,24.000000,24.000000,25.000000,25.000000,25.000000,25.000000,25.000000,25.000000,25.000000,25.000000,25.000000,25.000000,25.000000,25.000000,25.000000,25.000000,25.000000,25.000000,25.000000,25.000000,25.000000,25.000000,25.000000,25.000000,25.000000,25.000000,25.000000,26.000000,27.000000,28.000000,28.000000,28.000000,29.000000,29.000000,30.000000,30.000000,30.000000,30.000000,30.000000,30.000000,30.000000,30.000000,30.000000,30.000000,31.000000,31.000000,32.000000,32.000000,32.000000,32.000000,33.000000,33.000000,34.000000,34.000000,35.000000,35.000000,35.000000,35.000000,35.000000,35.000000,35.000000,35.000000,35.000000,35.000000,35.000000,35.000000,35.000000,36.000000,36.000000,36.000000,36.000000,36.000000,36.000000,36.000000,36.000000,36.000000,36.000000,36.000000,36.000000,36.000000,36.000000,36.000000,36.000000,36.000000,36.000000,36.000000,36.000000,36.000000,36.000000,36.000000,36.000000,36.000000,36.000000,36.000000,36.000000,36.000000,36.000000,36.000000,36.000000,36.000000,36.000000,37.000000,38.000000,38.000000,38.000000,38.000000,38.000000,38.000000,39.000000,40.000000,41.000000,42.000000,42.000000,42.000000,42.000000,42.000000,43.000000,44.000000,44.000000,45.000000,46.000000,46.000000,46.000000,46.000000,46.000000,46.000000,47.000000,47.000000,47.000000,47.000000,47.000000,47.000000,47.000000,47.000000,48.000000,48.000000,48.000000,48.000000,48.000000,49.000000,49.000000,50.000000,50.000000,50.000000,50.000000,50.000000,51.000000,52.000000,52.000000,53.000000,54.000000,55.000000,55.000000,56.000000,57.000000,57.000000,57.000000,57.000000,57.000000,57.000000,57.000000,57.000000,57.000000,57.000000,57.000000,57.000000,57.000000,57.000000,57.000000,57.000000,57.000000,57.000000,57.000000,57.000000,57.000000,57.000000,57.000000,57.000000,57.000000,57.000000,57.000000,57.000000,57.000000,58.000000,58.000000,58.000000,59.000000,60.000000,60.000000,60.000000,61.000000,61.000000,61.000000,61.000000,61.000000,61.000000,61.000000,61.000000,61.000000,62.000000,63.000000,64.000000,64.000000,64.000000,64.000000,64.000000,64.000000,64.000000,64.000000,64.000000,64.000000,65.000000,65.000000,66.000000,67.000000,68.000000,69.000000,69.000000,69.000000,69.000000,69.000000,70.000000,70.000000,70.000000,71.000000,71.000000,72.000000,72.000000,72.000000,73.000000,73.000000,73.000000,74.000000,74.000000,74.000000,75.000000,75.000000,75.000000,75.000000,76.000000,76.000000,76.000000,77.000000,78.000000,79.000000,79.000000,79.000000,80.000000,80.000000;;0;45139
358e;31dd;3127;0;0;0000000000000080;        10s 554ms 976μs  69ns;332;-1;             22ms 686μs 697ns;80.000000;4.150000;0.000000;inf;4;1;Unfinished;1.000000,1.000000,1.000000,1.000000,2.000000,2.000000,2.000000,2.000000,2.000000,2.000000,2.000000,2.000000,2.000000,2.000000,2.000000,3.000000,4.000000,5.000000,6.000000,6.000000,6.000000,6.000000,6.000000,6.000000,6.000000,7.000000,7.000000,8.000000,8.000000,9.000000,9.000000,9.000000,9.000000,10.000000,11.000000,11.000000,11.000000,11.000000,11.000000,11.000000,11.000000,12.000000,12.000000,13.000000,13.000000,13.000000,13.000000,13.000000,13.000000,13.000000,14.000000,14.000000,14.000000,15.000000,16.000000,16.000000,17.000000,17.000000,17.000000,17.000000,17.000000,17.000000,17.000000,18.000000,19.000000,19.000000,19.000000,20.000000,20.000000,20.000000,21.000000,21.000000,21.000000,22.000000,22.000000,22.000000,22.000000,22.000000,23.000000,23.000000,24.000000,24.000000,25.000000,25.000000,25.000000,25.000000,25.000000,25.000000,25.000000,25.000000,25.000000,25.000000,25.000000,25.000000,25.000000,25.000000,25.000000,25.000000,25.000000,25.000000,25.000000,25.000000,25.000000,25.000000,25.000000,25.000000,25.000000,26.000000,27.000000,28.000000,28.000000,28.000000,29.000000,29.000000,30.000000,30.000000,30.000000,30.000000,30.000000,30.000000,30.000000,30.000000,30.000000,30.000000,31.000000,31.000000,32.000000,32.000000,32.000000,32.000000,33.000000,33.000000,34.000000,34.000000,35.000000,35.000000,35.000000,35.000000,35.000000,35.000000,35.000000,35.000000,35.000000,35.000000,35.000000,35.000000,35.000000,36.000000,36.000000,36.000000,36.000000,36.000000,36.000000,36.000000,36.000000,36.000000,36.000000,36.000000,36.000000,36.000000,36.000000,36.000000,36.000000,36.000000,36.000000,36.000000,36.000000,36.000000,36.000000,36.000000,36.000000,36.000000,36.000000,36.000000,36.000000,36.000000,36.000000,36.000000,36.000000,36.000000,36.000000,37.000000,38.000000,38.000000,38.000000,38.000000,38.000000,38.000000,39.000000,40.000000,41.000000,42.000000,42.000000,42.000000,42.000000,42.000000,43.000000,44.000000,44.000000,45.000000,46.000000,46.000000,46.000000,46.000000,46.000000,46.000000,47.000000,47.000000,47.000000,47.000000,47.000000,47.000000,47.000000,47.000000,48.000000,48.000000,48.000000,48.000000,48.000000,49.000000,49.000000,50.000000,50.000000,50.000000,50.000000,50.000000,51.000000,52.000000,52.000000,53.000000,54.000000,55.000000,55.000000,56.000000,57.000000,57.000000,57.000000,57.000000,57.000000,57.000000,57.000000,57.000000,57.000000,57.000000,57.000000,57.000000,57.000000,57.000000,57.000000,57.000000,57.000000,57.000000,57.000000,57.000000,57.000000,57.000000,57.000000,57.000000,57.000000,57.000000,57.000000,57.000000,57.000000,58.000000,58.000000,58.000000,59.000000,60.000000,60.000000,60.000000,61.000000,61.000000,61.000000,61.000000,61.000000,61.000000,61.000000,61.000000,61.000000,62.000000,63.000000,64.000000,64.000000,64.000000,64.000000,64.000000,64.000000,64.000000,64.000000,64.000000,64.000000,65.000000,65.000000,66.000000,67.000000,68.000000,69.000000,69.000000,69.000000,69.000000,69.000000,70.000000,70.000000,70.000000,71.000000,71.000000,72.000000,72.000000,72.000000,73.000000,73.000000,73.000000,74.000000,74.000000,74.000000,75.000000,75.000000,75.000000,76.000000,76.000000,76.000000,76.000000,76.000000,77.000000,77.000000,77.000000,78.000000,78.000000,78.000000,78.000000,78.000000,79.000000,80.000000;;0;4123
3624;31dd;3127;0;0;0000000000000080;        10s 631ms 557μs 759ns;334;-1;             23ms 729μs 115ns;80.000000;4.175000;0.000000;inf;4;1;Unfinished;1.000000,1.000000,1.000000,1.000000,2.000000,2.000000,2.000000,2.000000,2.000000,2.000000,2.000000,2.000000,2.000000,2.000000,2.000000,3.000000,4.000000,5.000000,6.000000,6.000000,6.000000,6.000000,6.000000,6.000000,6.000000,7.000000,7.000000,8.000000,8.000000,9.000000,9.000000,9.000000,9.000000,10.000000,11.000000,11.000000,11.000000,11.000000,11.000000,11.000000,11.000000,12.000000,12.000000,13.000000,13.000000,13.000000,13.000000,13.000000,13.000000,13.000000,14.000000,14.000000,14.000000,15.000000,16.000000,16.000000,17.000000,17.000000,17.000000,17.000000,17.000000,17.000000,17.000000,18.000000,19.000000,19.000000,19.000000,20.000000,20.000000,20.000000,21.000000,21.000000,21.000000,22.000000,22.000000,22.000000,22.000000,22.000000,23.000000,23.000000,24.000000,24.000000,25.000000,25.000000,25.000000,25.000000,25.000000,25.000000,25.000000,25.000000,25.000000,25.000000,25.000000,25.000000,25.000000,25.000000,25.000000,25.000000,25.000000,25.000000,25.000000,25.000000,25.000000,25.000000,25.000000,25.000000,25.000000,26.000000,27.000000,28.000000,28.000000,28.000000,29.000000,29.000000,30.000000,30.000000,30.000000,30.000000,30.000000,30.000000,30.000000,30.000000,30.000000,30.000000,31.000000,31.000000,32.000000,32.000000,32.000000,32.000000,33.000000,33.000000,34.000000,34.000000,35.000000,35.000000,35.000000,35.000000,35.000000,35.000000,35.000000,35.000000,35.000000,35.000000,35.000000,35.000000,35.000000,36.000000,36.000000,36.000000,36.000000,36.000000,36.000000,36.000000,36.000000,36.000000,36.000000,36.000000,36.000000,36.000000,36.000000,36.000000,36.000000,36.000000,36.000000,36.000000,36.000000,36.000000,36.000000,36.000000,36.000000,36.000000,36.000000,36.000000,36.000000,36.000000,36.000000,36.000000,36.000000,36.000000,36.000000,37.000000,38.000000,38.000000,38.000000,38.000000,38.000000,38.000000,39.000000,40.000000,41.000000,42.000000,42.000000,42.000000,42.000000,42.000000,43.000000,44.000000,44.000000,45.000000,46.000000,46.000000,46.000000,46.000000,46.000000,46.000000,47.000000,47.000000,47.000000,47.000000,47.000000,47.000000,47.000000,47.000000,48.000000,48.000000,48.000000,48.000000,48.000000,49.000000,49.000000,50.000000,50.000000,50.000000,50.000000,50.000000,51.000000,52.000000,52.000000,53.000000,54.000000,55.000000,55.000000,56.000000,57.000000,57.000000,57.000000,57.000000,57.000000,57.000000,57.000000,57.000000,57.000000,57.000000,57.000000,57.000000,57.000000,57.000000,57.000000,57.000000,57.000000,57.000000,57.000000,57.000000,57.000000,57.000000,57.000000,57.000000,57.000000,57.000000,57.000000,57.000000,57.000000,58.000000,58.000000,58.000000,59.000000,60.000000,60.000000,60.000000,61.000000,61.000000,61.000000,61.000000,61.000000,61.000000,61.000000,61.000000,61.000000,62.000000,63.000000,64.000000,64.000000,64.000000,64.000000,64.000000,64.000000,64.000000,64.000000,64.000000,64.000000,65.000000,65.000000,66.000000,67.000000,68.000000,69.000000,69.000000,69.000000,69.000000,69.000000,70.000000,70.000000,70.000000,71.000000,71.000000,72.000000,72.000000,72.000000,73.000000,73.000000,73.000000,74.000000,74.000000,74.000000,75.000000,75.000000,75.000000,76.000000,76.000000,76.000000,76.000000,76.000000,77.000000,77.000000,78.000000,78.000000,78.000000,78.000000,79.000000,79.000000,79.000000,80.000000,80.000000;;0;4143
3621;31dd;3127;0;0;0000000000000080;        10s 631ms 435μs 567ns;334;-1;             23ms 712μs 514ns;80.000000;4.175000;0.000000;inf;4;1;Unfinished;1.000000,1.000000,1.000000,1.000000,2.000000,2.000000,2.000000,2.000000,2.000000,2.000000,2.000000,2.000000,2.000000,2.000000,2.000000,3.000000,4.000000,5.000000,6.000000,6.000000,6.000000,6.000000,6.000000,6.000000,6.000000,7.000000,7.000000,8.000000,8.000000,9.000000,9.000000,9.000000,9.000000,10.000000,11.000000,11.000000,11.000000,11.000000,11.000000,11.000000,11.000000,12.000000,12.000000,13.000000,13.000000,13.000000,13.000000,13.000000,13.000000,13.000000,14.000000,14.000000,14.000000,15.000000,16.000000,16.000000,17.000000,17.000000,17.000000,17.000000,17.000000,17.000000,17.000000,18.000000,19.000000,19.000000,19.000000,20.000000,20.000000,20.000000,21.000000,21.000000,21.000000,22.000000,22.000000,22.000000,22.000000,22.000000,23.000000,23.000000,24.000000,24.000000,25.000000,25.000000,25.000000,25.000000,25.000000,25.000000,25.000000,25.000000,25.000000,25.000000,25.000000,25.000000,25.000000,25.000000,25.000000,25.000000,25.000000,25.000000,25.000000,25.000000,25.000000,25.000000,25.000000,25.000000,25.000000,26.000000,27.000000,28.000000,28.000000,28.000000,29.000000,29.000000,30.000000,30.000000,30.000000,30.000000,30.000000,30.000000,30.000000,30.000000,30.000000,30.000000,31.000000,31.000000,32.000000,32.000000,32.000000,32.000000,33.000000,33.000000,34.000000,34.000000,35.000000,35.000000,35.000000,35.000000,35.000000,35.000000,35.000000,35.000000,35.000000,35.000000,35.000000,35.000000,35.000000,36.000000,36.000000,36.000000,36.000000,36.000000,36.000000,36.000000,36.000000,36.000000,36.000000,36.000000,36.000000,36.000000,36.000000,36.000000,36.000000,36.000000,36.000000,36.000000,36.000000,36.000000,36.000000,36.000000,36.000000,36.000000,36.000000,36.000000,36.000000,36.000000,36.000000,36.000000,36.000000,36.000000,36.000000,37.000000,38.000000,38.000000,38.000000,38.000000,38.000000,38.000000,39.000000,40.000000,41.000000,42.000000,42.000000,42.000000,42.000000,42.000000,43.000000,44.000000,44.000000,45.000000,46.000000,46.000000,46.000000,46.000000,46.000000,46.000000,47.000000,47.000000,47.000000,47.000000,47.000000,47.000000,47.000000,47.000000,48.000000,48.000000,48.000000,48.000000,48.000000,49.000000,49.000000,50.000000,50.000000,50.000000,50.000000,50.000000,51.000000,52.000000,52.000000,53.000000,54.000000,55.000000,55.000000,56.000000,57.000000,57.000000,57.000000,57.000000,57.000000,57.000000,57.000000,57.000000,57.000000,57.000000,57.000000,57.000000,57.000000,57.000000,57.000000,57.000000,57.000000,57.000000,57.000000,57.000000,57.000000,57.000000,57.000000,57.000000,57.000000,57.000000,57.000000,57.000000,57.000000,58.000000,58.000000,58.000000,59.000000,60.000000,60.000000,60.000000,61.000000,61.000000,61.000000,61.000000,61.000000,61.000000,61.000000,61.000000,61.000000,62.000000,63.000000,64.000000,64.000000,64.000000,64.000000,64.000000,64.000000,64.000000,64.000000,64.000000,64.000000,65.000000,65.000000,66.000000,67.000000,68.000000,69.000000,69.000000,69.000000,69.000000,69.000000,70.000000,70.000000,70.000000,71.000000,71.000000,72.000000,72.000000,72.000000,73.000000,73.000000,73.000000,74.000000,74.000000,74.000000,75.000000,75.000000,75.000000,76.000000,76.000000,76.000000,76.000000,76.000000,77.000000,77.000000,78.000000,78.000000,78.000000,78.000000,78.000000,78.000000,78.000000,78.000000,79.000000,80.000000;;0;4144
2b305;3321;3127;0;0;0000000000000080;        59s 421ms  46μs 534ns;335;-1;             19ms 754μs 414ns;80.000000;4.187500;0.000000;inf;4;1;Unfinished;1.000000,1.000000,1.000000,1.000000,2.000000,2.000000,2.000000,2.000000,2.000000,2.000000,2.000000,2.000000,2.000000,2.000000,2.000000,3.000000,4.000000,5.000000,6.000000,6.000000,6.000000,6.000000,6.000000,6.000000,6.000000,7.000000,7.000000,8.000000,8.000000,9.000000,9.000000,9.000000,9.000000,10.000000,11.000000,11.000000,11.000000,11.000000,11.000000,11.000000,11.000000,12.000000,12.000000,13.000000,13.000000,13.000000,13.000000,13.000000,13.000000,13.000000,14.000000,14.000000,14.000000,15.000000,16.000000,16.000000,17.000000,17.000000,17.000000,17.000000,17.000000,17.000000,17.000000,18.000000,19.000000,19.000000,19.000000,20.000000,20.000000,20.000000,21.000000,21.000000,21.000000,22.000000,22.000000,22.000000,22.000000,22.000000,23.000000,23.000000,24.000000,24.000000,25.000000,25.000000,25.000000,25.000000,25.000000,25.000000,25.000000,25.000000,25.000000,25.000000,25.000000,25.000000,25.000000,25.000000,25.000000,25.000000,25.000000,25.000000,25.000000,25.000000,25.000000,25.000000,25.000000,25.000000,25.000000,26.000000,27.000000,28.000000,28.000000,28.000000,29.000000,29.000000,30.000000,30.000000,30.000000,30.000000,30.000000,30.000000,30.000000,30.000000,30.000000,30.000000,31.000000,31.000000,32.000000,32.000000,32.000000,32.000000,33.000000,33.000000,34.000000,34.000000,35.000000,35.000000,35.000000,35.000000,35.000000,35.000000,35.000000,35.000000,35.000000,35.000000,35.000000,35.000000,35.000000,36.000000,36.000000,36.000000,36.000000,36.000000,36.000000,36.000000,36.000000,36.000000,36.000000,36.000000,36.000000,36.000000,36.000000,36.000000,36.000000,36.000000,36.000000,36.000000,36.000000,36.000000,36.000000,36.000000,36.000000,36.000000,36.000000,36.000000,36.000000,36.000000,36.000000,36.000000,36.000000,36.000000,36.000000,37.000000,38.000000,38.000000,38.000000,38.000000,38.000000,38.000000,39.000000,40.000000,41.000000,42.000000,42.000000,42.000000,42.000000,42.000000,43.000000,44.000000,44.000000,45.000000,46.000000,46.000000,46.000000,46.000000,46.000000,46.000000,47.000000,47.000000,47.000000,47.000000,47.000000,47.000000,47.000000,47.000000,48.000000,48.000000,48.000000,48.000000,48.000000,49.000000,49.000000,50.000000,50.000000,50.000000,50.000000,50.000000,51.000000,52.000000,52.000000,53.000000,54.000000,55.000000,55.000000,56.000000,57.000000,57.000000,57.000000,57.000000,57.000000,57.000000,57.000000,57.000000,57.000000,57.000000,57.000000,57.000000,57.000000,57.000000,57.000000,57.000000,57.000000,57.000000,57.000000,57.000000,57.000000,57.000000,57.000000,57.000000,57.000000,57.000000,57.000000,57.000000,57.000000,58.000000,58.000000,58.000000,59.000000,60.000000,60.000000,60.000000,61.000000,61.000000,61.000000,61.000000,61.000000,61.000000,61.000000,61.000000,61.000000,62.000000,63.000000,64.000000,64.000000,64.000000,64.000000,64.000000,64.000000,64.000000,64.000000,64.000000,64.000000,65.000000,65.000000,66.000000,67.000000,68.000000,69.000000,69.000000,69.000000,69.000000,69.000000,70.000000,70.000000,70.000000,71.000000,71.000000,72.000000,72.000000,72.000000,73.000000,73.000000,73.000000,74.000000,75.000000,75.000000,76.000000,76.000000,77.000000,77.000000,78.000000,78.000000,78.000000,78.000000,79.000000,79.000000,79.000000,79.000000,79.000000,80.000000;;0;31853
2b313;3321;3127;0;0;0000000000000080;        59s 458ms 433μs 894ns;336;-1;             22ms 407μs 192ns;80.000000;4.200000;0.000000;inf;4;1;Unfinished;1.000000,1.000000,1.000000,1.000000,2.000000,2.000000,2.000000,2.000000,2.000000,2.000000,2.000000,2.000000,2.000000,2.000000,2.000000,3.000000,4.000000,5.000000,6.000000,6.000000,6.000000,6.000000,6.000000,6.000000,6.000000,7.000000,7.000000,8.000000,8.000000,9.000000,9.000000,9.000000,9.000000,10.000000,11.000000,11.000000,11.000000,11.000000,11.000000,11.000000,11.000000,12.000000,12.000000,13.000000,13.000000,13.000000,13.000000,13.000000,13.000000,13.000000,14.000000,14.000000,14.000000,15.000000,16.000000,16.000000,17.000000,17.000000,17.000000,17.000000,17.000000,17.000000,17.000000,18.000000,19.000000,19.000000,19.000000,20.000000,20.000000,20.000000,21.000000,21.000000,21.000000,22.000000,22.000000,22.000000,22.000000,22.000000,23.000000,23.000000,24.000000,24.000000,25.000000,25.000000,25.000000,25.000000,25.000000,25.000000,25.000000,25.000000,25.000000,25.000000,25.000000,25.000000,25.000000,25.000000,25.000000,25.000000,25.000000,25.000000,25.000000,25.000000,25.000000,25.000000,25.000000,25.000000,25.000000,26.000000,27.000000,28.000000,28.000000,28.000000,29.000000,29.000000,30.000000,30.000000,30.000000,30.000000,30.000000,30.000000,30.000000,30.000000,30.000000,30.000000,31.000000,31.000000,32.000000,32.000000,32.000000,32.000000,33.000000,33.000000,34.000000,34.000000,35.000000,35.000000,35.000000,35.000000,35.000000,35.000000,35.000000,35.000000,35.000000,35.000000,35.000000,35.000000,35.000000,36.000000,36.000000,36.000000,36.000000,36.000000,36.000000,36.000000,36.000000,36.000000,36.000000,36.000000,36.000000,36.000000,36.000000,36.000000,36.000000,36.000000,36.000000,36.000000,36.000000,36.000000,36.000000,36.000000,36.000000,36.000000,36.000000,36.000000,36.000000,36.000000,36.000000,36.000000,36.000000,36.000000,36.000000,37.000000,38.000000,38.000000,38.000000,38.000000,38.000000,38.000000,39.000000,40.000000,41.000000,42.000000,42.000000,42.000000,42.000000,42.000000,43.000000,44.000000,44.000000,45.000000,46.000000,46.000000,46.000000,46.000000,46.000000,46.000000,47.000000,47.000000,47.000000,47.000000,47.000000,47.000000,47.000000,47.000000,48.000000,48.000000,48.000000,48.000000,48.000000,49.000000,49.000000,50.000000,50.000000,50.000000,50.000000,50.000000,51.000000,52.000000,52.000000,53.000000,54.000000,55.000000,55.000000,56.000000,57.000000,57.000000,57.000000,57.000000,57.000000,57.000000,57.000000,57.000000,57.000000,57.000000,57.000000,57.000000,57.000000,57.000000,57.000000,57.000000,57.000000,57.000000,57.000000,57.000000,57.000000,57.000000,57.000000,57.000000,57.000000,57.000000,57.000000,57.000000,57.000000,58.000000,58.000000,58.000000,59.000000,60.000000,60.000000,60.000000,61.000000,61.000000,61.000000,61.000000,61.000000,61.000000,61.000000,61.000000,61.000000,62.000000,63.000000,64.000000,64.000000,64.000000,64.000000,64.000000,64.000000,64.000000,64.000000,64.000000,64.000000,65.000000,65.000000,66.000000,67.000000,68.000000,69.000000,69.000000,69.000000,69.000000,69.000000,70.000000,70.000000,70.000000,71.000000,71.000000,72.000000,72.000000,72.000000,73.000000,73.000000,73.000000,74.000000,75.000000,75.000000,76.000000,76.000000,77.000000,77.000000,77.000000,77.000000,77.000000,78.000000,78.000000,78.000000,79.000000,79.000000,79.000000,79.000000,80.000000;;0;31880
2b0f2;3321;3127;0;0;0000000000000080;        59s 185ms 748μs 350ns;341;-1;             23ms 463μs 250ns;80.000000;4.262500;0.000000;inf;4;1;Unfinished;1.000000,1.000000,1.000000,1.000000,2.000000,2.000000,2.000000,2.000000,2.000000,2.000000,2.000000,2.000000,2.000000,2.000000,2.000000,3.000000,4.000000,5.000000,6.000000,6.000000,6.000000,6.000000,6.000000,6.000000,6.000000,7.000000,7.000000,8.000000,8.000000,9.000000,9.000000,9.000000,9.000000,10.000000,11.000000,11.000000,11.000000,11.000000,11.000000,11.000000,11.000000,12.000000,12.000000,13.000000,13.000000,13.000000,13.000000,13.000000,13.000000,13.000000,14.000000,14.000000,14.000000,15.000000,16.000000,16.000000,17.000000,17.000000,17.000000,17.000000,17.000000,17.000000,17.000000,18.000000,19.000000,19.000000,19.000000,20.000000,20.000000,20.000000,21.000000,21.000000,21.000000,22.000000,22.000000,22.000000,22.000000,22.000000,23.000000,23.000000,24.000000,24.000000,25.000000,25.000000,25.000000,25.000000,25.000000,25.000000,25.000000,25.000000,25.000000,25.000000,25.000000,25.000000,25.000000,25.000000,25.000000,25.000000,25.000000,25.000000,25.000000,25.000000,25.000000,25.000000,25.000000,25.000000,25.000000,26.000000,27.000000,28.000000,28.000000,28.000000,29.000000,29.000000,30.000000,30.000000,30.000000,30.000000,30.000000,30.000000,30.000000,30.000000,30.000000,30.000000,31.000000,31.000000,32.000000,32.000000,32.000000,32.000000,33.000000,33.000000,34.000000,34.000000,35.000000,35.000000,35.000000,35.000000,35.000000,35.000000,35.000000,35.000000,35.000000,35.000000,35.000000,35.000000,35.000000,36.000000,36.000000,36.000000,36.000000,36.000000,36.000000,36.000000,36.000000,36.000000,36.000000,36.000000,36.000000,36.000000,36.000000,36.000000,36.000000,36.000000,36.000000,36.000000,36.000000,36.000000,36.000000,36.000000,36.000000,36.000000,36.000000,36.000000,36.000000,36.000000,36.000000,36.000000,36.000000,36.000000,36.000000,37.000000,38.000000,38.000000,38.000000,38.000000,38.000000,38.000000,39.000000,40.000000,41.000000,42.000000,42.000000,42.000000,42.000000,42.000000,43.000000,44.000000,44.000000,45.000000,46.000000,46.000000,46.000000,46.000000,46.000000,46.000000,47.000000,47.000000,47.000000,47.000000,47.000000,47.000000,47.000000,47.000000,48.000000,48.000000,48.000000,48.000000,48.000000,49.000000,49.000000,50.000000,50.000000,50.000000,50.000000,50.000000,51.000000,52.000000,52.000000,53.000000,54.000000,55.000000,55.000000,56.000000,57.000000,57.000000,57.000000,57.000000,57.000000,57.000000,57.000000,57.000000,57.000000,57.000000,57.000000,57.000000,57.000000,57.000000,57.000000,57.000000,57.000000,57.000000,57.000000,57.000000,57.000000,57.000000,57.000000,57.000000,57.000000,57.000000,57.000000,57.000000,57.000000,58.000000,58.000000,58.000000,59.000000,60.000000,60.000000,60.000000,61.000000,61.000000,61.000000,61.000000,61.000000,61.000000,61.000000,61.000000,61.000000,62.000000,63.000000,64.000000,64.000000,64.000000,64.000000,64.000000,64.000000,64.000000,64.000000,64.000000,64.000000,65.000000,65.000000,66.000000,67.000000,68.000000,69.000000,69.000000,69.000000,69.000000,69.000000,70.000000,70.000000,70.000000,71.000000,71.000000,72.000000,72.000000,72.000000,73.000000,73.000000,73.000000,74.000000,75.000000,75.000000,76.000000,76.000000,76.000000,76.000000,76.000000,77.000000,77.000000,78.000000,78.000000,78.000000,78.000000,78.000000,78.000000,78.000000,78.000000,79.000000,79.000000,79.000000,79.000000,80.000000;;0;31722
2ac8b;3321;3127;0;0;0000000000000080;        58s 793ms 991μs 217ns;344;-1;             17ms 663μs 526ns;80.000000;4.300000;0.000000;inf;4;1;Unfinished;1.000000,1.000000,1.000000,1.000000,2.000000,2.000000,2.000000,2.000000,2.000000,2.000000,2.000000,2.000000,2.000000,2.000000,2.000000,3.000000,4.000000,5.000000,6.000000,6.000000,6.000000,6.000000,6.000000,6.000000,6.000000,7.000000,7.000000,8.000000,8.000000,9.000000,9.000000,9.000000,9.000000,10.000000,11.000000,11.000000,11.000000,11.000000,11.000000,11.000000,11.000000,12.000000,12.000000,13.000000,13.000000,13.000000,13.000000,13.000000,13.000000,13.000000,14.000000,14.000000,14.000000,15.000000,16.000000,16.000000,17.000000,17.000000,17.000000,17.000000,17.000000,17.000000,17.000000,18.000000,19.000000,19.000000,19.000000,20.000000,20.000000,20.000000,21.000000,21.000000,21.000000,22.000000,22.000000,22.000000,22.000000,22.000000,23.000000,23.000000,24.000000,24.000000,25.000000,25.000000,25.000000,25.000000,25.000000,25.000000,25.000000,25.000000,25.000000,25.000000,25.000000,25.000000,25.000000,25.000000,25.000000,25.000000,25.000000,25.000000,25.000000,25.000000,25.000000,25.000000,25.000000,25.000000,25.000000,26.000000,27.000000,28.000000,28.000000,28.000000,29.000000,29.000000,30.000000,30.000000,30.000000,30.000000,30.000000,30.000000,30.000000,30.000000,30.000000,30.000000,31.000000,31.000000,32.000000,32.000000,32.000000,32.000000,33.000000,33.000000,34.000000,34.000000,35.000000,35.000000,35.000000,35.000000,35.000000,35.000000,35.000000,35.000000,35.000000,35.000000,35.000000,35.000000,35.000000,36.000000,36.000000,36.000000,36.000000,36.000000,36.000000,36.000000,36.000000,36.000000,36.000000,36.000000,36.000000,36.000000,36.000000,36.000000,36.000000,36.000000,36.000000,36.000000,36.000000,36.000000,36.000000,36.000000,36.000000,36.000000,36.000000,36.000000,36.000000,36.000000,36.000000,36.000000,36.000000,36.000000,36.000000,37.000000,38.000000,38.000000,38.000000,38.000000,38.000000,38.000000,39.000000,40.000000,41.000000,42.000000,42.000000,42.000000,42.000000,42.000000,43.000000,44.000000,44.000000,45.000000,46.000000,46.000000,46.000000,46.000000,46.000000,46.000000,47.000000,47.000000,47.000000,47.000000,47.000000,47.000000,47.000000,47.000000,48.000000,48.000000,48.000000,48.000000,48.000000,49.000000,49.000000,50.000000,50.000000,50.000000,50.000000,50.000000,51.000000,52.000000,52.000000,53.000000,54.000000,55.000000,55.000000,56.000000,57.000000,57.000000,57.000000,57.000000,57.000000,57.000000,57.000000,57.000000,57.000000,57.000000,57.000000,57.000000,57.000000,57.000000,57.000000,57.000000,57.000000,57.000000,57.000000,57.000000,57.000000,57.000000,57.000000,57.000000,57.000000,57.000000,57.000000,57.000000,57.000000,58.000000,58.000000,58.000000,59.000000,60.000000,60.000000,60.000000,61.000000,61.000000,61.000000,61.000000,61.000000,61.000000,61.000000,61.000000,61.000000,62.000000,63.000000,64.000000,64.000000,64.000000,64.000000,64.000000,64.000000,64.000000,64.000000,64.000000,64.000000,65.000000,65.000000,66.000000,67.000000,68.000000,69.000000,69.000000,69.000000,69.000000,69.000000,70.000000,70.000000,70.000000,71.000000,71.000000,72.000000,72.000000,72.000000,73.000000,73.000000,73.000000,74.000000,74.000000,74.000000,75.000000,75.000000,76.000000,76.000000,77.000000,77.000000,77.000000,77.000000,77.000000,77.000000,78.000000,78.000000,78.000000,78.000000,78.000000,78.000000,78.000000,78.000000,79.000000,79.000000,79.000000,79.000000,80.000000;;0;31555
2ac82;3321;3127;0;0;0000000000000080;        58s 793ms 441μs 563ns;344;-1;             22ms 716μs 469ns;80.000000;4.300000;0.000000;inf;4;1;Unfinished;1.000000,1.000000,1.000000,1.000000,2.000000,2.000000,2.000000,2.000000,2.000000,2.000000,2.000000,2.000000,2.000000,2.000000,2.000000,3.000000,4.000000,5.000000,6.000000,6.000000,6.000000,6.000000,6.000000,6.000000,6.000000,7.000000,7.000000,8.000000,8.000000,9.000000,9.000000,9.000000,9.000000,10.000000,11.000000,11.000000,11.000000,11.000000,11.000000,11.000000,11.000000,12.000000,12.000000,13.000000,13.000000,13.000000,13.000000,13.000000,13.000000,13.000000,14.000000,14.000000,14.000000,15.000000,16.000000,16.000000,17.000000,17.000000,17.000000,17.000000,17.000000,17.000000,17.000000,18.000000,19.000000,19.000000,19.000000,20.000000,20.000000,20.000000,21.000000,21.000000,21.000000,22.000000,22.000000,22.000000,22.000000,22.000000,23.000000,23.000000,24.000000,24.000000,25.000000,25.000000,25.000000,25.000000,25.000000,25.000000,25.000000,25.000000,25.000000,25.000000,25.000000,25.000000,25.000000,25.000000,25.000000,25.000000,25.000000,25.000000,25.000000,25.000000,25.000000,25.000000,25.000000,25.000000,25.000000,26.000000,27.000000,28.000000,28.000000,28.000000,29.000000,29.000000,30.000000,30.000000,30.000000,30.000000,30.000000,30.000000,30.000000,30.000000,30.000000,30.000000,31.000000,31.000000,32.000000,32.000000,32.000000,32.000000,33.000000,33.000000,34.000000,34.000000,35.000000,35.000000,35.000000,35.000000,35.000000,35.000000,35.000000,35.000000,35.000000,35.000000,35.000000,35.000000,35.000000,36.000000,36.000000,36.000000,36.000000,36.000000,36.000000,36.000000,36.000000,36.000000,36.000000,36.000000,36.000000,36.000000,36.000000,36.000000,36.000000,36.000000,36.000000,36.000000,36.000000,36.000000,36.000000,36.000000,36.000000,36.000000,36.000000,36.000000,36.000000,36.000000,36.000000,36.000000,36.000000,36.000000,36.000000,37.000000,38.000000,38.000000,38.000000,38.000000,38.000000,38.000000,39.000000,40.000000,41.000000,42.000000,42.000000,42.000000,42.000000,42.000000,43.000000,44.000000,44.000000,45.000000,46.000000,46.000000,46.000000,46.000000,46.000000,46.000000,47.000000,47.000000,47.000000,47.000000,47.000000,47.000000,47.000000,47.000000,48.000000,48.000000,48.000000,48.000000,48.000000,49.000000,49.000000,50.000000,50.000000,50.000000,50.000000,50.000000,51.000000,52.000000,52.000000,53.000000,54.000000,55.000000,55.000000,56.000000,57.000000,57.000000,57.000000,57.000000,57.000000,57.000000,57.000000,57.000000,57.000000,57.000000,57.000000,57.000000,57.000000,57.000000,57.000000,57.000000,57.000000,57.000000,57.000000,57.000000,57.000000,57.000000,57.000000,57.000000,57.000000,57.000000,57.000000,57.000000,57.000000,58.000000,58.000000,58.000000,59.000000,60.000000,60.000000,60.000000,61.000000,61.000000,61.000000,61.000000,61.000000,61.000000,61.000000,61.000000,61.000000,62.000000,63.000000,64.000000,64.000000,64.000000,64.000000,64.000000,64.000000,64.000000,64.000000,64.000000,64.000000,65.000000,65.000000,66.000000,67.000000,68.000000,69.000000,69.000000,69.000000,69.000000,69.000000,70.000000,70.000000,70.000000,71.000000,71.000000,72.000000,72.000000,72.000000,73.000000,73.000000,73.000000,74.000000,74.000000,74.000000,75.000000,75.000000,76.000000,76.000000,77.000000,77.000000,77.000000,77.000000,77.000000,77.000000,78.000000,78.000000,78.000000,78.000000,78.000000,78.000000,78.000000,78.000000,79.000000,79.000000,79.000000,79.000000,80.000000;;0;31556
71f26;42649;3127;0;0;4000000000000080;     2m 23s 697ms 610μs 352ns;351;-1;             25ms 749μs 614ns;80.000000;4.387500;0.000000;inf;4;1;Unfinished;1.000000,1.000000,1.000000,1.000000,2.000000,2.000000,2.000000,2.000000,2.000000,2.000000,2.000000,2.000000,2.000000,2.000000,2.000000,3.000000,4.000000,5.000000,6.000000,6.000000,6.000000,6.000000,6.000000,6.000000,6.000000,7.000000,7.000000,8.000000,8.000000,9.000000,9.000000,9.000000,9.000000,10.000000,11.000000,11.000000,11.000000,11.000000,11.000000,11.000000,11.000000,12.000000,12.000000,13.000000,13.000000,13.000000,13.000000,13.000000,13.000000,13.000000,14.000000,14.000000,14.000000,15.000000,16.000000,16.000000,17.000000,17.000000,17.000000,17.000000,17.000000,17.000000,17.000000,18.000000,19.000000,19.000000,19.000000,20.000000,20.000000,20.000000,21.000000,21.000000,21.000000,22.000000,22.000000,22.000000,22.000000,22.000000,23.000000,23.000000,24.000000,24.000000,25.000000,25.000000,25.000000,25.000000,25.000000,25.000000,25.000000,25.000000,25.000000,25.000000,25.000000,25.000000,25.000000,25.000000,25.000000,25.000000,25.000000,25.000000,25.000000,25.000000,25.000000,25.000000,25.000000,25.000000,25.000000,26.000000,27.000000,28.000000,28.000000,28.000000,29.000000,29.000000,30.000000,30.000000,30.000000,30.000000,30.000000,30.000000,30.000000,30.000000,30.000000,30.000000,31.000000,31.000000,32.000000,32.000000,32.000000,32.000000,33.000000,33.000000,34.000000,34.000000,35.000000,35.000000,35.000000,35.000000,35.000000,35.000000,35.000000,35.000000,35.000000,35.000000,35.000000,35.000000,35.000000,36.000000,36.000000,36.000000,36.000000,36.000000,36.000000,36.000000,36.000000,36.000000,36.000000,36.000000,36.000000,36.000000,36.000000,36.000000,36.000000,36.000000,36.000000,36.000000,36.000000,36.000000,36.000000,36.000000,36.000000,36.000000,36.000000,36.000000,36.000000,36.000000,36.000000,36.000000,36.000000,36.000000,36.000000,37.000000,38.000000,38.000000,38.000000,38.000000,38.000000,38.000000,39.000000,40.000000,41.000000,42.000000,42.000000,42.000000,42.000000,42.000000,43.000000,44.000000,44.000000,45.000000,46.000000,46.000000,46.000000,46.000000,46.000000,46.000000,47.000000,47.000000,47.000000,47.000000,47.000000,47.000000,47.000000,47.000000,48.000000,48.000000,48.000000,48.000000,48.000000,49.000000,49.000000,50.000000,50.000000,50.000000,50.000000,50.000000,51.000000,52.000000,52.000000,53.000000,54.000000,55.000000,55.000000,56.000000,57.000000,57.000000,57.000000,57.000000,57.000000,57.000000,57.000000,57.000000,57.000000,57.000000,57.000000,57.000000,57.000000,57.000000,57.000000,57.000000,57.000000,57.000000,57.000000,57.000000,57.000000,57.000000,57.000000,57.000000,57.000000,57.000000,57.000000,57.000000,57.000000,58.000000,58.000000,58.000000,59.000000,60.000000,60.000000,60.000000,61.000000,61.000000,61.000000,61.000000,61.000000,61.000000,61.000000,61.000000,61.000000,62.000000,63.000000,64.000000,64.000000,64.000000,64.000000,64.000000,64.000000,64.000000,64.000000,64.000000,64.000000,65.000000,65.000000,66.000000,67.000000,68.000000,69.000000,69.000000,69.000000,69.000000,69.000000,70.000000,70.000000,70.000000,71.000000,71.000000,72.000000,72.000000,72.000000,73.000000,73.000000,73.000000,74.000000,74.000000,74.000000,75.000000,76.000000,76.000000,76.000000,77.000000,77.000000,77.000000,77.000000,78.000000,78.000000,78.000000,78.000000,78.000000,78.000000,78.000000,78.000000,78.000000,79.000000,79.000000,79.000000,79.000000,79.000000,79.000000,79.000000,79.000000,79.000000,79.000000,79.000000,79.000000,79.000000,79.000000,79.000000,80.000000,80.000000,80.000000,80.000000;;0;80854
3e8726;2ecba;3127;0;0;4000000000000080;    25m 29s 903ms 518μs 982ns;363;-1;             24ms 542μs 271ns;80.000000;4.537500;0.000000;inf;4;1;Unfinished;1.000000,1.000000,1.000000,1.000000,2.000000,2.000000,2.000000,2.000000,2.000000,2.000000,2.000000,2.000000,2.000000,2.000000,2.000000,3.000000,4.000000,5.000000,6.000000,6.000000,6.000000,6.000000,6.000000,6.000000,6.000000,7.000000,7.000000,8.000000,8.000000,9.000000,9.000000,9.000000,9.000000,10.000000,11.000000,11.000000,11.000000,11.000000,11.000000,11.000000,11.000000,12.000000,12.000000,13.000000,13.000000,13.000000,13.000000,13.000000,13.000000,13.000000,14.000000,14.000000,14.000000,15.000000,16.000000,16.000000,17.000000,17.000000,17.000000,17.000000,17.000000,17.000000,17.000000,18.000000,19.000000,19.000000,19.000000,20.000000,20.000000,20.000000,21.000000,21.000000,21.000000,22.000000,22.000000,22.000000,22.000000,22.000000,23.000000,23.000000,24.000000,24.000000,25.000000,25.000000,25.000000,25.000000,25.000000,25.000000,25.000000,25.000000,25.000000,25.000000,25.000000,25.000000,25.000000,25.000000,25.000000,25.000000,25.000000,25.000000,25.000000,25.000000,25.000000,25.000000,25.000000,25.000000,25.000000,26.000000,27.000000,28.000000,28.000000,28.000000,29.000000,29.000000,30.000000,30.000000,30.000000,30.000000,30.000000,30.000000,30.000000,30.000000,30.000000,30.000000,31.000000,31.000000,32.000000,32.000000,32.000000,32.000000,33.000000,33.000000,34.000000,34.000000,35.000000,35.000000,35.000000,35.000000,35.000000,35.000000,35.000000,35.000000,35.000000,35.000000,35.000000,35.000000,35.000000,36.000000,36.000000,36.000000,36.000000,36.000000,36.000000,36.000000,36.000000,36.000000,36.000000,36.000000,36.000000,36.000000,36.000000,36.000000,36.000000,36.000000,36.000000,36.000000,36.000000,36.000000,36.000000,36.000000,36.000000,36.000000,36.000000,36.000000,36.000000,36.000000,36.000000,36.000000,36.000000,36.000000,36.000000,37.000000,38.000000,38.000000,38.000000,38.000000,38.000000,38.000000,39.000000,40.000000,41.000000,42.000000,42.000000,42.000000,42.000000,42.000000,43.000000,44.000000,44.000000,45.000000,46.000000,46.000000,46.000000,46.000000,46.000000,46.000000,47.000000,47.000000,47.000000,47.000000,47.000000,47.000000,47.000000,47.000000,48.000000,48.000000,48.000000,48.000000,48.000000,49.000000,49.000000,50.000000,50.000000,50.000000,50.000000,50.000000,51.000000,52.000000,52.000000,53.000000,54.000000,55.000000,55.000000,56.000000,57.000000,57.000000,57.000000,57.000000,57.000000,57.000000,57.000000,57.000000,57.000000,57.000000,57.000000,57.000000,57.000000,57.000000,57.000000,57.000000,57.000000,57.000000,57.000000,57.000000,57.000000,57.000000,57.000000,57.000000,57.000000,57.000000,57.000000,57.000000,57.000000,58.000000,58.000000,58.000000,59.000000,60.000000,60.000000,60.000000,61.000000,61.000000,61.000000,61.000000,61.000000,61.000000,61.000000,61.000000,61.000000,62.000000,63.000000,64.000000,64.000000,64.000000,64.000000,64.000000,64.000000,64.000000,64.000000,64.000000,64.000000,65.000000,65.000000,66.000000,67.000000,68.000000,69.000000,69.000000,69.000000,69.000000,69.000000,70.000000,70.000000,70.000000,71.000000,71.000000,72.000000,72.000000,72.000000,73.000000,73.000000,73.000000,74.000000,74.000000,74.000000,75.000000,75.000000,75.000000,75.000000,75.000000,75.000000,76.000000,76.000000,77.000000,78.000000,78.000000,78.000000,78.000000,78.000000,78.000000,79.000000,79.000000,79.000000,79.000000,79.000000,79.000000,79.000000,79.000000,79.000000,79.000000,79.000000,79.000000,79.000000,79.000000,79.000000,79.000000,79.000000,79.000000,79.000000,79.000000,79.000000,79.000000,79.000000,79.000000,79.000000,79.000000,79.000000,79.000000,79.000000,79.000000,79.000000,79.000000,79.000000,80.000000;;0;1939166
3e8731;2ecba;3127;0;0;4000000000000080;    25m 29s 904ms 279μs 612ns;363;-1;             24ms 132μs 186ns;80.000000;4.537500;0.000000;inf;4;1;Unfinished;1.000000,1.000000,1.000000,1.000000,2.000000,2.000000,2.000000,2.000000,2.000000,2.000000,2.000000,2.000000,2.000000,2.000000,2.000000,3.000000,4.000000,5.000000,6.000000,6.000000,6.000000,6.000000,6.000000,6.000000,6.000000,7.000000,7.000000,8.000000,8.000000,9.000000,9.000000,9.000000,9.000000,10.000000,11.000000,11.000000,11.000000,11.000000,11.000000,11.000000,11.000000,12.000000,12.000000,13.000000,13.000000,13.000000,13.000000,13.000000,13.000000,13.000000,14.000000,14.000000,14.000000,15.000000,16.000000,16.000000,17.000000,17.000000,17.000000,17.000000,17.000000,17.000000,17.000000,18.000000,19.000000,19.000000,19.000000,20.000000,20.000000,20.000000,21.000000,21.000000,21.000000,22.000000,22.000000,22.000000,22.000000,22.000000,23.000000,23.000000,24.000000,24.000000,25.000000,25.000000,25.000000,25.000000,25.000000,25.000000,25.000000,25.000000,25.000000,25.000000,25.000000,25.000000,25.000000,25.000000,25.000000,25.000000,25.000000,25.000000,25.000000,25.000000,25.000000,25.000000,25.000000,25.000000,25.000000,26.000000,27.000000,28.000000,28.000000,28.000000,29.000000,29.000000,30.000000,30.000000,30.000000,30.000000,30.000000,30.000000,30.000000,30.000000,30.000000,30.000000,31.000000,31.000000,32.000000,32.000000,32.000000,32.000000,33.000000,33.000000,34.000000,34.000000,35.000000,35.000000,35.000000,35.000000,35.000000,35.000000,35.000000,35.000000,35.000000,35.000000,35.000000,35.000000,35.000000,36.000000,36.000000,36.000000,36.000000,36.000000,36.000000,36.000000,36.000000,36.000000,36.000000,36.000000,36.000000,36.000000,36.000000,36.000000,36.000000,36.000000,36.000000,36.000000,36.000000,36.000000,36.000000,36.000000,36.000000,36.000000,36.000000,36.000000,36.000000,36.000000,36.000000,36.000000,36.000000,36.000000,36.000000,37.000000,38.000000,38.000000,38.000000,38.000000,38.000000,38.000000,39.000000,40.000000,41.000000,42.000000,42.000000,42.000000,42.000000,42.000000,43.000000,44.000000,44.000000,45.000000,46.000000,46.000000,46.000000,46.000000,46.000000,46.000000,47.000000,47.000000,47.000000,47.000000,47.000000,47.000000,47.000000,47.000000,48.000000,48.000000,48.000000,48.000000,48.000000,49.000000,49.000000,50.000000,50.000000,50.000000,50.000000,50.000000,51.000000,52.000000,52.000000,53.000000,54.000000,55.000000,55.000000,56.000000,57.000000,57.000000,57.000000,57.000000,57.000000,57.000000,57.000000,57.000000,57.000000,57.000000,57.000000,57.000000,57.000000,57.000000,57.000000,57.000000,57.000000,57.000000,57.000000,57.000000,57.000000,57.000000,57.000000,57.000000,57.000000,57.000000,57.000000,57.000000,57.000000,58.000000,58.000000,58.000000,59.000000,60.000000,60.000000,60.000000,61.000000,61.000000,61.000000,61.000000,61.000000,61.000000,61.000000,61.000000,61.000000,62.000000,63.000000,64.000000,64.000000,64.000000,64.000000,64.000000,64.000000,64.000000,64.000000,64.000000,64.000000,65.000000,65.000000,66.000000,67.000000,68.000000,69.000000,69.000000,69.000000,69.000000,69.000000,70.000000,70.000000,70.000000,71.000000,71.000000,72.000000,72.000000,72.000000,73.000000,73.000000,73.000000,74.000000,74.000000,74.000000,75.000000,75.000000,75.000000,75.000000,75.000000,75.000000,76.000000,76.000000,77.000000,78.000000,78.000000,78.000000,78.000000,78.000000,78.000000,79.000000,79.000000,79.000000,79.000000,79.000000,79.000000,79.000000,79.000000,79.000000,79.000000,79.000000,79.000000,79.000000,79.000000,79.000000,79.000000,79.000000,79.000000,79.000000,79.000000,79.000000,79.000000,79.000000,79.000000,79.000000,79.000000,79.000000,79.000000,79.000000,79.000000,79.000000,79.000000,79.000000,80.000000;;0;1939218
71f1f;2a808;3127;0;0;4000000000000080;     2m 23s 697ms 465μs 522ns;365;-1;             29ms 334μs 984ns;80.000000;4.562500;0.000000;inf;4;1;Unfinished;1.000000,1.000000,1.000000,1.000000,2.000000,2.000000,2.000000,2.000000,2.000000,2.000000,2.000000,2.000000,2.000000,2.000000,2.000000,3.000000,4.000000,5.000000,6.000000,6.000000,6.000000,6.000000,6.000000,6.000000,6.000000,7.000000,7.000000,8.000000,8.000000,9.000000,9.000000,9.000000,9.000000,10.000000,11.000000,11.000000,11.000000,11.000000,11.000000,11.000000,11.000000,12.000000,12.000000,13.000000,13.000000,13.000000,13.000000,13.000000,13.000000,13.000000,14.000000,14.000000,14.000000,15.000000,16.000000,16.000000,17.000000,17.000000,17.000000,17.000000,17.000000,17.000000,17.000000,18.000000,19.000000,19.000000,19.000000,20.000000,20.000000,20.000000,21.000000,21.000000,21.000000,22.000000,22.000000,22.000000,22.000000,22.000000,23.000000,23.000000,24.000000,24.000000,25.000000,25.000000,25.000000,25.000000,25.000000,25.000000,25.000000,25.000000,25.000000,25.000000,25.000000,25.000000,25.000000,25.000000,25.000000,25.000000,25.000000,25.000000,25.000000,25.000000,25.000000,25.000000,25.000000,25.000000,25.000000,26.000000,27.000000,28.000000,28.000000,28.000000,29.000000,29.000000,30.000000,30.000000,30.000000,30.000000,30.000000,30.000000,30.000000,30.000000,30.000000,30.000000,31.000000,31.000000,32.000000,32.000000,32.000000,32.000000,33.000000,33.000000,34.000000,34.000000,35.000000,35.000000,35.000000,35.000000,35.000000,35.000000,35.000000,35.000000,35.000000,35.000000,35.000000,35.000000,35.000000,36.000000,36.000000,36.000000,36.000000,36.000000,36.000000,36.000000,36.000000,36.000000,36.000000,36.000000,36.000000,36.000000,36.000000,36.000000,36.000000,36.000000,36.000000,36.000000,36.000000,36.000000,36.000000,36.000000,36.000000,36.000000,36.000000,36.000000,36.000000,36.000000,36.000000,36.000000,36.000000,36.000000,36.000000,37.000000,38.000000,38.000000,38.000000,38.000000,38.000000,38.000000,39.000000,40.000000,41.000000,42.000000,42.000000,42.000000,42.000000,42.000000,43.000000,44.000000,44.000000,45.000000,46.000000,46.000000,46.000000,46.000000,46.000000,46.000000,47.000000,47.000000,47.000000,47.000000,47.000000,47.000000,47.000000,47.000000,48.000000,48.000000,48.000000,48.000000,48.000000,49.000000,49.000000,50.000000,50.000000,50.000000,50.000000,50.000000,51.000000,52.000000,52.000000,53.000000,54.000000,55.000000,55.000000,56.000000,57.000000,57.000000,57.000000,57.000000,57.000000,57.000000,57.000000,57.000000,57.000000,57.000000,57.000000,57.000000,57.000000,57.000000,57.000000,57.000000,57.000000,57.000000,57.000000,57.000000,57.000000,57.000000,57.000000,57.000000,57.000000,57.000000,57.000000,57.000000,57.000000,58.000000,58.000000,58.000000,59.000000,60.000000,60.000000,60.000000,61.000000,61.000000,61.000000,61.000000,61.000000,61.000000,61.000000,61.000000,61.000000,62.000000,63.000000,64.000000,64.000000,64.000000,64.000000,64.000000,64.000000,64.000000,64.000000,64.000000,64.000000,65.000000,65.000000,66.000000,67.000000,68.000000,69.000000,69.000000,69.000000,69.000000,69.000000,70.000000,70.000000,70.000000,71.000000,71.000000,72.000000,72.000000,72.000000,73.000000,73.000000,73.000000,74.000000,74.000000,74.000000,75.000000,75.000000,75.000000,75.000000,75.000000,75.000000,76.000000,77.000000,77.000000,77.000000,78.000000,79.000000,79.000000,80.000000,80.000000,80.000000,80.000000,80.000000,80.000000,80.000000,80.000000,80.000000,80.000000,80.000000,80.000000,80.000000,80.000000,80.000000,80.000000,80.000000,80.000000,80.000000,80.000000,80.000000,80.000000,80.000000,80.000000,80.000000,80.000000,80.000000,80.000000,80.000000,80.000000,80.000000,80.000000,80.000000,80.000000,80.000000,80.000000,80.000000;;0;80854
1e84e6;42649;3127;0;0;4000000000000080;    11m 58s 292ms 835μs 262ns;365;-1;             24ms 512μs 261ns;80.000000;4.562500;0.000000;inf;4;1;Unfinished;1.000000,1.000000,1.000000,1.000000,2.000000,2.000000,2.000000,2.000000,2.000000,2.000000,2.000000,2.000000,2.000000,2.000000,2.000000,3.000000,4.000000,5.000000,6.000000,6.000000,6.000000,6.000000,6.000000,6.000000,6.000000,7.000000,7.000000,8.000000,8.000000,9.000000,9.000000,9.000000,9.000000,10.000000,11.000000,11.000000,11.000000,11.000000,11.000000,11.000000,11.000000,12.000000,12.000000,13.000000,13.000000,13.000000,13.000000,13.000000,13.000000,13.000000,14.000000,14.000000,14.000000,15.000000,16.000000,16.000000,17.000000,17.000000,17.000000,17.000000,17.000000,17.000000,17.000000,18.000000,19.000000,19.000000,19.000000,20.000000,20.000000,20.000000,21.000000,21.000000,21.000000,22.000000,22.000000,22.000000,22.000000,22.000000,23.000000,23.000000,24.000000,24.000000,25.000000,25.000000,25.000000,25.000000,25.000000,25.000000,25.000000,25.000000,25.000000,25.000000,25.000000,25.000000,25.000000,25.000000,25.000000,25.000000,25.000000,25.000000,25.000000,25.000000,25.000000,25.000000,25.000000,25.000000,25.000000,26.000000,27.000000,28.000000,28.000000,28.000000,29.000000,29.000000,30.000000,30.000000,30.000000,30.000000,30.000000,30.000000,30.000000,30.000000,30.000000,30.000000,31.000000,31.000000,32.000000,32.000000,32.000000,32.000000,33.000000,33.000000,34.000000,34.000000,35.000000,35.000000,35.000000,35.000000,35.000000,35.000000,35.000000,35.000000,35.000000,35.000000,35.000000,35.000000,35.000000,36.000000,36.000000,36.000000,36.000000,36.000000,36.000000,36.000000,36.000000,36.000000,36.000000,36.000000,36.000000,36.000000,36.000000,36.000000,36.000000,36.000000,36.000000,36.000000,36.000000,36.000000,36.000000,36.000000,36.000000,36.000000,36.000000,36.000000,36.000000,36.000000,36.000000,36.000000,36.000000,36.000000,36.000000,37.000000,38.000000,38.000000,38.000000,38.000000,38.000000,38.000000,39.000000,40.000000,41.000000,42.000000,42.000000,42.000000,42.000000,42.000000,43.000000,44.000000,44.000000,45.000000,46.000000,46.000000,46.000000,46.000000,46.000000,46.000000,47.000000,47.000000,47.000000,47.000000,47.000000,47.000000,47.000000,47.000000,48.000000,48.000000,48.000000,48.000000,48.000000,49.000000,49.000000,50.000000,50.000000,50.000000,50.000000,50.000000,51.000000,52.000000,52.000000,53.000000,54.000000,55.000000,55.000000,56.000000,57.000000,57.000000,57.000000,57.000000,57.000000,57.000000,57.000000,57.000000,57.000000,57.000000,57.000000,57.000000,57.000000,57.000000,57.000000,57.000000,57.000000,57.000000,57.000000,57.000000,57.000000,57.000000,57.000000,57.000000,57.000000,57.000000,57.000000,57.000000,57.000000,58.000000,58.000000,58.000000,59.000000,60.000000,60.000000,60.000000,61.000000,61.000000,61.000000,61.000000,61.000000,61.000000,61.000000,61.000000,61.000000,62.000000,63.000000,64.000000,64.000000,64.000000,64.000000,64.000000,64.000000,64.000000,64.000000,64.000000,64.000000,65.000000,65.000000,66.000000,67.000000,68.000000,69.000000,69.000000,69.000000,69.000000,69.000000,70.000000,70.000000,70.000000,71.000000,71.000000,72.000000,72.000000,72.000000,73.000000,73.000000,73.000000,74.000000,74.000000,74.000000,75.000000,76.000000,76.000000,76.000000,77.000000,77.000000,77.000000,77.000000,77.000000,78.000000,78.000000,79.000000,79.000000,79.000000,79.000000,79.000000,79.000000,79.000000,79.000000,79.000000,79.000000,79.000000,79.000000,80.000000;;0;840854
1e84ec;42649;3127;0;0;4000000000000080;    11m 58s 293ms  24μs 783ns;365;-1;             24ms 532μs 198ns;80.000000;4.562500;0.000000;inf;4;1;Unfinished;1.000000,1.000000,1.000000,1.000000,2.000000,2.000000,2.000000,2.000000,2.000000,2.000000,2.000000,2.000000,2.000000,2.000000,2.000000,3.000000,4.000000,5.000000,6.000000,6.000000,6.000000,6.000000,6.000000,6.000000,6.000000,7.000000,7.000000,8.000000,8.000000,9.000000,9.000000,9.000000,9.000000,10.000000,11.000000,11.000000,11.000000,11.000000,11.000000,11.000000,11.000000,12.000000,12.000000,13.000000,13.000000,13.000000,13.000000,13.000000,13.000000,13.000000,14.000000,14.000000,14.000000,15.000000,16.000000,16.000000,17.000000,17.000000,17.000000,17.000000,17.000000,17.000000,17.000000,18.000000,19.000000,19.000000,19.000000,20.000000,20.000000,20.000000,21.000000,21.000000,21.000000,22.000000,22.000000,22.000000,22.000000,22.000000,23.000000,23.000000,24.000000,24.000000,25.000000,25.000000,25.000000,25.000000,25.000000,25.000000,25.000000,25.000000,25.000000,25.000000,25.000000,25.000000,25.000000,25.000000,25.000000,25.000000,25.000000,25.000000,25.000000,25.000000,25.000000,25.000000,25.000000,25.000000,25.000000,26.000000,27.000000,28.000000,28.000000,28.000000,29.000000,29.000000,30.000000,30.000000,30.000000,30.000000,30.000000,30.000000,30.000000,30.000000,30.000000,30.000000,31.000000,31.000000,32.000000,32.000000,32.000000,32.000000,33.000000,33.000000,34.000000,34.000000,35.000000,35.000000,35.000000,35.000000,35.000000,35.000000,35.000000,35.000000,35.000000,35.000000,35.000000,35.000000,35.000000,36.000000,36.000000,36.000000,36.000000,36.000000,36.000000,36.000000,36.000000,36.000000,36.000000,36.000000,36.000000,36.000000,36.000000,36.000000,36.000000,36.000000,36.000000,36.000000,36.000000,36.000000,36.000000,36.000000,36.000000,36.000000,36.000000,36.000000,36.000000,36.000000,36.000000,36.000000,36.000000,36.000000,36.000000,37.000000,38.000000,38.000000,38.000000,38.000000,38.000000,38.000000,39.000000,40.000000,41.000000,42.000000,42.000000,42.000000,42.000000,42.000000,43.000000,44.000000,44.000000,45.000000,46.000000,46.000000,46.000000,46.000000,46.000000,46.000000,47.000000,47.000000,47.000000,47.000000,47.000000,47.000000,47.000000,47.000000,48.000000,48.000000,48.000000,48.000000,48.000000,49.000000,49.000000,50.000000,50.000000,50.000000,50.000000,50.000000,51.000000,52.000000,52.000000,53.000000,54.000000,55.000000,55.000000,56.000000,57.000000,57.000000,57.000000,57.000000,57.000000,57.000000,57.000000,57.000000,57.000000,57.000000,57.000000,57.000000,57.000000,57.000000,57.000000,57.000000,57.000000,57.000000,57.000000,57.000000,57.000000,57.000000,57.000000,57.000000,57.000000,57.000000,57.000000,57.000000,57.000000,58.000000,58.000000,58.000000,59.000000,60.000000,60.000000,60.000000,61.000000,61.000000,61.000000,61.000000,61.000000,61.000000,61.000000,61.000000,61.000000,62.000000,63.000000,64.000000,64.000000,64.000000,64.000000,64.000000,64.000000,64.000000,64.000000,64.000000,64.000000,65.000000,65.000000,66.000000,67.000000,68.000000,69.000000,69.000000,69.000000,69.000000,69.000000,70.000000,70.000000,70.000000,71.000000,71.000000,72.000000,72.000000,72.000000,73.000000,73.000000,73.000000,74.000000,74.000000,74.000000,75.000000,76.000000,76.000000,76.000000,77.000000,77.000000,77.000000,77.000000,77.000000,78.000000,78.000000,79.000000,79.000000,79.000000,79.000000,79.000000,79.000000,79.000000,79.000000,79.000000,79.000000,79.000000,79.000000,80.000000;;0;840854
1b9ba;2afb;3127;0;0;0000000000000030;        39s 485ms 971μs 617ns;372;-1;             27ms 681μs 624ns;80.000000;4.650000;0.000000;inf;4;1;Unfinished;1.000000,1.000000,1.000000,1.000000,2.000000,2.000000,2.000000,2.000000,2.000000,2.000000,2.000000,2.000000,2.000000,2.000000,2.000000,3.000000,4.000000,5.000000,6.000000,6.000000,6.000000,6.000000,6.000000,6.000000,6.000000,7.000000,7.000000,8.000000,8.000000,9.000000,9.000000,9.000000,9.000000,10.000000,11.000000,11.000000,11.000000,11.000000,11.000000,11.000000,11.000000,12.000000,12.000000,13.000000,13.000000,13.000000,13.000000,13.000000,13.000000,13.000000,14.000000,14.000000,14.000000,15.000000,16.000000,16.000000,17.000000,17.000000,17.000000,17.000000,17.000000,17.000000,17.000000,18.000000,19.000000,19.000000,19.000000,20.000000,20.000000,20.000000,21.000000,21.000000,21.000000,22.000000,22.000000,22.000000,22.000000,22.000000,23.000000,23.000000,24.000000,24.000000,25.000000,25.000000,25.000000,25.000000,25.000000,25.000000,25.000000,25.000000,25.000000,25.000000,25.000000,25.000000,25.000000,25.000000,25.000000,25.000000,25.000000,25.000000,25.000000,25.000000,25.000000,25.000000,25.000000,25.000000,25.000000,26.000000,27.000000,28.000000,28.000000,28.000000,29.000000,29.000000,30.000000,30.000000,30.000000,30.000000,30.000000,30.000000,30.000000,30.000000,30.000000,30.000000,31.000000,31.000000,32.000000,32.000000,32.000000,32.000000,33.000000,33.000000,34.000000,34.000000,35.000000,35.000000,35.000000,35.000000,35.000000,35.000000,35.000000,35.000000,35.000000,35.000000,35.000000,35.000000,35.000000,36.000000,36.000000,36.000000,36.000000,36.000000,36.000000,36.000000,36.000000,36.000000,36.000000,36.000000,36.000000,36.000000,36.000000,36.000000,36.000000,36.000000,36.000000,36.000000,36.000000,36.000000,36.000000,36.000000,36.000000,36.000000,36.000000,36.000000,36.000000,36.000000,36.000000,36.000000,36.000000,36.000000,36.000000,37.000000,38.000000,38.000000,38.000000,38.000000,38.000000,38.000000,39.000000,40.000000,41.000000,42.000000,42.000000,42.000000,42.000000,42.000000,43.000000,44.000000,44.000000,45.000000,46.000000,46.000000,46.000000,46.000000,46.000000,46.000000,47.000000,47.000000,47.000000,47.000000,47.000000,47.000000,47.000000,47.000000,48.000000,48.000000,48.000000,48.000000,48.000000,49.000000,49.000000,50.000000,50.000000,50.000000,50.000000,50.000000,51.000000,52.000000,52.000000,53.000000,54.000000,55.000000,55.000000,56.000000,57.000000,57.000000,57.000000,57.000000,57.000000,57.000000,57.000000,57.000000,57.000000,57.000000,57.000000,57.000000,57.000000,57.000000,57.000000,57.000000,57.000000,57.000000,57.000000,57.000000,57.000000,57.000000,57.000000,57.000000,57.000000,57.000000,57.000000,57.000000,57.000000,58.000000,58.000000,58.000000,59.000000,60.000000,60.000000,60.000000,61.000000,61.000000,61.000000,61.000000,61.000000,61.000000,61.000000,61.000000,61.000000,62.000000,63.000000,64.000000,64.000000,64.000000,64.000000,64.000000,64.000000,64.000000,64.000000,64.000000,64.000000,65.000000,65.000000,66.000000,67.000000,68.000000,69.000000,69.000000,69.000000,69.000000,69.000000,70.000000,70.000000,70.000000,71.000000,71.000000,72.000000,72.000000,72.000000,73.000000,73.000000,73.000000,74.000000,74.000000,74.000000,75.000000,75.000000,75.000000,76.000000,76.000000,76.000000,76.000000,76.000000,76.000000,76.000000,76.000000,76.000000,77.000000,77.000000,77.000000,77.000000,77.000000,77.000000,77.000000,77.000000,77.000000,77.000000,77.000000,77.000000,77.000000,77.000000,77.000000,77.000000,77.000000,77.000000,77.000000,77.000000,77.000000,77.000000,78.000000,79.000000,79.000000,80.000000,80.000000,80.000000,80.000000,80.000000,80.000000,80.000000,80.000000,80.000000,80.000000,80.000000,80.000000,80.000000,80.000000,80.000000,80.000000,80.000000,80.000000,80.000000,80.000000;;0;46007
35dd;2afb;3127;0;0;0000000000000030;        10s 564ms 314μs 326ns;378;-1;             26ms 973μs 410ns;80.000000;4.725000;0.000000;inf;4;1;Unfinished;1.000000,1.000000,1.000000,1.000000,2.000000,2.000000,2.000000,2.000000,2.000000,2.000000,2.000000,2.000000,2.000000,2.000000,2.000000,3.000000,4.000000,5.000000,6.000000,6.000000,6.000000,6.000000,6.000000,6.000000,6.000000,7.000000,7.000000,8.000000,8.000000,9.000000,9.000000,9.000000,9.000000,10.000000,11.000000,11.000000,11.000000,11.000000,11.000000,11.000000,11.000000,12.000000,12.000000,13.000000,13.000000,13.000000,13.000000,13.000000,13.000000,13.000000,14.000000,14.000000,14.000000,15.000000,16.000000,16.000000,17.000000,17.000000,17.000000,17.000000,17.000000,17.000000,17.000000,18.000000,19.000000,19.000000,19.000000,20.000000,20.000000,20.000000,21.000000,21.000000,21.000000,22.000000,22.000000,22.000000,22.000000,22.000000,23.000000,23.000000,24.000000,24.000000,25.000000,25.000000,25.000000,25.000000,25.000000,25.000000,25.000000,25.000000,25.000000,25.000000,25.000000,25.000000,25.000000,25.000000,25.000000,25.000000,25.000000,25.000000,25.000000,25.000000,25.000000,25.000000,25.000000,25.000000,25.000000,26.000000,27.000000,28.000000,28.000000,28.000000,29.000000,29.000000,30.000000,30.000000,30.000000,30.000000,30.000000,30.000000,30.000000,30.000000,30.000000,30.000000,31.000000,31.000000,32.000000,32.000000,32.000000,32.000000,33.000000,33.000000,34.000000,34.000000,35.000000,35.000000,35.000000,35.000000,35.000000,35.000000,35.000000,35.000000,35.000000,35.000000,35.000000,35.000000,35.000000,36.000000,36.000000,36.000000,36.000000,36.000000,36.000000,36.000000,36.000000,36.000000,36.000000,36.000000,36.000000,36.000000,36.000000,36.000000,36.000000,36.000000,36.000000,36.000000,36.000000,36.000000,36.000000,36.000000,36.000000,36.000000,36.000000,36.000000,36.000000,36.000000,36.000000,36.000000,36.000000,36.000000,36.000000,37.000000,38.000000,38.000000,38.000000,38.000000,38.000000,38.000000,39.000000,40.000000,41.000000,42.000000,42.000000,42.000000,42.000000,42.000000,43.000000,44.000000,44.000000,45.000000,46.000000,46.000000,46.000000,46.000000,46.000000,46.000000,47.000000,47.000000,47.000000,47.000000,47.000000,47.000000,47.000000,47.000000,48.000000,48.000000,48.000000,48.000000,48.000000,49.000000,49.000000,50.000000,50.000000,50.000000,50.000000,50.000000,51.000000,52.000000,52.000000,53.000000,54.000000,55.000000,55.000000,56.000000,57.000000,57.000000,57.000000,57.000000,57.000000,57.000000,57.000000,57.000000,57.000000,57.000000,57.000000,57.000000,57.000000,57.000000,57.000000,57.000000,57.000000,57.000000,57.000000,57.000000,57.000000,57.000000,57.000000,57.000000,57.000000,57.000000,57.000000,57.000000,57.000000,58.000000,58.000000,58.000000,59.000000,60.000000,60.000000,60.000000,61.000000,61.000000,61.000000,61.000000,61.000000,61.000000,61.000000,61.000000,61.000000,62.000000,63.000000,64.000000,64.000000,64.000000,64.000000,64.000000,64.000000,64.000000,64.000000,64.000000,64.000000,65.000000,65.000000,66.000000,67.000000,68.000000,69.000000,69.000000,69.000000,69.000000,69.000000,70.000000,70.000000,70.000000,71.000000,71.000000,72.000000,72.000000,72.000000,73.000000,73.000000,73.000000,74.000000,74.000000,74.000000,75.000000,76.000000,76.000000,76.000000,76.000000,76.000000,76.000000,76.000000,76.000000,76.000000,76.000000,76.000000,76.000000,76.000000,76.000000,76.000000,76.000000,76.000000,76.000000,76.000000,76.000000,76.000000,76.000000,76.000000,76.000000,76.000000,76.000000,76.000000,76.000000,76.000000,76.000000,76.000000,76.000000,76.000000,76.000000,76.000000,76.000000,76.000000,76.000000,76.000000,77.000000,78.000000,78.000000,78.000000,78.000000,78.000000,78.000000,78.000000,78.000000,78.000000,79.000000,79.000000,79.000000,80.000000,80.000000,80.000000,80.000000,80.000000,80.000000,80.000000,80.000000,80.000000,80.000000;;0;46002
42649;2afb;3127;0;0;0000000000000038;     1m 26s 292ms 649μs 312ns;380;-1;             25ms 489μs 453ns;80.000000;4.750000;0.000000;inf;4;1;Unfinished;1.000000,1.000000,1.000000,1.000000,2.000000,2.000000,2.000000,2.000000,2.000000,2.000000,2.000000,2.000000,2.000000,2.000000,2.000000,3.000000,4.000000,5.000000,6.000000,6.000000,6.000000,6.000000,6.000000,6.000000,6.000000,7.000000,7.000000,8.000000,8.000000,9.000000,9.000000,9.000000,9.000000,10.000000,11.000000,11.000000,11.000000,11.000000,11.000000,11.000000,11.000000,12.000000,12.000000,13.000000,13.000000,13.000000,13.000000,13.000000,13.000000,13.000000,14.000000,14.000000,14.000000,15.000000,16.000000,16.000000,17.000000,17.000000,17.000000,17.000000,17.000000,17.000000,17.000000,18.000000,19.000000,19.000000,19.000000,20.000000,20.000000,20.000000,21.000000,21.000000,21.000000,22.000000,22.000000,22.000000,22.000000,22.000000,23.000000,23.000000,24.000000,24.000000,25.000000,25.000000,25.000000,25.000000,25.000000,25.000000,25.000000,25.000000,25.000000,25.000000,25.000000,25.000000,25.000000,25.000000,25.000000,25.000000,25.000000,25.000000,25.000000,25.000000,25.000000,25.000000,25.000000,25.000000,25.000000,26.000000,27.000000,28.000000,28.000000,28.000000,29.000000,29.000000,30.000000,30.000000,30.000000,30.000000,30.000000,30.000000,30.000000,30.000000,30.000000,30.000000,31.000000,31.000000,32.000000,32.000000,32.000000,32.000000,33.000000,33.000000,34.000000,34.000000,35.000000,35.000000,35.000000,35.000000,35.000000,35.000000,35.000000,35.000000,35.000000,35.000000,35.000000,35.000000,35.000000,36.000000,36.000000,36.000000,36.000000,36.000000,36.000000,36.000000,36.000000,36.000000,36.000000,36.000000,36.000000,36.000000,36.000000,36.000000,36.000000,36.000000,36.000000,36.000000,36.000000,36.000000,36.000000,36.000000,36.000000,36.000000,36.000000,36.000000,36.000000,36.000000,36.000000,36.000000,36.000000,36.000000,36.000000,37.000000,38.000000,38.000000,38.000000,38.000000,38.000000,38.000000,39.000000,40.000000,41.000000,42.000000,42.000000,42.000000,42.000000,42.000000,43.000000,44.000000,44.000000,45.000000,46.000000,46.000000,46.000000,46.000000,46.000000,46.000000,47.000000,47.000000,47.000000,47.000000,47.000000,47.000000,47.000000,47.000000,48.000000,48.000000,48.000000,48.000000,48.000000,49.000000,49.000000,50.000000,50.000000,50.000000,50.000000,50.000000,51.000000,52.000000,52.000000,53.000000,54.000000,55.000000,55.000000,56.000000,57.000000,57.000000,57.000000,57.000000,57.000000,57.000000,57.000000,57.000000,57.000000,57.000000,57.000000,57.000000,57.000000,57.000000,57.000000,57.000000,57.000000,57.000000,57.000000,57.000000,57.000000,57.000000,57.000000,57.000000,57.000000,57.000000,57.000000,57.000000,57.000000,58.000000,58.000000,58.000000,59.000000,60.000000,60.000000,60.000000,61.000000,61.000000,61.000000,61.000000,61.000000,61.000000,61.000000,61.000000,61.000000,62.000000,63.000000,64.000000,64.000000,64.000000,64.000000,64.000000,64.000000,64.000000,64.000000,64.000000,64.000000,65.000000,65.000000,66.000000,67.000000,68.000000,69.000000,69.000000,69.000000,69.000000,69.000000,70.000000,70.000000,70.000000,71.000000,71.000000,72.000000,72.000000,72.000000,73.000000,73.000000,73.000000,74.000000,74.000000,74.000000,75.000000,76.000000,76.000000,76.000000,77.000000,77.000000,77.000000,77.000000,78.000000,78.000000,78.000000,78.000000,78.000000,78.000000,78.000000,78.000000,78.000000,78.000000,78.000000,78.000000,78.000000,78.000000,78.000000,78.000000,78.000000,78.000000,78.000000,78.000000,78.000000,78.000000,78.000000,78.000000,78.000000,78.000000,78.000000,78.000000,78.000000,78.000000,78.000000,78.000000,78.000000,78.000000,78.000000,78.000000,78.000000,78.000000,78.000000,78.000000,78.000000,78.000000,78.000000,78.000000,78.000000,78.000000,78.000000,78.000000,78.000000,78.000000,78.000000,78.000000,79.000000,80.000000,80.000000,80.000000,80.000000;;0;76078
3208;2afb;3127;0;0;0000000000000030;         9s 332ms 492μs 501ns;389;-1;             24ms 913μs 636ns;80.000000;4.862500;0.000000;inf;4;1;Unfinished;1.000000,1.000000,1.000000,1.000000,2.000000,2.000000,2.000000,2.000000,2.000000,2.000000,2.000000,2.000000,2.000000,2.000000,2.000000,3.000000,4.000000,5.000000,6.000000,6.000000,6.000000,6.000000,6.000000,6.000000,6.000000,7.000000,7.000000,8.000000,8.000000,9.000000,9.000000,9.000000,9.000000,10.000000,11.000000,11.000000,11.000000,11.000000,11.000000,11.000000,11.000000,12.000000,12.000000,13.000000,13.000000,13.000000,13.000000,13.000000,13.000000,13.000000,14.000000,14.000000,14.000000,15.000000,16.000000,16.000000,17.000000,17.000000,17.000000,17.000000,17.000000,17.000000,17.000000,18.000000,19.000000,19.000000,19.000000,20.000000,20.000000,20.000000,21.000000,21.000000,21.000000,22.000000,22.000000,22.000000,22.000000,22.000000,23.000000,23.000000,24.000000,24.000000,25.000000,25.000000,25.000000,25.000000,25.000000,25.000000,25.000000,25.000000,25.000000,25.000000,25.000000,25.000000,25.000000,25.000000,25.000000,25.000000,25.000000,25.000000,25.000000,25.000000,25.000000,25.000000,25.000000,25.000000,25.000000,26.000000,27.000000,28.000000,28.000000,28.000000,29.000000,29.000000,30.000000,30.000000,30.000000,30.000000,30.000000,30.000000,30.000000,30.000000,30.000000,30.000000,31.000000,31.000000,32.000000,32.000000,32.000000,32.000000,33.000000,33.000000,34.000000,34.000000,35.000000,35.000000,35.000000,35.000000,35.000000,35.000000,35.000000,35.000000,35.000000,35.000000,35.000000,35.000000,35.000000,36.000000,36.000000,36.000000,36.000000,36.000000,36.000000,36.000000,36.000000,36.000000,36.000000,36.000000,36.000000,36.000000,36.000000,36.000000,36.000000,36.000000,36.000000,36.000000,36.000000,36.000000,36.000000,36.000000,36.000000,36.000000,36.000000,36.000000,36.000000,36.000000,36.000000,36.000000,36.000000,36.000000,36.000000,37.000000,38.000000,38.000000,38.000000,38.000000,38.000000,38.000000,39.000000,40.000000,41.000000,42.000000,42.000000,42.000000,42.000000,42.000000,43.000000,44.000000,44.000000,45.000000,46.000000,46.000000,46.000000,46.000000,46.000000,46.000000,47.000000,47.000000,47.000000,47.000000,47.000000,47.000000,47.000000,47.000000,48.000000,48.000000,48.000000,48.000000,48.000000,49.000000,49.000000,50.000000,50.000000,50.000000,50.000000,50.000000,51.000000,52.000000,52.000000,53.000000,54.000000,55.000000,55.000000,56.000000,57.000000,57.000000,57.000000,57.000000,57.000000,57.000000,57.000000,57.000000,57.000000,57.000000,57.000000,57.000000,57.000000,57.000000,57.000000,57.000000,57.000000,57.000000,57.000000,57.000000,57.000000,57.000000,57.000000,57.000000,57.000000,57.000000,57.000000,57.000000,57.000000,58.000000,58.000000,58.000000,59.000000,60.000000,60.000000,60.000000,61.000000,61.000000,61.000000,61.000000,61.000000,61.000000,61.000000,61.000000,61.000000,62.000000,63.000000,64.000000,64.000000,64.000000,64.000000,64.000000,64.000000,64.000000,64.000000,64.000000,64.000000,65.000000,65.000000,66.000000,67.000000,68.000000,69.000000,69.000000,69.000000,69.000000,69.000000,70.000000,70.000000,70.000000,71.000000,71.000000,72.000000,72.000000,72.000000,73.000000,73.000000,73.000000,74.000000,74.000000,74.000000,75.000000,76.000000,76.000000,77.000000,78.000000,78.000000,79.000000,79.000000,79.000000,80.000000,80.000000,80.000000,80.000000,80.000000,80.000000,80.000000,80.000000,80.000000,80.000000,80.000000,80.000000,80.000000,80.000000,80.000000,80.000000,80.000000,80.000000,80.000000,80.000000,80.000000,80.000000,80.000000,80.000000,80.000000,80.000000,80.000000,80.000000,80.000000,80.000000,80.000000,80.000000,80.000000,80.000000,80.000000,80.000000,80.000000,80.000000,80.000000,80.000000,80.000000,80.000000,80.000000,80.000000,80.000000,80.000000,80.000000,80.000000,80.000000,80.000000,80.000000,80.000000,80.000000,80.000000,80.000000,80.000000,80.000000,80.000000,80.000000,80.000000,80.000000,80.000000,80.000000,80.000000,80.000000;;0;3942
71fbb;2a808;3127;0;0;0000000000000080;     2m 23s 816ms 781μs 790ns;401;-1;             29ms 781μs 760ns;80.000000;5.012500;0.000000;inf;4;1;Unfinished;1.000000,1.000000,1.000000,1.000000,2.000000,2.000000,2.000000,2.000000,2.000000,2.000000,2.000000,2.000000,2.000000,2.000000,2.000000,3.000000,4.000000,5.000000,6.000000,6.000000,6.000000,6.000000,6.000000,6.000000,6.000000,7.000000,7.000000,8.000000,8.000000,9.000000,9.000000,9.000000,9.000000,10.000000,11.000000,11.000000,11.000000,11.000000,11.000000,11.000000,11.000000,12.000000,12.000000,13.000000,13.000000,13.000000,13.000000,13.000000,13.000000,13.000000,14.000000,14.000000,14.000000,15.000000,16.000000,16.000000,17.000000,17.000000,17.000000,17.000000,17.000000,17.000000,17.000000,18.000000,19.000000,19.000000,19.000000,20.000000,20.000000,20.000000,21.000000,21.000000,21.000000,22.000000,22.000000,22.000000,22.000000,22.000000,23.000000,23.000000,24.000000,24.000000,25.000000,25.000000,25.000000,25.000000,25.000000,25.000000,25.000000,25.000000,25.000000,25.000000,25.000000,25.000000,25.000000,25.000000,25.000000,25.000000,25.000000,25.000000,25.000000,25.000000,25.000000,25.000000,25.000000,25.000000,25.000000,26.000000,27.000000,28.000000,28.000000,28.000000,29.000000,29.000000,30.000000,30.000000,30.000000,30.000000,30.000000,30.000000,30.000000,30.000000,30.000000,30.000000,31.000000,31.000000,32.000000,32.000000,32.000000,32.000000,33.000000,33.000000,34.000000,34.000000,35.000000,35.000000,35.000000,35.000000,35.000000,35.000000,35.000000,35.000000,35.000000,35.000000,35.000000,35.000000,35.000000,36.000000,36.000000,36.000000,36.000000,36.000000,36.000000,36.000000,36.000000,36.000000,36.000000,36.000000,36.000000,36.000000,36.000000,36.000000,36.000000,36.000000,36.000000,36.000000,36.000000,36.000000,36.000000,36.000000,36.000000,36.000000,36.000000,36.000000,36.000000,36.000000,36.000000,36.000000,36.000000,36.000000,36.000000,37.000000,38.000000,38.000000,38.000000,38.000000,38.000000,38.000000,39.000000,40.000000,41.000000,42.000000,42.000000,42.000000,42.000000,42.000000,43.000000,44.000000,44.000000,45.000000,46.000000,46.000000,46.000000,46.000000,46.000000,46.000000,47.000000,47.000000,47.000000,47.000000,47.000000,47.000000,47.000000,47.000000,48.000000,48.000000,48.000000,48.000000,48.000000,49.000000,49.000000,50.000000,50.000000,50.000000,50.000000,50.000000,51.000000,52.000000,52.000000,53.000000,54.000000,55.000000,55.000000,56.000000,57.000000,57.000000,57.000000,57.000000,57.000000,57.000000,57.000000,57.000000,57.000000,57.000000,57.000000,57.000000,57.000000,57.000000,57.000000,57.000000,57.000000,57.000000,57.000000,57.000000,57.000000,57.000000,57.000000,57.000000,57.000000,57.000000,57.000000,57.000000,57.000000,58.000000,58.000000,58.000000,59.000000,60.000000,60.000000,60.000000,61.000000,61.000000,61.000000,61.000000,61.000000,61.000000,61.000000,61.000000,61.000000,62.000000,63.000000,64.000000,64.000000,64.000000,64.000000,64.000000,64.000000,64.000000,64.000000,64.000000,64.000000,65.000000,65.000000,66.000000,67.000000,68.000000,69.000000,69.000000,69.000000,69.000000,69.000000,70.000000,70.000000,70.000000,71.000000,71.000000,72.000000,72.000000,72.000000,73.000000,73.000000,73.000000,74.000000,74.000000,74.000000,75.000000,75.000000,75.000000,75.000000,75.000000,75.000000,76.000000,76.000000,76.000000,76.000000,76.000000,76.000000,76.000000,76.000000,76.000000,76.000000,76.000000,76.000000,76.000000,76.000000,76.000000,76.000000,76.000000,76.000000,76.000000,76.000000,76.000000,76.000000,76.000000,76.000000,76.000000,76.000000,76.000000,76.000000,76.000000,76.000000,76.000000,76.000000,76.000000,76.000000,76.000000,76.000000,76.000000,76.000000,76.000000,76.000000,76.000000,76.000000,76.000000,76.000000,76.000000,76.000000,76.000000,76.000000,76.000000,76.000000,76.000000,76.000000,76.000000,76.000000,76.000000,76.000000,76.000000,76.000000,76.000000,76.000000,76.000000,76.000000,76.000000,76.000000,76.000000,76.000000,76.000000,76.000000,76.000000,76.000000,76.000000,76.000000,77.000000,77.000000,77.000000,77.000000,78.000000,78.000000,78.000000,79.000000,80.000000;;0;175073
71fba;2a808;3127;0;0;0000000000000080;     2m 23s 816ms 851μs 260ns;401;-1;             29ms 944μs 567ns;80.000000;5.012500;0.000000;inf;4;1;Unfinished;1.000000,1.000000,1.000000,1.000000,2.000000,2.000000,2.000000,2.000000,2.000000,2.000000,2.000000,2.000000,2.000000,2.000000,2.000000,3.000000,4.000000,5.000000,6.000000,6.000000,6.000000,6.000000,6.000000,6.000000,6.000000,7.000000,7.000000,8.000000,8.000000,9.000000,9.000000,9.000000,9.000000,10.000000,11.000000,11.000000,11.000000,11.000000,11.000000,11.000000,11.000000,12.000000,12.000000,13.000000,13.000000,13.000000,13.000000,13.000000,13.000000,13.000000,14.000000,14.000000,14.000000,15.000000,16.000000,16.000000,17.000000,17.000000,17.000000,17.000000,17.000000,17.000000,17.000000,18.000000,19.000000,19.000000,19.000000,20.000000,20.000000,20.000000,21.000000,21.000000,21.000000,22.000000,22.000000,22.000000,22.000000,22.000000,23.000000,23.000000,24.000000,24.000000,25.000000,25.000000,25.000000,25.000000,25.000000,25.000000,25.000000,25.000000,25.000000,25.000000,25.000000,25.000000,25.000000,25.000000,25.000000,25.000000,25.000000,25.000000,25.000000,25.000000,25.000000,25.000000,25.000000,25.000000,25.000000,26.000000,27.000000,28.000000,28.000000,28.000000,29.000000,29.000000,30.000000,30.000000,30.000000,30.000000,30.000000,30.000000,30.000000,30.000000,30.000000,30.000000,31.000000,31.000000,32.000000,32.000000,32.000000,32.000000,33.000000,33.000000,34.000000,34.000000,35.000000,35.000000,35.000000,35.000000,35.000000,35.000000,35.000000,35.000000,35.000000,35.000000,35.000000,35.000000,35.000000,36.000000,36.000000,36.000000,36.000000,36.000000,36.000000,36.000000,36.000000,36.000000,36.000000,36.000000,36.000000,36.000000,36.000000,36.000000,36.000000,36.000000,36.000000,36.000000,36.000000,36.000000,36.000000,36.000000,36.000000,36.000000,36.000000,36.000000,36.000000,36.000000,36.000000,36.000000,36.000000,36.000000,36.000000,37.000000,38.000000,38.000000,38.000000,38.000000,38.000000,38.000000,39.000000,40.000000,41.000000,42.000000,42.000000,42.000000,42.000000,42.000000,43.000000,44.000000,44.000000,45.000000,46.000000,46.000000,46.000000,46.000000,46.000000,46.000000,47.000000,47.000000,47.000000,47.000000,47.000000,47.000000,47.000000,47.000000,48.000000,48.000000,48.000000,48.000000,48.000000,49.000000,49.000000,50.000000,50.000000,50.000000,50.000000,50.000000,51.000000,52.000000,52.000000,53.000000,54.000000,55.000000,55.000000,56.000000,57.000000,57.000000,57.000000,57.000000,57.000000,57.000000,57.000000,57.000000,57.000000,57.000000,57.000000,57.000000,57.000000,57.000000,57.000000,57.000000,57.000000,57.000000,57.000000,57.000000,57.000000,57.000000,57.000000,57.000000,57.000000,57.000000,57.000000,57.000000,57.000000,58.000000,58.000000,58.000000,59.000000,60.000000,60.000000,60.000000,61.000000,61.000000,61.000000,61.000000,61.000000,61.000000,61.000000,61.000000,61.000000,62.000000,63.000000,64.000000,64.000000,64.000000,64.000000,64.000000,64.000000,64.000000,64.000000,64.000000,64.000000,65.000000,65.000000,66.000000,67.000000,68.000000,69.000000,69.000000,69.000000,69.000000,69.000000,70.000000,70.000000,70.000000,71.000000,71.000000,72.000000,72.000000,72.000000,73.000000,73.000000,73.000000,74.000000,74.000000,74.000000,75.000000,75.000000,75.000000,75.000000,75.000000,75.000000,76.000000,76.000000,76.000000,76.000000,76.000000,76.000000,76.000000,76.000000,76.000000,76.000000,76.000000,76.000000,76.000000,76.000000,76.000000,76.000000,76.000000,76.000000,76.000000,76.000000,76.000000,76.000000,76.000000,76.000000,76.000000,76.000000,76.000000,76.000000,76.000000,76.000000,76.000000,76.000000,76.000000,76.000000,76.000000,76.000000,76.000000,76.000000,76.000000,76.000000,76.000000,76.000000,76.000000,76.000000,76.000000,76.000000,76.000000,76.000000,76.000000,76.000000,76.000000,76.000000,76.000000,76.000000,76.000000,76.000000,76.000000,76.000000,76.000000,76.000000,76.000000,76.000000,76.000000,76.000000,76.000000,76.000000,76.000000,76.000000,76.000000,76.000000,76.000000,76.000000,77.000000,77.000000,77.000000,77.000000,78.000000,78.000000,78.000000,79.000000,80.000000;;0;175074
5a5b76;1e84e3;3127;0;0;0000000000000080;    37m 31s  84ms 287μs 928ns;322;-1;             19ms 920μs 323ns;79.000000;4.075949;0.000000;inf;4;1;Unfinished;1.000000,1.000000,1.000000,1.000000,2.000000,2.000000,2.000000,2.000000,2.000000,2.000000,2.000000,2.000000,2.000000,2.000000,2.000000,3.000000,4.000000,5.000000,6.000000,6.000000,6.000000,6.000000,6.000000,6.000000,6.000000,7.000000,7.000000,8.000000,8.000000,9.000000,9.000000,9.000000,9.000000,10.000000,11.000000,11.000000,11.000000,11.000000,11.000000,11.000000,11.000000,12.000000,12.000000,13.000000,13.000000,13.000000,13.000000,13.000000,13.000000,13.000000,14.000000,14.000000,14.000000,15.000000,16.000000,16.000000,17.000000,17.000000,17.000000,17.000000,17.000000,17.000000,17.000000,18.000000,19.000000,19.000000,19.000000,20.000000,20.000000,20.000000,21.000000,21.000000,21.000000,22.000000,22.000000,22.000000,22.000000,22.000000,23.000000,23.000000,24.000000,24.000000,25.000000,25.000000,25.000000,25.000000,25.000000,25.000000,25.000000,25.000000,25.000000,25.000000,25.000000,25.000000,25.000000,25.000000,25.000000,25.000000,25.000000,25.000000,25.000000,25.000000,25.000000,25.000000,25.000000,25.000000,25.000000,26.000000,27.000000,28.000000,28.000000,28.000000,29.000000,29.000000,30.000000,30.000000,30.000000,30.000000,30.000000,30.000000,30.000000,30.000000,30.000000,30.000000,31.000000,31.000000,32.000000,32.000000,32.000000,32.000000,33.000000,33.000000,34.000000,34.000000,34.000000,34.000000,34.000000,35.000000,35.000000,35.000000,36.000000,36.000000,36.000000,36.000000,36.000000,36.000000,36.000000,36.000000,36.000000,36.000000,36.000000,36.000000,36.000000,36.000000,36.000000,36.000000,36.000000,36.000000,36.000000,36.000000,36.000000,36.000000,36.000000,36.000000,36.000000,36.000000,36.000000,36.000000,36.000000,36.000000,36.000000,36.000000,36.000000,36.000000,37.000000,38.000000,38.000000,38.000000,38.000000,38.000000,38.000000,39.000000,40.000000,41.000000,42.000000,42.000000,42.000000,42.000000,42.000000,43.000000,44.000000,44.000000,45.000000,46.000000,46.000000,46.000000,46.000000,46.000000,46.000000,47.000000,47.000000,47.000000,47.000000,47.000000,47.000000,47.000000,47.000000,48.000000,48.000000,48.000000,48.000000,48.000000,49.000000,49.000000,50.000000,50.000000,50.000000,50.000000,50.000000,51.000000,52.000000,52.000000,53.000000,54.000000,55.000000,55.000000,56.000000,56.000000,56.000000,57.000000,58.000000,59.000000,59.000000,59.000000,60.000000,60.000000,60.000000,60.000000,60.000000,60.000000,61.000000,61.000000,61.000000,61.000000,61.000000,61.000000,61.000000,61.000000,61.000000,62.000000,63.000000,63.000000,64.000000,64.000000,65.000000,65.000000,66.000000,67.000000,68.000000,69.000000,69.000000,69.000000,69.000000,69.000000,70.000000,70.000000,70.000000,71.000000,71.000000,72.000000,72.000000,72.000000,73.000000,73.000000,73.000000,74.000000,74.000000,74.000000,75.000000,76.000000,76.000000,76.000000,77.000000,77.000000,77.000000,77.000000,77.000000,78.000000,78.000000,78.000000,78.000000,78.000000,78.000000,78.000000,78.000000,79.000000;;0;1236548
2c1cf5;1e839c;3127;0;0;0000000000000080;    17m 59s 824ms 298μs 307ns;301;-1;             25ms 425μs 370ns;79.000000;3.810127;0.000000;inf;4;1;Unfinished;1.000000,1.000000,1.000000,1.000000,2.000000,2.000000,2.000000,2.000000,2.000000,2.000000,2.000000,2.000000,2.000000,2.000000,2.000000,3.000000,4.000000,5.000000,6.000000,6.000000,6.000000,6.000000,6.000000,6.000000,6.000000,7.000000,7.000000,8.000000,8.000000,9.000000,9.000000,9.000000,9.000000,10.000000,11.000000,11.000000,11.000000,11.000000,11.000000,11.000000,11.000000,12.000000,12.000000,13.000000,13.000000,13.000000,13.000000,13.000000,13.000000,13.000000,14.000000,14.000000,14.000000,15.000000,16.000000,16.000000,17.000000,17.000000,17.000000,17.000000,17.000000,17.000000,17.000000,18.000000,19.000000,19.000000,19.000000,20.000000,20.000000,20.000000,21.000000,21.000000,21.000000,22.000000,22.000000,22.000000,22.000000,22.000000,23.000000,23.000000,24.000000,24.000000,25.000000,25.000000,25.000000,25.000000,25.000000,25.000000,25.000000,25.000000,25.000000,25.000000,25.000000,25.000000,25.000000,25.000000,25.000000,25.000000,25.000000,25.000000,25.000000,25.000000,25.000000,25.000000,25.000000,25.000000,25.000000,26.000000,27.000000,28.000000,28.000000,28.000000,29.000000,29.000000,30.000000,30.000000,30.000000,30.000000,30.000000,30.000000,30.000000,30.000000,30.000000,30.000000,31.000000,31.000000,32.000000,32.000000,32.000000,32.000000,33.000000,33.000000,34.000000,34.000000,35.000000,35.000000,35.000000,35.000000,35.000000,35.000000,35.000000,35.000000,35.000000,35.000000,35.000000,35.000000,35.000000,35.000000,35.000000,35.000000,35.000000,35.000000,35.000000,35.000000,35.000000,35.000000,35.000000,35.000000,35.000000,35.000000,35.000000,35.000000,35.000000,35.000000,35.000000,35.000000,35.000000,35.000000,35.000000,35.000000,35.000000,36.000000,36.000000,36.000000,36.000000,36.000000,36.000000,36.000000,36.000000,36.000000,36.000000,36.000000,36.000000,36.000000,37.000000,37.000000,38.000000,38.000000,39.000000,40.000000,40.000000,41.000000,42.000000,43.000000,44.000000,44.000000,44.000000,44.000000,45.000000,46.000000,47.000000,47.000000,48.000000,48.000000,48.000000,48.000000,48.000000,49.000000,50.000000,50.000000,51.000000,51.000000,51.000000,52.000000,52.000000,52.000000,52.000000,52.000000,52.000000,52.000000,53.000000,53.000000,53.000000,53.000000,53.000000,53.000000,54.000000,55.000000,56.000000,56.000000,57.000000,57.000000,57.000000,58.000000,59.000000,59.000000,59.000000,60.000000,60.000000,60.000000,60.000000,60.000000,60.000000,60.000000,60.000000,60.000000,61.000000,62.000000,63.000000,63.000000,63.000000,63.000000,63.000000,63.000000,63.000000,63.000000,63.000000,63.000000,64.000000,64.000000,65.000000,66.000000,67.000000,68.000000,68.000000,68.000000,68.000000,68.000000,69.000000,69.000000,69.000000,70.000000,70.000000,71.000000,71.000000,71.000000,72.000000,72.000000,72.000000,73.000000,73.000000,73.000000,74.000000,74.000000,74.000000,74.000000,74.000000,74.000000,75.000000,75.000000,76.000000,77.000000,77.000000,77.000000,77.000000,77.000000,77.000000,78.000000,78.000000,78.000000,78.000000,79.000000;;0;592478
5642b3;1e84cd;3127;0;0;0000000000000080;    35m 31s 373ms 163μs 558ns;301;-1;             20ms 417μs 576ns;79.000000;3.810127;0.000000;inf;4;1;Unfinished;1.000000,1.000000,1.000000,1.000000,2.000000,2.000000,2.000000,2.000000,2.000000,2.000000,2.000000,2.000000,2.000000,2.000000,2.000000,3.000000,4.000000,5.000000,6.000000,6.000000,6.000000,6.000000,6.000000,6.000000,6.000000,7.000000,7.000000,8.000000,8.000000,9.000000,9.000000,9.000000,9.000000,10.000000,11.000000,11.000000,11.000000,11.000000,11.000000,11.000000,11.000000,12.000000,12.000000,13.000000,13.000000,13.000000,13.000000,13.000000,13.000000,13.000000,14.000000,14.000000,14.000000,15.000000,16.000000,16.000000,17.000000,17.000000,17.000000,17.000000,17.000000,17.000000,17.000000,18.000000,19.000000,19.000000,19.000000,20.000000,20.000000,20.000000,21.000000,21.000000,21.000000,22.000000,22.000000,22.000000,22.000000,22.000000,23.000000,23.000000,24.000000,24.000000,25.000000,25.000000,25.000000,25.000000,25.000000,25.000000,25.000000,25.000000,25.000000,25.000000,25.000000,25.000000,25.000000,25.000000,25.000000,25.000000,25.000000,25.000000,25.000000,25.000000,25.000000,25.000000,25.000000,25.000000,25.000000,26.000000,27.000000,28.000000,28.000000,28.000000,29.000000,29.000000,30.000000,30.000000,30.000000,30.000000,30.000000,30.000000,30.000000,30.000000,30.000000,30.000000,31.000000,31.000000,32.000000,32.000000,32.000000,32.000000,33.000000,33.000000,34.000000,34.000000,35.000000,35.000000,35.000000,35.000000,35.000000,35.000000,35.000000,35.000000,35.000000,35.000000,35.000000,35.000000,35.000000,36.000000,36.000000,36.000000,36.000000,36.000000,36.000000,36.000000,36.000000,36.000000,36.000000,36.000000,36.000000,36.000000,36.000000,36.000000,36.000000,36.000000,36.000000,36.000000,36.000000,36.000000,36.000000,36.000000,36.000000,36.000000,37.000000,38.000000,39.000000,39.000000,39.000000,39.000000,39.000000,39.000000,39.000000,39.000000,39.000000,39.000000,39.000000,39.000000,39.000000,40.000000,40.000000,41.000000,42.000000,42.000000,42.000000,42.000000,42.000000,43.000000,44.000000,45.000000,45.000000,45.000000,45.000000,46.000000,47.000000,48.000000,48.000000,49.000000,49.000000,49.000000,49.000000,49.000000,50.000000,51.000000,51.000000,52.000000,52.000000,52.000000,53.000000,53.000000,53.000000,53.000000,53.000000,53.000000,53.000000,54.000000,54.000000,54.000000,54.000000,54.000000,54.000000,55.000000,56.000000,57.000000,57.000000,58.000000,58.000000,58.000000,59.000000,60.000000,60.000000,60.000000,61.000000,61.000000,61.000000,61.000000,61.000000,61.000000,61.000000,61.000000,61.000000,62.000000,63.000000,64.000000,64.000000,64.000000,64.000000,64.000000,64.000000,64.000000,64.000000,64.000000,64.000000,65.000000,65.000000,66.000000,67.000000,68.000000,69.000000,69.000000,69.000000,69.000000,69.000000,70.000000,70.000000,70.000000,71.000000,71.000000,72.000000,72.000000,72.000000,73.000000,73.000000,73.000000,74.000000,74.000000,74.000000,75.000000,76.000000,76.000000,76.000000,77.000000,77.000000,77.000000,77.000000,78.000000,78.000000,78.000000,78.000000,78.000000,78.000000,78.000000,78.000000,79.000000;;0;1174073
1e8f92;1e83f6;3127;0;0;0000000000000080;    12m  1s  75ms 834μs 646ns;302;-1;             21ms 835μs 511ns;79.000000;3.822785;0.000000;inf;4;1;Unfinished;1.000000,1.000000,1.000000,1.000000,2.000000,2.000000,2.000000,2.000000,2.000000,2.000000,2.000000,2.000000,2.000000,2.000000,2.000000,3.000000,4.000000,5.000000,6.000000,6.000000,6.000000,6.000000,6.000000,6.000000,6.000000,7.000000,7.000000,8.000000,8.000000,9.000000,9.000000,9.000000,9.000000,10.000000,11.000000,11.000000,11.000000,11.000000,11.000000,11.000000,11.000000,12.000000,12.000000,13.000000,13.000000,13.000000,13.000000,13.000000,13.000000,13.000000,14.000000,14.000000,14.000000,15.000000,16.000000,16.000000,17.000000,17.000000,17.000000,17.000000,17.000000,17.000000,17.000000,18.000000,19.000000,19.000000,19.000000,20.000000,20.000000,20.000000,21.000000,21.000000,21.000000,22.000000,22.000000,22.000000,22.000000,22.000000,23.000000,23.000000,24.000000,24.000000,25.000000,25.000000,25.000000,25.000000,25.000000,25.000000,25.000000,25.000000,25.000000,25.000000,25.000000,25.000000,25.000000,25.000000,25.000000,25.000000,25.000000,25.000000,25.000000,25.000000,25.000000,25.000000,25.000000,25.000000,25.000000,26.000000,27.000000,28.000000,28.000000,28.000000,29.000000,29.000000,29.000000,29.000000,30.000000,30.000000,31.000000,31.000000,31.000000,31.000000,32.000000,32.000000,33.000000,33.000000,34.000000,34.000000,34.000000,34.000000,34.000000,34.000000,34.000000,34.000000,34.000000,34.000000,34.000000,34.000000,34.000000,35.000000,35.000000,36.000000,36.000000,36.000000,36.000000,36.000000,36.000000,36.000000,36.000000,36.000000,36.000000,36.000000,36.000000,36.000000,36.000000,36.000000,36.000000,36.000000,36.000000,36.000000,36.000000,36.000000,36.000000,36.000000,36.000000,36.000000,37.000000,38.000000,39.000000,39.000000,39.000000,39.000000,39.000000,39.000000,39.000000,39.000000,39.000000,39.000000,39.000000,39.000000,39.000000,40.000000,40.000000,41.000000,42.000000,42.000000,42.000000,42.000000,42.000000,43.000000,44.000000,45.000000,46.000000,47.000000,47.000000,48.000000,48.000000,49.000000,49.000000,49.000000,49.000000,49.000000,50.000000,51.000000,51.000000,52.000000,52.000000,52.000000,53.000000,53.000000,53.000000,53.000000,53.000000,53.000000,53.000000,54.000000,54.000000,54.000000,54.000000,54.000000,54.000000,55.000000,56.000000,57.000000,57.000000,57.000000,57.000000,57.000000,57.000000,57.000000,57.000000,58.000000,58.000000,58.000000,59.000000,60.000000,60.000000,60.000000,61.000000,61.000000,61.000000,61.000000,61.000000,61.000000,61.000000,61.000000,61.000000,62.000000,63.000000,64.000000,64.000000,64.000000,64.000000,64.000000,64.000000,64.000000,64.000000,64.000000,64.000000,65.000000,65.000000,66.000000,67.000000,68.000000,69.000000,69.000000,69.000000,69.000000,69.000000,70.000000,70.000000,70.000000,71.000000,71.000000,72.000000,72.000000,72.000000,73.000000,73.000000,73.000000,74.000000,74.000000,74.000000,75.000000,75.000000,75.000000,75.000000,75.000000,75.000000,76.000000,76.000000,77.000000,78.000000,78.000000,78.000000,78.000000,78.000000,78.000000,79.000000,79.000000,79.000000,79.000000;;0;402352
301cb4;1e841c;3127;0;0;0000000000000080;    20m  9s 139ms 786μs 856ns;302;-1;             20ms 568μs 897ns;79.000000;3.822785;0.000000;inf;4;1;Unfinished;1.000000,1.000000,1.000000,1.000000,2.000000,2.000000,2.000000,2.000000,2.000000,2.000000,2.000000,2.000000,2.000000,2.000000,2.000000,3.000000,4.000000,5.000000,6.000000,6.000000,6.000000,6.000000,6.000000,6.000000,6.000000,7.000000,7.000000,8.000000,8.000000,9.000000,9.000000,9.000000,9.000000,10.000000,11.000000,11.000000,11.000000,11.000000,11.000000,11.000000,11.000000,12.000000,12.000000,12.000000,13.000000,13.000000,13.000000,14.000000,14.000000,14.000000,15.000000,15.000000,16.000000,16.000000,16.000000,16.000000,16.000000,17.000000,18.000000,18.000000,18.000000,19.000000,19.000000,19.000000,20.000000,20.000000,20.000000,21.000000,21.000000,21.000000,21.000000,21.000000,22.000000,22.000000,23.000000,23.000000,24.000000,24.000000,24.000000,24.000000,24.000000,24.000000,24.000000,24.000000,24.000000,24.000000,24.000000,24.000000,24.000000,24.000000,24.000000,24.000000,24.000000,24.000000,24.000000,24.000000,24.000000,24.000000,24.000000,24.000000,24.000000,25.000000,26.000000,27.000000,27.000000,27.000000,28.000000,28.000000,29.000000,29.000000,29.000000,30.000000,30.000000,31.000000,31.000000,31.000000,31.000000,32.000000,32.000000,33.000000,33.000000,33.000000,33.000000,33.000000,34.000000,34.000000,34.000000,35.000000,35.000000,35.000000,35.000000,35.000000,35.000000,35.000000,35.000000,35.000000,35.000000,35.000000,35.000000,35.000000,35.000000,35.000000,35.000000,35.000000,35.000000,35.000000,35.000000,35.000000,35.000000,35.000000,35.000000,35.000000,35.000000,35.000000,35.000000,35.000000,35.000000,35.000000,35.000000,35.000000,35.000000,36.000000,37.000000,37.000000,37.000000,37.000000,37.000000,37.000000,38.000000,39.000000,40.000000,41.000000,41.000000,41.000000,41.000000,41.000000,42.000000,43.000000,43.000000,44.000000,45.000000,45.000000,45.000000,45.000000,45.000000,45.000000,46.000000,46.000000,46.000000,46.000000,46.000000,46.000000,46.000000,46.000000,47.000000,47.000000,47.000000,47.000000,47.000000,48.000000,48.000000,49.000000,49.000000,49.000000,49.000000,49.000000,50.000000,51.000000,51.000000,52.000000,53.000000,54.000000,54.000000,55.000000,56.000000,57.000000,58.000000,58.000000,58.000000,58.000000,58.000000,58.000000,58.000000,58.000000,58.000000,59.000000,59.000000,59.000000,59.000000,59.000000,59.000000,60.000000,60.000000,60.000000,60.000000,60.000000,60.000000,60.000000,60.000000,60.000000,61.000000,62.000000,63.000000,63.000000,63.000000,63.000000,63.000000,63.000000,63.000000,63.000000,63.000000,63.000000,64.000000,64.000000,65.000000,66.000000,67.000000,68.000000,68.000000,68.000000,68.000000,68.000000,69.000000,69.000000,69.000000,70.000000,70.000000,71.000000,71.000000,71.000000,72.000000,72.000000,72.000000,73.000000,73.000000,73.000000,74.000000,74.000000,74.000000,74.000000,74.000000,74.000000,75.000000,75.000000,76.000000,77.000000,77.000000,77.000000,77.000000,77.000000,77.000000,78.000000,79.000000,79.000000,79.000000,79.000000,79.000000,79.000000,79.000000,79.000000,79.000000,79.000000;;0;655648
93011;71fa1;3127;0;0;0000000000000080;     3m 19s 639ms 433μs 459ns;333;-1;             22ms  32μs 863ns;79.000000;4.215190;0.000000;inf;4;1;Unfinished;1.000000,1.000000,1.000000,1.000000,2.000000,2.000000,2.000000,2.000000,2.000000,2.000000,2.000000,2.000000,2.000000,2.000000,2.000000,3.000000,4.000000,5.000000,6.000000,6.000000,6.000000,6.000000,6.000000,6.000000,6.000000,7.000000,7.000000,8.000000,8.000000,9.000000,9.000000,9.000000,9.000000,10.000000,11.000000,11.000000,11.000000,11.000000,11.000000,11.000000,11.000000,12.000000,12.000000,13.000000,13.000000,13.000000,13.000000,13.000000,13.000000,13.000000,14.000000,14.000000,14.000000,15.000000,16.000000,16.000000,17.000000,17.000000,17.000000,17.000000,17.000000,17.000000,17.000000,18.000000,19.000000,19.000000,19.000000,20.000000,20.000000,20.000000,21.000000,21.000000,21.000000,22.000000,22.000000,22.000000,22.000000,22.000000,23.000000,23.000000,24.000000,24.000000,25.000000,25.000000,25.000000,25.000000,25.000000,25.000000,25.000000,25.000000,25.000000,25.000000,25.000000,25.000000,25.000000,25.000000,25.000000,25.000000,25.000000,25.000000,25.000000,25.000000,25.000000,25.000000,25.000000,25.000000,25.000000,26.000000,27.000000,28.000000,28.000000,28.000000,29.000000,29.000000,30.000000,30.000000,30.000000,30.000000,30.000000,30.000000,30.000000,30.000000,30.000000,30.000000,31.000000,31.000000,32.000000,32.000000,32.000000,32.000000,33.000000,33.000000,34.000000,34.000000,35.000000,35.000000,35.000000,35.000000,35.000000,35.000000,35.000000,35.000000,35.000000,35.000000,35.000000,35.000000,35.000000,36.000000,36.000000,36.000000,36.000000,36.000000,36.000000,36.000000,36.000000,36.000000,36.000000,36.000000,36.000000,36.000000,36.000000,36.000000,36.000000,36.000000,36.000000,36.000000,36.000000,36.000000,36.000000,36.000000,36.000000,36.000000,36.000000,36.000000,36.000000,36.000000,36.000000,36.000000,36.000000,36.000000,36.000000,37.000000,38.000000,38.000000,38.000000,38.000000,38.000000,38.000000,39.000000,40.000000,41.000000,42.000000,42.000000,42.000000,42.000000,42.000000,43.000000,44.000000,44.000000,45.000000,46.000000,46.000000,46.000000,46.000000,46.000000,46.000000,47.000000,47.000000,47.000000,47.000000,47.000000,47.000000,47.000000,47.000000,48.000000,48.000000,48.000000,48.000000,48.000000,49.000000,49.000000,50.000000,50.000000,50.000000,50.000000,50.000000,51.000000,52.000000,52.000000,53.000000,54.000000,55.000000,55.000000,56.000000,56.000000,56.000000,56.000000,57.000000,58.000000,59.000000,59.000000,59.000000,60.000000,60.000000,60.000000,60.000000,60.000000,60.000000,61.000000,61.000000,61.000000,61.000000,61.000000,61.000000,61.000000,61.000000,61.000000,62.000000,63.000000,64.000000,64.000000,64.000000,64.000000,64.000000,64.000000,64.000000,64.000000,64.000000,64.000000,65.000000,65.000000,66.000000,67.000000,68.000000,69.000000,69.000000,69.000000,69.000000,69.000000,70.000000,70.000000,70.000000,71.000000,71.000000,72.000000,72.000000,72.000000,73.000000,73.000000,73.000000,74.000000,74.000000,74.000000,75.000000,76.000000,76.000000,76.000000,77.000000,78.000000,78.000000,78.000000,78.000000,78.000000,78.000000,78.000000,78.000000,79.000000;;0;110880
1546f3;92dd3;3127;0;0;0000000000000080;     8m 10s 625ms 173μs 911ns;307;-1;             20ms 429μs 483ns;79.000000;3.886076;0.000000;inf;4;1;Unfinished;1.000000,1.000000,1.000000,1.000000,2.000000,2.000000,2.000000,2.000000,2.000000,2.000000,2.000000,2.000000,2.000000,2.000000,2.000000,3.000000,4.000000,5.000000,6.000000,6.000000,6.000000,6.000000,6.000000,6.000000,6.000000,7.000000,7.000000,8.000000,8.000000,9.000000,9.000000,9.000000,9.000000,10.000000,11.000000,11.000000,11.000000,11.000000,11.000000,11.000000,11.000000,12.000000,12.000000,13.000000,13.000000,13.000000,13.000000,13.000000,13.000000,13.000000,14.000000,14.000000,14.000000,15.000000,16.000000,16.000000,17.000000,17.000000,17.000000,17.000000,17.000000,17.000000,17.000000,18.000000,19.000000,19.000000,19.000000,20.000000,20.000000,20.000000,21.000000,21.000000,21.000000,22.000000,22.000000,22.000000,22.000000,22.000000,23.000000,23.000000,24.000000,24.000000,25.000000,25.000000,25.000000,25.000000,25.000000,25.000000,25.000000,25.000000,25.000000,25.000000,25.000000,25.000000,25.000000,25.000000,25.000000,25.000000,25.000000,25.000000,25.000000,25.000000,25.000000,25.000000,25.000000,25.000000,25.000000,26.000000,27.000000,28.000000,28.000000,28.000000,29.000000,29.000000,30.000000,30.000000,30.000000,30.000000,30.000000,30.000000,30.000000,30.000000,30.000000,30.000000,31.000000,31.000000,32.000000,32.000000,32.000000,32.000000,33.000000,33.000000,34.000000,34.000000,34.000000,34.000000,34.000000,34.000000,34.000000,34.000000,34.000000,34.000000,34.000000,34.000000,34.000000,34.000000,34.000000,34.000000,34.000000,34.000000,34.000000,34.000000,34.000000,34.000000,34.000000,34.000000,34.000000,34.000000,34.000000,35.000000,36.000000,36.000000,36.000000,36.000000,36.000000,36.000000,37.000000,38.000000,39.000000,40.000000,40.000000,40.000000,40.000000,40.000000,41.000000,42.000000,42.000000,43.000000,44.000000,44.000000,44.000000,44.000000,44.000000,44.000000,45.000000,45.000000,45.000000,45.000000,45.000000,45.000000,45.000000,45.000000,46.000000,46.000000,46.000000,46.000000,46.000000,47.000000,47.000000,48.000000,48.000000,48.000000,48.000000,48.000000,49.000000,50.000000,50.000000,51.000000,52.000000,53.000000,53.000000,54.000000,55.000000,56.000000,57.000000,57.000000,57.000000,57.000000,58.000000,58.000000,58.000000,58.000000,58.000000,58.000000,59.000000,59.000000,59.000000,59.000000,59.000000,59.000000,59.000000,59.000000,59.000000,60.000000,61.000000,62.000000,62.000000,62.000000,62.000000,62.000000,62.000000,62.000000,62.000000,62.000000,62.000000,63.000000,63.000000,64.000000,65.000000,66.000000,67.000000,67.000000,67.000000,67.000000,67.000000,68.000000,68.000000,68.000000,69.000000,69.000000,70.000000,70.000000,70.000000,71.000000,71.000000,71.000000,72.000000,72.000000,72.000000,73.000000,73.000000,73.000000,73.000000,73.000000,73.000000,74.000000,74.000000,75.000000,76.000000,76.000000,76.000000,76.000000,76.000000,76.000000,77.000000,77.000000,77.000000,77.000000,77.000000,77.000000,77.000000,77.000000,77.000000,77.000000,77.000000,77.000000,77.000000,78.000000,78.000000,78.000000,78.000000,78.000000,78.000000,78.000000,78.000000,78.000000,78.000000,79.000000;;0;275982
2c1d8b;1e839c;3127;0;0;0000000000000080;    17m 59s 923ms 818μs 774ns;308;-1;             24ms 585μs 286ns;79.000000;3.898734;0.000000;inf;4;1;Unfinished;1.000000,1.000000,1.000000,1.000000,2.000000,2.000000,2.000000,2.000000,2.000000,2.000000,2.000000,2.000000,2.000000,2.000000,2.000000,3.000000,4.000000,5.000000,6.000000,6.000000,6.000000,6.000000,6.000000,6.000000,6.000000,7.000000,7.000000,8.000000,8.000000,9.000000,9.000000,9.000000,9.000000,10.000000,11.000000,11.000000,11.000000,11.000000,11.000000,11.000000,11.000000,12.000000,12.000000,13.000000,13.000000,13.000000,13.000000,13.000000,13.000000,13.000000,14.000000,14.000000,14.000000,15.000000,16.000000,16.000000,17.000000,17.000000,17.000000,17.000000,17.000000,17.000000,17.000000,18.000000,19.000000,19.000000,19.000000,20.000000,20.000000,20.000000,21.000000,21.000000,21.000000,22.000000,22.000000,22.000000,22.000000,22.000000,23.000000,23.000000,24.000000,24.000000,25.000000,25.000000,25.000000,25.000000,25.000000,25.000000,25.000000,25.000000,25.000000,25.000000,25.000000,25.000000,25.000000,25.000000,25.000000,25.000000,25.000000,25.000000,25.000000,25.000000,25.000000,25.000000,25.000000,25.000000,25.000000,26.000000,27.000000,28.000000,28.000000,28.000000,29.000000,29.000000,30.000000,30.000000,30.000000,30.000000,30.000000,30.000000,30.000000,30.000000,30.000000,30.000000,31.000000,31.000000,32.000000,32.000000,32.000000,32.000000,33.000000,33.000000,34.000000,34.000000,35.000000,35.000000,35.000000,35.000000,35.000000,35.000000,35.000000,35.000000,35.000000,35.000000,35.000000,35.000000,35.000000,35.000000,35.000000,35.000000,35.000000,35.000000,35.000000,35.000000,35.000000,35.000000,35.000000,35.000000,35.000000,35.000000,35.000000,35.000000,35.000000,35.000000,35.000000,35.000000,35.000000,35.000000,35.000000,35.000000,35.000000,36.000000,36.000000,36.000000,36.000000,36.000000,36.000000,36.000000,36.000000,36.000000,36.000000,36.000000,36.000000,36.000000,37.000000,37.000000,38.000000,38.000000,39.000000,40.000000,40.000000,41.000000,42.000000,43.000000,44.000000,44.000000,44.000000,44.000000,45.000000,46.000000,47.000000,47.000000,48.000000,48.000000,48.000000,48.000000,48.000000,49.000000,50.000000,50.000000,51.000000,51.000000,51.000000,52.000000,52.000000,52.000000,52.000000,52.000000,52.000000,52.000000,53.000000,53.000000,53.000000,53.000000,53.000000,53.000000,54.000000,55.000000,56.000000,56.000000,57.000000,57.000000,57.000000,58.000000,59.000000,59.000000,59.000000,60.000000,60.000000,60.000000,60.000000,60.000000,60.000000,60.000000,60.000000,60.000000,61.000000,62.000000,63.000000,63.000000,63.000000,63.000000,63.000000,63.000000,63.000000,63.000000,63.000000,63.000000,64.000000,64.000000,65.000000,66.000000,67.000000,68.000000,68.000000,68.000000,68.000000,68.000000,69.000000,69.000000,69.000000,70.000000,70.000000,71.000000,71.000000,71.000000,72.000000,72.000000,72.000000,73.000000,73.000000,73.000000,74.000000,74.000000,74.000000,74.000000,74.000000,74.000000,75.000000,75.000000,76.000000,77.000000,77.000000,77.000000,77.000000,77.000000,77.000000,78.000000,79.000000,79.000000,79.000000,79.000000,79.000000,79.000000,79.000000,79.000000,79.000000,79.000000;;0;592498
5643b5;1e84d0;3127;0;0;0000000000000080;    35m 31s 803ms 502μs 762ns;308;-1;             21ms 430μs 705ns;79.000000;3.898734;0.000000;inf;4;1;Unfinished;1.000000,1.000000,1.000000,1.000000,2.000000,2.000000,2.000000,2.000000,2.000000,2.000000,2.000000,2.000000,2.000000,2.000000,2.000000,3.000000,4.000000,5.000000,6.000000,6.000000,6.000000,6.000000,6.000000,6.000000,6.000000,7.000000,7.000000,8.000000,8.000000,9.000000,9.000000,9.000000,9.000000,10.000000,11.000000,11.000000,11.000000,11.000000,11.000000,11.000000,11.000000,12.000000,12.000000,13.000000,13.000000,13.000000,13.000000,13.000000,13.000000,13.000000,14.000000,14.000000,14.000000,15.000000,16.000000,16.000000,17.000000,17.000000,17.000000,17.000000,17.000000,17.000000,17.000000,18.000000,19.000000,19.000000,19.000000,20.000000,20.000000,20.000000,21.000000,21.000000,21.000000,22.000000,22.000000,22.000000,22.000000,22.000000,23.000000,23.000000,24.000000,24.000000,25.000000,25.000000,25.000000,25.000000,25.000000,25.000000,25.000000,25.000000,25.000000,25.000000,25.000000,25.000000,25.000000,25.000000,25.000000,25.000000,25.000000,25.000000,25.000000,25.000000,25.000000,25.000000,25.000000,25.000000,25.000000,26.000000,27.000000,28.000000,28.000000,28.000000,29.000000,29.000000,30.000000,30.000000,30.000000,30.000000,30.000000,30.000000,30.000000,30.000000,30.000000,30.000000,31.000000,31.000000,32.000000,32.000000,32.000000,32.000000,33.000000,33.000000,34.000000,34.000000,34.000000,34.000000,34.000000,35.000000,35.000000,35.000000,36.000000,36.000000,36.000000,36.000000,36.000000,36.000000,36.000000,36.000000,36.000000,36.000000,36.000000,36.000000,36.000000,36.000000,36.000000,36.000000,36.000000,36.000000,36.000000,36.000000,36.000000,36.000000,36.000000,36.000000,36.000000,36.000000,36.000000,36.000000,36.000000,36.000000,36.000000,36.000000,36.000000,36.000000,37.000000,38.000000,38.000000,38.000000,38.000000,38.000000,38.000000,39.000000,40.000000,41.000000,42.000000,42.000000,42.000000,42.000000,42.000000,43.000000,44.000000,44.000000,45.000000,46.000000,46.000000,46.000000,46.000000,46.000000,46.000000,47.000000,47.000000,47.000000,47.000000,47.000000,47.000000,47.000000,47.000000,48.000000,48.000000,48.000000,48.000000,48.000000,49.000000,49.000000,50.000000,50.000000,50.000000,50.000000,50.000000,51.000000,52.000000,52.000000,53.000000,54.000000,55.000000,55.000000,56.000000,56.000000,56.000000,57.000000,58.000000,59.000000,59.000000,59.000000,59.000000,59.000000,59.000000,59.000000,59.000000,59.000000,59.000000,60.000000,60.000000,60.000000,60.000000,60.000000,60.000000,61.000000,61.000000,61.000000,61.000000,61.000000,61.000000,61.000000,61.000000,61.000000,62.000000,63.000000,64.000000,64.000000,64.000000,64.000000,64.000000,64.000000,64.000000,64.000000,64.000000,64.000000,65.000000,65.000000,66.000000,67.000000,68.000000,69.000000,69.000000,69.000000,69.000000,69.000000,70.000000,70.000000,70.000000,71.000000,71.000000,72.000000,72.000000,72.000000,73.000000,73.000000,73.000000,74.000000,74.000000,74.000000,75.000000,76.000000,76.000000,76.000000,77.000000,77.000000,77.000000,77.000000,78.000000,78.000000,78.000000,78.000000,78.000000,78.000000,78.000000,78.000000,79.000000;;0;1174173
58832e;1e84bc;3127;0;0;0000000000000080;    36m 30s 759ms 836μs 787ns;308;-1;             21ms 483μs 640ns;79.000000;3.898734;0.000000;inf;4;1;Unfinished;1.000000,1.000000,1.000000,1.000000,2.000000,2.000000,2.000000,2.000000,2.000000,2.000000,2.000000,2.000000,2.000000,2.000000,2.000000,3.000000,4.000000,5.000000,6.000000,6.000000,6.000000,6.000000,6.000000,6.000000,6.000000,7.000000,7.000000,8.000000,8.000000,9.000000,9.000000,9.000000,9.000000,10.000000,11.000000,11.000000,11.000000,11.000000,11.000000,11.000000,11.000000,12.000000,12.000000,13.000000,13.000000,13.000000,13.000000,13.000000,13.000000,13.000000,14.000000,14.000000,14.000000,15.000000,16.000000,16.000000,17.000000,17.000000,17.000000,17.000000,17.000000,17.000000,17.000000,18.000000,19.000000,19.000000,19.000000,20.000000,20.000000,20.000000,21.000000,21.000000,21.000000,22.000000,22.000000,22.000000,22.000000,22.000000,23.000000,23.000000,24.000000,24.000000,25.000000,25.000000,25.000000,25.000000,25.000000,25.000000,25.000000,25.000000,25.000000,25.000000,25.000000,25.000000,25.000000,25.000000,25.000000,25.000000,25.000000,25.000000,25.000000,25.000000,25.000000,25.000000,25.000000,25.000000,25.000000,26.000000,27.000000,28.000000,28.000000,28.000000,29.000000,29.000000,30.000000,30.000000,30.000000,30.000000,30.000000,30.000000,30.000000,30.000000,30.000000,30.000000,31.000000,31.000000,32.000000,32.000000,32.000000,32.000000,33.000000,33.000000,34.000000,34.000000,35.000000,35.000000,35.000000,35.000000,35.000000,35.000000,35.000000,35.000000,35.000000,35.000000,35.000000,35.000000,35.000000,36.000000,36.000000,36.000000,36.000000,36.000000,36.000000,36.000000,36.000000,36.000000,36.000000,36.000000,36.000000,36.000000,36.000000,36.000000,36.000000,36.000000,36.000000,36.000000,36.000000,36.000000,36.000000,36.000000,36.000000,36.000000,36.000000,36.000000,36.000000,36.000000,36.000000,36.000000,36.000000,36.000000,36.000000,37.000000,38.000000,38.000000,38.000000,38.000000,38.000000,38.000000,39.000000,40.000000,41.000000,42.000000,42.000000,42.000000,42.000000,42.000000,43.000000,44.000000,44.000000,45.000000,46.000000,46.000000,46.000000,46.000000,46.000000,46.000000,47.000000,47.000000,47.000000,47.000000,47.000000,47.000000,47.000000,47.000000,48.000000,48.000000,48.000000,48.000000,48.000000,49.000000,49.000000,50.000000,50.000000,50.000000,50.000000,50.000000,51.000000,52.000000,52.000000,53.000000,54.000000,55.000000,55.000000,56.000000,56.000000,56.000000,57.000000,58.000000,59.000000,59.000000,59.000000,59.000000,59.000000,59.000000,59.000000,59.000000,59.000000,59.000000,60.000000,60.000000,60.000000,60.000000,60.000000,60.000000,61.000000,61.000000,61.000000,61.000000,61.000000,61.000000,61.000000,61.000000,61.000000,62.000000,63.000000,63.000000,64.000000,64.000000,65.000000,65.000000,66.000000,67.000000,68.000000,69.000000,69.000000,69.000000,69.000000,69.000000,70.000000,70.000000,70.000000,71.000000,71.000000,72.000000,72.000000,72.000000,73.000000,73.000000,73.000000,74.000000,75.000000,75.000000,76.000000,76.000000,76.000000,77.000000,77.000000,77.000000,77.000000,77.000000,78.000000,78.000000,78.000000,78.000000,78.000000,78.000000,78.000000,78.000000,79.000000;;0;1206665
8f2fc6;3e86cb;3127;0;0;0000000000000080;    58m 32s 929ms 841μs 989ns;310;-1;             22ms 369μs 228ns;79.000000;3.924051;0.000000;inf;4;1;Unfinished;1.000000,1.000000,1.000000,1.000000,2.000000,2.000000,2.000000,2.000000,2.000000,2.000000,2.000000,2.000000,2.000000,2.000000,2.000000,3.000000,4.000000,5.000000,6.000000,6.000000,6.000000,6.000000,6.000000,6.000000,6.000000,7.000000,7.000000,8.000000,8.000000,9.000000,9.000000,9.000000,9.000000,10.000000,11.000000,11.000000,11.000000,11.000000,11.000000,11.000000,11.000000,12.000000,12.000000,13.000000,13.000000,13.000000,13.000000,13.000000,13.000000,13.000000,14.000000,14.000000,14.000000,15.000000,16.000000,16.000000,17.000000,17.000000,17.000000,17.000000,17.000000,17.000000,17.000000,18.000000,19.000000,19.000000,19.000000,20.000000,20.000000,20.000000,21.000000,21.000000,21.000000,22.000000,22.000000,22.000000,22.000000,22.000000,23.000000,23.000000,24.000000,24.000000,25.000000,25.000000,25.000000,25.000000,25.000000,25.000000,25.000000,25.000000,25.000000,25.000000,25.000000,25.000000,25.000000,25.000000,25.000000,25.000000,25.000000,25.000000,25.000000,25.000000,25.000000,25.000000,25.000000,25.000000,25.000000,26.000000,27.000000,28.000000,28.000000,28.000000,29.000000,29.000000,30.000000,30.000000,30.000000,31.000000,31.000000,32.000000,32.000000,32.000000,32.000000,33.000000,33.000000,34.000000,34.000000,35.000000,35.000000,36.000000,36.000000,36.000000,36.000000,36.000000,36.000000,36.000000,36.000000,36.000000,36.000000,36.000000,36.000000,36.000000,36.000000,36.000000,36.000000,36.000000,36.000000,36.000000,36.000000,36.000000,36.000000,36.000000,36.000000,36.000000,36.000000,36.000000,36.000000,36.000000,36.000000,36.000000,36.000000,36.000000,36.000000,36.000000,36.000000,36.000000,37.000000,38.000000,38.000000,38.000000,38.000000,38.000000,38.000000,39.000000,40.000000,41.000000,42.000000,42.000000,42.000000,42.000000,42.000000,43.000000,44.000000,44.000000,45.000000,46.000000,46.000000,46.000000,46.000000,46.000000,46.000000,47.000000,47.000000,47.000000,47.000000,47.000000,47.000000,47.000000,47.000000,48.000000,48.000000,48.000000,48.000000,48.000000,49.000000,49.000000,50.000000,50.000000,50.000000,50.000000,50.000000,51.000000,52.000000,52.000000,53.000000,54.000000,55.000000,55.000000,56.000000,57.000000,58.000000,59.000000,59.000000,59.000000,59.000000,60.000000,60.000000,60.000000,60.000000,60.000000,60.000000,61.000000,61.000000,61.000000,61.000000,61.000000,61.000000,61.000000,61.000000,61.000000,62.000000,63.000000,64.000000,64.000000,64.000000,64.000000,64.000000,64.000000,64.000000,64.000000,64.000000,64.000000,65.000000,65.000000,66.000000,67.000000,68.000000,69.000000,69.000000,69.000000,69.000000,69.000000,70.000000,70.000000,70.000000,71.000000,71.000000,72.000000,72.000000,72.000000,73.000000,73.000000,73.000000,74.000000,74.000000,74.000000,75.000000,75.000000,75.000000,75.000000,75.000000,75.000000,76.000000,76.000000,77.000000,77.000000,77.000000,77.000000,77.000000,77.000000,77.000000,77.000000,77.000000,77.000000,77.000000,77.000000,78.000000,78.000000,78.000000,78.000000,78.000000,78.000000,78.000000,78.000000,78.000000,78.000000,78.000000,78.000000,78.000000,78.000000,79.000000;;0;1952382
92f42;71fa1;3127;0;0;0000000000000080;     3m 19s 386ms 616μs 973ns;340;-1;             24ms 897μs 546ns;79.000000;4.303797;0.000000;inf;4;1;Unfinished;1.000000,1.000000,1.000000,1.000000,2.000000,2.000000,2.000000,2.000000,2.000000,2.000000,2.000000,2.000000,2.000000,2.000000,2.000000,3.000000,4.000000,5.000000,6.000000,6.000000,6.000000,6.000000,6.000000,6.000000,6.000000,7.000000,7.000000,8.000000,8.000000,9.000000,9.000000,9.000000,9.000000,10.000000,11.000000,11.000000,11.000000,11.000000,11.000000,11.000000,11.000000,12.000000,12.000000,13.000000,13.000000,13.000000,13.000000,13.000000,13.000000,13.000000,14.000000,14.000000,14.000000,15.000000,16.000000,16.000000,17.000000,17.000000,17.000000,17.000000,17.000000,17.000000,17.000000,18.000000,19.000000,19.000000,19.000000,20.000000,20.000000,20.000000,21.000000,21.000000,21.000000,22.000000,22.000000,22.000000,22.000000,22.000000,23.000000,23.000000,24.000000,24.000000,25.000000,25.000000,25.000000,25.000000,25.000000,25.000000,25.000000,25.000000,25.000000,25.000000,25.000000,25.000000,25.000000,25.000000,25.000000,25.000000,25.000000,25.000000,25.000000,25.000000,25.000000,25.000000,25.000000,25.000000,25.000000,26.000000,27.000000,28.000000,28.000000,28.000000,29.000000,29.000000,30.000000,30.000000,30.000000,30.000000,30.000000,30.000000,30.000000,30.000000,30.000000,30.000000,31.000000,31.000000,32.000000,32.000000,32.000000,32.000000,33.000000,33.000000,34.000000,34.000000,35.000000,35.000000,35.000000,35.000000,35.000000,35.000000,35.000000,35.000000,35.000000,35.000000,35.000000,35.000000,35.000000,36.000000,36.000000,36.000000,36.000000,36.000000,36.000000,36.000000,36.000000,36.000000,36.000000,36.000000,36.000000,36.000000,36.000000,36.000000,36.000000,36.000000,36.000000,36.000000,36.000000,36.000000,36.000000,36.000000,36.000000,36.000000,36.000000,36.000000,36.000000,36.000000,36.000000,36.000000,36.000000,36.000000,36.000000,37.000000,38.000000,38.000000,38.000000,38.000000,38.000000,38.000000,39.000000,40.000000,41.000000,42.000000,42.000000,42.000000,42.000000,42.000000,43.000000,44.000000,44.000000,45.000000,46.000000,46.000000,46.000000,46.000000,46.000000,46.000000,47.000000,47.000000,47.000000,47.000000,47.000000,47.000000,47.000000,47.000000,48.000000,48.000000,48.000000,48.000000,48.000000,49.000000,49.000000,50.000000,50.000000,50.000000,50.000000,50.000000,51.000000,52.000000,52.000000,53.000000,54.000000,55.000000,55.000000,56.000000,56.000000,56.000000,56.000000,57.000000,58.000000,59.000000,59.000000,59.000000,59.000000,59.000000,59.000000,59.000000,59.000000,59.000000,59.000000,60.000000,60.000000,60.000000,60.000000,60.000000,60.000000,61.000000,61.000000,61.000000,61.000000,61.000000,61.000000,61.000000,61.000000,61.000000,62.000000,63.000000,64.000000,64.000000,64.000000,64.000000,64.000000,64.000000,64.000000,64.000000,64.000000,64.000000,65.000000,65.000000,66.000000,67.000000,68.000000,69.000000,69.000000,69.000000,69.000000,69.000000,70.000000,70.000000,70.000000,71.000000,71.000000,72.000000,72.000000,72.000000,73.000000,73.000000,73.000000,74.000000,74.000000,74.000000,75.000000,76.000000,76.000000,76.000000,77.000000,78.000000,78.000000,78.000000,78.000000,78.000000,78.000000,78.000000,78.000000,79.000000;;0;110801
2b6695;df0ab;3127;0;0;0000000000000080;    17m 29s 544ms 901μs 699ns;342;-1;             22ms 378μs 858ns;79.000000;4.329114;0.000000;inf;4;1;Unfinished;1.000000,1.000000,1.000000,1.000000,2.000000,2.000000,2.000000,2.000000,2.000000,2.000000,2.000000,2.000000,2.000000,2.000000,2.000000,3.000000,4.000000,5.000000,6.000000,6.000000,6.000000,6.000000,6.000000,6.000000,6.000000,7.000000,7.000000,8.000000,8.000000,9.000000,9.000000,9.000000,9.000000,10.000000,11.000000,11.000000,11.000000,11.000000,11.000000,11.000000,11.000000,12.000000,12.000000,13.000000,13.000000,13.000000,13.000000,13.000000,13.000000,13.000000,14.000000,14.000000,14.000000,15.000000,16.000000,16.000000,17.000000,17.000000,17.000000,17.000000,17.000000,17.000000,17.000000,18.000000,19.000000,19.000000,19.000000,20.000000,20.000000,20.000000,21.000000,21.000000,21.000000,22.000000,22.000000,22.000000,22.000000,22.000000,23.000000,23.000000,24.000000,24.000000,25.000000,25.000000,25.000000,25.000000,25.000000,25.000000,25.000000,25.000000,25.000000,25.000000,25.000000,25.000000,25.000000,25.000000,25.000000,25.000000,25.000000,25.000000,25.000000,25.000000,25.000000,25.000000,25.000000,25.000000,25.000000,26.000000,27.000000,28.000000,28.000000,28.000000,29.000000,29.000000,30.000000,30.000000,30.000000,30.000000,30.000000,30.000000,30.000000,30.000000,30.000000,30.000000,31.000000,31.000000,32.000000,32.000000,32.000000,32.000000,33.000000,33.000000,34.000000,34.000000,35.000000,35.000000,35.000000,35.000000,35.000000,35.000000,35.000000,35.000000,35.000000,35.000000,35.000000,35.000000,35.000000,36.000000,36.000000,36.000000,36.000000,36.000000,36.000000,36.000000,36.000000,36.000000,36.000000,36.000000,36.000000,36.000000,36.000000,36.000000,36.000000,36.000000,36.000000,36.000000,36.000000,36.000000,36.000000,36.000000,36.000000,36.000000,36.000000,37.000000,38.000000,39.000000,39.000000,39.000000,39.000000,39.000000,39.000000,39.000000,39.000000,39.000000,39.000000,39.000000,39.000000,39.000000,40.000000,40.000000,41.000000,42.000000,42.000000,42.000000,42.000000,42.000000,43.000000,44.000000,45.000000,45.000000,45.000000,45.000000,46.000000,47.000000,48.000000,48.000000,49.000000,49.000000,49.000000,49.000000,49.000000,50.000000,51.000000,51.000000,52.000000,52.000000,52.000000,53.000000,53.000000,53.000000,53.000000,53.000000,53.000000,53.000000,54.000000,54.000000,54.000000,54.000000,54.000000,54.000000,55.000000,56.000000,56.000000,56.000000,56.000000,56.000000,56.000000,56.000000,56.000000,56.000000,56.000000,56.000000,56.000000,56.000000,56.000000,56.000000,57.000000,57.000000,58.000000,58.000000,58.000000,59.000000,60.000000,60.000000,60.000000,61.000000,61.000000,61.000000,61.000000,61.000000,61.000000,61.000000,61.000000,61.000000,62.000000,63.000000,64.000000,64.000000,64.000000,64.000000,64.000000,64.000000,64.000000,64.000000,64.000000,64.000000,65.000000,65.000000,66.000000,67.000000,68.000000,69.000000,69.000000,69.000000,69.000000,69.000000,70.000000,70.000000,70.000000,71.000000,71.000000,72.000000,72.000000,72.000000,73.000000,73.000000,73.000000,74.000000,74.000000,74.000000,75.000000,76.000000,76.000000,76.000000,77.000000,77.000000,77.000000,78.000000,78.000000,78.000000,78.000000,78.000000,78.000000,78.000000,78.000000,79.000000;;0;579815
2d8b9a;df0a2;3127;0;0;0000000000000080;    18m 59s 595ms 890μs 415ns;342;-1;             23ms 214μs 927ns;79.000000;4.329114;0.000000;inf;4;1;Unfinished;1.000000,1.000000,1.000000,1.000000,2.000000,2.000000,2.000000,2.000000,2.000000,2.000000,2.000000,2.000000,2.000000,2.000000,2.000000,3.000000,4.000000,5.000000,6.000000,6.000000,6.000000,6.000000,6.000000,6.000000,6.000000,7.000000,7.000000,8.000000,8.000000,9.000000,9.000000,9.000000,9.000000,10.000000,11.000000,11.000000,11.000000,11.000000,11.000000,11.000000,11.000000,12.000000,12.000000,13.000000,13.000000,13.000000,13.000000,13.000000,13.000000,13.000000,14.000000,14.000000,14.000000,15.000000,16.000000,16.000000,17.000000,17.000000,17.000000,17.000000,17.000000,17.000000,17.000000,18.000000,19.000000,19.000000,19.000000,20.000000,20.000000,20.000000,21.000000,21.000000,21.000000,22.000000,22.000000,22.000000,22.000000,22.000000,23.000000,23.000000,24.000000,24.000000,25.000000,25.000000,25.000000,25.000000,25.000000,25.000000,25.000000,25.000000,25.000000,25.000000,25.000000,25.000000,25.000000,25.000000,25.000000,25.000000,25.000000,25.000000,25.000000,25.000000,25.000000,25.000000,25.000000,25.000000,25.000000,26.000000,27.000000,28.000000,28.000000,28.000000,29.000000,29.000000,30.000000,30.000000,30.000000,30.000000,30.000000,30.000000,30.000000,30.000000,30.000000,30.000000,31.000000,31.000000,32.000000,32.000000,32.000000,32.000000,33.000000,33.000000,34.000000,34.000000,35.000000,35.000000,35.000000,35.000000,35.000000,35.000000,35.000000,35.000000,35.000000,35.000000,35.000000,35.000000,35.000000,36.000000,36.000000,36.000000,36.000000,36.000000,36.000000,36.000000,36.000000,36.000000,36.000000,36.000000,36.000000,36.000000,36.000000,36.000000,36.000000,36.000000,36.000000,36.000000,36.000000,36.000000,36.000000,36.000000,36.000000,36.000000,36.000000,36.000000,36.000000,36.000000,36.000000,36.000000,36.000000,36.000000,36.000000,37.000000,38.000000,38.000000,38.000000,38.000000,38.000000,38.000000,39.000000,40.000000,41.000000,42.000000,42.000000,42.000000,42.000000,42.000000,43.000000,44.000000,44.000000,45.000000,46.000000,46.000000,46.000000,46.000000,46.000000,46.000000,47.000000,47.000000,47.000000,47.000000,47.000000,47.000000,47.000000,47.000000,48.000000,48.000000,48.000000,48.000000,48.000000,49.000000,49.000000,50.000000,50.000000,50.000000,50.000000,50.000000,51.000000,52.000000,52.000000,53.000000,54.000000,55.000000,55.000000,56.000000,56.000000,56.000000,56.000000,57.000000,58.000000,59.000000,59.000000,59.000000,59.000000,59.000000,59.000000,59.000000,59.000000,59.000000,59.000000,60.000000,60.000000,60.000000,60.000000,60.000000,60.000000,61.000000,61.000000,61.000000,61.000000,61.000000,61.000000,61.000000,61.000000,61.000000,62.000000,63.000000,64.000000,64.000000,64.000000,64.000000,64.000000,64.000000,64.000000,64.000000,64.000000,64.000000,65.000000,65.000000,66.000000,67.000000,68.000000,69.000000,69.000000,69.000000,69.000000,69.000000,70.000000,70.000000,70.000000,71.000000,71.000000,72.000000,72.000000,72.000000,73.000000,73.000000,73.000000,74.000000,75.000000,76.000000,76.000000,76.000000,77.000000,77.000000,77.000000,77.000000,77.000000,78.000000,78.000000,78.000000,78.000000,78.000000,78.000000,78.000000,78.000000,79.000000;;0;633726
57236d;1e84bc;3127;0;0;0000000000000080;    36m     577ms 210μs 440ns;315;-1;             21ms 385μs 967ns;79.000000;3.987342;0.000000;inf;4;1;Unfinished;1.000000,1.000000,1.000000,1.000000,2.000000,2.000000,2.000000,2.000000,2.000000,2.000000,2.000000,2.000000,2.000000,2.000000,2.000000,3.000000,4.000000,5.000000,6.000000,6.000000,6.000000,6.000000,6.000000,6.000000,6.000000,7.000000,7.000000,8.000000,8.000000,9.000000,9.000000,9.000000,9.000000,10.000000,11.000000,11.000000,11.000000,11.000000,11.000000,11.000000,11.000000,12.000000,12.000000,13.000000,13.000000,13.000000,13.000000,13.000000,13.000000,13.000000,14.000000,14.000000,14.000000,15.000000,16.000000,16.000000,17.000000,17.000000,17.000000,17.000000,17.000000,17.000000,17.000000,18.000000,19.000000,19.000000,19.000000,20.000000,20.000000,20.000000,21.000000,21.000000,21.000000,22.000000,22.000000,22.000000,22.000000,22.000000,23.000000,23.000000,24.000000,24.000000,25.000000,25.000000,25.000000,25.000000,25.000000,25.000000,25.000000,25.000000,25.000000,25.000000,25.000000,25.000000,25.000000,25.000000,25.000000,25.000000,25.000000,25.000000,25.000000,25.000000,25.000000,25.000000,25.000000,25.000000,25.000000,26.000000,27.000000,28.000000,28.000000,28.000000,29.000000,29.000000,30.000000,30.000000,30.000000,30.000000,30.000000,30.000000,30.000000,30.000000,30.000000,30.000000,31.000000,31.000000,32.000000,32.000000,32.000000,32.000000,33.000000,33.000000,34.000000,34.000000,35.000000,35.000000,35.000000,35.000000,35.000000,35.000000,35.000000,35.000000,35.000000,35.000000,35.000000,35.000000,35.000000,36.000000,36.000000,36.000000,36.000000,36.000000,36.000000,36.000000,36.000000,36.000000,36.000000,36.000000,36.000000,36.000000,36.000000,36.000000,36.000000,36.000000,36.000000,36.000000,36.000000,36.000000,36.000000,36.000000,36.000000,36.000000,36.000000,36.000000,36.000000,36.000000,36.000000,36.000000,36.000000,36.000000,36.000000,37.000000,38.000000,38.000000,38.000000,38.000000,38.000000,38.000000,39.000000,40.000000,41.000000,42.000000,42.000000,42.000000,42.000000,42.000000,43.000000,44.000000,44.000000,45.000000,46.000000,46.000000,46.000000,46.000000,46.000000,46.000000,47.000000,47.000000,47.000000,47.000000,47.000000,47.000000,47.000000,47.000000,48.000000,48.000000,48.000000,48.000000,48.000000,49.000000,49.000000,50.000000,50.000000,50.000000,50.000000,50.000000,51.000000,52.000000,52.000000,53.000000,54.000000,55.000000,55.000000,56.000000,56.000000,56.000000,57.000000,58.000000,59.000000,59.000000,59.000000,59.000000,59.000000,59.000000,59.000000,59.000000,59.000000,59.000000,60.000000,60.000000,60.000000,60.000000,60.000000,60.000000,61.000000,61.000000,61.000000,61.000000,61.000000,61.000000,61.000000,61.000000,61.000000,62.000000,63.000000,64.000000,64.000000,64.000000,64.000000,64.000000,64.000000,64.000000,64.000000,64.000000,64.000000,65.000000,65.000000,66.000000,67.000000,68.000000,69.000000,69.000000,69.000000,69.000000,69.000000,70.000000,70.000000,70.000000,71.000000,71.000000,72.000000,72.000000,72.000000,73.000000,73.000000,73.000000,74.000000,75.000000,75.000000,76.000000,76.000000,76.000000,77.000000,77.000000,77.000000,77.000000,77.000000,78.000000,78.000000,78.000000,78.000000,78.000000,78.000000,78.000000,78.000000,79.000000;;0;1205816
3368;31f3;3127;0;0;0000000000000080;         9s 782ms 438μs 637ns;322;-1;             20ms 530μs 290ns;79.000000;4.075949;0.000000;inf;4;1;Unfinished;1.000000,1.000000,1.000000,1.000000,2.000000,2.000000,2.000000,2.000000,2.000000,2.000000,2.000000,2.000000,2.000000,2.000000,2.000000,3.000000,4.000000,5.000000,6.000000,6.000000,6.000000,6.000000,6.000000,6.000000,6.000000,7.000000,7.000000,8.000000,8.000000,9.000000,9.000000,9.000000,9.000000,10.000000,11.000000,11.000000,11.000000,11.000000,11.000000,11.000000,11.000000,12.000000,12.000000,13.000000,13.000000,13.000000,13.000000,13.000000,13.000000,13.000000,14.000000,14.000000,14.000000,15.000000,16.000000,16.000000,17.000000,17.000000,17.000000,17.000000,17.000000,17.000000,17.000000,18.000000,19.000000,19.000000,19.000000,20.000000,20.000000,20.000000,21.000000,21.000000,21.000000,22.000000,22.000000,22.000000,22.000000,22.000000,23.000000,23.000000,24.000000,24.000000,25.000000,25.000000,25.000000,25.000000,25.000000,25.000000,25.000000,25.000000,25.000000,25.000000,25.000000,25.000000,25.000000,25.000000,25.000000,25.000000,25.000000,25.000000,25.000000,25.000000,25.000000,25.000000,25.000000,25.000000,25.000000,26.000000,27.000000,28.000000,28.000000,28.000000,29.000000,29.000000,30.000000,30.000000,30.000000,30.000000,30.000000,30.000000,30.000000,30.000000,30.000000,30.000000,31.000000,31.000000,32.000000,32.000000,32.000000,32.000000,33.000000,33.000000,34.000000,34.000000,35.000000,35.000000,35.000000,35.000000,35.000000,35.000000,35.000000,35.000000,35.000000,35.000000,35.000000,35.000000,35.000000,36.000000,36.000000,36.000000,36.000000,36.000000,36.000000,36.000000,36.000000,36.000000,36.000000,36.000000,36.000000,36.000000,36.000000,36.000000,36.000000,36.000000,36.000000,36.000000,36.000000,36.000000,36.000000,36.000000,36.000000,36.000000,36.000000,36.000000,36.000000,36.000000,36.000000,36.000000,36.000000,36.000000,36.000000,37.000000,38.000000,38.000000,38.000000,38.000000,38.000000,38.000000,39.000000,40.000000,41.000000,42.000000,42.000000,42.000000,42.000000,42.000000,43.000000,44.000000,44.000000,45.000000,46.000000,46.000000,46.000000,46.000000,46.000000,46.000000,47.000000,47.000000,47.000000,47.000000,47.000000,47.000000,47.000000,47.000000,48.000000,48.000000,48.000000,48.000000,48.000000,49.000000,49.000000,50.000000,50.000000,50.000000,50.000000,50.000000,51.000000,52.000000,52.000000,53.000000,54.000000,55.000000,55.000000,56.000000,57.000000,57.000000,57.000000,57.000000,57.000000,57.000000,57.000000,57.000000,57.000000,57.000000,57.000000,57.000000,57.000000,57.000000,57.000000,57.000000,57.000000,57.000000,57.000000,57.000000,57.000000,57.000000,57.000000,57.000000,57.000000,57.000000,57.000000,57.000000,57.000000,58.000000,58.000000,58.000000,59.000000,60.000000,60.000000,60.000000,61.000000,61.000000,61.000000,61.000000,61.000000,61.000000,61.000000,61.000000,61.000000,62.000000,63.000000,64.000000,64.000000,64.000000,64.000000,64.000000,64.000000,64.000000,64.000000,64.000000,64.000000,65.000000,65.000000,66.000000,67.000000,68.000000,69.000000,69.000000,69.000000,69.000000,69.000000,70.000000,70.000000,70.000000,71.000000,71.000000,72.000000,72.000000,72.000000,73.000000,73.000000,73.000000,74.000000,75.000000,75.000000,76.000000,77.000000,78.000000,78.000000,78.000000,78.000000,78.000000,79.000000;;0;3935
36f5;3194;3127;0;0;4000000000000080;        11s       296μs 382ns;322;-1;             22ms 437μs 572ns;79.000000;4.075949;0.000000;inf;4;1;Unfinished;1.000000,1.000000,1.000000,1.000000,2.000000,2.000000,2.000000,2.000000,2.000000,2.000000,2.000000,2.000000,2.000000,2.000000,2.000000,3.000000,4.000000,5.000000,6.000000,6.000000,6.000000,6.000000,6.000000,6.000000,6.000000,7.000000,7.000000,8.000000,8.000000,9.000000,9.000000,9.000000,9.000000,10.000000,11.000000,11.000000,11.000000,11.000000,11.000000,11.000000,11.000000,12.000000,12.000000,13.000000,13.000000,13.000000,13.000000,13.000000,13.000000,13.000000,14.000000,14.000000,14.000000,15.000000,16.000000,16.000000,17.000000,17.000000,17.000000,17.000000,17.000000,17.000000,17.000000,18.000000,19.000000,19.000000,19.000000,20.000000,20.000000,20.000000,21.000000,21.000000,21.000000,22.000000,22.000000,22.000000,22.000000,22.000000,23.000000,23.000000,24.000000,24.000000,25.000000,25.000000,25.000000,25.000000,25.000000,25.000000,25.000000,25.000000,25.000000,25.000000,25.000000,25.000000,25.000000,25.000000,25.000000,25.000000,25.000000,25.000000,25.000000,25.000000,25.000000,25.000000,25.000000,25.000000,25.000000,26.000000,27.000000,28.000000,28.000000,28.000000,29.000000,29.000000,30.000000,30.000000,30.000000,30.000000,30.000000,30.000000,30.000000,30.000000,30.000000,30.000000,31.000000,31.000000,32.000000,32.000000,32.000000,32.000000,33.000000,33.000000,34.000000,34.000000,35.000000,35.000000,35.000000,35.000000,35.000000,35.000000,35.000000,35.000000,35.000000,35.000000,35.000000,35.000000,35.000000,36.000000,36.000000,36.000000,36.000000,36.000000,36.000000,36.000000,36.000000,36.000000,36.000000,36.000000,36.000000,36.000000,36.000000,36.000000,36.000000,36.000000,36.000000,36.000000,36.000000,36.000000,36.000000,36.000000,36.000000,36.000000,36.000000,36.000000,36.000000,36.000000,36.000000,36.000000,36.000000,36.000000,36.000000,37.000000,38.000000,38.000000,38.000000,38.000000,38.000000,38.000000,39.000000,40.000000,41.000000,42.000000,42.000000,42.000000,42.000000,42.000000,43.000000,44.000000,44.000000,45.000000,46.000000,46.000000,46.000000,46.000000,46.000000,46.000000,47.000000,47.000000,47.000000,47.000000,47.000000,47.000000,47.000000,47.000000,48.000000,48.000000,48.000000,48.000000,48.000000,49.000000,49.000000,50.000000,50.000000,50.000000,50.000000,50.000000,51.000000,52.000000,52.000000,53.000000,54.000000,55.000000,55.000000,56.000000,57.000000,57.000000,57.000000,57.000000,57.000000,57.000000,57.000000,57.000000,57.000000,57.000000,57.000000,57.000000,57.000000,57.000000,57.000000,57.000000,57.000000,57.000000,57.000000,57.000000,57.000000,57.000000,57.000000,57.000000,57.000000,57.000000,57.000000,57.000000,57.000000,58.000000,58.000000,58.000000,59.000000,60.000000,60.000000,60.000000,61.000000,61.000000,61.000000,61.000000,61.000000,61.000000,61.000000,61.000000,61.000000,62.000000,63.000000,64.000000,64.000000,64.000000,64.000000,64.000000,64.000000,64.000000,64.000000,64.000000,64.000000,65.000000,65.000000,66.000000,67.000000,68.000000,69.000000,69.000000,69.000000,69.000000,69.000000,70.000000,70.000000,70.000000,71.000000,71.000000,72.000000,72.000000,72.000000,73.000000,73.000000,73.000000,74.000000,75.000000,76.000000,77.000000,77.000000,78.000000,79.000000,79.000000,79.000000,79.000000;;0;4230
3269fc;1e8334;3127;0;0;0000000000000080;    20m 59s 736ms 177μs  35ns;322;-1;             22ms 193μs 367ns;79.000000;4.075949;0.000000;inf;4;1;Unfinished;1.000000,1.000000,1.000000,1.000000,2.000000,2.000000,2.000000,2.000000,2.000000,2.000000,2.000000,2.000000,2.000000,2.000000,2.000000,3.000000,4.000000,5.000000,6.000000,6.000000,6.000000,6.000000,6.000000,6.000000,6.000000,7.000000,7.000000,8.000000,8.000000,8.000000,8.000000,9.000000,10.000000,10.000000,10.000000,10.000000,10.000000,10.000000,10.000000,11.000000,11.000000,12.000000,12.000000,12.000000,12.000000,12.000000,12.000000,12.000000,13.000000,13.000000,13.000000,14.000000,14.000000,14.000000,15.000000,15.000000,16.000000,16.000000,16.000000,16.000000,16.000000,17.000000,18.000000,18.000000,18.000000,19.000000,19.000000,19.000000,20.000000,20.000000,20.000000,21.000000,21.000000,21.000000,21.000000,21.000000,22.000000,22.000000,23.000000,23.000000,24.000000,24.000000,24.000000,24.000000,24.000000,24.000000,24.000000,24.000000,24.000000,24.000000,24.000000,24.000000,24.000000,24.000000,24.000000,24.000000,24.000000,24.000000,24.000000,24.000000,24.000000,24.000000,24.000000,24.000000,24.000000,25.000000,26.000000,27.000000,27.000000,27.000000,28.000000,28.000000,29.000000,29.000000,29.000000,29.000000,29.000000,29.000000,29.000000,29.000000,29.000000,29.000000,30.000000,30.000000,31.000000,31.000000,31.000000,31.000000,32.000000,32.000000,33.000000,33.000000,34.000000,34.000000,34.000000,34.000000,34.000000,34.000000,34.000000,34.000000,34.000000,34.000000,34.000000,34.000000,34.000000,35.000000,35.000000,35.000000,35.000000,35.000000,35.000000,35.000000,35.000000,35.000000,35.000000,35.000000,35.000000,35.000000,35.000000,35.000000,35.000000,35.000000,35.000000,35.000000,35.000000,35.000000,35.000000,35.000000,35.000000,35.000000,35.000000,35.000000,35.000000,35.000000,35.000000,35.000000,35.000000,35.000000,35.000000,36.000000,37.000000,37.000000,37.000000,37.000000,37.000000,37.000000,38.000000,39.000000,40.000000,41.000000,41.000000,41.000000,41.000000,41.000000,42.000000,43.000000,43.000000,44.000000,45.000000,45.000000,45.000000,45.000000,45.000000,45.000000,46.000000,46.000000,46.000000,46.000000,46.000000,46.000000,46.000000,46.000000,47.000000,47.000000,47.000000,47.000000,47.000000,48.000000,48.000000,49.000000,49.000000,49.000000,49.000000,49.000000,50.000000,51.000000,51.000000,52.000000,53.000000,54.000000,54.000000,55.000000,56.000000,57.000000,58.000000,58.000000,58.000000,58.000000,58.000000,58.000000,58.000000,58.000000,58.000000,58.000000,58.000000,59.000000,59.000000,59.000000,59.000000,59.000000,59.000000,60.000000,60.000000,60.000000,60.000000,60.000000,60.000000,60.000000,60.000000,60.000000,61.000000,62.000000,63.000000,63.000000,63.000000,63.000000,63.000000,63.000000,63.000000,63.000000,63.000000,63.000000,64.000000,64.000000,65.000000,66.000000,67.000000,68.000000,68.000000,68.000000,68.000000,68.000000,69.000000,69.000000,69.000000,70.000000,70.000000,71.000000,71.000000,71.000000,72.000000,72.000000,72.000000,73.000000,73.000000,73.000000,74.000000,74.000000,74.000000,74.000000,74.000000,74.000000,75.000000,75.000000,76.000000,77.000000,77.000000,77.000000,77.000000,77.000000,77.000000,78.000000,79.000000,79.000000,79.000000,79.000000,79.000000,79.000000,79.000000,79.000000,79.000000,79.000000;;0;701860
32696e;1e8349;3127;0;0;0000000000000080;    20m 59s 729ms 851μs 639ns;322;-1;             21ms 302μs 738ns;79.000000;4.075949;0.000000;inf;4;1;Unfinished;1.000000,1.000000,1.000000,1.000000,2.000000,2.000000,2.000000,2.000000,2.000000,2.000000,2.000000,2.000000,2.000000,2.000000,2.000000,3.000000,4.000000,5.000000,6.000000,6.000000,6.000000,6.000000,6.000000,6.000000,6.000000,7.000000,7.000000,8.000000,8.000000,9.000000,9.000000,9.000000,9.000000,10.000000,11.000000,11.000000,11.000000,11.000000,11.000000,11.000000,11.000000,12.000000,12.000000,13.000000,13.000000,13.000000,13.000000,13.000000,13.000000,13.000000,14.000000,14.000000,14.000000,15.000000,16.000000,16.000000,16.000000,16.000000,16.000000,16.000000,16.000000,17.000000,18.000000,18.000000,18.000000,19.000000,19.000000,19.000000,20.000000,20.000000,20.000000,21.000000,21.000000,21.000000,21.000000,21.000000,22.000000,22.000000,23.000000,23.000000,24.000000,24.000000,24.000000,24.000000,24.000000,24.000000,24.000000,24.000000,24.000000,24.000000,24.000000,24.000000,24.000000,24.000000,24.000000,24.000000,24.000000,24.000000,24.000000,24.000000,24.000000,24.000000,24.000000,24.000000,24.000000,25.000000,26.000000,27.000000,27.000000,27.000000,28.000000,28.000000,29.000000,29.000000,29.000000,29.000000,29.000000,29.000000,29.000000,29.000000,29.000000,29.000000,30.000000,30.000000,31.000000,31.000000,31.000000,31.000000,32.000000,32.000000,33.000000,33.000000,34.000000,34.000000,34.000000,34.000000,34.000000,34.000000,34.000000,34.000000,34.000000,34.000000,34.000000,34.000000,34.000000,35.000000,35.000000,35.000000,35.000000,35.000000,35.000000,35.000000,35.000000,35.000000,35.000000,35.000000,35.000000,35.000000,35.000000,35.000000,35.000000,35.000000,35.000000,35.000000,35.000000,35.000000,35.000000,35.000000,35.000000,35.000000,35.000000,35.000000,35.000000,35.000000,35.000000,35.000000,35.000000,35.000000,35.000000,36.000000,37.000000,37.000000,37.000000,37.000000,37.000000,37.000000,38.000000,39.000000,40.000000,41.000000,41.000000,41.000000,41.000000,41.000000,42.000000,43.000000,43.000000,44.000000,45.000000,45.000000,45.000000,45.000000,45.000000,45.000000,46.000000,46.000000,46.000000,46.000000,46.000000,46.000000,46.000000,46.000000,47.000000,47.000000,47.000000,47.000000,47.000000,48.000000,48.000000,49.000000,49.000000,49.000000,49.000000,49.000000,50.000000,51.000000,51.000000,52.000000,53.000000,54.000000,54.000000,55.000000,56.000000,57.000000,58.000000,58.000000,58.000000,58.000000,58.000000,58.000000,58.000000,58.000000,58.000000,58.000000,58.000000,59.000000,59.000000,59.000000,59.000000,59.000000,59.000000,60.000000,60.000000,60.000000,60.000000,60.000000,60.000000,60.000000,60.000000,60.000000,61.000000,62.000000,63.000000,63.000000,63.000000,63.000000,63.000000,63.000000,63.000000,63.000000,63.000000,63.000000,64.000000,64.000000,65.000000,66.000000,67.000000,68.000000,68.000000,68.000000,68.000000,68.000000,69.000000,69.000000,69.000000,70.000000,70.000000,71.000000,71.000000,71.000000,72.000000,72.000000,72.000000,73.000000,73.000000,73.000000,74.000000,74.000000,74.000000,74.000000,74.000000,74.000000,75.000000,75.000000,76.000000,77.000000,77.000000,77.000000,77.000000,77.000000,77.000000,78.000000,79.000000,79.000000,79.000000,79.000000,79.000000,79.000000,79.000000,79.000000,79.000000,79.000000;;0;702274
3315;31f3;3127;0;0;0000000000000080;         9s 697ms 456μs 729ns;323;-1;             20ms 917μs 209ns;79.000000;4.088608;0.000000;inf;4;1;Unfinished;1.000000,1.000000,1.000000,1.000000,2.000000,2.000000,2.000000,2.000000,2.000000,2.000000,2.000000,2.000000,2.000000,2.000000,2.000000,3.000000,4.000000,5.000000,6.000000,6.000000,6.000000,6.000000,6.000000,6.000000,6.000000,7.000000,7.000000,8.000000,8.000000,9.000000,9.000000,9.000000,9.000000,10.000000,11.000000,11.000000,11.000000,11.000000,11.000000,11.000000,11.000000,12.000000,12.000000,13.000000,13.000000,13.000000,13.000000,13.000000,13.000000,13.000000,14.000000,14.000000,14.000000,15.000000,16.000000,16.000000,17.000000,17.000000,17.000000,17.000000,17.000000,17.000000,17.000000,18.000000,19.000000,19.000000,19.000000,20.000000,20.000000,20.000000,21.000000,21.000000,21.000000,22.000000,22.000000,22.000000,22.000000,22.000000,23.000000,23.000000,24.000000,24.000000,25.000000,25.000000,25.000000,25.000000,25.000000,25.000000,25.000000,25.000000,25.000000,25.000000,25.000000,25.000000,25.000000,25.000000,25.000000,25.000000,25.000000,25.000000,25.000000,25.000000,25.000000,25.000000,25.000000,25.000000,25.000000,26.000000,27.000000,28.000000,28.000000,28.000000,29.000000,29.000000,30.000000,30.000000,30.000000,30.000000,30.000000,30.000000,30.000000,30.000000,30.000000,30.000000,31.000000,31.000000,32.000000,32.000000,32.000000,32.000000,33.000000,33.000000,34.000000,34.000000,35.000000,35.000000,35.000000,35.000000,35.000000,35.000000,35.000000,35.000000,35.000000,35.000000,35.000000,35.000000,35.000000,36.000000,36.000000,36.000000,36.000000,36.000000,36.000000,36.000000,36.000000,36.000000,36.000000,36.000000,36.000000,36.000000,36.000000,36.000000,36.000000,36.000000,36.000000,36.000000,36.000000,36.000000,36.000000,36.000000,36.000000,36.000000,36.000000,36.000000,36.000000,36.000000,36.000000,36.000000,36.000000,36.000000,36.000000,37.000000,38.000000,38.000000,38.000000,38.000000,38.000000,38.000000,39.000000,40.000000,41.000000,42.000000,42.000000,42.000000,42.000000,42.000000,43.000000,44.000000,44.000000,45.000000,46.000000,46.000000,46.000000,46.000000,46.000000,46.000000,47.000000,47.000000,47.000000,47.000000,47.000000,47.000000,47.000000,47.000000,48.000000,48.000000,48.000000,48.000000,48.000000,49.000000,49.000000,50.000000,50.000000,50.000000,50.000000,50.000000,51.000000,52.000000,52.000000,53.000000,54.000000,55.000000,55.000000,56.000000,57.000000,57.000000,57.000000,57.000000,57.000000,57.000000,57.000000,57.000000,57.000000,57.000000,57.000000,57.000000,57.000000,57.000000,57.000000,57.000000,57.000000,57.000000,57.000000,57.000000,57.000000,57.000000,57.000000,57.000000,57.000000,57.000000,57.000000,57.000000,57.000000,58.000000,58.000000,58.000000,59.000000,60.000000,60.000000,60.000000,61.000000,61.000000,61.000000,61.000000,61.000000,61.000000,61.000000,61.000000,61.000000,62.000000,63.000000,64.000000,64.000000,64.000000,64.000000,64.000000,64.000000,64.000000,64.000000,64.000000,64.000000,65.000000,65.000000,66.000000,67.000000,68.000000,69.000000,69.000000,69.000000,69.000000,69.000000,70.000000,70.000000,70.000000,71.000000,71.000000,72.000000,72.000000,72.000000,73.000000,73.000000,73.000000,74.000000,74.000000,74.000000,75.000000,76.000000,77.000000,78.000000,78.000000,78.000000,78.000000,78.000000,79.000000;;0;3918
457175;3e845f;3127;0;0;0000000000000080;    29m     593ms 669μs 968ns;323;-1;             24ms 581μs 263ns;79.000000;4.088608;0.000000;inf;4;1;Unfinished;1.000000,1.000000,1.000000,1.000000,2.000000,2.000000,2.000000,2.000000,2.000000,2.000000,2.000000,2.000000,2.000000,2.000000,2.000000,3.000000,4.000000,5.000000,6.000000,6.000000,6.000000,6.000000,6.000000,6.000000,6.000000,7.000000,7.000000,8.000000,8.000000,9.000000,9.000000,9.000000,9.000000,10.000000,11.000000,11.000000,11.000000,11.000000,11.000000,11.000000,11.000000,12.000000,12.000000,13.000000,13.000000,13.000000,13.000000,13.000000,13.000000,13.000000,14.000000,14.000000,14.000000,15.000000,16.000000,16.000000,16.000000,16.000000,16.000000,16.000000,16.000000,16.000000,17.000000,18.000000,18.000000,18.000000,19.000000,19.000000,19.000000,20.000000,20.000000,20.000000,21.000000,21.000000,21.000000,21.000000,21.000000,22.000000,22.000000,23.000000,23.000000,24.000000,24.000000,24.000000,24.000000,24.000000,24.000000,24.000000,24.000000,24.000000,24.000000,24.000000,24.000000,24.000000,24.000000,24.000000,24.000000,24.000000,24.000000,24.000000,24.000000,24.000000,24.000000,24.000000,24.000000,24.000000,25.000000,26.000000,27.000000,27.000000,27.000000,28.000000,28.000000,29.000000,29.000000,29.000000,29.000000,29.000000,29.000000,29.000000,29.000000,29.000000,29.000000,30.000000,30.000000,31.000000,31.000000,31.000000,31.000000,32.000000,32.000000,33.000000,33.000000,34.000000,34.000000,34.000000,34.000000,34.000000,34.000000,34.000000,34.000000,34.000000,34.000000,34.000000,34.000000,34.000000,35.000000,35.000000,35.000000,35.000000,35.000000,35.000000,35.000000,35.000000,35.000000,35.000000,35.000000,35.000000,35.000000,35.000000,35.000000,35.000000,35.000000,35.000000,35.000000,35.000000,35.000000,35.000000,35.000000,35.000000,35.000000,35.000000,35.000000,35.000000,35.000000,35.000000,35.000000,35.000000,35.000000,35.000000,36.000000,37.000000,37.000000,37.000000,37.000000,37.000000,37.000000,38.000000,39.000000,40.000000,41.000000,41.000000,41.000000,41.000000,41.000000,42.000000,43.000000,43.000000,44.000000,45.000000,45.000000,45.000000,45.000000,45.000000,45.000000,46.000000,46.000000,46.000000,46.000000,46.000000,46.000000,46.000000,46.000000,47.000000,47.000000,47.000000,47.000000,47.000000,48.000000,48.000000,49.000000,49.000000,49.000000,49.000000,49.000000,50.000000,51.000000,51.000000,52.000000,53.000000,54.000000,54.000000,55.000000,56.000000,57.000000,58.000000,58.000000,58.000000,58.000000,58.000000,58.000000,58.000000,58.000000,58.000000,58.000000,58.000000,59.000000,59.000000,59.000000,59.000000,59.000000,59.000000,60.000000,60.000000,60.000000,60.000000,60.000000,60.000000,60.000000,60.000000,60.000000,61.000000,62.000000,63.000000,63.000000,63.000000,63.000000,63.000000,63.000000,63.000000,63.000000,63.000000,63.000000,64.000000,64.000000,65.000000,66.000000,67.000000,68.000000,68.000000,68.000000,68.000000,68.000000,69.000000,69.000000,69.000000,70.000000,70.000000,71.000000,71.000000,71.000000,72.000000,72.000000,72.000000,73.000000,73.000000,73.000000,74.000000,74.000000,74.000000,74.000000,74.000000,74.000000,75.000000,75.000000,76.000000,77.000000,77.000000,77.000000,77.000000,77.000000,77.000000,78.000000,79.000000,79.000000,79.000000,79.000000,79.000000,79.000000,79.000000,79.000000,79.000000,79.000000;;0;946207
4cbdcb;3e8440;3127;0;0;0000000000000080;    32m     285ms 717μs 636ns;323;-1;             22ms 664μs 794ns;79.000000;4.088608;0.000000;inf;4;1;Unfinished;1.000000,1.000000,1.000000,1.000000,2.000000,2.000000,2.000000,2.000000,2.000000,2.000000,2.000000,2.000000,2.000000,2.000000,2.000000,3.000000,4.000000,5.000000,6.000000,6.000000,6.000000,6.000000,6.000000,6.000000,6.000000,7.000000,7.000000,8.000000,8.000000,9.000000,9.000000,9.000000,9.000000,10.000000,11.000000,11.000000,11.000000,11.000000,11.000000,11.000000,11.000000,11.000000,12.000000,12.000000,12.000000,12.000000,12.000000,12.000000,12.000000,13.000000,13.000000,13.000000,14.000000,14.000000,14.000000,15.000000,15.000000,16.000000,16.000000,16.000000,16.000000,16.000000,17.000000,18.000000,18.000000,18.000000,19.000000,19.000000,19.000000,20.000000,20.000000,20.000000,21.000000,21.000000,21.000000,21.000000,21.000000,22.000000,22.000000,23.000000,23.000000,24.000000,24.000000,24.000000,24.000000,24.000000,24.000000,24.000000,24.000000,24.000000,24.000000,24.000000,24.000000,24.000000,24.000000,24.000000,24.000000,24.000000,24.000000,24.000000,24.000000,24.000000,24.000000,24.000000,24.000000,24.000000,25.000000,26.000000,27.000000,27.000000,27.000000,28.000000,28.000000,29.000000,29.000000,29.000000,29.000000,29.000000,29.000000,29.000000,29.000000,29.000000,29.000000,30.000000,30.000000,31.000000,31.000000,31.000000,31.000000,32.000000,32.000000,33.000000,33.000000,34.000000,34.000000,34.000000,34.000000,34.000000,34.000000,34.000000,34.000000,34.000000,34.000000,34.000000,34.000000,34.000000,35.000000,35.000000,35.000000,35.000000,35.000000,35.000000,35.000000,35.000000,35.000000,35.000000,35.000000,35.000000,35.000000,35.000000,35.000000,35.000000,35.000000,35.000000,35.000000,35.000000,35.000000,35.000000,35.000000,35.000000,35.000000,35.000000,35.000000,35.000000,35.000000,35.000000,35.000000,35.000000,35.000000,35.000000,36.000000,37.000000,37.000000,37.000000,37.000000,37.000000,37.000000,38.000000,39.000000,40.000000,41.000000,41.000000,41.000000,41.000000,41.000000,42.000000,43.000000,43.000000,44.000000,45.000000,45.000000,45.000000,45.000000,45.000000,45.000000,46.000000,46.000000,46.000000,46.000000,46.000000,46.000000,46.000000,46.000000,47.000000,47.000000,47.000000,47.000000,47.000000,48.000000,48.000000,49.000000,49.000000,49.000000,49.000000,49.000000,50.000000,51.000000,51.000000,52.000000,53.000000,54.000000,54.000000,55.000000,56.000000,57.000000,58.000000,58.000000,58.000000,58.000000,58.000000,58.000000,58.000000,58.000000,58.000000,58.000000,58.000000,59.000000,59.000000,59.000000,59.000000,59.000000,59.000000,60.000000,60.000000,60.000000,60.000000,60.000000,60.000000,60.000000,60.000000,60.000000,61.000000,62.000000,63.000000,63.000000,63.000000,63.000000,63.000000,63.000000,63.000000,63.000000,63.000000,63.000000,64.000000,64.000000,65.000000,66.000000,67.000000,68.000000,68.000000,68.000000,68.000000,68.000000,69.000000,69.000000,69.000000,70.000000,70.000000,71.000000,71.000000,71.000000,72.000000,72.000000,72.000000,73.000000,73.000000,73.000000,74.000000,74.000000,74.000000,74.000000,74.000000,74.000000,75.000000,75.000000,76.000000,77.000000,77.000000,77.000000,77.000000,77.000000,77.000000,78.000000,79.000000,79.000000,79.000000,79.000000,79.000000,79.000000,79.000000,79.000000,79.000000,79.000000;;0;1065117
4cbd99;3e843a;3127;0;0;0000000000000080;    32m     283ms 724μs 569ns;323;-1;             22ms 894μs 341ns;79.000000;4.088608;0.000000;inf;4;1;Unfinished;1.000000,1.000000,1.000000,1.000000,2.000000,2.000000,2.000000,2.000000,2.000000,2.000000,2.000000,2.000000,2.000000,2.000000,2.000000,3.000000,4.000000,5.000000,6.000000,6.000000,6.000000,6.000000,6.000000,6.000000,6.000000,7.000000,7.000000,8.000000,8.000000,9.000000,9.000000,9.000000,9.000000,10.000000,11.000000,11.000000,11.000000,11.000000,12.000000,12.000000,13.000000,13.000000,14.000000,14.000000,14.000000,14.000000,14.000000,14.000000,14.000000,15.000000,15.000000,16.000000,16.000000,17.000000,17.000000,17.000000,17.000000,17.000000,17.000000,17.000000,17.000000,17.000000,17.000000,18.000000,18.000000,18.000000,19.000000,19.000000,19.000000,20.000000,20.000000,20.000000,21.000000,21.000000,21.000000,21.000000,21.000000,22.000000,22.000000,23.000000,23.000000,24.000000,24.000000,24.000000,24.000000,24.000000,24.000000,24.000000,24.000000,24.000000,24.000000,24.000000,24.000000,24.000000,24.000000,24.000000,24.000000,24.000000,24.000000,24.000000,24.000000,24.000000,24.000000,24.000000,24.000000,24.000000,25.000000,26.000000,27.000000,27.000000,27.000000,28.000000,28.000000,29.000000,29.000000,29.000000,29.000000,29.000000,29.000000,29.000000,29.000000,29.000000,29.000000,30.000000,30.000000,31.000000,31.000000,31.000000,31.000000,32.000000,32.000000,33.000000,33.000000,34.000000,34.000000,34.000000,34.000000,34.000000,34.000000,34.000000,34.000000,34.000000,34.000000,34.000000,34.000000,34.000000,35.000000,35.000000,35.000000,35.000000,35.000000,35.000000,35.000000,35.000000,35.000000,35.000000,35.000000,35.000000,35.000000,35.000000,35.000000,35.000000,35.000000,35.000000,35.000000,35.000000,35.000000,35.000000,35.000000,35.000000,35.000000,35.000000,35.000000,35.000000,35.000000,35.000000,35.000000,35.000000,35.000000,35.000000,36.000000,37.000000,37.000000,37.000000,37.000000,37.000000,37.000000,38.000000,39.000000,40.000000,41.000000,41.000000,41.000000,41.000000,41.000000,42.000000,43.000000,43.000000,44.000000,45.000000,45.000000,45.000000,45.000000,45.000000,45.000000,46.000000,46.000000,46.000000,46.000000,46.000000,46.000000,46.000000,46.000000,47.000000,47.000000,47.000000,47.000000,47.000000,48.000000,48.000000,49.000000,49.000000,49.000000,49.000000,49.000000,50.000000,51.000000,51.000000,52.000000,53.000000,54.000000,54.000000,55.000000,56.000000,57.000000,58.000000,58.000000,58.000000,58.000000,58.000000,58.000000,58.000000,58.000000,58.000000,58.000000,58.000000,59.000000,59.000000,59.000000,59.000000,59.000000,59.000000,60.000000,60.000000,60.000000,60.000000,60.000000,60.000000,60.000000,60.000000,60.000000,61.000000,62.000000,63.000000,63.000000,63.000000,63.000000,63.000000,63.000000,63.000000,63.000000,63.000000,63.000000,64.000000,64.000000,65.000000,66.000000,67.000000,68.000000,68.000000,68.000000,68.000000,68.000000,69.000000,69.000000,69.000000,70.000000,70.000000,71.000000,71.000000,71.000000,72.000000,72.000000,72.000000,73.000000,73.000000,73.000000,74.000000,74.000000,74.000000,74.000000,74.000000,74.000000,75.000000,75.000000,76.000000,77.000000,77.000000,77.000000,77.000000,77.000000,77.000000,78.000000,79.000000,79.000000,79.000000,79.000000,79.000000,79.000000,79.000000,79.000000,79.000000,79.000000;;0;1065306
36bb;3194;3127;0;0;0000000000000080;        10s 841ms 735μs 699ns;324;-1;             21ms 934μs 382ns;79.000000;4.101266;0.000000;inf;4;1;Unfinished;1.000000,1.000000,1.000000,1.000000,2.000000,2.000000,2.000000,2.000000,2.000000,2.000000,2.000000,2.000000,2.000000,2.000000,2.000000,3.000000,4.000000,5.000000,6.000000,6.000000,6.000000,6.000000,6.000000,6.000000,6.000000,7.000000,7.000000,8.000000,8.000000,9.000000,9.000000,9.000000,9.000000,10.000000,11.000000,11.000000,11.000000,11.000000,11.000000,11.000000,11.000000,12.000000,12.000000,13.000000,13.000000,13.000000,13.000000,13.000000,13.000000,13.000000,14.000000,14.000000,14.000000,15.000000,16.000000,16.000000,17.000000,17.000000,17.000000,17.000000,17.000000,17.000000,17.000000,18.000000,19.000000,19.000000,19.000000,20.000000,20.000000,20.000000,21.000000,21.000000,21.000000,22.000000,22.000000,22.000000,22.000000,22.000000,23.000000,23.000000,24.000000,24.000000,25.000000,25.000000,25.000000,25.000000,25.000000,25.000000,25.000000,25.000000,25.000000,25.000000,25.000000,25.000000,25.000000,25.000000,25.000000,25.000000,25.000000,25.000000,25.000000,25.000000,25.000000,25.000000,25.000000,25.000000,25.000000,26.000000,27.000000,28.000000,28.000000,28.000000,29.000000,29.000000,30.000000,30.000000,30.000000,30.000000,30.000000,30.000000,30.000000,30.000000,30.000000,30.000000,31.000000,31.000000,32.000000,32.000000,32.000000,32.000000,33.000000,33.000000,34.000000,34.000000,35.000000,35.000000,35.000000,35.000000,35.000000,35.000000,35.000000,35.000000,35.000000,35.000000,35.000000,35.000000,35.000000,36.000000,36.000000,36.000000,36.000000,36.000000,36.000000,36.000000,36.000000,36.000000,36.000000,36.000000,36.000000,36.000000,36.000000,36.000000,36.000000,36.000000,36.000000,36.000000,36.000000,36.000000,36.000000,36.000000,36.000000,36.000000,36.000000,36.000000,36.000000,36.000000,36.000000,36.000000,36.000000,36.000000,36.000000,37.000000,38.000000,38.000000,38.000000,38.000000,38.000000,38.000000,39.000000,40.000000,41.000000,42.000000,42.000000,42.000000,42.000000,42.000000,43.000000,44.000000,44.000000,45.000000,46.000000,46.000000,46.000000,46.000000,46.000000,46.000000,47.000000,47.000000,47.000000,47.000000,47.000000,47.000000,47.000000,47.000000,48.000000,48.000000,48.000000,48.000000,48.000000,49.000000,49.000000,50.000000,50.000000,50.000000,50.000000,50.000000,51.000000,52.000000,52.000000,53.000000,54.000000,55.000000,55.000000,56.000000,57.000000,57.000000,57.000000,57.000000,57.000000,57.000000,57.000000,57.000000,57.000000,57.000000,57.000000,57.000000,57.000000,57.000000,57.000000,57.000000,57.000000,57.000000,57.000000,57.000000,57.000000,57.000000,57.000000,57.000000,57.000000,57.000000,57.000000,57.000000,57.000000,58.000000,58.000000,58.000000,59.000000,60.000000,60.000000,60.000000,61.000000,61.000000,61.000000,61.000000,61.000000,61.000000,61.000000,61.000000,61.000000,62.000000,63.000000,64.000000,64.000000,64.000000,64.000000,64.000000,64.000000,64.000000,64.000000,64.000000,64.000000,65.000000,65.000000,66.000000,67.000000,68.000000,69.000000,69.000000,69.000000,69.000000,69.000000,70.000000,70.000000,70.000000,71.000000,71.000000,72.000000,72.000000,72.000000,73.000000,73.000000,73.000000,74.000000,75.000000,75.000000,75.000000,76.000000,77.000000,77.000000,78.000000,79.000000,79.000000,79.000000,79.000000;;0;4190
3a87;31dd;3127;0;0;0000000000000080;        11s 828ms 563μs 370ns;325;-1;             24ms 609μs 168ns;79.000000;4.113924;0.000000;inf;4;1;Unfinished;1.000000,1.000000,1.000000,1.000000,2.000000,2.000000,2.000000,2.000000,2.000000,2.000000,2.000000,2.000000,2.000000,2.000000,2.000000,3.000000,4.000000,5.000000,6.000000,6.000000,6.000000,6.000000,6.000000,6.000000,6.000000,7.000000,7.000000,8.000000,8.000000,9.000000,9.000000,9.000000,9.000000,10.000000,11.000000,11.000000,11.000000,11.000000,11.000000,11.000000,11.000000,12.000000,12.000000,13.000000,13.000000,13.000000,13.000000,13.000000,13.000000,13.000000,14.000000,14.000000,14.000000,15.000000,16.000000,16.000000,17.000000,17.000000,17.000000,17.000000,17.000000,17.000000,17.000000,18.000000,19.000000,19.000000,19.000000,20.000000,20.000000,20.000000,21.000000,21.000000,21.000000,22.000000,22.000000,22.000000,22.000000,22.000000,23.000000,23.000000,24.000000,24.000000,25.000000,25.000000,25.000000,25.000000,25.000000,25.000000,25.000000,25.000000,25.000000,25.000000,25.000000,25.000000,25.000000,25.000000,25.000000,25.000000,25.000000,25.000000,25.000000,25.000000,25.000000,25.000000,25.000000,25.000000,25.000000,26.000000,27.000000,28.000000,28.000000,28.000000,29.000000,29.000000,30.000000,30.000000,30.000000,30.000000,30.000000,30.000000,30.000000,30.000000,30.000000,30.000000,31.000000,31.000000,32.000000,32.000000,32.000000,32.000000,33.000000,33.000000,34.000000,34.000000,35.000000,35.000000,35.000000,35.000000,35.000000,35.000000,35.000000,35.000000,35.000000,35.000000,35.000000,35.000000,35.000000,36.000000,36.000000,36.000000,36.000000,36.000000,36.000000,36.000000,36.000000,36.000000,36.000000,36.000000,36.000000,36.000000,36.000000,36.000000,36.000000,36.000000,36.000000,36.000000,36.000000,36.000000,36.000000,36.000000,36.000000,36.000000,36.000000,36.000000,36.000000,36.000000,36.000000,36.000000,36.000000,36.000000,36.000000,37.000000,38.000000,38.000000,38.000000,38.000000,38.000000,38.000000,39.000000,40.000000,41.000000,42.000000,42.000000,42.000000,42.000000,42.000000,43.000000,44.000000,44.000000,45.000000,46.000000,46.000000,46.000000,46.000000,46.000000,46.000000,47.000000,47.000000,47.000000,47.000000,47.000000,47.000000,47.000000,47.000000,48.000000,48.000000,48.000000,48.000000,48.000000,49.000000,49.000000,50.000000,50.000000,50.000000,50.000000,50.000000,51.000000,52.000000,52.000000,53.000000,54.000000,55.000000,55.000000,56.000000,57.000000,57.000000,57.000000,57.000000,57.000000,57.000000,57.000000,57.000000,57.000000,57.000000,57.000000,57.000000,57.000000,57.000000,57.000000,57.000000,57.000000,57.000000,57.000000,57.000000,57.000000,57.000000,57.000000,57.000000,57.000000,57.000000,57.000000,57.000000,57.000000,58.000000,58.000000,58.000000,59.000000,60.000000,60.000000,60.000000,61.000000,61.000000,61.000000,61.000000,61.000000,61.000000,61.000000,61.000000,61.000000,62.000000,63.000000,64.000000,64.000000,64.000000,64.000000,64.000000,64.000000,64.000000,64.000000,64.000000,64.000000,65.000000,65.000000,66.000000,67.000000,68.000000,69.000000,69.000000,69.000000,69.000000,69.000000,70.000000,70.000000,70.000000,71.000000,71.000000,72.000000,72.000000,72.000000,73.000000,73.000000,73.000000,74.000000,75.000000,75.000000,76.000000,76.000000,77.000000,77.000000,78.000000,78.000000,78.000000,78.000000,78.000000,79.000000;;0;4467
3a99;31dd;3127;0;0;0000000000000080;        11s 880ms 205μs 665ns;325;-1;             23ms 595μs 243ns;79.000000;4.113924;0.000000;inf;4;1;Unfinished;1.000000,1.000000,1.000000,1.000000,2.000000,2.000000,2.000000,2.000000,2.000000,2.000000,2.000000,2.000000,2.000000,2.000000,2.000000,3.000000,4.000000,5.000000,6.000000,6.000000,6.000000,6.000000,6.000000,6.000000,6.000000,7.000000,7.000000,8.000000,8.000000,9.000000,9.000000,9.000000,9.000000,10.000000,11.000000,11.000000,11.000000,11.000000,11.000000,11.000000,11.000000,12.000000,12.000000,13.000000,13.000000,13.000000,13.000000,13.000000,13.000000,13.000000,14.000000,14.000000,14.000000,15.000000,16.000000,16.000000,17.000000,17.000000,17.000000,17.000000,17.000000,17.000000,17.000000,18.000000,19.000000,19.000000,19.000000,20.000000,20.000000,20.000000,21.000000,21.000000,21.000000,22.000000,22.000000,22.000000,22.000000,22.000000,23.000000,23.000000,24.000000,24.000000,25.000000,25.000000,25.000000,25.000000,25.000000,25.000000,25.000000,25.000000,25.000000,25.000000,25.000000,25.000000,25.000000,25.000000,25.000000,25.000000,25.000000,25.000000,25.000000,25.000000,25.000000,25.000000,25.000000,25.000000,25.000000,26.000000,27.000000,28.000000,28.000000,28.000000,29.000000,29.000000,30.000000,30.000000,30.000000,30.000000,30.000000,30.000000,30.000000,30.000000,30.000000,30.000000,31.000000,31.000000,32.000000,32.000000,32.000000,32.000000,33.000000,33.000000,34.000000,34.000000,35.000000,35.000000,35.000000,35.000000,35.000000,35.000000,35.000000,35.000000,35.000000,35.000000,35.000000,35.000000,35.000000,36.000000,36.000000,36.000000,36.000000,36.000000,36.000000,36.000000,36.000000,36.000000,36.000000,36.000000,36.000000,36.000000,36.000000,36.000000,36.000000,36.000000,36.000000,36.000000,36.000000,36.000000,36.000000,36.000000,36.000000,36.000000,36.000000,36.000000,36.000000,36.000000,36.000000,36.000000,36.000000,36.000000,36.000000,37.000000,38.000000,38.000000,38.000000,38.000000,38.000000,38.000000,39.000000,40.000000,41.000000,42.000000,42.000000,42.000000,42.000000,42.000000,43.000000,44.000000,44.000000,45.000000,46.000000,46.000000,46.000000,46.000000,46.000000,46.000000,47.000000,47.000000,47.000000,47.000000,47.000000,47.000000,47.000000,47.000000,48.000000,48.000000,48.000000,48.000000,48.000000,49.000000,49.000000,50.000000,50.000000,50.000000,50.000000,50.000000,51.000000,52.000000,52.000000,53.000000,54.000000,55.000000,55.000000,56.000000,57.000000,57.000000,57.000000,57.000000,57.000000,57.000000,57.000000,57.000000,57.000000,57.000000,57.000000,57.000000,57.000000,57.000000,57.000000,57.000000,57.000000,57.000000,57.000000,57.000000,57.000000,57.000000,57.000000,57.000000,57.000000,57.000000,57.000000,57.000000,57.000000,58.000000,58.000000,58.000000,59.000000,60.000000,60.000000,60.000000,61.000000,61.000000,61.000000,61.000000,61.000000,61.000000,61.000000,61.000000,61.000000,62.000000,63.000000,64.000000,64.000000,64.000000,64.000000,64.000000,64.000000,64.000000,64.000000,64.000000,64.000000,65.000000,65.000000,66.000000,67.000000,68.000000,69.000000,69.000000,69.000000,69.000000,69.000000,70.000000,70.000000,70.000000,71.000000,71.000000,72.000000,72.000000,72.000000,73.000000,73.000000,73.000000,74.000000,75.000000,75.000000,76.000000,76.000000,77.000000,77.000000,78.000000,78.000000,78.000000,78.000000,78.000000,79.000000;;0;4497
