ID;Parent ID;Generation ID;Derived Inputs;Derived Fails;Flags;Generation Time;Generation Length;Trimmed Length;Execution Time;Primary Score;Relative Primary Score;Secondary Score;Relative Secondary Score;Exit Code;Exit Reason;Result;Individual Primary;Individual Secondary;Retries;Test Number
348d;2afb;3127;0;0;0000000000000030;        10s 154ms 455μs 885ns;415;-1;             31ms 560μs 496ns;76.000000;5.460526;0.000000;inf;4;1;Unfinished;1.000000,1.000000,1.000000,1.000000,2.000000,2.000000,2.000000,2.000000,2.000000,2.000000,2.000000,2.000000,2.000000,2.000000,2.000000,3.000000,4.000000,5.000000,6.000000,6.000000,6.000000,6.000000,6.000000,6.000000,6.000000,7.000000,7.000000,8.000000,8.000000,9.000000,9.000000,9.000000,9.000000,10.000000,11.000000,11.000000,11.000000,11.000000,11.000000,11.000000,11.000000,12.000000,12.000000,13.000000,13.000000,13.000000,13.000000,13.000000,13.000000,13.000000,14.000000,14.000000,14.000000,15.000000,16.000000,16.000000,17.000000,17.000000,17.000000,17.000000,17.000000,17.000000,17.000000,18.000000,19.000000,19.000000,19.000000,20.000000,20.000000,20.000000,21.000000,21.000000,21.000000,22.000000,22.000000,22.000000,22.000000,22.000000,23.000000,23.000000,24.000000,24.000000,25.000000,25.000000,25.000000,25.000000,25.000000,25.000000,25.000000,25.000000,25.000000,25.000000,25.000000,25.000000,25.000000,25.000000,25.000000,25.000000,25.000000,25.000000,25.000000,25.000000,25.000000,25.000000,25.000000,25.000000,25.000000,26.000000,27.000000,28.000000,28.000000,28.000000,29.000000,29.000000,30.000000,30.000000,30.000000,30.000000,30.000000,30.000000,30.000000,30.000000,30.000000,30.000000,31.000000,31.000000,32.000000,32.000000,32.000000,32.000000,33.000000,33.000000,34.000000,34.000000,35.000000,35.000000,35.000000,35.000000,35.000000,35.000000,35.000000,35.000000,35.000000,35.000000,35.000000,35.000000,35.000000,36.000000,36.000000,36.000000,36.000000,36.000000,36.000000,36.000000,36.000000,36.000000,36.000000,36.000000,36.000000,36.000000,36.000000,36.000000,36.000000,36.000000,36.000000,36.000000,36.000000,36.000000,36.000000,36.000000,36.000000,36.000000,36.000000,36.000000,36.000000,36.000000,36.000000,36.000000,36.000000,36.000000,36.000000,37.000000,38.000000,38.000000,38.000000,38.000000,38.000000,38.000000,39.000000,40.000000,41.000000,42.000000,42.000000,42.000000,42.000000,42.000000,43.000000,44.000000,44.000000,45.000000,46.000000,46.000000,46.000000,46.000000,46.000000,46.000000,47.000000,47.000000,47.000000,47.000000,47.000000,47.000000,47.000000,47.000000,48.000000,48.000000,48.000000,48.000000,48.000000,49.000000,49.000000,50.000000,50.000000,50.000000,50.000000,50.000000,51.000000,52.000000,52.000000,53.000000,54.000000,55.000000,55.000000,56.000000,57.000000,57.000000,57.000000,57.000000,57.000000,57.000000,57.000000,57.000000,57.000000,57.000000,57.000000,57.000000,57.000000,57.000000,57.000000,57.000000,57.000000,57.000000,57.000000,57.000000,57.000000,57.000000,57.000000,57.000000,57.000000,57.000000,57.000000,57.000000,57.000000,58.000000,58.000000,58.000000,59.000000,60.000000,60.000000,60.000000,61.000000,61.000000,61.000000,61.000000,61.000000,61.000000,61.000000,61.000000,61.000000,62.000000,63.000000,64.000000,64.000000,64.000000,64.000000,64.000000,64.000000,64.000000,64.000000,64.000000,64.000000,65.000000,65.000000,66.000000,67.000000,68.000000,69.000000,69.000000,69.000000,69.000000,69.000000,70.000000,70.000000,70.000000,71.000000,71.000000,72.000000,72.000000,72.000000,73.000000,73.000000,73.000000,74.000000,74.000000,74.000000,75.000000,76.000000,76.000000,76.000000,76.000000,76.000000,76.000000,76.000000,76.000000,76.000000,76.000000,76.000000,76.000000,76.000000,76.000000,76.000000,76.000000,76.000000,76.000000,76.000000,76.000000,76.000000,76.000000,76.000000,76.000000,76.000000,76.000000,76.000000,76.000000,76.000000,76.000000,76.000000,76.000000,76.000000,76.000000,76.000000,76.000000,76.000000,76.000000,76.000000,76.000000,76.000000,76.000000,76.000000,76.000000,76.000000,76.000000,76.000000,76.000000,76.000000,76.000000,76.000000,76.000000,76.000000,76.000000,76.000000,76.000000,76.000000,76.000000,76.000000,76.000000,76.000000,76.000000,76.000000,76.000000,76.000000,76.000000,76.000000,76.000000,76.000000,76.000000,76.000000,76.000000,76.000000,76.000000,76.000000,76.000000,76.000000,76.000000,76.000000,76.000000,76.000000,76.000000,76.000000,76.000000,76.000000,76.000000,76.000000,76.000000,76.000000,76.000000,76.000000,76.000000,76.000000,76.000000,76.000000,76.000000,76.000000,76.000000,76.000000;;0;44986
31bf;2afb;3127;0;0;4000000000000038;         9s 251ms 943μs 457ns;414;-1;             26ms 184μs 850ns;78.000000;5.307692;0.000000;inf;4;1;Unfinished;1.000000,1.000000,1.000000,1.000000,2.000000,2.000000,2.000000,2.000000,2.000000,2.000000,2.000000,2.000000,2.000000,2.000000,2.000000,3.000000,4.000000,5.000000,6.000000,6.000000,6.000000,6.000000,6.000000,6.000000,6.000000,7.000000,7.000000,8.000000,8.000000,9.000000,9.000000,9.000000,9.000000,10.000000,11.000000,11.000000,11.000000,11.000000,11.000000,11.000000,11.000000,12.000000,12.000000,13.000000,13.000000,13.000000,13.000000,13.000000,13.000000,13.000000,14.000000,14.000000,14.000000,15.000000,16.000000,16.000000,17.000000,17.000000,17.000000,17.000000,17.000000,17.000000,17.000000,18.000000,19.000000,19.000000,19.000000,20.000000,20.000000,20.000000,21.000000,21.000000,21.000000,22.000000,22.000000,22.000000,22.000000,22.000000,23.000000,23.000000,24.000000,24.000000,25.000000,25.000000,25.000000,25.000000,25.000000,25.000000,25.000000,25.000000,25.000000,25.000000,25.000000,25.000000,25.000000,25.000000,25.000000,25.000000,25.000000,25.000000,25.000000,25.000000,25.000000,25.000000,25.000000,25.000000,25.000000,26.000000,27.000000,28.000000,28.000000,28.000000,29.000000,29.000000,30.000000,30.000000,30.000000,30.000000,30.000000,30.000000,30.000000,30.000000,30.000000,30.000000,31.000000,31.000000,32.000000,32.000000,32.000000,32.000000,33.000000,33.000000,34.000000,34.000000,35.000000,35.000000,35.000000,35.000000,35.000000,35.000000,35.000000,35.000000,35.000000,35.000000,35.000000,35.000000,35.000000,36.000000,36.000000,36.000000,36.000000,36.000000,36.000000,36.000000,36.000000,36.000000,36.000000,36.000000,36.000000,36.000000,36.000000,36.000000,36.000000,36.000000,36.000000,36.000000,36.000000,36.000000,36.000000,36.000000,36.000000,36.000000,36.000000,36.000000,36.000000,36.000000,36.000000,36.000000,36.000000,36.000000,36.000000,37.000000,38.000000,38.000000,38.000000,38.000000,38.000000,38.000000,39.000000,40.000000,41.000000,42.000000,42.000000,42.000000,42.000000,42.000000,43.000000,44.000000,44.000000,45.000000,46.000000,46.000000,46.000000,46.000000,46.000000,46.000000,47.000000,47.000000,47.000000,47.000000,47.000000,47.000000,47.000000,47.000000,48.000000,48.000000,48.000000,48.000000,48.000000,49.000000,49.000000,50.000000,50.000000,50.000000,50.000000,50.000000,51.000000,52.000000,52.000000,53.000000,54.000000,55.000000,55.000000,56.000000,57.000000,57.000000,57.000000,57.000000,57.000000,57.000000,57.000000,57.000000,57.000000,57.000000,57.000000,57.000000,57.000000,57.000000,57.000000,57.000000,57.000000,57.000000,57.000000,57.000000,57.000000,57.000000,57.000000,57.000000,57.000000,57.000000,57.000000,57.000000,57.000000,58.000000,58.000000,58.000000,59.000000,60.000000,60.000000,60.000000,61.000000,61.000000,61.000000,61.000000,61.000000,61.000000,61.000000,61.000000,61.000000,62.000000,63.000000,64.000000,64.000000,64.000000,64.000000,64.000000,64.000000,64.000000,64.000000,64.000000,64.000000,65.000000,65.000000,66.000000,67.000000,68.000000,69.000000,69.000000,69.000000,69.000000,69.000000,70.000000,70.000000,70.000000,71.000000,71.000000,72.000000,72.000000,72.000000,73.000000,73.000000,73.000000,74.000000,74.000000,74.000000,75.000000,75.000000,75.000000,75.000000,75.000000,75.000000,75.000000,75.000000,75.000000,75.000000,75.000000,75.000000,75.000000,75.000000,75.000000,75.000000,75.000000,75.000000,75.000000,75.000000,75.000000,76.000000,76.000000,76.000000,76.000000,76.000000,76.000000,76.000000,76.000000,77.000000,77.000000,77.000000,78.000000,78.000000,78.000000,78.000000,78.000000,78.000000,78.000000,78.000000,78.000000,78.000000,78.000000,78.000000,78.000000,78.000000,78.000000,78.000000,78.000000,78.000000,78.000000,78.000000,78.000000,78.000000,78.000000,78.000000,78.000000,78.000000,78.000000,78.000000,78.000000,78.000000,78.000000,78.000000,78.000000,78.000000,78.000000,78.000000,78.000000,78.000000,78.000000,78.000000,78.000000,78.000000,78.000000,78.000000,78.000000,78.000000,78.000000,78.000000,78.000000,78.000000,78.000000,78.000000,78.000000,78.000000,78.000000,78.000000,78.000000,78.000000,78.000000,78.000000,78.000000,78.000000,78.000000,78.000000,78.000000,78.000000,78.000000;;0;3852
33b5;2afb;3127;0;0;0000000000000030;         9s 894ms 842μs  63ns;414;-1;             28ms 627μs 262ns;77.000000;5.376623;0.000000;inf;4;1;Unfinished;1.000000,1.000000,1.000000,1.000000,2.000000,2.000000,2.000000,2.000000,2.000000,2.000000,2.000000,2.000000,2.000000,2.000000,2.000000,3.000000,4.000000,5.000000,6.000000,6.000000,6.000000,6.000000,6.000000,6.000000,6.000000,7.000000,7.000000,8.000000,8.000000,9.000000,9.000000,9.000000,9.000000,10.000000,11.000000,11.000000,11.000000,11.000000,11.000000,11.000000,11.000000,12.000000,12.000000,13.000000,13.000000,13.000000,13.000000,13.000000,13.000000,13.000000,14.000000,14.000000,14.000000,15.000000,16.000000,16.000000,17.000000,17.000000,17.000000,17.000000,17.000000,17.000000,17.000000,18.000000,19.000000,19.000000,19.000000,20.000000,20.000000,20.000000,21.000000,21.000000,21.000000,22.000000,22.000000,22.000000,22.000000,22.000000,23.000000,23.000000,24.000000,24.000000,25.000000,25.000000,25.000000,25.000000,25.000000,25.000000,25.000000,25.000000,25.000000,25.000000,25.000000,25.000000,25.000000,25.000000,25.000000,25.000000,25.000000,25.000000,25.000000,25.000000,25.000000,25.000000,25.000000,25.000000,25.000000,26.000000,27.000000,28.000000,28.000000,28.000000,29.000000,29.000000,30.000000,30.000000,30.000000,30.000000,30.000000,30.000000,30.000000,30.000000,30.000000,30.000000,31.000000,31.000000,32.000000,32.000000,32.000000,32.000000,33.000000,33.000000,34.000000,34.000000,35.000000,35.000000,35.000000,35.000000,35.000000,35.000000,35.000000,35.000000,35.000000,35.000000,35.000000,35.000000,35.000000,36.000000,36.000000,36.000000,36.000000,36.000000,36.000000,36.000000,36.000000,36.000000,36.000000,36.000000,36.000000,36.000000,36.000000,36.000000,36.000000,36.000000,36.000000,36.000000,36.000000,36.000000,36.000000,36.000000,36.000000,36.000000,36.000000,36.000000,36.000000,36.000000,36.000000,36.000000,36.000000,36.000000,36.000000,37.000000,38.000000,38.000000,38.000000,38.000000,38.000000,38.000000,39.000000,40.000000,41.000000,42.000000,42.000000,42.000000,42.000000,42.000000,43.000000,44.000000,44.000000,45.000000,46.000000,46.000000,46.000000,46.000000,46.000000,46.000000,47.000000,47.000000,47.000000,47.000000,47.000000,47.000000,47.000000,47.000000,48.000000,48.000000,48.000000,48.000000,48.000000,49.000000,49.000000,50.000000,50.000000,50.000000,50.000000,50.000000,51.000000,52.000000,52.000000,53.000000,54.000000,55.000000,55.000000,56.000000,57.000000,57.000000,57.000000,57.000000,57.000000,57.000000,57.000000,57.000000,57.000000,57.000000,57.000000,57.000000,57.000000,57.000000,57.000000,57.000000,57.000000,57.000000,57.000000,57.000000,57.000000,57.000000,57.000000,57.000000,57.000000,57.000000,57.000000,57.000000,57.000000,58.000000,58.000000,58.000000,59.000000,60.000000,60.000000,60.000000,61.000000,61.000000,61.000000,61.000000,61.000000,61.000000,61.000000,61.000000,61.000000,62.000000,63.000000,64.000000,64.000000,64.000000,64.000000,64.000000,64.000000,64.000000,64.000000,64.000000,64.000000,65.000000,65.000000,66.000000,67.000000,68.000000,69.000000,69.000000,69.000000,69.000000,69.000000,70.000000,70.000000,70.000000,71.000000,71.000000,72.000000,72.000000,72.000000,73.000000,73.000000,73.000000,74.000000,74.000000,74.000000,75.000000,75.000000,75.000000,75.000000,75.000000,75.000000,75.000000,76.000000,76.000000,76.000000,76.000000,76.000000,76.000000,76.000000,76.000000,76.000000,76.000000,76.000000,76.000000,76.000000,76.000000,76.000000,76.000000,76.000000,76.000000,76.000000,76.000000,76.000000,76.000000,76.000000,76.000000,76.000000,76.000000,76.000000,76.000000,77.000000,77.000000,77.000000,77.000000,77.000000,77.000000,77.000000,77.000000,77.000000,77.000000,77.000000,77.000000,77.000000,77.000000,77.000000,77.000000,77.000000,77.000000,77.000000,77.000000,77.000000,77.000000,77.000000,77.000000,77.000000,77.000000,77.000000,77.000000,77.000000,77.000000,77.000000,77.000000,77.000000,77.000000,77.000000,77.000000,77.000000,77.000000,77.000000,77.000000,77.000000,77.000000,77.000000,77.000000,77.000000,77.000000,77.000000,77.000000,77.000000,77.000000,77.000000,77.000000,77.000000,77.000000,77.000000,77.000000,77.000000,77.000000,77.000000,77.000000,77.000000,77.000000,77.000000,77.000000;;0;34275
325d;2afb;3127;0;0;0000000000000030;         9s 451ms 898μs 947ns;412;-1;             28ms 849μs 186ns;79.000000;5.215190;0.000000;inf;4;1;Unfinished;1.000000,1.000000,1.000000,1.000000,2.000000,2.000000,2.000000,2.000000,2.000000,2.000000,2.000000,2.000000,2.000000,2.000000,2.000000,3.000000,4.000000,5.000000,6.000000,6.000000,6.000000,6.000000,6.000000,6.000000,6.000000,7.000000,7.000000,8.000000,8.000000,9.000000,9.000000,9.000000,9.000000,10.000000,11.000000,11.000000,11.000000,11.000000,11.000000,11.000000,11.000000,12.000000,12.000000,13.000000,13.000000,13.000000,13.000000,13.000000,13.000000,13.000000,14.000000,14.000000,14.000000,15.000000,16.000000,16.000000,17.000000,17.000000,17.000000,17.000000,17.000000,17.000000,17.000000,18.000000,19.000000,19.000000,19.000000,20.000000,20.000000,20.000000,21.000000,21.000000,21.000000,22.000000,22.000000,22.000000,22.000000,22.000000,23.000000,23.000000,24.000000,24.000000,25.000000,25.000000,25.000000,25.000000,25.000000,25.000000,25.000000,25.000000,25.000000,25.000000,25.000000,25.000000,25.000000,25.000000,25.000000,25.000000,25.000000,25.000000,25.000000,25.000000,25.000000,25.000000,25.000000,25.000000,25.000000,26.000000,27.000000,28.000000,28.000000,28.000000,29.000000,29.000000,30.000000,30.000000,30.000000,30.000000,30.000000,30.000000,30.000000,30.000000,30.000000,30.000000,31.000000,31.000000,32.000000,32.000000,32.000000,32.000000,33.000000,33.000000,34.000000,34.000000,35.000000,35.000000,35.000000,35.000000,35.000000,35.000000,35.000000,35.000000,35.000000,35.000000,35.000000,35.000000,35.000000,36.000000,36.000000,36.000000,36.000000,36.000000,36.000000,36.000000,36.000000,36.000000,36.000000,36.000000,36.000000,36.000000,36.000000,36.000000,36.000000,36.000000,36.000000,36.000000,36.000000,36.000000,36.000000,36.000000,36.000000,36.000000,36.000000,36.000000,36.000000,36.000000,36.000000,36.000000,36.000000,36.000000,36.000000,37.000000,38.000000,38.000000,38.000000,38.000000,38.000000,38.000000,39.000000,40.000000,41.000000,42.000000,42.000000,42.000000,42.000000,42.000000,43.000000,44.000000,44.000000,45.000000,46.000000,46.000000,46.000000,46.000000,46.000000,46.000000,47.000000,47.000000,47.000000,47.000000,47.000000,47.000000,47.000000,47.000000,48.000000,48.000000,48.000000,48.000000,48.000000,49.000000,49.000000,50.000000,50.000000,50.000000,50.000000,50.000000,51.000000,52.000000,52.000000,53.000000,54.000000,55.000000,55.000000,56.000000,57.000000,57.000000,57.000000,57.000000,57.000000,57.000000,57.000000,57.000000,57.000000,57.000000,57.000000,57.000000,57.000000,57.000000,57.000000,57.000000,57.000000,57.000000,57.000000,57.000000,57.000000,57.000000,57.000000,57.000000,57.000000,57.000000,57.000000,57.000000,57.000000,58.000000,58.000000,58.000000,59.000000,60.000000,60.000000,60.000000,61.000000,61.000000,61.000000,61.000000,61.000000,61.000000,61.000000,61.000000,61.000000,62.000000,63.000000,64.000000,64.000000,64.000000,64.000000,64.000000,64.000000,64.000000,64.000000,64.000000,64.000000,65.000000,65.000000,66.000000,67.000000,68.000000,69.000000,69.000000,69.000000,69.000000,69.000000,70.000000,70.000000,70.000000,71.000000,71.000000,72.000000,72.000000,72.000000,73.000000,73.000000,73.000000,74.000000,74.000000,74.000000,75.000000,75.000000,75.000000,75.000000,75.000000,75.000000,75.000000,75.000000,75.000000,75.000000,75.000000,75.000000,75.000000,75.000000,75.000000,75.000000,75.000000,75.000000,75.000000,75.000000,75.000000,76.000000,76.000000,76.000000,76.000000,76.000000,76.000000,76.000000,76.000000,76.000000,76.000000,76.000000,76.000000,76.000000,76.000000,76.000000,76.000000,76.000000,77.000000,77.000000,77.000000,77.000000,77.000000,77.000000,77.000000,77.000000,77.000000,77.000000,77.000000,77.000000,77.000000,77.000000,77.000000,77.000000,77.000000,77.000000,77.000000,77.000000,77.000000,77.000000,77.000000,77.000000,77.000000,77.000000,77.000000,77.000000,77.000000,77.000000,77.000000,77.000000,77.000000,77.000000,77.000000,77.000000,77.000000,77.000000,77.000000,77.000000,77.000000,77.000000,77.000000,77.000000,77.000000,77.000000,77.000000,77.000000,77.000000,77.000000,77.000000,77.000000,77.000000,78.000000,78.000000,79.000000,79.000000,79.000000,79.000000;;0;4117
2a808;2afb;3127;0;0;4000000000000038;        58s 251ms 783μs 761ns;412;-1;             29ms 106μs 610ns;79.000000;5.215190;0.000000;inf;4;1;Unfinished;1.000000,1.000000,1.000000,1.000000,2.000000,2.000000,2.000000,2.000000,2.000000,2.000000,2.000000,2.000000,2.000000,2.000000,2.000000,3.000000,4.000000,5.000000,6.000000,6.000000,6.000000,6.000000,6.000000,6.000000,6.000000,7.000000,7.000000,8.000000,8.000000,9.000000,9.000000,9.000000,9.000000,10.000000,11.000000,11.000000,11.000000,11.000000,11.000000,11.000000,11.000000,12.000000,12.000000,13.000000,13.000000,13.000000,13.000000,13.000000,13.000000,13.000000,14.000000,14.000000,14.000000,15.000000,16.000000,16.000000,17.000000,17.000000,17.000000,17.000000,17.000000,17.000000,17.000000,18.000000,19.000000,19.000000,19.000000,20.000000,20.000000,20.000000,21.000000,21.000000,21.000000,22.000000,22.000000,22.000000,22.000000,22.000000,23.000000,23.000000,24.000000,24.000000,25.000000,25.000000,25.000000,25.000000,25.000000,25.000000,25.000000,25.000000,25.000000,25.000000,25.000000,25.000000,25.000000,25.000000,25.000000,25.000000,25.000000,25.000000,25.000000,25.000000,25.000000,25.000000,25.000000,25.000000,25.000000,26.000000,27.000000,28.000000,28.000000,28.000000,29.000000,29.000000,30.000000,30.000000,30.000000,30.000000,30.000000,30.000000,30.000000,30.000000,30.000000,30.000000,31.000000,31.000000,32.000000,32.000000,32.000000,32.000000,33.000000,33.000000,34.000000,34.000000,35.000000,35.000000,35.000000,35.000000,35.000000,35.000000,35.000000,35.000000,35.000000,35.000000,35.000000,35.000000,35.000000,36.000000,36.000000,36.000000,36.000000,36.000000,36.000000,36.000000,36.000000,36.000000,36.000000,36.000000,36.000000,36.000000,36.000000,36.000000,36.000000,36.000000,36.000000,36.000000,36.000000,36.000000,36.000000,36.000000,36.000000,36.000000,36.000000,36.000000,36.000000,36.000000,36.000000,36.000000,36.000000,36.000000,36.000000,37.000000,38.000000,38.000000,38.000000,38.000000,38.000000,38.000000,39.000000,40.000000,41.000000,42.000000,42.000000,42.000000,42.000000,42.000000,43.000000,44.000000,44.000000,45.000000,46.000000,46.000000,46.000000,46.000000,46.000000,46.000000,47.000000,47.000000,47.000000,47.000000,47.000000,47.000000,47.000000,47.000000,48.000000,48.000000,48.000000,48.000000,48.000000,49.000000,49.000000,50.000000,50.000000,50.000000,50.000000,50.000000,51.000000,52.000000,52.000000,53.000000,54.000000,55.000000,55.000000,56.000000,57.000000,57.000000,57.000000,57.000000,57.000000,57.000000,57.000000,57.000000,57.000000,57.000000,57.000000,57.000000,57.000000,57.000000,57.000000,57.000000,57.000000,57.000000,57.000000,57.000000,57.000000,57.000000,57.000000,57.000000,57.000000,57.000000,57.000000,57.000000,57.000000,58.000000,58.000000,58.000000,59.000000,60.000000,60.000000,60.000000,61.000000,61.000000,61.000000,61.000000,61.000000,61.000000,61.000000,61.000000,61.000000,62.000000,63.000000,64.000000,64.000000,64.000000,64.000000,64.000000,64.000000,64.000000,64.000000,64.000000,64.000000,65.000000,65.000000,66.000000,67.000000,68.000000,69.000000,69.000000,69.000000,69.000000,69.000000,70.000000,70.000000,70.000000,71.000000,71.000000,72.000000,72.000000,72.000000,73.000000,73.000000,73.000000,74.000000,74.000000,74.000000,75.000000,75.000000,75.000000,75.000000,75.000000,75.000000,76.000000,76.000000,76.000000,76.000000,76.000000,76.000000,76.000000,76.000000,76.000000,76.000000,76.000000,76.000000,76.000000,76.000000,76.000000,76.000000,76.000000,76.000000,76.000000,76.000000,76.000000,76.000000,76.000000,76.000000,76.000000,76.000000,76.000000,76.000000,76.000000,76.000000,76.000000,76.000000,76.000000,76.000000,76.000000,76.000000,76.000000,76.000000,76.000000,76.000000,76.000000,76.000000,76.000000,76.000000,76.000000,76.000000,76.000000,76.000000,76.000000,76.000000,76.000000,76.000000,76.000000,76.000000,76.000000,76.000000,76.000000,76.000000,76.000000,76.000000,76.000000,76.000000,76.000000,76.000000,76.000000,76.000000,76.000000,76.000000,76.000000,76.000000,76.000000,76.000000,76.000000,76.000000,76.000000,76.000000,76.000000,76.000000,76.000000,76.000000,76.000000,76.000000,76.000000,77.000000,77.000000,77.000000,77.000000,78.000000,78.000000,78.000000,79.000000;;0;47736
71fe6;31bf;3127;0;0;0000000000000080;     2m 23s 848ms 542μs 300ns;411;-1;             30ms 141μs 246ns;79.000000;5.202532;0.000000;inf;4;1;Unfinished;1.000000,1.000000,1.000000,1.000000,2.000000,2.000000,2.000000,2.000000,2.000000,2.000000,2.000000,2.000000,2.000000,2.000000,2.000000,3.000000,4.000000,5.000000,6.000000,6.000000,6.000000,6.000000,6.000000,6.000000,6.000000,7.000000,7.000000,8.000000,8.000000,9.000000,9.000000,9.000000,9.000000,10.000000,11.000000,11.000000,11.000000,11.000000,11.000000,11.000000,11.000000,12.000000,12.000000,13.000000,13.000000,13.000000,13.000000,13.000000,13.000000,13.000000,14.000000,14.000000,14.000000,15.000000,16.000000,16.000000,17.000000,17.000000,17.000000,17.000000,17.000000,17.000000,17.000000,18.000000,19.000000,19.000000,19.000000,20.000000,20.000000,20.000000,21.000000,21.000000,21.000000,22.000000,22.000000,22.000000,22.000000,22.000000,23.000000,23.000000,24.000000,24.000000,25.000000,25.000000,25.000000,25.000000,25.000000,25.000000,25.000000,25.000000,25.000000,25.000000,25.000000,25.000000,25.000000,25.000000,25.000000,25.000000,25.000000,25.000000,25.000000,25.000000,25.000000,25.000000,25.000000,25.000000,25.000000,26.000000,27.000000,28.000000,28.000000,28.000000,29.000000,29.000000,30.000000,30.000000,30.000000,30.000000,30.000000,30.000000,30.000000,30.000000,30.000000,30.000000,31.000000,31.000000,32.000000,32.000000,32.000000,32.000000,33.000000,33.000000,34.000000,34.000000,35.000000,35.000000,35.000000,35.000000,35.000000,35.000000,35.000000,35.000000,35.000000,35.000000,35.000000,35.000000,35.000000,36.000000,36.000000,36.000000,36.000000,36.000000,36.000000,36.000000,36.000000,36.000000,36.000000,36.000000,36.000000,36.000000,36.000000,36.000000,36.000000,36.000000,36.000000,36.000000,36.000000,36.000000,36.000000,36.000000,36.000000,36.000000,36.000000,36.000000,36.000000,36.000000,36.000000,36.000000,36.000000,36.000000,36.000000,37.000000,38.000000,38.000000,38.000000,38.000000,38.000000,38.000000,39.000000,40.000000,41.000000,42.000000,42.000000,42.000000,42.000000,42.000000,43.000000,44.000000,44.000000,45.000000,46.000000,46.000000,46.000000,46.000000,46.000000,46.000000,47.000000,47.000000,47.000000,47.000000,47.000000,47.000000,47.000000,47.000000,48.000000,48.000000,48.000000,48.000000,48.000000,49.000000,49.000000,50.000000,50.000000,50.000000,50.000000,50.000000,51.000000,52.000000,52.000000,53.000000,54.000000,55.000000,55.000000,56.000000,57.000000,57.000000,57.000000,57.000000,57.000000,57.000000,57.000000,57.000000,57.000000,57.000000,57.000000,57.000000,57.000000,57.000000,57.000000,57.000000,57.000000,57.000000,57.000000,57.000000,57.000000,57.000000,57.000000,57.000000,57.000000,57.000000,57.000000,57.000000,57.000000,58.000000,58.000000,58.000000,59.000000,60.000000,60.000000,60.000000,61.000000,61.000000,61.000000,61.000000,61.000000,61.000000,61.000000,61.000000,61.000000,62.000000,63.000000,64.000000,64.000000,64.000000,64.000000,64.000000,64.000000,64.000000,64.000000,64.000000,64.000000,65.000000,65.000000,66.000000,67.000000,68.000000,69.000000,69.000000,69.000000,69.000000,69.000000,70.000000,70.000000,70.000000,71.000000,71.000000,72.000000,72.000000,72.000000,73.000000,73.000000,73.000000,74.000000,74.000000,74.000000,74.000000,74.000000,74.000000,74.000000,74.000000,74.000000,74.000000,74.000000,74.000000,74.000000,74.000000,74.000000,74.000000,74.000000,74.000000,75.000000,75.000000,75.000000,76.000000,76.000000,76.000000,76.000000,76.000000,76.000000,76.000000,76.000000,77.000000,77.000000,77.000000,78.000000,78.000000,78.000000,78.000000,78.000000,78.000000,78.000000,78.000000,78.000000,78.000000,78.000000,78.000000,78.000000,78.000000,78.000000,78.000000,78.000000,78.000000,78.000000,78.000000,78.000000,78.000000,78.000000,78.000000,78.000000,78.000000,78.000000,78.000000,78.000000,78.000000,78.000000,78.000000,78.000000,78.000000,78.000000,78.000000,78.000000,78.000000,78.000000,78.000000,78.000000,78.000000,78.000000,78.000000,78.000000,78.000000,78.000000,78.000000,78.000000,78.000000,78.000000,78.000000,78.000000,78.000000,78.000000,78.000000,78.000000,78.000000,78.000000,78.000000,78.000000,78.000000,78.000000,78.000000,78.000000,78.000000,78.000000,79.000000;;0;175083
71ff8;31bf;3127;0;0;4000000000000080;     2m 23s 849ms 324μs 161ns;411;-1;             28ms 984μs 657ns;79.000000;5.202532;0.000000;inf;4;1;Unfinished;1.000000,1.000000,1.000000,1.000000,2.000000,2.000000,2.000000,2.000000,2.000000,2.000000,2.000000,2.000000,2.000000,2.000000,2.000000,3.000000,4.000000,5.000000,6.000000,6.000000,6.000000,6.000000,6.000000,6.000000,6.000000,7.000000,7.000000,8.000000,8.000000,9.000000,9.000000,9.000000,9.000000,10.000000,11.000000,11.000000,11.000000,11.000000,11.000000,11.000000,11.000000,12.000000,12.000000,13.000000,13.000000,13.000000,13.000000,13.000000,13.000000,13.000000,14.000000,14.000000,14.000000,15.000000,16.000000,16.000000,17.000000,17.000000,17.000000,17.000000,17.000000,17.000000,17.000000,18.000000,19.000000,19.000000,19.000000,20.000000,20.000000,20.000000,21.000000,21.000000,21.000000,22.000000,22.000000,22.000000,22.000000,22.000000,23.000000,23.000000,24.000000,24.000000,25.000000,25.000000,25.000000,25.000000,25.000000,25.000000,25.000000,25.000000,25.000000,25.000000,25.000000,25.000000,25.000000,25.000000,25.000000,25.000000,25.000000,25.000000,25.000000,25.000000,25.000000,25.000000,25.000000,25.000000,25.000000,26.000000,27.000000,28.000000,28.000000,28.000000,29.000000,29.000000,30.000000,30.000000,30.000000,30.000000,30.000000,30.000000,30.000000,30.000000,30.000000,30.000000,31.000000,31.000000,32.000000,32.000000,32.000000,32.000000,33.000000,33.000000,34.000000,34.000000,35.000000,35.000000,35.000000,35.000000,35.000000,35.000000,35.000000,35.000000,35.000000,35.000000,35.000000,35.000000,35.000000,36.000000,36.000000,36.000000,36.000000,36.000000,36.000000,36.000000,36.000000,36.000000,36.000000,36.000000,36.000000,36.000000,36.000000,36.000000,36.000000,36.000000,36.000000,36.000000,36.000000,36.000000,36.000000,36.000000,36.000000,36.000000,36.000000,36.000000,36.000000,36.000000,36.000000,36.000000,36.000000,36.000000,36.000000,37.000000,38.000000,38.000000,38.000000,38.000000,38.000000,38.000000,39.000000,40.000000,41.000000,42.000000,42.000000,42.000000,42.000000,42.000000,43.000000,44.000000,44.000000,45.000000,46.000000,46.000000,46.000000,46.000000,46.000000,46.000000,47.000000,47.000000,47.000000,47.000000,47.000000,47.000000,47.000000,47.000000,48.000000,48.000000,48.000000,48.000000,48.000000,49.000000,49.000000,50.000000,50.000000,50.000000,50.000000,50.000000,51.000000,52.000000,52.000000,53.000000,54.000000,55.000000,55.000000,56.000000,57.000000,57.000000,57.000000,57.000000,57.000000,57.000000,57.000000,57.000000,57.000000,57.000000,57.000000,57.000000,57.000000,57.000000,57.000000,57.000000,57.000000,57.000000,57.000000,57.000000,57.000000,57.000000,57.000000,57.000000,57.000000,57.000000,57.000000,57.000000,57.000000,58.000000,58.000000,58.000000,59.000000,60.000000,60.000000,60.000000,61.000000,61.000000,61.000000,61.000000,61.000000,61.000000,61.000000,61.000000,61.000000,62.000000,63.000000,64.000000,64.000000,64.000000,64.000000,64.000000,64.000000,64.000000,64.000000,64.000000,64.000000,65.000000,65.000000,66.000000,67.000000,68.000000,69.000000,69.000000,69.000000,69.000000,69.000000,70.000000,70.000000,70.000000,71.000000,71.000000,72.000000,72.000000,72.000000,73.000000,73.000000,73.000000,74.000000,74.000000,74.000000,75.000000,75.000000,75.000000,75.000000,75.000000,75.000000,75.000000,75.000000,75.000000,75.000000,75.000000,75.000000,75.000000,75.000000,75.000000,75.000000,75.000000,75.000000,75.000000,75.000000,75.000000,76.000000,76.000000,76.000000,76.000000,76.000000,76.000000,77.000000,77.000000,78.000000,78.000000,78.000000,78.000000,78.000000,78.000000,78.000000,78.000000,78.000000,78.000000,78.000000,78.000000,78.000000,78.000000,78.000000,78.000000,78.000000,78.000000,78.000000,78.000000,78.000000,78.000000,78.000000,78.000000,78.000000,78.000000,78.000000,78.000000,78.000000,78.000000,78.000000,78.000000,78.000000,78.000000,78.000000,78.000000,78.000000,78.000000,78.000000,78.000000,78.000000,78.000000,78.000000,78.000000,78.000000,78.000000,78.000000,78.000000,78.000000,78.000000,78.000000,78.000000,78.000000,78.000000,78.000000,78.000000,78.000000,78.000000,78.000000,78.000000,78.000000,78.000000,78.000000,78.000000,78.000000,78.000000,78.000000,79.000000;;0;175661
71fe7;31bf;3127;0;0;0000000000000080;     2m 23s 848ms 384μs  21ns;411;-1;             30ms 647μs 265ns;78.000000;5.269231;0.000000;inf;4;1;Unfinished;1.000000,1.000000,1.000000,1.000000,2.000000,2.000000,2.000000,2.000000,2.000000,2.000000,2.000000,2.000000,2.000000,2.000000,2.000000,3.000000,4.000000,5.000000,6.000000,6.000000,6.000000,6.000000,6.000000,6.000000,6.000000,7.000000,7.000000,8.000000,8.000000,9.000000,9.000000,9.000000,9.000000,10.000000,11.000000,11.000000,11.000000,11.000000,11.000000,11.000000,11.000000,12.000000,12.000000,13.000000,13.000000,13.000000,13.000000,13.000000,13.000000,13.000000,14.000000,14.000000,14.000000,15.000000,16.000000,16.000000,17.000000,17.000000,17.000000,17.000000,17.000000,17.000000,17.000000,18.000000,19.000000,19.000000,19.000000,20.000000,20.000000,20.000000,21.000000,21.000000,21.000000,22.000000,22.000000,22.000000,22.000000,22.000000,23.000000,23.000000,24.000000,24.000000,25.000000,25.000000,25.000000,25.000000,25.000000,25.000000,25.000000,25.000000,25.000000,25.000000,25.000000,25.000000,25.000000,25.000000,25.000000,25.000000,25.000000,25.000000,25.000000,25.000000,25.000000,25.000000,25.000000,25.000000,25.000000,26.000000,27.000000,28.000000,28.000000,28.000000,29.000000,29.000000,30.000000,30.000000,30.000000,30.000000,30.000000,30.000000,30.000000,30.000000,30.000000,30.000000,31.000000,31.000000,32.000000,32.000000,32.000000,32.000000,33.000000,33.000000,34.000000,34.000000,35.000000,35.000000,35.000000,35.000000,35.000000,35.000000,35.000000,35.000000,35.000000,35.000000,35.000000,35.000000,35.000000,36.000000,36.000000,36.000000,36.000000,36.000000,36.000000,36.000000,36.000000,36.000000,36.000000,36.000000,36.000000,36.000000,36.000000,36.000000,36.000000,36.000000,36.000000,36.000000,36.000000,36.000000,36.000000,36.000000,36.000000,36.000000,36.000000,36.000000,36.000000,36.000000,36.000000,36.000000,36.000000,36.000000,36.000000,37.000000,38.000000,38.000000,38.000000,38.000000,38.000000,38.000000,39.000000,40.000000,41.000000,42.000000,42.000000,42.000000,42.000000,42.000000,43.000000,44.000000,44.000000,45.000000,46.000000,46.000000,46.000000,46.000000,46.000000,46.000000,47.000000,47.000000,47.000000,47.000000,47.000000,47.000000,47.000000,47.000000,48.000000,48.000000,48.000000,48.000000,48.000000,49.000000,49.000000,50.000000,50.000000,50.000000,50.000000,50.000000,51.000000,52.000000,52.000000,53.000000,54.000000,55.000000,55.000000,56.000000,57.000000,57.000000,57.000000,57.000000,57.000000,57.000000,57.000000,57.000000,57.000000,57.000000,57.000000,57.000000,57.000000,57.000000,57.000000,57.000000,57.000000,57.000000,57.000000,57.000000,57.000000,57.000000,57.000000,57.000000,57.000000,57.000000,57.000000,57.000000,57.000000,58.000000,58.000000,58.000000,59.000000,60.000000,60.000000,60.000000,61.000000,61.000000,61.000000,61.000000,61.000000,61.000000,61.000000,61.000000,61.000000,62.000000,63.000000,64.000000,64.000000,64.000000,64.000000,64.000000,64.000000,64.000000,64.000000,64.000000,64.000000,65.000000,65.000000,66.000000,67.000000,68.000000,69.000000,69.000000,69.000000,69.000000,69.000000,70.000000,70.000000,70.000000,71.000000,71.000000,72.000000,72.000000,72.000000,73.000000,73.000000,73.000000,74.000000,74.000000,74.000000,75.000000,75.000000,75.000000,75.000000,75.000000,75.000000,75.000000,75.000000,75.000000,75.000000,75.000000,75.000000,75.000000,75.000000,75.000000,75.000000,75.000000,75.000000,76.000000,76.000000,76.000000,76.000000,76.000000,76.000000,76.000000,76.000000,77.000000,77.000000,77.000000,78.000000,78.000000,78.000000,78.000000,78.000000,78.000000,78.000000,78.000000,78.000000,78.000000,78.000000,78.000000,78.000000,78.000000,78.000000,78.000000,78.000000,78.000000,78.000000,78.000000,78.000000,78.000000,78.000000,78.000000,78.000000,78.000000,78.000000,78.000000,78.000000,78.000000,78.000000,78.000000,78.000000,78.000000,78.000000,78.000000,78.000000,78.000000,78.000000,78.000000,78.000000,78.000000,78.000000,78.000000,78.000000,78.000000,78.000000,78.000000,78.000000,78.000000,78.000000,78.000000,78.000000,78.000000,78.000000,78.000000,78.000000,78.000000,78.000000,78.000000,78.000000,78.000000,78.000000,78.000000,78.000000,78.000000,78.000000;;0;175079
71feb;31bf;3127;0;0;0000000000000080;     2m 23s 848ms 636μs 416ns;411;-1;             27ms 984μs  53ns;78.000000;5.269231;0.000000;inf;4;1;Unfinished;1.000000,1.000000,1.000000,1.000000,2.000000,2.000000,2.000000,2.000000,2.000000,2.000000,2.000000,2.000000,2.000000,2.000000,2.000000,3.000000,4.000000,5.000000,6.000000,6.000000,6.000000,6.000000,6.000000,6.000000,6.000000,7.000000,7.000000,8.000000,8.000000,9.000000,9.000000,9.000000,9.000000,10.000000,11.000000,11.000000,11.000000,11.000000,11.000000,11.000000,11.000000,12.000000,12.000000,13.000000,13.000000,13.000000,13.000000,13.000000,13.000000,13.000000,14.000000,14.000000,14.000000,15.000000,16.000000,16.000000,17.000000,17.000000,17.000000,17.000000,17.000000,17.000000,17.000000,18.000000,19.000000,19.000000,19.000000,20.000000,20.000000,20.000000,21.000000,21.000000,21.000000,22.000000,22.000000,22.000000,22.000000,22.000000,23.000000,23.000000,24.000000,24.000000,25.000000,25.000000,25.000000,25.000000,25.000000,25.000000,25.000000,25.000000,25.000000,25.000000,25.000000,25.000000,25.000000,25.000000,25.000000,25.000000,25.000000,25.000000,25.000000,25.000000,25.000000,25.000000,25.000000,25.000000,25.000000,26.000000,27.000000,28.000000,28.000000,28.000000,29.000000,29.000000,30.000000,30.000000,30.000000,30.000000,30.000000,30.000000,30.000000,30.000000,30.000000,30.000000,31.000000,31.000000,32.000000,32.000000,32.000000,32.000000,33.000000,33.000000,34.000000,34.000000,35.000000,35.000000,35.000000,35.000000,35.000000,35.000000,35.000000,35.000000,35.000000,35.000000,35.000000,35.000000,35.000000,36.000000,36.000000,36.000000,36.000000,36.000000,36.000000,36.000000,36.000000,36.000000,36.000000,36.000000,36.000000,36.000000,36.000000,36.000000,36.000000,36.000000,36.000000,36.000000,36.000000,36.000000,36.000000,36.000000,36.000000,36.000000,36.000000,36.000000,36.000000,36.000000,36.000000,36.000000,36.000000,36.000000,36.000000,37.000000,38.000000,38.000000,38.000000,38.000000,38.000000,38.000000,39.000000,40.000000,41.000000,42.000000,42.000000,42.000000,42.000000,42.000000,43.000000,44.000000,44.000000,45.000000,46.000000,46.000000,46.000000,46.000000,46.000000,46.000000,47.000000,47.000000,47.000000,47.000000,47.000000,47.000000,47.000000,47.000000,48.000000,48.000000,48.000000,48.000000,48.000000,49.000000,49.000000,50.000000,50.000000,50.000000,50.000000,50.000000,51.000000,52.000000,52.000000,53.000000,54.000000,55.000000,55.000000,56.000000,57.000000,57.000000,57.000000,57.000000,57.000000,57.000000,57.000000,57.000000,57.000000,57.000000,57.000000,57.000000,57.000000,57.000000,57.000000,57.000000,57.000000,57.000000,57.000000,57.000000,57.000000,57.000000,57.000000,57.000000,57.000000,57.000000,57.000000,57.000000,57.000000,58.000000,58.000000,58.000000,59.000000,60.000000,60.000000,60.000000,61.000000,61.000000,61.000000,61.000000,61.000000,61.000000,61.000000,61.000000,61.000000,62.000000,63.000000,64.000000,64.000000,64.000000,64.000000,64.000000,64.000000,64.000000,64.000000,64.000000,64.000000,65.000000,65.000000,66.000000,67.000000,68.000000,69.000000,69.000000,69.000000,69.000000,69.000000,70.000000,70.000000,70.000000,71.000000,71.000000,72.000000,72.000000,72.000000,73.000000,73.000000,73.000000,74.000000,74.000000,74.000000,75.000000,75.000000,75.000000,75.000000,75.000000,75.000000,75.000000,75.000000,75.000000,75.000000,75.000000,75.000000,75.000000,75.000000,75.000000,75.000000,75.000000,75.000000,76.000000,76.000000,76.000000,76.000000,76.000000,76.000000,76.000000,76.000000,77.000000,77.000000,77.000000,78.000000,78.000000,78.000000,78.000000,78.000000,78.000000,78.000000,78.000000,78.000000,78.000000,78.000000,78.000000,78.000000,78.000000,78.000000,78.000000,78.000000,78.000000,78.000000,78.000000,78.000000,78.000000,78.000000,78.000000,78.000000,78.000000,78.000000,78.000000,78.000000,78.000000,78.000000,78.000000,78.000000,78.000000,78.000000,78.000000,78.000000,78.000000,78.000000,78.000000,78.000000,78.000000,78.000000,78.000000,78.000000,78.000000,78.000000,78.000000,78.000000,78.000000,78.000000,78.000000,78.000000,78.000000,78.000000,78.000000,78.000000,78.000000,78.000000,78.000000,78.000000,78.000000,78.000000,78.000000,78.000000,78.000000,78.000000;;0;175084
71fee;31bf;3127;0;0;0000000000000080;     2m 23s 848ms 898μs 224ns;411;-1;             28ms 181μs 520ns;78.000000;5.269231;0.000000;inf;4;1;Unfinished;1.000000,1.000000,1.000000,1.000000,2.000000,2.000000,2.000000,2.000000,2.000000,2.000000,2.000000,2.000000,2.000000,2.000000,2.000000,3.000000,4.000000,5.000000,6.000000,6.000000,6.000000,6.000000,6.000000,6.000000,6.000000,7.000000,7.000000,8.000000,8.000000,9.000000,9.000000,9.000000,9.000000,10.000000,11.000000,11.000000,11.000000,11.000000,11.000000,11.000000,11.000000,12.000000,12.000000,13.000000,13.000000,13.000000,13.000000,13.000000,13.000000,13.000000,14.000000,14.000000,14.000000,15.000000,16.000000,16.000000,17.000000,17.000000,17.000000,17.000000,17.000000,17.000000,17.000000,18.000000,19.000000,19.000000,19.000000,20.000000,20.000000,20.000000,21.000000,21.000000,21.000000,22.000000,22.000000,22.000000,22.000000,22.000000,23.000000,23.000000,24.000000,24.000000,25.000000,25.000000,25.000000,25.000000,25.000000,25.000000,25.000000,25.000000,25.000000,25.000000,25.000000,25.000000,25.000000,25.000000,25.000000,25.000000,25.000000,25.000000,25.000000,25.000000,25.000000,25.000000,25.000000,25.000000,25.000000,26.000000,27.000000,28.000000,28.000000,28.000000,29.000000,29.000000,30.000000,30.000000,30.000000,30.000000,30.000000,30.000000,30.000000,30.000000,30.000000,30.000000,31.000000,31.000000,32.000000,32.000000,32.000000,32.000000,33.000000,33.000000,34.000000,34.000000,35.000000,35.000000,35.000000,35.000000,35.000000,35.000000,35.000000,35.000000,35.000000,35.000000,35.000000,35.000000,35.000000,36.000000,36.000000,36.000000,36.000000,36.000000,36.000000,36.000000,36.000000,36.000000,36.000000,36.000000,36.000000,36.000000,36.000000,36.000000,36.000000,36.000000,36.000000,36.000000,36.000000,36.000000,36.000000,36.000000,36.000000,36.000000,36.000000,36.000000,36.000000,36.000000,36.000000,36.000000,36.000000,36.000000,36.000000,37.000000,38.000000,38.000000,38.000000,38.000000,38.000000,38.000000,39.000000,40.000000,41.000000,42.000000,42.000000,42.000000,42.000000,42.000000,43.000000,44.000000,44.000000,45.000000,46.000000,46.000000,46.000000,46.000000,46.000000,46.000000,47.000000,47.000000,47.000000,47.000000,47.000000,47.000000,47.000000,47.000000,48.000000,48.000000,48.000000,48.000000,48.000000,49.000000,49.000000,50.000000,50.000000,50.000000,50.000000,50.000000,51.000000,52.000000,52.000000,53.000000,54.000000,55.000000,55.000000,56.000000,57.000000,57.000000,57.000000,57.000000,57.000000,57.000000,57.000000,57.000000,57.000000,57.000000,57.000000,57.000000,57.000000,57.000000,57.000000,57.000000,57.000000,57.000000,57.000000,57.000000,57.000000,57.000000,57.000000,57.000000,57.000000,57.000000,57.000000,57.000000,57.000000,58.000000,58.000000,58.000000,59.000000,60.000000,60.000000,60.000000,61.000000,61.000000,61.000000,61.000000,61.000000,61.000000,61.000000,61.000000,61.000000,62.000000,63.000000,64.000000,64.000000,64.000000,64.000000,64.000000,64.000000,64.000000,64.000000,64.000000,64.000000,65.000000,65.000000,66.000000,67.000000,68.000000,69.000000,69.000000,69.000000,69.000000,69.000000,70.000000,70.000000,70.000000,71.000000,71.000000,72.000000,72.000000,72.000000,73.000000,73.000000,73.000000,74.000000,74.000000,74.000000,75.000000,75.000000,75.000000,75.000000,75.000000,75.000000,75.000000,75.000000,75.000000,75.000000,75.000000,75.000000,75.000000,75.000000,75.000000,75.000000,75.000000,75.000000,76.000000,76.000000,76.000000,76.000000,76.000000,76.000000,76.000000,76.000000,77.000000,77.000000,77.000000,78.000000,78.000000,78.000000,78.000000,78.000000,78.000000,78.000000,78.000000,78.000000,78.000000,78.000000,78.000000,78.000000,78.000000,78.000000,78.000000,78.000000,78.000000,78.000000,78.000000,78.000000,78.000000,78.000000,78.000000,78.000000,78.000000,78.000000,78.000000,78.000000,78.000000,78.000000,78.000000,78.000000,78.000000,78.000000,78.000000,78.000000,78.000000,78.000000,78.000000,78.000000,78.000000,78.000000,78.000000,78.000000,78.000000,78.000000,78.000000,78.000000,78.000000,78.000000,78.000000,78.000000,78.000000,78.000000,78.000000,78.000000,78.000000,78.000000,78.000000,78.000000,78.000000,78.000000,78.000000,78.000000,78.000000,78.000000;;0;175085
71ff7;31bf;3127;0;0;0000000000000080;     2m 23s 849ms 224μs 346ns;411;-1;             30ms 206μs 673ns;78.000000;5.269231;0.000000;inf;4;1;Unfinished;1.000000,1.000000,1.000000,1.000000,2.000000,2.000000,2.000000,2.000000,2.000000,2.000000,2.000000,2.000000,2.000000,2.000000,2.000000,3.000000,4.000000,5.000000,6.000000,6.000000,6.000000,6.000000,6.000000,6.000000,6.000000,7.000000,7.000000,8.000000,8.000000,9.000000,9.000000,9.000000,9.000000,10.000000,11.000000,11.000000,11.000000,11.000000,11.000000,11.000000,11.000000,12.000000,12.000000,13.000000,13.000000,13.000000,13.000000,13.000000,13.000000,13.000000,14.000000,14.000000,14.000000,15.000000,16.000000,16.000000,17.000000,17.000000,17.000000,17.000000,17.000000,17.000000,17.000000,18.000000,19.000000,19.000000,19.000000,20.000000,20.000000,20.000000,21.000000,21.000000,21.000000,22.000000,22.000000,22.000000,22.000000,22.000000,23.000000,23.000000,24.000000,24.000000,25.000000,25.000000,25.000000,25.000000,25.000000,25.000000,25.000000,25.000000,25.000000,25.000000,25.000000,25.000000,25.000000,25.000000,25.000000,25.000000,25.000000,25.000000,25.000000,25.000000,25.000000,25.000000,25.000000,25.000000,25.000000,26.000000,27.000000,28.000000,28.000000,28.000000,29.000000,29.000000,30.000000,30.000000,30.000000,30.000000,30.000000,30.000000,30.000000,30.000000,30.000000,30.000000,31.000000,31.000000,32.000000,32.000000,32.000000,32.000000,33.000000,33.000000,34.000000,34.000000,35.000000,35.000000,35.000000,35.000000,35.000000,35.000000,35.000000,35.000000,35.000000,35.000000,35.000000,35.000000,35.000000,36.000000,36.000000,36.000000,36.000000,36.000000,36.000000,36.000000,36.000000,36.000000,36.000000,36.000000,36.000000,36.000000,36.000000,36.000000,36.000000,36.000000,36.000000,36.000000,36.000000,36.000000,36.000000,36.000000,36.000000,36.000000,36.000000,36.000000,36.000000,36.000000,36.000000,36.000000,36.000000,36.000000,36.000000,37.000000,38.000000,38.000000,38.000000,38.000000,38.000000,38.000000,39.000000,40.000000,41.000000,42.000000,42.000000,42.000000,42.000000,42.000000,43.000000,44.000000,44.000000,45.000000,46.000000,46.000000,46.000000,46.000000,46.000000,46.000000,47.000000,47.000000,47.000000,47.000000,47.000000,47.000000,47.000000,47.000000,48.000000,48.000000,48.000000,48.000000,48.000000,49.000000,49.000000,50.000000,50.000000,50.000000,50.000000,50.000000,51.000000,52.000000,52.000000,53.000000,54.000000,55.000000,55.000000,56.000000,57.000000,57.000000,57.000000,57.000000,57.000000,57.000000,57.000000,57.000000,57.000000,57.000000,57.000000,57.000000,57.000000,57.000000,57.000000,57.000000,57.000000,57.000000,57.000000,57.000000,57.000000,57.000000,57.000000,57.000000,57.000000,57.000000,57.000000,57.000000,57.000000,58.000000,58.000000,58.000000,59.000000,60.000000,60.000000,60.000000,61.000000,61.000000,61.000000,61.000000,61.000000,61.000000,61.000000,61.000000,61.000000,62.000000,63.000000,64.000000,64.000000,64.000000,64.000000,64.000000,64.000000,64.000000,64.000000,64.000000,64.000000,65.000000,65.000000,66.000000,67.000000,68.000000,69.000000,69.000000,69.000000,69.000000,69.000000,70.000000,70.000000,70.000000,71.000000,71.000000,72.000000,72.000000,72.000000,73.000000,73.000000,73.000000,74.000000,74.000000,74.000000,75.000000,75.000000,75.000000,75.000000,75.000000,75.000000,75.000000,75.000000,75.000000,75.000000,75.000000,75.000000,75.000000,75.000000,75.000000,75.000000,75.000000,75.000000,75.000000,75.000000,75.000000,75.000000,76.000000,76.000000,76.000000,76.000000,77.000000,77.000000,77.000000,78.000000,78.000000,78.000000,78.000000,78.000000,78.000000,78.000000,78.000000,78.000000,78.000000,78.000000,78.000000,78.000000,78.000000,78.000000,78.000000,78.000000,78.000000,78.000000,78.000000,78.000000,78.000000,78.000000,78.000000,78.000000,78.000000,78.000000,78.000000,78.000000,78.000000,78.000000,78.000000,78.000000,78.000000,78.000000,78.000000,78.000000,78.000000,78.000000,78.000000,78.000000,78.000000,78.000000,78.000000,78.000000,78.000000,78.000000,78.000000,78.000000,78.000000,78.000000,78.000000,78.000000,78.000000,78.000000,78.000000,78.000000,78.000000,78.000000,78.000000,78.000000,78.000000,78.000000,78.000000,78.000000,78.000000,78.000000;;0;175661
71ff1;31bf;3127;0;0;0000000000000080;     2m 23s 848ms 892μs 891ns;411;-1;             27ms 903μs 541ns;75.000000;5.480000;0.000000;inf;4;1;Unfinished;1.000000,1.000000,1.000000,1.000000,2.000000,2.000000,2.000000,2.000000,2.000000,2.000000,2.000000,2.000000,2.000000,2.000000,2.000000,3.000000,4.000000,5.000000,6.000000,6.000000,6.000000,6.000000,6.000000,6.000000,6.000000,7.000000,7.000000,8.000000,8.000000,9.000000,9.000000,9.000000,9.000000,10.000000,11.000000,11.000000,11.000000,11.000000,11.000000,11.000000,11.000000,12.000000,12.000000,13.000000,13.000000,13.000000,13.000000,13.000000,13.000000,13.000000,14.000000,14.000000,14.000000,15.000000,16.000000,16.000000,17.000000,17.000000,17.000000,17.000000,17.000000,17.000000,17.000000,18.000000,19.000000,19.000000,19.000000,20.000000,20.000000,20.000000,21.000000,21.000000,21.000000,22.000000,22.000000,22.000000,22.000000,22.000000,23.000000,23.000000,24.000000,24.000000,25.000000,25.000000,25.000000,25.000000,25.000000,25.000000,25.000000,25.000000,25.000000,25.000000,25.000000,25.000000,25.000000,25.000000,25.000000,25.000000,25.000000,25.000000,25.000000,25.000000,25.000000,25.000000,25.000000,25.000000,25.000000,26.000000,27.000000,28.000000,28.000000,28.000000,29.000000,29.000000,30.000000,30.000000,30.000000,30.000000,30.000000,30.000000,30.000000,30.000000,30.000000,30.000000,31.000000,31.000000,32.000000,32.000000,32.000000,32.000000,33.000000,33.000000,34.000000,34.000000,35.000000,35.000000,35.000000,35.000000,35.000000,35.000000,35.000000,35.000000,35.000000,35.000000,35.000000,35.000000,35.000000,36.000000,36.000000,36.000000,36.000000,36.000000,36.000000,36.000000,36.000000,36.000000,36.000000,36.000000,36.000000,36.000000,36.000000,36.000000,36.000000,36.000000,36.000000,36.000000,36.000000,36.000000,36.000000,36.000000,36.000000,36.000000,36.000000,36.000000,36.000000,36.000000,36.000000,36.000000,36.000000,36.000000,36.000000,37.000000,38.000000,38.000000,38.000000,38.000000,38.000000,38.000000,39.000000,40.000000,41.000000,42.000000,42.000000,42.000000,42.000000,42.000000,43.000000,44.000000,44.000000,45.000000,46.000000,46.000000,46.000000,46.000000,46.000000,46.000000,47.000000,47.000000,47.000000,47.000000,47.000000,47.000000,47.000000,47.000000,48.000000,48.000000,48.000000,48.000000,48.000000,49.000000,49.000000,50.000000,50.000000,50.000000,50.000000,50.000000,51.000000,52.000000,52.000000,53.000000,54.000000,55.000000,55.000000,56.000000,57.000000,57.000000,57.000000,57.000000,57.000000,57.000000,57.000000,57.000000,57.000000,57.000000,57.000000,57.000000,57.000000,57.000000,57.000000,57.000000,57.000000,57.000000,57.000000,57.000000,57.000000,57.000000,57.000000,57.000000,57.000000,57.000000,57.000000,57.000000,57.000000,58.000000,58.000000,58.000000,59.000000,60.000000,60.000000,60.000000,61.000000,61.000000,61.000000,61.000000,61.000000,61.000000,61.000000,61.000000,61.000000,62.000000,63.000000,64.000000,64.000000,64.000000,64.000000,64.000000,64.000000,64.000000,64.000000,64.000000,64.000000,65.000000,65.000000,66.000000,67.000000,68.000000,69.000000,69.000000,69.000000,69.000000,69.000000,70.000000,70.000000,70.000000,71.000000,71.000000,72.000000,72.000000,72.000000,73.000000,73.000000,73.000000,74.000000,74.000000,74.000000,75.000000,75.000000,75.000000,75.000000,75.000000,75.000000,75.000000,75.000000,75.000000,75.000000,75.000000,75.000000,75.000000,75.000000,75.000000,75.000000,75.000000,75.000000,75.000000,75.000000,75.000000,75.000000,75.000000,75.000000,75.000000,75.000000,75.000000,75.000000,75.000000,75.000000,75.000000,75.000000,75.000000,75.000000,75.000000,75.000000,75.000000,75.000000,75.000000,75.000000,75.000000,75.000000,75.000000,75.000000,75.000000,75.000000,75.000000,75.000000,75.000000,75.000000,75.000000,75.000000,75.000000,75.000000,75.000000,75.000000,75.000000,75.000000,75.000000,75.000000,75.000000,75.000000,75.000000,75.000000,75.000000,75.000000,75.000000,75.000000,75.000000,75.000000,75.000000,75.000000,75.000000,75.000000,75.000000,75.000000,75.000000,75.000000,75.000000,75.000000,75.000000,75.000000,75.000000,75.000000,75.000000,75.000000,75.000000,75.000000,75.000000,75.000000,75.000000,75.000000,75.000000,75.000000,75.000000,75.000000;;0;175085
71ff6;31bf;3127;0;0;4000000000000080;     2m 23s 849ms 287μs 785ns;411;-1;             30ms  29μs 502ns;75.000000;5.480000;0.000000;inf;4;1;Unfinished;1.000000,1.000000,1.000000,1.000000,2.000000,2.000000,2.000000,2.000000,2.000000,2.000000,2.000000,2.000000,2.000000,2.000000,2.000000,3.000000,4.000000,5.000000,6.000000,6.000000,6.000000,6.000000,6.000000,6.000000,6.000000,7.000000,7.000000,8.000000,8.000000,9.000000,9.000000,9.000000,9.000000,10.000000,11.000000,11.000000,11.000000,11.000000,11.000000,11.000000,11.000000,12.000000,12.000000,13.000000,13.000000,13.000000,13.000000,13.000000,13.000000,13.000000,14.000000,14.000000,14.000000,15.000000,16.000000,16.000000,17.000000,17.000000,17.000000,17.000000,17.000000,17.000000,17.000000,18.000000,19.000000,19.000000,19.000000,20.000000,20.000000,20.000000,21.000000,21.000000,21.000000,22.000000,22.000000,22.000000,22.000000,22.000000,23.000000,23.000000,24.000000,24.000000,25.000000,25.000000,25.000000,25.000000,25.000000,25.000000,25.000000,25.000000,25.000000,25.000000,25.000000,25.000000,25.000000,25.000000,25.000000,25.000000,25.000000,25.000000,25.000000,25.000000,25.000000,25.000000,25.000000,25.000000,25.000000,26.000000,27.000000,28.000000,28.000000,28.000000,29.000000,29.000000,30.000000,30.000000,30.000000,30.000000,30.000000,30.000000,30.000000,30.000000,30.000000,30.000000,31.000000,31.000000,32.000000,32.000000,32.000000,32.000000,33.000000,33.000000,34.000000,34.000000,35.000000,35.000000,35.000000,35.000000,35.000000,35.000000,35.000000,35.000000,35.000000,35.000000,35.000000,35.000000,35.000000,36.000000,36.000000,36.000000,36.000000,36.000000,36.000000,36.000000,36.000000,36.000000,36.000000,36.000000,36.000000,36.000000,36.000000,36.000000,36.000000,36.000000,36.000000,36.000000,36.000000,36.000000,36.000000,36.000000,36.000000,36.000000,36.000000,36.000000,36.000000,36.000000,36.000000,36.000000,36.000000,36.000000,36.000000,37.000000,38.000000,38.000000,38.000000,38.000000,38.000000,38.000000,39.000000,40.000000,41.000000,42.000000,42.000000,42.000000,42.000000,42.000000,43.000000,44.000000,44.000000,45.000000,46.000000,46.000000,46.000000,46.000000,46.000000,46.000000,47.000000,47.000000,47.000000,47.000000,47.000000,47.000000,47.000000,47.000000,48.000000,48.000000,48.000000,48.000000,48.000000,49.000000,49.000000,50.000000,50.000000,50.000000,50.000000,50.000000,51.000000,52.000000,52.000000,53.000000,54.000000,55.000000,55.000000,56.000000,57.000000,57.000000,57.000000,57.000000,57.000000,57.000000,57.000000,57.000000,57.000000,57.000000,57.000000,57.000000,57.000000,57.000000,57.000000,57.000000,57.000000,57.000000,57.000000,57.000000,57.000000,57.000000,57.000000,57.000000,57.000000,57.000000,57.000000,57.000000,57.000000,58.000000,58.000000,58.000000,59.000000,60.000000,60.000000,60.000000,61.000000,61.000000,61.000000,61.000000,61.000000,61.000000,61.000000,61.000000,61.000000,62.000000,63.000000,64.000000,64.000000,64.000000,64.000000,64.000000,64.000000,64.000000,64.000000,64.000000,64.000000,65.000000,65.000000,66.000000,67.000000,68.000000,69.000000,69.000000,69.000000,69.000000,69.000000,70.000000,70.000000,70.000000,71.000000,71.000000,72.000000,72.000000,72.000000,73.000000,73.000000,73.000000,74.000000,74.000000,74.000000,75.000000,75.000000,75.000000,75.000000,75.000000,75.000000,75.000000,75.000000,75.000000,75.000000,75.000000,75.000000,75.000000,75.000000,75.000000,75.000000,75.000000,75.000000,75.000000,75.000000,75.000000,75.000000,75.000000,75.000000,75.000000,75.000000,75.000000,75.000000,75.000000,75.000000,75.000000,75.000000,75.000000,75.000000,75.000000,75.000000,75.000000,75.000000,75.000000,75.000000,75.000000,75.000000,75.000000,75.000000,75.000000,75.000000,75.000000,75.000000,75.000000,75.000000,75.000000,75.000000,75.000000,75.000000,75.000000,75.000000,75.000000,75.000000,75.000000,75.000000,75.000000,75.000000,75.000000,75.000000,75.000000,75.000000,75.000000,75.000000,75.000000,75.000000,75.000000,75.000000,75.000000,75.000000,75.000000,75.000000,75.000000,75.000000,75.000000,75.000000,75.000000,75.000000,75.000000,75.000000,75.000000,75.000000,75.000000,75.000000,75.000000,75.000000,75.000000,75.000000,75.000000,75.000000,75.000000,75.000000;;0;175661
1b9c9;2afb;3127;0;0;0000000000000030;        39s 507ms 941μs 715ns;407;-1;             28ms 376μs 849ns;79.000000;5.151899;0.000000;inf;4;1;Unfinished;1.000000,1.000000,1.000000,1.000000,2.000000,2.000000,2.000000,2.000000,2.000000,2.000000,2.000000,2.000000,2.000000,2.000000,2.000000,3.000000,4.000000,5.000000,6.000000,6.000000,6.000000,6.000000,6.000000,6.000000,6.000000,7.000000,7.000000,8.000000,8.000000,9.000000,9.000000,9.000000,9.000000,10.000000,11.000000,11.000000,11.000000,11.000000,11.000000,11.000000,11.000000,12.000000,12.000000,13.000000,13.000000,13.000000,13.000000,13.000000,13.000000,13.000000,14.000000,14.000000,14.000000,15.000000,16.000000,16.000000,17.000000,17.000000,17.000000,17.000000,17.000000,17.000000,17.000000,18.000000,19.000000,19.000000,19.000000,20.000000,20.000000,20.000000,21.000000,21.000000,21.000000,22.000000,22.000000,22.000000,22.000000,22.000000,23.000000,23.000000,24.000000,24.000000,25.000000,25.000000,25.000000,25.000000,25.000000,25.000000,25.000000,25.000000,25.000000,25.000000,25.000000,25.000000,25.000000,25.000000,25.000000,25.000000,25.000000,25.000000,25.000000,25.000000,25.000000,25.000000,25.000000,25.000000,25.000000,26.000000,27.000000,28.000000,28.000000,28.000000,29.000000,29.000000,30.000000,30.000000,30.000000,30.000000,30.000000,30.000000,30.000000,30.000000,30.000000,30.000000,31.000000,31.000000,32.000000,32.000000,32.000000,32.000000,33.000000,33.000000,34.000000,34.000000,35.000000,35.000000,35.000000,35.000000,35.000000,35.000000,35.000000,35.000000,35.000000,35.000000,35.000000,35.000000,35.000000,36.000000,36.000000,36.000000,36.000000,36.000000,36.000000,36.000000,36.000000,36.000000,36.000000,36.000000,36.000000,36.000000,36.000000,36.000000,36.000000,36.000000,36.000000,36.000000,36.000000,36.000000,36.000000,36.000000,36.000000,36.000000,36.000000,36.000000,36.000000,36.000000,36.000000,36.000000,36.000000,36.000000,36.000000,37.000000,38.000000,38.000000,38.000000,38.000000,38.000000,38.000000,39.000000,40.000000,41.000000,42.000000,42.000000,42.000000,42.000000,42.000000,43.000000,44.000000,44.000000,45.000000,46.000000,46.000000,46.000000,46.000000,46.000000,46.000000,47.000000,47.000000,47.000000,47.000000,47.000000,47.000000,47.000000,47.000000,48.000000,48.000000,48.000000,48.000000,48.000000,49.000000,49.000000,50.000000,50.000000,50.000000,50.000000,50.000000,51.000000,52.000000,52.000000,53.000000,54.000000,55.000000,55.000000,56.000000,57.000000,57.000000,57.000000,57.000000,57.000000,57.000000,57.000000,57.000000,57.000000,57.000000,57.000000,57.000000,57.000000,57.000000,57.000000,57.000000,57.000000,57.000000,57.000000,57.000000,57.000000,57.000000,57.000000,57.000000,57.000000,57.000000,57.000000,57.000000,57.000000,58.000000,58.000000,58.000000,59.000000,60.000000,60.000000,60.000000,61.000000,61.000000,61.000000,61.000000,61.000000,61.000000,61.000000,61.000000,61.000000,62.000000,63.000000,64.000000,64.000000,64.000000,64.000000,64.000000,64.000000,64.000000,64.000000,64.000000,64.000000,65.000000,65.000000,66.000000,67.000000,68.000000,69.000000,69.000000,69.000000,69.000000,69.000000,70.000000,70.000000,70.000000,71.000000,71.000000,72.000000,72.000000,72.000000,73.000000,73.000000,73.000000,74.000000,74.000000,74.000000,75.000000,75.000000,75.000000,75.000000,75.000000,75.000000,75.000000,75.000000,76.000000,76.000000,76.000000,76.000000,76.000000,76.000000,76.000000,76.000000,76.000000,76.000000,76.000000,76.000000,76.000000,76.000000,76.000000,76.000000,76.000000,76.000000,76.000000,76.000000,76.000000,76.000000,76.000000,76.000000,76.000000,76.000000,76.000000,76.000000,76.000000,76.000000,76.000000,76.000000,76.000000,76.000000,76.000000,76.000000,76.000000,76.000000,76.000000,76.000000,76.000000,76.000000,76.000000,76.000000,76.000000,76.000000,76.000000,76.000000,76.000000,76.000000,76.000000,76.000000,76.000000,76.000000,76.000000,76.000000,76.000000,76.000000,76.000000,76.000000,76.000000,76.000000,76.000000,76.000000,76.000000,76.000000,76.000000,76.000000,77.000000,77.000000,77.000000,77.000000,78.000000,78.000000,78.000000,78.000000,78.000000,78.000000,78.000000,79.000000,79.000000,79.000000,79.000000,79.000000;;0;47723
71f57;31bf;3127;0;0;0000000000000080;     2m 23s 759ms 737μs 707ns;407;-1;             30ms 289μs 123ns;78.000000;5.217949;0.000000;inf;4;1;Unfinished;1.000000,1.000000,1.000000,1.000000,2.000000,2.000000,2.000000,2.000000,2.000000,2.000000,2.000000,2.000000,2.000000,2.000000,2.000000,3.000000,4.000000,5.000000,6.000000,6.000000,6.000000,6.000000,6.000000,6.000000,6.000000,7.000000,7.000000,8.000000,8.000000,9.000000,9.000000,9.000000,9.000000,10.000000,11.000000,11.000000,11.000000,11.000000,11.000000,11.000000,11.000000,12.000000,12.000000,13.000000,13.000000,13.000000,13.000000,13.000000,13.000000,13.000000,14.000000,14.000000,14.000000,15.000000,16.000000,16.000000,17.000000,17.000000,17.000000,17.000000,17.000000,17.000000,17.000000,18.000000,19.000000,19.000000,19.000000,20.000000,20.000000,20.000000,21.000000,21.000000,21.000000,22.000000,22.000000,22.000000,22.000000,22.000000,23.000000,23.000000,24.000000,24.000000,25.000000,25.000000,25.000000,25.000000,25.000000,25.000000,25.000000,25.000000,25.000000,25.000000,25.000000,25.000000,25.000000,25.000000,25.000000,25.000000,25.000000,25.000000,25.000000,25.000000,25.000000,25.000000,25.000000,25.000000,25.000000,26.000000,27.000000,28.000000,28.000000,28.000000,29.000000,29.000000,30.000000,30.000000,30.000000,30.000000,30.000000,30.000000,30.000000,30.000000,30.000000,30.000000,31.000000,31.000000,32.000000,32.000000,32.000000,32.000000,33.000000,33.000000,34.000000,34.000000,35.000000,35.000000,35.000000,35.000000,35.000000,35.000000,35.000000,35.000000,35.000000,35.000000,35.000000,35.000000,35.000000,36.000000,36.000000,36.000000,36.000000,36.000000,36.000000,36.000000,36.000000,36.000000,36.000000,36.000000,36.000000,36.000000,36.000000,36.000000,36.000000,36.000000,36.000000,36.000000,36.000000,36.000000,36.000000,36.000000,36.000000,36.000000,36.000000,36.000000,36.000000,36.000000,36.000000,36.000000,36.000000,36.000000,36.000000,37.000000,38.000000,38.000000,38.000000,38.000000,38.000000,38.000000,39.000000,40.000000,41.000000,42.000000,42.000000,42.000000,42.000000,42.000000,43.000000,44.000000,44.000000,45.000000,46.000000,46.000000,46.000000,46.000000,46.000000,46.000000,47.000000,47.000000,47.000000,47.000000,47.000000,47.000000,47.000000,47.000000,48.000000,48.000000,48.000000,48.000000,48.000000,49.000000,49.000000,50.000000,50.000000,50.000000,50.000000,50.000000,51.000000,52.000000,52.000000,53.000000,54.000000,55.000000,55.000000,56.000000,57.000000,57.000000,57.000000,57.000000,57.000000,57.000000,57.000000,57.000000,57.000000,57.000000,57.000000,57.000000,57.000000,57.000000,57.000000,57.000000,57.000000,57.000000,57.000000,57.000000,57.000000,57.000000,57.000000,57.000000,57.000000,57.000000,57.000000,57.000000,57.000000,58.000000,58.000000,58.000000,59.000000,60.000000,60.000000,60.000000,61.000000,61.000000,61.000000,61.000000,61.000000,61.000000,61.000000,61.000000,61.000000,62.000000,63.000000,64.000000,64.000000,64.000000,64.000000,64.000000,64.000000,64.000000,64.000000,64.000000,64.000000,65.000000,65.000000,66.000000,67.000000,68.000000,69.000000,69.000000,69.000000,69.000000,69.000000,70.000000,70.000000,70.000000,71.000000,71.000000,72.000000,72.000000,72.000000,73.000000,73.000000,73.000000,74.000000,74.000000,74.000000,74.000000,75.000000,75.000000,75.000000,75.000000,75.000000,75.000000,75.000000,75.000000,75.000000,75.000000,75.000000,75.000000,75.000000,76.000000,76.000000,76.000000,76.000000,76.000000,76.000000,76.000000,76.000000,77.000000,77.000000,77.000000,78.000000,78.000000,78.000000,78.000000,78.000000,78.000000,78.000000,78.000000,78.000000,78.000000,78.000000,78.000000,78.000000,78.000000,78.000000,78.000000,78.000000,78.000000,78.000000,78.000000,78.000000,78.000000,78.000000,78.000000,78.000000,78.000000,78.000000,78.000000,78.000000,78.000000,78.000000,78.000000,78.000000,78.000000,78.000000,78.000000,78.000000,78.000000,78.000000,78.000000,78.000000,78.000000,78.000000,78.000000,78.000000,78.000000,78.000000,78.000000,78.000000,78.000000,78.000000,78.000000,78.000000,78.000000,78.000000,78.000000,78.000000,78.000000,78.000000,78.000000,78.000000,78.000000,78.000000,78.000000,78.000000,78.000000,78.000000;;0;80875
71f5a;31bf;3127;0;0;0000000000000080;     2m 23s 760ms  54μs 545ns;407;-1;             30ms 356μs 278ns;78.000000;5.217949;0.000000;inf;4;1;Unfinished;1.000000,1.000000,1.000000,1.000000,2.000000,2.000000,2.000000,2.000000,2.000000,2.000000,2.000000,2.000000,2.000000,2.000000,2.000000,3.000000,4.000000,5.000000,6.000000,6.000000,6.000000,6.000000,6.000000,6.000000,6.000000,7.000000,7.000000,8.000000,8.000000,9.000000,9.000000,9.000000,9.000000,10.000000,11.000000,11.000000,11.000000,11.000000,11.000000,11.000000,11.000000,12.000000,12.000000,13.000000,13.000000,13.000000,13.000000,13.000000,13.000000,13.000000,14.000000,14.000000,14.000000,15.000000,16.000000,16.000000,17.000000,17.000000,17.000000,17.000000,17.000000,17.000000,17.000000,18.000000,19.000000,19.000000,19.000000,20.000000,20.000000,20.000000,21.000000,21.000000,21.000000,22.000000,22.000000,22.000000,22.000000,22.000000,23.000000,23.000000,24.000000,24.000000,25.000000,25.000000,25.000000,25.000000,25.000000,25.000000,25.000000,25.000000,25.000000,25.000000,25.000000,25.000000,25.000000,25.000000,25.000000,25.000000,25.000000,25.000000,25.000000,25.000000,25.000000,25.000000,25.000000,25.000000,25.000000,26.000000,27.000000,28.000000,28.000000,28.000000,29.000000,29.000000,30.000000,30.000000,30.000000,30.000000,30.000000,30.000000,30.000000,30.000000,30.000000,30.000000,31.000000,31.000000,32.000000,32.000000,32.000000,32.000000,33.000000,33.000000,34.000000,34.000000,35.000000,35.000000,35.000000,35.000000,35.000000,35.000000,35.000000,35.000000,35.000000,35.000000,35.000000,35.000000,35.000000,36.000000,36.000000,36.000000,36.000000,36.000000,36.000000,36.000000,36.000000,36.000000,36.000000,36.000000,36.000000,36.000000,36.000000,36.000000,36.000000,36.000000,36.000000,36.000000,36.000000,36.000000,36.000000,36.000000,36.000000,36.000000,36.000000,36.000000,36.000000,36.000000,36.000000,36.000000,36.000000,36.000000,36.000000,37.000000,38.000000,38.000000,38.000000,38.000000,38.000000,38.000000,39.000000,40.000000,41.000000,42.000000,42.000000,42.000000,42.000000,42.000000,43.000000,44.000000,44.000000,45.000000,46.000000,46.000000,46.000000,46.000000,46.000000,46.000000,47.000000,47.000000,47.000000,47.000000,47.000000,47.000000,47.000000,47.000000,48.000000,48.000000,48.000000,48.000000,48.000000,49.000000,49.000000,50.000000,50.000000,50.000000,50.000000,50.000000,51.000000,52.000000,52.000000,53.000000,54.000000,55.000000,55.000000,56.000000,57.000000,57.000000,57.000000,57.000000,57.000000,57.000000,57.000000,57.000000,57.000000,57.000000,57.000000,57.000000,57.000000,57.000000,57.000000,57.000000,57.000000,57.000000,57.000000,57.000000,57.000000,57.000000,57.000000,57.000000,57.000000,57.000000,57.000000,57.000000,57.000000,58.000000,58.000000,58.000000,59.000000,60.000000,60.000000,60.000000,61.000000,61.000000,61.000000,61.000000,61.000000,61.000000,61.000000,61.000000,61.000000,62.000000,63.000000,64.000000,64.000000,64.000000,64.000000,64.000000,64.000000,64.000000,64.000000,64.000000,64.000000,65.000000,65.000000,66.000000,67.000000,68.000000,69.000000,69.000000,69.000000,69.000000,69.000000,70.000000,70.000000,70.000000,71.000000,71.000000,72.000000,72.000000,72.000000,73.000000,73.000000,73.000000,74.000000,74.000000,74.000000,75.000000,75.000000,75.000000,75.000000,75.000000,75.000000,75.000000,75.000000,75.000000,75.000000,75.000000,75.000000,75.000000,75.000000,76.000000,76.000000,76.000000,76.000000,76.000000,76.000000,76.000000,76.000000,77.000000,77.000000,77.000000,78.000000,78.000000,78.000000,78.000000,78.000000,78.000000,78.000000,78.000000,78.000000,78.000000,78.000000,78.000000,78.000000,78.000000,78.000000,78.000000,78.000000,78.000000,78.000000,78.000000,78.000000,78.000000,78.000000,78.000000,78.000000,78.000000,78.000000,78.000000,78.000000,78.000000,78.000000,78.000000,78.000000,78.000000,78.000000,78.000000,78.000000,78.000000,78.000000,78.000000,78.000000,78.000000,78.000000,78.000000,78.000000,78.000000,78.000000,78.000000,78.000000,78.000000,78.000000,78.000000,78.000000,78.000000,78.000000,78.000000,78.000000,78.000000,78.000000,78.000000,78.000000,78.000000,78.000000,78.000000,78.000000,78.000000,78.000000;;0;80875
71f5d;31bf;3127;0;0;4000000000000080;     2m 23s 760ms 334μs 589ns;407;-1;             29ms 295μs 600ns;78.000000;5.217949;0.000000;inf;4;1;Unfinished;1.000000,1.000000,1.000000,1.000000,2.000000,2.000000,2.000000,2.000000,2.000000,2.000000,2.000000,2.000000,2.000000,2.000000,2.000000,3.000000,4.000000,5.000000,6.000000,6.000000,6.000000,6.000000,6.000000,6.000000,6.000000,7.000000,7.000000,8.000000,8.000000,9.000000,9.000000,9.000000,9.000000,10.000000,11.000000,11.000000,11.000000,11.000000,11.000000,11.000000,11.000000,12.000000,12.000000,13.000000,13.000000,13.000000,13.000000,13.000000,13.000000,13.000000,14.000000,14.000000,14.000000,15.000000,16.000000,16.000000,17.000000,17.000000,17.000000,17.000000,17.000000,17.000000,17.000000,18.000000,19.000000,19.000000,19.000000,20.000000,20.000000,20.000000,21.000000,21.000000,21.000000,22.000000,22.000000,22.000000,22.000000,22.000000,23.000000,23.000000,24.000000,24.000000,25.000000,25.000000,25.000000,25.000000,25.000000,25.000000,25.000000,25.000000,25.000000,25.000000,25.000000,25.000000,25.000000,25.000000,25.000000,25.000000,25.000000,25.000000,25.000000,25.000000,25.000000,25.000000,25.000000,25.000000,25.000000,26.000000,27.000000,28.000000,28.000000,28.000000,29.000000,29.000000,30.000000,30.000000,30.000000,30.000000,30.000000,30.000000,30.000000,30.000000,30.000000,30.000000,31.000000,31.000000,32.000000,32.000000,32.000000,32.000000,33.000000,33.000000,34.000000,34.000000,35.000000,35.000000,35.000000,35.000000,35.000000,35.000000,35.000000,35.000000,35.000000,35.000000,35.000000,35.000000,35.000000,36.000000,36.000000,36.000000,36.000000,36.000000,36.000000,36.000000,36.000000,36.000000,36.000000,36.000000,36.000000,36.000000,36.000000,36.000000,36.000000,36.000000,36.000000,36.000000,36.000000,36.000000,36.000000,36.000000,36.000000,36.000000,36.000000,36.000000,36.000000,36.000000,36.000000,36.000000,36.000000,36.000000,36.000000,37.000000,38.000000,38.000000,38.000000,38.000000,38.000000,38.000000,39.000000,40.000000,41.000000,42.000000,42.000000,42.000000,42.000000,42.000000,43.000000,44.000000,44.000000,45.000000,46.000000,46.000000,46.000000,46.000000,46.000000,46.000000,47.000000,47.000000,47.000000,47.000000,47.000000,47.000000,47.000000,47.000000,48.000000,48.000000,48.000000,48.000000,48.000000,49.000000,49.000000,50.000000,50.000000,50.000000,50.000000,50.000000,51.000000,52.000000,52.000000,53.000000,54.000000,55.000000,55.000000,56.000000,57.000000,57.000000,57.000000,57.000000,57.000000,57.000000,57.000000,57.000000,57.000000,57.000000,57.000000,57.000000,57.000000,57.000000,57.000000,57.000000,57.000000,57.000000,57.000000,57.000000,57.000000,57.000000,57.000000,57.000000,57.000000,57.000000,57.000000,57.000000,57.000000,58.000000,58.000000,58.000000,59.000000,60.000000,60.000000,60.000000,61.000000,61.000000,61.000000,61.000000,61.000000,61.000000,61.000000,61.000000,61.000000,62.000000,63.000000,64.000000,64.000000,64.000000,64.000000,64.000000,64.000000,64.000000,64.000000,64.000000,64.000000,65.000000,65.000000,66.000000,67.000000,68.000000,69.000000,69.000000,69.000000,69.000000,69.000000,70.000000,70.000000,70.000000,71.000000,71.000000,72.000000,72.000000,72.000000,73.000000,73.000000,73.000000,74.000000,74.000000,74.000000,75.000000,75.000000,75.000000,75.000000,75.000000,75.000000,75.000000,75.000000,75.000000,75.000000,75.000000,75.000000,75.000000,75.000000,75.000000,75.000000,75.000000,75.000000,75.000000,75.000000,75.000000,75.000000,76.000000,77.000000,77.000000,78.000000,78.000000,78.000000,78.000000,78.000000,78.000000,78.000000,78.000000,78.000000,78.000000,78.000000,78.000000,78.000000,78.000000,78.000000,78.000000,78.000000,78.000000,78.000000,78.000000,78.000000,78.000000,78.000000,78.000000,78.000000,78.000000,78.000000,78.000000,78.000000,78.000000,78.000000,78.000000,78.000000,78.000000,78.000000,78.000000,78.000000,78.000000,78.000000,78.000000,78.000000,78.000000,78.000000,78.000000,78.000000,78.000000,78.000000,78.000000,78.000000,78.000000,78.000000,78.000000,78.000000,78.000000,78.000000,78.000000,78.000000,78.000000,78.000000,78.000000,78.000000,78.000000,78.000000,78.000000,78.000000,78.000000,78.000000;;0;80875
315d;2afb;3127;0;0;0000000000000030;         9s 222ms 473μs 327ns;403;-1;             23ms 645μs 787ns;76.000000;5.302632;0.000000;inf;4;1;Unfinished;1.000000,1.000000,1.000000,1.000000,2.000000,2.000000,2.000000,2.000000,2.000000,2.000000,2.000000,2.000000,2.000000,2.000000,2.000000,3.000000,4.000000,5.000000,6.000000,6.000000,6.000000,6.000000,6.000000,6.000000,6.000000,7.000000,7.000000,8.000000,8.000000,9.000000,9.000000,9.000000,9.000000,10.000000,11.000000,11.000000,11.000000,11.000000,11.000000,11.000000,11.000000,12.000000,12.000000,13.000000,13.000000,13.000000,13.000000,13.000000,13.000000,13.000000,14.000000,14.000000,14.000000,15.000000,16.000000,16.000000,17.000000,17.000000,17.000000,17.000000,17.000000,17.000000,17.000000,18.000000,19.000000,19.000000,19.000000,20.000000,20.000000,20.000000,21.000000,21.000000,21.000000,22.000000,22.000000,22.000000,22.000000,22.000000,23.000000,23.000000,24.000000,24.000000,25.000000,25.000000,25.000000,25.000000,25.000000,25.000000,25.000000,25.000000,25.000000,25.000000,25.000000,25.000000,25.000000,25.000000,25.000000,25.000000,25.000000,25.000000,25.000000,25.000000,25.000000,25.000000,25.000000,25.000000,25.000000,26.000000,27.000000,28.000000,28.000000,28.000000,29.000000,29.000000,30.000000,30.000000,30.000000,30.000000,30.000000,30.000000,30.000000,30.000000,30.000000,30.000000,31.000000,31.000000,32.000000,32.000000,32.000000,32.000000,33.000000,33.000000,34.000000,34.000000,35.000000,35.000000,35.000000,35.000000,35.000000,35.000000,35.000000,35.000000,35.000000,35.000000,35.000000,35.000000,35.000000,36.000000,36.000000,36.000000,36.000000,36.000000,36.000000,36.000000,36.000000,36.000000,36.000000,36.000000,36.000000,36.000000,36.000000,36.000000,36.000000,36.000000,36.000000,36.000000,36.000000,36.000000,36.000000,36.000000,36.000000,36.000000,36.000000,36.000000,36.000000,36.000000,36.000000,36.000000,36.000000,36.000000,36.000000,37.000000,38.000000,38.000000,38.000000,38.000000,38.000000,38.000000,39.000000,40.000000,41.000000,42.000000,42.000000,42.000000,42.000000,42.000000,43.000000,44.000000,44.000000,45.000000,46.000000,46.000000,46.000000,46.000000,46.000000,46.000000,47.000000,47.000000,47.000000,47.000000,47.000000,47.000000,47.000000,47.000000,48.000000,48.000000,48.000000,48.000000,48.000000,49.000000,49.000000,50.000000,50.000000,50.000000,50.000000,50.000000,51.000000,52.000000,52.000000,53.000000,54.000000,55.000000,55.000000,56.000000,57.000000,57.000000,57.000000,57.000000,57.000000,57.000000,57.000000,57.000000,57.000000,57.000000,57.000000,57.000000,57.000000,57.000000,57.000000,57.000000,57.000000,57.000000,57.000000,57.000000,57.000000,57.000000,57.000000,57.000000,57.000000,57.000000,57.000000,57.000000,57.000000,58.000000,58.000000,58.000000,59.000000,60.000000,60.000000,60.000000,61.000000,61.000000,61.000000,61.000000,61.000000,61.000000,61.000000,61.000000,61.000000,62.000000,63.000000,64.000000,64.000000,64.000000,64.000000,64.000000,64.000000,64.000000,64.000000,64.000000,64.000000,65.000000,65.000000,66.000000,67.000000,68.000000,69.000000,69.000000,69.000000,69.000000,69.000000,70.000000,70.000000,70.000000,71.000000,71.000000,72.000000,72.000000,72.000000,73.000000,73.000000,73.000000,74.000000,74.000000,74.000000,75.000000,75.000000,75.000000,76.000000,76.000000,76.000000,76.000000,76.000000,76.000000,76.000000,76.000000,76.000000,76.000000,76.000000,76.000000,76.000000,76.000000,76.000000,76.000000,76.000000,76.000000,76.000000,76.000000,76.000000,76.000000,76.000000,76.000000,76.000000,76.000000,76.000000,76.000000,76.000000,76.000000,76.000000,76.000000,76.000000,76.000000,76.000000,76.000000,76.000000,76.000000,76.000000,76.000000,76.000000,76.000000,76.000000,76.000000,76.000000,76.000000,76.000000,76.000000,76.000000,76.000000,76.000000,76.000000,76.000000,76.000000,76.000000,76.000000,76.000000,76.000000,76.000000,76.000000,76.000000,76.000000,76.000000,76.000000,76.000000,76.000000,76.000000,76.000000,76.000000,76.000000,76.000000,76.000000,76.000000,76.000000,76.000000,76.000000,76.000000,76.000000,76.000000,76.000000,76.000000,76.000000,76.000000,76.000000,76.000000;;0;3815
71fbb;2a808;3127;0;0;0000000000000080;     2m 23s 816ms 781μs 790ns;401;-1;             29ms 781μs 760ns;80.000000;5.012500;0.000000;inf;4;1;Unfinished;1.000000,1.000000,1.000000,1.000000,2.000000,2.000000,2.000000,2.000000,2.000000,2.000000,2.000000,2.000000,2.000000,2.000000,2.000000,3.000000,4.000000,5.000000,6.000000,6.000000,6.000000,6.000000,6.000000,6.000000,6.000000,7.000000,7.000000,8.000000,8.000000,9.000000,9.000000,9.000000,9.000000,10.000000,11.000000,11.000000,11.000000,11.000000,11.000000,11.000000,11.000000,12.000000,12.000000,13.000000,13.000000,13.000000,13.000000,13.000000,13.000000,13.000000,14.000000,14.000000,14.000000,15.000000,16.000000,16.000000,17.000000,17.000000,17.000000,17.000000,17.000000,17.000000,17.000000,18.000000,19.000000,19.000000,19.000000,20.000000,20.000000,20.000000,21.000000,21.000000,21.000000,22.000000,22.000000,22.000000,22.000000,22.000000,23.000000,23.000000,24.000000,24.000000,25.000000,25.000000,25.000000,25.000000,25.000000,25.000000,25.000000,25.000000,25.000000,25.000000,25.000000,25.000000,25.000000,25.000000,25.000000,25.000000,25.000000,25.000000,25.000000,25.000000,25.000000,25.000000,25.000000,25.000000,25.000000,26.000000,27.000000,28.000000,28.000000,28.000000,29.000000,29.000000,30.000000,30.000000,30.000000,30.000000,30.000000,30.000000,30.000000,30.000000,30.000000,30.000000,31.000000,31.000000,32.000000,32.000000,32.000000,32.000000,33.000000,33.000000,34.000000,34.000000,35.000000,35.000000,35.000000,35.000000,35.000000,35.000000,35.000000,35.000000,35.000000,35.000000,35.000000,35.000000,35.000000,36.000000,36.000000,36.000000,36.000000,36.000000,36.000000,36.000000,36.000000,36.000000,36.000000,36.000000,36.000000,36.000000,36.000000,36.000000,36.000000,36.000000,36.000000,36.000000,36.000000,36.000000,36.000000,36.000000,36.000000,36.000000,36.000000,36.000000,36.000000,36.000000,36.000000,36.000000,36.000000,36.000000,36.000000,37.000000,38.000000,38.000000,38.000000,38.000000,38.000000,38.000000,39.000000,40.000000,41.000000,42.000000,42.000000,42.000000,42.000000,42.000000,43.000000,44.000000,44.000000,45.000000,46.000000,46.000000,46.000000,46.000000,46.000000,46.000000,47.000000,47.000000,47.000000,47.000000,47.000000,47.000000,47.000000,47.000000,48.000000,48.000000,48.000000,48.000000,48.000000,49.000000,49.000000,50.000000,50.000000,50.000000,50.000000,50.000000,51.000000,52.000000,52.000000,53.000000,54.000000,55.000000,55.000000,56.000000,57.000000,57.000000,57.000000,57.000000,57.000000,57.000000,57.000000,57.000000,57.000000,57.000000,57.000000,57.000000,57.000000,57.000000,57.000000,57.000000,57.000000,57.000000,57.000000,57.000000,57.000000,57.000000,57.000000,57.000000,57.000000,57.000000,57.000000,57.000000,57.000000,58.000000,58.000000,58.000000,59.000000,60.000000,60.000000,60.000000,61.000000,61.000000,61.000000,61.000000,61.000000,61.000000,61.000000,61.000000,61.000000,62.000000,63.000000,64.000000,64.000000,64.000000,64.000000,64.000000,64.000000,64.000000,64.000000,64.000000,64.000000,65.000000,65.000000,66.000000,67.000000,68.000000,69.000000,69.000000,69.000000,69.000000,69.000000,70.000000,70.000000,70.000000,71.000000,71.000000,72.000000,72.000000,72.000000,73.000000,73.000000,73.000000,74.000000,74.000000,74.000000,75.000000,75.000000,75.000000,75.000000,75.000000,75.000000,76.000000,76.000000,76.000000,76.000000,76.000000,76.000000,76.000000,76.000000,76.000000,76.000000,76.000000,76.000000,76.000000,76.000000,76.000000,76.000000,76.000000,76.000000,76.000000,76.000000,76.000000,76.000000,76.000000,76.000000,76.000000,76.000000,76.000000,76.000000,76.000000,76.000000,76.000000,76.000000,76.000000,76.000000,76.000000,76.000000,76.000000,76.000000,76.000000,76.000000,76.000000,76.000000,76.000000,76.000000,76.000000,76.000000,76.000000,76.000000,76.000000,76.000000,76.000000,76.000000,76.000000,76.000000,76.000000,76.000000,76.000000,76.000000,76.000000,76.000000,76.000000,76.000000,76.000000,76.000000,76.000000,76.000000,76.000000,76.000000,76.000000,76.000000,76.000000,76.000000,77.000000,77.000000,77.000000,77.000000,78.000000,78.000000,78.000000,79.000000,80.000000;;0;175073
71fba;2a808;3127;0;0;0000000000000080;     2m 23s 816ms 851μs 260ns;401;-1;             29ms 944μs 567ns;80.000000;5.012500;0.000000;inf;4;1;Unfinished;1.000000,1.000000,1.000000,1.000000,2.000000,2.000000,2.000000,2.000000,2.000000,2.000000,2.000000,2.000000,2.000000,2.000000,2.000000,3.000000,4.000000,5.000000,6.000000,6.000000,6.000000,6.000000,6.000000,6.000000,6.000000,7.000000,7.000000,8.000000,8.000000,9.000000,9.000000,9.000000,9.000000,10.000000,11.000000,11.000000,11.000000,11.000000,11.000000,11.000000,11.000000,12.000000,12.000000,13.000000,13.000000,13.000000,13.000000,13.000000,13.000000,13.000000,14.000000,14.000000,14.000000,15.000000,16.000000,16.000000,17.000000,17.000000,17.000000,17.000000,17.000000,17.000000,17.000000,18.000000,19.000000,19.000000,19.000000,20.000000,20.000000,20.000000,21.000000,21.000000,21.000000,22.000000,22.000000,22.000000,22.000000,22.000000,23.000000,23.000000,24.000000,24.000000,25.000000,25.000000,25.000000,25.000000,25.000000,25.000000,25.000000,25.000000,25.000000,25.000000,25.000000,25.000000,25.000000,25.000000,25.000000,25.000000,25.000000,25.000000,25.000000,25.000000,25.000000,25.000000,25.000000,25.000000,25.000000,26.000000,27.000000,28.000000,28.000000,28.000000,29.000000,29.000000,30.000000,30.000000,30.000000,30.000000,30.000000,30.000000,30.000000,30.000000,30.000000,30.000000,31.000000,31.000000,32.000000,32.000000,32.000000,32.000000,33.000000,33.000000,34.000000,34.000000,35.000000,35.000000,35.000000,35.000000,35.000000,35.000000,35.000000,35.000000,35.000000,35.000000,35.000000,35.000000,35.000000,36.000000,36.000000,36.000000,36.000000,36.000000,36.000000,36.000000,36.000000,36.000000,36.000000,36.000000,36.000000,36.000000,36.000000,36.000000,36.000000,36.000000,36.000000,36.000000,36.000000,36.000000,36.000000,36.000000,36.000000,36.000000,36.000000,36.000000,36.000000,36.000000,36.000000,36.000000,36.000000,36.000000,36.000000,37.000000,38.000000,38.000000,38.000000,38.000000,38.000000,38.000000,39.000000,40.000000,41.000000,42.000000,42.000000,42.000000,42.000000,42.000000,43.000000,44.000000,44.000000,45.000000,46.000000,46.000000,46.000000,46.000000,46.000000,46.000000,47.000000,47.000000,47.000000,47.000000,47.000000,47.000000,47.000000,47.000000,48.000000,48.000000,48.000000,48.000000,48.000000,49.000000,49.000000,50.000000,50.000000,50.000000,50.000000,50.000000,51.000000,52.000000,52.000000,53.000000,54.000000,55.000000,55.000000,56.000000,57.000000,57.000000,57.000000,57.000000,57.000000,57.000000,57.000000,57.000000,57.000000,57.000000,57.000000,57.000000,57.000000,57.000000,57.000000,57.000000,57.000000,57.000000,57.000000,57.000000,57.000000,57.000000,57.000000,57.000000,57.000000,57.000000,57.000000,57.000000,57.000000,58.000000,58.000000,58.000000,59.000000,60.000000,60.000000,60.000000,61.000000,61.000000,61.000000,61.000000,61.000000,61.000000,61.000000,61.000000,61.000000,62.000000,63.000000,64.000000,64.000000,64.000000,64.000000,64.000000,64.000000,64.000000,64.000000,64.000000,64.000000,65.000000,65.000000,66.000000,67.000000,68.000000,69.000000,69.000000,69.000000,69.000000,69.000000,70.000000,70.000000,70.000000,71.000000,71.000000,72.000000,72.000000,72.000000,73.000000,73.000000,73.000000,74.000000,74.000000,74.000000,75.000000,75.000000,75.000000,75.000000,75.000000,75.000000,76.000000,76.000000,76.000000,76.000000,76.000000,76.000000,76.000000,76.000000,76.000000,76.000000,76.000000,76.000000,76.000000,76.000000,76.000000,76.000000,76.000000,76.000000,76.000000,76.000000,76.000000,76.000000,76.000000,76.000000,76.000000,76.000000,76.000000,76.000000,76.000000,76.000000,76.000000,76.000000,76.000000,76.000000,76.000000,76.000000,76.000000,76.000000,76.000000,76.000000,76.000000,76.000000,76.000000,76.000000,76.000000,76.000000,76.000000,76.000000,76.000000,76.000000,76.000000,76.000000,76.000000,76.000000,76.000000,76.000000,76.000000,76.000000,76.000000,76.000000,76.000000,76.000000,76.000000,76.000000,76.000000,76.000000,76.000000,76.000000,76.000000,76.000000,76.000000,76.000000,77.000000,77.000000,77.000000,77.000000,78.000000,78.000000,78.000000,79.000000,80.000000;;0;175074
71fc9;2a808;3127;0;0;4000000000000080;     2m 23s 817ms 273μs  91ns;401;-1;             28ms 170μs 973ns;79.000000;5.075949;0.000000;inf;4;1;Unfinished;1.000000,1.000000,1.000000,1.000000,2.000000,2.000000,2.000000,2.000000,2.000000,2.000000,2.000000,2.000000,2.000000,2.000000,2.000000,3.000000,4.000000,5.000000,6.000000,6.000000,6.000000,6.000000,6.000000,6.000000,6.000000,7.000000,7.000000,8.000000,8.000000,9.000000,9.000000,9.000000,9.000000,10.000000,11.000000,11.000000,11.000000,11.000000,11.000000,11.000000,11.000000,12.000000,12.000000,13.000000,13.000000,13.000000,13.000000,13.000000,13.000000,13.000000,14.000000,14.000000,14.000000,15.000000,16.000000,16.000000,17.000000,17.000000,17.000000,17.000000,17.000000,17.000000,17.000000,18.000000,19.000000,19.000000,19.000000,20.000000,20.000000,20.000000,21.000000,21.000000,21.000000,22.000000,22.000000,22.000000,22.000000,22.000000,23.000000,23.000000,24.000000,24.000000,25.000000,25.000000,25.000000,25.000000,25.000000,25.000000,25.000000,25.000000,25.000000,25.000000,25.000000,25.000000,25.000000,25.000000,25.000000,25.000000,25.000000,25.000000,25.000000,25.000000,25.000000,25.000000,25.000000,25.000000,25.000000,26.000000,27.000000,28.000000,28.000000,28.000000,29.000000,29.000000,30.000000,30.000000,30.000000,30.000000,30.000000,30.000000,30.000000,30.000000,30.000000,30.000000,31.000000,31.000000,32.000000,32.000000,32.000000,32.000000,33.000000,33.000000,34.000000,34.000000,35.000000,35.000000,35.000000,35.000000,35.000000,35.000000,35.000000,35.000000,35.000000,35.000000,35.000000,35.000000,35.000000,36.000000,36.000000,36.000000,36.000000,36.000000,36.000000,36.000000,36.000000,36.000000,36.000000,36.000000,36.000000,36.000000,36.000000,36.000000,36.000000,36.000000,36.000000,36.000000,36.000000,36.000000,36.000000,36.000000,36.000000,36.000000,36.000000,36.000000,36.000000,36.000000,36.000000,36.000000,36.000000,36.000000,36.000000,37.000000,38.000000,38.000000,38.000000,38.000000,38.000000,38.000000,39.000000,40.000000,41.000000,42.000000,42.000000,42.000000,42.000000,42.000000,43.000000,44.000000,44.000000,45.000000,46.000000,46.000000,46.000000,46.000000,46.000000,46.000000,47.000000,47.000000,47.000000,47.000000,47.000000,47.000000,47.000000,47.000000,48.000000,48.000000,48.000000,48.000000,48.000000,49.000000,49.000000,50.000000,50.000000,50.000000,50.000000,50.000000,51.000000,52.000000,52.000000,53.000000,54.000000,55.000000,55.000000,56.000000,57.000000,57.000000,57.000000,57.000000,57.000000,57.000000,57.000000,57.000000,57.000000,57.000000,57.000000,57.000000,57.000000,57.000000,57.000000,57.000000,57.000000,57.000000,57.000000,57.000000,57.000000,57.000000,57.000000,57.000000,57.000000,57.000000,57.000000,57.000000,57.000000,58.000000,58.000000,58.000000,59.000000,60.000000,60.000000,60.000000,61.000000,61.000000,61.000000,61.000000,61.000000,61.000000,61.000000,61.000000,61.000000,62.000000,63.000000,64.000000,64.000000,64.000000,64.000000,64.000000,64.000000,64.000000,64.000000,64.000000,64.000000,65.000000,65.000000,66.000000,67.000000,68.000000,69.000000,69.000000,69.000000,69.000000,69.000000,70.000000,70.000000,70.000000,71.000000,71.000000,72.000000,72.000000,72.000000,73.000000,73.000000,73.000000,74.000000,74.000000,74.000000,75.000000,75.000000,75.000000,75.000000,75.000000,75.000000,76.000000,76.000000,76.000000,76.000000,76.000000,76.000000,76.000000,76.000000,76.000000,76.000000,76.000000,76.000000,76.000000,76.000000,76.000000,76.000000,76.000000,76.000000,76.000000,76.000000,76.000000,76.000000,76.000000,76.000000,76.000000,76.000000,76.000000,76.000000,76.000000,76.000000,76.000000,76.000000,76.000000,76.000000,76.000000,76.000000,76.000000,76.000000,76.000000,76.000000,76.000000,76.000000,76.000000,76.000000,76.000000,76.000000,76.000000,76.000000,76.000000,76.000000,76.000000,76.000000,76.000000,76.000000,76.000000,76.000000,76.000000,76.000000,76.000000,76.000000,76.000000,76.000000,76.000000,76.000000,76.000000,76.000000,76.000000,76.000000,76.000000,76.000000,76.000000,76.000000,77.000000,77.000000,77.000000,77.000000,78.000000,78.000000,78.000000,79.000000;;0;175077
71fc1;2a808;3127;0;0;0000000000000080;     2m 23s 817ms  44μs 461ns;401;-1;             27ms 710μs 864ns;76.000000;5.276316;0.000000;inf;4;1;Unfinished;1.000000,1.000000,1.000000,1.000000,2.000000,2.000000,2.000000,2.000000,2.000000,2.000000,2.000000,2.000000,2.000000,2.000000,2.000000,3.000000,4.000000,5.000000,6.000000,6.000000,6.000000,6.000000,6.000000,6.000000,6.000000,7.000000,7.000000,8.000000,8.000000,9.000000,9.000000,9.000000,9.000000,10.000000,11.000000,11.000000,11.000000,11.000000,11.000000,11.000000,11.000000,12.000000,12.000000,13.000000,13.000000,13.000000,13.000000,13.000000,13.000000,13.000000,14.000000,14.000000,14.000000,15.000000,16.000000,16.000000,17.000000,17.000000,17.000000,17.000000,17.000000,17.000000,17.000000,18.000000,19.000000,19.000000,19.000000,20.000000,20.000000,20.000000,21.000000,21.000000,21.000000,22.000000,22.000000,22.000000,22.000000,22.000000,23.000000,23.000000,24.000000,24.000000,25.000000,25.000000,25.000000,25.000000,25.000000,25.000000,25.000000,25.000000,25.000000,25.000000,25.000000,25.000000,25.000000,25.000000,25.000000,25.000000,25.000000,25.000000,25.000000,25.000000,25.000000,25.000000,25.000000,25.000000,25.000000,26.000000,27.000000,28.000000,28.000000,28.000000,29.000000,29.000000,30.000000,30.000000,30.000000,30.000000,30.000000,30.000000,30.000000,30.000000,30.000000,30.000000,31.000000,31.000000,32.000000,32.000000,32.000000,32.000000,33.000000,33.000000,34.000000,34.000000,35.000000,35.000000,35.000000,35.000000,35.000000,35.000000,35.000000,35.000000,35.000000,35.000000,35.000000,35.000000,35.000000,36.000000,36.000000,36.000000,36.000000,36.000000,36.000000,36.000000,36.000000,36.000000,36.000000,36.000000,36.000000,36.000000,36.000000,36.000000,36.000000,36.000000,36.000000,36.000000,36.000000,36.000000,36.000000,36.000000,36.000000,36.000000,36.000000,36.000000,36.000000,36.000000,36.000000,36.000000,36.000000,36.000000,36.000000,37.000000,38.000000,38.000000,38.000000,38.000000,38.000000,38.000000,39.000000,40.000000,41.000000,42.000000,42.000000,42.000000,42.000000,42.000000,43.000000,44.000000,44.000000,45.000000,46.000000,46.000000,46.000000,46.000000,46.000000,46.000000,47.000000,47.000000,47.000000,47.000000,47.000000,47.000000,47.000000,47.000000,48.000000,48.000000,48.000000,48.000000,48.000000,49.000000,49.000000,50.000000,50.000000,50.000000,50.000000,50.000000,51.000000,52.000000,52.000000,53.000000,54.000000,55.000000,55.000000,56.000000,57.000000,57.000000,57.000000,57.000000,57.000000,57.000000,57.000000,57.000000,57.000000,57.000000,57.000000,57.000000,57.000000,57.000000,57.000000,57.000000,57.000000,57.000000,57.000000,57.000000,57.000000,57.000000,57.000000,57.000000,57.000000,57.000000,57.000000,57.000000,57.000000,58.000000,58.000000,58.000000,59.000000,60.000000,60.000000,60.000000,61.000000,61.000000,61.000000,61.000000,61.000000,61.000000,61.000000,61.000000,61.000000,62.000000,63.000000,64.000000,64.000000,64.000000,64.000000,64.000000,64.000000,64.000000,64.000000,64.000000,64.000000,65.000000,65.000000,66.000000,67.000000,68.000000,69.000000,69.000000,69.000000,69.000000,69.000000,70.000000,70.000000,70.000000,71.000000,71.000000,72.000000,72.000000,72.000000,73.000000,73.000000,73.000000,74.000000,74.000000,74.000000,75.000000,75.000000,75.000000,75.000000,75.000000,75.000000,76.000000,76.000000,76.000000,76.000000,76.000000,76.000000,76.000000,76.000000,76.000000,76.000000,76.000000,76.000000,76.000000,76.000000,76.000000,76.000000,76.000000,76.000000,76.000000,76.000000,76.000000,76.000000,76.000000,76.000000,76.000000,76.000000,76.000000,76.000000,76.000000,76.000000,76.000000,76.000000,76.000000,76.000000,76.000000,76.000000,76.000000,76.000000,76.000000,76.000000,76.000000,76.000000,76.000000,76.000000,76.000000,76.000000,76.000000,76.000000,76.000000,76.000000,76.000000,76.000000,76.000000,76.000000,76.000000,76.000000,76.000000,76.000000,76.000000,76.000000,76.000000,76.000000,76.000000,76.000000,76.000000,76.000000,76.000000,76.000000,76.000000,76.000000,76.000000,76.000000,76.000000,76.000000,76.000000,76.000000,76.000000,76.000000,76.000000,76.000000;;0;175076
71fc2;2a808;3127;0;0;0000000000000080;     2m 23s 817ms 120μs 918ns;401;-1;             32ms  50μs 922ns;76.000000;5.276316;0.000000;inf;4;1;Unfinished;1.000000,1.000000,1.000000,1.000000,2.000000,2.000000,2.000000,2.000000,2.000000,2.000000,2.000000,2.000000,2.000000,2.000000,2.000000,3.000000,4.000000,5.000000,6.000000,6.000000,6.000000,6.000000,6.000000,6.000000,6.000000,7.000000,7.000000,8.000000,8.000000,9.000000,9.000000,9.000000,9.000000,10.000000,11.000000,11.000000,11.000000,11.000000,11.000000,11.000000,11.000000,12.000000,12.000000,13.000000,13.000000,13.000000,13.000000,13.000000,13.000000,13.000000,14.000000,14.000000,14.000000,15.000000,16.000000,16.000000,17.000000,17.000000,17.000000,17.000000,17.000000,17.000000,17.000000,18.000000,19.000000,19.000000,19.000000,20.000000,20.000000,20.000000,21.000000,21.000000,21.000000,22.000000,22.000000,22.000000,22.000000,22.000000,23.000000,23.000000,24.000000,24.000000,25.000000,25.000000,25.000000,25.000000,25.000000,25.000000,25.000000,25.000000,25.000000,25.000000,25.000000,25.000000,25.000000,25.000000,25.000000,25.000000,25.000000,25.000000,25.000000,25.000000,25.000000,25.000000,25.000000,25.000000,25.000000,26.000000,27.000000,28.000000,28.000000,28.000000,29.000000,29.000000,30.000000,30.000000,30.000000,30.000000,30.000000,30.000000,30.000000,30.000000,30.000000,30.000000,31.000000,31.000000,32.000000,32.000000,32.000000,32.000000,33.000000,33.000000,34.000000,34.000000,35.000000,35.000000,35.000000,35.000000,35.000000,35.000000,35.000000,35.000000,35.000000,35.000000,35.000000,35.000000,35.000000,36.000000,36.000000,36.000000,36.000000,36.000000,36.000000,36.000000,36.000000,36.000000,36.000000,36.000000,36.000000,36.000000,36.000000,36.000000,36.000000,36.000000,36.000000,36.000000,36.000000,36.000000,36.000000,36.000000,36.000000,36.000000,36.000000,36.000000,36.000000,36.000000,36.000000,36.000000,36.000000,36.000000,36.000000,37.000000,38.000000,38.000000,38.000000,38.000000,38.000000,38.000000,39.000000,40.000000,41.000000,42.000000,42.000000,42.000000,42.000000,42.000000,43.000000,44.000000,44.000000,45.000000,46.000000,46.000000,46.000000,46.000000,46.000000,46.000000,47.000000,47.000000,47.000000,47.000000,47.000000,47.000000,47.000000,47.000000,48.000000,48.000000,48.000000,48.000000,48.000000,49.000000,49.000000,50.000000,50.000000,50.000000,50.000000,50.000000,51.000000,52.000000,52.000000,53.000000,54.000000,55.000000,55.000000,56.000000,57.000000,57.000000,57.000000,57.000000,57.000000,57.000000,57.000000,57.000000,57.000000,57.000000,57.000000,57.000000,57.000000,57.000000,57.000000,57.000000,57.000000,57.000000,57.000000,57.000000,57.000000,57.000000,57.000000,57.000000,57.000000,57.000000,57.000000,57.000000,57.000000,58.000000,58.000000,58.000000,59.000000,60.000000,60.000000,60.000000,61.000000,61.000000,61.000000,61.000000,61.000000,61.000000,61.000000,61.000000,61.000000,62.000000,63.000000,64.000000,64.000000,64.000000,64.000000,64.000000,64.000000,64.000000,64.000000,64.000000,64.000000,65.000000,65.000000,66.000000,67.000000,68.000000,69.000000,69.000000,69.000000,69.000000,69.000000,70.000000,70.000000,70.000000,71.000000,71.000000,72.000000,72.000000,72.000000,73.000000,73.000000,73.000000,74.000000,74.000000,74.000000,75.000000,75.000000,75.000000,75.000000,75.000000,75.000000,76.000000,76.000000,76.000000,76.000000,76.000000,76.000000,76.000000,76.000000,76.000000,76.000000,76.000000,76.000000,76.000000,76.000000,76.000000,76.000000,76.000000,76.000000,76.000000,76.000000,76.000000,76.000000,76.000000,76.000000,76.000000,76.000000,76.000000,76.000000,76.000000,76.000000,76.000000,76.000000,76.000000,76.000000,76.000000,76.000000,76.000000,76.000000,76.000000,76.000000,76.000000,76.000000,76.000000,76.000000,76.000000,76.000000,76.000000,76.000000,76.000000,76.000000,76.000000,76.000000,76.000000,76.000000,76.000000,76.000000,76.000000,76.000000,76.000000,76.000000,76.000000,76.000000,76.000000,76.000000,76.000000,76.000000,76.000000,76.000000,76.000000,76.000000,76.000000,76.000000,76.000000,76.000000,76.000000,76.000000,76.000000,76.000000,76.000000,76.000000;;0;175077
71fc4;2a808;3127;0;0;0000000000000080;     2m 23s 817ms 190μs 885ns;401;-1;             28ms 359μs 326ns;76.000000;5.276316;0.000000;inf;4;1;Unfinished;1.000000,1.000000,1.000000,1.000000,2.000000,2.000000,2.000000,2.000000,2.000000,2.000000,2.000000,2.000000,2.000000,2.000000,2.000000,3.000000,4.000000,5.000000,6.000000,6.000000,6.000000,6.000000,6.000000,6.000000,6.000000,7.000000,7.000000,8.000000,8.000000,9.000000,9.000000,9.000000,9.000000,10.000000,11.000000,11.000000,11.000000,11.000000,11.000000,11.000000,11.000000,12.000000,12.000000,13.000000,13.000000,13.000000,13.000000,13.000000,13.000000,13.000000,14.000000,14.000000,14.000000,15.000000,16.000000,16.000000,17.000000,17.000000,17.000000,17.000000,17.000000,17.000000,17.000000,18.000000,19.000000,19.000000,19.000000,20.000000,20.000000,20.000000,21.000000,21.000000,21.000000,22.000000,22.000000,22.000000,22.000000,22.000000,23.000000,23.000000,24.000000,24.000000,25.000000,25.000000,25.000000,25.000000,25.000000,25.000000,25.000000,25.000000,25.000000,25.000000,25.000000,25.000000,25.000000,25.000000,25.000000,25.000000,25.000000,25.000000,25.000000,25.000000,25.000000,25.000000,25.000000,25.000000,25.000000,26.000000,27.000000,28.000000,28.000000,28.000000,29.000000,29.000000,30.000000,30.000000,30.000000,30.000000,30.000000,30.000000,30.000000,30.000000,30.000000,30.000000,31.000000,31.000000,32.000000,32.000000,32.000000,32.000000,33.000000,33.000000,34.000000,34.000000,35.000000,35.000000,35.000000,35.000000,35.000000,35.000000,35.000000,35.000000,35.000000,35.000000,35.000000,35.000000,35.000000,36.000000,36.000000,36.000000,36.000000,36.000000,36.000000,36.000000,36.000000,36.000000,36.000000,36.000000,36.000000,36.000000,36.000000,36.000000,36.000000,36.000000,36.000000,36.000000,36.000000,36.000000,36.000000,36.000000,36.000000,36.000000,36.000000,36.000000,36.000000,36.000000,36.000000,36.000000,36.000000,36.000000,36.000000,37.000000,38.000000,38.000000,38.000000,38.000000,38.000000,38.000000,39.000000,40.000000,41.000000,42.000000,42.000000,42.000000,42.000000,42.000000,43.000000,44.000000,44.000000,45.000000,46.000000,46.000000,46.000000,46.000000,46.000000,46.000000,47.000000,47.000000,47.000000,47.000000,47.000000,47.000000,47.000000,47.000000,48.000000,48.000000,48.000000,48.000000,48.000000,49.000000,49.000000,50.000000,50.000000,50.000000,50.000000,50.000000,51.000000,52.000000,52.000000,53.000000,54.000000,55.000000,55.000000,56.000000,57.000000,57.000000,57.000000,57.000000,57.000000,57.000000,57.000000,57.000000,57.000000,57.000000,57.000000,57.000000,57.000000,57.000000,57.000000,57.000000,57.000000,57.000000,57.000000,57.000000,57.000000,57.000000,57.000000,57.000000,57.000000,57.000000,57.000000,57.000000,57.000000,58.000000,58.000000,58.000000,59.000000,60.000000,60.000000,60.000000,61.000000,61.000000,61.000000,61.000000,61.000000,61.000000,61.000000,61.000000,61.000000,62.000000,63.000000,64.000000,64.000000,64.000000,64.000000,64.000000,64.000000,64.000000,64.000000,64.000000,64.000000,65.000000,65.000000,66.000000,67.000000,68.000000,69.000000,69.000000,69.000000,69.000000,69.000000,70.000000,70.000000,70.000000,71.000000,71.000000,72.000000,72.000000,72.000000,73.000000,73.000000,73.000000,74.000000,74.000000,74.000000,75.000000,75.000000,75.000000,75.000000,75.000000,75.000000,76.000000,76.000000,76.000000,76.000000,76.000000,76.000000,76.000000,76.000000,76.000000,76.000000,76.000000,76.000000,76.000000,76.000000,76.000000,76.000000,76.000000,76.000000,76.000000,76.000000,76.000000,76.000000,76.000000,76.000000,76.000000,76.000000,76.000000,76.000000,76.000000,76.000000,76.000000,76.000000,76.000000,76.000000,76.000000,76.000000,76.000000,76.000000,76.000000,76.000000,76.000000,76.000000,76.000000,76.000000,76.000000,76.000000,76.000000,76.000000,76.000000,76.000000,76.000000,76.000000,76.000000,76.000000,76.000000,76.000000,76.000000,76.000000,76.000000,76.000000,76.000000,76.000000,76.000000,76.000000,76.000000,76.000000,76.000000,76.000000,76.000000,76.000000,76.000000,76.000000,76.000000,76.000000,76.000000,76.000000,76.000000,76.000000,76.000000,76.000000;;0;175077
71f1d;31bf;3127;0;0;4000000000000080;     2m 23s 698ms 640μs 258ns;399;-1;             25ms 947μs 314ns;78.000000;5.115385;0.000000;inf;4;1;Unfinished;1.000000,1.000000,1.000000,1.000000,2.000000,2.000000,2.000000,2.000000,2.000000,2.000000,2.000000,2.000000,2.000000,2.000000,2.000000,3.000000,4.000000,5.000000,6.000000,6.000000,6.000000,6.000000,6.000000,6.000000,6.000000,7.000000,7.000000,8.000000,8.000000,9.000000,9.000000,9.000000,9.000000,10.000000,11.000000,11.000000,11.000000,11.000000,11.000000,11.000000,11.000000,12.000000,12.000000,13.000000,13.000000,13.000000,13.000000,13.000000,13.000000,13.000000,14.000000,14.000000,14.000000,15.000000,16.000000,16.000000,17.000000,17.000000,17.000000,17.000000,17.000000,17.000000,17.000000,18.000000,19.000000,19.000000,19.000000,20.000000,20.000000,20.000000,21.000000,21.000000,21.000000,22.000000,22.000000,22.000000,22.000000,22.000000,23.000000,23.000000,24.000000,24.000000,25.000000,25.000000,25.000000,25.000000,25.000000,25.000000,25.000000,25.000000,25.000000,25.000000,25.000000,25.000000,25.000000,25.000000,25.000000,25.000000,25.000000,25.000000,25.000000,25.000000,25.000000,25.000000,25.000000,25.000000,25.000000,26.000000,27.000000,28.000000,28.000000,28.000000,29.000000,29.000000,30.000000,30.000000,30.000000,30.000000,30.000000,30.000000,30.000000,30.000000,30.000000,30.000000,31.000000,31.000000,32.000000,32.000000,32.000000,32.000000,33.000000,33.000000,34.000000,34.000000,35.000000,35.000000,35.000000,35.000000,35.000000,35.000000,35.000000,35.000000,35.000000,35.000000,35.000000,35.000000,35.000000,36.000000,36.000000,36.000000,36.000000,36.000000,36.000000,36.000000,36.000000,36.000000,36.000000,36.000000,36.000000,36.000000,36.000000,36.000000,36.000000,36.000000,36.000000,36.000000,36.000000,36.000000,36.000000,36.000000,36.000000,36.000000,36.000000,36.000000,36.000000,36.000000,36.000000,36.000000,36.000000,36.000000,36.000000,37.000000,38.000000,38.000000,38.000000,38.000000,38.000000,38.000000,39.000000,40.000000,41.000000,42.000000,42.000000,42.000000,42.000000,42.000000,43.000000,44.000000,44.000000,45.000000,46.000000,46.000000,46.000000,46.000000,46.000000,46.000000,47.000000,47.000000,47.000000,47.000000,47.000000,47.000000,47.000000,47.000000,48.000000,48.000000,48.000000,48.000000,48.000000,49.000000,49.000000,50.000000,50.000000,50.000000,50.000000,50.000000,51.000000,52.000000,52.000000,53.000000,54.000000,55.000000,55.000000,56.000000,57.000000,57.000000,57.000000,57.000000,57.000000,57.000000,57.000000,57.000000,57.000000,57.000000,57.000000,57.000000,57.000000,57.000000,57.000000,57.000000,57.000000,57.000000,57.000000,57.000000,57.000000,57.000000,57.000000,57.000000,57.000000,57.000000,57.000000,57.000000,57.000000,58.000000,58.000000,58.000000,59.000000,60.000000,60.000000,60.000000,61.000000,61.000000,61.000000,61.000000,61.000000,61.000000,61.000000,61.000000,61.000000,62.000000,63.000000,64.000000,64.000000,64.000000,64.000000,64.000000,64.000000,64.000000,64.000000,64.000000,64.000000,65.000000,65.000000,66.000000,67.000000,68.000000,69.000000,69.000000,69.000000,69.000000,69.000000,70.000000,70.000000,70.000000,71.000000,71.000000,72.000000,72.000000,72.000000,73.000000,73.000000,73.000000,74.000000,74.000000,74.000000,74.000000,74.000000,74.000000,75.000000,75.000000,75.000000,76.000000,76.000000,76.000000,76.000000,76.000000,76.000000,76.000000,76.000000,77.000000,77.000000,77.000000,78.000000,78.000000,78.000000,78.000000,78.000000,78.000000,78.000000,78.000000,78.000000,78.000000,78.000000,78.000000,78.000000,78.000000,78.000000,78.000000,78.000000,78.000000,78.000000,78.000000,78.000000,78.000000,78.000000,78.000000,78.000000,78.000000,78.000000,78.000000,78.000000,78.000000,78.000000,78.000000,78.000000,78.000000,78.000000,78.000000,78.000000,78.000000,78.000000,78.000000,78.000000,78.000000,78.000000,78.000000,78.000000,78.000000,78.000000,78.000000,78.000000,78.000000,78.000000,78.000000,78.000000,78.000000,78.000000,78.000000,78.000000,78.000000,78.000000,78.000000,78.000000,78.000000,78.000000,78.000000,78.000000,78.000000,78.000000;;0;80859
3184;2afb;3127;0;0;0000000000000030;         9s 223ms 558μs 633ns;398;-1;             24ms 470μs 754ns;78.000000;5.102564;0.000000;inf;4;1;Unfinished;1.000000,1.000000,1.000000,1.000000,2.000000,2.000000,2.000000,2.000000,2.000000,2.000000,2.000000,2.000000,2.000000,2.000000,2.000000,3.000000,4.000000,5.000000,6.000000,6.000000,6.000000,6.000000,6.000000,6.000000,6.000000,7.000000,7.000000,8.000000,8.000000,9.000000,9.000000,9.000000,9.000000,10.000000,11.000000,11.000000,11.000000,11.000000,11.000000,11.000000,11.000000,12.000000,12.000000,13.000000,13.000000,13.000000,13.000000,13.000000,13.000000,13.000000,14.000000,14.000000,14.000000,15.000000,16.000000,16.000000,17.000000,17.000000,17.000000,17.000000,17.000000,17.000000,17.000000,18.000000,19.000000,19.000000,19.000000,20.000000,20.000000,20.000000,21.000000,21.000000,21.000000,22.000000,22.000000,22.000000,22.000000,22.000000,23.000000,23.000000,24.000000,24.000000,25.000000,25.000000,25.000000,25.000000,25.000000,25.000000,25.000000,25.000000,25.000000,25.000000,25.000000,25.000000,25.000000,25.000000,25.000000,25.000000,25.000000,25.000000,25.000000,25.000000,25.000000,25.000000,25.000000,25.000000,25.000000,26.000000,27.000000,28.000000,28.000000,28.000000,29.000000,29.000000,30.000000,30.000000,30.000000,30.000000,30.000000,30.000000,30.000000,30.000000,30.000000,30.000000,31.000000,31.000000,32.000000,32.000000,32.000000,32.000000,33.000000,33.000000,34.000000,34.000000,35.000000,35.000000,35.000000,35.000000,35.000000,35.000000,35.000000,35.000000,35.000000,35.000000,35.000000,35.000000,35.000000,36.000000,36.000000,36.000000,36.000000,36.000000,36.000000,36.000000,36.000000,36.000000,36.000000,36.000000,36.000000,36.000000,36.000000,36.000000,36.000000,36.000000,36.000000,36.000000,36.000000,36.000000,36.000000,36.000000,36.000000,36.000000,36.000000,36.000000,36.000000,36.000000,36.000000,36.000000,36.000000,36.000000,36.000000,37.000000,38.000000,38.000000,38.000000,38.000000,38.000000,38.000000,39.000000,40.000000,41.000000,42.000000,42.000000,42.000000,42.000000,42.000000,43.000000,44.000000,44.000000,45.000000,46.000000,46.000000,46.000000,46.000000,46.000000,46.000000,47.000000,47.000000,47.000000,47.000000,47.000000,47.000000,47.000000,47.000000,48.000000,48.000000,48.000000,48.000000,48.000000,49.000000,49.000000,50.000000,50.000000,50.000000,50.000000,50.000000,51.000000,52.000000,52.000000,53.000000,54.000000,55.000000,55.000000,56.000000,57.000000,57.000000,57.000000,57.000000,57.000000,57.000000,57.000000,57.000000,57.000000,57.000000,57.000000,57.000000,57.000000,57.000000,57.000000,57.000000,57.000000,57.000000,57.000000,57.000000,57.000000,57.000000,57.000000,57.000000,57.000000,57.000000,57.000000,57.000000,57.000000,58.000000,58.000000,58.000000,59.000000,60.000000,60.000000,60.000000,61.000000,61.000000,61.000000,61.000000,61.000000,61.000000,61.000000,61.000000,61.000000,62.000000,63.000000,64.000000,64.000000,64.000000,64.000000,64.000000,64.000000,64.000000,64.000000,64.000000,64.000000,65.000000,65.000000,66.000000,67.000000,68.000000,69.000000,69.000000,69.000000,69.000000,69.000000,70.000000,70.000000,70.000000,71.000000,71.000000,72.000000,72.000000,72.000000,73.000000,73.000000,73.000000,74.000000,74.000000,74.000000,75.000000,75.000000,75.000000,75.000000,75.000000,75.000000,75.000000,75.000000,75.000000,75.000000,75.000000,75.000000,75.000000,75.000000,75.000000,75.000000,75.000000,75.000000,75.000000,75.000000,75.000000,75.000000,75.000000,75.000000,75.000000,75.000000,75.000000,75.000000,75.000000,75.000000,76.000000,76.000000,76.000000,76.000000,77.000000,77.000000,77.000000,78.000000,78.000000,78.000000,78.000000,78.000000,78.000000,78.000000,78.000000,78.000000,78.000000,78.000000,78.000000,78.000000,78.000000,78.000000,78.000000,78.000000,78.000000,78.000000,78.000000,78.000000,78.000000,78.000000,78.000000,78.000000,78.000000,78.000000,78.000000,78.000000,78.000000,78.000000,78.000000,78.000000,78.000000,78.000000,78.000000,78.000000,78.000000,78.000000,78.000000,78.000000,78.000000,78.000000,78.000000,78.000000,78.000000;;0;3833
3e875f;2a808;3127;0;0;0000000000000080;    25m 29s 907ms  27μs 251ns;398;-1;             21ms 729μs 740ns;78.000000;5.102564;0.000000;inf;4;1;Unfinished;1.000000,1.000000,1.000000,1.000000,2.000000,2.000000,2.000000,2.000000,2.000000,2.000000,2.000000,2.000000,2.000000,2.000000,2.000000,3.000000,4.000000,5.000000,6.000000,6.000000,6.000000,6.000000,6.000000,6.000000,6.000000,7.000000,7.000000,8.000000,8.000000,9.000000,9.000000,9.000000,9.000000,10.000000,11.000000,11.000000,11.000000,11.000000,11.000000,11.000000,11.000000,12.000000,12.000000,13.000000,13.000000,13.000000,13.000000,13.000000,13.000000,13.000000,14.000000,14.000000,14.000000,15.000000,16.000000,16.000000,17.000000,17.000000,17.000000,17.000000,17.000000,17.000000,17.000000,18.000000,19.000000,19.000000,19.000000,20.000000,20.000000,20.000000,21.000000,21.000000,21.000000,22.000000,22.000000,22.000000,22.000000,22.000000,23.000000,23.000000,24.000000,24.000000,25.000000,25.000000,25.000000,25.000000,25.000000,25.000000,25.000000,25.000000,25.000000,25.000000,25.000000,25.000000,25.000000,25.000000,25.000000,25.000000,25.000000,25.000000,25.000000,25.000000,25.000000,25.000000,25.000000,25.000000,25.000000,26.000000,27.000000,28.000000,28.000000,28.000000,29.000000,29.000000,30.000000,30.000000,30.000000,30.000000,30.000000,30.000000,30.000000,30.000000,30.000000,30.000000,31.000000,31.000000,32.000000,32.000000,32.000000,32.000000,33.000000,33.000000,34.000000,34.000000,35.000000,35.000000,35.000000,35.000000,35.000000,35.000000,35.000000,35.000000,35.000000,35.000000,35.000000,35.000000,35.000000,36.000000,36.000000,36.000000,36.000000,36.000000,36.000000,36.000000,36.000000,36.000000,36.000000,36.000000,36.000000,36.000000,36.000000,36.000000,36.000000,36.000000,36.000000,36.000000,36.000000,36.000000,36.000000,36.000000,36.000000,36.000000,36.000000,36.000000,36.000000,36.000000,36.000000,36.000000,36.000000,36.000000,36.000000,37.000000,38.000000,38.000000,38.000000,38.000000,38.000000,38.000000,39.000000,40.000000,41.000000,42.000000,42.000000,42.000000,42.000000,42.000000,43.000000,44.000000,44.000000,45.000000,46.000000,46.000000,46.000000,46.000000,46.000000,46.000000,47.000000,47.000000,47.000000,47.000000,47.000000,47.000000,47.000000,47.000000,48.000000,48.000000,48.000000,48.000000,48.000000,49.000000,49.000000,50.000000,50.000000,50.000000,50.000000,50.000000,51.000000,52.000000,52.000000,53.000000,54.000000,55.000000,55.000000,56.000000,57.000000,57.000000,57.000000,57.000000,57.000000,57.000000,57.000000,57.000000,57.000000,57.000000,57.000000,57.000000,57.000000,57.000000,57.000000,57.000000,57.000000,57.000000,57.000000,57.000000,57.000000,57.000000,57.000000,57.000000,57.000000,57.000000,57.000000,57.000000,57.000000,58.000000,58.000000,58.000000,59.000000,60.000000,60.000000,60.000000,61.000000,61.000000,61.000000,61.000000,61.000000,61.000000,61.000000,61.000000,61.000000,62.000000,63.000000,64.000000,64.000000,64.000000,64.000000,64.000000,64.000000,64.000000,64.000000,64.000000,64.000000,65.000000,65.000000,66.000000,67.000000,68.000000,69.000000,69.000000,69.000000,69.000000,69.000000,70.000000,70.000000,70.000000,71.000000,71.000000,72.000000,72.000000,72.000000,73.000000,73.000000,73.000000,74.000000,74.000000,74.000000,75.000000,75.000000,75.000000,75.000000,75.000000,75.000000,76.000000,76.000000,77.000000,77.000000,77.000000,77.000000,77.000000,77.000000,77.000000,77.000000,77.000000,77.000000,77.000000,77.000000,77.000000,77.000000,77.000000,77.000000,77.000000,77.000000,77.000000,77.000000,77.000000,77.000000,77.000000,77.000000,77.000000,78.000000;;0;1939277
3e8764;2a808;3127;0;0;0000000000000080;    25m 29s 907ms 141μs 781ns;398;-1;             22ms 177μs 462ns;78.000000;5.102564;0.000000;inf;4;1;Unfinished;1.000000,1.000000,1.000000,1.000000,2.000000,2.000000,2.000000,2.000000,2.000000,2.000000,2.000000,2.000000,2.000000,2.000000,2.000000,3.000000,4.000000,5.000000,6.000000,6.000000,6.000000,6.000000,6.000000,6.000000,6.000000,7.000000,7.000000,8.000000,8.000000,9.000000,9.000000,9.000000,9.000000,10.000000,11.000000,11.000000,11.000000,11.000000,11.000000,11.000000,11.000000,12.000000,12.000000,13.000000,13.000000,13.000000,13.000000,13.000000,13.000000,13.000000,14.000000,14.000000,14.000000,15.000000,16.000000,16.000000,17.000000,17.000000,17.000000,17.000000,17.000000,17.000000,17.000000,18.000000,19.000000,19.000000,19.000000,20.000000,20.000000,20.000000,21.000000,21.000000,21.000000,22.000000,22.000000,22.000000,22.000000,22.000000,23.000000,23.000000,24.000000,24.000000,25.000000,25.000000,25.000000,25.000000,25.000000,25.000000,25.000000,25.000000,25.000000,25.000000,25.000000,25.000000,25.000000,25.000000,25.000000,25.000000,25.000000,25.000000,25.000000,25.000000,25.000000,25.000000,25.000000,25.000000,25.000000,26.000000,27.000000,28.000000,28.000000,28.000000,29.000000,29.000000,30.000000,30.000000,30.000000,30.000000,30.000000,30.000000,30.000000,30.000000,30.000000,30.000000,31.000000,31.000000,32.000000,32.000000,32.000000,32.000000,33.000000,33.000000,34.000000,34.000000,35.000000,35.000000,35.000000,35.000000,35.000000,35.000000,35.000000,35.000000,35.000000,35.000000,35.000000,35.000000,35.000000,36.000000,36.000000,36.000000,36.000000,36.000000,36.000000,36.000000,36.000000,36.000000,36.000000,36.000000,36.000000,36.000000,36.000000,36.000000,36.000000,36.000000,36.000000,36.000000,36.000000,36.000000,36.000000,36.000000,36.000000,36.000000,36.000000,36.000000,36.000000,36.000000,36.000000,36.000000,36.000000,36.000000,36.000000,37.000000,38.000000,38.000000,38.000000,38.000000,38.000000,38.000000,39.000000,40.000000,41.000000,42.000000,42.000000,42.000000,42.000000,42.000000,43.000000,44.000000,44.000000,45.000000,46.000000,46.000000,46.000000,46.000000,46.000000,46.000000,47.000000,47.000000,47.000000,47.000000,47.000000,47.000000,47.000000,47.000000,48.000000,48.000000,48.000000,48.000000,48.000000,49.000000,49.000000,50.000000,50.000000,50.000000,50.000000,50.000000,51.000000,52.000000,52.000000,53.000000,54.000000,55.000000,55.000000,56.000000,57.000000,57.000000,57.000000,57.000000,57.000000,57.000000,57.000000,57.000000,57.000000,57.000000,57.000000,57.000000,57.000000,57.000000,57.000000,57.000000,57.000000,57.000000,57.000000,57.000000,57.000000,57.000000,57.000000,57.000000,57.000000,57.000000,57.000000,57.000000,57.000000,58.000000,58.000000,58.000000,59.000000,60.000000,60.000000,60.000000,61.000000,61.000000,61.000000,61.000000,61.000000,61.000000,61.000000,61.000000,61.000000,62.000000,63.000000,64.000000,64.000000,64.000000,64.000000,64.000000,64.000000,64.000000,64.000000,64.000000,64.000000,65.000000,65.000000,66.000000,67.000000,68.000000,69.000000,69.000000,69.000000,69.000000,69.000000,70.000000,70.000000,70.000000,71.000000,71.000000,72.000000,72.000000,72.000000,73.000000,73.000000,73.000000,74.000000,74.000000,74.000000,75.000000,75.000000,75.000000,75.000000,75.000000,75.000000,76.000000,76.000000,77.000000,77.000000,77.000000,77.000000,77.000000,77.000000,77.000000,77.000000,77.000000,77.000000,77.000000,77.000000,77.000000,77.000000,77.000000,77.000000,77.000000,77.000000,77.000000,77.000000,77.000000,77.000000,77.000000,77.000000,77.000000,78.000000;;0;1939277
322f;2afb;3127;0;0;0000000000000030;         9s 391ms 872μs 947ns;396;-1;             28ms 374μs 198ns;78.000000;5.076923;0.000000;inf;4;1;Unfinished;1.000000,1.000000,1.000000,1.000000,2.000000,2.000000,2.000000,2.000000,2.000000,2.000000,2.000000,2.000000,2.000000,2.000000,2.000000,3.000000,4.000000,5.000000,6.000000,6.000000,6.000000,6.000000,6.000000,6.000000,6.000000,7.000000,7.000000,8.000000,8.000000,9.000000,9.000000,9.000000,9.000000,10.000000,11.000000,11.000000,11.000000,11.000000,11.000000,11.000000,11.000000,12.000000,12.000000,13.000000,13.000000,13.000000,13.000000,13.000000,13.000000,13.000000,14.000000,14.000000,14.000000,15.000000,16.000000,16.000000,17.000000,17.000000,17.000000,17.000000,17.000000,17.000000,17.000000,18.000000,19.000000,19.000000,19.000000,20.000000,20.000000,20.000000,21.000000,21.000000,21.000000,22.000000,22.000000,22.000000,22.000000,22.000000,23.000000,23.000000,24.000000,24.000000,25.000000,25.000000,25.000000,25.000000,25.000000,25.000000,25.000000,25.000000,25.000000,25.000000,25.000000,25.000000,25.000000,25.000000,25.000000,25.000000,25.000000,25.000000,25.000000,25.000000,25.000000,25.000000,25.000000,25.000000,25.000000,26.000000,27.000000,28.000000,28.000000,28.000000,29.000000,29.000000,30.000000,30.000000,30.000000,30.000000,30.000000,30.000000,30.000000,30.000000,30.000000,30.000000,31.000000,31.000000,32.000000,32.000000,32.000000,32.000000,33.000000,33.000000,34.000000,34.000000,35.000000,35.000000,35.000000,35.000000,35.000000,35.000000,35.000000,35.000000,35.000000,35.000000,35.000000,35.000000,35.000000,36.000000,36.000000,36.000000,36.000000,36.000000,36.000000,36.000000,36.000000,36.000000,36.000000,36.000000,36.000000,36.000000,36.000000,36.000000,36.000000,36.000000,36.000000,36.000000,36.000000,36.000000,36.000000,36.000000,36.000000,36.000000,36.000000,36.000000,36.000000,36.000000,36.000000,36.000000,36.000000,36.000000,36.000000,37.000000,38.000000,38.000000,38.000000,38.000000,38.000000,38.000000,39.000000,40.000000,41.000000,42.000000,42.000000,42.000000,42.000000,42.000000,43.000000,44.000000,44.000000,45.000000,46.000000,46.000000,46.000000,46.000000,46.000000,46.000000,47.000000,47.000000,47.000000,47.000000,47.000000,47.000000,47.000000,47.000000,48.000000,48.000000,48.000000,48.000000,48.000000,49.000000,49.000000,50.000000,50.000000,50.000000,50.000000,50.000000,51.000000,52.000000,52.000000,53.000000,54.000000,55.000000,55.000000,56.000000,57.000000,57.000000,57.000000,57.000000,57.000000,57.000000,57.000000,57.000000,57.000000,57.000000,57.000000,57.000000,57.000000,57.000000,57.000000,57.000000,57.000000,57.000000,57.000000,57.000000,57.000000,57.000000,57.000000,57.000000,57.000000,57.000000,57.000000,57.000000,57.000000,58.000000,58.000000,58.000000,59.000000,60.000000,60.000000,60.000000,61.000000,61.000000,61.000000,61.000000,61.000000,61.000000,61.000000,61.000000,61.000000,62.000000,63.000000,64.000000,64.000000,64.000000,64.000000,64.000000,64.000000,64.000000,64.000000,64.000000,64.000000,65.000000,65.000000,66.000000,67.000000,68.000000,69.000000,69.000000,69.000000,69.000000,69.000000,70.000000,70.000000,70.000000,71.000000,71.000000,72.000000,72.000000,72.000000,73.000000,73.000000,73.000000,74.000000,74.000000,74.000000,75.000000,76.000000,76.000000,77.000000,77.000000,77.000000,77.000000,77.000000,77.000000,77.000000,77.000000,77.000000,77.000000,77.000000,77.000000,77.000000,77.000000,77.000000,77.000000,77.000000,77.000000,77.000000,77.000000,77.000000,77.000000,77.000000,77.000000,77.000000,77.000000,77.000000,77.000000,77.000000,77.000000,77.000000,77.000000,77.000000,77.000000,77.000000,77.000000,77.000000,77.000000,77.000000,77.000000,77.000000,77.000000,77.000000,77.000000,77.000000,77.000000,77.000000,77.000000,77.000000,77.000000,77.000000,77.000000,77.000000,77.000000,77.000000,77.000000,77.000000,77.000000,77.000000,77.000000,77.000000,77.000000,77.000000,77.000000,77.000000,77.000000,77.000000,77.000000,77.000000,77.000000,77.000000,77.000000,77.000000,77.000000,77.000000,77.000000,77.000000,77.000000,78.000000;;0;4039
3273;2afb;3127;0;0;0000000000000030;         9s 475ms 306μs  59ns;396;-1;             26ms 106μs 903ns;75.000000;5.280000;0.000000;inf;4;1;Unfinished;1.000000,1.000000,1.000000,1.000000,2.000000,2.000000,2.000000,2.000000,2.000000,2.000000,2.000000,2.000000,2.000000,2.000000,2.000000,3.000000,4.000000,5.000000,6.000000,6.000000,6.000000,6.000000,6.000000,6.000000,6.000000,7.000000,7.000000,8.000000,8.000000,9.000000,9.000000,9.000000,9.000000,10.000000,11.000000,11.000000,11.000000,11.000000,11.000000,11.000000,11.000000,12.000000,12.000000,13.000000,13.000000,13.000000,13.000000,13.000000,13.000000,13.000000,14.000000,14.000000,14.000000,15.000000,16.000000,16.000000,17.000000,17.000000,17.000000,17.000000,17.000000,17.000000,17.000000,18.000000,19.000000,19.000000,19.000000,20.000000,20.000000,20.000000,21.000000,21.000000,21.000000,22.000000,22.000000,22.000000,22.000000,22.000000,23.000000,23.000000,24.000000,24.000000,25.000000,25.000000,25.000000,25.000000,25.000000,25.000000,25.000000,25.000000,25.000000,25.000000,25.000000,25.000000,25.000000,25.000000,25.000000,25.000000,25.000000,25.000000,25.000000,25.000000,25.000000,25.000000,25.000000,25.000000,25.000000,26.000000,27.000000,28.000000,28.000000,28.000000,29.000000,29.000000,30.000000,30.000000,30.000000,30.000000,30.000000,30.000000,30.000000,30.000000,30.000000,30.000000,31.000000,31.000000,32.000000,32.000000,32.000000,32.000000,33.000000,33.000000,34.000000,34.000000,35.000000,35.000000,35.000000,35.000000,35.000000,35.000000,35.000000,35.000000,35.000000,35.000000,35.000000,35.000000,35.000000,36.000000,36.000000,36.000000,36.000000,36.000000,36.000000,36.000000,36.000000,36.000000,36.000000,36.000000,36.000000,36.000000,36.000000,36.000000,36.000000,36.000000,36.000000,36.000000,36.000000,36.000000,36.000000,36.000000,36.000000,36.000000,36.000000,36.000000,36.000000,36.000000,36.000000,36.000000,36.000000,36.000000,36.000000,37.000000,38.000000,38.000000,38.000000,38.000000,38.000000,38.000000,39.000000,40.000000,41.000000,42.000000,42.000000,42.000000,42.000000,42.000000,43.000000,44.000000,44.000000,45.000000,46.000000,46.000000,46.000000,46.000000,46.000000,46.000000,47.000000,47.000000,47.000000,47.000000,47.000000,47.000000,47.000000,47.000000,48.000000,48.000000,48.000000,48.000000,48.000000,49.000000,49.000000,50.000000,50.000000,50.000000,50.000000,50.000000,51.000000,52.000000,52.000000,53.000000,54.000000,55.000000,55.000000,56.000000,57.000000,57.000000,57.000000,57.000000,57.000000,57.000000,57.000000,57.000000,57.000000,57.000000,57.000000,57.000000,57.000000,57.000000,57.000000,57.000000,57.000000,57.000000,57.000000,57.000000,57.000000,57.000000,57.000000,57.000000,57.000000,57.000000,57.000000,57.000000,57.000000,58.000000,58.000000,58.000000,59.000000,60.000000,60.000000,60.000000,61.000000,61.000000,61.000000,61.000000,61.000000,61.000000,61.000000,61.000000,61.000000,62.000000,63.000000,64.000000,64.000000,64.000000,64.000000,64.000000,64.000000,64.000000,64.000000,64.000000,64.000000,65.000000,65.000000,66.000000,67.000000,68.000000,69.000000,69.000000,69.000000,69.000000,69.000000,70.000000,70.000000,70.000000,71.000000,71.000000,72.000000,72.000000,72.000000,73.000000,73.000000,73.000000,74.000000,74.000000,74.000000,75.000000,75.000000,75.000000,75.000000,75.000000,75.000000,75.000000,75.000000,75.000000,75.000000,75.000000,75.000000,75.000000,75.000000,75.000000,75.000000,75.000000,75.000000,75.000000,75.000000,75.000000,75.000000,75.000000,75.000000,75.000000,75.000000,75.000000,75.000000,75.000000,75.000000,75.000000,75.000000,75.000000,75.000000,75.000000,75.000000,75.000000,75.000000,75.000000,75.000000,75.000000,75.000000,75.000000,75.000000,75.000000,75.000000,75.000000,75.000000,75.000000,75.000000,75.000000,75.000000,75.000000,75.000000,75.000000,75.000000,75.000000,75.000000,75.000000,75.000000,75.000000,75.000000,75.000000,75.000000,75.000000,75.000000,75.000000,75.000000,75.000000,75.000000,75.000000,75.000000,75.000000,75.000000,75.000000,75.000000,75.000000,75.000000,75.000000,75.000000,75.000000;;0;20898
3263;2c36;3127;0;0;0000000000000030;         9s 455ms 889μs 716ns;395;-1;             27ms  74μs 509ns;69.000000;5.724638;0.000000;inf;4;1;Unfinished;1.000000,1.000000,1.000000,1.000000,2.000000,2.000000,2.000000,2.000000,2.000000,2.000000,2.000000,2.000000,2.000000,2.000000,2.000000,3.000000,4.000000,5.000000,6.000000,6.000000,6.000000,6.000000,6.000000,6.000000,6.000000,7.000000,7.000000,8.000000,8.000000,9.000000,9.000000,9.000000,9.000000,10.000000,11.000000,11.000000,11.000000,11.000000,11.000000,11.000000,11.000000,12.000000,12.000000,13.000000,13.000000,13.000000,13.000000,13.000000,13.000000,13.000000,14.000000,14.000000,14.000000,15.000000,16.000000,16.000000,17.000000,17.000000,17.000000,17.000000,17.000000,17.000000,17.000000,18.000000,19.000000,19.000000,19.000000,20.000000,20.000000,20.000000,21.000000,21.000000,21.000000,22.000000,22.000000,22.000000,22.000000,22.000000,23.000000,23.000000,24.000000,24.000000,25.000000,25.000000,25.000000,25.000000,25.000000,25.000000,25.000000,25.000000,25.000000,25.000000,25.000000,25.000000,25.000000,25.000000,25.000000,25.000000,25.000000,25.000000,25.000000,25.000000,25.000000,25.000000,25.000000,25.000000,25.000000,26.000000,27.000000,28.000000,28.000000,28.000000,29.000000,29.000000,30.000000,30.000000,30.000000,30.000000,30.000000,30.000000,30.000000,30.000000,30.000000,30.000000,31.000000,31.000000,32.000000,32.000000,32.000000,32.000000,33.000000,33.000000,34.000000,34.000000,35.000000,35.000000,35.000000,35.000000,35.000000,35.000000,35.000000,35.000000,35.000000,35.000000,35.000000,35.000000,35.000000,36.000000,36.000000,36.000000,36.000000,36.000000,36.000000,36.000000,36.000000,36.000000,36.000000,36.000000,36.000000,36.000000,36.000000,36.000000,36.000000,36.000000,36.000000,36.000000,36.000000,36.000000,36.000000,36.000000,36.000000,36.000000,36.000000,36.000000,36.000000,36.000000,36.000000,36.000000,36.000000,36.000000,36.000000,37.000000,38.000000,38.000000,38.000000,38.000000,38.000000,38.000000,39.000000,40.000000,41.000000,42.000000,42.000000,42.000000,42.000000,42.000000,43.000000,44.000000,44.000000,45.000000,46.000000,46.000000,46.000000,46.000000,46.000000,46.000000,47.000000,47.000000,47.000000,47.000000,47.000000,47.000000,47.000000,47.000000,48.000000,48.000000,48.000000,48.000000,48.000000,49.000000,49.000000,50.000000,50.000000,50.000000,50.000000,50.000000,51.000000,52.000000,52.000000,52.000000,52.000000,53.000000,53.000000,53.000000,54.000000,54.000000,54.000000,55.000000,56.000000,57.000000,58.000000,59.000000,60.000000,60.000000,60.000000,60.000000,60.000000,60.000000,60.000000,60.000000,60.000000,60.000000,60.000000,60.000000,60.000000,60.000000,60.000000,60.000000,60.000000,60.000000,60.000000,61.000000,62.000000,62.000000,62.000000,62.000000,62.000000,62.000000,62.000000,62.000000,62.000000,62.000000,62.000000,63.000000,64.000000,64.000000,64.000000,64.000000,64.000000,64.000000,65.000000,65.000000,66.000000,67.000000,68.000000,68.000000,68.000000,68.000000,68.000000,68.000000,68.000000,68.000000,68.000000,68.000000,68.000000,68.000000,68.000000,68.000000,68.000000,68.000000,68.000000,68.000000,68.000000,68.000000,68.000000,68.000000,68.000000,68.000000,68.000000,68.000000,68.000000,68.000000,68.000000,68.000000,68.000000,68.000000,68.000000,68.000000,68.000000,68.000000,68.000000,68.000000,68.000000,68.000000,68.000000,68.000000,68.000000,68.000000,68.000000,68.000000,68.000000,68.000000,68.000000,68.000000,68.000000,68.000000,68.000000,68.000000,68.000000,68.000000,68.000000,68.000000,68.000000,68.000000,68.000000,68.000000,68.000000,68.000000,68.000000,68.000000,68.000000,68.000000,68.000000,68.000000,68.000000,68.000000,68.000000,68.000000,68.000000,68.000000,68.000000,68.000000,68.000000,68.000000,68.000000,68.000000,68.000000,68.000000,68.000000,68.000000,68.000000,68.000000,68.000000,68.000000,68.000000,68.000000,68.000000,68.000000,68.000000,68.000000,68.000000,68.000000,68.000000,68.000000,68.000000,68.000000,68.000000,68.000000,68.000000,68.000000,68.000000,68.000000,68.000000,68.000000,68.000000,69.000000;;0;4123
3232;2c36;3127;0;0;0000000000000030;         9s 392ms  45μs 303ns;393;-1;             28ms 107μs 498ns;69.000000;5.695652;0.000000;inf;4;1;Unfinished;1.000000,1.000000,1.000000,1.000000,2.000000,2.000000,2.000000,2.000000,2.000000,2.000000,2.000000,2.000000,2.000000,2.000000,2.000000,3.000000,4.000000,5.000000,6.000000,6.000000,6.000000,6.000000,6.000000,6.000000,6.000000,7.000000,7.000000,8.000000,8.000000,9.000000,9.000000,9.000000,9.000000,10.000000,11.000000,11.000000,11.000000,11.000000,11.000000,11.000000,11.000000,12.000000,12.000000,13.000000,13.000000,13.000000,13.000000,13.000000,13.000000,13.000000,14.000000,14.000000,14.000000,15.000000,16.000000,16.000000,17.000000,17.000000,17.000000,17.000000,17.000000,17.000000,17.000000,18.000000,19.000000,19.000000,19.000000,20.000000,20.000000,20.000000,21.000000,21.000000,21.000000,22.000000,22.000000,22.000000,22.000000,22.000000,23.000000,23.000000,24.000000,24.000000,25.000000,25.000000,25.000000,25.000000,25.000000,25.000000,25.000000,25.000000,25.000000,25.000000,25.000000,25.000000,25.000000,25.000000,25.000000,25.000000,25.000000,25.000000,25.000000,25.000000,25.000000,25.000000,25.000000,25.000000,25.000000,26.000000,27.000000,28.000000,28.000000,28.000000,29.000000,29.000000,30.000000,30.000000,30.000000,30.000000,30.000000,30.000000,30.000000,30.000000,30.000000,30.000000,31.000000,31.000000,32.000000,32.000000,32.000000,32.000000,33.000000,33.000000,34.000000,34.000000,35.000000,35.000000,35.000000,35.000000,35.000000,35.000000,35.000000,35.000000,35.000000,35.000000,35.000000,35.000000,35.000000,36.000000,36.000000,36.000000,36.000000,36.000000,36.000000,36.000000,36.000000,36.000000,36.000000,36.000000,36.000000,36.000000,36.000000,36.000000,36.000000,36.000000,36.000000,36.000000,36.000000,36.000000,36.000000,36.000000,36.000000,36.000000,36.000000,36.000000,36.000000,36.000000,36.000000,36.000000,36.000000,36.000000,36.000000,37.000000,38.000000,38.000000,38.000000,38.000000,38.000000,38.000000,39.000000,40.000000,41.000000,42.000000,42.000000,42.000000,42.000000,42.000000,43.000000,44.000000,44.000000,45.000000,46.000000,46.000000,46.000000,46.000000,46.000000,46.000000,47.000000,47.000000,47.000000,47.000000,47.000000,47.000000,47.000000,47.000000,48.000000,48.000000,48.000000,48.000000,48.000000,49.000000,49.000000,50.000000,50.000000,50.000000,50.000000,50.000000,51.000000,52.000000,52.000000,52.000000,52.000000,53.000000,53.000000,53.000000,54.000000,54.000000,54.000000,55.000000,56.000000,57.000000,58.000000,59.000000,60.000000,60.000000,60.000000,60.000000,60.000000,60.000000,60.000000,60.000000,60.000000,60.000000,60.000000,60.000000,60.000000,60.000000,60.000000,60.000000,60.000000,60.000000,60.000000,61.000000,62.000000,62.000000,62.000000,62.000000,62.000000,62.000000,62.000000,62.000000,62.000000,62.000000,62.000000,63.000000,64.000000,64.000000,64.000000,64.000000,64.000000,64.000000,65.000000,65.000000,66.000000,67.000000,68.000000,68.000000,68.000000,68.000000,68.000000,68.000000,68.000000,68.000000,68.000000,68.000000,68.000000,68.000000,68.000000,68.000000,68.000000,68.000000,68.000000,68.000000,68.000000,68.000000,68.000000,68.000000,68.000000,68.000000,68.000000,68.000000,68.000000,68.000000,68.000000,68.000000,68.000000,68.000000,68.000000,68.000000,68.000000,68.000000,68.000000,68.000000,68.000000,68.000000,68.000000,68.000000,68.000000,68.000000,68.000000,68.000000,68.000000,68.000000,68.000000,68.000000,68.000000,68.000000,68.000000,68.000000,68.000000,68.000000,68.000000,68.000000,68.000000,68.000000,68.000000,68.000000,68.000000,68.000000,68.000000,68.000000,68.000000,68.000000,68.000000,68.000000,68.000000,68.000000,68.000000,68.000000,68.000000,68.000000,68.000000,68.000000,68.000000,68.000000,68.000000,68.000000,68.000000,68.000000,68.000000,68.000000,68.000000,68.000000,68.000000,68.000000,68.000000,68.000000,68.000000,68.000000,68.000000,68.000000,68.000000,68.000000,68.000000,68.000000,68.000000,68.000000,68.000000,68.000000,68.000000,68.000000,68.000000,68.000000,68.000000,69.000000;;0;4041
3160;2c36;3127;0;0;0000000000000030;         9s 222ms 509μs 675ns;392;-1;             25ms 875μs 186ns;68.000000;5.764706;0.000000;inf;4;1;Unfinished;1.000000,1.000000,1.000000,1.000000,2.000000,2.000000,2.000000,2.000000,2.000000,2.000000,2.000000,2.000000,2.000000,2.000000,2.000000,3.000000,4.000000,5.000000,6.000000,6.000000,6.000000,6.000000,6.000000,6.000000,6.000000,7.000000,7.000000,8.000000,8.000000,9.000000,9.000000,9.000000,9.000000,10.000000,11.000000,11.000000,11.000000,11.000000,11.000000,11.000000,11.000000,12.000000,12.000000,13.000000,13.000000,13.000000,13.000000,13.000000,13.000000,13.000000,14.000000,14.000000,14.000000,15.000000,16.000000,16.000000,17.000000,17.000000,17.000000,17.000000,17.000000,17.000000,17.000000,18.000000,19.000000,19.000000,19.000000,20.000000,20.000000,20.000000,21.000000,21.000000,21.000000,22.000000,22.000000,22.000000,22.000000,22.000000,23.000000,23.000000,24.000000,24.000000,25.000000,25.000000,25.000000,25.000000,25.000000,25.000000,25.000000,25.000000,25.000000,25.000000,25.000000,25.000000,25.000000,25.000000,25.000000,25.000000,25.000000,25.000000,25.000000,25.000000,25.000000,25.000000,25.000000,25.000000,25.000000,26.000000,27.000000,28.000000,28.000000,28.000000,29.000000,29.000000,30.000000,30.000000,30.000000,30.000000,30.000000,30.000000,30.000000,30.000000,30.000000,30.000000,31.000000,31.000000,32.000000,32.000000,32.000000,32.000000,33.000000,33.000000,34.000000,34.000000,35.000000,35.000000,35.000000,35.000000,35.000000,35.000000,35.000000,35.000000,35.000000,35.000000,35.000000,35.000000,35.000000,36.000000,36.000000,36.000000,36.000000,36.000000,36.000000,36.000000,36.000000,36.000000,36.000000,36.000000,36.000000,36.000000,36.000000,36.000000,36.000000,36.000000,36.000000,36.000000,36.000000,36.000000,36.000000,36.000000,36.000000,36.000000,36.000000,36.000000,36.000000,36.000000,36.000000,36.000000,36.000000,36.000000,36.000000,37.000000,38.000000,38.000000,38.000000,38.000000,38.000000,38.000000,39.000000,40.000000,41.000000,42.000000,42.000000,42.000000,42.000000,42.000000,43.000000,44.000000,44.000000,45.000000,46.000000,46.000000,46.000000,46.000000,46.000000,46.000000,47.000000,47.000000,47.000000,47.000000,47.000000,47.000000,47.000000,47.000000,48.000000,48.000000,48.000000,48.000000,48.000000,49.000000,49.000000,50.000000,50.000000,50.000000,50.000000,50.000000,51.000000,52.000000,52.000000,52.000000,52.000000,53.000000,53.000000,53.000000,54.000000,54.000000,54.000000,55.000000,56.000000,57.000000,58.000000,59.000000,60.000000,60.000000,60.000000,60.000000,60.000000,60.000000,60.000000,60.000000,60.000000,60.000000,60.000000,60.000000,60.000000,60.000000,60.000000,60.000000,60.000000,60.000000,60.000000,61.000000,62.000000,62.000000,62.000000,62.000000,62.000000,62.000000,62.000000,62.000000,62.000000,62.000000,62.000000,63.000000,64.000000,64.000000,64.000000,64.000000,64.000000,64.000000,65.000000,65.000000,66.000000,67.000000,68.000000,68.000000,68.000000,68.000000,68.000000,68.000000,68.000000,68.000000,68.000000,68.000000,68.000000,68.000000,68.000000,68.000000,68.000000,68.000000,68.000000,68.000000,68.000000,68.000000,68.000000,68.000000,68.000000,68.000000,68.000000,68.000000,68.000000,68.000000,68.000000,68.000000,68.000000,68.000000,68.000000,68.000000,68.000000,68.000000,68.000000,68.000000,68.000000,68.000000,68.000000,68.000000,68.000000,68.000000,68.000000,68.000000,68.000000,68.000000,68.000000,68.000000,68.000000,68.000000,68.000000,68.000000,68.000000,68.000000,68.000000,68.000000,68.000000,68.000000,68.000000,68.000000,68.000000,68.000000,68.000000,68.000000,68.000000,68.000000,68.000000,68.000000,68.000000,68.000000,68.000000,68.000000,68.000000,68.000000,68.000000,68.000000,68.000000,68.000000,68.000000,68.000000,68.000000,68.000000,68.000000,68.000000,68.000000,68.000000,68.000000,68.000000,68.000000,68.000000,68.000000,68.000000,68.000000,68.000000,68.000000,68.000000,68.000000,68.000000,68.000000,68.000000,68.000000,68.000000,68.000000,68.000000,68.000000,68.000000;;0;3816
31d1;2c36;3127;0;0;0000000000000030;         9s 252ms 624μs 471ns;391;-1;             23ms 926μs 485ns;68.000000;5.750000;0.000000;inf;4;1;Unfinished;1.000000,1.000000,1.000000,1.000000,2.000000,2.000000,2.000000,2.000000,2.000000,2.000000,2.000000,2.000000,2.000000,2.000000,2.000000,3.000000,4.000000,5.000000,6.000000,6.000000,6.000000,6.000000,6.000000,6.000000,6.000000,7.000000,7.000000,8.000000,8.000000,9.000000,9.000000,9.000000,9.000000,10.000000,11.000000,11.000000,11.000000,11.000000,11.000000,11.000000,11.000000,12.000000,12.000000,13.000000,13.000000,13.000000,13.000000,13.000000,13.000000,13.000000,14.000000,14.000000,14.000000,15.000000,16.000000,16.000000,17.000000,17.000000,17.000000,17.000000,17.000000,17.000000,17.000000,18.000000,19.000000,19.000000,19.000000,20.000000,20.000000,20.000000,21.000000,21.000000,21.000000,22.000000,22.000000,22.000000,22.000000,22.000000,23.000000,23.000000,24.000000,24.000000,25.000000,25.000000,25.000000,25.000000,25.000000,25.000000,25.000000,25.000000,25.000000,25.000000,25.000000,25.000000,25.000000,25.000000,25.000000,25.000000,25.000000,25.000000,25.000000,25.000000,25.000000,25.000000,25.000000,25.000000,25.000000,26.000000,27.000000,28.000000,28.000000,28.000000,29.000000,29.000000,30.000000,30.000000,30.000000,30.000000,30.000000,30.000000,30.000000,30.000000,30.000000,30.000000,31.000000,31.000000,32.000000,32.000000,32.000000,32.000000,33.000000,33.000000,34.000000,34.000000,35.000000,35.000000,35.000000,35.000000,35.000000,35.000000,35.000000,35.000000,35.000000,35.000000,35.000000,35.000000,35.000000,36.000000,36.000000,36.000000,36.000000,36.000000,36.000000,36.000000,36.000000,36.000000,36.000000,36.000000,36.000000,36.000000,36.000000,36.000000,36.000000,36.000000,36.000000,36.000000,36.000000,36.000000,36.000000,36.000000,36.000000,36.000000,36.000000,36.000000,36.000000,36.000000,36.000000,36.000000,36.000000,36.000000,36.000000,37.000000,38.000000,38.000000,38.000000,38.000000,38.000000,38.000000,39.000000,40.000000,41.000000,42.000000,42.000000,42.000000,42.000000,42.000000,43.000000,44.000000,44.000000,45.000000,46.000000,46.000000,46.000000,46.000000,46.000000,46.000000,47.000000,47.000000,47.000000,47.000000,47.000000,47.000000,47.000000,47.000000,48.000000,48.000000,48.000000,48.000000,48.000000,49.000000,49.000000,50.000000,50.000000,50.000000,50.000000,50.000000,51.000000,52.000000,52.000000,52.000000,52.000000,53.000000,53.000000,53.000000,54.000000,54.000000,54.000000,55.000000,56.000000,57.000000,58.000000,59.000000,60.000000,60.000000,60.000000,60.000000,60.000000,60.000000,60.000000,60.000000,60.000000,60.000000,60.000000,60.000000,60.000000,60.000000,60.000000,60.000000,60.000000,60.000000,60.000000,61.000000,62.000000,62.000000,62.000000,62.000000,62.000000,62.000000,62.000000,62.000000,62.000000,62.000000,62.000000,63.000000,64.000000,64.000000,64.000000,64.000000,64.000000,64.000000,65.000000,65.000000,66.000000,67.000000,68.000000,68.000000,68.000000,68.000000,68.000000,68.000000,68.000000,68.000000,68.000000,68.000000,68.000000,68.000000,68.000000,68.000000,68.000000,68.000000,68.000000,68.000000,68.000000,68.000000,68.000000,68.000000,68.000000,68.000000,68.000000,68.000000,68.000000,68.000000,68.000000,68.000000,68.000000,68.000000,68.000000,68.000000,68.000000,68.000000,68.000000,68.000000,68.000000,68.000000,68.000000,68.000000,68.000000,68.000000,68.000000,68.000000,68.000000,68.000000,68.000000,68.000000,68.000000,68.000000,68.000000,68.000000,68.000000,68.000000,68.000000,68.000000,68.000000,68.000000,68.000000,68.000000,68.000000,68.000000,68.000000,68.000000,68.000000,68.000000,68.000000,68.000000,68.000000,68.000000,68.000000,68.000000,68.000000,68.000000,68.000000,68.000000,68.000000,68.000000,68.000000,68.000000,68.000000,68.000000,68.000000,68.000000,68.000000,68.000000,68.000000,68.000000,68.000000,68.000000,68.000000,68.000000,68.000000,68.000000,68.000000,68.000000,68.000000,68.000000,68.000000,68.000000,68.000000,68.000000,68.000000,68.000000,68.000000;;0;3864
3fd7e;2afb;3127;0;0;0000000000000030;     1m 23s 670ms 913μs 755ns;390;-1;             27ms  95μs 890ns;77.000000;5.064935;0.000000;inf;4;1;Unfinished;1.000000,1.000000,1.000000,1.000000,2.000000,2.000000,2.000000,2.000000,2.000000,2.000000,2.000000,2.000000,2.000000,2.000000,2.000000,3.000000,4.000000,5.000000,6.000000,6.000000,6.000000,6.000000,6.000000,6.000000,6.000000,7.000000,7.000000,8.000000,8.000000,9.000000,9.000000,9.000000,9.000000,10.000000,11.000000,11.000000,11.000000,11.000000,11.000000,11.000000,11.000000,12.000000,12.000000,13.000000,13.000000,13.000000,13.000000,13.000000,13.000000,13.000000,14.000000,14.000000,14.000000,15.000000,16.000000,16.000000,17.000000,17.000000,17.000000,17.000000,17.000000,17.000000,17.000000,18.000000,19.000000,19.000000,19.000000,20.000000,20.000000,20.000000,21.000000,21.000000,21.000000,22.000000,22.000000,22.000000,22.000000,22.000000,23.000000,23.000000,24.000000,24.000000,25.000000,25.000000,25.000000,25.000000,25.000000,25.000000,25.000000,25.000000,25.000000,25.000000,25.000000,25.000000,25.000000,25.000000,25.000000,25.000000,25.000000,25.000000,25.000000,25.000000,25.000000,25.000000,25.000000,25.000000,25.000000,26.000000,27.000000,28.000000,28.000000,28.000000,29.000000,29.000000,30.000000,30.000000,30.000000,30.000000,30.000000,30.000000,30.000000,30.000000,30.000000,30.000000,31.000000,31.000000,32.000000,32.000000,32.000000,32.000000,33.000000,33.000000,34.000000,34.000000,35.000000,35.000000,35.000000,35.000000,35.000000,35.000000,35.000000,35.000000,35.000000,35.000000,35.000000,35.000000,35.000000,36.000000,36.000000,36.000000,36.000000,36.000000,36.000000,36.000000,36.000000,36.000000,36.000000,36.000000,36.000000,36.000000,36.000000,36.000000,36.000000,36.000000,36.000000,36.000000,36.000000,36.000000,36.000000,36.000000,36.000000,36.000000,36.000000,36.000000,36.000000,36.000000,36.000000,36.000000,36.000000,36.000000,36.000000,37.000000,38.000000,38.000000,38.000000,38.000000,38.000000,38.000000,39.000000,40.000000,41.000000,42.000000,42.000000,42.000000,42.000000,42.000000,43.000000,44.000000,44.000000,45.000000,46.000000,46.000000,46.000000,46.000000,46.000000,46.000000,47.000000,47.000000,47.000000,47.000000,47.000000,47.000000,47.000000,47.000000,48.000000,48.000000,48.000000,48.000000,48.000000,49.000000,49.000000,50.000000,50.000000,50.000000,50.000000,50.000000,51.000000,52.000000,52.000000,53.000000,54.000000,55.000000,55.000000,56.000000,57.000000,57.000000,57.000000,57.000000,57.000000,57.000000,57.000000,57.000000,57.000000,57.000000,57.000000,57.000000,57.000000,57.000000,57.000000,57.000000,57.000000,57.000000,57.000000,57.000000,57.000000,57.000000,57.000000,57.000000,57.000000,57.000000,57.000000,57.000000,57.000000,58.000000,58.000000,58.000000,59.000000,60.000000,60.000000,60.000000,61.000000,61.000000,61.000000,61.000000,61.000000,61.000000,61.000000,61.000000,61.000000,62.000000,63.000000,64.000000,64.000000,64.000000,64.000000,64.000000,64.000000,64.000000,64.000000,64.000000,64.000000,65.000000,65.000000,66.000000,67.000000,68.000000,69.000000,69.000000,69.000000,69.000000,69.000000,70.000000,70.000000,70.000000,71.000000,71.000000,72.000000,72.000000,72.000000,73.000000,73.000000,73.000000,74.000000,74.000000,74.000000,75.000000,75.000000,75.000000,76.000000,76.000000,77.000000,77.000000,77.000000,77.000000,77.000000,77.000000,77.000000,77.000000,77.000000,77.000000,77.000000,77.000000,77.000000,77.000000,77.000000,77.000000,77.000000,77.000000,77.000000,77.000000,77.000000,77.000000,77.000000,77.000000,77.000000,77.000000,77.000000,77.000000,77.000000,77.000000,77.000000,77.000000,77.000000,77.000000,77.000000,77.000000,77.000000,77.000000,77.000000,77.000000,77.000000,77.000000,77.000000,77.000000,77.000000,77.000000,77.000000,77.000000,77.000000,77.000000,77.000000,77.000000,77.000000,77.000000,77.000000,77.000000,77.000000,77.000000,77.000000,77.000000,77.000000,77.000000,77.000000,77.000000,77.000000,77.000000,77.000000,77.000000,77.000000,77.000000;;0;76067
3208;2afb;3127;0;0;0000000000000030;         9s 332ms 492μs 501ns;389;-1;             24ms 913μs 636ns;80.000000;4.862500;0.000000;inf;4;1;Unfinished;1.000000,1.000000,1.000000,1.000000,2.000000,2.000000,2.000000,2.000000,2.000000,2.000000,2.000000,2.000000,2.000000,2.000000,2.000000,3.000000,4.000000,5.000000,6.000000,6.000000,6.000000,6.000000,6.000000,6.000000,6.000000,7.000000,7.000000,8.000000,8.000000,9.000000,9.000000,9.000000,9.000000,10.000000,11.000000,11.000000,11.000000,11.000000,11.000000,11.000000,11.000000,12.000000,12.000000,13.000000,13.000000,13.000000,13.000000,13.000000,13.000000,13.000000,14.000000,14.000000,14.000000,15.000000,16.000000,16.000000,17.000000,17.000000,17.000000,17.000000,17.000000,17.000000,17.000000,18.000000,19.000000,19.000000,19.000000,20.000000,20.000000,20.000000,21.000000,21.000000,21.000000,22.000000,22.000000,22.000000,22.000000,22.000000,23.000000,23.000000,24.000000,24.000000,25.000000,25.000000,25.000000,25.000000,25.000000,25.000000,25.000000,25.000000,25.000000,25.000000,25.000000,25.000000,25.000000,25.000000,25.000000,25.000000,25.000000,25.000000,25.000000,25.000000,25.000000,25.000000,25.000000,25.000000,25.000000,26.000000,27.000000,28.000000,28.000000,28.000000,29.000000,29.000000,30.000000,30.000000,30.000000,30.000000,30.000000,30.000000,30.000000,30.000000,30.000000,30.000000,31.000000,31.000000,32.000000,32.000000,32.000000,32.000000,33.000000,33.000000,34.000000,34.000000,35.000000,35.000000,35.000000,35.000000,35.000000,35.000000,35.000000,35.000000,35.000000,35.000000,35.000000,35.000000,35.000000,36.000000,36.000000,36.000000,36.000000,36.000000,36.000000,36.000000,36.000000,36.000000,36.000000,36.000000,36.000000,36.000000,36.000000,36.000000,36.000000,36.000000,36.000000,36.000000,36.000000,36.000000,36.000000,36.000000,36.000000,36.000000,36.000000,36.000000,36.000000,36.000000,36.000000,36.000000,36.000000,36.000000,36.000000,37.000000,38.000000,38.000000,38.000000,38.000000,38.000000,38.000000,39.000000,40.000000,41.000000,42.000000,42.000000,42.000000,42.000000,42.000000,43.000000,44.000000,44.000000,45.000000,46.000000,46.000000,46.000000,46.000000,46.000000,46.000000,47.000000,47.000000,47.000000,47.000000,47.000000,47.000000,47.000000,47.000000,48.000000,48.000000,48.000000,48.000000,48.000000,49.000000,49.000000,50.000000,50.000000,50.000000,50.000000,50.000000,51.000000,52.000000,52.000000,53.000000,54.000000,55.000000,55.000000,56.000000,57.000000,57.000000,57.000000,57.000000,57.000000,57.000000,57.000000,57.000000,57.000000,57.000000,57.000000,57.000000,57.000000,57.000000,57.000000,57.000000,57.000000,57.000000,57.000000,57.000000,57.000000,57.000000,57.000000,57.000000,57.000000,57.000000,57.000000,57.000000,57.000000,58.000000,58.000000,58.000000,59.000000,60.000000,60.000000,60.000000,61.000000,61.000000,61.000000,61.000000,61.000000,61.000000,61.000000,61.000000,61.000000,62.000000,63.000000,64.000000,64.000000,64.000000,64.000000,64.000000,64.000000,64.000000,64.000000,64.000000,64.000000,65.000000,65.000000,66.000000,67.000000,68.000000,69.000000,69.000000,69.000000,69.000000,69.000000,70.000000,70.000000,70.000000,71.000000,71.000000,72.000000,72.000000,72.000000,73.000000,73.000000,73.000000,74.000000,74.000000,74.000000,75.000000,76.000000,76.000000,77.000000,78.000000,78.000000,79.000000,79.000000,79.000000,80.000000,80.000000,80.000000,80.000000,80.000000,80.000000,80.000000,80.000000,80.000000,80.000000,80.000000,80.000000,80.000000,80.000000,80.000000,80.000000,80.000000,80.000000,80.000000,80.000000,80.000000,80.000000,80.000000,80.000000,80.000000,80.000000,80.000000,80.000000,80.000000,80.000000,80.000000,80.000000,80.000000,80.000000,80.000000,80.000000,80.000000,80.000000,80.000000,80.000000,80.000000,80.000000,80.000000,80.000000,80.000000,80.000000,80.000000,80.000000,80.000000,80.000000,80.000000,80.000000,80.000000,80.000000,80.000000,80.000000,80.000000,80.000000,80.000000,80.000000,80.000000,80.000000,80.000000,80.000000,80.000000;;0;3942
71f4d;2a808;3127;0;0;0000000000000080;     2m 23s 734ms 279μs 378ns;389;-1;             29ms 255μs 224ns;79.000000;4.924051;0.000000;inf;4;1;Unfinished;1.000000,1.000000,1.000000,1.000000,2.000000,2.000000,2.000000,2.000000,2.000000,2.000000,2.000000,2.000000,2.000000,2.000000,2.000000,3.000000,4.000000,5.000000,6.000000,6.000000,6.000000,6.000000,6.000000,6.000000,6.000000,7.000000,7.000000,8.000000,8.000000,9.000000,9.000000,9.000000,9.000000,10.000000,11.000000,11.000000,11.000000,11.000000,11.000000,11.000000,11.000000,12.000000,12.000000,13.000000,13.000000,13.000000,13.000000,13.000000,13.000000,13.000000,14.000000,14.000000,14.000000,15.000000,16.000000,16.000000,17.000000,17.000000,17.000000,17.000000,17.000000,17.000000,17.000000,18.000000,19.000000,19.000000,19.000000,20.000000,20.000000,20.000000,21.000000,21.000000,21.000000,22.000000,22.000000,22.000000,22.000000,22.000000,23.000000,23.000000,24.000000,24.000000,25.000000,25.000000,25.000000,25.000000,25.000000,25.000000,25.000000,25.000000,25.000000,25.000000,25.000000,25.000000,25.000000,25.000000,25.000000,25.000000,25.000000,25.000000,25.000000,25.000000,25.000000,25.000000,25.000000,25.000000,25.000000,26.000000,27.000000,28.000000,28.000000,28.000000,29.000000,29.000000,30.000000,30.000000,30.000000,30.000000,30.000000,30.000000,30.000000,30.000000,30.000000,30.000000,31.000000,31.000000,32.000000,32.000000,32.000000,32.000000,33.000000,33.000000,34.000000,34.000000,35.000000,35.000000,35.000000,35.000000,35.000000,35.000000,35.000000,35.000000,35.000000,35.000000,35.000000,35.000000,35.000000,36.000000,36.000000,36.000000,36.000000,36.000000,36.000000,36.000000,36.000000,36.000000,36.000000,36.000000,36.000000,36.000000,36.000000,36.000000,36.000000,36.000000,36.000000,36.000000,36.000000,36.000000,36.000000,36.000000,36.000000,36.000000,36.000000,36.000000,36.000000,36.000000,36.000000,36.000000,36.000000,36.000000,36.000000,37.000000,38.000000,38.000000,38.000000,38.000000,38.000000,38.000000,39.000000,40.000000,41.000000,42.000000,42.000000,42.000000,42.000000,42.000000,43.000000,44.000000,44.000000,45.000000,46.000000,46.000000,46.000000,46.000000,46.000000,46.000000,47.000000,47.000000,47.000000,47.000000,47.000000,47.000000,47.000000,47.000000,48.000000,48.000000,48.000000,48.000000,48.000000,49.000000,49.000000,50.000000,50.000000,50.000000,50.000000,50.000000,51.000000,52.000000,52.000000,53.000000,54.000000,55.000000,55.000000,56.000000,57.000000,57.000000,57.000000,57.000000,57.000000,57.000000,57.000000,57.000000,57.000000,57.000000,57.000000,57.000000,57.000000,57.000000,57.000000,57.000000,57.000000,57.000000,57.000000,57.000000,57.000000,57.000000,57.000000,57.000000,57.000000,57.000000,57.000000,57.000000,57.000000,58.000000,58.000000,58.000000,59.000000,60.000000,60.000000,60.000000,61.000000,61.000000,61.000000,61.000000,61.000000,61.000000,61.000000,61.000000,61.000000,62.000000,63.000000,64.000000,64.000000,64.000000,64.000000,64.000000,64.000000,64.000000,64.000000,64.000000,64.000000,65.000000,65.000000,66.000000,67.000000,68.000000,69.000000,69.000000,69.000000,69.000000,69.000000,70.000000,70.000000,70.000000,71.000000,71.000000,72.000000,72.000000,72.000000,73.000000,73.000000,73.000000,74.000000,74.000000,74.000000,75.000000,75.000000,75.000000,75.000000,75.000000,75.000000,75.000000,75.000000,75.000000,75.000000,75.000000,75.000000,75.000000,75.000000,75.000000,75.000000,75.000000,75.000000,76.000000,76.000000,76.000000,76.000000,76.000000,76.000000,76.000000,76.000000,76.000000,76.000000,76.000000,76.000000,76.000000,76.000000,76.000000,76.000000,76.000000,76.000000,76.000000,76.000000,76.000000,76.000000,76.000000,76.000000,76.000000,76.000000,76.000000,76.000000,76.000000,76.000000,76.000000,76.000000,76.000000,76.000000,76.000000,76.000000,76.000000,76.000000,76.000000,76.000000,76.000000,76.000000,76.000000,76.000000,76.000000,76.000000,76.000000,76.000000,77.000000,77.000000,77.000000,77.000000,78.000000,78.000000,78.000000,79.000000;;0;80869
71f50;2a808;3127;0;0;0000000000000080;     2m 23s 734ms 734μs 581ns;389;-1;             28ms 150μs 934ns;76.000000;5.118421;0.000000;inf;4;1;Unfinished;1.000000,1.000000,1.000000,1.000000,2.000000,2.000000,2.000000,2.000000,2.000000,2.000000,2.000000,2.000000,2.000000,2.000000,2.000000,3.000000,4.000000,5.000000,6.000000,6.000000,6.000000,6.000000,6.000000,6.000000,6.000000,7.000000,7.000000,8.000000,8.000000,9.000000,9.000000,9.000000,9.000000,10.000000,11.000000,11.000000,11.000000,11.000000,11.000000,11.000000,11.000000,12.000000,12.000000,13.000000,13.000000,13.000000,13.000000,13.000000,13.000000,13.000000,14.000000,14.000000,14.000000,15.000000,16.000000,16.000000,17.000000,17.000000,17.000000,17.000000,17.000000,17.000000,17.000000,18.000000,19.000000,19.000000,19.000000,20.000000,20.000000,20.000000,21.000000,21.000000,21.000000,22.000000,22.000000,22.000000,22.000000,22.000000,23.000000,23.000000,24.000000,24.000000,25.000000,25.000000,25.000000,25.000000,25.000000,25.000000,25.000000,25.000000,25.000000,25.000000,25.000000,25.000000,25.000000,25.000000,25.000000,25.000000,25.000000,25.000000,25.000000,25.000000,25.000000,25.000000,25.000000,25.000000,25.000000,26.000000,27.000000,28.000000,28.000000,28.000000,29.000000,29.000000,30.000000,30.000000,30.000000,30.000000,30.000000,30.000000,30.000000,30.000000,30.000000,30.000000,31.000000,31.000000,32.000000,32.000000,32.000000,32.000000,33.000000,33.000000,34.000000,34.000000,35.000000,35.000000,35.000000,35.000000,35.000000,35.000000,35.000000,35.000000,35.000000,35.000000,35.000000,35.000000,35.000000,36.000000,36.000000,36.000000,36.000000,36.000000,36.000000,36.000000,36.000000,36.000000,36.000000,36.000000,36.000000,36.000000,36.000000,36.000000,36.000000,36.000000,36.000000,36.000000,36.000000,36.000000,36.000000,36.000000,36.000000,36.000000,36.000000,36.000000,36.000000,36.000000,36.000000,36.000000,36.000000,36.000000,36.000000,37.000000,38.000000,38.000000,38.000000,38.000000,38.000000,38.000000,39.000000,40.000000,41.000000,42.000000,42.000000,42.000000,42.000000,42.000000,43.000000,44.000000,44.000000,45.000000,46.000000,46.000000,46.000000,46.000000,46.000000,46.000000,47.000000,47.000000,47.000000,47.000000,47.000000,47.000000,47.000000,47.000000,48.000000,48.000000,48.000000,48.000000,48.000000,49.000000,49.000000,50.000000,50.000000,50.000000,50.000000,50.000000,51.000000,52.000000,52.000000,53.000000,54.000000,55.000000,55.000000,56.000000,57.000000,57.000000,57.000000,57.000000,57.000000,57.000000,57.000000,57.000000,57.000000,57.000000,57.000000,57.000000,57.000000,57.000000,57.000000,57.000000,57.000000,57.000000,57.000000,57.000000,57.000000,57.000000,57.000000,57.000000,57.000000,57.000000,57.000000,57.000000,57.000000,58.000000,58.000000,58.000000,59.000000,60.000000,60.000000,60.000000,61.000000,61.000000,61.000000,61.000000,61.000000,61.000000,61.000000,61.000000,61.000000,62.000000,63.000000,64.000000,64.000000,64.000000,64.000000,64.000000,64.000000,64.000000,64.000000,64.000000,64.000000,65.000000,65.000000,66.000000,67.000000,68.000000,69.000000,69.000000,69.000000,69.000000,69.000000,70.000000,70.000000,70.000000,71.000000,71.000000,72.000000,72.000000,72.000000,73.000000,73.000000,73.000000,74.000000,74.000000,74.000000,75.000000,75.000000,75.000000,75.000000,75.000000,75.000000,76.000000,76.000000,76.000000,76.000000,76.000000,76.000000,76.000000,76.000000,76.000000,76.000000,76.000000,76.000000,76.000000,76.000000,76.000000,76.000000,76.000000,76.000000,76.000000,76.000000,76.000000,76.000000,76.000000,76.000000,76.000000,76.000000,76.000000,76.000000,76.000000,76.000000,76.000000,76.000000,76.000000,76.000000,76.000000,76.000000,76.000000,76.000000,76.000000,76.000000,76.000000,76.000000,76.000000,76.000000,76.000000,76.000000,76.000000,76.000000,76.000000,76.000000,76.000000,76.000000,76.000000,76.000000,76.000000,76.000000,76.000000,76.000000,76.000000,76.000000,76.000000,76.000000,76.000000,76.000000,76.000000,76.000000,76.000000,76.000000;;0;80869
71f53;2a808;3127;0;0;4000000000000080;     2m 23s 735ms 200μs 527ns;389;-1;             29ms  43μs  39ns;76.000000;5.118421;0.000000;inf;4;1;Unfinished;1.000000,1.000000,1.000000,1.000000,2.000000,2.000000,2.000000,2.000000,2.000000,2.000000,2.000000,2.000000,2.000000,2.000000,2.000000,3.000000,4.000000,5.000000,6.000000,6.000000,6.000000,6.000000,6.000000,6.000000,6.000000,7.000000,7.000000,8.000000,8.000000,9.000000,9.000000,9.000000,9.000000,10.000000,11.000000,11.000000,11.000000,11.000000,11.000000,11.000000,11.000000,12.000000,12.000000,13.000000,13.000000,13.000000,13.000000,13.000000,13.000000,13.000000,14.000000,14.000000,14.000000,15.000000,16.000000,16.000000,17.000000,17.000000,17.000000,17.000000,17.000000,17.000000,17.000000,18.000000,19.000000,19.000000,19.000000,20.000000,20.000000,20.000000,21.000000,21.000000,21.000000,22.000000,22.000000,22.000000,22.000000,22.000000,23.000000,23.000000,24.000000,24.000000,25.000000,25.000000,25.000000,25.000000,25.000000,25.000000,25.000000,25.000000,25.000000,25.000000,25.000000,25.000000,25.000000,25.000000,25.000000,25.000000,25.000000,25.000000,25.000000,25.000000,25.000000,25.000000,25.000000,25.000000,25.000000,26.000000,27.000000,28.000000,28.000000,28.000000,29.000000,29.000000,30.000000,30.000000,30.000000,30.000000,30.000000,30.000000,30.000000,30.000000,30.000000,30.000000,31.000000,31.000000,32.000000,32.000000,32.000000,32.000000,33.000000,33.000000,34.000000,34.000000,35.000000,35.000000,35.000000,35.000000,35.000000,35.000000,35.000000,35.000000,35.000000,35.000000,35.000000,35.000000,35.000000,36.000000,36.000000,36.000000,36.000000,36.000000,36.000000,36.000000,36.000000,36.000000,36.000000,36.000000,36.000000,36.000000,36.000000,36.000000,36.000000,36.000000,36.000000,36.000000,36.000000,36.000000,36.000000,36.000000,36.000000,36.000000,36.000000,36.000000,36.000000,36.000000,36.000000,36.000000,36.000000,36.000000,36.000000,37.000000,38.000000,38.000000,38.000000,38.000000,38.000000,38.000000,39.000000,40.000000,41.000000,42.000000,42.000000,42.000000,42.000000,42.000000,43.000000,44.000000,44.000000,45.000000,46.000000,46.000000,46.000000,46.000000,46.000000,46.000000,47.000000,47.000000,47.000000,47.000000,47.000000,47.000000,47.000000,47.000000,48.000000,48.000000,48.000000,48.000000,48.000000,49.000000,49.000000,50.000000,50.000000,50.000000,50.000000,50.000000,51.000000,52.000000,52.000000,53.000000,54.000000,55.000000,55.000000,56.000000,57.000000,57.000000,57.000000,57.000000,57.000000,57.000000,57.000000,57.000000,57.000000,57.000000,57.000000,57.000000,57.000000,57.000000,57.000000,57.000000,57.000000,57.000000,57.000000,57.000000,57.000000,57.000000,57.000000,57.000000,57.000000,57.000000,57.000000,57.000000,57.000000,58.000000,58.000000,58.000000,59.000000,60.000000,60.000000,60.000000,61.000000,61.000000,61.000000,61.000000,61.000000,61.000000,61.000000,61.000000,61.000000,62.000000,63.000000,64.000000,64.000000,64.000000,64.000000,64.000000,64.000000,64.000000,64.000000,64.000000,64.000000,65.000000,65.000000,66.000000,67.000000,68.000000,69.000000,69.000000,69.000000,69.000000,69.000000,70.000000,70.000000,70.000000,71.000000,71.000000,72.000000,72.000000,72.000000,73.000000,73.000000,73.000000,74.000000,74.000000,74.000000,75.000000,75.000000,75.000000,75.000000,75.000000,75.000000,76.000000,76.000000,76.000000,76.000000,76.000000,76.000000,76.000000,76.000000,76.000000,76.000000,76.000000,76.000000,76.000000,76.000000,76.000000,76.000000,76.000000,76.000000,76.000000,76.000000,76.000000,76.000000,76.000000,76.000000,76.000000,76.000000,76.000000,76.000000,76.000000,76.000000,76.000000,76.000000,76.000000,76.000000,76.000000,76.000000,76.000000,76.000000,76.000000,76.000000,76.000000,76.000000,76.000000,76.000000,76.000000,76.000000,76.000000,76.000000,76.000000,76.000000,76.000000,76.000000,76.000000,76.000000,76.000000,76.000000,76.000000,76.000000,76.000000,76.000000,76.000000,76.000000,76.000000,76.000000,76.000000,76.000000,76.000000,76.000000;;0;80870
3360;2c36;3127;0;0;0000000000000030;         9s 760ms 331μs 920ns;389;-1;             30ms 368μs 869ns;68.000000;5.720588;0.000000;inf;4;1;Unfinished;1.000000,1.000000,1.000000,1.000000,2.000000,2.000000,2.000000,2.000000,2.000000,2.000000,2.000000,2.000000,2.000000,2.000000,2.000000,3.000000,4.000000,5.000000,6.000000,6.000000,6.000000,6.000000,6.000000,6.000000,6.000000,7.000000,7.000000,8.000000,8.000000,9.000000,9.000000,9.000000,9.000000,10.000000,11.000000,11.000000,11.000000,11.000000,11.000000,11.000000,11.000000,12.000000,12.000000,13.000000,13.000000,13.000000,13.000000,13.000000,13.000000,13.000000,14.000000,14.000000,14.000000,15.000000,16.000000,16.000000,17.000000,17.000000,17.000000,17.000000,17.000000,17.000000,17.000000,18.000000,19.000000,19.000000,19.000000,20.000000,20.000000,20.000000,21.000000,21.000000,21.000000,22.000000,22.000000,22.000000,22.000000,22.000000,23.000000,23.000000,24.000000,24.000000,25.000000,25.000000,25.000000,25.000000,25.000000,25.000000,25.000000,25.000000,25.000000,25.000000,25.000000,25.000000,25.000000,25.000000,25.000000,25.000000,25.000000,25.000000,25.000000,25.000000,25.000000,25.000000,25.000000,25.000000,25.000000,26.000000,27.000000,28.000000,28.000000,28.000000,29.000000,29.000000,30.000000,30.000000,30.000000,30.000000,30.000000,30.000000,30.000000,30.000000,30.000000,30.000000,31.000000,31.000000,32.000000,32.000000,32.000000,32.000000,33.000000,33.000000,34.000000,34.000000,35.000000,35.000000,35.000000,35.000000,35.000000,35.000000,35.000000,35.000000,35.000000,35.000000,35.000000,35.000000,35.000000,36.000000,36.000000,36.000000,36.000000,36.000000,36.000000,36.000000,36.000000,36.000000,36.000000,36.000000,36.000000,36.000000,36.000000,36.000000,36.000000,36.000000,36.000000,36.000000,36.000000,36.000000,36.000000,36.000000,36.000000,36.000000,36.000000,36.000000,36.000000,36.000000,36.000000,36.000000,36.000000,36.000000,36.000000,37.000000,38.000000,38.000000,38.000000,38.000000,38.000000,38.000000,39.000000,40.000000,41.000000,42.000000,42.000000,42.000000,42.000000,42.000000,43.000000,44.000000,44.000000,45.000000,46.000000,46.000000,46.000000,46.000000,46.000000,46.000000,47.000000,47.000000,47.000000,47.000000,47.000000,47.000000,47.000000,47.000000,48.000000,48.000000,48.000000,48.000000,48.000000,49.000000,49.000000,50.000000,50.000000,50.000000,50.000000,50.000000,51.000000,52.000000,52.000000,52.000000,52.000000,53.000000,53.000000,53.000000,54.000000,54.000000,54.000000,55.000000,56.000000,57.000000,58.000000,59.000000,60.000000,60.000000,60.000000,60.000000,60.000000,60.000000,60.000000,60.000000,60.000000,60.000000,60.000000,60.000000,60.000000,60.000000,60.000000,60.000000,60.000000,60.000000,60.000000,61.000000,62.000000,62.000000,62.000000,62.000000,62.000000,62.000000,62.000000,62.000000,62.000000,62.000000,62.000000,63.000000,64.000000,64.000000,64.000000,64.000000,64.000000,64.000000,65.000000,65.000000,66.000000,67.000000,68.000000,68.000000,68.000000,68.000000,68.000000,68.000000,68.000000,68.000000,68.000000,68.000000,68.000000,68.000000,68.000000,68.000000,68.000000,68.000000,68.000000,68.000000,68.000000,68.000000,68.000000,68.000000,68.000000,68.000000,68.000000,68.000000,68.000000,68.000000,68.000000,68.000000,68.000000,68.000000,68.000000,68.000000,68.000000,68.000000,68.000000,68.000000,68.000000,68.000000,68.000000,68.000000,68.000000,68.000000,68.000000,68.000000,68.000000,68.000000,68.000000,68.000000,68.000000,68.000000,68.000000,68.000000,68.000000,68.000000,68.000000,68.000000,68.000000,68.000000,68.000000,68.000000,68.000000,68.000000,68.000000,68.000000,68.000000,68.000000,68.000000,68.000000,68.000000,68.000000,68.000000,68.000000,68.000000,68.000000,68.000000,68.000000,68.000000,68.000000,68.000000,68.000000,68.000000,68.000000,68.000000,68.000000,68.000000,68.000000,68.000000,68.000000,68.000000,68.000000,68.000000,68.000000,68.000000,68.000000,68.000000,68.000000,68.000000,68.000000,68.000000,68.000000,68.000000,68.000000,68.000000;;0;34268
1e85d2;31bf;3127;0;0;4000000000000080;    11m 58s 946ms 963μs 350ns;388;-1;             27ms  17μs 849ns;79.000000;4.911392;0.000000;inf;4;1;Unfinished;1.000000,1.000000,1.000000,1.000000,2.000000,2.000000,2.000000,2.000000,2.000000,2.000000,2.000000,2.000000,2.000000,2.000000,2.000000,3.000000,4.000000,5.000000,6.000000,6.000000,6.000000,6.000000,6.000000,6.000000,6.000000,7.000000,7.000000,8.000000,8.000000,9.000000,9.000000,9.000000,9.000000,10.000000,11.000000,11.000000,11.000000,11.000000,11.000000,11.000000,11.000000,12.000000,12.000000,13.000000,13.000000,13.000000,13.000000,13.000000,13.000000,13.000000,14.000000,14.000000,14.000000,15.000000,16.000000,16.000000,17.000000,17.000000,17.000000,17.000000,17.000000,17.000000,17.000000,18.000000,19.000000,19.000000,19.000000,20.000000,20.000000,20.000000,21.000000,21.000000,21.000000,22.000000,22.000000,22.000000,22.000000,22.000000,23.000000,23.000000,24.000000,24.000000,25.000000,25.000000,25.000000,25.000000,25.000000,25.000000,25.000000,25.000000,25.000000,25.000000,25.000000,25.000000,25.000000,25.000000,25.000000,25.000000,25.000000,25.000000,25.000000,25.000000,25.000000,25.000000,25.000000,25.000000,25.000000,26.000000,27.000000,28.000000,28.000000,28.000000,29.000000,29.000000,30.000000,30.000000,30.000000,30.000000,30.000000,30.000000,30.000000,30.000000,30.000000,30.000000,31.000000,31.000000,32.000000,32.000000,32.000000,32.000000,33.000000,33.000000,34.000000,34.000000,35.000000,35.000000,35.000000,35.000000,35.000000,35.000000,35.000000,35.000000,35.000000,35.000000,35.000000,35.000000,35.000000,36.000000,36.000000,36.000000,36.000000,36.000000,36.000000,36.000000,36.000000,36.000000,36.000000,36.000000,36.000000,36.000000,36.000000,36.000000,36.000000,36.000000,36.000000,36.000000,36.000000,36.000000,36.000000,36.000000,36.000000,36.000000,36.000000,36.000000,36.000000,36.000000,36.000000,36.000000,36.000000,36.000000,36.000000,37.000000,38.000000,38.000000,38.000000,38.000000,38.000000,38.000000,39.000000,40.000000,41.000000,42.000000,42.000000,42.000000,42.000000,42.000000,43.000000,44.000000,44.000000,45.000000,46.000000,46.000000,46.000000,46.000000,46.000000,46.000000,47.000000,47.000000,47.000000,47.000000,47.000000,47.000000,47.000000,47.000000,48.000000,48.000000,48.000000,48.000000,48.000000,49.000000,49.000000,50.000000,50.000000,50.000000,50.000000,50.000000,51.000000,52.000000,52.000000,53.000000,54.000000,55.000000,55.000000,56.000000,57.000000,57.000000,57.000000,57.000000,57.000000,57.000000,57.000000,57.000000,57.000000,57.000000,57.000000,57.000000,57.000000,57.000000,57.000000,57.000000,57.000000,57.000000,57.000000,57.000000,57.000000,57.000000,57.000000,57.000000,57.000000,57.000000,57.000000,57.000000,57.000000,58.000000,58.000000,58.000000,59.000000,60.000000,60.000000,60.000000,61.000000,61.000000,61.000000,61.000000,61.000000,61.000000,61.000000,61.000000,61.000000,62.000000,63.000000,64.000000,64.000000,64.000000,64.000000,64.000000,64.000000,64.000000,64.000000,64.000000,64.000000,65.000000,65.000000,66.000000,67.000000,68.000000,69.000000,69.000000,69.000000,69.000000,69.000000,70.000000,70.000000,70.000000,71.000000,71.000000,72.000000,72.000000,72.000000,73.000000,73.000000,73.000000,74.000000,74.000000,74.000000,75.000000,75.000000,75.000000,75.000000,75.000000,75.000000,75.000000,75.000000,75.000000,75.000000,75.000000,75.000000,75.000000,75.000000,75.000000,75.000000,75.000000,75.000000,75.000000,75.000000,75.000000,76.000000,76.000000,76.000000,76.000000,76.000000,76.000000,77.000000,77.000000,78.000000,78.000000,78.000000,78.000000,78.000000,78.000000,78.000000,78.000000,78.000000,78.000000,78.000000,78.000000,78.000000,78.000000,78.000000,78.000000,78.000000,78.000000,78.000000,78.000000,78.000000,78.000000,78.000000,78.000000,78.000000,78.000000,78.000000,78.000000,78.000000,78.000000,78.000000,78.000000,78.000000,78.000000,78.000000,78.000000,78.000000,78.000000,78.000000,78.000000,78.000000,78.000000,78.000000,78.000000,79.000000;;0;840862
3248;2c36;3127;0;0;0000000000000030;         9s 430ms 819μs 373ns;386;-1;             27ms 961μs  79ns;68.000000;5.676471;0.000000;inf;4;1;Unfinished;1.000000,1.000000,1.000000,1.000000,2.000000,2.000000,2.000000,2.000000,2.000000,2.000000,2.000000,2.000000,2.000000,2.000000,2.000000,3.000000,4.000000,5.000000,6.000000,6.000000,6.000000,6.000000,6.000000,6.000000,6.000000,7.000000,7.000000,8.000000,8.000000,9.000000,9.000000,9.000000,9.000000,10.000000,11.000000,11.000000,11.000000,11.000000,11.000000,11.000000,11.000000,12.000000,12.000000,13.000000,13.000000,13.000000,13.000000,13.000000,13.000000,13.000000,14.000000,14.000000,14.000000,15.000000,16.000000,16.000000,17.000000,17.000000,17.000000,17.000000,17.000000,17.000000,17.000000,18.000000,19.000000,19.000000,19.000000,20.000000,20.000000,20.000000,21.000000,21.000000,21.000000,22.000000,22.000000,22.000000,22.000000,22.000000,23.000000,23.000000,24.000000,24.000000,25.000000,25.000000,25.000000,25.000000,25.000000,25.000000,25.000000,25.000000,25.000000,25.000000,25.000000,25.000000,25.000000,25.000000,25.000000,25.000000,25.000000,25.000000,25.000000,25.000000,25.000000,25.000000,25.000000,25.000000,25.000000,26.000000,27.000000,28.000000,28.000000,28.000000,29.000000,29.000000,30.000000,30.000000,30.000000,30.000000,30.000000,30.000000,30.000000,30.000000,30.000000,30.000000,31.000000,31.000000,32.000000,32.000000,32.000000,32.000000,33.000000,33.000000,34.000000,34.000000,35.000000,35.000000,35.000000,35.000000,35.000000,35.000000,35.000000,35.000000,35.000000,35.000000,35.000000,35.000000,35.000000,36.000000,36.000000,36.000000,36.000000,36.000000,36.000000,36.000000,36.000000,36.000000,36.000000,36.000000,36.000000,36.000000,36.000000,36.000000,36.000000,36.000000,36.000000,36.000000,36.000000,36.000000,36.000000,36.000000,36.000000,36.000000,36.000000,36.000000,36.000000,36.000000,36.000000,36.000000,36.000000,36.000000,36.000000,37.000000,38.000000,38.000000,38.000000,38.000000,38.000000,38.000000,39.000000,40.000000,41.000000,42.000000,42.000000,42.000000,42.000000,42.000000,43.000000,44.000000,44.000000,45.000000,46.000000,46.000000,46.000000,46.000000,46.000000,46.000000,47.000000,47.000000,47.000000,47.000000,47.000000,47.000000,47.000000,47.000000,48.000000,48.000000,48.000000,48.000000,48.000000,49.000000,49.000000,50.000000,50.000000,50.000000,50.000000,50.000000,51.000000,52.000000,52.000000,52.000000,52.000000,53.000000,53.000000,53.000000,54.000000,54.000000,54.000000,55.000000,56.000000,57.000000,58.000000,59.000000,60.000000,60.000000,60.000000,60.000000,60.000000,60.000000,60.000000,60.000000,60.000000,60.000000,60.000000,60.000000,60.000000,60.000000,60.000000,60.000000,60.000000,60.000000,60.000000,61.000000,62.000000,62.000000,62.000000,62.000000,62.000000,62.000000,62.000000,62.000000,62.000000,62.000000,62.000000,63.000000,64.000000,64.000000,64.000000,64.000000,64.000000,64.000000,65.000000,65.000000,66.000000,67.000000,68.000000,68.000000,68.000000,68.000000,68.000000,68.000000,68.000000,68.000000,68.000000,68.000000,68.000000,68.000000,68.000000,68.000000,68.000000,68.000000,68.000000,68.000000,68.000000,68.000000,68.000000,68.000000,68.000000,68.000000,68.000000,68.000000,68.000000,68.000000,68.000000,68.000000,68.000000,68.000000,68.000000,68.000000,68.000000,68.000000,68.000000,68.000000,68.000000,68.000000,68.000000,68.000000,68.000000,68.000000,68.000000,68.000000,68.000000,68.000000,68.000000,68.000000,68.000000,68.000000,68.000000,68.000000,68.000000,68.000000,68.000000,68.000000,68.000000,68.000000,68.000000,68.000000,68.000000,68.000000,68.000000,68.000000,68.000000,68.000000,68.000000,68.000000,68.000000,68.000000,68.000000,68.000000,68.000000,68.000000,68.000000,68.000000,68.000000,68.000000,68.000000,68.000000,68.000000,68.000000,68.000000,68.000000,68.000000,68.000000,68.000000,68.000000,68.000000,68.000000,68.000000,68.000000,68.000000,68.000000,68.000000,68.000000,68.000000,68.000000,68.000000,68.000000;;0;4048
3496;2c36;3127;0;0;0000000000000030;        10s 183ms 920μs 229ns;386;-1;             26ms 959μs 280ns;68.000000;5.676471;0.000000;inf;4;1;Unfinished;1.000000,1.000000,1.000000,1.000000,2.000000,2.000000,2.000000,2.000000,2.000000,2.000000,2.000000,2.000000,2.000000,2.000000,2.000000,3.000000,4.000000,5.000000,6.000000,6.000000,6.000000,6.000000,6.000000,6.000000,6.000000,7.000000,7.000000,8.000000,8.000000,9.000000,9.000000,9.000000,9.000000,10.000000,11.000000,11.000000,11.000000,11.000000,11.000000,11.000000,11.000000,12.000000,12.000000,13.000000,13.000000,13.000000,13.000000,13.000000,13.000000,13.000000,14.000000,14.000000,14.000000,15.000000,16.000000,16.000000,17.000000,17.000000,17.000000,17.000000,17.000000,17.000000,17.000000,18.000000,19.000000,19.000000,19.000000,20.000000,20.000000,20.000000,21.000000,21.000000,21.000000,22.000000,22.000000,22.000000,22.000000,22.000000,23.000000,23.000000,24.000000,24.000000,25.000000,25.000000,25.000000,25.000000,25.000000,25.000000,25.000000,25.000000,25.000000,25.000000,25.000000,25.000000,25.000000,25.000000,25.000000,25.000000,25.000000,25.000000,25.000000,25.000000,25.000000,25.000000,25.000000,25.000000,25.000000,26.000000,27.000000,28.000000,28.000000,28.000000,29.000000,29.000000,30.000000,30.000000,30.000000,30.000000,30.000000,30.000000,30.000000,30.000000,30.000000,30.000000,31.000000,31.000000,32.000000,32.000000,32.000000,32.000000,33.000000,33.000000,34.000000,34.000000,35.000000,35.000000,35.000000,35.000000,35.000000,35.000000,35.000000,35.000000,35.000000,35.000000,35.000000,35.000000,35.000000,36.000000,36.000000,36.000000,36.000000,36.000000,36.000000,36.000000,36.000000,36.000000,36.000000,36.000000,36.000000,36.000000,36.000000,36.000000,36.000000,36.000000,36.000000,36.000000,36.000000,36.000000,36.000000,36.000000,36.000000,36.000000,36.000000,36.000000,36.000000,36.000000,36.000000,36.000000,36.000000,36.000000,36.000000,37.000000,38.000000,38.000000,38.000000,38.000000,38.000000,38.000000,39.000000,40.000000,41.000000,42.000000,42.000000,42.000000,42.000000,42.000000,43.000000,44.000000,44.000000,45.000000,46.000000,46.000000,46.000000,46.000000,46.000000,46.000000,47.000000,47.000000,47.000000,47.000000,47.000000,47.000000,47.000000,47.000000,48.000000,48.000000,48.000000,48.000000,48.000000,49.000000,49.000000,50.000000,50.000000,50.000000,50.000000,50.000000,51.000000,52.000000,52.000000,52.000000,52.000000,53.000000,53.000000,53.000000,54.000000,54.000000,54.000000,55.000000,56.000000,57.000000,58.000000,59.000000,60.000000,60.000000,60.000000,60.000000,60.000000,60.000000,60.000000,60.000000,60.000000,60.000000,60.000000,60.000000,60.000000,60.000000,60.000000,60.000000,60.000000,60.000000,60.000000,61.000000,62.000000,62.000000,62.000000,62.000000,62.000000,62.000000,62.000000,62.000000,62.000000,62.000000,62.000000,63.000000,64.000000,64.000000,64.000000,64.000000,64.000000,64.000000,65.000000,65.000000,66.000000,67.000000,68.000000,68.000000,68.000000,68.000000,68.000000,68.000000,68.000000,68.000000,68.000000,68.000000,68.000000,68.000000,68.000000,68.000000,68.000000,68.000000,68.000000,68.000000,68.000000,68.000000,68.000000,68.000000,68.000000,68.000000,68.000000,68.000000,68.000000,68.000000,68.000000,68.000000,68.000000,68.000000,68.000000,68.000000,68.000000,68.000000,68.000000,68.000000,68.000000,68.000000,68.000000,68.000000,68.000000,68.000000,68.000000,68.000000,68.000000,68.000000,68.000000,68.000000,68.000000,68.000000,68.000000,68.000000,68.000000,68.000000,68.000000,68.000000,68.000000,68.000000,68.000000,68.000000,68.000000,68.000000,68.000000,68.000000,68.000000,68.000000,68.000000,68.000000,68.000000,68.000000,68.000000,68.000000,68.000000,68.000000,68.000000,68.000000,68.000000,68.000000,68.000000,68.000000,68.000000,68.000000,68.000000,68.000000,68.000000,68.000000,68.000000,68.000000,68.000000,68.000000,68.000000,68.000000,68.000000,68.000000,68.000000,68.000000,68.000000,68.000000,68.000000,68.000000;;0;44987
32a3;2afb;3127;0;0;0000000000000030;         9s 514ms 355μs 773ns;385;-1;             25ms 684μs 966ns;79.000000;4.873418;0.000000;inf;4;1;Unfinished;1.000000,1.000000,1.000000,1.000000,2.000000,2.000000,2.000000,2.000000,2.000000,2.000000,2.000000,2.000000,2.000000,2.000000,2.000000,3.000000,4.000000,5.000000,6.000000,6.000000,6.000000,6.000000,6.000000,6.000000,6.000000,7.000000,7.000000,8.000000,8.000000,9.000000,9.000000,9.000000,9.000000,10.000000,11.000000,11.000000,11.000000,11.000000,11.000000,11.000000,11.000000,12.000000,12.000000,13.000000,13.000000,13.000000,13.000000,13.000000,13.000000,13.000000,14.000000,14.000000,14.000000,15.000000,16.000000,16.000000,17.000000,17.000000,17.000000,17.000000,17.000000,17.000000,17.000000,18.000000,19.000000,19.000000,19.000000,20.000000,20.000000,20.000000,21.000000,21.000000,21.000000,22.000000,22.000000,22.000000,22.000000,22.000000,23.000000,23.000000,24.000000,24.000000,25.000000,25.000000,25.000000,25.000000,25.000000,25.000000,25.000000,25.000000,25.000000,25.000000,25.000000,25.000000,25.000000,25.000000,25.000000,25.000000,25.000000,25.000000,25.000000,25.000000,25.000000,25.000000,25.000000,25.000000,25.000000,26.000000,27.000000,28.000000,28.000000,28.000000,29.000000,29.000000,30.000000,30.000000,30.000000,30.000000,30.000000,30.000000,30.000000,30.000000,30.000000,30.000000,31.000000,31.000000,32.000000,32.000000,32.000000,32.000000,33.000000,33.000000,34.000000,34.000000,35.000000,35.000000,35.000000,35.000000,35.000000,35.000000,35.000000,35.000000,35.000000,35.000000,35.000000,35.000000,35.000000,36.000000,36.000000,36.000000,36.000000,36.000000,36.000000,36.000000,36.000000,36.000000,36.000000,36.000000,36.000000,36.000000,36.000000,36.000000,36.000000,36.000000,36.000000,36.000000,36.000000,36.000000,36.000000,36.000000,36.000000,36.000000,36.000000,36.000000,36.000000,36.000000,36.000000,36.000000,36.000000,36.000000,36.000000,37.000000,38.000000,38.000000,38.000000,38.000000,38.000000,38.000000,39.000000,40.000000,41.000000,42.000000,42.000000,42.000000,42.000000,42.000000,43.000000,44.000000,44.000000,45.000000,46.000000,46.000000,46.000000,46.000000,46.000000,46.000000,47.000000,47.000000,47.000000,47.000000,47.000000,47.000000,47.000000,47.000000,48.000000,48.000000,48.000000,48.000000,48.000000,49.000000,49.000000,50.000000,50.000000,50.000000,50.000000,50.000000,51.000000,52.000000,52.000000,53.000000,54.000000,55.000000,55.000000,56.000000,57.000000,57.000000,57.000000,57.000000,57.000000,57.000000,57.000000,57.000000,57.000000,57.000000,57.000000,57.000000,57.000000,57.000000,57.000000,57.000000,57.000000,57.000000,57.000000,57.000000,57.000000,57.000000,57.000000,57.000000,57.000000,57.000000,57.000000,57.000000,57.000000,58.000000,58.000000,58.000000,59.000000,60.000000,60.000000,60.000000,61.000000,61.000000,61.000000,61.000000,61.000000,61.000000,61.000000,61.000000,61.000000,62.000000,63.000000,64.000000,64.000000,64.000000,64.000000,64.000000,64.000000,64.000000,64.000000,64.000000,64.000000,65.000000,65.000000,66.000000,67.000000,68.000000,69.000000,69.000000,69.000000,69.000000,69.000000,70.000000,70.000000,70.000000,71.000000,71.000000,72.000000,72.000000,72.000000,73.000000,73.000000,73.000000,74.000000,74.000000,74.000000,75.000000,75.000000,76.000000,76.000000,76.000000,76.000000,76.000000,76.000000,76.000000,76.000000,76.000000,76.000000,76.000000,76.000000,76.000000,77.000000,77.000000,77.000000,77.000000,77.000000,77.000000,77.000000,77.000000,77.000000,77.000000,77.000000,78.000000,78.000000,78.000000,78.000000,78.000000,78.000000,78.000000,78.000000,78.000000,78.000000,78.000000,78.000000,78.000000,78.000000,78.000000,78.000000,78.000000,78.000000,78.000000,78.000000,78.000000,78.000000,78.000000,79.000000,79.000000,79.000000,79.000000,79.000000,79.000000,79.000000,79.000000,79.000000,79.000000,79.000000,79.000000,79.000000,79.000000,79.000000,79.000000,79.000000,79.000000,79.000000,79.000000,79.000000;;0;31224
31b0;2c36;3127;0;0;0000000000000030;         9s 251ms 419μs  28ns;384;-1;             23ms 811μs  51ns;68.000000;5.647059;0.000000;inf;4;1;Unfinished;1.000000,1.000000,1.000000,1.000000,2.000000,2.000000,2.000000,2.000000,2.000000,2.000000,2.000000,2.000000,2.000000,2.000000,2.000000,3.000000,4.000000,5.000000,6.000000,6.000000,6.000000,6.000000,6.000000,6.000000,6.000000,7.000000,7.000000,8.000000,8.000000,9.000000,9.000000,9.000000,9.000000,10.000000,11.000000,11.000000,11.000000,11.000000,11.000000,11.000000,11.000000,12.000000,12.000000,13.000000,13.000000,13.000000,13.000000,13.000000,13.000000,13.000000,14.000000,14.000000,14.000000,15.000000,16.000000,16.000000,17.000000,17.000000,17.000000,17.000000,17.000000,17.000000,17.000000,18.000000,19.000000,19.000000,19.000000,20.000000,20.000000,20.000000,21.000000,21.000000,21.000000,22.000000,22.000000,22.000000,22.000000,22.000000,23.000000,23.000000,24.000000,24.000000,25.000000,25.000000,25.000000,25.000000,25.000000,25.000000,25.000000,25.000000,25.000000,25.000000,25.000000,25.000000,25.000000,25.000000,25.000000,25.000000,25.000000,25.000000,25.000000,25.000000,25.000000,25.000000,25.000000,25.000000,25.000000,26.000000,27.000000,28.000000,28.000000,28.000000,29.000000,29.000000,30.000000,30.000000,30.000000,30.000000,30.000000,30.000000,30.000000,30.000000,30.000000,30.000000,31.000000,31.000000,32.000000,32.000000,32.000000,32.000000,33.000000,33.000000,34.000000,34.000000,35.000000,35.000000,35.000000,35.000000,35.000000,35.000000,35.000000,35.000000,35.000000,35.000000,35.000000,35.000000,35.000000,36.000000,36.000000,36.000000,36.000000,36.000000,36.000000,36.000000,36.000000,36.000000,36.000000,36.000000,36.000000,36.000000,36.000000,36.000000,36.000000,36.000000,36.000000,36.000000,36.000000,36.000000,36.000000,36.000000,36.000000,36.000000,36.000000,36.000000,36.000000,36.000000,36.000000,36.000000,36.000000,36.000000,36.000000,37.000000,38.000000,38.000000,38.000000,38.000000,38.000000,38.000000,39.000000,40.000000,41.000000,42.000000,42.000000,42.000000,42.000000,42.000000,43.000000,44.000000,44.000000,45.000000,46.000000,46.000000,46.000000,46.000000,46.000000,46.000000,47.000000,47.000000,47.000000,47.000000,47.000000,47.000000,47.000000,47.000000,48.000000,48.000000,48.000000,48.000000,48.000000,49.000000,49.000000,50.000000,50.000000,50.000000,50.000000,50.000000,51.000000,52.000000,52.000000,52.000000,52.000000,53.000000,53.000000,53.000000,54.000000,54.000000,54.000000,55.000000,56.000000,57.000000,58.000000,59.000000,60.000000,60.000000,60.000000,60.000000,60.000000,60.000000,60.000000,60.000000,60.000000,60.000000,60.000000,60.000000,60.000000,60.000000,60.000000,60.000000,60.000000,60.000000,60.000000,61.000000,62.000000,62.000000,62.000000,62.000000,62.000000,62.000000,62.000000,62.000000,62.000000,62.000000,62.000000,63.000000,64.000000,64.000000,64.000000,64.000000,64.000000,64.000000,65.000000,65.000000,66.000000,67.000000,68.000000,68.000000,68.000000,68.000000,68.000000,68.000000,68.000000,68.000000,68.000000,68.000000,68.000000,68.000000,68.000000,68.000000,68.000000,68.000000,68.000000,68.000000,68.000000,68.000000,68.000000,68.000000,68.000000,68.000000,68.000000,68.000000,68.000000,68.000000,68.000000,68.000000,68.000000,68.000000,68.000000,68.000000,68.000000,68.000000,68.000000,68.000000,68.000000,68.000000,68.000000,68.000000,68.000000,68.000000,68.000000,68.000000,68.000000,68.000000,68.000000,68.000000,68.000000,68.000000,68.000000,68.000000,68.000000,68.000000,68.000000,68.000000,68.000000,68.000000,68.000000,68.000000,68.000000,68.000000,68.000000,68.000000,68.000000,68.000000,68.000000,68.000000,68.000000,68.000000,68.000000,68.000000,68.000000,68.000000,68.000000,68.000000,68.000000,68.000000,68.000000,68.000000,68.000000,68.000000,68.000000,68.000000,68.000000,68.000000,68.000000,68.000000,68.000000,68.000000,68.000000,68.000000,68.000000,68.000000,68.000000,68.000000,68.000000,68.000000;;0;3847
2ec8c;2afb;3127;0;0;0000000000000030;     1m  4s 148ms 198μs  28ns;383;-1;             25ms 540μs 323ns;76.000000;5.039474;0.000000;inf;4;1;Unfinished;1.000000,1.000000,1.000000,1.000000,2.000000,2.000000,2.000000,2.000000,2.000000,2.000000,2.000000,2.000000,2.000000,2.000000,2.000000,3.000000,4.000000,5.000000,6.000000,6.000000,6.000000,6.000000,6.000000,6.000000,6.000000,7.000000,7.000000,8.000000,8.000000,9.000000,9.000000,9.000000,9.000000,10.000000,11.000000,11.000000,11.000000,11.000000,11.000000,11.000000,11.000000,12.000000,12.000000,13.000000,13.000000,13.000000,13.000000,13.000000,13.000000,13.000000,14.000000,14.000000,14.000000,15.000000,16.000000,16.000000,17.000000,17.000000,17.000000,17.000000,17.000000,17.000000,17.000000,18.000000,19.000000,19.000000,19.000000,20.000000,20.000000,20.000000,21.000000,21.000000,21.000000,22.000000,22.000000,22.000000,22.000000,22.000000,23.000000,23.000000,24.000000,24.000000,25.000000,25.000000,25.000000,25.000000,25.000000,25.000000,25.000000,25.000000,25.000000,25.000000,25.000000,25.000000,25.000000,25.000000,25.000000,25.000000,25.000000,25.000000,25.000000,25.000000,25.000000,25.000000,25.000000,25.000000,25.000000,26.000000,27.000000,28.000000,28.000000,28.000000,29.000000,29.000000,30.000000,30.000000,30.000000,30.000000,30.000000,30.000000,30.000000,30.000000,30.000000,30.000000,31.000000,31.000000,32.000000,32.000000,32.000000,32.000000,33.000000,33.000000,34.000000,34.000000,35.000000,35.000000,35.000000,35.000000,35.000000,35.000000,35.000000,35.000000,35.000000,35.000000,35.000000,35.000000,35.000000,36.000000,36.000000,36.000000,36.000000,36.000000,36.000000,36.000000,36.000000,36.000000,36.000000,36.000000,36.000000,36.000000,36.000000,36.000000,36.000000,36.000000,36.000000,36.000000,36.000000,36.000000,36.000000,36.000000,36.000000,36.000000,36.000000,36.000000,36.000000,36.000000,36.000000,36.000000,36.000000,36.000000,36.000000,37.000000,38.000000,38.000000,38.000000,38.000000,38.000000,38.000000,39.000000,40.000000,41.000000,42.000000,42.000000,42.000000,42.000000,42.000000,43.000000,44.000000,44.000000,45.000000,46.000000,46.000000,46.000000,46.000000,46.000000,46.000000,47.000000,47.000000,47.000000,47.000000,47.000000,47.000000,47.000000,47.000000,48.000000,48.000000,48.000000,48.000000,48.000000,49.000000,49.000000,50.000000,50.000000,50.000000,50.000000,50.000000,51.000000,52.000000,52.000000,53.000000,54.000000,55.000000,55.000000,56.000000,57.000000,57.000000,57.000000,57.000000,57.000000,57.000000,57.000000,57.000000,57.000000,57.000000,57.000000,57.000000,57.000000,57.000000,57.000000,57.000000,57.000000,57.000000,57.000000,57.000000,57.000000,57.000000,57.000000,57.000000,57.000000,57.000000,57.000000,57.000000,57.000000,58.000000,58.000000,58.000000,59.000000,60.000000,60.000000,60.000000,61.000000,61.000000,61.000000,61.000000,61.000000,61.000000,61.000000,61.000000,61.000000,62.000000,63.000000,64.000000,64.000000,64.000000,64.000000,64.000000,64.000000,64.000000,64.000000,64.000000,64.000000,65.000000,65.000000,66.000000,67.000000,68.000000,69.000000,69.000000,69.000000,69.000000,69.000000,70.000000,70.000000,70.000000,71.000000,71.000000,72.000000,72.000000,72.000000,73.000000,73.000000,73.000000,74.000000,74.000000,74.000000,75.000000,75.000000,76.000000,76.000000,76.000000,76.000000,76.000000,76.000000,76.000000,76.000000,76.000000,76.000000,76.000000,76.000000,76.000000,76.000000,76.000000,76.000000,76.000000,76.000000,76.000000,76.000000,76.000000,76.000000,76.000000,76.000000,76.000000,76.000000,76.000000,76.000000,76.000000,76.000000,76.000000,76.000000,76.000000,76.000000,76.000000,76.000000,76.000000,76.000000,76.000000,76.000000,76.000000,76.000000,76.000000,76.000000,76.000000,76.000000,76.000000,76.000000,76.000000,76.000000,76.000000,76.000000,76.000000,76.000000,76.000000,76.000000,76.000000,76.000000,76.000000,76.000000,76.000000,76.000000,76.000000,76.000000,76.000000,76.000000;;0;52041
31e0;2c36;3127;0;0;0000000000000030;         9s 274ms 639μs 974ns;383;-1;             25ms  28μs 454ns;69.000000;5.550725;0.000000;inf;4;1;Unfinished;1.000000,1.000000,1.000000,1.000000,2.000000,2.000000,2.000000,2.000000,2.000000,2.000000,2.000000,2.000000,2.000000,2.000000,2.000000,3.000000,4.000000,5.000000,6.000000,6.000000,6.000000,6.000000,6.000000,6.000000,6.000000,7.000000,7.000000,8.000000,8.000000,9.000000,9.000000,9.000000,9.000000,10.000000,11.000000,11.000000,11.000000,11.000000,11.000000,11.000000,11.000000,12.000000,12.000000,13.000000,13.000000,13.000000,13.000000,13.000000,13.000000,13.000000,14.000000,14.000000,14.000000,15.000000,16.000000,16.000000,17.000000,17.000000,17.000000,17.000000,17.000000,17.000000,17.000000,18.000000,19.000000,19.000000,19.000000,20.000000,20.000000,20.000000,21.000000,21.000000,21.000000,22.000000,22.000000,22.000000,22.000000,22.000000,23.000000,23.000000,24.000000,24.000000,25.000000,25.000000,25.000000,25.000000,25.000000,25.000000,25.000000,25.000000,25.000000,25.000000,25.000000,25.000000,25.000000,25.000000,25.000000,25.000000,25.000000,25.000000,25.000000,25.000000,25.000000,25.000000,25.000000,25.000000,25.000000,26.000000,27.000000,28.000000,28.000000,28.000000,29.000000,29.000000,30.000000,30.000000,30.000000,30.000000,30.000000,30.000000,30.000000,30.000000,30.000000,30.000000,31.000000,31.000000,32.000000,32.000000,32.000000,32.000000,33.000000,33.000000,34.000000,34.000000,35.000000,35.000000,35.000000,35.000000,35.000000,35.000000,35.000000,35.000000,35.000000,35.000000,35.000000,35.000000,35.000000,36.000000,36.000000,36.000000,36.000000,36.000000,36.000000,36.000000,36.000000,36.000000,36.000000,36.000000,36.000000,36.000000,36.000000,36.000000,36.000000,36.000000,36.000000,36.000000,36.000000,36.000000,36.000000,36.000000,36.000000,36.000000,36.000000,36.000000,36.000000,36.000000,36.000000,36.000000,36.000000,36.000000,36.000000,37.000000,38.000000,38.000000,38.000000,38.000000,38.000000,38.000000,39.000000,40.000000,41.000000,42.000000,42.000000,42.000000,42.000000,42.000000,43.000000,44.000000,44.000000,45.000000,46.000000,46.000000,46.000000,46.000000,46.000000,46.000000,47.000000,47.000000,47.000000,47.000000,47.000000,47.000000,47.000000,47.000000,48.000000,48.000000,48.000000,48.000000,48.000000,49.000000,49.000000,50.000000,50.000000,50.000000,50.000000,50.000000,51.000000,52.000000,52.000000,52.000000,52.000000,53.000000,53.000000,53.000000,54.000000,54.000000,54.000000,55.000000,56.000000,57.000000,58.000000,59.000000,60.000000,60.000000,60.000000,60.000000,60.000000,60.000000,60.000000,60.000000,60.000000,60.000000,60.000000,60.000000,60.000000,60.000000,60.000000,60.000000,60.000000,60.000000,60.000000,61.000000,62.000000,62.000000,62.000000,62.000000,62.000000,62.000000,62.000000,62.000000,62.000000,62.000000,62.000000,63.000000,64.000000,64.000000,64.000000,64.000000,64.000000,64.000000,65.000000,65.000000,66.000000,67.000000,68.000000,68.000000,68.000000,68.000000,68.000000,68.000000,68.000000,68.000000,68.000000,68.000000,68.000000,68.000000,68.000000,68.000000,68.000000,68.000000,68.000000,68.000000,68.000000,68.000000,68.000000,68.000000,68.000000,68.000000,68.000000,68.000000,68.000000,68.000000,68.000000,68.000000,68.000000,68.000000,68.000000,68.000000,68.000000,68.000000,68.000000,68.000000,68.000000,68.000000,68.000000,68.000000,68.000000,68.000000,68.000000,68.000000,68.000000,68.000000,68.000000,68.000000,68.000000,68.000000,68.000000,68.000000,68.000000,68.000000,68.000000,68.000000,68.000000,68.000000,68.000000,68.000000,68.000000,68.000000,68.000000,68.000000,68.000000,68.000000,68.000000,68.000000,68.000000,68.000000,68.000000,68.000000,68.000000,68.000000,68.000000,68.000000,68.000000,68.000000,68.000000,68.000000,68.000000,68.000000,68.000000,68.000000,68.000000,68.000000,68.000000,68.000000,68.000000,68.000000,68.000000,68.000000,68.000000,68.000000,68.000000,68.000000,68.000000,69.000000;;0;3869
2eca5;2c36;3127;0;0;0000000000000030;     1m  4s 175ms 851μs 782ns;383;-1;             23ms 776μs 272ns;68.000000;5.632353;0.000000;inf;4;1;Unfinished;1.000000,1.000000,1.000000,1.000000,2.000000,2.000000,2.000000,2.000000,2.000000,2.000000,2.000000,2.000000,2.000000,2.000000,2.000000,3.000000,4.000000,5.000000,6.000000,6.000000,6.000000,6.000000,6.000000,6.000000,6.000000,7.000000,7.000000,8.000000,8.000000,9.000000,9.000000,9.000000,9.000000,10.000000,11.000000,11.000000,11.000000,11.000000,11.000000,11.000000,11.000000,12.000000,12.000000,13.000000,13.000000,13.000000,13.000000,13.000000,13.000000,13.000000,14.000000,14.000000,14.000000,15.000000,16.000000,16.000000,17.000000,17.000000,17.000000,17.000000,17.000000,17.000000,17.000000,18.000000,19.000000,19.000000,19.000000,20.000000,20.000000,20.000000,21.000000,21.000000,21.000000,22.000000,22.000000,22.000000,22.000000,22.000000,23.000000,23.000000,24.000000,24.000000,25.000000,25.000000,25.000000,25.000000,25.000000,25.000000,25.000000,25.000000,25.000000,25.000000,25.000000,25.000000,25.000000,25.000000,25.000000,25.000000,25.000000,25.000000,25.000000,25.000000,25.000000,25.000000,25.000000,25.000000,25.000000,26.000000,27.000000,28.000000,28.000000,28.000000,29.000000,29.000000,30.000000,30.000000,30.000000,30.000000,30.000000,30.000000,30.000000,30.000000,30.000000,30.000000,31.000000,31.000000,32.000000,32.000000,32.000000,32.000000,33.000000,33.000000,34.000000,34.000000,35.000000,35.000000,35.000000,35.000000,35.000000,35.000000,35.000000,35.000000,35.000000,35.000000,35.000000,35.000000,35.000000,36.000000,36.000000,36.000000,36.000000,36.000000,36.000000,36.000000,36.000000,36.000000,36.000000,36.000000,36.000000,36.000000,36.000000,36.000000,36.000000,36.000000,36.000000,36.000000,36.000000,36.000000,36.000000,36.000000,36.000000,36.000000,36.000000,36.000000,36.000000,36.000000,36.000000,36.000000,36.000000,36.000000,36.000000,37.000000,38.000000,38.000000,38.000000,38.000000,38.000000,38.000000,39.000000,40.000000,41.000000,42.000000,42.000000,42.000000,42.000000,42.000000,43.000000,44.000000,44.000000,45.000000,46.000000,46.000000,46.000000,46.000000,46.000000,46.000000,47.000000,47.000000,47.000000,47.000000,47.000000,47.000000,47.000000,47.000000,48.000000,48.000000,48.000000,48.000000,48.000000,49.000000,49.000000,50.000000,50.000000,50.000000,50.000000,50.000000,51.000000,52.000000,52.000000,52.000000,52.000000,53.000000,53.000000,53.000000,54.000000,54.000000,54.000000,55.000000,56.000000,57.000000,58.000000,59.000000,60.000000,60.000000,60.000000,60.000000,60.000000,60.000000,60.000000,60.000000,60.000000,60.000000,60.000000,60.000000,60.000000,60.000000,60.000000,60.000000,60.000000,60.000000,60.000000,61.000000,62.000000,62.000000,62.000000,62.000000,62.000000,62.000000,62.000000,62.000000,62.000000,62.000000,62.000000,63.000000,64.000000,64.000000,64.000000,64.000000,64.000000,64.000000,65.000000,65.000000,66.000000,67.000000,68.000000,68.000000,68.000000,68.000000,68.000000,68.000000,68.000000,68.000000,68.000000,68.000000,68.000000,68.000000,68.000000,68.000000,68.000000,68.000000,68.000000,68.000000,68.000000,68.000000,68.000000,68.000000,68.000000,68.000000,68.000000,68.000000,68.000000,68.000000,68.000000,68.000000,68.000000,68.000000,68.000000,68.000000,68.000000,68.000000,68.000000,68.000000,68.000000,68.000000,68.000000,68.000000,68.000000,68.000000,68.000000,68.000000,68.000000,68.000000,68.000000,68.000000,68.000000,68.000000,68.000000,68.000000,68.000000,68.000000,68.000000,68.000000,68.000000,68.000000,68.000000,68.000000,68.000000,68.000000,68.000000,68.000000,68.000000,68.000000,68.000000,68.000000,68.000000,68.000000,68.000000,68.000000,68.000000,68.000000,68.000000,68.000000,68.000000,68.000000,68.000000,68.000000,68.000000,68.000000,68.000000,68.000000,68.000000,68.000000,68.000000,68.000000,68.000000,68.000000,68.000000,68.000000,68.000000,68.000000,68.000000,68.000000,68.000000;;0;52058
3fd63;2c36;3127;0;0;0000000000000030;     1m 23s 643ms 329μs 437ns;382;-1;             27ms 823μs 213ns;68.000000;5.617647;0.000000;inf;4;1;Unfinished;1.000000,1.000000,1.000000,1.000000,2.000000,2.000000,2.000000,2.000000,2.000000,2.000000,2.000000,2.000000,2.000000,2.000000,2.000000,3.000000,4.000000,5.000000,6.000000,6.000000,6.000000,6.000000,6.000000,6.000000,6.000000,7.000000,7.000000,8.000000,8.000000,9.000000,9.000000,9.000000,9.000000,10.000000,11.000000,11.000000,11.000000,11.000000,11.000000,11.000000,11.000000,12.000000,12.000000,13.000000,13.000000,13.000000,13.000000,13.000000,13.000000,13.000000,14.000000,14.000000,14.000000,15.000000,16.000000,16.000000,17.000000,17.000000,17.000000,17.000000,17.000000,17.000000,17.000000,18.000000,19.000000,19.000000,19.000000,20.000000,20.000000,20.000000,21.000000,21.000000,21.000000,22.000000,22.000000,22.000000,22.000000,22.000000,23.000000,23.000000,24.000000,24.000000,25.000000,25.000000,25.000000,25.000000,25.000000,25.000000,25.000000,25.000000,25.000000,25.000000,25.000000,25.000000,25.000000,25.000000,25.000000,25.000000,25.000000,25.000000,25.000000,25.000000,25.000000,25.000000,25.000000,25.000000,25.000000,26.000000,27.000000,28.000000,28.000000,28.000000,29.000000,29.000000,30.000000,30.000000,30.000000,30.000000,30.000000,30.000000,30.000000,30.000000,30.000000,30.000000,31.000000,31.000000,32.000000,32.000000,32.000000,32.000000,33.000000,33.000000,34.000000,34.000000,35.000000,35.000000,35.000000,35.000000,35.000000,35.000000,35.000000,35.000000,35.000000,35.000000,35.000000,35.000000,35.000000,36.000000,36.000000,36.000000,36.000000,36.000000,36.000000,36.000000,36.000000,36.000000,36.000000,36.000000,36.000000,36.000000,36.000000,36.000000,36.000000,36.000000,36.000000,36.000000,36.000000,36.000000,36.000000,36.000000,36.000000,36.000000,36.000000,36.000000,36.000000,36.000000,36.000000,36.000000,36.000000,36.000000,36.000000,37.000000,38.000000,38.000000,38.000000,38.000000,38.000000,38.000000,39.000000,40.000000,41.000000,42.000000,42.000000,42.000000,42.000000,42.000000,43.000000,44.000000,44.000000,45.000000,46.000000,46.000000,46.000000,46.000000,46.000000,46.000000,47.000000,47.000000,47.000000,47.000000,47.000000,47.000000,47.000000,47.000000,48.000000,48.000000,48.000000,48.000000,48.000000,49.000000,49.000000,50.000000,50.000000,50.000000,50.000000,50.000000,51.000000,52.000000,52.000000,52.000000,52.000000,53.000000,53.000000,53.000000,54.000000,54.000000,54.000000,55.000000,56.000000,57.000000,58.000000,59.000000,60.000000,60.000000,60.000000,60.000000,60.000000,60.000000,60.000000,60.000000,60.000000,60.000000,60.000000,60.000000,60.000000,60.000000,60.000000,60.000000,60.000000,60.000000,60.000000,61.000000,62.000000,62.000000,62.000000,62.000000,62.000000,62.000000,62.000000,62.000000,62.000000,62.000000,62.000000,63.000000,64.000000,64.000000,64.000000,64.000000,64.000000,64.000000,65.000000,65.000000,66.000000,67.000000,68.000000,68.000000,68.000000,68.000000,68.000000,68.000000,68.000000,68.000000,68.000000,68.000000,68.000000,68.000000,68.000000,68.000000,68.000000,68.000000,68.000000,68.000000,68.000000,68.000000,68.000000,68.000000,68.000000,68.000000,68.000000,68.000000,68.000000,68.000000,68.000000,68.000000,68.000000,68.000000,68.000000,68.000000,68.000000,68.000000,68.000000,68.000000,68.000000,68.000000,68.000000,68.000000,68.000000,68.000000,68.000000,68.000000,68.000000,68.000000,68.000000,68.000000,68.000000,68.000000,68.000000,68.000000,68.000000,68.000000,68.000000,68.000000,68.000000,68.000000,68.000000,68.000000,68.000000,68.000000,68.000000,68.000000,68.000000,68.000000,68.000000,68.000000,68.000000,68.000000,68.000000,68.000000,68.000000,68.000000,68.000000,68.000000,68.000000,68.000000,68.000000,68.000000,68.000000,68.000000,68.000000,68.000000,68.000000,68.000000,68.000000,68.000000,68.000000,68.000000,68.000000,68.000000,68.000000,68.000000,68.000000,68.000000;;0;64710
42649;2afb;3127;0;0;0000000000000038;     1m 26s 292ms 649μs 312ns;380;-1;             25ms 489μs 453ns;80.000000;4.750000;0.000000;inf;4;1;Unfinished;1.000000,1.000000,1.000000,1.000000,2.000000,2.000000,2.000000,2.000000,2.000000,2.000000,2.000000,2.000000,2.000000,2.000000,2.000000,3.000000,4.000000,5.000000,6.000000,6.000000,6.000000,6.000000,6.000000,6.000000,6.000000,7.000000,7.000000,8.000000,8.000000,9.000000,9.000000,9.000000,9.000000,10.000000,11.000000,11.000000,11.000000,11.000000,11.000000,11.000000,11.000000,12.000000,12.000000,13.000000,13.000000,13.000000,13.000000,13.000000,13.000000,13.000000,14.000000,14.000000,14.000000,15.000000,16.000000,16.000000,17.000000,17.000000,17.000000,17.000000,17.000000,17.000000,17.000000,18.000000,19.000000,19.000000,19.000000,20.000000,20.000000,20.000000,21.000000,21.000000,21.000000,22.000000,22.000000,22.000000,22.000000,22.000000,23.000000,23.000000,24.000000,24.000000,25.000000,25.000000,25.000000,25.000000,25.000000,25.000000,25.000000,25.000000,25.000000,25.000000,25.000000,25.000000,25.000000,25.000000,25.000000,25.000000,25.000000,25.000000,25.000000,25.000000,25.000000,25.000000,25.000000,25.000000,25.000000,26.000000,27.000000,28.000000,28.000000,28.000000,29.000000,29.000000,30.000000,30.000000,30.000000,30.000000,30.000000,30.000000,30.000000,30.000000,30.000000,30.000000,31.000000,31.000000,32.000000,32.000000,32.000000,32.000000,33.000000,33.000000,34.000000,34.000000,35.000000,35.000000,35.000000,35.000000,35.000000,35.000000,35.000000,35.000000,35.000000,35.000000,35.000000,35.000000,35.000000,36.000000,36.000000,36.000000,36.000000,36.000000,36.000000,36.000000,36.000000,36.000000,36.000000,36.000000,36.000000,36.000000,36.000000,36.000000,36.000000,36.000000,36.000000,36.000000,36.000000,36.000000,36.000000,36.000000,36.000000,36.000000,36.000000,36.000000,36.000000,36.000000,36.000000,36.000000,36.000000,36.000000,36.000000,37.000000,38.000000,38.000000,38.000000,38.000000,38.000000,38.000000,39.000000,40.000000,41.000000,42.000000,42.000000,42.000000,42.000000,42.000000,43.000000,44.000000,44.000000,45.000000,46.000000,46.000000,46.000000,46.000000,46.000000,46.000000,47.000000,47.000000,47.000000,47.000000,47.000000,47.000000,47.000000,47.000000,48.000000,48.000000,48.000000,48.000000,48.000000,49.000000,49.000000,50.000000,50.000000,50.000000,50.000000,50.000000,51.000000,52.000000,52.000000,53.000000,54.000000,55.000000,55.000000,56.000000,57.000000,57.000000,57.000000,57.000000,57.000000,57.000000,57.000000,57.000000,57.000000,57.000000,57.000000,57.000000,57.000000,57.000000,57.000000,57.000000,57.000000,57.000000,57.000000,57.000000,57.000000,57.000000,57.000000,57.000000,57.000000,57.000000,57.000000,57.000000,57.000000,58.000000,58.000000,58.000000,59.000000,60.000000,60.000000,60.000000,61.000000,61.000000,61.000000,61.000000,61.000000,61.000000,61.000000,61.000000,61.000000,62.000000,63.000000,64.000000,64.000000,64.000000,64.000000,64.000000,64.000000,64.000000,64.000000,64.000000,64.000000,65.000000,65.000000,66.000000,67.000000,68.000000,69.000000,69.000000,69.000000,69.000000,69.000000,70.000000,70.000000,70.000000,71.000000,71.000000,72.000000,72.000000,72.000000,73.000000,73.000000,73.000000,74.000000,74.000000,74.000000,75.000000,76.000000,76.000000,76.000000,77.000000,77.000000,77.000000,77.000000,78.000000,78.000000,78.000000,78.000000,78.000000,78.000000,78.000000,78.000000,78.000000,78.000000,78.000000,78.000000,78.000000,78.000000,78.000000,78.000000,78.000000,78.000000,78.000000,78.000000,78.000000,78.000000,78.000000,78.000000,78.000000,78.000000,78.000000,78.000000,78.000000,78.000000,78.000000,78.000000,78.000000,78.000000,78.000000,78.000000,78.000000,78.000000,78.000000,78.000000,78.000000,78.000000,78.000000,78.000000,78.000000,78.000000,78.000000,78.000000,78.000000,78.000000,78.000000,78.000000,79.000000,80.000000,80.000000,80.000000,80.000000;;0;76078
3151;2c36;3127;0;0;0000000000000030;         9s 222ms  17μs 378ns;380;-1;             25ms 866μs 155ns;68.000000;5.588235;0.000000;inf;4;1;Unfinished;1.000000,1.000000,1.000000,1.000000,2.000000,2.000000,2.000000,2.000000,2.000000,2.000000,2.000000,2.000000,2.000000,2.000000,2.000000,3.000000,4.000000,5.000000,6.000000,6.000000,6.000000,6.000000,6.000000,6.000000,6.000000,7.000000,7.000000,8.000000,8.000000,9.000000,9.000000,9.000000,9.000000,10.000000,11.000000,11.000000,11.000000,11.000000,11.000000,11.000000,11.000000,12.000000,12.000000,13.000000,13.000000,13.000000,13.000000,13.000000,13.000000,13.000000,14.000000,14.000000,14.000000,15.000000,16.000000,16.000000,17.000000,17.000000,17.000000,17.000000,17.000000,17.000000,17.000000,18.000000,19.000000,19.000000,19.000000,20.000000,20.000000,20.000000,21.000000,21.000000,21.000000,22.000000,22.000000,22.000000,22.000000,22.000000,23.000000,23.000000,24.000000,24.000000,25.000000,25.000000,25.000000,25.000000,25.000000,25.000000,25.000000,25.000000,25.000000,25.000000,25.000000,25.000000,25.000000,25.000000,25.000000,25.000000,25.000000,25.000000,25.000000,25.000000,25.000000,25.000000,25.000000,25.000000,25.000000,26.000000,27.000000,28.000000,28.000000,28.000000,29.000000,29.000000,30.000000,30.000000,30.000000,30.000000,30.000000,30.000000,30.000000,30.000000,30.000000,30.000000,31.000000,31.000000,32.000000,32.000000,32.000000,32.000000,33.000000,33.000000,34.000000,34.000000,35.000000,35.000000,35.000000,35.000000,35.000000,35.000000,35.000000,35.000000,35.000000,35.000000,35.000000,35.000000,35.000000,36.000000,36.000000,36.000000,36.000000,36.000000,36.000000,36.000000,36.000000,36.000000,36.000000,36.000000,36.000000,36.000000,36.000000,36.000000,36.000000,36.000000,36.000000,36.000000,36.000000,36.000000,36.000000,36.000000,36.000000,36.000000,36.000000,36.000000,36.000000,36.000000,36.000000,36.000000,36.000000,36.000000,36.000000,37.000000,38.000000,38.000000,38.000000,38.000000,38.000000,38.000000,39.000000,40.000000,41.000000,42.000000,42.000000,42.000000,42.000000,42.000000,43.000000,44.000000,44.000000,45.000000,46.000000,46.000000,46.000000,46.000000,46.000000,46.000000,47.000000,47.000000,47.000000,47.000000,47.000000,47.000000,47.000000,47.000000,48.000000,48.000000,48.000000,48.000000,48.000000,49.000000,49.000000,50.000000,50.000000,50.000000,50.000000,50.000000,51.000000,52.000000,52.000000,52.000000,52.000000,53.000000,53.000000,53.000000,54.000000,54.000000,54.000000,55.000000,56.000000,57.000000,58.000000,59.000000,60.000000,60.000000,60.000000,60.000000,60.000000,60.000000,60.000000,60.000000,60.000000,60.000000,60.000000,60.000000,60.000000,60.000000,60.000000,60.000000,60.000000,60.000000,60.000000,61.000000,62.000000,62.000000,62.000000,62.000000,62.000000,62.000000,62.000000,62.000000,62.000000,62.000000,62.000000,63.000000,64.000000,64.000000,64.000000,64.000000,64.000000,64.000000,65.000000,65.000000,66.000000,67.000000,68.000000,68.000000,68.000000,68.000000,68.000000,68.000000,68.000000,68.000000,68.000000,68.000000,68.000000,68.000000,68.000000,68.000000,68.000000,68.000000,68.000000,68.000000,68.000000,68.000000,68.000000,68.000000,68.000000,68.000000,68.000000,68.000000,68.000000,68.000000,68.000000,68.000000,68.000000,68.000000,68.000000,68.000000,68.000000,68.000000,68.000000,68.000000,68.000000,68.000000,68.000000,68.000000,68.000000,68.000000,68.000000,68.000000,68.000000,68.000000,68.000000,68.000000,68.000000,68.000000,68.000000,68.000000,68.000000,68.000000,68.000000,68.000000,68.000000,68.000000,68.000000,68.000000,68.000000,68.000000,68.000000,68.000000,68.000000,68.000000,68.000000,68.000000,68.000000,68.000000,68.000000,68.000000,68.000000,68.000000,68.000000,68.000000,68.000000,68.000000,68.000000,68.000000,68.000000,68.000000,68.000000,68.000000,68.000000,68.000000,68.000000,68.000000,68.000000,68.000000,68.000000,68.000000,68.000000,68.000000;;0;3811
3136;285c;3127;0;0;0000000000000030;         9s 220ms 939μs 732ns;379;-1;             18ms 475μs 964ns;73.000000;5.191781;0.000000;inf;4;1;Unfinished;1.000000,1.000000,1.000000,1.000000,2.000000,2.000000,2.000000,2.000000,2.000000,2.000000,2.000000,2.000000,2.000000,2.000000,2.000000,3.000000,4.000000,5.000000,6.000000,6.000000,6.000000,6.000000,6.000000,6.000000,6.000000,7.000000,7.000000,8.000000,8.000000,9.000000,9.000000,9.000000,9.000000,10.000000,11.000000,11.000000,11.000000,11.000000,11.000000,11.000000,11.000000,12.000000,12.000000,13.000000,13.000000,13.000000,13.000000,13.000000,13.000000,13.000000,14.000000,14.000000,14.000000,15.000000,16.000000,16.000000,17.000000,17.000000,17.000000,17.000000,17.000000,17.000000,17.000000,18.000000,19.000000,20.000000,20.000000,20.000000,20.000000,20.000000,20.000000,20.000000,20.000000,21.000000,22.000000,22.000000,22.000000,23.000000,23.000000,24.000000,25.000000,25.000000,25.000000,25.000000,25.000000,25.000000,25.000000,25.000000,26.000000,26.000000,26.000000,26.000000,26.000000,26.000000,26.000000,26.000000,26.000000,26.000000,26.000000,26.000000,26.000000,27.000000,27.000000,27.000000,27.000000,27.000000,27.000000,27.000000,27.000000,27.000000,27.000000,27.000000,27.000000,27.000000,27.000000,27.000000,27.000000,27.000000,27.000000,27.000000,28.000000,28.000000,28.000000,29.000000,29.000000,30.000000,30.000000,31.000000,31.000000,32.000000,32.000000,32.000000,32.000000,32.000000,32.000000,32.000000,33.000000,33.000000,34.000000,34.000000,35.000000,36.000000,37.000000,37.000000,37.000000,37.000000,37.000000,37.000000,37.000000,38.000000,39.000000,39.000000,40.000000,40.000000,40.000000,41.000000,41.000000,41.000000,41.000000,41.000000,41.000000,42.000000,43.000000,43.000000,43.000000,43.000000,43.000000,43.000000,43.000000,43.000000,44.000000,44.000000,44.000000,45.000000,46.000000,46.000000,46.000000,46.000000,46.000000,46.000000,46.000000,46.000000,46.000000,46.000000,46.000000,47.000000,47.000000,47.000000,47.000000,47.000000,48.000000,49.000000,49.000000,49.000000,49.000000,50.000000,50.000000,50.000000,50.000000,50.000000,50.000000,50.000000,50.000000,50.000000,51.000000,51.000000,51.000000,51.000000,51.000000,51.000000,51.000000,51.000000,51.000000,51.000000,51.000000,51.000000,51.000000,51.000000,51.000000,51.000000,51.000000,51.000000,51.000000,52.000000,52.000000,52.000000,52.000000,52.000000,52.000000,53.000000,54.000000,55.000000,55.000000,56.000000,56.000000,57.000000,58.000000,58.000000,58.000000,59.000000,60.000000,61.000000,62.000000,62.000000,62.000000,62.000000,62.000000,62.000000,62.000000,62.000000,62.000000,62.000000,63.000000,63.000000,63.000000,63.000000,63.000000,63.000000,63.000000,63.000000,63.000000,64.000000,64.000000,64.000000,64.000000,64.000000,64.000000,64.000000,64.000000,64.000000,64.000000,64.000000,64.000000,64.000000,64.000000,64.000000,64.000000,64.000000,64.000000,64.000000,65.000000,66.000000,66.000000,66.000000,66.000000,66.000000,66.000000,66.000000,66.000000,66.000000,66.000000,66.000000,66.000000,66.000000,66.000000,66.000000,66.000000,67.000000,68.000000,69.000000,69.000000,70.000000,71.000000,71.000000,71.000000,71.000000,71.000000,71.000000,71.000000,71.000000,71.000000,71.000000,71.000000,71.000000,71.000000,71.000000,71.000000,71.000000,71.000000,71.000000,71.000000,71.000000,71.000000,71.000000,71.000000,71.000000,71.000000,71.000000,71.000000,71.000000,71.000000,71.000000,71.000000,71.000000,71.000000,71.000000,71.000000,71.000000,71.000000,71.000000,71.000000,71.000000,71.000000,71.000000,71.000000,71.000000,71.000000,71.000000,71.000000,71.000000,71.000000,71.000000,71.000000,71.000000,72.000000,72.000000,72.000000,73.000000,73.000000,73.000000,73.000000,73.000000,73.000000,73.000000,73.000000,73.000000,73.000000,73.000000,73.000000,73.000000,73.000000,73.000000,73.000000,73.000000,73.000000,73.000000,73.000000,73.000000,73.000000;;0;3802
3211;2c36;3127;0;0;0000000000000030;         9s 346ms 151μs  43ns;379;-1;             26ms 323μs 421ns;69.000000;5.492754;0.000000;inf;4;1;Unfinished;1.000000,1.000000,1.000000,1.000000,2.000000,2.000000,2.000000,2.000000,2.000000,2.000000,2.000000,2.000000,2.000000,2.000000,2.000000,3.000000,4.000000,5.000000,6.000000,6.000000,6.000000,6.000000,6.000000,6.000000,6.000000,7.000000,7.000000,8.000000,8.000000,9.000000,9.000000,9.000000,9.000000,10.000000,11.000000,11.000000,11.000000,11.000000,11.000000,11.000000,11.000000,12.000000,12.000000,13.000000,13.000000,13.000000,13.000000,13.000000,13.000000,13.000000,14.000000,14.000000,14.000000,15.000000,16.000000,16.000000,17.000000,17.000000,17.000000,17.000000,17.000000,17.000000,17.000000,18.000000,19.000000,19.000000,19.000000,20.000000,20.000000,20.000000,21.000000,21.000000,21.000000,22.000000,22.000000,22.000000,22.000000,22.000000,23.000000,23.000000,24.000000,24.000000,25.000000,25.000000,25.000000,25.000000,25.000000,25.000000,25.000000,25.000000,25.000000,25.000000,25.000000,25.000000,25.000000,25.000000,25.000000,25.000000,25.000000,25.000000,25.000000,25.000000,25.000000,25.000000,25.000000,25.000000,25.000000,26.000000,27.000000,28.000000,28.000000,28.000000,29.000000,29.000000,30.000000,30.000000,30.000000,30.000000,30.000000,30.000000,30.000000,30.000000,30.000000,30.000000,31.000000,31.000000,32.000000,32.000000,32.000000,32.000000,33.000000,33.000000,34.000000,34.000000,35.000000,35.000000,35.000000,35.000000,35.000000,35.000000,35.000000,35.000000,35.000000,35.000000,35.000000,35.000000,35.000000,36.000000,36.000000,36.000000,36.000000,36.000000,36.000000,36.000000,36.000000,36.000000,36.000000,36.000000,36.000000,36.000000,36.000000,36.000000,36.000000,36.000000,36.000000,36.000000,36.000000,36.000000,36.000000,36.000000,36.000000,36.000000,36.000000,36.000000,36.000000,36.000000,36.000000,36.000000,36.000000,36.000000,36.000000,37.000000,38.000000,38.000000,38.000000,38.000000,38.000000,38.000000,39.000000,40.000000,41.000000,42.000000,42.000000,42.000000,42.000000,42.000000,43.000000,44.000000,44.000000,45.000000,46.000000,46.000000,46.000000,46.000000,46.000000,46.000000,47.000000,47.000000,47.000000,47.000000,47.000000,47.000000,47.000000,47.000000,48.000000,48.000000,48.000000,48.000000,48.000000,49.000000,49.000000,50.000000,50.000000,50.000000,50.000000,50.000000,51.000000,52.000000,52.000000,52.000000,52.000000,53.000000,53.000000,53.000000,54.000000,54.000000,54.000000,55.000000,56.000000,57.000000,58.000000,59.000000,60.000000,60.000000,60.000000,60.000000,60.000000,60.000000,60.000000,60.000000,60.000000,60.000000,60.000000,60.000000,60.000000,60.000000,60.000000,60.000000,60.000000,60.000000,60.000000,61.000000,62.000000,62.000000,62.000000,62.000000,62.000000,62.000000,62.000000,62.000000,62.000000,62.000000,62.000000,63.000000,64.000000,64.000000,64.000000,64.000000,64.000000,64.000000,65.000000,65.000000,66.000000,67.000000,68.000000,68.000000,68.000000,68.000000,68.000000,68.000000,68.000000,68.000000,68.000000,68.000000,68.000000,68.000000,68.000000,68.000000,68.000000,68.000000,68.000000,68.000000,68.000000,68.000000,68.000000,68.000000,68.000000,68.000000,68.000000,68.000000,68.000000,68.000000,68.000000,68.000000,68.000000,68.000000,68.000000,68.000000,68.000000,68.000000,68.000000,68.000000,68.000000,68.000000,68.000000,68.000000,68.000000,68.000000,68.000000,68.000000,68.000000,68.000000,68.000000,68.000000,68.000000,68.000000,68.000000,68.000000,68.000000,68.000000,68.000000,68.000000,68.000000,68.000000,68.000000,68.000000,68.000000,68.000000,68.000000,68.000000,68.000000,68.000000,68.000000,68.000000,68.000000,68.000000,68.000000,68.000000,68.000000,68.000000,68.000000,68.000000,68.000000,68.000000,68.000000,68.000000,68.000000,68.000000,68.000000,68.000000,68.000000,68.000000,68.000000,68.000000,68.000000,68.000000,68.000000,68.000000,68.000000,69.000000;;0;3943
3163;285c;3127;0;0;0000000000000030;         9s 222ms 652μs 342ns;379;-1;             22ms 886μs 463ns;66.000000;5.742424;0.000000;inf;4;1;Unfinished;1.000000,1.000000,1.000000,1.000000,2.000000,2.000000,2.000000,2.000000,2.000000,2.000000,2.000000,2.000000,2.000000,2.000000,2.000000,3.000000,4.000000,5.000000,6.000000,6.000000,6.000000,6.000000,6.000000,6.000000,6.000000,7.000000,7.000000,8.000000,8.000000,9.000000,9.000000,9.000000,9.000000,10.000000,11.000000,11.000000,11.000000,11.000000,11.000000,11.000000,11.000000,12.000000,12.000000,13.000000,13.000000,13.000000,13.000000,13.000000,13.000000,13.000000,14.000000,14.000000,14.000000,15.000000,16.000000,16.000000,17.000000,17.000000,17.000000,17.000000,17.000000,17.000000,17.000000,18.000000,19.000000,20.000000,20.000000,20.000000,20.000000,20.000000,20.000000,20.000000,20.000000,21.000000,22.000000,22.000000,22.000000,23.000000,23.000000,24.000000,25.000000,25.000000,25.000000,25.000000,25.000000,25.000000,25.000000,25.000000,26.000000,26.000000,26.000000,26.000000,26.000000,26.000000,26.000000,26.000000,26.000000,26.000000,26.000000,26.000000,26.000000,27.000000,27.000000,27.000000,27.000000,27.000000,27.000000,27.000000,27.000000,27.000000,27.000000,27.000000,27.000000,27.000000,27.000000,27.000000,27.000000,27.000000,27.000000,27.000000,28.000000,28.000000,28.000000,29.000000,29.000000,30.000000,30.000000,31.000000,31.000000,32.000000,32.000000,32.000000,32.000000,32.000000,32.000000,32.000000,33.000000,33.000000,34.000000,34.000000,35.000000,36.000000,37.000000,37.000000,37.000000,37.000000,37.000000,37.000000,37.000000,38.000000,39.000000,39.000000,40.000000,40.000000,40.000000,41.000000,41.000000,41.000000,41.000000,41.000000,41.000000,42.000000,43.000000,43.000000,43.000000,43.000000,43.000000,43.000000,43.000000,43.000000,44.000000,44.000000,44.000000,45.000000,46.000000,46.000000,46.000000,46.000000,46.000000,46.000000,46.000000,46.000000,46.000000,46.000000,46.000000,47.000000,47.000000,47.000000,47.000000,47.000000,48.000000,49.000000,49.000000,49.000000,49.000000,50.000000,50.000000,50.000000,50.000000,50.000000,50.000000,50.000000,50.000000,50.000000,51.000000,51.000000,51.000000,51.000000,51.000000,51.000000,51.000000,51.000000,51.000000,51.000000,51.000000,51.000000,51.000000,51.000000,51.000000,51.000000,51.000000,51.000000,51.000000,52.000000,52.000000,52.000000,52.000000,52.000000,52.000000,53.000000,54.000000,55.000000,55.000000,56.000000,56.000000,57.000000,58.000000,58.000000,58.000000,59.000000,60.000000,61.000000,62.000000,62.000000,62.000000,62.000000,62.000000,62.000000,62.000000,62.000000,62.000000,62.000000,63.000000,63.000000,63.000000,63.000000,63.000000,63.000000,63.000000,63.000000,63.000000,64.000000,64.000000,64.000000,64.000000,64.000000,64.000000,64.000000,64.000000,64.000000,64.000000,64.000000,64.000000,64.000000,64.000000,64.000000,64.000000,64.000000,64.000000,64.000000,65.000000,65.000000,65.000000,65.000000,65.000000,65.000000,65.000000,65.000000,65.000000,65.000000,65.000000,65.000000,65.000000,65.000000,65.000000,65.000000,65.000000,65.000000,65.000000,65.000000,65.000000,65.000000,65.000000,65.000000,65.000000,65.000000,65.000000,65.000000,65.000000,65.000000,65.000000,65.000000,65.000000,65.000000,65.000000,65.000000,65.000000,65.000000,65.000000,65.000000,65.000000,65.000000,65.000000,65.000000,65.000000,65.000000,65.000000,65.000000,65.000000,65.000000,65.000000,65.000000,65.000000,65.000000,65.000000,65.000000,65.000000,65.000000,65.000000,65.000000,65.000000,65.000000,65.000000,65.000000,65.000000,65.000000,65.000000,65.000000,65.000000,65.000000,65.000000,65.000000,65.000000,65.000000,65.000000,65.000000,65.000000,65.000000,65.000000,65.000000,65.000000,65.000000,65.000000,65.000000,65.000000,65.000000,65.000000,65.000000,65.000000,65.000000,65.000000,65.000000,65.000000,65.000000,65.000000,65.000000,65.000000,65.000000,65.000000,66.000000;;0;3820
35dd;2afb;3127;0;0;0000000000000030;        10s 564ms 314μs 326ns;378;-1;             26ms 973μs 410ns;80.000000;4.725000;0.000000;inf;4;1;Unfinished;1.000000,1.000000,1.000000,1.000000,2.000000,2.000000,2.000000,2.000000,2.000000,2.000000,2.000000,2.000000,2.000000,2.000000,2.000000,3.000000,4.000000,5.000000,6.000000,6.000000,6.000000,6.000000,6.000000,6.000000,6.000000,7.000000,7.000000,8.000000,8.000000,9.000000,9.000000,9.000000,9.000000,10.000000,11.000000,11.000000,11.000000,11.000000,11.000000,11.000000,11.000000,12.000000,12.000000,13.000000,13.000000,13.000000,13.000000,13.000000,13.000000,13.000000,14.000000,14.000000,14.000000,15.000000,16.000000,16.000000,17.000000,17.000000,17.000000,17.000000,17.000000,17.000000,17.000000,18.000000,19.000000,19.000000,19.000000,20.000000,20.000000,20.000000,21.000000,21.000000,21.000000,22.000000,22.000000,22.000000,22.000000,22.000000,23.000000,23.000000,24.000000,24.000000,25.000000,25.000000,25.000000,25.000000,25.000000,25.000000,25.000000,25.000000,25.000000,25.000000,25.000000,25.000000,25.000000,25.000000,25.000000,25.000000,25.000000,25.000000,25.000000,25.000000,25.000000,25.000000,25.000000,25.000000,25.000000,26.000000,27.000000,28.000000,28.000000,28.000000,29.000000,29.000000,30.000000,30.000000,30.000000,30.000000,30.000000,30.000000,30.000000,30.000000,30.000000,30.000000,31.000000,31.000000,32.000000,32.000000,32.000000,32.000000,33.000000,33.000000,34.000000,34.000000,35.000000,35.000000,35.000000,35.000000,35.000000,35.000000,35.000000,35.000000,35.000000,35.000000,35.000000,35.000000,35.000000,36.000000,36.000000,36.000000,36.000000,36.000000,36.000000,36.000000,36.000000,36.000000,36.000000,36.000000,36.000000,36.000000,36.000000,36.000000,36.000000,36.000000,36.000000,36.000000,36.000000,36.000000,36.000000,36.000000,36.000000,36.000000,36.000000,36.000000,36.000000,36.000000,36.000000,36.000000,36.000000,36.000000,36.000000,37.000000,38.000000,38.000000,38.000000,38.000000,38.000000,38.000000,39.000000,40.000000,41.000000,42.000000,42.000000,42.000000,42.000000,42.000000,43.000000,44.000000,44.000000,45.000000,46.000000,46.000000,46.000000,46.000000,46.000000,46.000000,47.000000,47.000000,47.000000,47.000000,47.000000,47.000000,47.000000,47.000000,48.000000,48.000000,48.000000,48.000000,48.000000,49.000000,49.000000,50.000000,50.000000,50.000000,50.000000,50.000000,51.000000,52.000000,52.000000,53.000000,54.000000,55.000000,55.000000,56.000000,57.000000,57.000000,57.000000,57.000000,57.000000,57.000000,57.000000,57.000000,57.000000,57.000000,57.000000,57.000000,57.000000,57.000000,57.000000,57.000000,57.000000,57.000000,57.000000,57.000000,57.000000,57.000000,57.000000,57.000000,57.000000,57.000000,57.000000,57.000000,57.000000,58.000000,58.000000,58.000000,59.000000,60.000000,60.000000,60.000000,61.000000,61.000000,61.000000,61.000000,61.000000,61.000000,61.000000,61.000000,61.000000,62.000000,63.000000,64.000000,64.000000,64.000000,64.000000,64.000000,64.000000,64.000000,64.000000,64.000000,64.000000,65.000000,65.000000,66.000000,67.000000,68.000000,69.000000,69.000000,69.000000,69.000000,69.000000,70.000000,70.000000,70.000000,71.000000,71.000000,72.000000,72.000000,72.000000,73.000000,73.000000,73.000000,74.000000,74.000000,74.000000,75.000000,76.000000,76.000000,76.000000,76.000000,76.000000,76.000000,76.000000,76.000000,76.000000,76.000000,76.000000,76.000000,76.000000,76.000000,76.000000,76.000000,76.000000,76.000000,76.000000,76.000000,76.000000,76.000000,76.000000,76.000000,76.000000,76.000000,76.000000,76.000000,76.000000,76.000000,76.000000,76.000000,76.000000,76.000000,76.000000,76.000000,76.000000,76.000000,76.000000,77.000000,78.000000,78.000000,78.000000,78.000000,78.000000,78.000000,78.000000,78.000000,78.000000,79.000000,79.000000,79.000000,80.000000,80.000000,80.000000,80.000000,80.000000,80.000000,80.000000,80.000000,80.000000,80.000000;;0;46002
3220;2afb;3127;0;0;0000000000000030;         9s 366ms 230μs 482ns;378;-1;             26ms 305μs 578ns;79.000000;4.784810;0.000000;inf;4;1;Unfinished;1.000000,1.000000,1.000000,1.000000,2.000000,2.000000,2.000000,2.000000,2.000000,2.000000,2.000000,2.000000,2.000000,2.000000,2.000000,3.000000,4.000000,5.000000,6.000000,6.000000,6.000000,6.000000,6.000000,6.000000,6.000000,7.000000,7.000000,8.000000,8.000000,9.000000,9.000000,9.000000,9.000000,10.000000,11.000000,11.000000,11.000000,11.000000,11.000000,11.000000,11.000000,12.000000,12.000000,13.000000,13.000000,13.000000,13.000000,13.000000,13.000000,13.000000,14.000000,14.000000,14.000000,15.000000,16.000000,16.000000,17.000000,17.000000,17.000000,17.000000,17.000000,17.000000,17.000000,18.000000,19.000000,19.000000,19.000000,20.000000,20.000000,20.000000,21.000000,21.000000,21.000000,22.000000,22.000000,22.000000,22.000000,22.000000,23.000000,23.000000,24.000000,24.000000,25.000000,25.000000,25.000000,25.000000,25.000000,25.000000,25.000000,25.000000,25.000000,25.000000,25.000000,25.000000,25.000000,25.000000,25.000000,25.000000,25.000000,25.000000,25.000000,25.000000,25.000000,25.000000,25.000000,25.000000,25.000000,26.000000,27.000000,28.000000,28.000000,28.000000,29.000000,29.000000,30.000000,30.000000,30.000000,30.000000,30.000000,30.000000,30.000000,30.000000,30.000000,30.000000,31.000000,31.000000,32.000000,32.000000,32.000000,32.000000,33.000000,33.000000,34.000000,34.000000,35.000000,35.000000,35.000000,35.000000,35.000000,35.000000,35.000000,35.000000,35.000000,35.000000,35.000000,35.000000,35.000000,36.000000,36.000000,36.000000,36.000000,36.000000,36.000000,36.000000,36.000000,36.000000,36.000000,36.000000,36.000000,36.000000,36.000000,36.000000,36.000000,36.000000,36.000000,36.000000,36.000000,36.000000,36.000000,36.000000,36.000000,36.000000,36.000000,36.000000,36.000000,36.000000,36.000000,36.000000,36.000000,36.000000,36.000000,37.000000,38.000000,38.000000,38.000000,38.000000,38.000000,38.000000,39.000000,40.000000,41.000000,42.000000,42.000000,42.000000,42.000000,42.000000,43.000000,44.000000,44.000000,45.000000,46.000000,46.000000,46.000000,46.000000,46.000000,46.000000,47.000000,47.000000,47.000000,47.000000,47.000000,47.000000,47.000000,47.000000,48.000000,48.000000,48.000000,48.000000,48.000000,49.000000,49.000000,50.000000,50.000000,50.000000,50.000000,50.000000,51.000000,52.000000,52.000000,53.000000,54.000000,55.000000,55.000000,56.000000,57.000000,57.000000,57.000000,57.000000,57.000000,57.000000,57.000000,57.000000,57.000000,57.000000,57.000000,57.000000,57.000000,57.000000,57.000000,57.000000,57.000000,57.000000,57.000000,57.000000,57.000000,57.000000,57.000000,57.000000,57.000000,57.000000,57.000000,57.000000,57.000000,58.000000,58.000000,58.000000,59.000000,60.000000,60.000000,60.000000,61.000000,61.000000,61.000000,61.000000,61.000000,61.000000,61.000000,61.000000,61.000000,62.000000,63.000000,64.000000,64.000000,64.000000,64.000000,64.000000,64.000000,64.000000,64.000000,64.000000,64.000000,65.000000,65.000000,66.000000,67.000000,68.000000,69.000000,69.000000,69.000000,69.000000,69.000000,70.000000,70.000000,70.000000,71.000000,71.000000,72.000000,72.000000,72.000000,73.000000,73.000000,73.000000,74.000000,74.000000,74.000000,75.000000,75.000000,75.000000,75.000000,75.000000,75.000000,75.000000,76.000000,76.000000,76.000000,76.000000,76.000000,77.000000,77.000000,77.000000,77.000000,78.000000,78.000000,78.000000,78.000000,78.000000,78.000000,78.000000,78.000000,78.000000,78.000000,78.000000,78.000000,78.000000,78.000000,78.000000,78.000000,78.000000,78.000000,78.000000,78.000000,78.000000,78.000000,78.000000,78.000000,78.000000,78.000000,78.000000,78.000000,78.000000,78.000000,78.000000,78.000000,78.000000,78.000000,78.000000,78.000000,78.000000,78.000000,78.000000,78.000000,78.000000,78.000000,78.000000,78.000000,78.000000,78.000000,78.000000,79.000000;;0;3966
3170;2afb;3127;0;0;0000000000000030;         9s 223ms 169μs 104ns;377;-1;             24ms 393μs 843ns;75.000000;5.026667;0.000000;inf;4;1;Unfinished;1.000000,1.000000,1.000000,1.000000,2.000000,2.000000,2.000000,2.000000,2.000000,2.000000,2.000000,2.000000,2.000000,2.000000,2.000000,3.000000,4.000000,5.000000,6.000000,6.000000,6.000000,6.000000,6.000000,6.000000,6.000000,7.000000,7.000000,8.000000,8.000000,9.000000,9.000000,9.000000,9.000000,10.000000,11.000000,11.000000,11.000000,11.000000,11.000000,11.000000,11.000000,12.000000,12.000000,13.000000,13.000000,13.000000,13.000000,13.000000,13.000000,13.000000,14.000000,14.000000,14.000000,15.000000,16.000000,16.000000,17.000000,17.000000,17.000000,17.000000,17.000000,17.000000,17.000000,18.000000,19.000000,19.000000,19.000000,20.000000,20.000000,20.000000,21.000000,21.000000,21.000000,22.000000,22.000000,22.000000,22.000000,22.000000,23.000000,23.000000,24.000000,24.000000,25.000000,25.000000,25.000000,25.000000,25.000000,25.000000,25.000000,25.000000,25.000000,25.000000,25.000000,25.000000,25.000000,25.000000,25.000000,25.000000,25.000000,25.000000,25.000000,25.000000,25.000000,25.000000,25.000000,25.000000,25.000000,26.000000,27.000000,28.000000,28.000000,28.000000,29.000000,29.000000,30.000000,30.000000,30.000000,30.000000,30.000000,30.000000,30.000000,30.000000,30.000000,30.000000,31.000000,31.000000,32.000000,32.000000,32.000000,32.000000,33.000000,33.000000,34.000000,34.000000,35.000000,35.000000,35.000000,35.000000,35.000000,35.000000,35.000000,35.000000,35.000000,35.000000,35.000000,35.000000,35.000000,36.000000,36.000000,36.000000,36.000000,36.000000,36.000000,36.000000,36.000000,36.000000,36.000000,36.000000,36.000000,36.000000,36.000000,36.000000,36.000000,36.000000,36.000000,36.000000,36.000000,36.000000,36.000000,36.000000,36.000000,36.000000,36.000000,36.000000,36.000000,36.000000,36.000000,36.000000,36.000000,36.000000,36.000000,37.000000,38.000000,38.000000,38.000000,38.000000,38.000000,38.000000,39.000000,40.000000,41.000000,42.000000,42.000000,42.000000,42.000000,42.000000,43.000000,44.000000,44.000000,45.000000,46.000000,46.000000,46.000000,46.000000,46.000000,46.000000,47.000000,47.000000,47.000000,47.000000,47.000000,47.000000,47.000000,47.000000,48.000000,48.000000,48.000000,48.000000,48.000000,49.000000,49.000000,50.000000,50.000000,50.000000,50.000000,50.000000,51.000000,52.000000,52.000000,53.000000,54.000000,55.000000,55.000000,56.000000,57.000000,57.000000,57.000000,57.000000,57.000000,57.000000,57.000000,57.000000,57.000000,57.000000,57.000000,57.000000,57.000000,57.000000,57.000000,57.000000,57.000000,57.000000,57.000000,57.000000,57.000000,57.000000,57.000000,57.000000,57.000000,57.000000,57.000000,57.000000,57.000000,58.000000,58.000000,58.000000,59.000000,60.000000,60.000000,60.000000,61.000000,61.000000,61.000000,61.000000,61.000000,61.000000,61.000000,61.000000,61.000000,62.000000,63.000000,64.000000,64.000000,64.000000,64.000000,64.000000,64.000000,64.000000,64.000000,64.000000,64.000000,65.000000,65.000000,66.000000,67.000000,68.000000,69.000000,69.000000,69.000000,69.000000,69.000000,70.000000,70.000000,70.000000,71.000000,71.000000,72.000000,72.000000,72.000000,73.000000,73.000000,73.000000,74.000000,74.000000,74.000000,75.000000,75.000000,75.000000,75.000000,75.000000,75.000000,75.000000,75.000000,75.000000,75.000000,75.000000,75.000000,75.000000,75.000000,75.000000,75.000000,75.000000,75.000000,75.000000,75.000000,75.000000,75.000000,75.000000,75.000000,75.000000,75.000000,75.000000,75.000000,75.000000,75.000000,75.000000,75.000000,75.000000,75.000000,75.000000,75.000000,75.000000,75.000000,75.000000,75.000000,75.000000,75.000000,75.000000,75.000000,75.000000,75.000000,75.000000,75.000000,75.000000,75.000000,75.000000,75.000000,75.000000,75.000000,75.000000,75.000000,75.000000,75.000000,75.000000,75.000000,75.000000,75.000000;;0;3829
3345;285c;3127;0;0;0000000000000030;         9s 724ms 209μs 109ns;377;-1;             24ms 441μs 531ns;69.000000;5.463768;0.000000;inf;4;1;Unfinished;1.000000,1.000000,1.000000,1.000000,2.000000,2.000000,2.000000,2.000000,2.000000,2.000000,2.000000,2.000000,2.000000,2.000000,2.000000,3.000000,4.000000,5.000000,6.000000,6.000000,6.000000,6.000000,6.000000,6.000000,6.000000,7.000000,7.000000,8.000000,8.000000,9.000000,9.000000,9.000000,9.000000,10.000000,11.000000,11.000000,11.000000,11.000000,11.000000,11.000000,11.000000,12.000000,12.000000,13.000000,13.000000,13.000000,13.000000,13.000000,13.000000,13.000000,14.000000,14.000000,14.000000,15.000000,16.000000,16.000000,17.000000,17.000000,17.000000,17.000000,17.000000,17.000000,17.000000,18.000000,19.000000,20.000000,20.000000,20.000000,20.000000,20.000000,20.000000,20.000000,20.000000,21.000000,22.000000,22.000000,22.000000,23.000000,23.000000,24.000000,25.000000,25.000000,25.000000,25.000000,25.000000,25.000000,25.000000,25.000000,26.000000,26.000000,26.000000,26.000000,26.000000,26.000000,26.000000,26.000000,26.000000,26.000000,26.000000,26.000000,26.000000,27.000000,27.000000,27.000000,27.000000,27.000000,27.000000,27.000000,27.000000,27.000000,27.000000,27.000000,27.000000,27.000000,27.000000,27.000000,27.000000,27.000000,27.000000,27.000000,28.000000,28.000000,28.000000,29.000000,29.000000,30.000000,30.000000,31.000000,31.000000,32.000000,32.000000,32.000000,32.000000,32.000000,32.000000,32.000000,33.000000,33.000000,34.000000,34.000000,35.000000,36.000000,37.000000,37.000000,37.000000,37.000000,37.000000,37.000000,37.000000,38.000000,39.000000,39.000000,40.000000,40.000000,40.000000,41.000000,41.000000,41.000000,41.000000,41.000000,41.000000,42.000000,43.000000,43.000000,43.000000,43.000000,43.000000,43.000000,43.000000,43.000000,44.000000,44.000000,44.000000,45.000000,46.000000,46.000000,46.000000,46.000000,46.000000,46.000000,46.000000,46.000000,46.000000,46.000000,46.000000,47.000000,47.000000,47.000000,47.000000,47.000000,48.000000,49.000000,49.000000,49.000000,49.000000,50.000000,50.000000,50.000000,50.000000,50.000000,50.000000,50.000000,50.000000,50.000000,51.000000,51.000000,51.000000,51.000000,51.000000,51.000000,51.000000,51.000000,51.000000,51.000000,51.000000,51.000000,51.000000,51.000000,51.000000,51.000000,51.000000,51.000000,51.000000,52.000000,52.000000,52.000000,52.000000,52.000000,52.000000,53.000000,54.000000,55.000000,55.000000,56.000000,56.000000,57.000000,58.000000,58.000000,58.000000,59.000000,60.000000,61.000000,62.000000,62.000000,62.000000,62.000000,62.000000,62.000000,62.000000,62.000000,62.000000,62.000000,63.000000,63.000000,63.000000,63.000000,63.000000,63.000000,63.000000,63.000000,63.000000,64.000000,64.000000,64.000000,64.000000,64.000000,64.000000,64.000000,64.000000,64.000000,64.000000,64.000000,64.000000,64.000000,64.000000,64.000000,64.000000,64.000000,64.000000,65.000000,65.000000,66.000000,66.000000,66.000000,66.000000,66.000000,66.000000,66.000000,66.000000,66.000000,66.000000,66.000000,66.000000,66.000000,66.000000,66.000000,66.000000,66.000000,66.000000,66.000000,66.000000,66.000000,66.000000,66.000000,66.000000,66.000000,66.000000,67.000000,67.000000,68.000000,68.000000,69.000000,69.000000,69.000000,69.000000,69.000000,69.000000,69.000000,69.000000,69.000000,69.000000,69.000000,69.000000,69.000000,69.000000,69.000000,69.000000,69.000000,69.000000,69.000000,69.000000,69.000000,69.000000,69.000000,69.000000,69.000000,69.000000,69.000000,69.000000,69.000000,69.000000,69.000000,69.000000,69.000000,69.000000,69.000000,69.000000,69.000000,69.000000,69.000000,69.000000,69.000000,69.000000,69.000000,69.000000,69.000000,69.000000,69.000000,69.000000,69.000000,69.000000,69.000000,69.000000,69.000000,69.000000,69.000000,69.000000,69.000000,69.000000,69.000000,69.000000,69.000000,69.000000,69.000000,69.000000,69.000000,69.000000;;0;34263
3276;2c36;3127;0;0;0000000000000030;         9s 475ms 456μs  95ns;377;-1;             26ms 249μs 296ns;68.000000;5.544118;0.000000;inf;4;1;Unfinished;1.000000,1.000000,1.000000,1.000000,2.000000,2.000000,2.000000,2.000000,2.000000,2.000000,2.000000,2.000000,2.000000,2.000000,2.000000,3.000000,4.000000,5.000000,6.000000,6.000000,6.000000,6.000000,6.000000,6.000000,6.000000,7.000000,7.000000,8.000000,8.000000,9.000000,9.000000,9.000000,9.000000,10.000000,11.000000,11.000000,11.000000,11.000000,11.000000,11.000000,11.000000,12.000000,12.000000,13.000000,13.000000,13.000000,13.000000,13.000000,13.000000,13.000000,14.000000,14.000000,14.000000,15.000000,16.000000,16.000000,17.000000,17.000000,17.000000,17.000000,17.000000,17.000000,17.000000,18.000000,19.000000,19.000000,19.000000,20.000000,20.000000,20.000000,21.000000,21.000000,21.000000,22.000000,22.000000,22.000000,22.000000,22.000000,23.000000,23.000000,24.000000,24.000000,25.000000,25.000000,25.000000,25.000000,25.000000,25.000000,25.000000,25.000000,25.000000,25.000000,25.000000,25.000000,25.000000,25.000000,25.000000,25.000000,25.000000,25.000000,25.000000,25.000000,25.000000,25.000000,25.000000,25.000000,25.000000,26.000000,27.000000,28.000000,28.000000,28.000000,29.000000,29.000000,30.000000,30.000000,30.000000,30.000000,30.000000,30.000000,30.000000,30.000000,30.000000,30.000000,31.000000,31.000000,32.000000,32.000000,32.000000,32.000000,33.000000,33.000000,34.000000,34.000000,35.000000,35.000000,35.000000,35.000000,35.000000,35.000000,35.000000,35.000000,35.000000,35.000000,35.000000,35.000000,35.000000,36.000000,36.000000,36.000000,36.000000,36.000000,36.000000,36.000000,36.000000,36.000000,36.000000,36.000000,36.000000,36.000000,36.000000,36.000000,36.000000,36.000000,36.000000,36.000000,36.000000,36.000000,36.000000,36.000000,36.000000,36.000000,36.000000,36.000000,36.000000,36.000000,36.000000,36.000000,36.000000,36.000000,36.000000,37.000000,38.000000,38.000000,38.000000,38.000000,38.000000,38.000000,39.000000,40.000000,41.000000,42.000000,42.000000,42.000000,42.000000,42.000000,43.000000,44.000000,44.000000,45.000000,46.000000,46.000000,46.000000,46.000000,46.000000,46.000000,47.000000,47.000000,47.000000,47.000000,47.000000,47.000000,47.000000,47.000000,48.000000,48.000000,48.000000,48.000000,48.000000,49.000000,49.000000,50.000000,50.000000,50.000000,50.000000,50.000000,51.000000,52.000000,52.000000,52.000000,52.000000,53.000000,53.000000,53.000000,54.000000,54.000000,54.000000,55.000000,56.000000,57.000000,58.000000,59.000000,60.000000,60.000000,60.000000,60.000000,60.000000,60.000000,60.000000,60.000000,60.000000,60.000000,60.000000,60.000000,60.000000,60.000000,60.000000,60.000000,60.000000,60.000000,60.000000,61.000000,62.000000,62.000000,62.000000,62.000000,62.000000,62.000000,62.000000,62.000000,62.000000,62.000000,62.000000,63.000000,64.000000,64.000000,64.000000,64.000000,64.000000,64.000000,65.000000,65.000000,66.000000,67.000000,68.000000,68.000000,68.000000,68.000000,68.000000,68.000000,68.000000,68.000000,68.000000,68.000000,68.000000,68.000000,68.000000,68.000000,68.000000,68.000000,68.000000,68.000000,68.000000,68.000000,68.000000,68.000000,68.000000,68.000000,68.000000,68.000000,68.000000,68.000000,68.000000,68.000000,68.000000,68.000000,68.000000,68.000000,68.000000,68.000000,68.000000,68.000000,68.000000,68.000000,68.000000,68.000000,68.000000,68.000000,68.000000,68.000000,68.000000,68.000000,68.000000,68.000000,68.000000,68.000000,68.000000,68.000000,68.000000,68.000000,68.000000,68.000000,68.000000,68.000000,68.000000,68.000000,68.000000,68.000000,68.000000,68.000000,68.000000,68.000000,68.000000,68.000000,68.000000,68.000000,68.000000,68.000000,68.000000,68.000000,68.000000,68.000000,68.000000,68.000000,68.000000,68.000000,68.000000,68.000000,68.000000,68.000000,68.000000,68.000000,68.000000,68.000000,68.000000,68.000000,68.000000;;0;20900
331e;29de;3127;0;0;0000000000000030;         9s 698ms 459μs 154ns;377;-1;             27ms 536μs 166ns;66.000000;5.712121;0.000000;inf;4;1;Unfinished;1.000000,1.000000,1.000000,1.000000,2.000000,2.000000,2.000000,2.000000,2.000000,2.000000,2.000000,2.000000,2.000000,2.000000,2.000000,3.000000,4.000000,5.000000,6.000000,6.000000,6.000000,6.000000,6.000000,6.000000,6.000000,7.000000,7.000000,8.000000,8.000000,9.000000,9.000000,9.000000,9.000000,10.000000,11.000000,11.000000,11.000000,11.000000,11.000000,11.000000,11.000000,12.000000,12.000000,13.000000,13.000000,13.000000,13.000000,13.000000,13.000000,13.000000,14.000000,14.000000,14.000000,15.000000,16.000000,16.000000,17.000000,17.000000,17.000000,17.000000,17.000000,17.000000,17.000000,18.000000,19.000000,19.000000,19.000000,20.000000,20.000000,20.000000,21.000000,21.000000,21.000000,22.000000,22.000000,22.000000,22.000000,22.000000,23.000000,23.000000,24.000000,24.000000,25.000000,25.000000,25.000000,25.000000,25.000000,25.000000,25.000000,25.000000,25.000000,25.000000,25.000000,25.000000,25.000000,25.000000,25.000000,25.000000,25.000000,25.000000,25.000000,25.000000,25.000000,25.000000,25.000000,25.000000,25.000000,26.000000,27.000000,28.000000,28.000000,28.000000,29.000000,29.000000,30.000000,30.000000,30.000000,30.000000,30.000000,30.000000,30.000000,30.000000,30.000000,30.000000,31.000000,31.000000,32.000000,32.000000,32.000000,32.000000,33.000000,33.000000,34.000000,34.000000,35.000000,35.000000,35.000000,35.000000,35.000000,35.000000,35.000000,35.000000,35.000000,35.000000,35.000000,35.000000,35.000000,36.000000,36.000000,36.000000,36.000000,36.000000,36.000000,36.000000,36.000000,36.000000,36.000000,36.000000,36.000000,36.000000,36.000000,36.000000,36.000000,36.000000,36.000000,36.000000,36.000000,36.000000,36.000000,36.000000,36.000000,36.000000,36.000000,36.000000,36.000000,36.000000,36.000000,36.000000,36.000000,36.000000,36.000000,37.000000,38.000000,38.000000,38.000000,38.000000,38.000000,38.000000,39.000000,40.000000,41.000000,42.000000,42.000000,42.000000,42.000000,42.000000,43.000000,44.000000,44.000000,45.000000,46.000000,46.000000,46.000000,46.000000,46.000000,46.000000,47.000000,47.000000,47.000000,47.000000,47.000000,47.000000,47.000000,47.000000,48.000000,48.000000,48.000000,48.000000,48.000000,49.000000,49.000000,50.000000,50.000000,50.000000,50.000000,50.000000,51.000000,52.000000,52.000000,52.000000,52.000000,52.000000,52.000000,53.000000,53.000000,53.000000,53.000000,53.000000,53.000000,53.000000,54.000000,55.000000,55.000000,55.000000,55.000000,55.000000,56.000000,56.000000,56.000000,56.000000,57.000000,58.000000,58.000000,59.000000,59.000000,59.000000,60.000000,60.000000,60.000000,61.000000,62.000000,63.000000,63.000000,63.000000,63.000000,63.000000,63.000000,63.000000,63.000000,63.000000,63.000000,63.000000,63.000000,63.000000,63.000000,63.000000,63.000000,63.000000,63.000000,63.000000,63.000000,63.000000,63.000000,63.000000,63.000000,63.000000,63.000000,63.000000,63.000000,63.000000,63.000000,63.000000,63.000000,63.000000,63.000000,63.000000,64.000000,65.000000,65.000000,65.000000,65.000000,66.000000,66.000000,66.000000,66.000000,66.000000,66.000000,66.000000,66.000000,66.000000,66.000000,66.000000,66.000000,66.000000,66.000000,66.000000,66.000000,66.000000,66.000000,66.000000,66.000000,66.000000,66.000000,66.000000,66.000000,66.000000,66.000000,66.000000,66.000000,66.000000,66.000000,66.000000,66.000000,66.000000,66.000000,66.000000,66.000000,66.000000,66.000000,66.000000,66.000000,66.000000,66.000000,66.000000,66.000000,66.000000,66.000000,66.000000,66.000000,66.000000,66.000000,66.000000,66.000000,66.000000,66.000000,66.000000,66.000000,66.000000,66.000000,66.000000,66.000000,66.000000,66.000000,66.000000,66.000000,66.000000,66.000000,66.000000,66.000000,66.000000,66.000000,66.000000,66.000000,66.000000,66.000000,66.000000,66.000000;;0;31240
3191;29de;3127;0;0;0000000000000030;         9s 224ms 128μs 973ns;377;-1;             23ms 865μs 802ns;63.000000;5.984127;0.000000;inf;4;1;Unfinished;1.000000,1.000000,1.000000,1.000000,2.000000,2.000000,2.000000,2.000000,2.000000,2.000000,2.000000,2.000000,2.000000,2.000000,2.000000,3.000000,4.000000,5.000000,6.000000,6.000000,6.000000,6.000000,6.000000,6.000000,6.000000,7.000000,7.000000,8.000000,8.000000,9.000000,9.000000,9.000000,9.000000,10.000000,11.000000,11.000000,11.000000,11.000000,11.000000,11.000000,11.000000,12.000000,12.000000,13.000000,13.000000,13.000000,13.000000,13.000000,13.000000,13.000000,14.000000,14.000000,14.000000,15.000000,16.000000,16.000000,17.000000,17.000000,17.000000,17.000000,17.000000,17.000000,17.000000,18.000000,19.000000,19.000000,19.000000,20.000000,20.000000,20.000000,21.000000,21.000000,21.000000,22.000000,22.000000,22.000000,22.000000,22.000000,23.000000,23.000000,24.000000,24.000000,25.000000,25.000000,25.000000,25.000000,25.000000,25.000000,25.000000,25.000000,25.000000,25.000000,25.000000,25.000000,25.000000,25.000000,25.000000,25.000000,25.000000,25.000000,25.000000,25.000000,25.000000,25.000000,25.000000,25.000000,25.000000,26.000000,27.000000,28.000000,28.000000,28.000000,29.000000,29.000000,30.000000,30.000000,30.000000,30.000000,30.000000,30.000000,30.000000,30.000000,30.000000,30.000000,31.000000,31.000000,32.000000,32.000000,32.000000,32.000000,33.000000,33.000000,34.000000,34.000000,35.000000,35.000000,35.000000,35.000000,35.000000,35.000000,35.000000,35.000000,35.000000,35.000000,35.000000,35.000000,35.000000,36.000000,36.000000,36.000000,36.000000,36.000000,36.000000,36.000000,36.000000,36.000000,36.000000,36.000000,36.000000,36.000000,36.000000,36.000000,36.000000,36.000000,36.000000,36.000000,36.000000,36.000000,36.000000,36.000000,36.000000,36.000000,36.000000,36.000000,36.000000,36.000000,36.000000,36.000000,36.000000,36.000000,36.000000,37.000000,38.000000,38.000000,38.000000,38.000000,38.000000,38.000000,39.000000,40.000000,41.000000,42.000000,42.000000,42.000000,42.000000,42.000000,43.000000,44.000000,44.000000,45.000000,46.000000,46.000000,46.000000,46.000000,46.000000,46.000000,47.000000,47.000000,47.000000,47.000000,47.000000,47.000000,47.000000,47.000000,48.000000,48.000000,48.000000,48.000000,48.000000,49.000000,49.000000,50.000000,50.000000,50.000000,50.000000,50.000000,51.000000,52.000000,52.000000,52.000000,52.000000,52.000000,52.000000,53.000000,53.000000,53.000000,53.000000,53.000000,53.000000,53.000000,54.000000,55.000000,55.000000,55.000000,55.000000,55.000000,56.000000,56.000000,56.000000,56.000000,57.000000,58.000000,58.000000,59.000000,59.000000,59.000000,60.000000,60.000000,60.000000,61.000000,62.000000,63.000000,63.000000,63.000000,63.000000,63.000000,63.000000,63.000000,63.000000,63.000000,63.000000,63.000000,63.000000,63.000000,63.000000,63.000000,63.000000,63.000000,63.000000,63.000000,63.000000,63.000000,63.000000,63.000000,63.000000,63.000000,63.000000,63.000000,63.000000,63.000000,63.000000,63.000000,63.000000,63.000000,63.000000,63.000000,63.000000,63.000000,63.000000,63.000000,63.000000,63.000000,63.000000,63.000000,63.000000,63.000000,63.000000,63.000000,63.000000,63.000000,63.000000,63.000000,63.000000,63.000000,63.000000,63.000000,63.000000,63.000000,63.000000,63.000000,63.000000,63.000000,63.000000,63.000000,63.000000,63.000000,63.000000,63.000000,63.000000,63.000000,63.000000,63.000000,63.000000,63.000000,63.000000,63.000000,63.000000,63.000000,63.000000,63.000000,63.000000,63.000000,63.000000,63.000000,63.000000,63.000000,63.000000,63.000000,63.000000,63.000000,63.000000,63.000000,63.000000,63.000000,63.000000,63.000000,63.000000,63.000000,63.000000,63.000000,63.000000,63.000000,63.000000,63.000000,63.000000,63.000000,63.000000,63.000000,63.000000,63.000000,63.000000,63.000000,63.000000,63.000000,63.000000,63.000000,63.000000;;0;3838
3e5ee;2afb;3127;0;0;4000000000000038;     1m 21s 244ms 470μs 483ns;376;-1;             28ms  94μs 986ns;77.000000;4.883117;0.000000;inf;4;1;Unfinished;1.000000,1.000000,1.000000,1.000000,2.000000,2.000000,2.000000,2.000000,2.000000,2.000000,2.000000,2.000000,2.000000,2.000000,2.000000,3.000000,4.000000,5.000000,6.000000,6.000000,6.000000,6.000000,6.000000,6.000000,6.000000,7.000000,7.000000,8.000000,8.000000,9.000000,9.000000,9.000000,9.000000,10.000000,11.000000,11.000000,11.000000,11.000000,11.000000,11.000000,11.000000,12.000000,12.000000,13.000000,13.000000,13.000000,13.000000,13.000000,13.000000,13.000000,14.000000,14.000000,14.000000,15.000000,16.000000,16.000000,17.000000,17.000000,17.000000,17.000000,17.000000,17.000000,17.000000,18.000000,19.000000,19.000000,19.000000,20.000000,20.000000,20.000000,21.000000,21.000000,21.000000,22.000000,22.000000,22.000000,22.000000,22.000000,23.000000,23.000000,24.000000,24.000000,25.000000,25.000000,25.000000,25.000000,25.000000,25.000000,25.000000,25.000000,25.000000,25.000000,25.000000,25.000000,25.000000,25.000000,25.000000,25.000000,25.000000,25.000000,25.000000,25.000000,25.000000,25.000000,25.000000,25.000000,25.000000,26.000000,27.000000,28.000000,28.000000,28.000000,29.000000,29.000000,30.000000,30.000000,30.000000,30.000000,30.000000,30.000000,30.000000,30.000000,30.000000,30.000000,31.000000,31.000000,32.000000,32.000000,32.000000,32.000000,33.000000,33.000000,34.000000,34.000000,35.000000,35.000000,35.000000,35.000000,35.000000,35.000000,35.000000,35.000000,35.000000,35.000000,35.000000,35.000000,35.000000,36.000000,36.000000,36.000000,36.000000,36.000000,36.000000,36.000000,36.000000,36.000000,36.000000,36.000000,36.000000,36.000000,36.000000,36.000000,36.000000,36.000000,36.000000,36.000000,36.000000,36.000000,36.000000,36.000000,36.000000,36.000000,36.000000,36.000000,36.000000,36.000000,36.000000,36.000000,36.000000,36.000000,36.000000,37.000000,38.000000,38.000000,38.000000,38.000000,38.000000,38.000000,39.000000,40.000000,41.000000,42.000000,42.000000,42.000000,42.000000,42.000000,43.000000,44.000000,44.000000,45.000000,46.000000,46.000000,46.000000,46.000000,46.000000,46.000000,47.000000,47.000000,47.000000,47.000000,47.000000,47.000000,47.000000,47.000000,48.000000,48.000000,48.000000,48.000000,48.000000,49.000000,49.000000,50.000000,50.000000,50.000000,50.000000,50.000000,51.000000,52.000000,52.000000,53.000000,54.000000,55.000000,55.000000,56.000000,57.000000,57.000000,57.000000,57.000000,57.000000,57.000000,57.000000,57.000000,57.000000,57.000000,57.000000,57.000000,57.000000,57.000000,57.000000,57.000000,57.000000,57.000000,57.000000,57.000000,57.000000,57.000000,57.000000,57.000000,57.000000,57.000000,57.000000,57.000000,57.000000,58.000000,58.000000,58.000000,59.000000,60.000000,60.000000,60.000000,61.000000,61.000000,61.000000,61.000000,61.000000,61.000000,61.000000,61.000000,61.000000,62.000000,63.000000,64.000000,64.000000,64.000000,64.000000,64.000000,64.000000,64.000000,64.000000,64.000000,64.000000,65.000000,65.000000,66.000000,67.000000,68.000000,69.000000,69.000000,69.000000,69.000000,69.000000,70.000000,70.000000,70.000000,71.000000,71.000000,72.000000,72.000000,72.000000,73.000000,73.000000,73.000000,74.000000,74.000000,74.000000,75.000000,75.000000,76.000000,76.000000,76.000000,76.000000,76.000000,76.000000,76.000000,76.000000,76.000000,76.000000,76.000000,76.000000,76.000000,76.000000,76.000000,76.000000,76.000000,76.000000,76.000000,76.000000,76.000000,76.000000,76.000000,76.000000,76.000000,76.000000,76.000000,76.000000,76.000000,76.000000,76.000000,76.000000,76.000000,76.000000,76.000000,76.000000,76.000000,76.000000,76.000000,76.000000,76.000000,76.000000,76.000000,76.000000,76.000000,76.000000,76.000000,76.000000,76.000000,76.000000,76.000000,76.000000,76.000000,77.000000,77.000000,77.000000,77.000000,77.000000,77.000000;;0;57003
31c8;2958;3127;0;0;0000000000000030;         9s 252ms 278μs 468ns;376;-1;             23ms 175μs 511ns;64.000000;5.875000;0.000000;inf;4;1;Unfinished;1.000000,1.000000,1.000000,1.000000,2.000000,2.000000,2.000000,2.000000,2.000000,2.000000,2.000000,2.000000,2.000000,2.000000,2.000000,3.000000,4.000000,5.000000,6.000000,6.000000,6.000000,6.000000,6.000000,6.000000,6.000000,7.000000,7.000000,8.000000,8.000000,9.000000,9.000000,9.000000,9.000000,10.000000,11.000000,11.000000,11.000000,11.000000,11.000000,11.000000,11.000000,12.000000,12.000000,13.000000,13.000000,13.000000,13.000000,13.000000,13.000000,13.000000,14.000000,14.000000,14.000000,15.000000,16.000000,16.000000,17.000000,17.000000,17.000000,17.000000,17.000000,17.000000,17.000000,18.000000,19.000000,19.000000,19.000000,20.000000,20.000000,20.000000,21.000000,21.000000,21.000000,22.000000,22.000000,22.000000,22.000000,22.000000,23.000000,23.000000,24.000000,24.000000,25.000000,25.000000,25.000000,25.000000,25.000000,25.000000,25.000000,25.000000,25.000000,25.000000,25.000000,25.000000,25.000000,25.000000,25.000000,25.000000,25.000000,25.000000,25.000000,25.000000,25.000000,25.000000,25.000000,25.000000,25.000000,26.000000,27.000000,28.000000,28.000000,28.000000,29.000000,29.000000,30.000000,30.000000,30.000000,30.000000,30.000000,30.000000,30.000000,30.000000,30.000000,30.000000,31.000000,31.000000,32.000000,32.000000,32.000000,32.000000,33.000000,33.000000,34.000000,34.000000,35.000000,35.000000,35.000000,35.000000,35.000000,35.000000,35.000000,35.000000,35.000000,35.000000,35.000000,35.000000,35.000000,36.000000,36.000000,36.000000,36.000000,36.000000,36.000000,36.000000,36.000000,36.000000,36.000000,36.000000,36.000000,36.000000,36.000000,36.000000,36.000000,36.000000,36.000000,36.000000,36.000000,36.000000,36.000000,36.000000,36.000000,36.000000,36.000000,36.000000,36.000000,36.000000,36.000000,36.000000,36.000000,36.000000,36.000000,37.000000,38.000000,38.000000,38.000000,38.000000,38.000000,38.000000,39.000000,40.000000,41.000000,42.000000,42.000000,42.000000,42.000000,42.000000,43.000000,44.000000,44.000000,45.000000,46.000000,46.000000,46.000000,46.000000,46.000000,46.000000,47.000000,47.000000,47.000000,47.000000,47.000000,47.000000,47.000000,47.000000,48.000000,48.000000,48.000000,48.000000,48.000000,49.000000,49.000000,50.000000,50.000000,50.000000,50.000000,50.000000,51.000000,52.000000,52.000000,52.000000,53.000000,53.000000,53.000000,53.000000,53.000000,53.000000,53.000000,54.000000,55.000000,55.000000,55.000000,55.000000,55.000000,56.000000,56.000000,56.000000,56.000000,57.000000,58.000000,58.000000,58.000000,59.000000,59.000000,59.000000,60.000000,60.000000,60.000000,61.000000,62.000000,63.000000,63.000000,63.000000,63.000000,63.000000,63.000000,63.000000,63.000000,63.000000,63.000000,63.000000,63.000000,63.000000,63.000000,63.000000,63.000000,63.000000,63.000000,63.000000,63.000000,63.000000,63.000000,63.000000,63.000000,63.000000,63.000000,63.000000,63.000000,63.000000,63.000000,63.000000,63.000000,63.000000,63.000000,63.000000,63.000000,63.000000,63.000000,63.000000,63.000000,63.000000,63.000000,63.000000,63.000000,63.000000,63.000000,63.000000,63.000000,63.000000,63.000000,63.000000,63.000000,63.000000,63.000000,63.000000,63.000000,63.000000,63.000000,63.000000,63.000000,63.000000,63.000000,63.000000,63.000000,63.000000,63.000000,63.000000,63.000000,63.000000,63.000000,63.000000,63.000000,63.000000,63.000000,63.000000,63.000000,63.000000,63.000000,63.000000,63.000000,63.000000,63.000000,63.000000,63.000000,63.000000,63.000000,63.000000,63.000000,63.000000,63.000000,63.000000,63.000000,63.000000,63.000000,63.000000,63.000000,63.000000,63.000000,63.000000,63.000000,63.000000,63.000000,63.000000,63.000000,63.000000,63.000000,63.000000,63.000000,63.000000,63.000000,63.000000,63.000000,63.000000,63.000000,63.000000,63.000000,63.000000,64.000000;;0;3856
342a;285c;3127;0;0;0000000000000030;         9s 977ms 491μs 410ns;375;-1;             27ms 424μs 113ns;73.000000;5.136986;0.000000;inf;4;1;Unfinished;1.000000,1.000000,1.000000,1.000000,2.000000,2.000000,2.000000,2.000000,2.000000,2.000000,2.000000,2.000000,2.000000,2.000000,2.000000,3.000000,4.000000,5.000000,6.000000,6.000000,6.000000,6.000000,6.000000,6.000000,6.000000,7.000000,7.000000,8.000000,8.000000,9.000000,9.000000,9.000000,9.000000,10.000000,11.000000,11.000000,11.000000,11.000000,11.000000,11.000000,11.000000,12.000000,12.000000,13.000000,13.000000,13.000000,13.000000,13.000000,13.000000,13.000000,14.000000,14.000000,14.000000,15.000000,16.000000,16.000000,17.000000,17.000000,17.000000,17.000000,17.000000,17.000000,17.000000,18.000000,19.000000,20.000000,20.000000,20.000000,20.000000,20.000000,20.000000,20.000000,20.000000,21.000000,22.000000,22.000000,22.000000,23.000000,23.000000,24.000000,25.000000,25.000000,25.000000,25.000000,25.000000,25.000000,25.000000,25.000000,26.000000,26.000000,26.000000,26.000000,26.000000,26.000000,26.000000,26.000000,26.000000,26.000000,26.000000,26.000000,26.000000,27.000000,27.000000,27.000000,27.000000,27.000000,27.000000,27.000000,27.000000,27.000000,27.000000,27.000000,27.000000,27.000000,27.000000,27.000000,27.000000,27.000000,27.000000,27.000000,28.000000,28.000000,28.000000,29.000000,29.000000,30.000000,30.000000,31.000000,31.000000,32.000000,32.000000,32.000000,32.000000,32.000000,32.000000,32.000000,33.000000,33.000000,34.000000,34.000000,35.000000,36.000000,37.000000,37.000000,37.000000,37.000000,37.000000,37.000000,37.000000,38.000000,39.000000,39.000000,40.000000,40.000000,40.000000,41.000000,41.000000,41.000000,41.000000,41.000000,41.000000,42.000000,43.000000,43.000000,43.000000,43.000000,43.000000,43.000000,43.000000,43.000000,44.000000,44.000000,44.000000,45.000000,46.000000,46.000000,46.000000,46.000000,46.000000,46.000000,46.000000,46.000000,46.000000,46.000000,46.000000,47.000000,47.000000,47.000000,47.000000,47.000000,48.000000,49.000000,49.000000,49.000000,49.000000,50.000000,50.000000,50.000000,50.000000,50.000000,50.000000,50.000000,50.000000,50.000000,51.000000,51.000000,51.000000,51.000000,51.000000,51.000000,51.000000,51.000000,51.000000,51.000000,51.000000,51.000000,51.000000,51.000000,51.000000,51.000000,51.000000,51.000000,51.000000,52.000000,52.000000,52.000000,52.000000,52.000000,52.000000,53.000000,54.000000,55.000000,55.000000,56.000000,56.000000,57.000000,58.000000,58.000000,58.000000,59.000000,60.000000,61.000000,62.000000,62.000000,62.000000,62.000000,62.000000,62.000000,62.000000,62.000000,62.000000,62.000000,63.000000,63.000000,63.000000,63.000000,63.000000,63.000000,63.000000,63.000000,63.000000,64.000000,64.000000,64.000000,64.000000,64.000000,64.000000,64.000000,64.000000,64.000000,64.000000,64.000000,64.000000,64.000000,64.000000,64.000000,64.000000,64.000000,64.000000,64.000000,65.000000,66.000000,66.000000,66.000000,66.000000,67.000000,67.000000,68.000000,69.000000,69.000000,70.000000,70.000000,71.000000,72.000000,72.000000,72.000000,72.000000,72.000000,72.000000,72.000000,72.000000,72.000000,72.000000,72.000000,72.000000,72.000000,72.000000,72.000000,72.000000,72.000000,72.000000,72.000000,72.000000,72.000000,72.000000,72.000000,72.000000,72.000000,72.000000,72.000000,72.000000,72.000000,72.000000,72.000000,72.000000,72.000000,72.000000,72.000000,72.000000,72.000000,72.000000,72.000000,72.000000,72.000000,72.000000,72.000000,72.000000,72.000000,72.000000,72.000000,72.000000,72.000000,72.000000,72.000000,72.000000,72.000000,72.000000,72.000000,72.000000,72.000000,72.000000,72.000000,72.000000,72.000000,72.000000,72.000000,72.000000,72.000000,72.000000,72.000000,72.000000,72.000000,72.000000,72.000000,72.000000,72.000000,72.000000,72.000000,72.000000,72.000000,72.000000,72.000000,72.000000,72.000000,72.000000,73.000000;;0;44982
31ed;2958;3127;0;0;0000000000000030;         9s 292ms 898μs 553ns;375;-1;             25ms 229μs  97ns;64.000000;5.859375;0.000000;inf;4;1;Unfinished;1.000000,1.000000,1.000000,1.000000,2.000000,2.000000,2.000000,2.000000,2.000000,2.000000,2.000000,2.000000,2.000000,2.000000,2.000000,3.000000,4.000000,5.000000,6.000000,6.000000,6.000000,6.000000,6.000000,6.000000,6.000000,7.000000,7.000000,8.000000,8.000000,9.000000,9.000000,9.000000,9.000000,10.000000,11.000000,11.000000,11.000000,11.000000,11.000000,11.000000,11.000000,12.000000,12.000000,13.000000,13.000000,13.000000,13.000000,13.000000,13.000000,13.000000,14.000000,14.000000,14.000000,15.000000,16.000000,16.000000,17.000000,17.000000,17.000000,17.000000,17.000000,17.000000,17.000000,18.000000,19.000000,19.000000,19.000000,20.000000,20.000000,20.000000,21.000000,21.000000,21.000000,22.000000,22.000000,22.000000,22.000000,22.000000,23.000000,23.000000,24.000000,24.000000,25.000000,25.000000,25.000000,25.000000,25.000000,25.000000,25.000000,25.000000,25.000000,25.000000,25.000000,25.000000,25.000000,25.000000,25.000000,25.000000,25.000000,25.000000,25.000000,25.000000,25.000000,25.000000,25.000000,25.000000,25.000000,26.000000,27.000000,28.000000,28.000000,28.000000,29.000000,29.000000,30.000000,30.000000,30.000000,30.000000,30.000000,30.000000,30.000000,30.000000,30.000000,30.000000,31.000000,31.000000,32.000000,32.000000,32.000000,32.000000,33.000000,33.000000,34.000000,34.000000,35.000000,35.000000,35.000000,35.000000,35.000000,35.000000,35.000000,35.000000,35.000000,35.000000,35.000000,35.000000,35.000000,36.000000,36.000000,36.000000,36.000000,36.000000,36.000000,36.000000,36.000000,36.000000,36.000000,36.000000,36.000000,36.000000,36.000000,36.000000,36.000000,36.000000,36.000000,36.000000,36.000000,36.000000,36.000000,36.000000,36.000000,36.000000,36.000000,36.000000,36.000000,36.000000,36.000000,36.000000,36.000000,36.000000,36.000000,37.000000,38.000000,38.000000,38.000000,38.000000,38.000000,38.000000,39.000000,40.000000,41.000000,42.000000,42.000000,42.000000,42.000000,42.000000,43.000000,44.000000,44.000000,45.000000,46.000000,46.000000,46.000000,46.000000,46.000000,46.000000,47.000000,47.000000,47.000000,47.000000,47.000000,47.000000,47.000000,47.000000,48.000000,48.000000,48.000000,48.000000,48.000000,49.000000,49.000000,50.000000,50.000000,50.000000,50.000000,50.000000,51.000000,52.000000,52.000000,52.000000,53.000000,53.000000,53.000000,53.000000,53.000000,53.000000,53.000000,54.000000,55.000000,55.000000,55.000000,55.000000,55.000000,56.000000,56.000000,56.000000,56.000000,57.000000,58.000000,58.000000,58.000000,59.000000,59.000000,59.000000,60.000000,60.000000,60.000000,61.000000,62.000000,63.000000,63.000000,63.000000,63.000000,63.000000,63.000000,63.000000,63.000000,63.000000,63.000000,63.000000,63.000000,63.000000,63.000000,63.000000,63.000000,63.000000,63.000000,63.000000,63.000000,63.000000,63.000000,63.000000,63.000000,63.000000,63.000000,63.000000,63.000000,63.000000,63.000000,63.000000,63.000000,63.000000,63.000000,63.000000,63.000000,63.000000,63.000000,63.000000,63.000000,63.000000,63.000000,63.000000,63.000000,63.000000,63.000000,63.000000,63.000000,63.000000,63.000000,63.000000,63.000000,63.000000,63.000000,63.000000,63.000000,63.000000,63.000000,63.000000,63.000000,63.000000,63.000000,63.000000,63.000000,63.000000,63.000000,63.000000,63.000000,63.000000,63.000000,63.000000,63.000000,63.000000,63.000000,63.000000,63.000000,63.000000,63.000000,63.000000,63.000000,63.000000,63.000000,63.000000,63.000000,63.000000,63.000000,63.000000,63.000000,63.000000,63.000000,63.000000,63.000000,63.000000,63.000000,63.000000,63.000000,63.000000,63.000000,63.000000,63.000000,63.000000,63.000000,63.000000,63.000000,63.000000,63.000000,63.000000,63.000000,63.000000,63.000000,63.000000,63.000000,63.000000,63.000000,63.000000,63.000000,64.000000;;0;3898
2ec9c;2958;3127;0;0;0000000000000030;     1m  4s 158ms 392μs 648ns;375;-1;             25ms 270μs 984ns;63.000000;5.952381;0.000000;inf;4;1;Unfinished;1.000000,1.000000,1.000000,1.000000,2.000000,2.000000,2.000000,2.000000,2.000000,2.000000,2.000000,2.000000,2.000000,2.000000,2.000000,3.000000,4.000000,5.000000,6.000000,6.000000,6.000000,6.000000,6.000000,6.000000,6.000000,7.000000,7.000000,8.000000,8.000000,9.000000,9.000000,9.000000,9.000000,10.000000,11.000000,11.000000,11.000000,11.000000,11.000000,11.000000,11.000000,12.000000,12.000000,13.000000,13.000000,13.000000,13.000000,13.000000,13.000000,13.000000,14.000000,14.000000,14.000000,15.000000,16.000000,16.000000,17.000000,17.000000,17.000000,17.000000,17.000000,17.000000,17.000000,18.000000,19.000000,19.000000,19.000000,20.000000,20.000000,20.000000,21.000000,21.000000,21.000000,22.000000,22.000000,22.000000,22.000000,22.000000,23.000000,23.000000,24.000000,24.000000,25.000000,25.000000,25.000000,25.000000,25.000000,25.000000,25.000000,25.000000,25.000000,25.000000,25.000000,25.000000,25.000000,25.000000,25.000000,25.000000,25.000000,25.000000,25.000000,25.000000,25.000000,25.000000,25.000000,25.000000,25.000000,26.000000,27.000000,28.000000,28.000000,28.000000,29.000000,29.000000,30.000000,30.000000,30.000000,30.000000,30.000000,30.000000,30.000000,30.000000,30.000000,30.000000,31.000000,31.000000,32.000000,32.000000,32.000000,32.000000,33.000000,33.000000,34.000000,34.000000,35.000000,35.000000,35.000000,35.000000,35.000000,35.000000,35.000000,35.000000,35.000000,35.000000,35.000000,35.000000,35.000000,36.000000,36.000000,36.000000,36.000000,36.000000,36.000000,36.000000,36.000000,36.000000,36.000000,36.000000,36.000000,36.000000,36.000000,36.000000,36.000000,36.000000,36.000000,36.000000,36.000000,36.000000,36.000000,36.000000,36.000000,36.000000,36.000000,36.000000,36.000000,36.000000,36.000000,36.000000,36.000000,36.000000,36.000000,37.000000,38.000000,38.000000,38.000000,38.000000,38.000000,38.000000,39.000000,40.000000,41.000000,42.000000,42.000000,42.000000,42.000000,42.000000,43.000000,44.000000,44.000000,45.000000,46.000000,46.000000,46.000000,46.000000,46.000000,46.000000,47.000000,47.000000,47.000000,47.000000,47.000000,47.000000,47.000000,47.000000,48.000000,48.000000,48.000000,48.000000,48.000000,49.000000,49.000000,50.000000,50.000000,50.000000,50.000000,50.000000,51.000000,52.000000,52.000000,52.000000,53.000000,53.000000,53.000000,53.000000,53.000000,53.000000,53.000000,54.000000,55.000000,55.000000,55.000000,55.000000,55.000000,56.000000,56.000000,56.000000,56.000000,57.000000,58.000000,58.000000,58.000000,59.000000,59.000000,59.000000,60.000000,60.000000,60.000000,61.000000,62.000000,63.000000,63.000000,63.000000,63.000000,63.000000,63.000000,63.000000,63.000000,63.000000,63.000000,63.000000,63.000000,63.000000,63.000000,63.000000,63.000000,63.000000,63.000000,63.000000,63.000000,63.000000,63.000000,63.000000,63.000000,63.000000,63.000000,63.000000,63.000000,63.000000,63.000000,63.000000,63.000000,63.000000,63.000000,63.000000,63.000000,63.000000,63.000000,63.000000,63.000000,63.000000,63.000000,63.000000,63.000000,63.000000,63.000000,63.000000,63.000000,63.000000,63.000000,63.000000,63.000000,63.000000,63.000000,63.000000,63.000000,63.000000,63.000000,63.000000,63.000000,63.000000,63.000000,63.000000,63.000000,63.000000,63.000000,63.000000,63.000000,63.000000,63.000000,63.000000,63.000000,63.000000,63.000000,63.000000,63.000000,63.000000,63.000000,63.000000,63.000000,63.000000,63.000000,63.000000,63.000000,63.000000,63.000000,63.000000,63.000000,63.000000,63.000000,63.000000,63.000000,63.000000,63.000000,63.000000,63.000000,63.000000,63.000000,63.000000,63.000000,63.000000,63.000000,63.000000,63.000000,63.000000,63.000000,63.000000,63.000000,63.000000,63.000000,63.000000,63.000000,63.000000,63.000000,63.000000,63.000000;;0;52046
314e;2afb;3127;0;0;0000000000000030;         9s 221ms 846μs 311ns;374;-1;             23ms 239μs 935ns;76.000000;4.921053;0.000000;inf;4;1;Unfinished;1.000000,1.000000,1.000000,1.000000,2.000000,2.000000,2.000000,2.000000,2.000000,2.000000,2.000000,2.000000,2.000000,2.000000,2.000000,3.000000,4.000000,5.000000,6.000000,6.000000,6.000000,6.000000,6.000000,6.000000,6.000000,7.000000,7.000000,8.000000,8.000000,9.000000,9.000000,9.000000,9.000000,10.000000,11.000000,11.000000,11.000000,11.000000,11.000000,11.000000,11.000000,12.000000,12.000000,13.000000,13.000000,13.000000,13.000000,13.000000,13.000000,13.000000,14.000000,14.000000,14.000000,15.000000,16.000000,16.000000,17.000000,17.000000,17.000000,17.000000,17.000000,17.000000,17.000000,18.000000,19.000000,19.000000,19.000000,20.000000,20.000000,20.000000,21.000000,21.000000,21.000000,22.000000,22.000000,22.000000,22.000000,22.000000,23.000000,23.000000,24.000000,24.000000,25.000000,25.000000,25.000000,25.000000,25.000000,25.000000,25.000000,25.000000,25.000000,25.000000,25.000000,25.000000,25.000000,25.000000,25.000000,25.000000,25.000000,25.000000,25.000000,25.000000,25.000000,25.000000,25.000000,25.000000,25.000000,26.000000,27.000000,28.000000,28.000000,28.000000,29.000000,29.000000,30.000000,30.000000,30.000000,30.000000,30.000000,30.000000,30.000000,30.000000,30.000000,30.000000,31.000000,31.000000,32.000000,32.000000,32.000000,32.000000,33.000000,33.000000,34.000000,34.000000,35.000000,35.000000,35.000000,35.000000,35.000000,35.000000,35.000000,35.000000,35.000000,35.000000,35.000000,35.000000,35.000000,36.000000,36.000000,36.000000,36.000000,36.000000,36.000000,36.000000,36.000000,36.000000,36.000000,36.000000,36.000000,36.000000,36.000000,36.000000,36.000000,36.000000,36.000000,36.000000,36.000000,36.000000,36.000000,36.000000,36.000000,36.000000,36.000000,36.000000,36.000000,36.000000,36.000000,36.000000,36.000000,36.000000,36.000000,37.000000,38.000000,38.000000,38.000000,38.000000,38.000000,38.000000,39.000000,40.000000,41.000000,42.000000,42.000000,42.000000,42.000000,42.000000,43.000000,44.000000,44.000000,45.000000,46.000000,46.000000,46.000000,46.000000,46.000000,46.000000,47.000000,47.000000,47.000000,47.000000,47.000000,47.000000,47.000000,47.000000,48.000000,48.000000,48.000000,48.000000,48.000000,49.000000,49.000000,50.000000,50.000000,50.000000,50.000000,50.000000,51.000000,52.000000,52.000000,53.000000,54.000000,55.000000,55.000000,56.000000,57.000000,57.000000,57.000000,57.000000,57.000000,57.000000,57.000000,57.000000,57.000000,57.000000,57.000000,57.000000,57.000000,57.000000,57.000000,57.000000,57.000000,57.000000,57.000000,57.000000,57.000000,57.000000,57.000000,57.000000,57.000000,57.000000,57.000000,57.000000,57.000000,58.000000,58.000000,58.000000,59.000000,60.000000,60.000000,60.000000,61.000000,61.000000,61.000000,61.000000,61.000000,61.000000,61.000000,61.000000,61.000000,62.000000,63.000000,64.000000,64.000000,64.000000,64.000000,64.000000,64.000000,64.000000,64.000000,64.000000,64.000000,65.000000,65.000000,66.000000,67.000000,68.000000,69.000000,69.000000,69.000000,69.000000,69.000000,70.000000,70.000000,70.000000,71.000000,71.000000,72.000000,72.000000,72.000000,73.000000,73.000000,73.000000,74.000000,74.000000,74.000000,75.000000,75.000000,75.000000,75.000000,75.000000,75.000000,75.000000,75.000000,75.000000,75.000000,75.000000,75.000000,75.000000,75.000000,75.000000,75.000000,75.000000,75.000000,75.000000,75.000000,75.000000,75.000000,75.000000,75.000000,75.000000,75.000000,75.000000,75.000000,75.000000,75.000000,75.000000,75.000000,75.000000,75.000000,75.000000,75.000000,75.000000,75.000000,75.000000,75.000000,75.000000,75.000000,75.000000,75.000000,75.000000,75.000000,75.000000,75.000000,75.000000,75.000000,75.000000,75.000000,75.000000,75.000000,75.000000,75.000000,75.000000,75.000000,76.000000;;0;3810
32db;285c;3127;0;0;0000000000000030;         9s 563ms 918μs 370ns;374;-1;             27ms 714μs 811ns;76.000000;4.921053;0.000000;inf;4;1;Unfinished;1.000000,1.000000,1.000000,1.000000,2.000000,2.000000,2.000000,2.000000,2.000000,2.000000,2.000000,2.000000,2.000000,2.000000,2.000000,3.000000,4.000000,5.000000,6.000000,6.000000,6.000000,6.000000,6.000000,6.000000,6.000000,7.000000,7.000000,8.000000,8.000000,9.000000,9.000000,9.000000,9.000000,10.000000,11.000000,11.000000,11.000000,11.000000,11.000000,11.000000,11.000000,12.000000,12.000000,13.000000,13.000000,13.000000,13.000000,13.000000,13.000000,13.000000,14.000000,14.000000,14.000000,15.000000,16.000000,16.000000,17.000000,17.000000,17.000000,17.000000,17.000000,17.000000,17.000000,18.000000,19.000000,20.000000,20.000000,20.000000,20.000000,20.000000,20.000000,20.000000,20.000000,21.000000,22.000000,22.000000,22.000000,23.000000,23.000000,24.000000,25.000000,25.000000,25.000000,25.000000,25.000000,25.000000,25.000000,25.000000,26.000000,26.000000,26.000000,26.000000,26.000000,26.000000,26.000000,26.000000,26.000000,26.000000,26.000000,26.000000,26.000000,27.000000,27.000000,27.000000,27.000000,27.000000,27.000000,27.000000,27.000000,27.000000,27.000000,27.000000,27.000000,27.000000,27.000000,27.000000,27.000000,27.000000,27.000000,27.000000,28.000000,28.000000,28.000000,29.000000,29.000000,30.000000,30.000000,31.000000,31.000000,32.000000,32.000000,32.000000,32.000000,32.000000,32.000000,32.000000,33.000000,33.000000,34.000000,34.000000,35.000000,36.000000,37.000000,37.000000,37.000000,37.000000,37.000000,37.000000,37.000000,38.000000,39.000000,39.000000,40.000000,40.000000,40.000000,41.000000,41.000000,41.000000,41.000000,41.000000,41.000000,42.000000,43.000000,43.000000,43.000000,43.000000,43.000000,43.000000,43.000000,43.000000,44.000000,44.000000,44.000000,45.000000,46.000000,46.000000,46.000000,46.000000,46.000000,46.000000,46.000000,46.000000,46.000000,46.000000,46.000000,47.000000,47.000000,47.000000,47.000000,47.000000,48.000000,49.000000,49.000000,49.000000,49.000000,50.000000,50.000000,50.000000,50.000000,50.000000,50.000000,50.000000,50.000000,50.000000,51.000000,51.000000,51.000000,51.000000,51.000000,51.000000,51.000000,51.000000,51.000000,51.000000,51.000000,51.000000,51.000000,51.000000,51.000000,51.000000,51.000000,51.000000,51.000000,52.000000,52.000000,52.000000,52.000000,52.000000,52.000000,53.000000,54.000000,55.000000,55.000000,56.000000,56.000000,57.000000,58.000000,58.000000,58.000000,59.000000,60.000000,61.000000,62.000000,62.000000,62.000000,62.000000,62.000000,62.000000,62.000000,62.000000,62.000000,62.000000,63.000000,63.000000,63.000000,63.000000,63.000000,63.000000,63.000000,63.000000,63.000000,64.000000,64.000000,64.000000,64.000000,64.000000,64.000000,64.000000,64.000000,64.000000,64.000000,64.000000,64.000000,64.000000,64.000000,64.000000,64.000000,64.000000,64.000000,64.000000,65.000000,65.000000,65.000000,65.000000,65.000000,65.000000,65.000000,65.000000,65.000000,65.000000,65.000000,65.000000,65.000000,65.000000,65.000000,65.000000,65.000000,65.000000,66.000000,66.000000,66.000000,66.000000,66.000000,66.000000,66.000000,66.000000,66.000000,66.000000,67.000000,67.000000,67.000000,67.000000,67.000000,67.000000,67.000000,67.000000,67.000000,68.000000,68.000000,69.000000,69.000000,70.000000,70.000000,70.000000,70.000000,70.000000,70.000000,70.000000,70.000000,70.000000,70.000000,70.000000,70.000000,70.000000,70.000000,70.000000,70.000000,70.000000,70.000000,70.000000,70.000000,70.000000,70.000000,71.000000,71.000000,71.000000,72.000000,73.000000,73.000000,73.000000,73.000000,73.000000,73.000000,73.000000,73.000000,73.000000,73.000000,73.000000,73.000000,73.000000,73.000000,73.000000,73.000000,74.000000,74.000000,74.000000,75.000000,75.000000,75.000000,75.000000,76.000000,76.000000,76.000000,76.000000;;0;31229
336b;285c;3127;0;0;0000000000000030;         9s 782ms 493μs 260ns;374;-1;             26ms 721μs 763ns;75.000000;4.986667;0.000000;inf;4;1;Unfinished;1.000000,1.000000,1.000000,1.000000,2.000000,2.000000,2.000000,2.000000,2.000000,2.000000,2.000000,2.000000,2.000000,2.000000,2.000000,3.000000,4.000000,5.000000,6.000000,6.000000,6.000000,6.000000,6.000000,6.000000,6.000000,7.000000,7.000000,8.000000,8.000000,9.000000,9.000000,9.000000,9.000000,10.000000,11.000000,11.000000,11.000000,11.000000,11.000000,11.000000,11.000000,12.000000,12.000000,13.000000,13.000000,13.000000,13.000000,13.000000,13.000000,13.000000,14.000000,14.000000,14.000000,15.000000,16.000000,16.000000,17.000000,17.000000,17.000000,17.000000,17.000000,17.000000,17.000000,18.000000,19.000000,20.000000,20.000000,20.000000,20.000000,20.000000,20.000000,20.000000,20.000000,21.000000,22.000000,22.000000,22.000000,23.000000,23.000000,24.000000,25.000000,25.000000,25.000000,25.000000,25.000000,25.000000,25.000000,25.000000,26.000000,26.000000,26.000000,26.000000,26.000000,26.000000,26.000000,26.000000,26.000000,26.000000,26.000000,26.000000,26.000000,27.000000,27.000000,27.000000,27.000000,27.000000,27.000000,27.000000,27.000000,27.000000,27.000000,27.000000,27.000000,27.000000,27.000000,27.000000,27.000000,27.000000,27.000000,27.000000,28.000000,28.000000,28.000000,29.000000,29.000000,30.000000,30.000000,31.000000,31.000000,32.000000,32.000000,32.000000,32.000000,32.000000,32.000000,32.000000,33.000000,33.000000,34.000000,34.000000,35.000000,36.000000,37.000000,37.000000,37.000000,37.000000,37.000000,37.000000,37.000000,38.000000,39.000000,39.000000,40.000000,40.000000,40.000000,41.000000,41.000000,41.000000,41.000000,41.000000,41.000000,42.000000,43.000000,43.000000,43.000000,43.000000,43.000000,43.000000,43.000000,43.000000,44.000000,44.000000,44.000000,45.000000,46.000000,46.000000,46.000000,46.000000,46.000000,46.000000,46.000000,46.000000,46.000000,46.000000,46.000000,47.000000,47.000000,47.000000,47.000000,47.000000,48.000000,49.000000,49.000000,49.000000,49.000000,50.000000,50.000000,50.000000,50.000000,50.000000,50.000000,50.000000,50.000000,50.000000,51.000000,51.000000,51.000000,51.000000,51.000000,51.000000,51.000000,51.000000,51.000000,51.000000,51.000000,51.000000,51.000000,51.000000,51.000000,51.000000,51.000000,51.000000,51.000000,52.000000,52.000000,52.000000,52.000000,52.000000,52.000000,53.000000,54.000000,55.000000,55.000000,56.000000,56.000000,57.000000,58.000000,58.000000,58.000000,59.000000,60.000000,61.000000,62.000000,62.000000,62.000000,62.000000,62.000000,62.000000,62.000000,62.000000,62.000000,62.000000,63.000000,63.000000,63.000000,63.000000,63.000000,63.000000,63.000000,63.000000,63.000000,64.000000,64.000000,64.000000,64.000000,64.000000,64.000000,64.000000,64.000000,64.000000,64.000000,64.000000,64.000000,64.000000,64.000000,64.000000,64.000000,64.000000,64.000000,64.000000,64.000000,64.000000,64.000000,64.000000,64.000000,64.000000,64.000000,64.000000,64.000000,64.000000,64.000000,64.000000,64.000000,64.000000,64.000000,64.000000,64.000000,64.000000,64.000000,64.000000,64.000000,64.000000,65.000000,65.000000,66.000000,66.000000,66.000000,66.000000,66.000000,66.000000,66.000000,67.000000,67.000000,67.000000,67.000000,67.000000,67.000000,67.000000,67.000000,67.000000,67.000000,67.000000,67.000000,67.000000,67.000000,68.000000,69.000000,69.000000,69.000000,69.000000,69.000000,69.000000,69.000000,69.000000,69.000000,69.000000,69.000000,69.000000,69.000000,69.000000,69.000000,69.000000,69.000000,69.000000,70.000000,71.000000,71.000000,71.000000,71.000000,71.000000,71.000000,71.000000,71.000000,71.000000,71.000000,71.000000,71.000000,71.000000,71.000000,71.000000,71.000000,71.000000,72.000000,73.000000,73.000000,73.000000,73.000000,73.000000,74.000000,75.000000,75.000000,75.000000,75.000000,75.000000;;0;34268
31ff;285c;3127;0;0;0000000000000030;         9s 318ms 775μs 963ns;374;-1;             23ms 594μs 826ns;71.000000;5.267606;0.000000;inf;4;1;Unfinished;1.000000,1.000000,1.000000,1.000000,2.000000,2.000000,2.000000,2.000000,2.000000,2.000000,2.000000,2.000000,2.000000,2.000000,2.000000,3.000000,4.000000,5.000000,6.000000,6.000000,6.000000,6.000000,6.000000,6.000000,6.000000,7.000000,7.000000,8.000000,8.000000,9.000000,9.000000,9.000000,9.000000,10.000000,11.000000,11.000000,11.000000,11.000000,11.000000,11.000000,11.000000,12.000000,12.000000,13.000000,13.000000,13.000000,13.000000,13.000000,13.000000,13.000000,14.000000,14.000000,14.000000,15.000000,16.000000,16.000000,17.000000,17.000000,17.000000,17.000000,17.000000,17.000000,17.000000,18.000000,19.000000,20.000000,20.000000,20.000000,20.000000,20.000000,20.000000,20.000000,20.000000,21.000000,22.000000,22.000000,22.000000,23.000000,23.000000,24.000000,25.000000,25.000000,25.000000,25.000000,25.000000,25.000000,25.000000,25.000000,26.000000,26.000000,26.000000,26.000000,26.000000,26.000000,26.000000,26.000000,26.000000,26.000000,26.000000,26.000000,26.000000,27.000000,27.000000,27.000000,27.000000,27.000000,27.000000,27.000000,27.000000,27.000000,27.000000,27.000000,27.000000,27.000000,27.000000,27.000000,27.000000,27.000000,27.000000,27.000000,28.000000,28.000000,28.000000,29.000000,29.000000,30.000000,30.000000,31.000000,31.000000,32.000000,32.000000,32.000000,32.000000,32.000000,32.000000,32.000000,33.000000,33.000000,34.000000,34.000000,35.000000,36.000000,37.000000,37.000000,37.000000,37.000000,37.000000,37.000000,37.000000,38.000000,39.000000,39.000000,40.000000,40.000000,40.000000,41.000000,41.000000,41.000000,41.000000,41.000000,41.000000,42.000000,43.000000,43.000000,43.000000,43.000000,43.000000,43.000000,43.000000,43.000000,44.000000,44.000000,44.000000,45.000000,46.000000,46.000000,46.000000,46.000000,46.000000,46.000000,46.000000,46.000000,46.000000,46.000000,46.000000,47.000000,47.000000,47.000000,47.000000,47.000000,48.000000,49.000000,49.000000,49.000000,49.000000,50.000000,50.000000,50.000000,50.000000,50.000000,50.000000,50.000000,50.000000,50.000000,51.000000,51.000000,51.000000,51.000000,51.000000,51.000000,51.000000,51.000000,51.000000,51.000000,51.000000,51.000000,51.000000,51.000000,51.000000,51.000000,51.000000,51.000000,51.000000,52.000000,52.000000,52.000000,52.000000,52.000000,52.000000,53.000000,54.000000,55.000000,55.000000,56.000000,56.000000,57.000000,58.000000,58.000000,58.000000,59.000000,60.000000,61.000000,62.000000,62.000000,62.000000,62.000000,62.000000,62.000000,62.000000,62.000000,62.000000,62.000000,63.000000,63.000000,63.000000,63.000000,63.000000,63.000000,63.000000,63.000000,63.000000,64.000000,64.000000,64.000000,64.000000,64.000000,64.000000,64.000000,64.000000,64.000000,64.000000,64.000000,64.000000,64.000000,64.000000,64.000000,64.000000,64.000000,64.000000,64.000000,64.000000,64.000000,64.000000,64.000000,64.000000,65.000000,65.000000,65.000000,65.000000,65.000000,65.000000,65.000000,65.000000,65.000000,65.000000,65.000000,65.000000,65.000000,65.000000,65.000000,66.000000,67.000000,68.000000,68.000000,69.000000,69.000000,69.000000,69.000000,69.000000,69.000000,69.000000,69.000000,69.000000,69.000000,70.000000,70.000000,70.000000,70.000000,70.000000,71.000000,71.000000,71.000000,71.000000,71.000000,71.000000,71.000000,71.000000,71.000000,71.000000,71.000000,71.000000,71.000000,71.000000,71.000000,71.000000,71.000000,71.000000,71.000000,71.000000,71.000000,71.000000,71.000000,71.000000,71.000000,71.000000,71.000000,71.000000,71.000000,71.000000,71.000000,71.000000,71.000000,71.000000,71.000000,71.000000,71.000000,71.000000,71.000000,71.000000,71.000000,71.000000,71.000000,71.000000,71.000000,71.000000,71.000000,71.000000,71.000000,71.000000,71.000000,71.000000,71.000000,71.000000,71.000000;;0;3913
32d7;2c36;3127;0;0;0000000000000030;         9s 559ms 719μs 791ns;374;-1;             27ms  95μs 103ns;68.000000;5.500000;0.000000;inf;4;1;Unfinished;1.000000,1.000000,1.000000,1.000000,2.000000,2.000000,2.000000,2.000000,2.000000,2.000000,2.000000,2.000000,2.000000,2.000000,2.000000,3.000000,4.000000,5.000000,6.000000,6.000000,6.000000,6.000000,6.000000,6.000000,6.000000,7.000000,7.000000,8.000000,8.000000,9.000000,9.000000,9.000000,9.000000,10.000000,11.000000,11.000000,11.000000,11.000000,11.000000,11.000000,11.000000,12.000000,12.000000,13.000000,13.000000,13.000000,13.000000,13.000000,13.000000,13.000000,14.000000,14.000000,14.000000,15.000000,16.000000,16.000000,17.000000,17.000000,17.000000,17.000000,17.000000,17.000000,17.000000,18.000000,19.000000,19.000000,19.000000,20.000000,20.000000,20.000000,21.000000,21.000000,21.000000,22.000000,22.000000,22.000000,22.000000,22.000000,23.000000,23.000000,24.000000,24.000000,25.000000,25.000000,25.000000,25.000000,25.000000,25.000000,25.000000,25.000000,25.000000,25.000000,25.000000,25.000000,25.000000,25.000000,25.000000,25.000000,25.000000,25.000000,25.000000,25.000000,25.000000,25.000000,25.000000,25.000000,25.000000,26.000000,27.000000,28.000000,28.000000,28.000000,29.000000,29.000000,30.000000,30.000000,30.000000,30.000000,30.000000,30.000000,30.000000,30.000000,30.000000,30.000000,31.000000,31.000000,32.000000,32.000000,32.000000,32.000000,33.000000,33.000000,34.000000,34.000000,35.000000,35.000000,35.000000,35.000000,35.000000,35.000000,35.000000,35.000000,35.000000,35.000000,35.000000,35.000000,35.000000,36.000000,36.000000,36.000000,36.000000,36.000000,36.000000,36.000000,36.000000,36.000000,36.000000,36.000000,36.000000,36.000000,36.000000,36.000000,36.000000,36.000000,36.000000,36.000000,36.000000,36.000000,36.000000,36.000000,36.000000,36.000000,36.000000,36.000000,36.000000,36.000000,36.000000,36.000000,36.000000,36.000000,36.000000,37.000000,38.000000,38.000000,38.000000,38.000000,38.000000,38.000000,39.000000,40.000000,41.000000,42.000000,42.000000,42.000000,42.000000,42.000000,43.000000,44.000000,44.000000,45.000000,46.000000,46.000000,46.000000,46.000000,46.000000,46.000000,47.000000,47.000000,47.000000,47.000000,47.000000,47.000000,47.000000,47.000000,48.000000,48.000000,48.000000,48.000000,48.000000,49.000000,49.000000,50.000000,50.000000,50.000000,50.000000,50.000000,51.000000,52.000000,52.000000,52.000000,52.000000,53.000000,53.000000,53.000000,54.000000,54.000000,54.000000,55.000000,56.000000,57.000000,58.000000,59.000000,60.000000,60.000000,60.000000,60.000000,60.000000,60.000000,60.000000,60.000000,60.000000,60.000000,60.000000,60.000000,60.000000,60.000000,60.000000,60.000000,60.000000,60.000000,60.000000,61.000000,62.000000,62.000000,62.000000,62.000000,62.000000,62.000000,62.000000,62.000000,62.000000,62.000000,62.000000,63.000000,64.000000,64.000000,64.000000,64.000000,64.000000,64.000000,65.000000,65.000000,66.000000,67.000000,68.000000,68.000000,68.000000,68.000000,68.000000,68.000000,68.000000,68.000000,68.000000,68.000000,68.000000,68.000000,68.000000,68.000000,68.000000,68.000000,68.000000,68.000000,68.000000,68.000000,68.000000,68.000000,68.000000,68.000000,68.000000,68.000000,68.000000,68.000000,68.000000,68.000000,68.000000,68.000000,68.000000,68.000000,68.000000,68.000000,68.000000,68.000000,68.000000,68.000000,68.000000,68.000000,68.000000,68.000000,68.000000,68.000000,68.000000,68.000000,68.000000,68.000000,68.000000,68.000000,68.000000,68.000000,68.000000,68.000000,68.000000,68.000000,68.000000,68.000000,68.000000,68.000000,68.000000,68.000000,68.000000,68.000000,68.000000,68.000000,68.000000,68.000000,68.000000,68.000000,68.000000,68.000000,68.000000,68.000000,68.000000,68.000000,68.000000,68.000000,68.000000,68.000000,68.000000,68.000000,68.000000,68.000000,68.000000,68.000000,68.000000,68.000000;;0;31228
1b9bd;2c36;3127;0;0;0000000000000030;        39s 489ms 143μs 935ns;374;-1;             25ms 328μs  96ns;68.000000;5.500000;0.000000;inf;4;1;Unfinished;1.000000,1.000000,1.000000,1.000000,2.000000,2.000000,2.000000,2.000000,2.000000,2.000000,2.000000,2.000000,2.000000,2.000000,2.000000,3.000000,4.000000,5.000000,6.000000,6.000000,6.000000,6.000000,6.000000,6.000000,6.000000,7.000000,7.000000,8.000000,8.000000,9.000000,9.000000,9.000000,9.000000,10.000000,11.000000,11.000000,11.000000,11.000000,11.000000,11.000000,11.000000,12.000000,12.000000,13.000000,13.000000,13.000000,13.000000,13.000000,13.000000,13.000000,14.000000,14.000000,14.000000,15.000000,16.000000,16.000000,17.000000,17.000000,17.000000,17.000000,17.000000,17.000000,17.000000,18.000000,19.000000,19.000000,19.000000,20.000000,20.000000,20.000000,21.000000,21.000000,21.000000,22.000000,22.000000,22.000000,22.000000,22.000000,23.000000,23.000000,24.000000,24.000000,25.000000,25.000000,25.000000,25.000000,25.000000,25.000000,25.000000,25.000000,25.000000,25.000000,25.000000,25.000000,25.000000,25.000000,25.000000,25.000000,25.000000,25.000000,25.000000,25.000000,25.000000,25.000000,25.000000,25.000000,25.000000,26.000000,27.000000,28.000000,28.000000,28.000000,29.000000,29.000000,30.000000,30.000000,30.000000,30.000000,30.000000,30.000000,30.000000,30.000000,30.000000,30.000000,31.000000,31.000000,32.000000,32.000000,32.000000,32.000000,33.000000,33.000000,34.000000,34.000000,35.000000,35.000000,35.000000,35.000000,35.000000,35.000000,35.000000,35.000000,35.000000,35.000000,35.000000,35.000000,35.000000,36.000000,36.000000,36.000000,36.000000,36.000000,36.000000,36.000000,36.000000,36.000000,36.000000,36.000000,36.000000,36.000000,36.000000,36.000000,36.000000,36.000000,36.000000,36.000000,36.000000,36.000000,36.000000,36.000000,36.000000,36.000000,36.000000,36.000000,36.000000,36.000000,36.000000,36.000000,36.000000,36.000000,36.000000,37.000000,38.000000,38.000000,38.000000,38.000000,38.000000,38.000000,39.000000,40.000000,41.000000,42.000000,42.000000,42.000000,42.000000,42.000000,43.000000,44.000000,44.000000,45.000000,46.000000,46.000000,46.000000,46.000000,46.000000,46.000000,47.000000,47.000000,47.000000,47.000000,47.000000,47.000000,47.000000,47.000000,48.000000,48.000000,48.000000,48.000000,48.000000,49.000000,49.000000,50.000000,50.000000,50.000000,50.000000,50.000000,51.000000,52.000000,52.000000,52.000000,52.000000,53.000000,53.000000,53.000000,54.000000,54.000000,54.000000,55.000000,56.000000,57.000000,58.000000,59.000000,60.000000,60.000000,60.000000,60.000000,60.000000,60.000000,60.000000,60.000000,60.000000,60.000000,60.000000,60.000000,60.000000,60.000000,60.000000,60.000000,60.000000,60.000000,60.000000,61.000000,62.000000,62.000000,62.000000,62.000000,62.000000,62.000000,62.000000,62.000000,62.000000,62.000000,62.000000,63.000000,64.000000,64.000000,64.000000,64.000000,64.000000,64.000000,65.000000,65.000000,66.000000,67.000000,68.000000,68.000000,68.000000,68.000000,68.000000,68.000000,68.000000,68.000000,68.000000,68.000000,68.000000,68.000000,68.000000,68.000000,68.000000,68.000000,68.000000,68.000000,68.000000,68.000000,68.000000,68.000000,68.000000,68.000000,68.000000,68.000000,68.000000,68.000000,68.000000,68.000000,68.000000,68.000000,68.000000,68.000000,68.000000,68.000000,68.000000,68.000000,68.000000,68.000000,68.000000,68.000000,68.000000,68.000000,68.000000,68.000000,68.000000,68.000000,68.000000,68.000000,68.000000,68.000000,68.000000,68.000000,68.000000,68.000000,68.000000,68.000000,68.000000,68.000000,68.000000,68.000000,68.000000,68.000000,68.000000,68.000000,68.000000,68.000000,68.000000,68.000000,68.000000,68.000000,68.000000,68.000000,68.000000,68.000000,68.000000,68.000000,68.000000,68.000000,68.000000,68.000000,68.000000,68.000000,68.000000,68.000000,68.000000,68.000000,68.000000,68.000000;;0;46007
31b6;2958;3127;0;0;0000000000000030;         9s 251ms 681μs 901ns;374;-1;             23ms 205μs 986ns;63.000000;5.936508;0.000000;inf;4;1;Unfinished;1.000000,1.000000,1.000000,1.000000,2.000000,2.000000,2.000000,2.000000,2.000000,2.000000,2.000000,2.000000,2.000000,2.000000,2.000000,3.000000,4.000000,5.000000,6.000000,6.000000,6.000000,6.000000,6.000000,6.000000,6.000000,7.000000,7.000000,8.000000,8.000000,9.000000,9.000000,9.000000,9.000000,10.000000,11.000000,11.000000,11.000000,11.000000,11.000000,11.000000,11.000000,12.000000,12.000000,13.000000,13.000000,13.000000,13.000000,13.000000,13.000000,13.000000,14.000000,14.000000,14.000000,15.000000,16.000000,16.000000,17.000000,17.000000,17.000000,17.000000,17.000000,17.000000,17.000000,18.000000,19.000000,19.000000,19.000000,20.000000,20.000000,20.000000,21.000000,21.000000,21.000000,22.000000,22.000000,22.000000,22.000000,22.000000,23.000000,23.000000,24.000000,24.000000,25.000000,25.000000,25.000000,25.000000,25.000000,25.000000,25.000000,25.000000,25.000000,25.000000,25.000000,25.000000,25.000000,25.000000,25.000000,25.000000,25.000000,25.000000,25.000000,25.000000,25.000000,25.000000,25.000000,25.000000,25.000000,26.000000,27.000000,28.000000,28.000000,28.000000,29.000000,29.000000,30.000000,30.000000,30.000000,30.000000,30.000000,30.000000,30.000000,30.000000,30.000000,30.000000,31.000000,31.000000,32.000000,32.000000,32.000000,32.000000,33.000000,33.000000,34.000000,34.000000,35.000000,35.000000,35.000000,35.000000,35.000000,35.000000,35.000000,35.000000,35.000000,35.000000,35.000000,35.000000,35.000000,36.000000,36.000000,36.000000,36.000000,36.000000,36.000000,36.000000,36.000000,36.000000,36.000000,36.000000,36.000000,36.000000,36.000000,36.000000,36.000000,36.000000,36.000000,36.000000,36.000000,36.000000,36.000000,36.000000,36.000000,36.000000,36.000000,36.000000,36.000000,36.000000,36.000000,36.000000,36.000000,36.000000,36.000000,37.000000,38.000000,38.000000,38.000000,38.000000,38.000000,38.000000,39.000000,40.000000,41.000000,42.000000,42.000000,42.000000,42.000000,42.000000,43.000000,44.000000,44.000000,45.000000,46.000000,46.000000,46.000000,46.000000,46.000000,46.000000,47.000000,47.000000,47.000000,47.000000,47.000000,47.000000,47.000000,47.000000,48.000000,48.000000,48.000000,48.000000,48.000000,49.000000,49.000000,50.000000,50.000000,50.000000,50.000000,50.000000,51.000000,52.000000,52.000000,52.000000,53.000000,53.000000,53.000000,53.000000,53.000000,53.000000,53.000000,54.000000,55.000000,55.000000,55.000000,55.000000,55.000000,56.000000,56.000000,56.000000,56.000000,57.000000,58.000000,58.000000,58.000000,59.000000,59.000000,59.000000,60.000000,60.000000,60.000000,61.000000,62.000000,63.000000,63.000000,63.000000,63.000000,63.000000,63.000000,63.000000,63.000000,63.000000,63.000000,63.000000,63.000000,63.000000,63.000000,63.000000,63.000000,63.000000,63.000000,63.000000,63.000000,63.000000,63.000000,63.000000,63.000000,63.000000,63.000000,63.000000,63.000000,63.000000,63.000000,63.000000,63.000000,63.000000,63.000000,63.000000,63.000000,63.000000,63.000000,63.000000,63.000000,63.000000,63.000000,63.000000,63.000000,63.000000,63.000000,63.000000,63.000000,63.000000,63.000000,63.000000,63.000000,63.000000,63.000000,63.000000,63.000000,63.000000,63.000000,63.000000,63.000000,63.000000,63.000000,63.000000,63.000000,63.000000,63.000000,63.000000,63.000000,63.000000,63.000000,63.000000,63.000000,63.000000,63.000000,63.000000,63.000000,63.000000,63.000000,63.000000,63.000000,63.000000,63.000000,63.000000,63.000000,63.000000,63.000000,63.000000,63.000000,63.000000,63.000000,63.000000,63.000000,63.000000,63.000000,63.000000,63.000000,63.000000,63.000000,63.000000,63.000000,63.000000,63.000000,63.000000,63.000000,63.000000,63.000000,63.000000,63.000000,63.000000,63.000000,63.000000,63.000000,63.000000,63.000000,63.000000;;0;3850
327c;2958;3127;0;0;0000000000000030;         9s 489ms 749μs 111ns;374;-1;             23ms 957μs  54ns;63.000000;5.936508;0.000000;inf;4;1;Unfinished;1.000000,1.000000,1.000000,1.000000,2.000000,2.000000,2.000000,2.000000,2.000000,2.000000,2.000000,2.000000,2.000000,2.000000,2.000000,3.000000,4.000000,5.000000,6.000000,6.000000,6.000000,6.000000,6.000000,6.000000,6.000000,7.000000,7.000000,8.000000,8.000000,9.000000,9.000000,9.000000,9.000000,10.000000,11.000000,11.000000,11.000000,11.000000,11.000000,11.000000,11.000000,12.000000,12.000000,13.000000,13.000000,13.000000,13.000000,13.000000,13.000000,13.000000,14.000000,14.000000,14.000000,15.000000,16.000000,16.000000,17.000000,17.000000,17.000000,17.000000,17.000000,17.000000,17.000000,18.000000,19.000000,19.000000,19.000000,20.000000,20.000000,20.000000,21.000000,21.000000,21.000000,22.000000,22.000000,22.000000,22.000000,22.000000,23.000000,23.000000,24.000000,24.000000,25.000000,25.000000,25.000000,25.000000,25.000000,25.000000,25.000000,25.000000,25.000000,25.000000,25.000000,25.000000,25.000000,25.000000,25.000000,25.000000,25.000000,25.000000,25.000000,25.000000,25.000000,25.000000,25.000000,25.000000,25.000000,26.000000,27.000000,28.000000,28.000000,28.000000,29.000000,29.000000,30.000000,30.000000,30.000000,30.000000,30.000000,30.000000,30.000000,30.000000,30.000000,30.000000,31.000000,31.000000,32.000000,32.000000,32.000000,32.000000,33.000000,33.000000,34.000000,34.000000,35.000000,35.000000,35.000000,35.000000,35.000000,35.000000,35.000000,35.000000,35.000000,35.000000,35.000000,35.000000,35.000000,36.000000,36.000000,36.000000,36.000000,36.000000,36.000000,36.000000,36.000000,36.000000,36.000000,36.000000,36.000000,36.000000,36.000000,36.000000,36.000000,36.000000,36.000000,36.000000,36.000000,36.000000,36.000000,36.000000,36.000000,36.000000,36.000000,36.000000,36.000000,36.000000,36.000000,36.000000,36.000000,36.000000,36.000000,37.000000,38.000000,38.000000,38.000000,38.000000,38.000000,38.000000,39.000000,40.000000,41.000000,42.000000,42.000000,42.000000,42.000000,42.000000,43.000000,44.000000,44.000000,45.000000,46.000000,46.000000,46.000000,46.000000,46.000000,46.000000,47.000000,47.000000,47.000000,47.000000,47.000000,47.000000,47.000000,47.000000,48.000000,48.000000,48.000000,48.000000,48.000000,49.000000,49.000000,50.000000,50.000000,50.000000,50.000000,50.000000,51.000000,52.000000,52.000000,52.000000,53.000000,53.000000,53.000000,53.000000,53.000000,53.000000,53.000000,54.000000,55.000000,55.000000,55.000000,55.000000,55.000000,56.000000,56.000000,56.000000,56.000000,57.000000,58.000000,58.000000,58.000000,59.000000,59.000000,59.000000,60.000000,60.000000,60.000000,61.000000,62.000000,63.000000,63.000000,63.000000,63.000000,63.000000,63.000000,63.000000,63.000000,63.000000,63.000000,63.000000,63.000000,63.000000,63.000000,63.000000,63.000000,63.000000,63.000000,63.000000,63.000000,63.000000,63.000000,63.000000,63.000000,63.000000,63.000000,63.000000,63.000000,63.000000,63.000000,63.000000,63.000000,63.000000,63.000000,63.000000,63.000000,63.000000,63.000000,63.000000,63.000000,63.000000,63.000000,63.000000,63.000000,63.000000,63.000000,63.000000,63.000000,63.000000,63.000000,63.000000,63.000000,63.000000,63.000000,63.000000,63.000000,63.000000,63.000000,63.000000,63.000000,63.000000,63.000000,63.000000,63.000000,63.000000,63.000000,63.000000,63.000000,63.000000,63.000000,63.000000,63.000000,63.000000,63.000000,63.000000,63.000000,63.000000,63.000000,63.000000,63.000000,63.000000,63.000000,63.000000,63.000000,63.000000,63.000000,63.000000,63.000000,63.000000,63.000000,63.000000,63.000000,63.000000,63.000000,63.000000,63.000000,63.000000,63.000000,63.000000,63.000000,63.000000,63.000000,63.000000,63.000000,63.000000,63.000000,63.000000,63.000000,63.000000,63.000000,63.000000,63.000000,63.000000,63.000000,63.000000;;0;20905
2eca2;2afb;3127;0;0;0000000000000030;     1m  4s 175ms 684μs  60ns;373;-1;             26ms 552μs 336ns;76.000000;4.907895;0.000000;inf;4;1;Unfinished;1.000000,1.000000,1.000000,1.000000,2.000000,2.000000,2.000000,2.000000,2.000000,2.000000,2.000000,2.000000,2.000000,2.000000,2.000000,3.000000,4.000000,5.000000,6.000000,6.000000,6.000000,6.000000,6.000000,6.000000,6.000000,7.000000,7.000000,8.000000,8.000000,9.000000,9.000000,9.000000,9.000000,10.000000,11.000000,11.000000,11.000000,11.000000,11.000000,11.000000,11.000000,12.000000,12.000000,13.000000,13.000000,13.000000,13.000000,13.000000,13.000000,13.000000,14.000000,14.000000,14.000000,15.000000,16.000000,16.000000,17.000000,17.000000,17.000000,17.000000,17.000000,17.000000,17.000000,18.000000,19.000000,19.000000,19.000000,20.000000,20.000000,20.000000,21.000000,21.000000,21.000000,22.000000,22.000000,22.000000,22.000000,22.000000,23.000000,23.000000,24.000000,24.000000,25.000000,25.000000,25.000000,25.000000,25.000000,25.000000,25.000000,25.000000,25.000000,25.000000,25.000000,25.000000,25.000000,25.000000,25.000000,25.000000,25.000000,25.000000,25.000000,25.000000,25.000000,25.000000,25.000000,25.000000,25.000000,26.000000,27.000000,28.000000,28.000000,28.000000,29.000000,29.000000,30.000000,30.000000,30.000000,30.000000,30.000000,30.000000,30.000000,30.000000,30.000000,30.000000,31.000000,31.000000,32.000000,32.000000,32.000000,32.000000,33.000000,33.000000,34.000000,34.000000,35.000000,35.000000,35.000000,35.000000,35.000000,35.000000,35.000000,35.000000,35.000000,35.000000,35.000000,35.000000,35.000000,36.000000,36.000000,36.000000,36.000000,36.000000,36.000000,36.000000,36.000000,36.000000,36.000000,36.000000,36.000000,36.000000,36.000000,36.000000,36.000000,36.000000,36.000000,36.000000,36.000000,36.000000,36.000000,36.000000,36.000000,36.000000,36.000000,36.000000,36.000000,36.000000,36.000000,36.000000,36.000000,36.000000,36.000000,37.000000,38.000000,38.000000,38.000000,38.000000,38.000000,38.000000,39.000000,40.000000,41.000000,42.000000,42.000000,42.000000,42.000000,42.000000,43.000000,44.000000,44.000000,45.000000,46.000000,46.000000,46.000000,46.000000,46.000000,46.000000,47.000000,47.000000,47.000000,47.000000,47.000000,47.000000,47.000000,47.000000,48.000000,48.000000,48.000000,48.000000,48.000000,49.000000,49.000000,50.000000,50.000000,50.000000,50.000000,50.000000,51.000000,52.000000,52.000000,53.000000,54.000000,55.000000,55.000000,56.000000,57.000000,57.000000,57.000000,57.000000,57.000000,57.000000,57.000000,57.000000,57.000000,57.000000,57.000000,57.000000,57.000000,57.000000,57.000000,57.000000,57.000000,57.000000,57.000000,57.000000,57.000000,57.000000,57.000000,57.000000,57.000000,57.000000,57.000000,57.000000,57.000000,58.000000,58.000000,58.000000,59.000000,60.000000,60.000000,60.000000,61.000000,61.000000,61.000000,61.000000,61.000000,61.000000,61.000000,61.000000,61.000000,62.000000,63.000000,64.000000,64.000000,64.000000,64.000000,64.000000,64.000000,64.000000,64.000000,64.000000,64.000000,65.000000,65.000000,66.000000,67.000000,68.000000,69.000000,69.000000,69.000000,69.000000,69.000000,70.000000,70.000000,70.000000,71.000000,71.000000,72.000000,72.000000,72.000000,73.000000,73.000000,73.000000,74.000000,74.000000,74.000000,75.000000,76.000000,76.000000,76.000000,76.000000,76.000000,76.000000,76.000000,76.000000,76.000000,76.000000,76.000000,76.000000,76.000000,76.000000,76.000000,76.000000,76.000000,76.000000,76.000000,76.000000,76.000000,76.000000,76.000000,76.000000,76.000000,76.000000,76.000000,76.000000,76.000000,76.000000,76.000000,76.000000,76.000000,76.000000,76.000000,76.000000,76.000000,76.000000,76.000000,76.000000,76.000000,76.000000,76.000000,76.000000,76.000000,76.000000,76.000000,76.000000,76.000000,76.000000,76.000000,76.000000,76.000000,76.000000,76.000000,76.000000,76.000000;;0;52046
3172;2c36;3127;0;0;0000000000000030;         9s 223ms  24μs 139ns;373;-1;             23ms 547μs 877ns;69.000000;5.405797;0.000000;inf;4;1;Unfinished;1.000000,1.000000,1.000000,1.000000,2.000000,2.000000,2.000000,2.000000,2.000000,2.000000,2.000000,2.000000,2.000000,2.000000,2.000000,3.000000,4.000000,5.000000,6.000000,6.000000,6.000000,6.000000,6.000000,6.000000,6.000000,7.000000,7.000000,8.000000,8.000000,9.000000,9.000000,9.000000,9.000000,10.000000,11.000000,11.000000,11.000000,11.000000,11.000000,11.000000,11.000000,12.000000,12.000000,13.000000,13.000000,13.000000,13.000000,13.000000,13.000000,13.000000,14.000000,14.000000,14.000000,15.000000,16.000000,16.000000,17.000000,17.000000,17.000000,17.000000,17.000000,17.000000,17.000000,18.000000,19.000000,19.000000,19.000000,20.000000,20.000000,20.000000,21.000000,21.000000,21.000000,22.000000,22.000000,22.000000,22.000000,22.000000,23.000000,23.000000,24.000000,24.000000,25.000000,25.000000,25.000000,25.000000,25.000000,25.000000,25.000000,25.000000,25.000000,25.000000,25.000000,25.000000,25.000000,25.000000,25.000000,25.000000,25.000000,25.000000,25.000000,25.000000,25.000000,25.000000,25.000000,25.000000,25.000000,26.000000,27.000000,28.000000,28.000000,28.000000,29.000000,29.000000,30.000000,30.000000,30.000000,30.000000,30.000000,30.000000,30.000000,30.000000,30.000000,30.000000,31.000000,31.000000,32.000000,32.000000,32.000000,32.000000,33.000000,33.000000,34.000000,34.000000,35.000000,35.000000,35.000000,35.000000,35.000000,35.000000,35.000000,35.000000,35.000000,35.000000,35.000000,35.000000,35.000000,36.000000,36.000000,36.000000,36.000000,36.000000,36.000000,36.000000,36.000000,36.000000,36.000000,36.000000,36.000000,36.000000,36.000000,36.000000,36.000000,36.000000,36.000000,36.000000,36.000000,36.000000,36.000000,36.000000,36.000000,36.000000,36.000000,36.000000,36.000000,36.000000,36.000000,36.000000,36.000000,36.000000,36.000000,37.000000,38.000000,38.000000,38.000000,38.000000,38.000000,38.000000,39.000000,40.000000,41.000000,42.000000,42.000000,42.000000,42.000000,42.000000,43.000000,44.000000,44.000000,45.000000,46.000000,46.000000,46.000000,46.000000,46.000000,46.000000,47.000000,47.000000,47.000000,47.000000,47.000000,47.000000,47.000000,47.000000,48.000000,48.000000,48.000000,48.000000,48.000000,49.000000,49.000000,50.000000,50.000000,50.000000,50.000000,50.000000,51.000000,52.000000,52.000000,52.000000,52.000000,53.000000,53.000000,53.000000,54.000000,54.000000,54.000000,55.000000,56.000000,57.000000,58.000000,59.000000,60.000000,60.000000,60.000000,60.000000,60.000000,60.000000,60.000000,60.000000,60.000000,60.000000,60.000000,60.000000,60.000000,60.000000,60.000000,60.000000,60.000000,60.000000,60.000000,61.000000,62.000000,62.000000,62.000000,62.000000,62.000000,62.000000,62.000000,62.000000,62.000000,62.000000,62.000000,63.000000,64.000000,64.000000,64.000000,64.000000,64.000000,64.000000,65.000000,65.000000,66.000000,67.000000,68.000000,68.000000,68.000000,68.000000,68.000000,68.000000,68.000000,68.000000,68.000000,68.000000,68.000000,68.000000,68.000000,68.000000,68.000000,68.000000,68.000000,68.000000,68.000000,68.000000,68.000000,68.000000,68.000000,68.000000,68.000000,68.000000,68.000000,68.000000,68.000000,68.000000,68.000000,68.000000,68.000000,68.000000,68.000000,68.000000,68.000000,68.000000,68.000000,68.000000,68.000000,68.000000,68.000000,68.000000,68.000000,68.000000,68.000000,68.000000,68.000000,68.000000,68.000000,68.000000,68.000000,68.000000,68.000000,68.000000,68.000000,68.000000,68.000000,68.000000,68.000000,68.000000,68.000000,68.000000,68.000000,68.000000,68.000000,68.000000,68.000000,68.000000,68.000000,68.000000,68.000000,68.000000,68.000000,68.000000,68.000000,68.000000,68.000000,68.000000,68.000000,68.000000,68.000000,68.000000,68.000000,68.000000,68.000000,68.000000,68.000000,69.000000;;0;3827
33b8;2c36;3127;0;0;0000000000000030;         9s 895ms       175ns;373;-1;             26ms 992μs 411ns;68.000000;5.485294;0.000000;inf;4;1;Unfinished;1.000000,1.000000,1.000000,1.000000,2.000000,2.000000,2.000000,2.000000,2.000000,2.000000,2.000000,2.000000,2.000000,2.000000,2.000000,3.000000,4.000000,5.000000,6.000000,6.000000,6.000000,6.000000,6.000000,6.000000,6.000000,7.000000,7.000000,8.000000,8.000000,9.000000,9.000000,9.000000,9.000000,10.000000,11.000000,11.000000,11.000000,11.000000,11.000000,11.000000,11.000000,12.000000,12.000000,13.000000,13.000000,13.000000,13.000000,13.000000,13.000000,13.000000,14.000000,14.000000,14.000000,15.000000,16.000000,16.000000,17.000000,17.000000,17.000000,17.000000,17.000000,17.000000,17.000000,18.000000,19.000000,19.000000,19.000000,20.000000,20.000000,20.000000,21.000000,21.000000,21.000000,22.000000,22.000000,22.000000,22.000000,22.000000,23.000000,23.000000,24.000000,24.000000,25.000000,25.000000,25.000000,25.000000,25.000000,25.000000,25.000000,25.000000,25.000000,25.000000,25.000000,25.000000,25.000000,25.000000,25.000000,25.000000,25.000000,25.000000,25.000000,25.000000,25.000000,25.000000,25.000000,25.000000,25.000000,26.000000,27.000000,28.000000,28.000000,28.000000,29.000000,29.000000,30.000000,30.000000,30.000000,30.000000,30.000000,30.000000,30.000000,30.000000,30.000000,30.000000,31.000000,31.000000,32.000000,32.000000,32.000000,32.000000,33.000000,33.000000,34.000000,34.000000,35.000000,35.000000,35.000000,35.000000,35.000000,35.000000,35.000000,35.000000,35.000000,35.000000,35.000000,35.000000,35.000000,36.000000,36.000000,36.000000,36.000000,36.000000,36.000000,36.000000,36.000000,36.000000,36.000000,36.000000,36.000000,36.000000,36.000000,36.000000,36.000000,36.000000,36.000000,36.000000,36.000000,36.000000,36.000000,36.000000,36.000000,36.000000,36.000000,36.000000,36.000000,36.000000,36.000000,36.000000,36.000000,36.000000,36.000000,37.000000,38.000000,38.000000,38.000000,38.000000,38.000000,38.000000,39.000000,40.000000,41.000000,42.000000,42.000000,42.000000,42.000000,42.000000,43.000000,44.000000,44.000000,45.000000,46.000000,46.000000,46.000000,46.000000,46.000000,46.000000,47.000000,47.000000,47.000000,47.000000,47.000000,47.000000,47.000000,47.000000,48.000000,48.000000,48.000000,48.000000,48.000000,49.000000,49.000000,50.000000,50.000000,50.000000,50.000000,50.000000,51.000000,52.000000,52.000000,52.000000,52.000000,53.000000,53.000000,53.000000,54.000000,54.000000,54.000000,55.000000,56.000000,57.000000,58.000000,59.000000,60.000000,60.000000,60.000000,60.000000,60.000000,60.000000,60.000000,60.000000,60.000000,60.000000,60.000000,60.000000,60.000000,60.000000,60.000000,60.000000,60.000000,60.000000,60.000000,61.000000,62.000000,62.000000,62.000000,62.000000,62.000000,62.000000,62.000000,62.000000,62.000000,62.000000,62.000000,63.000000,64.000000,64.000000,64.000000,64.000000,64.000000,64.000000,65.000000,65.000000,66.000000,67.000000,68.000000,68.000000,68.000000,68.000000,68.000000,68.000000,68.000000,68.000000,68.000000,68.000000,68.000000,68.000000,68.000000,68.000000,68.000000,68.000000,68.000000,68.000000,68.000000,68.000000,68.000000,68.000000,68.000000,68.000000,68.000000,68.000000,68.000000,68.000000,68.000000,68.000000,68.000000,68.000000,68.000000,68.000000,68.000000,68.000000,68.000000,68.000000,68.000000,68.000000,68.000000,68.000000,68.000000,68.000000,68.000000,68.000000,68.000000,68.000000,68.000000,68.000000,68.000000,68.000000,68.000000,68.000000,68.000000,68.000000,68.000000,68.000000,68.000000,68.000000,68.000000,68.000000,68.000000,68.000000,68.000000,68.000000,68.000000,68.000000,68.000000,68.000000,68.000000,68.000000,68.000000,68.000000,68.000000,68.000000,68.000000,68.000000,68.000000,68.000000,68.000000,68.000000,68.000000,68.000000,68.000000,68.000000,68.000000,68.000000,68.000000;;0;44982
31e3;285c;3127;0;0;0000000000000030;         9s 277ms 870μs 802ns;373;-1;             24ms  54μs 289ns;64.000000;5.828125;0.000000;inf;4;1;Unfinished;1.000000,1.000000,1.000000,1.000000,2.000000,2.000000,2.000000,2.000000,2.000000,2.000000,2.000000,2.000000,2.000000,2.000000,2.000000,3.000000,4.000000,5.000000,6.000000,6.000000,6.000000,6.000000,6.000000,6.000000,6.000000,7.000000,7.000000,8.000000,8.000000,9.000000,9.000000,9.000000,9.000000,10.000000,11.000000,11.000000,11.000000,11.000000,11.000000,11.000000,11.000000,12.000000,12.000000,13.000000,13.000000,13.000000,13.000000,13.000000,13.000000,13.000000,14.000000,14.000000,14.000000,15.000000,16.000000,16.000000,17.000000,17.000000,17.000000,17.000000,17.000000,17.000000,17.000000,18.000000,19.000000,20.000000,20.000000,20.000000,20.000000,20.000000,20.000000,20.000000,20.000000,21.000000,22.000000,22.000000,22.000000,23.000000,23.000000,24.000000,25.000000,25.000000,25.000000,25.000000,25.000000,25.000000,25.000000,25.000000,26.000000,26.000000,26.000000,26.000000,26.000000,26.000000,26.000000,26.000000,26.000000,26.000000,26.000000,26.000000,26.000000,27.000000,27.000000,27.000000,27.000000,27.000000,27.000000,27.000000,27.000000,27.000000,27.000000,27.000000,27.000000,27.000000,27.000000,27.000000,27.000000,27.000000,27.000000,27.000000,28.000000,28.000000,28.000000,29.000000,29.000000,30.000000,30.000000,31.000000,31.000000,32.000000,32.000000,32.000000,32.000000,32.000000,32.000000,32.000000,33.000000,33.000000,34.000000,34.000000,35.000000,36.000000,37.000000,37.000000,37.000000,37.000000,37.000000,37.000000,37.000000,38.000000,39.000000,39.000000,40.000000,40.000000,40.000000,41.000000,41.000000,41.000000,41.000000,41.000000,41.000000,42.000000,43.000000,43.000000,43.000000,43.000000,43.000000,43.000000,43.000000,43.000000,44.000000,44.000000,44.000000,45.000000,46.000000,46.000000,46.000000,46.000000,46.000000,46.000000,46.000000,46.000000,46.000000,46.000000,46.000000,47.000000,47.000000,47.000000,47.000000,47.000000,48.000000,49.000000,49.000000,49.000000,49.000000,50.000000,50.000000,50.000000,50.000000,50.000000,50.000000,50.000000,50.000000,50.000000,51.000000,51.000000,51.000000,51.000000,51.000000,51.000000,51.000000,51.000000,51.000000,51.000000,51.000000,51.000000,51.000000,51.000000,51.000000,51.000000,51.000000,51.000000,51.000000,52.000000,52.000000,52.000000,52.000000,52.000000,52.000000,53.000000,54.000000,55.000000,55.000000,56.000000,56.000000,57.000000,58.000000,58.000000,58.000000,59.000000,60.000000,61.000000,62.000000,62.000000,62.000000,62.000000,62.000000,62.000000,62.000000,62.000000,62.000000,62.000000,63.000000,63.000000,63.000000,63.000000,63.000000,63.000000,63.000000,63.000000,63.000000,64.000000,64.000000,64.000000,64.000000,64.000000,64.000000,64.000000,64.000000,64.000000,64.000000,64.000000,64.000000,64.000000,64.000000,64.000000,64.000000,64.000000,64.000000,64.000000,64.000000,64.000000,64.000000,64.000000,64.000000,64.000000,64.000000,64.000000,64.000000,64.000000,64.000000,64.000000,64.000000,64.000000,64.000000,64.000000,64.000000,64.000000,64.000000,64.000000,64.000000,64.000000,64.000000,64.000000,64.000000,64.000000,64.000000,64.000000,64.000000,64.000000,64.000000,64.000000,64.000000,64.000000,64.000000,64.000000,64.000000,64.000000,64.000000,64.000000,64.000000,64.000000,64.000000,64.000000,64.000000,64.000000,64.000000,64.000000,64.000000,64.000000,64.000000,64.000000,64.000000,64.000000,64.000000,64.000000,64.000000,64.000000,64.000000,64.000000,64.000000,64.000000,64.000000,64.000000,64.000000,64.000000,64.000000,64.000000,64.000000,64.000000,64.000000,64.000000,64.000000,64.000000,64.000000,64.000000,64.000000,64.000000,64.000000,64.000000,64.000000,64.000000,64.000000,64.000000,64.000000,64.000000,64.000000,64.000000,64.000000,64.000000,64.000000,64.000000,64.000000;;0;3869
3508;285c;3127;0;0;0000000000000030;        10s 308ms 677μs  22ns;373;-1;             25ms 712μs 945ns;64.000000;5.828125;0.000000;inf;4;1;Unfinished;1.000000,1.000000,1.000000,1.000000,2.000000,2.000000,2.000000,2.000000,2.000000,2.000000,2.000000,2.000000,2.000000,2.000000,2.000000,3.000000,4.000000,5.000000,6.000000,6.000000,6.000000,6.000000,6.000000,6.000000,6.000000,7.000000,7.000000,8.000000,8.000000,9.000000,9.000000,9.000000,9.000000,10.000000,11.000000,11.000000,11.000000,11.000000,11.000000,11.000000,11.000000,12.000000,12.000000,13.000000,13.000000,13.000000,13.000000,13.000000,13.000000,13.000000,14.000000,14.000000,14.000000,15.000000,16.000000,16.000000,17.000000,17.000000,17.000000,17.000000,17.000000,17.000000,17.000000,18.000000,19.000000,20.000000,20.000000,20.000000,20.000000,20.000000,20.000000,20.000000,20.000000,21.000000,22.000000,22.000000,22.000000,23.000000,23.000000,24.000000,25.000000,25.000000,25.000000,25.000000,25.000000,25.000000,25.000000,25.000000,26.000000,26.000000,26.000000,26.000000,26.000000,26.000000,26.000000,26.000000,26.000000,26.000000,26.000000,26.000000,26.000000,27.000000,27.000000,27.000000,27.000000,27.000000,27.000000,27.000000,27.000000,27.000000,27.000000,27.000000,27.000000,27.000000,27.000000,27.000000,27.000000,27.000000,27.000000,27.000000,28.000000,28.000000,28.000000,29.000000,29.000000,30.000000,30.000000,31.000000,31.000000,32.000000,32.000000,32.000000,32.000000,32.000000,32.000000,32.000000,33.000000,33.000000,34.000000,34.000000,35.000000,36.000000,37.000000,37.000000,37.000000,37.000000,37.000000,37.000000,37.000000,38.000000,39.000000,39.000000,40.000000,40.000000,40.000000,41.000000,41.000000,41.000000,41.000000,41.000000,41.000000,42.000000,43.000000,43.000000,43.000000,43.000000,43.000000,43.000000,43.000000,43.000000,44.000000,44.000000,44.000000,45.000000,46.000000,46.000000,46.000000,46.000000,46.000000,46.000000,46.000000,46.000000,46.000000,46.000000,46.000000,47.000000,47.000000,47.000000,47.000000,47.000000,48.000000,49.000000,49.000000,49.000000,49.000000,50.000000,50.000000,50.000000,50.000000,50.000000,50.000000,50.000000,50.000000,50.000000,51.000000,51.000000,51.000000,51.000000,51.000000,51.000000,51.000000,51.000000,51.000000,51.000000,51.000000,51.000000,51.000000,51.000000,51.000000,51.000000,51.000000,51.000000,51.000000,52.000000,52.000000,52.000000,52.000000,52.000000,52.000000,53.000000,54.000000,55.000000,55.000000,56.000000,56.000000,57.000000,58.000000,58.000000,58.000000,59.000000,60.000000,61.000000,62.000000,62.000000,62.000000,62.000000,62.000000,62.000000,62.000000,62.000000,62.000000,62.000000,63.000000,63.000000,63.000000,63.000000,63.000000,63.000000,63.000000,63.000000,63.000000,64.000000,64.000000,64.000000,64.000000,64.000000,64.000000,64.000000,64.000000,64.000000,64.000000,64.000000,64.000000,64.000000,64.000000,64.000000,64.000000,64.000000,64.000000,64.000000,64.000000,64.000000,64.000000,64.000000,64.000000,64.000000,64.000000,64.000000,64.000000,64.000000,64.000000,64.000000,64.000000,64.000000,64.000000,64.000000,64.000000,64.000000,64.000000,64.000000,64.000000,64.000000,64.000000,64.000000,64.000000,64.000000,64.000000,64.000000,64.000000,64.000000,64.000000,64.000000,64.000000,64.000000,64.000000,64.000000,64.000000,64.000000,64.000000,64.000000,64.000000,64.000000,64.000000,64.000000,64.000000,64.000000,64.000000,64.000000,64.000000,64.000000,64.000000,64.000000,64.000000,64.000000,64.000000,64.000000,64.000000,64.000000,64.000000,64.000000,64.000000,64.000000,64.000000,64.000000,64.000000,64.000000,64.000000,64.000000,64.000000,64.000000,64.000000,64.000000,64.000000,64.000000,64.000000,64.000000,64.000000,64.000000,64.000000,64.000000,64.000000,64.000000,64.000000,64.000000,64.000000,64.000000,64.000000,64.000000,64.000000,64.000000,64.000000,64.000000,64.000000;;0;44997
3e609;2958;3127;0;0;0000000000000030;     1m 21s 282ms 397μs 163ns;373;-1;             27ms 659μs 513ns;64.000000;5.828125;0.000000;inf;4;1;Unfinished;1.000000,1.000000,1.000000,1.000000,2.000000,2.000000,2.000000,2.000000,2.000000,2.000000,2.000000,2.000000,2.000000,2.000000,2.000000,3.000000,4.000000,5.000000,6.000000,6.000000,6.000000,6.000000,6.000000,6.000000,6.000000,7.000000,7.000000,8.000000,8.000000,9.000000,9.000000,9.000000,9.000000,10.000000,11.000000,11.000000,11.000000,11.000000,11.000000,11.000000,11.000000,12.000000,12.000000,13.000000,13.000000,13.000000,13.000000,13.000000,13.000000,13.000000,14.000000,14.000000,14.000000,15.000000,16.000000,16.000000,17.000000,17.000000,17.000000,17.000000,17.000000,17.000000,17.000000,18.000000,19.000000,19.000000,19.000000,20.000000,20.000000,20.000000,21.000000,21.000000,21.000000,22.000000,22.000000,22.000000,22.000000,22.000000,23.000000,23.000000,24.000000,24.000000,25.000000,25.000000,25.000000,25.000000,25.000000,25.000000,25.000000,25.000000,25.000000,25.000000,25.000000,25.000000,25.000000,25.000000,25.000000,25.000000,25.000000,25.000000,25.000000,25.000000,25.000000,25.000000,25.000000,25.000000,25.000000,26.000000,27.000000,28.000000,28.000000,28.000000,29.000000,29.000000,30.000000,30.000000,30.000000,30.000000,30.000000,30.000000,30.000000,30.000000,30.000000,30.000000,31.000000,31.000000,32.000000,32.000000,32.000000,32.000000,33.000000,33.000000,34.000000,34.000000,35.000000,35.000000,35.000000,35.000000,35.000000,35.000000,35.000000,35.000000,35.000000,35.000000,35.000000,35.000000,35.000000,36.000000,36.000000,36.000000,36.000000,36.000000,36.000000,36.000000,36.000000,36.000000,36.000000,36.000000,36.000000,36.000000,36.000000,36.000000,36.000000,36.000000,36.000000,36.000000,36.000000,36.000000,36.000000,36.000000,36.000000,36.000000,36.000000,36.000000,36.000000,36.000000,36.000000,36.000000,36.000000,36.000000,36.000000,37.000000,38.000000,38.000000,38.000000,38.000000,38.000000,38.000000,39.000000,40.000000,41.000000,42.000000,42.000000,42.000000,42.000000,42.000000,43.000000,44.000000,44.000000,45.000000,46.000000,46.000000,46.000000,46.000000,46.000000,46.000000,47.000000,47.000000,47.000000,47.000000,47.000000,47.000000,47.000000,47.000000,48.000000,48.000000,48.000000,48.000000,48.000000,49.000000,49.000000,50.000000,50.000000,50.000000,50.000000,50.000000,51.000000,52.000000,52.000000,52.000000,53.000000,53.000000,53.000000,53.000000,53.000000,53.000000,53.000000,54.000000,55.000000,55.000000,55.000000,55.000000,55.000000,56.000000,56.000000,56.000000,56.000000,57.000000,58.000000,58.000000,58.000000,59.000000,59.000000,59.000000,60.000000,60.000000,60.000000,61.000000,62.000000,63.000000,63.000000,63.000000,63.000000,63.000000,63.000000,63.000000,63.000000,63.000000,63.000000,63.000000,63.000000,63.000000,63.000000,63.000000,63.000000,63.000000,63.000000,63.000000,63.000000,63.000000,63.000000,63.000000,63.000000,63.000000,63.000000,63.000000,63.000000,63.000000,63.000000,63.000000,63.000000,63.000000,63.000000,63.000000,63.000000,63.000000,63.000000,63.000000,63.000000,63.000000,63.000000,63.000000,63.000000,63.000000,63.000000,63.000000,63.000000,63.000000,63.000000,63.000000,63.000000,63.000000,63.000000,63.000000,63.000000,63.000000,63.000000,63.000000,63.000000,63.000000,63.000000,63.000000,63.000000,63.000000,63.000000,63.000000,63.000000,63.000000,63.000000,63.000000,63.000000,63.000000,63.000000,63.000000,63.000000,63.000000,63.000000,63.000000,63.000000,63.000000,63.000000,63.000000,63.000000,63.000000,63.000000,63.000000,63.000000,63.000000,63.000000,63.000000,63.000000,63.000000,63.000000,63.000000,63.000000,63.000000,63.000000,63.000000,63.000000,63.000000,63.000000,63.000000,63.000000,63.000000,63.000000,63.000000,63.000000,63.000000,63.000000,63.000000,64.000000,64.000000,64.000000;;0;64709
312d;29de;3127;0;0;0000000000000030;         9s 220ms 372μs 448ns;373;-1;             26ms 463μs 377ns;63.000000;5.920635;0.000000;inf;4;1;Unfinished;1.000000,1.000000,1.000000,1.000000,2.000000,2.000000,2.000000,2.000000,2.000000,2.000000,2.000000,2.000000,2.000000,2.000000,2.000000,3.000000,4.000000,5.000000,6.000000,6.000000,6.000000,6.000000,6.000000,6.000000,6.000000,7.000000,7.000000,8.000000,8.000000,9.000000,9.000000,9.000000,9.000000,10.000000,11.000000,11.000000,11.000000,11.000000,11.000000,11.000000,11.000000,12.000000,12.000000,13.000000,13.000000,13.000000,13.000000,13.000000,13.000000,13.000000,14.000000,14.000000,14.000000,15.000000,16.000000,16.000000,17.000000,17.000000,17.000000,17.000000,17.000000,17.000000,17.000000,18.000000,19.000000,19.000000,19.000000,20.000000,20.000000,20.000000,21.000000,21.000000,21.000000,22.000000,22.000000,22.000000,22.000000,22.000000,23.000000,23.000000,24.000000,24.000000,25.000000,25.000000,25.000000,25.000000,25.000000,25.000000,25.000000,25.000000,25.000000,25.000000,25.000000,25.000000,25.000000,25.000000,25.000000,25.000000,25.000000,25.000000,25.000000,25.000000,25.000000,25.000000,25.000000,25.000000,25.000000,26.000000,27.000000,28.000000,28.000000,28.000000,29.000000,29.000000,30.000000,30.000000,30.000000,30.000000,30.000000,30.000000,30.000000,30.000000,30.000000,30.000000,31.000000,31.000000,32.000000,32.000000,32.000000,32.000000,33.000000,33.000000,34.000000,34.000000,35.000000,35.000000,35.000000,35.000000,35.000000,35.000000,35.000000,35.000000,35.000000,35.000000,35.000000,35.000000,35.000000,36.000000,36.000000,36.000000,36.000000,36.000000,36.000000,36.000000,36.000000,36.000000,36.000000,36.000000,36.000000,36.000000,36.000000,36.000000,36.000000,36.000000,36.000000,36.000000,36.000000,36.000000,36.000000,36.000000,36.000000,36.000000,36.000000,36.000000,36.000000,36.000000,36.000000,36.000000,36.000000,36.000000,36.000000,37.000000,38.000000,38.000000,38.000000,38.000000,38.000000,38.000000,39.000000,40.000000,41.000000,42.000000,42.000000,42.000000,42.000000,42.000000,43.000000,44.000000,44.000000,45.000000,46.000000,46.000000,46.000000,46.000000,46.000000,46.000000,47.000000,47.000000,47.000000,47.000000,47.000000,47.000000,47.000000,47.000000,48.000000,48.000000,48.000000,48.000000,48.000000,49.000000,49.000000,50.000000,50.000000,50.000000,50.000000,50.000000,51.000000,52.000000,52.000000,52.000000,52.000000,52.000000,52.000000,53.000000,53.000000,53.000000,53.000000,53.000000,53.000000,53.000000,54.000000,55.000000,55.000000,55.000000,55.000000,55.000000,56.000000,56.000000,56.000000,56.000000,57.000000,58.000000,58.000000,59.000000,59.000000,59.000000,60.000000,60.000000,60.000000,61.000000,62.000000,63.000000,63.000000,63.000000,63.000000,63.000000,63.000000,63.000000,63.000000,63.000000,63.000000,63.000000,63.000000,63.000000,63.000000,63.000000,63.000000,63.000000,63.000000,63.000000,63.000000,63.000000,63.000000,63.000000,63.000000,63.000000,63.000000,63.000000,63.000000,63.000000,63.000000,63.000000,63.000000,63.000000,63.000000,63.000000,63.000000,63.000000,63.000000,63.000000,63.000000,63.000000,63.000000,63.000000,63.000000,63.000000,63.000000,63.000000,63.000000,63.000000,63.000000,63.000000,63.000000,63.000000,63.000000,63.000000,63.000000,63.000000,63.000000,63.000000,63.000000,63.000000,63.000000,63.000000,63.000000,63.000000,63.000000,63.000000,63.000000,63.000000,63.000000,63.000000,63.000000,63.000000,63.000000,63.000000,63.000000,63.000000,63.000000,63.000000,63.000000,63.000000,63.000000,63.000000,63.000000,63.000000,63.000000,63.000000,63.000000,63.000000,63.000000,63.000000,63.000000,63.000000,63.000000,63.000000,63.000000,63.000000,63.000000,63.000000,63.000000,63.000000,63.000000,63.000000,63.000000,63.000000,63.000000,63.000000,63.000000,63.000000,63.000000,63.000000,63.000000;;0;3797
31da;29de;3127;0;0;0000000000000030;         9s 274ms 342μs  57ns;373;-1;             24ms 125μs 856ns;63.000000;5.920635;0.000000;inf;4;1;Unfinished;1.000000,1.000000,1.000000,1.000000,2.000000,2.000000,2.000000,2.000000,2.000000,2.000000,2.000000,2.000000,2.000000,2.000000,2.000000,3.000000,4.000000,5.000000,6.000000,6.000000,6.000000,6.000000,6.000000,6.000000,6.000000,7.000000,7.000000,8.000000,8.000000,9.000000,9.000000,9.000000,9.000000,10.000000,11.000000,11.000000,11.000000,11.000000,11.000000,11.000000,11.000000,12.000000,12.000000,13.000000,13.000000,13.000000,13.000000,13.000000,13.000000,13.000000,14.000000,14.000000,14.000000,15.000000,16.000000,16.000000,17.000000,17.000000,17.000000,17.000000,17.000000,17.000000,17.000000,18.000000,19.000000,19.000000,19.000000,20.000000,20.000000,20.000000,21.000000,21.000000,21.000000,22.000000,22.000000,22.000000,22.000000,22.000000,23.000000,23.000000,24.000000,24.000000,25.000000,25.000000,25.000000,25.000000,25.000000,25.000000,25.000000,25.000000,25.000000,25.000000,25.000000,25.000000,25.000000,25.000000,25.000000,25.000000,25.000000,25.000000,25.000000,25.000000,25.000000,25.000000,25.000000,25.000000,25.000000,26.000000,27.000000,28.000000,28.000000,28.000000,29.000000,29.000000,30.000000,30.000000,30.000000,30.000000,30.000000,30.000000,30.000000,30.000000,30.000000,30.000000,31.000000,31.000000,32.000000,32.000000,32.000000,32.000000,33.000000,33.000000,34.000000,34.000000,35.000000,35.000000,35.000000,35.000000,35.000000,35.000000,35.000000,35.000000,35.000000,35.000000,35.000000,35.000000,35.000000,36.000000,36.000000,36.000000,36.000000,36.000000,36.000000,36.000000,36.000000,36.000000,36.000000,36.000000,36.000000,36.000000,36.000000,36.000000,36.000000,36.000000,36.000000,36.000000,36.000000,36.000000,36.000000,36.000000,36.000000,36.000000,36.000000,36.000000,36.000000,36.000000,36.000000,36.000000,36.000000,36.000000,36.000000,37.000000,38.000000,38.000000,38.000000,38.000000,38.000000,38.000000,39.000000,40.000000,41.000000,42.000000,42.000000,42.000000,42.000000,42.000000,43.000000,44.000000,44.000000,45.000000,46.000000,46.000000,46.000000,46.000000,46.000000,46.000000,47.000000,47.000000,47.000000,47.000000,47.000000,47.000000,47.000000,47.000000,48.000000,48.000000,48.000000,48.000000,48.000000,49.000000,49.000000,50.000000,50.000000,50.000000,50.000000,50.000000,51.000000,52.000000,52.000000,52.000000,52.000000,52.000000,52.000000,53.000000,53.000000,53.000000,53.000000,53.000000,53.000000,53.000000,54.000000,55.000000,55.000000,55.000000,55.000000,55.000000,56.000000,56.000000,56.000000,56.000000,57.000000,58.000000,58.000000,59.000000,59.000000,59.000000,60.000000,60.000000,60.000000,61.000000,62.000000,63.000000,63.000000,63.000000,63.000000,63.000000,63.000000,63.000000,63.000000,63.000000,63.000000,63.000000,63.000000,63.000000,63.000000,63.000000,63.000000,63.000000,63.000000,63.000000,63.000000,63.000000,63.000000,63.000000,63.000000,63.000000,63.000000,63.000000,63.000000,63.000000,63.000000,63.000000,63.000000,63.000000,63.000000,63.000000,63.000000,63.000000,63.000000,63.000000,63.000000,63.000000,63.000000,63.000000,63.000000,63.000000,63.000000,63.000000,63.000000,63.000000,63.000000,63.000000,63.000000,63.000000,63.000000,63.000000,63.000000,63.000000,63.000000,63.000000,63.000000,63.000000,63.000000,63.000000,63.000000,63.000000,63.000000,63.000000,63.000000,63.000000,63.000000,63.000000,63.000000,63.000000,63.000000,63.000000,63.000000,63.000000,63.000000,63.000000,63.000000,63.000000,63.000000,63.000000,63.000000,63.000000,63.000000,63.000000,63.000000,63.000000,63.000000,63.000000,63.000000,63.000000,63.000000,63.000000,63.000000,63.000000,63.000000,63.000000,63.000000,63.000000,63.000000,63.000000,63.000000,63.000000,63.000000,63.000000,63.000000,63.000000,63.000000,63.000000,63.000000;;0;3867
32ce;29de;3127;0;0;0000000000000030;         9s 541ms  18μs 630ns;373;-1;             29ms 628μs 995ns;63.000000;5.920635;0.000000;inf;4;1;Unfinished;1.000000,1.000000,1.000000,1.000000,2.000000,2.000000,2.000000,2.000000,2.000000,2.000000,2.000000,2.000000,2.000000,2.000000,2.000000,3.000000,4.000000,5.000000,6.000000,6.000000,6.000000,6.000000,6.000000,6.000000,6.000000,7.000000,7.000000,8.000000,8.000000,9.000000,9.000000,9.000000,9.000000,10.000000,11.000000,11.000000,11.000000,11.000000,11.000000,11.000000,11.000000,12.000000,12.000000,13.000000,13.000000,13.000000,13.000000,13.000000,13.000000,13.000000,14.000000,14.000000,14.000000,15.000000,16.000000,16.000000,17.000000,17.000000,17.000000,17.000000,17.000000,17.000000,17.000000,18.000000,19.000000,19.000000,19.000000,20.000000,20.000000,20.000000,21.000000,21.000000,21.000000,22.000000,22.000000,22.000000,22.000000,22.000000,23.000000,23.000000,24.000000,24.000000,25.000000,25.000000,25.000000,25.000000,25.000000,25.000000,25.000000,25.000000,25.000000,25.000000,25.000000,25.000000,25.000000,25.000000,25.000000,25.000000,25.000000,25.000000,25.000000,25.000000,25.000000,25.000000,25.000000,25.000000,25.000000,26.000000,27.000000,28.000000,28.000000,28.000000,29.000000,29.000000,30.000000,30.000000,30.000000,30.000000,30.000000,30.000000,30.000000,30.000000,30.000000,30.000000,31.000000,31.000000,32.000000,32.000000,32.000000,32.000000,33.000000,33.000000,34.000000,34.000000,35.000000,35.000000,35.000000,35.000000,35.000000,35.000000,35.000000,35.000000,35.000000,35.000000,35.000000,35.000000,35.000000,36.000000,36.000000,36.000000,36.000000,36.000000,36.000000,36.000000,36.000000,36.000000,36.000000,36.000000,36.000000,36.000000,36.000000,36.000000,36.000000,36.000000,36.000000,36.000000,36.000000,36.000000,36.000000,36.000000,36.000000,36.000000,36.000000,36.000000,36.000000,36.000000,36.000000,36.000000,36.000000,36.000000,36.000000,37.000000,38.000000,38.000000,38.000000,38.000000,38.000000,38.000000,39.000000,40.000000,41.000000,42.000000,42.000000,42.000000,42.000000,42.000000,43.000000,44.000000,44.000000,45.000000,46.000000,46.000000,46.000000,46.000000,46.000000,46.000000,47.000000,47.000000,47.000000,47.000000,47.000000,47.000000,47.000000,47.000000,48.000000,48.000000,48.000000,48.000000,48.000000,49.000000,49.000000,50.000000,50.000000,50.000000,50.000000,50.000000,51.000000,52.000000,52.000000,52.000000,52.000000,52.000000,52.000000,53.000000,53.000000,53.000000,53.000000,53.000000,53.000000,53.000000,54.000000,55.000000,55.000000,55.000000,55.000000,55.000000,56.000000,56.000000,56.000000,56.000000,57.000000,58.000000,58.000000,59.000000,59.000000,59.000000,60.000000,60.000000,60.000000,61.000000,62.000000,63.000000,63.000000,63.000000,63.000000,63.000000,63.000000,63.000000,63.000000,63.000000,63.000000,63.000000,63.000000,63.000000,63.000000,63.000000,63.000000,63.000000,63.000000,63.000000,63.000000,63.000000,63.000000,63.000000,63.000000,63.000000,63.000000,63.000000,63.000000,63.000000,63.000000,63.000000,63.000000,63.000000,63.000000,63.000000,63.000000,63.000000,63.000000,63.000000,63.000000,63.000000,63.000000,63.000000,63.000000,63.000000,63.000000,63.000000,63.000000,63.000000,63.000000,63.000000,63.000000,63.000000,63.000000,63.000000,63.000000,63.000000,63.000000,63.000000,63.000000,63.000000,63.000000,63.000000,63.000000,63.000000,63.000000,63.000000,63.000000,63.000000,63.000000,63.000000,63.000000,63.000000,63.000000,63.000000,63.000000,63.000000,63.000000,63.000000,63.000000,63.000000,63.000000,63.000000,63.000000,63.000000,63.000000,63.000000,63.000000,63.000000,63.000000,63.000000,63.000000,63.000000,63.000000,63.000000,63.000000,63.000000,63.000000,63.000000,63.000000,63.000000,63.000000,63.000000,63.000000,63.000000,63.000000,63.000000,63.000000,63.000000,63.000000,63.000000,63.000000;;0;31228
1b9ba;2afb;3127;0;0;0000000000000030;        39s 485ms 971μs 617ns;372;-1;             27ms 681μs 624ns;80.000000;4.650000;0.000000;inf;4;1;Unfinished;1.000000,1.000000,1.000000,1.000000,2.000000,2.000000,2.000000,2.000000,2.000000,2.000000,2.000000,2.000000,2.000000,2.000000,2.000000,3.000000,4.000000,5.000000,6.000000,6.000000,6.000000,6.000000,6.000000,6.000000,6.000000,7.000000,7.000000,8.000000,8.000000,9.000000,9.000000,9.000000,9.000000,10.000000,11.000000,11.000000,11.000000,11.000000,11.000000,11.000000,11.000000,12.000000,12.000000,13.000000,13.000000,13.000000,13.000000,13.000000,13.000000,13.000000,14.000000,14.000000,14.000000,15.000000,16.000000,16.000000,17.000000,17.000000,17.000000,17.000000,17.000000,17.000000,17.000000,18.000000,19.000000,19.000000,19.000000,20.000000,20.000000,20.000000,21.000000,21.000000,21.000000,22.000000,22.000000,22.000000,22.000000,22.000000,23.000000,23.000000,24.000000,24.000000,25.000000,25.000000,25.000000,25.000000,25.000000,25.000000,25.000000,25.000000,25.000000,25.000000,25.000000,25.000000,25.000000,25.000000,25.000000,25.000000,25.000000,25.000000,25.000000,25.000000,25.000000,25.000000,25.000000,25.000000,25.000000,26.000000,27.000000,28.000000,28.000000,28.000000,29.000000,29.000000,30.000000,30.000000,30.000000,30.000000,30.000000,30.000000,30.000000,30.000000,30.000000,30.000000,31.000000,31.000000,32.000000,32.000000,32.000000,32.000000,33.000000,33.000000,34.000000,34.000000,35.000000,35.000000,35.000000,35.000000,35.000000,35.000000,35.000000,35.000000,35.000000,35.000000,35.000000,35.000000,35.000000,36.000000,36.000000,36.000000,36.000000,36.000000,36.000000,36.000000,36.000000,36.000000,36.000000,36.000000,36.000000,36.000000,36.000000,36.000000,36.000000,36.000000,36.000000,36.000000,36.000000,36.000000,36.000000,36.000000,36.000000,36.000000,36.000000,36.000000,36.000000,36.000000,36.000000,36.000000,36.000000,36.000000,36.000000,37.000000,38.000000,38.000000,38.000000,38.000000,38.000000,38.000000,39.000000,40.000000,41.000000,42.000000,42.000000,42.000000,42.000000,42.000000,43.000000,44.000000,44.000000,45.000000,46.000000,46.000000,46.000000,46.000000,46.000000,46.000000,47.000000,47.000000,47.000000,47.000000,47.000000,47.000000,47.000000,47.000000,48.000000,48.000000,48.000000,48.000000,48.000000,49.000000,49.000000,50.000000,50.000000,50.000000,50.000000,50.000000,51.000000,52.000000,52.000000,53.000000,54.000000,55.000000,55.000000,56.000000,57.000000,57.000000,57.000000,57.000000,57.000000,57.000000,57.000000,57.000000,57.000000,57.000000,57.000000,57.000000,57.000000,57.000000,57.000000,57.000000,57.000000,57.000000,57.000000,57.000000,57.000000,57.000000,57.000000,57.000000,57.000000,57.000000,57.000000,57.000000,57.000000,58.000000,58.000000,58.000000,59.000000,60.000000,60.000000,60.000000,61.000000,61.000000,61.000000,61.000000,61.000000,61.000000,61.000000,61.000000,61.000000,62.000000,63.000000,64.000000,64.000000,64.000000,64.000000,64.000000,64.000000,64.000000,64.000000,64.000000,64.000000,65.000000,65.000000,66.000000,67.000000,68.000000,69.000000,69.000000,69.000000,69.000000,69.000000,70.000000,70.000000,70.000000,71.000000,71.000000,72.000000,72.000000,72.000000,73.000000,73.000000,73.000000,74.000000,74.000000,74.000000,75.000000,75.000000,75.000000,76.000000,76.000000,76.000000,76.000000,76.000000,76.000000,76.000000,76.000000,76.000000,77.000000,77.000000,77.000000,77.000000,77.000000,77.000000,77.000000,77.000000,77.000000,77.000000,77.000000,77.000000,77.000000,77.000000,77.000000,77.000000,77.000000,77.000000,77.000000,77.000000,77.000000,77.000000,78.000000,79.000000,79.000000,80.000000,80.000000,80.000000,80.000000,80.000000,80.000000,80.000000,80.000000,80.000000,80.000000,80.000000,80.000000,80.000000,80.000000,80.000000,80.000000,80.000000,80.000000,80.000000,80.000000;;0;46007
32d3;2afb;3127;0;0;0000000000000030;         9s 559ms 600μs 108ns;372;-1;             27ms 212μs 915ns;75.000000;4.960000;0.000000;inf;4;1;Unfinished;1.000000,1.000000,1.000000,1.000000,2.000000,2.000000,2.000000,2.000000,2.000000,2.000000,2.000000,2.000000,2.000000,2.000000,2.000000,3.000000,4.000000,5.000000,6.000000,6.000000,6.000000,6.000000,6.000000,6.000000,6.000000,7.000000,7.000000,8.000000,8.000000,9.000000,9.000000,9.000000,9.000000,10.000000,11.000000,11.000000,11.000000,11.000000,11.000000,11.000000,11.000000,12.000000,12.000000,13.000000,13.000000,13.000000,13.000000,13.000000,13.000000,13.000000,14.000000,14.000000,14.000000,15.000000,16.000000,16.000000,17.000000,17.000000,17.000000,17.000000,17.000000,17.000000,17.000000,18.000000,19.000000,19.000000,19.000000,20.000000,20.000000,20.000000,21.000000,21.000000,21.000000,22.000000,22.000000,22.000000,22.000000,22.000000,23.000000,23.000000,24.000000,24.000000,25.000000,25.000000,25.000000,25.000000,25.000000,25.000000,25.000000,25.000000,25.000000,25.000000,25.000000,25.000000,25.000000,25.000000,25.000000,25.000000,25.000000,25.000000,25.000000,25.000000,25.000000,25.000000,25.000000,25.000000,25.000000,26.000000,27.000000,28.000000,28.000000,28.000000,29.000000,29.000000,30.000000,30.000000,30.000000,30.000000,30.000000,30.000000,30.000000,30.000000,30.000000,30.000000,31.000000,31.000000,32.000000,32.000000,32.000000,32.000000,33.000000,33.000000,34.000000,34.000000,35.000000,35.000000,35.000000,35.000000,35.000000,35.000000,35.000000,35.000000,35.000000,35.000000,35.000000,35.000000,35.000000,36.000000,36.000000,36.000000,36.000000,36.000000,36.000000,36.000000,36.000000,36.000000,36.000000,36.000000,36.000000,36.000000,36.000000,36.000000,36.000000,36.000000,36.000000,36.000000,36.000000,36.000000,36.000000,36.000000,36.000000,36.000000,36.000000,36.000000,36.000000,36.000000,36.000000,36.000000,36.000000,36.000000,36.000000,37.000000,38.000000,38.000000,38.000000,38.000000,38.000000,38.000000,39.000000,40.000000,41.000000,42.000000,42.000000,42.000000,42.000000,42.000000,43.000000,44.000000,44.000000,45.000000,46.000000,46.000000,46.000000,46.000000,46.000000,46.000000,47.000000,47.000000,47.000000,47.000000,47.000000,47.000000,47.000000,47.000000,48.000000,48.000000,48.000000,48.000000,48.000000,49.000000,49.000000,50.000000,50.000000,50.000000,50.000000,50.000000,51.000000,52.000000,52.000000,53.000000,54.000000,55.000000,55.000000,56.000000,57.000000,57.000000,57.000000,57.000000,57.000000,57.000000,57.000000,57.000000,57.000000,57.000000,57.000000,57.000000,57.000000,57.000000,57.000000,57.000000,57.000000,57.000000,57.000000,57.000000,57.000000,57.000000,57.000000,57.000000,57.000000,57.000000,57.000000,57.000000,57.000000,58.000000,58.000000,58.000000,59.000000,60.000000,60.000000,60.000000,61.000000,61.000000,61.000000,61.000000,61.000000,61.000000,61.000000,61.000000,61.000000,62.000000,63.000000,64.000000,64.000000,64.000000,64.000000,64.000000,64.000000,64.000000,64.000000,64.000000,64.000000,65.000000,65.000000,66.000000,67.000000,68.000000,69.000000,69.000000,69.000000,69.000000,69.000000,70.000000,70.000000,70.000000,71.000000,71.000000,72.000000,72.000000,72.000000,73.000000,73.000000,73.000000,74.000000,74.000000,74.000000,75.000000,75.000000,75.000000,75.000000,75.000000,75.000000,75.000000,75.000000,75.000000,75.000000,75.000000,75.000000,75.000000,75.000000,75.000000,75.000000,75.000000,75.000000,75.000000,75.000000,75.000000,75.000000,75.000000,75.000000,75.000000,75.000000,75.000000,75.000000,75.000000,75.000000,75.000000,75.000000,75.000000,75.000000,75.000000,75.000000,75.000000,75.000000,75.000000,75.000000,75.000000,75.000000,75.000000,75.000000,75.000000,75.000000,75.000000,75.000000,75.000000,75.000000,75.000000,75.000000,75.000000,75.000000,75.000000,75.000000,75.000000;;0;31228
34ed;29de;3127;0;0;0000000000000030;        10s 282ms 279μs  73ns;372;-1;             26ms 573μs 800ns;65.000000;5.723077;0.000000;inf;4;1;Unfinished;1.000000,1.000000,1.000000,1.000000,2.000000,2.000000,2.000000,2.000000,2.000000,2.000000,2.000000,2.000000,2.000000,2.000000,2.000000,3.000000,4.000000,5.000000,6.000000,6.000000,6.000000,6.000000,6.000000,6.000000,6.000000,7.000000,7.000000,8.000000,8.000000,9.000000,9.000000,9.000000,9.000000,10.000000,11.000000,11.000000,11.000000,11.000000,11.000000,11.000000,11.000000,12.000000,12.000000,13.000000,13.000000,13.000000,13.000000,13.000000,13.000000,13.000000,14.000000,14.000000,14.000000,15.000000,16.000000,16.000000,17.000000,17.000000,17.000000,17.000000,17.000000,17.000000,17.000000,18.000000,19.000000,19.000000,19.000000,20.000000,20.000000,20.000000,21.000000,21.000000,21.000000,22.000000,22.000000,22.000000,22.000000,22.000000,23.000000,23.000000,24.000000,24.000000,25.000000,25.000000,25.000000,25.000000,25.000000,25.000000,25.000000,25.000000,25.000000,25.000000,25.000000,25.000000,25.000000,25.000000,25.000000,25.000000,25.000000,25.000000,25.000000,25.000000,25.000000,25.000000,25.000000,25.000000,25.000000,26.000000,27.000000,28.000000,28.000000,28.000000,29.000000,29.000000,30.000000,30.000000,30.000000,30.000000,30.000000,30.000000,30.000000,30.000000,30.000000,30.000000,31.000000,31.000000,32.000000,32.000000,32.000000,32.000000,33.000000,33.000000,34.000000,34.000000,35.000000,35.000000,35.000000,35.000000,35.000000,35.000000,35.000000,35.000000,35.000000,35.000000,35.000000,35.000000,35.000000,36.000000,36.000000,36.000000,36.000000,36.000000,36.000000,36.000000,36.000000,36.000000,36.000000,36.000000,36.000000,36.000000,36.000000,36.000000,36.000000,36.000000,36.000000,36.000000,36.000000,36.000000,36.000000,36.000000,36.000000,36.000000,36.000000,36.000000,36.000000,36.000000,36.000000,36.000000,36.000000,36.000000,36.000000,37.000000,38.000000,38.000000,38.000000,38.000000,38.000000,38.000000,39.000000,40.000000,41.000000,42.000000,42.000000,42.000000,42.000000,42.000000,43.000000,44.000000,44.000000,45.000000,46.000000,46.000000,46.000000,46.000000,46.000000,46.000000,47.000000,47.000000,47.000000,47.000000,47.000000,47.000000,47.000000,47.000000,48.000000,48.000000,48.000000,48.000000,48.000000,49.000000,49.000000,50.000000,50.000000,50.000000,50.000000,50.000000,51.000000,52.000000,52.000000,52.000000,52.000000,52.000000,52.000000,53.000000,53.000000,53.000000,53.000000,53.000000,53.000000,53.000000,54.000000,55.000000,55.000000,55.000000,55.000000,55.000000,56.000000,56.000000,56.000000,56.000000,57.000000,58.000000,58.000000,59.000000,59.000000,59.000000,60.000000,60.000000,60.000000,61.000000,62.000000,63.000000,63.000000,63.000000,63.000000,63.000000,63.000000,63.000000,63.000000,63.000000,63.000000,63.000000,63.000000,63.000000,63.000000,63.000000,63.000000,63.000000,63.000000,63.000000,63.000000,63.000000,63.000000,63.000000,63.000000,63.000000,63.000000,64.000000,64.000000,65.000000,65.000000,65.000000,65.000000,65.000000,65.000000,65.000000,65.000000,65.000000,65.000000,65.000000,65.000000,65.000000,65.000000,65.000000,65.000000,65.000000,65.000000,65.000000,65.000000,65.000000,65.000000,65.000000,65.000000,65.000000,65.000000,65.000000,65.000000,65.000000,65.000000,65.000000,65.000000,65.000000,65.000000,65.000000,65.000000,65.000000,65.000000,65.000000,65.000000,65.000000,65.000000,65.000000,65.000000,65.000000,65.000000,65.000000,65.000000,65.000000,65.000000,65.000000,65.000000,65.000000,65.000000,65.000000,65.000000,65.000000,65.000000,65.000000,65.000000,65.000000,65.000000,65.000000,65.000000,65.000000,65.000000,65.000000,65.000000,65.000000,65.000000,65.000000,65.000000,65.000000,65.000000,65.000000,65.000000,65.000000,65.000000,65.000000,65.000000,65.000000,65.000000,65.000000;;0;44989
3e5f4;285c;3127;0;0;0000000000000030;     1m 21s 248ms 225μs 296ns;372;-1;             25ms 236μs 470ns;65.000000;5.723077;0.000000;inf;4;1;Unfinished;1.000000,1.000000,1.000000,1.000000,2.000000,2.000000,2.000000,2.000000,2.000000,2.000000,2.000000,2.000000,2.000000,2.000000,2.000000,3.000000,4.000000,5.000000,6.000000,6.000000,6.000000,6.000000,6.000000,6.000000,6.000000,7.000000,7.000000,8.000000,8.000000,9.000000,9.000000,9.000000,9.000000,10.000000,11.000000,11.000000,11.000000,11.000000,11.000000,11.000000,11.000000,12.000000,12.000000,13.000000,13.000000,13.000000,13.000000,13.000000,13.000000,13.000000,14.000000,14.000000,14.000000,15.000000,16.000000,16.000000,17.000000,17.000000,17.000000,17.000000,17.000000,17.000000,17.000000,18.000000,19.000000,20.000000,20.000000,20.000000,20.000000,20.000000,20.000000,20.000000,20.000000,21.000000,22.000000,22.000000,22.000000,23.000000,23.000000,24.000000,25.000000,25.000000,25.000000,25.000000,25.000000,25.000000,25.000000,25.000000,26.000000,26.000000,26.000000,26.000000,26.000000,26.000000,26.000000,26.000000,26.000000,26.000000,26.000000,26.000000,26.000000,27.000000,27.000000,27.000000,27.000000,27.000000,27.000000,27.000000,27.000000,27.000000,27.000000,27.000000,27.000000,27.000000,27.000000,27.000000,27.000000,27.000000,27.000000,27.000000,28.000000,28.000000,28.000000,29.000000,29.000000,30.000000,30.000000,31.000000,31.000000,32.000000,32.000000,32.000000,32.000000,32.000000,32.000000,32.000000,33.000000,33.000000,34.000000,34.000000,35.000000,36.000000,37.000000,37.000000,37.000000,37.000000,37.000000,37.000000,37.000000,38.000000,39.000000,39.000000,40.000000,40.000000,40.000000,41.000000,41.000000,41.000000,41.000000,41.000000,41.000000,42.000000,43.000000,43.000000,43.000000,43.000000,43.000000,43.000000,43.000000,43.000000,44.000000,44.000000,44.000000,45.000000,46.000000,46.000000,46.000000,46.000000,46.000000,46.000000,46.000000,46.000000,46.000000,46.000000,46.000000,47.000000,47.000000,47.000000,47.000000,47.000000,48.000000,49.000000,49.000000,49.000000,49.000000,50.000000,50.000000,50.000000,50.000000,50.000000,50.000000,50.000000,50.000000,50.000000,51.000000,51.000000,51.000000,51.000000,51.000000,51.000000,51.000000,51.000000,51.000000,51.000000,51.000000,51.000000,51.000000,51.000000,51.000000,51.000000,51.000000,51.000000,51.000000,52.000000,52.000000,52.000000,52.000000,52.000000,52.000000,53.000000,54.000000,55.000000,55.000000,56.000000,56.000000,57.000000,58.000000,58.000000,58.000000,59.000000,60.000000,61.000000,62.000000,62.000000,62.000000,62.000000,62.000000,62.000000,62.000000,62.000000,62.000000,62.000000,63.000000,63.000000,63.000000,63.000000,63.000000,63.000000,63.000000,63.000000,63.000000,64.000000,64.000000,64.000000,64.000000,64.000000,64.000000,64.000000,64.000000,64.000000,64.000000,64.000000,64.000000,64.000000,64.000000,64.000000,64.000000,64.000000,64.000000,64.000000,65.000000,65.000000,65.000000,65.000000,65.000000,65.000000,65.000000,65.000000,65.000000,65.000000,65.000000,65.000000,65.000000,65.000000,65.000000,65.000000,65.000000,65.000000,65.000000,65.000000,65.000000,65.000000,65.000000,65.000000,65.000000,65.000000,65.000000,65.000000,65.000000,65.000000,65.000000,65.000000,65.000000,65.000000,65.000000,65.000000,65.000000,65.000000,65.000000,65.000000,65.000000,65.000000,65.000000,65.000000,65.000000,65.000000,65.000000,65.000000,65.000000,65.000000,65.000000,65.000000,65.000000,65.000000,65.000000,65.000000,65.000000,65.000000,65.000000,65.000000,65.000000,65.000000,65.000000,65.000000,65.000000,65.000000,65.000000,65.000000,65.000000,65.000000,65.000000,65.000000,65.000000,65.000000,65.000000,65.000000,65.000000,65.000000,65.000000,65.000000,65.000000,65.000000,65.000000,65.000000,65.000000,65.000000,65.000000,65.000000,65.000000,65.000000,65.000000,65.000000;;0;57008
3181;29de;3127;0;0;0000000000000030;         9s 223ms 411μs 948ns;372;-1;             23ms 234μs 913ns;64.000000;5.812500;0.000000;inf;4;1;Unfinished;1.000000,1.000000,1.000000,1.000000,2.000000,2.000000,2.000000,2.000000,2.000000,2.000000,2.000000,2.000000,2.000000,2.000000,2.000000,3.000000,4.000000,5.000000,6.000000,6.000000,6.000000,6.000000,6.000000,6.000000,6.000000,7.000000,7.000000,8.000000,8.000000,9.000000,9.000000,9.000000,9.000000,10.000000,11.000000,11.000000,11.000000,11.000000,11.000000,11.000000,11.000000,12.000000,12.000000,13.000000,13.000000,13.000000,13.000000,13.000000,13.000000,13.000000,14.000000,14.000000,14.000000,15.000000,16.000000,16.000000,17.000000,17.000000,17.000000,17.000000,17.000000,17.000000,17.000000,18.000000,19.000000,19.000000,19.000000,20.000000,20.000000,20.000000,21.000000,21.000000,21.000000,22.000000,22.000000,22.000000,22.000000,22.000000,23.000000,23.000000,24.000000,24.000000,25.000000,25.000000,25.000000,25.000000,25.000000,25.000000,25.000000,25.000000,25.000000,25.000000,25.000000,25.000000,25.000000,25.000000,25.000000,25.000000,25.000000,25.000000,25.000000,25.000000,25.000000,25.000000,25.000000,25.000000,25.000000,26.000000,27.000000,28.000000,28.000000,28.000000,29.000000,29.000000,30.000000,30.000000,30.000000,30.000000,30.000000,30.000000,30.000000,30.000000,30.000000,30.000000,31.000000,31.000000,32.000000,32.000000,32.000000,32.000000,33.000000,33.000000,34.000000,34.000000,35.000000,35.000000,35.000000,35.000000,35.000000,35.000000,35.000000,35.000000,35.000000,35.000000,35.000000,35.000000,35.000000,36.000000,36.000000,36.000000,36.000000,36.000000,36.000000,36.000000,36.000000,36.000000,36.000000,36.000000,36.000000,36.000000,36.000000,36.000000,36.000000,36.000000,36.000000,36.000000,36.000000,36.000000,36.000000,36.000000,36.000000,36.000000,36.000000,36.000000,36.000000,36.000000,36.000000,36.000000,36.000000,36.000000,36.000000,37.000000,38.000000,38.000000,38.000000,38.000000,38.000000,38.000000,39.000000,40.000000,41.000000,42.000000,42.000000,42.000000,42.000000,42.000000,43.000000,44.000000,44.000000,45.000000,46.000000,46.000000,46.000000,46.000000,46.000000,46.000000,47.000000,47.000000,47.000000,47.000000,47.000000,47.000000,47.000000,47.000000,48.000000,48.000000,48.000000,48.000000,48.000000,49.000000,49.000000,50.000000,50.000000,50.000000,50.000000,50.000000,51.000000,52.000000,52.000000,52.000000,52.000000,52.000000,52.000000,53.000000,53.000000,53.000000,53.000000,53.000000,53.000000,53.000000,54.000000,55.000000,55.000000,55.000000,55.000000,55.000000,56.000000,56.000000,56.000000,56.000000,57.000000,58.000000,58.000000,59.000000,59.000000,59.000000,60.000000,60.000000,60.000000,61.000000,62.000000,63.000000,63.000000,63.000000,63.000000,63.000000,63.000000,63.000000,63.000000,63.000000,63.000000,63.000000,63.000000,63.000000,63.000000,63.000000,63.000000,63.000000,63.000000,63.000000,63.000000,64.000000,64.000000,64.000000,64.000000,64.000000,64.000000,64.000000,64.000000,64.000000,64.000000,64.000000,64.000000,64.000000,64.000000,64.000000,64.000000,64.000000,64.000000,64.000000,64.000000,64.000000,64.000000,64.000000,64.000000,64.000000,64.000000,64.000000,64.000000,64.000000,64.000000,64.000000,64.000000,64.000000,64.000000,64.000000,64.000000,64.000000,64.000000,64.000000,64.000000,64.000000,64.000000,64.000000,64.000000,64.000000,64.000000,64.000000,64.000000,64.000000,64.000000,64.000000,64.000000,64.000000,64.000000,64.000000,64.000000,64.000000,64.000000,64.000000,64.000000,64.000000,64.000000,64.000000,64.000000,64.000000,64.000000,64.000000,64.000000,64.000000,64.000000,64.000000,64.000000,64.000000,64.000000,64.000000,64.000000,64.000000,64.000000,64.000000,64.000000,64.000000,64.000000,64.000000,64.000000,64.000000,64.000000,64.000000,64.000000,64.000000,64.000000,64.000000;;0;3831
31f0;29de;3127;0;0;0000000000000030;         9s 295ms 819μs 893ns;372;-1;             24ms 412μs 667ns;63.000000;5.904762;0.000000;inf;4;1;Unfinished;1.000000,1.000000,1.000000,1.000000,2.000000,2.000000,2.000000,2.000000,2.000000,2.000000,2.000000,2.000000,2.000000,2.000000,2.000000,3.000000,4.000000,5.000000,6.000000,6.000000,6.000000,6.000000,6.000000,6.000000,6.000000,7.000000,7.000000,8.000000,8.000000,9.000000,9.000000,9.000000,9.000000,10.000000,11.000000,11.000000,11.000000,11.000000,11.000000,11.000000,11.000000,12.000000,12.000000,13.000000,13.000000,13.000000,13.000000,13.000000,13.000000,13.000000,14.000000,14.000000,14.000000,15.000000,16.000000,16.000000,17.000000,17.000000,17.000000,17.000000,17.000000,17.000000,17.000000,18.000000,19.000000,19.000000,19.000000,20.000000,20.000000,20.000000,21.000000,21.000000,21.000000,22.000000,22.000000,22.000000,22.000000,22.000000,23.000000,23.000000,24.000000,24.000000,25.000000,25.000000,25.000000,25.000000,25.000000,25.000000,25.000000,25.000000,25.000000,25.000000,25.000000,25.000000,25.000000,25.000000,25.000000,25.000000,25.000000,25.000000,25.000000,25.000000,25.000000,25.000000,25.000000,25.000000,25.000000,26.000000,27.000000,28.000000,28.000000,28.000000,29.000000,29.000000,30.000000,30.000000,30.000000,30.000000,30.000000,30.000000,30.000000,30.000000,30.000000,30.000000,31.000000,31.000000,32.000000,32.000000,32.000000,32.000000,33.000000,33.000000,34.000000,34.000000,35.000000,35.000000,35.000000,35.000000,35.000000,35.000000,35.000000,35.000000,35.000000,35.000000,35.000000,35.000000,35.000000,36.000000,36.000000,36.000000,36.000000,36.000000,36.000000,36.000000,36.000000,36.000000,36.000000,36.000000,36.000000,36.000000,36.000000,36.000000,36.000000,36.000000,36.000000,36.000000,36.000000,36.000000,36.000000,36.000000,36.000000,36.000000,36.000000,36.000000,36.000000,36.000000,36.000000,36.000000,36.000000,36.000000,36.000000,37.000000,38.000000,38.000000,38.000000,38.000000,38.000000,38.000000,39.000000,40.000000,41.000000,42.000000,42.000000,42.000000,42.000000,42.000000,43.000000,44.000000,44.000000,45.000000,46.000000,46.000000,46.000000,46.000000,46.000000,46.000000,47.000000,47.000000,47.000000,47.000000,47.000000,47.000000,47.000000,47.000000,48.000000,48.000000,48.000000,48.000000,48.000000,49.000000,49.000000,50.000000,50.000000,50.000000,50.000000,50.000000,51.000000,52.000000,52.000000,52.000000,52.000000,52.000000,52.000000,53.000000,53.000000,53.000000,53.000000,53.000000,53.000000,53.000000,54.000000,55.000000,55.000000,55.000000,55.000000,55.000000,56.000000,56.000000,56.000000,56.000000,57.000000,58.000000,58.000000,59.000000,59.000000,59.000000,60.000000,60.000000,60.000000,61.000000,62.000000,63.000000,63.000000,63.000000,63.000000,63.000000,63.000000,63.000000,63.000000,63.000000,63.000000,63.000000,63.000000,63.000000,63.000000,63.000000,63.000000,63.000000,63.000000,63.000000,63.000000,63.000000,63.000000,63.000000,63.000000,63.000000,63.000000,63.000000,63.000000,63.000000,63.000000,63.000000,63.000000,63.000000,63.000000,63.000000,63.000000,63.000000,63.000000,63.000000,63.000000,63.000000,63.000000,63.000000,63.000000,63.000000,63.000000,63.000000,63.000000,63.000000,63.000000,63.000000,63.000000,63.000000,63.000000,63.000000,63.000000,63.000000,63.000000,63.000000,63.000000,63.000000,63.000000,63.000000,63.000000,63.000000,63.000000,63.000000,63.000000,63.000000,63.000000,63.000000,63.000000,63.000000,63.000000,63.000000,63.000000,63.000000,63.000000,63.000000,63.000000,63.000000,63.000000,63.000000,63.000000,63.000000,63.000000,63.000000,63.000000,63.000000,63.000000,63.000000,63.000000,63.000000,63.000000,63.000000,63.000000,63.000000,63.000000,63.000000,63.000000,63.000000,63.000000,63.000000,63.000000,63.000000,63.000000,63.000000,63.000000,63.000000,63.000000,63.000000;;0;3897
2ec89;29de;3127;0;0;0000000000000030;     1m  4s 144ms 180μs 583ns;372;-1;             28ms 302μs 858ns;63.000000;5.904762;0.000000;inf;4;1;Unfinished;1.000000,1.000000,1.000000,1.000000,2.000000,2.000000,2.000000,2.000000,2.000000,2.000000,2.000000,2.000000,2.000000,2.000000,2.000000,3.000000,4.000000,5.000000,6.000000,6.000000,6.000000,6.000000,6.000000,6.000000,6.000000,7.000000,7.000000,8.000000,8.000000,9.000000,9.000000,9.000000,9.000000,10.000000,11.000000,11.000000,11.000000,11.000000,11.000000,11.000000,11.000000,12.000000,12.000000,13.000000,13.000000,13.000000,13.000000,13.000000,13.000000,13.000000,14.000000,14.000000,14.000000,15.000000,16.000000,16.000000,17.000000,17.000000,17.000000,17.000000,17.000000,17.000000,17.000000,18.000000,19.000000,19.000000,19.000000,20.000000,20.000000,20.000000,21.000000,21.000000,21.000000,22.000000,22.000000,22.000000,22.000000,22.000000,23.000000,23.000000,24.000000,24.000000,25.000000,25.000000,25.000000,25.000000,25.000000,25.000000,25.000000,25.000000,25.000000,25.000000,25.000000,25.000000,25.000000,25.000000,25.000000,25.000000,25.000000,25.000000,25.000000,25.000000,25.000000,25.000000,25.000000,25.000000,25.000000,26.000000,27.000000,28.000000,28.000000,28.000000,29.000000,29.000000,30.000000,30.000000,30.000000,30.000000,30.000000,30.000000,30.000000,30.000000,30.000000,30.000000,31.000000,31.000000,32.000000,32.000000,32.000000,32.000000,33.000000,33.000000,34.000000,34.000000,35.000000,35.000000,35.000000,35.000000,35.000000,35.000000,35.000000,35.000000,35.000000,35.000000,35.000000,35.000000,35.000000,36.000000,36.000000,36.000000,36.000000,36.000000,36.000000,36.000000,36.000000,36.000000,36.000000,36.000000,36.000000,36.000000,36.000000,36.000000,36.000000,36.000000,36.000000,36.000000,36.000000,36.000000,36.000000,36.000000,36.000000,36.000000,36.000000,36.000000,36.000000,36.000000,36.000000,36.000000,36.000000,36.000000,36.000000,37.000000,38.000000,38.000000,38.000000,38.000000,38.000000,38.000000,39.000000,40.000000,41.000000,42.000000,42.000000,42.000000,42.000000,42.000000,43.000000,44.000000,44.000000,45.000000,46.000000,46.000000,46.000000,46.000000,46.000000,46.000000,47.000000,47.000000,47.000000,47.000000,47.000000,47.000000,47.000000,47.000000,48.000000,48.000000,48.000000,48.000000,48.000000,49.000000,49.000000,50.000000,50.000000,50.000000,50.000000,50.000000,51.000000,52.000000,52.000000,52.000000,52.000000,52.000000,52.000000,53.000000,53.000000,53.000000,53.000000,53.000000,53.000000,53.000000,54.000000,55.000000,55.000000,55.000000,55.000000,55.000000,56.000000,56.000000,56.000000,56.000000,57.000000,58.000000,58.000000,59.000000,59.000000,59.000000,60.000000,60.000000,60.000000,61.000000,62.000000,63.000000,63.000000,63.000000,63.000000,63.000000,63.000000,63.000000,63.000000,63.000000,63.000000,63.000000,63.000000,63.000000,63.000000,63.000000,63.000000,63.000000,63.000000,63.000000,63.000000,63.000000,63.000000,63.000000,63.000000,63.000000,63.000000,63.000000,63.000000,63.000000,63.000000,63.000000,63.000000,63.000000,63.000000,63.000000,63.000000,63.000000,63.000000,63.000000,63.000000,63.000000,63.000000,63.000000,63.000000,63.000000,63.000000,63.000000,63.000000,63.000000,63.000000,63.000000,63.000000,63.000000,63.000000,63.000000,63.000000,63.000000,63.000000,63.000000,63.000000,63.000000,63.000000,63.000000,63.000000,63.000000,63.000000,63.000000,63.000000,63.000000,63.000000,63.000000,63.000000,63.000000,63.000000,63.000000,63.000000,63.000000,63.000000,63.000000,63.000000,63.000000,63.000000,63.000000,63.000000,63.000000,63.000000,63.000000,63.000000,63.000000,63.000000,63.000000,63.000000,63.000000,63.000000,63.000000,63.000000,63.000000,63.000000,63.000000,63.000000,63.000000,63.000000,63.000000,63.000000,63.000000,63.000000,63.000000,63.000000,63.000000,63.000000,63.000000;;0;52043
3217;2958;3127;0;0;0000000000000030;         9s 352ms 884μs 154ns;371;-1;             23ms 694μs 529ns;69.000000;5.376812;0.000000;inf;4;1;Unfinished;1.000000,1.000000,1.000000,1.000000,2.000000,2.000000,2.000000,2.000000,2.000000,2.000000,2.000000,2.000000,2.000000,2.000000,2.000000,3.000000,4.000000,5.000000,6.000000,6.000000,6.000000,6.000000,6.000000,6.000000,6.000000,7.000000,7.000000,8.000000,8.000000,9.000000,9.000000,9.000000,9.000000,10.000000,11.000000,11.000000,11.000000,11.000000,11.000000,11.000000,11.000000,12.000000,12.000000,13.000000,13.000000,13.000000,13.000000,13.000000,13.000000,13.000000,14.000000,14.000000,14.000000,15.000000,16.000000,16.000000,17.000000,17.000000,17.000000,17.000000,17.000000,17.000000,17.000000,18.000000,19.000000,19.000000,19.000000,20.000000,20.000000,20.000000,21.000000,21.000000,21.000000,22.000000,22.000000,22.000000,22.000000,22.000000,23.000000,23.000000,24.000000,24.000000,25.000000,25.000000,25.000000,25.000000,25.000000,25.000000,25.000000,25.000000,25.000000,25.000000,25.000000,25.000000,25.000000,25.000000,25.000000,25.000000,25.000000,25.000000,25.000000,25.000000,25.000000,25.000000,25.000000,25.000000,25.000000,26.000000,27.000000,28.000000,28.000000,28.000000,29.000000,29.000000,30.000000,30.000000,30.000000,30.000000,30.000000,30.000000,30.000000,30.000000,30.000000,30.000000,31.000000,31.000000,32.000000,32.000000,32.000000,32.000000,33.000000,33.000000,34.000000,34.000000,35.000000,35.000000,35.000000,35.000000,35.000000,35.000000,35.000000,35.000000,35.000000,35.000000,35.000000,35.000000,35.000000,36.000000,36.000000,36.000000,36.000000,36.000000,36.000000,36.000000,36.000000,36.000000,36.000000,36.000000,36.000000,36.000000,36.000000,36.000000,36.000000,36.000000,36.000000,36.000000,36.000000,36.000000,36.000000,36.000000,36.000000,36.000000,36.000000,36.000000,36.000000,36.000000,36.000000,36.000000,36.000000,36.000000,36.000000,37.000000,38.000000,38.000000,38.000000,38.000000,38.000000,38.000000,39.000000,40.000000,41.000000,42.000000,42.000000,42.000000,42.000000,42.000000,43.000000,44.000000,44.000000,45.000000,46.000000,46.000000,46.000000,46.000000,46.000000,46.000000,47.000000,47.000000,47.000000,47.000000,47.000000,47.000000,47.000000,47.000000,48.000000,48.000000,48.000000,48.000000,48.000000,49.000000,49.000000,50.000000,50.000000,50.000000,50.000000,50.000000,51.000000,52.000000,52.000000,52.000000,53.000000,53.000000,53.000000,53.000000,53.000000,53.000000,53.000000,54.000000,55.000000,55.000000,55.000000,55.000000,55.000000,56.000000,56.000000,56.000000,56.000000,57.000000,58.000000,58.000000,58.000000,59.000000,59.000000,59.000000,60.000000,60.000000,60.000000,61.000000,62.000000,63.000000,63.000000,63.000000,63.000000,63.000000,63.000000,63.000000,63.000000,63.000000,63.000000,63.000000,63.000000,63.000000,63.000000,63.000000,63.000000,63.000000,63.000000,63.000000,63.000000,63.000000,63.000000,63.000000,64.000000,64.000000,64.000000,64.000000,64.000000,64.000000,64.000000,65.000000,65.000000,65.000000,65.000000,65.000000,65.000000,65.000000,65.000000,65.000000,65.000000,65.000000,65.000000,65.000000,65.000000,65.000000,65.000000,65.000000,65.000000,66.000000,66.000000,66.000000,66.000000,67.000000,68.000000,69.000000,69.000000,69.000000,69.000000,69.000000,69.000000,69.000000,69.000000,69.000000,69.000000,69.000000,69.000000,69.000000,69.000000,69.000000,69.000000,69.000000,69.000000,69.000000,69.000000,69.000000,69.000000,69.000000,69.000000,69.000000,69.000000,69.000000,69.000000,69.000000,69.000000,69.000000,69.000000,69.000000,69.000000,69.000000,69.000000,69.000000,69.000000,69.000000,69.000000,69.000000,69.000000,69.000000,69.000000,69.000000,69.000000,69.000000,69.000000,69.000000,69.000000,69.000000,69.000000,69.000000,69.000000,69.000000,69.000000,69.000000,69.000000;;0;3944
3214;285c;3127;0;0;0000000000000030;         9s 346ms 344μs 361ns;371;-1;             23ms 583μs 205ns;67.000000;5.537313;0.000000;inf;4;1;Unfinished;1.000000,1.000000,1.000000,1.000000,2.000000,2.000000,2.000000,2.000000,2.000000,2.000000,2.000000,2.000000,2.000000,2.000000,2.000000,3.000000,4.000000,5.000000,6.000000,6.000000,6.000000,6.000000,6.000000,6.000000,6.000000,7.000000,7.000000,8.000000,8.000000,9.000000,9.000000,9.000000,9.000000,10.000000,11.000000,11.000000,11.000000,11.000000,11.000000,11.000000,11.000000,12.000000,12.000000,13.000000,13.000000,13.000000,13.000000,13.000000,13.000000,13.000000,14.000000,14.000000,14.000000,15.000000,16.000000,16.000000,17.000000,17.000000,17.000000,17.000000,17.000000,17.000000,17.000000,18.000000,19.000000,20.000000,20.000000,20.000000,20.000000,20.000000,20.000000,20.000000,20.000000,21.000000,22.000000,22.000000,22.000000,23.000000,23.000000,24.000000,25.000000,25.000000,25.000000,25.000000,25.000000,25.000000,25.000000,25.000000,26.000000,26.000000,26.000000,26.000000,26.000000,26.000000,26.000000,26.000000,26.000000,26.000000,26.000000,26.000000,26.000000,27.000000,27.000000,27.000000,27.000000,27.000000,27.000000,27.000000,27.000000,27.000000,27.000000,27.000000,27.000000,27.000000,27.000000,27.000000,27.000000,27.000000,27.000000,27.000000,28.000000,28.000000,28.000000,29.000000,29.000000,30.000000,30.000000,31.000000,31.000000,32.000000,32.000000,32.000000,32.000000,32.000000,32.000000,32.000000,33.000000,33.000000,34.000000,34.000000,35.000000,36.000000,37.000000,37.000000,37.000000,37.000000,37.000000,37.000000,37.000000,38.000000,39.000000,39.000000,40.000000,40.000000,40.000000,41.000000,41.000000,41.000000,41.000000,41.000000,41.000000,42.000000,43.000000,43.000000,43.000000,43.000000,43.000000,43.000000,43.000000,43.000000,44.000000,44.000000,44.000000,45.000000,46.000000,46.000000,46.000000,46.000000,46.000000,46.000000,46.000000,46.000000,46.000000,46.000000,46.000000,47.000000,47.000000,47.000000,47.000000,47.000000,48.000000,49.000000,49.000000,49.000000,49.000000,50.000000,50.000000,50.000000,50.000000,50.000000,50.000000,50.000000,50.000000,50.000000,51.000000,51.000000,51.000000,51.000000,51.000000,51.000000,51.000000,51.000000,51.000000,51.000000,51.000000,51.000000,51.000000,51.000000,51.000000,51.000000,51.000000,51.000000,51.000000,52.000000,52.000000,52.000000,52.000000,52.000000,52.000000,53.000000,54.000000,55.000000,55.000000,56.000000,56.000000,57.000000,58.000000,58.000000,58.000000,59.000000,60.000000,61.000000,62.000000,62.000000,62.000000,62.000000,62.000000,62.000000,62.000000,62.000000,62.000000,62.000000,63.000000,63.000000,63.000000,63.000000,63.000000,63.000000,63.000000,63.000000,63.000000,64.000000,64.000000,64.000000,64.000000,64.000000,64.000000,64.000000,64.000000,64.000000,64.000000,64.000000,64.000000,64.000000,64.000000,64.000000,64.000000,64.000000,64.000000,65.000000,65.000000,66.000000,66.000000,66.000000,66.000000,66.000000,66.000000,66.000000,66.000000,66.000000,66.000000,66.000000,66.000000,66.000000,66.000000,66.000000,66.000000,66.000000,66.000000,66.000000,66.000000,66.000000,66.000000,66.000000,66.000000,66.000000,66.000000,66.000000,66.000000,66.000000,66.000000,66.000000,66.000000,66.000000,66.000000,66.000000,66.000000,66.000000,66.000000,66.000000,66.000000,66.000000,66.000000,66.000000,66.000000,66.000000,66.000000,66.000000,66.000000,66.000000,66.000000,66.000000,66.000000,66.000000,66.000000,66.000000,66.000000,66.000000,66.000000,66.000000,66.000000,66.000000,66.000000,66.000000,66.000000,66.000000,66.000000,66.000000,66.000000,66.000000,66.000000,66.000000,66.000000,66.000000,66.000000,66.000000,66.000000,66.000000,66.000000,66.000000,66.000000,66.000000,66.000000,66.000000,66.000000,66.000000,66.000000,66.000000,66.000000,66.000000,66.000000,67.000000;;0;3943
3241;29de;3127;0;0;0000000000000030;         9s 430ms 498μs 891ns;371;-1;             26ms 197μs 829ns;63.000000;5.888889;0.000000;inf;4;1;Unfinished;1.000000,1.000000,1.000000,1.000000,2.000000,2.000000,2.000000,2.000000,2.000000,2.000000,2.000000,2.000000,2.000000,2.000000,2.000000,3.000000,4.000000,5.000000,6.000000,6.000000,6.000000,6.000000,6.000000,6.000000,6.000000,7.000000,7.000000,8.000000,8.000000,9.000000,9.000000,9.000000,9.000000,10.000000,11.000000,11.000000,11.000000,11.000000,11.000000,11.000000,11.000000,12.000000,12.000000,13.000000,13.000000,13.000000,13.000000,13.000000,13.000000,13.000000,14.000000,14.000000,14.000000,15.000000,16.000000,16.000000,17.000000,17.000000,17.000000,17.000000,17.000000,17.000000,17.000000,18.000000,19.000000,19.000000,19.000000,20.000000,20.000000,20.000000,21.000000,21.000000,21.000000,22.000000,22.000000,22.000000,22.000000,22.000000,23.000000,23.000000,24.000000,24.000000,25.000000,25.000000,25.000000,25.000000,25.000000,25.000000,25.000000,25.000000,25.000000,25.000000,25.000000,25.000000,25.000000,25.000000,25.000000,25.000000,25.000000,25.000000,25.000000,25.000000,25.000000,25.000000,25.000000,25.000000,25.000000,26.000000,27.000000,28.000000,28.000000,28.000000,29.000000,29.000000,30.000000,30.000000,30.000000,30.000000,30.000000,30.000000,30.000000,30.000000,30.000000,30.000000,31.000000,31.000000,32.000000,32.000000,32.000000,32.000000,33.000000,33.000000,34.000000,34.000000,35.000000,35.000000,35.000000,35.000000,35.000000,35.000000,35.000000,35.000000,35.000000,35.000000,35.000000,35.000000,35.000000,36.000000,36.000000,36.000000,36.000000,36.000000,36.000000,36.000000,36.000000,36.000000,36.000000,36.000000,36.000000,36.000000,36.000000,36.000000,36.000000,36.000000,36.000000,36.000000,36.000000,36.000000,36.000000,36.000000,36.000000,36.000000,36.000000,36.000000,36.000000,36.000000,36.000000,36.000000,36.000000,36.000000,36.000000,37.000000,38.000000,38.000000,38.000000,38.000000,38.000000,38.000000,39.000000,40.000000,41.000000,42.000000,42.000000,42.000000,42.000000,42.000000,43.000000,44.000000,44.000000,45.000000,46.000000,46.000000,46.000000,46.000000,46.000000,46.000000,47.000000,47.000000,47.000000,47.000000,47.000000,47.000000,47.000000,47.000000,48.000000,48.000000,48.000000,48.000000,48.000000,49.000000,49.000000,50.000000,50.000000,50.000000,50.000000,50.000000,51.000000,52.000000,52.000000,52.000000,52.000000,52.000000,52.000000,53.000000,53.000000,53.000000,53.000000,53.000000,53.000000,53.000000,54.000000,55.000000,55.000000,55.000000,55.000000,55.000000,56.000000,56.000000,56.000000,56.000000,57.000000,58.000000,58.000000,59.000000,59.000000,59.000000,60.000000,60.000000,60.000000,61.000000,62.000000,63.000000,63.000000,63.000000,63.000000,63.000000,63.000000,63.000000,63.000000,63.000000,63.000000,63.000000,63.000000,63.000000,63.000000,63.000000,63.000000,63.000000,63.000000,63.000000,63.000000,63.000000,63.000000,63.000000,63.000000,63.000000,63.000000,63.000000,63.000000,63.000000,63.000000,63.000000,63.000000,63.000000,63.000000,63.000000,63.000000,63.000000,63.000000,63.000000,63.000000,63.000000,63.000000,63.000000,63.000000,63.000000,63.000000,63.000000,63.000000,63.000000,63.000000,63.000000,63.000000,63.000000,63.000000,63.000000,63.000000,63.000000,63.000000,63.000000,63.000000,63.000000,63.000000,63.000000,63.000000,63.000000,63.000000,63.000000,63.000000,63.000000,63.000000,63.000000,63.000000,63.000000,63.000000,63.000000,63.000000,63.000000,63.000000,63.000000,63.000000,63.000000,63.000000,63.000000,63.000000,63.000000,63.000000,63.000000,63.000000,63.000000,63.000000,63.000000,63.000000,63.000000,63.000000,63.000000,63.000000,63.000000,63.000000,63.000000,63.000000,63.000000,63.000000,63.000000,63.000000,63.000000,63.000000,63.000000,63.000000,63.000000,63.000000;;0;4046
3142;2c36;3127;0;0;0000000000000030;         9s 221ms 350μs 977ns;370;-1;             23ms 241μs 105ns;68.000000;5.441176;0.000000;inf;4;1;Unfinished;1.000000,1.000000,1.000000,1.000000,2.000000,2.000000,2.000000,2.000000,2.000000,2.000000,2.000000,2.000000,2.000000,2.000000,2.000000,3.000000,4.000000,5.000000,6.000000,6.000000,6.000000,6.000000,6.000000,6.000000,6.000000,7.000000,7.000000,8.000000,8.000000,9.000000,9.000000,9.000000,9.000000,10.000000,11.000000,11.000000,11.000000,11.000000,11.000000,11.000000,11.000000,12.000000,12.000000,13.000000,13.000000,13.000000,13.000000,13.000000,13.000000,13.000000,14.000000,14.000000,14.000000,15.000000,16.000000,16.000000,17.000000,17.000000,17.000000,17.000000,17.000000,17.000000,17.000000,18.000000,19.000000,19.000000,19.000000,20.000000,20.000000,20.000000,21.000000,21.000000,21.000000,22.000000,22.000000,22.000000,22.000000,22.000000,23.000000,23.000000,24.000000,24.000000,25.000000,25.000000,25.000000,25.000000,25.000000,25.000000,25.000000,25.000000,25.000000,25.000000,25.000000,25.000000,25.000000,25.000000,25.000000,25.000000,25.000000,25.000000,25.000000,25.000000,25.000000,25.000000,25.000000,25.000000,25.000000,26.000000,27.000000,28.000000,28.000000,28.000000,29.000000,29.000000,30.000000,30.000000,30.000000,30.000000,30.000000,30.000000,30.000000,30.000000,30.000000,30.000000,31.000000,31.000000,32.000000,32.000000,32.000000,32.000000,33.000000,33.000000,34.000000,34.000000,35.000000,35.000000,35.000000,35.000000,35.000000,35.000000,35.000000,35.000000,35.000000,35.000000,35.000000,35.000000,35.000000,36.000000,36.000000,36.000000,36.000000,36.000000,36.000000,36.000000,36.000000,36.000000,36.000000,36.000000,36.000000,36.000000,36.000000,36.000000,36.000000,36.000000,36.000000,36.000000,36.000000,36.000000,36.000000,36.000000,36.000000,36.000000,36.000000,36.000000,36.000000,36.000000,36.000000,36.000000,36.000000,36.000000,36.000000,37.000000,38.000000,38.000000,38.000000,38.000000,38.000000,38.000000,39.000000,40.000000,41.000000,42.000000,42.000000,42.000000,42.000000,42.000000,43.000000,44.000000,44.000000,45.000000,46.000000,46.000000,46.000000,46.000000,46.000000,46.000000,47.000000,47.000000,47.000000,47.000000,47.000000,47.000000,47.000000,47.000000,48.000000,48.000000,48.000000,48.000000,48.000000,49.000000,49.000000,50.000000,50.000000,50.000000,50.000000,50.000000,51.000000,52.000000,52.000000,52.000000,52.000000,53.000000,53.000000,53.000000,54.000000,54.000000,54.000000,55.000000,56.000000,57.000000,58.000000,59.000000,60.000000,60.000000,60.000000,60.000000,60.000000,60.000000,60.000000,60.000000,60.000000,60.000000,60.000000,60.000000,60.000000,60.000000,60.000000,60.000000,60.000000,60.000000,60.000000,61.000000,62.000000,62.000000,62.000000,62.000000,62.000000,62.000000,62.000000,62.000000,62.000000,62.000000,62.000000,63.000000,64.000000,64.000000,64.000000,64.000000,64.000000,64.000000,65.000000,65.000000,66.000000,67.000000,68.000000,68.000000,68.000000,68.000000,68.000000,68.000000,68.000000,68.000000,68.000000,68.000000,68.000000,68.000000,68.000000,68.000000,68.000000,68.000000,68.000000,68.000000,68.000000,68.000000,68.000000,68.000000,68.000000,68.000000,68.000000,68.000000,68.000000,68.000000,68.000000,68.000000,68.000000,68.000000,68.000000,68.000000,68.000000,68.000000,68.000000,68.000000,68.000000,68.000000,68.000000,68.000000,68.000000,68.000000,68.000000,68.000000,68.000000,68.000000,68.000000,68.000000,68.000000,68.000000,68.000000,68.000000,68.000000,68.000000,68.000000,68.000000,68.000000,68.000000,68.000000,68.000000,68.000000,68.000000,68.000000,68.000000,68.000000,68.000000,68.000000,68.000000,68.000000,68.000000,68.000000,68.000000,68.000000,68.000000,68.000000,68.000000,68.000000,68.000000,68.000000,68.000000,68.000000,68.000000,68.000000,68.000000;;0;3803
33ac;2958;3127;0;0;0000000000000030;         9s 879ms 942μs 923ns;370;-1;             26ms 739μs 113ns;66.000000;5.606061;0.000000;inf;4;1;Unfinished;1.000000,1.000000,1.000000,1.000000,2.000000,2.000000,2.000000,2.000000,2.000000,2.000000,2.000000,2.000000,2.000000,2.000000,2.000000,3.000000,4.000000,5.000000,6.000000,6.000000,6.000000,6.000000,6.000000,6.000000,6.000000,7.000000,7.000000,8.000000,8.000000,9.000000,9.000000,9.000000,9.000000,10.000000,11.000000,11.000000,11.000000,11.000000,11.000000,11.000000,11.000000,12.000000,12.000000,13.000000,13.000000,13.000000,13.000000,13.000000,13.000000,13.000000,14.000000,14.000000,14.000000,15.000000,16.000000,16.000000,17.000000,17.000000,17.000000,17.000000,17.000000,17.000000,17.000000,18.000000,19.000000,19.000000,19.000000,20.000000,20.000000,20.000000,21.000000,21.000000,21.000000,22.000000,22.000000,22.000000,22.000000,22.000000,23.000000,23.000000,24.000000,24.000000,25.000000,25.000000,25.000000,25.000000,25.000000,25.000000,25.000000,25.000000,25.000000,25.000000,25.000000,25.000000,25.000000,25.000000,25.000000,25.000000,25.000000,25.000000,25.000000,25.000000,25.000000,25.000000,25.000000,25.000000,25.000000,26.000000,27.000000,28.000000,28.000000,28.000000,29.000000,29.000000,30.000000,30.000000,30.000000,30.000000,30.000000,30.000000,30.000000,30.000000,30.000000,30.000000,31.000000,31.000000,32.000000,32.000000,32.000000,32.000000,33.000000,33.000000,34.000000,34.000000,35.000000,35.000000,35.000000,35.000000,35.000000,35.000000,35.000000,35.000000,35.000000,35.000000,35.000000,35.000000,35.000000,36.000000,36.000000,36.000000,36.000000,36.000000,36.000000,36.000000,36.000000,36.000000,36.000000,36.000000,36.000000,36.000000,36.000000,36.000000,36.000000,36.000000,36.000000,36.000000,36.000000,36.000000,36.000000,36.000000,36.000000,36.000000,36.000000,36.000000,36.000000,36.000000,36.000000,36.000000,36.000000,36.000000,36.000000,37.000000,38.000000,38.000000,38.000000,38.000000,38.000000,38.000000,39.000000,40.000000,41.000000,42.000000,42.000000,42.000000,42.000000,42.000000,43.000000,44.000000,44.000000,45.000000,46.000000,46.000000,46.000000,46.000000,46.000000,46.000000,47.000000,47.000000,47.000000,47.000000,47.000000,47.000000,47.000000,47.000000,48.000000,48.000000,48.000000,48.000000,48.000000,49.000000,49.000000,50.000000,50.000000,50.000000,50.000000,50.000000,51.000000,52.000000,52.000000,52.000000,53.000000,53.000000,53.000000,53.000000,53.000000,53.000000,53.000000,54.000000,55.000000,55.000000,55.000000,55.000000,55.000000,56.000000,56.000000,56.000000,56.000000,57.000000,58.000000,58.000000,58.000000,59.000000,59.000000,59.000000,60.000000,60.000000,60.000000,61.000000,62.000000,63.000000,63.000000,63.000000,63.000000,63.000000,63.000000,63.000000,63.000000,63.000000,63.000000,63.000000,63.000000,63.000000,63.000000,63.000000,63.000000,63.000000,63.000000,63.000000,63.000000,63.000000,63.000000,63.000000,63.000000,63.000000,63.000000,63.000000,63.000000,63.000000,63.000000,63.000000,63.000000,63.000000,63.000000,63.000000,63.000000,63.000000,63.000000,63.000000,63.000000,63.000000,63.000000,63.000000,63.000000,63.000000,63.000000,63.000000,63.000000,63.000000,63.000000,63.000000,63.000000,63.000000,63.000000,63.000000,63.000000,64.000000,65.000000,66.000000,66.000000,66.000000,66.000000,66.000000,66.000000,66.000000,66.000000,66.000000,66.000000,66.000000,66.000000,66.000000,66.000000,66.000000,66.000000,66.000000,66.000000,66.000000,66.000000,66.000000,66.000000,66.000000,66.000000,66.000000,66.000000,66.000000,66.000000,66.000000,66.000000,66.000000,66.000000,66.000000,66.000000,66.000000,66.000000,66.000000,66.000000,66.000000,66.000000,66.000000,66.000000,66.000000,66.000000,66.000000,66.000000,66.000000,66.000000,66.000000,66.000000,66.000000,66.000000,66.000000;;0;34268
3229;2958;3127;0;0;0000000000000030;         9s 383ms  56μs 384ns;370;-1;             23ms 762μs 868ns;63.000000;5.873016;0.000000;inf;4;1;Unfinished;1.000000,1.000000,1.000000,1.000000,2.000000,2.000000,2.000000,2.000000,2.000000,2.000000,2.000000,2.000000,2.000000,2.000000,2.000000,3.000000,4.000000,5.000000,6.000000,6.000000,6.000000,6.000000,6.000000,6.000000,6.000000,7.000000,7.000000,8.000000,8.000000,9.000000,9.000000,9.000000,9.000000,10.000000,11.000000,11.000000,11.000000,11.000000,11.000000,11.000000,11.000000,12.000000,12.000000,13.000000,13.000000,13.000000,13.000000,13.000000,13.000000,13.000000,14.000000,14.000000,14.000000,15.000000,16.000000,16.000000,17.000000,17.000000,17.000000,17.000000,17.000000,17.000000,17.000000,18.000000,19.000000,19.000000,19.000000,20.000000,20.000000,20.000000,21.000000,21.000000,21.000000,22.000000,22.000000,22.000000,22.000000,22.000000,23.000000,23.000000,24.000000,24.000000,25.000000,25.000000,25.000000,25.000000,25.000000,25.000000,25.000000,25.000000,25.000000,25.000000,25.000000,25.000000,25.000000,25.000000,25.000000,25.000000,25.000000,25.000000,25.000000,25.000000,25.000000,25.000000,25.000000,25.000000,25.000000,26.000000,27.000000,28.000000,28.000000,28.000000,29.000000,29.000000,30.000000,30.000000,30.000000,30.000000,30.000000,30.000000,30.000000,30.000000,30.000000,30.000000,31.000000,31.000000,32.000000,32.000000,32.000000,32.000000,33.000000,33.000000,34.000000,34.000000,35.000000,35.000000,35.000000,35.000000,35.000000,35.000000,35.000000,35.000000,35.000000,35.000000,35.000000,35.000000,35.000000,36.000000,36.000000,36.000000,36.000000,36.000000,36.000000,36.000000,36.000000,36.000000,36.000000,36.000000,36.000000,36.000000,36.000000,36.000000,36.000000,36.000000,36.000000,36.000000,36.000000,36.000000,36.000000,36.000000,36.000000,36.000000,36.000000,36.000000,36.000000,36.000000,36.000000,36.000000,36.000000,36.000000,36.000000,37.000000,38.000000,38.000000,38.000000,38.000000,38.000000,38.000000,39.000000,40.000000,41.000000,42.000000,42.000000,42.000000,42.000000,42.000000,43.000000,44.000000,44.000000,45.000000,46.000000,46.000000,46.000000,46.000000,46.000000,46.000000,47.000000,47.000000,47.000000,47.000000,47.000000,47.000000,47.000000,47.000000,48.000000,48.000000,48.000000,48.000000,48.000000,49.000000,49.000000,50.000000,50.000000,50.000000,50.000000,50.000000,51.000000,52.000000,52.000000,52.000000,53.000000,53.000000,53.000000,53.000000,53.000000,53.000000,53.000000,54.000000,55.000000,55.000000,55.000000,55.000000,55.000000,56.000000,56.000000,56.000000,56.000000,57.000000,58.000000,58.000000,58.000000,59.000000,59.000000,59.000000,60.000000,60.000000,60.000000,61.000000,62.000000,63.000000,63.000000,63.000000,63.000000,63.000000,63.000000,63.000000,63.000000,63.000000,63.000000,63.000000,63.000000,63.000000,63.000000,63.000000,63.000000,63.000000,63.000000,63.000000,63.000000,63.000000,63.000000,63.000000,63.000000,63.000000,63.000000,63.000000,63.000000,63.000000,63.000000,63.000000,63.000000,63.000000,63.000000,63.000000,63.000000,63.000000,63.000000,63.000000,63.000000,63.000000,63.000000,63.000000,63.000000,63.000000,63.000000,63.000000,63.000000,63.000000,63.000000,63.000000,63.000000,63.000000,63.000000,63.000000,63.000000,63.000000,63.000000,63.000000,63.000000,63.000000,63.000000,63.000000,63.000000,63.000000,63.000000,63.000000,63.000000,63.000000,63.000000,63.000000,63.000000,63.000000,63.000000,63.000000,63.000000,63.000000,63.000000,63.000000,63.000000,63.000000,63.000000,63.000000,63.000000,63.000000,63.000000,63.000000,63.000000,63.000000,63.000000,63.000000,63.000000,63.000000,63.000000,63.000000,63.000000,63.000000,63.000000,63.000000,63.000000,63.000000,63.000000,63.000000,63.000000,63.000000,63.000000,63.000000,63.000000,63.000000,63.000000,63.000000;;0;4009
3e600;2c36;3127;0;0;0000000000000030;     1m 21s 271ms 803μs 790ns;369;-1;             26ms 599μs  30ns;68.000000;5.426471;0.000000;inf;4;1;Unfinished;1.000000,1.000000,1.000000,1.000000,2.000000,2.000000,2.000000,2.000000,2.000000,2.000000,2.000000,2.000000,2.000000,2.000000,2.000000,3.000000,4.000000,5.000000,6.000000,6.000000,6.000000,6.000000,6.000000,6.000000,6.000000,7.000000,7.000000,8.000000,8.000000,9.000000,9.000000,9.000000,9.000000,10.000000,11.000000,11.000000,11.000000,11.000000,11.000000,11.000000,11.000000,12.000000,12.000000,13.000000,13.000000,13.000000,13.000000,13.000000,13.000000,13.000000,14.000000,14.000000,14.000000,15.000000,16.000000,16.000000,17.000000,17.000000,17.000000,17.000000,17.000000,17.000000,17.000000,18.000000,19.000000,19.000000,19.000000,20.000000,20.000000,20.000000,21.000000,21.000000,21.000000,22.000000,22.000000,22.000000,22.000000,22.000000,23.000000,23.000000,24.000000,24.000000,25.000000,25.000000,25.000000,25.000000,25.000000,25.000000,25.000000,25.000000,25.000000,25.000000,25.000000,25.000000,25.000000,25.000000,25.000000,25.000000,25.000000,25.000000,25.000000,25.000000,25.000000,25.000000,25.000000,25.000000,25.000000,26.000000,27.000000,28.000000,28.000000,28.000000,29.000000,29.000000,30.000000,30.000000,30.000000,30.000000,30.000000,30.000000,30.000000,30.000000,30.000000,30.000000,31.000000,31.000000,32.000000,32.000000,32.000000,32.000000,33.000000,33.000000,34.000000,34.000000,35.000000,35.000000,35.000000,35.000000,35.000000,35.000000,35.000000,35.000000,35.000000,35.000000,35.000000,35.000000,35.000000,36.000000,36.000000,36.000000,36.000000,36.000000,36.000000,36.000000,36.000000,36.000000,36.000000,36.000000,36.000000,36.000000,36.000000,36.000000,36.000000,36.000000,36.000000,36.000000,36.000000,36.000000,36.000000,36.000000,36.000000,36.000000,36.000000,36.000000,36.000000,36.000000,36.000000,36.000000,36.000000,36.000000,36.000000,37.000000,38.000000,38.000000,38.000000,38.000000,38.000000,38.000000,39.000000,40.000000,41.000000,42.000000,42.000000,42.000000,42.000000,42.000000,43.000000,44.000000,44.000000,45.000000,46.000000,46.000000,46.000000,46.000000,46.000000,46.000000,47.000000,47.000000,47.000000,47.000000,47.000000,47.000000,47.000000,47.000000,48.000000,48.000000,48.000000,48.000000,48.000000,49.000000,49.000000,50.000000,50.000000,50.000000,50.000000,50.000000,51.000000,52.000000,52.000000,52.000000,52.000000,53.000000,53.000000,53.000000,54.000000,54.000000,54.000000,55.000000,56.000000,57.000000,58.000000,59.000000,60.000000,60.000000,60.000000,60.000000,60.000000,60.000000,60.000000,60.000000,60.000000,60.000000,60.000000,60.000000,60.000000,60.000000,60.000000,60.000000,60.000000,60.000000,60.000000,61.000000,62.000000,62.000000,62.000000,62.000000,62.000000,62.000000,62.000000,62.000000,62.000000,62.000000,62.000000,63.000000,64.000000,64.000000,64.000000,64.000000,64.000000,64.000000,65.000000,65.000000,66.000000,67.000000,68.000000,68.000000,68.000000,68.000000,68.000000,68.000000,68.000000,68.000000,68.000000,68.000000,68.000000,68.000000,68.000000,68.000000,68.000000,68.000000,68.000000,68.000000,68.000000,68.000000,68.000000,68.000000,68.000000,68.000000,68.000000,68.000000,68.000000,68.000000,68.000000,68.000000,68.000000,68.000000,68.000000,68.000000,68.000000,68.000000,68.000000,68.000000,68.000000,68.000000,68.000000,68.000000,68.000000,68.000000,68.000000,68.000000,68.000000,68.000000,68.000000,68.000000,68.000000,68.000000,68.000000,68.000000,68.000000,68.000000,68.000000,68.000000,68.000000,68.000000,68.000000,68.000000,68.000000,68.000000,68.000000,68.000000,68.000000,68.000000,68.000000,68.000000,68.000000,68.000000,68.000000,68.000000,68.000000,68.000000,68.000000,68.000000,68.000000,68.000000,68.000000,68.000000,68.000000,68.000000,68.000000;;0;57010
3130;2afb;3127;0;0;0000000000000030;         9s 220ms 724μs 992ns;368;-1;             25ms  66μs 538ns;78.000000;4.717949;0.000000;inf;4;1;Unfinished;1.000000,1.000000,1.000000,1.000000,2.000000,2.000000,2.000000,2.000000,2.000000,2.000000,2.000000,2.000000,2.000000,2.000000,2.000000,3.000000,4.000000,5.000000,6.000000,6.000000,6.000000,6.000000,6.000000,6.000000,6.000000,7.000000,7.000000,8.000000,8.000000,9.000000,9.000000,9.000000,9.000000,10.000000,11.000000,11.000000,11.000000,11.000000,11.000000,11.000000,11.000000,12.000000,12.000000,13.000000,13.000000,13.000000,13.000000,13.000000,13.000000,13.000000,14.000000,14.000000,14.000000,15.000000,16.000000,16.000000,17.000000,17.000000,17.000000,17.000000,17.000000,17.000000,17.000000,18.000000,19.000000,19.000000,19.000000,20.000000,20.000000,20.000000,21.000000,21.000000,21.000000,22.000000,22.000000,22.000000,22.000000,22.000000,23.000000,23.000000,24.000000,24.000000,25.000000,25.000000,25.000000,25.000000,25.000000,25.000000,25.000000,25.000000,25.000000,25.000000,25.000000,25.000000,25.000000,25.000000,25.000000,25.000000,25.000000,25.000000,25.000000,25.000000,25.000000,25.000000,25.000000,25.000000,25.000000,26.000000,27.000000,28.000000,28.000000,28.000000,29.000000,29.000000,30.000000,30.000000,30.000000,30.000000,30.000000,30.000000,30.000000,30.000000,30.000000,30.000000,31.000000,31.000000,32.000000,32.000000,32.000000,32.000000,33.000000,33.000000,34.000000,34.000000,35.000000,35.000000,35.000000,35.000000,35.000000,35.000000,35.000000,35.000000,35.000000,35.000000,35.000000,35.000000,35.000000,36.000000,36.000000,36.000000,36.000000,36.000000,36.000000,36.000000,36.000000,36.000000,36.000000,36.000000,36.000000,36.000000,36.000000,36.000000,36.000000,36.000000,36.000000,36.000000,36.000000,36.000000,36.000000,36.000000,36.000000,36.000000,36.000000,36.000000,36.000000,36.000000,36.000000,36.000000,36.000000,36.000000,36.000000,37.000000,38.000000,38.000000,38.000000,38.000000,38.000000,38.000000,39.000000,40.000000,41.000000,42.000000,42.000000,42.000000,42.000000,42.000000,43.000000,44.000000,44.000000,45.000000,46.000000,46.000000,46.000000,46.000000,46.000000,46.000000,47.000000,47.000000,47.000000,47.000000,47.000000,47.000000,47.000000,47.000000,48.000000,48.000000,48.000000,48.000000,48.000000,49.000000,49.000000,50.000000,50.000000,50.000000,50.000000,50.000000,51.000000,52.000000,52.000000,53.000000,54.000000,55.000000,55.000000,56.000000,57.000000,57.000000,57.000000,57.000000,57.000000,57.000000,57.000000,57.000000,57.000000,57.000000,57.000000,57.000000,57.000000,57.000000,57.000000,57.000000,57.000000,57.000000,57.000000,57.000000,57.000000,57.000000,57.000000,57.000000,57.000000,57.000000,57.000000,57.000000,57.000000,58.000000,58.000000,58.000000,59.000000,60.000000,60.000000,60.000000,61.000000,61.000000,61.000000,61.000000,61.000000,61.000000,61.000000,61.000000,61.000000,62.000000,63.000000,64.000000,64.000000,64.000000,64.000000,64.000000,64.000000,64.000000,64.000000,64.000000,64.000000,65.000000,65.000000,66.000000,67.000000,68.000000,69.000000,69.000000,69.000000,69.000000,69.000000,70.000000,70.000000,70.000000,71.000000,71.000000,72.000000,72.000000,72.000000,73.000000,73.000000,73.000000,74.000000,74.000000,74.000000,75.000000,76.000000,76.000000,76.000000,76.000000,76.000000,76.000000,77.000000,77.000000,77.000000,77.000000,77.000000,77.000000,77.000000,77.000000,77.000000,77.000000,77.000000,77.000000,77.000000,77.000000,77.000000,77.000000,77.000000,77.000000,77.000000,77.000000,77.000000,78.000000,78.000000,78.000000,78.000000,78.000000,78.000000,78.000000,78.000000,78.000000,78.000000,78.000000,78.000000,78.000000,78.000000,78.000000,78.000000,78.000000,78.000000,78.000000,78.000000,78.000000,78.000000,78.000000,78.000000,78.000000;;0;3797
3245;2afb;3127;0;0;0000000000000030;         9s 430ms 670μs 458ns;368;-1;             26ms  62μs 898ns;78.000000;4.717949;0.000000;inf;4;1;Unfinished;1.000000,1.000000,1.000000,1.000000,2.000000,2.000000,2.000000,2.000000,2.000000,2.000000,2.000000,2.000000,2.000000,2.000000,2.000000,3.000000,4.000000,5.000000,6.000000,6.000000,6.000000,6.000000,6.000000,6.000000,6.000000,7.000000,7.000000,8.000000,8.000000,9.000000,9.000000,9.000000,9.000000,10.000000,11.000000,11.000000,11.000000,11.000000,11.000000,11.000000,11.000000,12.000000,12.000000,13.000000,13.000000,13.000000,13.000000,13.000000,13.000000,13.000000,14.000000,14.000000,14.000000,15.000000,16.000000,16.000000,17.000000,17.000000,17.000000,17.000000,17.000000,17.000000,17.000000,18.000000,19.000000,19.000000,19.000000,20.000000,20.000000,20.000000,21.000000,21.000000,21.000000,22.000000,22.000000,22.000000,22.000000,22.000000,23.000000,23.000000,24.000000,24.000000,25.000000,25.000000,25.000000,25.000000,25.000000,25.000000,25.000000,25.000000,25.000000,25.000000,25.000000,25.000000,25.000000,25.000000,25.000000,25.000000,25.000000,25.000000,25.000000,25.000000,25.000000,25.000000,25.000000,25.000000,25.000000,26.000000,27.000000,28.000000,28.000000,28.000000,29.000000,29.000000,30.000000,30.000000,30.000000,30.000000,30.000000,30.000000,30.000000,30.000000,30.000000,30.000000,31.000000,31.000000,32.000000,32.000000,32.000000,32.000000,33.000000,33.000000,34.000000,34.000000,35.000000,35.000000,35.000000,35.000000,35.000000,35.000000,35.000000,35.000000,35.000000,35.000000,35.000000,35.000000,35.000000,36.000000,36.000000,36.000000,36.000000,36.000000,36.000000,36.000000,36.000000,36.000000,36.000000,36.000000,36.000000,36.000000,36.000000,36.000000,36.000000,36.000000,36.000000,36.000000,36.000000,36.000000,36.000000,36.000000,36.000000,36.000000,36.000000,36.000000,36.000000,36.000000,36.000000,36.000000,36.000000,36.000000,36.000000,37.000000,38.000000,38.000000,38.000000,38.000000,38.000000,38.000000,39.000000,40.000000,41.000000,42.000000,42.000000,42.000000,42.000000,42.000000,43.000000,44.000000,44.000000,45.000000,46.000000,46.000000,46.000000,46.000000,46.000000,46.000000,47.000000,47.000000,47.000000,47.000000,47.000000,47.000000,47.000000,47.000000,48.000000,48.000000,48.000000,48.000000,48.000000,49.000000,49.000000,50.000000,50.000000,50.000000,50.000000,50.000000,51.000000,52.000000,52.000000,53.000000,54.000000,55.000000,55.000000,56.000000,57.000000,57.000000,57.000000,57.000000,57.000000,57.000000,57.000000,57.000000,57.000000,57.000000,57.000000,57.000000,57.000000,57.000000,57.000000,57.000000,57.000000,57.000000,57.000000,57.000000,57.000000,57.000000,57.000000,57.000000,57.000000,57.000000,57.000000,57.000000,57.000000,58.000000,58.000000,58.000000,59.000000,60.000000,60.000000,60.000000,61.000000,61.000000,61.000000,61.000000,61.000000,61.000000,61.000000,61.000000,61.000000,62.000000,63.000000,64.000000,64.000000,64.000000,64.000000,64.000000,64.000000,64.000000,64.000000,64.000000,64.000000,65.000000,65.000000,66.000000,67.000000,68.000000,69.000000,69.000000,69.000000,69.000000,69.000000,70.000000,70.000000,70.000000,71.000000,71.000000,72.000000,72.000000,72.000000,73.000000,73.000000,73.000000,74.000000,74.000000,74.000000,75.000000,76.000000,76.000000,76.000000,76.000000,77.000000,77.000000,77.000000,77.000000,77.000000,77.000000,77.000000,77.000000,77.000000,77.000000,77.000000,77.000000,77.000000,77.000000,77.000000,77.000000,77.000000,77.000000,77.000000,77.000000,77.000000,77.000000,77.000000,77.000000,77.000000,77.000000,77.000000,77.000000,77.000000,77.000000,77.000000,77.000000,77.000000,77.000000,77.000000,77.000000,77.000000,77.000000,77.000000,77.000000,77.000000,78.000000,78.000000,78.000000,78.000000,78.000000,78.000000,78.000000;;0;4047
3223;2c36;3127;0;0;0000000000000030;         9s 370ms 889μs 655ns;368;-1;             25ms 473μs 213ns;69.000000;5.333333;0.000000;inf;4;1;Unfinished;1.000000,1.000000,1.000000,1.000000,2.000000,2.000000,2.000000,2.000000,2.000000,2.000000,2.000000,2.000000,2.000000,2.000000,2.000000,3.000000,4.000000,5.000000,6.000000,6.000000,6.000000,6.000000,6.000000,6.000000,6.000000,7.000000,7.000000,8.000000,8.000000,9.000000,9.000000,9.000000,9.000000,10.000000,11.000000,11.000000,11.000000,11.000000,11.000000,11.000000,11.000000,12.000000,12.000000,13.000000,13.000000,13.000000,13.000000,13.000000,13.000000,13.000000,14.000000,14.000000,14.000000,15.000000,16.000000,16.000000,17.000000,17.000000,17.000000,17.000000,17.000000,17.000000,17.000000,18.000000,19.000000,19.000000,19.000000,20.000000,20.000000,20.000000,21.000000,21.000000,21.000000,22.000000,22.000000,22.000000,22.000000,22.000000,23.000000,23.000000,24.000000,24.000000,25.000000,25.000000,25.000000,25.000000,25.000000,25.000000,25.000000,25.000000,25.000000,25.000000,25.000000,25.000000,25.000000,25.000000,25.000000,25.000000,25.000000,25.000000,25.000000,25.000000,25.000000,25.000000,25.000000,25.000000,25.000000,26.000000,27.000000,28.000000,28.000000,28.000000,29.000000,29.000000,30.000000,30.000000,30.000000,30.000000,30.000000,30.000000,30.000000,30.000000,30.000000,30.000000,31.000000,31.000000,32.000000,32.000000,32.000000,32.000000,33.000000,33.000000,34.000000,34.000000,35.000000,35.000000,35.000000,35.000000,35.000000,35.000000,35.000000,35.000000,35.000000,35.000000,35.000000,35.000000,35.000000,36.000000,36.000000,36.000000,36.000000,36.000000,36.000000,36.000000,36.000000,36.000000,36.000000,36.000000,36.000000,36.000000,36.000000,36.000000,36.000000,36.000000,36.000000,36.000000,36.000000,36.000000,36.000000,36.000000,36.000000,36.000000,36.000000,36.000000,36.000000,36.000000,36.000000,36.000000,36.000000,36.000000,36.000000,37.000000,38.000000,38.000000,38.000000,38.000000,38.000000,38.000000,39.000000,40.000000,41.000000,42.000000,42.000000,42.000000,42.000000,42.000000,43.000000,44.000000,44.000000,45.000000,46.000000,46.000000,46.000000,46.000000,46.000000,46.000000,47.000000,47.000000,47.000000,47.000000,47.000000,47.000000,47.000000,47.000000,48.000000,48.000000,48.000000,48.000000,48.000000,49.000000,49.000000,50.000000,50.000000,50.000000,50.000000,50.000000,51.000000,52.000000,52.000000,52.000000,52.000000,53.000000,53.000000,53.000000,54.000000,54.000000,54.000000,55.000000,56.000000,57.000000,58.000000,59.000000,60.000000,60.000000,60.000000,60.000000,60.000000,60.000000,60.000000,60.000000,60.000000,60.000000,60.000000,60.000000,60.000000,60.000000,60.000000,60.000000,60.000000,60.000000,60.000000,61.000000,62.000000,62.000000,62.000000,62.000000,62.000000,62.000000,62.000000,62.000000,62.000000,62.000000,62.000000,63.000000,64.000000,64.000000,64.000000,64.000000,64.000000,64.000000,65.000000,65.000000,66.000000,67.000000,68.000000,68.000000,68.000000,68.000000,68.000000,68.000000,68.000000,68.000000,68.000000,68.000000,68.000000,68.000000,68.000000,68.000000,68.000000,68.000000,68.000000,68.000000,68.000000,68.000000,68.000000,68.000000,68.000000,68.000000,68.000000,68.000000,68.000000,68.000000,68.000000,68.000000,68.000000,68.000000,68.000000,68.000000,68.000000,68.000000,68.000000,68.000000,68.000000,68.000000,68.000000,68.000000,68.000000,68.000000,68.000000,68.000000,68.000000,68.000000,68.000000,68.000000,68.000000,68.000000,68.000000,68.000000,68.000000,68.000000,68.000000,68.000000,68.000000,68.000000,68.000000,68.000000,68.000000,68.000000,68.000000,68.000000,68.000000,68.000000,68.000000,68.000000,68.000000,68.000000,68.000000,68.000000,68.000000,68.000000,68.000000,68.000000,68.000000,68.000000,68.000000,68.000000,68.000000,68.000000,69.000000;;0;4008
