ID;Parent ID;Generation ID;Derived Inputs;Derived Fails;Flags;Generation Time;Generation Length;Trimmed Length;Execution Time;Primary Score;Relative Primary Score;Secondary Score;Relative Secondary Score;Exit Code;Exit Reason;Result;Individual Primary;Individual Secondary;Retries;Test Number
7728;757c;75c8;0;0;0000000000000038;     4m 43s 353ms  42μs 116ns;4969;4925;            334ms 789μs 929ns;0.000000;inf;0.000000;inf;0;1;Passing;;;0;10117
77ca;7728;75c8;0;0;0000000000000080;     4m 45s 971ms 288μs 559ns;2463;-1;            165ms 688μs 860ns;0.000000;inf;0.000000;inf;0;1;Passing;;;0;10133
77c0;7728;75c8;0;0;4000000000000080;     4m 45s 969ms 185μs 355ns;2463;-1;            163ms 983μs  20ns;0.000000;inf;0.000000;inf;0;1;Passing;;;0;10135
7834;7728;75c8;0;0;0000000000000080;     4m 47s 729ms 688μs 541ns;1848;-1;            120ms 869μs  48ns;0.000000;inf;0.000000;inf;0;1;Passing;;;0;10169
7879;7728;75c8;0;0;4000000000000080;     4m 49s 450ms 576μs 935ns;1540;-1;            100ms 411μs 524ns;0.000000;inf;0.000000;inf;0;1;Passing;;;0;10218
78c4;7728;75c8;0;0;0000000000000080;     4m 50s 268ms 658μs  69ns;1694;-1;            111ms 327μs  13ns;0.000000;inf;0.000000;inf;0;1;Passing;;;0;10237
78b6;7728;75c8;0;0;0000000000000080;     4m 50s 263ms 618μs 945ns;1694;-1;            108ms 563μs 394ns;0.000000;inf;0.000000;inf;0;1;Passing;;;0;10241
78b5;7728;75c8;0;0;0000000000000080;     4m 50s 263ms 563μs 601ns;1694;-1;            108ms 667μs 398ns;0.000000;inf;0.000000;inf;0;1;Passing;;;0;10242
78b0;7728;75c8;0;0;0000000000000080;     4m 50s 261ms 282μs 298ns;1694;-1;            107ms 769μs 421ns;0.000000;inf;0.000000;inf;0;1;Passing;;;0;10248
78fc;7728;75c8;0;0;0000000000000080;     4m 51s 495ms 611μs 332ns;1540;-1;             98ms 238μs 448ns;0.000000;inf;0.000000;inf;0;1;Passing;;;0;10267
78fa;7728;75c8;0;0;0000000000000080;     4m 51s 495ms   9μs 104ns;1540;-1;             97ms 794μs 718ns;0.000000;inf;0.000000;inf;0;1;Passing;;;0;10268
78f6;7728;75c8;0;0;0000000000000080;     4m 51s 492ms   2μs 659ns;1540;-1;             98ms 293μs 389ns;0.000000;inf;0.000000;inf;0;1;Passing;;;0;10269
7932;7728;75c8;0;0;0000000000000080;     4m 51s 744ms 659μs 953ns;1386;-1;             87ms 106μs 863ns;0.000000;inf;0.000000;inf;0;1;Passing;;;0;10290
793c;7728;75c8;0;0;0000000000000080;     4m 51s 750ms 968μs 772ns;1386;-1;             90ms 263μs 733ns;0.000000;inf;0.000000;inf;0;1;Passing;;;0;10293
7939;7728;75c8;0;0;0000000000000080;     4m 51s 748ms 969μs 988ns;1386;-1;             89ms 671μs 784ns;0.000000;inf;0.000000;inf;0;1;Passing;;;0;10294
7936;7728;75c8;0;0;0000000000000080;     4m 51s 747ms 434μs 779ns;1386;-1;             95ms 111μs  96ns;0.000000;inf;0.000000;inf;0;1;Passing;;;0;10295
796f;7728;75c8;0;0;0000000000000080;     4m 51s 958ms 103μs 246ns;1232;-1;             79ms 445μs 861ns;0.000000;inf;0.000000;inf;0;1;Passing;;;0;10309
796b;7728;75c8;0;0;0000000000000080;     4m 51s 955ms 952μs 275ns;1232;-1;             80ms 898μs 436ns;0.000000;inf;0.000000;inf;0;1;Passing;;;0;10310
799e;7728;75c8;0;0;0000000000000080;     4m 52s 124ms 484μs 177ns;1078;-1;             72ms 191μs 195ns;0.000000;inf;0.000000;inf;0;1;Passing;;;0;10326
79cb;7728;75c8;0;0;0000000000000080;     4m 52s 262ms 863μs 108ns;924;-1;             31ms 793μs 879ns;0.000000;inf;0.000000;inf;0;1;Passing;;;0;10346
7a27;7728;75c8;0;0;0000000000000080;     4m 52s 455ms 772μs 473ns;847;-1;             55ms 503μs 612ns;0.000000;inf;0.000000;inf;0;1;Passing;;;0;10374
7a26;7728;75c8;0;0;0000000000000080;     4m 52s 455ms 142μs 881ns;847;-1;             56ms 190μs 267ns;0.000000;inf;0.000000;inf;0;1;Passing;;;0;10375
7a3e;7728;75c8;0;0;0000000000000080;     4m 52s 468ms 117μs 685ns;847;-1;             57ms 883μs 523ns;0.000000;inf;0.000000;inf;0;1;Passing;;;0;10380
7a6d;7728;75c8;0;0;0000000000000080;     4m 52s 618ms 597μs 537ns;770;-1;             50ms 482μs 371ns;0.000000;inf;0.000000;inf;0;1;Passing;;;0;10397
7a80;7728;75c8;0;0;4000000000000080;     4m 52s 631ms 473μs 767ns;770;-1;             16ms 934μs 178ns;0.000000;inf;0.000000;inf;0;1;Passing;;;0;10405
7abc;7728;75c8;0;0;0000000000000080;     4m 52s 753ms 830μs 369ns;693;-1;             48ms 682μs  94ns;0.000000;inf;0.000000;inf;0;1;Passing;;;0;10415
7b43;7728;75c8;0;0;0000000000000080;     4m 52s 951ms 459μs 783ns;655;-1;             43ms 771μs 891ns;0.000000;inf;0.000000;inf;0;1;Passing;;;0;10460
7b3c;7728;75c8;0;0;0000000000000080;     4m 52s 949ms 375μs 458ns;655;-1;             43ms 796μs 400ns;0.000000;inf;0.000000;inf;0;1;Passing;;;0;10461
7b3a;7728;75c8;0;0;0000000000000080;     4m 52s 948ms 863μs 659ns;655;-1;             43ms 681μs 786ns;0.000000;inf;0.000000;inf;0;1;Passing;;;0;10462
7b4b;7728;75c8;0;0;0000000000000080;     4m 52s 953ms 862μs 564ns;655;-1;             43ms 164μs 893ns;0.000000;inf;0.000000;inf;0;1;Passing;;;0;10463
7b5e;7728;75c8;0;0;4000000000000080;     4m 52s 962ms 318μs 291ns;655;-1;             31ms 405μs 759ns;0.000000;inf;0.000000;inf;0;1;Passing;;;0;10479
7ba9;7728;75c8;0;0;0000000000000080;     4m 53s 127ms 741μs 522ns;617;-1;             43ms 132μs 435ns;0.000000;inf;0.000000;inf;0;1;Passing;;;0;10484
7bac;7728;75c8;0;0;0000000000000080;     4m 53s 128ms 919μs  22ns;617;-1;             41ms  90μs 540ns;0.000000;inf;0.000000;inf;0;1;Passing;;;0;10485
7bc4;7728;75c8;0;0;0000000000000080;     4m 53s 137ms 431μs 531ns;617;-1;             40ms 560μs 209ns;0.000000;inf;0.000000;inf;0;1;Passing;;;0;10489
7c0e;7728;75c8;0;0;0000000000000080;     4m 53s 278ms 406μs 614ns;579;-1;             37ms 774μs 615ns;0.000000;inf;0.000000;inf;0;1;Passing;;;0;10502
7c11;7728;75c8;0;0;4000000000000080;     4m 53s 278ms 708μs  31ns;579;-1;             16ms 446μs 846ns;0.000000;inf;0.000000;inf;0;1;Passing;;;0;10512
7c69;7728;75c8;0;0;0000000000000080;     4m 53s 413ms 160μs 378ns;541;-1;             35ms 605μs 718ns;0.000000;inf;0.000000;inf;0;1;Passing;;;0;10517
7cc6;7728;75c8;0;0;0000000000000080;     4m 53s 528ms 573μs  66ns;503;-1;             26ms 589μs 954ns;0.000000;inf;0.000000;inf;0;1;Passing;;;0;10540
7d88;7728;75c8;0;0;0000000000000080;     4m 53s 712ms 704μs 939ns;484;-1;             31ms 356μs 117ns;0.000000;inf;0.000000;inf;0;1;Passing;;;0;10569
7da3;7728;75c8;0;0;0000000000000080;     4m 53s 718ms 923μs 514ns;484;-1;             31ms 792μs 624ns;0.000000;inf;0.000000;inf;0;1;Passing;;;0;10579
7d7b;7728;75c8;0;0;0000000000000080;     4m 53s 710ms 989μs 939ns;484;-1;             32ms  48μs 772ns;0.000000;inf;0.000000;inf;0;1;Passing;;;0;10581
7dbf;7728;75c8;0;0;0000000000000080;     4m 53s 726ms 981μs 188ns;484;-1;             32ms 978μs 760ns;0.000000;inf;0.000000;inf;0;1;Passing;;;0;10586
7db9;7728;75c8;0;0;0000000000000080;     4m 53s 725ms 101μs 440ns;484;-1;             32ms 562μs 144ns;0.000000;inf;0.000000;inf;0;1;Passing;;;0;10588
7db6;7728;75c8;0;0;0000000000000080;     4m 53s 724ms 268μs 490ns;484;-1;             31ms 589μs 688ns;0.000000;inf;0.000000;inf;0;1;Passing;;;0;10589
7daa;7728;75c8;0;0;0000000000000080;     4m 53s 721ms 107μs 456ns;484;-1;             32ms 848μs 226ns;0.000000;inf;0.000000;inf;0;1;Passing;;;0;10592
7da1;7728;75c8;0;0;0000000000000080;     4m 53s 718ms 993μs 826ns;484;-1;             32ms 555μs 568ns;0.000000;inf;0.000000;inf;0;1;Passing;;;0;10593
7e13;7728;75c8;0;0;0000000000000080;     4m 53s 899ms 610μs 992ns;465;-1;             30ms 947μs 610ns;0.000000;inf;0.000000;inf;0;1;Passing;;;0;10607
7e55;7728;75c8;0;0;0000000000000080;     4m 53s 911ms 630μs 919ns;465;-1;             31ms 545μs 372ns;0.000000;inf;0.000000;inf;0;1;Passing;;;0;10615
7e4f;7728;75c8;0;0;0000000000000080;     4m 53s 909ms 796μs 628ns;465;-1;             30ms 559μs 635ns;0.000000;inf;0.000000;inf;0;1;Passing;;;0;10617
7e4c;7728;75c8;0;0;0000000000000080;     4m 53s 909ms  39μs  21ns;465;-1;             31ms 335μs 419ns;0.000000;inf;0.000000;inf;0;1;Passing;;;0;10619
7e40;7728;75c8;0;0;0000000000000080;     4m 53s 906ms  47μs 981ns;465;-1;             31ms 376μs 397ns;0.000000;inf;0.000000;inf;0;1;Passing;;;0;10622
7e3a;7728;75c8;0;0;0000000000000080;     4m 53s 904ms 779μs 424ns;465;-1;             31ms 628μs 462ns;0.000000;inf;0.000000;inf;0;1;Passing;;;0;10623
7e37;7728;75c8;0;0;0000000000000080;     4m 53s 904ms 128μs 297ns;465;-1;             31ms 426μs 387ns;0.000000;inf;0.000000;inf;0;1;Passing;;;0;10625
7ea6;7728;75c8;0;0;0000000000000080;     4m 54s  64ms 209μs 174ns;446;-1;             29ms 550μs 952ns;0.000000;inf;0.000000;inf;0;1;Passing;;;0;10632
7ee2;7728;75c8;0;0;0000000000000080;     4m 54s  79ms 409μs 840ns;446;-1;             30ms 826μs 407ns;0.000000;inf;0.000000;inf;0;1;Passing;;;0;10641
7ed3;7728;75c8;0;0;0000000000000080;     4m 54s  74ms 713μs  54ns;446;-1;             30ms 388μs 129ns;0.000000;inf;0.000000;inf;0;1;Passing;;;0;10645
7ecd;7728;75c8;0;0;0000000000000080;     4m 54s  73ms 487μs 712ns;446;-1;             30ms 228μs 624ns;0.000000;inf;0.000000;inf;0;1;Passing;;;0;10647
7eca;7728;75c8;0;0;0000000000000080;     4m 54s  72ms 213μs 990ns;446;-1;             30ms 147μs 628ns;0.000000;inf;0.000000;inf;0;1;Passing;;;0;10649
7f33;7728;75c8;0;0;0000000000000080;     4m 54s 220ms 421μs  44ns;427;-1;             27ms 978μs 895ns;0.000000;inf;0.000000;inf;0;1;Passing;;;0;10656
7f6f;7728;75c8;0;0;0000000000000080;     4m 54s 234ms  60μs 144ns;427;-1;             30ms  14μs 194ns;0.000000;inf;0.000000;inf;0;1;Passing;;;0;10664
7f57;7728;75c8;0;0;0000000000000080;     4m 54s 228ms 434μs 273ns;427;-1;             28ms 972μs 805ns;0.000000;inf;0.000000;inf;0;1;Passing;;;0;10672
7ff3;7728;75c8;0;0;0000000000000080;     4m 54s 374ms 634μs 868ns;408;-1;             27ms 787μs 195ns;0.000000;inf;0.000000;inf;0;1;Passing;;;0;10686
7fdb;7728;75c8;0;0;0000000000000080;     4m 54s 368ms 263μs 664ns;408;-1;             27ms 866μs 800ns;0.000000;inf;0.000000;inf;0;1;Passing;;;0;10695
805c;7728;75c8;0;0;0000000000000080;     4m 54s 497ms 789μs 497ns;389;-1;             26ms 592μs 763ns;0.000000;inf;0.000000;inf;0;1;Passing;;;0;10714
8184;7728;75c8;0;0;0000000000000080;     4m 54s 722ms  41μs 243ns;380;-1;             26ms 317μs 659ns;0.000000;inf;0.000000;inf;0;1;Passing;;;0;10760
819d;7728;75c8;0;0;0000000000000080;     4m 54s 725ms 100μs 583ns;380;-1;             27ms  72μs 333ns;0.000000;inf;0.000000;inf;0;1;Passing;;;0;10765
81a9;7728;75c8;0;0;0000000000000080;     4m 54s 727ms 633μs 924ns;380;-1;             27ms  27μs   2ns;0.000000;inf;0.000000;inf;0;1;Passing;;;0;10766
81b7;7728;75c8;0;0;0000000000000080;     4m 54s 729ms 470μs  78ns;380;-1;             24ms 681μs 184ns;0.000000;inf;0.000000;inf;0;1;Passing;;;0;10767
81af;7728;75c8;0;0;0000000000000080;     4m 54s 728ms 470μs 217ns;380;-1;             30ms 146μs 460ns;0.000000;inf;0.000000;inf;0;1;Passing;;;0;10771
81eb;7728;75c8;0;0;0000000000000080;     4m 54s 740ms 844μs 832ns;380;-1;             27ms 142μs 636ns;0.000000;inf;0.000000;inf;0;1;Passing;;;0;10775
81d5;7728;75c8;0;0;0000000000000080;     4m 54s 735ms 286μs 446ns;380;-1;             25ms 429μs 808ns;0.000000;inf;0.000000;inf;0;1;Passing;;;0;10781
81d3;7728;75c8;0;0;0000000000000080;     4m 54s 735ms  95μs 258ns;380;-1;             26ms 128μs 544ns;0.000000;inf;0.000000;inf;0;1;Passing;;;0;10782
81cf;7728;75c8;0;0;0000000000000080;     4m 54s 734ms   7μs 878ns;380;-1;             26ms 258μs 845ns;0.000000;inf;0.000000;inf;0;1;Passing;;;0;10783
81cd;7728;75c8;0;0;0000000000000080;     4m 54s 733ms 852μs 578ns;380;-1;             26ms  72μs 629ns;0.000000;inf;0.000000;inf;0;1;Passing;;;0;10784
81c7;7728;75c8;0;0;0000000000000080;     4m 54s 732ms 682μs  57ns;380;-1;             25ms 935μs 179ns;0.000000;inf;0.000000;inf;0;1;Passing;;;0;10786
81bd;7728;75c8;0;0;0000000000000080;     4m 54s 730ms 605μs 359ns;380;-1;             26ms 127μs 714ns;0.000000;inf;0.000000;inf;0;1;Passing;;;0;10789
81bb;7728;75c8;0;0;0000000000000080;     4m 54s 730ms 564μs 868ns;380;-1;             25ms 940μs 111ns;0.000000;inf;0.000000;inf;0;1;Passing;;;0;10790
8197;7728;75c8;0;0;0000000000000080;     4m 54s 724ms 643μs 801ns;380;-1;             25ms 384μs 967ns;0.000000;inf;0.000000;inf;0;1;Passing;;;0;10791
8182;7728;75c8;0;0;0000000000000080;     4m 54s 721ms 742μs 430ns;380;-1;             26ms 295μs 952ns;0.000000;inf;0.000000;inf;0;1;Passing;;;0;10794
8280;7728;75c8;0;0;0000000000000080;     4m 54s 972ms 997μs 681ns;371;-1;             24ms   1μs 396ns;0.000000;inf;0.000000;inf;0;1;Passing;;;0;10833
82e7;7728;75c8;0;0;0000000000000080;     4m 54s 989ms 373μs 484ns;371;-1;             25ms 755μs 195ns;0.000000;inf;0.000000;inf;0;1;Passing;;;0;10836
82d2;7728;75c8;0;0;0000000000000080;     4m 54s 984ms 545μs 622ns;371;-1;             26ms 567μs 151ns;0.000000;inf;0.000000;inf;0;1;Passing;;;0;10843
82cc;7728;75c8;0;0;0000000000000080;     4m 54s 983ms 228μs 413ns;371;-1;             25ms 384μs  29ns;0.000000;inf;0.000000;inf;0;1;Passing;;;0;10844
82cf;7728;75c8;0;0;0000000000000080;     4m 54s 983ms 801μs 854ns;371;-1;             26ms  14μs 524ns;0.000000;inf;0.000000;inf;0;1;Passing;;;0;10845
82c9;7728;75c8;0;0;0000000000000080;     4m 54s 982ms 601μs 641ns;371;-1;             25ms 431μs 210ns;0.000000;inf;0.000000;inf;0;1;Passing;;;0;10846
82c3;7728;75c8;0;0;0000000000000080;     4m 54s 981ms 429μs 312ns;371;-1;             24ms 869μs 259ns;0.000000;inf;0.000000;inf;0;1;Passing;;;0;10848
82b7;7728;75c8;0;0;0000000000000080;     4m 54s 979ms 359μs 704ns;371;-1;             25ms  34μs 615ns;0.000000;inf;0.000000;inf;0;1;Passing;;;0;10851
82ba;7728;75c8;0;0;0000000000000080;     4m 54s 979ms 926μs 317ns;371;-1;             25ms 187μs 665ns;0.000000;inf;0.000000;inf;0;1;Passing;;;0;10851
82ae;7728;75c8;0;0;0000000000000080;     4m 54s 978ms  13μs 814ns;371;-1;             25ms 492μs 466ns;0.000000;inf;0.000000;inf;0;1;Passing;;;0;10855
82a8;7728;75c8;0;0;0000000000000080;     4m 54s 977ms 161μs 260ns;371;-1;             25ms 552μs 879ns;0.000000;inf;0.000000;inf;0;1;Passing;;;0;10857
829c;7728;75c8;0;0;0000000000000080;     4m 54s 975ms 641μs 297ns;371;-1;             25ms 733μs 871ns;0.000000;inf;0.000000;inf;0;1;Passing;;;0;10861
8296;7728;75c8;0;0;0000000000000080;     4m 54s 974ms 934μs 745ns;371;-1;             24ms 500μs 119ns;0.000000;inf;0.000000;inf;0;1;Passing;;;0;10863
8284;7728;75c8;0;0;4000000000000080;     4m 54s 973ms 285μs 885ns;371;-1;             11ms 960μs  19ns;0.000000;inf;0.000000;inf;0;1;Passing;;;0;10869
8379;7728;75c8;0;0;0000000000000080;     4m 55s 198ms  31μs 743ns;362;-1;             23ms 442μs 643ns;0.000000;inf;0.000000;inf;0;1;Passing;;;0;10875
83dd;7728;75c8;0;0;0000000000000080;     4m 55s 214ms 958μs 875ns;362;-1;             25ms 435μs 283ns;0.000000;inf;0.000000;inf;0;1;Passing;;;0;10878
83c8;7728;75c8;0;0;0000000000000080;     4m 55s 210ms 212μs 934ns;362;-1;             24ms 363μs 204ns;0.000000;inf;0.000000;inf;0;1;Passing;;;0;10885
83c2;7728;75c8;0;0;0000000000000080;     4m 55s 209ms   1μs 847ns;362;-1;             25ms 344μs 662ns;0.000000;inf;0.000000;inf;0;1;Passing;;;0;10886
83c5;7728;75c8;0;0;0000000000000080;     4m 55s 209ms 573μs 732ns;362;-1;             25ms 977μs 862ns;0.000000;inf;0.000000;inf;0;1;Passing;;;0;10887
83bf;7728;75c8;0;0;0000000000000080;     4m 55s 208ms 380μs 717ns;362;-1;             25ms 387μs 385ns;0.000000;inf;0.000000;inf;0;1;Passing;;;0;10888
83b9;7728;75c8;0;0;0000000000000080;     4m 55s 207ms 232μs 220ns;362;-1;             24ms 660μs 297ns;0.000000;inf;0.000000;inf;0;1;Passing;;;0;10890
83b0;7728;75c8;0;0;0000000000000080;     4m 55s 205ms 812μs 246ns;362;-1;             25ms 236μs 225ns;0.000000;inf;0.000000;inf;0;1;Passing;;;0;10892
83ad;7728;75c8;0;0;0000000000000080;     4m 55s 205ms 194μs  45ns;362;-1;             25ms 539μs 384ns;0.000000;inf;0.000000;inf;0;1;Passing;;;0;10894
83a6;7728;75c8;0;0;0000000000000080;     4m 55s 204ms 224μs 997ns;362;-1;             23ms 991μs  53ns;0.000000;inf;0.000000;inf;0;1;Passing;;;0;10896
8395;7728;75c8;0;0;0000000000000080;     4m 55s 201ms 572μs 525ns;362;-1;             24ms 275μs 437ns;0.000000;inf;0.000000;inf;0;1;Passing;;;0;10902
838c;7728;75c8;0;0;0000000000000080;     4m 55s 200ms 290μs 126ns;362;-1;             25ms 223μs 804ns;0.000000;inf;0.000000;inf;0;1;Passing;;;0;10905
837d;7728;75c8;0;0;0000000000000080;     4m 55s 198ms 587μs 640ns;362;-1;             24ms 139μs 632ns;0.000000;inf;0.000000;inf;0;1;Passing;;;0;10909
846c;7728;75c8;0;0;0000000000000080;     4m 55s 413ms 473μs 116ns;353;-1;             24ms 625μs 124ns;0.000000;inf;0.000000;inf;0;1;Passing;;;0;10918
84cd;7728;75c8;0;0;0000000000000080;     4m 55s 430ms  25μs  80ns;353;-1;             24ms 734μs 548ns;0.000000;inf;0.000000;inf;0;1;Passing;;;0;10920
84b8;7728;75c8;0;0;0000000000000080;     4m 55s 425ms  43μs 239ns;353;-1;             24ms 160μs 252ns;0.000000;inf;0.000000;inf;0;1;Passing;;;0;10927
84b5;7728;75c8;0;0;0000000000000080;     4m 55s 424ms 754μs 213ns;353;-1;             24ms 276μs 786ns;0.000000;inf;0.000000;inf;0;1;Passing;;;0;10928
84b2;7728;75c8;0;0;0000000000000080;     4m 55s 423ms 866μs 407ns;353;-1;             25ms 276μs 282ns;0.000000;inf;0.000000;inf;0;1;Passing;;;0;10929
84af;7728;75c8;0;0;0000000000000080;     4m 55s 423ms 626μs  81ns;353;-1;             24ms  67μs  65ns;0.000000;inf;0.000000;inf;0;1;Passing;;;0;10930
84aa;7728;75c8;0;0;0000000000000080;     4m 55s 422ms 629μs 186ns;353;-1;             22ms 671μs 148ns;0.000000;inf;0.000000;inf;0;1;Passing;;;0;10931
849f;7728;75c8;0;0;0000000000000080;     4m 55s 420ms 541μs 439ns;353;-1;             24ms 265μs 536ns;0.000000;inf;0.000000;inf;0;1;Passing;;;0;10934
849d;7728;75c8;0;0;0000000000000080;     4m 55s 420ms 353μs 271ns;353;-1;             22ms 981μs 822ns;0.000000;inf;0.000000;inf;0;1;Passing;;;0;10936
8494;7728;75c8;0;0;0000000000000080;     4m 55s 418ms 806μs 409ns;353;-1;             23ms 762μs 647ns;0.000000;inf;0.000000;inf;0;1;Passing;;;0;10939
8484;7728;75c8;0;0;0000000000000080;     4m 55s 416ms 738μs 683ns;353;-1;             24ms 719μs 147ns;0.000000;inf;0.000000;inf;0;1;Passing;;;0;10944
8471;7728;75c8;0;0;4000000000000080;     4m 55s 414ms 410μs 386ns;353;-1;             20ms 952μs 877ns;0.000000;inf;0.000000;inf;0;1;Passing;;;0;10950
855a;7728;75c8;0;0;0000000000000080;     4m 55s 615ms 547μs   0ns;344;-1;             22ms 704μs 964ns;0.000000;inf;0.000000;inf;0;1;Passing;;;0;10956
85b7;7728;75c8;0;0;0000000000000080;     4m 55s 631ms 481μs 118ns;344;-1;             23ms 719μs 314ns;0.000000;inf;0.000000;inf;0;1;Passing;;;0;10960
85a2;7728;75c8;0;0;0000000000000080;     4m 55s 627ms 222μs 422ns;344;-1;             23ms 131μs 200ns;0.000000;inf;0.000000;inf;0;1;Passing;;;0;10967
859f;7728;75c8;0;0;0000000000000080;     4m 55s 626ms 290μs  27ns;344;-1;             23ms 504μs 325ns;0.000000;inf;0.000000;inf;0;1;Passing;;;0;10968
859c;7728;75c8;0;0;0000000000000080;     4m 55s 626ms  51μs 236ns;344;-1;             23ms 675μs 887ns;0.000000;inf;0.000000;inf;0;1;Passing;;;0;10969
8599;7728;75c8;0;0;0000000000000080;     4m 55s 625ms 177μs 816ns;344;-1;             23ms 502μs 457ns;0.000000;inf;0.000000;inf;0;1;Passing;;;0;10970
8593;7728;75c8;0;0;0000000000000080;     4m 55s 624ms 126μs 983ns;344;-1;             23ms 304μs 403ns;0.000000;inf;0.000000;inf;0;1;Passing;;;0;10972
858a;7728;75c8;0;0;0000000000000080;     4m 55s 622ms 896μs 524ns;344;-1;             23ms 674μs  61ns;0.000000;inf;0.000000;inf;0;1;Passing;;;0;10975
8587;7728;75c8;0;0;0000000000000080;     4m 55s 622ms 208μs 659ns;344;-1;             24ms 323μs 357ns;0.000000;inf;0.000000;inf;0;1;Passing;;;0;10976
857d;7728;75c8;0;0;0000000000000080;     4m 55s 620ms 620μs 715ns;344;-1;             23ms 705μs 290ns;0.000000;inf;0.000000;inf;0;1;Passing;;;0;10979
856b;7728;75c8;0;0;0000000000000080;     4m 55s 618ms  10μs 856ns;344;-1;             23ms 744μs 869ns;0.000000;inf;0.000000;inf;0;1;Passing;;;0;10985
8640;7728;75c8;0;0;0000000000000080;     4m 55s 807ms 894μs 490ns;335;-1;             22ms 256μs 177ns;0.000000;inf;0.000000;inf;0;1;Passing;;;0;10995
869b;7728;75c8;0;0;0000000000000080;     4m 55s 821ms 512μs 441ns;335;-1;             23ms 221μs 597ns;0.000000;inf;0.000000;inf;0;1;Passing;;;0;10998
8683;7728;75c8;0;0;0000000000000080;     4m 55s 816ms 433μs  84ns;335;-1;             22ms 168μs 475ns;0.000000;inf;0.000000;inf;0;1;Passing;;;0;11005
8686;7728;75c8;0;0;0000000000000080;     4m 55s 817ms 225μs 586ns;335;-1;             23ms 954μs 227ns;0.000000;inf;0.000000;inf;0;1;Passing;;;0;11006
8680;7728;75c8;0;0;0000000000000080;     4m 55s 816ms 111μs 481ns;335;-1;             22ms 326μs 993ns;0.000000;inf;0.000000;inf;0;1;Passing;;;0;11007
867d;7728;75c8;0;0;0000000000000080;     4m 55s 815ms 357μs 288ns;335;-1;             22ms 194μs 642ns;0.000000;inf;0.000000;inf;0;1;Passing;;;0;11008
8677;7728;75c8;0;0;0000000000000080;     4m 55s 814ms 346μs  52ns;335;-1;             21ms 451μs  90ns;0.000000;inf;0.000000;inf;0;1;Passing;;;0;11010
866a;7728;75c8;0;0;0000000000000080;     4m 55s 812ms 499μs 699ns;335;-1;             22ms 106μs 734ns;0.000000;inf;0.000000;inf;0;1;Passing;;;0;11013
866e;7728;75c8;0;0;0000000000000080;     4m 55s 813ms 165μs 448ns;335;-1;             22ms 985μs 286ns;0.000000;inf;0.000000;inf;0;1;Passing;;;0;11014
8652;7728;75c8;0;0;0000000000000080;     4m 55s 809ms 587μs 778ns;335;-1;             23ms 503μs 757ns;0.000000;inf;0.000000;inf;0;1;Passing;;;0;11022
8779;7728;75c8;0;0;0000000000000080;     4m 56s   4ms  51μs 899ns;326;-1;             22ms 704μs  30ns;0.000000;inf;0.000000;inf;0;1;Passing;;;0;11035
8721;7728;75c8;0;0;0000000000000080;     4m 55s 990ms 745μs 191ns;326;-1;             24ms 471μs 469ns;0.000000;inf;0.000000;inf;0;1;Passing;;;0;11037
8761;7728;75c8;0;0;0000000000000080;     4m 55s 999ms 159μs 208ns;326;-1;             22ms 426μs  59ns;0.000000;inf;0.000000;inf;0;1;Passing;;;0;11043
8764;7728;75c8;0;0;0000000000000080;     4m 55s 999ms 409μs 990ns;326;-1;             25ms  87μs 594ns;0.000000;inf;0.000000;inf;0;1;Passing;;;0;11044
8757;7728;75c8;0;0;0000000000000080;     4m 55s 997ms 283μs 556ns;326;-1;             22ms 600μs 669ns;0.000000;inf;0.000000;inf;0;1;Passing;;;0;11047
8751;7728;75c8;0;0;0000000000000080;     4m 55s 996ms 298μs 448ns;326;-1;             21ms 913μs 558ns;0.000000;inf;0.000000;inf;0;1;Passing;;;0;11049
874f;7728;75c8;0;0;0000000000000080;     4m 55s 996ms 148μs 219ns;326;-1;             22ms 336μs 807ns;0.000000;inf;0.000000;inf;0;1;Passing;;;0;11050
874b;7728;75c8;0;0;0000000000000080;     4m 55s 995ms 398μs 280ns;326;-1;             24ms 318μs 228ns;0.000000;inf;0.000000;inf;0;1;Passing;;;0;11052
8733;7728;75c8;0;0;0000000000000080;     4m 55s 992ms 393μs 303ns;326;-1;             21ms 594μs 978ns;0.000000;inf;0.000000;inf;0;1;Passing;;;0;11059
87fc;7728;75c8;0;0;0000000000000080;     4m 56s 164ms  38μs 767ns;317;-1;             21ms 687μs  80ns;0.000000;inf;0.000000;inf;0;1;Passing;;;0;11070
8851;7728;75c8;0;0;0000000000000080;     4m 56s 176ms 908μs 348ns;317;-1;             22ms 174μs  58ns;0.000000;inf;0.000000;inf;0;1;Passing;;;0;11072
883c;7728;75c8;0;0;0000000000000080;     4m 56s 172ms 647μs  71ns;317;-1;             20ms 751μs 693ns;0.000000;inf;0.000000;inf;0;1;Passing;;;0;11080
8833;7728;75c8;0;0;0000000000000080;     4m 56s 171ms 130μs 365ns;317;-1;             21ms 875μs 918ns;0.000000;inf;0.000000;inf;0;1;Passing;;;0;11083
882d;7728;75c8;0;0;0000000000000080;     4m 56s 170ms 171μs 394ns;317;-1;             22ms  10μs 780ns;0.000000;inf;0.000000;inf;0;1;Passing;;;0;11085
882a;7728;75c8;0;0;0000000000000080;     4m 56s 169ms 750μs 572ns;317;-1;             22ms 250μs 220ns;0.000000;inf;0.000000;inf;0;1;Passing;;;0;11086
8827;7728;75c8;0;0;0000000000000080;     4m 56s 169ms 273μs 309ns;317;-1;             22ms 632μs 326ns;0.000000;inf;0.000000;inf;0;1;Passing;;;0;11087
880d;7728;75c8;0;0;0000000000000080;     4m 56s 165ms 967μs 736ns;317;-1;             21ms 118μs 523ns;0.000000;inf;0.000000;inf;0;1;Passing;;;0;11096
88d2;7728;75c8;0;0;0000000000000080;     4m 56s 331ms 202μs 641ns;308;-1;             20ms 678μs 861ns;0.000000;inf;0.000000;inf;0;1;Passing;;;0;11106
8923;7728;75c8;0;0;0000000000000080;     4m 56s 344ms 706μs 525ns;308;-1;             21ms 697μs 921ns;0.000000;inf;0.000000;inf;0;1;Passing;;;0;11109
890e;7728;75c8;0;0;0000000000000080;     4m 56s 340ms 511μs 314ns;308;-1;             19ms 790μs 897ns;0.000000;inf;0.000000;inf;0;1;Passing;;;0;11116
8907;7728;75c8;0;0;0000000000000080;     4m 56s 339ms 230μs 350ns;308;-1;             20ms 350μs 762ns;0.000000;inf;0.000000;inf;0;1;Passing;;;0;11118
88ff;7728;75c8;0;0;0000000000000080;     4m 56s 338ms  82μs 445ns;308;-1;             21ms 777μs 333ns;0.000000;inf;0.000000;inf;0;1;Passing;;;0;11121
88fc;7728;75c8;0;0;0000000000000080;     4m 56s 337ms 308μs  87ns;308;-1;             20ms 359μs 163ns;0.000000;inf;0.000000;inf;0;1;Passing;;;0;11122
88f9;7728;75c8;0;0;0000000000000080;     4m 56s 337ms   9μs 784ns;308;-1;             20ms 694μs 659ns;0.000000;inf;0.000000;inf;0;1;Passing;;;0;11123
89ef;7728;75c8;0;0;0000000000000080;     4m 56s 498ms 437μs 951ns;299;-1;             20ms 177μs 166ns;0.000000;inf;0.000000;inf;0;1;Passing;;;0;11143
89d9;7728;75c8;0;0;0000000000000080;     4m 56s 493ms 928μs 190ns;299;-1;             20ms 381μs 207ns;0.000000;inf;0.000000;inf;0;1;Passing;;;0;11151
89d1;7728;75c8;0;0;0000000000000080;     4m 56s 492ms 724μs 519ns;299;-1;             20ms 368μs 987ns;0.000000;inf;0.000000;inf;0;1;Passing;;;0;11153
89c8;7728;75c8;0;0;0000000000000080;     4m 56s 491ms 270μs 183ns;299;-1;             19ms 651μs 568ns;0.000000;inf;0.000000;inf;0;1;Passing;;;0;11156
89ca;7728;75c8;0;0;0000000000000080;     4m 56s 491ms 190μs 882ns;299;-1;             19ms 837μs 878ns;0.000000;inf;0.000000;inf;0;1;Passing;;;0;11157
89c5;7728;75c8;0;0;0000000000000080;     4m 56s 490ms 404μs 965ns;299;-1;             20ms 680μs 233ns;0.000000;inf;0.000000;inf;0;1;Passing;;;0;11158
8ab5;7728;75c8;0;0;0000000000000080;     4m 56s 647ms 409μs 900ns;290;-1;             19ms 810μs 724ns;0.000000;inf;0.000000;inf;0;1;Passing;;;0;11178
8aa0;7728;75c8;0;0;0000000000000080;     4m 56s 643ms 572μs  38ns;290;-1;             19ms 298μs 419ns;0.000000;inf;0.000000;inf;0;1;Passing;;;0;11185
8a96;7728;75c8;0;0;0000000000000080;     4m 56s 641ms 847μs 897ns;290;-1;             20ms 215μs  36ns;0.000000;inf;0.000000;inf;0;1;Passing;;;0;11188
8a8e;7728;75c8;0;0;0000000000000080;     4m 56s 640ms 714μs 461ns;290;-1;             20ms 245μs 304ns;0.000000;inf;0.000000;inf;0;1;Passing;;;0;11191
8b21;7728;75c8;0;0;0000000000000080;     4m 56s 775ms 251μs 763ns;280;-1;             18ms 957μs 148ns;0.000000;inf;0.000000;inf;0;1;Passing;;;0;11220
8b4a;7728;75c8;0;0;0000000000000080;     4m 56s 782ms 619μs  65ns;280;-1;             20ms 135μs 228ns;0.000000;inf;0.000000;inf;0;1;Passing;;;0;11244
8b44;7728;75c8;0;0;0000000000000080;     4m 56s 781ms 619μs 362ns;280;-1;             17ms 637μs 484ns;0.000000;inf;0.000000;inf;0;1;Passing;;;0;11250
8b42;7728;75c8;0;0;0000000000000080;     4m 56s 781ms 399μs 576ns;280;-1;             18ms  36μs 254ns;0.000000;inf;0.000000;inf;0;1;Passing;;;0;11252
8bce;7728;75c8;0;0;0000000000000080;     4m 56s 902ms  15μs 787ns;270;-1;             18ms  66μs 879ns;0.000000;inf;0.000000;inf;0;1;Passing;;;0;11266
8bf0;7728;75c8;0;0;0000000000000080;     4m 56s 905ms 895μs  53ns;270;-1;             18ms 365μs 632ns;0.000000;inf;0.000000;inf;0;1;Passing;;;0;11278
8bec;7728;75c8;0;0;0000000000000080;     4m 56s 905ms 205μs 956ns;270;-1;             18ms 618μs  78ns;0.000000;inf;0.000000;inf;0;1;Passing;;;0;11279
8bea;7728;75c8;0;0;0000000000000080;     4m 56s 905ms 101μs 951ns;270;-1;             18ms 906μs 872ns;0.000000;inf;0.000000;inf;0;1;Passing;;;0;11280
8be0;7728;75c8;0;0;0000000000000080;     4m 56s 903ms 766μs 242ns;270;-1;             18ms 647μs 386ns;0.000000;inf;0.000000;inf;0;1;Passing;;;0;11283
8c71;7728;75c8;0;0;0000000000000080;     4m 57s  13ms 396μs 258ns;260;-1;             18ms 255μs 764ns;0.000000;inf;0.000000;inf;0;1;Passing;;;0;11293
8c92;7728;75c8;0;0;0000000000000080;     4m 57s  17ms 454μs 367ns;260;-1;             19ms 731μs 998ns;0.000000;inf;0.000000;inf;0;1;Passing;;;0;11308
8c8c;7728;75c8;0;0;0000000000000080;     4m 57s  16ms 695μs 944ns;260;-1;             17ms 538μs 965ns;0.000000;inf;0.000000;inf;0;1;Passing;;;0;11309
8c83;7728;75c8;0;0;0000000000000080;     4m 57s  15ms 428μs 643ns;260;-1;             18ms  74μs 508ns;0.000000;inf;0.000000;inf;0;1;Passing;;;0;11312
8d2e;7728;75c8;0;0;0000000000000080;     4m 57s 121ms 946μs 924ns;250;-1;             17ms 423μs 640ns;0.000000;inf;0.000000;inf;0;1;Passing;;;0;11333
8d2b;7728;75c8;0;0;0000000000000080;     4m 57s 121ms 195μs 384ns;250;-1;             18ms 110μs 756ns;0.000000;inf;0.000000;inf;0;1;Passing;;;0;11334
8d21;7728;75c8;0;0;0000000000000080;     4m 57s 119ms 889μs 666ns;250;-1;             17ms 256μs 764ns;0.000000;inf;0.000000;inf;0;1;Passing;;;0;11337
8dca;7728;75c8;0;0;0000000000000080;     4m 57s 219ms 291μs 322ns;240;-1;             16ms 817μs 753ns;0.000000;inf;0.000000;inf;0;1;Passing;;;0;11356
8dcc;7728;75c8;0;0;0000000000000080;     4m 57s 219ms 273μs 630ns;240;-1;             14ms  72μs 291ns;0.000000;inf;0.000000;inf;0;1;Passing;;;0;11357
8dc7;7728;75c8;0;0;0000000000000080;     4m 57s 218ms 544μs 834ns;240;-1;             16ms 606μs 757ns;0.000000;inf;0.000000;inf;0;1;Passing;;;0;11358
8e5a;7728;75c8;0;0;0000000000000080;     4m 57s 306ms 945μs 747ns;230;-1;             15ms 545μs 913ns;0.000000;inf;0.000000;inf;0;1;Passing;;;0;11382
8e54;7728;75c8;0;0;0000000000000080;     4m 57s 306ms 259μs 168ns;230;-1;             16ms 247μs  28ns;0.000000;inf;0.000000;inf;0;1;Passing;;;0;11384
8fce;7728;75c8;0;0;0000000000000080;     4m 57s 464ms 294μs 438ns;225;-1;             14ms 358μs 188ns;0.000000;inf;0.000000;inf;0;1;Passing;;;0;11439
8fca;7728;75c8;0;0;0000000000000080;     4m 57s 463ms 721μs 129ns;225;-1;             15ms  78μs 897ns;0.000000;inf;0.000000;inf;0;1;Passing;;;0;11440
8fc8;7728;75c8;0;0;0000000000000080;     4m 57s 463ms 686μs 797ns;225;-1;             15ms 839μs 310ns;0.000000;inf;0.000000;inf;0;1;Passing;;;0;11441
900a;7728;75c8;0;0;0000000000000080;     4m 57s 473ms 296μs 991ns;225;-1;             15ms 416μs  17ns;0.000000;inf;0.000000;inf;0;1;Passing;;;0;11446
900c;7728;75c8;0;0;0000000000000080;     4m 57s 473ms 372μs 267ns;225;-1;             16ms 377μs 620ns;0.000000;inf;0.000000;inf;0;1;Passing;;;0;11448
9004;7728;75c8;0;0;0000000000000080;     4m 57s 472ms 218μs 503ns;225;-1;             14ms 703μs 460ns;0.000000;inf;0.000000;inf;0;1;Passing;;;0;11449
8ff5;7728;75c8;0;0;0000000000000080;     4m 57s 469ms 596μs 920ns;225;-1;             14ms 279μs 407ns;0.000000;inf;0.000000;inf;0;1;Passing;;;0;11454
8fe9;7728;75c8;0;0;0000000000000080;     4m 57s 467ms 937μs 775ns;225;-1;             15ms   2μs  10ns;0.000000;inf;0.000000;inf;0;1;Passing;;;0;11457
8fe3;7728;75c8;0;0;0000000000000080;     4m 57s 467ms 177μs 705ns;225;-1;             14ms 760μs 370ns;0.000000;inf;0.000000;inf;0;1;Passing;;;0;11460
8fbf;7728;75c8;0;0;0000000000000080;     4m 57s 462ms 621μs  94ns;225;-1;             15ms 104μs 362ns;0.000000;inf;0.000000;inf;0;1;Passing;;;0;11466
8fad;7728;75c8;0;0;0000000000000080;     4m 57s 460ms 390μs 103ns;225;-1;             14ms 833μs 914ns;0.000000;inf;0.000000;inf;0;1;Passing;;;0;11468
8f95;7728;75c8;0;0;0000000000000080;     4m 57s 458ms 376μs 729ns;225;-1;             15ms  45μs  40ns;0.000000;inf;0.000000;inf;0;1;Passing;;;0;11470
8f91;7728;75c8;0;0;0000000000000080;     4m 57s 457ms 894μs 542ns;225;-1;             15ms 284μs 431ns;0.000000;inf;0.000000;inf;0;1;Passing;;;0;11474
8f8d;7728;75c8;0;0;0000000000000080;     4m 57s 457ms 620μs 841ns;225;-1;             11ms  71μs 320ns;0.000000;inf;0.000000;inf;0;1;Passing;;;0;11484
90a1;7728;75c8;0;0;0000000000000080;     4m 57s 621ms 569μs 416ns;220;-1;             15ms 500μs 392ns;0.000000;inf;0.000000;inf;0;1;Passing;;;0;11505
90a0;7728;75c8;0;0;0000000000000080;     4m 57s 621ms 717μs 574ns;220;-1;             15ms 492μs  97ns;0.000000;inf;0.000000;inf;0;1;Passing;;;0;11506
90a6;7728;75c8;0;0;0000000000000080;     4m 57s 621ms 980μs 329ns;220;-1;             15ms 562μs 982ns;0.000000;inf;0.000000;inf;0;1;Passing;;;0;11507
9117;7728;75c8;0;0;0000000000000080;     4m 57s 632ms 404μs 371ns;220;-1;             14ms 609μs 288ns;0.000000;inf;0.000000;inf;0;1;Passing;;;0;11512
911b;7728;75c8;0;0;0000000000000080;     4m 57s 633ms 222μs 706ns;220;-1;             14ms 874μs 890ns;0.000000;inf;0.000000;inf;0;1;Passing;;;0;11513
9111;7728;75c8;0;0;0000000000000080;     4m 57s 631ms 502μs 400ns;220;-1;             14ms 329μs 638ns;0.000000;inf;0.000000;inf;0;1;Passing;;;0;11515
9103;7728;75c8;0;0;0000000000000080;     4m 57s 629ms 728μs 864ns;220;-1;             14ms 144μs 746ns;0.000000;inf;0.000000;inf;0;1;Passing;;;0;11520
90f7;7728;75c8;0;0;0000000000000080;     4m 57s 628ms 141μs 667ns;220;-1;             13ms 893μs 320ns;0.000000;inf;0.000000;inf;0;1;Passing;;;0;11524
90f1;7728;75c8;0;0;0000000000000080;     4m 57s 627ms 447μs 154ns;220;-1;             14ms 135μs 527ns;0.000000;inf;0.000000;inf;0;1;Passing;;;0;11526
90dc;7728;75c8;0;0;0000000000000080;     4m 57s 625ms 233μs 367ns;220;-1;             14ms 620μs 260ns;0.000000;inf;0.000000;inf;0;1;Passing;;;0;11532
90d9;7728;75c8;0;0;0000000000000080;     4m 57s 624ms 980μs 588ns;220;-1;             14ms 642μs 964ns;0.000000;inf;0.000000;inf;0;1;Passing;;;0;11534
90d6;7728;75c8;0;0;0000000000000080;     4m 57s 624ms 758μs  63ns;220;-1;             15ms 421μs  37ns;0.000000;inf;0.000000;inf;0;1;Passing;;;0;11535
90cd;7728;75c8;0;0;0000000000000080;     4m 57s 624ms  36μs  26ns;220;-1;             14ms 916μs 858ns;0.000000;inf;0.000000;inf;0;1;Passing;;;0;11537
91a9;7728;75c8;0;0;0000000000000080;     4m 57s 764ms 367μs  37ns;215;-1;             15ms 271μs 966ns;0.000000;inf;0.000000;inf;0;1;Passing;;;0;11549
91b1;7728;75c8;0;0;0000000000000080;     4m 57s 765ms  45μs 544ns;215;-1;             15ms 390μs 952ns;0.000000;inf;0.000000;inf;0;1;Passing;;;0;11551
91ad;7728;75c8;0;0;0000000000000080;     4m 57s 764ms 714μs  87ns;215;-1;             15ms 993μs 218ns;0.000000;inf;0.000000;inf;0;1;Passing;;;0;11552
921d;7728;75c8;0;0;0000000000000080;     4m 57s 778ms 192μs 908ns;215;-1;             16ms 408μs 270ns;0.000000;inf;0.000000;inf;0;1;Passing;;;0;11559
920d;7728;75c8;0;0;0000000000000080;     4m 57s 775ms 730μs 310ns;215;-1;             15ms 909μs 381ns;0.000000;inf;0.000000;inf;0;1;Passing;;;0;11565
9202;7728;75c8;0;0;0000000000000080;     4m 57s 774ms 187μs 988ns;215;-1;             14ms 866μs 142ns;0.000000;inf;0.000000;inf;0;1;Passing;;;0;11568
91fb;7728;75c8;0;0;0000000000000080;     4m 57s 773ms 246μs 114ns;215;-1;             15ms 260μs 683ns;0.000000;inf;0.000000;inf;0;1;Passing;;;0;11569
91e3;7728;75c8;0;0;0000000000000080;     4m 57s 770ms 286μs  25ns;215;-1;             15ms 302μs 467ns;0.000000;inf;0.000000;inf;0;1;Passing;;;0;11576
91e7;7728;75c8;0;0;0000000000000080;     4m 57s 770ms 796μs 359ns;215;-1;             15ms 713μs 581ns;0.000000;inf;0.000000;inf;0;1;Passing;;;0;11577
91e1;7728;75c8;0;0;0000000000000080;     4m 57s 770ms  73μs 669ns;215;-1;             14ms  36μs 604ns;0.000000;inf;0.000000;inf;0;1;Passing;;;0;11579
91d8;7728;75c8;0;0;0000000000000080;     4m 57s 769ms  53μs 970ns;215;-1;             15ms  68μs  10ns;0.000000;inf;0.000000;inf;0;1;Passing;;;0;11582
92b2;7728;75c8;0;0;0000000000000080;     4m 57s 907ms  45μs 325ns;210;-1;             14ms 758μs 629ns;0.000000;inf;0.000000;inf;0;1;Passing;;;0;11594
92af;7728;75c8;0;0;0000000000000080;     4m 57s 907ms  69μs 384ns;210;-1;             14ms 607μs 904ns;0.000000;inf;0.000000;inf;0;1;Passing;;;0;11594
92b6;7728;75c8;0;0;0000000000000080;     4m 57s 907ms 400μs 493ns;210;-1;             15ms 267μs 604ns;0.000000;inf;0.000000;inf;0;1;Passing;;;0;11596
9313;7728;75c8;0;0;0000000000000080;     4m 57s 917ms 662μs 324ns;210;-1;             14ms   9μs 164ns;0.000000;inf;0.000000;inf;0;1;Passing;;;0;11606
9307;7728;75c8;0;0;0000000000000080;     4m 57s 916ms 157μs 357ns;210;-1;             14ms  80μs 391ns;0.000000;inf;0.000000;inf;0;1;Passing;;;0;11611
9301;7728;75c8;0;0;0000000000000080;     4m 57s 915ms 393μs 391ns;210;-1;             13ms 820μs 351ns;0.000000;inf;0.000000;inf;0;1;Passing;;;0;11613
92ee;7728;75c8;0;0;0000000000000080;     4m 57s 913ms  64μs  12ns;210;-1;             14ms 158μs 469ns;0.000000;inf;0.000000;inf;0;1;Passing;;;0;11619
92e8;7728;75c8;0;0;0000000000000080;     4m 57s 912ms 392μs 916ns;210;-1;             14ms 862μs 264ns;0.000000;inf;0.000000;inf;0;1;Passing;;;0;11621
92e6;7728;75c8;0;0;0000000000000080;     4m 57s 912ms 310μs 569ns;210;-1;             13ms 864μs 263ns;0.000000;inf;0.000000;inf;0;1;Passing;;;0;11622
92dd;7728;75c8;0;0;0000000000000080;     4m 57s 911ms 380μs 501ns;210;-1;             15ms  80μs 838ns;0.000000;inf;0.000000;inf;0;1;Passing;;;0;11625
93b1;7728;75c8;0;0;0000000000000080;     4m 58s  38ms 803μs  46ns;205;-1;             14ms 786μs  83ns;0.000000;inf;0.000000;inf;0;1;Passing;;;0;11637
93ae;7728;75c8;0;0;0000000000000080;     4m 58s  38ms 558μs 907ns;205;-1;             15ms 157μs  68ns;0.000000;inf;0.000000;inf;0;1;Passing;;;0;11638
93b4;7728;75c8;0;0;0000000000000080;     4m 58s  38ms 947μs 146ns;205;-1;             15ms  88μs 364ns;0.000000;inf;0.000000;inf;0;1;Passing;;;0;11639
940f;7728;75c8;0;0;0000000000000080;     4m 58s  47ms 897μs 657ns;205;-1;             15ms 127μs 833ns;0.000000;inf;0.000000;inf;0;1;Passing;;;0;11650
9403;7728;75c8;0;0;0000000000000080;     4m 58s  46ms 249μs 236ns;205;-1;             14ms 275μs 117ns;0.000000;inf;0.000000;inf;0;1;Passing;;;0;11654
93fd;7728;75c8;0;0;0000000000000080;     4m 58s  45ms 525μs 338ns;205;-1;             15ms 774μs 166ns;0.000000;inf;0.000000;inf;0;1;Passing;;;0;11656
93db;7728;75c8;0;0;0000000000000080;     4m 58s  41ms 921μs 481ns;205;-1;             13ms 498μs  37ns;0.000000;inf;0.000000;inf;0;1;Passing;;;0;11667
94a8;7728;75c8;0;0;0000000000000080;     4m 58s 167ms 414μs 603ns;200;-1;             14ms 624μs 470ns;0.000000;inf;0.000000;inf;0;1;Passing;;;0;11679
94ad;7728;75c8;0;0;0000000000000080;     4m 58s 167ms 902μs 742ns;200;-1;             14ms 357μs 114ns;0.000000;inf;0.000000;inf;0;1;Passing;;;0;11680
94aa;7728;75c8;0;0;0000000000000080;     4m 58s 167ms 867μs 742ns;200;-1;             14ms 222μs 256ns;0.000000;inf;0.000000;inf;0;1;Passing;;;0;11681
9505;7728;75c8;0;0;0000000000000080;     4m 58s 178ms 506μs 907ns;200;-1;             14ms 170μs  35ns;0.000000;inf;0.000000;inf;0;1;Passing;;;0;11692
94f5;7728;75c8;0;0;0000000000000080;     4m 58s 176ms  68μs 863ns;200;-1;             13ms 972μs 116ns;0.000000;inf;0.000000;inf;0;1;Passing;;;0;11696
94d4;7728;75c8;0;0;0000000000000080;     4m 58s 172ms 141μs 686ns;200;-1;             14ms 653μs 205ns;0.000000;inf;0.000000;inf;0;1;Passing;;;0;11708
9598;7728;75c8;0;0;0000000000000080;     4m 58s 288ms 762μs 351ns;195;-1;             13ms 948μs 329ns;0.000000;inf;0.000000;inf;0;1;Passing;;;0;11719
959a;7728;75c8;0;0;0000000000000080;     4m 58s 288ms 890μs 472ns;195;-1;             13ms 807μs 986ns;0.000000;inf;0.000000;inf;0;1;Passing;;;0;11720
95f5;7728;75c8;0;0;0000000000000080;     4m 58s 297ms 499μs 430ns;195;-1;             13ms 324μs 799ns;0.000000;inf;0.000000;inf;0;1;Passing;;;0;11735
95e6;7728;75c8;0;0;0000000000000080;     4m 58s 295ms 639μs 763ns;195;-1;             13ms 101μs 167ns;0.000000;inf;0.000000;inf;0;1;Passing;;;0;11740
95c8;7728;75c8;0;0;0000000000000080;     4m 58s 292ms 576μs  14ns;195;-1;             12ms 745μs 197ns;0.000000;inf;0.000000;inf;0;1;Passing;;;0;11749
9685;7728;75c8;0;0;0000000000000080;     4m 58s 403ms 615μs 987ns;190;-1;             12ms 297μs 398ns;0.000000;inf;0.000000;inf;0;1;Passing;;;0;11759
9688;7728;75c8;0;0;0000000000000080;     4m 58s 403ms 924μs 875ns;190;-1;             13ms 121μs 756ns;0.000000;inf;0.000000;inf;0;1;Passing;;;0;11760
96df;7728;75c8;0;0;0000000000000080;     4m 58s 411ms 694μs  46ns;190;-1;             13ms  12μs 377ns;0.000000;inf;0.000000;inf;0;1;Passing;;;0;11775
96ce;7728;75c8;0;0;0000000000000080;     4m 58s 409ms 688μs  21ns;190;-1;             13ms 122μs  44ns;0.000000;inf;0.000000;inf;0;1;Passing;;;0;11781
96b1;7728;75c8;0;0;0000000000000080;     4m 58s 406ms 869μs 895ns;190;-1;             12ms 509μs 778ns;0.000000;inf;0.000000;inf;0;1;Passing;;;0;11790
97c0;7728;75c8;0;0;0000000000000080;     4m 58s 522ms   5μs 999ns;185;-1;             12ms 382μs 733ns;0.000000;inf;0.000000;inf;0;1;Passing;;;0;11813
97b2;7728;75c8;0;0;0000000000000080;     4m 58s 520ms 116μs 743ns;185;-1;             12ms 460μs 588ns;0.000000;inf;0.000000;inf;0;1;Passing;;;0;11818
9796;7728;75c8;0;0;0000000000000080;     4m 58s 517ms 163μs 702ns;185;-1;             12ms 651μs 747ns;0.000000;inf;0.000000;inf;0;1;Passing;;;0;11827
9894;7728;75c8;0;0;0000000000000080;     4m 58s 630ms 417μs 696ns;180;-1;             12ms 277μs 865ns;0.000000;inf;0.000000;inf;0;1;Passing;;;0;11848
9877;7728;75c8;0;0;0000000000000080;     4m 58s 625ms 762μs 961ns;180;-1;             12ms 335μs 285ns;0.000000;inf;0.000000;inf;0;1;Passing;;;0;11865
9952;7728;75c8;0;0;0000000000000080;     4m 58s 720ms 408μs  52ns;175;-1;             12ms 137μs 797ns;0.000000;inf;0.000000;inf;0;1;Passing;;;0;11902
9b7d;7728;75c8;0;0;0000000000000080;     4m 58s 902ms 875μs 374ns;173;-1;             11ms 870μs 754ns;0.000000;inf;0.000000;inf;0;1;Passing;;;0;11959
9b76;7728;75c8;0;0;0000000000000080;     4m 58s 902ms 684μs 412ns;173;-1;             11ms 633μs  25ns;0.000000;inf;0.000000;inf;0;1;Passing;;;0;11961
9bbd;7728;75c8;0;0;0000000000000080;     4m 58s 906ms 930μs 617ns;173;-1;             11ms 889μs  72ns;0.000000;inf;0.000000;inf;0;1;Passing;;;0;11963
9bb6;7728;75c8;0;0;0000000000000080;     4m 58s 906ms 479μs 907ns;173;-1;             11ms 878μs 448ns;0.000000;inf;0.000000;inf;0;1;Passing;;;0;11965
9bb3;7728;75c8;0;0;0000000000000080;     4m 58s 906ms 210μs 658ns;173;-1;             11ms 491μs 106ns;0.000000;inf;0.000000;inf;0;1;Passing;;;0;11966
9bbc;7728;75c8;0;0;0000000000000080;     4m 58s 907ms  55μs 914ns;173;-1;             11ms 678μs 174ns;0.000000;inf;0.000000;inf;0;1;Passing;;;0;11968
9c46;7728;75c8;0;0;0000000000000080;     4m 58s 919ms 203μs 305ns;173;-1;             11ms 858μs 509ns;0.000000;inf;0.000000;inf;0;1;Passing;;;0;11972
9c49;7728;75c8;0;0;0000000000000080;     4m 58s 919ms 736μs 231ns;173;-1;             11ms 841μs 573ns;0.000000;inf;0.000000;inf;0;1;Passing;;;0;11973
9c55;7728;75c8;0;0;0000000000000080;     4m 58s 921ms 280μs 270ns;173;-1;             11ms 809μs 850ns;0.000000;inf;0.000000;inf;0;1;Passing;;;0;11974
9c52;7728;75c8;0;0;0000000000000080;     4m 58s 920ms 765μs 805ns;173;-1;             11ms 918μs 530ns;0.000000;inf;0.000000;inf;0;1;Passing;;;0;11975
9c67;7728;75c8;0;0;0000000000000080;     4m 58s 923ms 773μs 259ns;173;-1;             12ms 503μs 358ns;0.000000;inf;0.000000;inf;0;1;Passing;;;0;11978
9c5b;7728;75c8;0;0;0000000000000080;     4m 58s 922ms 237μs  68ns;173;-1;             11ms 875μs 168ns;0.000000;inf;0.000000;inf;0;1;Passing;;;0;11982
9c4c;7728;75c8;0;0;0000000000000080;     4m 58s 920ms  39μs 966ns;173;-1;             12ms 268μs 149ns;0.000000;inf;0.000000;inf;0;1;Passing;;;0;11985
9c3d;7728;75c8;0;0;0000000000000080;     4m 58s 918ms 263μs 907ns;173;-1;             11ms 695μs 216ns;0.000000;inf;0.000000;inf;0;1;Passing;;;0;11987
9c31;7728;75c8;0;0;0000000000000080;     4m 58s 917ms  14μs 805ns;173;-1;             11ms 405μs 461ns;0.000000;inf;0.000000;inf;0;1;Passing;;;0;11991
9c2e;7728;75c8;0;0;0000000000000080;     4m 58s 916ms 609μs 206ns;173;-1;             11ms 415μs 772ns;0.000000;inf;0.000000;inf;0;1;Passing;;;0;11992
9c2b;7728;75c8;0;0;0000000000000080;     4m 58s 916ms 415μs 352ns;173;-1;             11ms 817μs 882ns;0.000000;inf;0.000000;inf;0;1;Passing;;;0;11993
9c28;7728;75c8;0;0;0000000000000080;     4m 58s 916ms       1000ns;173;-1;             12ms  90μs 949ns;0.000000;inf;0.000000;inf;0;1;Passing;;;0;11994
9c16;7728;75c8;0;0;0000000000000080;     4m 58s 914ms 256μs 297ns;173;-1;             12ms 271μs 759ns;0.000000;inf;0.000000;inf;0;1;Passing;;;0;12000
9c10;7728;75c8;0;0;0000000000000080;     4m 58s 913ms 720μs 785ns;173;-1;             11ms 675μs 976ns;0.000000;inf;0.000000;inf;0;1;Passing;;;0;12002
9c0d;7728;75c8;0;0;0000000000000080;     4m 58s 913ms 561μs 873ns;173;-1;             11ms 583μs 630ns;0.000000;inf;0.000000;inf;0;1;Passing;;;0;12003
9c0a;7728;75c8;0;0;0000000000000080;     4m 58s 913ms 197μs  47ns;173;-1;             12ms 131μs 241ns;0.000000;inf;0.000000;inf;0;1;Passing;;;0;12004
9c04;7728;75c8;0;0;0000000000000080;     4m 58s 912ms 707μs 729ns;173;-1;             11ms 947μs 681ns;0.000000;inf;0.000000;inf;0;1;Passing;;;0;12006
9bfe;7728;75c8;0;0;0000000000000080;     4m 58s 912ms 215μs 623ns;173;-1;             11ms 832μs 156ns;0.000000;inf;0.000000;inf;0;1;Passing;;;0;12008
9bee;7728;75c8;0;0;0000000000000080;     4m 58s 910ms 968μs 512ns;173;-1;             11ms 160μs 648ns;0.000000;inf;0.000000;inf;0;1;Passing;;;0;12013
9be3;7728;75c8;0;0;0000000000000080;     4m 58s 910ms  23μs  68ns;173;-1;             11ms 869μs 912ns;0.000000;inf;0.000000;inf;0;1;Passing;;;0;12017
9bdd;7728;75c8;0;0;0000000000000080;     4m 58s 909ms 756μs 616ns;173;-1;             11ms 712μs 789ns;0.000000;inf;0.000000;inf;0;1;Passing;;;0;12018
9bda;7728;75c8;0;0;0000000000000080;     4m 58s 909ms 189μs 741ns;173;-1;             11ms 710μs  88ns;0.000000;inf;0.000000;inf;0;1;Passing;;;0;12020
9bcd;7728;75c8;0;0;0000000000000080;     4m 58s 908ms 218μs 733ns;173;-1;             11ms 737μs 508ns;0.000000;inf;0.000000;inf;0;1;Passing;;;0;12022
9baf;7728;75c8;0;0;0000000000000080;     4m 58s 905ms 977μs 139ns;173;-1;             12ms 584μs 288ns;0.000000;inf;0.000000;inf;0;1;Passing;;;0;12026
9bad;7728;75c8;0;0;0000000000000080;     4m 58s 905ms 736μs 483ns;173;-1;             11ms 475μs 582ns;0.000000;inf;0.000000;inf;0;1;Passing;;;0;12027
9ba9;7728;75c8;0;0;0000000000000080;     4m 58s 905ms 432μs 465ns;173;-1;             13ms 122μs 295ns;0.000000;inf;0.000000;inf;0;1;Passing;;;0;12029
9b9e;7728;75c8;0;0;0000000000000080;     4m 58s 904ms 852μs 747ns;173;-1;             11ms 750μs 937ns;0.000000;inf;0.000000;inf;0;1;Passing;;;0;12032
9b94;7728;75c8;0;0;0000000000000080;     4m 58s 904ms 303μs 210ns;173;-1;             12ms  26μs 963ns;0.000000;inf;0.000000;inf;0;1;Passing;;;0;12034
9b8f;7728;75c8;0;0;0000000000000080;     4m 58s 903ms 985μs 117ns;173;-1;             11ms 409μs 293ns;0.000000;inf;0.000000;inf;0;1;Passing;;;0;12036
9b79;7728;75c8;0;0;0000000000000080;     4m 58s 902ms 661μs 560ns;173;-1;             11ms 363μs 316ns;0.000000;inf;0.000000;inf;0;1;Passing;;;0;12038
9b6c;7728;75c8;0;0;0000000000000080;     4m 58s 902ms 171μs 901ns;173;-1;             11ms 390μs 250ns;0.000000;inf;0.000000;inf;0;1;Passing;;;0;12042
9b70;7728;75c8;0;0;0000000000000080;     4m 58s 902ms 161μs 430ns;173;-1;             10ms 955μs 432ns;0.000000;inf;0.000000;inf;0;1;Passing;;;0;12048
9b6b;7728;75c8;0;0;0000000000000080;     4m 58s 901ms 849μs 931ns;173;-1;              9ms 707μs 480ns;0.000000;inf;0.000000;inf;0;1;Passing;;;0;12050
9d73;7728;75c8;0;0;0000000000000080;     4m 59s 130ms 707μs 672ns;171;-1;             11ms 683μs 804ns;0.000000;inf;0.000000;inf;0;1;Passing;;;0;12054
9d78;7728;75c8;0;0;0000000000000080;     4m 59s 130ms 953μs 515ns;171;-1;             12ms 166μs 433ns;0.000000;inf;0.000000;inf;0;1;Passing;;;0;12055
9d72;7728;75c8;0;0;0000000000000080;     4m 59s 130ms 739μs  62ns;171;-1;             12ms 385μs 289ns;0.000000;inf;0.000000;inf;0;1;Passing;;;0;12055
9d7d;7728;75c8;0;0;0000000000000080;     4m 59s 131ms 158μs 743ns;171;-1;             11ms 131μs 789ns;0.000000;inf;0.000000;inf;0;1;Passing;;;0;12057
9d79;7728;75c8;0;0;0000000000000080;     4m 59s 131ms  29μs 832ns;171;-1;             12ms 585μs 134ns;0.000000;inf;0.000000;inf;0;1;Passing;;;0;12057
9d80;7728;75c8;0;0;0000000000000080;     4m 59s 131ms 272μs 631ns;171;-1;             10ms 552μs 555ns;0.000000;inf;0.000000;inf;0;1;Passing;;;0;12061
9e35;7728;75c8;0;0;0000000000000080;     4m 59s 142ms 897μs 503ns;171;-1;             11ms 651μs  97ns;0.000000;inf;0.000000;inf;0;1;Passing;;;0;12062
9e32;7728;75c8;0;0;0000000000000080;     4m 59s 142ms 533μs 742ns;171;-1;             11ms 837μs  12ns;0.000000;inf;0.000000;inf;0;1;Passing;;;0;12063
9e2f;7728;75c8;0;0;0000000000000080;     4m 59s 142ms 311μs 613ns;171;-1;             11ms 433μs 814ns;0.000000;inf;0.000000;inf;0;1;Passing;;;0;12064
9e2b;7728;75c8;0;0;0000000000000080;     4m 59s 141ms 893μs 560ns;171;-1;             11ms 646μs  51ns;0.000000;inf;0.000000;inf;0;1;Passing;;;0;12065
9e6b;7728;75c8;0;0;0000000000000080;     4m 59s 149ms 354μs 265ns;171;-1;             12ms  70μs 286ns;0.000000;inf;0.000000;inf;0;1;Passing;;;0;12076
9e5f;7728;75c8;0;0;0000000000000080;     4m 59s 147ms 896μs 789ns;171;-1;             11ms   4μs 961ns;0.000000;inf;0.000000;inf;0;1;Passing;;;0;12080
9e56;7728;75c8;0;0;0000000000000080;     4m 59s 146ms 726μs 466ns;171;-1;             11ms 588μs 554ns;0.000000;inf;0.000000;inf;0;1;Passing;;;0;12082
9e59;7728;75c8;0;0;0000000000000080;     4m 59s 147ms 169μs 381ns;171;-1;             12ms  95μs  47ns;0.000000;inf;0.000000;inf;0;1;Passing;;;0;12083
9e50;7728;75c8;0;0;0000000000000080;     4m 59s 145ms 969μs 246ns;171;-1;             11ms 739μs  46ns;0.000000;inf;0.000000;inf;0;1;Passing;;;0;12085
9e4d;7728;75c8;0;0;0000000000000080;     4m 59s 145ms 802μs 441ns;171;-1;             11ms 738μs  36ns;0.000000;inf;0.000000;inf;0;1;Passing;;;0;12086
9e49;7728;75c8;0;0;0000000000000080;     4m 59s 145ms 252μs 169ns;171;-1;             11ms 689μs 319ns;0.000000;inf;0.000000;inf;0;1;Passing;;;0;12087
9e41;7728;75c8;0;0;0000000000000080;     4m 59s 144ms 391μs 145ns;171;-1;             11ms 760μs  82ns;0.000000;inf;0.000000;inf;0;1;Passing;;;0;12088
9e1a;7728;75c8;0;0;0000000000000080;     4m 59s 140ms 208μs 988ns;171;-1;             11ms 836μs 601ns;0.000000;inf;0.000000;inf;0;1;Passing;;;0;12091
9e14;7728;75c8;0;0;0000000000000080;     4m 59s 139ms 725μs  97ns;171;-1;             11ms 618μs 613ns;0.000000;inf;0.000000;inf;0;1;Passing;;;0;12093
9e11;7728;75c8;0;0;0000000000000080;     4m 59s 139ms 556μs 845ns;171;-1;             11ms 323μs 231ns;0.000000;inf;0.000000;inf;0;1;Passing;;;0;12094
9e0e;7728;75c8;0;0;0000000000000080;     4m 59s 139ms 236μs 956ns;171;-1;             11ms 484μs  21ns;0.000000;inf;0.000000;inf;0;1;Passing;;;0;12095
9e08;7728;75c8;0;0;0000000000000080;     4m 59s 138ms 781μs 107ns;171;-1;             11ms 436μs 851ns;0.000000;inf;0.000000;inf;0;1;Passing;;;0;12097
9e02;7728;75c8;0;0;0000000000000080;     4m 59s 138ms 326μs 417ns;171;-1;             11ms  94μs 807ns;0.000000;inf;0.000000;inf;0;1;Passing;;;0;12099
9df0;7728;75c8;0;0;0000000000000080;     4m 59s 137ms  53μs 738ns;171;-1;             11ms 466μs 551ns;0.000000;inf;0.000000;inf;0;1;Passing;;;0;12105
9de6;7728;75c8;0;0;0000000000000080;     4m 59s 136ms 237μs 376ns;171;-1;             11ms 645μs 158ns;0.000000;inf;0.000000;inf;0;1;Passing;;;0;12107
9de0;7728;75c8;0;0;0000000000000080;     4m 59s 135ms 859μs 819ns;171;-1;             11ms 570μs 589ns;0.000000;inf;0.000000;inf;0;1;Passing;;;0;12110
9dde;7728;75c8;0;0;0000000000000080;     4m 59s 135ms 795μs 900ns;171;-1;             11ms 184μs 474ns;0.000000;inf;0.000000;inf;0;1;Passing;;;0;12111
9dcf;7728;75c8;0;0;0000000000000080;     4m 59s 134ms 827μs 673ns;171;-1;             11ms 810μs 670ns;0.000000;inf;0.000000;inf;0;1;Passing;;;0;12116
9dc3;7728;75c8;0;0;0000000000000080;     4m 59s 134ms 168μs 655ns;171;-1;             11ms 433μs  46ns;0.000000;inf;0.000000;inf;0;1;Passing;;;0;12120
9dbf;7728;75c8;0;0;0000000000000080;     4m 59s 133ms 980μs 639ns;171;-1;             11ms 615μs 911ns;0.000000;inf;0.000000;inf;0;1;Passing;;;0;12121
9db9;7728;75c8;0;0;0000000000000080;     4m 59s 133ms 673μs 735ns;171;-1;             11ms 600μs 491ns;0.000000;inf;0.000000;inf;0;1;Passing;;;0;12122
9db7;7728;75c8;0;0;0000000000000080;     4m 59s 133ms 577μs 470ns;171;-1;             11ms 396μs 999ns;0.000000;inf;0.000000;inf;0;1;Passing;;;0;12124
9db4;7728;75c8;0;0;0000000000000080;     4m 59s 133ms 373μs 821ns;171;-1;             11ms 412μs 243ns;0.000000;inf;0.000000;inf;0;1;Passing;;;0;12125
9db0;7728;75c8;0;0;0000000000000080;     4m 59s 133ms 209μs 899ns;171;-1;             11ms 927μs 731ns;0.000000;inf;0.000000;inf;0;1;Passing;;;0;12126
9dae;7728;75c8;0;0;0000000000000080;     4m 59s 133ms  90μs 457ns;171;-1;             12ms  62μs 450ns;0.000000;inf;0.000000;inf;0;1;Passing;;;0;12127
9da1;7728;75c8;0;0;0000000000000080;     4m 59s 132ms 537μs 293ns;171;-1;             11ms 351μs 434ns;0.000000;inf;0.000000;inf;0;1;Passing;;;0;12131
9d99;7728;75c8;0;0;0000000000000080;     4m 59s 132ms 217μs 172ns;171;-1;             11ms 563μs 933ns;0.000000;inf;0.000000;inf;0;1;Passing;;;0;12134
9d93;7728;75c8;0;0;0000000000000080;     4m 59s 132ms  13μs 172ns;171;-1;             11ms 596μs 982ns;0.000000;inf;0.000000;inf;0;1;Passing;;;0;12136
9f73;7728;75c8;0;0;0000000000000080;     4m 59s 343ms 502μs 401ns;169;-1;             10ms 712μs 324ns;0.000000;inf;0.000000;inf;0;1;Passing;;;0;12140
9f77;7728;75c8;0;0;0000000000000080;     4m 59s 343ms 803μs 723ns;169;-1;             11ms 854μs 310ns;0.000000;inf;0.000000;inf;0;1;Passing;;;0;12141
9f76;7728;75c8;0;0;0000000000000080;     4m 59s 343ms 911μs 389ns;169;-1;             11ms 771μs 705ns;0.000000;inf;0.000000;inf;0;1;Passing;;;0;12142
9f7b;7728;75c8;0;0;0000000000000080;     4m 59s 343ms 991μs 168ns;169;-1;             12ms 103μs 530ns;0.000000;inf;0.000000;inf;0;1;Passing;;;0;12143
9f81;7728;75c8;0;0;0000000000000080;     4m 59s 344ms 195μs  55ns;169;-1;             10ms 474μs 171ns;0.000000;inf;0.000000;inf;0;1;Passing;;;0;12144
9f7e;7728;75c8;0;0;0000000000000080;     4m 59s 344ms 192μs 467ns;169;-1;             11ms 221μs 248ns;0.000000;inf;0.000000;inf;0;1;Passing;;;0;12145
a01b;7728;75c8;0;0;0000000000000080;     4m 59s 354ms 131μs 270ns;169;-1;             11ms 495μs 252ns;0.000000;inf;0.000000;inf;0;1;Passing;;;0;12151
a015;7728;75c8;0;0;0000000000000080;     4m 59s 353ms 572μs 630ns;169;-1;             11ms 595μs  83ns;0.000000;inf;0.000000;inf;0;1;Passing;;;0;12153
a012;7728;75c8;0;0;0000000000000080;     4m 59s 353ms 347μs  90ns;169;-1;             11ms 602μs 128ns;0.000000;inf;0.000000;inf;0;1;Passing;;;0;12154
a00f;7728;75c8;0;0;0000000000000080;     4m 59s 353ms   8μs 992ns;169;-1;             11ms 120μs 190ns;0.000000;inf;0.000000;inf;0;1;Passing;;;0;12155
a02d;7728;75c8;0;0;0000000000000080;     4m 59s 356ms  47μs 553ns;169;-1;             11ms  60μs 326ns;0.000000;inf;0.000000;inf;0;1;Passing;;;0;12156
a030;7728;75c8;0;0;0000000000000080;     4m 59s 356ms 282μs 349ns;169;-1;             11ms 515μs 859ns;0.000000;inf;0.000000;inf;0;1;Passing;;;0;12157
a033;7728;75c8;0;0;0000000000000080;     4m 59s 356ms 790μs 252ns;169;-1;             11ms 532μs 926ns;0.000000;inf;0.000000;inf;0;1;Passing;;;0;12158
a041;7728;75c8;0;0;0000000000000080;     4m 59s 358ms 215μs 770ns;169;-1;             11ms 682μs 843ns;0.000000;inf;0.000000;inf;0;1;Passing;;;0;12159
a069;7728;75c8;0;0;0000000000000080;     4m 59s 363ms 277μs 804ns;169;-1;             11ms 484μs 250ns;0.000000;inf;0.000000;inf;0;1;Passing;;;0;12162
a05f;7728;75c8;0;0;0000000000000080;     4m 59s 361ms 876μs 124ns;169;-1;             11ms 159μs  37ns;0.000000;inf;0.000000;inf;0;1;Passing;;;0;12165
a05d;7728;75c8;0;0;0000000000000080;     4m 59s 361ms 778μs 652ns;169;-1;             11ms  87μs 155ns;0.000000;inf;0.000000;inf;0;1;Passing;;;0;12166
a057;7728;75c8;0;0;0000000000000080;     4m 59s 361ms  42μs 287ns;169;-1;             11ms 794μs 748ns;0.000000;inf;0.000000;inf;0;1;Passing;;;0;12167
a053;7728;75c8;0;0;0000000000000080;     4m 59s 360ms 386μs 540ns;169;-1;             11ms 717μs 312ns;0.000000;inf;0.000000;inf;0;1;Passing;;;0;12168
a059;7728;75c8;0;0;0000000000000080;     4m 59s 361ms 113μs 524ns;169;-1;             13ms 589μs 240ns;0.000000;inf;0.000000;inf;0;1;Passing;;;0;12169
a051;7728;75c8;0;0;0000000000000080;     4m 59s 360ms 314μs 671ns;169;-1;             11ms 109μs 663ns;0.000000;inf;0.000000;inf;0;1;Passing;;;0;12170
a04d;7728;75c8;0;0;0000000000000080;     4m 59s 359ms 647μs 304ns;169;-1;             11ms 151μs 541ns;0.000000;inf;0.000000;inf;0;1;Passing;;;0;12171
a04b;7728;75c8;0;0;0000000000000080;     4m 59s 359ms 623μs 437ns;169;-1;             11ms 236μs 388ns;0.000000;inf;0.000000;inf;0;1;Passing;;;0;12172
a045;7728;75c8;0;0;0000000000000080;     4m 59s 358ms 937μs 458ns;169;-1;             11ms 548μs 192ns;0.000000;inf;0.000000;inf;0;1;Passing;;;0;12173
a046;7728;75c8;0;0;0000000000000080;     4m 59s 358ms 924μs 937ns;169;-1;             11ms 756μs 734ns;0.000000;inf;0.000000;inf;0;1;Passing;;;0;12174
a03f;7728;75c8;0;0;0000000000000080;     4m 59s 358ms 171μs 102ns;169;-1;             11ms 547μs 517ns;0.000000;inf;0.000000;inf;0;1;Passing;;;0;12175
a03b;7728;75c8;0;0;0000000000000080;     4m 59s 357ms 571μs 139ns;169;-1;             11ms 562μs  99ns;0.000000;inf;0.000000;inf;0;1;Passing;;;0;12176
a039;7728;75c8;0;0;0000000000000080;     4m 59s 357ms 503μs 462ns;169;-1;             11ms 529μs 503ns;0.000000;inf;0.000000;inf;0;1;Passing;;;0;12177
a035;7728;75c8;0;0;0000000000000080;     4m 59s 356ms 928μs 415ns;169;-1;             11ms 761μs 906ns;0.000000;inf;0.000000;inf;0;1;Passing;;;0;12178
a027;7728;75c8;0;0;0000000000000080;     4m 59s 355ms 440μs 936ns;169;-1;             11ms 162μs 729ns;0.000000;inf;0.000000;inf;0;1;Passing;;;0;12180
a009;7728;75c8;0;0;0000000000000080;     4m 59s 352ms 488μs 607ns;169;-1;             12ms 897μs 402ns;0.000000;inf;0.000000;inf;0;1;Passing;;;0;12184
a003;7728;75c8;0;0;0000000000000080;     4m 59s 351ms 985μs 550ns;169;-1;             11ms 485μs 718ns;0.000000;inf;0.000000;inf;0;1;Passing;;;0;12185
9ff4;7728;75c8;0;0;0000000000000080;     4m 59s 350ms 893μs 885ns;169;-1;             11ms 517μs  17ns;0.000000;inf;0.000000;inf;0;1;Passing;;;0;12190
9fe8;7728;75c8;0;0;0000000000000080;     4m 59s 349ms 979μs 468ns;169;-1;             11ms 741μs 429ns;0.000000;inf;0.000000;inf;0;1;Passing;;;0;12194
9fe2;7728;75c8;0;0;0000000000000080;     4m 59s 349ms 581μs 616ns;169;-1;             11ms 280μs 486ns;0.000000;inf;0.000000;inf;0;1;Passing;;;0;12196
9fde;7728;75c8;0;0;0000000000000080;     4m 59s 349ms 238μs  39ns;169;-1;             11ms 388μs 761ns;0.000000;inf;0.000000;inf;0;1;Passing;;;0;12197
9fd0;7728;75c8;0;0;0000000000000080;     4m 59s 348ms 394μs 374ns;169;-1;             11ms 249μs 547ns;0.000000;inf;0.000000;inf;0;1;Passing;;;0;12202
9fc3;7728;75c8;0;0;0000000000000080;     4m 59s 347ms 487μs 278ns;169;-1;             11ms 374μs 428ns;0.000000;inf;0.000000;inf;0;1;Passing;;;0;12206
9fc1;7728;75c8;0;0;0000000000000080;     4m 59s 347ms 316μs 982ns;169;-1;             11ms 473μs 787ns;0.000000;inf;0.000000;inf;0;1;Passing;;;0;12207
9fbd;7728;75c8;0;0;0000000000000080;     4m 59s 347ms  60μs 416ns;169;-1;             11ms 716μs 579ns;0.000000;inf;0.000000;inf;0;1;Passing;;;0;12208
9fb7;7728;75c8;0;0;0000000000000080;     4m 59s 346ms 704μs 971ns;169;-1;             11ms 587μs 230ns;0.000000;inf;0.000000;inf;0;1;Passing;;;0;12210
9fb5;7728;75c8;0;0;0000000000000080;     4m 59s 346ms 691μs 958ns;169;-1;             11ms 627μs   2ns;0.000000;inf;0.000000;inf;0;1;Passing;;;0;12211
9fb1;7728;75c8;0;0;0000000000000080;     4m 59s 346ms 401μs 984ns;169;-1;             11ms 406μs 756ns;0.000000;inf;0.000000;inf;0;1;Passing;;;0;12212
9faf;7728;75c8;0;0;0000000000000080;     4m 59s 346ms 298μs 916ns;169;-1;             11ms 680μs 987ns;0.000000;inf;0.000000;inf;0;1;Passing;;;0;12213
9fa1;7728;75c8;0;0;0000000000000080;     4m 59s 345ms 623μs 370ns;169;-1;             11ms 230μs 200ns;0.000000;inf;0.000000;inf;0;1;Passing;;;0;12218
9f9a;7728;75c8;0;0;0000000000000080;     4m 59s 345ms 298μs 769ns;169;-1;             11ms 489μs 108ns;0.000000;inf;0.000000;inf;0;1;Passing;;;0;12220
9f93;7728;75c8;0;0;0000000000000080;     4m 59s 345ms  30μs 245ns;169;-1;             10ms 609μs 180ns;0.000000;inf;0.000000;inf;0;1;Passing;;;0;12222
a16e;7728;75c8;0;0;0000000000000080;     4m 59s 556ms 319μs 808ns;167;-1;             12ms 159μs 636ns;0.000000;inf;0.000000;inf;0;1;Passing;;;0;12225
a173;7728;75c8;0;0;0000000000000080;     4m 59s 556ms 579μs 143ns;167;-1;             11ms 941μs 571ns;0.000000;inf;0.000000;inf;0;1;Passing;;;0;12225
a170;7728;75c8;0;0;0000000000000080;     4m 59s 556ms 788μs 170ns;167;-1;             12ms 174μs 625ns;0.000000;inf;0.000000;inf;0;1;Passing;;;0;12227
a176;7728;75c8;0;0;0000000000000080;     4m 59s 556ms 828μs  98ns;167;-1;             12ms 207μs 827ns;0.000000;inf;0.000000;inf;0;1;Passing;;;0;12227
a17a;7728;75c8;0;0;0000000000000080;     4m 59s 557ms  60μs 863ns;167;-1;             10ms 518μs  58ns;0.000000;inf;0.000000;inf;0;1;Passing;;;0;12229
a17c;7728;75c8;0;0;0000000000000080;     4m 59s 557ms 303μs 212ns;167;-1;             11ms 196μs  97ns;0.000000;inf;0.000000;inf;0;1;Passing;;;0;12230
a216;7728;75c8;0;0;0000000000000080;     4m 59s 567ms 259μs 972ns;167;-1;             11ms 803μs  48ns;0.000000;inf;0.000000;inf;0;1;Passing;;;0;12237
a210;7728;75c8;0;0;0000000000000080;     4m 59s 566ms 718μs 834ns;167;-1;             11ms 349μs 770ns;0.000000;inf;0.000000;inf;0;1;Passing;;;0;12239
a20d;7728;75c8;0;0;0000000000000080;     4m 59s 566ms 553μs 722ns;167;-1;             11ms 135μs 196ns;0.000000;inf;0.000000;inf;0;1;Passing;;;0;12240
a20a;7728;75c8;0;0;0000000000000080;     4m 59s 566ms 179μs 328ns;167;-1;             11ms 574μs 887ns;0.000000;inf;0.000000;inf;0;1;Passing;;;0;12241
a22c;7728;75c8;0;0;0000000000000080;     4m 59s 569ms 728μs 439ns;167;-1;             11ms 729μs 425ns;0.000000;inf;0.000000;inf;0;1;Passing;;;0;12242
a22b;7728;75c8;0;0;0000000000000080;     4m 59s 569ms 706μs 894ns;167;-1;             11ms 927μs 748ns;0.000000;inf;0.000000;inf;0;1;Passing;;;0;12243
a23e;7728;75c8;0;0;0000000000000080;     4m 59s 571ms 746μs 901ns;167;-1;             11ms 624μs  75ns;0.000000;inf;0.000000;inf;0;1;Passing;;;0;12244
a261;7728;75c8;0;0;0000000000000080;     4m 59s 576ms   2μs 337ns;167;-1;             11ms 209μs 678ns;0.000000;inf;0.000000;inf;0;1;Passing;;;0;12247
a255;7728;75c8;0;0;0000000000000080;     4m 59s 574ms 536μs 943ns;167;-1;             11ms 233μs 562ns;0.000000;inf;0.000000;inf;0;1;Passing;;;0;12250
a257;7728;75c8;0;0;0000000000000080;     4m 59s 574ms 588μs 162ns;167;-1;             12ms 590μs 267ns;0.000000;inf;0.000000;inf;0;1;Passing;;;0;12251
a251;7728;75c8;0;0;0000000000000080;     4m 59s 573ms 852μs 703ns;167;-1;             11ms 498μs 918ns;0.000000;inf;0.000000;inf;0;1;Passing;;;0;12252
a24f;7728;75c8;0;0;0000000000000080;     4m 59s 573ms 800μs 103ns;167;-1;             11ms 801μs  26ns;0.000000;inf;0.000000;inf;0;1;Passing;;;0;12253
a24b;7728;75c8;0;0;0000000000000080;     4m 59s 573ms 129μs 114ns;167;-1;             12ms 340μs 120ns;0.000000;inf;0.000000;inf;0;1;Passing;;;0;12254
a245;7728;75c8;0;0;0000000000000080;     4m 59s 572ms 434μs 914ns;167;-1;             11ms 358μs 404ns;0.000000;inf;0.000000;inf;0;1;Passing;;;0;12255
a249;7728;75c8;0;0;0000000000000080;     4m 59s 573ms  99μs 997ns;167;-1;             11ms 597μs  24ns;0.000000;inf;0.000000;inf;0;1;Passing;;;0;12256
a231;7728;75c8;0;0;0000000000000080;     4m 59s 570ms 377μs 719ns;167;-1;             11ms 260μs 583ns;0.000000;inf;0.000000;inf;0;1;Passing;;;0;12261
a227;7728;75c8;0;0;0000000000000080;     4m 59s 569ms 103μs 938ns;167;-1;             11ms 780μs 724ns;0.000000;inf;0.000000;inf;0;1;Passing;;;0;12263
a204;7728;75c8;0;0;0000000000000080;     4m 59s 565ms 696μs  30ns;167;-1;             11ms   7μs 511ns;0.000000;inf;0.000000;inf;0;1;Passing;;;0;12265
a1fe;7728;75c8;0;0;0000000000000080;     4m 59s 565ms 208μs 102ns;167;-1;             11ms 472μs 319ns;0.000000;inf;0.000000;inf;0;1;Passing;;;0;12267
a1ee;7728;75c8;0;0;0000000000000080;     4m 59s 564ms   9μs 845ns;167;-1;             11ms 786μs  57ns;0.000000;inf;0.000000;inf;0;1;Passing;;;0;12272
a1e2;7728;75c8;0;0;0000000000000080;     4m 59s 563ms  83μs  32ns;167;-1;             11ms 286μs 130ns;0.000000;inf;0.000000;inf;0;1;Passing;;;0;12276
a1db;7728;75c8;0;0;0000000000000080;     4m 59s 562ms 657μs 532ns;167;-1;             11ms 645μs 500ns;0.000000;inf;0.000000;inf;0;1;Passing;;;0;12278
a1da;7728;75c8;0;0;0000000000000080;     4m 59s 562ms 607μs 671ns;167;-1;             11ms 470μs 207ns;0.000000;inf;0.000000;inf;0;1;Passing;;;0;12279
a1ca;7728;75c8;0;0;0000000000000080;     4m 59s 561ms 437μs 855ns;167;-1;             11ms 634μs 141ns;0.000000;inf;0.000000;inf;0;1;Passing;;;0;12284
a1be;7728;75c8;0;0;0000000000000080;     4m 59s 560ms 753μs 958ns;167;-1;             11ms 207μs 103ns;0.000000;inf;0.000000;inf;0;1;Passing;;;0;12288
a1bc;7728;75c8;0;0;0000000000000080;     4m 59s 560ms 657μs 364ns;167;-1;             10ms 960μs 836ns;0.000000;inf;0.000000;inf;0;1;Passing;;;0;12289
a1b3;7728;75c8;0;0;0000000000000080;     4m 59s 560ms 110μs 335ns;167;-1;             11ms 624μs 884ns;0.000000;inf;0.000000;inf;0;1;Passing;;;0;12291
a1b5;7728;75c8;0;0;0000000000000080;     4m 59s 560ms 259μs 733ns;167;-1;             12ms 947μs 361ns;0.000000;inf;0.000000;inf;0;1;Passing;;;0;12292
a1af;7728;75c8;0;0;0000000000000080;     4m 59s 559ms 943μs 636ns;167;-1;             11ms 570μs 110ns;0.000000;inf;0.000000;inf;0;1;Passing;;;0;12293
a1ad;7728;75c8;0;0;0000000000000080;     4m 59s 559ms 811μs 874ns;167;-1;             11ms 602μs 341ns;0.000000;inf;0.000000;inf;0;1;Passing;;;0;12294
a1a9;7728;75c8;0;0;0000000000000080;     4m 59s 559ms 627μs 159ns;167;-1;             11ms 390μs 148ns;0.000000;inf;0.000000;inf;0;1;Passing;;;0;12295
a19d;7728;75c8;0;0;0000000000000080;     4m 59s 558ms 965μs 885ns;167;-1;             11ms 702μs 954ns;0.000000;inf;0.000000;inf;0;1;Passing;;;0;12299
a195;7728;75c8;0;0;0000000000000080;     4m 59s 558ms 491μs 553ns;167;-1;             11ms 260μs 613ns;0.000000;inf;0.000000;inf;0;1;Passing;;;0;12302
a18e;7728;75c8;0;0;0000000000000080;     4m 59s 558ms 290μs 214ns;167;-1;             11ms 635μs 599ns;0.000000;inf;0.000000;inf;0;1;Passing;;;0;12303
a365;7728;75c8;0;0;0000000000000080;     4m 59s 764ms 686μs 363ns;165;-1;             11ms 406μs 388ns;0.000000;inf;0.000000;inf;0;1;Passing;;;0;12309
a369;7728;75c8;0;0;0000000000000080;     4m 59s 764ms 954μs 537ns;165;-1;             11ms 727μs 842ns;0.000000;inf;0.000000;inf;0;1;Passing;;;0;12310
a36b;7728;75c8;0;0;0000000000000080;     4m 59s 765ms 115μs 272ns;165;-1;             12ms 208μs 892ns;0.000000;inf;0.000000;inf;0;1;Passing;;;0;12311
a36e;7728;75c8;0;0;0000000000000080;     4m 59s 765ms 241μs  40ns;165;-1;             10ms 816μs 605ns;0.000000;inf;0.000000;inf;0;1;Passing;;;0;12311
a363;7728;75c8;0;0;0000000000000080;     4m 59s 764ms 720μs 463ns;165;-1;             12ms 918μs 926ns;0.000000;inf;0.000000;inf;0;1;Passing;;;0;12311
a371;7728;75c8;0;0;0000000000000080;     4m 59s 765ms 550μs 831ns;165;-1;             10ms 968μs 791ns;0.000000;inf;0.000000;inf;0;1;Passing;;;0;12315
a40b;7728;75c8;0;0;0000000000000080;     4m 59s 776ms 198μs  24ns;165;-1;             11ms 790μs 501ns;0.000000;inf;0.000000;inf;0;1;Passing;;;0;12317
a405;7728;75c8;0;0;0000000000000080;     4m 59s 775ms 622μs 280ns;165;-1;             10ms 820μs 113ns;0.000000;inf;0.000000;inf;0;1;Passing;;;0;12319
a402;7728;75c8;0;0;0000000000000080;     4m 59s 775ms 303μs 523ns;165;-1;             10ms 780μs 192ns;0.000000;inf;0.000000;inf;0;1;Passing;;;0;12320
a3fe;7728;75c8;0;0;0000000000000080;     4m 59s 774ms 962μs 177ns;165;-1;             11ms 783μs 493ns;0.000000;inf;0.000000;inf;0;1;Passing;;;0;12321
a3f7;7728;75c8;0;0;0000000000000080;     4m 59s 774ms 360μs 436ns;165;-1;             10ms 739μs 999ns;0.000000;inf;0.000000;inf;0;1;Passing;;;0;12324
a41f;7728;75c8;0;0;0000000000000080;     4m 59s 778ms 345μs 746ns;165;-1;             11ms 864μs 263ns;0.000000;inf;0.000000;inf;0;1;Passing;;;0;12326
a41d;7728;75c8;0;0;0000000000000080;     4m 59s 778ms 246μs 584ns;165;-1;             11ms 524μs 345ns;0.000000;inf;0.000000;inf;0;1;Passing;;;0;12326
a453;7728;75c8;0;0;0000000000000080;     4m 59s 785ms 124μs 622ns;165;-1;             10ms 901μs 360ns;0.000000;inf;0.000000;inf;0;1;Passing;;;0;12331
a44a;7728;75c8;0;0;0000000000000080;     4m 59s 784ms   1μs 434ns;165;-1;             11ms 685μs 944ns;0.000000;inf;0.000000;inf;0;1;Passing;;;0;12334
a447;7728;75c8;0;0;0000000000000080;     4m 59s 783ms 700μs 519ns;165;-1;             10ms 924μs 901ns;0.000000;inf;0.000000;inf;0;1;Passing;;;0;12335
a443;7728;75c8;0;0;0000000000000080;     4m 59s 782ms 993μs 922ns;165;-1;             11ms 669μs 634ns;0.000000;inf;0.000000;inf;0;1;Passing;;;0;12336
a441;7728;75c8;0;0;0000000000000080;     4m 59s 782ms 913μs 712ns;165;-1;             11ms 674μs 707ns;0.000000;inf;0.000000;inf;0;1;Passing;;;0;12337
a43e;7728;75c8;0;0;0000000000000080;     4m 59s 782ms 302μs  52ns;165;-1;             11ms 352μs 890ns;0.000000;inf;0.000000;inf;0;1;Passing;;;0;12337
a43b;7728;75c8;0;0;0000000000000080;     4m 59s 781ms 907μs 551ns;165;-1;             11ms 510μs 829ns;0.000000;inf;0.000000;inf;0;1;Passing;;;0;12339
a432;7728;75c8;0;0;0000000000000080;     4m 59s 781ms  10μs 362ns;165;-1;             11ms 114μs 714ns;0.000000;inf;0.000000;inf;0;1;Passing;;;0;12341
a425;7728;75c8;0;0;0000000000000080;     4m 59s 779ms 151μs 309ns;165;-1;             10ms 756μs 233ns;0.000000;inf;0.000000;inf;0;1;Passing;;;0;12346
a423;7728;75c8;0;0;0000000000000080;     4m 59s 779ms  74μs 329ns;165;-1;             11ms 206μs 873ns;0.000000;inf;0.000000;inf;0;1;Passing;;;0;12347
a3f2;7728;75c8;0;0;0000000000000080;     4m 59s 773ms 883μs 370ns;165;-1;             10ms 598μs 766ns;0.000000;inf;0.000000;inf;0;1;Passing;;;0;12350
a3e4;7728;75c8;0;0;0000000000000080;     4m 59s 772ms 476μs 413ns;165;-1;             11ms 662μs 946ns;0.000000;inf;0.000000;inf;0;1;Passing;;;0;12355
a3d8;7728;75c8;0;0;0000000000000080;     4m 59s 771ms 559μs 380ns;165;-1;             10ms 950μs 644ns;0.000000;inf;0.000000;inf;0;1;Passing;;;0;12359
a3d2;7728;75c8;0;0;0000000000000080;     4m 59s 771ms 144μs 167ns;165;-1;             11ms  98μs 855ns;0.000000;inf;0.000000;inf;0;1;Passing;;;0;12361
a3cc;7728;75c8;0;0;0000000000000080;     4m 59s 770ms 761μs 542ns;165;-1;             11ms 502μs 101ns;0.000000;inf;0.000000;inf;0;1;Passing;;;0;12363
a3c0;7728;75c8;0;0;0000000000000080;     4m 59s 769ms 852μs 584ns;165;-1;             11ms 894μs 943ns;0.000000;inf;0.000000;inf;0;1;Passing;;;0;12367
a3b3;7728;75c8;0;0;0000000000000080;     4m 59s 769ms  37μs 480ns;165;-1;             11ms 241μs 607ns;0.000000;inf;0.000000;inf;0;1;Passing;;;0;12371
a3b1;7728;75c8;0;0;0000000000000080;     4m 59s 768ms 876μs 951ns;165;-1;             11ms 434μs 100ns;0.000000;inf;0.000000;inf;0;1;Passing;;;0;12372
a3ab;7728;75c8;0;0;0000000000000080;     4m 59s 768ms 561μs 571ns;165;-1;             11ms 578μs 952ns;0.000000;inf;0.000000;inf;0;1;Passing;;;0;12374
a3a6;7728;75c8;0;0;0000000000000080;     4m 59s 768ms 259μs  74ns;165;-1;             11ms 624μs 408ns;0.000000;inf;0.000000;inf;0;1;Passing;;;0;12375
a3a5;7728;75c8;0;0;0000000000000080;     4m 59s 768ms 237μs 410ns;165;-1;             11ms 340μs  65ns;0.000000;inf;0.000000;inf;0;1;Passing;;;0;12376
a3a1;7728;75c8;0;0;0000000000000080;     4m 59s 767ms 935μs 932ns;165;-1;             11ms 428μs 141ns;0.000000;inf;0.000000;inf;0;1;Passing;;;0;12377
a39f;7728;75c8;0;0;0000000000000080;     4m 59s 767ms 915μs 569ns;165;-1;             11ms 458μs   6ns;0.000000;inf;0.000000;inf;0;1;Passing;;;0;12378
a392;7728;75c8;0;0;0000000000000080;     4m 59s 767ms  78μs 184ns;165;-1;             11ms 577μs 759ns;0.000000;inf;0.000000;inf;0;1;Passing;;;0;12383
a388;7728;75c8;0;0;0000000000000080;     4m 59s 766ms 598μs 755ns;165;-1;             11ms 565μs 491ns;0.000000;inf;0.000000;inf;0;1;Passing;;;0;12386
a383;7728;75c8;0;0;0000000000000080;     4m 59s 766ms 343μs  13ns;165;-1;             11ms  73μs 930ns;0.000000;inf;0.000000;inf;0;1;Passing;;;0;12387
a552;7728;75c8;0;0;0000000000000080;     4m 59s 968ms 416μs 637ns;163;-1;             11ms 189μs 134ns;0.000000;inf;0.000000;inf;0;1;Passing;;;0;12392
a554;7728;75c8;0;0;0000000000000080;     4m 59s 968ms 647μs 699ns;163;-1;             11ms 866μs 416ns;0.000000;inf;0.000000;inf;0;1;Passing;;;0;12393
a55b;7728;75c8;0;0;0000000000000080;     4m 59s 968ms 907μs 444ns;163;-1;             11ms 886μs 743ns;0.000000;inf;0.000000;inf;0;1;Passing;;;0;12394
a557;7728;75c8;0;0;0000000000000080;     4m 59s 968ms 696μs 331ns;163;-1;             12ms 158μs 255ns;0.000000;inf;0.000000;inf;0;1;Passing;;;0;12394
a55d;7728;75c8;0;0;0000000000000080;     4m 59s 968ms 992μs 228ns;163;-1;             10ms 449μs  88ns;0.000000;inf;0.000000;inf;0;1;Passing;;;0;12396
a560;7728;75c8;0;0;0000000000000080;     4m 59s 969ms 148μs 867ns;163;-1;             11ms 357μs 571ns;0.000000;inf;0.000000;inf;0;1;Passing;;;0;12399
a608;7728;75c8;0;0;0000000000000080;     4m 59s 980ms 212μs 715ns;163;-1;             11ms 705μs 878ns;0.000000;inf;0.000000;inf;0;1;Passing;;;0;12405
a5f7;7728;75c8;0;0;0000000000000080;     4m 59s 978ms 586μs 132ns;163;-1;             10ms 603μs 876ns;0.000000;inf;0.000000;inf;0;1;Passing;;;0;12407
a60c;7728;75c8;0;0;0000000000000080;     4m 59s 980ms 784μs 542ns;163;-1;             10ms 971μs 996ns;0.000000;inf;0.000000;inf;0;1;Passing;;;0;12408
a612;7728;75c8;0;0;0000000000000080;     4m 59s 981ms 450μs 617ns;163;-1;             11ms 483μs 236ns;0.000000;inf;0.000000;inf;0;1;Passing;;;0;12410
a63f;7728;75c8;0;0;0000000000000080;     4m 59s 986ms 538μs 466ns;163;-1;             11ms 322μs 684ns;0.000000;inf;0.000000;inf;0;1;Passing;;;0;12414
a636;7728;75c8;0;0;0000000000000080;     4m 59s 985ms 608μs 806ns;163;-1;             10ms 688μs 197ns;0.000000;inf;0.000000;inf;0;1;Passing;;;0;12417
a633;7728;75c8;0;0;0000000000000080;     4m 59s 985ms  35μs 347ns;163;-1;             10ms 661μs 612ns;0.000000;inf;0.000000;inf;0;1;Passing;;;0;12418
a630;7728;75c8;0;0;0000000000000080;     4m 59s 984ms 869μs 505ns;163;-1;             11ms 168μs  75ns;0.000000;inf;0.000000;inf;0;1;Passing;;;0;12419
a62c;7728;75c8;0;0;0000000000000080;     4m 59s 984ms 308μs 434ns;163;-1;             11ms 294μs 402ns;0.000000;inf;0.000000;inf;0;1;Passing;;;0;12420
a62a;7728;75c8;0;0;0000000000000080;     4m 59s 984ms 184μs 824ns;163;-1;             11ms 241μs 647ns;0.000000;inf;0.000000;inf;0;1;Passing;;;0;12421
a626;7728;75c8;0;0;0000000000000080;     4m 59s 983ms 612μs  39ns;163;-1;             10ms 766μs 908ns;0.000000;inf;0.000000;inf;0;1;Passing;;;0;12422
a61e;7728;75c8;0;0;0000000000000080;     4m 59s 982ms 921μs 142ns;163;-1;             11ms 120μs 967ns;0.000000;inf;0.000000;inf;0;1;Passing;;;0;12424
a60e;7728;75c8;0;0;0000000000000080;     4m 59s 980ms 876μs 522ns;163;-1;             10ms 546μs 997ns;0.000000;inf;0.000000;inf;0;1;Passing;;;0;12427
a5f1;7728;75c8;0;0;0000000000000080;     4m 59s 978ms  50μs 577ns;163;-1;             10ms 349μs 404ns;0.000000;inf;0.000000;inf;0;1;Passing;;;0;12429
a5ee;7728;75c8;0;0;0000000000000080;     4m 59s 977ms 894μs 420ns;163;-1;             10ms 701μs 743ns;0.000000;inf;0.000000;inf;0;1;Passing;;;0;12430
a5eb;7728;75c8;0;0;0000000000000080;     4m 59s 977ms 543μs 268ns;163;-1;             11ms 306μs 574ns;0.000000;inf;0.000000;inf;0;1;Passing;;;0;12431
a5e5;7728;75c8;0;0;0000000000000080;     4m 59s 977ms  41μs 194ns;163;-1;             11ms 336μs 583ns;0.000000;inf;0.000000;inf;0;1;Passing;;;0;12433
a5df;7728;75c8;0;0;0000000000000080;     4m 59s 976ms 576μs 754ns;163;-1;             11ms 171μs 298ns;0.000000;inf;0.000000;inf;0;1;Passing;;;0;12435
a5d0;7728;75c8;0;0;0000000000000080;     4m 59s 975ms 476μs 659ns;163;-1;             11ms   9μs 204ns;0.000000;inf;0.000000;inf;0;1;Passing;;;0;12440
a5c4;7728;75c8;0;0;0000000000000080;     4m 59s 974ms 629μs 526ns;163;-1;             11ms  96μs 864ns;0.000000;inf;0.000000;inf;0;1;Passing;;;0;12444
a5be;7728;75c8;0;0;0000000000000080;     4m 59s 974ms 218μs 471ns;163;-1;             10ms 698μs 103ns;0.000000;inf;0.000000;inf;0;1;Passing;;;0;12446
a5ba;7728;75c8;0;0;0000000000000080;     4m 59s 973ms 985μs 599ns;163;-1;             10ms 568μs 773ns;0.000000;inf;0.000000;inf;0;1;Passing;;;0;12447
a5a3;7728;75c8;0;0;0000000000000080;     4m 59s 972ms 457μs 338ns;163;-1;             10ms 406μs 138ns;0.000000;inf;0.000000;inf;0;1;Passing;;;0;12455
a5a0;7728;75c8;0;0;0000000000000080;     4m 59s 972ms 308μs  66ns;163;-1;             10ms 803μs 868ns;0.000000;inf;0.000000;inf;0;1;Passing;;;0;12456
a599;7728;75c8;0;0;0000000000000080;     4m 59s 971ms 931μs 644ns;163;-1;             11ms  49μs 998ns;0.000000;inf;0.000000;inf;0;1;Passing;;;0;12458
a597;7728;75c8;0;0;0000000000000080;     4m 59s 971ms 825μs 253ns;163;-1;             11ms 666μs 824ns;0.000000;inf;0.000000;inf;0;1;Passing;;;0;12459
a591;7728;75c8;0;0;0000000000000080;     4m 59s 971ms 559μs 426ns;163;-1;             11ms 148μs 146ns;0.000000;inf;0.000000;inf;0;1;Passing;;;0;12460
a593;7728;75c8;0;0;0000000000000080;     4m 59s 971ms 534μs 527ns;163;-1;             10ms 985μs 663ns;0.000000;inf;0.000000;inf;0;1;Passing;;;0;12461
a58d;7728;75c8;0;0;0000000000000080;     4m 59s 971ms 229μs 178ns;163;-1;             10ms 774μs 638ns;0.000000;inf;0.000000;inf;0;1;Passing;;;0;12462
a582;7728;75c8;0;0;0000000000000080;     4m 59s 970ms 719μs 996ns;163;-1;             10ms 994μs 582ns;0.000000;inf;0.000000;inf;0;1;Passing;;;0;12466
a578;7728;75c8;0;0;0000000000000080;     4m 59s 970ms 226μs 514ns;163;-1;             11ms 746μs 863ns;0.000000;inf;0.000000;inf;0;1;Passing;;;0;12469
a572;7728;75c8;0;0;0000000000000080;     4m 59s 969ms 928μs 369ns;163;-1;             10ms 205μs 778ns;0.000000;inf;0.000000;inf;0;1;Passing;;;0;12472
a73b;7728;75c8;0;0;0000000000000080;     5m     163ms 632μs 713ns;161;-1;             10ms 850μs 705ns;0.000000;inf;0.000000;inf;0;1;Passing;;;0;12474
a73d;7728;75c8;0;0;0000000000000080;     5m     163ms 731μs 754ns;161;-1;             11ms 984μs 516ns;0.000000;inf;0.000000;inf;0;1;Passing;;;0;12475
a743;7728;75c8;0;0;0000000000000080;     5m     163ms 951μs 444ns;161;-1;             12ms  20μs 474ns;0.000000;inf;0.000000;inf;0;1;Passing;;;0;12476
a740;7728;75c8;0;0;0000000000000080;     5m     163ms 875μs 265ns;161;-1;             12ms 390μs 219ns;0.000000;inf;0.000000;inf;0;1;Passing;;;0;12476
a749;7728;75c8;0;0;0000000000000080;     5m     164ms 150μs 178ns;161;-1;             10ms 593μs 660ns;0.000000;inf;0.000000;inf;0;1;Passing;;;0;12478
a746;7728;75c8;0;0;0000000000000080;     5m     164ms 127μs 298ns;161;-1;              8ms 772μs 363ns;0.000000;inf;0.000000;inf;0;1;Passing;;;0;12479
a7dc;7728;75c8;0;0;0000000000000080;     5m     174ms 165μs 865ns;161;-1;             10ms 574μs 876ns;0.000000;inf;0.000000;inf;0;1;Passing;;;0;12484
a7d6;7728;75c8;0;0;0000000000000080;     5m     173ms 623μs 517ns;161;-1;             11ms 444μs 956ns;0.000000;inf;0.000000;inf;0;1;Passing;;;0;12486
a7d4;7728;75c8;0;0;0000000000000080;     5m     173ms 525μs 133ns;161;-1;             11ms 701μs 110ns;0.000000;inf;0.000000;inf;0;1;Passing;;;0;12487
a7d1;7728;75c8;0;0;0000000000000080;     5m     173ms  79μs 465ns;161;-1;             11ms 788μs 410ns;0.000000;inf;0.000000;inf;0;1;Passing;;;0;12488
a7ef;7728;75c8;0;0;0000000000000080;     5m     176ms 317μs 166ns;161;-1;             10ms 956μs 847ns;0.000000;inf;0.000000;inf;0;1;Passing;;;0;12490
a7f7;7728;75c8;0;0;0000000000000080;     5m     177ms 272μs 224ns;161;-1;             11ms 690μs 733ns;0.000000;inf;0.000000;inf;0;1;Passing;;;0;12492
a7f5;7728;75c8;0;0;0000000000000080;     5m     177ms  48μs 272ns;161;-1;             11ms 539μs 110ns;0.000000;inf;0.000000;inf;0;1;Passing;;;0;12493
a827;7728;75c8;0;0;0000000000000080;     5m     183ms 517μs  66ns;161;-1;             10ms 877μs 816ns;0.000000;inf;0.000000;inf;0;1;Passing;;;0;12494
a81c;7728;75c8;0;0;0000000000000080;     5m     181ms 948μs 206ns;161;-1;             11ms 129μs 755ns;0.000000;inf;0.000000;inf;0;1;Passing;;;0;12499
a819;7728;75c8;0;0;0000000000000080;     5m     181ms 769μs 171ns;161;-1;             11ms 179μs 202ns;0.000000;inf;0.000000;inf;0;1;Passing;;;0;12500
a816;7728;75c8;0;0;0000000000000080;     5m     181ms 227μs 131ns;161;-1;             11ms 616μs 526ns;0.000000;inf;0.000000;inf;0;1;Passing;;;0;12501
a813;7728;75c8;0;0;0000000000000080;     5m     180ms 915μs 937ns;161;-1;             11ms 607μs 287ns;0.000000;inf;0.000000;inf;0;1;Passing;;;0;12502
a810;7728;75c8;0;0;0000000000000080;     5m     180ms 537μs 158ns;161;-1;             11ms 587μs 534ns;0.000000;inf;0.000000;inf;0;1;Passing;;;0;12503
a80a;7728;75c8;0;0;0000000000000080;     5m     179ms 824μs 336ns;161;-1;             10ms 678μs 915ns;0.000000;inf;0.000000;inf;0;1;Passing;;;0;12505
a804;7728;75c8;0;0;0000000000000080;     5m     179ms 106μs 878ns;161;-1;             10ms 999μs 621ns;0.000000;inf;0.000000;inf;0;1;Passing;;;0;12507
a7f1;7728;75c8;0;0;0000000000000080;     5m     176ms 434μs 603ns;161;-1;             10ms 426μs 739ns;0.000000;inf;0.000000;inf;0;1;Passing;;;0;12510
a7cb;7728;75c8;0;0;0000000000000080;     5m     172ms 571μs 347ns;161;-1;             10ms 757μs 597ns;0.000000;inf;0.000000;inf;0;1;Passing;;;0;12514
a7c5;7728;75c8;0;0;0000000000000080;     5m     172ms  60μs 742ns;161;-1;             10ms 531μs 358ns;0.000000;inf;0.000000;inf;0;1;Passing;;;0;12516
a7ad;7728;75c8;0;0;0000000000000080;     5m     170ms 213μs   0ns;161;-1;             10ms 921μs 345ns;0.000000;inf;0.000000;inf;0;1;Passing;;;0;12524
a7a7;7728;75c8;0;0;0000000000000080;     5m     169ms 748μs 817ns;161;-1;             10ms 585μs 312ns;0.000000;inf;0.000000;inf;0;1;Passing;;;0;12526
a7a3;7728;75c8;0;0;0000000000000080;     5m     169ms 437μs 307ns;161;-1;             10ms 678μs 191ns;0.000000;inf;0.000000;inf;0;1;Passing;;;0;12527
a78e;7728;75c8;0;0;0000000000000080;     5m     167ms 944μs 255ns;161;-1;             10ms 952μs  20ns;0.000000;inf;0.000000;inf;0;1;Passing;;;0;12534
a788;7728;75c8;0;0;0000000000000080;     5m     167ms 568μs 694ns;161;-1;             10ms 664μs 447ns;0.000000;inf;0.000000;inf;0;1;Passing;;;0;12537
a782;7728;75c8;0;0;0000000000000080;     5m     167ms 231μs 832ns;161;-1;             10ms 866μs 691ns;0.000000;inf;0.000000;inf;0;1;Passing;;;0;12538
a780;7728;75c8;0;0;0000000000000080;     5m     167ms 157μs 208ns;161;-1;             10ms 734μs 808ns;0.000000;inf;0.000000;inf;0;1;Passing;;;0;12539
a77d;7728;75c8;0;0;0000000000000080;     5m     166ms 928μs 546ns;161;-1;             10ms 907μs   7ns;0.000000;inf;0.000000;inf;0;1;Passing;;;0;12540
a779;7728;75c8;0;0;0000000000000080;     5m     166ms 775μs 652ns;161;-1;             10ms 566μs 296ns;0.000000;inf;0.000000;inf;0;1;Passing;;;0;12541
a777;7728;75c8;0;0;0000000000000080;     5m     166ms 638μs 932ns;161;-1;             10ms 546μs 490ns;0.000000;inf;0.000000;inf;0;1;Passing;;;0;12542
a76b;7728;75c8;0;0;0000000000000080;     5m     166ms  25μs 582ns;161;-1;             10ms 566μs 332ns;0.000000;inf;0.000000;inf;0;1;Passing;;;0;12546
a764;7728;75c8;0;0;0000000000000080;     5m     165ms 627μs  97ns;161;-1;             10ms 912μs 840ns;0.000000;inf;0.000000;inf;0;1;Passing;;;0;12548
a75b;7728;75c8;0;0;0000000000000080;     5m     165ms 196μs 891ns;161;-1;             10ms 457μs 454ns;0.000000;inf;0.000000;inf;0;1;Passing;;;0;12551
a920;7728;75c8;0;0;0000000000000080;     5m     356ms 588μs 125ns;159;-1;             11ms 271μs 274ns;0.000000;inf;0.000000;inf;0;1;Passing;;;0;12555
a923;7728;75c8;0;0;0000000000000080;     5m     356ms 799μs 165ns;159;-1;             11ms 150μs 454ns;0.000000;inf;0.000000;inf;0;1;Passing;;;0;12555
a926;7728;75c8;0;0;0000000000000080;     5m     356ms 894μs 786ns;159;-1;             11ms 550μs 649ns;0.000000;inf;0.000000;inf;0;1;Passing;;;0;12557
a91e;7728;75c8;0;0;0000000000000080;     5m     356ms 499μs 607ns;159;-1;             12ms 471μs 583ns;0.000000;inf;0.000000;inf;0;1;Passing;;;0;12557
a929;7728;75c8;0;0;0000000000000080;     5m     357ms  91μs 119ns;159;-1;             10ms 138μs 207ns;0.000000;inf;0.000000;inf;0;1;Passing;;;0;12557
a92c;7728;75c8;0;0;0000000000000080;     5m     357ms 103μs 893ns;159;-1;             10ms 426μs 804ns;0.000000;inf;0.000000;inf;0;1;Passing;;;0;12560
a9d8;7728;75c8;0;0;0000000000000080;     5m     368ms 616μs 350ns;159;-1;             11ms 344μs 459ns;0.000000;inf;0.000000;inf;0;1;Passing;;;0;12562
a9d4;7728;75c8;0;0;0000000000000080;     5m     368ms 105μs 105ns;159;-1;             11ms 463μs 269ns;0.000000;inf;0.000000;inf;0;1;Passing;;;0;12564
a9d2;7728;75c8;0;0;0000000000000080;     5m     367ms 982μs 687ns;159;-1;             10ms 130μs 498ns;0.000000;inf;0.000000;inf;0;1;Passing;;;0;12565
a9ce;7728;75c8;0;0;0000000000000080;     5m     367ms 507μs 265ns;159;-1;             11ms 130μs 815ns;0.000000;inf;0.000000;inf;0;1;Passing;;;0;12567
aa02;7728;75c8;0;0;0000000000000080;     5m     378ms 344μs 750ns;159;-1;             11ms 236μs 158ns;0.000000;inf;0.000000;inf;0;1;Passing;;;0;12578
a9ff;7728;75c8;0;0;0000000000000080;     5m     377ms 609μs 764ns;159;-1;             11ms 286μs  73ns;0.000000;inf;0.000000;inf;0;1;Passing;;;0;12579
a9f9;7728;75c8;0;0;0000000000000080;     5m     376ms 239μs 349ns;159;-1;             10ms 130μs 281ns;0.000000;inf;0.000000;inf;0;1;Passing;;;0;12581
a9f6;7728;75c8;0;0;0000000000000080;     5m     375ms 517μs 400ns;159;-1;             10ms 630μs 798ns;0.000000;inf;0.000000;inf;0;1;Passing;;;0;12582
a9f3;7728;75c8;0;0;0000000000000080;     5m     374ms 814μs 393ns;159;-1;             10ms 901μs 882ns;0.000000;inf;0.000000;inf;0;1;Passing;;;0;12583
a9f0;7728;75c8;0;0;0000000000000080;     5m     374ms  85μs 371ns;159;-1;             10ms 819μs 705ns;0.000000;inf;0.000000;inf;0;1;Passing;;;0;12584
a9ed;7728;75c8;0;0;0000000000000080;     5m     372ms 917μs 279ns;159;-1;             10ms 386μs 431ns;0.000000;inf;0.000000;inf;0;1;Passing;;;0;12585
a9e4;7728;75c8;0;0;0000000000000080;     5m     370ms 719μs 210ns;159;-1;             10ms 887μs 112ns;0.000000;inf;0.000000;inf;0;1;Passing;;;0;12588
a9bd;7728;75c8;0;0;0000000000000080;     5m     365ms 826μs 408ns;159;-1;             10ms 777μs 919ns;0.000000;inf;0.000000;inf;0;1;Passing;;;0;12589
a9b7;7728;75c8;0;0;0000000000000080;     5m     365ms 326μs 608ns;159;-1;             10ms 674μs 538ns;0.000000;inf;0.000000;inf;0;1;Passing;;;0;12591
a9b4;7728;75c8;0;0;0000000000000080;     5m     365ms 111μs 814ns;159;-1;             10ms 829μs 968ns;0.000000;inf;0.000000;inf;0;1;Passing;;;0;12592
a9b1;7728;75c8;0;0;0000000000000080;     5m     364ms 836μs 485ns;159;-1;             10ms 717μs 184ns;0.000000;inf;0.000000;inf;0;1;Passing;;;0;12593
a9ab;7728;75c8;0;0;0000000000000080;     5m     364ms 326μs 252ns;159;-1;             10ms 839μs 391ns;0.000000;inf;0.000000;inf;0;1;Passing;;;0;12595
a9a5;7728;75c8;0;0;0000000000000080;     5m     363ms 847μs 367ns;159;-1;             10ms 333μs 486ns;0.000000;inf;0.000000;inf;0;1;Passing;;;0;12597
a98d;7728;75c8;0;0;0000000000000080;     5m     362ms  38μs 894ns;159;-1;             10ms 649μs 404ns;0.000000;inf;0.000000;inf;0;1;Passing;;;0;12605
a987;7728;75c8;0;0;0000000000000080;     5m     361ms 645μs 932ns;159;-1;             10ms 739μs 540ns;0.000000;inf;0.000000;inf;0;1;Passing;;;0;12607
a96f;7728;75c8;0;0;0000000000000080;     5m     360ms 195μs 727ns;159;-1;              9ms 988μs 261ns;0.000000;inf;0.000000;inf;0;1;Passing;;;0;12615
a96b;7728;75c8;0;0;0000000000000080;     5m     360ms  11μs 490ns;159;-1;             10ms  20μs 719ns;0.000000;inf;0.000000;inf;0;1;Passing;;;0;12616
a965;7728;75c8;0;0;0000000000000080;     5m     359ms 676μs 243ns;159;-1;             11ms 319μs 296ns;0.000000;inf;0.000000;inf;0;1;Passing;;;0;12618
a963;7728;75c8;0;0;0000000000000080;     5m     359ms 564μs 658ns;159;-1;             11ms 228μs 397ns;0.000000;inf;0.000000;inf;0;1;Passing;;;0;12619
a95f;7728;75c8;0;0;0000000000000080;     5m     359ms 364μs 965ns;159;-1;             10ms 426μs 217ns;0.000000;inf;0.000000;inf;0;1;Passing;;;0;12620
a95d;7728;75c8;0;0;0000000000000080;     5m     359ms 217μs 600ns;159;-1;             10ms 336μs 241ns;0.000000;inf;0.000000;inf;0;1;Passing;;;0;12621
a959;7728;75c8;0;0;0000000000000080;     5m     359ms  53μs 172ns;159;-1;             10ms 230μs 490ns;0.000000;inf;0.000000;inf;0;1;Passing;;;0;12622
a94d;7728;75c8;0;0;0000000000000080;     5m     358ms 526μs 274ns;159;-1;             10ms 311μs 801ns;0.000000;inf;0.000000;inf;0;1;Passing;;;0;12626
a944;7728;75c8;0;0;0000000000000080;     5m     358ms 174μs  88ns;159;-1;             10ms 814μs 617ns;0.000000;inf;0.000000;inf;0;1;Passing;;;0;12628
a93f;7728;75c8;0;0;0000000000000080;     5m     357ms 957μs 977ns;159;-1;             10ms 758μs 727ns;0.000000;inf;0.000000;inf;0;1;Passing;;;0;12631
aafb;7728;75c8;0;0;0000000000000080;     5m     541ms 661μs 442ns;157;-1;              9ms 694μs  42ns;0.000000;inf;0.000000;inf;0;1;Passing;;;0;12635
aafd;7728;75c8;0;0;0000000000000080;     5m     541ms 727μs 908ns;157;-1;             10ms 449μs 833ns;0.000000;inf;0.000000;inf;0;1;Passing;;;0;12636
ab01;7728;75c8;0;0;0000000000000080;     5m     541ms 971μs 726ns;157;-1;             10ms 623μs 427ns;0.000000;inf;0.000000;inf;0;1;Passing;;;0;12637
ab03;7728;75c8;0;0;0000000000000080;     5m     542ms  26μs 753ns;157;-1;             10ms 945μs 628ns;0.000000;inf;0.000000;inf;0;1;Passing;;;0;12638
ab06;7728;75c8;0;0;0000000000000080;     5m     542ms 214μs 488ns;157;-1;              9ms 239μs 376ns;0.000000;inf;0.000000;inf;0;1;Passing;;;0;12638
ab09;7728;75c8;0;0;0000000000000080;     5m     542ms 237μs  33ns;157;-1;              9ms 344μs 267ns;0.000000;inf;0.000000;inf;0;1;Passing;;;0;12643
ab97;7728;75c8;0;0;0000000000000080;     5m     550ms 594μs 651ns;157;-1;             10ms 715μs 559ns;0.000000;inf;0.000000;inf;0;1;Passing;;;0;12648
abac;7728;75c8;0;0;0000000000000080;     5m     552ms 604μs 638ns;157;-1;             10ms 207μs 290ns;0.000000;inf;0.000000;inf;0;1;Passing;;;0;12651
abb2;7728;75c8;0;0;0000000000000080;     5m     553ms 270μs 194ns;157;-1;             11ms  98μs 166ns;0.000000;inf;0.000000;inf;0;1;Passing;;;0;12652
abdf;7728;75c8;0;0;0000000000000080;     5m     558ms 285μs 759ns;157;-1;             10ms 324μs  25ns;0.000000;inf;0.000000;inf;0;1;Passing;;;0;12657
abd6;7728;75c8;0;0;0000000000000080;     5m     557ms 380μs 150ns;157;-1;              9ms 829μs 541ns;0.000000;inf;0.000000;inf;0;1;Passing;;;0;12660
abd2;7728;75c8;0;0;0000000000000080;     5m     556ms 859μs 564ns;157;-1;              9ms 892μs 724ns;0.000000;inf;0.000000;inf;0;1;Passing;;;0;12661
abd0;7728;75c8;0;0;0000000000000080;     5m     556ms 703μs 184ns;157;-1;              9ms 888μs 851ns;0.000000;inf;0.000000;inf;0;1;Passing;;;0;12662
abca;7728;75c8;0;0;0000000000000080;     5m     556ms  40μs 258ns;157;-1;             10ms 245μs 195ns;0.000000;inf;0.000000;inf;0;1;Passing;;;0;12663
abcc;7728;75c8;0;0;0000000000000080;     5m     556ms 149μs 495ns;157;-1;             12ms 119μs  34ns;0.000000;inf;0.000000;inf;0;1;Passing;;;0;12664
abc6;7728;75c8;0;0;0000000000000080;     5m     555ms 479μs 721ns;157;-1;             10ms 293μs 919ns;0.000000;inf;0.000000;inf;0;1;Passing;;;0;12665
abbe;7728;75c8;0;0;0000000000000080;     5m     554ms 809μs  98ns;157;-1;             10ms 311μs 773ns;0.000000;inf;0.000000;inf;0;1;Passing;;;0;12667
abaf;7728;75c8;0;0;0000000000000080;     5m     552ms 906μs 864ns;157;-1;             10ms 207μs   5ns;0.000000;inf;0.000000;inf;0;1;Passing;;;0;12670
aba9;7728;75c8;0;0;0000000000000080;     5m     552ms 305μs 458ns;157;-1;             10ms 167μs  69ns;0.000000;inf;0.000000;inf;0;1;Passing;;;0;12671
ab91;7728;75c8;0;0;0000000000000080;     5m     550ms  89μs 962ns;157;-1;             10ms 561μs 132ns;0.000000;inf;0.000000;inf;0;1;Passing;;;0;12673
ab8e;7728;75c8;0;0;0000000000000080;     5m     549ms 780μs 104ns;157;-1;             10ms 420μs 733ns;0.000000;inf;0.000000;inf;0;1;Passing;;;0;12674
ab8b;7728;75c8;0;0;0000000000000080;     5m     549ms 614μs 269ns;157;-1;             10ms 719μs 405ns;0.000000;inf;0.000000;inf;0;1;Passing;;;0;12675
ab85;7728;75c8;0;0;0000000000000080;     5m     549ms 119μs 587ns;157;-1;             10ms 125μs 947ns;0.000000;inf;0.000000;inf;0;1;Passing;;;0;12677
ab7f;7728;75c8;0;0;0000000000000080;     5m     548ms 672μs 430ns;157;-1;             10ms 275μs 740ns;0.000000;inf;0.000000;inf;0;1;Passing;;;0;12679
ab67;7728;75c8;0;0;0000000000000080;     5m     546ms 943μs 900ns;157;-1;             10ms 104μs 466ns;0.000000;inf;0.000000;inf;0;1;Passing;;;0;12687
ab61;7728;75c8;0;0;0000000000000080;     5m     546ms 548μs 939ns;157;-1;             10ms  74μs 640ns;0.000000;inf;0.000000;inf;0;1;Passing;;;0;12689
ab49;7728;75c8;0;0;0000000000000080;     5m     545ms  73μs 785ns;157;-1;             10ms 176μs 959ns;0.000000;inf;0.000000;inf;0;1;Passing;;;0;12697
ab45;7728;75c8;0;0;0000000000000080;     5m     544ms 791μs 970ns;157;-1;             10ms 154μs 247ns;0.000000;inf;0.000000;inf;0;1;Passing;;;0;12698
ab3f;7728;75c8;0;0;0000000000000080;     5m     544ms 469μs 753ns;157;-1;             10ms 113μs 138ns;0.000000;inf;0.000000;inf;0;1;Passing;;;0;12700
ab3d;7728;75c8;0;0;0000000000000080;     5m     544ms 436μs 875ns;157;-1;             10ms 584μs  44ns;0.000000;inf;0.000000;inf;0;1;Passing;;;0;12701
ab39;7728;75c8;0;0;0000000000000080;     5m     544ms 170μs 234ns;157;-1;             10ms 530μs 351ns;0.000000;inf;0.000000;inf;0;1;Passing;;;0;12702
ab37;7728;75c8;0;0;0000000000000080;     5m     544ms 146μs 135ns;157;-1;              9ms 929μs 526ns;0.000000;inf;0.000000;inf;0;1;Passing;;;0;12703
ab33;7728;75c8;0;0;0000000000000080;     5m     543ms 910μs 290ns;157;-1;             10ms 619μs 937ns;0.000000;inf;0.000000;inf;0;1;Passing;;;0;12704
ab1b;7728;75c8;0;0;0000000000000080;     5m     542ms 936μs 627ns;157;-1;              9ms  75μs   1ns;0.000000;inf;0.000000;inf;0;1;Passing;;;0;12712
acd2;7728;75c8;0;0;0000000000000080;     5m     716ms  97μs 220ns;155;-1;             10ms 490μs 920ns;0.000000;inf;0.000000;inf;0;1;Passing;;;0;12714
acd4;7728;75c8;0;0;0000000000000080;     5m     716ms  67μs 478ns;155;-1;             11ms 167μs 210ns;0.000000;inf;0.000000;inf;0;1;Passing;;;0;12715
acd7;7728;75c8;0;0;0000000000000080;     5m     716ms 248μs 400ns;155;-1;             10ms 840μs 817ns;0.000000;inf;0.000000;inf;0;1;Passing;;;0;12716
ace1;7728;75c8;0;0;0000000000000080;     5m     716ms 676μs 422ns;155;-1;              9ms 589μs  65ns;0.000000;inf;0.000000;inf;0;1;Passing;;;0;12717
acda;7728;75c8;0;0;0000000000000080;     5m     716ms 392μs 182ns;155;-1;             11ms 963μs 181ns;0.000000;inf;0.000000;inf;0;1;Passing;;;0;12718
acdd;7728;75c8;0;0;0000000000000080;     5m     716ms 438μs 109ns;155;-1;              9ms 617μs 384ns;0.000000;inf;0.000000;inf;0;1;Passing;;;0;12720
ad86;7728;75c8;0;0;0000000000000080;     5m     726ms 946μs 728ns;155;-1;             10ms 821μs 727ns;0.000000;inf;0.000000;inf;0;1;Passing;;;0;12723
ad83;7728;75c8;0;0;0000000000000080;     5m     726ms 773μs 330ns;155;-1;             10ms 351μs 910ns;0.000000;inf;0.000000;inf;0;1;Passing;;;0;12724
ad80;7728;75c8;0;0;0000000000000080;     5m     726ms 385μs 856ns;155;-1;             10ms 630μs 748ns;0.000000;inf;0.000000;inf;0;1;Passing;;;0;12725
ad7d;7728;75c8;0;0;0000000000000080;     5m     726ms 202μs 942ns;155;-1;             10ms 851μs 346ns;0.000000;inf;0.000000;inf;0;1;Passing;;;0;12726
ada7;7728;75c8;0;0;0000000000000080;     5m     730ms 815μs 798ns;155;-1;             10ms 364μs 730ns;0.000000;inf;0.000000;inf;0;1;Passing;;;0;12732
ada3;7728;75c8;0;0;0000000000000080;     5m     730ms 148μs 660ns;155;-1;             10ms 552μs 767ns;0.000000;inf;0.000000;inf;0;1;Passing;;;0;12733
adb3;7728;75c8;0;0;0000000000000080;     5m     732ms 199μs 345ns;155;-1;             10ms  36μs  73ns;0.000000;inf;0.000000;inf;0;1;Passing;;;0;12736
ada9;7728;75c8;0;0;0000000000000080;     5m     730ms 858μs 147ns;155;-1;             10ms 646μs 482ns;0.000000;inf;0.000000;inf;0;1;Passing;;;0;12739
ada1;7728;75c8;0;0;0000000000000080;     5m     730ms 114μs  48ns;155;-1;             10ms 478μs 314ns;0.000000;inf;0.000000;inf;0;1;Passing;;;0;12740
ad9b;7728;75c8;0;0;0000000000000080;     5m     729ms 484μs 344ns;155;-1;             10ms 380μs 763ns;0.000000;inf;0.000000;inf;0;1;Passing;;;0;12741
ad9d;7728;75c8;0;0;0000000000000080;     5m     729ms 466μs 379ns;155;-1;             10ms 122μs 125ns;0.000000;inf;0.000000;inf;0;1;Passing;;;0;12742
ad91;7728;75c8;0;0;0000000000000080;     5m     728ms 208μs 583ns;155;-1;             11ms 404μs  58ns;0.000000;inf;0.000000;inf;0;1;Passing;;;0;12746
ad6b;7728;75c8;0;0;0000000000000080;     5m     724ms 650μs  87ns;155;-1;             10ms 433μs  48ns;0.000000;inf;0.000000;inf;0;1;Passing;;;0;12748
ad65;7728;75c8;0;0;0000000000000080;     5m     724ms 127μs 526ns;155;-1;              9ms 992μs 864ns;0.000000;inf;0.000000;inf;0;1;Passing;;;0;12750
ad61;7728;75c8;0;0;0000000000000080;     5m     723ms 803μs 602ns;155;-1;             10ms 104μs 155ns;0.000000;inf;0.000000;inf;0;1;Passing;;;0;12751
ad5f;7728;75c8;0;0;0000000000000080;     5m     723ms 665μs 367ns;155;-1;             10ms  23μs  46ns;0.000000;inf;0.000000;inf;0;1;Passing;;;0;12752
ad59;7728;75c8;0;0;0000000000000080;     5m     723ms 185μs 399ns;155;-1;             10ms  53μs 134ns;0.000000;inf;0.000000;inf;0;1;Passing;;;0;12754
ad53;7728;75c8;0;0;0000000000000080;     5m     722ms 751μs 245ns;155;-1;             10ms 119μs 537ns;0.000000;inf;0.000000;inf;0;1;Passing;;;0;12756
ad3b;7728;75c8;0;0;0000000000000080;     5m     720ms 991μs 858ns;155;-1;             10ms 400μs 418ns;0.000000;inf;0.000000;inf;0;1;Passing;;;0;12764
ad35;7728;75c8;0;0;0000000000000080;     5m     720ms 563μs 611ns;155;-1;             10ms 303μs 885ns;0.000000;inf;0.000000;inf;0;1;Passing;;;0;12766
ad20;7728;75c8;0;0;0000000000000080;     5m     719ms 273μs 295ns;155;-1;             10ms  78μs 357ns;0.000000;inf;0.000000;inf;0;1;Passing;;;0;12773
ad19;7728;75c8;0;0;0000000000000080;     5m     718ms 960μs 741ns;155;-1;             10ms 609μs 765ns;0.000000;inf;0.000000;inf;0;1;Passing;;;0;12775
ad13;7728;75c8;0;0;0000000000000080;     5m     718ms 673μs 789ns;155;-1;             10ms 752μs 111ns;0.000000;inf;0.000000;inf;0;1;Passing;;;0;12777
ad11;7728;75c8;0;0;0000000000000080;     5m     718ms 550μs   5ns;155;-1;             10ms 410μs 999ns;0.000000;inf;0.000000;inf;0;1;Passing;;;0;12778
ad0d;7728;75c8;0;0;0000000000000080;     5m     718ms 398μs 649ns;155;-1;             10ms 388μs 391ns;0.000000;inf;0.000000;inf;0;1;Passing;;;0;12779
ad0b;7728;75c8;0;0;0000000000000080;     5m     718ms 254μs 799ns;155;-1;             10ms 465μs 172ns;0.000000;inf;0.000000;inf;0;1;Passing;;;0;12780
acf3;7728;75c8;0;0;0000000000000080;     5m     717ms 352μs 945ns;155;-1;             10ms  35μs 549ns;0.000000;inf;0.000000;inf;0;1;Passing;;;0;12788
aea8;7728;75c8;0;0;0000000000000080;     5m     892ms  45μs 310ns;153;-1;             11ms  36μs 228ns;0.000000;inf;0.000000;inf;0;1;Passing;;;0;12792
aea3;7728;75c8;0;0;0000000000000080;     5m     891ms 814μs  44ns;153;-1;             11ms 430μs 692ns;0.000000;inf;0.000000;inf;0;1;Passing;;;0;12792
aeac;7728;75c8;0;0;0000000000000080;     5m     892ms 250μs 294ns;153;-1;             11ms 224μs 756ns;0.000000;inf;0.000000;inf;0;1;Passing;;;0;12794
aead;7728;75c8;0;0;0000000000000080;     5m     892ms 453μs 449ns;153;-1;              9ms 931μs  53ns;0.000000;inf;0.000000;inf;0;1;Passing;;;0;12797
af48;7728;75c8;0;0;0000000000000080;     5m     903ms 425μs 743ns;153;-1;             10ms 692μs 708ns;0.000000;inf;0.000000;inf;0;1;Passing;;;0;12799
af39;7728;75c8;0;0;0000000000000080;     5m     901ms 886μs 272ns;153;-1;             10ms 677μs 830ns;0.000000;inf;0.000000;inf;0;1;Passing;;;0;12804
af33;7728;75c8;0;0;0000000000000080;     5m     901ms 117μs 504ns;153;-1;             10ms 512μs 952ns;0.000000;inf;0.000000;inf;0;1;Passing;;;0;12807
af30;7728;75c8;0;0;0000000000000080;     5m     900ms 729μs 414ns;153;-1;             10ms 193μs 916ns;0.000000;inf;0.000000;inf;0;1;Passing;;;0;12808
af2a;7728;75c8;0;0;0000000000000080;     5m     900ms 213μs 617ns;153;-1;             10ms 518μs 338ns;0.000000;inf;0.000000;inf;0;1;Passing;;;0;12810
af51;7728;75c8;0;0;0000000000000080;     5m     904ms 790μs 274ns;153;-1;             10ms 423μs 792ns;0.000000;inf;0.000000;inf;0;1;Passing;;;0;12811
af81;7728;75c8;0;0;0000000000000080;     5m     910ms 436μs 310ns;153;-1;             10ms 105μs 332ns;0.000000;inf;0.000000;inf;0;1;Passing;;;0;12814
af78;7728;75c8;0;0;0000000000000080;     5m     909ms 313μs 459ns;153;-1;              9ms 893μs 507ns;0.000000;inf;0.000000;inf;0;1;Passing;;;0;12817
af74;7728;75c8;0;0;0000000000000080;     5m     908ms 711μs 307ns;153;-1;             10ms  41μs 897ns;0.000000;inf;0.000000;inf;0;1;Passing;;;0;12818
af72;7728;75c8;0;0;0000000000000080;     5m     908ms 639μs 169ns;153;-1;              9ms 949μs 428ns;0.000000;inf;0.000000;inf;0;1;Passing;;;0;12819
af6e;7728;75c8;0;0;0000000000000080;     5m     907ms 951μs  24ns;153;-1;             10ms  76μs  76ns;0.000000;inf;0.000000;inf;0;1;Passing;;;0;12820
af6c;7728;75c8;0;0;0000000000000080;     5m     907ms 880μs 122ns;153;-1;             10ms 316μs 305ns;0.000000;inf;0.000000;inf;0;1;Passing;;;0;12821
af69;7728;75c8;0;0;0000000000000080;     5m     907ms 275μs 302ns;153;-1;             10ms  75μs 368ns;0.000000;inf;0.000000;inf;0;1;Passing;;;0;12822
af60;7728;75c8;0;0;0000000000000080;     5m     906ms 312μs 500ns;153;-1;             10ms  46μs 741ns;0.000000;inf;0.000000;inf;0;1;Passing;;;0;12825
af53;7728;75c8;0;0;0000000000000080;     5m     904ms 854μs 618ns;153;-1;              9ms 903μs 831ns;0.000000;inf;0.000000;inf;0;1;Passing;;;0;12829
af4e;7728;75c8;0;0;0000000000000080;     5m     904ms  35μs 760ns;153;-1;              9ms 950μs 615ns;0.000000;inf;0.000000;inf;0;1;Passing;;;0;12830
af26;7728;75c8;0;0;0000000000000080;     5m     899ms 731μs 580ns;153;-1;             10ms 108μs 253ns;0.000000;inf;0.000000;inf;0;1;Passing;;;0;12831
af21;7728;75c8;0;0;0000000000000080;     5m     899ms 237μs 562ns;153;-1;             10ms 272μs   1ns;0.000000;inf;0.000000;inf;0;1;Passing;;;0;12833
af07;7728;75c8;0;0;0000000000000080;     5m     897ms 195μs 488ns;153;-1;             10ms 351μs 922ns;0.000000;inf;0.000000;inf;0;1;Passing;;;0;12842
af02;7728;75c8;0;0;0000000000000080;     5m     896ms 805μs 617ns;153;-1;             10ms 550μs 450ns;0.000000;inf;0.000000;inf;0;1;Passing;;;0;12843
aeed;7728;75c8;0;0;0000000000000080;     5m     895ms 482μs 155ns;153;-1;             10ms 345μs 563ns;0.000000;inf;0.000000;inf;0;1;Passing;;;0;12850
aee5;7728;75c8;0;0;0000000000000080;     5m     894ms 996μs 114ns;153;-1;              9ms 809μs 141ns;0.000000;inf;0.000000;inf;0;1;Passing;;;0;12853
aee1;7728;75c8;0;0;0000000000000080;     5m     894ms 705μs 400ns;153;-1;             10ms 137μs 443ns;0.000000;inf;0.000000;inf;0;1;Passing;;;0;12854
aedf;7728;75c8;0;0;0000000000000080;     5m     894ms 693μs 898ns;153;-1;             10ms 572μs  54ns;0.000000;inf;0.000000;inf;0;1;Passing;;;0;12855
aedb;7728;75c8;0;0;0000000000000080;     5m     894ms 415μs  72ns;153;-1;             10ms 332μs 540ns;0.000000;inf;0.000000;inf;0;1;Passing;;;0;12856
aed8;7728;75c8;0;0;0000000000000080;     5m     894ms 313μs 660ns;153;-1;              9ms 865μs 470ns;0.000000;inf;0.000000;inf;0;1;Passing;;;0;12857
aec0;7728;75c8;0;0;0000000000000080;     5m     893ms 159μs 531ns;153;-1;             10ms  56μs 936ns;0.000000;inf;0.000000;inf;0;1;Passing;;;0;12865
b06e;7728;75c8;0;0;0000000000000080;     5m  1s  61ms 367μs 675ns;151;-1;             10ms 201μs  56ns;0.000000;inf;0.000000;inf;0;1;Passing;;;0;12869
b074;7728;75c8;0;0;0000000000000080;     5m  1s  61ms 635μs 833ns;151;-1;             10ms 393μs 870ns;0.000000;inf;0.000000;inf;0;1;Passing;;;0;12870
b076;7728;75c8;0;0;0000000000000080;     5m  1s  61ms 740μs 183ns;151;-1;             10ms 527μs 135ns;0.000000;inf;0.000000;inf;0;1;Passing;;;0;12872
b079;7728;75c8;0;0;0000000000000080;     5m  1s  61ms 824μs 962ns;151;-1;              9ms 118μs 771ns;0.000000;inf;0.000000;inf;0;1;Passing;;;0;12873
b101;7728;75c8;0;0;0000000000000080;     5m  1s  70ms 411μs 281ns;151;-1;             10ms 412μs 482ns;0.000000;inf;0.000000;inf;0;1;Passing;;;0;12882
b0fb;7728;75c8;0;0;0000000000000080;     5m  1s  69ms 926μs 500ns;151;-1;              9ms  54μs 475ns;0.000000;inf;0.000000;inf;0;1;Passing;;;0;12884
b113;7728;75c8;0;0;0000000000000080;     5m  1s  72ms 388μs 728ns;151;-1;              9ms 890μs 926ns;0.000000;inf;0.000000;inf;0;1;Passing;;;0;12885
b116;7728;75c8;0;0;0000000000000080;     5m  1s  72ms 641μs 377ns;151;-1;             10ms 652μs 664ns;0.000000;inf;0.000000;inf;0;1;Passing;;;0;12886
b0f8;7728;75c8;0;0;0000000000000080;     5m  1s  69ms 638μs 399ns;151;-1;             10ms 233μs 270ns;0.000000;inf;0.000000;inf;0;1;Passing;;;0;12887
b119;7728;75c8;0;0;0000000000000080;     5m  1s  73ms 186μs  82ns;151;-1;             10ms 630μs  46ns;0.000000;inf;0.000000;inf;0;1;Passing;;;0;12888
b149;7728;75c8;0;0;0000000000000080;     5m  1s  78ms 663μs 209ns;151;-1;             10ms 601μs 744ns;0.000000;inf;0.000000;inf;0;1;Passing;;;0;12891
b140;7728;75c8;0;0;0000000000000080;     5m  1s  77ms 472μs  45ns;151;-1;              9ms 403μs 636ns;0.000000;inf;0.000000;inf;0;1;Passing;;;0;12894
b13d;7728;75c8;0;0;0000000000000080;     5m  1s  77ms 239μs 995ns;151;-1;              9ms 170μs 948ns;0.000000;inf;0.000000;inf;0;1;Passing;;;0;12895
b139;7728;75c8;0;0;0000000000000080;     5m  1s  76ms 750μs 420ns;151;-1;              9ms 694μs 658ns;0.000000;inf;0.000000;inf;0;1;Passing;;;0;12896
b137;7728;75c8;0;0;0000000000000080;     5m  1s  76ms 586μs  23ns;151;-1;             10ms 125μs 559ns;0.000000;inf;0.000000;inf;0;1;Passing;;;0;12897
b133;7728;75c8;0;0;0000000000000080;     5m  1s  76ms  13μs 529ns;151;-1;             10ms  70μs 949ns;0.000000;inf;0.000000;inf;0;1;Passing;;;0;12898
b131;7728;75c8;0;0;0000000000000080;     5m  1s  75ms 912μs 810ns;151;-1;              9ms 845μs 794ns;0.000000;inf;0.000000;inf;0;1;Passing;;;0;12899
b127;7728;75c8;0;0;0000000000000080;     5m  1s  74ms 649μs 683ns;151;-1;             10ms 136μs  52ns;0.000000;inf;0.000000;inf;0;1;Passing;;;0;12902
b11c;7728;75c8;0;0;0000000000000080;     5m  1s  73ms 436μs 456ns;151;-1;              9ms 704μs 121ns;0.000000;inf;0.000000;inf;0;1;Passing;;;0;12906
b0f5;7728;75c8;0;0;0000000000000080;     5m  1s  69ms 462μs 980ns;151;-1;              9ms 914μs 815ns;0.000000;inf;0.000000;inf;0;1;Passing;;;0;12907
b0ef;7728;75c8;0;0;0000000000000080;     5m  1s  68ms 998μs  29ns;151;-1;              9ms 857μs  82ns;0.000000;inf;0.000000;inf;0;1;Passing;;;0;12909
b0e9;7728;75c8;0;0;0000000000000080;     5m  1s  68ms 619μs 867ns;151;-1;              9ms 548μs 834ns;0.000000;inf;0.000000;inf;0;1;Passing;;;0;12910
b0d0;7728;75c8;0;0;0000000000000080;     5m  1s  66ms 461μs 105ns;151;-1;              9ms 654μs 107ns;0.000000;inf;0.000000;inf;0;1;Passing;;;0;12919
b0ca;7728;75c8;0;0;0000000000000080;     5m  1s  65ms 934μs 184ns;151;-1;             10ms 210μs 836ns;0.000000;inf;0.000000;inf;0;1;Passing;;;0;12922
b0b5;7728;75c8;0;0;0000000000000080;     5m  1s  64ms 637μs 416ns;151;-1;              9ms 849μs 601ns;0.000000;inf;0.000000;inf;0;1;Passing;;;0;12928
b0b0;7728;75c8;0;0;0000000000000080;     5m  1s  64ms 322μs  39ns;151;-1;              9ms 929μs 534ns;0.000000;inf;0.000000;inf;0;1;Passing;;;0;12930
b0a4;7728;75c8;0;0;0000000000000080;     5m  1s  63ms 794μs 914ns;151;-1;             10ms 242μs 261ns;0.000000;inf;0.000000;inf;0;1;Passing;;;0;12934
b08b;7728;75c8;0;0;0000000000000080;     5m  1s  62ms 566μs 512ns;151;-1;              8ms 580μs 868ns;0.000000;inf;0.000000;inf;0;1;Passing;;;0;12942
b233;7728;75c8;0;0;0000000000000080;     5m  1s 225ms 683μs 776ns;149;-1;             10ms 222μs 545ns;0.000000;inf;0.000000;inf;0;1;Passing;;;0;12945
b23a;7728;75c8;0;0;0000000000000080;     5m  1s 226ms  83μs 660ns;149;-1;             10ms  58μs  95ns;0.000000;inf;0.000000;inf;0;1;Passing;;;0;12946
b239;7728;75c8;0;0;0000000000000080;     5m  1s 226ms       858ns;149;-1;             10ms 650μs 406ns;0.000000;inf;0.000000;inf;0;1;Passing;;;0;12948
b23e;7728;75c8;0;0;0000000000000080;     5m  1s 226ms 227μs  35ns;149;-1;              9ms 188μs 458ns;0.000000;inf;0.000000;inf;0;1;Passing;;;0;12949
b2c3;7728;75c8;0;0;0000000000000080;     5m  1s 235ms 168μs 649ns;149;-1;             10ms 342μs 539ns;0.000000;inf;0.000000;inf;0;1;Passing;;;0;12958
b2bd;7728;75c8;0;0;0000000000000080;     5m  1s 234ms 680μs 995ns;149;-1;              9ms 601μs 567ns;0.000000;inf;0.000000;inf;0;1;Passing;;;0;12960
b2d5;7728;75c8;0;0;0000000000000080;     5m  1s 236ms 937μs  80ns;149;-1;             10ms 278μs 191ns;0.000000;inf;0.000000;inf;0;1;Passing;;;0;12961
b2ba;7728;75c8;0;0;0000000000000080;     5m  1s 234ms 425μs 609ns;149;-1;             10ms 428μs 817ns;0.000000;inf;0.000000;inf;0;1;Passing;;;0;12962
b2b7;7728;75c8;0;0;0000000000000080;     5m  1s 234ms 188μs 312ns;149;-1;             10ms 275μs 456ns;0.000000;inf;0.000000;inf;0;1;Passing;;;0;12963
b30b;7728;75c8;0;0;0000000000000080;     5m  1s 243ms 607μs 927ns;149;-1;             10ms 472μs 126ns;0.000000;inf;0.000000;inf;0;1;Passing;;;0;12967
b302;7728;75c8;0;0;0000000000000080;     5m  1s 242ms 595μs 512ns;149;-1;              8ms 759μs 805ns;0.000000;inf;0.000000;inf;0;1;Passing;;;0;12970
b2ff;7728;75c8;0;0;0000000000000080;     5m  1s 242ms 212μs 797ns;149;-1;              9ms 261μs 883ns;0.000000;inf;0.000000;inf;0;1;Passing;;;0;12971
b2f9;7728;75c8;0;0;0000000000000080;     5m  1s 241ms 554μs  17ns;149;-1;             10ms 342μs 551ns;0.000000;inf;0.000000;inf;0;1;Passing;;;0;12972
b2f5;7728;75c8;0;0;0000000000000080;     5m  1s 240ms 889μs 291ns;149;-1;             10ms 368μs 449ns;0.000000;inf;0.000000;inf;0;1;Passing;;;0;12973
b2fb;7728;75c8;0;0;0000000000000080;     5m  1s 241ms 760μs 194ns;149;-1;             11ms 111μs 219ns;0.000000;inf;0.000000;inf;0;1;Passing;;;0;12974
b2f3;7728;75c8;0;0;0000000000000080;     5m  1s 240ms 811μs 773ns;149;-1;              9ms 494μs  34ns;0.000000;inf;0.000000;inf;0;1;Passing;;;0;12975
b2ea;7728;75c8;0;0;0000000000000080;     5m  1s 239ms 619μs 417ns;149;-1;             10ms 595μs  88ns;0.000000;inf;0.000000;inf;0;1;Passing;;;0;12978
b2e1;7728;75c8;0;0;0000000000000080;     5m  1s 238ms 663μs 683ns;149;-1;              9ms 980μs 798ns;0.000000;inf;0.000000;inf;0;1;Passing;;;0;12980
b2d8;7728;75c8;0;0;0000000000000080;     5m  1s 237ms 577μs 175ns;149;-1;              9ms 975μs 137ns;0.000000;inf;0.000000;inf;0;1;Passing;;;0;12982
b2db;7728;75c8;0;0;0000000000000080;     5m  1s 237ms 821μs 266ns;149;-1;             10ms 469μs 157ns;0.000000;inf;0.000000;inf;0;1;Passing;;;0;12983
b2b1;7728;75c8;0;0;0000000000000080;     5m  1s 233ms 695μs 779ns;149;-1;              9ms 667μs 124ns;0.000000;inf;0.000000;inf;0;1;Passing;;;0;12985
b2a8;7728;75c8;0;0;0000000000000080;     5m  1s 233ms  54μs 840ns;149;-1;             10ms  95μs 853ns;0.000000;inf;0.000000;inf;0;1;Passing;;;0;12988
b292;7728;75c8;0;0;0000000000000080;     5m  1s 231ms  40μs 936ns;149;-1;              9ms 600μs 831ns;0.000000;inf;0.000000;inf;0;1;Passing;;;0;12995
b28c;7728;75c8;0;0;0000000000000080;     5m  1s 230ms 690μs 631ns;149;-1;             11ms 177μs 782ns;0.000000;inf;0.000000;inf;0;1;Passing;;;0;12998
b277;7728;75c8;0;0;0000000000000080;     5m  1s 229ms 286μs 270ns;149;-1;             10ms 210μs 743ns;0.000000;inf;0.000000;inf;0;1;Passing;;;0;13004
b272;7728;75c8;0;0;0000000000000080;     5m  1s 228ms 978μs 924ns;149;-1;             10ms 428μs 152ns;0.000000;inf;0.000000;inf;0;1;Passing;;;0;13006
b266;7728;75c8;0;0;0000000000000080;     5m  1s 228ms 444μs 882ns;149;-1;             10ms 422μs  30ns;0.000000;inf;0.000000;inf;0;1;Passing;;;0;13009
b3f2;7728;75c8;0;0;0000000000000080;     5m  1s 389ms 955μs 950ns;147;-1;             10ms 687μs 645ns;0.000000;inf;0.000000;inf;0;1;Passing;;;0;13021
b3f7;7728;75c8;0;0;0000000000000080;     5m  1s 390ms 216μs  92ns;147;-1;             10ms 330μs 182ns;0.000000;inf;0.000000;inf;0;1;Passing;;;0;13021
b3fb;7728;75c8;0;0;0000000000000080;     5m  1s 390ms 480μs 932ns;147;-1;             10ms 633μs 436ns;0.000000;inf;0.000000;inf;0;1;Passing;;;0;13023
b3fd;7728;75c8;0;0;0000000000000080;     5m  1s 390ms 678μs 347ns;147;-1;              9ms 293μs  72ns;0.000000;inf;0.000000;inf;0;1;Passing;;;0;13023
b48e;7728;75c8;0;0;0000000000000080;     5m  1s 400ms 806μs 882ns;147;-1;              8ms 511μs 126ns;0.000000;inf;0.000000;inf;0;1;Passing;;;0;13027
b47e;7728;75c8;0;0;0000000000000080;     5m  1s 399ms 194μs  12ns;147;-1;              9ms 440μs 182ns;0.000000;inf;0.000000;inf;0;1;Passing;;;0;13033
b479;7728;75c8;0;0;0000000000000080;     5m  1s 398ms 708μs 263ns;147;-1;              9ms 696μs 105ns;0.000000;inf;0.000000;inf;0;1;Passing;;;0;13035
b476;7728;75c8;0;0;0000000000000080;     5m  1s 398ms 540μs 783ns;147;-1;             10ms 336μs 870ns;0.000000;inf;0.000000;inf;0;1;Passing;;;0;13036
b473;7728;75c8;0;0;0000000000000080;     5m  1s 398ms 222μs 941ns;147;-1;             10ms 312μs 102ns;0.000000;inf;0.000000;inf;0;1;Passing;;;0;13037
b4c7;7728;75c8;0;0;0000000000000080;     5m  1s 407ms  17μs 567ns;147;-1;              9ms 771μs 430ns;0.000000;inf;0.000000;inf;0;1;Passing;;;0;13042
b4be;7728;75c8;0;0;0000000000000080;     5m  1s 406ms 117μs 469ns;147;-1;              9ms 734μs 660ns;0.000000;inf;0.000000;inf;0;1;Passing;;;0;13045
b4ba;7728;75c8;0;0;0000000000000080;     5m  1s 405ms 619μs 129ns;147;-1;              9ms 911μs 326ns;0.000000;inf;0.000000;inf;0;1;Passing;;;0;13046
b4b8;7728;75c8;0;0;0000000000000080;     5m  1s 405ms 470μs 724ns;147;-1;             10ms 190μs 936ns;0.000000;inf;0.000000;inf;0;1;Passing;;;0;13047
b4b4;7728;75c8;0;0;0000000000000080;     5m  1s 404ms 938μs  44ns;147;-1;             10ms  20μs 110ns;0.000000;inf;0.000000;inf;0;1;Passing;;;0;13048
b4b2;7728;75c8;0;0;0000000000000080;     5m  1s 404ms 839μs  84ns;147;-1;             10ms 152μs 486ns;0.000000;inf;0.000000;inf;0;1;Passing;;;0;13049
b4ae;7728;75c8;0;0;0000000000000080;     5m  1s 404ms 275μs 449ns;147;-1;              9ms 897μs 111ns;0.000000;inf;0.000000;inf;0;1;Passing;;;0;13050
b4a7;7728;75c8;0;0;0000000000000080;     5m  1s 403ms 642μs 960ns;147;-1;             10ms  17μs 603ns;0.000000;inf;0.000000;inf;0;1;Passing;;;0;13052
b49a;7728;75c8;0;0;0000000000000080;     5m  1s 402ms 387μs 856ns;147;-1;              9ms 669μs 874ns;0.000000;inf;0.000000;inf;0;1;Passing;;;0;13055
b496;7728;75c8;0;0;0000000000000080;     5m  1s 401ms 784μs 968ns;147;-1;              9ms 846μs 603ns;0.000000;inf;0.000000;inf;0;1;Passing;;;0;13056
b494;7728;75c8;0;0;0000000000000080;     5m  1s 401ms 701μs  35ns;147;-1;             10ms 131μs 140ns;0.000000;inf;0.000000;inf;0;1;Passing;;;0;13057
b46d;7728;75c8;0;0;0000000000000080;     5m  1s 397ms 769μs 803ns;147;-1;              9ms 813μs 605ns;0.000000;inf;0.000000;inf;0;1;Passing;;;0;13059
b467;7728;75c8;0;0;0000000000000080;     5m  1s 397ms 275μs 581ns;147;-1;             10ms 198μs 238ns;0.000000;inf;0.000000;inf;0;1;Passing;;;0;13061
b44f;7728;75c8;0;0;0000000000000080;     5m  1s 395ms 618μs  84ns;147;-1;             10ms 455μs 260ns;0.000000;inf;0.000000;inf;0;1;Passing;;;0;13069
b449;7728;75c8;0;0;0000000000000080;     5m  1s 395ms 184μs  49ns;147;-1;              9ms 313μs 923ns;0.000000;inf;0.000000;inf;0;1;Passing;;;0;13071
b430;7728;75c8;0;0;0000000000000080;     5m  1s 393ms 632μs 923ns;147;-1;              9ms 935μs 462ns;0.000000;inf;0.000000;inf;0;1;Passing;;;0;13078
b42d;7728;75c8;0;0;0000000000000080;     5m  1s 393ms 349μs 774ns;147;-1;              9ms 640μs 935ns;0.000000;inf;0.000000;inf;0;1;Passing;;;0;13081
b5ab;7728;75c8;0;0;0000000000000080;     5m  1s 549ms 145μs 909ns;145;-1;             10ms 439μs 592ns;0.000000;inf;0.000000;inf;0;1;Passing;;;0;13094
b5b5;7728;75c8;0;0;0000000000000080;     5m  1s 549ms 649μs 859ns;145;-1;             10ms 641μs  45ns;0.000000;inf;0.000000;inf;0;1;Passing;;;0;13096
b5b0;7728;75c8;0;0;0000000000000080;     5m  1s 549ms 396μs 568ns;145;-1;             10ms 974μs 996ns;0.000000;inf;0.000000;inf;0;1;Passing;;;0;13096
b5b4;7728;75c8;0;0;0000000000000080;     5m  1s 549ms 710μs 658ns;145;-1;              9ms 439μs 864ns;0.000000;inf;0.000000;inf;0;1;Passing;;;0;13098
b650;7728;75c8;0;0;0000000000000080;     5m  1s 559ms 921μs 734ns;145;-1;              9ms 167μs 372ns;0.000000;inf;0.000000;inf;0;1;Passing;;;0;13099
b64d;7728;75c8;0;0;0000000000000080;     5m  1s 559ms 527μs 150ns;145;-1;             10ms 294μs 705ns;0.000000;inf;0.000000;inf;0;1;Passing;;;0;13101
b64a;7728;75c8;0;0;0000000000000080;     5m  1s 559ms 356μs 943ns;145;-1;              9ms  11μs 711ns;0.000000;inf;0.000000;inf;0;1;Passing;;;0;13102
b638;7728;75c8;0;0;0000000000000080;     5m  1s 557ms 744μs 233ns;145;-1;              9ms 968μs 170ns;0.000000;inf;0.000000;inf;0;1;Passing;;;0;13108
b632;7728;75c8;0;0;0000000000000080;     5m  1s 557ms 239μs 746ns;145;-1;             10ms 251μs 524ns;0.000000;inf;0.000000;inf;0;1;Passing;;;0;13110
b65c;7728;75c8;0;0;0000000000000080;     5m  1s 561ms 449μs 767ns;145;-1;             10ms 339μs  46ns;0.000000;inf;0.000000;inf;0;1;Passing;;;0;13111
b668;7728;75c8;0;0;0000000000000080;     5m  1s 562ms 719μs 337ns;145;-1;             10ms 196μs 715ns;0.000000;inf;0.000000;inf;0;1;Passing;;;0;13113
b67c;7728;75c8;0;0;0000000000000080;     5m  1s 564ms 799μs 189ns;145;-1;             10ms 192μs 620ns;0.000000;inf;0.000000;inf;0;1;Passing;;;0;13116
b674;7728;75c8;0;0;0000000000000080;     5m  1s 564ms  46μs 499ns;145;-1;              9ms 158μs 558ns;0.000000;inf;0.000000;inf;0;1;Passing;;;0;13119
b670;7728;75c8;0;0;0000000000000080;     5m  1s 563ms 437μs  58ns;145;-1;              9ms  61μs 144ns;0.000000;inf;0.000000;inf;0;1;Passing;;;0;13120
b66e;7728;75c8;0;0;0000000000000080;     5m  1s 563ms 384μs  58ns;145;-1;              9ms 881μs 155ns;0.000000;inf;0.000000;inf;0;1;Passing;;;0;13121
b66a;7728;75c8;0;0;0000000000000080;     5m  1s 562ms 773μs 990ns;145;-1;             10ms 200μs 351ns;0.000000;inf;0.000000;inf;0;1;Passing;;;0;13122
b664;7728;75c8;0;0;0000000000000080;     5m  1s 562ms 123μs 216ns;145;-1;             10ms 376μs 125ns;0.000000;inf;0.000000;inf;0;1;Passing;;;0;13123
b62f;7728;75c8;0;0;0000000000000080;     5m  1s 556ms 934μs 226ns;145;-1;              9ms 714μs 413ns;0.000000;inf;0.000000;inf;0;1;Passing;;;0;13127
b62c;7728;75c8;0;0;0000000000000080;     5m  1s 556ms 754μs 975ns;145;-1;              9ms 802μs  54ns;0.000000;inf;0.000000;inf;0;1;Passing;;;0;13129
b626;7728;75c8;0;0;0000000000000080;     5m  1s 556ms 275μs 301ns;145;-1;             10ms 119μs 291ns;0.000000;inf;0.000000;inf;0;1;Passing;;;0;13131
b620;7728;75c8;0;0;0000000000000080;     5m  1s 555ms 834μs 115ns;145;-1;             10ms 123μs 703ns;0.000000;inf;0.000000;inf;0;1;Passing;;;0;13133
b607;7728;75c8;0;0;0000000000000080;     5m  1s 554ms 138μs 682ns;145;-1;              9ms 801μs 484ns;0.000000;inf;0.000000;inf;0;1;Passing;;;0;13141
b600;7728;75c8;0;0;0000000000000080;     5m  1s 553ms 756μs 796ns;145;-1;             10ms 384μs  98ns;0.000000;inf;0.000000;inf;0;1;Passing;;;0;13143
b5e9;7728;75c8;0;0;0000000000000080;     5m  1s 552ms 433μs 373ns;145;-1;              9ms 555μs 303ns;0.000000;inf;0.000000;inf;0;1;Passing;;;0;13151
b5e7;7728;75c8;0;0;0000000000000080;     5m  1s 552ms 373μs 940ns;145;-1;              9ms 684μs 915ns;0.000000;inf;0.000000;inf;0;1;Passing;;;0;13152
b75e;7728;75c8;0;0;0000000000000080;     5m  1s 705ms 273μs 702ns;143;-1;             10ms 302μs 417ns;0.000000;inf;0.000000;inf;0;1;Passing;;;0;13167
b763;7728;75c8;0;0;0000000000000080;     5m  1s 705ms 505μs 614ns;143;-1;             10ms 396μs 384ns;0.000000;inf;0.000000;inf;0;1;Passing;;;0;13168
b766;7728;75c8;0;0;0000000000000080;     5m  1s 705ms 666μs 530ns;143;-1;             10ms 593μs 149ns;0.000000;inf;0.000000;inf;0;1;Passing;;;0;13170
b769;7728;75c8;0;0;0000000000000080;     5m  1s 705ms 706μs 182ns;143;-1;              9ms 141μs  14ns;0.000000;inf;0.000000;inf;0;1;Passing;;;0;13170
b800;7728;75c8;0;0;0000000000000080;     5m  1s 715ms 219μs 364ns;143;-1;              8ms 685μs 809ns;0.000000;inf;0.000000;inf;0;1;Passing;;;0;13175
b7fd;7728;75c8;0;0;0000000000000080;     5m  1s 714ms 867μs 137ns;143;-1;              9ms 403μs 802ns;0.000000;inf;0.000000;inf;0;1;Passing;;;0;13176
b7fa;7728;75c8;0;0;0000000000000080;     5m  1s 714ms 687μs 233ns;143;-1;              9ms 334μs 567ns;0.000000;inf;0.000000;inf;0;1;Passing;;;0;13177
b80c;7728;75c8;0;0;0000000000000080;     5m  1s 716ms 563μs 816ns;143;-1;             10ms 261μs 785ns;0.000000;inf;0.000000;inf;0;1;Passing;;;0;13184
b81e;7728;75c8;0;0;0000000000000080;     5m  1s 718ms 637μs 683ns;143;-1;              9ms 814μs 775ns;0.000000;inf;0.000000;inf;0;1;Passing;;;0;13186
b82c;7728;75c8;0;0;0000000000000080;     5m  1s 720ms  19μs 690ns;143;-1;             10ms 351μs  41ns;0.000000;inf;0.000000;inf;0;1;Passing;;;0;13189
b824;7728;75c8;0;0;0000000000000080;     5m  1s 719ms 293μs  24ns;143;-1;              9ms 396μs  85ns;0.000000;inf;0.000000;inf;0;1;Passing;;;0;13192
b820;7728;75c8;0;0;0000000000000080;     5m  1s 718ms 657μs  41ns;143;-1;              9ms 499μs 843ns;0.000000;inf;0.000000;inf;0;1;Passing;;;0;13193
b81a;7728;75c8;0;0;0000000000000080;     5m  1s 718ms   7μs 421ns;143;-1;             10ms  67μs  53ns;0.000000;inf;0.000000;inf;0;1;Passing;;;0;13194
b818;7728;75c8;0;0;0000000000000080;     5m  1s 717ms 978μs 547ns;143;-1;             10ms 310μs  25ns;0.000000;inf;0.000000;inf;0;1;Passing;;;0;13195
b814;7728;75c8;0;0;0000000000000080;     5m  1s 717ms 382μs 202ns;143;-1;             10ms 146μs 236ns;0.000000;inf;0.000000;inf;0;1;Passing;;;0;13196
b7e8;7728;75c8;0;0;0000000000000080;     5m  1s 713ms 167μs 706ns;143;-1;              9ms 268μs 323ns;0.000000;inf;0.000000;inf;0;1;Passing;;;0;13198
b7e2;7728;75c8;0;0;0000000000000080;     5m  1s 712ms 707μs 734ns;143;-1;             10ms  74μs 101ns;0.000000;inf;0.000000;inf;0;1;Passing;;;0;13200
b7de;7728;75c8;0;0;0000000000000080;     5m  1s 712ms 271μs 845ns;143;-1;              9ms 962μs 656ns;0.000000;inf;0.000000;inf;0;1;Passing;;;0;13201
b7dc;7728;75c8;0;0;0000000000000080;     5m  1s 712ms 243μs  24ns;143;-1;              8ms 464μs 330ns;0.000000;inf;0.000000;inf;0;1;Passing;;;0;13202
b7d6;7728;75c8;0;0;0000000000000080;     5m  1s 711ms 817μs 492ns;143;-1;              9ms 557μs 437ns;0.000000;inf;0.000000;inf;0;1;Passing;;;0;13204
b7d2;7728;75c8;0;0;0000000000000080;     5m  1s 711ms 399μs 512ns;143;-1;             10ms 215μs 343ns;0.000000;inf;0.000000;inf;0;1;Passing;;;0;13206
b7b7;7728;75c8;0;0;0000000000000080;     5m  1s 709ms 611μs 915ns;143;-1;              9ms 450μs 682ns;0.000000;inf;0.000000;inf;0;1;Passing;;;0;13214
b7b1;7728;75c8;0;0;0000000000000080;     5m  1s 709ms 170μs 419ns;143;-1;              9ms 725μs 188ns;0.000000;inf;0.000000;inf;0;1;Passing;;;0;13216
b79a;7728;75c8;0;0;0000000000000080;     5m  1s 707ms 882μs 616ns;143;-1;              9ms 261μs 238ns;0.000000;inf;0.000000;inf;0;1;Passing;;;0;13224
b90b;7728;75c8;0;0;0000000000000080;     5m  1s 857ms  55μs 589ns;141;-1;              9ms 906μs 335ns;0.000000;inf;0.000000;inf;0;1;Passing;;;0;13239
b911;7728;75c8;0;0;0000000000000080;     5m  1s 857ms 387μs 142ns;141;-1;             10ms 226μs 580ns;0.000000;inf;0.000000;inf;0;1;Passing;;;0;13241
b912;7728;75c8;0;0;0000000000000080;     5m  1s 857ms 398μs 188ns;141;-1;             10ms 153μs 694ns;0.000000;inf;0.000000;inf;0;1;Passing;;;0;13241
b917;7728;75c8;0;0;0000000000000080;     5m  1s 857ms 659μs  17ns;141;-1;              9ms 122μs 924ns;0.000000;inf;0.000000;inf;0;1;Passing;;;0;13243
b9a9;7728;75c8;0;0;0000000000000080;     5m  1s 867ms  13μs 864ns;141;-1;              9ms 257μs 386ns;0.000000;inf;0.000000;inf;0;1;Passing;;;0;13248
b9a7;7728;75c8;0;0;0000000000000080;     5m  1s 867ms   5μs 965ns;141;-1;              9ms 703μs 973ns;0.000000;inf;0.000000;inf;0;1;Passing;;;0;13249
b995;7728;75c8;0;0;0000000000000080;     5m  1s 865ms 434μs 310ns;141;-1;              9ms 334μs 705ns;0.000000;inf;0.000000;inf;0;1;Passing;;;0;13255
b9bf;7728;75c8;0;0;0000000000000080;     5m  1s 869ms 608μs 890ns;141;-1;              9ms 421μs 281ns;0.000000;inf;0.000000;inf;0;1;Passing;;;0;13258
b9d7;7728;75c8;0;0;0000000000000080;     5m  1s 872ms 181μs 359ns;141;-1;             10ms 107μs  76ns;0.000000;inf;0.000000;inf;0;1;Passing;;;0;13261
b9cd;7728;75c8;0;0;0000000000000080;     5m  1s 870ms 936μs 610ns;141;-1;              8ms 874μs 351ns;0.000000;inf;0.000000;inf;0;1;Passing;;;0;13264
b9cb;7728;75c8;0;0;0000000000000080;     5m  1s 870ms 871μs 614ns;141;-1;              9ms 967μs 894ns;0.000000;inf;0.000000;inf;0;1;Passing;;;0;13265
b9c7;7728;75c8;0;0;0000000000000080;     5m  1s 870ms 278μs 458ns;141;-1;              9ms 983μs  87ns;0.000000;inf;0.000000;inf;0;1;Passing;;;0;13266
b9c5;7728;75c8;0;0;0000000000000080;     5m  1s 870ms 222μs 280ns;141;-1;             10ms 261μs 616ns;0.000000;inf;0.000000;inf;0;1;Passing;;;0;13267
b9c1;7728;75c8;0;0;0000000000000080;     5m  1s 869ms 652μs 245ns;141;-1;              9ms 976μs 811ns;0.000000;inf;0.000000;inf;0;1;Passing;;;0;13268
b9b5;7728;75c8;0;0;0000000000000080;     5m  1s 868ms 382μs 905ns;141;-1;              9ms 851μs 784ns;0.000000;inf;0.000000;inf;0;1;Passing;;;0;13271
b98f;7728;75c8;0;0;0000000000000080;     5m  1s 864ms 918μs 199ns;141;-1;             10ms 229μs 586ns;0.000000;inf;0.000000;inf;0;1;Passing;;;0;13272
b98b;7728;75c8;0;0;0000000000000080;     5m  1s 864ms 486μs 230ns;141;-1;             10ms  48μs 125ns;0.000000;inf;0.000000;inf;0;1;Passing;;;0;13272
b989;7728;75c8;0;0;0000000000000080;     5m  1s 864ms 481μs 291ns;141;-1;              8ms 888μs 725ns;0.000000;inf;0.000000;inf;0;1;Passing;;;0;13274
b983;7728;75c8;0;0;0000000000000080;     5m  1s 864ms  21μs 512ns;141;-1;              9ms 796μs 807ns;0.000000;inf;0.000000;inf;0;1;Passing;;;0;13276
b97d;7728;75c8;0;0;0000000000000080;     5m  1s 863ms 579μs 344ns;141;-1;             10ms  65μs 198ns;0.000000;inf;0.000000;inf;0;1;Passing;;;0;13278
b965;7728;75c8;0;0;0000000000000080;     5m  1s 861ms 942μs 118ns;141;-1;              9ms 610μs 335ns;0.000000;inf;0.000000;inf;0;1;Passing;;;0;13286
b95f;7728;75c8;0;0;0000000000000080;     5m  1s 861ms 581μs 854ns;141;-1;              9ms 708μs  74ns;0.000000;inf;0.000000;inf;0;1;Passing;;;0;13287
b946;7728;75c8;0;0;0000000000000080;     5m  1s 860ms 198μs 552ns;141;-1;              9ms 480μs 757ns;0.000000;inf;0.000000;inf;0;1;Passing;;;0;13296
babd;7728;75c8;0;0;0000000000000080;     5m  2s   5ms 962μs 728ns;139;-1;              9ms 993μs 408ns;0.000000;inf;0.000000;inf;0;1;Passing;;;0;13311
bab2;7728;75c8;0;0;0000000000000080;     5m  2s   5ms 573μs 768ns;139;-1;             10ms 725μs 611ns;0.000000;inf;0.000000;inf;0;1;Passing;;;0;13312
baba;7728;75c8;0;0;0000000000000080;     5m  2s   5ms 827μs  24ns;139;-1;             10ms 340μs 556ns;0.000000;inf;0.000000;inf;0;1;Passing;;;0;13312
bab8;7728;75c8;0;0;0000000000000080;     5m  2s   5ms 760μs 364ns;139;-1;              8ms 869μs  91ns;0.000000;inf;0.000000;inf;0;1;Passing;;;0;13314
bb5d;7728;75c8;0;0;0000000000000080;     5m  2s  15ms 843μs 535ns;139;-1;              9ms 746μs 328ns;0.000000;inf;0.000000;inf;0;1;Passing;;;0;13316
bb51;7728;75c8;0;0;0000000000000080;     5m  2s  14ms 686μs  96ns;139;-1;              8ms 463μs 681ns;0.000000;inf;0.000000;inf;0;1;Passing;;;0;13320
bb4e;7728;75c8;0;0;0000000000000080;     5m  2s  14ms 403μs 661ns;139;-1;              9ms  26μs 583ns;0.000000;inf;0.000000;inf;0;1;Passing;;;0;13321
bb69;7728;75c8;0;0;0000000000000080;     5m  2s  17ms 389μs 384ns;139;-1;              9ms 434μs 732ns;0.000000;inf;0.000000;inf;0;1;Passing;;;0;13327
bb65;7728;75c8;0;0;0000000000000080;     5m  2s  16ms 733μs 163ns;139;-1;              9ms 634μs 172ns;0.000000;inf;0.000000;inf;0;1;Passing;;;0;13328
bb7b;7728;75c8;0;0;0000000000000080;     5m  2s  19ms 354μs 174ns;139;-1;              9ms  13μs 920ns;0.000000;inf;0.000000;inf;0;1;Passing;;;0;13332
bb6b;7728;75c8;0;0;0000000000000080;     5m  2s  17ms 422μs  18ns;139;-1;              9ms 502μs 554ns;0.000000;inf;0.000000;inf;0;1;Passing;;;0;13337
bb3c;7728;75c8;0;0;0000000000000080;     5m  2s  12ms 810μs 775ns;139;-1;              9ms 449μs 912ns;0.000000;inf;0.000000;inf;0;1;Passing;;;0;13339
bb36;7728;75c8;0;0;0000000000000080;     5m  2s  12ms 303μs 332ns;139;-1;              9ms 284μs 664ns;0.000000;inf;0.000000;inf;0;1;Passing;;;0;13341
bb33;7728;75c8;0;0;0000000000000080;     5m  2s  12ms 139μs  22ns;139;-1;              9ms 239μs 112ns;0.000000;inf;0.000000;inf;0;1;Passing;;;0;13342
bb30;7728;75c8;0;0;0000000000000080;     5m  2s  11ms 855μs 968ns;139;-1;              9ms 293μs 902ns;0.000000;inf;0.000000;inf;0;1;Passing;;;0;13343
bb2a;7728;75c8;0;0;0000000000000080;     5m  2s  11ms 427μs 881ns;139;-1;              8ms 978μs  50ns;0.000000;inf;0.000000;inf;0;1;Passing;;;0;13345
bb23;7728;75c8;0;0;0000000000000080;     5m  2s  10ms 956μs 691ns;139;-1;              9ms 467μs 393ns;0.000000;inf;0.000000;inf;0;1;Passing;;;0;13347
bb0b;7728;75c8;0;0;0000000000000080;     5m  2s   9ms 370μs 472ns;139;-1;              9ms 102μs 988ns;0.000000;inf;0.000000;inf;0;1;Passing;;;0;13355
bb04;7728;75c8;0;0;0000000000000080;     5m  2s   9ms   1μs 813ns;139;-1;              9ms 430μs 488ns;0.000000;inf;0.000000;inf;0;1;Passing;;;0;13357
baed;7728;75c8;0;0;0000000000000080;     5m  2s   7ms 778μs 608ns;139;-1;              9ms 648μs 111ns;0.000000;inf;0.000000;inf;0;1;Passing;;;0;13365
bc58;7728;75c8;0;0;0000000000000080;     5m  2s 148ms 418μs  58ns;137;-1;              9ms 774μs 115ns;0.000000;inf;0.000000;inf;0;1;Passing;;;0;13380
bc53;7728;75c8;0;0;0000000000000080;     5m  2s 148ms 215μs 817ns;137;-1;             10ms  53μs  11ns;0.000000;inf;0.000000;inf;0;1;Passing;;;0;13380
bc5b;7728;75c8;0;0;0000000000000080;     5m  2s 148ms 622μs 243ns;137;-1;              9ms 988μs 357ns;0.000000;inf;0.000000;inf;0;1;Passing;;;0;13382
bc5e;7728;75c8;0;0;0000000000000080;     5m  2s 148ms 896μs 143ns;137;-1;              7ms 516μs 719ns;0.000000;inf;0.000000;inf;0;1;Passing;;;0;13386
bcf2;7728;75c8;0;0;0000000000000080;     5m  2s 158ms 556μs  88ns;137;-1;              9ms 430μs 600ns;0.000000;inf;0.000000;inf;0;1;Passing;;;0;13387
bcef;7728;75c8;0;0;0000000000000080;     5m  2s 158ms 166μs 497ns;137;-1;              9ms 580μs 472ns;0.000000;inf;0.000000;inf;0;1;Passing;;;0;13388
bcdd;7728;75c8;0;0;0000000000000080;     5m  2s 156ms 706μs 875ns;137;-1;              9ms  87μs 248ns;0.000000;inf;0.000000;inf;0;1;Passing;;;0;13393
bcfe;7728;75c8;0;0;0000000000000080;     5m  2s 160ms  13μs 613ns;137;-1;              9ms 407μs 859ns;0.000000;inf;0.000000;inf;0;1;Passing;;;0;13399
bd18;7728;75c8;0;0;0000000000000080;     5m  2s 162ms 427μs 390ns;137;-1;              8ms 845μs 319ns;0.000000;inf;0.000000;inf;0;1;Passing;;;0;13402
bd0a;7728;75c8;0;0;0000000000000080;     5m  2s 161ms 139μs  40ns;137;-1;              8ms 615μs 575ns;0.000000;inf;0.000000;inf;0;1;Passing;;;0;13407
bd06;7728;75c8;0;0;0000000000000080;     5m  2s 160ms 596μs 758ns;137;-1;              9ms 590μs 540ns;0.000000;inf;0.000000;inf;0;1;Passing;;;0;13409
bcd7;7728;75c8;0;0;0000000000000080;     5m  2s 156ms 239μs 366ns;137;-1;              8ms 951μs 523ns;0.000000;inf;0.000000;inf;0;1;Passing;;;0;13411
bcd4;7728;75c8;0;0;0000000000000080;     5m  2s 156ms  27μs 243ns;137;-1;              8ms 605μs 922ns;0.000000;inf;0.000000;inf;0;1;Passing;;;0;13412
bcd1;7728;75c8;0;0;0000000000000080;     5m  2s 155ms 807μs 153ns;137;-1;              9ms 336μs 374ns;0.000000;inf;0.000000;inf;0;1;Passing;;;0;13413
bccb;7728;75c8;0;0;0000000000000080;     5m  2s 155ms 364μs 516ns;137;-1;              8ms 763μs 773ns;0.000000;inf;0.000000;inf;0;1;Passing;;;0;13415
bcc5;7728;75c8;0;0;0000000000000080;     5m  2s 154ms 940μs 420ns;137;-1;              9ms  29μs 851ns;0.000000;inf;0.000000;inf;0;1;Passing;;;0;13417
bcaa;7728;75c8;0;0;0000000000000080;     5m  2s 153ms 316μs 444ns;137;-1;              8ms 862μs  15ns;0.000000;inf;0.000000;inf;0;1;Passing;;;0;13425
bcac;7728;75c8;0;0;0000000000000080;     5m  2s 153ms 315μs 600ns;137;-1;              8ms 865μs 608ns;0.000000;inf;0.000000;inf;0;1;Passing;;;0;13426
bc8c;7728;75c8;0;0;0000000000000080;     5m  2s 151ms 176μs 341ns;137;-1;              8ms 382μs 528ns;0.000000;inf;0.000000;inf;0;1;Passing;;;0;13436
bdee;7728;75c8;0;0;0000000000000080;     5m  2s 285ms 663μs  69ns;135;-1;              9ms  33μs 761ns;0.000000;inf;0.000000;inf;0;1;Passing;;;0;13449
bdf4;7728;75c8;0;0;0000000000000080;     5m  2s 285ms 911μs  47ns;135;-1;              9ms 557μs 422ns;0.000000;inf;0.000000;inf;0;1;Passing;;;0;13450
bdfa;7728;75c8;0;0;0000000000000080;     5m  2s 286ms 123μs  60ns;135;-1;              8ms 370μs 470ns;0.000000;inf;0.000000;inf;0;1;Passing;;;0;13452
bdf6;7728;75c8;0;0;0000000000000080;     5m  2s 285ms 920μs  83ns;135;-1;             10ms  12μs 619ns;0.000000;inf;0.000000;inf;0;1;Passing;;;0;13452
be95;7728;75c8;0;0;0000000000000080;     5m  2s 295ms 178μs 290ns;135;-1;              8ms 978μs 968ns;0.000000;inf;0.000000;inf;0;1;Passing;;;0;13456
be89;7728;75c8;0;0;0000000000000080;     5m  2s 294ms 146μs 103ns;135;-1;              9ms 145μs 224ns;0.000000;inf;0.000000;inf;0;1;Passing;;;0;13462
be87;7728;75c8;0;0;0000000000000080;     5m  2s 294ms  44μs 681ns;135;-1;              9ms 203μs 184ns;0.000000;inf;0.000000;inf;0;1;Passing;;;0;13463
be9f;7728;75c8;0;0;0000000000000080;     5m  2s 296ms 328μs 649ns;135;-1;              9ms  69μs 504ns;0.000000;inf;0.000000;inf;0;1;Passing;;;0;13466
bea1;7728;75c8;0;0;0000000000000080;     5m  2s 296ms 512μs 263ns;135;-1;              9ms 563μs 603ns;0.000000;inf;0.000000;inf;0;1;Passing;;;0;13468
beb1;7728;75c8;0;0;0000000000000080;     5m  2s 298ms 458μs 559ns;135;-1;              9ms 232μs 326ns;0.000000;inf;0.000000;inf;0;1;Passing;;;0;13471
be75;7728;75c8;0;0;0000000000000080;     5m  2s 292ms 586μs 123ns;135;-1;              9ms 260μs 255ns;0.000000;inf;0.000000;inf;0;1;Passing;;;0;13480
be6b;7728;75c8;0;0;0000000000000080;     5m  2s 291ms 781μs 706ns;135;-1;              9ms 157μs 961ns;0.000000;inf;0.000000;inf;0;1;Passing;;;0;13482
be6f;7728;75c8;0;0;0000000000000080;     5m  2s 292ms 112μs 757ns;135;-1;              9ms 447μs 618ns;0.000000;inf;0.000000;inf;0;1;Passing;;;0;13483
be69;7728;75c8;0;0;0000000000000080;     5m  2s 291ms 672μs 520ns;135;-1;              8ms 888μs  22ns;0.000000;inf;0.000000;inf;0;1;Passing;;;0;13484
be63;7728;75c8;0;0;0000000000000080;     5m  2s 291ms 194μs 671ns;135;-1;              8ms 983μs 950ns;0.000000;inf;0.000000;inf;0;1;Passing;;;0;13486
be5d;7728;75c8;0;0;0000000000000080;     5m  2s 290ms 776μs 368ns;135;-1;              9ms 816μs 351ns;0.000000;inf;0.000000;inf;0;1;Passing;;;0;13488
be45;7728;75c8;0;0;0000000000000080;     5m  2s 289ms 299μs 478ns;135;-1;              9ms 167μs 184ns;0.000000;inf;0.000000;inf;0;1;Passing;;;0;13496
be2a;7728;75c8;0;0;0000000000000080;     5m  2s 287ms 924μs 287ns;135;-1;              9ms 358μs 259ns;0.000000;inf;0.000000;inf;0;1;Passing;;;0;13505
bf89;7728;75c8;0;0;0000000000000080;     5m  2s 421ms 185μs 272ns;133;-1;              9ms 436μs 992ns;0.000000;inf;0.000000;inf;0;1;Passing;;;0;13517
bf83;7728;75c8;0;0;0000000000000080;     5m  2s 420ms 862μs  68ns;133;-1;             10ms  22μs  80ns;0.000000;inf;0.000000;inf;0;1;Passing;;;0;13517
bf8a;7728;75c8;0;0;0000000000000080;     5m  2s 421ms 198μs 652ns;133;-1;             10ms  15μs 471ns;0.000000;inf;0.000000;inf;0;1;Passing;;;0;13519
bf8f;7728;75c8;0;0;0000000000000080;     5m  2s 421ms 515μs 450ns;133;-1;              8ms 728μs   5ns;0.000000;inf;0.000000;inf;0;1;Passing;;;0;13523
c01c;7728;75c8;0;0;0000000000000080;     5m  2s 430ms 956μs  60ns;133;-1;              9ms 377μs 735ns;0.000000;inf;0.000000;inf;0;1;Passing;;;0;13524
c019;7728;75c8;0;0;0000000000000080;     5m  2s 430ms 761μs 782ns;133;-1;              8ms 322μs 570ns;0.000000;inf;0.000000;inf;0;1;Passing;;;0;13526
c007;7728;75c8;0;0;0000000000000080;     5m  2s 429ms 270μs 806ns;133;-1;              8ms 547μs 114ns;0.000000;inf;0.000000;inf;0;1;Passing;;;0;13532
c027;7728;75c8;0;0;0000000000000080;     5m  2s 432ms  76μs 142ns;133;-1;              9ms 178μs 452ns;0.000000;inf;0.000000;inf;0;1;Passing;;;0;13536
c043;7728;75c8;0;0;0000000000000080;     5m  2s 435ms  86μs 364ns;133;-1;              8ms 909μs 847ns;0.000000;inf;0.000000;inf;0;1;Passing;;;0;13539
c031;7728;75c8;0;0;0000000000000080;     5m  2s 433ms 304μs 704ns;133;-1;              8ms 912μs 860ns;0.000000;inf;0.000000;inf;0;1;Passing;;;0;13544
c032;7728;75c8;0;0;0000000000000080;     5m  2s 433ms 373μs 686ns;133;-1;              9ms 267μs 329ns;0.000000;inf;0.000000;inf;0;1;Passing;;;0;13545
c001;7728;75c8;0;0;0000000000000080;     5m  2s 428ms 829μs 253ns;133;-1;              8ms 209μs 289ns;0.000000;inf;0.000000;inf;0;1;Passing;;;0;13548
bffe;7728;75c8;0;0;0000000000000080;     5m  2s 428ms 578μs 551ns;133;-1;              9ms 613μs  20ns;0.000000;inf;0.000000;inf;0;1;Passing;;;0;13549
bffb;7728;75c8;0;0;0000000000000080;     5m  2s 428ms 381μs 874ns;133;-1;              9ms 515μs 460ns;0.000000;inf;0.000000;inf;0;1;Passing;;;0;13550
bff2;7728;75c8;0;0;0000000000000080;     5m  2s 427ms 721μs 948ns;133;-1;              8ms 746μs 144ns;0.000000;inf;0.000000;inf;0;1;Passing;;;0;13553
bfd8;7728;75c8;0;0;0000000000000080;     5m  2s 426ms  16μs 951ns;133;-1;              9ms 641μs 584ns;0.000000;inf;0.000000;inf;0;1;Passing;;;0;13561
bfbe;7728;75c8;0;0;0000000000000080;     5m  2s 424ms  44μs 780ns;133;-1;              8ms 514μs 591ns;0.000000;inf;0.000000;inf;0;1;Passing;;;0;13570
c111;7728;75c8;0;0;0000000000000080;     5m  2s 553ms 869μs 954ns;131;-1;              8ms 950μs 131ns;0.000000;inf;0.000000;inf;0;1;Passing;;;0;13584
c11a;7728;75c8;0;0;0000000000000080;     5m  2s 554ms 157μs 271ns;131;-1;             10ms 438μs 756ns;0.000000;inf;0.000000;inf;0;1;Passing;;;0;13588
c1b4;7728;75c8;0;0;0000000000000080;     5m  2s 563ms 232μs 219ns;131;-1;              8ms 166μs 309ns;0.000000;inf;0.000000;inf;0;1;Passing;;;0;13592
c1a5;7728;75c8;0;0;0000000000000080;     5m  2s 561ms 827μs 315ns;131;-1;              9ms 107μs  78ns;0.000000;inf;0.000000;inf;0;1;Passing;;;0;13596
c1a8;7728;75c8;0;0;0000000000000080;     5m  2s 562ms  78μs 862ns;131;-1;              9ms 582μs  15ns;0.000000;inf;0.000000;inf;0;1;Passing;;;0;13597
c1ce;7728;75c8;0;0;0000000000000080;     5m  2s 566ms 239μs 216ns;131;-1;              9ms  68μs 933ns;0.000000;inf;0.000000;inf;0;1;Passing;;;0;13605
c1bc;7728;75c8;0;0;0000000000000080;     5m  2s 564ms 155μs 316ns;131;-1;              8ms 937μs 141ns;0.000000;inf;0.000000;inf;0;1;Passing;;;0;13608
c1c0;7728;75c8;0;0;0000000000000080;     5m  2s 564ms 691μs 196ns;131;-1;             10ms 756μs 699ns;0.000000;inf;0.000000;inf;0;1;Passing;;;0;13610
c193;7728;75c8;0;0;0000000000000080;     5m  2s 560ms 290μs 220ns;131;-1;              8ms 935μs  51ns;0.000000;inf;0.000000;inf;0;1;Passing;;;0;13614
c18d;7728;75c8;0;0;0000000000000080;     5m  2s 559ms 834μs 883ns;131;-1;              9ms 135μs 258ns;0.000000;inf;0.000000;inf;0;1;Passing;;;0;13616
c18a;7728;75c8;0;0;0000000000000080;     5m  2s 559ms 659μs 659ns;131;-1;              8ms 978μs 221ns;0.000000;inf;0.000000;inf;0;1;Passing;;;0;13616
c187;7728;75c8;0;0;0000000000000080;     5m  2s 559ms 409μs 679ns;131;-1;              8ms 719μs 124ns;0.000000;inf;0.000000;inf;0;1;Passing;;;0;13618
c17e;7728;75c8;0;0;0000000000000080;     5m  2s 558ms 794μs  78ns;131;-1;              8ms 947μs 927ns;0.000000;inf;0.000000;inf;0;1;Passing;;;0;13621
c166;7728;75c8;0;0;0000000000000080;     5m  2s 557ms 251μs   1ns;131;-1;              9ms  68μs 168ns;0.000000;inf;0.000000;inf;0;1;Passing;;;0;13629
c14a;7728;75c8;0;0;0000000000000080;     5m  2s 555ms 883μs 175ns;131;-1;              8ms 765μs 520ns;0.000000;inf;0.000000;inf;0;1;Passing;;;0;13638
c29a;7728;75c8;0;0;0000000000000080;     5m  2s 683ms 924μs 641ns;129;-1;              8ms 132μs 571ns;0.000000;inf;0.000000;inf;0;1;Passing;;;0;13650
c2a4;7728;75c8;0;0;0000000000000080;     5m  2s 684ms 515μs 616ns;129;-1;              9ms  24μs 444ns;0.000000;inf;0.000000;inf;0;1;Passing;;;0;13652
c319;7728;75c8;0;0;0000000000000080;     5m  2s 691ms 725μs 488ns;129;-1;              8ms 123μs 927ns;0.000000;inf;0.000000;inf;0;1;Passing;;;0;13661
c313;7728;75c8;0;0;0000000000000080;     5m  2s 691ms 240μs 586ns;129;-1;              8ms 947μs  15ns;0.000000;inf;0.000000;inf;0;1;Passing;;;0;13663
c343;7728;75c8;0;0;0000000000000080;     5m  2s 695ms 918μs 874ns;129;-1;              8ms 865μs 693ns;0.000000;inf;0.000000;inf;0;1;Passing;;;0;13667
c345;7728;75c8;0;0;0000000000000080;     5m  2s 695ms 934μs 774ns;129;-1;              9ms  41μs  74ns;0.000000;inf;0.000000;inf;0;1;Passing;;;0;13668
c355;7728;75c8;0;0;0000000000000080;     5m  2s 697ms 758μs  82ns;129;-1;              9ms 497μs 198ns;0.000000;inf;0.000000;inf;0;1;Passing;;;0;13672
c339;7728;75c8;0;0;0000000000000080;     5m  2s 694ms 593μs 603ns;129;-1;              8ms 432μs 478ns;0.000000;inf;0.000000;inf;0;1;Passing;;;0;13678
c32d;7728;75c8;0;0;0000000000000080;     5m  2s 693ms 379μs 334ns;129;-1;              9ms  85μs 638ns;0.000000;inf;0.000000;inf;0;1;Passing;;;0;13681
c32b;7728;75c8;0;0;0000000000000080;     5m  2s 693ms 269μs 560ns;129;-1;              8ms 759μs 420ns;0.000000;inf;0.000000;inf;0;1;Passing;;;0;13682
c307;7728;75c8;0;0;0000000000000080;     5m  2s 690ms 376μs 149ns;129;-1;              8ms 378μs 894ns;0.000000;inf;0.000000;inf;0;1;Passing;;;0;13684
c2ef;7728;75c8;0;0;0000000000000080;     5m  2s 688ms 784μs 708ns;129;-1;              8ms 426μs 751ns;0.000000;inf;0.000000;inf;0;1;Passing;;;0;13692
c2d3;7728;75c8;0;0;0000000000000080;     5m  2s 687ms 167μs 342ns;129;-1;              8ms 899μs 226ns;0.000000;inf;0.000000;inf;0;1;Passing;;;0;13701
c41e;7728;75c8;0;0;0000000000000080;     5m  2s 809ms  88μs 935ns;127;-1;              9ms 594μs  39ns;0.000000;inf;0.000000;inf;0;1;Passing;;;0;13715
c426;7728;75c8;0;0;0000000000000080;     5m  2s 809ms 457μs 887ns;127;-1;              9ms 635μs 222ns;0.000000;inf;0.000000;inf;0;1;Passing;;;0;13715
c4c1;7728;75c8;0;0;0000000000000080;     5m  2s 819ms 438μs 203ns;127;-1;              9ms 220μs 996ns;0.000000;inf;0.000000;inf;0;1;Passing;;;0;13722
c4ba;7728;75c8;0;0;0000000000000080;     5m  2s 818ms 858μs 458ns;127;-1;              8ms 663μs 457ns;0.000000;inf;0.000000;inf;0;1;Passing;;;0;13725
c4ae;7728;75c8;0;0;0000000000000080;     5m  2s 817ms 810μs 214ns;127;-1;              8ms  71μs  92ns;0.000000;inf;0.000000;inf;0;1;Passing;;;0;13730
c4c6;7728;75c8;0;0;0000000000000080;     5m  2s 820ms 181μs 179ns;127;-1;              8ms 989μs 483ns;0.000000;inf;0.000000;inf;0;1;Passing;;;0;13733
c4d3;7728;75c8;0;0;0000000000000080;     5m  2s 821ms 542μs 816ns;127;-1;              8ms 707μs 617ns;0.000000;inf;0.000000;inf;0;1;Passing;;;0;13737
c49c;7728;75c8;0;0;0000000000000080;     5m  2s 816ms 367μs 967ns;127;-1;              8ms 808μs 347ns;0.000000;inf;0.000000;inf;0;1;Passing;;;0;13744
c496;7728;75c8;0;0;0000000000000080;     5m  2s 815ms 917μs 745ns;127;-1;              8ms 741μs 118ns;0.000000;inf;0.000000;inf;0;1;Passing;;;0;13746
c48a;7728;75c8;0;0;0000000000000080;     5m  2s 815ms  68μs 467ns;127;-1;              8ms 347μs 495ns;0.000000;inf;0.000000;inf;0;1;Passing;;;0;13750
c474;7728;75c8;0;0;0000000000000080;     5m  2s 813ms 625μs 384ns;127;-1;              8ms 700μs 870ns;0.000000;inf;0.000000;inf;0;1;Passing;;;0;13757
c457;7728;75c8;0;0;0000000000000080;     5m  2s 811ms 758μs 659ns;127;-1;              8ms 519μs 975ns;0.000000;inf;0.000000;inf;0;1;Passing;;;0;13767
c59b;7728;75c8;0;0;0000000000000080;     5m  2s 933ms  62μs 963ns;125;-1;              9ms 161μs 307ns;0.000000;inf;0.000000;inf;0;1;Passing;;;0;13779
c5a4;7728;75c8;0;0;0000000000000080;     5m  2s 933ms 714μs 954ns;125;-1;              8ms  65μs 244ns;0.000000;inf;0.000000;inf;0;1;Passing;;;0;13782
c619;7728;75c8;0;0;0000000000000080;     5m  2s 941ms 662μs 543ns;125;-1;              8ms 417μs 328ns;0.000000;inf;0.000000;inf;0;1;Passing;;;0;13790
c613;7728;75c8;0;0;0000000000000080;     5m  2s 941ms 172μs  54ns;125;-1;              8ms 390μs 814ns;0.000000;inf;0.000000;inf;0;1;Passing;;;0;13792
c64f;7728;75c8;0;0;0000000000000080;     5m  2s 946ms 914μs  41ns;125;-1;              8ms 797μs 641ns;0.000000;inf;0.000000;inf;0;1;Passing;;;0;13801
c640;7728;75c8;0;0;0000000000000080;     5m  2s 945ms 424μs 230ns;125;-1;              8ms 425μs 104ns;0.000000;inf;0.000000;inf;0;1;Passing;;;0;13806
c63d;7728;75c8;0;0;0000000000000080;     5m  2s 945ms 164μs 556ns;125;-1;              8ms 865μs 553ns;0.000000;inf;0.000000;inf;0;1;Passing;;;0;13807
c62b;7728;75c8;0;0;0000000000000080;     5m  2s 943ms 419μs 566ns;125;-1;              9ms 102μs 158ns;0.000000;inf;0.000000;inf;0;1;Passing;;;0;13811
c606;7728;75c8;0;0;0000000000000080;     5m  2s 940ms 264μs 324ns;125;-1;              8ms 623μs 746ns;0.000000;inf;0.000000;inf;0;1;Passing;;;0;13812
c5ec;7728;75c8;0;0;0000000000000080;     5m  2s 938ms 161μs  66ns;125;-1;              8ms 131μs 744ns;0.000000;inf;0.000000;inf;0;1;Passing;;;0;13821
c5d1;7728;75c8;0;0;0000000000000080;     5m  2s 936ms  99μs  88ns;125;-1;              8ms 252μs  82ns;0.000000;inf;0.000000;inf;0;1;Passing;;;0;13830
c712;7728;75c8;0;0;0000000000000080;     5m  3s  49ms 866μs 177ns;123;-1;             10ms 247μs 152ns;0.000000;inf;0.000000;inf;0;1;Passing;;;0;13846
c7b3;7728;75c8;0;0;0000000000000080;     5m  3s  59ms 116μs 934ns;123;-1;              8ms 647μs 940ns;0.000000;inf;0.000000;inf;0;1;Passing;;;0;13848
c7b1;7728;75c8;0;0;0000000000000080;     5m  3s  58ms 990μs 457ns;123;-1;              9ms 189μs 569ns;0.000000;inf;0.000000;inf;0;1;Passing;;;0;13851
c79f;7728;75c8;0;0;0000000000000080;     5m  3s  57ms 371μs 422ns;123;-1;              8ms 540μs 496ns;0.000000;inf;0.000000;inf;0;1;Passing;;;0;13855
c7c3;7728;75c8;0;0;0000000000000080;     5m  3s  61ms 122μs 843ns;123;-1;              9ms 134μs 795ns;0.000000;inf;0.000000;inf;0;1;Passing;;;0;13861
c78d;7728;75c8;0;0;0000000000000080;     5m  3s  55ms 939μs 234ns;123;-1;              8ms 634μs  47ns;0.000000;inf;0.000000;inf;0;1;Passing;;;0;13868
c787;7728;75c8;0;0;0000000000000080;     5m  3s  55ms 492μs 532ns;123;-1;              9ms 234μs  82ns;0.000000;inf;0.000000;inf;0;1;Passing;;;0;13871
c77b;7728;75c8;0;0;0000000000000080;     5m  3s  54ms 678μs 753ns;123;-1;              8ms 473μs 942ns;0.000000;inf;0.000000;inf;0;1;Passing;;;0;13874
c762;7728;75c8;0;0;0000000000000080;     5m  3s  53ms 198μs 732ns;123;-1;              8ms 685μs 399ns;0.000000;inf;0.000000;inf;0;1;Passing;;;0;13882
c748;7728;75c8;0;0;0000000000000080;     5m  3s  51ms 943μs 566ns;123;-1;              8ms 494μs 222ns;0.000000;inf;0.000000;inf;0;1;Passing;;;0;13891
c883;7728;75c8;0;0;0000000000000080;     5m  3s 166ms   6μs 770ns;121;-1;              8ms 615μs 377ns;0.000000;inf;0.000000;inf;0;1;Passing;;;0;13904
c8fd;7728;75c8;0;0;0000000000000080;     5m  3s 173ms 621μs 829ns;121;-1;              8ms 710μs 879ns;0.000000;inf;0.000000;inf;0;1;Passing;;;0;13916
c8f7;7728;75c8;0;0;0000000000000080;     5m  3s 173ms 161μs 107ns;121;-1;              7ms 720μs 110ns;0.000000;inf;0.000000;inf;0;1;Passing;;;0;13919
c931;7728;75c8;0;0;0000000000000080;     5m  3s 178ms 327μs 375ns;121;-1;              8ms 324μs 808ns;0.000000;inf;0.000000;inf;0;1;Passing;;;0;13926
c922;7728;75c8;0;0;0000000000000080;     5m  3s 177ms  54μs 459ns;121;-1;              8ms 479μs 182ns;0.000000;inf;0.000000;inf;0;1;Passing;;;0;13931
c91e;7728;75c8;0;0;0000000000000080;     5m  3s 176ms 658μs 295ns;121;-1;              8ms 488μs  81ns;0.000000;inf;0.000000;inf;0;1;Passing;;;0;13932
c8eb;7728;75c8;0;0;0000000000000080;     5m  3s 172ms 355μs   3ns;121;-1;              8ms 243μs 923ns;0.000000;inf;0.000000;inf;0;1;Passing;;;0;13936
c8d4;7728;75c8;0;0;0000000000000080;     5m  3s 170ms 782μs 747ns;121;-1;              7ms 763μs 161ns;0.000000;inf;0.000000;inf;0;1;Passing;;;0;13944
c8b9;7728;75c8;0;0;0000000000000080;     5m  3s 168ms 827μs 146ns;121;-1;              8ms  27μs 654ns;0.000000;inf;0.000000;inf;0;1;Passing;;;0;13953
c9ee;7728;75c8;0;0;0000000000000080;     5m  3s 276ms 842μs 323ns;119;-1;              8ms 234μs  53ns;0.000000;inf;0.000000;inf;0;1;Passing;;;0;13965
ca66;7728;75c8;0;0;0000000000000080;     5m  3s 284ms 209μs 560ns;119;-1;              8ms 558μs 402ns;0.000000;inf;0.000000;inf;0;1;Passing;;;0;13978
ca98;7728;75c8;0;0;0000000000000080;     5m  3s 288ms 626μs  40ns;119;-1;              8ms 167μs 369ns;0.000000;inf;0.000000;inf;0;1;Passing;;;0;13987
ca8a;7728;75c8;0;0;0000000000000080;     5m  3s 287ms 496μs 871ns;119;-1;              8ms 983μs 789ns;0.000000;inf;0.000000;inf;0;1;Passing;;;0;13991
ca86;7728;75c8;0;0;0000000000000080;     5m  3s 286ms 999μs 451ns;119;-1;              7ms 991μs 330ns;0.000000;inf;0.000000;inf;0;1;Passing;;;0;13992
ca54;7728;75c8;0;0;0000000000000080;     5m  3s 282ms 733μs 744ns;119;-1;              8ms 330μs 761ns;0.000000;inf;0.000000;inf;0;1;Passing;;;0;13996
ca3e;7728;75c8;0;0;0000000000000080;     5m  3s 280ms 980μs 259ns;119;-1;              8ms 332μs  76ns;0.000000;inf;0.000000;inf;0;1;Passing;;;0;14004
ca24;7728;75c8;0;0;0000000000000080;     5m  3s 279ms 498μs 630ns;119;-1;              7ms 814μs 658ns;0.000000;inf;0.000000;inf;0;1;Passing;;;0;14011
cb53;7728;75c8;0;0;0000000000000080;     5m  3s 381ms 862μs 767ns;117;-1;              8ms  79μs 139ns;0.000000;inf;0.000000;inf;0;1;Passing;;;0;14025
cbca;7728;75c8;0;0;0000000000000080;     5m  3s 388ms 282μs 189ns;117;-1;              7ms 669μs 157ns;0.000000;inf;0.000000;inf;0;1;Passing;;;0;14040
cbe9;7728;75c8;0;0;0000000000000080;     5m  3s 391ms 156μs 869ns;117;-1;              8ms 157μs 669ns;0.000000;inf;0.000000;inf;0;1;Passing;;;0;14042
cbfb;7728;75c8;0;0;0000000000000080;     5m  3s 393ms 192μs 135ns;117;-1;              7ms 853μs 340ns;0.000000;inf;0.000000;inf;0;1;Passing;;;0;14047
cbec;7728;75c8;0;0;0000000000000080;     5m  3s 391ms 403μs 666ns;117;-1;              8ms  28μs 986ns;0.000000;inf;0.000000;inf;0;1;Passing;;;0;14051
cbb8;7728;75c8;0;0;0000000000000080;     5m  3s 387ms  13μs 465ns;117;-1;              7ms 451μs 497ns;0.000000;inf;0.000000;inf;0;1;Passing;;;0;14056
cba0;7728;75c8;0;0;0000000000000080;     5m  3s 385ms 488μs 493ns;117;-1;              7ms 954μs 610ns;0.000000;inf;0.000000;inf;0;1;Passing;;;0;14064
ccb2;7728;75c8;0;0;0000000000000080;     5m  3s 483ms 409μs 205ns;115;-1;              7ms 912μs  86ns;0.000000;inf;0.000000;inf;0;1;Passing;;;0;14084
cd24;7728;75c8;0;0;0000000000000080;     5m  3s 489ms 807μs 177ns;115;-1;              6ms 898μs 777ns;0.000000;inf;0.000000;inf;0;1;Passing;;;0;14099
cd45;7728;75c8;0;0;0000000000000080;     5m  3s 492ms 467μs 838ns;115;-1;              7ms 801μs 462ns;0.000000;inf;0.000000;inf;0;1;Passing;;;0;14100
cd48;7728;75c8;0;0;0000000000000080;     5m  3s 493ms  85μs 420ns;115;-1;              8ms 445μs 908ns;0.000000;inf;0.000000;inf;0;1;Passing;;;0;14103
cd57;7728;75c8;0;0;0000000000000080;     5m  3s 494ms 708μs 491ns;115;-1;              7ms 875μs 777ns;0.000000;inf;0.000000;inf;0;1;Passing;;;0;14106
cd15;7728;75c8;0;0;0000000000000080;     5m  3s 488ms 795μs 961ns;115;-1;              6ms 889μs 573ns;0.000000;inf;0.000000;inf;0;1;Passing;;;0;14115
ce0b;7728;75c8;0;0;0000000000000080;     5m  3s 582ms 640μs  62ns;113;-1;              7ms 938μs 181ns;0.000000;inf;0.000000;inf;0;1;Passing;;;0;14142
cead;7728;75c8;0;0;0000000000000080;     5m  3s 593ms 193μs 201ns;113;-1;              8ms  73μs 741ns;0.000000;inf;0.000000;inf;0;1;Passing;;;0;14161
ce7d;7728;75c8;0;0;0000000000000080;     5m  3s 589ms  43μs 112ns;113;-1;              7ms 429μs 141ns;0.000000;inf;0.000000;inf;0;1;Passing;;;0;14168
ce6e;7728;75c8;0;0;0000000000000080;     5m  3s 588ms  72μs 633ns;113;-1;              7ms 187μs 604ns;0.000000;inf;0.000000;inf;0;1;Passing;;;0;14173
cf5e;7728;75c8;0;0;0000000000000080;     5m  3s 679ms 768μs 834ns;111;-1;              7ms 322μs 857ns;0.000000;inf;0.000000;inf;0;1;Passing;;;0;14199
cfd1;7728;75c8;0;0;0000000000000080;     5m  3s 685ms 807μs 680ns;111;-1;              7ms 156μs 573ns;0.000000;inf;0.000000;inf;0;1;Passing;;;0;14211
cfc0;7728;75c8;0;0;0000000000000080;     5m  3s 684ms 545μs 715ns;111;-1;              7ms 455μs 158ns;0.000000;inf;0.000000;inf;0;1;Passing;;;0;14226
d0ab;7728;75c8;0;0;0000000000000080;     5m  3s 770ms 986μs 619ns;109;-1;              7ms 841μs 951ns;0.000000;inf;0.000000;inf;0;1;Passing;;;0;14255
d11a;7728;75c8;0;0;0000000000000080;     5m  3s 777ms 306μs 438ns;109;-1;              7ms 311μs 371ns;0.000000;inf;0.000000;inf;0;1;Passing;;;0;14271
d25d;7728;75c8;0;0;0000000000000080;     5m  3s 865ms 984μs 638ns;107;-1;              7ms 303μs 773ns;0.000000;inf;0.000000;inf;0;1;Passing;;;0;14336
d51f;7728;75c8;0;0;0000000000000080;     5m  4s  29ms 126μs 868ns;106;-1;              7ms 104μs  69ns;0.000000;inf;0.000000;inf;0;1;Passing;;;0;14427
d52b;7728;75c8;0;0;0000000000000080;     5m  4s  29ms 833μs 829ns;106;-1;              6ms 289μs 222ns;0.000000;inf;0.000000;inf;0;1;Passing;;;0;14428
d51b;7728;75c8;0;0;0000000000000080;     5m  4s  28ms 809μs 983ns;106;-1;              7ms 112μs  87ns;0.000000;inf;0.000000;inf;0;1;Passing;;;0;14432
d519;7728;75c8;0;0;0000000000000080;     5m  4s  28ms 750μs 231ns;106;-1;              7ms 810μs 145ns;0.000000;inf;0.000000;inf;0;1;Passing;;;0;14433
d5cc;7728;75c8;0;0;0000000000000080;     5m  4s  39ms 223μs 347ns;106;-1;              7ms  57μs 538ns;0.000000;inf;0.000000;inf;0;1;Passing;;;0;14442
d5db;7728;75c8;0;0;0000000000000080;     5m  4s  40ms 507μs 338ns;106;-1;              6ms 959μs 208ns;0.000000;inf;0.000000;inf;0;1;Passing;;;0;14445
d630;7728;75c8;0;0;0000000000000080;     5m  4s  47ms 686μs 590ns;106;-1;              7ms 242μs 265ns;0.000000;inf;0.000000;inf;0;1;Passing;;;0;14448
d64e;7728;75c8;0;0;0000000000000080;     5m  4s  50ms 874μs 729ns;106;-1;              6ms 911μs 863ns;0.000000;inf;0.000000;inf;0;1;Passing;;;0;14453
d636;7728;75c8;0;0;0000000000000080;     5m  4s  48ms 324μs 864ns;106;-1;              7ms 393μs 683ns;0.000000;inf;0.000000;inf;0;1;Passing;;;0;14459
d62a;7728;75c8;0;0;0000000000000080;     5m  4s  47ms 189μs 267ns;106;-1;              7ms 153μs 137ns;0.000000;inf;0.000000;inf;0;1;Passing;;;0;14461
d61e;7728;75c8;0;0;0000000000000080;     5m  4s  46ms 154μs 765ns;106;-1;              7ms 309μs 491ns;0.000000;inf;0.000000;inf;0;1;Passing;;;0;14464
d615;7728;75c8;0;0;0000000000000080;     5m  4s  45ms 287μs 389ns;106;-1;              6ms 784μs 428ns;0.000000;inf;0.000000;inf;0;1;Passing;;;0;14467
d612;7728;75c8;0;0;0000000000000080;     5m  4s  45ms  12μs 406ns;106;-1;              6ms 982μs 781ns;0.000000;inf;0.000000;inf;0;1;Passing;;;0;14468
d60b;7728;75c8;0;0;0000000000000080;     5m  4s  44ms 419μs 795ns;106;-1;              7ms 676μs 942ns;0.000000;inf;0.000000;inf;0;1;Passing;;;0;14471
d5fd;7728;75c8;0;0;0000000000000080;     5m  4s  43ms 310μs 750ns;106;-1;              7ms 574μs 281ns;0.000000;inf;0.000000;inf;0;1;Passing;;;0;14475
d5f0;7728;75c8;0;0;0000000000000080;     5m  4s  42ms 141μs 606ns;106;-1;              6ms 842μs 799ns;0.000000;inf;0.000000;inf;0;1;Passing;;;0;14478
d5eb;7728;75c8;0;0;0000000000000080;     5m  4s  41ms 767μs 169ns;106;-1;              8ms 164μs 410ns;0.000000;inf;0.000000;inf;0;1;Passing;;;0;14481
d5e1;7728;75c8;0;0;0000000000000080;     5m  4s  41ms  93μs 806ns;106;-1;              6ms 795μs 805ns;0.000000;inf;0.000000;inf;0;1;Passing;;;0;14483
d5d6;7728;75c8;0;0;0000000000000080;     5m  4s  40ms 112μs 448ns;106;-1;              7ms 120μs 915ns;0.000000;inf;0.000000;inf;0;1;Passing;;;0;14485
d5c7;7728;75c8;0;0;0000000000000080;     5m  4s  38ms 892μs 942ns;106;-1;              6ms 769μs 413ns;0.000000;inf;0.000000;inf;0;1;Passing;;;0;14488
d5b5;7728;75c8;0;0;0000000000000080;     5m  4s  37ms 913μs 922ns;106;-1;              6ms 555μs 164ns;0.000000;inf;0.000000;inf;0;1;Passing;;;0;14494
d5af;7728;75c8;0;0;0000000000000080;     5m  4s  37ms 610μs 110ns;106;-1;              6ms 876μs 168ns;0.000000;inf;0.000000;inf;0;1;Passing;;;0;14495
d5a9;7728;75c8;0;0;0000000000000080;     5m  4s  37ms 290μs 645ns;106;-1;              7ms  65μs 825ns;0.000000;inf;0.000000;inf;0;1;Passing;;;0;14498
d5a0;7728;75c8;0;0;0000000000000080;     5m  4s  36ms 811μs 944ns;106;-1;              7ms 179μs 699ns;0.000000;inf;0.000000;inf;0;1;Passing;;;0;14501
d596;7728;75c8;0;0;0000000000000080;     5m  4s  35ms 997μs 182ns;106;-1;              7ms 604μs  99ns;0.000000;inf;0.000000;inf;0;1;Passing;;;0;14503
d594;7728;75c8;0;0;0000000000000080;     5m  4s  35ms 878μs 325ns;106;-1;              7ms  91μs 782ns;0.000000;inf;0.000000;inf;0;1;Passing;;;0;14504
d58d;7728;75c8;0;0;0000000000000080;     5m  4s  35ms 441μs 268ns;106;-1;              7ms 199μs  74ns;0.000000;inf;0.000000;inf;0;1;Passing;;;0;14505
d579;7728;75c8;0;0;0000000000000080;     5m  4s  34ms 180μs 300ns;106;-1;              7ms 319μs 280ns;0.000000;inf;0.000000;inf;0;1;Passing;;;0;14513
d557;7728;75c8;0;0;0000000000000080;     5m  4s  32ms 391μs  59ns;106;-1;              7ms 101μs 526ns;0.000000;inf;0.000000;inf;0;1;Passing;;;0;14524
d54f;7728;75c8;0;0;0000000000000080;     5m  4s  32ms  67μs  83ns;106;-1;              7ms 160μs 816ns;0.000000;inf;0.000000;inf;0;1;Passing;;;0;14526
d53f;7728;75c8;0;0;0000000000000080;     5m  4s  31ms  29μs 597ns;106;-1;              7ms 475μs 257ns;0.000000;inf;0.000000;inf;0;1;Passing;;;0;14528
d798;7728;75c8;0;0;0000000000000080;     5m  4s 196ms 908μs 519ns;105;-1;              7ms 712μs 739ns;0.000000;inf;0.000000;inf;0;1;Passing;;;0;14534
d79e;7728;75c8;0;0;0000000000000080;     5m  4s 197ms  86μs 403ns;105;-1;              7ms 700μs 230ns;0.000000;inf;0.000000;inf;0;1;Passing;;;0;14535
d79a;7728;75c8;0;0;0000000000000080;     5m  4s 196ms 923μs  67ns;105;-1;              3ms 124μs 531ns;0.000000;inf;0.000000;inf;0;1;Passing;;;0;14538
d833;7728;75c8;0;0;0000000000000080;     5m  4s 203ms 400μs 911ns;105;-1;              7ms 679μs 794ns;0.000000;inf;0.000000;inf;0;1;Passing;;;0;14545
d82e;7728;75c8;0;0;0000000000000080;     5m  4s 203ms  84μs 747ns;105;-1;              7ms 607μs 907ns;0.000000;inf;0.000000;inf;0;1;Passing;;;0;14547
d86d;7728;75c8;0;0;0000000000000080;     5m  4s 207ms 232μs 692ns;105;-1;              7ms 613μs 106ns;0.000000;inf;0.000000;inf;0;1;Passing;;;0;14552
d8cd;7728;75c8;0;0;0000000000000080;     5m  4s 215ms 837μs 110ns;105;-1;              7ms 377μs 235ns;0.000000;inf;0.000000;inf;0;1;Passing;;;0;14556
d8b2;7728;75c8;0;0;0000000000000080;     5m  4s 213ms 130μs  11ns;105;-1;              7ms 681μs 816ns;0.000000;inf;0.000000;inf;0;1;Passing;;;0;14563
d8ac;7728;75c8;0;0;0000000000000080;     5m  4s 212ms 641μs 639ns;105;-1;              6ms 369μs 557ns;0.000000;inf;0.000000;inf;0;1;Passing;;;0;14565
d8a7;7728;75c8;0;0;0000000000000080;     5m  4s 212ms 185μs 188ns;105;-1;              7ms 345μs 205ns;0.000000;inf;0.000000;inf;0;1;Passing;;;0;14566
d89a;7728;75c8;0;0;0000000000000080;     5m  4s 210ms 979μs 495ns;105;-1;              7ms 429μs 812ns;0.000000;inf;0.000000;inf;0;1;Passing;;;0;14571
d891;7728;75c8;0;0;0000000000000080;     5m  4s 210ms 270μs 582ns;105;-1;              7ms 189μs 568ns;0.000000;inf;0.000000;inf;0;1;Passing;;;0;14574
d88d;7728;75c8;0;0;0000000000000080;     5m  4s 209ms 843μs 569ns;105;-1;              7ms 262μs 588ns;0.000000;inf;0.000000;inf;0;1;Passing;;;0;14576
d888;7728;75c8;0;0;0000000000000080;     5m  4s 209ms 416μs 529ns;105;-1;              8ms   3μs 895ns;0.000000;inf;0.000000;inf;0;1;Passing;;;0;14578
d879;7728;75c8;0;0;0000000000000080;     5m  4s 208ms 159μs 251ns;105;-1;              6ms 303μs 301ns;0.000000;inf;0.000000;inf;0;1;Passing;;;0;14581
d867;7728;75c8;0;0;0000000000000080;     5m  4s 206ms 887μs 952ns;105;-1;              7ms 753μs 888ns;0.000000;inf;0.000000;inf;0;1;Passing;;;0;14583
d85b;7728;75c8;0;0;0000000000000080;     5m  4s 206ms 191μs 698ns;105;-1;              5ms 830μs 478ns;0.000000;inf;0.000000;inf;0;1;Passing;;;0;14586
d858;7728;75c8;0;0;0000000000000080;     5m  4s 205ms 852μs  75ns;105;-1;              7ms 627μs 163ns;0.000000;inf;0.000000;inf;0;1;Passing;;;0;14589
d852;7728;75c8;0;0;0000000000000080;     5m  4s 205ms 477μs 868ns;105;-1;              7ms 673μs 838ns;0.000000;inf;0.000000;inf;0;1;Passing;;;0;14590
d849;7728;75c8;0;0;0000000000000080;     5m  4s 204ms 914μs 447ns;105;-1;              7ms 423μs 283ns;0.000000;inf;0.000000;inf;0;1;Passing;;;0;14593
d828;7728;75c8;0;0;0000000000000080;     5m  4s 202ms 786μs 652ns;105;-1;              7ms 482μs 262ns;0.000000;inf;0.000000;inf;0;1;Passing;;;0;14595
d822;7728;75c8;0;0;0000000000000080;     5m  4s 202ms 484μs 566ns;105;-1;              6ms 519μs 722ns;0.000000;inf;0.000000;inf;0;1;Passing;;;0;14597
d816;7728;75c8;0;0;0000000000000080;     5m  4s 201ms 875μs 942ns;105;-1;              7ms 349μs 889ns;0.000000;inf;0.000000;inf;0;1;Passing;;;0;14601
d813;7728;75c8;0;0;0000000000000080;     5m  4s 201ms 700μs 107ns;105;-1;              6ms 341μs 789ns;0.000000;inf;0.000000;inf;0;1;Passing;;;0;14602
d80d;7728;75c8;0;0;0000000000000080;     5m  4s 201ms 448μs 993ns;105;-1;              7ms   3μs 205ns;0.000000;inf;0.000000;inf;0;1;Passing;;;0;14603
d7f8;7728;75c8;0;0;0000000000000080;     5m  4s 200ms 482μs 379ns;105;-1;              6ms 774μs 336ns;0.000000;inf;0.000000;inf;0;1;Passing;;;0;14611
d7d6;7728;75c8;0;0;0000000000000080;     5m  4s 199ms 196μs 739ns;105;-1;              7ms 181μs 413ns;0.000000;inf;0.000000;inf;0;1;Passing;;;0;14622
d7ce;7728;75c8;0;0;0000000000000080;     5m  4s 198ms 914μs 167ns;105;-1;              7ms  19μs 766ns;0.000000;inf;0.000000;inf;0;1;Passing;;;0;14624
d7be;7728;75c8;0;0;0000000000000080;     5m  4s 198ms 216μs 493ns;105;-1;              6ms 700μs 944ns;0.000000;inf;0.000000;inf;0;1;Passing;;;0;14630
d7a9;7728;75c8;0;0;0000000000000080;     5m  4s 197ms 424μs 125ns;105;-1;              6ms 170μs 108ns;0.000000;inf;0.000000;inf;0;1;Passing;;;0;14637
da10;7728;75c8;0;0;0000000000000080;     5m  4s 364ms 181μs 951ns;104;-1;              7ms 165μs   1ns;0.000000;inf;0.000000;inf;0;1;Passing;;;0;14639
da16;7728;75c8;0;0;0000000000000080;     5m  4s 364ms 640μs 190ns;104;-1;              6ms 559μs 745ns;0.000000;inf;0.000000;inf;0;1;Passing;;;0;14642
da13;7728;75c8;0;0;0000000000000080;     5m  4s 364ms 388μs 136ns;104;-1;              8ms 203μs 853ns;0.000000;inf;0.000000;inf;0;1;Passing;;;0;14642
daaa;7728;75c8;0;0;0000000000000080;     5m  4s 371ms 526μs  84ns;104;-1;              7ms  98μs 754ns;0.000000;inf;0.000000;inf;0;1;Passing;;;0;14646
daa6;7728;75c8;0;0;0000000000000080;     5m  4s 371ms 216μs 105ns;104;-1;              7ms  22μs 356ns;0.000000;inf;0.000000;inf;0;1;Passing;;;0;14646
daa1;7728;75c8;0;0;0000000000000080;     5m  4s 370ms 932μs 572ns;104;-1;              7ms  42μs 338ns;0.000000;inf;0.000000;inf;0;1;Passing;;;0;14650
da9b;7728;75c8;0;0;0000000000000080;     5m  4s 370ms 723μs 832ns;104;-1;              6ms 635μs 119ns;0.000000;inf;0.000000;inf;0;1;Passing;;;0;14651
daca;7728;75c8;0;0;0000000000000080;     5m  4s 373ms 911μs 864ns;104;-1;              6ms 936μs 701ns;0.000000;inf;0.000000;inf;0;1;Passing;;;0;14657
db07;7728;75c8;0;0;0000000000000080;     5m  4s 378ms 541μs 546ns;104;-1;              7ms  39μs 597ns;0.000000;inf;0.000000;inf;0;1;Passing;;;0;14659
db25;7728;75c8;0;0;0000000000000080;     5m  4s 381ms 551μs 848ns;104;-1;              6ms 644μs 464ns;0.000000;inf;0.000000;inf;0;1;Passing;;;0;14661
db21;7728;75c8;0;0;0000000000000080;     5m  4s 381ms  38μs 521ns;104;-1;              6ms 942μs 248ns;0.000000;inf;0.000000;inf;0;1;Passing;;;0;14662
db40;7728;75c8;0;0;0000000000000080;     5m  4s 384ms 215μs 835ns;104;-1;              7ms  43μs 984ns;0.000000;inf;0.000000;inf;0;1;Passing;;;0;14665
db1c;7728;75c8;0;0;0000000000000080;     5m  4s 380ms 573μs   2ns;104;-1;              7ms 114μs 177ns;0.000000;inf;0.000000;inf;0;1;Passing;;;0;14674
db10;7728;75c8;0;0;0000000000000080;     5m  4s 379ms 527μs 116ns;104;-1;              6ms 940μs 293ns;0.000000;inf;0.000000;inf;0;1;Passing;;;0;14677
db01;7728;75c8;0;0;0000000000000080;     5m  4s 378ms 105μs 210ns;104;-1;              7ms  93μs 846ns;0.000000;inf;0.000000;inf;0;1;Passing;;;0;14681
dafd;7728;75c8;0;0;0000000000000080;     5m  4s 377ms 688μs 122ns;104;-1;              6ms 224μs 470ns;0.000000;inf;0.000000;inf;0;1;Passing;;;0;14682
dae8;7728;75c8;0;0;0000000000000080;     5m  4s 376ms 130μs  41ns;104;-1;              7ms 234μs 237ns;0.000000;inf;0.000000;inf;0;1;Passing;;;0;14689
dae0;7728;75c8;0;0;0000000000000080;     5m  4s 375ms 674μs 713ns;104;-1;              7ms 841μs 176ns;0.000000;inf;0.000000;inf;0;1;Passing;;;0;14692
dad3;7728;75c8;0;0;0000000000000080;     5m  4s 374ms 576μs 414ns;104;-1;              7ms 423μs 624ns;0.000000;inf;0.000000;inf;0;1;Passing;;;0;14696
dad1;7728;75c8;0;0;0000000000000080;     5m  4s 374ms 442μs 155ns;104;-1;              7ms 296μs 312ns;0.000000;inf;0.000000;inf;0;1;Passing;;;0;14697
dac3;7728;75c8;0;0;0000000000000080;     5m  4s 373ms 446μs 297ns;104;-1;              7ms  60μs   1ns;0.000000;inf;0.000000;inf;0;1;Passing;;;0;14698
da8c;7728;75c8;0;0;0000000000000080;     5m  4s 369ms 861μs 685ns;104;-1;              7ms 282μs 578ns;0.000000;inf;0.000000;inf;0;1;Passing;;;0;14706
da8e;7728;75c8;0;0;0000000000000080;     5m  4s 369ms 819μs 156ns;104;-1;              7ms  66μs  23ns;0.000000;inf;0.000000;inf;0;1;Passing;;;0;14707
da85;7728;75c8;0;0;0000000000000080;     5m  4s 369ms 451μs  20ns;104;-1;              7ms 240μs 380ns;0.000000;inf;0.000000;inf;0;1;Passing;;;0;14709
da71;7728;75c8;0;0;0000000000000080;     5m  4s 368ms 345μs 729ns;104;-1;              6ms 997μs 675ns;0.000000;inf;0.000000;inf;0;1;Passing;;;0;14716
da4f;7728;75c8;0;0;0000000000000080;     5m  4s 366ms 850μs 907ns;104;-1;              6ms 984μs 505ns;0.000000;inf;0.000000;inf;0;1;Passing;;;0;14728
da46;7728;75c8;0;0;0000000000000080;     5m  4s 366ms 396μs 534ns;104;-1;              6ms 130μs 515ns;0.000000;inf;0.000000;inf;0;1;Passing;;;0;14731
da37;7728;75c8;0;0;0000000000000080;     5m  4s 365ms 806μs 124ns;104;-1;              7ms  62μs  66ns;0.000000;inf;0.000000;inf;0;1;Passing;;;0;14735
da22;7728;75c8;0;0;4000000000000080;     5m  4s 364ms 924μs 558ns;104;-1;              3ms 667μs 342ns;0.000000;inf;0.000000;inf;0;1;Passing;;;0;14743
dc84;7728;75c8;0;0;0000000000000080;     5m  4s 526ms 941μs 975ns;103;-1;              7ms 479μs 143ns;0.000000;inf;0.000000;inf;0;1;Passing;;;0;14746
dc86;7728;75c8;0;0;0000000000000080;     5m  4s 526ms 982μs 762ns;103;-1;              7ms 517μs 838ns;0.000000;inf;0.000000;inf;0;1;Passing;;;0;14747
dc89;7728;75c8;0;0;0000000000000080;     5m  4s 527ms  97μs 646ns;103;-1;              7ms 898μs 577ns;0.000000;inf;0.000000;inf;0;1;Passing;;;0;14751
dc95;7728;75c8;0;0;0000000000000080;     5m  4s 527ms 430μs 274ns;103;-1;              6ms 579μs 704ns;0.000000;inf;0.000000;inf;0;1;Passing;;;0;14751
dd3e;7728;75c8;0;0;0000000000000080;     5m  4s 534ms 349μs 112ns;103;-1;              7ms 334μs 682ns;0.000000;inf;0.000000;inf;0;1;Passing;;;0;14753
dd35;7728;75c8;0;0;0000000000000080;     5m  4s 533ms 868μs  47ns;103;-1;              7ms 286μs 950ns;0.000000;inf;0.000000;inf;0;1;Passing;;;0;14756
dd46;7728;75c8;0;0;0000000000000080;     5m  4s 534ms 927μs  98ns;103;-1;              7ms 117μs 108ns;0.000000;inf;0.000000;inf;0;1;Passing;;;0;14760
dd44;7728;75c8;0;0;0000000000000080;     5m  4s 534ms 915μs 686ns;103;-1;              7ms 282μs 343ns;0.000000;inf;0.000000;inf;0;1;Passing;;;0;14761
ddb1;7728;75c8;0;0;0000000000000080;     5m  4s 543ms 249μs 132ns;103;-1;              7ms 301μs 168ns;0.000000;inf;0.000000;inf;0;1;Passing;;;0;14766
dd98;7728;75c8;0;0;0000000000000080;     5m  4s 541ms  44μs 444ns;103;-1;              6ms 862μs 996ns;0.000000;inf;0.000000;inf;0;1;Passing;;;0;14772
dd92;7728;75c8;0;0;0000000000000080;     5m  4s 540ms 569μs 328ns;103;-1;              6ms 982μs 110ns;0.000000;inf;0.000000;inf;0;1;Passing;;;0;14774
dd8c;7728;75c8;0;0;0000000000000080;     5m  4s 540ms  79μs 197ns;103;-1;              6ms 943μs 887ns;0.000000;inf;0.000000;inf;0;1;Passing;;;0;14777
dd80;7728;75c8;0;0;0000000000000080;     5m  4s 539ms 146μs 697ns;103;-1;              7ms 134μs 646ns;0.000000;inf;0.000000;inf;0;1;Passing;;;0;14781
dd76;7728;75c8;0;0;0000000000000080;     5m  4s 538ms 307μs 183ns;103;-1;              6ms 350μs 325ns;0.000000;inf;0.000000;inf;0;1;Passing;;;0;14784
dd6f;7728;75c8;0;0;0000000000000080;     5m  4s 537ms 875μs 944ns;103;-1;              7ms 274μs 498ns;0.000000;inf;0.000000;inf;0;1;Passing;;;0;14786
dd58;7728;75c8;0;0;0000000000000080;     5m  4s 536ms 228μs 879ns;103;-1;              7ms 334μs 130ns;0.000000;inf;0.000000;inf;0;1;Passing;;;0;14793
dd52;7728;75c8;0;0;0000000000000080;     5m  4s 535ms 774μs 560ns;103;-1;              8ms 275μs 980ns;0.000000;inf;0.000000;inf;0;1;Passing;;;0;14797
dd1f;7728;75c8;0;0;0000000000000080;     5m  4s 532ms 672μs 303ns;103;-1;              7ms 291μs 109ns;0.000000;inf;0.000000;inf;0;1;Passing;;;0;14802
dd19;7728;75c8;0;0;0000000000000080;     5m  4s 532ms 365μs 177ns;103;-1;              6ms 576μs  70ns;0.000000;inf;0.000000;inf;0;1;Passing;;;0;14804
dd12;7728;75c8;0;0;0000000000000080;     5m  4s 532ms  49μs 179ns;103;-1;              7ms 255μs  13ns;0.000000;inf;0.000000;inf;0;1;Passing;;;0;14806
dd0c;7728;75c8;0;0;0000000000000080;     5m  4s 531ms 774μs 934ns;103;-1;              7ms 200μs 565ns;0.000000;inf;0.000000;inf;0;1;Passing;;;0;14807
dcff;7728;75c8;0;0;0000000000000080;     5m  4s 531ms 232μs 484ns;103;-1;              6ms 990μs 715ns;0.000000;inf;0.000000;inf;0;1;Passing;;;0;14811
dd00;7728;75c8;0;0;0000000000000080;     5m  4s 531ms 231μs 956ns;103;-1;              7ms 353μs 248ns;0.000000;inf;0.000000;inf;0;1;Passing;;;0;14813
dcf9;7728;75c8;0;0;0000000000000080;     5m  4s 530ms 976μs 349ns;103;-1;              6ms 708μs 948ns;0.000000;inf;0.000000;inf;0;1;Passing;;;0;14815
dce2;7728;75c8;0;0;0000000000000080;     5m  4s 530ms  25μs  35ns;103;-1;              6ms 843μs 621ns;0.000000;inf;0.000000;inf;0;1;Passing;;;0;14822
dcc3;7728;75c8;0;0;0000000000000080;     5m  4s 528ms 923μs 311ns;103;-1;              7ms 162μs 911ns;0.000000;inf;0.000000;inf;0;1;Passing;;;0;14833
dcb9;7728;75c8;0;0;0000000000000080;     5m  4s 528ms 561μs 838ns;103;-1;              6ms 629μs 801ns;0.000000;inf;0.000000;inf;0;1;Passing;;;0;14836
dcab;7728;75c8;0;0;0000000000000080;     5m  4s 528ms 112μs 636ns;103;-1;              6ms 509μs 917ns;0.000000;inf;0.000000;inf;0;1;Passing;;;0;14841
def1;7728;75c8;0;0;0000000000000080;     5m  4s 689ms 181μs 655ns;102;-1;              7ms 916μs 542ns;0.000000;inf;0.000000;inf;0;1;Passing;;;0;14850
def2;7728;75c8;0;0;0000000000000080;     5m  4s 689ms 302μs 399ns;102;-1;              6ms 416μs 502ns;0.000000;inf;0.000000;inf;0;1;Passing;;;0;14850
def6;7728;75c8;0;0;0000000000000080;     5m  4s 689ms 363μs 208ns;102;-1;              8ms  36μs 414ns;0.000000;inf;0.000000;inf;0;1;Passing;;;0;14850
dfab;7728;75c8;0;0;0000000000000080;     5m  4s 697ms  19μs 178ns;102;-1;              7ms 307μs 672ns;0.000000;inf;0.000000;inf;0;1;Passing;;;0;14853
dfa2;7728;75c8;0;0;0000000000000080;     5m  4s 696ms 543μs 432ns;102;-1;              6ms 239μs 746ns;0.000000;inf;0.000000;inf;0;1;Passing;;;0;14857
dfb0;7728;75c8;0;0;0000000000000080;     5m  4s 697ms 396μs 852ns;102;-1;              7ms 604μs 302ns;0.000000;inf;0.000000;inf;0;1;Passing;;;0;14865
dfb4;7728;75c8;0;0;0000000000000080;     5m  4s 697ms 883μs 970ns;102;-1;              7ms 321μs 306ns;0.000000;inf;0.000000;inf;0;1;Passing;;;0;14866
e01d;7728;75c8;0;0;0000000000000080;     5m  4s 705ms 442μs 949ns;102;-1;              7ms 294μs 416ns;0.000000;inf;0.000000;inf;0;1;Passing;;;0;14870
e002;7728;75c8;0;0;0000000000000080;     5m  4s 703ms 246μs 422ns;102;-1;              6ms 649μs 911ns;0.000000;inf;0.000000;inf;0;1;Passing;;;0;14877
dffc;7728;75c8;0;0;0000000000000080;     5m  4s 702ms 785μs 944ns;102;-1;              7ms       759ns;0.000000;inf;0.000000;inf;0;1;Passing;;;0;14879
dff6;7728;75c8;0;0;0000000000000080;     5m  4s 702ms 318μs 589ns;102;-1;              7ms 358μs 702ns;0.000000;inf;0.000000;inf;0;1;Passing;;;0;14881
dfea;7728;75c8;0;0;0000000000000080;     5m  4s 701ms 445μs 844ns;102;-1;              7ms  89μs 820ns;0.000000;inf;0.000000;inf;0;1;Passing;;;0;14885
dfde;7728;75c8;0;0;0000000000000080;     5m  4s 700ms 595μs 370ns;102;-1;              6ms 886μs 900ns;0.000000;inf;0.000000;inf;0;1;Passing;;;0;14889
dfc6;7728;75c8;0;0;0000000000000080;     5m  4s 699ms  43μs 168ns;102;-1;              7ms 318μs 740ns;0.000000;inf;0.000000;inf;0;1;Passing;;;0;14896
dfc0;7728;75c8;0;0;0000000000000080;     5m  4s 698ms 693μs 799ns;102;-1;              6ms 823μs 149ns;0.000000;inf;0.000000;inf;0;1;Passing;;;0;14899
df8d;7728;75c8;0;0;0000000000000080;     5m  4s 695ms 434μs 378ns;102;-1;              7ms 192μs 307ns;0.000000;inf;0.000000;inf;0;1;Passing;;;0;14901
df87;7728;75c8;0;0;0000000000000080;     5m  4s 695ms 128μs 749ns;102;-1;              6ms 795μs  10ns;0.000000;inf;0.000000;inf;0;1;Passing;;;0;14904
df81;7728;75c8;0;0;0000000000000080;     5m  4s 694ms 844μs 964ns;102;-1;              7ms 109μs 689ns;0.000000;inf;0.000000;inf;0;1;Passing;;;0;14906
df7b;7728;75c8;0;0;0000000000000080;     5m  4s 694ms 569μs 278ns;102;-1;              6ms 793μs 203ns;0.000000;inf;0.000000;inf;0;1;Passing;;;0;14908
df6f;7728;75c8;0;0;0000000000000080;     5m  4s 694ms  16μs 250ns;102;-1;              6ms 679μs 844ns;0.000000;inf;0.000000;inf;0;1;Passing;;;0;14912
df6b;7728;75c8;0;0;0000000000000080;     5m  4s 693ms 854μs 118ns;102;-1;              6ms 693μs  38ns;0.000000;inf;0.000000;inf;0;1;Passing;;;0;14913
df65;7728;75c8;0;0;0000000000000080;     5m  4s 693ms 597μs 460ns;102;-1;              6ms 380μs 406ns;0.000000;inf;0.000000;inf;0;1;Passing;;;0;14915
df51;7728;75c8;0;0;0000000000000080;     5m  4s 692ms 765μs 377ns;102;-1;              7ms 190μs 880ns;0.000000;inf;0.000000;inf;0;1;Passing;;;0;14922
df30;7728;75c8;0;0;0000000000000080;     5m  4s 691ms 594μs 628ns;102;-1;              6ms 772μs 410ns;0.000000;inf;0.000000;inf;0;1;Passing;;;0;14933
df26;7728;75c8;0;0;0000000000000080;     5m  4s 691ms 155μs  13ns;102;-1;              7ms  73μs 995ns;0.000000;inf;0.000000;inf;0;1;Passing;;;0;14936
df18;7728;75c8;0;0;0000000000000080;     5m  4s 690ms 595μs 537ns;102;-1;              6ms 931μs 484ns;0.000000;inf;0.000000;inf;0;1;Passing;;;0;14941
df02;7728;75c8;0;0;0000000000000080;     5m  4s 689ms 882μs 455ns;102;-1;              6ms 654μs 885ns;0.000000;inf;0.000000;inf;0;1;Passing;;;0;14948
e205;7728;75c8;0;0;0000000000000080;     5m  4s 855ms 627μs 796ns;101;-1;              7ms 373μs 756ns;0.000000;inf;0.000000;inf;0;1;Passing;;;0;14958
e1ee;7728;75c8;0;0;0000000000000080;     5m  4s 854ms 269μs 294ns;101;-1;              6ms 209μs 995ns;0.000000;inf;0.000000;inf;0;1;Passing;;;0;14964
e215;7728;75c8;0;0;0000000000000080;     5m  4s 857ms 186μs 282ns;101;-1;              7ms 375μs 834ns;0.000000;inf;0.000000;inf;0;1;Passing;;;0;14969
e217;7728;75c8;0;0;0000000000000080;     5m  4s 857ms 271μs 655ns;101;-1;              7ms 792μs 527ns;0.000000;inf;0.000000;inf;0;1;Passing;;;0;14970
e25a;7728;75c8;0;0;0000000000000080;     5m  4s 862ms 874μs 572ns;101;-1;              6ms 616μs 259ns;0.000000;inf;0.000000;inf;0;1;Passing;;;0;14972
e281;7728;75c8;0;0;0000000000000080;     5m  4s 866ms 659μs 448ns;101;-1;              6ms 863μs 341ns;0.000000;inf;0.000000;inf;0;1;Passing;;;0;14976
e266;7728;75c8;0;0;0000000000000080;     5m  4s 863ms 940μs 686ns;101;-1;              7ms  84μs 258ns;0.000000;inf;0.000000;inf;0;1;Passing;;;0;14982
e260;7728;75c8;0;0;0000000000000080;     5m  4s 863ms 454μs 437ns;101;-1;              7ms 106μs 192ns;0.000000;inf;0.000000;inf;0;1;Passing;;;0;14984
e24e;7728;75c8;0;0;0000000000000080;     5m  4s 861ms 859μs 217ns;101;-1;              6ms 483μs 221ns;0.000000;inf;0.000000;inf;0;1;Passing;;;0;14989
e23f;7728;75c8;0;0;0000000000000080;     5m  4s 860ms 637μs 332ns;101;-1;              6ms 742μs 347ns;0.000000;inf;0.000000;inf;0;1;Passing;;;0;14994
e22c;7728;75c8;0;0;0000000000000080;     5m  4s 858ms 998μs 619ns;101;-1;              6ms 724μs  26ns;0.000000;inf;0.000000;inf;0;1;Passing;;;0;14999
e224;7728;75c8;0;0;0000000000000080;     5m  4s 858ms 469μs 406ns;101;-1;              7ms 751μs 278ns;0.000000;inf;0.000000;inf;0;1;Passing;;;0;15002
e20e;7728;75c8;0;0;0000000000000080;     5m  4s 856ms 536μs 386ns;101;-1;              7ms 126μs 304ns;0.000000;inf;0.000000;inf;0;1;Passing;;;0;15006
e1ea;7728;75c8;0;0;0000000000000080;     5m  4s 853ms 957μs 292ns;101;-1;              6ms 989μs 302ns;0.000000;inf;0.000000;inf;0;1;Passing;;;0;15008
e1e5;7728;75c8;0;0;0000000000000080;     5m  4s 853ms 650μs 195ns;101;-1;              6ms 985μs  76ns;0.000000;inf;0.000000;inf;0;1;Passing;;;0;15009
e1df;7728;75c8;0;0;0000000000000080;     5m  4s 853ms 345μs 222ns;101;-1;              7ms 143μs 174ns;0.000000;inf;0.000000;inf;0;1;Passing;;;0;15011
e1d4;7728;75c8;0;0;0000000000000080;     5m  4s 852ms 792μs 567ns;101;-1;              6ms 837μs  85ns;0.000000;inf;0.000000;inf;0;1;Passing;;;0;15014
e1cf;7728;75c8;0;0;0000000000000080;     5m  4s 852ms 476μs 736ns;101;-1;              7ms 101μs 965ns;0.000000;inf;0.000000;inf;0;1;Passing;;;0;15016
e1c9;7728;75c8;0;0;0000000000000080;     5m  4s 852ms 195μs 408ns;101;-1;              6ms 764μs 607ns;0.000000;inf;0.000000;inf;0;1;Passing;;;0;15018
e1b4;7728;75c8;0;0;0000000000000080;     5m  4s 851ms 177μs 411ns;101;-1;              6ms 659μs 796ns;0.000000;inf;0.000000;inf;0;1;Passing;;;0;15025
e194;7728;75c8;0;0;0000000000000080;     5m  4s 849ms 890μs 921ns;101;-1;              6ms 414μs 622ns;0.000000;inf;0.000000;inf;0;1;Passing;;;0;15035
e18b;7728;75c8;0;0;0000000000000080;     5m  4s 849ms 497μs 778ns;101;-1;              7ms 213μs 295ns;0.000000;inf;0.000000;inf;0;1;Passing;;;0;15039
e17b;7728;75c8;0;0;0000000000000080;     5m  4s 848ms 989μs 722ns;101;-1;              7ms 441μs 373ns;0.000000;inf;0.000000;inf;0;1;Passing;;;0;15044
e166;7728;75c8;0;0;0000000000000080;     5m  4s 848ms 460μs 459ns;101;-1;              5ms 953μs 685ns;0.000000;inf;0.000000;inf;0;1;Passing;;;0;15051
e3c8;7728;75c8;0;0;0000000000000080;     5m  5s   4ms 408μs  25ns;100;-1;              7ms 581μs 677ns;0.000000;inf;0.000000;inf;0;1;Passing;;;0;15059
e44f;7728;75c8;0;0;0000000000000080;     5m  5s  10ms 854μs 949ns;100;-1;              7ms 132μs  20ns;0.000000;inf;0.000000;inf;0;1;Passing;;;0;15064
e461;7728;75c8;0;0;0000000000000080;     5m  5s  12ms 127μs 300ns;100;-1;              6ms 488μs 231ns;0.000000;inf;0.000000;inf;0;1;Passing;;;0;15069
e446;7728;75c8;0;0;0000000000000080;     5m  5s  10ms 306μs 302ns;100;-1;              7ms 132μs 597ns;0.000000;inf;0.000000;inf;0;1;Passing;;;0;15070
e4be;7728;75c8;0;0;0000000000000080;     5m  5s  19ms 498μs 194ns;100;-1;              6ms 528μs  57ns;0.000000;inf;0.000000;inf;0;1;Passing;;;0;15073
e4c4;7728;75c8;0;0;0000000000000080;     5m  5s  20ms  58μs 552ns;100;-1;              6ms 303μs 521ns;0.000000;inf;0.000000;inf;0;1;Passing;;;0;15074
e4ba;7728;75c8;0;0;0000000000000080;     5m  5s  19ms 154μs 772ns;100;-1;              6ms 880μs 925ns;0.000000;inf;0.000000;inf;0;1;Passing;;;0;15076
e4df;7728;75c8;0;0;0000000000000080;     5m  5s  22ms 638μs 646ns;100;-1;              6ms 588μs 592ns;0.000000;inf;0.000000;inf;0;1;Passing;;;0;15078
e4ac;7728;75c8;0;0;0000000000000080;     5m  5s  18ms  36μs 430ns;100;-1;              7ms 472μs 495ns;0.000000;inf;0.000000;inf;0;1;Passing;;;0;15090
e49f;7728;75c8;0;0;0000000000000080;     5m  5s  16ms 910μs 338ns;100;-1;              6ms 510μs 801ns;0.000000;inf;0.000000;inf;0;1;Passing;;;0;15095
e488;7728;75c8;0;0;0000000000000080;     5m  5s  15ms 365μs 339ns;100;-1;              7ms 750μs 330ns;0.000000;inf;0.000000;inf;0;1;Passing;;;0;15103
e482;7728;75c8;0;0;0000000000000080;     5m  5s  14ms 814μs 489ns;100;-1;              7ms 253μs 713ns;0.000000;inf;0.000000;inf;0;1;Passing;;;0;15104
e476;7728;75c8;0;0;0000000000000080;     5m  5s  13ms 738μs 439ns;100;-1;              7ms 177μs 763ns;0.000000;inf;0.000000;inf;0;1;Passing;;;0;15108
e472;7728;75c8;0;0;0000000000000080;     5m  5s  13ms 388μs 809ns;100;-1;              6ms 647μs 557ns;0.000000;inf;0.000000;inf;0;1;Passing;;;0;15110
e46c;7728;75c8;0;0;0000000000000080;     5m  5s  13ms  31μs 520ns;100;-1;              6ms 206μs 295ns;0.000000;inf;0.000000;inf;0;1;Passing;;;0;15111
e440;7728;75c8;0;0;0000000000000080;     5m  5s   9ms 990μs 986ns;100;-1;              7ms 229μs 950ns;0.000000;inf;0.000000;inf;0;1;Passing;;;0;15114
e431;7728;75c8;0;0;0000000000000080;     5m  5s   9ms 182μs 964ns;100;-1;              6ms 892μs 314ns;0.000000;inf;0.000000;inf;0;1;Passing;;;0;15118
e433;7728;75c8;0;0;0000000000000080;     5m  5s   9ms 158μs  95ns;100;-1;              7ms 151μs 425ns;0.000000;inf;0.000000;inf;0;1;Passing;;;0;15119
e42b;7728;75c8;0;0;0000000000000080;     5m  5s   8ms 807μs 304ns;100;-1;              5ms 478μs 198ns;0.000000;inf;0.000000;inf;0;1;Passing;;;0;15121
e415;7728;75c8;0;0;0000000000000080;     5m  5s   7ms 592μs 805ns;100;-1;              6ms 715μs 622ns;0.000000;inf;0.000000;inf;0;1;Passing;;;0;15129
e3f4;7728;75c8;0;0;0000000000000080;     5m  5s   5ms 900μs 143ns;100;-1;              6ms 931μs 473ns;0.000000;inf;0.000000;inf;0;1;Passing;;;0;15140
e3eb;7728;75c8;0;0;0000000000000080;     5m  5s   5ms 667μs 598ns;100;-1;              6ms   8μs 639ns;0.000000;inf;0.000000;inf;0;1;Passing;;;0;15142
e3dd;7728;75c8;0;0;0000000000000080;     5m  5s   5ms 146μs 398ns;100;-1;              7ms  32μs 791ns;0.000000;inf;0.000000;inf;0;1;Passing;;;0;15145
e622;7728;75c8;0;0;0000000000000080;     5m  5s 158ms 248μs 930ns;99;-1;              6ms 357μs 320ns;0.000000;inf;0.000000;inf;0;1;Passing;;;0;15159
e6a4;7728;75c8;0;0;0000000000000080;     5m  5s 164ms 223μs 286ns;99;-1;              6ms 423μs  29ns;0.000000;inf;0.000000;inf;0;1;Passing;;;0;15165
e69b;7728;75c8;0;0;0000000000000080;     5m  5s 163ms 814μs 207ns;99;-1;              7ms 109μs 249ns;0.000000;inf;0.000000;inf;0;1;Passing;;;0;15167
e6bb;7728;75c8;0;0;0000000000000080;     5m  5s 165ms 572μs 247ns;99;-1;              6ms 655μs  22ns;0.000000;inf;0.000000;inf;0;1;Passing;;;0;15170
e6c5;7728;75c8;0;0;0000000000000080;     5m  5s 166ms 274μs   6ns;99;-1;              6ms 995μs 334ns;0.000000;inf;0.000000;inf;0;1;Passing;;;0;15172
e6cc;7728;75c8;0;0;0000000000000080;     5m  5s 166ms 767μs  85ns;99;-1;              7ms  76μs   0ns;0.000000;inf;0.000000;inf;0;1;Passing;;;0;15173
e70f;7728;75c8;0;0;0000000000000080;     5m  5s 171ms 303μs 383ns;99;-1;              6ms 553μs 932ns;0.000000;inf;0.000000;inf;0;1;Passing;;;0;15174
e737;7728;75c8;0;0;0000000000000080;     5m  5s 174ms 928μs 297ns;99;-1;              6ms 459μs 154ns;0.000000;inf;0.000000;inf;0;1;Passing;;;0;15179
e71b;7728;75c8;0;0;0000000000000080;     5m  5s 172ms 263μs 539ns;99;-1;              6ms 650μs 229ns;0.000000;inf;0.000000;inf;0;1;Passing;;;0;15184
e715;7728;75c8;0;0;0000000000000080;     5m  5s 171ms 803μs 697ns;99;-1;              6ms 921μs 870ns;0.000000;inf;0.000000;inf;0;1;Passing;;;0;15186
e703;7728;75c8;0;0;0000000000000080;     5m  5s 170ms 419μs 842ns;99;-1;              6ms 570μs  86ns;0.000000;inf;0.000000;inf;0;1;Passing;;;0;15191
e6f6;7728;75c8;0;0;0000000000000080;     5m  5s 169ms 561μs 224ns;99;-1;              6ms 719μs 570ns;0.000000;inf;0.000000;inf;0;1;Passing;;;0;15195
e6df;7728;75c8;0;0;0000000000000080;     5m  5s 167ms 948μs 377ns;99;-1;              6ms 979μs 282ns;0.000000;inf;0.000000;inf;0;1;Passing;;;0;15203
e6d9;7728;75c8;0;0;0000000000000080;     5m  5s 167ms 577μs 280ns;99;-1;              6ms 692μs 454ns;0.000000;inf;0.000000;inf;0;1;Passing;;;0;15205
e6cb;7728;75c8;0;0;0000000000000080;     5m  5s 166ms 739μs 923ns;99;-1;              6ms 984μs  79ns;0.000000;inf;0.000000;inf;0;1;Passing;;;0;15209
e68f;7728;75c8;0;0;0000000000000080;     5m  5s 163ms 233μs 962ns;99;-1;              6ms 961μs 513ns;0.000000;inf;0.000000;inf;0;1;Passing;;;0;15218
e68c;7728;75c8;0;0;0000000000000080;     5m  5s 163ms  79μs 496ns;99;-1;              7ms 496μs 806ns;0.000000;inf;0.000000;inf;0;1;Passing;;;0;15219
e686;7728;75c8;0;0;0000000000000080;     5m  5s 162ms 819μs 871ns;99;-1;              6ms 919μs 673ns;0.000000;inf;0.000000;inf;0;1;Passing;;;0;15221
e671;7728;75c8;0;0;0000000000000080;     5m  5s 161ms 903μs 299ns;99;-1;              6ms 482μs 896ns;0.000000;inf;0.000000;inf;0;1;Passing;;;0;15228
e64d;7728;75c8;0;0;0000000000000080;     5m  5s 160ms  52μs 302ns;99;-1;              6ms 812μs 708ns;0.000000;inf;0.000000;inf;0;1;Passing;;;0;15240
e646;7728;75c8;0;0;0000000000000080;     5m  5s 159ms 834μs 325ns;99;-1;              6ms 737μs  94ns;0.000000;inf;0.000000;inf;0;1;Passing;;;0;15242
e637;7728;75c8;0;0;0000000000000080;     5m  5s 159ms 143μs 373ns;99;-1;              6ms 812μs 361ns;0.000000;inf;0.000000;inf;0;1;Passing;;;0;15247
e877;7728;75c8;0;0;0000000000000080;     5m  5s 308ms 593μs 389ns;98;-1;              6ms 788μs 111ns;0.000000;inf;0.000000;inf;0;1;Passing;;;0;15263
e910;7728;75c8;0;0;0000000000000080;     5m  5s 314ms 783μs 801ns;98;-1;              6ms 989μs 758ns;0.000000;inf;0.000000;inf;0;1;Passing;;;0;15267
e920;7728;75c8;0;0;0000000000000080;     5m  5s 315ms 786μs 177ns;98;-1;              6ms 773μs 407ns;0.000000;inf;0.000000;inf;0;1;Passing;;;0;15270
e92e;7728;75c8;0;0;0000000000000080;     5m  5s 316ms 810μs 647ns;98;-1;              7ms 385μs 324ns;0.000000;inf;0.000000;inf;0;1;Passing;;;0;15272
e970;7728;75c8;0;0;0000000000000080;     5m  5s 321ms 682μs 917ns;98;-1;              7ms 203μs   2ns;0.000000;inf;0.000000;inf;0;1;Passing;;;0;15283
e96a;7728;75c8;0;0;0000000000000080;     5m  5s 321ms 203μs 897ns;98;-1;              6ms 777μs 262ns;0.000000;inf;0.000000;inf;0;1;Passing;;;0;15285
e964;7728;75c8;0;0;0000000000000080;     5m  5s 320ms 713μs 725ns;98;-1;              7ms 157μs 606ns;0.000000;inf;0.000000;inf;0;1;Passing;;;0;15286
e958;7728;75c8;0;0;0000000000000080;     5m  5s 319ms 795μs 701ns;98;-1;              6ms 810μs 717ns;0.000000;inf;0.000000;inf;0;1;Passing;;;0;15290
e94c;7728;75c8;0;0;0000000000000080;     5m  5s 318ms 924μs 283ns;98;-1;              6ms 855μs 589ns;0.000000;inf;0.000000;inf;0;1;Passing;;;0;15294
e934;7728;75c8;0;0;0000000000000080;     5m  5s 317ms 259μs 998ns;98;-1;              6ms 905μs 652ns;0.000000;inf;0.000000;inf;0;1;Passing;;;0;15301
e923;7728;75c8;0;0;0000000000000080;     5m  5s 315ms 964μs 322ns;98;-1;              6ms 358μs 895ns;0.000000;inf;0.000000;inf;0;1;Passing;;;0;15305
e91a;7728;75c8;0;0;0000000000000080;     5m  5s 315ms 433μs  91ns;98;-1;              6ms 947μs 549ns;0.000000;inf;0.000000;inf;0;1;Passing;;;0;15307
e8f8;7728;75c8;0;0;0000000000000080;     5m  5s 313ms 523μs 239ns;98;-1;              6ms 878μs 975ns;0.000000;inf;0.000000;inf;0;1;Passing;;;0;15313
e8f0;7728;75c8;0;0;0000000000000080;     5m  5s 313ms 120μs 748ns;98;-1;              6ms 793μs  65ns;0.000000;inf;0.000000;inf;0;1;Passing;;;0;15316
e8e4;7728;75c8;0;0;0000000000000080;     5m  5s 312ms 586μs 639ns;98;-1;              6ms 956μs 539ns;0.000000;inf;0.000000;inf;0;1;Passing;;;0;15320
e8e0;7728;75c8;0;0;0000000000000080;     5m  5s 312ms 404μs 514ns;98;-1;              6ms 767μs 497ns;0.000000;inf;0.000000;inf;0;1;Passing;;;0;15321
e8da;7728;75c8;0;0;0000000000000080;     5m  5s 312ms 131μs 356ns;98;-1;              6ms 652μs  23ns;0.000000;inf;0.000000;inf;0;1;Passing;;;0;15323
e8c6;7728;75c8;0;0;0000000000000080;     5m  5s 311ms 230μs 931ns;98;-1;              6ms 751μs 317ns;0.000000;inf;0.000000;inf;0;1;Passing;;;0;15330
e8a4;7728;75c8;0;0;0000000000000080;     5m  5s 310ms   1μs 814ns;98;-1;              7ms  32μs 199ns;0.000000;inf;0.000000;inf;0;1;Passing;;;0;15341
e89c;7728;75c8;0;0;0000000000000080;     5m  5s 309ms 733μs 976ns;98;-1;              6ms 818μs  13ns;0.000000;inf;0.000000;inf;0;1;Passing;;;0;15344
e88c;7728;75c8;0;0;0000000000000080;     5m  5s 309ms 201μs 578ns;98;-1;              6ms 414μs 902ns;0.000000;inf;0.000000;inf;0;1;Passing;;;0;15349
eac7;7728;75c8;0;0;0000000000000080;     5m  5s 456ms 269μs 945ns;97;-1;              7ms  59μs 778ns;0.000000;inf;0.000000;inf;0;1;Passing;;;0;15360
eb5c;7728;75c8;0;0;0000000000000080;     5m  5s 462ms 154μs 232ns;97;-1;              6ms 320μs 258ns;0.000000;inf;0.000000;inf;0;1;Passing;;;0;15363
eb7a;7728;75c8;0;0;0000000000000080;     5m  5s 464ms  41μs 156ns;97;-1;              6ms 958μs 739ns;0.000000;inf;0.000000;inf;0;1;Passing;;;0;15370
eb80;7728;75c8;0;0;0000000000000080;     5m  5s 464ms 482μs 127ns;97;-1;              6ms 925μs 377ns;0.000000;inf;0.000000;inf;0;1;Passing;;;0;15371
ebbb;7728;75c8;0;0;0000000000000080;     5m  5s 468ms 889μs 906ns;97;-1;              7ms 343μs 915ns;0.000000;inf;0.000000;inf;0;1;Passing;;;0;15382
ebb6;7728;75c8;0;0;0000000000000080;     5m  5s 468ms 389μs 492ns;97;-1;              6ms 490μs 384ns;0.000000;inf;0.000000;inf;0;1;Passing;;;0;15384
ebb0;7728;75c8;0;0;0000000000000080;     5m  5s 467ms 921μs 617ns;97;-1;              6ms 504μs 942ns;0.000000;inf;0.000000;inf;0;1;Passing;;;0;15385
eba4;7728;75c8;0;0;0000000000000080;     5m  5s 467ms  27μs 937ns;97;-1;              6ms 851μs 985ns;0.000000;inf;0.000000;inf;0;1;Passing;;;0;15389
eb98;7728;75c8;0;0;0000000000000080;     5m  5s 466ms 168μs 683ns;97;-1;              6ms 845μs 522ns;0.000000;inf;0.000000;inf;0;1;Passing;;;0;15392
eb6d;7728;75c8;0;0;0000000000000080;     5m  5s 463ms 232μs 178ns;97;-1;              6ms 917μs 536ns;0.000000;inf;0.000000;inf;0;1;Passing;;;0;15403
eb6c;7728;75c8;0;0;0000000000000080;     5m  5s 463ms 229μs 869ns;97;-1;              6ms 775μs 565ns;0.000000;inf;0.000000;inf;0;1;Passing;;;0;15404
eb66;7728;75c8;0;0;0000000000000080;     5m  5s 462ms 899μs 490ns;97;-1;              6ms 459μs 447ns;0.000000;inf;0.000000;inf;0;1;Passing;;;0;15406
eb3e;7728;75c8;0;0;0000000000000080;     5m  5s 460ms 654μs 696ns;97;-1;              6ms 523μs 746ns;0.000000;inf;0.000000;inf;0;1;Passing;;;0;15412
eb32;7728;75c8;0;0;0000000000000080;     5m  5s 460ms  99μs 733ns;97;-1;              6ms 613μs  25ns;0.000000;inf;0.000000;inf;0;1;Passing;;;0;15416
eb30;7728;75c8;0;0;0000000000000080;     5m  5s 460ms  39μs 861ns;97;-1;              6ms 599μs 566ns;0.000000;inf;0.000000;inf;0;1;Passing;;;0;15417
eb2a;7728;75c8;0;0;0000000000000080;     5m  5s 459ms 787μs 944ns;97;-1;              6ms 668μs  46ns;0.000000;inf;0.000000;inf;0;1;Passing;;;0;15419
eb14;7728;75c8;0;0;0000000000000080;     5m  5s 458ms 876μs 490ns;97;-1;              6ms 515μs 939ns;0.000000;inf;0.000000;inf;0;1;Passing;;;0;15425
eaf4;7728;75c8;0;0;0000000000000080;     5m  5s 457ms 757μs 332ns;97;-1;              6ms 160μs 499ns;0.000000;inf;0.000000;inf;0;1;Passing;;;0;15436
eaea;7728;75c8;0;0;0000000000000080;     5m  5s 457ms 446μs 530ns;97;-1;              6ms 644μs 229ns;0.000000;inf;0.000000;inf;0;1;Passing;;;0;15439
eadb;7728;75c8;0;0;0000000000000080;     5m  5s 456ms 931μs  53ns;97;-1;              7ms  12μs 818ns;0.000000;inf;0.000000;inf;0;1;Passing;;;0;15444
ed0e;7728;75c8;0;0;0000000000000080;     5m  5s 601ms 609μs 652ns;96;-1;              6ms 476μs 506ns;0.000000;inf;0.000000;inf;0;1;Passing;;;0;15456
eda2;7728;75c8;0;0;0000000000000080;     5m  5s 607ms 955μs 187ns;96;-1;              5ms 469μs 275ns;0.000000;inf;0.000000;inf;0;1;Passing;;;0;15460
edac;7728;75c8;0;0;0000000000000080;     5m  5s 608ms 784μs 818ns;96;-1;              6ms 882μs  59ns;0.000000;inf;0.000000;inf;0;1;Passing;;;0;15467
edb3;7728;75c8;0;0;0000000000000080;     5m  5s 609ms 199μs 287ns;96;-1;              6ms 445μs 173ns;0.000000;inf;0.000000;inf;0;1;Passing;;;0;15469
ee02;7728;75c8;0;0;0000000000000080;     5m  5s 614ms 834μs 429ns;96;-1;              6ms 398μs 184ns;0.000000;inf;0.000000;inf;0;1;Passing;;;0;15479
edfc;7728;75c8;0;0;0000000000000080;     5m  5s 614ms 298μs 383ns;96;-1;              6ms 514μs 576ns;0.000000;inf;0.000000;inf;0;1;Passing;;;0;15480
edf6;7728;75c8;0;0;0000000000000080;     5m  5s 613ms 865μs 109ns;96;-1;              6ms 558μs 181ns;0.000000;inf;0.000000;inf;0;1;Passing;;;0;15482
edea;7728;75c8;0;0;0000000000000080;     5m  5s 612ms 998μs 681ns;96;-1;              6ms 312μs 361ns;0.000000;inf;0.000000;inf;0;1;Passing;;;0;15486
edde;7728;75c8;0;0;0000000000000080;     5m  5s 612ms 168μs 408ns;96;-1;              6ms 499μs 668ns;0.000000;inf;0.000000;inf;0;1;Passing;;;0;15490
edc6;7728;75c8;0;0;0000000000000080;     5m  5s 610ms 582μs 206ns;96;-1;              6ms 854μs 644ns;0.000000;inf;0.000000;inf;0;1;Passing;;;0;15498
edc0;7728;75c8;0;0;0000000000000080;     5m  5s 610ms 183μs 169ns;96;-1;              6ms 270μs  39ns;0.000000;inf;0.000000;inf;0;1;Passing;;;0;15500
edb2;7728;75c8;0;0;0000000000000080;     5m  5s 609ms 192μs 197ns;96;-1;              6ms 483μs 495ns;0.000000;inf;0.000000;inf;0;1;Passing;;;0;15503
ed85;7728;75c8;0;0;0000000000000080;     5m  5s 606ms 462μs 342ns;96;-1;              6ms 569μs 229ns;0.000000;inf;0.000000;inf;0;1;Passing;;;0;15510
ed79;7728;75c8;0;0;0000000000000080;     5m  5s 605ms 931μs 499ns;96;-1;              6ms 704μs 665ns;0.000000;inf;0.000000;inf;0;1;Passing;;;0;15514
ed73;7728;75c8;0;0;0000000000000080;     5m  5s 605ms 688μs 803ns;96;-1;              6ms 703μs 529ns;0.000000;inf;0.000000;inf;0;1;Passing;;;0;15516
ed5d;7728;75c8;0;0;0000000000000080;     5m  5s 604ms 731μs 440ns;96;-1;              6ms 582μs 119ns;0.000000;inf;0.000000;inf;0;1;Passing;;;0;15523
ed3d;7728;75c8;0;0;0000000000000080;     5m  5s 603ms 314μs 271ns;96;-1;              6ms 670μs 405ns;0.000000;inf;0.000000;inf;0;1;Passing;;;0;15534
ed33;7728;75c8;0;0;0000000000000080;     5m  5s 602ms 917μs 189ns;96;-1;              6ms 381μs 652ns;0.000000;inf;0.000000;inf;0;1;Passing;;;0;15537
ed25;7728;75c8;0;0;0000000000000080;     5m  5s 602ms 424μs 137ns;96;-1;              6ms 890μs 456ns;0.000000;inf;0.000000;inf;0;1;Passing;;;0;15542
ef52;7728;75c8;0;0;0000000000000080;     5m  5s 741ms 786μs 340ns;95;-1;              6ms 183μs  81ns;0.000000;inf;0.000000;inf;0;1;Passing;;;0;15557
efeb;7728;75c8;0;0;0000000000000080;     5m  5s 748ms 486μs  42ns;95;-1;              7ms 131μs 952ns;0.000000;inf;0.000000;inf;0;1;Passing;;;0;15558
efe3;7728;75c8;0;0;0000000000000080;     5m  5s 748ms 132μs 601ns;95;-1;              7ms 252μs 301ns;0.000000;inf;0.000000;inf;0;1;Passing;;;0;15561
eff1;7728;75c8;0;0;0000000000000080;     5m  5s 748ms 934μs 661ns;95;-1;              6ms 397μs 610ns;0.000000;inf;0.000000;inf;0;1;Passing;;;0;15563
eff5;7728;75c8;0;0;0000000000000080;     5m  5s 749ms 289μs 378ns;95;-1;              6ms 773μs 276ns;0.000000;inf;0.000000;inf;0;1;Passing;;;0;15564
f043;7728;75c8;0;0;0000000000000080;     5m  5s 754ms 907μs 647ns;95;-1;              6ms 411μs 724ns;0.000000;inf;0.000000;inf;0;1;Passing;;;0;15567
f03d;7728;75c8;0;0;0000000000000080;     5m  5s 754ms 452μs 693ns;95;-1;              6ms 114μs 765ns;0.000000;inf;0.000000;inf;0;1;Passing;;;0;15577
f037;7728;75c8;0;0;0000000000000080;     5m  5s 753ms 996μs 914ns;95;-1;              6ms 155μs 317ns;0.000000;inf;0.000000;inf;0;1;Passing;;;0;15579
f02b;7728;75c8;0;0;0000000000000080;     5m  5s 753ms  86μs  65ns;95;-1;              6ms 229μs 841ns;0.000000;inf;0.000000;inf;0;1;Passing;;;0;15583
f01f;7728;75c8;0;0;0000000000000080;     5m  5s 752ms 235μs 168ns;95;-1;              6ms 505μs  88ns;0.000000;inf;0.000000;inf;0;1;Passing;;;0;15587
f007;7728;75c8;0;0;0000000000000080;     5m  5s 750ms 625μs 979ns;95;-1;              6ms 245μs 296ns;0.000000;inf;0.000000;inf;0;1;Passing;;;0;15594
f001;7728;75c8;0;0;0000000000000080;     5m  5s 750ms 231μs 826ns;95;-1;              6ms 707μs 676ns;0.000000;inf;0.000000;inf;0;1;Passing;;;0;15596
efc5;7728;75c8;0;0;0000000000000080;     5m  5s 746ms 545μs 470ns;95;-1;              6ms 636μs 423ns;0.000000;inf;0.000000;inf;0;1;Passing;;;0;15608
efb9;7728;75c8;0;0;0000000000000080;     5m  5s 745ms 977μs 500ns;95;-1;              6ms 777μs 839ns;0.000000;inf;0.000000;inf;0;1;Passing;;;0;15612
efb3;7728;75c8;0;0;0000000000000080;     5m  5s 745ms 740μs 957ns;95;-1;              6ms 520μs 318ns;0.000000;inf;0.000000;inf;0;1;Passing;;;0;15613
efa0;7728;75c8;0;0;0000000000000080;     5m  5s 744ms 816μs 862ns;95;-1;              6ms 385μs 982ns;0.000000;inf;0.000000;inf;0;1;Passing;;;0;15620
ef7d;7728;75c8;0;0;0000000000000080;     5m  5s 743ms 314μs 347ns;95;-1;              6ms 260μs 589ns;0.000000;inf;0.000000;inf;0;1;Passing;;;0;15632
ef68;7728;75c8;0;0;0000000000000080;     5m  5s 742ms 560μs 647ns;95;-1;              6ms 604μs 378ns;0.000000;inf;0.000000;inf;0;1;Passing;;;0;15639
f18f;7728;75c8;0;0;0000000000000080;     5m  5s 879ms 505μs 611ns;94;-1;              6ms 632μs 472ns;0.000000;inf;0.000000;inf;0;1;Passing;;;0;15650
f22f;7728;75c8;0;0;0000000000000080;     5m  5s 885ms 685μs  64ns;94;-1;              6ms 304μs 642ns;0.000000;inf;0.000000;inf;0;1;Passing;;;0;15653
f22c;7728;75c8;0;0;0000000000000080;     5m  5s 885ms 547μs 743ns;94;-1;              6ms 261μs 661ns;0.000000;inf;0.000000;inf;0;1;Passing;;;0;15654
f226;7728;75c8;0;0;0000000000000080;     5m  5s 885ms 190μs 729ns;94;-1;              6ms 643μs 393ns;0.000000;inf;0.000000;inf;0;1;Passing;;;0;15656
f241;7728;75c8;0;0;0000000000000080;     5m  5s 886ms 911μs 928ns;94;-1;              6ms  18μs  99ns;0.000000;inf;0.000000;inf;0;1;Passing;;;0;15659
f27d;7728;75c8;0;0;0000000000000080;     5m  5s 891ms 304μs 183ns;94;-1;              6ms 585μs 941ns;0.000000;inf;0.000000;inf;0;1;Passing;;;0;15671
f277;7728;75c8;0;0;0000000000000080;     5m  5s 890ms 882μs  21ns;94;-1;              6ms 714μs 896ns;0.000000;inf;0.000000;inf;0;1;Passing;;;0;15673
f271;7728;75c8;0;0;0000000000000080;     5m  5s 890ms 405μs 112ns;94;-1;              5ms 750μs 281ns;0.000000;inf;0.000000;inf;0;1;Passing;;;0;15675
f265;7728;75c8;0;0;0000000000000080;     5m  5s 889ms 573μs 142ns;94;-1;              6ms 524μs 936ns;0.000000;inf;0.000000;inf;0;1;Passing;;;0;15679
f259;7728;75c8;0;0;0000000000000080;     5m  5s 888ms 753μs 525ns;94;-1;              7ms   6μs 829ns;0.000000;inf;0.000000;inf;0;1;Passing;;;0;15683
f23b;7728;75c8;0;0;0000000000000080;     5m  5s 886ms 550μs 268ns;94;-1;              6ms 742μs  24ns;0.000000;inf;0.000000;inf;0;1;Passing;;;0;15689
f21c;7728;75c8;0;0;0000000000000080;     5m  5s 884ms 672μs 899ns;94;-1;              6ms 402μs 551ns;0.000000;inf;0.000000;inf;0;1;Passing;;;0;15691
f1fe;7728;75c8;0;0;0000000000000080;     5m  5s 883ms 151μs 362ns;94;-1;              6ms  96μs 870ns;0.000000;inf;0.000000;inf;0;1;Passing;;;0;15701
f1f2;7728;75c8;0;0;0000000000000080;     5m  5s 882ms 651μs 600ns;94;-1;              6ms 685μs 872ns;0.000000;inf;0.000000;inf;0;1;Passing;;;0;15705
f1ec;7728;75c8;0;0;0000000000000080;     5m  5s 882ms 406μs 994ns;94;-1;              5ms 971μs 271ns;0.000000;inf;0.000000;inf;0;1;Passing;;;0;15707
f1d8;7728;75c8;0;0;0000000000000080;     5m  5s 881ms 668μs 948ns;94;-1;              7ms   3μs 296ns;0.000000;inf;0.000000;inf;0;1;Passing;;;0;15714
f1b5;7728;75c8;0;0;0000000000000080;     5m  5s 880ms 523μs 962ns;94;-1;              6ms 486μs 480ns;0.000000;inf;0.000000;inf;0;1;Passing;;;0;15726
f3c6;7728;75c8;0;0;0000000000000080;     5m  6s  15ms 118μs 546ns;93;-1;              6ms 423μs 203ns;0.000000;inf;0.000000;inf;0;1;Passing;;;0;15745
f460;7728;75c8;0;0;0000000000000080;     5m  6s  22ms 453μs 531ns;93;-1;              6ms 929μs  45ns;0.000000;inf;0.000000;inf;0;1;Passing;;;0;15752
f459;7728;75c8;0;0;0000000000000080;     5m  6s  22ms  19μs 897ns;93;-1;              5ms 903μs  72ns;0.000000;inf;0.000000;inf;0;1;Passing;;;0;15753
f463;7728;75c8;0;0;0000000000000080;     5m  6s  22ms 672μs  24ns;93;-1;              6ms 140μs 402ns;0.000000;inf;0.000000;inf;0;1;Passing;;;0;15754
f474;7728;75c8;0;0;0000000000000080;     5m  6s  24ms  45μs 175ns;93;-1;              6ms 301μs  81ns;0.000000;inf;0.000000;inf;0;1;Passing;;;0;15756
f4b1;7728;75c8;0;0;0000000000000080;     5m  6s  28ms 892μs 865ns;93;-1;              6ms 446μs 370ns;0.000000;inf;0.000000;inf;0;1;Passing;;;0;15758
f4ad;7728;75c8;0;0;0000000000000080;     5m  6s  28ms 529μs 166ns;93;-1;              6ms 554μs 776ns;0.000000;inf;0.000000;inf;0;1;Passing;;;0;15759
f4a5;7728;75c8;0;0;0000000000000080;     5m  6s  27ms 963μs 680ns;93;-1;              6ms 258μs 571ns;0.000000;inf;0.000000;inf;0;1;Passing;;;0;15770
f496;7728;75c8;0;0;0000000000000080;     5m  6s  26ms 760μs 451ns;93;-1;              6ms 192μs 856ns;0.000000;inf;0.000000;inf;0;1;Passing;;;0;15775
f48d;7728;75c8;0;0;0000000000000080;     5m  6s  25ms 953μs 112ns;93;-1;              6ms 256μs 995ns;0.000000;inf;0.000000;inf;0;1;Passing;;;0;15778
f46c;7728;75c8;0;0;0000000000000080;     5m  6s  23ms 577μs 716ns;93;-1;              6ms   7μs 566ns;0.000000;inf;0.000000;inf;0;1;Passing;;;0;15786
f453;7728;75c8;0;0;0000000000000080;     5m  6s  21ms 622μs 270ns;93;-1;              5ms 996μs 624ns;0.000000;inf;0.000000;inf;0;1;Passing;;;0;15790
f42a;7728;75c8;0;0;0000000000000080;     5m  6s  19ms 187μs 819ns;93;-1;              6ms 316μs 590ns;0.000000;inf;0.000000;inf;0;1;Passing;;;0;15804
f424;7728;75c8;0;0;0000000000000080;     5m  6s  18ms 919μs 507ns;93;-1;              6ms 303μs 909ns;0.000000;inf;0.000000;inf;0;1;Passing;;;0;15806
f40f;7728;75c8;0;0;0000000000000080;     5m  6s  17ms 991μs 397ns;93;-1;              6ms 552μs  10ns;0.000000;inf;0.000000;inf;0;1;Passing;;;0;15812
f3ed;7728;75c8;0;0;0000000000000080;     5m  6s  16ms 374μs  70ns;93;-1;              6ms 261μs 989ns;0.000000;inf;0.000000;inf;0;1;Passing;;;0;15825
f5f4;7728;75c8;0;0;0000000000000080;     5m  6s 147ms 537μs 125ns;92;-1;              6ms  85μs 455ns;0.000000;inf;0.000000;inf;0;1;Passing;;;0;15837
f68e;7728;75c8;0;0;0000000000000080;     5m  6s 154ms 289μs 824ns;92;-1;              6ms 700μs 414ns;0.000000;inf;0.000000;inf;0;1;Passing;;;0;15839
f690;7728;75c8;0;0;0000000000000080;     5m  6s 154ms 439μs 885ns;92;-1;              5ms 629μs 388ns;0.000000;inf;0.000000;inf;0;1;Passing;;;0;15840
f688;7728;75c8;0;0;0000000000000080;     5m  6s 153ms 950μs 857ns;92;-1;              6ms 821μs 314ns;0.000000;inf;0.000000;inf;0;1;Passing;;;0;15843
f67f;7728;75c8;0;0;0000000000000080;     5m  6s 153ms 415μs 883ns;92;-1;              6ms 503μs 126ns;0.000000;inf;0.000000;inf;0;1;Passing;;;0;15846
f69b;7728;75c8;0;0;0000000000000080;     5m  6s 155ms 244μs 538ns;92;-1;              6ms 990μs 964ns;0.000000;inf;0.000000;inf;0;1;Passing;;;0;15850
f6de;7728;75c8;0;0;0000000000000080;     5m  6s 159ms 942μs 437ns;92;-1;              6ms 160μs  96ns;0.000000;inf;0.000000;inf;0;1;Passing;;;0;15860
f6d7;7728;75c8;0;0;0000000000000080;     5m  6s 159ms 494μs 460ns;92;-1;              6ms 157μs 612ns;0.000000;inf;0.000000;inf;0;1;Passing;;;0;15862
f6d1;7728;75c8;0;0;0000000000000080;     5m  6s 159ms  44μs 384ns;92;-1;              6ms 739μs 544ns;0.000000;inf;0.000000;inf;0;1;Passing;;;0;15864
f6c5;7728;75c8;0;0;0000000000000080;     5m  6s 158ms 194μs 734ns;92;-1;              5ms 721μs 854ns;0.000000;inf;0.000000;inf;0;1;Passing;;;0;15868
f6b9;7728;75c8;0;0;0000000000000080;     5m  6s 157ms 366μs 104ns;92;-1;              6ms 432μs 185ns;0.000000;inf;0.000000;inf;0;1;Passing;;;0;15872
f6a1;7728;75c8;0;0;0000000000000080;     5m  6s 155ms 714μs 371ns;92;-1;              6ms 557μs  81ns;0.000000;inf;0.000000;inf;0;1;Passing;;;0;15880
f658;7728;75c8;0;0;0000000000000080;     5m  6s 151ms 563μs 361ns;92;-1;              6ms 626μs 479ns;0.000000;inf;0.000000;inf;0;1;Passing;;;0;15892
f651;7728;75c8;0;0;0000000000000080;     5m  6s 151ms 160μs 547ns;92;-1;              6ms 233μs  62ns;0.000000;inf;0.000000;inf;0;1;Passing;;;0;15895
f63c;7728;75c8;0;0;0000000000000080;     5m  6s 150ms 114μs 223ns;92;-1;              7ms  50μs 854ns;0.000000;inf;0.000000;inf;0;1;Passing;;;0;15903
f61c;7728;75c8;0;0;0000000000000080;     5m  6s 148ms 896μs 463ns;92;-1;              6ms 665μs 940ns;0.000000;inf;0.000000;inf;0;1;Passing;;;0;15912
f81f;7728;75c8;0;0;0000000000000080;     5m  6s 278ms 727μs 581ns;91;-1;              5ms 153μs 200ns;0.000000;inf;0.000000;inf;0;1;Passing;;;0;15931
f8a6;7728;75c8;0;0;0000000000000080;     5m  6s 285ms 479μs 849ns;91;-1;              6ms 500μs 499ns;0.000000;inf;0.000000;inf;0;1;Passing;;;0;15942
f8b9;7728;75c8;0;0;0000000000000080;     5m  6s 287ms 132μs 693ns;91;-1;              6ms 428μs 920ns;0.000000;inf;0.000000;inf;0;1;Passing;;;0;15944
f907;7728;75c8;0;0;0000000000000080;     5m  6s 292ms 324μs 162ns;91;-1;              5ms 868μs 702ns;0.000000;inf;0.000000;inf;0;1;Passing;;;0;15946
f901;7728;75c8;0;0;0000000000000080;     5m  6s 291ms 883μs 663ns;91;-1;              6ms 155μs 285ns;0.000000;inf;0.000000;inf;0;1;Passing;;;0;15956
f8fb;7728;75c8;0;0;0000000000000080;     5m  6s 291ms 452μs 761ns;91;-1;              6ms 412μs  17ns;0.000000;inf;0.000000;inf;0;1;Passing;;;0;15958
f8ef;7728;75c8;0;0;0000000000000080;     5m  6s 290ms 608μs 883ns;91;-1;              6ms  70μs 524ns;0.000000;inf;0.000000;inf;0;1;Passing;;;0;15962
f8e3;7728;75c8;0;0;0000000000000080;     5m  6s 289ms 715μs 124ns;91;-1;              6ms 178μs 420ns;0.000000;inf;0.000000;inf;0;1;Passing;;;0;15965
f8cb;7728;75c8;0;0;0000000000000080;     5m  6s 288ms 189μs 367ns;91;-1;              6ms 443μs 120ns;0.000000;inf;0.000000;inf;0;1;Passing;;;0;15973
f8c5;7728;75c8;0;0;0000000000000080;     5m  6s 287ms 836μs 806ns;91;-1;              6ms 527μs 271ns;0.000000;inf;0.000000;inf;0;1;Passing;;;0;15975
f8b6;7728;75c8;0;0;0000000000000080;     5m  6s 286ms 863μs 258ns;91;-1;              5ms 962μs 909ns;0.000000;inf;0.000000;inf;0;1;Passing;;;0;15978
f8b3;7728;75c8;0;0;0000000000000080;     5m  6s 286ms 682μs 994ns;91;-1;              6ms 614μs  90ns;0.000000;inf;0.000000;inf;0;1;Passing;;;0;15980
f882;7728;75c8;0;0;0000000000000080;     5m  6s 283ms  35μs 472ns;91;-1;              6ms 563μs 153ns;0.000000;inf;0.000000;inf;0;1;Passing;;;0;15986
f877;7728;75c8;0;0;0000000000000080;     5m  6s 282ms 373μs 141ns;91;-1;              6ms 202μs 924ns;0.000000;inf;0.000000;inf;0;1;Passing;;;0;15990
f867;7728;75c8;0;0;0000000000000080;     5m  6s 281ms 602μs 443ns;91;-1;              6ms 377μs 358ns;0.000000;inf;0.000000;inf;0;1;Passing;;;0;15995
f843;7728;75c8;0;0;0000000000000080;     5m  6s 279ms 931μs 495ns;91;-1;              6ms 184μs 698ns;0.000000;inf;0.000000;inf;0;1;Passing;;;0;16007
fa44;7728;75c8;0;0;0000000000000080;     5m  6s 404ms 691μs  12ns;90;-1;              3ms 476μs 686ns;0.000000;inf;0.000000;inf;0;1;Passing;;;0;16022
fad5;7728;75c8;0;0;0000000000000080;     5m  6s 409ms 996μs 991ns;90;-1;              6ms  18μs 610ns;0.000000;inf;0.000000;inf;0;1;Passing;;;0;16027
facc;7728;75c8;0;0;0000000000000080;     5m  6s 409ms 562μs 816ns;90;-1;              6ms 247μs  29ns;0.000000;inf;0.000000;inf;0;1;Passing;;;0;16030
fb04;7728;75c8;0;0;0000000000000080;     5m  6s 413ms  76μs 151ns;90;-1;              6ms 399μs 546ns;0.000000;inf;0.000000;inf;0;1;Passing;;;0;16035
fb28;7728;75c8;0;0;0000000000000080;     5m  6s 415ms 626μs 250ns;90;-1;              6ms 247μs 643ns;0.000000;inf;0.000000;inf;0;1;Passing;;;0;16046
fb22;7728;75c8;0;0;0000000000000080;     5m  6s 415ms 180μs 982ns;90;-1;              6ms 426μs 981ns;0.000000;inf;0.000000;inf;0;1;Passing;;;0;16047
fb1c;7728;75c8;0;0;0000000000000080;     5m  6s 414ms 776μs 555ns;90;-1;              6ms 192μs 974ns;0.000000;inf;0.000000;inf;0;1;Passing;;;0;16049
fb0f;7728;75c8;0;0;0000000000000080;     5m  6s 413ms 871μs 916ns;90;-1;              6ms  98μs 461ns;0.000000;inf;0.000000;inf;0;1;Passing;;;0;16054
faec;7728;75c8;0;0;0000000000000080;     5m  6s 411ms 424μs 308ns;90;-1;              6ms 399μs 368ns;0.000000;inf;0.000000;inf;0;1;Passing;;;0;16061
fae6;7728;75c8;0;0;0000000000000080;     5m  6s 411ms  72μs 620ns;90;-1;              6ms 303μs 206ns;0.000000;inf;0.000000;inf;0;1;Passing;;;0;16063
fadb;7728;75c8;0;0;0000000000000080;     5m  6s 410ms 397μs 746ns;90;-1;              6ms 207μs 731ns;0.000000;inf;0.000000;inf;0;1;Passing;;;0;16067
faa5;7728;75c8;0;0;0000000000000080;     5m  6s 407ms 793μs 523ns;90;-1;              6ms 396μs 350ns;0.000000;inf;0.000000;inf;0;1;Passing;;;0;16078
fa9f;7728;75c8;0;0;0000000000000080;     5m  6s 407ms 559μs 458ns;90;-1;              5ms 983μs 951ns;0.000000;inf;0.000000;inf;0;1;Passing;;;0;16080
fa88;7728;75c8;0;0;0000000000000080;     5m  6s 406ms 659μs 423ns;90;-1;              5ms 707μs  14ns;0.000000;inf;0.000000;inf;0;1;Passing;;;0;16087
fa69;7728;75c8;0;0;0000000000000080;     5m  6s 405ms 689μs 942ns;90;-1;              5ms 745μs 157ns;0.000000;inf;0.000000;inf;0;1;Passing;;;0;16098
fd08;7728;75c8;0;0;0000000000000080;     5m  6s 535ms   4μs 357ns;89;-1;              6ms 165μs 308ns;0.000000;inf;0.000000;inf;0;1;Passing;;;0;16122
fd43;7728;75c8;0;0;0000000000000080;     5m  6s 539ms 237μs 511ns;89;-1;              6ms 230μs 511ns;0.000000;inf;0.000000;inf;0;1;Passing;;;0;16136
fd3d;7728;75c8;0;0;0000000000000080;     5m  6s 538ms 820μs 864ns;89;-1;              5ms 873μs 651ns;0.000000;inf;0.000000;inf;0;1;Passing;;;0;16138
fd37;7728;75c8;0;0;0000000000000080;     5m  6s 538ms 395μs 759ns;89;-1;              6ms  67μs 303ns;0.000000;inf;0.000000;inf;0;1;Passing;;;0;16141
fd2c;7728;75c8;0;0;0000000000000080;     5m  6s 537ms 586μs 795ns;89;-1;              5ms 212μs 275ns;0.000000;inf;0.000000;inf;0;1;Passing;;;0;16144
fd1f;7728;75c8;0;0;0000000000000080;     5m  6s 536ms 771μs 311ns;89;-1;              6ms  78μs 560ns;0.000000;inf;0.000000;inf;0;1;Passing;;;0;16147
fd02;7728;75c8;0;0;0000000000000080;     5m  6s 534ms 650μs 148ns;89;-1;              5ms 915μs 942ns;0.000000;inf;0.000000;inf;0;1;Passing;;;0;16152
fcf6;7728;75c8;0;0;0000000000000080;     5m  6s 533ms 905μs 242ns;89;-1;              6ms   6μs 500ns;0.000000;inf;0.000000;inf;0;1;Passing;;;0;16156
fcf0;7728;75c8;0;0;0000000000000080;     5m  6s 533ms 585μs 736ns;89;-1;              6ms 240μs 315ns;0.000000;inf;0.000000;inf;0;1;Passing;;;0;16158
fce8;7728;75c8;0;0;0000000000000080;     5m  6s 533ms 242μs 314ns;89;-1;              5ms 812μs 582ns;0.000000;inf;0.000000;inf;0;1;Passing;;;0;16161
fcbf;7728;75c8;0;0;0000000000000080;     5m  6s 531ms 327μs 553ns;89;-1;              6ms 239μs 812ns;0.000000;inf;0.000000;inf;0;1;Passing;;;0;16175
fcba;7728;75c8;0;0;0000000000000080;     5m  6s 531ms 100μs 368ns;89;-1;              6ms 124μs 129ns;0.000000;inf;0.000000;inf;0;1;Passing;;;0;16176
fca6;7728;75c8;0;0;0000000000000080;     5m  6s 530ms 414μs 543ns;89;-1;              6ms 492μs 820ns;0.000000;inf;0.000000;inf;0;1;Passing;;;0;16183
fc84;7728;75c8;0;0;0000000000000080;     5m  6s 529ms 263μs 681ns;89;-1;              6ms 257μs 450ns;0.000000;inf;0.000000;inf;0;1;Passing;;;0;16194
ff0d;7728;75c8;0;0;0000000000000080;     5m  6s 657ms 350μs 811ns;88;-1;              6ms 588μs 547ns;0.000000;inf;0.000000;inf;0;1;Passing;;;0;16211
ff06;7728;75c8;0;0;0000000000000080;     5m  6s 656ms 952μs 244ns;88;-1;              5ms 547μs 181ns;0.000000;inf;0.000000;inf;0;1;Passing;;;0;16213
ff19;7728;75c8;0;0;0000000000000080;     5m  6s 658ms 183μs 790ns;88;-1;              6ms 673μs  17ns;0.000000;inf;0.000000;inf;0;1;Passing;;;0;16216
ff1f;7728;75c8;0;0;0000000000000080;     5m  6s 658ms 677μs 799ns;88;-1;              6ms 580μs 966ns;0.000000;inf;0.000000;inf;0;1;Passing;;;0;16217
ff5e;7728;75c8;0;0;0000000000000080;     5m  6s 663ms 882μs 345ns;88;-1;              6ms  25μs 179ns;0.000000;inf;0.000000;inf;0;1;Passing;;;0;16225
ff55;7728;75c8;0;0;0000000000000080;     5m  6s 663ms  96μs  65ns;88;-1;              5ms 891μs 998ns;0.000000;inf;0.000000;inf;0;1;Passing;;;0;16228
ff4e;7728;75c8;0;0;0000000000000080;     5m  6s 662ms 397μs 728ns;88;-1;              6ms 394μs 740ns;0.000000;inf;0.000000;inf;0;1;Passing;;;0;16230
ff43;7728;75c8;0;0;0000000000000080;     5m  6s 661ms 409μs 988ns;88;-1;              5ms 928μs 500ns;0.000000;inf;0.000000;inf;0;1;Passing;;;0;16234
ff38;7728;75c8;0;0;0000000000000080;     5m  6s 660ms 666μs 460ns;88;-1;              6ms 353μs 787ns;0.000000;inf;0.000000;inf;0;1;Passing;;;0;16237
fefe;7728;75c8;0;0;0000000000000080;     5m  6s 656ms 558μs 304ns;88;-1;              6ms  49μs  55ns;0.000000;inf;0.000000;inf;0;1;Passing;;;0;16249
fed7;7728;75c8;0;0;0000000000000080;     5m  6s 654ms 227μs  56ns;88;-1;              6ms 443μs 798ns;0.000000;inf;0.000000;inf;0;1;Passing;;;0;16262
febe;7728;75c8;0;0;0000000000000080;     5m  6s 653ms  36μs 773ns;88;-1;              5ms 960μs 978ns;0.000000;inf;0.000000;inf;0;1;Passing;;;0;16270
fe9e;7728;75c8;0;0;0000000000000080;     5m  6s 651ms 929μs 939ns;88;-1;              6ms 408μs  81ns;0.000000;inf;0.000000;inf;0;1;Passing;;;0;16281
1010d;7728;75c8;0;0;0000000000000080;     5m  6s 779ms 104μs 601ns;87;-1;              6ms 221μs 889ns;0.000000;inf;0.000000;inf;0;1;Passing;;;0;16297
10117;7728;75c8;0;0;0000000000000080;     5m  6s 779ms 891μs 500ns;87;-1;              6ms 743μs 792ns;0.000000;inf;0.000000;inf;0;1;Passing;;;0;16303
10164;7728;75c8;0;0;0000000000000080;     5m  6s 785ms 579μs 833ns;87;-1;              6ms 542μs 386ns;0.000000;inf;0.000000;inf;0;1;Passing;;;0;16308
10169;7728;75c8;0;0;0000000000000080;     5m  6s 786ms 208μs 263ns;87;-1;              6ms 289μs 753ns;0.000000;inf;0.000000;inf;0;1;Passing;;;0;16318
1015f;7728;75c8;0;0;0000000000000080;     5m  6s 785ms 127μs 123ns;87;-1;              6ms 654μs 945ns;0.000000;inf;0.000000;inf;0;1;Passing;;;0;16319
10155;7728;75c8;0;0;0000000000000080;     5m  6s 784ms 430μs 751ns;87;-1;              5ms 370μs 727ns;0.000000;inf;0.000000;inf;0;1;Passing;;;0;16322
10147;7728;75c8;0;0;0000000000000080;     5m  6s 783ms 291μs 645ns;87;-1;              5ms 428μs  30ns;0.000000;inf;0.000000;inf;0;1;Passing;;;0;16327
1012e;7728;75c8;0;0;0000000000000080;     5m  6s 781ms 568μs 543ns;87;-1;              6ms 225μs 428ns;0.000000;inf;0.000000;inf;0;1;Passing;;;0;16334
10127;7728;75c8;0;0;0000000000000080;     5m  6s 781ms 152μs  12ns;87;-1;              6ms 525μs 995ns;0.000000;inf;0.000000;inf;0;1;Passing;;;0;16337
1011d;7728;75c8;0;0;0000000000000080;     5m  6s 780ms 482μs 880ns;87;-1;              5ms 907μs 643ns;0.000000;inf;0.000000;inf;0;1;Passing;;;0;16339
100e9;7728;75c8;0;0;0000000000000080;     5m  6s 777ms  51μs 782ns;87;-1;              6ms 429μs 437ns;0.000000;inf;0.000000;inf;0;1;Passing;;;0;16346
100cf;7728;75c8;0;0;0000000000000080;     5m  6s 775ms 695μs  79ns;87;-1;              5ms 975μs 551ns;0.000000;inf;0.000000;inf;0;1;Passing;;;0;16355
1032a;7728;75c8;0;0;0000000000000080;     5m  6s 899ms 722μs 617ns;86;-1;              5ms  62μs 580ns;0.000000;inf;0.000000;inf;0;1;Passing;;;0;16385
10324;7728;75c8;0;0;0000000000000080;     5m  6s 899ms 396μs 154ns;86;-1;              6ms 349μs 929ns;0.000000;inf;0.000000;inf;0;1;Passing;;;0;16387
1031b;7728;75c8;0;0;0000000000000080;     5m  6s 898ms 933μs 689ns;86;-1;              5ms 388μs  66ns;0.000000;inf;0.000000;inf;0;1;Passing;;;0;16390
1033b;7728;75c8;0;0;0000000000000080;     5m  6s 900ms 795μs 991ns;86;-1;              5ms 918μs 302ns;0.000000;inf;0.000000;inf;0;1;Passing;;;0;16391
10375;7728;75c8;0;0;0000000000000080;     5m  6s 905ms  11μs 109ns;86;-1;              6ms 574μs 529ns;0.000000;inf;0.000000;inf;0;1;Passing;;;0;16403
1036b;7728;75c8;0;0;0000000000000080;     5m  6s 904ms 144μs 770ns;86;-1;              5ms 258μs 560ns;0.000000;inf;0.000000;inf;0;1;Passing;;;0;16406
1035f;7728;75c8;0;0;0000000000000080;     5m  6s 903ms 300μs   0ns;86;-1;              6ms 316μs 895ns;0.000000;inf;0.000000;inf;0;1;Passing;;;0;16410
10351;7728;75c8;0;0;0000000000000080;     5m  6s 902ms 495μs 661ns;86;-1;              6ms 200μs 911ns;0.000000;inf;0.000000;inf;0;1;Passing;;;0;16415
10335;7728;75c8;0;0;0000000000000080;     5m  6s 900ms 433μs 596ns;86;-1;              6ms 321μs 388ns;0.000000;inf;0.000000;inf;0;1;Passing;;;0;16420
102f3;7728;75c8;0;0;0000000000000080;     5m  6s 896ms 982μs 930ns;86;-1;              6ms 371μs 956ns;0.000000;inf;0.000000;inf;0;1;Passing;;;0;16435
102db;7728;75c8;0;0;0000000000000080;     5m  6s 895ms 940μs 462ns;86;-1;              5ms 522μs 710ns;0.000000;inf;0.000000;inf;0;1;Passing;;;0;16443
10531;7728;75c8;0;0;0000000000000080;     5m  7s  17ms 291μs 650ns;85;-1;              6ms 291μs 498ns;0.000000;inf;0.000000;inf;0;1;Passing;;;0;16475
1052b;7728;75c8;0;0;0000000000000080;     5m  7s  16ms 974μs 511ns;85;-1;              5ms 543μs 166ns;0.000000;inf;0.000000;inf;0;1;Passing;;;0;16477
10579;7728;75c8;0;0;0000000000000080;     5m  7s  22ms 257μs 280ns;85;-1;              6ms 204μs 113ns;0.000000;inf;0.000000;inf;0;1;Passing;;;0;16490
10570;7728;75c8;0;0;0000000000000080;     5m  7s  21ms 532μs 477ns;85;-1;              6ms 334μs 428ns;0.000000;inf;0.000000;inf;0;1;Passing;;;0;16493
10563;7728;75c8;0;0;0000000000000080;     5m  7s  20ms 668μs 130ns;85;-1;              5ms 925μs 188ns;0.000000;inf;0.000000;inf;0;1;Passing;;;0;16497
10557;7728;75c8;0;0;0000000000000080;     5m  7s  19ms 847μs 618ns;85;-1;              6ms 183μs  16ns;0.000000;inf;0.000000;inf;0;1;Passing;;;0;16500
1053e;7728;75c8;0;0;0000000000000080;     5m  7s  18ms 174μs   9ns;85;-1;              5ms 728μs 532ns;0.000000;inf;0.000000;inf;0;1;Passing;;;0;16507
10521;7728;75c8;0;0;0000000000000080;     5m  7s  16ms 363μs 664ns;85;-1;              6ms 406μs 406ns;0.000000;inf;0.000000;inf;0;1;Passing;;;0;16511
104f8;7728;75c8;0;0;0000000000000080;     5m  7s  14ms 464μs 529ns;85;-1;              6ms  89μs 896ns;0.000000;inf;0.000000;inf;0;1;Passing;;;0;16524
104e2;7728;75c8;0;0;0000000000000080;     5m  7s  13ms 538μs 613ns;85;-1;              6ms 548μs  16ns;0.000000;inf;0.000000;inf;0;1;Passing;;;0;16531
10761;7728;75c8;0;0;0000000000000080;     5m  7s 138ms 583μs 242ns;84;-1;              5ms 987μs 897ns;0.000000;inf;0.000000;inf;0;1;Passing;;;0;16569
10776;7728;75c8;0;0;0000000000000080;     5m  7s 140ms 264μs 755ns;84;-1;              5ms 993μs 446ns;0.000000;inf;0.000000;inf;0;1;Passing;;;0;16578
1076e;7728;75c8;0;0;0000000000000080;     5m  7s 139ms 697μs 620ns;84;-1;              5ms 615μs 345ns;0.000000;inf;0.000000;inf;0;1;Passing;;;0;16581
10741;7728;75c8;0;0;0000000000000080;     5m  7s 136ms 110μs 832ns;84;-1;              5ms 894μs 846ns;0.000000;inf;0.000000;inf;0;1;Passing;;;0;16592
10732;7728;75c8;0;0;0000000000000080;     5m  7s 134ms 843μs 627ns;84;-1;              5ms 632μs 251ns;0.000000;inf;0.000000;inf;0;1;Passing;;;0;16597
1072b;7728;75c8;0;0;0000000000000080;     5m  7s 134ms 315μs 490ns;84;-1;              5ms 832μs  48ns;0.000000;inf;0.000000;inf;0;1;Passing;;;0;16598
10725;7728;75c8;0;0;0000000000000080;     5m  7s 133ms 933μs 171ns;84;-1;              6ms 121μs 873ns;0.000000;inf;0.000000;inf;0;1;Passing;;;0;16600
106fb;7728;75c8;0;0;0000000000000080;     5m  7s 131ms 673μs 498ns;84;-1;              6ms 280μs 971ns;0.000000;inf;0.000000;inf;0;1;Passing;;;0;16608
106e4;7728;75c8;0;0;0000000000000080;     5m  7s 130ms 615μs 770ns;84;-1;              6ms 110μs 657ns;0.000000;inf;0.000000;inf;0;1;Passing;;;0;16616
10929;7728;75c8;0;0;0000000000000080;     5m  7s 244ms 164μs  71ns;83;-1;              6ms 340μs 386ns;0.000000;inf;0.000000;inf;0;1;Passing;;;0;16645
1091e;7728;75c8;0;0;0000000000000080;     5m  7s 243ms 571μs  17ns;83;-1;              4ms 988μs 722ns;0.000000;inf;0.000000;inf;0;1;Passing;;;0;16648
10971;7728;75c8;0;0;0000000000000080;     5m  7s 249ms 828μs 420ns;83;-1;              5ms 665μs 145ns;0.000000;inf;0.000000;inf;0;1;Passing;;;0;16653
10965;7728;75c8;0;0;0000000000000080;     5m  7s 248ms 891μs 817ns;83;-1;              4ms 983μs 175ns;0.000000;inf;0.000000;inf;0;1;Passing;;;0;16664
1095a;7728;75c8;0;0;0000000000000080;     5m  7s 248ms  60μs 154ns;83;-1;              6ms 322μs 527ns;0.000000;inf;0.000000;inf;0;1;Passing;;;0;16667
10938;7728;75c8;0;0;0000000000000080;     5m  7s 245ms 561μs 234ns;83;-1;              6ms  22μs 654ns;0.000000;inf;0.000000;inf;0;1;Passing;;;0;16679
108f5;7728;75c8;0;0;0000000000000080;     5m  7s 241ms 406μs  37ns;83;-1;              6ms 232μs 126ns;0.000000;inf;0.000000;inf;0;1;Passing;;;0;16693
108df;7728;75c8;0;0;0000000000000080;     5m  7s 240ms 481μs 631ns;83;-1;              5ms 474μs 536ns;0.000000;inf;0.000000;inf;0;1;Passing;;;0;16700
10b1f;7728;75c8;0;0;0000000000000080;     5m  7s 354ms 178μs 270ns;82;-1;              5ms 680μs 134ns;0.000000;inf;0.000000;inf;0;1;Passing;;;0;16731
10b2e;7728;75c8;0;0;0000000000000080;     5m  7s 355ms 188μs 346ns;82;-1;              5ms 797μs 272ns;0.000000;inf;0.000000;inf;0;1;Passing;;;0;16733
10b60;7728;75c8;0;0;0000000000000080;     5m  7s 358ms 505μs 307ns;82;-1;              5ms 855μs 830ns;0.000000;inf;0.000000;inf;0;1;Passing;;;0;16745
10b58;7728;75c8;0;0;0000000000000080;     5m  7s 358ms   5μs 669ns;82;-1;              5ms 875μs 299ns;0.000000;inf;0.000000;inf;0;1;Passing;;;0;16748
10b13;7728;75c8;0;0;0000000000000080;     5m  7s 353ms 573μs 589ns;82;-1;              5ms 403μs 362ns;0.000000;inf;0.000000;inf;0;1;Passing;;;0;16762
10aeb;7728;75c8;0;0;0000000000000080;     5m  7s 351ms 739μs 121ns;82;-1;              5ms 906μs 365ns;0.000000;inf;0.000000;inf;0;1;Passing;;;0;16775
10ad2;7728;75c8;0;0;0000000000000080;     5m  7s 350ms 770μs  55ns;82;-1;              6ms  83μs 424ns;0.000000;inf;0.000000;inf;0;1;Passing;;;0;16784
10d0a;7728;75c8;0;0;0000000000000080;     5m  7s 461ms 391μs 417ns;81;-1;              6ms 338μs 680ns;0.000000;inf;0.000000;inf;0;1;Passing;;;0;16811
10cff;7728;75c8;0;0;0000000000000080;     5m  7s 460ms 761μs  52ns;81;-1;              4ms 953μs 839ns;0.000000;inf;0.000000;inf;0;1;Passing;;;0;16815
10d17;7728;75c8;0;0;0000000000000080;     5m  7s 462ms 385μs 351ns;81;-1;              6ms 152μs 799ns;0.000000;inf;0.000000;inf;0;1;Passing;;;0;16816
10d4a;7728;75c8;0;0;0000000000000080;     5m  7s 466ms 414μs 276ns;81;-1;              6ms  62μs 821ns;0.000000;inf;0.000000;inf;0;1;Passing;;;0;16829
10d44;7728;75c8;0;0;0000000000000080;     5m  7s 465ms 981μs 231ns;81;-1;              5ms 304μs 793ns;0.000000;inf;0.000000;inf;0;1;Passing;;;0;16831
10cd8;7728;75c8;0;0;0000000000000080;     5m  7s 458ms 803μs 658ns;81;-1;              6ms 228μs 793ns;0.000000;inf;0.000000;inf;0;1;Passing;;;0;16856
10ec1;7728;75c8;0;0;0000000000000080;     5m  7s 566ms 931μs 868ns;80;-1;              5ms 912μs  79ns;0.000000;inf;0.000000;inf;0;1;Passing;;;0;16895
10f2d;7728;75c8;0;0;0000000000000080;     5m  7s 578ms 255μs 259ns;80;-1;              5ms 816μs 262ns;0.000000;inf;0.000000;inf;0;1;Passing;;;0;16907
10f03;7728;75c8;0;0;0000000000000080;     5m  7s 573ms 169μs 252ns;80;-1;              5ms 796μs 183ns;0.000000;inf;0.000000;inf;0;1;Passing;;;0;16927
10ef3;7728;75c8;0;0;0000000000000080;     5m  7s 571ms 533μs 785ns;80;-1;              6ms  96μs 497ns;0.000000;inf;0.000000;inf;0;1;Passing;;;0;16931
10ee7;7728;75c8;0;0;0000000000000080;     5m  7s 570ms 325μs   3ns;80;-1;              5ms 294μs 725ns;0.000000;inf;0.000000;inf;0;1;Passing;;;0;16935
110cb;7728;75c8;0;0;0000000000000080;     5m  7s 669ms 469μs 945ns;79;-1;              5ms 887μs 907ns;0.000000;inf;0.000000;inf;0;1;Passing;;;0;16971
110e3;7728;75c8;0;0;0000000000000080;     5m  7s 671ms   1μs 466ns;79;-1;              5ms 289μs 781ns;0.000000;inf;0.000000;inf;0;1;Passing;;;0;16979
1110d;7728;75c8;0;0;0000000000000080;     5m  7s 674ms 364μs 575ns;79;-1;              6ms 126μs 802ns;0.000000;inf;0.000000;inf;0;1;Passing;;;0;16993
110a3;7728;75c8;0;0;0000000000000080;     5m  7s 667ms 437μs 931ns;79;-1;              5ms 606μs   0ns;0.000000;inf;0.000000;inf;0;1;Passing;;;0;17016
112a8;7728;75c8;0;0;0000000000000080;     5m  7s 769ms 973μs 380ns;78;-1;              5ms 611μs  88ns;0.000000;inf;0.000000;inf;0;1;Passing;;;0;17053
112e7;7728;75c8;0;0;0000000000000080;     5m  7s 774ms 307μs 713ns;78;-1;              5ms 241μs 327ns;0.000000;inf;0.000000;inf;0;1;Passing;;;0;17073
1127e;7728;75c8;0;0;0000000000000080;     5m  7s 767ms 897μs 717ns;78;-1;              5ms 575μs  15ns;0.000000;inf;0.000000;inf;0;1;Passing;;;0;17096
1147e;7728;75c8;0;0;0000000000000080;     5m  7s 869ms 173μs 154ns;77;-1;              5ms 802μs 754ns;0.000000;inf;0.000000;inf;0;1;Passing;;;0;17139
11455;7728;75c8;0;0;0000000000000080;     5m  7s 866ms 540μs 513ns;77;-1;              5ms 862μs  48ns;0.000000;inf;0.000000;inf;0;1;Passing;;;0;17175
11629;7728;75c8;0;0;0000000000000080;     5m  7s 965ms 266μs 446ns;76;-1;              5ms 154μs 559ns;0.000000;inf;0.000000;inf;0;1;Passing;;;0;17251
