# unix_time, cycles_done, cur_path, paths_total, pending_total, pending_favs, map_size, unique_crashes, unique_hangs, max_depth, execs_per_sec
1747817456, 0, 0, 1, 1, 1, 3.78%, 0, 0, 1, 54.79
1747817461, 0, 0, 20, 20, 1, 4.90%, 0, 0, 2, 52.17
1747817466, 0, 0, 41, 41, 1, 4.93%, 0, 0, 2, 48.40
1747817471, 0, 0, 56, 56, 1, 4.93%, 0, 0, 2, 48.53
1747817477, 0, 0, 69, 69, 1, 4.93%, 0, 0, 2, 48.58
1747817482, 0, 0, 79, 79, 1, 4.93%, 0, 0, 2, 48.18
1747817487, 0, 0, 94, 94, 1, 4.94%, 0, 0, 2, 57.23
1747817492, 0, 0, 103, 103, 1, 4.94%, 0, 0, 2, 72.99
1747817497, 0, 0, 118, 118, 1, 4.94%, 0, 0, 2, 83.68
1747817502, 0, 0, 130, 130, 1, 4.94%, 0, 0, 2, 85.38
1747817507, 0, 0, 139, 139, 1, 4.94%, 0, 0, 2, 88.51
1747817513, 0, 0, 147, 147, 1, 4.94%, 0, 0, 2, 89.14
1747817518, 0, 0, 157, 157, 1, 4.94%, 0, 0, 2, 68.59
1747817523, 0, 0, 165, 165, 1, 4.95%, 0, 0, 2, 53.63
1747817528, 0, 0, 169, 169, 1, 4.95%, 0, 0, 2, 52.64
1747817533, 0, 0, 173, 173, 1, 4.95%, 0, 0, 2, 52.10
1747817538, 0, 0, 178, 178, 1, 4.95%, 0, 0, 2, 51.84
1747817543, 0, 0, 181, 181, 1, 4.95%, 0, 0, 2, 51.88
1747817548, 0, 0, 184, 184, 1, 4.95%, 0, 0, 2, 51.86
1747817553, 0, 0, 187, 187, 1, 4.95%, 0, 0, 2, 52.64
1747817558, 0, 0, 189, 189, 1, 4.96%, 0, 0, 2, 52.63
1747817563, 0, 0, 191, 191, 1, 4.96%, 0, 0, 2, 53.15
1747817568, 0, 0, 193, 193, 1, 4.96%, 0, 0, 2, 52.09
1747817574, 0, 0, 196, 196, 1, 4.96%, 0, 0, 2, 52.13
1747817579, 0, 0, 198, 198, 1, 4.96%, 0, 0, 2, 53.09
1747817584, 0, 0, 200, 200, 1, 4.96%, 0, 0, 2, 53.36
1747817589, 0, 0, 203, 203, 1, 4.96%, 0, 0, 2, 63.82
1747817594, 0, 0, 205, 205, 1, 4.96%, 0, 0, 2, 86.35
1747817599, 0, 0, 208, 208, 1, 4.96%, 0, 0, 2, 87.76
1747817609, 0, 0, 209, 209, 1, 4.96%, 0, 0, 2, 92.25
1747817615, 0, 0, 213, 213, 1, 4.96%, 0, 0, 2, 89.95
1747817620, 0, 0, 220, 220, 1, 4.96%, 0, 0, 2, 86.13
1747817630, 0, 0, 221, 221, 1, 4.97%, 0, 0, 2, 88.36
1747817635, 0, 0, 222, 222, 1, 4.97%, 0, 0, 2, 90.75
1747817640, 0, 0, 224, 224, 1, 4.97%, 0, 0, 2, 91.28
1747817656, 0, 0, 225, 225, 1, 4.97%, 0, 0, 2, 90.39
1747817661, 0, 0, 226, 226, 1, 4.97%, 0, 0, 2, 90.57
1747817671, 0, 0, 227, 227, 1, 4.97%, 0, 0, 2, 89.68
1747817676, 0, 0, 230, 230, 1, 4.97%, 0, 0, 2, 89.24
1747817681, 0, 0, 232, 232, 1, 4.97%, 0, 0, 2, 91.03
1747817686, 0, 0, 233, 233, 1, 4.97%, 0, 0, 2, 91.84
1747817692, 0, 0, 234, 234, 1, 4.97%, 0, 0, 2, 91.08
1747817697, 0, 0, 236, 236, 1, 4.97%, 0, 0, 2, 89.65
1747817707, 0, 1, 244, 243, 13, 4.97%, 0, 0, 2, 77.20
1747817712, 0, 1, 264, 263, 13, 5.00%, 0, 0, 2, 61.00
1747817717, 0, 1, 280, 279, 13, 5.00%, 0, 0, 2, 58.95
1747817722, 0, 1, 291, 290, 13, 5.00%, 0, 0, 2, 58.62
1747817727, 0, 1, 300, 299, 13, 5.00%, 0, 0, 2, 58.54
1747817732, 0, 1, 306, 305, 13, 5.01%, 0, 0, 2, 58.05
1747817738, 0, 1, 308, 307, 13, 5.01%, 0, 0, 2, 48.82
1747817743, 0, 1, 310, 309, 13, 5.01%, 0, 0, 2, 39.01
1747817748, 0, 1, 313, 312, 13, 5.01%, 0, 0, 2, 35.82
1747817753, 0, 1, 317, 316, 13, 5.04%, 0, 0, 2, 34.93
1747817758, 0, 1, 322, 321, 13, 5.04%, 0, 0, 2, 35.08
1747817763, 0, 1, 324, 323, 13, 5.04%, 0, 0, 2, 35.33
1747817779, 0, 1, 328, 327, 13, 5.04%, 0, 0, 2, 34.65
1747817789, 0, 1, 331, 330, 13, 5.04%, 0, 0, 2, 35.33
1747817804, 0, 1, 333, 332, 13, 5.04%, 0, 0, 2, 35.68
1747817809, 0, 1, 335, 334, 13, 5.04%, 0, 0, 2, 35.23
1747817815, 0, 1, 336, 335, 13, 5.04%, 0, 0, 2, 35.83
1747817825, 0, 2, 339, 338, 14, 5.04%, 0, 0, 2, 33.95
1747817830, 0, 2, 349, 348, 14, 5.04%, 0, 0, 2, 29.66
1747817835, 0, 2, 359, 358, 14, 5.04%, 0, 0, 2, 27.85
1747817840, 0, 2, 367, 366, 14, 5.04%, 0, 0, 2, 27.62
1747817845, 0, 2, 375, 374, 14, 5.06%, 0, 0, 2, 27.28
1747817850, 0, 2, 379, 378, 14, 5.06%, 0, 0, 2, 28.57
1747817856, 0, 2, 383, 382, 14, 5.06%, 0, 0, 2, 28.10
1747817861, 0, 2, 387, 386, 14, 5.06%, 0, 0, 2, 28.63
1747817866, 0, 2, 389, 388, 14, 5.06%, 0, 0, 2, 28.49
1747817871, 0, 2, 392, 391, 14, 5.06%, 0, 0, 2, 28.73
1747817876, 0, 2, 395, 394, 14, 5.06%, 0, 0, 2, 28.37
1747817881, 0, 2, 401, 400, 14, 5.06%, 0, 0, 2, 28.02
1747817886, 0, 2, 406, 405, 14, 5.69%, 0, 0, 2, 28.03
1747817891, 0, 2, 411, 410, 14, 5.69%, 0, 0, 2, 28.14
1747817896, 0, 2, 414, 413, 14, 5.69%, 0, 0, 2, 28.59
1747817901, 0, 2, 417, 416, 14, 5.69%, 0, 0, 2, 28.65
1747817907, 0, 2, 420, 419, 14, 5.69%, 0, 0, 2, 28.55
1747817912, 0, 2, 425, 424, 14, 5.69%, 0, 0, 2, 27.66
1747817917, 0, 2, 427, 426, 14, 5.69%, 0, 0, 2, 29.12
1747817922, 0, 2, 429, 428, 14, 5.69%, 0, 0, 2, 29.21
1747817927, 0, 2, 433, 432, 14, 5.69%, 0, 0, 2, 28.77
1747817937, 0, 2, 437, 436, 14, 5.69%, 0, 0, 2, 29.28
1747817942, 0, 2, 441, 440, 14, 5.69%, 0, 0, 2, 28.53
1747817948, 0, 2, 443, 442, 14, 5.69%, 0, 0, 2, 29.06
1747817963, 0, 2, 444, 443, 14, 5.69%, 0, 0, 2, 29.16
1747817983, 0, 2, 446, 445, 14, 5.69%, 0, 0, 2, 28.92
1747817988, 0, 2, 447, 446, 14, 5.69%, 0, 0, 2, 28.74
1747817993, 0, 2, 448, 447, 14, 5.69%, 0, 0, 2, 28.51
1747817998, 0, 3, 448, 447, 12, 5.69%, 0, 0, 2, 28.98
1747818004, 0, 3, 450, 449, 12, 5.69%, 0, 0, 2, 27.74
1747818009, 0, 3, 452, 451, 12, 5.69%, 0, 0, 2, 27.57
1747818014, 0, 3, 454, 453, 12, 5.69%, 0, 0, 2, 27.86
1747818029, 0, 3, 457, 456, 12, 5.69%, 0, 0, 2, 27.70
1747818034, 0, 3, 459, 458, 12, 5.69%, 0, 0, 2, 27.95
1747818044, 0, 3, 461, 460, 12, 5.69%, 0, 0, 2, 28.16
1747818060, 0, 3, 462, 461, 12, 5.69%, 0, 0, 2, 28.08
1747818065, 0, 3, 463, 462, 12, 5.69%, 0, 0, 2, 27.54
1747818070, 0, 3, 464, 463, 12, 5.69%, 0, 0, 2, 27.66
1747818075, 0, 3, 465, 464, 12, 5.69%, 0, 0, 2, 27.99
1747818080, 0, 3, 466, 465, 12, 5.69%, 0, 0, 2, 27.95
1747818096, 0, 3, 467, 466, 12, 5.69%, 0, 0, 2, 28.12
1747818111, 0, 3, 469, 468, 12, 5.69%, 0, 0, 2, 27.89
1747818121, 0, 3, 470, 469, 12, 5.69%, 0, 0, 2, 28.12
1747818131, 0, 3, 471, 470, 12, 5.69%, 0, 0, 2, 27.86
1747818136, 0, 3, 473, 472, 12, 5.71%, 0, 0, 2, 27.82
1747818142, 0, 3, 475, 474, 12, 5.71%, 0, 0, 2, 27.89
1747818147, 0, 3, 476, 475, 12, 5.71%, 0, 0, 2, 28.23
1747818152, 0, 3, 477, 476, 12, 5.71%, 0, 0, 2, 28.22
1747818157, 0, 4, 477, 476, 12, 5.71%, 0, 0, 2, 27.56
1747818162, 0, 4, 479, 478, 12, 5.71%, 0, 0, 2, 26.68
1747818172, 0, 4, 481, 480, 12, 5.71%, 0, 0, 2, 26.57
1747818177, 0, 4, 484, 483, 12, 5.71%, 0, 0, 2, 26.42
1747818182, 0, 4, 485, 484, 12, 5.71%, 0, 0, 2, 26.79
1747818207, 0, 4, 487, 486, 12, 5.71%, 0, 0, 2, 26.87
1747818217, 0, 4, 488, 487, 12, 5.71%, 0, 0, 2, 27.10
1747818223, 0, 4, 490, 489, 12, 5.71%, 0, 0, 2, 26.96
1747818228, 0, 4, 491, 490, 12, 5.71%, 0, 0, 2, 26.79
1747818238, 0, 4, 492, 491, 12, 5.71%, 0, 0, 2, 26.27
1747818248, 0, 4, 494, 493, 12, 5.71%, 0, 0, 2, 26.52
1747818253, 0, 4, 495, 494, 12, 5.71%, 0, 0, 2, 26.65
1747818284, 0, 4, 496, 495, 12, 5.71%, 0, 0, 2, 27.19
1747818289, 0, 4, 497, 496, 12, 5.71%, 0, 0, 2, 27.59
1747818299, 0, 4, 499, 498, 12, 5.71%, 0, 0, 2, 26.48
1747818304, 0, 4, 500, 499, 12, 5.71%, 0, 0, 2, 26.85
1747818309, 0, 4, 501, 500, 12, 5.71%, 0, 0, 2, 26.96
1747818314, 0, 5, 501, 500, 13, 5.71%, 0, 0, 2, 26.93
1747818319, 0, 7, 508, 507, 13, 6.09%, 0, 0, 2, 22.93
1747818324, 0, 7, 519, 518, 13, 6.15%, 0, 0, 2, 20.91
1747818329, 0, 7, 529, 528, 13, 6.22%, 0, 0, 2, 20.59
1747818335, 0, 7, 539, 538, 13, 6.22%, 0, 0, 2, 20.82
1747818340, 0, 7, 549, 548, 13, 6.23%, 0, 0, 2, 20.89
1747818345, 0, 7, 557, 556, 13, 6.24%, 0, 0, 2, 20.58
1747818350, 0, 7, 567, 566, 13, 6.24%, 0, 0, 2, 20.41
1747818355, 0, 7, 574, 573, 13, 6.24%, 0, 0, 2, 20.34
1747818360, 0, 7, 582, 581, 13, 6.24%, 0, 0, 2, 19.94
1747818365, 0, 7, 590, 589, 13, 6.27%, 0, 0, 2, 19.56
1747818371, 0, 7, 595, 594, 13, 6.27%, 0, 0, 2, 20.21
1747818376, 0, 7, 600, 599, 13, 6.27%, 0, 0, 2, 20.81
1747818381, 0, 7, 604, 603, 13, 6.27%, 0, 0, 2, 20.62
1747818386, 0, 7, 608, 607, 13, 6.27%, 0, 0, 2, 20.63
1747818391, 0, 7, 612, 611, 13, 6.27%, 0, 0, 2, 20.74
1747818396, 0, 7, 616, 615, 13, 6.27%, 0, 0, 2, 20.69
1747818401, 0, 7, 621, 620, 13, 6.27%, 0, 0, 2, 20.19
1747818406, 0, 7, 626, 625, 13, 6.27%, 0, 0, 2, 20.34
1747818412, 0, 7, 630, 629, 13, 6.27%, 0, 0, 2, 20.01
1747818417, 0, 7, 633, 632, 13, 6.27%, 0, 0, 2, 20.61
1747818422, 0, 7, 635, 634, 13, 6.27%, 0, 0, 2, 20.72
1747818427, 0, 7, 638, 637, 13, 6.27%, 0, 0, 2, 20.49
1747818432, 0, 7, 640, 639, 13, 6.27%, 0, 0, 2, 20.59
1747818437, 0, 7, 643, 642, 13, 6.27%, 0, 0, 2, 20.71
1747818442, 0, 7, 645, 644, 13, 6.27%, 0, 0, 2, 20.90
1747818447, 0, 7, 646, 645, 13, 6.27%, 0, 0, 2, 20.82
1747818452, 0, 7, 647, 646, 13, 6.27%, 0, 0, 2, 20.85
1747818457, 0, 7, 648, 647, 13, 6.27%, 0, 0, 2, 20.95
1747818468, 0, 7, 650, 649, 13, 6.27%, 0, 0, 2, 20.61
1747818473, 0, 7, 651, 650, 13, 6.27%, 0, 0, 2, 20.77
1747818478, 0, 7, 653, 652, 13, 6.27%, 0, 0, 2, 20.84
1747818488, 0, 7, 654, 653, 13, 6.27%, 0, 0, 2, 20.96
1747818498, 0, 7, 655, 654, 13, 6.27%, 0, 0, 2, 20.99
1747818509, 0, 7, 656, 655, 13, 6.27%, 0, 0, 2, 21.04
1747818514, 0, 7, 657, 656, 13, 6.27%, 0, 0, 2, 20.71
1747818535, 0, 7, 658, 657, 13, 6.27%, 0, 0, 2, 20.83
1747818540, 0, 7, 660, 659, 13, 6.27%, 0, 0, 2, 20.73
1747818545, 0, 7, 663, 662, 13, 6.27%, 0, 0, 2, 20.51
1747818550, 0, 7, 666, 665, 13, 6.27%, 0, 0, 2, 20.43
1747818555, 0, 7, 668, 667, 13, 6.27%, 0, 0, 2, 20.74
1747818560, 0, 7, 670, 669, 13, 6.27%, 0, 0, 2, 20.71
1747818570, 0, 7, 672, 671, 13, 6.27%, 0, 0, 2, 20.90
1747818581, 0, 9, 673, 672, 12, 6.28%, 0, 0, 2, 20.83
1747818586, 0, 9, 679, 678, 12, 6.28%, 0, 0, 2, 18.37
1747818591, 0, 9, 685, 684, 12, 6.28%, 0, 0, 2, 17.95
1747818596, 0, 9, 692, 691, 12, 6.28%, 0, 0, 2, 17.92
1747818601, 0, 9, 699, 698, 12, 6.28%, 0, 0, 2, 17.56
1747818606, 0, 9, 702, 701, 12, 6.28%, 0, 0, 2, 17.79
1747818611, 0, 9, 704, 703, 12, 6.28%, 0, 0, 2, 17.94
1747818616, 0, 9, 705, 704, 12, 6.28%, 0, 0, 2, 17.94
1747818622, 0, 9, 707, 706, 12, 6.28%, 0, 0, 2, 17.92
1747818627, 0, 9, 709, 708, 12, 6.28%, 0, 0, 2, 17.77
1747818632, 0, 9, 713, 712, 12, 6.28%, 0, 0, 2, 17.55
1747818637, 0, 9, 715, 714, 12, 6.28%, 0, 0, 2, 17.78
1747818642, 0, 9, 716, 715, 12, 6.29%, 0, 0, 2, 17.91
1747818647, 0, 9, 719, 718, 12, 6.29%, 0, 0, 2, 17.76
1747818652, 0, 9, 721, 720, 12, 6.29%, 0, 0, 2, 17.68
1747818657, 0, 9, 723, 722, 12, 6.29%, 0, 0, 2, 17.84
1747818663, 0, 9, 724, 723, 12, 6.29%, 0, 0, 2, 17.99
1747818668, 0, 9, 725, 724, 12, 6.29%, 0, 0, 2, 18.01
1747818673, 0, 9, 728, 727, 12, 6.29%, 0, 0, 2, 17.68
1747818678, 0, 9, 729, 728, 12, 6.29%, 0, 0, 2, 17.92
1747818693, 0, 9, 730, 729, 12, 6.29%, 0, 0, 2, 17.81
1747818704, 0, 9, 731, 730, 12, 6.29%, 0, 0, 2, 17.83
1747818714, 0, 9, 733, 732, 12, 6.29%, 0, 0, 2, 17.76
1747818719, 0, 9, 735, 734, 12, 6.32%, 0, 0, 2, 17.67
1747818724, 0, 9, 736, 735, 12, 6.32%, 0, 0, 2, 17.70
1747818735, 0, 9, 737, 736, 12, 6.32%, 0, 0, 2, 17.91
1747818755, 0, 9, 738, 737, 12, 6.32%, 0, 0, 2, 17.91
1747818770, 0, 9, 739, 738, 12, 6.32%, 0, 0, 2, 17.84
1747818776, 0, 9, 740, 739, 12, 6.38%, 0, 0, 2, 17.96
1747818786, 0, 9, 741, 740, 12, 6.38%, 0, 0, 2, 17.80
1747818791, 0, 9, 742, 741, 12, 6.38%, 0, 0, 2, 17.91
1747818801, 0, 9, 743, 742, 12, 6.38%, 0, 0, 2, 17.93
1747818817, 0, 9, 744, 743, 12, 6.38%, 0, 0, 2, 17.94
1747818827, 0, 9, 745, 744, 12, 6.38%, 0, 0, 2, 18.00
1747818847, 0, 10, 747, 746, 11, 6.39%, 0, 0, 2, 17.70
1747818852, 0, 10, 749, 748, 11, 6.39%, 0, 0, 2, 17.79
1747818858, 0, 10, 750, 749, 11, 6.39%, 0, 0, 2, 17.76
1747818863, 0, 10, 753, 752, 11, 6.39%, 0, 0, 2, 17.55
1747818868, 0, 10, 754, 753, 11, 6.39%, 0, 0, 2, 17.65
1747818878, 0, 10, 755, 754, 11, 6.39%, 0, 0, 2, 17.59
1747818884, 0, 10, 756, 755, 11, 6.39%, 0, 0, 2, 17.54
1747818904, 0, 10, 758, 757, 11, 6.39%, 0, 0, 2, 17.57
1747818919, 0, 10, 759, 758, 11, 6.39%, 0, 0, 2, 17.52
1747818940, 0, 10, 760, 759, 11, 6.39%, 0, 0, 2, 17.79
1747818945, 0, 10, 761, 760, 11, 6.39%, 0, 0, 2, 17.69
1747818950, 0, 10, 763, 762, 11, 6.39%, 0, 0, 2, 17.60
1747818966, 0, 10, 764, 763, 11, 6.39%, 0, 0, 2, 17.72
1747818971, 0, 10, 765, 764, 11, 6.39%, 0, 0, 2, 17.70
1747819013, 0, 10, 766, 765, 11, 6.39%, 0, 0, 2, 17.62
1747819018, 0, 10, 767, 766, 11, 6.39%, 0, 0, 2, 17.51
1747819079, 0, 10, 768, 767, 11, 6.39%, 0, 0, 2, 17.59
1747819090, 0, 11, 769, 768, 11, 6.39%, 0, 0, 2, 17.83
1747819100, 0, 11, 770, 769, 11, 6.39%, 0, 0, 2, 17.94
1747819115, 0, 12, 770, 769, 11, 6.39%, 0, 0, 2, 18.05
1747819126, 0, 13, 772, 771, 11, 6.41%, 0, 0, 2, 17.58
1747819146, 0, 13, 773, 772, 11, 6.41%, 0, 0, 2, 17.45
1747819156, 0, 13, 774, 773, 11, 6.41%, 0, 0, 2, 17.47
1747819161, 0, 13, 775, 774, 11, 6.41%, 0, 0, 2, 17.32
1747819181, 0, 13, 776, 775, 11, 6.41%, 0, 0, 2, 17.46
1747819186, 0, 13, 777, 776, 11, 6.41%, 0, 0, 2, 17.58
1747819201, 0, 13, 778, 777, 11, 6.41%, 0, 0, 2, 17.44
1747819242, 0, 13, 779, 778, 11, 6.41%, 0, 0, 2, 17.15
1747819252, 0, 13, 781, 780, 11, 6.41%, 0, 0, 2, 16.99
1747819293, 0, 13, 782, 781, 11, 6.41%, 0, 0, 2, 17.23
1747819318, 0, 13, 783, 782, 11, 6.41%, 0, 0, 2, 17.36
1747819328, 0, 13, 784, 783, 11, 6.41%, 0, 0, 2, 17.39
1747819333, 0, 13, 785, 784, 11, 6.42%, 0, 0, 2, 17.39
1747819338, 0, 13, 786, 785, 11, 6.42%, 0, 0, 2, 17.39
1747819353, 0, 13, 787, 786, 11, 6.42%, 0, 0, 2, 17.32
1747819364, 0, 13, 788, 787, 11, 6.42%, 0, 0, 2, 17.36
1747819369, 0, 14, 789, 788, 13, 6.42%, 0, 0, 2, 17.24
1747819374, 0, 14, 790, 789, 13, 6.42%, 0, 0, 2, 17.25
1747819379, 0, 14, 791, 790, 13, 6.42%, 0, 0, 2, 17.10
1747819389, 0, 14, 792, 791, 13, 6.43%, 0, 0, 2, 17.21
1747819399, 0, 14, 793, 792, 13, 6.43%, 0, 0, 2, 17.15
1747819440, 0, 14, 794, 793, 13, 6.43%, 0, 0, 2, 17.24
1747819456, 0, 14, 795, 794, 13, 6.43%, 0, 0, 2, 17.23
1747819506, 0, 14, 796, 795, 13, 6.43%, 0, 0, 2, 17.30
1747819517, 0, 14, 797, 796, 13, 6.43%, 0, 0, 2, 17.22
1747819552, 0, 14, 799, 798, 13, 6.43%, 0, 0, 2, 16.99
1747819573, 0, 14, 801, 800, 13, 6.43%, 0, 0, 2, 17.18
1747819583, 0, 14, 802, 801, 13, 6.43%, 0, 0, 2, 17.07
1747819608, 0, 14, 803, 802, 13, 6.43%, 0, 0, 2, 17.37
1747819614, 0, 15, 803, 802, 13, 6.43%, 0, 0, 2, 17.18
1747819619, 0, 16, 803, 802, 13, 6.43%, 0, 0, 2, 17.13
1747819624, 0, 16, 804, 803, 13, 6.43%, 0, 0, 2, 17.06
1747819634, 0, 17, 806, 805, 13, 6.43%, 0, 0, 2, 16.68
1747819639, 0, 17, 810, 809, 13, 6.43%, 0, 0, 2, 16.52
1747819644, 0, 17, 811, 810, 13, 6.43%, 0, 0, 2, 16.90
1747819655, 0, 17, 813, 812, 13, 6.43%, 0, 0, 2, 16.94
1747819670, 0, 17, 814, 813, 13, 6.43%, 0, 0, 2, 16.55
1747819680, 0, 17, 816, 815, 13, 6.43%, 0, 0, 2, 16.62
1747819685, 0, 17, 818, 817, 13, 6.43%, 0, 0, 2, 16.41
1747819690, 0, 17, 819, 818, 13, 6.43%, 0, 0, 2, 16.56
1747819700, 0, 17, 820, 819, 13, 6.43%, 0, 0, 2, 16.82
1747819705, 0, 17, 821, 820, 13, 6.43%, 0, 0, 2, 16.78
1747819711, 0, 17, 823, 822, 13, 6.43%, 0, 0, 2, 16.84
1747819721, 0, 17, 824, 823, 13, 6.43%, 0, 0, 2, 17.22
1747819746, 0, 17, 825, 824, 13, 6.43%, 0, 0, 2, 17.13
1747819752, 0, 17, 826, 825, 13, 6.43%, 0, 0, 2, 16.93
1747819777, 0, 17, 828, 827, 13, 6.43%, 0, 0, 2, 16.81
1747819787, 0, 17, 829, 828, 13, 6.43%, 0, 0, 2, 17.02
1747819813, 0, 17, 830, 829, 13, 6.43%, 0, 0, 2, 16.90
1747819849, 0, 17, 831, 830, 13, 6.43%, 0, 0, 2, 16.66
1747819854, 0, 17, 832, 831, 13, 6.43%, 0, 0, 2, 16.89
1747819890, 0, 18, 832, 831, 13, 6.43%, 0, 0, 2, 17.09
1747819895, 0, 19, 832, 831, 13, 6.43%, 0, 0, 2, 17.34
1747819905, 0, 22, 832, 831, 13, 6.43%, 0, 0, 2, 17.00
1747819910, 0, 23, 832, 831, 13, 6.43%, 0, 0, 2, 17.01
1747819916, 0, 23, 833, 832, 13, 6.43%, 0, 0, 2, 16.89
1747819926, 0, 24, 833, 832, 13, 6.43%, 0, 0, 2, 16.92
1747819931, 0, 24, 834, 833, 13, 6.58%, 0, 0, 2, 17.11
1747819941, 0, 25, 834, 833, 12, 6.58%, 0, 0, 2, 17.32
1747819951, 0, 26, 834, 833, 12, 6.58%, 0, 0, 2, 31.71
1747820163, 0, 28, 834, 832, 12, 6.58%, 0, 0, 2, 33.19
1747820173, 0, 31, 834, 832, 12, 6.58%, 0, 0, 2, 18.02
1747820178, 0, 32, 834, 832, 12, 6.58%, 0, 0, 2, 17.47
1747820189, 0, 33, 834, 832, 12, 6.58%, 0, 0, 2, 17.21
1747820194, 0, 34, 834, 832, 12, 6.58%, 0, 0, 2, 17.38
1747820204, 0, 35, 834, 832, 12, 6.58%, 0, 0, 2, 17.36
1747820209, 0, 36, 834, 832, 12, 6.58%, 0, 0, 2, 17.21
1747820219, 0, 37, 834, 832, 12, 6.58%, 0, 0, 2, 17.15
1747820224, 0, 39, 834, 832, 12, 6.58%, 0, 0, 2, 17.21
1747820230, 0, 40, 834, 832, 12, 6.58%, 0, 0, 2, 17.28
1747820240, 0, 41, 834, 832, 12, 6.58%, 0, 0, 2, 17.22
1747820245, 0, 42, 834, 832, 12, 6.58%, 0, 0, 2, 17.34
1747820255, 0, 43, 835, 833, 12, 6.58%, 0, 0, 3, 16.85
1747820260, 0, 43, 836, 834, 12, 6.58%, 0, 0, 3, 16.96
1747820286, 0, 44, 837, 835, 12, 6.65%, 0, 0, 3, 17.12
1747820301, 0, 45, 837, 835, 13, 6.65%, 0, 0, 3, 16.91
1747820306, 0, 45, 838, 836, 13, 6.65%, 0, 0, 3, 17.04
1747820317, 0, 45, 839, 837, 13, 6.65%, 0, 0, 3, 16.80
1747820327, 0, 46, 839, 837, 13, 6.65%, 0, 0, 3, 27.32
1747820332, 0, 47, 840, 838, 13, 6.65%, 0, 0, 3, 28.56
1747820342, 0, 48, 840, 838, 13, 6.65%, 0, 0, 3, 29.27
1747820347, 0, 49, 840, 838, 13, 6.65%, 0, 0, 3, 29.52
1747820352, 0, 51, 840, 838, 13, 6.65%, 0, 0, 3, 29.56
1747820358, 0, 51, 841, 839, 13, 6.65%, 0, 0, 3, 29.11
1747820363, 0, 52, 841, 839, 10, 6.65%, 0, 0, 3, 29.08
1747820368, 0, 53, 841, 839, 10, 6.65%, 0, 0, 3, 28.74
1747820373, 0, 54, 844, 842, 10, 6.65%, 0, 0, 3, 28.12
1747820399, 0, 54, 847, 845, 10, 6.69%, 0, 0, 3, 28.13
1747820404, 0, 54, 848, 846, 10, 6.69%, 0, 0, 3, 21.19
1747820429, 0, 54, 849, 847, 10, 6.79%, 0, 0, 3, 16.75
1747820434, 0, 54, 850, 848, 10, 6.79%, 0, 0, 3, 16.66
1747820450, 0, 54, 851, 849, 10, 6.79%, 0, 0, 3, 16.91
1747820481, 0, 54, 852, 850, 10, 6.79%, 0, 0, 3, 16.54
1747820491, 0, 54, 853, 851, 10, 6.79%, 0, 0, 3, 16.54
1747820496, 0, 54, 854, 852, 10, 6.79%, 0, 0, 3, 16.69
1747820522, 0, 54, 855, 853, 10, 6.79%, 0, 0, 3, 16.65
1747820527, 0, 54, 856, 854, 10, 6.79%, 0, 0, 3, 16.69
1747820537, 0, 54, 857, 855, 10, 6.79%, 0, 0, 3, 16.69
1747820568, 0, 54, 858, 856, 10, 6.79%, 0, 0, 3, 16.73
1747820594, 0, 54, 859, 857, 10, 6.79%, 0, 0, 3, 16.68
1747820604, 0, 58, 861, 859, 15, 6.79%, 0, 0, 3, 16.57
1747820609, 0, 58, 863, 861, 15, 6.79%, 0, 0, 3, 16.39
1747820629, 0, 58, 864, 862, 15, 6.79%, 0, 0, 3, 16.63
1747820640, 0, 58, 866, 864, 15, 6.79%, 0, 0, 3, 16.53
1747820645, 0, 58, 868, 866, 15, 6.79%, 0, 0, 3, 16.14
1747820650, 0, 58, 869, 867, 15, 6.79%, 0, 0, 3, 16.27
1747820670, 0, 58, 870, 868, 15, 6.79%, 0, 0, 3, 16.67
1747820676, 0, 58, 871, 869, 15, 6.79%, 0, 0, 3, 16.85
1747820701, 0, 58, 872, 870, 15, 6.79%, 0, 0, 3, 16.75
1747820727, 0, 58, 874, 872, 15, 6.79%, 0, 0, 3, 16.29
1747820742, 0, 58, 875, 873, 15, 6.79%, 0, 0, 3, 16.67
1747820747, 0, 58, 876, 874, 15, 6.79%, 0, 0, 3, 16.52
1747820768, 0, 58, 878, 876, 15, 6.84%, 0, 0, 3, 16.39
1747820773, 0, 58, 879, 877, 15, 6.84%, 0, 0, 3, 16.38
1747820798, 0, 58, 881, 879, 15, 6.84%, 0, 0, 3, 16.16
1747820803, 0, 58, 882, 880, 15, 6.84%, 0, 0, 3, 16.15
1747820809, 0, 58, 884, 882, 15, 6.85%, 0, 0, 3, 15.91
1747820840, 0, 58, 885, 883, 15, 6.85%, 0, 0, 3, 16.50
1747820850, 0, 58, 886, 884, 15, 6.85%, 0, 0, 3, 16.09
1747820865, 0, 59, 886, 884, 18, 6.85%, 0, 0, 3, 16.95
1747820875, 0, 60, 886, 884, 18, 6.85%, 0, 0, 3, 17.09
1747820880, 0, 61, 886, 884, 18, 6.85%, 0, 0, 3, 16.92
1747820891, 0, 63, 886, 884, 18, 6.85%, 0, 0, 3, 16.63
1747820896, 0, 64, 886, 884, 18, 6.85%, 0, 0, 3, 16.92
1747820901, 0, 65, 886, 884, 18, 6.85%, 0, 0, 3, 17.03
1747820906, 0, 65, 887, 885, 18, 6.85%, 0, 0, 3, 16.51
1747820911, 0, 65, 888, 886, 18, 6.85%, 0, 0, 3, 16.19
1747820916, 0, 65, 890, 888, 18, 6.85%, 0, 0, 3, 15.93
1747820921, 0, 65, 891, 889, 18, 6.85%, 0, 0, 3, 16.17
1747820926, 0, 65, 892, 890, 18, 6.85%, 0, 0, 3, 16.20
1747820947, 0, 65, 893, 891, 18, 6.85%, 0, 0, 3, 16.13
1747820957, 0, 65, 894, 892, 18, 6.85%, 0, 0, 3, 16.34
1747820972, 0, 65, 895, 893, 18, 6.85%, 0, 0, 3, 16.45
1747820993, 0, 65, 896, 894, 18, 6.85%, 0, 0, 3, 16.42
1747821003, 0, 65, 897, 895, 18, 6.85%, 0, 0, 3, 16.47
1747821013, 0, 65, 899, 897, 18, 6.85%, 0, 0, 3, 16.07
1747821069, 0, 65, 900, 898, 18, 6.85%, 0, 0, 3, 16.27
1747821105, 0, 65, 901, 899, 18, 6.85%, 0, 0, 3, 16.18
1747821161, 0, 67, 901, 899, 18, 6.85%, 0, 0, 3, 16.70
1747821166, 0, 69, 901, 899, 18, 6.85%, 0, 0, 3, 16.95
1747821176, 0, 70, 902, 900, 18, 6.87%, 0, 0, 3, 15.99
1747821181, 0, 70, 903, 901, 18, 6.87%, 0, 0, 3, 15.92
1747821186, 0, 70, 904, 902, 18, 6.87%, 0, 0, 3, 16.16
1747821191, 0, 70, 905, 903, 18, 6.87%, 0, 0, 3, 16.21
1747821207, 0, 70, 907, 905, 18, 6.87%, 0, 0, 3, 16.29
1747821212, 0, 70, 908, 906, 18, 6.87%, 0, 0, 3, 15.93
1747821217, 0, 70, 909, 907, 18, 6.87%, 0, 0, 3, 15.86
1747821248, 0, 70, 910, 908, 18, 6.87%, 0, 0, 3, 16.19
1747821279, 0, 70, 911, 909, 18, 6.87%, 0, 0, 3, 15.95
1747821289, 0, 70, 912, 910, 18, 6.87%, 0, 0, 3, 15.94
1747821299, 0, 70, 913, 911, 18, 6.87%, 0, 0, 3, 16.02
1747821355, 0, 70, 914, 912, 18, 6.87%, 0, 0, 3, 15.96
1747821437, 0, 71, 914, 912, 18, 6.87%, 0, 0, 3, 16.08
1747821442, 0, 71, 915, 913, 18, 6.87%, 0, 0, 3, 16.13
1747821453, 0, 72, 915, 913, 18, 6.87%, 0, 0, 3, 16.33
1747821458, 0, 74, 915, 913, 18, 6.87%, 0, 0, 3, 16.39
1747821468, 0, 75, 916, 914, 18, 6.87%, 0, 0, 3, 15.91
1747821483, 0, 76, 916, 914, 18, 6.87%, 0, 0, 3, 16.16
1747821493, 0, 77, 917, 915, 18, 6.87%, 0, 0, 3, 15.93
1747821504, 0, 77, 918, 916, 18, 6.87%, 0, 0, 3, 15.67
1747821509, 0, 77, 919, 917, 18, 6.87%, 0, 0, 3, 15.85
1747821514, 0, 77, 922, 920, 18, 6.87%, 0, 0, 3, 15.27
1747821519, 0, 77, 923, 921, 18, 6.87%, 0, 0, 3, 15.79
1747821524, 0, 77, 925, 923, 18, 6.87%, 0, 0, 3, 15.58
1747821529, 0, 77, 926, 924, 18, 6.87%, 0, 0, 3, 15.56
1747821545, 0, 77, 929, 927, 18, 6.97%, 0, 0, 3, 15.04
1747821560, 0, 77, 931, 929, 18, 6.99%, 0, 0, 3, 15.83
1747821575, 0, 77, 933, 931, 18, 6.99%, 0, 0, 3, 15.58
1747821586, 0, 77, 934, 932, 18, 6.99%, 0, 0, 3, 15.95
1747821611, 0, 77, 935, 933, 18, 6.99%, 0, 0, 3, 15.81
1747821627, 0, 77, 936, 934, 18, 6.99%, 0, 0, 3, 15.70
1747821637, 0, 77, 937, 935, 18, 6.99%, 0, 0, 3, 16.87
1747821652, 0, 77, 938, 936, 18, 6.99%, 0, 0, 3, 27.30
1747821708, 0, 78, 938, 936, 18, 6.99%, 0, 0, 3, 27.54
1747821713, 0, 78, 940, 938, 18, 6.99%, 0, 0, 3, 27.44
1747821728, 0, 79, 941, 939, 18, 6.99%, 0, 0, 3, 26.98
1747821733, 0, 79, 942, 940, 18, 6.99%, 0, 0, 3, 27.11
1747821739, 0, 79, 944, 942, 18, 6.99%, 0, 0, 3, 26.29
1747821744, 0, 79, 945, 943, 18, 6.99%, 0, 0, 3, 26.96
1747821749, 0, 79, 946, 944, 18, 6.99%, 0, 0, 3, 26.93
1747821754, 0, 79, 947, 945, 18, 7.00%, 0, 0, 3, 27.10
1747821759, 0, 79, 949, 947, 18, 7.01%, 0, 0, 3, 27.07
1747821769, 0, 79, 950, 948, 18, 7.01%, 0, 0, 3, 26.82
1747821774, 0, 79, 952, 950, 18, 7.01%, 0, 0, 3, 26.76
1747821779, 0, 79, 953, 951, 18, 7.01%, 0, 0, 3, 27.41
1747821789, 0, 79, 954, 952, 18, 7.01%, 0, 0, 3, 27.16
1747821795, 0, 79, 955, 953, 18, 7.01%, 0, 0, 3, 27.16
1747821805, 0, 79, 956, 954, 18, 7.01%, 0, 0, 3, 27.11
1747821815, 0, 79, 957, 955, 18, 7.01%, 0, 0, 3, 27.15
1747821820, 0, 79, 958, 956, 18, 7.01%, 0, 0, 3, 27.52
1747821825, 0, 79, 960, 958, 18, 7.01%, 0, 0, 3, 27.43
1747821846, 0, 79, 961, 959, 18, 7.07%, 0, 0, 3, 26.81
1747821856, 0, 79, 963, 961, 18, 7.07%, 0, 0, 3, 27.41
1747821876, 0, 79, 964, 962, 18, 7.07%, 0, 0, 3, 27.09
1747821886, 0, 80, 964, 962, 17, 7.07%, 0, 0, 3, 27.46
1747821892, 0, 81, 965, 963, 17, 7.07%, 0, 0, 3, 27.03
1747821897, 0, 81, 968, 966, 17, 7.08%, 0, 0, 3, 25.38
1747821902, 0, 81, 969, 967, 17, 7.08%, 0, 0, 3, 26.57
1747821917, 0, 81, 971, 969, 17, 7.08%, 0, 0, 3, 25.94
1747821932, 0, 81, 972, 970, 17, 7.08%, 0, 0, 3, 26.74
1747821943, 0, 81, 973, 971, 17, 7.08%, 0, 0, 3, 26.52
1747821948, 0, 81, 974, 972, 17, 7.08%, 0, 0, 3, 26.46
1747821958, 0, 81, 975, 973, 17, 7.08%, 0, 0, 3, 26.96
1747821963, 0, 81, 976, 974, 17, 7.08%, 0, 0, 3, 26.97
1747821973, 0, 81, 977, 975, 17, 7.08%, 0, 0, 3, 26.64
1747821983, 0, 81, 979, 977, 17, 7.08%, 0, 0, 3, 26.23
1747821988, 0, 81, 980, 978, 17, 7.08%, 0, 0, 3, 26.68
1747822024, 0, 81, 981, 979, 17, 7.08%, 0, 0, 3, 27.02
1747822050, 0, 82, 983, 981, 19, 7.08%, 0, 0, 3, 26.22
1747822055, 0, 82, 984, 982, 19, 7.08%, 0, 0, 3, 26.54
1747822060, 0, 82, 985, 983, 19, 7.08%, 0, 0, 3, 26.63
1747822065, 0, 82, 986, 984, 19, 7.08%, 0, 0, 3, 26.77
1747822075, 0, 82, 988, 986, 19, 7.08%, 0, 0, 3, 27.01
1747822085, 0, 82, 989, 987, 19, 7.08%, 0, 0, 3, 27.13
1747822096, 0, 82, 991, 989, 19, 7.08%, 0, 0, 3, 25.98
1747822101, 0, 82, 992, 990, 19, 7.08%, 0, 0, 3, 26.27
1747822106, 0, 82, 993, 991, 19, 7.08%, 0, 0, 3, 26.95
1747822126, 0, 82, 994, 992, 19, 7.08%, 0, 0, 3, 27.37
1747822141, 0, 82, 995, 993, 19, 7.08%, 0, 0, 3, 27.32
1747822167, 0, 82, 997, 995, 19, 7.08%, 0, 0, 3, 23.02
1747822172, 0, 82, 998, 996, 19, 7.08%, 0, 0, 3, 25.86
1747822208, 0, 83, 998, 996, 19, 7.08%, 0, 0, 3, 27.51
1747822213, 0, 83, 1001, 999, 19, 7.08%, 0, 0, 3, 26.55
1747822223, 0, 83, 1002, 1000, 19, 7.08%, 0, 0, 3, 27.34
1747822228, 0, 83, 1003, 1001, 19, 7.08%, 0, 0, 3, 26.85
1747822238, 0, 83, 1004, 1002, 19, 7.08%, 0, 0, 3, 25.70
1747822243, 0, 83, 1005, 1003, 19, 7.08%, 0, 0, 3, 26.18
1747822300, 0, 83, 1006, 1004, 19, 7.08%, 0, 0, 3, 26.50
1747822366, 0, 86, 1006, 1004, 19, 7.08%, 0, 0, 3, 27.58
1747822371, 0, 86, 1007, 1005, 19, 7.08%, 0, 0, 3, 26.95
1747822376, 0, 86, 1010, 1008, 19, 7.08%, 0, 0, 3, 25.68
1747822391, 0, 86, 1011, 1009, 19, 7.08%, 0, 0, 3, 26.63
1747822401, 0, 86, 1013, 1011, 19, 7.08%, 0, 0, 3, 26.13
1747822447, 0, 86, 1014, 1012, 19, 7.08%, 0, 0, 3, 26.70
1747822452, 0, 86, 1015, 1013, 19, 7.08%, 0, 0, 3, 26.19
1747822478, 0, 86, 1016, 1014, 19, 7.08%, 0, 0, 3, 15.97
1747822483, 0, 86, 1017, 1015, 19, 7.12%, 0, 0, 3, 15.59
1747822524, 0, 86, 1018, 1016, 19, 7.12%, 0, 0, 3, 15.05
1747822534, 0, 86, 1019, 1017, 19, 7.12%, 0, 0, 3, 15.06
1747822539, 0, 86, 1020, 1018, 19, 7.14%, 0, 0, 3, 14.82
1747822544, 0, 86, 1021, 1019, 19, 7.14%, 0, 0, 3, 15.15
1747822569, 0, 87, 1021, 1019, 19, 7.14%, 0, 0, 3, 15.71
1747822574, 0, 89, 1021, 1019, 19, 7.14%, 0, 0, 3, 15.74
1747822579, 0, 89, 1022, 1020, 19, 7.14%, 0, 0, 3, 15.20
1747822589, 0, 89, 1023, 1021, 19, 7.14%, 0, 0, 3, 14.50
1747822594, 0, 89, 1025, 1023, 19, 7.14%, 0, 0, 3, 14.54
1747822646, 0, 89, 1026, 1024, 19, 7.14%, 0, 0, 3, 15.43
1747822666, 0, 89, 1028, 1026, 19, 7.14%, 0, 0, 3, 15.21
1747822687, 0, 89, 1029, 1027, 19, 7.14%, 0, 0, 3, 15.19
1747822692, 0, 89, 1030, 1028, 19, 7.14%, 0, 0, 3, 15.35
1747822748, 0, 89, 1031, 1029, 19, 7.14%, 0, 0, 3, 15.12
1747822784, 0, 89, 1032, 1030, 19, 7.14%, 0, 0, 3, 15.18
1747822804, 0, 89, 1034, 1032, 19, 7.14%, 0, 0, 3, 14.85
1747822814, 0, 89, 1035, 1033, 19, 7.14%, 0, 0, 3, 15.56
1747822835, 0, 89, 1036, 1034, 19, 7.14%, 0, 0, 3, 15.43
1747822850, 0, 90, 1036, 1034, 19, 7.14%, 0, 0, 3, 15.80
1747822855, 0, 95, 1036, 1034, 19, 7.14%, 0, 0, 3, 16.00
1747822860, 0, 95, 1037, 1035, 19, 7.14%, 0, 0, 3, 15.62
1747822865, 0, 95, 1038, 1036, 19, 7.14%, 0, 0, 3, 15.26
1747822891, 0, 95, 1039, 1037, 19, 7.14%, 0, 0, 3, 14.93
1747822906, 0, 95, 1040, 1038, 19, 7.14%, 0, 0, 3, 14.84
1747822912, 0, 95, 1041, 1039, 19, 7.14%, 0, 0, 3, 15.24
1747822968, 0, 95, 1042, 1040, 19, 7.14%, 0, 0, 3, 15.21
1747822999, 0, 95, 1043, 1041, 19, 7.14%, 0, 0, 3, 14.63
1747823009, 0, 95, 1044, 1042, 19, 7.14%, 0, 0, 3, 14.72
1747823039, 0, 95, 1045, 1043, 19, 7.14%, 0, 0, 3, 14.99
1747823060, 0, 95, 1046, 1044, 19, 7.14%, 0, 0, 3, 15.06
1747823080, 0, 95, 1047, 1045, 19, 7.15%, 0, 0, 3, 15.28
1747823116, 0, 95, 1048, 1046, 19, 7.15%, 0, 0, 3, 15.22
1747823131, 0, 96, 1048, 1046, 17, 7.15%, 0, 0, 3, 15.11
1747823136, 0, 96, 1049, 1047, 17, 7.15%, 0, 0, 3, 14.92
1747823146, 0, 96, 1050, 1048, 17, 7.15%, 0, 0, 3, 14.66
1747823167, 0, 96, 1051, 1049, 17, 7.15%, 0, 0, 3, 15.26
1747823188, 0, 96, 1052, 1050, 17, 7.22%, 0, 0, 3, 15.47
1747823239, 0, 96, 1053, 1051, 17, 7.22%, 0, 0, 3, 14.87
1747823341, 0, 96, 1054, 1052, 17, 7.22%, 0, 0, 3, 19.50
1747823377, 0, 97, 1055, 1053, 17, 7.22%, 0, 0, 3, 25.16
1747823382, 0, 97, 1056, 1054, 17, 7.22%, 0, 0, 3, 25.19
1747823398, 0, 98, 1057, 1055, 17, 7.22%, 0, 0, 3, 25.55
1747823403, 0, 98, 1059, 1057, 17, 7.22%, 0, 0, 3, 25.29
1747823413, 0, 98, 1062, 1060, 17, 7.22%, 0, 0, 3, 24.54
1747823418, 0, 98, 1063, 1061, 17, 7.22%, 0, 0, 3, 24.12
1747823428, 0, 98, 1066, 1064, 17, 7.22%, 0, 0, 3, 24.29
1747823444, 0, 98, 1067, 1065, 17, 7.22%, 0, 0, 3, 25.44
1747823454, 0, 98, 1069, 1067, 17, 7.22%, 0, 0, 3, 24.64
1747823459, 0, 98, 1071, 1069, 17, 7.22%, 0, 0, 3, 24.01
1747823474, 0, 98, 1072, 1070, 17, 7.22%, 0, 0, 3, 25.63
1747823480, 0, 98, 1073, 1071, 17, 7.22%, 0, 0, 3, 25.75
1747823505, 0, 98, 1074, 1072, 17, 7.22%, 0, 0, 3, 25.34
1747823520, 0, 98, 1075, 1073, 17, 7.22%, 0, 0, 3, 23.91
1747823541, 0, 98, 1076, 1074, 17, 7.23%, 0, 0, 3, 25.93
1747823556, 0, 98, 1077, 1075, 17, 7.23%, 0, 0, 3, 23.59
1747823566, 0, 98, 1078, 1076, 17, 7.23%, 0, 0, 3, 15.10
1747823576, 0, 99, 1078, 1076, 19, 7.23%, 0, 0, 3, 14.80
1747823581, 0, 100, 1078, 1076, 19, 7.23%, 0, 0, 3, 15.13
1747823592, 0, 101, 1079, 1077, 19, 7.23%, 0, 0, 3, 14.87
1747823612, 0, 102, 1079, 1077, 19, 7.23%, 0, 0, 3, 15.12
1747823617, 0, 102, 1082, 1080, 19, 7.23%, 0, 0, 3, 14.41
1747823628, 0, 102, 1083, 1081, 19, 7.23%, 0, 0, 3, 14.35
1747823633, 0, 102, 1085, 1083, 19, 7.24%, 0, 0, 3, 14.52
1747823638, 0, 102, 1086, 1084, 19, 7.24%, 0, 0, 3, 14.79
1747823643, 0, 102, 1087, 1085, 19, 7.24%, 0, 0, 3, 14.13
1747823648, 0, 102, 1088, 1086, 19, 7.24%, 0, 0, 3, 14.17
1747823653, 0, 102, 1089, 1087, 19, 7.24%, 0, 0, 3, 14.29
1747823684, 0, 102, 1090, 1088, 19, 7.24%, 0, 0, 3, 14.44
1747823704, 0, 102, 1091, 1089, 19, 7.24%, 0, 0, 3, 14.52
1747823710, 0, 102, 1092, 1090, 19, 7.24%, 0, 0, 3, 14.74
1747823730, 0, 102, 1093, 1091, 19, 7.24%, 0, 0, 3, 14.63
1747823740, 0, 102, 1094, 1092, 19, 7.24%, 0, 0, 3, 14.64
1747823766, 0, 102, 1095, 1093, 19, 7.24%, 0, 0, 3, 14.72
1747823791, 0, 102, 1097, 1095, 19, 7.24%, 0, 0, 3, 13.88
1747823812, 0, 102, 1098, 1096, 19, 7.24%, 0, 0, 3, 14.33
1747823837, 0, 102, 1099, 1097, 19, 7.24%, 0, 0, 3, 14.51
1747823868, 0, 102, 1100, 1098, 19, 7.24%, 0, 0, 3, 14.94
1747823899, 0, 103, 1100, 1098, 20, 7.24%, 0, 0, 3, 14.69
1747823909, 0, 105, 1100, 1098, 20, 7.24%, 0, 0, 3, 15.09
1747823920, 0, 106, 1102, 1100, 20, 7.24%, 0, 0, 3, 14.15
1747823930, 0, 106, 1103, 1101, 20, 7.24%, 0, 0, 3, 14.33
1747823935, 0, 106, 1104, 1102, 20, 7.24%, 0, 0, 3, 14.54
1747823940, 0, 106, 1105, 1103, 20, 7.24%, 0, 0, 3, 14.13
1747823945, 0, 106, 1107, 1105, 20, 7.24%, 0, 0, 3, 14.52
1747823966, 0, 106, 1108, 1106, 20, 7.24%, 0, 0, 3, 14.35
1747824037, 0, 106, 1109, 1107, 20, 7.24%, 0, 0, 3, 14.30
1747824083, 0, 106, 1110, 1108, 20, 7.24%, 0, 0, 3, 14.50
1747824089, 0, 106, 1111, 1109, 20, 7.24%, 0, 0, 3, 13.82
1747824155, 0, 106, 1112, 1110, 20, 7.24%, 0, 0, 3, 13.79
1747824170, 0, 106, 1113, 1111, 20, 7.24%, 0, 0, 3, 14.12
1747824206, 0, 108, 1113, 1111, 20, 7.24%, 0, 0, 3, 15.21
1747824211, 0, 109, 1113, 1111, 20, 7.24%, 0, 0, 3, 15.72
1747824221, 0, 110, 1113, 1111, 20, 7.24%, 0, 0, 3, 15.68
1747824227, 0, 111, 1113, 1111, 20, 7.24%, 0, 0, 3, 15.20
1747824232, 0, 111, 1114, 1112, 20, 7.24%, 0, 0, 3, 14.71
1747824247, 0, 113, 1114, 1112, 21, 7.24%, 0, 0, 3, 15.26
1747824257, 0, 114, 1114, 1112, 21, 7.24%, 0, 0, 3, 15.30
1747824262, 0, 115, 1114, 1112, 21, 7.24%, 0, 0, 3, 15.04
1747824267, 0, 115, 1116, 1114, 21, 7.24%, 0, 0, 3, 14.71
1747824272, 0, 115, 1117, 1115, 21, 7.24%, 0, 0, 3, 14.41
1747824278, 0, 115, 1118, 1116, 21, 7.24%, 0, 0, 3, 14.25
1747824283, 0, 115, 1119, 1117, 21, 7.24%, 0, 0, 3, 14.37
1747824293, 0, 115, 1120, 1118, 21, 7.24%, 0, 0, 3, 14.80
1747824303, 0, 115, 1121, 1119, 21, 7.24%, 0, 0, 3, 13.97
1747824313, 0, 115, 1123, 1121, 21, 7.24%, 0, 0, 3, 13.73
1747824395, 0, 115, 1124, 1122, 21, 7.24%, 0, 0, 3, 14.50
1747824401, 0, 115, 1125, 1123, 21, 7.24%, 0, 0, 3, 13.53
1747824462, 0, 115, 1126, 1124, 21, 7.24%, 0, 0, 3, 15.25
1747824508, 0, 115, 1127, 1125, 21, 7.27%, 0, 0, 3, 15.05
1747824549, 0, 116, 1128, 1126, 22, 7.27%, 0, 0, 3, 14.59
1747824554, 0, 116, 1129, 1127, 22, 7.27%, 0, 0, 3, 14.07
1747824565, 0, 116, 1132, 1130, 22, 7.27%, 0, 0, 3, 13.03
1747824585, 0, 116, 1133, 1131, 22, 7.27%, 0, 0, 3, 14.29
1747824601, 0, 116, 1134, 1132, 22, 7.27%, 0, 0, 3, 14.03
1747824636, 0, 116, 1135, 1133, 22, 7.27%, 0, 0, 3, 14.59
1747824642, 0, 116, 1136, 1134, 22, 7.27%, 0, 0, 3, 14.53
1747824682, 0, 116, 1137, 1135, 22, 7.27%, 0, 0, 3, 13.50
1747824693, 0, 116, 1138, 1136, 22, 7.27%, 0, 0, 3, 14.39
1747824831, 0, 116, 1139, 1137, 22, 7.27%, 0, 0, 3, 14.36
1747824836, 0, 117, 1139, 1137, 22, 7.27%, 0, 0, 3, 14.72
1747824846, 0, 118, 1139, 1137, 22, 7.27%, 0, 0, 3, 14.39
1747824851, 0, 119, 1139, 1137, 22, 7.27%, 0, 0, 3, 14.46
1747824861, 0, 120, 1139, 1137, 22, 7.27%, 0, 0, 3, 14.43
1747824866, 0, 120, 1140, 1138, 22, 7.27%, 0, 0, 3, 14.59
1747824882, 0, 121, 1140, 1138, 22, 7.27%, 0, 0, 3, 14.58
1747824887, 0, 122, 1140, 1138, 22, 7.27%, 0, 0, 3, 14.62
1747824897, 0, 125, 1140, 1138, 22, 7.27%, 0, 0, 3, 15.11
1747824907, 0, 126, 1140, 1138, 22, 7.27%, 0, 0, 3, 14.47
1747824912, 0, 128, 1140, 1138, 22, 7.27%, 0, 0, 3, 14.54
1747824918, 0, 128, 1141, 1139, 22, 7.27%, 0, 0, 3, 14.26
1747824933, 0, 129, 1141, 1139, 22, 7.27%, 0, 0, 3, 14.39
1747824938, 0, 129, 1142, 1140, 22, 7.27%, 0, 0, 3, 13.82
1747824943, 0, 129, 1143, 1141, 22, 7.27%, 0, 0, 3, 13.99
1747824963, 0, 129, 1144, 1142, 22, 7.27%, 0, 0, 3, 14.07
1747824979, 0, 129, 1145, 1143, 22, 7.27%, 0, 0, 3, 15.06
1747825020, 0, 129, 1146, 1144, 22, 7.27%, 0, 0, 3, 14.86
1747825025, 0, 129, 1147, 1145, 22, 7.27%, 0, 0, 3, 14.56
1747825127, 0, 129, 1148, 1146, 22, 7.27%, 0, 0, 3, 14.42
1747825132, 0, 129, 1149, 1147, 22, 7.27%, 0, 0, 3, 14.41
1747825179, 0, 129, 1150, 1148, 22, 7.27%, 0, 0, 3, 14.53
1747825215, 0, 130, 1150, 1148, 22, 7.27%, 0, 0, 3, 14.94
1747825225, 0, 131, 1150, 1148, 22, 7.27%, 0, 0, 3, 14.91
1747825231, 0, 131, 1151, 1149, 22, 7.27%, 0, 0, 3, 14.99
1747825241, 0, 132, 1151, 1149, 22, 7.27%, 0, 0, 3, 15.29
1747825251, 0, 133, 1151, 1149, 22, 7.27%, 0, 0, 3, 15.04
1747825262, 0, 134, 1151, 1149, 22, 7.27%, 0, 0, 3, 14.61
1747825267, 0, 135, 1151, 1149, 22, 7.27%, 0, 0, 3, 14.25
1747825277, 0, 135, 1152, 1150, 22, 7.27%, 0, 0, 3, 13.70
1747825282, 0, 135, 1153, 1151, 22, 7.27%, 0, 0, 3, 14.24
1747825298, 0, 135, 1154, 1152, 22, 7.28%, 0, 0, 3, 13.92
1747825303, 0, 135, 1155, 1153, 22, 7.28%, 0, 0, 3, 14.40
1747825333, 0, 135, 1156, 1154, 22, 7.29%, 0, 0, 3, 13.82
1747825344, 0, 135, 1157, 1155, 22, 7.30%, 0, 0, 3, 14.60
1747825395, 0, 135, 1158, 1156, 22, 7.30%, 0, 0, 3, 13.58
1747825456, 0, 135, 1159, 1157, 22, 7.30%, 0, 0, 3, 13.98
1747825477, 0, 135, 1160, 1158, 22, 7.30%, 0, 0, 3, 13.99
1747825513, 0, 135, 1161, 1159, 22, 7.30%, 0, 0, 3, 13.82
1747825558, 0, 136, 1161, 1159, 23, 7.30%, 0, 0, 3, 14.59
1747825564, 0, 139, 1161, 1159, 23, 7.30%, 0, 0, 3, 15.27
1747825574, 0, 140, 1161, 1159, 23, 7.30%, 0, 0, 3, 14.76
1747825584, 0, 141, 1161, 1159, 23, 7.30%, 0, 0, 3, 15.00
1747825589, 0, 142, 1161, 1159, 23, 7.30%, 0, 0, 3, 14.82
1747825599, 0, 143, 1161, 1159, 23, 7.30%, 0, 0, 3, 14.51
1747825609, 0, 144, 1161, 1159, 23, 7.30%, 0, 0, 3, 15.12
1747825615, 0, 146, 1161, 1159, 23, 7.30%, 0, 0, 3, 15.23
1747825625, 0, 147, 1161, 1159, 23, 7.30%, 0, 0, 3, 14.75
1747825635, 0, 148, 1161, 1159, 23, 7.30%, 0, 0, 3, 15.18
1747825640, 0, 149, 1161, 1159, 23, 7.30%, 0, 0, 3, 14.96
1747825650, 0, 150, 1161, 1159, 23, 7.30%, 0, 0, 3, 14.65
1747825660, 0, 151, 1161, 1159, 23, 7.30%, 0, 0, 3, 14.56
1747825671, 0, 152, 1161, 1159, 23, 7.30%, 0, 0, 3, 14.76
1747825676, 0, 153, 1161, 1159, 23, 7.30%, 0, 0, 3, 14.68
1747825686, 0, 156, 1161, 1159, 23, 7.30%, 0, 0, 3, 14.97
1747825696, 0, 157, 1161, 1159, 23, 7.30%, 0, 0, 3, 14.32
1747825701, 0, 158, 1161, 1159, 23, 7.30%, 0, 0, 3, 14.43
1747825711, 0, 163, 1161, 1159, 23, 7.30%, 0, 0, 3, 13.91
1747825722, 0, 164, 1161, 1159, 23, 7.30%, 0, 0, 3, 14.12
1747825732, 0, 165, 1163, 1161, 23, 7.30%, 0, 0, 3, 14.11
1747825768, 0, 166, 1163, 1161, 23, 7.30%, 0, 0, 3, 14.91
1747825773, 0, 167, 1163, 1161, 23, 7.30%, 0, 0, 3, 15.06
1747825783, 0, 168, 1163, 1161, 23, 7.30%, 0, 0, 3, 15.33
1747825793, 0, 169, 1163, 1161, 23, 7.30%, 0, 0, 3, 14.57
1747825799, 0, 170, 1163, 1161, 23, 7.30%, 0, 0, 3, 14.34
1747825809, 0, 171, 1163, 1161, 23, 7.30%, 0, 0, 3, 14.83
1747825819, 0, 172, 1163, 1161, 23, 7.30%, 0, 0, 3, 14.53
1747825824, 0, 173, 1163, 1161, 23, 7.30%, 0, 0, 3, 15.20
1747825834, 0, 174, 1163, 1161, 23, 7.30%, 0, 0, 3, 14.59
1747825844, 0, 175, 1163, 1161, 23, 7.30%, 0, 0, 3, 14.55
1747825855, 0, 176, 1163, 1161, 23, 7.30%, 0, 0, 3, 15.20
1747825860, 0, 177, 1163, 1161, 23, 7.30%, 0, 0, 3, 15.03
1747825865, 0, 177, 1164, 1162, 23, 7.30%, 0, 0, 3, 14.72
1747825880, 0, 179, 1164, 1162, 23, 7.30%, 0, 0, 3, 15.56
1747825886, 0, 180, 1164, 1162, 23, 7.30%, 0, 0, 3, 14.97
1747825896, 0, 180, 1165, 1163, 23, 7.30%, 0, 0, 3, 14.32
1747825906, 0, 181, 1165, 1163, 23, 7.30%, 0, 0, 3, 14.89
1747825911, 0, 182, 1165, 1163, 23, 7.30%, 0, 0, 3, 15.07
1747825921, 0, 184, 1165, 1163, 23, 7.30%, 0, 0, 3, 14.38
1747825931, 0, 185, 1165, 1163, 23, 7.30%, 0, 0, 3, 14.59
1747825942, 0, 186, 1165, 1163, 23, 7.30%, 0, 0, 3, 14.61
1747825947, 0, 188, 1165, 1163, 23, 7.30%, 0, 0, 3, 15.05
1747825957, 0, 189, 1165, 1163, 23, 7.30%, 0, 0, 3, 15.16
1747825967, 0, 190, 1165, 1163, 23, 7.30%, 0, 0, 3, 14.79
1747825972, 0, 191, 1165, 1163, 23, 7.30%, 0, 0, 3, 14.73
1747825983, 0, 192, 1165, 1163, 23, 7.30%, 0, 0, 3, 14.95
1747825993, 0, 193, 1165, 1163, 23, 7.30%, 0, 0, 3, 14.57
1747825998, 0, 194, 1165, 1163, 23, 7.30%, 0, 0, 3, 15.19
1747826008, 0, 196, 1165, 1163, 23, 7.30%, 0, 0, 3, 14.52
1747826018, 0, 197, 1165, 1163, 23, 7.30%, 0, 0, 3, 15.32
1747826023, 0, 198, 1165, 1163, 23, 7.30%, 0, 0, 3, 14.97
1747826034, 0, 199, 1165, 1163, 23, 7.30%, 0, 0, 3, 14.61
1747826044, 0, 200, 1165, 1163, 23, 7.30%, 0, 0, 3, 14.71
1747826054, 0, 201, 1165, 1163, 23, 7.30%, 0, 0, 3, 14.89
1747826059, 0, 202, 1165, 1163, 23, 7.30%, 0, 0, 3, 14.82
1747826064, 0, 202, 1166, 1164, 23, 7.30%, 0, 0, 3, 14.15
1747826080, 0, 203, 1166, 1164, 23, 7.30%, 0, 0, 3, 14.88
1747826085, 0, 205, 1166, 1164, 23, 7.30%, 0, 0, 3, 14.78
1747826095, 0, 206, 1166, 1164, 23, 7.30%, 0, 0, 3, 14.96
1747826100, 0, 206, 1167, 1165, 23, 7.30%, 0, 0, 3, 14.09
1747826116, 0, 207, 1168, 1166, 23, 7.30%, 0, 0, 3, 14.19
1747826131, 0, 208, 1168, 1166, 23, 7.30%, 0, 0, 3, 14.55
1747826141, 0, 209, 1168, 1166, 23, 7.30%, 0, 0, 3, 14.50
1747826146, 0, 210, 1168, 1166, 23, 7.30%, 0, 0, 3, 14.86
1747826157, 0, 211, 1168, 1166, 23, 7.30%, 0, 0, 3, 15.30
1747826167, 0, 212, 1168, 1166, 23, 7.30%, 0, 0, 3, 14.89
1747826172, 0, 212, 1169, 1167, 23, 7.30%, 0, 0, 3, 14.84
1747826182, 0, 213, 1169, 1167, 23, 7.30%, 0, 0, 3, 15.14
1747826192, 0, 214, 1169, 1167, 23, 7.30%, 0, 0, 3, 14.68
1747826202, 0, 215, 1169, 1167, 23, 7.30%, 0, 0, 3, 13.83
1747826208, 0, 216, 1169, 1167, 23, 7.30%, 0, 0, 3, 14.67
1747826218, 0, 217, 1169, 1167, 23, 7.30%, 0, 0, 3, 14.58
1747826228, 0, 219, 1169, 1167, 23, 7.30%, 0, 0, 3, 15.24
1747826233, 0, 220, 1169, 1167, 23, 7.30%, 0, 0, 3, 14.53
1747826244, 0, 221, 1169, 1167, 23, 7.30%, 0, 0, 3, 14.64
1747826254, 0, 224, 1169, 1167, 23, 7.30%, 0, 0, 3, 15.00
1747826259, 0, 227, 1169, 1167, 23, 7.30%, 0, 0, 3, 14.64
1747826269, 0, 228, 1169, 1167, 23, 7.30%, 0, 0, 3, 15.05
1747826280, 0, 229, 1169, 1167, 23, 7.30%, 0, 0, 3, 14.80
1747826285, 0, 230, 1169, 1167, 23, 7.30%, 0, 0, 3, 14.39
1747826290, 0, 230, 1170, 1168, 23, 7.30%, 0, 0, 3, 14.70
1747826305, 0, 231, 1170, 1168, 23, 7.30%, 0, 0, 3, 14.62
1747826315, 0, 232, 1170, 1168, 23, 7.30%, 0, 0, 3, 14.31
1747826320, 0, 233, 1170, 1168, 23, 7.30%, 0, 0, 3, 14.34
1747826331, 0, 234, 1170, 1168, 23, 7.30%, 0, 0, 3, 14.85
1747826341, 0, 235, 1170, 1168, 23, 7.30%, 0, 0, 3, 14.99
1747826346, 0, 236, 1170, 1168, 23, 7.30%, 0, 0, 3, 14.71
1747826356, 0, 237, 1170, 1168, 23, 7.30%, 0, 0, 3, 14.88
1747826367, 0, 239, 1170, 1168, 23, 7.30%, 0, 0, 3, 15.12
1747826372, 0, 241, 1170, 1168, 23, 7.30%, 0, 0, 3, 15.56
1747826382, 0, 242, 1170, 1168, 23, 7.30%, 0, 0, 3, 14.99
1747826392, 0, 243, 1170, 1168, 23, 7.30%, 0, 0, 3, 15.22
1747826397, 0, 244, 1170, 1168, 23, 7.30%, 0, 0, 3, 15.31
1747826408, 0, 245, 1170, 1168, 23, 7.30%, 0, 0, 3, 14.66
1747826418, 0, 247, 1170, 1168, 23, 7.30%, 0, 0, 3, 15.24
1747826423, 0, 248, 1170, 1168, 23, 7.30%, 0, 0, 3, 15.06
1747826433, 0, 249, 1170, 1168, 23, 7.30%, 0, 0, 3, 14.83
1747826443, 0, 251, 1170, 1168, 23, 7.30%, 0, 0, 3, 14.50
1747826448, 0, 253, 1170, 1168, 23, 7.30%, 0, 0, 3, 14.61
1747826458, 0, 255, 1170, 1168, 23, 7.30%, 0, 0, 3, 15.07
1747826469, 0, 256, 1170, 1168, 23, 7.30%, 0, 0, 3, 14.90
1747826474, 0, 257, 1170, 1168, 23, 7.30%, 0, 0, 3, 15.41
1747826484, 0, 258, 1170, 1168, 23, 7.30%, 0, 0, 3, 14.92
1747826494, 0, 259, 1170, 1168, 23, 7.30%, 0, 0, 3, 14.73
1747826499, 0, 260, 1170, 1168, 23, 7.30%, 0, 0, 3, 15.09
1747826510, 0, 262, 1170, 1168, 23, 7.30%, 0, 0, 3, 14.93
1747826520, 0, 263, 1170, 1168, 23, 7.30%, 0, 0, 3, 14.93
1747826525, 0, 264, 1170, 1168, 23, 7.30%, 0, 0, 3, 15.21
1747826535, 0, 265, 1170, 1168, 23, 7.30%, 0, 0, 3, 15.32
1747826545, 0, 266, 1170, 1168, 23, 7.30%, 0, 0, 3, 14.24
1747826555, 0, 267, 1170, 1168, 23, 7.30%, 0, 0, 3, 14.79
1747826561, 0, 268, 1170, 1168, 23, 7.30%, 0, 0, 3, 14.64
1747826571, 0, 269, 1170, 1168, 23, 7.30%, 0, 0, 3, 14.73
1747826581, 0, 271, 1170, 1168, 23, 7.30%, 0, 0, 3, 15.23
1747826586, 0, 272, 1170, 1168, 23, 7.30%, 0, 0, 3, 15.08
1747826596, 0, 273, 1170, 1168, 23, 7.30%, 0, 0, 3, 14.82
1747826606, 0, 274, 1170, 1168, 23, 7.30%, 0, 0, 3, 14.52
1747826612, 0, 276, 1170, 1168, 23, 7.30%, 0, 0, 3, 14.73
1747826622, 0, 277, 1170, 1168, 23, 7.30%, 0, 0, 3, 14.91
1747826632, 0, 278, 1170, 1168, 23, 7.30%, 0, 0, 3, 14.89
1747826642, 0, 279, 1170, 1168, 23, 7.30%, 0, 0, 3, 14.92
1747826647, 0, 280, 1170, 1168, 23, 7.30%, 0, 0, 3, 14.64
1747826657, 0, 281, 1170, 1168, 23, 7.30%, 0, 0, 3, 15.24
1747826668, 0, 282, 1170, 1168, 23, 7.30%, 0, 0, 3, 15.52
1747826673, 0, 282, 1171, 1169, 23, 7.30%, 0, 0, 3, 14.76
1747826683, 0, 283, 1171, 1169, 23, 7.30%, 0, 0, 3, 14.79
1747826693, 0, 286, 1171, 1169, 23, 7.30%, 0, 0, 3, 15.38
1747826698, 0, 286, 1174, 1172, 23, 7.30%, 0, 0, 3, 13.42
1747826724, 0, 286, 1175, 1173, 23, 7.30%, 0, 0, 3, 14.58
1747826744, 0, 286, 1176, 1174, 23, 7.30%, 0, 0, 3, 13.83
1747826749, 0, 286, 1177, 1175, 23, 7.30%, 0, 0, 3, 13.73
1747826801, 0, 286, 1178, 1176, 23, 7.30%, 0, 0, 3, 14.46
1747826806, 0, 286, 1179, 1177, 23, 7.30%, 0, 0, 3, 14.07
1747826827, 0, 286, 1180, 1178, 23, 7.30%, 0, 0, 3, 14.50
1747826842, 0, 286, 1181, 1179, 23, 7.30%, 0, 0, 3, 13.60
1747826939, 0, 286, 1182, 1180, 23, 7.31%, 0, 0, 3, 14.23
1747826975, 0, 286, 1183, 1181, 23, 7.31%, 0, 0, 3, 13.41
1747826980, 0, 287, 1183, 1181, 24, 7.31%, 0, 0, 3, 14.51
1747826991, 0, 288, 1184, 1182, 24, 7.31%, 0, 0, 3, 13.70
1747827006, 0, 289, 1184, 1182, 24, 7.31%, 0, 0, 3, 14.13
1747827017, 0, 290, 1184, 1182, 24, 7.31%, 0, 0, 3, 14.24
1747827027, 0, 291, 1184, 1182, 24, 7.31%, 0, 0, 3, 14.36
1747827032, 0, 291, 1185, 1183, 24, 7.31%, 0, 0, 3, 14.22
1747827042, 0, 293, 1185, 1183, 24, 7.31%, 0, 0, 3, 14.32
1747827052, 0, 293, 1186, 1184, 24, 7.31%, 0, 0, 3, 13.24
1747827063, 0, 295, 1186, 1184, 24, 7.31%, 0, 0, 3, 14.48
1747827073, 0, 297, 1187, 1185, 24, 7.31%, 0, 0, 3, 14.40
1747827078, 0, 297, 1188, 1186, 24, 7.31%, 0, 0, 3, 13.36
1747827083, 0, 297, 1189, 1187, 24, 7.31%, 0, 0, 3, 12.97
1747827088, 0, 297, 1190, 1188, 24, 7.31%, 0, 0, 3, 13.90
1747827119, 0, 297, 1191, 1189, 24, 7.31%, 0, 0, 3, 13.84
1747827149, 0, 297, 1192, 1190, 24, 7.31%, 0, 0, 3, 14.00
1747827165, 0, 297, 1193, 1191, 24, 7.31%, 0, 0, 3, 13.54
1747827242, 0, 297, 1194, 1192, 24, 7.31%, 0, 0, 3, 24.10
1747827262, 0, 297, 1195, 1193, 24, 7.31%, 0, 0, 3, 23.73
1747827268, 0, 297, 1196, 1194, 24, 7.31%, 0, 0, 3, 23.62
1747827278, 0, 297, 1197, 1195, 24, 7.31%, 0, 0, 3, 24.94
1747827303, 0, 298, 1197, 1195, 22, 7.31%, 0, 0, 3, 25.06
1747827308, 0, 299, 1197, 1195, 22, 7.31%, 0, 0, 3, 24.83
1747827314, 0, 300, 1197, 1195, 22, 7.31%, 0, 0, 3, 25.41
1747827319, 0, 301, 1197, 1195, 22, 7.31%, 0, 0, 3, 25.01
1747827324, 0, 302, 1197, 1195, 22, 7.31%, 0, 0, 3, 24.35
1747827329, 0, 303, 1197, 1195, 22, 7.31%, 0, 0, 3, 25.03
1747827334, 0, 305, 1197, 1195, 22, 7.31%, 0, 0, 3, 23.70
1747827339, 0, 305, 1198, 1196, 22, 7.31%, 0, 0, 3, 24.51
1747827344, 0, 306, 1198, 1196, 23, 7.31%, 0, 0, 3, 25.16
1747827349, 0, 307, 1198, 1196, 23, 7.31%, 0, 0, 3, 24.36
1747827354, 0, 308, 1198, 1196, 23, 7.31%, 0, 0, 3, 23.84
1747827359, 0, 308, 1200, 1198, 23, 7.32%, 0, 0, 3, 23.41
1747827375, 0, 309, 1200, 1198, 22, 7.32%, 0, 0, 3, 24.41
1747827380, 0, 310, 1200, 1198, 22, 7.32%, 0, 0, 3, 23.55
1747827385, 0, 313, 1200, 1198, 22, 7.32%, 0, 0, 3, 23.48
1747827390, 0, 313, 1201, 1199, 22, 7.32%, 0, 0, 3, 22.65
1747827400, 0, 314, 1203, 1201, 23, 7.32%, 0, 0, 3, 22.97
1747827406, 0, 314, 1205, 1203, 23, 7.32%, 0, 0, 3, 22.46
1747827416, 0, 314, 1206, 1204, 23, 7.32%, 0, 0, 3, 23.41
1747827421, 0, 314, 1207, 1205, 23, 7.32%, 0, 0, 3, 22.99
1747827426, 0, 314, 1208, 1206, 23, 7.32%, 0, 0, 3, 23.21
1747827431, 0, 314, 1209, 1207, 23, 7.32%, 0, 0, 3, 23.58
1747827442, 0, 314, 1210, 1208, 23, 7.32%, 0, 0, 3, 24.37
1747827447, 0, 314, 1211, 1209, 23, 7.32%, 0, 0, 3, 22.77
1747827523, 0, 314, 1212, 1210, 23, 7.64%, 0, 0, 3, 13.41
1747827539, 0, 314, 1213, 1211, 23, 7.64%, 0, 0, 3, 13.05
1747827621, 0, 316, 1213, 1211, 23, 7.64%, 0, 0, 3, 13.82
1747827626, 0, 316, 1214, 1212, 23, 7.64%, 0, 0, 3, 13.21
1747827631, 0, 316, 1215, 1213, 23, 7.64%, 0, 0, 3, 13.60
1747827636, 0, 316, 1216, 1214, 23, 7.69%, 0, 0, 3, 13.58
1747827672, 0, 316, 1217, 1215, 23, 7.69%, 0, 0, 3, 13.76
1747827713, 0, 316, 1219, 1217, 23, 7.69%, 0, 0, 3, 12.93
1747827770, 0, 316, 1220, 1218, 23, 7.69%, 0, 0, 3, 13.80
1747827790, 0, 316, 1221, 1219, 23, 7.69%, 0, 0, 3, 13.75
1747827810, 0, 316, 1222, 1220, 23, 7.69%, 0, 0, 3, 13.89
1747827867, 0, 316, 1223, 1221, 23, 7.69%, 0, 0, 3, 14.10
1747827882, 0, 316, 1224, 1222, 23, 7.69%, 0, 0, 3, 13.86
1747827892, 0, 316, 1225, 1223, 23, 7.69%, 0, 0, 3, 13.07
1747827897, 0, 316, 1226, 1224, 23, 7.69%, 0, 0, 3, 13.35
1747827912, 0, 317, 1226, 1224, 24, 7.69%, 0, 0, 3, 14.43
1747827923, 0, 318, 1226, 1224, 24, 7.69%, 0, 0, 3, 14.92
1747827933, 0, 319, 1226, 1224, 24, 7.69%, 0, 0, 3, 14.35
1747827938, 0, 319, 1227, 1225, 24, 7.69%, 0, 0, 3, 14.31
1747827948, 0, 319, 1228, 1226, 24, 7.70%, 0, 0, 3, 14.11
1747827969, 0, 322, 1228, 1226, 25, 7.70%, 0, 0, 3, 14.56
1747827979, 0, 323, 1228, 1226, 25, 7.70%, 0, 0, 3, 14.01
1747827984, 0, 323, 1229, 1227, 25, 7.70%, 0, 0, 3, 13.51
1747827994, 0, 324, 1229, 1227, 26, 7.70%, 0, 0, 3, 14.47
1747827999, 0, 324, 1230, 1228, 26, 7.70%, 0, 0, 3, 13.63
1747828009, 0, 324, 1232, 1230, 26, 7.70%, 0, 0, 3, 12.57
1747828025, 0, 324, 1233, 1231, 26, 7.70%, 0, 0, 3, 13.09
1747828030, 0, 324, 1234, 1232, 26, 7.70%, 0, 0, 3, 13.18
1747828035, 0, 324, 1235, 1233, 26, 7.70%, 0, 0, 3, 13.58
1747828040, 0, 324, 1237, 1235, 26, 7.70%, 0, 0, 3, 12.86
1747828055, 0, 324, 1238, 1236, 26, 7.70%, 0, 0, 3, 13.82
1747828065, 0, 324, 1239, 1237, 26, 7.70%, 0, 0, 3, 14.37
1747828076, 0, 324, 1240, 1238, 26, 7.70%, 0, 0, 3, 13.65
1747828106, 0, 324, 1241, 1239, 26, 7.70%, 0, 0, 3, 13.18
1747828122, 0, 324, 1242, 1240, 26, 7.76%, 0, 0, 3, 12.99
1747828132, 0, 324, 1244, 1242, 26, 7.76%, 0, 0, 3, 12.88
1747828158, 0, 324, 1245, 1243, 26, 7.76%, 0, 0, 3, 13.39
1747828219, 0, 324, 1246, 1244, 26, 7.76%, 0, 0, 3, 13.41
1747828301, 0, 328, 1246, 1244, 27, 7.76%, 0, 0, 3, 14.40
1747828311, 0, 329, 1246, 1244, 27, 7.76%, 0, 0, 3, 14.86
1747828316, 0, 330, 1246, 1244, 27, 7.76%, 0, 0, 3, 14.52
1747828326, 0, 331, 1246, 1244, 27, 7.76%, 0, 0, 3, 14.16
1747828337, 0, 332, 1246, 1244, 27, 7.76%, 0, 0, 3, 13.92
1747828342, 0, 333, 1246, 1244, 27, 7.76%, 0, 0, 3, 13.92
1747828352, 0, 334, 1246, 1244, 27, 7.76%, 0, 0, 3, 14.53
1747828362, 0, 335, 1246, 1244, 27, 7.76%, 0, 0, 3, 14.64
1747828373, 0, 336, 1246, 1244, 27, 7.76%, 0, 0, 3, 14.06
1747828378, 0, 337, 1246, 1244, 27, 7.76%, 0, 0, 3, 14.05
1747828388, 0, 338, 1246, 1244, 27, 7.76%, 0, 0, 3, 14.78
1747828398, 0, 339, 1246, 1244, 27, 7.76%, 0, 0, 3, 14.65
1747828408, 0, 341, 1246, 1244, 27, 7.76%, 0, 0, 3, 15.15
1747828413, 0, 342, 1246, 1244, 27, 7.76%, 0, 0, 3, 14.65
1747828418, 0, 342, 1249, 1247, 27, 7.76%, 0, 0, 3, 12.22
1747828439, 0, 342, 1250, 1248, 27, 7.76%, 0, 0, 3, 13.25
1747828444, 0, 342, 1251, 1249, 27, 7.76%, 0, 0, 3, 13.31
1747828485, 0, 342, 1252, 1250, 27, 7.76%, 0, 0, 3, 14.30
1747828505, 0, 342, 1253, 1251, 27, 7.76%, 0, 0, 3, 13.56
1747828516, 0, 342, 1254, 1252, 27, 7.76%, 0, 0, 3, 12.88
1747828521, 0, 342, 1255, 1253, 27, 7.76%, 0, 0, 3, 13.02
1747828541, 0, 342, 1256, 1254, 27, 7.76%, 0, 0, 3, 13.31
1747828552, 0, 342, 1257, 1255, 27, 7.76%, 0, 0, 3, 13.05
1747828623, 0, 342, 1258, 1256, 27, 7.76%, 0, 0, 3, 12.94
1747828639, 0, 342, 1259, 1257, 27, 7.76%, 0, 0, 3, 14.64
1747828715, 0, 343, 1259, 1257, 27, 7.76%, 0, 0, 3, 14.56
1747828726, 0, 344, 1259, 1257, 27, 7.76%, 0, 0, 3, 13.84
1747828736, 0, 345, 1259, 1257, 27, 7.76%, 0, 0, 3, 14.93
1747828746, 0, 347, 1259, 1257, 27, 7.76%, 0, 0, 3, 14.45
1747828751, 0, 348, 1259, 1257, 27, 7.76%, 0, 0, 3, 14.31
1747828761, 0, 349, 1259, 1257, 27, 7.76%, 0, 0, 3, 14.43
1747828771, 0, 352, 1259, 1257, 27, 7.76%, 0, 0, 3, 14.56
1747828782, 0, 353, 1259, 1257, 27, 7.76%, 0, 0, 3, 14.11
1747828787, 0, 353, 1260, 1258, 27, 7.76%, 0, 0, 3, 13.31
1747828797, 0, 354, 1260, 1258, 27, 7.76%, 0, 0, 3, 14.33
1747828808, 0, 355, 1260, 1258, 27, 7.76%, 0, 0, 3, 15.21
1747828818, 0, 356, 1260, 1258, 27, 7.76%, 0, 0, 3, 14.78
1747828823, 0, 357, 1260, 1258, 27, 7.76%, 0, 0, 3, 15.06
1747828833, 0, 358, 1260, 1258, 27, 7.76%, 0, 0, 3, 14.68
1747828844, 0, 360, 1260, 1258, 27, 7.76%, 0, 0, 3, 14.67
1747828849, 0, 361, 1260, 1258, 27, 7.76%, 0, 0, 3, 14.70
1747828854, 0, 361, 1261, 1259, 27, 7.76%, 0, 0, 3, 13.42
1747828869, 0, 363, 1261, 1259, 27, 7.76%, 0, 0, 3, 14.38
1747828879, 0, 365, 1261, 1259, 27, 7.76%, 0, 0, 3, 14.95
1747828890, 0, 366, 1262, 1260, 27, 7.76%, 0, 0, 3, 13.02
1747828905, 0, 368, 1262, 1260, 27, 7.76%, 0, 0, 3, 12.98
1747828915, 0, 368, 1263, 1261, 27, 7.76%, 0, 0, 3, 13.53
1747828926, 0, 369, 1263, 1261, 27, 7.76%, 0, 0, 3, 14.49
1747828936, 0, 370, 1264, 1262, 27, 7.76%, 0, 0, 3, 13.17
1747828946, 0, 370, 1265, 1263, 27, 7.76%, 0, 0, 3, 12.67
1747828951, 0, 370, 1266, 1264, 27, 7.76%, 0, 0, 3, 13.82
1747828976, 0, 370, 1267, 1265, 27, 7.76%, 0, 0, 3, 13.21
1747828986, 0, 370, 1268, 1266, 27, 7.76%, 0, 0, 3, 12.57
1747829022, 0, 370, 1269, 1267, 27, 7.76%, 0, 0, 3, 12.65
1747829037, 0, 370, 1270, 1268, 27, 7.76%, 0, 0, 3, 13.56
1747829222, 0, 370, 1271, 1269, 27, 7.76%, 0, 0, 3, 12.98
1747829242, 0, 372, 1272, 1270, 27, 7.76%, 0, 0, 3, 13.20
1747829252, 0, 372, 1273, 1271, 27, 7.76%, 0, 0, 3, 12.83
1747829278, 0, 372, 1274, 1272, 27, 7.76%, 0, 0, 3, 13.27
1747829319, 0, 373, 1274, 1272, 27, 7.76%, 0, 0, 3, 14.17
1747829329, 0, 374, 1275, 1273, 27, 7.76%, 0, 0, 3, 12.99
1747829350, 0, 376, 1276, 1274, 27, 7.76%, 0, 0, 3, 12.18
1747829355, 0, 376, 1278, 1276, 27, 7.76%, 0, 0, 3, 11.84
1747829365, 0, 376, 1279, 1277, 27, 7.76%, 0, 0, 3, 13.20
1747829370, 0, 376, 1280, 1278, 27, 7.76%, 0, 0, 3, 11.82
1747829391, 0, 376, 1281, 1279, 27, 7.76%, 0, 0, 3, 12.01
1747829396, 0, 376, 1282, 1280, 27, 7.76%, 0, 0, 3, 12.89
1747829417, 0, 376, 1283, 1281, 27, 7.76%, 0, 0, 3, 12.06
1747829422, 0, 376, 1284, 1282, 27, 7.76%, 0, 0, 3, 12.52
1747829432, 0, 376, 1285, 1283, 27, 7.79%, 0, 0, 3, 12.71
1747829447, 0, 376, 1286, 1284, 27, 7.79%, 0, 0, 3, 12.89
1747829452, 0, 376, 1287, 1285, 27, 7.79%, 0, 0, 3, 12.88
1747829519, 0, 376, 1288, 1286, 27, 7.81%, 0, 0, 3, 13.49
1747829545, 0, 376, 1289, 1287, 27, 7.81%, 0, 0, 3, 12.65
1747829571, 0, 376, 1290, 1288, 27, 7.82%, 0, 0, 3, 12.54
1747829637, 0, 376, 1292, 1290, 27, 7.82%, 0, 0, 3, 21.08
1747829648, 0, 377, 1293, 1291, 27, 7.82%, 0, 0, 3, 20.59
1747829653, 0, 377, 1294, 1292, 27, 7.82%, 0, 0, 3, 21.40
1747829663, 0, 377, 1295, 1293, 27, 7.82%, 0, 0, 3, 21.98
1747829683, 0, 377, 1296, 1294, 27, 7.82%, 0, 0, 3, 21.20
1747829693, 0, 377, 1297, 1295, 27, 7.82%, 0, 0, 3, 21.84
1747829698, 0, 377, 1298, 1296, 27, 7.82%, 0, 0, 3, 22.01
1747829719, 0, 377, 1300, 1298, 27, 7.82%, 0, 0, 3, 19.55
1747829724, 0, 377, 1301, 1299, 27, 7.82%, 0, 0, 3, 21.53
1747829759, 0, 377, 1302, 1300, 27, 7.82%, 0, 0, 3, 21.77
1747829835, 0, 379, 1302, 1300, 26, 7.82%, 0, 0, 3, 24.46
1747829841, 0, 380, 1302, 1300, 26, 7.82%, 0, 0, 3, 23.31
1747829846, 0, 381, 1302, 1300, 26, 7.82%, 0, 0, 3, 21.49
1747829851, 0, 382, 1303, 1301, 26, 7.82%, 0, 0, 3, 21.43
1747829856, 0, 382, 1304, 1302, 26, 7.82%, 0, 0, 3, 21.05
1747829876, 0, 383, 1304, 1302, 26, 7.82%, 0, 0, 3, 21.53
1747829881, 0, 384, 1304, 1302, 26, 7.82%, 0, 0, 3, 22.21
1747829886, 0, 385, 1304, 1302, 26, 7.82%, 0, 0, 3, 22.16
1747829892, 0, 386, 1304, 1302, 26, 7.82%, 0, 0, 3, 23.46
1747829897, 0, 387, 1304, 1302, 26, 7.82%, 0, 0, 3, 29.74
1747830483, 0, 390, 1304, 1301, 26, 7.82%, 0, 0, 3, 39.46
1747830488, 0, 391, 1304, 1301, 26, 7.82%, 0, 0, 3, 26.39
1747830498, 0, 396, 1304, 1301, 26, 7.82%, 0, 0, 3, 24.89
1747830503, 0, 397, 1304, 1301, 26, 7.82%, 0, 0, 3, 23.53
1747830508, 0, 398, 1304, 1301, 26, 7.82%, 0, 0, 3, 23.00
1747830514, 0, 398, 1306, 1303, 26, 7.82%, 0, 0, 3, 21.76
1747830529, 0, 399, 1306, 1303, 26, 7.82%, 0, 0, 3, 23.27
1747830534, 0, 401, 1307, 1304, 26, 7.82%, 0, 0, 3, 23.28
1747830549, 0, 401, 1308, 1305, 26, 7.82%, 0, 0, 3, 21.20
1747830559, 0, 402, 1308, 1305, 26, 7.82%, 0, 0, 3, 21.66
1747830564, 0, 404, 1308, 1305, 26, 7.82%, 0, 0, 3, 21.69
1747830575, 0, 405, 1308, 1305, 26, 7.82%, 0, 0, 3, 21.30
1747830580, 0, 406, 1308, 1305, 26, 7.82%, 0, 0, 3, 21.00
1747830585, 0, 406, 1310, 1307, 26, 7.82%, 0, 0, 3, 19.89
1747830595, 0, 406, 1311, 1308, 26, 7.82%, 0, 0, 3, 20.86
1747830605, 0, 406, 1312, 1309, 26, 7.82%, 0, 0, 3, 22.23
1747830636, 0, 406, 1313, 1310, 26, 7.82%, 0, 0, 3, 21.80
1747830646, 0, 406, 1314, 1311, 26, 7.82%, 0, 0, 3, 20.58
1747830672, 0, 406, 1315, 1312, 26, 7.82%, 0, 0, 3, 20.57
1747830739, 0, 406, 1316, 1313, 26, 7.83%, 0, 0, 3, 21.76
1747830749, 0, 406, 1317, 1314, 26, 7.83%, 0, 0, 3, 21.33
1747830759, 0, 406, 1318, 1315, 26, 7.83%, 0, 0, 3, 19.33
1747830764, 0, 406, 1319, 1316, 26, 7.83%, 0, 0, 3, 21.75
1747830769, 0, 408, 1319, 1316, 27, 7.83%, 0, 0, 3, 24.12
1747830775, 0, 409, 1319, 1316, 27, 7.83%, 0, 0, 3, 17.28
1747830785, 0, 411, 1319, 1316, 27, 7.83%, 0, 0, 3, 12.75
1747830795, 0, 412, 1319, 1316, 27, 7.83%, 0, 0, 3, 12.62
1747830805, 0, 413, 1319, 1316, 27, 7.83%, 0, 0, 3, 13.34
1747830816, 0, 414, 1319, 1316, 27, 7.83%, 0, 0, 3, 12.83
1747830826, 0, 415, 1319, 1316, 27, 7.83%, 0, 0, 3, 12.78
1747830836, 0, 416, 1320, 1317, 27, 7.83%, 0, 0, 3, 12.90
1747830857, 0, 417, 1320, 1317, 27, 7.83%, 0, 0, 3, 13.13
1747830862, 0, 418, 1320, 1317, 27, 7.83%, 0, 0, 3, 13.63
1747830872, 0, 419, 1320, 1317, 27, 7.83%, 0, 0, 3, 13.02
1747830882, 0, 420, 1320, 1317, 27, 7.83%, 0, 0, 3, 13.83
1747830892, 0, 421, 1320, 1317, 27, 7.83%, 0, 0, 3, 13.73
1747830903, 0, 422, 1320, 1317, 27, 7.83%, 0, 0, 3, 14.22
1747830913, 0, 423, 1320, 1317, 27, 7.83%, 0, 0, 3, 12.79
1747830923, 0, 424, 1320, 1317, 27, 7.83%, 0, 0, 3, 14.73
1747830928, 0, 425, 1320, 1317, 27, 7.83%, 0, 0, 3, 14.30
1747830938, 0, 426, 1320, 1317, 27, 7.83%, 0, 0, 3, 12.95
1747830948, 0, 427, 1320, 1317, 27, 7.83%, 0, 0, 3, 13.46
1747830959, 0, 428, 1320, 1317, 27, 7.83%, 0, 0, 3, 13.58
1747830969, 0, 430, 1320, 1317, 27, 7.83%, 0, 0, 3, 13.50
1747830979, 0, 432, 1320, 1317, 27, 7.83%, 0, 0, 3, 13.44
1747830990, 0, 433, 1320, 1317, 27, 7.83%, 0, 0, 3, 12.93
1747830995, 0, 434, 1320, 1317, 27, 7.83%, 0, 0, 3, 13.67
1747831005, 0, 435, 1320, 1317, 27, 7.83%, 0, 0, 3, 13.34
1747831015, 0, 436, 1320, 1317, 27, 7.83%, 0, 0, 3, 13.52
1747831026, 0, 437, 1320, 1317, 27, 7.83%, 0, 0, 3, 13.75
1747831036, 0, 437, 1321, 1318, 27, 7.83%, 0, 0, 3, 12.67
1747831046, 0, 438, 1321, 1318, 27, 7.83%, 0, 0, 3, 13.87
1747831057, 0, 439, 1321, 1318, 27, 7.83%, 0, 0, 3, 13.52
1747831067, 0, 442, 1321, 1318, 27, 7.83%, 0, 0, 3, 14.04
1747831072, 0, 443, 1321, 1318, 27, 7.83%, 0, 0, 3, 13.84
1747831082, 0, 443, 1322, 1319, 27, 7.84%, 0, 0, 3, 13.25
1747831093, 0, 443, 1323, 1320, 27, 7.84%, 0, 0, 3, 12.92
1747831098, 0, 443, 1325, 1322, 27, 7.86%, 0, 0, 3, 11.23
1747831108, 0, 443, 1326, 1323, 27, 7.86%, 0, 0, 3, 13.05
1747831139, 0, 443, 1327, 1324, 27, 7.86%, 0, 0, 3, 13.28
1747831144, 0, 443, 1328, 1325, 27, 7.86%, 0, 0, 3, 12.66
1747831241, 0, 443, 1329, 1326, 27, 7.86%, 0, 0, 3, 12.41
1747831272, 0, 443, 1330, 1327, 27, 7.86%, 0, 0, 3, 12.81
1747831365, 0, 443, 1331, 1328, 27, 7.86%, 0, 0, 3, 12.41
1747831385, 0, 443, 1332, 1329, 27, 7.86%, 0, 0, 3, 12.23
1747831390, 0, 443, 1333, 1330, 27, 7.87%, 0, 0, 3, 12.16
1747831395, 0, 445, 1333, 1330, 30, 7.87%, 0, 0, 3, 12.45
1747831405, 0, 446, 1333, 1330, 30, 7.87%, 0, 0, 3, 13.49
1747831416, 0, 447, 1333, 1330, 30, 7.87%, 0, 0, 3, 14.11
1747831426, 0, 448, 1333, 1330, 30, 7.87%, 0, 0, 3, 13.51
1747831431, 0, 449, 1333, 1330, 30, 7.87%, 0, 0, 3, 13.79
1747831441, 0, 450, 1333, 1330, 30, 7.87%, 0, 0, 3, 13.18
1747831451, 0, 451, 1333, 1330, 30, 7.87%, 0, 0, 3, 13.72
1747831462, 0, 452, 1333, 1330, 30, 7.87%, 0, 0, 3, 13.24
1747831472, 0, 453, 1333, 1330, 30, 7.87%, 0, 0, 3, 13.19
1747831482, 0, 454, 1333, 1330, 30, 7.87%, 0, 0, 3, 13.49
1747831492, 0, 455, 1333, 1330, 30, 7.87%, 0, 0, 3, 12.86
1747831503, 0, 456, 1333, 1330, 30, 7.87%, 0, 0, 3, 12.71
1747831508, 0, 456, 1334, 1331, 30, 7.87%, 0, 0, 3, 13.03
1747831513, 0, 456, 1335, 1332, 30, 7.87%, 0, 0, 3, 12.20
1747831538, 0, 458, 1335, 1332, 30, 7.87%, 0, 0, 3, 21.83
1747831544, 0, 459, 1335, 1332, 30, 7.87%, 0, 0, 3, 21.94
1747831549, 0, 460, 1335, 1332, 30, 7.87%, 0, 0, 3, 21.21
1747831554, 0, 461, 1335, 1332, 30, 7.87%, 0, 0, 3, 22.14
1747831564, 0, 462, 1335, 1332, 30, 7.87%, 0, 0, 3, 21.44
1747831569, 0, 464, 1335, 1332, 30, 7.87%, 0, 0, 3, 22.21
1747831574, 0, 465, 1335, 1332, 30, 7.87%, 0, 0, 3, 20.13
1747831579, 0, 466, 1335, 1332, 30, 7.87%, 0, 0, 3, 21.52
1747831584, 0, 467, 1335, 1332, 30, 7.87%, 0, 0, 3, 21.40
1747831595, 0, 468, 1335, 1332, 30, 7.87%, 0, 0, 3, 21.90
1747831600, 0, 469, 1335, 1332, 30, 7.87%, 0, 0, 3, 21.45
1747831605, 0, 470, 1335, 1332, 30, 7.87%, 0, 0, 3, 20.29
1747831610, 0, 471, 1336, 1333, 30, 7.87%, 0, 0, 3, 19.33
1747831625, 0, 472, 1336, 1333, 30, 7.87%, 0, 0, 3, 20.80
1747831631, 0, 473, 1336, 1333, 30, 7.87%, 0, 0, 3, 20.05
1747831636, 0, 474, 1336, 1333, 30, 7.87%, 0, 0, 3, 20.66
1747831641, 0, 475, 1336, 1333, 30, 7.87%, 0, 0, 3, 20.42
1747831651, 0, 476, 1336, 1333, 30, 7.87%, 0, 0, 3, 20.48
1747831656, 0, 477, 1339, 1336, 30, 7.87%, 0, 0, 3, 17.70
1747831661, 0, 477, 1341, 1338, 30, 7.87%, 0, 0, 3, 20.02
1747831666, 0, 477, 1344, 1341, 30, 7.89%, 0, 0, 3, 18.99
1747831671, 0, 477, 1345, 1342, 30, 7.89%, 0, 0, 3, 21.03
1747831677, 0, 477, 1346, 1343, 30, 7.89%, 0, 0, 3, 22.03
1747831682, 0, 477, 1347, 1344, 30, 7.89%, 0, 0, 3, 21.72
1747831687, 0, 477, 1348, 1345, 30, 7.89%, 0, 0, 3, 21.26
1747831718, 0, 477, 1350, 1347, 30, 7.90%, 0, 0, 3, 20.02
1747831723, 0, 477, 1352, 1349, 30, 7.90%, 0, 0, 3, 19.76
1747831728, 0, 477, 1353, 1350, 30, 7.90%, 0, 0, 3, 22.01
1747831733, 0, 477, 1355, 1352, 30, 7.90%, 0, 0, 3, 20.68
1747831738, 0, 477, 1356, 1353, 30, 7.90%, 0, 0, 3, 20.93
1747831743, 0, 477, 1357, 1354, 30, 7.90%, 0, 0, 3, 21.23
1747831749, 0, 477, 1358, 1355, 30, 7.90%, 0, 0, 3, 22.46
1747831754, 0, 477, 1359, 1356, 30, 7.90%, 0, 0, 3, 22.52
1747831759, 0, 477, 1361, 1358, 30, 7.90%, 0, 0, 3, 21.21
1747831764, 0, 477, 1362, 1359, 30, 7.90%, 0, 0, 3, 21.45
1747831784, 0, 477, 1363, 1360, 30, 7.90%, 0, 0, 3, 21.42
1747831794, 0, 477, 1364, 1361, 30, 7.90%, 0, 0, 3, 20.95
1747831815, 0, 477, 1365, 1362, 30, 7.90%, 0, 0, 3, 21.02
1747831835, 0, 477, 1366, 1363, 30, 8.04%, 0, 0, 3, 22.92
1747831856, 0, 478, 1366, 1363, 27, 8.04%, 0, 0, 3, 21.70
1747831861, 0, 479, 1366, 1363, 27, 8.04%, 0, 0, 3, 22.97
1747831866, 0, 480, 1366, 1363, 27, 8.04%, 0, 0, 3, 22.60
1747831871, 0, 482, 1366, 1363, 27, 8.04%, 0, 0, 3, 23.14
1747831877, 0, 483, 1366, 1363, 27, 8.04%, 0, 0, 3, 21.62
1747831887, 0, 485, 1366, 1363, 27, 8.04%, 0, 0, 3, 22.08
1747831892, 0, 486, 1366, 1363, 27, 8.04%, 0, 0, 3, 22.20
1747831897, 0, 487, 1366, 1363, 27, 8.04%, 0, 0, 3, 22.19
1747831902, 0, 489, 1366, 1363, 27, 8.04%, 0, 0, 3, 22.32
1747831907, 0, 490, 1366, 1363, 27, 8.04%, 0, 0, 3, 22.37
1747831912, 0, 491, 1366, 1363, 27, 8.04%, 0, 0, 3, 22.14
1747831917, 0, 492, 1366, 1363, 27, 8.04%, 0, 0, 3, 21.61
1747831927, 0, 493, 1367, 1364, 27, 8.04%, 0, 0, 3, 21.18
1747831938, 0, 494, 1367, 1364, 27, 8.04%, 0, 0, 3, 24.33
1747831943, 0, 497, 1367, 1364, 27, 8.04%, 0, 0, 3, 23.74
1747831948, 0, 498, 1367, 1364, 27, 8.04%, 0, 0, 3, 23.56
1747831953, 0, 499, 1367, 1364, 27, 8.04%, 0, 0, 3, 22.48
1747831958, 0, 500, 1367, 1364, 27, 8.04%, 0, 0, 3, 21.90
1747831963, 0, 501, 1367, 1364, 27, 8.04%, 0, 0, 3, 23.44
1747831968, 0, 502, 1367, 1364, 27, 8.04%, 0, 0, 3, 23.52
1747831974, 0, 503, 1367, 1364, 27, 8.04%, 0, 0, 3, 24.41
1747831984, 0, 505, 1367, 1364, 27, 8.04%, 0, 0, 3, 20.95
1747831989, 0, 506, 1367, 1364, 27, 8.04%, 0, 0, 3, 22.30
1747831994, 0, 508, 1367, 1364, 27, 8.04%, 0, 0, 3, 22.70
1747831999, 0, 509, 1367, 1364, 27, 8.04%, 0, 0, 3, 23.91
1747832004, 0, 510, 1367, 1364, 27, 8.04%, 0, 0, 3, 22.88
1747832009, 0, 511, 1367, 1364, 27, 8.04%, 0, 0, 3, 22.58
1747832014, 0, 513, 1367, 1364, 27, 8.04%, 0, 0, 3, 22.35
1747832019, 0, 514, 1367, 1364, 27, 8.04%, 0, 0, 3, 23.49
1747832025, 0, 515, 1367, 1364, 27, 8.04%, 0, 0, 3, 23.66
1747832030, 0, 516, 1367, 1364, 27, 8.04%, 0, 0, 3, 22.28
1747832040, 0, 517, 1367, 1364, 27, 8.04%, 0, 0, 3, 32.89
1747833197, 0, 518, 1367, 1363, 27, 8.04%, 0, 0, 3, 27.84
1747833202, 0, 519, 1367, 1363, 27, 8.04%, 0, 0, 3, 22.96
1747833207, 0, 521, 1367, 1363, 27, 8.04%, 0, 0, 3, 22.46
1747833212, 0, 522, 1367, 1363, 27, 8.04%, 0, 0, 3, 22.75
1747833217, 0, 524, 1367, 1363, 27, 8.04%, 0, 0, 3, 23.45
1747833228, 0, 526, 1367, 1363, 27, 8.04%, 0, 0, 3, 22.11
1747833233, 0, 527, 1367, 1363, 27, 8.04%, 0, 0, 3, 22.18
1747833238, 0, 528, 1367, 1363, 27, 8.04%, 0, 0, 3, 22.01
1747833243, 0, 529, 1367, 1363, 27, 8.04%, 0, 0, 3, 21.66
1747833248, 0, 530, 1367, 1363, 27, 8.04%, 0, 0, 3, 23.02
1747833253, 0, 531, 1367, 1363, 27, 8.04%, 0, 0, 3, 23.26
1747833259, 0, 532, 1367, 1363, 27, 8.04%, 0, 0, 3, 23.04
1747833264, 0, 533, 1367, 1363, 27, 8.04%, 0, 0, 3, 22.06
1747833269, 0, 534, 1367, 1363, 27, 8.04%, 0, 0, 3, 23.31
1747833274, 0, 535, 1367, 1363, 27, 8.04%, 0, 0, 3, 23.50
1747833279, 0, 536, 1367, 1363, 27, 8.04%, 0, 0, 3, 24.58
1747833289, 0, 537, 1367, 1363, 27, 8.04%, 0, 0, 3, 22.97
1747833294, 0, 538, 1367, 1363, 27, 8.04%, 0, 0, 3, 17.31
1747833300, 0, 539, 1367, 1363, 27, 8.04%, 0, 0, 3, 15.05
1747833310, 0, 540, 1367, 1363, 27, 8.04%, 0, 0, 3, 13.52
1747833320, 0, 542, 1367, 1363, 27, 8.04%, 0, 0, 3, 13.85
1747833330, 0, 543, 1367, 1363, 27, 8.04%, 0, 0, 3, 13.52
1747833340, 0, 544, 1367, 1363, 27, 8.04%, 0, 0, 3, 14.22
1747833351, 0, 545, 1367, 1363, 27, 8.04%, 0, 0, 3, 12.92
1747833361, 0, 547, 1367, 1363, 27, 8.04%, 0, 0, 3, 12.31
1747833371, 0, 549, 1367, 1363, 27, 8.04%, 0, 0, 3, 13.68
1747833376, 0, 551, 1367, 1363, 27, 8.04%, 0, 0, 3, 13.39
1747833387, 0, 553, 1367, 1363, 27, 8.04%, 0, 0, 3, 13.91
1747833397, 0, 554, 1367, 1363, 27, 8.04%, 0, 0, 3, 13.92
1747833407, 0, 555, 1367, 1363, 27, 8.04%, 0, 0, 3, 13.19
1747833418, 0, 556, 1367, 1363, 27, 8.04%, 0, 0, 3, 13.38
1747833428, 0, 558, 1367, 1363, 27, 8.04%, 0, 0, 3, 12.92
1747833433, 0, 559, 1367, 1363, 27, 8.04%, 0, 0, 3, 13.29
1747833444, 0, 561, 1367, 1363, 27, 8.04%, 0, 0, 3, 13.80
1747833454, 0, 563, 1367, 1363, 27, 8.04%, 0, 0, 3, 13.55
1747833464, 0, 564, 1367, 1363, 27, 8.04%, 0, 0, 3, 14.03
1747833474, 0, 564, 1368, 1364, 27, 8.04%, 0, 0, 3, 12.62
1747833484, 0, 565, 1368, 1364, 27, 8.04%, 0, 0, 3, 12.64
1747833495, 0, 567, 1368, 1364, 27, 8.04%, 0, 0, 3, 13.17
1747833505, 0, 569, 1368, 1364, 27, 8.04%, 0, 0, 3, 14.20
1747833515, 0, 570, 1368, 1364, 27, 8.04%, 0, 0, 3, 13.75
1747833525, 0, 572, 1368, 1364, 27, 8.04%, 0, 0, 3, 19.59
1747834892, 0, 573, 1368, 1363, 27, 8.04%, 0, 0, 3, 26.67
1747834897, 0, 574, 1368, 1363, 27, 8.04%, 0, 0, 3, 23.85
1747834902, 0, 575, 1368, 1363, 27, 8.04%, 0, 0, 3, 21.92
1747834907, 0, 577, 1368, 1363, 27, 8.04%, 0, 0, 3, 22.67
1747834912, 0, 578, 1368, 1363, 27, 8.04%, 0, 0, 3, 22.82
1747834917, 0, 579, 1368, 1363, 27, 8.04%, 0, 0, 3, 22.91
1747834927, 0, 580, 1368, 1363, 27, 8.04%, 0, 0, 3, 21.92
1747834933, 0, 583, 1368, 1363, 27, 8.04%, 0, 0, 3, 22.96
1747834938, 0, 584, 1368, 1363, 27, 8.04%, 0, 0, 3, 22.83
1747834943, 0, 586, 1368, 1363, 27, 8.04%, 0, 0, 3, 22.55
1747834948, 0, 588, 1368, 1363, 27, 8.04%, 0, 0, 3, 22.44
1747834953, 0, 589, 1368, 1363, 27, 8.04%, 0, 0, 3, 22.01
1747834958, 0, 590, 1368, 1363, 27, 8.04%, 0, 0, 3, 21.66
1747834963, 0, 591, 1368, 1363, 27, 8.04%, 0, 0, 3, 21.94
1747834974, 0, 592, 1368, 1363, 27, 8.04%, 0, 0, 3, 23.69
1747834979, 0, 593, 1368, 1363, 27, 8.04%, 0, 0, 3, 23.27
1747834984, 0, 595, 1368, 1363, 27, 8.04%, 0, 0, 3, 22.10
1747834989, 0, 596, 1368, 1363, 27, 8.04%, 0, 0, 3, 23.17
1747834994, 0, 597, 1368, 1363, 27, 8.04%, 0, 0, 3, 23.56
1747834999, 0, 599, 1368, 1363, 27, 8.04%, 0, 0, 3, 22.83
1747835004, 0, 602, 1368, 1363, 27, 8.04%, 0, 0, 3, 22.49
1747835009, 0, 603, 1368, 1363, 27, 8.04%, 0, 0, 3, 22.18
1747835015, 0, 604, 1368, 1363, 27, 8.04%, 0, 0, 3, 22.72
1747835020, 0, 605, 1368, 1363, 27, 8.04%, 0, 0, 3, 21.98
1747835030, 0, 606, 1369, 1364, 27, 8.06%, 0, 0, 3, 21.16
1747835035, 0, 606, 1370, 1365, 27, 8.06%, 0, 0, 3, 22.65
1747835045, 0, 606, 1371, 1366, 27, 8.06%, 0, 0, 3, 23.23
1747835050, 0, 606, 1372, 1367, 27, 8.06%, 0, 0, 3, 21.96
1747835066, 0, 606, 1373, 1368, 27, 8.06%, 0, 0, 3, 21.89
1747835076, 0, 606, 1374, 1369, 27, 8.06%, 0, 0, 3, 22.91
1747835096, 0, 606, 1375, 1370, 27, 8.06%, 0, 0, 3, 20.96
1747835163, 0, 606, 1376, 1371, 27, 8.06%, 0, 0, 3, 20.93
1747835168, 0, 606, 1377, 1372, 27, 8.06%, 0, 0, 3, 22.13
1747835214, 0, 607, 1378, 1373, 25, 8.06%, 0, 0, 3, 21.54
1747835229, 0, 608, 1378, 1373, 27, 8.06%, 0, 0, 3, 22.80
1747835234, 0, 609, 1378, 1373, 27, 8.06%, 0, 0, 3, 21.84
1747835239, 0, 610, 1378, 1373, 27, 8.06%, 0, 0, 3, 22.66
1747835244, 0, 611, 1378, 1373, 27, 8.06%, 0, 0, 3, 23.21
1747835249, 0, 612, 1379, 1374, 27, 8.06%, 0, 0, 3, 21.24
1747835264, 0, 613, 1379, 1374, 27, 8.06%, 0, 0, 3, 21.83
1747835270, 0, 614, 1379, 1374, 27, 8.06%, 0, 0, 3, 22.07
1747835275, 0, 615, 1379, 1374, 27, 8.06%, 0, 0, 3, 22.56
1747835280, 0, 618, 1379, 1374, 27, 8.06%, 0, 0, 3, 22.92
1747835285, 0, 619, 1379, 1374, 27, 8.06%, 0, 0, 3, 22.88
1747835290, 0, 621, 1379, 1374, 27, 8.06%, 0, 0, 3, 23.27
1747835295, 0, 623, 1379, 1374, 27, 8.06%, 0, 0, 3, 22.23
1747835300, 0, 624, 1379, 1374, 27, 8.06%, 0, 0, 3, 22.85
1747835305, 0, 625, 1379, 1374, 27, 8.06%, 0, 0, 3, 22.36
1747835315, 0, 626, 1379, 1374, 27, 8.06%, 0, 0, 3, 22.54
1747835321, 0, 627, 1379, 1374, 27, 8.06%, 0, 0, 3, 21.21
1747835326, 0, 631, 1379, 1374, 27, 8.06%, 0, 0, 3, 20.61
1747835331, 0, 632, 1379, 1374, 27, 8.06%, 0, 0, 3, 21.68
1747835336, 0, 634, 1379, 1374, 27, 8.06%, 0, 0, 3, 20.75
1747835346, 0, 636, 1379, 1374, 27, 8.06%, 0, 0, 3, 21.19
1747835351, 0, 637, 1379, 1374, 27, 8.06%, 0, 0, 3, 20.62
1747835356, 0, 639, 1379, 1374, 27, 8.06%, 0, 0, 3, 21.34
1747835361, 0, 640, 1379, 1374, 27, 8.06%, 0, 0, 3, 20.88
1747835366, 0, 641, 1379, 1374, 27, 8.06%, 0, 0, 3, 20.47
1747835377, 0, 642, 1379, 1374, 27, 8.06%, 0, 0, 3, 20.94
1747835382, 0, 643, 1379, 1374, 27, 8.06%, 0, 0, 3, 22.32
1747835387, 0, 648, 1379, 1374, 27, 8.06%, 0, 0, 3, 22.06
1747835392, 0, 649, 1379, 1374, 27, 8.06%, 0, 0, 3, 21.50
1747835397, 0, 649, 1380, 1375, 27, 8.06%, 0, 0, 3, 21.98
1747835402, 0, 650, 1380, 1375, 27, 8.06%, 0, 0, 3, 23.02
1747835407, 0, 650, 1381, 1376, 27, 8.06%, 0, 0, 3, 20.21
1747835412, 0, 650, 1382, 1377, 27, 8.06%, 0, 0, 3, 21.75
1747835428, 0, 651, 1382, 1377, 27, 8.06%, 0, 0, 3, 22.98
1747835433, 0, 651, 1383, 1378, 27, 8.09%, 0, 0, 3, 20.83
1747835438, 0, 652, 1383, 1378, 25, 8.09%, 0, 0, 3, 22.46
1747835448, 0, 654, 1383, 1378, 25, 8.09%, 0, 0, 3, 22.80
1747835453, 0, 657, 1383, 1378, 25, 8.09%, 0, 0, 3, 22.50
1747835459, 0, 658, 1383, 1378, 25, 8.09%, 0, 0, 3, 23.25
1747835464, 0, 660, 1383, 1378, 25, 8.09%, 0, 0, 3, 22.24
1747835469, 0, 661, 1383, 1378, 25, 8.09%, 0, 0, 3, 21.67
1747835474, 0, 662, 1383, 1378, 25, 8.09%, 0, 0, 3, 21.81
1747835479, 0, 663, 1383, 1378, 25, 8.09%, 0, 0, 3, 22.37
1747835484, 0, 664, 1383, 1378, 25, 8.09%, 0, 0, 3, 23.77
1747835489, 0, 665, 1383, 1378, 25, 8.09%, 0, 0, 3, 22.14
1747835499, 0, 666, 1384, 1379, 25, 8.09%, 0, 0, 3, 21.72
1747835509, 0, 667, 1384, 1379, 25, 8.09%, 0, 0, 3, 23.32
1747835515, 0, 668, 1384, 1379, 25, 8.09%, 0, 0, 3, 23.61
1747835520, 0, 669, 1384, 1379, 25, 8.09%, 0, 0, 3, 21.92
1747835525, 0, 670, 1384, 1379, 25, 8.09%, 0, 0, 3, 22.83
1747835530, 0, 671, 1384, 1379, 25, 8.09%, 0, 0, 3, 22.96
1747835535, 0, 672, 1384, 1379, 25, 8.09%, 0, 0, 3, 22.30
1747835545, 0, 674, 1384, 1379, 25, 8.09%, 0, 0, 3, 22.24
1747835550, 0, 675, 1384, 1379, 25, 8.09%, 0, 0, 3, 22.89
1747835555, 0, 676, 1384, 1379, 25, 8.09%, 0, 0, 3, 22.92
1747835561, 0, 677, 1384, 1379, 25, 8.09%, 0, 0, 3, 22.35
1747835566, 0, 680, 1384, 1379, 25, 8.09%, 0, 0, 3, 22.07
1747835571, 0, 681, 1384, 1379, 25, 8.09%, 0, 0, 3, 22.05
1747835576, 0, 681, 1385, 1380, 25, 8.09%, 0, 0, 3, 21.61
1747835586, 0, 682, 1385, 1380, 25, 8.09%, 0, 0, 3, 21.60
1747835591, 0, 683, 1385, 1380, 25, 8.09%, 0, 0, 3, 21.99
1747835596, 0, 684, 1385, 1380, 25, 8.09%, 0, 0, 3, 22.39
1747835601, 0, 685, 1386, 1381, 25, 8.09%, 0, 0, 3, 21.64
1747835607, 0, 685, 1387, 1382, 25, 8.09%, 0, 0, 3, 22.64
1747835622, 0, 685, 1388, 1383, 25, 8.09%, 0, 0, 3, 20.24
1747835627, 0, 685, 1389, 1384, 25, 8.09%, 0, 0, 3, 21.56
1747835632, 0, 685, 1390, 1385, 25, 8.09%, 0, 0, 3, 21.24
1747835647, 0, 685, 1392, 1387, 25, 8.09%, 0, 0, 3, 21.01
1747835653, 0, 685, 1393, 1388, 25, 8.09%, 0, 0, 3, 21.10
1747835658, 0, 685, 1394, 1389, 25, 8.09%, 0, 0, 3, 22.78
1747835668, 0, 685, 1395, 1390, 25, 8.09%, 0, 0, 3, 20.78
1747835673, 0, 685, 1396, 1391, 25, 8.09%, 0, 0, 3, 20.56
1747835703, 0, 685, 1397, 1392, 25, 8.09%, 0, 0, 3, 23.37
1747835729, 0, 685, 1399, 1394, 25, 8.09%, 0, 0, 3, 20.70
1747835780, 0, 685, 1400, 1395, 25, 8.09%, 0, 0, 3, 20.94
1747835795, 0, 686, 1400, 1395, 26, 8.09%, 0, 0, 3, 22.51
1747835800, 0, 687, 1400, 1395, 26, 8.09%, 0, 0, 3, 23.56
1747835805, 0, 688, 1400, 1395, 26, 8.09%, 0, 0, 3, 22.82
1747835810, 0, 689, 1400, 1395, 26, 8.09%, 0, 0, 3, 21.76
1747835815, 0, 690, 1400, 1395, 26, 8.09%, 0, 0, 3, 22.37
1747835820, 0, 691, 1400, 1395, 26, 8.09%, 0, 0, 3, 22.39
1747835825, 0, 692, 1400, 1395, 26, 8.09%, 0, 0, 3, 21.85
1747835831, 0, 694, 1400, 1395, 26, 8.09%, 0, 0, 3, 22.31
1747835841, 0, 695, 1400, 1395, 26, 8.09%, 0, 0, 3, 23.24
1747835846, 0, 696, 1400, 1395, 26, 8.09%, 0, 0, 3, 22.38
1747835851, 0, 697, 1400, 1395, 26, 8.09%, 0, 0, 3, 22.68
1747835856, 0, 699, 1400, 1395, 26, 8.09%, 0, 0, 3, 22.41
1747835861, 0, 700, 1400, 1395, 26, 8.09%, 0, 0, 3, 22.38
1747835866, 0, 701, 1400, 1395, 26, 8.09%, 0, 0, 3, 22.46
1747835871, 0, 702, 1400, 1395, 26, 8.09%, 0, 0, 3, 21.98
1747835876, 0, 704, 1400, 1395, 26, 8.09%, 0, 0, 3, 21.82
1747835887, 0, 705, 1400, 1395, 26, 8.09%, 0, 0, 3, 22.38
1747835892, 0, 706, 1400, 1395, 26, 8.09%, 0, 0, 3, 23.36
1747835897, 0, 707, 1400, 1395, 26, 8.09%, 0, 0, 3, 22.57
1747835902, 0, 708, 1400, 1395, 26, 8.09%, 0, 0, 3, 21.85
1747835907, 0, 709, 1400, 1395, 26, 8.09%, 0, 0, 3, 22.34
1747835912, 0, 710, 1400, 1395, 26, 8.09%, 0, 0, 3, 21.44
1747835917, 0, 711, 1400, 1395, 26, 8.09%, 0, 0, 3, 22.40
1747835928, 0, 713, 1400, 1395, 26, 8.09%, 0, 0, 3, 23.01
1747835933, 0, 715, 1400, 1395, 26, 8.09%, 0, 0, 3, 21.57
1747835938, 0, 715, 1401, 1396, 26, 8.09%, 0, 0, 3, 21.89
1747835943, 0, 715, 1402, 1397, 26, 8.12%, 0, 0, 3, 21.55
1747835953, 0, 716, 1402, 1397, 26, 8.12%, 0, 0, 3, 21.48
1747835963, 0, 717, 1402, 1397, 26, 8.12%, 0, 0, 3, 21.46
1747835968, 0, 718, 1402, 1397, 26, 8.12%, 0, 0, 3, 21.44
1747835974, 0, 718, 1403, 1398, 26, 8.14%, 0, 0, 3, 21.53
1747835979, 0, 719, 1403, 1398, 26, 8.14%, 0, 0, 3, 22.63
1747835984, 0, 720, 1403, 1398, 26, 8.14%, 0, 0, 3, 21.44
1747835989, 0, 720, 1404, 1399, 26, 8.14%, 0, 0, 3, 19.85
1747835994, 0, 720, 1407, 1402, 26, 8.14%, 0, 0, 3, 19.68
1747835999, 0, 720, 1408, 1403, 26, 8.14%, 0, 0, 3, 18.81
1747836010, 0, 720, 1409, 1404, 26, 8.14%, 0, 0, 3, 20.54
1747836076, 0, 720, 1410, 1405, 26, 8.14%, 0, 0, 3, 20.35
1747836137, 0, 720, 1411, 1406, 26, 8.14%, 0, 0, 3, 22.80
1747836178, 0, 721, 1411, 1406, 26, 8.14%, 0, 0, 3, 22.03
1747836183, 0, 722, 1411, 1406, 26, 8.14%, 0, 0, 3, 21.45
1747836188, 0, 723, 1411, 1406, 26, 8.14%, 0, 0, 3, 22.12
1747836193, 0, 724, 1411, 1406, 26, 8.14%, 0, 0, 3, 21.82
1747836198, 0, 725, 1411, 1406, 26, 8.14%, 0, 0, 3, 22.43
1747836208, 0, 726, 1412, 1407, 26, 8.14%, 0, 0, 3, 20.87
1747836218, 0, 728, 1412, 1407, 26, 8.14%, 0, 0, 3, 21.68
1747836223, 0, 729, 1413, 1408, 26, 8.14%, 0, 0, 3, 20.62
1747836234, 0, 730, 1413, 1408, 26, 8.14%, 0, 0, 3, 23.34
1747836239, 0, 730, 1414, 1409, 26, 8.14%, 0, 0, 3, 21.16
1747836244, 0, 730, 1415, 1410, 26, 8.14%, 0, 0, 3, 19.94
1747836259, 0, 731, 1415, 1410, 25, 8.14%, 0, 0, 3, 22.04
1747836264, 0, 732, 1415, 1410, 25, 8.14%, 0, 0, 3, 22.61
1747836275, 0, 733, 1415, 1410, 25, 8.14%, 0, 0, 3, 21.25
1747836280, 0, 734, 1415, 1410, 25, 8.14%, 0, 0, 3, 21.11
1747836285, 0, 735, 1415, 1410, 25, 8.14%, 0, 0, 3, 20.58
1747836290, 0, 736, 1415, 1410, 25, 8.14%, 0, 0, 3, 21.56
1747836295, 0, 737, 1415, 1410, 25, 8.14%, 0, 0, 3, 21.91
1747836300, 0, 738, 1415, 1410, 25, 8.14%, 0, 0, 3, 22.51
1747836305, 0, 740, 1415, 1410, 25, 8.14%, 0, 0, 3, 23.36
1747836316, 0, 743, 1415, 1410, 25, 8.14%, 0, 0, 3, 22.10
1747836321, 0, 744, 1415, 1410, 25, 8.14%, 0, 0, 3, 22.81
1747836326, 0, 746, 1415, 1410, 25, 8.14%, 0, 0, 3, 22.77
1747836331, 0, 747, 1415, 1410, 25, 8.14%, 0, 0, 3, 22.96
1747836336, 0, 748, 1415, 1410, 25, 8.14%, 0, 0, 3, 22.47
1747836341, 0, 749, 1415, 1410, 25, 8.14%, 0, 0, 3, 21.98
1747836346, 0, 750, 1415, 1410, 25, 8.14%, 0, 0, 3, 23.24
1747836351, 0, 750, 1416, 1411, 25, 8.14%, 0, 0, 3, 22.02
1747836362, 0, 751, 1416, 1411, 25, 8.14%, 0, 0, 3, 22.91
1747836367, 0, 752, 1416, 1411, 25, 8.14%, 0, 0, 3, 22.54
1747836372, 0, 753, 1416, 1411, 25, 8.14%, 0, 0, 3, 22.48
1747836377, 0, 754, 1416, 1411, 25, 8.14%, 0, 0, 3, 22.82
1747836382, 0, 754, 1417, 1412, 25, 8.14%, 0, 0, 3, 21.11
1747836387, 0, 755, 1417, 1412, 25, 8.14%, 0, 0, 3, 21.59
1747836392, 0, 758, 1417, 1412, 25, 8.14%, 0, 0, 3, 23.16
1747836402, 0, 759, 1417, 1412, 25, 8.14%, 0, 0, 3, 22.30
1747836407, 0, 760, 1417, 1412, 25, 8.14%, 0, 0, 3, 22.77
1747836412, 0, 761, 1417, 1412, 25, 8.14%, 0, 0, 3, 21.73
1747836417, 0, 762, 1417, 1412, 25, 8.14%, 0, 0, 3, 22.59
1747836422, 0, 763, 1417, 1412, 25, 8.14%, 0, 0, 3, 23.04
1747836428, 0, 764, 1417, 1412, 25, 8.14%, 0, 0, 3, 23.50
1747836433, 0, 764, 1418, 1413, 25, 8.14%, 0, 0, 3, 20.33
1747836443, 0, 765, 1418, 1413, 25, 8.14%, 0, 0, 3, 22.78
1747836448, 0, 766, 1418, 1413, 25, 8.14%, 0, 0, 3, 21.75
1747836453, 0, 767, 1418, 1413, 25, 8.14%, 0, 0, 3, 21.58
1747836458, 0, 767, 1419, 1414, 25, 8.14%, 0, 0, 3, 20.23
1747836463, 0, 768, 1419, 1414, 25, 8.14%, 0, 0, 3, 22.18
1747836468, 0, 768, 1420, 1415, 25, 8.14%, 0, 0, 3, 22.27
1747836479, 0, 773, 1420, 1415, 25, 8.14%, 0, 0, 3, 21.52
1747836484, 0, 775, 1420, 1415, 25, 8.14%, 0, 0, 3, 22.92
1747836489, 0, 776, 1420, 1415, 25, 8.14%, 0, 0, 3, 22.17
1747836494, 0, 777, 1420, 1415, 25, 8.14%, 0, 0, 3, 22.81
1747836499, 0, 777, 1421, 1416, 25, 8.14%, 0, 0, 3, 20.71
1747836509, 0, 779, 1421, 1416, 25, 8.14%, 0, 0, 3, 21.94
1747836515, 0, 780, 1421, 1416, 25, 8.14%, 0, 0, 3, 22.27
1747836520, 0, 781, 1421, 1416, 25, 8.14%, 0, 0, 3, 21.69
1747836525, 0, 782, 1421, 1416, 25, 8.14%, 0, 0, 3, 23.35
1747836530, 0, 783, 1421, 1416, 25, 8.14%, 0, 0, 3, 23.13
1747836535, 0, 783, 1422, 1417, 25, 8.14%, 0, 0, 3, 19.75
1747836545, 0, 784, 1422, 1417, 25, 8.14%, 0, 0, 3, 21.19
1747836550, 0, 785, 1422, 1417, 25, 8.14%, 0, 0, 3, 20.40
1747836556, 0, 787, 1422, 1417, 25, 8.14%, 0, 0, 3, 23.07
1747836561, 0, 788, 1422, 1417, 25, 8.14%, 0, 0, 3, 22.60
1747836566, 0, 789, 1422, 1417, 25, 8.14%, 0, 0, 3, 23.34
1747836571, 0, 790, 1422, 1417, 25, 8.14%, 0, 0, 3, 21.91
1747836576, 0, 791, 1422, 1417, 25, 8.14%, 0, 0, 3, 22.27
1747836586, 0, 795, 1423, 1418, 25, 8.14%, 0, 0, 3, 20.87
1747836597, 0, 796, 1423, 1418, 25, 8.14%, 0, 0, 3, 22.97
1747836602, 0, 798, 1423, 1418, 25, 8.14%, 0, 0, 3, 21.87
1747836607, 0, 799, 1423, 1418, 25, 8.14%, 0, 0, 3, 21.90
1747836612, 0, 801, 1423, 1418, 25, 8.14%, 0, 0, 3, 23.88
1747836617, 0, 801, 1424, 1419, 25, 8.14%, 0, 0, 3, 21.83
1747836627, 0, 804, 1424, 1419, 25, 8.14%, 0, 0, 3, 24.04
1747836633, 0, 805, 1424, 1419, 25, 8.14%, 0, 0, 3, 22.92
1747836638, 0, 806, 1425, 1420, 25, 8.14%, 0, 0, 3, 22.15
1747836648, 0, 807, 1425, 1420, 25, 8.14%, 0, 0, 3, 22.10
1747836653, 0, 808, 1425, 1420, 25, 8.14%, 0, 0, 3, 21.82
1747836663, 0, 809, 1425, 1420, 25, 8.14%, 0, 0, 3, 21.60
1747836668, 0, 810, 1425, 1420, 25, 8.14%, 0, 0, 3, 22.62
1747836673, 0, 812, 1425, 1420, 25, 8.14%, 0, 0, 3, 21.74
1747836679, 0, 813, 1425, 1420, 25, 8.14%, 0, 0, 3, 22.56
1747836684, 0, 814, 1425, 1420, 25, 8.14%, 0, 0, 3, 22.06
1747836689, 0, 815, 1425, 1420, 25, 8.14%, 0, 0, 3, 21.42
1747836694, 0, 816, 1425, 1420, 25, 8.14%, 0, 0, 3, 21.31
1747836704, 0, 818, 1425, 1420, 25, 8.14%, 0, 0, 3, 22.32
1747836709, 0, 819, 1425, 1420, 25, 8.14%, 0, 0, 3, 23.16
1747836714, 0, 820, 1425, 1420, 25, 8.14%, 0, 0, 3, 21.22
1747836719, 0, 822, 1425, 1420, 25, 8.14%, 0, 0, 3, 21.11
1747836724, 0, 823, 1425, 1420, 25, 8.14%, 0, 0, 3, 22.32
1747836729, 0, 824, 1425, 1420, 25, 8.14%, 0, 0, 3, 21.73
1747836735, 0, 825, 1425, 1420, 25, 8.14%, 0, 0, 3, 22.56
1747836745, 0, 826, 1425, 1420, 25, 8.14%, 0, 0, 3, 21.12
1747836750, 0, 827, 1425, 1420, 25, 8.14%, 0, 0, 3, 22.16
1747836755, 0, 828, 1425, 1420, 25, 8.14%, 0, 0, 3, 22.32
1747836760, 0, 829, 1425, 1420, 25, 8.14%, 0, 0, 3, 21.99
1747836765, 0, 830, 1425, 1420, 25, 8.14%, 0, 0, 3, 22.49
1747836770, 0, 831, 1425, 1420, 25, 8.14%, 0, 0, 3, 23.91
1747836775, 0, 833, 1425, 1420, 25, 8.14%, 0, 0, 3, 22.76
1747836786, 0, 834, 1425, 1420, 25, 8.14%, 0, 0, 3, 21.89
1747836791, 0, 835, 1425, 1420, 25, 8.14%, 0, 0, 3, 20.76
1747836796, 0, 836, 1425, 1420, 25, 8.14%, 0, 0, 3, 19.72
1747836801, 0, 837, 1425, 1420, 25, 8.14%, 0, 0, 3, 22.31
1747836806, 0, 838, 1425, 1420, 25, 8.14%, 0, 0, 3, 22.23
1747836811, 0, 839, 1425, 1420, 25, 8.14%, 0, 0, 3, 22.10
1747836821, 0, 840, 1425, 1420, 25, 8.14%, 0, 0, 3, 22.78
1747836827, 0, 841, 1425, 1420, 25, 8.14%, 0, 0, 3, 21.93
1747836832, 0, 842, 1425, 1420, 25, 8.14%, 0, 0, 3, 21.74
1747836837, 0, 843, 1425, 1420, 25, 8.14%, 0, 0, 3, 22.77
1747836842, 0, 844, 1425, 1420, 25, 8.14%, 0, 0, 3, 22.22
1747836847, 0, 846, 1425, 1420, 25, 8.14%, 0, 0, 3, 21.02
1747836852, 0, 847, 1425, 1420, 25, 8.14%, 0, 0, 3, 22.05
1747836862, 0, 848, 1425, 1420, 25, 8.14%, 0, 0, 3, 22.71
1747836867, 0, 849, 1425, 1420, 25, 8.14%, 0, 0, 3, 21.61
1747836873, 0, 850, 1426, 1421, 25, 8.14%, 0, 0, 3, 20.51
1747836883, 0, 851, 1426, 1421, 25, 8.14%, 0, 0, 3, 23.32
1747836888, 0, 852, 1426, 1421, 25, 8.14%, 0, 0, 3, 22.81
1747836893, 0, 853, 1426, 1421, 25, 8.14%, 0, 0, 3, 22.14
1747836898, 0, 853, 1427, 1422, 25, 8.14%, 0, 0, 3, 20.51
1747836908, 0, 854, 1427, 1422, 26, 8.14%, 0, 0, 3, 22.30
1747836913, 0, 855, 1427, 1422, 26, 8.14%, 0, 0, 3, 22.42
1747836918, 0, 855, 1428, 1423, 26, 8.14%, 0, 0, 3, 21.52
1747836924, 0, 855, 1430, 1425, 26, 8.14%, 0, 0, 3, 19.36
1747836965, 0, 856, 1430, 1425, 26, 8.14%, 0, 0, 3, 21.25
1747836970, 0, 857, 1432, 1427, 26, 8.14%, 0, 0, 3, 20.27
1747836996, 0, 858, 1433, 1428, 26, 8.14%, 0, 0, 3, 20.71
1747837006, 0, 859, 1433, 1428, 26, 8.14%, 0, 0, 3, 21.53
1747837011, 0, 860, 1433, 1428, 26, 8.14%, 0, 0, 3, 22.32
1747837016, 0, 861, 1433, 1428, 26, 8.14%, 0, 0, 3, 21.27
1747837021, 0, 861, 1434, 1429, 26, 8.14%, 0, 0, 3, 19.95
1747837031, 0, 863, 1434, 1429, 26, 8.14%, 0, 0, 3, 21.21
1747837037, 0, 864, 1434, 1429, 26, 8.14%, 0, 0, 3, 22.14
1747837042, 0, 865, 1434, 1429, 26, 8.14%, 0, 0, 3, 22.39
1747837047, 0, 866, 1434, 1429, 26, 8.14%, 0, 0, 3, 21.83
1747837052, 0, 867, 1434, 1429, 26, 8.14%, 0, 0, 3, 22.27
1747837062, 0, 870, 1434, 1429, 26, 8.14%, 0, 0, 3, 22.21
1747837067, 0, 871, 1434, 1429, 26, 8.14%, 0, 0, 3, 21.22
1747837072, 0, 873, 1434, 1429, 26, 8.14%, 0, 0, 3, 22.11
1747837077, 0, 873, 1436, 1431, 26, 8.14%, 0, 0, 3, 19.80
1747837088, 0, 873, 1437, 1432, 26, 8.14%, 0, 0, 3, 20.25
1747837098, 0, 873, 1439, 1434, 26, 8.21%, 0, 0, 3, 18.92
1747837113, 0, 873, 1440, 1435, 26, 8.21%, 0, 0, 3, 20.21
1747837139, 0, 873, 1441, 1436, 26, 8.21%, 0, 0, 3, 19.03
1747837144, 0, 873, 1442, 1437, 26, 8.21%, 0, 0, 3, 19.91
1747837149, 0, 873, 1443, 1438, 26, 8.21%, 0, 0, 3, 21.46
1747837154, 0, 873, 1444, 1439, 26, 8.21%, 0, 0, 3, 22.19
1747837160, 0, 873, 1445, 1440, 26, 8.21%, 0, 0, 3, 20.73
1747837190, 0, 873, 1446, 1441, 26, 8.21%, 0, 0, 3, 22.33
1747837246, 0, 873, 1447, 1442, 26, 8.21%, 0, 0, 3, 20.31
1747837267, 0, 873, 1448, 1443, 26, 8.21%, 0, 0, 3, 20.60
1747837272, 0, 874, 1448, 1443, 26, 8.21%, 0, 0, 3, 21.77
1747837277, 0, 874, 1450, 1445, 26, 8.21%, 0, 0, 3, 19.73
1747837297, 0, 875, 1450, 1445, 26, 8.21%, 0, 0, 3, 20.94
1747837302, 0, 876, 1450, 1445, 26, 8.21%, 0, 0, 3, 21.78
1747837308, 0, 877, 1450, 1445, 26, 8.21%, 0, 0, 3, 21.42
1747837313, 0, 877, 1451, 1446, 26, 8.21%, 0, 0, 3, 20.13
1747837323, 0, 878, 1451, 1446, 26, 8.21%, 0, 0, 3, 22.27
1747837328, 0, 879, 1452, 1447, 26, 8.21%, 0, 0, 3, 21.38
1747837333, 0, 879, 1453, 1448, 26, 8.21%, 0, 0, 3, 20.36
1747837348, 0, 879, 1454, 1449, 26, 8.21%, 0, 0, 3, 20.86
1747837353, 0, 879, 1455, 1450, 26, 8.21%, 0, 0, 3, 19.89
1747837425, 0, 879, 1456, 1451, 26, 8.21%, 0, 0, 3, 20.24
1747837456, 0, 879, 1457, 1452, 26, 8.21%, 0, 0, 3, 20.00
1747837492, 0, 879, 1458, 1453, 26, 8.21%, 0, 0, 3, 20.82
1747837528, 0, 881, 1458, 1453, 26, 8.21%, 0, 0, 3, 20.66
1747837533, 0, 882, 1458, 1453, 26, 8.21%, 0, 0, 3, 20.94
1747837538, 0, 883, 1458, 1453, 26, 8.21%, 0, 0, 3, 22.78
1747837543, 0, 884, 1458, 1453, 26, 8.21%, 0, 0, 3, 21.13
1747837548, 0, 884, 1459, 1454, 26, 8.21%, 0, 0, 3, 21.62
1747837554, 0, 884, 1460, 1455, 26, 8.21%, 0, 0, 3, 20.25
1747837569, 0, 885, 1460, 1455, 26, 8.21%, 0, 0, 3, 21.86
1747837574, 0, 887, 1460, 1455, 26, 8.21%, 0, 0, 3, 22.53
1747837584, 0, 890, 1460, 1455, 26, 8.21%, 0, 0, 3, 21.27
1747837590, 0, 891, 1460, 1455, 26, 8.21%, 0, 0, 3, 21.67
1747837595, 0, 892, 1460, 1455, 26, 8.21%, 0, 0, 3, 20.52
1747837600, 0, 893, 1460, 1455, 26, 8.21%, 0, 0, 3, 20.94
1747837605, 0, 894, 1460, 1455, 26, 8.21%, 0, 0, 3, 20.42
1747837615, 0, 895, 1460, 1455, 26, 8.21%, 0, 0, 3, 21.63
1747837620, 0, 896, 1460, 1455, 26, 8.21%, 0, 0, 3, 20.20
1747837625, 0, 897, 1460, 1455, 26, 8.21%, 0, 0, 3, 20.72
1747837630, 0, 898, 1460, 1455, 26, 8.21%, 0, 0, 3, 21.88
1747837635, 0, 901, 1460, 1455, 26, 8.21%, 0, 0, 3, 21.77
1747837646, 0, 902, 1460, 1455, 26, 8.21%, 0, 0, 3, 22.12
1747837651, 0, 903, 1460, 1455, 26, 8.21%, 0, 0, 3, 21.75
1747837656, 0, 906, 1460, 1455, 26, 8.21%, 0, 0, 3, 22.19
1747837661, 0, 907, 1460, 1455, 26, 8.21%, 0, 0, 3, 22.55
1747837666, 0, 909, 1460, 1455, 26, 8.21%, 0, 0, 3, 21.74
1747837671, 0, 910, 1460, 1455, 26, 8.21%, 0, 0, 3, 21.61
1747837676, 0, 911, 1460, 1455, 26, 8.21%, 0, 0, 3, 21.04
1747837681, 0, 912, 1460, 1455, 26, 8.21%, 0, 0, 3, 22.90
1747837692, 0, 913, 1460, 1455, 26, 8.21%, 0, 0, 3, 21.47
1747837697, 0, 914, 1460, 1455, 26, 8.21%, 0, 0, 3, 20.89
1747837702, 0, 915, 1460, 1455, 26, 8.21%, 0, 0, 3, 19.13
1747837712, 0, 916, 1460, 1455, 26, 8.21%, 0, 0, 3, 19.33
1747837717, 0, 917, 1460, 1455, 26, 8.21%, 0, 0, 3, 21.30
1747837722, 0, 918, 1460, 1455, 26, 8.21%, 0, 0, 3, 21.60
1747837728, 0, 919, 1460, 1455, 26, 8.21%, 0, 0, 3, 21.38
1747837733, 0, 920, 1460, 1455, 26, 8.21%, 0, 0, 3, 20.97
1747837738, 0, 922, 1460, 1455, 26, 8.21%, 0, 0, 3, 21.81
1747837748, 0, 923, 1460, 1455, 26, 8.21%, 0, 0, 3, 21.03
1747837753, 0, 924, 1460, 1455, 26, 8.21%, 0, 0, 3, 18.94
1747837758, 0, 926, 1460, 1455, 26, 8.21%, 0, 0, 3, 19.35
1747837763, 0, 928, 1460, 1455, 26, 8.21%, 0, 0, 3, 19.99
1747837774, 0, 929, 1460, 1455, 26, 8.21%, 0, 0, 3, 21.48
1747837779, 0, 930, 1462, 1457, 26, 8.21%, 0, 0, 3, 18.77
1747837804, 0, 931, 1462, 1457, 26, 8.21%, 0, 0, 3, 21.97
1747837809, 0, 934, 1463, 1458, 26, 8.21%, 0, 0, 3, 21.13
1747837820, 0, 934, 1466, 1461, 26, 8.21%, 0, 0, 3, 17.30
1747837845, 0, 934, 1467, 1462, 26, 8.21%, 0, 0, 3, 19.63
1747837851, 0, 934, 1469, 1464, 26, 8.21%, 0, 0, 3, 19.21
1747837856, 0, 934, 1470, 1465, 26, 8.31%, 0, 0, 3, 20.93
1747837861, 0, 934, 1471, 1466, 26, 8.31%, 0, 0, 3, 19.43
1747837881, 0, 934, 1473, 1468, 26, 8.31%, 0, 0, 3, 18.58
1747837917, 0, 934, 1474, 1469, 26, 8.31%, 0, 0, 3, 19.24
1747837953, 0, 934, 1475, 1470, 26, 8.31%, 0, 0, 3, 19.13
1747837963, 0, 934, 1476, 1471, 26, 8.31%, 0, 0, 3, 20.47
1747837998, 0, 934, 1477, 1472, 26, 8.31%, 0, 0, 3, 20.27
1747838019, 0, 935, 1477, 1472, 26, 8.31%, 0, 0, 3, 21.79
1747838024, 0, 937, 1477, 1472, 26, 8.31%, 0, 0, 3, 21.33
1747838029, 0, 939, 1477, 1472, 26, 8.31%, 0, 0, 3, 20.68
1747838034, 0, 941, 1477, 1472, 26, 8.31%, 0, 0, 3, 20.72
1747838040, 0, 942, 1477, 1472, 26, 8.31%, 0, 0, 3, 20.94
1747838050, 0, 943, 1477, 1472, 26, 8.31%, 0, 0, 3, 21.16
1747838055, 0, 944, 1477, 1472, 26, 8.31%, 0, 0, 3, 21.84
1747838060, 0, 946, 1478, 1473, 26, 8.31%, 0, 0, 3, 20.60
1747838070, 0, 946, 1479, 1474, 26, 8.31%, 0, 0, 3, 19.69
1747838086, 0, 947, 1479, 1474, 26, 8.31%, 0, 0, 3, 21.01
1747838091, 0, 948, 1479, 1474, 26, 8.31%, 0, 0, 3, 20.81
1747838096, 0, 949, 1479, 1474, 26, 8.31%, 0, 0, 3, 22.44
1747838106, 0, 951, 1480, 1475, 26, 8.31%, 0, 0, 3, 19.67
1747838111, 0, 951, 1481, 1476, 26, 8.31%, 0, 0, 3, 20.35
1747838121, 0, 951, 1482, 1477, 26, 8.31%, 0, 0, 3, 20.50
1747838136, 0, 951, 1483, 1478, 26, 8.31%, 0, 0, 3, 19.03
1747838182, 0, 951, 1484, 1479, 26, 8.31%, 0, 0, 3, 19.49
1747838203, 0, 951, 1485, 1480, 26, 8.31%, 0, 0, 3, 19.60
1747838254, 0, 951, 1486, 1481, 26, 8.31%, 0, 0, 3, 19.30
1747838280, 0, 951, 1487, 1482, 26, 8.31%, 0, 0, 3, 20.32
1747838305, 0, 952, 1487, 1482, 27, 8.31%, 0, 0, 3, 20.89
1747838310, 0, 953, 1487, 1482, 27, 8.31%, 0, 0, 3, 20.69
1747838320, 0, 954, 1487, 1482, 27, 8.31%, 0, 0, 3, 21.09
1747838326, 0, 955, 1487, 1482, 27, 8.31%, 0, 0, 3, 20.93
1747838331, 0, 957, 1487, 1482, 27, 8.31%, 0, 0, 3, 20.72
1747838336, 0, 958, 1487, 1482, 27, 8.31%, 0, 0, 3, 20.18
1747838346, 0, 959, 1487, 1482, 27, 8.31%, 0, 0, 3, 20.66
1747838351, 0, 960, 1487, 1482, 27, 8.31%, 0, 0, 3, 21.45
1747838356, 0, 961, 1488, 1483, 27, 8.31%, 0, 0, 3, 19.83
1747838361, 0, 961, 1490, 1485, 27, 8.31%, 0, 0, 3, 18.49
1747838407, 0, 963, 1490, 1485, 27, 8.31%, 0, 0, 3, 21.51
1747838412, 0, 963, 1491, 1486, 27, 8.31%, 0, 0, 3, 20.36
1747838422, 0, 964, 1491, 1486, 27, 8.31%, 0, 0, 3, 21.27
1747838427, 0, 965, 1491, 1486, 27, 8.31%, 0, 0, 3, 21.27
1747838433, 0, 966, 1491, 1486, 27, 8.31%, 0, 0, 3, 20.86
1747838443, 0, 967, 1491, 1486, 27, 8.31%, 0, 0, 3, 20.37
1747838448, 0, 968, 1491, 1486, 27, 8.31%, 0, 0, 3, 22.92
1747838453, 0, 969, 1491, 1486, 27, 8.31%, 0, 0, 3, 19.64
1747838458, 0, 971, 1492, 1487, 27, 8.31%, 0, 0, 3, 20.10
1747838473, 0, 972, 1492, 1487, 27, 8.31%, 0, 0, 3, 20.20
1747838478, 0, 975, 1492, 1487, 27, 8.31%, 0, 0, 3, 19.86
1747838484, 0, 976, 1492, 1487, 27, 8.31%, 0, 0, 3, 21.49
1747842657, 0, 978, 1492, 1486, 27, 8.31%, 0, 0, 3, 14.11
1747842667, 0, 979, 1492, 1486, 27, 8.31%, 0, 0, 3, 11.52
1747842678, 0, 980, 1492, 1486, 27, 8.31%, 0, 0, 3, 11.98
1747842688, 0, 981, 1492, 1486, 27, 8.31%, 0, 0, 3, 12.63
1747842698, 0, 982, 1492, 1486, 27, 8.31%, 0, 0, 3, 12.23
1747842708, 0, 983, 1492, 1486, 27, 8.31%, 0, 0, 3, 12.36
1747842719, 0, 984, 1492, 1486, 27, 8.31%, 0, 0, 3, 11.40
1747842729, 0, 985, 1492, 1486, 27, 8.31%, 0, 0, 3, 12.40
1747842739, 0, 987, 1492, 1486, 27, 8.31%, 0, 0, 3, 12.54
1747842744, 0, 987, 1493, 1487, 27, 8.31%, 0, 0, 4, 10.88
1747842755, 0, 987, 1494, 1488, 27, 8.31%, 0, 0, 4, 10.58
1747842791, 0, 988, 1494, 1488, 27, 8.31%, 0, 0, 4, 11.35
1747842801, 0, 989, 1494, 1488, 27, 8.31%, 0, 0, 4, 11.84
1747842806, 0, 989, 1495, 1489, 27, 8.31%, 0, 0, 4, 12.27
1747842822, 0, 990, 1495, 1489, 27, 8.31%, 0, 0, 4, 12.95
1747842832, 0, 991, 1495, 1489, 27, 8.31%, 0, 0, 4, 12.43
1747842842, 0, 993, 1495, 1489, 27, 8.31%, 0, 0, 4, 11.61
1747842852, 0, 994, 1495, 1489, 27, 8.31%, 0, 0, 4, 12.21
1747842863, 0, 996, 1495, 1489, 27, 8.31%, 0, 0, 4, 11.60
1747842873, 0, 997, 1495, 1489, 27, 8.31%, 0, 0, 4, 12.08
1747842878, 0, 997, 1496, 1490, 27, 8.31%, 0, 0, 4, 12.18
1747842888, 0, 997, 1497, 1491, 27, 8.31%, 0, 0, 4, 10.50
1747842919, 0, 998, 1497, 1491, 27, 8.31%, 0, 0, 4, 12.47
1747842929, 0, 999, 1497, 1491, 27, 8.31%, 0, 0, 4, 12.49
1747842939, 0, 1000, 1497, 1491, 27, 8.31%, 0, 0, 4, 13.05
1747842949, 0, 1002, 1497, 1491, 27, 8.31%, 0, 0, 4, 12.09
1747842960, 0, 1003, 1497, 1491, 27, 8.31%, 0, 0, 4, 11.80
1747842975, 0, 1004, 1498, 1492, 27, 8.31%, 0, 0, 4, 11.84
1747842995, 0, 1005, 1498, 1492, 27, 8.31%, 0, 0, 4, 12.13
1747843005, 0, 1006, 1498, 1492, 27, 8.31%, 0, 0, 4, 12.26
1747843016, 0, 1007, 1498, 1492, 27, 8.31%, 0, 0, 4, 12.90
1747843026, 0, 1009, 1498, 1492, 27, 8.31%, 0, 0, 4, 12.01
1747843036, 0, 1011, 1498, 1492, 27, 8.31%, 0, 0, 4, 13.47
1747843046, 0, 1012, 1498, 1492, 27, 8.31%, 0, 0, 4, 12.72
1747843057, 0, 1013, 1498, 1492, 27, 8.31%, 0, 0, 4, 11.98
1747843062, 0, 1013, 1499, 1493, 27, 8.31%, 0, 0, 4, 11.31
1747843077, 0, 1014, 1499, 1493, 27, 8.31%, 0, 0, 4, 13.32
1747843088, 0, 1015, 1499, 1493, 27, 8.31%, 0, 0, 4, 12.97
1747843098, 0, 1016, 1499, 1493, 27, 8.31%, 0, 0, 4, 11.87
1747843108, 0, 1018, 1499, 1493, 27, 8.31%, 0, 0, 4, 12.39
1747843119, 0, 1019, 1499, 1493, 27, 8.31%, 0, 0, 4, 13.12
1747843129, 0, 1020, 1499, 1493, 27, 8.31%, 0, 0, 4, 13.30
1747843139, 0, 1022, 1499, 1493, 27, 8.31%, 0, 0, 4, 12.53
1747843149, 0, 1024, 1499, 1493, 27, 8.31%, 0, 0, 4, 12.56
1747843160, 0, 1025, 1499, 1493, 27, 8.31%, 0, 0, 4, 12.94
1747843170, 0, 1027, 1499, 1493, 27, 8.31%, 0, 0, 4, 12.84
1747843180, 0, 1028, 1499, 1493, 27, 8.31%, 0, 0, 4, 11.59
1747843191, 0, 1030, 1499, 1493, 27, 8.31%, 0, 0, 4, 11.78
1747843201, 0, 1031, 1499, 1493, 27, 8.31%, 0, 0, 4, 11.46
1747843216, 0, 1032, 1499, 1493, 27, 8.31%, 0, 0, 4, 11.66
1747843226, 0, 1033, 1499, 1493, 27, 8.31%, 0, 0, 4, 12.24
1747843236, 0, 1034, 1499, 1493, 27, 8.31%, 0, 0, 4, 12.81
1747843247, 0, 1035, 1499, 1493, 27, 8.31%, 0, 0, 4, 12.34
1747843252, 0, 1035, 1500, 1494, 27, 8.31%, 0, 0, 4, 11.70
1747843267, 0, 1036, 1500, 1494, 27, 8.31%, 0, 0, 4, 12.40
1747843278, 0, 1038, 1500, 1494, 27, 8.31%, 0, 0, 4, 12.42
1747843288, 0, 1039, 1500, 1494, 27, 8.31%, 0, 0, 4, 11.43
1747843298, 0, 1040, 1500, 1494, 27, 8.31%, 0, 0, 4, 12.49
1747843308, 0, 1041, 1500, 1494, 27, 8.31%, 0, 0, 4, 12.30
1747843319, 0, 1042, 1500, 1494, 27, 8.31%, 0, 0, 4, 11.97
1747843329, 0, 1043, 1500, 1494, 27, 8.31%, 0, 0, 4, 12.26
1747843339, 0, 1044, 1500, 1494, 27, 8.31%, 0, 0, 4, 11.54
1747843354, 0, 1045, 1500, 1494, 27, 8.31%, 0, 0, 4, 11.17
1747843365, 0, 1046, 1500, 1494, 27, 8.31%, 0, 0, 4, 11.24
1747843375, 0, 1049, 1500, 1494, 27, 8.31%, 0, 0, 4, 12.06
1747843380, 0, 1049, 1501, 1495, 27, 8.31%, 0, 0, 4, 11.91
1747843395, 0, 1049, 1502, 1496, 27, 8.31%, 0, 0, 4, 12.01
1747843421, 0, 1051, 1502, 1496, 27, 8.31%, 0, 0, 4, 12.04
1747843432, 0, 1052, 1502, 1496, 27, 8.31%, 0, 0, 4, 11.62
1747843442, 0, 1053, 1502, 1496, 27, 8.31%, 0, 0, 4, 12.16
1747843452, 0, 1055, 1502, 1496, 27, 8.31%, 0, 0, 4, 12.08
1747843457, 0, 1055, 1503, 1497, 27, 8.31%, 0, 0, 4, 13.96
1747843473, 0, 1056, 1503, 1497, 27, 8.31%, 0, 0, 4, 12.86
1747843483, 0, 1057, 1503, 1497, 27, 8.31%, 0, 0, 4, 12.21
1747843493, 0, 1059, 1503, 1497, 27, 8.31%, 0, 0, 4, 12.90
1747843503, 0, 1060, 1503, 1497, 27, 8.31%, 0, 0, 4, 12.47
1747843513, 0, 1061, 1503, 1497, 27, 8.31%, 0, 0, 4, 11.90
1747843524, 0, 1062, 1503, 1497, 27, 8.31%, 0, 0, 4, 11.37
1747843534, 0, 1063, 1503, 1497, 27, 8.31%, 0, 0, 4, 11.50
1747843544, 0, 1068, 1503, 1497, 27, 8.31%, 0, 0, 4, 12.14
1747843554, 0, 1070, 1503, 1497, 27, 8.31%, 0, 0, 4, 12.64
1747843564, 0, 1071, 1503, 1497, 27, 8.31%, 0, 0, 4, 12.18
1747843575, 0, 1072, 1503, 1497, 27, 8.31%, 0, 0, 4, 12.40
1747843580, 0, 1072, 1504, 1498, 27, 8.31%, 0, 0, 4, 10.77
1747843601, 0, 1073, 1504, 1498, 27, 8.31%, 0, 0, 4, 10.99
1747843611, 0, 1074, 1504, 1498, 27, 8.31%, 0, 0, 4, 11.97
1747843621, 0, 1075, 1504, 1498, 27, 8.31%, 0, 0, 4, 12.56
1747843631, 0, 1076, 1504, 1498, 27, 8.31%, 0, 0, 4, 12.11
1747843642, 0, 1077, 1504, 1498, 27, 8.31%, 0, 0, 4, 12.70
1747843652, 0, 1078, 1504, 1498, 27, 8.31%, 0, 0, 4, 11.91
1747843662, 0, 1079, 1504, 1498, 27, 8.31%, 0, 0, 4, 12.07
1747843672, 0, 1080, 1504, 1498, 27, 8.31%, 0, 0, 4, 11.95
1747843682, 0, 1081, 1504, 1498, 27, 8.31%, 0, 0, 4, 11.55
1747843698, 0, 1082, 1504, 1498, 27, 8.31%, 0, 0, 4, 11.95
1747843708, 0, 1083, 1504, 1498, 27, 8.31%, 0, 0, 4, 13.12
1747843719, 0, 1083, 1505, 1499, 27, 8.31%, 0, 0, 4, 11.51
1747843729, 0, 1084, 1505, 1499, 27, 8.31%, 0, 0, 4, 12.34
1747843739, 0, 1085, 1505, 1499, 27, 8.31%, 0, 0, 4, 12.02
1747843749, 0, 1086, 1505, 1499, 27, 8.31%, 0, 0, 4, 11.90
1747843755, 0, 1086, 1506, 1500, 27, 8.31%, 0, 0, 4, 11.26
1747843770, 0, 1087, 1506, 1500, 27, 8.31%, 0, 0, 4, 12.48
1747843775, 0, 1087, 1507, 1501, 27, 8.31%, 0, 0, 4, 11.04
1747843780, 0, 1087, 1508, 1502, 27, 8.31%, 0, 0, 4, 11.35
1747843811, 0, 1087, 1509, 1503, 27, 8.31%, 0, 0, 4, 10.94
1747843821, 0, 1087, 1510, 1504, 27, 8.31%, 0, 0, 4, 10.89
1747843847, 0, 1087, 1511, 1505, 27, 8.32%, 0, 0, 4, 11.31
1747843913, 0, 1087, 1512, 1506, 27, 8.32%, 0, 0, 4, 11.64
1747843944, 0, 1087, 1513, 1507, 27, 8.32%, 0, 0, 4, 10.85
1747844007, 0, 1087, 1514, 1508, 27, 8.32%, 0, 0, 4, 11.42
1747844047, 0, 1087, 1515, 1509, 27, 8.32%, 0, 0, 4, 10.87
1747844134, 0, 1088, 1515, 1509, 28, 8.32%, 0, 0, 4, 11.73
1747844144, 0, 1089, 1515, 1509, 28, 8.32%, 0, 0, 4, 12.79
1747844155, 0, 1090, 1515, 1509, 28, 8.32%, 0, 0, 4, 11.86
1747844165, 0, 1091, 1515, 1509, 28, 8.32%, 0, 0, 4, 12.29
1747844175, 0, 1092, 1515, 1509, 28, 8.32%, 0, 0, 4, 11.79
1747844186, 0, 1093, 1515, 1509, 28, 8.32%, 0, 0, 4, 11.91
1747844196, 0, 1094, 1515, 1509, 28, 8.32%, 0, 0, 4, 12.23
1747844211, 0, 1096, 1515, 1509, 28, 8.32%, 0, 0, 4, 11.01
1747844222, 0, 1097, 1515, 1509, 28, 8.32%, 0, 0, 4, 11.58
1747844232, 0, 1098, 1516, 1510, 28, 8.32%, 0, 0, 4, 10.59
1747844252, 0, 1099, 1516, 1510, 28, 8.32%, 0, 0, 4, 12.50
1747844263, 0, 1100, 1516, 1510, 28, 8.32%, 0, 0, 4, 11.93
1747844273, 0, 1101, 1516, 1510, 28, 8.32%, 0, 0, 4, 12.36
1747844283, 0, 1103, 1517, 1511, 28, 8.32%, 0, 0, 4, 12.03
1747844294, 0, 1103, 1518, 1512, 28, 8.32%, 0, 0, 4, 10.55
1747844330, 0, 1106, 1518, 1512, 28, 8.32%, 0, 0, 4, 11.62
1747844346, 0, 1107, 1518, 1512, 28, 8.32%, 0, 0, 4, 12.28
1747844351, 0, 1107, 1519, 1513, 28, 8.32%, 0, 0, 4, 11.21
1747844367, 0, 1108, 1519, 1513, 28, 8.32%, 0, 0, 4, 12.33
1747844377, 0, 1109, 1519, 1513, 28, 8.32%, 0, 0, 4, 12.58
1747844387, 0, 1110, 1519, 1513, 28, 8.32%, 0, 0, 4, 11.84
1747844398, 0, 1111, 1520, 1514, 28, 8.32%, 0, 0, 4, 10.66
1747844423, 0, 1112, 1520, 1514, 28, 8.32%, 0, 0, 4, 11.65
1747844428, 0, 1112, 1521, 1515, 28, 8.32%, 0, 0, 4, 10.43
1747844444, 0, 1112, 1522, 1516, 28, 8.32%, 0, 0, 4, 11.35
1747844459, 0, 1112, 1523, 1517, 28, 8.33%, 0, 0, 4, 12.01
1747844479, 0, 1112, 1524, 1518, 28, 8.33%, 0, 0, 4, 12.40
1747844572, 0, 1112, 1525, 1519, 28, 8.33%, 0, 0, 4, 10.97
1747844771, 0, 1113, 1525, 1519, 28, 8.33%, 0, 0, 4, 11.84
1747844777, 0, 1113, 1526, 1520, 28, 8.33%, 0, 0, 4, 11.24
1747844787, 0, 1113, 1527, 1521, 28, 8.33%, 0, 0, 4, 12.30
1747844818, 0, 1115, 1527, 1521, 28, 8.33%, 0, 0, 4, 12.54
1747844828, 0, 1116, 1527, 1521, 28, 8.33%, 0, 0, 4, 12.56
1747844838, 0, 1119, 1527, 1521, 28, 8.33%, 0, 0, 4, 12.17
1747844843, 0, 1119, 1528, 1522, 28, 8.33%, 0, 0, 4, 10.56
1747844849, 0, 1119, 1530, 1524, 28, 8.33%, 0, 0, 4, 9.98
1747844854, 0, 1119, 1531, 1525, 28, 8.33%, 0, 0, 4, 10.39
1747844895, 0, 1119, 1532, 1526, 28, 8.33%, 0, 0, 4, 10.87
1747844900, 0, 1119, 1533, 1527, 28, 8.33%, 0, 0, 4, 11.71
1747844920, 0, 1119, 1534, 1528, 28, 8.33%, 0, 0, 4, 11.40
1747845048, 0, 1119, 1535, 1529, 28, 8.33%, 0, 0, 4, 10.25
1747845058, 0, 1119, 1536, 1530, 28, 8.33%, 0, 0, 4, 10.85
1747845104, 0, 1119, 1537, 1531, 28, 8.33%, 0, 0, 4, 10.67
1747845165, 0, 1119, 1538, 1532, 28, 8.33%, 0, 0, 4, 10.66
1747845181, 0, 1119, 1539, 1533, 28, 8.33%, 0, 0, 4, 10.26
1747845201, 0, 1120, 1540, 1534, 28, 8.33%, 0, 0, 4, 11.62
1747845227, 0, 1121, 1540, 1534, 28, 8.33%, 0, 0, 4, 11.41
1747845237, 0, 1122, 1540, 1534, 28, 8.33%, 0, 0, 4, 12.14
1747845247, 0, 1123, 1540, 1534, 28, 8.33%, 0, 0, 4, 11.92
1747845258, 0, 1124, 1540, 1534, 28, 8.33%, 0, 0, 4, 11.17
1747845268, 0, 1125, 1540, 1534, 28, 8.33%, 0, 0, 4, 11.96
1747845283, 0, 1126, 1540, 1534, 28, 8.33%, 0, 0, 4, 12.67
1747845289, 0, 1129, 1540, 1534, 28, 8.33%, 0, 0, 4, 13.02
1747845304, 0, 1131, 1540, 1534, 28, 8.33%, 0, 0, 4, 11.43
1747845314, 0, 1132, 1540, 1534, 28, 8.33%, 0, 0, 4, 11.19
1747845325, 0, 1133, 1540, 1534, 28, 8.33%, 0, 0, 4, 11.89
1747845335, 0, 1134, 1540, 1534, 28, 8.33%, 0, 0, 4, 11.45
1747845345, 0, 1135, 1540, 1534, 28, 8.33%, 0, 0, 4, 11.71
1747845350, 0, 1135, 1541, 1535, 28, 8.33%, 0, 0, 4, 10.80
1747845371, 0, 1136, 1541, 1535, 28, 8.33%, 0, 0, 4, 12.84
1747845381, 0, 1137, 1541, 1535, 28, 8.33%, 0, 0, 4, 12.30
1747845391, 0, 1139, 1541, 1535, 28, 8.33%, 0, 0, 4, 11.67
1747845402, 0, 1140, 1541, 1535, 28, 8.33%, 0, 0, 4, 11.74
1747845412, 0, 1142, 1541, 1535, 28, 8.33%, 0, 0, 4, 11.62
1747845422, 0, 1143, 1541, 1535, 28, 8.33%, 0, 0, 4, 11.80
1747845438, 0, 1144, 1541, 1535, 28, 8.33%, 0, 0, 4, 11.21
1747845448, 0, 1145, 1541, 1535, 28, 8.33%, 0, 0, 4, 12.47
1747845458, 0, 1148, 1541, 1535, 28, 8.33%, 0, 0, 4, 12.00
1747845468, 0, 1149, 1541, 1535, 28, 8.33%, 0, 0, 4, 12.01
1747845478, 0, 1152, 1542, 1536, 28, 8.33%, 0, 0, 4, 11.36
1747845489, 0, 1152, 1543, 1537, 28, 8.33%, 0, 0, 4, 11.16
1747845494, 0, 1152, 1544, 1538, 28, 8.33%, 0, 0, 4, 11.82
1747845499, 0, 1152, 1545, 1539, 28, 8.33%, 0, 0, 4, 10.79
1747845648, 0, 1152, 1546, 1540, 28, 8.33%, 0, 0, 4, 11.01
1747845663, 0, 1152, 1547, 1541, 28, 8.33%, 0, 0, 4, 11.35
1747845730, 0, 1152, 1548, 1542, 28, 8.33%, 0, 0, 4, 11.31
1747845833, 0, 1154, 1548, 1542, 28, 8.33%, 0, 0, 4, 11.79
1747845843, 0, 1155, 1548, 1542, 28, 8.33%, 0, 0, 4, 12.22
1747845853, 0, 1157, 1548, 1542, 28, 8.33%, 0, 0, 4, 11.76
1747845869, 0, 1158, 1548, 1542, 28, 8.33%, 0, 0, 4, 12.56
1747845874, 0, 1158, 1549, 1543, 28, 8.33%, 0, 0, 4, 10.84
1747845889, 0, 1159, 1549, 1543, 28, 8.33%, 0, 0, 4, 11.12
1747845900, 0, 1160, 1550, 1544, 28, 8.33%, 0, 0, 4, 11.21
1747845920, 0, 1163, 1550, 1544, 28, 8.33%, 0, 0, 4, 11.47
1747845935, 0, 1164, 1550, 1544, 28, 8.33%, 0, 0, 4, 11.43
1747845946, 0, 1166, 1550, 1544, 28, 8.33%, 0, 0, 4, 11.89
1747845956, 0, 1167, 1550, 1544, 28, 8.33%, 0, 0, 4, 11.35
1747845966, 0, 1168, 1550, 1544, 28, 8.33%, 0, 0, 4, 11.38
1747845976, 0, 1168, 1551, 1545, 28, 8.33%, 0, 0, 4, 10.64
1747845992, 0, 1171, 1551, 1545, 28, 8.33%, 0, 0, 4, 12.61
1747846002, 0, 1172, 1552, 1546, 28, 8.33%, 0, 0, 4, 11.36
1747846022, 0, 1173, 1553, 1547, 28, 8.33%, 0, 0, 4, 11.73
1747846048, 0, 1174, 1553, 1547, 28, 8.33%, 0, 0, 4, 11.72
1747846058, 0, 1174, 1554, 1548, 28, 8.33%, 0, 0, 4, 11.51
1747846069, 0, 1176, 1554, 1548, 28, 8.33%, 0, 0, 4, 12.60
1747846079, 0, 1178, 1554, 1548, 28, 8.33%, 0, 0, 4, 11.72
1747846094, 0, 1179, 1554, 1548, 28, 8.33%, 0, 0, 4, 11.12
1747846104, 0, 1180, 1554, 1548, 28, 8.33%, 0, 0, 4, 12.68
1747846115, 0, 1181, 1554, 1548, 28, 8.33%, 0, 0, 4, 12.03
1747846125, 0, 1182, 1554, 1548, 28, 8.33%, 0, 0, 4, 12.46
1747846135, 0, 1183, 1554, 1548, 28, 8.33%, 0, 0, 4, 11.46
1747846145, 0, 1184, 1554, 1548, 28, 8.33%, 0, 0, 4, 12.14
1747846156, 0, 1184, 1555, 1549, 28, 8.33%, 0, 0, 4, 11.10
1747846166, 0, 1185, 1555, 1549, 28, 8.33%, 0, 0, 4, 12.63
1747846182, 0, 1186, 1556, 1550, 28, 8.33%, 0, 0, 4, 11.32
1747846202, 0, 1187, 1556, 1550, 28, 8.33%, 0, 0, 4, 11.48
1747846212, 0, 1188, 1556, 1550, 28, 8.33%, 0, 0, 4, 11.29
1747846217, 0, 1188, 1557, 1551, 28, 8.33%, 0, 0, 4, 10.54
1747846238, 0, 1190, 1557, 1551, 28, 8.33%, 0, 0, 4, 11.93
1747846248, 0, 1191, 1557, 1551, 28, 8.33%, 0, 0, 4, 12.92
1747846258, 0, 1192, 1557, 1551, 28, 8.33%, 0, 0, 4, 11.68
1747846269, 0, 1193, 1557, 1551, 28, 8.33%, 0, 0, 4, 11.63
1747846279, 0, 1194, 1557, 1551, 28, 8.33%, 0, 0, 4, 12.09
1747846289, 0, 1196, 1557, 1551, 28, 8.33%, 0, 0, 4, 11.81
1747846299, 0, 1197, 1557, 1551, 28, 8.33%, 0, 0, 4, 11.47
1747846315, 0, 1199, 1557, 1551, 28, 8.33%, 0, 0, 4, 11.49
1747846325, 0, 1200, 1557, 1551, 28, 8.33%, 0, 0, 4, 11.64
1747846335, 0, 1201, 1557, 1551, 28, 8.33%, 0, 0, 4, 12.06
1747846346, 0, 1202, 1557, 1551, 28, 8.33%, 0, 0, 4, 11.07
1747846356, 0, 1203, 1557, 1551, 28, 8.33%, 0, 0, 4, 11.92
1747846366, 0, 1204, 1557, 1551, 28, 8.33%, 0, 0, 4, 12.18
1747846376, 0, 1205, 1557, 1551, 28, 8.33%, 0, 0, 4, 12.32
1747854326, 0, 1205, 1558, 1552, 28, 8.33%, 0, 0, 4, 14.02
1747854377, 0, 1206, 1558, 1551, 27, 8.33%, 0, 0, 4, 12.25
1747854388, 0, 1207, 1559, 1552, 27, 8.33%, 0, 0, 4, 10.97
1747854393, 0, 1207, 1560, 1553, 27, 8.33%, 0, 0, 4, 10.62
1747854398, 0, 1207, 1561, 1554, 27, 8.33%, 0, 0, 4, 9.97
1747854480, 0, 1208, 1561, 1554, 27, 8.33%, 0, 0, 4, 12.32
1747854490, 0, 1209, 1561, 1554, 27, 8.33%, 0, 0, 4, 12.08
1747854501, 0, 1210, 1561, 1554, 27, 8.33%, 0, 0, 4, 11.30
1747854511, 0, 1211, 1561, 1554, 27, 8.33%, 0, 0, 4, 12.45
1747854521, 0, 1211, 1562, 1555, 27, 8.33%, 0, 0, 4, 10.73
1747854536, 0, 1212, 1562, 1555, 27, 8.33%, 0, 0, 4, 11.70
1747854547, 0, 1213, 1563, 1556, 27, 8.33%, 0, 0, 4, 10.90
1747854552, 0, 1213, 1564, 1557, 27, 8.33%, 0, 0, 4, 10.06
1747854593, 0, 1213, 1565, 1558, 27, 8.33%, 0, 0, 4, 10.91
1747854603, 0, 1213, 1566, 1559, 27, 8.33%, 0, 0, 4, 9.98
1747854613, 0, 1213, 1567, 1560, 27, 8.33%, 0, 0, 4, 10.42
1747854659, 0, 1213, 1568, 1561, 27, 8.33%, 0, 0, 4, 11.32
1747854685, 0, 1213, 1569, 1562, 27, 8.33%, 0, 0, 4, 11.43
1747854808, 0, 1213, 1570, 1563, 27, 8.33%, 0, 0, 4, 12.04
1747854890, 0, 1214, 1570, 1563, 27, 8.33%, 0, 0, 4, 20.71
1747854896, 0, 1215, 1571, 1564, 27, 8.33%, 0, 0, 4, 19.94
1747854901, 0, 1215, 1572, 1565, 27, 8.33%, 0, 0, 4, 17.73
1747854921, 0, 1216, 1572, 1565, 27, 8.33%, 0, 0, 4, 20.77
1747854926, 0, 1217, 1573, 1566, 27, 8.33%, 0, 0, 4, 18.91
1747854941, 0, 1219, 1573, 1566, 27, 8.33%, 0, 0, 4, 20.75
1747854947, 0, 1220, 1573, 1566, 27, 8.33%, 0, 0, 4, 20.30
1747854952, 0, 1221, 1573, 1566, 27, 8.33%, 0, 0, 4, 19.37
1747854962, 0, 1223, 1573, 1566, 27, 8.33%, 0, 0, 4, 20.15
1747854967, 0, 1225, 1573, 1566, 27, 8.33%, 0, 0, 4, 20.55
1747854972, 0, 1226, 1573, 1566, 27, 8.33%, 0, 0, 4, 19.85
1747854982, 0, 1227, 1574, 1567, 27, 8.33%, 0, 0, 4, 20.11
1747854993, 0, 1228, 1574, 1567, 27, 8.33%, 0, 0, 4, 19.42
1747854998, 0, 1230, 1574, 1567, 27, 8.33%, 0, 0, 4, 19.88
1747855008, 0, 1231, 1574, 1567, 27, 8.33%, 0, 0, 4, 19.52
1747855013, 0, 1232, 1574, 1567, 27, 8.33%, 0, 0, 4, 20.37
1747855018, 0, 1233, 1574, 1567, 27, 8.33%, 0, 0, 4, 20.23
1747855023, 0, 1234, 1574, 1567, 27, 8.33%, 0, 0, 4, 20.10
1747855034, 0, 1234, 1576, 1569, 27, 8.33%, 0, 0, 4, 18.14
1747855044, 0, 1234, 1577, 1570, 27, 8.33%, 0, 0, 4, 18.51
1747855075, 0, 1234, 1578, 1571, 27, 8.33%, 0, 0, 4, 18.22
1747855095, 0, 1234, 1579, 1572, 27, 8.33%, 0, 0, 4, 18.96
1747855172, 0, 1234, 1580, 1573, 27, 8.33%, 0, 0, 4, 19.05
1747855192, 0, 1234, 1581, 1574, 27, 8.33%, 0, 0, 4, 18.64
1747855238, 0, 1234, 1582, 1575, 27, 8.33%, 0, 0, 4, 18.43
1747855243, 0, 1235, 1582, 1575, 27, 8.33%, 0, 0, 4, 19.04
1747855248, 0, 1236, 1582, 1575, 27, 8.33%, 0, 0, 4, 18.49
1747855258, 0, 1238, 1582, 1575, 27, 8.33%, 0, 0, 4, 20.13
1747855264, 0, 1239, 1582, 1575, 27, 8.33%, 0, 0, 4, 18.82
1747855269, 0, 1240, 1582, 1575, 27, 8.33%, 0, 0, 4, 19.56
1747855274, 0, 1241, 1582, 1575, 27, 8.33%, 0, 0, 4, 19.31
1747855284, 0, 1243, 1582, 1575, 27, 8.33%, 0, 0, 4, 20.21
1747855289, 0, 1244, 1582, 1575, 27, 8.33%, 0, 0, 4, 19.08
1747855295, 0, 1244, 1583, 1576, 27, 8.33%, 0, 0, 4, 19.21
1747855305, 0, 1245, 1583, 1576, 27, 8.33%, 0, 0, 4, 20.35
1747855310, 0, 1246, 1583, 1576, 27, 8.33%, 0, 0, 4, 21.24
1747855315, 0, 1248, 1583, 1576, 27, 8.33%, 0, 0, 4, 21.16
1747855320, 0, 1249, 1583, 1576, 27, 8.33%, 0, 0, 4, 19.69
1747855331, 0, 1250, 1583, 1576, 27, 8.33%, 0, 0, 4, 19.08
1747855336, 0, 1251, 1583, 1576, 27, 8.33%, 0, 0, 4, 19.75
1747855341, 0, 1253, 1583, 1576, 27, 8.33%, 0, 0, 4, 18.60
1747855346, 0, 1255, 1583, 1576, 27, 8.33%, 0, 0, 4, 19.95
1747855356, 0, 1256, 1583, 1576, 27, 8.33%, 0, 0, 4, 17.81
1747855361, 0, 1257, 1583, 1576, 27, 8.33%, 0, 0, 4, 19.42
1747855366, 0, 1258, 1583, 1576, 27, 8.33%, 0, 0, 4, 20.83
1747855376, 0, 1260, 1583, 1576, 27, 8.33%, 0, 0, 4, 14.92
1747855387, 0, 1261, 1583, 1576, 27, 8.33%, 0, 0, 4, 11.25
1747855392, 0, 1261, 1584, 1577, 27, 8.36%, 0, 0, 4, 9.91
1747855407, 0, 1262, 1584, 1577, 24, 8.36%, 0, 0, 4, 12.19
1747855412, 0, 1262, 1585, 1578, 24, 8.36%, 0, 0, 4, 12.04
1747855417, 0, 1262, 1586, 1579, 24, 8.37%, 0, 0, 4, 9.23
1747855443, 0, 1262, 1587, 1580, 24, 8.37%, 0, 0, 4, 9.99
1747855505, 0, 1263, 1587, 1580, 25, 8.37%, 0, 0, 4, 10.99
1747855515, 0, 1264, 1587, 1580, 25, 8.37%, 0, 0, 4, 11.44
1747855521, 0, 1264, 1589, 1582, 25, 8.37%, 0, 0, 4, 9.31
1747855536, 0, 1264, 1590, 1583, 25, 8.37%, 0, 0, 4, 10.14
1747855562, 0, 1264, 1591, 1584, 25, 8.37%, 0, 0, 4, 11.21
1747855583, 0, 1264, 1592, 1585, 25, 8.37%, 0, 0, 4, 11.59
1747855726, 0, 1264, 1593, 1586, 25, 8.37%, 0, 0, 4, 10.49
1747855731, 0, 1264, 1594, 1587, 25, 8.37%, 0, 0, 4, 9.42
1747855880, 0, 1264, 1595, 1588, 25, 8.37%, 0, 0, 4, 10.95
1747855890, 0, 1266, 1595, 1588, 26, 8.37%, 0, 0, 4, 10.91
1747855900, 0, 1267, 1595, 1588, 26, 8.37%, 0, 0, 4, 11.07
1747855916, 0, 1268, 1595, 1588, 26, 8.37%, 0, 0, 4, 12.02
1747855926, 0, 1269, 1595, 1588, 26, 8.37%, 0, 0, 4, 11.31
1747855936, 0, 1270, 1595, 1588, 26, 8.37%, 0, 0, 4, 11.49
1747855946, 0, 1271, 1595, 1588, 26, 8.37%, 0, 0, 4, 11.84
1747855956, 0, 1273, 1595, 1588, 26, 8.37%, 0, 0, 4, 11.53
1747855972, 0, 1274, 1595, 1588, 26, 8.37%, 0, 0, 4, 11.52
1747855982, 0, 1276, 1595, 1588, 26, 8.37%, 0, 0, 4, 11.62
1747855992, 0, 1277, 1595, 1588, 26, 8.37%, 0, 0, 4, 11.31
1747856002, 0, 1278, 1595, 1588, 26, 8.37%, 0, 0, 4, 11.16
1747856013, 0, 1279, 1595, 1588, 26, 8.37%, 0, 0, 4, 11.42
1747856023, 0, 1280, 1595, 1588, 26, 8.37%, 0, 0, 4, 11.47
1747856038, 0, 1281, 1595, 1588, 26, 8.37%, 0, 0, 4, 12.32
1747856048, 0, 1283, 1595, 1588, 26, 8.37%, 0, 0, 4, 11.62
1747856059, 0, 1284, 1596, 1589, 26, 8.37%, 0, 0, 4, 9.78
1747856084, 0, 1285, 1597, 1590, 26, 8.37%, 0, 0, 4, 10.98
1747856105, 0, 1286, 1597, 1590, 26, 8.37%, 0, 0, 4, 11.91
1747856115, 0, 1287, 1597, 1590, 26, 8.37%, 0, 0, 4, 12.06
1747856130, 0, 1288, 1597, 1590, 26, 8.37%, 0, 0, 4, 11.52
1747856140, 0, 1289, 1597, 1590, 26, 8.37%, 0, 0, 4, 12.01
1747856151, 0, 1292, 1597, 1590, 26, 8.37%, 0, 0, 4, 11.21
1747856161, 0, 1294, 1597, 1590, 26, 8.37%, 0, 0, 4, 10.34
1747856171, 0, 1295, 1597, 1590, 26, 8.37%, 0, 0, 4, 10.83
1747856187, 0, 1296, 1597, 1590, 26, 8.37%, 0, 0, 4, 11.45
1747856197, 0, 1298, 1597, 1590, 26, 8.37%, 0, 0, 4, 11.63
1747856207, 0, 1299, 1597, 1590, 26, 8.37%, 0, 0, 4, 11.16
1747856217, 0, 1300, 1597, 1590, 26, 8.37%, 0, 0, 4, 11.28
1747856228, 0, 1301, 1597, 1590, 26, 8.37%, 0, 0, 4, 11.46
1747856243, 0, 1302, 1597, 1590, 26, 8.37%, 0, 0, 4, 12.02
1747856254, 0, 1303, 1597, 1590, 26, 8.37%, 0, 0, 4, 10.43
1747856264, 0, 1304, 1597, 1590, 26, 8.37%, 0, 0, 4, 11.75
1747856274, 0, 1305, 1597, 1590, 26, 8.37%, 0, 0, 4, 10.62
1747856284, 0, 1305, 1598, 1591, 26, 8.37%, 0, 0, 4, 11.04
1747856300, 0, 1307, 1598, 1591, 26, 8.37%, 0, 0, 4, 11.19
1747856310, 0, 1308, 1598, 1591, 26, 8.37%, 0, 0, 4, 11.99
1747856320, 0, 1310, 1598, 1591, 26, 8.37%, 0, 0, 4, 11.10
1747856335, 0, 1311, 1598, 1591, 26, 8.37%, 0, 0, 4, 11.45
1747856346, 0, 1312, 1598, 1591, 26, 8.37%, 0, 0, 4, 10.59
1747856356, 0, 1314, 1598, 1591, 26, 8.37%, 0, 0, 4, 11.68
1747856366, 0, 1315, 1598, 1591, 26, 8.37%, 0, 0, 4, 11.44
1747856371, 0, 1315, 1599, 1592, 26, 8.37%, 0, 0, 4, 11.76
1747856392, 0, 1316, 1599, 1592, 26, 8.37%, 0, 0, 4, 12.30
1747856402, 0, 1317, 1599, 1592, 26, 8.37%, 0, 0, 4, 10.95
1747856413, 0, 1318, 1599, 1592, 26, 8.37%, 0, 0, 4, 11.21
1747856428, 0, 1322, 1599, 1592, 26, 8.37%, 0, 0, 4, 11.38
1747856439, 0, 1323, 1599, 1592, 26, 8.37%, 0, 0, 4, 12.04
1747856449, 0, 1324, 1599, 1592, 26, 8.37%, 0, 0, 4, 11.45
1747856459, 0, 1325, 1599, 1592, 26, 8.37%, 0, 0, 4, 11.79
1747856469, 0, 1326, 1599, 1592, 26, 8.37%, 0, 0, 4, 10.27
1747856484, 0, 1327, 1599, 1592, 26, 8.37%, 0, 0, 4, 11.68
1747856495, 0, 1328, 1599, 1592, 26, 8.37%, 0, 0, 4, 11.58
1747856505, 0, 1329, 1599, 1592, 26, 8.37%, 0, 0, 4, 11.71
1747856515, 0, 1330, 1599, 1592, 26, 8.37%, 0, 0, 4, 11.30
1747856525, 0, 1331, 1599, 1592, 26, 8.37%, 0, 0, 4, 11.01
1747856536, 0, 1332, 1599, 1592, 26, 8.37%, 0, 0, 4, 12.02
1747856546, 0, 1333, 1599, 1592, 26, 8.37%, 0, 0, 4, 11.74
1747856561, 0, 1335, 1599, 1592, 26, 8.37%, 0, 0, 4, 11.93
1747856571, 0, 1336, 1599, 1592, 26, 8.37%, 0, 0, 4, 10.75
1747856582, 0, 1339, 1599, 1592, 26, 8.37%, 0, 0, 4, 11.72
1747856592, 0, 1340, 1599, 1592, 26, 8.37%, 0, 0, 4, 11.47
1747856602, 0, 1341, 1599, 1592, 26, 8.37%, 0, 0, 4, 12.39
1747856618, 0, 1342, 1599, 1592, 26, 8.37%, 0, 0, 4, 10.93
1747856628, 0, 1343, 1599, 1592, 26, 8.37%, 0, 0, 4, 11.01
1747856638, 0, 1343, 1600, 1593, 26, 8.37%, 0, 0, 4, 10.49
1747856653, 0, 1344, 1600, 1593, 26, 8.37%, 0, 0, 4, 10.51
1747856658, 0, 1344, 1601, 1594, 26, 8.37%, 0, 0, 4, 10.80
1747856674, 0, 1345, 1601, 1594, 26, 8.37%, 0, 0, 4, 11.21
1747856689, 0, 1347, 1601, 1594, 26, 8.37%, 0, 0, 4, 10.95
1747856699, 0, 1348, 1601, 1594, 26, 8.37%, 0, 0, 4, 12.08
1747856704, 0, 1348, 1602, 1595, 26, 8.37%, 0, 0, 4, 10.59
1747856715, 0, 1348, 1603, 1596, 26, 8.37%, 0, 0, 4, 9.84
1747856750, 0, 1350, 1603, 1596, 26, 8.37%, 0, 0, 4, 11.10
1747856761, 0, 1351, 1603, 1596, 26, 8.37%, 0, 0, 4, 12.04
1747856771, 0, 1352, 1603, 1596, 26, 8.37%, 0, 0, 4, 11.30
1747856781, 0, 1353, 1603, 1596, 26, 8.37%, 0, 0, 4, 11.36
1747856797, 0, 1354, 1603, 1596, 26, 8.37%, 0, 0, 4, 11.36
1747856807, 0, 1355, 1603, 1596, 26, 8.37%, 0, 0, 4, 11.75
1747856817, 0, 1356, 1603, 1596, 26, 8.37%, 0, 0, 4, 11.86
1747856827, 0, 1357, 1603, 1596, 26, 8.37%, 0, 0, 4, 11.15
1747856837, 0, 1358, 1603, 1596, 26, 8.37%, 0, 0, 4, 12.80
1747857270, 0, 1358, 1604, 1597, 26, 8.37%, 0, 0, 4, 8.53
1747857766, 0, 1358, 1605, 1598, 26, 8.37%, 0, 0, 4, 8.88
1747858505, 0, 1358, 1606, 1599, 26, 8.37%, 0, 0, 4, 8.74
