ID;Generation Number;Generation Size;DD Size;Number of DD;Runtime;Tests per Minute;Average Test Execution Time;Average DD Runtime;Total primary score increase;Total secondary increase
0;64;0;0;0;                          0ns;-nan;                          0ns;                          0ns;0.000000;0.000000
1;66;2000;207;10;         8s 553ms  19μs 771ns;16552.500000;                        -21533315681467ns;            966ms 687μs 457ns;0.000000;0.000000
759;60021f;2000;353;10;        38s 650ms 812μs 206ns;3715.263158;                        -22902636952981ns;         3s 938ms 652μs 651ns;2234.000000;0.000000
379;3018a2;2000;343;10;        38s 511ms 521μs 911ns;3699.473684;                        -16099239404382ns;         3s 528ms 513μs 250ns;2234.000000;0.000000
2;1be9;2000;306;10;        21s 912ms  18μs 689ns;6588.571429;                        -20345311374179ns;         2s 197ms 155μs 937ns;1479.000000;0.000000
760;6022b8;2000;343;10;        38s 803ms 932μs 289ns;3699.473684;                        -20198133009197ns;         3s 700ms 574μs 719ns;2234.000000;0.000000
380;3038cb;2000;323;10;        38s 400ms 910μs 559ns;3667.894737;                        -21652721035891ns;         3s 272ms 623μs 528ns;2234.000000;0.000000
3;3ad0;2000;161;10;        24s 972ms 954μs 445ns;5402.500000;                        -11842516903638ns;         1s 151ms 567μs 123ns;1825.000000;0.000000
761;6042fb;2000;320;10;        38s 623ms 797μs 831ns;3663.157895;                        -20401094392077ns;         3s 489ms 256μs 721ns;2234.000000;0.000000
381;305899;2000;358;10;        39s 288ms 243μs 663ns;3627.692308;                        -19733482417402ns;         3s 912ms 371μs 970ns;2234.000000;0.000000
4;5ad1;2000;218;10;        22s 917ms 919μs 227ns;6049.090909;                        -8791320294412ns;         1s 369ms 559μs 116ns;1828.000000;0.000000
762;606304;2000;376;10;        39s 239ms 764μs 589ns;3655.384615;                        -25180387919330ns;         3s 957ms 821μs 137ns;2234.000000;0.000000
382;307904;2000;303;10;        37s 887ms 206μs 690ns;3734.594595;                        -15837727539584ns;         3s  99ms 885μs 315ns;2234.000000;0.000000
763;608401;2000;334;10;        38s 242ms 593μs 625ns;3685.263158;                        -22819670928255ns;         3s 736ms 164μs  89ns;2234.000000;0.000000
5;912e;2000;409;10;        25s 531ms  13μs 326ns;5781.600000;                        -24031099447871ns;         4s 355ms 454μs 647ns;1828.000000;0.000000
383;309861;2000;327;10;        38s 537ms 405μs 670ns;3674.210526;                        -17027359495121ns;         3s 432ms 597μs 166ns;2234.000000;0.000000
764;60a43e;2000;376;10;        38s 831ms 716μs 426ns;3751.578947;                        -28508497159580ns;         4s 414ms 547μs 736ns;2235.000000;0.000000
384;30b832;2000;360;10;        38s 904ms 258μs 572ns;3726.315789;                        -22654541375704ns;         3s 771ms 851μs 839ns;2234.000000;0.000000
765;60c567;2000;380;10;        38s 793ms   5μs 718ns;3757.894737;                        -25977190868037ns;         4s 313ms 106μs 887ns;2235.000000;0.000000
6;ceb1;2000;478;10;        29s  69ms 538μs 638ns;5126.896552;                        -30249053672338ns;         5s 562ms 419μs 731ns;1828.000000;0.000000
385;30d8d7;2000;344;10;        37s 724ms 673μs 158ns;3801.081081;                        -22543110761901ns;         3s 648ms 118μs 943ns;2234.000000;0.000000
766;60e69a;2000;317;10;        37s 242ms 569μs 736ns;3757.297297;                        -21292837345825ns;         3s 342ms 223μs 738ns;2235.000000;0.000000
386;30f904;2000;298;10;        36s 915ms  94μs 270ns;3830.000000;                        -16699918944131ns;         2s 990ms 240μs  65ns;2234.000000;0.000000
7;1003c;2000;391;10;        27s 105ms 498μs 563ns;5313.333333;                        -24214331414467ns;         4s  29ms 103μs 951ns;1828.000000;0.000000
767;610651;2000;318;10;        38s 806ms 505μs 394ns;3660.000000;                        -21854144637917ns;         3s 401ms 292μs 590ns;2235.000000;0.000000
387;31183b;2000;340;10;        37s 803ms 630μs 336ns;3794.594595;                        -19897331293270ns;         3s 669ms 705μs 943ns;2234.000000;0.000000
768;612640;2000;366;10;        38s 875ms 530μs 106ns;3735.789474;                        -26141365534702ns;         3s 953ms 773μs  17ns;2234.000000;0.000000
8;12c81;2000;515;10;        31s 816ms 376μs 726ns;4867.741935;                        -30534013628069ns;         5s 997ms 218μs 627ns;1982.000000;0.000000
388;313862;2000;329;10;        37s 396ms 420μs 682ns;3776.756757;                        -21614419387866ns;         3s 552ms 346μs 101ns;2234.000000;0.000000
769;6146dd;2000;365;10;        38s 864ms 483μs 382ns;3734.210526;                        -27547212569687ns;         4s 202ms 686μs 907ns;2234.000000;0.000000
9;155ae;2000;381;10;        41s  96ms 235μs 453ns;3484.390244;                        -22783030033859ns;         4s 409ms 768μs  97ns;2234.000000;0.000000
389;31584d;2000;358;10;        39s  66ms 341μs 716ns;3627.692308;                        -19215689856331ns;         3s 827ms 664μs  27ns;2234.000000;0.000000
770;6167bc;2000;374;10;        38s 487ms  67μs 709ns;3748.421053;                        -20238235447858ns;         3s 909ms 776μs 163ns;2234.000000;0.000000
10;17663;2000;356;10;        41s 725ms 195μs 112ns;3447.804878;                        -24320030324640ns;         4s  20ms 286μs 111ns;2248.000000;0.000000
390;3178d8;2000;308;10;        36s 862ms 928μs 964ns;3846.666667;                        -17179690125128ns;         3s  42ms 266μs 292ns;2234.000000;0.000000
771;618889;2000;391;10;        38s 894ms 610μs 163ns;3775.263158;                        -27805530799141ns;         4s 355ms 333μs 525ns;2234.000000;0.000000
11;196f4;2000;348;10;        40s 704ms 646μs 741ns;3522.000000;                        -19212089038166ns;         3s 657ms 258μs 672ns;2248.000000;0.000000
391;319877;2000;333;10;        37s 193ms 545μs 229ns;3783.243243;                        -16997295273318ns;         3s 537ms 123μs  31ns;2234.000000;0.000000
772;61a9b4;2000;304;10;        37s 846ms 920μs 888ns;3736.216216;                        -19144272038009ns;         3s  46ms 691μs 330ns;2234.000000;0.000000
12;1b727;2000;369;10;        41s 406ms 798μs  86ns;3466.829268;                        -21359186760680ns;         4s 352ms 744μs  56ns;2248.000000;0.000000
392;31b872;2000;371;10;        37s 811ms  48μs 739ns;3844.864865;                        -21505636293101ns;         4s 150ms 325μs 707ns;2234.000000;0.000000
773;61c941;2000;314;10;        38s 418ms 515μs 601ns;3653.684211;                        -19064074866883ns;         3s 265ms 756μs 349ns;2234.000000;0.000000
13;1d7c0;2000;388;10;        42s 815ms 920μs 473ns;3411.428571;                        -20680160483221ns;         4s 403ms 302μs 399ns;2248.000000;0.000000
393;31d915;2000;332;10;        37s 561ms 759μs 173ns;3781.621622;                        -19167794979909ns;         3s 502ms 178μs 547ns;2234.000000;0.000000
774;61e904;2000;373;10;        39s 230ms 716μs 688ns;3650.769231;                        -26640184862082ns;         4s 221ms 147μs 151ns;2234.000000;0.000000
394;31f8fe;2000;387;10;        38s 396ms 393μs 200ns;3768.947368;                        -19783152285837ns;         4s 310ms 459μs 702ns;2234.000000;0.000000
14;1f8e1;2000;353;10;        42s 176ms  65μs 551ns;3361.428571;                        -23839703865598ns;         4s 326ms 812μs 144ns;2248.000000;0.000000
775;6209fb;2000;304;10;        37s 788ms 102μs 535ns;3736.216216;                        -18008559556908ns;         3s 131ms 610μs 264ns;2234.000000;0.000000
15;2192c;2000;369;10;        41s 207ms  43μs 138ns;3466.829268;                        -19562007399574ns;         3s 921ms 258μs 905ns;2234.000000;0.000000
395;321a11;2000;365;10;        38s   3ms 209μs 714ns;3734.210526;                        -21034251500072ns;         3s 804ms 654μs 770ns;2234.000000;0.000000
776;622994;2000;350;10;        38s 759ms 818μs 723ns;3710.526316;                        -22984020725685ns;         3s 728ms 569μs  22ns;2234.000000;0.000000
16;23998;2000;352;10;        39s 701ms 483μs 397ns;3618.461538;                        -20741848729145ns;         3s 750ms 643μs 293ns;2250.000000;0.000000
396;323aaa;2000;372;10;        37s 993ms 938μs 483ns;3846.486486;                        -21505320037451ns;         4s 146ms 221μs 804ns;2234.000000;0.000000
777;6249f5;2000;355;10;        39s  18ms 432μs 324ns;3623.076923;                        -26295172585994ns;         4s  24ms  96μs  40ns;2236.000000;0.000000
17;259c7;2000;389;10;        38s 938ms 848μs 868ns;3772.105263;                        -15826986692835ns;         3s 958ms 819μs 444ns;2224.000000;0.000000
397;325b9d;2000;313;10;        37s 425ms 363μs 433ns;3750.810811;                        -15793237482075ns;         3s 124ms 338μs 241ns;2234.000000;0.000000
778;626a76;2000;339;10;        38s 820ms 367μs 455ns;3693.157895;                        -24225091994990ns;         3s 911ms 377μs 391ns;2236.000000;0.000000
18;27a84;2000;427;10;        41s 691ms 602μs 693ns;3551.707317;                        -21611409502424ns;         4s 801ms 260μs  45ns;2234.000000;0.000000
398;327b54;2000;345;10;        37s 475ms 833μs 609ns;3802.702703;                        -13161795041496ns;         3s 485ms 977μs 902ns;2234.000000;0.000000
779;628ac9;2000;359;10;        38s 807ms 751μs 410ns;3724.736842;                        -25698957036472ns;         3s 915ms 518μs 145ns;2236.000000;0.000000
399;329ba5;2000;373;10;        38s 232ms 900μs 390ns;3746.842105;                        -25484876736972ns;         3s 900ms 383μs 737ns;2234.000000;0.000000
19;29c23;2000;369;10;        40s 728ms  29μs 907ns;3553.500000;                        -18795000678957ns;         4s  35ms 600μs 777ns;2234.000000;0.000000
780;62ab82;2000;338;10;        38s 654ms 362μs 951ns;3691.578947;                        -23114430833083ns;         3s 629ms 845μs 749ns;2236.000000;0.000000
400;32bc6e;2000;335;10;        37s 793ms  50μs 875ns;3786.486486;                        -23473926883052ns;         3s 742ms 985μs  53ns;2234.000000;0.000000
20;2bc6c;2000;347;10;        39s 792ms 311μs   7ns;3610.769231;                        -17672991209671ns;         3s 592ms 706μs 438ns;2234.000000;0.000000
781;62cbc9;2000;319;10;        38s 377ms  32μs 167ns;3661.578947;                        -23306949935226ns;         3s 454ms  76μs 101ns;2236.000000;0.000000
21;2dc57;2000;360;10;        39s 901ms 952μs 695ns;3630.769231;                        -17835330681636ns;         3s 712ms 509μs 806ns;2234.000000;0.000000
401;32dc6f;2000;342;10;        37s 495ms 420μs 918ns;3797.837838;                        -20177695205391ns;         3s 727ms 824μs 775ns;2234.000000;0.000000
782;62eb9e;2000;372;10;        39s 237ms 937μs 145ns;3649.230769;                        -23345082365170ns;         4s 188ms 454μs 506ns;2236.000000;0.000000
402;32fc96;2000;318;10;        37s  75ms 602μs 249ns;3758.918919;                        -18757578078357ns;         3s 395ms 838μs  25ns;2234.000000;0.000000
22;2fc98;2000;393;10;        42s 285ms 332μs   3ns;3418.571429;                        -18865336922902ns;         3s 901ms 938μs 965ns;2234.000000;0.000000
783;630cab;2000;370;10;        38s 971ms 858μs 478ns;3742.105263;                        -25593481162351ns;         3s 997ms 544μs 427ns;2236.000000;0.000000
403;331c49;2000;318;10;        37s 339ms 466μs 747ns;3758.918919;                        -17943836285889ns;         3s 299ms 260μs 982ns;2234.000000;0.000000
23;31d77;2000;358;10;        41s 706ms 975μs 748ns;3450.731707;                        -16300590391872ns;         3s 486ms 242μs 551ns;2251.000000;0.000000
784;632dd2;2000;345;10;        38s 483ms 114μs 779ns;3702.631579;                        -17433958375607ns;         3s 599ms 849μs 196ns;2236.000000;0.000000
404;333c08;2000;359;10;        38s 607ms 852μs  35ns;3724.736842;                        -18969682590055ns;         3s 923ms 438μs 563ns;2234.000000;0.000000
24;33d9c;2000;366;10;        41s 807ms 801μs 774ns;3462.439024;                        -18567624956962ns;         3s 875ms 555μs 401ns;2251.000000;0.000000
785;634e65;2000;326;10;        38s 469ms 563μs 186ns;3672.631579;                        -22965851616381ns;         3s 482ms 882μs 783ns;2235.000000;0.000000
405;335ca1;2000;310;10;        37s 207ms 152μs 303ns;3745.945946;                        -17463931965458ns;         3s 202ms  74μs 767ns;2233.000000;0.000000
25;35dd9;2000;354;10;        41s 182ms 235μs 749ns;3444.878049;                        -18922829340107ns;         3s 776ms 300μs  51ns;2234.000000;0.000000
786;636e76;2000;392;10;        39s 430ms 161μs 303ns;3680.000000;                        -28953069405076ns;         4s 355ms 945μs 786ns;2235.000000;0.000000
406;337c34;2000;299;10;        36s 957ms 375μs  82ns;3831.666667;                        -13436123196719ns;         2s 846ms 220μs 306ns;2234.000000;0.000000
26;37df8;2000;342;10;        39s 677ms 767μs 929ns;3603.076923;                        -16415460088095ns;         3s 553ms 604μs 270ns;2234.000000;0.000000
407;339b9d;2000;338;10;        39s  11ms 652μs 568ns;3596.923077;                        -17258317323604ns;         3s 364ms 823μs 375ns;2234.000000;0.000000
27;39dc7;2000;358;10;        40s 178ms 742μs 625ns;3537.000000;                        -16305206625215ns;         3s 671ms 905μs 177ns;2234.000000;0.000000
408;33bbac;2000;386;10;        39s 119ms 512μs 584ns;3670.769231;                        -24312348500269ns;         4s 222ms 151μs 911ns;2238.000000;0.000000
28;3bdda;2000;362;10;        40s 530ms 714μs 845ns;3543.000000;                        -17312323334714ns;         3s 749ms 162μs 578ns;2234.000000;0.000000
409;33dcb3;2000;326;10;        37s 176ms 900μs 845ns;3771.891892;                        -18435398239225ns;         3s 398ms 204μs 446ns;2234.000000;0.000000
29;3de5b;2000;339;10;        40s 375ms 674μs 427ns;3508.500000;                        -16700927879327ns;         3s 447ms 651μs 227ns;2234.000000;0.000000
410;33fc94;2000;329;10;        37s 545ms 818μs  65ns;3776.756757;                        -18955108971847ns;         3s 517ms 460μs 928ns;2234.000000;0.000000
30;3fe30;2000;360;10;        41s 895ms 612μs 965ns;3453.658537;                        -16553521276493ns;         3s 747ms 548μs 242ns;2234.000000;0.000000
411;341c81;2000;346;10;        39s 205ms   2μs 522ns;3609.230769;                        -24196826994400ns;         3s 687ms 431μs 500ns;2238.000000;0.000000
31;41e93;2000;365;10;        40s 424ms 913μs 426ns;3547.500000;                        -21424032374687ns;         3s 818ms 986μs 944ns;2234.000000;0.000000
412;343cfc;2000;363;10;        38s 144ms 407μs 800ns;3731.052632;                        -23491349693978ns;         3s 935ms 115μs  14ns;2234.000000;0.000000
32;43eca;2000;351;10;        40s 561ms 768μs 960ns;3526.500000;                        -18956359059516ns;         3s 957ms 793μs 769ns;2234.000000;0.000000
413;345dc7;2000;399;10;        38s 809ms 365μs 379ns;3787.894737;                        -26822816957270ns;         4s 304ms  88μs 132ns;2234.000000;0.000000
33;45ee5;2000;366;10;        40s 389ms 813μs 908ns;3549.000000;                        -19095560270171ns;         4s 119ms  18μs 418ns;2234.000000;0.000000
414;347f30;2000;341;10;        37s 965ms 998μs 609ns;3796.216216;                        -22369481475440ns;         3s 759ms 939μs 513ns;2234.000000;0.000000
34;47f48;2000;335;10;        43s  43ms 894μs 820ns;3258.139535;                        -18304544305997ns;         3s 543ms 351μs 827ns;2251.000000;0.000000
35;49f09;2000;366;10;        42s 939ms 362μs 952ns;3380.000000;                        -20130774474691ns;         4s 199ms 317μs 625ns;2251.000000;0.000000
415;349fab;2000;323;10;        36s 974ms 122μs 877ns;3871.666667;                        -19557199219803ns;         3s 383ms 174μs 896ns;2234.000000;0.000000
416;34bfa8;2000;358;10;        37s 617ms 545μs 451ns;3823.783784;                        -18733635488618ns;         3s 794ms 431μs 227ns;2234.000000;0.000000
36;4bfaa;2000;321;10;        41s 435ms 422μs 934ns;3396.585366;                        -18680800888718ns;         3s 421ms 731μs 944ns;2251.000000;0.000000
37;4df39;2000;394;10;        42s 468ms 406μs 790ns;3420.000000;                        -20408471659454ns;         4s 123ms 406μs 451ns;2251.000000;0.000000
417;34e021;2000;327;10;        37s 461ms 410μs 300ns;3773.513514;                        -17629080072129ns;         3s 371ms 782μs 603ns;2234.000000;0.000000
418;350004;2000;314;10;        37s 383ms 123μs 946ns;3752.432432;                        -17184415228743ns;         3s 248ms 988μs 357ns;2234.000000;0.000000
38;50016;2000;352;10;        42s 377ms 387μs 485ns;3360.000000;                        -18697004070684ns;         3s 611ms 690μs 829ns;2251.000000;0.000000
419;351fe1;2000;348;10;        38s 214ms 338μs 956ns;3707.368421;                        -20701221384118ns;         3s 543ms 779μs 261ns;2234.000000;0.000000
39;52019;2000;359;10;        39s 767ms 801μs 790ns;3629.230769;                        -15276754301361ns;         3s 912ms 693μs 566ns;2234.000000;0.000000
420;354040;2000;287;10;        36s 805ms 175μs 278ns;3811.666667;                        -13250166763435ns;         2s 808ms 680μs 850ns;2234.000000;0.000000
40;54052;2000;401;10;        41s 270ms 293μs 226ns;3513.658537;                        -16282704286169ns;         4s 113ms 924μs 379ns;2234.000000;0.000000
421;355f8b;2000;375;10;        38s 614ms 110μs 109ns;3750.000000;                        -17279951806213ns;         3s 797ms 278μs 488ns;2234.000000;0.000000
41;5616b;2000;358;10;        39s 684ms 384μs 722ns;3627.692308;                        -18653448527744ns;         3s 668ms 863μs 480ns;2234.000000;0.000000
422;358080;2000;307;10;        38s 252ms 361μs  81ns;3642.631579;                        -16422607173052ns;         3s 124ms 987μs  71ns;2234.000000;0.000000
42;58172;2000;327;10;        40s  74ms 846μs 267ns;3490.500000;                        -18640756513827ns;         3s 462ms 107μs 303ns;2234.000000;0.000000
423;35a00f;2000;359;10;        39s 313ms 781μs 432ns;3629.230769;                        -24093527860970ns;         3s 845ms 241μs 455ns;2234.000000;0.000000
43;5a121;2000;351;10;        40s 341ms 819μs 453ns;3526.500000;                        -18711677487059ns;         3s 858ms  54μs 295ns;2234.000000;0.000000
424;35c0c6;2000;308;10;        37s 406ms 407μs 412ns;3742.702703;                        -15871643331776ns;         3s 124ms 853μs 218ns;2234.000000;0.000000
44;5c142;2000;380;10;        41s 579ms 144μs 653ns;3482.926829;                        -21822639646677ns;         4s 144ms 455μs  51ns;2234.000000;0.000000
425;35e03b;2000;332;10;        38s  51ms 814μs 789ns;3682.105263;                        -21127212650371ns;         3s 480ms  25μs  61ns;2234.000000;0.000000
45;5e1f3;2000;346;10;        39s 660ms 519μs 782ns;3609.230769;                        -18754284807928ns;         3s 680ms 685μs 317ns;2234.000000;0.000000
426;36003a;2000;338;10;        37s 561ms 173μs 895ns;3791.351351;                        -20534789625975ns;         3s 488ms  47μs 165ns;2234.000000;0.000000
46;60204;2000;396;10;        40s 440ms 858μs  21ns;3594.000000;                        -22700272531246ns;         4s 452ms 651μs 474ns;2234.000000;0.000000
427;362077;2000;340;10;        37s 673ms 791μs 762ns;3794.594595;                        -19169400406797ns;         3s 534ms 663μs 439ns;2234.000000;0.000000
47;622f7;2000;331;10;        39s 405ms 662μs 148ns;3586.153846;                        -14420403195264ns;         3s 270ms 571μs 263ns;2234.000000;0.000000
428;3640ca;2000;343;10;        38s  14ms 938μs 379ns;3699.473684;                        -21304263651181ns;         3s 530ms 920μs 292ns;2234.000000;0.000000
48;642bb;2000;366;10;        40s 692ms 118μs 704ns;3549.000000;                        -18599763285843ns;         3s 860ms 748μs 831ns;2234.000000;0.000000
429;36612d;2000;333;10;        37s 677ms 204μs 443ns;3783.243243;                        -17876636314205ns;         3s 504ms 608μs 799ns;2234.000000;0.000000
49;66329;2000;361;10;        42s 154ms 127μs 377ns;3372.857143;                        -20711747214362ns;         4s   8ms   4μs 556ns;2234.000000;0.000000
430;36813e;2000;391;10;        38s 457ms 491μs 595ns;3775.263158;                        -26431614050997ns;         4s 361ms 322μs  96ns;2234.000000;0.000000
50;6837e;2000;355;10;        42s 146ms  71μs 441ns;3364.285714;                        -19468198189168ns;         3s 778ms 344μs 435ns;2234.000000;0.000000
431;36a26f;2000;332;10;        37s 603ms 198μs 611ns;3781.621622;                        -18159096991057ns;         3s 546ms 144μs 421ns;2234.000000;0.000000
51;6a3d5;2000;366;10;        40s 839ms 838μs 710ns;3549.000000;                        -16536824571872ns;         3s 998ms 447μs 426ns;2234.000000;0.000000
432;36c260;2000;332;10;        37s 889ms 385μs 166ns;3781.621622;                        -15450373152429ns;         3s 342ms 933μs 691ns;2234.000000;0.000000
52;6c450;2000;374;10;        41s 666ms 757μs 298ns;3474.146341;                        -20602949906688ns;         4s 376ms 626μs 491ns;2234.000000;0.000000
433;36e257;2000;295;10;        37s  23ms  45μs 917ns;3721.621622;                        -19282095604087ns;         2s 900ms 213μs 642ns;2234.000000;0.000000
53;6e51d;2000;361;10;        41s 145ms 819μs 237ns;3455.121951;                        -20717939915370ns;         4s  44ms 228μs 875ns;2234.000000;0.000000
434;370192;2000;410;10;        39s  37ms 539μs 990ns;3707.692308;                        -24922530039850ns;         4s 424ms 349μs 707ns;2234.000000;0.000000
54;70570;2000;431;10;        42s 314ms 856μs 688ns;3472.857143;                        -22889800786849ns;         5s 130ms 122μs 768ns;2234.000000;0.000000
435;37231f;2000;363;10;        37s 676ms 978μs 585ns;3831.891892;                        -21407083896460ns;         4s  70ms 163μs  20ns;2234.000000;0.000000
55;72741;2000;358;10;        43s 453ms 721μs 109ns;3290.232558;                        -15301232505318ns;         3s 701ms  43μs 573ns;2251.000000;0.000000
436;3743ca;2000;352;10;        37s 824ms  38μs 337ns;3814.054054;                        -19627366193070ns;         3s 892ms  57μs 237ns;2234.000000;0.000000
56;7477a;2000;328;10;        43s 206ms 672μs 644ns;3248.372093;                        -18389420274869ns;         3s 145ms 190μs 503ns;2251.000000;0.000000
437;37644b;2000;359;10;        38s 238ms 412μs 760ns;3724.736842;                        -23324620646304ns;         4s  27ms 133μs 684ns;2234.000000;0.000000
57;76729;2000;394;10;        43s 678ms  93μs 778ns;3340.465116;                        -17372861879245ns;         4s 334ms 940μs 623ns;2251.000000;0.000000
438;3784b4;2000;332;10;        37s 437ms 374μs 378ns;3781.621622;                        -22240991846978ns;         3s 654ms 634μs 940ns;2234.000000;0.000000
58;7881e;2000;368;10;        41s 475ms 594μs   7ns;3465.365854;                        -24281044897413ns;         4s  18ms 489μs 946ns;2251.000000;0.000000
439;37a481;2000;351;10;        38s 279ms 935μs 915ns;3712.105263;                        -21525447354182ns;         4s  18ms 825μs 149ns;2235.000000;0.000000
59;7a845;2000;400;10;        41s 337ms 555μs 335ns;3512.195122;                        -22684668824207ns;         4s 194ms 697μs 214ns;2251.000000;0.000000
440;37c4f2;2000;368;10;        38s 419ms 935μs 113ns;3738.947368;                        -24579195836960ns;         4s 179ms 985μs 381ns;2235.000000;0.000000
60;7c964;2000;366;10;        41s 642ms 957μs 645ns;3462.439024;                        -23529550315378ns;         4s 114ms 241μs 910ns;2251.000000;0.000000
441;37e5d5;2000;355;10;        38s 240ms 796μs 233ns;3718.421053;                        -20150120453120ns;         3s 718ms 341μs 454ns;2234.000000;0.000000
61;7e9f5;2000;360;10;        40s 193ms 399μs  28ns;3540.000000;                        -21257920659753ns;         3s 921ms 158μs 992ns;2251.000000;0.000000
442;380632;2000;400;10;        38s 230ms 581μs 572ns;3789.473684;                        -27684217169668ns;         4s 743ms 496μs 635ns;2234.000000;0.000000
62;80a34;2000;387;10;        41s 903ms 402μs 970ns;3493.170732;                        -26658379544640ns;         4s 448ms  17μs 905ns;2251.000000;0.000000
443;38277f;2000;323;10;        37s 323ms 170μs 955ns;3767.027027;                        -19887156171350ns;         3s 442ms 974μs  97ns;2234.000000;0.000000
63;82b37;2000;377;10;        40s 842ms  52μs 716ns;3565.500000;                        -26515116920367ns;         4s 194ms 910μs 111ns;2251.000000;0.000000
444;384724;2000;356;10;        38s 882ms 578μs 687ns;3720.000000;                        -20685268364208ns;         3s 974ms 641μs 200ns;2234.000000;0.000000
64;84bd8;2000;373;10;        41s 114ms 732μs 269ns;3472.682927;                        -25530279843009ns;         4s 392ms 344μs 635ns;2251.000000;0.000000
445;386797;2000;361;10;        38s 319ms 101μs 889ns;3727.894737;                        -22520365920326ns;         3s 909ms 419μs 937ns;2234.000000;0.000000
65;86c65;2000;341;10;        39s 915ms 214μs 696ns;3601.538462;                        -15946936788453ns;         3s 566ms 264μs 434ns;2251.000000;0.000000
446;388818;2000;355;10;        37s 983ms 429μs 842ns;3818.918919;                        -24730654925544ns;         3s 998ms 153μs 240ns;2235.000000;0.000000
66;88c20;2000;369;10;        38s 240ms 726μs 589ns;3740.526316;                        -18084778784651ns;         3s 784ms 198μs 363ns;2234.000000;0.000000
67;8ac89;2000;365;10;        38s 591ms 615μs 279ns;3734.210526;                        -19928352788230ns;         3s 847ms 310μs 427ns;2234.000000;0.000000
68;8cd04;2000;390;10;        38s 372ms 640μs 572ns;3773.684211;                        -23563149327828ns;         4s 174ms 384μs 847ns;2234.000000;0.000000
69;8eded;2000;352;10;        38s 124ms 708μs  93ns;3713.684211;                        -23424996117544ns;         3s 711ms 459μs 322ns;2234.000000;0.000000
70;90e26;2000;386;10;        38s 933ms 658μs 189ns;3767.368421;                        -25658750733643ns;         4s 363ms 332μs 210ns;2234.000000;0.000000
71;92f0b;2000;338;10;        38s 197ms 605μs 410ns;3691.578947;                        -16236147946220ns;         3s 504ms 748μs 337ns;2234.000000;0.000000
72;94ef2;2000;357;10;        37s 996ms 462μs 557ns;3822.162162;                        -18704240707110ns;         3s 826ms 557μs 961ns;2234.000000;0.000000
73;96f51;2000;334;10;        37s 307ms 662μs 868ns;3784.864865;                        -17578081257233ns;         3s 337ms 204μs 317ns;2234.000000;0.000000
74;98f28;2000;381;10;        38s 513ms 426μs 356ns;3759.473684;                        -21861942306620ns;         3s 969ms 683μs 890ns;2234.000000;0.000000
75;9b01f;2000;349;10;        37s 996ms 835μs 962ns;3809.189189;                        -19032671903520ns;         3s 577ms 452μs 619ns;2234.000000;0.000000
76;9d040;2000;324;10;        37s 255ms 628μs 764ns;3768.648649;                        -13440749111641ns;         3s  70ms 849μs 767ns;2234.000000;0.000000
77;9efbb;2000;371;10;        38s 589ms 362μs 191ns;3743.684211;                        -22733901306919ns;         3s 930ms 130μs 917ns;2234.000000;0.000000
78;a1038;2000;336;10;        37s 529ms 898μs 152ns;3788.108108;                        -17044871499436ns;         3s 570ms  98μs 742ns;2234.000000;0.000000
79;a3003;2000;390;10;        38s 675ms 497μs 152ns;3773.684211;                        -21787463683491ns;         4s 274ms 541μs 473ns;2234.000000;0.000000
80;a50e0;2000;328;10;        37s 644ms 644μs 945ns;3775.135135;                        -17369101893682ns;         3s 245ms  89μs 988ns;2234.000000;0.000000
81;a70ab;2000;387;10;        38s 550ms 662μs 234ns;3768.947368;                        -21818011514639ns;         4s 340ms 747μs 319ns;2234.000000;0.000000
82;a9192;2000;364;10;        38s 281ms  98μs 463ns;3732.631579;                        -22031896695635ns;         3s 970ms 389μs 986ns;2235.000000;0.000000
83;ab231;2000;381;10;        38s 924ms 278μs 143ns;3759.473684;                        -25479352616648ns;         4s 228ms 515μs 829ns;2235.000000;0.000000
84;ad324;2000;390;10;        38s  52ms   1μs  65ns;3773.684211;                        -19231229167539ns;         4s 239ms 661μs 533ns;2234.000000;0.000000
85;af449;2000;328;10;        37s 658ms 399μs 421ns;3775.135135;                        -19481570939220ns;         3s 439ms 181μs 768ns;2234.000000;0.000000
86;b1418;2000;385;10;        38s 454ms 769μs 619ns;3765.789474;                        -22358282495299ns;         3s 980ms 149μs   9ns;2234.000000;0.000000
87;b3505;2000;361;10;        37s 972ms 911μs  28ns;3828.648649;                        -16356214086545ns;         3s 928ms  15μs 739ns;2234.000000;0.000000
88;b558c;2000;353;10;        38s 102ms 848μs  30ns;3715.263158;                        -20841986651677ns;         3s 931ms 188μs 960ns;2234.000000;0.000000
89;b75d9;2000;322;10;        37s 893ms 708μs 749ns;3765.405405;                        -16897398032300ns;         3s 367ms 475μs 566ns;2234.000000;0.000000
90;b9580;2000;402;10;        38s 986ms 604μs  58ns;3792.631579;                        -26545820869730ns;         4s 389ms 424μs 312ns;2234.000000;0.000000
91;bb6e9;2000;348;10;        38s 150ms 388μs 614ns;3707.368421;                        -22196704041190ns;         3s 899ms 917μs 459ns;2234.000000;0.000000
92;bd746;2000;381;10;        38s 890ms 933μs 386ns;3759.473684;                        -26011315759520ns;         4s 452ms 189μs 138ns;2234.000000;0.000000
93;bf84f;2000;370;10;        38s 280ms  25μs 119ns;3742.105263;                        -22511435135880ns;         4s  44ms 698μs 882ns;2234.000000;0.000000
94;c18f4;2000;385;10;        38s 226ms 384μs 800ns;3765.789474;                        -21857213725173ns;         4s 340ms 668μs 444ns;2234.000000;0.000000
95;c3a1b;2000;335;10;        37s 719ms 508μs 703ns;3786.486486;                        -18912161518643ns;         3s 329ms  33μs 434ns;2234.000000;0.000000
96;c5a2c;2000;361;10;        39s  75ms 981μs 642ns;3632.307692;                        -21303268320607ns;         3s 584ms  79μs 158ns;2234.000000;0.000000
97;c7af9;2000;400;10;        39s 401ms 200μs 145ns;3692.307692;                        -23259062932949ns;         4s 370ms 100μs  43ns;2234.000000;0.000000
98;c9c44;2000;357;10;        38s 191ms 900μs 697ns;3721.578947;                        -23424898247550ns;         3s 949ms 515μs 498ns;2234.000000;0.000000
99;cbcc7;2000;356;10;        37s 673ms 611μs 914ns;3820.540541;                        -21874121719031ns;         3s 916ms  14μs 624ns;2234.000000;0.000000
100;cdd5c;2000;313;10;        37s 584ms  67μs  69ns;3750.810811;                        -19895020575803ns;         3s 280ms 572μs 441ns;2234.000000;0.000000
101;cfccb;2000;324;10;        37s 876ms 449μs 668ns;3768.648649;                        -20858453216216ns;         3s 387ms 443μs 357ns;2234.000000;0.000000
102;d1c80;2000;348;10;        37s 720ms 490μs 967ns;3807.567568;                        -20908132077157ns;         3s 827ms 333μs 544ns;2234.000000;0.000000
103;d3cc9;2000;334;10;        37s 570ms 539μs 681ns;3784.864865;                        -18931579578342ns;         3s 637ms 357μs 221ns;2234.000000;0.000000
104;d5c92;2000;369;10;        38s 643ms  10μs 170ns;3740.526316;                        -23316636038191ns;         4s 149ms 476μs 374ns;2234.000000;0.000000
105;d7d3d;2000;364;10;        38s  85ms 404μs 856ns;3732.631579;                        -22588778561497ns;         4s 149ms 285μs 254ns;2234.000000;0.000000
106;d9dc8;2000;333;10;        37s 876ms 543μs 930ns;3783.243243;                        -21838204638458ns;         3s 668ms 312μs 104ns;2234.000000;0.000000
107;dbdad;2000;411;10;        40s 193ms 156μs 357ns;3616.500000;                        -23170283164108ns;         4s 801ms 952μs 940ns;2235.000000;0.000000
108;ddf4e;2000;381;10;        38s 880ms 689μs 803ns;3759.473684;                        -23721891326118ns;         4s 176ms 415μs 377ns;2235.000000;0.000000
109;e0053;2000;376;10;        38s 308ms 602μs 942ns;3751.578947;                        -25582495522392ns;         4s 164ms 930μs 548ns;2234.000000;0.000000
110;e2128;2000;400;10;        38s 734ms 692μs 785ns;3789.473684;                        -24049369908007ns;         4s 372ms 438μs 523ns;2234.000000;0.000000
111;e4277;2000;334;10;        37s 494ms 316μs 557ns;3784.864865;                        -16838285204991ns;         3s 300ms 375μs 252ns;2234.000000;0.000000
112;e6282;2000;386;10;        39s 609ms 766μs 995ns;3670.769231;                        -20333379559437ns;         4s 108ms 751μs 386ns;2234.000000;0.000000
113;e83b5;2000;326;10;        37s 572ms 147μs 553ns;3771.891892;                        -22179696717600ns;         3s 430ms 329μs  30ns;2234.000000;0.000000
114;ea3be;2000;398;10;        39s  49ms 930μs 472ns;3689.230769;                        -22283799368355ns;         4s 427ms 321μs 457ns;2234.000000;0.000000
115;ec505;2000;360;10;        39s 423ms 797μs 456ns;3630.769231;                        -24466346906466ns;         3s 823ms 456μs 171ns;2234.000000;0.000000
116;ee59a;2000;348;10;        39s 550ms 626μs 378ns;3612.307692;                        -21192096597202ns;         3s 735ms 148μs 385ns;2234.000000;0.000000
117;f05e5;2000;328;10;        38s 416ms 202μs 270ns;3675.789474;                        -18736798121527ns;         3s 284ms 188μs 320ns;2234.000000;0.000000
118;f25ea;2000;363;10;        39s 127ms 585μs 470ns;3635.384615;                        -26521068461789ns;         4s  97ms 830μs 732ns;2234.000000;0.000000
119;f466d;2000;345;10;        38s  12ms 535μs 353ns;3702.631579;                        -26726678388402ns;         3s 988ms 439μs 892ns;2235.000000;0.000000
120;f66dc;2000;325;10;        37s 947ms 748μs 824ns;3770.270270;                        -25637144015534ns;         3s 602ms  75μs 228ns;2236.000000;0.000000
121;f86c7;2000;367;10;        38s 302ms 748μs 307ns;3737.368421;                        -26222694380326ns;         4s 189ms 398μs 705ns;2236.000000;0.000000
122;fa798;2000;398;10;        39s  74ms 798μs 234ns;3689.230769;                        -27423497298255ns;         4s 458ms 499μs 162ns;2236.000000;0.000000
123;fc8f9;2000;341;10;        38s  95ms  89μs 660ns;3696.315789;                        -23629939777401ns;         3s 756ms 774μs 771ns;2237.000000;0.000000
124;fe926;2000;368;10;        38s 300ms 844μs 550ns;3738.947368;                        -29073122929544ns;         4s 311ms 132μs 683ns;2237.000000;0.000000
125;1009e7;2000;356;10;        38s  33ms 954μs 916ns;3720.000000;                        -24526788104506ns;         4s         6μs 843ns;2235.000000;0.000000
126;102a8a;2000;322;10;        37s 523ms 923μs 566ns;3765.405405;                        -23034470239356ns;         3s 456ms 519μs 118ns;2237.000000;0.000000
127;104a47;2000;350;10;        37s 843ms 745μs 576ns;3810.810811;                        -20407064976280ns;         3s 892ms   3μs  87ns;2237.000000;0.000000
128;106ac4;2000;343;10;        37s 601ms 903μs 268ns;3799.459459;                        -23881230876182ns;         3s 882ms 853μs 639ns;2237.000000;0.000000
129;108af9;2000;335;10;        37s 254ms 385μs 870ns;3786.486486;                        -18434482865091ns;         3s 597ms 676μs 961ns;2237.000000;0.000000
130;10ab0e;2000;371;10;        38s 357ms 318μs 192ns;3743.684211;                        -26455932117898ns;         4s 155ms 361μs 661ns;2237.000000;0.000000
131;10cbcd;2000;329;10;        37s 651ms 840μs 241ns;3776.756757;                        -21389613021558ns;         3s 746ms 642μs 347ns;2237.000000;0.000000
132;10ebf2;2000;335;10;        37s 739ms 142μs 452ns;3786.486486;                        -24233830766285ns;         3s 680ms 996μs 514ns;2237.000000;0.000000
133;110c14;2000;378;10;        38s 153ms 572μs 332ns;3754.736842;                        -24832137828978ns;         4s 445ms 177μs 589ns;2237.000000;0.000000
134;112d69;2000;347;10;        37s 883ms 482μs 469ns;3805.945946;                        -21492593275452ns;         3s 878ms 584μs 991ns;2234.000000;0.000000
135;114df2;2000;369;10;        38s 187ms 826μs 362ns;3740.526316;                        -23891579689303ns;         4s 253ms  33μs 817ns;2235.000000;0.000000
136;116ea1;2000;319;10;        37s 161ms 577μs   9ns;3760.540541;                        -21224839748360ns;         3s 497ms 128μs  38ns;2237.000000;0.000000
137;118e72;2000;360;10;        37s 970ms 966μs 395ns;3827.027027;                        -25811441006459ns;         4s 116ms 693μs 908ns;2237.000000;0.000000
138;11af3f;2000;346;10;        37s 966ms 500μs 620ns;3804.324324;                        -24918300685912ns;         3s 841ms  78μs  19ns;2237.000000;0.000000
139;11cf9c;2000;374;10;        37s 977ms 395μs 543ns;3849.729730;                        -22552507947476ns;         4s 206ms 515μs 650ns;2237.000000;0.000000
140;11f0e9;2000;333;10;        37s 249ms 753μs 636ns;3783.243243;                        -21104015415354ns;         3s 585ms 909μs 257ns;2235.000000;0.000000
141;12110a;2000;360;10;        37s 746ms 320μs 290ns;3827.027027;                        -24254649850146ns;         4s 166ms 849μs 663ns;2236.000000;0.000000
142;1231cf;2000;347;10;        38s   9ms  39μs 695ns;3705.789474;                        -23604096977090ns;         3s 668ms 348μs 246ns;2237.000000;0.000000
143;125222;2000;354;10;        37s 812ms 628μs 759ns;3817.297297;                        -18828569455734ns;         3s 842ms 537μs  25ns;2237.000000;0.000000
144;1272cb;2000;348;10;        37s 974ms 237μs 778ns;3807.567568;                        -24908731205035ns;         4s  27ms 806μs 541ns;2237.000000;0.000000
145;129364;2000;349;10;        37s 656ms 992μs 912ns;3809.189189;                        -22278989320934ns;         3s 894ms 555μs  46ns;2237.000000;0.000000
146;12b3d5;2000;311;10;        37s 520ms 780μs 606ns;3747.567568;                        -21314908113851ns;         3s 336ms 987μs 115ns;2237.000000;0.000000
147;12d379;2000;353;10;        37s 641ms 571μs  72ns;3815.675676;                        -17010528006370ns;         3s 822ms 519μs  92ns;2237.000000;0.000000
148;12f3f8;2000;328;10;        37s 247ms 878μs 509ns;3775.135135;                        -22220682022229ns;         3s 478ms 481μs 240ns;2235.000000;0.000000
149;1313cf;2000;353;10;        37s 136ms 419μs  15ns;3815.675676;                        -21201065262597ns;         3s 903ms 949μs 601ns;2235.000000;0.000000
150;133460;2000;380;10;        39s 352ms 591μs 420ns;3661.538462;                        -26914509905454ns;         4s 506ms 838μs 503ns;2236.000000;0.000000
151;13558f;2000;348;10;        38s  65ms 532μs 164ns;3707.368421;                        -22561324519955ns;         3s 816ms 416μs 250ns;2236.000000;0.000000
152;137608;2000;339;10;        38s 724ms  23μs 665ns;3693.157895;                        -25020317561147ns;         3s 844ms  66μs 726ns;2236.000000;0.000000
153;139667;2000;334;10;        37s 647ms 352μs 778ns;3784.864865;                        -22436307362062ns;         3s 575ms 562μs 236ns;2234.000000;0.000000
154;13b69c;2000;369;10;        38s 196ms 941μs 462ns;3740.526316;                        -24967455358520ns;         3s 732ms 623μs 467ns;2234.000000;0.000000
155;13d791;2000;392;10;        39s 202ms 528μs 235ns;3680.000000;                        -25502187560151ns;         4s 275ms 570μs 909ns;2234.000000;0.000000
156;13f902;2000;344;10;        38s  90ms 239μs 823ns;3701.052632;                        -22083085333347ns;         3s 844ms 239μs 871ns;2234.000000;0.000000
157;141941;2000;356;10;        38s  46ms 878μs 376ns;3720.000000;                        -23803389094032ns;         3s 953ms 714μs 207ns;2234.000000;0.000000
158;1439da;2000;339;10;        37s 764ms 689μs 289ns;3792.972973;                        -25559292906462ns;         3s 728ms  36μs 786ns;2235.000000;0.000000
159;145a15;2000;312;10;        37s  18ms 770μs 367ns;3749.189189;                        -18661686275928ns;         3s 368ms 676μs 571ns;2237.000000;0.000000
160;1479df;2000;381;10;        38s  14ms 831μs  92ns;3759.473684;                        -25630203370134ns;         4s 422ms 152μs 434ns;2237.000000;0.000000
161;149b38;2000;319;10;        37s 123ms 977μs 306ns;3760.540541;                        -22064165404104ns;         3s 320ms 114μs 187ns;2236.000000;0.000000
162;14baf9;2000;322;10;        36s 820ms 394μs 314ns;3870.000000;                        -20709831512084ns;         3s 477ms 659μs 307ns;2236.000000;0.000000
163;14db02;2000;352;10;        37s 855ms 315μs 156ns;3814.054054;                        -20971591400922ns;         3s 733ms 518μs 607ns;2236.000000;0.000000
164;14fb6f;2000;336;10;        37s 211ms 391μs 245ns;3788.108108;                        -21380883981854ns;         3s 648ms 403μs 942ns;2236.000000;0.000000
165;151bd4;2000;365;10;        37s 720ms 229μs 483ns;3835.135135;                        -23727870180606ns;         4s  35ms 821μs 371ns;2235.000000;0.000000
166;153d05;2000;310;10;        37s 210ms 174μs 264ns;3745.945946;                        -21891964306411ns;         3s 244ms 959μs 719ns;2234.000000;0.000000
167;155ca6;2000;328;10;        37s 168ms 610μs 861ns;3775.135135;                        -21989348117542ns;         3s 645ms 587μs  10ns;2234.000000;0.000000
168;157cbf;2000;351;10;        37s 779ms 672μs 878ns;3812.432432;                        -24661959773304ns;         3s 951ms  68μs 437ns;2237.000000;0.000000
169;159d3e;2000;366;10;        37s 665ms  83μs 681ns;3836.756757;                        -25029005110950ns;         3s 907ms 958μs 813ns;2237.000000;0.000000
170;15be20;2000;338;10;        37s 736ms 352μs 843ns;3791.351351;                        -23483761011496ns;         3s 841ms 361μs 759ns;2237.000000;0.000000
171;15de6d;2000;293;10;        36s 676ms 320μs 195ns;3821.666667;                        -17219932158468ns;         2s 943ms 219μs  20ns;2237.000000;0.000000
172;15fdbe;2000;345;10;        37s 393ms   9μs 294ns;3802.702703;                        -25259215773980ns;         3s 910ms 239μs 153ns;2237.000000;0.000000
173;161dfd;2000;372;10;        38s  59ms 679μs 810ns;3745.263158;                        -22112132752864ns;         4s 186ms 979μs 443ns;2236.000000;0.000000
174;163eec;2000;397;10;        38s 615ms 450μs 751ns;3784.736842;                        -25487627273714ns;         4s 539ms 757μs 586ns;2236.000000;0.000000
175;166045;2000;340;10;        37s 772ms 461μs 503ns;3794.594595;                        -24791883825381ns;         3s 848ms 885μs 888ns;2235.000000;0.000000
176;168082;2000;342;10;        37s 995ms 996μs 611ns;3797.837838;                        -21610230852110ns;         3s 827ms 190μs 461ns;2235.000000;0.000000
177;16a0c7;2000;358;10;        37s 592ms 968μs 110ns;3823.783784;                        -23559521689579ns;         3s 998ms 396μs 976ns;2237.000000;0.000000
178;16c156;2000;301;10;        37s  96ms 264μs 314ns;3731.351351;                        -19316046735707ns;         3s 182ms 487μs  72ns;2237.000000;0.000000
179;16e0bf;2000;350;10;        37s 486ms 861μs 967ns;3810.810811;                        -23643550368434ns;         3s 951ms 334μs 107ns;2237.000000;0.000000
180;170132;2000;333;10;        37s 335ms 319μs 119ns;3783.243243;                        -23553123827397ns;         3s 656ms 248μs 440ns;2237.000000;0.000000
181;17214d;2000;345;10;        37s 501ms 666μs 267ns;3802.702703;                        -23961123174113ns;         3s 954ms 727μs 166ns;2237.000000;0.000000
182;174186;2000;387;10;        37s 860ms 572μs 588ns;3870.810811;                        -28715408887225ns;         4s 634ms 476μs 355ns;2237.000000;0.000000
183;1762df;2000;345;10;        37s 273ms 641μs 542ns;3802.702703;                        -23174971619528ns;         3s 831ms 137μs  93ns;2235.000000;0.000000
184;178356;2000;354;10;        37s 915ms 940μs 705ns;3817.297297;                        -24924834185457ns;         4s  24ms 855μs 393ns;2236.000000;0.000000
185;17a41b;2000;368;10;        37s 989ms 840μs 647ns;3840.000000;                        -25822866565205ns;         4s 170ms 104μs 829ns;2236.000000;0.000000
186;17c4fe;2000;305;10;        36s 875ms  79μs 344ns;3841.666667;                        -17151184353147ns;         3s  89ms 908μs 525ns;2236.000000;0.000000
187;17e472;2000;332;10;        37s 109ms 920μs 716ns;3781.621622;                        -23046866604813ns;         3s 820ms 543μs 704ns;2237.000000;0.000000
188;1804bb;2000;329;10;        37s 147ms 809μs 422ns;3776.756757;                        -21486800885840ns;         3s 725ms  84μs 138ns;2237.000000;0.000000
189;1824f4;2000;352;10;        37s 411ms  52μs 555ns;3814.054054;                        -23117302450674ns;         4s  49ms 487μs 202ns;2237.000000;0.000000
190;1845ad;2000;383;10;        38s 287ms 784μs 487ns;3762.631579;                        -24892871289642ns;         4s 240ms 802μs 315ns;2237.000000;0.000000
191;1866d4;2000;332;10;        37s 395ms 738μs 603ns;3781.621622;                        -18284511599478ns;         3s 538ms 444μs 443ns;2237.000000;0.000000
192;188707;2000;357;10;        37s 427ms 712μs 401ns;3822.162162;                        -19665287929328ns;         3s 877ms 962μs 375ns;2237.000000;0.000000
193;18a79c;2000;368;10;        37s 805ms  78μs 531ns;3840.000000;                        -19053535929403ns;         3s 790ms  42μs 942ns;2237.000000;0.000000
194;18c877;2000;378;10;        38s 242ms 429μs 990ns;3754.736842;                        -21834262411111ns;         4s 233ms 713μs 485ns;2237.000000;0.000000
195;18e98c;2000;378;10;        37s 881ms 838μs 595ns;3856.216216;                        -20016393309343ns;         4s 290ms 868μs 611ns;2237.000000;0.000000
196;190a77;2000;386;10;        38s 321ms 394μs 755ns;3767.368421;                        -18396307014825ns;         4s 144ms 874μs 315ns;2237.000000;0.000000
197;192be6;2000;280;10;        36s 333ms 203μs 897ns;3800.000000;                        -14372038864738ns;         2s 731ms 962μs 437ns;2234.000000;0.000000
198;194af1;2000;374;10;        38s 260ms  24μs 243ns;3748.421053;                        -22138745950168ns;         3s 887ms 336μs 589ns;2234.000000;0.000000
199;196be0;2000;306;10;        36s 932ms 761μs 437ns;3843.333333;                        -18771062618195ns;         3s  87ms 785μs 876ns;2234.000000;0.000000
200;198b73;2000;374;10;        37s 990ms 478μs 697ns;3849.729730;                        -17713884604686ns;         4s 158ms 561μs 387ns;2235.000000;0.000000
201;19ac5a;2000;331;10;        37s 213ms 846μs  55ns;3780.000000;                        -14062238565623ns;         3s 235ms  44μs 682ns;2234.000000;0.000000
202;19cc71;2000;331;10;        37s 352ms 516μs 115ns;3780.000000;                        -17778298773041ns;         3s 479ms 489μs 339ns;2234.000000;0.000000
203;19ec62;2000;302;10;        36s 741ms 489μs 170ns;3836.666667;                        -14241733935840ns;         3s  17ms 195μs 553ns;2234.000000;0.000000
204;1a0bfb;2000;349;10;        37s 669ms 893μs 715ns;3809.189189;                        -24228988364260ns;         3s 977ms 940μs 742ns;2234.000000;0.000000
205;1a2c4c;2000;370;10;        37s 950ms 864μs 539ns;3843.243243;                        -20100585713432ns;         3s 868ms 785μs  13ns;2234.000000;0.000000
206;1a4d53;2000;277;10;        36s 604ms 463μs 881ns;3795.000000;                        -11956110397323ns;         2s 640ms 587μs 591ns;2234.000000;0.000000
207;1a6c44;2000;384;10;        37s 998ms 653μs 407ns;3865.945946;                        -23360146559187ns;         4s 130ms 380μs  96ns;2234.000000;0.000000
208;1a8d49;2000;309;10;        36s 988ms 425μs 172ns;3848.333333;                        -15008533071083ns;         3s 234ms 339μs 237ns;2234.000000;0.000000
209;1aacea;2000;337;10;        37s 495ms 768μs 635ns;3789.729730;                        -18007823734833ns;         3s 685ms 547μs 717ns;2237.000000;0.000000
210;1acd21;2000;316;10;        37s  44ms 432μs 633ns;3755.675676;                        -20310606451176ns;         3s 275ms 395μs 931ns;2237.000000;0.000000
211;1aecf4;2000;320;10;        37s 191ms 844μs 802ns;3762.162162;                        -19210052120993ns;         3s 376ms 418μs 207ns;2237.000000;0.000000
212;1b0cd1;2000;340;10;        37s 345ms 692μs  79ns;3794.594595;                        -17195592013294ns;         3s 575ms 224μs 616ns;2237.000000;0.000000
213;1b2d18;2000;318;10;        36s 798ms 252μs 971ns;3863.333333;                        -21633580022590ns;         3s 429ms 147μs 899ns;2237.000000;0.000000
214;1b4cd7;2000;361;10;        37s 844ms 418μs 815ns;3828.648649;                        -27010658959872ns;         4s 132ms 733μs  94ns;2237.000000;0.000000
215;1b6d8e;2000;335;10;        38s 173ms 758μs 683ns;3686.842105;                        -26253006342224ns;         3s 798ms 124μs 780ns;2237.000000;0.000000
216;1b8da5;2000;340;10;        37s 269ms  13μs 570ns;3794.594595;                        -19318509266541ns;         3s 811ms 636μs 574ns;2237.000000;0.000000
217;1bae06;2000;340;10;        37s 542ms 540μs 707ns;3794.594595;                        -21172773861178ns;         3s 532ms 462μs 700ns;2237.000000;0.000000
218;1bce49;2000;302;10;        36s 757ms 792μs 625ns;3836.666667;                        -18026396433021ns;         3s 145ms 727μs 471ns;2237.000000;0.000000
219;1bedac;2000;307;10;        36s 727ms 273μs 669ns;3845.000000;                        -15572396509681ns;         2s 947ms 286μs 496ns;2237.000000;0.000000
220;1c0d50;2000;337;10;        37s 681ms 605μs  59ns;3789.729730;                        -21470356627676ns;         3s 572ms 751μs 332ns;2237.000000;0.000000
221;1c2d91;2000;365;10;        37s 999ms 470μs  62ns;3835.135135;                        -19646276579485ns;         4s       532μs 560ns;2234.000000;0.000000
222;1c4e70;2000;331;10;        37s 549ms 869μs  91ns;3780.000000;                        -24718874321983ns;         3s 727ms 122μs 238ns;2235.000000;0.000000
223;1c6e63;2000;347;10;        37s 780ms 742μs 137ns;3805.945946;                        -23760449690268ns;         3s 841ms  65μs 915ns;2235.000000;0.000000
224;1c8eb0;2000;300;10;        36s 389ms 900μs 635ns;3833.333333;                        -17243005570619ns;         3s  76ms 690μs 865ns;2236.000000;0.000000
225;1cae1b;2000;334;10;        37s 602ms   1μs 371ns;3784.864865;                        -20976101005807ns;         3s 613ms  83μs 955ns;2236.000000;0.000000
226;1cce6e;2000;345;10;        37s 817ms 421μs 306ns;3802.702703;                        -17443609450150ns;         3s 846ms 375μs  64ns;2237.000000;0.000000
227;1ceebf;2000;338;10;        37s 574ms 154μs 903ns;3791.351351;                        -20943806198263ns;         3s 797ms 680μs 873ns;2235.000000;0.000000
228;1d0f16;2000;290;10;        36s 855ms 495μs 434ns;3816.666667;                        -20843255379243ns;         3s  85ms 440μs 843ns;2234.000000;0.000000
229;1d2e4d;2000;330;10;        37s 582ms 241μs 133ns;3778.378378;                        -21551462323265ns;         3s 639ms 143μs 608ns;2234.000000;0.000000
230;1d4e44;2000;297;10;        36s 779ms 549μs 618ns;3828.333333;                        -15384990211166ns;         3s 133ms 659μs 999ns;2234.000000;0.000000
231;1d6d8f;2000;344;10;        37s 622ms 800μs 502ns;3801.081081;                        -23278085271310ns;         3s 834ms 153μs 142ns;2234.000000;0.000000
232;1d8dcc;2000;334;10;        37s 448ms 876μs  33ns;3784.864865;                        -19925977277415ns;         3s 651ms 597μs 144ns;2237.000000;0.000000
233;1dade1;2000;324;10;        37s 480ms  16μs 154ns;3768.648649;                        -22681923891098ns;         3s 476ms 512μs 278ns;2234.000000;0.000000
234;1dcdb0;2000;316;10;        37s 321ms 101μs 717ns;3755.675676;                        -16603007099521ns;         3s  68ms   6μs 253ns;2234.000000;0.000000
235;1ded6f;2000;345;10;        37s 719ms 687μs 921ns;3802.702703;                        -18779630672258ns;         3s 829ms 537μs 869ns;2234.000000;0.000000
236;1e0dce;2000;301;10;        37s  61ms 829μs 880ns;3731.351351;                        -16444543642884ns;         3s  80ms 129μs 250ns;2234.000000;0.000000
237;1e2d47;2000;361;10;        38s  92ms 412μs 800ns;3727.894737;                        -19969384729571ns;         3s 715ms 484μs 781ns;2234.000000;0.000000
238;1e4de0;2000;328;10;        37s 527ms 996μs   0ns;3775.135135;                        -23185766642992ns;         3s 838ms 629μs 982ns;2235.000000;0.000000
239;1e6def;2000;314;10;        36s 175ms 271μs 345ns;3856.666667;                        -18501521248350ns;         3s 133ms 589μs  41ns;2237.000000;0.000000
240;1e8daa;2000;384;10;        37s 921ms 865μs 116ns;3865.945946;                        -21603869877167ns;         4s 418ms 396μs 160ns;2237.000000;0.000000
241;1eaea5;2000;336;10;        37s 216ms 382μs 534ns;3788.108108;                        -24971968241399ns;         3s 856ms 644μs 558ns;2237.000000;0.000000
242;1eceb0;2000;358;10;        37s 826ms 210μs 924ns;3823.783784;                        -18950630712187ns;         3s 816ms 786μs 205ns;2237.000000;0.000000
243;1eef3f;2000;373;10;        37s 498ms 143μs 136ns;3848.108108;                        -23017507321997ns;         4s 126ms 239μs 861ns;2236.000000;0.000000
244;1f101c;2000;338;10;        37s  60ms 614μs 455ns;3791.351351;                        -20974577821305ns;         3s 812ms 603μs 486ns;2236.000000;0.000000
378;2ff853;2000;346;10;        37s 792ms 838μs 468ns;3804.324324;                        -20096339622949ns;         3s 643ms  14μs 121ns;2234.000000;0.000000
758;5fe13e;2000;367;10;        39s  22ms 126μs 205ns;3641.538462;                        -29149238384197ns;         3s 968ms 488μs 225ns;2234.000000;0.000000
377;2fd8d2;2000;309;10;        36s 949ms 292μs 634ns;3848.333333;                        -20960777256010ns;         3s 187ms 459μs 967ns;2234.000000;0.000000
757;5fc13f;2000;325;10;        37s 847ms 663μs 810ns;3770.270270;                        -17803065584200ns;         3s 290ms 470μs 297ns;2234.000000;0.000000
376;2fb899;2000;333;10;        37s 615ms 330μs 614ns;3783.243243;                        -21551270899059ns;         3s 565ms 908μs 621ns;2234.000000;0.000000
756;5fa04e;2000;375;10;        38s 791ms 275μs 479ns;3750.000000;                        -22128242705398ns;         4s 187ms 159μs 114ns;2234.000000;0.000000
375;2f9776;2000;383;10;        38s 905ms 990μs 111ns;3762.631579;                        -27953525531688ns;         4s 553ms 638μs 957ns;2234.000000;0.000000
755;5f7fdd;2000;357;10;        38s 936ms 131μs 751ns;3721.578947;                        -25638452546050ns;         4s 135ms 273μs 866ns;2234.000000;0.000000
374;2f7783;2000;328;10;        37s 371ms 799μs 490ns;3775.135135;                        -21053369795232ns;         3s 435ms  47μs 866ns;2234.000000;0.000000
754;5f5dd6;2000;421;10;        40s 247ms 952μs 372ns;3631.500000;                        -29840311332473ns;         5s 194ms  85μs 132ns;2234.000000;0.000000
373;2f576c;2000;345;10;        37s 962ms 331μs 375ns;3802.702703;                        -22238329193518ns;         3s 623ms 786μs  63ns;2234.000000;0.000000
753;5f3d93;2000;340;10;        38s  65ms 532μs 425ns;3694.736842;                        -20766437726812ns;         3s 781ms 681μs 696ns;2234.000000;0.000000
372;2f372f;2000;343;10;        37s 877ms 708μs 760ns;3799.459459;                        -19841869794312ns;         3s 665ms 329μs 778ns;2234.000000;0.000000
752;5f1dd0;2000;321;10;        38s  23ms 896μs 190ns;3664.736842;                        -21782360996779ns;         3s 507ms 483μs 283ns;2234.000000;0.000000
371;2f16b6;2000;352;10;        40s 347ms 816μs 395ns;3528.000000;                        -21633536749384ns;         3s 901ms 514μs 218ns;2234.000000;0.000000
751;5efe0f;2000;312;10;        37s 942ms  33μs 773ns;3749.189189;                        -19024732086422ns;         3s 305ms 216μs 774ns;2234.000000;0.000000
370;2ef6d5;2000;327;10;        38s 808ms 164μs 460ns;3674.210526;                        -21323854382536ns;         3s 448ms 358μs 525ns;2234.000000;0.000000
750;5edcec;2000;368;10;        39s 448ms 567μs 402ns;3643.076923;                        -22175976289525ns;         3s 903ms  51μs 422ns;2236.000000;0.000000
369;2ed600;2000;381;10;        39s 572ms 330μs 112ns;3663.076923;                        -24003408995176ns;         3s 979ms 503μs 418ns;2234.000000;0.000000
749;5ebcb1;2000;337;10;        38s 438ms 879μs 573ns;3690.000000;                        -21624630608670ns;         3s 775ms 287μs 711ns;2236.000000;0.000000
368;2eb605;2000;340;10;        37s 649ms 691μs  90ns;3794.594595;                        -22542923200681ns;         3s 692ms  88μs 610ns;2234.000000;0.000000
748;5e9c60;2000;337;10;        38s  90ms 482μs 600ns;3690.000000;                        -25553024854321ns;         3s 884ms 511μs 493ns;2237.000000;0.000000
367;2e9692;2000;303;10;        36s 913ms 723μs 563ns;3838.333333;                        -15268511252110ns;         2s 932ms 710μs 969ns;2234.000000;0.000000
747;5e7c6b;2000;319;10;        38s 131ms 496μs 971ns;3661.578947;                        -25747968887182ns;         3s 781ms 912μs 596ns;2237.000000;0.000000
366;2e76fd;2000;324;10;        37s 650ms 279μs 813ns;3768.648649;                        -19451694110119ns;         3s 277ms 138μs 349ns;2234.000000;0.000000
746;5e5bbc;2000;361;10;        38s 646ms 923μs 768ns;3727.894737;                        -21396337419947ns;         3s 960ms 712μs 495ns;2237.000000;0.000000
365;2e56ec;2000;335;10;        37s 559ms 692μs  36ns;3786.486486;                        -22046798364199ns;         3s 629ms 244μs 334ns;2234.000000;0.000000
745;5e3bbf;2000;321;10;        38s 126ms  11μs 156ns;3664.736842;                        -16957535056282ns;         3s 295ms   1μs 791ns;2237.000000;0.000000
364;2e35fd;2000;373;10;        38s 512ms 661μs 801ns;3746.842105;                        -18517206297729ns;         4s 116ms 265μs 737ns;2234.000000;0.000000
744;5e1b1e;2000;352;10;        38s 326ms 634μs 392ns;3713.684211;                        -21472565026074ns;         3s 926ms 934μs 166ns;2237.000000;0.000000
363;2e15ce;2000;347;10;        38s 262ms 601μs 157ns;3705.789474;                        -19522786690586ns;         3s 738ms 852μs 103ns;2234.000000;0.000000
743;5dfbb3;2000;297;10;        38s  24ms 510μs 573ns;3626.842105;                        -21983827717522ns;         3s 195ms 750μs 508ns;2237.000000;0.000000
362;2df49d;2000;394;10;        38s 702ms 671μs 595ns;3780.000000;                        -27264582183416ns;         4s 261ms  66μs 155ns;2234.000000;0.000000
742;5ddb6c;2000;340;10;        38s 545ms 602μs 910ns;3694.736842;                        -24099027049041ns;         3s 746ms  25μs 153ns;2237.000000;0.000000
361;2dd3b2;2000;388;10;        38s 431ms 830μs 597ns;3770.526316;                        -27067575483509ns;         4s 309ms 469μs 762ns;2234.000000;0.000000
741;5dbba3;2000;315;10;        37s 956ms  26μs 387ns;3754.054054;                        -18691834101626ns;         3s 316ms 417μs 928ns;2237.000000;0.000000
360;2db375;2000;356;10;        37s 880ms 458μs 935ns;3820.540541;                        -21306758918098ns;         3s 645ms 445μs 779ns;2234.000000;0.000000
740;5d9b96;2000;331;10;        38s 230ms  11μs 960ns;3680.526316;                        -18842334057166ns;         3s 358ms 284μs  13ns;2234.000000;0.000000
359;2d92a0;2000;372;10;        38s  89ms 295μs 454ns;3745.263158;                        -22748032959806ns;         4s 100ms 970μs  97ns;2234.000000;0.000000
739;5d7b0d;2000;356;10;        38s 509ms 958μs 138ns;3720.000000;                        -18639944315974ns;         3s 689ms 357μs 572ns;2235.000000;0.000000
358;2d726d;2000;347;10;        37s 577ms 192μs 527ns;3805.945946;                        -21651556734789ns;         3s 650ms 679μs  11ns;2234.000000;0.000000
738;5d5b9e;2000;300;10;        37s 583ms 434μs 271ns;3729.729730;                        -18521399025011ns;         2s 953ms 493μs 644ns;2235.000000;0.000000
357;2d5202;2000;367;10;        37s 803ms 670μs 433ns;3838.378378;                        -21466511641608ns;         4s  76ms 471μs 895ns;2234.000000;0.000000
737;5d3b61;2000;348;10;        38s 341ms 612μs 819ns;3707.368421;                        -25954782008025ns;         3s 777ms 289μs  38ns;2234.000000;0.000000
356;2d3153;2000;374;10;        38s 243ms  14μs 449ns;3748.421053;                        -22986386097764ns;         4s 311ms 389μs 350ns;2234.000000;0.000000
736;5d1aaa;2000;363;10;        38s 631ms 852μs 716ns;3731.052632;                        -24400263241627ns;         3s 762ms 746μs 805ns;2234.000000;0.000000
355;2d1182;2000;333;10;        37s 563ms 499μs 496ns;3783.243243;                        -20430928134505ns;         3s 472ms 121μs 840ns;2234.000000;0.000000
735;5cf9f5;2000;358;10;        38s 755ms 485μs 752ns;3723.157895;                        -21392681369682ns;         3s 749ms 663μs 890ns;2234.000000;0.000000
354;2cf113;2000;356;10;        37s 671ms 877μs 387ns;3820.540541;                        -19430945668709ns;         3s 826ms 665μs 393ns;2234.000000;0.000000
734;5cd998;2000;349;10;        38s 478ms 949μs 247ns;3708.947368;                        -23144969447894ns;         3s 840ms 435μs 878ns;2234.000000;0.000000
353;2cd0ce;2000;354;10;        37s 634ms 642μs 953ns;3817.297297;                        -17847280455270ns;         3s 752ms 340μs 709ns;2234.000000;0.000000
733;5cb933;2000;346;10;        37s 739ms 358μs 560ns;3804.324324;                        -21775646747864ns;         3s 710ms 599μs 464ns;2234.000000;0.000000
352;2cb081;2000;350;10;        37s 707ms 133μs 304ns;3810.810811;                        -15474645267002ns;         3s 400ms 715μs 572ns;2234.000000;0.000000
732;5c9976;2000;316;10;        37s 760ms 154μs 103ns;3755.675676;                        -18096261092649ns;         3s 227ms 912μs 347ns;2234.000000;0.000000
351;2c9028;2000;350;10;        37s 921ms 466μs 403ns;3810.810811;                        -22943037041278ns;         3s 842ms 960μs  56ns;2234.000000;0.000000
731;5c7901;2000;346;10;        38s 732ms 307μs 588ns;3704.210526;                        -20095359612299ns;         3s 580ms 535μs 465ns;2234.000000;0.000000
350;2c7015;2000;336;10;        37s 722ms 711μs 327ns;3788.108108;                        -20931450642936ns;         3s 603ms 223μs 929ns;2234.000000;0.000000
730;5c583c;2000;360;10;        38s 623ms 461μs 680ns;3726.315789;                        -24412111842929ns;         3s 846ms 276μs 400ns;2235.000000;0.000000
349;2c4f58;2000;378;10;        38s 129ms 384μs 970ns;3754.736842;                        -22668457272437ns;         4s  59ms 322μs 667ns;2234.000000;0.000000
729;5c37af;2000;348;10;        38s 304ms 375μs  24ns;3707.368421;                        -23418554963047ns;         3s 760ms 246μs 587ns;2234.000000;0.000000
348;2c2fff;2000;309;10;        36s 624ms 418μs  18ns;3848.333333;                        -18186260672938ns;         3s  94ms 941μs  57ns;2234.000000;0.000000
728;5c1822;2000;307;10;        38s 796ms 199μs 129ns;3642.631579;                        -18157412472081ns;         3s  75ms 560μs 296ns;2234.000000;0.000000
347;2c0fce;2000;353;10;        38s  44ms 393μs 803ns;3715.263158;                        -23171219089709ns;         3s 813ms 827μs 617ns;2234.000000;0.000000
727;5bf795;2000;357;10;        39s 931ms  14μs  30ns;3626.153846;                        -18602863919613ns;         3s 739ms 828μs 756ns;2234.000000;0.000000
346;2beff7;2000;329;10;        37s 757ms 351μs 468ns;3776.756757;                        -18295652060826ns;         3s 496ms 767μs 276ns;2234.000000;0.000000
726;5bd7ee;2000;317;10;        37s 188ms 939μs 269ns;3757.297297;                        -17791874864341ns;         3s 217ms 595μs 949ns;2234.000000;0.000000
345;2bd006;2000;335;10;        38s 534ms 235μs  39ns;3686.842105;                        -22003597153130ns;         3s 745ms 143μs 652ns;2234.000000;0.000000
725;5bb763;2000;351;10;        38s 604ms 786μs 283ns;3712.105263;                        -23654738059951ns;         3s 863ms 491μs 515ns;2234.000000;0.000000
344;2bb011;2000;339;10;        37s 561ms 742μs 970ns;3792.972973;                        -20088843995492ns;         3s 557ms 866μs 489ns;2234.000000;0.000000
724;5b970a;2000;350;10;        38s 579ms 844μs   2ns;3710.526316;                        -27002219511646ns;         3s 841ms 173μs 843ns;2234.000000;0.000000
343;2b9060;2000;331;10;        37s 823ms 440μs 623ns;3780.000000;                        -23918297474903ns;         3s 495ms 940μs 877ns;2234.000000;0.000000
723;5b7735;2000;321;10;        38s 997ms 738μs 297ns;3664.736842;                        -21981521469839ns;         3s 507ms 739μs 201ns;2234.000000;0.000000
342;2b704b;2000;346;10;        38s 849ms 690μs 485ns;3704.210526;                        -22695058899112ns;         3s 892ms  24μs 729ns;2234.000000;0.000000
722;5b57fa;2000;298;10;        38s 577ms 212μs 902ns;3628.421053;                        -19921826010458ns;         3s  58ms 535μs 133ns;2234.000000;0.000000
341;2b50cd;2000;312;10;        37s 191ms 980μs 211ns;3749.189189;                        -13815878413841ns;         3s   3ms  44μs 231ns;2234.000000;0.000000
721;5b3823;2000;327;10;        38s 865ms 285μs 151ns;3674.210526;                        -18827931491212ns;         3s 463ms 351μs  80ns;2234.000000;0.000000
340;2b3074;2000;353;10;        37s 508ms 259μs  34ns;3815.675676;                        -19695448065280ns;         3s 650ms 307μs  96ns;2234.000000;0.000000
720;5b1870;2000;306;10;        38s 670ms 253μs 464ns;3641.052632;                        -16445071914727ns;         3s 210ms 500μs 464ns;2234.000000;0.000000
339;2b0f11;2000;405;10;        39s  88ms 499μs 977ns;3700.000000;                        -20829985340801ns;         4s 555ms 207μs  40ns;2234.000000;0.000000
719;5af77d;2000;373;10;        38s 666ms 671μs 366ns;3746.842105;                        -26447551088846ns;         4s 181ms 451μs 246ns;2234.000000;0.000000
338;2aeeb8;2000;351;10;        37s 799ms 500μs 873ns;3812.432432;                        -20241020323667ns;         3s 725ms 522μs 255ns;2234.000000;0.000000
718;5ad81a;2000;295;10;        37s 453ms 623μs  36ns;3721.621622;                        -19937484600430ns;         2s 998ms  63μs 434ns;2234.000000;0.000000
337;2aced5;2000;325;10;        37s 733ms 349μs 276ns;3770.270270;                        -18041853792580ns;         3s 272ms 913μs 403ns;2234.000000;0.000000
717;5ab859;2000;315;10;        37s 993ms 923μs 318ns;3754.054054;                        -19762709136847ns;         3s 427ms 962μs 306ns;2234.000000;0.000000
336;2aaee6;2000;332;10;        37s 569ms 280μs 121ns;3781.621622;                        -16912173995587ns;         3s 415ms 168μs 645ns;2234.000000;0.000000
716;5a98a0;2000;316;10;        37s 690ms 747μs 904ns;3755.675676;                        -20033800028963ns;         3s 231ms 670μs 659ns;2234.000000;0.000000
335;2a8de9;2000;390;10;        38s 626ms 642μs  23ns;3773.684211;                        -25928902161238ns;         3s 975ms 971μs 614ns;2234.000000;0.000000
715;5a78ff;2000;313;10;        37s 788ms 979μs 573ns;3750.810811;                        -17797218329479ns;         3s 110ms 567μs 849ns;2234.000000;0.000000
334;2a6dc0;2000;338;10;        37s  98ms 756μs 719ns;3791.351351;                        -13920719003641ns;         3s 446ms 962μs 838ns;2234.000000;0.000000
714;5a590a;2000;326;10;        37s 884ms 851μs 504ns;3771.891892;                        -21908727089619ns;         3s 392ms 970μs 381ns;2234.000000;0.000000
333;2a4d07;2000;377;10;        38s 635ms 133μs 996ns;3753.157895;                        -25275838802648ns;         4s  67ms 858μs 113ns;2234.000000;0.000000
713;5a397d;2000;310;10;        37s 611ms 231μs 271ns;3745.945946;                        -22057662334867ns;         3s 246ms 537μs 470ns;2234.000000;0.000000
332;2a2cdc;2000;348;10;        38s  48ms 666μs 859ns;3707.368421;                        -21321280854146ns;         3s 734ms 505μs 352ns;2234.000000;0.000000
712;5a19f0;2000;312;10;        37s 530ms 885μs 848ns;3749.189189;                        -21188228790143ns;         3s 266ms 505μs 205ns;2234.000000;0.000000
331;2a0c6d;2000;358;10;        37s 950ms 661μs 991ns;3823.783784;                        -20698103628839ns;         3s 993ms 520μs 738ns;2234.000000;0.000000
711;59f9d7;2000;339;10;        38s 662ms  65μs  83ns;3693.157895;                        -20382530487805ns;         3s 601ms 347μs 866ns;2234.000000;0.000000
330;29ec46;2000;346;10;        37s 965ms 970μs 445ns;3804.324324;                        -24002313526060ns;         3s 790ms 256μs 583ns;2234.000000;0.000000
710;59d99e;2000;330;10;        38s 614ms 556μs 930ns;3678.947368;                        -20738853952588ns;         3s 287ms 950μs 551ns;2234.000000;0.000000
329;29cbe3;2000;345;10;        39s  97ms 531μs  27ns;3607.692308;                        -20275295359555ns;         3s 701ms 844μs 361ns;2234.000000;0.000000
709;59b9b3;2000;324;10;        38s  40ms 939μs 379ns;3669.473684;                        -21070675377234ns;         3s 491ms  51μs 704ns;2234.000000;0.000000
328;29abd2;2000;335;10;        39s  33ms 117μs 353ns;3592.307692;                        -19288551646107ns;         3s 510ms 111μs 799ns;2234.000000;0.000000
708;599a02;2000;318;10;        37s 918ms 263μs 126ns;3758.918919;                        -17742889640740ns;         3s 289ms 378μs 554ns;2234.000000;0.000000
327;298c03;2000;330;10;        37s 117ms 986μs 289ns;3778.378378;                        -19596524085428ns;         3s 461ms 719μs 670ns;2234.000000;0.000000
707;5979ab;2000;337;10;        38s 579ms  31μs 576ns;3690.000000;                        -19272237519397ns;         3s 521ms 201μs 518ns;2234.000000;0.000000
326;296c76;2000;313;10;        37s 284ms 296μs 237ns;3750.810811;                        -20549879388616ns;         3s 228ms 144μs 957ns;2234.000000;0.000000
706;5959ae;2000;326;10;        38s 194ms 968μs 962ns;3672.631579;                        -23850419881124ns;         3s 501ms 826μs 693ns;2234.000000;0.000000
325;294cb1;2000;322;10;        37s 223ms 647μs 445ns;3765.405405;                        -17236435667472ns;         3s 316ms 388μs 244ns;2234.000000;0.000000
705;5939b4;2000;328;10;        38s  67ms 252μs 217ns;3675.789474;                        -18781154898405ns;         3s 118ms 469μs 779ns;2234.000000;0.000000
324;292cf0;2000;328;10;        38s  84ms 407μs 369ns;3675.789474;                        -20682198919832ns;         3s 429ms  59μs 685ns;2234.000000;0.000000
704;591967;2000;344;10;        38s 184ms 597μs 649ns;3701.052632;                        -21434271071250ns;         3s 644ms 746μs 781ns;2234.000000;0.000000
323;290d59;2000;316;10;        37s  18ms 752μs 101ns;3755.675676;                        -19977493696560ns;         3s 320ms 186μs 218ns;2234.000000;0.000000
703;58f9f4;2000;303;10;        37s 208ms 850μs  10ns;3734.594595;                        -17847045178964ns;         3s  73ms 225μs  55ns;2234.000000;0.000000
322;28ed52;2000;329;10;        38s 485ms 660μs  60ns;3677.368421;                        -19864126216513ns;         3s 654ms 261μs 460ns;2234.000000;0.000000
702;58d9b5;2000;342;10;        37s 931ms 105μs 654ns;3797.837838;                        -21168592595027ns;         3s 604ms 167μs 439ns;2234.000000;0.000000
321;28cd9d;2000;316;10;        38s 239ms 514μs 410ns;3656.842105;                        -18084301066389ns;         3s 491ms  36μs 949ns;2234.000000;0.000000
701;58ba52;2000;304;10;        38s       973μs 770ns;3637.894737;                        -18967158507257ns;         3s 109ms 799μs 791ns;2234.000000;0.000000
320;28ae48;2000;304;10;        38s 685ms 533μs 133ns;3637.894737;                        -15463797948724ns;         3s  40ms 937μs  82ns;2234.000000;0.000000
700;5899f5;2000;339;10;        38s 545ms 721μs  31ns;3693.157895;                        -23699759882496ns;         3s 807ms 696μs  53ns;2234.000000;0.000000
319;288cb5;2000;410;10;        39s 971ms 342μs 888ns;3707.692308;                        -21265703688679ns;         4s 520ms  94μs 329ns;2234.000000;0.000000
699;587a4e;2000;311;10;        37s 784ms 838μs 519ns;3747.567568;                        -15518911024161ns;         3s 205ms 993μs 236ns;2234.000000;0.000000
318;286d06;2000;312;10;        37s 615ms 173μs 920ns;3749.189189;                        -16218226475823ns;         3s 638ms 577μs 624ns;2234.000000;0.000000
698;585a89;2000;316;10;        37s 672ms 490μs 310ns;3755.675676;                        -18017124091775ns;         3s 360ms 254μs 323ns;2234.000000;0.000000
317;284d29;2000;331;10;        38s 352ms 241μs   8ns;3680.526316;                        -17961057317805ns;         3s 950ms  70μs 107ns;2234.000000;0.000000
697;583a36;2000;346;10;        38s 596ms 791μs 115ns;3704.210526;                        -22230626246538ns;         3s 612ms   5μs 628ns;2234.000000;0.000000
316;282dbe;2000;303;10;        37s 252ms 286μs 459ns;3734.594595;                        -18449021347651ns;         3s 142ms 868μs 385ns;2234.000000;0.000000
696;58193d;2000;379;10;        38s 943ms 274μs 711ns;3756.315789;                        -25207372158960ns;         3s 969ms 348μs 252ns;2234.000000;0.000000
315;280dbd;2000;332;10;        37s 252ms 208μs 378ns;3781.621622;                        -18217903123634ns;         3s 466ms 733μs 583ns;2234.000000;0.000000
695;57f946;2000;330;10;        38s 392ms 450μs 672ns;3678.947368;                        -23216696095946ns;         3s 531ms 306μs 843ns;2234.000000;0.000000
314;27ed30;2000;358;10;        37s 936ms 275μs 523ns;3823.783784;                        -21459478173222ns;         3s 882ms 315μs  67ns;2234.000000;0.000000
694;57d8b3;2000;351;10;        38s 697ms 316μs 466ns;3712.105263;                        -23283572858967ns;         3s 740ms 364μs 905ns;2234.000000;0.000000
313;27cccf;2000;350;10;        38s 407ms 531μs 462ns;3710.526316;                        -20998902588799ns;         3s 758ms 123μs 624ns;2234.000000;0.000000
693;57b92e;2000;310;10;        37s 887ms 684μs 694ns;3745.945946;                        -20873107144511ns;         3s 117ms 542μs 482ns;2234.000000;0.000000
312;27ab8c;2000;396;10;        38s 355ms 114μs 292ns;3783.157895;                        -19551057334948ns;         4s  28ms 878μs 925ns;2234.000000;0.000000
692;5799cd;2000;303;10;        36s 948ms 951μs 873ns;3838.333333;                        -18104985322435ns;         2s 989ms 261μs 872ns;2234.000000;0.000000
311;278c0d;2000;311;10;        37s 689ms 544μs 492ns;3747.567568;                        -19998027336990ns;         3s 492ms 618μs  83ns;2234.000000;0.000000
691;57792a;2000;360;10;        38s 452ms 990μs 600ns;3726.315789;                        -25670216057441ns;         4s 104ms 501μs 574ns;2234.000000;0.000000
310;276c10;2000;335;10;        37s 618ms 599μs  46ns;3786.486486;                        -19790629626945ns;         3s 608ms 175μs 932ns;2234.000000;0.000000
690;575925;2000;328;10;        38s 110ms 292μs  35ns;3675.789474;                        -21263438932160ns;         3s 490ms  17μs 809ns;2234.000000;0.000000
309;274c7f;2000;318;10;        36s 988ms 157μs 352ns;3863.333333;                        -16970742361843ns;         3s 323ms 537μs 207ns;2234.000000;0.000000
689;5738e4;2000;335;10;        38s 233ms 634μs 895ns;3686.842105;                        -24543921659398ns;         3s 774ms 419μs 234ns;2234.000000;0.000000
308;272b68;2000;388;10;        38s 523ms 758μs 974ns;3770.526316;                        -25361327935824ns;         4s 246ms 101μs  29ns;2234.000000;0.000000
688;571859;2000;355;10;        38s 633ms  20μs 948ns;3718.421053;                        -21567335766252ns;         4s  25ms 739μs 634ns;2234.000000;0.000000
307;270a87;2000;378;10;        38s 477ms 465μs 365ns;3754.736842;                        -18639694476809ns;         4s 188ms 214μs 610ns;2234.000000;0.000000
687;56f884;2000;320;10;        37s 328ms 257μs 835ns;3762.162162;                        -18522228493046ns;         3s 310ms 923μs   0ns;2234.000000;0.000000
306;26eaca;2000;326;10;        37s 524ms 634μs 241ns;3771.891892;                        -20396516033332ns;         3s 466ms 231μs 245ns;2234.000000;0.000000
686;56d825;2000;336;10;        38s 907ms 385μs 124ns;3688.421053;                        -25917564532178ns;         3s 784ms 582μs 623ns;2234.000000;0.000000
305;26c95f;2000;399;10;        38s 589ms 480μs 259ns;3787.894737;                        -20554567203484ns;         4s 227ms 348μs  37ns;2234.000000;0.000000
685;56b78a;2000;351;10;        37s 972ms 284μs 916ns;3812.432432;                        -21318964416410ns;         3s 713ms 393μs 684ns;2234.000000;0.000000
304;26a900;2000;353;10;        38s  18ms 921μs 434ns;3715.263158;                        -23606911568612ns;         3s 858ms  44μs 845ns;2234.000000;0.000000
684;5697d9;2000;312;10;        37s 614ms 951μs 528ns;3749.189189;                        -19142314301406ns;         3s 176ms 967μs 614ns;2234.000000;0.000000
303;2689b3;2000;298;10;        37s   2ms 293μs 892ns;3726.486486;                        -14936261458671ns;         2s 937ms 100μs  95ns;2234.000000;0.000000
683;56774c;2000;345;10;        38s 664ms 700μs 883ns;3702.631579;                        -21645649680636ns;         3s 794ms 442μs 653ns;2234.000000;0.000000
302;2668d0;2000;374;10;        37s 949ms 331μs 724ns;3849.729730;                        -19976670854962ns;         3s 984ms 806μs 188ns;2234.000000;0.000000
682;565713;2000;334;10;        38s  48ms 752μs 150ns;3685.263158;                        -20908548751836ns;         3s 629ms 813μs 487ns;2234.000000;0.000000
301;264973;2000;305;10;        36s 866ms 592μs   4ns;3841.666667;                        -15700234747594ns;         3s 195ms   2μs 933ns;2234.000000;0.000000
681;5636aa;2000;347;10;        37s 956ms 549μs   7ns;3805.945946;                        -23284946534706ns;         3s 896ms 462μs 168ns;2234.000000;0.000000
300;2628f6;2000;351;10;        37s 707ms 915μs 583ns;3812.432432;                        -20964519428170ns;         3s 855ms 143μs 737ns;2234.000000;0.000000
680;5615c3;2000;370;10;        38s 327ms 784μs  90ns;3742.105263;                        -26349813655835ns;         4s 356ms  91μs 323ns;2234.000000;0.000000
299;2608d7;2000;341;10;        37s 265ms 563μs 769ns;3796.216216;                        -19186738508363ns;         3s 618ms 367μs 952ns;2234.000000;0.000000
679;55f4e4;2000;365;10;        38s 604ms 919μs 644ns;3734.210526;                        -22826875656334ns;         4s  50ms 698μs 119ns;2234.000000;0.000000
298;25e8e0;2000;328;10;        37s 463ms 832μs 538ns;3775.135135;                        -18756210752031ns;         3s 545ms   8μs 542ns;2234.000000;0.000000
678;55d491;2000;343;10;        38s 495ms 422μs 672ns;3699.473684;                        -23038299960934ns;         3s 735ms  52μs 948ns;2234.000000;0.000000
297;25c927;2000;324;10;        37s 616ms 948μs 644ns;3768.648649;                        -19860298663390ns;         3s 442ms 128μs 402ns;2234.000000;0.000000
677;55b3e6;2000;350;10;        38s 735ms 774μs 735ns;3710.526316;                        -19092824148257ns;         3s 789ms 927μs   0ns;2234.000000;0.000000
296;25a9e4;2000;287;10;        36s 938ms 535μs 218ns;3811.666667;                        -14998431780066ns;         2s 779ms 780μs 963ns;2234.000000;0.000000
676;5593af;2000;334;10;        38s 379ms 570μs 141ns;3685.263158;                        -22006987150887ns;         3s 750ms 937μs  82ns;2235.000000;0.000000
295;258a3f;2000;319;10;        37s 270ms 203μs  39ns;3760.540541;                        -18285993518634ns;         3s 328ms 397μs  98ns;2234.000000;0.000000
675;557304;2000;356;10;        38s 359ms 144μs 989ns;3720.000000;                        -24006210418961ns;         4s  19ms  86μs 738ns;2236.000000;0.000000
294;256aa2;2000;323;10;        38s  12ms 815μs 327ns;3667.894737;                        -19326535763275ns;         3s 137ms 814μs 576ns;2234.000000;0.000000
674;55536a;2000;309;10;        37s 308ms 813μs 733ns;3744.324324;                        -21113596968144ns;         3s 320ms 226μs 281ns;2236.000000;0.000000
293;254ab9;2000;334;10;        38s 293ms 469μs 889ns;3685.263158;                        -17096552414292ns;         3s 666ms 378μs 795ns;2234.000000;0.000000
673;55334b;2000;328;10;        38s 192ms 907μs 769ns;3675.789474;                        -20101113864160ns;         3s 588ms 863μs 599ns;2234.000000;0.000000
292;2529a6;2000;388;10;        38s 305ms 202μs 676ns;3770.526316;                        -24279453542234ns;         3s 964ms 721μs 432ns;2234.000000;0.000000
672;55124a;2000;371;10;        38s 542ms 646μs 502ns;3743.684211;                        -18363652296502ns;         3s 950ms 737μs 649ns;2234.000000;0.000000
291;250979;2000;346;10;        38s 178ms 339μs 477ns;3704.210526;                        -20726047546141ns;         3s 642ms 857μs 878ns;2234.000000;0.000000
671;54f226;2000;325;10;        37s 620ms 772μs 990ns;3770.270270;                        -20960427479072ns;         3s 542ms 894μs   0ns;2234.000000;0.000000
290;24e9ec;2000;320;10;        37s 345ms 666μs 801ns;3762.162162;                        -19344337409984ns;         3s  45ms 400μs 156ns;2234.000000;0.000000
670;54d1eb;2000;335;10;        38s  92ms 788μs 621ns;3686.842105;                        -24485206567615ns;         3s 598ms 309μs 950ns;2234.000000;0.000000
289;24c9ab;2000;356;10;        38s  84ms 718μs 498ns;3720.000000;                        -19576093133317ns;         3s 639ms 373μs 457ns;2234.000000;0.000000
669;54b23e;2000;311;10;        37s 962ms 816μs 305ns;3747.567568;                        -22768718244123ns;         3s 359ms 440μs 453ns;2236.000000;0.000000
288;24a9f0;2000;323;10;        37s 137ms 658μs 252ns;3767.027027;                        -20657193618049ns;         3s 558ms 964μs 334ns;2234.000000;0.000000
668;549173;2000;372;10;        39s   8ms 978μs 618ns;3649.230769;                        -21632730656875ns;         4s  70ms 838μs 623ns;2237.000000;0.000000
287;2489f9;2000;335;10;        38s  84ms 390μs 897ns;3686.842105;                        -20015408252223ns;         4s 360ms 464μs 803ns;2234.000000;0.000000
667;54714e;2000;333;10;        38s 402ms 531μs 376ns;3683.684211;                        -24775363023461ns;         3s 761ms 818μs 702ns;2234.000000;0.000000
286;246a56;2000;315;10;        37s 225ms 660μs 565ns;3754.054054;                        -16956615879741ns;         3s 232ms 634μs 229ns;2234.000000;0.000000
666;545093;2000;370;10;        39s 215ms 970μs 966ns;3646.153846;                        -25207495497832ns;         3s 911ms 484μs 581ns;2234.000000;0.000000
285;2449cb;2000;365;10;        37s 768ms 887μs  19ns;3835.135135;                        -18704135498080ns;         3s 862ms 303μs 612ns;2234.000000;0.000000
665;543006;2000;352;10;        38s 147ms 342μs 238ns;3713.684211;                        -22636650443710ns;         3s 898ms 183μs 820ns;2235.000000;0.000000
284;2429ce;2000;334;10;        37s 213ms 412μs 488ns;3784.864865;                        -21886917927649ns;         3s 443ms 878μs 363ns;2234.000000;0.000000
664;540e47;2000;408;10;        39s 792ms 666μs 803ns;3704.615385;                        -24803500674957ns;         4s 825ms 479μs 408ns;2234.000000;0.000000
283;2409c7;2000;335;10;        37s 357ms 505μs 212ns;3786.486486;                        -21342005260385ns;         3s 625ms 236μs 783ns;2237.000000;0.000000
663;53ee4c;2000;318;10;        37s 889ms 883μs 201ns;3758.918919;                        -25483240003036ns;         3s 485ms 740μs 804ns;2234.000000;0.000000
282;23e794;2000;460;10;        39s 982ms 444μs 799ns;3784.615385;                        -35700724453224ns;         4s 912ms 939μs 243ns;2236.000000;0.000000
662;53ce41;2000;323;10;        38s   6ms 377μs 652ns;3667.894737;                        -22072425781025ns;         3s 404ms 520μs 797ns;2234.000000;0.000000
281;23c761;2000;340;10;        38s 608ms 645μs 712ns;3694.736842;                        -22623245812231ns;         3s 754ms  54μs 301ns;2236.000000;0.000000
661;53aec2;2000;299;10;        37s 894ms 696μs 273ns;3728.108108;                        -18348134656848ns;         2s 992ms 825μs 657ns;2234.000000;0.000000
280;23a726;2000;350;10;        38s  90ms  13μs 997ns;3710.526316;                        -19079871993869ns;         3s 818ms 625μs 909ns;2236.000000;0.000000
660;538e47;2000;349;10;        38s 605ms 873μs  29ns;3708.947368;                        -21270210341877ns;         3s 919ms 123μs 669ns;2234.000000;0.000000
279;2386df;2000;349;10;        37s 804ms 649μs  19ns;3809.189189;                        -22797515797224ns;         4s 105ms 547μs 264ns;2234.000000;0.000000
659;536e2a;2000;334;10;        38s 556ms 927μs 716ns;3685.263158;                        -19458385633131ns;         3s 612ms 188μs 657ns;2234.000000;0.000000
278;23668e;2000;345;10;        37s 463ms 566μs  90ns;3802.702703;                        -23099846437035ns;         3s 736ms 722μs 472ns;2235.000000;0.000000
658;534ce3;2000;387;10;        38s 776ms 581μs 161ns;3768.947368;                        -25002966227458ns;         4s 634ms 892μs 899ns;2234.000000;0.000000
277;23451b;2000;399;10;        38s 589ms 453μs 986ns;3787.894737;                        -24134906923619ns;         4s 387ms  69μs 830ns;2235.000000;0.000000
657;532d2e;2000;325;10;        37s 935ms 391μs 353ns;3770.270270;                        -20644767276500ns;         3s 398ms 761μs 630ns;2234.000000;0.000000
276;2324ac;2000;356;10;        37s 596ms 118μs 797ns;3820.540541;                        -19024349518615ns;         3s 868ms 159μs 939ns;2234.000000;0.000000
656;530d7f;2000;318;10;        37s 449ms  47μs 885ns;3758.918919;                        -18466197318067ns;         3s 245ms 351μs 319ns;2234.000000;0.000000
275;2303f7;2000;363;10;        37s 997ms 679μs 293ns;3831.891892;                        -24498156780199ns;         4s 205ms  80μs 871ns;2234.000000;0.000000
655;52ed3e;2000;346;10;        38s 315ms 524μs 129ns;3704.210526;                        -22666260501096ns;         3s 795ms 805μs 138ns;2234.000000;0.000000
274;22e244;2000;425;10;        38s 749ms 117μs 504ns;3828.947368;                        -24382942870587ns;         4s 567ms 310μs  43ns;2234.000000;0.000000
654;52cda1;2000;304;10;        37s 947ms 493μs 770ns;3736.216216;                        -18292394505424ns;         3s 121ms 522μs 829ns;2234.000000;0.000000
273;22c213;2000;351;10;        37s 494ms  85μs 558ns;3812.432432;                        -21177352517698ns;         3s 854ms 680μs 912ns;2234.000000;0.000000
653;52ad00;2000;360;10;        38s 520ms 278μs 507ns;3726.315789;                        -25822766092744ns;         3s 923ms 670μs  25ns;2234.000000;0.000000
272;22a18e;2000;364;10;        37s 946ms  36μs 336ns;3833.513514;                        -20532514056280ns;         4s 377ms 999μs 944ns;2234.000000;0.000000
652;528c75;2000;356;10;        38s 907ms 345μs 510ns;3720.000000;                        -25588250415302ns;         4s  79ms 990μs 358ns;2234.000000;0.000000
271;22817f;2000;346;10;        37s 267ms 684μs 200ns;3804.324324;                        -21218657469419ns;         3s 777ms 866μs 451ns;2234.000000;0.000000
651;526b60;2000;373;10;        38s 504ms 308μs 139ns;3746.842105;                        -25948033708705ns;         4s 106ms 156μs 159ns;2234.000000;0.000000
270;22612c;2000;354;10;        37s 902ms 959μs 479ns;3817.297297;                        -21408967202062ns;         3s 495ms 807μs 941ns;2234.000000;0.000000
650;524b5d;2000;329;10;        37s 815ms  24μs 632ns;3776.756757;                        -18643566520040ns;         3s 317ms 620μs 721ns;2234.000000;0.000000
269;2240f9;2000;344;10;        38s  25ms  85μs 355ns;3701.052632;                        -22825424761919ns;         4s  14ms 612μs 503ns;2236.000000;0.000000
649;522b04;2000;347;10;        38s 249ms 498μs 355ns;3705.789474;                        -21811450242294ns;         3s 863ms 577μs 801ns;2235.000000;0.000000
268;22207e;2000;356;10;        38s 321ms 537μs 716ns;3720.000000;                        -26403652060172ns;         4s 630ms  85μs 638ns;2236.000000;0.000000
648;520b03;2000;328;10;        37s 724ms 383μs 123ns;3775.135135;                        -17812037034121ns;         3s 562ms 560μs 894ns;2234.000000;0.000000
267;21ff5b;2000;401;10;        38s 314ms  24μs 259ns;3791.052632;                        -27719886052184ns;         4s 521ms 267μs 551ns;2234.000000;0.000000
647;51eb28;2000;329;10;        38s  67ms 964μs 813ns;3677.368421;                        -19471170288049ns;         3s 659ms 218μs 376ns;2234.000000;0.000000
266;21df20;2000;350;10;        37s 577ms 750μs 788ns;3810.810811;                        -20908322794086ns;         3s 686ms 838μs 889ns;2234.000000;0.000000
646;51ca8d;2000;364;10;        38s 713ms 370μs 862ns;3732.631579;                        -27126808975042ns;         4s 160ms 787μs 420ns;2234.000000;0.000000
265;21beeb;2000;351;10;        37s 728ms 707μs 577ns;3812.432432;                        -21426626191588ns;         3s 814ms  74μs 629ns;2234.000000;0.000000
645;51aaf6;2000;317;10;        37s 962ms 210μs 307ns;3757.297297;                        -21803448551392ns;         3s 320ms  39μs 550ns;2234.000000;0.000000
264;219e56;2000;366;10;        37s 926ms 681μs 944ns;3836.756757;                        -21288872796711ns;         3s 866ms 639μs 651ns;2234.000000;0.000000
644;518ad1;2000;335;10;        38s 607ms 134μs 354ns;3686.842105;                        -18027233564461ns;         3s 647ms  55μs 556ns;2234.000000;0.000000
263;217d71;2000;380;10;        38s 208ms 396μs  70ns;3757.894737;                        -22468027114938ns;         4s 405ms 859μs  39ns;2234.000000;0.000000
643;516b24;2000;320;10;        38s 923ms 267μs 502ns;3663.157895;                        -17025120973765ns;         3s 410ms 291μs 929ns;2234.000000;0.000000
262;215ca4;2000;366;10;        37s 928ms 149μs 158ns;3836.756757;                        -19971139367727ns;         3s 914ms 683μs 472ns;2234.000000;0.000000
642;514ad1;2000;350;10;        38s 948ms 591μs 525ns;3710.526316;                        -19285236081528ns;         3s 728ms 817μs  27ns;2234.000000;0.000000
261;213bf5;2000;366;10;        37s 594ms 952μs  20ns;3836.756757;                        -24698972851360ns;         4s  15ms 170μs 536ns;2236.000000;0.000000
641;512a78;2000;351;10;        39s 415ms 950μs 186ns;3616.923077;                        -22303542475125ns;         3s 819ms 823μs 367ns;2234.000000;0.000000
260;211ab8;2000;389;10;        37s 948ms  68μs 576ns;3874.054054;                        -26020232736579ns;         4s 437ms 300μs 650ns;2237.000000;0.000000
640;510a07;2000;355;10;        39s 713ms 377μs 975ns;3623.076923;                        -26935378792148ns;         4s  70ms 850μs 359ns;2235.000000;0.000000
259;20f9bd;2000;381;10;        38s 207ms 765μs  52ns;3759.473684;                        -29760093419854ns;         4s 337ms  90μs 803ns;2237.000000;0.000000
639;50ea54;2000;316;10;        37s 591ms 316μs 730ns;3755.675676;                        -19840511574196ns;         3s 339ms 539μs 159ns;2235.000000;0.000000
258;20d916;2000;359;10;        37s 668ms 582μs   7ns;3825.405405;                        -24765639338989ns;         3s 997ms 934μs 530ns;2237.000000;0.000000
638;50ca47;2000;331;10;        37s 856ms 222μs 197ns;3780.000000;                        -21653730226516ns;         3s 630ms 526μs 449ns;2235.000000;0.000000
257;20b86b;2000;368;10;        37s 601ms  31μs  86ns;3840.000000;                        -25981535625209ns;         4s 204ms 708μs 206ns;2237.000000;0.000000
637;50a93e;2000;382;10;        39s 187ms 287μs 500ns;3664.615385;                        -28250039294744ns;         4s 269ms 461μs 174ns;2234.000000;0.000000
256;2097e4;2000;363;10;        37s 921ms 668μs 431ns;3831.891892;                        -27612045040747ns;         3s 944ms 811μs 745ns;2234.000000;0.000000
636;508803;2000;380;10;        38s 702ms 809μs 420ns;3757.894737;                        -20658990721084ns;         4s 234ms 383μs 809ns;2235.000000;0.000000
255;2076ef;2000;359;10;        37s 989ms 640μs  71ns;3825.405405;                        -23442065838652ns;         3s 661ms 347μs 782ns;2234.000000;0.000000
635;5066f2;2000;380;10;        38s 792ms 439μs 185ns;3757.894737;                        -25005209178712ns;         4s 216ms 505μs 496ns;2234.000000;0.000000
254;205642;2000;374;10;        37s 961ms 724μs 128ns;3849.729730;                        -21721622963283ns;         3s 967ms 156μs 811ns;2234.000000;0.000000
634;504731;2000;318;10;        38s 515ms 660μs 484ns;3660.000000;                        -20369260670703ns;         3s 338ms 552μs 885ns;2234.000000;0.000000
253;2034b3;2000;417;10;        38s 755ms 937μs 621ns;3816.315789;                        -22361392927214ns;         4s 621ms 907μs 824ns;2234.000000;0.000000
633;5026f6;2000;334;10;        39s 961ms 818μs 871ns;3590.769231;                        -22166729954031ns;         3s 584ms 869μs 363ns;2234.000000;0.000000
252;201422;2000;366;10;        38s  54ms 990μs 115ns;3735.789474;                        -21266080878679ns;         3s 921ms 870μs 720ns;2234.000000;0.000000
632;5005e5;2000;370;10;        39s 301ms  99μs 638ns;3646.153846;                        -23464348769892ns;         4s 103ms 841μs 657ns;2234.000000;0.000000
251;1ff42f;2000;334;10;        37s 237ms 323μs 887ns;3784.864865;                        -22087996161514ns;         3s 748ms 110μs 323ns;2234.000000;0.000000
631;4fe610;2000;313;10;        37s 766ms 763μs 291ns;3750.810811;                        -12858327237955ns;         3s 160ms 212μs 819ns;2234.000000;0.000000
250;1fd428;2000;341;10;        37s 102ms 969μs 445ns;3796.216216;                        -21489416371096ns;         3s 852ms 693μs  89ns;2235.000000;0.000000
630;4fc5e1;2000;332;10;        37s 747ms 302μs  12ns;3781.621622;                        -19405319280555ns;         3s 559ms 230μs 347ns;2234.000000;0.000000
249;1fb2fb;2000;402;10;        38s 246ms 166μs   3ns;3792.631579;                        -23785815920778ns;         4s 698ms 661μs 406ns;2234.000000;0.000000
629;4fa5a0;2000;336;10;        37s 840ms 249μs 704ns;3788.108108;                        -22967008703030ns;         3s 585ms 341μs 624ns;2235.000000;0.000000
248;1f9236;2000;368;10;        37s 996ms 228μs 855ns;3840.000000;                        -23600730778825ns;         4s 168ms 769μs 210ns;2234.000000;0.000000
628;4f85b7;2000;325;10;        37s 967ms 741μs 740ns;3770.270270;                        -20570983701333ns;         3s 497ms 219μs 391ns;2235.000000;0.000000
247;1f70b3;2000;409;10;        38s 785ms 716μs  13ns;3803.684211;                        -26547706167949ns;         4s 772ms 539μs 461ns;2234.000000;0.000000
627;4f6406;2000;411;10;        39s 205ms 182μs  82ns;3709.230769;                        -21711084663497ns;         4s 526ms 462μs  92ns;2235.000000;0.000000
246;1f5042;2000;373;10;        37s 674ms 248μs 601ns;3848.108108;                        -25378257471735ns;         4s 333ms 588μs 134ns;2234.000000;0.000000
626;4f43d7;2000;329;10;        38s 158ms 944μs 648ns;3677.368421;                        -22195305447221ns;         3s 561ms 970μs 960ns;2237.000000;0.000000
245;1f3019;2000;346;10;        38s 773ms 825μs 858ns;3704.210526;                        -22757254210790ns;         3s 711ms 771μs 892ns;2236.000000;0.000000
625;4f234e;2000;345;10;        38s 201ms  88μs 627ns;3702.631579;                        -18459453676637ns;         3s 809ms 796μs 753ns;2237.000000;0.000000
624;4f033f;2000;330;10;        38s 247ms 333μs 682ns;3678.947368;                        -22457622271013ns;         3s 595ms 541μs 105ns;2236.000000;0.000000
623;4ee318;2000;322;10;        37s 727ms 322μs 956ns;3765.405405;                        -20585013182999ns;         3s 495ms 641μs 599ns;2236.000000;0.000000
622;4ec246;2000;363;10;        38s 444ms 863μs 674ns;3731.052632;                        -24598488237899ns;         4s  50ms 948μs 888ns;2236.000000;0.000000
621;4ea1d1;2000;350;10;        38s 528ms 665μs 125ns;3710.526316;                        -22533192713231ns;         3s 803ms 157μs 302ns;2236.000000;0.000000
620;4e82ac;2000;290;10;        37s 157ms 274μs 732ns;3713.513514;                        -16917615754355ns;         2s 877ms 509μs 870ns;2236.000000;0.000000
619;4e61d7;2000;363;10;        38s 518ms 182μs 616ns;3731.052632;                        -25409230594294ns;         4s 232ms 539μs 769ns;2236.000000;0.000000
618;4e4150;2000;353;10;        38s 260ms 477μs 289ns;3715.263158;                        -24691083302954ns;         4s   1ms 310μs  35ns;2234.000000;0.000000
617;4e212e;2000;337;10;        38s 222ms 276μs 936ns;3690.000000;                        -23476153990453ns;         3s 758ms 575μs 593ns;2234.000000;0.000000
616;4e005b;2000;368;10;        38s 681ms 426μs 462ns;3738.947368;                        -20713120071357ns;         4s  16ms 712μs 121ns;2234.000000;0.000000
615;4de0ec;2000;299;10;        37s 310ms 707μs  91ns;3728.108108;                        -17121897196503ns;         3s  16ms 331μs 897ns;2234.000000;0.000000
614;4dc0b9;2000;326;10;        39s 123ms 713μs 329ns;3578.461538;                        -17475910032484ns;         3s 498ms 831μs 180ns;2234.000000;0.000000
613;4da0cc;2000;305;10;        38s 680ms 276μs   5ns;3639.473684;                        -16513412911077ns;         3s 114ms 541μs 309ns;2234.000000;0.000000
612;4d805b;2000;346;10;        39s 664ms 328μs 618ns;3609.230769;                        -21172219300442ns;         3s 595ms 532μs 440ns;2234.000000;0.000000
611;4d6114;2000;293;10;        38s 433ms 941μs 950ns;3620.526316;                        -15470629267388ns;         2s 851ms 107μs 128ns;2234.000000;0.000000
610;4d40fb;2000;323;10;        38s 604ms 388μs 521ns;3667.894737;                        -16379473582625ns;         3s 452ms 598μs 541ns;2234.000000;0.000000
609;4d1fd8;2000;395;10;        40s  55ms 317μs 113ns;3592.500000;                        -19923761859415ns;         4s 609ms 492μs 349ns;2234.000000;0.000000
608;4cffa7;2000;331;10;        37s 642ms 730μs 647ns;3780.000000;                        -18532076591276ns;         3s 417ms 994μs 690ns;2234.000000;0.000000
607;4cdf3e;2000;344;10;        37s 999ms 141μs 420ns;3801.081081;                        -22277556982863ns;         3s 650ms 398μs 320ns;2234.000000;0.000000
606;4cbecb;2000;352;10;        37s 961ms 640μs  66ns;3814.054054;                        -23843518235744ns;         3s 943ms 353μs 124ns;2234.000000;0.000000
605;4c9dbc;2000;373;10;        38s 458ms 629μs 538ns;3746.842105;                        -24172888347176ns;         4s 303ms 945μs 776ns;2234.000000;0.000000
604;4c7e2d;2000;306;10;        37s 588ms 473μs   4ns;3739.459459;                        -16208836417296ns;         3s 236ms 761μs 300ns;2234.000000;0.000000
603;4c5d30;2000;373;10;        38s 632ms 155μs 298ns;3746.842105;                        -23352489937772ns;         4s  67ms 908μs 528ns;2234.000000;0.000000
602;4c3c83;2000;356;10;        38s 670ms 450μs 807ns;3720.000000;                        -21877365770940ns;         3s 781ms 270μs 195ns;2234.000000;0.000000
601;4c1bd4;2000;356;10;        38s 400ms 802μs 596ns;3720.000000;                        -27890304700642ns;         3s 917ms 453μs  24ns;2234.000000;0.000000
600;4bfb57;2000;348;10;        37s 976ms 148μs 800ns;3807.567568;                        -23866976728406ns;         3s 722ms 751μs 237ns;2234.000000;0.000000
599;4bd9a6;2000;405;10;        39s 338ms 609μs 620ns;3700.000000;                        -24905320705030ns;         4s 828ms 456μs 460ns;2234.000000;0.000000
598;4bb9f9;2000;324;10;        37s 570ms 353μs 926ns;3768.648649;                        -19119846940957ns;         3s 314ms 357μs 598ns;2234.000000;0.000000
597;4b9966;2000;358;10;        38s 787ms 266μs 621ns;3723.157895;                        -25122608083954ns;         3s 942ms 342μs 679ns;2234.000000;0.000000
596;4b790f;2000;341;10;        37s 974ms 766μs 909ns;3796.216216;                        -18976471788590ns;         3s 792ms 694μs 505ns;2235.000000;0.000000
595;4b57da;2000;391;10;        38s 617ms 663μs 727ns;3775.263158;                        -21808302760530ns;         4s 261ms 444μs 760ns;2234.000000;0.000000
594;4b37d5;2000;326;10;        37s 364ms 305μs 278ns;3771.891892;                        -18817561674744ns;         3s 373ms 902μs 845ns;2234.000000;0.000000
593;4b1722;2000;359;10;        37s 908ms 180μs 690ns;3825.405405;                        -19643448219177ns;         3s 585ms 845μs 234ns;2234.000000;0.000000
592;4af64b;2000;373;10;        38s 207ms 745μs  78ns;3746.842105;                        -24677785607477ns;         4s 201ms 525μs 526ns;2234.000000;0.000000
591;4ad5c2;2000;356;10;        38s  77ms 501μs 965ns;3720.000000;                        -20210020178505ns;         3s 768ms 616μs 262ns;2234.000000;0.000000
590;4ab507;2000;369;10;        38s 443ms 514μs  91ns;3740.526316;                        -26071478394314ns;         4s 275ms 570μs 482ns;2234.000000;0.000000
589;4a94b6;2000;339;10;        37s 891ms 884μs 781ns;3792.972973;                        -19802015387640ns;         3s 794ms 464μs 789ns;2234.000000;0.000000
588;4a7417;2000;364;10;        38s 438ms  78μs 997ns;3732.631579;                        -23943725293456ns;         4s 257ms 341μs 288ns;2234.000000;0.000000
587;4a5388;2000;357;10;        37s 812ms  86μs 564ns;3822.162162;                        -24830592570218ns;         4s  34ms 542μs 822ns;2234.000000;0.000000
586;4a338b;2000;318;10;        37s 656ms 287μs 233ns;3758.918919;                        -14980721901724ns;         3s 349ms  90μs 877ns;2234.000000;0.000000
585;4a135a;2000;329;10;        37s 716ms 399μs 348ns;3776.756757;                        -19325521303568ns;         3s 531ms 616μs 520ns;2234.000000;0.000000
584;49f2d9;2000;351;10;        37s 846ms 782μs 603ns;3812.432432;                        -20509756116170ns;         3s 873ms  71μs 545ns;2234.000000;0.000000
583;49d258;2000;354;10;        38s 194ms 951μs 674ns;3716.842105;                        -26489074954725ns;         3s 798ms 433μs 337ns;2234.000000;0.000000
582;49b2a9;2000;315;10;        37s 426ms 318μs 149ns;3754.054054;                        -19157895316613ns;         3s 212ms 417μs 422ns;2234.000000;0.000000
581;4992a6;2000;327;10;        37s 832ms 660μs  20ns;3773.513514;                        -18504494342942ns;         3s 455ms 555μs 583ns;2234.000000;0.000000
580;49726d;2000;342;10;        37s 786ms 281μs 256ns;3797.837838;                        -23597171171230ns;         3s 648ms 574μs 746ns;2234.000000;0.000000
579;49518c;2000;366;10;        38s 475ms 337μs 993ns;3735.789474;                        -26070783401477ns;         4s 152ms 702μs 306ns;2234.000000;0.000000
578;493127;2000;345;10;        38s 119ms 605μs 663ns;3702.631579;                        -22191573765172ns;         3s 659ms 309μs 607ns;2234.000000;0.000000
577;4910ee;2000;338;10;        38s 807ms 914μs  93ns;3691.578947;                        -18958285930933ns;         3s 371ms 923μs 716ns;2234.000000;0.000000
576;48f029;2000;365;10;        38s 218ms 843μs 518ns;3734.210526;                        -17381659986054ns;         3s 625ms 265μs 562ns;2234.000000;0.000000
575;48cfbc;2000;349;10;        39s 169ms 992μs 425ns;3613.846154;                        -24059796530690ns;         4s  14ms 738μs 754ns;2234.000000;0.000000
574;48afd3;2000;323;10;        37s 547ms 376μs 618ns;3767.027027;                        -23773337315049ns;         3s 576ms 900μs 610ns;2234.000000;0.000000
573;488fae;2000;339;10;        37s 690ms 602μs 948ns;3792.972973;                        -23607970738016ns;         3s 804ms 945μs 367ns;2234.000000;0.000000
572;486fc1;2000;329;10;        37s 722ms 756μs 870ns;3776.756757;                        -18193391543802ns;         3s 417ms  80μs  24ns;2234.000000;0.000000
571;484fe2;2000;322;10;        38s  51ms 719μs 298ns;3666.315789;                        -18799034926324ns;         3s 460ms 441μs 342ns;2234.000000;0.000000
570;482f8d;2000;338;10;        37s 735ms 101μs 771ns;3791.351351;                        -18393671976279ns;         3s 557ms 590μs 575ns;2234.000000;0.000000
569;480fc4;2000;318;10;        37s 266ms 126μs 460ns;3758.918919;                        -16058388002606ns;         3s 222ms 536μs 291ns;2234.000000;0.000000
568;47eedd;2000;370;10;        38s 625ms 133μs 423ns;3742.105263;                        -25180999496460ns;         4s 189ms 169μs 498ns;2234.000000;0.000000
567;47cec8;2000;332;10;        37s 922ms  97μs 362ns;3781.621622;                        -18434574989429ns;         3s 367ms 497μs 277ns;2234.000000;0.000000
566;47ae33;2000;357;10;        38s 260ms 292μs  13ns;3721.578947;                        -22319840126066ns;         3s 839ms  54μs 958ns;2234.000000;0.000000
565;478d36;2000;376;10;        38s 324ms 386μs  62ns;3751.578947;                        -23758697648204ns;         4s  15ms 503μs 827ns;2234.000000;0.000000
564;476db5;2000;308;10;        37s 237ms 569μs 240ns;3742.702703;                        -17508149286051ns;         3s 109ms 967μs 875ns;2234.000000;0.000000
563;474d04;2000;360;10;        38s 426ms  76μs 909ns;3726.315789;                        -19566182705301ns;         3s 863ms 139μs 831ns;2234.000000;0.000000
562;472d07;2000;324;10;        37s 598ms 229μs 648ns;3768.648649;                        -18211380971955ns;         3s 434ms 639μs 115ns;2234.000000;0.000000
561;470d3c;2000;323;10;        37s 714ms 563μs 794ns;3767.027027;                        -19321203947335ns;         3s 477ms 977μs 394ns;2234.000000;0.000000
560;46edb1;2000;305;10;        37s 843ms 641μs 134ns;3737.837838;                        -21416840926934ns;         3s 251ms 615μs 886ns;2234.000000;0.000000
559;46ccd8;2000;368;10;        38s 566ms  43μs 589ns;3738.947368;                        -21386040081689ns;         4s  38ms 378μs 629ns;2234.000000;0.000000
558;46ac69;2000;340;10;        37s 676ms 874μs 949ns;3794.594595;                        -18352399589385ns;         3s 520ms 164μs 839ns;2234.000000;0.000000
557;468c7a;2000;322;10;        37s 672ms 550μs 583ns;3765.405405;                        -19872604066323ns;         3s 445ms 510μs 106ns;2234.000000;0.000000
556;466c69;2000;336;10;        38s 317ms 559μs 725ns;3688.421053;                        -23043131399362ns;         3s 491ms 930μs  20ns;2234.000000;0.000000
555;464c6e;2000;326;10;        37s 905ms 203μs 152ns;3771.891892;                        -25618780632047ns;         3s 681ms  70μs 338ns;2234.000000;0.000000
554;462c2b;2000;341;10;        37s 750ms 378μs 950ns;3796.216216;                        -22441255940948ns;         3s 846ms 864μs 625ns;2234.000000;0.000000
553;460c0a;2000;328;10;        38s   3ms 126μs  49ns;3675.789474;                        -18986735479593ns;         3s 506ms 143μs 732ns;2234.000000;0.000000
552;45ec02;2000;327;10;        37s 548ms 920μs 960ns;3773.513514;                        -18166934382439ns;         3s 424ms 620μs 726ns;2234.000000;0.000000
551;45cafb;2000;383;10;        38s 735ms 484μs 524ns;3762.631579;                        -23650686703727ns;         4s  22ms 144μs 877ns;2234.000000;0.000000
550;45aac8;2000;338;10;        37s 854ms 984μs  96ns;3791.351351;                        -23281415049086ns;         3s 818ms 312μs 858ns;2234.000000;0.000000
549;458a8f;2000;337;10;        37s 594ms 200μs 189ns;3789.729730;                        -25206615326730ns;         3s 708ms 183μs 898ns;2234.000000;0.000000
548;456996;2000;381;10;        38s 535ms 800μs 851ns;3759.473684;                        -25275745921926ns;         4s 231ms 608μs 297ns;2234.000000;0.000000
547;4549ef;2000;310;10;        37s 449ms 124μs  66ns;3745.945946;                        -18567246606252ns;         3s 265ms 526μs 116ns;2234.000000;0.000000
546;4529d4;2000;339;10;        37s 795ms 966μs 404ns;3792.972973;                        -15872020920077ns;         3s 661ms 821μs 927ns;2234.000000;0.000000
545;4509e9;2000;304;10;        37s 318ms 119μs 316ns;3736.216216;                        -18889151231693ns;         3s  98ms  96μs 381ns;2234.000000;0.000000
544;44e9c8;2000;334;10;        37s 463ms 143μs 576ns;3784.864865;                        -16999146958385ns;         3s 571ms 643μs 129ns;2234.000000;0.000000
543;44c93d;2000;350;10;        38s   1ms 270μs 284ns;3710.526316;                        -21782603929347ns;         3s 796ms 618μs 908ns;2234.000000;0.000000
542;44a914;2000;334;10;        38s  53ms 391μs  24ns;3685.263158;                        -23300022740541ns;         3s 778ms 139μs 874ns;2234.000000;0.000000
541;448905;2000;330;10;        37s 733ms 487μs 126ns;3778.378378;                        -19218965823281ns;         3s 639ms 873μs 963ns;2234.000000;0.000000
540;4468b4;2000;339;10;        37s 926ms 313μs 825ns;3792.972973;                        -24338799313745ns;         3s 725ms 649μs 552ns;2234.000000;0.000000
539;44481b;2000;359;10;        37s 930ms 780μs 983ns;3825.405405;                        -18436147411915ns;         3s 832ms 176μs 307ns;2234.000000;0.000000
538;442838;2000;324;10;        38s  99ms 212μs 851ns;3669.473684;                        -23114448851570ns;         3s 525ms 171μs 883ns;2234.000000;0.000000
537;4406ef;2000;393;10;        39s 907ms 617μs 933ns;3681.538462;                        -21910957113758ns;         4s 227ms  62μs 459ns;2234.000000;0.000000
536;43e5ea;2000;380;10;        39s 551ms 245μs 776ns;3661.538462;                        -26594896929726ns;         4s 171ms 841μs 114ns;2234.000000;0.000000
535;43c621;2000;331;10;        37s 613ms 406μs 980ns;3780.000000;                        -21940026538261ns;         3s 506ms 445μs 271ns;2234.000000;0.000000
534;43a67a;2000;312;10;        37s 667ms 757μs 699ns;3749.189189;                        -20458984510370ns;         3s  62ms 689μs 753ns;2234.000000;0.000000
533;438615;2000;344;10;        38s 141ms  71μs 778ns;3701.052632;                        -24540101622826ns;         3s 788ms 981μs 361ns;2234.000000;0.000000
532;4365b0;2000;348;10;        37s 679ms 155μs 858ns;3807.567568;                        -20412895742182ns;         3s 907ms 847μs 262ns;2234.000000;0.000000
531;4345bb;2000;335;10;        37s 794ms 445μs 546ns;3786.486486;                        -21071547533594ns;         3s 379ms 639μs 693ns;2234.000000;0.000000
530;4325d2;2000;321;10;        37s 353ms 322μs 343ns;3763.783784;                        -16791816848840ns;         3s 355ms 964μs 244ns;2234.000000;0.000000
529;430653;2000;306;10;        37s 341ms 574μs 697ns;3739.459459;                        -18007293595541ns;         3s 160ms 517μs 176ns;2234.000000;0.000000
528;42e65e;2000;326;10;        37s 680ms 129μs 510ns;3771.891892;                        -21695194538734ns;         3s 417ms 758μs 523ns;2234.000000;0.000000
527;42c569;2000;372;10;        38s 140ms 732μs 616ns;3745.263158;                        -21810583148205ns;         4s 120ms 708μs 700ns;2234.000000;0.000000
526;42a4c6;2000;358;10;        37s 991ms 461μs 337ns;3823.783784;                        -21395921580674ns;         3s 918ms 499μs 743ns;2234.000000;0.000000
525;428385;2000;390;10;        38s 351ms 394μs 509ns;3773.684211;                        -24046029929207ns;         3s 930ms 360μs 593ns;2236.000000;0.000000
524;42633e;2000;339;10;        37s 413ms 525μs 478ns;3792.972973;                        -23202699236759ns;         3s 712ms 542μs 813ns;2234.000000;0.000000
523;424349;2000;328;10;        37s 484ms 137μs 738ns;3775.135135;                        -23035498921017ns;         3s 445ms 532μs  87ns;2234.000000;0.000000
522;42221d;2000;380;10;        39s  16ms 892μs 226ns;3661.538462;                        -24943569514783ns;         4s  33ms 223μs 588ns;2234.000000;0.000000
521;4201a6;2000;341;10;        37s 748ms 467μs 726ns;3796.216216;                        -22902389851645ns;         3s 766ms 535μs 555ns;2234.000000;0.000000
520;41e171;2000;338;10;        38s 867ms 537μs 467ns;3691.578947;                        -19653582515969ns;         3s 757ms 130μs  25ns;2234.000000;0.000000
519;41c0aa;2000;367;10;        38s 123ms 125μs 399ns;3737.368421;                        -21836935784390ns;         4s  32ms  62μs 256ns;2234.000000;0.000000
518;41a0b1;2000;322;10;        37s 132ms 366μs 753ns;3765.405405;                        -15387951846180ns;         3s 302ms 259μs 923ns;2234.000000;0.000000
517;418054;2000;341;10;        37s 829ms 422μs 923ns;3796.216216;                        -23982209672375ns;         3s 795ms 670μs 673ns;2234.000000;0.000000
516;4160c1;2000;305;10;        37s 301ms 544μs  65ns;3737.837838;                        -16328227255496ns;         2s 947ms 272μs 753ns;2234.000000;0.000000
515;41402e;2000;352;10;        38s  14ms 792μs  41ns;3713.684211;                        -19525651307700ns;         3s 862ms 853μs 154ns;2234.000000;0.000000
514;411fd7;2000;344;10;        37s 480ms 582μs 721ns;3801.081081;                        -19590095805535ns;         3s 787ms 139μs 520ns;2234.000000;0.000000
513;40ffba;2000;335;10;        37s 751ms 125μs 537ns;3786.486486;                        -24306204213800ns;         3s 788ms  93μs 929ns;2234.000000;0.000000
512;40df6b;2000;339;10;        37s 432ms  89μs 243ns;3792.972973;                        -19900204560779ns;         3s 703ms 150μs 895ns;2234.000000;0.000000
511;40bf72;2000;319;10;        36s 855ms 189μs 228ns;3865.000000;                        -18420042068488ns;         3s 372ms 580μs 541ns;2236.000000;0.000000
510;409e79;2000;373;10;        38s 359ms  69μs 834ns;3746.842105;                        -27938633662895ns;         4s 261ms 207μs 858ns;2234.000000;0.000000
509;407e3e;2000;344;10;        37s 685ms 748μs 499ns;3801.081081;                        -22842430719930ns;         3s 859ms  56μs 616ns;2234.000000;0.000000
508;405dd1;2000;350;10;        37s 810ms 884μs 912ns;3810.810811;                        -20883099440777ns;         3s 902ms 140μs 483ns;2234.000000;0.000000
507;403d86;2000;348;10;        39s 100ms 151μs 675ns;3612.307692;                        -23884083779718ns;         3s 829ms 910μs 932ns;2234.000000;0.000000
506;401c4d;2000;393;10;        40s  69ms 134μs 165ns;3589.500000;                        -28491543013071ns;         4s 503ms 241μs 443ns;2234.000000;0.000000
505;3ffbd6;2000;355;10;        37s 988ms  24μs 597ns;3818.918919;                        -26513088468086ns;         4s  44ms 158μs 716ns;2234.000000;0.000000
504;3fdb19;2000;370;10;        38s 351ms 669μs 431ns;3742.105263;                        -27417545780852ns;         4s 219ms 933μs 972ns;2236.000000;0.000000
503;3fbaa4;2000;346;10;        37s 705ms 320μs 224ns;3804.324324;                        -21178449775169ns;         3s 584ms 955μs 188ns;2236.000000;0.000000
502;3f9a47;2000;344;10;        37s 765ms 267μs 479ns;3801.081081;                        -22552784353926ns;         3s 745ms 942μs 707ns;2235.000000;0.000000
501;3f7938;2000;372;10;        37s 802ms 786μs 409ns;3846.486486;                        -25774376734721ns;         4s 364ms 768μs 770ns;2235.000000;0.000000
500;3f5795;2000;405;10;        38s 462ms 146μs 385ns;3797.368421;                        -32566716256252ns;         4s 726ms 330μs 886ns;2235.000000;0.000000
499;3f3786;2000;336;10;        37s 665ms  13μs 229ns;3788.108108;                        -25620644652360ns;         3s 893ms 873μs 669ns;2234.000000;0.000000
498;3f17c3;2000;321;10;        38s  56ms 335μs 275ns;3664.736842;                        -21120395556845ns;         3s 537ms 508μs 125ns;2234.000000;0.000000
497;3ef7f8;2000;324;10;        37s   1ms 181μs 505ns;3768.648649;                        -18077817376643ns;         3s 334ms 112μs   5ns;2234.000000;0.000000
496;3ed7bd;2000;344;10;        37s 585ms 685μs 822ns;3801.081081;                        -18736232239299ns;         3s 755ms 576μs 193ns;2234.000000;0.000000
495;3eb76c;2000;340;10;        37s 712ms  46μs 780ns;3794.594595;                        -19310139091968ns;         3s 624ms 644μs 230ns;2234.000000;0.000000
494;3e960d;2000;399;10;        38s 960ms 488μs 903ns;3787.894737;                        -23342515229430ns;         4s  76ms 784μs 546ns;2234.000000;0.000000
493;3e759c;2000;356;10;        37s 982ms 351μs  61ns;3820.540541;                        -20795151739551ns;         3s 826ms  97μs 454ns;2234.000000;0.000000
492;3e5419;2000;396;10;        38s 399ms  75μs 426ns;3783.157895;                        -22569965291060ns;         4s 347ms       837ns;2236.000000;0.000000
491;3e339d;2000;349;10;        37s 210ms 509μs 505ns;3809.189189;                        -22206580445805ns;         3s 864ms 551μs 281ns;2234.000000;0.000000
490;3e13a2;2000;338;10;        37s 634ms 250μs 600ns;3791.351351;                        -23124794252438ns;         3s 840ms 270μs 770ns;2234.000000;0.000000
489;3df313;2000;361;10;        37s 783ms 182μs 742ns;3828.648649;                        -25860190843126ns;         3s 973ms 656μs 164ns;2234.000000;0.000000
488;3dd30c;2000;339;10;        37s 349ms 473μs  38ns;3792.972973;                        -23109858114367ns;         3s 639ms 195μs 474ns;2234.000000;0.000000
487;3db239;2000;373;10;        37s 945ms 744μs 182ns;3848.108108;                        -24383994626257ns;         4s  11ms 657μs 191ns;2235.000000;0.000000
486;3d911e;2000;382;10;        38s 657ms 879μs 597ns;3761.052632;                        -25623753064118ns;         4s 195ms  63μs 843ns;2234.000000;0.000000
485;3d6fc7;2000;378;10;        38s 285ms 211μs 651ns;3754.736842;                        -24594676826007ns;         4s 297ms  22μs 554ns;2234.000000;0.000000
484;3d5062;2000;305;10;        37s 288ms 536μs 525ns;3737.837838;                        -17925002280758ns;         3s 209ms 433μs 621ns;2234.000000;0.000000
483;3d308f;2000;321;10;        37s 422ms  62μs 897ns;3763.783784;                        -20811756417214ns;         3s 211ms  22μs 265ns;2234.000000;0.000000
482;3d1073;2000;331;10;        37s 293ms  91μs 811ns;3780.000000;                        -24537119715728ns;         3s 700ms 468μs 281ns;2234.000000;0.000000
481;3cf00a;2000;348;10;        37s 981ms  20μs 326ns;3807.567568;                        -24627440579032ns;         3s 679ms 997μs 724ns;2234.000000;0.000000
480;3ccfc5;2000;347;10;        38s  98ms 886μs 450ns;3705.789474;                        -23281637962326ns;         3s 881ms  76μs 583ns;2234.000000;0.000000
479;3caf20;2000;357;10;        37s 762ms 639μs 928ns;3822.162162;                        -26414808488736ns;         4s  48ms 106μs 464ns;2234.000000;0.000000
478;3c8f85;2000;311;10;        37s 239ms 798μs 677ns;3747.567568;                        -19516027204291ns;         3s 237ms 710μs 240ns;2234.000000;0.000000
477;3c6eb2;2000;360;10;        37s 776ms 815μs 397ns;3827.027027;                        -22876685991455ns;         4s  79ms  37μs 803ns;2234.000000;0.000000
476;3c4eb7;2000;325;10;        37s 488ms 207μs 608ns;3770.270270;                        -21033255242155ns;         3s 416ms 595μs 720ns;2234.000000;0.000000
475;3c2efc;2000;314;10;        36s 907ms 263μs 134ns;3856.666667;                        -16465646574054ns;         3s 167ms 316μs 143ns;2234.000000;0.000000
474;3c0ef5;2000;329;10;        37s 544ms 826μs 291ns;3776.756757;                        -21265230043326ns;         3s 469ms  48μs 688ns;2234.000000;0.000000
473;3beee8;2000;334;10;        37s 677ms 376μs 779ns;3784.864865;                        -22577472897224ns;         3s 634ms 788μs 710ns;2234.000000;0.000000
472;3bcf21;2000;323;10;        37s 378ms 737μs 743ns;3767.027027;                        -19949146011998ns;         3s 222ms 485μs 943ns;2234.000000;0.000000
471;3baf8c;2000;315;10;        37s 419ms 458μs 718ns;3754.054054;                        -18644969811644ns;         3s 130ms 951μs 482ns;2234.000000;0.000000
470;3b8fd7;2000;318;10;        37s 108ms 289μs 279ns;3758.918919;                        -20809303323801ns;         3s 302ms 215μs 629ns;2234.000000;0.000000
469;3b6f80;2000;341;10;        37s 640ms 735μs 284ns;3796.216216;                        -19518277447559ns;         3s 725ms 242μs  12ns;2234.000000;0.000000
468;3b4ff7;2000;311;10;        37s 410ms 215μs 619ns;3747.567568;                        -18945785837868ns;         3s 295ms 208μs 532ns;2234.000000;0.000000
467;3b2f98;2000;349;10;        37s 948ms 857μs  57ns;3809.189189;                        -21608475712639ns;         3s 784ms 638μs 125ns;2234.000000;0.000000
466;3b0f27;2000;352;10;        38s 354ms 930μs 415ns;3713.684211;                        -21578580553549ns;         4s  51ms 795μs 443ns;2234.000000;0.000000
465;3aee76;2000;358;10;        37s 913ms 655μs 421ns;3823.783784;                        -17486057311192ns;         3s 769ms 337μs 873ns;2234.000000;0.000000
464;3ace69;2000;329;10;        37s 224ms 728μs  93ns;3776.756757;                        -19880592766707ns;         3s 441ms 874μs 852ns;2234.000000;0.000000
463;3aadea;2000;357;10;        37s 864ms 721μs 833ns;3822.162162;                        -20180466562020ns;         3s 825ms 557μs 412ns;2234.000000;0.000000
462;3a8da1;2000;345;10;        37s 804ms 171μs 817ns;3802.702703;                        -19470307434127ns;         3s 753ms 110μs 726ns;2234.000000;0.000000
461;3a6d12;2000;353;10;        38s 152ms 458μs 376ns;3715.263158;                        -26408342391467ns;         4s 250ms 539μs 447ns;2234.000000;0.000000
460;3a4c63;2000;369;10;        38s 185ms 910μs 752ns;3740.526316;                        -25156635855656ns;         4s 377ms 148μs 515ns;2234.000000;0.000000
459;3a2c77;2000;326;10;        37s 670ms 337μs 193ns;3771.891892;                        -20713170189777ns;         3s 444ms 905μs 733ns;2234.000000;0.000000
458;3a0c50;2000;336;10;        37s 857ms 183μs 761ns;3788.108108;                        -24421154425713ns;         3s 777ms 801μs  91ns;2234.000000;0.000000
457;39ec71;2000;330;10;        38s 384ms 762μs 264ns;3678.947368;                        -22305272736874ns;         3s 638ms 822μs 905ns;2234.000000;0.000000
456;39cbba;2000;367;10;        39s 343ms 525μs 464ns;3641.538462;                        -22489687421595ns;         4s  29ms 644μs  21ns;2234.000000;0.000000
455;39aa87;2000;391;10;        38s 550ms 894μs 810ns;3775.263158;                        -24116649113918ns;         4s 367ms 761μs 583ns;2234.000000;0.000000
454;398a1c;2000;355;10;        37s 942ms 800μs 648ns;3818.918919;                        -20447032656157ns;         3s 699ms 268μs 917ns;2234.000000;0.000000
453;39695f;2000;369;10;        38s 471ms 118μs 145ns;3740.526316;                        -24067942930721ns;         4s 308ms 865μs 172ns;2234.000000;0.000000
452;394974;2000;325;10;        37s 455ms  10μs 106ns;3770.270270;                        -18526808543908ns;         3s 463ms  21μs 461ns;2234.000000;0.000000
451;392989;2000;333;10;        37s 584ms 158μs 548ns;3783.243243;                        -20904740360120ns;         3s 643ms 157μs 109ns;2234.000000;0.000000
450;390920;2000;355;10;        37s 681ms  53μs  59ns;3818.918919;                        -22589735933986ns;         3s 824ms 410μs 746ns;2234.000000;0.000000
449;38e8ad;2000;360;10;        37s 803ms 626μs 535ns;3827.027027;                        -22807809316801ns;         3s 955ms 790μs 752ns;2234.000000;0.000000
448;38c88e;2000;333;10;        37s 505ms 833μs 235ns;3783.243243;                        -20626662988521ns;         3s 693ms 752μs 288ns;2234.000000;0.000000
447;38a893;2000;329;10;        37s 699ms 446μs 762ns;3776.756757;                        -24193856343092ns;         3s 743ms 166μs  26ns;2234.000000;0.000000
