ID;Parent ID;Generation ID;Derived Inputs;Derived Fails;Flags;Generation Time;Generation Length;Trimmed Length;Execution Time;Primary Score;Relative Primary Score;Secondary Score;Relative Secondary Score;Exit Code;Exit Reason;Result;Individual Primary;Individual Secondary;Retries;Test Number
9e7bb;9b17a;9d9a7;0;0;0000000000000070;        37s  61ms 977μs 103ns;276;148;             11ms  31μs 496ns;123.000000;1.203252;0.000000;inf;3;1;Failing;2.000000,3.000000,4.000000,5.000000,6.000000,7.000000,8.000000,9.000000,10.000000,11.000000,12.000000,13.000000,14.000000,15.000000,16.000000,17.000000,18.000000,19.000000,20.000000,21.000000,22.000000,23.000000,24.000000,25.000000,26.000000,27.000000,28.000000,29.000000,30.000000,31.000000,32.000000,33.000000,34.000000,35.000000,36.000000,37.000000,38.000000,39.000000,40.000000,41.000000,42.000000,43.000000,44.000000,45.000000,46.000000,47.000000,48.000000,49.000000,50.000000,51.000000,52.000000,53.000000,54.000000,55.000000,56.000000,57.000000,58.000000,59.000000,60.000000,61.000000,62.000000,63.000000,64.000000,65.000000,66.000000,67.000000,68.000000,69.000000,70.000000,71.000000,72.000000,72.000000,73.000000,74.000000,75.000000,75.000000,76.000000,77.000000,78.000000,79.000000,80.000000,81.000000,82.000000,83.000000,84.000000,85.000000,86.000000,87.000000,88.000000,89.000000,90.000000,91.000000,92.000000,93.000000,94.000000,94.000000,95.000000,96.000000,97.000000,98.000000,99.000000,100.000000,101.000000,102.000000,103.000000,104.000000,105.000000,106.000000,107.000000,108.000000,109.000000,110.000000,111.000000,112.000000,113.000000,114.000000,115.000000,116.000000,117.000000,118.000000,119.000000,120.000000,121.000000,121.000000,121.000000,122.000000,123.000000,123.000000,123.000000,123.000000,123.000000,123.000000,123.000000,123.000000,123.000000,123.000000,123.000000,123.000000,123.000000,123.000000,123.000000,123.000000,123.000000,123.000000,123.000000,123.000000;;0;29832
9e939;9d27e;9d9a7;0;0;0000000000000070;        37s 117ms 571μs 185ns;293;138;              9ms 846μs 839ns;120.000000;1.150000;0.000000;inf;3;1;Failing;2.000000,3.000000,4.000000,5.000000,6.000000,7.000000,8.000000,9.000000,10.000000,11.000000,12.000000,13.000000,14.000000,15.000000,16.000000,17.000000,18.000000,19.000000,20.000000,21.000000,22.000000,23.000000,24.000000,25.000000,26.000000,27.000000,28.000000,29.000000,30.000000,31.000000,32.000000,33.000000,34.000000,35.000000,36.000000,37.000000,38.000000,39.000000,40.000000,41.000000,42.000000,43.000000,44.000000,45.000000,46.000000,47.000000,48.000000,49.000000,50.000000,51.000000,52.000000,53.000000,54.000000,55.000000,56.000000,57.000000,58.000000,59.000000,60.000000,61.000000,62.000000,63.000000,64.000000,65.000000,66.000000,67.000000,68.000000,69.000000,70.000000,71.000000,72.000000,72.000000,73.000000,74.000000,75.000000,75.000000,76.000000,77.000000,78.000000,79.000000,80.000000,81.000000,82.000000,83.000000,84.000000,85.000000,86.000000,87.000000,88.000000,89.000000,90.000000,91.000000,92.000000,93.000000,94.000000,94.000000,95.000000,96.000000,97.000000,98.000000,99.000000,100.000000,101.000000,102.000000,103.000000,104.000000,105.000000,106.000000,107.000000,108.000000,109.000000,110.000000,111.000000,112.000000,113.000000,114.000000,115.000000,116.000000,117.000000,118.000000,119.000000,120.000000,120.000000,120.000000,120.000000,120.000000,120.000000,120.000000,120.000000,120.000000,120.000000,120.000000,120.000000,120.000000,120.000000,120.000000;;0;29858
9c6c9;971ce;97c73;0;0;0000000000000070;        36s 293ms 276μs 489ns;295;135;              8ms 715μs 748ns;120.000000;1.125000;0.000000;inf;3;1;Failing;2.000000,3.000000,4.000000,5.000000,6.000000,7.000000,8.000000,9.000000,10.000000,11.000000,12.000000,13.000000,14.000000,15.000000,16.000000,17.000000,18.000000,19.000000,20.000000,21.000000,22.000000,23.000000,24.000000,25.000000,26.000000,27.000000,28.000000,29.000000,30.000000,31.000000,32.000000,33.000000,34.000000,35.000000,36.000000,37.000000,38.000000,39.000000,40.000000,41.000000,42.000000,43.000000,44.000000,45.000000,46.000000,47.000000,48.000000,49.000000,50.000000,51.000000,52.000000,53.000000,54.000000,55.000000,56.000000,57.000000,58.000000,59.000000,60.000000,61.000000,62.000000,63.000000,64.000000,65.000000,66.000000,67.000000,68.000000,69.000000,70.000000,71.000000,72.000000,72.000000,73.000000,74.000000,75.000000,75.000000,76.000000,77.000000,78.000000,79.000000,80.000000,81.000000,82.000000,83.000000,84.000000,85.000000,86.000000,87.000000,88.000000,89.000000,90.000000,91.000000,92.000000,93.000000,94.000000,94.000000,95.000000,96.000000,97.000000,98.000000,99.000000,100.000000,101.000000,102.000000,103.000000,104.000000,105.000000,106.000000,107.000000,108.000000,109.000000,110.000000,111.000000,112.000000,113.000000,114.000000,115.000000,116.000000,117.000000,118.000000,118.000000,118.000000,119.000000,119.000000,119.000000,120.000000,120.000000,120.000000,120.000000,120.000000,120.000000,120.000000,120.000000;;0;29443
97c79;92e57;97c73;0;0;0000000000000070;        34s 775ms 789μs 918ns;238;134;             10ms 781μs 316ns;123.000000;1.089431;0.000000;inf;3;1;Failing;2.000000,3.000000,4.000000,5.000000,6.000000,7.000000,8.000000,9.000000,10.000000,11.000000,12.000000,13.000000,14.000000,15.000000,16.000000,17.000000,18.000000,19.000000,20.000000,21.000000,22.000000,23.000000,24.000000,25.000000,26.000000,27.000000,28.000000,29.000000,30.000000,31.000000,32.000000,33.000000,34.000000,35.000000,36.000000,37.000000,38.000000,39.000000,40.000000,41.000000,42.000000,43.000000,44.000000,45.000000,46.000000,47.000000,48.000000,49.000000,50.000000,51.000000,52.000000,53.000000,54.000000,55.000000,56.000000,57.000000,58.000000,59.000000,60.000000,61.000000,62.000000,63.000000,64.000000,65.000000,66.000000,67.000000,68.000000,69.000000,70.000000,71.000000,72.000000,72.000000,73.000000,74.000000,75.000000,75.000000,76.000000,77.000000,78.000000,79.000000,80.000000,81.000000,82.000000,83.000000,84.000000,85.000000,86.000000,87.000000,88.000000,89.000000,90.000000,91.000000,92.000000,93.000000,94.000000,95.000000,96.000000,97.000000,98.000000,99.000000,100.000000,101.000000,102.000000,103.000000,104.000000,105.000000,106.000000,107.000000,108.000000,109.000000,110.000000,111.000000,112.000000,113.000000,114.000000,115.000000,116.000000,116.000000,116.000000,117.000000,118.000000,119.000000,120.000000,121.000000,122.000000,122.000000,122.000000,123.000000,123.000000,123.000000,123.000000,123.000000;;0;28596
9fb8c;9b17a;9d9a7;0;0;0000000000000070;        37s 479ms 678μs 224ns;320;134;             10ms  85μs 140ns;123.000000;1.089431;0.000000;inf;3;1;Failing;2.000000,3.000000,4.000000,5.000000,6.000000,7.000000,8.000000,9.000000,10.000000,11.000000,12.000000,13.000000,14.000000,15.000000,16.000000,17.000000,18.000000,19.000000,20.000000,21.000000,22.000000,23.000000,24.000000,25.000000,26.000000,27.000000,28.000000,29.000000,30.000000,31.000000,32.000000,33.000000,34.000000,35.000000,36.000000,37.000000,38.000000,39.000000,40.000000,41.000000,42.000000,43.000000,44.000000,45.000000,46.000000,47.000000,48.000000,49.000000,50.000000,51.000000,52.000000,53.000000,54.000000,55.000000,56.000000,57.000000,58.000000,59.000000,60.000000,61.000000,62.000000,63.000000,64.000000,65.000000,66.000000,67.000000,68.000000,69.000000,70.000000,71.000000,72.000000,72.000000,73.000000,74.000000,75.000000,75.000000,76.000000,77.000000,78.000000,79.000000,80.000000,81.000000,82.000000,83.000000,84.000000,85.000000,86.000000,87.000000,88.000000,89.000000,90.000000,91.000000,92.000000,93.000000,94.000000,94.000000,95.000000,96.000000,97.000000,98.000000,99.000000,100.000000,101.000000,102.000000,103.000000,104.000000,105.000000,106.000000,107.000000,108.000000,109.000000,110.000000,111.000000,112.000000,113.000000,114.000000,115.000000,116.000000,117.000000,118.000000,119.000000,120.000000,121.000000,122.000000,122.000000,122.000000,122.000000,122.000000,123.000000,123.000000,123.000000,123.000000;;0;30052
a037a;9d27e;9d9a7;0;0;0000000000000070;        37s 597ms 831μs 985ns;322;134;              9ms 147μs 600ns;121.000000;1.107438;0.000000;inf;3;1;Failing;2.000000,3.000000,4.000000,5.000000,6.000000,7.000000,8.000000,9.000000,10.000000,11.000000,12.000000,13.000000,14.000000,15.000000,16.000000,17.000000,18.000000,19.000000,20.000000,21.000000,22.000000,23.000000,24.000000,25.000000,26.000000,27.000000,28.000000,29.000000,30.000000,31.000000,32.000000,33.000000,34.000000,35.000000,36.000000,37.000000,38.000000,39.000000,40.000000,41.000000,42.000000,43.000000,44.000000,45.000000,46.000000,47.000000,48.000000,49.000000,50.000000,51.000000,52.000000,53.000000,54.000000,55.000000,56.000000,57.000000,58.000000,59.000000,60.000000,61.000000,62.000000,63.000000,64.000000,65.000000,66.000000,67.000000,68.000000,69.000000,70.000000,71.000000,72.000000,72.000000,73.000000,74.000000,75.000000,75.000000,76.000000,77.000000,78.000000,79.000000,80.000000,81.000000,82.000000,83.000000,84.000000,85.000000,86.000000,87.000000,88.000000,89.000000,90.000000,91.000000,92.000000,93.000000,94.000000,94.000000,95.000000,96.000000,97.000000,98.000000,99.000000,100.000000,101.000000,102.000000,103.000000,104.000000,105.000000,106.000000,107.000000,108.000000,109.000000,110.000000,111.000000,112.000000,113.000000,114.000000,115.000000,116.000000,117.000000,118.000000,119.000000,120.000000,120.000000,120.000000,121.000000,121.000000,121.000000,121.000000,121.000000,121.000000,121.000000,121.000000;;0;30146
9aa69;95671;97c73;0;0;0000000000000070;        35s 841ms 583μs 276ns;307;134;              9ms 220μs 892ns;120.000000;1.116667;0.000000;inf;3;1;Failing;2.000000,3.000000,4.000000,5.000000,6.000000,7.000000,8.000000,9.000000,10.000000,11.000000,12.000000,13.000000,14.000000,15.000000,16.000000,17.000000,18.000000,19.000000,20.000000,21.000000,22.000000,23.000000,24.000000,25.000000,26.000000,27.000000,28.000000,29.000000,30.000000,31.000000,32.000000,33.000000,34.000000,35.000000,36.000000,37.000000,38.000000,39.000000,40.000000,41.000000,42.000000,43.000000,44.000000,45.000000,46.000000,47.000000,48.000000,49.000000,50.000000,51.000000,52.000000,53.000000,54.000000,55.000000,56.000000,57.000000,58.000000,59.000000,60.000000,61.000000,62.000000,63.000000,64.000000,65.000000,66.000000,67.000000,68.000000,69.000000,70.000000,71.000000,72.000000,72.000000,73.000000,74.000000,75.000000,75.000000,76.000000,77.000000,78.000000,79.000000,80.000000,81.000000,82.000000,83.000000,84.000000,85.000000,86.000000,87.000000,88.000000,89.000000,90.000000,91.000000,92.000000,93.000000,94.000000,94.000000,95.000000,96.000000,97.000000,98.000000,99.000000,100.000000,101.000000,102.000000,103.000000,104.000000,105.000000,106.000000,107.000000,108.000000,109.000000,110.000000,111.000000,112.000000,113.000000,114.000000,115.000000,116.000000,117.000000,117.000000,117.000000,117.000000,117.000000,117.000000,117.000000,118.000000,119.000000,120.000000,120.000000,120.000000,120.000000,120.000000;;0;29206
a5add;9d27e;9d9a7;0;0;0000000000000070;        39s 701ms 379μs 510ns;264;134;              6ms 803μs  26ns;120.000000;1.116667;0.000000;inf;3;1;Failing;2.000000,3.000000,4.000000,5.000000,6.000000,7.000000,8.000000,9.000000,10.000000,11.000000,12.000000,13.000000,14.000000,15.000000,16.000000,17.000000,18.000000,19.000000,20.000000,21.000000,22.000000,23.000000,24.000000,25.000000,26.000000,27.000000,28.000000,29.000000,30.000000,31.000000,32.000000,33.000000,34.000000,35.000000,36.000000,37.000000,38.000000,39.000000,40.000000,41.000000,42.000000,43.000000,44.000000,45.000000,46.000000,47.000000,48.000000,49.000000,50.000000,51.000000,52.000000,53.000000,54.000000,55.000000,56.000000,57.000000,58.000000,59.000000,60.000000,61.000000,62.000000,63.000000,64.000000,65.000000,66.000000,67.000000,68.000000,69.000000,70.000000,71.000000,72.000000,72.000000,73.000000,74.000000,75.000000,75.000000,76.000000,77.000000,78.000000,79.000000,80.000000,81.000000,82.000000,83.000000,84.000000,85.000000,86.000000,87.000000,88.000000,89.000000,90.000000,91.000000,92.000000,93.000000,94.000000,94.000000,95.000000,96.000000,97.000000,98.000000,99.000000,100.000000,101.000000,102.000000,103.000000,104.000000,105.000000,106.000000,107.000000,108.000000,109.000000,110.000000,111.000000,112.000000,113.000000,114.000000,115.000000,116.000000,117.000000,118.000000,118.000000,118.000000,119.000000,120.000000,120.000000,120.000000,120.000000,120.000000,120.000000,120.000000,120.000000,120.000000;;0;31618
9e238;9d27e;9d9a7;0;0;0000000000000070;        36s 904ms 592μs 202ns;314;134;             10ms 236μs 419ns;118.000000;1.135593;0.000000;inf;3;1;Failing;2.000000,3.000000,4.000000,5.000000,6.000000,7.000000,8.000000,9.000000,10.000000,11.000000,12.000000,13.000000,14.000000,15.000000,16.000000,17.000000,18.000000,19.000000,20.000000,21.000000,22.000000,23.000000,24.000000,25.000000,26.000000,27.000000,28.000000,29.000000,30.000000,31.000000,32.000000,33.000000,34.000000,35.000000,36.000000,37.000000,38.000000,39.000000,40.000000,41.000000,42.000000,43.000000,44.000000,45.000000,46.000000,47.000000,48.000000,49.000000,50.000000,51.000000,52.000000,53.000000,54.000000,55.000000,56.000000,57.000000,58.000000,59.000000,60.000000,61.000000,62.000000,63.000000,64.000000,65.000000,66.000000,67.000000,68.000000,69.000000,70.000000,71.000000,72.000000,72.000000,73.000000,74.000000,75.000000,75.000000,76.000000,77.000000,78.000000,79.000000,80.000000,81.000000,82.000000,83.000000,84.000000,85.000000,86.000000,87.000000,88.000000,89.000000,90.000000,91.000000,92.000000,93.000000,94.000000,94.000000,95.000000,96.000000,97.000000,98.000000,99.000000,100.000000,101.000000,102.000000,103.000000,104.000000,105.000000,106.000000,107.000000,108.000000,109.000000,110.000000,111.000000,112.000000,113.000000,114.000000,115.000000,116.000000,117.000000,118.000000,118.000000,118.000000,118.000000,118.000000,118.000000,118.000000,118.000000,118.000000,118.000000,118.000000,118.000000,118.000000;;0;29749
9f85a;9c4bf;9d9a7;0;0;0000000000000070;        37s 428ms 200μs 588ns;236;134;              9ms 472μs 808ns;118.000000;1.135593;0.000000;inf;3;1;Failing;2.000000,3.000000,4.000000,5.000000,6.000000,7.000000,8.000000,9.000000,10.000000,11.000000,12.000000,13.000000,14.000000,15.000000,16.000000,17.000000,18.000000,19.000000,20.000000,21.000000,22.000000,23.000000,24.000000,25.000000,26.000000,27.000000,28.000000,29.000000,30.000000,31.000000,32.000000,33.000000,34.000000,35.000000,36.000000,37.000000,38.000000,39.000000,40.000000,41.000000,42.000000,43.000000,44.000000,45.000000,46.000000,47.000000,48.000000,49.000000,50.000000,51.000000,52.000000,53.000000,54.000000,55.000000,56.000000,57.000000,58.000000,59.000000,60.000000,61.000000,62.000000,63.000000,64.000000,65.000000,66.000000,67.000000,68.000000,69.000000,70.000000,71.000000,72.000000,72.000000,73.000000,74.000000,75.000000,75.000000,76.000000,77.000000,78.000000,79.000000,80.000000,81.000000,82.000000,83.000000,84.000000,85.000000,86.000000,87.000000,88.000000,89.000000,90.000000,91.000000,92.000000,93.000000,94.000000,95.000000,96.000000,97.000000,98.000000,99.000000,100.000000,101.000000,102.000000,103.000000,104.000000,105.000000,106.000000,107.000000,108.000000,109.000000,110.000000,111.000000,112.000000,113.000000,114.000000,115.000000,116.000000,116.000000,116.000000,117.000000,118.000000,118.000000,118.000000,118.000000,118.000000,118.000000,118.000000,118.000000,118.000000,118.000000,118.000000,118.000000;;0;30022
9dfaa;9b17a;9d9a7;0;0;0000000000000070;        36s 828ms 646μs  13ns;265;133;             10ms 163μs 726ns;125.000000;1.064000;0.000000;inf;3;1;Failing;2.000000,3.000000,4.000000,5.000000,6.000000,7.000000,8.000000,9.000000,10.000000,11.000000,12.000000,13.000000,14.000000,15.000000,16.000000,17.000000,18.000000,19.000000,20.000000,21.000000,22.000000,23.000000,24.000000,25.000000,26.000000,27.000000,28.000000,29.000000,30.000000,31.000000,32.000000,33.000000,34.000000,35.000000,36.000000,37.000000,38.000000,39.000000,40.000000,41.000000,42.000000,43.000000,44.000000,45.000000,46.000000,47.000000,48.000000,49.000000,50.000000,51.000000,52.000000,53.000000,54.000000,55.000000,56.000000,57.000000,58.000000,59.000000,60.000000,61.000000,62.000000,63.000000,64.000000,65.000000,66.000000,67.000000,68.000000,69.000000,70.000000,71.000000,72.000000,72.000000,73.000000,74.000000,75.000000,75.000000,76.000000,77.000000,78.000000,79.000000,80.000000,81.000000,82.000000,83.000000,84.000000,85.000000,86.000000,87.000000,88.000000,89.000000,90.000000,91.000000,92.000000,93.000000,94.000000,94.000000,95.000000,96.000000,97.000000,98.000000,99.000000,100.000000,101.000000,102.000000,103.000000,104.000000,105.000000,106.000000,107.000000,108.000000,109.000000,110.000000,111.000000,112.000000,113.000000,114.000000,115.000000,116.000000,117.000000,118.000000,119.000000,120.000000,121.000000,122.000000,123.000000,124.000000,124.000000,124.000000,125.000000,125.000000,125.000000;;0;29708
9fb10;9c1ef;9d9a7;0;0;0000000000000070;        37s 473ms 674μs 167ns;279;133;              9ms  70μs 224ns;122.000000;1.090164;0.000000;inf;3;1;Failing;2.000000,3.000000,4.000000,5.000000,6.000000,7.000000,8.000000,9.000000,10.000000,11.000000,12.000000,13.000000,14.000000,15.000000,16.000000,17.000000,18.000000,19.000000,20.000000,21.000000,22.000000,23.000000,24.000000,25.000000,26.000000,27.000000,28.000000,29.000000,30.000000,31.000000,32.000000,33.000000,34.000000,35.000000,36.000000,37.000000,38.000000,39.000000,40.000000,41.000000,42.000000,43.000000,44.000000,45.000000,46.000000,47.000000,48.000000,49.000000,50.000000,51.000000,52.000000,53.000000,54.000000,55.000000,56.000000,57.000000,58.000000,59.000000,60.000000,61.000000,62.000000,63.000000,64.000000,65.000000,66.000000,67.000000,68.000000,69.000000,70.000000,71.000000,72.000000,72.000000,73.000000,74.000000,75.000000,75.000000,76.000000,77.000000,78.000000,79.000000,80.000000,81.000000,82.000000,83.000000,84.000000,85.000000,86.000000,87.000000,88.000000,89.000000,90.000000,91.000000,92.000000,93.000000,94.000000,95.000000,96.000000,97.000000,98.000000,99.000000,100.000000,101.000000,102.000000,103.000000,104.000000,105.000000,106.000000,107.000000,108.000000,109.000000,110.000000,111.000000,112.000000,113.000000,114.000000,115.000000,116.000000,117.000000,118.000000,119.000000,120.000000,121.000000,122.000000,122.000000,122.000000,122.000000,122.000000,122.000000,122.000000,122.000000,122.000000;;0;30048
a0008;9c1ef;9d9a7;0;0;0000000000000070;        37s 552ms 270μs 445ns;261;133;             10ms  18μs 989ns;122.000000;1.090164;0.000000;inf;3;1;Failing;2.000000,3.000000,4.000000,5.000000,6.000000,7.000000,8.000000,9.000000,10.000000,11.000000,12.000000,13.000000,14.000000,15.000000,16.000000,17.000000,18.000000,19.000000,20.000000,21.000000,22.000000,23.000000,24.000000,25.000000,26.000000,27.000000,28.000000,29.000000,30.000000,31.000000,32.000000,33.000000,34.000000,35.000000,36.000000,37.000000,38.000000,39.000000,40.000000,41.000000,42.000000,43.000000,44.000000,45.000000,46.000000,47.000000,48.000000,49.000000,50.000000,51.000000,52.000000,53.000000,54.000000,55.000000,56.000000,57.000000,58.000000,59.000000,60.000000,61.000000,62.000000,63.000000,64.000000,65.000000,66.000000,67.000000,68.000000,69.000000,70.000000,71.000000,72.000000,72.000000,73.000000,74.000000,75.000000,75.000000,76.000000,77.000000,78.000000,79.000000,80.000000,81.000000,82.000000,83.000000,84.000000,85.000000,86.000000,87.000000,88.000000,89.000000,90.000000,91.000000,92.000000,93.000000,94.000000,95.000000,96.000000,97.000000,98.000000,99.000000,100.000000,101.000000,102.000000,103.000000,104.000000,105.000000,106.000000,107.000000,108.000000,109.000000,110.000000,111.000000,112.000000,113.000000,114.000000,115.000000,116.000000,117.000000,118.000000,119.000000,120.000000,121.000000,122.000000,122.000000,122.000000,122.000000,122.000000,122.000000,122.000000,122.000000,122.000000;;0;30108
a14a4;9c1ef;9d9a7;0;0;0000000000000070;        38s   3ms 389μs  29ns;324;133;             10ms 145μs 875ns;122.000000;1.090164;0.000000;inf;3;1;Failing;2.000000,3.000000,4.000000,5.000000,6.000000,7.000000,8.000000,9.000000,10.000000,11.000000,12.000000,13.000000,14.000000,15.000000,16.000000,17.000000,18.000000,19.000000,20.000000,21.000000,22.000000,23.000000,24.000000,25.000000,26.000000,27.000000,28.000000,29.000000,30.000000,31.000000,32.000000,33.000000,34.000000,35.000000,36.000000,37.000000,38.000000,39.000000,40.000000,41.000000,42.000000,43.000000,44.000000,45.000000,46.000000,47.000000,48.000000,49.000000,50.000000,51.000000,52.000000,53.000000,54.000000,55.000000,56.000000,57.000000,58.000000,59.000000,60.000000,61.000000,62.000000,63.000000,64.000000,65.000000,66.000000,67.000000,68.000000,69.000000,70.000000,71.000000,72.000000,72.000000,73.000000,74.000000,75.000000,75.000000,76.000000,77.000000,78.000000,79.000000,80.000000,81.000000,82.000000,83.000000,84.000000,85.000000,86.000000,87.000000,88.000000,89.000000,90.000000,91.000000,92.000000,93.000000,94.000000,95.000000,96.000000,97.000000,98.000000,99.000000,100.000000,101.000000,102.000000,103.000000,104.000000,105.000000,106.000000,107.000000,108.000000,109.000000,110.000000,111.000000,112.000000,113.000000,114.000000,115.000000,116.000000,117.000000,118.000000,119.000000,120.000000,121.000000,122.000000,122.000000,122.000000,122.000000,122.000000,122.000000,122.000000,122.000000,122.000000;;0;31234
a477e;9c4bf;9d9a7;0;0;0000000000000070;        39s 435ms 303μs 487ns;274;133;             10ms 457μs 478ns;122.000000;1.090164;0.000000;inf;3;1;Failing;2.000000,3.000000,4.000000,5.000000,6.000000,7.000000,8.000000,9.000000,10.000000,11.000000,12.000000,13.000000,14.000000,15.000000,16.000000,17.000000,18.000000,19.000000,20.000000,21.000000,22.000000,23.000000,24.000000,25.000000,26.000000,27.000000,28.000000,29.000000,30.000000,31.000000,32.000000,33.000000,34.000000,35.000000,36.000000,37.000000,38.000000,39.000000,40.000000,41.000000,42.000000,43.000000,44.000000,45.000000,46.000000,47.000000,48.000000,49.000000,50.000000,51.000000,52.000000,53.000000,54.000000,55.000000,56.000000,57.000000,58.000000,59.000000,60.000000,61.000000,62.000000,63.000000,64.000000,65.000000,66.000000,67.000000,68.000000,69.000000,70.000000,71.000000,72.000000,72.000000,73.000000,74.000000,75.000000,75.000000,76.000000,77.000000,78.000000,79.000000,80.000000,81.000000,82.000000,83.000000,84.000000,85.000000,86.000000,87.000000,88.000000,89.000000,90.000000,91.000000,92.000000,93.000000,94.000000,95.000000,96.000000,97.000000,98.000000,99.000000,100.000000,101.000000,102.000000,103.000000,104.000000,105.000000,106.000000,107.000000,108.000000,109.000000,110.000000,111.000000,112.000000,113.000000,114.000000,115.000000,116.000000,116.000000,116.000000,117.000000,118.000000,119.000000,120.000000,121.000000,122.000000,122.000000,122.000000,122.000000,122.000000,122.000000,122.000000;;0;31482
a52f1;9d27e;9d9a7;0;0;0000000000000070;        39s 576ms 923μs 285ns;263;133;              9ms 731μs 829ns;122.000000;1.090164;0.000000;inf;3;1;Failing;2.000000,3.000000,4.000000,5.000000,6.000000,7.000000,8.000000,9.000000,10.000000,11.000000,12.000000,13.000000,14.000000,15.000000,16.000000,17.000000,18.000000,19.000000,20.000000,21.000000,22.000000,23.000000,24.000000,25.000000,26.000000,27.000000,28.000000,29.000000,30.000000,31.000000,32.000000,33.000000,34.000000,35.000000,36.000000,37.000000,38.000000,39.000000,40.000000,41.000000,42.000000,43.000000,44.000000,45.000000,46.000000,47.000000,48.000000,49.000000,50.000000,51.000000,52.000000,53.000000,54.000000,55.000000,56.000000,57.000000,58.000000,59.000000,60.000000,61.000000,62.000000,63.000000,64.000000,65.000000,66.000000,67.000000,68.000000,69.000000,70.000000,71.000000,72.000000,72.000000,73.000000,74.000000,75.000000,75.000000,76.000000,77.000000,78.000000,79.000000,80.000000,81.000000,82.000000,83.000000,84.000000,85.000000,86.000000,87.000000,88.000000,89.000000,90.000000,91.000000,92.000000,93.000000,94.000000,94.000000,95.000000,96.000000,97.000000,98.000000,99.000000,100.000000,101.000000,102.000000,103.000000,104.000000,105.000000,106.000000,107.000000,108.000000,109.000000,110.000000,111.000000,112.000000,113.000000,114.000000,115.000000,116.000000,117.000000,118.000000,119.000000,120.000000,121.000000,122.000000,122.000000,122.000000,122.000000,122.000000,122.000000,122.000000,122.000000;;0;31555
97e1f;92e57;97c73;0;0;0000000000000070;        34s 802ms 196μs 248ns;232;133;             10ms 926μs 311ns;120.000000;1.108333;0.000000;inf;3;1;Failing;2.000000,3.000000,4.000000,5.000000,6.000000,7.000000,8.000000,9.000000,10.000000,11.000000,12.000000,13.000000,14.000000,15.000000,16.000000,17.000000,18.000000,19.000000,20.000000,21.000000,22.000000,23.000000,24.000000,25.000000,26.000000,27.000000,28.000000,29.000000,30.000000,31.000000,32.000000,33.000000,34.000000,35.000000,36.000000,37.000000,38.000000,39.000000,40.000000,41.000000,42.000000,43.000000,44.000000,45.000000,46.000000,47.000000,48.000000,49.000000,50.000000,51.000000,52.000000,53.000000,54.000000,55.000000,56.000000,57.000000,58.000000,59.000000,60.000000,61.000000,62.000000,63.000000,64.000000,65.000000,66.000000,67.000000,68.000000,69.000000,70.000000,71.000000,72.000000,72.000000,73.000000,74.000000,75.000000,75.000000,76.000000,77.000000,78.000000,79.000000,80.000000,81.000000,82.000000,83.000000,84.000000,85.000000,86.000000,87.000000,88.000000,89.000000,90.000000,91.000000,92.000000,93.000000,94.000000,95.000000,96.000000,97.000000,98.000000,99.000000,100.000000,101.000000,102.000000,103.000000,104.000000,105.000000,106.000000,107.000000,108.000000,109.000000,110.000000,111.000000,112.000000,113.000000,114.000000,115.000000,116.000000,116.000000,116.000000,117.000000,118.000000,119.000000,120.000000,120.000000,120.000000,120.000000,120.000000,120.000000,120.000000,120.000000,120.000000;;0;28638
9ac37;971ce;97c73;0;0;0000000000000070;        35s 870ms 434μs  58ns;276;133;              9ms 440μs 168ns;120.000000;1.108333;0.000000;inf;3;1;Failing;2.000000,3.000000,4.000000,5.000000,6.000000,7.000000,8.000000,9.000000,10.000000,11.000000,12.000000,13.000000,14.000000,15.000000,16.000000,17.000000,18.000000,19.000000,20.000000,21.000000,22.000000,23.000000,24.000000,25.000000,26.000000,27.000000,28.000000,29.000000,30.000000,31.000000,32.000000,33.000000,34.000000,35.000000,36.000000,37.000000,38.000000,39.000000,40.000000,41.000000,42.000000,43.000000,44.000000,45.000000,46.000000,47.000000,48.000000,49.000000,50.000000,51.000000,52.000000,53.000000,54.000000,55.000000,56.000000,57.000000,58.000000,59.000000,60.000000,61.000000,62.000000,63.000000,64.000000,65.000000,66.000000,67.000000,68.000000,69.000000,70.000000,71.000000,72.000000,72.000000,73.000000,74.000000,75.000000,75.000000,76.000000,77.000000,78.000000,79.000000,80.000000,81.000000,82.000000,83.000000,84.000000,85.000000,86.000000,87.000000,88.000000,89.000000,90.000000,91.000000,92.000000,93.000000,94.000000,94.000000,95.000000,96.000000,97.000000,98.000000,99.000000,100.000000,101.000000,102.000000,103.000000,104.000000,105.000000,106.000000,107.000000,108.000000,109.000000,110.000000,111.000000,112.000000,113.000000,114.000000,115.000000,116.000000,117.000000,118.000000,119.000000,120.000000,120.000000,120.000000,120.000000,120.000000,120.000000,120.000000,120.000000,120.000000,120.000000;;0;29220
9c279;92e57;97c73;0;0;0000000000000070;        36s 235ms  52μs 865ns;257;133;              9ms 917μs 162ns;120.000000;1.108333;0.000000;inf;3;1;Failing;2.000000,3.000000,4.000000,5.000000,6.000000,7.000000,8.000000,9.000000,10.000000,11.000000,12.000000,13.000000,14.000000,15.000000,16.000000,17.000000,18.000000,19.000000,20.000000,21.000000,22.000000,23.000000,24.000000,25.000000,26.000000,27.000000,28.000000,29.000000,30.000000,31.000000,32.000000,33.000000,34.000000,35.000000,36.000000,37.000000,38.000000,39.000000,40.000000,41.000000,42.000000,43.000000,44.000000,45.000000,46.000000,47.000000,48.000000,49.000000,50.000000,51.000000,52.000000,53.000000,54.000000,55.000000,56.000000,57.000000,58.000000,59.000000,60.000000,61.000000,62.000000,63.000000,64.000000,65.000000,66.000000,67.000000,68.000000,69.000000,70.000000,71.000000,72.000000,72.000000,73.000000,74.000000,75.000000,75.000000,76.000000,77.000000,78.000000,79.000000,80.000000,81.000000,82.000000,83.000000,84.000000,85.000000,86.000000,87.000000,88.000000,89.000000,90.000000,91.000000,92.000000,93.000000,94.000000,95.000000,96.000000,97.000000,98.000000,99.000000,100.000000,101.000000,102.000000,103.000000,104.000000,105.000000,106.000000,107.000000,108.000000,109.000000,110.000000,111.000000,112.000000,113.000000,114.000000,115.000000,116.000000,116.000000,116.000000,117.000000,118.000000,119.000000,120.000000,120.000000,120.000000,120.000000,120.000000,120.000000,120.000000,120.000000,120.000000;;0;29411
a0125;9b17a;9d9a7;0;0;0000000000000070;        37s 563ms 184μs 113ns;308;132;              7ms 381μs 968ns;125.000000;1.056000;0.000000;inf;3;1;Failing;2.000000,3.000000,4.000000,5.000000,6.000000,7.000000,8.000000,9.000000,10.000000,11.000000,12.000000,13.000000,14.000000,15.000000,16.000000,17.000000,18.000000,19.000000,20.000000,21.000000,22.000000,23.000000,24.000000,25.000000,26.000000,27.000000,28.000000,29.000000,30.000000,31.000000,32.000000,33.000000,34.000000,35.000000,36.000000,37.000000,38.000000,39.000000,40.000000,41.000000,42.000000,43.000000,44.000000,45.000000,46.000000,47.000000,48.000000,49.000000,50.000000,51.000000,52.000000,53.000000,54.000000,55.000000,56.000000,57.000000,58.000000,59.000000,60.000000,61.000000,62.000000,63.000000,64.000000,65.000000,66.000000,67.000000,68.000000,69.000000,70.000000,71.000000,72.000000,72.000000,73.000000,74.000000,75.000000,75.000000,76.000000,77.000000,78.000000,79.000000,80.000000,81.000000,82.000000,83.000000,84.000000,85.000000,86.000000,87.000000,88.000000,89.000000,90.000000,91.000000,92.000000,93.000000,94.000000,94.000000,95.000000,96.000000,97.000000,98.000000,99.000000,100.000000,101.000000,102.000000,103.000000,104.000000,105.000000,106.000000,107.000000,108.000000,109.000000,110.000000,111.000000,112.000000,113.000000,114.000000,115.000000,116.000000,117.000000,118.000000,119.000000,120.000000,121.000000,122.000000,123.000000,123.000000,123.000000,124.000000,125.000000,125.000000;;0;30114
a460a;9b17a;9d9a7;0;0;0000000000000070;        39s 416ms 781μs 717ns;236;132;              9ms 960μs 747ns;125.000000;1.056000;0.000000;inf;3;1;Failing;2.000000,3.000000,4.000000,5.000000,6.000000,7.000000,8.000000,9.000000,10.000000,11.000000,12.000000,13.000000,14.000000,15.000000,16.000000,17.000000,18.000000,19.000000,20.000000,21.000000,22.000000,23.000000,24.000000,25.000000,26.000000,27.000000,28.000000,29.000000,30.000000,31.000000,32.000000,33.000000,34.000000,35.000000,36.000000,37.000000,38.000000,39.000000,40.000000,41.000000,42.000000,43.000000,44.000000,45.000000,46.000000,47.000000,48.000000,49.000000,50.000000,51.000000,52.000000,53.000000,54.000000,55.000000,56.000000,57.000000,58.000000,59.000000,60.000000,61.000000,62.000000,63.000000,64.000000,65.000000,66.000000,67.000000,68.000000,69.000000,70.000000,71.000000,72.000000,72.000000,73.000000,74.000000,75.000000,75.000000,76.000000,77.000000,78.000000,79.000000,80.000000,81.000000,82.000000,83.000000,84.000000,85.000000,86.000000,87.000000,88.000000,89.000000,90.000000,91.000000,92.000000,93.000000,94.000000,94.000000,95.000000,96.000000,97.000000,98.000000,99.000000,100.000000,101.000000,102.000000,103.000000,104.000000,105.000000,106.000000,107.000000,108.000000,109.000000,110.000000,111.000000,112.000000,113.000000,114.000000,115.000000,116.000000,117.000000,118.000000,119.000000,120.000000,121.000000,122.000000,123.000000,123.000000,123.000000,124.000000,125.000000,125.000000;;0;31473
9eb73;9b17a;9d9a7;0;0;0000000000000070;        37s 166ms 428μs 193ns;244;132;              9ms 719μs 316ns;124.000000;1.064516;0.000000;inf;3;1;Failing;2.000000,3.000000,4.000000,5.000000,6.000000,7.000000,8.000000,9.000000,10.000000,11.000000,12.000000,13.000000,14.000000,15.000000,16.000000,17.000000,18.000000,19.000000,20.000000,21.000000,22.000000,23.000000,24.000000,25.000000,26.000000,27.000000,28.000000,29.000000,30.000000,31.000000,32.000000,33.000000,34.000000,35.000000,36.000000,37.000000,38.000000,39.000000,40.000000,41.000000,42.000000,43.000000,44.000000,45.000000,46.000000,47.000000,48.000000,49.000000,50.000000,51.000000,52.000000,53.000000,54.000000,55.000000,56.000000,57.000000,58.000000,59.000000,60.000000,61.000000,62.000000,63.000000,64.000000,65.000000,66.000000,67.000000,68.000000,69.000000,70.000000,71.000000,72.000000,72.000000,73.000000,74.000000,75.000000,75.000000,76.000000,77.000000,78.000000,79.000000,80.000000,81.000000,82.000000,83.000000,84.000000,85.000000,86.000000,87.000000,88.000000,89.000000,90.000000,91.000000,92.000000,93.000000,94.000000,94.000000,95.000000,96.000000,97.000000,98.000000,99.000000,100.000000,101.000000,102.000000,103.000000,104.000000,105.000000,106.000000,107.000000,108.000000,109.000000,110.000000,111.000000,112.000000,113.000000,114.000000,115.000000,116.000000,117.000000,118.000000,119.000000,120.000000,121.000000,122.000000,122.000000,122.000000,123.000000,123.000000,123.000000,124.000000;;0;29885
9ee52;9d27e;9d9a7;0;0;0000000000000070;        37s 240ms 356μs 962ns;289;132;             10ms 192μs 360ns;124.000000;1.064516;0.000000;inf;3;1;Failing;2.000000,3.000000,4.000000,5.000000,6.000000,7.000000,8.000000,9.000000,10.000000,11.000000,12.000000,13.000000,14.000000,15.000000,16.000000,17.000000,18.000000,19.000000,20.000000,21.000000,22.000000,23.000000,24.000000,25.000000,26.000000,27.000000,28.000000,29.000000,30.000000,31.000000,32.000000,33.000000,34.000000,35.000000,36.000000,37.000000,38.000000,39.000000,40.000000,41.000000,42.000000,43.000000,44.000000,45.000000,46.000000,47.000000,48.000000,49.000000,50.000000,51.000000,52.000000,53.000000,54.000000,55.000000,56.000000,57.000000,58.000000,59.000000,60.000000,61.000000,62.000000,63.000000,64.000000,65.000000,66.000000,67.000000,68.000000,69.000000,70.000000,71.000000,72.000000,72.000000,73.000000,74.000000,75.000000,75.000000,76.000000,77.000000,78.000000,79.000000,80.000000,81.000000,82.000000,83.000000,84.000000,85.000000,86.000000,87.000000,88.000000,89.000000,90.000000,91.000000,92.000000,93.000000,94.000000,94.000000,95.000000,96.000000,97.000000,98.000000,99.000000,100.000000,101.000000,102.000000,103.000000,104.000000,105.000000,106.000000,107.000000,108.000000,109.000000,110.000000,111.000000,112.000000,113.000000,114.000000,115.000000,116.000000,117.000000,118.000000,119.000000,120.000000,120.000000,120.000000,120.000000,120.000000,121.000000,122.000000,123.000000,124.000000;;0;29924
a4834;9af41;9d9a7;0;0;0000000000000070;        39s 444ms 173μs 943ns;240;132;             10ms 166μs 773ns;124.000000;1.064516;0.000000;inf;3;1;Failing;2.000000,3.000000,4.000000,5.000000,6.000000,7.000000,8.000000,9.000000,10.000000,11.000000,12.000000,13.000000,14.000000,15.000000,16.000000,17.000000,18.000000,19.000000,20.000000,21.000000,22.000000,23.000000,24.000000,25.000000,26.000000,27.000000,28.000000,29.000000,30.000000,31.000000,32.000000,33.000000,34.000000,35.000000,36.000000,37.000000,38.000000,39.000000,40.000000,41.000000,42.000000,43.000000,44.000000,45.000000,46.000000,47.000000,48.000000,49.000000,50.000000,51.000000,52.000000,53.000000,54.000000,55.000000,56.000000,57.000000,58.000000,59.000000,60.000000,61.000000,62.000000,63.000000,64.000000,65.000000,66.000000,67.000000,68.000000,69.000000,70.000000,71.000000,72.000000,72.000000,73.000000,74.000000,75.000000,75.000000,76.000000,77.000000,78.000000,79.000000,80.000000,81.000000,82.000000,83.000000,84.000000,85.000000,86.000000,87.000000,88.000000,89.000000,90.000000,91.000000,92.000000,93.000000,94.000000,94.000000,95.000000,96.000000,97.000000,98.000000,99.000000,100.000000,101.000000,102.000000,103.000000,104.000000,105.000000,106.000000,107.000000,108.000000,109.000000,110.000000,111.000000,112.000000,113.000000,114.000000,115.000000,116.000000,117.000000,118.000000,119.000000,120.000000,121.000000,122.000000,123.000000,124.000000,124.000000,124.000000,124.000000,124.000000;;0;31487
a4b31;9b17a;9d9a7;0;0;0000000000000070;        39s 480ms 294μs 262ns;324;132;             10ms  94μs 993ns;124.000000;1.064516;0.000000;inf;3;1;Failing;2.000000,3.000000,4.000000,5.000000,6.000000,7.000000,8.000000,9.000000,10.000000,11.000000,12.000000,13.000000,14.000000,15.000000,16.000000,17.000000,18.000000,19.000000,20.000000,21.000000,22.000000,23.000000,24.000000,25.000000,26.000000,27.000000,28.000000,29.000000,30.000000,31.000000,32.000000,33.000000,34.000000,35.000000,36.000000,37.000000,38.000000,39.000000,40.000000,41.000000,42.000000,43.000000,44.000000,45.000000,46.000000,47.000000,48.000000,49.000000,50.000000,51.000000,52.000000,53.000000,54.000000,55.000000,56.000000,57.000000,58.000000,59.000000,60.000000,61.000000,62.000000,63.000000,64.000000,65.000000,66.000000,67.000000,68.000000,69.000000,70.000000,71.000000,72.000000,72.000000,73.000000,74.000000,75.000000,75.000000,76.000000,77.000000,78.000000,79.000000,80.000000,81.000000,82.000000,83.000000,84.000000,85.000000,86.000000,87.000000,88.000000,89.000000,90.000000,91.000000,92.000000,93.000000,94.000000,94.000000,95.000000,96.000000,97.000000,98.000000,99.000000,100.000000,101.000000,102.000000,103.000000,104.000000,105.000000,106.000000,107.000000,108.000000,109.000000,110.000000,111.000000,112.000000,113.000000,114.000000,115.000000,116.000000,117.000000,118.000000,119.000000,120.000000,121.000000,122.000000,123.000000,123.000000,123.000000,124.000000,124.000000,124.000000;;0;31508
a2e89;9b17a;9d9a7;0;0;0000000000000070;        39s  67ms  82μs 889ns;262;132;              9ms 990μs  65ns;123.000000;1.073171;0.000000;inf;3;1;Failing;2.000000,3.000000,4.000000,5.000000,6.000000,7.000000,8.000000,9.000000,10.000000,11.000000,12.000000,13.000000,14.000000,15.000000,16.000000,17.000000,18.000000,19.000000,20.000000,21.000000,22.000000,23.000000,24.000000,25.000000,26.000000,27.000000,28.000000,29.000000,30.000000,31.000000,32.000000,33.000000,34.000000,35.000000,36.000000,37.000000,38.000000,39.000000,40.000000,41.000000,42.000000,43.000000,44.000000,45.000000,46.000000,47.000000,48.000000,49.000000,50.000000,51.000000,52.000000,53.000000,54.000000,55.000000,56.000000,57.000000,58.000000,59.000000,60.000000,61.000000,62.000000,63.000000,64.000000,65.000000,66.000000,67.000000,68.000000,69.000000,70.000000,71.000000,72.000000,72.000000,73.000000,74.000000,75.000000,75.000000,76.000000,77.000000,78.000000,79.000000,80.000000,81.000000,82.000000,83.000000,84.000000,85.000000,86.000000,87.000000,88.000000,89.000000,90.000000,91.000000,92.000000,93.000000,94.000000,94.000000,95.000000,96.000000,97.000000,98.000000,99.000000,100.000000,101.000000,102.000000,103.000000,104.000000,105.000000,106.000000,107.000000,108.000000,109.000000,110.000000,111.000000,112.000000,113.000000,114.000000,115.000000,116.000000,117.000000,118.000000,119.000000,120.000000,121.000000,122.000000,122.000000,122.000000,123.000000,123.000000,123.000000,123.000000;;0;31303
9d6f2;92e57;97c73;0;0;0000000000000070;        36s 532ms 811μs 185ns;282;132;              9ms 280μs 735ns;122.000000;1.081967;0.000000;inf;3;1;Failing;2.000000,3.000000,4.000000,5.000000,6.000000,7.000000,8.000000,9.000000,10.000000,11.000000,12.000000,13.000000,14.000000,15.000000,16.000000,17.000000,18.000000,19.000000,20.000000,21.000000,22.000000,23.000000,24.000000,25.000000,26.000000,27.000000,28.000000,29.000000,30.000000,31.000000,32.000000,33.000000,34.000000,35.000000,36.000000,37.000000,38.000000,39.000000,40.000000,41.000000,42.000000,43.000000,44.000000,45.000000,46.000000,47.000000,48.000000,49.000000,50.000000,51.000000,52.000000,53.000000,54.000000,55.000000,56.000000,57.000000,58.000000,59.000000,60.000000,61.000000,62.000000,63.000000,64.000000,65.000000,66.000000,67.000000,68.000000,69.000000,70.000000,71.000000,72.000000,72.000000,73.000000,74.000000,75.000000,75.000000,76.000000,77.000000,78.000000,79.000000,80.000000,81.000000,82.000000,83.000000,84.000000,85.000000,86.000000,87.000000,88.000000,89.000000,90.000000,91.000000,92.000000,93.000000,94.000000,95.000000,96.000000,97.000000,98.000000,99.000000,100.000000,101.000000,102.000000,103.000000,104.000000,105.000000,106.000000,107.000000,108.000000,109.000000,110.000000,111.000000,112.000000,113.000000,114.000000,115.000000,116.000000,116.000000,116.000000,117.000000,118.000000,119.000000,120.000000,121.000000,122.000000,122.000000,122.000000,122.000000,122.000000,122.000000;;0;29573
9e758;9b17a;9d9a7;0;0;0000000000000070;        37s  48ms 143μs 258ns;290;132;              9ms 603μs 139ns;122.000000;1.081967;0.000000;inf;3;1;Failing;2.000000,3.000000,4.000000,5.000000,6.000000,7.000000,8.000000,9.000000,10.000000,11.000000,12.000000,13.000000,14.000000,15.000000,16.000000,17.000000,18.000000,19.000000,20.000000,21.000000,22.000000,23.000000,24.000000,25.000000,26.000000,27.000000,28.000000,29.000000,30.000000,31.000000,32.000000,33.000000,34.000000,35.000000,36.000000,37.000000,38.000000,39.000000,40.000000,41.000000,42.000000,43.000000,44.000000,45.000000,46.000000,47.000000,48.000000,49.000000,50.000000,51.000000,52.000000,53.000000,54.000000,55.000000,56.000000,57.000000,58.000000,59.000000,60.000000,61.000000,62.000000,63.000000,64.000000,65.000000,66.000000,67.000000,68.000000,69.000000,70.000000,71.000000,72.000000,72.000000,73.000000,74.000000,75.000000,75.000000,76.000000,77.000000,78.000000,79.000000,80.000000,81.000000,82.000000,83.000000,84.000000,85.000000,86.000000,87.000000,88.000000,89.000000,90.000000,91.000000,92.000000,93.000000,94.000000,94.000000,95.000000,96.000000,97.000000,98.000000,99.000000,100.000000,101.000000,102.000000,103.000000,104.000000,105.000000,106.000000,107.000000,108.000000,109.000000,110.000000,111.000000,112.000000,113.000000,114.000000,115.000000,116.000000,117.000000,118.000000,119.000000,120.000000,121.000000,122.000000,122.000000,122.000000,122.000000,122.000000,122.000000,122.000000;;0;29825
9edc4;9c1ef;9d9a7;0;0;0000000000000070;        37s 228ms 755μs 679ns;308;132;              9ms 788μs 976ns;122.000000;1.081967;0.000000;inf;3;1;Failing;2.000000,3.000000,4.000000,5.000000,6.000000,7.000000,8.000000,9.000000,10.000000,11.000000,12.000000,13.000000,14.000000,15.000000,16.000000,17.000000,18.000000,19.000000,20.000000,21.000000,22.000000,23.000000,24.000000,25.000000,26.000000,27.000000,28.000000,29.000000,30.000000,31.000000,32.000000,33.000000,34.000000,35.000000,36.000000,37.000000,38.000000,39.000000,40.000000,41.000000,42.000000,43.000000,44.000000,45.000000,46.000000,47.000000,48.000000,49.000000,50.000000,51.000000,52.000000,53.000000,54.000000,55.000000,56.000000,57.000000,58.000000,59.000000,60.000000,61.000000,62.000000,63.000000,64.000000,65.000000,66.000000,67.000000,68.000000,69.000000,70.000000,71.000000,72.000000,72.000000,73.000000,74.000000,75.000000,75.000000,76.000000,77.000000,78.000000,79.000000,80.000000,81.000000,82.000000,83.000000,84.000000,85.000000,86.000000,87.000000,88.000000,89.000000,90.000000,91.000000,92.000000,93.000000,94.000000,95.000000,96.000000,97.000000,98.000000,99.000000,100.000000,101.000000,102.000000,103.000000,104.000000,105.000000,106.000000,107.000000,108.000000,109.000000,110.000000,111.000000,112.000000,113.000000,114.000000,115.000000,116.000000,117.000000,118.000000,119.000000,120.000000,121.000000,122.000000,122.000000,122.000000,122.000000,122.000000,122.000000,122.000000,122.000000;;0;29918
a5a67;9c1ef;9d9a7;0;0;0000000000000070;        39s 685ms 411μs 609ns;303;132;             11ms  84μs 613ns;122.000000;1.081967;0.000000;inf;3;1;Failing;2.000000,3.000000,4.000000,5.000000,6.000000,7.000000,8.000000,9.000000,10.000000,11.000000,12.000000,13.000000,14.000000,15.000000,16.000000,17.000000,18.000000,19.000000,20.000000,21.000000,22.000000,23.000000,24.000000,25.000000,26.000000,27.000000,28.000000,29.000000,30.000000,31.000000,32.000000,33.000000,34.000000,35.000000,36.000000,37.000000,38.000000,39.000000,40.000000,41.000000,42.000000,43.000000,44.000000,45.000000,46.000000,47.000000,48.000000,49.000000,50.000000,51.000000,52.000000,53.000000,54.000000,55.000000,56.000000,57.000000,58.000000,59.000000,60.000000,61.000000,62.000000,63.000000,64.000000,65.000000,66.000000,67.000000,68.000000,69.000000,70.000000,71.000000,72.000000,72.000000,73.000000,74.000000,75.000000,75.000000,76.000000,77.000000,78.000000,79.000000,80.000000,81.000000,82.000000,83.000000,84.000000,85.000000,86.000000,87.000000,88.000000,89.000000,90.000000,91.000000,92.000000,93.000000,94.000000,95.000000,96.000000,97.000000,98.000000,99.000000,100.000000,101.000000,102.000000,103.000000,104.000000,105.000000,106.000000,107.000000,108.000000,109.000000,110.000000,111.000000,112.000000,113.000000,114.000000,115.000000,116.000000,117.000000,118.000000,119.000000,120.000000,121.000000,122.000000,122.000000,122.000000,122.000000,122.000000,122.000000,122.000000,122.000000;;0;31613
9d9f1;9b17a;9d9a7;0;0;0000000000000070;        36s 704ms 623μs 721ns;299;132;             10ms 668μs  21ns;121.000000;1.090909;0.000000;inf;3;1;Failing;2.000000,3.000000,4.000000,5.000000,6.000000,7.000000,8.000000,9.000000,10.000000,11.000000,12.000000,13.000000,14.000000,15.000000,16.000000,17.000000,18.000000,19.000000,20.000000,21.000000,22.000000,23.000000,24.000000,25.000000,26.000000,27.000000,28.000000,29.000000,30.000000,31.000000,32.000000,33.000000,34.000000,35.000000,36.000000,37.000000,38.000000,39.000000,40.000000,41.000000,42.000000,43.000000,44.000000,45.000000,46.000000,47.000000,48.000000,49.000000,50.000000,51.000000,52.000000,53.000000,54.000000,55.000000,56.000000,57.000000,58.000000,59.000000,60.000000,61.000000,62.000000,63.000000,64.000000,65.000000,66.000000,67.000000,68.000000,69.000000,70.000000,71.000000,72.000000,72.000000,73.000000,74.000000,75.000000,75.000000,76.000000,77.000000,78.000000,79.000000,80.000000,81.000000,82.000000,83.000000,84.000000,85.000000,86.000000,87.000000,88.000000,89.000000,90.000000,91.000000,92.000000,93.000000,94.000000,94.000000,95.000000,96.000000,97.000000,98.000000,99.000000,100.000000,101.000000,102.000000,103.000000,104.000000,105.000000,106.000000,107.000000,108.000000,109.000000,110.000000,111.000000,112.000000,113.000000,114.000000,115.000000,116.000000,117.000000,118.000000,119.000000,120.000000,121.000000,121.000000,121.000000,121.000000,121.000000,121.000000,121.000000,121.000000;;0;29599
9e751;994b3;9d9a7;0;0;0000000000000070;        37s  46ms 595μs 693ns;289;132;             10ms 870μs 985ns;121.000000;1.090909;0.000000;inf;3;1;Failing;2.000000,3.000000,4.000000,5.000000,6.000000,7.000000,8.000000,9.000000,10.000000,11.000000,12.000000,13.000000,14.000000,15.000000,16.000000,17.000000,18.000000,19.000000,20.000000,21.000000,22.000000,23.000000,24.000000,25.000000,26.000000,27.000000,28.000000,29.000000,30.000000,31.000000,32.000000,33.000000,34.000000,35.000000,36.000000,37.000000,38.000000,39.000000,40.000000,41.000000,42.000000,43.000000,44.000000,45.000000,46.000000,47.000000,48.000000,49.000000,50.000000,51.000000,52.000000,53.000000,54.000000,55.000000,56.000000,57.000000,58.000000,59.000000,60.000000,61.000000,62.000000,63.000000,64.000000,65.000000,66.000000,67.000000,68.000000,69.000000,70.000000,71.000000,72.000000,72.000000,73.000000,74.000000,75.000000,75.000000,76.000000,77.000000,78.000000,79.000000,80.000000,81.000000,82.000000,83.000000,84.000000,85.000000,86.000000,87.000000,88.000000,89.000000,90.000000,91.000000,92.000000,93.000000,94.000000,95.000000,96.000000,97.000000,98.000000,99.000000,100.000000,101.000000,102.000000,103.000000,104.000000,105.000000,106.000000,107.000000,108.000000,109.000000,110.000000,111.000000,112.000000,113.000000,114.000000,115.000000,116.000000,117.000000,118.000000,119.000000,120.000000,121.000000,121.000000,121.000000,121.000000,121.000000,121.000000,121.000000,121.000000,121.000000;;0;29824
9ed8f;994b3;9d9a7;0;0;0000000000000070;        37s 221ms 790μs 156ns;279;132;              9ms  79μs 846ns;121.000000;1.090909;0.000000;inf;3;1;Failing;2.000000,3.000000,4.000000,5.000000,6.000000,7.000000,8.000000,9.000000,10.000000,11.000000,12.000000,13.000000,14.000000,15.000000,16.000000,17.000000,18.000000,19.000000,20.000000,21.000000,22.000000,23.000000,24.000000,25.000000,26.000000,27.000000,28.000000,29.000000,30.000000,31.000000,32.000000,33.000000,34.000000,35.000000,36.000000,37.000000,38.000000,39.000000,40.000000,41.000000,42.000000,43.000000,44.000000,45.000000,46.000000,47.000000,48.000000,49.000000,50.000000,51.000000,52.000000,53.000000,54.000000,55.000000,56.000000,57.000000,58.000000,59.000000,60.000000,61.000000,62.000000,63.000000,64.000000,65.000000,66.000000,67.000000,68.000000,69.000000,70.000000,71.000000,72.000000,72.000000,73.000000,74.000000,75.000000,75.000000,76.000000,77.000000,78.000000,79.000000,80.000000,81.000000,82.000000,83.000000,84.000000,85.000000,86.000000,87.000000,88.000000,89.000000,90.000000,91.000000,92.000000,93.000000,94.000000,95.000000,96.000000,97.000000,98.000000,99.000000,100.000000,101.000000,102.000000,103.000000,104.000000,105.000000,106.000000,107.000000,108.000000,109.000000,110.000000,111.000000,112.000000,113.000000,114.000000,115.000000,116.000000,117.000000,118.000000,119.000000,120.000000,121.000000,121.000000,121.000000,121.000000,121.000000,121.000000,121.000000,121.000000,121.000000;;0;29915
a3f7c;9c1ef;9d9a7;0;0;0000000000000070;        39s 327ms 490μs 339ns;283;132;             11ms 698μs 201ns;121.000000;1.090909;0.000000;inf;3;1;Failing;2.000000,3.000000,4.000000,5.000000,6.000000,7.000000,8.000000,9.000000,10.000000,11.000000,12.000000,13.000000,14.000000,15.000000,16.000000,17.000000,18.000000,19.000000,20.000000,21.000000,22.000000,23.000000,24.000000,25.000000,26.000000,27.000000,28.000000,29.000000,30.000000,31.000000,32.000000,33.000000,34.000000,35.000000,36.000000,37.000000,38.000000,39.000000,40.000000,41.000000,42.000000,43.000000,44.000000,45.000000,46.000000,47.000000,48.000000,49.000000,50.000000,51.000000,52.000000,53.000000,54.000000,55.000000,56.000000,57.000000,58.000000,59.000000,60.000000,61.000000,62.000000,63.000000,64.000000,65.000000,66.000000,67.000000,68.000000,69.000000,70.000000,71.000000,72.000000,72.000000,73.000000,74.000000,75.000000,75.000000,76.000000,77.000000,78.000000,79.000000,80.000000,81.000000,82.000000,83.000000,84.000000,85.000000,86.000000,87.000000,88.000000,89.000000,90.000000,91.000000,92.000000,93.000000,94.000000,95.000000,96.000000,97.000000,98.000000,99.000000,100.000000,101.000000,102.000000,103.000000,104.000000,105.000000,106.000000,107.000000,108.000000,109.000000,110.000000,111.000000,112.000000,113.000000,114.000000,115.000000,116.000000,117.000000,118.000000,119.000000,120.000000,121.000000,121.000000,121.000000,121.000000,121.000000,121.000000,121.000000,121.000000,121.000000;;0;31437
a4599;9b17a;9d9a7;0;0;0000000000000070;        39s 411ms 757μs 845ns;250;132;              9ms 886μs 165ns;121.000000;1.090909;0.000000;inf;3;1;Failing;2.000000,3.000000,4.000000,5.000000,6.000000,7.000000,8.000000,9.000000,10.000000,11.000000,12.000000,13.000000,14.000000,15.000000,16.000000,17.000000,18.000000,19.000000,20.000000,21.000000,22.000000,23.000000,24.000000,25.000000,26.000000,27.000000,28.000000,29.000000,30.000000,31.000000,32.000000,33.000000,34.000000,35.000000,36.000000,37.000000,38.000000,39.000000,40.000000,41.000000,42.000000,43.000000,44.000000,45.000000,46.000000,47.000000,48.000000,49.000000,50.000000,51.000000,52.000000,53.000000,54.000000,55.000000,56.000000,57.000000,58.000000,59.000000,60.000000,61.000000,62.000000,63.000000,64.000000,65.000000,66.000000,67.000000,68.000000,69.000000,70.000000,71.000000,72.000000,72.000000,73.000000,74.000000,75.000000,75.000000,76.000000,77.000000,78.000000,79.000000,80.000000,81.000000,82.000000,83.000000,84.000000,85.000000,86.000000,87.000000,88.000000,89.000000,90.000000,91.000000,92.000000,93.000000,94.000000,94.000000,95.000000,96.000000,97.000000,98.000000,99.000000,100.000000,101.000000,102.000000,103.000000,104.000000,105.000000,106.000000,107.000000,108.000000,109.000000,110.000000,111.000000,112.000000,113.000000,114.000000,115.000000,116.000000,117.000000,118.000000,119.000000,120.000000,121.000000,121.000000,121.000000,121.000000,121.000000,121.000000,121.000000,121.000000;;0;31468
99b04;95b76;97c73;0;0;0000000000000070;        35s 569ms 172μs 724ns;275;132;              9ms 808μs 985ns;119.000000;1.109244;0.000000;inf;3;1;Failing;2.000000,3.000000,4.000000,5.000000,6.000000,7.000000,8.000000,9.000000,10.000000,11.000000,12.000000,13.000000,14.000000,15.000000,16.000000,17.000000,18.000000,19.000000,20.000000,21.000000,22.000000,23.000000,24.000000,25.000000,26.000000,27.000000,28.000000,29.000000,30.000000,31.000000,32.000000,33.000000,34.000000,35.000000,36.000000,37.000000,38.000000,39.000000,40.000000,41.000000,42.000000,43.000000,44.000000,45.000000,46.000000,47.000000,48.000000,49.000000,50.000000,51.000000,52.000000,53.000000,54.000000,55.000000,56.000000,57.000000,58.000000,59.000000,60.000000,61.000000,62.000000,63.000000,64.000000,65.000000,66.000000,67.000000,68.000000,69.000000,70.000000,71.000000,72.000000,72.000000,73.000000,74.000000,75.000000,75.000000,76.000000,77.000000,78.000000,79.000000,80.000000,81.000000,82.000000,83.000000,84.000000,85.000000,86.000000,87.000000,88.000000,89.000000,90.000000,91.000000,92.000000,93.000000,94.000000,94.000000,95.000000,96.000000,97.000000,98.000000,99.000000,100.000000,101.000000,102.000000,103.000000,104.000000,105.000000,106.000000,107.000000,108.000000,109.000000,110.000000,111.000000,112.000000,113.000000,114.000000,115.000000,116.000000,117.000000,118.000000,119.000000,119.000000,119.000000,119.000000,119.000000,119.000000,119.000000,119.000000,119.000000,119.000000;;0;29061
9b2a1;95b76;97c73;0;0;0000000000000070;        35s 986ms 744μs 228ns;242;132;              9ms 184μs 582ns;119.000000;1.109244;0.000000;inf;3;1;Failing;2.000000,3.000000,4.000000,5.000000,6.000000,7.000000,8.000000,9.000000,10.000000,11.000000,12.000000,13.000000,14.000000,15.000000,16.000000,17.000000,18.000000,19.000000,20.000000,21.000000,22.000000,23.000000,24.000000,25.000000,26.000000,27.000000,28.000000,29.000000,30.000000,31.000000,32.000000,33.000000,34.000000,35.000000,36.000000,37.000000,38.000000,39.000000,40.000000,41.000000,42.000000,43.000000,44.000000,45.000000,46.000000,47.000000,48.000000,49.000000,50.000000,51.000000,52.000000,53.000000,54.000000,55.000000,56.000000,57.000000,58.000000,59.000000,60.000000,61.000000,62.000000,63.000000,64.000000,65.000000,66.000000,67.000000,68.000000,69.000000,70.000000,71.000000,72.000000,72.000000,73.000000,74.000000,75.000000,75.000000,76.000000,77.000000,78.000000,79.000000,80.000000,81.000000,82.000000,83.000000,84.000000,85.000000,86.000000,87.000000,88.000000,89.000000,90.000000,91.000000,92.000000,93.000000,94.000000,94.000000,95.000000,96.000000,97.000000,98.000000,99.000000,100.000000,101.000000,102.000000,103.000000,104.000000,105.000000,106.000000,107.000000,108.000000,109.000000,110.000000,111.000000,112.000000,113.000000,114.000000,115.000000,116.000000,117.000000,118.000000,119.000000,119.000000,119.000000,119.000000,119.000000,119.000000,119.000000,119.000000,119.000000,119.000000;;0;29284
a3282;9c1ef;9d9a7;0;0;0000000000000070;        39s 123ms 742μs 747ns;277;132;              9ms 680μs  89ns;118.000000;1.118644;0.000000;inf;3;1;Failing;2.000000,3.000000,4.000000,5.000000,6.000000,7.000000,8.000000,9.000000,10.000000,11.000000,12.000000,13.000000,14.000000,15.000000,16.000000,17.000000,18.000000,19.000000,20.000000,21.000000,22.000000,23.000000,24.000000,25.000000,26.000000,27.000000,28.000000,29.000000,30.000000,31.000000,32.000000,33.000000,34.000000,35.000000,36.000000,37.000000,38.000000,39.000000,40.000000,41.000000,42.000000,43.000000,44.000000,45.000000,46.000000,47.000000,48.000000,49.000000,50.000000,51.000000,52.000000,53.000000,54.000000,55.000000,56.000000,57.000000,58.000000,59.000000,60.000000,61.000000,62.000000,63.000000,64.000000,65.000000,66.000000,67.000000,68.000000,69.000000,70.000000,71.000000,72.000000,72.000000,73.000000,74.000000,75.000000,75.000000,76.000000,77.000000,78.000000,79.000000,80.000000,81.000000,82.000000,83.000000,84.000000,85.000000,86.000000,87.000000,88.000000,89.000000,90.000000,91.000000,92.000000,93.000000,94.000000,95.000000,96.000000,97.000000,98.000000,99.000000,100.000000,101.000000,102.000000,103.000000,104.000000,105.000000,106.000000,107.000000,108.000000,109.000000,110.000000,111.000000,112.000000,113.000000,114.000000,115.000000,116.000000,117.000000,118.000000,118.000000,118.000000,118.000000,118.000000,118.000000,118.000000,118.000000,118.000000,118.000000,118.000000,118.000000;;0;31332
9f0c9;9b17a;9d9a7;0;0;0000000000000070;        37s 294ms  78μs 280ns;242;131;              9ms 518μs 279ns;125.000000;1.048000;0.000000;inf;3;1;Failing;2.000000,3.000000,4.000000,5.000000,6.000000,7.000000,8.000000,9.000000,10.000000,11.000000,12.000000,13.000000,14.000000,15.000000,16.000000,17.000000,18.000000,19.000000,20.000000,21.000000,22.000000,23.000000,24.000000,25.000000,26.000000,27.000000,28.000000,29.000000,30.000000,31.000000,32.000000,33.000000,34.000000,35.000000,36.000000,37.000000,38.000000,39.000000,40.000000,41.000000,42.000000,43.000000,44.000000,45.000000,46.000000,47.000000,48.000000,49.000000,50.000000,51.000000,52.000000,53.000000,54.000000,55.000000,56.000000,57.000000,58.000000,59.000000,60.000000,61.000000,62.000000,63.000000,64.000000,65.000000,66.000000,67.000000,68.000000,69.000000,70.000000,71.000000,72.000000,72.000000,73.000000,74.000000,75.000000,75.000000,76.000000,77.000000,78.000000,79.000000,80.000000,81.000000,82.000000,83.000000,84.000000,85.000000,86.000000,87.000000,88.000000,89.000000,90.000000,91.000000,92.000000,93.000000,94.000000,94.000000,95.000000,96.000000,97.000000,98.000000,99.000000,100.000000,101.000000,102.000000,103.000000,104.000000,105.000000,106.000000,107.000000,108.000000,109.000000,110.000000,111.000000,112.000000,113.000000,114.000000,115.000000,116.000000,117.000000,118.000000,119.000000,120.000000,121.000000,122.000000,123.000000,124.000000,125.000000,125.000000,125.000000;;0;29954
a343b;9af41;9d9a7;0;0;0000000000000070;        39s 155ms 659μs 323ns;258;131;             10ms 300μs 391ns;125.000000;1.048000;0.000000;inf;3;1;Failing;2.000000,3.000000,4.000000,5.000000,6.000000,7.000000,8.000000,9.000000,10.000000,11.000000,12.000000,13.000000,14.000000,15.000000,16.000000,17.000000,18.000000,19.000000,20.000000,21.000000,22.000000,23.000000,24.000000,25.000000,26.000000,27.000000,28.000000,29.000000,30.000000,31.000000,32.000000,33.000000,34.000000,35.000000,36.000000,37.000000,38.000000,39.000000,40.000000,41.000000,42.000000,43.000000,44.000000,45.000000,46.000000,47.000000,48.000000,49.000000,50.000000,51.000000,52.000000,53.000000,54.000000,55.000000,56.000000,57.000000,58.000000,59.000000,60.000000,61.000000,62.000000,63.000000,64.000000,65.000000,66.000000,67.000000,68.000000,69.000000,70.000000,71.000000,72.000000,72.000000,73.000000,74.000000,75.000000,75.000000,76.000000,77.000000,78.000000,79.000000,80.000000,81.000000,82.000000,83.000000,84.000000,85.000000,86.000000,87.000000,88.000000,89.000000,90.000000,91.000000,92.000000,93.000000,94.000000,94.000000,95.000000,96.000000,97.000000,98.000000,99.000000,100.000000,101.000000,102.000000,103.000000,104.000000,105.000000,106.000000,107.000000,108.000000,109.000000,110.000000,111.000000,112.000000,113.000000,114.000000,115.000000,116.000000,117.000000,118.000000,119.000000,120.000000,121.000000,122.000000,123.000000,124.000000,125.000000,125.000000,125.000000;;0;31348
a3ace;9b17a;9d9a7;0;0;0000000000000070;        39s 257ms 275μs 941ns;287;131;              9ms 960μs 250ns;125.000000;1.048000;0.000000;inf;3;1;Failing;2.000000,3.000000,4.000000,5.000000,6.000000,7.000000,8.000000,9.000000,10.000000,11.000000,12.000000,13.000000,14.000000,15.000000,16.000000,17.000000,18.000000,19.000000,20.000000,21.000000,22.000000,23.000000,24.000000,25.000000,26.000000,27.000000,28.000000,29.000000,30.000000,31.000000,32.000000,33.000000,34.000000,35.000000,36.000000,37.000000,38.000000,39.000000,40.000000,41.000000,42.000000,43.000000,44.000000,45.000000,46.000000,47.000000,48.000000,49.000000,50.000000,51.000000,52.000000,53.000000,54.000000,55.000000,56.000000,57.000000,58.000000,59.000000,60.000000,61.000000,62.000000,63.000000,64.000000,65.000000,66.000000,67.000000,68.000000,69.000000,70.000000,71.000000,72.000000,72.000000,73.000000,74.000000,75.000000,75.000000,76.000000,77.000000,78.000000,79.000000,80.000000,81.000000,82.000000,83.000000,84.000000,85.000000,86.000000,87.000000,88.000000,89.000000,90.000000,91.000000,92.000000,93.000000,94.000000,94.000000,95.000000,96.000000,97.000000,98.000000,99.000000,100.000000,101.000000,102.000000,103.000000,104.000000,105.000000,106.000000,107.000000,108.000000,109.000000,110.000000,111.000000,112.000000,113.000000,114.000000,115.000000,116.000000,117.000000,118.000000,119.000000,120.000000,121.000000,122.000000,123.000000,124.000000,124.000000,124.000000,125.000000;;0;31399
a4c90;9d665;9d9a7;0;0;0000000000000078;        39s 496ms 105μs 554ns;269;131;             10ms 474μs 468ns;125.000000;1.048000;0.000000;inf;3;1;Failing;2.000000,3.000000,4.000000,5.000000,6.000000,7.000000,8.000000,9.000000,10.000000,11.000000,12.000000,13.000000,14.000000,15.000000,16.000000,17.000000,18.000000,19.000000,20.000000,21.000000,22.000000,23.000000,24.000000,25.000000,26.000000,27.000000,28.000000,29.000000,30.000000,31.000000,32.000000,33.000000,34.000000,35.000000,36.000000,37.000000,38.000000,39.000000,40.000000,41.000000,42.000000,43.000000,44.000000,45.000000,46.000000,47.000000,48.000000,49.000000,50.000000,51.000000,52.000000,53.000000,54.000000,55.000000,56.000000,57.000000,58.000000,59.000000,60.000000,61.000000,62.000000,63.000000,64.000000,65.000000,66.000000,67.000000,68.000000,69.000000,70.000000,71.000000,72.000000,72.000000,73.000000,74.000000,75.000000,75.000000,76.000000,77.000000,78.000000,79.000000,80.000000,81.000000,82.000000,83.000000,84.000000,85.000000,86.000000,87.000000,88.000000,89.000000,90.000000,91.000000,92.000000,93.000000,94.000000,94.000000,95.000000,96.000000,97.000000,98.000000,99.000000,100.000000,101.000000,102.000000,103.000000,104.000000,105.000000,106.000000,107.000000,108.000000,109.000000,110.000000,111.000000,112.000000,113.000000,114.000000,115.000000,116.000000,117.000000,118.000000,119.000000,120.000000,121.000000,122.000000,123.000000,124.000000,125.000000,125.000000,125.000000;;0;31515
9e538;9b17a;9d9a7;0;0;0000000000000070;        36s 994ms 940μs 577ns;231;131;              9ms 498μs  69ns;124.000000;1.056452;0.000000;inf;3;1;Failing;2.000000,3.000000,4.000000,5.000000,6.000000,7.000000,8.000000,9.000000,10.000000,11.000000,12.000000,13.000000,14.000000,15.000000,16.000000,17.000000,18.000000,19.000000,20.000000,21.000000,22.000000,23.000000,24.000000,25.000000,26.000000,27.000000,28.000000,29.000000,30.000000,31.000000,32.000000,33.000000,34.000000,35.000000,36.000000,37.000000,38.000000,39.000000,40.000000,41.000000,42.000000,43.000000,44.000000,45.000000,46.000000,47.000000,48.000000,49.000000,50.000000,51.000000,52.000000,53.000000,54.000000,55.000000,56.000000,57.000000,58.000000,59.000000,60.000000,61.000000,62.000000,63.000000,64.000000,65.000000,66.000000,67.000000,68.000000,69.000000,70.000000,71.000000,72.000000,72.000000,73.000000,74.000000,75.000000,75.000000,76.000000,77.000000,78.000000,79.000000,80.000000,81.000000,82.000000,83.000000,84.000000,85.000000,86.000000,87.000000,88.000000,89.000000,90.000000,91.000000,92.000000,93.000000,94.000000,94.000000,95.000000,96.000000,97.000000,98.000000,99.000000,100.000000,101.000000,102.000000,103.000000,104.000000,105.000000,106.000000,107.000000,108.000000,109.000000,110.000000,111.000000,112.000000,113.000000,114.000000,115.000000,116.000000,117.000000,118.000000,119.000000,120.000000,121.000000,122.000000,123.000000,124.000000,124.000000,124.000000,124.000000;;0;29797
9ffd8;9b17a;9d9a7;0;0;0000000000000070;        37s 545ms 896μs 315ns;283;131;             10ms  41μs 374ns;124.000000;1.056452;0.000000;inf;3;1;Failing;2.000000,3.000000,4.000000,5.000000,6.000000,7.000000,8.000000,9.000000,10.000000,11.000000,12.000000,13.000000,14.000000,15.000000,16.000000,17.000000,18.000000,19.000000,20.000000,21.000000,22.000000,23.000000,24.000000,25.000000,26.000000,27.000000,28.000000,29.000000,30.000000,31.000000,32.000000,33.000000,34.000000,35.000000,36.000000,37.000000,38.000000,39.000000,40.000000,41.000000,42.000000,43.000000,44.000000,45.000000,46.000000,47.000000,48.000000,49.000000,50.000000,51.000000,52.000000,53.000000,54.000000,55.000000,56.000000,57.000000,58.000000,59.000000,60.000000,61.000000,62.000000,63.000000,64.000000,65.000000,66.000000,67.000000,68.000000,69.000000,70.000000,71.000000,72.000000,72.000000,73.000000,74.000000,75.000000,75.000000,76.000000,77.000000,78.000000,79.000000,80.000000,81.000000,82.000000,83.000000,84.000000,85.000000,86.000000,87.000000,88.000000,89.000000,90.000000,91.000000,92.000000,93.000000,94.000000,94.000000,95.000000,96.000000,97.000000,98.000000,99.000000,100.000000,101.000000,102.000000,103.000000,104.000000,105.000000,106.000000,107.000000,108.000000,109.000000,110.000000,111.000000,112.000000,113.000000,114.000000,115.000000,116.000000,117.000000,118.000000,119.000000,120.000000,121.000000,122.000000,123.000000,124.000000,124.000000,124.000000,124.000000;;0;30096
a3f7a;9b17a;9d9a7;0;0;0000000000000070;        39s 327ms 482μs 366ns;288;131;              9ms 706μs 907ns;124.000000;1.056452;0.000000;inf;3;1;Failing;2.000000,3.000000,4.000000,5.000000,6.000000,7.000000,8.000000,9.000000,10.000000,11.000000,12.000000,13.000000,14.000000,15.000000,16.000000,17.000000,18.000000,19.000000,20.000000,21.000000,22.000000,23.000000,24.000000,25.000000,26.000000,27.000000,28.000000,29.000000,30.000000,31.000000,32.000000,33.000000,34.000000,35.000000,36.000000,37.000000,38.000000,39.000000,40.000000,41.000000,42.000000,43.000000,44.000000,45.000000,46.000000,47.000000,48.000000,49.000000,50.000000,51.000000,52.000000,53.000000,54.000000,55.000000,56.000000,57.000000,58.000000,59.000000,60.000000,61.000000,62.000000,63.000000,64.000000,65.000000,66.000000,67.000000,68.000000,69.000000,70.000000,71.000000,72.000000,72.000000,73.000000,74.000000,75.000000,75.000000,76.000000,77.000000,78.000000,79.000000,80.000000,81.000000,82.000000,83.000000,84.000000,85.000000,86.000000,87.000000,88.000000,89.000000,90.000000,91.000000,92.000000,93.000000,94.000000,94.000000,95.000000,96.000000,97.000000,98.000000,99.000000,100.000000,101.000000,102.000000,103.000000,104.000000,105.000000,106.000000,107.000000,108.000000,109.000000,110.000000,111.000000,112.000000,113.000000,114.000000,115.000000,116.000000,117.000000,118.000000,119.000000,120.000000,121.000000,122.000000,123.000000,124.000000,124.000000,124.000000,124.000000;;0;31434
a484d;9b17a;9d9a7;0;0;0000000000000070;        39s 445ms 841μs 524ns;290;131;             10ms 234μs 102ns;124.000000;1.056452;0.000000;inf;3;1;Failing;2.000000,3.000000,4.000000,5.000000,6.000000,7.000000,8.000000,9.000000,10.000000,11.000000,12.000000,13.000000,14.000000,15.000000,16.000000,17.000000,18.000000,19.000000,20.000000,21.000000,22.000000,23.000000,24.000000,25.000000,26.000000,27.000000,28.000000,29.000000,30.000000,31.000000,32.000000,33.000000,34.000000,35.000000,36.000000,37.000000,38.000000,39.000000,40.000000,41.000000,42.000000,43.000000,44.000000,45.000000,46.000000,47.000000,48.000000,49.000000,50.000000,51.000000,52.000000,53.000000,54.000000,55.000000,56.000000,57.000000,58.000000,59.000000,60.000000,61.000000,62.000000,63.000000,64.000000,65.000000,66.000000,67.000000,68.000000,69.000000,70.000000,71.000000,72.000000,72.000000,73.000000,74.000000,75.000000,75.000000,76.000000,77.000000,78.000000,79.000000,80.000000,81.000000,82.000000,83.000000,84.000000,85.000000,86.000000,87.000000,88.000000,89.000000,90.000000,91.000000,92.000000,93.000000,94.000000,94.000000,95.000000,96.000000,97.000000,98.000000,99.000000,100.000000,101.000000,102.000000,103.000000,104.000000,105.000000,106.000000,107.000000,108.000000,109.000000,110.000000,111.000000,112.000000,113.000000,114.000000,115.000000,116.000000,117.000000,118.000000,119.000000,120.000000,121.000000,122.000000,123.000000,123.000000,123.000000,124.000000,124.000000;;0;31487
9f106;9b17a;9d9a7;0;0;0000000000000070;        37s 299ms 935μs 218ns;315;131;              9ms 347μs 540ns;123.000000;1.065041;0.000000;inf;3;1;Failing;2.000000,3.000000,4.000000,5.000000,6.000000,7.000000,8.000000,9.000000,10.000000,11.000000,12.000000,13.000000,14.000000,15.000000,16.000000,17.000000,18.000000,19.000000,20.000000,21.000000,22.000000,23.000000,24.000000,25.000000,26.000000,27.000000,28.000000,29.000000,30.000000,31.000000,32.000000,33.000000,34.000000,35.000000,36.000000,37.000000,38.000000,39.000000,40.000000,41.000000,42.000000,43.000000,44.000000,45.000000,46.000000,47.000000,48.000000,49.000000,50.000000,51.000000,52.000000,53.000000,54.000000,55.000000,56.000000,57.000000,58.000000,59.000000,60.000000,61.000000,62.000000,63.000000,64.000000,65.000000,66.000000,67.000000,68.000000,69.000000,70.000000,71.000000,72.000000,72.000000,73.000000,74.000000,75.000000,75.000000,76.000000,77.000000,78.000000,79.000000,80.000000,81.000000,82.000000,83.000000,84.000000,85.000000,86.000000,87.000000,88.000000,89.000000,90.000000,91.000000,92.000000,93.000000,94.000000,94.000000,95.000000,96.000000,97.000000,98.000000,99.000000,100.000000,101.000000,102.000000,103.000000,104.000000,105.000000,106.000000,107.000000,108.000000,109.000000,110.000000,111.000000,112.000000,113.000000,114.000000,115.000000,116.000000,117.000000,118.000000,119.000000,120.000000,121.000000,122.000000,123.000000,123.000000,123.000000,123.000000,123.000000;;0;29954
a03c7;9c1ef;9d9a7;0;0;0000000000000070;        37s 604ms 719μs 101ns;230;131;              9ms 529μs 312ns;123.000000;1.065041;0.000000;inf;3;1;Failing;2.000000,3.000000,4.000000,5.000000,6.000000,7.000000,8.000000,9.000000,10.000000,11.000000,12.000000,13.000000,14.000000,15.000000,16.000000,17.000000,18.000000,19.000000,20.000000,21.000000,22.000000,23.000000,24.000000,25.000000,26.000000,27.000000,28.000000,29.000000,30.000000,31.000000,32.000000,33.000000,34.000000,35.000000,36.000000,37.000000,38.000000,39.000000,40.000000,41.000000,42.000000,43.000000,44.000000,45.000000,46.000000,47.000000,48.000000,49.000000,50.000000,51.000000,52.000000,53.000000,54.000000,55.000000,56.000000,57.000000,58.000000,59.000000,60.000000,61.000000,62.000000,63.000000,64.000000,65.000000,66.000000,67.000000,68.000000,69.000000,70.000000,71.000000,72.000000,72.000000,73.000000,74.000000,75.000000,75.000000,76.000000,77.000000,78.000000,79.000000,80.000000,81.000000,82.000000,83.000000,84.000000,85.000000,86.000000,87.000000,88.000000,89.000000,90.000000,91.000000,92.000000,93.000000,94.000000,95.000000,96.000000,97.000000,98.000000,99.000000,100.000000,101.000000,102.000000,103.000000,104.000000,105.000000,106.000000,107.000000,108.000000,109.000000,110.000000,111.000000,112.000000,113.000000,114.000000,115.000000,116.000000,117.000000,118.000000,119.000000,120.000000,121.000000,122.000000,122.000000,122.000000,122.000000,122.000000,123.000000,123.000000;;0;30147
a041d;9b17a;9d9a7;0;0;0000000000000070;        37s 608ms 650μs 220ns;293;131;              9ms 187μs 931ns;123.000000;1.065041;0.000000;inf;3;1;Failing;2.000000,3.000000,4.000000,5.000000,6.000000,7.000000,8.000000,9.000000,10.000000,11.000000,12.000000,13.000000,14.000000,15.000000,16.000000,17.000000,18.000000,19.000000,20.000000,21.000000,22.000000,23.000000,24.000000,25.000000,26.000000,27.000000,28.000000,29.000000,30.000000,31.000000,32.000000,33.000000,34.000000,35.000000,36.000000,37.000000,38.000000,39.000000,40.000000,41.000000,42.000000,43.000000,44.000000,45.000000,46.000000,47.000000,48.000000,49.000000,50.000000,51.000000,52.000000,53.000000,54.000000,55.000000,56.000000,57.000000,58.000000,59.000000,60.000000,61.000000,62.000000,63.000000,64.000000,65.000000,66.000000,67.000000,68.000000,69.000000,70.000000,71.000000,72.000000,72.000000,73.000000,74.000000,75.000000,75.000000,76.000000,77.000000,78.000000,79.000000,80.000000,81.000000,82.000000,83.000000,84.000000,85.000000,86.000000,87.000000,88.000000,89.000000,90.000000,91.000000,92.000000,93.000000,94.000000,94.000000,95.000000,96.000000,97.000000,98.000000,99.000000,100.000000,101.000000,102.000000,103.000000,104.000000,105.000000,106.000000,107.000000,108.000000,109.000000,110.000000,111.000000,112.000000,113.000000,114.000000,115.000000,116.000000,117.000000,118.000000,119.000000,120.000000,121.000000,122.000000,123.000000,123.000000,123.000000,123.000000,123.000000;;0;30151
a2e8b;9c1ef;9d9a7;0;0;0000000000000070;        39s  67ms 172μs 540ns;282;131;             10ms 131μs  22ns;123.000000;1.065041;0.000000;inf;3;1;Failing;2.000000,3.000000,4.000000,5.000000,6.000000,7.000000,8.000000,9.000000,10.000000,11.000000,12.000000,13.000000,14.000000,15.000000,16.000000,17.000000,18.000000,19.000000,20.000000,21.000000,22.000000,23.000000,24.000000,25.000000,26.000000,27.000000,28.000000,29.000000,30.000000,31.000000,32.000000,33.000000,34.000000,35.000000,36.000000,37.000000,38.000000,39.000000,40.000000,41.000000,42.000000,43.000000,44.000000,45.000000,46.000000,47.000000,48.000000,49.000000,50.000000,51.000000,52.000000,53.000000,54.000000,55.000000,56.000000,57.000000,58.000000,59.000000,60.000000,61.000000,62.000000,63.000000,64.000000,65.000000,66.000000,67.000000,68.000000,69.000000,70.000000,71.000000,72.000000,72.000000,73.000000,74.000000,75.000000,75.000000,76.000000,77.000000,78.000000,79.000000,80.000000,81.000000,82.000000,83.000000,84.000000,85.000000,86.000000,87.000000,88.000000,89.000000,90.000000,91.000000,92.000000,93.000000,94.000000,95.000000,96.000000,97.000000,98.000000,99.000000,100.000000,101.000000,102.000000,103.000000,104.000000,105.000000,106.000000,107.000000,108.000000,109.000000,110.000000,111.000000,112.000000,113.000000,114.000000,115.000000,116.000000,117.000000,118.000000,119.000000,120.000000,121.000000,122.000000,122.000000,122.000000,122.000000,122.000000,123.000000,123.000000;;0;31304
a54f9;9b17a;9d9a7;0;0;0000000000000070;        39s 601ms 515μs 698ns;257;131;              9ms 889μs 343ns;123.000000;1.065041;0.000000;inf;3;1;Failing;2.000000,3.000000,4.000000,5.000000,6.000000,7.000000,8.000000,9.000000,10.000000,11.000000,12.000000,13.000000,14.000000,15.000000,16.000000,17.000000,18.000000,19.000000,20.000000,21.000000,22.000000,23.000000,24.000000,25.000000,26.000000,27.000000,28.000000,29.000000,30.000000,31.000000,32.000000,33.000000,34.000000,35.000000,36.000000,37.000000,38.000000,39.000000,40.000000,41.000000,42.000000,43.000000,44.000000,45.000000,46.000000,47.000000,48.000000,49.000000,50.000000,51.000000,52.000000,53.000000,54.000000,55.000000,56.000000,57.000000,58.000000,59.000000,60.000000,61.000000,62.000000,63.000000,64.000000,65.000000,66.000000,67.000000,68.000000,69.000000,70.000000,71.000000,72.000000,72.000000,73.000000,74.000000,75.000000,75.000000,76.000000,77.000000,78.000000,79.000000,80.000000,81.000000,82.000000,83.000000,84.000000,85.000000,86.000000,87.000000,88.000000,89.000000,90.000000,91.000000,92.000000,93.000000,94.000000,94.000000,95.000000,96.000000,97.000000,98.000000,99.000000,100.000000,101.000000,102.000000,103.000000,104.000000,105.000000,106.000000,107.000000,108.000000,109.000000,110.000000,111.000000,112.000000,113.000000,114.000000,115.000000,116.000000,117.000000,118.000000,119.000000,120.000000,121.000000,122.000000,123.000000,123.000000,123.000000,123.000000,123.000000;;0;31565
9df4b;9b17a;9d9a7;0;0;0000000000000070;        36s 811ms 623μs 774ns;227;131;              9ms 547μs 979ns;122.000000;1.073770;0.000000;inf;3;1;Failing;2.000000,3.000000,4.000000,5.000000,6.000000,7.000000,8.000000,9.000000,10.000000,11.000000,12.000000,13.000000,14.000000,15.000000,16.000000,17.000000,18.000000,19.000000,20.000000,21.000000,22.000000,23.000000,24.000000,25.000000,26.000000,27.000000,28.000000,29.000000,30.000000,31.000000,32.000000,33.000000,34.000000,35.000000,36.000000,37.000000,38.000000,39.000000,40.000000,41.000000,42.000000,43.000000,44.000000,45.000000,46.000000,47.000000,48.000000,49.000000,50.000000,51.000000,52.000000,53.000000,54.000000,55.000000,56.000000,57.000000,58.000000,59.000000,60.000000,61.000000,62.000000,63.000000,64.000000,65.000000,66.000000,67.000000,68.000000,69.000000,70.000000,71.000000,72.000000,72.000000,73.000000,74.000000,75.000000,75.000000,76.000000,77.000000,78.000000,79.000000,80.000000,81.000000,82.000000,83.000000,84.000000,85.000000,86.000000,87.000000,88.000000,89.000000,90.000000,91.000000,92.000000,93.000000,94.000000,94.000000,95.000000,96.000000,97.000000,98.000000,99.000000,100.000000,101.000000,102.000000,103.000000,104.000000,105.000000,106.000000,107.000000,108.000000,109.000000,110.000000,111.000000,112.000000,113.000000,114.000000,115.000000,116.000000,117.000000,118.000000,119.000000,120.000000,121.000000,122.000000,122.000000,122.000000,122.000000,122.000000,122.000000;;0;29698
9e978;9c1ef;9d9a7;0;0;0000000000000070;        37s 120ms 639μs 138ns;245;131;              9ms 368μs 383ns;122.000000;1.073770;0.000000;inf;3;1;Failing;2.000000,3.000000,4.000000,5.000000,6.000000,7.000000,8.000000,9.000000,10.000000,11.000000,12.000000,13.000000,14.000000,15.000000,16.000000,17.000000,18.000000,19.000000,20.000000,21.000000,22.000000,23.000000,24.000000,25.000000,26.000000,27.000000,28.000000,29.000000,30.000000,31.000000,32.000000,33.000000,34.000000,35.000000,36.000000,37.000000,38.000000,39.000000,40.000000,41.000000,42.000000,43.000000,44.000000,45.000000,46.000000,47.000000,48.000000,49.000000,50.000000,51.000000,52.000000,53.000000,54.000000,55.000000,56.000000,57.000000,58.000000,59.000000,60.000000,61.000000,62.000000,63.000000,64.000000,65.000000,66.000000,67.000000,68.000000,69.000000,70.000000,71.000000,72.000000,72.000000,73.000000,74.000000,75.000000,75.000000,76.000000,77.000000,78.000000,79.000000,80.000000,81.000000,82.000000,83.000000,84.000000,85.000000,86.000000,87.000000,88.000000,89.000000,90.000000,91.000000,92.000000,93.000000,94.000000,95.000000,96.000000,97.000000,98.000000,99.000000,100.000000,101.000000,102.000000,103.000000,104.000000,105.000000,106.000000,107.000000,108.000000,109.000000,110.000000,111.000000,112.000000,113.000000,114.000000,115.000000,116.000000,117.000000,118.000000,119.000000,120.000000,121.000000,122.000000,122.000000,122.000000,122.000000,122.000000,122.000000,122.000000;;0;29860
9f8e9;9b17a;9d9a7;0;0;0000000000000070;        37s 434ms 957μs 705ns;285;131;              9ms 450μs 246ns;122.000000;1.073770;0.000000;inf;3;1;Failing;2.000000,3.000000,4.000000,5.000000,6.000000,7.000000,8.000000,9.000000,10.000000,11.000000,12.000000,13.000000,14.000000,15.000000,16.000000,17.000000,18.000000,19.000000,20.000000,21.000000,22.000000,23.000000,24.000000,25.000000,26.000000,27.000000,28.000000,29.000000,30.000000,31.000000,32.000000,33.000000,34.000000,35.000000,36.000000,37.000000,38.000000,39.000000,40.000000,41.000000,42.000000,43.000000,44.000000,45.000000,46.000000,47.000000,48.000000,49.000000,50.000000,51.000000,52.000000,53.000000,54.000000,55.000000,56.000000,57.000000,58.000000,59.000000,60.000000,61.000000,62.000000,63.000000,64.000000,65.000000,66.000000,67.000000,68.000000,69.000000,70.000000,71.000000,72.000000,72.000000,73.000000,74.000000,75.000000,75.000000,76.000000,77.000000,78.000000,79.000000,80.000000,81.000000,82.000000,83.000000,84.000000,85.000000,86.000000,87.000000,88.000000,89.000000,90.000000,91.000000,92.000000,93.000000,94.000000,94.000000,95.000000,96.000000,97.000000,98.000000,99.000000,100.000000,101.000000,102.000000,103.000000,104.000000,105.000000,106.000000,107.000000,108.000000,109.000000,110.000000,111.000000,112.000000,113.000000,114.000000,115.000000,116.000000,117.000000,118.000000,119.000000,120.000000,121.000000,122.000000,122.000000,122.000000,122.000000,122.000000,122.000000;;0;30025
9fa1d;9c1ef;9d9a7;0;0;0000000000000070;        37s 459ms 341μs 187ns;259;131;              8ms 985μs 950ns;122.000000;1.073770;0.000000;inf;3;1;Failing;2.000000,3.000000,4.000000,5.000000,6.000000,7.000000,8.000000,9.000000,10.000000,11.000000,12.000000,13.000000,14.000000,15.000000,16.000000,17.000000,18.000000,19.000000,20.000000,21.000000,22.000000,23.000000,24.000000,25.000000,26.000000,27.000000,28.000000,29.000000,30.000000,31.000000,32.000000,33.000000,34.000000,35.000000,36.000000,37.000000,38.000000,39.000000,40.000000,41.000000,42.000000,43.000000,44.000000,45.000000,46.000000,47.000000,48.000000,49.000000,50.000000,51.000000,52.000000,53.000000,54.000000,55.000000,56.000000,57.000000,58.000000,59.000000,60.000000,61.000000,62.000000,63.000000,64.000000,65.000000,66.000000,67.000000,68.000000,69.000000,70.000000,71.000000,72.000000,72.000000,73.000000,74.000000,75.000000,75.000000,76.000000,77.000000,78.000000,79.000000,80.000000,81.000000,82.000000,83.000000,84.000000,85.000000,86.000000,87.000000,88.000000,89.000000,90.000000,91.000000,92.000000,93.000000,94.000000,95.000000,96.000000,97.000000,98.000000,99.000000,100.000000,101.000000,102.000000,103.000000,104.000000,105.000000,106.000000,107.000000,108.000000,109.000000,110.000000,111.000000,112.000000,113.000000,114.000000,115.000000,116.000000,117.000000,118.000000,119.000000,120.000000,121.000000,122.000000,122.000000,122.000000,122.000000,122.000000,122.000000,122.000000;;0;30039
9ffb4;9c4bf;9d9a7;0;0;0000000000000070;        37s 544ms 725μs 691ns;276;131;              9ms 738μs 205ns;122.000000;1.073770;0.000000;inf;3;1;Failing;2.000000,3.000000,4.000000,5.000000,6.000000,7.000000,8.000000,9.000000,10.000000,11.000000,12.000000,13.000000,14.000000,15.000000,16.000000,17.000000,18.000000,19.000000,20.000000,21.000000,22.000000,23.000000,24.000000,25.000000,26.000000,27.000000,28.000000,29.000000,30.000000,31.000000,32.000000,33.000000,34.000000,35.000000,36.000000,37.000000,38.000000,39.000000,40.000000,41.000000,42.000000,43.000000,44.000000,45.000000,46.000000,47.000000,48.000000,49.000000,50.000000,51.000000,52.000000,53.000000,54.000000,55.000000,56.000000,57.000000,58.000000,59.000000,60.000000,61.000000,62.000000,63.000000,64.000000,65.000000,66.000000,67.000000,68.000000,69.000000,70.000000,71.000000,72.000000,72.000000,73.000000,74.000000,75.000000,75.000000,76.000000,77.000000,78.000000,79.000000,80.000000,81.000000,82.000000,83.000000,84.000000,85.000000,86.000000,87.000000,88.000000,89.000000,90.000000,91.000000,92.000000,93.000000,94.000000,95.000000,96.000000,97.000000,98.000000,99.000000,100.000000,101.000000,102.000000,103.000000,104.000000,105.000000,106.000000,107.000000,108.000000,109.000000,110.000000,111.000000,112.000000,113.000000,114.000000,115.000000,116.000000,116.000000,116.000000,117.000000,118.000000,119.000000,120.000000,121.000000,122.000000,122.000000,122.000000,122.000000,122.000000;;0;30094
a2abf;9d665;9d9a7;0;0;0000000000000070;        39s   8ms 806μs 743ns;228;131;             10ms  29μs 616ns;122.000000;1.073770;0.000000;inf;3;1;Failing;2.000000,3.000000,4.000000,5.000000,6.000000,7.000000,8.000000,9.000000,10.000000,11.000000,12.000000,13.000000,14.000000,15.000000,16.000000,17.000000,18.000000,19.000000,20.000000,21.000000,22.000000,23.000000,24.000000,25.000000,26.000000,27.000000,28.000000,29.000000,30.000000,31.000000,32.000000,33.000000,34.000000,35.000000,36.000000,37.000000,38.000000,39.000000,40.000000,41.000000,42.000000,43.000000,44.000000,45.000000,46.000000,47.000000,48.000000,49.000000,50.000000,51.000000,52.000000,53.000000,54.000000,55.000000,56.000000,57.000000,58.000000,59.000000,60.000000,61.000000,62.000000,63.000000,64.000000,65.000000,66.000000,67.000000,68.000000,69.000000,70.000000,71.000000,72.000000,72.000000,73.000000,74.000000,75.000000,75.000000,76.000000,77.000000,78.000000,79.000000,80.000000,81.000000,82.000000,83.000000,84.000000,85.000000,86.000000,87.000000,88.000000,89.000000,90.000000,91.000000,92.000000,93.000000,94.000000,94.000000,95.000000,96.000000,97.000000,98.000000,99.000000,100.000000,101.000000,102.000000,103.000000,104.000000,105.000000,106.000000,107.000000,108.000000,109.000000,110.000000,111.000000,112.000000,113.000000,114.000000,115.000000,116.000000,117.000000,118.000000,119.000000,120.000000,121.000000,122.000000,122.000000,122.000000,122.000000,122.000000,122.000000;;0;31272
a3868;9c1ef;9d9a7;0;0;0000000000000070;        39s 209ms 637μs  90ns;266;131;              8ms 741μs 761ns;122.000000;1.073770;0.000000;inf;3;1;Failing;2.000000,3.000000,4.000000,5.000000,6.000000,7.000000,8.000000,9.000000,10.000000,11.000000,12.000000,13.000000,14.000000,15.000000,16.000000,17.000000,18.000000,19.000000,20.000000,21.000000,22.000000,23.000000,24.000000,25.000000,26.000000,27.000000,28.000000,29.000000,30.000000,31.000000,32.000000,33.000000,34.000000,35.000000,36.000000,37.000000,38.000000,39.000000,40.000000,41.000000,42.000000,43.000000,44.000000,45.000000,46.000000,47.000000,48.000000,49.000000,50.000000,51.000000,52.000000,53.000000,54.000000,55.000000,56.000000,57.000000,58.000000,59.000000,60.000000,61.000000,62.000000,63.000000,64.000000,65.000000,66.000000,67.000000,68.000000,69.000000,70.000000,71.000000,72.000000,72.000000,73.000000,74.000000,75.000000,75.000000,76.000000,77.000000,78.000000,79.000000,80.000000,81.000000,82.000000,83.000000,84.000000,85.000000,86.000000,87.000000,88.000000,89.000000,90.000000,91.000000,92.000000,93.000000,94.000000,95.000000,96.000000,97.000000,98.000000,99.000000,100.000000,101.000000,102.000000,103.000000,104.000000,105.000000,106.000000,107.000000,108.000000,109.000000,110.000000,111.000000,112.000000,113.000000,114.000000,115.000000,116.000000,117.000000,118.000000,119.000000,120.000000,121.000000,122.000000,122.000000,122.000000,122.000000,122.000000,122.000000,122.000000;;0;31376
a38eb;9c44f;9d9a7;0;0;0000000000000070;        39s 220ms 641μs 521ns;299;131;              9ms 359μs 761ns;122.000000;1.073770;0.000000;inf;3;1;Failing;2.000000,3.000000,4.000000,5.000000,6.000000,7.000000,8.000000,9.000000,10.000000,11.000000,12.000000,13.000000,14.000000,15.000000,16.000000,17.000000,18.000000,19.000000,20.000000,21.000000,22.000000,23.000000,24.000000,25.000000,26.000000,27.000000,28.000000,29.000000,30.000000,31.000000,32.000000,33.000000,34.000000,35.000000,36.000000,37.000000,38.000000,39.000000,40.000000,41.000000,42.000000,43.000000,44.000000,45.000000,46.000000,47.000000,48.000000,49.000000,50.000000,51.000000,52.000000,53.000000,54.000000,55.000000,56.000000,57.000000,58.000000,59.000000,60.000000,61.000000,62.000000,63.000000,64.000000,65.000000,66.000000,67.000000,68.000000,69.000000,70.000000,71.000000,72.000000,72.000000,73.000000,74.000000,75.000000,75.000000,76.000000,77.000000,78.000000,79.000000,80.000000,81.000000,82.000000,83.000000,84.000000,85.000000,86.000000,87.000000,88.000000,89.000000,90.000000,91.000000,92.000000,93.000000,94.000000,95.000000,96.000000,97.000000,98.000000,99.000000,100.000000,101.000000,102.000000,103.000000,104.000000,105.000000,106.000000,107.000000,108.000000,109.000000,110.000000,111.000000,112.000000,113.000000,114.000000,115.000000,116.000000,117.000000,118.000000,119.000000,120.000000,120.000000,120.000000,120.000000,120.000000,120.000000,120.000000,121.000000,122.000000;;0;31380
a4969;9af41;9d9a7;0;0;0000000000000070;        39s 460ms 814μs 752ns;260;131;             11ms 616μs  17ns;122.000000;1.073770;0.000000;inf;3;1;Failing;2.000000,3.000000,4.000000,5.000000,6.000000,7.000000,8.000000,9.000000,10.000000,11.000000,12.000000,13.000000,14.000000,15.000000,16.000000,17.000000,18.000000,19.000000,20.000000,21.000000,22.000000,23.000000,24.000000,25.000000,26.000000,27.000000,28.000000,29.000000,30.000000,31.000000,32.000000,33.000000,34.000000,35.000000,36.000000,37.000000,38.000000,39.000000,40.000000,41.000000,42.000000,43.000000,44.000000,45.000000,46.000000,47.000000,48.000000,49.000000,50.000000,51.000000,52.000000,53.000000,54.000000,55.000000,56.000000,57.000000,58.000000,59.000000,60.000000,61.000000,62.000000,63.000000,64.000000,65.000000,66.000000,67.000000,68.000000,69.000000,70.000000,71.000000,72.000000,72.000000,73.000000,74.000000,75.000000,75.000000,76.000000,77.000000,78.000000,79.000000,80.000000,81.000000,82.000000,83.000000,84.000000,85.000000,86.000000,87.000000,88.000000,89.000000,90.000000,91.000000,92.000000,93.000000,94.000000,94.000000,95.000000,96.000000,97.000000,98.000000,99.000000,100.000000,101.000000,102.000000,103.000000,104.000000,105.000000,106.000000,107.000000,108.000000,109.000000,110.000000,111.000000,112.000000,113.000000,114.000000,115.000000,116.000000,117.000000,118.000000,119.000000,120.000000,121.000000,122.000000,122.000000,122.000000,122.000000,122.000000,122.000000;;0;31499
a4cf3;9c1ef;9d9a7;0;0;0000000000000070;        39s 500ms 965μs  73ns;310;131;              8ms 906μs 858ns;122.000000;1.073770;0.000000;inf;3;1;Failing;2.000000,3.000000,4.000000,5.000000,6.000000,7.000000,8.000000,9.000000,10.000000,11.000000,12.000000,13.000000,14.000000,15.000000,16.000000,17.000000,18.000000,19.000000,20.000000,21.000000,22.000000,23.000000,24.000000,25.000000,26.000000,27.000000,28.000000,29.000000,30.000000,31.000000,32.000000,33.000000,34.000000,35.000000,36.000000,37.000000,38.000000,39.000000,40.000000,41.000000,42.000000,43.000000,44.000000,45.000000,46.000000,47.000000,48.000000,49.000000,50.000000,51.000000,52.000000,53.000000,54.000000,55.000000,56.000000,57.000000,58.000000,59.000000,60.000000,61.000000,62.000000,63.000000,64.000000,65.000000,66.000000,67.000000,68.000000,69.000000,70.000000,71.000000,72.000000,72.000000,73.000000,74.000000,75.000000,75.000000,76.000000,77.000000,78.000000,79.000000,80.000000,81.000000,82.000000,83.000000,84.000000,85.000000,86.000000,87.000000,88.000000,89.000000,90.000000,91.000000,92.000000,93.000000,94.000000,95.000000,96.000000,97.000000,98.000000,99.000000,100.000000,101.000000,102.000000,103.000000,104.000000,105.000000,106.000000,107.000000,108.000000,109.000000,110.000000,111.000000,112.000000,113.000000,114.000000,115.000000,116.000000,117.000000,118.000000,119.000000,120.000000,121.000000,122.000000,122.000000,122.000000,122.000000,122.000000,122.000000,122.000000;;0;31519
a4fb4;9c1ef;9d9a7;0;0;0000000000000070;        39s 535ms 585μs 428ns;282;131;             10ms 443μs 707ns;122.000000;1.073770;0.000000;inf;3;1;Failing;2.000000,3.000000,4.000000,5.000000,6.000000,7.000000,8.000000,9.000000,10.000000,11.000000,12.000000,13.000000,14.000000,15.000000,16.000000,17.000000,18.000000,19.000000,20.000000,21.000000,22.000000,23.000000,24.000000,25.000000,26.000000,27.000000,28.000000,29.000000,30.000000,31.000000,32.000000,33.000000,34.000000,35.000000,36.000000,37.000000,38.000000,39.000000,40.000000,41.000000,42.000000,43.000000,44.000000,45.000000,46.000000,47.000000,48.000000,49.000000,50.000000,51.000000,52.000000,53.000000,54.000000,55.000000,56.000000,57.000000,58.000000,59.000000,60.000000,61.000000,62.000000,63.000000,64.000000,65.000000,66.000000,67.000000,68.000000,69.000000,70.000000,71.000000,72.000000,72.000000,73.000000,74.000000,75.000000,75.000000,76.000000,77.000000,78.000000,79.000000,80.000000,81.000000,82.000000,83.000000,84.000000,85.000000,86.000000,87.000000,88.000000,89.000000,90.000000,91.000000,92.000000,93.000000,94.000000,95.000000,96.000000,97.000000,98.000000,99.000000,100.000000,101.000000,102.000000,103.000000,104.000000,105.000000,106.000000,107.000000,108.000000,109.000000,110.000000,111.000000,112.000000,113.000000,114.000000,115.000000,116.000000,117.000000,118.000000,119.000000,120.000000,121.000000,122.000000,122.000000,122.000000,122.000000,122.000000,122.000000,122.000000;;0;31534
a59a5;9b17a;9d9a7;0;0;0000000000000070;        39s 666ms 512μs 413ns;309;131;              9ms 898μs 881ns;122.000000;1.073770;0.000000;inf;3;1;Failing;2.000000,3.000000,4.000000,5.000000,6.000000,7.000000,8.000000,9.000000,10.000000,11.000000,12.000000,13.000000,14.000000,15.000000,16.000000,17.000000,18.000000,19.000000,20.000000,21.000000,22.000000,23.000000,24.000000,25.000000,26.000000,27.000000,28.000000,29.000000,30.000000,31.000000,32.000000,33.000000,34.000000,35.000000,36.000000,37.000000,38.000000,39.000000,40.000000,41.000000,42.000000,43.000000,44.000000,45.000000,46.000000,47.000000,48.000000,49.000000,50.000000,51.000000,52.000000,53.000000,54.000000,55.000000,56.000000,57.000000,58.000000,59.000000,60.000000,61.000000,62.000000,63.000000,64.000000,65.000000,66.000000,67.000000,68.000000,69.000000,70.000000,71.000000,72.000000,72.000000,73.000000,74.000000,75.000000,75.000000,76.000000,77.000000,78.000000,79.000000,80.000000,81.000000,82.000000,83.000000,84.000000,85.000000,86.000000,87.000000,88.000000,89.000000,90.000000,91.000000,92.000000,93.000000,94.000000,94.000000,95.000000,96.000000,97.000000,98.000000,99.000000,100.000000,101.000000,102.000000,103.000000,104.000000,105.000000,106.000000,107.000000,108.000000,109.000000,110.000000,111.000000,112.000000,113.000000,114.000000,115.000000,116.000000,117.000000,118.000000,119.000000,120.000000,121.000000,122.000000,122.000000,122.000000,122.000000,122.000000,122.000000;;0;31603
9e851;9af41;9d9a7;0;0;0000000000000070;        37s  84ms  46μs 730ns;254;131;              9ms 481μs 150ns;121.000000;1.082645;0.000000;inf;3;1;Failing;2.000000,3.000000,4.000000,5.000000,6.000000,7.000000,8.000000,9.000000,10.000000,11.000000,12.000000,13.000000,14.000000,15.000000,16.000000,17.000000,18.000000,19.000000,20.000000,21.000000,22.000000,23.000000,24.000000,25.000000,26.000000,27.000000,28.000000,29.000000,30.000000,31.000000,32.000000,33.000000,34.000000,35.000000,36.000000,37.000000,38.000000,39.000000,40.000000,41.000000,42.000000,43.000000,44.000000,45.000000,46.000000,47.000000,48.000000,49.000000,50.000000,51.000000,52.000000,53.000000,54.000000,55.000000,56.000000,57.000000,58.000000,59.000000,60.000000,61.000000,62.000000,63.000000,64.000000,65.000000,66.000000,67.000000,68.000000,69.000000,70.000000,71.000000,72.000000,72.000000,73.000000,74.000000,75.000000,75.000000,76.000000,77.000000,78.000000,79.000000,80.000000,81.000000,82.000000,83.000000,84.000000,85.000000,86.000000,87.000000,88.000000,89.000000,90.000000,91.000000,92.000000,93.000000,94.000000,94.000000,95.000000,96.000000,97.000000,98.000000,99.000000,100.000000,101.000000,102.000000,103.000000,104.000000,105.000000,106.000000,107.000000,108.000000,109.000000,110.000000,111.000000,112.000000,113.000000,114.000000,115.000000,116.000000,117.000000,118.000000,119.000000,120.000000,120.000000,120.000000,121.000000,121.000000,121.000000,121.000000,121.000000;;0;29844
a33d7;9c4bf;9d9a7;0;0;0000000000000070;        39s 143ms 804μs 522ns;234;131;             10ms 217μs 797ns;121.000000;1.082645;0.000000;inf;3;1;Failing;2.000000,3.000000,4.000000,5.000000,6.000000,7.000000,8.000000,9.000000,10.000000,11.000000,12.000000,13.000000,14.000000,15.000000,16.000000,17.000000,18.000000,19.000000,20.000000,21.000000,22.000000,23.000000,24.000000,25.000000,26.000000,27.000000,28.000000,29.000000,30.000000,31.000000,32.000000,33.000000,34.000000,35.000000,36.000000,37.000000,38.000000,39.000000,40.000000,41.000000,42.000000,43.000000,44.000000,45.000000,46.000000,47.000000,48.000000,49.000000,50.000000,51.000000,52.000000,53.000000,54.000000,55.000000,56.000000,57.000000,58.000000,59.000000,60.000000,61.000000,62.000000,63.000000,64.000000,65.000000,66.000000,67.000000,68.000000,69.000000,70.000000,71.000000,72.000000,72.000000,73.000000,74.000000,75.000000,75.000000,76.000000,77.000000,78.000000,79.000000,80.000000,81.000000,82.000000,83.000000,84.000000,85.000000,86.000000,87.000000,88.000000,89.000000,90.000000,91.000000,92.000000,93.000000,94.000000,95.000000,96.000000,97.000000,98.000000,99.000000,100.000000,101.000000,102.000000,103.000000,104.000000,105.000000,106.000000,107.000000,108.000000,109.000000,110.000000,111.000000,112.000000,113.000000,114.000000,115.000000,116.000000,116.000000,116.000000,117.000000,118.000000,119.000000,120.000000,121.000000,121.000000,121.000000,121.000000,121.000000,121.000000;;0;31343
a495a;9c4bf;9d9a7;0;0;0000000000000070;        39s 460ms  19μs 963ns;307;131;             10ms 374μs 301ns;121.000000;1.082645;0.000000;inf;3;1;Failing;2.000000,3.000000,4.000000,5.000000,6.000000,7.000000,8.000000,9.000000,10.000000,11.000000,12.000000,13.000000,14.000000,15.000000,16.000000,17.000000,18.000000,19.000000,20.000000,21.000000,22.000000,23.000000,24.000000,25.000000,26.000000,27.000000,28.000000,29.000000,30.000000,31.000000,32.000000,33.000000,34.000000,35.000000,36.000000,37.000000,38.000000,39.000000,40.000000,41.000000,42.000000,43.000000,44.000000,45.000000,46.000000,47.000000,48.000000,49.000000,50.000000,51.000000,52.000000,53.000000,54.000000,55.000000,56.000000,57.000000,58.000000,59.000000,60.000000,61.000000,62.000000,63.000000,64.000000,65.000000,66.000000,67.000000,68.000000,69.000000,70.000000,71.000000,72.000000,72.000000,73.000000,74.000000,75.000000,75.000000,76.000000,77.000000,78.000000,79.000000,80.000000,81.000000,82.000000,83.000000,84.000000,85.000000,86.000000,87.000000,88.000000,89.000000,90.000000,91.000000,92.000000,93.000000,94.000000,95.000000,96.000000,97.000000,98.000000,99.000000,100.000000,101.000000,102.000000,103.000000,104.000000,105.000000,106.000000,107.000000,108.000000,109.000000,110.000000,111.000000,112.000000,113.000000,114.000000,115.000000,116.000000,116.000000,116.000000,117.000000,118.000000,119.000000,120.000000,121.000000,121.000000,121.000000,121.000000,121.000000,121.000000;;0;31497
98dd0;96b89;97c73;0;0;0000000000000070;        35s 264ms 472μs 612ns;231;131;              9ms 809μs 144ns;120.000000;1.091667;0.000000;inf;3;1;Failing;2.000000,3.000000,4.000000,5.000000,6.000000,7.000000,8.000000,9.000000,10.000000,11.000000,12.000000,13.000000,14.000000,15.000000,16.000000,17.000000,18.000000,19.000000,20.000000,21.000000,22.000000,23.000000,24.000000,25.000000,26.000000,27.000000,28.000000,29.000000,30.000000,31.000000,32.000000,33.000000,34.000000,35.000000,36.000000,37.000000,38.000000,39.000000,40.000000,41.000000,42.000000,43.000000,44.000000,45.000000,46.000000,47.000000,48.000000,49.000000,50.000000,51.000000,52.000000,53.000000,54.000000,55.000000,56.000000,57.000000,58.000000,59.000000,60.000000,61.000000,62.000000,63.000000,64.000000,65.000000,66.000000,67.000000,68.000000,69.000000,70.000000,71.000000,72.000000,72.000000,73.000000,74.000000,75.000000,75.000000,76.000000,77.000000,78.000000,79.000000,80.000000,81.000000,82.000000,83.000000,84.000000,85.000000,86.000000,87.000000,88.000000,89.000000,90.000000,91.000000,92.000000,93.000000,94.000000,94.000000,95.000000,96.000000,97.000000,98.000000,99.000000,100.000000,101.000000,102.000000,103.000000,104.000000,105.000000,106.000000,107.000000,108.000000,109.000000,110.000000,111.000000,112.000000,113.000000,114.000000,115.000000,116.000000,117.000000,118.000000,119.000000,120.000000,120.000000,120.000000,120.000000,120.000000,120.000000,120.000000,120.000000;;0;28900
9a519;92e57;97c73;0;0;0000000000000070;        35s 738ms 967μs 978ns;293;131;              9ms 293μs  97ns;120.000000;1.091667;0.000000;inf;3;1;Failing;2.000000,3.000000,4.000000,5.000000,6.000000,7.000000,8.000000,9.000000,10.000000,11.000000,12.000000,13.000000,14.000000,15.000000,16.000000,17.000000,18.000000,19.000000,20.000000,21.000000,22.000000,23.000000,24.000000,25.000000,26.000000,27.000000,28.000000,29.000000,30.000000,31.000000,32.000000,33.000000,34.000000,35.000000,36.000000,37.000000,38.000000,39.000000,40.000000,41.000000,42.000000,43.000000,44.000000,45.000000,46.000000,47.000000,48.000000,49.000000,50.000000,51.000000,52.000000,53.000000,54.000000,55.000000,56.000000,57.000000,58.000000,59.000000,60.000000,61.000000,62.000000,63.000000,64.000000,65.000000,66.000000,67.000000,68.000000,69.000000,70.000000,71.000000,72.000000,72.000000,73.000000,74.000000,75.000000,75.000000,76.000000,77.000000,78.000000,79.000000,80.000000,81.000000,82.000000,83.000000,84.000000,85.000000,86.000000,87.000000,88.000000,89.000000,90.000000,91.000000,92.000000,93.000000,94.000000,95.000000,96.000000,97.000000,98.000000,99.000000,100.000000,101.000000,102.000000,103.000000,104.000000,105.000000,106.000000,107.000000,108.000000,109.000000,110.000000,111.000000,112.000000,113.000000,114.000000,115.000000,116.000000,116.000000,116.000000,117.000000,118.000000,119.000000,120.000000,120.000000,120.000000,120.000000,120.000000,120.000000,120.000000;;0;29151
9e803;9c4bf;9d9a7;0;0;0000000000000070;        37s  74ms 159μs 507ns;296;131;              9ms 599μs 658ns;120.000000;1.091667;0.000000;inf;3;1;Failing;2.000000,3.000000,4.000000,5.000000,6.000000,7.000000,8.000000,9.000000,10.000000,11.000000,12.000000,13.000000,14.000000,15.000000,16.000000,17.000000,18.000000,19.000000,20.000000,21.000000,22.000000,23.000000,24.000000,25.000000,26.000000,27.000000,28.000000,29.000000,30.000000,31.000000,32.000000,33.000000,34.000000,35.000000,36.000000,37.000000,38.000000,39.000000,40.000000,41.000000,42.000000,43.000000,44.000000,45.000000,46.000000,47.000000,48.000000,49.000000,50.000000,51.000000,52.000000,53.000000,54.000000,55.000000,56.000000,57.000000,58.000000,59.000000,60.000000,61.000000,62.000000,63.000000,64.000000,65.000000,66.000000,67.000000,68.000000,69.000000,70.000000,71.000000,72.000000,72.000000,73.000000,74.000000,75.000000,75.000000,76.000000,77.000000,78.000000,79.000000,80.000000,81.000000,82.000000,83.000000,84.000000,85.000000,86.000000,87.000000,88.000000,89.000000,90.000000,91.000000,92.000000,93.000000,94.000000,95.000000,96.000000,97.000000,98.000000,99.000000,100.000000,101.000000,102.000000,103.000000,104.000000,105.000000,106.000000,107.000000,108.000000,109.000000,110.000000,111.000000,112.000000,113.000000,114.000000,115.000000,116.000000,116.000000,116.000000,117.000000,118.000000,119.000000,120.000000,120.000000,120.000000,120.000000,120.000000,120.000000,120.000000;;0;29837
9f9df;9c4bf;9d9a7;0;0;0000000000000070;        37s 453ms 760μs 756ns;309;131;              9ms 101μs 194ns;120.000000;1.091667;0.000000;inf;3;1;Failing;2.000000,3.000000,4.000000,5.000000,6.000000,7.000000,8.000000,9.000000,10.000000,11.000000,12.000000,13.000000,14.000000,15.000000,16.000000,17.000000,18.000000,19.000000,20.000000,21.000000,22.000000,23.000000,24.000000,25.000000,26.000000,27.000000,28.000000,29.000000,30.000000,31.000000,32.000000,33.000000,34.000000,35.000000,36.000000,37.000000,38.000000,39.000000,40.000000,41.000000,42.000000,43.000000,44.000000,45.000000,46.000000,47.000000,48.000000,49.000000,50.000000,51.000000,52.000000,53.000000,54.000000,55.000000,56.000000,57.000000,58.000000,59.000000,60.000000,61.000000,62.000000,63.000000,64.000000,65.000000,66.000000,67.000000,68.000000,69.000000,70.000000,71.000000,72.000000,72.000000,73.000000,74.000000,75.000000,75.000000,76.000000,77.000000,78.000000,79.000000,80.000000,81.000000,82.000000,83.000000,84.000000,85.000000,86.000000,87.000000,88.000000,89.000000,90.000000,91.000000,92.000000,93.000000,94.000000,95.000000,96.000000,97.000000,98.000000,99.000000,100.000000,101.000000,102.000000,103.000000,104.000000,105.000000,106.000000,107.000000,108.000000,109.000000,110.000000,111.000000,112.000000,113.000000,114.000000,115.000000,116.000000,116.000000,116.000000,117.000000,118.000000,119.000000,120.000000,120.000000,120.000000,120.000000,120.000000,120.000000,120.000000;;0;30037
a1119;9d665;9d9a7;0;0;0000000000000070;        37s 892ms 815μs 275ns;248;131;              9ms 459μs 937ns;120.000000;1.091667;0.000000;inf;3;1;Failing;2.000000,3.000000,4.000000,5.000000,6.000000,7.000000,8.000000,9.000000,10.000000,11.000000,12.000000,13.000000,14.000000,15.000000,16.000000,17.000000,18.000000,19.000000,20.000000,21.000000,22.000000,23.000000,24.000000,25.000000,26.000000,27.000000,28.000000,29.000000,30.000000,31.000000,32.000000,33.000000,34.000000,35.000000,36.000000,37.000000,38.000000,39.000000,40.000000,41.000000,42.000000,43.000000,44.000000,45.000000,46.000000,47.000000,48.000000,49.000000,50.000000,51.000000,52.000000,53.000000,54.000000,55.000000,56.000000,57.000000,58.000000,59.000000,60.000000,61.000000,62.000000,63.000000,64.000000,65.000000,66.000000,67.000000,68.000000,69.000000,70.000000,71.000000,72.000000,72.000000,73.000000,74.000000,75.000000,75.000000,76.000000,77.000000,78.000000,79.000000,80.000000,81.000000,82.000000,83.000000,84.000000,85.000000,86.000000,87.000000,88.000000,89.000000,90.000000,91.000000,92.000000,93.000000,94.000000,94.000000,95.000000,96.000000,97.000000,98.000000,99.000000,100.000000,101.000000,102.000000,103.000000,104.000000,105.000000,106.000000,107.000000,108.000000,109.000000,110.000000,111.000000,112.000000,113.000000,114.000000,115.000000,116.000000,117.000000,118.000000,119.000000,120.000000,120.000000,120.000000,120.000000,120.000000,120.000000,120.000000,120.000000;;0;31091
a341c;9d27e;9d9a7;0;0;0000000000000070;        39s 152ms 479μs 721ns;314;131;             10ms 223μs  36ns;120.000000;1.091667;0.000000;inf;3;1;Failing;2.000000,3.000000,4.000000,5.000000,6.000000,7.000000,8.000000,9.000000,10.000000,11.000000,12.000000,13.000000,14.000000,15.000000,16.000000,17.000000,18.000000,19.000000,20.000000,21.000000,22.000000,23.000000,24.000000,25.000000,26.000000,27.000000,28.000000,29.000000,30.000000,31.000000,32.000000,33.000000,34.000000,35.000000,36.000000,37.000000,38.000000,39.000000,40.000000,41.000000,42.000000,43.000000,44.000000,45.000000,46.000000,47.000000,48.000000,49.000000,50.000000,51.000000,52.000000,53.000000,54.000000,55.000000,56.000000,57.000000,58.000000,59.000000,60.000000,61.000000,62.000000,63.000000,64.000000,65.000000,66.000000,67.000000,68.000000,69.000000,70.000000,71.000000,72.000000,72.000000,73.000000,74.000000,75.000000,75.000000,76.000000,77.000000,78.000000,79.000000,80.000000,81.000000,82.000000,83.000000,84.000000,85.000000,86.000000,87.000000,88.000000,89.000000,90.000000,91.000000,92.000000,93.000000,94.000000,94.000000,95.000000,96.000000,97.000000,98.000000,99.000000,100.000000,101.000000,102.000000,103.000000,104.000000,105.000000,106.000000,107.000000,108.000000,109.000000,110.000000,111.000000,112.000000,113.000000,114.000000,115.000000,116.000000,117.000000,118.000000,119.000000,120.000000,120.000000,120.000000,120.000000,120.000000,120.000000,120.000000,120.000000;;0;31348
a3891;9af41;9d9a7;0;0;0000000000000070;        39s 212ms 300μs  19ns;312;131;              9ms 638μs 835ns;120.000000;1.091667;0.000000;inf;3;1;Failing;2.000000,3.000000,4.000000,5.000000,6.000000,7.000000,8.000000,9.000000,10.000000,11.000000,12.000000,13.000000,14.000000,15.000000,16.000000,17.000000,18.000000,19.000000,20.000000,21.000000,22.000000,23.000000,24.000000,25.000000,26.000000,27.000000,28.000000,29.000000,30.000000,31.000000,32.000000,33.000000,34.000000,35.000000,36.000000,37.000000,38.000000,39.000000,40.000000,41.000000,42.000000,43.000000,44.000000,45.000000,46.000000,47.000000,48.000000,49.000000,50.000000,51.000000,52.000000,53.000000,54.000000,55.000000,56.000000,57.000000,58.000000,59.000000,60.000000,61.000000,62.000000,63.000000,64.000000,65.000000,66.000000,67.000000,68.000000,69.000000,70.000000,71.000000,72.000000,72.000000,73.000000,74.000000,75.000000,75.000000,76.000000,77.000000,78.000000,79.000000,80.000000,81.000000,82.000000,83.000000,84.000000,85.000000,86.000000,87.000000,88.000000,89.000000,90.000000,91.000000,92.000000,93.000000,94.000000,94.000000,95.000000,96.000000,97.000000,98.000000,99.000000,100.000000,101.000000,102.000000,103.000000,104.000000,105.000000,106.000000,107.000000,108.000000,109.000000,110.000000,111.000000,112.000000,113.000000,114.000000,115.000000,116.000000,117.000000,118.000000,119.000000,120.000000,120.000000,120.000000,120.000000,120.000000,120.000000,120.000000,120.000000;;0;31379
98d0f;956e4;97c73;0;0;0000000000000070;        35s 247ms 338μs 263ns;224;131;              8ms 403μs 470ns;119.000000;1.100840;0.000000;inf;3;1;Failing;2.000000,3.000000,4.000000,5.000000,6.000000,7.000000,8.000000,9.000000,10.000000,11.000000,12.000000,13.000000,14.000000,15.000000,16.000000,17.000000,18.000000,19.000000,20.000000,21.000000,22.000000,23.000000,24.000000,25.000000,26.000000,27.000000,28.000000,29.000000,30.000000,31.000000,32.000000,33.000000,34.000000,35.000000,36.000000,37.000000,38.000000,39.000000,40.000000,41.000000,42.000000,43.000000,44.000000,45.000000,46.000000,47.000000,48.000000,49.000000,50.000000,51.000000,52.000000,53.000000,54.000000,55.000000,56.000000,57.000000,58.000000,59.000000,60.000000,61.000000,62.000000,63.000000,64.000000,65.000000,66.000000,67.000000,68.000000,69.000000,70.000000,71.000000,72.000000,72.000000,73.000000,74.000000,75.000000,75.000000,76.000000,77.000000,78.000000,79.000000,80.000000,81.000000,82.000000,83.000000,84.000000,85.000000,86.000000,87.000000,88.000000,89.000000,90.000000,91.000000,92.000000,93.000000,94.000000,95.000000,96.000000,97.000000,98.000000,99.000000,100.000000,101.000000,102.000000,103.000000,104.000000,105.000000,106.000000,107.000000,108.000000,109.000000,110.000000,111.000000,112.000000,113.000000,114.000000,115.000000,116.000000,117.000000,118.000000,119.000000,119.000000,119.000000,119.000000,119.000000,119.000000,119.000000,119.000000,119.000000,119.000000;;0;28892
98eaf;95b76;97c73;0;0;0000000000000070;        35s 287ms 260μs 983ns;279;131;              9ms 554μs 759ns;119.000000;1.100840;0.000000;inf;3;1;Failing;2.000000,3.000000,4.000000,5.000000,6.000000,7.000000,8.000000,9.000000,10.000000,11.000000,12.000000,13.000000,14.000000,15.000000,16.000000,17.000000,18.000000,19.000000,20.000000,21.000000,22.000000,23.000000,24.000000,25.000000,26.000000,27.000000,28.000000,29.000000,30.000000,31.000000,32.000000,33.000000,34.000000,35.000000,36.000000,37.000000,38.000000,39.000000,40.000000,41.000000,42.000000,43.000000,44.000000,45.000000,46.000000,47.000000,48.000000,49.000000,50.000000,51.000000,52.000000,53.000000,54.000000,55.000000,56.000000,57.000000,58.000000,59.000000,60.000000,61.000000,62.000000,63.000000,64.000000,65.000000,66.000000,67.000000,68.000000,69.000000,70.000000,71.000000,72.000000,72.000000,73.000000,74.000000,75.000000,75.000000,76.000000,77.000000,78.000000,79.000000,80.000000,81.000000,82.000000,83.000000,84.000000,85.000000,86.000000,87.000000,88.000000,89.000000,90.000000,91.000000,92.000000,93.000000,94.000000,94.000000,95.000000,96.000000,97.000000,98.000000,99.000000,100.000000,101.000000,102.000000,103.000000,104.000000,105.000000,106.000000,107.000000,108.000000,109.000000,110.000000,111.000000,112.000000,113.000000,114.000000,115.000000,116.000000,117.000000,118.000000,119.000000,119.000000,119.000000,119.000000,119.000000,119.000000,119.000000,119.000000,119.000000;;0;28913
9cf88;92e57;97c73;0;0;0000000000000070;        36s 419ms 425μs 744ns;305;131;              9ms 650μs 315ns;119.000000;1.100840;0.000000;inf;3;1;Failing;2.000000,3.000000,4.000000,5.000000,6.000000,7.000000,8.000000,9.000000,10.000000,11.000000,12.000000,13.000000,14.000000,15.000000,16.000000,17.000000,18.000000,19.000000,20.000000,21.000000,22.000000,23.000000,24.000000,25.000000,26.000000,27.000000,28.000000,29.000000,30.000000,31.000000,32.000000,33.000000,34.000000,35.000000,36.000000,37.000000,38.000000,39.000000,40.000000,41.000000,42.000000,43.000000,44.000000,45.000000,46.000000,47.000000,48.000000,49.000000,50.000000,51.000000,52.000000,53.000000,54.000000,55.000000,56.000000,57.000000,58.000000,59.000000,60.000000,61.000000,62.000000,63.000000,64.000000,65.000000,66.000000,67.000000,68.000000,69.000000,70.000000,71.000000,72.000000,72.000000,73.000000,74.000000,75.000000,75.000000,76.000000,77.000000,78.000000,79.000000,80.000000,81.000000,82.000000,83.000000,84.000000,85.000000,86.000000,87.000000,88.000000,89.000000,90.000000,91.000000,92.000000,93.000000,94.000000,95.000000,96.000000,97.000000,98.000000,99.000000,100.000000,101.000000,102.000000,103.000000,104.000000,105.000000,106.000000,107.000000,108.000000,109.000000,110.000000,111.000000,112.000000,113.000000,114.000000,115.000000,116.000000,116.000000,116.000000,117.000000,118.000000,119.000000,119.000000,119.000000,119.000000,119.000000,119.000000,119.000000,119.000000;;0;29508
a3360;9b17a;9d9a7;0;0;0000000000000078;        39s 138ms 501μs 677ns;242;130;              9ms 573μs 323ns;126.000000;1.031746;0.000000;inf;3;1;Failing;2.000000,3.000000,4.000000,5.000000,6.000000,7.000000,8.000000,9.000000,10.000000,11.000000,12.000000,13.000000,14.000000,15.000000,16.000000,17.000000,18.000000,19.000000,20.000000,21.000000,22.000000,23.000000,24.000000,25.000000,26.000000,27.000000,28.000000,29.000000,30.000000,31.000000,32.000000,33.000000,34.000000,35.000000,36.000000,37.000000,38.000000,39.000000,40.000000,41.000000,42.000000,43.000000,44.000000,45.000000,46.000000,47.000000,48.000000,49.000000,50.000000,51.000000,52.000000,53.000000,54.000000,55.000000,56.000000,57.000000,58.000000,59.000000,60.000000,61.000000,62.000000,63.000000,64.000000,65.000000,66.000000,67.000000,68.000000,69.000000,70.000000,71.000000,72.000000,72.000000,73.000000,74.000000,75.000000,75.000000,76.000000,77.000000,78.000000,79.000000,80.000000,81.000000,82.000000,83.000000,84.000000,85.000000,86.000000,87.000000,88.000000,89.000000,90.000000,91.000000,92.000000,93.000000,94.000000,94.000000,95.000000,96.000000,97.000000,98.000000,99.000000,100.000000,101.000000,102.000000,103.000000,104.000000,105.000000,106.000000,107.000000,108.000000,109.000000,110.000000,111.000000,112.000000,113.000000,114.000000,115.000000,116.000000,117.000000,118.000000,119.000000,120.000000,121.000000,122.000000,123.000000,124.000000,125.000000,126.000000;;0;31340
9f372;9b17a;9d9a7;0;0;0000000000000070;        37s 342ms  42μs 557ns;239;130;              9ms 172μs 484ns;125.000000;1.040000;0.000000;inf;3;1;Failing;2.000000,3.000000,4.000000,5.000000,6.000000,7.000000,8.000000,9.000000,10.000000,11.000000,12.000000,13.000000,14.000000,15.000000,16.000000,17.000000,18.000000,19.000000,20.000000,21.000000,22.000000,23.000000,24.000000,25.000000,26.000000,27.000000,28.000000,29.000000,30.000000,31.000000,32.000000,33.000000,34.000000,35.000000,36.000000,37.000000,38.000000,39.000000,40.000000,41.000000,42.000000,43.000000,44.000000,45.000000,46.000000,47.000000,48.000000,49.000000,50.000000,51.000000,52.000000,53.000000,54.000000,55.000000,56.000000,57.000000,58.000000,59.000000,60.000000,61.000000,62.000000,63.000000,64.000000,65.000000,66.000000,67.000000,68.000000,69.000000,70.000000,71.000000,72.000000,72.000000,73.000000,74.000000,75.000000,75.000000,76.000000,77.000000,78.000000,79.000000,80.000000,81.000000,82.000000,83.000000,84.000000,85.000000,86.000000,87.000000,88.000000,89.000000,90.000000,91.000000,92.000000,93.000000,94.000000,94.000000,95.000000,96.000000,97.000000,98.000000,99.000000,100.000000,101.000000,102.000000,103.000000,104.000000,105.000000,106.000000,107.000000,108.000000,109.000000,110.000000,111.000000,112.000000,113.000000,114.000000,115.000000,116.000000,117.000000,118.000000,119.000000,120.000000,121.000000,122.000000,123.000000,124.000000,125.000000,125.000000;;0;29976
9f43a;9b17a;9d9a7;0;0;0000000000000070;        37s 352ms 942μs 814ns;316;130;              9ms  75μs 509ns;125.000000;1.040000;0.000000;inf;3;1;Failing;2.000000,3.000000,4.000000,5.000000,6.000000,7.000000,8.000000,9.000000,10.000000,11.000000,12.000000,13.000000,14.000000,15.000000,16.000000,17.000000,18.000000,19.000000,20.000000,21.000000,22.000000,23.000000,24.000000,25.000000,26.000000,27.000000,28.000000,29.000000,30.000000,31.000000,32.000000,33.000000,34.000000,35.000000,36.000000,37.000000,38.000000,39.000000,40.000000,41.000000,42.000000,43.000000,44.000000,45.000000,46.000000,47.000000,48.000000,49.000000,50.000000,51.000000,52.000000,53.000000,54.000000,55.000000,56.000000,57.000000,58.000000,59.000000,60.000000,61.000000,62.000000,63.000000,64.000000,65.000000,66.000000,67.000000,68.000000,69.000000,70.000000,71.000000,72.000000,72.000000,73.000000,74.000000,75.000000,75.000000,76.000000,77.000000,78.000000,79.000000,80.000000,81.000000,82.000000,83.000000,84.000000,85.000000,86.000000,87.000000,88.000000,89.000000,90.000000,91.000000,92.000000,93.000000,94.000000,94.000000,95.000000,96.000000,97.000000,98.000000,99.000000,100.000000,101.000000,102.000000,103.000000,104.000000,105.000000,106.000000,107.000000,108.000000,109.000000,110.000000,111.000000,112.000000,113.000000,114.000000,115.000000,116.000000,117.000000,118.000000,119.000000,120.000000,121.000000,122.000000,123.000000,124.000000,125.000000,125.000000;;0;29983
a0505;9c4bf;9d9a7;0;0;0000000000000070;        37s 619ms 406μs 459ns;227;130;              9ms 930μs 691ns;125.000000;1.040000;0.000000;inf;3;1;Failing;2.000000,3.000000,4.000000,5.000000,6.000000,7.000000,8.000000,9.000000,10.000000,11.000000,12.000000,13.000000,14.000000,15.000000,16.000000,17.000000,18.000000,19.000000,20.000000,21.000000,22.000000,23.000000,24.000000,25.000000,26.000000,27.000000,28.000000,29.000000,30.000000,31.000000,32.000000,33.000000,34.000000,35.000000,36.000000,37.000000,38.000000,39.000000,40.000000,41.000000,42.000000,43.000000,44.000000,45.000000,46.000000,47.000000,48.000000,49.000000,50.000000,51.000000,52.000000,53.000000,54.000000,55.000000,56.000000,57.000000,58.000000,59.000000,60.000000,61.000000,62.000000,63.000000,64.000000,65.000000,66.000000,67.000000,68.000000,69.000000,70.000000,71.000000,72.000000,72.000000,73.000000,74.000000,75.000000,75.000000,76.000000,77.000000,78.000000,79.000000,80.000000,81.000000,82.000000,83.000000,84.000000,85.000000,86.000000,87.000000,88.000000,89.000000,90.000000,91.000000,92.000000,93.000000,94.000000,95.000000,96.000000,97.000000,98.000000,99.000000,100.000000,101.000000,102.000000,103.000000,104.000000,105.000000,106.000000,107.000000,108.000000,109.000000,110.000000,111.000000,112.000000,113.000000,114.000000,115.000000,116.000000,116.000000,116.000000,117.000000,118.000000,119.000000,120.000000,121.000000,122.000000,123.000000,124.000000,125.000000;;0;30189
a0a2e;9c1ef;9d9a7;0;0;0000000000000070;        37s 719ms 328μs 434ns;232;130;              9ms 498μs 737ns;125.000000;1.040000;0.000000;inf;3;1;Failing;2.000000,3.000000,4.000000,5.000000,6.000000,7.000000,8.000000,9.000000,10.000000,11.000000,12.000000,13.000000,14.000000,15.000000,16.000000,17.000000,18.000000,19.000000,20.000000,21.000000,22.000000,23.000000,24.000000,25.000000,26.000000,27.000000,28.000000,29.000000,30.000000,31.000000,32.000000,33.000000,34.000000,35.000000,36.000000,37.000000,38.000000,39.000000,40.000000,41.000000,42.000000,43.000000,44.000000,45.000000,46.000000,47.000000,48.000000,49.000000,50.000000,51.000000,52.000000,53.000000,54.000000,55.000000,56.000000,57.000000,58.000000,59.000000,60.000000,61.000000,62.000000,63.000000,64.000000,65.000000,66.000000,67.000000,68.000000,69.000000,70.000000,71.000000,72.000000,72.000000,73.000000,74.000000,75.000000,75.000000,76.000000,77.000000,78.000000,79.000000,80.000000,81.000000,82.000000,83.000000,84.000000,85.000000,86.000000,87.000000,88.000000,89.000000,90.000000,91.000000,92.000000,93.000000,94.000000,95.000000,96.000000,97.000000,98.000000,99.000000,100.000000,101.000000,102.000000,103.000000,104.000000,105.000000,106.000000,107.000000,108.000000,109.000000,110.000000,111.000000,112.000000,113.000000,114.000000,115.000000,116.000000,117.000000,118.000000,119.000000,120.000000,121.000000,122.000000,123.000000,123.000000,123.000000,124.000000,125.000000;;0;30359
a3fb7;97ef7;9d9a7;0;0;0000000000000070;        39s 337ms 238μs 587ns;257;130;             11ms 526μs 844ns;125.000000;1.040000;0.000000;inf;3;1;Failing;2.000000,3.000000,4.000000,5.000000,6.000000,7.000000,8.000000,9.000000,10.000000,11.000000,12.000000,13.000000,14.000000,15.000000,16.000000,17.000000,18.000000,19.000000,20.000000,21.000000,22.000000,23.000000,24.000000,25.000000,26.000000,27.000000,28.000000,29.000000,30.000000,31.000000,32.000000,33.000000,34.000000,35.000000,36.000000,37.000000,38.000000,39.000000,40.000000,41.000000,42.000000,43.000000,44.000000,45.000000,46.000000,47.000000,48.000000,49.000000,50.000000,51.000000,52.000000,53.000000,54.000000,55.000000,56.000000,57.000000,58.000000,59.000000,60.000000,61.000000,62.000000,63.000000,64.000000,65.000000,66.000000,67.000000,68.000000,69.000000,70.000000,71.000000,72.000000,72.000000,73.000000,74.000000,75.000000,75.000000,76.000000,77.000000,78.000000,79.000000,80.000000,81.000000,82.000000,83.000000,84.000000,85.000000,86.000000,87.000000,88.000000,89.000000,90.000000,91.000000,92.000000,93.000000,94.000000,95.000000,96.000000,97.000000,98.000000,99.000000,100.000000,101.000000,102.000000,103.000000,104.000000,105.000000,106.000000,107.000000,108.000000,109.000000,110.000000,111.000000,112.000000,113.000000,114.000000,115.000000,116.000000,117.000000,118.000000,119.000000,120.000000,121.000000,122.000000,123.000000,124.000000,125.000000,125.000000,125.000000;;0;31439
a5900;994b3;9d9a7;0;0;0000000000000070;        39s 652ms  87μs 233ns;274;130;              9ms 939μs 517ns;125.000000;1.040000;0.000000;inf;3;1;Failing;2.000000,3.000000,4.000000,5.000000,6.000000,7.000000,8.000000,9.000000,10.000000,11.000000,12.000000,13.000000,14.000000,15.000000,16.000000,17.000000,18.000000,19.000000,20.000000,21.000000,22.000000,23.000000,24.000000,25.000000,26.000000,27.000000,28.000000,29.000000,30.000000,31.000000,32.000000,33.000000,34.000000,35.000000,36.000000,37.000000,38.000000,39.000000,40.000000,41.000000,42.000000,43.000000,44.000000,45.000000,46.000000,47.000000,48.000000,49.000000,50.000000,51.000000,52.000000,53.000000,54.000000,55.000000,56.000000,57.000000,58.000000,59.000000,60.000000,61.000000,62.000000,63.000000,64.000000,65.000000,66.000000,67.000000,68.000000,69.000000,70.000000,71.000000,72.000000,72.000000,73.000000,74.000000,75.000000,75.000000,76.000000,77.000000,78.000000,79.000000,80.000000,81.000000,82.000000,83.000000,84.000000,85.000000,86.000000,87.000000,88.000000,89.000000,90.000000,91.000000,92.000000,93.000000,94.000000,95.000000,96.000000,97.000000,98.000000,99.000000,100.000000,101.000000,102.000000,103.000000,104.000000,105.000000,106.000000,107.000000,108.000000,109.000000,110.000000,111.000000,112.000000,113.000000,114.000000,115.000000,116.000000,117.000000,118.000000,119.000000,120.000000,121.000000,122.000000,122.000000,122.000000,123.000000,124.000000,125.000000;;0;31593
9edbf;9af41;9d9a7;0;0;0000000000000070;        37s 228ms 370μs 204ns;322;130;              9ms 715μs 691ns;124.000000;1.048387;0.000000;inf;3;1;Failing;2.000000,3.000000,4.000000,5.000000,6.000000,7.000000,8.000000,9.000000,10.000000,11.000000,12.000000,13.000000,14.000000,15.000000,16.000000,17.000000,18.000000,19.000000,20.000000,21.000000,22.000000,23.000000,24.000000,25.000000,26.000000,27.000000,28.000000,29.000000,30.000000,31.000000,32.000000,33.000000,34.000000,35.000000,36.000000,37.000000,38.000000,39.000000,40.000000,41.000000,42.000000,43.000000,44.000000,45.000000,46.000000,47.000000,48.000000,49.000000,50.000000,51.000000,52.000000,53.000000,54.000000,55.000000,56.000000,57.000000,58.000000,59.000000,60.000000,61.000000,62.000000,63.000000,64.000000,65.000000,66.000000,67.000000,68.000000,69.000000,70.000000,71.000000,72.000000,72.000000,73.000000,74.000000,75.000000,75.000000,76.000000,77.000000,78.000000,79.000000,80.000000,81.000000,82.000000,83.000000,84.000000,85.000000,86.000000,87.000000,88.000000,89.000000,90.000000,91.000000,92.000000,93.000000,94.000000,94.000000,95.000000,96.000000,97.000000,98.000000,99.000000,100.000000,101.000000,102.000000,103.000000,104.000000,105.000000,106.000000,107.000000,108.000000,109.000000,110.000000,111.000000,112.000000,113.000000,114.000000,115.000000,116.000000,117.000000,118.000000,119.000000,120.000000,121.000000,122.000000,123.000000,123.000000,123.000000,124.000000;;0;29917
9f2f7;9d27e;9d9a7;0;0;0000000000000070;        37s 336ms 274μs 205ns;312;130;              9ms 514μs 375ns;124.000000;1.048387;0.000000;inf;3;1;Failing;2.000000,3.000000,4.000000,5.000000,6.000000,7.000000,8.000000,9.000000,10.000000,11.000000,12.000000,13.000000,14.000000,15.000000,16.000000,17.000000,18.000000,19.000000,20.000000,21.000000,22.000000,23.000000,24.000000,25.000000,26.000000,27.000000,28.000000,29.000000,30.000000,31.000000,32.000000,33.000000,34.000000,35.000000,36.000000,37.000000,38.000000,39.000000,40.000000,41.000000,42.000000,43.000000,44.000000,45.000000,46.000000,47.000000,48.000000,49.000000,50.000000,51.000000,52.000000,53.000000,54.000000,55.000000,56.000000,57.000000,58.000000,59.000000,60.000000,61.000000,62.000000,63.000000,64.000000,65.000000,66.000000,67.000000,68.000000,69.000000,70.000000,71.000000,72.000000,72.000000,73.000000,74.000000,75.000000,75.000000,76.000000,77.000000,78.000000,79.000000,80.000000,81.000000,82.000000,83.000000,84.000000,85.000000,86.000000,87.000000,88.000000,89.000000,90.000000,91.000000,92.000000,93.000000,94.000000,94.000000,95.000000,96.000000,97.000000,98.000000,99.000000,100.000000,101.000000,102.000000,103.000000,104.000000,105.000000,106.000000,107.000000,108.000000,109.000000,110.000000,111.000000,112.000000,113.000000,114.000000,115.000000,116.000000,117.000000,118.000000,119.000000,120.000000,121.000000,121.000000,121.000000,122.000000,123.000000,124.000000;;0;29972
a3295;9b17a;9d9a7;0;0;0000000000000070;        39s 124ms 488μs 217ns;310;130;             10ms 500μs 532ns;124.000000;1.048387;0.000000;inf;3;1;Failing;2.000000,3.000000,4.000000,5.000000,6.000000,7.000000,8.000000,9.000000,10.000000,11.000000,12.000000,13.000000,14.000000,15.000000,16.000000,17.000000,18.000000,19.000000,20.000000,21.000000,22.000000,23.000000,24.000000,25.000000,26.000000,27.000000,28.000000,29.000000,30.000000,31.000000,32.000000,33.000000,34.000000,35.000000,36.000000,37.000000,38.000000,39.000000,40.000000,41.000000,42.000000,43.000000,44.000000,45.000000,46.000000,47.000000,48.000000,49.000000,50.000000,51.000000,52.000000,53.000000,54.000000,55.000000,56.000000,57.000000,58.000000,59.000000,60.000000,61.000000,62.000000,63.000000,64.000000,65.000000,66.000000,67.000000,68.000000,69.000000,70.000000,71.000000,72.000000,72.000000,73.000000,74.000000,75.000000,75.000000,76.000000,77.000000,78.000000,79.000000,80.000000,81.000000,82.000000,83.000000,84.000000,85.000000,86.000000,87.000000,88.000000,89.000000,90.000000,91.000000,92.000000,93.000000,94.000000,94.000000,95.000000,96.000000,97.000000,98.000000,99.000000,100.000000,101.000000,102.000000,103.000000,104.000000,105.000000,106.000000,107.000000,108.000000,109.000000,110.000000,111.000000,112.000000,113.000000,114.000000,115.000000,116.000000,117.000000,118.000000,119.000000,120.000000,121.000000,122.000000,123.000000,124.000000,124.000000,124.000000;;0;31333
a3fa9;9b17a;9d9a7;0;0;0000000000000070;        39s 334ms 244μs 165ns;283;130;             10ms 174μs 153ns;124.000000;1.048387;0.000000;inf;3;1;Failing;2.000000,3.000000,4.000000,5.000000,6.000000,7.000000,8.000000,9.000000,10.000000,11.000000,12.000000,13.000000,14.000000,15.000000,16.000000,17.000000,18.000000,19.000000,20.000000,21.000000,22.000000,23.000000,24.000000,25.000000,26.000000,27.000000,28.000000,29.000000,30.000000,31.000000,32.000000,33.000000,34.000000,35.000000,36.000000,37.000000,38.000000,39.000000,40.000000,41.000000,42.000000,43.000000,44.000000,45.000000,46.000000,47.000000,48.000000,49.000000,50.000000,51.000000,52.000000,53.000000,54.000000,55.000000,56.000000,57.000000,58.000000,59.000000,60.000000,61.000000,62.000000,63.000000,64.000000,65.000000,66.000000,67.000000,68.000000,69.000000,70.000000,71.000000,72.000000,72.000000,73.000000,74.000000,75.000000,75.000000,76.000000,77.000000,78.000000,79.000000,80.000000,81.000000,82.000000,83.000000,84.000000,85.000000,86.000000,87.000000,88.000000,89.000000,90.000000,91.000000,92.000000,93.000000,94.000000,94.000000,95.000000,96.000000,97.000000,98.000000,99.000000,100.000000,101.000000,102.000000,103.000000,104.000000,105.000000,106.000000,107.000000,108.000000,109.000000,110.000000,111.000000,112.000000,113.000000,114.000000,115.000000,116.000000,117.000000,118.000000,119.000000,120.000000,121.000000,122.000000,123.000000,124.000000,124.000000,124.000000;;0;31437
9dd07;9c1ef;9d9a7;0;0;0000000000000070;        36s 752ms 741μs 974ns;305;130;              9ms 839μs 684ns;123.000000;1.056911;0.000000;inf;3;1;Failing;2.000000,3.000000,4.000000,5.000000,6.000000,7.000000,8.000000,9.000000,10.000000,11.000000,12.000000,13.000000,14.000000,15.000000,16.000000,17.000000,18.000000,19.000000,20.000000,21.000000,22.000000,23.000000,24.000000,25.000000,26.000000,27.000000,28.000000,29.000000,30.000000,31.000000,32.000000,33.000000,34.000000,35.000000,36.000000,37.000000,38.000000,39.000000,40.000000,41.000000,42.000000,43.000000,44.000000,45.000000,46.000000,47.000000,48.000000,49.000000,50.000000,51.000000,52.000000,53.000000,54.000000,55.000000,56.000000,57.000000,58.000000,59.000000,60.000000,61.000000,62.000000,63.000000,64.000000,65.000000,66.000000,67.000000,68.000000,69.000000,70.000000,71.000000,72.000000,72.000000,73.000000,74.000000,75.000000,75.000000,76.000000,77.000000,78.000000,79.000000,80.000000,81.000000,82.000000,83.000000,84.000000,85.000000,86.000000,87.000000,88.000000,89.000000,90.000000,91.000000,92.000000,93.000000,94.000000,95.000000,96.000000,97.000000,98.000000,99.000000,100.000000,101.000000,102.000000,103.000000,104.000000,105.000000,106.000000,107.000000,108.000000,109.000000,110.000000,111.000000,112.000000,113.000000,114.000000,115.000000,116.000000,117.000000,118.000000,119.000000,120.000000,121.000000,122.000000,123.000000,123.000000,123.000000,123.000000,123.000000;;0;29666
9dd63;9c4bf;9d9a7;0;0;0000000000000070;        36s 763ms 551μs 654ns;314;130;              9ms 568μs 724ns;123.000000;1.056911;0.000000;inf;3;1;Failing;2.000000,3.000000,4.000000,5.000000,6.000000,7.000000,8.000000,9.000000,10.000000,11.000000,12.000000,13.000000,14.000000,15.000000,16.000000,17.000000,18.000000,19.000000,20.000000,21.000000,22.000000,23.000000,24.000000,25.000000,26.000000,27.000000,28.000000,29.000000,30.000000,31.000000,32.000000,33.000000,34.000000,35.000000,36.000000,37.000000,38.000000,39.000000,40.000000,41.000000,42.000000,43.000000,44.000000,45.000000,46.000000,47.000000,48.000000,49.000000,50.000000,51.000000,52.000000,53.000000,54.000000,55.000000,56.000000,57.000000,58.000000,59.000000,60.000000,61.000000,62.000000,63.000000,64.000000,65.000000,66.000000,67.000000,68.000000,69.000000,70.000000,71.000000,72.000000,72.000000,73.000000,74.000000,75.000000,75.000000,76.000000,77.000000,78.000000,79.000000,80.000000,81.000000,82.000000,83.000000,84.000000,85.000000,86.000000,87.000000,88.000000,89.000000,90.000000,91.000000,92.000000,93.000000,94.000000,95.000000,96.000000,97.000000,98.000000,99.000000,100.000000,101.000000,102.000000,103.000000,104.000000,105.000000,106.000000,107.000000,108.000000,109.000000,110.000000,111.000000,112.000000,113.000000,114.000000,115.000000,116.000000,116.000000,116.000000,117.000000,118.000000,119.000000,120.000000,121.000000,122.000000,123.000000,123.000000,123.000000;;0;29674
9ed1e;9b17a;9d9a7;0;0;0000000000000070;        37s 217ms  32μs 101ns;284;130;              9ms 182μs 830ns;123.000000;1.056911;0.000000;inf;3;1;Failing;2.000000,3.000000,4.000000,5.000000,6.000000,7.000000,8.000000,9.000000,10.000000,11.000000,12.000000,13.000000,14.000000,15.000000,16.000000,17.000000,18.000000,19.000000,20.000000,21.000000,22.000000,23.000000,24.000000,25.000000,26.000000,27.000000,28.000000,29.000000,30.000000,31.000000,32.000000,33.000000,34.000000,35.000000,36.000000,37.000000,38.000000,39.000000,40.000000,41.000000,42.000000,43.000000,44.000000,45.000000,46.000000,47.000000,48.000000,49.000000,50.000000,51.000000,52.000000,53.000000,54.000000,55.000000,56.000000,57.000000,58.000000,59.000000,60.000000,61.000000,62.000000,63.000000,64.000000,65.000000,66.000000,67.000000,68.000000,69.000000,70.000000,71.000000,72.000000,72.000000,73.000000,74.000000,75.000000,75.000000,76.000000,77.000000,78.000000,79.000000,80.000000,81.000000,82.000000,83.000000,84.000000,85.000000,86.000000,87.000000,88.000000,89.000000,90.000000,91.000000,92.000000,93.000000,94.000000,94.000000,95.000000,96.000000,97.000000,98.000000,99.000000,100.000000,101.000000,102.000000,103.000000,104.000000,105.000000,106.000000,107.000000,108.000000,109.000000,110.000000,111.000000,112.000000,113.000000,114.000000,115.000000,116.000000,117.000000,118.000000,119.000000,120.000000,121.000000,122.000000,123.000000,123.000000,123.000000,123.000000;;0;29910
9f21c;9c1ef;9d9a7;0;0;0000000000000070;        37s 321ms 713μs 314ns;314;130;              9ms 294μs 877ns;123.000000;1.056911;0.000000;inf;3;1;Failing;2.000000,3.000000,4.000000,5.000000,6.000000,7.000000,8.000000,9.000000,10.000000,11.000000,12.000000,13.000000,14.000000,15.000000,16.000000,17.000000,18.000000,19.000000,20.000000,21.000000,22.000000,23.000000,24.000000,25.000000,26.000000,27.000000,28.000000,29.000000,30.000000,31.000000,32.000000,33.000000,34.000000,35.000000,36.000000,37.000000,38.000000,39.000000,40.000000,41.000000,42.000000,43.000000,44.000000,45.000000,46.000000,47.000000,48.000000,49.000000,50.000000,51.000000,52.000000,53.000000,54.000000,55.000000,56.000000,57.000000,58.000000,59.000000,60.000000,61.000000,62.000000,63.000000,64.000000,65.000000,66.000000,67.000000,68.000000,69.000000,70.000000,71.000000,72.000000,72.000000,73.000000,74.000000,75.000000,75.000000,76.000000,77.000000,78.000000,79.000000,80.000000,81.000000,82.000000,83.000000,84.000000,85.000000,86.000000,87.000000,88.000000,89.000000,90.000000,91.000000,92.000000,93.000000,94.000000,95.000000,96.000000,97.000000,98.000000,99.000000,100.000000,101.000000,102.000000,103.000000,104.000000,105.000000,106.000000,107.000000,108.000000,109.000000,110.000000,111.000000,112.000000,113.000000,114.000000,115.000000,116.000000,117.000000,118.000000,119.000000,120.000000,121.000000,122.000000,122.000000,122.000000,122.000000,122.000000,123.000000;;0;29968
9f7bf;9c1ef;9d9a7;0;0;0000000000000070;        37s 421ms   5μs 178ns;285;130;              9ms 708μs 327ns;123.000000;1.056911;0.000000;inf;3;1;Failing;2.000000,3.000000,4.000000,5.000000,6.000000,7.000000,8.000000,9.000000,10.000000,11.000000,12.000000,13.000000,14.000000,15.000000,16.000000,17.000000,18.000000,19.000000,20.000000,21.000000,22.000000,23.000000,24.000000,25.000000,26.000000,27.000000,28.000000,29.000000,30.000000,31.000000,32.000000,33.000000,34.000000,35.000000,36.000000,37.000000,38.000000,39.000000,40.000000,41.000000,42.000000,43.000000,44.000000,45.000000,46.000000,47.000000,48.000000,49.000000,50.000000,51.000000,52.000000,53.000000,54.000000,55.000000,56.000000,57.000000,58.000000,59.000000,60.000000,61.000000,62.000000,63.000000,64.000000,65.000000,66.000000,67.000000,68.000000,69.000000,70.000000,71.000000,72.000000,72.000000,73.000000,74.000000,75.000000,75.000000,76.000000,77.000000,78.000000,79.000000,80.000000,81.000000,82.000000,83.000000,84.000000,85.000000,86.000000,87.000000,88.000000,89.000000,90.000000,91.000000,92.000000,93.000000,94.000000,95.000000,96.000000,97.000000,98.000000,99.000000,100.000000,101.000000,102.000000,103.000000,104.000000,105.000000,106.000000,107.000000,108.000000,109.000000,110.000000,111.000000,112.000000,113.000000,114.000000,115.000000,116.000000,117.000000,118.000000,119.000000,120.000000,121.000000,122.000000,122.000000,122.000000,122.000000,122.000000,123.000000;;0;30019
9fa24;9d27e;9d9a7;0;0;0000000000000070;        37s 459ms 543μs 981ns;246;130;              8ms 908μs 983ns;123.000000;1.056911;0.000000;inf;3;1;Failing;2.000000,3.000000,4.000000,5.000000,6.000000,7.000000,8.000000,9.000000,10.000000,11.000000,12.000000,13.000000,14.000000,15.000000,16.000000,17.000000,18.000000,19.000000,20.000000,21.000000,22.000000,23.000000,24.000000,25.000000,26.000000,27.000000,28.000000,29.000000,30.000000,31.000000,32.000000,33.000000,34.000000,35.000000,36.000000,37.000000,38.000000,39.000000,40.000000,41.000000,42.000000,43.000000,44.000000,45.000000,46.000000,47.000000,48.000000,49.000000,50.000000,51.000000,52.000000,53.000000,54.000000,55.000000,56.000000,57.000000,58.000000,59.000000,60.000000,61.000000,62.000000,63.000000,64.000000,65.000000,66.000000,67.000000,68.000000,69.000000,70.000000,71.000000,72.000000,72.000000,73.000000,74.000000,75.000000,75.000000,76.000000,77.000000,78.000000,79.000000,80.000000,81.000000,82.000000,83.000000,84.000000,85.000000,86.000000,87.000000,88.000000,89.000000,90.000000,91.000000,92.000000,93.000000,94.000000,94.000000,95.000000,96.000000,97.000000,98.000000,99.000000,100.000000,101.000000,102.000000,103.000000,104.000000,105.000000,106.000000,107.000000,108.000000,109.000000,110.000000,111.000000,112.000000,113.000000,114.000000,115.000000,116.000000,117.000000,118.000000,119.000000,120.000000,120.000000,120.000000,121.000000,122.000000,123.000000,123.000000;;0;30039
9ff16;9b17a;9d9a7;0;0;0000000000000070;        37s 535ms 367μs 542ns;324;130;              8ms 582μs 608ns;123.000000;1.056911;0.000000;inf;3;1;Failing;2.000000,3.000000,4.000000,5.000000,6.000000,7.000000,8.000000,9.000000,10.000000,11.000000,12.000000,13.000000,14.000000,15.000000,16.000000,17.000000,18.000000,19.000000,20.000000,21.000000,22.000000,23.000000,24.000000,25.000000,26.000000,27.000000,28.000000,29.000000,30.000000,31.000000,32.000000,33.000000,34.000000,35.000000,36.000000,37.000000,38.000000,39.000000,40.000000,41.000000,42.000000,43.000000,44.000000,45.000000,46.000000,47.000000,48.000000,49.000000,50.000000,51.000000,52.000000,53.000000,54.000000,55.000000,56.000000,57.000000,58.000000,59.000000,60.000000,61.000000,62.000000,63.000000,64.000000,65.000000,66.000000,67.000000,68.000000,69.000000,70.000000,71.000000,72.000000,72.000000,73.000000,74.000000,75.000000,75.000000,76.000000,77.000000,78.000000,79.000000,80.000000,81.000000,82.000000,83.000000,84.000000,85.000000,86.000000,87.000000,88.000000,89.000000,90.000000,91.000000,92.000000,93.000000,94.000000,94.000000,95.000000,96.000000,97.000000,98.000000,99.000000,100.000000,101.000000,102.000000,103.000000,104.000000,105.000000,106.000000,107.000000,108.000000,109.000000,110.000000,111.000000,112.000000,113.000000,114.000000,115.000000,116.000000,117.000000,118.000000,119.000000,120.000000,121.000000,122.000000,123.000000,123.000000,123.000000,123.000000;;0;30089
9ff6f;9b17a;9d9a7;0;0;0000000000000070;        37s 540ms 957μs 526ns;273;130;              9ms 473μs 207ns;123.000000;1.056911;0.000000;inf;3;1;Failing;2.000000,3.000000,4.000000,5.000000,6.000000,7.000000,8.000000,9.000000,10.000000,11.000000,12.000000,13.000000,14.000000,15.000000,16.000000,17.000000,18.000000,19.000000,20.000000,21.000000,22.000000,23.000000,24.000000,25.000000,26.000000,27.000000,28.000000,29.000000,30.000000,31.000000,32.000000,33.000000,34.000000,35.000000,36.000000,37.000000,38.000000,39.000000,40.000000,41.000000,42.000000,43.000000,44.000000,45.000000,46.000000,47.000000,48.000000,49.000000,50.000000,51.000000,52.000000,53.000000,54.000000,55.000000,56.000000,57.000000,58.000000,59.000000,60.000000,61.000000,62.000000,63.000000,64.000000,65.000000,66.000000,67.000000,68.000000,69.000000,70.000000,71.000000,72.000000,72.000000,73.000000,74.000000,75.000000,75.000000,76.000000,77.000000,78.000000,79.000000,80.000000,81.000000,82.000000,83.000000,84.000000,85.000000,86.000000,87.000000,88.000000,89.000000,90.000000,91.000000,92.000000,93.000000,94.000000,94.000000,95.000000,96.000000,97.000000,98.000000,99.000000,100.000000,101.000000,102.000000,103.000000,104.000000,105.000000,106.000000,107.000000,108.000000,109.000000,110.000000,111.000000,112.000000,113.000000,114.000000,115.000000,116.000000,117.000000,118.000000,119.000000,120.000000,121.000000,122.000000,123.000000,123.000000,123.000000,123.000000;;0;30094
a2b80;9d665;9d9a7;0;0;0000000000000070;        39s  16ms 655μs 965ns;228;130;             10ms 337μs 161ns;123.000000;1.056911;0.000000;inf;3;1;Failing;2.000000,3.000000,4.000000,5.000000,6.000000,7.000000,8.000000,9.000000,10.000000,11.000000,12.000000,13.000000,14.000000,15.000000,16.000000,17.000000,18.000000,19.000000,20.000000,21.000000,22.000000,23.000000,24.000000,25.000000,26.000000,27.000000,28.000000,29.000000,30.000000,31.000000,32.000000,33.000000,34.000000,35.000000,36.000000,37.000000,38.000000,39.000000,40.000000,41.000000,42.000000,43.000000,44.000000,45.000000,46.000000,47.000000,48.000000,49.000000,50.000000,51.000000,52.000000,53.000000,54.000000,55.000000,56.000000,57.000000,58.000000,59.000000,60.000000,61.000000,62.000000,63.000000,64.000000,65.000000,66.000000,67.000000,68.000000,69.000000,70.000000,71.000000,72.000000,72.000000,73.000000,74.000000,75.000000,75.000000,76.000000,77.000000,78.000000,79.000000,80.000000,81.000000,82.000000,83.000000,84.000000,85.000000,86.000000,87.000000,88.000000,89.000000,90.000000,91.000000,92.000000,93.000000,94.000000,94.000000,95.000000,96.000000,97.000000,98.000000,99.000000,100.000000,101.000000,102.000000,103.000000,104.000000,105.000000,106.000000,107.000000,108.000000,109.000000,110.000000,111.000000,112.000000,113.000000,114.000000,115.000000,116.000000,117.000000,118.000000,119.000000,120.000000,121.000000,122.000000,123.000000,123.000000,123.000000,123.000000;;0;31275
a39fa;9c4bf;9d9a7;0;0;0000000000000070;        39s 243ms 261μs 850ns;246;130;             10ms 108μs 758ns;123.000000;1.056911;0.000000;inf;3;1;Failing;2.000000,3.000000,4.000000,5.000000,6.000000,7.000000,8.000000,9.000000,10.000000,11.000000,12.000000,13.000000,14.000000,15.000000,16.000000,17.000000,18.000000,19.000000,20.000000,21.000000,22.000000,23.000000,24.000000,25.000000,26.000000,27.000000,28.000000,29.000000,30.000000,31.000000,32.000000,33.000000,34.000000,35.000000,36.000000,37.000000,38.000000,39.000000,40.000000,41.000000,42.000000,43.000000,44.000000,45.000000,46.000000,47.000000,48.000000,49.000000,50.000000,51.000000,52.000000,53.000000,54.000000,55.000000,56.000000,57.000000,58.000000,59.000000,60.000000,61.000000,62.000000,63.000000,64.000000,65.000000,66.000000,67.000000,68.000000,69.000000,70.000000,71.000000,72.000000,72.000000,73.000000,74.000000,75.000000,75.000000,76.000000,77.000000,78.000000,79.000000,80.000000,81.000000,82.000000,83.000000,84.000000,85.000000,86.000000,87.000000,88.000000,89.000000,90.000000,91.000000,92.000000,93.000000,94.000000,95.000000,96.000000,97.000000,98.000000,99.000000,100.000000,101.000000,102.000000,103.000000,104.000000,105.000000,106.000000,107.000000,108.000000,109.000000,110.000000,111.000000,112.000000,113.000000,114.000000,115.000000,116.000000,116.000000,116.000000,117.000000,118.000000,119.000000,120.000000,121.000000,122.000000,123.000000,123.000000,123.000000;;0;31394
986e0;92e57;97c73;0;0;0000000000000070;        35s  96ms 117μs 592ns;317;130;              8ms 951μs 431ns;122.000000;1.065574;0.000000;inf;3;1;Failing;2.000000,3.000000,4.000000,5.000000,6.000000,7.000000,8.000000,9.000000,10.000000,11.000000,12.000000,13.000000,14.000000,15.000000,16.000000,17.000000,18.000000,19.000000,20.000000,21.000000,22.000000,23.000000,24.000000,25.000000,26.000000,27.000000,28.000000,29.000000,30.000000,31.000000,32.000000,33.000000,34.000000,35.000000,36.000000,37.000000,38.000000,39.000000,40.000000,41.000000,42.000000,43.000000,44.000000,45.000000,46.000000,47.000000,48.000000,49.000000,50.000000,51.000000,52.000000,53.000000,54.000000,55.000000,56.000000,57.000000,58.000000,59.000000,60.000000,61.000000,62.000000,63.000000,64.000000,65.000000,66.000000,67.000000,68.000000,69.000000,70.000000,71.000000,72.000000,72.000000,73.000000,74.000000,75.000000,75.000000,76.000000,77.000000,78.000000,79.000000,80.000000,81.000000,82.000000,83.000000,84.000000,85.000000,86.000000,87.000000,88.000000,89.000000,90.000000,91.000000,92.000000,93.000000,94.000000,95.000000,96.000000,97.000000,98.000000,99.000000,100.000000,101.000000,102.000000,103.000000,104.000000,105.000000,106.000000,107.000000,108.000000,109.000000,110.000000,111.000000,112.000000,113.000000,114.000000,115.000000,116.000000,116.000000,116.000000,117.000000,118.000000,119.000000,119.000000,119.000000,120.000000,121.000000,122.000000,122.000000;;0;28808
99b29;92e57;97c73;0;0;0000000000000070;        35s 571ms 952μs 189ns;319;130;              9ms 514μs  43ns;122.000000;1.065574;0.000000;inf;3;1;Failing;2.000000,3.000000,4.000000,5.000000,6.000000,7.000000,8.000000,9.000000,10.000000,11.000000,12.000000,13.000000,14.000000,15.000000,16.000000,17.000000,18.000000,19.000000,20.000000,21.000000,22.000000,23.000000,24.000000,25.000000,26.000000,27.000000,28.000000,29.000000,30.000000,31.000000,32.000000,33.000000,34.000000,35.000000,36.000000,37.000000,38.000000,39.000000,40.000000,41.000000,42.000000,43.000000,44.000000,45.000000,46.000000,47.000000,48.000000,49.000000,50.000000,51.000000,52.000000,53.000000,54.000000,55.000000,56.000000,57.000000,58.000000,59.000000,60.000000,61.000000,62.000000,63.000000,64.000000,65.000000,66.000000,67.000000,68.000000,69.000000,70.000000,71.000000,72.000000,72.000000,73.000000,74.000000,75.000000,75.000000,76.000000,77.000000,78.000000,79.000000,80.000000,81.000000,82.000000,83.000000,84.000000,85.000000,86.000000,87.000000,88.000000,89.000000,90.000000,91.000000,92.000000,93.000000,94.000000,95.000000,96.000000,97.000000,98.000000,99.000000,100.000000,101.000000,102.000000,103.000000,104.000000,105.000000,106.000000,107.000000,108.000000,109.000000,110.000000,111.000000,112.000000,113.000000,114.000000,115.000000,116.000000,116.000000,116.000000,117.000000,118.000000,119.000000,120.000000,121.000000,122.000000,122.000000,122.000000,122.000000;;0;29061
9ac30;95b76;97c73;0;0;0000000000000070;        35s 870ms 149μs 447ns;292;130;              8ms 982μs 270ns;122.000000;1.065574;0.000000;inf;3;1;Failing;2.000000,3.000000,4.000000,5.000000,6.000000,7.000000,8.000000,9.000000,10.000000,11.000000,12.000000,13.000000,14.000000,15.000000,16.000000,17.000000,18.000000,19.000000,20.000000,21.000000,22.000000,23.000000,24.000000,25.000000,26.000000,27.000000,28.000000,29.000000,30.000000,31.000000,32.000000,33.000000,34.000000,35.000000,36.000000,37.000000,38.000000,39.000000,40.000000,41.000000,42.000000,43.000000,44.000000,45.000000,46.000000,47.000000,48.000000,49.000000,50.000000,51.000000,52.000000,53.000000,54.000000,55.000000,56.000000,57.000000,58.000000,59.000000,60.000000,61.000000,62.000000,63.000000,64.000000,65.000000,66.000000,67.000000,68.000000,69.000000,70.000000,71.000000,72.000000,72.000000,73.000000,74.000000,75.000000,75.000000,76.000000,77.000000,78.000000,79.000000,80.000000,81.000000,82.000000,83.000000,84.000000,85.000000,86.000000,87.000000,88.000000,89.000000,90.000000,91.000000,92.000000,93.000000,94.000000,94.000000,95.000000,96.000000,97.000000,98.000000,99.000000,100.000000,101.000000,102.000000,103.000000,104.000000,105.000000,106.000000,107.000000,108.000000,109.000000,110.000000,111.000000,112.000000,113.000000,114.000000,115.000000,116.000000,117.000000,118.000000,119.000000,120.000000,121.000000,121.000000,121.000000,122.000000,122.000000,122.000000;;0;29217
