ID;TotalTests;Skipped;Prefix;Approx;BatchCount;Level;Original: Length;Reduced: Length;Total Reduction %: Length;Original: Primary;Reduced: Primary;Total Reduction %: Primary;Original: Secondary;Reduced: Secondary;Total Reduction %: Secondary;Runtime;Average Test Runtime
213305;16;3;82;33;6;20;22.000000;20.000000;90.909091;1727.000000;1727.000000;100.000000;0.000000;0.000000;-nan;         1s 500ms 733μs 821ns;            115ms 646μs 831ns
213319;22;0;118;60;7;20;22.000000;20.000000;90.909091;1732.000000;1732.000000;100.000000;0.000000;0.000000;-nan;         2s  33ms 709μs 296ns;            296ms 603μs 119ns
213333;13;0;92;49;6;20;21.000000;20.000000;95.238095;1733.000000;1733.000000;100.000000;0.000000;0.000000;-nan;         1s 396ms 737μs 212ns;            114ms 991μs 950ns
20a7f9;15;0;91;48;6;20;21.000000;20.000000;95.238095;1730.000000;1730.000000;100.000000;0.000000;0.000000;-nan;         1s 485ms  38μs 550ns;            114ms 647μs 636ns
20a7fd;19;0;92;43;6;20;21.000000;20.000000;95.238095;1728.000000;1728.000000;100.000000;0.000000;0.000000;-nan;         1s 532ms 312μs 316ns;            191ms  69μs 428ns
1e7e32;14;0;92;48;6;20;21.000000;20.000000;95.238095;1728.000000;1728.000000;100.000000;0.000000;0.000000;-nan;         1s 794ms 468μs 564ns;            165ms  51μs 135ns
1e7d8d;15;0;95;44;6;20;21.000000;20.000000;95.238095;1731.000000;1731.000000;100.000000;0.000000;0.000000;-nan;         1s 570ms 913μs 375ns;            204ms 855μs 152ns
1e7da4;20;0;113;67;7;20;22.000000;20.000000;90.909091;1733.000000;1733.000000;100.000000;0.000000;0.000000;-nan;         1s 867ms 520μs 664ns;            410ms 779μs 855ns
1e7dba;16;8;83;47;6;20;21.000000;20.000000;95.238095;1727.000000;1727.000000;100.000000;0.000000;0.000000;-nan;         1s 379ms  37μs 872ns;             84ms  14μs 420ns
17ef0a;17;8;96;49;7;19;22.000000;19.000000;86.363636;1728.000000;1728.000000;100.000000;0.000000;0.000000;-nan;         1s 766ms 286μs  97ns;            184ms 665μs 799ns
17ef15;15;0;93;46;6;20;21.000000;20.000000;95.238095;1733.000000;1733.000000;100.000000;0.000000;0.000000;-nan;         1s 732ms 566μs 219ns;            173ms 585μs 811ns
17eec7;15;0;91;42;6;19;20.000000;19.000000;95.000000;1729.000000;1729.000000;100.000000;0.000000;0.000000;-nan;         1s 563ms 236μs 205ns;             97ms 141μs 988ns
17eecf;13;0;99;42;6;20;21.000000;20.000000;95.238095;1731.000000;1731.000000;100.000000;0.000000;0.000000;-nan;         1s 627ms 361μs 237ns;            171ms 388μs  53ns
17eedc;18;0;95;41;6;20;21.000000;20.000000;95.238095;1732.000000;1732.000000;100.000000;0.000000;0.000000;-nan;         1s 652ms 593μs 477ns;            246ms 259μs 430ns
17eeeb;16;0;91;41;6;19;20.000000;19.000000;95.000000;1730.000000;1730.000000;100.000000;0.000000;0.000000;-nan;         1s 691ms 703μs 320ns;             86ms 437μs 339ns
17ee88;19;21;100;50;7;19;21.000000;19.000000;90.476190;1723.000000;1723.000000;100.000000;0.000000;0.000000;-nan;         1s 149ms 524μs 590ns;            458ms 660μs 866ns
17ee98;15;8;86;45;6;20;21.000000;20.000000;95.238095;1727.000000;1727.000000;100.000000;0.000000;0.000000;-nan;         1s 328ms 731μs 689ns;             81ms 422μs 542ns
17ee75;18;0;94;42;6;20;21.000000;20.000000;95.238095;1726.000000;1726.000000;100.000000;0.000000;0.000000;-nan;         1s 556ms 709μs 551ns;            210ms 799μs 988ns
17ee7a;21;0;92;41;6;20;21.000000;20.000000;95.238095;1721.000000;1721.000000;100.000000;0.000000;0.000000;-nan;         1s 619ms 388μs 821ns;            163ms 699μs 739ns
17cd5b;13;0;98;43;6;20;21.000000;20.000000;95.238095;1733.000000;1733.000000;100.000000;0.000000;0.000000;-nan;         1s 652ms 558μs 425ns;             85ms 526μs 353ns
17cd07;19;0;107;44;7;19;22.000000;19.000000;86.363636;1732.000000;1732.000000;100.115607;0.000000;0.000000;-nan;         1s 903ms 722μs 814ns;            176ms 224μs 798ns
17cd20;20;8;107;55;7;19;21.000000;19.000000;90.476190;1727.000000;1727.000000;100.000000;0.000000;0.000000;-nan;         1s 763ms 280μs 435ns;            301ms 606μs 533ns
17cd38;19;0;119;52;7;19;21.000000;19.000000;90.476190;1732.000000;1732.000000;100.000000;0.000000;0.000000;-nan;         1s 799ms 693μs 118ns;            290ms 680μs 112ns
17ccc5;16;0;78;40;6;20;22.000000;20.000000;90.909091;1728.000000;1728.000000;100.000000;0.000000;0.000000;-nan;         1s 555ms 240μs 557ns;             81ms 289μs 509ns
17ccd0;15;0;95;44;6;20;21.000000;20.000000;95.238095;1731.000000;1731.000000;100.000000;0.000000;0.000000;-nan;         1s 484ms 218μs 605ns;            186ms 228μs 799ns
17cce1;18;0;90;46;6;20;21.000000;20.000000;95.238095;1729.000000;1729.000000;100.000000;0.000000;0.000000;-nan;         1s 644ms 109μs 315ns;            189ms 488μs 219ns
17ccf3;12;0;94;42;6;19;20.000000;19.000000;95.000000;1723.000000;1723.000000;100.000000;0.000000;0.000000;-nan;         1s 643ms 579μs 834ns;            112ms 178μs 356ns
17cca8;32;0;118;58;7;21;23.000000;21.000000;91.304348;1730.000000;1730.000000;100.289855;0.000000;0.000000;-nan;         1s 525ms 187μs 699ns;            625ms 426μs 661ns
17ccad;14;0;98;42;6;20;21.000000;20.000000;95.238095;1726.000000;1726.000000;100.000000;0.000000;0.000000;-nan;         1s 307ms 639μs 801ns;             83ms 320μs  24ns
17ab49;13;0;96;45;6;20;21.000000;20.000000;95.238095;1733.000000;1733.000000;100.000000;0.000000;0.000000;-nan;         1s 653ms 654μs 793ns;            191ms 702μs 435ns
17ab5d;14;0;96;38;6;19;20.000000;19.000000;95.000000;1731.000000;1731.000000;100.000000;0.000000;0.000000;-nan;         1s 702ms 451μs 890ns;            137ms 714μs 253ns
17ab70;18;0;90;46;6;20;21.000000;20.000000;95.238095;1728.000000;1728.000000;100.000000;0.000000;0.000000;-nan;         1s 730ms  32μs 877ns;            165ms 815μs 137ns
17ab7d;19;0;93;42;6;20;21.000000;20.000000;95.238095;1732.000000;1732.000000;100.000000;0.000000;0.000000;-nan;         1s 862ms 515μs 527ns;            256ms 759μs 761ns
17ab0a;18;0;87;49;6;20;21.000000;20.000000;95.238095;1729.000000;1729.000000;100.000000;0.000000;0.000000;-nan;         1s 738ms 179μs 279ns;            220ms 700μs 283ns
17ab1c;18;0;98;38;6;20;21.000000;20.000000;95.238095;1727.000000;1727.000000;100.000000;0.000000;0.000000;-nan;         1s 477ms 271μs 908ns;            213ms 785μs 387ns
17ab28;20;0;98;52;7;20;23.000000;20.000000;86.956522;1729.000000;1729.000000;100.290023;0.000000;0.000000;-nan;         1s 977ms 647μs 650ns;            246ms 582μs 173ns
17ab39;16;0;89;43;6;19;20.000000;19.000000;95.000000;1730.000000;1730.000000;100.000000;0.000000;0.000000;-nan;         1s 538ms 573μs 105ns;            134ms 793μs 315ns
17aaf7;21;0;110;59;7;19;21.000000;19.000000;90.476190;1733.000000;1733.000000;100.463768;0.000000;0.000000;-nan;         1s 839ms 611μs 143ns;            340ms 414μs 917ns
17aafb;22;0;112;56;7;19;21.000000;19.000000;90.476190;1723.000000;1723.000000;100.000000;0.000000;0.000000;-nan;         1s 900ms 135μs 590ns;            299ms 104μs 458ns
1789c4;22;0;113;55;7;19;21.000000;19.000000;90.476190;1733.000000;1733.000000;100.000000;0.000000;0.000000;-nan;         1s 889ms 952μs 360ns;            331ms 572μs 362ns
1789d4;22;0;109;59;7;19;21.000000;19.000000;90.476190;1729.000000;1729.000000;100.115808;0.000000;0.000000;-nan;         1s 909ms 507μs 861ns;            409ms 878μs 171ns
178989;15;0;90;43;6;19;20.000000;19.000000;95.000000;1729.000000;1729.000000;100.000000;0.000000;0.000000;-nan;         1s 736ms 417μs 103ns;            154ms 305μs 607ns
178995;15;0;90;43;6;19;20.000000;19.000000;95.000000;1728.000000;1728.000000;100.000000;0.000000;0.000000;-nan;         1s 635ms 571μs 333ns;            114ms   2μs 107ns
1789bd;16;0;96;42;6;20;21.000000;20.000000;95.238095;1732.000000;1732.000000;100.000000;0.000000;0.000000;-nan;         1s 819ms 644μs 200ns;            138ms 294μs 541ns
178948;18;0;93;43;6;20;21.000000;20.000000;95.238095;1727.000000;1727.000000;100.174014;0.000000;0.000000;-nan;         1s 441ms 916μs 451ns;            222ms 157μs 799ns
17894b;17;0;88;43;6;19;20.000000;19.000000;95.000000;1723.000000;1723.000000;100.000000;0.000000;0.000000;-nan;         1s 454ms 478μs 175ns;             84ms 185μs 128ns
178959;20;0;103;47;7;19;22.000000;19.000000;86.363636;1733.000000;1733.000000;100.173410;0.000000;0.000000;-nan;         1s 808ms 223μs 306ns;            221ms 218μs 841ns
178967;18;0;92;44;6;20;21.000000;20.000000;95.238095;1731.000000;1731.000000;100.000000;0.000000;0.000000;-nan;         1s 400ms 934μs 389ns;            197ms 289μs 578ns
178977;20;0;95;39;6;20;21.000000;20.000000;95.238095;1725.000000;1725.000000;100.000000;0.000000;0.000000;-nan;         1s 603ms 360μs 617ns;            189ms 689μs  20ns
176782;18;0;88;48;6;20;21.000000;20.000000;95.238095;1728.000000;1728.000000;100.000000;0.000000;0.000000;-nan;         1s 629ms 697μs 155ns;            202ms 338μs 689ns
176790;22;0;112;56;7;19;21.000000;19.000000;90.476190;1730.000000;1730.000000;100.000000;0.000000;0.000000;-nan;         2s  92ms  90μs  14ns;            318ms 298μs 851ns
1767a4;22;0;107;61;7;19;21.000000;19.000000;90.476190;1733.000000;1733.000000;100.000000;0.000000;0.000000;-nan;         2s 151ms 514μs 433ns;            338ms  88μs 113ns
1767b2;23;0;83;28;6;20;22.000000;20.000000;90.909091;1730.000000;1730.000000;100.057837;0.000000;0.000000;-nan;         1s 968ms  44μs 781ns;            226ms 777μs 345ns
176741;20;0;104;46;7;19;22.000000;19.000000;86.363636;1725.000000;1725.000000;100.000000;0.000000;0.000000;-nan;         1s 998ms 419μs 959ns;            214ms 557μs 418ns
176752;23;0;115;52;7;19;21.000000;19.000000;90.476190;1732.000000;1732.000000;100.000000;0.000000;0.000000;-nan;         1s 983ms 827μs 109ns;            281ms 317μs 503ns
176763;14;0;91;43;6;19;20.000000;19.000000;95.000000;1731.000000;1731.000000;100.000000;0.000000;0.000000;-nan;         1s 602ms 931μs 431ns;             88ms 734μs 126ns
176771;25;0;110;55;7;19;21.000000;19.000000;90.476190;1727.000000;1727.000000;100.000000;0.000000;0.000000;-nan;         2s 116ms 280μs 841ns;            260ms 576μs 947ns
17672b;15;0;96;43;6;20;21.000000;20.000000;95.238095;1723.000000;1723.000000;100.000000;0.000000;0.000000;-nan;         1s 416ms 865μs 282ns;            314ms 507μs 856ns
17672f;28;0;106;56;7;19;21.000000;19.000000;90.476190;1730.000000;1730.000000;100.231750;0.000000;0.000000;-nan;         2s 133ms 756μs 571ns;            467ms 634μs 364ns
174602;24;0;135;49;7;21;23.000000;21.000000;91.304348;1732.000000;1732.000000;100.000000;0.000000;0.000000;-nan;         2s 103ms 719μs 813ns;            487ms 547μs 570ns
174612;15;0;86;47;6;19;20.000000;19.000000;95.000000;1728.000000;1728.000000;100.000000;0.000000;0.000000;-nan;         1s 847ms 880μs 745ns;             80ms 989μs 601ns
1745c8;24;0;118;66;7;21;23.000000;21.000000;91.304348;1727.000000;1727.000000;100.000000;0.000000;0.000000;-nan;         1s 991ms  36μs 477ns;            531ms 520μs 962ns
1745dd;22;0;101;47;7;19;22.000000;19.000000;86.363636;1730.000000;1730.000000;100.000000;0.000000;0.000000;-nan;         1s 967ms 343μs 519ns;            179ms 706μs 760ns
1745f2;13;0;93;42;6;19;20.000000;19.000000;95.000000;1731.000000;1731.000000;100.000000;0.000000;0.000000;-nan;         1s 738ms 307μs 608ns;             83ms 559μs 503ns
174584;17;0;88;43;6;19;20.000000;19.000000;95.000000;1725.000000;1725.000000;100.000000;0.000000;0.000000;-nan;         1s 566ms 231μs 423ns;             85ms 340μs 867ns
17459d;11;0;67;34;5;20;20.000000;20.000000;100.000000;1733.000000;1733.000000;100.000000;0.000000;0.000000;-nan;            796ms 648μs  40ns;                          0ns
1745b2;16;0;93;39;6;19;20.000000;19.000000;95.000000;1729.000000;1729.000000;100.000000;0.000000;0.000000;-nan;         1s 471ms 364μs  19ns;            267ms 245μs  16ns
17456e;29;0;109;52;7;19;21.000000;19.000000;90.476190;1727.000000;1727.000000;100.174014;0.000000;0.000000;-nan;         1s 892ms 611μs 645ns;            570ms  68μs 777ns
174573;19;1;87;41;6;19;20.000000;19.000000;95.000000;1726.000000;1726.000000;100.000000;0.000000;0.000000;-nan;         1s 452ms 499μs 937ns;            125ms 788μs 590ns
17248a;9;0;73;30;5;20;20.000000;20.000000;100.000000;1731.000000;1731.000000;100.000000;0.000000;0.000000;-nan;         1s 194ms 262μs 289ns;                          0ns
1724a6;18;22;101;49;7;19;21.000000;19.000000;90.476190;1732.000000;1732.000000;100.000000;0.000000;0.000000;-nan;         1s 359ms 619μs 612ns;            300ms 983μs 485ns
1724b6;16;0;86;32;6;20;22.000000;20.000000;90.909091;1728.000000;1728.000000;100.000000;0.000000;0.000000;-nan;         1s 823ms 418μs 491ns;            133ms 753μs 637ns
172454;13;0;93;42;6;19;20.000000;19.000000;95.000000;1733.000000;1733.000000;100.000000;0.000000;0.000000;-nan;         1s 462ms 954μs 740ns;             99ms 435μs 644ns
172464;24;0;94;52;7;19;22.000000;19.000000;86.363636;1728.000000;1728.000000;100.290192;0.000000;0.000000;-nan;         1s 863ms 800μs 529ns;            292ms 838μs 789ns
172479;23;0;90;41;6;20;21.000000;20.000000;95.238095;1725.000000;1725.000000;100.000000;0.000000;0.000000;-nan;         1s 748ms 661μs 258ns;            161ms 525μs 502ns
172404;32;0;122;54;7;21;23.000000;21.000000;91.304348;1726.000000;1726.000000;100.000000;0.000000;0.000000;-nan;         1s 847ms 841μs 806ns;            490ms 917μs 995ns
172413;15;23;76;39;6;20;21.000000;20.000000;95.238095;1729.000000;1729.000000;100.000000;0.000000;0.000000;-nan;            706ms 529μs  52ns;            224ms  63μs 565ns
172425;14;0;99;41;6;20;21.000000;20.000000;95.238095;1730.000000;1730.000000;100.000000;0.000000;0.000000;-nan;         1s 529ms 955μs 634ns;            168ms  23μs 934ns
1723ff;13;0;89;46;6;19;20.000000;19.000000;95.000000;1727.000000;1727.000000;100.000000;0.000000;0.000000;-nan;         1s 407ms 356μs 106ns;            130ms 557μs 144ns
170301;18;0;92;44;6;20;21.000000;20.000000;95.238095;1728.000000;1728.000000;100.000000;0.000000;0.000000;-nan;         2s  73ms 720μs 363ns;             80ms  80μs 168ns
1702d4;16;0;99;39;6;20;21.000000;20.000000;95.238095;1730.000000;1730.000000;100.000000;0.000000;0.000000;-nan;         2s  25ms 700μs 846ns;            247ms 881μs 246ns
1702e2;22;0;107;61;7;19;21.000000;19.000000;90.476190;1733.000000;1733.000000;100.000000;0.000000;0.000000;-nan;         2s 182ms 310μs 594ns;            305ms 784μs 496ns
17028f;19;0;96;39;6;20;21.000000;20.000000;95.238095;1729.000000;1729.000000;100.000000;0.000000;0.000000;-nan;         1s 842ms 378μs 710ns;            194ms 217μs 869ns
1702a7;24;8;95;43;7;19;22.000000;19.000000;86.363636;1731.000000;1731.000000;100.289687;0.000000;0.000000;-nan;         2s  69ms 305μs 670ns;            207ms 831μs 955ns
1702b9;18;8;87;41;6;20;21.000000;20.000000;95.238095;1732.000000;1732.000000;100.000000;0.000000;0.000000;-nan;         1s 523ms 917μs 183ns;            184ms 795μs 101ns
170246;24;0;85;45;6;20;21.000000;20.000000;95.238095;1732.000000;1732.000000;100.289519;0.000000;0.000000;-nan;         1s 937ms 636μs  78ns;            111ms 140μs 949ns
17024b;23;0;107;60;7;19;21.000000;19.000000;90.476190;1723.000000;1723.000000;100.000000;0.000000;0.000000;-nan;         2s 105ms  75μs  45ns;            286ms 250μs 292ns
17025c;25;3;88;38;6;20;21.000000;20.000000;95.238095;1725.000000;1725.000000;100.000000;0.000000;0.000000;-nan;         1s 269ms 562μs 227ns;            265ms 476μs 707ns
170271;21;0;113;56;7;19;21.000000;19.000000;90.476190;1731.000000;1731.000000;100.000000;0.000000;0.000000;-nan;         2s 186ms 187μs 848ns;            221ms 215μs  68ns
16e101;15;0;86;47;6;19;20.000000;19.000000;95.000000;1733.000000;1733.000000;100.000000;0.000000;0.000000;-nan;         1s 508ms 463μs 254ns;            103ms  44μs 926ns
16e0d8;11;8;88;41;6;19;20.000000;19.000000;95.000000;1732.000000;1732.000000;100.000000;0.000000;0.000000;-nan;         1s 202ms 340μs 467ns;            120ms 131μs 688ns
16e0e6;9;0;71;32;5;20;20.000000;20.000000;100.000000;1731.000000;1731.000000;100.000000;0.000000;0.000000;-nan;            979ms 121μs 816ns;                          0ns
16e081;13;0;92;43;6;19;20.000000;19.000000;95.000000;1728.000000;1728.000000;100.000000;0.000000;0.000000;-nan;         1s 332ms 385μs 441ns;            128ms 981μs 204ns
16e08f;26;0;117;47;7;19;21.000000;19.000000;90.476190;1732.000000;1732.000000;100.464037;0.000000;0.000000;-nan;         1s 761ms 597μs 529ns;            363ms 584μs 987ns
16e0a1;19;0;115;56;7;19;21.000000;19.000000;90.476190;1726.000000;1726.000000;100.000000;0.000000;0.000000;-nan;         1s 696ms  17μs 324ns;            378ms  79μs 171ns
16e0ae;14;8;84;42;6;19;20.000000;19.000000;95.000000;1730.000000;1730.000000;100.000000;0.000000;0.000000;-nan;         1s  91ms 807μs 781ns;            119ms 815μs 428ns
16e0b8;22;8;109;51;7;19;21.000000;19.000000;90.476190;1729.000000;1729.000000;100.000000;0.000000;0.000000;-nan;         1s 592ms 540μs 541ns;            498ms 511μs 840ns
16e06b;15;0;85;34;6;20;22.000000;20.000000;90.909091;1732.000000;1732.000000;100.405797;0.000000;0.000000;-nan;         1s 487ms 703μs 771ns;            129ms  99μs 266ns
16e070;17;0;92;45;6;20;21.000000;20.000000;95.238095;1727.000000;1727.000000;100.000000;0.000000;0.000000;-nan;         1s 352ms  24μs  11ns;            214ms 516μs 890ns
16bf01;23;0;117;60;7;20;22.000000;20.000000;90.909091;1730.000000;1730.000000;100.000000;0.000000;0.000000;-nan;         2s   2ms 440μs 708ns;            313ms 970μs 190ns
16bece;16;0;95;43;6;20;21.000000;20.000000;95.238095;1724.000000;1724.000000;100.000000;0.000000;0.000000;-nan;         1s 661ms 805μs 352ns;            175ms 893μs 777ns
16bee0;18;0;97;39;6;20;21.000000;20.000000;95.238095;1729.000000;1729.000000;100.000000;0.000000;0.000000;-nan;         1s 831ms 123μs 456ns;            158ms 850μs 815ns
16beeb;25;0;99;46;7;19;22.000000;19.000000;86.363636;1732.000000;1732.000000;100.000000;0.000000;0.000000;-nan;         1s 972ms 940μs 589ns;            278ms 540μs 622ns
16be8b;18;0;94;42;6;20;21.000000;20.000000;95.238095;1727.000000;1727.000000;100.000000;0.000000;0.000000;-nan;         1s 409ms   8μs   5ns;             86ms 798μs  15ns
16be98;16;8;88;42;6;20;21.000000;20.000000;95.238095;1733.000000;1733.000000;100.000000;0.000000;0.000000;-nan;         1s 261ms 677μs 296ns;            199ms 617μs 543ns
16bea8;21;0;114;55;7;19;21.000000;19.000000;90.476190;1731.000000;1731.000000;100.000000;0.000000;0.000000;-nan;         1s 827ms 122μs 280ns;            319ms 423μs 210ns
16beb3;17;0;95;42;6;20;21.000000;20.000000;95.238095;1731.000000;1731.000000;100.173611;0.000000;0.000000;-nan;         1s 677ms 918μs 468ns;            221ms   6μs 667ns
16be78;18;0;94;42;6;20;21.000000;20.000000;95.238095;1730.000000;1730.000000;100.289855;0.000000;0.000000;-nan;         1s 540ms 840μs 810ns;            208ms 705μs 786ns
16be7b;17;0;92;39;6;19;20.000000;19.000000;95.000000;1726.000000;1726.000000;100.000000;0.000000;0.000000;-nan;         1s 573ms 211μs 466ns;             88ms  70μs 147ns
169cc0;34;0;114;52;7;20;22.000000;20.000000;90.909091;1732.000000;1732.000000;100.347625;0.000000;0.000000;-nan;         2s 337ms 905μs  73ns;            563ms 842μs 632ns
169cd2;16;0;79;39;6;20;22.000000;20.000000;90.909091;1733.000000;1733.000000;100.000000;0.000000;0.000000;-nan;         1s 974ms  36μs 949ns;            108ms 879μs 531ns
169cdb;20;1;103;46;7;19;22.000000;19.000000;86.363636;1731.000000;1731.000000;100.000000;0.000000;0.000000;-nan;         1s 894ms 754μs 110ns;            201ms 636μs 255ns
169ce9;20;0;92;42;6;20;21.000000;20.000000;95.238095;1730.000000;1730.000000;100.000000;0.000000;0.000000;-nan;         1s 765ms 897μs 832ns;            166ms 224μs 293ns
169c85;40;0;154;52;8;20;23.000000;20.000000;86.956522;1725.000000;1725.000000;100.000000;0.000000;0.000000;-nan;         2s 416ms 930μs 275ns;            606ms 461μs 560ns
169c98;16;0;96;36;6;19;20.000000;19.000000;95.000000;1729.000000;1729.000000;100.000000;0.000000;0.000000;-nan;         1s 490ms 568μs 729ns;             83ms 613μs 991ns
169c9f;16;0;89;43;6;19;20.000000;19.000000;95.000000;1724.000000;1724.000000;100.000000;0.000000;0.000000;-nan;         1s 633ms 229μs 872ns;             85ms 146μs 460ns
169cb0;25;0;125;49;7;20;22.000000;20.000000;90.909091;1732.000000;1732.000000;100.000000;0.000000;0.000000;-nan;         2s 180ms 982μs 487ns;            289ms 730μs 932ns
169c6f;21;0;95;46;6;21;22.000000;21.000000;95.454545;1727.000000;1727.000000;100.000000;0.000000;0.000000;-nan;         1s 681ms 903μs 665ns;            263ms 294μs 637ns
169c74;13;0;92;43;6;19;20.000000;19.000000;95.000000;1728.000000;1728.000000;100.000000;0.000000;0.000000;-nan;         1s 613ms 715μs 908ns;             87ms 953μs 333ns
167b8a;20;0;104;46;7;19;22.000000;19.000000;86.363636;1728.000000;1728.000000;100.115875;0.000000;0.000000;-nan;         1s 837ms 906μs 268ns;            178ms 510μs 660ns
167ba0;19;0;93;42;6;20;21.000000;20.000000;95.238095;1730.000000;1730.000000;100.000000;0.000000;0.000000;-nan;         1s 790ms 523μs 956ns;            263ms 583μs 853ns
167bb3;25;0;108;67;7;20;22.000000;20.000000;90.909091;1733.000000;1733.000000;100.000000;0.000000;0.000000;-nan;         2s  19ms 867μs 615ns;            354ms  10μs 706ns
167b51;18;0;91;45;6;20;21.000000;20.000000;95.238095;1727.000000;1727.000000;100.000000;0.000000;0.000000;-nan;         1s 546ms 146μs 106ns;            248ms 885μs 630ns
167b60;21;0;92;35;6;19;20.000000;19.000000;95.000000;1729.000000;1729.000000;100.000000;0.000000;0.000000;-nan;         1s 406ms  17μs 222ns;            118ms 144μs  65ns
167b72;15;0;94;45;6;20;21.000000;20.000000;95.238095;1728.000000;1728.000000;100.000000;0.000000;0.000000;-nan;         1s 630ms 224μs  77ns;             85ms 279μs 538ns
167b7f;16;0;96;42;6;20;21.000000;20.000000;95.238095;1732.000000;1732.000000;100.000000;0.000000;0.000000;-nan;         1s 636ms 904μs 903ns;            167ms 496μs 726ns
167b2c;16;0;81;37;6;20;22.000000;20.000000;90.909091;1725.000000;1725.000000;100.000000;0.000000;0.000000;-nan;         1s 595ms  34μs 925ns;            136ms 466μs 402ns
167b30;15;0;90;43;6;19;20.000000;19.000000;95.000000;1724.000000;1724.000000;100.000000;0.000000;0.000000;-nan;         1s 338ms 368μs 331ns;             85ms 251μs  28ns
167b3f;16;0;93;45;6;20;21.000000;20.000000;95.238095;1731.000000;1731.000000;100.000000;0.000000;0.000000;-nan;         1s 199ms 399μs 422ns;            269ms 930μs 281ns
165b2c;14;0;95;39;6;19;20.000000;19.000000;95.000000;1721.000000;1721.000000;100.000000;0.000000;0.000000;-nan;         1s 675ms 526μs 808ns;            132ms 800μs 779ns
165b3d;16;0;82;36;6;20;22.000000;20.000000;90.909091;1732.000000;1732.000000;100.000000;0.000000;0.000000;-nan;         1s 752ms 229μs  39ns;            114ms 258μs 663ns
165ace;11;62;51;32;6;20;21.000000;20.000000;95.238095;1728.000000;1728.000000;100.000000;0.000000;0.000000;-nan;            747ms 689μs 822ns;            198ms 219μs 888ns
165adb;15;8;83;48;6;20;21.000000;20.000000;95.238095;1733.000000;1733.000000;100.000000;0.000000;0.000000;-nan;         1s 242ms 205μs 833ns;            122ms 292μs 939ns
165af9;13;0;89;46;6;19;20.000000;19.000000;95.000000;1729.000000;1729.000000;100.000000;0.000000;0.000000;-nan;         1s 562ms 952μs  45ns;             83ms 542μs 259ns
165a8a;20;0;92;42;6;20;21.000000;20.000000;95.238095;1725.000000;1725.000000;100.000000;0.000000;0.000000;-nan;         1s 416ms 877μs 979ns;            180ms 427μs 863ns
165a8f;18;0;94;42;6;20;21.000000;20.000000;95.238095;1725.000000;1725.000000;100.174216;0.000000;0.000000;-nan;         1s 446ms 553μs 271ns;            298ms 850μs  20ns
165a9e;18;0;91;45;6;20;21.000000;20.000000;95.238095;1730.000000;1730.000000;100.000000;0.000000;0.000000;-nan;         1s 561ms 190μs 943ns;            205ms 937μs 145ns
165ab0;17;0;95;42;6;20;21.000000;20.000000;95.238095;1727.000000;1727.000000;100.000000;0.000000;0.000000;-nan;         1s 634ms 422μs 311ns;            124ms 606μs 308ns
165abf;15;0;97;42;6;20;21.000000;20.000000;95.238095;1731.000000;1731.000000;100.000000;0.000000;0.000000;-nan;         1s 458ms 497μs 342ns;            230ms 609μs 142ns
1639d0;17;3;86;48;6;20;21.000000;20.000000;95.238095;1733.000000;1733.000000;100.000000;0.000000;0.000000;-nan;         1s 365ms 101μs 621ns;            135ms 599μs 548ns
1639dc;15;0;86;47;6;19;20.000000;19.000000;95.000000;1729.000000;1729.000000;100.000000;0.000000;0.000000;-nan;         1s 635ms 268μs 662ns;             87ms 219μs 905ns
16398d;15;8;97;42;6;21;22.000000;21.000000;95.454545;1732.000000;1732.000000;100.000000;0.000000;0.000000;-nan;         1s 336ms 121μs 276ns;            267ms 998μs  93ns
16399e;13;0;89;46;6;19;20.000000;19.000000;95.000000;1727.000000;1727.000000;100.000000;0.000000;0.000000;-nan;         1s 465ms 209μs 895ns;             83ms 564μs  61ns
1639b2;17;0;91;46;6;20;21.000000;20.000000;95.238095;1728.000000;1728.000000;100.000000;0.000000;0.000000;-nan;         1s 590ms 249μs 136ns;            230ms 797μs 336ns
1639bf;16;0;97;41;6;20;21.000000;20.000000;95.238095;1731.000000;1731.000000;100.000000;0.000000;0.000000;-nan;         1s 700ms 835μs 239ns;            224ms  74μs  52ns
163959;16;0;93;45;6;20;21.000000;20.000000;95.238095;1726.000000;1726.000000;100.000000;0.000000;0.000000;-nan;         1s 481ms  52μs 835ns;            165ms 319μs 360ns
16395c;23;0;108;59;7;19;21.000000;19.000000;90.476190;1729.000000;1729.000000;100.290023;0.000000;0.000000;-nan;         1s 698ms 321μs 258ns;            399ms 930μs 635ns
163967;27;0;117;62;8;19;23.000000;19.000000;82.608696;1733.000000;1733.000000;100.463768;0.000000;0.000000;-nan;         1s 937ms 569μs 226ns;            361ms 433μs  79ns
163978;16;0;90;42;6;19;20.000000;19.000000;95.000000;1730.000000;1730.000000;100.000000;0.000000;0.000000;-nan;         1s 461ms  19μs 856ns;             85ms 223μs 747ns
1617d0;13;0;96;45;6;20;21.000000;20.000000;95.238095;1731.000000;1731.000000;100.000000;0.000000;0.000000;-nan;         1s 885ms 144μs 185ns;             80ms 757μs 873ns
1617e0;21;0;93;48;6;21;22.000000;21.000000;95.454545;1732.000000;1732.000000;100.000000;0.000000;0.000000;-nan;         1s 678ms 499μs 828ns;            355ms 339μs 848ns
1617f1;17;0;91;46;6;20;21.000000;20.000000;95.238095;1733.000000;1733.000000;100.000000;0.000000;0.000000;-nan;         1s 750ms 293μs 100ns;            207ms 542μs  97ns
16178d;15;0;86;47;6;19;20.000000;19.000000;95.000000;1729.000000;1729.000000;100.000000;0.000000;0.000000;-nan;         1s 550ms 126μs 747ns;            168ms 872μs 321ns
16179b;20;0;106;44;7;19;22.000000;19.000000;86.363636;1732.000000;1732.000000;100.405797;0.000000;0.000000;-nan;         2s 101ms 451μs 643ns;            252ms 745μs 293ns
1617ac;25;0;74;35;6;20;22.000000;20.000000;90.909091;1731.000000;1731.000000;100.289687;0.000000;0.000000;-nan;         2s   1ms 631μs 518ns;            208ms 116μs 155ns
1617b7;24;0;110;56;7;19;21.000000;19.000000;90.476190;1730.000000;1730.000000;100.000000;0.000000;0.000000;-nan;         2s  99ms 241μs 872ns;            274ms 534μs 125ns
16176e;36;0;139;71;8;20;23.000000;20.000000;86.956522;1732.000000;1732.000000;100.464037;0.000000;0.000000;-nan;         2s 207ms 436μs 846ns;            788ms 472μs 228ns
161773;20;0;116;54;7;19;21.000000;19.000000;90.476190;1728.000000;1728.000000;100.000000;0.000000;0.000000;-nan;         1s 786ms 352μs  69ns;            296ms 201μs 137ns
16177f;14;0;90;44;6;19;20.000000;19.000000;95.000000;1727.000000;1727.000000;100.000000;0.000000;0.000000;-nan;         1s 373ms 441μs 861ns;             81ms 462μs   9ns
15f696;16;8;82;48;6;20;21.000000;20.000000;95.238095;1733.000000;1733.000000;100.000000;0.000000;0.000000;-nan;         1s 420ms 313μs 299ns;             88ms 129μs  50ns
15f6a7;13;0;88;47;6;19;20.000000;19.000000;95.000000;1728.000000;1728.000000;100.000000;0.000000;0.000000;-nan;         1s 674ms 993μs 183ns;             82ms 849μs 647ns
15f6b8;15;0;97;42;6;20;21.000000;20.000000;95.238095;1725.000000;1725.000000;100.000000;0.000000;0.000000;-nan;         1s 473ms 673μs 946ns;            272ms 878μs 886ns
15f64a;12;7;81;34;6;20;22.000000;20.000000;90.909091;1731.000000;1731.000000;100.000000;0.000000;0.000000;-nan;         1s 390ms 457μs 907ns;             85ms  58μs 178ns
15f664;14;0;99;41;6;20;21.000000;20.000000;95.238095;1730.000000;1730.000000;100.000000;0.000000;0.000000;-nan;         1s 595ms 928μs  10ns;            167ms 431μs 911ns
15f67b;16;0;89;49;6;20;21.000000;20.000000;95.238095;1729.000000;1729.000000;100.000000;0.000000;0.000000;-nan;         1s 676ms 213μs  84ns;            164ms 354μs 982ns
15f612;19;0;119;52;7;19;21.000000;19.000000;90.476190;1732.000000;1732.000000;100.464037;0.000000;0.000000;-nan;         1s 751ms 572μs 485ns;            376ms 493μs 526ns
15f617;21;0;83;30;6;20;22.000000;20.000000;90.909091;1726.000000;1726.000000;100.000000;0.000000;0.000000;-nan;         1s 734ms 728μs 467ns;            132ms 337μs 342ns
15f626;21;0;120;49;7;19;21.000000;19.000000;90.476190;1732.000000;1732.000000;100.000000;0.000000;0.000000;-nan;         1s 733ms 178μs 857ns;            328ms 998μs 306ns
15f638;16;8;90;48;6;21;22.000000;21.000000;95.454545;1727.000000;1727.000000;100.000000;0.000000;0.000000;-nan;         1s 305ms 895μs 705ns;            317ms 861μs 898ns
15d585;13;0;89;46;6;19;20.000000;19.000000;95.000000;1733.000000;1733.000000;100.000000;0.000000;0.000000;-nan;         1s 416ms  46μs 761ns;             82ms 254μs  33ns
15d593;14;0;98;42;6;20;21.000000;20.000000;95.238095;1730.000000;1730.000000;100.000000;0.000000;0.000000;-nan;         1s 677ms 571μs 461ns;            130ms   6μs 100ns
15d59f;14;1;93;40;6;19;20.000000;19.000000;95.000000;1732.000000;1732.000000;100.000000;0.000000;0.000000;-nan;         1s 390ms 194μs 463ns;            129ms 885μs 279ns
15d5a8;14;0;98;42;6;20;21.000000;20.000000;95.238095;1731.000000;1731.000000;100.000000;0.000000;0.000000;-nan;         1s 600ms 655μs 557ns;            135ms 546μs 193ns
15d5b8;13;0;89;46;6;19;20.000000;19.000000;95.000000;1728.000000;1728.000000;100.000000;0.000000;0.000000;-nan;         1s 593ms 578μs 626ns;             81ms 294μs 662ns
15d542;22;0;106;42;7;20;23.000000;20.000000;86.956522;1726.000000;1726.000000;100.000000;0.000000;0.000000;-nan;         1s 659ms  70μs  62ns;            172ms 382μs 174ns
15d553;19;8;78;43;6;19;20.000000;19.000000;95.000000;1725.000000;1725.000000;100.000000;0.000000;0.000000;-nan;         1s 334ms 814μs 882ns;             83ms 629μs 117ns
15d560;10;0;70;32;5;20;20.000000;20.000000;100.000000;1727.000000;1727.000000;100.000000;0.000000;0.000000;-nan;            770ms 591μs 531ns;                          0ns
15d574;13;0;95;46;6;20;21.000000;20.000000;95.238095;1729.000000;1729.000000;100.000000;0.000000;0.000000;-nan;         1s 522ms 749μs 604ns;            212ms 822μs 305ns
15d53f;26;0;123;51;7;20;22.000000;20.000000;90.909091;1731.000000;1731.000000;100.464306;0.000000;0.000000;-nan;         1s 767ms 753μs 912ns;            496ms 233μs 210ns
bf48e;16;0;48;28;5;13;14.000000;13.000000;92.857143;1263.000000;1263.000000;100.000000;0.000000;0.000000;-nan;            555ms 598μs 134ns;             76ms 301μs 189ns
bf4ad;11;0;60;25;5;17;17.000000;17.000000;100.000000;1485.000000;1485.000000;100.000000;0.000000;0.000000;-nan;            541ms 476μs 320ns;                          0ns
bf440;0;34;48;14;5;17;17.000000;17.000000;100.000000;1601.000000;1601.000000;100.000000;0.000000;0.000000;-nan;              5ms 289μs 939ns;                          0ns
bf444;1;0;73;22;5;17;17.000000;17.000000;100.000000;1602.000000;1602.000000;100.000000;0.000000;0.000000;-nan;             83ms 597μs 152ns;                          0ns
bf449;1;0;72;23;5;17;17.000000;17.000000;100.000000;1603.000000;1603.000000;100.000000;0.000000;0.000000;-nan;             50ms 166μs 249ns;                          0ns
bf44e;5;0;72;25;5;18;18.000000;18.000000;100.000000;1599.000000;1599.000000;100.000000;0.000000;0.000000;-nan;            206ms 176μs 668ns;                          0ns
bf457;12;0;69;25;5;19;19.000000;19.000000;100.000000;1295.000000;1295.000000;100.000000;0.000000;0.000000;-nan;            455ms 326μs 746ns;                          0ns
bf46c;25;0;41;20;5;14;15.000000;14.000000;93.333333;1296.000000;1296.000000;100.000000;0.000000;0.000000;-nan;            787ms 571μs 511ns;             65ms 403μs 149ns
bf47c;24;0;42;20;5;14;15.000000;14.000000;93.333333;1296.000000;1296.000000;100.465116;0.000000;0.000000;-nan;            817ms  63μs 782ns;            176ms 548μs  56ns
bf43c;0;0;77;25;5;18;18.000000;18.000000;100.000000;1596.000000;1596.000000;100.000000;0.000000;0.000000;-nan;              6ms 790μs 480ns;                          0ns
bb2d2;2;0;80;24;5;19;19.000000;19.000000;100.000000;1602.000000;1602.000000;100.000000;0.000000;0.000000;-nan;            231ms 913μs 823ns;                          0ns
bb286;3;40;54;15;5;20;20.000000;20.000000;100.000000;1710.000000;1710.000000;100.000000;0.000000;0.000000;-nan;            231ms  15μs 952ns;                          0ns
bb298;5;0;79;28;5;20;20.000000;20.000000;100.000000;1604.000000;1604.000000;100.000000;0.000000;0.000000;-nan;            341ms 986μs 456ns;                          0ns
bb2a9;3;0;85;28;5;21;21.000000;21.000000;100.000000;1603.000000;1603.000000;100.000000;0.000000;0.000000;-nan;            234ms 945μs 884ns;                          0ns
bb2ba;4;0;77;25;5;19;19.000000;19.000000;100.000000;1601.000000;1601.000000;100.000000;0.000000;0.000000;-nan;            187ms 999μs 309ns;                          0ns
bb24f;8;0;79;29;5;21;21.000000;21.000000;100.000000;1721.000000;1721.000000;100.000000;0.000000;0.000000;-nan;            257ms 922μs 337ns;                          0ns
bb253;6;0;78;32;5;21;21.000000;21.000000;100.000000;1729.000000;1729.000000;100.000000;0.000000;0.000000;-nan;            351ms 477μs 920ns;                          0ns
bb25f;8;0;71;23;5;18;18.000000;18.000000;100.000000;1606.000000;1606.000000;100.000000;0.000000;0.000000;-nan;            301ms 464μs 850ns;                          0ns
bb269;7;0;88;31;5;23;23.000000;23.000000;100.000000;1705.000000;1705.000000;100.000000;0.000000;0.000000;-nan;            410ms 166μs 201ns;                          0ns
bb273;5;0;86;25;5;21;21.000000;21.000000;100.000000;1714.000000;1714.000000;100.000000;0.000000;0.000000;-nan;            328ms 207μs  44ns;                          0ns
b8fc1;11;0;93;36;6;18;19.000000;18.000000;94.736842;1564.000000;1564.000000;100.000000;0.000000;0.000000;-nan;         1s  90ms 804μs 216ns;            216ms 874μs 575ns
b8fd5;15;0;86;33;6;17;18.000000;17.000000;94.444444;1602.000000;1602.000000;100.000000;0.000000;0.000000;-nan;         1s 266ms 211μs 544ns;             79ms 652μs 844ns
b8fe1;18;0;87;29;6;17;18.000000;17.000000;94.444444;1601.000000;1601.000000;100.000000;0.000000;0.000000;-nan;         1s 239ms 536μs  77ns;            110ms 454μs 894ns
b8ff0;14;0;93;33;6;18;19.000000;18.000000;94.736842;1596.000000;1596.000000;100.000000;0.000000;0.000000;-nan;         1s 292ms 312μs  49ns;             89ms 273μs 211ns
b8f8e;5;0;80;27;5;20;20.000000;20.000000;100.000000;1593.000000;1593.000000;100.000000;0.000000;0.000000;-nan;            510ms 427μs 849ns;                          0ns
b8fa1;23;0;73;44;6;18;19.000000;18.000000;94.736842;1603.000000;1603.000000;100.375704;0.000000;0.000000;-nan;         1s 279ms 125μs 879ns;            252ms 794μs 374ns
b8fa6;4;0;70;28;5;18;18.000000;18.000000;100.000000;1599.000000;1599.000000;100.000000;0.000000;0.000000;-nan;            520ms  81μs 120ns;                          0ns
b8fb3;30;0;127;57;8;17;20.000000;17.000000;85.000000;1603.000000;1603.000000;100.187500;0.000000;0.000000;-nan;         1s 700ms 186μs 832ns;            562ms 763μs 353ns
b8f78;27;0;82;39;6;19;20.000000;19.000000;95.000000;1591.000000;1591.000000;100.000000;0.000000;0.000000;-nan;         1s 493ms   7μs 143ns;             77ms 762μs 913ns
b8f7b;7;0;88;31;5;23;23.000000;23.000000;100.000000;1604.000000;1604.000000;100.000000;0.000000;0.000000;-nan;            685ms 350μs 937ns;                          0ns
b6eca;23;0;92;49;7;16;18.000000;16.000000;88.888889;1487.000000;1487.000000;100.000000;0.000000;0.000000;-nan;         1s 872ms 399μs 488ns;            280ms 338μs 465ns
b6edb;22;8;86;32;6;19;20.000000;19.000000;95.000000;1603.000000;1603.000000;100.000000;0.000000;0.000000;-nan;         1s 800ms 675μs 936ns;            306ms 485μs 766ns
b6e8e;28;0;70;42;6;18;19.000000;18.000000;94.736842;1601.000000;1601.000000;100.628536;0.000000;0.000000;-nan;         1s 717ms 427μs 491ns;            337ms 705μs 229ns
b6e9b;22;0;67;33;6;18;20.000000;18.000000;90.000000;1603.000000;1603.000000;100.062422;0.000000;0.000000;-nan;         2s  10ms 380μs 432ns;             78ms 516μs 386ns
b6eaf;18;0;71;37;6;16;17.000000;16.000000;94.117647;1304.000000;1304.000000;100.000000;0.000000;0.000000;-nan;         1s 788ms 425μs 924ns;             64ms 295μs 913ns
b6ebf;11;0;57;18;5;14;15.000000;14.000000;93.333333;1297.000000;1297.000000;100.000000;0.000000;0.000000;-nan;         1s 632ms 422μs 623ns;             65ms 114μs 888ns
b6e61;14;0;83;29;6;16;17.000000;16.000000;94.117647;1484.000000;1484.000000;100.000000;0.000000;0.000000;-nan;         1s 715ms 727μs 114ns;            114ms 664μs 819ns
b6e66;24;0;104;44;7;17;19.000000;17.000000;89.473684;1563.000000;1563.000000;99.936061;0.000000;0.000000;-nan;         1s 874ms 181μs 942ns;            233ms  71μs 123ns
b6e72;19;0;78;29;6;16;17.000000;16.000000;94.117647;1485.000000;1485.000000;100.000000;0.000000;0.000000;-nan;         1s 556ms 895μs 185ns;            148ms 578μs 670ns
b6e7d;21;0;71;34;6;16;17.000000;16.000000;94.117647;1486.000000;1486.000000;100.000000;0.000000;0.000000;-nan;         1s 491ms  60μs 732ns;            185ms 778μs 842ns
b4d4a;27;0;55;30;6;13;15.000000;13.000000;86.666667;1262.000000;1262.000000;100.000000;0.000000;0.000000;-nan;         1s 255ms 537μs 750ns;            355ms 650μs 908ns
b4d56;23;0;47;16;5;14;15.000000;14.000000;93.333333;1297.000000;1297.000000;100.000000;0.000000;0.000000;-nan;         1s 181ms 129μs 630ns;             65ms 541μs 776ns
b4d68;21;0;44;21;5;14;15.000000;14.000000;93.333333;1290.000000;1290.000000;100.000000;0.000000;0.000000;-nan;         1s 154ms 227μs 213ns;             70ms 728μs 204ns
b4d18;25;0;63;30;6;14;16.000000;14.000000;87.500000;1296.000000;1296.000000;100.077220;0.000000;0.000000;-nan;         1s 282ms 958μs  37ns;            381ms 484μs 721ns
b4d29;24;0;67;35;6;16;17.000000;16.000000;94.117647;1487.000000;1487.000000;100.000000;0.000000;0.000000;-nan;         1s 120ms 917μs 258ns;            167ms 995μs 688ns
b4d3a;14;0;53;19;5;14;15.000000;14.000000;93.333333;1295.000000;1295.000000;100.232198;0.000000;0.000000;-nan;            744ms 125μs 187ns;            144ms 908μs 967ns
b4ce6;1;0;80;25;5;19;19.000000;19.000000;100.000000;1715.000000;1715.000000;100.000000;0.000000;0.000000;-nan;             61ms 417μs 327ns;                          0ns
b4ceb;3;0;77;26;5;19;19.000000;19.000000;100.000000;1730.000000;1730.000000;100.000000;0.000000;0.000000;-nan;            148ms 332μs 354ns;                          0ns
b4cee;3;0;75;28;5;19;19.000000;19.000000;100.000000;1721.000000;1721.000000;100.000000;0.000000;0.000000;-nan;            163ms 158μs  68ns;                          0ns
b4cf5;10;0;34;16;4;16;16.000000;16.000000;100.000000;1263.000000;1263.000000;100.000000;0.000000;0.000000;-nan;            768ms 894μs 100ns;                          0ns
adc51;7;0;84;31;5;22;22.000000;22.000000;100.000000;1727.000000;1727.000000;100.000000;0.000000;0.000000;-nan;            388ms 879μs 986ns;                          0ns
adc61;7;0;88;31;5;23;23.000000;23.000000;100.000000;1726.000000;1726.000000;100.000000;0.000000;0.000000;-nan;            552ms 691μs 250ns;                          0ns
adc72;3;0;81;28;5;20;20.000000;20.000000;100.000000;1730.000000;1730.000000;100.000000;0.000000;0.000000;-nan;            308ms 366μs 136ns;                          0ns
adc7c;3;0;81;32;5;21;21.000000;21.000000;100.000000;1721.000000;1721.000000;100.000000;0.000000;0.000000;-nan;            308ms 861μs 197ns;                          0ns
adc03;7;0;83;32;5;22;22.000000;22.000000;100.000000;1715.000000;1715.000000;100.000000;0.000000;0.000000;-nan;            355ms 492μs 869ns;                          0ns
adc0a;7;0;83;32;5;22;22.000000;22.000000;100.000000;1717.000000;1717.000000;100.000000;0.000000;0.000000;-nan;            360ms  74μs 910ns;                          0ns
adc15;9;0;81;36;5;23;23.000000;23.000000;100.000000;1719.000000;1719.000000;100.000000;0.000000;0.000000;-nan;            389ms 446μs 368ns;                          0ns
adc24;7;0;82;27;5;21;21.000000;21.000000;100.000000;1728.000000;1728.000000;100.000000;0.000000;0.000000;-nan;            234ms 291μs 317ns;                          0ns
adc2f;7;40;47;18;5;20;20.000000;20.000000;100.000000;1725.000000;1725.000000;100.000000;0.000000;0.000000;-nan;            231ms 925μs  22ns;                          0ns
adc3e;4;0;80;32;5;21;21.000000;21.000000;100.000000;1722.000000;1722.000000;100.000000;0.000000;0.000000;-nan;            251ms 948μs 435ns;                          0ns
aadca;30;0;105;55;7;19;21.000000;19.000000;90.476190;1721.000000;1721.000000;100.000000;0.000000;0.000000;-nan;         1s   1ms 664μs 848ns;            273ms 476μs 493ns
aadd7;8;0;77;31;5;21;21.000000;21.000000;100.000000;1719.000000;1719.000000;100.000000;0.000000;0.000000;-nan;            425ms 939μs 522ns;                          0ns
aaddf;7;0;80;25;5;20;20.000000;20.000000;100.000000;1720.000000;1720.000000;100.000000;0.000000;0.000000;-nan;            371ms 665μs 281ns;                          0ns
aadf0;4;6;82;24;5;21;21.000000;21.000000;100.000000;1715.000000;1715.000000;100.000000;0.000000;0.000000;-nan;            187ms 402μs  83ns;                          0ns
aad80;24;0;85;39;6;19;20.000000;19.000000;95.000000;1730.000000;1730.000000;100.000000;0.000000;0.000000;-nan;            769ms 315μs 906ns;            117ms 991μs 409ns
aad90;8;0;82;26;5;21;21.000000;21.000000;100.000000;1713.000000;1713.000000;100.000000;0.000000;0.000000;-nan;            374ms 787μs 432ns;                          0ns
aad9b;8;0;81;27;5;21;21.000000;21.000000;100.000000;1724.000000;1724.000000;100.000000;0.000000;0.000000;-nan;            329ms 843μs 910ns;                          0ns
aadac;7;0;89;30;5;23;23.000000;23.000000;100.000000;1717.000000;1717.000000;100.000000;0.000000;0.000000;-nan;            449ms 627μs 107ns;                          0ns
aadb6;8;0;75;29;5;20;20.000000;20.000000;100.000000;1709.000000;1709.000000;100.000000;0.000000;0.000000;-nan;            446ms 379μs 612ns;                          0ns
aad7c;9;0;81;26;5;21;21.000000;21.000000;100.000000;1728.000000;1728.000000;100.000000;0.000000;0.000000;-nan;            408ms 850μs 380ns;                          0ns
22904b;0;4;108;4;5;21;21.000000;21.000000;100.000000;1729.000000;1729.000000;100.000000;0.000000;0.000000;-nan;             14ms  36μs 187ns;                          0ns
229034;1;17;104;4;5;23;23.000000;23.000000;100.000000;1742.000000;1742.000000;100.000000;0.000000;0.000000;-nan;            119ms 257μs 703ns;                          0ns
22903a;0;20;88;8;5;21;21.000000;21.000000;100.000000;1730.000000;1730.000000;100.000000;0.000000;0.000000;-nan;             14ms 563μs 984ns;                          0ns
228fdf;0;22;92;8;5;22;22.000000;22.000000;100.000000;1732.000000;1732.000000;100.000000;0.000000;0.000000;-nan;             13ms  33μs 671ns;                          0ns
228fea;0;20;86;6;5;20;20.000000;20.000000;100.000000;1727.000000;1727.000000;100.000000;0.000000;0.000000;-nan;             12ms 486μs 912ns;                          0ns
229002;0;42;72;2;5;21;21.000000;21.000000;100.000000;1731.000000;1731.000000;100.000000;0.000000;0.000000;-nan;             13ms 635μs 228ns;                          0ns
228faa;0;5;102;5;5;20;20.000000;20.000000;100.000000;1724.000000;1724.000000;100.000000;0.000000;0.000000;-nan;             13ms 572μs 897ns;                          0ns
228f6e;1;12;94;9;5;21;21.000000;21.000000;100.000000;1728.000000;1728.000000;100.000000;0.000000;0.000000;-nan;            123ms 148μs 268ns;                          0ns
228f38;0;8;104;4;5;21;21.000000;21.000000;100.000000;1726.000000;1726.000000;100.000000;0.000000;0.000000;-nan;              4ms 401μs 583ns;                          0ns
228f41;0;12;102;2;5;21;21.000000;21.000000;100.000000;1725.000000;1725.000000;100.000000;0.000000;0.000000;-nan;              3ms 795μs 844ns;                          0ns
228ce5;198;0;0;0;6;34;34.000000;34.000000;100.000000;2409.000000;2409.000000;100.000000;0.000000;0.000000;-nan;         2s  62ms 863μs 926ns;                          0ns
a8ac7;28;0;98;38;7;16;18.000000;16.000000;88.888889;1487.000000;1487.000000;100.000000;0.000000;0.000000;-nan;         2s  58ms 662μs 797ns;            348ms 772μs 943ns
a8ace;24;0;82;24;7;16;20.000000;16.000000;80.000000;1488.000000;1488.000000;100.000000;0.000000;0.000000;-nan;         2s 264ms 200μs 513ns;            232ms 666μs 103ns
a8a84;27;0;83;38;6;19;20.000000;19.000000;95.000000;1715.000000;1715.000000;100.000000;0.000000;0.000000;-nan;         2s  82ms  34μs 318ns;            125ms 906μs 122ns
a8a9c;18;0;83;39;6;18;19.000000;18.000000;94.736842;1562.000000;1562.000000;100.000000;0.000000;0.000000;-nan;         1s 926ms 592μs 370ns;            185ms 441μs 611ns
a8aa7;18;0;83;25;6;16;17.000000;16.000000;94.117647;1487.000000;1487.000000;100.067295;0.000000;0.000000;-nan;         1s 826ms 518μs 424ns;            292ms 249μs 190ns
a8ab9;30;0;96;34;7;18;21.000000;18.000000;85.714286;1598.000000;1598.000000;100.000000;0.000000;0.000000;-nan;         2s 355ms 695μs 390ns;            313ms 649μs 995ns
a8a43;25;0;103;44;7;17;19.000000;17.000000;89.473684;1602.000000;1602.000000;100.000000;0.000000;0.000000;-nan;         1s 884ms 318μs 145ns;            400ms 647μs 722ns
a8a48;19;3;85;33;6;18;19.000000;18.000000;94.736842;1604.000000;1604.000000;100.000000;0.000000;0.000000;-nan;         1s  26ms 330μs  27ns;            153ms 261μs 932ns
a8a53;22;0;83;35;6;18;19.000000;18.000000;94.736842;1594.000000;1594.000000;100.000000;0.000000;0.000000;-nan;         1s 485ms 947μs 120ns;            160ms 703μs 739ns
a8a6c;21;0;86;33;6;18;19.000000;18.000000;94.736842;1601.000000;1601.000000;100.000000;0.000000;0.000000;-nan;         1s 671ms 984μs 957ns;            180ms 503μs 389ns
226a51;18;0;100;36;6;20;21.000000;20.000000;95.238095;1731.000000;1731.000000;100.000000;0.000000;0.000000;-nan;         1s 925ms 750μs 391ns;             85ms 224μs 993ns
226a17;19;0;94;41;6;20;21.000000;20.000000;95.238095;1726.000000;1726.000000;100.000000;0.000000;0.000000;-nan;         1s 630ms 179μs 229ns;            326ms 475μs 635ns
226a24;32;0;125;79;8;19;22.000000;19.000000;86.363636;1730.000000;1730.000000;100.000000;0.000000;0.000000;-nan;         2s 207ms 866μs 947ns;            452ms  57μs 264ns
226a32;14;0;89;45;6;19;20.000000;19.000000;95.000000;1732.000000;1732.000000;100.000000;0.000000;0.000000;-nan;         1s 746ms 526μs 888ns;             84ms 899μs 513ns
226a42;22;0;112;56;7;19;21.000000;19.000000;90.476190;1724.000000;1724.000000;100.000000;0.000000;0.000000;-nan;         2s  50ms 657μs 159ns;            290ms 952μs 459ns
2269ce;20;0;82;46;6;19;20.000000;19.000000;95.000000;1728.000000;1728.000000;100.000000;0.000000;0.000000;-nan;         1s 444ms 830μs  87ns;            118ms 207μs 124ns
2269d3;15;0;86;47;6;19;20.000000;19.000000;95.000000;1722.000000;1722.000000;100.000000;0.000000;0.000000;-nan;         1s 417ms 145μs 497ns;             83ms 740μs 471ns
2269e1;24;0;111;55;7;19;21.000000;19.000000;90.476190;1729.000000;1729.000000;100.000000;0.000000;0.000000;-nan;         1s 964ms 227μs 338ns;            302ms 648μs 737ns
2269f2;18;0;112;60;7;19;21.000000;19.000000;90.476190;1727.000000;1727.000000;100.000000;0.000000;0.000000;-nan;         1s 878ms 746μs 350ns;            288ms 237μs  69ns
226a04;17;0;102;51;7;19;22.000000;19.000000;86.363636;1730.000000;1730.000000;99.826890;0.000000;0.000000;-nan;         2s 131ms 569μs 245ns;            246ms 974μs 669ns
a65c1;22;0;63;27;6;13;15.000000;13.000000;86.666667;1295.000000;1295.000000;100.000000;0.000000;0.000000;-nan;         1s 706ms 440μs 244ns;            240ms 541μs 279ns
a65ce;26;0;63;37;6;16;17.000000;16.000000;94.117647;1297.000000;1297.000000;100.000000;0.000000;0.000000;-nan;         1s 722ms 921μs 935ns;             71ms 239μs 366ns
a6581;11;0;70;21;5;18;18.000000;18.000000;100.000000;1292.000000;1292.000000;100.000000;0.000000;0.000000;-nan;            817ms 932μs 424ns;                          0ns
a658f;22;0;49;15;5;14;15.000000;14.000000;93.333333;1296.000000;1296.000000;100.000000;0.000000;0.000000;-nan;         1s 747ms 556μs 557ns;             64ms 940μs 395ns
a6599;23;0;43;20;5;14;15.000000;14.000000;93.333333;1290.000000;1290.000000;100.000000;0.000000;0.000000;-nan;         1s 710ms 970μs 296ns;            136ms 486μs 733ns
a65aa;24;0;75;27;6;16;17.000000;16.000000;94.117647;1488.000000;1488.000000;100.000000;0.000000;0.000000;-nan;         1s 569ms 196μs 589ns;            211ms 661μs 169ns
a65b5;27;0;69;30;6;16;17.000000;16.000000;94.117647;1485.000000;1485.000000;100.000000;0.000000;0.000000;-nan;         1s 508ms 229μs 908ns;            147ms 153μs 419ns
a6562;13;0;61;22;5;17;17.000000;17.000000;100.000000;1264.000000;1264.000000;100.000000;0.000000;0.000000;-nan;            829ms 927μs 113ns;                          0ns
a6565;26;0;69;31;6;16;17.000000;16.000000;94.117647;1487.000000;1487.000000;100.000000;0.000000;0.000000;-nan;         1s 474ms 296μs 991ns;            167ms  64μs 810ns
a6573;23;0;67;22;6;13;15.000000;13.000000;86.666667;1295.000000;1295.000000;100.309837;0.000000;0.000000;-nan;         1s 693ms 752μs 845ns;            199ms 461μs 509ns
224713;17;0;96;41;6;20;21.000000;20.000000;95.238095;1728.000000;1728.000000;100.000000;0.000000;0.000000;-nan;         1s 811ms 864μs 999ns;            198ms 658μs 413ns
224725;31;1;133;71;8;19;22.000000;19.000000;86.363636;1724.000000;1724.000000;100.000000;0.000000;0.000000;-nan;         2s  68ms 491μs 435ns;            416ms  85μs 379ns
2246c5;23;0;108;59;7;19;21.000000;19.000000;90.476190;1732.000000;1732.000000;100.000000;0.000000;0.000000;-nan;         1s 979ms 800μs 221ns;            347ms 408μs 177ns
2246da;15;0;103;36;6;20;21.000000;20.000000;95.238095;1731.000000;1731.000000;100.000000;0.000000;0.000000;-nan;         1s 695ms 645μs  87ns;            184ms 886μs 922ns
2246ef;23;0;113;54;7;19;21.000000;19.000000;90.476190;1729.000000;1729.000000;100.000000;0.000000;0.000000;-nan;         1s 956ms 974μs 778ns;            383ms 480μs 495ns
224703;13;0;92;43;6;19;20.000000;19.000000;95.000000;1726.000000;1726.000000;100.000000;0.000000;0.000000;-nan;         1s 687ms 128μs 517ns;             82ms 247μs 930ns
22468b;27;0;130;79;8;19;22.000000;19.000000;86.363636;1730.000000;1730.000000;100.289855;0.000000;0.000000;-nan;         1s 993ms  12μs 415ns;            606ms 757μs 371ns
224690;16;0;93;45;6;20;21.000000;20.000000;95.238095;1733.000000;1733.000000;100.000000;0.000000;0.000000;-nan;         1s 451ms 509μs 707ns;            207ms 598μs 316ns
2246a1;15;0;87;46;6;19;20.000000;19.000000;95.000000;1730.000000;1730.000000;100.000000;0.000000;0.000000;-nan;         1s 426ms 228μs 428ns;             80ms 321μs 583ns
2246b0;11;8;83;46;6;19;20.000000;19.000000;95.000000;1727.000000;1727.000000;100.000000;0.000000;0.000000;-nan;         1s 210ms 618μs 217ns;            118ms  52μs 926ns
22230d;21;0;118;61;7;20;22.000000;20.000000;90.909091;1733.000000;1733.000000;100.000000;0.000000;0.000000;-nan;         2s 315ms 560μs  69ns;            249ms  13μs  21ns
222320;19;0;91;44;6;20;21.000000;20.000000;95.238095;1728.000000;1728.000000;100.000000;0.000000;0.000000;-nan;         2s 151ms 282μs 704ns;            125ms 176μs 550ns
222334;17;0;93;44;6;20;21.000000;20.000000;95.238095;1732.000000;1732.000000;100.000000;0.000000;0.000000;-nan;         1s 978ms 258μs 676ns;            269ms   1μs 173ns
2222c7;15;0;102;37;6;20;21.000000;20.000000;95.238095;1729.000000;1729.000000;100.000000;0.000000;0.000000;-nan;         1s 734ms 340μs 686ns;            139ms  98μs 561ns
2222e2;14;0;87;47;6;19;20.000000;19.000000;95.000000;1730.000000;1730.000000;100.000000;0.000000;0.000000;-nan;         1s 864ms 785μs 200ns;            108ms 736μs 483ns
2222ff;22;0;117;51;7;19;21.000000;19.000000;90.476190;1731.000000;1731.000000;100.000000;0.000000;0.000000;-nan;         2s 270ms 134μs 595ns;            448ms 515μs 281ns
22228e;44;0;156;82;9;19;23.000000;19.000000;82.608696;1726.000000;1726.000000;100.000000;0.000000;0.000000;-nan;         2s 608ms 701μs 409ns;         1s 147ms 336μs 304ns
222293;23;2;112;53;7;19;21.000000;19.000000;90.476190;1724.000000;1724.000000;100.000000;0.000000;0.000000;-nan;         1s 924ms  14μs 367ns;            305ms 220μs 893ns
2222a1;31;0;111;66;7;21;23.000000;21.000000;91.304348;1730.000000;1730.000000;100.289855;0.000000;0.000000;-nan;         2s 329ms 174μs 954ns;            682ms 928μs  86ns
2222bb;18;2;86;48;6;20;21.000000;20.000000;95.238095;1727.000000;1727.000000;100.000000;0.000000;0.000000;-nan;         1s 314ms 265μs  35ns;            202ms 628μs 998ns
2200cc;16;0;96;42;6;20;21.000000;20.000000;95.238095;1732.000000;1732.000000;100.000000;0.000000;0.000000;-nan;         1s 901ms 314μs 530ns;             88ms 734μs 167ns
2200da;11;0;97;40;6;19;20.000000;19.000000;95.000000;1731.000000;1731.000000;100.000000;0.000000;0.000000;-nan;         1s 894ms 554μs 573ns;            127ms 526μs 958ns
2200ee;17;0;96;41;6;20;21.000000;20.000000;95.238095;1728.000000;1728.000000;100.000000;0.000000;0.000000;-nan;         1s 682ms 567μs 648ns;            195ms 834μs 634ns
220093;19;0;92;43;6;20;21.000000;20.000000;95.238095;1730.000000;1730.000000;100.000000;0.000000;0.000000;-nan;         1s 715ms 969μs 371ns;            237ms 338μs 297ns
2200a5;18;0;91;45;6;20;21.000000;20.000000;95.238095;1727.000000;1727.000000;100.000000;0.000000;0.000000;-nan;         1s 858ms  49μs 811ns;            196ms 456μs 781ns
2200b4;24;0;116;60;7;20;22.000000;20.000000;90.909091;1733.000000;1733.000000;100.000000;0.000000;0.000000;-nan;         1s 991ms 325μs 319ns;            343ms 356μs 662ns
2200c1;18;0;96;40;6;20;21.000000;20.000000;95.238095;1729.000000;1729.000000;100.000000;0.000000;0.000000;-nan;         1s 653ms 204μs 186ns;            212ms 819μs 953ns
22006f;20;0;112;38;7;19;22.000000;19.000000;86.363636;1731.000000;1731.000000;100.289687;0.000000;0.000000;-nan;         1s 846ms 607μs 314ns;            197ms 910μs 318ns
220074;15;0;84;35;6;20;22.000000;20.000000;90.909091;1727.000000;1727.000000;100.174014;0.000000;0.000000;-nan;         1s 498ms  16μs 978ns;             86ms 832μs 961ns
220082;22;0;82;44;6;19;20.000000;19.000000;95.000000;1725.000000;1725.000000;100.000000;0.000000;0.000000;-nan;         1s 294ms 821μs 457ns;            102ms  85μs 409ns
9e948;5;0;82;29;5;21;21.000000;21.000000;100.000000;1708.000000;1708.000000;100.000000;0.000000;0.000000;-nan;            364ms 370μs 268ns;                          0ns
9e95c;8;0;90;28;5;23;23.000000;23.000000;100.000000;1719.000000;1719.000000;100.000000;0.000000;0.000000;-nan;            387ms 421μs 517ns;                          0ns
9e971;6;0;96;26;5;25;25.000000;25.000000;100.000000;1706.000000;1706.000000;100.000000;0.000000;0.000000;-nan;            361ms 534μs 208ns;                          0ns
9e907;5;0;82;25;5;20;20.000000;20.000000;100.000000;1732.000000;1732.000000;100.000000;0.000000;0.000000;-nan;            371ms 970μs 407ns;                          0ns
9e924;6;0;81;29;5;21;21.000000;21.000000;100.000000;1707.000000;1707.000000;100.000000;0.000000;0.000000;-nan;            341ms 780μs 437ns;                          0ns
9e935;5;0;83;28;5;21;21.000000;21.000000;100.000000;1722.000000;1722.000000;100.000000;0.000000;0.000000;-nan;            369ms 200μs 731ns;                          0ns
9e8cd;2;0;77;27;5;19;19.000000;19.000000;100.000000;1723.000000;1723.000000;100.000000;0.000000;0.000000;-nan;            310ms  70μs 676ns;                          0ns
9e8d2;6;0;84;26;5;21;21.000000;21.000000;100.000000;1712.000000;1712.000000;100.000000;0.000000;0.000000;-nan;            317ms 688μs 867ns;                          0ns
9e8de;7;0;87;28;5;22;22.000000;22.000000;100.000000;1728.000000;1728.000000;100.000000;0.000000;0.000000;-nan;            319ms 970μs 525ns;                          0ns
9e8f4;11;3;72;26;5;20;20.000000;20.000000;100.000000;1709.000000;1709.000000;100.000000;0.000000;0.000000;-nan;            344ms 776μs 887ns;                          0ns
21df4d;19;0;94;41;6;20;21.000000;20.000000;95.238095;1732.000000;1732.000000;100.000000;0.000000;0.000000;-nan;         1s 558ms  48μs 126ns;            246ms 269μs 813ns
21df62;18;0;86;30;6;20;22.000000;20.000000;90.909091;1725.000000;1725.000000;100.000000;0.000000;0.000000;-nan;         1s 722ms 243μs 841ns;            120ms  82μs 610ns
21df6f;16;0;90;42;6;19;20.000000;19.000000;95.000000;1729.000000;1729.000000;100.000000;0.000000;0.000000;-nan;         1s 568ms 237μs 724ns;            126ms 598μs 247ns
21df7b;10;1;98;39;6;19;20.000000;19.000000;95.000000;1731.000000;1731.000000;100.000000;0.000000;0.000000;-nan;         1s  89ms 458μs 225ns;             85ms  23μs 269ns
21df0b;18;0;87;29;6;20;22.000000;20.000000;90.909091;1728.000000;1728.000000;100.000000;0.000000;0.000000;-nan;         1s 479ms 788μs  37ns;             82ms 712μs 367ns
21df1b;13;0;89;46;6;19;20.000000;19.000000;95.000000;1727.000000;1727.000000;100.000000;0.000000;0.000000;-nan;         1s 352ms 377μs 321ns;             85ms 634μs 444ns
21df2f;14;0;94;46;6;20;21.000000;20.000000;95.238095;1733.000000;1733.000000;100.000000;0.000000;0.000000;-nan;         1s 231ms  67μs 289ns;             84ms 518μs 517ns
21df40;14;0;88;46;6;19;20.000000;19.000000;95.000000;1730.000000;1730.000000;100.000000;0.000000;0.000000;-nan;         1s 232ms 878μs 544ns;            135ms 632μs 278ns
21defa;16;0;84;34;6;20;22.000000;20.000000;90.909091;1731.000000;1731.000000;100.289687;0.000000;0.000000;-nan;         1s 389ms 699μs 525ns;            132ms 438μs 668ns
21deff;24;0;115;51;7;19;21.000000;19.000000;90.476190;1729.000000;1729.000000;100.290023;0.000000;0.000000;-nan;         1s 655ms 279μs 902ns;            425ms 523μs 193ns
21bd51;15;0;93;46;6;20;21.000000;20.000000;95.238095;1733.000000;1733.000000;100.000000;0.000000;0.000000;-nan;         1s 705ms 160μs 504ns;             82ms 954μs 784ns
21bd5d;19;0;94;41;6;20;21.000000;20.000000;95.238095;1729.000000;1729.000000;100.000000;0.000000;0.000000;-nan;         1s 917ms 108μs 399ns;             85ms 362μs 326ns
21bd74;23;0;88;43;6;20;21.000000;20.000000;95.238095;1728.000000;1728.000000;100.000000;0.000000;0.000000;-nan;         2s  21ms 619μs 494ns;            132ms 273μs 996ns
21bd10;16;0;91;41;6;19;20.000000;19.000000;95.000000;1725.000000;1725.000000;100.000000;0.000000;0.000000;-nan;         1s 896ms 188μs 884ns;             82ms 150μs 897ns
21bd20;16;0;91;41;6;19;20.000000;19.000000;95.000000;1732.000000;1732.000000;100.000000;0.000000;0.000000;-nan;         1s 497ms 941μs 922ns;            131ms 767μs 735ns
21bd32;21;0;119;50;7;19;21.000000;19.000000;90.476190;1731.000000;1731.000000;100.000000;0.000000;0.000000;-nan;         1s 946ms 380μs 546ns;            385ms 726μs 687ns
21bd43;15;0;90;43;6;19;20.000000;19.000000;95.000000;1730.000000;1730.000000;100.000000;0.000000;0.000000;-nan;         1s 814ms 835μs 217ns;            122ms  51μs 920ns
21bced;26;0;90;52;6;22;23.000000;22.000000;95.652174;1726.000000;1726.000000;100.000000;0.000000;0.000000;-nan;         1s 600ms 518μs  60ns;            218ms 137μs 661ns
21bcf0;16;0;90;48;6;20;21.000000;20.000000;95.238095;1727.000000;1727.000000;100.000000;0.000000;0.000000;-nan;         1s 719ms 230μs 850ns;             83ms 775μs 752ns
21bd00;19;0;96;39;6;20;21.000000;20.000000;95.238095;1725.000000;1725.000000;100.116077;0.000000;0.000000;-nan;         1s 931ms 478μs  14ns;            251ms 821μs 412ns
15b3c4;11;0;102;41;6;20;21.000000;20.000000;95.238095;1730.000000;1730.000000;100.000000;0.000000;0.000000;-nan;         1s 365ms  92μs  36ns;             83ms 669μs 265ns
15b3d2;36;0;128;82;8;20;23.000000;20.000000;86.956522;1729.000000;1729.000000;100.000000;0.000000;0.000000;-nan;         2s 356ms 279μs 678ns;            570ms 539μs 808ns
15b3e7;16;0;91;41;6;19;20.000000;19.000000;95.000000;1732.000000;1732.000000;100.000000;0.000000;0.000000;-nan;         1s 959ms 562μs 388ns;            112ms 792μs 232ns
15b383;20;0;114;56;7;19;21.000000;19.000000;90.476190;1728.000000;1728.000000;100.000000;0.000000;0.000000;-nan;         1s 972ms 336μs 707ns;            392ms 420μs 853ns
15b38f;22;0;114;54;7;19;21.000000;19.000000;90.476190;1727.000000;1727.000000;100.000000;0.000000;0.000000;-nan;         2s  36ms  13μs 102ns;            340ms 906μs 988ns
15b3a5;16;0;90;48;6;20;21.000000;20.000000;95.238095;1733.000000;1733.000000;100.000000;0.000000;0.000000;-nan;         1s 922ms 141μs 173ns;            136ms 326μs 614ns
15b3ae;20;0;92;42;6;20;21.000000;20.000000;95.238095;1726.000000;1726.000000;100.000000;0.000000;0.000000;-nan;         1s 853ms 236μs 193ns;            215ms 814μs 243ns
15b364;28;0;99;43;7;19;22.000000;19.000000;86.363636;1732.000000;1732.000000;100.405797;0.000000;0.000000;-nan;         2s  67ms 448μs 856ns;            288ms 387μs 830ns
15b367;24;0;103;47;6;24;25.000000;24.000000;96.000000;1956.000000;1956.000000;100.000000;0.000000;0.000000;-nan;         1s 670ms 922μs 650ns;            293ms  49μs 334ns
15b377;13;0;99;42;6;20;21.000000;20.000000;95.238095;1731.000000;1731.000000;100.000000;0.000000;0.000000;-nan;         1s 590ms 374μs 736ns;            206ms 239μs 997ns
219b47;18;0;99;37;6;20;21.000000;20.000000;95.238095;1728.000000;1728.000000;100.000000;0.000000;0.000000;-nan;         1s 783ms 890μs 157ns;            198ms 238μs 687ns
219b62;16;0;90;42;6;19;20.000000;19.000000;95.000000;1732.000000;1732.000000;100.000000;0.000000;0.000000;-nan;         1s 653ms 507μs 830ns;             96ms 900μs 544ns
219b71;19;0;87;48;6;20;21.000000;20.000000;95.238095;1730.000000;1730.000000;100.000000;0.000000;0.000000;-nan;         1s 937ms  22μs 372ns;            209ms  41μs 620ns
219b12;21;0;105;44;7;19;22.000000;19.000000;86.363636;1728.000000;1728.000000;100.115875;0.000000;0.000000;-nan;         1s 840ms 307μs 941ns;            305ms 337μs 539ns
219b23;19;0;86;49;6;20;21.000000;20.000000;95.238095;1727.000000;1727.000000;100.000000;0.000000;0.000000;-nan;         1s 676ms 902μs  95ns;            196ms 208μs 465ns
219b36;14;8;89;43;6;20;21.000000;20.000000;95.238095;1731.000000;1731.000000;100.000000;0.000000;0.000000;-nan;         1s 231ms 976μs 201ns;            219ms 872μs 601ns
219ae4;16;0;91;41;6;19;20.000000;19.000000;95.000000;1729.000000;1729.000000;100.000000;0.000000;0.000000;-nan;         1s 494ms 778μs 767ns;             86ms 818μs 941ns
219ae8;24;0;103;43;7;19;22.000000;19.000000;86.363636;1731.000000;1731.000000;100.406032;0.000000;0.000000;-nan;         1s 871ms 771μs 813ns;            371ms 679μs 725ns
219af3;16;0;91;41;6;19;20.000000;19.000000;95.000000;1725.000000;1725.000000;100.000000;0.000000;0.000000;-nan;         1s 727ms 291μs 572ns;             83ms 460μs 214ns
219b02;16;0;92;46;6;20;21.000000;20.000000;95.238095;1733.000000;1733.000000;100.000000;0.000000;0.000000;-nan;         1s 353ms 659μs 816ns;            116ms   8μs 817ns
99504;7;0;86;29;5;22;22.000000;22.000000;100.000000;1716.000000;1716.000000;100.000000;0.000000;0.000000;-nan;            356ms 626μs 923ns;                          0ns
99512;12;7;68;29;5;21;21.000000;21.000000;100.000000;1723.000000;1723.000000;100.000000;0.000000;0.000000;-nan;            234ms 647μs 438ns;                          0ns
994ca;6;0;84;26;5;21;21.000000;21.000000;100.000000;1721.000000;1721.000000;100.000000;0.000000;0.000000;-nan;            246ms 779μs 341ns;                          0ns
994d5;4;0;82;26;5;20;20.000000;20.000000;100.000000;1729.000000;1729.000000;100.000000;0.000000;0.000000;-nan;            369ms  91μs 418ns;                          0ns
994e4;5;0;79;32;5;21;21.000000;21.000000;100.000000;1718.000000;1718.000000;100.000000;0.000000;0.000000;-nan;            282ms  82μs 595ns;                          0ns
994f4;7;0;76;29;5;20;20.000000;20.000000;100.000000;1724.000000;1724.000000;100.000000;0.000000;0.000000;-nan;            340ms 487μs 697ns;                          0ns
99490;8;0;76;28;5;20;20.000000;20.000000;100.000000;1717.000000;1717.000000;100.000000;0.000000;0.000000;-nan;            371ms 813μs 711ns;                          0ns
99495;9;0;74;29;5;20;20.000000;20.000000;100.000000;1711.000000;1711.000000;100.000000;0.000000;0.000000;-nan;            375ms 689μs 409ns;                          0ns
994a8;8;0;76;28;5;20;20.000000;20.000000;100.000000;1719.000000;1719.000000;100.000000;0.000000;0.000000;-nan;            310ms 725μs 212ns;                          0ns
994b9;8;0;77;27;5;20;20.000000;20.000000;100.000000;1710.000000;1710.000000;100.000000;0.000000;0.000000;-nan;            270ms 832μs 895ns;                          0ns
159243;15;0;90;43;6;19;20.000000;19.000000;95.000000;1731.000000;1731.000000;100.000000;0.000000;0.000000;-nan;         1s 728ms  67μs 558ns;            117ms 706μs 476ns
159255;16;0;98;40;6;20;21.000000;20.000000;95.238095;1728.000000;1728.000000;100.000000;0.000000;0.000000;-nan;         1s 395ms 331μs  35ns;            250ms 915μs 646ns
159265;23;0;111;56;7;19;21.000000;19.000000;90.476190;1730.000000;1730.000000;100.000000;0.000000;0.000000;-nan;         2s  12ms 278μs 719ns;            272ms 321μs 390ns
159211;18;0;90;46;6;20;21.000000;20.000000;95.238095;1729.000000;1729.000000;100.000000;0.000000;0.000000;-nan;         1s 963ms 851μs 955ns;            135ms 723μs 153ns
159222;23;0;116;51;7;19;21.000000;19.000000;90.476190;1726.000000;1726.000000;100.000000;0.000000;0.000000;-nan;         1s 969ms 571μs 841ns;            353ms 721μs 219ns
159234;18;0;94;42;6;20;21.000000;20.000000;95.238095;1732.000000;1732.000000;100.000000;0.000000;0.000000;-nan;         1s 756ms 159μs 965ns;            200ms 503μs 597ns
1591db;17;0;101;36;6;20;21.000000;20.000000;95.238095;1731.000000;1731.000000;100.406032;0.000000;0.000000;-nan;         1s 424ms  38μs  68ns;            259ms 458μs 162ns
1591e0;25;0;94;51;7;19;22.000000;19.000000;86.363636;1733.000000;1733.000000;100.000000;0.000000;0.000000;-nan;         1s 904ms 547μs 512ns;            257ms 705μs 721ns
1591ee;15;0;90;43;6;19;20.000000;19.000000;95.000000;1727.000000;1727.000000;100.000000;0.000000;0.000000;-nan;         1s 449ms 767μs 670ns;            125ms 333μs  28ns
1591fe;18;0;95;41;6;20;21.000000;20.000000;95.238095;1725.000000;1725.000000;100.000000;0.000000;0.000000;-nan;         1s 522ms  29μs 413ns;            193ms 637μs 962ns
21788d;17;0;93;44;6;20;21.000000;20.000000;95.238095;1732.000000;1732.000000;100.000000;0.000000;0.000000;-nan;         1s 790ms 987μs 193ns;            212ms 373μs 432ns
2178a0;23;0;115;52;7;19;21.000000;19.000000;90.476190;1728.000000;1728.000000;100.000000;0.000000;0.000000;-nan;         2s 232ms 856μs 606ns;            294ms 563μs 606ns
2178b7;14;0;81;39;6;20;22.000000;20.000000;90.909091;1733.000000;1733.000000;100.000000;0.000000;0.000000;-nan;         1s 908ms 200μs 993ns;            118ms 837μs 790ns
217864;19;0;125;56;7;20;22.000000;20.000000;90.909091;1731.000000;1731.000000;100.000000;0.000000;0.000000;-nan;         1s 824ms 412μs 414ns;            250ms 723μs 668ns
217874;24;0;100;38;6;21;22.000000;21.000000;95.454545;1729.000000;1729.000000;100.000000;0.000000;0.000000;-nan;         2s 124ms 389μs 209ns;            169ms 226μs  49ns
217813;19;2;102;47;7;19;22.000000;19.000000;86.363636;1727.000000;1727.000000;100.174014;0.000000;0.000000;-nan;         1s 803ms 703μs 301ns;            178ms 232μs 835ns
217824;22;8;110;50;7;19;21.000000;19.000000;90.476190;1725.000000;1725.000000;100.000000;0.000000;0.000000;-nan;         2s  90ms 178μs 602ns;            264ms 470μs 684ns
217841;21;8;105;56;7;19;21.000000;19.000000;90.476190;1730.000000;1730.000000;100.173712;0.000000;0.000000;-nan;         1s 967ms 729μs 169ns;            267ms 796μs 193ns
2177f9;22;0;105;43;7;19;22.000000;19.000000;86.363636;1728.000000;1728.000000;100.115875;0.000000;0.000000;-nan;         2s 100ms 273μs 849ns;            205ms 774μs 831ns
2177fe;25;0;84;45;6;20;21.000000;20.000000;95.238095;1730.000000;1730.000000;100.000000;0.000000;0.000000;-nan;         2s  38ms 697μs 893ns;             82ms 828μs 365ns
973d3;25;0;91;38;7;17;20.000000;17.000000;85.000000;1602.000000;1602.000000;100.125000;0.000000;0.000000;-nan;         2s   8ms 540μs 464ns;            295ms  22μs 301ns
973e1;19;0;104;31;7;17;20.000000;17.000000;85.000000;1603.000000;1603.000000;100.062422;0.000000;0.000000;-nan;         1s 937ms 912μs 315ns;            203ms 564μs 367ns
973ee;19;0;81;40;6;18;19.000000;18.000000;94.736842;1603.000000;1603.000000;100.000000;0.000000;0.000000;-nan;         1s 775ms  29μs 282ns;            205ms 817μs 553ns
97389;23;0;82;35;6;18;19.000000;18.000000;94.736842;1604.000000;1604.000000;100.187383;0.000000;0.000000;-nan;         1s 638ms 651μs 559ns;            331ms  32μs 359ns
97399;21;8;78;41;6;19;20.000000;19.000000;95.000000;1715.000000;1715.000000;107.254534;0.000000;0.000000;-nan;         1s 449ms 352μs 679ns;            230ms 253μs 447ns
973ac;15;0;85;34;6;17;18.000000;17.000000;94.444444;1604.000000;1604.000000;100.000000;0.000000;0.000000;-nan;         1s 721ms  87μs 154ns;            126ms 164μs 712ns
973bf;15;0;83;36;6;17;18.000000;17.000000;94.444444;1561.000000;1561.000000;100.000000;0.000000;0.000000;-nan;         1s 580ms 445μs 385ns;            115ms 845μs 977ns
97363;21;0;87;40;6;19;20.000000;19.000000;95.000000;1723.000000;1723.000000;100.000000;0.000000;0.000000;-nan;         1s 865ms 488μs 567ns;            118ms 987μs 988ns
9736c;26;0;107;39;7;17;19.000000;17.000000;89.473684;1593.000000;1593.000000;100.000000;0.000000;0.000000;-nan;         1s 939ms  58μs 804ns;            311ms 173μs 267ns
97379;18;0;86;30;6;17;18.000000;17.000000;94.444444;1596.000000;1596.000000;100.000000;0.000000;0.000000;-nan;         1s 582ms 507μs 399ns;            154ms  53μs 505ns
157045;12;0;92;44;6;19;20.000000;19.000000;95.000000;1728.000000;1728.000000;100.000000;0.000000;0.000000;-nan;         1s 322ms 397μs 365ns;            136ms 190μs 225ns
157056;11;8;92;37;6;19;20.000000;19.000000;95.000000;1732.000000;1732.000000;100.000000;0.000000;0.000000;-nan;         1s 291ms 535μs 737ns;             80ms 680μs 110ns
15706c;19;2;83;30;6;20;22.000000;20.000000;90.909091;1730.000000;1730.000000;100.000000;0.000000;0.000000;-nan;         1s 717ms 820μs  21ns;            128ms 300μs 143ns
157001;29;0;116;63;7;21;23.000000;21.000000;91.304348;1723.000000;1723.000000;100.000000;0.000000;0.000000;-nan;         2s  29ms 428μs 505ns;            464ms 560μs 676ns
157015;14;0;95;45;6;20;21.000000;20.000000;95.238095;1729.000000;1729.000000;100.000000;0.000000;0.000000;-nan;         1s 569ms 784μs  69ns;            220ms 301μs 516ns
157020;20;5;111;54;7;19;21.000000;19.000000;90.476190;1731.000000;1731.000000;100.000000;0.000000;0.000000;-nan;         1s 733ms 148μs 177ns;            318ms 992μs 432ns
157031;13;0;92;43;6;19;20.000000;19.000000;95.000000;1727.000000;1727.000000;100.000000;0.000000;0.000000;-nan;         1s 606ms  71μs 288ns;             96ms   8μs 827ns
156fdb;22;0;112;56;7;19;21.000000;19.000000;90.476190;1725.000000;1725.000000;100.000000;0.000000;0.000000;-nan;         1s 858ms 362μs 666ns;            300ms 991μs 450ns
156fdf;21;0;117;52;7;19;21.000000;19.000000;90.476190;1731.000000;1731.000000;100.406032;0.000000;0.000000;-nan;         1s 907ms 370μs 465ns;            472ms 815μs 234ns
156ff0;29;0;111;50;7;19;21.000000;19.000000;90.476190;1726.000000;1726.000000;100.000000;0.000000;0.000000;-nan;         1s 964ms 397μs 930ns;            444ms 133μs 356ns
215618;12;0;98;44;6;20;21.000000;20.000000;95.238095;1732.000000;1732.000000;100.000000;0.000000;0.000000;-nan;         1s 308ms  43μs 284ns;            238ms  88μs 198ns
2155cc;16;8;88;50;6;21;22.000000;21.000000;95.454545;1733.000000;1733.000000;100.000000;0.000000;0.000000;-nan;         1s 459ms 788μs 459ns;            216ms 156μs 849ns
2155da;16;0;94;38;6;19;20.000000;19.000000;95.000000;1729.000000;1729.000000;100.000000;0.000000;0.000000;-nan;         1s 664ms 762μs 557ns;            136ms 106μs 611ns
2155ec;20;0;82;32;6;20;22.000000;20.000000;90.909091;1724.000000;1724.000000;100.000000;0.000000;0.000000;-nan;         1s 828ms  70μs 406ns;             80ms 161μs 565ns
215603;11;8;92;43;6;20;21.000000;20.000000;95.238095;1731.000000;1731.000000;100.000000;0.000000;0.000000;-nan;            684ms 173μs 277ns;            138ms  86μs 321ns
21558e;14;0;88;46;6;19;20.000000;19.000000;95.000000;1723.000000;1723.000000;100.000000;0.000000;0.000000;-nan;         1s 362ms 415μs 483ns;             84ms 211μs 512ns
215592;28;0;106;56;7;19;21.000000;19.000000;90.476190;1732.000000;1732.000000;100.347625;0.000000;0.000000;-nan;         1s 874ms 608μs 469ns;            462ms 442μs 490ns
2155a0;12;0;89;47;6;19;20.000000;19.000000;95.000000;1727.000000;1727.000000;100.000000;0.000000;0.000000;-nan;         1s 272ms 422μs 892ns;             85ms 214μs 485ns
2155ac;21;0;88;39;6;19;20.000000;19.000000;95.000000;1725.000000;1725.000000;100.000000;0.000000;0.000000;-nan;         1s 725ms  78μs 844ns;            118ms 465μs 487ns
2155bb;19;0;95;40;6;20;21.000000;20.000000;95.238095;1728.000000;1728.000000;100.000000;0.000000;0.000000;-nan;         1s 669ms  42μs 634ns;            262ms 851μs 559ns
953d0;21;0;76;29;6;16;17.000000;16.000000;94.117647;1484.000000;1484.000000;100.000000;0.000000;0.000000;-nan;         1s 555ms 334μs 841ns;            102ms 576μs 334ns
953e1;11;0;53;22;5;14;15.000000;14.000000;93.333333;1295.000000;1295.000000;100.000000;0.000000;0.000000;-nan;         1s 465ms 681μs 474ns;            149ms 477μs 627ns
95392;14;0;80;32;6;16;17.000000;16.000000;94.117647;1488.000000;1488.000000;100.000000;0.000000;0.000000;-nan;         1s 235ms 104μs 523ns;            184ms 268μs 786ns
953a3;19;0;82;33;6;17;18.000000;17.000000;94.444444;1603.000000;1603.000000;100.000000;0.000000;0.000000;-nan;         1s 473ms 770μs  52ns;            117ms 797μs 593ns
953b4;26;0;104;34;7;16;18.000000;16.000000;88.888889;1485.000000;1485.000000;100.000000;0.000000;0.000000;-nan;         1s 617ms  42μs 260ns;            258ms 447μs  87ns
953bf;13;0;41;16;5;14;16.000000;14.000000;87.500000;1295.000000;1295.000000;100.232198;0.000000;0.000000;-nan;         1s 490ms 288μs 163ns;             80ms 621μs 911ns
95355;11;0;55;20;5;14;15.000000;14.000000;93.333333;1296.000000;1296.000000;100.000000;0.000000;0.000000;-nan;         1s  51ms 266μs 352ns;             88ms 279μs 442ns
95358;21;0;73;32;6;16;17.000000;16.000000;94.117647;1487.000000;1487.000000;100.000000;0.000000;0.000000;-nan;         1s 276ms 480μs 618ns;            146ms 348μs 721ns
95368;11;31;41;19;5;14;15.000000;14.000000;93.333333;1297.000000;1297.000000;100.000000;0.000000;0.000000;-nan;            433ms 276μs 441ns;             84ms 663μs 611ns
95374;24;0;81;35;6;18;19.000000;18.000000;94.736842;1602.000000;1602.000000;105.049180;0.000000;0.000000;-nan;         1s 386ms 327μs 207ns;            232ms 617μs 726ns
154f41;17;0;91;46;6;20;21.000000;20.000000;95.238095;1725.000000;1725.000000;100.000000;0.000000;0.000000;-nan;         1s 686ms 871μs 580ns;            215ms 598μs 506ns
154f52;14;0;91;43;6;19;20.000000;19.000000;95.000000;1732.000000;1732.000000;100.000000;0.000000;0.000000;-nan;         1s 700ms 695μs 291ns;             82ms 860μs 915ns
154f6e;15;0;87;46;6;19;20.000000;19.000000;95.000000;1729.000000;1729.000000;100.000000;0.000000;0.000000;-nan;         1s 708ms  98μs 640ns;             83ms 811μs 527ns
154f27;13;0;100;41;6;20;21.000000;20.000000;95.238095;1731.000000;1731.000000;100.000000;0.000000;0.000000;-nan;         1s 712ms 346μs 366ns;            192ms 220μs 385ns
154f35;14;5;86;43;6;19;20.000000;19.000000;95.000000;1728.000000;1728.000000;100.000000;0.000000;0.000000;-nan;         1s 455ms 872μs 902ns;            165ms  29μs 412ns
154ec8;21;0;114;55;7;19;21.000000;19.000000;90.476190;1727.000000;1727.000000;100.000000;0.000000;0.000000;-nan;         1s 774ms  57μs 942ns;            356ms 159μs 328ns
154edf;18;0;97;39;6;20;21.000000;20.000000;95.238095;1726.000000;1726.000000;100.000000;0.000000;0.000000;-nan;         1s 469ms 588μs 604ns;            203ms 303μs 675ns
154ef6;19;0;117;54;7;19;21.000000;19.000000;90.476190;1730.000000;1730.000000;100.000000;0.000000;0.000000;-nan;         1s 802ms 380μs 437ns;            396ms 165μs 587ns
154eab;24;0;80;50;6;20;21.000000;20.000000;95.238095;1729.000000;1729.000000;100.290023;0.000000;0.000000;-nan;         1s 347ms  86μs 761ns;            268ms 211μs 862ns
154eb0;17;20;99;54;7;19;21.000000;19.000000;90.476190;1728.000000;1728.000000;100.290192;0.000000;0.000000;-nan;         1s 383ms 401μs 378ns;            243ms 656μs  25ns
213346;16;0;94;38;6;19;20.000000;19.000000;95.000000;1728.000000;1728.000000;100.000000;0.000000;0.000000;-nan;         1s 621ms 938μs 663ns;            132ms 976μs 914ns
21335f;24;0;111;55;7;19;21.000000;19.000000;90.476190;1729.000000;1729.000000;100.000000;0.000000;0.000000;-nan;         1s 896ms 205μs 939ns;            275ms 397μs 490ns
21336b;14;8;86;40;6;19;20.000000;19.000000;95.000000;1724.000000;1724.000000;100.000000;0.000000;0.000000;-nan;         1s 346ms 144μs 885ns;            124ms 366μs 428ns
213379;23;0;115;62;7;20;22.000000;20.000000;90.909091;1728.000000;1728.000000;100.115875;0.000000;0.000000;-nan;         1s 898ms 854μs 777ns;            426ms 652μs 571ns
2132e1;24;0;115;61;7;20;22.000000;20.000000;90.909091;1732.000000;1732.000000;100.405797;0.000000;0.000000;-nan;         1s 860ms 429μs  74ns;            333ms 859μs 161ns
2132e6;17;0;103;50;7;19;22.000000;19.000000;86.363636;1732.000000;1732.000000;100.115607;0.000000;0.000000;-nan;         1s 773ms 157μs 711ns;            195ms 589μs 893ns
2132f4;15;0;86;33;6;20;22.000000;20.000000;90.909091;1731.000000;1731.000000;100.000000;0.000000;0.000000;-nan;         1s 625ms 502μs 181ns;             85ms 962μs   6ns
93240;24;0;45;17;5;14;15.000000;14.000000;93.333333;1258.000000;1258.000000;100.000000;0.000000;0.000000;-nan;         1s 147ms 887μs 208ns;            185ms 661μs  32ns
93250;26;0;59;27;6;13;15.000000;13.000000;86.666667;1256.000000;1256.000000;100.000000;0.000000;0.000000;-nan;         1s 435ms 962μs 418ns;            203ms 155μs 406ns
93257;23;0;46;17;5;14;15.000000;14.000000;93.333333;1263.000000;1263.000000;100.000000;0.000000;0.000000;-nan;         1s 234ms 960μs 725ns;            293ms 695μs 527ns
93260;12;0;45;17;4;15;15.000000;15.000000;100.000000;1261.000000;1261.000000;100.000000;0.000000;0.000000;-nan;            832ms 320μs 102ns;                          0ns
9326b;15;0;51;26;5;13;14.000000;13.000000;92.857143;1262.000000;1262.000000;100.000000;0.000000;0.000000;-nan;         1s       336μs 336ns;             61ms 328μs 630ns
93206;2;2;81;21;5;19;19.000000;19.000000;100.000000;1710.000000;1710.000000;100.000000;0.000000;0.000000;-nan;            336ms 554μs 165ns;                          0ns
93209;1;0;83;22;5;19;19.000000;19.000000;100.000000;1731.000000;1731.000000;100.000000;0.000000;0.000000;-nan;             84ms 873μs 523ns;                          0ns
93210;20;0;45;21;5;14;15.000000;14.000000;93.333333;1295.000000;1295.000000;100.000000;0.000000;0.000000;-nan;         1s 104ms 777μs 969ns;            174ms 510μs 993ns
93221;15;0;54;27;5;17;17.000000;17.000000;100.000000;1296.000000;1296.000000;100.000000;0.000000;0.000000;-nan;            768ms 376μs  23ns;                          0ns
93232;22;0;41;23;5;14;15.000000;14.000000;93.333333;1290.000000;1290.000000;100.000000;0.000000;0.000000;-nan;         1s 151ms 634μs 424ns;            104ms 805μs 113ns
152d0c;8;20;86;34;6;19;20.000000;19.000000;95.000000;1726.000000;1726.000000;100.000000;0.000000;0.000000;-nan;            799ms  67μs 266ns;            121ms 400μs 377ns
152ccd;17;0;119;54;7;19;21.000000;19.000000;90.476190;1732.000000;1732.000000;100.000000;0.000000;0.000000;-nan;         2s 144ms 661μs 342ns;            296ms 334μs 319ns
152cda;23;3;109;55;7;19;21.000000;19.000000;90.476190;1727.000000;1727.000000;100.000000;0.000000;0.000000;-nan;         2s 125ms 245μs 577ns;            249ms 761μs 839ns
152ce7;38;0;139;73;8;21;24.000000;21.000000;87.500000;1731.000000;1731.000000;100.000000;0.000000;0.000000;-nan;         2s 430ms 833μs 483ns;         1s  64ms 693μs 512ns
152cf9;20;8;106;56;7;19;21.000000;19.000000;90.476190;1728.000000;1728.000000;100.000000;0.000000;0.000000;-nan;         2s  43ms 965μs  62ns;            163ms 380μs 390ns
152c84;23;0;103;42;6;22;23.000000;22.000000;95.652174;1738.000000;1738.000000;100.000000;0.000000;0.000000;-nan;         1s 942ms  52μs  64ns;            192ms 141μs 238ns
152c89;20;0;89;45;6;20;21.000000;20.000000;95.238095;1725.000000;1725.000000;100.000000;0.000000;0.000000;-nan;         1s 788ms 357μs 362ns;            220ms 212μs  93ns
152c9a;21;0;98;43;6;21;22.000000;21.000000;95.454545;1724.000000;1724.000000;100.000000;0.000000;0.000000;-nan;         1s 764ms  50μs 908ns;            162ms 527μs  86ns
152caa;16;0;90;42;6;19;20.000000;19.000000;95.000000;1730.000000;1730.000000;100.000000;0.000000;0.000000;-nan;         1s 588ms 770μs 160ns;             83ms 902μs 103ns
152cbc;26;0;115;49;7;19;21.000000;19.000000;90.476190;1729.000000;1729.000000;100.000000;0.000000;0.000000;-nan;         2s 156ms  92μs 934ns;            203ms 567μs 243ns
211109;18;0;94;42;6;20;21.000000;20.000000;95.238095;1729.000000;1729.000000;100.000000;0.000000;0.000000;-nan;         1s 898ms 799μs 119ns;            239ms 386μs 153ns
21111a;18;0;94;42;6;20;21.000000;20.000000;95.238095;1731.000000;1731.000000;100.000000;0.000000;0.000000;-nan;         1s 934ms 511μs 535ns;            161ms 916μs 252ns
2110cb;16;0;97;41;6;20;21.000000;20.000000;95.238095;1732.000000;1732.000000;100.000000;0.000000;0.000000;-nan;         1s 435ms 759μs 148ns;             83ms 709μs 364ns
2110dc;23;0;80;31;6;20;22.000000;20.000000;90.909091;1729.000000;1729.000000;100.057870;0.000000;0.000000;-nan;         1s 920ms 899μs 537ns;            208ms 461μs  52ns
2110ed;19;0;99;52;7;19;22.000000;19.000000;86.363636;1727.000000;1727.000000;100.000000;0.000000;0.000000;-nan;         1s 931ms 217μs 405ns;            174ms 810μs 313ns
2110fc;17;0;91;46;6;20;21.000000;20.000000;95.238095;1733.000000;1733.000000;100.000000;0.000000;0.000000;-nan;         1s 638ms 843μs 417ns;            169ms 338μs 474ns
211094;17;0;96;41;6;20;21.000000;20.000000;95.238095;1732.000000;1732.000000;100.115607;0.000000;0.000000;-nan;         1s 488ms 704μs 809ns;            236ms 440μs 605ns
211099;21;0;89;52;6;21;22.000000;21.000000;95.454545;1732.000000;1732.000000;100.405797;0.000000;0.000000;-nan;         1s 650ms 304μs 332ns;            361ms 647μs 627ns
2110a7;21;0;85;42;6;19;20.000000;19.000000;95.000000;1724.000000;1724.000000;100.000000;0.000000;0.000000;-nan;         1s 586ms 108μs 919ns;             87ms 509μs 845ns
2110b9;17;0;93;44;6;20;21.000000;20.000000;95.238095;1726.000000;1726.000000;100.000000;0.000000;0.000000;-nan;         1s 452ms 928μs 441ns;            224ms 620μs 618ns
150bc3;23;0;128;39;7;19;21.000000;19.000000;90.476190;1730.000000;1730.000000;100.289855;0.000000;0.000000;-nan;         2s 100ms 938μs 327ns;            462ms 208μs 189ns
150be4;19;0;93;42;6;20;21.000000;20.000000;95.238095;1731.000000;1731.000000;100.000000;0.000000;0.000000;-nan;         2s  62ms 758μs 596ns;            213ms 420μs 554ns
150b94;16;8;89;41;6;20;21.000000;20.000000;95.238095;1721.000000;1721.000000;100.000000;0.000000;0.000000;-nan;         1s 684ms 313μs 599ns;            214ms 861μs 787ns
150bae;15;0;94;39;6;19;20.000000;19.000000;95.000000;1732.000000;1732.000000;100.000000;0.000000;0.000000;-nan;         1s 844ms  45μs 614ns;            130ms  98μs  73ns
150b52;16;0;95;43;6;20;21.000000;20.000000;95.238095;1728.000000;1728.000000;100.000000;0.000000;0.000000;-nan;         1s 260ms 945μs 899ns;            166ms  20μs 582ns
150b66;20;0;115;55;7;19;21.000000;19.000000;90.476190;1730.000000;1730.000000;100.000000;0.000000;0.000000;-nan;         1s 974ms 945μs 200ns;            282ms 585μs 334ns
150b7d;20;0;120;50;7;19;21.000000;19.000000;90.476190;1726.000000;1726.000000;100.000000;0.000000;0.000000;-nan;         1s 752ms 396μs 235ns;            388ms 736μs  46ns
150b27;18;0;96;48;6;21;22.000000;21.000000;95.454545;1723.000000;1723.000000;100.000000;0.000000;0.000000;-nan;         1s 775ms 720μs 367ns;            112ms 439μs 223ns
150b2b;19;0;90;45;6;20;21.000000;20.000000;95.238095;1727.000000;1727.000000;100.000000;0.000000;0.000000;-nan;         1s 751ms 788μs 807ns;            270ms 924μs 934ns
150b3a;18;0;93;43;6;20;21.000000;20.000000;95.238095;1722.000000;1722.000000;100.000000;0.000000;0.000000;-nan;         1s 290ms 969μs 294ns;            129ms 401μs 478ns
20edce;18;0;94;42;6;20;21.000000;20.000000;95.238095;1726.000000;1726.000000;100.000000;0.000000;0.000000;-nan;         1s 962ms 576μs 204ns;            130ms 724μs 756ns
20ede3;19;8;89;46;6;21;22.000000;21.000000;95.454545;1731.000000;1731.000000;100.000000;0.000000;0.000000;-nan;         1s 576ms 594μs 197ns;            247ms 673μs 262ns
20ed88;13;0;93;42;6;19;20.000000;19.000000;95.000000;1727.000000;1727.000000;100.000000;0.000000;0.000000;-nan;         1s 552ms 254μs 472ns;            132ms 874μs  87ns
20ed94;18;0;92;44;6;20;21.000000;20.000000;95.238095;1729.000000;1729.000000;100.000000;0.000000;0.000000;-nan;         1s 763ms 615μs 972ns;            250ms 812μs 941ns
20edad;21;0;115;54;7;19;21.000000;19.000000;90.476190;1732.000000;1732.000000;100.115607;0.000000;0.000000;-nan;         2s  27ms 775μs  89ns;            196ms  24μs  27ns
20edb7;18;0;113;59;7;19;21.000000;19.000000;90.476190;1732.000000;1732.000000;100.000000;0.000000;0.000000;-nan;         2s  55ms 835μs 904ns;            356ms 865μs 350ns
20edc4;15;0;93;46;6;20;21.000000;20.000000;95.238095;1733.000000;1733.000000;100.000000;0.000000;0.000000;-nan;         1s 797ms 457μs  30ns;             84ms 228μs 350ns
20ed6b;30;0;111;59;7;20;22.000000;20.000000;90.909091;1724.000000;1724.000000;100.000000;0.000000;0.000000;-nan;         2s  61ms 790μs 778ns;            320ms 907μs 387ns
20ed6e;19;0;92;43;6;20;21.000000;20.000000;95.238095;1728.000000;1728.000000;100.000000;0.000000;0.000000;-nan;         1s 574ms 541μs  97ns;            132ms 398μs 474ns
20ed78;20;8;82;52;6;21;22.000000;21.000000;95.454545;1725.000000;1725.000000;100.000000;0.000000;0.000000;-nan;         1s 390ms 125μs 710ns;            106ms 901μs 654ns
14eacc;15;1;92;40;6;19;20.000000;19.000000;95.000000;1727.000000;1727.000000;100.000000;0.000000;0.000000;-nan;         1s 104ms 393μs 865ns;            100ms 361μs 872ns
14ead1;14;8;84;42;6;19;20.000000;19.000000;95.000000;1730.000000;1730.000000;100.000000;0.000000;0.000000;-nan;         1s 335ms 356μs 301ns;            122ms 740μs 862ns
14eae0;18;0;95;41;6;20;21.000000;20.000000;95.238095;1722.000000;1722.000000;100.000000;0.000000;0.000000;-nan;         1s 593ms 633μs 708ns;            223ms 886μs 690ns
14eaf8;20;0;89;45;6;20;21.000000;20.000000;95.238095;1732.000000;1732.000000;100.000000;0.000000;0.000000;-nan;         1s 648ms 275μs 784ns;            219ms 934μs 200ns
14ea83;18;0;116;56;7;19;21.000000;19.000000;90.476190;1721.000000;1721.000000;100.000000;0.000000;0.000000;-nan;         1s 600ms 314μs 541ns;            415ms 675μs 557ns
14eaaa;12;0;97;39;6;19;20.000000;19.000000;95.000000;1726.000000;1726.000000;100.000000;0.000000;0.000000;-nan;         1s 360ms 664μs 306ns;             81ms 557μs 630ns
14eabd;14;0;102;32;6;19;20.000000;19.000000;95.000000;1725.000000;1725.000000;100.000000;0.000000;0.000000;-nan;         1s 473ms 744μs  16ns;             84ms 922μs 204ns
14ea62;18;0;94;42;6;20;21.000000;20.000000;95.238095;1731.000000;1731.000000;100.000000;0.000000;0.000000;-nan;         1s 444ms 538μs 237ns;            229ms 445μs 870ns
14ea65;14;1;95;38;6;19;20.000000;19.000000;95.000000;1728.000000;1728.000000;100.000000;0.000000;0.000000;-nan;            684ms 121μs 265ns;            122ms 430μs  62ns
14ea74;13;0;95;46;6;20;21.000000;20.000000;95.238095;1723.000000;1723.000000;100.000000;0.000000;0.000000;-nan;         1s 497ms 415μs  72ns;            167ms 512μs 154ns
20cace;23;0;121;56;7;20;22.000000;20.000000;90.909091;1733.000000;1733.000000;100.000000;0.000000;0.000000;-nan;         2s 147ms 600μs 896ns;            248ms 365μs 641ns
20cae2;17;0;96;41;6;20;21.000000;20.000000;95.238095;1729.000000;1729.000000;100.000000;0.000000;0.000000;-nan;         1s 908ms 241μs 634ns;             79ms 750μs 874ns
20ca89;29;0;116;63;7;21;23.000000;21.000000;91.304348;1727.000000;1727.000000;100.000000;0.000000;0.000000;-nan;         2s  47ms 384μs  88ns;            363ms 891μs 784ns
20ca95;23;0;117;50;7;19;21.000000;19.000000;90.476190;1728.000000;1728.000000;100.000000;0.000000;0.000000;-nan;         2s  64ms 641μs 318ns;            259ms 408μs 903ns
20caa7;16;0;94;44;6;20;21.000000;20.000000;95.238095;1732.000000;1732.000000;100.000000;0.000000;0.000000;-nan;         1s 512ms 990μs 374ns;            110ms 614μs 768ns
20cabb;17;0;98;39;6;20;21.000000;20.000000;95.238095;1731.000000;1731.000000;100.000000;0.000000;0.000000;-nan;         1s 766ms 976μs 164ns;            169ms 439μs 992ns
20ca5a;22;0;117;51;7;19;21.000000;19.000000;90.476190;1728.000000;1728.000000;100.232019;0.000000;0.000000;-nan;         2s  99ms 674μs 367ns;            325ms 229μs 536ns
20ca5f;18;0;87;49;6;20;21.000000;20.000000;95.238095;1725.000000;1725.000000;100.000000;0.000000;0.000000;-nan;         1s 542ms 332μs 546ns;            250ms 562μs 904ns
20ca6a;15;0;90;43;6;19;20.000000;19.000000;95.000000;1726.000000;1726.000000;100.000000;0.000000;0.000000;-nan;         1s 417ms  76μs 921ns;            104ms 984μs  27ns
20ca7b;17;0;89;48;6;20;21.000000;20.000000;95.238095;1730.000000;1730.000000;100.000000;0.000000;0.000000;-nan;         1s 838ms 434μs 843ns;             86ms 664μs 317ns
14ca05;22;0;112;56;7;19;21.000000;19.000000;90.476190;1731.000000;1731.000000;100.000000;0.000000;0.000000;-nan;         1s 919ms 893μs 902ns;            300ms 341μs 763ns
14c9e5;15;0;97;42;6;20;21.000000;20.000000;95.238095;1730.000000;1730.000000;100.000000;0.000000;0.000000;-nan;         1s 625ms 529μs 842ns;            225ms 275μs 608ns
14c9f6;22;0;114;54;7;19;21.000000;19.000000;90.476190;1721.000000;1721.000000;100.000000;0.000000;0.000000;-nan;         1s 947ms 816μs 448ns;            337ms 467μs  14ns
14c981;14;0;99;35;6;19;20.000000;19.000000;95.000000;1725.000000;1725.000000;100.000000;0.000000;0.000000;-nan;         1s 531ms 149μs 982ns;             79ms 856μs 382ns
14c9a1;19;0;90;45;6;20;21.000000;20.000000;95.238095;1727.000000;1727.000000;100.000000;0.000000;0.000000;-nan;         1s 730ms 692μs 981ns;            124ms 111μs 196ns
14c9b7;12;20;83;39;6;20;21.000000;20.000000;95.238095;1732.000000;1732.000000;100.000000;0.000000;0.000000;-nan;         1s  29ms 602μs 605ns;            182ms  41μs 738ns
14c957;12;0;89;47;6;19;20.000000;19.000000;95.000000;1723.000000;1723.000000;100.000000;0.000000;0.000000;-nan;         1s 494ms 241μs 656ns;             79ms  86μs 655ns
14c96e;19;5;117;49;7;19;21.000000;19.000000;90.476190;1726.000000;1726.000000;100.000000;0.000000;0.000000;-nan;         1s 281ms  23μs 939ns;            276ms 598μs 324ns
14c939;23;0;103;44;7;19;22.000000;19.000000;86.363636;1722.000000;1722.000000;100.000000;0.000000;0.000000;-nan;         1s 613ms 408μs 584ns;            167ms 300μs 693ns
14c93e;16;0;88;44;6;19;20.000000;19.000000;95.000000;1728.000000;1728.000000;100.000000;0.000000;0.000000;-nan;         1s 289ms 625μs 569ns;             93ms 836μs 952ns
20a847;15;0;97;42;6;20;21.000000;20.000000;95.238095;1733.000000;1733.000000;100.000000;0.000000;0.000000;-nan;         1s 660ms 918μs 797ns;            129ms 481μs 213ns
20a85a;19;0;87;48;6;20;21.000000;20.000000;95.238095;1725.000000;1725.000000;100.000000;0.000000;0.000000;-nan;         1s 745ms 107μs 306ns;            157ms 927μs 528ns
20a86d;28;0;111;51;7;19;21.000000;19.000000;90.476190;1732.000000;1732.000000;100.000000;0.000000;0.000000;-nan;         1s 959ms 588μs 491ns;            247ms 177μs 769ns
20a883;15;0;86;47;6;19;20.000000;19.000000;95.000000;1727.000000;1727.000000;100.000000;0.000000;0.000000;-nan;         1s 738ms 330μs 436ns;             85ms 325μs 666ns
14a846;23;0;115;52;7;19;21.000000;19.000000;90.476190;1727.000000;1727.000000;100.000000;0.000000;0.000000;-nan;         2s 134ms 657μs 330ns;            321ms 348μs 889ns
20a80a;17;0;88;43;6;19;20.000000;19.000000;95.000000;1726.000000;1726.000000;100.000000;0.000000;0.000000;-nan;         1s 557ms 179μs 471ns;             85ms 304μs 559ns
20a812;16;0;94;44;6;20;21.000000;20.000000;95.238095;1731.000000;1731.000000;100.000000;0.000000;0.000000;-nan;         1s 548ms 969μs 699ns;            190ms  31μs 763ns
20a82b;20;0;98;56;6;24;25.000000;24.000000;96.000000;1956.000000;1956.000000;100.000000;0.000000;0.000000;-nan;         1s 859ms 849μs 718ns;            146ms 993μs  50ns
20a83a;16;0;90;42;6;19;20.000000;19.000000;95.000000;1729.000000;1729.000000;100.000000;0.000000;0.000000;-nan;         1s 704ms 885μs 736ns;             80ms 249μs 483ns
14a800;18;0;92;44;6;20;21.000000;20.000000;95.238095;1731.000000;1731.000000;100.000000;0.000000;0.000000;-nan;         1s 837ms 401μs  61ns;            103ms 278μs 167ns
14a807;25;1;118;56;7;20;22.000000;20.000000;90.909091;1732.000000;1732.000000;100.000000;0.000000;0.000000;-nan;         1s 427ms 550μs 943ns;            449ms 692μs  62ns
14a819;13;0;96;45;6;20;21.000000;20.000000;95.238095;1728.000000;1728.000000;100.000000;0.000000;0.000000;-nan;         1s 770ms 886μs 253ns;            163ms 294μs 296ns
14a7c6;36;0;79;53;6;22;23.000000;22.000000;95.652174;1732.000000;1732.000000;100.580720;0.000000;0.000000;-nan;         2s 123ms 272μs 621ns;            501ms 939μs 777ns
14a7d9;33;0;115;60;7;21;23.000000;21.000000;91.304348;1729.000000;1729.000000;100.000000;0.000000;0.000000;-nan;         2s 294ms 838μs 426ns;            494ms 335μs 310ns
14a7f8;29;0;107;34;7;19;22.000000;19.000000;86.363636;1725.000000;1725.000000;100.000000;0.000000;0.000000;-nan;         2s 219ms  40μs 348ns;            169ms 223μs 663ns
14a788;14;0;94;40;6;19;20.000000;19.000000;95.000000;1726.000000;1726.000000;100.000000;0.000000;0.000000;-nan;         1s 223ms  48μs 806ns;             93ms 781μs  72ns
14a78c;13;8;95;38;6;20;21.000000;20.000000;95.238095;1730.000000;1730.000000;100.000000;0.000000;0.000000;-nan;         1s  87ms 619μs 828ns;            171ms 836μs 507ns
14a7a4;13;0;92;43;6;19;20.000000;19.000000;95.000000;1721.000000;1721.000000;100.000000;0.000000;0.000000;-nan;         1s 517ms 753μs 107ns;             88ms 522μs 446ns
14870d;19;8;109;54;7;19;21.000000;19.000000;90.476190;1727.000000;1727.000000;100.000000;0.000000;0.000000;-nan;         1s 887ms 958μs 995ns;            307ms 612μs 268ns
14871d;20;0;114;56;7;19;21.000000;19.000000;90.476190;1732.000000;1732.000000;100.464037;0.000000;0.000000;-nan;         2s 115ms 504μs 699ns;            259ms 587μs 451ns
1486c9;17;8;84;45;6;20;21.000000;20.000000;95.238095;1732.000000;1732.000000;100.000000;0.000000;0.000000;-nan;         1s 500ms  50μs 316ns;            200ms 725μs 397ns
1486d2;17;0;94;43;6;20;21.000000;20.000000;95.238095;1728.000000;1728.000000;100.000000;0.000000;0.000000;-nan;         1s 837ms 158μs 876ns;            188ms 674μs 421ns
1486eb;20;0;105;45;7;19;22.000000;19.000000;86.363636;1731.000000;1731.000000;100.000000;0.000000;0.000000;-nan;         1s 992ms 839μs 841ns;            196ms 719μs 552ns
14868d;16;0;93;39;6;19;20.000000;19.000000;95.000000;1730.000000;1730.000000;100.000000;0.000000;0.000000;-nan;         1s 598ms 913μs 247ns;             88ms 349μs 949ns
1486a5;18;0;98;38;6;20;21.000000;20.000000;95.238095;1726.000000;1726.000000;100.000000;0.000000;0.000000;-nan;         1s 315ms 746μs  55ns;            194ms 920μs  80ns
14865b;32;0;137;67;8;19;22.000000;19.000000;86.363636;1728.000000;1728.000000;100.348432;0.000000;0.000000;-nan;         2s   7ms 774μs 220ns;            530ms 717μs 146ns
148660;17;0;80;37;6;20;22.000000;20.000000;90.909091;1723.000000;1723.000000;100.000000;0.000000;0.000000;-nan;         1s 688ms 246μs 523ns;            138ms 851μs 178ns
14867a;13;0;94;41;6;19;20.000000;19.000000;95.000000;1725.000000;1725.000000;100.000000;0.000000;0.000000;-nan;         1s 147ms 795μs 783ns;            121ms 319μs 691ns
20850b;16;0;97;41;6;20;21.000000;20.000000;95.238095;1724.000000;1724.000000;100.000000;0.000000;0.000000;-nan;         1s 914ms  15μs 660ns;            123ms 360μs 466ns
20851b;17;8;93;36;6;20;21.000000;20.000000;95.238095;1728.000000;1728.000000;100.000000;0.000000;0.000000;-nan;         1s 618ms   8μs 603ns;            221ms  35μs 815ns
208531;16;0;89;49;6;20;21.000000;20.000000;95.238095;1733.000000;1733.000000;100.000000;0.000000;0.000000;-nan;         1s 926ms 156μs  91ns;            191ms 479μs 599ns
20853e;17;0;102;51;7;19;22.000000;19.000000;86.363636;1725.000000;1725.000000;100.000000;0.000000;0.000000;-nan;         2s 266ms 186μs 873ns;            274ms 827μs 145ns
2084cf;42;0;141;63;8;20;23.000000;20.000000;86.956522;1729.000000;1729.000000;100.000000;0.000000;0.000000;-nan;         2s 489ms 284μs 970ns;            828ms 765μs 190ns
2084ea;18;0;91;45;6;20;21.000000;20.000000;95.238095;1731.000000;1731.000000;100.000000;0.000000;0.000000;-nan;         1s 776ms 859μs 899ns;            195ms 221μs 849ns
2084f7;17;0;90;47;6;20;21.000000;20.000000;95.238095;1732.000000;1732.000000;100.000000;0.000000;0.000000;-nan;         1s 794ms 736μs 659ns;            260ms 888μs 822ns
2084ae;22;0;86;40;6;19;20.000000;19.000000;95.000000;1727.000000;1727.000000;100.000000;0.000000;0.000000;-nan;         1s 885ms  11μs 958ns;            108ms 560μs 104ns
2084b2;38;0;138;74;8;21;24.000000;21.000000;87.500000;1723.000000;1723.000000;100.000000;0.000000;0.000000;-nan;         2s 306ms 379μs 398ns;            799ms 402μs 372ns
2084c0;15;8;82;29;6;20;22.000000;20.000000;90.909091;1728.000000;1728.000000;100.115875;0.000000;0.000000;-nan;         1s 273ms 266μs 578ns;            137ms 276μs 715ns
87b80;3;0;96;23;5;22;22.000000;22.000000;100.000000;1715.000000;1715.000000;100.000000;0.000000;0.000000;-nan;            238ms 152μs 225ns;                          0ns
87b8c;9;4;77;22;5;20;20.000000;20.000000;100.000000;1710.000000;1710.000000;100.000000;0.000000;0.000000;-nan;            168ms 595μs 980ns;                          0ns
87b94;6;0;83;23;5;20;20.000000;20.000000;100.000000;1731.000000;1731.000000;100.000000;0.000000;0.000000;-nan;            313ms 325μs 627ns;                          0ns
87bac;7;0;86;23;5;21;21.000000;21.000000;100.000000;1723.000000;1723.000000;100.000000;0.000000;0.000000;-nan;            283ms 819μs 933ns;                          0ns
87bb9;3;0;89;24;5;21;21.000000;21.000000;100.000000;1729.000000;1729.000000;100.000000;0.000000;0.000000;-nan;            364ms 108μs 270ns;                          0ns
87b41;3;5;89;25;5;22;22.000000;22.000000;100.000000;1714.000000;1714.000000;100.000000;0.000000;0.000000;-nan;            298ms 499μs 297ns;                          0ns
87b53;7;0;85;24;5;21;21.000000;21.000000;100.000000;1719.000000;1719.000000;100.000000;0.000000;0.000000;-nan;            316ms 940μs 510ns;                          0ns
87b60;7;0;85;24;5;21;21.000000;21.000000;100.000000;1716.000000;1716.000000;100.000000;0.000000;0.000000;-nan;            362ms 978μs 141ns;                          0ns
87b6b;7;0;80;25;5;20;20.000000;20.000000;100.000000;1717.000000;1717.000000;100.000000;0.000000;0.000000;-nan;            260ms 641μs 224ns;                          0ns
87b3d;7;6;79;24;5;21;21.000000;21.000000;100.000000;1726.000000;1726.000000;100.000000;0.000000;0.000000;-nan;            271ms 382μs  71ns;                          0ns
146655;10;20;79;39;6;19;20.000000;19.000000;95.000000;1732.000000;1732.000000;100.000000;0.000000;0.000000;-nan;            948ms 902μs  63ns;            128ms 671μs 448ns
146661;18;0;91;45;6;20;21.000000;20.000000;95.238095;1728.000000;1728.000000;100.000000;0.000000;0.000000;-nan;         1s 744ms  64μs 694ns;             79ms 394μs 662ns
146601;17;0;93;44;6;20;21.000000;20.000000;95.238095;1727.000000;1727.000000;100.000000;0.000000;0.000000;-nan;         1s 639ms 885μs 564ns;             83ms 416μs 719ns
14661b;16;0;88;30;6;20;22.000000;20.000000;90.909091;1731.000000;1731.000000;100.000000;0.000000;0.000000;-nan;         1s 874ms 363μs 451ns;            133ms 432μs  15ns
146631;16;0;94;38;6;19;20.000000;19.000000;95.000000;1730.000000;1730.000000;100.000000;0.000000;0.000000;-nan;         1s 674ms 830μs 942ns;             83ms 291μs 111ns
1465cd;21;0;123;46;7;19;21.000000;19.000000;90.476190;1726.000000;1726.000000;100.000000;0.000000;0.000000;-nan;         1s 594ms 802μs 866ns;            336ms 630μs 847ns
1465ea;20;0;107;43;7;19;22.000000;19.000000;86.363636;1726.000000;1726.000000;100.116009;0.000000;0.000000;-nan;         1s 762ms 408μs 317ns;            191ms 812μs 141ns
14659e;20;0;114;56;7;19;21.000000;19.000000;90.476190;1732.000000;1732.000000;100.173511;0.000000;0.000000;-nan;         1s 501ms 204μs 695ns;            307ms 288μs 527ns
1465a3;14;1;90;43;6;19;20.000000;19.000000;95.000000;1725.000000;1725.000000;100.000000;0.000000;0.000000;-nan;            963ms 640μs 414ns;            208ms 502μs 682ns
1465ba;19;0;86;49;6;20;21.000000;20.000000;95.238095;1723.000000;1723.000000;100.000000;0.000000;0.000000;-nan;         1s 536ms  47μs 261ns;            255ms 563μs 315ns
206288;17;0;91;46;6;20;21.000000;20.000000;95.238095;1733.000000;1733.000000;100.000000;0.000000;0.000000;-nan;         1s 542ms 695μs 674ns;            125ms  30μs 593ns
20629b;16;0;96;42;6;20;21.000000;20.000000;95.238095;1732.000000;1732.000000;100.000000;0.000000;0.000000;-nan;         1s 682ms 289μs 763ns;             83ms 645μs 685ns
2062b0;15;0;96;43;6;20;21.000000;20.000000;95.238095;1726.000000;1726.000000;100.000000;0.000000;0.000000;-nan;         1s 550ms 462μs 261ns;            170ms 249μs 260ns
2062c3;19;0;95;40;6;20;21.000000;20.000000;95.238095;1728.000000;1728.000000;100.000000;0.000000;0.000000;-nan;         1s 745ms 604μs 782ns;            168ms  10μs 665ns
20624e;14;0;95;39;6;19;20.000000;19.000000;95.000000;1731.000000;1731.000000;100.000000;0.000000;0.000000;-nan;         1s 414ms 997μs 951ns;            104ms 950μs 839ns
206267;16;0;92;40;6;19;20.000000;19.000000;95.000000;1724.000000;1724.000000;100.000000;0.000000;0.000000;-nan;         1s 438ms 914μs 159ns;            104ms 968μs 724ns
206230;11;0;72;29;5;20;20.000000;20.000000;100.000000;1729.000000;1729.000000;100.000000;0.000000;0.000000;-nan;            739ms 856μs 641ns;                          0ns
20623d;14;0;87;47;6;19;20.000000;19.000000;95.000000;1725.000000;1725.000000;100.000000;0.000000;0.000000;-nan;         1s 492ms 753μs  62ns;            132ms 340μs 911ns
2061fd;17;22;94;57;7;19;21.000000;19.000000;90.476190;1732.000000;1732.000000;100.289519;0.000000;0.000000;-nan;            860ms 597μs 385ns;            277ms 819μs 683ns
206202;27;0;110;63;7;20;22.000000;20.000000;90.909091;1725.000000;1725.000000;100.116077;0.000000;0.000000;-nan;         1s 833ms 300μs 744ns;            335ms 714μs 390ns
84e8b;15;0;93;26;6;17;18.000000;17.000000;94.444444;1604.000000;1604.000000;100.000000;0.000000;0.000000;-nan;         2s 128ms 435μs 138ns;             75ms  49μs 947ns
84e49;23;0;92;25;6;18;19.000000;18.000000;94.736842;1603.000000;1603.000000;100.000000;0.000000;0.000000;-nan;         2s 220ms  74μs 118ns;            157ms 537μs 615ns
84e58;33;0;114;43;7;19;21.000000;19.000000;90.476190;1731.000000;1731.000000;100.000000;0.000000;0.000000;-nan;         2s 464ms 188μs 602ns;            293ms 672μs 387ns
84e6b;20;0;94;34;6;19;20.000000;19.000000;95.000000;1710.000000;1710.000000;100.000000;0.000000;0.000000;-nan;         1s 988ms 352μs 408ns;             83ms 852μs 645ns
84e76;25;0;89;26;6;18;19.000000;18.000000;94.736842;1601.000000;1601.000000;100.000000;0.000000;0.000000;-nan;         2s 393ms 766μs  20ns;            249ms  23μs 776ns
84e0c;29;0;115;38;7;18;20.000000;18.000000;90.000000;1600.000000;1600.000000;100.062539;0.000000;0.000000;-nan;         2s 443ms  44μs 434ns;            277ms 617μs 771ns
84e0f;20;0;101;27;6;19;20.000000;19.000000;95.000000;1605.000000;1605.000000;100.000000;0.000000;0.000000;-nan;         1s 518ms 679μs 576ns;            382ms 873μs 952ns
84e1b;24;0;84;32;6;18;19.000000;18.000000;94.736842;1602.000000;1602.000000;100.000000;0.000000;0.000000;-nan;         2s  16ms 601μs 449ns;            439ms  30μs  53ns
84e25;25;0;97;32;6;20;21.000000;20.000000;95.238095;1729.000000;1729.000000;100.000000;0.000000;0.000000;-nan;         1s 863ms 762μs 310ns;            213ms 395μs 322ns
84e30;21;0;90;29;6;18;19.000000;18.000000;94.736842;1600.000000;1600.000000;100.000000;0.000000;0.000000;-nan;         2s 111ms 512μs 189ns;             83ms 237μs 222ns
1444a6;20;8;98;44;7;19;22.000000;19.000000;86.363636;1732.000000;1732.000000;100.000000;0.000000;0.000000;-nan;         1s 967ms 413μs 684ns;            346ms 620μs 541ns
14445f;24;8;106;52;7;19;21.000000;19.000000;90.476190;1725.000000;1725.000000;100.000000;0.000000;0.000000;-nan;         1s 901ms  94μs 812ns;            245ms 121μs 615ns
14446c;13;0;99;36;6;19;20.000000;19.000000;95.000000;1726.000000;1726.000000;100.000000;0.000000;0.000000;-nan;         1s 668ms 229μs 109ns;            122ms  86μs 589ns
14447c;11;8;87;42;6;19;20.000000;19.000000;95.000000;1731.000000;1731.000000;100.000000;0.000000;0.000000;-nan;         1s 413ms 602μs 884ns;            131ms 865μs 764ns
144414;22;0;102;46;7;19;22.000000;19.000000;86.363636;1727.000000;1727.000000;100.174014;0.000000;0.000000;-nan;         2s  15ms 249μs 493ns;            241ms 654μs 568ns
144428;23;0;107;60;7;19;21.000000;19.000000;90.476190;1728.000000;1728.000000;100.000000;0.000000;0.000000;-nan;         2s  69ms  74μs  72ns;            293ms  21μs 513ns
144439;23;1;107;59;7;19;21.000000;19.000000;90.476190;1723.000000;1723.000000;100.000000;0.000000;0.000000;-nan;         1s 880ms 406μs  29ns;            335ms 619μs 723ns
1443ec;24;0;116;60;7;20;22.000000;20.000000;90.909091;1732.000000;1732.000000;100.173511;0.000000;0.000000;-nan;         1s 958ms  91μs 300ns;            424ms 358μs 842ns
1443f1;23;0;118;49;7;19;21.000000;19.000000;90.476190;1730.000000;1730.000000;100.000000;0.000000;0.000000;-nan;         2s  57ms  47μs 208ns;            329ms 607μs 622ns
1443fc;13;5;89;41;6;19;20.000000;19.000000;95.000000;1727.000000;1727.000000;100.000000;0.000000;0.000000;-nan;         1s 198ms 301μs 535ns;            105ms 178μs 435ns
204009;17;0;98;39;6;20;21.000000;20.000000;95.238095;1731.000000;1731.000000;100.000000;0.000000;0.000000;-nan;         1s 622ms 609μs 600ns;            214ms 513μs 150ns
203fd1;17;0;88;49;6;20;21.000000;20.000000;95.238095;1733.000000;1733.000000;100.000000;0.000000;0.000000;-nan;         1s 526ms 486μs 221ns;            188ms  38μs 646ns
203fe3;17;0;103;34;6;20;21.000000;20.000000;95.238095;1730.000000;1730.000000;100.000000;0.000000;0.000000;-nan;         1s 739ms 699μs 522ns;            224ms 588μs 923ns
204000;17;0;93;44;6;20;21.000000;20.000000;95.238095;1732.000000;1732.000000;100.000000;0.000000;0.000000;-nan;         1s 649ms  32μs 143ns;            197ms 799μs 600ns
203f85;10;8;87;43;6;19;20.000000;19.000000;95.000000;1726.000000;1726.000000;100.000000;0.000000;0.000000;-nan;         1s  63ms 981μs 907ns;             98ms 937μs 388ns
203faf;16;0;91;41;6;19;20.000000;19.000000;95.000000;1729.000000;1729.000000;100.000000;0.000000;0.000000;-nan;         1s 411ms 655μs 699ns;             81ms 538μs 519ns
203fbf;11;0;70;31;5;20;20.000000;20.000000;100.000000;1728.000000;1728.000000;100.000000;0.000000;0.000000;-nan;            944ms 508μs 424ns;                          0ns
203f62;23;0;111;56;7;19;21.000000;19.000000;90.476190;1729.000000;1729.000000;100.115808;0.000000;0.000000;-nan;         1s 681ms 712μs   2ns;            374ms 745μs 674ns
203f67;17;0;119;54;7;19;21.000000;19.000000;90.476190;1725.000000;1725.000000;100.000000;0.000000;0.000000;-nan;         1s 709ms 534μs 863ns;            356ms   4μs 102ns
203f76;21;20;95;54;7;19;21.000000;19.000000;90.476190;1724.000000;1724.000000;100.000000;0.000000;0.000000;-nan;         1s 104ms 515μs 796ns;            319ms 236μs 434ns
142281;16;0;93;45;6;20;21.000000;20.000000;95.238095;1727.000000;1727.000000;100.000000;0.000000;0.000000;-nan;         1s 947ms 188μs 923ns;             82ms 659μs 989ns
142286;11;0;100;43;6;20;21.000000;20.000000;95.238095;1732.000000;1732.000000;100.000000;0.000000;0.000000;-nan;         1s 705ms 501μs 694ns;            170ms 706μs 203ns
14228f;20;0;89;45;6;20;21.000000;20.000000;95.238095;1730.000000;1730.000000;100.000000;0.000000;0.000000;-nan;         2s  41ms 406μs 974ns;            176ms 815μs 972ns
14229a;17;0;105;40;6;21;22.000000;21.000000;95.454545;1731.000000;1731.000000;100.000000;0.000000;0.000000;-nan;         2s   8ms 968μs 192ns;             89ms 283μs 471ns
142246;19;0;89;40;6;19;20.000000;19.000000;95.000000;1725.000000;1725.000000;100.000000;0.000000;0.000000;-nan;         1s 828ms 473μs 771ns;             86ms  67μs 210ns
142278;32;12;130;64;8;19;23.000000;19.000000;82.608696;1732.000000;1732.000000;100.464037;0.000000;0.000000;-nan;         2s 113ms 231μs 956ns;            788ms 941μs  30ns
142219;23;0;108;59;7;19;21.000000;19.000000;90.476190;1723.000000;1723.000000;100.000000;0.000000;0.000000;-nan;         2s 136ms 413μs 529ns;            313ms 136μs 500ns
14221c;34;22;152;74;9;19;23.000000;19.000000;82.608696;1726.000000;1726.000000;100.000000;0.000000;0.000000;-nan;         2s 285ms 757μs 792ns;            663ms 650μs  17ns
142227;20;0;109;61;7;19;21.000000;19.000000;90.476190;1728.000000;1728.000000;100.000000;0.000000;0.000000;-nan;         2s 133ms 730μs  81ns;            257ms 781μs 306ns
142238;12;0;101;41;6;20;21.000000;20.000000;95.238095;1729.000000;1729.000000;100.000000;0.000000;0.000000;-nan;         1s 610ms 515μs 735ns;            133ms 138μs 310ns
81ec6;7;0;83;22;5;20;20.000000;20.000000;100.000000;1715.000000;1715.000000;100.000000;0.000000;0.000000;-nan;            521ms 632μs 272ns;                          0ns
81ed8;7;0;82;23;5;20;20.000000;20.000000;100.000000;1605.000000;1605.000000;100.000000;0.000000;0.000000;-nan;            428ms 288μs 839ns;                          0ns
81ee1;6;0;76;20;5;18;18.000000;18.000000;100.000000;1602.000000;1602.000000;100.000000;0.000000;0.000000;-nan;            399ms 399μs 301ns;                          0ns
81ee7;25;0;100;29;7;17;20.000000;17.000000;85.000000;1604.000000;1604.000000;100.000000;0.000000;0.000000;-nan;            833ms 522μs 896ns;            197ms 918μs 180ns
81ef5;6;0;75;21;5;18;18.000000;18.000000;100.000000;1603.000000;1603.000000;100.000000;0.000000;0.000000;-nan;            368ms 569μs 468ns;                          0ns
81e9d;6;0;90;20;5;21;21.000000;21.000000;100.000000;1723.000000;1723.000000;100.000000;0.000000;0.000000;-nan;            440ms 693μs  59ns;                          0ns
81ea4;7;0;77;28;5;20;20.000000;20.000000;100.000000;1716.000000;1716.000000;100.000000;0.000000;0.000000;-nan;            457ms 281μs 806ns;                          0ns
81ead;8;0;82;25;5;21;21.000000;21.000000;100.000000;1696.000000;1696.000000;100.000000;0.000000;0.000000;-nan;            513ms 978μs 561ns;                          0ns
81eb6;8;0;91;27;5;23;23.000000;23.000000;100.000000;1704.000000;1704.000000;100.000000;0.000000;0.000000;-nan;            510ms 720μs  97ns;                          0ns
81ebe;7;0;75;24;5;19;19.000000;19.000000;100.000000;1601.000000;1601.000000;100.000000;0.000000;0.000000;-nan;            314ms   7μs 979ns;                          0ns
201c8d;18;0;95;41;6;20;21.000000;20.000000;95.238095;1731.000000;1731.000000;100.000000;0.000000;0.000000;-nan;         1s 849ms 756μs 611ns;            258ms 552μs 627ns
201c9c;8;0;70;34;5;20;20.000000;20.000000;100.000000;1733.000000;1733.000000;100.000000;0.000000;0.000000;-nan;         1s 409ms 179μs 523ns;                          0ns
201c54;19;0;90;45;6;20;21.000000;20.000000;95.238095;1732.000000;1732.000000;100.115607;0.000000;0.000000;-nan;         1s 971ms 850μs 627ns;            199ms 501μs 845ns
201c64;18;0;92;44;6;20;21.000000;20.000000;95.238095;1729.000000;1729.000000;100.000000;0.000000;0.000000;-nan;         1s 754ms 500μs 876ns;            249ms 400μs 531ns
201c79;30;3;126;77;8;19;22.000000;19.000000;86.363636;1732.000000;1732.000000;100.000000;0.000000;0.000000;-nan;         2s 112ms 708μs 742ns;            426ms 765μs 941ns
201c08;19;0;100;35;6;20;21.000000;20.000000;95.238095;1730.000000;1730.000000;100.289855;0.000000;0.000000;-nan;         1s 527ms 182μs 226ns;            382ms 727μs 885ns
201c16;28;3;96;47;6;24;25.000000;24.000000;96.000000;1955.000000;1955.000000;100.000000;0.000000;0.000000;-nan;         1s 492ms 454μs 900ns;            124ms 595μs 854ns
201c26;13;0;91;44;6;19;20.000000;19.000000;95.000000;1726.000000;1726.000000;100.000000;0.000000;0.000000;-nan;         1s 719ms 331μs 817ns;             85ms 920μs  27ns
201c43;14;0;92;42;6;19;20.000000;19.000000;95.000000;1728.000000;1728.000000;100.000000;0.000000;0.000000;-nan;         1s 712ms 101μs 180ns;             78ms 587μs 513ns
201c03;31;0;108;51;7;19;21.000000;19.000000;90.476190;1732.000000;1732.000000;100.289519;0.000000;0.000000;-nan;         2s  91ms 855μs 728ns;            429ms 848μs 995ns
14014b;13;0;88;47;6;19;20.000000;19.000000;95.000000;1728.000000;1728.000000;100.000000;0.000000;0.000000;-nan;         1s 778ms 575μs  27ns;             97ms 359μs 550ns
14015d;18;0;91;45;6;20;21.000000;20.000000;95.238095;1727.000000;1727.000000;100.000000;0.000000;0.000000;-nan;         1s 960ms 368μs 624ns;            194ms 329μs 140ns
14016e;22;8;115;45;7;19;21.000000;19.000000;90.476190;1731.000000;1731.000000;100.000000;0.000000;0.000000;-nan;         1s 888ms 298μs 235ns;            314ms 357μs 329ns
140104;15;0;101;38;6;20;21.000000;20.000000;95.238095;1729.000000;1729.000000;100.000000;0.000000;0.000000;-nan;         1s 559ms  90μs 281ns;            174ms  34μs 952ns
14011a;14;8;89;43;6;20;21.000000;20.000000;95.238095;1730.000000;1730.000000;100.000000;0.000000;0.000000;-nan;         1s 337ms  80μs 468ns;             83ms 313μs 292ns
140134;40;0;160;82;9;19;23.000000;19.000000;82.608696;1732.000000;1732.000000;100.000000;0.000000;0.000000;-nan;         2s 345ms 337μs 285ns;            728ms 612μs 243ns
1400c6;22;0;111;57;7;19;21.000000;19.000000;90.476190;1732.000000;1732.000000;100.464037;0.000000;0.000000;-nan;         1s 763ms   5μs 722ns;            355ms  93μs 412ns
1400cb;16;0;82;36;6;20;22.000000;20.000000;90.909091;1731.000000;1731.000000;100.289687;0.000000;0.000000;-nan;         1s 674ms 645μs 562ns;             82ms 665μs 839ns
1400e2;23;0;111;56;7;19;21.000000;19.000000;90.476190;1731.000000;1731.000000;100.464306;0.000000;0.000000;-nan;         1s 997ms 246μs 970ns;            245ms 222μs 689ns
1400f2;15;0;84;35;6;20;22.000000;20.000000;90.909091;1725.000000;1725.000000;100.000000;0.000000;0.000000;-nan;         1s 742ms 365μs 281ns;            131ms 177μs  79ns
7fccb;31;0;142;41;8;17;20.000000;17.000000;85.000000;1601.000000;1601.000000;99.937578;0.000000;0.000000;-nan;         1s 762ms 197μs 945ns;            536ms 605μs 169ns
7fc88;19;0;86;29;6;17;18.000000;17.000000;94.444444;1605.000000;1605.000000;100.000000;0.000000;0.000000;-nan;         1s 222ms 178μs 333ns;             77ms 684μs   6ns
7fc95;7;0;79;30;5;21;21.000000;21.000000;100.000000;1729.000000;1729.000000;100.000000;0.000000;0.000000;-nan;            274ms 991μs 273ns;                          0ns
7fca1;17;0;96;27;6;18;19.000000;18.000000;94.736842;1603.000000;1603.000000;100.000000;0.000000;0.000000;-nan;         1s  75ms 441μs 754ns;            235ms 557μs 562ns
7fcad;34;0;91;29;7;17;20.000000;17.000000;85.000000;1604.000000;1604.000000;100.250000;0.000000;0.000000;-nan;         1s 640ms 548μs 778ns;            242ms 983μs 492ns
7fcb8;22;0;99;33;7;17;20.000000;17.000000;85.000000;1603.000000;1603.000000;100.124922;0.000000;0.000000;-nan;         1s 558ms 782μs  49ns;            189ms 352μs 902ns
7fc58;26;0;115;41;7;18;20.000000;18.000000;90.000000;1604.000000;1604.000000;100.000000;0.000000;0.000000;-nan;         1s 744ms 142μs 138ns;            408ms 287μs 761ns
7fc5f;8;0;77;31;5;21;21.000000;21.000000;100.000000;1693.000000;1693.000000;100.000000;0.000000;0.000000;-nan;            371ms 717μs 427ns;                          0ns
7fc66;8;0;80;24;5;20;20.000000;20.000000;100.000000;1706.000000;1706.000000;100.000000;0.000000;0.000000;-nan;            680ms 651μs 722ns;                          0ns
7fc75;8;0;84;30;5;22;22.000000;22.000000;100.000000;1732.000000;1732.000000;100.000000;0.000000;0.000000;-nan;            934ms 828μs 756ns;                          0ns
1ff9d0;23;0;122;55;7;20;22.000000;20.000000;90.909091;1731.000000;1731.000000;100.000000;0.000000;0.000000;-nan;         1s 984ms 910μs 577ns;            243ms  14μs 526ns
1ff9eb;21;0;80;33;6;20;22.000000;20.000000;90.909091;1728.000000;1728.000000;100.000000;0.000000;0.000000;-nan;         1s 999ms 646μs 790ns;            138ms 138μs 723ns
1ff9f5;17;0;92;45;6;20;21.000000;20.000000;95.238095;1732.000000;1732.000000;100.000000;0.000000;0.000000;-nan;         1s 790ms 390μs 661ns;            111ms 845μs 509ns
1ff995;18;0;92;44;6;20;21.000000;20.000000;95.238095;1729.000000;1729.000000;100.000000;0.000000;0.000000;-nan;         1s 567ms 871μs 431ns;            168ms 697μs 539ns
1ff9a9;19;0;97;38;6;20;21.000000;20.000000;95.238095;1730.000000;1730.000000;100.000000;0.000000;0.000000;-nan;         1s 704ms 870μs 391ns;            203ms 493μs 666ns
1ff9bf;15;8;89;42;6;20;21.000000;20.000000;95.238095;1733.000000;1733.000000;100.000000;0.000000;0.000000;-nan;         1s 383ms 383μs 800ns;            220ms 539μs 491ns
1ff956;13;0;88;47;6;19;20.000000;19.000000;95.000000;1723.000000;1723.000000;100.000000;0.000000;0.000000;-nan;         1s 439ms 707μs 611ns;             98ms 760μs 641ns
1ff95a;16;0;89;49;6;20;21.000000;20.000000;95.238095;1733.000000;1733.000000;100.463768;0.000000;0.000000;-nan;         1s 408ms 806μs 191ns;            186ms 894μs 874ns
1ff96b;20;2;113;55;7;19;21.000000;19.000000;90.476190;1726.000000;1726.000000;100.000000;0.000000;0.000000;-nan;         1s 429ms 324μs 829ns;            447ms 845μs 172ns
1ff97d;24;0;110;56;7;19;21.000000;19.000000;90.476190;1729.000000;1729.000000;100.115808;0.000000;0.000000;-nan;         1s 842ms 507μs 255ns;            432ms 749μs 333ns
13e04d;12;0;102;40;6;20;21.000000;20.000000;95.238095;1729.000000;1729.000000;100.000000;0.000000;0.000000;-nan;         1s 471ms 302μs 486ns;            137ms 815μs 843ns
13e065;19;0;93;42;6;20;21.000000;20.000000;95.238095;1725.000000;1725.000000;100.000000;0.000000;0.000000;-nan;         1s 654ms 346μs 897ns;            255ms 711μs 871ns
13e077;17;0;91;46;6;20;21.000000;20.000000;95.238095;1728.000000;1728.000000;100.000000;0.000000;0.000000;-nan;         1s 636ms 651μs 409ns;            263ms 768μs 180ns
13e004;16;1;90;41;6;19;20.000000;19.000000;95.000000;1730.000000;1730.000000;100.000000;0.000000;0.000000;-nan;         1s 218ms 893μs 402ns;            122ms 947μs 646ns
13e01d;10;0;70;32;5;20;20.000000;20.000000;100.000000;1731.000000;1731.000000;100.000000;0.000000;0.000000;-nan;            894ms 868μs 412ns;                          0ns
13e038;15;0;87;46;6;19;20.000000;19.000000;95.000000;1727.000000;1727.000000;100.000000;0.000000;0.000000;-nan;         1s 582ms 754μs 288ns;             84ms 684μs 939ns
13dfc2;21;0;115;54;7;19;21.000000;19.000000;90.476190;1732.000000;1732.000000;100.000000;0.000000;0.000000;-nan;         1s 465ms 814μs  23ns;            304ms 797μs 139ns
13dfd4;20;0;101;49;7;19;22.000000;19.000000;86.363636;1727.000000;1727.000000;100.174014;0.000000;0.000000;-nan;         1s 761ms 265μs 343ns;            178ms   2μs 751ns
13dfec;22;0;116;52;7;19;21.000000;19.000000;90.476190;1731.000000;1731.000000;100.464306;0.000000;0.000000;-nan;         1s 846ms 572μs 272ns;            466ms 271μs 311ns
13dfbf;23;0;115;52;7;19;21.000000;19.000000;90.476190;1727.000000;1727.000000;100.057937;0.000000;0.000000;-nan;         1s 810ms 811μs 861ns;            419ms 658μs 246ns
1fd612;15;0;89;50;6;20;21.000000;20.000000;95.238095;1728.000000;1728.000000;100.000000;0.000000;0.000000;-nan;         1s 740ms 158μs 687ns;             84ms 765μs 260ns
1fd623;35;0;132;69;8;19;22.000000;19.000000;86.363636;1728.000000;1728.000000;100.057904;0.000000;0.000000;-nan;         2s 341ms 750μs 905ns;            536ms 271μs 928ns
1fd631;18;0;92;44;6;20;21.000000;20.000000;95.238095;1732.000000;1732.000000;100.000000;0.000000;0.000000;-nan;         1s 815ms 401μs 421ns;            159ms 936μs 422ns
1fd63d;14;0;81;39;6;20;22.000000;20.000000;90.909091;1725.000000;1725.000000;100.000000;0.000000;0.000000;-nan;         1s 923ms 362μs 256ns;             82ms 929μs 457ns
1fd5d2;15;0;87;32;6;20;22.000000;20.000000;90.909091;1731.000000;1731.000000;100.000000;0.000000;0.000000;-nan;         1s 684ms  70μs 480ns;             79ms 722μs 763ns
1fd5f4;20;0;114;56;7;19;21.000000;19.000000;90.476190;1726.000000;1726.000000;100.000000;0.000000;0.000000;-nan;         2s  12ms  11μs 788ns;            191ms 215μs 105ns
1fd5fb;20;0;91;51;6;21;22.000000;21.000000;95.454545;1733.000000;1733.000000;100.000000;0.000000;0.000000;-nan;         1s 879ms 115μs 121ns;            194ms 468μs 696ns
1fd604;15;0;97;36;6;19;20.000000;19.000000;95.000000;1730.000000;1730.000000;100.000000;0.000000;0.000000;-nan;         1s 634ms 433μs 812ns;             84ms  57μs 494ns
7d584;29;0;105;38;7;17;19.000000;17.000000;89.473684;1603.000000;1603.000000;100.187500;0.000000;0.000000;-nan;         2s 619ms 691μs 528ns;            353ms 809μs 423ns
7d591;30;0;108;34;7;17;19.000000;17.000000;89.473684;1602.000000;1602.000000;100.000000;0.000000;0.000000;-nan;         2s 545ms 873μs 881ns;            258ms 519μs 890ns
7d59c;26;0;110;36;7;17;19.000000;17.000000;89.473684;1603.000000;1603.000000;100.754243;0.000000;0.000000;-nan;         2s 599ms  81μs 726ns;            434ms 831μs 162ns
7d5b4;22;0;114;36;7;17;19.000000;17.000000;89.473684;1603.000000;1603.000000;100.000000;0.000000;0.000000;-nan;         2s 622ms 674μs 634ns;            539ms 171μs 578ns
1fd5ba;27;22;127;60;8;19;22.000000;19.000000;86.363636;1729.000000;1729.000000;100.290023;0.000000;0.000000;-nan;         1s 514ms 356μs 159ns;            813ms 552μs 524ns
1fd5bd;24;0;110;56;7;19;21.000000;19.000000;90.476190;1729.000000;1729.000000;100.000000;0.000000;0.000000;-nan;         2s  12ms 719μs 656ns;            278ms 798μs 358ns
7d54d;28;0;123;31;7;18;20.000000;18.000000;90.000000;1594.000000;1594.000000;100.000000;0.000000;0.000000;-nan;         2s 765ms 443μs 269ns;            320ms 372μs 371ns
7d553;43;0;100;47;7;19;21.000000;19.000000;90.476190;1601.000000;1601.000000;105.121471;0.000000;0.000000;-nan;         2s 909ms 809μs 221ns;            712ms 535μs 456ns
7d55c;27;0;66;29;6;18;20.000000;18.000000;90.000000;1602.000000;1602.000000;100.062461;0.000000;0.000000;-nan;         2s 365ms 453μs 407ns;             74ms 539μs 915ns
7d564;29;0;110;33;7;17;19.000000;17.000000;89.473684;1598.000000;1598.000000;100.000000;0.000000;0.000000;-nan;         2s 442ms 603μs 176ns;            401ms 119μs 526ns
7d56d;30;0;109;33;7;17;19.000000;17.000000;89.473684;1602.000000;1602.000000;102.626521;0.000000;0.000000;-nan;         2s 583ms 325μs 693ns;            379ms 373μs 494ns
7d575;20;0;86;34;6;18;19.000000;18.000000;94.736842;1562.000000;1562.000000;100.000000;0.000000;0.000000;-nan;         1s 990ms 459μs 431ns;            209ms 503μs 784ns
13bfc6;10;53;35;14;5;20;20.000000;20.000000;100.000000;1732.000000;1732.000000;100.000000;0.000000;0.000000;-nan;              1ms 704μs 958ns;                          0ns
13bfd4;13;8;95;38;6;20;21.000000;20.000000;95.238095;1729.000000;1729.000000;100.000000;0.000000;0.000000;-nan;         1s 211ms  49μs 771ns;            165ms 411μs 731ns
13bf86;24;0;110;56;7;19;21.000000;19.000000;90.476190;1730.000000;1730.000000;100.000000;0.000000;0.000000;-nan;         1s 736ms 760μs 805ns;            302ms 425μs 280ns
13bf93;15;0;91;42;6;19;20.000000;19.000000;95.000000;1731.000000;1731.000000;100.000000;0.000000;0.000000;-nan;         1s 580ms 577μs 166ns;             85ms 587μs  25ns
13bfa1;24;0;110;56;7;19;21.000000;19.000000;90.476190;1726.000000;1726.000000;100.000000;0.000000;0.000000;-nan;         1s 818ms  98μs 771ns;            241ms 206μs 544ns
13bfb2;20;0;107;43;7;19;22.000000;19.000000;86.363636;1727.000000;1727.000000;100.000000;0.000000;0.000000;-nan;         1s 764ms 244μs 214ns;            210ms 286μs 738ns
13bf4c;22;0;112;56;7;19;21.000000;19.000000;90.476190;1726.000000;1726.000000;100.174115;0.000000;0.000000;-nan;         1s 691ms 510μs 721ns;            348ms 309μs 649ns
13bf51;15;0;89;30;6;20;22.000000;20.000000;90.909091;1729.000000;1729.000000;100.464846;0.000000;0.000000;-nan;         1s 473ms 453μs 548ns;             83ms 276μs 696ns
13bf61;15;0;91;42;6;19;20.000000;19.000000;95.000000;1725.000000;1725.000000;100.000000;0.000000;0.000000;-nan;         1s 307ms 863μs 801ns;             84ms 277μs  63ns
13bf71;19;0;89;46;6;20;21.000000;20.000000;95.238095;1728.000000;1728.000000;100.000000;0.000000;0.000000;-nan;         1s 351ms 425μs 729ns;            214ms 875μs 486ns
1fb38f;18;0;91;45;6;20;21.000000;20.000000;95.238095;1731.000000;1731.000000;100.000000;0.000000;0.000000;-nan;         1s 806ms 747μs 425ns;            257ms 988μs 540ns
1fb39b;15;0;90;49;6;20;21.000000;20.000000;95.238095;1733.000000;1733.000000;100.000000;0.000000;0.000000;-nan;         1s 804ms 386μs 214ns;             82ms 507μs 157ns
1fb349;13;0;91;44;6;19;20.000000;19.000000;95.000000;1727.000000;1727.000000;100.000000;0.000000;0.000000;-nan;         1s 373ms 739μs 458ns;            104ms 798μs 840ns
1fb35c;22;8;115;45;7;19;21.000000;19.000000;90.476190;1730.000000;1730.000000;100.000000;0.000000;0.000000;-nan;         1s 735ms 861μs 562ns;            284ms 874μs 352ns
1fb36e;10;0;93;45;6;19;20.000000;19.000000;95.000000;1732.000000;1732.000000;100.000000;0.000000;0.000000;-nan;         1s 577ms 785μs 945ns;             87ms 140μs 120ns
1fb30e;16;0;89;43;6;19;20.000000;19.000000;95.000000;1729.000000;1729.000000;100.000000;0.000000;0.000000;-nan;         1s 601ms 187μs 113ns;            138ms 874μs 476ns
1fb31d;20;8;102;60;7;19;21.000000;19.000000;90.476190;1723.000000;1723.000000;100.000000;0.000000;0.000000;-nan;         1s 605ms 693μs 810ns;            305ms 544μs 872ns
1fb333;13;0;89;45;6;19;20.000000;19.000000;95.000000;1728.000000;1728.000000;100.000000;0.000000;0.000000;-nan;         1s 407ms  50μs 164ns;            106ms 714μs 733ns
1fb2ff;23;0;89;42;6;20;21.000000;20.000000;95.238095;1731.000000;1731.000000;100.522648;0.000000;0.000000;-nan;         1s 635ms  98μs 688ns;            472ms 602μs 108ns
1fb302;21;0;91;36;6;19;20.000000;19.000000;95.000000;1725.000000;1725.000000;100.000000;0.000000;0.000000;-nan;         1s 469ms 203μs 172ns;            109ms  69μs 494ns
7a60e;23;8;72;23;6;16;17.000000;16.000000;94.117647;1486.000000;1486.000000;100.000000;0.000000;0.000000;-nan;            764ms 460μs 741ns;            151ms 967μs 127ns
7a5c7;26;0;62;30;6;14;16.000000;14.000000;87.500000;1297.000000;1297.000000;100.000000;0.000000;0.000000;-nan;         1s   6ms 913μs 324ns;            195ms 614μs 777ns
7a5da;15;0;56;19;5;15;16.000000;15.000000;93.750000;1296.000000;1296.000000;100.000000;0.000000;0.000000;-nan;            753ms 564μs 725ns;            313ms 303μs 222ns
7a5fe;14;0;58;24;5;17;17.000000;17.000000;100.000000;1487.000000;1487.000000;100.000000;0.000000;0.000000;-nan;            558ms 595μs 971ns;                          0ns
7a59c;3;3;68;22;5;17;17.000000;17.000000;100.000000;1603.000000;1603.000000;100.000000;0.000000;0.000000;-nan;            165ms 593μs 150ns;                          0ns
7a5a0;2;2;74;24;5;18;18.000000;18.000000;100.000000;1599.000000;1599.000000;100.000000;0.000000;0.000000;-nan;            153ms 624μs 232ns;                          0ns
7a5a5;3;0;68;25;5;17;17.000000;17.000000;100.000000;1606.000000;1606.000000;100.000000;0.000000;0.000000;-nan;            272ms 176μs 859ns;                          0ns
7a5ad;1;8;65;22;5;17;17.000000;17.000000;100.000000;1601.000000;1601.000000;100.000000;0.000000;0.000000;-nan;             79ms 345μs 692ns;                          0ns
7a5b3;5;0;74;23;5;18;18.000000;18.000000;100.000000;1598.000000;1598.000000;100.000000;0.000000;0.000000;-nan;            320ms 906μs 179ns;                          0ns
7a5ba;4;0;75;23;5;18;18.000000;18.000000;100.000000;1602.000000;1602.000000;100.000000;0.000000;0.000000;-nan;            334ms  68μs 801ns;                          0ns
139e90;14;0;94;40;6;19;20.000000;19.000000;95.000000;1731.000000;1731.000000;100.000000;0.000000;0.000000;-nan;         1s 937ms 778μs 726ns;            111ms 792μs 395ns
139e40;16;0;98;40;6;20;21.000000;20.000000;95.238095;1729.000000;1729.000000;100.000000;0.000000;0.000000;-nan;         1s 502ms 849μs 793ns;            135ms 294μs 161ns
139e4f;16;0;89;43;6;19;20.000000;19.000000;95.000000;1730.000000;1730.000000;100.000000;0.000000;0.000000;-nan;         1s 858ms 690μs 944ns;             79ms  23μs 317ns
139e66;14;0;91;43;6;19;20.000000;19.000000;95.000000;1732.000000;1732.000000;100.000000;0.000000;0.000000;-nan;         1s 391ms 156μs  19ns;            134ms 602μs 373ns
139e76;18;0;90;46;6;20;21.000000;20.000000;95.238095;1728.000000;1728.000000;100.000000;0.000000;0.000000;-nan;         1s 919ms 694μs 116ns;            168ms 869μs 472ns
139e07;21;0;86;41;6;19;20.000000;19.000000;95.000000;1726.000000;1726.000000;100.000000;0.000000;0.000000;-nan;         1s 840ms 400μs 838ns;            106ms  31μs 588ns
139e0a;57;0;155;80;8;25;28.000000;25.000000;89.285714;2083.000000;2083.000000;106.547315;0.000000;0.000000;-nan;         2s 621ms 869μs 893ns;            973ms 268μs 654ns
139e1a;18;0;101;35;6;20;21.000000;20.000000;95.238095;1724.000000;1724.000000;100.000000;0.000000;0.000000;-nan;         1s 574ms 456μs 269ns;            228ms 397μs 960ns
139e26;18;0;92;44;6;20;21.000000;20.000000;95.238095;1727.000000;1727.000000;100.000000;0.000000;0.000000;-nan;         1s 551ms 143μs   0ns;            260ms 438μs  91ns
139e34;23;2;115;50;7;19;21.000000;19.000000;90.476190;1725.000000;1725.000000;100.000000;0.000000;0.000000;-nan;         1s 963ms 958μs 717ns;            390ms 926μs 263ns
1f90cf;19;0;89;46;6;20;21.000000;20.000000;95.238095;1726.000000;1726.000000;100.000000;0.000000;0.000000;-nan;         1s 717ms 943μs 611ns;            167ms 713μs 226ns
1f90de;15;0;87;46;6;19;20.000000;19.000000;95.000000;1732.000000;1732.000000;100.000000;0.000000;0.000000;-nan;         1s 653ms 335μs 940ns;             89ms 589μs 860ns
1f908e;9;0;70;33;5;20;20.000000;20.000000;100.000000;1728.000000;1728.000000;100.000000;0.000000;0.000000;-nan;            629ms 115μs 704ns;                          0ns
1f90a4;25;0;116;59;7;20;22.000000;20.000000;90.909091;1727.000000;1727.000000;100.174014;0.000000;0.000000;-nan;         1s 973ms 794μs 357ns;            452ms 293μs 583ns
1f90b5;17;0;93;44;6;20;21.000000;20.000000;95.238095;1731.000000;1731.000000;100.000000;0.000000;0.000000;-nan;         1s 610ms 587μs 541ns;            128ms 738μs 236ns
1f90c3;16;0;78;40;6;20;22.000000;20.000000;90.909091;1730.000000;1730.000000;99.826890;0.000000;0.000000;-nan;         1s 840ms 412μs 899ns;             99ms  93μs 240ns
1f905e;23;0;114;33;7;19;22.000000;19.000000;86.363636;1730.000000;1730.000000;100.000000;0.000000;0.000000;-nan;         1s 775ms 301μs 628ns;            163ms 622μs 167ns
1f9062;15;0;94;45;6;20;21.000000;20.000000;95.238095;1732.000000;1732.000000;100.405797;0.000000;0.000000;-nan;         1s 285ms 937μs 581ns;            254ms 895μs 995ns
1f9071;16;0;92;46;6;20;21.000000;20.000000;95.238095;1727.000000;1727.000000;100.000000;0.000000;0.000000;-nan;         1s 488ms 445μs 181ns;             83ms 541μs 817ns
1f907f;23;0;114;53;7;19;21.000000;19.000000;90.476190;1729.000000;1729.000000;100.000000;0.000000;0.000000;-nan;         1s 894ms  99μs 258ns;            268ms 477μs 719ns
137d80;21;0;112;57;7;19;21.000000;19.000000;90.476190;1732.000000;1732.000000;100.000000;0.000000;0.000000;-nan;         1s 872ms 475μs 982ns;            303ms 193μs 164ns
137d45;18;0;92;44;6;20;21.000000;20.000000;95.238095;1731.000000;1731.000000;100.000000;0.000000;0.000000;-nan;         1s 803ms 277μs 326ns;            235ms 845μs 618ns
137d62;34;0;109;65;7;21;23.000000;21.000000;91.304348;1722.000000;1722.000000;100.000000;0.000000;0.000000;-nan;         2s 138ms 262μs 498ns;            304ms 245μs   9ns
137d6c;22;0;112;56;7;19;21.000000;19.000000;90.476190;1727.000000;1727.000000;100.000000;0.000000;0.000000;-nan;         2s  55ms 919μs 589ns;            337ms 320μs  59ns
137d0b;24;7;93;45;7;19;22.000000;19.000000;86.363636;1725.000000;1725.000000;100.116077;0.000000;0.000000;-nan;         1s 934ms 427μs  56ns;            392ms 791μs 659ns
137d1c;13;0;100;35;6;19;20.000000;19.000000;95.000000;1729.000000;1729.000000;100.000000;0.000000;0.000000;-nan;         1s 433ms 169μs 312ns;            135ms  29μs  30ns
137d33;14;8;89;37;6;19;20.000000;19.000000;95.000000;1724.000000;1724.000000;100.000000;0.000000;0.000000;-nan;         1s 232ms 274μs 415ns;            125ms 271μs 293ns
137ce0;18;0;98;38;6;20;21.000000;20.000000;95.238095;1725.000000;1725.000000;100.000000;0.000000;0.000000;-nan;         1s 879ms 357μs 569ns;             82ms 823μs 741ns
137ce5;20;0;90;44;6;20;21.000000;20.000000;95.238095;1730.000000;1730.000000;100.000000;0.000000;0.000000;-nan;         1s 690ms 927μs 800ns;            167ms 429μs 517ns
137cf6;20;0;89;45;6;20;21.000000;20.000000;95.238095;1730.000000;1730.000000;100.115741;0.000000;0.000000;-nan;         1s 619ms 772μs 430ns;            179ms 233μs 457ns
1f6dc5;16;0;93;45;6;20;21.000000;20.000000;95.238095;1731.000000;1731.000000;100.000000;0.000000;0.000000;-nan;         1s 701ms 607μs 977ns;             84ms 868μs 985ns
1f6d93;18;0;85;31;6;20;22.000000;20.000000;90.909091;1729.000000;1729.000000;100.000000;0.000000;0.000000;-nan;         1s 965ms 879μs  41ns;            117ms 330μs 423ns
1f6dab;14;8;94;32;6;19;20.000000;19.000000;95.000000;1730.000000;1730.000000;100.000000;0.000000;0.000000;-nan;         1s 607ms 168μs 176ns;            131ms 311μs 927ns
1f6d61;13;8;89;44;6;20;21.000000;20.000000;95.238095;1728.000000;1728.000000;100.000000;0.000000;0.000000;-nan;         1s 320ms 308μs 829ns;            221ms 506μs 732ns
1f6d6a;19;0;85;44;6;19;20.000000;19.000000;95.000000;1727.000000;1727.000000;100.000000;0.000000;0.000000;-nan;         1s 668ms  85μs 740ns;             79ms   2μs 815ns
1f6d7c;37;0;132;77;8;20;23.000000;20.000000;86.956522;1725.000000;1725.000000;100.000000;0.000000;0.000000;-nan;         2s 184ms 770μs 990ns;            742ms  62μs 653ns
1f6d23;20;0;113;57;7;19;21.000000;19.000000;90.476190;1726.000000;1726.000000;100.000000;0.000000;0.000000;-nan;         1s 882ms 614μs 806ns;            343ms 402μs 497ns
1f6d27;19;0;97;38;6;20;21.000000;20.000000;95.238095;1723.000000;1723.000000;100.000000;0.000000;0.000000;-nan;         1s 718ms 569μs 238ns;             91ms 317μs 216ns
1f6d32;18;3;89;44;6;20;21.000000;20.000000;95.238095;1732.000000;1732.000000;100.000000;0.000000;0.000000;-nan;         1s 194ms 901μs 254ns;            206ms 594μs  43ns
1f6d42;21;8;107;64;7;20;22.000000;20.000000;90.909091;1733.000000;1733.000000;100.000000;0.000000;0.000000;-nan;         1s 922ms 914μs 559ns;            382ms 310μs 729ns
76717;9;0;85;32;5;23;23.000000;23.000000;100.000000;1719.000000;1719.000000;100.000000;0.000000;0.000000;-nan;            477ms 438μs 676ns;                          0ns
766d1;8;0;88;30;5;23;23.000000;23.000000;100.000000;1708.000000;1708.000000;100.000000;0.000000;0.000000;-nan;            474ms 374μs 447ns;                          0ns
766e6;7;0;85;30;5;22;22.000000;22.000000;100.000000;1693.000000;1693.000000;100.000000;0.000000;0.000000;-nan;            367ms 820μs 480ns;                          0ns
766ff;5;0;77;30;5;20;20.000000;20.000000;100.000000;1713.000000;1713.000000;100.000000;0.000000;0.000000;-nan;            334ms 838μs 447ns;                          0ns
76681;6;40;49;17;5;20;20.000000;20.000000;100.000000;1711.000000;1711.000000;100.000000;0.000000;0.000000;-nan;            308ms 463μs 591ns;                          0ns
76690;9;2;83;22;5;21;21.000000;21.000000;100.000000;1717.000000;1717.000000;100.000000;0.000000;0.000000;-nan;            308ms 352μs  70ns;                          0ns
766a1;6;0;76;30;5;20;20.000000;20.000000;100.000000;1731.000000;1731.000000;100.000000;0.000000;0.000000;-nan;            350ms 670μs 324ns;                          0ns
766bf;5;0;84;27;5;21;21.000000;21.000000;100.000000;1712.000000;1712.000000;100.000000;0.000000;0.000000;-nan;            356ms  92μs 166ns;                          0ns
76669;5;0;84;27;5;21;21.000000;21.000000;100.000000;1705.000000;1705.000000;100.000000;0.000000;0.000000;-nan;            319ms 443μs 346ns;                          0ns
7666e;7;0;85;30;5;22;22.000000;22.000000;100.000000;1707.000000;1707.000000;100.000000;0.000000;0.000000;-nan;            387ms 735μs 413ns;                          0ns
135cd2;16;0;93;39;6;19;20.000000;19.000000;95.000000;1725.000000;1725.000000;100.000000;0.000000;0.000000;-nan;         1s 672ms 688μs 795ns;            126ms 439μs 428ns
135c88;13;0;98;43;6;20;21.000000;20.000000;95.238095;1726.000000;1726.000000;100.000000;0.000000;0.000000;-nan;         1s 632ms 751μs 232ns;            277ms 709μs 336ns
135c9e;21;0;118;51;7;19;21.000000;19.000000;90.476190;1724.000000;1724.000000;100.000000;0.000000;0.000000;-nan;         1s 774ms 891μs 773ns;            322ms 598μs 196ns
135cad;19;0;89;46;6;20;21.000000;20.000000;95.238095;1728.000000;1728.000000;100.000000;0.000000;0.000000;-nan;         1s 679ms  58μs 934ns;            259ms 328μs 489ns
135cbb;14;0;90;44;6;19;20.000000;19.000000;95.000000;1732.000000;1732.000000;100.000000;0.000000;0.000000;-nan;         1s 440ms 599μs 116ns;            130ms 299μs 866ns
135c55;23;0;107;60;7;19;21.000000;19.000000;90.476190;1727.000000;1727.000000;100.000000;0.000000;0.000000;-nan;         1s 711ms 162μs 646ns;            315ms 887μs 271ns
135c6b;15;0;97;42;6;20;21.000000;20.000000;95.238095;1731.000000;1731.000000;100.000000;0.000000;0.000000;-nan;         1s 532ms 845μs 665ns;            191ms 235μs 222ns
135c29;16;0;89;43;6;19;20.000000;19.000000;95.000000;1730.000000;1730.000000;100.000000;0.000000;0.000000;-nan;         1s 338ms  38μs 131ns;            132ms 315μs 747ns
135c2e;20;8;106;56;7;19;21.000000;19.000000;90.476190;1723.000000;1723.000000;100.000000;0.000000;0.000000;-nan;         1s 486ms 471μs 318ns;            320ms 672μs 268ns
135c3f;14;3;96;35;6;19;20.000000;19.000000;95.000000;1729.000000;1729.000000;100.000000;0.000000;0.000000;-nan;            940ms 493μs  16ns;             90ms 941μs  70ns
1f4b88;10;0;92;46;6;19;20.000000;19.000000;95.000000;1733.000000;1733.000000;100.000000;0.000000;0.000000;-nan;         1s 663ms 651μs  50ns;             78ms 988μs 497ns
1f4b96;20;0;81;33;6;20;22.000000;20.000000;90.909091;1729.000000;1729.000000;100.115808;0.000000;0.000000;-nan;         1s 791ms 386μs 755ns;             82ms 486μs 174ns
1f4b47;18;0;90;46;6;20;21.000000;20.000000;95.238095;1728.000000;1728.000000;100.000000;0.000000;0.000000;-nan;         1s 571ms 733μs 200ns;            271ms 794μs 764ns
1f4b5d;17;0;92;45;6;20;21.000000;20.000000;95.238095;1725.000000;1725.000000;100.000000;0.000000;0.000000;-nan;         1s 372ms 247μs  56ns;            168ms 950μs 444ns
1f4b71;11;0;72;29;5;20;20.000000;20.000000;100.000000;1724.000000;1724.000000;100.000000;0.000000;0.000000;-nan;         1s 235ms 178μs 666ns;                          0ns
1f4b13;13;0;94;41;6;19;20.000000;19.000000;95.000000;1732.000000;1732.000000;100.000000;0.000000;0.000000;-nan;         1s 498ms 532μs 791ns;            110ms 557μs 640ns
1f4b2e;17;0;92;45;6;20;21.000000;20.000000;95.238095;1731.000000;1731.000000;100.000000;0.000000;0.000000;-nan;         1s 586ms 353μs 796ns;            245ms 550μs 642ns
1f4ae8;18;0;90;46;6;20;21.000000;20.000000;95.238095;1728.000000;1728.000000;100.115875;0.000000;0.000000;-nan;         1s 408ms  97μs  41ns;            269ms 368μs 115ns
1f4aed;23;0;112;55;7;19;21.000000;19.000000;90.476190;1729.000000;1729.000000;100.000000;0.000000;0.000000;-nan;         1s 683ms   9μs 165ns;            263ms  82μs 730ns
1f4afe;19;3;98;34;6;20;21.000000;20.000000;95.238095;1730.000000;1730.000000;100.000000;0.000000;0.000000;-nan;         1s 214ms 534μs 374ns;             82ms 597μs 130ns
74406;14;0;94;32;6;18;19.000000;18.000000;94.736842;1606.000000;1606.000000;100.000000;0.000000;0.000000;-nan;            801ms 614μs 523ns;            251ms 600μs  34ns
7440d;6;0;71;29;5;19;19.000000;19.000000;100.000000;1598.000000;1598.000000;100.000000;0.000000;0.000000;-nan;            453ms 555μs 261ns;                          0ns
743c8;6;0;73;27;5;19;19.000000;19.000000;100.000000;1603.000000;1603.000000;100.000000;0.000000;0.000000;-nan;            374ms 521μs 924ns;                          0ns
743d2;5;0;73;28;5;19;19.000000;19.000000;100.000000;1600.000000;1600.000000;100.000000;0.000000;0.000000;-nan;            350ms 122μs 498ns;                          0ns
743e5;8;0;86;32;5;23;23.000000;23.000000;100.000000;1704.000000;1704.000000;100.000000;0.000000;0.000000;-nan;            617ms  77μs 477ns;                          0ns
743f6;8;0;70;34;5;20;20.000000;20.000000;100.000000;1602.000000;1602.000000;100.000000;0.000000;0.000000;-nan;            630ms 383μs 486ns;                          0ns
743a0;8;0;77;31;5;21;21.000000;21.000000;100.000000;1726.000000;1726.000000;100.000000;0.000000;0.000000;-nan;            471ms 205μs 187ns;                          0ns
743a7;16;0;109;47;7;17;19.000000;17.000000;89.473684;1606.000000;1606.000000;100.437774;0.000000;0.000000;-nan;            829ms 664μs 516ns;            348ms 873μs 696ns
743ae;8;0;78;30;5;21;21.000000;21.000000;100.000000;1703.000000;1703.000000;100.000000;0.000000;0.000000;-nan;            633ms 958μs 944ns;                          0ns
743bd;21;0;107;44;7;17;19.000000;17.000000;89.473684;1601.000000;1601.000000;100.000000;0.000000;0.000000;-nan;            897ms 152μs 355ns;            313ms 121μs 456ns
133c81;29;0;111;50;7;19;21.000000;19.000000;90.476190;1730.000000;1730.000000;100.000000;0.000000;0.000000;-nan;         1s 821ms 799μs 791ns;            300ms 632μs 242ns
133c8f;19;0;97;38;6;20;21.000000;20.000000;95.238095;1724.000000;1724.000000;100.000000;0.000000;0.000000;-nan;         1s 680ms 220μs 750ns;            229ms 877μs 517ns
133c4a;15;0;92;41;6;19;20.000000;19.000000;95.000000;1731.000000;1731.000000;100.000000;0.000000;0.000000;-nan;         1s 486ms 342μs 559ns;            132ms 531μs 274ns
133c79;12;0;96;40;6;19;20.000000;19.000000;95.000000;1726.000000;1726.000000;100.000000;0.000000;0.000000;-nan;         1s 509ms 375μs 893ns;             80ms 558μs 772ns
133c1b;10;20;78;40;6;19;20.000000;19.000000;95.000000;1732.000000;1732.000000;100.000000;0.000000;0.000000;-nan;            779ms 338μs 103ns;            105ms 425μs 710ns
133c32;13;0;97;44;6;20;21.000000;20.000000;95.238095;1723.000000;1723.000000;100.000000;0.000000;0.000000;-nan;         1s 555ms 673μs 575ns;            218ms 496μs 138ns
133bc3;13;0;96;39;6;19;20.000000;19.000000;95.000000;1729.000000;1729.000000;100.000000;0.000000;0.000000;-nan;         1s 384ms 745μs 509ns;             85ms 673μs 427ns
133bde;19;2;97;36;6;20;21.000000;20.000000;95.238095;1725.000000;1725.000000;100.000000;0.000000;0.000000;-nan;         1s 110ms 167μs 494ns;            218ms 394μs 685ns
133bfd;15;0;87;46;6;19;20.000000;19.000000;95.000000;1728.000000;1728.000000;100.000000;0.000000;0.000000;-nan;         1s 460ms 812μs 939ns;            135ms 308μs 213ns
133bbe;18;0;85;45;6;19;20.000000;19.000000;95.000000;1727.000000;1727.000000;100.000000;0.000000;0.000000;-nan;            911ms 363μs  94ns;            124ms 272μs 839ns
1f2892;13;8;85;42;6;19;20.000000;19.000000;95.000000;1725.000000;1725.000000;100.000000;0.000000;0.000000;-nan;         1s 419ms 535μs  90ns;            125ms 681μs 530ns
1f28ac;19;0;86;49;6;20;21.000000;20.000000;95.238095;1728.000000;1728.000000;100.000000;0.000000;0.000000;-nan;         2s        57μs 822ns;            262ms 182μs 975ns
1f28bd;17;0;93;44;6;20;21.000000;20.000000;95.238095;1732.000000;1732.000000;100.000000;0.000000;0.000000;-nan;         1s 950ms 160μs 101ns;            209ms 613μs  65ns
1f284c;23;0;92;39;6;20;21.000000;20.000000;95.238095;1727.000000;1727.000000;100.000000;0.000000;0.000000;-nan;         1s 568ms 313μs 407ns;            270ms 926μs 980ns
1f285b;15;0;97;42;6;20;21.000000;20.000000;95.238095;1731.000000;1731.000000;100.000000;0.000000;0.000000;-nan;         1s 560ms 260μs 326ns;             94ms 535μs 477ns
1f286f;18;0;87;49;6;20;21.000000;20.000000;95.238095;1733.000000;1733.000000;100.000000;0.000000;0.000000;-nan;         1s 770ms 610μs 214ns;            204ms 575μs 634ns
1f287f;23;0;121;46;7;19;21.000000;19.000000;90.476190;1730.000000;1730.000000;100.000000;0.000000;0.000000;-nan;         2s  22ms 802μs 784ns;            308ms 143μs  32ns
1f2821;21;0;84;43;6;19;20.000000;19.000000;95.000000;1729.000000;1729.000000;100.000000;0.000000;0.000000;-nan;         1s 761ms 548μs 574ns;            122ms  73μs 501ns
1f2826;20;0;105;45;7;19;22.000000;19.000000;86.363636;1723.000000;1723.000000;100.000000;0.000000;0.000000;-nan;         1s 999ms 143μs 110ns;            314ms 671μs 166ns
1f2836;27;0;112;51;7;19;21.000000;19.000000;90.476190;1724.000000;1724.000000;100.000000;0.000000;0.000000;-nan;         2s   8ms 221μs 556ns;            262ms 759μs 821ns
724a5;16;0;62;32;6;16;18.000000;16.000000;88.888889;1487.000000;1487.000000;100.134680;0.000000;0.000000;-nan;         1s 885ms 361μs 269ns;             86ms 271μs  72ns
724b7;19;0;84;31;6;17;18.000000;17.000000;94.444444;1487.000000;1487.000000;100.000000;0.000000;0.000000;-nan;         1s 760ms 454μs 648ns;            241ms 858μs 510ns
72450;17;8;68;33;6;16;17.000000;16.000000;94.117647;1487.000000;1487.000000;114.121259;0.000000;0.000000;-nan;         1s 347ms 539μs 389ns;            158ms 978μs 595ns
72465;28;1;96;39;7;16;18.000000;16.000000;88.888889;1302.000000;1302.000000;100.000000;0.000000;0.000000;-nan;         1s 836ms 172μs 232ns;            201ms 283μs 326ns
7247a;14;0;50;22;5;14;15.000000;14.000000;93.333333;1297.000000;1297.000000;100.000000;0.000000;0.000000;-nan;         1s 690ms 686μs 642ns;            130ms 110μs 109ns
72413;17;0;75;34;6;16;17.000000;16.000000;94.117647;1484.000000;1484.000000;100.000000;0.000000;0.000000;-nan;         1s 531ms 929μs 592ns;             70ms 718μs 828ns
72417;27;0;99;46;7;17;19.000000;17.000000;89.473684;1603.000000;1603.000000;100.000000;0.000000;0.000000;-nan;         1s 833ms 925μs 903ns;            240ms 422μs 602ns
72422;22;0;105;45;7;17;19.000000;17.000000;89.473684;1606.000000;1606.000000;100.000000;0.000000;0.000000;-nan;         1s 918ms 992μs 509ns;            317ms 778μs 183ns
7242e;17;8;65;36;6;16;17.000000;16.000000;94.117647;1486.000000;1486.000000;100.000000;0.000000;0.000000;-nan;         1s 190ms 266μs   6ns;            190ms 220μs 256ns
7243f;28;0;65;33;6;16;17.000000;16.000000;94.117647;1483.000000;1483.000000;100.000000;0.000000;0.000000;-nan;         1s 655ms 992μs 599ns;            212ms 967μs 110ns
131b06;16;0;100;38;6;20;21.000000;20.000000;95.238095;1725.000000;1725.000000;100.000000;0.000000;0.000000;-nan;         1s 931ms 207μs 911ns;             85ms 331μs 865ns
131ace;19;0;110;41;7;19;22.000000;19.000000;86.363636;1729.000000;1729.000000;100.173812;0.000000;0.000000;-nan;         2s  49ms  85μs 288ns;            232ms 461μs 724ns
131adc;22;0;115;53;7;19;21.000000;19.000000;90.476190;1723.000000;1723.000000;100.000000;0.000000;0.000000;-nan;         2s 145ms 924μs  77ns;            291ms 288μs  66ns
131af2;22;0;123;55;7;20;22.000000;20.000000;90.909091;1730.000000;1730.000000;100.000000;0.000000;0.000000;-nan;         2s 227ms  23μs  47ns;            322ms 104μs 185ns
131a85;22;0;108;60;7;19;21.000000;19.000000;90.476190;1728.000000;1728.000000;100.000000;0.000000;0.000000;-nan;         1s 875ms 446μs 834ns;            330ms 710μs  77ns
131a96;14;0;94;40;6;19;20.000000;19.000000;95.000000;1732.000000;1732.000000;100.000000;0.000000;0.000000;-nan;         1s 186ms 131μs 605ns;            123ms 242μs 996ns
131aa3;19;0;111;40;7;19;22.000000;19.000000;86.363636;1729.000000;1729.000000;100.000000;0.000000;0.000000;-nan;         2s  22ms 486μs 828ns;            220ms 859μs 939ns
131abc;18;0;88;42;6;19;20.000000;19.000000;95.000000;1731.000000;1731.000000;100.000000;0.000000;0.000000;-nan;         1s 728ms   4μs 290ns;            128ms  37μs 940ns
131a69;32;0;122;56;7;22;24.000000;22.000000;91.666667;1738.000000;1738.000000;100.000000;0.000000;0.000000;-nan;         1s 962ms 817μs  29ns;            283ms 422μs 333ns
131a6e;22;0;90;36;6;19;20.000000;19.000000;95.000000;1724.000000;1724.000000;100.000000;0.000000;0.000000;-nan;         1s 702ms 257μs 647ns;            111ms 264μs 547ns
1f0645;16;0;94;44;6;20;21.000000;20.000000;95.238095;1731.000000;1731.000000;100.000000;0.000000;0.000000;-nan;         1s 773ms 916μs 529ns;             83ms 737μs 979ns
1f0652;19;0;86;49;6;20;21.000000;20.000000;95.238095;1728.000000;1728.000000;100.000000;0.000000;0.000000;-nan;         1s 691ms 568μs 686ns;            252ms 466μs  27ns
1f066a;15;0;90;49;6;20;21.000000;20.000000;95.238095;1733.000000;1733.000000;100.000000;0.000000;0.000000;-nan;         1s 645ms 189μs 284ns;            138ms 124μs 287ns
1f0677;19;0;95;40;6;20;21.000000;20.000000;95.238095;1729.000000;1729.000000;100.000000;0.000000;0.000000;-nan;         1s 840ms  69μs 160ns;            215ms 584μs 901ns
1f0683;18;0;91;45;6;20;21.000000;20.000000;95.238095;1731.000000;1731.000000;100.289687;0.000000;0.000000;-nan;         1s 824ms 170μs 532ns;            168ms 820μs 689ns
1f061b;17;0;107;46;7;19;22.000000;19.000000;86.363636;1722.000000;1722.000000;100.000000;0.000000;0.000000;-nan;         1s 778ms 317μs  64ns;            225ms 700μs   7ns
1f063a;16;0;86;32;6;20;22.000000;20.000000;90.909091;1732.000000;1732.000000;100.000000;0.000000;0.000000;-nan;         1s 618ms  21μs   3ns;            129ms 138μs  83ns
1f05ee;17;0;90;47;6;20;21.000000;20.000000;95.238095;1727.000000;1727.000000;100.000000;0.000000;0.000000;-nan;         1s 447ms 987μs  61ns;            194ms 674μs 674ns
1f05f3;18;16;74;40;6;19;20.000000;19.000000;95.000000;1725.000000;1725.000000;100.000000;0.000000;0.000000;-nan;            819ms 823μs 476ns;            101ms       296ns
1f0601;18;0;98;38;6;20;21.000000;20.000000;95.238095;1730.000000;1730.000000;100.000000;0.000000;0.000000;-nan;         1s 470ms 515μs 809ns;            179ms 726μs 360ns
70145;28;0;56;28;6;13;15.000000;13.000000;86.666667;1295.000000;1295.000000;100.309837;0.000000;0.000000;-nan;         1s 201ms 991μs 810ns;            300ms 754μs 931ns
70153;23;0;45;18;5;14;15.000000;14.000000;93.333333;1295.000000;1295.000000;100.232198;0.000000;0.000000;-nan;         1s 256ms 737μs 940ns;            163ms 405μs 105ns
70117;23;0;42;21;5;14;15.000000;14.000000;93.333333;1297.000000;1297.000000;100.000000;0.000000;0.000000;-nan;         1s 195ms 826μs 544ns;            174ms 973μs 744ns
70126;20;0;37;13;5;14;16.000000;14.000000;87.500000;1295.000000;1295.000000;99.922840;0.000000;0.000000;-nan;         1s  77ms 680μs 982ns;             62ms 329μs 960ns
70131;22;0;47;17;5;14;15.000000;14.000000;93.333333;1295.000000;1295.000000;100.000000;0.000000;0.000000;-nan;         1s 232ms 920μs 737ns;            169ms 408μs 843ns
700e0;1;0;86;19;5;19;19.000000;19.000000;100.000000;1729.000000;1729.000000;100.000000;0.000000;0.000000;-nan;             28ms 375μs 231ns;                          0ns
700e4;2;0;78;26;5;19;19.000000;19.000000;100.000000;1701.000000;1701.000000;100.000000;0.000000;0.000000;-nan;            237ms 463μs  88ns;                          0ns
700e8;3;0;92;21;5;21;21.000000;21.000000;100.000000;1728.000000;1728.000000;100.000000;0.000000;0.000000;-nan;            311ms 511μs 296ns;                          0ns
700ed;2;8;78;28;5;21;21.000000;21.000000;100.000000;1724.000000;1724.000000;100.000000;0.000000;0.000000;-nan;            306ms 269μs  77ns;                          0ns
700f6;28;0;75;31;6;17;18.000000;17.000000;94.444444;1487.000000;1487.000000;100.000000;0.000000;0.000000;-nan;         1s 160ms 122μs 286ns;            187ms 882μs 830ns
12f88a;14;0;88;32;6;20;22.000000;20.000000;90.909091;1729.000000;1729.000000;100.000000;0.000000;0.000000;-nan;         1s 676ms 242μs 950ns;             85ms 639μs 336ns
12f896;22;6;114;48;7;19;21.000000;19.000000;90.476190;1725.000000;1725.000000;100.000000;0.000000;0.000000;-nan;         1s 878ms 725μs 120ns;            331ms  87μs 608ns
12f847;19;0;121;50;7;19;21.000000;19.000000;90.476190;1730.000000;1730.000000;100.173712;0.000000;0.000000;-nan;         1s 907ms 134μs 369ns;            339ms 474μs 777ns
12f850;22;0;80;46;6;19;20.000000;19.000000;95.000000;1723.000000;1723.000000;100.000000;0.000000;0.000000;-nan;         1s 601ms 862μs 464ns;             79ms 786μs 372ns
12f85d;17;0;91;46;6;20;21.000000;20.000000;95.238095;1728.000000;1728.000000;100.000000;0.000000;0.000000;-nan;         1s 774ms 420μs 835ns;             86ms  97μs 197ns
12f86d;20;0;99;43;6;21;22.000000;21.000000;95.454545;1732.000000;1732.000000;100.000000;0.000000;0.000000;-nan;         2s 111ms 410μs 726ns;            381ms 771μs 283ns
12f87a;16;0;95;43;6;20;21.000000;20.000000;95.238095;1730.000000;1730.000000;100.000000;0.000000;0.000000;-nan;         1s 905ms 823μs 849ns;            211ms 991μs 349ns
12f824;19;0;96;47;6;21;22.000000;21.000000;95.454545;1722.000000;1722.000000;100.000000;0.000000;0.000000;-nan;         1s 510ms  93μs 769ns;            315ms 983μs  78ns
12f827;14;0;90;30;6;20;22.000000;20.000000;90.909091;1726.000000;1726.000000;100.000000;0.000000;0.000000;-nan;         1s 841ms 489μs 619ns;            186ms  95μs 289ns
12f835;25;0;99;46;7;19;22.000000;19.000000;86.363636;1721.000000;1721.000000;100.000000;0.000000;0.000000;-nan;         2s 164ms 940μs 441ns;            246ms 864μs 969ns
1ee491;7;8;69;28;5;20;20.000000;20.000000;100.000000;1731.000000;1731.000000;100.000000;0.000000;0.000000;-nan;            632ms 838μs 276ns;                          0ns
1ee49e;22;0;91;49;6;21;22.000000;21.000000;95.454545;1725.000000;1725.000000;100.000000;0.000000;0.000000;-nan;         1s 646ms 652μs 691ns;            296ms 256μs 265ns
1ee449;13;8;77;36;6;20;22.000000;20.000000;90.909091;1728.000000;1728.000000;100.000000;0.000000;0.000000;-nan;         1s 309ms  91μs 982ns;            126ms 292μs 700ns
1ee457;22;0;122;46;7;19;21.000000;19.000000;90.476190;1730.000000;1730.000000;100.000000;0.000000;0.000000;-nan;         1s 615ms 544μs 500ns;            297ms  92μs 698ns
1ee467;16;0;97;41;6;20;21.000000;20.000000;95.238095;1729.000000;1729.000000;100.000000;0.000000;0.000000;-nan;         1s 523ms  35μs 944ns;            239ms 197μs 191ns
1ee481;11;0;92;45;6;19;20.000000;19.000000;95.000000;1732.000000;1732.000000;100.000000;0.000000;0.000000;-nan;         1s 506ms 510μs  28ns;             84ms 487μs 539ns
1ee415;17;0;84;47;6;19;20.000000;19.000000;95.000000;1722.000000;1722.000000;100.000000;0.000000;0.000000;-nan;         1s 361ms 346μs 718ns;             85ms 171μs 504ns
1ee418;17;0;92;45;6;20;21.000000;20.000000;95.238095;1731.000000;1731.000000;100.464306;0.000000;0.000000;-nan;         1s 277ms 133μs 439ns;            186ms 400μs 976ns
1ee428;16;0;93;39;6;19;20.000000;19.000000;95.000000;1726.000000;1726.000000;100.000000;0.000000;0.000000;-nan;         1s 342ms 159μs 128ns;            110ms 287μs 391ns
1ee43a;16;0;89;49;6;20;21.000000;20.000000;95.238095;1733.000000;1733.000000;100.000000;0.000000;0.000000;-nan;         1s 400ms 119μs 374ns;            175ms 806μs 348ns
12d6c7;15;0;89;44;6;19;20.000000;19.000000;95.000000;1732.000000;1732.000000;100.000000;0.000000;0.000000;-nan;         1s 687ms 847μs 303ns;            123ms 786μs 484ns
12d684;19;0;111;40;7;19;22.000000;19.000000;86.363636;1729.000000;1729.000000;100.000000;0.000000;0.000000;-nan;         1s 895ms 772μs 812ns;            181ms 331μs 679ns
12d699;15;0;90;43;6;19;20.000000;19.000000;95.000000;1728.000000;1728.000000;100.000000;0.000000;0.000000;-nan;         1s 822ms 458μs 253ns;             81ms  45μs 876ns
12d6a9;21;0;75;38;6;20;22.000000;20.000000;90.909091;1732.000000;1732.000000;100.347625;0.000000;0.000000;-nan;         1s 860ms 952μs 457ns;            202ms 258μs 395ns
12d6b7;17;0;93;44;6;20;21.000000;20.000000;95.238095;1723.000000;1723.000000;100.000000;0.000000;0.000000;-nan;         1s 571ms  49μs 926ns;            112ms 357μs 540ns
12d64b;15;0;104;35;6;20;21.000000;20.000000;95.238095;1724.000000;1724.000000;100.000000;0.000000;0.000000;-nan;         1s 536ms 959μs 528ns;            183ms 435μs 594ns
12d670;19;0;97;38;6;20;21.000000;20.000000;95.238095;1725.000000;1725.000000;100.000000;0.000000;0.000000;-nan;         1s 711ms 741μs 892ns;            351ms 411μs 212ns
12d678;16;8;95;35;6;20;21.000000;20.000000;95.238095;1727.000000;1727.000000;100.000000;0.000000;0.000000;-nan;         1s 395ms 491μs 391ns;            330ms 890μs 515ns
12d637;20;16;91;41;6;23;24.000000;23.000000;95.833333;1899.000000;1899.000000;100.000000;0.000000;0.000000;-nan;            856ms 621μs 510ns;            114ms  98μs 638ns
12d63a;20;0;119;51;7;19;21.000000;19.000000;90.476190;1730.000000;1730.000000;100.000000;0.000000;0.000000;-nan;         1s 851ms 242μs 633ns;            490ms 500μs 562ns
1ec289;19;0;97;38;6;20;21.000000;20.000000;95.238095;1730.000000;1730.000000;100.000000;0.000000;0.000000;-nan;         1s 689ms 553μs 431ns;            166ms 529μs 459ns
1ec299;22;0;81;45;6;19;20.000000;19.000000;95.000000;1725.000000;1725.000000;100.000000;0.000000;0.000000;-nan;         1s 691ms 776μs 900ns;            113ms 265μs 653ns
1ec2ae;14;0;95;53;6;21;22.000000;21.000000;95.454545;1733.000000;1733.000000;100.000000;0.000000;0.000000;-nan;         1s 634ms 396μs  71ns;             83ms 302μs  21ns
1ec248;10;0;69;33;5;20;20.000000;20.000000;100.000000;1728.000000;1728.000000;100.000000;0.000000;0.000000;-nan;            685ms 367μs 360ns;                          0ns
1ec25a;12;0;94;42;6;19;20.000000;19.000000;95.000000;1732.000000;1732.000000;100.000000;0.000000;0.000000;-nan;         1s 484ms 822μs 382ns;            103ms 373μs 782ns
1ec266;18;0;88;28;6;20;22.000000;20.000000;90.909091;1729.000000;1729.000000;100.000000;0.000000;0.000000;-nan;         1s 613ms 552μs 550ns;             82ms 549μs 528ns
1ec274;15;0;94;45;6;20;21.000000;20.000000;95.238095;1731.000000;1731.000000;100.000000;0.000000;0.000000;-nan;         1s 619ms 947μs 834ns;             82ms 892μs  20ns
1ec224;22;0;91;41;6;20;21.000000;20.000000;95.238095;1722.000000;1722.000000;100.000000;0.000000;0.000000;-nan;         1s 537ms 912μs 643ns;            191ms  54μs 979ns
1ec229;16;0;89;49;6;20;21.000000;20.000000;95.238095;1733.000000;1733.000000;100.580383;0.000000;0.000000;-nan;         1s 548ms 472μs 233ns;            195ms 273μs 223ns
1ec237;20;0;96;38;6;20;21.000000;20.000000;95.238095;1726.000000;1726.000000;100.000000;0.000000;0.000000;-nan;         1s 498ms 473μs 700ns;            306ms 541μs 712ns
12b4c9;11;0;75;26;5;20;20.000000;20.000000;100.000000;1725.000000;1725.000000;100.000000;0.000000;0.000000;-nan;         1s 140ms 353μs 103ns;                          0ns
12b4da;15;0;104;35;6;20;21.000000;20.000000;95.238095;1724.000000;1724.000000;100.000000;0.000000;0.000000;-nan;         1s 655ms 695μs 667ns;            166ms 193μs  56ns
12b4e7;22;0;97;35;6;20;21.000000;20.000000;95.238095;1729.000000;1729.000000;100.000000;0.000000;0.000000;-nan;         1s 705ms 663μs 886ns;            210ms  30μs 661ns
12b482;17;0;97;40;6;20;21.000000;20.000000;95.238095;1730.000000;1730.000000;100.000000;0.000000;0.000000;-nan;         1s 453ms 271μs 369ns;            247ms 126μs 759ns
12b48d;18;0;96;40;6;20;21.000000;20.000000;95.238095;1727.000000;1727.000000;100.000000;0.000000;0.000000;-nan;         1s 400ms 333μs  24ns;            164ms  55μs 505ns
12b49e;13;0;104;37;6;20;21.000000;20.000000;95.238095;1726.000000;1726.000000;100.000000;0.000000;0.000000;-nan;         1s 460ms  50μs 819ns;             80ms 299μs 548ns
12b4ab;15;0;86;47;6;19;20.000000;19.000000;95.000000;1728.000000;1728.000000;100.000000;0.000000;0.000000;-nan;         1s 477ms 498μs 885ns;             85ms 262μs 680ns
12b4b9;9;0;72;31;5;20;20.000000;20.000000;100.000000;1723.000000;1723.000000;100.000000;0.000000;0.000000;-nan;            603ms 656μs 547ns;                          0ns
12b46e;23;0;115;52;7;19;21.000000;19.000000;90.476190;1721.000000;1721.000000;100.000000;0.000000;0.000000;-nan;         1s 707ms 205μs 815ns;            280ms 430μs 944ns
12b473;22;0;100;48;7;19;22.000000;19.000000;86.363636;1732.000000;1732.000000;100.000000;0.000000;0.000000;-nan;         1s 732ms 510μs 656ns;            166ms 925μs 174ns
1ea04a;15;0;86;47;6;19;20.000000;19.000000;95.000000;1725.000000;1725.000000;100.000000;0.000000;0.000000;-nan;         1s 666ms 878μs 186ns;            102ms 480μs 866ns
1ea05a;11;8;87;48;6;20;21.000000;20.000000;95.238095;1733.000000;1733.000000;100.000000;0.000000;0.000000;-nan;         1s 333ms   6μs 570ns;             88ms 989μs 146ns
1ea06c;11;0;92;45;6;19;20.000000;19.000000;95.000000;1732.000000;1732.000000;100.000000;0.000000;0.000000;-nan;         1s 587ms 984μs 865ns;            128ms 489μs 272ns
1ea016;15;0;93;46;6;20;21.000000;20.000000;95.238095;1728.000000;1728.000000;100.000000;0.000000;0.000000;-nan;         1s 457ms 858μs 306ns;            165ms  95μs 643ns
1ea022;13;0;100;41;6;20;21.000000;20.000000;95.238095;1731.000000;1731.000000;100.000000;0.000000;0.000000;-nan;         1s 376ms 553μs 704ns;            222ms 311μs  67ns
1ea02c;23;0;116;51;7;19;21.000000;19.000000;90.476190;1729.000000;1729.000000;100.000000;0.000000;0.000000;-nan;         1s 697ms 194μs 138ns;            297ms 717μs 750ns
1ea03c;19;0;97;38;6;20;21.000000;20.000000;95.238095;1730.000000;1730.000000;100.000000;0.000000;0.000000;-nan;         1s 688ms 727μs 502ns;            167ms 212μs 823ns
1e9ff3;18;0;98;38;6;20;21.000000;20.000000;95.238095;1724.000000;1724.000000;100.000000;0.000000;0.000000;-nan;         1s 551ms 589μs 297ns;             84ms 350μs  44ns
1e9ff7;19;0;89;46;6;20;21.000000;20.000000;95.238095;1728.000000;1728.000000;100.290192;0.000000;0.000000;-nan;         1s 429ms 683μs 400ns;            246ms 253μs 456ns
1ea003;14;0;98;36;6;19;20.000000;19.000000;95.000000;1726.000000;1726.000000;100.000000;0.000000;0.000000;-nan;         1s 272ms 934μs 150ns;            114ms 836μs 377ns
1292c6;19;0;117;54;7;19;21.000000;19.000000;90.476190;1723.000000;1723.000000;100.000000;0.000000;0.000000;-nan;         1s 735ms 930μs  66ns;            293ms 435μs 421ns
1292d6;20;0;85;49;6;20;21.000000;20.000000;95.238095;1728.000000;1728.000000;100.000000;0.000000;0.000000;-nan;         1s 665ms 344μs 180ns;            246ms 611μs 628ns
12928d;19;0;112;39;7;19;22.000000;19.000000;86.363636;1727.000000;1727.000000;100.000000;0.000000;0.000000;-nan;         1s 743ms 855μs 551ns;            223ms 799μs 573ns
12929c;16;0;93;39;6;19;20.000000;19.000000;95.000000;1725.000000;1725.000000;100.000000;0.000000;0.000000;-nan;         1s 616ms 167μs 690ns;            130ms 188μs 382ns
1292a7;16;0;106;32;6;20;21.000000;20.000000;95.238095;1724.000000;1724.000000;100.000000;0.000000;0.000000;-nan;         1s 430ms 895μs 586ns;            209ms 529μs 832ns
1292b5;14;0;95;39;6;19;20.000000;19.000000;95.000000;1729.000000;1729.000000;100.000000;0.000000;0.000000;-nan;         1s 316ms 175μs 831ns;            116ms 994μs 432ns
129253;21;0;89;38;6;19;20.000000;19.000000;95.000000;1720.000000;1720.000000;100.000000;0.000000;0.000000;-nan;         1s 669ms 911μs 941ns;             93ms 241μs 745ns
129258;21;0;91;42;6;20;21.000000;20.000000;95.238095;1721.000000;1721.000000;100.000000;0.000000;0.000000;-nan;         1s 668ms 554μs 661ns;            186ms  82μs 430ns
129266;14;0;97;43;6;20;21.000000;20.000000;95.238095;1730.000000;1730.000000;100.000000;0.000000;0.000000;-nan;         1s 446ms 172μs 487ns;            216ms 126μs  80ns
129279;12;0;99;37;6;19;20.000000;19.000000;95.000000;1726.000000;1726.000000;100.000000;0.000000;0.000000;-nan;         1s 242ms 588μs 366ns;             84ms   2μs 516ns
1e7dcb;13;21;82;38;6;20;21.000000;20.000000;95.238095;1729.000000;1729.000000;100.000000;0.000000;0.000000;-nan;            790ms 888μs 303ns;            273ms 734μs 465ns
1e7de5;15;8;94;37;6;20;21.000000;20.000000;95.238095;1730.000000;1730.000000;100.000000;0.000000;0.000000;-nan;         1s 335ms 777μs 927ns;             82ms 847μs 483ns
1e7df8;21;0;109;60;7;19;21.000000;19.000000;90.476190;1732.000000;1732.000000;100.000000;0.000000;0.000000;-nan;         1s 914ms 185μs 453ns;            301ms 629μs 431ns
1e7d56;16;0;78;40;6;20;22.000000;20.000000;90.909091;1727.000000;1727.000000;100.174014;0.000000;0.000000;-nan;         1s 557ms 367μs 797ns;             92ms 242μs 934ns
1e7d5b;17;2;84;45;6;19;20.000000;19.000000;95.000000;1725.000000;1725.000000;100.000000;0.000000;0.000000;-nan;         1s 283ms 103μs 460ns;            132ms 438μs 697ns
1e7d70;35;0;134;77;8;20;23.000000;20.000000;86.956522;1731.000000;1731.000000;100.289687;0.000000;0.000000;-nan;         2s  59ms 819μs 924ns;            619ms 358μs 994ns
127096;18;1;98;37;6;20;21.000000;20.000000;95.238095;1719.000000;1719.000000;100.000000;0.000000;0.000000;-nan;         1s 438ms 471μs 241ns;             87ms 543μs 528ns
1270a5;19;0;118;53;7;19;21.000000;19.000000;90.476190;1730.000000;1730.000000;100.581395;0.000000;0.000000;-nan;         1s 901ms 162μs 769ns;            289ms 307μs 367ns
127044;13;8;98;35;6;20;21.000000;20.000000;95.238095;1724.000000;1724.000000;100.000000;0.000000;0.000000;-nan;         1s 390ms 257μs 891ns;            107ms 572μs 778ns
127056;19;0;118;53;7;19;21.000000;19.000000;90.476190;1726.000000;1726.000000;100.000000;0.000000;0.000000;-nan;         1s 861ms 114μs 515ns;            311ms 663μs 168ns
12706a;26;0;122;60;7;21;23.000000;21.000000;91.304348;1723.000000;1723.000000;100.000000;0.000000;0.000000;-nan;         1s 918ms 719μs 115ns;            484ms 523μs 332ns
12707a;15;8;103;44;7;19;22.000000;19.000000;86.363636;1730.000000;1730.000000;100.000000;0.000000;0.000000;-nan;         1s 820ms   9μs 270ns;            164ms 296μs 610ns
127028;15;0;93;40;6;19;20.000000;19.000000;95.000000;1727.000000;1727.000000;100.000000;0.000000;0.000000;-nan;         1s 729ms 822μs 117ns;            111ms 317μs 186ns
127032;17;0;97;40;6;20;21.000000;20.000000;95.238095;1729.000000;1729.000000;100.000000;0.000000;0.000000;-nan;         1s 583ms  27μs 554ns;             96ms 171μs 980ns
126ff6;18;20;68;42;6;19;20.000000;19.000000;95.000000;1728.000000;1728.000000;100.000000;0.000000;0.000000;-nan;            586ms 744μs 706ns;             96ms 957μs 415ns
126ffb;18;0;98;38;6;20;21.000000;20.000000;95.238095;1725.000000;1725.000000;100.000000;0.000000;0.000000;-nan;         1s 611ms 461μs 348ns;             81ms 787μs 346ns
6654d;4;0;91;27;5;22;22.000000;22.000000;100.000000;1732.000000;1732.000000;100.000000;0.000000;0.000000;-nan;            475ms 815μs 901ns;                          0ns
6655c;6;0;75;31;5;20;20.000000;20.000000;100.000000;1724.000000;1724.000000;100.000000;0.000000;0.000000;-nan;            418ms 109μs  69ns;                          0ns
6656c;4;0;97;21;5;22;22.000000;22.000000;100.000000;1729.000000;1729.000000;100.000000;0.000000;0.000000;-nan;            368ms  79μs 102ns;                          0ns
66514;6;0;94;22;5;22;22.000000;22.000000;100.000000;1728.000000;1728.000000;100.000000;0.000000;0.000000;-nan;            449ms 496μs 591ns;                          0ns
66520;9;0;76;31;5;21;21.000000;21.000000;100.000000;1719.000000;1719.000000;100.000000;0.000000;0.000000;-nan;            317ms 344μs 351ns;                          0ns
6652a;13;1;82;20;5;21;21.000000;21.000000;100.000000;1730.000000;1730.000000;100.000000;0.000000;0.000000;-nan;            189ms 559μs 852ns;                          0ns
66537;5;0;84;27;5;21;21.000000;21.000000;100.000000;1720.000000;1720.000000;100.000000;0.000000;0.000000;-nan;            405ms 531μs 437ns;                          0ns
664e9;9;0;72;31;5;20;20.000000;20.000000;100.000000;1716.000000;1716.000000;100.000000;0.000000;0.000000;-nan;            337ms 907μs 357ns;                          0ns
664ee;9;0;84;23;5;21;21.000000;21.000000;100.000000;1717.000000;1717.000000;100.000000;0.000000;0.000000;-nan;            354ms 898μs 664ns;                          0ns
664fe;8;0;86;28;5;22;22.000000;22.000000;100.000000;1727.000000;1727.000000;100.000000;0.000000;0.000000;-nan;            442ms  71μs 708ns;                          0ns
1e5b12;15;0;97;36;6;19;20.000000;19.000000;95.000000;1730.000000;1730.000000;100.000000;0.000000;0.000000;-nan;         1s 903ms  48μs 144ns;            129ms 381μs 888ns
1e5b2d;18;0;87;49;6;20;21.000000;20.000000;95.238095;1733.000000;1733.000000;100.000000;0.000000;0.000000;-nan;         1s 864ms 838μs 151ns;            131ms 512μs 370ns
1e5ac8;17;0;85;46;6;19;20.000000;19.000000;95.000000;1727.000000;1727.000000;100.000000;0.000000;0.000000;-nan;         1s 508ms 154μs 125ns;            163ms 970μs 279ns
1e5ad8;23;0;106;61;7;19;21.000000;19.000000;90.476190;1731.000000;1731.000000;100.581058;0.000000;0.000000;-nan;         2s  18ms 405μs 803ns;            293ms 292μs 370ns
1e5ae9;36;0;102;70;7;21;23.000000;21.000000;91.304348;1726.000000;1726.000000;100.000000;0.000000;0.000000;-nan;         2s 129ms 164μs 925ns;            507ms 401μs 567ns
1e5afc;21;0;114;55;7;19;21.000000;19.000000;90.476190;1728.000000;1728.000000;100.000000;0.000000;0.000000;-nan;         2s  42ms 905μs 144ns;            344ms 616μs 729ns
1e5b04;18;3;90;43;6;20;21.000000;20.000000;95.238095;1731.000000;1731.000000;100.000000;0.000000;0.000000;-nan;         1s 377ms  73μs 850ns;            201ms 212μs 666ns
1e5aa1;18;0;95;41;6;20;21.000000;20.000000;95.238095;1722.000000;1722.000000;100.000000;0.000000;0.000000;-nan;         1s 619ms 301μs 864ns;             81ms 658μs 649ns
1e5aa6;19;0;90;45;6;20;21.000000;20.000000;95.238095;1732.000000;1732.000000;100.000000;0.000000;0.000000;-nan;         1s 848ms 652μs 260ns;            172ms 842μs 261ns
1e5ab5;18;0;99;37;6;20;21.000000;20.000000;95.238095;1729.000000;1729.000000;100.000000;0.000000;0.000000;-nan;         1s 756ms 761μs 130ns;            250ms 891μs 750ns
124c80;19;6;113;52;7;19;21.000000;19.000000;90.476190;1730.000000;1730.000000;100.000000;0.000000;0.000000;-nan;         1s 774ms 136μs 472ns;            298ms 642μs 229ns
124c8e;21;0;118;51;7;19;21.000000;19.000000;90.476190;1726.000000;1726.000000;100.000000;0.000000;0.000000;-nan;         1s 931ms 707μs 809ns;            252ms 107μs 534ns
124c4a;31;0;95;42;6;22;23.000000;22.000000;95.652174;1721.000000;1721.000000;100.000000;0.000000;0.000000;-nan;         2s   2ms 987μs 653ns;            243ms 618μs  17ns
124c5b;14;0;108;32;6;20;21.000000;20.000000;95.238095;1724.000000;1724.000000;100.000000;0.000000;0.000000;-nan;         1s 563ms 567μs 288ns;             82ms 223μs 816ns
124c61;16;0;83;35;6;20;22.000000;20.000000;90.909091;1727.000000;1727.000000;100.000000;0.000000;0.000000;-nan;         1s 907ms 787μs 346ns;            106ms 774μs 588ns
124c6f;14;0;92;42;6;19;20.000000;19.000000;95.000000;1723.000000;1723.000000;100.000000;0.000000;0.000000;-nan;         1s 446ms 114μs 184ns;            133ms 669μs 994ns
124c13;14;0;86;34;6;20;22.000000;20.000000;90.909091;1730.000000;1730.000000;100.581395;0.000000;0.000000;-nan;         1s 781ms  20μs 617ns;             84ms 703μs 601ns
124c18;19;0;98;37;6;20;21.000000;20.000000;95.238095;1722.000000;1722.000000;100.000000;0.000000;0.000000;-nan;         1s 662ms 788μs 496ns;            179ms 775μs 185ns
124c29;17;0;93;38;6;19;20.000000;19.000000;95.000000;1725.000000;1725.000000;100.000000;0.000000;0.000000;-nan;         1s 574ms 807μs 168ns;             83ms 346μs 687ns
124c36;17;0;100;37;6;20;21.000000;20.000000;95.238095;1729.000000;1729.000000;100.000000;0.000000;0.000000;-nan;         1s 336ms  86μs 544ns;            125ms 130μs 756ns
6418e;15;0;98;21;6;17;18.000000;17.000000;94.444444;1602.000000;1602.000000;100.000000;0.000000;0.000000;-nan;         1s 607ms  37μs 849ns;            121ms 336μs 193ns
6419e;26;0;90;32;6;19;20.000000;19.000000;95.000000;1605.000000;1605.000000;100.249844;0.000000;0.000000;-nan;         2s 404ms 344μs 232ns;            303ms 440μs 758ns
641b2;16;0;93;25;6;17;18.000000;17.000000;94.444444;1603.000000;1603.000000;100.000000;0.000000;0.000000;-nan;         1s 776ms 547μs 171ns;            120ms 908μs  27ns
64149;21;0;72;29;6;18;20.000000;18.000000;90.000000;1604.000000;1604.000000;100.000000;0.000000;0.000000;-nan;         2s 209ms 140μs 901ns;             97ms 183μs 179ns
6415d;28;0;80;46;6;20;21.000000;20.000000;95.238095;1728.000000;1728.000000;100.000000;0.000000;0.000000;-nan;         2s 139ms 936μs 601ns;            302ms 719μs 973ns
6416b;19;0;86;35;6;18;19.000000;18.000000;94.736842;1600.000000;1600.000000;100.000000;0.000000;0.000000;-nan;         1s 819ms 567μs 935ns;            207ms 938μs 764ns
6417b;34;0;108;48;7;19;21.000000;19.000000;90.476190;1701.000000;1701.000000;100.000000;0.000000;0.000000;-nan;         2s 489ms 109μs 482ns;            245ms 890μs 323ns
6412c;42;0;98;50;7;19;21.000000;19.000000;90.476190;1601.000000;1601.000000;100.125078;0.000000;0.000000;-nan;         2s 527ms 914μs 661ns;            538ms 461μs 916ns
6412f;32;0;123;35;7;19;21.000000;19.000000;90.476190;1729.000000;1729.000000;100.000000;0.000000;0.000000;-nan;         2s 423ms  43μs 383ns;            358ms 752μs 225ns
6413f;19;0;97;24;6;18;19.000000;18.000000;94.736842;1605.000000;1605.000000;100.000000;0.000000;0.000000;-nan;         1s 822ms 565μs 314ns;            156ms 500μs 754ns
1e3859;18;0;90;46;6;20;21.000000;20.000000;95.238095;1733.000000;1733.000000;100.000000;0.000000;0.000000;-nan;         1s 623ms 391μs 869ns;            240ms 886μs 862ns
1e3884;16;0;89;49;6;20;21.000000;20.000000;95.238095;1731.000000;1731.000000;100.000000;0.000000;0.000000;-nan;         1s 801ms 226μs 498ns;            209ms 583μs 455ns
1e3809;18;0;90;54;6;21;22.000000;21.000000;95.454545;1727.000000;1727.000000;100.000000;0.000000;0.000000;-nan;         1s 646ms 391μs  46ns;            255ms 441μs 506ns
1e381d;14;63;48;31;6;20;21.000000;20.000000;95.238095;1725.000000;1725.000000;100.000000;0.000000;0.000000;-nan;            863ms 340μs 629ns;             82ms 273μs 447ns
1e382c;24;0;117;49;7;19;21.000000;19.000000;90.476190;1726.000000;1726.000000;99.768786;0.000000;0.000000;-nan;         1s 887ms  83μs 543ns;            391ms 243μs 168ns
1e3837;24;0;119;47;7;19;21.000000;19.000000;90.476190;1729.000000;1729.000000;100.000000;0.000000;0.000000;-nan;         1s 828ms 604μs 877ns;            303ms  36μs  29ns
1e37d9;17;0;88;49;6;20;21.000000;20.000000;95.238095;1724.000000;1724.000000;100.000000;0.000000;0.000000;-nan;         1s 424ms 152μs 857ns;            116ms 514μs 775ns
1e37dd;18;0;116;56;7;19;21.000000;19.000000;90.476190;1731.000000;1731.000000;100.289687;0.000000;0.000000;-nan;         1s 726ms 384μs 713ns;            164ms  28μs 798ns
1e37ec;22;0;108;60;7;19;21.000000;19.000000;90.476190;1728.000000;1728.000000;100.000000;0.000000;0.000000;-nan;         1s 758ms 943μs 453ns;            301ms 991μs 455ns
1e37fa;11;0;91;46;6;19;20.000000;19.000000;95.000000;1732.000000;1732.000000;100.000000;0.000000;0.000000;-nan;         1s 441ms 795μs 137ns;             85ms 843μs 993ns
122781;13;0;94;41;6;19;20.000000;19.000000;95.000000;1723.000000;1723.000000;100.000000;0.000000;0.000000;-nan;         1s 504ms 294μs 651ns;            135ms 392μs 824ns
122790;21;0;117;52;7;19;21.000000;19.000000;90.476190;1726.000000;1726.000000;100.000000;0.000000;0.000000;-nan;         2s  30ms 855μs 361ns;            343ms 604μs 841ns
1227a6;19;0;119;52;7;19;21.000000;19.000000;90.476190;1727.000000;1727.000000;100.000000;0.000000;0.000000;-nan;         1s 983ms 781μs 136ns;            308ms 570μs 993ns
122742;35;0;149;62;8;20;23.000000;20.000000;86.956522;1725.000000;1725.000000;100.000000;0.000000;0.000000;-nan;         2s 361ms 501μs  87ns;            721ms 230μs 822ns
122760;15;0;98;35;6;19;20.000000;19.000000;95.000000;1729.000000;1729.000000;100.000000;0.000000;0.000000;-nan;         1s 632ms 374μs 679ns;            105ms 928μs 604ns
12276e;21;0;120;49;7;19;21.000000;19.000000;90.476190;1719.000000;1719.000000;100.000000;0.000000;0.000000;-nan;         1s 975ms 504μs 974ns;            316ms  37μs 993ns
122700;18;0;96;40;6;20;21.000000;20.000000;95.238095;1730.000000;1730.000000;100.581395;0.000000;0.000000;-nan;         1s 499ms 946μs 869ns;            257ms 266μs 384ns
122709;31;8;137;70;8;20;23.000000;20.000000;86.956522;1726.000000;1726.000000;100.290529;0.000000;0.000000;-nan;         2s 202ms 554μs 850ns;            770ms 529μs 384ns
122715;18;0;107;45;7;19;22.000000;19.000000;86.363636;1730.000000;1730.000000;100.000000;0.000000;0.000000;-nan;         1s 902ms  37μs 944ns;            213ms 209μs 228ns
12272c;12;8;92;36;6;19;20.000000;19.000000;95.000000;1724.000000;1724.000000;100.000000;0.000000;0.000000;-nan;            933ms 431μs 547ns;            122ms 809μs 126ns
61d02;25;0;102;45;7;17;19.000000;17.000000;89.473684;1484.000000;1484.000000;100.000000;0.000000;0.000000;-nan;         1s 752ms 917μs 648ns;            332ms 784μs 174ns
61d14;14;0;51;21;5;14;15.000000;14.000000;93.333333;1297.000000;1297.000000;100.077160;0.000000;0.000000;-nan;         1s 709ms 475μs 935ns;            129ms 269μs 834ns
61d23;26;0;132;44;8;16;19.000000;16.000000;84.210526;1488.000000;1488.000000;100.000000;0.000000;0.000000;-nan;         1s 934ms 548μs 144ns;            439ms 839μs 613ns
61d2c;13;0;53;20;5;14;15.000000;14.000000;93.333333;1297.000000;1297.000000;100.000000;0.000000;0.000000;-nan;         1s 695ms 132μs 751ns;            127ms 461μs  37ns
61ccb;19;0;89;26;6;17;18.000000;17.000000;94.444444;1533.000000;1533.000000;100.000000;0.000000;0.000000;-nan;         1s 298ms 546μs 638ns;             72ms 327μs 980ns
61cd5;20;0;89;31;6;18;19.000000;18.000000;94.736842;1485.000000;1485.000000;100.000000;0.000000;0.000000;-nan;         1s 515ms 193μs 802ns;            115ms 571μs 543ns
61ce3;20;0;73;33;6;16;17.000000;16.000000;94.117647;1487.000000;1487.000000;100.000000;0.000000;0.000000;-nan;         1s 482ms 350μs 736ns;            145ms 170μs 643ns
61cf2;19;0;75;32;6;16;17.000000;16.000000;94.117647;1484.000000;1484.000000;114.066103;0.000000;0.000000;-nan;         1s 710ms 265μs 941ns;            191ms 771μs  49ns
61cb9;15;0;82;29;6;16;17.000000;16.000000;94.117647;1486.000000;1486.000000;100.000000;0.000000;0.000000;-nan;         1s 316ms 544μs 440ns;            119ms 862μs 424ns
61cbe;16;0;93;25;6;17;18.000000;17.000000;94.444444;1602.000000;1602.000000;100.000000;0.000000;0.000000;-nan;         1s 320ms  14μs 323ns;             78ms 400μs 547ns
1e15c8;20;0;114;56;7;19;21.000000;19.000000;90.476190;1732.000000;1732.000000;100.000000;0.000000;0.000000;-nan;         1s 801ms  12μs  46ns;            326ms 239μs  37ns
1e1591;15;0;86;47;6;19;20.000000;19.000000;95.000000;1727.000000;1727.000000;100.000000;0.000000;0.000000;-nan;         1s 658ms 910μs 677ns;            140ms 421μs  27ns
1e159f;13;0;88;47;6;19;20.000000;19.000000;95.000000;1725.000000;1725.000000;100.000000;0.000000;0.000000;-nan;         1s 655ms 393μs 320ns;            133ms 275μs 328ns
1e15b6;16;0;101;37;6;20;21.000000;20.000000;95.238095;1730.000000;1730.000000;100.000000;0.000000;0.000000;-nan;         1s 820ms 697μs 944ns;            269ms 957μs 176ns
1e154d;17;0;88;49;6;20;21.000000;20.000000;95.238095;1726.000000;1726.000000;100.000000;0.000000;0.000000;-nan;         1s 489ms  12μs 477ns;            165ms 733μs 947ns
1e1559;16;0;93;45;6;20;21.000000;20.000000;95.238095;1733.000000;1733.000000;100.000000;0.000000;0.000000;-nan;         1s 489ms 972μs 614ns;            115ms 261μs 512ns
1e156b;16;0;100;38;6;20;21.000000;20.000000;95.238095;1729.000000;1729.000000;100.000000;0.000000;0.000000;-nan;         1s 543ms 229μs 707ns;            226ms 516μs 565ns
1e157d;18;0;87;49;6;20;21.000000;20.000000;95.238095;1731.000000;1731.000000;100.000000;0.000000;0.000000;-nan;         1s 544ms  41μs 366ns;            247ms 883μs 904ns
1e1534;29;0;145;72;8;20;23.000000;20.000000;86.956522;1728.000000;1728.000000;100.000000;0.000000;0.000000;-nan;         1s 841ms 272μs 647ns;            629ms 654μs 736ns
1e1538;16;0;86;46;6;19;20.000000;19.000000;95.000000;1724.000000;1724.000000;100.000000;0.000000;0.000000;-nan;         1s 357ms 578μs 158ns;            139ms 100μs 662ns
1203cb;19;0;97;38;6;20;21.000000;20.000000;95.238095;1727.000000;1727.000000;100.000000;0.000000;0.000000;-nan;         1s 704ms 224μs 541ns;            252ms 363μs  51ns
1203e2;15;0;89;30;6;20;22.000000;20.000000;90.909091;1724.000000;1724.000000;100.000000;0.000000;0.000000;-nan;         1s 605ms  18μs 497ns;             83ms 160μs 119ns
1203f7;15;0;88;31;6;20;22.000000;20.000000;90.909091;1719.000000;1719.000000;100.000000;0.000000;0.000000;-nan;         1s 886ms 569μs  62ns;             81ms 690μs 463ns
120387;20;0;96;38;6;20;21.000000;20.000000;95.238095;1725.000000;1725.000000;100.000000;0.000000;0.000000;-nan;         1s 528ms 520μs 249ns;            237ms  17μs 694ns
120396;17;3;95;39;6;20;21.000000;20.000000;95.238095;1730.000000;1730.000000;100.000000;0.000000;0.000000;-nan;         1s 245ms  41μs 555ns;            176ms 591μs 185ns
1203a4;15;0;96;37;6;19;20.000000;19.000000;95.000000;1729.000000;1729.000000;100.000000;0.000000;0.000000;-nan;         1s 287ms 283μs 305ns;            129ms 120μs 838ns
1203bf;17;0;95;42;6;20;21.000000;20.000000;95.238095;1726.000000;1726.000000;100.000000;0.000000;0.000000;-nan;         1s 846ms 448μs 146ns;            208ms 897μs 368ns
120363;18;0;108;44;7;19;22.000000;19.000000;86.363636;1723.000000;1723.000000;100.116212;0.000000;0.000000;-nan;         1s 901ms  58μs 593ns;            221ms 195μs 355ns
120368;21;0;87;26;6;20;22.000000;20.000000;90.909091;1722.000000;1722.000000;100.000000;0.000000;0.000000;-nan;         1s 764ms 836μs 603ns;            126ms 347μs 315ns
120377;20;0;121;49;7;19;21.000000;19.000000;90.476190;1723.000000;1723.000000;100.000000;0.000000;0.000000;-nan;         1s 876ms 505μs 685ns;            186ms 743μs 809ns
5f892;26;0;39;21;5;14;15.000000;14.000000;93.333333;1297.000000;1297.000000;100.000000;0.000000;0.000000;-nan;            828ms 831μs 780ns;            146ms 368μs 445ns
5f842;21;0;56;19;6;13;16.000000;13.000000;81.250000;1295.000000;1295.000000;100.232198;0.000000;0.000000;-nan;            834ms 702μs 584ns;            128ms 471μs  79ns
5f862;26;0;74;26;6;16;17.000000;16.000000;94.117647;1488.000000;1488.000000;100.000000;0.000000;0.000000;-nan;            898ms 164μs 106ns;            168ms 724μs 950ns
5f87f;13;0;61;22;5;17;17.000000;17.000000;100.000000;1485.000000;1485.000000;100.000000;0.000000;0.000000;-nan;            519ms 134μs 966ns;                          0ns
5f804;3;1;69;23;5;17;17.000000;17.000000;100.000000;1599.000000;1599.000000;100.000000;0.000000;0.000000;-nan;            103ms 981μs 356ns;                          0ns
5f813;1;8;67;20;5;17;17.000000;17.000000;100.000000;1605.000000;1605.000000;100.000000;0.000000;0.000000;-nan;             63ms 361μs 729ns;                          0ns
5f819;3;0;71;22;5;17;17.000000;17.000000;100.000000;1602.000000;1602.000000;100.000000;0.000000;0.000000;-nan;            171ms 492μs 458ns;                          0ns
5f820;12;0;60;24;5;17;17.000000;17.000000;100.000000;1296.000000;1296.000000;100.000000;0.000000;0.000000;-nan;            351ms  41μs 995ns;                          0ns
5f7f6;2;1;73;20;5;17;17.000000;17.000000;100.000000;1603.000000;1603.000000;100.000000;0.000000;0.000000;-nan;             93ms 776μs 672ns;                          0ns
5f7fa;1;0;73;22;5;17;17.000000;17.000000;100.000000;1604.000000;1604.000000;100.000000;0.000000;0.000000;-nan;             97ms 953μs  82ns;                          0ns
1df345;13;0;88;47;6;19;20.000000;19.000000;95.000000;1725.000000;1725.000000;100.000000;0.000000;0.000000;-nan;         1s 477ms  34μs 278ns;            126ms  49μs 749ns
1df34b;23;0;106;61;7;19;21.000000;19.000000;90.476190;1728.000000;1728.000000;100.000000;0.000000;0.000000;-nan;         1s 783ms 415μs 905ns;            338ms 142μs 328ns
1df363;21;0;108;61;7;19;21.000000;19.000000;90.476190;1727.000000;1727.000000;100.000000;0.000000;0.000000;-nan;         1s 819ms 701μs 997ns;            332ms 690μs 102ns
1df30f;10;0;74;28;5;20;20.000000;20.000000;100.000000;1726.000000;1726.000000;100.000000;0.000000;0.000000;-nan;            840ms 660μs 332ns;                          0ns
1df328;17;0;92;45;6;20;21.000000;20.000000;95.238095;1732.000000;1732.000000;100.000000;0.000000;0.000000;-nan;         1s 483ms 600μs  57ns;            127ms 752μs 247ns
1df336;17;0;88;49;6;20;21.000000;20.000000;95.238095;1733.000000;1733.000000;100.000000;0.000000;0.000000;-nan;         1s 505ms 782μs 533ns;            165ms 201μs 122ns
1df2df;23;0;106;61;7;19;21.000000;19.000000;90.476190;1727.000000;1727.000000;100.174014;0.000000;0.000000;-nan;         1s 708ms 411μs 400ns;            453ms 252μs 213ns
1df2e3;16;0;104;34;6;20;21.000000;20.000000;95.238095;1730.000000;1730.000000;100.000000;0.000000;0.000000;-nan;         1s 450ms 508μs  91ns;            204ms  61μs  34ns
1df2ef;21;0;108;41;7;19;22.000000;19.000000;86.363636;1729.000000;1729.000000;100.000000;0.000000;0.000000;-nan;         1s 719ms 995μs  68ns;            287ms 207μs 700ns
1df301;15;0;80;39;6;20;22.000000;20.000000;90.909091;1731.000000;1731.000000;100.000000;0.000000;0.000000;-nan;         1s 507ms 162μs 409ns;            203ms  91μs 342ns
11e003;14;0;95;38;6;19;20.000000;19.000000;95.000000;1729.000000;1729.000000;100.000000;0.000000;0.000000;-nan;         1s 539ms 697μs 114ns;            110ms 635μs 932ns
11e012;30;0;151;65;8;20;23.000000;20.000000;86.956522;1727.000000;1727.000000;100.000000;0.000000;0.000000;-nan;         2s  33ms 376μs 616ns;            818ms  46μs 450ns
11dfc8;16;0;97;35;6;19;20.000000;19.000000;95.000000;1719.000000;1719.000000;100.000000;0.000000;0.000000;-nan;         1s 477ms 649μs 925ns;            113ms 326μs 325ns
11dfd9;18;0;92;44;6;20;21.000000;20.000000;95.238095;1723.000000;1723.000000;100.000000;0.000000;0.000000;-nan;         1s 430ms 108μs 521ns;             79ms 614μs 845ns
11dfe6;16;0;97;35;6;19;20.000000;19.000000;95.000000;1725.000000;1725.000000;100.000000;0.000000;0.000000;-nan;         1s 608ms  92μs 976ns;             79ms 567μs 888ns
11dff4;15;0;96;37;6;19;20.000000;19.000000;95.000000;1724.000000;1724.000000;100.000000;0.000000;0.000000;-nan;         1s 723ms  18μs 383ns;            122ms 103μs 755ns
11df9e;21;0;83;30;6;20;22.000000;20.000000;90.909091;1721.000000;1721.000000;100.000000;0.000000;0.000000;-nan;         1s 757ms 882μs 361ns;             80ms 283μs 254ns
11dfa2;13;0;95;40;6;19;20.000000;19.000000;95.000000;1730.000000;1730.000000;100.000000;0.000000;0.000000;-nan;         1s 505ms 550μs  77ns;             83ms 472μs 536ns
11dfac;19;0;96;39;6;20;21.000000;20.000000;95.238095;1722.000000;1722.000000;100.000000;0.000000;0.000000;-nan;         1s 509ms 885μs 216ns;            255ms 346μs 884ns
11dfba;14;0;93;41;6;19;20.000000;19.000000;95.000000;1726.000000;1726.000000;100.000000;0.000000;0.000000;-nan;         1s 373ms 220μs 463ns;             81ms 157μs 452ns
1dd106;18;0;86;30;6;20;22.000000;20.000000;90.909091;1730.000000;1730.000000;100.000000;0.000000;0.000000;-nan;         1s 698ms 666μs 246ns;            125ms 308μs 866ns
1dd11b;14;0;87;47;6;19;20.000000;19.000000;95.000000;1728.000000;1728.000000;100.000000;0.000000;0.000000;-nan;         1s 500ms  25μs  95ns;             84ms 598μs 335ns
1dd0d5;26;0;103;61;7;19;21.000000;19.000000;90.476190;1732.000000;1732.000000;100.522345;0.000000;0.000000;-nan;         1s 755ms 748μs 255ns;            351ms 272μs 671ns
1dd0e8;12;0;96;46;6;20;21.000000;20.000000;95.238095;1731.000000;1731.000000;100.000000;0.000000;0.000000;-nan;         1s 106ms 447μs 810ns;            103ms 619μs 727ns
1dd085;13;0;88;47;6;19;20.000000;19.000000;95.000000;1725.000000;1725.000000;100.000000;0.000000;0.000000;-nan;            893ms 591μs 263ns;             95ms 552μs 446ns
1dd093;19;0;89;46;6;20;21.000000;20.000000;95.238095;1727.000000;1727.000000;100.000000;0.000000;0.000000;-nan;         1s 314ms 715μs  10ns;            191ms 970μs  88ns
1dd0aa;15;0;94;45;6;20;21.000000;20.000000;95.238095;1733.000000;1733.000000;100.000000;0.000000;0.000000;-nan;         1s 212ms 137μs 545ns;            126ms 238μs 603ns
1dd0b5;9;0;73;30;5;20;20.000000;20.000000;100.000000;1732.000000;1732.000000;100.000000;0.000000;0.000000;-nan;            880ms 302μs 398ns;                          0ns
1dd0c3;19;0;97;38;6;20;21.000000;20.000000;95.238095;1729.000000;1729.000000;100.000000;0.000000;0.000000;-nan;         1s 490ms 700μs  13ns;            194ms  63μs 457ns
1dd082;22;0;120;48;7;19;21.000000;19.000000;90.476190;1726.000000;1726.000000;100.000000;0.000000;0.000000;-nan;         1s 620ms 167μs 273ns;            325ms 800μs 207ns
5be4a;7;8;71;30;5;21;21.000000;21.000000;100.000000;1697.000000;1697.000000;100.000000;0.000000;0.000000;-nan;            395ms 875μs 745ns;                          0ns
5be05;3;0;84;19;5;19;19.000000;19.000000;100.000000;1605.000000;1605.000000;100.000000;0.000000;0.000000;-nan;            325ms 339μs 901ns;                          0ns
5be1d;4;0;76;26;5;19;19.000000;19.000000;100.000000;1604.000000;1604.000000;100.000000;0.000000;0.000000;-nan;            401ms 836μs 538ns;                          0ns
5be30;4;0;78;24;5;19;19.000000;19.000000;100.000000;1602.000000;1602.000000;100.000000;0.000000;0.000000;-nan;            430ms 515μs 340ns;                          0ns
5be39;4;0;79;23;5;19;19.000000;19.000000;100.000000;1603.000000;1603.000000;100.000000;0.000000;0.000000;-nan;            389ms 935μs 258ns;                          0ns
5bdc7;10;1;72;29;5;20;20.000000;20.000000;100.000000;1694.000000;1694.000000;100.000000;0.000000;0.000000;-nan;            356ms 538μs 957ns;                          0ns
5bdd7;9;0;83;30;5;22;22.000000;22.000000;100.000000;1709.000000;1709.000000;100.000000;0.000000;0.000000;-nan;            497ms 539μs 581ns;                          0ns
5bdf2;7;0;73;26;5;19;19.000000;19.000000;100.000000;1606.000000;1606.000000;100.000000;0.000000;0.000000;-nan;            379ms 855μs 182ns;                          0ns
5bdb5;5;0;80;31;5;21;21.000000;21.000000;100.000000;1725.000000;1725.000000;100.000000;0.000000;0.000000;-nan;            412ms 841μs 871ns;                          0ns
5bdba;8;0;81;27;5;21;21.000000;21.000000;100.000000;1729.000000;1729.000000;100.000000;0.000000;0.000000;-nan;            343ms 716μs 689ns;                          0ns
11bc09;22;0;113;55;7;19;21.000000;19.000000;90.476190;1723.000000;1723.000000;100.000000;0.000000;0.000000;-nan;         1s 810ms 160μs 518ns;            375ms 996μs 610ns
11bc19;22;0;117;51;7;19;21.000000;19.000000;90.476190;1729.000000;1729.000000;100.000000;0.000000;0.000000;-nan;         1s 678ms 140μs 174ns;            322ms  61μs 175ns
11bc2d;18;0;109;43;7;19;22.000000;19.000000;86.363636;1726.000000;1726.000000;100.000000;0.000000;0.000000;-nan;         1s 917ms 751μs 155ns;            474ms 397μs 193ns
11bc3b;14;0;97;37;6;19;20.000000;19.000000;95.000000;1727.000000;1727.000000;100.000000;0.000000;0.000000;-nan;         1s 585ms 223μs  17ns;            132ms 318μs   8ns
11bbc5;24;0;115;51;7;19;21.000000;19.000000;90.476190;1725.000000;1725.000000;100.174216;0.000000;0.000000;-nan;         1s 906ms 360μs 569ns;            653ms  75μs 837ns
11bbca;18;0;86;30;6;20;22.000000;20.000000;90.909091;1724.000000;1724.000000;100.290867;0.000000;0.000000;-nan;         1s 838ms  92μs 985ns;             98ms 532μs 873ns
11bbd6;15;0;98;41;6;20;21.000000;20.000000;95.238095;1721.000000;1721.000000;100.000000;0.000000;0.000000;-nan;         1s 250ms 674μs 392ns;            189ms  74μs 181ns
11bbe2;20;0;119;51;7;19;21.000000;19.000000;90.476190;1724.000000;1724.000000;100.000000;0.000000;0.000000;-nan;         1s 798ms 734μs 120ns;            286ms 834μs 757ns
11bbed;13;0;95;40;6;19;20.000000;19.000000;95.000000;1730.000000;1730.000000;100.000000;0.000000;0.000000;-nan;         1s 499ms   6μs 995ns;            108ms 447μs 749ns
11bbfc;17;4;97;36;6;20;21.000000;20.000000;95.238095;1725.000000;1725.000000;100.000000;0.000000;0.000000;-nan;         1s 160ms   5μs 243ns;            261ms 489μs 676ns
1daf91;14;0;98;36;6;19;20.000000;19.000000;95.000000;1730.000000;1730.000000;100.000000;0.000000;0.000000;-nan;         1s 462ms  70μs 669ns;            135ms  59μs 702ns
1daf4f;10;0;73;29;5;20;20.000000;20.000000;100.000000;1729.000000;1729.000000;100.000000;0.000000;0.000000;-nan;         1s 115ms 110μs 565ns;                          0ns
1daf65;15;0;83;36;6;20;22.000000;20.000000;90.909091;1731.000000;1731.000000;100.000000;0.000000;0.000000;-nan;         1s 549ms 490μs  60ns;            133ms  44μs 823ns
1daf7f;21;0;125;44;7;19;21.000000;19.000000;90.476190;1726.000000;1726.000000;100.000000;0.000000;0.000000;-nan;         1s 544ms 593μs 158ns;            323ms 726μs 267ns
1daf0c;15;8;89;42;6;20;21.000000;20.000000;95.238095;1727.000000;1727.000000;100.000000;0.000000;0.000000;-nan;         1s 116ms 574μs 522ns;            345ms 106μs 133ns
1daf1b;15;0;96;43;6;20;21.000000;20.000000;95.238095;1732.000000;1732.000000;100.000000;0.000000;0.000000;-nan;         1s 320ms 759μs 457ns;            200ms 879μs 956ns
1daf32;10;0;98;46;6;20;21.000000;20.000000;95.238095;1733.000000;1733.000000;100.000000;0.000000;0.000000;-nan;         1s   6ms 670μs  25ns;            170ms 879μs 939ns
1daecd;14;20;77;43;6;20;21.000000;20.000000;95.238095;1725.000000;1725.000000;100.000000;0.000000;0.000000;-nan;            445ms 772μs 897ns;            228ms 464μs 110ns
1daed2;18;0;90;46;6;20;21.000000;20.000000;95.238095;1724.000000;1724.000000;100.000000;0.000000;0.000000;-nan;         1s 445ms 414μs 364ns;            132ms 884μs 608ns
1daf01;13;0;90;45;6;19;20.000000;19.000000;95.000000;1728.000000;1728.000000;100.000000;0.000000;0.000000;-nan;         1s 278ms 580μs 355ns;            117ms 959μs  23ns
59a06;17;0;88;35;6;18;19.000000;18.000000;94.736842;1604.000000;1604.000000;100.000000;0.000000;0.000000;-nan;         1s 492ms 423μs 151ns;            187ms 848μs 833ns
59a21;23;0;82;35;6;18;19.000000;18.000000;94.736842;1601.000000;1601.000000;100.000000;0.000000;0.000000;-nan;         1s 720ms 757μs 584ns;            203ms 462μs  76ns
59a37;17;0;94;29;6;18;19.000000;18.000000;94.736842;1600.000000;1600.000000;100.000000;0.000000;0.000000;-nan;         1s 755ms 711μs 635ns;             77ms 530μs 734ns
599c8;24;0;82;42;6;19;20.000000;19.000000;95.000000;1606.000000;1606.000000;100.000000;0.000000;0.000000;-nan;         1s 871ms 524μs 732ns;            228ms  12μs 754ns
599d6;16;0;88;30;6;17;18.000000;17.000000;94.444444;1605.000000;1605.000000;100.000000;0.000000;0.000000;-nan;         1s 608ms 236μs 655ns;             82ms 365μs 853ns
599e8;40;0;120;54;8;17;20.000000;17.000000;85.000000;1602.000000;1602.000000;100.187617;0.000000;0.000000;-nan;         2s 438ms 156μs 201ns;            503ms 104μs 373ns
599f9;36;0;130;58;8;18;21.000000;18.000000;85.714286;1604.000000;1604.000000;100.124844;0.000000;0.000000;-nan;         2s 338ms 147μs 387ns;            712ms 855μs 563ns
599a6;3;0;80;23;5;19;19.000000;19.000000;100.000000;1710.000000;1710.000000;100.000000;0.000000;0.000000;-nan;            249ms 524μs 708ns;                          0ns
599ab;22;0;85;33;6;18;19.000000;18.000000;94.736842;1603.000000;1603.000000;100.000000;0.000000;0.000000;-nan;         1s 635ms 235μs 451ns;            201ms 245μs 449ns
599b9;28;0;96;36;7;18;21.000000;18.000000;85.714286;1604.000000;1604.000000;100.375469;0.000000;0.000000;-nan;         2s 116ms 363μs 405ns;            268ms 101μs 304ns
1198c2;24;0;115;51;7;19;21.000000;19.000000;90.476190;1725.000000;1725.000000;100.174216;0.000000;0.000000;-nan;         1s 843ms 341μs 872ns;            460ms  80μs 249ns
1198ce;27;0;126;47;7;20;22.000000;20.000000;90.909091;1725.000000;1725.000000;100.000000;0.000000;0.000000;-nan;         1s 973ms 585μs 642ns;            387ms 699μs 435ns
1198dc;17;0;86;31;6;20;22.000000;20.000000;90.909091;1727.000000;1727.000000;100.000000;0.000000;0.000000;-nan;         1s 857ms 140μs 491ns;            115ms 194μs 671ns
1198eb;21;0;88;39;6;19;20.000000;19.000000;95.000000;1729.000000;1729.000000;100.000000;0.000000;0.000000;-nan;         1s 648ms 862μs 443ns;            133ms 444μs 438ns
1198fe;18;0;93;43;6;20;21.000000;20.000000;95.238095;1723.000000;1723.000000;100.000000;0.000000;0.000000;-nan;         1s 589ms 682μs 324ns;            171ms 578μs 316ns
119883;21;0;88;39;6;19;20.000000;19.000000;95.000000;1724.000000;1724.000000;100.000000;0.000000;0.000000;-nan;         1s 420ms 357μs 802ns;             91ms 610μs 923ns
119892;15;0;92;41;6;19;20.000000;19.000000;95.000000;1730.000000;1730.000000;100.000000;0.000000;0.000000;-nan;         1s 341ms 784μs  95ns;            124ms  34μs 652ns
11989f;16;0;95;37;6;19;20.000000;19.000000;95.000000;1726.000000;1726.000000;100.000000;0.000000;0.000000;-nan;         1s 504ms 858μs 594ns;             85ms 289μs  69ns
1198af;20;0;89;45;6;20;21.000000;20.000000;95.238095;1721.000000;1721.000000;100.000000;0.000000;0.000000;-nan;         1s 389ms 467μs 365ns;            268ms 340μs 620ns
11987e;4;0;74;28;5;19;19.000000;19.000000;100.000000;1731.000000;1731.000000;100.000000;0.000000;0.000000;-nan;            258ms 330μs 396ns;                          0ns
1d8cdd;15;8;87;44;6;20;21.000000;20.000000;95.238095;1733.000000;1733.000000;100.000000;0.000000;0.000000;-nan;         1s 384ms 463μs 782ns;            274ms 846μs 703ns
1d8c89;16;0;94;44;6;20;21.000000;20.000000;95.238095;1733.000000;1733.000000;100.463768;0.000000;0.000000;-nan;         1s 634ms 952μs 640ns;            332ms 780μs 249ns
1d8c96;14;8;96;36;6;20;21.000000;20.000000;95.238095;1729.000000;1729.000000;100.000000;0.000000;0.000000;-nan;         1s 261ms 657μs  69ns;            186ms 239μs 770ns
1d8caf;18;0;90;46;6;20;21.000000;20.000000;95.238095;1728.000000;1728.000000;100.000000;0.000000;0.000000;-nan;         1s 620ms 684μs 458ns;            210ms 792μs 221ns
1d8cbc;15;0;99;40;6;20;21.000000;20.000000;95.238095;1732.000000;1732.000000;100.000000;0.000000;0.000000;-nan;         1s 703ms 403μs 235ns;             88ms  26μs 778ns
1d8c45;18;0;87;49;6;20;21.000000;20.000000;95.238095;1723.000000;1723.000000;100.000000;0.000000;0.000000;-nan;         1s 451ms 270μs  47ns;             83ms 786μs 257ns
1d8c51;12;3;88;45;6;19;20.000000;19.000000;95.000000;1731.000000;1731.000000;100.000000;0.000000;0.000000;-nan;         1s  24ms 897μs 583ns;            135ms 223μs 282ns
1d8c62;16;0;95;43;6;20;21.000000;20.000000;95.238095;1727.000000;1727.000000;100.000000;0.000000;0.000000;-nan;         1s 536ms 346μs 708ns;            176ms 101μs 761ns
1d8c7d;22;0;123;45;7;19;21.000000;19.000000;90.476190;1730.000000;1730.000000;100.000000;0.000000;0.000000;-nan;         1s 676ms 876μs 102ns;            288ms 661μs 611ns
1d8c40;14;0;101;33;6;19;20.000000;19.000000;95.000000;1726.000000;1726.000000;100.000000;0.000000;0.000000;-nan;         1s 368ms 759μs  50ns;             82ms 350μs 496ns
117181;6;0;74;36;5;21;21.000000;21.000000;100.000000;1729.000000;1729.000000;100.000000;0.000000;0.000000;-nan;            468ms 401μs 201ns;                          0ns
117189;5;37;58;22;5;22;22.000000;22.000000;100.000000;1724.000000;1724.000000;100.000000;0.000000;0.000000;-nan;            624ms  41μs 109ns;                          0ns
117194;5;0;79;32;5;21;21.000000;21.000000;100.000000;1731.000000;1731.000000;100.000000;0.000000;0.000000;-nan;            426ms 993μs 981ns;                          0ns
11719c;21;0;116;53;7;19;21.000000;19.000000;90.476190;1723.000000;1723.000000;100.116212;0.000000;0.000000;-nan;         1s  11ms 860μs 377ns;            268ms  12μs 407ns
1171a3;24;0;106;40;7;19;22.000000;19.000000;86.363636;1725.000000;1725.000000;100.000000;0.000000;0.000000;-nan;         1s  82ms 915μs 679ns;            193ms 240μs 549ns
1171b3;7;0;80;35;5;22;22.000000;22.000000;100.000000;1727.000000;1727.000000;100.000000;0.000000;0.000000;-nan;            681ms 461μs  42ns;                          0ns
1171bd;18;3;94;39;6;20;21.000000;20.000000;95.238095;1723.000000;1723.000000;100.000000;0.000000;0.000000;-nan;            835ms 281μs 690ns;            128ms  16μs 141ns
117168;8;0;78;36;5;22;22.000000;22.000000;100.000000;1720.000000;1720.000000;100.000000;0.000000;0.000000;-nan;            724ms 881μs 694ns;                          0ns
11716e;5;0;84;37;5;23;23.000000;23.000000;100.000000;1726.000000;1726.000000;100.000000;0.000000;0.000000;-nan;            620ms 120μs 981ns;                          0ns
117177;8;0;73;35;5;21;21.000000;21.000000;100.000000;1722.000000;1722.000000;100.000000;0.000000;0.000000;-nan;            660ms 684μs 106ns;                          0ns
1d694b;38;0;150;58;8;20;23.000000;20.000000;86.956522;1730.000000;1730.000000;100.000000;0.000000;0.000000;-nan;         2s 489ms 766μs 848ns;            543ms 527μs 932ns
1d696f;14;0;97;37;6;19;20.000000;19.000000;95.000000;1726.000000;1726.000000;100.000000;0.000000;0.000000;-nan;         1s 874ms 211μs 885ns;            131ms 934μs 232ns
1d6906;22;0;107;41;7;19;22.000000;19.000000;86.363636;1729.000000;1729.000000;100.000000;0.000000;0.000000;-nan;         2s  87ms 384μs 749ns;            168ms 369μs 337ns
1d6914;16;0;99;39;6;20;21.000000;20.000000;95.238095;1732.000000;1732.000000;100.000000;0.000000;0.000000;-nan;         1s 658ms 476μs 926ns;            300ms 400μs 391ns
1d6929;16;1;92;45;6;20;21.000000;20.000000;95.238095;1733.000000;1733.000000;100.000000;0.000000;0.000000;-nan;         1s 469ms 457μs 546ns;            214ms 676μs 551ns
1d6939;15;0;94;45;6;20;21.000000;20.000000;95.238095;1728.000000;1728.000000;100.000000;0.000000;0.000000;-nan;         1s 901ms 127μs 210ns;            138ms 237μs 852ns
1d68c9;30;0;132;64;7;24;26.000000;24.000000;92.307692;1954.000000;1954.000000;100.000000;0.000000;0.000000;-nan;         2s 187ms 722μs 629ns;            425ms 720μs 444ns
1d68cd;19;2;86;47;6;20;21.000000;20.000000;95.238095;1727.000000;1727.000000;100.000000;0.000000;0.000000;-nan;         1s 229ms 108μs 239ns;            200ms  31μs 355ns
1d68dc;31;0;137;78;8;20;23.000000;20.000000;86.956522;1731.000000;1731.000000;100.000000;0.000000;0.000000;-nan;         2s 249ms 466μs 177ns;            577ms 532μs 571ns
1d68f6;12;0;93;43;6;19;20.000000;19.000000;95.000000;1725.000000;1725.000000;100.000000;0.000000;0.000000;-nan;         1s 531ms 969μs 239ns;             85ms 267μs 826ns
1150cd;18;0;95;41;6;20;21.000000;20.000000;95.238095;1723.000000;1723.000000;100.878220;0.000000;0.000000;-nan;         1s 585ms 238μs 340ns;            184ms 211μs 854ns
1150d6;20;0;83;45;6;19;20.000000;19.000000;95.000000;1711.000000;1711.000000;100.000000;0.000000;0.000000;-nan;         2s  35ms 157μs 557ns;             79ms  10μs 371ns
1150e8;16;3;88;41;6;19;20.000000;19.000000;95.000000;1714.000000;1714.000000;100.000000;0.000000;0.000000;-nan;         1s 359ms 198μs 763ns;            130ms 741μs 760ns
115085;18;0;98;38;6;20;21.000000;20.000000;95.238095;1723.000000;1723.000000;100.996483;0.000000;0.000000;-nan;         1s 383ms 253μs 562ns;            166ms 874μs 358ns
115091;23;0;116;51;7;19;21.000000;19.000000;90.476190;1707.000000;1707.000000;100.000000;0.000000;0.000000;-nan;         1s 957ms 451μs 820ns;            313ms  90μs 502ns
1150a3;25;0;88;41;6;20;21.000000;20.000000;95.238095;1725.000000;1725.000000;100.000000;0.000000;0.000000;-nan;         1s 908ms 399μs 594ns;            167ms 703μs  88ns
1150b1;21;0;116;53;7;19;21.000000;19.000000;90.476190;1727.000000;1727.000000;100.000000;0.000000;0.000000;-nan;         2s 101ms 913μs 571ns;            300ms 204μs 782ns
1150bf;15;0;92;41;6;19;20.000000;19.000000;95.000000;1723.000000;1723.000000;100.000000;0.000000;0.000000;-nan;         1s 514ms 590μs 673ns;            126ms  19μs 446ns
115077;28;0;107;55;7;19;21.000000;19.000000;90.476190;1731.000000;1731.000000;100.289687;0.000000;0.000000;-nan;         2s 272ms  89μs 596ns;            401ms 954μs 660ns
11507c;30;0;134;72;8;19;22.000000;19.000000;86.363636;1723.000000;1723.000000;100.291036;0.000000;0.000000;-nan;         2s 156ms 692μs 762ns;            523ms 448μs  52ns
54f82;8;0;85;29;5;22;22.000000;22.000000;100.000000;1703.000000;1703.000000;100.000000;0.000000;0.000000;-nan;            503ms 551μs 423ns;                          0ns
54f8a;6;0;80;30;5;21;21.000000;21.000000;100.000000;1723.000000;1723.000000;100.000000;0.000000;0.000000;-nan;            488ms 306μs 837ns;                          0ns
54f93;8;0;74;30;5;20;20.000000;20.000000;100.000000;1729.000000;1729.000000;100.000000;0.000000;0.000000;-nan;            402ms  68μs 369ns;                          0ns
54f9b;9;0;76;27;5;20;20.000000;20.000000;100.000000;1730.000000;1730.000000;100.000000;0.000000;0.000000;-nan;            461ms 525μs 190ns;                          0ns
54fa6;5;1;85;25;5;21;21.000000;21.000000;100.000000;1710.000000;1710.000000;100.000000;0.000000;0.000000;-nan;            233ms 144μs 146ns;                          0ns
54f54;6;0;84;26;5;21;21.000000;21.000000;100.000000;1698.000000;1698.000000;100.000000;0.000000;0.000000;-nan;            265ms 517μs 130ns;                          0ns
54f6f;6;0;79;31;5;21;21.000000;21.000000;100.000000;1701.000000;1701.000000;100.000000;0.000000;0.000000;-nan;            489ms  65μs 706ns;                          0ns
54f2b;9;0;76;31;5;21;21.000000;21.000000;100.000000;1714.000000;1714.000000;100.000000;0.000000;0.000000;-nan;            433ms 501μs 117ns;                          0ns
54f33;7;0;79;26;5;20;20.000000;20.000000;100.000000;1702.000000;1702.000000;100.000000;0.000000;0.000000;-nan;            212ms 714μs 218ns;                          0ns
54f3a;9;0;84;31;5;24;24.000000;24.000000;100.000000;1704.000000;1704.000000;100.000000;0.000000;0.000000;-nan;            524ms 910μs 119ns;                          0ns
1d4718;16;0;81;37;6;20;22.000000;20.000000;90.909091;1725.000000;1725.000000;100.000000;0.000000;0.000000;-nan;         1s 820ms 720μs 780ns;            125ms 459μs  22ns
1d472f;17;0;88;49;6;20;21.000000;20.000000;95.238095;1733.000000;1733.000000;100.000000;0.000000;0.000000;-nan;         1s 774ms 919μs 120ns;            184ms 208μs 559ns
1d4744;16;0;97;35;6;19;20.000000;19.000000;95.000000;1730.000000;1730.000000;100.000000;0.000000;0.000000;-nan;         1s 656ms 510μs 459ns;            124ms 183μs 866ns
1d46ca;22;0;122;46;7;19;21.000000;19.000000;90.476190;1726.000000;1726.000000;100.000000;0.000000;0.000000;-nan;         1s 826ms 620μs 531ns;            315ms 243μs 725ns
1d46eb;19;0;89;46;6;20;21.000000;20.000000;95.238095;1727.000000;1727.000000;100.000000;0.000000;0.000000;-nan;         1s 618ms  46μs 686ns;            235ms 258μs 563ns
1d46f9;23;0;106;41;7;19;22.000000;19.000000;86.363636;1729.000000;1729.000000;100.000000;0.000000;0.000000;-nan;         1s 827ms 115μs 572ns;            217ms 991μs 105ns
1d46a2;21;0;88;39;6;19;20.000000;19.000000;95.000000;1721.000000;1721.000000;100.000000;0.000000;0.000000;-nan;         1s 371ms 715μs 450ns;             81ms 333μs 608ns
1d46af;18;0;87;49;6;20;21.000000;20.000000;95.238095;1728.000000;1728.000000;100.000000;0.000000;0.000000;-nan;         1s 577ms 473μs 497ns;             84ms 660μs 329ns
1d4670;19;20;76;39;6;20;21.000000;20.000000;95.238095;1731.000000;1731.000000;100.000000;0.000000;0.000000;-nan;            517ms 581μs 430ns;            256ms 873μs 941ns
1d4675;9;8;88;43;6;19;20.000000;19.000000;95.000000;1732.000000;1732.000000;100.000000;0.000000;0.000000;-nan;            858ms 672μs 449ns;             80ms 716μs 121ns
52f02;34;0;110;46;7;19;21.000000;19.000000;90.476190;1605.000000;1605.000000;100.000000;0.000000;0.000000;-nan;         2s 352ms 647μs 626ns;            539ms 398μs 517ns
52f11;35;0;114;41;7;19;21.000000;19.000000;90.476190;1710.000000;1710.000000;100.234467;0.000000;0.000000;-nan;         2s 374ms 356μs 463ns;            542ms 675μs 147ns
52f1f;25;0;81;34;6;18;19.000000;18.000000;94.736842;1600.000000;1600.000000;100.000000;0.000000;0.000000;-nan;         1s 896ms 961μs 193ns;            209ms 442μs 194ns
52f28;31;0;100;51;7;18;20.000000;18.000000;90.000000;1602.000000;1602.000000;100.000000;0.000000;0.000000;-nan;         2s 362ms 721μs 238ns;            425ms 663μs 886ns
52f36;31;0;109;42;7;18;20.000000;18.000000;90.000000;1601.000000;1601.000000;100.000000;0.000000;0.000000;-nan;         2s 471ms 514μs  98ns;            534ms 868μs 606ns
52ec0;17;0;86;31;6;17;18.000000;17.000000;94.444444;1604.000000;1604.000000;100.000000;0.000000;0.000000;-nan;         1s 915ms 933μs 657ns;            115ms 217μs 826ns
52ecf;27;0;100;45;7;17;19.000000;17.000000;89.473684;1599.000000;1599.000000;100.000000;0.000000;0.000000;-nan;         2s 107ms 131μs 310ns;            307ms 962μs  55ns
52edf;18;0;89;27;6;17;18.000000;17.000000;94.444444;1603.000000;1603.000000;100.000000;0.000000;0.000000;-nan;         1s 580ms 320μs 518ns;             74ms 485μs  40ns
52ef2;23;0;80;37;6;18;19.000000;18.000000;94.736842;1603.000000;1603.000000;100.564617;0.000000;0.000000;-nan;         1s 854ms  89μs 222ns;            273ms 621μs 976ns
52ebc;17;0;81;36;6;17;18.000000;17.000000;94.444444;1562.000000;1562.000000;100.000000;0.000000;0.000000;-nan;         1s 443ms 466μs 549ns;             74ms 281μs 281ns
112c0a;14;0;85;35;6;17;18.000000;17.000000;94.444444;1605.000000;1605.000000;100.000000;0.000000;0.000000;-nan;         1s 808ms 234μs 402ns;            116ms 588μs 667ns
112c1b;18;0;110;44;7;17;19.000000;17.000000;89.473684;1603.000000;1603.000000;100.000000;0.000000;0.000000;-nan;         2s  47ms 465μs 732ns;            316ms 523μs 821ns
112c2b;14;0;82;26;6;18;20.000000;18.000000;90.000000;1596.000000;1596.000000;99.812383;0.000000;0.000000;-nan;         1s 852ms  30μs 290ns;            130ms 344μs 916ns
112bc4;28;0;102;40;7;19;22.000000;19.000000;86.363636;1723.000000;1723.000000;101.174398;0.000000;0.000000;-nan;         2s  80ms 286μs 504ns;            182ms  72μs  34ns
112bcb;24;0;75;35;6;20;22.000000;20.000000;90.909091;1714.000000;1714.000000;100.000000;0.000000;0.000000;-nan;         2s  55ms 840μs 129ns;            133ms 817μs 272ns
112bd4;29;8;71;40;6;19;20.000000;19.000000;95.000000;1711.000000;1711.000000;100.000000;0.000000;0.000000;-nan;         1s 428ms 681μs 182ns;             77ms 351μs 617ns
112bdc;18;0;88;34;6;18;19.000000;18.000000;94.736842;1600.000000;1600.000000;100.000000;0.000000;0.000000;-nan;         1s 650ms 830μs 646ns;            125ms 245μs 219ns
112be4;20;0;85;35;6;18;19.000000;18.000000;94.736842;1602.000000;1602.000000;100.000000;0.000000;0.000000;-nan;         1s 594ms 606μs 776ns;            153ms  38μs 359ns
112bf0;18;0;87;35;6;18;19.000000;18.000000;94.736842;1601.000000;1601.000000;100.000000;0.000000;0.000000;-nan;         1s 534ms 920μs 143ns;            201ms 903μs 594ns
112bff;30;0;94;48;7;17;19.000000;17.000000;89.473684;1604.000000;1604.000000;100.000000;0.000000;0.000000;-nan;         2s 138ms  80μs  94ns;            291ms 406μs 836ns
1d2413;15;0;93;46;6;20;21.000000;20.000000;95.238095;1733.000000;1733.000000;100.000000;0.000000;0.000000;-nan;         1s 730ms 352μs 259ns;            216ms 101μs 569ns
1d241d;18;1;95;34;6;19;20.000000;19.000000;95.000000;1730.000000;1730.000000;100.000000;0.000000;0.000000;-nan;         1s 330ms 810μs 537ns;            134ms 678μs 499ns
1d23d2;23;0;120;47;7;19;21.000000;19.000000;90.476190;1729.000000;1729.000000;100.000000;0.000000;0.000000;-nan;         1s 876ms 982μs 382ns;            452ms 957μs 908ns
1d23e0;26;0;104;60;7;19;21.000000;19.000000;90.476190;1727.000000;1727.000000;100.000000;0.000000;0.000000;-nan;         1s 899ms 339μs 596ns;            365ms 916μs   1ns
1d23f3;15;0;88;45;6;19;20.000000;19.000000;95.000000;1728.000000;1728.000000;100.000000;0.000000;0.000000;-nan;         1s 588ms 506μs 854ns;             99ms 617μs 555ns
1d2401;15;8;86;45;6;20;21.000000;20.000000;95.238095;1731.000000;1731.000000;100.000000;0.000000;0.000000;-nan;         1s 379ms 408μs 461ns;            200ms 151μs  78ns
1d23a1;32;0;119;59;7;22;24.000000;22.000000;91.666667;1735.000000;1735.000000;100.000000;0.000000;0.000000;-nan;         2s  67ms  45μs 221ns;            302ms 498μs 301ns
1d23a6;14;0;87;47;6;19;20.000000;19.000000;95.000000;1725.000000;1725.000000;100.000000;0.000000;0.000000;-nan;         1s 481ms 837μs 596ns;            132ms 481μs  66ns
1d23b3;22;0;126;42;7;19;21.000000;19.000000;90.476190;1726.000000;1726.000000;100.000000;0.000000;0.000000;-nan;         1s 771ms 728μs 276ns;            340ms 562μs 880ns
1d23c3;8;0;71;33;5;20;20.000000;20.000000;100.000000;1732.000000;1732.000000;100.000000;0.000000;0.000000;-nan;            722ms 230μs 998ns;                          0ns
50fc3;31;8;90;35;7;16;18.000000;16.000000;88.888889;1488.000000;1488.000000;100.067249;0.000000;0.000000;-nan;         1s  71ms 496μs  92ns;            356ms 739μs 672ns
50fcc;6;0;48;20;4;15;15.000000;15.000000;100.000000;1295.000000;1295.000000;100.000000;0.000000;0.000000;-nan;            370ms 127μs 692ns;                          0ns
50f86;25;0;85;34;7;16;19.000000;16.000000;84.210526;1486.000000;1486.000000;100.000000;0.000000;0.000000;-nan;         1s 194ms 731μs 992ns;            144ms 375μs 882ns
50f8d;7;0;50;17;4;15;15.000000;15.000000;100.000000;1291.000000;1291.000000;100.000000;0.000000;0.000000;-nan;            344ms 954μs  54ns;                          0ns
50f9f;7;2;75;18;5;18;18.000000;18.000000;100.000000;1264.000000;1264.000000;100.000000;0.000000;0.000000;-nan;            642ms 948μs   1ns;                          0ns
50fae;9;0;69;24;5;18;18.000000;18.000000;100.000000;1485.000000;1485.000000;100.000000;0.000000;0.000000;-nan;            688ms  29μs 269ns;                          0ns
50fb8;6;0;51;17;4;15;15.000000;15.000000;100.000000;1296.000000;1296.000000;100.000000;0.000000;0.000000;-nan;            363ms 248μs 725ns;                          0ns
50f6d;25;0;43;18;5;14;15.000000;14.000000;93.333333;1290.000000;1290.000000;100.000000;0.000000;0.000000;-nan;         1s 132ms 138μs 792ns;             82ms 955μs 692ns
50f72;23;0;43;20;5;14;15.000000;14.000000;93.333333;1265.000000;1265.000000;100.000000;0.000000;0.000000;-nan;         1s  16ms 588μs 220ns;            257ms 784μs 654ns
50f7d;6;0;48;20;4;15;15.000000;15.000000;100.000000;1292.000000;1292.000000;100.000000;0.000000;0.000000;-nan;            323ms 708μs 279ns;                          0ns
110386;22;0;94;38;7;17;20.000000;17.000000;85.000000;1564.000000;1564.000000;100.000000;0.000000;0.000000;-nan;         2s  16ms   9μs 986ns;            193ms 963μs 127ns
11039b;18;0;87;35;6;18;19.000000;18.000000;94.736842;1598.000000;1598.000000;100.000000;0.000000;0.000000;-nan;         1s 748ms 125μs 267ns;            171ms 831μs 417ns
1103ae;16;0;89;35;6;18;19.000000;18.000000;94.736842;1605.000000;1605.000000;100.000000;0.000000;0.000000;-nan;         1s 435ms 193μs 696ns;             78ms 765μs 237ns
110342;15;0;82;37;6;17;18.000000;17.000000;94.444444;1596.000000;1596.000000;100.000000;0.000000;0.000000;-nan;         1s 384ms 479μs 827ns;             77ms  93μs 590ns
11035a;19;0;69;34;6;18;20.000000;18.000000;90.000000;1602.000000;1602.000000;100.062461;0.000000;0.000000;-nan;         1s 851ms 260μs 439ns;             76ms 697μs  58ns
110369;20;0;70;32;6;18;20.000000;18.000000;90.000000;1600.000000;1600.000000;100.000000;0.000000;0.000000;-nan;         1s 972ms 724μs 467ns;            128ms 856μs 498ns
11037c;27;0;108;47;7;18;20.000000;18.000000;90.000000;1603.000000;1603.000000;100.000000;0.000000;0.000000;-nan;         2s 174ms 404μs 990ns;            405ms 841μs 984ns
110325;15;0;87;32;6;17;18.000000;17.000000;94.444444;1563.000000;1563.000000;100.000000;0.000000;0.000000;-nan;         1s 308ms 797μs 970ns;             75ms 356μs 576ns
11032a;26;0;87;41;7;17;20.000000;17.000000;85.000000;1603.000000;1603.000000;100.250156;0.000000;0.000000;-nan;         2s  88ms 934μs 109ns;            274ms 940μs 659ns
110334;22;8;79;31;6;18;19.000000;18.000000;94.736842;1602.000000;1602.000000;100.000000;0.000000;0.000000;-nan;         1s 290ms 290μs 504ns;            150ms 466μs 212ns
1d0188;20;3;100;31;6;20;21.000000;20.000000;95.238095;1730.000000;1730.000000;100.057837;0.000000;0.000000;-nan;         1s 523ms 995μs 118ns;            303ms 951μs 193ns
1d01a1;18;0;126;46;7;19;21.000000;19.000000;90.476190;1726.000000;1726.000000;100.000000;0.000000;0.000000;-nan;         1s 920ms 409μs 737ns;            363ms 800μs 298ns
1d01b8;24;0;124;52;7;20;22.000000;20.000000;90.909091;1732.000000;1732.000000;100.000000;0.000000;0.000000;-nan;         2s  97ms 497μs 282ns;            265ms 897μs 496ns
1d0147;21;0;110;59;7;19;21.000000;19.000000;90.476190;1728.000000;1728.000000;100.000000;0.000000;0.000000;-nan;         1s 924ms 443μs 384ns;            327ms 147μs 611ns
1d015f;13;0;95;40;6;19;20.000000;19.000000;95.000000;1723.000000;1723.000000;100.000000;0.000000;0.000000;-nan;         1s 631ms 114μs 370ns;            119ms 399μs 433ns
1d0174;19;0;94;41;6;20;21.000000;20.000000;95.238095;1730.000000;1730.000000;100.000000;0.000000;0.000000;-nan;         1s 807ms 462μs 800ns;             83ms 606μs 788ns
1d0110;19;0;86;49;6;20;21.000000;20.000000;95.238095;1731.000000;1731.000000;100.000000;0.000000;0.000000;-nan;         1s 564ms 723μs 634ns;            259ms 150μs 350ns
1d0115;22;0;90;42;6;20;21.000000;20.000000;95.238095;1725.000000;1725.000000;100.000000;0.000000;0.000000;-nan;         1s 837ms 676μs 645ns;            119ms 614μs 174ns
1d0126;15;0;91;42;6;19;20.000000;19.000000;95.000000;1727.000000;1727.000000;100.000000;0.000000;0.000000;-nan;         1s 594ms 640μs  26ns;             82ms 491μs 522ns
1d0135;14;4;89;47;6;20;21.000000;20.000000;95.238095;1733.000000;1733.000000;100.000000;0.000000;0.000000;-nan;         1s 177ms  37μs 404ns;            218ms 287μs 128ns
4e880;25;0;39;22;5;14;15.000000;14.000000;93.333333;1188.000000;1188.000000;100.000000;0.000000;0.000000;-nan;         1s 680ms 878μs  43ns;            222ms 321μs 269ns
4e88d;12;0;43;19;4;15;15.000000;15.000000;100.000000;1251.000000;1251.000000;100.000000;0.000000;0.000000;-nan;            820ms 744μs 367ns;                          0ns
4e847;9;0;40;19;4;14;14.000000;14.000000;100.000000;1201.000000;1201.000000;100.000000;0.000000;0.000000;-nan;            623ms 126μs 859ns;                          0ns
4e85a;28;0;39;19;5;14;15.000000;14.000000;93.333333;1261.000000;1261.000000;104.560531;0.000000;0.000000;-nan;         1s 496ms 569μs 383ns;            192ms  91μs  16ns
4e865;15;0;58;23;5;17;17.000000;17.000000;100.000000;1260.000000;1260.000000;100.000000;0.000000;0.000000;-nan;            879ms 257μs 250ns;                          0ns
4e871;28;0;39;19;5;14;15.000000;14.000000;93.333333;1258.000000;1258.000000;99.762094;0.000000;0.000000;-nan;         1s 649ms 393μs 512ns;             84ms 557μs 952ns
4e818;29;0;39;22;5;15;16.000000;15.000000;93.750000;1193.000000;1193.000000;100.167926;0.000000;0.000000;-nan;         1s 370ms 966μs  49ns;            362ms  67μs 983ns
4e81d;25;0;42;19;5;14;15.000000;14.000000;93.333333;1262.000000;1262.000000;100.000000;0.000000;0.000000;-nan;         1s 538ms 697μs 250ns;            218ms 411μs 617ns
4e827;29;0;66;23;6;14;16.000000;14.000000;87.500000;1296.000000;1296.000000;100.077220;0.000000;0.000000;-nan;         1s 769ms 891μs 805ns;            321ms 374μs 527ns
4e836;19;0;38;13;5;14;16.000000;14.000000;87.500000;1258.000000;1258.000000;106.519898;0.000000;0.000000;-nan;         1s 422ms 724μs  11ns;             57ms 703μs 430ns
1cde4f;12;0;97;45;6;20;21.000000;20.000000;95.238095;1733.000000;1733.000000;100.000000;0.000000;0.000000;-nan;         2s   9ms 102μs 582ns;            247ms 224μs 842ns
1cde6c;23;0;108;59;7;19;21.000000;19.000000;90.476190;1727.000000;1727.000000;100.000000;0.000000;0.000000;-nan;         2s  80ms 661μs 642ns;            373ms 996μs 349ns
1cde0c;19;0;92;37;6;19;20.000000;19.000000;95.000000;1726.000000;1726.000000;100.000000;0.000000;0.000000;-nan;         1s 710ms 516μs 179ns;             89ms 448μs 942ns
1cde1e;12;0;93;43;6;19;20.000000;19.000000;95.000000;1732.000000;1732.000000;100.000000;0.000000;0.000000;-nan;         1s 724ms  12μs 511ns;             86ms 179μs 852ns
1cde2d;19;0;92;43;6;20;21.000000;20.000000;95.238095;1730.000000;1730.000000;100.000000;0.000000;0.000000;-nan;         1s 851ms 420μs 172ns;            237ms   2μs  77ns
1cde42;20;3;91;40;6;20;21.000000;20.000000;95.238095;1725.000000;1725.000000;100.000000;0.000000;0.000000;-nan;         1s 345ms  91μs 284ns;            206ms 372μs 620ns
1cddd5;41;0;156;85;9;19;23.000000;19.000000;82.608696;1729.000000;1729.000000;100.290023;0.000000;0.000000;-nan;         2s 294ms 635μs 727ns;            773ms 879μs 382ns
1cddd9;16;0;93;39;6;19;20.000000;19.000000;95.000000;1729.000000;1729.000000;100.000000;0.000000;0.000000;-nan;         1s 589ms 185μs 516ns;            125ms 827μs 853ns
1cdde8;20;0;104;46;7;19;22.000000;19.000000;86.363636;1731.000000;1731.000000;100.000000;0.000000;0.000000;-nan;         2s  72ms 470μs 316ns;            206ms 750μs 726ns
1cddf9;25;0;108;57;7;19;21.000000;19.000000;90.476190;1728.000000;1728.000000;100.000000;0.000000;0.000000;-nan;         1s 992ms 515μs 821ns;            313ms 901μs 405ns
10dac3;27;0;82;39;6;19;20.000000;19.000000;95.000000;1601.000000;1601.000000;107.956844;0.000000;0.000000;-nan;         1s 989ms 814μs  12ns;            433ms 875μs 954ns
10dacf;15;0;78;33;6;16;17.000000;16.000000;94.117647;1486.000000;1486.000000;100.000000;0.000000;0.000000;-nan;         1s 824ms 394μs 356ns;            181ms 327μs 591ns
10dade;27;0;108;47;7;18;20.000000;18.000000;90.000000;1603.000000;1603.000000;100.000000;0.000000;0.000000;-nan;         2s 359ms 177μs 648ns;            523ms 322μs 699ns
10daf4;17;0;74;35;6;16;17.000000;16.000000;94.117647;1488.000000;1488.000000;100.000000;0.000000;0.000000;-nan;         1s 651ms 264μs 904ns;            183ms 715μs 701ns
10da80;22;0;93;33;6;19;20.000000;19.000000;95.000000;1732.000000;1732.000000;100.000000;0.000000;0.000000;-nan;         1s 799ms  44μs 803ns;            100ms  91μs 949ns
10da8a;14;0;73;23;6;16;18.000000;16.000000;88.888889;1487.000000;1487.000000;100.000000;0.000000;0.000000;-nan;         1s 791ms  26μs 633ns;             74ms 599μs 496ns
10da98;31;0;98;43;7;17;19.000000;17.000000;89.473684;1605.000000;1605.000000;100.438048;0.000000;0.000000;-nan;         2s 318ms 270μs 177ns;            337ms 495μs 529ns
10daa1;30;0;78;54;6;21;22.000000;21.000000;95.454545;1721.000000;1721.000000;100.584454;0.000000;0.000000;-nan;         2s 256ms 448μs 780ns;            289ms 146μs 608ns
10dab0;20;0;88;36;7;16;19.000000;16.000000;84.210526;1488.000000;1488.000000;100.202020;0.000000;0.000000;-nan;         2s  16ms 817μs 898ns;            231ms 198μs 147ns
10da7c;29;0;58;35;6;18;20.000000;18.000000;90.000000;1603.000000;1603.000000;104.908377;0.000000;0.000000;-nan;         2s 106ms 965μs 547ns;             75ms 408μs 452ns
4bec2;8;0;39;17;4;13;13.000000;13.000000;100.000000;1173.000000;1173.000000;100.000000;0.000000;0.000000;-nan;            442ms 929μs 957ns;                          0ns
4be86;7;0;44;13;4;13;13.000000;13.000000;100.000000;955.000000;955.000000;100.000000;0.000000;0.000000;-nan;            335ms  80μs 390ns;                          0ns
4be8d;7;0;40;13;4;12;12.000000;12.000000;100.000000;952.000000;952.000000;100.000000;0.000000;0.000000;-nan;            321ms 773μs  57ns;                          0ns
4be9d;7;0;36;17;4;12;12.000000;12.000000;100.000000;954.000000;954.000000;100.000000;0.000000;0.000000;-nan;            377ms 911μs 832ns;                          0ns
4beaa;8;0;39;17;4;13;13.000000;13.000000;100.000000;932.000000;932.000000;100.000000;0.000000;0.000000;-nan;            389ms 452μs 700ns;                          0ns
4be4d;3;0;79;20;5;18;18.000000;18.000000;100.000000;1485.000000;1485.000000;100.000000;0.000000;0.000000;-nan;            375ms 286μs 293ns;                          0ns
4be54;6;0;51;17;4;15;15.000000;15.000000;100.000000;1292.000000;1292.000000;100.000000;0.000000;0.000000;-nan;            428ms 309μs 344ns;                          0ns
4be5a;5;0;46;17;4;14;14.000000;14.000000;100.000000;1297.000000;1297.000000;100.000000;0.000000;0.000000;-nan;            334ms 641μs 879ns;                          0ns
4be60;10;0;52;24;5;12;13.000000;12.000000;92.307692;1174.000000;1174.000000;100.000000;0.000000;0.000000;-nan;            570ms 244μs 842ns;             57ms 372μs 553ns
4be73;31;0;42;21;6;12;15.000000;12.000000;80.000000;1173.000000;1173.000000;99.744898;0.000000;0.000000;-nan;            811ms 546μs 716ns;            128ms 530μs 841ns
1cbb8e;17;0;94;43;6;20;21.000000;20.000000;95.238095;1733.000000;1733.000000;100.000000;0.000000;0.000000;-nan;         1s 658ms 498μs  20ns;            206ms 396μs 739ns
1cbb58;13;0;96;45;6;20;21.000000;20.000000;95.238095;1731.000000;1731.000000;100.000000;0.000000;0.000000;-nan;         1s 277ms 391μs  58ns;            105ms 836μs 520ns
1cbb66;24;0;115;51;7;19;21.000000;19.000000;90.476190;1729.000000;1729.000000;100.000000;0.000000;0.000000;-nan;         1s 861ms 358μs  22ns;            170ms 847μs 780ns
1cbb71;14;0;101;39;6;20;21.000000;20.000000;95.238095;1732.000000;1732.000000;100.000000;0.000000;0.000000;-nan;         1s 636ms 577μs 704ns;            203ms 630μs 614ns
1cbb7b;19;0;87;48;6;20;21.000000;20.000000;95.238095;1728.000000;1728.000000;100.000000;0.000000;0.000000;-nan;         1s 768ms 782μs 364ns;            222ms 260μs 634ns
1cbb14;17;0;90;41;6;19;20.000000;19.000000;95.000000;1721.000000;1721.000000;100.000000;0.000000;0.000000;-nan;         1s 366ms 859μs 778ns;            111ms 786μs 273ns
1cbb18;19;0;113;58;7;19;21.000000;19.000000;90.476190;1727.000000;1727.000000;100.000000;0.000000;0.000000;-nan;         1s 730ms 983μs  72ns;            373ms 915μs 998ns
1cbb28;14;0;92;42;6;19;20.000000;19.000000;95.000000;1730.000000;1730.000000;100.000000;0.000000;0.000000;-nan;         1s 479ms 271μs 566ns;            104ms 855μs 964ns
1cbb35;20;0;92;42;6;20;21.000000;20.000000;95.238095;1730.000000;1730.000000;100.406268;0.000000;0.000000;-nan;         1s 611ms   7μs 768ns;            447ms  27μs 819ns
1cbb43;28;0;103;39;7;19;22.000000;19.000000;86.363636;1725.000000;1725.000000;100.000000;0.000000;0.000000;-nan;         1s 884ms 419μs 215ns;            216ms 689μs 167ns
10af4f;10;0;61;25;5;17;17.000000;17.000000;100.000000;1291.000000;1291.000000;100.000000;0.000000;0.000000;-nan;            442ms 712μs 617ns;                          0ns
10af5b;21;0;47;18;5;14;15.000000;14.000000;93.333333;1295.000000;1295.000000;100.000000;0.000000;0.000000;-nan;            876ms 789μs 307ns;            195ms 641μs 622ns
10af6a;26;0;66;34;6;16;17.000000;16.000000;94.117647;1488.000000;1488.000000;100.000000;0.000000;0.000000;-nan;            774ms 444μs 571ns;            196ms  63μs 426ns
10af03;0;7;62;27;5;17;17.000000;17.000000;100.000000;1604.000000;1604.000000;100.000000;0.000000;0.000000;-nan;              4ms 984μs 666ns;                          0ns
10af07;4;0;77;25;5;19;19.000000;19.000000;100.000000;1729.000000;1729.000000;100.000000;0.000000;0.000000;-nan;            170ms 722μs 163ns;                          0ns
10af11;1;11;64;20;5;17;17.000000;17.000000;100.000000;1602.000000;1602.000000;100.000000;0.000000;0.000000;-nan;             69ms  67μs 676ns;                          0ns
10af14;3;0;72;21;5;17;17.000000;17.000000;100.000000;1598.000000;1598.000000;100.000000;0.000000;0.000000;-nan;            178ms 265μs 609ns;                          0ns
10af1a;3;0;70;23;5;17;17.000000;17.000000;100.000000;1601.000000;1601.000000;100.000000;0.000000;0.000000;-nan;            188ms 940μs   8ns;                          0ns
10af20;3;0;68;25;5;17;17.000000;17.000000;100.000000;1605.000000;1605.000000;100.000000;0.000000;0.000000;-nan;            197ms 705μs  19ns;                          0ns
10af25;24;0;40;22;5;14;15.000000;14.000000;93.333333;1297.000000;1297.000000;100.000000;0.000000;0.000000;-nan;            861ms   2μs 915ns;             64ms 939μs 671ns
1c9912;17;0;89;48;6;20;21.000000;20.000000;95.238095;1727.000000;1727.000000;100.000000;0.000000;0.000000;-nan;         1s 585ms 566μs 689ns;            126ms 294μs 803ns
1c991c;12;0;97;45;6;20;21.000000;20.000000;95.238095;1731.000000;1731.000000;100.000000;0.000000;0.000000;-nan;         1s 594ms 638μs 345ns;            173ms 517μs 591ns
1c98ce;13;0;98;43;6;20;21.000000;20.000000;95.238095;1732.000000;1732.000000;100.000000;0.000000;0.000000;-nan;         1s 362ms 740μs 962ns;            167ms 138μs 861ns
1c98de;15;0;90;49;6;20;21.000000;20.000000;95.238095;1728.000000;1728.000000;100.000000;0.000000;0.000000;-nan;         1s 413ms 559μs 490ns;            137ms 727μs 607ns
1c98ed;18;0;90;46;6;20;21.000000;20.000000;95.238095;1733.000000;1733.000000;100.000000;0.000000;0.000000;-nan;         1s 613ms 259μs 467ns;            198ms 222μs 822ns
1c98fd;16;0;93;39;6;19;20.000000;19.000000;95.000000;1729.000000;1729.000000;100.000000;0.000000;0.000000;-nan;         1s 581ms 646μs 267ns;            113ms 208μs 518ns
1c989d;24;0;108;58;7;19;21.000000;19.000000;90.476190;1723.000000;1723.000000;100.000000;0.000000;0.000000;-nan;         1s 698ms 327μs  98ns;            330ms 472μs 112ns
1c98a0;14;0;95;39;6;19;20.000000;19.000000;95.000000;1730.000000;1730.000000;100.000000;0.000000;0.000000;-nan;         1s 214ms 394μs 122ns;            168ms 241μs 306ns
1c98af;19;0;116;55;7;19;21.000000;19.000000;90.476190;1732.000000;1732.000000;100.405797;0.000000;0.000000;-nan;         1s 620ms 985μs 112ns;            254ms  29μs 588ns
1c98bc;16;0;89;49;6;20;21.000000;20.000000;95.238095;1726.000000;1726.000000;100.000000;0.000000;0.000000;-nan;         1s 426ms 277μs 345ns;            133ms 163μs  93ns
47b04;10;0;74;22;5;19;19.000000;19.000000;100.000000;1483.000000;1483.000000;100.000000;0.000000;0.000000;-nan;            410ms 222μs 433ns;                          0ns
47b19;7;2;47;18;4;15;15.000000;15.000000;100.000000;1297.000000;1297.000000;100.000000;0.000000;0.000000;-nan;            180ms 276μs 439ns;                          0ns
47ad1;5;8;36;11;4;16;16.000000;16.000000;100.000000;1292.000000;1292.000000;100.000000;0.000000;0.000000;-nan;            319ms 834μs 279ns;                          0ns
47ad9;9;0;71;22;5;18;18.000000;18.000000;100.000000;1290.000000;1290.000000;100.000000;0.000000;0.000000;-nan;            396ms 120μs 297ns;                          0ns
47aec;6;0;51;17;4;15;15.000000;15.000000;100.000000;1295.000000;1295.000000;100.000000;0.000000;0.000000;-nan;            388ms 100μs 636ns;                          0ns
47a89;11;16;74;25;6;16;17.000000;16.000000;94.117647;1488.000000;1488.000000;100.000000;0.000000;0.000000;-nan;            229ms 650μs 724ns;            162ms 579μs  28ns
47aa2;4;0;69;23;5;17;17.000000;17.000000;100.000000;1485.000000;1485.000000;100.000000;0.000000;0.000000;-nan;            389ms 808μs 464ns;                          0ns
47a60;6;0;75;21;5;18;18.000000;18.000000;100.000000;1487.000000;1487.000000;100.000000;0.000000;0.000000;-nan;            428ms 115μs  32ns;                          0ns
47a66;8;2;39;11;4;16;16.000000;16.000000;100.000000;1296.000000;1296.000000;100.000000;0.000000;0.000000;-nan;            271ms 227μs 793ns;                          0ns
47a72;7;0;69;20;5;17;17.000000;17.000000;100.000000;1484.000000;1484.000000;100.000000;0.000000;0.000000;-nan;            322ms 535μs 590ns;                          0ns
1c764c;15;0;96;43;6;20;21.000000;20.000000;95.238095;1732.000000;1732.000000;100.000000;0.000000;0.000000;-nan;         1s 688ms 713μs 947ns;            116ms 262μs 420ns
1c765a;10;0;99;45;6;20;21.000000;20.000000;95.238095;1731.000000;1731.000000;100.000000;0.000000;0.000000;-nan;         1s 262ms 523μs 491ns;             86ms 702μs 718ns
1c766c;17;0;93;44;6;20;21.000000;20.000000;95.238095;1727.000000;1727.000000;100.000000;0.000000;0.000000;-nan;         1s 895ms 629μs 968ns;            276ms 540μs  83ns
1c7613;19;0;94;41;6;20;21.000000;20.000000;95.238095;1729.000000;1729.000000;100.000000;0.000000;0.000000;-nan;         1s 612ms 472μs 948ns;            134ms 743μs 891ns
1c7624;21;0;108;61;7;19;21.000000;19.000000;90.476190;1728.000000;1728.000000;100.000000;0.000000;0.000000;-nan;         1s 861ms 402μs  53ns;            310ms 592μs 670ns
1c7637;17;0;88;49;6;20;21.000000;20.000000;95.238095;1733.000000;1733.000000;100.000000;0.000000;0.000000;-nan;         1s 610ms 382μs 305ns;            196ms 870μs 463ns
1c75e2;16;0;90;48;6;20;21.000000;20.000000;95.238095;1723.000000;1723.000000;100.000000;0.000000;0.000000;-nan;         1s 488ms 928μs 441ns;            268ms 275μs 545ns
1c75e5;19;0;96;39;6;20;21.000000;20.000000;95.238095;1726.000000;1726.000000;100.000000;0.000000;0.000000;-nan;         1s 446ms 761μs 776ns;            188ms 663μs 943ns
1c75f3;26;0;121;61;7;21;23.000000;21.000000;91.304348;1725.000000;1725.000000;100.000000;0.000000;0.000000;-nan;         1s 915ms 374μs 712ns;            607ms 800μs 173ns
1c7602;18;0;84;32;6;20;22.000000;20.000000;90.909091;1730.000000;1730.000000;100.000000;0.000000;0.000000;-nan;         1s 818ms 452μs 686ns;             85ms 379μs  52ns
106985;4;0;89;29;5;22;22.000000;22.000000;100.000000;1714.000000;1714.000000;100.000000;0.000000;0.000000;-nan;            381ms 633μs 353ns;                          0ns
106996;3;3;82;28;5;21;21.000000;21.000000;100.000000;1698.000000;1698.000000;100.000000;0.000000;0.000000;-nan;            286ms 386μs 710ns;                          0ns
1069a5;5;0;90;31;5;23;23.000000;23.000000;100.000000;1729.000000;1729.000000;100.000000;0.000000;0.000000;-nan;            384ms 492μs 102ns;                          0ns
106946;3;0;78;21;5;18;18.000000;18.000000;100.000000;1604.000000;1604.000000;100.000000;0.000000;0.000000;-nan;            254ms 254μs 861ns;                          0ns
10695d;3;0;85;28;5;21;21.000000;21.000000;100.000000;1712.000000;1712.000000;100.000000;0.000000;0.000000;-nan;            330ms 630μs 495ns;                          0ns
106975;3;0;79;30;5;20;20.000000;20.000000;100.000000;1605.000000;1605.000000;100.000000;0.000000;0.000000;-nan;            336ms 175μs 359ns;                          0ns
10690e;4;0;86;26;5;21;21.000000;21.000000;100.000000;1704.000000;1704.000000;100.000000;0.000000;0.000000;-nan;            221ms 279μs 293ns;                          0ns
106913;5;0;92;25;5;22;22.000000;22.000000;100.000000;1705.000000;1705.000000;100.000000;0.000000;0.000000;-nan;            360ms 434μs 851ns;                          0ns
106921;7;1;81;27;5;21;21.000000;21.000000;100.000000;1731.000000;1731.000000;100.000000;0.000000;0.000000;-nan;            227ms 407μs 814ns;                          0ns
10692f;8;0;85;23;5;21;21.000000;21.000000;100.000000;1603.000000;1603.000000;100.000000;0.000000;0.000000;-nan;            277ms 106μs 518ns;                          0ns
4584a;14;0;46;16;5;10;11.000000;10.000000;90.909091;920.000000;920.000000;100.000000;0.000000;0.000000;-nan;            756ms 893μs 238ns;            113ms 796μs 385ns
4580c;26;0;42;18;5;14;15.000000;14.000000;93.333333;1297.000000;1297.000000;100.000000;0.000000;0.000000;-nan;            997ms 926μs 878ns;            178ms 311μs 246ns
45824;10;0;41;17;4;14;14.000000;14.000000;100.000000;924.000000;924.000000;100.000000;0.000000;0.000000;-nan;            590ms 472μs 925ns;                          0ns
45839;8;0;37;15;4;12;12.000000;12.000000;100.000000;952.000000;952.000000;100.000000;0.000000;0.000000;-nan;            490ms  13μs 503ns;                          0ns
457ce;24;0;47;15;5;14;15.000000;14.000000;93.333333;1251.000000;1251.000000;106.377551;0.000000;0.000000;-nan;            950ms 189μs 548ns;             59ms 400μs 321ns
457f3;15;26;32;15;5;12;13.000000;12.000000;92.307692;927.000000;927.000000;100.000000;0.000000;0.000000;-nan;            448ms 995μs 423ns;             95ms 983μs 105ns
45782;3;0;42;19;4;13;13.000000;13.000000;100.000000;1261.000000;1261.000000;100.000000;0.000000;0.000000;-nan;             63ms 678μs 640ns;                          0ns
45787;3;2;41;18;4;13;13.000000;13.000000;100.000000;1188.000000;1188.000000;100.000000;0.000000;0.000000;-nan;             64ms 487μs 245ns;                          0ns
45791;12;3;56;15;5;12;13.000000;12.000000;92.307692;1173.000000;1173.000000;100.000000;0.000000;0.000000;-nan;            321ms 440μs 399ns;            130ms 413μs 919ns
457ad;20;0;50;28;6;10;12.000000;10.000000;83.333333;920.000000;920.000000;99.783080;0.000000;0.000000;-nan;            818ms 322μs 789ns;            119ms 504μs 561ns
1c5457;14;8;96;36;6;20;21.000000;20.000000;95.238095;1729.000000;1729.000000;100.000000;0.000000;0.000000;-nan;         1s 335ms 543μs 174ns;            200ms 618μs 805ns
1c5464;18;8;99;45;7;19;22.000000;19.000000;86.363636;1731.000000;1731.000000;100.000000;0.000000;0.000000;-nan;         1s 738ms 754μs 731ns;            210ms 576μs 714ns
1c5483;17;8;84;45;6;20;21.000000;20.000000;95.238095;1732.000000;1732.000000;100.000000;0.000000;0.000000;-nan;         1s 448ms 435μs 558ns;            167ms 242μs 895ns
1c540d;16;0;93;45;6;20;21.000000;20.000000;95.238095;1725.000000;1725.000000;100.000000;0.000000;0.000000;-nan;         1s 638ms  52μs 277ns;            220ms 218μs 794ns
1c5422;14;8;89;37;6;19;20.000000;19.000000;95.000000;1726.000000;1726.000000;100.000000;0.000000;0.000000;-nan;         1s 239ms 851μs 644ns;            113ms 655μs 412ns
1c5433;16;0;89;43;6;19;20.000000;19.000000;95.000000;1730.000000;1730.000000;100.000000;0.000000;0.000000;-nan;         1s 571ms 163μs  17ns;            132ms 490μs 596ns
1c5444;11;0;90;47;6;19;20.000000;19.000000;95.000000;1733.000000;1733.000000;100.000000;0.000000;0.000000;-nan;         1s 726ms 166μs 198ns;             85ms 220μs 266ns
1c53f5;23;0;102;49;6;24;25.000000;24.000000;96.000000;1879.000000;1879.000000;100.000000;0.000000;0.000000;-nan;         1s 733ms 422μs 610ns;            183ms 899μs 959ns
1c53f8;17;0;89;48;6;20;21.000000;20.000000;95.238095;1727.000000;1727.000000;100.000000;0.000000;0.000000;-nan;         1s 607ms  44μs 243ns;            132ms 818μs 281ns
1c5403;15;0;90;43;6;19;20.000000;19.000000;95.000000;1728.000000;1728.000000;100.000000;0.000000;0.000000;-nan;         1s 382ms 838μs 712ns;             79ms 735μs 932ns
104186;19;0;95;26;6;18;19.000000;18.000000;94.736842;1601.000000;1601.000000;100.313283;0.000000;0.000000;-nan;         1s 518ms 628μs 619ns;            291ms 375μs 786ns
10419b;18;8;91;37;7;17;20.000000;17.000000;85.000000;1602.000000;1602.000000;99.937617;0.000000;0.000000;-nan;         1s 686ms 696μs 966ns;            195ms 777μs 124ns
104156;25;0;89;40;7;17;20.000000;17.000000;85.000000;1605.000000;1605.000000;100.187266;0.000000;0.000000;-nan;         2s  16ms  92μs 299ns;            482ms 354μs  51ns
104163;19;0;93;36;6;19;20.000000;19.000000;95.000000;1729.000000;1729.000000;100.000000;0.000000;0.000000;-nan;         1s 545ms 557μs 271ns;            120ms 773μs 949ns
104175;13;0;91;30;6;17;18.000000;17.000000;94.444444;1598.000000;1598.000000;100.000000;0.000000;0.000000;-nan;         1s 561ms 943μs 899ns;             82ms 687μs 635ns
10410d;20;0;71;31;6;18;20.000000;18.000000;90.000000;1605.000000;1605.000000;100.312500;0.000000;0.000000;-nan;         1s 768ms 198μs 901ns;            111ms 154μs 170ns
104112;16;0;85;33;6;17;18.000000;17.000000;94.444444;1605.000000;1605.000000;100.000000;0.000000;0.000000;-nan;         1s 422ms 197μs 905ns;             79ms 373μs 385ns
104120;22;0;98;34;7;17;20.000000;17.000000;85.000000;1598.000000;1598.000000;99.937461;0.000000;0.000000;-nan;         1s 869ms 664μs 835ns;            153ms 139μs  64ns
104129;19;8;112;43;7;18;20.000000;18.000000;90.000000;1604.000000;1604.000000;100.000000;0.000000;0.000000;-nan;         1s 691ms 974μs 700ns;            498ms 128μs  59ns
10413f;24;0;104;44;7;17;19.000000;17.000000;89.473684;1601.000000;1601.000000;100.000000;0.000000;0.000000;-nan;         1s 881ms 929μs   8ns;            276ms  35μs 507ns
1c3285;18;0;88;48;6;20;21.000000;20.000000;95.238095;1728.000000;1728.000000;100.000000;0.000000;0.000000;-nan;         1s 796ms 469μs 931ns;            203ms 877μs 283ns
1c3294;14;0;92;42;6;19;20.000000;19.000000;95.000000;1733.000000;1733.000000;100.000000;0.000000;0.000000;-nan;         1s 549ms 311μs 405ns;             86ms 693μs 362ns
1c32aa;15;0;81;38;6;20;22.000000;20.000000;90.909091;1733.000000;1733.000000;100.173410;0.000000;0.000000;-nan;         1s 861ms 372μs 111ns;             88ms 112μs 133ns
1c32c1;17;0;89;48;6;20;21.000000;20.000000;95.238095;1731.000000;1731.000000;100.000000;0.000000;0.000000;-nan;         1s 794ms 226μs 658ns;             79ms 803μs 303ns
1c3249;20;0;85;43;6;19;20.000000;19.000000;95.000000;1726.000000;1726.000000;100.000000;0.000000;0.000000;-nan;         1s 619ms 367μs 140ns;             79ms 437μs 910ns
1c3258;17;0;91;46;6;20;21.000000;20.000000;95.238095;1732.000000;1732.000000;100.000000;0.000000;0.000000;-nan;         1s 257ms 800μs 432ns;            216ms 531μs 448ns
1c326a;19;0;97;38;6;20;21.000000;20.000000;95.238095;1725.000000;1725.000000;100.000000;0.000000;0.000000;-nan;         1s 591ms 557μs 823ns;            352ms 477μs 760ns
1c3224;19;0;90;45;6;20;21.000000;20.000000;95.238095;1727.000000;1727.000000;100.174014;0.000000;0.000000;-nan;         1s 530ms 661μs 787ns;            198ms 558μs 380ns
1c3229;15;0;94;39;6;19;20.000000;19.000000;95.000000;1729.000000;1729.000000;100.000000;0.000000;0.000000;-nan;         1s 335ms 970μs 840ns;            132ms 275μs 124ns
1c3238;20;0;89;45;6;20;21.000000;20.000000;95.238095;1727.000000;1727.000000;100.000000;0.000000;0.000000;-nan;         1s 467ms 193μs 966ns;            165ms 840μs 324ns
42bc2;11;0;59;26;5;17;17.000000;17.000000;100.000000;1261.000000;1261.000000;100.000000;0.000000;0.000000;-nan;            572ms 952μs 258ns;                          0ns
42b87;17;0;36;21;4;15;15.000000;15.000000;100.000000;1206.000000;1206.000000;100.000000;0.000000;0.000000;-nan;            554ms 719μs 302ns;                          0ns
42b9a;18;0;37;19;4;15;15.000000;15.000000;100.000000;1262.000000;1262.000000;100.000000;0.000000;0.000000;-nan;            502ms 535μs 555ns;                          0ns
42ba8;18;0;35;21;4;15;15.000000;15.000000;100.000000;1196.000000;1196.000000;100.000000;0.000000;0.000000;-nan;            553ms 926μs 535ns;                          0ns
42baf;10;0;39;19;4;14;14.000000;14.000000;100.000000;1203.000000;1203.000000;100.000000;0.000000;0.000000;-nan;            571ms 940μs 275ns;                          0ns
42bb9;10;0;39;19;4;14;14.000000;14.000000;100.000000;1253.000000;1253.000000;100.000000;0.000000;0.000000;-nan;            577ms 171μs 761ns;                          0ns
42b67;8;0;43;17;4;14;14.000000;14.000000;100.000000;1193.000000;1193.000000;100.000000;0.000000;0.000000;-nan;            364ms 871μs 526ns;                          0ns
42b6b;8;0;39;21;4;14;14.000000;14.000000;100.000000;1258.000000;1258.000000;100.000000;0.000000;0.000000;-nan;            390ms 606μs 416ns;                          0ns
42b74;16;0;51;29;5;17;17.000000;17.000000;100.000000;1256.000000;1256.000000;100.000000;0.000000;0.000000;-nan;            614ms 100μs 500ns;                          0ns
42b7e;13;0;57;26;5;17;17.000000;17.000000;100.000000;1263.000000;1263.000000;100.000000;0.000000;0.000000;-nan;            583ms 824μs 227ns;                          0ns
1c0fc5;16;0;96;36;6;19;20.000000;19.000000;95.000000;1725.000000;1725.000000;100.000000;0.000000;0.000000;-nan;         1s 631ms 138μs 205ns;             82ms 859μs 200ns
1c0fd4;20;0;89;45;6;20;21.000000;20.000000;95.238095;1730.000000;1730.000000;100.000000;0.000000;0.000000;-nan;         1s 935ms 459μs 485ns;            337ms 917μs 798ns
1c0fe4;18;0;90;46;6;20;21.000000;20.000000;95.238095;1731.000000;1731.000000;100.000000;0.000000;0.000000;-nan;         1s 776ms 431μs 515ns;            168ms 675μs 638ns
1c0ff4;16;2;94;42;6;20;21.000000;20.000000;95.238095;1726.000000;1726.000000;100.000000;0.000000;0.000000;-nan;         1s 582ms 976μs 223ns;             79ms  72μs 484ns
1c0f91;18;0;93;43;6;20;21.000000;20.000000;95.238095;1732.000000;1732.000000;100.000000;0.000000;0.000000;-nan;         1s 688ms 894μs  74ns;            120ms 821μs 494ns
1c0fa0;32;0;113;65;7;22;24.000000;22.000000;91.666667;1727.000000;1727.000000;100.000000;0.000000;0.000000;-nan;         2s 314ms 422μs 726ns;            612ms 725μs  83ns
1c0fb4;18;0;101;51;7;19;22.000000;19.000000;86.363636;1733.000000;1733.000000;100.000000;0.000000;0.000000;-nan;         2s  29ms 694μs 894ns;            211ms 251μs 531ns
1c0f64;33;0;115;62;7;22;24.000000;22.000000;91.666667;1741.000000;1741.000000;100.000000;0.000000;0.000000;-nan;         2s 133ms 238μs 228ns;            305ms  98μs 953ns
1c0f67;15;5;87;47;6;20;21.000000;20.000000;95.238095;1728.000000;1728.000000;100.000000;0.000000;0.000000;-nan;         1s 115ms 484μs 742ns;            187ms 170μs 361ns
1c0f76;18;0;95;41;6;20;21.000000;20.000000;95.238095;1729.000000;1729.000000;100.000000;0.000000;0.000000;-nan;         1s 547ms 729μs 296ns;            236ms 134μs 390ns
100d47;24;0;96;34;6;20;21.000000;20.000000;95.238095;1705.000000;1705.000000;100.000000;0.000000;0.000000;-nan;            884ms 314μs 507ns;            204ms 206μs  84ns
100d4d;7;0;69;30;5;19;19.000000;19.000000;100.000000;1603.000000;1603.000000;100.000000;0.000000;0.000000;-nan;            242ms 779μs 251ns;                          0ns
100d5b;3;0;70;33;5;19;19.000000;19.000000;100.000000;1605.000000;1605.000000;100.000000;0.000000;0.000000;-nan;            209ms 674μs 621ns;                          0ns
100d69;4;36;43;19;5;18;18.000000;18.000000;100.000000;1604.000000;1604.000000;100.000000;0.000000;0.000000;-nan;            167ms 952μs  21ns;                          0ns
100d04;7;0;73;36;5;21;21.000000;21.000000;100.000000;1710.000000;1710.000000;100.000000;0.000000;0.000000;-nan;            400ms 981μs   5ns;                          0ns
100d09;21;0;96;31;6;19;20.000000;19.000000;95.000000;1727.000000;1727.000000;100.000000;0.000000;0.000000;-nan;            724ms 484μs 493ns;            129ms 701μs 935ns
100d12;3;0;83;30;5;21;21.000000;21.000000;100.000000;1721.000000;1721.000000;100.000000;0.000000;0.000000;-nan;            177ms 510μs 227ns;                          0ns
100d1f;6;0;75;35;5;21;21.000000;21.000000;100.000000;1731.000000;1731.000000;100.000000;0.000000;0.000000;-nan;            414ms 401μs 674ns;                          0ns
100d30;8;0;82;36;5;23;23.000000;23.000000;100.000000;1702.000000;1702.000000;100.000000;0.000000;0.000000;-nan;            424ms 950μs 994ns;                          0ns
100d3b;5;0;75;32;5;20;20.000000;20.000000;100.000000;1717.000000;1717.000000;100.000000;0.000000;0.000000;-nan;            316ms 525μs 251ns;                          0ns
40303;13;0;29;18;4;16;16.000000;16.000000;100.000000;1297.000000;1297.000000;100.000000;0.000000;0.000000;-nan;            550ms 448μs 503ns;                          0ns
4030c;11;0;44;19;4;15;15.000000;15.000000;100.000000;1258.000000;1258.000000;100.000000;0.000000;0.000000;-nan;            540ms 928μs 555ns;                          0ns
40315;13;0;60;23;5;17;17.000000;17.000000;100.000000;1236.000000;1236.000000;100.000000;0.000000;0.000000;-nan;            568ms 101μs 211ns;                          0ns
4031d;13;0;51;32;5;17;17.000000;17.000000;100.000000;1261.000000;1261.000000;100.000000;0.000000;0.000000;-nan;            546ms  47μs 357ns;                          0ns
40328;9;0;38;21;4;14;14.000000;14.000000;100.000000;1198.000000;1198.000000;100.000000;0.000000;0.000000;-nan;            437ms 523μs 995ns;                          0ns
4032f;11;0;44;19;4;15;15.000000;15.000000;100.000000;1295.000000;1295.000000;100.000000;0.000000;0.000000;-nan;            536ms  51μs 815ns;                          0ns
40339;9;0;40;19;4;14;14.000000;14.000000;100.000000;1203.000000;1203.000000;100.000000;0.000000;0.000000;-nan;            509ms 191μs  91ns;                          0ns
402ea;10;0;43;21;4;15;15.000000;15.000000;100.000000;1256.000000;1256.000000;100.000000;0.000000;0.000000;-nan;            373ms 125μs  21ns;                          0ns
402f2;9;0;46;13;4;14;14.000000;14.000000;100.000000;1206.000000;1206.000000;100.000000;0.000000;0.000000;-nan;            334ms 988μs 372ns;                          0ns
402fa;10;0;43;21;4;15;15.000000;15.000000;100.000000;1262.000000;1262.000000;100.000000;0.000000;0.000000;-nan;            459ms 965μs 248ns;                          0ns
1bed4b;16;0;97;35;6;19;20.000000;19.000000;95.000000;1725.000000;1725.000000;100.000000;0.000000;0.000000;-nan;         1s 709ms 193μs 318ns;             84ms 174μs  37ns
1bed61;18;0;83;33;6;20;22.000000;20.000000;90.909091;1726.000000;1726.000000;100.000000;0.000000;0.000000;-nan;         1s 815ms 675μs 127ns;             86ms 443μs 179ns
1bed13;21;0;110;59;7;19;21.000000;19.000000;90.476190;1731.000000;1731.000000;100.000000;0.000000;0.000000;-nan;         1s 785ms 222μs 225ns;            356ms 874μs 986ns
1bed2c;16;0;89;49;6;20;21.000000;20.000000;95.238095;1733.000000;1733.000000;100.000000;0.000000;0.000000;-nan;         1s 620ms 615μs  50ns;            275ms 199μs 488ns
1bed3d;15;0;87;46;6;19;20.000000;19.000000;95.000000;1727.000000;1727.000000;100.000000;0.000000;0.000000;-nan;         1s 603ms 263μs 618ns;             87ms   9μs  28ns
1beccb;14;0;90;44;6;19;20.000000;19.000000;95.000000;1723.000000;1723.000000;100.000000;0.000000;0.000000;-nan;         1s 282ms 539μs 999ns;             86ms  29μs 375ns
1becd4;16;0;93;45;6;20;21.000000;20.000000;95.238095;1732.000000;1732.000000;100.000000;0.000000;0.000000;-nan;         1s 359ms 927μs 526ns;            107ms 684μs 307ns
1bece5;17;0;89;42;6;19;20.000000;19.000000;95.000000;1730.000000;1730.000000;100.000000;0.000000;0.000000;-nan;         1s 476ms 107μs 855ns;            129ms 240μs 334ns
1becf6;19;0;105;46;7;19;22.000000;19.000000;86.363636;1724.000000;1724.000000;99.768519;0.000000;0.000000;-nan;         1s 782ms 377μs 133ns;            228ms 813μs  85ns
1bed03;24;2;109;55;7;19;21.000000;19.000000;90.476190;1729.000000;1729.000000;100.000000;0.000000;0.000000;-nan;         1s 624ms 241μs 130ns;            249ms 714μs 675ns
fe4d4;17;0;80;37;6;17;18.000000;17.000000;94.444444;1601.000000;1601.000000;100.000000;0.000000;0.000000;-nan;         1s 480ms 613μs 143ns;            118ms 328μs 187ns
fe485;31;0;103;38;7;17;19.000000;17.000000;89.473684;1598.000000;1598.000000;100.439975;0.000000;0.000000;-nan;         2s  41ms 289μs 817ns;            408ms 474μs 595ns
fe490;22;0;102;48;7;17;19.000000;17.000000;89.473684;1602.000000;1602.000000;100.000000;0.000000;0.000000;-nan;         1s 886ms 469μs 158ns;            239ms 831μs 416ns
fe49e;25;0;98;49;7;17;19.000000;17.000000;89.473684;1602.000000;1602.000000;100.187617;0.000000;0.000000;-nan;         2s  56ms 209μs 131ns;            237ms 567μs 675ns
fe4ae;15;0;72;35;6;18;20.000000;18.000000;90.000000;1604.000000;1604.000000;100.250000;0.000000;0.000000;-nan;         1s 893ms 530μs 308ns;            188ms 882μs 406ns
fe4bd;12;0;82;40;6;17;18.000000;17.000000;94.444444;1604.000000;1604.000000;100.000000;0.000000;0.000000;-nan;         1s 525ms 198μs 747ns;            122ms 693μs 523ns
fe469;24;0;86;44;6;20;21.000000;20.000000;95.238095;1729.000000;1729.000000;100.000000;0.000000;0.000000;-nan;         1s 814ms   1μs 661ns;            262ms 896μs 633ns
fe46d;21;4;82;41;6;19;20.000000;19.000000;95.000000;1721.000000;1721.000000;100.000000;0.000000;0.000000;-nan;            678ms  51μs 553ns;            119ms 790μs 625ns
fe477;27;0;92;53;7;17;19.000000;17.000000;89.473684;1605.000000;1605.000000;100.124766;0.000000;0.000000;-nan;         1s 959ms 327μs 291ns;            366ms 274μs 219ns
fe47f;15;0;81;38;6;17;18.000000;17.000000;94.444444;1598.000000;1598.000000;100.000000;0.000000;0.000000;-nan;         1s 367ms 434μs 450ns;            105ms 811μs 881ns
3e3c0;7;0;42;15;4;13;13.000000;13.000000;100.000000;920.000000;920.000000;100.000000;0.000000;0.000000;-nan;            563ms 797μs 736ns;                          0ns
3e3de;10;0;35;15;4;12;12.000000;12.000000;100.000000;918.000000;918.000000;100.000000;0.000000;0.000000;-nan;            680ms 650μs  78ns;                          0ns
3e38f;36;0;44;32;6;13;15.000000;13.000000;86.666667;1261.000000;1261.000000;109.938971;0.000000;0.000000;-nan;         1s 153ms 549μs   7ns;            172ms  37μs 127ns
3e39d;10;0;41;17;4;14;14.000000;14.000000;100.000000;1261.000000;1261.000000;100.000000;0.000000;0.000000;-nan;            618ms 473μs 726ns;                          0ns
3e3af;11;0;43;22;5;10;11.000000;10.000000;90.909091;919.000000;919.000000;100.000000;0.000000;0.000000;-nan;            753ms 102μs 382ns;             45ms 252μs 206ns
3e341;3;0;41;14;4;11;11.000000;11.000000;100.000000;953.000000;953.000000;100.000000;0.000000;0.000000;-nan;            266ms 713μs 303ns;                          0ns
3e346;18;2;47;19;5;12;13.000000;12.000000;92.307692;919.000000;919.000000;103.490991;0.000000;0.000000;-nan;            496ms 779μs 814ns;            221ms 236μs 910ns
3e356;11;0;32;21;4;13;13.000000;13.000000;100.000000;951.000000;951.000000;100.000000;0.000000;0.000000;-nan;            442ms 775μs 443ns;                          0ns
3e370;10;0;33;17;4;12;12.000000;12.000000;100.000000;884.000000;884.000000;100.000000;0.000000;0.000000;-nan;            501ms 741μs 770ns;                          0ns
3e37c;13;8;32;27;5;11;12.000000;11.000000;91.666667;936.000000;936.000000;100.000000;0.000000;0.000000;-nan;            608ms  53μs 612ns;             50ms 131μs 621ns
1bcad0;19;0;87;48;6;20;21.000000;20.000000;95.238095;1728.000000;1728.000000;100.000000;0.000000;0.000000;-nan;         1s 743ms 539μs 547ns;            213ms 385μs 442ns
1bcadb;18;0;94;42;6;20;21.000000;20.000000;95.238095;1729.000000;1729.000000;100.000000;0.000000;0.000000;-nan;         1s 712ms 665μs 813ns;            109ms 220μs 443ns
1bcae4;15;0;90;49;6;20;21.000000;20.000000;95.238095;1733.000000;1733.000000;100.000000;0.000000;0.000000;-nan;         1s 661ms  19μs 779ns;            202ms 214μs 637ns
1bcaf0;16;0;96;36;6;19;20.000000;19.000000;95.000000;1726.000000;1726.000000;100.000000;0.000000;0.000000;-nan;         1s 722ms 958μs 370ns;             88ms 993μs 200ns
1bcaff;21;8;102;59;7;19;21.000000;19.000000;90.476190;1727.000000;1727.000000;100.000000;0.000000;0.000000;-nan;         1s 807ms 289μs 171ns;            328ms  90μs 996ns
1bca88;19;0;82;33;6;20;22.000000;20.000000;90.909091;1730.000000;1730.000000;100.000000;0.000000;0.000000;-nan;         1s 533ms 909μs 550ns;            132ms 296μs 628ns
1bca8d;16;0;92;46;6;20;21.000000;20.000000;95.238095;1723.000000;1723.000000;100.000000;0.000000;0.000000;-nan;         1s 483ms 248μs 768ns;            188ms 896μs 236ns
1bca9b;14;0;94;46;6;20;21.000000;20.000000;95.238095;1732.000000;1732.000000;100.000000;0.000000;0.000000;-nan;         1s 507ms 259μs  21ns;             81ms 819μs 122ns
1bcaa9;13;0;89;46;6;19;20.000000;19.000000;95.000000;1731.000000;1731.000000;100.000000;0.000000;0.000000;-nan;            945ms 398μs  88ns;             84ms 968μs 542ns
1bcab7;24;0;120;46;7;19;21.000000;19.000000;90.476190;1725.000000;1725.000000;100.000000;0.000000;0.000000;-nan;         1s 797ms 829μs 679ns;            297ms 533μs 440ns
3c243;13;0;46;17;5;10;11.000000;10.000000;90.909091;920.000000;920.000000;100.000000;0.000000;0.000000;-nan;            804ms 743μs 809ns;            143ms 704μs 969ns
3c209;22;10;31;29;6;9;11.000000;9.000000;81.818182;778.000000;778.000000;100.000000;0.000000;0.000000;-nan;            859ms 547μs 535ns;            150ms 652μs 372ns
3c213;10;0;33;17;4;12;12.000000;12.000000;100.000000;918.000000;918.000000;100.000000;0.000000;0.000000;-nan;            541ms 462μs 351ns;                          0ns
3c220;8;0;37;19;4;13;13.000000;13.000000;100.000000;919.000000;919.000000;100.000000;0.000000;0.000000;-nan;            575ms 451μs 789ns;                          0ns
3c238;12;0;26;20;4;11;11.000000;11.000000;100.000000;781.000000;781.000000;100.000000;0.000000;0.000000;-nan;            611ms 231μs 770ns;                          0ns
3c1cd;9;0;32;13;4;10;10.000000;10.000000;100.000000;780.000000;780.000000;100.000000;0.000000;0.000000;-nan;            549ms 930μs 718ns;                          0ns
3c1df;11;0;40;17;4;14;14.000000;14.000000;100.000000;777.000000;777.000000;100.000000;0.000000;0.000000;-nan;            693ms 222μs 103ns;                          0ns
3c1f3;9;0;42;17;4;14;14.000000;14.000000;100.000000;954.000000;954.000000;100.000000;0.000000;0.000000;-nan;            663ms 800μs 229ns;                          0ns
3c1bb;10;0;33;15;4;11;11.000000;11.000000;100.000000;785.000000;785.000000;100.000000;0.000000;0.000000;-nan;            410ms 800μs 833ns;                          0ns
3c1be;18;1;25;26;5;9;10.000000;9.000000;90.000000;776.000000;776.000000;100.000000;0.000000;0.000000;-nan;            496ms 276μs 101ns;             39ms 623μs 202ns
fb302;19;0;80;41;6;18;19.000000;18.000000;94.736842;1489.000000;1489.000000;100.000000;0.000000;0.000000;-nan;         1s 731ms 895μs 373ns;            114ms 590μs 865ns
fb30f;20;0;68;34;6;18;20.000000;18.000000;90.000000;1562.000000;1562.000000;105.826558;0.000000;0.000000;-nan;         1s 934ms  74μs 360ns;            113ms   6μs 541ns
fb31c;20;0;78;42;6;18;19.000000;18.000000;94.736842;1601.000000;1601.000000;100.000000;0.000000;0.000000;-nan;         1s 662ms 276μs 845ns;            118ms 337μs 466ns
fb32a;12;0;70;28;6;16;18.000000;16.000000;88.888889;1488.000000;1488.000000;100.202020;0.000000;0.000000;-nan;         1s 595ms 430μs 689ns;             89ms 361μs 548ns
fb335;16;0;84;34;6;17;18.000000;17.000000;94.444444;1488.000000;1488.000000;100.000000;0.000000;0.000000;-nan;         1s 654ms  64μs 476ns;            188ms   8μs 855ns
fb2ca;17;0;77;40;6;17;18.000000;17.000000;94.444444;1604.000000;1604.000000;100.000000;0.000000;0.000000;-nan;         1s 448ms  34μs 356ns;             80ms 384μs 486ns
fb2cd;21;0;82;37;6;18;19.000000;18.000000;94.736842;1598.000000;1598.000000;100.000000;0.000000;0.000000;-nan;         1s 390ms 524μs 772ns;            197ms 919μs 842ns
fb2d4;25;0;60;37;6;18;20.000000;18.000000;90.000000;1599.000000;1599.000000;104.509804;0.000000;0.000000;-nan;         1s 892ms 107μs  15ns;            268ms 578μs 447ns
fb2e8;16;0;77;33;6;16;17.000000;16.000000;94.117647;1487.000000;1487.000000;100.000000;0.000000;0.000000;-nan;         1s 530ms 930μs 949ns;            145ms 671μs 830ns
fb2f3;22;0;75;43;6;18;19.000000;18.000000;94.736842;1602.000000;1602.000000;100.000000;0.000000;0.000000;-nan;         1s 431ms 516μs 641ns;            236ms 425μs 934ns
1ba8d1;19;0;90;45;6;20;21.000000;20.000000;95.238095;1727.000000;1727.000000;100.000000;0.000000;0.000000;-nan;         1s 910ms 928μs 820ns;            207ms  17μs 887ns
1ba887;17;5;92;40;6;20;21.000000;20.000000;95.238095;1724.000000;1724.000000;100.000000;0.000000;0.000000;-nan;         1s 489ms 156μs 510ns;            164ms 400μs  49ns
1ba896;13;0;91;44;6;19;20.000000;19.000000;95.000000;1732.000000;1732.000000;100.000000;0.000000;0.000000;-nan;         1s 805ms 658μs 995ns;             85ms 539μs 148ns
1ba8a5;27;1;123;39;7;19;21.000000;19.000000;90.476190;1725.000000;1725.000000;100.000000;0.000000;0.000000;-nan;         1s 883ms 136μs 106ns;            314ms 188μs 245ns
1ba8bc;14;0;94;46;6;20;21.000000;20.000000;95.238095;1733.000000;1733.000000;100.000000;0.000000;0.000000;-nan;         1s 896ms 697μs 345ns;            138ms 832μs 535ns
1ba846;19;0;89;40;6;19;20.000000;19.000000;95.000000;1726.000000;1726.000000;100.000000;0.000000;0.000000;-nan;         1s 735ms 892μs 838ns;            112ms 748μs 661ns
1ba849;24;0;110;56;7;19;21.000000;19.000000;90.476190;1729.000000;1729.000000;100.000000;0.000000;0.000000;-nan;         1s 937ms 772μs 350ns;            347ms 484μs 532ns
1ba855;15;0;93;46;6;20;21.000000;20.000000;95.238095;1728.000000;1728.000000;100.000000;0.000000;0.000000;-nan;         1s 428ms 766μs 533ns;             84ms 748μs 582ns
1ba865;19;0;86;49;6;20;21.000000;20.000000;95.238095;1731.000000;1731.000000;100.000000;0.000000;0.000000;-nan;         1s 554ms 567μs 336ns;            184ms 570μs 970ns
1ba876;17;0;98;39;6;20;21.000000;20.000000;95.238095;1730.000000;1730.000000;100.000000;0.000000;0.000000;-nan;         1s 823ms 391μs 155ns;             86ms 314μs 423ns
39d82;9;0;33;16;4;11;11.000000;11.000000;100.000000;918.000000;918.000000;100.000000;0.000000;0.000000;-nan;            592ms 960μs 721ns;                          0ns
39d97;11;0;27;16;4;10;10.000000;10.000000;100.000000;778.000000;778.000000;100.000000;0.000000;0.000000;-nan;            646ms 166μs 183ns;                          0ns
39d57;11;0;25;18;4;10;10.000000;10.000000;100.000000;781.000000;781.000000;100.000000;0.000000;0.000000;-nan;            541ms 455μs  31ns;                          0ns
39d60;13;0;26;15;4;10;10.000000;10.000000;100.000000;777.000000;777.000000;100.000000;0.000000;0.000000;-nan;            652ms 562μs  22ns;                          0ns
39d76;13;8;42;17;5;11;12.000000;11.000000;91.666667;953.000000;953.000000;100.000000;0.000000;0.000000;-nan;            457ms 628μs 623ns;             92ms 294μs 481ns
39d08;9;0;42;13;4;13;13.000000;13.000000;100.000000;921.000000;921.000000;100.000000;0.000000;0.000000;-nan;            344ms  22μs 624ns;                          0ns
39d0b;19;0;48;19;5;14;15.000000;14.000000;93.333333;984.000000;984.000000;105.353319;0.000000;0.000000;-nan;            716ms 550μs 396ns;                        -536038353985501ns
39d1b;8;0;37;15;4;12;12.000000;12.000000;100.000000;954.000000;954.000000;100.000000;0.000000;0.000000;-nan;            443ms  24μs 965ns;                          0ns
39d2a;10;0;35;13;4;11;11.000000;11.000000;100.000000;920.000000;920.000000;100.000000;0.000000;0.000000;-nan;            589ms 419μs 682ns;                          0ns
39d3a;6;0;32;16;4;10;10.000000;10.000000;100.000000;780.000000;780.000000;100.000000;0.000000;0.000000;-nan;            602ms 134μs 574ns;                          0ns
1b86d2;17;0;91;46;6;20;21.000000;20.000000;95.238095;1731.000000;1731.000000;100.000000;0.000000;0.000000;-nan;         1s 711ms 141μs 812ns;             83ms  40μs 920ns
1b8695;22;0;102;46;7;19;22.000000;19.000000;86.363636;1724.000000;1724.000000;100.000000;0.000000;0.000000;-nan;         1s 885ms 323μs 993ns;            203ms 152μs 199ns
1b86a9;16;0;89;49;6;20;21.000000;20.000000;95.238095;1733.000000;1733.000000;100.000000;0.000000;0.000000;-nan;         1s 535ms 981μs 828ns;            220ms 264μs  66ns
1b86ba;17;2;93;36;6;19;20.000000;19.000000;95.000000;1725.000000;1725.000000;100.000000;0.000000;0.000000;-nan;         1s 410ms 490μs 313ns;            121ms 829μs 879ns
1b864b;13;1;88;46;6;19;20.000000;19.000000;95.000000;1728.000000;1728.000000;100.000000;0.000000;0.000000;-nan;            837ms 510μs 710ns;             84ms  80μs 345ns
1b865a;23;0;114;53;7;19;21.000000;19.000000;90.476190;1729.000000;1729.000000;100.000000;0.000000;0.000000;-nan;         1s 774ms  65μs 905ns;            295ms 447μs 502ns
1b8676;16;0;93;39;6;19;20.000000;19.000000;95.000000;1730.000000;1730.000000;100.000000;0.000000;0.000000;-nan;         1s 422ms 930μs 854ns;            134ms  83μs 250ns
1b8683;13;0;95;40;6;19;20.000000;19.000000;95.000000;1732.000000;1732.000000;100.000000;0.000000;0.000000;-nan;         1s 497ms 706μs 586ns;            106ms 455μs 712ns
1b8637;24;0;92;52;6;22;23.000000;22.000000;95.652174;1726.000000;1726.000000;100.000000;0.000000;0.000000;-nan;         1s 716ms 544μs 671ns;            333ms 179μs 564ns
1b863c;14;0;92;42;6;19;20.000000;19.000000;95.000000;1727.000000;1727.000000;100.000000;0.000000;0.000000;-nan;         1s 342ms 789μs  20ns;            133ms 485μs 604ns
f7e17;22;0;45;19;5;14;15.000000;14.000000;93.333333;1295.000000;1295.000000;100.000000;0.000000;0.000000;-nan;            996ms 230μs 825ns;            141ms 700μs 203ns
f7e29;19;0;44;23;5;14;15.000000;14.000000;93.333333;1291.000000;1291.000000;100.000000;0.000000;0.000000;-nan;            963ms 162μs 209ns;             68ms  20μs 271ns
f7e38;23;0;69;34;6;16;17.000000;16.000000;94.117647;1488.000000;1488.000000;100.000000;0.000000;0.000000;-nan;            916ms 460μs 698ns;            149ms 852μs 127ns
f7dc5;3;0;69;24;5;17;17.000000;17.000000;100.000000;1597.000000;1597.000000;100.000000;0.000000;0.000000;-nan;            188ms 484μs 227ns;                          0ns
f7dcc;3;0;69;24;5;17;17.000000;17.000000;100.000000;1602.000000;1602.000000;100.000000;0.000000;0.000000;-nan;            161ms  69μs 981ns;                          0ns
f7dd7;26;0;40;20;5;14;15.000000;14.000000;93.333333;1292.000000;1292.000000;100.000000;0.000000;0.000000;-nan;            936ms 499μs 795ns;             67ms 247μs 596ns
f7df9;25;0;64;37;6;16;17.000000;16.000000;94.117647;1487.000000;1487.000000;100.134680;0.000000;0.000000;-nan;            861ms 279μs 762ns;            262ms 935μs 251ns
f7da1;2;0;68;26;5;17;17.000000;17.000000;100.000000;1605.000000;1605.000000;100.000000;0.000000;0.000000;-nan;             68ms 302μs   9ns;                          0ns
f7da5;1;8;64;23;5;17;17.000000;17.000000;100.000000;1604.000000;1604.000000;100.000000;0.000000;0.000000;-nan;            112ms 994μs 591ns;                          0ns
f7db0;1;0;72;23;5;17;17.000000;17.000000;100.000000;1601.000000;1601.000000;100.000000;0.000000;0.000000;-nan;            107ms 231μs 657ns;                          0ns
37c55;22;0;51;19;6;9;11.000000;9.000000;81.818182;777.000000;777.000000;100.647668;0.000000;0.000000;-nan;            882ms 410μs 111ns;            116ms 554μs 933ns
37c01;13;0;31;16;4;12;12.000000;12.000000;100.000000;778.000000;778.000000;100.000000;0.000000;0.000000;-nan;            601ms 270μs 390ns;                          0ns
37c13;13;0;30;21;4;13;13.000000;13.000000;100.000000;925.000000;925.000000;100.000000;0.000000;0.000000;-nan;            451ms 370μs 748ns;                          0ns
37c19;12;0;28;14;4;10;10.000000;10.000000;100.000000;770.000000;770.000000;100.000000;0.000000;0.000000;-nan;            505ms  99μs 594ns;                          0ns
37c2a;9;0;38;11;4;11;11.000000;11.000000;100.000000;920.000000;920.000000;100.000000;0.000000;0.000000;-nan;            519ms 273μs 846ns;                          0ns
37c3d;13;0;28;13;4;10;10.000000;10.000000;100.000000;775.000000;775.000000;100.000000;0.000000;0.000000;-nan;            622ms 414μs 568ns;                          0ns
37bd0;11;0;30;17;4;11;11.000000;11.000000;100.000000;919.000000;919.000000;100.000000;0.000000;0.000000;-nan;            406ms 280μs 647ns;                          0ns
37be9;12;0;22;20;4;10;10.000000;10.000000;100.000000;781.000000;781.000000;100.000000;0.000000;0.000000;-nan;            565ms 515μs 246ns;                          0ns
37bb9;9;0;29;16;4;10;10.000000;10.000000;100.000000;776.000000;776.000000;100.000000;0.000000;0.000000;-nan;            319ms 763μs 242ns;                          0ns
37bbe;12;0;27;21;4;12;12.000000;12.000000;100.000000;918.000000;918.000000;100.000000;0.000000;0.000000;-nan;            382ms 505μs 564ns;                          0ns
1b64a2;18;0;90;46;6;20;21.000000;20.000000;95.238095;1733.000000;1733.000000;100.000000;0.000000;0.000000;-nan;         1s 986ms 548μs 249ns;            164ms 263μs 131ns
1b64c4;11;8;93;42;6;20;21.000000;20.000000;95.238095;1731.000000;1731.000000;100.000000;0.000000;0.000000;-nan;         1s 783ms 559μs 972ns;            219ms 129μs 927ns
1b644f;17;8;85;44;6;20;21.000000;20.000000;95.238095;1727.000000;1727.000000;100.000000;0.000000;0.000000;-nan;         1s 577ms 723μs 860ns;            207ms  30μs 851ns
1b646a;12;2;96;38;6;19;20.000000;19.000000;95.000000;1732.000000;1732.000000;100.000000;0.000000;0.000000;-nan;         1s 681ms  57μs 445ns;            219ms 215μs 226ns
1b647c;16;0;93;39;6;19;20.000000;19.000000;95.000000;1730.000000;1730.000000;100.000000;0.000000;0.000000;-nan;         1s 828ms 598μs 584ns;             82ms 364μs 574ns
1b6426;21;0;89;38;6;19;20.000000;19.000000;95.000000;1724.000000;1724.000000;100.000000;0.000000;0.000000;-nan;         1s 787ms 306μs 146ns;            124ms 553μs 714ns
1b642f;18;0;106;46;7;19;22.000000;19.000000;86.363636;1728.000000;1728.000000;100.000000;0.000000;0.000000;-nan;         1s 762ms 911μs 279ns;            272ms  56μs 516ns
1b643d;20;3;88;43;6;20;21.000000;20.000000;95.238095;1729.000000;1729.000000;100.000000;0.000000;0.000000;-nan;         1s 411ms 341μs 920ns;            168ms 578μs 178ns
1b63f4;19;20;93;58;7;19;21.000000;19.000000;90.476190;1728.000000;1728.000000;100.115875;0.000000;0.000000;-nan;         1s 105ms 671μs 814ns;            297ms 543μs 677ns
1b63f9;26;8;111;45;7;19;21.000000;19.000000;90.476190;1725.000000;1725.000000;100.000000;0.000000;0.000000;-nan;         1s 708ms 360μs 200ns;            244ms 382μs 142ns
3588f;15;0;22;17;4;10;10.000000;10.000000;100.000000;775.000000;775.000000;100.000000;0.000000;0.000000;-nan;            754ms 606μs 508ns;                          0ns
35847;11;0;22;21;4;10;10.000000;10.000000;100.000000;771.000000;771.000000;100.000000;0.000000;0.000000;-nan;            672ms 450μs  50ns;                          0ns
35858;14;0;20;20;4;10;10.000000;10.000000;100.000000;766.000000;766.000000;100.000000;0.000000;0.000000;-nan;            816ms 725μs 246ns;                          0ns
3586d;22;3;27;24;5;10;11.000000;10.000000;90.909091;918.000000;918.000000;100.000000;0.000000;0.000000;-nan;            527ms 915μs 182ns;             88ms 956μs 470ns
35878;11;0;27;16;4;10;10.000000;10.000000;100.000000;770.000000;770.000000;100.000000;0.000000;0.000000;-nan;            634ms 139μs  88ns;                          0ns
35804;11;0;25;18;4;10;10.000000;10.000000;100.000000;776.000000;776.000000;100.000000;0.000000;0.000000;-nan;            385ms 323μs 801ns;                          0ns
35807;10;0;37;11;4;11;11.000000;11.000000;100.000000;920.000000;920.000000;100.000000;0.000000;0.000000;-nan;            433ms 201μs 504ns;                          0ns
35814;14;0;22;24;4;12;12.000000;12.000000;100.000000;768.000000;768.000000;100.000000;0.000000;0.000000;-nan;            643ms 721μs 818ns;                          0ns
35823;11;0;31;16;4;11;11.000000;11.000000;100.000000;781.000000;781.000000;100.000000;0.000000;0.000000;-nan;            469ms 730μs 332ns;                          0ns
35833;13;0;29;22;4;13;13.000000;13.000000;100.000000;888.000000;888.000000;100.000000;0.000000;0.000000;-nan;            687ms 542μs 978ns;                          0ns
1b4193;16;0;93;45;6;20;21.000000;20.000000;95.238095;1727.000000;1727.000000;100.000000;0.000000;0.000000;-nan;         1s 804ms 272μs 824ns;             97ms 377μs 749ns
1b41a3;12;0;96;46;6;20;21.000000;20.000000;95.238095;1731.000000;1731.000000;100.000000;0.000000;0.000000;-nan;         1s 752ms 663μs  91ns;             84ms 159μs 918ns
1b41b1;16;8;82;48;6;20;21.000000;20.000000;95.238095;1733.000000;1733.000000;100.000000;0.000000;0.000000;-nan;         1s 504ms 266μs 347ns;            213ms 821μs 637ns
1b4150;17;0;91;54;6;21;22.000000;21.000000;95.454545;1726.000000;1726.000000;100.000000;0.000000;0.000000;-nan;         1s 828ms 462μs 245ns;            292ms 537μs  57ns
1b4160;20;0;109;61;7;19;21.000000;19.000000;90.476190;1728.000000;1728.000000;100.000000;0.000000;0.000000;-nan;         1s 931ms 839μs 313ns;            325ms 636μs 250ns
1b416f;23;0;115;52;7;19;21.000000;19.000000;90.476190;1730.000000;1730.000000;100.000000;0.000000;0.000000;-nan;         1s 954ms 506μs 380ns;            315ms 655μs 637ns
1b4183;16;0;89;43;6;19;20.000000;19.000000;95.000000;1729.000000;1729.000000;100.000000;0.000000;0.000000;-nan;         1s 816ms  79μs 529ns;            117ms 727μs 468ns
1b4129;23;0;110;57;7;19;21.000000;19.000000;90.476190;1728.000000;1728.000000;100.290192;0.000000;0.000000;-nan;         1s 951ms 121μs 713ns;            381ms 683μs 451ns
1b412e;22;0;116;52;7;19;21.000000;19.000000;90.476190;1732.000000;1732.000000;100.000000;0.000000;0.000000;-nan;         1s 852ms 709μs 796ns;            476ms 637μs 554ns
1b413f;24;0;95;49;6;22;23.000000;22.000000;95.652174;1741.000000;1741.000000;100.000000;0.000000;0.000000;-nan;         1s 684ms 395μs 855ns;             84ms 206μs 416ns
f4081;6;0;71;29;5;19;19.000000;19.000000;100.000000;1605.000000;1605.000000;100.000000;0.000000;0.000000;-nan;            345ms  57μs 579ns;                          0ns
f408c;6;0;72;34;5;20;20.000000;20.000000;100.000000;1726.000000;1726.000000;100.000000;0.000000;0.000000;-nan;            390ms 822μs  92ns;                          0ns
f409f;7;0;74;31;5;20;20.000000;20.000000;100.000000;1602.000000;1602.000000;100.000000;0.000000;0.000000;-nan;            404ms  61μs 389ns;                          0ns
f4040;6;0;76;30;5;20;20.000000;20.000000;100.000000;1722.000000;1722.000000;100.000000;0.000000;0.000000;-nan;            389ms 812μs 615ns;                          0ns
f404d;7;0;72;27;5;19;19.000000;19.000000;100.000000;1603.000000;1603.000000;100.000000;0.000000;0.000000;-nan;            333ms 428μs 282ns;                          0ns
f4054;9;0;84;33;6;19;21.000000;19.000000;90.476190;1604.000000;1604.000000;100.000000;0.000000;0.000000;-nan;            420ms 135μs 159ns;             91ms 686μs 564ns
f4061;5;0;79;22;5;19;19.000000;19.000000;100.000000;1601.000000;1601.000000;100.000000;0.000000;0.000000;-nan;            267ms 574μs 837ns;                          0ns
f4075;5;0;77;24;5;19;19.000000;19.000000;100.000000;1600.000000;1600.000000;100.000000;0.000000;0.000000;-nan;            249ms 187μs 853ns;                          0ns
f4030;9;0;71;36;5;21;21.000000;21.000000;100.000000;1699.000000;1699.000000;100.000000;0.000000;0.000000;-nan;            438ms 323μs 114ns;                          0ns
f4038;7;0;85;30;5;22;22.000000;22.000000;100.000000;1704.000000;1704.000000;100.000000;0.000000;0.000000;-nan;            406ms 365μs 288ns;                          0ns
33241;14;0;25;17;5;9;11.000000;9.000000;81.818182;747.000000;747.000000;99.732977;0.000000;0.000000;-nan;            795ms 467μs 995ns;             41ms 406μs 613ns
3324c;15;0;22;17;4;10;10.000000;10.000000;100.000000;762.000000;762.000000;100.000000;0.000000;0.000000;-nan;            533ms 862μs 178ns;                          0ns
33255;9;0;30;15;4;10;10.000000;10.000000;100.000000;748.000000;748.000000;100.000000;0.000000;0.000000;-nan;            687ms 643μs 683ns;                          0ns
3325e;26;0;39;27;6;9;11.000000;9.000000;81.818182;781.000000;781.000000;102.898551;0.000000;0.000000;-nan;            982ms 946μs 293ns;            109ms 989μs  11ns
33267;22;0;25;27;6;7;9.000000;7.000000;77.777778;747.000000;747.000000;100.000000;0.000000;0.000000;-nan;            938ms 136μs 363ns;            191ms 117μs 165ns
3326e;19;0;37;18;6;7;9.000000;7.000000;77.777778;746.000000;746.000000;100.000000;0.000000;0.000000;-nan;            816ms 243μs 979ns;            132ms 365μs 195ns
3321d;11;0;33;16;4;12;12.000000;12.000000;100.000000;920.000000;920.000000;100.000000;0.000000;0.000000;-nan;            495ms  48μs 665ns;                          0ns
33223;19;0;44;13;5;10;11.000000;10.000000;90.909091;781.000000;781.000000;101.958225;0.000000;0.000000;-nan;            790ms 632μs  84ns;            151ms 257μs 986ns
3322e;14;0;27;17;4;11;11.000000;11.000000;100.000000;773.000000;773.000000;100.000000;0.000000;0.000000;-nan;            642ms 233μs 277ns;                          0ns
33236;11;0;30;17;4;11;11.000000;11.000000;100.000000;768.000000;768.000000;100.000000;0.000000;0.000000;-nan;            651ms 161μs 364ns;                          0ns
1b1f48;15;0;91;48;6;20;21.000000;20.000000;95.238095;1733.000000;1733.000000;100.000000;0.000000;0.000000;-nan;         1s 619ms 822μs 900ns;            216ms 983μs 392ns
1b1f59;22;0;108;60;7;19;21.000000;19.000000;90.476190;1728.000000;1728.000000;100.000000;0.000000;0.000000;-nan;         1s 979ms 888μs 725ns;            269ms  39μs 974ns
1b1f6c;16;0;89;43;6;19;20.000000;19.000000;95.000000;1730.000000;1730.000000;100.000000;0.000000;0.000000;-nan;         1s 750ms 439μs 600ns;            172ms 348μs 937ns
1b1f08;18;0;97;39;6;20;21.000000;20.000000;95.238095;1732.000000;1732.000000;100.000000;0.000000;0.000000;-nan;         1s 595ms 681μs  83ns;            276ms 893μs 943ns
1b1f1a;16;0;89;43;6;19;20.000000;19.000000;95.000000;1729.000000;1729.000000;100.000000;0.000000;0.000000;-nan;         1s 578ms 418μs  45ns;             80ms 937μs 925ns
1b1f26;19;0;90;45;6;20;21.000000;20.000000;95.238095;1731.000000;1731.000000;100.000000;0.000000;0.000000;-nan;         1s 795ms  72μs 570ns;            254ms 640μs 997ns
1b1f3b;23;0;114;63;7;20;22.000000;20.000000;90.909091;1725.000000;1725.000000;100.000000;0.000000;0.000000;-nan;         2s  29ms  41μs 186ns;            429ms 370μs 676ns
1b1eea;24;0;85;45;6;20;21.000000;20.000000;95.238095;1721.000000;1721.000000;100.000000;0.000000;0.000000;-nan;         1s 970ms  78μs 478ns;             86ms 130μs 126ns
1b1eef;19;0;97;46;6;21;22.000000;21.000000;95.454545;1727.000000;1727.000000;100.000000;0.000000;0.000000;-nan;         1s 668ms  68μs 140ns;            253ms 284μs  79ns
1b1efb;18;0;87;49;6;20;21.000000;20.000000;95.238095;1726.000000;1726.000000;100.000000;0.000000;0.000000;-nan;         1s 395ms 146μs  67ns;            216ms 177μs 543ns
f1814;16;0;87;31;6;17;18.000000;17.000000;94.444444;1601.000000;1601.000000;100.000000;0.000000;0.000000;-nan;         1s 388ms 460μs 628ns;             79ms 586μs 633ns
f17c7;21;0;107;44;7;17;19.000000;17.000000;89.473684;1597.000000;1597.000000;100.000000;0.000000;0.000000;-nan;         1s 555ms 818μs 279ns;            235ms  62μs 227ns
f17d9;24;0;92;32;6;19;20.000000;19.000000;95.000000;1605.000000;1605.000000;100.000000;0.000000;0.000000;-nan;         1s 474ms 470μs 633ns;            344ms 602μs 780ns
f17e7;23;0;81;36;6;18;19.000000;18.000000;94.736842;1604.000000;1604.000000;100.250000;0.000000;0.000000;-nan;         1s 400ms 945μs 999ns;            278ms 432μs 505ns
f17f5;22;0;105;45;7;17;19.000000;17.000000;89.473684;1602.000000;1602.000000;100.000000;0.000000;0.000000;-nan;         1s 562ms  84μs 467ns;            285ms  22μs 110ns
f17ff;17;0;83;34;6;17;18.000000;17.000000;94.444444;1604.000000;1604.000000;100.000000;0.000000;0.000000;-nan;         1s 329ms 197μs 569ns;             77ms 615μs 775ns
f178d;1;0;70;25;5;17;17.000000;17.000000;100.000000;1599.000000;1599.000000;100.000000;0.000000;0.000000;-nan;             44ms 137μs  20ns;                          0ns
f1792;2;0;68;26;5;17;17.000000;17.000000;100.000000;1603.000000;1603.000000;100.000000;0.000000;0.000000;-nan;             70ms 691μs 510ns;                          0ns
f179b;16;0;69;29;6;17;19.000000;17.000000;89.473684;1605.000000;1605.000000;100.438048;0.000000;0.000000;-nan;         1s  75ms  26μs 551ns;             78ms 837μs 620ns
f17b8;34;0;105;51;7;19;21.000000;19.000000;90.476190;1706.000000;1706.000000;100.000000;0.000000;0.000000;-nan;         1s 702ms 136μs 371ns;            335ms 261μs 576ns
30b41;15;0;24;15;4;10;10.000000;10.000000;100.000000;758.000000;758.000000;100.000000;0.000000;0.000000;-nan;            695ms 399μs 655ns;                          0ns
30b13;12;0;29;17;4;11;11.000000;11.000000;100.000000;920.000000;920.000000;100.000000;0.000000;0.000000;-nan;            555ms 285μs 490ns;                          0ns
30b29;11;0;19;18;4;9;9.000000;9.000000;100.000000;749.000000;749.000000;100.000000;0.000000;0.000000;-nan;            612ms 231μs 239ns;                          0ns
30b3c;10;0;20;18;4;9;9.000000;9.000000;100.000000;747.000000;747.000000;100.000000;0.000000;0.000000;-nan;            651ms 426μs   7ns;                          0ns
30ac4;11;0;32;11;4;10;10.000000;10.000000;100.000000;763.000000;763.000000;100.000000;0.000000;0.000000;-nan;            462ms 274μs 423ns;                          0ns
30ad8;20;20;15;17;5;9;10.000000;9.000000;90.000000;773.000000;773.000000;100.000000;0.000000;0.000000;-nan;            670ms 416μs 358ns;             41ms 615μs 464ns
30aed;11;0;32;15;4;11;11.000000;11.000000;100.000000;780.000000;780.000000;100.000000;0.000000;0.000000;-nan;            528ms 357μs 257ns;                          0ns
30afc;19;0;35;20;6;7;9.000000;7.000000;77.777778;746.000000;746.000000;99.732620;0.000000;0.000000;-nan;            733ms 241μs 749ns;            194ms 409μs 304ns
30ab0;12;0;31;11;4;10;10.000000;10.000000;100.000000;761.000000;761.000000;100.000000;0.000000;0.000000;-nan;            334ms 601μs 850ns;                          0ns
30ab4;11;0;30;13;4;10;10.000000;10.000000;100.000000;770.000000;770.000000;100.000000;0.000000;0.000000;-nan;            350ms 425μs  16ns;                          0ns
1afdc6;14;1;91;42;6;19;20.000000;19.000000;95.000000;1732.000000;1732.000000;100.000000;0.000000;0.000000;-nan;         1s  82ms 321μs 353ns;             89ms 479μs 712ns
1afddb;14;0;88;46;6;19;20.000000;19.000000;95.000000;1731.000000;1731.000000;100.000000;0.000000;0.000000;-nan;         1s 501ms 549μs 840ns;            137ms 827μs 314ns
1afdea;13;0;92;49;6;20;21.000000;20.000000;95.238095;1733.000000;1733.000000;100.000000;0.000000;0.000000;-nan;         1s 430ms 771μs 474ns;            121ms 671μs 818ns
1afd87;20;0;107;43;7;19;22.000000;19.000000;86.363636;1727.000000;1727.000000;100.174014;0.000000;0.000000;-nan;         1s 590ms 894μs 742ns;            231ms 495μs 822ns
1afd96;17;0;89;48;6;20;21.000000;20.000000;95.238095;1733.000000;1733.000000;100.173410;0.000000;0.000000;-nan;         1s 386ms 956μs 553ns;            167ms 152μs 831ns
1afda7;16;0;94;38;6;19;20.000000;19.000000;95.000000;1729.000000;1729.000000;100.000000;0.000000;0.000000;-nan;         1s 315ms 529μs 443ns;             86ms 377μs 984ns
1afdb7;11;7;85;45;6;19;20.000000;19.000000;95.000000;1727.000000;1727.000000;100.000000;0.000000;0.000000;-nan;            979ms 966μs 327ns;             85ms 319μs 682ns
1afd5e;18;0;100;52;7;19;22.000000;19.000000;86.363636;1731.000000;1731.000000;100.289687;0.000000;0.000000;-nan;         1s 512ms 396μs 306ns;            179ms 972μs 584ns
1afd63;18;0;82;34;6;20;22.000000;20.000000;90.909091;1725.000000;1725.000000;100.000000;0.000000;0.000000;-nan;         1s 506ms 863μs 148ns;             85ms 280μs  10ns
1afd78;13;0;92;43;6;19;20.000000;19.000000;95.000000;1728.000000;1728.000000;100.000000;0.000000;0.000000;-nan;         1s 208ms 289μs 592ns;            125ms 247μs 344ns
ee007;4;0;72;30;5;19;19.000000;19.000000;100.000000;1604.000000;1604.000000;100.000000;0.000000;0.000000;-nan;            419ms 824μs 214ns;                          0ns
edfc1;7;0;69;30;5;19;19.000000;19.000000;100.000000;1605.000000;1605.000000;100.000000;0.000000;0.000000;-nan;            303ms 984μs 837ns;                          0ns
edfc9;6;9;63;24;5;18;18.000000;18.000000;100.000000;1603.000000;1603.000000;100.000000;0.000000;0.000000;-nan;            295ms  43μs 145ns;                          0ns
edfd9;3;0;82;31;5;21;21.000000;21.000000;100.000000;1708.000000;1708.000000;100.000000;0.000000;0.000000;-nan;            245ms 183μs 405ns;                          0ns
edfe3;6;0;96;20;5;22;22.000000;22.000000;100.000000;1731.000000;1731.000000;100.000000;0.000000;0.000000;-nan;            442ms 222μs 576ns;                          0ns
edff4;6;0;78;32;5;21;21.000000;21.000000;100.000000;1704.000000;1704.000000;100.000000;0.000000;0.000000;-nan;            479ms 405μs 522ns;                          0ns
2df85;9;0;11;8;3;8;8.000000;8.000000;100.000000;747.000000;747.000000;100.000000;0.000000;0.000000;-nan;            586ms 346μs 951ns;                          0ns
edf94;7;0;83;32;5;22;22.000000;22.000000;100.000000;1703.000000;1703.000000;100.000000;0.000000;0.000000;-nan;            319ms 516μs 873ns;                          0ns
edf9c;9;0;84;29;5;22;22.000000;22.000000;100.000000;1716.000000;1716.000000;100.000000;0.000000;0.000000;-nan;            427ms 650μs 358ns;                          0ns
edfaa;8;0;82;32;5;22;22.000000;22.000000;100.000000;1705.000000;1705.000000;100.000000;0.000000;0.000000;-nan;            397ms 754μs 638ns;                          0ns
edfb6;6;0;78;28;5;20;20.000000;20.000000;100.000000;1699.000000;1699.000000;100.000000;0.000000;0.000000;-nan;            314ms 988μs  82ns;                          0ns
2df4d;12;0;27;19;4;11;11.000000;11.000000;100.000000;761.000000;761.000000;100.000000;0.000000;0.000000;-nan;            651ms 235μs 594ns;                          0ns
2df5b;22;10;31;21;6;8;10.000000;8.000000;80.000000;746.000000;746.000000;100.000000;0.000000;0.000000;-nan;            783ms 978μs 661ns;            164ms 184μs 160ns
2df6f;11;0;34;13;4;11;11.000000;11.000000;100.000000;781.000000;781.000000;100.000000;0.000000;0.000000;-nan;            566ms 926μs 796ns;                          0ns
2df13;14;8;26;14;5;8;9.000000;8.000000;88.888889;749.000000;749.000000;100.000000;0.000000;0.000000;-nan;            524ms 738μs 695ns;            123ms 384μs 688ns
2df25;8;0;23;17;4;9;9.000000;9.000000;100.000000;737.000000;737.000000;100.000000;0.000000;0.000000;-nan;            483ms 628μs   3ns;                          0ns
2df3d;13;0;27;14;5;8;10.000000;8.000000;80.000000;747.000000;747.000000;107.173601;0.000000;0.000000;-nan;            710ms 722μs 237ns;             38ms 392μs 424ns
2deee;11;0;19;18;4;9;9.000000;9.000000;100.000000;661.000000;661.000000;100.000000;0.000000;0.000000;-nan;            616ms 221μs  10ns;                          0ns
2def4;14;0;25;15;4;10;10.000000;10.000000;100.000000;745.000000;745.000000;100.000000;0.000000;0.000000;-nan;            400ms 956μs 100ns;                          0ns
2defc;20;8;25;21;6;7;9.000000;7.000000;77.777778;747.000000;747.000000;112.839879;0.000000;0.000000;-nan;            728ms 477μs  61ns;            204ms 540μs 358ns
1adc08;24;8;88;50;7;19;22.000000;19.000000;86.363636;1728.000000;1728.000000;100.173913;0.000000;0.000000;-nan;         1s 834ms 232μs 483ns;            343ms 453μs 254ns
1adc19;13;0;92;49;6;20;21.000000;20.000000;95.238095;1733.000000;1733.000000;100.000000;0.000000;0.000000;-nan;         1s 629ms 733μs 757ns;            185ms 424μs 500ns
1adbcb;15;0;91;48;6;20;21.000000;20.000000;95.238095;1727.000000;1727.000000;100.000000;0.000000;0.000000;-nan;         1s 367ms 631μs 227ns;            216ms 322μs 522ns
1adbde;11;0;98;39;6;19;20.000000;19.000000;95.000000;1732.000000;1732.000000;100.000000;0.000000;0.000000;-nan;         1s 494ms 568μs 333ns;             84ms  31μs 643ns
1adbee;19;0;97;38;6;20;21.000000;20.000000;95.238095;1730.000000;1730.000000;100.000000;0.000000;0.000000;-nan;         1s 831ms 959μs 425ns;            163ms 331μs 182ns
1adbfb;22;0;104;44;7;19;22.000000;19.000000;86.363636;1728.000000;1728.000000;100.000000;0.000000;0.000000;-nan;         1s 857ms  75μs  43ns;            211ms 722μs 503ns
1adb9d;18;0;87;49;6;20;21.000000;20.000000;95.238095;1733.000000;1733.000000;100.580383;0.000000;0.000000;-nan;         1s 708ms 785μs 795ns;            367ms 950μs 938ns
1adba1;24;0;105;41;7;19;22.000000;19.000000;86.363636;1729.000000;1729.000000;100.290023;0.000000;0.000000;-nan;         1s 952ms 314μs 468ns;            199ms 600μs 857ns
1adbb0;20;0;93;41;6;20;21.000000;20.000000;95.238095;1729.000000;1729.000000;100.000000;0.000000;0.000000;-nan;         1s 640ms 773μs 676ns;            170ms 387μs 337ns
1adbbc;17;0;94;43;6;20;21.000000;20.000000;95.238095;1731.000000;1731.000000;100.000000;0.000000;0.000000;-nan;         1s 478ms 928μs 133ns;             81ms 866μs 370ns
ebb43;26;0;106;40;7;17;19.000000;17.000000;89.473684;1601.000000;1601.000000;105.676568;0.000000;0.000000;-nan;         1s 895ms 877μs 116ns;            225ms 457μs 692ns
ebb4b;13;0;80;33;6;16;17.000000;16.000000;94.117647;1487.000000;1487.000000;100.000000;0.000000;0.000000;-nan;         1s 500ms 367μs 166ns;             73ms 710μs 803ns
ebb01;21;0;84;35;6;18;19.000000;18.000000;94.736842;1606.000000;1606.000000;100.000000;0.000000;0.000000;-nan;         1s 437ms 604μs 252ns;            210ms 746μs   2ns
ebb0e;17;0;79;38;6;17;18.000000;17.000000;94.444444;1561.000000;1561.000000;100.000000;0.000000;0.000000;-nan;         1s 508ms 981μs 129ns;             80ms 360μs  50ns
ebb1a;26;0;66;34;6;16;17.000000;16.000000;94.117647;1488.000000;1488.000000;100.000000;0.000000;0.000000;-nan;         1s 936ms 170μs 911ns;            193ms 479μs 483ns
ebb2b;21;0;86;33;6;18;19.000000;18.000000;94.736842;1601.000000;1601.000000;102.628205;0.000000;0.000000;-nan;         1s 683ms 739μs 938ns;            276ms 493μs 970ns
ebadd;17;0;82;35;6;17;18.000000;17.000000;94.444444;1601.000000;1601.000000;100.000000;0.000000;0.000000;-nan;         1s 648ms 961μs  69ns;            118ms  94μs 378ns
ebae2;25;0;86;43;7;17;20.000000;17.000000;85.000000;1603.000000;1603.000000;100.000000;0.000000;0.000000;-nan;         1s 938ms 518μs 100ns;            156ms 428μs 765ns
ebaea;26;0;100;46;7;17;19.000000;17.000000;89.473684;1602.000000;1602.000000;100.000000;0.000000;0.000000;-nan;         1s 864ms 985μs 862ns;            512ms 196μs 309ns
ebaf7;17;0;82;35;6;17;18.000000;17.000000;94.444444;1599.000000;1599.000000;100.000000;0.000000;0.000000;-nan;         1s 466ms 561μs 864ns;            102ms 781μs 163ns
1aba91;20;0;97;45;6;21;22.000000;21.000000;95.454545;1724.000000;1724.000000;100.000000;0.000000;0.000000;-nan;         1s 754ms 906μs 902ns;            402ms 159μs  16ns
1aba52;21;0;111;58;7;19;21.000000;19.000000;90.476190;1731.000000;1731.000000;100.000000;0.000000;0.000000;-nan;         1s 710ms 524μs 411ns;            279ms 510μs 733ns
1aba63;27;0;101;42;7;19;22.000000;19.000000;86.363636;1729.000000;1729.000000;99.942197;0.000000;0.000000;-nan;         1s 794ms 129μs 507ns;            268ms 895μs 447ns
1aba72;15;0;92;41;6;19;20.000000;19.000000;95.000000;1727.000000;1727.000000;100.000000;0.000000;0.000000;-nan;         1s 460ms 663μs 980ns;             83ms 539μs 594ns
1aba81;20;0;116;54;7;19;21.000000;19.000000;90.476190;1732.000000;1732.000000;100.000000;0.000000;0.000000;-nan;         1s 737ms 877μs 878ns;            255ms 559μs 471ns
1aba0c;19;0;98;37;6;20;21.000000;20.000000;95.238095;1729.000000;1729.000000;100.000000;0.000000;0.000000;-nan;         1s 417ms 495μs 750ns;            176ms 287μs 411ns
1aba11;14;0;80;40;6;20;22.000000;20.000000;90.909091;1733.000000;1733.000000;100.000000;0.000000;0.000000;-nan;         1s 461ms 481μs 826ns;             84ms 400μs 395ns
1aba21;13;0;93;42;6;19;20.000000;19.000000;95.000000;1725.000000;1725.000000;100.000000;0.000000;0.000000;-nan;         1s 153ms 632μs 790ns;             83ms 627μs 823ns
1aba30;11;0;77;24;5;20;20.000000;20.000000;100.000000;1726.000000;1726.000000;100.000000;0.000000;0.000000;-nan;            845ms 842μs 628ns;                          0ns
1aba44;14;0;81;39;6;20;22.000000;20.000000;90.909091;1733.000000;1733.000000;100.289352;0.000000;0.000000;-nan;         1s 336ms 518μs 960ns;            206ms 816μs  64ns
2b10c;9;0;24;15;4;9;9.000000;9.000000;100.000000;747.000000;747.000000;100.000000;0.000000;0.000000;-nan;            407ms 768μs 629ns;                          0ns
2b120;11;0;7;10;3;8;8.000000;8.000000;100.000000;746.000000;746.000000;100.000000;0.000000;0.000000;-nan;            529ms  27μs 455ns;                          0ns
2b0c7;9;0;13;6;3;8;8.000000;8.000000;100.000000;661.000000;661.000000;100.000000;0.000000;0.000000;-nan;            427ms 371μs 150ns;                          0ns
2b0d9;9;0;11;8;3;8;8.000000;8.000000;100.000000;659.000000;659.000000;100.000000;0.000000;0.000000;-nan;            341ms 717μs 631ns;                          0ns
2b0e0;8;0;14;6;3;8;8.000000;8.000000;100.000000;658.000000;658.000000;100.000000;0.000000;0.000000;-nan;            397ms 292μs 431ns;                          0ns
2b0f0;27;0;34;31;6;9;11.000000;9.000000;81.818182;763.000000;763.000000;100.262812;0.000000;0.000000;-nan;            795ms 546μs 739ns;            124ms 271μs 789ns
2b0f9;9;0;12;7;3;8;8.000000;8.000000;100.000000;738.000000;738.000000;100.000000;0.000000;0.000000;-nan;            402ms 429μs 878ns;                          0ns
2b0af;9;0;19;20;4;9;9.000000;9.000000;100.000000;749.000000;749.000000;100.000000;0.000000;0.000000;-nan;            476ms 294μs 640ns;                          0ns
2b0b3;10;0;10;8;3;8;8.000000;8.000000;100.000000;736.000000;736.000000;100.000000;0.000000;0.000000;-nan;            454ms  35μs 324ns;                          0ns
2b0bf;10;0;21;17;4;9;9.000000;9.000000;100.000000;737.000000;737.000000;100.000000;0.000000;0.000000;-nan;            493ms 208μs 610ns;                          0ns
1a96d6;19;0;90;45;6;20;21.000000;20.000000;95.238095;1730.000000;1730.000000;100.000000;0.000000;0.000000;-nan;         1s 866ms 388μs 375ns;            188ms 435μs 302ns
1a96e8;12;1;93;42;6;19;20.000000;19.000000;95.000000;1732.000000;1732.000000;100.000000;0.000000;0.000000;-nan;         1s 190ms 337μs 125ns;             85ms 989μs   7ns
1a9692;38;0;132;76;8;20;23.000000;20.000000;86.956522;1727.000000;1727.000000;100.000000;0.000000;0.000000;-nan;         2s 348ms 142μs 862ns;            651ms 428μs 186ns
1a96a2;15;0;97;36;6;19;20.000000;19.000000;95.000000;1729.000000;1729.000000;100.000000;0.000000;0.000000;-nan;         1s 647ms 360μs 979ns;            102ms   5μs 217ns
1a96b2;14;0;99;35;6;19;20.000000;19.000000;95.000000;1726.000000;1726.000000;100.000000;0.000000;0.000000;-nan;         1s 692ms   9μs 347ns;             79ms 715μs  73ns
1a96c3;22;0;108;60;7;19;21.000000;19.000000;90.476190;1731.000000;1731.000000;100.000000;0.000000;0.000000;-nan;         2s 107ms 848μs 957ns;            396ms  15μs 499ns
1a9663;48;0;156;78;8;24;27.000000;24.000000;88.888889;1958.000000;1958.000000;100.153453;0.000000;0.000000;-nan;         2s 475ms 225μs 927ns;         1s  47ms 372μs 926ns
1a966a;21;0;114;55;7;19;21.000000;19.000000;90.476190;1728.000000;1728.000000;100.000000;0.000000;0.000000;-nan;         1s 782ms 481μs 710ns;            244ms 445μs 771ns
1a9671;8;0;69;35;5;20;20.000000;20.000000;100.000000;1733.000000;1733.000000;100.000000;0.000000;0.000000;-nan;            803ms 924μs 136ns;                          0ns
1a9682;21;0;116;53;7;19;21.000000;19.000000;90.476190;1725.000000;1725.000000;100.000000;0.000000;0.000000;-nan;         1s 954ms  96μs 210ns;            281ms  92μs 371ns
e8d03;23;0;46;17;5;14;15.000000;14.000000;93.333333;1296.000000;1296.000000;100.000000;0.000000;0.000000;-nan;            726ms 799μs 186ns;             83ms 394μs 437ns
e8d18;13;0;57;26;5;17;17.000000;17.000000;100.000000;1292.000000;1292.000000;100.000000;0.000000;0.000000;-nan;            464ms 764μs 436ns;                          0ns
e8cc2;0;28;53;15;5;17;17.000000;17.000000;100.000000;1602.000000;1602.000000;100.000000;0.000000;0.000000;-nan;              4ms 496μs 768ns;                          0ns
e8cc7;2;4;71;19;5;17;17.000000;17.000000;100.000000;1600.000000;1600.000000;100.000000;0.000000;0.000000;-nan;             66ms 540μs 982ns;                          0ns
e8cd1;3;0;74;25;5;18;18.000000;18.000000;100.000000;1601.000000;1601.000000;100.000000;0.000000;0.000000;-nan;            200ms 253μs 344ns;                          0ns
e8cd7;2;0;72;28;5;18;18.000000;18.000000;100.000000;1597.000000;1597.000000;100.000000;0.000000;0.000000;-nan;            163ms 405μs 731ns;                          0ns
e8ce3;2;8;67;25;5;18;18.000000;18.000000;100.000000;1606.000000;1606.000000;100.000000;0.000000;0.000000;-nan;            116ms 795μs 891ns;                          0ns
e8cee;18;0;74;34;6;16;17.000000;16.000000;94.117647;1487.000000;1487.000000;100.000000;0.000000;0.000000;-nan;            654ms 354μs 255ns;            212ms 695μs 253ns
e8cf7;13;0;66;27;5;19;19.000000;19.000000;100.000000;1485.000000;1485.000000;100.000000;0.000000;0.000000;-nan;            405ms 280μs 895ns;                          0ns
e8cbe;2;0;69;25;5;17;17.000000;17.000000;100.000000;1593.000000;1593.000000;100.000000;0.000000;0.000000;-nan;            106ms 602μs 558ns;                          0ns
27e48;8;0;10;10;3;8;8.000000;8.000000;100.000000;747.000000;747.000000;100.000000;0.000000;0.000000;-nan;            412ms 948μs  42ns;                          0ns
27e08;11;0;23;14;4;9;9.000000;9.000000;100.000000;738.000000;738.000000;100.000000;0.000000;0.000000;-nan;            441ms 565μs 215ns;                          0ns
27e0f;9;0;26;13;4;9;9.000000;9.000000;100.000000;737.000000;737.000000;100.000000;0.000000;0.000000;-nan;            575ms 914μs 830ns;                          0ns
27e19;14;0;25;15;4;10;10.000000;10.000000;100.000000;666.000000;666.000000;100.000000;0.000000;0.000000;-nan;            592ms   3μs 445ns;                          0ns
27e24;12;0;8;8;3;8;8.000000;8.000000;100.000000;661.000000;661.000000;100.000000;0.000000;0.000000;-nan;            477ms 110μs 856ns;                          0ns
27e2f;9;0;10;9;3;8;8.000000;8.000000;100.000000;659.000000;659.000000;100.000000;0.000000;0.000000;-nan;            504ms 684μs 178ns;                          0ns
27e38;11;0;23;14;4;9;9.000000;9.000000;100.000000;748.000000;748.000000;100.000000;0.000000;0.000000;-nan;            524ms 651μs 924ns;                          0ns
27e3f;11;0;8;9;3;8;8.000000;8.000000;100.000000;746.000000;746.000000;100.000000;0.000000;0.000000;-nan;            556ms 698μs 199ns;                          0ns
27df8;12;0;28;14;4;10;10.000000;10.000000;100.000000;658.000000;658.000000;100.000000;0.000000;0.000000;-nan;            572ms  65μs 440ns;                          0ns
27dfc;11;0;8;9;3;8;8.000000;8.000000;100.000000;736.000000;736.000000;100.000000;0.000000;0.000000;-nan;            471ms 175μs 806ns;                          0ns
1a74ce;17;0;96;35;6;19;20.000000;19.000000;95.000000;1726.000000;1726.000000;100.000000;0.000000;0.000000;-nan;         1s 701ms 932μs 846ns;             85ms 549μs 875ns
1a74e3;16;0;93;45;6;20;21.000000;20.000000;95.238095;1730.000000;1730.000000;100.000000;0.000000;0.000000;-nan;         1s 678ms 463μs 541ns;            124ms 486μs 558ns
1a74f4;30;0;140;76;8;20;23.000000;20.000000;86.956522;1732.000000;1732.000000;100.000000;0.000000;0.000000;-nan;         2s  36ms 818μs 238ns;            620ms 814μs 678ns
1a7501;14;0;88;46;6;19;20.000000;19.000000;95.000000;1727.000000;1727.000000;100.000000;0.000000;0.000000;-nan;         1s 536ms 932μs 549ns;             80ms 690μs 436ns
1a748d;20;0;92;42;6;20;21.000000;20.000000;95.238095;1728.000000;1728.000000;100.000000;0.000000;0.000000;-nan;         1s 412ms 777μs 360ns;            257ms 125μs 626ns
1a74aa;21;0;126;43;7;19;21.000000;19.000000;90.476190;1729.000000;1729.000000;100.000000;0.000000;0.000000;-nan;         1s 679ms 725μs 682ns;            244ms 688μs 253ns
1a74bd;11;0;90;47;6;19;20.000000;19.000000;95.000000;1733.000000;1733.000000;100.000000;0.000000;0.000000;-nan;         1s 483ms 877μs 987ns;             82ms 951μs 767ns
1a745a;17;2;94;41;6;20;21.000000;20.000000;95.238095;1728.000000;1728.000000;100.290192;0.000000;0.000000;-nan;         1s  85ms  68μs 604ns;            185ms 767μs 468ns
1a7463;15;0;90;43;6;19;20.000000;19.000000;95.000000;1725.000000;1725.000000;100.000000;0.000000;0.000000;-nan;         1s 412ms 448μs 569ns;             86ms 918μs 671ns
1a7479;15;0;86;47;6;19;20.000000;19.000000;95.000000;1731.000000;1731.000000;100.000000;0.000000;0.000000;-nan;         1s 466ms 185μs 764ns;            113ms 289μs 359ns
1a52c5;17;8;84;45;6;20;21.000000;20.000000;95.238095;1732.000000;1732.000000;100.000000;0.000000;0.000000;-nan;         1s 429ms  92μs 276ns;            298ms  66μs 694ns
1a5287;14;21;75;44;6;20;21.000000;20.000000;95.238095;1733.000000;1733.000000;100.000000;0.000000;0.000000;-nan;            644ms 491μs 499ns;            296ms 242μs 132ns
1a5296;15;0;86;47;6;19;20.000000;19.000000;95.000000;1731.000000;1731.000000;100.000000;0.000000;0.000000;-nan;         1s 802ms 476μs 406ns;            133ms 213μs 639ns
1a524a;15;0;91;42;6;19;20.000000;19.000000;95.000000;1728.000000;1728.000000;100.000000;0.000000;0.000000;-nan;         1s 576ms 170μs 483ns;             89ms 923μs 554ns
1a525c;22;0;103;37;6;21;22.000000;21.000000;95.454545;1729.000000;1729.000000;100.000000;0.000000;0.000000;-nan;         1s 866ms 159μs 495ns;            165ms 520μs 979ns
1a526a;17;0;92;45;6;20;21.000000;20.000000;95.238095;1730.000000;1730.000000;100.000000;0.000000;0.000000;-nan;         1s 788ms 290μs 356ns;            204ms 747μs 161ns
1a5277;19;0;90;45;6;20;21.000000;20.000000;95.238095;1727.000000;1727.000000;100.000000;0.000000;0.000000;-nan;         1s 498ms 318μs 987ns;            211ms 485μs  81ns
1a5227;23;0;123;44;7;19;21.000000;19.000000;90.476190;1726.000000;1726.000000;100.000000;0.000000;0.000000;-nan;         1s 940ms 636μs 568ns;            295ms   8μs 252ns
1a522c;27;0;89;38;6;20;21.000000;20.000000;95.238095;1728.000000;1728.000000;100.232019;0.000000;0.000000;-nan;         1s 868ms 924μs 213ns;            301ms  68μs 512ns
1a523a;17;0;117;56;7;19;21.000000;19.000000;90.476190;1725.000000;1725.000000;100.000000;0.000000;0.000000;-nan;         1s 913ms  99μs 689ns;            421ms 911μs  61ns
24c85;9;0;30;15;4;10;10.000000;10.000000;100.000000;660.000000;660.000000;100.000000;0.000000;0.000000;-nan;            538ms 540μs 373ns;                          0ns
24c8b;17;0;21;18;5;9;11.000000;9.000000;81.818182;747.000000;747.000000;112.839879;0.000000;0.000000;-nan;            715ms 163μs 406ns;             39ms 758μs 698ns
24c95;13;0;29;12;5;8;10.000000;8.000000;80.000000;747.000000;747.000000;100.000000;0.000000;0.000000;-nan;            760ms 234μs 248ns;             40ms 765μs 143ns
24c9f;12;0;27;15;4;10;10.000000;10.000000;100.000000;746.000000;746.000000;100.000000;0.000000;0.000000;-nan;            650ms  28μs 954ns;                          0ns
24c4d;12;0;8;8;3;8;8.000000;8.000000;100.000000;661.000000;661.000000;100.000000;0.000000;0.000000;-nan;            483ms 932μs 552ns;                          0ns
24c56;14;0;26;16;5;9;11.000000;9.000000;81.818182;746.000000;746.000000;107.338129;0.000000;0.000000;-nan;            646ms 765μs 529ns;             41ms 916μs 816ns
24c5d;14;0;26;18;4;11;11.000000;11.000000;100.000000;758.000000;758.000000;100.000000;0.000000;0.000000;-nan;            537ms 398μs  54ns;                          0ns
24c77;14;0;20;20;4;10;10.000000;10.000000;100.000000;761.000000;761.000000;100.000000;0.000000;0.000000;-nan;            585ms 962μs 409ns;                          0ns
24c39;12;0;27;15;4;10;10.000000;10.000000;100.000000;777.000000;777.000000;100.000000;0.000000;0.000000;-nan;            600ms 794μs 516ns;                          0ns
24c3e;14;0;25;17;5;9;11.000000;9.000000;81.818182;746.000000;746.000000;99.732620;0.000000;0.000000;-nan;            667ms 112μs 638ns;             39ms 799μs  76ns
e4843;5;0;72;29;5;19;19.000000;19.000000;100.000000;1601.000000;1601.000000;100.000000;0.000000;0.000000;-nan;            281ms 597μs 240ns;                          0ns
e4850;5;0;79;22;5;19;19.000000;19.000000;100.000000;1602.000000;1602.000000;100.000000;0.000000;0.000000;-nan;            324ms 945μs  43ns;                          0ns
e4803;5;0;80;31;5;21;21.000000;21.000000;100.000000;1726.000000;1726.000000;100.000000;0.000000;0.000000;-nan;            283ms  24μs 125ns;                          0ns
e480d;7;0;74;31;5;20;20.000000;20.000000;100.000000;1719.000000;1719.000000;100.000000;0.000000;0.000000;-nan;            392ms 582μs 847ns;                          0ns
e4815;6;0;70;26;5;18;18.000000;18.000000;100.000000;1603.000000;1603.000000;100.000000;0.000000;0.000000;-nan;            295ms 915μs 457ns;                          0ns
e481c;4;3;72;23;5;18;18.000000;18.000000;100.000000;1600.000000;1600.000000;100.000000;0.000000;0.000000;-nan;            146ms 904μs 224ns;                          0ns
e4829;6;0;82;24;5;20;20.000000;20.000000;100.000000;1604.000000;1604.000000;100.000000;0.000000;0.000000;-nan;            384ms 654μs 370ns;                          0ns
e4837;5;0;72;29;5;19;19.000000;19.000000;100.000000;1606.000000;1606.000000;100.000000;0.000000;0.000000;-nan;            247ms 563μs 999ns;                          0ns
e47f3;5;0;76;35;5;21;21.000000;21.000000;100.000000;1703.000000;1703.000000;100.000000;0.000000;0.000000;-nan;            281ms 942μs 504ns;                          0ns
e47fa;7;0;82;33;5;22;22.000000;22.000000;100.000000;1704.000000;1704.000000;100.000000;0.000000;0.000000;-nan;            392ms 883μs  42ns;                          0ns
1a2f93;19;8;96;47;7;20;23.000000;20.000000;86.956522;1731.000000;1731.000000;100.000000;0.000000;0.000000;-nan;         2s   5ms 350μs 574ns;            293ms 403μs 544ns
1a2f9f;24;0;110;56;7;19;21.000000;19.000000;90.476190;1730.000000;1730.000000;100.000000;0.000000;0.000000;-nan;         2s  29ms 373μs 728ns;            308ms 953μs 971ns
1a2fb5;16;0;98;40;6;20;21.000000;20.000000;95.238095;1732.000000;1732.000000;100.000000;0.000000;0.000000;-nan;         1s 904ms 433μs 809ns;            169ms 982μs 437ns
1a2f4b;18;0;97;39;6;20;21.000000;20.000000;95.238095;1725.000000;1725.000000;100.000000;0.000000;0.000000;-nan;         1s 543ms 423μs 723ns;            116ms 513μs 183ns
1a2f57;16;0;89;43;6;19;20.000000;19.000000;95.000000;1728.000000;1728.000000;100.000000;0.000000;0.000000;-nan;         1s 592ms 507μs 224ns;            138ms 924μs  32ns
1a2f6a;15;7;88;44;6;20;21.000000;20.000000;95.238095;1727.000000;1727.000000;100.000000;0.000000;0.000000;-nan;         1s 168ms 626μs 935ns;            174ms 856μs  35ns
1a2f7b;22;0;109;59;7;19;21.000000;19.000000;90.476190;1733.000000;1733.000000;100.000000;0.000000;0.000000;-nan;         1s 926ms  58μs 705ns;            303ms 634μs 794ns
1a2f2b;35;0;128;63;7;24;26.000000;24.000000;92.307692;1880.000000;1880.000000;100.000000;0.000000;0.000000;-nan;         2s 271ms 253μs 268ns;            558ms 959μs 770ns
1a2f30;16;0;98;34;6;19;20.000000;19.000000;95.000000;1729.000000;1729.000000;100.000000;0.000000;0.000000;-nan;         1s 376ms  98μs 612ns;            135ms 760μs 655ns
1a2f3d;20;0;99;35;6;20;21.000000;20.000000;95.238095;1726.000000;1726.000000;100.000000;0.000000;0.000000;-nan;         1s 549ms 392μs 210ns;            166ms 869μs 789ns
e264e;18;0;88;34;6;18;19.000000;18.000000;94.736842;1606.000000;1606.000000;100.000000;0.000000;0.000000;-nan;         1s 661ms 977μs 132ns;            204ms 399μs 189ns
e265e;18;0;84;38;6;18;19.000000;18.000000;94.736842;1603.000000;1603.000000;100.000000;0.000000;0.000000;-nan;         1s 757ms  33μs  98ns;            198ms 874μs 882ns
e2607;34;0;106;50;7;19;21.000000;19.000000;90.476190;1561.000000;1561.000000;100.000000;0.000000;0.000000;-nan;         2s  66ms 987μs 766ns;            275ms 638μs 771ns
e2614;16;0;76;34;6;16;17.000000;16.000000;94.117647;1488.000000;1488.000000;100.000000;0.000000;0.000000;-nan;         1s 671ms 856μs 910ns;            232ms 197μs  79ns
e261f;18;0;85;31;6;17;18.000000;17.000000;94.444444;1602.000000;1602.000000;100.000000;0.000000;0.000000;-nan;         1s 601ms 608μs 704ns;            119ms 196μs  14ns
e262d;22;0;66;34;6;18;20.000000;18.000000;90.000000;1603.000000;1603.000000;100.124922;0.000000;0.000000;-nan;         1s 901ms 481μs  46ns;             74ms 468μs 998ns
e263a;21;0;116;35;7;17;19.000000;17.000000;89.473684;1600.000000;1600.000000;100.000000;0.000000;0.000000;-nan;         1s 876ms  81μs  13ns;            327ms 582μs 183ns
e25f0;36;0;127;61;8;18;21.000000;18.000000;85.714286;1601.000000;1601.000000;100.187735;0.000000;0.000000;-nan;         2s 206ms 744μs 945ns;            744ms 152μs 988ns
e25f5;17;0;91;32;6;18;19.000000;18.000000;94.736842;1597.000000;1597.000000;100.000000;0.000000;0.000000;-nan;         1s 560ms 244μs 730ns;            254ms 637μs 427ns
e25fe;14;0;85;35;6;17;18.000000;17.000000;94.444444;1593.000000;1593.000000;100.000000;0.000000;0.000000;-nan;         1s 475ms 965μs 879ns;             74ms 748μs 251ns
21bc8;11;0;21;16;4;9;9.000000;9.000000;100.000000;747.000000;747.000000;100.000000;0.000000;0.000000;-nan;            490ms 915μs 893ns;                          0ns
21b87;9;0;12;7;3;8;8.000000;8.000000;100.000000;661.000000;661.000000;100.000000;0.000000;0.000000;-nan;            353ms 924μs 777ns;                          0ns
21b95;12;0;19;17;4;9;9.000000;9.000000;100.000000;658.000000;658.000000;100.000000;0.000000;0.000000;-nan;            431ms 454μs 630ns;                          0ns
21baa;10;0;6;12;3;8;8.000000;8.000000;100.000000;659.000000;659.000000;100.000000;0.000000;0.000000;-nan;            445ms 461μs 926ns;                          0ns
21bb5;7;0;26;15;4;9;9.000000;9.000000;100.000000;662.000000;662.000000;100.000000;0.000000;0.000000;-nan;            477ms 493μs 451ns;                          0ns
21bbd;10;0;30;14;4;10;10.000000;10.000000;100.000000;746.000000;746.000000;100.000000;0.000000;0.000000;-nan;            515ms  99μs 606ns;                          0ns
21b5e;11;0;6;11;3;8;8.000000;8.000000;100.000000;737.000000;737.000000;100.000000;0.000000;0.000000;-nan;            394ms 424μs 201ns;                          0ns
21b63;11;0;8;9;3;8;8.000000;8.000000;100.000000;738.000000;738.000000;100.000000;0.000000;0.000000;-nan;            445ms 753μs  89ns;                          0ns
21b70;6;0;37;17;4;12;12.000000;12.000000;100.000000;918.000000;918.000000;100.000000;0.000000;0.000000;-nan;            314ms 947μs 152ns;                          0ns
21b79;7;0;28;13;4;9;9.000000;9.000000;100.000000;749.000000;749.000000;100.000000;0.000000;0.000000;-nan;            473ms 925μs 705ns;                          0ns
1a0d86;14;0;98;42;6;20;21.000000;20.000000;95.238095;1730.000000;1730.000000;100.000000;0.000000;0.000000;-nan;         1s 619ms 813μs 383ns;             87ms 419μs 343ns
1a0d96;20;0;99;51;7;19;22.000000;19.000000;86.363636;1731.000000;1731.000000;100.000000;0.000000;0.000000;-nan;         1s 919ms 474μs 481ns;            222ms  66μs 676ns
1a0dae;20;0;97;37;6;20;21.000000;20.000000;95.238095;1729.000000;1729.000000;100.000000;0.000000;0.000000;-nan;         1s 785ms 156μs 377ns;            204ms 483μs 162ns
1a0d47;23;0;107;60;7;19;21.000000;19.000000;90.476190;1727.000000;1727.000000;100.000000;0.000000;0.000000;-nan;         1s 885ms 526μs 644ns;            284ms 239μs 956ns
1a0d54;26;0;115;49;7;19;21.000000;19.000000;90.476190;1725.000000;1725.000000;100.000000;0.000000;0.000000;-nan;         1s 785ms 745μs 355ns;            314ms  93μs 467ns
1a0d65;15;0;94;39;6;19;20.000000;19.000000;95.000000;1728.000000;1728.000000;100.000000;0.000000;0.000000;-nan;         1s 579ms 355μs 294ns;            113ms 583μs 620ns
1a0d78;17;0;94;43;6;20;21.000000;20.000000;95.238095;1732.000000;1732.000000;100.000000;0.000000;0.000000;-nan;         1s 760ms 871μs 340ns;            135ms 189μs 899ns
1a0d24;14;0;91;43;6;19;20.000000;19.000000;95.000000;1726.000000;1726.000000;100.000000;0.000000;0.000000;-nan;         1s 485ms 267μs 251ns;             85ms 391μs 408ns
1a0d27;19;0;89;46;6;20;21.000000;20.000000;95.238095;1731.000000;1731.000000;100.464306;0.000000;0.000000;-nan;         1s 384ms 989μs 440ns;            197ms 618μs 244ns
1a0d37;15;0;82;37;6;20;22.000000;20.000000;90.909091;1733.000000;1733.000000;100.000000;0.000000;0.000000;-nan;         1s 554ms 812μs 500ns;             94ms 901μs  18ns
e03ca;6;0;63;23;5;13;14.000000;13.000000;92.857143;1295.000000;1295.000000;100.000000;0.000000;0.000000;-nan;            486ms 834μs 665ns;             96ms 288μs 872ns
e03db;21;0;47;18;5;14;15.000000;14.000000;93.333333;1297.000000;1297.000000;100.000000;0.000000;0.000000;-nan;            940ms 333μs 585ns;            167ms 696μs 320ns
e0388;20;0;47;23;5;15;16.000000;15.000000;93.750000;1290.000000;1290.000000;100.000000;0.000000;0.000000;-nan;            986ms  36μs 489ns;            157ms 187μs 506ns
e0394;25;0;73;28;6;16;17.000000;16.000000;94.117647;1487.000000;1487.000000;100.000000;0.000000;0.000000;-nan;            911ms 421μs 198ns;            223ms 100μs 620ns
e03a0;15;0;64;27;5;19;19.000000;19.000000;100.000000;1291.000000;1291.000000;100.000000;0.000000;0.000000;-nan;            681ms 628μs 217ns;                          0ns
e03b3;23;0;40;23;5;14;15.000000;14.000000;93.333333;1296.000000;1296.000000;100.000000;0.000000;0.000000;-nan;         1s  40ms  76μs 656ns;             66ms  20μs 980ns
e036d;3;0;79;24;5;19;19.000000;19.000000;100.000000;1729.000000;1729.000000;100.000000;0.000000;0.000000;-nan;            243ms 670μs 815ns;                          0ns
e0370;3;0;82;27;5;20;20.000000;20.000000;100.000000;1713.000000;1713.000000;100.000000;0.000000;0.000000;-nan;            215ms 251μs 982ns;                          0ns
e0375;2;0;86;24;5;20;20.000000;20.000000;100.000000;1700.000000;1700.000000;100.000000;0.000000;0.000000;-nan;            159ms 726μs 111ns;                          0ns
e037a;3;0;83;26;5;20;20.000000;20.000000;100.000000;1705.000000;1705.000000;100.000000;0.000000;0.000000;-nan;            150ms 598μs 575ns;                          0ns
19eb8d;10;0;67;35;5;20;20.000000;20.000000;100.000000;1733.000000;1733.000000;100.000000;0.000000;0.000000;-nan;         1s  45ms 575μs 503ns;                          0ns
1eb42;11;0;19;18;4;9;9.000000;9.000000;100.000000;747.000000;747.000000;100.000000;0.000000;0.000000;-nan;            593ms 733μs 878ns;                          0ns
19eb4a;18;0;94;42;6;20;21.000000;20.000000;95.238095;1727.000000;1727.000000;100.000000;0.000000;0.000000;-nan;         1s 692ms 426μs 785ns;            251ms 272μs  97ns
19eb55;15;0;90;43;6;19;20.000000;19.000000;95.000000;1732.000000;1732.000000;100.000000;0.000000;0.000000;-nan;         1s 439ms 848μs 879ns;            102ms 161μs 712ns
1eb51;12;0;25;17;4;10;10.000000;10.000000;100.000000;736.000000;736.000000;100.000000;0.000000;0.000000;-nan;            619ms 370μs 319ns;                          0ns
1eb5d;11;0;8;9;3;8;8.000000;8.000000;100.000000;746.000000;746.000000;100.000000;0.000000;0.000000;-nan;            604ms 385μs 198ns;                          0ns
19eb65;19;0;94;49;6;21;22.000000;21.000000;95.454545;1731.000000;1731.000000;100.000000;0.000000;0.000000;-nan;         1s 688ms 276μs 808ns;            265ms 421μs  26ns
19eb74;20;2;95;37;6;20;21.000000;20.000000;95.238095;1729.000000;1729.000000;100.000000;0.000000;0.000000;-nan;         1s 328ms 762μs 529ns;            165ms 516μs 803ns
19eb7d;16;8;86;44;6;20;21.000000;20.000000;95.238095;1730.000000;1730.000000;100.000000;0.000000;0.000000;-nan;         1s 295ms 456μs 298ns;            218ms 942μs 259ns
1eb07;12;0;24;18;4;10;10.000000;10.000000;100.000000;758.000000;758.000000;100.000000;0.000000;0.000000;-nan;            530ms 472μs 436ns;                          0ns
1eb12;12;0;29;17;4;11;11.000000;11.000000;100.000000;748.000000;748.000000;100.000000;0.000000;0.000000;-nan;            549ms 880μs 697ns;                          0ns
19eb23;24;0;95;43;6;21;22.000000;21.000000;95.454545;1728.000000;1728.000000;100.290192;0.000000;0.000000;-nan;         1s 897ms 616μs 266ns;            299ms 671μs  52ns
1eb1e;9;0;27;12;4;9;9.000000;9.000000;100.000000;745.000000;745.000000;100.000000;0.000000;0.000000;-nan;            449ms 848μs  57ns;                          0ns
19eb28;22;0;113;55;7;19;21.000000;19.000000;90.476190;1731.000000;1731.000000;100.289687;0.000000;0.000000;-nan;         1s 836ms 933μs 730ns;            333ms 547μs 142ns
19eb2f;25;0;101;44;7;20;23.000000;20.000000;86.956522;1728.000000;1728.000000;100.173913;0.000000;0.000000;-nan;         1s 999ms  83μs  85ns;            382ms  82μs 240ns
1eb2a;12;0;30;16;4;11;11.000000;11.000000;100.000000;661.000000;661.000000;100.000000;0.000000;0.000000;-nan;            424ms 251μs 588ns;                          0ns
1eb31;10;0;7;11;3;8;8.000000;8.000000;100.000000;662.000000;662.000000;100.000000;0.000000;0.000000;-nan;            564ms 526μs 943ns;                          0ns
19eb3c;16;0;88;30;6;20;22.000000;20.000000;90.909091;1730.000000;1730.000000;100.115741;0.000000;0.000000;-nan;         1s 614ms 241μs   9ns;            134ms 420μs 423ns
1eaf7;31;0;34;41;6;11;13.000000;11.000000;84.615385;771.000000;771.000000;100.000000;0.000000;0.000000;-nan;            826ms 440μs 838ns;            111ms 152μs 134ns
1eafc;24;0;22;20;6;7;10.000000;7.000000;70.000000;747.000000;747.000000;99.732977;0.000000;0.000000;-nan;            809ms 611μs 111ns;             88ms 665μs 679ns
19c8cb;21;0;112;57;7;19;21.000000;19.000000;90.476190;1732.000000;1732.000000;100.000000;0.000000;0.000000;-nan;         2s 136ms 171μs 914ns;            304ms 497μs 395ns
19c8e2;28;0;105;37;7;19;22.000000;19.000000;86.363636;1729.000000;1729.000000;100.231884;0.000000;0.000000;-nan;         2s 153ms 495μs 995ns;            341ms 433μs 650ns
19c8ef;25;8;107;50;7;19;21.000000;19.000000;90.476190;1728.000000;1728.000000;100.000000;0.000000;0.000000;-nan;         1s 903ms 516μs 555ns;            307ms 771μs 432ns
19c894;20;0;98;52;7;19;22.000000;19.000000;86.363636;1731.000000;1731.000000;100.000000;0.000000;0.000000;-nan;         2s  17ms 493μs 670ns;            215ms 840μs 365ns
19c8aa;21;0;117;52;7;19;21.000000;19.000000;90.476190;1730.000000;1730.000000;100.000000;0.000000;0.000000;-nan;         2s  69ms 165μs 164ns;            387ms 363μs 948ns
19c8bb;27;0;96;47;7;19;22.000000;19.000000;86.363636;1727.000000;1727.000000;100.000000;0.000000;0.000000;-nan;         2s 138ms 939μs 784ns;            205ms 496μs 600ns
19c862;20;0;98;52;7;19;22.000000;19.000000;86.363636;1728.000000;1728.000000;100.115875;0.000000;0.000000;-nan;         2s  13ms 419μs 218ns;            207ms 491μs 702ns
19c866;16;0;80;38;6;20;22.000000;20.000000;90.909091;1728.000000;1728.000000;100.290192;0.000000;0.000000;-nan;         1s 429ms 183μs 737ns;             84ms 498μs 216ns
19c873;18;0;115;57;7;19;21.000000;19.000000;90.476190;1729.000000;1729.000000;100.000000;0.000000;0.000000;-nan;         1s 926ms 603μs 211ns;            347ms 149μs 745ns
19c880;15;0;88;45;6;19;20.000000;19.000000;95.000000;1733.000000;1733.000000;100.000000;0.000000;0.000000;-nan;         1s 451ms 594μs 301ns;             83ms 892μs  84ns
1bd00;14;0;29;25;4;14;14.000000;14.000000;100.000000;661.000000;661.000000;100.000000;0.000000;0.000000;-nan;            673ms 240μs 957ns;                          0ns
1bd13;11;0;19;18;4;9;9.000000;9.000000;100.000000;746.000000;746.000000;100.000000;0.000000;0.000000;-nan;            615ms 401μs 646ns;                          0ns
1bcc6;15;0;19;20;4;10;10.000000;10.000000;100.000000;659.000000;659.000000;100.000000;0.000000;0.000000;-nan;            592ms 731μs 599ns;                          0ns
1bccf;11;0;6;11;3;8;8.000000;8.000000;100.000000;662.000000;662.000000;100.000000;0.000000;0.000000;-nan;            536ms 924μs  84ns;                          0ns
1bcd8;10;0;7;11;3;8;8.000000;8.000000;100.000000;657.000000;657.000000;100.000000;0.000000;0.000000;-nan;            455ms 177μs 875ns;                          0ns
1bce1;22;0;37;25;6;8;10.000000;8.000000;80.000000;747.000000;747.000000;100.000000;0.000000;0.000000;-nan;            797ms 371μs 775ns;            159ms 160μs 939ns
1bce7;10;0;11;7;3;8;8.000000;8.000000;100.000000;660.000000;660.000000;100.000000;0.000000;0.000000;-nan;            627ms 577μs 296ns;                          0ns
1bcf2;9;0;27;12;4;9;9.000000;9.000000;100.000000;738.000000;738.000000;100.000000;0.000000;0.000000;-nan;            542ms 199μs 230ns;                          0ns
1bcb6;11;0;6;11;3;8;8.000000;8.000000;100.000000;737.000000;737.000000;100.000000;0.000000;0.000000;-nan;            475ms 788μs 237ns;                          0ns
1bcbb;11;0;7;10;3;8;8.000000;8.000000;100.000000;658.000000;658.000000;100.000000;0.000000;0.000000;-nan;            502ms 152μs 954ns;                          0ns
19a68d;20;0;114;56;7;19;21.000000;19.000000;90.476190;1732.000000;1732.000000;100.115607;0.000000;0.000000;-nan;         1s 849ms 725μs 210ns;            343ms 880μs 952ns
19a653;15;0;95;44;6;20;21.000000;20.000000;95.238095;1727.000000;1727.000000;100.000000;0.000000;0.000000;-nan;         1s 535ms 832μs 720ns;            183ms 281μs 221ns
19a66b;19;0;86;49;6;20;21.000000;20.000000;95.238095;1728.000000;1728.000000;100.000000;0.000000;0.000000;-nan;         1s 627ms 700μs 135ns;            219ms 957μs 926ns
19a67a;20;0;88;46;6;20;21.000000;20.000000;95.238095;1724.000000;1724.000000;100.000000;0.000000;0.000000;-nan;         1s 733ms 248μs 367ns;            250ms 301μs 930ns
19a613;10;0;95;43;6;19;20.000000;19.000000;95.000000;1732.000000;1732.000000;100.000000;0.000000;0.000000;-nan;         1s 325ms 618μs 654ns;            111ms 417μs 359ns
19a624;20;0;89;45;6;20;21.000000;20.000000;95.238095;1726.000000;1726.000000;100.000000;0.000000;0.000000;-nan;         1s 444ms 972μs 129ns;            253ms 757μs 757ns
19a635;20;0;116;54;7;19;21.000000;19.000000;90.476190;1731.000000;1731.000000;100.000000;0.000000;0.000000;-nan;         1s 751ms  16μs 835ns;            345ms  31μs 425ns
19a642;17;3;86;47;6;20;21.000000;20.000000;95.238095;1733.000000;1733.000000;100.000000;0.000000;0.000000;-nan;         1s 252ms 906μs 234ns;            127ms  74μs 637ns
19a5f9;11;0;91;46;6;19;20.000000;19.000000;95.000000;1729.000000;1729.000000;100.000000;0.000000;0.000000;-nan;         1s 470ms 573μs 765ns;             80ms 595μs 167ns
19a5fe;20;0;112;38;7;19;22.000000;19.000000;86.363636;1725.000000;1725.000000;100.000000;0.000000;0.000000;-nan;         1s 693ms 362μs 371ns;            201ms 869μs 871ns
18a83;17;5;16;24;5;8;9.000000;8.000000;88.888889;747.000000;747.000000;100.000000;0.000000;0.000000;-nan;            652ms 843μs 990ns;             41ms 100μs 142ns
18a49;11;0;7;10;3;8;8.000000;8.000000;100.000000;736.000000;736.000000;100.000000;0.000000;0.000000;-nan;            534ms  83μs 592ns;                          0ns
18a5c;15;0;21;18;4;10;10.000000;10.000000;100.000000;770.000000;770.000000;100.000000;0.000000;0.000000;-nan;            602ms 717μs 600ns;                          0ns
18a6b;10;0;10;8;3;8;8.000000;8.000000;100.000000;746.000000;746.000000;100.000000;0.000000;0.000000;-nan;            577ms  96μs 615ns;                          0ns
18a73;11;0;30;13;4;10;10.000000;10.000000;100.000000;775.000000;775.000000;100.000000;0.000000;0.000000;-nan;            632ms 221μs 211ns;                          0ns
18a7b;9;0;28;11;4;9;9.000000;9.000000;100.000000;738.000000;738.000000;100.000000;0.000000;0.000000;-nan;            546ms 173μs 658ns;                          0ns
18a1e;6;0;33;19;4;11;11.000000;11.000000;100.000000;920.000000;920.000000;100.000000;0.000000;0.000000;-nan;            334ms  29μs 704ns;                          0ns
18a24;8;0;8;12;3;8;8.000000;8.000000;100.000000;737.000000;737.000000;100.000000;0.000000;0.000000;-nan;            383ms 399μs 611ns;                          0ns
18a2c;24;0;34;24;7;7;11.000000;7.000000;63.636364;746.000000;746.000000;99.732620;0.000000;0.000000;-nan;            789ms 532μs 172ns;            281ms 542μs 892ns
18a34;12;0;30;18;4;12;12.000000;12.000000;100.000000;778.000000;778.000000;100.000000;0.000000;0.000000;-nan;            611ms 302μs 411ns;                          0ns
19849a;15;0;94;45;6;20;21.000000;20.000000;95.238095;1730.000000;1730.000000;100.000000;0.000000;0.000000;-nan;         1s 463ms 595μs  62ns;            178ms 544μs 758ns
1984a4;21;0;112;57;7;19;21.000000;19.000000;90.476190;1732.000000;1732.000000;100.000000;0.000000;0.000000;-nan;         1s 553ms 809μs 300ns;            306ms 450μs 834ns
1984b7;12;0;93;49;6;20;21.000000;20.000000;95.238095;1729.000000;1729.000000;100.000000;0.000000;0.000000;-nan;         1s 174ms 629μs 380ns;             82ms 815μs 732ns
19844f;13;21;78;42;6;20;21.000000;20.000000;95.238095;1733.000000;1733.000000;100.000000;0.000000;0.000000;-nan;            639ms 897μs 873ns;            174ms 760μs 964ns
19845a;15;0;90;43;6;19;20.000000;19.000000;95.000000;1727.000000;1727.000000;100.000000;0.000000;0.000000;-nan;         1s 381ms 257μs  95ns;             83ms 705μs  98ns
19846c;17;0;101;52;7;19;22.000000;19.000000;86.363636;1731.000000;1731.000000;100.000000;0.000000;0.000000;-nan;         1s 626ms 472μs 962ns;            240ms 364μs 300ns
19841a;17;0;89;48;6;20;21.000000;20.000000;95.238095;1725.000000;1725.000000;100.000000;0.000000;0.000000;-nan;         1s 350ms 685μs  88ns;            251ms 911μs 475ns
19841d;14;0;96;38;6;19;20.000000;19.000000;95.000000;1726.000000;1726.000000;100.000000;0.000000;0.000000;-nan;         1s 493ms 196μs  67ns;            127ms 904μs 477ns
19842d;19;0;104;47;7;20;23.000000;20.000000;86.956522;1728.000000;1728.000000;100.000000;0.000000;0.000000;-nan;         1s 657ms 458μs 894ns;            268ms 363μs 643ns
19843e;16;0;86;46;6;19;20.000000;19.000000;95.000000;1724.000000;1724.000000;100.000000;0.000000;0.000000;-nan;         1s 272ms  47μs 760ns;             84ms 353μs 877ns
196352;20;0;93;41;6;20;21.000000;20.000000;95.238095;1726.000000;1726.000000;100.000000;0.000000;0.000000;-nan;         1s 758ms 979μs 620ns;            196ms 338μs 960ns
19630d;18;0;93;43;6;20;21.000000;20.000000;95.238095;1733.000000;1733.000000;100.000000;0.000000;0.000000;-nan;         1s 648ms 385μs 639ns;            170ms 805μs 424ns
19631b;17;0;97;40;6;20;21.000000;20.000000;95.238095;1732.000000;1732.000000;100.000000;0.000000;0.000000;-nan;         1s 635ms 792μs 517ns;            211ms 417μs 246ns
19632d;13;0;95;46;6;20;21.000000;20.000000;95.238095;1728.000000;1728.000000;100.000000;0.000000;0.000000;-nan;         1s 721ms 778μs 348ns;            167ms 227μs 187ns
19633e;17;0;100;45;6;21;22.000000;21.000000;95.454545;1725.000000;1725.000000;100.000000;0.000000;0.000000;-nan;         1s 780ms 803μs 699ns;            206ms 985μs 174ns
1962ca;16;0;86;46;6;19;20.000000;19.000000;95.000000;1724.000000;1724.000000;100.000000;0.000000;0.000000;-nan;         1s 406ms 643μs   5ns;             89ms 525μs 604ns
1962dc;13;8;88;45;6;20;21.000000;20.000000;95.238095;1729.000000;1729.000000;100.000000;0.000000;0.000000;-nan;         1s 102ms 292μs 355ns;            185ms 859μs 950ns
1962f1;15;0;94;45;6;20;21.000000;20.000000;95.238095;1730.000000;1730.000000;100.000000;0.000000;0.000000;-nan;         1s 512ms 459μs 486ns;             80ms  74μs 655ns
1962b5;19;0;86;49;6;20;21.000000;20.000000;95.238095;1731.000000;1731.000000;100.000000;0.000000;0.000000;-nan;         1s 398ms 386μs 973ns;            211ms 621μs 220ns
1962b9;15;0;90;43;6;19;20.000000;19.000000;95.000000;1727.000000;1727.000000;100.000000;0.000000;0.000000;-nan;         1s 499ms 730μs 900ns;            133ms 231μs 582ns
15741;17;0;18;19;5;8;10.000000;8.000000;80.000000;747.000000;747.000000;100.000000;0.000000;0.000000;-nan;            761ms 526μs 479ns;             40ms 588μs 404ns
1574a;11;0;29;24;4;13;13.000000;13.000000;100.000000;920.000000;920.000000;100.000000;0.000000;0.000000;-nan;            502ms 807μs  86ns;                          0ns
15708;13;0;23;22;4;11;11.000000;11.000000;100.000000;748.000000;748.000000;100.000000;0.000000;0.000000;-nan;            496ms 327μs 439ns;                          0ns
15715;11;0;22;21;4;10;10.000000;10.000000;100.000000;776.000000;776.000000;100.000000;0.000000;0.000000;-nan;            517ms 897μs 638ns;                          0ns
1571f;14;0;24;16;4;10;10.000000;10.000000;100.000000;761.000000;761.000000;100.000000;0.000000;0.000000;-nan;            468ms 707μs 818ns;                          0ns
1572c;8;0;34;22;4;13;13.000000;13.000000;100.000000;919.000000;919.000000;100.000000;0.000000;0.000000;-nan;            554ms 133μs 332ns;                          0ns
15735;11;0;27;20;4;11;11.000000;11.000000;100.000000;777.000000;777.000000;100.000000;0.000000;0.000000;-nan;            544ms 181μs 965ns;                          0ns
156eb;11;0;31;22;4;13;13.000000;13.000000;100.000000;1173.000000;1173.000000;100.000000;0.000000;0.000000;-nan;            428ms 179μs 686ns;                          0ns
156f1;10;0;18;20;4;9;9.000000;9.000000;100.000000;749.000000;749.000000;100.000000;0.000000;0.000000;-nan;            393ms 218μs  84ns;                          0ns
156fe;11;0;33;20;4;13;13.000000;13.000000;100.000000;771.000000;771.000000;100.000000;0.000000;0.000000;-nan;            482ms 505μs 719ns;                          0ns
d4f4a;8;0;89;29;5;23;23.000000;23.000000;100.000000;1729.000000;1729.000000;100.000000;0.000000;0.000000;-nan;            428ms 685μs 956ns;                          0ns
d4f05;6;0;81;29;5;21;21.000000;21.000000;100.000000;1714.000000;1714.000000;100.000000;0.000000;0.000000;-nan;            284ms 967μs 615ns;                          0ns
d4f11;6;0;83;27;5;21;21.000000;21.000000;100.000000;1713.000000;1713.000000;100.000000;0.000000;0.000000;-nan;            234ms 258μs 481ns;                          0ns
d4f1f;5;4;82;25;5;21;21.000000;21.000000;100.000000;1727.000000;1727.000000;100.000000;0.000000;0.000000;-nan;            169ms 652μs 211ns;                          0ns
d4f31;3;0;84;25;5;20;20.000000;20.000000;100.000000;1715.000000;1715.000000;100.000000;0.000000;0.000000;-nan;            299ms   8μs 922ns;                          0ns
d4eca;6;0;90;26;5;22;22.000000;22.000000;100.000000;1709.000000;1709.000000;100.000000;0.000000;0.000000;-nan;            290ms 570μs 223ns;                          0ns
d4ed2;7;0;84;25;5;21;21.000000;21.000000;100.000000;1719.000000;1719.000000;100.000000;0.000000;0.000000;-nan;            221ms 327μs 965ns;                          0ns
d4edf;6;0;87;29;5;22;22.000000;22.000000;100.000000;1712.000000;1712.000000;100.000000;0.000000;0.000000;-nan;            289ms 745μs 463ns;                          0ns
d4eec;7;0;89;26;5;22;22.000000;22.000000;100.000000;1730.000000;1730.000000;100.000000;0.000000;0.000000;-nan;            381ms  56μs 263ns;                          0ns
d4efb;7;0;81;24;5;20;20.000000;20.000000;100.000000;1717.000000;1717.000000;100.000000;0.000000;0.000000;-nan;            235ms  31μs 220ns;                          0ns
194046;22;0;119;49;7;19;21.000000;19.000000;90.476190;1725.000000;1725.000000;100.000000;0.000000;0.000000;-nan;         2s 185ms  46μs 927ns;            298ms  60μs 961ns
194057;23;2;112;53;7;19;21.000000;19.000000;90.476190;1727.000000;1727.000000;100.000000;0.000000;0.000000;-nan;         2s  62ms 396μs 687ns;            405ms 426μs 893ns
194013;18;0;90;46;6;20;21.000000;20.000000;95.238095;1728.000000;1728.000000;100.000000;0.000000;0.000000;-nan;         1s 742ms 661μs 191ns;            263ms 339μs 362ns
194021;18;0;93;43;6;20;21.000000;20.000000;95.238095;1732.000000;1732.000000;100.000000;0.000000;0.000000;-nan;         1s 914ms 431μs 128ns;            203ms 119μs 536ns
194033;15;0;98;41;6;20;21.000000;20.000000;95.238095;1730.000000;1730.000000;100.000000;0.000000;0.000000;-nan;         2s  16ms 987μs 838ns;            190ms 354μs 698ns
193fca;35;0;146;65;8;20;23.000000;20.000000;86.956522;1726.000000;1726.000000;100.000000;0.000000;0.000000;-nan;         2s 405ms 230μs 508ns;            712ms 481μs 226ns
193fcf;20;0;81;47;6;19;20.000000;19.000000;95.000000;1724.000000;1724.000000;100.000000;0.000000;0.000000;-nan;         1s 615ms 943μs  33ns;             86ms 585μs 230ns
193fe0;20;0;111;59;7;19;21.000000;19.000000;90.476190;1733.000000;1733.000000;100.000000;0.000000;0.000000;-nan;         2s  91ms 268μs 380ns;            303ms 888μs 521ns
193ff5;30;0;118;60;7;21;23.000000;21.000000;91.304348;1731.000000;1731.000000;100.000000;0.000000;0.000000;-nan;         2s 374ms 824μs 350ns;            393ms 649μs 861ns
194002;19;0;92;43;6;20;21.000000;20.000000;95.238095;1729.000000;1729.000000;100.000000;0.000000;0.000000;-nan;         1s 648ms 253μs 389ns;            211ms 470μs 981ns
12c02;14;0;30;20;4;13;13.000000;13.000000;100.000000;923.000000;923.000000;100.000000;0.000000;0.000000;-nan;            547ms 467μs 406ns;                          0ns
12c0c;26;0;28;30;6;8;10.000000;8.000000;80.000000;747.000000;747.000000;99.732977;0.000000;0.000000;-nan;            862ms 537μs 697ns;            115ms 417μs 830ns
12c15;14;0;23;17;4;10;10.000000;10.000000;100.000000;778.000000;778.000000;100.000000;0.000000;0.000000;-nan;            624ms 980μs 739ns;                          0ns
12c1d;22;0;20;32;6;7;9.000000;7.000000;77.777778;747.000000;747.000000;100.000000;0.000000;0.000000;-nan;            884ms 242μs 487ns;            127ms 735μs 502ns
12bc6;5;0;13;10;3;8;8.000000;8.000000;100.000000;745.000000;745.000000;100.000000;0.000000;0.000000;-nan;            385ms 493μs 785ns;                          0ns
12bcd;11;0;28;15;4;10;10.000000;10.000000;100.000000;781.000000;781.000000;100.000000;0.000000;0.000000;-nan;            640ms 646μs 671ns;                          0ns
12bd6;11;0;29;20;4;12;12.000000;12.000000;100.000000;746.000000;746.000000;100.000000;0.000000;0.000000;-nan;            693ms 978μs 226ns;                          0ns
12be5;13;0;23;18;4;10;10.000000;10.000000;100.000000;762.000000;762.000000;100.000000;0.000000;0.000000;-nan;            450ms 360μs 889ns;                          0ns
12bf1;14;0;23;21;4;11;11.000000;11.000000;100.000000;776.000000;776.000000;100.000000;0.000000;0.000000;-nan;            488ms 402μs 451ns;                          0ns
12bf9;14;0;29;15;4;11;11.000000;11.000000;100.000000;918.000000;918.000000;100.000000;0.000000;0.000000;-nan;            540ms 142μs 755ns;                          0ns
d2285;17;0;92;31;6;18;19.000000;18.000000;94.736842;1602.000000;1602.000000;100.000000;0.000000;0.000000;-nan;            644ms  78μs 956ns;            151ms 826μs 189ns
d2298;5;0;76;31;5;20;20.000000;20.000000;100.000000;1601.000000;1601.000000;100.000000;0.000000;0.000000;-nan;            520ms 428μs 468ns;                          0ns
d2240;6;0;79;31;5;21;21.000000;21.000000;100.000000;1704.000000;1704.000000;100.000000;0.000000;0.000000;-nan;            496ms 234μs  20ns;                          0ns
d224d;5;0;85;32;5;22;22.000000;22.000000;100.000000;1703.000000;1703.000000;100.000000;0.000000;0.000000;-nan;            500ms 819μs 804ns;                          0ns
d225b;4;0;80;32;5;21;21.000000;21.000000;100.000000;1729.000000;1729.000000;100.000000;0.000000;0.000000;-nan;            412ms  44μs 933ns;                          0ns
d2264;5;0;71;26;5;18;18.000000;18.000000;100.000000;1604.000000;1604.000000;100.000000;0.000000;0.000000;-nan;            367ms 649μs 499ns;                          0ns
d226c;7;0;72;33;5;20;20.000000;20.000000;100.000000;1603.000000;1603.000000;100.000000;0.000000;0.000000;-nan;            492ms 679μs 720ns;                          0ns
d2229;5;5;85;31;5;23;23.000000;23.000000;100.000000;1715.000000;1715.000000;100.000000;0.000000;0.000000;-nan;            351ms 565μs 587ns;                          0ns
d222d;5;0;72;35;5;20;20.000000;20.000000;100.000000;1605.000000;1605.000000;100.000000;0.000000;0.000000;-nan;            363ms 962μs 795ns;                          0ns
d2239;29;0;113;48;7;19;21.000000;19.000000;90.476190;1729.000000;1729.000000;101.288811;0.000000;0.000000;-nan;            848ms   7μs 657ns;            267ms 500μs 111ns
191e08;14;8;85;41;6;19;20.000000;19.000000;95.000000;1730.000000;1730.000000;100.000000;0.000000;0.000000;-nan;         1s 320ms 596μs 413ns;            126ms 276μs 239ns
191e1d;21;8;114;57;7;20;22.000000;20.000000;90.909091;1731.000000;1731.000000;100.000000;0.000000;0.000000;-nan;         1s 891ms 243μs 838ns;            521ms 421μs 694ns
191e31;21;0;115;54;7;19;21.000000;19.000000;90.476190;1732.000000;1732.000000;100.000000;0.000000;0.000000;-nan;         1s 994ms 320μs 554ns;            372ms 947μs 398ns
191dc8;18;0;87;49;6;20;21.000000;20.000000;95.238095;1728.000000;1728.000000;100.000000;0.000000;0.000000;-nan;         1s 666ms  17μs 103ns;            173ms 918μs 506ns
191dd5;17;0;88;49;6;20;21.000000;20.000000;95.238095;1729.000000;1729.000000;100.000000;0.000000;0.000000;-nan;         1s 735ms 146μs 921ns;             83ms 122μs 913ns
191de7;18;0;91;45;6;20;21.000000;20.000000;95.238095;1733.000000;1733.000000;100.000000;0.000000;0.000000;-nan;         1s 773ms 965μs 962ns;            180ms 965μs 665ns
191dfa;15;0;92;41;6;19;20.000000;19.000000;95.000000;1725.000000;1725.000000;100.000000;0.000000;0.000000;-nan;         1s 462ms 158μs 530ns;            132ms 991μs 898ns
191da7;24;0;101;49;6;24;25.000000;24.000000;96.000000;1954.000000;1954.000000;100.000000;0.000000;0.000000;-nan;         1s 978ms 349μs 245ns;            306ms 879μs 926ns
191daa;17;0;88;43;6;19;20.000000;19.000000;95.000000;1727.000000;1727.000000;100.000000;0.000000;0.000000;-nan;         1s 542ms 431μs  86ns;             83ms 329μs 375ns
191db9;17;0;92;45;6;20;21.000000;20.000000;95.238095;1731.000000;1731.000000;100.289687;0.000000;0.000000;-nan;         1s 448ms  84μs 542ns;            169ms   3μs 528ns
cffc0;22;0;108;42;7;17;19.000000;17.000000;89.473684;1594.000000;1594.000000;100.000000;0.000000;0.000000;-nan;         1s 809ms 178μs 256ns;            290ms 131μs 467ns
cffd4;15;8;84;33;6;18;19.000000;18.000000;94.736842;1602.000000;1602.000000;100.000000;0.000000;0.000000;-nan;         1s 468ms 501μs 306ns;            156ms 159μs 805ns
cffe6;18;0;94;28;6;18;19.000000;18.000000;94.736842;1599.000000;1599.000000;100.000000;0.000000;0.000000;-nan;         1s 812ms 675μs 895ns;            174ms 719μs 379ns
cff94;14;0;85;35;6;17;18.000000;17.000000;94.444444;1598.000000;1598.000000;100.000000;0.000000;0.000000;-nan;         1s 480ms 265μs 433ns;            116ms 884μs 644ns
cffac;44;0;134;78;9;17;21.000000;17.000000;80.952381;1604.000000;1604.000000;100.000000;0.000000;0.000000;-nan;         2s 465ms 126μs 968ns;         1s 173ms 389μs 849ns
cff52;18;0;100;36;7;17;20.000000;17.000000;85.000000;1602.000000;1602.000000;99.937617;0.000000;0.000000;-nan;         1s 921ms 258μs 740ns;            234ms  21μs 969ns
cff57;20;0;80;40;6;18;19.000000;18.000000;94.736842;1601.000000;1601.000000;100.000000;0.000000;0.000000;-nan;         1s 351ms  47μs 287ns;            250ms  92μs 806ns
cff66;16;0;93;31;6;18;19.000000;18.000000;94.736842;1563.000000;1563.000000;100.000000;0.000000;0.000000;-nan;         1s 684ms 805μs 722ns;             79ms 780μs 859ns
cff6d;18;0;91;31;6;18;19.000000;18.000000;94.736842;1600.000000;1600.000000;100.000000;0.000000;0.000000;-nan;         1s 696ms 620μs 939ns;             77ms 939μs 807ns
cff7f;20;0;87;33;6;18;19.000000;18.000000;94.736842;1592.000000;1592.000000;100.000000;0.000000;0.000000;-nan;         1s 752ms 141μs 330ns;             88ms  13μs 208ns
18fc4e;27;0;115;58;7;20;22.000000;20.000000;90.909091;1724.000000;1724.000000;100.000000;0.000000;0.000000;-nan;         2s  42ms  25μs 515ns;            396ms 204μs 469ns
18fc59;13;0;88;47;6;19;20.000000;19.000000;95.000000;1733.000000;1733.000000;100.000000;0.000000;0.000000;-nan;         1s 697ms 444μs 727ns;             86ms 300μs  24ns
18fc6d;11;8;90;45;6;20;21.000000;20.000000;95.238095;1731.000000;1731.000000;100.000000;0.000000;0.000000;-nan;         1s 365ms 520μs  83ns;             83ms 740μs 187ns
18fc09;21;0;97;44;6;21;22.000000;21.000000;95.454545;1732.000000;1732.000000;100.000000;0.000000;0.000000;-nan;         1s 811ms 470μs 311ns;            216ms 479μs 740ns
18fc16;15;0;86;33;6;20;22.000000;20.000000;90.909091;1732.000000;1732.000000;100.115607;0.000000;0.000000;-nan;         1s 622ms 467μs  72ns;             83ms  68μs 945ns
18fc2f;16;0;93;45;6;20;21.000000;20.000000;95.238095;1727.000000;1727.000000;100.000000;0.000000;0.000000;-nan;         1s 579ms 959μs 281ns;            219ms 728μs 701ns
18fc3e;20;0;96;38;6;20;21.000000;20.000000;95.238095;1723.000000;1723.000000;100.000000;0.000000;0.000000;-nan;         1s 695ms 923μs 628ns;            228ms 840μs 907ns
18fbea;17;0;89;42;6;19;20.000000;19.000000;95.000000;1725.000000;1725.000000;100.000000;0.000000;0.000000;-nan;         1s 435ms 456μs 285ns;             85ms 517μs 877ns
18fbef;16;0;81;37;6;20;22.000000;20.000000;90.909091;1729.000000;1729.000000;100.000000;0.000000;0.000000;-nan;         1s 366ms 142μs 369ns;            115ms 907μs 164ns
18fbfd;16;0;86;46;6;19;20.000000;19.000000;95.000000;1728.000000;1728.000000;100.000000;0.000000;0.000000;-nan;         1s 473ms 899μs 966ns;            126ms  47μs 182ns
fb42;7;0;29;18;4;10;10.000000;10.000000;100.000000;748.000000;748.000000;100.000000;0.000000;0.000000;-nan;            497ms 531μs 547ns;                          0ns
fb4a;5;0;15;8;3;8;8.000000;8.000000;100.000000;738.000000;738.000000;100.000000;0.000000;0.000000;-nan;            445ms 665μs 550ns;                          0ns
fb53;12;0;25;17;4;10;10.000000;10.000000;100.000000;766.000000;766.000000;100.000000;0.000000;0.000000;-nan;            538ms 649μs 399ns;                          0ns
fb5d;10;0;24;14;4;9;9.000000;9.000000;100.000000;747.000000;747.000000;100.000000;0.000000;0.000000;-nan;            497ms 523μs 559ns;                          0ns
fb69;8;0;25;21;4;10;10.000000;10.000000;100.000000;745.000000;745.000000;100.000000;0.000000;0.000000;-nan;            462ms 170μs 467ns;                          0ns
fb74;11;0;21;16;4;9;9.000000;9.000000;100.000000;737.000000;737.000000;100.000000;0.000000;0.000000;-nan;            501ms 949μs 287ns;                          0ns
fb11;2;0;29;17;4;9;9.000000;9.000000;100.000000;771.000000;771.000000;100.000000;0.000000;0.000000;-nan;             45ms  93μs 636ns;                          0ns
fb15;10;0;26;18;4;10;10.000000;10.000000;100.000000;765.000000;765.000000;100.000000;0.000000;0.000000;-nan;            443ms 976μs 499ns;                          0ns
fb27;10;0;24;14;4;9;9.000000;9.000000;100.000000;746.000000;746.000000;100.000000;0.000000;0.000000;-nan;            405ms 173μs 535ns;                          0ns
fb35;23;0;19;28;5;9;10.000000;9.000000;90.000000;749.000000;749.000000;108.080808;0.000000;0.000000;-nan;            656ms 428μs 820ns;             41ms 647μs 392ns
cdc51;35;0;57;42;6;20;22.000000;20.000000;90.909091;1599.000000;1599.000000;108.040541;0.000000;0.000000;-nan;         1s 961ms 236μs 811ns;            250ms 725μs 744ns
cdc6a;18;0;84;32;6;17;18.000000;17.000000;94.444444;1602.000000;1602.000000;100.000000;0.000000;0.000000;-nan;         1s 766ms 318μs 660ns;             79ms 705μs 749ns
cdc1c;12;0;54;20;5;14;15.000000;14.000000;93.333333;1297.000000;1297.000000;100.000000;0.000000;0.000000;-nan;         1s 720ms 279μs 896ns;             64ms 595μs 882ns
cdc28;17;0;82;27;6;16;17.000000;16.000000;94.117647;1488.000000;1488.000000;100.000000;0.000000;0.000000;-nan;         1s 376ms 380μs 368ns;            218ms 224μs 878ns
cdc3a;16;0;65;29;6;16;18.000000;16.000000;88.888889;1484.000000;1484.000000;100.000000;0.000000;0.000000;-nan;         1s 795ms  44μs 810ns;            107ms 977μs 340ns
cdbc3;20;0;85;35;6;18;19.000000;18.000000;94.736842;1604.000000;1604.000000;100.000000;0.000000;0.000000;-nan;         1s 605ms 176μs 920ns;            224ms 656μs 120ns
cdbd2;13;0;90;23;6;16;17.000000;16.000000;94.117647;1485.000000;1485.000000;100.000000;0.000000;0.000000;-nan;         1s 480ms 198μs 330ns;             83ms 321μs 507ns
cdbdf;19;18;85;42;7;16;18.000000;16.000000;88.888889;1487.000000;1487.000000;100.000000;0.000000;0.000000;-nan;         1s  84ms 586μs   4ns;            395ms 648μs 779ns
cdbf4;23;0;89;36;6;19;20.000000;19.000000;95.000000;1600.000000;1600.000000;100.000000;0.000000;0.000000;-nan;         1s 861ms 968μs 694ns;            151ms 725μs 247ns
cdbbe;26;0;91;37;6;20;21.000000;20.000000;95.238095;1601.000000;1601.000000;100.000000;0.000000;0.000000;-nan;         1s 687ms 242μs 333ns;            193ms 357μs 965ns
18da46;15;62;51;28;6;20;21.000000;20.000000;95.238095;1727.000000;1727.000000;100.000000;0.000000;0.000000;-nan;            793ms 502μs 160ns;            188ms 920μs 910ns
18da56;16;0;83;35;6;20;22.000000;20.000000;90.909091;1733.000000;1733.000000;100.000000;0.000000;0.000000;-nan;         1s 931ms 542μs 556ns;            134ms 141μs 323ns
18da0b;16;0;95;43;6;20;21.000000;20.000000;95.238095;1732.000000;1732.000000;100.000000;0.000000;0.000000;-nan;         1s 759ms  28μs 863ns;            214ms  38μs 178ns
18da1c;24;0;117;59;7;20;22.000000;20.000000;90.909091;1725.000000;1725.000000;100.000000;0.000000;0.000000;-nan;         2s 148ms 183μs 317ns;            320ms 115μs 896ns
18da31;20;0;88;46;6;20;21.000000;20.000000;95.238095;1731.000000;1731.000000;100.000000;0.000000;0.000000;-nan;         1s 966ms 767μs 904ns;            164ms 601μs 562ns
18d9cd;15;8;86;45;6;20;21.000000;20.000000;95.238095;1728.000000;1728.000000;100.000000;0.000000;0.000000;-nan;         1s 257ms 103μs 534ns;             84ms 791μs 808ns
18d9e0;38;0;160;84;9;19;23.000000;19.000000;82.608696;1732.000000;1732.000000;100.115607;0.000000;0.000000;-nan;         2s 310ms 609μs 326ns;            922ms 129μs 548ns
18d9fd;18;0;86;44;6;19;20.000000;19.000000;95.000000;1724.000000;1724.000000;100.000000;0.000000;0.000000;-nan;         1s 735ms 145μs  95ns;             85ms  19μs 930ns
18d9b8;18;0;91;45;6;20;21.000000;20.000000;95.238095;1728.000000;1728.000000;100.115875;0.000000;0.000000;-nan;         1s 642ms 382μs 772ns;            215ms 490μs 235ns
18d9bd;17;0;89;48;6;20;21.000000;20.000000;95.238095;1729.000000;1729.000000;100.000000;0.000000;0.000000;-nan;         1s 492ms 102μs 305ns;            217ms 323μs 577ns
cac1;8;0;30;10;4;9;9.000000;9.000000;100.000000;746.000000;746.000000;100.000000;0.000000;0.000000;-nan;            538ms 305μs 352ns;                          0ns
cad0;10;0;8;10;3;8;8.000000;8.000000;100.000000;659.000000;659.000000;100.000000;0.000000;0.000000;-nan;            586ms 953μs 565ns;                          0ns
cad3;8;0;9;11;3;8;8.000000;8.000000;100.000000;747.000000;747.000000;100.000000;0.000000;0.000000;-nan;            517ms 847μs  52ns;                          0ns
ca82;8;0;26;14;4;9;9.000000;9.000000;100.000000;745.000000;745.000000;100.000000;0.000000;0.000000;-nan;            437ms 557μs 565ns;                          0ns
ca8a;6;0;17;5;3;8;8.000000;8.000000;100.000000;738.000000;738.000000;100.000000;0.000000;0.000000;-nan;            458ms 589μs 270ns;                          0ns
ca98;16;0;24;16;5;9;11.000000;9.000000;81.818182;771.000000;771.000000;102.937250;0.000000;0.000000;-nan;            631ms 226μs 788ns;             42ms 407μs 525ns
caa1;13;0;23;18;4;10;10.000000;10.000000;100.000000;759.000000;759.000000;100.000000;0.000000;0.000000;-nan;            528ms 319μs 346ns;                          0ns
caac;9;0;34;11;4;10;10.000000;10.000000;100.000000;658.000000;658.000000;100.000000;0.000000;0.000000;-nan;            588ms 149μs 838ns;                          0ns
cab7;10;0;9;9;3;8;8.000000;8.000000;100.000000;662.000000;662.000000;100.000000;0.000000;0.000000;-nan;            547ms 226μs  81ns;                          0ns
ca7c;11;0;29;18;4;11;11.000000;11.000000;100.000000;771.000000;771.000000;100.000000;0.000000;0.000000;-nan;            483ms 340μs 933ns;                          0ns
18b88c;16;1;79;38;6;20;22.000000;20.000000;90.909091;1733.000000;1733.000000;100.000000;0.000000;0.000000;-nan;         1s 620ms 177μs 323ns;            122ms 161μs 652ns
18b8a3;15;0;86;47;6;19;20.000000;19.000000;95.000000;1725.000000;1725.000000;100.000000;0.000000;0.000000;-nan;         1s 877ms 112μs  24ns;             83ms 868μs  87ns
18b848;23;8;81;42;6;20;21.000000;20.000000;95.238095;1729.000000;1729.000000;100.000000;0.000000;0.000000;-nan;         1s 544ms 690μs 413ns;             82ms 503μs 578ns
18b85b;18;0;87;49;6;20;21.000000;20.000000;95.238095;1728.000000;1728.000000;100.000000;0.000000;0.000000;-nan;         1s 941ms 108μs 294ns;             84ms 259μs 597ns
18b86c;14;8;76;36;6;20;22.000000;20.000000;90.909091;1732.000000;1732.000000;100.464037;0.000000;0.000000;-nan;         1s 512ms 196μs 394ns;            165ms 287μs 262ns
18b805;18;0;87;49;6;20;21.000000;20.000000;95.238095;1726.000000;1726.000000;100.000000;0.000000;0.000000;-nan;         1s 726ms 449μs 168ns;            112ms 282μs 596ns
18b80a;15;0;95;44;6;20;21.000000;20.000000;95.238095;1731.000000;1731.000000;100.000000;0.000000;0.000000;-nan;         1s 746ms 319μs 250ns;            168ms 734μs 435ns
18b817;10;8;89;41;6;19;20.000000;19.000000;95.000000;1727.000000;1727.000000;100.000000;0.000000;0.000000;-nan;         1s 270ms 290μs 723ns;            119ms 102μs 767ns
18b824;25;0;106;59;7;19;21.000000;19.000000;90.476190;1732.000000;1732.000000;100.000000;0.000000;0.000000;-nan;         1s 957ms 267μs 176ns;            280ms 881μs 371ns
18b83f;25;0;117;58;7;20;22.000000;20.000000;90.909091;1730.000000;1730.000000;100.000000;0.000000;0.000000;-nan;         2s  41ms 144μs 769ns;            360ms 748μs 183ns
cb4c1;21;0;54;21;6;13;16.000000;13.000000;81.250000;1262.000000;1262.000000;99.920823;0.000000;0.000000;-nan;         1s 308ms 593μs 342ns;            122ms 554μs 439ns
cb4d3;20;0;47;19;5;14;15.000000;14.000000;93.333333;1290.000000;1290.000000;100.000000;0.000000;0.000000;-nan;         1s  84ms 595μs 110ns;             98ms 724μs 673ns
cb4e6;22;0;46;18;5;14;15.000000;14.000000;93.333333;1262.000000;1262.000000;100.000000;0.000000;0.000000;-nan;         1s  16ms  20μs 979ns;            126ms  83μs 360ns
cb4f7;23;8;94;29;7;15;17.000000;15.000000;88.235294;1292.000000;1292.000000;100.000000;0.000000;0.000000;-nan;         1s  23ms 624μs 570ns;            321ms  68μs 741ns
cb485;7;0;72;33;5;20;20.000000;20.000000;100.000000;1729.000000;1729.000000;100.000000;0.000000;0.000000;-nan;            693ms 226μs 559ns;                          0ns
cb48a;18;0;86;24;7;14;17.000000;14.000000;82.352941;1292.000000;1292.000000;100.077459;0.000000;0.000000;-nan;         1s 183ms 439μs 352ns;            211ms 183μs 830ns
cb49b;11;0;59;26;5;17;17.000000;17.000000;100.000000;1487.000000;1487.000000;100.000000;0.000000;0.000000;-nan;            536ms  50μs 340ns;                          0ns
cb4b4;13;0;61;22;5;17;17.000000;17.000000;100.000000;1485.000000;1485.000000;100.000000;0.000000;0.000000;-nan;            706ms 981μs 857ns;                          0ns
cb479;1;0;72;23;5;17;17.000000;17.000000;100.000000;1599.000000;1599.000000;100.000000;0.000000;0.000000;-nan;             85ms  76μs 820ns;                          0ns
cb47e;5;0;69;28;5;18;18.000000;18.000000;100.000000;1605.000000;1605.000000;100.000000;0.000000;0.000000;-nan;            383ms 523μs 911ns;                          0ns
9d46;14;0;14;20;4;9;9.000000;9.000000;100.000000;657.000000;657.000000;100.000000;0.000000;0.000000;-nan;            788ms 676μs 719ns;                          0ns
9d54;12;0;10;6;3;8;8.000000;8.000000;100.000000;659.000000;659.000000;100.000000;0.000000;0.000000;-nan;            726ms 568μs 758ns;                          0ns
9d5b;10;0;12;6;3;8;8.000000;8.000000;100.000000;629.000000;629.000000;100.000000;0.000000;0.000000;-nan;            796ms 998μs 788ns;                          0ns
9d68;17;0;26;13;5;9;11.000000;9.000000;81.818182;746.000000;746.000000;101.084011;0.000000;0.000000;-nan;            890ms  26μs 339ns;             41ms 191μs 899ns
9d07;12;0;16;20;4;9;9.000000;9.000000;100.000000;745.000000;745.000000;100.000000;0.000000;0.000000;-nan;            572ms 584μs 842ns;                          0ns
9d0e;13;0;7;8;3;8;8.000000;8.000000;100.000000;654.000000;654.000000;100.000000;0.000000;0.000000;-nan;            682ms 528μs 509ns;                          0ns
9d1c;14;0;2;12;3;8;8.000000;8.000000;100.000000;662.000000;662.000000;100.000000;0.000000;0.000000;-nan;            701ms 718μs 725ns;                          0ns
9d27;8;0;33;7;4;9;9.000000;9.000000;100.000000;628.000000;628.000000;100.000000;0.000000;0.000000;-nan;            645ms 679μs 341ns;                          0ns
9d31;9;0;22;17;4;9;9.000000;9.000000;100.000000;746.000000;746.000000;100.000000;0.000000;0.000000;-nan;            655ms 124μs 988ns;                          0ns
9d39;12;0;18;18;4;9;9.000000;9.000000;100.000000;747.000000;747.000000;100.000000;0.000000;0.000000;-nan;            679ms 941μs 710ns;                          0ns
189690;14;8;92;40;6;20;21.000000;20.000000;95.238095;1730.000000;1730.000000;100.000000;0.000000;0.000000;-nan;         1s 328ms 235μs 409ns;            202ms 685μs 239ns
1896a1;15;0;100;39;6;20;21.000000;20.000000;95.238095;1731.000000;1731.000000;100.000000;0.000000;0.000000;-nan;         1s 500ms  97μs 369ns;             86ms 331μs 806ns
1896b8;26;0;107;67;7;20;22.000000;20.000000;90.909091;1728.000000;1728.000000;100.000000;0.000000;0.000000;-nan;         1s 867ms 231μs  66ns;            301ms 660μs 982ns
1896c4;17;0;91;46;6;20;21.000000;20.000000;95.238095;1729.000000;1729.000000;100.000000;0.000000;0.000000;-nan;         1s 641ms 664μs 754ns;            167ms 576μs 905ns
18964f;15;0;88;45;6;19;20.000000;19.000000;95.000000;1724.000000;1724.000000;100.000000;0.000000;0.000000;-nan;         1s 291ms  45μs 600ns;            189ms 862μs 525ns
189661;21;0;81;46;6;19;20.000000;19.000000;95.000000;1725.000000;1725.000000;100.000000;0.000000;0.000000;-nan;         1s 442ms  20μs 835ns;            134ms 297μs 818ns
189672;9;0;71;32;5;20;20.000000;20.000000;100.000000;1733.000000;1733.000000;100.000000;0.000000;0.000000;-nan;            870ms 424μs  73ns;                          0ns
189682;14;0;92;42;6;19;20.000000;19.000000;95.000000;1727.000000;1727.000000;100.000000;0.000000;0.000000;-nan;         1s 465ms 749μs 977ns;            134ms 479μs 537ns
189636;17;0;87;44;6;19;20.000000;19.000000;95.000000;1723.000000;1723.000000;100.000000;0.000000;0.000000;-nan;         1s 356ms 768μs 346ns;             83ms 916μs 509ns
18963b;15;0;91;28;6;20;22.000000;20.000000;90.909091;1732.000000;1732.000000;100.000000;0.000000;0.000000;-nan;         1s 426ms 200μs 702ns;             87ms 480μs 232ns
187549;22;0;108;60;7;19;21.000000;19.000000;90.476190;1724.000000;1724.000000;100.000000;0.000000;0.000000;-nan;         1s 672ms 821μs 773ns;            337ms 723μs 919ns
187558;18;0;91;45;6;20;21.000000;20.000000;95.238095;1731.000000;1731.000000;100.289687;0.000000;0.000000;-nan;         1s 666ms 883μs 499ns;            166ms 956μs 747ns
187569;13;0;88;47;6;19;20.000000;19.000000;95.000000;1733.000000;1733.000000;100.000000;0.000000;0.000000;-nan;         1s 619ms 359μs 871ns;            231ms 583μs 376ns
187579;13;0;99;42;6;20;21.000000;20.000000;95.238095;1731.000000;1731.000000;100.000000;0.000000;0.000000;-nan;         1s 744ms 354μs 439ns;            221ms 353μs 558ns
18751d;18;0;90;46;6;20;21.000000;20.000000;95.238095;1729.000000;1729.000000;100.000000;0.000000;0.000000;-nan;         1s 565ms 958μs 791ns;            167ms 466μs 956ns
187535;16;0;90;42;6;19;20.000000;19.000000;95.000000;1730.000000;1730.000000;100.000000;0.000000;0.000000;-nan;         1s 528ms 621μs 696ns;            118ms 573μs 494ns
1874d1;18;0;88;48;6;20;21.000000;20.000000;95.238095;1725.000000;1725.000000;100.000000;0.000000;0.000000;-nan;         1s 405ms  75μs 440ns;            270ms 691μs 160ns
1874d6;21;3;113;53;7;19;21.000000;19.000000;90.476190;1727.000000;1727.000000;100.000000;0.000000;0.000000;-nan;         1s 671ms 879μs 448ns;            371ms 906μs 219ns
1874e6;13;0;92;49;6;20;21.000000;20.000000;95.238095;1728.000000;1728.000000;100.000000;0.000000;0.000000;-nan;         1s 375ms 789μs  65ns;             84ms  92μs 967ns
187504;10;0;98;40;6;19;20.000000;19.000000;95.000000;1732.000000;1732.000000;100.000000;0.000000;0.000000;-nan;         1s 340ms 137μs 802ns;             81ms 976μs 360ns
c6f52;6;0;77;39;5;22;22.000000;22.000000;100.000000;1703.000000;1703.000000;100.000000;0.000000;0.000000;-nan;            531ms  15μs 970ns;                          0ns
c6f67;6;0;76;30;5;20;20.000000;20.000000;100.000000;1727.000000;1727.000000;100.000000;0.000000;0.000000;-nan;            501ms 185μs 212ns;                          0ns
c6f02;8;0;73;35;5;21;21.000000;21.000000;100.000000;1704.000000;1704.000000;100.000000;0.000000;0.000000;-nan;            430ms 367μs 443ns;                          0ns
c6f15;10;0;72;34;5;21;21.000000;21.000000;100.000000;1724.000000;1724.000000;100.000000;0.000000;0.000000;-nan;            490ms 339μs 139ns;                          0ns
c6f2b;5;0;84;33;5;22;22.000000;22.000000;100.000000;1718.000000;1718.000000;100.000000;0.000000;0.000000;-nan;            534ms 136μs 906ns;                          0ns
c6f3c;6;0;75;31;5;20;20.000000;20.000000;100.000000;1605.000000;1605.000000;100.000000;0.000000;0.000000;-nan;            579ms  32μs  58ns;                          0ns
c6ec8;9;0;70;37;5;21;21.000000;21.000000;100.000000;1712.000000;1712.000000;100.000000;0.000000;0.000000;-nan;            447ms 583μs 583ns;                          0ns
c6ecc;19;1;67;29;5;21;21.000000;21.000000;100.000000;1729.000000;1729.000000;100.000000;0.000000;0.000000;-nan;            310ms 300μs 742ns;                          0ns
c6edb;9;0;74;33;5;21;21.000000;21.000000;100.000000;1716.000000;1716.000000;100.000000;0.000000;0.000000;-nan;            418ms 696μs  95ns;                          0ns
c6ef5;10;0;70;36;5;21;21.000000;21.000000;100.000000;1719.000000;1719.000000;100.000000;0.000000;0.000000;-nan;            450ms 784μs 167ns;                          0ns
5d8b;14;0;25;19;4;11;11.000000;11.000000;100.000000;735.000000;735.000000;100.000000;0.000000;0.000000;-nan;            578ms 914μs 124ns;                          0ns
5d93;11;0;25;12;4;9;9.000000;9.000000;100.000000;660.000000;660.000000;100.000000;0.000000;0.000000;-nan;            577ms 721μs 806ns;                          0ns
5d9e;5;0;17;6;3;8;8.000000;8.000000;100.000000;745.000000;745.000000;100.000000;0.000000;0.000000;-nan;            582ms 709μs 106ns;                          0ns
5da9;14;0;21;23;4;11;11.000000;11.000000;100.000000;764.000000;764.000000;100.000000;0.000000;0.000000;-nan;            554ms 688μs 784ns;                          0ns
5db5;3;0;45;10;4;11;11.000000;11.000000;100.000000;760.000000;760.000000;100.000000;0.000000;0.000000;-nan;            457ms 614μs 119ns;                          0ns
5d4e;7;0;39;12;4;11;11.000000;11.000000;100.000000;779.000000;779.000000;100.000000;0.000000;0.000000;-nan;            453ms 903μs 130ns;                          0ns
5d53;12;0;19;17;4;9;9.000000;9.000000;100.000000;738.000000;738.000000;100.000000;0.000000;0.000000;-nan;            558ms 434μs 534ns;                          0ns
5d60;11;0;8;9;3;8;8.000000;8.000000;100.000000;747.000000;747.000000;100.000000;0.000000;0.000000;-nan;            535ms 265μs  14ns;                          0ns
5d6c;10;0;26;12;4;9;9.000000;9.000000;100.000000;746.000000;746.000000;100.000000;0.000000;0.000000;-nan;            536ms 968μs 537ns;                          0ns
5d7a;21;0;26;27;6;7;9.000000;7.000000;77.777778;659.000000;659.000000;99.546828;0.000000;0.000000;-nan;            920ms 686μs 398ns;             71ms 225μs 773ns
185415;16;0;94;44;6;20;21.000000;20.000000;95.238095;1726.000000;1726.000000;100.000000;0.000000;0.000000;-nan;         1s 878ms 594μs 166ns;            255ms  16μs 221ns
1853cf;21;0;94;47;6;21;22.000000;21.000000;95.454545;1725.000000;1725.000000;100.000000;0.000000;0.000000;-nan;         1s 706ms 842μs 148ns;            335ms 769μs 544ns
1853da;11;8;92;37;6;19;20.000000;19.000000;95.000000;1732.000000;1732.000000;100.000000;0.000000;0.000000;-nan;         1s 392ms 255μs 473ns;            125ms 149μs 583ns
185401;21;0;82;45;6;19;20.000000;19.000000;95.000000;1724.000000;1724.000000;100.000000;0.000000;0.000000;-nan;         1s 711ms 927μs 759ns;             82ms 994μs 926ns
18538f;17;0;112;41;7;19;22.000000;19.000000;86.363636;1727.000000;1727.000000;100.000000;0.000000;0.000000;-nan;         1s 794ms 753μs 943ns;            209ms 636μs 781ns
1853a7;16;0;94;44;6;20;21.000000;20.000000;95.238095;1731.000000;1731.000000;100.000000;0.000000;0.000000;-nan;         1s 480ms 495μs 988ns;            253ms 905μs 720ns
1853b2;14;8;84;48;6;20;21.000000;20.000000;95.238095;1733.000000;1733.000000;100.000000;0.000000;0.000000;-nan;         1s 412ms 778μs 814ns;             95ms 657μs 910ns
1853be;15;0;90;43;6;19;20.000000;19.000000;95.000000;1728.000000;1728.000000;100.000000;0.000000;0.000000;-nan;         1s 676ms 961μs 120ns;             84ms  53μs 819ns
18537e;19;0;94;41;6;20;21.000000;20.000000;95.238095;1730.000000;1730.000000;100.000000;0.000000;0.000000;-nan;         1s 628ms 615μs 786ns;            217ms 568μs 384ns
185381;19;2;85;48;6;20;21.000000;20.000000;95.238095;1729.000000;1729.000000;100.000000;0.000000;0.000000;-nan;         1s 110ms 420μs 271ns;            200ms 185μs 609ns
c47c9;3;0;67;36;5;19;19.000000;19.000000;100.000000;1561.000000;1561.000000;100.000000;0.000000;0.000000;-nan;            254ms 698μs 132ns;                          0ns
c47d0;5;0;66;31;5;18;18.000000;18.000000;100.000000;1487.000000;1487.000000;100.000000;0.000000;0.000000;-nan;            435ms 964μs 830ns;                          0ns
c47d8;15;8;73;30;6;16;17.000000;16.000000;94.117647;1487.000000;1487.000000;100.134680;0.000000;0.000000;-nan;            901ms 377μs 411ns;            355ms 832μs 229ns
c47e0;22;0;101;41;7;16;18.000000;16.000000;88.888889;1486.000000;1486.000000;100.000000;0.000000;0.000000;-nan;         1s 336ms 798μs 150ns;            219ms 382μs 216ns
c4785;17;0;85;32;6;17;18.000000;17.000000;94.444444;1599.000000;1599.000000;100.000000;0.000000;0.000000;-nan;         1s  65ms 162μs 407ns;             76ms 190μs 227ns
c4798;3;0;71;32;5;19;19.000000;19.000000;100.000000;1529.000000;1529.000000;100.000000;0.000000;0.000000;-nan;            155ms 772μs 941ns;                          0ns
c47a2;6;0;59;31;5;17;17.000000;17.000000;100.000000;1488.000000;1488.000000;100.000000;0.000000;0.000000;-nan;            303ms 913μs 208ns;                          0ns
c47b6;34;0;98;50;7;18;20.000000;18.000000;90.000000;1602.000000;1602.000000;100.000000;0.000000;0.000000;-nan;         1s 443ms 597μs 305ns;            667ms 256μs   0ns
c4779;24;0;80;36;6;18;19.000000;18.000000;94.736842;1601.000000;1601.000000;100.000000;0.000000;0.000000;-nan;            959ms 739μs 348ns;            155ms 262μs 199ns
c477e;7;0;72;33;5;20;20.000000;20.000000;100.000000;1489.000000;1489.000000;100.000000;0.000000;0.000000;-nan;            716ms 857μs 452ns;                          0ns
1832c8;14;0;92;42;6;19;20.000000;19.000000;95.000000;1728.000000;1728.000000;100.000000;0.000000;0.000000;-nan;         1s 611ms 382μs 922ns;             87ms  57μs 664ns
1832d2;18;0;90;46;6;20;21.000000;20.000000;95.238095;1733.000000;1733.000000;100.000000;0.000000;0.000000;-nan;         1s 828ms 357μs 626ns;            200ms 464μs 124ns
18328c;24;1;110;55;7;19;21.000000;19.000000;90.476190;1730.000000;1730.000000;100.000000;0.000000;0.000000;-nan;         1s 700ms 794μs  31ns;            221ms 209μs 408ns
18329c;19;0;96;39;6;20;21.000000;20.000000;95.238095;1732.000000;1732.000000;100.000000;0.000000;0.000000;-nan;         1s 621ms 825μs  52ns;            232ms 636μs 632ns
1832b5;11;0;94;43;6;19;20.000000;19.000000;95.000000;1727.000000;1727.000000;100.000000;0.000000;0.000000;-nan;         1s 637ms 212μs 425ns;             84ms 372μs 728ns
183246;18;0;106;46;7;19;22.000000;19.000000;86.363636;1727.000000;1727.000000;100.174014;0.000000;0.000000;-nan;         1s 759ms 806μs 207ns;            166ms 366μs 170ns
183257;15;0;87;46;6;19;20.000000;19.000000;95.000000;1729.000000;1729.000000;100.000000;0.000000;0.000000;-nan;         1s 421ms 709μs 148ns;            134ms 663μs   3ns
183268;19;0;89;46;6;20;21.000000;20.000000;95.238095;1723.000000;1723.000000;100.000000;0.000000;0.000000;-nan;         1s 403ms 515μs 937ns;            214ms 864μs 350ns
18327b;19;0;90;45;6;20;21.000000;20.000000;95.238095;1731.000000;1731.000000;100.000000;0.000000;0.000000;-nan;         1s 531ms  51μs 317ns;            180ms 970μs 897ns
183243;14;0;96;38;6;19;20.000000;19.000000;95.000000;1726.000000;1726.000000;100.000000;0.000000;0.000000;-nan;         1s 342ms 674μs 885ns;            126ms 882μs 396ns
c1ec5;17;0;64;29;6;16;18.000000;16.000000;88.888889;1486.000000;1486.000000;100.000000;0.000000;0.000000;-nan;         1s 548ms 939μs 807ns;             73ms 376μs 436ns
c1ed1;23;8;88;35;7;15;17.000000;15.000000;88.235294;1296.000000;1296.000000;100.000000;0.000000;0.000000;-nan;         1s 746ms 141μs 459ns;            224ms 159μs 582ns
c1ee3;25;0;88;41;7;15;17.000000;15.000000;88.235294;1297.000000;1297.000000;100.000000;0.000000;0.000000;-nan;         1s 912ms 638μs 206ns;            427ms 296μs 145ns
c1ef6;12;0;56;18;5;14;15.000000;14.000000;93.333333;1290.000000;1290.000000;100.000000;0.000000;0.000000;-nan;         1s 344ms 162μs 897ns;             62ms  81μs 694ns
c1eff;22;0;82;30;6;17;18.000000;17.000000;94.444444;1487.000000;1487.000000;100.000000;0.000000;0.000000;-nan;         1s 634ms 128μs 481ns;            341ms 743μs 769ns
c1e92;24;0;77;39;6;18;19.000000;18.000000;94.736842;1601.000000;1601.000000;100.000000;0.000000;0.000000;-nan;         1s 690ms 429μs 462ns;             79ms 945μs 550ns
c1e96;19;0;70;37;6;16;17.000000;16.000000;94.117647;1484.000000;1484.000000;100.000000;0.000000;0.000000;-nan;         1s 594ms 325μs 937ns;            209ms 191μs 821ns
c1ea2;28;0;89;35;8;13;17.000000;13.000000;76.470588;1262.000000;1262.000000;99.841772;0.000000;0.000000;-nan;         2s   3ms 214μs  95ns;            308ms 446μs 187ns
c1ea9;28;0;50;34;6;13;15.000000;13.000000;86.666667;1261.000000;1261.000000;99.683794;0.000000;0.000000;-nan;         1s 926ms 209μs 471ns;            290ms  80μs  71ns
c1eba;21;0;93;30;7;16;19.000000;16.000000;84.210526;1486.000000;1486.000000;114.749035;0.000000;0.000000;-nan;         1s 770ms 449μs  82ns;            325ms 656μs 754ns
1848;9;0;2;1;2;4;4.000000;4.000000;100.000000;443.000000;443.000000;100.000000;0.000000;0.000000;-nan;            820ms 292μs 184ns;                          0ns
180c;15;0;6;7;3;8;8.000000;8.000000;100.000000;629.000000;629.000000;100.000000;0.000000;0.000000;-nan;            838ms 305μs 324ns;                          0ns
1818;20;0;25;13;4;11;11.000000;11.000000;100.000000;626.000000;626.000000;100.000000;0.000000;0.000000;-nan;            888ms 399μs 369ns;                          0ns
1824;18;0;22;14;4;10;10.000000;10.000000;100.000000;656.000000;656.000000;100.000000;0.000000;0.000000;-nan;            936ms  53μs 241ns;                          0ns
182c;9;0;11;4;3;5;5.000000;5.000000;100.000000;444.000000;444.000000;100.000000;0.000000;0.000000;-nan;            757ms 703μs 395ns;                          0ns
183f;16;0;22;16;4;10;10.000000;10.000000;100.000000;657.000000;657.000000;100.000000;0.000000;0.000000;-nan;            915ms 695μs 829ns;                          0ns
17d9;13;0;17;2;3;7;7.000000;7.000000;100.000000;628.000000;628.000000;100.000000;0.000000;0.000000;-nan;            479ms 445μs 490ns;                          0ns
17df;10;0;12;2;3;5;5.000000;5.000000;100.000000;442.000000;442.000000;100.000000;0.000000;0.000000;-nan;            384ms  54μs 789ns;                          0ns
17f1;13;0;17;2;3;7;7.000000;7.000000;100.000000;627.000000;627.000000;100.000000;0.000000;0.000000;-nan;            538ms 346μs 858ns;                          0ns
17fb;12;0;14;2;3;6;6.000000;6.000000;100.000000;625.000000;625.000000;100.000000;0.000000;0.000000;-nan;            591ms 883μs 357ns;                          0ns
1810d4;20;0;89;45;6;20;21.000000;20.000000;95.238095;1730.000000;1730.000000;100.000000;0.000000;0.000000;-nan;         1s 812ms 970μs 152ns;             80ms 197μs 792ns
1810ec;17;0;92;45;6;20;21.000000;20.000000;95.238095;1731.000000;1731.000000;100.000000;0.000000;0.000000;-nan;         1s 676ms 437μs 880ns;            166ms 417μs 946ns
1810fe;17;0;83;34;6;20;22.000000;20.000000;90.909091;1727.000000;1727.000000;100.000000;0.000000;0.000000;-nan;         1s 642ms 565μs  63ns;             81ms 932μs 510ns
18109b;21;0;109;60;7;19;21.000000;19.000000;90.476190;1729.000000;1729.000000;100.000000;0.000000;0.000000;-nan;         1s 811ms 783μs 443ns;            271ms 806μs 139ns
1810a5;13;0;99;42;6;20;21.000000;20.000000;95.238095;1733.000000;1733.000000;100.000000;0.000000;0.000000;-nan;         1s 540ms 139μs 382ns;             85ms 249μs 621ns
1810be;13;0;88;47;6;19;20.000000;19.000000;95.000000;1723.000000;1723.000000;100.000000;0.000000;0.000000;-nan;         1s 654ms 666μs 280ns;            118ms  47μs 631ns
18105e;23;0;111;56;7;19;21.000000;19.000000;90.476190;1727.000000;1727.000000;100.174014;0.000000;0.000000;-nan;         1s 780ms 142μs 582ns;            292ms 380μs  28ns
181062;9;0;78;25;5;20;20.000000;20.000000;100.000000;1732.000000;1732.000000;100.000000;0.000000;0.000000;-nan;            701ms 258μs 206ns;                          0ns
181070;17;1;98;38;6;20;21.000000;20.000000;95.238095;1725.000000;1725.000000;100.000000;0.000000;0.000000;-nan;         1s 111ms 439μs 247ns;             79ms 235μs 254ns
181081;26;0;117;65;7;21;23.000000;21.000000;91.304348;1728.000000;1728.000000;100.000000;0.000000;0.000000;-nan;         1s 909ms 286μs 581ns;            490ms 470μs 409ns
