# unix_time, cycles_done, cur_path, paths_total, pending_total, pending_favs, map_size, unique_crashes, unique_hangs, max_depth, execs_per_sec
1747774284, 0, 0, 1, 1, 1, 5.35%, 0, 0, 1, 31.13
1747774289, 0, 0, 22, 22, 1, 5.46%, 0, 0, 2, 33.39
1747774294, 0, 0, 40, 40, 1, 5.46%, 0, 0, 2, 30.50
1747774300, 0, 0, 57, 57, 1, 5.46%, 0, 0, 2, 29.89
1747774305, 0, 0, 73, 73, 1, 5.46%, 0, 0, 2, 29.72
1747774310, 0, 0, 87, 87, 1, 6.00%, 0, 0, 2, 27.88
1747774315, 0, 0, 97, 97, 1, 6.02%, 0, 0, 2, 27.09
1747774320, 0, 0, 105, 105, 1, 6.02%, 0, 0, 2, 25.05
1747774325, 0, 0, 116, 116, 1, 6.02%, 0, 0, 2, 25.44
1747774330, 0, 0, 125, 125, 1, 6.02%, 0, 0, 2, 26.67
1747774335, 0, 0, 131, 131, 1, 6.02%, 0, 0, 2, 24.66
1747774340, 0, 0, 139, 139, 1, 6.02%, 0, 0, 2, 25.30
1747774346, 0, 0, 146, 146, 1, 6.02%, 0, 0, 2, 27.35
1747774351, 0, 0, 153, 153, 1, 6.02%, 0, 0, 2, 27.15
1747774356, 0, 0, 159, 159, 1, 6.02%, 0, 0, 2, 25.87
1747774361, 0, 0, 167, 167, 1, 6.02%, 0, 0, 2, 24.49
1747774366, 0, 0, 174, 174, 1, 6.02%, 0, 0, 2, 22.61
1747774371, 0, 0, 184, 184, 1, 6.02%, 0, 0, 2, 26.12
1747774376, 0, 0, 192, 192, 1, 6.03%, 0, 0, 2, 23.62
1747774381, 0, 0, 198, 198, 1, 6.03%, 0, 0, 2, 24.74
1747774386, 0, 0, 202, 202, 1, 6.03%, 0, 0, 2, 25.84
1747774392, 0, 0, 207, 207, 1, 6.03%, 0, 0, 2, 26.45
1747774397, 0, 0, 210, 210, 1, 6.03%, 0, 0, 2, 24.45
1747774402, 0, 0, 216, 216, 1, 6.03%, 0, 0, 2, 24.75
1747774407, 0, 0, 220, 220, 1, 6.03%, 0, 0, 2, 25.33
1747774412, 0, 0, 226, 226, 1, 6.03%, 0, 0, 2, 25.01
1747774417, 0, 0, 231, 231, 1, 6.03%, 0, 0, 2, 24.43
1747774422, 0, 0, 237, 237, 1, 6.03%, 0, 0, 2, 26.11
1747774427, 0, 0, 242, 242, 1, 6.03%, 0, 0, 2, 25.06
1747774433, 0, 0, 245, 245, 1, 6.03%, 0, 0, 2, 24.49
1747774438, 0, 0, 251, 251, 1, 6.03%, 0, 0, 2, 25.09
1747774443, 0, 0, 255, 255, 1, 6.03%, 0, 0, 2, 25.50
1747774448, 0, 0, 257, 257, 1, 6.03%, 0, 0, 2, 26.13
1747774453, 0, 0, 260, 260, 1, 6.03%, 0, 0, 2, 25.05
1747774458, 0, 0, 263, 263, 1, 6.03%, 0, 0, 2, 25.84
1747774463, 0, 0, 265, 265, 1, 6.03%, 0, 0, 2, 26.70
1747774469, 0, 0, 269, 269, 1, 6.03%, 0, 0, 2, 26.33
1747774474, 0, 0, 272, 272, 1, 6.03%, 0, 0, 2, 26.19
1747774479, 0, 0, 275, 275, 1, 6.03%, 0, 0, 2, 25.23
1747774484, 0, 0, 280, 280, 1, 6.04%, 0, 0, 2, 23.09
1747774489, 0, 0, 282, 282, 1, 6.04%, 0, 0, 2, 24.22
1747774494, 0, 0, 284, 284, 1, 6.04%, 0, 0, 2, 24.61
1747774499, 0, 0, 285, 285, 1, 6.04%, 0, 0, 2, 25.19
1747774504, 0, 0, 289, 289, 1, 6.04%, 0, 0, 2, 25.56
1747774509, 0, 0, 291, 291, 1, 6.04%, 0, 0, 2, 24.90
1747774514, 0, 0, 292, 292, 1, 6.04%, 0, 0, 2, 26.46
1747774520, 0, 0, 295, 295, 1, 6.04%, 0, 0, 2, 23.69
1747774525, 0, 0, 297, 297, 1, 6.04%, 0, 0, 2, 24.79
1747774530, 0, 0, 301, 301, 1, 6.04%, 0, 0, 2, 25.58
1747774535, 0, 0, 305, 305, 1, 6.04%, 0, 0, 2, 24.75
1747774540, 0, 0, 307, 307, 1, 6.04%, 0, 0, 2, 24.99
1747774545, 0, 0, 310, 310, 1, 6.04%, 0, 0, 2, 23.49
1747774550, 0, 0, 312, 312, 1, 6.04%, 0, 0, 2, 24.70
1747774555, 0, 0, 313, 313, 1, 6.04%, 0, 0, 2, 26.00
1747774560, 0, 0, 315, 315, 1, 6.04%, 0, 0, 2, 26.03
1747774570, 0, 0, 318, 318, 1, 6.04%, 0, 0, 2, 25.67
1747774581, 0, 0, 320, 320, 1, 6.04%, 0, 0, 2, 25.13
1747774586, 0, 0, 322, 322, 1, 6.04%, 0, 0, 2, 26.11
1747774591, 0, 0, 323, 323, 1, 6.04%, 0, 0, 2, 26.13
1747774596, 0, 0, 325, 325, 1, 6.04%, 0, 0, 2, 26.57
1747774606, 0, 0, 327, 327, 1, 6.04%, 0, 0, 2, 25.65
1747774611, 0, 0, 329, 329, 1, 6.04%, 0, 0, 2, 25.56
1747774621, 0, 0, 330, 330, 1, 6.04%, 0, 0, 2, 26.05
1747774626, 0, 0, 335, 335, 1, 6.04%, 0, 0, 2, 25.04
1747774631, 0, 0, 338, 338, 1, 6.04%, 0, 0, 2, 24.94
1747774637, 0, 0, 340, 340, 1, 6.04%, 0, 0, 2, 24.38
1747774642, 0, 0, 341, 341, 1, 6.04%, 0, 0, 2, 25.77
1747774647, 0, 1, 343, 342, 16, 6.04%, 0, 0, 2, 25.35
1747774652, 0, 1, 350, 349, 16, 6.05%, 0, 0, 2, 20.10
1747774657, 0, 1, 355, 354, 16, 6.25%, 0, 0, 2, 19.73
1747774662, 0, 1, 359, 358, 16, 6.25%, 0, 0, 2, 19.90
1747774667, 0, 1, 362, 361, 16, 6.25%, 0, 0, 2, 20.81
1747774672, 0, 1, 366, 365, 16, 6.26%, 0, 0, 2, 18.10
1747774678, 0, 1, 370, 369, 16, 6.90%, 0, 0, 2, 17.20
1747774683, 0, 1, 376, 375, 16, 7.49%, 0, 0, 2, 18.03
1747774688, 0, 1, 382, 381, 16, 7.49%, 0, 0, 2, 17.85
1747774693, 0, 1, 384, 383, 16, 7.49%, 0, 0, 2, 20.22
1747774698, 0, 1, 389, 388, 16, 7.49%, 0, 0, 2, 20.33
1747774703, 0, 1, 393, 392, 16, 7.49%, 0, 0, 2, 19.75
1747774708, 0, 1, 395, 394, 16, 7.49%, 0, 0, 2, 20.19
1747774713, 0, 1, 398, 397, 16, 7.49%, 0, 0, 2, 19.68
1747774719, 0, 1, 403, 402, 16, 7.49%, 0, 0, 2, 19.98
1747774724, 0, 1, 405, 404, 16, 7.49%, 0, 0, 2, 20.40
1747774729, 0, 1, 408, 407, 16, 7.49%, 0, 0, 2, 20.45
1747774734, 0, 1, 412, 411, 16, 7.49%, 0, 0, 2, 20.64
1747774739, 0, 1, 415, 414, 16, 7.49%, 0, 0, 2, 18.92
1747774744, 0, 1, 418, 417, 16, 7.50%, 0, 0, 2, 20.22
1747774749, 0, 1, 421, 420, 16, 7.50%, 0, 0, 2, 19.10
1747774754, 0, 1, 427, 426, 16, 7.50%, 0, 0, 2, 17.26
1747774760, 0, 1, 430, 429, 16, 7.50%, 0, 0, 2, 20.34
1747774765, 0, 1, 432, 431, 16, 7.50%, 0, 0, 2, 21.09
1747774770, 0, 2, 434, 433, 12, 7.50%, 0, 0, 2, 28.39
1747774780, 0, 2, 435, 434, 12, 7.50%, 0, 0, 3, 26.90
1747774785, 0, 2, 437, 436, 12, 7.50%, 0, 0, 3, 26.12
1747774795, 0, 2, 438, 437, 12, 7.50%, 0, 0, 3, 27.71
1747774805, 0, 2, 439, 438, 12, 7.50%, 0, 0, 3, 26.18
1747774810, 0, 2, 440, 439, 12, 7.50%, 0, 0, 3, 26.74
1747774821, 0, 2, 441, 440, 12, 7.50%, 0, 0, 3, 27.74
1747774826, 0, 2, 442, 441, 12, 7.50%, 0, 0, 3, 26.23
1747774841, 0, 2, 443, 442, 12, 7.51%, 0, 0, 3, 13.35
1747774846, 0, 2, 445, 444, 12, 7.51%, 0, 0, 3, 23.47
1747774851, 0, 2, 446, 445, 12, 7.51%, 0, 0, 3, 26.00
1747774856, 0, 2, 448, 447, 12, 7.51%, 0, 0, 3, 26.38
1747774877, 0, 2, 449, 448, 12, 7.51%, 0, 0, 3, 26.94
1747774882, 0, 2, 450, 449, 12, 7.51%, 0, 0, 3, 26.59
1747774887, 0, 2, 451, 450, 12, 7.51%, 0, 0, 3, 25.57
1747774892, 0, 2, 455, 454, 12, 7.51%, 0, 0, 3, 23.66
1747774897, 0, 2, 456, 455, 12, 7.51%, 0, 0, 3, 24.25
1747774907, 0, 2, 457, 456, 12, 7.51%, 0, 0, 3, 27.51
1747774917, 0, 2, 458, 457, 12, 7.51%, 0, 0, 3, 26.63
1747774922, 0, 2, 459, 458, 12, 7.51%, 0, 0, 3, 26.33
1747774927, 0, 2, 460, 459, 12, 7.51%, 0, 0, 3, 26.80
1747774932, 0, 2, 461, 460, 12, 7.51%, 0, 0, 3, 25.77
1747774948, 0, 2, 462, 461, 12, 7.51%, 0, 0, 3, 26.74
1747774953, 0, 2, 464, 463, 12, 7.51%, 0, 0, 3, 26.21
1747774963, 0, 2, 465, 464, 12, 7.51%, 0, 0, 3, 22.90
1747774978, 0, 2, 466, 465, 12, 7.51%, 0, 0, 3, 27.59
1747774983, 0, 2, 467, 466, 12, 7.51%, 0, 0, 3, 26.16
1747774989, 0, 2, 468, 467, 12, 7.51%, 0, 0, 3, 27.15
1747774994, 0, 2, 470, 469, 12, 7.51%, 0, 0, 3, 25.23
1747775004, 0, 2, 471, 470, 12, 7.51%, 0, 0, 3, 27.16
1747775014, 0, 2, 472, 471, 12, 7.51%, 0, 0, 3, 27.56
1747775020, 0, 2, 473, 472, 12, 7.51%, 0, 0, 3, 28.39
1747775030, 0, 3, 474, 472, 14, 7.51%, 0, 0, 3, 4.62
1747775035, 0, 3, 476, 474, 14, 7.51%, 0, 0, 3, 7.67
1747775040, 0, 3, 478, 476, 14, 7.51%, 0, 0, 3, 7.67
1747775045, 0, 3, 481, 479, 14, 7.53%, 0, 0, 3, 7.62
1747775051, 0, 3, 485, 483, 14, 7.53%, 0, 0, 3, 8.67
1747775056, 0, 3, 486, 484, 14, 7.53%, 0, 0, 3, 11.14
1747775061, 0, 3, 488, 486, 14, 7.53%, 0, 0, 3, 8.88
1747775066, 0, 3, 491, 489, 14, 7.53%, 0, 0, 3, 7.83
1747775071, 0, 3, 493, 491, 14, 7.53%, 0, 0, 3, 7.14
1747775077, 0, 3, 496, 494, 14, 7.53%, 0, 0, 3, 6.20
1747775082, 0, 3, 498, 496, 14, 7.53%, 0, 0, 3, 10.22
1747775087, 0, 3, 500, 498, 14, 7.55%, 0, 0, 3, 12.47
1747775092, 0, 3, 502, 500, 14, 7.55%, 0, 0, 3, 8.37
1747775097, 0, 3, 504, 502, 14, 7.55%, 0, 0, 3, 8.00
1747775102, 0, 3, 507, 505, 14, 7.55%, 0, 0, 3, 8.36
1747775108, 0, 3, 509, 507, 14, 7.55%, 0, 0, 3, 7.94
1747775113, 0, 3, 511, 509, 14, 7.55%, 0, 0, 3, 8.07
1747775118, 0, 3, 513, 511, 14, 7.55%, 0, 0, 3, 7.86
1747775123, 0, 3, 516, 514, 14, 7.55%, 0, 0, 3, 7.60
1747775128, 0, 3, 518, 516, 14, 7.55%, 0, 0, 3, 5.57
1747775133, 0, 3, 519, 517, 14, 7.55%, 0, 0, 3, 10.16
1747775138, 0, 3, 521, 519, 14, 7.55%, 0, 0, 3, 9.02
1747775144, 0, 3, 523, 521, 14, 7.55%, 0, 0, 3, 8.62
1747775149, 0, 3, 525, 523, 14, 7.55%, 0, 0, 3, 9.17
1747775154, 0, 3, 528, 526, 14, 7.55%, 0, 0, 3, 6.97
1747775159, 0, 3, 530, 528, 14, 7.55%, 0, 0, 3, 6.15
1747775164, 0, 3, 533, 531, 14, 7.55%, 0, 0, 3, 7.68
1747775170, 0, 3, 534, 532, 14, 7.55%, 0, 0, 3, 9.73
1747775175, 0, 3, 536, 534, 14, 7.55%, 0, 0, 3, 8.27
1747775180, 0, 3, 538, 536, 14, 7.55%, 0, 0, 3, 8.88
1747775185, 0, 3, 539, 537, 14, 7.55%, 0, 0, 3, 13.72
1747775190, 0, 3, 541, 539, 14, 7.55%, 0, 0, 3, 9.76
1747775195, 0, 3, 542, 540, 14, 7.55%, 0, 0, 3, 9.63
1747775200, 0, 3, 543, 541, 14, 7.55%, 0, 0, 3, 12.01
1747775206, 0, 3, 545, 543, 14, 7.55%, 0, 0, 3, 11.46
1747775211, 0, 3, 548, 546, 14, 7.55%, 0, 0, 3, 10.28
1747775216, 0, 3, 549, 547, 14, 7.55%, 0, 0, 3, 11.43
1747775221, 0, 3, 552, 550, 14, 7.55%, 0, 0, 3, 10.01
1747775226, 0, 3, 554, 552, 14, 7.55%, 0, 0, 3, 7.54
1747775231, 0, 3, 556, 554, 14, 7.55%, 0, 0, 3, 6.04
1747775237, 0, 3, 558, 556, 14, 7.55%, 0, 0, 3, 6.44
1747775242, 0, 3, 561, 559, 14, 7.55%, 0, 0, 3, 7.19
1747775247, 0, 3, 564, 562, 14, 7.55%, 0, 0, 3, 8.26
1747775252, 0, 3, 565, 563, 14, 7.55%, 0, 0, 3, 10.41
1747775257, 0, 3, 567, 565, 14, 7.55%, 0, 0, 3, 8.63
1747775262, 0, 3, 569, 567, 14, 7.55%, 0, 0, 3, 11.13
1747775267, 0, 3, 570, 568, 14, 7.55%, 0, 0, 3, 9.30
1747775273, 0, 3, 572, 570, 14, 7.55%, 0, 0, 3, 10.51
1747775283, 0, 3, 574, 572, 14, 7.55%, 0, 0, 3, 9.64
1747775288, 0, 3, 576, 574, 14, 7.55%, 0, 0, 3, 7.57
1747775293, 0, 3, 578, 576, 14, 7.55%, 0, 0, 3, 8.55
1747775298, 0, 3, 579, 577, 14, 7.55%, 0, 0, 3, 9.90
1747775303, 0, 3, 581, 579, 14, 7.55%, 0, 0, 3, 7.79
1747775308, 0, 3, 582, 580, 14, 7.55%, 0, 0, 3, 10.87
1747775314, 0, 3, 583, 581, 14, 7.55%, 0, 0, 3, 13.25
1747775319, 0, 3, 586, 584, 14, 7.55%, 0, 0, 3, 7.65
1747775324, 0, 3, 587, 585, 14, 7.57%, 0, 0, 3, 10.11
1747775329, 0, 5, 589, 587, 18, 7.57%, 0, 0, 3, 9.73
1747775334, 0, 5, 591, 589, 18, 7.57%, 0, 0, 3, 8.87
1747775340, 0, 5, 595, 593, 18, 7.57%, 0, 0, 3, 10.33
1747775345, 0, 5, 598, 596, 18, 7.57%, 0, 0, 3, 9.11
1747775350, 0, 5, 600, 598, 18, 7.59%, 0, 0, 3, 9.86
1747775355, 0, 5, 603, 601, 18, 7.60%, 0, 0, 3, 10.64
1747775360, 0, 5, 604, 602, 18, 7.60%, 0, 0, 3, 14.44
1747775365, 0, 5, 606, 604, 18, 7.60%, 0, 0, 3, 11.63
1747775370, 0, 5, 609, 607, 18, 7.60%, 0, 0, 3, 12.18
1747775375, 0, 5, 611, 609, 18, 7.60%, 0, 0, 3, 7.97
1747775380, 0, 5, 614, 612, 18, 7.60%, 0, 0, 3, 9.02
1747775386, 0, 5, 616, 614, 18, 7.60%, 0, 0, 3, 7.97
1747775391, 0, 5, 619, 617, 18, 7.60%, 0, 0, 3, 7.68
1747775396, 0, 5, 621, 619, 18, 7.60%, 0, 0, 3, 8.37
1747775401, 0, 5, 624, 622, 18, 7.60%, 0, 0, 3, 9.41
1747775406, 0, 5, 626, 624, 18, 7.61%, 0, 0, 3, 7.24
1747775411, 0, 5, 628, 626, 18, 7.61%, 0, 0, 3, 7.52
1747775416, 0, 5, 630, 628, 18, 7.61%, 0, 0, 3, 11.99
1747775422, 0, 5, 631, 629, 18, 7.61%, 0, 0, 3, 12.61
1747775427, 0, 5, 634, 632, 18, 7.61%, 0, 0, 3, 11.78
1747775432, 0, 5, 636, 634, 18, 7.61%, 0, 0, 3, 10.85
1747775437, 0, 5, 638, 636, 18, 7.66%, 0, 0, 3, 8.53
1747775442, 0, 5, 640, 638, 18, 7.67%, 0, 0, 3, 11.83
1747775447, 0, 5, 643, 641, 18, 7.67%, 0, 0, 3, 11.66
1747775452, 0, 5, 645, 643, 18, 7.67%, 0, 0, 3, 10.99
1747775458, 0, 5, 647, 645, 18, 7.67%, 0, 0, 3, 8.47
1747775463, 0, 5, 649, 647, 18, 7.67%, 0, 0, 3, 9.13
1747775468, 0, 5, 651, 649, 18, 7.67%, 0, 0, 3, 9.81
1747775473, 0, 5, 653, 651, 18, 7.67%, 0, 0, 3, 9.20
1747775478, 0, 5, 655, 653, 18, 7.67%, 0, 0, 3, 10.67
1747775484, 0, 5, 656, 654, 18, 7.67%, 0, 0, 3, 14.47
1747775489, 0, 5, 658, 656, 18, 7.67%, 0, 0, 3, 10.70
1747775494, 0, 5, 661, 659, 18, 7.67%, 0, 0, 3, 13.25
1747775499, 0, 5, 664, 662, 18, 7.67%, 0, 0, 3, 8.50
1747775504, 0, 5, 667, 665, 18, 7.67%, 0, 0, 3, 9.17
1747775509, 0, 5, 669, 667, 18, 7.67%, 0, 0, 3, 8.41
1747775514, 0, 5, 672, 670, 18, 7.67%, 0, 0, 3, 9.21
1747775519, 0, 5, 673, 671, 18, 7.67%, 0, 0, 3, 11.31
1747775525, 0, 5, 675, 673, 18, 7.67%, 0, 0, 3, 8.99
1747775530, 0, 5, 676, 674, 18, 7.67%, 0, 0, 3, 10.52
1747775535, 0, 5, 677, 675, 18, 7.67%, 0, 0, 3, 13.25
1747775540, 0, 5, 678, 676, 18, 7.67%, 0, 0, 3, 12.71
1747775546, 0, 5, 680, 678, 18, 7.67%, 0, 0, 3, 13.01
1747775551, 0, 5, 681, 679, 18, 7.68%, 0, 0, 3, 9.95
1747775556, 0, 5, 683, 681, 18, 7.68%, 0, 0, 3, 10.17
1747775561, 0, 5, 685, 683, 18, 7.68%, 0, 0, 3, 12.33
1747775566, 0, 5, 687, 685, 18, 7.68%, 0, 0, 3, 10.41
1747775571, 0, 5, 689, 687, 18, 7.68%, 0, 0, 3, 12.33
1747775576, 0, 6, 690, 688, 21, 7.68%, 0, 0, 3, 15.61
1747775582, 0, 6, 692, 690, 21, 7.68%, 0, 0, 3, 10.97
1747775587, 0, 6, 694, 692, 21, 7.68%, 0, 0, 3, 10.67
1747775592, 0, 6, 697, 695, 21, 7.68%, 0, 0, 3, 10.28
1747775597, 0, 6, 699, 697, 21, 7.68%, 0, 0, 3, 12.66
1747775603, 0, 6, 701, 699, 21, 7.68%, 0, 0, 3, 12.66
1747775608, 0, 6, 702, 700, 21, 7.68%, 0, 0, 3, 8.78
1747775613, 0, 6, 704, 702, 21, 7.68%, 0, 0, 3, 11.45
1747775618, 0, 6, 707, 705, 21, 7.68%, 0, 0, 3, 8.06
1747775623, 0, 6, 709, 707, 21, 7.68%, 0, 0, 3, 9.45
1747775634, 0, 6, 710, 708, 21, 7.68%, 0, 0, 3, 12.55
1747775639, 0, 6, 711, 709, 21, 7.68%, 0, 0, 3, 13.37
1747775644, 0, 6, 712, 710, 21, 7.68%, 0, 0, 3, 12.64
1747775649, 0, 6, 713, 711, 21, 7.68%, 0, 0, 3, 10.44
1747775654, 0, 6, 714, 712, 21, 7.68%, 0, 0, 3, 13.29
1747775659, 0, 6, 715, 713, 21, 7.68%, 0, 0, 3, 14.17
1747775665, 0, 6, 717, 715, 21, 7.68%, 0, 0, 3, 13.32
1747775670, 0, 6, 718, 716, 21, 7.68%, 0, 0, 3, 13.47
1747775675, 0, 6, 719, 717, 21, 7.68%, 0, 0, 3, 12.11
1747775680, 0, 6, 721, 719, 21, 7.68%, 0, 0, 3, 10.76
1747775690, 0, 6, 722, 720, 21, 7.68%, 0, 0, 3, 14.22
1747775695, 0, 6, 723, 721, 21, 7.68%, 0, 0, 3, 13.65
1747775700, 0, 6, 724, 722, 21, 7.68%, 0, 0, 3, 13.27
1747775705, 0, 6, 726, 724, 21, 7.68%, 0, 0, 3, 11.89
1747775710, 0, 6, 727, 725, 21, 7.68%, 0, 0, 3, 11.03
1747775716, 0, 6, 728, 726, 21, 7.68%, 0, 0, 3, 12.13
1747775721, 0, 6, 729, 727, 21, 7.68%, 0, 0, 3, 13.07
1747775726, 0, 6, 730, 728, 21, 7.68%, 0, 0, 3, 13.96
1747775736, 0, 6, 731, 729, 21, 7.68%, 0, 0, 3, 13.09
1747775741, 0, 6, 732, 730, 21, 7.68%, 0, 0, 3, 14.64
1747775747, 0, 6, 734, 732, 21, 7.68%, 0, 0, 3, 11.93
1747775752, 0, 8, 735, 733, 21, 7.68%, 0, 0, 3, 12.69
1747775757, 0, 8, 736, 734, 21, 7.68%, 0, 0, 3, 13.24
1747775762, 0, 8, 738, 736, 21, 7.68%, 0, 0, 3, 11.62
1747775767, 0, 8, 741, 739, 21, 7.68%, 0, 0, 3, 8.55
1747775777, 0, 8, 743, 741, 21, 7.68%, 0, 0, 3, 8.56
1747775782, 0, 8, 744, 742, 21, 7.68%, 0, 0, 3, 11.02
1747775788, 0, 8, 746, 744, 21, 7.68%, 0, 0, 3, 12.52
1747775793, 0, 8, 747, 745, 21, 7.69%, 0, 0, 3, 14.80
1747775798, 0, 8, 749, 747, 21, 7.69%, 0, 0, 3, 12.75
1747775808, 0, 8, 751, 749, 21, 7.69%, 0, 0, 3, 11.95
1747775818, 0, 8, 752, 750, 21, 7.69%, 0, 0, 3, 11.21
1747775823, 0, 8, 754, 752, 21, 7.69%, 0, 0, 3, 11.20
1747775828, 0, 8, 756, 754, 21, 7.69%, 0, 0, 3, 6.70
1747775833, 0, 8, 758, 756, 21, 7.69%, 0, 0, 3, 10.71
1747775849, 0, 8, 759, 757, 21, 7.69%, 0, 0, 3, 11.96
1747775854, 0, 8, 760, 758, 21, 7.69%, 0, 0, 3, 14.32
1747775859, 0, 8, 761, 759, 21, 7.69%, 0, 0, 3, 15.52
1747775864, 0, 8, 762, 760, 21, 7.69%, 0, 0, 3, 12.31
1747775874, 0, 8, 763, 761, 21, 7.69%, 0, 0, 3, 14.38
1747775879, 0, 8, 764, 762, 21, 7.69%, 0, 0, 3, 13.51
1747775890, 0, 8, 766, 764, 21, 7.69%, 0, 0, 3, 9.71
1747775900, 0, 8, 767, 765, 21, 7.69%, 0, 0, 3, 12.11
1747775905, 0, 8, 768, 766, 21, 7.69%, 0, 0, 3, 12.47
1747775910, 0, 8, 770, 768, 21, 7.69%, 0, 0, 3, 11.28
1747775916, 0, 8, 771, 769, 21, 7.69%, 0, 0, 3, 11.59
1747775921, 0, 9, 772, 770, 22, 7.69%, 0, 0, 3, 9.76
1747775926, 0, 9, 774, 772, 22, 7.69%, 0, 0, 3, 9.85
1747775936, 0, 9, 775, 773, 22, 7.69%, 0, 0, 3, 14.06
1747775941, 0, 9, 777, 775, 22, 7.69%, 0, 0, 3, 10.05
1747775946, 0, 9, 778, 776, 22, 7.69%, 0, 0, 3, 10.65
1747775952, 0, 9, 779, 777, 22, 7.69%, 0, 0, 3, 11.26
1747775957, 0, 9, 780, 778, 22, 7.69%, 0, 0, 3, 9.66
1747775962, 0, 9, 781, 779, 22, 7.69%, 0, 0, 3, 11.21
1747775967, 0, 9, 782, 780, 22, 7.69%, 0, 0, 3, 10.80
1747775972, 0, 9, 783, 781, 22, 7.69%, 0, 0, 3, 12.51
1747775977, 0, 9, 784, 782, 22, 7.69%, 0, 0, 3, 12.80
1747775982, 0, 9, 785, 783, 22, 7.69%, 0, 0, 3, 13.29
1747775988, 0, 9, 786, 784, 22, 7.69%, 0, 0, 3, 13.25
1747775993, 0, 9, 787, 785, 22, 7.69%, 0, 0, 3, 12.29
1747776003, 0, 9, 788, 786, 22, 7.69%, 0, 0, 3, 12.57
1747776013, 0, 9, 789, 787, 22, 7.69%, 0, 0, 3, 14.39
1747776018, 0, 9, 790, 788, 22, 7.69%, 0, 0, 3, 14.29
1747776023, 0, 9, 791, 789, 22, 7.69%, 0, 0, 3, 11.96
1747776034, 0, 9, 792, 790, 22, 7.69%, 0, 0, 3, 8.78
1747776044, 0, 9, 794, 792, 22, 7.69%, 0, 0, 3, 10.08
1747776070, 0, 10, 795, 793, 21, 7.69%, 0, 0, 3, 14.14
1747776080, 0, 11, 795, 793, 21, 7.69%, 0, 0, 3, 14.13
1747776085, 0, 15, 795, 793, 21, 7.69%, 0, 0, 3, 13.58
1747776090, 0, 16, 795, 793, 21, 7.69%, 0, 0, 3, 14.81
1747776095, 0, 17, 796, 794, 21, 7.69%, 0, 0, 3, 13.93
1747776100, 0, 18, 796, 794, 21, 7.69%, 0, 0, 3, 14.40
1747776106, 0, 18, 797, 795, 21, 7.69%, 0, 0, 3, 15.02
1747776111, 0, 18, 798, 796, 21, 7.69%, 0, 0, 3, 14.60
1747776121, 0, 20, 799, 797, 21, 7.69%, 0, 0, 3, 14.86
1747776126, 0, 21, 799, 797, 21, 7.69%, 0, 0, 3, 13.59
1747776131, 0, 22, 800, 798, 21, 7.69%, 0, 0, 3, 13.82
1747776136, 0, 22, 802, 800, 21, 7.69%, 0, 0, 3, 9.73
1747776162, 0, 23, 803, 801, 21, 7.69%, 0, 0, 3, 16.45
1747776167, 0, 23, 804, 802, 21, 7.69%, 0, 0, 3, 10.48
1747776177, 0, 23, 805, 803, 21, 7.69%, 0, 0, 3, 12.78
1747776182, 0, 23, 806, 804, 21, 7.69%, 0, 0, 3, 11.37
1747776187, 0, 23, 807, 805, 21, 7.69%, 0, 0, 3, 10.11
1747776193, 0, 23, 808, 806, 21, 7.69%, 0, 0, 3, 12.84
1747776198, 0, 23, 809, 807, 21, 7.69%, 0, 0, 3, 10.51
1747776203, 0, 23, 810, 808, 21, 7.69%, 0, 0, 3, 12.84
1747776208, 0, 23, 811, 809, 21, 7.69%, 0, 0, 3, 10.00
1747776213, 0, 23, 812, 810, 21, 7.69%, 0, 0, 3, 9.11
1747776224, 0, 23, 813, 811, 21, 7.69%, 0, 0, 3, 12.51
1747776229, 0, 23, 814, 812, 21, 7.69%, 0, 0, 3, 8.29
1747776239, 0, 23, 815, 813, 21, 7.69%, 0, 0, 3, 12.92
1747776249, 0, 23, 816, 814, 21, 7.69%, 0, 0, 3, 13.09
1747776265, 0, 23, 817, 815, 21, 7.69%, 0, 0, 3, 9.96
1747776270, 0, 23, 818, 816, 21, 7.69%, 0, 0, 3, 10.83
1747776296, 0, 23, 819, 817, 21, 7.69%, 0, 0, 3, 11.80
1747776301, 0, 23, 820, 818, 21, 7.69%, 0, 0, 3, 10.34
1747776306, 0, 23, 821, 819, 21, 7.69%, 0, 0, 3, 12.02
1747776312, 0, 25, 821, 819, 21, 7.69%, 0, 0, 3, 12.93
1747776317, 0, 28, 821, 819, 21, 7.69%, 0, 0, 3, 15.43
1747776322, 0, 29, 821, 819, 21, 7.69%, 0, 0, 3, 15.02
1747776327, 0, 31, 821, 819, 21, 7.69%, 0, 0, 3, 14.65
1747776332, 0, 32, 821, 819, 21, 7.69%, 0, 0, 3, 14.29
1747776337, 0, 35, 821, 819, 21, 7.69%, 0, 0, 3, 14.21
1747776342, 0, 38, 821, 819, 21, 7.69%, 0, 0, 3, 13.95
1747776347, 0, 39, 821, 819, 21, 7.69%, 0, 0, 3, 13.62
1747776352, 0, 40, 821, 819, 21, 7.69%, 0, 0, 3, 14.03
1747776358, 0, 43, 821, 819, 21, 7.69%, 0, 0, 3, 15.03
1747776363, 0, 43, 822, 820, 21, 7.69%, 0, 0, 3, 12.56
1747776368, 0, 44, 822, 820, 21, 7.69%, 0, 0, 3, 14.24
1747776373, 0, 46, 823, 821, 21, 7.69%, 0, 0, 3, 9.51
1747776378, 0, 46, 824, 822, 21, 7.69%, 0, 0, 3, 10.32
1747776383, 0, 46, 826, 824, 21, 7.70%, 0, 0, 3, 9.08
1747776388, 0, 46, 828, 826, 21, 7.70%, 0, 0, 3, 8.67
1747776399, 0, 46, 829, 827, 21, 7.70%, 0, 0, 3, 13.25
1747776409, 0, 46, 831, 829, 21, 7.70%, 0, 0, 3, 10.60
1747776414, 0, 46, 832, 830, 21, 7.70%, 0, 0, 3, 11.07
1747776424, 0, 46, 834, 832, 21, 7.70%, 0, 0, 3, 10.73
1747776429, 0, 46, 835, 833, 21, 7.70%, 0, 0, 3, 11.17
1747776455, 0, 46, 836, 834, 21, 7.70%, 0, 0, 3, 13.08
1747776460, 0, 46, 837, 835, 21, 7.70%, 0, 0, 3, 10.01
1747776470, 0, 46, 838, 836, 21, 7.70%, 0, 0, 3, 10.28
1747776480, 0, 46, 840, 838, 21, 7.70%, 0, 0, 3, 9.56
1747776486, 0, 46, 842, 840, 21, 7.70%, 0, 0, 3, 11.64
1747776491, 0, 46, 843, 841, 21, 7.70%, 0, 0, 3, 10.27
1747776496, 0, 46, 844, 842, 21, 7.70%, 0, 0, 3, 10.29
1747776501, 0, 46, 845, 843, 21, 7.70%, 0, 0, 3, 10.44
1747776506, 0, 46, 847, 845, 21, 7.70%, 0, 0, 3, 11.02
1747776516, 0, 46, 849, 847, 21, 7.70%, 0, 0, 3, 10.55
1747776522, 0, 46, 851, 849, 21, 7.70%, 0, 0, 3, 11.18
1747776527, 0, 46, 852, 850, 21, 7.70%, 0, 0, 3, 11.54
1747776537, 0, 47, 854, 852, 21, 7.70%, 0, 0, 3, 12.60
1747776547, 0, 48, 856, 854, 21, 7.70%, 0, 0, 3, 8.88
1747776553, 0, 48, 857, 855, 21, 7.70%, 0, 0, 3, 9.57
1747776558, 0, 48, 859, 857, 21, 7.70%, 0, 0, 3, 10.39
1747776563, 0, 48, 860, 858, 21, 7.70%, 0, 0, 3, 12.18
1747776568, 0, 48, 862, 860, 21, 7.70%, 0, 0, 3, 8.07
1747776589, 0, 48, 863, 861, 21, 7.70%, 0, 0, 3, 12.42
1747776609, 0, 48, 864, 862, 21, 7.70%, 0, 0, 3, 12.55
1747776614, 0, 48, 865, 863, 21, 7.70%, 0, 0, 3, 9.48
1747776624, 0, 48, 866, 864, 21, 7.70%, 0, 0, 3, 12.84
1747776640, 0, 48, 867, 865, 21, 7.70%, 0, 0, 3, 12.23
1747776660, 0, 48, 869, 867, 21, 7.70%, 0, 0, 3, 11.59
1747776681, 0, 48, 870, 868, 21, 7.70%, 0, 0, 3, 11.52
1747776686, 0, 48, 871, 869, 21, 7.70%, 0, 0, 3, 10.50
1747776691, 0, 49, 871, 869, 21, 7.70%, 0, 0, 3, 13.15
1747776696, 0, 49, 872, 870, 21, 7.70%, 0, 0, 3, 14.24
1747776702, 0, 54, 872, 870, 21, 7.70%, 0, 0, 3, 13.21
1747776707, 0, 55, 872, 870, 21, 7.70%, 0, 0, 3, 15.29
1747776712, 0, 56, 872, 870, 21, 7.70%, 0, 0, 3, 13.98
1747776717, 0, 60, 872, 870, 21, 7.70%, 0, 0, 3, 13.47
1747776722, 0, 60, 873, 871, 21, 7.70%, 0, 0, 3, 13.09
1747776727, 0, 61, 874, 872, 21, 7.70%, 0, 0, 3, 14.23
1747776732, 0, 61, 875, 873, 21, 7.70%, 0, 0, 3, 13.68
1747776743, 0, 61, 877, 875, 21, 7.70%, 0, 0, 3, 10.71
1747776748, 0, 61, 878, 876, 21, 7.97%, 0, 0, 3, 12.81
1747776763, 0, 61, 879, 877, 21, 7.97%, 0, 0, 3, 12.93
1747776774, 0, 61, 880, 878, 21, 7.97%, 0, 0, 3, 13.42
1747776784, 0, 61, 881, 879, 21, 7.97%, 0, 0, 3, 12.88
1747776799, 0, 61, 882, 880, 21, 7.97%, 0, 0, 3, 12.78
1747776810, 0, 61, 883, 881, 21, 7.97%, 0, 0, 3, 9.60
1747776815, 0, 61, 884, 882, 21, 7.97%, 0, 0, 3, 14.32
1747776830, 0, 61, 886, 884, 21, 7.97%, 0, 0, 3, 9.85
1747776851, 0, 61, 887, 885, 21, 7.97%, 0, 0, 3, 13.10
1747776861, 0, 61, 888, 886, 21, 7.97%, 0, 0, 3, 12.85
1747776866, 0, 62, 888, 886, 21, 7.97%, 0, 0, 3, 12.42
1747776871, 0, 64, 888, 886, 21, 7.97%, 0, 0, 3, 15.00
1747776876, 0, 64, 889, 887, 21, 7.97%, 0, 0, 3, 12.34
1747776881, 0, 65, 889, 887, 22, 7.97%, 0, 0, 3, 13.62
1747776887, 0, 66, 891, 889, 22, 7.97%, 0, 0, 3, 11.87
1747776897, 0, 66, 893, 891, 22, 7.97%, 0, 0, 3, 8.97
1747776907, 0, 66, 894, 892, 22, 7.97%, 0, 0, 3, 10.36
1747776912, 0, 66, 895, 893, 22, 7.97%, 0, 0, 3, 10.42
1747776917, 0, 66, 896, 894, 22, 7.97%, 0, 0, 3, 9.88
1747776923, 0, 66, 898, 896, 22, 7.97%, 0, 0, 3, 10.86
1747776954, 0, 66, 899, 897, 22, 8.22%, 0, 0, 3, 9.88
1747776959, 0, 66, 900, 898, 22, 8.23%, 0, 0, 3, 12.07
1747776964, 0, 66, 901, 899, 22, 8.23%, 0, 0, 3, 7.26
1747776969, 0, 66, 902, 900, 22, 8.30%, 0, 0, 3, 9.12
1747776979, 0, 66, 903, 901, 22, 8.30%, 0, 0, 3, 10.09
1747776984, 0, 66, 904, 902, 22, 8.30%, 0, 0, 3, 9.85
1747776999, 0, 66, 905, 903, 22, 8.30%, 0, 0, 3, 11.16
1747777019, 0, 66, 906, 904, 22, 8.30%, 0, 0, 3, 11.32
1747777030, 0, 66, 907, 905, 22, 8.30%, 0, 0, 3, 10.23
1747777040, 0, 66, 908, 906, 22, 8.30%, 0, 0, 3, 11.01
1747777045, 0, 67, 909, 907, 23, 8.35%, 0, 0, 3, 9.68
1747777050, 0, 67, 910, 908, 23, 8.35%, 0, 0, 3, 11.97
1747777055, 0, 67, 911, 909, 23, 8.35%, 0, 0, 3, 12.50
1747777060, 0, 67, 912, 910, 23, 8.35%, 0, 0, 3, 9.65
1747777066, 0, 67, 913, 911, 23, 8.35%, 0, 0, 3, 9.19
1747777076, 0, 67, 914, 912, 23, 8.35%, 0, 0, 3, 8.48
1747777091, 0, 67, 915, 913, 23, 8.36%, 0, 0, 3, 9.76
1747777096, 0, 67, 917, 915, 23, 8.36%, 0, 0, 3, 9.40
1747777107, 0, 67, 919, 917, 23, 8.36%, 0, 0, 3, 7.86
1747777123, 0, 67, 920, 918, 23, 8.36%, 0, 0, 3, 10.35
1747777128, 0, 67, 921, 919, 23, 8.36%, 0, 0, 3, 10.74
1747777133, 0, 67, 922, 920, 23, 8.36%, 0, 0, 3, 10.24
1747777138, 0, 67, 923, 921, 23, 8.36%, 0, 0, 3, 10.39
1747777159, 0, 67, 924, 922, 23, 8.36%, 0, 0, 3, 10.21
1747777169, 0, 67, 925, 923, 23, 8.36%, 0, 0, 3, 11.16
1747777174, 0, 67, 926, 924, 23, 8.36%, 0, 0, 3, 10.42
1747777185, 0, 67, 927, 925, 23, 8.36%, 0, 0, 3, 11.16
1747777205, 0, 68, 927, 925, 25, 8.36%, 0, 0, 3, 11.98
1747777210, 0, 69, 928, 926, 25, 8.36%, 0, 0, 3, 11.18
1747777215, 0, 70, 928, 926, 25, 8.36%, 0, 0, 3, 13.54
1747777221, 0, 71, 929, 927, 25, 8.36%, 0, 0, 3, 11.39
1747777231, 0, 74, 929, 927, 25, 8.36%, 0, 0, 3, 13.72
1747777236, 0, 77, 929, 927, 25, 8.36%, 0, 0, 3, 13.96
1747777241, 0, 77, 930, 928, 25, 8.63%, 0, 0, 3, 11.53
1747777247, 0, 77, 931, 929, 25, 8.63%, 0, 0, 3, 10.87
1747777257, 0, 78, 932, 930, 22, 8.63%, 0, 0, 3, 13.02
1747777262, 0, 78, 933, 931, 22, 8.63%, 0, 0, 3, 9.71
1747777277, 0, 81, 933, 931, 22, 8.63%, 0, 0, 3, 14.23
1747777282, 0, 83, 933, 931, 22, 8.63%, 0, 0, 3, 13.54
1747777287, 0, 83, 934, 932, 22, 8.63%, 0, 0, 3, 10.77
1747777292, 0, 85, 934, 932, 22, 8.63%, 0, 0, 3, 13.11
1747777297, 0, 86, 934, 932, 22, 8.63%, 0, 0, 3, 14.36
1747777302, 0, 90, 934, 932, 22, 8.63%, 0, 0, 3, 13.98
1747777308, 0, 90, 935, 933, 22, 8.63%, 0, 0, 3, 10.55
1747777313, 0, 90, 937, 935, 22, 8.63%, 0, 0, 3, 8.10
1747777323, 0, 90, 938, 936, 22, 8.63%, 0, 0, 3, 10.96
1747777338, 0, 90, 939, 937, 22, 8.63%, 0, 0, 3, 10.27
1747777354, 0, 90, 940, 938, 22, 8.63%, 0, 0, 3, 10.22
1747777364, 0, 90, 941, 939, 22, 8.63%, 0, 0, 3, 13.38
1747777369, 0, 90, 942, 940, 22, 8.63%, 0, 0, 3, 9.28
1747777385, 0, 90, 943, 941, 22, 8.63%, 0, 0, 3, 10.20
1747777390, 0, 90, 944, 942, 22, 8.63%, 0, 0, 3, 9.78
1747777400, 0, 90, 945, 943, 22, 8.63%, 0, 0, 3, 12.17
1747777431, 0, 90, 946, 944, 22, 8.63%, 0, 0, 3, 10.77
1747777446, 0, 90, 947, 945, 22, 8.63%, 0, 0, 3, 10.07
1747777457, 0, 91, 947, 945, 22, 8.63%, 0, 0, 3, 13.70
1747777462, 0, 94, 947, 945, 22, 8.63%, 0, 0, 3, 13.06
1747777467, 0, 95, 947, 945, 22, 8.63%, 0, 0, 3, 13.17
1747777472, 0, 96, 947, 945, 22, 8.63%, 0, 0, 3, 13.35
1747777477, 0, 98, 947, 945, 22, 8.63%, 0, 0, 3, 13.77
1747777482, 0, 99, 947, 945, 22, 8.63%, 0, 0, 3, 13.67
1747777488, 0, 100, 948, 946, 22, 8.63%, 0, 0, 3, 9.60
1747777498, 0, 101, 948, 946, 22, 8.63%, 0, 0, 3, 14.16
1747777503, 0, 103, 948, 946, 22, 8.63%, 0, 0, 3, 13.75
1747777508, 0, 104, 948, 946, 22, 8.63%, 0, 0, 3, 14.12
1747777514, 0, 105, 948, 946, 22, 8.63%, 0, 0, 3, 21.04
1747777621, 0, 106, 949, 946, 22, 8.63%, 0, 0, 3, 17.70
1747777626, 0, 107, 949, 946, 22, 8.63%, 0, 0, 3, 15.90
1747777631, 0, 107, 951, 948, 22, 8.63%, 0, 0, 3, 11.73
1747777636, 0, 107, 952, 949, 22, 8.63%, 0, 0, 3, 8.82
1747777642, 0, 107, 953, 950, 22, 8.63%, 0, 0, 3, 7.68
1747777652, 0, 107, 954, 951, 22, 8.63%, 0, 0, 3, 11.80
1747777663, 0, 107, 955, 952, 22, 8.63%, 0, 0, 3, 10.02
1747777678, 0, 107, 956, 953, 22, 8.69%, 0, 0, 3, 9.23
1747777694, 0, 107, 957, 954, 22, 8.69%, 0, 0, 3, 9.44
1747777699, 0, 107, 959, 956, 22, 8.69%, 0, 0, 3, 7.28
1747777709, 0, 107, 960, 957, 22, 8.69%, 0, 0, 3, 10.35
1747777714, 0, 107, 962, 959, 22, 8.69%, 0, 0, 3, 8.23
1747777724, 0, 107, 963, 960, 22, 8.73%, 0, 0, 3, 8.48
1747777730, 0, 107, 964, 961, 22, 8.73%, 0, 0, 3, 7.86
1747777745, 0, 107, 965, 962, 22, 8.73%, 0, 0, 3, 12.18
1747777755, 0, 107, 966, 963, 22, 8.73%, 0, 0, 3, 10.55
1747777760, 0, 107, 967, 964, 22, 8.73%, 0, 0, 3, 12.67
1747777765, 0, 107, 968, 965, 22, 8.73%, 0, 0, 3, 9.45
1747777770, 0, 107, 969, 966, 22, 8.73%, 0, 0, 3, 9.79
1747777786, 0, 107, 970, 967, 22, 8.73%, 0, 0, 3, 11.71
1747777791, 0, 107, 971, 968, 22, 8.73%, 0, 0, 3, 9.81
1747777796, 0, 107, 972, 969, 22, 8.73%, 0, 0, 3, 11.71
1747777801, 0, 109, 972, 969, 23, 8.73%, 0, 0, 3, 12.72
1747777807, 0, 110, 972, 969, 23, 8.73%, 0, 0, 3, 13.67
1747777812, 0, 111, 972, 969, 23, 8.73%, 0, 0, 3, 13.79
1747777817, 0, 113, 972, 969, 23, 8.73%, 0, 0, 3, 14.35
1747777822, 0, 113, 973, 970, 23, 8.73%, 0, 0, 3, 10.02
1747777827, 0, 114, 974, 971, 23, 8.73%, 0, 0, 3, 11.40
1747777837, 0, 115, 975, 972, 23, 8.73%, 0, 0, 3, 11.95
1747777847, 0, 117, 975, 972, 23, 8.73%, 0, 0, 3, 13.94
1747777852, 0, 117, 976, 973, 23, 8.73%, 0, 0, 3, 12.30
1747777858, 0, 118, 976, 973, 23, 8.73%, 0, 0, 3, 15.53
1747777863, 0, 119, 978, 975, 23, 8.73%, 0, 0, 3, 10.04
1747777883, 0, 121, 978, 975, 23, 8.73%, 0, 0, 3, 13.28
1747777889, 0, 122, 978, 975, 23, 8.73%, 0, 0, 3, 13.26
1747777894, 0, 123, 978, 975, 23, 8.73%, 0, 0, 3, 13.21
1747777899, 0, 125, 978, 975, 23, 8.73%, 0, 0, 3, 15.01
1747777904, 0, 126, 978, 975, 23, 8.73%, 0, 0, 3, 15.08
1747777909, 0, 127, 978, 975, 23, 8.73%, 0, 0, 3, 13.08
1747777914, 0, 128, 979, 976, 23, 8.73%, 0, 0, 3, 13.56
1747777919, 0, 129, 979, 976, 23, 8.73%, 0, 0, 3, 11.81
1747777924, 0, 131, 979, 976, 23, 8.73%, 0, 0, 3, 12.22
1747777929, 0, 133, 979, 976, 23, 8.73%, 0, 0, 3, 12.27
1747777934, 0, 134, 979, 976, 23, 8.73%, 0, 0, 3, 13.95
1747777939, 0, 136, 979, 976, 23, 8.73%, 0, 0, 3, 13.71
1747777945, 0, 136, 981, 978, 23, 8.76%, 0, 0, 3, 7.66
1747777960, 0, 136, 982, 979, 23, 8.76%, 0, 0, 3, 10.39
1747777965, 0, 136, 983, 980, 23, 8.76%, 0, 0, 3, 11.87
1747777970, 0, 136, 984, 981, 23, 8.76%, 0, 0, 3, 9.89
1747777975, 0, 136, 985, 982, 23, 8.76%, 0, 0, 3, 10.02
1747777985, 0, 136, 986, 983, 23, 8.76%, 0, 0, 3, 9.35
1747777996, 0, 136, 988, 985, 23, 8.76%, 0, 0, 3, 7.55
1747778011, 0, 136, 989, 986, 23, 8.76%, 0, 0, 3, 9.27
1747778016, 0, 136, 990, 987, 23, 8.76%, 0, 0, 3, 10.25
1747778021, 0, 136, 991, 988, 23, 8.76%, 0, 0, 3, 7.57
1747778026, 0, 136, 992, 989, 23, 8.76%, 0, 0, 3, 8.67
1747778031, 0, 136, 993, 990, 23, 8.76%, 0, 0, 3, 10.58
1747778036, 0, 136, 994, 991, 23, 8.76%, 0, 0, 3, 8.40
1747778047, 0, 136, 995, 992, 23, 8.91%, 0, 0, 3, 8.76
1747778057, 0, 136, 996, 993, 23, 8.91%, 0, 0, 3, 12.31
1747778062, 0, 136, 997, 994, 23, 8.91%, 0, 0, 3, 14.26
1747778077, 0, 136, 998, 995, 23, 8.91%, 0, 0, 3, 8.70
1747778082, 0, 136, 999, 996, 23, 8.91%, 0, 0, 3, 9.39
1747778087, 0, 136, 1000, 997, 23, 8.91%, 0, 0, 3, 8.96
1747778097, 0, 136, 1001, 998, 23, 8.91%, 0, 0, 3, 10.25
1747778118, 0, 136, 1002, 999, 23, 8.91%, 0, 0, 3, 10.48
1747778123, 0, 136, 1003, 1000, 23, 8.91%, 0, 0, 3, 9.32
1747778128, 0, 137, 1005, 1002, 23, 9.04%, 0, 0, 3, 5.97
1747778139, 0, 137, 1006, 1003, 23, 9.04%, 0, 0, 3, 7.48
1747778144, 0, 137, 1007, 1004, 23, 9.04%, 0, 0, 3, 8.55
1747778154, 0, 137, 1008, 1005, 23, 9.04%, 0, 0, 3, 9.65
1747778180, 0, 137, 1009, 1006, 23, 9.04%, 0, 0, 3, 12.04
1747778190, 0, 137, 1010, 1007, 23, 9.04%, 0, 0, 3, 11.14
1747778216, 0, 137, 1011, 1008, 23, 9.04%, 0, 0, 3, 17.82
1747778221, 0, 137, 1013, 1010, 23, 9.04%, 0, 0, 3, 18.20
1747778247, 0, 140, 1013, 1010, 25, 9.04%, 0, 0, 3, 22.21
1747778252, 0, 141, 1015, 1012, 25, 9.04%, 0, 0, 3, 15.77
1747778257, 0, 141, 1017, 1014, 25, 9.04%, 0, 0, 3, 11.91
1747778262, 0, 141, 1018, 1015, 25, 9.04%, 0, 0, 3, 18.77
1747778267, 0, 141, 1020, 1017, 25, 9.04%, 0, 0, 3, 14.25
1747778272, 0, 141, 1021, 1018, 25, 9.04%, 0, 0, 3, 14.43
1747778278, 0, 141, 1023, 1020, 25, 9.04%, 0, 0, 3, 14.87
1747778288, 0, 141, 1024, 1021, 25, 9.04%, 0, 0, 3, 17.15
1747778298, 0, 141, 1026, 1023, 25, 9.04%, 0, 0, 3, 14.49
1747778309, 0, 141, 1028, 1025, 25, 9.04%, 0, 0, 3, 12.71
1747778314, 0, 141, 1030, 1027, 25, 9.04%, 0, 0, 3, 14.28
1747778324, 0, 141, 1032, 1029, 25, 9.04%, 0, 0, 3, 13.43
1747778329, 0, 141, 1033, 1030, 25, 9.04%, 0, 0, 3, 13.70
1747778334, 0, 141, 1035, 1032, 25, 9.04%, 0, 0, 3, 11.67
1747778350, 0, 141, 1036, 1033, 25, 9.04%, 0, 0, 3, 13.49
1747778355, 0, 141, 1037, 1034, 25, 9.04%, 0, 0, 3, 15.12
1747778360, 0, 141, 1038, 1035, 25, 9.04%, 0, 0, 3, 16.60
1747778365, 0, 141, 1039, 1036, 25, 9.04%, 0, 0, 3, 17.06
1747778370, 0, 141, 1042, 1039, 25, 9.04%, 0, 0, 3, 12.48
1747778375, 0, 141, 1043, 1040, 25, 9.04%, 0, 0, 3, 14.23
1747778380, 0, 141, 1044, 1041, 25, 9.04%, 0, 0, 3, 13.65
1747778385, 0, 143, 1045, 1042, 23, 9.04%, 0, 0, 3, 17.74
1747778390, 0, 145, 1046, 1043, 23, 9.04%, 0, 0, 3, 18.12
1747778396, 0, 145, 1047, 1044, 23, 9.04%, 0, 0, 3, 17.77
1747778401, 0, 145, 1048, 1045, 23, 9.04%, 0, 0, 3, 18.74
1747778406, 0, 145, 1049, 1046, 23, 9.04%, 0, 0, 3, 17.93
1747778416, 0, 145, 1050, 1047, 23, 9.04%, 0, 0, 3, 21.57
1747778426, 0, 145, 1052, 1049, 23, 9.04%, 0, 0, 3, 12.99
1747778431, 0, 145, 1054, 1051, 23, 9.04%, 0, 0, 3, 12.97
1747778437, 0, 145, 1055, 1052, 23, 9.04%, 0, 0, 3, 13.85
1747778442, 0, 145, 1056, 1053, 23, 9.04%, 0, 0, 3, 15.31
1747778457, 0, 145, 1057, 1054, 23, 9.04%, 0, 0, 3, 20.28
1747778462, 0, 145, 1058, 1055, 23, 9.04%, 0, 0, 3, 18.12
1747778467, 0, 145, 1059, 1056, 23, 9.04%, 0, 0, 3, 19.38
1747778473, 0, 145, 1061, 1058, 23, 9.04%, 0, 0, 3, 14.52
1747778488, 0, 145, 1063, 1060, 23, 9.04%, 0, 0, 3, 15.79
1747778498, 0, 145, 1065, 1062, 23, 9.04%, 0, 0, 3, 15.65
1747778503, 0, 147, 1065, 1062, 24, 9.04%, 0, 0, 3, 21.30
1747778508, 0, 148, 1066, 1063, 24, 9.04%, 0, 0, 3, 17.29
1747778513, 0, 149, 1067, 1064, 24, 9.04%, 0, 0, 3, 13.03
1747778518, 0, 149, 1068, 1065, 24, 9.04%, 0, 0, 3, 13.24
1747778528, 0, 151, 1068, 1065, 24, 9.04%, 0, 0, 3, 19.21
1747778534, 0, 153, 1068, 1065, 24, 9.04%, 0, 0, 3, 20.57
1747778539, 0, 155, 1068, 1065, 24, 9.04%, 0, 0, 3, 20.39
1747778544, 0, 158, 1068, 1065, 24, 9.04%, 0, 0, 3, 21.34
1747778549, 0, 163, 1068, 1065, 24, 9.04%, 0, 0, 3, 24.88
1747778554, 0, 165, 1068, 1065, 24, 9.04%, 0, 0, 3, 21.86
1747778559, 0, 167, 1069, 1066, 24, 9.04%, 0, 0, 3, 18.53
1747778569, 0, 167, 1072, 1069, 24, 9.12%, 0, 0, 3, 10.46
1747778590, 0, 167, 1073, 1070, 24, 9.12%, 0, 0, 3, 15.26
1747778595, 0, 167, 1074, 1071, 24, 9.12%, 0, 0, 3, 15.89
1747778600, 0, 167, 1075, 1072, 24, 9.12%, 0, 0, 3, 16.13
1747778605, 0, 167, 1077, 1074, 24, 9.12%, 0, 0, 3, 13.74
1747778611, 0, 167, 1078, 1075, 24, 9.12%, 0, 0, 3, 16.22
1747778621, 0, 167, 1079, 1076, 24, 9.12%, 0, 0, 3, 18.06
1747778631, 0, 167, 1080, 1077, 24, 9.12%, 0, 0, 3, 16.96
1747778636, 0, 167, 1081, 1078, 24, 9.12%, 0, 0, 3, 15.73
1747778642, 0, 167, 1083, 1080, 24, 9.12%, 0, 0, 3, 14.06
1747778652, 0, 167, 1084, 1081, 24, 9.12%, 0, 0, 3, 13.01
1747778657, 0, 167, 1085, 1082, 24, 9.12%, 0, 0, 3, 16.05
1747778667, 0, 167, 1087, 1084, 24, 9.12%, 0, 0, 3, 11.36
1747778678, 0, 170, 1087, 1084, 22, 9.12%, 0, 0, 3, 22.10
1747778683, 0, 171, 1087, 1084, 22, 9.12%, 0, 0, 3, 18.88
1747778688, 0, 173, 1088, 1085, 22, 9.12%, 0, 0, 3, 14.04
1747778693, 0, 173, 1090, 1087, 22, 9.12%, 0, 0, 3, 13.83
1747778698, 0, 173, 1091, 1088, 22, 9.12%, 0, 0, 3, 16.47
1747778703, 0, 173, 1093, 1090, 22, 9.12%, 0, 0, 3, 11.03
1747778714, 0, 173, 1094, 1091, 22, 9.12%, 0, 0, 3, 17.65
1747778719, 0, 173, 1095, 1092, 22, 9.12%, 0, 0, 3, 15.83
1747778724, 0, 173, 1097, 1094, 22, 9.13%, 0, 0, 3, 8.12
1747778729, 0, 173, 1098, 1095, 22, 9.13%, 0, 0, 3, 13.26
1747778739, 0, 173, 1099, 1096, 22, 9.13%, 0, 0, 3, 15.41
1747778744, 0, 173, 1100, 1097, 22, 9.13%, 0, 0, 3, 13.12
1747778765, 0, 173, 1102, 1099, 22, 9.13%, 0, 0, 3, 11.02
1747778770, 0, 173, 1104, 1101, 22, 9.13%, 0, 0, 3, 11.74
1747778775, 0, 173, 1105, 1102, 22, 9.13%, 0, 0, 3, 15.80
1747778785, 0, 173, 1106, 1103, 22, 9.13%, 0, 0, 3, 16.77
1747778801, 0, 173, 1107, 1104, 22, 9.13%, 0, 0, 3, 15.66
1747778806, 0, 174, 1107, 1104, 22, 9.13%, 0, 0, 3, 17.14
1747778811, 0, 176, 1107, 1104, 22, 9.13%, 0, 0, 3, 16.90
1747778816, 0, 176, 1108, 1105, 22, 9.13%, 0, 0, 3, 15.24
1747778821, 0, 178, 1108, 1105, 22, 9.13%, 0, 0, 3, 17.92
1747778826, 0, 182, 1108, 1105, 22, 9.13%, 0, 0, 3, 21.13
1747778831, 0, 184, 1109, 1106, 22, 9.13%, 0, 0, 3, 18.04
1747778837, 0, 185, 1110, 1107, 22, 9.13%, 0, 0, 3, 20.32
1747778847, 0, 187, 1110, 1107, 22, 9.13%, 0, 0, 3, 21.02
1747778852, 0, 193, 1110, 1107, 22, 9.13%, 0, 0, 3, 20.10
1747778857, 0, 195, 1111, 1108, 22, 9.13%, 0, 0, 3, 17.06
1747778862, 0, 195, 1112, 1109, 22, 9.13%, 0, 0, 3, 15.07
1747778867, 0, 197, 1112, 1109, 22, 9.13%, 0, 0, 3, 19.35
1747778873, 0, 199, 1112, 1109, 22, 9.13%, 0, 0, 3, 20.47
1747778878, 0, 203, 1112, 1109, 22, 9.13%, 0, 0, 3, 20.97
1747778883, 0, 206, 1112, 1109, 22, 9.13%, 0, 0, 3, 22.53
1747778888, 0, 209, 1112, 1109, 22, 9.13%, 0, 0, 3, 18.74
1747778893, 0, 212, 1112, 1109, 22, 9.13%, 0, 0, 3, 20.95
1747778898, 0, 214, 1112, 1109, 22, 9.13%, 0, 0, 3, 21.59
1747778903, 0, 216, 1112, 1109, 22, 9.13%, 0, 0, 3, 20.23
1747778908, 0, 217, 1113, 1110, 22, 9.13%, 0, 0, 3, 19.66
1747778914, 0, 218, 1114, 1111, 22, 9.13%, 0, 0, 3, 15.32
1747778919, 0, 219, 1114, 1111, 22, 9.13%, 0, 0, 3, 17.62
1747778924, 0, 221, 1114, 1111, 22, 9.13%, 0, 0, 3, 20.64
1747778929, 0, 224, 1114, 1111, 22, 9.13%, 0, 0, 3, 19.18
1747778934, 0, 224, 1115, 1112, 22, 9.13%, 0, 0, 3, 15.71
1747778939, 0, 224, 1117, 1114, 22, 9.13%, 0, 0, 3, 14.73
1747778944, 0, 224, 1118, 1115, 22, 9.13%, 0, 0, 3, 14.92
1747778949, 0, 224, 1119, 1116, 22, 9.13%, 0, 0, 3, 16.05
1747778955, 0, 224, 1120, 1117, 22, 9.13%, 0, 0, 3, 17.71
1747778960, 0, 224, 1122, 1119, 22, 9.13%, 0, 0, 3, 12.31
1747778965, 0, 224, 1123, 1120, 22, 9.13%, 0, 0, 3, 12.73
1747778991, 0, 224, 1124, 1121, 22, 9.13%, 0, 0, 3, 16.91
1747779001, 0, 224, 1126, 1123, 22, 9.13%, 0, 0, 3, 16.73
1747779017, 0, 224, 1128, 1125, 22, 9.51%, 0, 0, 3, 14.28
1747779022, 0, 224, 1129, 1126, 22, 9.51%, 0, 0, 3, 16.70
1747779027, 0, 224, 1130, 1127, 22, 9.63%, 0, 0, 3, 10.22
1747779037, 0, 224, 1131, 1128, 22, 9.63%, 0, 0, 3, 14.10
1747779042, 0, 226, 1131, 1128, 24, 9.63%, 0, 0, 3, 18.13
1747779048, 0, 227, 1132, 1129, 24, 9.63%, 0, 0, 3, 20.57
1747779053, 0, 229, 1132, 1129, 24, 9.63%, 0, 0, 3, 22.94
1747779058, 0, 235, 1132, 1129, 24, 9.63%, 0, 0, 3, 20.19
1747779063, 0, 238, 1133, 1130, 24, 9.63%, 0, 0, 3, 18.03
1747779068, 0, 239, 1133, 1130, 24, 9.63%, 0, 0, 3, 21.62
1747779073, 0, 239, 1134, 1131, 24, 9.63%, 0, 0, 3, 17.41
1747779078, 0, 242, 1134, 1131, 24, 9.63%, 0, 0, 3, 20.80
1747779083, 0, 242, 1136, 1133, 24, 9.63%, 0, 0, 3, 16.54
1747779094, 0, 244, 1136, 1133, 24, 9.63%, 0, 0, 3, 18.15
1747779099, 0, 246, 1136, 1133, 24, 9.63%, 0, 0, 3, 21.16
1747779104, 0, 248, 1136, 1133, 24, 9.63%, 0, 0, 3, 21.16
1747779109, 0, 251, 1136, 1133, 24, 9.63%, 0, 0, 3, 19.66
1747779114, 0, 253, 1136, 1133, 24, 9.63%, 0, 0, 3, 19.11
1747779119, 0, 255, 1136, 1133, 24, 9.63%, 0, 0, 3, 18.71
1747779125, 0, 259, 1136, 1133, 24, 9.63%, 0, 0, 3, 20.86
1747779130, 0, 262, 1136, 1133, 24, 9.63%, 0, 0, 3, 19.90
1747779135, 0, 266, 1136, 1133, 24, 9.63%, 0, 0, 3, 21.81
1747779140, 0, 269, 1136, 1133, 24, 9.63%, 0, 0, 3, 19.97
1747779145, 0, 269, 1137, 1134, 24, 9.63%, 0, 0, 3, 17.96
1747779150, 0, 271, 1137, 1134, 24, 9.63%, 0, 0, 3, 18.56
1747779155, 0, 272, 1138, 1135, 24, 9.63%, 0, 0, 3, 18.20
1747779160, 0, 274, 1138, 1135, 24, 9.63%, 0, 0, 3, 20.03
1747779165, 0, 275, 1139, 1136, 24, 9.63%, 0, 0, 3, 18.80
1747779170, 0, 277, 1139, 1136, 24, 9.63%, 0, 0, 3, 19.19
1747779176, 0, 277, 1140, 1137, 24, 9.63%, 0, 0, 3, 18.59
1747779181, 0, 281, 1140, 1137, 24, 9.63%, 0, 0, 3, 20.96
1747779186, 0, 282, 1140, 1137, 24, 9.63%, 0, 0, 3, 18.50
1747779191, 0, 285, 1140, 1137, 24, 9.63%, 0, 0, 3, 20.52
1747779196, 0, 286, 1142, 1139, 24, 9.63%, 0, 0, 3, 12.55
1747779201, 0, 286, 1143, 1140, 24, 9.63%, 0, 0, 3, 12.46
1747779211, 0, 286, 1144, 1141, 24, 9.64%, 0, 0, 3, 15.60
1747779216, 0, 286, 1146, 1143, 24, 9.64%, 0, 0, 3, 13.65
1747779227, 0, 286, 1147, 1144, 24, 9.64%, 0, 0, 3, 16.28
1747779237, 0, 286, 1149, 1146, 24, 9.64%, 0, 0, 3, 19.18
1747779273, 0, 286, 1150, 1147, 24, 9.64%, 0, 0, 3, 16.02
1747779278, 0, 286, 1151, 1148, 24, 9.64%, 0, 0, 3, 14.34
1747779284, 0, 286, 1153, 1150, 24, 9.64%, 0, 0, 3, 14.08
1747779289, 0, 286, 1154, 1151, 24, 9.64%, 0, 0, 3, 14.63
1747779294, 0, 286, 1155, 1152, 24, 9.65%, 0, 0, 3, 17.68
1747779304, 0, 287, 1156, 1153, 26, 9.65%, 0, 0, 3, 16.94
1747779309, 0, 287, 1157, 1154, 26, 9.65%, 0, 0, 3, 18.63
1747779314, 0, 289, 1158, 1155, 26, 9.65%, 0, 0, 3, 17.49
1747779319, 0, 290, 1158, 1155, 26, 9.65%, 0, 0, 3, 18.58
1747779324, 0, 293, 1158, 1155, 26, 9.65%, 0, 0, 3, 18.50
1747779330, 0, 295, 1158, 1155, 26, 9.65%, 0, 0, 3, 21.72
1747779335, 0, 298, 1158, 1155, 26, 9.65%, 0, 0, 3, 20.69
1747779340, 0, 300, 1158, 1155, 26, 9.65%, 0, 0, 3, 22.49
1747779345, 0, 301, 1160, 1157, 26, 9.65%, 0, 0, 3, 15.46
1747779355, 0, 301, 1161, 1158, 26, 9.65%, 0, 0, 3, 14.68
1747779365, 0, 301, 1162, 1159, 26, 9.65%, 0, 0, 3, 15.13
1747779386, 0, 301, 1164, 1161, 26, 9.65%, 0, 0, 3, 15.11
1747779391, 0, 301, 1165, 1162, 26, 9.65%, 0, 0, 3, 10.27
1747779396, 0, 301, 1166, 1163, 26, 9.65%, 0, 0, 3, 8.53
1747779401, 0, 301, 1168, 1165, 26, 9.65%, 0, 0, 3, 11.63
1747779416, 0, 301, 1169, 1166, 26, 9.65%, 0, 0, 3, 14.05
1747779452, 0, 301, 1171, 1168, 26, 9.65%, 0, 0, 3, 10.22
1747779457, 0, 302, 1171, 1168, 26, 9.65%, 0, 0, 3, 17.40
1747779462, 0, 305, 1171, 1168, 26, 9.65%, 0, 0, 3, 20.42
1747779468, 0, 309, 1172, 1169, 26, 9.65%, 0, 0, 3, 13.72
1747779478, 0, 312, 1172, 1169, 26, 9.65%, 0, 0, 3, 19.16
1747779483, 0, 314, 1173, 1170, 26, 9.65%, 0, 0, 3, 18.53
1747779488, 0, 316, 1173, 1170, 26, 9.65%, 0, 0, 3, 19.58
1747779493, 0, 318, 1173, 1170, 26, 9.65%, 0, 0, 3, 20.54
1747779498, 0, 320, 1173, 1170, 26, 9.65%, 0, 0, 3, 21.54
1747779503, 0, 324, 1173, 1170, 26, 9.65%, 0, 0, 3, 21.39
1747779508, 0, 328, 1173, 1170, 26, 9.65%, 0, 0, 3, 21.83
1747779513, 0, 330, 1173, 1170, 26, 9.65%, 0, 0, 3, 20.49
1747779519, 0, 335, 1173, 1170, 26, 9.65%, 0, 0, 3, 18.68
1747779524, 0, 336, 1174, 1171, 26, 9.65%, 0, 0, 3, 15.30
1747779529, 0, 337, 1174, 1171, 26, 9.65%, 0, 0, 3, 19.66
1747779534, 0, 339, 1174, 1171, 26, 9.65%, 0, 0, 3, 19.25
1747779539, 0, 341, 1174, 1171, 26, 9.65%, 0, 0, 3, 18.59
1747779544, 0, 343, 1174, 1171, 26, 9.65%, 0, 0, 3, 18.75
1747779549, 0, 346, 1174, 1171, 26, 9.65%, 0, 0, 3, 19.13
1747779555, 0, 350, 1174, 1171, 26, 9.65%, 0, 0, 3, 21.15
1747779560, 0, 352, 1174, 1171, 26, 9.65%, 0, 0, 3, 22.60
1747779565, 0, 354, 1174, 1171, 26, 9.65%, 0, 0, 3, 20.46
1747779570, 0, 357, 1174, 1171, 26, 9.65%, 0, 0, 3, 22.35
1747779575, 0, 357, 1175, 1172, 26, 9.65%, 0, 0, 3, 21.49
1747779580, 0, 360, 1176, 1173, 26, 9.65%, 0, 0, 3, 15.11
1747779585, 0, 360, 1177, 1174, 26, 9.65%, 0, 0, 3, 14.64
1747779595, 0, 362, 1177, 1174, 26, 9.65%, 0, 0, 3, 17.79
1747779600, 0, 363, 1177, 1174, 26, 9.65%, 0, 0, 3, 16.67
1747779605, 0, 366, 1178, 1175, 26, 9.65%, 0, 0, 3, 12.79
1747779611, 0, 367, 1178, 1175, 26, 9.65%, 0, 0, 3, 17.83
1747779616, 0, 369, 1178, 1175, 26, 9.65%, 0, 0, 3, 19.15
1747779621, 0, 372, 1179, 1176, 26, 9.65%, 0, 0, 3, 19.73
1747779631, 0, 376, 1179, 1176, 26, 9.65%, 0, 0, 3, 21.42
1747779636, 0, 378, 1179, 1176, 26, 9.65%, 0, 0, 3, 18.98
1747779641, 0, 380, 1179, 1176, 26, 9.65%, 0, 0, 3, 20.88
1747779647, 0, 383, 1179, 1176, 26, 9.65%, 0, 0, 3, 23.22
1747779652, 0, 385, 1179, 1176, 26, 9.65%, 0, 0, 3, 20.83
1747779657, 0, 386, 1180, 1177, 26, 9.65%, 0, 0, 3, 21.11
1747779662, 0, 389, 1180, 1177, 26, 9.65%, 0, 0, 3, 21.90
1747779667, 0, 391, 1180, 1177, 26, 9.65%, 0, 0, 3, 21.03
1747779672, 0, 393, 1180, 1177, 26, 9.65%, 0, 0, 3, 22.05
1747779677, 0, 394, 1181, 1178, 26, 9.65%, 0, 0, 3, 16.48
1747779682, 0, 395, 1181, 1178, 26, 9.65%, 0, 0, 3, 18.20
1747779687, 0, 397, 1181, 1178, 26, 9.65%, 0, 0, 3, 19.54
1747779692, 0, 398, 1182, 1179, 26, 9.65%, 0, 0, 3, 19.61
1747779697, 0, 402, 1182, 1179, 26, 9.65%, 0, 0, 3, 19.60
1747779703, 0, 404, 1182, 1179, 26, 9.65%, 0, 0, 3, 19.47
1747779708, 0, 404, 1183, 1180, 26, 9.65%, 0, 0, 3, 18.58
1747779713, 0, 408, 1183, 1180, 26, 9.65%, 0, 0, 3, 18.88
1747779718, 0, 412, 1183, 1180, 26, 9.65%, 0, 0, 3, 22.54
1747779723, 0, 415, 1183, 1180, 26, 9.65%, 0, 0, 3, 21.73
1747779728, 0, 418, 1183, 1180, 26, 9.65%, 0, 0, 3, 20.58
1747779733, 0, 419, 1184, 1181, 26, 9.65%, 0, 0, 3, 20.96
1747779739, 0, 422, 1185, 1182, 26, 9.65%, 0, 0, 3, 20.68
1747779749, 0, 426, 1185, 1182, 26, 9.65%, 0, 0, 3, 18.70
1747779754, 0, 429, 1185, 1182, 26, 9.65%, 0, 0, 3, 18.97
1747779759, 0, 432, 1185, 1182, 26, 9.65%, 0, 0, 3, 20.91
1747779765, 0, 434, 1185, 1182, 26, 9.65%, 0, 0, 3, 17.93
1747779770, 0, 437, 1185, 1182, 26, 9.65%, 0, 0, 3, 20.03
1747779775, 0, 439, 1185, 1182, 26, 9.65%, 0, 0, 3, 24.20
1747779780, 0, 441, 1185, 1182, 26, 9.65%, 0, 0, 3, 22.45
1747779785, 0, 443, 1185, 1182, 26, 9.65%, 0, 0, 3, 20.77
1747779790, 0, 447, 1185, 1182, 26, 9.65%, 0, 0, 3, 21.33
1747779795, 0, 449, 1185, 1182, 26, 9.65%, 0, 0, 3, 22.72
1747779800, 0, 451, 1185, 1182, 26, 9.65%, 0, 0, 3, 20.43
1747779805, 0, 453, 1185, 1182, 26, 9.65%, 0, 0, 3, 21.73
1747779810, 0, 455, 1185, 1182, 26, 9.65%, 0, 0, 3, 20.93
1747779816, 0, 457, 1185, 1182, 26, 9.65%, 0, 0, 3, 21.45
1747779821, 0, 460, 1185, 1182, 26, 9.65%, 0, 0, 3, 19.65
1747779826, 0, 462, 1185, 1182, 26, 9.65%, 0, 0, 3, 19.88
1747779831, 0, 464, 1185, 1182, 26, 9.65%, 0, 0, 3, 20.87
1747779836, 0, 465, 1186, 1183, 26, 9.65%, 0, 0, 3, 18.10
1747779841, 0, 466, 1186, 1183, 26, 9.65%, 0, 0, 3, 17.20
1747779846, 0, 470, 1186, 1183, 26, 9.65%, 0, 0, 3, 18.15
1747779851, 0, 473, 1186, 1183, 26, 9.65%, 0, 0, 3, 18.99
1747779857, 0, 473, 1188, 1185, 26, 9.65%, 0, 0, 3, 14.07
1747779862, 0, 473, 1190, 1187, 26, 9.65%, 0, 0, 3, 13.30
1747779867, 0, 473, 1191, 1188, 26, 9.65%, 0, 0, 3, 13.78
1747779872, 0, 473, 1192, 1189, 26, 9.65%, 0, 0, 3, 16.45
1747779882, 0, 473, 1193, 1190, 26, 9.65%, 0, 0, 3, 13.85
1747779887, 0, 473, 1194, 1191, 26, 9.65%, 0, 0, 3, 14.37
1747779903, 0, 473, 1196, 1193, 26, 9.65%, 0, 0, 3, 13.09
1747779908, 0, 473, 1197, 1194, 26, 9.65%, 0, 0, 3, 19.13
1747779913, 0, 473, 1198, 1195, 26, 9.65%, 0, 0, 3, 15.48
1747779939, 0, 473, 1199, 1196, 26, 9.65%, 0, 0, 3, 18.34
1747779944, 0, 473, 1201, 1198, 26, 9.65%, 0, 0, 3, 16.29
1747779964, 0, 475, 1201, 1198, 26, 9.65%, 0, 0, 3, 21.34
1747779970, 0, 476, 1203, 1200, 26, 9.65%, 0, 0, 3, 17.27
1747779975, 0, 476, 1204, 1201, 26, 9.66%, 0, 0, 3, 11.98
1747779980, 0, 476, 1205, 1202, 26, 9.66%, 0, 0, 3, 14.71
1747779985, 0, 476, 1206, 1203, 26, 9.66%, 0, 0, 3, 15.32
1747779995, 0, 476, 1207, 1204, 26, 9.66%, 0, 0, 3, 18.55
1747780005, 0, 476, 1208, 1205, 26, 9.66%, 0, 0, 3, 13.55
1747780036, 0, 476, 1209, 1206, 26, 9.66%, 0, 0, 3, 17.56
1747780041, 0, 476, 1210, 1207, 26, 9.66%, 0, 0, 3, 14.97
1747780062, 0, 476, 1211, 1208, 26, 9.66%, 0, 0, 3, 16.10
1747780067, 0, 478, 1211, 1208, 26, 9.66%, 0, 0, 3, 17.33
1747780072, 0, 480, 1211, 1208, 26, 9.66%, 0, 0, 3, 19.63
1747780077, 0, 482, 1211, 1208, 26, 9.66%, 0, 0, 3, 21.81
1747780082, 0, 484, 1211, 1208, 26, 9.66%, 0, 0, 3, 20.66
1747780087, 0, 490, 1212, 1209, 26, 9.66%, 0, 0, 3, 16.91
1747780097, 0, 493, 1212, 1209, 27, 9.66%, 0, 0, 3, 20.42
1747780103, 0, 494, 1212, 1209, 27, 9.66%, 0, 0, 3, 18.59
1747780108, 0, 497, 1212, 1209, 27, 9.66%, 0, 0, 3, 19.70
1747780113, 0, 500, 1212, 1209, 27, 9.66%, 0, 0, 3, 18.83
1747780118, 0, 502, 1212, 1209, 27, 9.66%, 0, 0, 3, 18.43
1747780123, 0, 504, 1212, 1209, 27, 9.66%, 0, 0, 3, 22.01
1747780128, 0, 507, 1213, 1210, 27, 9.66%, 0, 0, 3, 16.80
1747780139, 0, 510, 1213, 1210, 27, 9.66%, 0, 0, 3, 18.34
1747780144, 0, 513, 1213, 1210, 27, 9.66%, 0, 0, 3, 19.04
1747780149, 0, 515, 1213, 1210, 27, 9.66%, 0, 0, 3, 21.20
1747780154, 0, 518, 1214, 1211, 27, 9.66%, 0, 0, 3, 17.37
1747780159, 0, 518, 1215, 1212, 27, 9.66%, 0, 0, 3, 16.09
1747780164, 0, 518, 1216, 1213, 27, 9.66%, 0, 0, 3, 16.03
1747780179, 0, 518, 1217, 1214, 27, 9.66%, 0, 0, 3, 17.88
1747780184, 0, 518, 1218, 1215, 27, 9.66%, 0, 0, 3, 15.93
1747780195, 0, 518, 1219, 1216, 27, 9.66%, 0, 0, 3, 16.09
1747780210, 0, 518, 1220, 1217, 27, 9.66%, 0, 0, 3, 14.83
1747780251, 0, 518, 1221, 1218, 27, 9.66%, 0, 0, 3, 17.64
1747780256, 0, 520, 1221, 1218, 27, 9.66%, 0, 0, 3, 19.22
1747780261, 0, 524, 1221, 1218, 27, 9.66%, 0, 0, 3, 19.47
1747780266, 0, 525, 1222, 1219, 27, 9.66%, 0, 0, 3, 14.12
1747780272, 0, 526, 1222, 1219, 27, 9.66%, 0, 0, 3, 20.43
1747780277, 0, 530, 1222, 1219, 27, 9.66%, 0, 0, 3, 21.47
1747780282, 0, 533, 1223, 1220, 27, 9.66%, 0, 0, 3, 19.60
1747780292, 0, 535, 1223, 1220, 27, 9.66%, 0, 0, 3, 19.84
1747780297, 0, 538, 1223, 1220, 27, 9.66%, 0, 0, 3, 20.70
1747780303, 0, 541, 1224, 1221, 26, 9.66%, 0, 0, 3, 23.71
1747780308, 0, 544, 1224, 1221, 26, 9.66%, 0, 0, 3, 21.80
1747780313, 0, 545, 1224, 1221, 26, 9.66%, 0, 0, 3, 20.33
1747780318, 0, 547, 1224, 1221, 26, 9.66%, 0, 0, 3, 18.33
1747780323, 0, 549, 1224, 1221, 26, 9.66%, 0, 0, 3, 20.29
1747780328, 0, 552, 1224, 1221, 26, 9.66%, 0, 0, 3, 19.07
1747780333, 0, 553, 1225, 1222, 26, 9.66%, 0, 0, 3, 16.90
1747780339, 0, 556, 1225, 1222, 26, 9.66%, 0, 0, 3, 20.27
1747780344, 0, 558, 1225, 1222, 26, 9.66%, 0, 0, 3, 18.92
1747780349, 0, 560, 1225, 1222, 26, 9.66%, 0, 0, 3, 20.42
1747780354, 0, 562, 1226, 1223, 26, 9.66%, 0, 0, 3, 19.27
1747780359, 0, 563, 1226, 1223, 26, 9.66%, 0, 0, 3, 21.10
1747780364, 0, 566, 1226, 1223, 26, 9.66%, 0, 0, 3, 21.44
1747780369, 0, 570, 1226, 1223, 26, 9.66%, 0, 0, 3, 20.35
1747780374, 0, 572, 1226, 1223, 26, 9.66%, 0, 0, 3, 22.35
1747780379, 0, 575, 1226, 1223, 26, 9.66%, 0, 0, 3, 20.62
1747780385, 0, 581, 1226, 1223, 26, 9.66%, 0, 0, 3, 21.93
1747780390, 0, 583, 1226, 1223, 26, 9.66%, 0, 0, 3, 21.53
1747780395, 0, 587, 1226, 1223, 26, 9.66%, 0, 0, 3, 18.22
1747780400, 0, 590, 1226, 1223, 26, 9.66%, 0, 0, 3, 17.90
1747780405, 0, 593, 1226, 1223, 26, 9.66%, 0, 0, 3, 19.51
1747780410, 0, 594, 1226, 1223, 26, 9.66%, 0, 0, 3, 19.18
1747780415, 0, 595, 1227, 1224, 26, 9.66%, 0, 0, 3, 16.25
1747780421, 0, 595, 1228, 1225, 26, 9.66%, 0, 0, 3, 11.82
1747780431, 0, 599, 1228, 1225, 25, 9.66%, 0, 0, 3, 18.49
1747780436, 0, 601, 1228, 1225, 25, 9.66%, 0, 0, 3, 19.38
1747780441, 0, 603, 1228, 1225, 25, 9.66%, 0, 0, 3, 20.53
1747780446, 0, 607, 1228, 1225, 25, 9.66%, 0, 0, 3, 21.13
1747780451, 0, 608, 1228, 1225, 25, 9.66%, 0, 0, 3, 18.82
1747780457, 0, 611, 1228, 1225, 25, 9.66%, 0, 0, 3, 20.54
1747780462, 0, 615, 1228, 1225, 25, 9.66%, 0, 0, 3, 22.65
1747780467, 0, 618, 1228, 1225, 25, 9.66%, 0, 0, 3, 21.68
1747780472, 0, 620, 1228, 1225, 25, 9.66%, 0, 0, 3, 18.96
1747780477, 0, 621, 1228, 1225, 25, 9.66%, 0, 0, 3, 17.45
1747780482, 0, 623, 1228, 1225, 25, 9.66%, 0, 0, 3, 20.33
1747780487, 0, 626, 1228, 1225, 25, 9.66%, 0, 0, 3, 21.95
1747780493, 0, 628, 1228, 1225, 25, 9.66%, 0, 0, 3, 20.35
1747780498, 0, 631, 1228, 1225, 25, 9.66%, 0, 0, 3, 19.88
1747780503, 0, 633, 1228, 1225, 25, 9.66%, 0, 0, 3, 18.05
1747780508, 0, 634, 1228, 1225, 25, 9.66%, 0, 0, 3, 18.71
1747780513, 0, 636, 1228, 1225, 25, 9.66%, 0, 0, 3, 16.88
1747780518, 0, 638, 1228, 1225, 25, 9.66%, 0, 0, 3, 18.64
1747780523, 0, 639, 1229, 1226, 25, 9.66%, 0, 0, 3, 14.53
1747780528, 0, 639, 1230, 1227, 25, 9.66%, 0, 0, 3, 14.49
1747780533, 0, 639, 1231, 1228, 25, 9.66%, 0, 0, 3, 12.88
1747780539, 0, 639, 1232, 1229, 25, 9.66%, 0, 0, 3, 16.15
1747780544, 0, 639, 1233, 1230, 25, 9.66%, 0, 0, 3, 14.11
1747780564, 0, 639, 1235, 1232, 25, 9.66%, 0, 0, 3, 13.79
1747780569, 0, 639, 1236, 1233, 25, 9.66%, 0, 0, 3, 16.64
1747780579, 0, 639, 1238, 1235, 25, 9.66%, 0, 0, 3, 13.30
1747780584, 0, 639, 1239, 1236, 25, 9.66%, 0, 0, 3, 15.08
1747780610, 0, 639, 1240, 1237, 25, 9.92%, 0, 0, 3, 4.89
1747780620, 0, 639, 1241, 1238, 25, 9.92%, 0, 0, 3, 3.29
1747780631, 0, 640, 1241, 1238, 25, 9.92%, 0, 0, 3, 19.11
1747780636, 0, 643, 1241, 1238, 25, 9.92%, 0, 0, 3, 19.68
1747780641, 0, 645, 1241, 1238, 25, 9.92%, 0, 0, 3, 19.32
1747780646, 0, 647, 1241, 1238, 25, 9.92%, 0, 0, 3, 19.49
1747780651, 0, 649, 1241, 1238, 25, 9.92%, 0, 0, 3, 19.56
1747780656, 0, 653, 1241, 1238, 25, 9.92%, 0, 0, 3, 21.14
1747780661, 0, 655, 1241, 1238, 25, 9.92%, 0, 0, 3, 21.22
1747780667, 0, 657, 1241, 1238, 25, 9.92%, 0, 0, 3, 20.25
1747780672, 0, 659, 1241, 1238, 25, 9.92%, 0, 0, 3, 18.79
1747780677, 0, 661, 1241, 1238, 25, 9.92%, 0, 0, 3, 20.46
1747780682, 0, 664, 1241, 1238, 25, 9.92%, 0, 0, 3, 18.67
1747780687, 0, 666, 1241, 1238, 25, 9.92%, 0, 0, 3, 17.56
1747780692, 0, 666, 1242, 1239, 25, 9.92%, 0, 0, 3, 16.68
1747780697, 0, 669, 1242, 1239, 25, 9.92%, 0, 0, 3, 20.48
1747780702, 0, 671, 1242, 1239, 25, 9.92%, 0, 0, 3, 20.61
1747780707, 0, 673, 1242, 1239, 25, 9.92%, 0, 0, 3, 18.84
1747780713, 0, 675, 1242, 1239, 25, 9.92%, 0, 0, 3, 20.59
1747780718, 0, 677, 1242, 1239, 25, 9.92%, 0, 0, 3, 19.49
1747780723, 0, 679, 1242, 1239, 25, 9.92%, 0, 0, 3, 20.85
1747780728, 0, 681, 1242, 1239, 25, 9.92%, 0, 0, 3, 19.79
1747780733, 0, 683, 1243, 1240, 25, 9.92%, 0, 0, 3, 19.74
1747780738, 0, 684, 1243, 1240, 25, 9.92%, 0, 0, 3, 21.38
1747780743, 0, 685, 1244, 1241, 25, 9.92%, 0, 0, 3, 17.82
1747780749, 0, 687, 1244, 1241, 25, 9.92%, 0, 0, 3, 22.12
1747780754, 0, 687, 1245, 1242, 25, 9.92%, 0, 0, 3, 18.31
1747780759, 0, 689, 1245, 1242, 25, 9.92%, 0, 0, 3, 19.31
1747780764, 0, 691, 1245, 1242, 25, 9.92%, 0, 0, 3, 21.59
1747780769, 0, 693, 1245, 1242, 25, 9.92%, 0, 0, 3, 20.55
1747780774, 0, 695, 1245, 1242, 25, 9.92%, 0, 0, 3, 20.37
1747780779, 0, 697, 1245, 1242, 25, 9.92%, 0, 0, 3, 19.17
1747780784, 0, 699, 1245, 1242, 25, 9.92%, 0, 0, 3, 19.56
1747780790, 0, 702, 1245, 1242, 25, 9.92%, 0, 0, 3, 18.08
1747780795, 0, 704, 1245, 1242, 25, 9.92%, 0, 0, 3, 22.10
1747780907, 0, 704, 1246, 1243, 25, 9.92%, 0, 0, 4, 10.91
1747781045, 0, 704, 1247, 1244, 25, 9.92%, 0, 0, 4, 10.93
1747781055, 0, 705, 1247, 1243, 25, 9.92%, 0, 0, 4, 23.84
1747781061, 0, 707, 1247, 1243, 25, 9.92%, 0, 0, 4, 20.73
1747781066, 0, 710, 1247, 1243, 25, 9.92%, 0, 0, 4, 18.98
1747781071, 0, 713, 1247, 1243, 25, 9.92%, 0, 0, 4, 18.30
1747781076, 0, 714, 1247, 1243, 25, 9.92%, 0, 0, 4, 17.02
1747781081, 0, 717, 1247, 1243, 25, 9.92%, 0, 0, 4, 19.41
1747781086, 0, 719, 1247, 1243, 25, 9.92%, 0, 0, 4, 17.93
1747781091, 0, 721, 1247, 1243, 25, 9.92%, 0, 0, 4, 20.91
1747781096, 0, 721, 1249, 1245, 25, 9.92%, 0, 0, 4, 11.81
1747781101, 0, 721, 1250, 1246, 25, 9.92%, 0, 0, 4, 13.10
1747781107, 0, 721, 1251, 1247, 25, 9.92%, 0, 0, 4, 11.72
1747781122, 0, 721, 1252, 1248, 25, 9.92%, 0, 0, 4, 17.71
1747781158, 0, 721, 1253, 1249, 25, 9.92%, 0, 0, 4, 19.13
1747781194, 0, 721, 1254, 1250, 25, 9.92%, 0, 0, 4, 12.54
1747781199, 0, 722, 1254, 1250, 25, 9.92%, 0, 0, 4, 19.32
1747781204, 0, 725, 1254, 1250, 25, 9.92%, 0, 0, 4, 19.89
1747781209, 0, 727, 1254, 1250, 25, 9.92%, 0, 0, 4, 22.01
1747781214, 0, 729, 1254, 1250, 25, 9.92%, 0, 0, 4, 20.24
1747781219, 0, 729, 1255, 1251, 25, 9.92%, 0, 0, 4, 15.38
1747781225, 0, 732, 1256, 1252, 25, 9.92%, 0, 0, 4, 17.78
1747781235, 0, 737, 1256, 1252, 25, 9.92%, 0, 0, 4, 22.18
1747781240, 0, 739, 1257, 1253, 25, 9.92%, 0, 0, 4, 18.09
1747781245, 0, 740, 1258, 1254, 25, 9.92%, 0, 0, 4, 18.76
1747781250, 0, 741, 1258, 1254, 25, 9.92%, 0, 0, 4, 18.21
1747781255, 0, 741, 1259, 1255, 25, 9.92%, 0, 0, 4, 17.06
1747781260, 0, 743, 1259, 1255, 25, 9.92%, 0, 0, 4, 18.22
1747781266, 0, 745, 1259, 1255, 25, 9.92%, 0, 0, 4, 19.55
1747781271, 0, 746, 1259, 1255, 25, 9.92%, 0, 0, 4, 19.25
1747781311, 0, 746, 1260, 1256, 25, 9.92%, 0, 0, 4, 9.06
1747781383, 0, 746, 1262, 1258, 25, 9.92%, 0, 0, 4, 8.95
1747781388, 0, 746, 1263, 1259, 25, 9.92%, 0, 0, 4, 9.30
1747781521, 0, 746, 1264, 1260, 25, 9.92%, 0, 0, 4, 9.81
1747781532, 0, 746, 1265, 1261, 25, 9.92%, 0, 0, 4, 9.17
1747781562, 0, 747, 1266, 1261, 25, 9.92%, 0, 0, 4, 18.67
1747781567, 0, 748, 1266, 1261, 25, 9.92%, 0, 0, 4, 17.04
1747781573, 0, 751, 1266, 1261, 25, 9.92%, 0, 0, 4, 18.97
1747781578, 0, 753, 1266, 1261, 25, 9.92%, 0, 0, 4, 22.79
1747781583, 0, 756, 1266, 1261, 25, 9.92%, 0, 0, 4, 21.67
1747781588, 0, 759, 1266, 1261, 25, 9.92%, 0, 0, 4, 19.41
1747781593, 0, 761, 1266, 1261, 25, 9.92%, 0, 0, 4, 20.37
1747781598, 0, 763, 1266, 1261, 25, 9.92%, 0, 0, 4, 18.76
1747781603, 0, 765, 1266, 1261, 25, 9.92%, 0, 0, 4, 20.55
1747781609, 0, 767, 1266, 1261, 25, 9.92%, 0, 0, 4, 17.65
1747781614, 0, 769, 1266, 1261, 25, 9.92%, 0, 0, 4, 20.21
1747781619, 0, 770, 1266, 1261, 25, 9.92%, 0, 0, 4, 17.58
1747781624, 0, 772, 1266, 1261, 25, 9.92%, 0, 0, 4, 17.10
1747781629, 0, 774, 1266, 1261, 25, 9.92%, 0, 0, 4, 20.40
1747781634, 0, 776, 1267, 1262, 25, 9.92%, 0, 0, 4, 18.39
1747781639, 0, 777, 1267, 1262, 25, 9.92%, 0, 0, 4, 18.64
1747781644, 0, 780, 1267, 1262, 25, 9.92%, 0, 0, 4, 20.62
1747781649, 0, 781, 1267, 1262, 25, 9.92%, 0, 0, 4, 19.51
1747781655, 0, 783, 1267, 1262, 25, 9.92%, 0, 0, 4, 17.80
1747781660, 0, 783, 1268, 1263, 25, 9.92%, 0, 0, 4, 15.19
1747781665, 0, 783, 1269, 1264, 25, 9.92%, 0, 0, 4, 15.56
1747781670, 0, 783, 1270, 1265, 25, 9.92%, 0, 0, 4, 13.64
1747781675, 0, 783, 1271, 1266, 25, 9.92%, 0, 0, 4, 12.73
1747781695, 0, 783, 1272, 1267, 25, 9.92%, 0, 0, 4, 12.50
1747781711, 0, 783, 1273, 1268, 25, 9.92%, 0, 0, 4, 14.97
1747781726, 0, 783, 1274, 1269, 25, 9.92%, 0, 0, 4, 13.21
1747781742, 0, 783, 1275, 1270, 25, 9.92%, 0, 0, 4, 14.32
1747781757, 0, 783, 1276, 1271, 25, 9.92%, 0, 0, 4, 16.52
1747781762, 0, 783, 1277, 1272, 25, 9.92%, 0, 0, 4, 14.72
1747781767, 0, 788, 1277, 1272, 25, 9.92%, 0, 0, 4, 18.36
1747781773, 0, 791, 1277, 1272, 25, 9.92%, 0, 0, 4, 19.77
1747781778, 0, 793, 1277, 1272, 25, 9.92%, 0, 0, 4, 22.65
1747781783, 0, 796, 1277, 1272, 25, 9.92%, 0, 0, 4, 19.67
1747781788, 0, 798, 1277, 1272, 25, 9.92%, 0, 0, 4, 19.31
1747781793, 0, 800, 1277, 1272, 25, 9.92%, 0, 0, 4, 19.70
1747781798, 0, 801, 1278, 1273, 25, 9.92%, 0, 0, 4, 14.24
1747781803, 0, 803, 1278, 1273, 25, 9.92%, 0, 0, 4, 18.55
1747781808, 0, 805, 1278, 1273, 25, 9.92%, 0, 0, 4, 17.94
1747781813, 0, 807, 1278, 1273, 25, 9.92%, 0, 0, 4, 20.15
1747781818, 0, 809, 1278, 1273, 25, 9.92%, 0, 0, 4, 17.55
1747781824, 0, 810, 1279, 1274, 25, 9.92%, 0, 0, 4, 16.13
1747781829, 0, 812, 1279, 1274, 25, 9.92%, 0, 0, 4, 17.76
1747781834, 0, 815, 1279, 1274, 25, 9.92%, 0, 0, 4, 20.04
1747781839, 0, 817, 1279, 1274, 25, 9.92%, 0, 0, 4, 19.93
1747781844, 0, 820, 1279, 1274, 25, 9.92%, 0, 0, 4, 20.30
1747781849, 0, 823, 1279, 1274, 25, 9.92%, 0, 0, 4, 18.45
1747781854, 0, 825, 1280, 1275, 25, 9.92%, 0, 0, 4, 18.42
1747781865, 0, 827, 1280, 1275, 25, 9.92%, 0, 0, 4, 19.10
1747781870, 0, 830, 1280, 1275, 25, 9.92%, 0, 0, 4, 18.93
1747781875, 0, 832, 1280, 1275, 25, 9.92%, 0, 0, 4, 20.90
1747781880, 0, 834, 1280, 1275, 25, 9.92%, 0, 0, 4, 21.94
1747781885, 0, 837, 1280, 1275, 25, 9.92%, 0, 0, 4, 20.40
1747781890, 0, 840, 1280, 1275, 25, 9.92%, 0, 0, 4, 19.89
1747781895, 0, 842, 1280, 1275, 25, 9.92%, 0, 0, 4, 16.56
1747781900, 0, 843, 1281, 1276, 25, 9.92%, 0, 0, 4, 14.67
1747781905, 0, 844, 1281, 1276, 25, 9.92%, 0, 0, 4, 15.96
1747781910, 0, 846, 1281, 1276, 25, 9.92%, 0, 0, 4, 21.18
1747781916, 0, 847, 1282, 1277, 25, 9.92%, 0, 0, 4, 15.14
1747781921, 0, 849, 1282, 1277, 25, 9.92%, 0, 0, 4, 16.97
1747781926, 0, 850, 1282, 1277, 25, 9.92%, 0, 0, 4, 17.55
1747781931, 0, 853, 1283, 1278, 25, 9.92%, 0, 0, 4, 14.20
1747781936, 0, 853, 1284, 1279, 25, 9.92%, 0, 0, 4, 16.31
1747781941, 0, 854, 1284, 1279, 25, 9.92%, 0, 0, 4, 17.21
1747781946, 0, 856, 1284, 1279, 25, 9.92%, 0, 0, 4, 20.38
1747781951, 0, 857, 1284, 1279, 25, 9.92%, 0, 0, 4, 16.89
1747781956, 0, 860, 1284, 1279, 25, 9.92%, 0, 0, 4, 16.82
1747781962, 0, 862, 1284, 1279, 25, 9.92%, 0, 0, 4, 16.23
1747781967, 0, 863, 1284, 1279, 25, 9.92%, 0, 0, 4, 17.22
1747781972, 0, 863, 1285, 1280, 25, 9.92%, 0, 0, 4, 15.53
1747781977, 0, 865, 1285, 1280, 25, 9.92%, 0, 0, 4, 17.02
1747781982, 0, 868, 1285, 1280, 25, 9.92%, 0, 0, 4, 16.07
1747781987, 0, 869, 1286, 1281, 25, 9.92%, 0, 0, 4, 16.88
1747781992, 0, 870, 1286, 1281, 25, 9.92%, 0, 0, 4, 16.03
1747781997, 0, 870, 1287, 1282, 25, 9.92%, 0, 0, 4, 10.42
1747782002, 0, 873, 1287, 1282, 25, 9.92%, 0, 0, 4, 15.77
1747782007, 0, 876, 1287, 1282, 25, 9.92%, 0, 0, 4, 21.55
1747782012, 0, 877, 1288, 1283, 25, 9.93%, 0, 0, 4, 5.33
1747782017, 0, 877, 1289, 1284, 25, 9.93%, 0, 0, 4, 2.71
1747782023, 0, 877, 1290, 1285, 25, 10.10%, 0, 0, 4, 2.70
1747782028, 0, 877, 1291, 1286, 25, 10.10%, 0, 0, 4, 17.03
1747782033, 0, 877, 1292, 1287, 25, 10.10%, 0, 0, 4, 13.87
1747782054, 0, 877, 1293, 1288, 25, 10.10%, 0, 0, 4, 11.43
1747782059, 0, 877, 1294, 1289, 25, 10.10%, 0, 0, 4, 17.24
1747782064, 0, 877, 1295, 1290, 25, 10.11%, 0, 0, 4, 3.45
1747782074, 0, 877, 1296, 1291, 25, 10.11%, 0, 0, 4, 19.24
1747782089, 0, 877, 1297, 1292, 25, 10.11%, 0, 0, 4, 2.99
1747782095, 0, 877, 1298, 1293, 25, 10.11%, 0, 0, 4, 3.93
1747782100, 0, 877, 1299, 1294, 25, 10.12%, 0, 0, 4, 8.16
1747782110, 0, 877, 1300, 1295, 25, 10.12%, 0, 0, 4, 13.62
1747782125, 0, 877, 1301, 1296, 25, 10.12%, 0, 0, 4, 16.13
1747782135, 0, 877, 1302, 1297, 25, 10.12%, 0, 0, 4, 2.58
1747782145, 0, 879, 1302, 1297, 28, 10.12%, 0, 0, 4, 17.40
1747782151, 0, 881, 1303, 1298, 28, 10.12%, 0, 0, 4, 13.94
1747782156, 0, 881, 1304, 1299, 28, 10.12%, 0, 0, 4, 10.67
1747782166, 0, 883, 1304, 1299, 28, 10.12%, 0, 0, 4, 20.79
1747782171, 0, 886, 1304, 1299, 28, 10.12%, 0, 0, 4, 21.60
1747782176, 0, 887, 1304, 1299, 28, 10.12%, 0, 0, 4, 18.40
1747782182, 0, 890, 1304, 1299, 28, 10.12%, 0, 0, 4, 16.39
1747782187, 0, 892, 1304, 1299, 28, 10.12%, 0, 0, 4, 16.60
1747782192, 0, 893, 1304, 1299, 28, 10.12%, 0, 0, 4, 17.45
1747782197, 0, 896, 1304, 1299, 28, 10.12%, 0, 0, 4, 20.16
1747782269, 0, 896, 1305, 1300, 28, 10.12%, 0, 0, 4, 16.64
1747782341, 0, 896, 1306, 1301, 28, 10.12%, 0, 0, 4, 9.78
1747782602, 0, 896, 1307, 1302, 28, 10.12%, 0, 0, 4, 6.78
1747782623, 0, 900, 1307, 1301, 28, 10.12%, 0, 0, 4, 19.10
1747782628, 0, 903, 1307, 1301, 28, 10.12%, 0, 0, 4, 18.13
1747782633, 0, 905, 1307, 1301, 28, 10.12%, 0, 0, 4, 18.66
1747782638, 0, 906, 1308, 1302, 28, 10.12%, 0, 0, 4, 15.25
1747782643, 0, 908, 1308, 1302, 28, 10.12%, 0, 0, 4, 16.41
1747782648, 0, 912, 1308, 1302, 28, 10.12%, 0, 0, 4, 19.29
1747782654, 0, 913, 1308, 1302, 28, 10.12%, 0, 0, 4, 19.67
1747782659, 0, 916, 1308, 1302, 28, 10.12%, 0, 0, 4, 18.80
1747782664, 0, 918, 1308, 1302, 28, 10.12%, 0, 0, 4, 25.19
1747782669, 0, 920, 1308, 1302, 28, 10.12%, 0, 0, 4, 3.98
1747782674, 0, 922, 1308, 1302, 28, 10.12%, 0, 0, 4, 12.71
1747782679, 0, 924, 1308, 1302, 28, 10.12%, 0, 0, 4, 19.07
1747782684, 0, 926, 1308, 1302, 28, 10.12%, 0, 0, 4, 17.42
1747782689, 0, 926, 1309, 1303, 28, 10.12%, 0, 0, 4, 17.93
1747782695, 0, 928, 1309, 1303, 28, 10.12%, 0, 0, 4, 18.92
1747782700, 0, 931, 1310, 1304, 28, 10.12%, 0, 0, 4, 3.68
1747782705, 0, 932, 1310, 1304, 28, 10.12%, 0, 0, 4, 23.99
1747782710, 0, 934, 1310, 1304, 28, 10.12%, 0, 0, 4, 19.15
1747782716, 0, 936, 1310, 1304, 28, 10.12%, 0, 0, 4, 20.58
1747782721, 0, 938, 1310, 1304, 28, 10.12%, 0, 0, 4, 17.81
1747782726, 0, 940, 1310, 1304, 28, 10.12%, 0, 0, 4, 17.35
1747782731, 0, 942, 1310, 1304, 28, 10.12%, 0, 0, 4, 20.07
1747782736, 0, 943, 1310, 1304, 28, 10.12%, 0, 0, 4, 18.67
1747782741, 0, 945, 1311, 1305, 28, 10.12%, 0, 0, 4, 17.99
1747782746, 0, 945, 1312, 1306, 28, 10.12%, 0, 0, 4, 3.32
1747782752, 0, 945, 1313, 1307, 28, 10.12%, 0, 0, 4, 30.26
1747782762, 0, 945, 1314, 1308, 28, 10.12%, 0, 0, 4, 10.11
1747782782, 0, 945, 1315, 1309, 28, 10.12%, 0, 0, 4, 16.53
1747782787, 0, 945, 1316, 1310, 28, 10.12%, 0, 0, 4, 9.93
1747782798, 0, 945, 1317, 1311, 28, 10.12%, 0, 0, 4, 14.66
1747782808, 0, 945, 1319, 1313, 28, 10.12%, 0, 0, 4, 11.02
1747782828, 0, 945, 1320, 1314, 28, 10.12%, 0, 0, 4, 12.88
1747782839, 0, 945, 1321, 1315, 28, 10.12%, 0, 0, 4, 13.16
1747782854, 0, 945, 1322, 1316, 28, 10.12%, 0, 0, 4, 3.22
1747782859, 0, 945, 1323, 1317, 28, 10.12%, 0, 0, 4, 5.36
1747782869, 0, 948, 1323, 1317, 28, 10.12%, 0, 0, 4, 19.53
1747782875, 0, 950, 1323, 1317, 28, 10.12%, 0, 0, 4, 21.47
1747782880, 0, 952, 1323, 1317, 28, 10.12%, 0, 0, 4, 18.47
1747782885, 0, 954, 1323, 1317, 28, 10.12%, 0, 0, 4, 20.52
1747782890, 0, 955, 1324, 1318, 28, 10.12%, 0, 0, 4, 20.71
1747782895, 0, 956, 1324, 1318, 28, 10.12%, 0, 0, 4, 20.13
1747782900, 0, 958, 1324, 1318, 28, 10.12%, 0, 0, 4, 17.47
1747782905, 0, 962, 1324, 1318, 28, 10.12%, 0, 0, 4, 17.36
1747782910, 0, 965, 1324, 1318, 28, 10.12%, 0, 0, 4, 17.36
1747782915, 0, 966, 1324, 1318, 28, 10.12%, 0, 0, 4, 18.06
1747782921, 0, 968, 1324, 1318, 28, 10.12%, 0, 0, 4, 19.54
1747782926, 0, 970, 1324, 1318, 28, 10.12%, 0, 0, 4, 18.05
1747782931, 0, 973, 1324, 1318, 28, 10.12%, 0, 0, 4, 19.55
1747782936, 0, 975, 1324, 1318, 28, 10.12%, 0, 0, 4, 19.74
1747782941, 0, 977, 1324, 1318, 28, 10.12%, 0, 0, 4, 19.24
1747782946, 0, 979, 1324, 1318, 28, 10.12%, 0, 0, 4, 19.87
1747782951, 0, 980, 1325, 1319, 28, 10.12%, 0, 0, 4, 3.29
1747782956, 0, 980, 1326, 1320, 28, 10.12%, 0, 0, 4, 18.60
1747782967, 0, 981, 1326, 1320, 28, 10.12%, 0, 0, 4, 16.38
1747782972, 0, 984, 1326, 1320, 28, 10.12%, 0, 0, 4, 15.96
1747782977, 0, 984, 1327, 1321, 28, 10.12%, 0, 0, 4, 10.64
1747782982, 0, 987, 1327, 1321, 28, 10.12%, 0, 0, 4, 14.50
1747782987, 0, 987, 1328, 1322, 28, 10.12%, 0, 0, 4, 11.83
1747782992, 0, 987, 1330, 1324, 28, 10.12%, 0, 0, 4, 11.91
1747782997, 0, 987, 1331, 1325, 28, 10.12%, 0, 0, 4, 9.57
1747783033, 0, 987, 1332, 1326, 28, 10.12%, 0, 0, 4, 12.70
1747783049, 0, 987, 1333, 1327, 28, 10.12%, 0, 0, 4, 13.04
1747783054, 0, 987, 1334, 1328, 28, 10.12%, 0, 0, 4, 13.36
1747783100, 0, 990, 1335, 1329, 28, 10.12%, 0, 0, 4, 11.11
1747783110, 0, 992, 1335, 1329, 28, 10.12%, 0, 0, 4, 16.22
1747783115, 0, 994, 1335, 1329, 28, 10.12%, 0, 0, 4, 18.61
1747783121, 0, 996, 1335, 1329, 28, 10.12%, 0, 0, 4, 16.41
1747783126, 0, 997, 1335, 1329, 28, 10.12%, 0, 0, 4, 17.71
1747783131, 0, 1001, 1335, 1329, 28, 10.12%, 0, 0, 4, 21.77
1747783136, 0, 1003, 1335, 1329, 28, 10.12%, 0, 0, 4, 18.27
1747783141, 0, 1005, 1335, 1329, 28, 10.12%, 0, 0, 4, 16.04
1747783146, 0, 1008, 1335, 1329, 28, 10.12%, 0, 0, 4, 18.07
1747783151, 0, 1009, 1335, 1329, 28, 10.12%, 0, 0, 4, 18.13
1747783157, 0, 1011, 1335, 1329, 28, 10.12%, 0, 0, 4, 17.44
1747783162, 0, 1013, 1335, 1329, 28, 10.12%, 0, 0, 4, 20.23
1747783167, 0, 1014, 1335, 1329, 28, 10.12%, 0, 0, 4, 15.90
1747783588, 0, 1014, 1336, 1330, 28, 10.12%, 0, 0, 4, 6.49
1747783712, 0, 1014, 1337, 1331, 28, 10.12%, 0, 0, 4, 5.97
1747783717, 0, 1014, 1338, 1332, 28, 10.12%, 0, 0, 4, 5.36
1747783738, 0, 1014, 1339, 1333, 28, 10.12%, 0, 0, 4, 5.92
1747783748, 0, 1014, 1340, 1334, 28, 10.12%, 0, 0, 4, 6.33
1747783768, 0, 1015, 1340, 1333, 28, 10.12%, 0, 0, 4, 20.52
1747783774, 0, 1018, 1340, 1333, 28, 10.12%, 0, 0, 4, 18.08
1747783779, 0, 1020, 1340, 1333, 28, 10.12%, 0, 0, 4, 17.28
1747783784, 0, 1024, 1340, 1333, 28, 10.12%, 0, 0, 4, 20.08
1747783789, 0, 1025, 1340, 1333, 28, 10.12%, 0, 0, 4, 17.15
1747783794, 0, 1029, 1340, 1333, 28, 10.12%, 0, 0, 4, 17.31
1747783800, 0, 1031, 1340, 1333, 28, 10.12%, 0, 0, 4, 19.82
1747783805, 0, 1035, 1340, 1333, 28, 10.12%, 0, 0, 4, 20.34
1747783810, 0, 1039, 1340, 1333, 28, 10.12%, 0, 0, 4, 20.63
1747783815, 0, 1043, 1340, 1333, 28, 10.12%, 0, 0, 4, 17.59
1747783820, 0, 1044, 1340, 1333, 28, 10.12%, 0, 0, 4, 16.46
1747783825, 0, 1046, 1340, 1333, 28, 10.12%, 0, 0, 4, 15.94
1747783830, 0, 1048, 1340, 1333, 28, 10.12%, 0, 0, 4, 21.51
1747783835, 0, 1051, 1340, 1333, 28, 10.12%, 0, 0, 4, 21.00
1747783840, 0, 1053, 1340, 1333, 28, 10.12%, 0, 0, 4, 16.88
1747783846, 0, 1057, 1340, 1333, 28, 10.12%, 0, 0, 4, 18.73
1747783851, 0, 1059, 1340, 1333, 28, 10.12%, 0, 0, 4, 19.88
1747783856, 0, 1060, 1340, 1333, 28, 10.12%, 0, 0, 4, 18.26
1747783897, 0, 1060, 1341, 1334, 28, 10.12%, 0, 0, 4, 7.89
1747784173, 0, 1060, 1343, 1336, 28, 10.12%, 0, 0, 4, 7.64
1747784296, 0, 1061, 1343, 1335, 27, 10.12%, 0, 0, 4, 19.54
1747784301, 0, 1063, 1343, 1335, 27, 10.12%, 0, 0, 4, 19.96
1747784306, 0, 1064, 1344, 1336, 27, 10.12%, 0, 0, 4, 22.10
1747784311, 0, 1066, 1344, 1336, 27, 10.12%, 0, 0, 4, 20.34
1747784316, 0, 1068, 1344, 1336, 27, 10.12%, 0, 0, 4, 21.31
1747784322, 0, 1070, 1344, 1336, 27, 10.12%, 0, 0, 4, 18.65
1747784327, 0, 1071, 1344, 1336, 27, 10.12%, 0, 0, 4, 16.10
1747784332, 0, 1073, 1344, 1336, 27, 10.12%, 0, 0, 4, 16.33
1747784337, 0, 1075, 1344, 1336, 27, 10.12%, 0, 0, 4, 17.71
1747784342, 0, 1076, 1345, 1337, 27, 10.12%, 0, 0, 4, 14.38
1747784347, 0, 1076, 1346, 1338, 27, 10.12%, 0, 0, 4, 9.01
1747784358, 0, 1077, 1346, 1338, 27, 10.12%, 0, 0, 4, 15.89
1747784363, 0, 1079, 1346, 1338, 27, 10.12%, 0, 0, 4, 15.89
1747784368, 0, 1083, 1346, 1338, 27, 10.12%, 0, 0, 4, 18.82
1747784373, 0, 1085, 1346, 1338, 27, 10.12%, 0, 0, 4, 19.43
1747784378, 0, 1088, 1346, 1338, 27, 10.12%, 0, 0, 4, 19.74
1747784383, 0, 1090, 1346, 1338, 27, 10.12%, 0, 0, 4, 19.16
1747784389, 0, 1092, 1346, 1338, 27, 10.12%, 0, 0, 4, 20.43
1747784394, 0, 1095, 1346, 1338, 27, 10.12%, 0, 0, 4, 17.92
1747784399, 0, 1097, 1346, 1338, 27, 10.12%, 0, 0, 4, 18.25
1747784404, 0, 1099, 1346, 1338, 27, 10.12%, 0, 0, 4, 19.26
1747784409, 0, 1101, 1347, 1339, 27, 10.12%, 0, 0, 4, 3.16
1747784419, 0, 1104, 1347, 1339, 27, 10.12%, 0, 0, 4, 19.47
1747784424, 0, 1106, 1347, 1339, 27, 10.12%, 0, 0, 4, 17.51
1747784429, 0, 1108, 1347, 1339, 27, 10.12%, 0, 0, 4, 17.57
1747784434, 0, 1110, 1347, 1339, 27, 10.12%, 0, 0, 4, 19.31
1747784439, 0, 1112, 1347, 1339, 27, 10.12%, 0, 0, 4, 17.67
1747784445, 0, 1113, 1347, 1339, 27, 10.12%, 0, 0, 4, 18.14
1747784450, 0, 1116, 1347, 1339, 27, 10.12%, 0, 0, 4, 21.88
1747784455, 0, 1117, 1347, 1339, 27, 10.12%, 0, 0, 4, 20.87
1747784460, 0, 1121, 1347, 1339, 27, 10.12%, 0, 0, 4, 17.92
1747784465, 0, 1123, 1348, 1340, 27, 10.12%, 0, 0, 4, 13.58
1747784470, 0, 1126, 1348, 1340, 27, 10.12%, 0, 0, 4, 16.46
1747784475, 0, 1128, 1348, 1340, 27, 10.12%, 0, 0, 4, 19.30
1747784481, 0, 1128, 1349, 1341, 27, 10.12%, 0, 0, 4, 17.11
1747784486, 0, 1129, 1349, 1341, 27, 10.12%, 0, 0, 4, 16.12
1747784491, 0, 1132, 1349, 1341, 27, 10.12%, 0, 0, 4, 18.78
1747784496, 0, 1135, 1349, 1341, 27, 10.12%, 0, 0, 4, 21.56
1747784501, 0, 1137, 1349, 1341, 27, 10.12%, 0, 0, 4, 19.65
1747784506, 0, 1138, 1349, 1341, 27, 10.12%, 0, 0, 4, 16.27
1747784512, 0, 1141, 1350, 1342, 27, 10.12%, 0, 0, 4, 15.04
1747784517, 0, 1142, 1350, 1342, 27, 10.12%, 0, 0, 4, 17.58
1747784522, 0, 1145, 1350, 1342, 27, 10.12%, 0, 0, 4, 18.36
1747784527, 0, 1146, 1350, 1342, 27, 10.12%, 0, 0, 4, 17.85
1747784532, 0, 1149, 1350, 1342, 27, 10.12%, 0, 0, 4, 15.77
1747784537, 0, 1151, 1350, 1342, 27, 10.12%, 0, 0, 4, 18.65
1747784543, 0, 1152, 1350, 1342, 27, 10.12%, 0, 0, 4, 15.96
1747784548, 0, 1153, 1350, 1342, 27, 10.12%, 0, 0, 4, 14.19
1747784553, 0, 1156, 1350, 1342, 27, 10.12%, 0, 0, 4, 19.97
1747784558, 0, 1157, 1350, 1342, 27, 10.12%, 0, 0, 4, 17.77
1747784563, 0, 1159, 1350, 1342, 27, 10.12%, 0, 0, 4, 17.19
1747784568, 0, 1161, 1350, 1342, 27, 10.12%, 0, 0, 4, 19.54
1747784573, 0, 1164, 1350, 1342, 27, 10.12%, 0, 0, 4, 20.36
1747784579, 0, 1166, 1350, 1342, 27, 10.12%, 0, 0, 4, 18.33
1747784584, 0, 1168, 1350, 1342, 27, 10.12%, 0, 0, 4, 19.57
1747784589, 0, 1171, 1350, 1342, 27, 10.12%, 0, 0, 4, 18.75
1747784594, 0, 1173, 1350, 1342, 27, 10.12%, 0, 0, 4, 20.43
1747784856, 0, 1173, 1351, 1343, 27, 10.12%, 0, 0, 4, 4.66
1747784948, 0, 1173, 1352, 1344, 27, 10.12%, 0, 0, 4, 8.06
1747785015, 0, 1173, 1353, 1345, 27, 10.12%, 0, 0, 4, 6.62
1747785035, 0, 1173, 1354, 1346, 27, 10.12%, 0, 0, 4, 5.33
1747785046, 0, 1173, 1355, 1347, 27, 10.12%, 0, 0, 4, 5.07
1747785061, 0, 1173, 1356, 1348, 27, 10.12%, 0, 0, 4, 4.95
1747785154, 0, 1173, 1357, 1349, 27, 10.12%, 0, 0, 4, 6.31
1747785159, 0, 1173, 1359, 1351, 27, 10.12%, 0, 0, 4, 5.37
1747785169, 0, 1173, 1360, 1352, 27, 10.12%, 0, 0, 4, 4.74
1747785174, 0, 1173, 1361, 1353, 27, 10.12%, 0, 0, 4, 4.91
1747785195, 0, 1173, 1362, 1354, 27, 10.12%, 0, 0, 4, 6.05
1747785220, 0, 1173, 1363, 1355, 27, 10.12%, 0, 0, 4, 6.17
1747785225, 0, 1173, 1364, 1356, 27, 10.12%, 0, 0, 4, 12.18
1747785230, 0, 1175, 1364, 1355, 27, 10.12%, 0, 0, 4, 18.77
1747785236, 0, 1176, 1364, 1355, 27, 10.12%, 0, 0, 4, 18.23
1747785241, 0, 1181, 1364, 1355, 27, 10.12%, 0, 0, 4, 18.17
1747785246, 0, 1183, 1364, 1355, 27, 10.12%, 0, 0, 4, 17.81
1747785251, 0, 1184, 1364, 1355, 27, 10.12%, 0, 0, 4, 16.15
1747785256, 0, 1187, 1364, 1355, 27, 10.12%, 0, 0, 4, 16.80
1747785261, 0, 1188, 1364, 1355, 27, 10.12%, 0, 0, 4, 17.94
1747785277, 0, 1188, 1365, 1356, 27, 10.12%, 0, 0, 4, 7.12
1747785503, 0, 1188, 1366, 1357, 27, 10.12%, 0, 0, 4, 3.69
1747785570, 0, 1188, 1367, 1358, 27, 10.12%, 0, 0, 4, 3.98
1747785926, 0, 1188, 1368, 1359, 27, 10.12%, 0, 0, 4, 3.34
1747785941, 0, 1188, 1369, 1360, 27, 10.12%, 0, 0, 4, 3.83
1747785972, 0, 1189, 1369, 1359, 26, 10.12%, 0, 0, 4, 11.37
1747785977, 0, 1190, 1370, 1360, 26, 10.12%, 0, 0, 4, 9.32
1747785993, 0, 1191, 1370, 1360, 26, 10.12%, 0, 0, 4, 10.81
1747785998, 0, 1191, 1371, 1361, 26, 10.12%, 0, 0, 4, 9.03
1747786003, 0, 1192, 1371, 1361, 26, 10.12%, 0, 0, 4, 12.30
1747786008, 0, 1193, 1371, 1361, 26, 10.12%, 0, 0, 4, 10.58
1747786013, 0, 1194, 1371, 1361, 26, 10.12%, 0, 0, 4, 12.29
1747786018, 0, 1198, 1371, 1361, 26, 10.12%, 0, 0, 4, 13.62
1747786023, 0, 1200, 1371, 1361, 26, 10.12%, 0, 0, 4, 14.02
1747786029, 0, 1201, 1371, 1361, 26, 10.12%, 0, 0, 4, 11.48
1747786034, 0, 1202, 1371, 1361, 26, 10.12%, 0, 0, 4, 10.27
1747786039, 0, 1203, 1371, 1361, 26, 10.12%, 0, 0, 4, 11.84
1747786044, 0, 1204, 1371, 1361, 26, 10.12%, 0, 0, 4, 12.34
1747786049, 0, 1205, 1371, 1361, 26, 10.12%, 0, 0, 4, 11.05
1747786054, 0, 1208, 1371, 1361, 26, 10.12%, 0, 0, 4, 10.37
1747786064, 0, 1211, 1371, 1361, 26, 10.12%, 0, 0, 4, 12.05
1747786070, 0, 1212, 1371, 1361, 26, 10.12%, 0, 0, 4, 13.69
1747786075, 0, 1214, 1371, 1361, 26, 10.12%, 0, 0, 4, 12.47
1747786080, 0, 1216, 1371, 1361, 26, 10.12%, 0, 0, 4, 12.29
1747786085, 0, 1219, 1371, 1361, 26, 10.12%, 0, 0, 4, 13.31
1747786090, 0, 1220, 1371, 1361, 26, 10.12%, 0, 0, 4, 10.90
1747786096, 0, 1221, 1371, 1361, 26, 10.12%, 0, 0, 4, 12.31
1747786101, 0, 1222, 1371, 1361, 26, 10.12%, 0, 0, 4, 3.16
1747786106, 0, 1223, 1371, 1361, 26, 10.12%, 0, 0, 4, 4.32
1747786111, 0, 1224, 1371, 1361, 26, 10.12%, 0, 0, 4, 8.79
1747786116, 0, 1225, 1371, 1361, 26, 10.12%, 0, 0, 4, 9.56
1747786121, 0, 1226, 1371, 1361, 26, 10.12%, 0, 0, 4, 10.31
1747786126, 0, 1227, 1371, 1361, 26, 10.12%, 0, 0, 4, 11.05
1747786131, 0, 1228, 1371, 1361, 26, 10.12%, 0, 0, 4, 11.12
1747786136, 0, 1229, 1371, 1361, 26, 10.12%, 0, 0, 4, 11.55
1747786141, 0, 1230, 1371, 1361, 26, 10.12%, 0, 0, 4, 10.38
1747786147, 0, 1231, 1371, 1361, 26, 10.12%, 0, 0, 4, 10.51
1747786152, 0, 1233, 1371, 1361, 26, 10.12%, 0, 0, 4, 11.89
1747786157, 0, 1234, 1371, 1361, 26, 10.12%, 0, 0, 4, 11.94
1747786162, 0, 1236, 1372, 1362, 26, 10.12%, 0, 0, 4, 1.98
1747786172, 0, 1237, 1372, 1362, 26, 10.12%, 0, 0, 4, 11.07
1747786177, 0, 1239, 1372, 1362, 26, 10.12%, 0, 0, 4, 12.25
1747786183, 0, 1240, 1372, 1362, 26, 10.12%, 0, 0, 4, 10.61
1747786188, 0, 1241, 1372, 1362, 26, 10.12%, 0, 0, 4, 10.80
1747786193, 0, 1242, 1372, 1362, 26, 10.12%, 0, 0, 4, 11.01
1747786198, 0, 1243, 1372, 1362, 26, 10.12%, 0, 0, 4, 11.17
1747786203, 0, 1245, 1372, 1362, 26, 10.12%, 0, 0, 4, 11.68
1747786208, 0, 1246, 1372, 1362, 26, 10.12%, 0, 0, 4, 10.88
1747786213, 0, 1247, 1372, 1362, 26, 10.12%, 0, 0, 4, 11.42
1747786218, 0, 1248, 1372, 1362, 26, 10.12%, 0, 0, 4, 9.99
1747786224, 0, 1250, 1372, 1362, 26, 10.12%, 0, 0, 4, 9.79
1747786229, 0, 1252, 1372, 1362, 26, 10.12%, 0, 0, 4, 11.34
1747786234, 0, 1256, 1372, 1362, 26, 10.12%, 0, 0, 4, 11.25
1747786245, 0, 1257, 1372, 1362, 26, 10.12%, 0, 0, 4, 10.54
1747786250, 0, 1259, 1372, 1362, 26, 10.12%, 0, 0, 4, 10.99
1747786260, 0, 1260, 1372, 1362, 26, 10.12%, 0, 0, 4, 10.85
1747786265, 0, 1262, 1372, 1362, 26, 10.12%, 0, 0, 4, 11.23
1747786270, 0, 1263, 1372, 1362, 26, 10.12%, 0, 0, 4, 11.02
1747786275, 0, 1264, 1372, 1362, 26, 10.12%, 0, 0, 4, 10.83
1747786281, 0, 1266, 1372, 1362, 26, 10.12%, 0, 0, 4, 11.16
1747786286, 0, 1267, 1372, 1362, 26, 10.12%, 0, 0, 4, 11.15
1747786291, 0, 1268, 1372, 1362, 26, 10.12%, 0, 0, 4, 11.13
1747786297, 0, 1269, 1372, 1362, 26, 10.12%, 0, 0, 4, 11.63
1747786302, 0, 1270, 1372, 1362, 26, 10.12%, 0, 0, 4, 10.11
1747786307, 0, 1272, 1372, 1362, 26, 10.12%, 0, 0, 4, 12.10
1747786312, 0, 1273, 1372, 1362, 26, 10.12%, 0, 0, 4, 10.99
1747786322, 0, 1276, 1372, 1362, 26, 10.12%, 0, 0, 4, 11.30
1747786327, 0, 1277, 1372, 1362, 26, 10.12%, 0, 0, 4, 11.18
1747786333, 0, 1278, 1372, 1362, 26, 10.12%, 0, 0, 4, 12.77
1747786338, 0, 1279, 1372, 1362, 26, 10.12%, 0, 0, 4, 12.49
1747786343, 0, 1281, 1372, 1362, 26, 10.12%, 0, 0, 4, 13.72
1747786348, 0, 1284, 1372, 1362, 26, 10.12%, 0, 0, 4, 12.14
1747786353, 0, 1284, 1373, 1363, 26, 10.13%, 0, 0, 4, 1.79
1747786368, 0, 1286, 1373, 1363, 27, 10.13%, 0, 0, 4, 11.59
1747786374, 0, 1287, 1373, 1363, 27, 10.13%, 0, 0, 4, 12.28
1747786379, 0, 1288, 1373, 1363, 27, 10.13%, 0, 0, 4, 12.97
1747786384, 0, 1289, 1373, 1363, 27, 10.13%, 0, 0, 4, 12.71
1747786389, 0, 1290, 1374, 1364, 27, 10.13%, 0, 0, 4, 15.06
1747786400, 0, 1291, 1374, 1364, 27, 10.13%, 0, 0, 4, 11.68
1747786405, 0, 1292, 1374, 1364, 27, 10.13%, 0, 0, 4, 11.05
1747786410, 0, 1295, 1374, 1364, 27, 10.13%, 0, 0, 4, 10.30
1747786415, 0, 1296, 1374, 1364, 27, 10.13%, 0, 0, 4, 12.55
1747786420, 0, 1298, 1374, 1364, 27, 10.13%, 0, 0, 4, 11.50
1747786425, 0, 1299, 1374, 1364, 27, 10.13%, 0, 0, 4, 12.22
1747786430, 0, 1300, 1374, 1364, 27, 10.13%, 0, 0, 4, 10.49
1747786436, 0, 1301, 1374, 1364, 27, 10.13%, 0, 0, 4, 10.23
1747786441, 0, 1303, 1374, 1364, 27, 10.13%, 0, 0, 4, 10.39
1747786446, 0, 1306, 1374, 1364, 27, 10.13%, 0, 0, 4, 12.27
1747786451, 0, 1308, 1374, 1364, 27, 10.13%, 0, 0, 4, 11.08
1747786457, 0, 1309, 1374, 1364, 27, 10.13%, 0, 0, 4, 9.71
1747786462, 0, 1310, 1374, 1364, 27, 10.13%, 0, 0, 4, 11.83
1747786467, 0, 1311, 1374, 1364, 27, 10.13%, 0, 0, 4, 10.78
1747786472, 0, 1312, 1374, 1364, 27, 10.13%, 0, 0, 4, 8.51
1747786529, 0, 1312, 1375, 1365, 27, 10.13%, 0, 0, 5, 2.44
1747786540, 0, 1312, 1376, 1366, 27, 10.13%, 0, 0, 5, 2.27
1747786550, 0, 1312, 1377, 1367, 27, 10.18%, 0, 0, 5, 2.28
1747786571, 0, 1312, 1378, 1368, 27, 10.18%, 0, 0, 5, 2.24
1747786576, 0, 1312, 1379, 1369, 27, 10.19%, 0, 0, 5, 2.12
1747786582, 0, 1312, 1380, 1370, 27, 10.19%, 0, 0, 5, 2.06
1747786587, 0, 1312, 1381, 1371, 27, 10.19%, 0, 0, 5, 2.04
1747786592, 0, 1312, 1382, 1372, 27, 10.19%, 0, 0, 5, 2.00
1747786597, 0, 1312, 1383, 1373, 27, 10.19%, 0, 0, 5, 1.95
1747786603, 0, 1312, 1384, 1374, 27, 10.19%, 0, 0, 5, 1.97
1747786608, 0, 1312, 1385, 1375, 27, 10.19%, 0, 0, 5, 2.02
1747786613, 0, 1312, 1386, 1376, 27, 10.19%, 0, 0, 5, 2.12
1747786618, 0, 1312, 1387, 1377, 27, 10.19%, 0, 0, 5, 2.05
1747786665, 0, 1312, 1388, 1378, 27, 10.19%, 0, 0, 5, 3.02
1747786685, 0, 1312, 1389, 1379, 27, 10.19%, 0, 0, 5, 2.47
1747786690, 0, 1312, 1390, 1380, 27, 10.19%, 0, 0, 5, 2.33
1747786721, 0, 1312, 1392, 1382, 27, 10.19%, 0, 0, 5, 2.24
1747786732, 0, 1312, 1393, 1383, 27, 10.19%, 0, 0, 5, 2.06
1747786737, 0, 1312, 1394, 1384, 27, 10.19%, 0, 0, 5, 2.02
1747786742, 0, 1312, 1395, 1385, 27, 10.19%, 0, 0, 5, 1.92
1747786748, 0, 1312, 1396, 1386, 27, 10.19%, 0, 0, 5, 1.91
1747786758, 0, 1312, 1397, 1387, 27, 10.19%, 0, 0, 5, 2.08
1747786831, 0, 1312, 1398, 1388, 27, 10.19%, 0, 0, 5, 2.34
1747786837, 0, 1312, 1399, 1389, 27, 10.19%, 0, 0, 5, 2.21
1747786852, 0, 1312, 1400, 1390, 27, 10.19%, 0, 0, 5, 2.16
1747786857, 0, 1312, 1401, 1391, 27, 10.19%, 0, 0, 5, 2.10
1747786868, 0, 1312, 1402, 1392, 27, 10.19%, 0, 0, 5, 1.96
1747786889, 0, 1312, 1403, 1393, 27, 10.19%, 0, 0, 5, 4.52
1747786905, 0, 1312, 1404, 1394, 27, 10.19%, 0, 0, 5, 2.78
1747787122, 0, 1312, 1405, 1395, 27, 10.19%, 0, 0, 5, 4.59
1747787143, 0, 1312, 1406, 1396, 27, 10.19%, 0, 0, 5, 4.35
1747787178, 0, 1312, 1407, 1397, 27, 10.19%, 0, 0, 5, 4.08
1747787280, 0, 1312, 1408, 1398, 27, 10.30%, 0, 0, 5, 3.94
1747787286, 0, 1312, 1409, 1399, 27, 10.30%, 0, 0, 5, 3.80
1747787322, 0, 1312, 1411, 1401, 27, 10.30%, 0, 0, 5, 3.94
1747787327, 0, 1312, 1412, 1402, 27, 10.30%, 0, 0, 5, 3.94
1747787332, 0, 1312, 1414, 1404, 27, 10.30%, 0, 0, 5, 3.74
1747787337, 0, 1312, 1415, 1405, 27, 10.30%, 0, 0, 5, 3.55
1747787342, 0, 1312, 1416, 1406, 27, 10.30%, 0, 0, 5, 3.53
1747787347, 0, 1312, 1417, 1407, 27, 10.30%, 0, 0, 5, 3.35
1747787363, 0, 1312, 1418, 1408, 27, 10.30%, 0, 0, 5, 3.48
1747787368, 0, 1312, 1419, 1409, 27, 10.30%, 0, 0, 5, 3.38
1747787373, 0, 1312, 1420, 1410, 27, 10.30%, 0, 0, 5, 3.32
1747787379, 0, 1312, 1421, 1411, 27, 10.30%, 0, 0, 5, 3.30
1747787384, 0, 1312, 1422, 1412, 27, 10.30%, 0, 0, 5, 3.27
1747787389, 0, 1312, 1423, 1413, 27, 10.30%, 0, 0, 5, 3.28
1747787492, 0, 1312, 1424, 1414, 27, 10.30%, 0, 0, 5, 3.99
1747787538, 0, 1312, 1426, 1416, 27, 10.30%, 0, 0, 5, 3.88
1747787609, 0, 1312, 1427, 1417, 27, 10.30%, 0, 0, 5, 3.81
1747787615, 0, 1312, 1428, 1418, 27, 10.30%, 0, 0, 5, 3.48
1747787687, 0, 1312, 1429, 1419, 27, 10.30%, 0, 0, 5, 4.80
1747787718, 0, 1312, 1430, 1420, 27, 10.30%, 0, 0, 5, 4.19
1747787774, 0, 1312, 1431, 1421, 27, 10.30%, 0, 0, 5, 3.42
1747787780, 0, 1312, 1432, 1422, 27, 10.30%, 0, 0, 5, 3.11
1747787790, 0, 1312, 1433, 1423, 27, 10.30%, 0, 0, 5, 3.29
1747787795, 0, 1312, 1434, 1424, 27, 10.30%, 0, 0, 5, 3.54
1747787924, 0, 1312, 1435, 1425, 27, 10.30%, 0, 0, 5, 5.23
1747788016, 0, 1312, 1436, 1426, 27, 10.30%, 0, 0, 5, 4.33
1747788031, 0, 1312, 1437, 1427, 27, 10.30%, 0, 0, 5, 3.89
1747788037, 0, 1312, 1438, 1428, 27, 10.30%, 0, 0, 5, 3.78
1747788042, 0, 1312, 1439, 1429, 27, 10.30%, 0, 0, 5, 3.58
1747788052, 0, 1312, 1441, 1431, 27, 10.30%, 0, 0, 5, 3.70
1747788057, 0, 1312, 1442, 1432, 27, 10.30%, 0, 0, 5, 3.58
1747788062, 0, 1312, 1444, 1434, 27, 10.30%, 0, 0, 5, 3.50
1747788073, 0, 1312, 1445, 1435, 27, 10.30%, 0, 0, 5, 28.31
1747788083, 0, 1312, 1446, 1436, 27, 10.30%, 0, 0, 5, 6.60
1747788088, 0, 1312, 1447, 1437, 27, 10.30%, 0, 0, 5, 4.38
1747788094, 0, 1312, 1448, 1438, 27, 10.31%, 0, 0, 5, 9.77
1747788129, 0, 1313, 1448, 1437, 29, 10.31%, 0, 0, 5, 20.95
1747788134, 0, 1316, 1448, 1437, 29, 10.31%, 0, 0, 5, 19.41
1747788140, 0, 1319, 1448, 1437, 29, 10.31%, 0, 0, 5, 19.44
1747788145, 0, 1322, 1448, 1437, 29, 10.31%, 0, 0, 5, 18.26
1747788150, 0, 1325, 1448, 1437, 29, 10.31%, 0, 0, 5, 17.65
1747788155, 0, 1327, 1448, 1437, 29, 10.31%, 0, 0, 5, 15.55
1747788181, 0, 1327, 1449, 1438, 29, 10.31%, 0, 0, 5, 5.02
1747788191, 0, 1327, 1451, 1440, 29, 10.31%, 0, 0, 5, 3.92
1747788201, 0, 1327, 1452, 1441, 29, 10.31%, 0, 0, 5, 3.89
1747788206, 0, 1327, 1453, 1442, 29, 10.31%, 0, 0, 5, 3.31
1747788222, 0, 1327, 1454, 1443, 29, 10.31%, 0, 0, 5, 3.52
1747788227, 0, 1327, 1455, 1444, 29, 10.31%, 0, 0, 5, 3.33
1747788232, 0, 1327, 1456, 1445, 29, 10.31%, 0, 0, 5, 3.41
1747788237, 0, 1327, 1457, 1446, 29, 10.31%, 0, 0, 5, 3.36
1747788242, 0, 1327, 1458, 1447, 29, 10.31%, 0, 0, 5, 3.22
1747788309, 0, 1327, 1459, 1448, 29, 10.31%, 0, 0, 5, 3.52
1747788314, 0, 1327, 1460, 1449, 29, 10.31%, 0, 0, 5, 3.30
1747788371, 0, 1327, 1461, 1450, 29, 10.31%, 0, 0, 5, 3.62
1747788381, 0, 1327, 1462, 1451, 29, 10.31%, 0, 0, 5, 3.43
1747788433, 0, 1327, 1464, 1453, 29, 10.31%, 0, 0, 5, 4.18
1747788722, 0, 1327, 1465, 1454, 29, 10.31%, 0, 0, 5, 2.32
1747788888, 0, 1327, 1466, 1455, 29, 10.31%, 0, 0, 5, 2.30
1747788904, 0, 1327, 1467, 1456, 29, 10.31%, 0, 0, 5, 2.32
1747788914, 0, 1327, 1468, 1457, 29, 10.31%, 0, 0, 5, 2.16
1747788919, 0, 1327, 1470, 1459, 29, 10.31%, 0, 0, 5, 2.29
1747788951, 0, 1327, 1471, 1460, 29, 10.31%, 0, 0, 5, 2.13
1747789013, 0, 1327, 1472, 1461, 29, 10.31%, 0, 0, 5, 1.92
1747789128, 0, 1327, 1473, 1462, 29, 10.31%, 0, 0, 5, 1.92
1747789133, 0, 1327, 1474, 1463, 29, 10.31%, 0, 0, 5, 1.91
1747789272, 0, 1327, 1475, 1464, 29, 10.31%, 0, 0, 5, 2.65
1747789282, 0, 1327, 1476, 1465, 29, 10.31%, 0, 0, 5, 2.65
1747789293, 0, 1327, 1477, 1466, 29, 10.31%, 0, 0, 5, 2.28
1747789401, 0, 1327, 1478, 1467, 29, 10.31%, 0, 0, 5, 2.52
1747789551, 0, 1327, 1479, 1468, 29, 10.31%, 0, 0, 5, 2.37
1747789664, 0, 1327, 1480, 1469, 29, 10.31%, 0, 0, 5, 4.16
1747789732, 0, 1327, 1481, 1470, 29, 10.31%, 0, 0, 5, 2.81
1747789789, 0, 1327, 1482, 1471, 29, 10.31%, 0, 0, 5, 2.47
1747789795, 0, 1327, 1483, 1472, 29, 10.31%, 0, 0, 5, 2.33
1747789821, 0, 1327, 1484, 1473, 29, 10.31%, 0, 0, 5, 2.47
1747789826, 0, 1327, 1485, 1474, 29, 10.31%, 0, 0, 5, 2.36
1747789836, 0, 1327, 1486, 1475, 29, 10.31%, 0, 0, 5, 2.18
1747789846, 0, 1327, 1487, 1476, 29, 10.31%, 0, 0, 5, 2.05
1747789857, 0, 1327, 1488, 1477, 29, 10.31%, 0, 0, 5, 2.01
1747789863, 0, 1327, 1489, 1478, 29, 10.31%, 0, 0, 5, 2.03
1747789873, 0, 1327, 1490, 1479, 29, 10.31%, 0, 0, 5, 2.02
1747789889, 0, 1327, 1491, 1480, 29, 10.31%, 0, 0, 5, 1.97
1747789947, 0, 1327, 1493, 1482, 29, 10.31%, 0, 0, 5, 1.87
1747789958, 0, 1327, 1494, 1483, 29, 10.31%, 0, 0, 5, 1.80
1747790247, 0, 1327, 1495, 1484, 29, 10.31%, 0, 0, 5, 2.33
1747790289, 0, 1327, 1496, 1485, 29, 10.31%, 0, 0, 5, 2.17
1747790309, 0, 1327, 1497, 1486, 29, 10.31%, 0, 0, 5, 2.30
1747790330, 0, 1327, 1498, 1487, 29, 10.31%, 0, 0, 5, 2.38
1747790382, 0, 1327, 1500, 1489, 29, 10.31%, 0, 0, 5, 2.30
1747790402, 0, 1327, 1501, 1490, 29, 10.31%, 0, 0, 5, 2.26
1747790407, 0, 1327, 1502, 1491, 29, 10.31%, 0, 0, 5, 2.16
1747790507, 0, 1327, 1503, 1492, 29, 10.31%, 0, 0, 5, 1.93
1747790574, 0, 1327, 1504, 1493, 29, 10.31%, 0, 0, 5, 2.43
1747790641, 0, 1328, 1504, 1492, 31, 10.31%, 0, 0, 5, 11.98
1747790646, 0, 1329, 1504, 1492, 31, 10.31%, 0, 0, 5, 10.32
1747790651, 0, 1333, 1504, 1492, 31, 10.31%, 0, 0, 5, 12.68
1747790656, 0, 1334, 1504, 1492, 31, 10.31%, 0, 0, 5, 14.21
1747790662, 0, 1335, 1504, 1492, 31, 10.31%, 0, 0, 5, 13.73
1747790667, 0, 1338, 1505, 1493, 31, 10.31%, 0, 0, 5, 11.23
1747790677, 0, 1339, 1505, 1493, 31, 10.31%, 0, 0, 5, 11.94
1747790682, 0, 1341, 1505, 1493, 31, 10.31%, 0, 0, 5, 12.56
1747790687, 0, 1342, 1505, 1493, 31, 10.31%, 0, 0, 5, 13.92
1747790692, 0, 1343, 1505, 1493, 31, 10.31%, 0, 0, 5, 13.79
1747790697, 0, 1344, 1505, 1493, 31, 10.31%, 0, 0, 5, 11.98
1747790702, 0, 1346, 1505, 1493, 31, 10.31%, 0, 0, 5, 12.66
1747790708, 0, 1348, 1505, 1493, 31, 10.31%, 0, 0, 5, 11.58
1747790713, 0, 1349, 1505, 1493, 31, 10.31%, 0, 0, 5, 10.98
1747790718, 0, 1350, 1505, 1493, 31, 10.31%, 0, 0, 5, 11.67
1747790723, 0, 1353, 1505, 1493, 31, 10.31%, 0, 0, 5, 11.93
1747790728, 0, 1354, 1505, 1493, 31, 10.31%, 0, 0, 5, 10.95
1747790733, 0, 1356, 1505, 1493, 31, 10.31%, 0, 0, 5, 9.90
1747790739, 0, 1357, 1505, 1493, 31, 10.31%, 0, 0, 5, 10.39
1747790744, 0, 1358, 1505, 1493, 31, 10.31%, 0, 0, 5, 11.21
1747790749, 0, 1359, 1505, 1493, 31, 10.31%, 0, 0, 5, 10.36
1747790754, 0, 1361, 1505, 1493, 31, 10.31%, 0, 0, 5, 10.42
1747790759, 0, 1362, 1505, 1493, 31, 10.31%, 0, 0, 5, 9.64
1747790764, 0, 1364, 1505, 1493, 31, 10.31%, 0, 0, 5, 9.86
1747790769, 0, 1365, 1505, 1493, 31, 10.31%, 0, 0, 5, 9.72
1747790774, 0, 1366, 1505, 1493, 31, 10.31%, 0, 0, 5, 10.48
1747790780, 0, 1367, 1505, 1493, 31, 10.31%, 0, 0, 5, 10.21
1747790785, 0, 1369, 1505, 1493, 31, 10.31%, 0, 0, 5, 11.18
1747790790, 0, 1370, 1505, 1493, 31, 10.31%, 0, 0, 5, 10.84
1747790795, 0, 1371, 1505, 1493, 31, 10.31%, 0, 0, 5, 12.22
1747790800, 0, 1372, 1505, 1493, 31, 10.31%, 0, 0, 5, 11.84
1747790805, 0, 1373, 1505, 1493, 31, 10.31%, 0, 0, 5, 11.33
1747790810, 0, 1375, 1505, 1493, 31, 10.31%, 0, 0, 5, 12.79
1747790816, 0, 1379, 1505, 1493, 31, 10.31%, 0, 0, 5, 12.78
1747790821, 0, 1380, 1505, 1493, 31, 10.31%, 0, 0, 5, 10.94
1747790826, 0, 1381, 1505, 1493, 31, 10.31%, 0, 0, 5, 10.86
1747790831, 0, 1382, 1505, 1493, 31, 10.31%, 0, 0, 5, 12.24
1747790836, 0, 1383, 1505, 1493, 31, 10.31%, 0, 0, 5, 11.60
1747790841, 0, 1384, 1505, 1493, 31, 10.31%, 0, 0, 5, 12.94
1747790846, 0, 1386, 1505, 1493, 31, 10.31%, 0, 0, 5, 11.91
1747790852, 0, 1387, 1505, 1493, 31, 10.31%, 0, 0, 5, 10.65
1747790857, 0, 1388, 1505, 1493, 31, 10.31%, 0, 0, 5, 11.43
1747790862, 0, 1389, 1505, 1493, 31, 10.31%, 0, 0, 5, 11.25
1747790867, 0, 1390, 1505, 1493, 31, 10.31%, 0, 0, 5, 10.71
1747790872, 0, 1391, 1505, 1493, 31, 10.31%, 0, 0, 5, 10.81
1747790877, 0, 1392, 1505, 1493, 31, 10.31%, 0, 0, 5, 10.81
1747790883, 0, 1393, 1505, 1493, 31, 10.31%, 0, 0, 5, 9.95
1747790888, 0, 1394, 1505, 1493, 31, 10.31%, 0, 0, 5, 12.81
1747790893, 0, 1395, 1505, 1493, 31, 10.31%, 0, 0, 5, 11.23
1747790898, 0, 1396, 1505, 1493, 31, 10.31%, 0, 0, 5, 11.37
1747790903, 0, 1398, 1505, 1493, 31, 10.31%, 0, 0, 5, 11.34
1747790909, 0, 1399, 1505, 1493, 31, 10.31%, 0, 0, 5, 11.50
1747790914, 0, 1400, 1505, 1493, 31, 10.31%, 0, 0, 5, 12.99
1747790919, 0, 1401, 1505, 1493, 31, 10.31%, 0, 0, 5, 12.60
1747790924, 0, 1402, 1505, 1493, 31, 10.31%, 0, 0, 5, 10.49
1747790929, 0, 1404, 1505, 1493, 31, 10.31%, 0, 0, 5, 11.61
1747790935, 0, 1406, 1505, 1493, 31, 10.31%, 0, 0, 5, 10.92
1747790940, 0, 1407, 1505, 1493, 31, 10.31%, 0, 0, 5, 10.81
1747790945, 0, 1408, 1505, 1493, 31, 10.31%, 0, 0, 5, 10.79
1747790950, 0, 1409, 1505, 1493, 31, 10.31%, 0, 0, 5, 11.19
1747790955, 0, 1410, 1505, 1493, 31, 10.31%, 0, 0, 5, 10.67
1747790960, 0, 1411, 1505, 1493, 31, 10.31%, 0, 0, 5, 12.28
1747790966, 0, 1412, 1505, 1493, 31, 10.31%, 0, 0, 5, 11.51
1747790971, 0, 1414, 1505, 1493, 31, 10.31%, 0, 0, 5, 14.08
1747790981, 0, 1415, 1505, 1493, 31, 10.31%, 0, 0, 5, 11.97
1747791123, 0, 1415, 1506, 1494, 31, 10.31%, 0, 0, 6, 2.98
1747791133, 0, 1415, 1507, 1495, 31, 10.31%, 0, 0, 6, 2.74
1747791170, 0, 1415, 1508, 1496, 31, 10.31%, 0, 0, 6, 2.33
1747791185, 0, 1415, 1509, 1497, 31, 10.31%, 0, 0, 6, 2.03
1747791196, 0, 1415, 1510, 1498, 31, 10.31%, 0, 0, 6, 2.11
1747791290, 0, 1415, 1511, 1499, 31, 10.31%, 0, 0, 6, 2.09
1747791295, 0, 1415, 1512, 1500, 31, 10.31%, 0, 0, 6, 2.16
1747791311, 0, 1415, 1513, 1501, 31, 10.31%, 0, 0, 6, 4.87
1747791811, 0, 1415, 1514, 1502, 31, 10.31%, 0, 0, 6, 2.35
1747791936, 0, 1415, 1515, 1503, 31, 10.31%, 0, 0, 6, 1.97
1747791988, 0, 1415, 1516, 1504, 31, 10.31%, 0, 0, 6, 2.11
1747792170, 0, 1415, 1517, 1505, 31, 10.31%, 0, 0, 6, 2.15
1747792253, 0, 1415, 1518, 1506, 31, 10.31%, 0, 0, 6, 2.21
1747792506, 0, 1415, 1519, 1507, 31, 10.31%, 0, 0, 6, 2.21
1747792517, 0, 1415, 1520, 1508, 31, 10.31%, 0, 0, 6, 2.02
1747792522, 0, 1415, 1521, 1509, 31, 10.31%, 0, 0, 6, 2.00
1747792543, 0, 1415, 1522, 1510, 31, 10.31%, 0, 0, 6, 1.97
1747792553, 0, 1415, 1523, 1511, 31, 10.31%, 0, 0, 6, 2.13
1747792559, 0, 1415, 1524, 1512, 31, 10.31%, 0, 0, 6, 2.14
1747792713, 0, 1415, 1525, 1513, 31, 10.31%, 0, 0, 6, 3.54
1747792915, 0, 1415, 1526, 1514, 31, 10.31%, 0, 0, 6, 2.14
1747793013, 0, 1416, 1526, 1513, 30, 10.31%, 0, 0, 6, 10.62
1747793018, 0, 1417, 1526, 1513, 30, 10.31%, 0, 0, 6, 11.74
1747793023, 0, 1419, 1526, 1513, 30, 10.31%, 0, 0, 6, 11.37
1747793029, 0, 1420, 1526, 1513, 30, 10.31%, 0, 0, 6, 11.49
1747793034, 0, 1423, 1526, 1513, 30, 10.31%, 0, 0, 6, 10.70
1747793039, 0, 1424, 1526, 1513, 30, 10.31%, 0, 0, 6, 11.77
1747793044, 0, 1426, 1526, 1513, 30, 10.31%, 0, 0, 6, 13.72
1747793049, 0, 1427, 1526, 1513, 30, 10.31%, 0, 0, 6, 10.87
1747793148, 0, 1427, 1527, 1514, 30, 10.31%, 0, 0, 6, 2.04
1747793158, 0, 1427, 1528, 1515, 30, 10.31%, 0, 0, 6, 1.96
1747793298, 0, 1427, 1529, 1516, 30, 10.31%, 0, 0, 6, 3.49
1747793355, 0, 1427, 1530, 1517, 30, 10.31%, 0, 0, 6, 1.99
1747793387, 0, 1427, 1531, 1518, 30, 10.31%, 0, 0, 6, 3.55
1747793705, 0, 1427, 1532, 1519, 30, 10.31%, 0, 0, 6, 2.59
1747793930, 0, 1427, 1533, 1520, 30, 10.31%, 0, 0, 6, 2.24
1747794780, 0, 1428, 1533, 1519, 29, 10.31%, 0, 0, 6, 5.02
1747794785, 0, 1430, 1533, 1519, 29, 10.31%, 0, 0, 6, 14.80
1747794790, 0, 1431, 1533, 1519, 29, 10.31%, 0, 0, 6, 18.73
1747794795, 0, 1433, 1533, 1519, 29, 10.31%, 0, 0, 6, 18.21
1747794800, 0, 1438, 1533, 1519, 29, 10.31%, 0, 0, 6, 17.44
1747794805, 0, 1438, 1534, 1520, 29, 10.31%, 0, 0, 6, 18.92
1747794810, 0, 1442, 1534, 1520, 29, 10.31%, 0, 0, 6, 22.62
1747794815, 0, 1446, 1534, 1520, 29, 10.31%, 0, 0, 6, 18.79
1747794820, 0, 1449, 1534, 1520, 29, 10.31%, 0, 0, 6, 16.82
1747794825, 0, 1451, 1534, 1520, 29, 10.31%, 0, 0, 6, 17.41
1747794831, 0, 1452, 1534, 1520, 29, 10.31%, 0, 0, 6, 15.17
1747794836, 0, 1456, 1534, 1520, 29, 10.31%, 0, 0, 6, 17.97
1747794841, 0, 1459, 1534, 1520, 29, 10.31%, 0, 0, 6, 21.78
1747794846, 0, 1461, 1534, 1520, 29, 10.31%, 0, 0, 6, 15.97
1747794851, 0, 1463, 1534, 1520, 29, 10.31%, 0, 0, 6, 16.62
1747794856, 0, 1466, 1534, 1520, 29, 10.31%, 0, 0, 6, 19.57
1747794861, 0, 1468, 1534, 1520, 29, 10.31%, 0, 0, 6, 19.17
1747794866, 0, 1470, 1534, 1520, 29, 10.31%, 0, 0, 6, 16.62
1747794872, 0, 1471, 1534, 1520, 29, 10.31%, 0, 0, 6, 17.43
1747794877, 0, 1473, 1534, 1520, 29, 10.31%, 0, 0, 6, 18.51
1747794882, 0, 1475, 1534, 1520, 29, 10.31%, 0, 0, 6, 17.56
1747794887, 0, 1477, 1534, 1520, 29, 10.31%, 0, 0, 6, 20.75
1747794892, 0, 1479, 1534, 1520, 29, 10.31%, 0, 0, 6, 19.01
1747794897, 0, 1481, 1534, 1520, 29, 10.31%, 0, 0, 6, 14.08
1747795076, 0, 1481, 1535, 1521, 29, 10.31%, 0, 0, 6, 8.15
1747795585, 0, 1481, 1537, 1523, 29, 10.31%, 0, 0, 6, 4.64
1747795590, 0, 1481, 1539, 1525, 29, 10.31%, 0, 0, 6, 4.68
1747795805, 0, 1481, 1540, 1526, 29, 10.31%, 0, 0, 6, 4.12
1747795831, 0, 1481, 1541, 1527, 29, 10.31%, 0, 0, 6, 3.97
1747796208, 0, 1481, 1542, 1528, 29, 10.31%, 0, 0, 6, 2.64
1747796285, 0, 1483, 1542, 1527, 29, 10.31%, 0, 0, 6, 11.39
1747796290, 0, 1485, 1542, 1527, 29, 10.31%, 0, 0, 6, 13.34
1747796296, 0, 1486, 1542, 1527, 29, 10.31%, 0, 0, 6, 11.48
1747796301, 0, 1488, 1542, 1527, 29, 10.31%, 0, 0, 6, 11.56
1747796306, 0, 1489, 1542, 1527, 29, 10.31%, 0, 0, 6, 10.83
1747796311, 0, 1491, 1542, 1527, 29, 10.31%, 0, 0, 6, 12.29
1747796316, 0, 1494, 1542, 1527, 29, 10.31%, 0, 0, 6, 13.57
1747796321, 0, 1495, 1542, 1527, 29, 10.31%, 0, 0, 6, 13.28
1747796327, 0, 1496, 1542, 1527, 29, 10.31%, 0, 0, 6, 11.82
1747796332, 0, 1497, 1542, 1527, 29, 10.31%, 0, 0, 6, 11.65
1747796337, 0, 1499, 1542, 1527, 29, 10.31%, 0, 0, 6, 13.66
1747796347, 0, 1500, 1542, 1527, 29, 10.31%, 0, 0, 6, 10.29
1747796353, 0, 1501, 1542, 1527, 29, 10.31%, 0, 0, 6, 9.73
1747796358, 0, 1502, 1542, 1527, 29, 10.31%, 0, 0, 6, 9.75
1747796363, 0, 1505, 1542, 1527, 29, 10.31%, 0, 0, 6, 11.45
1747796368, 0, 1506, 1542, 1527, 29, 10.31%, 0, 0, 6, 12.25
1747796373, 0, 1507, 1542, 1527, 29, 10.31%, 0, 0, 6, 10.22
1747796378, 0, 1508, 1542, 1527, 29, 10.31%, 0, 0, 6, 11.34
1747796383, 0, 1509, 1542, 1527, 29, 10.31%, 0, 0, 6, 11.51
1747796389, 0, 1510, 1542, 1527, 29, 10.31%, 0, 0, 6, 12.53
1747796394, 0, 1511, 1542, 1527, 29, 10.31%, 0, 0, 6, 11.59
1747796399, 0, 1512, 1542, 1527, 29, 10.31%, 0, 0, 6, 10.80
1747796404, 0, 1514, 1542, 1527, 29, 10.31%, 0, 0, 6, 10.95
1747796409, 0, 1517, 1542, 1527, 29, 10.31%, 0, 0, 6, 13.07
1747796414, 0, 1518, 1542, 1527, 29, 10.31%, 0, 0, 6, 11.97
1747796419, 0, 1520, 1542, 1527, 29, 10.31%, 0, 0, 6, 8.63
1747796424, 0, 1521, 1542, 1527, 29, 10.31%, 0, 0, 6, 12.44
1747796430, 0, 1522, 1542, 1527, 29, 10.31%, 0, 0, 6, 10.65
1747796435, 0, 1523, 1542, 1527, 29, 10.31%, 0, 0, 6, 12.32
1747796440, 0, 1525, 1542, 1527, 29, 10.31%, 0, 0, 6, 11.94
1747796445, 0, 1527, 1542, 1527, 29, 10.31%, 0, 0, 6, 12.75
1747796450, 0, 1528, 1542, 1527, 29, 10.31%, 0, 0, 6, 12.28
1747796455, 0, 1529, 1542, 1527, 29, 10.31%, 0, 0, 6, 12.49
1747796460, 0, 1530, 1542, 1527, 29, 10.31%, 0, 0, 6, 12.06
1747796465, 0, 1532, 1542, 1527, 29, 10.31%, 0, 0, 6, 9.94
1747796470, 0, 1533, 1542, 1527, 29, 10.31%, 0, 0, 6, 10.09
1747796475, 0, 1534, 1542, 1527, 29, 10.31%, 0, 0, 6, 9.70
1747796481, 0, 1535, 1542, 1527, 29, 10.31%, 0, 0, 6, 11.08
1747796486, 0, 1536, 1542, 1527, 29, 10.31%, 0, 0, 6, 10.60
1747796491, 0, 1539, 1542, 1527, 29, 10.31%, 0, 0, 6, 12.80
1747797486, 0, 1539, 1543, 1528, 29, 10.31%, 0, 0, 7, 2.67
1747798205, 0, 1539, 1544, 1529, 29, 10.31%, 0, 0, 7, 3.70
1747798230, 0, 1539, 1545, 1530, 29, 10.31%, 0, 0, 7, 11.99
1747798266, 0, 1542, 1545, 1529, 28, 10.31%, 0, 0, 7, 15.68
1747798271, 0, 1544, 1545, 1529, 28, 10.31%, 0, 0, 7, 17.52
1747798276, 1, 2, 1545, 1529, 28, 10.31%, 0, 0, 7, 22.11
1747798282, 1, 6, 1545, 1529, 28, 10.31%, 0, 0, 7, 21.38
1747798287, 1, 11, 1545, 1529, 28, 10.31%, 0, 0, 7, 21.29
1747798292, 1, 14, 1545, 1529, 28, 10.31%, 0, 0, 7, 19.30
1747798297, 1, 16, 1545, 1529, 28, 10.31%, 0, 0, 7, 17.73
1747798302, 1, 17, 1545, 1529, 28, 10.31%, 0, 0, 7, 19.09
1747798307, 1, 20, 1545, 1529, 28, 10.31%, 0, 0, 7, 18.79
1747798313, 1, 23, 1545, 1529, 28, 10.31%, 0, 0, 7, 21.48
1747798318, 1, 26, 1545, 1529, 28, 10.31%, 0, 0, 7, 17.83
1747798323, 1, 27, 1545, 1529, 28, 10.31%, 0, 0, 7, 16.54
1747798328, 1, 29, 1545, 1529, 28, 10.31%, 0, 0, 7, 16.87
1747798333, 1, 31, 1545, 1529, 28, 10.31%, 0, 0, 7, 18.21
1747798338, 1, 32, 1545, 1529, 28, 10.31%, 0, 0, 7, 15.65
1747798344, 1, 33, 1546, 1530, 28, 10.31%, 0, 0, 7, 15.50
1747798349, 1, 36, 1546, 1530, 28, 10.31%, 0, 0, 7, 16.93
1747798354, 1, 38, 1546, 1530, 28, 10.31%, 0, 0, 7, 20.22
1747798359, 1, 39, 1546, 1530, 28, 10.31%, 0, 0, 7, 32.72
1747798374, 1, 41, 1546, 1529, 27, 10.31%, 0, 0, 7, 36.53
1747798379, 1, 44, 1546, 1529, 27, 10.31%, 0, 0, 7, 21.45
1747798384, 1, 46, 1546, 1529, 27, 10.31%, 0, 0, 7, 20.48
1747798390, 1, 47, 1546, 1529, 27, 10.31%, 0, 0, 7, 17.71
1747798395, 1, 49, 1546, 1529, 27, 10.31%, 0, 0, 7, 18.97
1747798400, 1, 52, 1546, 1529, 27, 10.31%, 0, 0, 7, 15.72
1747798405, 1, 54, 1546, 1529, 27, 10.31%, 0, 0, 7, 19.06
1747798410, 1, 55, 1546, 1529, 27, 10.31%, 0, 0, 7, 18.09
1747798415, 1, 57, 1546, 1529, 27, 10.31%, 0, 0, 7, 19.85
1747798420, 1, 60, 1546, 1529, 27, 10.31%, 0, 0, 7, 19.52
1747798426, 1, 62, 1546, 1529, 27, 10.31%, 0, 0, 7, 3.26
1747798431, 1, 64, 1546, 1529, 27, 10.31%, 0, 0, 7, 20.83
1747798436, 1, 66, 1546, 1529, 27, 10.31%, 0, 0, 7, 5.48
1747798441, 1, 70, 1546, 1529, 27, 10.31%, 0, 0, 7, 13.53
1747798446, 1, 71, 1546, 1529, 27, 10.31%, 0, 0, 7, 14.50
1747798451, 1, 74, 1546, 1529, 27, 10.31%, 0, 0, 7, 18.47
1747798457, 1, 76, 1546, 1529, 27, 10.31%, 0, 0, 7, 17.70
1747798462, 1, 77, 1546, 1529, 27, 10.31%, 0, 0, 7, 17.20
1747798467, 1, 80, 1546, 1529, 27, 10.31%, 0, 0, 7, 21.60
1747798472, 1, 82, 1546, 1529, 27, 10.31%, 0, 0, 7, 18.46
1747798477, 1, 84, 1546, 1529, 27, 10.31%, 0, 0, 7, 17.65
1747798482, 1, 86, 1546, 1529, 27, 10.31%, 0, 0, 7, 18.60
1747798488, 1, 88, 1546, 1529, 27, 10.31%, 0, 0, 7, 20.02
1747798493, 1, 89, 1546, 1529, 27, 10.31%, 0, 0, 7, 17.74
1747798498, 1, 91, 1546, 1529, 27, 10.31%, 0, 0, 7, 15.99
1747798503, 1, 94, 1546, 1529, 27, 10.31%, 0, 0, 7, 17.73
1747798508, 1, 96, 1546, 1529, 27, 10.31%, 0, 0, 7, 18.25
1747798513, 1, 97, 1546, 1529, 27, 10.31%, 0, 0, 7, 18.04
1747798518, 1, 99, 1546, 1529, 27, 10.31%, 0, 0, 7, 17.35
1747798523, 1, 105, 1546, 1529, 27, 10.31%, 0, 0, 7, 21.73
1747798528, 1, 107, 1546, 1529, 27, 10.31%, 0, 0, 7, 20.68
1747798534, 1, 111, 1546, 1529, 27, 10.31%, 0, 0, 7, 18.41
1747798539, 1, 113, 1546, 1529, 27, 10.31%, 0, 0, 7, 16.78
1747798544, 1, 115, 1546, 1529, 27, 10.31%, 0, 0, 7, 16.40
1747798549, 1, 118, 1546, 1529, 27, 10.31%, 0, 0, 7, 16.33
1747798554, 1, 120, 1546, 1529, 27, 10.31%, 0, 0, 7, 19.58
1747798559, 1, 122, 1546, 1529, 27, 10.31%, 0, 0, 7, 19.63
1747798564, 1, 124, 1546, 1529, 27, 10.31%, 0, 0, 7, 20.04
1747798570, 1, 125, 1546, 1529, 27, 10.31%, 0, 0, 7, 17.69
1747798575, 1, 127, 1546, 1529, 27, 10.31%, 0, 0, 7, 18.81
1747798580, 1, 130, 1546, 1529, 27, 10.31%, 0, 0, 7, 20.93
1747798585, 1, 134, 1546, 1529, 27, 10.31%, 0, 0, 7, 18.93
1747798590, 1, 136, 1546, 1529, 27, 10.31%, 0, 0, 7, 21.83
1747798595, 1, 138, 1546, 1529, 27, 10.31%, 0, 0, 7, 25.10
1747798600, 1, 140, 1546, 1529, 27, 10.31%, 0, 0, 7, 21.52
1747798605, 1, 141, 1546, 1529, 27, 10.31%, 0, 0, 7, 17.52
1747798610, 1, 143, 1546, 1529, 27, 10.31%, 0, 0, 7, 19.24
1747798616, 1, 145, 1546, 1529, 27, 10.31%, 0, 0, 7, 19.47
1747798621, 1, 147, 1546, 1529, 27, 10.31%, 0, 0, 7, 19.78
1747798626, 1, 150, 1546, 1529, 27, 10.31%, 0, 0, 7, 16.87
1747798631, 1, 153, 1546, 1529, 27, 10.31%, 0, 0, 7, 15.91
1747798636, 1, 155, 1546, 1529, 27, 10.31%, 0, 0, 7, 18.38
1747798641, 1, 157, 1546, 1529, 27, 10.31%, 0, 0, 7, 20.63
1747798646, 1, 158, 1546, 1529, 27, 10.31%, 0, 0, 7, 20.41
1747798651, 1, 160, 1546, 1529, 27, 10.31%, 0, 0, 7, 18.96
1747798656, 1, 163, 1546, 1529, 27, 10.31%, 0, 0, 7, 15.69
1747798661, 1, 165, 1546, 1529, 27, 10.31%, 0, 0, 7, 19.89
1747798667, 1, 167, 1546, 1529, 27, 10.31%, 0, 0, 7, 17.68
1747798672, 1, 170, 1546, 1529, 27, 10.31%, 0, 0, 7, 20.13
1747798677, 1, 172, 1546, 1529, 27, 10.31%, 0, 0, 7, 19.39
1747798682, 1, 177, 1547, 1530, 27, 10.31%, 0, 0, 7, 15.92
1747798692, 1, 180, 1547, 1530, 27, 10.31%, 0, 0, 7, 16.34
1747798697, 1, 183, 1548, 1531, 27, 10.31%, 0, 0, 7, 16.18
1747798708, 1, 185, 1548, 1531, 27, 10.31%, 0, 0, 7, 18.37
1747798713, 1, 187, 1548, 1531, 27, 10.31%, 0, 0, 7, 18.15
1747798718, 1, 188, 1548, 1531, 27, 10.31%, 0, 0, 7, 15.83
1747798723, 1, 190, 1548, 1531, 27, 10.31%, 0, 0, 7, 17.97
1747798728, 1, 192, 1548, 1531, 27, 10.31%, 0, 0, 7, 19.00
1747798733, 1, 195, 1548, 1531, 27, 10.31%, 0, 0, 7, 20.80
1747798739, 1, 197, 1548, 1531, 27, 10.31%, 0, 0, 7, 18.05
1747798744, 1, 199, 1548, 1531, 27, 10.31%, 0, 0, 7, 18.21
1747798749, 1, 200, 1548, 1531, 27, 10.31%, 0, 0, 7, 16.42
1747798754, 1, 204, 1548, 1531, 27, 10.31%, 0, 0, 7, 16.18
1747798759, 1, 206, 1548, 1531, 27, 10.31%, 0, 0, 7, 16.57
1747798764, 1, 208, 1548, 1531, 27, 10.31%, 0, 0, 7, 19.02
1747798769, 1, 210, 1548, 1531, 27, 10.31%, 0, 0, 7, 19.24
1747798774, 1, 214, 1548, 1531, 27, 10.31%, 0, 0, 7, 21.27
1747798780, 1, 216, 1548, 1531, 27, 10.31%, 0, 0, 7, 13.45
1747798785, 1, 218, 1548, 1531, 27, 10.31%, 0, 0, 7, 16.40
1747798790, 1, 219, 1548, 1531, 27, 10.31%, 0, 0, 7, 17.92
1747798795, 1, 221, 1548, 1531, 27, 10.31%, 0, 0, 7, 19.05
1747798800, 1, 223, 1548, 1531, 27, 10.31%, 0, 0, 7, 18.55
1747798805, 1, 227, 1548, 1531, 27, 10.31%, 0, 0, 7, 16.48
1747798810, 1, 230, 1548, 1531, 27, 10.31%, 0, 0, 7, 15.82
1747798815, 1, 233, 1548, 1531, 27, 10.31%, 0, 0, 7, 17.78
1747798820, 1, 234, 1548, 1531, 27, 10.31%, 0, 0, 7, 18.36
1747798826, 1, 236, 1548, 1531, 27, 10.31%, 0, 0, 7, 20.12
1747798831, 1, 239, 1548, 1531, 27, 10.31%, 0, 0, 7, 21.87
1747798836, 1, 240, 1548, 1531, 27, 10.31%, 0, 0, 7, 19.02
1747798841, 1, 242, 1548, 1531, 27, 10.31%, 0, 0, 7, 18.11
1747798846, 1, 244, 1548, 1531, 27, 10.31%, 0, 0, 7, 20.66
1747798852, 1, 248, 1548, 1531, 27, 10.31%, 0, 0, 7, 18.82
1747798857, 1, 250, 1548, 1531, 27, 10.31%, 0, 0, 7, 19.05
1747798862, 1, 253, 1548, 1531, 27, 10.31%, 0, 0, 7, 22.74
1747798867, 1, 256, 1548, 1531, 27, 10.31%, 0, 0, 7, 21.79
1747798872, 1, 256, 1549, 1532, 27, 10.31%, 0, 0, 7, 20.47
1747798877, 1, 258, 1549, 1532, 27, 10.31%, 0, 0, 7, 18.56
1747798882, 1, 260, 1549, 1532, 27, 10.31%, 0, 0, 7, 16.89
1747798887, 1, 262, 1549, 1532, 27, 10.31%, 0, 0, 7, 19.41
1747798892, 1, 265, 1549, 1532, 27, 10.31%, 0, 0, 7, 19.81
1747798898, 1, 268, 1549, 1532, 27, 10.31%, 0, 0, 7, 19.43
1747798903, 1, 270, 1549, 1532, 27, 10.31%, 0, 0, 7, 20.68
1747798908, 1, 274, 1549, 1532, 27, 10.31%, 0, 0, 7, 20.57
1747798913, 1, 277, 1549, 1532, 27, 10.31%, 0, 0, 7, 20.21
1747798918, 1, 278, 1549, 1532, 27, 10.31%, 0, 0, 7, 16.82
1747798923, 1, 282, 1549, 1532, 27, 10.31%, 0, 0, 7, 18.00
1747798929, 1, 285, 1549, 1532, 27, 10.31%, 0, 0, 7, 17.49
1747798934, 1, 287, 1549, 1532, 27, 10.31%, 0, 0, 7, 20.63
1747798939, 1, 289, 1549, 1532, 27, 10.31%, 0, 0, 7, 19.94
1747798944, 1, 290, 1549, 1532, 27, 10.31%, 0, 0, 7, 17.62
1747798949, 1, 292, 1549, 1532, 27, 10.31%, 0, 0, 7, 16.10
1747798954, 1, 293, 1549, 1532, 27, 10.31%, 0, 0, 7, 16.70
1747798959, 1, 295, 1549, 1532, 27, 10.31%, 0, 0, 7, 18.29
1747798964, 1, 300, 1549, 1532, 27, 10.31%, 0, 0, 7, 17.18
1747798969, 1, 302, 1549, 1532, 27, 10.31%, 0, 0, 7, 18.88
1747798975, 1, 305, 1549, 1532, 27, 10.31%, 0, 0, 7, 19.44
1747798980, 1, 307, 1549, 1532, 27, 10.31%, 0, 0, 7, 19.65
1747798985, 1, 309, 1549, 1532, 27, 10.31%, 0, 0, 7, 17.78
1747798990, 1, 311, 1550, 1533, 27, 10.31%, 0, 0, 7, 15.62
1747798995, 1, 312, 1550, 1533, 27, 10.31%, 0, 0, 7, 18.42
1747799000, 1, 314, 1550, 1533, 27, 10.31%, 0, 0, 7, 20.14
1747799005, 1, 316, 1550, 1533, 27, 10.31%, 0, 0, 7, 20.55
1747799011, 1, 318, 1550, 1533, 27, 10.31%, 0, 0, 7, 20.58
1747799016, 1, 321, 1550, 1533, 27, 10.31%, 0, 0, 7, 21.86
1747799021, 1, 322, 1551, 1534, 27, 10.31%, 0, 0, 7, 11.60
1747799031, 1, 325, 1551, 1534, 27, 10.31%, 0, 0, 7, 17.23
1747799036, 1, 328, 1551, 1534, 27, 10.31%, 0, 0, 7, 17.88
1747799041, 1, 329, 1551, 1534, 27, 10.31%, 0, 0, 7, 17.20
1747799046, 1, 334, 1551, 1534, 27, 10.31%, 0, 0, 7, 18.79
1747799052, 1, 336, 1551, 1534, 27, 10.31%, 0, 0, 7, 19.55
1747799057, 1, 338, 1551, 1534, 27, 10.31%, 0, 0, 7, 19.14
1747799062, 1, 339, 1551, 1534, 27, 10.31%, 0, 0, 7, 17.90
1747799067, 1, 342, 1551, 1534, 27, 10.31%, 0, 0, 7, 19.42
1747799072, 1, 344, 1551, 1534, 27, 10.31%, 0, 0, 7, 20.72
1747799077, 1, 346, 1551, 1534, 27, 10.31%, 0, 0, 7, 17.81
1747799082, 1, 349, 1551, 1534, 27, 10.31%, 0, 0, 7, 18.90
1747799087, 1, 350, 1551, 1534, 27, 10.31%, 0, 0, 7, 17.57
1747799092, 1, 352, 1551, 1534, 27, 10.31%, 0, 0, 7, 18.41
1747799097, 1, 354, 1551, 1534, 27, 10.31%, 0, 0, 7, 18.11
1747799103, 1, 357, 1551, 1534, 27, 10.31%, 0, 0, 7, 19.12
1747799108, 1, 361, 1551, 1534, 27, 10.31%, 0, 0, 7, 18.74
1747799113, 1, 362, 1551, 1534, 27, 10.31%, 0, 0, 7, 17.96
1747799118, 1, 364, 1551, 1534, 27, 10.31%, 0, 0, 7, 19.90
1747799123, 1, 367, 1551, 1534, 27, 10.31%, 0, 0, 7, 18.18
1747799128, 1, 370, 1551, 1534, 27, 10.31%, 0, 0, 7, 18.85
1747799134, 1, 372, 1551, 1534, 27, 10.31%, 0, 0, 7, 18.28
1747799139, 1, 375, 1551, 1534, 27, 10.31%, 0, 0, 7, 20.17
1747799144, 1, 377, 1551, 1534, 27, 10.31%, 0, 0, 7, 19.42
1747799149, 1, 381, 1551, 1534, 27, 10.31%, 0, 0, 7, 20.17
1747799154, 1, 383, 1551, 1534, 27, 10.31%, 0, 0, 7, 18.94
1747799159, 1, 384, 1551, 1534, 27, 10.31%, 0, 0, 7, 18.10
1747799164, 1, 386, 1551, 1534, 27, 10.31%, 0, 0, 7, 17.93
1747799169, 1, 388, 1551, 1534, 27, 10.31%, 0, 0, 7, 16.25
1747799174, 1, 389, 1551, 1534, 27, 10.31%, 0, 0, 7, 16.62
1747799179, 1, 391, 1551, 1534, 27, 10.31%, 0, 0, 7, 18.71
1747799185, 1, 394, 1551, 1534, 27, 10.31%, 0, 0, 7, 18.54
1747799190, 1, 396, 1551, 1534, 27, 10.31%, 0, 0, 7, 18.93
1747799195, 1, 397, 1551, 1534, 27, 10.31%, 0, 0, 7, 16.45
1747799200, 1, 399, 1551, 1534, 27, 10.31%, 0, 0, 7, 21.15
1747799205, 1, 403, 1551, 1534, 27, 10.31%, 0, 0, 7, 4.24
1747799210, 1, 406, 1551, 1534, 27, 10.31%, 0, 0, 7, 21.72
1747799215, 1, 409, 1551, 1534, 27, 10.31%, 0, 0, 7, 19.36
1747799220, 1, 414, 1551, 1534, 27, 10.31%, 0, 0, 7, 20.12
1747799226, 1, 419, 1551, 1534, 27, 10.31%, 0, 0, 7, 16.99
1747799231, 1, 421, 1551, 1534, 27, 10.31%, 0, 0, 7, 20.42
1747799236, 1, 422, 1551, 1534, 27, 10.31%, 0, 0, 7, 16.95
1747799241, 1, 424, 1551, 1534, 27, 10.31%, 0, 0, 7, 18.06
1747799246, 1, 428, 1551, 1534, 27, 10.31%, 0, 0, 7, 18.33
1747799251, 1, 430, 1551, 1534, 27, 10.31%, 0, 0, 7, 18.15
1747799256, 1, 432, 1551, 1534, 27, 10.31%, 0, 0, 7, 22.00
1747799262, 1, 434, 1551, 1534, 27, 10.31%, 0, 0, 7, 19.34
1747799267, 1, 436, 1551, 1534, 27, 10.31%, 0, 0, 7, 21.40
1747799272, 1, 443, 1551, 1534, 27, 10.31%, 0, 0, 7, 18.18
1747799277, 1, 443, 1552, 1535, 27, 10.31%, 0, 0, 7, 17.24
1747799282, 1, 446, 1552, 1535, 27, 10.31%, 0, 0, 7, 18.48
1747799287, 1, 449, 1552, 1535, 27, 10.31%, 0, 0, 7, 18.20
1747799292, 1, 451, 1552, 1535, 27, 10.31%, 0, 0, 7, 19.55
1747799298, 1, 454, 1552, 1535, 27, 10.31%, 0, 0, 7, 19.24
1747799303, 1, 456, 1552, 1535, 27, 10.31%, 0, 0, 7, 19.22
1747799308, 1, 457, 1552, 1535, 27, 10.31%, 0, 0, 7, 17.78
1747799313, 1, 459, 1552, 1535, 27, 10.31%, 0, 0, 7, 17.95
1747799318, 1, 461, 1552, 1535, 27, 10.31%, 0, 0, 7, 17.26
1747799323, 1, 464, 1552, 1535, 27, 10.31%, 0, 0, 7, 18.72
1747799328, 1, 466, 1552, 1535, 27, 10.31%, 0, 0, 7, 18.74
1747799333, 1, 468, 1552, 1535, 27, 10.31%, 0, 0, 7, 18.21
1747799338, 1, 471, 1552, 1535, 27, 10.31%, 0, 0, 7, 19.88
1747799343, 1, 473, 1552, 1535, 27, 10.31%, 0, 0, 7, 17.03
1747799349, 1, 475, 1552, 1535, 27, 10.31%, 0, 0, 7, 18.52
1747799354, 1, 476, 1552, 1535, 27, 10.31%, 0, 0, 7, 16.72
1747799359, 1, 478, 1552, 1535, 27, 10.31%, 0, 0, 7, 18.44
1747799364, 1, 480, 1552, 1535, 27, 10.31%, 0, 0, 7, 21.31
1747799369, 1, 483, 1552, 1535, 27, 10.31%, 0, 0, 7, 21.42
1747799374, 1, 489, 1552, 1535, 27, 10.31%, 0, 0, 7, 22.81
1747799380, 1, 490, 1552, 1535, 27, 10.31%, 0, 0, 7, 18.88
1747799385, 1, 492, 1552, 1535, 27, 10.31%, 0, 0, 7, 17.11
1747799390, 1, 494, 1552, 1535, 27, 10.31%, 0, 0, 7, 18.73
1747799395, 1, 496, 1552, 1535, 27, 10.31%, 0, 0, 7, 17.48
1747799400, 1, 497, 1552, 1535, 27, 10.31%, 0, 0, 7, 18.79
1747799405, 1, 503, 1552, 1535, 27, 10.31%, 0, 0, 7, 17.46
1747799410, 1, 505, 1552, 1535, 27, 10.31%, 0, 0, 7, 18.50
1747799416, 1, 507, 1553, 1536, 27, 10.31%, 0, 0, 7, 12.02
1747799421, 1, 509, 1553, 1536, 27, 10.31%, 0, 0, 7, 20.40
1747799426, 1, 511, 1553, 1536, 27, 10.31%, 0, 0, 7, 17.97
1747799431, 1, 513, 1553, 1536, 27, 10.31%, 0, 0, 7, 19.48
1747799436, 1, 514, 1553, 1536, 27, 10.31%, 0, 0, 7, 17.05
1747799441, 1, 516, 1553, 1536, 27, 10.31%, 0, 0, 7, 17.06
1747799446, 1, 518, 1553, 1536, 27, 10.31%, 0, 0, 7, 20.72
1747799451, 1, 520, 1553, 1536, 27, 10.31%, 0, 0, 7, 18.43
1747799457, 1, 522, 1553, 1536, 27, 10.31%, 0, 0, 7, 17.96
1747799462, 1, 523, 1553, 1536, 27, 10.31%, 0, 0, 7, 19.31
1747799467, 1, 527, 1553, 1536, 27, 10.31%, 0, 0, 7, 18.85
1747799472, 1, 529, 1553, 1536, 27, 10.31%, 0, 0, 7, 18.95
1747799477, 1, 530, 1553, 1536, 27, 10.31%, 0, 0, 7, 16.87
1747799482, 1, 532, 1553, 1536, 27, 10.31%, 0, 0, 7, 15.69
1747799488, 1, 535, 1553, 1536, 27, 10.31%, 0, 0, 7, 18.06
1747799493, 1, 536, 1553, 1536, 27, 10.31%, 0, 0, 7, 16.24
1747799498, 1, 538, 1553, 1536, 27, 10.31%, 0, 0, 7, 18.19
1747799503, 1, 539, 1554, 1537, 27, 10.31%, 0, 0, 7, 18.16
1747799508, 1, 539, 1555, 1538, 27, 10.31%, 0, 0, 7, 15.04
1747799513, 1, 540, 1555, 1538, 27, 10.31%, 0, 0, 7, 17.05
1747799518, 1, 543, 1555, 1538, 27, 10.31%, 0, 0, 7, 22.09
1747799523, 1, 545, 1555, 1538, 27, 10.31%, 0, 0, 7, 19.28
1747799529, 1, 547, 1555, 1538, 27, 10.31%, 0, 0, 7, 19.68
1747799534, 1, 548, 1555, 1538, 27, 10.31%, 0, 0, 7, 18.63
1747799539, 1, 551, 1555, 1538, 27, 10.31%, 0, 0, 7, 17.10
1747799544, 1, 555, 1555, 1538, 27, 10.31%, 0, 0, 7, 17.03
1747799549, 1, 558, 1555, 1538, 27, 10.31%, 0, 0, 7, 18.33
1747799554, 1, 560, 1555, 1538, 27, 10.31%, 0, 0, 7, 20.20
1747799559, 1, 562, 1555, 1538, 27, 10.31%, 0, 0, 7, 21.19
1747799564, 1, 565, 1555, 1538, 27, 10.31%, 0, 0, 7, 17.60
1747799569, 1, 569, 1555, 1538, 27, 10.31%, 0, 0, 7, 19.19
1747799575, 1, 572, 1555, 1538, 27, 10.31%, 0, 0, 7, 17.22
1747799580, 1, 574, 1555, 1538, 27, 10.31%, 0, 0, 7, 18.44
1747799585, 1, 576, 1555, 1538, 27, 10.31%, 0, 0, 7, 18.62
1747799590, 1, 579, 1555, 1538, 27, 10.31%, 0, 0, 7, 18.46
1747799595, 1, 581, 1555, 1538, 27, 10.31%, 0, 0, 7, 19.21
1747799600, 1, 583, 1555, 1538, 27, 10.31%, 0, 0, 7, 18.55
1747799605, 1, 584, 1555, 1538, 27, 10.31%, 0, 0, 7, 16.22
1747799610, 1, 586, 1555, 1538, 27, 10.31%, 0, 0, 7, 15.84
1747799615, 1, 587, 1555, 1538, 27, 10.31%, 0, 0, 7, 15.88
1747799621, 1, 589, 1555, 1538, 27, 10.31%, 0, 0, 7, 18.29
1747799626, 1, 592, 1555, 1538, 27, 10.31%, 0, 0, 7, 22.25
1747799631, 1, 594, 1555, 1538, 27, 10.31%, 0, 0, 7, 18.40
1747799636, 1, 597, 1555, 1538, 27, 10.31%, 0, 0, 7, 19.62
1747799641, 1, 600, 1555, 1538, 27, 10.31%, 0, 0, 7, 19.87
1747799646, 1, 601, 1555, 1538, 27, 10.31%, 0, 0, 7, 16.27
1747799651, 1, 604, 1555, 1538, 27, 10.31%, 0, 0, 7, 18.27
1747799656, 1, 606, 1555, 1538, 27, 10.31%, 0, 0, 7, 19.78
1747799661, 1, 609, 1555, 1538, 27, 10.31%, 0, 0, 7, 20.43
1747799667, 1, 611, 1555, 1538, 27, 10.31%, 0, 0, 7, 17.61
1747799672, 1, 612, 1555, 1538, 27, 10.31%, 0, 0, 7, 13.58
1747799677, 1, 613, 1555, 1538, 27, 10.31%, 0, 0, 7, 14.21
1747799682, 1, 614, 1555, 1538, 27, 10.31%, 0, 0, 7, 10.73
1747799687, 1, 617, 1555, 1538, 27, 10.31%, 0, 0, 7, 11.96
1747799692, 1, 618, 1555, 1538, 27, 10.31%, 0, 0, 7, 12.75
1747799697, 1, 619, 1555, 1538, 27, 10.31%, 0, 0, 7, 10.70
1747799703, 1, 620, 1555, 1538, 27, 10.31%, 0, 0, 7, 10.98
1747799708, 1, 622, 1555, 1538, 27, 10.31%, 0, 0, 7, 10.32
1747799713, 1, 623, 1555, 1538, 27, 10.31%, 0, 0, 7, 10.71
1747799718, 1, 624, 1555, 1538, 27, 10.31%, 0, 0, 7, 10.94
1747799723, 1, 625, 1555, 1538, 27, 10.31%, 0, 0, 7, 11.10
1747799728, 1, 626, 1555, 1538, 27, 10.31%, 0, 0, 7, 12.05
1747799733, 1, 627, 1555, 1538, 27, 10.31%, 0, 0, 7, 11.97
1747799738, 1, 629, 1555, 1538, 27, 10.31%, 0, 0, 7, 11.16
1747799743, 1, 630, 1555, 1538, 27, 10.31%, 0, 0, 7, 10.18
1747799748, 1, 631, 1555, 1538, 27, 10.31%, 0, 0, 7, 11.17
1747799754, 1, 632, 1555, 1538, 27, 10.31%, 0, 0, 7, 9.44
1747799759, 1, 633, 1555, 1538, 27, 10.31%, 0, 0, 7, 12.17
1747799764, 1, 634, 1556, 1539, 27, 10.31%, 0, 0, 7, 9.23
1747799774, 1, 635, 1556, 1539, 27, 10.31%, 0, 0, 7, 10.25
1747799779, 1, 637, 1556, 1539, 27, 10.31%, 0, 0, 7, 11.00
1747799785, 1, 638, 1556, 1539, 27, 10.31%, 0, 0, 7, 12.22
1747799790, 1, 639, 1556, 1539, 27, 10.31%, 0, 0, 7, 11.37
1747799795, 1, 641, 1556, 1539, 27, 10.31%, 0, 0, 7, 11.95
1747799800, 1, 644, 1556, 1539, 27, 10.31%, 0, 0, 7, 12.99
1747799805, 1, 646, 1556, 1539, 27, 10.31%, 0, 0, 7, 13.01
1747799810, 1, 648, 1556, 1539, 27, 10.31%, 0, 0, 7, 11.71
1747799815, 1, 649, 1556, 1539, 27, 10.31%, 0, 0, 7, 12.44
1747799821, 1, 650, 1556, 1539, 27, 10.31%, 0, 0, 7, 10.93
1747799826, 1, 653, 1556, 1539, 27, 10.31%, 0, 0, 7, 10.55
1747799831, 1, 655, 1556, 1539, 27, 10.31%, 0, 0, 7, 12.74
1747799836, 1, 656, 1556, 1539, 27, 10.31%, 0, 0, 7, 10.94
1747799841, 1, 657, 1556, 1539, 27, 10.31%, 0, 0, 7, 10.57
1747799847, 1, 658, 1556, 1539, 27, 10.31%, 0, 0, 7, 10.14
1747799852, 1, 663, 1556, 1539, 27, 10.31%, 0, 0, 7, 11.62
1747799857, 1, 664, 1556, 1539, 27, 10.31%, 0, 0, 7, 11.85
1747799862, 1, 666, 1556, 1539, 27, 10.31%, 0, 0, 7, 11.10
1747799867, 1, 667, 1556, 1539, 27, 10.31%, 0, 0, 7, 10.68
1747799872, 1, 668, 1556, 1539, 27, 10.31%, 0, 0, 7, 12.40
1747799877, 1, 669, 1556, 1539, 27, 10.31%, 0, 0, 7, 11.86
1747799883, 1, 670, 1556, 1539, 27, 10.31%, 0, 0, 7, 10.24
1747799888, 1, 671, 1556, 1539, 27, 10.31%, 0, 0, 7, 9.89
1747799893, 1, 672, 1556, 1539, 27, 10.31%, 0, 0, 7, 11.59
1747799898, 1, 674, 1556, 1539, 27, 10.31%, 0, 0, 7, 12.37
1747799903, 1, 675, 1556, 1539, 27, 10.31%, 0, 0, 7, 12.60
1747799908, 1, 678, 1556, 1539, 27, 10.31%, 0, 0, 7, 10.84
1747799913, 1, 679, 1556, 1539, 27, 10.31%, 0, 0, 7, 11.87
1747799919, 1, 681, 1556, 1539, 27, 10.31%, 0, 0, 7, 12.99
1747799924, 1, 682, 1556, 1539, 27, 10.31%, 0, 0, 7, 11.84
1747799929, 1, 683, 1556, 1539, 27, 10.31%, 0, 0, 7, 11.58
1747799934, 1, 685, 1556, 1539, 27, 10.31%, 0, 0, 7, 9.95
1747799939, 1, 686, 1556, 1539, 27, 10.31%, 0, 0, 7, 10.08
1747799944, 1, 686, 1557, 1540, 27, 10.31%, 0, 0, 7, 7.29
1747799955, 1, 687, 1557, 1540, 27, 10.31%, 0, 0, 7, 9.79
1747799960, 1, 688, 1557, 1540, 27, 10.31%, 0, 0, 7, 9.31
1747799965, 1, 689, 1557, 1540, 27, 10.31%, 0, 0, 7, 10.72
1747799970, 1, 690, 1557, 1540, 27, 10.31%, 0, 0, 7, 12.26
1747799975, 1, 692, 1557, 1540, 27, 10.31%, 0, 0, 7, 11.67
1747799981, 1, 693, 1557, 1540, 27, 10.31%, 0, 0, 7, 13.16
1747799986, 1, 694, 1557, 1540, 27, 10.31%, 0, 0, 7, 11.74
1747799991, 1, 696, 1557, 1540, 27, 10.31%, 0, 0, 7, 12.01
1747799996, 1, 697, 1557, 1540, 27, 10.31%, 0, 0, 7, 24.27
1747800001, 1, 698, 1557, 1540, 27, 10.31%, 0, 0, 7, 14.82
1747800006, 1, 699, 1557, 1540, 27, 10.31%, 0, 0, 7, 11.69
1747800011, 1, 701, 1557, 1540, 27, 10.31%, 0, 0, 7, 10.59
1747800016, 1, 703, 1557, 1540, 27, 10.31%, 0, 0, 7, 10.28
1747800021, 1, 704, 1557, 1540, 27, 10.31%, 0, 0, 7, 10.82
1747800026, 1, 705, 1557, 1540, 27, 10.31%, 0, 0, 7, 12.01
1747800032, 1, 707, 1557, 1540, 27, 10.31%, 0, 0, 7, 11.62
1747800037, 1, 708, 1557, 1540, 27, 10.31%, 0, 0, 7, 12.47
1747800042, 1, 710, 1557, 1540, 27, 10.31%, 0, 0, 7, 12.71
1747800052, 1, 711, 1558, 1541, 27, 10.32%, 0, 0, 7, 2.24
1747800063, 1, 713, 1558, 1541, 28, 10.32%, 0, 0, 7, 9.63
1747800068, 1, 715, 1558, 1541, 28, 10.32%, 0, 0, 7, 10.75
1747800073, 1, 716, 1558, 1541, 28, 10.32%, 0, 0, 7, 12.48
1747800078, 1, 717, 1558, 1541, 28, 10.32%, 0, 0, 7, 11.65
1747800083, 1, 719, 1558, 1541, 28, 10.32%, 0, 0, 7, 12.72
1747800088, 1, 720, 1558, 1541, 28, 10.32%, 0, 0, 7, 10.49
1747800094, 1, 721, 1558, 1541, 28, 10.32%, 0, 0, 7, 11.71
1747800099, 1, 722, 1558, 1541, 28, 10.32%, 0, 0, 7, 12.66
1747800104, 1, 723, 1558, 1541, 28, 10.32%, 0, 0, 7, 12.26
1747800109, 1, 724, 1558, 1541, 28, 10.32%, 0, 0, 7, 10.66
1747800114, 1, 725, 1558, 1541, 28, 10.32%, 0, 0, 7, 11.11
1747800119, 1, 726, 1558, 1541, 28, 10.32%, 0, 0, 7, 11.01
1747800124, 1, 727, 1558, 1541, 28, 10.32%, 0, 0, 7, 9.98
1747800129, 1, 728, 1558, 1541, 28, 10.32%, 0, 0, 7, 9.71
1747800135, 1, 732, 1558, 1541, 28, 10.32%, 0, 0, 7, 12.99
1747800140, 1, 733, 1558, 1541, 28, 10.32%, 0, 0, 7, 12.97
1747800145, 1, 735, 1558, 1541, 28, 10.32%, 0, 0, 7, 14.82
1747800155, 1, 736, 1558, 1541, 28, 10.32%, 0, 0, 7, 10.61
1747800160, 1, 738, 1558, 1541, 28, 10.32%, 0, 0, 7, 11.27
1747800165, 1, 739, 1558, 1541, 28, 10.32%, 0, 0, 7, 12.80
1747800171, 1, 740, 1558, 1541, 28, 10.32%, 0, 0, 7, 10.86
1747800176, 1, 742, 1558, 1541, 28, 10.32%, 0, 0, 7, 11.80
1747800181, 1, 744, 1558, 1541, 28, 10.32%, 0, 0, 7, 11.06
1747800186, 1, 745, 1558, 1541, 28, 10.32%, 0, 0, 7, 11.75
1747800191, 1, 746, 1558, 1541, 28, 10.32%, 0, 0, 7, 10.61
1747800196, 1, 747, 1558, 1541, 28, 10.32%, 0, 0, 7, 10.13
1747800201, 1, 748, 1558, 1541, 28, 10.32%, 0, 0, 7, 9.39
1747800207, 1, 749, 1558, 1541, 28, 10.32%, 0, 0, 7, 10.88
1747800212, 1, 750, 1558, 1541, 28, 10.32%, 0, 0, 7, 10.59
1747800217, 1, 752, 1558, 1541, 28, 10.32%, 0, 0, 7, 2.57
1747800222, 1, 753, 1558, 1541, 28, 10.32%, 0, 0, 7, 5.84
1747800227, 1, 754, 1558, 1541, 28, 10.32%, 0, 0, 7, 8.66
1747800233, 1, 755, 1558, 1541, 28, 10.32%, 0, 0, 7, 9.92
1747800238, 1, 756, 1558, 1541, 28, 10.32%, 0, 0, 7, 8.99
1747800243, 1, 757, 1558, 1541, 28, 10.32%, 0, 0, 7, 9.60
1747800248, 1, 759, 1558, 1541, 28, 10.32%, 0, 0, 7, 12.36
1747800253, 1, 760, 1558, 1541, 28, 10.32%, 0, 0, 7, 11.41
1747800259, 1, 762, 1558, 1541, 28, 10.32%, 0, 0, 7, 11.35
1747800264, 1, 764, 1558, 1541, 28, 10.32%, 0, 0, 7, 10.44
1747800269, 1, 767, 1558, 1541, 28, 10.32%, 0, 0, 7, 11.68
1747800274, 1, 768, 1558, 1541, 28, 10.32%, 0, 0, 7, 13.95
1747800279, 1, 770, 1558, 1541, 28, 10.32%, 0, 0, 7, 12.94
1747800284, 1, 773, 1558, 1541, 28, 10.32%, 0, 0, 7, 11.76
1747800289, 1, 774, 1558, 1541, 28, 10.32%, 0, 0, 7, 12.99
1747800295, 1, 775, 1558, 1541, 28, 10.32%, 0, 0, 7, 12.58
1747800300, 1, 776, 1558, 1541, 28, 10.32%, 0, 0, 7, 11.14
1747800305, 1, 777, 1558, 1541, 28, 10.32%, 0, 0, 7, 12.22
1747800310, 1, 778, 1558, 1541, 28, 10.32%, 0, 0, 7, 10.64
1747800315, 1, 779, 1558, 1541, 28, 10.32%, 0, 0, 7, 10.21
1747800320, 1, 780, 1558, 1541, 28, 10.32%, 0, 0, 7, 12.02
1747800325, 1, 782, 1558, 1541, 28, 10.32%, 0, 0, 7, 13.15
1747800330, 1, 784, 1558, 1541, 28, 10.32%, 0, 0, 7, 12.52
1747800336, 1, 785, 1558, 1541, 28, 10.32%, 0, 0, 7, 9.60
1747800341, 1, 786, 1558, 1541, 28, 10.32%, 0, 0, 7, 13.02
1747800346, 1, 787, 1558, 1541, 28, 10.32%, 0, 0, 7, 11.62
1747800351, 1, 788, 1558, 1541, 28, 10.32%, 0, 0, 7, 10.75
1747800356, 1, 789, 1558, 1541, 28, 10.32%, 0, 0, 7, 12.59
1747800361, 1, 791, 1558, 1541, 28, 10.32%, 0, 0, 7, 11.97
1747800366, 1, 792, 1558, 1541, 28, 10.32%, 0, 0, 7, 12.02
1747800371, 1, 795, 1558, 1541, 28, 10.32%, 0, 0, 7, 11.51
1747800376, 1, 796, 1558, 1541, 28, 10.32%, 0, 0, 7, 11.60
1747800382, 1, 797, 1558, 1541, 28, 10.32%, 0, 0, 7, 12.38
1747800387, 1, 799, 1558, 1541, 28, 10.32%, 0, 0, 7, 14.29
1747800397, 1, 801, 1558, 1541, 28, 10.32%, 0, 0, 7, 13.05
1747800402, 1, 802, 1558, 1541, 28, 10.32%, 0, 0, 7, 11.57
1747800407, 1, 803, 1558, 1541, 28, 10.32%, 0, 0, 7, 11.78
1747800412, 1, 804, 1558, 1541, 28, 10.32%, 0, 0, 7, 12.38
1747800417, 1, 805, 1558, 1541, 28, 10.32%, 0, 0, 7, 12.83
1747800423, 1, 806, 1558, 1541, 28, 10.32%, 0, 0, 7, 13.17
1747800428, 1, 809, 1558, 1541, 28, 10.32%, 0, 0, 7, 12.06
1747800438, 1, 810, 1558, 1541, 28, 10.32%, 0, 0, 7, 10.70
1747800443, 1, 812, 1558, 1541, 28, 10.32%, 0, 0, 7, 11.16
1747800448, 1, 813, 1558, 1541, 28, 10.32%, 0, 0, 7, 12.19
1747800453, 1, 814, 1558, 1541, 28, 10.32%, 0, 0, 7, 10.37
1747800459, 1, 815, 1558, 1541, 28, 10.32%, 0, 0, 7, 12.40
1747800464, 1, 816, 1558, 1541, 28, 10.32%, 0, 0, 7, 11.46
1747800469, 1, 817, 1558, 1541, 28, 10.32%, 0, 0, 7, 11.24
1747800474, 1, 818, 1558, 1541, 28, 10.32%, 0, 0, 7, 10.71
1747800479, 1, 820, 1558, 1541, 28, 10.32%, 0, 0, 7, 10.94
1747800484, 1, 824, 1558, 1541, 28, 10.32%, 0, 0, 7, 11.75
1747800489, 1, 825, 1558, 1541, 28, 10.32%, 0, 0, 7, 11.40
1747800494, 1, 826, 1558, 1541, 28, 10.32%, 0, 0, 7, 11.56
1747800499, 1, 827, 1558, 1541, 28, 10.32%, 0, 0, 7, 12.41
1747800505, 1, 829, 1558, 1541, 28, 10.32%, 0, 0, 7, 11.16
1747800510, 1, 831, 1558, 1541, 28, 10.32%, 0, 0, 7, 11.16
1747800515, 1, 832, 1558, 1541, 28, 10.32%, 0, 0, 7, 2.34
1747800520, 1, 834, 1559, 1542, 28, 10.32%, 0, 0, 7, 4.69
1747800530, 1, 835, 1559, 1542, 28, 10.32%, 0, 0, 7, 11.70
1747800535, 1, 837, 1559, 1542, 28, 10.32%, 0, 0, 7, 12.37
1747800541, 1, 838, 1559, 1542, 28, 10.32%, 0, 0, 7, 10.57
1747800546, 1, 840, 1559, 1542, 28, 10.32%, 0, 0, 7, 9.57
1747800551, 1, 843, 1559, 1542, 28, 10.32%, 0, 0, 7, 10.46
1747800556, 1, 844, 1559, 1542, 28, 10.32%, 0, 0, 7, 12.69
1747800561, 1, 845, 1559, 1542, 28, 10.32%, 0, 0, 7, 10.84
1747800566, 1, 846, 1559, 1542, 28, 10.32%, 0, 0, 7, 12.15
1747800572, 1, 847, 1559, 1542, 28, 10.32%, 0, 0, 7, 11.65
1747800577, 1, 848, 1559, 1542, 28, 10.32%, 0, 0, 7, 10.32
1747800582, 1, 849, 1559, 1542, 28, 10.32%, 0, 0, 7, 10.56
1747800587, 1, 850, 1559, 1542, 28, 10.32%, 0, 0, 7, 12.52
1747800592, 1, 852, 1559, 1542, 28, 10.32%, 0, 0, 7, 13.29
1747800597, 1, 853, 1559, 1542, 28, 10.32%, 0, 0, 7, 16.84
1747800602, 1, 854, 1559, 1542, 28, 10.32%, 0, 0, 7, 13.39
1747800608, 1, 855, 1559, 1542, 28, 10.32%, 0, 0, 7, 11.91
1747800613, 1, 856, 1559, 1542, 28, 10.32%, 0, 0, 7, 13.38
1747800618, 1, 857, 1559, 1542, 28, 10.32%, 0, 0, 7, 12.11
1747800623, 1, 860, 1559, 1542, 28, 10.32%, 0, 0, 7, 11.75
1747800628, 1, 861, 1559, 1542, 28, 10.32%, 0, 0, 7, 13.44
1747800634, 1, 862, 1559, 1542, 28, 10.32%, 0, 0, 7, 12.31
1747800639, 1, 863, 1559, 1542, 28, 10.32%, 0, 0, 7, 12.08
1747800644, 1, 864, 1559, 1542, 28, 10.32%, 0, 0, 7, 11.54
1747800649, 1, 867, 1559, 1542, 28, 10.32%, 0, 0, 7, 12.99
1747800654, 1, 868, 1559, 1542, 28, 10.32%, 0, 0, 7, 11.29
1747800659, 1, 869, 1559, 1542, 28, 10.32%, 0, 0, 7, 11.71
1747800664, 1, 870, 1559, 1542, 28, 10.32%, 0, 0, 7, 12.15
1747800669, 1, 871, 1559, 1542, 28, 10.32%, 0, 0, 7, 10.97
1747800675, 1, 873, 1559, 1542, 28, 10.32%, 0, 0, 7, 11.61
1747800680, 1, 875, 1559, 1542, 28, 10.32%, 0, 0, 7, 11.92
1747800685, 1, 877, 1559, 1542, 28, 10.32%, 0, 0, 7, 11.75
1747800690, 1, 878, 1559, 1542, 28, 10.32%, 0, 0, 7, 11.50
1747800695, 1, 879, 1559, 1542, 28, 10.32%, 0, 0, 7, 10.39
1747800700, 1, 880, 1559, 1542, 28, 10.32%, 0, 0, 7, 11.34
1747800705, 1, 881, 1559, 1542, 28, 10.32%, 0, 0, 7, 10.28
1747800710, 1, 882, 1559, 1542, 28, 10.32%, 0, 0, 7, 12.63
1747800716, 1, 883, 1559, 1542, 28, 10.32%, 0, 0, 7, 13.16
1747800721, 1, 885, 1559, 1542, 28, 10.32%, 0, 0, 7, 12.78
1747800726, 1, 886, 1559, 1542, 28, 10.32%, 0, 0, 7, 12.31
1747800731, 1, 888, 1559, 1542, 28, 10.32%, 0, 0, 7, 9.77
1747800736, 1, 888, 1560, 1543, 28, 10.32%, 0, 0, 7, 9.39
1747800746, 1, 890, 1560, 1543, 28, 10.32%, 0, 0, 7, 10.45
1747800751, 1, 892, 1560, 1543, 28, 10.32%, 0, 0, 7, 12.18
1747800756, 1, 893, 1560, 1543, 28, 10.32%, 0, 0, 7, 13.85
1747800761, 1, 894, 1560, 1543, 28, 10.32%, 0, 0, 7, 11.41
1747800766, 1, 895, 1560, 1543, 28, 10.32%, 0, 0, 7, 11.38
1747800772, 1, 897, 1560, 1543, 28, 10.32%, 0, 0, 7, 11.27
1747800777, 1, 898, 1560, 1543, 28, 10.32%, 0, 0, 7, 11.70
1747800782, 1, 900, 1560, 1543, 28, 10.32%, 0, 0, 7, 12.75
1747800787, 1, 901, 1560, 1543, 28, 10.32%, 0, 0, 7, 11.31
1747800792, 1, 902, 1560, 1543, 28, 10.32%, 0, 0, 7, 10.52
1747800798, 1, 903, 1560, 1543, 28, 10.32%, 0, 0, 7, 10.63
1747800803, 1, 904, 1560, 1543, 28, 10.32%, 0, 0, 7, 11.02
1747800808, 1, 905, 1560, 1543, 28, 10.32%, 0, 0, 7, 10.20
1747800813, 1, 906, 1560, 1543, 28, 10.32%, 0, 0, 7, 11.14
1747800818, 1, 907, 1560, 1543, 28, 10.32%, 0, 0, 7, 10.50
1747800823, 1, 908, 1560, 1543, 28, 10.32%, 0, 0, 7, 10.65
1747800828, 1, 909, 1560, 1543, 28, 10.32%, 0, 0, 7, 10.43
1747800833, 1, 910, 1560, 1543, 28, 10.32%, 0, 0, 7, 10.53
1747800839, 1, 911, 1560, 1543, 28, 10.32%, 0, 0, 7, 10.24
1747800844, 1, 912, 1560, 1543, 28, 10.32%, 0, 0, 7, 11.06
1747800849, 1, 913, 1560, 1543, 28, 10.32%, 0, 0, 7, 9.76
1747800854, 1, 914, 1560, 1543, 28, 10.32%, 0, 0, 7, 9.41
1747800864, 1, 915, 1560, 1543, 28, 10.32%, 0, 0, 7, 9.17
1747800869, 1, 916, 1560, 1543, 28, 10.32%, 0, 0, 7, 11.30
1747800874, 1, 918, 1560, 1543, 28, 10.32%, 0, 0, 7, 10.55
1747800879, 1, 919, 1560, 1543, 28, 10.32%, 0, 0, 7, 12.32
1747800884, 1, 922, 1560, 1543, 28, 10.32%, 0, 0, 7, 10.61
1747800889, 1, 923, 1560, 1543, 28, 10.32%, 0, 0, 7, 9.36
1747800894, 1, 925, 1560, 1543, 28, 10.32%, 0, 0, 7, 10.39
1747800905, 1, 927, 1560, 1543, 28, 10.32%, 0, 0, 7, 11.51
1747800910, 1, 928, 1560, 1543, 28, 10.32%, 0, 0, 7, 11.63
1747800915, 1, 929, 1560, 1543, 28, 10.32%, 0, 0, 7, 10.47
1747800920, 1, 931, 1560, 1543, 28, 10.32%, 0, 0, 7, 9.80
1747800925, 1, 932, 1560, 1543, 28, 10.32%, 0, 0, 7, 12.26
1747800930, 1, 933, 1560, 1543, 28, 10.32%, 0, 0, 7, 12.41
1747800935, 1, 934, 1560, 1543, 28, 10.32%, 0, 0, 7, 11.60
1747800941, 1, 935, 1561, 1544, 28, 10.32%, 0, 0, 7, 1.99
1747800951, 1, 936, 1561, 1544, 28, 10.32%, 0, 0, 7, 12.56
1747800956, 1, 937, 1561, 1544, 28, 10.32%, 0, 0, 7, 11.85
1747800961, 1, 938, 1561, 1544, 28, 10.32%, 0, 0, 7, 12.08
1747800966, 1, 939, 1561, 1544, 28, 10.32%, 0, 0, 7, 12.45
1747800971, 1, 940, 1561, 1544, 28, 10.32%, 0, 0, 7, 10.22
1747800976, 1, 942, 1561, 1544, 28, 10.32%, 0, 0, 7, 9.84
1747800981, 1, 944, 1561, 1544, 28, 10.32%, 0, 0, 7, 11.54
1747800986, 1, 945, 1561, 1544, 28, 10.32%, 0, 0, 7, 10.81
1747800992, 1, 946, 1561, 1544, 28, 10.32%, 0, 0, 7, 10.48
1747800997, 1, 947, 1561, 1544, 28, 10.32%, 0, 0, 7, 12.07
1747801002, 1, 949, 1561, 1544, 28, 10.32%, 0, 0, 7, 11.94
1747801007, 1, 950, 1561, 1544, 28, 10.32%, 0, 0, 7, 11.27
1747801013, 1, 951, 1561, 1544, 28, 10.32%, 0, 0, 7, 1.71
1747801018, 1, 952, 1561, 1544, 28, 10.32%, 0, 0, 7, 12.33
1747801023, 1, 953, 1561, 1544, 28, 10.32%, 0, 0, 7, 10.48
1747801028, 1, 954, 1561, 1544, 28, 10.32%, 0, 0, 7, 8.93
1747801033, 1, 955, 1561, 1544, 28, 10.32%, 0, 0, 7, 10.00
1747801038, 1, 956, 1561, 1544, 28, 10.32%, 0, 0, 7, 10.87
1747801043, 1, 957, 1561, 1544, 28, 10.32%, 0, 0, 7, 12.19
1747801048, 1, 959, 1561, 1544, 28, 10.32%, 0, 0, 7, 10.19
1747801053, 1, 960, 1561, 1544, 28, 10.32%, 0, 0, 7, 10.09
1747801058, 1, 961, 1561, 1544, 28, 10.32%, 0, 0, 7, 11.84
1747801064, 1, 962, 1561, 1544, 28, 10.32%, 0, 0, 7, 13.42
1747801069, 1, 964, 1561, 1544, 28, 10.32%, 0, 0, 7, 12.20
1747801074, 1, 965, 1561, 1544, 28, 10.32%, 0, 0, 7, 11.63
1747801079, 1, 966, 1561, 1544, 28, 10.32%, 0, 0, 7, 9.57
1747801334, 1, 966, 1562, 1545, 28, 10.32%, 0, 0, 7, 6.66
1747801339, 1, 966, 1563, 1546, 28, 10.32%, 0, 0, 7, 6.42
1747801385, 1, 966, 1565, 1548, 28, 10.32%, 0, 0, 7, 9.00
1747801390, 1, 966, 1566, 1549, 28, 10.32%, 0, 0, 7, 7.83
1747801396, 1, 966, 1568, 1551, 28, 10.32%, 0, 0, 7, 7.56
1747801401, 1, 966, 1570, 1553, 28, 10.32%, 0, 0, 7, 7.72
1747801411, 1, 966, 1571, 1554, 28, 10.32%, 0, 0, 7, 6.93
1747801457, 1, 968, 1571, 1553, 28, 10.32%, 0, 0, 7, 14.31
1747801462, 1, 969, 1571, 1553, 28, 10.32%, 0, 0, 7, 11.66
1747801467, 1, 970, 1571, 1553, 28, 10.32%, 0, 0, 7, 10.81
1747801473, 1, 971, 1571, 1553, 28, 10.32%, 0, 0, 7, 11.21
1747801478, 1, 972, 1571, 1553, 28, 10.32%, 0, 0, 7, 10.86
1747801483, 1, 973, 1571, 1553, 28, 10.32%, 0, 0, 7, 10.65
1747801488, 1, 975, 1571, 1553, 28, 10.32%, 0, 0, 7, 12.59
1747801493, 1, 977, 1571, 1553, 28, 10.32%, 0, 0, 7, 10.08
1747801498, 1, 978, 1571, 1553, 28, 10.32%, 0, 0, 7, 11.79
1747801503, 1, 979, 1571, 1553, 28, 10.32%, 0, 0, 7, 10.82
1747801508, 1, 980, 1571, 1553, 28, 10.32%, 0, 0, 7, 11.71
1747801513, 1, 981, 1571, 1553, 28, 10.32%, 0, 0, 7, 12.42
1747801518, 1, 982, 1571, 1553, 28, 10.32%, 0, 0, 7, 10.67
1747801524, 1, 983, 1571, 1553, 28, 10.32%, 0, 0, 7, 11.80
1747801529, 1, 984, 1571, 1553, 28, 10.32%, 0, 0, 7, 11.59
1747801534, 1, 985, 1571, 1553, 28, 10.32%, 0, 0, 7, 10.66
1747801539, 1, 986, 1571, 1553, 28, 10.32%, 0, 0, 7, 10.29
1747801544, 1, 987, 1571, 1553, 28, 10.32%, 0, 0, 7, 9.44
1747801549, 1, 988, 1571, 1553, 28, 10.32%, 0, 0, 7, 12.31
1747801554, 1, 990, 1571, 1553, 28, 10.32%, 0, 0, 7, 18.84
1747801560, 1, 991, 1571, 1553, 28, 10.32%, 0, 0, 7, 11.80
1747801565, 1, 993, 1571, 1553, 28, 10.32%, 0, 0, 7, 10.69
1747801570, 1, 997, 1571, 1553, 28, 10.32%, 0, 0, 7, 12.91
1747801580, 1, 998, 1571, 1553, 28, 10.32%, 0, 0, 7, 9.85
1747801585, 1, 1000, 1571, 1553, 28, 10.32%, 0, 0, 7, 12.06
1747801590, 1, 1001, 1571, 1553, 28, 10.32%, 0, 0, 7, 10.34
1747801596, 1, 1002, 1571, 1553, 28, 10.32%, 0, 0, 7, 11.35
1747801601, 1, 1004, 1571, 1553, 28, 10.32%, 0, 0, 7, 12.85
1747801606, 1, 1005, 1571, 1553, 28, 10.32%, 0, 0, 7, 11.95
1747801611, 1, 1006, 1571, 1553, 28, 10.32%, 0, 0, 7, 10.95
1747801616, 1, 1007, 1571, 1553, 28, 10.32%, 0, 0, 7, 9.67
1747801621, 1, 1008, 1571, 1553, 28, 10.32%, 0, 0, 7, 12.39
1747801626, 1, 1009, 1571, 1553, 28, 10.32%, 0, 0, 7, 10.58
1747801632, 1, 1010, 1571, 1553, 28, 10.32%, 0, 0, 7, 9.32
1747801637, 1, 1011, 1571, 1553, 28, 10.32%, 0, 0, 7, 11.40
1747801642, 1, 1013, 1571, 1553, 28, 10.32%, 0, 0, 7, 12.92
1747801647, 1, 1014, 1571, 1553, 28, 10.32%, 0, 0, 7, 11.92
1747801652, 1, 1016, 1571, 1553, 28, 10.32%, 0, 0, 7, 3.53
1747801657, 1, 1017, 1571, 1553, 28, 10.32%, 0, 0, 7, 16.60
1747801662, 1, 1018, 1571, 1553, 28, 10.32%, 0, 0, 7, 13.24
1747801668, 1, 1020, 1571, 1553, 28, 10.32%, 0, 0, 7, 12.38
1747801673, 1, 1021, 1571, 1553, 28, 10.32%, 0, 0, 7, 13.46
1747801678, 1, 1023, 1571, 1553, 28, 10.32%, 0, 0, 7, 13.04
1747801683, 1, 1024, 1571, 1553, 28, 10.32%, 0, 0, 7, 11.03
1747801688, 1, 1026, 1571, 1553, 28, 10.32%, 0, 0, 7, 10.96
1747801693, 1, 1028, 1571, 1553, 28, 10.32%, 0, 0, 7, 10.21
1747801698, 1, 1030, 1571, 1553, 28, 10.32%, 0, 0, 7, 10.88
1747801703, 1, 1031, 1571, 1553, 28, 10.32%, 0, 0, 7, 11.24
1747801709, 1, 1032, 1571, 1553, 28, 10.32%, 0, 0, 7, 8.87
1747801714, 1, 1033, 1571, 1553, 28, 10.32%, 0, 0, 7, 9.18
1747801719, 1, 1035, 1571, 1553, 28, 10.32%, 0, 0, 7, 10.57
1747801724, 1, 1038, 1571, 1553, 28, 10.32%, 0, 0, 7, 13.66
1747801730, 1, 1039, 1571, 1553, 28, 10.32%, 0, 0, 7, 10.38
1747801735, 1, 1040, 1571, 1553, 28, 10.32%, 0, 0, 7, 10.64
1747801740, 1, 1041, 1571, 1553, 28, 10.32%, 0, 0, 7, 9.99
1747801745, 1, 1042, 1571, 1553, 28, 10.32%, 0, 0, 7, 13.00
1747801750, 1, 1043, 1571, 1553, 28, 10.32%, 0, 0, 7, 12.55
1747801756, 1, 1044, 1571, 1553, 28, 10.32%, 0, 0, 7, 12.38
1747801761, 1, 1045, 1571, 1553, 28, 10.32%, 0, 0, 7, 11.19
1747801766, 1, 1047, 1571, 1553, 28, 10.32%, 0, 0, 7, 12.13
1747801776, 1, 1049, 1571, 1553, 28, 10.32%, 0, 0, 7, 13.25
1747801781, 1, 1050, 1571, 1553, 28, 10.32%, 0, 0, 7, 13.47
1747801786, 1, 1051, 1571, 1553, 28, 10.32%, 0, 0, 7, 12.09
1747801791, 1, 1052, 1571, 1553, 28, 10.32%, 0, 0, 7, 17.68
1747801796, 1, 1054, 1571, 1553, 28, 10.32%, 0, 0, 7, 9.31
1747801802, 1, 1055, 1571, 1553, 28, 10.32%, 0, 0, 7, 9.97
1747801807, 1, 1056, 1571, 1553, 28, 10.32%, 0, 0, 7, 11.95
1747801812, 1, 1057, 1571, 1553, 28, 10.32%, 0, 0, 7, 12.51
1747801817, 1, 1058, 1571, 1553, 28, 10.32%, 0, 0, 7, 10.41
1747801822, 1, 1059, 1571, 1553, 28, 10.32%, 0, 0, 7, 12.52
1747801827, 1, 1062, 1571, 1553, 28, 10.32%, 0, 0, 7, 13.36
1747801832, 1, 1063, 1571, 1553, 28, 10.32%, 0, 0, 7, 11.94
1747801842, 1, 1065, 1571, 1553, 28, 10.32%, 0, 0, 7, 10.25
1747801847, 1, 1066, 1571, 1553, 28, 10.32%, 0, 0, 7, 11.21
1747801853, 1, 1070, 1571, 1553, 28, 10.32%, 0, 0, 7, 12.95
1747801858, 1, 1071, 1571, 1553, 28, 10.32%, 0, 0, 7, 14.10
1747801863, 1, 1073, 1571, 1553, 28, 10.32%, 0, 0, 7, 13.33
1747801868, 1, 1074, 1571, 1553, 28, 10.32%, 0, 0, 7, 10.84
1747801873, 1, 1075, 1571, 1553, 28, 10.32%, 0, 0, 7, 11.48
1747801879, 1, 1076, 1571, 1553, 28, 10.32%, 0, 0, 7, 10.57
1747801884, 1, 1077, 1571, 1553, 28, 10.32%, 0, 0, 7, 10.39
1747801889, 1, 1080, 1571, 1553, 28, 10.32%, 0, 0, 7, 11.72
1747801894, 1, 1082, 1571, 1553, 28, 10.32%, 0, 0, 7, 18.89
1747801899, 1, 1083, 1571, 1553, 28, 10.32%, 0, 0, 7, 13.59
1747801904, 1, 1084, 1571, 1553, 28, 10.32%, 0, 0, 7, 13.66
1747801910, 1, 1087, 1571, 1553, 28, 10.32%, 0, 0, 7, 18.22
1747801915, 1, 1088, 1571, 1553, 28, 10.32%, 0, 0, 7, 16.04
1747801920, 1, 1089, 1571, 1553, 28, 10.32%, 0, 0, 7, 12.86
1747801925, 1, 1090, 1571, 1553, 28, 10.32%, 0, 0, 7, 10.67
1747801930, 1, 1091, 1571, 1553, 28, 10.32%, 0, 0, 7, 12.72
1747801936, 1, 1092, 1572, 1554, 28, 10.32%, 0, 0, 7, 1.80
1747801951, 1, 1094, 1572, 1554, 28, 10.32%, 0, 0, 7, 11.60
1747801956, 1, 1095, 1572, 1554, 28, 10.32%, 0, 0, 7, 10.03
1747801961, 1, 1096, 1572, 1554, 28, 10.32%, 0, 0, 7, 10.98
1747801967, 1, 1097, 1572, 1554, 28, 10.32%, 0, 0, 7, 12.58
1747801972, 1, 1098, 1572, 1554, 28, 10.32%, 0, 0, 7, 5.66
1747801977, 1, 1099, 1572, 1554, 28, 10.32%, 0, 0, 7, 9.18
1747801982, 1, 1100, 1572, 1554, 28, 10.32%, 0, 0, 7, 10.26
1747801987, 1, 1101, 1572, 1554, 28, 10.32%, 0, 0, 7, 11.23
1747801992, 1, 1102, 1572, 1554, 28, 10.32%, 0, 0, 7, 12.04
1747801997, 1, 1103, 1572, 1554, 28, 10.32%, 0, 0, 7, 12.27
1747802002, 1, 1104, 1572, 1554, 28, 10.32%, 0, 0, 7, 3.79
1747802007, 1, 1105, 1572, 1554, 28, 10.32%, 0, 0, 7, 8.47
1747802013, 1, 1108, 1572, 1554, 28, 10.32%, 0, 0, 7, 11.64
1747802018, 1, 1109, 1572, 1554, 28, 10.32%, 0, 0, 7, 12.79
1747802023, 1, 1110, 1572, 1554, 28, 10.32%, 0, 0, 7, 11.41
1747802028, 1, 1111, 1572, 1554, 28, 10.32%, 0, 0, 7, 11.92
1747802033, 1, 1116, 1572, 1554, 28, 10.32%, 0, 0, 7, 12.65
1747802038, 1, 1117, 1572, 1554, 28, 10.32%, 0, 0, 7, 11.34
1747802043, 1, 1119, 1572, 1554, 28, 10.32%, 0, 0, 7, 12.19
1747802048, 1, 1120, 1572, 1554, 28, 10.32%, 0, 0, 7, 12.27
1747802053, 1, 1121, 1572, 1554, 28, 10.32%, 0, 0, 7, 10.61
1747802058, 1, 1122, 1572, 1554, 28, 10.32%, 0, 0, 7, 9.52
1747802063, 1, 1123, 1572, 1554, 28, 10.32%, 0, 0, 7, 9.82
1747802069, 1, 1124, 1572, 1554, 28, 10.32%, 0, 0, 7, 9.82
1747802074, 1, 1125, 1572, 1554, 28, 10.32%, 0, 0, 7, 10.21
1747802079, 1, 1127, 1572, 1554, 28, 10.32%, 0, 0, 7, 10.08
1747802084, 1, 1128, 1572, 1554, 28, 10.32%, 0, 0, 7, 11.50
1747802089, 1, 1129, 1572, 1554, 28, 10.32%, 0, 0, 7, 11.88
1747802094, 1, 1130, 1572, 1554, 28, 10.32%, 0, 0, 7, 10.00
1747802100, 1, 1131, 1572, 1554, 28, 10.32%, 0, 0, 7, 10.43
1747802105, 1, 1132, 1572, 1554, 28, 10.32%, 0, 0, 7, 10.66
1747802110, 1, 1134, 1572, 1554, 28, 10.32%, 0, 0, 7, 11.36
1747802115, 1, 1135, 1572, 1554, 28, 10.32%, 0, 0, 7, 11.39
1747802120, 1, 1138, 1572, 1554, 28, 10.32%, 0, 0, 7, 13.20
1747802125, 1, 1139, 1572, 1554, 28, 10.32%, 0, 0, 7, 12.75
1747802130, 1, 1140, 1572, 1554, 28, 10.32%, 0, 0, 7, 12.33
1747802135, 1, 1143, 1572, 1554, 28, 10.32%, 0, 0, 7, 13.99
1747802140, 1, 1144, 1572, 1554, 28, 10.32%, 0, 0, 7, 12.88
1747802146, 1, 1145, 1572, 1554, 28, 10.32%, 0, 0, 7, 13.01
1747802151, 1, 1149, 1572, 1554, 28, 10.32%, 0, 0, 7, 11.27
1747802156, 1, 1150, 1572, 1554, 28, 10.32%, 0, 0, 7, 11.86
1747802161, 1, 1151, 1572, 1554, 28, 10.32%, 0, 0, 7, 10.15
1747802166, 1, 1152, 1572, 1554, 28, 10.32%, 0, 0, 7, 11.35
1747802171, 1, 1153, 1572, 1554, 28, 10.32%, 0, 0, 7, 10.74
1747802176, 1, 1154, 1572, 1554, 28, 10.32%, 0, 0, 7, 10.93
1747802182, 1, 1157, 1572, 1554, 28, 10.32%, 0, 0, 7, 11.59
1747802187, 1, 1158, 1572, 1554, 28, 10.32%, 0, 0, 7, 11.55
1747802192, 1, 1159, 1572, 1554, 28, 10.32%, 0, 0, 7, 11.54
1747802197, 1, 1163, 1572, 1554, 28, 10.32%, 0, 0, 7, 12.48
1747802202, 1, 1164, 1572, 1554, 28, 10.32%, 0, 0, 7, 10.28
1747802401, 1, 1164, 1573, 1555, 28, 10.32%, 0, 0, 7, 3.85
1747802443, 1, 1164, 1574, 1556, 28, 10.32%, 0, 0, 7, 2.67
1747803175, 1, 1164, 1575, 1557, 28, 10.32%, 0, 0, 7, 2.86
1747803372, 1, 1164, 1576, 1558, 28, 10.32%, 0, 0, 7, 2.85
1747803620, 1, 1164, 1577, 1559, 28, 10.32%, 0, 0, 7, 3.16
1747803697, 1, 1164, 1578, 1560, 28, 10.32%, 0, 0, 7, 3.35
1747803910, 1, 1165, 1578, 1559, 28, 10.32%, 0, 0, 7, 9.39
1747803915, 1, 1167, 1578, 1559, 28, 10.32%, 0, 0, 7, 11.04
1747803920, 1, 1168, 1578, 1559, 28, 10.32%, 0, 0, 7, 12.78
1747803925, 1, 1169, 1578, 1559, 28, 10.32%, 0, 0, 7, 10.42
1747803930, 1, 1169, 1579, 1560, 28, 10.32%, 0, 0, 7, 9.38
1747803935, 1, 1170, 1579, 1560, 28, 10.32%, 0, 0, 7, 12.35
1747803940, 1, 1171, 1579, 1560, 28, 10.32%, 0, 0, 7, 12.98
1747803946, 1, 1172, 1579, 1560, 28, 10.32%, 0, 0, 7, 12.47
1747803951, 1, 1173, 1579, 1560, 28, 10.32%, 0, 0, 7, 9.73
1747803956, 1, 1175, 1579, 1560, 28, 10.32%, 0, 0, 7, 11.97
1747803961, 1, 1176, 1579, 1560, 28, 10.32%, 0, 0, 7, 11.14
1747803966, 1, 1177, 1579, 1560, 28, 10.32%, 0, 0, 7, 11.83
1747803971, 1, 1180, 1579, 1560, 28, 10.32%, 0, 0, 7, 11.78
1747803976, 1, 1181, 1579, 1560, 28, 10.32%, 0, 0, 7, 12.15
1747803981, 1, 1182, 1579, 1560, 28, 10.32%, 0, 0, 7, 10.57
1747803986, 1, 1183, 1579, 1560, 28, 10.32%, 0, 0, 7, 10.56
1747803991, 1, 1184, 1579, 1560, 28, 10.32%, 0, 0, 7, 10.06
1747803997, 1, 1185, 1579, 1560, 28, 10.32%, 0, 0, 7, 11.20
1747804002, 1, 1186, 1579, 1560, 28, 10.32%, 0, 0, 7, 12.01
1747804007, 1, 1187, 1579, 1560, 28, 10.32%, 0, 0, 7, 12.37
1747804012, 1, 1189, 1579, 1560, 28, 10.32%, 0, 0, 7, 12.75
1747804017, 1, 1191, 1579, 1560, 28, 10.32%, 0, 0, 7, 12.01
1747804022, 1, 1192, 1579, 1560, 28, 10.32%, 0, 0, 7, 11.23
1747804027, 1, 1193, 1579, 1560, 28, 10.32%, 0, 0, 7, 10.28
1747804032, 1, 1195, 1579, 1560, 28, 10.32%, 0, 0, 7, 10.08
1747804038, 1, 1197, 1579, 1560, 28, 10.32%, 0, 0, 7, 12.43
1747804043, 1, 1198, 1579, 1560, 28, 10.32%, 0, 0, 7, 12.91
1747804048, 1, 1201, 1579, 1560, 28, 10.32%, 0, 0, 7, 13.29
1747804053, 1, 1202, 1579, 1560, 28, 10.32%, 0, 0, 7, 11.98
1747804058, 1, 1203, 1579, 1560, 28, 10.32%, 0, 0, 7, 12.17
1747804063, 1, 1204, 1579, 1560, 28, 10.32%, 0, 0, 7, 10.75
1747804069, 1, 1206, 1579, 1560, 28, 10.32%, 0, 0, 7, 13.14
1747804074, 1, 1207, 1579, 1560, 28, 10.32%, 0, 0, 7, 10.74
1747804079, 1, 1207, 1580, 1561, 28, 10.32%, 0, 0, 7, 7.10
1747804084, 1, 1208, 1580, 1561, 28, 10.32%, 0, 0, 7, 9.15
1747804094, 1, 1209, 1580, 1561, 28, 10.32%, 0, 0, 7, 9.86
1747804099, 1, 1211, 1580, 1561, 28, 10.32%, 0, 0, 7, 11.97
1747804445, 1, 1211, 1582, 1563, 28, 10.32%, 0, 0, 7, 3.85
1747804552, 1, 1211, 1583, 1564, 28, 10.32%, 0, 0, 7, 4.16
1747804918, 1, 1213, 1583, 1563, 27, 10.32%, 0, 0, 7, 12.95
1747804923, 1, 1214, 1583, 1563, 27, 10.32%, 0, 0, 7, 12.17
1747804928, 1, 1215, 1583, 1563, 27, 10.32%, 0, 0, 7, 12.37
1747804934, 1, 1216, 1583, 1563, 27, 10.32%, 0, 0, 7, 13.28
1747804939, 1, 1218, 1583, 1563, 27, 10.32%, 0, 0, 7, 12.33
1747804944, 1, 1220, 1583, 1563, 27, 10.32%, 0, 0, 7, 11.13
1747804949, 1, 1222, 1583, 1563, 27, 10.32%, 0, 0, 7, 11.59
1747804954, 1, 1223, 1583, 1563, 27, 10.32%, 0, 0, 7, 12.90
1747805305, 1, 1223, 1584, 1564, 27, 10.32%, 0, 0, 7, 5.58
1747805331, 1, 1223, 1585, 1565, 27, 10.32%, 0, 0, 7, 5.88
1747805336, 1, 1223, 1586, 1566, 27, 10.32%, 0, 0, 7, 5.89
1747805387, 1, 1225, 1586, 1565, 26, 10.32%, 0, 0, 7, 12.51
1747805392, 1, 1229, 1586, 1565, 26, 10.32%, 0, 0, 7, 13.03
1747805397, 1, 1230, 1586, 1565, 26, 10.32%, 0, 0, 7, 12.14
1747805402, 1, 1231, 1586, 1565, 26, 10.32%, 0, 0, 7, 12.27
1747805407, 1, 1232, 1586, 1565, 26, 10.32%, 0, 0, 7, 10.27
1747805412, 1, 1233, 1586, 1565, 26, 10.32%, 0, 0, 7, 11.30
1747805417, 1, 1235, 1586, 1565, 26, 10.32%, 0, 0, 7, 13.64
1747805423, 1, 1236, 1586, 1565, 26, 10.32%, 0, 0, 7, 9.94
1747805428, 1, 1237, 1586, 1565, 26, 10.32%, 0, 0, 7, 10.79
1747805433, 1, 1239, 1586, 1565, 26, 10.32%, 0, 0, 7, 11.72
1747805438, 1, 1242, 1586, 1565, 26, 10.32%, 0, 0, 7, 11.77
1747805443, 1, 1245, 1586, 1565, 26, 10.32%, 0, 0, 7, 10.25
1747805448, 1, 1246, 1586, 1565, 26, 10.32%, 0, 0, 7, 14.19
1747805453, 1, 1247, 1586, 1565, 26, 10.32%, 0, 0, 7, 11.60
1747805459, 1, 1248, 1586, 1565, 26, 10.32%, 0, 0, 7, 11.54
1747805464, 1, 1249, 1586, 1565, 26, 10.32%, 0, 0, 7, 10.71
1747805469, 1, 1250, 1586, 1565, 26, 10.32%, 0, 0, 7, 12.26
1747805474, 1, 1251, 1586, 1565, 26, 10.32%, 0, 0, 7, 10.70
1747805479, 1, 1252, 1586, 1565, 26, 10.32%, 0, 0, 7, 20.33
1747805484, 1, 1254, 1586, 1565, 26, 10.32%, 0, 0, 7, 15.40
1747805490, 1, 1255, 1586, 1565, 26, 10.32%, 0, 0, 7, 13.30
1747805495, 1, 1256, 1586, 1565, 26, 10.32%, 0, 0, 7, 3.37
1747805500, 1, 1257, 1586, 1565, 26, 10.32%, 0, 0, 7, 14.88
1747805505, 1, 1258, 1586, 1565, 26, 10.32%, 0, 0, 7, 17.53
1747805510, 1, 1259, 1587, 1566, 26, 10.32%, 0, 0, 7, 12.85
1747805520, 1, 1259, 1588, 1567, 26, 10.32%, 0, 0, 7, 6.33
1747805530, 1, 1259, 1589, 1568, 26, 10.32%, 0, 0, 7, 5.26
1747805540, 1, 1259, 1590, 1569, 26, 10.32%, 0, 0, 7, 9.30
1747805597, 1, 1259, 1591, 1570, 26, 10.32%, 0, 0, 7, 7.89
1747805633, 1, 1259, 1592, 1571, 26, 10.32%, 0, 0, 7, 5.86
1747805746, 1, 1259, 1593, 1572, 26, 10.32%, 0, 0, 7, 4.83
1747805751, 1, 1259, 1594, 1573, 26, 10.32%, 0, 0, 7, 4.78
1747805891, 1, 1259, 1595, 1574, 26, 10.32%, 0, 0, 7, 5.21
1747806041, 1, 1263, 1595, 1573, 26, 10.32%, 0, 0, 7, 11.94
1747806046, 1, 1264, 1595, 1573, 26, 10.32%, 0, 0, 7, 11.94
1747806056, 1, 1266, 1595, 1573, 26, 10.32%, 0, 0, 7, 11.90
1747806061, 1, 1267, 1595, 1573, 26, 10.32%, 0, 0, 7, 11.57
1747806071, 1, 1269, 1595, 1573, 26, 10.32%, 0, 0, 7, 11.79
1747806077, 1, 1271, 1595, 1573, 26, 10.32%, 0, 0, 7, 11.04
1747806082, 1, 1272, 1595, 1573, 26, 10.32%, 0, 0, 7, 11.50
1747806087, 1, 1273, 1595, 1573, 26, 10.32%, 0, 0, 7, 11.95
1747806092, 1, 1274, 1595, 1573, 26, 10.32%, 0, 0, 7, 14.18
1747806097, 1, 1278, 1595, 1573, 26, 10.32%, 0, 0, 7, 13.23
1747806102, 1, 1279, 1595, 1573, 26, 10.32%, 0, 0, 7, 12.31
1747806107, 1, 1280, 1595, 1573, 26, 10.32%, 0, 0, 7, 12.33
1747806112, 1, 1282, 1595, 1573, 26, 10.32%, 0, 0, 7, 11.46
1747806117, 1, 1283, 1595, 1573, 26, 10.32%, 0, 0, 7, 13.26
1747806123, 1, 1284, 1595, 1573, 26, 10.32%, 0, 0, 7, 11.67
1747806128, 1, 1285, 1595, 1573, 26, 10.32%, 0, 0, 7, 11.17
1747806133, 1, 1287, 1595, 1573, 26, 10.32%, 0, 0, 7, 14.07
1747806138, 1, 1288, 1595, 1573, 26, 10.32%, 0, 0, 7, 13.03
1747806144, 1, 1289, 1595, 1573, 26, 10.32%, 0, 0, 7, 11.64
1747806149, 1, 1290, 1595, 1573, 26, 10.32%, 0, 0, 7, 11.13
1747806154, 1, 1291, 1595, 1573, 26, 10.32%, 0, 0, 7, 11.10
1747806159, 1, 1293, 1595, 1573, 26, 10.32%, 0, 0, 7, 10.61
1747806164, 1, 1295, 1595, 1573, 26, 10.32%, 0, 0, 7, 11.16
1747806169, 1, 1296, 1595, 1573, 26, 10.32%, 0, 0, 7, 10.40
1747806175, 1, 1297, 1595, 1573, 26, 10.32%, 0, 0, 7, 10.38
1747806180, 1, 1298, 1595, 1573, 26, 10.32%, 0, 0, 7, 10.54
1747806185, 1, 1299, 1595, 1573, 26, 10.32%, 0, 0, 7, 10.98
1747806190, 1, 1301, 1595, 1573, 26, 10.32%, 0, 0, 7, 10.81
1747806200, 1, 1304, 1595, 1573, 26, 10.32%, 0, 0, 7, 13.12
1747806205, 1, 1305, 1595, 1573, 26, 10.32%, 0, 0, 7, 11.66
1747806210, 1, 1306, 1595, 1573, 26, 10.32%, 0, 0, 7, 10.36
1747806215, 1, 1307, 1595, 1573, 26, 10.32%, 0, 0, 7, 10.54
1747806221, 1, 1308, 1595, 1573, 26, 10.32%, 0, 0, 7, 11.14
1747806226, 1, 1309, 1595, 1573, 26, 10.32%, 0, 0, 7, 10.70
1747806231, 1, 1310, 1595, 1573, 26, 10.32%, 0, 0, 7, 13.47
1747806236, 1, 1312, 1595, 1573, 26, 10.32%, 0, 0, 7, 16.71
1747806246, 1, 1313, 1595, 1573, 26, 10.32%, 0, 0, 7, 9.53
1747806251, 1, 1314, 1595, 1573, 26, 10.32%, 0, 0, 7, 9.82
1747806257, 1, 1315, 1595, 1573, 26, 10.32%, 0, 0, 7, 9.88
1747806262, 1, 1317, 1595, 1573, 26, 10.32%, 0, 0, 7, 12.11
1747806267, 1, 1319, 1595, 1573, 26, 10.32%, 0, 0, 7, 10.86
1747806272, 1, 1320, 1595, 1573, 26, 10.32%, 0, 0, 7, 11.84
1747806277, 1, 1322, 1595, 1573, 26, 10.32%, 0, 0, 7, 11.03
1747806282, 1, 1324, 1595, 1573, 26, 10.32%, 0, 0, 7, 11.99
1747806287, 1, 1325, 1595, 1573, 26, 10.32%, 0, 0, 7, 10.72
1747806292, 1, 1328, 1595, 1573, 26, 10.32%, 0, 0, 7, 10.99
1747806298, 1, 1329, 1595, 1573, 26, 10.32%, 0, 0, 7, 11.90
1747806303, 1, 1330, 1595, 1573, 26, 10.32%, 0, 0, 7, 11.00
1747806308, 1, 1331, 1595, 1573, 26, 10.32%, 0, 0, 7, 11.48
1747806313, 1, 1332, 1595, 1573, 26, 10.32%, 0, 0, 7, 11.74
1747806318, 1, 1334, 1595, 1573, 26, 10.32%, 0, 0, 7, 10.40
1747806323, 1, 1336, 1595, 1573, 26, 10.32%, 0, 0, 7, 11.58
1747806328, 1, 1338, 1595, 1573, 26, 10.32%, 0, 0, 7, 10.40
1747806334, 1, 1339, 1595, 1573, 26, 10.32%, 0, 0, 7, 10.74
1747806339, 1, 1340, 1595, 1573, 26, 10.32%, 0, 0, 7, 11.04
1747806344, 1, 1341, 1595, 1573, 26, 10.32%, 0, 0, 7, 13.01
1747806349, 1, 1342, 1595, 1573, 26, 10.32%, 0, 0, 7, 11.09
1747806354, 1, 1343, 1595, 1573, 26, 10.32%, 0, 0, 7, 13.03
1747806689, 1, 1343, 1596, 1574, 26, 10.32%, 0, 0, 7, 3.90
1747806725, 1, 1343, 1597, 1575, 26, 10.32%, 0, 0, 7, 3.81
1747806803, 1, 1343, 1599, 1577, 26, 10.32%, 0, 0, 7, 4.29
1747807158, 1, 1344, 1599, 1576, 25, 10.32%, 0, 0, 7, 12.12
1747807163, 1, 1346, 1599, 1576, 25, 10.32%, 0, 0, 7, 11.61
1747807168, 1, 1348, 1599, 1576, 25, 10.32%, 0, 0, 7, 11.20
1747807173, 1, 1349, 1599, 1576, 25, 10.32%, 0, 0, 7, 12.90
1747807178, 1, 1350, 1599, 1576, 25, 10.32%, 0, 0, 7, 11.58
1747807184, 1, 1351, 1599, 1576, 25, 10.32%, 0, 0, 7, 12.34
1747807189, 1, 1352, 1599, 1576, 25, 10.32%, 0, 0, 7, 11.03
1747807194, 1, 1353, 1599, 1576, 25, 10.32%, 0, 0, 7, 11.20
1747807199, 1, 1355, 1599, 1576, 25, 10.32%, 0, 0, 7, 11.24
1747807204, 1, 1356, 1599, 1576, 25, 10.32%, 0, 0, 7, 11.23
1747807209, 1, 1358, 1599, 1576, 25, 10.32%, 0, 0, 7, 10.34
1747807214, 1, 1359, 1599, 1576, 25, 10.32%, 0, 0, 7, 11.04
1747807220, 1, 1360, 1599, 1576, 25, 10.32%, 0, 0, 7, 11.78
1747807225, 1, 1361, 1599, 1576, 25, 10.32%, 0, 0, 7, 11.06
1747807230, 1, 1362, 1599, 1576, 25, 10.32%, 0, 0, 7, 10.53
1747807235, 1, 1363, 1599, 1576, 25, 10.32%, 0, 0, 7, 11.23
1747807240, 1, 1364, 1599, 1576, 25, 10.32%, 0, 0, 7, 11.29
1747807245, 1, 1365, 1599, 1576, 25, 10.32%, 0, 0, 7, 10.93
1747807250, 1, 1368, 1599, 1576, 25, 10.32%, 0, 0, 7, 12.16
1747807256, 1, 1369, 1599, 1576, 25, 10.32%, 0, 0, 7, 11.07
1747807261, 1, 1370, 1599, 1576, 25, 10.32%, 0, 0, 7, 10.16
1747807266, 1, 1372, 1599, 1576, 25, 10.32%, 0, 0, 7, 11.15
1747807271, 1, 1373, 1599, 1576, 25, 10.32%, 0, 0, 7, 10.06
1747807281, 1, 1375, 1599, 1576, 25, 10.32%, 0, 0, 7, 12.32
1747807286, 1, 1377, 1599, 1576, 25, 10.32%, 0, 0, 7, 10.42
1747807291, 1, 1378, 1599, 1576, 25, 10.32%, 0, 0, 7, 9.73
1747807296, 1, 1379, 1599, 1576, 25, 10.32%, 0, 0, 7, 12.17
1747807302, 1, 1380, 1599, 1576, 25, 10.32%, 0, 0, 7, 13.05
1747807307, 1, 1382, 1599, 1576, 25, 10.32%, 0, 0, 7, 13.56
1747807312, 1, 1383, 1599, 1576, 25, 10.32%, 0, 0, 7, 11.59
1747807317, 1, 1384, 1599, 1576, 25, 10.32%, 0, 0, 7, 15.91
1747807322, 1, 1387, 1599, 1576, 25, 10.32%, 0, 0, 7, 14.94
1747807327, 1, 1388, 1599, 1576, 25, 10.32%, 0, 0, 7, 11.53
1747807333, 1, 1389, 1599, 1576, 25, 10.32%, 0, 0, 7, 10.46
1747807338, 1, 1390, 1599, 1576, 25, 10.32%, 0, 0, 7, 11.97
1747807343, 1, 1391, 1599, 1576, 25, 10.32%, 0, 0, 7, 12.33
1747807348, 1, 1394, 1599, 1576, 25, 10.32%, 0, 0, 7, 11.90
1747807353, 1, 1395, 1599, 1576, 25, 10.32%, 0, 0, 7, 12.06
1747807358, 1, 1396, 1599, 1576, 25, 10.32%, 0, 0, 7, 10.06
1747807363, 1, 1397, 1599, 1576, 25, 10.32%, 0, 0, 7, 10.16
1747807369, 1, 1398, 1599, 1576, 25, 10.32%, 0, 0, 7, 11.07
1747807374, 1, 1401, 1599, 1576, 25, 10.32%, 0, 0, 7, 12.29
1747807379, 1, 1402, 1599, 1576, 25, 10.32%, 0, 0, 7, 10.34
1747807384, 1, 1403, 1599, 1576, 25, 10.32%, 0, 0, 7, 11.94
1747807389, 1, 1405, 1599, 1576, 25, 10.32%, 0, 0, 7, 11.77
1747807394, 1, 1406, 1599, 1576, 25, 10.32%, 0, 0, 7, 11.47
1747807399, 1, 1407, 1599, 1576, 25, 10.32%, 0, 0, 7, 11.69
1747807404, 1, 1408, 1599, 1576, 25, 10.32%, 0, 0, 7, 10.90
1747807409, 1, 1409, 1599, 1576, 25, 10.32%, 0, 0, 7, 12.61
1747807415, 1, 1411, 1599, 1576, 25, 10.32%, 0, 0, 7, 12.51
1747807420, 1, 1412, 1599, 1576, 25, 10.32%, 0, 0, 7, 12.45
1747807425, 1, 1414, 1599, 1576, 25, 10.32%, 0, 0, 7, 11.71
1747807430, 1, 1415, 1599, 1576, 25, 10.32%, 0, 0, 7, 10.62
1747807435, 1, 1416, 1599, 1576, 25, 10.32%, 0, 0, 7, 10.40
1747807440, 1, 1417, 1599, 1576, 25, 10.32%, 0, 0, 7, 10.59
1747807445, 1, 1418, 1599, 1576, 25, 10.32%, 0, 0, 7, 11.22
1747807450, 1, 1419, 1599, 1576, 25, 10.32%, 0, 0, 7, 12.24
1747807456, 1, 1420, 1599, 1576, 25, 10.32%, 0, 0, 7, 3.49
1747807461, 1, 1421, 1599, 1576, 25, 10.32%, 0, 0, 7, 6.89
1747807466, 1, 1422, 1599, 1576, 25, 10.32%, 0, 0, 7, 11.41
1747807471, 1, 1423, 1599, 1576, 25, 10.32%, 0, 0, 7, 12.16
1747807476, 1, 1425, 1599, 1576, 25, 10.32%, 0, 0, 7, 12.00
1747807481, 1, 1427, 1599, 1576, 25, 10.32%, 0, 0, 7, 12.36
1747807487, 1, 1429, 1599, 1576, 25, 10.32%, 0, 0, 7, 11.75
1747807492, 1, 1431, 1599, 1576, 25, 10.32%, 0, 0, 7, 10.93
1747807497, 1, 1433, 1599, 1576, 25, 10.32%, 0, 0, 7, 10.45
1747807502, 1, 1434, 1599, 1576, 25, 10.32%, 0, 0, 7, 10.38
1747807507, 1, 1435, 1599, 1576, 25, 10.32%, 0, 0, 7, 10.16
1747807512, 1, 1436, 1599, 1576, 25, 10.32%, 0, 0, 7, 9.84
1747807517, 1, 1437, 1599, 1576, 25, 10.32%, 0, 0, 7, 11.80
1747807523, 1, 1438, 1599, 1576, 25, 10.32%, 0, 0, 7, 11.07
1747807528, 1, 1440, 1599, 1576, 25, 10.32%, 0, 0, 7, 9.78
1747807533, 1, 1441, 1599, 1576, 25, 10.32%, 0, 0, 7, 10.86
1747807538, 1, 1442, 1599, 1576, 25, 10.32%, 0, 0, 7, 12.26
1747807543, 1, 1443, 1599, 1576, 25, 10.32%, 0, 0, 7, 11.72
1747807549, 1, 1445, 1599, 1576, 25, 10.32%, 0, 0, 7, 12.15
1747807554, 1, 1446, 1599, 1576, 25, 10.32%, 0, 0, 7, 11.21
1747807559, 1, 1449, 1599, 1576, 25, 10.32%, 0, 0, 7, 9.64
1747807569, 1, 1450, 1599, 1576, 25, 10.32%, 0, 0, 7, 10.21
1747807574, 1, 1452, 1599, 1576, 25, 10.32%, 0, 0, 7, 11.92
1747807585, 1, 1454, 1599, 1576, 25, 10.32%, 0, 0, 7, 12.12
1747807590, 1, 1455, 1599, 1576, 25, 10.32%, 0, 0, 7, 11.09
1747807595, 1, 1457, 1599, 1576, 25, 10.32%, 0, 0, 7, 11.62
1747807600, 1, 1461, 1599, 1576, 25, 10.32%, 0, 0, 7, 11.89
1747807605, 1, 1462, 1599, 1576, 25, 10.32%, 0, 0, 7, 11.33
1747807610, 1, 1463, 1599, 1576, 25, 10.32%, 0, 0, 7, 10.74
1747807615, 1, 1464, 1599, 1576, 25, 10.32%, 0, 0, 7, 10.83
1747807621, 1, 1467, 1599, 1576, 25, 10.32%, 0, 0, 7, 12.90
1747807626, 1, 1468, 1599, 1576, 25, 10.32%, 0, 0, 7, 10.97
1747807631, 1, 1469, 1599, 1576, 25, 10.32%, 0, 0, 7, 12.34
1747807636, 1, 1470, 1599, 1576, 25, 10.32%, 0, 0, 7, 12.62
1747807641, 1, 1471, 1599, 1576, 25, 10.32%, 0, 0, 7, 12.49
1747807646, 1, 1473, 1599, 1576, 25, 10.32%, 0, 0, 7, 10.69
1747807651, 1, 1475, 1599, 1576, 25, 10.32%, 0, 0, 7, 10.43
1747807656, 1, 1476, 1599, 1576, 25, 10.32%, 0, 0, 7, 10.41
1747807661, 1, 1479, 1599, 1576, 25, 10.32%, 0, 0, 7, 11.73
1747807667, 1, 1480, 1599, 1576, 25, 10.32%, 0, 0, 7, 11.33
1747807672, 1, 1481, 1599, 1576, 25, 10.32%, 0, 0, 7, 12.11
1747807677, 1, 1482, 1599, 1576, 25, 10.32%, 0, 0, 7, 11.92
1747807682, 1, 1483, 1599, 1576, 25, 10.32%, 0, 0, 7, 12.39
1747807687, 1, 1484, 1599, 1576, 25, 10.32%, 0, 0, 7, 12.72
1747807692, 1, 1485, 1599, 1576, 25, 10.32%, 0, 0, 7, 11.41
1747807697, 1, 1486, 1600, 1577, 25, 10.32%, 0, 0, 7, 7.08
1747807708, 1, 1487, 1600, 1577, 25, 10.32%, 0, 0, 7, 11.46
1747807713, 1, 1488, 1600, 1577, 25, 10.32%, 0, 0, 7, 12.50
1747807718, 1, 1489, 1600, 1577, 25, 10.32%, 0, 0, 7, 12.38
1747807723, 1, 1490, 1600, 1577, 25, 10.32%, 0, 0, 7, 11.20
1747807728, 1, 1491, 1600, 1577, 25, 10.32%, 0, 0, 7, 10.22
1747807734, 1, 1492, 1600, 1577, 25, 10.32%, 0, 0, 7, 9.77
1747807739, 1, 1493, 1600, 1577, 25, 10.32%, 0, 0, 7, 11.28
1747807744, 1, 1494, 1600, 1577, 25, 10.32%, 0, 0, 7, 10.33
1747807749, 1, 1496, 1600, 1577, 25, 10.32%, 0, 0, 7, 10.83
1747807754, 1, 1497, 1600, 1577, 25, 10.32%, 0, 0, 7, 2.00
1747807759, 1, 1499, 1600, 1577, 25, 10.32%, 0, 0, 7, 15.68
1747807764, 1, 1501, 1600, 1577, 25, 10.32%, 0, 0, 7, 13.76
1747807770, 1, 1503, 1600, 1577, 25, 10.32%, 0, 0, 7, 13.16
1747807775, 1, 1504, 1600, 1577, 25, 10.32%, 0, 0, 7, 11.07
1747807780, 1, 1505, 1600, 1577, 25, 10.32%, 0, 0, 7, 12.20
1747807785, 1, 1506, 1600, 1577, 25, 10.32%, 0, 0, 7, 13.00
1747807790, 1, 1507, 1600, 1577, 25, 10.32%, 0, 0, 7, 10.67
1747807795, 1, 1509, 1600, 1577, 25, 10.32%, 0, 0, 7, 11.71
1747807800, 1, 1510, 1600, 1577, 25, 10.32%, 0, 0, 7, 10.15
1747807806, 1, 1511, 1600, 1577, 25, 10.32%, 0, 0, 7, 10.94
1747807811, 1, 1512, 1600, 1577, 25, 10.32%, 0, 0, 7, 11.69
1747807816, 1, 1513, 1600, 1577, 25, 10.32%, 0, 0, 7, 11.18
1747807821, 1, 1515, 1600, 1577, 25, 10.32%, 0, 0, 7, 12.64
1747807826, 1, 1516, 1600, 1577, 25, 10.32%, 0, 0, 7, 11.44
1747807831, 1, 1517, 1600, 1577, 25, 10.32%, 0, 0, 7, 9.29
1747807841, 1, 1520, 1600, 1577, 25, 10.32%, 0, 0, 7, 10.57
1747807847, 1, 1521, 1600, 1577, 25, 10.32%, 0, 0, 7, 10.52
1747807852, 1, 1522, 1600, 1577, 25, 10.32%, 0, 0, 7, 10.62
1747807857, 1, 1523, 1600, 1577, 25, 10.32%, 0, 0, 7, 10.55
1747807862, 1, 1525, 1600, 1577, 25, 10.32%, 0, 0, 7, 10.00
1747807867, 1, 1527, 1600, 1577, 25, 10.32%, 0, 0, 7, 11.16
1747807873, 1, 1528, 1600, 1577, 25, 10.32%, 0, 0, 7, 10.64
1747807878, 1, 1530, 1600, 1577, 25, 10.32%, 0, 0, 7, 13.54
1747807883, 1, 1531, 1600, 1577, 25, 10.32%, 0, 0, 7, 11.87
1747807888, 1, 1532, 1600, 1577, 25, 10.32%, 0, 0, 7, 12.37
1747807893, 1, 1533, 1600, 1577, 25, 10.32%, 0, 0, 7, 12.34
1747807898, 1, 1534, 1600, 1577, 25, 10.32%, 0, 0, 7, 11.58
1747807903, 1, 1537, 1600, 1577, 25, 10.32%, 0, 0, 7, 11.11
1747807908, 1, 1538, 1600, 1577, 25, 10.32%, 0, 0, 7, 12.16
1747807914, 1, 1544, 1600, 1577, 25, 10.32%, 0, 0, 7, 10.75
1747807919, 1, 1545, 1600, 1577, 25, 10.32%, 0, 0, 7, 10.66
1747807924, 1, 1546, 1600, 1577, 25, 10.32%, 0, 0, 7, 11.25
1747807929, 1, 1547, 1600, 1577, 25, 10.32%, 0, 0, 7, 10.42
1747807935, 1, 1548, 1600, 1577, 25, 10.32%, 0, 0, 7, 10.92
1747807940, 1, 1550, 1600, 1577, 25, 10.32%, 0, 0, 7, 10.75
1747807945, 1, 1551, 1600, 1577, 25, 10.32%, 0, 0, 7, 12.13
1747807950, 1, 1552, 1600, 1577, 25, 10.32%, 0, 0, 7, 11.78
1747807955, 1, 1553, 1600, 1577, 25, 10.32%, 0, 0, 7, 10.02
1747807961, 1, 1554, 1600, 1577, 25, 10.32%, 0, 0, 7, 11.61
1747807966, 1, 1555, 1600, 1577, 25, 10.32%, 0, 0, 7, 11.63
1747807971, 1, 1556, 1600, 1577, 25, 10.32%, 0, 0, 7, 10.22
1747807976, 1, 1557, 1600, 1577, 25, 10.32%, 0, 0, 7, 7.10
1747808065, 1, 1557, 1601, 1578, 25, 10.32%, 0, 0, 7, 2.26
1747808075, 1, 1557, 1603, 1580, 25, 10.32%, 0, 0, 7, 2.31
1747808091, 1, 1557, 1604, 1581, 25, 10.32%, 0, 0, 7, 3.42
1747808148, 1, 1557, 1605, 1582, 25, 10.34%, 0, 0, 7, 3.66
1747808153, 1, 1557, 1606, 1583, 25, 10.34%, 0, 0, 7, 3.72
1747808163, 1, 1557, 1607, 1584, 25, 10.34%, 0, 0, 7, 3.69
1747808168, 1, 1557, 1608, 1585, 25, 10.34%, 0, 0, 7, 3.73
1747808230, 1, 1557, 1610, 1587, 25, 10.34%, 0, 0, 7, 3.82
1747808440, 1, 1557, 1611, 1588, 25, 10.34%, 0, 0, 7, 4.76
1747808610, 1, 1557, 1612, 1589, 25, 10.34%, 0, 0, 7, 3.53
1747808615, 1, 1557, 1613, 1590, 25, 10.34%, 0, 0, 7, 3.57
1747808625, 1, 1557, 1615, 1592, 25, 10.34%, 0, 0, 7, 3.83
1747809052, 1, 1557, 1616, 1593, 25, 10.34%, 0, 0, 7, 2.63
1747809209, 1, 1557, 1617, 1594, 25, 10.34%, 0, 0, 7, 2.22
1747809215, 1, 1557, 1618, 1595, 25, 10.34%, 0, 0, 7, 2.15
1747809506, 1, 1557, 1619, 1596, 25, 10.36%, 0, 0, 7, 3.35
1747809542, 1, 1557, 1620, 1597, 25, 10.36%, 0, 0, 7, 3.92
1747809614, 1, 1559, 1620, 1596, 25, 10.36%, 0, 0, 7, 18.09
1747809619, 1, 1563, 1620, 1596, 25, 10.36%, 0, 0, 7, 17.25
1747809624, 1, 1566, 1620, 1596, 25, 10.36%, 0, 0, 7, 18.84
1747809629, 1, 1567, 1620, 1596, 25, 10.36%, 0, 0, 7, 17.06
1747809634, 1, 1570, 1620, 1596, 25, 10.36%, 0, 0, 7, 15.17
1747809639, 1, 1572, 1620, 1596, 25, 10.36%, 0, 0, 7, 19.14
1747809644, 1, 1575, 1620, 1596, 25, 10.36%, 0, 0, 7, 19.29
1747809649, 1, 1578, 1620, 1596, 25, 10.36%, 0, 0, 7, 19.56
1747809655, 1, 1579, 1620, 1596, 25, 10.36%, 0, 0, 7, 17.77
1747809660, 1, 1583, 1620, 1596, 25, 10.36%, 0, 0, 7, 16.15
1747809665, 1, 1587, 1620, 1596, 25, 10.36%, 0, 0, 7, 18.35
1747809670, 1, 1589, 1620, 1596, 25, 10.36%, 0, 0, 7, 16.95
1747809675, 1, 1591, 1620, 1596, 25, 10.36%, 0, 0, 7, 18.03
1747809680, 1, 1595, 1620, 1596, 25, 10.36%, 0, 0, 7, 18.53
1747809686, 1, 1597, 1621, 1597, 25, 10.36%, 0, 0, 7, 13.53
1747809691, 1, 1598, 1621, 1597, 26, 10.36%, 0, 0, 7, 18.41
1747809696, 1, 1600, 1621, 1597, 26, 10.36%, 0, 0, 7, 20.13
1747809701, 1, 1602, 1621, 1597, 26, 10.36%, 0, 0, 7, 16.43
1747809706, 1, 1604, 1621, 1597, 26, 10.36%, 0, 0, 7, 16.59
1747809711, 1, 1607, 1621, 1597, 26, 10.36%, 0, 0, 7, 17.60
1747809716, 1, 1609, 1621, 1597, 26, 10.36%, 0, 0, 7, 20.27
1747809721, 1, 1611, 1621, 1597, 26, 10.36%, 0, 0, 7, 18.99
1747809726, 1, 1612, 1621, 1597, 26, 10.36%, 0, 0, 7, 17.69
1747809731, 1, 1615, 1621, 1597, 26, 10.36%, 0, 0, 7, 19.62
1747809736, 1, 1617, 1621, 1597, 26, 10.36%, 0, 0, 7, 17.40
1747809742, 1, 1620, 1621, 1597, 26, 10.36%, 0, 0, 7, 21.23
1747809747, 2, 1, 1621, 1597, 26, 10.36%, 0, 0, 7, 21.12
1747809752, 2, 3, 1621, 1597, 26, 10.36%, 0, 0, 7, 18.76
1747809757, 2, 5, 1621, 1597, 26, 10.36%, 0, 0, 7, 18.24
1747809762, 2, 6, 1621, 1597, 26, 10.36%, 0, 0, 7, 15.62
1747809768, 2, 8, 1621, 1597, 26, 10.36%, 0, 0, 7, 19.46
1747809773, 2, 12, 1621, 1597, 26, 10.36%, 0, 0, 7, 17.25
1747809778, 2, 14, 1621, 1597, 26, 10.36%, 0, 0, 7, 19.23
1747809783, 2, 15, 1621, 1597, 26, 10.36%, 0, 0, 7, 16.84
1747809788, 2, 17, 1621, 1597, 26, 10.36%, 0, 0, 7, 16.63
1747809793, 2, 18, 1622, 1598, 26, 10.36%, 0, 0, 7, 19.76
1747809798, 2, 20, 1622, 1598, 26, 10.36%, 0, 0, 7, 18.49
1747809803, 2, 22, 1622, 1598, 26, 10.36%, 0, 0, 7, 17.49
1747809809, 2, 25, 1622, 1598, 26, 10.36%, 0, 0, 7, 17.76
1747809814, 2, 27, 1622, 1598, 26, 10.36%, 0, 0, 7, 17.08
1747809819, 2, 28, 1622, 1598, 26, 10.36%, 0, 0, 7, 18.36
1747809824, 2, 31, 1622, 1598, 26, 10.36%, 0, 0, 7, 20.64
1747809829, 2, 34, 1622, 1598, 26, 10.36%, 0, 0, 7, 17.31
1747809834, 2, 40, 1622, 1598, 26, 10.36%, 0, 0, 7, 16.68
1747809840, 2, 41, 1622, 1598, 26, 10.36%, 0, 0, 7, 16.55
1747809845, 2, 44, 1622, 1598, 26, 10.36%, 0, 0, 7, 18.01
1747809850, 2, 47, 1622, 1598, 26, 10.36%, 0, 0, 7, 19.69
1747809855, 2, 50, 1622, 1598, 26, 10.36%, 0, 0, 7, 20.06
1747809860, 2, 53, 1622, 1598, 26, 10.36%, 0, 0, 7, 20.01
1747809866, 2, 56, 1622, 1598, 26, 10.36%, 0, 0, 7, 18.82
1747809871, 2, 59, 1622, 1598, 26, 10.36%, 0, 0, 7, 20.21
1747809876, 2, 66, 1622, 1598, 26, 10.36%, 0, 0, 7, 21.91
1747809881, 2, 69, 1622, 1598, 26, 10.36%, 0, 0, 7, 19.71
1747809886, 2, 73, 1622, 1598, 26, 10.36%, 0, 0, 7, 18.49
1747809891, 2, 74, 1622, 1598, 26, 10.36%, 0, 0, 7, 16.84
1747809896, 2, 76, 1622, 1598, 26, 10.36%, 0, 0, 7, 17.19
1747809901, 2, 78, 1622, 1598, 26, 10.36%, 0, 0, 7, 18.36
1747809906, 2, 80, 1622, 1598, 26, 10.36%, 0, 0, 7, 26.89
1747809927, 2, 80, 1623, 1599, 26, 10.36%, 0, 0, 7, 38.44
1747809952, 2, 81, 1623, 1598, 26, 10.36%, 0, 0, 7, 36.37
1747809957, 2, 83, 1623, 1598, 26, 10.36%, 0, 0, 7, 21.59
1747809962, 2, 85, 1623, 1598, 26, 10.36%, 0, 0, 7, 18.18
1747809968, 2, 86, 1624, 1599, 26, 10.36%, 0, 0, 7, 14.65
1747809973, 2, 87, 1624, 1599, 26, 10.36%, 0, 0, 7, 17.38
1747809978, 2, 91, 1624, 1599, 26, 10.36%, 0, 0, 7, 18.76
1747809983, 2, 93, 1624, 1599, 26, 10.36%, 0, 0, 7, 16.52
1747809988, 2, 94, 1624, 1599, 26, 10.36%, 0, 0, 7, 18.39
1747809993, 2, 96, 1624, 1599, 26, 10.36%, 0, 0, 7, 18.10
1747809998, 2, 98, 1624, 1599, 26, 10.36%, 0, 0, 7, 17.29
1747810004, 2, 100, 1624, 1599, 26, 10.36%, 0, 0, 7, 18.41
1747810009, 2, 102, 1624, 1599, 26, 10.36%, 0, 0, 7, 17.78
1747810014, 2, 104, 1624, 1599, 26, 10.36%, 0, 0, 7, 18.67
1747810019, 2, 110, 1624, 1599, 26, 10.36%, 0, 0, 7, 19.74
1747810024, 2, 111, 1624, 1599, 26, 10.36%, 0, 0, 7, 19.07
1747810029, 2, 113, 1624, 1599, 26, 10.36%, 0, 0, 7, 18.05
1747810034, 2, 116, 1624, 1599, 26, 10.36%, 0, 0, 7, 19.89
1747810040, 2, 118, 1624, 1599, 26, 10.36%, 0, 0, 7, 18.10
1747810045, 2, 119, 1625, 1600, 26, 10.36%, 0, 0, 7, 13.15
1747810055, 2, 121, 1625, 1600, 26, 10.36%, 0, 0, 7, 19.48
1747810060, 2, 123, 1625, 1600, 26, 10.36%, 0, 0, 7, 18.04
1747810065, 2, 123, 1626, 1601, 26, 10.36%, 0, 0, 7, 14.70
1747810070, 2, 124, 1626, 1601, 26, 10.36%, 0, 0, 7, 11.82
1747810076, 2, 126, 1626, 1601, 26, 10.36%, 0, 0, 7, 17.44
1747810081, 2, 127, 1626, 1601, 26, 10.36%, 0, 0, 7, 15.81
1747810086, 2, 128, 1626, 1601, 26, 10.36%, 0, 0, 7, 11.79
1747810091, 2, 130, 1626, 1601, 26, 10.36%, 0, 0, 7, 12.82
1747810096, 2, 131, 1626, 1601, 26, 10.36%, 0, 0, 7, 11.47
1747810101, 2, 132, 1626, 1601, 26, 10.36%, 0, 0, 7, 12.49
1747810106, 2, 133, 1626, 1601, 26, 10.36%, 0, 0, 7, 12.74
1747810111, 2, 135, 1626, 1601, 26, 10.36%, 0, 0, 7, 10.29
1747810116, 2, 136, 1626, 1601, 26, 10.36%, 0, 0, 7, 10.23
1747810122, 2, 137, 1626, 1601, 26, 10.36%, 0, 0, 7, 8.06
1747810127, 2, 138, 1626, 1601, 26, 10.36%, 0, 0, 7, 9.16
1747810132, 2, 139, 1626, 1601, 26, 10.36%, 0, 0, 7, 11.29
1747810137, 2, 140, 1626, 1601, 26, 10.36%, 0, 0, 7, 10.84
1747810143, 2, 141, 1626, 1601, 26, 10.36%, 0, 0, 7, 9.57
1747810148, 2, 144, 1626, 1601, 26, 10.36%, 0, 0, 7, 11.22
1747810153, 2, 145, 1626, 1601, 26, 10.36%, 0, 0, 7, 10.01
1747810158, 2, 147, 1626, 1601, 26, 10.36%, 0, 0, 7, 11.05
1747810163, 2, 148, 1626, 1601, 26, 10.36%, 0, 0, 7, 11.16
1747810168, 2, 150, 1626, 1601, 26, 10.36%, 0, 0, 7, 12.48
1747810174, 2, 150, 1627, 1602, 26, 10.37%, 0, 0, 7, 2.03
1747810184, 2, 151, 1627, 1602, 27, 10.37%, 0, 0, 7, 10.56
1747810189, 2, 152, 1627, 1602, 27, 10.37%, 0, 0, 7, 10.71
1747810194, 2, 155, 1627, 1602, 27, 10.37%, 0, 0, 7, 11.82
1747810199, 2, 156, 1627, 1602, 27, 10.37%, 0, 0, 7, 11.64
1747810205, 2, 157, 1627, 1602, 27, 10.37%, 0, 0, 7, 10.78
1747810210, 2, 158, 1627, 1602, 27, 10.37%, 0, 0, 7, 11.72
1747810215, 2, 161, 1627, 1602, 27, 10.37%, 0, 0, 7, 12.70
1747810220, 2, 162, 1627, 1602, 27, 10.37%, 0, 0, 7, 12.51
1747810225, 2, 164, 1627, 1602, 27, 10.37%, 0, 0, 7, 12.15
1747810230, 2, 165, 1627, 1602, 27, 10.37%, 0, 0, 7, 9.88
1747810236, 2, 166, 1627, 1602, 27, 10.37%, 0, 0, 7, 10.70
1747810241, 2, 168, 1627, 1602, 27, 10.37%, 0, 0, 7, 10.65
1747810246, 2, 169, 1627, 1602, 27, 10.37%, 0, 0, 7, 11.15
1747810251, 2, 170, 1627, 1602, 27, 10.37%, 0, 0, 7, 10.46
1747810256, 2, 171, 1627, 1602, 27, 10.37%, 0, 0, 7, 12.72
1747810261, 2, 172, 1627, 1602, 27, 10.37%, 0, 0, 7, 12.41
1747810266, 2, 173, 1627, 1602, 27, 10.37%, 0, 0, 7, 10.93
1747810271, 2, 175, 1627, 1602, 27, 10.37%, 0, 0, 7, 12.60
1747810276, 2, 177, 1627, 1602, 27, 10.37%, 0, 0, 7, 11.99
1747810281, 2, 178, 1627, 1602, 27, 10.37%, 0, 0, 7, 13.21
1747810287, 2, 179, 1627, 1602, 27, 10.37%, 0, 0, 7, 13.65
1747810292, 2, 180, 1627, 1602, 27, 10.37%, 0, 0, 7, 12.02
1747810297, 2, 182, 1627, 1602, 27, 10.37%, 0, 0, 7, 11.96
1747810302, 2, 183, 1627, 1602, 27, 10.37%, 0, 0, 7, 11.48
1747810308, 2, 185, 1627, 1602, 27, 10.37%, 0, 0, 7, 10.79
1747810313, 2, 186, 1627, 1602, 27, 10.37%, 0, 0, 7, 10.59
1747810318, 2, 187, 1627, 1602, 27, 10.37%, 0, 0, 7, 10.67
1747810323, 2, 189, 1627, 1602, 27, 10.37%, 0, 0, 7, 9.81
1747810328, 2, 190, 1627, 1602, 27, 10.37%, 0, 0, 7, 10.46
1747810333, 2, 192, 1627, 1602, 27, 10.37%, 0, 0, 7, 2.89
1747810338, 2, 193, 1627, 1602, 27, 10.37%, 0, 0, 7, 5.39
1747810344, 2, 194, 1627, 1602, 27, 10.37%, 0, 0, 7, 8.67
1747810349, 2, 195, 1627, 1602, 27, 10.37%, 0, 0, 7, 10.96
1747810354, 2, 197, 1627, 1602, 27, 10.37%, 0, 0, 7, 10.47
1747810359, 2, 199, 1627, 1602, 27, 10.37%, 0, 0, 7, 10.91
1747810364, 2, 200, 1627, 1602, 27, 10.37%, 0, 0, 7, 10.20
1747810369, 2, 201, 1627, 1602, 27, 10.37%, 0, 0, 7, 9.57
1747810375, 2, 202, 1627, 1602, 27, 10.37%, 0, 0, 7, 10.07
1747810380, 2, 203, 1627, 1602, 27, 10.37%, 0, 0, 7, 10.26
1747810385, 2, 204, 1627, 1602, 27, 10.37%, 0, 0, 7, 10.42
1747810390, 2, 205, 1627, 1602, 27, 10.37%, 0, 0, 7, 10.71
1747810395, 2, 207, 1627, 1602, 27, 10.37%, 0, 0, 7, 9.61
1747810400, 2, 208, 1627, 1602, 27, 10.37%, 0, 0, 7, 9.80
1747810405, 2, 209, 1627, 1602, 27, 10.37%, 0, 0, 7, 11.33
1747810410, 2, 210, 1627, 1602, 27, 10.37%, 0, 0, 7, 12.89
1747810416, 2, 211, 1627, 1602, 27, 10.37%, 0, 0, 7, 10.35
1747810421, 2, 212, 1627, 1602, 27, 10.37%, 0, 0, 7, 12.01
1747810426, 2, 214, 1627, 1602, 27, 10.37%, 0, 0, 7, 10.59
1747810431, 2, 215, 1627, 1602, 27, 10.37%, 0, 0, 7, 9.77
1747810436, 2, 216, 1627, 1602, 27, 10.37%, 0, 0, 7, 9.47
1747810442, 2, 217, 1627, 1602, 27, 10.37%, 0, 0, 7, 10.79
1747810447, 2, 218, 1627, 1602, 27, 10.37%, 0, 0, 7, 10.42
1747810452, 2, 219, 1627, 1602, 27, 10.37%, 0, 0, 7, 10.26
1747810457, 2, 220, 1627, 1602, 27, 10.37%, 0, 0, 7, 10.72
1747810463, 2, 222, 1627, 1602, 27, 10.37%, 0, 0, 7, 10.42
1747810468, 2, 223, 1627, 1602, 27, 10.37%, 0, 0, 7, 9.57
1747810473, 2, 224, 1627, 1602, 27, 10.37%, 0, 0, 7, 10.53
1747810478, 2, 225, 1627, 1602, 27, 10.37%, 0, 0, 7, 10.78
1747810483, 2, 226, 1627, 1602, 27, 10.37%, 0, 0, 7, 9.55
1747810489, 2, 227, 1627, 1602, 27, 10.37%, 0, 0, 7, 9.72
1747810494, 2, 228, 1627, 1602, 27, 10.37%, 0, 0, 7, 9.86
1747810499, 2, 229, 1627, 1602, 27, 10.37%, 0, 0, 7, 8.75
1747810504, 2, 230, 1627, 1602, 27, 10.37%, 0, 0, 7, 9.72
1747810509, 2, 231, 1627, 1602, 27, 10.37%, 0, 0, 7, 9.71
1747810515, 2, 234, 1627, 1602, 27, 10.37%, 0, 0, 7, 11.39
1747810520, 2, 235, 1627, 1602, 27, 10.37%, 0, 0, 7, 9.64
1747810525, 2, 236, 1627, 1602, 27, 10.37%, 0, 0, 7, 10.09
1747810530, 2, 237, 1627, 1602, 27, 10.37%, 0, 0, 7, 9.62
1747810535, 2, 239, 1627, 1602, 27, 10.37%, 0, 0, 7, 9.58
1747810540, 2, 241, 1627, 1602, 27, 10.37%, 0, 0, 7, 8.75
1747810550, 2, 242, 1627, 1602, 27, 10.37%, 0, 0, 7, 10.06
1747810555, 2, 243, 1627, 1602, 27, 10.37%, 0, 0, 7, 11.56
1747810560, 2, 245, 1627, 1602, 27, 10.37%, 0, 0, 7, 11.82
1747810570, 2, 247, 1627, 1602, 27, 10.37%, 0, 0, 7, 12.13
1747810576, 2, 248, 1627, 1602, 27, 10.37%, 0, 0, 7, 10.53
1747810586, 2, 249, 1628, 1603, 27, 10.37%, 0, 0, 7, 8.11
1747810596, 2, 250, 1628, 1603, 27, 10.37%, 0, 0, 7, 10.25
1747810601, 2, 251, 1628, 1603, 27, 10.37%, 0, 0, 7, 11.60
1747810607, 2, 252, 1629, 1604, 27, 10.37%, 0, 0, 7, 10.47
1747810617, 2, 253, 1629, 1604, 27, 10.37%, 0, 0, 7, 12.04
1747810622, 2, 255, 1629, 1604, 27, 10.37%, 0, 0, 7, 12.27
1747810627, 2, 258, 1629, 1604, 27, 10.37%, 0, 0, 7, 12.85
1747810632, 2, 259, 1629, 1604, 27, 10.37%, 0, 0, 7, 10.76
1747810638, 2, 260, 1629, 1604, 27, 10.37%, 0, 0, 7, 11.82
1747810643, 2, 262, 1629, 1604, 27, 10.37%, 0, 0, 7, 12.88
1747810648, 2, 263, 1629, 1604, 27, 10.37%, 0, 0, 7, 12.54
1747810653, 2, 264, 1629, 1604, 27, 10.37%, 0, 0, 7, 11.59
1747810658, 2, 265, 1629, 1604, 27, 10.37%, 0, 0, 7, 10.91
1747810663, 2, 267, 1629, 1604, 27, 10.37%, 0, 0, 7, 9.36
1747810668, 2, 268, 1629, 1604, 27, 10.37%, 0, 0, 7, 10.97
1747810674, 2, 269, 1629, 1604, 27, 10.37%, 0, 0, 7, 10.42
1747810679, 2, 270, 1629, 1604, 27, 10.37%, 0, 0, 7, 9.63
1747810684, 2, 272, 1629, 1604, 27, 10.37%, 0, 0, 7, 12.62
1747810690, 2, 273, 1629, 1604, 27, 10.37%, 0, 0, 7, 11.81
1747810695, 2, 274, 1629, 1604, 27, 10.37%, 0, 0, 7, 10.40
1747810700, 2, 275, 1629, 1604, 27, 10.37%, 0, 0, 7, 11.43
1747810705, 2, 276, 1629, 1604, 27, 10.37%, 0, 0, 7, 11.31
1747810710, 2, 277, 1629, 1604, 27, 10.37%, 0, 0, 7, 11.06
1747810715, 2, 278, 1629, 1604, 27, 10.37%, 0, 0, 7, 12.19
1747810720, 2, 281, 1629, 1604, 27, 10.37%, 0, 0, 7, 11.06
1747810725, 2, 283, 1629, 1604, 27, 10.37%, 0, 0, 7, 11.56
1747810730, 2, 285, 1629, 1604, 27, 10.37%, 0, 0, 7, 10.97
1747810736, 2, 285, 1630, 1605, 27, 10.37%, 0, 0, 7, 11.16
1747810741, 2, 286, 1630, 1605, 27, 10.37%, 0, 0, 7, 10.57
1747810746, 2, 288, 1630, 1605, 27, 10.37%, 0, 0, 7, 12.50
1747810751, 2, 289, 1630, 1605, 27, 10.37%, 0, 0, 7, 9.93
1747810761, 2, 290, 1630, 1605, 27, 10.37%, 0, 0, 7, 9.71
1747810767, 2, 291, 1630, 1605, 27, 10.37%, 0, 0, 7, 10.76
1747810772, 2, 292, 1630, 1605, 27, 10.37%, 0, 0, 7, 10.26
1747810777, 2, 293, 1630, 1605, 27, 10.37%, 0, 0, 7, 10.11
1747810782, 2, 294, 1630, 1605, 27, 10.37%, 0, 0, 7, 11.02
1747810787, 2, 295, 1630, 1605, 27, 10.37%, 0, 0, 7, 10.54
1747810792, 2, 296, 1630, 1605, 27, 10.37%, 0, 0, 7, 9.05
1747810797, 2, 298, 1630, 1605, 27, 10.37%, 0, 0, 7, 8.62
1747810802, 2, 299, 1630, 1605, 27, 10.37%, 0, 0, 7, 10.85
1747810807, 2, 300, 1630, 1605, 27, 10.37%, 0, 0, 7, 11.67
1747810813, 2, 301, 1630, 1605, 27, 10.37%, 0, 0, 7, 9.82
1747810818, 2, 302, 1630, 1605, 27, 10.37%, 0, 0, 7, 9.73
1747810823, 2, 304, 1630, 1605, 27, 10.37%, 0, 0, 7, 11.31
1747810828, 2, 304, 1631, 1606, 27, 10.37%, 0, 0, 7, 9.80
1747810839, 2, 305, 1631, 1606, 27, 10.37%, 0, 0, 7, 9.76
1747810844, 2, 309, 1631, 1606, 27, 10.37%, 0, 0, 7, 9.64
1747810849, 2, 310, 1631, 1606, 27, 10.37%, 0, 0, 7, 11.11
1747810854, 2, 311, 1631, 1606, 27, 10.37%, 0, 0, 7, 10.74
1747810860, 2, 313, 1631, 1606, 27, 10.37%, 0, 0, 7, 11.97
1747810865, 2, 314, 1631, 1606, 27, 10.37%, 0, 0, 7, 11.91
1747810870, 2, 315, 1631, 1606, 27, 10.37%, 0, 0, 7, 11.51
1747810875, 2, 318, 1631, 1606, 27, 10.37%, 0, 0, 7, 12.10
1747810880, 2, 323, 1631, 1606, 27, 10.37%, 0, 0, 7, 10.90
1747810886, 2, 324, 1631, 1606, 27, 10.37%, 0, 0, 7, 11.74
1747810891, 2, 325, 1631, 1606, 27, 10.37%, 0, 0, 7, 11.26
1747810896, 2, 326, 1631, 1606, 27, 10.37%, 0, 0, 7, 12.61
1747810901, 2, 327, 1631, 1606, 27, 10.37%, 0, 0, 7, 15.10
1747810906, 2, 330, 1631, 1606, 27, 10.37%, 0, 0, 7, 15.10
1747810911, 2, 331, 1631, 1606, 27, 10.37%, 0, 0, 7, 13.87
1747810916, 2, 333, 1631, 1606, 27, 10.37%, 0, 0, 7, 12.32
1747810922, 2, 334, 1631, 1606, 27, 10.37%, 0, 0, 7, 10.61
1747810927, 2, 335, 1631, 1606, 27, 10.37%, 0, 0, 7, 12.49
1747810932, 2, 338, 1631, 1606, 27, 10.37%, 0, 0, 7, 11.78
1747810937, 2, 339, 1631, 1606, 27, 10.37%, 0, 0, 7, 6.66
1747810942, 2, 340, 1631, 1606, 27, 10.37%, 0, 0, 7, 8.21
1747810948, 2, 341, 1631, 1606, 27, 10.37%, 0, 0, 7, 9.32
1747810953, 2, 342, 1631, 1606, 27, 10.37%, 0, 0, 7, 11.51
1747810958, 2, 343, 1631, 1606, 27, 10.37%, 0, 0, 7, 10.30
1747810963, 2, 344, 1631, 1606, 27, 10.37%, 0, 0, 7, 9.39
1747810968, 2, 346, 1631, 1606, 27, 10.37%, 0, 0, 7, 12.64
1747810973, 2, 352, 1631, 1606, 27, 10.37%, 0, 0, 7, 13.03
1747810978, 2, 353, 1631, 1606, 27, 10.37%, 0, 0, 7, 7.18
1747810983, 2, 354, 1631, 1606, 27, 10.37%, 0, 0, 7, 10.24
1747810988, 2, 356, 1631, 1606, 27, 10.37%, 0, 0, 7, 10.84
1747810994, 2, 358, 1631, 1606, 27, 10.37%, 0, 0, 7, 14.16
1747810999, 2, 360, 1631, 1606, 27, 10.37%, 0, 0, 7, 11.84
1747811004, 2, 361, 1631, 1606, 27, 10.37%, 0, 0, 7, 14.51
1747811009, 2, 363, 1631, 1606, 27, 10.37%, 0, 0, 7, 12.54
1747811014, 2, 364, 1631, 1606, 27, 10.37%, 0, 0, 7, 7.47
1747811019, 2, 365, 1631, 1606, 27, 10.37%, 0, 0, 7, 9.37
1747811025, 2, 367, 1631, 1606, 27, 10.37%, 0, 0, 7, 11.56
1747811030, 2, 368, 1631, 1606, 27, 10.37%, 0, 0, 7, 12.89
1747811035, 2, 369, 1631, 1606, 27, 10.37%, 0, 0, 7, 10.35
1747811040, 2, 370, 1631, 1606, 27, 10.37%, 0, 0, 7, 12.06
1747811045, 2, 371, 1631, 1606, 27, 10.37%, 0, 0, 7, 12.08
1747811050, 2, 373, 1631, 1606, 27, 10.37%, 0, 0, 7, 11.26
1747811056, 2, 376, 1631, 1606, 27, 10.37%, 0, 0, 7, 11.33
1747811061, 2, 377, 1631, 1606, 27, 10.37%, 0, 0, 7, 12.13
1747811066, 2, 378, 1631, 1606, 27, 10.37%, 0, 0, 7, 11.27
1747811071, 2, 379, 1631, 1606, 27, 10.37%, 0, 0, 7, 9.84
1747811076, 2, 380, 1631, 1606, 27, 10.37%, 0, 0, 7, 10.17
1747811081, 2, 381, 1631, 1606, 27, 10.37%, 0, 0, 7, 11.27
1747811086, 2, 382, 1631, 1606, 27, 10.37%, 0, 0, 7, 11.15
1747811092, 2, 385, 1632, 1607, 27, 10.38%, 0, 0, 7, 11.06
1747811107, 2, 386, 1632, 1607, 27, 10.38%, 0, 0, 7, 10.43
1747811112, 2, 390, 1632, 1607, 27, 10.38%, 0, 0, 7, 11.92
1747811123, 2, 391, 1632, 1607, 27, 10.38%, 0, 0, 7, 8.63
1747811128, 2, 392, 1632, 1607, 27, 10.38%, 0, 0, 7, 10.20
1747811133, 2, 394, 1632, 1607, 27, 10.38%, 0, 0, 7, 12.50
1747811138, 2, 395, 1632, 1607, 27, 10.38%, 0, 0, 7, 10.99
1747811143, 2, 396, 1632, 1607, 27, 10.38%, 0, 0, 7, 11.67
1747811148, 2, 397, 1632, 1607, 27, 10.38%, 0, 0, 7, 11.34
1747811153, 2, 398, 1632, 1607, 27, 10.38%, 0, 0, 7, 12.01
1747811158, 2, 399, 1632, 1607, 27, 10.38%, 0, 0, 7, 12.64
1747811163, 2, 400, 1632, 1607, 27, 10.38%, 0, 0, 7, 13.23
1747811168, 2, 402, 1632, 1607, 27, 10.38%, 0, 0, 7, 12.54
1747811174, 2, 404, 1632, 1607, 27, 10.38%, 0, 0, 7, 11.66
1747811179, 2, 405, 1632, 1607, 27, 10.38%, 0, 0, 7, 9.29
1747811184, 2, 406, 1632, 1607, 27, 10.38%, 0, 0, 7, 9.23
1747811189, 2, 409, 1632, 1607, 27, 10.38%, 0, 0, 7, 11.03
1747811194, 2, 410, 1632, 1607, 27, 10.38%, 0, 0, 7, 11.54
1747811199, 2, 411, 1632, 1607, 27, 10.38%, 0, 0, 7, 11.47
1747811205, 2, 412, 1632, 1607, 27, 10.38%, 0, 0, 7, 10.48
1747811210, 2, 413, 1632, 1607, 27, 10.38%, 0, 0, 7, 11.22
1747811215, 2, 414, 1632, 1607, 27, 10.38%, 0, 0, 7, 10.89
1747811220, 2, 415, 1632, 1607, 27, 10.38%, 0, 0, 7, 10.70
1747811225, 2, 416, 1632, 1607, 27, 10.38%, 0, 0, 7, 3.43
1747811230, 2, 417, 1632, 1607, 27, 10.38%, 0, 0, 7, 9.52
1747811235, 2, 419, 1632, 1607, 27, 10.38%, 0, 0, 7, 12.42
1747811241, 2, 420, 1632, 1607, 27, 10.38%, 0, 0, 7, 12.25
1747811246, 2, 421, 1632, 1607, 27, 10.38%, 0, 0, 7, 13.01
1747811251, 2, 422, 1632, 1607, 27, 10.38%, 0, 0, 7, 10.86
1747811256, 2, 423, 1632, 1607, 27, 10.38%, 0, 0, 7, 11.16
1747811261, 2, 424, 1632, 1607, 27, 10.38%, 0, 0, 7, 11.50
1747811266, 2, 425, 1632, 1607, 27, 10.38%, 0, 0, 7, 11.04
1747811272, 2, 426, 1632, 1607, 27, 10.38%, 0, 0, 7, 12.00
1747811277, 2, 427, 1632, 1607, 27, 10.38%, 0, 0, 7, 12.37
1747811282, 2, 428, 1632, 1607, 27, 10.38%, 0, 0, 7, 11.36
1747811287, 2, 430, 1632, 1607, 27, 10.38%, 0, 0, 7, 11.69
1747811292, 2, 431, 1632, 1607, 27, 10.38%, 0, 0, 7, 12.65
1747811297, 2, 432, 1632, 1607, 27, 10.38%, 0, 0, 7, 11.41
1747811302, 2, 433, 1632, 1607, 27, 10.38%, 0, 0, 7, 11.87
1747811308, 2, 435, 1632, 1607, 27, 10.38%, 0, 0, 7, 13.86
1747811313, 2, 436, 1632, 1607, 27, 10.38%, 0, 0, 7, 17.66
1747811318, 2, 437, 1632, 1607, 27, 10.38%, 0, 0, 7, 14.96
1747811323, 2, 438, 1632, 1607, 27, 10.38%, 0, 0, 7, 12.18
1747811328, 2, 439, 1632, 1607, 27, 10.38%, 0, 0, 7, 12.08
1747811333, 2, 440, 1632, 1607, 27, 10.38%, 0, 0, 7, 11.62
1747811338, 2, 441, 1632, 1607, 27, 10.38%, 0, 0, 7, 10.53
1747811344, 2, 442, 1632, 1607, 27, 10.38%, 0, 0, 7, 10.85
1747811349, 2, 443, 1632, 1607, 27, 10.38%, 0, 0, 7, 9.84
1747811354, 2, 445, 1632, 1607, 27, 10.38%, 0, 0, 7, 10.51
1747811359, 2, 446, 1632, 1607, 27, 10.38%, 0, 0, 7, 10.83
1747811364, 2, 447, 1632, 1607, 27, 10.38%, 0, 0, 7, 11.15
1747811369, 2, 448, 1632, 1607, 27, 10.38%, 0, 0, 7, 11.68
1747811374, 2, 450, 1632, 1607, 27, 10.38%, 0, 0, 7, 12.66
1747811380, 2, 451, 1632, 1607, 27, 10.38%, 0, 0, 7, 11.25
1747811385, 2, 452, 1632, 1607, 27, 10.38%, 0, 0, 7, 13.16
1747811390, 2, 453, 1632, 1607, 27, 10.38%, 0, 0, 7, 9.68
1747811400, 2, 454, 1632, 1607, 27, 10.38%, 0, 0, 7, 10.10
1747811405, 2, 456, 1632, 1607, 27, 10.38%, 0, 0, 7, 10.69
1747811410, 2, 457, 1632, 1607, 27, 10.38%, 0, 0, 7, 11.43
1747811416, 2, 460, 1632, 1607, 27, 10.38%, 0, 0, 7, 10.52
1747811421, 2, 461, 1632, 1607, 27, 10.38%, 0, 0, 7, 10.99
1747811426, 2, 462, 1632, 1607, 27, 10.38%, 0, 0, 7, 11.16
1747811431, 2, 464, 1632, 1607, 27, 10.38%, 0, 0, 7, 11.34
1747811436, 2, 466, 1632, 1607, 27, 10.38%, 0, 0, 7, 10.48
1747811441, 2, 467, 1632, 1607, 27, 10.38%, 0, 0, 7, 10.54
1747811446, 2, 468, 1632, 1607, 27, 10.38%, 0, 0, 7, 13.44
1747811451, 2, 470, 1632, 1607, 27, 10.38%, 0, 0, 7, 11.68
1747811457, 2, 472, 1632, 1607, 27, 10.38%, 0, 0, 7, 11.27
1747811462, 2, 475, 1632, 1607, 27, 10.38%, 0, 0, 7, 12.30
1747811467, 2, 476, 1632, 1607, 27, 10.38%, 0, 0, 7, 10.47
1747811477, 2, 479, 1632, 1607, 27, 10.38%, 0, 0, 7, 10.85
1747811483, 2, 480, 1632, 1607, 27, 10.38%, 0, 0, 7, 12.18
1747811488, 2, 481, 1632, 1607, 27, 10.38%, 0, 0, 7, 11.85
1747811493, 2, 483, 1632, 1607, 27, 10.38%, 0, 0, 7, 11.14
1747811498, 2, 484, 1632, 1607, 27, 10.38%, 0, 0, 7, 9.92
1747811504, 2, 485, 1632, 1607, 27, 10.38%, 0, 0, 7, 11.12
1747811509, 2, 488, 1632, 1607, 27, 10.38%, 0, 0, 7, 11.12
1747811514, 2, 489, 1632, 1607, 27, 10.38%, 0, 0, 7, 12.85
1747811519, 2, 490, 1632, 1607, 27, 10.38%, 0, 0, 7, 11.49
1747811524, 2, 491, 1632, 1607, 27, 10.38%, 0, 0, 7, 11.78
1747811529, 2, 492, 1632, 1607, 27, 10.38%, 0, 0, 7, 9.86
1747811534, 2, 494, 1632, 1607, 27, 10.38%, 0, 0, 7, 11.32
1747811539, 2, 496, 1632, 1607, 27, 10.38%, 0, 0, 7, 11.20
1747811550, 2, 499, 1632, 1607, 27, 10.38%, 0, 0, 7, 11.54
1747811555, 2, 500, 1632, 1607, 27, 10.38%, 0, 0, 7, 11.67
1747811560, 2, 501, 1632, 1607, 27, 10.38%, 0, 0, 7, 12.01
1747811565, 2, 502, 1632, 1607, 27, 10.38%, 0, 0, 7, 12.26
1747811570, 2, 503, 1632, 1607, 27, 10.38%, 0, 0, 7, 10.90
1747811575, 2, 504, 1632, 1607, 27, 10.38%, 0, 0, 7, 9.77
1747811581, 2, 508, 1632, 1607, 27, 10.38%, 0, 0, 7, 10.41
1747811586, 2, 510, 1632, 1607, 27, 10.38%, 0, 0, 7, 11.37
1747811591, 2, 511, 1632, 1607, 27, 10.38%, 0, 0, 7, 10.13
1747811596, 2, 512, 1632, 1607, 27, 10.38%, 0, 0, 7, 10.80
1747811601, 2, 513, 1632, 1607, 27, 10.38%, 0, 0, 7, 11.18
1747811607, 2, 515, 1632, 1607, 27, 10.38%, 0, 0, 7, 12.42
1747811612, 2, 517, 1632, 1607, 27, 10.38%, 0, 0, 7, 12.24
1747811617, 2, 518, 1632, 1607, 27, 10.38%, 0, 0, 7, 11.60
1747811622, 2, 520, 1632, 1607, 27, 10.38%, 0, 0, 7, 13.03
1747811628, 2, 524, 1632, 1607, 27, 10.38%, 0, 0, 7, 14.98
1747811633, 2, 525, 1632, 1607, 27, 10.38%, 0, 0, 7, 13.65
1747811638, 2, 526, 1632, 1607, 27, 10.38%, 0, 0, 7, 13.13
1747811643, 2, 528, 1632, 1607, 27, 10.38%, 0, 0, 7, 10.88
1747811648, 2, 529, 1632, 1607, 27, 10.38%, 0, 0, 7, 12.33
1747811654, 2, 531, 1632, 1607, 27, 10.38%, 0, 0, 7, 13.21
1747811659, 2, 532, 1632, 1607, 27, 10.38%, 0, 0, 7, 10.90
1747811664, 2, 533, 1632, 1607, 27, 10.38%, 0, 0, 7, 11.33
1747811669, 2, 536, 1632, 1607, 27, 10.38%, 0, 0, 7, 10.03
1747811674, 2, 537, 1632, 1607, 27, 10.38%, 0, 0, 7, 12.12
1747811679, 2, 538, 1632, 1607, 27, 10.38%, 0, 0, 7, 14.55
1747811685, 2, 539, 1632, 1607, 27, 10.38%, 0, 0, 7, 14.32
1747811690, 2, 540, 1632, 1607, 27, 10.38%, 0, 0, 7, 11.70
1747811695, 2, 541, 1632, 1607, 27, 10.38%, 0, 0, 7, 10.18
1747811700, 2, 544, 1632, 1607, 27, 10.38%, 0, 0, 7, 12.32
1747811705, 2, 546, 1632, 1607, 27, 10.38%, 0, 0, 7, 13.43
1747811710, 2, 547, 1632, 1607, 27, 10.38%, 0, 0, 7, 12.88
1747811715, 2, 549, 1632, 1607, 27, 10.38%, 0, 0, 7, 11.68
1747811720, 2, 550, 1632, 1607, 27, 10.38%, 0, 0, 7, 10.21
1747811726, 2, 551, 1632, 1607, 27, 10.38%, 0, 0, 7, 10.55
1747811731, 2, 553, 1632, 1607, 27, 10.38%, 0, 0, 7, 12.57
1747811736, 2, 554, 1632, 1607, 27, 10.38%, 0, 0, 7, 10.91
1747811741, 2, 556, 1632, 1607, 27, 10.38%, 0, 0, 7, 10.82
1747811746, 2, 557, 1632, 1607, 27, 10.38%, 0, 0, 7, 11.34
1747811752, 2, 558, 1632, 1607, 27, 10.38%, 0, 0, 7, 11.73
1747811757, 2, 559, 1632, 1607, 27, 10.38%, 0, 0, 7, 11.64
1747811762, 2, 561, 1632, 1607, 27, 10.38%, 0, 0, 7, 10.92
1747811767, 2, 562, 1632, 1607, 27, 10.38%, 0, 0, 7, 12.47
1747811772, 2, 563, 1632, 1607, 27, 10.38%, 0, 0, 7, 11.91
1747811777, 2, 564, 1632, 1607, 27, 10.38%, 0, 0, 7, 11.30
1747811782, 2, 566, 1632, 1607, 27, 10.38%, 0, 0, 7, 10.74
1747811787, 2, 568, 1632, 1607, 27, 10.38%, 0, 0, 7, 12.57
1747811792, 2, 569, 1632, 1607, 27, 10.38%, 0, 0, 7, 13.09
1747811797, 2, 571, 1632, 1607, 27, 10.38%, 0, 0, 7, 11.92
1747811802, 2, 572, 1632, 1607, 27, 10.38%, 0, 0, 7, 10.07
1747811808, 2, 573, 1632, 1607, 27, 10.38%, 0, 0, 7, 11.28
1747811813, 2, 575, 1632, 1607, 27, 10.38%, 0, 0, 7, 12.20
1747811818, 2, 576, 1632, 1607, 27, 10.38%, 0, 0, 7, 11.10
1747811823, 2, 578, 1632, 1607, 27, 10.38%, 0, 0, 7, 10.71
1747811829, 2, 579, 1632, 1607, 27, 10.38%, 0, 0, 7, 10.98
1747811834, 2, 580, 1632, 1607, 27, 10.38%, 0, 0, 7, 10.87
1747811844, 2, 583, 1632, 1607, 27, 10.38%, 0, 0, 7, 8.96
1747811849, 2, 585, 1632, 1607, 27, 10.38%, 0, 0, 7, 11.19
1747811854, 2, 588, 1632, 1607, 27, 10.38%, 0, 0, 7, 11.97
1747811864, 2, 590, 1632, 1607, 27, 10.38%, 0, 0, 7, 11.50
1747811870, 2, 591, 1632, 1607, 27, 10.38%, 0, 0, 7, 11.86
1747811875, 2, 593, 1632, 1607, 27, 10.38%, 0, 0, 7, 10.88
1747811880, 2, 594, 1632, 1607, 27, 10.38%, 0, 0, 7, 9.98
1747811885, 2, 596, 1632, 1607, 27, 10.38%, 0, 0, 7, 11.25
1747811890, 2, 597, 1632, 1607, 27, 10.38%, 0, 0, 7, 12.37
1747811895, 2, 598, 1632, 1607, 27, 10.38%, 0, 0, 7, 11.12
1747811900, 2, 600, 1632, 1607, 27, 10.38%, 0, 0, 7, 12.98
1747811905, 2, 601, 1632, 1607, 27, 10.38%, 0, 0, 7, 11.30
1747811911, 2, 602, 1632, 1607, 27, 10.38%, 0, 0, 7, 9.42
1747811916, 2, 603, 1632, 1607, 27, 10.38%, 0, 0, 7, 11.46
1747811921, 2, 604, 1632, 1607, 27, 10.38%, 0, 0, 7, 11.58
1747811926, 2, 605, 1632, 1607, 27, 10.38%, 0, 0, 7, 11.96
1747811931, 2, 607, 1632, 1607, 27, 10.38%, 0, 0, 7, 10.85
1747811936, 2, 609, 1632, 1607, 27, 10.38%, 0, 0, 7, 12.96
1747811941, 2, 610, 1632, 1607, 27, 10.38%, 0, 0, 7, 11.15
1747811946, 2, 611, 1632, 1607, 27, 10.38%, 0, 0, 7, 11.34
1747811952, 2, 613, 1632, 1607, 27, 10.38%, 0, 0, 7, 10.51
1747811957, 2, 614, 1632, 1607, 27, 10.38%, 0, 0, 7, 9.99
1747811962, 2, 615, 1632, 1607, 27, 10.38%, 0, 0, 7, 11.41
1747811967, 2, 616, 1632, 1607, 27, 10.38%, 0, 0, 7, 11.72
1747811973, 2, 617, 1632, 1607, 27, 10.38%, 0, 0, 7, 11.85
1747811978, 2, 618, 1632, 1607, 27, 10.38%, 0, 0, 7, 11.75
1747811983, 2, 620, 1632, 1607, 27, 10.38%, 0, 0, 7, 12.38
1747811988, 2, 621, 1632, 1607, 27, 10.38%, 0, 0, 7, 10.69
1747811993, 2, 623, 1632, 1607, 27, 10.38%, 0, 0, 7, 11.27
1747811998, 2, 624, 1632, 1607, 27, 10.38%, 0, 0, 7, 10.61
1747812003, 2, 625, 1632, 1607, 27, 10.38%, 0, 0, 7, 11.25
1747812008, 2, 626, 1632, 1607, 27, 10.38%, 0, 0, 7, 11.96
1747812013, 2, 627, 1632, 1607, 27, 10.38%, 0, 0, 7, 10.99
1747812018, 2, 628, 1632, 1607, 27, 10.38%, 0, 0, 7, 11.89
1747812023, 2, 629, 1632, 1607, 27, 10.38%, 0, 0, 7, 11.70
1747812028, 2, 630, 1632, 1607, 27, 10.38%, 0, 0, 7, 11.04
1747812034, 2, 631, 1632, 1607, 27, 10.38%, 0, 0, 7, 11.66
1747812039, 2, 633, 1632, 1607, 27, 10.38%, 0, 0, 7, 10.06
1747812044, 2, 634, 1632, 1607, 27, 10.38%, 0, 0, 7, 10.41
1747812049, 2, 637, 1632, 1607, 27, 10.38%, 0, 0, 7, 12.53
1747812054, 2, 638, 1632, 1607, 27, 10.38%, 0, 0, 7, 10.64
1747812059, 2, 639, 1632, 1607, 27, 10.38%, 0, 0, 7, 11.07
1747812064, 2, 640, 1632, 1607, 27, 10.38%, 0, 0, 7, 9.33
1747812069, 2, 641, 1632, 1607, 27, 10.38%, 0, 0, 7, 9.93
1747812074, 2, 643, 1632, 1607, 27, 10.38%, 0, 0, 7, 10.49
1747812080, 2, 645, 1632, 1607, 27, 10.38%, 0, 0, 7, 11.63
1747812085, 2, 646, 1632, 1607, 27, 10.38%, 0, 0, 7, 10.96
1747812090, 2, 647, 1632, 1607, 27, 10.38%, 0, 0, 7, 10.98
1747812095, 2, 648, 1632, 1607, 27, 10.38%, 0, 0, 7, 10.82
1747812100, 2, 649, 1632, 1607, 27, 10.38%, 0, 0, 7, 11.48
1747812105, 2, 650, 1632, 1607, 27, 10.38%, 0, 0, 7, 10.82
1747812110, 2, 651, 1632, 1607, 27, 10.38%, 0, 0, 7, 10.34
1747812115, 2, 652, 1632, 1607, 27, 10.38%, 0, 0, 7, 11.90
1747812121, 2, 654, 1632, 1607, 27, 10.38%, 0, 0, 7, 10.16
1747812126, 2, 655, 1632, 1607, 27, 10.38%, 0, 0, 7, 10.24
1747812131, 2, 659, 1632, 1607, 27, 10.38%, 0, 0, 7, 12.57
1747812136, 2, 660, 1632, 1607, 27, 10.38%, 0, 0, 7, 12.70
1747812142, 2, 661, 1632, 1607, 27, 10.38%, 0, 0, 7, 12.22
1747812147, 2, 663, 1632, 1607, 27, 10.38%, 0, 0, 7, 11.24
1747812152, 2, 664, 1632, 1607, 27, 10.38%, 0, 0, 7, 10.69
1747812157, 2, 665, 1632, 1607, 27, 10.38%, 0, 0, 7, 12.46
1747812162, 2, 666, 1632, 1607, 27, 10.38%, 0, 0, 7, 11.46
1747812167, 2, 667, 1632, 1607, 27, 10.38%, 0, 0, 7, 11.70
1747812173, 2, 669, 1632, 1607, 27, 10.38%, 0, 0, 7, 12.16
1747812178, 2, 670, 1632, 1607, 27, 10.38%, 0, 0, 7, 9.75
1747812183, 2, 671, 1632, 1607, 27, 10.38%, 0, 0, 7, 12.75
1747812188, 2, 672, 1632, 1607, 27, 10.38%, 0, 0, 7, 13.54
1747812193, 2, 673, 1632, 1607, 27, 10.38%, 0, 0, 7, 11.29
1747812199, 2, 678, 1632, 1607, 27, 10.38%, 0, 0, 7, 12.60
1747812204, 2, 680, 1632, 1607, 27, 10.38%, 0, 0, 7, 12.08
1747812209, 2, 681, 1632, 1607, 27, 10.38%, 0, 0, 7, 10.33
1747812214, 2, 682, 1632, 1607, 27, 10.38%, 0, 0, 7, 9.34
1747812220, 2, 683, 1632, 1607, 27, 10.38%, 0, 0, 7, 10.39
1747812225, 2, 684, 1632, 1607, 27, 10.38%, 0, 0, 7, 13.09
1747812230, 2, 689, 1632, 1607, 27, 10.38%, 0, 0, 7, 13.72
1747812235, 2, 690, 1632, 1607, 27, 10.38%, 0, 0, 7, 12.91
1747812241, 2, 691, 1632, 1607, 27, 10.38%, 0, 0, 7, 12.39
1747812246, 2, 692, 1632, 1607, 27, 10.38%, 0, 0, 7, 12.71
1747812251, 2, 693, 1632, 1607, 27, 10.38%, 0, 0, 7, 12.02
1747812256, 2, 695, 1632, 1607, 27, 10.38%, 0, 0, 7, 11.20
1747812261, 2, 698, 1632, 1607, 27, 10.38%, 0, 0, 7, 10.13
1747812267, 2, 699, 1632, 1607, 27, 10.38%, 0, 0, 7, 10.76
1747812272, 2, 700, 1632, 1607, 27, 10.38%, 0, 0, 7, 11.22
1747812277, 2, 702, 1632, 1607, 27, 10.38%, 0, 0, 7, 11.08
1747812282, 2, 703, 1632, 1607, 27, 10.38%, 0, 0, 7, 11.70
1747812287, 2, 704, 1632, 1607, 27, 10.38%, 0, 0, 7, 11.52
1747812292, 2, 706, 1632, 1607, 27, 10.38%, 0, 0, 7, 10.34
1747812297, 2, 707, 1632, 1607, 27, 10.38%, 0, 0, 7, 11.19
1747812303, 2, 710, 1632, 1607, 27, 10.38%, 0, 0, 7, 12.98
1747812308, 2, 711, 1632, 1607, 27, 10.38%, 0, 0, 7, 12.32
1747812313, 2, 712, 1632, 1607, 27, 10.38%, 0, 0, 7, 11.76
1747812318, 2, 713, 1632, 1607, 27, 10.38%, 0, 0, 7, 12.01
1747812323, 2, 715, 1632, 1607, 27, 10.38%, 0, 0, 7, 10.66
1747812328, 2, 718, 1632, 1607, 27, 10.38%, 0, 0, 7, 9.98
1747812333, 2, 719, 1632, 1607, 27, 10.38%, 0, 0, 7, 8.87
1747812339, 2, 721, 1632, 1607, 27, 10.38%, 0, 0, 7, 11.38
1747812344, 2, 722, 1632, 1607, 27, 10.38%, 0, 0, 7, 11.00
1747812349, 2, 723, 1632, 1607, 27, 10.38%, 0, 0, 7, 12.05
1747812354, 2, 724, 1632, 1607, 27, 10.38%, 0, 0, 7, 11.64
1747812359, 2, 728, 1632, 1607, 27, 10.38%, 0, 0, 7, 12.89
1747812364, 2, 730, 1632, 1607, 27, 10.38%, 0, 0, 7, 11.10
1747812369, 2, 731, 1632, 1607, 27, 10.38%, 0, 0, 7, 10.48
1747812374, 2, 732, 1632, 1607, 27, 10.38%, 0, 0, 7, 10.42
1747812379, 2, 733, 1633, 1608, 27, 10.38%, 0, 0, 7, 10.28
1747812395, 2, 734, 1633, 1608, 27, 10.38%, 0, 0, 7, 9.33
1747812400, 2, 735, 1633, 1608, 27, 10.38%, 0, 0, 7, 10.00
1747812405, 2, 736, 1633, 1608, 27, 10.38%, 0, 0, 7, 10.07
1747812410, 2, 737, 1633, 1608, 27, 10.38%, 0, 0, 7, 10.08
1747812416, 2, 738, 1633, 1608, 27, 10.38%, 0, 0, 7, 10.39
1747812421, 2, 740, 1633, 1608, 27, 10.38%, 0, 0, 7, 11.10
1747812426, 2, 741, 1633, 1608, 27, 10.38%, 0, 0, 7, 10.10
1747812431, 2, 742, 1633, 1608, 27, 10.38%, 0, 0, 7, 10.89
1747812436, 2, 744, 1633, 1608, 27, 10.38%, 0, 0, 7, 11.05
1747812441, 2, 745, 1633, 1608, 27, 10.38%, 0, 0, 7, 10.75
1747812446, 2, 747, 1633, 1608, 27, 10.38%, 0, 0, 7, 12.61
1747812451, 2, 749, 1633, 1608, 27, 10.38%, 0, 0, 7, 12.13
1747812457, 2, 750, 1633, 1608, 27, 10.38%, 0, 0, 7, 9.81
1747812462, 2, 751, 1633, 1608, 27, 10.38%, 0, 0, 7, 9.76
1747812467, 2, 752, 1633, 1608, 27, 10.38%, 0, 0, 7, 10.10
1747812472, 2, 753, 1633, 1608, 27, 10.38%, 0, 0, 7, 10.35
1747812477, 2, 754, 1633, 1608, 27, 10.38%, 0, 0, 7, 9.86
1747812482, 2, 756, 1633, 1608, 27, 10.38%, 0, 0, 7, 10.83
1747812487, 2, 758, 1633, 1608, 27, 10.38%, 0, 0, 7, 10.93
1747812492, 2, 759, 1633, 1608, 27, 10.38%, 0, 0, 7, 12.10
1747812498, 2, 760, 1633, 1608, 27, 10.38%, 0, 0, 7, 10.59
1747812503, 2, 761, 1633, 1608, 27, 10.38%, 0, 0, 7, 11.14
1747812508, 2, 762, 1633, 1608, 27, 10.38%, 0, 0, 7, 10.20
1747812513, 2, 763, 1633, 1608, 27, 10.38%, 0, 0, 7, 9.63
1747812518, 2, 764, 1633, 1608, 27, 10.38%, 0, 0, 7, 10.68
1747812524, 2, 764, 1634, 1609, 27, 10.38%, 0, 0, 7, 1.81
1747812534, 2, 765, 1634, 1609, 27, 10.38%, 0, 0, 7, 12.27
1747812539, 2, 766, 1634, 1609, 27, 10.38%, 0, 0, 7, 12.13
1747812544, 2, 769, 1634, 1609, 27, 10.38%, 0, 0, 7, 13.39
1747812549, 2, 770, 1634, 1609, 27, 10.38%, 0, 0, 7, 14.23
1747812554, 2, 772, 1634, 1609, 27, 10.38%, 0, 0, 7, 11.42
1747812559, 2, 773, 1634, 1609, 27, 10.38%, 0, 0, 7, 9.58
1747812564, 2, 774, 1634, 1609, 27, 10.38%, 0, 0, 7, 10.45
1747812570, 2, 775, 1634, 1609, 27, 10.38%, 0, 0, 7, 10.74
1747812575, 2, 776, 1634, 1609, 27, 10.38%, 0, 0, 7, 10.13
1747812580, 2, 777, 1634, 1609, 27, 10.38%, 0, 0, 7, 10.94
1747812585, 2, 778, 1634, 1609, 27, 10.38%, 0, 0, 7, 12.26
1747812590, 2, 780, 1634, 1609, 27, 10.38%, 0, 0, 7, 12.16
1747812600, 2, 782, 1634, 1609, 27, 10.38%, 0, 0, 7, 9.34
1747812606, 2, 783, 1634, 1609, 27, 10.38%, 0, 0, 7, 11.30
1747812611, 2, 784, 1634, 1609, 27, 10.38%, 0, 0, 7, 10.79
1747812616, 2, 785, 1634, 1609, 27, 10.38%, 0, 0, 7, 9.67
1747812621, 2, 786, 1634, 1609, 27, 10.38%, 0, 0, 7, 10.33
1747812626, 2, 786, 1635, 1610, 27, 10.38%, 0, 0, 7, 8.63
1747812632, 2, 788, 1635, 1610, 27, 10.38%, 0, 0, 7, 12.03
1747812637, 2, 790, 1635, 1610, 27, 10.38%, 0, 0, 7, 12.33
1747812642, 2, 791, 1635, 1610, 27, 10.38%, 0, 0, 7, 11.39
1747812647, 2, 793, 1635, 1610, 27, 10.38%, 0, 0, 7, 10.68
1747812652, 2, 794, 1635, 1610, 27, 10.38%, 0, 0, 7, 11.10
1747812657, 2, 795, 1635, 1610, 27, 10.38%, 0, 0, 7, 10.38
1747812662, 2, 796, 1635, 1610, 27, 10.38%, 0, 0, 7, 11.71
1747812667, 2, 797, 1635, 1610, 27, 10.38%, 0, 0, 7, 13.39
1747812673, 2, 798, 1635, 1610, 27, 10.38%, 0, 0, 7, 10.98
1747812678, 2, 802, 1635, 1610, 27, 10.38%, 0, 0, 7, 11.82
1747812683, 2, 803, 1635, 1610, 27, 10.38%, 0, 0, 7, 11.25
1747812688, 2, 804, 1635, 1610, 27, 10.38%, 0, 0, 7, 11.43
1747812693, 2, 805, 1635, 1610, 27, 10.38%, 0, 0, 7, 10.91
1747812698, 2, 806, 1635, 1610, 27, 10.38%, 0, 0, 7, 13.30
1747812703, 2, 807, 1635, 1610, 27, 10.38%, 0, 0, 7, 11.81
1747812708, 2, 808, 1635, 1610, 27, 10.38%, 0, 0, 7, 12.59
1747812714, 2, 810, 1635, 1610, 27, 10.38%, 0, 0, 7, 11.25
1747812724, 2, 811, 1635, 1610, 27, 10.38%, 0, 0, 7, 10.02
1747812729, 2, 812, 1635, 1610, 27, 10.38%, 0, 0, 7, 10.71
1747812734, 2, 814, 1635, 1610, 27, 10.38%, 0, 0, 7, 12.09
1747812739, 2, 816, 1635, 1610, 27, 10.38%, 0, 0, 7, 9.34
1747812750, 2, 818, 1635, 1610, 27, 10.38%, 0, 0, 7, 11.42
1747812755, 2, 820, 1635, 1610, 27, 10.38%, 0, 0, 7, 10.77
1747812760, 2, 821, 1635, 1610, 27, 10.38%, 0, 0, 7, 11.82
1747812765, 2, 823, 1635, 1610, 27, 10.38%, 0, 0, 7, 12.23
1747812771, 2, 824, 1635, 1610, 27, 10.38%, 0, 0, 7, 11.72
1747812776, 2, 826, 1635, 1610, 27, 10.38%, 0, 0, 7, 12.39
1747812781, 2, 827, 1635, 1610, 27, 10.38%, 0, 0, 7, 14.45
1747812786, 2, 829, 1635, 1610, 27, 10.38%, 0, 0, 7, 13.49
1747812791, 2, 832, 1635, 1610, 27, 10.38%, 0, 0, 7, 13.34
1747812796, 2, 834, 1635, 1610, 27, 10.38%, 0, 0, 7, 12.95
1747812802, 2, 835, 1635, 1610, 27, 10.38%, 0, 0, 7, 12.16
1747812807, 2, 836, 1635, 1610, 27, 10.38%, 0, 0, 7, 10.43
1747812812, 2, 837, 1636, 1611, 27, 10.38%, 0, 0, 7, 8.74
1747812827, 2, 839, 1636, 1611, 27, 10.38%, 0, 0, 7, 10.35
1747812832, 2, 840, 1636, 1611, 27, 10.38%, 0, 0, 7, 10.43
1747812837, 2, 844, 1636, 1611, 27, 10.38%, 0, 0, 7, 13.01
1747812842, 2, 845, 1636, 1611, 27, 10.38%, 0, 0, 7, 11.67
1747812848, 2, 848, 1636, 1611, 27, 10.38%, 0, 0, 7, 13.03
1747812853, 2, 849, 1636, 1611, 27, 10.38%, 0, 0, 7, 11.40
1747812858, 2, 850, 1636, 1611, 27, 10.38%, 0, 0, 7, 10.25
1747812863, 2, 852, 1636, 1611, 27, 10.38%, 0, 0, 7, 11.44
1747812868, 2, 853, 1636, 1611, 27, 10.38%, 0, 0, 7, 11.30
1747812873, 2, 854, 1636, 1611, 27, 10.38%, 0, 0, 7, 13.56
1747813357, 2, 858, 1636, 1610, 26, 10.38%, 0, 0, 7, 14.35
1747813362, 2, 860, 1636, 1610, 26, 10.38%, 0, 0, 7, 12.41
1747813367, 2, 861, 1636, 1610, 26, 10.38%, 0, 0, 7, 11.31
1747813373, 2, 862, 1636, 1610, 26, 10.38%, 0, 0, 7, 9.94
1747813378, 2, 863, 1636, 1610, 26, 10.38%, 0, 0, 7, 10.63
1747813383, 2, 864, 1636, 1610, 26, 10.38%, 0, 0, 7, 10.57
1747813388, 2, 866, 1636, 1610, 26, 10.38%, 0, 0, 7, 11.51
1747813393, 2, 867, 1636, 1610, 26, 10.38%, 0, 0, 7, 12.31
1747813398, 2, 868, 1636, 1610, 26, 10.38%, 0, 0, 7, 11.10
1747813404, 2, 869, 1636, 1610, 26, 10.38%, 0, 0, 7, 10.74
1747813409, 2, 871, 1636, 1610, 26, 10.38%, 0, 0, 7, 11.78
1747813414, 2, 872, 1636, 1610, 26, 10.38%, 0, 0, 7, 10.74
1747813419, 2, 873, 1636, 1610, 26, 10.38%, 0, 0, 7, 10.07
1747813424, 2, 874, 1636, 1610, 26, 10.38%, 0, 0, 7, 12.51
1747813429, 2, 875, 1636, 1610, 26, 10.38%, 0, 0, 7, 11.74
1747813435, 2, 877, 1636, 1610, 26, 10.38%, 0, 0, 7, 14.28
1747813440, 2, 878, 1636, 1610, 26, 10.38%, 0, 0, 7, 11.07
1747813445, 2, 878, 1637, 1611, 26, 10.39%, 0, 0, 7, 7.48
1747813455, 2, 879, 1637, 1611, 26, 10.39%, 0, 0, 7, 9.75
1747813460, 2, 880, 1637, 1611, 26, 10.39%, 0, 0, 7, 10.31
1747813465, 2, 882, 1637, 1611, 26, 10.39%, 0, 0, 7, 11.28
1747813471, 2, 883, 1637, 1611, 26, 10.39%, 0, 0, 7, 10.98
1747813476, 2, 884, 1637, 1611, 26, 10.39%, 0, 0, 7, 10.56
1747813481, 2, 887, 1637, 1611, 26, 10.39%, 0, 0, 7, 11.82
1747813491, 2, 888, 1637, 1611, 26, 10.39%, 0, 0, 7, 9.38
1747813497, 2, 891, 1637, 1611, 26, 10.39%, 0, 0, 7, 12.63
1747813502, 2, 892, 1637, 1611, 26, 10.39%, 0, 0, 7, 11.35
1747813507, 2, 893, 1637, 1611, 26, 10.39%, 0, 0, 7, 12.01
1747813512, 2, 894, 1637, 1611, 26, 10.39%, 0, 0, 7, 11.59
1747813517, 2, 895, 1637, 1611, 26, 10.39%, 0, 0, 7, 12.55
1747813522, 2, 896, 1637, 1611, 26, 10.39%, 0, 0, 7, 11.93
1747813527, 2, 898, 1637, 1611, 26, 10.39%, 0, 0, 7, 11.75
1747813532, 2, 900, 1637, 1611, 26, 10.39%, 0, 0, 7, 5.94
1747813537, 2, 901, 1637, 1611, 26, 10.39%, 0, 0, 7, 8.86
1747813542, 2, 902, 1637, 1611, 26, 10.39%, 0, 0, 7, 11.87
1747813547, 2, 903, 1637, 1611, 26, 10.39%, 0, 0, 7, 12.01
1747813553, 2, 904, 1637, 1611, 26, 10.39%, 0, 0, 7, 12.19
1747813558, 2, 905, 1637, 1611, 26, 10.39%, 0, 0, 7, 11.18
1747813563, 2, 906, 1637, 1611, 26, 10.39%, 0, 0, 7, 9.56
1747813568, 2, 907, 1637, 1611, 26, 10.39%, 0, 0, 7, 12.18
1747813573, 2, 908, 1637, 1611, 26, 10.39%, 0, 0, 7, 17.24
1747813578, 2, 909, 1637, 1611, 26, 10.39%, 0, 0, 7, 7.91
1747813583, 2, 911, 1637, 1611, 26, 10.39%, 0, 0, 7, 10.89
1747813588, 2, 912, 1637, 1611, 26, 10.39%, 0, 0, 7, 11.93
1747813593, 2, 913, 1637, 1611, 26, 10.39%, 0, 0, 7, 11.73
1747813599, 2, 914, 1637, 1611, 26, 10.39%, 0, 0, 7, 10.80
1747813604, 2, 915, 1637, 1611, 26, 10.39%, 0, 0, 7, 11.09
1747813609, 2, 916, 1637, 1611, 26, 10.39%, 0, 0, 7, 11.41
1747813614, 2, 917, 1637, 1611, 26, 10.39%, 0, 0, 7, 11.48
1747813619, 2, 918, 1637, 1611, 26, 10.39%, 0, 0, 7, 11.94
1747813624, 2, 920, 1637, 1611, 26, 10.39%, 0, 0, 7, 13.34
1747813630, 2, 921, 1637, 1611, 26, 10.39%, 0, 0, 7, 12.55
1747813635, 2, 922, 1637, 1611, 26, 10.39%, 0, 0, 7, 12.42
1747813640, 2, 923, 1637, 1611, 26, 10.39%, 0, 0, 7, 11.27
1747813645, 2, 925, 1637, 1611, 26, 10.39%, 0, 0, 7, 9.82
1747813650, 2, 927, 1637, 1611, 26, 10.39%, 0, 0, 7, 9.30
1747813655, 2, 928, 1637, 1611, 26, 10.39%, 0, 0, 7, 11.41
1747813660, 2, 929, 1637, 1611, 26, 10.39%, 0, 0, 7, 11.22
1747813665, 2, 930, 1637, 1611, 26, 10.39%, 0, 0, 7, 10.48
1747813670, 2, 932, 1637, 1611, 26, 10.39%, 0, 0, 7, 10.05
1747813676, 2, 933, 1637, 1611, 26, 10.39%, 0, 0, 7, 12.89
1747813681, 2, 935, 1637, 1611, 26, 10.39%, 0, 0, 7, 12.93
1747813686, 2, 937, 1637, 1611, 26, 10.39%, 0, 0, 7, 12.45
1747813691, 2, 938, 1637, 1611, 26, 10.39%, 0, 0, 7, 11.04
1747813696, 2, 939, 1637, 1611, 26, 10.39%, 0, 0, 7, 11.52
1747813701, 2, 940, 1637, 1611, 26, 10.39%, 0, 0, 7, 10.62
1747813707, 2, 941, 1637, 1611, 26, 10.39%, 0, 0, 7, 11.21
1747813712, 2, 942, 1638, 1612, 26, 10.39%, 0, 0, 7, 10.02
1747813722, 2, 943, 1638, 1612, 26, 10.39%, 0, 0, 7, 9.29
1747813727, 2, 944, 1638, 1612, 26, 10.39%, 0, 0, 7, 9.19
1747813732, 2, 945, 1638, 1612, 26, 10.39%, 0, 0, 7, 10.41
1747813737, 2, 947, 1638, 1612, 26, 10.39%, 0, 0, 7, 10.53
1747813742, 2, 948, 1638, 1612, 26, 10.39%, 0, 0, 7, 9.43
1747813747, 2, 949, 1638, 1612, 26, 10.39%, 0, 0, 7, 11.81
1747813753, 2, 950, 1638, 1612, 26, 10.39%, 0, 0, 7, 11.18
1747813758, 2, 951, 1638, 1612, 26, 10.39%, 0, 0, 7, 11.44
1747813763, 2, 953, 1638, 1612, 26, 10.39%, 0, 0, 7, 10.95
1747813768, 2, 955, 1638, 1612, 26, 10.39%, 0, 0, 7, 12.86
1747813773, 2, 957, 1638, 1612, 26, 10.39%, 0, 0, 7, 11.89
1747813778, 2, 958, 1638, 1612, 26, 10.39%, 0, 0, 7, 12.69
1747813783, 2, 959, 1638, 1612, 26, 10.39%, 0, 0, 7, 10.48
1747813788, 2, 960, 1638, 1612, 26, 10.39%, 0, 0, 7, 10.22
1747813793, 2, 961, 1638, 1612, 26, 10.39%, 0, 0, 7, 12.39
1747813798, 2, 962, 1638, 1612, 26, 10.39%, 0, 0, 7, 11.02
1747813804, 2, 963, 1638, 1612, 26, 10.39%, 0, 0, 7, 10.28
1747813809, 2, 966, 1638, 1612, 26, 10.39%, 0, 0, 7, 10.98
1747813814, 2, 967, 1638, 1612, 26, 10.39%, 0, 0, 7, 11.75
1747813819, 2, 969, 1638, 1612, 26, 10.39%, 0, 0, 7, 13.91
1747813824, 2, 972, 1638, 1612, 26, 10.39%, 0, 0, 7, 13.76
1747813829, 2, 975, 1638, 1612, 26, 10.39%, 0, 0, 7, 11.74
1747813834, 2, 976, 1638, 1612, 26, 10.39%, 0, 0, 7, 12.51
1747813839, 2, 978, 1638, 1612, 26, 10.39%, 0, 0, 7, 11.91
1747813845, 2, 979, 1638, 1612, 26, 10.39%, 0, 0, 7, 12.50
1747813850, 2, 980, 1638, 1612, 26, 10.39%, 0, 0, 7, 9.92
1747813855, 2, 982, 1639, 1613, 26, 10.39%, 0, 0, 7, 12.41
1747813865, 2, 983, 1639, 1613, 26, 10.39%, 0, 0, 7, 10.67
1747813870, 2, 984, 1639, 1613, 26, 10.39%, 0, 0, 7, 10.56
1747813875, 2, 987, 1639, 1613, 26, 10.39%, 0, 0, 7, 10.89
1747813880, 2, 988, 1639, 1613, 26, 10.39%, 0, 0, 7, 11.20
1747813885, 2, 990, 1639, 1613, 26, 10.39%, 0, 0, 7, 11.18
1747813890, 2, 991, 1639, 1613, 26, 10.39%, 0, 0, 7, 10.33
1747813895, 2, 992, 1639, 1613, 26, 10.39%, 0, 0, 7, 10.78
1747813901, 2, 993, 1639, 1613, 26, 10.39%, 0, 0, 7, 12.27
1747813906, 2, 996, 1639, 1613, 26, 10.39%, 0, 0, 7, 11.78
1747813911, 2, 997, 1639, 1613, 26, 10.39%, 0, 0, 7, 12.58
1747813916, 2, 998, 1639, 1613, 26, 10.39%, 0, 0, 7, 11.02
1747813921, 2, 999, 1639, 1613, 26, 10.39%, 0, 0, 7, 11.54
1747813926, 2, 1000, 1639, 1613, 26, 10.39%, 0, 0, 7, 11.30
1747813931, 2, 1001, 1639, 1613, 26, 10.39%, 0, 0, 7, 12.02
1747813936, 2, 1002, 1639, 1613, 26, 10.39%, 0, 0, 7, 12.47
1747813941, 2, 1003, 1639, 1613, 26, 10.39%, 0, 0, 7, 11.86
1747813946, 2, 1005, 1639, 1613, 26, 10.39%, 0, 0, 7, 12.14
1747813952, 2, 1006, 1639, 1613, 26, 10.39%, 0, 0, 7, 10.26
1747813957, 2, 1007, 1639, 1613, 26, 10.39%, 0, 0, 7, 10.48
1747813962, 2, 1008, 1639, 1613, 26, 10.39%, 0, 0, 7, 9.79
1747813967, 2, 1009, 1639, 1613, 26, 10.39%, 0, 0, 7, 12.05
1747813972, 2, 1011, 1639, 1613, 26, 10.39%, 0, 0, 7, 12.61
1747813977, 2, 1013, 1639, 1613, 26, 10.39%, 0, 0, 7, 11.97
1747813982, 2, 1015, 1639, 1613, 26, 10.39%, 0, 0, 7, 12.84
1747813988, 2, 1016, 1639, 1613, 26, 10.39%, 0, 0, 7, 12.46
1747813993, 2, 1018, 1639, 1613, 26, 10.39%, 0, 0, 7, 9.19
1747813998, 2, 1019, 1639, 1613, 26, 10.39%, 0, 0, 7, 8.16
1747814003, 2, 1021, 1639, 1613, 26, 10.39%, 0, 0, 7, 9.88
1747814008, 2, 1022, 1639, 1613, 26, 10.39%, 0, 0, 7, 11.13
1747814014, 2, 1022, 1640, 1614, 26, 10.39%, 0, 0, 7, 7.33
1747814019, 2, 1023, 1640, 1614, 26, 10.39%, 0, 0, 7, 11.28
1747814024, 2, 1024, 1640, 1614, 26, 10.39%, 0, 0, 7, 12.26
1747814029, 2, 1025, 1640, 1614, 26, 10.39%, 0, 0, 7, 11.56
1747814034, 2, 1026, 1640, 1614, 26, 10.39%, 0, 0, 7, 11.49
1747814039, 2, 1027, 1640, 1614, 26, 10.39%, 0, 0, 7, 11.55
1747814045, 2, 1028, 1640, 1614, 26, 10.39%, 0, 0, 7, 10.24
1747814050, 2, 1029, 1640, 1614, 26, 10.39%, 0, 0, 7, 11.02
1747814055, 2, 1030, 1640, 1614, 26, 10.39%, 0, 0, 7, 11.67
1747814060, 2, 1031, 1640, 1614, 26, 10.39%, 0, 0, 7, 9.49
1747814065, 2, 1032, 1640, 1614, 26, 10.39%, 0, 0, 7, 10.92
1747814070, 2, 1033, 1640, 1614, 26, 10.39%, 0, 0, 7, 11.10
1747814075, 2, 1035, 1640, 1614, 26, 10.39%, 0, 0, 7, 13.17
1747814080, 2, 1036, 1640, 1614, 26, 10.39%, 0, 0, 7, 10.86
1747814086, 2, 1037, 1640, 1614, 26, 10.39%, 0, 0, 7, 9.61
1747814091, 2, 1039, 1640, 1614, 26, 10.39%, 0, 0, 7, 10.50
1747814096, 2, 1041, 1640, 1614, 26, 10.39%, 0, 0, 7, 11.32
1747814101, 2, 1043, 1640, 1614, 26, 10.39%, 0, 0, 7, 12.63
1747814106, 2, 1044, 1640, 1614, 26, 10.39%, 0, 0, 7, 10.06
1747814112, 2, 1045, 1640, 1614, 26, 10.39%, 0, 0, 7, 11.74
1747814117, 2, 1048, 1640, 1614, 26, 10.39%, 0, 0, 7, 11.61
1747814122, 2, 1050, 1640, 1614, 26, 10.39%, 0, 0, 7, 11.12
1747814127, 2, 1052, 1640, 1614, 26, 10.39%, 0, 0, 7, 14.61
1747814133, 2, 1053, 1640, 1614, 26, 10.39%, 0, 0, 7, 10.03
1747814138, 2, 1054, 1640, 1614, 26, 10.39%, 0, 0, 7, 11.51
1747814143, 2, 1055, 1640, 1614, 26, 10.39%, 0, 0, 7, 10.61
1747814148, 2, 1057, 1640, 1614, 26, 10.39%, 0, 0, 7, 10.78
1747814153, 2, 1058, 1640, 1614, 26, 10.39%, 0, 0, 7, 10.33
1747814158, 2, 1059, 1640, 1614, 26, 10.39%, 0, 0, 7, 10.14
1747814163, 2, 1060, 1640, 1614, 26, 10.39%, 0, 0, 7, 11.03
1747814168, 2, 1061, 1640, 1614, 26, 10.39%, 0, 0, 7, 10.74
1747814173, 2, 1062, 1640, 1614, 26, 10.39%, 0, 0, 7, 9.94
1747814178, 2, 1063, 1640, 1614, 26, 10.39%, 0, 0, 7, 10.45
1747814184, 2, 1064, 1640, 1614, 26, 10.39%, 0, 0, 7, 10.76
1747814189, 2, 1066, 1640, 1614, 26, 10.39%, 0, 0, 7, 10.56
1747814194, 2, 1067, 1640, 1614, 26, 10.39%, 0, 0, 7, 10.39
1747814199, 2, 1069, 1640, 1614, 26, 10.39%, 0, 0, 7, 11.01
1747814204, 2, 1071, 1640, 1614, 26, 10.39%, 0, 0, 7, 11.29
1747814209, 2, 1072, 1640, 1614, 26, 10.39%, 0, 0, 7, 11.72
1747814214, 2, 1073, 1640, 1614, 26, 10.39%, 0, 0, 7, 12.28
1747814219, 2, 1076, 1640, 1614, 26, 10.39%, 0, 0, 7, 12.25
1747814225, 2, 1077, 1640, 1614, 26, 10.39%, 0, 0, 7, 10.73
1747814230, 2, 1077, 1641, 1615, 26, 10.39%, 0, 0, 7, 1.73
1747814241, 2, 1078, 1641, 1615, 26, 10.39%, 0, 0, 7, 10.50
1747814246, 2, 1080, 1641, 1615, 26, 10.39%, 0, 0, 7, 12.30
1747814251, 2, 1081, 1641, 1615, 26, 10.39%, 0, 0, 7, 10.55
1747814256, 2, 1082, 1641, 1615, 26, 10.39%, 0, 0, 7, 10.94
1747814261, 2, 1083, 1641, 1615, 26, 10.39%, 0, 0, 7, 9.77
1747814266, 2, 1084, 1641, 1615, 26, 10.39%, 0, 0, 7, 12.38
1747814271, 2, 1087, 1641, 1615, 26, 10.39%, 0, 0, 7, 11.80
1747814277, 2, 1088, 1641, 1615, 26, 10.39%, 0, 0, 7, 11.66
1747814282, 2, 1089, 1641, 1615, 26, 10.39%, 0, 0, 7, 10.52
1747814287, 2, 1091, 1641, 1615, 26, 10.39%, 0, 0, 7, 12.61
1747814292, 2, 1093, 1641, 1615, 26, 10.39%, 0, 0, 7, 12.47
1747814297, 2, 1094, 1641, 1615, 26, 10.39%, 0, 0, 7, 11.59
1747814303, 2, 1095, 1641, 1615, 26, 10.39%, 0, 0, 7, 12.63
1747814308, 2, 1096, 1641, 1615, 26, 10.39%, 0, 0, 7, 10.08
1747814313, 2, 1098, 1641, 1615, 26, 10.39%, 0, 0, 7, 9.94
1747814318, 2, 1101, 1641, 1615, 26, 10.39%, 0, 0, 7, 9.14
1747814323, 2, 1102, 1641, 1615, 26, 10.39%, 0, 0, 7, 10.93
1747814329, 2, 1103, 1641, 1615, 26, 10.39%, 0, 0, 7, 9.77
1747814334, 2, 1104, 1641, 1615, 26, 10.39%, 0, 0, 7, 12.05
1747814339, 2, 1105, 1641, 1615, 26, 10.39%, 0, 0, 7, 10.47
1747814344, 2, 1107, 1641, 1615, 26, 10.39%, 0, 0, 7, 13.16
1747814349, 2, 1108, 1641, 1615, 26, 10.39%, 0, 0, 7, 12.02
1747814354, 2, 1110, 1641, 1615, 26, 10.39%, 0, 0, 7, 11.08
1747814359, 2, 1111, 1641, 1615, 26, 10.39%, 0, 0, 7, 10.96
1747814365, 2, 1114, 1641, 1615, 26, 10.39%, 0, 0, 7, 12.60
1747814370, 2, 1115, 1641, 1615, 26, 10.39%, 0, 0, 7, 10.76
1747814375, 2, 1116, 1641, 1615, 26, 10.39%, 0, 0, 7, 11.22
1747814380, 2, 1117, 1641, 1615, 26, 10.39%, 0, 0, 7, 12.98
1747814385, 2, 1120, 1641, 1615, 26, 10.39%, 0, 0, 7, 13.16
1747814390, 2, 1121, 1641, 1615, 26, 10.39%, 0, 0, 7, 12.30
1747814396, 2, 1122, 1641, 1615, 26, 10.39%, 0, 0, 7, 11.08
1747814401, 2, 1123, 1641, 1615, 26, 10.39%, 0, 0, 7, 9.46
1747814406, 2, 1124, 1641, 1615, 26, 10.39%, 0, 0, 7, 9.90
1747814411, 2, 1125, 1641, 1615, 26, 10.39%, 0, 0, 7, 9.54
1747814416, 2, 1126, 1641, 1615, 26, 10.39%, 0, 0, 7, 9.48
1747814421, 2, 1127, 1641, 1615, 26, 10.39%, 0, 0, 7, 11.69
1747814426, 2, 1128, 1641, 1615, 26, 10.39%, 0, 0, 7, 12.26
1747814431, 2, 1129, 1641, 1615, 26, 10.39%, 0, 0, 7, 13.16
1747814436, 2, 1130, 1641, 1615, 26, 10.39%, 0, 0, 7, 11.27
1747814441, 2, 1131, 1641, 1615, 26, 10.39%, 0, 0, 7, 12.13
1747814447, 2, 1133, 1641, 1615, 26, 10.39%, 0, 0, 7, 11.29
1747814457, 2, 1135, 1641, 1615, 26, 10.39%, 0, 0, 7, 11.22
1747814462, 2, 1136, 1641, 1615, 26, 10.39%, 0, 0, 7, 10.96
1747814467, 2, 1137, 1641, 1615, 26, 10.39%, 0, 0, 7, 9.88
1747814472, 2, 1138, 1641, 1615, 26, 10.39%, 0, 0, 7, 12.14
1747814477, 2, 1139, 1641, 1615, 26, 10.39%, 0, 0, 7, 11.82
1747814483, 2, 1141, 1641, 1615, 26, 10.39%, 0, 0, 7, 11.98
1747814488, 2, 1144, 1641, 1615, 26, 10.39%, 0, 0, 7, 10.78
1747814493, 2, 1145, 1641, 1615, 26, 10.39%, 0, 0, 7, 12.32
1747814498, 2, 1147, 1641, 1615, 26, 10.39%, 0, 0, 7, 18.38
1747814503, 2, 1149, 1641, 1615, 26, 10.39%, 0, 0, 7, 16.69
1747814508, 2, 1150, 1641, 1615, 26, 10.39%, 0, 0, 7, 11.66
1747814513, 2, 1151, 1641, 1615, 26, 10.39%, 0, 0, 7, 13.65
1747814518, 2, 1152, 1641, 1615, 26, 10.39%, 0, 0, 7, 11.69
1747814523, 2, 1154, 1641, 1615, 26, 10.39%, 0, 0, 7, 9.65
1747814529, 2, 1155, 1641, 1615, 26, 10.39%, 0, 0, 7, 10.59
1747814534, 2, 1157, 1641, 1615, 26, 10.39%, 0, 0, 7, 10.44
1747814539, 2, 1159, 1641, 1615, 26, 10.39%, 0, 0, 7, 11.32
1747814544, 2, 1161, 1641, 1615, 26, 10.39%, 0, 0, 7, 13.05
1747814549, 2, 1163, 1641, 1615, 26, 10.39%, 0, 0, 7, 13.30
1747814555, 2, 1165, 1641, 1615, 26, 10.39%, 0, 0, 7, 10.93
1747814565, 2, 1166, 1641, 1615, 26, 10.39%, 0, 0, 7, 9.95
1747814570, 2, 1167, 1641, 1615, 26, 10.39%, 0, 0, 7, 10.99
1747814575, 2, 1170, 1641, 1615, 26, 10.39%, 0, 0, 7, 11.07
1747814580, 2, 1171, 1641, 1615, 26, 10.39%, 0, 0, 7, 10.64
1747814586, 2, 1172, 1641, 1615, 26, 10.39%, 0, 0, 7, 11.48
1747814591, 2, 1173, 1641, 1615, 26, 10.39%, 0, 0, 7, 13.96
1747814596, 2, 1174, 1641, 1615, 26, 10.39%, 0, 0, 7, 11.67
1747814601, 2, 1176, 1641, 1615, 26, 10.39%, 0, 0, 7, 9.57
1747814606, 2, 1177, 1641, 1615, 26, 10.39%, 0, 0, 7, 11.22
1747814611, 2, 1178, 1641, 1615, 26, 10.39%, 0, 0, 7, 10.70
1747814617, 2, 1179, 1641, 1615, 26, 10.39%, 0, 0, 7, 11.03
1747814622, 2, 1182, 1641, 1615, 26, 10.39%, 0, 0, 7, 12.08
1747814627, 2, 1184, 1641, 1615, 26, 10.39%, 0, 0, 7, 12.53
1747814632, 2, 1186, 1641, 1615, 26, 10.39%, 0, 0, 7, 11.77
1747814637, 2, 1187, 1641, 1615, 26, 10.39%, 0, 0, 7, 12.11
1747814642, 2, 1188, 1641, 1615, 26, 10.39%, 0, 0, 7, 11.04
1747814647, 2, 1190, 1641, 1615, 26, 10.39%, 0, 0, 7, 10.52
1747814652, 2, 1191, 1641, 1615, 26, 10.39%, 0, 0, 7, 10.36
1747814657, 2, 1192, 1641, 1615, 26, 10.39%, 0, 0, 7, 9.95
1747814663, 2, 1193, 1641, 1615, 26, 10.39%, 0, 0, 7, 10.55
1747814668, 2, 1194, 1641, 1615, 26, 10.39%, 0, 0, 7, 11.34
1747814673, 2, 1195, 1641, 1615, 26, 10.39%, 0, 0, 7, 10.77
1747814678, 2, 1197, 1641, 1615, 26, 10.39%, 0, 0, 7, 10.75
1747814683, 2, 1199, 1641, 1615, 26, 10.39%, 0, 0, 7, 10.06
1747814689, 2, 1202, 1641, 1615, 26, 10.39%, 0, 0, 7, 14.12
1747814694, 2, 1203, 1641, 1615, 26, 10.39%, 0, 0, 7, 12.39
1747814699, 2, 1206, 1641, 1615, 26, 10.39%, 0, 0, 7, 9.94
1747814704, 2, 1207, 1641, 1615, 26, 10.39%, 0, 0, 7, 10.40
1747814709, 2, 1208, 1641, 1615, 26, 10.39%, 0, 0, 7, 10.71
1747814715, 2, 1209, 1641, 1615, 26, 10.39%, 0, 0, 7, 10.54
1747814720, 2, 1212, 1641, 1615, 26, 10.39%, 0, 0, 7, 10.86
1747814725, 2, 1213, 1641, 1615, 26, 10.39%, 0, 0, 7, 10.45
1747814730, 2, 1214, 1641, 1615, 26, 10.39%, 0, 0, 7, 9.64
1747814735, 2, 1215, 1641, 1615, 26, 10.39%, 0, 0, 7, 10.03
1747814740, 2, 1216, 1641, 1615, 26, 10.39%, 0, 0, 7, 10.40
1747814745, 2, 1217, 1641, 1615, 26, 10.39%, 0, 0, 7, 10.52
1747814750, 2, 1218, 1641, 1615, 26, 10.39%, 0, 0, 7, 10.88
1747814755, 2, 1221, 1641, 1615, 26, 10.39%, 0, 0, 7, 11.50
1747814760, 2, 1222, 1641, 1615, 26, 10.39%, 0, 0, 7, 12.90
1747815781, 2, 1222, 1643, 1617, 26, 10.39%, 0, 0, 7, 3.91
1747815847, 2, 1223, 1643, 1616, 25, 10.39%, 0, 0, 7, 10.85
1747815857, 2, 1224, 1643, 1616, 25, 10.39%, 0, 0, 7, 9.29
1747815862, 2, 1225, 1643, 1616, 25, 10.39%, 0, 0, 7, 9.81
1747815867, 2, 1226, 1643, 1616, 25, 10.39%, 0, 0, 7, 10.87
1747815872, 2, 1227, 1643, 1616, 25, 10.39%, 0, 0, 7, 11.60
1747815878, 2, 1230, 1643, 1616, 25, 10.39%, 0, 0, 7, 11.16
1747815883, 2, 1231, 1643, 1616, 25, 10.39%, 0, 0, 7, 12.14
1747815888, 2, 1232, 1643, 1616, 25, 10.39%, 0, 0, 7, 11.96
1747815893, 2, 1233, 1643, 1616, 25, 10.39%, 0, 0, 7, 10.50
1747815898, 2, 1234, 1643, 1616, 25, 10.39%, 0, 0, 7, 9.96
1747815903, 2, 1235, 1643, 1616, 25, 10.39%, 0, 0, 7, 12.54
1747815908, 2, 1236, 1643, 1616, 25, 10.39%, 0, 0, 7, 11.15
1747815913, 2, 1237, 1643, 1616, 25, 10.39%, 0, 0, 7, 10.59
1747815919, 2, 1238, 1643, 1616, 25, 10.39%, 0, 0, 7, 10.00
1747815924, 2, 1239, 1643, 1616, 25, 10.39%, 0, 0, 7, 11.63
1747815929, 2, 1240, 1643, 1616, 25, 10.39%, 0, 0, 7, 11.42
1747815934, 2, 1242, 1643, 1616, 25, 10.39%, 0, 0, 7, 12.66
1747815939, 2, 1243, 1643, 1616, 25, 10.39%, 0, 0, 7, 10.18
1747815945, 2, 1244, 1643, 1616, 25, 10.39%, 0, 0, 7, 8.94
1747815950, 2, 1245, 1643, 1616, 25, 10.39%, 0, 0, 7, 10.28
1747815955, 2, 1246, 1643, 1616, 25, 10.39%, 0, 0, 7, 13.21
1747815960, 2, 1247, 1643, 1616, 25, 10.39%, 0, 0, 7, 12.06
1747815965, 2, 1249, 1643, 1616, 25, 10.39%, 0, 0, 7, 11.46
1747815970, 2, 1250, 1643, 1616, 25, 10.39%, 0, 0, 7, 12.96
1747815976, 2, 1251, 1643, 1616, 25, 10.39%, 0, 0, 7, 11.49
1747815981, 2, 1253, 1643, 1616, 25, 10.39%, 0, 0, 7, 11.36
1747815986, 2, 1254, 1643, 1616, 25, 10.39%, 0, 0, 7, 10.47
1747815991, 2, 1257, 1643, 1616, 25, 10.39%, 0, 0, 7, 9.88
1747815996, 2, 1259, 1643, 1616, 25, 10.39%, 0, 0, 7, 9.49
1747816002, 2, 1261, 1643, 1616, 25, 10.39%, 0, 0, 7, 11.55
1747816007, 2, 1263, 1643, 1616, 25, 10.39%, 0, 0, 7, 10.26
1747816012, 2, 1265, 1643, 1616, 25, 10.39%, 0, 0, 7, 13.46
1747816017, 2, 1266, 1643, 1616, 25, 10.39%, 0, 0, 7, 12.99
1747816022, 2, 1267, 1643, 1616, 25, 10.39%, 0, 0, 7, 10.20
1747816027, 2, 1268, 1643, 1616, 25, 10.39%, 0, 0, 7, 8.95
1747816032, 2, 1269, 1643, 1616, 25, 10.39%, 0, 0, 7, 11.14
1747816037, 2, 1270, 1643, 1616, 25, 10.39%, 0, 0, 7, 10.65
1747816042, 2, 1271, 1643, 1616, 25, 10.39%, 0, 0, 7, 11.01
1747816047, 2, 1272, 1643, 1616, 25, 10.39%, 0, 0, 7, 11.56
1747816053, 2, 1276, 1643, 1616, 25, 10.39%, 0, 0, 7, 11.45
1747816058, 2, 1277, 1643, 1616, 25, 10.39%, 0, 0, 7, 11.20
1747816063, 2, 1279, 1643, 1616, 25, 10.39%, 0, 0, 7, 2.12
1747816068, 2, 1280, 1643, 1616, 25, 10.39%, 0, 0, 7, 11.46
1747816078, 2, 1282, 1643, 1616, 25, 10.39%, 0, 0, 7, 11.42
1747816084, 2, 1283, 1643, 1616, 25, 10.39%, 0, 0, 7, 10.88
1747816094, 2, 1285, 1643, 1616, 25, 10.39%, 0, 0, 7, 11.61
1747816099, 2, 1287, 1643, 1616, 25, 10.39%, 0, 0, 7, 2.96
1747816104, 2, 1287, 1644, 1617, 25, 10.39%, 0, 0, 7, 21.46
1747816109, 2, 1288, 1644, 1617, 25, 10.39%, 0, 0, 7, 14.37
1747816114, 2, 1292, 1644, 1617, 25, 10.39%, 0, 0, 7, 14.70
1747816120, 2, 1293, 1644, 1617, 25, 10.39%, 0, 0, 7, 10.89
1747816125, 2, 1294, 1644, 1617, 25, 10.39%, 0, 0, 7, 11.73
1747816130, 2, 1295, 1644, 1617, 25, 10.39%, 0, 0, 7, 10.05
1747816135, 2, 1296, 1644, 1617, 25, 10.39%, 0, 0, 7, 9.12
1747816140, 2, 1297, 1644, 1617, 25, 10.39%, 0, 0, 7, 10.18
1747816145, 2, 1298, 1644, 1617, 25, 10.39%, 0, 0, 7, 11.83
1747816151, 2, 1299, 1644, 1617, 25, 10.39%, 0, 0, 7, 11.46
1747816156, 2, 1300, 1644, 1617, 25, 10.39%, 0, 0, 7, 12.62
1747816161, 2, 1301, 1644, 1617, 25, 10.39%, 0, 0, 7, 11.40
1747816166, 2, 1302, 1644, 1617, 25, 10.39%, 0, 0, 7, 10.33
1747816171, 2, 1303, 1644, 1617, 25, 10.39%, 0, 0, 7, 3.80
1747816176, 2, 1304, 1644, 1617, 25, 10.39%, 0, 0, 7, 9.33
1747816181, 2, 1305, 1644, 1617, 25, 10.39%, 0, 0, 7, 12.38
1747816939, 2, 1307, 1644, 1616, 24, 10.39%, 0, 0, 7, 13.15
1747816944, 2, 1308, 1644, 1616, 24, 10.39%, 0, 0, 7, 10.72
1747816949, 2, 1309, 1645, 1617, 24, 10.39%, 0, 0, 7, 11.17
1747816960, 2, 1310, 1645, 1617, 25, 10.39%, 0, 0, 7, 9.71
1747816965, 2, 1311, 1645, 1617, 25, 10.39%, 0, 0, 7, 10.17
1747816970, 2, 1313, 1645, 1617, 25, 10.39%, 0, 0, 7, 11.88
1747816975, 2, 1314, 1645, 1617, 25, 10.39%, 0, 0, 7, 12.14
1747816980, 2, 1316, 1645, 1617, 25, 10.39%, 0, 0, 7, 13.47
1747816986, 2, 1317, 1645, 1617, 25, 10.39%, 0, 0, 7, 11.51
1747816991, 2, 1318, 1645, 1617, 25, 10.39%, 0, 0, 7, 11.59
1747816996, 2, 1319, 1645, 1617, 25, 10.39%, 0, 0, 7, 9.91
1747817001, 2, 1320, 1645, 1617, 25, 10.39%, 0, 0, 7, 10.31
1747817006, 2, 1321, 1645, 1617, 25, 10.39%, 0, 0, 7, 10.88
1747817011, 2, 1322, 1645, 1617, 25, 10.39%, 0, 0, 7, 10.63
1747817016, 2, 1324, 1645, 1617, 25, 10.39%, 0, 0, 7, 10.67
1747817021, 2, 1325, 1645, 1617, 25, 10.39%, 0, 0, 7, 11.95
1747817027, 2, 1326, 1645, 1617, 25, 10.39%, 0, 0, 7, 11.08
1747817032, 2, 1327, 1645, 1617, 25, 10.39%, 0, 0, 7, 10.27
1747817037, 2, 1328, 1645, 1617, 25, 10.39%, 0, 0, 7, 12.47
1747817042, 2, 1331, 1645, 1617, 25, 10.39%, 0, 0, 7, 13.22
1747817047, 2, 1332, 1645, 1617, 25, 10.39%, 0, 0, 7, 10.28
1747817053, 2, 1333, 1645, 1617, 25, 10.39%, 0, 0, 7, 11.13
1747817058, 2, 1334, 1645, 1617, 25, 10.39%, 0, 0, 7, 13.14
1747817063, 2, 1335, 1646, 1618, 25, 10.39%, 0, 0, 7, 8.98
1747817073, 2, 1336, 1646, 1618, 25, 10.39%, 0, 0, 7, 10.27
1747817078, 2, 1337, 1646, 1618, 25, 10.39%, 0, 0, 7, 12.19
1747817084, 2, 1339, 1646, 1618, 25, 10.39%, 0, 0, 7, 12.11
1747817089, 2, 1339, 1647, 1619, 25, 10.42%, 0, 0, 7, 1.74
1747817100, 2, 1340, 1647, 1619, 23, 10.42%, 0, 0, 7, 7.09
1747817105, 2, 1341, 1647, 1619, 23, 10.42%, 0, 0, 7, 9.12
1747817110, 2, 1342, 1647, 1619, 23, 10.42%, 0, 0, 7, 12.28
1747817115, 2, 1343, 1647, 1619, 23, 10.42%, 0, 0, 7, 9.64
1747817120, 2, 1344, 1647, 1619, 23, 10.42%, 0, 0, 7, 10.39
1747817125, 2, 1345, 1647, 1619, 23, 10.42%, 0, 0, 7, 10.73
1747817130, 2, 1346, 1647, 1619, 23, 10.42%, 0, 0, 7, 10.51
1747817135, 2, 1348, 1647, 1619, 23, 10.42%, 0, 0, 7, 11.82
1747817141, 2, 1349, 1647, 1619, 23, 10.42%, 0, 0, 7, 10.28
1747817146, 2, 1352, 1647, 1619, 23, 10.42%, 0, 0, 7, 11.17
1747817151, 2, 1353, 1647, 1619, 23, 10.42%, 0, 0, 7, 12.43
1747817156, 2, 1354, 1647, 1619, 23, 10.42%, 0, 0, 7, 12.86
1747817161, 2, 1355, 1647, 1619, 23, 10.42%, 0, 0, 7, 10.71
1747817166, 2, 1356, 1647, 1619, 23, 10.42%, 0, 0, 7, 12.62
1747817171, 2, 1357, 1647, 1619, 23, 10.42%, 0, 0, 7, 11.18
1747817176, 2, 1358, 1647, 1619, 23, 10.42%, 0, 0, 7, 11.16
1747817182, 2, 1361, 1647, 1619, 23, 10.42%, 0, 0, 7, 12.07
