# unix_time, cycles_done, cur_path, paths_total, pending_total, pending_favs, map_size, unique_crashes, unique_hangs, max_depth, execs_per_sec
1747774284, 0, 0, 1, 1, 1, 4.98%, 0, 0, 1, 33.90
1747774289, 0, 0, 30, 30, 1, 5.13%, 0, 0, 2, 46.52
1747774294, 0, 0, 58, 58, 1, 5.13%, 0, 0, 2, 50.43
1747774299, 0, 0, 84, 84, 1, 6.35%, 0, 0, 2, 44.23
1747774304, 0, 0, 95, 95, 1, 6.55%, 0, 0, 2, 27.43
1747774309, 0, 0, 109, 109, 1, 6.77%, 0, 0, 2, 27.06
1747774315, 0, 0, 116, 116, 1, 6.79%, 0, 0, 2, 16.86
1747774320, 0, 0, 126, 126, 1, 6.80%, 0, 0, 2, 18.06
1747774325, 0, 0, 137, 137, 1, 6.80%, 0, 0, 2, 23.18
1747774330, 0, 0, 146, 146, 1, 6.80%, 0, 0, 2, 19.21
1747774335, 0, 0, 155, 155, 1, 6.80%, 0, 0, 2, 18.32
1747774340, 0, 0, 163, 163, 1, 6.80%, 0, 0, 2, 16.16
1747774345, 0, 0, 174, 174, 1, 6.81%, 0, 0, 2, 18.69
1747774350, 0, 0, 184, 184, 1, 6.81%, 0, 0, 2, 18.67
1747774355, 0, 0, 194, 194, 1, 6.81%, 0, 0, 2, 18.26
1747774361, 0, 0, 202, 202, 1, 6.81%, 0, 0, 2, 19.10
1747774366, 0, 0, 212, 212, 1, 6.81%, 0, 0, 2, 19.00
1747774371, 0, 0, 222, 222, 1, 6.81%, 0, 0, 2, 18.39
1747774376, 0, 0, 230, 230, 1, 6.81%, 0, 0, 2, 17.46
1747774381, 0, 0, 237, 237, 1, 6.81%, 0, 0, 2, 13.27
1747774386, 0, 0, 246, 246, 1, 6.81%, 0, 0, 2, 19.12
1747774391, 0, 0, 254, 254, 1, 6.81%, 0, 0, 2, 17.38
1747774396, 0, 0, 264, 264, 1, 6.82%, 0, 0, 2, 20.12
1747774402, 0, 0, 273, 273, 1, 6.83%, 0, 0, 2, 19.80
1747774407, 0, 0, 280, 280, 1, 6.83%, 0, 0, 2, 15.03
1747774412, 0, 0, 290, 290, 1, 6.83%, 0, 0, 2, 17.07
1747774417, 0, 0, 298, 298, 1, 6.83%, 0, 0, 2, 17.69
1747774422, 0, 0, 306, 306, 1, 6.83%, 0, 0, 2, 15.49
1747774427, 0, 0, 316, 316, 1, 6.83%, 0, 0, 2, 16.25
1747774432, 0, 0, 325, 325, 1, 6.83%, 0, 0, 2, 20.45
1747774437, 0, 0, 335, 335, 1, 6.83%, 0, 0, 2, 18.60
1747774443, 0, 0, 342, 342, 1, 6.83%, 0, 0, 2, 16.77
1747774448, 0, 0, 351, 351, 1, 6.83%, 0, 0, 2, 16.56
1747774453, 0, 0, 357, 357, 1, 6.83%, 0, 0, 2, 13.89
1747774458, 0, 0, 367, 367, 1, 6.83%, 0, 0, 2, 20.05
1747774463, 0, 0, 374, 374, 1, 6.83%, 0, 0, 2, 17.98
1747774468, 0, 0, 382, 382, 1, 6.83%, 0, 0, 2, 16.86
1747774473, 0, 0, 387, 387, 1, 6.83%, 0, 0, 2, 13.43
1747774478, 0, 0, 395, 395, 1, 6.83%, 0, 0, 2, 17.28
1747774483, 0, 0, 403, 403, 1, 6.83%, 0, 0, 2, 14.74
1747774488, 0, 0, 411, 411, 1, 6.83%, 0, 0, 2, 18.54
1747774494, 0, 0, 420, 420, 1, 6.83%, 0, 0, 2, 17.99
1747774499, 0, 0, 428, 428, 1, 6.83%, 0, 0, 2, 19.90
1747774504, 0, 0, 437, 437, 1, 6.83%, 0, 0, 2, 19.30
1747774509, 0, 0, 442, 442, 1, 6.83%, 0, 0, 2, 14.72
1747774514, 0, 0, 445, 445, 1, 6.83%, 0, 0, 2, 11.39
1747774519, 0, 0, 448, 448, 1, 6.83%, 0, 0, 2, 13.54
1747774524, 0, 0, 452, 452, 1, 6.83%, 0, 0, 2, 13.10
1747774529, 0, 0, 456, 456, 1, 6.83%, 0, 0, 2, 9.63
1747774535, 0, 0, 461, 461, 1, 6.83%, 0, 0, 2, 9.35
1747774540, 0, 0, 465, 465, 1, 6.83%, 0, 0, 2, 10.16
1747774545, 0, 0, 470, 470, 1, 6.83%, 0, 0, 2, 10.06
1747774550, 0, 0, 473, 473, 1, 6.83%, 0, 0, 2, 9.20
1747774555, 0, 0, 479, 479, 1, 6.83%, 0, 0, 2, 11.76
1747774561, 0, 0, 484, 484, 1, 6.83%, 0, 0, 2, 12.13
1747774566, 0, 0, 488, 488, 1, 6.83%, 0, 0, 2, 11.36
1747774571, 0, 0, 491, 491, 1, 6.83%, 0, 0, 2, 9.34
1747774576, 0, 0, 496, 496, 1, 6.83%, 0, 0, 2, 9.19
1747774581, 0, 0, 500, 500, 1, 6.83%, 0, 0, 2, 12.58
1747774586, 0, 0, 504, 504, 1, 6.83%, 0, 0, 2, 11.68
1747774591, 0, 0, 509, 509, 1, 6.83%, 0, 0, 2, 13.03
1747774596, 0, 0, 512, 512, 1, 6.83%, 0, 0, 2, 9.04
1747774602, 0, 0, 515, 515, 1, 6.83%, 0, 0, 2, 11.10
1747774607, 0, 0, 519, 519, 1, 6.83%, 0, 0, 2, 11.71
1747774612, 0, 0, 523, 523, 1, 6.83%, 0, 0, 2, 10.83
1747774617, 0, 0, 527, 527, 1, 6.83%, 0, 0, 2, 9.99
1747774622, 0, 0, 531, 531, 1, 6.83%, 0, 0, 2, 11.23
1747774627, 0, 0, 536, 536, 1, 6.83%, 0, 0, 2, 12.29
1747774632, 0, 0, 540, 540, 1, 6.83%, 0, 0, 2, 13.91
1747774638, 0, 0, 544, 544, 1, 6.83%, 0, 0, 2, 9.83
1747774643, 0, 0, 548, 548, 1, 6.83%, 0, 0, 2, 8.80
1747774648, 0, 0, 549, 549, 1, 6.83%, 0, 0, 2, 11.11
1747774653, 0, 0, 552, 552, 1, 6.83%, 0, 0, 2, 11.10
1747774658, 0, 0, 554, 554, 1, 6.83%, 0, 0, 2, 10.26
1747774663, 0, 0, 557, 557, 1, 6.83%, 0, 0, 2, 10.13
1747774668, 0, 0, 560, 560, 1, 6.83%, 0, 0, 2, 11.37
1747774674, 0, 0, 562, 562, 1, 6.83%, 0, 0, 2, 10.47
1747774679, 0, 0, 564, 564, 1, 6.83%, 0, 0, 2, 9.49
1747774684, 0, 0, 566, 566, 1, 6.83%, 0, 0, 2, 10.41
1747774689, 0, 0, 568, 568, 1, 6.83%, 0, 0, 2, 12.89
1747774694, 0, 0, 570, 570, 1, 6.83%, 0, 0, 2, 12.84
1747774699, 0, 0, 573, 573, 1, 6.83%, 0, 0, 2, 12.46
1747774704, 0, 0, 577, 577, 1, 6.83%, 0, 0, 2, 12.39
1747774709, 0, 0, 579, 579, 1, 6.83%, 0, 0, 2, 10.40
1747774715, 0, 0, 583, 583, 1, 6.83%, 0, 0, 2, 13.57
1747774720, 0, 0, 585, 585, 1, 6.83%, 0, 0, 2, 9.29
1747774725, 0, 0, 588, 588, 1, 6.83%, 0, 0, 2, 9.48
1747774730, 0, 0, 591, 591, 1, 6.83%, 0, 0, 2, 9.65
1747774735, 0, 0, 595, 595, 1, 6.83%, 0, 0, 2, 11.14
1747774740, 0, 0, 597, 597, 1, 6.83%, 0, 0, 2, 10.14
1747774746, 0, 0, 599, 599, 1, 6.83%, 0, 0, 2, 11.92
1747774751, 0, 0, 601, 601, 1, 6.83%, 0, 0, 2, 11.20
1747774756, 0, 0, 604, 604, 1, 6.83%, 0, 0, 2, 10.88
1747774761, 0, 0, 606, 606, 1, 6.83%, 0, 0, 2, 11.21
1747774766, 0, 0, 610, 610, 1, 6.83%, 0, 0, 2, 11.72
1747774771, 0, 0, 611, 611, 1, 6.83%, 0, 0, 2, 11.26
1747774776, 0, 0, 615, 615, 1, 6.83%, 0, 0, 2, 12.72
1747774781, 0, 0, 618, 618, 1, 6.83%, 0, 0, 2, 13.66
1747774787, 0, 0, 621, 621, 1, 6.83%, 0, 0, 2, 9.87
1747774792, 0, 0, 622, 622, 1, 6.83%, 0, 0, 2, 12.31
1747774797, 0, 0, 624, 624, 1, 6.83%, 0, 0, 2, 12.35
1747774802, 0, 0, 626, 626, 1, 6.83%, 0, 0, 2, 10.90
1747774807, 0, 0, 629, 629, 1, 6.83%, 0, 0, 2, 13.29
1747774813, 0, 0, 630, 630, 1, 6.83%, 0, 0, 2, 13.66
1747774818, 0, 0, 633, 633, 1, 6.83%, 0, 0, 2, 9.99
1747774828, 0, 0, 636, 636, 1, 6.83%, 0, 0, 2, 10.99
1747774838, 0, 0, 638, 638, 1, 6.83%, 0, 0, 2, 15.08
1747774843, 0, 0, 640, 640, 1, 6.83%, 0, 0, 2, 13.55
1747774848, 0, 0, 642, 642, 1, 6.83%, 0, 0, 2, 13.80
1747774854, 0, 0, 643, 643, 1, 6.83%, 0, 0, 2, 15.25
1747774859, 0, 0, 644, 644, 1, 6.83%, 0, 0, 2, 15.74
1747774864, 0, 0, 648, 648, 1, 6.84%, 0, 0, 2, 10.37
1747774869, 0, 0, 650, 650, 1, 6.84%, 0, 0, 2, 12.12
1747774874, 0, 0, 653, 653, 1, 6.84%, 0, 0, 2, 11.56
1747774879, 0, 0, 654, 654, 1, 6.84%, 0, 0, 2, 12.42
1747774889, 0, 0, 655, 655, 1, 6.84%, 0, 0, 2, 13.74
1747774894, 0, 0, 657, 657, 1, 6.84%, 0, 0, 2, 10.53
1747774900, 0, 0, 658, 658, 1, 6.84%, 0, 0, 2, 12.46
1747774905, 0, 0, 661, 661, 1, 6.84%, 0, 0, 2, 11.79
1747774910, 0, 0, 662, 662, 1, 6.84%, 0, 0, 2, 10.61
1747774915, 0, 0, 664, 664, 1, 6.84%, 0, 0, 2, 12.79
1747774920, 0, 0, 665, 665, 1, 6.84%, 0, 0, 2, 12.84
1747774925, 0, 0, 666, 666, 1, 6.84%, 0, 0, 2, 14.26
1747774930, 0, 0, 667, 667, 1, 6.84%, 0, 0, 2, 12.30
1747774940, 0, 0, 669, 669, 1, 6.84%, 0, 0, 2, 9.21
1747774945, 0, 0, 670, 670, 1, 6.84%, 0, 0, 2, 10.86
1747774955, 0, 0, 671, 671, 1, 6.84%, 0, 0, 2, 11.91
1747774961, 0, 0, 674, 674, 1, 6.84%, 0, 0, 2, 10.15
1747774966, 0, 0, 675, 675, 1, 6.84%, 0, 0, 2, 11.35
1747774971, 0, 0, 676, 676, 1, 6.84%, 0, 0, 2, 13.71
1747774981, 0, 0, 677, 677, 1, 6.84%, 0, 0, 2, 13.70
1747774986, 0, 0, 678, 678, 1, 6.84%, 0, 0, 2, 12.44
1747774991, 0, 0, 680, 680, 1, 6.84%, 0, 0, 2, 10.83
1747774997, 0, 0, 681, 681, 1, 6.84%, 0, 0, 2, 12.04
1747775012, 0, 0, 682, 682, 1, 6.84%, 0, 0, 2, 12.92
1747775017, 0, 0, 683, 683, 1, 6.84%, 0, 0, 2, 12.65
1747775022, 0, 0, 684, 684, 1, 6.84%, 0, 0, 2, 12.25
1747775032, 0, 0, 685, 685, 1, 6.84%, 0, 0, 2, 11.89
1747775053, 0, 0, 687, 687, 1, 6.84%, 0, 0, 2, 10.86
1747775058, 0, 0, 689, 689, 1, 6.84%, 0, 0, 2, 11.26
1747775063, 0, 0, 690, 690, 1, 6.84%, 0, 0, 2, 11.93
1747775068, 0, 0, 691, 691, 1, 6.84%, 0, 0, 2, 13.56
1747775074, 0, 0, 692, 692, 1, 6.84%, 0, 0, 2, 13.43
1747775079, 0, 0, 694, 694, 1, 6.84%, 0, 0, 2, 10.19
1747775084, 0, 0, 695, 695, 1, 6.84%, 0, 0, 2, 10.78
1747775089, 0, 0, 696, 696, 1, 6.84%, 0, 0, 2, 11.76
1747775094, 0, 0, 698, 698, 1, 6.84%, 0, 0, 2, 11.51
1747775099, 0, 0, 699, 699, 1, 6.84%, 0, 0, 2, 12.29
1747775104, 0, 0, 700, 700, 1, 6.84%, 0, 0, 2, 7.72
1747775115, 0, 0, 701, 701, 1, 6.84%, 0, 0, 2, 9.71
1747775120, 0, 0, 702, 702, 1, 6.84%, 0, 0, 2, 11.27
1747775135, 0, 0, 703, 703, 1, 6.84%, 0, 0, 2, 15.12
1747775146, 0, 0, 704, 704, 1, 6.84%, 0, 0, 2, 14.34
1747775151, 0, 0, 705, 705, 1, 6.84%, 0, 0, 2, 12.19
1747775161, 0, 0, 706, 706, 1, 6.84%, 0, 0, 2, 12.52
1747775166, 0, 0, 707, 707, 1, 6.84%, 0, 0, 2, 12.40
1747775187, 0, 0, 708, 708, 1, 6.84%, 0, 0, 2, 11.18
1747775192, 0, 0, 709, 709, 1, 6.84%, 0, 0, 2, 12.53
1747775202, 0, 1, 710, 709, 16, 6.84%, 0, 0, 2, 9.01
1747775207, 0, 1, 711, 710, 16, 6.84%, 0, 0, 2, 7.47
1747775217, 0, 1, 713, 712, 16, 7.40%, 0, 0, 2, 5.97
1747775223, 0, 1, 715, 714, 16, 7.41%, 0, 0, 2, 5.86
1747775228, 0, 1, 716, 715, 16, 7.46%, 0, 0, 2, 5.28
1747775233, 0, 1, 717, 716, 16, 7.46%, 0, 0, 2, 6.07
1747775238, 0, 1, 718, 717, 16, 7.46%, 0, 0, 2, 6.12
1747775248, 0, 1, 720, 719, 16, 7.48%, 0, 0, 2, 5.35
1747775254, 0, 1, 722, 721, 16, 7.49%, 0, 0, 2, 4.93
1747775259, 0, 1, 724, 723, 16, 7.49%, 0, 0, 2, 4.72
1747775264, 0, 1, 726, 725, 16, 7.49%, 0, 0, 2, 4.42
1747775269, 0, 1, 728, 727, 16, 7.49%, 0, 0, 2, 4.64
1747775274, 0, 1, 729, 728, 16, 7.49%, 0, 0, 2, 5.91
1747775279, 0, 1, 731, 730, 16, 7.49%, 0, 0, 2, 6.30
1747775289, 0, 1, 733, 732, 16, 7.49%, 0, 0, 2, 6.80
1747775300, 0, 1, 735, 734, 16, 7.49%, 0, 0, 2, 4.77
1747775305, 0, 1, 736, 735, 16, 7.49%, 0, 0, 2, 5.58
1747775310, 0, 1, 737, 736, 16, 7.49%, 0, 0, 2, 5.00
1747775315, 0, 1, 738, 737, 16, 7.49%, 0, 0, 2, 6.03
1747775321, 0, 1, 739, 738, 16, 7.49%, 0, 0, 2, 5.55
1747775326, 0, 1, 741, 740, 16, 7.49%, 0, 0, 2, 5.57
1747775331, 0, 1, 742, 741, 16, 7.49%, 0, 0, 2, 6.39
1747775336, 0, 1, 743, 742, 16, 7.49%, 0, 0, 2, 6.47
1747775341, 0, 1, 744, 743, 16, 7.49%, 0, 0, 2, 6.34
1747775346, 0, 1, 746, 745, 16, 7.49%, 0, 0, 2, 5.25
1747775351, 0, 1, 747, 746, 16, 7.49%, 0, 0, 2, 5.04
1747775356, 0, 1, 748, 747, 16, 7.49%, 0, 0, 2, 6.51
1747775362, 0, 1, 749, 748, 16, 7.49%, 0, 0, 2, 5.58
1747775372, 0, 1, 750, 749, 16, 7.49%, 0, 0, 2, 5.61
1747775377, 0, 1, 751, 750, 16, 7.49%, 0, 0, 2, 5.88
1747775383, 0, 1, 752, 751, 16, 7.49%, 0, 0, 2, 6.37
1747775403, 0, 1, 753, 752, 16, 7.49%, 0, 0, 2, 7.04
1747775418, 0, 1, 754, 753, 16, 7.49%, 0, 0, 2, 5.85
1747775429, 0, 1, 755, 754, 16, 7.49%, 0, 0, 2, 6.18
1747775445, 0, 1, 756, 755, 16, 7.49%, 0, 0, 2, 6.34
1747775460, 0, 1, 757, 756, 16, 7.49%, 0, 0, 2, 6.70
1747775465, 0, 1, 760, 759, 16, 7.55%, 0, 0, 2, 6.17
1747775481, 0, 1, 761, 760, 16, 7.55%, 0, 0, 2, 6.02
1747775491, 0, 1, 762, 761, 16, 7.55%, 0, 0, 2, 6.62
1747775496, 0, 1, 763, 762, 16, 7.55%, 0, 0, 2, 6.48
1747775537, 0, 1, 764, 763, 16, 7.55%, 0, 0, 2, 6.14
1747775542, 0, 2, 765, 764, 18, 7.55%, 0, 0, 2, 6.06
1747775547, 0, 2, 766, 765, 18, 7.55%, 0, 0, 2, 6.32
1747775563, 0, 2, 767, 766, 18, 7.55%, 0, 0, 2, 6.46
1747775573, 0, 2, 768, 767, 18, 7.55%, 0, 0, 2, 6.41
1747775583, 0, 2, 769, 768, 18, 7.56%, 0, 0, 2, 5.64
1747775594, 0, 2, 770, 769, 18, 7.56%, 0, 0, 2, 5.59
1747775599, 0, 2, 771, 770, 18, 7.56%, 0, 0, 2, 5.14
1747775624, 0, 2, 772, 771, 18, 7.56%, 0, 0, 2, 5.76
1747775629, 0, 2, 773, 772, 18, 7.56%, 0, 0, 2, 5.99
1747775634, 0, 2, 774, 773, 18, 7.56%, 0, 0, 2, 6.35
1747775640, 0, 2, 775, 774, 18, 7.58%, 0, 0, 2, 5.24
1747775655, 0, 2, 776, 775, 18, 7.58%, 0, 0, 2, 6.62
1747775691, 0, 2, 777, 776, 18, 7.58%, 0, 0, 2, 6.35
1747775696, 0, 2, 778, 777, 18, 7.58%, 0, 0, 2, 7.23
1747775701, 0, 2, 780, 779, 18, 7.58%, 0, 0, 2, 6.22
1747775717, 0, 2, 781, 780, 18, 7.58%, 0, 0, 2, 5.64
1747775768, 0, 2, 782, 781, 18, 7.58%, 0, 0, 2, 7.10
1747775773, 0, 2, 783, 782, 18, 7.58%, 0, 0, 2, 6.88
1747775778, 0, 2, 784, 783, 18, 7.58%, 0, 0, 2, 6.86
1747775819, 0, 2, 785, 784, 18, 7.58%, 0, 0, 2, 5.88
1747775824, 0, 3, 785, 784, 18, 7.58%, 0, 0, 2, 7.06
1747775829, 0, 3, 787, 786, 18, 7.58%, 0, 0, 2, 5.95
1747775860, 0, 5, 787, 786, 19, 7.58%, 0, 0, 2, 6.68
1747775870, 0, 6, 787, 786, 19, 7.58%, 0, 0, 2, 6.70
1747775875, 0, 8, 787, 786, 19, 7.58%, 0, 0, 2, 7.00
1747775881, 0, 8, 788, 787, 19, 7.58%, 0, 0, 2, 5.63
1747775891, 0, 8, 790, 789, 19, 7.67%, 0, 0, 2, 5.58
1747775917, 0, 8, 791, 790, 19, 7.67%, 0, 0, 2, 6.02
1747775928, 0, 8, 792, 791, 19, 7.67%, 0, 0, 2, 6.20
1747775954, 0, 8, 793, 792, 19, 7.74%, 0, 0, 2, 5.24
1747775964, 0, 8, 794, 793, 19, 7.74%, 0, 0, 2, 6.45
1747776004, 0, 8, 794, 793, 19, 7.74%, 2, 0, 2, 6.74
1747776010, 0, 8, 795, 794, 19, 7.74%, 2, 0, 2, 6.70
1747776015, 0, 8, 796, 795, 19, 7.74%, 2, 0, 2, 5.71
1747776030, 0, 8, 797, 796, 19, 7.74%, 2, 0, 2, 5.91
1747776035, 0, 8, 798, 797, 19, 7.74%, 2, 0, 2, 5.82
1747776061, 0, 8, 799, 798, 19, 7.74%, 2, 0, 2, 6.57
1747776066, 0, 8, 800, 799, 19, 7.74%, 2, 0, 2, 6.71
1747776087, 0, 8, 801, 800, 19, 7.74%, 2, 0, 2, 6.61
1747776103, 0, 8, 802, 801, 19, 7.74%, 2, 0, 2, 5.04
1747776139, 0, 8, 802, 801, 19, 7.74%, 3, 0, 2, 6.98
1747776144, 0, 8, 803, 802, 19, 7.74%, 3, 0, 2, 6.95
1747776149, 0, 8, 804, 803, 19, 7.74%, 3, 0, 2, 6.74
1747776154, 0, 8, 805, 804, 19, 7.75%, 3, 0, 2, 4.80
1747776159, 0, 12, 805, 804, 21, 7.75%, 3, 0, 2, 5.77
1747776164, 0, 12, 807, 806, 21, 7.75%, 3, 0, 2, 4.59
1747776175, 0, 12, 808, 807, 21, 7.75%, 3, 0, 2, 4.55
1747776185, 0, 12, 809, 808, 21, 7.75%, 3, 0, 2, 7.24
1747776200, 0, 12, 810, 809, 21, 7.75%, 3, 0, 2, 5.30
1747776210, 0, 12, 810, 809, 21, 7.75%, 4, 0, 2, 5.84
1747776226, 0, 12, 811, 810, 21, 7.75%, 4, 0, 2, 6.33
1747776231, 0, 12, 812, 811, 21, 7.75%, 4, 0, 2, 6.12
1747776236, 0, 12, 813, 812, 21, 7.75%, 4, 0, 2, 6.18
1747776262, 0, 12, 815, 814, 21, 7.75%, 4, 0, 2, 5.05
1747776267, 0, 12, 815, 814, 21, 7.75%, 5, 0, 2, 6.35
1747776282, 0, 12, 816, 815, 21, 7.75%, 5, 0, 2, 4.91
1747776287, 0, 12, 817, 816, 21, 7.75%, 5, 0, 2, 5.09
1747776297, 0, 12, 818, 817, 21, 7.75%, 5, 0, 2, 4.63
1747776308, 0, 12, 819, 818, 21, 7.75%, 5, 0, 2, 4.85
1747776313, 0, 12, 819, 818, 21, 7.75%, 6, 0, 2, 5.91
1747776318, 0, 12, 820, 819, 21, 7.75%, 6, 0, 2, 5.28
1747776323, 0, 12, 821, 820, 21, 7.75%, 6, 0, 2, 4.55
1747776344, 0, 12, 823, 822, 21, 7.75%, 6, 0, 2, 5.14
1747776349, 0, 12, 824, 823, 21, 7.75%, 6, 0, 2, 4.58
1747776354, 0, 12, 824, 823, 21, 7.75%, 7, 0, 2, 4.91
1747776359, 0, 12, 825, 824, 21, 7.75%, 7, 0, 2, 6.96
1747776395, 0, 12, 826, 825, 21, 7.75%, 7, 0, 2, 5.71
1747776415, 0, 12, 827, 826, 21, 7.75%, 7, 0, 2, 7.05
1747776451, 0, 12, 828, 827, 21, 7.75%, 7, 0, 2, 6.35
1747776462, 0, 12, 829, 828, 21, 7.75%, 7, 0, 2, 5.41
1747776467, 0, 12, 830, 829, 21, 7.75%, 7, 0, 2, 6.08
1747776472, 0, 12, 831, 830, 21, 7.75%, 7, 0, 2, 5.67
1747776477, 0, 13, 831, 830, 20, 7.75%, 7, 0, 2, 6.92
1747776482, 0, 14, 831, 830, 20, 7.75%, 7, 0, 2, 6.25
1747776487, 0, 14, 831, 830, 20, 7.75%, 8, 0, 2, 6.39
1747776492, 0, 15, 831, 830, 20, 7.75%, 8, 0, 2, 6.68
1747776497, 0, 17, 831, 830, 20, 7.75%, 9, 0, 2, 6.83
1747776508, 0, 18, 831, 830, 20, 7.75%, 9, 0, 2, 6.46
1747776513, 0, 18, 832, 831, 20, 7.75%, 9, 0, 2, 5.35
1747776523, 0, 20, 832, 831, 20, 7.75%, 9, 0, 2, 6.84
1747776533, 0, 22, 832, 831, 20, 7.75%, 9, 0, 2, 7.21
1747776538, 0, 22, 833, 832, 20, 7.75%, 9, 0, 2, 7.03
1747776543, 0, 22, 833, 832, 20, 7.75%, 10, 0, 2, 6.28
1747776548, 0, 23, 833, 832, 20, 7.75%, 10, 0, 2, 6.98
1747776553, 0, 25, 833, 832, 20, 7.75%, 10, 0, 2, 7.39
1747776559, 0, 25, 834, 833, 20, 7.75%, 10, 0, 2, 6.00
1747776575, 0, 25, 835, 834, 20, 7.75%, 10, 0, 2, 4.49
1747776595, 0, 26, 835, 834, 20, 7.75%, 10, 0, 2, 6.82
1747776600, 0, 27, 835, 834, 20, 7.75%, 10, 0, 2, 7.24
1747776611, 0, 28, 835, 834, 20, 7.75%, 11, 0, 2, 6.14
1747776616, 0, 28, 836, 835, 20, 7.75%, 11, 0, 2, 4.83
1747776631, 0, 29, 836, 835, 20, 7.75%, 11, 0, 2, 6.65
1747776636, 0, 31, 836, 835, 20, 7.75%, 11, 0, 2, 7.37
1747776646, 0, 32, 836, 835, 20, 7.75%, 12, 0, 2, 6.85
1747776652, 0, 33, 836, 835, 20, 7.75%, 12, 0, 2, 7.03
1747776662, 0, 34, 836, 835, 20, 7.75%, 12, 0, 2, 7.23
1747776667, 0, 35, 836, 835, 20, 7.75%, 13, 0, 2, 7.19
1747776672, 0, 35, 837, 836, 20, 7.76%, 13, 0, 2, 6.42
1747776682, 0, 35, 837, 836, 20, 7.76%, 14, 0, 2, 6.15
1747776687, 0, 36, 838, 837, 21, 7.76%, 14, 0, 2, 6.37
1747776693, 0, 36, 839, 838, 21, 7.76%, 14, 0, 2, 7.53
1747776698, 0, 36, 840, 839, 21, 7.76%, 15, 0, 2, 5.47
1747776703, 0, 36, 841, 840, 21, 7.76%, 15, 0, 2, 5.36
1747776718, 0, 36, 841, 840, 21, 7.76%, 16, 0, 2, 6.52
1747776723, 0, 36, 841, 840, 21, 7.76%, 18, 0, 2, 5.77
1747776755, 0, 36, 841, 840, 21, 7.76%, 19, 0, 2, 6.23
1747776780, 0, 36, 841, 840, 21, 7.76%, 20, 0, 2, 6.53
1747776786, 0, 36, 841, 840, 21, 7.76%, 21, 0, 2, 5.70
1747776796, 0, 36, 842, 841, 21, 7.76%, 21, 0, 2, 4.95
1747776806, 0, 36, 843, 842, 21, 7.77%, 21, 0, 2, 5.77
1747776811, 0, 36, 843, 842, 21, 7.77%, 22, 0, 2, 5.52
1747776816, 0, 36, 844, 843, 21, 7.77%, 22, 0, 2, 4.54
1747776842, 0, 36, 844, 843, 21, 7.77%, 24, 0, 2, 6.42
1747776899, 0, 36, 845, 844, 21, 7.77%, 24, 0, 2, 5.80
1747776904, 0, 36, 846, 845, 21, 7.77%, 24, 0, 2, 4.83
1747776919, 0, 36, 847, 846, 21, 7.77%, 24, 0, 2, 4.95
1747776925, 0, 36, 847, 846, 21, 7.77%, 25, 0, 2, 6.02
1747776940, 0, 36, 847, 846, 21, 7.77%, 26, 0, 2, 6.63
1747776955, 0, 36, 847, 846, 21, 7.77%, 27, 0, 2, 6.35
1747776965, 0, 36, 848, 847, 21, 7.77%, 27, 0, 2, 7.04
1747776971, 0, 37, 848, 847, 21, 7.77%, 27, 0, 2, 6.86
1747776976, 0, 39, 848, 847, 21, 7.77%, 28, 0, 2, 6.55
1747776986, 0, 41, 848, 847, 21, 7.77%, 28, 0, 2, 7.03
1747776991, 0, 42, 848, 847, 21, 7.77%, 28, 0, 2, 7.13
1747777002, 0, 43, 848, 847, 21, 7.77%, 28, 0, 2, 6.33
1747777007, 0, 44, 848, 847, 21, 7.77%, 29, 0, 2, 6.13
1747777017, 0, 45, 848, 847, 21, 7.77%, 29, 0, 2, 6.52
1747777022, 0, 45, 848, 847, 21, 7.77%, 30, 0, 2, 5.99
1747777028, 0, 46, 848, 847, 21, 7.77%, 30, 0, 2, 6.57
1747777033, 0, 48, 848, 847, 21, 7.77%, 30, 0, 2, 6.57
1747777043, 0, 49, 848, 847, 21, 7.77%, 30, 0, 2, 6.98
1747777048, 0, 49, 849, 848, 21, 7.77%, 30, 0, 2, 5.33
1747777058, 0, 50, 849, 848, 21, 7.77%, 30, 0, 2, 6.54
1747777069, 0, 51, 850, 849, 21, 7.77%, 30, 0, 2, 4.67
1747777074, 0, 51, 850, 849, 21, 7.77%, 31, 0, 2, 5.82
1747777090, 0, 52, 850, 849, 21, 7.77%, 31, 0, 2, 6.88
1747777095, 0, 54, 850, 849, 21, 7.77%, 31, 0, 2, 6.72
1747777100, 0, 55, 850, 849, 21, 7.77%, 31, 0, 2, 6.84
1747777105, 0, 55, 850, 849, 21, 7.77%, 32, 0, 2, 6.46
1747777110, 0, 56, 850, 849, 21, 7.77%, 32, 0, 2, 6.50
1747777115, 0, 58, 850, 849, 21, 7.77%, 32, 0, 2, 6.83
1747777126, 0, 59, 850, 849, 21, 7.77%, 34, 0, 2, 6.48
1747777131, 0, 60, 850, 849, 21, 7.77%, 34, 0, 2, 6.89
1747777136, 0, 60, 851, 850, 21, 7.77%, 34, 0, 2, 5.43
1747777142, 0, 60, 852, 851, 21, 7.77%, 34, 0, 2, 5.41
1747777157, 0, 60, 852, 851, 21, 7.77%, 35, 0, 2, 6.41
1747777167, 0, 61, 852, 851, 21, 7.77%, 35, 0, 2, 6.73
1747777177, 0, 62, 852, 851, 21, 7.77%, 35, 0, 2, 7.39
1747777183, 0, 63, 852, 851, 21, 7.77%, 35, 0, 2, 7.49
1747777188, 0, 65, 852, 851, 21, 7.77%, 35, 0, 2, 7.45
1747777198, 0, 66, 852, 851, 21, 7.77%, 35, 0, 2, 6.79
1747777203, 0, 66, 853, 852, 21, 7.77%, 35, 0, 2, 5.32
1747777209, 0, 66, 854, 853, 21, 7.77%, 35, 0, 2, 3.79
1747777224, 0, 66, 855, 854, 21, 7.77%, 35, 0, 2, 5.00
1747777265, 0, 66, 856, 855, 21, 7.77%, 35, 0, 2, 5.16
1747777302, 0, 66, 856, 855, 21, 7.77%, 36, 0, 2, 6.38
1747777317, 0, 66, 856, 855, 21, 7.77%, 37, 0, 2, 6.56
1747777323, 0, 66, 856, 855, 21, 7.77%, 39, 0, 2, 6.06
1747777338, 0, 67, 856, 855, 21, 7.77%, 39, 0, 2, 6.94
1747777343, 0, 68, 856, 855, 21, 7.77%, 39, 0, 2, 6.51
1747777354, 0, 69, 856, 855, 21, 7.77%, 39, 0, 2, 6.65
1747777359, 0, 70, 856, 855, 21, 7.77%, 39, 0, 2, 6.89
1747777369, 0, 72, 856, 855, 21, 7.77%, 39, 0, 2, 6.89
1747777379, 0, 74, 856, 855, 21, 7.77%, 39, 0, 2, 7.27
1747777384, 0, 75, 856, 855, 21, 7.77%, 39, 0, 2, 6.82
1747777394, 0, 77, 856, 855, 21, 7.77%, 39, 0, 2, 6.35
1747777400, 0, 78, 856, 855, 21, 7.77%, 39, 0, 2, 34.53
1747777410, 0, 78, 859, 858, 21, 7.77%, 39, 0, 3, 9.72
1747777435, 0, 78, 860, 859, 21, 7.77%, 39, 0, 3, 13.16
1747777466, 0, 78, 861, 860, 21, 7.78%, 39, 0, 3, 13.22
1747777486, 0, 78, 862, 861, 21, 7.78%, 39, 0, 3, 11.84
1747777497, 0, 78, 863, 862, 21, 7.78%, 39, 0, 3, 11.17
1747777646, 0, 78, 864, 863, 21, 7.78%, 39, 0, 3, 12.16
1747777687, 0, 79, 864, 862, 23, 7.78%, 39, 0, 3, 9.03
1747777692, 0, 80, 864, 862, 23, 7.78%, 39, 0, 3, 7.65
1747777697, 0, 80, 864, 862, 23, 7.78%, 40, 0, 3, 7.17
1747777702, 0, 81, 864, 862, 23, 7.78%, 40, 0, 3, 7.12
1747777707, 0, 82, 864, 862, 23, 7.78%, 40, 0, 3, 6.46
1747777712, 0, 82, 864, 862, 23, 7.78%, 41, 0, 3, 6.38
1747777717, 0, 83, 864, 862, 23, 7.78%, 41, 0, 3, 6.62
1747777723, 0, 84, 864, 862, 23, 7.78%, 41, 0, 3, 5.96
1747777733, 0, 85, 864, 862, 23, 7.78%, 41, 0, 3, 7.23
1747777738, 0, 87, 864, 862, 23, 7.78%, 41, 0, 3, 6.87
1747777749, 0, 88, 864, 862, 23, 7.78%, 41, 0, 3, 6.33
1747777754, 0, 89, 864, 862, 23, 7.78%, 41, 0, 3, 6.32
1747777759, 0, 89, 865, 863, 23, 7.78%, 41, 0, 3, 6.70
1747777775, 0, 90, 865, 863, 23, 7.78%, 41, 0, 3, 7.11
1747777780, 0, 91, 865, 863, 23, 7.78%, 41, 0, 3, 7.04
1747777785, 0, 91, 867, 865, 23, 7.78%, 41, 0, 3, 6.13
1747777795, 0, 91, 867, 865, 23, 7.78%, 42, 0, 3, 5.98
1747777811, 0, 91, 868, 866, 23, 7.78%, 42, 0, 3, 5.29
1747777827, 0, 91, 868, 866, 23, 7.78%, 43, 0, 3, 6.23
1747777847, 0, 92, 868, 866, 23, 7.78%, 43, 0, 3, 6.60
1747777858, 0, 93, 868, 866, 23, 7.78%, 43, 0, 3, 6.23
1747777868, 0, 94, 868, 866, 23, 7.78%, 43, 0, 3, 6.51
1747777873, 0, 95, 868, 866, 23, 7.78%, 43, 0, 3, 6.60
1747777878, 0, 95, 868, 866, 23, 7.78%, 44, 0, 3, 5.95
1747777883, 0, 96, 868, 866, 23, 7.78%, 44, 0, 3, 6.09
1747777888, 0, 98, 868, 866, 23, 7.78%, 44, 0, 3, 6.74
1747777893, 0, 98, 869, 867, 23, 7.78%, 44, 0, 3, 5.50
1747777899, 0, 98, 869, 867, 23, 7.78%, 45, 0, 3, 5.89
1747777904, 0, 98, 869, 867, 23, 7.78%, 46, 0, 3, 6.34
1747777909, 0, 99, 869, 867, 23, 7.78%, 46, 0, 3, 6.42
1747777914, 0, 99, 870, 868, 23, 7.78%, 46, 0, 3, 7.30
1747777919, 0, 99, 871, 869, 23, 7.78%, 46, 0, 3, 5.11
1747777940, 0, 99, 871, 869, 23, 7.78%, 47, 0, 3, 6.36
1747777945, 0, 102, 871, 869, 23, 7.78%, 47, 0, 3, 6.56
1747777951, 0, 103, 871, 869, 23, 7.78%, 47, 0, 3, 6.85
1747777956, 0, 103, 872, 870, 23, 7.78%, 48, 0, 3, 5.58
1747777971, 0, 104, 872, 870, 23, 7.78%, 48, 0, 3, 6.69
1747777976, 0, 106, 872, 870, 23, 7.78%, 48, 0, 3, 7.28
1747777982, 0, 106, 872, 870, 23, 7.78%, 49, 0, 3, 7.23
1747777987, 0, 107, 872, 870, 23, 7.78%, 49, 0, 3, 6.95
1747777992, 0, 108, 872, 870, 23, 7.78%, 51, 0, 3, 6.09
1747778002, 0, 109, 872, 870, 23, 7.78%, 51, 0, 3, 7.19
1747778008, 0, 110, 873, 871, 23, 7.78%, 51, 0, 3, 7.01
1747778029, 0, 111, 873, 871, 23, 7.78%, 51, 0, 3, 6.66
1747778034, 0, 112, 873, 871, 23, 7.78%, 51, 0, 3, 6.53
1747778044, 0, 113, 873, 871, 23, 7.78%, 51, 0, 3, 7.03
1747778049, 0, 114, 873, 871, 23, 7.78%, 51, 0, 3, 6.78
1747778059, 0, 115, 873, 871, 23, 7.78%, 52, 0, 3, 6.69
1747778064, 0, 116, 873, 871, 23, 7.78%, 53, 0, 3, 6.87
1747778069, 0, 116, 874, 872, 23, 7.78%, 53, 0, 3, 5.08
1747778075, 0, 116, 875, 873, 23, 7.78%, 53, 0, 3, 4.74
1747778090, 0, 116, 876, 874, 23, 7.78%, 53, 0, 3, 6.36
1747778100, 0, 116, 876, 874, 23, 7.78%, 54, 0, 3, 5.80
1747778111, 0, 116, 876, 874, 23, 7.78%, 55, 0, 3, 6.43
1747778136, 0, 117, 876, 874, 24, 7.78%, 55, 0, 3, 6.16
1747778146, 0, 118, 876, 874, 24, 7.78%, 55, 0, 3, 6.83
1747778152, 0, 119, 876, 874, 24, 7.78%, 55, 0, 3, 7.42
1747778162, 0, 120, 876, 874, 24, 7.78%, 55, 0, 3, 7.02
1747778167, 0, 120, 877, 875, 24, 7.78%, 55, 0, 3, 5.38
1747778178, 0, 121, 877, 875, 24, 7.78%, 55, 0, 3, 6.88
1747778188, 0, 122, 877, 875, 24, 7.78%, 55, 0, 3, 6.36
1747778193, 0, 123, 877, 875, 24, 7.78%, 55, 0, 3, 7.15
1747778198, 0, 123, 877, 875, 24, 7.78%, 56, 0, 3, 7.06
1747778203, 0, 124, 877, 875, 24, 7.78%, 56, 0, 3, 7.03
1747778209, 0, 125, 877, 875, 24, 7.78%, 56, 0, 3, 7.45
1747778214, 0, 126, 877, 875, 24, 7.78%, 56, 0, 3, 6.76
1747778224, 0, 127, 877, 875, 24, 7.78%, 56, 0, 3, 6.80
1747778235, 0, 128, 877, 875, 24, 7.78%, 56, 0, 3, 6.80
1747778240, 0, 129, 877, 875, 24, 7.78%, 56, 0, 3, 7.06
1747778245, 0, 130, 877, 875, 24, 7.78%, 56, 0, 3, 7.01
1747778255, 0, 132, 877, 875, 24, 7.78%, 56, 0, 3, 6.36
1747778260, 0, 132, 878, 876, 24, 7.78%, 56, 0, 3, 5.72
1747778271, 0, 132, 878, 876, 24, 7.78%, 57, 0, 3, 6.19
1747778276, 0, 133, 878, 876, 24, 7.78%, 58, 0, 3, 6.30
1747778281, 0, 134, 878, 876, 24, 7.78%, 58, 0, 3, 6.91
1747778291, 0, 135, 878, 876, 24, 7.78%, 58, 0, 3, 6.40
1747778296, 0, 136, 878, 876, 24, 7.78%, 58, 0, 3, 6.64
1747778307, 0, 137, 878, 876, 24, 7.78%, 58, 0, 3, 6.67
1747778312, 0, 138, 878, 876, 24, 7.78%, 58, 0, 3, 6.59
1747778322, 0, 139, 878, 876, 24, 7.78%, 58, 0, 3, 7.25
1747778328, 0, 140, 879, 877, 24, 7.78%, 58, 0, 3, 6.67
1747778343, 0, 140, 879, 877, 24, 7.78%, 59, 0, 3, 6.75
1747778348, 0, 141, 879, 877, 24, 7.78%, 59, 0, 3, 6.39
1747778353, 0, 142, 879, 877, 24, 7.78%, 59, 0, 3, 6.80
1747778363, 0, 143, 880, 878, 24, 7.78%, 59, 0, 3, 6.64
1747778379, 0, 144, 880, 878, 22, 7.78%, 59, 0, 3, 7.09
1747778384, 0, 145, 880, 878, 22, 7.78%, 59, 0, 3, 6.77
1747778394, 0, 145, 881, 879, 22, 7.78%, 59, 0, 3, 5.15
1747778405, 0, 146, 881, 879, 22, 7.78%, 59, 0, 3, 6.73
1747778410, 0, 148, 881, 879, 22, 7.78%, 59, 0, 3, 6.66
1747778420, 0, 149, 881, 879, 22, 7.78%, 59, 0, 3, 6.61
1747778425, 0, 149, 881, 879, 22, 7.78%, 60, 0, 3, 7.09
1747778430, 0, 150, 881, 879, 22, 7.78%, 60, 0, 3, 6.51
1747778436, 0, 151, 881, 879, 22, 7.78%, 60, 0, 3, 6.82
1747778446, 0, 154, 881, 879, 22, 7.78%, 60, 0, 3, 7.12
1747778451, 0, 156, 881, 879, 22, 7.78%, 60, 0, 3, 6.71
1747778461, 0, 157, 881, 879, 22, 7.78%, 60, 0, 3, 5.92
1747778466, 0, 159, 882, 880, 22, 7.78%, 60, 0, 3, 6.56
1747778482, 0, 160, 882, 880, 22, 7.78%, 60, 0, 3, 6.96
1747778492, 0, 162, 882, 880, 22, 7.78%, 60, 0, 3, 6.85
1747778502, 0, 163, 882, 880, 22, 7.78%, 61, 0, 3, 6.57
1747778507, 0, 164, 882, 880, 22, 7.78%, 61, 0, 3, 6.69
1747778518, 0, 165, 882, 880, 22, 7.78%, 61, 0, 3, 7.22
1747778523, 0, 166, 882, 880, 22, 7.78%, 61, 0, 3, 7.21
1747778528, 0, 167, 882, 880, 22, 7.78%, 61, 0, 3, 6.92
1747778538, 0, 168, 882, 880, 22, 7.78%, 61, 0, 3, 7.42
1747778544, 0, 169, 882, 880, 22, 7.78%, 61, 0, 3, 6.60
1747778554, 0, 171, 882, 880, 22, 7.78%, 61, 0, 3, 6.47
1747778559, 0, 174, 882, 880, 22, 7.78%, 61, 0, 3, 6.21
1747778569, 0, 175, 882, 880, 22, 7.78%, 62, 0, 3, 5.97
1747778580, 0, 178, 882, 880, 22, 7.78%, 62, 0, 3, 6.24
1747778585, 0, 179, 882, 880, 22, 7.78%, 62, 0, 3, 6.71
1747778590, 0, 179, 882, 880, 22, 7.78%, 64, 0, 3, 6.62
1747778595, 0, 180, 882, 880, 22, 7.78%, 64, 0, 3, 6.66
1747778600, 0, 181, 882, 880, 22, 7.78%, 64, 0, 3, 7.83
1747778610, 0, 182, 882, 880, 22, 7.78%, 64, 0, 3, 7.07
1747778616, 0, 183, 882, 880, 22, 7.78%, 65, 0, 3, 6.71
1747778621, 0, 183, 882, 880, 22, 7.78%, 66, 0, 3, 6.85
1747778626, 0, 184, 882, 880, 22, 7.78%, 66, 0, 3, 6.43
1747778631, 0, 185, 882, 880, 22, 7.78%, 66, 0, 3, 6.60
1747778641, 0, 186, 882, 880, 22, 7.78%, 66, 0, 3, 6.30
1747778646, 0, 187, 882, 880, 22, 7.78%, 66, 0, 3, 6.41
1747778651, 0, 187, 882, 880, 22, 7.78%, 67, 0, 3, 7.45
1747778656, 0, 188, 882, 880, 22, 7.78%, 67, 0, 3, 6.48
1747778662, 0, 189, 882, 880, 22, 7.78%, 68, 0, 3, 6.40
1747778667, 0, 189, 882, 880, 22, 7.78%, 69, 0, 3, 6.51
1747778672, 0, 191, 882, 880, 22, 7.78%, 69, 0, 3, 6.67
1747778682, 0, 192, 882, 880, 22, 7.78%, 69, 0, 3, 6.89
1747778687, 0, 193, 882, 880, 22, 7.78%, 69, 0, 3, 7.10
1747778692, 0, 194, 882, 880, 22, 7.78%, 69, 0, 3, 6.74
1747778703, 0, 195, 882, 880, 22, 7.78%, 69, 0, 3, 6.53
1747778713, 0, 196, 882, 880, 22, 7.78%, 69, 0, 3, 6.69
1747778718, 0, 197, 882, 880, 22, 7.78%, 69, 0, 3, 6.96
1747778728, 0, 198, 882, 880, 22, 7.78%, 69, 0, 3, 6.39
1747778734, 0, 199, 882, 880, 22, 7.78%, 69, 0, 3, 6.95
1747778744, 0, 200, 882, 880, 22, 7.78%, 69, 0, 3, 6.39
1747778749, 0, 201, 882, 880, 22, 7.78%, 69, 0, 3, 6.91
1747778760, 0, 202, 882, 880, 22, 7.78%, 69, 0, 3, 6.77
1747778765, 0, 203, 882, 880, 22, 7.78%, 69, 0, 3, 6.58
1747778770, 0, 204, 882, 880, 22, 7.78%, 69, 0, 3, 7.33
1747778781, 0, 205, 882, 880, 22, 7.78%, 69, 0, 3, 6.62
1747778786, 0, 206, 882, 880, 22, 7.78%, 69, 0, 3, 6.63
1747778791, 0, 206, 882, 880, 22, 7.78%, 70, 0, 3, 6.57
1747778796, 0, 207, 882, 880, 22, 7.78%, 71, 0, 3, 7.03
1747778801, 0, 207, 882, 880, 22, 7.78%, 72, 0, 3, 6.62
1747778806, 0, 208, 882, 880, 22, 7.78%, 72, 0, 3, 6.67
1747778811, 0, 209, 882, 880, 22, 7.78%, 72, 0, 3, 6.73
1747778821, 0, 210, 882, 880, 22, 7.78%, 72, 0, 3, 7.07
1747778826, 0, 211, 882, 880, 22, 7.78%, 72, 0, 3, 6.41
1747778837, 0, 213, 882, 880, 22, 7.78%, 72, 0, 3, 6.29
1747778842, 0, 215, 882, 880, 22, 7.78%, 72, 0, 3, 6.49
1747778852, 0, 216, 882, 880, 22, 7.78%, 74, 0, 3, 5.71
1747778862, 0, 218, 882, 880, 22, 7.78%, 74, 0, 3, 6.73
1747778867, 0, 220, 882, 880, 22, 7.78%, 74, 0, 3, 6.49
1747778878, 0, 221, 882, 880, 22, 7.78%, 74, 0, 3, 6.98
1747778883, 0, 223, 882, 880, 22, 7.78%, 74, 0, 3, 6.75
1747778893, 0, 227, 882, 880, 22, 7.78%, 74, 0, 3, 7.04
1747778899, 0, 229, 882, 880, 22, 7.78%, 75, 0, 3, 7.27
1747778904, 0, 230, 882, 880, 22, 7.78%, 75, 0, 3, 6.75
1747778909, 0, 230, 882, 880, 22, 7.78%, 76, 0, 3, 7.03
1747778914, 0, 231, 882, 880, 22, 7.78%, 78, 0, 3, 6.52
1747778924, 0, 235, 882, 880, 22, 7.78%, 78, 0, 3, 6.90
1747778930, 0, 236, 882, 880, 22, 7.78%, 78, 0, 3, 7.17
1747778940, 0, 238, 882, 880, 22, 7.78%, 78, 0, 3, 6.94
1747778945, 0, 239, 882, 880, 22, 7.78%, 79, 0, 3, 7.05
1747778956, 0, 241, 882, 880, 22, 7.78%, 79, 0, 3, 7.03
1747778961, 0, 242, 882, 880, 22, 7.78%, 80, 0, 3, 7.47
1747778966, 0, 243, 882, 880, 22, 7.78%, 80, 0, 3, 7.04
1747778976, 0, 244, 882, 880, 22, 7.78%, 81, 0, 3, 6.62
1747778982, 0, 245, 882, 880, 22, 7.78%, 81, 0, 3, 6.72
1747778992, 0, 246, 882, 880, 22, 7.78%, 81, 0, 3, 6.79
1747778997, 0, 247, 882, 880, 22, 7.78%, 81, 0, 3, 6.60
1747779002, 0, 247, 882, 880, 22, 7.78%, 82, 0, 3, 6.68
1747779007, 0, 249, 882, 880, 22, 7.78%, 82, 0, 3, 6.85
1747779012, 0, 250, 882, 880, 22, 7.78%, 82, 0, 3, 6.47
1747779023, 0, 253, 882, 880, 22, 7.78%, 82, 0, 3, 7.21
1747779028, 0, 254, 883, 881, 22, 7.78%, 82, 0, 3, 7.23
1747779043, 0, 256, 883, 881, 22, 7.78%, 83, 0, 3, 6.77
1747779048, 0, 256, 883, 881, 22, 7.78%, 84, 0, 3, 6.55
1747779053, 0, 257, 883, 881, 22, 7.78%, 84, 0, 3, 6.28
1747779063, 0, 259, 883, 881, 22, 7.78%, 84, 0, 3, 6.89
1747779068, 0, 260, 883, 881, 22, 7.78%, 84, 0, 3, 6.82
1747779079, 0, 262, 883, 881, 22, 7.78%, 85, 0, 3, 6.65
1747779084, 0, 263, 883, 881, 22, 7.78%, 85, 0, 3, 6.63
1747779094, 0, 264, 883, 881, 22, 7.78%, 85, 0, 3, 6.29
1747779099, 0, 265, 883, 881, 22, 7.78%, 85, 0, 3, 6.86
1747779109, 0, 266, 883, 881, 22, 7.78%, 85, 0, 3, 7.12
1747779114, 0, 267, 883, 881, 22, 7.78%, 85, 0, 3, 6.71
1747779125, 0, 268, 883, 881, 22, 7.78%, 85, 0, 3, 6.97
1747779130, 0, 269, 883, 881, 22, 7.78%, 85, 0, 3, 6.34
1747779140, 0, 270, 883, 881, 22, 7.78%, 85, 0, 3, 6.76
1747779150, 0, 272, 883, 881, 22, 7.78%, 85, 0, 3, 7.01
1747779156, 0, 274, 883, 881, 22, 7.78%, 85, 0, 3, 6.75
1747779161, 0, 276, 883, 881, 22, 7.78%, 85, 0, 3, 6.67
1747779171, 0, 277, 883, 881, 22, 7.78%, 85, 0, 3, 6.27
1747779177, 0, 279, 883, 881, 22, 7.78%, 85, 0, 3, 7.36
1747779187, 0, 280, 883, 881, 22, 7.78%, 85, 0, 3, 6.46
1747779192, 0, 280, 883, 881, 22, 7.78%, 86, 0, 3, 6.60
1747779197, 0, 281, 883, 881, 22, 7.78%, 86, 0, 3, 7.00
1747779202, 0, 282, 883, 881, 22, 7.78%, 86, 0, 3, 6.41
1747779207, 0, 282, 883, 881, 22, 7.78%, 87, 0, 3, 6.69
1747779212, 0, 283, 883, 881, 22, 7.78%, 87, 0, 3, 6.92
1747779217, 0, 284, 883, 881, 22, 7.78%, 87, 0, 3, 6.53
1747779228, 0, 285, 883, 881, 22, 7.78%, 87, 0, 3, 6.32
1747779233, 0, 286, 883, 881, 22, 7.78%, 87, 0, 3, 6.49
1747779238, 0, 286, 883, 881, 22, 7.78%, 89, 0, 3, 6.74
1747779244, 0, 287, 883, 881, 22, 7.78%, 89, 0, 3, 6.35
1747779249, 0, 288, 883, 881, 22, 7.78%, 89, 0, 3, 6.61
1747779259, 0, 290, 883, 881, 22, 7.78%, 89, 0, 3, 6.70
1747779269, 0, 291, 883, 881, 22, 7.78%, 89, 0, 3, 6.64
1747779274, 0, 292, 883, 881, 22, 7.78%, 89, 0, 3, 6.75
1747779279, 0, 293, 883, 881, 22, 7.78%, 89, 0, 3, 6.74
1747779290, 0, 293, 884, 882, 22, 7.78%, 89, 0, 3, 10.30
1747779310, 0, 293, 888, 886, 22, 7.78%, 89, 0, 3, 10.66
1747779315, 0, 293, 892, 890, 22, 7.78%, 89, 0, 3, 10.56
1747779335, 0, 293, 893, 891, 22, 7.78%, 89, 0, 3, 12.36
1747779382, 0, 294, 893, 890, 21, 7.78%, 89, 0, 3, 8.75
1747779387, 0, 295, 893, 890, 21, 7.78%, 89, 0, 3, 7.14
1747779397, 0, 298, 894, 891, 21, 7.78%, 89, 0, 3, 5.57
1747779418, 0, 299, 894, 891, 21, 7.78%, 89, 0, 3, 6.75
1747779423, 0, 300, 894, 891, 21, 7.78%, 89, 0, 3, 6.68
1747779433, 0, 301, 894, 891, 21, 7.78%, 89, 0, 3, 6.58
1747779439, 0, 302, 894, 891, 21, 7.78%, 89, 0, 3, 6.44
1747779449, 0, 303, 894, 891, 21, 7.78%, 89, 0, 3, 6.16
1747779454, 0, 304, 894, 891, 21, 7.78%, 89, 0, 3, 6.15
1747779464, 0, 306, 894, 891, 21, 7.78%, 89, 0, 3, 7.20
1747779475, 0, 307, 894, 891, 21, 7.78%, 89, 0, 3, 6.73
1747779480, 0, 308, 894, 891, 21, 7.78%, 89, 0, 3, 6.79
1747779485, 0, 309, 894, 891, 21, 7.78%, 89, 0, 3, 6.85
1747779495, 0, 310, 894, 891, 21, 7.78%, 89, 0, 3, 6.61
1747779506, 0, 312, 894, 891, 21, 7.78%, 89, 0, 3, 6.98
1747779511, 0, 313, 894, 891, 21, 7.78%, 90, 0, 3, 7.15
1747779521, 0, 315, 894, 891, 21, 7.78%, 90, 0, 3, 6.78
1747779526, 0, 316, 894, 891, 21, 7.78%, 90, 0, 3, 6.75
1747779537, 0, 317, 894, 891, 21, 7.78%, 90, 0, 3, 6.42
1747779542, 0, 318, 894, 891, 21, 7.78%, 90, 0, 3, 7.12
1747779552, 0, 319, 894, 891, 21, 7.78%, 90, 0, 3, 6.88
1747779557, 0, 320, 894, 891, 21, 7.78%, 90, 0, 3, 6.08
1747779563, 0, 320, 895, 892, 21, 7.78%, 90, 0, 3, 6.69
1747779573, 0, 320, 895, 892, 21, 7.78%, 92, 0, 3, 6.25
1747779578, 0, 321, 895, 892, 21, 7.78%, 92, 0, 3, 6.76
1747779583, 0, 322, 895, 892, 21, 7.78%, 93, 0, 3, 6.84
1747779593, 0, 323, 895, 892, 21, 7.78%, 93, 0, 3, 6.88
1747779598, 0, 324, 895, 892, 21, 7.78%, 93, 0, 3, 6.51
1747779609, 0, 325, 895, 892, 21, 7.78%, 93, 0, 3, 6.34
1747779614, 0, 326, 895, 892, 21, 7.78%, 94, 0, 3, 6.48
1747779619, 0, 326, 895, 892, 21, 7.78%, 95, 0, 3, 6.77
1747779624, 0, 327, 895, 892, 21, 7.78%, 95, 0, 3, 6.49
1747779630, 0, 329, 895, 892, 21, 7.78%, 95, 0, 3, 6.34
1747779640, 0, 330, 895, 892, 21, 7.78%, 95, 0, 3, 6.64
1747779645, 0, 330, 895, 892, 21, 7.78%, 96, 0, 3, 6.41
1747779650, 0, 331, 895, 892, 21, 7.78%, 96, 0, 3, 6.58
1747779655, 0, 332, 895, 892, 21, 7.78%, 96, 0, 3, 6.66
1747779666, 0, 333, 895, 892, 21, 7.78%, 96, 0, 3, 6.09
1747779671, 0, 333, 896, 893, 21, 7.78%, 96, 0, 3, 7.03
1747779682, 0, 333, 897, 894, 21, 7.78%, 96, 0, 3, 6.47
1747779697, 0, 334, 897, 894, 21, 7.78%, 96, 0, 3, 7.04
1747779707, 0, 336, 897, 894, 21, 7.78%, 96, 0, 3, 6.82
1747779713, 0, 337, 897, 894, 21, 7.78%, 96, 0, 3, 7.25
1747779723, 0, 339, 897, 894, 21, 7.78%, 97, 0, 3, 6.70
1747779728, 0, 340, 897, 894, 21, 7.78%, 97, 0, 3, 7.09
1747779738, 0, 341, 897, 894, 21, 7.78%, 97, 0, 3, 6.63
1747779743, 0, 342, 897, 894, 21, 7.78%, 97, 0, 3, 6.53
1747779748, 0, 342, 898, 895, 21, 7.78%, 97, 0, 3, 4.80
1747779764, 0, 343, 898, 895, 21, 7.78%, 97, 0, 3, 6.64
1747779769, 0, 344, 898, 895, 21, 7.78%, 97, 0, 3, 6.62
1747779779, 0, 345, 898, 895, 21, 7.78%, 97, 0, 3, 6.43
1747779784, 0, 346, 898, 895, 21, 7.78%, 97, 0, 3, 6.79
1747779795, 0, 347, 898, 895, 21, 7.78%, 97, 0, 3, 7.07
1747779800, 0, 350, 898, 895, 21, 7.78%, 97, 0, 3, 6.84
1747779810, 0, 351, 898, 895, 21, 7.78%, 97, 0, 3, 6.71
1747779815, 0, 352, 898, 895, 21, 7.78%, 98, 0, 3, 6.97
1747779826, 0, 354, 898, 895, 21, 7.78%, 98, 0, 3, 6.79
1747779831, 0, 355, 898, 895, 21, 7.78%, 98, 0, 3, 6.43
1747779841, 0, 356, 898, 895, 21, 7.78%, 98, 0, 3, 7.02
1747779846, 0, 358, 898, 895, 21, 7.78%, 98, 0, 3, 6.87
1747779852, 0, 358, 898, 895, 21, 7.78%, 99, 0, 3, 5.80
1747779857, 0, 359, 898, 895, 21, 7.78%, 99, 0, 3, 5.83
1747779862, 0, 359, 898, 895, 21, 7.78%, 100, 0, 3, 5.96
1747779867, 0, 360, 898, 895, 21, 7.78%, 100, 0, 3, 6.53
1747779872, 0, 361, 898, 895, 21, 7.78%, 100, 0, 3, 6.97
1747779882, 0, 362, 898, 895, 21, 7.78%, 100, 0, 3, 6.78
1747779887, 0, 363, 898, 895, 21, 7.78%, 100, 0, 3, 6.87
1747779898, 0, 364, 898, 895, 21, 7.78%, 100, 0, 3, 6.94
1747779903, 0, 365, 898, 895, 21, 7.78%, 100, 0, 3, 6.68
1747779908, 0, 365, 898, 895, 21, 7.78%, 101, 0, 3, 6.38
1747779913, 0, 366, 898, 895, 21, 7.78%, 101, 0, 3, 7.35
1747779918, 0, 368, 898, 895, 21, 7.78%, 101, 0, 3, 7.07
1747779929, 0, 369, 898, 895, 21, 7.78%, 102, 0, 3, 6.60
1747779934, 0, 372, 898, 895, 21, 7.78%, 102, 0, 3, 6.80
1747779944, 0, 373, 898, 895, 21, 7.78%, 102, 0, 3, 6.36
1747779949, 0, 374, 898, 895, 21, 7.78%, 102, 0, 3, 6.33
1747779960, 0, 375, 898, 895, 21, 7.78%, 102, 0, 3, 6.32
1747779970, 0, 376, 898, 895, 21, 7.78%, 102, 0, 3, 6.24
1747779975, 0, 377, 898, 895, 21, 7.78%, 102, 0, 3, 6.54
1747779985, 0, 379, 898, 895, 21, 7.78%, 102, 0, 3, 6.29
1747779996, 0, 380, 898, 895, 21, 7.78%, 102, 0, 3, 6.24
1747780001, 0, 381, 898, 895, 21, 7.78%, 102, 0, 3, 6.81
1747780011, 0, 382, 898, 895, 21, 7.78%, 102, 0, 3, 6.46
1747780016, 0, 383, 898, 895, 21, 7.78%, 102, 0, 3, 5.95
1747780027, 0, 385, 898, 895, 21, 7.78%, 102, 0, 3, 6.20
1747780032, 0, 387, 898, 895, 21, 7.78%, 102, 0, 3, 6.56
1747780042, 0, 389, 898, 895, 21, 7.78%, 102, 0, 3, 6.06
1747780047, 0, 389, 898, 895, 21, 7.78%, 103, 0, 3, 6.39
1747780052, 0, 390, 899, 896, 21, 7.78%, 103, 0, 3, 4.68
1747780063, 0, 390, 899, 896, 21, 7.78%, 104, 0, 3, 6.47
1747780068, 0, 390, 899, 896, 21, 7.78%, 106, 0, 3, 6.36
1747780073, 0, 392, 899, 896, 21, 7.78%, 106, 0, 3, 6.72
1747780078, 0, 393, 899, 896, 21, 7.78%, 106, 0, 3, 5.94
1747780089, 0, 394, 899, 896, 21, 7.78%, 106, 0, 3, 6.87
1747780094, 0, 395, 899, 896, 21, 7.78%, 106, 0, 3, 6.98
1747780104, 0, 396, 899, 896, 21, 7.78%, 106, 0, 3, 6.28
1747780109, 0, 397, 899, 896, 21, 7.78%, 106, 0, 3, 5.93
1747780119, 0, 398, 899, 896, 21, 7.78%, 106, 0, 3, 6.03
1747780130, 0, 399, 899, 896, 21, 7.78%, 106, 0, 3, 6.34
1747780135, 0, 400, 899, 896, 21, 7.78%, 106, 0, 3, 7.29
1747780140, 0, 400, 900, 897, 21, 7.78%, 106, 0, 3, 6.71
1747780150, 0, 401, 900, 897, 21, 7.78%, 106, 0, 3, 6.42
1747780161, 0, 402, 900, 897, 21, 7.78%, 107, 0, 3, 6.73
1747780171, 0, 403, 900, 897, 21, 7.78%, 107, 0, 3, 6.28
1747780176, 0, 406, 900, 897, 21, 7.78%, 107, 0, 3, 6.81
1747780186, 0, 407, 900, 897, 21, 7.78%, 107, 0, 3, 6.64
1747780191, 0, 409, 900, 897, 21, 7.78%, 107, 0, 3, 6.36
1747780202, 0, 411, 900, 897, 21, 7.78%, 107, 0, 3, 6.24
1747780207, 0, 412, 900, 897, 21, 7.78%, 107, 0, 3, 6.70
1747780217, 0, 413, 900, 897, 21, 7.78%, 107, 0, 3, 6.68
1747780222, 0, 414, 900, 897, 21, 7.78%, 107, 0, 3, 6.32
1747780232, 0, 416, 900, 897, 21, 7.78%, 108, 0, 3, 6.76
1747780243, 0, 417, 900, 897, 21, 7.78%, 108, 0, 3, 6.47
1747780248, 0, 417, 901, 898, 21, 7.78%, 108, 0, 3, 5.57
1747780258, 0, 418, 901, 898, 21, 7.78%, 108, 0, 3, 6.28
1747780268, 0, 419, 901, 898, 21, 7.78%, 108, 0, 3, 6.67
1747780279, 0, 420, 901, 898, 21, 7.78%, 108, 0, 3, 6.19
1747780284, 0, 421, 901, 898, 21, 7.78%, 108, 0, 3, 5.86
1747780294, 0, 422, 901, 898, 21, 7.78%, 108, 0, 3, 6.16
1747780299, 0, 423, 901, 898, 21, 7.78%, 108, 0, 3, 6.42
1747780309, 0, 424, 901, 898, 21, 7.78%, 108, 0, 3, 6.95
1747780315, 0, 425, 901, 898, 21, 7.78%, 108, 0, 3, 7.59
1747780325, 0, 426, 901, 898, 21, 7.78%, 108, 0, 3, 6.69
1747780330, 0, 427, 901, 898, 21, 7.78%, 108, 0, 3, 7.04
1747780335, 0, 427, 902, 899, 21, 7.78%, 108, 0, 3, 5.20
1747780340, 0, 427, 903, 900, 21, 7.78%, 108, 0, 3, 4.65
1747780356, 0, 427, 903, 900, 21, 7.78%, 109, 0, 3, 5.93
1747780372, 0, 428, 903, 900, 21, 7.78%, 109, 0, 3, 6.42
1747780377, 0, 428, 903, 900, 21, 7.78%, 110, 0, 3, 6.34
1747780382, 0, 429, 903, 900, 21, 7.78%, 110, 0, 3, 7.13
1747780387, 0, 430, 903, 900, 21, 7.78%, 110, 0, 3, 6.71
1747780397, 0, 432, 903, 900, 21, 7.78%, 110, 0, 3, 7.12
1747780402, 0, 433, 903, 900, 21, 7.78%, 110, 0, 3, 7.37
1747780407, 0, 434, 903, 900, 21, 7.78%, 110, 0, 3, 6.89
1747780418, 0, 435, 903, 900, 21, 7.78%, 110, 0, 3, 6.33
1747780423, 0, 435, 904, 901, 21, 7.78%, 110, 0, 3, 6.36
1747780433, 0, 436, 904, 901, 21, 7.78%, 110, 0, 3, 5.90
1747780443, 0, 437, 904, 901, 21, 7.78%, 110, 0, 3, 6.07
1747780448, 0, 438, 904, 901, 21, 7.78%, 110, 0, 3, 6.66
1747780459, 0, 439, 904, 901, 21, 7.78%, 111, 0, 3, 6.92
1747780464, 0, 440, 904, 901, 21, 7.78%, 111, 0, 3, 7.06
1747780474, 0, 442, 904, 901, 21, 7.78%, 111, 0, 3, 6.92
1747780479, 0, 443, 904, 901, 21, 7.78%, 111, 0, 3, 6.67
1747780485, 0, 443, 904, 901, 21, 7.78%, 112, 0, 3, 6.65
1747780490, 0, 445, 904, 901, 21, 7.78%, 112, 0, 3, 6.42
1747780500, 0, 446, 904, 901, 21, 7.78%, 112, 0, 3, 7.21
1747780505, 0, 447, 904, 901, 21, 7.78%, 114, 0, 3, 6.50
1747780511, 0, 448, 904, 901, 21, 7.78%, 114, 0, 3, 6.93
1747780521, 0, 449, 904, 901, 21, 7.78%, 114, 0, 3, 7.14
1747780526, 0, 450, 904, 901, 21, 7.78%, 114, 0, 3, 6.97
1747780536, 0, 451, 904, 901, 21, 7.78%, 114, 0, 3, 6.66
1747780542, 0, 453, 904, 901, 21, 7.78%, 114, 0, 3, 6.54
1747780552, 0, 454, 904, 901, 21, 7.78%, 114, 0, 3, 6.69
1747780557, 0, 455, 904, 901, 21, 7.78%, 114, 0, 3, 7.27
1747780567, 0, 456, 904, 901, 21, 7.78%, 114, 0, 3, 6.58
1747780572, 0, 457, 904, 901, 21, 7.78%, 115, 0, 3, 6.85
1747780582, 0, 458, 904, 901, 21, 7.78%, 115, 0, 3, 6.88
1747780587, 0, 459, 904, 901, 21, 7.78%, 116, 0, 3, 6.49
1747780598, 0, 460, 904, 901, 21, 7.78%, 116, 0, 3, 6.67
1747780603, 0, 461, 904, 901, 21, 7.78%, 116, 0, 3, 6.87
1747780613, 0, 462, 904, 901, 21, 7.78%, 117, 0, 3, 6.52
1747780623, 0, 465, 904, 901, 21, 7.78%, 117, 0, 3, 6.15
1747780629, 0, 467, 904, 901, 21, 7.78%, 117, 0, 3, 6.87
1747780639, 0, 468, 904, 901, 21, 7.78%, 117, 0, 3, 6.93
1747780644, 0, 468, 905, 902, 21, 7.78%, 117, 0, 3, 4.89
1747780655, 0, 469, 905, 902, 21, 7.78%, 118, 0, 3, 6.33
1747780665, 0, 471, 905, 902, 21, 7.78%, 118, 0, 3, 5.87
1747780675, 0, 472, 905, 902, 21, 7.78%, 118, 0, 3, 6.85
1747780680, 0, 473, 905, 902, 21, 7.78%, 118, 0, 3, 7.09
1747780691, 0, 474, 905, 902, 21, 7.78%, 118, 0, 3, 6.77
1747780696, 0, 475, 905, 902, 21, 7.78%, 119, 0, 3, 6.58
1747780706, 0, 476, 905, 902, 21, 7.78%, 119, 0, 3, 6.54
1747780711, 0, 476, 906, 903, 21, 7.78%, 119, 0, 3, 4.93
1747780722, 0, 477, 906, 903, 21, 7.78%, 119, 0, 3, 6.25
1747780732, 0, 478, 906, 903, 21, 7.78%, 119, 0, 3, 6.66
1747780742, 0, 479, 906, 903, 21, 7.78%, 120, 0, 3, 6.21
1747780748, 0, 480, 906, 903, 21, 7.78%, 120, 0, 3, 7.06
1747780758, 0, 481, 906, 903, 21, 7.78%, 120, 0, 3, 6.38
1747780763, 0, 482, 906, 903, 21, 7.78%, 120, 0, 3, 6.72
1747780768, 0, 482, 906, 903, 21, 7.78%, 121, 0, 3, 6.73
1747780773, 0, 485, 906, 903, 21, 7.78%, 121, 0, 3, 6.81
1747780778, 0, 486, 906, 903, 21, 7.78%, 121, 0, 3, 6.44
1747780788, 0, 487, 907, 904, 21, 7.78%, 121, 0, 3, 4.95
1747780799, 0, 487, 908, 905, 21, 7.78%, 121, 0, 3, 4.42
1747780815, 0, 487, 909, 906, 21, 7.78%, 121, 0, 3, 6.66
1747780841, 0, 487, 909, 906, 21, 7.78%, 122, 0, 3, 6.24
1747780846, 0, 487, 910, 907, 21, 7.78%, 122, 0, 3, 6.00
1747780851, 0, 487, 910, 907, 21, 7.78%, 123, 0, 3, 6.56
1747780923, 0, 488, 910, 907, 21, 7.78%, 123, 0, 3, 7.04
1747780928, 0, 489, 910, 907, 21, 7.78%, 123, 0, 3, 6.46
1747780939, 0, 490, 910, 907, 21, 7.78%, 123, 0, 3, 6.16
1747780944, 0, 490, 911, 908, 21, 7.78%, 123, 0, 3, 6.40
1747780954, 0, 492, 911, 908, 21, 7.78%, 123, 0, 3, 7.20
1747780965, 0, 493, 911, 908, 21, 7.78%, 123, 0, 3, 6.51
1747780970, 0, 494, 911, 908, 21, 7.78%, 123, 0, 3, 6.82
1747780980, 0, 495, 911, 908, 21, 7.78%, 123, 0, 3, 6.67
1747780985, 0, 496, 911, 908, 21, 7.78%, 123, 0, 3, 6.45
1747780996, 0, 497, 911, 908, 21, 7.78%, 123, 0, 3, 6.39
1747781001, 0, 498, 911, 908, 21, 7.78%, 123, 0, 3, 6.97
1747781011, 0, 499, 911, 908, 21, 7.78%, 123, 0, 3, 7.22
1747781016, 0, 500, 911, 908, 21, 7.78%, 124, 0, 3, 6.23
1747781027, 0, 501, 911, 908, 21, 7.78%, 124, 0, 3, 6.23
1747781037, 0, 503, 911, 908, 21, 7.78%, 125, 0, 3, 6.69
1747781042, 0, 504, 911, 908, 21, 7.78%, 125, 0, 3, 6.44
1747781053, 0, 505, 911, 908, 21, 7.78%, 125, 0, 3, 6.43
1747781058, 0, 506, 911, 908, 21, 7.78%, 125, 0, 3, 6.28
1747781068, 0, 508, 911, 908, 21, 7.78%, 125, 0, 3, 6.44
1747781073, 0, 509, 911, 908, 21, 7.78%, 125, 0, 3, 6.18
1747781084, 0, 510, 911, 908, 21, 7.78%, 125, 0, 3, 6.91
1747781089, 0, 511, 911, 908, 21, 7.78%, 125, 0, 3, 6.56
1747781100, 0, 512, 911, 908, 21, 7.78%, 125, 0, 3, 6.37
1747781105, 0, 515, 911, 908, 21, 7.78%, 125, 0, 3, 7.30
1747781115, 0, 517, 911, 908, 21, 7.78%, 125, 0, 3, 6.47
1747781120, 0, 518, 911, 908, 21, 7.78%, 125, 0, 3, 6.67
1747781125, 0, 518, 912, 909, 21, 7.78%, 125, 0, 3, 6.22
1747781141, 0, 519, 912, 909, 21, 7.78%, 125, 0, 3, 7.00
1747781146, 0, 519, 913, 910, 21, 7.78%, 125, 0, 3, 6.11
1747781156, 0, 520, 913, 910, 21, 7.78%, 125, 0, 3, 5.95
1747781166, 0, 521, 913, 910, 21, 7.78%, 125, 0, 3, 6.68
1747781172, 0, 523, 913, 910, 21, 7.78%, 125, 0, 3, 6.61
1747781182, 0, 524, 913, 910, 21, 7.78%, 125, 0, 3, 6.70
1747781187, 0, 525, 913, 910, 21, 7.78%, 125, 0, 3, 6.79
1747781197, 0, 527, 913, 910, 21, 7.78%, 125, 0, 3, 6.69
1747781202, 0, 528, 913, 910, 21, 7.78%, 126, 0, 3, 6.80
1747781213, 0, 530, 913, 910, 21, 7.78%, 126, 0, 3, 6.40
1747781218, 0, 531, 913, 910, 21, 7.78%, 126, 0, 3, 7.07
1747781228, 0, 532, 913, 910, 21, 7.78%, 126, 0, 3, 7.13
1747781233, 0, 534, 913, 910, 21, 7.78%, 126, 0, 3, 6.62
1747781244, 0, 535, 913, 910, 21, 7.78%, 126, 0, 3, 6.55
1747781249, 0, 536, 913, 910, 21, 7.78%, 126, 0, 3, 6.26
1747781259, 0, 537, 913, 910, 21, 7.78%, 126, 0, 3, 6.73
1747781269, 0, 538, 913, 910, 21, 7.78%, 126, 0, 3, 6.74
1747781274, 0, 539, 913, 910, 21, 7.78%, 126, 0, 3, 7.04
1747781280, 0, 539, 913, 910, 21, 7.78%, 127, 0, 3, 7.04
1747781285, 0, 540, 913, 910, 21, 7.78%, 127, 0, 3, 6.66
1747781290, 0, 542, 913, 910, 21, 7.78%, 127, 0, 3, 6.46
1747781300, 0, 543, 914, 911, 21, 7.78%, 127, 0, 3, 6.42
1747781310, 0, 543, 915, 912, 21, 7.78%, 127, 0, 3, 6.31
1747781330, 0, 544, 915, 912, 21, 7.78%, 127, 0, 3, 6.64
1747781341, 0, 545, 915, 912, 21, 7.78%, 127, 0, 3, 6.40
1747781351, 0, 547, 915, 912, 21, 7.78%, 127, 0, 3, 6.53
1747781356, 0, 549, 915, 912, 21, 7.78%, 127, 0, 3, 6.58
1747781366, 0, 551, 915, 912, 21, 7.78%, 127, 0, 3, 6.24
1747781371, 0, 553, 915, 912, 21, 7.78%, 127, 0, 3, 7.06
1747781382, 0, 554, 915, 912, 21, 7.78%, 127, 0, 3, 6.22
1747781387, 0, 554, 916, 913, 21, 7.78%, 127, 0, 3, 6.41
1747781397, 0, 555, 916, 913, 21, 7.78%, 127, 0, 3, 6.99
1747781402, 0, 556, 916, 913, 21, 7.78%, 127, 0, 3, 7.24
1747781413, 0, 558, 916, 913, 21, 7.78%, 127, 0, 3, 7.26
1747781418, 0, 560, 916, 913, 21, 7.78%, 127, 0, 3, 7.15
1747781428, 0, 561, 916, 913, 21, 7.78%, 127, 0, 3, 7.08
1747781433, 0, 562, 916, 913, 21, 7.78%, 127, 0, 3, 7.07
1747781444, 0, 563, 916, 913, 21, 7.78%, 127, 0, 3, 6.02
1747781449, 0, 564, 916, 913, 21, 7.78%, 127, 0, 3, 5.68
1747781459, 0, 565, 916, 913, 21, 7.78%, 127, 0, 3, 6.24
1747781470, 0, 566, 916, 913, 21, 7.78%, 127, 0, 3, 7.81
1747781475, 0, 567, 916, 913, 21, 7.78%, 127, 0, 3, 6.86
1747781480, 0, 568, 916, 913, 21, 7.78%, 127, 0, 3, 6.87
1747781491, 0, 569, 916, 913, 21, 7.78%, 127, 0, 3, 6.90
1747781496, 0, 570, 916, 913, 21, 7.78%, 128, 0, 3, 5.93
1747781506, 0, 576, 916, 913, 21, 7.78%, 129, 0, 3, 6.73
1747781511, 0, 577, 916, 913, 21, 7.78%, 129, 0, 3, 6.87
1747781521, 0, 578, 916, 913, 21, 7.78%, 129, 0, 3, 6.34
1747781532, 0, 579, 916, 913, 21, 7.78%, 130, 0, 3, 6.51
1747781537, 0, 580, 916, 913, 21, 7.78%, 130, 0, 3, 6.96
1747781547, 0, 581, 916, 913, 21, 7.78%, 130, 0, 3, 6.29
1747781552, 0, 582, 916, 913, 21, 7.78%, 130, 0, 3, 6.96
1747781563, 0, 583, 916, 913, 21, 7.78%, 130, 0, 3, 7.05
1747781568, 0, 584, 916, 913, 21, 7.78%, 130, 0, 3, 6.79
1747781578, 0, 585, 916, 913, 21, 7.78%, 130, 0, 3, 6.70
1747781583, 0, 586, 916, 913, 21, 7.78%, 130, 0, 3, 6.69
1747781589, 0, 586, 916, 913, 21, 7.78%, 131, 0, 3, 6.56
1747781594, 0, 587, 916, 913, 21, 7.78%, 131, 0, 3, 6.13
1747781599, 0, 588, 916, 913, 21, 7.78%, 131, 0, 3, 6.61
1747781609, 0, 589, 916, 913, 21, 7.78%, 131, 0, 3, 6.30
1747781614, 0, 589, 916, 913, 21, 7.78%, 132, 0, 3, 6.67
1747781619, 0, 590, 916, 913, 21, 7.78%, 132, 0, 3, 6.24
1747781624, 0, 590, 917, 914, 21, 7.78%, 133, 0, 3, 5.96
1747781635, 0, 591, 917, 914, 21, 7.78%, 133, 0, 3, 6.84
1747781645, 0, 592, 917, 914, 21, 7.78%, 133, 0, 3, 6.63
1747781650, 0, 593, 917, 914, 21, 7.78%, 133, 0, 3, 6.75
1747781660, 0, 594, 917, 914, 21, 7.78%, 133, 0, 3, 6.35
1747781666, 0, 595, 917, 914, 21, 7.78%, 133, 0, 3, 6.35
1747781676, 0, 596, 917, 914, 21, 7.78%, 133, 0, 3, 6.22
1747781681, 0, 596, 918, 915, 21, 7.78%, 133, 0, 3, 5.03
1747781697, 0, 597, 918, 915, 21, 7.78%, 133, 0, 3, 7.19
1747781702, 0, 598, 919, 916, 21, 7.78%, 133, 0, 3, 6.34
1747781722, 0, 599, 919, 916, 21, 7.78%, 133, 0, 3, 6.62
1747781733, 0, 600, 919, 916, 21, 7.78%, 134, 0, 3, 7.00
1747781738, 0, 601, 919, 916, 21, 7.78%, 135, 0, 3, 6.74
1747781743, 0, 601, 919, 916, 21, 7.78%, 136, 0, 3, 6.78
1747781748, 0, 602, 919, 916, 21, 7.78%, 138, 0, 3, 6.78
1747781753, 0, 603, 920, 917, 21, 7.78%, 138, 0, 3, 6.63
1747781774, 0, 604, 920, 917, 21, 7.78%, 138, 0, 3, 6.85
1747781779, 0, 605, 920, 917, 21, 7.78%, 138, 0, 3, 6.37
1747781784, 0, 605, 920, 917, 21, 7.78%, 139, 0, 3, 6.43
1747781789, 0, 606, 920, 917, 21, 7.78%, 139, 0, 3, 7.24
1747781794, 0, 607, 920, 917, 21, 7.78%, 139, 0, 3, 5.98
1747781805, 0, 609, 920, 917, 21, 7.78%, 139, 0, 3, 6.29
1747781810, 0, 610, 920, 917, 21, 7.78%, 139, 0, 3, 6.49
1747781820, 0, 612, 920, 917, 21, 7.78%, 139, 0, 3, 6.71
1747781825, 0, 614, 920, 917, 21, 7.78%, 139, 0, 3, 6.78
1747781830, 0, 614, 920, 917, 21, 7.78%, 140, 0, 3, 6.38
1747781835, 0, 615, 920, 917, 21, 7.78%, 140, 0, 3, 6.11
1747781846, 0, 616, 920, 917, 21, 7.78%, 140, 0, 3, 6.51
1747781851, 0, 617, 920, 917, 21, 7.78%, 140, 0, 3, 6.48
1747781861, 0, 618, 921, 918, 21, 7.78%, 140, 0, 3, 6.73
1747781877, 0, 621, 921, 918, 21, 7.78%, 140, 0, 3, 6.39
1747781887, 0, 623, 921, 918, 21, 7.78%, 140, 0, 3, 6.93
1747781892, 0, 624, 921, 918, 21, 7.78%, 142, 0, 3, 6.12
1747781902, 0, 624, 922, 919, 21, 7.78%, 142, 0, 3, 6.56
1747781913, 0, 625, 922, 919, 21, 7.78%, 142, 0, 3, 6.52
1747781918, 0, 626, 922, 919, 21, 7.78%, 142, 0, 3, 6.18
1747781923, 0, 626, 922, 919, 21, 7.78%, 143, 0, 3, 6.43
1747781928, 0, 627, 922, 919, 21, 7.78%, 143, 0, 3, 6.45
1747781934, 0, 628, 922, 919, 21, 7.78%, 143, 0, 3, 6.82
1747781944, 0, 630, 922, 919, 21, 7.78%, 143, 0, 3, 6.90
1747781949, 0, 631, 922, 919, 21, 7.78%, 143, 0, 3, 6.92
1747781959, 0, 632, 923, 920, 21, 7.78%, 143, 0, 3, 6.03
1747781970, 0, 632, 923, 920, 21, 7.78%, 144, 0, 3, 5.58
1747781975, 0, 632, 923, 920, 21, 7.78%, 145, 0, 3, 6.04
1747781980, 0, 633, 923, 920, 21, 7.78%, 146, 0, 3, 6.46
1747781986, 0, 636, 923, 920, 21, 7.78%, 146, 0, 3, 6.91
1747781996, 0, 637, 923, 920, 21, 7.78%, 146, 0, 3, 6.67
1747782001, 0, 639, 923, 920, 21, 7.78%, 146, 0, 3, 6.68
1747782012, 0, 640, 923, 920, 21, 7.78%, 146, 0, 3, 6.42
1747782017, 0, 641, 923, 920, 21, 7.78%, 146, 0, 3, 6.28
1747782027, 0, 642, 923, 920, 21, 7.78%, 146, 0, 3, 6.66
1747782032, 0, 643, 923, 920, 21, 7.78%, 146, 0, 3, 6.63
1747782042, 0, 646, 923, 920, 21, 7.78%, 146, 0, 3, 6.83
1747782052, 0, 647, 923, 920, 21, 7.78%, 146, 0, 3, 6.83
1747782057, 0, 648, 923, 920, 21, 7.78%, 146, 0, 3, 6.73
1747782063, 0, 649, 923, 920, 21, 7.78%, 146, 0, 3, 6.79
1747782073, 0, 650, 923, 920, 21, 7.78%, 146, 0, 3, 6.86
1747782078, 0, 650, 924, 921, 21, 7.78%, 146, 0, 3, 6.40
1747782088, 0, 651, 924, 921, 21, 7.78%, 146, 0, 3, 6.45
1747782099, 0, 652, 924, 921, 21, 7.78%, 146, 0, 3, 6.58
1747782104, 0, 653, 924, 921, 21, 7.78%, 146, 0, 3, 6.86
1747782114, 0, 653, 925, 922, 21, 7.78%, 146, 0, 3, 5.91
1747782125, 0, 654, 925, 922, 21, 7.78%, 146, 0, 3, 6.82
1747782130, 0, 655, 925, 922, 21, 7.78%, 146, 0, 3, 7.18
1747782135, 0, 656, 925, 922, 21, 7.78%, 146, 0, 3, 7.15
1747782145, 0, 657, 925, 922, 21, 7.78%, 146, 0, 3, 6.38
1747782155, 0, 658, 925, 922, 21, 7.78%, 146, 0, 3, 6.54
1747782160, 0, 659, 926, 923, 21, 7.78%, 146, 0, 3, 6.98
1747782181, 0, 660, 926, 923, 21, 7.78%, 146, 0, 3, 6.60
1747782186, 0, 661, 926, 923, 21, 7.78%, 146, 0, 3, 6.46
1747782196, 0, 664, 926, 923, 21, 7.78%, 147, 0, 3, 6.05
1747782201, 0, 665, 926, 923, 21, 7.78%, 147, 0, 3, 7.09
1747782212, 0, 666, 926, 923, 21, 7.78%, 147, 0, 3, 6.78
1747782217, 0, 667, 926, 923, 21, 7.78%, 147, 0, 3, 7.14
1747782227, 0, 668, 926, 923, 21, 7.78%, 147, 0, 3, 6.48
1747782232, 0, 669, 926, 923, 21, 7.78%, 147, 0, 3, 6.31
1747782242, 0, 671, 926, 923, 21, 7.78%, 148, 0, 3, 6.61
1747782247, 0, 672, 926, 923, 21, 7.78%, 148, 0, 3, 6.84
1747782258, 0, 673, 926, 923, 21, 7.78%, 148, 0, 3, 6.79
1747782263, 0, 674, 926, 923, 21, 7.78%, 148, 0, 3, 6.01
1747782273, 0, 675, 926, 923, 21, 7.78%, 148, 0, 3, 6.89
1747782278, 0, 676, 926, 923, 21, 7.78%, 148, 0, 3, 6.67
1747782289, 0, 677, 926, 923, 21, 7.78%, 148, 0, 3, 7.41
1747782294, 0, 679, 927, 924, 21, 7.78%, 148, 0, 3, 6.01
1747782304, 0, 679, 927, 924, 21, 7.78%, 149, 0, 3, 5.83
1747782315, 0, 680, 927, 924, 21, 7.78%, 149, 0, 3, 6.38
1747782325, 0, 681, 927, 924, 21, 7.78%, 149, 0, 3, 6.20
1747782330, 0, 682, 927, 924, 21, 7.78%, 149, 0, 3, 7.05
1747782340, 0, 684, 927, 924, 21, 7.78%, 149, 0, 3, 6.68
1747782346, 0, 686, 927, 924, 21, 7.78%, 149, 0, 3, 6.94
1747782356, 0, 689, 927, 924, 21, 7.78%, 149, 0, 3, 6.27
1747782361, 0, 690, 927, 924, 21, 7.78%, 149, 0, 3, 6.51
1747782371, 0, 691, 927, 924, 21, 7.78%, 149, 0, 3, 6.75
1747782377, 0, 692, 927, 924, 21, 7.78%, 149, 0, 3, 6.99
1747782387, 0, 693, 927, 924, 21, 7.78%, 149, 0, 3, 6.90
1747782392, 0, 694, 927, 924, 21, 7.78%, 149, 0, 3, 6.55
1747782402, 0, 696, 927, 924, 21, 7.78%, 149, 0, 3, 6.90
1747782407, 0, 697, 927, 924, 21, 7.78%, 149, 0, 3, 6.81
1747782417, 0, 698, 927, 924, 21, 7.78%, 149, 0, 3, 6.87
1747782423, 0, 699, 927, 924, 21, 7.78%, 149, 0, 3, 6.16
1747782433, 0, 700, 927, 924, 21, 7.78%, 149, 0, 3, 6.99
1747782438, 0, 702, 927, 924, 21, 7.78%, 149, 0, 3, 7.21
1747782448, 0, 703, 927, 924, 21, 7.78%, 149, 0, 3, 6.20
1747782454, 0, 705, 927, 924, 21, 7.78%, 149, 0, 3, 7.01
1747782464, 0, 706, 927, 924, 21, 7.78%, 150, 0, 3, 7.34
1747782469, 0, 707, 927, 924, 21, 7.78%, 150, 0, 3, 6.63
1747782479, 0, 708, 927, 924, 21, 7.78%, 150, 0, 3, 6.82
1747782485, 0, 709, 927, 924, 21, 7.78%, 150, 0, 3, 6.87
1747782495, 0, 710, 927, 924, 21, 7.78%, 150, 0, 3, 6.52
1747782505, 0, 711, 927, 924, 21, 7.78%, 150, 0, 3, 6.64
1747782510, 0, 712, 927, 924, 21, 7.78%, 150, 0, 3, 6.41
1747782520, 0, 714, 927, 924, 21, 7.78%, 150, 0, 3, 7.04
1747782525, 0, 715, 927, 924, 21, 7.78%, 150, 0, 3, 6.35
1747782536, 0, 716, 927, 924, 21, 7.78%, 150, 0, 3, 6.37
1747782541, 0, 718, 927, 924, 21, 7.78%, 150, 0, 3, 6.99
1747782552, 0, 720, 927, 924, 21, 7.78%, 150, 0, 3, 6.14
1747782557, 0, 721, 927, 924, 21, 7.78%, 150, 0, 3, 7.31
1747782567, 0, 722, 927, 924, 21, 7.78%, 150, 0, 3, 6.90
1747782572, 0, 724, 927, 924, 21, 7.78%, 150, 0, 3, 6.15
1747782577, 0, 724, 928, 925, 21, 7.78%, 150, 0, 3, 4.88
1747782593, 0, 725, 928, 925, 21, 7.78%, 150, 0, 3, 6.46
1747782603, 0, 725, 929, 926, 21, 7.78%, 150, 0, 3, 5.60
1747782614, 0, 726, 929, 926, 21, 7.78%, 150, 0, 3, 6.28
1747782619, 0, 727, 929, 926, 21, 7.78%, 150, 0, 3, 6.44
1747782629, 0, 728, 929, 926, 21, 7.78%, 150, 0, 3, 7.10
1747782634, 0, 729, 929, 926, 21, 7.78%, 150, 0, 3, 7.07
1747782645, 0, 730, 930, 927, 21, 7.78%, 150, 0, 3, 7.11
1747782660, 0, 731, 930, 927, 21, 7.78%, 150, 0, 3, 7.15
1747782665, 0, 732, 930, 927, 21, 7.78%, 150, 0, 3, 7.54
1747782676, 0, 733, 930, 927, 21, 7.78%, 150, 0, 3, 6.86
1747782681, 0, 736, 930, 927, 21, 7.78%, 150, 0, 3, 7.33
1747782686, 0, 736, 930, 927, 21, 7.78%, 151, 0, 3, 6.96
1747782691, 0, 737, 930, 927, 21, 7.78%, 151, 0, 3, 6.14
1747782696, 0, 738, 930, 927, 21, 7.78%, 152, 0, 3, 6.53
1747782707, 0, 739, 930, 927, 21, 7.78%, 152, 0, 3, 6.37
1747782712, 0, 740, 930, 927, 21, 7.78%, 152, 0, 3, 6.62
1747782717, 0, 740, 930, 927, 21, 7.78%, 153, 0, 3, 6.59
1747782722, 0, 742, 930, 927, 21, 7.78%, 154, 0, 3, 6.17
1747782727, 0, 743, 930, 927, 21, 7.78%, 154, 0, 3, 6.51
1747782738, 0, 744, 930, 927, 21, 7.78%, 154, 0, 3, 6.27
1747782743, 0, 745, 930, 927, 21, 7.78%, 154, 0, 3, 6.38
1747782753, 0, 746, 930, 927, 21, 7.78%, 154, 0, 3, 6.56
1747782764, 0, 747, 930, 927, 21, 7.78%, 154, 0, 3, 6.29
1747782769, 0, 749, 930, 927, 21, 7.78%, 154, 0, 3, 6.60
1747782779, 0, 750, 930, 927, 21, 7.78%, 154, 0, 3, 6.05
1747782784, 0, 753, 930, 927, 21, 7.78%, 154, 0, 3, 6.24
1747782795, 0, 757, 930, 927, 21, 7.78%, 154, 0, 3, 6.28
1747782800, 0, 759, 930, 927, 21, 7.78%, 154, 0, 3, 6.83
1747782810, 0, 760, 930, 927, 21, 7.78%, 154, 0, 3, 6.49
1747782821, 0, 762, 930, 927, 21, 7.78%, 154, 0, 3, 6.66
1747782826, 0, 763, 930, 927, 21, 7.78%, 154, 0, 3, 6.40
1747782836, 0, 764, 930, 927, 21, 7.78%, 154, 0, 3, 6.51
1747782841, 0, 766, 930, 927, 21, 7.78%, 154, 0, 3, 6.30
1747782852, 0, 767, 930, 927, 21, 7.78%, 154, 0, 3, 6.71
1747782857, 0, 768, 930, 927, 21, 7.78%, 154, 0, 3, 6.57
1747782867, 0, 769, 930, 927, 21, 7.78%, 154, 0, 3, 7.13
1747782872, 0, 770, 930, 927, 21, 7.78%, 154, 0, 3, 6.94
1747782883, 0, 771, 930, 927, 21, 7.78%, 154, 0, 3, 7.01
1747782888, 0, 772, 930, 927, 21, 7.78%, 154, 0, 3, 6.54
1747782898, 0, 774, 930, 927, 21, 7.78%, 154, 0, 3, 6.85
1747782903, 0, 775, 930, 927, 21, 7.78%, 154, 0, 3, 7.35
1747782908, 0, 776, 930, 927, 21, 7.78%, 154, 0, 3, 7.07
1747782919, 0, 777, 930, 927, 21, 7.78%, 154, 0, 3, 6.85
1747782924, 0, 778, 930, 927, 21, 7.78%, 154, 0, 3, 6.39
1747782934, 0, 779, 930, 927, 21, 7.78%, 154, 0, 3, 6.36
1747782944, 0, 780, 930, 927, 21, 7.78%, 154, 0, 3, 6.49
1747782949, 0, 782, 930, 927, 21, 7.78%, 154, 0, 3, 6.13
1747782960, 0, 783, 930, 927, 21, 7.78%, 154, 0, 3, 6.37
1747782965, 0, 785, 930, 927, 21, 7.78%, 154, 0, 3, 6.71
1747782975, 0, 786, 930, 927, 21, 7.78%, 154, 0, 3, 5.77
1747782980, 0, 786, 931, 928, 21, 7.78%, 154, 0, 3, 5.34
1747783021, 0, 786, 932, 929, 21, 7.78%, 154, 0, 3, 3.93
1747783346, 0, 786, 933, 930, 21, 7.78%, 154, 0, 3, 5.93
1747783351, 0, 786, 934, 931, 21, 7.78%, 154, 0, 3, 7.24
1747783521, 0, 786, 935, 932, 21, 7.78%, 154, 0, 3, 3.84
1747783526, 0, 786, 936, 933, 21, 7.78%, 154, 0, 3, 3.80
1747783690, 0, 786, 937, 934, 21, 7.78%, 154, 0, 3, 4.03
1747783726, 0, 787, 937, 933, 20, 7.78%, 154, 0, 3, 6.99
1747783731, 0, 788, 937, 933, 20, 7.78%, 154, 0, 3, 7.33
1747783742, 0, 790, 937, 933, 20, 7.78%, 154, 0, 3, 6.82
1747783747, 0, 791, 937, 933, 20, 7.78%, 154, 0, 3, 6.34
1747783757, 0, 793, 937, 933, 20, 7.78%, 154, 0, 3, 6.35
1747783762, 0, 793, 938, 934, 20, 7.78%, 154, 0, 3, 5.60
1747783778, 0, 795, 938, 934, 20, 7.78%, 154, 0, 3, 6.95
1747783783, 0, 796, 938, 934, 20, 7.78%, 154, 0, 3, 6.79
1747783788, 0, 797, 938, 934, 20, 7.78%, 154, 0, 3, 6.88
1747783798, 0, 798, 938, 934, 20, 7.78%, 154, 0, 3, 6.46
1747783809, 0, 799, 938, 934, 20, 7.78%, 154, 0, 3, 5.91
1747783814, 0, 800, 938, 934, 20, 7.78%, 154, 0, 3, 6.55
1747783824, 0, 801, 938, 934, 20, 7.78%, 154, 0, 3, 6.99
1747783829, 0, 803, 938, 934, 20, 7.78%, 154, 0, 3, 6.60
1747783834, 0, 803, 938, 934, 20, 7.78%, 155, 0, 3, 6.30
1747783840, 0, 803, 939, 935, 20, 7.78%, 155, 0, 3, 5.38
1747783850, 0, 804, 939, 935, 20, 7.78%, 155, 0, 3, 6.21
1747783855, 0, 805, 940, 936, 20, 7.78%, 155, 0, 3, 6.86
1747783876, 0, 806, 940, 936, 20, 7.78%, 155, 0, 3, 6.72
1747783886, 0, 807, 940, 936, 20, 7.78%, 155, 0, 3, 6.46
1747783891, 0, 808, 940, 936, 20, 7.78%, 155, 0, 3, 7.02
1747783902, 0, 810, 940, 936, 20, 7.78%, 155, 0, 3, 7.03
1747783907, 0, 811, 940, 936, 20, 7.78%, 155, 0, 3, 6.58
1747783912, 0, 811, 940, 936, 20, 7.78%, 156, 0, 3, 6.48
1747783917, 0, 812, 940, 936, 20, 7.78%, 156, 0, 3, 7.19
1747783922, 0, 813, 940, 936, 20, 7.78%, 156, 0, 3, 6.46
1747783933, 0, 814, 941, 937, 20, 7.78%, 156, 0, 3, 5.40
1747783948, 0, 815, 941, 937, 20, 7.78%, 156, 0, 3, 6.83
1747783958, 0, 818, 941, 937, 20, 7.78%, 156, 0, 3, 6.34
1747783963, 0, 820, 941, 937, 20, 7.78%, 156, 0, 3, 6.27
1747783974, 0, 821, 941, 937, 20, 7.78%, 156, 0, 3, 6.77
1747783979, 0, 822, 941, 937, 20, 7.78%, 156, 0, 3, 6.35
1747783990, 0, 823, 941, 937, 20, 7.78%, 156, 0, 3, 6.55
1747783995, 0, 824, 941, 937, 20, 7.78%, 156, 0, 3, 6.61
1747784005, 0, 825, 941, 937, 20, 7.78%, 158, 0, 3, 7.38
1747784010, 0, 827, 941, 937, 20, 7.78%, 158, 0, 3, 6.95
1747784021, 0, 828, 941, 937, 20, 7.78%, 158, 0, 3, 6.07
1747784031, 0, 831, 941, 937, 20, 7.78%, 158, 0, 3, 6.19
1747784036, 0, 832, 941, 937, 20, 7.78%, 158, 0, 3, 6.76
1747784047, 0, 833, 941, 937, 20, 7.78%, 158, 0, 3, 7.04
1747784052, 0, 834, 941, 937, 20, 7.78%, 158, 0, 3, 6.69
1747784062, 0, 835, 941, 937, 20, 7.78%, 158, 0, 3, 6.18
1747784067, 0, 836, 941, 937, 20, 7.78%, 158, 0, 3, 6.26
1747784108, 0, 836, 942, 938, 20, 7.78%, 158, 0, 3, 3.55
1747784123, 0, 836, 943, 939, 20, 7.78%, 158, 0, 3, 3.20
1747784164, 0, 836, 944, 940, 20, 7.78%, 158, 0, 3, 3.52
1747784257, 0, 836, 945, 941, 20, 7.78%, 158, 0, 3, 4.98
1747784340, 0, 836, 946, 942, 20, 7.78%, 158, 0, 3, 4.41
1747784602, 0, 836, 947, 943, 20, 7.78%, 158, 0, 3, 4.82
1747785065, 0, 836, 948, 944, 20, 7.78%, 158, 0, 3, 3.42
1747785071, 0, 836, 949, 945, 20, 7.78%, 158, 0, 3, 3.48
1747785076, 0, 836, 950, 946, 20, 7.78%, 158, 0, 3, 3.46
1747785086, 0, 836, 951, 947, 20, 7.78%, 158, 0, 3, 3.57
1747785128, 0, 837, 951, 946, 18, 7.78%, 158, 0, 3, 5.57
1747785138, 0, 838, 951, 946, 18, 7.78%, 158, 0, 3, 7.13
1747785143, 0, 839, 951, 946, 18, 7.78%, 158, 0, 3, 6.59
1747785154, 0, 842, 951, 946, 18, 7.78%, 158, 0, 3, 6.72
1747785159, 0, 846, 951, 946, 18, 7.78%, 158, 0, 3, 7.29
1747785169, 0, 847, 951, 946, 18, 7.78%, 158, 0, 3, 7.23
1747785175, 0, 848, 951, 946, 18, 7.78%, 159, 0, 3, 7.16
1747785185, 0, 849, 952, 947, 18, 7.78%, 159, 0, 3, 5.68
1747785205, 0, 850, 952, 947, 18, 7.78%, 159, 0, 3, 6.30
1747785210, 0, 851, 952, 947, 18, 7.78%, 160, 0, 3, 6.50
1747785221, 0, 852, 952, 947, 18, 7.78%, 160, 0, 3, 6.60
1747785231, 0, 853, 952, 947, 18, 7.78%, 160, 0, 3, 6.78
1747785236, 0, 856, 952, 947, 18, 7.78%, 160, 0, 3, 6.29
1747785246, 0, 857, 952, 947, 18, 7.78%, 160, 0, 3, 6.64
1747785251, 0, 858, 952, 947, 18, 7.78%, 160, 0, 3, 6.29
1747785262, 0, 859, 952, 947, 18, 7.78%, 160, 0, 3, 6.72
1747785267, 0, 860, 952, 947, 18, 7.78%, 160, 0, 3, 6.96
1747785400, 0, 860, 953, 948, 18, 7.78%, 160, 0, 4, 7.35
1747785807, 0, 861, 953, 947, 17, 7.78%, 160, 0, 4, 7.69
1747785818, 0, 862, 953, 947, 17, 7.78%, 160, 0, 4, 6.82
1747785823, 0, 863, 953, 947, 17, 7.78%, 160, 0, 4, 6.54
1747785833, 0, 866, 953, 947, 17, 7.78%, 160, 0, 4, 6.60
1747785844, 0, 867, 953, 947, 17, 7.78%, 160, 0, 4, 6.87
1747785849, 0, 869, 953, 947, 17, 7.78%, 161, 0, 4, 7.21
1747785859, 0, 870, 953, 947, 17, 7.78%, 162, 0, 4, 6.25
1747785864, 0, 871, 953, 947, 17, 7.78%, 162, 0, 4, 7.07
1747785869, 0, 872, 953, 947, 17, 7.78%, 162, 0, 4, 7.50
1747785880, 0, 874, 953, 947, 17, 7.78%, 162, 0, 4, 6.83
1747785885, 0, 875, 953, 947, 17, 7.78%, 162, 0, 4, 6.77
1747785895, 0, 876, 953, 947, 17, 7.78%, 163, 0, 4, 6.68
1747785900, 0, 877, 953, 947, 17, 7.78%, 163, 0, 4, 6.82
1747785910, 0, 879, 953, 947, 17, 7.78%, 163, 0, 4, 6.64
1747785920, 0, 880, 953, 947, 17, 7.78%, 163, 0, 4, 6.58
1747785926, 0, 882, 953, 947, 17, 7.78%, 163, 0, 4, 6.26
1747785936, 0, 883, 953, 947, 17, 7.78%, 163, 0, 4, 6.63
1747785941, 0, 884, 953, 947, 17, 7.78%, 163, 0, 4, 6.66
1747785951, 0, 885, 953, 947, 17, 7.78%, 163, 0, 4, 7.11
1747785956, 0, 886, 953, 947, 17, 7.78%, 163, 0, 4, 7.22
1747785961, 0, 887, 953, 947, 17, 7.78%, 163, 0, 4, 7.03
1747785972, 0, 888, 953, 947, 17, 7.78%, 163, 0, 4, 6.60
1747785977, 0, 888, 953, 947, 17, 7.78%, 164, 0, 4, 6.77
1747785982, 0, 890, 953, 947, 17, 7.78%, 164, 0, 4, 6.41
1747785987, 0, 892, 953, 947, 17, 7.78%, 164, 0, 4, 6.38
1747785997, 0, 893, 953, 947, 17, 7.78%, 164, 0, 4, 6.72
1747786003, 0, 895, 953, 947, 17, 7.78%, 164, 0, 4, 6.24
1747786013, 0, 896, 953, 947, 17, 7.78%, 164, 0, 4, 6.45
1747786018, 0, 897, 953, 947, 17, 7.78%, 164, 0, 4, 6.59
1747786028, 0, 899, 953, 947, 17, 7.78%, 164, 0, 4, 6.43
1747786033, 0, 900, 953, 947, 17, 7.78%, 164, 0, 4, 6.42
1747786044, 0, 901, 953, 947, 17, 7.78%, 164, 0, 4, 6.27
1747786049, 0, 902, 953, 947, 17, 7.78%, 164, 0, 4, 6.88
1747786060, 0, 903, 953, 947, 17, 7.78%, 164, 0, 4, 6.47
1747786065, 0, 904, 953, 947, 17, 7.78%, 164, 0, 4, 7.00
1747786076, 0, 906, 953, 947, 17, 7.78%, 164, 0, 4, 6.66
1747786086, 0, 907, 953, 947, 17, 7.78%, 166, 0, 4, 6.69
1747786091, 0, 908, 953, 947, 17, 7.78%, 166, 0, 4, 6.49
1747786101, 0, 909, 953, 947, 17, 7.78%, 167, 0, 4, 6.26
1747786106, 0, 911, 953, 947, 17, 7.78%, 167, 0, 4, 5.90
1747786116, 0, 912, 953, 947, 17, 7.78%, 167, 0, 4, 6.63
1747786127, 0, 913, 953, 947, 17, 7.78%, 167, 0, 4, 6.59
1747786132, 0, 916, 953, 947, 17, 7.78%, 168, 0, 4, 7.11
1747786137, 0, 917, 953, 947, 17, 7.78%, 168, 0, 4, 6.81
1747786148, 0, 919, 953, 947, 17, 7.78%, 168, 0, 4, 6.87
1747786153, 0, 920, 953, 947, 17, 7.78%, 170, 0, 4, 7.14
1747786163, 0, 921, 953, 947, 17, 7.78%, 170, 0, 4, 7.10
1747786169, 0, 922, 953, 947, 17, 7.78%, 170, 0, 4, 6.64
1747786179, 0, 923, 953, 947, 17, 7.78%, 170, 0, 4, 6.92
1747786184, 0, 924, 953, 947, 17, 7.78%, 170, 0, 4, 6.73
1747786194, 0, 927, 953, 947, 17, 7.78%, 170, 0, 4, 6.49
1747786200, 0, 928, 953, 947, 17, 7.78%, 170, 0, 4, 6.64
1747786210, 0, 930, 953, 947, 17, 7.78%, 170, 0, 4, 6.41
1747786215, 0, 931, 953, 947, 17, 7.78%, 170, 0, 4, 6.45
1747786225, 0, 932, 953, 947, 17, 7.78%, 170, 0, 4, 6.47
1747786236, 0, 933, 953, 947, 17, 7.78%, 170, 0, 4, 6.50
1747786241, 0, 934, 953, 947, 17, 7.78%, 170, 0, 4, 6.97
1747786246, 0, 935, 953, 947, 17, 7.78%, 170, 0, 4, 6.84
1747786256, 0, 937, 953, 947, 17, 7.78%, 170, 0, 4, 6.50
1747786261, 0, 937, 953, 947, 17, 7.78%, 171, 0, 4, 6.23
1747786267, 0, 938, 953, 947, 17, 7.78%, 171, 0, 4, 6.74
1747786272, 0, 939, 953, 947, 17, 7.78%, 171, 0, 4, 6.56
1747786282, 0, 940, 953, 947, 17, 7.78%, 171, 0, 4, 6.98
1747786288, 0, 941, 953, 947, 17, 7.78%, 171, 0, 4, 6.95
1747786298, 0, 942, 953, 947, 17, 7.78%, 171, 0, 4, 6.44
1747786303, 0, 943, 953, 947, 17, 7.78%, 171, 0, 4, 6.66
1747786313, 0, 944, 953, 947, 17, 7.78%, 171, 0, 4, 6.82
1747786323, 0, 946, 953, 947, 17, 7.78%, 171, 0, 4, 6.07
1747786328, 0, 948, 953, 947, 17, 7.78%, 171, 0, 4, 5.99
1747786339, 0, 950, 953, 947, 17, 7.78%, 171, 0, 4, 6.87
1747786344, 0, 951, 953, 947, 17, 7.78%, 171, 0, 4, 7.12
1747786354, 1, 1, 953, 947, 17, 7.78%, 171, 0, 4, 6.38
1747786360, 1, 2, 953, 947, 17, 7.78%, 171, 0, 4, 6.92
1747786370, 1, 3, 953, 947, 17, 7.78%, 171, 0, 4, 6.54
1747786375, 1, 4, 953, 947, 17, 7.78%, 171, 0, 4, 6.72
1747786386, 1, 5, 953, 947, 17, 7.78%, 171, 0, 4, 7.33
1747786391, 1, 6, 953, 947, 17, 7.78%, 171, 0, 4, 6.61
1747786401, 1, 7, 953, 947, 17, 7.78%, 171, 0, 4, 6.26
1747786406, 1, 8, 953, 947, 17, 7.78%, 171, 0, 4, 6.47
1747786417, 1, 9, 953, 947, 17, 7.78%, 171, 0, 4, 6.61
1747786422, 1, 10, 953, 947, 17, 7.78%, 171, 0, 4, 6.66
1747786432, 1, 11, 953, 947, 17, 7.78%, 171, 0, 4, 6.83
1747786438, 1, 12, 953, 947, 17, 7.78%, 171, 0, 4, 6.48
1747786448, 1, 13, 953, 947, 17, 7.78%, 171, 0, 4, 6.73
1747786453, 1, 14, 953, 947, 17, 7.78%, 171, 0, 4, 7.02
1747786464, 1, 16, 954, 948, 17, 7.78%, 171, 0, 4, 7.36
1747786479, 1, 17, 954, 948, 17, 7.78%, 171, 0, 4, 6.95
1747786485, 1, 19, 954, 948, 17, 7.78%, 171, 0, 4, 6.83
1747786490, 1, 19, 954, 948, 17, 7.78%, 172, 0, 4, 7.13
1747786495, 1, 20, 954, 948, 17, 7.78%, 172, 0, 4, 6.74
1747786500, 1, 21, 954, 948, 17, 7.78%, 172, 0, 4, 6.61
1747786510, 1, 23, 954, 948, 17, 7.78%, 173, 0, 4, 6.57
1747786515, 1, 24, 954, 948, 17, 7.78%, 173, 0, 4, 7.11
1747786520, 1, 24, 955, 949, 17, 7.78%, 173, 0, 4, 6.18
1747786536, 1, 27, 955, 949, 17, 7.78%, 173, 0, 4, 6.30
1747786541, 1, 29, 955, 949, 17, 7.78%, 173, 0, 4, 6.36
1747786552, 1, 30, 955, 949, 17, 7.78%, 173, 0, 4, 6.46
1747786557, 1, 31, 955, 949, 17, 7.78%, 173, 0, 4, 6.47
1747786567, 1, 32, 955, 949, 17, 7.78%, 173, 0, 4, 7.04
1747786572, 1, 32, 956, 950, 17, 7.78%, 173, 0, 4, 5.80
1747786582, 1, 33, 956, 950, 17, 7.78%, 173, 0, 4, 7.34
1747786593, 1, 37, 956, 950, 17, 7.78%, 173, 0, 4, 6.70
1747786598, 1, 38, 956, 950, 17, 7.78%, 173, 0, 4, 6.51
1747786603, 1, 38, 956, 950, 17, 7.78%, 174, 0, 4, 6.47
1747786608, 1, 39, 956, 950, 17, 7.78%, 174, 0, 4, 6.64
1747786613, 1, 40, 956, 950, 17, 7.78%, 174, 0, 4, 6.55
1747786624, 1, 42, 957, 951, 17, 7.78%, 174, 0, 4, 6.62
1747786644, 1, 43, 957, 951, 17, 7.78%, 174, 0, 4, 6.44
1747786649, 1, 43, 958, 952, 17, 7.78%, 174, 0, 4, 4.52
1747786659, 1, 44, 958, 952, 17, 7.78%, 174, 0, 4, 6.95
1747786670, 1, 45, 958, 952, 17, 7.78%, 174, 0, 4, 7.34
1747786675, 1, 47, 958, 952, 17, 7.78%, 174, 0, 4, 7.21
1747786685, 1, 48, 958, 952, 17, 7.78%, 174, 0, 4, 6.91
1747786690, 1, 49, 958, 952, 17, 7.78%, 174, 0, 4, 6.86
1747786701, 1, 50, 958, 952, 17, 7.78%, 174, 0, 4, 6.85
1747786706, 1, 51, 958, 952, 17, 7.78%, 175, 0, 4, 7.20
1747786711, 1, 51, 958, 952, 17, 7.78%, 176, 0, 4, 6.43
1747786716, 1, 52, 958, 952, 17, 7.78%, 176, 0, 4, 6.82
1747786721, 1, 53, 958, 952, 17, 7.78%, 176, 0, 4, 6.88
1747786732, 1, 54, 958, 952, 17, 7.78%, 176, 0, 4, 6.94
1747786737, 1, 55, 958, 952, 17, 7.78%, 176, 0, 4, 6.73
1747786748, 1, 56, 958, 952, 17, 7.78%, 176, 0, 4, 6.23
1747786753, 1, 57, 958, 952, 17, 7.78%, 176, 0, 4, 6.56
1747786763, 1, 59, 958, 952, 17, 7.78%, 176, 0, 4, 6.58
1747786768, 1, 59, 958, 952, 17, 7.78%, 177, 0, 4, 6.37
1747786773, 1, 60, 958, 952, 17, 7.78%, 177, 0, 4, 6.52
1747786779, 1, 61, 958, 952, 17, 7.78%, 177, 0, 4, 6.58
1747786784, 1, 61, 958, 952, 17, 7.78%, 178, 0, 4, 6.48
1747786789, 1, 62, 959, 953, 17, 7.78%, 178, 0, 4, 6.21
1747786804, 1, 63, 959, 953, 17, 7.78%, 178, 0, 4, 6.82
1747786814, 1, 64, 959, 953, 17, 7.78%, 178, 0, 4, 6.87
1747786819, 1, 65, 959, 953, 17, 7.78%, 179, 0, 4, 6.54
1747786830, 1, 66, 959, 953, 17, 7.78%, 180, 0, 4, 6.46
1747786835, 1, 70, 959, 953, 17, 7.78%, 180, 0, 4, 7.01
1747786846, 1, 71, 959, 953, 17, 7.78%, 180, 0, 4, 7.31
1747786851, 1, 72, 959, 953, 17, 7.78%, 180, 0, 4, 7.07
1747786856, 1, 73, 959, 953, 17, 7.78%, 180, 0, 4, 7.11
1747786866, 1, 74, 959, 953, 17, 7.78%, 180, 0, 4, 6.79
1747786871, 1, 78, 959, 953, 17, 7.78%, 180, 0, 4, 6.60
1747786882, 1, 79, 959, 953, 17, 7.78%, 181, 0, 4, 6.15
1747786892, 1, 80, 959, 953, 17, 7.78%, 181, 0, 4, 6.10
1747786897, 1, 81, 959, 953, 17, 7.78%, 181, 0, 4, 6.33
1747786907, 1, 83, 959, 953, 17, 7.78%, 181, 0, 4, 6.40
1747786917, 1, 85, 959, 953, 17, 7.78%, 181, 0, 4, 7.17
1747786923, 1, 86, 959, 953, 17, 7.78%, 181, 0, 4, 7.08
1747786933, 1, 87, 959, 953, 17, 7.78%, 181, 0, 4, 6.02
1747786938, 1, 89, 959, 953, 17, 7.78%, 181, 0, 4, 6.99
1747786948, 1, 91, 959, 953, 17, 7.78%, 181, 0, 4, 6.85
1747786953, 1, 92, 959, 953, 17, 7.78%, 181, 0, 4, 6.25
1747786964, 1, 93, 959, 953, 17, 7.78%, 181, 0, 4, 6.54
1747786969, 1, 93, 959, 953, 17, 7.78%, 182, 0, 4, 5.97
1747786974, 1, 95, 960, 954, 17, 7.78%, 183, 0, 4, 6.72
1747786989, 1, 96, 960, 954, 17, 7.78%, 183, 0, 4, 6.98
1747786994, 1, 97, 960, 954, 17, 7.78%, 183, 0, 4, 7.08
1747787005, 1, 100, 961, 955, 17, 7.78%, 183, 0, 4, 5.22
1747787021, 1, 101, 961, 955, 17, 7.78%, 183, 0, 4, 6.14
1747787031, 1, 102, 961, 955, 17, 7.78%, 183, 0, 4, 6.31
1747787042, 1, 104, 961, 955, 17, 7.78%, 183, 0, 4, 6.02
1747787047, 1, 105, 961, 955, 17, 7.78%, 183, 0, 4, 6.23
1747787057, 1, 106, 961, 955, 17, 7.78%, 183, 0, 4, 7.05
1747787062, 1, 107, 961, 955, 17, 7.78%, 183, 0, 4, 6.83
1747787068, 1, 107, 961, 955, 17, 7.78%, 184, 0, 4, 6.12
1747787073, 1, 108, 961, 955, 17, 7.78%, 184, 0, 4, 6.35
1747787078, 1, 109, 961, 955, 17, 7.78%, 184, 0, 4, 7.17
1747787088, 1, 110, 961, 955, 17, 7.78%, 184, 0, 4, 6.69
1747787093, 1, 111, 961, 955, 17, 7.78%, 184, 0, 4, 6.42
1747787103, 1, 112, 961, 955, 17, 7.78%, 184, 0, 4, 6.50
1747787114, 1, 114, 961, 955, 17, 7.78%, 185, 0, 4, 6.03
1747787119, 1, 116, 961, 955, 17, 7.78%, 185, 0, 4, 6.64
1747787129, 1, 117, 961, 955, 17, 7.78%, 185, 0, 4, 6.11
1747787134, 1, 118, 961, 955, 17, 7.78%, 185, 0, 4, 6.19
1747787145, 1, 119, 961, 955, 17, 7.78%, 185, 0, 4, 7.09
1747787150, 1, 120, 961, 955, 17, 7.78%, 185, 0, 4, 6.68
1747787160, 1, 121, 961, 955, 17, 7.78%, 185, 0, 4, 7.10
1747787165, 1, 122, 961, 955, 17, 7.78%, 185, 0, 4, 9.31
1747787222, 1, 123, 961, 954, 16, 7.78%, 185, 0, 4, 8.80
1747787232, 1, 124, 961, 954, 16, 7.78%, 185, 0, 4, 7.05
1747787242, 1, 125, 961, 954, 16, 7.78%, 185, 0, 4, 6.73
1747787247, 1, 128, 961, 954, 16, 7.78%, 185, 0, 4, 6.75
1747787252, 1, 129, 961, 954, 16, 7.78%, 186, 0, 4, 7.00
1747787263, 1, 130, 961, 954, 16, 7.78%, 186, 0, 4, 6.89
1747787268, 1, 132, 961, 954, 16, 7.78%, 186, 0, 4, 7.03
1747787278, 1, 133, 961, 954, 16, 7.78%, 186, 0, 4, 6.66
1747787283, 1, 135, 961, 954, 16, 7.78%, 186, 0, 4, 7.00
1747787288, 1, 135, 961, 954, 16, 7.78%, 187, 0, 4, 6.74
1747787294, 1, 136, 961, 954, 16, 7.78%, 187, 0, 4, 6.84
1747787299, 1, 137, 961, 954, 16, 7.78%, 187, 0, 4, 6.75
1747787309, 1, 138, 961, 954, 16, 7.78%, 187, 0, 4, 7.00
1747787319, 1, 139, 961, 954, 16, 7.78%, 187, 0, 4, 6.78
1747787325, 1, 140, 961, 954, 16, 7.78%, 187, 0, 4, 6.77
1747787335, 1, 141, 961, 954, 16, 7.78%, 187, 0, 4, 6.19
1747787340, 1, 142, 961, 954, 16, 7.78%, 187, 0, 4, 6.11
1747787351, 1, 143, 961, 954, 16, 7.78%, 187, 0, 4, 6.86
1747787356, 1, 145, 961, 954, 16, 7.78%, 187, 0, 4, 6.33
1747787366, 1, 146, 961, 954, 16, 7.78%, 187, 0, 4, 6.65
1747787371, 1, 147, 961, 954, 16, 7.78%, 187, 0, 4, 6.79
1747787381, 1, 148, 961, 954, 16, 7.78%, 187, 0, 4, 6.65
1747787386, 1, 150, 961, 954, 16, 7.78%, 187, 0, 4, 6.94
1747787453, 1, 150, 962, 955, 16, 7.78%, 187, 0, 4, 9.11
1747787494, 1, 150, 963, 956, 16, 7.78%, 187, 0, 4, 9.84
1747787582, 1, 151, 963, 955, 15, 7.78%, 187, 0, 4, 8.84
1747787592, 1, 153, 963, 955, 15, 7.78%, 187, 0, 4, 6.76
1747787597, 1, 154, 963, 955, 15, 7.78%, 187, 0, 4, 7.00
1747787608, 1, 155, 963, 955, 15, 7.78%, 187, 0, 4, 6.72
1747787613, 1, 156, 963, 955, 15, 7.78%, 187, 0, 4, 7.32
1747787618, 1, 157, 963, 955, 15, 7.78%, 187, 0, 4, 7.57
1747787628, 1, 159, 963, 955, 15, 7.78%, 187, 0, 4, 6.68
1747787633, 1, 160, 963, 955, 15, 7.78%, 187, 0, 4, 7.04
1747787643, 1, 161, 963, 955, 15, 7.78%, 187, 0, 4, 6.82
1747787654, 1, 162, 963, 955, 15, 7.78%, 187, 0, 4, 6.94
1747787659, 1, 163, 963, 955, 15, 7.78%, 187, 0, 4, 6.65
1747787664, 1, 164, 963, 955, 15, 7.78%, 187, 0, 4, 6.89
1747787675, 1, 165, 963, 955, 15, 7.78%, 189, 0, 4, 6.46
1747787680, 1, 166, 963, 955, 15, 7.78%, 189, 0, 4, 6.73
1747787685, 1, 166, 963, 955, 15, 7.78%, 190, 0, 4, 6.21
1747787690, 1, 167, 963, 955, 15, 7.78%, 190, 0, 4, 6.54
1747787696, 1, 168, 963, 955, 15, 7.78%, 190, 0, 4, 7.36
1747787706, 1, 170, 963, 955, 15, 7.78%, 191, 0, 4, 6.61
1747787711, 1, 171, 963, 955, 15, 7.78%, 191, 0, 4, 6.56
1747787722, 1, 172, 963, 955, 15, 7.78%, 191, 0, 4, 6.65
1747787732, 1, 174, 963, 955, 15, 7.78%, 191, 0, 4, 6.63
1747787737, 1, 175, 963, 955, 15, 7.78%, 191, 0, 4, 6.35
1747787747, 1, 176, 963, 955, 15, 7.78%, 191, 0, 4, 7.64
1747787752, 1, 177, 963, 955, 15, 7.78%, 191, 0, 4, 6.66
1747787762, 1, 178, 963, 955, 15, 7.78%, 191, 0, 4, 6.58
1747787767, 1, 179, 963, 955, 15, 7.78%, 191, 0, 4, 6.51
1747787778, 1, 181, 963, 955, 15, 7.78%, 191, 0, 4, 6.87
1747787783, 1, 182, 963, 955, 15, 7.78%, 192, 0, 4, 6.82
1747787793, 1, 183, 963, 955, 15, 7.78%, 192, 0, 4, 6.61
1747787798, 1, 184, 963, 955, 15, 7.78%, 192, 0, 4, 6.68
1747787808, 1, 185, 963, 955, 15, 7.78%, 192, 0, 4, 6.41
1747787813, 1, 186, 963, 955, 15, 7.78%, 192, 0, 4, 6.76
1747787824, 1, 187, 963, 955, 15, 7.78%, 193, 0, 4, 6.68
1747787829, 1, 188, 963, 955, 15, 7.78%, 193, 0, 4, 6.88
1747787834, 1, 188, 963, 955, 15, 7.78%, 194, 0, 4, 6.58
1747787839, 1, 189, 963, 955, 15, 7.78%, 194, 0, 4, 7.11
1747787844, 1, 190, 963, 955, 15, 7.78%, 194, 0, 4, 7.21
1747787855, 1, 191, 963, 955, 15, 7.78%, 194, 0, 4, 6.44
1747787865, 1, 192, 963, 955, 15, 7.78%, 194, 0, 4, 6.32
1747787870, 1, 194, 963, 955, 15, 7.78%, 194, 0, 4, 6.27
1747787880, 1, 195, 963, 955, 15, 7.78%, 194, 0, 4, 6.14
1747787885, 1, 196, 963, 955, 15, 7.78%, 194, 0, 4, 6.61
1747787896, 1, 198, 963, 955, 15, 7.78%, 194, 0, 4, 6.68
1747787906, 1, 201, 963, 955, 15, 7.78%, 194, 0, 4, 6.66
1747787911, 1, 202, 963, 955, 15, 7.78%, 194, 0, 4, 6.97
1747787922, 1, 204, 963, 955, 15, 7.78%, 194, 0, 4, 6.87
1747787927, 1, 206, 963, 955, 15, 7.78%, 194, 0, 4, 6.70
1747787937, 1, 207, 963, 955, 15, 7.78%, 194, 0, 4, 6.41
1747787942, 1, 208, 963, 955, 15, 7.78%, 194, 0, 4, 7.05
1747787947, 1, 209, 963, 955, 15, 7.78%, 194, 0, 4, 6.92
1747787958, 1, 210, 963, 955, 15, 7.78%, 194, 0, 4, 6.68
1747787968, 1, 211, 963, 955, 15, 7.78%, 194, 0, 4, 6.61
1747787973, 1, 212, 963, 955, 15, 7.78%, 194, 0, 4, 6.41
1747787983, 1, 213, 963, 955, 15, 7.78%, 194, 0, 4, 6.33
1747787989, 1, 214, 963, 955, 15, 7.78%, 194, 0, 4, 6.87
1747787999, 1, 215, 963, 955, 15, 7.78%, 194, 0, 4, 6.58
1747788004, 1, 216, 963, 955, 15, 7.78%, 194, 0, 4, 7.03
1747788014, 1, 217, 963, 955, 15, 7.78%, 194, 0, 4, 6.03
1747788025, 1, 219, 963, 955, 15, 7.78%, 194, 0, 4, 6.65
1747788030, 1, 220, 963, 955, 15, 7.78%, 194, 0, 4, 6.89
1747788040, 1, 221, 963, 955, 15, 7.78%, 194, 0, 4, 7.17
1747788045, 1, 222, 963, 955, 15, 7.78%, 194, 0, 4, 6.55
1747788056, 1, 223, 963, 955, 15, 7.78%, 194, 0, 4, 7.19
1747788061, 1, 225, 963, 955, 15, 7.78%, 194, 0, 4, 6.60
1747788066, 1, 228, 963, 955, 15, 7.78%, 194, 0, 4, 6.69
1747788076, 1, 229, 963, 955, 15, 7.78%, 194, 0, 4, 6.50
1747788087, 1, 230, 963, 955, 15, 7.78%, 194, 0, 4, 6.42
1747788092, 1, 232, 963, 955, 15, 7.78%, 194, 0, 4, 6.31
1747788102, 1, 236, 963, 955, 15, 7.78%, 194, 0, 4, 6.33
1747788113, 1, 237, 963, 955, 15, 7.78%, 194, 0, 4, 5.80
1747788118, 1, 239, 963, 955, 15, 7.78%, 194, 0, 4, 6.57
1747788128, 1, 240, 963, 955, 15, 7.78%, 194, 0, 4, 6.79
1747788133, 1, 241, 963, 955, 15, 7.78%, 194, 0, 4, 6.46
1747788144, 1, 242, 963, 955, 15, 7.78%, 194, 0, 4, 6.53
1747788149, 1, 244, 963, 955, 15, 7.78%, 194, 0, 4, 6.43
1747788159, 1, 245, 963, 955, 15, 7.78%, 195, 0, 4, 5.83
1747788170, 1, 246, 963, 955, 15, 7.78%, 195, 0, 4, 6.59
1747788175, 1, 247, 963, 955, 15, 7.78%, 195, 0, 4, 6.34
1747788185, 1, 248, 963, 955, 15, 7.78%, 195, 0, 4, 6.41
1747788190, 1, 249, 963, 955, 15, 7.78%, 195, 0, 4, 7.07
1747788200, 1, 250, 963, 955, 15, 7.78%, 195, 0, 4, 7.06
1747788206, 1, 251, 963, 955, 15, 7.78%, 195, 0, 4, 6.89
1747788216, 1, 252, 963, 955, 15, 7.78%, 195, 0, 4, 6.49
1747788221, 1, 253, 963, 955, 15, 7.78%, 195, 0, 4, 7.00
1747788231, 1, 254, 963, 955, 15, 7.78%, 195, 0, 4, 6.81
1747788236, 1, 255, 963, 955, 15, 7.78%, 195, 0, 4, 6.64
1747788246, 1, 256, 963, 955, 15, 7.78%, 195, 0, 4, 7.09
1747788251, 1, 258, 963, 955, 15, 7.78%, 195, 0, 4, 6.95
1747788262, 1, 259, 963, 955, 15, 7.78%, 196, 0, 4, 6.51
1747788267, 1, 260, 963, 955, 15, 7.78%, 196, 0, 4, 6.68
1747788278, 1, 261, 963, 955, 15, 7.78%, 196, 0, 4, 6.28
1747788288, 1, 262, 963, 955, 15, 7.78%, 196, 0, 4, 6.89
1747788293, 1, 263, 963, 955, 15, 7.78%, 196, 0, 4, 6.89
1747788304, 1, 264, 963, 955, 15, 7.78%, 196, 0, 4, 6.06
1747788309, 1, 265, 963, 955, 15, 7.78%, 196, 0, 4, 6.77
1747788319, 1, 266, 963, 955, 15, 7.78%, 196, 0, 4, 7.01
1747788325, 1, 267, 963, 955, 15, 7.78%, 196, 0, 4, 6.24
1747788335, 1, 268, 963, 955, 15, 7.78%, 196, 0, 4, 7.44
1747788340, 1, 269, 963, 955, 15, 7.78%, 196, 0, 4, 6.41
1747788350, 1, 270, 963, 955, 15, 7.78%, 196, 0, 4, 6.93
1747788355, 1, 271, 963, 955, 15, 7.78%, 196, 0, 4, 6.54
1747788366, 1, 272, 963, 955, 15, 7.78%, 196, 0, 4, 7.36
1747788371, 1, 273, 963, 955, 15, 7.78%, 198, 0, 4, 7.03
1747788381, 1, 274, 963, 955, 15, 7.78%, 198, 0, 4, 6.99
1747788387, 1, 275, 963, 955, 15, 7.78%, 198, 0, 4, 7.29
1747788392, 1, 276, 963, 955, 15, 7.78%, 198, 0, 4, 6.60
1747788402, 1, 277, 963, 955, 15, 7.78%, 199, 0, 4, 6.99
1747788412, 1, 281, 963, 955, 15, 7.78%, 199, 0, 4, 6.71
1747788417, 1, 282, 963, 955, 15, 7.78%, 199, 0, 4, 6.53
1747788428, 1, 283, 963, 955, 15, 7.78%, 199, 0, 4, 7.19
1747788433, 1, 284, 963, 955, 15, 7.78%, 199, 0, 4, 6.64
1747788443, 1, 286, 963, 955, 15, 7.78%, 199, 0, 4, 6.07
1747788448, 1, 287, 963, 955, 15, 7.78%, 199, 0, 4, 6.50
1747788458, 1, 289, 963, 955, 15, 7.78%, 199, 0, 4, 6.87
1747788464, 1, 290, 963, 955, 15, 7.78%, 199, 0, 4, 7.00
1747788474, 1, 291, 963, 955, 15, 7.78%, 199, 0, 4, 6.26
1747788479, 1, 293, 963, 955, 15, 7.78%, 199, 0, 4, 6.59
1747788489, 1, 294, 963, 955, 15, 7.78%, 199, 0, 4, 6.56
1747788500, 1, 295, 963, 955, 15, 7.78%, 199, 0, 4, 6.99
1747788505, 1, 296, 963, 955, 15, 7.78%, 199, 0, 4, 6.88
1747788515, 1, 297, 963, 955, 15, 7.78%, 199, 0, 4, 6.79
1747788520, 1, 298, 963, 955, 15, 7.78%, 199, 0, 4, 6.62
1747788530, 1, 299, 963, 955, 15, 7.78%, 199, 0, 4, 6.17
1747788536, 1, 300, 963, 955, 15, 7.78%, 199, 0, 4, 6.46
1747788546, 1, 301, 963, 955, 15, 7.78%, 199, 0, 4, 6.60
1747788551, 1, 302, 963, 955, 15, 7.78%, 199, 0, 4, 7.00
1747788561, 1, 304, 963, 955, 15, 7.78%, 199, 0, 4, 6.55
1747788566, 1, 305, 963, 955, 15, 7.78%, 199, 0, 4, 7.07
1747788572, 1, 305, 963, 955, 15, 7.78%, 200, 0, 4, 7.40
1747788577, 1, 307, 963, 955, 15, 7.78%, 200, 0, 4, 7.03
1747788582, 1, 308, 963, 955, 15, 7.78%, 200, 0, 4, 6.87
1747788593, 1, 309, 963, 955, 15, 7.78%, 200, 0, 4, 6.94
1747788598, 1, 311, 963, 955, 15, 7.78%, 200, 0, 4, 7.06
1747788608, 1, 312, 963, 955, 15, 7.78%, 200, 0, 4, 7.28
1747788613, 1, 314, 963, 955, 15, 7.78%, 200, 0, 4, 6.83
1747788619, 1, 315, 963, 955, 15, 7.78%, 200, 0, 4, 6.83
1747788629, 1, 316, 963, 955, 15, 7.78%, 200, 0, 4, 6.49
1747788640, 1, 317, 963, 955, 15, 7.78%, 200, 0, 4, 6.74
1747788645, 1, 318, 963, 955, 15, 7.78%, 200, 0, 4, 6.72
1747788650, 1, 318, 963, 955, 15, 7.78%, 201, 0, 4, 6.41
1747788655, 1, 319, 963, 955, 15, 7.78%, 201, 0, 4, 7.19
1747788660, 1, 320, 963, 955, 15, 7.78%, 203, 0, 4, 6.49
1747788671, 1, 321, 963, 955, 15, 7.78%, 203, 0, 4, 6.03
1747788676, 1, 322, 963, 955, 15, 7.78%, 203, 0, 4, 6.89
1747788687, 1, 323, 963, 955, 15, 7.78%, 203, 0, 4, 6.79
1747788692, 1, 326, 963, 955, 15, 7.78%, 203, 0, 4, 6.97
1747788702, 1, 327, 963, 955, 15, 7.78%, 203, 0, 4, 6.88
1747788707, 1, 330, 963, 955, 15, 7.78%, 203, 0, 4, 7.20
1747788717, 1, 331, 963, 955, 15, 7.78%, 203, 0, 4, 6.95
1747788723, 1, 332, 963, 955, 15, 7.78%, 203, 0, 4, 6.88
1747788728, 1, 332, 963, 955, 15, 7.78%, 204, 0, 4, 6.86
1747788733, 1, 333, 963, 955, 15, 7.78%, 204, 0, 4, 6.43
1747788738, 1, 335, 963, 955, 15, 7.78%, 204, 0, 4, 6.64
1747788743, 1, 335, 964, 956, 15, 7.78%, 204, 0, 4, 4.69
1747788758, 1, 336, 964, 956, 15, 7.78%, 204, 0, 4, 6.62
1747788769, 1, 337, 964, 956, 15, 7.78%, 204, 0, 4, 6.59
1747788774, 1, 338, 964, 956, 15, 7.78%, 204, 0, 4, 6.70
1747788784, 1, 339, 964, 956, 15, 7.78%, 204, 0, 4, 6.67
1747788790, 1, 341, 964, 956, 15, 7.78%, 204, 0, 4, 6.60
1747788800, 1, 342, 964, 956, 15, 7.78%, 204, 0, 4, 7.00
1747788805, 1, 342, 965, 957, 15, 7.78%, 204, 0, 4, 7.23
1747788816, 1, 343, 966, 958, 15, 7.78%, 204, 0, 4, 6.75
1747788821, 1, 343, 966, 958, 15, 7.78%, 205, 0, 4, 6.07
1747788831, 1, 344, 967, 959, 15, 7.78%, 205, 0, 4, 5.99
1747788846, 1, 344, 967, 959, 15, 7.78%, 206, 0, 4, 6.31
1747788852, 1, 346, 967, 959, 15, 7.78%, 206, 0, 4, 7.20
1747788862, 1, 347, 967, 959, 15, 7.78%, 206, 0, 4, 6.57
1747788867, 1, 348, 967, 959, 15, 7.78%, 206, 0, 4, 6.35
1747788878, 1, 350, 967, 959, 15, 7.78%, 206, 0, 4, 7.16
1747788883, 1, 351, 967, 959, 15, 7.78%, 206, 0, 4, 6.69
1747788893, 1, 352, 967, 959, 15, 7.78%, 206, 0, 4, 7.11
1747788899, 1, 353, 967, 959, 15, 7.78%, 206, 0, 4, 7.04
1747788904, 1, 354, 967, 959, 15, 7.78%, 206, 0, 4, 7.21
1747788914, 1, 355, 967, 959, 15, 7.78%, 206, 0, 4, 6.44
1747788919, 1, 356, 967, 959, 15, 7.78%, 206, 0, 4, 6.97
1747788924, 1, 356, 968, 960, 15, 7.78%, 206, 0, 4, 6.41
1747788940, 1, 357, 968, 960, 15, 7.78%, 206, 0, 4, 6.55
1747788945, 1, 358, 968, 960, 15, 7.78%, 206, 0, 4, 6.42
1747788955, 1, 359, 968, 960, 15, 7.78%, 206, 0, 4, 6.55
1747788965, 1, 360, 968, 960, 15, 7.78%, 206, 0, 4, 5.96
1747788970, 1, 361, 968, 960, 15, 7.78%, 206, 0, 4, 5.97
1747788981, 1, 362, 968, 960, 15, 7.78%, 206, 0, 4, 7.00
1747788986, 1, 364, 968, 960, 15, 7.78%, 206, 0, 4, 6.62
1747788996, 1, 365, 968, 960, 15, 7.78%, 206, 0, 4, 5.92
1747789007, 1, 366, 968, 960, 15, 7.78%, 206, 0, 4, 6.45
1747789012, 1, 367, 968, 960, 15, 7.78%, 206, 0, 4, 6.95
1747789017, 1, 368, 968, 960, 15, 7.78%, 206, 0, 4, 7.23
1747789027, 1, 369, 968, 960, 15, 7.78%, 206, 0, 4, 6.38
1747789037, 1, 370, 968, 960, 15, 7.78%, 207, 0, 4, 6.51
1747789042, 1, 372, 968, 960, 15, 7.78%, 207, 0, 4, 6.77
1747789053, 1, 373, 968, 960, 15, 7.78%, 207, 0, 4, 6.70
1747789058, 1, 375, 968, 960, 15, 7.78%, 207, 0, 4, 6.01
1747789068, 1, 376, 968, 960, 15, 7.78%, 207, 0, 4, 6.57
1747789074, 1, 377, 968, 960, 15, 7.78%, 207, 0, 4, 6.71
1747789084, 1, 378, 968, 960, 15, 7.78%, 207, 0, 4, 6.46
1747789089, 1, 379, 968, 960, 15, 7.78%, 207, 0, 4, 6.50
1747789099, 1, 380, 968, 960, 15, 7.78%, 207, 0, 4, 6.18
1747789105, 1, 381, 968, 960, 15, 7.78%, 207, 0, 4, 6.66
1747789115, 1, 382, 968, 960, 15, 7.78%, 207, 0, 4, 6.43
1747789125, 1, 383, 968, 960, 15, 7.78%, 207, 0, 4, 6.53
1747789130, 1, 384, 968, 960, 15, 7.78%, 207, 0, 4, 6.63
1747789140, 1, 385, 968, 960, 15, 7.78%, 207, 0, 4, 6.96
1747789146, 1, 386, 968, 960, 15, 7.78%, 207, 0, 4, 6.40
1747789156, 1, 388, 968, 960, 15, 7.78%, 207, 0, 4, 6.29
1747789161, 1, 389, 968, 960, 15, 7.78%, 207, 0, 4, 6.80
1747789171, 1, 390, 968, 960, 15, 7.78%, 207, 0, 4, 7.37
1747789176, 1, 392, 968, 960, 15, 7.78%, 207, 0, 4, 6.65
1747789187, 1, 393, 968, 960, 15, 7.78%, 207, 0, 4, 5.97
1747789192, 1, 395, 968, 960, 15, 7.78%, 207, 0, 4, 6.77
1747789202, 1, 397, 968, 960, 15, 7.78%, 207, 0, 4, 6.34
1747789207, 1, 398, 968, 960, 15, 7.78%, 207, 0, 4, 6.88
1747789218, 1, 400, 968, 960, 15, 7.78%, 207, 0, 4, 7.36
1747789223, 1, 401, 968, 960, 15, 7.78%, 207, 0, 4, 7.05
1747789233, 1, 403, 968, 960, 15, 7.78%, 207, 0, 4, 6.89
1747789238, 1, 404, 968, 960, 15, 7.78%, 207, 0, 4, 6.54
1747789249, 1, 405, 968, 960, 15, 7.78%, 207, 0, 4, 6.81
1747789254, 1, 406, 968, 960, 15, 7.78%, 207, 0, 4, 6.44
1747789259, 1, 406, 968, 960, 15, 7.78%, 208, 0, 4, 6.22
1747789264, 1, 407, 968, 960, 15, 7.78%, 208, 0, 4, 6.86
1747789269, 1, 408, 968, 960, 15, 7.78%, 209, 0, 4, 6.88
1747789279, 1, 409, 968, 960, 15, 7.78%, 209, 0, 4, 6.77
1747789289, 1, 410, 968, 960, 15, 7.78%, 209, 0, 4, 7.35
1747789295, 1, 412, 968, 960, 15, 7.78%, 209, 0, 4, 5.99
1747789305, 1, 414, 968, 960, 15, 7.78%, 209, 0, 4, 6.54
1747789310, 1, 416, 968, 960, 15, 7.78%, 209, 0, 4, 6.92
1747789315, 1, 416, 968, 960, 15, 7.78%, 210, 0, 4, 6.53
1747789321, 1, 417, 968, 960, 15, 7.78%, 210, 0, 4, 6.88
1747789326, 1, 418, 968, 960, 15, 7.78%, 210, 0, 4, 6.87
1747789336, 1, 419, 968, 960, 15, 7.78%, 210, 0, 4, 6.42
1747789341, 1, 420, 968, 960, 15, 7.78%, 210, 0, 4, 6.33
1747789351, 1, 421, 968, 960, 15, 7.78%, 210, 0, 4, 7.17
1747789357, 1, 422, 968, 960, 15, 7.78%, 210, 0, 4, 6.54
1747789367, 1, 423, 968, 960, 15, 7.78%, 210, 0, 4, 6.92
1747789372, 1, 424, 968, 960, 15, 7.78%, 210, 0, 4, 6.88
1747789382, 1, 425, 968, 960, 15, 7.78%, 210, 0, 4, 6.76
1747789387, 1, 426, 968, 960, 15, 7.78%, 210, 0, 4, 6.50
1747789398, 1, 427, 968, 960, 15, 7.78%, 210, 0, 4, 6.64
1747789403, 1, 428, 968, 960, 15, 7.78%, 210, 0, 4, 6.71
1747789413, 1, 429, 968, 960, 15, 7.78%, 210, 0, 4, 6.56
1747789419, 1, 429, 968, 960, 15, 7.78%, 212, 0, 4, 6.50
1747789424, 1, 430, 968, 960, 15, 7.78%, 212, 0, 4, 6.28
1747789429, 1, 431, 968, 960, 15, 7.78%, 212, 0, 4, 7.24
1747789439, 1, 432, 968, 960, 15, 7.78%, 212, 0, 4, 6.58
1747789444, 1, 433, 968, 960, 15, 7.78%, 212, 0, 4, 6.98
1747789455, 1, 434, 968, 960, 15, 7.78%, 212, 0, 4, 7.20
1747789460, 1, 435, 968, 960, 15, 7.78%, 212, 0, 4, 6.81
1747789470, 1, 436, 968, 960, 15, 7.78%, 212, 0, 4, 6.56
1747789475, 1, 437, 968, 960, 15, 7.78%, 212, 0, 4, 6.77
1747789485, 1, 438, 968, 960, 15, 7.78%, 212, 0, 4, 6.44
1747789490, 1, 439, 968, 960, 15, 7.78%, 212, 0, 4, 6.87
1747789501, 1, 440, 968, 960, 15, 7.78%, 212, 0, 4, 6.88
1747789506, 1, 441, 968, 960, 15, 7.78%, 212, 0, 4, 6.48
1747789516, 1, 442, 968, 960, 15, 7.78%, 212, 0, 4, 6.31
1747789527, 1, 443, 968, 960, 15, 7.78%, 212, 0, 4, 6.72
1747789532, 1, 444, 968, 960, 15, 7.78%, 212, 0, 4, 6.74
1747789542, 1, 445, 968, 960, 15, 7.78%, 212, 0, 4, 6.39
1747789547, 1, 446, 968, 960, 15, 7.78%, 212, 0, 4, 6.41
1747789557, 1, 447, 968, 960, 15, 7.78%, 212, 0, 4, 6.69
1747789563, 1, 448, 968, 960, 15, 7.78%, 212, 0, 4, 6.94
1747789573, 1, 449, 968, 960, 15, 7.78%, 212, 0, 4, 6.65
1747789578, 1, 450, 968, 960, 15, 7.78%, 212, 0, 4, 6.32
1747789584, 1, 450, 968, 960, 15, 7.78%, 213, 0, 4, 6.50
1747789589, 1, 451, 968, 960, 15, 7.78%, 213, 0, 4, 6.65
1747789594, 1, 454, 968, 960, 15, 7.78%, 213, 0, 4, 6.61
1747789604, 1, 455, 968, 960, 15, 7.78%, 213, 0, 4, 6.90
1747789610, 1, 457, 968, 960, 15, 7.78%, 213, 0, 4, 6.87
1747789620, 1, 459, 968, 960, 15, 7.78%, 213, 0, 4, 6.71
1747789625, 1, 460, 968, 960, 15, 7.78%, 214, 0, 4, 6.35
1747789635, 1, 462, 968, 960, 15, 7.78%, 214, 0, 4, 6.56
1747789641, 1, 463, 968, 960, 15, 7.78%, 214, 0, 4, 6.92
1747789646, 1, 464, 968, 960, 15, 7.78%, 214, 0, 4, 7.06
1747789651, 1, 464, 968, 960, 15, 7.78%, 215, 0, 4, 6.93
1747789656, 1, 466, 968, 960, 15, 7.78%, 215, 0, 4, 6.96
1747789661, 1, 467, 968, 960, 15, 7.78%, 215, 0, 4, 6.63
1747789671, 1, 468, 968, 960, 15, 7.78%, 215, 0, 4, 6.65
1747789676, 1, 469, 968, 960, 15, 7.78%, 215, 0, 4, 6.48
1747789687, 1, 471, 968, 960, 15, 7.78%, 215, 0, 4, 6.05
1747789697, 1, 473, 968, 960, 15, 7.78%, 215, 0, 4, 6.91
1747789702, 1, 474, 968, 960, 15, 7.78%, 215, 0, 4, 6.64
1747789707, 1, 475, 968, 960, 15, 7.78%, 215, 0, 4, 7.09
1747789712, 1, 475, 969, 961, 15, 7.78%, 215, 0, 4, 6.50
1747789728, 1, 477, 969, 961, 15, 7.78%, 215, 0, 4, 6.76
1747789733, 1, 478, 969, 961, 15, 7.78%, 215, 0, 4, 6.67
1747789743, 1, 479, 969, 961, 15, 7.78%, 215, 0, 4, 5.96
1747789749, 1, 480, 969, 961, 15, 7.78%, 215, 0, 4, 6.60
1747789759, 1, 482, 969, 961, 15, 7.78%, 215, 0, 4, 7.32
1747789764, 1, 484, 969, 961, 15, 7.78%, 215, 0, 4, 7.03
1747789769, 1, 484, 969, 961, 15, 7.78%, 216, 0, 4, 6.91
1747789775, 1, 485, 969, 961, 15, 7.78%, 216, 0, 4, 6.80
1747789780, 1, 487, 969, 961, 15, 7.78%, 216, 0, 4, 6.66
1747789790, 1, 488, 969, 961, 15, 7.78%, 216, 0, 4, 6.64
1747789795, 1, 490, 969, 961, 15, 7.78%, 216, 0, 4, 6.97
1747789805, 1, 491, 969, 961, 15, 7.78%, 216, 0, 4, 6.29
1747789810, 1, 492, 969, 961, 15, 7.78%, 217, 0, 4, 7.16
1747789820, 1, 493, 969, 961, 15, 7.78%, 217, 0, 4, 6.64
1747789831, 1, 494, 969, 961, 15, 7.78%, 217, 0, 4, 6.60
1747789836, 1, 495, 969, 961, 15, 7.78%, 217, 0, 4, 7.78
1747790004, 1, 495, 970, 962, 15, 7.78%, 217, 0, 4, 10.83
1747790040, 1, 495, 971, 963, 15, 7.78%, 217, 0, 4, 6.27
1747790076, 1, 496, 971, 962, 15, 7.78%, 217, 0, 4, 7.11
1747790086, 1, 497, 971, 962, 15, 7.78%, 217, 0, 4, 5.91
1747790092, 1, 498, 971, 962, 15, 7.78%, 217, 0, 4, 6.41
1747790102, 1, 499, 971, 962, 15, 7.78%, 217, 0, 4, 6.02
1747790112, 1, 500, 971, 962, 15, 7.78%, 217, 0, 4, 6.65
1747790118, 1, 501, 971, 962, 15, 7.78%, 217, 0, 4, 6.01
1747790128, 1, 502, 971, 962, 15, 7.78%, 217, 0, 4, 6.29
1747790133, 1, 504, 971, 962, 15, 7.78%, 217, 0, 4, 6.59
1747790143, 1, 506, 971, 962, 15, 7.78%, 217, 0, 4, 6.08
1747790154, 1, 507, 971, 962, 15, 7.78%, 217, 0, 4, 6.15
1747790159, 1, 508, 971, 962, 15, 7.78%, 217, 0, 4, 6.81
1747790169, 1, 509, 971, 962, 15, 7.78%, 217, 0, 4, 6.86
1747790174, 1, 510, 971, 962, 15, 7.78%, 217, 0, 4, 6.81
1747790185, 1, 511, 971, 962, 15, 7.78%, 217, 0, 4, 7.19
1747790190, 1, 512, 971, 962, 15, 7.78%, 217, 0, 4, 6.94
1747790200, 1, 514, 971, 962, 15, 7.78%, 217, 0, 4, 7.76
1747790206, 1, 515, 971, 962, 15, 7.78%, 217, 0, 4, 6.46
1747790211, 1, 515, 971, 962, 15, 7.78%, 218, 0, 4, 6.35
1747790216, 1, 516, 971, 962, 15, 7.78%, 218, 0, 4, 6.80
1747790221, 1, 517, 971, 962, 15, 7.78%, 218, 0, 4, 6.36
1747790231, 1, 519, 971, 962, 15, 7.78%, 218, 0, 4, 6.40
1747790237, 1, 520, 971, 962, 15, 7.78%, 218, 0, 4, 6.52
1747790247, 1, 521, 971, 962, 15, 7.78%, 218, 0, 4, 6.83
1747790252, 1, 522, 971, 962, 15, 7.78%, 218, 0, 4, 6.87
1747790257, 1, 523, 971, 962, 15, 7.78%, 218, 0, 4, 6.72
1747790267, 1, 524, 971, 962, 15, 7.78%, 218, 0, 4, 6.43
1747790278, 1, 525, 971, 962, 15, 7.78%, 218, 0, 4, 6.41
1747790283, 1, 526, 971, 962, 15, 7.78%, 218, 0, 4, 6.49
1747790293, 1, 527, 971, 962, 15, 7.78%, 218, 0, 4, 6.24
1747790298, 1, 528, 971, 962, 15, 7.78%, 218, 0, 4, 6.48
1747790309, 1, 530, 971, 962, 15, 7.78%, 218, 0, 4, 6.50
1747790319, 1, 531, 971, 962, 15, 7.78%, 218, 0, 4, 6.87
1747790324, 1, 532, 971, 962, 15, 7.78%, 218, 0, 4, 6.40
1747790334, 1, 533, 971, 962, 15, 7.78%, 218, 0, 4, 7.26
1747790339, 1, 534, 971, 962, 15, 7.78%, 218, 0, 4, 6.24
1747790350, 1, 535, 971, 962, 15, 7.78%, 218, 0, 4, 6.35
1747790355, 1, 537, 971, 962, 15, 7.78%, 218, 0, 4, 6.79
1747790365, 1, 539, 971, 962, 15, 7.78%, 218, 0, 4, 6.48
1747790370, 1, 541, 971, 962, 15, 7.78%, 218, 0, 4, 6.39
1747790381, 1, 542, 971, 962, 15, 7.78%, 218, 0, 4, 6.49
1747790386, 1, 543, 971, 962, 15, 7.78%, 218, 0, 4, 6.87
1747790396, 1, 544, 971, 962, 15, 7.78%, 218, 0, 4, 6.38
1747790401, 1, 546, 971, 962, 15, 7.78%, 218, 0, 4, 6.82
1747790411, 1, 547, 971, 962, 15, 7.78%, 218, 0, 4, 6.90
1747790416, 1, 548, 971, 962, 15, 7.78%, 218, 0, 4, 7.07
1747790427, 1, 549, 971, 962, 15, 7.78%, 218, 0, 4, 6.84
1747790432, 1, 551, 971, 962, 15, 7.78%, 218, 0, 4, 6.85
1747790442, 1, 552, 971, 962, 15, 7.78%, 218, 0, 4, 6.44
1747790447, 1, 553, 971, 962, 15, 7.78%, 218, 0, 4, 6.48
1747790452, 1, 553, 972, 963, 15, 7.78%, 218, 0, 4, 7.38
1747790457, 1, 553, 973, 964, 15, 7.78%, 218, 0, 4, 6.38
1747790483, 1, 554, 973, 964, 15, 7.78%, 218, 0, 4, 6.76
1747790494, 1, 556, 973, 964, 15, 7.78%, 218, 0, 4, 6.11
1747790499, 1, 557, 973, 964, 15, 7.78%, 218, 0, 4, 6.45
1747790509, 1, 559, 973, 964, 15, 7.78%, 218, 0, 4, 6.92
1747790519, 1, 560, 973, 964, 15, 7.78%, 218, 0, 4, 6.33
1747790524, 1, 561, 973, 964, 15, 7.78%, 219, 0, 4, 6.51
1747790535, 1, 562, 973, 964, 15, 7.78%, 219, 0, 4, 6.83
1747790540, 1, 563, 973, 964, 15, 7.78%, 219, 0, 4, 6.93
1747790550, 1, 564, 973, 964, 15, 7.78%, 219, 0, 4, 6.24
1747790555, 1, 565, 973, 964, 15, 7.78%, 219, 0, 4, 6.72
1747790560, 1, 565, 973, 964, 15, 7.78%, 220, 0, 4, 6.35
1747790566, 1, 566, 973, 964, 15, 7.78%, 220, 0, 4, 6.49
1747790571, 1, 567, 973, 964, 15, 7.78%, 220, 0, 4, 6.63
1747790581, 1, 568, 973, 964, 15, 7.78%, 220, 0, 4, 6.66
1747790591, 1, 569, 973, 964, 15, 7.78%, 220, 0, 4, 6.56
1747790596, 1, 570, 973, 964, 15, 7.78%, 220, 0, 4, 6.97
1747790606, 1, 572, 973, 964, 15, 7.78%, 220, 0, 4, 6.79
1747790612, 1, 573, 973, 964, 15, 7.78%, 220, 0, 4, 6.45
1747790622, 1, 574, 973, 964, 15, 7.78%, 221, 0, 4, 6.38
1747790627, 1, 575, 973, 964, 15, 7.78%, 221, 0, 4, 6.99
1747790637, 1, 576, 973, 964, 15, 7.78%, 221, 0, 4, 6.87
1747790642, 1, 577, 973, 964, 15, 7.78%, 221, 0, 4, 6.63
1747790653, 1, 578, 973, 964, 15, 7.78%, 221, 0, 4, 6.40
1747790658, 1, 579, 973, 964, 15, 7.78%, 221, 0, 4, 6.57
1747790668, 1, 580, 973, 964, 15, 7.78%, 221, 0, 4, 6.34
1747790678, 1, 582, 973, 964, 15, 7.78%, 221, 0, 4, 6.05
1747790683, 1, 583, 973, 964, 15, 7.78%, 221, 0, 4, 6.12
1747790694, 1, 584, 973, 964, 15, 7.78%, 221, 0, 4, 5.93
1747790704, 1, 585, 973, 964, 15, 7.78%, 221, 0, 4, 6.47
1747790709, 1, 586, 973, 964, 15, 7.78%, 221, 0, 4, 6.34
1747790719, 1, 588, 973, 964, 15, 7.78%, 221, 0, 4, 6.64
1747790724, 1, 589, 973, 964, 15, 7.78%, 221, 0, 4, 6.72
1747790734, 1, 590, 973, 964, 15, 7.78%, 221, 0, 4, 6.24
1747790745, 1, 591, 973, 964, 15, 7.78%, 221, 0, 4, 6.68
1747790750, 1, 592, 973, 964, 15, 7.78%, 221, 0, 4, 6.65
1747790755, 1, 593, 973, 964, 15, 7.78%, 221, 0, 4, 7.15
1747790766, 1, 594, 973, 964, 15, 7.78%, 221, 0, 4, 6.43
1747790776, 1, 595, 973, 964, 15, 7.78%, 221, 0, 4, 6.25
1747790781, 1, 597, 973, 964, 15, 7.78%, 221, 0, 4, 6.24
1747790792, 1, 598, 973, 964, 15, 7.78%, 221, 0, 4, 6.18
1747790802, 1, 599, 973, 964, 15, 7.78%, 221, 0, 4, 6.39
1747790807, 1, 600, 973, 964, 15, 7.78%, 221, 0, 4, 6.32
1747790817, 1, 601, 973, 964, 15, 7.78%, 221, 0, 4, 6.50
1747790822, 1, 602, 973, 964, 15, 7.78%, 221, 0, 4, 6.27
1747790832, 1, 603, 973, 964, 15, 7.78%, 221, 0, 4, 6.55
1747790838, 1, 604, 973, 964, 15, 7.78%, 221, 0, 4, 6.97
1747790848, 1, 605, 973, 964, 15, 7.78%, 221, 0, 4, 7.20
1747790853, 1, 606, 973, 964, 15, 7.78%, 221, 0, 4, 6.86
1747790863, 1, 607, 973, 964, 15, 7.78%, 221, 0, 4, 6.75
1747790868, 1, 608, 973, 964, 15, 7.78%, 221, 0, 4, 6.62
1747790879, 1, 611, 973, 964, 15, 7.78%, 221, 0, 4, 7.01
1747790884, 1, 612, 973, 964, 15, 7.78%, 221, 0, 4, 6.79
1747790894, 1, 613, 973, 964, 15, 7.78%, 221, 0, 4, 6.49
1747790899, 1, 615, 973, 964, 15, 7.78%, 221, 0, 4, 6.70
1747790909, 1, 616, 973, 964, 15, 7.78%, 222, 0, 4, 6.95
1747790915, 1, 617, 973, 964, 15, 7.78%, 222, 0, 4, 7.05
1747790925, 1, 618, 973, 964, 15, 7.78%, 222, 0, 4, 6.92
1747790935, 1, 619, 973, 964, 15, 7.78%, 222, 0, 4, 5.72
1747790941, 1, 620, 973, 964, 15, 7.78%, 222, 0, 4, 5.99
1747790951, 1, 621, 973, 964, 15, 7.78%, 222, 0, 4, 6.17
1747790956, 1, 623, 973, 964, 15, 7.78%, 222, 0, 4, 6.68
1747790967, 1, 624, 973, 964, 15, 7.78%, 222, 0, 4, 6.78
1747790972, 1, 625, 973, 964, 15, 7.78%, 222, 0, 4, 6.90
1747790982, 1, 626, 973, 964, 15, 7.78%, 222, 0, 4, 7.11
1747790992, 1, 627, 973, 964, 15, 7.78%, 222, 0, 4, 6.48
1747790997, 1, 628, 973, 964, 15, 7.78%, 222, 0, 4, 6.14
1747791008, 1, 630, 973, 964, 15, 7.78%, 222, 0, 4, 6.90
1747791013, 1, 631, 973, 964, 15, 7.78%, 222, 0, 4, 6.41
1747791023, 1, 632, 973, 964, 15, 7.78%, 222, 0, 4, 6.74
1747791028, 1, 633, 973, 964, 15, 7.78%, 222, 0, 4, 7.04
1747791038, 1, 634, 973, 964, 15, 7.78%, 222, 0, 4, 7.16
1747791044, 1, 635, 973, 964, 15, 7.78%, 222, 0, 4, 6.65
1747791054, 1, 636, 973, 964, 15, 7.78%, 222, 0, 4, 6.13
1747791059, 1, 638, 973, 964, 15, 7.78%, 222, 0, 4, 6.22
1747791069, 1, 640, 973, 964, 15, 7.78%, 222, 0, 4, 6.48
1747791075, 1, 641, 973, 964, 15, 7.78%, 222, 0, 4, 6.47
1747791085, 1, 643, 973, 964, 15, 7.78%, 222, 0, 4, 6.48
1747791095, 1, 644, 973, 964, 15, 7.78%, 222, 0, 4, 6.13
1747791100, 1, 645, 973, 964, 15, 7.78%, 223, 0, 4, 6.11
1747791110, 1, 646, 973, 964, 15, 7.78%, 223, 0, 4, 7.33
1747791116, 1, 647, 973, 964, 15, 7.78%, 223, 0, 4, 7.84
1747791274, 1, 648, 973, 963, 15, 7.78%, 223, 0, 4, 7.15
1747791284, 1, 649, 973, 963, 15, 7.78%, 223, 0, 4, 6.53
1747791289, 1, 650, 973, 963, 15, 7.78%, 223, 0, 4, 6.89
1747791295, 1, 650, 975, 965, 15, 7.78%, 223, 0, 4, 6.32
1747791326, 1, 651, 975, 965, 15, 7.78%, 223, 0, 4, 6.05
1747791336, 1, 652, 975, 965, 15, 7.78%, 223, 0, 4, 6.95
1747791341, 1, 653, 975, 965, 15, 7.78%, 223, 0, 4, 6.89
1747791352, 1, 654, 975, 965, 15, 7.78%, 223, 0, 4, 7.01
1747791357, 1, 655, 975, 965, 15, 7.78%, 223, 0, 4, 7.02
1747791367, 1, 657, 975, 965, 15, 7.78%, 223, 0, 4, 7.00
1747791372, 1, 658, 975, 965, 15, 7.78%, 223, 0, 4, 6.50
1747791382, 1, 659, 975, 965, 15, 7.78%, 223, 0, 4, 6.60
1747791388, 1, 660, 975, 965, 15, 7.78%, 223, 0, 4, 6.86
1747791398, 1, 661, 975, 965, 15, 7.78%, 224, 0, 4, 5.98
1747791408, 1, 662, 975, 965, 15, 7.78%, 224, 0, 4, 7.09
1747791413, 1, 663, 976, 966, 15, 7.78%, 224, 0, 4, 6.78
1747791428, 1, 665, 976, 966, 15, 7.78%, 224, 0, 4, 6.23
1747791439, 1, 666, 976, 966, 15, 7.78%, 224, 0, 4, 6.88
1747791444, 1, 667, 976, 966, 15, 7.78%, 224, 0, 4, 6.57
1747791454, 1, 668, 976, 966, 15, 7.78%, 224, 0, 4, 6.78
1747791464, 1, 669, 976, 966, 15, 7.78%, 224, 0, 4, 6.48
1747791469, 1, 670, 976, 966, 15, 7.78%, 224, 0, 4, 6.33
1747791480, 1, 672, 976, 966, 15, 7.78%, 224, 0, 4, 6.03
1747791485, 1, 673, 976, 966, 15, 7.78%, 224, 0, 4, 7.47
1747791490, 1, 674, 976, 966, 15, 7.78%, 224, 0, 4, 7.17
1747791496, 1, 674, 977, 967, 15, 7.78%, 224, 0, 4, 6.14
1747791511, 1, 675, 977, 967, 15, 7.78%, 224, 0, 4, 6.02
1747791521, 1, 677, 977, 967, 15, 7.78%, 224, 0, 4, 6.87
1747791527, 1, 678, 977, 967, 15, 7.78%, 224, 0, 4, 6.80
1747791537, 1, 679, 977, 967, 15, 7.78%, 224, 0, 4, 5.90
1747791542, 1, 683, 977, 967, 15, 7.78%, 224, 0, 4, 6.28
1747791553, 1, 686, 977, 967, 15, 7.78%, 224, 0, 4, 6.11
1747791558, 1, 687, 977, 967, 15, 7.78%, 224, 0, 4, 6.96
1747791568, 1, 689, 977, 967, 15, 7.78%, 224, 0, 4, 6.29
1747791578, 1, 690, 977, 967, 15, 7.78%, 224, 0, 4, 5.82
1747791584, 1, 691, 977, 967, 15, 7.78%, 224, 0, 4, 6.51
1747791594, 1, 693, 977, 967, 15, 7.78%, 224, 0, 4, 6.75
1747791604, 1, 694, 977, 967, 15, 7.78%, 225, 0, 4, 6.19
1747791609, 1, 695, 977, 967, 15, 7.78%, 226, 0, 4, 6.32
1747791614, 1, 695, 977, 967, 15, 7.78%, 227, 0, 4, 6.42
1747791619, 1, 696, 977, 967, 15, 7.78%, 227, 0, 4, 7.14
1747791625, 1, 698, 977, 967, 15, 7.78%, 227, 0, 4, 6.89
1747791635, 1, 699, 977, 967, 15, 7.78%, 227, 0, 4, 6.55
1747791640, 1, 701, 977, 967, 15, 7.78%, 227, 0, 4, 5.96
1747791650, 1, 702, 977, 967, 15, 7.78%, 227, 0, 4, 6.63
1747791656, 1, 704, 977, 967, 15, 7.78%, 227, 0, 4, 6.56
1747791666, 1, 705, 977, 967, 15, 7.78%, 227, 0, 4, 6.51
1747791677, 1, 707, 977, 967, 15, 7.78%, 227, 0, 4, 5.91
1747791682, 1, 708, 977, 967, 15, 7.78%, 227, 0, 4, 6.68
1747791692, 1, 709, 977, 967, 15, 7.78%, 227, 0, 4, 5.74
1747791698, 1, 710, 977, 967, 15, 7.78%, 227, 0, 4, 6.66
1747791708, 1, 711, 977, 967, 15, 7.78%, 227, 0, 4, 6.57
1747791713, 1, 712, 977, 967, 15, 7.78%, 227, 0, 4, 6.63
1747791724, 1, 714, 977, 967, 15, 7.78%, 227, 0, 4, 6.38
1747791729, 1, 715, 977, 967, 15, 7.78%, 228, 0, 4, 6.71
1747791739, 1, 717, 977, 967, 15, 7.78%, 228, 0, 4, 6.36
1747791749, 1, 718, 977, 967, 15, 7.78%, 228, 0, 4, 7.44
1747791755, 1, 719, 977, 967, 15, 7.78%, 228, 0, 4, 6.69
1747791765, 1, 720, 977, 967, 15, 7.78%, 228, 0, 4, 6.59
1747791770, 1, 721, 977, 967, 15, 7.78%, 228, 0, 4, 6.62
1747791780, 1, 722, 977, 967, 15, 7.78%, 228, 0, 4, 6.46
1747791785, 1, 723, 977, 967, 15, 7.78%, 228, 0, 4, 6.36
1747791796, 1, 724, 977, 967, 15, 7.78%, 228, 0, 4, 6.65
1747791801, 1, 725, 977, 967, 15, 7.78%, 228, 0, 4, 6.76
1747791811, 1, 726, 977, 967, 15, 7.78%, 228, 0, 4, 6.95
1747791816, 1, 728, 977, 967, 15, 7.78%, 228, 0, 4, 6.40
1747791827, 1, 729, 977, 967, 15, 7.78%, 228, 0, 4, 7.14
1747791832, 1, 731, 977, 967, 15, 7.78%, 228, 0, 4, 6.84
1747791837, 1, 731, 977, 967, 15, 7.78%, 229, 0, 4, 6.50
1747791842, 1, 733, 977, 967, 15, 7.78%, 229, 0, 4, 6.59
1747791852, 1, 734, 977, 967, 15, 7.78%, 229, 0, 4, 6.75
1747791857, 1, 735, 977, 967, 15, 7.78%, 230, 0, 4, 6.37
1747791868, 1, 736, 977, 967, 15, 7.78%, 230, 0, 4, 7.22
1747791873, 1, 738, 977, 967, 15, 7.78%, 230, 0, 4, 7.03
1747791883, 1, 740, 977, 967, 15, 7.78%, 230, 0, 4, 6.47
1747791888, 1, 741, 977, 967, 15, 7.78%, 230, 0, 4, 6.09
1747791899, 1, 743, 977, 967, 15, 7.78%, 230, 0, 4, 6.64
1747791904, 1, 744, 977, 967, 15, 7.78%, 230, 0, 4, 6.59
1747791914, 1, 745, 977, 967, 15, 7.78%, 230, 0, 4, 6.56
1747791924, 1, 746, 977, 967, 15, 7.78%, 230, 0, 4, 6.24
1747791929, 1, 747, 977, 967, 15, 7.78%, 230, 0, 4, 6.51
1747791940, 1, 748, 977, 967, 15, 7.78%, 230, 0, 4, 6.27
1747791945, 1, 749, 977, 967, 15, 7.78%, 231, 0, 4, 6.59
1747791955, 1, 750, 977, 967, 15, 7.78%, 231, 0, 4, 6.30
1747791960, 1, 751, 977, 967, 15, 7.78%, 231, 0, 4, 6.73
1747791971, 1, 752, 977, 967, 15, 7.78%, 231, 0, 4, 6.33
1747791976, 1, 754, 977, 967, 15, 7.78%, 231, 0, 4, 6.98
1747791986, 1, 755, 977, 967, 15, 7.78%, 231, 0, 4, 6.66
1747791991, 1, 757, 977, 967, 15, 7.78%, 231, 0, 4, 6.97
1747792001, 1, 758, 977, 967, 15, 7.78%, 231, 0, 4, 7.12
1747792007, 1, 759, 977, 967, 15, 7.78%, 231, 0, 4, 7.04
1747792017, 1, 761, 977, 967, 15, 7.78%, 231, 0, 4, 6.64
1747792022, 1, 762, 977, 967, 15, 7.78%, 231, 0, 4, 7.02
1747792369, 1, 762, 978, 968, 15, 7.78%, 231, 0, 4, 6.41
1747792410, 1, 762, 979, 969, 15, 7.78%, 231, 0, 4, 7.14
1747792446, 1, 762, 980, 970, 15, 7.78%, 231, 0, 4, 5.55
1747792451, 1, 762, 981, 971, 15, 7.78%, 231, 0, 4, 5.42
1747792487, 1, 764, 981, 970, 14, 7.78%, 231, 0, 4, 6.88
1747792492, 1, 765, 981, 970, 14, 7.78%, 231, 0, 4, 6.83
1747792497, 1, 767, 981, 970, 14, 7.78%, 231, 0, 4, 7.11
1747792507, 1, 767, 982, 971, 14, 7.78%, 231, 0, 4, 4.91
1747792518, 1, 769, 982, 971, 14, 7.78%, 231, 0, 4, 5.80
1747792528, 1, 770, 982, 971, 14, 7.78%, 231, 0, 4, 6.72
1747792538, 1, 771, 982, 971, 14, 7.78%, 232, 0, 4, 6.76
1747792543, 1, 772, 982, 971, 14, 7.78%, 232, 0, 4, 6.59
1747792553, 1, 773, 982, 971, 14, 7.78%, 232, 0, 4, 6.05
1747792559, 1, 775, 982, 971, 14, 7.78%, 232, 0, 4, 6.28
1747792569, 1, 776, 982, 971, 14, 7.78%, 232, 0, 4, 7.29
1747792574, 1, 777, 982, 971, 14, 7.78%, 232, 0, 4, 6.72
1747792585, 1, 778, 982, 971, 14, 7.78%, 232, 0, 4, 6.72
1747792590, 1, 779, 982, 971, 14, 7.78%, 232, 0, 4, 6.88
1747792600, 1, 780, 982, 971, 14, 7.78%, 232, 0, 4, 6.16
1747792610, 1, 781, 982, 971, 14, 7.78%, 232, 0, 4, 6.61
1747792615, 1, 782, 982, 971, 14, 7.78%, 232, 0, 4, 6.80
1747792625, 1, 783, 982, 971, 14, 7.78%, 232, 0, 4, 6.72
1747792631, 1, 784, 982, 971, 14, 7.78%, 232, 0, 4, 6.01
1747792641, 1, 786, 982, 971, 14, 7.78%, 232, 0, 4, 6.23
1747792652, 1, 787, 982, 971, 14, 7.78%, 232, 0, 4, 6.78
1747792657, 1, 788, 982, 971, 14, 7.78%, 232, 0, 4, 6.18
1747792667, 1, 789, 982, 971, 14, 7.78%, 232, 0, 4, 6.32
1747792672, 1, 790, 982, 971, 14, 7.78%, 232, 0, 4, 6.50
1747792682, 1, 791, 982, 971, 14, 7.78%, 232, 0, 4, 6.57
1747792688, 1, 793, 982, 971, 14, 7.78%, 232, 0, 4, 6.65
1747792698, 1, 794, 982, 971, 14, 7.78%, 232, 0, 4, 6.43
1747792708, 1, 795, 982, 971, 14, 7.78%, 232, 0, 4, 7.25
1747792713, 1, 796, 982, 971, 14, 7.78%, 232, 0, 4, 6.61
1747792724, 1, 797, 982, 971, 14, 7.78%, 232, 0, 4, 6.77
1747792729, 1, 800, 982, 971, 14, 7.78%, 232, 0, 4, 6.62
1747792739, 1, 801, 982, 971, 14, 7.78%, 232, 0, 4, 6.70
1747792744, 1, 802, 982, 971, 14, 7.78%, 232, 0, 4, 6.46
1747792755, 1, 803, 982, 971, 14, 7.78%, 232, 0, 4, 6.56
1747792760, 1, 804, 982, 971, 14, 7.78%, 232, 0, 4, 6.27
1747792770, 1, 805, 982, 971, 14, 7.78%, 232, 0, 4, 7.25
1747792775, 1, 806, 982, 971, 14, 7.78%, 232, 0, 4, 6.91
1747792785, 1, 807, 982, 971, 14, 7.78%, 232, 0, 4, 5.94
1747792796, 1, 809, 982, 971, 14, 7.78%, 232, 0, 4, 6.09
1747792801, 1, 810, 982, 971, 14, 7.78%, 232, 0, 4, 6.25
1747792811, 1, 811, 982, 971, 14, 7.78%, 232, 0, 4, 5.87
1747792816, 1, 812, 982, 971, 14, 7.78%, 232, 0, 4, 6.37
1747792826, 1, 814, 982, 971, 14, 7.78%, 232, 0, 4, 6.86
1747792837, 1, 815, 982, 971, 14, 7.78%, 232, 0, 4, 6.59
1747792842, 1, 817, 983, 972, 14, 7.78%, 232, 0, 4, 6.76
1747792857, 1, 818, 983, 972, 14, 7.78%, 232, 0, 4, 6.80
1747792868, 1, 819, 983, 972, 14, 7.78%, 232, 0, 4, 6.70
1747792873, 1, 821, 983, 972, 14, 7.78%, 232, 0, 4, 7.08
1747792883, 1, 822, 983, 972, 14, 7.78%, 232, 0, 4, 6.18
1747792888, 1, 825, 983, 972, 14, 7.78%, 232, 0, 4, 6.44
1747792898, 1, 826, 983, 972, 14, 7.78%, 232, 0, 4, 6.27
1747792904, 1, 827, 983, 972, 14, 7.78%, 232, 0, 4, 7.17
1747792914, 1, 828, 983, 972, 14, 7.78%, 232, 0, 4, 6.74
1747792919, 1, 829, 983, 972, 14, 7.78%, 232, 0, 4, 6.64
1747792929, 1, 830, 983, 972, 14, 7.78%, 233, 0, 4, 6.52
1747792939, 1, 831, 983, 972, 14, 7.78%, 233, 0, 4, 6.58
1747792944, 1, 833, 983, 972, 14, 7.78%, 233, 0, 4, 6.60
1747792955, 1, 836, 983, 972, 14, 7.78%, 233, 0, 4, 6.66
1747792960, 1, 837, 983, 972, 14, 7.78%, 233, 0, 4, 6.62
1747792970, 1, 838, 984, 973, 14, 7.78%, 233, 0, 4, 4.71
1747792986, 1, 839, 984, 973, 14, 7.78%, 233, 0, 4, 6.85
1747792991, 1, 839, 984, 973, 14, 7.78%, 234, 0, 4, 7.00
1747792996, 1, 841, 984, 973, 14, 7.78%, 234, 0, 4, 6.85
1747793001, 1, 842, 984, 973, 14, 7.78%, 234, 0, 4, 6.89
1747793012, 1, 843, 984, 973, 14, 7.78%, 234, 0, 4, 6.60
1747793017, 1, 844, 984, 973, 14, 7.78%, 234, 0, 4, 6.78
1747793027, 1, 845, 984, 973, 14, 7.78%, 234, 0, 4, 6.20
1747793037, 1, 846, 984, 973, 14, 7.78%, 234, 0, 4, 6.56
1747793043, 1, 847, 984, 973, 14, 7.78%, 234, 0, 4, 6.74
1747793053, 1, 848, 984, 973, 14, 7.78%, 235, 0, 4, 6.14
1747793058, 1, 849, 984, 973, 14, 7.78%, 235, 0, 4, 6.03
1747793069, 1, 850, 984, 973, 14, 7.78%, 235, 0, 4, 6.84
1747793074, 1, 853, 984, 973, 14, 7.78%, 235, 0, 4, 7.44
1747793084, 1, 855, 984, 973, 14, 7.78%, 235, 0, 4, 6.16
1747793089, 1, 857, 984, 973, 14, 7.78%, 236, 0, 4, 6.73
1747793099, 1, 857, 985, 974, 14, 7.78%, 236, 0, 4, 5.03
1747793110, 1, 858, 985, 974, 14, 7.78%, 236, 0, 4, 6.58
1747793120, 1, 859, 985, 974, 14, 7.78%, 236, 0, 4, 6.03
1747793130, 1, 862, 985, 974, 14, 7.78%, 236, 0, 4, 5.92
1747793135, 1, 863, 985, 974, 14, 7.78%, 236, 0, 4, 6.83
1747793145, 1, 865, 985, 974, 14, 7.78%, 236, 0, 4, 7.01
1747793150, 1, 866, 985, 974, 14, 7.78%, 236, 0, 4, 6.58
1747793160, 1, 867, 985, 974, 14, 7.78%, 236, 0, 4, 6.66
1747793166, 1, 869, 985, 974, 14, 7.78%, 237, 0, 4, 6.79
1747793176, 1, 870, 985, 974, 14, 7.78%, 238, 0, 4, 6.92
1747793181, 1, 872, 985, 974, 14, 7.78%, 239, 0, 4, 6.61
1747793191, 1, 873, 985, 974, 14, 7.78%, 239, 0, 4, 7.06
1747793202, 1, 875, 985, 974, 14, 7.78%, 239, 0, 4, 6.32
1747793207, 1, 876, 985, 974, 14, 7.78%, 239, 0, 4, 6.09
1747793217, 1, 878, 985, 974, 14, 7.78%, 239, 0, 4, 6.71
1747793222, 1, 880, 985, 974, 14, 7.78%, 239, 0, 4, 6.52
1747793233, 1, 881, 985, 974, 14, 7.78%, 239, 0, 4, 6.91
1747793238, 1, 882, 985, 974, 14, 7.78%, 239, 0, 4, 6.41
1747793248, 1, 883, 985, 974, 14, 7.78%, 239, 0, 4, 7.07
1747793253, 1, 884, 985, 974, 14, 7.78%, 239, 0, 4, 6.56
1747793264, 1, 885, 985, 974, 14, 7.78%, 239, 0, 4, 6.37
1747793274, 1, 887, 985, 974, 14, 7.78%, 240, 0, 4, 6.17
1747793279, 1, 888, 985, 974, 14, 7.78%, 240, 0, 4, 6.50
1747793290, 1, 889, 985, 974, 14, 7.78%, 240, 0, 4, 6.37
1747793295, 1, 890, 985, 974, 14, 7.78%, 240, 0, 4, 6.40
1747793305, 1, 891, 985, 974, 14, 7.78%, 240, 0, 4, 6.29
1747793310, 1, 892, 985, 974, 14, 7.78%, 240, 0, 4, 6.67
1747793321, 1, 893, 985, 974, 14, 7.78%, 240, 0, 4, 6.51
1747793326, 1, 894, 985, 974, 14, 7.78%, 240, 0, 4, 7.09
1747793336, 1, 895, 985, 974, 14, 7.78%, 240, 0, 4, 6.78
1747793341, 1, 896, 985, 974, 14, 7.78%, 240, 0, 4, 6.87
1747793352, 1, 897, 985, 974, 14, 7.78%, 240, 0, 4, 6.73
1747793357, 1, 898, 985, 974, 14, 7.78%, 240, 0, 4, 6.45
1747793367, 1, 899, 985, 974, 14, 7.78%, 240, 0, 4, 6.91
1747793372, 1, 900, 985, 974, 14, 7.78%, 240, 0, 4, 6.82
1747793383, 1, 901, 985, 974, 14, 7.78%, 240, 0, 4, 6.55
1747793388, 1, 902, 985, 974, 14, 7.78%, 240, 0, 4, 6.76
1747793398, 1, 903, 985, 974, 14, 7.78%, 240, 0, 4, 6.36
1747793409, 1, 904, 985, 974, 14, 7.78%, 240, 0, 4, 6.36
1747793414, 1, 905, 985, 974, 14, 7.78%, 240, 0, 4, 6.61
1747793424, 1, 906, 985, 974, 14, 7.78%, 240, 0, 4, 6.32
1747793429, 1, 907, 985, 974, 14, 7.78%, 240, 0, 4, 6.48
1747793440, 1, 908, 985, 974, 14, 7.78%, 240, 0, 4, 6.72
1747793445, 1, 910, 985, 974, 14, 7.78%, 240, 0, 4, 6.57
1747793455, 1, 911, 985, 974, 14, 7.78%, 240, 0, 4, 6.69
1747793460, 1, 912, 985, 974, 14, 7.78%, 240, 0, 4, 7.33
1747793471, 1, 913, 985, 974, 14, 7.78%, 240, 0, 4, 6.60
1747793476, 1, 914, 985, 974, 14, 7.78%, 240, 0, 4, 6.59
1747793486, 1, 915, 985, 974, 14, 7.78%, 240, 0, 4, 6.43
1747793491, 1, 916, 985, 974, 14, 7.78%, 240, 0, 4, 7.05
1747793496, 1, 916, 985, 974, 14, 7.78%, 241, 0, 4, 6.88
1747793501, 1, 918, 985, 974, 14, 7.78%, 241, 0, 4, 6.80
1747793511, 1, 920, 985, 974, 14, 7.78%, 241, 0, 4, 7.12
1747793517, 1, 922, 985, 974, 14, 7.78%, 241, 0, 4, 6.69
1747793527, 1, 923, 985, 974, 14, 7.78%, 241, 0, 4, 6.39
1747793532, 1, 924, 985, 974, 14, 7.78%, 241, 0, 4, 6.65
1747793543, 1, 925, 985, 974, 14, 7.78%, 241, 0, 4, 6.54
1747793553, 1, 926, 985, 974, 14, 7.78%, 241, 0, 4, 6.51
1747793558, 1, 927, 985, 974, 14, 7.78%, 241, 0, 4, 6.52
1747793568, 1, 928, 985, 974, 14, 7.78%, 241, 0, 4, 7.06
1747793573, 1, 929, 985, 974, 14, 7.78%, 241, 0, 4, 6.45
1747793584, 1, 930, 985, 974, 14, 7.78%, 241, 0, 4, 6.17
1747793589, 1, 931, 985, 974, 14, 7.78%, 241, 0, 4, 6.75
1747793599, 1, 932, 985, 974, 14, 7.78%, 241, 0, 4, 6.59
1747793604, 1, 933, 985, 974, 14, 7.78%, 241, 0, 4, 6.50
1747793615, 1, 934, 985, 974, 14, 7.78%, 241, 0, 4, 5.99
1747793625, 1, 935, 985, 974, 14, 7.78%, 241, 0, 4, 6.19
1747793635, 1, 936, 985, 974, 14, 7.78%, 241, 0, 4, 6.48
1747793640, 1, 939, 985, 974, 14, 7.78%, 241, 0, 4, 6.53
1747793651, 1, 940, 985, 974, 14, 7.78%, 241, 0, 4, 6.87
1747793656, 1, 941, 985, 974, 14, 7.78%, 241, 0, 4, 7.33
1747793666, 1, 942, 985, 974, 14, 7.78%, 241, 0, 4, 6.62
1747793671, 1, 943, 985, 974, 14, 7.78%, 241, 0, 4, 6.85
1747793681, 1, 945, 985, 974, 14, 7.78%, 241, 0, 4, 6.70
1747793686, 1, 946, 985, 974, 14, 7.78%, 241, 0, 4, 6.78
1747793697, 1, 947, 985, 974, 14, 7.78%, 241, 0, 4, 6.67
1747793702, 1, 948, 985, 974, 14, 7.78%, 241, 0, 4, 6.94
1747793712, 1, 949, 985, 974, 14, 7.78%, 241, 0, 4, 6.73
1747793717, 1, 950, 985, 974, 14, 7.78%, 241, 0, 4, 6.70
1747793727, 1, 951, 985, 974, 14, 7.78%, 241, 0, 4, 6.88
1747793733, 1, 952, 985, 974, 14, 7.78%, 241, 0, 4, 6.39
1747793743, 1, 953, 985, 974, 14, 7.78%, 241, 0, 4, 6.80
1747793748, 1, 954, 985, 974, 14, 7.78%, 241, 0, 4, 6.58
1747793758, 1, 955, 985, 974, 14, 7.78%, 241, 0, 4, 6.17
1747793763, 1, 956, 985, 974, 14, 7.78%, 241, 0, 4, 6.75
1747793774, 1, 957, 985, 974, 14, 7.78%, 241, 0, 4, 6.52
1747793779, 1, 957, 985, 974, 14, 7.78%, 242, 0, 4, 5.86
1747793784, 1, 958, 985, 974, 14, 7.78%, 242, 0, 4, 5.68
1747793794, 1, 960, 985, 974, 14, 7.78%, 242, 0, 4, 6.32
1747793799, 1, 961, 985, 974, 14, 7.78%, 242, 0, 4, 6.16
1747793810, 1, 962, 985, 974, 14, 7.78%, 242, 0, 4, 6.11
1747793815, 1, 963, 985, 974, 14, 7.78%, 242, 0, 4, 5.96
1747793825, 1, 964, 985, 974, 14, 7.78%, 242, 0, 4, 5.84
1747793836, 1, 965, 985, 974, 14, 7.78%, 242, 0, 4, 6.26
1747793841, 1, 966, 985, 974, 14, 7.78%, 242, 0, 4, 6.60
1747793851, 1, 967, 985, 974, 14, 7.78%, 242, 0, 4, 6.64
1747793856, 1, 968, 985, 974, 14, 7.78%, 242, 0, 4, 6.99
1747793867, 1, 969, 985, 974, 14, 7.78%, 242, 0, 4, 6.38
1747793877, 1, 970, 985, 974, 14, 7.78%, 242, 0, 4, 6.00
1747793882, 1, 971, 985, 974, 14, 7.78%, 242, 0, 4, 6.47
1747793892, 1, 974, 985, 974, 14, 7.78%, 242, 0, 4, 6.82
1747793897, 1, 975, 985, 974, 14, 7.78%, 242, 0, 4, 6.31
1747793908, 1, 976, 985, 974, 14, 7.78%, 242, 0, 4, 6.07
1747793913, 1, 976, 985, 974, 14, 7.78%, 244, 0, 4, 6.37
1747793918, 1, 977, 985, 974, 14, 7.78%, 245, 0, 4, 6.37
1747793923, 1, 978, 985, 974, 14, 7.78%, 245, 0, 4, 7.02
1747793934, 1, 979, 985, 974, 14, 7.78%, 245, 0, 4, 6.64
1747793939, 1, 980, 985, 974, 14, 7.78%, 245, 0, 4, 6.73
1747793949, 1, 983, 986, 975, 14, 7.78%, 245, 0, 4, 4.73
1747793965, 1, 984, 986, 975, 14, 7.78%, 245, 0, 4, 7.30
1747793975, 1, 985, 986, 975, 14, 7.78%, 245, 0, 4, 6.64
1747793980, 2, 0, 986, 975, 14, 7.78%, 245, 0, 4, 6.08
1747793991, 2, 1, 986, 975, 14, 7.78%, 245, 0, 4, 6.45
1747793996, 2, 2, 986, 975, 14, 7.78%, 245, 0, 4, 6.63
1747794007, 2, 3, 986, 975, 14, 7.78%, 245, 0, 4, 6.32
1747794012, 2, 4, 986, 975, 14, 7.78%, 245, 0, 4, 6.38
1747794022, 2, 5, 986, 975, 14, 7.78%, 246, 0, 4, 6.37
1747794033, 2, 6, 986, 975, 14, 7.78%, 246, 0, 4, 6.58
1747794038, 2, 7, 986, 975, 14, 7.78%, 246, 0, 4, 6.05
1747794043, 2, 7, 987, 976, 14, 7.78%, 246, 0, 4, 6.64
1747794048, 2, 7, 987, 976, 14, 7.78%, 247, 0, 4, 7.13
1747794059, 2, 9, 987, 976, 14, 7.78%, 247, 0, 4, 6.04
1747794064, 2, 11, 987, 976, 14, 7.78%, 247, 0, 4, 6.23
1747794074, 2, 12, 987, 976, 14, 7.78%, 247, 0, 4, 6.24
1747794084, 2, 13, 987, 976, 14, 7.78%, 247, 0, 4, 6.88
1747794090, 2, 14, 987, 976, 14, 7.78%, 247, 0, 4, 6.59
1747794100, 2, 15, 987, 976, 14, 7.78%, 247, 0, 4, 6.86
1747794105, 2, 16, 987, 976, 14, 7.78%, 247, 0, 4, 6.42
1747794115, 2, 17, 987, 976, 14, 7.78%, 247, 0, 4, 6.46
1747794120, 2, 18, 987, 976, 14, 7.78%, 247, 0, 4, 6.41
1747794131, 2, 21, 987, 976, 14, 7.78%, 247, 0, 4, 6.76
1747794136, 2, 22, 987, 976, 14, 7.78%, 247, 0, 4, 7.08
1747794141, 2, 22, 988, 977, 14, 7.78%, 247, 0, 4, 6.21
1747794157, 2, 23, 988, 977, 14, 7.78%, 247, 0, 4, 6.91
1747794162, 2, 24, 988, 977, 14, 7.78%, 247, 0, 4, 6.77
1747794172, 2, 25, 988, 977, 14, 7.78%, 247, 0, 4, 6.88
1747794177, 2, 26, 988, 977, 14, 7.78%, 247, 0, 4, 6.76
1747794182, 2, 26, 988, 977, 14, 7.78%, 248, 0, 4, 6.44
1747794187, 2, 28, 988, 977, 14, 7.78%, 248, 0, 4, 6.30
1747794193, 2, 29, 988, 977, 14, 7.78%, 248, 0, 4, 6.52
1747794203, 2, 30, 988, 977, 14, 7.78%, 248, 0, 4, 6.72
1747794213, 2, 32, 988, 977, 14, 7.78%, 248, 0, 4, 6.51
1747794218, 2, 33, 988, 977, 14, 7.78%, 249, 0, 4, 6.89
1747794228, 2, 34, 988, 977, 14, 7.78%, 249, 0, 4, 7.11
1747794234, 2, 35, 988, 977, 14, 7.78%, 249, 0, 4, 6.87
1747794239, 2, 40, 988, 977, 14, 7.78%, 249, 0, 4, 7.11
1747794249, 2, 41, 988, 977, 14, 7.78%, 249, 0, 4, 6.72
1747794254, 2, 42, 988, 977, 14, 7.78%, 249, 0, 4, 6.73
1747794265, 2, 43, 988, 977, 14, 7.78%, 249, 0, 4, 7.33
1747794270, 2, 44, 988, 977, 14, 7.78%, 249, 0, 4, 7.50
1747794280, 2, 45, 988, 977, 14, 7.78%, 250, 0, 4, 6.86
1747794285, 2, 47, 988, 977, 14, 7.78%, 250, 0, 4, 6.05
1747794296, 2, 51, 988, 977, 14, 7.78%, 250, 0, 4, 5.82
1747794306, 2, 52, 988, 977, 14, 7.78%, 250, 0, 4, 7.00
1747794311, 2, 53, 988, 977, 14, 7.78%, 250, 0, 4, 6.56
1747794317, 2, 53, 989, 978, 14, 7.78%, 250, 0, 4, 5.60
1747794332, 2, 54, 989, 978, 14, 7.78%, 250, 0, 4, 6.10
1747794342, 2, 55, 989, 978, 14, 7.78%, 250, 0, 4, 6.39
1747794348, 2, 56, 989, 978, 14, 7.78%, 250, 0, 4, 5.95
1747794353, 2, 56, 990, 979, 14, 7.78%, 250, 0, 4, 5.12
1747794368, 2, 57, 990, 979, 14, 7.78%, 250, 0, 4, 6.49
1747794379, 2, 58, 990, 979, 14, 7.78%, 250, 0, 4, 6.93
1747794384, 2, 59, 990, 979, 14, 7.78%, 250, 0, 4, 6.47
1747794394, 2, 60, 990, 979, 14, 7.78%, 250, 0, 4, 6.83
1747794400, 2, 62, 990, 979, 14, 7.78%, 250, 0, 4, 6.68
1747794410, 2, 66, 990, 979, 14, 7.78%, 250, 0, 4, 6.64
1747794415, 2, 68, 990, 979, 14, 7.78%, 250, 0, 4, 6.28
1747794425, 2, 71, 990, 979, 14, 7.78%, 250, 0, 4, 5.97
1747794431, 2, 72, 990, 979, 14, 7.78%, 250, 0, 4, 6.36
1747794441, 2, 74, 990, 979, 14, 7.78%, 250, 0, 4, 6.60
1747794446, 2, 74, 990, 979, 14, 7.78%, 251, 0, 4, 6.00
1747794451, 2, 75, 990, 979, 14, 7.78%, 251, 0, 4, 6.44
1747794457, 2, 76, 990, 979, 14, 7.78%, 251, 0, 4, 6.70
1747794467, 2, 78, 990, 979, 14, 7.78%, 251, 0, 4, 7.32
1747794472, 2, 80, 990, 979, 14, 7.78%, 251, 0, 4, 6.71
1747794477, 2, 81, 990, 979, 14, 7.78%, 251, 0, 4, 6.82
1747794487, 2, 82, 990, 979, 14, 7.78%, 251, 0, 4, 6.70
1747794498, 2, 83, 990, 979, 14, 7.78%, 251, 0, 4, 6.62
1747794503, 2, 84, 990, 979, 14, 7.78%, 251, 0, 4, 7.20
1747794513, 2, 85, 990, 979, 14, 7.78%, 251, 0, 4, 6.20
1747794519, 2, 86, 990, 979, 14, 7.78%, 251, 0, 4, 6.65
1747794529, 2, 87, 990, 979, 14, 7.78%, 251, 0, 4, 6.15
1747794539, 2, 88, 991, 980, 14, 7.78%, 251, 0, 4, 6.67
1747794555, 2, 89, 991, 980, 14, 7.78%, 251, 0, 4, 7.14
1747794560, 2, 90, 991, 980, 14, 7.78%, 251, 0, 4, 6.60
1747794570, 2, 91, 991, 980, 14, 7.78%, 251, 0, 4, 6.68
1747794575, 2, 92, 991, 980, 14, 7.78%, 251, 0, 4, 6.66
1747794586, 2, 96, 991, 980, 14, 7.78%, 251, 0, 4, 6.40
1747794591, 2, 97, 991, 980, 14, 7.78%, 251, 0, 4, 6.56
1747794601, 2, 98, 991, 980, 14, 7.78%, 251, 0, 4, 6.69
1747794612, 2, 99, 991, 980, 14, 7.78%, 251, 0, 4, 6.11
1747794617, 2, 100, 991, 980, 14, 7.78%, 251, 0, 4, 6.28
1747794627, 2, 101, 991, 980, 14, 7.78%, 251, 0, 4, 6.76
1747794632, 2, 102, 991, 980, 14, 7.78%, 251, 0, 4, 7.05
1747794643, 2, 103, 991, 980, 14, 7.78%, 251, 0, 4, 6.72
1747794648, 2, 104, 991, 980, 14, 7.78%, 251, 0, 4, 6.89
1747794658, 2, 105, 991, 980, 14, 7.78%, 251, 0, 4, 6.65
1747794663, 2, 108, 991, 980, 14, 7.78%, 251, 0, 4, 6.61
1747794674, 2, 109, 991, 980, 14, 7.78%, 251, 0, 4, 6.47
1747794679, 2, 110, 991, 980, 14, 7.78%, 251, 0, 4, 6.43
1747794684, 2, 110, 992, 981, 14, 7.78%, 251, 0, 4, 5.63
1747794700, 2, 112, 992, 981, 14, 7.78%, 251, 0, 4, 7.23
1747794705, 2, 115, 992, 981, 14, 7.78%, 251, 0, 4, 6.99
1747794716, 2, 116, 992, 981, 14, 7.78%, 251, 0, 4, 6.42
1747794721, 2, 117, 992, 981, 14, 7.78%, 251, 0, 4, 6.32
1747794731, 2, 118, 992, 981, 14, 7.78%, 251, 0, 4, 6.33
1747794736, 2, 119, 992, 981, 14, 7.78%, 251, 0, 4, 6.52
1747794746, 2, 120, 992, 981, 14, 7.78%, 251, 0, 4, 6.58
1747794752, 2, 121, 992, 981, 14, 7.78%, 251, 0, 4, 6.51
1747794762, 2, 122, 992, 981, 14, 7.78%, 251, 0, 4, 6.63
1747794767, 2, 123, 992, 981, 14, 7.78%, 251, 0, 4, 6.73
1747794777, 2, 124, 992, 981, 14, 7.78%, 251, 0, 4, 6.96
1747794788, 2, 128, 992, 981, 14, 7.78%, 251, 0, 4, 7.52
1747794793, 2, 129, 992, 981, 14, 7.78%, 251, 0, 4, 6.83
1747794798, 2, 130, 992, 981, 14, 7.78%, 251, 0, 4, 6.52
1747794809, 2, 131, 992, 981, 14, 7.78%, 251, 0, 4, 6.33
1747794819, 2, 132, 992, 981, 14, 7.78%, 251, 0, 4, 6.55
1747794824, 2, 134, 992, 981, 14, 7.78%, 251, 0, 4, 7.08
1747794834, 2, 135, 992, 981, 14, 7.78%, 251, 0, 4, 6.20
1747794839, 2, 137, 992, 981, 14, 7.78%, 251, 0, 4, 7.13
1747794850, 2, 138, 992, 981, 14, 7.78%, 251, 0, 4, 6.25
1747794860, 2, 139, 992, 981, 14, 7.78%, 251, 0, 4, 6.49
1747794865, 2, 140, 992, 981, 14, 7.78%, 251, 0, 4, 6.65
1747794875, 2, 141, 992, 981, 14, 7.78%, 251, 0, 4, 6.51
1747794881, 2, 142, 992, 981, 14, 7.78%, 251, 0, 4, 5.93
1747794891, 2, 143, 992, 981, 14, 7.78%, 251, 0, 4, 6.34
1747794902, 2, 144, 992, 981, 14, 7.78%, 252, 0, 4, 5.95
1747794907, 2, 146, 992, 981, 14, 7.78%, 252, 0, 4, 6.29
1747794917, 2, 147, 992, 981, 14, 7.78%, 252, 0, 4, 6.35
1747794922, 2, 148, 992, 981, 14, 7.78%, 252, 0, 4, 6.57
1747794933, 2, 149, 992, 981, 14, 7.78%, 252, 0, 4, 6.35
1747794938, 2, 150, 992, 981, 14, 7.78%, 252, 0, 4, 6.32
1747794948, 2, 151, 992, 981, 14, 7.78%, 252, 0, 4, 7.37
1747794954, 2, 152, 992, 981, 14, 7.78%, 252, 0, 4, 6.84
1747794964, 2, 153, 992, 981, 14, 7.78%, 252, 0, 4, 6.76
1747794969, 2, 156, 992, 981, 14, 7.78%, 252, 0, 4, 6.26
1747794979, 2, 157, 992, 981, 14, 7.78%, 252, 0, 4, 6.79
1747794985, 2, 159, 992, 981, 14, 7.78%, 252, 0, 4, 7.09
1747794995, 2, 160, 992, 981, 14, 7.78%, 252, 0, 4, 6.90
1747795000, 2, 161, 992, 981, 14, 7.78%, 252, 0, 4, 7.04
1747795010, 2, 162, 992, 981, 14, 7.78%, 252, 0, 4, 6.35
1747795015, 2, 163, 992, 981, 14, 7.78%, 252, 0, 4, 6.38
1747795026, 2, 164, 992, 981, 14, 7.78%, 252, 0, 4, 6.56
1747795036, 2, 165, 992, 981, 14, 7.78%, 252, 0, 4, 6.59
1747795041, 2, 166, 992, 981, 14, 7.78%, 252, 0, 4, 6.79
1747795052, 2, 167, 992, 981, 14, 7.78%, 252, 0, 4, 7.23
1747795057, 2, 168, 992, 981, 14, 7.78%, 252, 0, 4, 7.40
1747795062, 2, 169, 992, 981, 14, 7.78%, 252, 0, 4, 6.95
1747795072, 2, 170, 992, 981, 14, 7.78%, 252, 0, 4, 7.00
1747795078, 2, 171, 992, 981, 14, 7.78%, 252, 0, 4, 7.07
1747795083, 2, 171, 992, 981, 14, 7.78%, 253, 0, 4, 6.41
1747795088, 2, 172, 992, 981, 14, 7.78%, 253, 0, 4, 6.79
1747795098, 2, 173, 992, 981, 14, 7.78%, 253, 0, 4, 6.31
1747795103, 2, 174, 992, 981, 14, 7.78%, 253, 0, 4, 6.21
1747795113, 2, 175, 992, 981, 14, 7.78%, 253, 0, 4, 6.22
1747795119, 2, 175, 992, 981, 14, 7.78%, 254, 0, 4, 6.40
1747795124, 2, 176, 992, 981, 14, 7.78%, 254, 0, 4, 6.49
1747795129, 2, 177, 992, 981, 14, 7.78%, 254, 0, 4, 6.33
1747795139, 2, 178, 992, 981, 14, 7.78%, 254, 0, 4, 6.13
1747795144, 2, 180, 992, 981, 14, 7.78%, 254, 0, 4, 6.56
1747795155, 2, 181, 992, 981, 14, 7.78%, 254, 0, 4, 6.74
1747795160, 2, 182, 992, 981, 14, 7.78%, 254, 0, 4, 6.52
1747795170, 2, 184, 992, 981, 14, 7.78%, 254, 0, 4, 6.21
1747795175, 2, 185, 992, 981, 14, 7.78%, 254, 0, 4, 6.71
1747795186, 2, 186, 992, 981, 14, 7.78%, 254, 0, 4, 6.38
1747795196, 2, 187, 992, 981, 14, 7.78%, 254, 0, 4, 6.36
1747795201, 2, 188, 992, 981, 14, 7.78%, 254, 0, 4, 6.14
1747795211, 2, 189, 992, 981, 14, 7.78%, 254, 0, 4, 6.16
1747795217, 2, 190, 992, 981, 14, 7.78%, 254, 0, 4, 6.62
1747795227, 2, 192, 992, 981, 14, 7.78%, 254, 0, 4, 6.87
1747795237, 2, 193, 992, 981, 14, 7.78%, 254, 0, 4, 6.68
1747795243, 2, 194, 992, 981, 14, 7.78%, 255, 0, 4, 5.97
1747795253, 2, 196, 992, 981, 14, 7.78%, 255, 0, 4, 6.69
1747795258, 2, 197, 992, 981, 14, 7.78%, 255, 0, 4, 6.30
1747795268, 2, 198, 992, 981, 14, 7.78%, 255, 0, 4, 6.51
1747795279, 2, 199, 992, 981, 14, 7.78%, 255, 0, 4, 7.04
1747795284, 2, 200, 992, 981, 14, 7.78%, 255, 0, 4, 6.29
1747795289, 2, 201, 992, 981, 14, 7.78%, 255, 0, 4, 7.09
1747795299, 2, 202, 992, 981, 14, 7.78%, 255, 0, 4, 6.62
1747795309, 2, 203, 992, 981, 14, 7.78%, 255, 0, 4, 6.74
1747795315, 2, 205, 992, 981, 14, 7.78%, 255, 0, 4, 6.58
1747795325, 2, 206, 992, 981, 14, 7.78%, 255, 0, 4, 7.14
1747795330, 2, 207, 992, 981, 14, 7.78%, 255, 0, 4, 6.97
1747795340, 2, 208, 992, 981, 14, 7.78%, 255, 0, 4, 6.42
1747795345, 2, 209, 992, 981, 14, 7.78%, 255, 0, 4, 6.96
1747795356, 2, 210, 992, 981, 14, 7.78%, 255, 0, 4, 6.34
1747795361, 2, 211, 992, 981, 14, 7.78%, 255, 0, 4, 6.43
1747795371, 2, 213, 992, 981, 14, 7.78%, 255, 0, 4, 6.00
1747795376, 2, 214, 992, 981, 14, 7.78%, 255, 0, 4, 6.94
1747795387, 2, 215, 992, 981, 14, 7.78%, 255, 0, 4, 6.10
1747795392, 2, 215, 993, 982, 14, 7.78%, 255, 0, 4, 6.31
1747795407, 2, 217, 993, 982, 14, 7.78%, 256, 0, 4, 6.20
1747795412, 2, 218, 993, 982, 14, 7.78%, 256, 0, 4, 6.31
1747795422, 2, 219, 993, 982, 14, 7.78%, 256, 0, 4, 6.19
1747795433, 2, 221, 993, 982, 14, 7.78%, 256, 0, 4, 6.72
1747795438, 2, 222, 993, 982, 14, 7.78%, 256, 0, 4, 6.30
1747795448, 2, 223, 993, 982, 14, 7.78%, 256, 0, 4, 7.00
1747795453, 2, 225, 993, 982, 14, 7.78%, 256, 0, 4, 7.45
1747795463, 2, 226, 993, 982, 14, 7.78%, 256, 0, 4, 6.48
1747795468, 2, 227, 993, 982, 14, 7.78%, 256, 0, 4, 6.38
1747795479, 2, 228, 993, 982, 14, 7.78%, 256, 0, 4, 6.98
1747795484, 2, 229, 993, 982, 14, 7.78%, 256, 0, 4, 6.17
1747795494, 2, 231, 993, 982, 14, 7.78%, 256, 0, 4, 6.30
1747795499, 2, 232, 993, 982, 14, 7.78%, 256, 0, 4, 6.78
1747795510, 2, 233, 993, 982, 14, 7.78%, 256, 0, 4, 6.73
1747795515, 2, 235, 993, 982, 14, 7.78%, 256, 0, 4, 7.38
1747795525, 2, 236, 993, 982, 14, 7.78%, 256, 0, 4, 7.08
1747795531, 2, 237, 993, 982, 14, 7.78%, 256, 0, 4, 7.06
1747795541, 2, 238, 993, 982, 14, 7.78%, 256, 0, 4, 6.97
1747795546, 2, 239, 993, 982, 14, 7.78%, 256, 0, 4, 6.65
1747795556, 2, 240, 993, 982, 14, 7.78%, 256, 0, 4, 7.39
1747795562, 2, 242, 993, 982, 14, 7.78%, 256, 0, 4, 6.44
1747795572, 2, 244, 993, 982, 14, 7.78%, 256, 0, 4, 6.06
1747795577, 2, 245, 993, 982, 14, 7.78%, 256, 0, 4, 6.17
1747795588, 2, 246, 993, 982, 14, 7.78%, 256, 0, 4, 6.37
1747795593, 2, 247, 993, 982, 14, 7.78%, 256, 0, 4, 6.80
1747795603, 2, 248, 993, 982, 14, 7.78%, 256, 0, 4, 7.09
1747795608, 2, 249, 993, 982, 14, 7.78%, 256, 0, 4, 6.98
1747795618, 2, 250, 993, 982, 14, 7.78%, 256, 0, 4, 7.14
1747795623, 2, 252, 993, 982, 14, 7.78%, 256, 0, 4, 7.14
1747795634, 2, 256, 993, 982, 14, 7.78%, 256, 0, 4, 7.16
1747795639, 2, 257, 993, 982, 14, 7.78%, 256, 0, 4, 6.77
1747795649, 2, 258, 993, 982, 14, 7.78%, 256, 0, 4, 7.05
1747795660, 2, 259, 993, 982, 14, 7.78%, 256, 0, 4, 6.43
1747795665, 2, 260, 993, 982, 14, 7.78%, 256, 0, 4, 6.34
1747795675, 2, 261, 993, 982, 14, 7.78%, 256, 0, 4, 7.01
1747795680, 2, 262, 993, 982, 14, 7.78%, 256, 0, 4, 6.50
1747795690, 2, 263, 993, 982, 14, 7.78%, 256, 0, 4, 7.33
1747795695, 2, 265, 993, 982, 14, 7.78%, 256, 0, 4, 6.62
1747795705, 2, 266, 993, 982, 14, 7.78%, 256, 0, 4, 6.72
1747795710, 2, 267, 993, 982, 14, 7.78%, 256, 0, 4, 6.79
1747795721, 2, 268, 993, 982, 14, 7.78%, 256, 0, 4, 6.33
1747795726, 2, 269, 993, 982, 14, 7.78%, 256, 0, 4, 6.27
1747795736, 2, 270, 993, 982, 14, 7.78%, 256, 0, 4, 6.14
1747795741, 2, 271, 993, 982, 14, 7.78%, 256, 0, 4, 6.49
1747795752, 2, 273, 993, 982, 14, 7.78%, 256, 0, 4, 6.38
1747795757, 2, 274, 993, 982, 14, 7.78%, 256, 0, 4, 7.22
1747795767, 2, 278, 993, 982, 14, 7.78%, 256, 0, 4, 6.69
1747795772, 2, 278, 993, 982, 14, 7.78%, 257, 0, 4, 6.55
1747795777, 2, 279, 993, 982, 14, 7.78%, 257, 0, 4, 6.08
1747795782, 2, 281, 993, 982, 14, 7.78%, 257, 0, 4, 6.82
1747795793, 2, 282, 993, 982, 14, 7.78%, 257, 0, 4, 6.37
1747795798, 2, 284, 993, 982, 14, 7.78%, 257, 0, 4, 6.03
1747795808, 2, 285, 993, 982, 14, 7.78%, 257, 0, 4, 6.66
1747795819, 2, 286, 993, 982, 14, 7.78%, 257, 0, 4, 6.37
1747795824, 2, 287, 993, 982, 14, 7.78%, 257, 0, 4, 6.79
1747795834, 2, 289, 993, 982, 14, 7.78%, 257, 0, 4, 5.92
1747795839, 2, 290, 993, 982, 14, 7.78%, 257, 0, 4, 5.87
1747795849, 2, 291, 993, 982, 14, 7.78%, 257, 0, 4, 6.25
1747795854, 2, 292, 993, 982, 14, 7.78%, 257, 0, 4, 6.42
1747795865, 2, 293, 993, 982, 14, 7.78%, 257, 0, 4, 6.11
1747795875, 2, 294, 993, 982, 14, 7.78%, 257, 0, 4, 6.29
1747795880, 2, 295, 993, 982, 14, 7.78%, 257, 0, 4, 6.80
1747795890, 2, 296, 993, 982, 14, 7.78%, 257, 0, 4, 6.91
1747795896, 2, 297, 993, 982, 14, 7.78%, 257, 0, 4, 6.64
1747795906, 2, 298, 993, 982, 14, 7.78%, 257, 0, 4, 6.59
1747795911, 2, 299, 993, 982, 14, 7.78%, 257, 0, 4, 6.34
1747795921, 2, 300, 993, 982, 14, 7.78%, 257, 0, 4, 6.72
1747795931, 2, 301, 993, 982, 14, 7.78%, 257, 0, 4, 6.16
1747795937, 2, 302, 993, 982, 14, 7.78%, 257, 0, 4, 6.10
1747795947, 2, 303, 993, 982, 14, 7.78%, 257, 0, 4, 7.06
1747795952, 2, 304, 993, 982, 14, 7.78%, 257, 0, 4, 6.82
1747795962, 2, 305, 993, 982, 14, 7.78%, 257, 0, 4, 6.92
1747795968, 2, 306, 993, 982, 14, 7.78%, 257, 0, 4, 6.52
1747795978, 2, 307, 993, 982, 14, 7.78%, 257, 0, 4, 6.78
1747795983, 2, 308, 993, 982, 14, 7.78%, 257, 0, 4, 6.26
1747795993, 2, 310, 993, 982, 14, 7.78%, 257, 0, 4, 6.92
1747796004, 2, 311, 993, 982, 14, 7.78%, 257, 0, 4, 5.95
1747796009, 2, 313, 993, 982, 14, 7.78%, 257, 0, 4, 6.67
1747796014, 2, 313, 993, 982, 14, 7.78%, 258, 0, 4, 7.25
1747796019, 2, 314, 993, 982, 14, 7.78%, 258, 0, 4, 6.93
1747796024, 2, 315, 993, 982, 14, 7.78%, 258, 0, 4, 6.38
1747796035, 2, 316, 993, 982, 14, 7.78%, 258, 0, 4, 6.56
1747796040, 2, 317, 993, 982, 14, 7.78%, 258, 0, 4, 6.85
1747796050, 2, 320, 993, 982, 14, 7.78%, 258, 0, 4, 6.68
1747796055, 2, 321, 993, 982, 14, 7.78%, 258, 0, 4, 6.16
1747796065, 2, 322, 993, 982, 14, 7.78%, 258, 0, 4, 5.89
1747796076, 2, 323, 993, 982, 14, 7.78%, 258, 0, 4, 6.06
1747796086, 2, 325, 993, 982, 14, 7.78%, 258, 0, 4, 5.75
1747796091, 2, 327, 993, 982, 14, 7.78%, 258, 0, 4, 6.51
1747796102, 2, 329, 993, 982, 14, 7.78%, 258, 0, 4, 6.22
1747796107, 2, 331, 993, 982, 14, 7.78%, 258, 0, 4, 6.55
1747796117, 2, 332, 993, 982, 14, 7.78%, 258, 0, 4, 6.55
1747796122, 2, 333, 993, 982, 14, 7.78%, 258, 0, 4, 6.58
1747796133, 2, 335, 993, 982, 14, 7.78%, 258, 0, 4, 7.06
1747796138, 2, 336, 993, 982, 14, 7.78%, 258, 0, 4, 6.49
1747796148, 2, 337, 993, 982, 14, 7.78%, 258, 0, 4, 6.58
1747796158, 2, 338, 993, 982, 14, 7.78%, 258, 0, 4, 6.63
1747796163, 2, 339, 993, 982, 14, 7.78%, 258, 0, 4, 6.31
1747796174, 2, 340, 993, 982, 14, 7.78%, 258, 0, 4, 5.39
1747796184, 2, 341, 993, 982, 14, 7.78%, 258, 0, 4, 6.54
1747796189, 2, 342, 993, 982, 14, 7.78%, 258, 0, 4, 6.52
1747796200, 2, 343, 993, 982, 14, 7.78%, 258, 0, 4, 6.16
1747796205, 2, 344, 993, 982, 14, 7.78%, 258, 0, 4, 6.58
1747796215, 2, 345, 993, 982, 14, 7.78%, 258, 0, 4, 6.72
1747796221, 2, 346, 993, 982, 14, 7.78%, 258, 0, 4, 6.70
1747796231, 2, 347, 993, 982, 14, 7.78%, 258, 0, 4, 5.90
1747796241, 2, 348, 993, 982, 14, 7.78%, 258, 0, 4, 6.42
1747796246, 2, 349, 993, 982, 14, 7.78%, 258, 0, 4, 6.93
1747796257, 2, 350, 993, 982, 14, 7.78%, 258, 0, 4, 6.71
1747796262, 2, 351, 993, 982, 14, 7.78%, 258, 0, 4, 6.83
1747796272, 2, 352, 993, 982, 14, 7.78%, 258, 0, 4, 6.38
1747796277, 2, 353, 993, 982, 14, 7.78%, 258, 0, 4, 6.75
1747796287, 2, 354, 993, 982, 14, 7.78%, 259, 0, 4, 6.30
1747796298, 2, 356, 993, 982, 14, 7.78%, 259, 0, 4, 6.31
1747796303, 2, 358, 993, 982, 14, 7.78%, 259, 0, 4, 6.48
1747796313, 2, 359, 993, 982, 14, 7.78%, 259, 0, 4, 6.33
1747796318, 2, 362, 993, 982, 14, 7.78%, 259, 0, 4, 6.36
1747796328, 2, 363, 993, 982, 14, 7.78%, 259, 0, 4, 6.64
1747796339, 2, 364, 993, 982, 14, 7.78%, 259, 0, 4, 6.51
1747796344, 2, 365, 993, 982, 14, 7.78%, 259, 0, 4, 6.68
1747796355, 2, 366, 993, 982, 14, 7.78%, 259, 0, 4, 6.09
1747796360, 2, 367, 993, 982, 14, 7.78%, 259, 0, 4, 5.99
1747796370, 2, 369, 993, 982, 14, 7.78%, 259, 0, 4, 6.76
1747796375, 2, 371, 993, 982, 14, 7.78%, 259, 0, 4, 6.83
1747796385, 2, 373, 993, 982, 14, 7.78%, 259, 0, 4, 6.97
1747796391, 2, 374, 993, 982, 14, 7.78%, 259, 0, 4, 7.08
1747796401, 2, 376, 993, 982, 14, 7.78%, 259, 0, 4, 7.23
1747796406, 2, 378, 993, 982, 14, 7.78%, 260, 0, 4, 6.31
1747796416, 2, 379, 993, 982, 14, 7.78%, 260, 0, 4, 6.48
1747796421, 2, 380, 993, 982, 14, 7.78%, 260, 0, 4, 6.34
1747796432, 2, 381, 993, 982, 14, 7.78%, 260, 0, 4, 6.69
1747796437, 2, 382, 993, 982, 14, 7.78%, 260, 0, 4, 6.56
1747796447, 2, 383, 993, 982, 14, 7.78%, 260, 0, 4, 6.54
1747796452, 2, 384, 993, 982, 14, 7.78%, 260, 0, 4, 6.79
1747796462, 2, 386, 993, 982, 14, 7.78%, 260, 0, 4, 6.33
1747796473, 2, 387, 993, 982, 14, 7.78%, 260, 0, 4, 6.50
1747796478, 2, 388, 993, 982, 14, 7.78%, 260, 0, 4, 6.84
1747796488, 2, 389, 993, 982, 14, 7.78%, 260, 0, 4, 6.10
1747796499, 2, 390, 993, 982, 14, 7.78%, 260, 0, 4, 6.50
1747796504, 2, 391, 993, 982, 14, 7.78%, 260, 0, 4, 6.61
1747796514, 2, 393, 993, 982, 14, 7.78%, 260, 0, 4, 7.14
1747796519, 2, 394, 993, 982, 14, 7.78%, 260, 0, 4, 6.47
1747796529, 2, 395, 993, 982, 14, 7.78%, 260, 0, 4, 6.91
1747796534, 2, 396, 993, 982, 14, 7.78%, 260, 0, 4, 6.99
1747796540, 2, 398, 993, 982, 14, 7.78%, 260, 0, 4, 6.89
1747796550, 2, 399, 993, 982, 14, 7.78%, 260, 0, 4, 6.55
1747796555, 2, 400, 993, 982, 14, 7.78%, 260, 0, 4, 6.62
1747796566, 2, 401, 993, 982, 14, 7.78%, 260, 0, 4, 6.33
1747796576, 2, 402, 993, 982, 14, 7.78%, 261, 0, 4, 6.33
1747796581, 2, 403, 993, 982, 14, 7.78%, 261, 0, 4, 6.13
1747796591, 2, 405, 993, 982, 14, 7.78%, 261, 0, 4, 6.21
1747796596, 2, 406, 993, 982, 14, 7.78%, 261, 0, 4, 6.79
1747796607, 2, 407, 993, 982, 14, 7.78%, 261, 0, 4, 6.40
1747796617, 2, 409, 993, 982, 14, 7.78%, 261, 0, 4, 6.82
1747796622, 2, 411, 993, 982, 14, 7.78%, 261, 0, 4, 6.21
1747796632, 2, 413, 993, 982, 14, 7.78%, 261, 0, 4, 6.30
1747796643, 2, 414, 993, 982, 14, 7.78%, 261, 0, 4, 6.35
1747796648, 2, 415, 993, 982, 14, 7.78%, 261, 0, 4, 6.22
1747796658, 2, 417, 993, 982, 14, 7.78%, 261, 0, 4, 6.47
1747796663, 2, 418, 993, 982, 14, 7.78%, 261, 0, 4, 6.33
1747796674, 2, 420, 993, 982, 14, 7.78%, 261, 0, 4, 6.32
1747796684, 2, 421, 993, 982, 14, 7.78%, 261, 0, 4, 6.03
1747796689, 2, 422, 993, 982, 14, 7.78%, 261, 0, 4, 5.95
1747796700, 2, 424, 993, 982, 14, 7.78%, 261, 0, 4, 6.73
1747796705, 2, 425, 993, 982, 14, 7.78%, 261, 0, 4, 6.87
1747796715, 2, 426, 993, 982, 14, 7.78%, 261, 0, 4, 6.59
1747796720, 2, 427, 993, 982, 14, 7.78%, 261, 0, 4, 6.93
1747796730, 2, 428, 993, 982, 14, 7.78%, 261, 0, 4, 6.62
1747796735, 2, 429, 993, 982, 14, 7.78%, 261, 0, 4, 6.82
1747796745, 2, 431, 993, 982, 14, 7.78%, 261, 0, 4, 6.49
1747796756, 2, 432, 993, 982, 14, 7.78%, 261, 0, 4, 6.37
1747796761, 2, 433, 993, 982, 14, 7.78%, 261, 0, 4, 6.38
1747796771, 2, 434, 993, 982, 14, 7.78%, 261, 0, 4, 6.57
1747796777, 2, 435, 993, 982, 14, 7.78%, 261, 0, 4, 6.77
1747796787, 2, 436, 993, 982, 14, 7.78%, 261, 0, 4, 6.51
1747796792, 2, 438, 993, 982, 14, 7.78%, 261, 0, 4, 6.95
1747796802, 2, 439, 993, 982, 14, 7.78%, 261, 0, 4, 5.89
1747796813, 2, 440, 993, 982, 14, 7.78%, 261, 0, 4, 5.93
1747796818, 2, 441, 993, 982, 14, 7.78%, 261, 0, 4, 6.46
1747796828, 2, 442, 993, 982, 14, 7.78%, 261, 0, 4, 6.89
1747796834, 2, 443, 993, 982, 14, 7.78%, 261, 0, 4, 6.42
1747796844, 2, 444, 993, 982, 14, 7.78%, 261, 0, 4, 7.20
1747796850, 2, 447, 993, 982, 14, 7.78%, 261, 0, 4, 6.44
1747796860, 2, 449, 993, 982, 14, 7.78%, 261, 0, 4, 6.57
1747796865, 2, 450, 993, 982, 14, 7.78%, 261, 0, 4, 5.94
1747796875, 2, 451, 993, 982, 14, 7.78%, 261, 0, 4, 6.45
1747796881, 2, 452, 993, 982, 14, 7.78%, 261, 0, 4, 6.81
1747796891, 2, 453, 993, 982, 14, 7.78%, 261, 0, 4, 6.70
1747796901, 2, 455, 993, 982, 14, 7.78%, 261, 0, 4, 6.83
1747796906, 2, 456, 993, 982, 14, 7.78%, 261, 0, 4, 6.35
1747796911, 2, 456, 994, 983, 14, 7.78%, 261, 0, 4, 6.85
1747796927, 2, 457, 994, 983, 14, 7.78%, 261, 0, 4, 6.07
1747796932, 2, 459, 994, 983, 14, 7.78%, 261, 0, 4, 7.30
1747796937, 2, 460, 994, 983, 14, 7.78%, 261, 0, 4, 6.84
1747796948, 2, 461, 994, 983, 14, 7.78%, 261, 0, 4, 6.25
1747796958, 2, 462, 994, 983, 14, 7.78%, 261, 0, 4, 7.27
1747796963, 2, 463, 994, 983, 14, 7.78%, 261, 0, 4, 7.00
1747796969, 2, 464, 994, 983, 14, 7.78%, 261, 0, 4, 7.41
1747796979, 2, 465, 994, 983, 14, 7.78%, 261, 0, 4, 6.89
1747796984, 2, 465, 994, 983, 14, 7.78%, 262, 0, 4, 6.49
1747796989, 2, 466, 994, 983, 14, 7.78%, 262, 0, 4, 6.01
1747796995, 2, 467, 994, 983, 14, 7.78%, 262, 0, 4, 6.49
1747797005, 2, 469, 994, 983, 14, 7.78%, 262, 0, 4, 6.62
1747797010, 2, 470, 994, 983, 14, 7.78%, 262, 0, 4, 6.62
1747797020, 2, 471, 994, 983, 14, 7.78%, 262, 0, 4, 6.65
1747797025, 2, 472, 994, 983, 14, 7.78%, 262, 0, 4, 6.78
1747797036, 2, 475, 994, 983, 14, 7.78%, 262, 0, 4, 6.31
1747797046, 2, 477, 994, 983, 14, 7.78%, 262, 0, 4, 6.43
1747797051, 2, 478, 994, 983, 14, 7.78%, 262, 0, 4, 6.52
1747797062, 2, 479, 994, 983, 14, 7.78%, 262, 0, 4, 6.61
1747797067, 2, 480, 994, 983, 14, 7.78%, 262, 0, 4, 6.47
1747797077, 2, 481, 994, 983, 14, 7.78%, 262, 0, 4, 6.64
1747797082, 2, 482, 994, 983, 14, 7.78%, 262, 0, 4, 6.09
1747797093, 2, 483, 994, 983, 14, 7.78%, 262, 0, 4, 6.29
1747797103, 2, 484, 994, 983, 14, 7.78%, 262, 0, 4, 6.51
1747797108, 2, 485, 994, 983, 14, 7.78%, 262, 0, 4, 6.38
1747797119, 2, 486, 994, 983, 14, 7.78%, 262, 0, 4, 6.90
1747797124, 2, 487, 994, 983, 14, 7.78%, 262, 0, 4, 6.43
1747797135, 2, 488, 994, 983, 14, 7.78%, 262, 0, 4, 6.14
1747797140, 2, 489, 994, 983, 14, 7.78%, 262, 0, 4, 6.00
1747797150, 2, 490, 994, 983, 14, 7.78%, 262, 0, 4, 6.00
1747797155, 2, 490, 995, 984, 14, 7.78%, 262, 0, 4, 4.62
1747797171, 2, 491, 995, 984, 14, 7.78%, 262, 0, 4, 6.84
1747797176, 2, 492, 995, 984, 14, 7.78%, 262, 0, 4, 6.78
1747797186, 2, 495, 995, 984, 14, 7.78%, 262, 0, 4, 6.69
1747797192, 2, 496, 995, 984, 14, 7.78%, 262, 0, 4, 6.58
1747797202, 2, 497, 995, 984, 14, 7.78%, 262, 0, 4, 6.60
1747797208, 2, 498, 995, 984, 14, 7.78%, 262, 0, 4, 6.58
1747797218, 2, 499, 995, 984, 14, 7.78%, 262, 0, 4, 7.03
1747797223, 2, 500, 995, 984, 14, 7.78%, 262, 0, 4, 6.66
1747797233, 2, 501, 995, 984, 14, 7.78%, 262, 0, 4, 6.36
1747797244, 2, 502, 995, 984, 14, 7.78%, 262, 0, 4, 6.74
1747797249, 2, 503, 995, 984, 14, 7.78%, 262, 0, 4, 6.96
1747797259, 2, 504, 995, 984, 14, 7.78%, 262, 0, 4, 6.66
1747797264, 2, 506, 995, 984, 14, 7.78%, 262, 0, 4, 6.51
1747797275, 2, 507, 995, 984, 14, 7.78%, 262, 0, 4, 6.00
1747797280, 2, 508, 995, 984, 14, 7.78%, 262, 0, 4, 7.00
1747797290, 2, 509, 995, 984, 14, 7.78%, 262, 0, 4, 6.64
1747797295, 2, 510, 995, 984, 14, 7.78%, 262, 0, 4, 6.32
1747797306, 2, 511, 995, 984, 14, 7.78%, 262, 0, 4, 6.36
1747797316, 2, 512, 995, 984, 14, 7.78%, 262, 0, 4, 6.78
1747797321, 2, 513, 995, 984, 14, 7.78%, 262, 0, 4, 6.76
1747797331, 2, 517, 995, 984, 14, 7.78%, 262, 0, 4, 7.33
1747797336, 2, 518, 995, 984, 14, 7.78%, 262, 0, 4, 6.48
1747797347, 2, 519, 996, 985, 14, 7.78%, 262, 0, 4, 6.65
1747797362, 2, 520, 996, 985, 14, 7.78%, 262, 0, 4, 7.06
1747797367, 2, 521, 996, 985, 14, 7.78%, 262, 0, 4, 7.09
1747797377, 2, 521, 997, 986, 14, 7.78%, 262, 0, 4, 6.72
1747797388, 2, 522, 997, 986, 14, 7.78%, 262, 0, 4, 6.20
1747797393, 2, 523, 997, 986, 14, 7.78%, 262, 0, 4, 6.97
1747797403, 2, 526, 997, 986, 14, 7.78%, 262, 0, 4, 6.93
1747797409, 2, 527, 997, 986, 14, 7.78%, 262, 0, 4, 6.51
1747797419, 2, 528, 998, 987, 14, 7.78%, 262, 0, 4, 6.40
1747797434, 2, 529, 998, 987, 14, 7.78%, 262, 0, 4, 6.32
1747797445, 2, 530, 998, 987, 14, 7.78%, 262, 0, 4, 5.97
1747797450, 2, 531, 998, 987, 14, 7.78%, 262, 0, 4, 6.32
1747797460, 2, 532, 998, 987, 14, 7.78%, 262, 0, 4, 5.94
1747797471, 2, 535, 998, 987, 14, 7.78%, 262, 0, 4, 6.15
1747797476, 2, 538, 998, 987, 14, 7.78%, 262, 0, 4, 6.15
1747797486, 2, 539, 998, 987, 14, 7.78%, 262, 0, 4, 6.93
1747797491, 2, 540, 998, 987, 14, 7.78%, 262, 0, 4, 7.08
1747797501, 2, 541, 998, 987, 14, 7.78%, 262, 0, 4, 5.96
1747797512, 2, 542, 998, 987, 14, 7.78%, 262, 0, 4, 6.85
1747797517, 2, 543, 998, 987, 14, 7.78%, 262, 0, 4, 6.88
1747797527, 2, 544, 998, 987, 14, 7.78%, 262, 0, 4, 6.27
1747797532, 2, 545, 998, 987, 14, 7.78%, 262, 0, 4, 5.70
1747797543, 2, 546, 998, 987, 14, 7.78%, 262, 0, 4, 6.45
1747797553, 2, 547, 998, 987, 14, 7.78%, 262, 0, 4, 6.41
1747797558, 2, 548, 998, 987, 14, 7.78%, 262, 0, 4, 5.97
1747797568, 2, 549, 998, 987, 14, 7.78%, 262, 0, 4, 6.76
1747797574, 2, 550, 998, 987, 14, 7.78%, 262, 0, 4, 6.68
1747797584, 2, 552, 998, 987, 14, 7.78%, 262, 0, 4, 6.78
1747797589, 2, 554, 998, 987, 14, 7.78%, 262, 0, 4, 6.72
1747797600, 2, 556, 998, 987, 14, 7.78%, 262, 0, 4, 5.56
1747797610, 2, 557, 998, 987, 14, 7.78%, 262, 0, 4, 6.66
1747797615, 2, 558, 998, 987, 14, 7.78%, 262, 0, 4, 6.68
1747797625, 2, 559, 998, 987, 14, 7.78%, 262, 0, 4, 6.91
1747797631, 2, 561, 998, 987, 14, 7.78%, 262, 0, 4, 6.51
1747797641, 2, 562, 998, 987, 14, 7.78%, 262, 0, 4, 6.32
1747797651, 2, 563, 998, 987, 14, 7.78%, 262, 0, 4, 6.56
1747797656, 2, 564, 998, 987, 14, 7.78%, 262, 0, 4, 6.48
1747797666, 2, 565, 998, 987, 14, 7.78%, 262, 0, 4, 6.08
1747797672, 2, 566, 998, 987, 14, 7.78%, 262, 0, 4, 6.20
1747797682, 2, 567, 998, 987, 14, 7.78%, 263, 0, 4, 6.47
1747797692, 2, 568, 998, 987, 14, 7.78%, 263, 0, 4, 6.45
1747797697, 2, 569, 998, 987, 14, 7.78%, 263, 0, 4, 7.13
1747797707, 2, 570, 998, 987, 14, 7.78%, 263, 0, 4, 6.70
1747797713, 2, 572, 998, 987, 14, 7.78%, 263, 0, 4, 6.81
1747797723, 2, 573, 998, 987, 14, 7.78%, 263, 0, 4, 6.27
1747797728, 2, 574, 998, 987, 14, 7.78%, 263, 0, 4, 6.34
1747797738, 2, 575, 998, 987, 14, 7.78%, 263, 0, 4, 5.91
1747797749, 2, 577, 998, 987, 14, 7.78%, 263, 0, 4, 6.06
1747797754, 2, 578, 998, 987, 14, 7.78%, 263, 0, 4, 6.14
1747797765, 2, 580, 998, 987, 14, 7.78%, 263, 0, 4, 6.36
1747797770, 2, 581, 998, 987, 14, 7.78%, 263, 0, 4, 6.17
1747797780, 2, 582, 998, 987, 14, 7.78%, 263, 0, 4, 7.23
1747797785, 2, 583, 998, 987, 14, 7.78%, 263, 0, 4, 6.44
1747797795, 2, 584, 998, 987, 14, 7.78%, 263, 0, 4, 6.79
1747797806, 2, 585, 998, 987, 14, 7.78%, 263, 0, 4, 6.76
1747797811, 2, 586, 998, 987, 14, 7.78%, 263, 0, 4, 6.26
1747797821, 2, 589, 998, 987, 14, 7.78%, 263, 0, 4, 6.28
1747797826, 2, 590, 998, 987, 14, 7.78%, 263, 0, 4, 6.56
1747797836, 2, 591, 998, 987, 14, 7.78%, 263, 0, 4, 6.33
1747797847, 2, 592, 998, 987, 14, 7.78%, 263, 0, 4, 6.27
1747797852, 2, 595, 998, 987, 14, 7.78%, 263, 0, 4, 6.96
1747797862, 2, 597, 998, 987, 14, 7.78%, 263, 0, 4, 6.78
1747797867, 2, 598, 998, 987, 14, 7.78%, 263, 0, 4, 6.29
1747797878, 2, 599, 998, 987, 14, 7.78%, 263, 0, 4, 7.32
1747797883, 2, 604, 998, 987, 14, 7.78%, 263, 0, 4, 6.64
1747797893, 2, 605, 998, 987, 14, 7.78%, 263, 0, 4, 6.91
1747797899, 2, 606, 998, 987, 14, 7.78%, 263, 0, 4, 6.34
1747797909, 2, 607, 998, 987, 14, 7.78%, 263, 0, 4, 6.29
1747797914, 2, 608, 998, 987, 14, 7.78%, 263, 0, 4, 6.29
1747797924, 2, 609, 998, 987, 14, 7.78%, 263, 0, 4, 6.23
1747797935, 2, 610, 998, 987, 14, 7.78%, 263, 0, 4, 6.82
1747797940, 2, 611, 998, 987, 14, 7.78%, 263, 0, 4, 7.23
1747797950, 2, 612, 998, 987, 14, 7.78%, 263, 0, 4, 6.78
1747797955, 2, 613, 998, 987, 14, 7.78%, 263, 0, 4, 6.58
1747797966, 2, 614, 998, 987, 14, 7.78%, 263, 0, 4, 6.51
1747797971, 2, 615, 998, 987, 14, 7.78%, 263, 0, 4, 8.13
1747797976, 2, 616, 998, 987, 14, 7.78%, 263, 0, 4, 9.38
1747797981, 2, 617, 998, 987, 14, 7.78%, 263, 0, 4, 10.50
1747797987, 2, 618, 998, 987, 14, 7.78%, 263, 0, 4, 10.79
1747797992, 2, 619, 998, 987, 14, 7.78%, 263, 0, 4, 11.32
1747797997, 2, 621, 998, 987, 14, 7.78%, 263, 0, 4, 11.29
1747798002, 2, 623, 998, 987, 14, 7.78%, 263, 0, 4, 10.17
1747798007, 2, 624, 998, 987, 14, 7.78%, 263, 0, 4, 10.43
1747798012, 2, 626, 998, 987, 14, 7.78%, 263, 0, 4, 10.14
1747798017, 2, 627, 998, 987, 14, 7.78%, 264, 0, 4, 10.20
1747798022, 2, 628, 998, 987, 14, 7.78%, 264, 0, 4, 10.56
1747798028, 2, 630, 998, 987, 14, 7.78%, 264, 0, 4, 10.30
1747798033, 2, 631, 998, 987, 14, 7.78%, 264, 0, 4, 9.88
1747798038, 2, 632, 998, 987, 14, 7.78%, 264, 0, 4, 10.85
1747798043, 2, 633, 998, 987, 14, 7.78%, 264, 0, 4, 10.25
1747798048, 2, 635, 998, 987, 14, 7.78%, 264, 0, 4, 11.41
1747798053, 2, 637, 998, 987, 14, 7.78%, 264, 0, 4, 11.05
1747798058, 2, 639, 998, 987, 14, 7.78%, 264, 0, 4, 10.90
1747798064, 2, 640, 998, 987, 14, 7.78%, 264, 0, 4, 11.62
1747798069, 2, 642, 998, 987, 14, 7.78%, 264, 0, 4, 10.52
1747798074, 2, 644, 998, 987, 14, 7.78%, 264, 0, 4, 10.20
1747798079, 2, 646, 998, 987, 14, 7.78%, 264, 0, 4, 10.45
1747798084, 2, 647, 998, 987, 14, 7.78%, 264, 0, 4, 10.95
1747798089, 2, 648, 998, 987, 14, 7.78%, 264, 0, 4, 10.98
1747798094, 2, 649, 998, 987, 14, 7.78%, 264, 0, 4, 11.48
1747798099, 2, 650, 998, 987, 14, 7.78%, 264, 0, 4, 10.78
1747798105, 2, 651, 998, 987, 14, 7.78%, 264, 0, 4, 9.97
1747798110, 2, 652, 998, 987, 14, 7.78%, 264, 0, 4, 9.96
1747798115, 2, 653, 998, 987, 14, 7.78%, 264, 0, 4, 10.70
1747798120, 2, 654, 998, 987, 14, 7.78%, 264, 0, 4, 10.40
1747798125, 2, 655, 998, 987, 14, 7.78%, 264, 0, 4, 10.35
1747798130, 2, 656, 998, 987, 14, 7.78%, 264, 0, 4, 10.08
1747798135, 2, 658, 998, 987, 14, 7.78%, 264, 0, 4, 10.37
1747798141, 2, 659, 998, 987, 14, 7.78%, 264, 0, 4, 10.86
1747798146, 2, 664, 998, 987, 14, 7.78%, 264, 0, 4, 10.73
1747798151, 2, 665, 998, 987, 14, 7.78%, 264, 0, 4, 10.91
1747798156, 2, 667, 998, 987, 14, 7.78%, 264, 0, 4, 10.96
1747798166, 2, 668, 998, 987, 14, 7.78%, 264, 0, 4, 10.01
1747798171, 2, 669, 998, 987, 14, 7.78%, 264, 0, 4, 10.06
1747798177, 2, 672, 998, 987, 14, 7.78%, 264, 0, 4, 10.94
1747798182, 2, 674, 998, 987, 14, 7.78%, 264, 0, 4, 11.61
1747798187, 2, 675, 998, 987, 14, 7.78%, 264, 0, 4, 9.88
1747798192, 2, 677, 998, 987, 14, 7.78%, 264, 0, 4, 10.83
1747798197, 2, 678, 998, 987, 14, 7.78%, 264, 0, 4, 10.69
1747798202, 2, 679, 998, 987, 14, 7.78%, 265, 0, 4, 11.18
1747798207, 2, 680, 998, 987, 14, 7.78%, 265, 0, 4, 11.28
1747798213, 2, 681, 998, 987, 14, 7.78%, 265, 0, 4, 10.39
1747798218, 2, 683, 998, 987, 14, 7.78%, 265, 0, 4, 10.71
1747798223, 2, 684, 998, 987, 14, 7.78%, 265, 0, 4, 10.69
1747798228, 2, 685, 998, 987, 14, 7.78%, 265, 0, 4, 11.21
1747798233, 2, 686, 998, 987, 14, 7.78%, 265, 0, 4, 11.21
1747798238, 2, 687, 998, 987, 14, 7.78%, 265, 0, 4, 7.96
1747798243, 2, 688, 998, 987, 14, 7.78%, 265, 0, 4, 7.37
1747798253, 2, 689, 998, 987, 14, 7.78%, 265, 0, 4, 6.79
1747798258, 2, 689, 999, 988, 14, 7.78%, 265, 0, 4, 5.78
1747798269, 2, 690, 999, 988, 14, 7.78%, 265, 0, 4, 6.68
1747798279, 2, 691, 1000, 989, 14, 7.78%, 265, 0, 4, 6.24
1747798299, 2, 692, 1000, 989, 14, 7.78%, 265, 0, 4, 6.78
1747798305, 2, 693, 1000, 989, 14, 7.78%, 265, 0, 4, 6.57
1747798315, 2, 694, 1000, 989, 14, 7.78%, 265, 0, 4, 6.32
1747798320, 2, 695, 1000, 989, 14, 7.78%, 265, 0, 4, 6.35
1747798331, 2, 696, 1000, 989, 14, 7.78%, 265, 0, 4, 6.46
1747798336, 2, 697, 1000, 989, 14, 7.78%, 265, 0, 4, 6.89
1747798346, 2, 698, 1000, 989, 14, 7.78%, 265, 0, 4, 6.72
1747798356, 2, 699, 1000, 989, 14, 7.78%, 265, 0, 4, 6.30
1747798362, 2, 700, 1000, 989, 14, 7.78%, 265, 0, 4, 6.33
1747798372, 2, 702, 1000, 989, 14, 7.78%, 265, 0, 4, 6.36
1747798377, 2, 703, 1000, 989, 14, 7.78%, 265, 0, 4, 6.49
1747798387, 2, 704, 1000, 989, 14, 7.78%, 265, 0, 4, 6.35
1747798392, 2, 705, 1000, 989, 14, 7.78%, 265, 0, 4, 7.05
1747798403, 2, 706, 1000, 989, 14, 7.78%, 265, 0, 4, 6.99
1747798408, 2, 708, 1000, 989, 14, 7.78%, 265, 0, 4, 6.72
1747798418, 2, 709, 1000, 989, 14, 7.78%, 265, 0, 4, 6.13
1747798429, 2, 710, 1000, 989, 14, 7.78%, 265, 0, 4, 7.23
1747798434, 2, 712, 1000, 989, 14, 7.78%, 265, 0, 4, 6.73
1747798444, 2, 713, 1000, 989, 14, 7.78%, 265, 0, 4, 6.83
1747798450, 2, 714, 1000, 989, 14, 7.78%, 265, 0, 4, 6.32
1747798460, 2, 715, 1000, 989, 14, 7.78%, 265, 0, 4, 6.32
1747798465, 2, 716, 1000, 989, 14, 7.78%, 265, 0, 4, 6.89
1747798475, 2, 717, 1000, 989, 14, 7.78%, 265, 0, 4, 6.46
1747798480, 2, 718, 1000, 989, 14, 7.78%, 265, 0, 4, 6.51
1747798491, 2, 719, 1000, 989, 14, 7.78%, 265, 0, 4, 6.59
1747798496, 2, 722, 1000, 989, 14, 7.78%, 265, 0, 4, 6.31
1747798507, 2, 723, 1000, 989, 14, 7.78%, 265, 0, 4, 6.16
1747798512, 2, 724, 1000, 989, 14, 7.78%, 265, 0, 4, 6.93
1747798522, 2, 725, 1000, 989, 14, 7.78%, 265, 0, 4, 5.95
1747798533, 2, 726, 1000, 989, 14, 7.78%, 265, 0, 4, 6.92
1747798538, 2, 727, 1000, 989, 14, 7.78%, 265, 0, 4, 6.49
1747798548, 2, 729, 1000, 989, 14, 7.78%, 265, 0, 4, 7.42
1747798553, 2, 731, 1000, 989, 14, 7.78%, 265, 0, 4, 6.73
1747798563, 2, 732, 1000, 989, 14, 7.78%, 265, 0, 4, 6.70
1747798568, 2, 734, 1000, 989, 14, 7.78%, 265, 0, 4, 7.06
1747798573, 2, 734, 1000, 989, 14, 7.78%, 266, 0, 4, 6.58
1747798579, 2, 735, 1000, 989, 14, 7.78%, 266, 0, 4, 6.42
1747798584, 2, 736, 1000, 989, 14, 7.78%, 266, 0, 4, 6.45
1747798594, 2, 737, 1000, 989, 14, 7.78%, 266, 0, 4, 6.60
1747798599, 2, 738, 1000, 989, 14, 7.78%, 266, 0, 4, 6.68
1747798610, 2, 740, 1000, 989, 14, 7.78%, 266, 0, 4, 6.22
1747798620, 2, 741, 1000, 989, 14, 7.78%, 266, 0, 4, 6.58
1747798625, 2, 742, 1000, 989, 14, 7.78%, 266, 0, 4, 6.91
1747798636, 2, 743, 1000, 989, 14, 7.78%, 266, 0, 4, 6.17
1747798641, 2, 744, 1000, 989, 14, 7.78%, 266, 0, 4, 5.96
1747798651, 2, 745, 1000, 989, 14, 7.78%, 266, 0, 4, 6.71
1747798656, 2, 746, 1000, 989, 14, 7.78%, 266, 0, 4, 6.62
1747798667, 2, 747, 1000, 989, 14, 7.78%, 266, 0, 4, 5.71
1747798677, 2, 749, 1000, 989, 14, 7.78%, 266, 0, 4, 6.86
1747798682, 2, 750, 1000, 989, 14, 7.78%, 266, 0, 4, 6.95
1747798687, 2, 751, 1000, 989, 14, 7.78%, 266, 0, 4, 6.81
1747798698, 2, 752, 1000, 989, 14, 7.78%, 266, 0, 4, 6.95
1747798703, 2, 753, 1000, 989, 14, 7.78%, 266, 0, 4, 6.79
1747798714, 2, 754, 1000, 989, 14, 7.78%, 266, 0, 4, 6.28
1747798719, 2, 755, 1000, 989, 14, 7.78%, 266, 0, 4, 7.27
1747798729, 2, 756, 1000, 989, 14, 7.78%, 266, 0, 4, 7.51
1747798735, 2, 758, 1000, 989, 14, 7.78%, 266, 0, 4, 6.47
1747798745, 2, 759, 1000, 989, 14, 7.78%, 266, 0, 4, 5.96
1747798755, 2, 760, 1000, 989, 14, 7.78%, 266, 0, 4, 6.42
1747798761, 2, 762, 1000, 989, 14, 7.78%, 266, 0, 4, 6.30
1747798771, 2, 763, 1000, 989, 14, 7.78%, 266, 0, 4, 7.00
1747798776, 2, 765, 1000, 989, 14, 7.78%, 266, 0, 4, 6.36
1747798786, 2, 766, 1000, 989, 14, 7.78%, 266, 0, 4, 6.74
1747798792, 2, 767, 1000, 989, 14, 7.78%, 266, 0, 4, 6.80
1747798802, 2, 768, 1001, 990, 14, 7.78%, 266, 0, 4, 6.52
1747798817, 2, 769, 1001, 990, 14, 7.78%, 266, 0, 4, 6.76
1747798828, 2, 770, 1001, 990, 14, 7.78%, 266, 0, 4, 6.31
1747798833, 2, 771, 1001, 990, 14, 7.78%, 266, 0, 4, 6.30
1747798843, 2, 772, 1001, 990, 14, 7.78%, 266, 0, 4, 5.76
1747798854, 2, 773, 1001, 990, 14, 7.78%, 266, 0, 4, 6.42
1747798859, 2, 775, 1001, 990, 14, 7.78%, 266, 0, 4, 6.81
1747798869, 2, 776, 1001, 990, 14, 7.78%, 266, 0, 4, 6.61
1747798874, 2, 777, 1001, 990, 14, 7.78%, 266, 0, 4, 6.69
1747798885, 2, 778, 1001, 990, 14, 7.78%, 266, 0, 4, 6.58
1747798890, 2, 779, 1001, 990, 14, 7.78%, 266, 0, 4, 6.77
1747798900, 2, 780, 1001, 990, 14, 7.78%, 266, 0, 4, 6.61
1747798910, 2, 781, 1001, 990, 14, 7.78%, 266, 0, 4, 6.44
1747798915, 2, 783, 1001, 990, 14, 7.78%, 266, 0, 4, 6.22
1747798926, 2, 784, 1001, 990, 14, 7.78%, 266, 0, 4, 6.44
1747798931, 2, 785, 1001, 990, 14, 7.78%, 266, 0, 4, 6.55
1747798941, 2, 786, 1001, 990, 14, 7.78%, 266, 0, 4, 6.71
1747798946, 2, 787, 1001, 990, 14, 7.78%, 266, 0, 4, 6.47
1747798956, 2, 788, 1001, 990, 14, 7.78%, 266, 0, 4, 6.48
1747798967, 2, 789, 1001, 990, 14, 7.78%, 266, 0, 4, 6.67
1747798972, 2, 791, 1001, 990, 14, 7.78%, 266, 0, 4, 6.07
1747798982, 2, 792, 1001, 990, 14, 7.78%, 266, 0, 4, 6.56
1747798987, 2, 793, 1001, 990, 14, 7.78%, 266, 0, 4, 6.69
1747798998, 2, 794, 1001, 990, 14, 7.78%, 266, 0, 4, 6.52
1747799008, 2, 795, 1001, 990, 14, 7.78%, 266, 0, 4, 6.08
1747799013, 2, 796, 1001, 990, 14, 7.78%, 266, 0, 4, 6.49
1747799023, 2, 797, 1002, 991, 14, 7.78%, 266, 0, 4, 6.66
1747799039, 2, 798, 1002, 991, 14, 7.78%, 266, 0, 4, 6.68
1747799049, 2, 799, 1002, 991, 14, 7.78%, 266, 0, 4, 6.06
1747799054, 2, 800, 1002, 991, 14, 7.78%, 266, 0, 4, 6.59
1747799065, 2, 802, 1002, 991, 14, 7.78%, 266, 0, 4, 6.52
1747799070, 2, 803, 1002, 991, 14, 7.78%, 266, 0, 4, 6.64
1747799080, 2, 804, 1002, 991, 14, 7.78%, 266, 0, 4, 6.03
1747799126, 2, 804, 1003, 992, 14, 7.78%, 266, 0, 4, 2.90
1747799132, 2, 804, 1004, 993, 14, 7.78%, 266, 0, 4, 2.56
1747799142, 2, 804, 1005, 994, 14, 7.78%, 266, 0, 4, 2.41
1747799169, 2, 804, 1006, 995, 14, 7.78%, 266, 0, 4, 2.25
1747799356, 2, 804, 1007, 996, 14, 7.78%, 266, 0, 4, 2.18
1747799372, 2, 804, 1008, 997, 14, 7.78%, 266, 0, 4, 3.06
1747799387, 2, 804, 1009, 998, 14, 7.78%, 266, 0, 4, 2.93
1747799398, 2, 804, 1010, 999, 14, 7.78%, 266, 0, 4, 3.40
1747799797, 2, 804, 1010, 999, 14, 7.78%, 267, 0, 4, 2.70
1747800527, 2, 804, 1010, 999, 14, 7.78%, 268, 0, 4, 3.25
1747800595, 2, 804, 1011, 1000, 14, 7.78%, 268, 0, 4, 2.19
1747800621, 2, 804, 1012, 1001, 14, 7.78%, 268, 0, 4, 2.18
1747800941, 2, 804, 1013, 1002, 14, 7.78%, 268, 0, 4, 2.24
1747800946, 2, 804, 1014, 1003, 14, 7.78%, 268, 0, 4, 2.06
1747801014, 2, 805, 1014, 1002, 13, 7.78%, 268, 0, 4, 6.77
1747801019, 2, 808, 1014, 1002, 13, 7.78%, 268, 0, 4, 6.45
1747801029, 2, 809, 1014, 1002, 13, 7.78%, 268, 0, 4, 6.63
1747801035, 2, 810, 1014, 1002, 13, 7.78%, 268, 0, 4, 6.24
1747801045, 2, 813, 1014, 1002, 13, 7.78%, 268, 0, 4, 6.35
1747801055, 2, 814, 1014, 1002, 13, 7.78%, 268, 0, 4, 6.50
1747801060, 2, 818, 1014, 1002, 13, 7.78%, 268, 0, 4, 7.05
1747801071, 2, 819, 1014, 1002, 13, 7.78%, 268, 0, 4, 6.27
1747801076, 2, 820, 1014, 1002, 13, 7.78%, 268, 0, 4, 6.59
1747801086, 2, 821, 1014, 1002, 13, 7.78%, 268, 0, 4, 6.35
1747801091, 2, 822, 1014, 1002, 13, 7.78%, 268, 0, 4, 6.72
1747801102, 2, 823, 1014, 1002, 13, 7.78%, 268, 0, 4, 6.81
1747801107, 2, 824, 1014, 1002, 13, 7.78%, 268, 0, 4, 6.32
1747801117, 2, 826, 1014, 1002, 13, 7.78%, 268, 0, 4, 5.95
1747801127, 2, 827, 1014, 1002, 13, 7.78%, 268, 0, 4, 6.23
1747801133, 2, 828, 1014, 1002, 13, 7.78%, 268, 0, 4, 6.47
1747801143, 2, 829, 1014, 1002, 13, 7.78%, 268, 0, 4, 5.78
1747801154, 2, 830, 1014, 1002, 13, 7.78%, 268, 0, 4, 6.34
1747801159, 2, 831, 1014, 1002, 13, 7.78%, 268, 0, 4, 6.40
1747801169, 2, 832, 1014, 1002, 13, 7.78%, 268, 0, 4, 6.32
1747801179, 2, 833, 1014, 1002, 13, 7.78%, 268, 0, 4, 6.10
1747801184, 2, 834, 1014, 1002, 13, 7.78%, 268, 0, 4, 6.31
1747801195, 2, 835, 1014, 1002, 13, 7.78%, 268, 0, 4, 6.47
1747801200, 2, 836, 1014, 1002, 13, 7.78%, 269, 0, 4, 6.07
1747801211, 2, 837, 1014, 1002, 13, 7.78%, 269, 0, 4, 6.40
1747801216, 2, 838, 1014, 1002, 13, 7.78%, 269, 0, 4, 7.33
1747801227, 2, 839, 1014, 1002, 13, 7.78%, 269, 0, 4, 6.30
1747801232, 2, 840, 1014, 1002, 13, 7.78%, 269, 0, 4, 7.24
1747801242, 2, 842, 1014, 1002, 13, 7.78%, 269, 0, 4, 6.86
1747801247, 2, 844, 1014, 1002, 13, 7.78%, 269, 0, 4, 7.27
1747801258, 2, 846, 1014, 1002, 13, 7.78%, 269, 0, 4, 7.06
1747801263, 2, 847, 1014, 1002, 13, 7.78%, 269, 0, 4, 6.27
1747801273, 2, 848, 1014, 1002, 13, 7.78%, 269, 0, 4, 6.67
1747801278, 2, 849, 1014, 1002, 13, 7.78%, 269, 0, 4, 6.80
1747801289, 2, 850, 1014, 1002, 13, 7.78%, 269, 0, 4, 6.87
1747801294, 2, 851, 1014, 1002, 13, 7.78%, 269, 0, 4, 6.42
1747801304, 2, 852, 1014, 1002, 13, 7.78%, 269, 0, 4, 6.34
1747801309, 2, 853, 1014, 1002, 13, 7.78%, 269, 0, 4, 6.37
1747801319, 2, 855, 1014, 1002, 13, 7.78%, 269, 0, 4, 6.15
1747801324, 2, 857, 1014, 1002, 13, 7.78%, 269, 0, 4, 6.26
1747801335, 2, 858, 1014, 1002, 13, 7.78%, 269, 0, 4, 6.35
1747801345, 2, 861, 1014, 1002, 13, 7.78%, 269, 0, 4, 5.57
1747801350, 2, 862, 1014, 1002, 13, 7.78%, 269, 0, 4, 6.00
1747801360, 2, 863, 1014, 1002, 13, 7.78%, 269, 0, 4, 6.94
1747801366, 2, 863, 1015, 1003, 13, 7.78%, 269, 0, 4, 5.67
1747801376, 2, 864, 1015, 1003, 13, 7.78%, 269, 0, 4, 6.88
1747801387, 2, 865, 1015, 1003, 13, 7.78%, 269, 0, 4, 7.06
1747801392, 2, 866, 1015, 1003, 13, 7.78%, 269, 0, 4, 7.20
1747801402, 2, 867, 1015, 1003, 13, 7.78%, 269, 0, 4, 6.08
1747801407, 2, 868, 1015, 1003, 13, 7.78%, 269, 0, 4, 6.70
1747801418, 2, 869, 1015, 1003, 13, 7.78%, 269, 0, 4, 6.33
1747801423, 2, 870, 1015, 1003, 13, 7.78%, 269, 0, 4, 6.96
1747801433, 2, 871, 1015, 1003, 13, 7.78%, 269, 0, 4, 7.10
1747801438, 2, 872, 1015, 1003, 13, 7.78%, 269, 0, 4, 6.67
1747801448, 2, 873, 1015, 1003, 13, 7.78%, 269, 0, 4, 6.63
1747801454, 2, 874, 1015, 1003, 13, 7.78%, 269, 0, 4, 7.01
1747801464, 2, 875, 1015, 1003, 13, 7.78%, 269, 0, 4, 6.34
1747801469, 2, 879, 1015, 1003, 13, 7.78%, 269, 0, 4, 6.67
1747801479, 2, 880, 1015, 1003, 13, 7.78%, 269, 0, 4, 6.88
1747801484, 2, 881, 1015, 1003, 13, 7.78%, 269, 0, 4, 6.99
1747801494, 2, 882, 1015, 1003, 13, 7.78%, 269, 0, 4, 6.62
1747801500, 2, 883, 1015, 1003, 13, 7.78%, 269, 0, 4, 6.21
1747801510, 2, 885, 1015, 1003, 13, 7.78%, 269, 0, 4, 7.00
1747801515, 2, 886, 1015, 1003, 13, 7.78%, 269, 0, 4, 6.72
1747801526, 2, 887, 1015, 1003, 13, 7.78%, 269, 0, 4, 6.60
1747801536, 2, 888, 1015, 1003, 13, 7.78%, 269, 0, 4, 6.28
1747801541, 2, 889, 1015, 1003, 13, 7.78%, 269, 0, 4, 6.69
1747801551, 2, 890, 1015, 1003, 13, 7.78%, 269, 0, 4, 6.67
1747801556, 2, 891, 1015, 1003, 13, 7.78%, 269, 0, 4, 6.14
1747801567, 2, 894, 1015, 1003, 13, 7.78%, 269, 0, 4, 6.40
1747801572, 2, 895, 1015, 1003, 13, 7.78%, 269, 0, 4, 6.92
1747801582, 2, 896, 1015, 1003, 13, 7.78%, 269, 0, 4, 6.69
1747801593, 2, 897, 1015, 1003, 13, 7.78%, 269, 0, 4, 6.09
1747801598, 2, 899, 1015, 1003, 13, 7.78%, 269, 0, 4, 6.22
1747801608, 2, 900, 1015, 1003, 13, 7.78%, 269, 0, 4, 6.67
1747801618, 2, 901, 1015, 1003, 13, 7.78%, 269, 0, 4, 7.14
1747801623, 2, 902, 1015, 1003, 13, 7.78%, 269, 0, 4, 6.88
1747801633, 2, 903, 1015, 1003, 13, 7.78%, 269, 0, 4, 6.56
1747801638, 2, 904, 1015, 1003, 13, 7.78%, 269, 0, 4, 6.42
1747801649, 2, 906, 1015, 1003, 13, 7.78%, 269, 0, 4, 6.41
1747801654, 2, 907, 1015, 1003, 13, 7.78%, 269, 0, 4, 6.16
1747801664, 2, 908, 1015, 1003, 13, 7.78%, 269, 0, 4, 6.13
1747801675, 2, 909, 1015, 1003, 13, 7.78%, 269, 0, 4, 6.57
1747801680, 2, 910, 1015, 1003, 13, 7.78%, 269, 0, 4, 6.13
1747801690, 2, 911, 1015, 1003, 13, 7.78%, 269, 0, 4, 6.99
1747801695, 2, 913, 1015, 1003, 13, 7.78%, 269, 0, 4, 6.89
1747801706, 2, 914, 1015, 1003, 13, 7.78%, 269, 0, 4, 6.09
1747801711, 2, 915, 1015, 1003, 13, 7.78%, 269, 0, 4, 7.10
1747801721, 2, 916, 1015, 1003, 13, 7.78%, 269, 0, 4, 6.63
1747801731, 2, 917, 1015, 1003, 13, 7.78%, 269, 0, 4, 7.00
1747801737, 2, 919, 1015, 1003, 13, 7.78%, 269, 0, 4, 6.94
1747801742, 2, 920, 1015, 1003, 13, 7.78%, 269, 0, 4, 6.36
1747801752, 2, 921, 1015, 1003, 13, 7.78%, 269, 0, 4, 6.18
1747801762, 2, 922, 1015, 1003, 13, 7.78%, 269, 0, 4, 6.10
1747801767, 2, 923, 1015, 1003, 13, 7.78%, 269, 0, 4, 6.13
1747801778, 2, 925, 1015, 1003, 13, 7.78%, 269, 0, 4, 6.77
1747801788, 2, 926, 1015, 1003, 13, 7.78%, 269, 0, 4, 6.96
1747801793, 2, 927, 1015, 1003, 13, 7.78%, 269, 0, 4, 6.16
1747801804, 2, 928, 1015, 1003, 13, 7.78%, 269, 0, 4, 5.97
1747801809, 2, 930, 1015, 1003, 13, 7.78%, 269, 0, 4, 6.10
1747801819, 2, 932, 1015, 1003, 13, 7.78%, 269, 0, 4, 6.28
1747801829, 2, 933, 1015, 1003, 13, 7.78%, 269, 0, 4, 6.28
1747801834, 2, 934, 1015, 1003, 13, 7.78%, 269, 0, 4, 6.40
1747801845, 2, 935, 1015, 1003, 13, 7.78%, 269, 0, 4, 6.31
1747801855, 2, 937, 1015, 1003, 13, 7.78%, 269, 0, 4, 7.28
1747801860, 2, 938, 1015, 1003, 13, 7.78%, 269, 0, 4, 6.66
1747801865, 2, 941, 1015, 1003, 13, 7.78%, 269, 0, 4, 6.92
1747801876, 2, 942, 1015, 1003, 13, 7.78%, 269, 0, 4, 5.92
1747801906, 2, 942, 1016, 1004, 13, 7.78%, 269, 0, 4, 4.04
1747801994, 2, 942, 1017, 1005, 13, 7.78%, 269, 0, 4, 4.27
1747802523, 2, 942, 1018, 1006, 13, 7.78%, 269, 0, 4, 4.37
1747802750, 2, 942, 1019, 1007, 13, 7.78%, 269, 0, 4, 3.95
1747802796, 2, 943, 1019, 1006, 14, 7.78%, 269, 0, 4, 6.81
1747802806, 2, 944, 1019, 1006, 14, 7.78%, 269, 0, 4, 6.41
1747802811, 2, 946, 1019, 1006, 14, 7.78%, 269, 0, 4, 6.76
1747802821, 2, 948, 1019, 1006, 14, 7.78%, 269, 0, 4, 5.80
1747802832, 2, 948, 1020, 1007, 14, 7.78%, 269, 0, 4, 4.24
1747802852, 2, 948, 1021, 1008, 14, 7.78%, 269, 0, 4, 4.54
1747802883, 2, 948, 1022, 1009, 14, 7.78%, 269, 0, 4, 6.05
1747802914, 2, 948, 1023, 1010, 14, 7.78%, 269, 0, 4, 6.18
1747803022, 2, 948, 1024, 1011, 14, 7.78%, 269, 0, 4, 6.37
1747803146, 2, 948, 1025, 1012, 14, 7.78%, 269, 0, 4, 8.73
1747803398, 2, 948, 1026, 1013, 14, 7.78%, 269, 0, 4, 3.55
1747803543, 2, 948, 1027, 1014, 14, 7.78%, 269, 0, 4, 3.73
1747803636, 2, 949, 1027, 1013, 14, 7.78%, 269, 0, 4, 6.22
1747803646, 2, 952, 1027, 1013, 14, 7.78%, 269, 0, 4, 6.76
1747803651, 2, 954, 1027, 1013, 14, 7.78%, 269, 0, 4, 6.88
1747803662, 2, 955, 1027, 1013, 14, 7.78%, 269, 0, 4, 7.03
1747803667, 2, 956, 1027, 1013, 14, 7.78%, 269, 0, 4, 6.95
1747803677, 2, 957, 1027, 1013, 14, 7.78%, 269, 0, 4, 6.37
1747803682, 2, 959, 1027, 1013, 14, 7.78%, 269, 0, 4, 5.71
1747803693, 2, 960, 1027, 1013, 14, 7.78%, 269, 0, 4, 5.98
1747803703, 2, 961, 1027, 1013, 14, 7.78%, 269, 0, 4, 6.83
1747803708, 2, 962, 1027, 1013, 14, 7.78%, 269, 0, 4, 7.07
1747803714, 2, 963, 1027, 1013, 14, 7.78%, 269, 0, 4, 7.12
1747803719, 2, 963, 1028, 1014, 14, 7.78%, 269, 0, 4, 6.61
1747803734, 2, 964, 1028, 1014, 14, 7.78%, 269, 0, 4, 6.53
1747803745, 2, 966, 1028, 1014, 14, 7.78%, 269, 0, 4, 9.44
1747803750, 2, 967, 1028, 1014, 14, 7.78%, 269, 0, 4, 10.11
1747803755, 2, 968, 1028, 1014, 14, 7.78%, 269, 0, 4, 9.85
1747803765, 2, 971, 1028, 1014, 14, 7.78%, 269, 0, 4, 10.50
1747803771, 2, 973, 1028, 1014, 14, 7.78%, 269, 0, 4, 11.33
1747803776, 2, 974, 1028, 1014, 14, 7.78%, 269, 0, 4, 11.20
1747803781, 2, 975, 1028, 1014, 14, 7.78%, 269, 0, 4, 10.33
1747803786, 2, 976, 1028, 1014, 14, 7.78%, 269, 0, 4, 11.43
1747803791, 2, 977, 1028, 1014, 14, 7.78%, 269, 0, 4, 11.25
1747803796, 2, 978, 1028, 1014, 14, 7.78%, 269, 0, 4, 8.96
1747803806, 2, 979, 1028, 1014, 14, 7.78%, 269, 0, 4, 6.74
1747803812, 2, 980, 1028, 1014, 14, 7.78%, 269, 0, 4, 7.03
1747803822, 2, 981, 1028, 1014, 14, 7.78%, 269, 0, 4, 6.93
1747803827, 2, 983, 1028, 1014, 14, 7.78%, 269, 0, 4, 6.19
1747803837, 2, 984, 1028, 1014, 14, 7.78%, 269, 0, 4, 5.96
1747803842, 2, 986, 1028, 1014, 14, 7.78%, 269, 0, 4, 6.65
1747803853, 2, 987, 1028, 1014, 14, 7.78%, 269, 0, 4, 6.94
1747803858, 2, 988, 1028, 1014, 14, 7.78%, 269, 0, 4, 6.38
1747803868, 2, 989, 1028, 1014, 14, 7.78%, 269, 0, 4, 6.57
1747803873, 2, 990, 1028, 1014, 14, 7.78%, 269, 0, 4, 6.67
1747803884, 2, 991, 1028, 1014, 14, 7.78%, 269, 0, 4, 6.51
1747803889, 2, 992, 1028, 1014, 14, 7.78%, 269, 0, 4, 6.75
1747803899, 2, 993, 1028, 1014, 14, 7.78%, 269, 0, 4, 6.84
1747803904, 2, 994, 1028, 1014, 14, 7.78%, 269, 0, 4, 6.89
1747803915, 2, 996, 1028, 1014, 14, 7.78%, 269, 0, 4, 6.38
1747803920, 2, 997, 1028, 1014, 14, 7.78%, 269, 0, 4, 6.44
1747803930, 2, 1001, 1028, 1014, 14, 7.78%, 269, 0, 4, 6.63
1747803935, 2, 1002, 1028, 1014, 14, 7.78%, 269, 0, 4, 6.41
1747803946, 2, 1003, 1028, 1014, 14, 7.78%, 269, 0, 4, 6.65
1747803951, 2, 1004, 1028, 1014, 14, 7.78%, 269, 0, 4, 7.05
1747803961, 2, 1005, 1028, 1014, 14, 7.78%, 269, 0, 4, 6.52
1747803971, 2, 1006, 1028, 1014, 14, 7.78%, 269, 0, 4, 6.77
1747803976, 2, 1007, 1028, 1014, 14, 7.78%, 269, 0, 4, 6.08
1747803987, 2, 1008, 1028, 1014, 14, 7.78%, 269, 0, 4, 6.55
1747803992, 2, 1010, 1028, 1014, 14, 7.78%, 269, 0, 4, 6.81
1747804002, 2, 1011, 1028, 1014, 14, 7.78%, 269, 0, 4, 6.93
1747804008, 2, 1013, 1028, 1014, 14, 7.78%, 269, 0, 4, 6.61
1747804018, 2, 1014, 1028, 1014, 14, 7.78%, 269, 0, 4, 6.52
1747804023, 2, 1017, 1028, 1014, 14, 7.78%, 269, 0, 4, 6.24
1747804034, 2, 1018, 1028, 1014, 14, 7.78%, 269, 0, 4, 6.34
1747804044, 2, 1019, 1028, 1014, 14, 7.78%, 269, 0, 4, 6.77
1747804049, 2, 1019, 1029, 1015, 14, 7.78%, 269, 0, 4, 4.79
1747804059, 2, 1020, 1029, 1015, 14, 7.78%, 269, 0, 4, 6.28
1747804070, 2, 1021, 1029, 1015, 14, 7.78%, 269, 0, 4, 6.35
1747804075, 2, 1022, 1029, 1015, 14, 7.78%, 269, 0, 4, 6.81
1747804085, 2, 1023, 1029, 1015, 14, 7.78%, 269, 0, 4, 6.75
1747804090, 2, 1024, 1029, 1015, 14, 7.78%, 269, 0, 4, 6.74
1747804101, 2, 1026, 1029, 1015, 14, 7.78%, 269, 0, 4, 7.06
1747804106, 2, 1027, 1029, 1015, 14, 7.78%, 269, 0, 4, 7.32
1747804116, 2, 1028, 1029, 1015, 14, 7.78%, 269, 0, 4, 6.39
1747804121, 3, 1, 1029, 1015, 14, 7.78%, 269, 0, 4, 6.37
1747804132, 3, 2, 1029, 1015, 14, 7.78%, 269, 0, 4, 7.03
1747804137, 3, 3, 1029, 1015, 14, 7.78%, 269, 0, 4, 7.05
1747804147, 3, 6, 1029, 1015, 14, 7.78%, 269, 0, 4, 6.30
1747804152, 3, 8, 1029, 1015, 14, 7.78%, 269, 0, 4, 6.76
1747804162, 3, 10, 1029, 1015, 14, 7.78%, 269, 0, 4, 6.22
1747804168, 3, 11, 1029, 1015, 14, 7.78%, 269, 0, 4, 6.68
1747804178, 3, 12, 1029, 1015, 14, 7.78%, 269, 0, 4, 6.73
1747804188, 3, 13, 1029, 1015, 14, 7.78%, 269, 0, 4, 6.87
1747804193, 3, 14, 1029, 1015, 14, 7.78%, 269, 0, 4, 5.88
1747804204, 3, 15, 1029, 1015, 14, 7.78%, 269, 0, 4, 7.07
1747804209, 3, 16, 1029, 1015, 14, 7.78%, 269, 0, 4, 7.57
1747804219, 3, 17, 1029, 1015, 14, 7.78%, 269, 0, 4, 6.37
1747804225, 3, 19, 1029, 1015, 14, 7.78%, 269, 0, 4, 6.63
1747804235, 3, 20, 1029, 1015, 14, 7.78%, 270, 0, 4, 6.46
1747804240, 3, 22, 1029, 1015, 14, 7.78%, 270, 0, 4, 6.55
1747804250, 3, 23, 1029, 1015, 14, 7.78%, 270, 0, 4, 6.16
1747804260, 3, 24, 1029, 1015, 14, 7.78%, 270, 0, 4, 5.34
1747804270, 3, 25, 1029, 1015, 14, 7.78%, 270, 0, 4, 8.63
1747804275, 3, 26, 1029, 1015, 14, 7.78%, 270, 0, 4, 7.15
1747804281, 3, 28, 1029, 1015, 14, 7.78%, 270, 0, 4, 6.45
1747804291, 3, 29, 1029, 1015, 14, 7.78%, 270, 0, 4, 6.50
1747804296, 3, 30, 1029, 1015, 14, 7.78%, 270, 0, 4, 6.29
1747804306, 3, 31, 1029, 1015, 14, 7.78%, 270, 0, 4, 6.20
1747804312, 3, 32, 1029, 1015, 14, 7.78%, 270, 0, 4, 6.47
1747804322, 3, 33, 1029, 1015, 14, 7.78%, 270, 0, 4, 6.06
1747804332, 3, 34, 1029, 1015, 14, 7.78%, 270, 0, 4, 6.80
1747804338, 3, 36, 1029, 1015, 14, 7.78%, 270, 0, 4, 7.13
1747804348, 3, 37, 1029, 1015, 14, 7.78%, 270, 0, 4, 6.26
1747804353, 3, 39, 1029, 1015, 14, 7.78%, 270, 0, 4, 6.28
1747804363, 3, 40, 1029, 1015, 14, 7.78%, 270, 0, 4, 6.64
1747804369, 3, 41, 1029, 1015, 14, 7.78%, 270, 0, 4, 6.31
1747804379, 3, 42, 1029, 1015, 14, 7.78%, 270, 0, 4, 6.97
1747804384, 3, 43, 1029, 1015, 14, 7.78%, 270, 0, 4, 6.51
1747804394, 3, 44, 1029, 1015, 14, 7.78%, 270, 0, 4, 6.50
1747804399, 3, 44, 1030, 1016, 14, 7.79%, 270, 0, 4, 5.42
1747804415, 3, 45, 1030, 1016, 15, 7.79%, 270, 0, 4, 6.29
1747804425, 3, 46, 1030, 1016, 15, 7.79%, 270, 0, 4, 6.49
1747804430, 3, 47, 1030, 1016, 15, 7.79%, 270, 0, 4, 6.92
1747804435, 3, 48, 1030, 1016, 15, 7.79%, 270, 0, 4, 7.25
1747804446, 3, 49, 1030, 1016, 15, 7.79%, 270, 0, 4, 6.89
1747804456, 3, 50, 1030, 1016, 15, 7.79%, 270, 0, 4, 6.57
1747804461, 3, 51, 1030, 1016, 15, 7.79%, 270, 0, 4, 6.72
1747804471, 3, 52, 1030, 1016, 15, 7.79%, 270, 0, 4, 6.34
1747804476, 3, 53, 1030, 1016, 15, 7.79%, 270, 0, 4, 6.90
1747804487, 3, 54, 1030, 1016, 15, 7.79%, 270, 0, 4, 7.28
1747804492, 3, 55, 1030, 1016, 15, 7.79%, 270, 0, 4, 6.87
1747804497, 3, 56, 1030, 1016, 15, 7.79%, 270, 0, 4, 6.61
1747804508, 3, 57, 1030, 1016, 15, 7.79%, 270, 0, 4, 5.83
1747804518, 3, 58, 1030, 1016, 15, 7.79%, 270, 0, 4, 6.49
1747804523, 3, 59, 1030, 1016, 15, 7.79%, 270, 0, 4, 6.96
1747804534, 3, 60, 1030, 1016, 15, 7.79%, 270, 0, 4, 6.47
1747804544, 3, 61, 1030, 1016, 15, 7.79%, 270, 0, 4, 6.70
1747804549, 3, 62, 1030, 1016, 15, 7.79%, 270, 0, 4, 6.31
1747804559, 3, 63, 1030, 1016, 15, 7.79%, 270, 0, 4, 7.25
1747804564, 3, 64, 1030, 1016, 15, 7.79%, 270, 0, 4, 6.72
1747804575, 3, 65, 1030, 1016, 15, 7.79%, 270, 0, 4, 6.92
1747804580, 3, 66, 1030, 1016, 15, 7.79%, 270, 0, 4, 6.77
1747804590, 3, 67, 1030, 1016, 15, 7.79%, 270, 0, 4, 6.54
1747804595, 3, 68, 1030, 1016, 15, 7.79%, 270, 0, 4, 6.41
1747804606, 3, 69, 1030, 1016, 15, 7.79%, 270, 0, 4, 6.67
1747804611, 3, 70, 1030, 1016, 15, 7.79%, 270, 0, 4, 6.57
1747804622, 3, 71, 1030, 1016, 15, 7.79%, 270, 0, 4, 6.52
1747804627, 3, 72, 1030, 1016, 15, 7.79%, 270, 0, 4, 6.61
1747804637, 3, 73, 1030, 1016, 15, 7.79%, 270, 0, 4, 6.37
1747804642, 3, 74, 1030, 1016, 15, 7.79%, 270, 0, 4, 6.95
1747804652, 3, 75, 1031, 1017, 15, 7.79%, 270, 0, 4, 5.08
1747804673, 3, 76, 1031, 1017, 15, 7.79%, 270, 0, 4, 6.28
1747804678, 3, 78, 1031, 1017, 15, 7.79%, 270, 0, 4, 6.07
1747804688, 3, 79, 1031, 1017, 15, 7.79%, 270, 0, 4, 6.59
1747804698, 3, 80, 1031, 1017, 15, 7.79%, 270, 0, 4, 7.19
1747804704, 3, 82, 1031, 1017, 15, 7.79%, 270, 0, 4, 6.41
1747804714, 3, 83, 1031, 1017, 15, 7.79%, 270, 0, 4, 6.26
1747804719, 3, 84, 1031, 1017, 15, 7.79%, 270, 0, 4, 6.72
1747804724, 3, 84, 1032, 1018, 15, 7.79%, 270, 0, 4, 5.32
1747804739, 3, 85, 1032, 1018, 15, 7.79%, 270, 0, 4, 7.01
1747804750, 3, 86, 1032, 1018, 15, 7.79%, 270, 0, 4, 6.66
1747804755, 3, 87, 1032, 1018, 15, 7.79%, 270, 0, 4, 6.19
1747804765, 3, 88, 1032, 1018, 15, 7.79%, 270, 0, 4, 5.92
1747804771, 3, 89, 1032, 1018, 15, 7.79%, 270, 0, 4, 5.78
1747804781, 3, 90, 1032, 1018, 15, 7.79%, 270, 0, 4, 6.33
1747804786, 3, 91, 1032, 1018, 15, 7.79%, 270, 0, 4, 6.92
1747804796, 3, 92, 1032, 1018, 15, 7.79%, 270, 0, 4, 6.81
1747804807, 3, 95, 1032, 1018, 15, 7.79%, 270, 0, 4, 6.66
1747804812, 3, 96, 1032, 1018, 15, 7.79%, 270, 0, 4, 6.12
1747804822, 3, 98, 1032, 1018, 15, 7.79%, 270, 0, 4, 6.46
1747804827, 3, 99, 1032, 1018, 15, 7.79%, 270, 0, 4, 6.51
1747804838, 3, 100, 1032, 1018, 15, 7.79%, 270, 0, 4, 6.49
1747804843, 3, 102, 1032, 1018, 15, 7.79%, 270, 0, 4, 7.05
1747804853, 3, 105, 1032, 1018, 15, 7.79%, 270, 0, 4, 6.51
1747804859, 3, 107, 1032, 1018, 15, 7.79%, 270, 0, 4, 6.68
1747804869, 3, 108, 1032, 1018, 15, 7.79%, 270, 0, 4, 6.58
1747804874, 3, 110, 1032, 1018, 15, 7.79%, 270, 0, 4, 6.14
1747804885, 3, 111, 1032, 1018, 15, 7.79%, 270, 0, 4, 7.06
1747804890, 3, 112, 1032, 1018, 15, 7.79%, 270, 0, 4, 7.39
1747804895, 3, 113, 1032, 1018, 15, 7.79%, 270, 0, 4, 6.96
1747804905, 3, 114, 1032, 1018, 15, 7.79%, 270, 0, 4, 6.28
1747804916, 3, 115, 1032, 1018, 15, 7.79%, 270, 0, 4, 6.28
1747804921, 3, 116, 1032, 1018, 15, 7.79%, 270, 0, 4, 6.65
1747804931, 3, 117, 1032, 1018, 15, 7.79%, 270, 0, 4, 6.77
1747804936, 3, 118, 1032, 1018, 15, 7.79%, 270, 0, 4, 7.23
1747804946, 3, 119, 1032, 1018, 15, 7.79%, 270, 0, 4, 6.88
1747804951, 3, 121, 1032, 1018, 15, 7.79%, 270, 0, 4, 6.16
1747804962, 3, 122, 1032, 1018, 15, 7.79%, 270, 0, 4, 6.51
1747804967, 3, 123, 1032, 1018, 15, 7.79%, 270, 0, 4, 6.33
1747804977, 3, 125, 1032, 1018, 15, 7.79%, 270, 0, 4, 6.97
1747804982, 3, 126, 1032, 1018, 15, 7.79%, 270, 0, 4, 6.28
1747804993, 3, 127, 1032, 1018, 15, 7.79%, 270, 0, 4, 6.65
1747804998, 3, 128, 1032, 1018, 15, 7.79%, 270, 0, 4, 9.47
1747805070, 3, 129, 1032, 1017, 14, 7.79%, 270, 0, 4, 10.70
1747805075, 3, 130, 1032, 1017, 14, 7.79%, 270, 0, 4, 11.13
1747805080, 3, 132, 1032, 1017, 14, 7.79%, 270, 0, 4, 11.53
1747805085, 3, 134, 1032, 1017, 14, 7.79%, 270, 0, 4, 10.36
1747805090, 3, 135, 1032, 1017, 14, 7.79%, 270, 0, 4, 11.02
1747805095, 3, 136, 1032, 1017, 14, 7.79%, 270, 0, 4, 10.99
1747805100, 3, 137, 1032, 1017, 14, 7.79%, 270, 0, 4, 11.13
1747805105, 3, 138, 1032, 1017, 14, 7.79%, 270, 0, 4, 11.15
1747805111, 3, 139, 1032, 1017, 14, 7.79%, 270, 0, 4, 11.17
1747805116, 3, 140, 1032, 1017, 14, 7.79%, 270, 0, 4, 10.41
1747805121, 3, 141, 1032, 1017, 14, 7.79%, 270, 0, 4, 11.42
1747805126, 3, 142, 1032, 1017, 14, 7.79%, 270, 0, 4, 11.28
1747805131, 3, 143, 1032, 1017, 14, 7.79%, 270, 0, 4, 10.81
1747805136, 3, 145, 1032, 1017, 14, 7.79%, 270, 0, 4, 10.78
1747805141, 3, 145, 1033, 1018, 14, 7.79%, 270, 0, 4, 8.78
1747805152, 3, 146, 1034, 1019, 14, 7.79%, 270, 0, 4, 8.35
1747805162, 3, 147, 1034, 1019, 13, 7.79%, 270, 0, 4, 9.92
1747805167, 3, 148, 1034, 1019, 13, 7.79%, 270, 0, 4, 10.44
1747805172, 3, 149, 1034, 1019, 13, 7.79%, 270, 0, 4, 11.03
1747805178, 3, 150, 1034, 1019, 13, 7.79%, 270, 0, 4, 10.99
1747805183, 3, 152, 1034, 1019, 13, 7.79%, 270, 0, 4, 10.79
1747805188, 3, 153, 1034, 1019, 13, 7.79%, 270, 0, 4, 11.18
1747805193, 3, 154, 1034, 1019, 13, 7.79%, 270, 0, 4, 11.21
1747805198, 3, 155, 1034, 1019, 13, 7.79%, 270, 0, 4, 10.07
1747805203, 3, 157, 1034, 1019, 13, 7.79%, 270, 0, 4, 10.94
1747805208, 3, 158, 1034, 1019, 13, 7.79%, 270, 0, 4, 10.66
1747805214, 3, 159, 1034, 1019, 13, 7.79%, 270, 0, 4, 11.74
1747805219, 3, 160, 1034, 1019, 13, 7.79%, 270, 0, 4, 10.37
1747805224, 3, 161, 1034, 1019, 13, 7.79%, 270, 0, 4, 11.34
1747805229, 3, 163, 1034, 1019, 13, 7.79%, 270, 0, 4, 8.34
1747805239, 3, 164, 1034, 1019, 13, 7.79%, 270, 0, 4, 7.31
1747805244, 3, 165, 1034, 1019, 13, 7.79%, 270, 0, 4, 7.03
1747805255, 3, 166, 1034, 1019, 13, 7.79%, 270, 0, 4, 6.32
1747805265, 3, 167, 1035, 1020, 13, 7.79%, 270, 0, 4, 5.06
1747805280, 3, 168, 1035, 1020, 13, 7.79%, 270, 0, 4, 6.36
1747805290, 3, 170, 1035, 1020, 13, 7.79%, 270, 0, 4, 6.57
1747805301, 3, 171, 1035, 1020, 13, 7.79%, 270, 0, 4, 6.56
1747805306, 3, 174, 1035, 1020, 13, 7.79%, 270, 0, 4, 6.04
1747805316, 3, 176, 1035, 1020, 13, 7.79%, 270, 0, 4, 6.57
1747805322, 3, 177, 1035, 1020, 13, 7.79%, 270, 0, 4, 6.74
1747805332, 3, 178, 1035, 1020, 13, 7.79%, 270, 0, 4, 6.20
1747805337, 3, 179, 1035, 1020, 13, 7.79%, 270, 0, 4, 6.57
1747805347, 3, 182, 1035, 1020, 13, 7.79%, 270, 0, 4, 6.00
1747805358, 3, 183, 1035, 1020, 13, 7.79%, 270, 0, 4, 6.38
1747805363, 3, 183, 1036, 1021, 13, 7.79%, 270, 0, 4, 5.43
1747805374, 3, 184, 1036, 1021, 13, 7.79%, 270, 0, 4, 6.69
1747805384, 3, 187, 1036, 1021, 13, 7.79%, 270, 0, 4, 6.87
1747805394, 3, 189, 1036, 1021, 13, 7.79%, 270, 0, 4, 6.54
1747805399, 3, 190, 1036, 1021, 13, 7.79%, 270, 0, 4, 6.30
1747805409, 3, 191, 1036, 1021, 13, 7.79%, 270, 0, 4, 6.66
1747805415, 3, 192, 1036, 1021, 13, 7.79%, 270, 0, 4, 6.43
1747805425, 3, 193, 1036, 1021, 13, 7.79%, 270, 0, 4, 6.84
1747805430, 3, 194, 1036, 1021, 13, 7.79%, 270, 0, 4, 6.83
1747805441, 3, 195, 1036, 1021, 13, 7.79%, 270, 0, 4, 6.34
1747805446, 3, 196, 1036, 1021, 13, 7.79%, 270, 0, 4, 6.89
1747805456, 3, 197, 1036, 1021, 13, 7.79%, 270, 0, 4, 7.15
1747805461, 3, 198, 1036, 1021, 13, 7.79%, 270, 0, 4, 6.86
1747805472, 3, 199, 1036, 1021, 13, 7.79%, 270, 0, 4, 6.34
1747805482, 3, 200, 1036, 1021, 13, 7.79%, 270, 0, 4, 6.33
1747805487, 3, 202, 1036, 1021, 13, 7.79%, 270, 0, 4, 6.55
1747805498, 3, 203, 1036, 1021, 13, 7.79%, 270, 0, 4, 7.01
1747805503, 3, 204, 1036, 1021, 13, 7.79%, 270, 0, 4, 6.45
1747805508, 3, 205, 1036, 1021, 13, 7.79%, 270, 0, 4, 7.46
1747805519, 3, 207, 1036, 1021, 13, 7.79%, 270, 0, 4, 6.25
1747805529, 3, 208, 1036, 1021, 13, 7.79%, 270, 0, 4, 6.52
1747805534, 3, 209, 1036, 1021, 13, 7.79%, 270, 0, 4, 6.70
1747805545, 3, 210, 1036, 1021, 13, 7.79%, 270, 0, 4, 6.63
1747805550, 3, 211, 1036, 1021, 13, 7.79%, 270, 0, 4, 6.42
1747805561, 3, 212, 1036, 1021, 13, 7.79%, 270, 0, 4, 6.65
1747805566, 3, 213, 1036, 1021, 13, 7.79%, 270, 0, 4, 6.37
1747805576, 3, 214, 1036, 1021, 13, 7.79%, 270, 0, 4, 6.79
1747805581, 3, 215, 1036, 1021, 13, 7.79%, 270, 0, 4, 6.68
1747805592, 3, 216, 1036, 1021, 13, 7.79%, 270, 0, 4, 6.02
1747805597, 3, 218, 1036, 1021, 13, 7.79%, 270, 0, 4, 5.97
1747805607, 3, 219, 1036, 1021, 13, 7.79%, 270, 0, 4, 6.82
1747805612, 3, 221, 1036, 1021, 13, 7.79%, 270, 0, 4, 6.62
1747805623, 3, 222, 1036, 1021, 13, 7.79%, 270, 0, 4, 6.75
1747805628, 3, 223, 1036, 1021, 13, 7.79%, 270, 0, 4, 6.78
1747805638, 3, 224, 1036, 1021, 13, 7.79%, 270, 0, 4, 6.69
1747805648, 3, 225, 1036, 1021, 13, 7.79%, 270, 0, 4, 6.36
1747805653, 3, 226, 1036, 1021, 13, 7.79%, 270, 0, 4, 6.35
1747805664, 3, 227, 1036, 1021, 13, 7.79%, 270, 0, 4, 6.54
1747805669, 3, 230, 1036, 1021, 13, 7.79%, 270, 0, 4, 6.39
1747805679, 3, 231, 1036, 1021, 13, 7.79%, 270, 0, 4, 6.41
1747805690, 3, 232, 1036, 1021, 13, 7.79%, 270, 0, 4, 6.56
1747805695, 3, 233, 1036, 1021, 13, 7.79%, 270, 0, 4, 6.42
1747805705, 3, 234, 1036, 1021, 13, 7.79%, 270, 0, 4, 6.16
1747805710, 3, 235, 1036, 1021, 13, 7.79%, 270, 0, 4, 6.30
1747805721, 3, 236, 1036, 1021, 13, 7.79%, 270, 0, 4, 6.31
1747805726, 3, 237, 1036, 1021, 13, 7.79%, 270, 0, 4, 7.11
1747805736, 3, 238, 1036, 1021, 13, 7.79%, 270, 0, 4, 6.45
1747805741, 3, 239, 1036, 1021, 13, 7.79%, 270, 0, 4, 6.52
1747805752, 3, 240, 1036, 1021, 13, 7.79%, 270, 0, 4, 6.46
1747805757, 3, 241, 1036, 1021, 13, 7.79%, 270, 0, 4, 7.04
1747805767, 3, 242, 1036, 1021, 13, 7.79%, 270, 0, 4, 6.48
1747805772, 3, 244, 1036, 1021, 13, 7.79%, 270, 0, 4, 6.34
1747805782, 3, 245, 1036, 1021, 13, 7.79%, 270, 0, 4, 6.86
1747805792, 3, 246, 1036, 1021, 13, 7.79%, 270, 0, 4, 7.03
1747805798, 3, 247, 1036, 1021, 13, 7.79%, 270, 0, 4, 6.97
1747805808, 3, 248, 1036, 1021, 13, 7.79%, 270, 0, 4, 6.45
1747805813, 3, 249, 1036, 1021, 13, 7.79%, 271, 0, 4, 5.64
1747805823, 3, 250, 1036, 1021, 13, 7.79%, 271, 0, 4, 5.83
1747805834, 3, 251, 1036, 1021, 13, 7.79%, 271, 0, 4, 6.66
1747805839, 3, 252, 1036, 1021, 13, 7.79%, 271, 0, 4, 6.44
1747805849, 3, 253, 1036, 1021, 13, 7.79%, 271, 0, 4, 6.81
1747805854, 3, 254, 1036, 1021, 13, 7.79%, 271, 0, 4, 7.43
1747805865, 3, 255, 1036, 1021, 13, 7.79%, 271, 0, 4, 7.29
1747805870, 3, 256, 1036, 1021, 13, 7.79%, 271, 0, 4, 6.95
1747805875, 3, 257, 1036, 1021, 13, 7.79%, 271, 0, 4, 7.73
1747805885, 3, 258, 1036, 1021, 13, 7.79%, 271, 0, 4, 6.50
1747805896, 3, 259, 1036, 1021, 13, 7.79%, 271, 0, 4, 6.90
1747805901, 3, 260, 1036, 1021, 13, 7.79%, 271, 0, 4, 6.89
1747805912, 3, 261, 1036, 1021, 13, 7.79%, 271, 0, 4, 6.68
1747805917, 3, 262, 1036, 1021, 13, 7.79%, 271, 0, 4, 6.59
1747805927, 3, 263, 1036, 1021, 13, 7.79%, 271, 0, 4, 6.93
1747805932, 3, 264, 1036, 1021, 13, 7.79%, 271, 0, 4, 6.10
1747805943, 3, 265, 1036, 1021, 13, 7.79%, 271, 0, 4, 6.77
1747805948, 3, 266, 1036, 1021, 13, 7.79%, 271, 0, 4, 6.35
1747805958, 3, 267, 1036, 1021, 13, 7.79%, 271, 0, 4, 6.39
1747805968, 3, 268, 1036, 1021, 13, 7.79%, 271, 0, 4, 7.05
1747805973, 3, 270, 1036, 1021, 13, 7.79%, 271, 0, 4, 6.22
1747805984, 3, 271, 1036, 1021, 13, 7.79%, 271, 0, 4, 5.63
1747805994, 3, 272, 1036, 1021, 13, 7.79%, 271, 0, 4, 6.42
1747805999, 3, 273, 1036, 1021, 13, 7.79%, 271, 0, 4, 6.38
1747806004, 3, 273, 1036, 1021, 13, 7.79%, 272, 0, 4, 6.30
1747806009, 3, 275, 1036, 1021, 13, 7.79%, 272, 0, 4, 6.76
1747806015, 3, 277, 1036, 1021, 13, 7.79%, 272, 0, 4, 6.16
1747806025, 3, 278, 1036, 1021, 13, 7.79%, 272, 0, 4, 6.25
1747806035, 3, 279, 1036, 1021, 13, 7.79%, 272, 0, 4, 6.55
1747806040, 3, 280, 1036, 1021, 13, 7.79%, 272, 0, 4, 6.78
1747806050, 3, 281, 1036, 1021, 13, 7.79%, 272, 0, 4, 6.65
1747806061, 3, 282, 1036, 1021, 13, 7.79%, 272, 0, 4, 6.20
1747806066, 3, 283, 1036, 1021, 13, 7.79%, 272, 0, 4, 6.87
1747806076, 3, 284, 1036, 1021, 13, 7.79%, 272, 0, 4, 6.42
1747806086, 3, 285, 1036, 1021, 13, 7.79%, 272, 0, 4, 6.56
1747806091, 3, 286, 1036, 1021, 13, 7.79%, 272, 0, 4, 6.38
1747806102, 3, 288, 1036, 1021, 13, 7.79%, 272, 0, 4, 6.62
1747806107, 3, 289, 1036, 1021, 13, 7.79%, 272, 0, 4, 6.81
1747806117, 3, 290, 1036, 1021, 13, 7.79%, 272, 0, 4, 7.15
1747806122, 3, 291, 1036, 1021, 13, 7.79%, 272, 0, 4, 7.33
1747806128, 3, 292, 1036, 1021, 13, 7.79%, 272, 0, 4, 6.74
1747806138, 3, 293, 1036, 1021, 13, 7.79%, 272, 0, 4, 6.41
1747806148, 3, 294, 1036, 1021, 13, 7.79%, 272, 0, 4, 6.28
1747806153, 3, 295, 1036, 1021, 13, 7.79%, 272, 0, 4, 5.81
1747806164, 3, 296, 1036, 1021, 13, 7.79%, 272, 0, 4, 17.07
1747806271, 3, 298, 1036, 1020, 12, 7.79%, 272, 0, 4, 8.07
1747806282, 3, 300, 1036, 1020, 12, 7.79%, 272, 0, 4, 6.37
1747806292, 3, 301, 1036, 1020, 12, 7.79%, 272, 0, 4, 6.74
1747806297, 3, 302, 1036, 1020, 12, 7.79%, 272, 0, 4, 8.89
1747806302, 3, 303, 1036, 1020, 12, 7.79%, 272, 0, 4, 10.51
1747806308, 3, 304, 1036, 1020, 12, 7.79%, 272, 0, 4, 11.04
1747806313, 3, 305, 1036, 1020, 12, 7.79%, 272, 0, 4, 10.13
1747806318, 3, 306, 1036, 1020, 12, 7.79%, 272, 0, 4, 9.93
1747806323, 3, 307, 1036, 1020, 12, 7.79%, 272, 0, 4, 10.09
1747806328, 3, 308, 1036, 1020, 12, 7.79%, 272, 0, 4, 10.82
1747806334, 3, 309, 1036, 1020, 12, 7.79%, 272, 0, 4, 10.87
1747806339, 3, 314, 1036, 1020, 12, 7.79%, 272, 0, 4, 10.31
1747806344, 3, 316, 1036, 1020, 12, 7.79%, 272, 0, 4, 11.45
1747806349, 3, 317, 1036, 1020, 12, 7.79%, 272, 0, 4, 11.18
1747806354, 3, 318, 1036, 1020, 12, 7.79%, 272, 0, 4, 10.63
1747806359, 3, 319, 1036, 1020, 12, 7.79%, 272, 0, 4, 10.52
1747806364, 3, 320, 1036, 1020, 12, 7.79%, 272, 0, 4, 10.40
1747806369, 3, 321, 1036, 1020, 12, 7.79%, 272, 0, 4, 10.70
1747806374, 3, 323, 1036, 1020, 12, 7.79%, 272, 0, 4, 10.45
1747806380, 3, 324, 1036, 1020, 12, 7.79%, 273, 0, 4, 10.94
1747806385, 3, 325, 1036, 1020, 12, 7.79%, 273, 0, 4, 10.77
1747806390, 3, 326, 1036, 1020, 12, 7.79%, 273, 0, 4, 10.63
1747806395, 3, 328, 1036, 1020, 12, 7.79%, 273, 0, 4, 11.15
1747806400, 3, 329, 1036, 1020, 12, 7.79%, 273, 0, 4, 10.81
1747806405, 3, 330, 1036, 1020, 12, 7.79%, 273, 0, 4, 11.03
1747806410, 3, 331, 1036, 1020, 12, 7.79%, 273, 0, 4, 11.17
1747806416, 3, 332, 1036, 1020, 12, 7.79%, 273, 0, 4, 10.89
1747806421, 3, 334, 1036, 1020, 12, 7.79%, 273, 0, 4, 10.55
1747806467, 3, 336, 1036, 1019, 12, 7.79%, 273, 0, 4, 13.38
1747806472, 3, 337, 1036, 1019, 12, 7.79%, 273, 0, 4, 12.01
1747806477, 3, 338, 1037, 1020, 12, 7.79%, 273, 0, 4, 10.72
1747806487, 3, 339, 1037, 1020, 12, 7.79%, 273, 0, 4, 11.25
1747806564, 3, 341, 1037, 1019, 11, 7.79%, 273, 0, 4, 11.96
1747806569, 3, 342, 1037, 1019, 11, 7.79%, 273, 0, 4, 10.91
1747806574, 3, 343, 1037, 1019, 11, 7.79%, 273, 0, 4, 10.89
1747806580, 3, 344, 1037, 1019, 11, 7.79%, 273, 0, 4, 10.97
1747806585, 3, 347, 1037, 1019, 11, 7.79%, 273, 0, 4, 11.01
1747806590, 3, 348, 1038, 1020, 11, 7.79%, 273, 0, 4, 8.16
1747806600, 3, 349, 1038, 1020, 11, 7.79%, 273, 0, 4, 9.21
1747806605, 3, 350, 1038, 1020, 11, 7.79%, 273, 0, 4, 10.69
1747806611, 3, 351, 1038, 1020, 11, 7.79%, 273, 0, 4, 12.19
1747806616, 3, 354, 1038, 1020, 11, 7.79%, 273, 0, 4, 10.90
1747806621, 3, 355, 1038, 1020, 11, 7.79%, 273, 0, 4, 11.53
1747806626, 3, 356, 1038, 1020, 11, 7.79%, 273, 0, 4, 11.40
1747806631, 3, 357, 1038, 1020, 11, 7.79%, 273, 0, 4, 10.26
1747806636, 3, 358, 1038, 1020, 11, 7.79%, 273, 0, 4, 10.36
1747806642, 3, 359, 1038, 1020, 11, 7.79%, 273, 0, 4, 10.30
1747806647, 3, 360, 1038, 1020, 11, 7.79%, 273, 0, 4, 10.95
1747806652, 3, 361, 1038, 1020, 11, 7.79%, 273, 0, 4, 11.19
1747806657, 3, 363, 1038, 1020, 11, 7.79%, 273, 0, 4, 11.15
1747806662, 3, 364, 1038, 1020, 11, 7.79%, 273, 0, 4, 11.06
1747806667, 3, 365, 1038, 1020, 11, 7.79%, 273, 0, 4, 10.07
1747806672, 3, 366, 1038, 1020, 11, 7.79%, 273, 0, 4, 10.61
1747806677, 3, 367, 1038, 1020, 11, 7.79%, 273, 0, 4, 10.41
1747806683, 3, 368, 1038, 1020, 11, 7.79%, 273, 0, 4, 9.69
1747806688, 3, 369, 1038, 1020, 11, 7.79%, 273, 0, 4, 10.62
1747806693, 3, 370, 1038, 1020, 11, 7.79%, 273, 0, 4, 10.61
1747806698, 3, 371, 1038, 1020, 11, 7.79%, 273, 0, 4, 10.87
1747806703, 3, 374, 1038, 1020, 11, 7.79%, 273, 0, 4, 10.84
1747806708, 3, 375, 1038, 1020, 11, 7.79%, 273, 0, 4, 10.50
1747806713, 3, 376, 1038, 1020, 11, 7.79%, 273, 0, 4, 10.74
1747806718, 3, 377, 1038, 1020, 11, 7.79%, 273, 0, 4, 10.58
1747806724, 3, 378, 1038, 1020, 11, 7.79%, 273, 0, 4, 11.07
1747806729, 3, 379, 1038, 1020, 11, 7.79%, 273, 0, 4, 11.55
1747806734, 3, 380, 1038, 1020, 11, 7.79%, 273, 0, 4, 11.25
1747806739, 3, 381, 1038, 1020, 11, 7.79%, 273, 0, 4, 10.46
1747806744, 3, 383, 1038, 1020, 11, 7.79%, 273, 0, 4, 10.41
1747806749, 3, 384, 1038, 1020, 11, 7.79%, 273, 0, 4, 11.75
1747806754, 3, 386, 1038, 1020, 11, 7.79%, 273, 0, 4, 11.26
1747806759, 3, 388, 1038, 1020, 11, 7.79%, 273, 0, 4, 11.41
1747806765, 3, 390, 1038, 1020, 11, 7.79%, 273, 0, 4, 10.62
1747806770, 3, 392, 1038, 1020, 11, 7.79%, 273, 0, 4, 10.59
1747806775, 3, 394, 1038, 1020, 11, 7.79%, 273, 0, 4, 10.97
1747806780, 3, 395, 1038, 1020, 11, 7.79%, 273, 0, 4, 10.39
1747806785, 3, 396, 1038, 1020, 11, 7.79%, 273, 0, 4, 10.63
1747806790, 3, 397, 1038, 1020, 11, 7.79%, 273, 0, 4, 11.63
1747806795, 3, 398, 1038, 1020, 11, 7.79%, 273, 0, 4, 10.81
1747806801, 3, 399, 1038, 1020, 11, 7.79%, 273, 0, 4, 10.13
1747806806, 3, 401, 1038, 1020, 11, 7.79%, 273, 0, 4, 11.35
1747806811, 3, 403, 1038, 1020, 11, 7.79%, 273, 0, 4, 11.25
1747806816, 3, 405, 1038, 1020, 11, 7.79%, 273, 0, 4, 10.76
1747806821, 3, 406, 1038, 1020, 11, 7.79%, 273, 0, 4, 11.10
1747806826, 3, 407, 1038, 1020, 11, 7.79%, 273, 0, 4, 10.78
1747806831, 3, 408, 1038, 1020, 11, 7.79%, 273, 0, 4, 10.80
1747806837, 3, 409, 1038, 1020, 11, 7.79%, 273, 0, 4, 9.99
1747806842, 3, 410, 1038, 1020, 11, 7.79%, 273, 0, 4, 10.29
1747806847, 3, 411, 1038, 1020, 11, 7.79%, 273, 0, 4, 9.72
1747806852, 3, 413, 1038, 1020, 11, 7.79%, 273, 0, 4, 10.16
1747806857, 3, 414, 1038, 1020, 11, 7.79%, 273, 0, 4, 10.75
1747806862, 3, 415, 1038, 1020, 11, 7.79%, 273, 0, 4, 10.96
1747806867, 3, 416, 1038, 1020, 11, 7.79%, 273, 0, 4, 11.38
1747806873, 3, 417, 1038, 1020, 11, 7.79%, 273, 0, 4, 11.19
1747806878, 3, 419, 1038, 1020, 11, 7.79%, 273, 0, 4, 9.33
1747806883, 3, 420, 1038, 1020, 11, 7.79%, 273, 0, 4, 7.89
1747806893, 3, 421, 1038, 1020, 11, 7.79%, 273, 0, 4, 6.04
1747806903, 3, 423, 1038, 1020, 11, 7.79%, 273, 0, 4, 6.22
1747806908, 3, 424, 1038, 1020, 11, 7.79%, 273, 0, 4, 7.06
1747806918, 3, 425, 1038, 1020, 11, 7.79%, 273, 0, 4, 6.07
1747806924, 3, 427, 1039, 1021, 11, 7.79%, 273, 0, 4, 6.96
1747806945, 3, 429, 1039, 1021, 11, 7.79%, 273, 0, 4, 6.41
1747806950, 3, 430, 1040, 1022, 11, 7.79%, 273, 0, 4, 6.12
1747806970, 3, 431, 1040, 1022, 11, 7.79%, 273, 0, 4, 6.63
1747806981, 3, 432, 1040, 1022, 11, 7.79%, 273, 0, 4, 7.02
1747806986, 3, 434, 1040, 1022, 11, 7.79%, 273, 0, 4, 6.64
1747806996, 3, 435, 1040, 1022, 11, 7.79%, 273, 0, 4, 5.97
1747807001, 3, 437, 1040, 1022, 11, 7.79%, 273, 0, 4, 6.63
1747807012, 3, 438, 1040, 1022, 11, 7.79%, 273, 0, 4, 5.83
1747807022, 3, 439, 1040, 1022, 11, 7.79%, 273, 0, 4, 6.92
1747807027, 3, 440, 1040, 1022, 11, 7.79%, 273, 0, 4, 6.89
1747807037, 3, 441, 1040, 1022, 11, 7.79%, 273, 0, 4, 6.69
1747807042, 3, 442, 1040, 1022, 11, 7.79%, 273, 0, 4, 6.31
1747807052, 3, 443, 1040, 1022, 11, 7.79%, 273, 0, 4, 6.32
1747807058, 3, 445, 1040, 1022, 11, 7.79%, 273, 0, 4, 6.34
1747807068, 3, 446, 1040, 1022, 11, 7.79%, 273, 0, 4, 6.14
1747807078, 3, 447, 1040, 1022, 11, 7.79%, 273, 0, 4, 6.08
1747807083, 3, 448, 1040, 1022, 11, 7.79%, 273, 0, 4, 6.61
1747807093, 3, 449, 1040, 1022, 11, 7.79%, 273, 0, 4, 6.08
1747807104, 3, 450, 1040, 1022, 11, 7.79%, 273, 0, 4, 6.20
1747807109, 3, 451, 1040, 1022, 11, 7.79%, 273, 0, 4, 6.35
1747807114, 3, 452, 1040, 1022, 11, 7.79%, 273, 0, 4, 7.08
1747807125, 3, 453, 1040, 1022, 11, 7.79%, 273, 0, 4, 6.38
1747807130, 3, 454, 1040, 1022, 11, 7.79%, 273, 0, 4, 6.92
1747807140, 3, 455, 1040, 1022, 11, 7.79%, 273, 0, 4, 6.06
1747807150, 3, 457, 1040, 1022, 11, 7.79%, 273, 0, 4, 6.62
1747807156, 3, 458, 1040, 1022, 11, 7.79%, 273, 0, 4, 5.96
1747807166, 3, 459, 1040, 1022, 11, 7.79%, 273, 0, 4, 6.61
1747807171, 3, 461, 1040, 1022, 11, 7.79%, 273, 0, 4, 6.84
1747807181, 3, 462, 1040, 1022, 11, 7.79%, 273, 0, 4, 6.98
1747807186, 3, 463, 1040, 1022, 11, 7.79%, 273, 0, 4, 6.92
1747807197, 3, 464, 1040, 1022, 11, 7.79%, 273, 0, 4, 6.41
1747807207, 3, 465, 1040, 1022, 11, 7.79%, 273, 0, 4, 6.38
1747807212, 3, 466, 1040, 1022, 11, 7.79%, 273, 0, 4, 6.83
1747807222, 3, 467, 1040, 1022, 11, 7.79%, 273, 0, 4, 6.49
1747807227, 3, 468, 1040, 1022, 11, 7.79%, 273, 0, 4, 7.04
1747807238, 3, 469, 1040, 1022, 11, 7.79%, 273, 0, 4, 6.24
1747807248, 3, 470, 1040, 1022, 11, 7.79%, 273, 0, 4, 6.25
1747807253, 3, 471, 1040, 1022, 11, 7.79%, 273, 0, 4, 6.38
1747807264, 3, 472, 1040, 1022, 11, 7.79%, 273, 0, 4, 6.10
1747807269, 3, 473, 1040, 1022, 11, 7.79%, 273, 0, 4, 6.70
1747807279, 3, 474, 1040, 1022, 11, 7.79%, 273, 0, 4, 6.56
1747807284, 3, 475, 1040, 1022, 11, 7.79%, 273, 0, 4, 6.83
1747807294, 3, 476, 1040, 1022, 11, 7.79%, 273, 0, 4, 6.27
1747807300, 3, 477, 1040, 1022, 11, 7.79%, 273, 0, 4, 6.94
1747807310, 3, 478, 1040, 1022, 11, 7.79%, 273, 0, 4, 6.61
1747807315, 3, 479, 1040, 1022, 11, 7.79%, 273, 0, 4, 6.25
1747807325, 3, 480, 1040, 1022, 11, 7.79%, 273, 0, 4, 6.41
1747807336, 3, 481, 1040, 1022, 11, 7.79%, 273, 0, 4, 6.40
1747807341, 3, 482, 1040, 1022, 11, 7.79%, 273, 0, 4, 6.54
1747807352, 3, 483, 1040, 1022, 11, 7.79%, 273, 0, 4, 6.18
1747807357, 3, 484, 1040, 1022, 11, 7.79%, 273, 0, 4, 6.62
1747807367, 3, 485, 1040, 1022, 11, 7.79%, 273, 0, 4, 6.61
1747807373, 3, 486, 1040, 1022, 11, 7.79%, 273, 0, 4, 6.71
1747807383, 3, 487, 1040, 1022, 11, 7.79%, 273, 0, 4, 6.42
1747807388, 3, 488, 1040, 1022, 11, 7.79%, 273, 0, 4, 6.80
1747807398, 3, 489, 1040, 1022, 11, 7.79%, 273, 0, 4, 6.60
1747807403, 3, 490, 1040, 1022, 11, 7.79%, 273, 0, 4, 6.60
1747807409, 3, 490, 1041, 1023, 11, 7.79%, 273, 0, 4, 6.54
1747807424, 3, 491, 1041, 1023, 11, 7.79%, 273, 0, 4, 7.17
1747807429, 3, 492, 1041, 1023, 11, 7.79%, 273, 0, 4, 7.22
1747807439, 3, 493, 1041, 1023, 11, 7.79%, 273, 0, 4, 7.29
1747807445, 3, 494, 1041, 1023, 11, 7.79%, 273, 0, 4, 7.07
1747807455, 3, 495, 1041, 1023, 11, 7.79%, 273, 0, 4, 6.99
1747807460, 3, 497, 1041, 1023, 11, 7.79%, 273, 0, 4, 6.22
1747807470, 3, 498, 1041, 1023, 11, 7.79%, 273, 0, 4, 6.06
1747807475, 3, 499, 1041, 1023, 11, 7.79%, 273, 0, 4, 6.89
1747807486, 3, 501, 1041, 1023, 11, 7.79%, 273, 0, 4, 6.64
1747807491, 3, 502, 1041, 1023, 11, 7.79%, 273, 0, 4, 6.26
1747807501, 3, 504, 1041, 1023, 11, 7.79%, 273, 0, 4, 7.35
1747807506, 3, 505, 1041, 1023, 11, 7.79%, 273, 0, 4, 6.83
1747807517, 3, 506, 1041, 1023, 11, 7.79%, 273, 0, 4, 6.45
1747807522, 3, 507, 1041, 1023, 11, 7.79%, 273, 0, 4, 6.03
1747807533, 3, 509, 1041, 1023, 11, 7.79%, 273, 0, 4, 6.11
1747807543, 3, 511, 1041, 1023, 11, 7.79%, 273, 0, 4, 6.27
1747807548, 3, 512, 1041, 1023, 11, 7.79%, 273, 0, 4, 6.25
1747807558, 3, 515, 1041, 1023, 11, 7.79%, 273, 0, 4, 7.27
1747807563, 3, 517, 1041, 1023, 11, 7.79%, 273, 0, 4, 7.15
1747807574, 3, 518, 1041, 1023, 11, 7.79%, 273, 0, 4, 6.72
1747807579, 3, 519, 1041, 1023, 11, 7.79%, 273, 0, 4, 7.02
1747807589, 3, 520, 1041, 1023, 11, 7.79%, 273, 0, 4, 6.40
1747807594, 3, 521, 1041, 1023, 11, 7.79%, 273, 0, 4, 6.39
1747807605, 3, 522, 1041, 1023, 11, 7.79%, 273, 0, 4, 6.51
1747807610, 3, 526, 1041, 1023, 11, 7.79%, 273, 0, 4, 6.31
1747807615, 3, 527, 1041, 1023, 11, 7.79%, 273, 0, 4, 9.40
1747807620, 3, 528, 1041, 1023, 11, 7.79%, 273, 0, 4, 10.24
1747807625, 3, 529, 1041, 1023, 11, 7.79%, 273, 0, 4, 10.69
1747807630, 3, 530, 1041, 1023, 11, 7.79%, 273, 0, 4, 10.12
1747807636, 3, 530, 1042, 1024, 11, 7.79%, 273, 0, 4, 11.29
1747807641, 3, 531, 1042, 1024, 11, 7.79%, 273, 0, 4, 10.62
1747807646, 3, 533, 1042, 1024, 11, 7.79%, 273, 0, 4, 10.83
1747807651, 3, 534, 1042, 1024, 11, 7.79%, 273, 0, 4, 9.87
1747807657, 3, 535, 1042, 1024, 11, 7.79%, 273, 0, 4, 10.69
1747807662, 3, 536, 1042, 1024, 11, 7.79%, 273, 0, 4, 11.38
1747807667, 3, 537, 1042, 1024, 11, 7.79%, 273, 0, 4, 11.32
1747807672, 3, 538, 1042, 1024, 11, 7.79%, 273, 0, 4, 10.84
1747807677, 3, 539, 1042, 1024, 11, 7.79%, 273, 0, 4, 10.28
1747807682, 3, 540, 1042, 1024, 11, 7.79%, 273, 0, 4, 9.93
1747807687, 3, 541, 1042, 1024, 11, 7.79%, 273, 0, 4, 9.91
1747807693, 3, 542, 1042, 1024, 11, 7.79%, 273, 0, 4, 10.00
1747807698, 3, 543, 1042, 1024, 11, 7.79%, 273, 0, 4, 10.22
1747807703, 3, 544, 1042, 1024, 11, 7.79%, 274, 0, 4, 9.99
1747807708, 3, 545, 1042, 1024, 11, 7.79%, 275, 0, 4, 10.07
1747807713, 3, 547, 1042, 1024, 11, 7.79%, 275, 0, 4, 10.06
1747807718, 3, 548, 1042, 1024, 11, 7.79%, 275, 0, 4, 9.98
1747807724, 3, 550, 1042, 1024, 11, 7.79%, 275, 0, 4, 10.12
1747807729, 3, 554, 1042, 1024, 11, 7.79%, 275, 0, 4, 10.80
1747807734, 3, 555, 1042, 1024, 11, 7.79%, 275, 0, 4, 9.96
1747807739, 3, 556, 1043, 1025, 11, 7.79%, 275, 0, 4, 9.89
1747807749, 3, 557, 1043, 1025, 12, 7.79%, 275, 0, 4, 10.82
1747807754, 3, 558, 1043, 1025, 12, 7.79%, 275, 0, 4, 11.12
1747807759, 3, 560, 1043, 1025, 12, 7.79%, 275, 0, 4, 10.94
1747807764, 3, 561, 1043, 1025, 12, 7.79%, 275, 0, 4, 10.41
1747807769, 3, 562, 1043, 1025, 12, 7.79%, 275, 0, 4, 11.15
1747807774, 3, 565, 1043, 1025, 12, 7.79%, 275, 0, 4, 11.04
1747807780, 3, 566, 1043, 1025, 12, 7.79%, 275, 0, 4, 10.76
1747807785, 3, 567, 1043, 1025, 12, 7.79%, 275, 0, 4, 11.48
1747807790, 3, 568, 1043, 1025, 12, 7.79%, 275, 0, 4, 11.47
1747807795, 3, 569, 1043, 1025, 12, 7.79%, 275, 0, 4, 10.36
1747807800, 3, 570, 1043, 1025, 12, 7.79%, 275, 0, 4, 10.98
1747807805, 3, 571, 1043, 1025, 12, 7.79%, 275, 0, 4, 10.30
1747807810, 3, 573, 1043, 1025, 12, 7.79%, 275, 0, 4, 10.35
1747807816, 3, 574, 1043, 1025, 12, 7.79%, 275, 0, 4, 10.26
1747807821, 3, 575, 1043, 1025, 12, 7.79%, 275, 0, 4, 10.83
1747807826, 3, 576, 1043, 1025, 12, 7.79%, 275, 0, 4, 10.89
1747807831, 3, 579, 1043, 1025, 12, 7.79%, 275, 0, 4, 11.14
1747807836, 3, 581, 1043, 1025, 12, 7.79%, 275, 0, 4, 10.29
1747807841, 3, 582, 1043, 1025, 12, 7.79%, 275, 0, 4, 10.43
1747807851, 3, 583, 1043, 1025, 12, 7.79%, 275, 0, 4, 9.59
1747807857, 3, 586, 1043, 1025, 12, 7.79%, 275, 0, 4, 10.57
1747807867, 3, 588, 1043, 1025, 12, 7.79%, 275, 0, 4, 10.74
1747807872, 3, 589, 1043, 1025, 12, 7.79%, 275, 0, 4, 11.09
1747807877, 3, 590, 1043, 1025, 12, 7.79%, 275, 0, 4, 10.61
1747807882, 3, 591, 1043, 1025, 12, 7.79%, 275, 0, 4, 10.31
1747807887, 3, 592, 1043, 1025, 12, 7.79%, 275, 0, 4, 11.33
1747807892, 3, 594, 1043, 1025, 12, 7.79%, 275, 0, 4, 11.07
1747807898, 3, 597, 1043, 1025, 12, 7.79%, 275, 0, 4, 10.76
1747807903, 3, 599, 1043, 1025, 12, 7.79%, 275, 0, 4, 10.68
1747807908, 3, 602, 1043, 1025, 12, 7.79%, 275, 0, 4, 10.04
1747807913, 3, 603, 1043, 1025, 12, 7.79%, 275, 0, 4, 9.79
1747807918, 3, 604, 1043, 1025, 12, 7.79%, 275, 0, 4, 11.10
1747807923, 3, 605, 1043, 1025, 12, 7.79%, 275, 0, 4, 10.80
1747807928, 3, 606, 1043, 1025, 12, 7.79%, 275, 0, 4, 11.18
1747807934, 3, 607, 1043, 1025, 12, 7.79%, 275, 0, 4, 10.93
1747807939, 3, 609, 1043, 1025, 12, 7.79%, 275, 0, 4, 10.88
1747807944, 3, 610, 1043, 1025, 12, 7.79%, 275, 0, 4, 10.70
1747807949, 3, 611, 1043, 1025, 12, 7.79%, 275, 0, 4, 10.29
1747807954, 3, 612, 1043, 1025, 12, 7.79%, 275, 0, 4, 10.08
1747807959, 3, 614, 1043, 1025, 12, 7.79%, 275, 0, 4, 9.93
1747807964, 3, 615, 1044, 1026, 12, 7.79%, 275, 0, 4, 7.38
1747807974, 3, 616, 1044, 1026, 12, 7.79%, 275, 0, 4, 9.99
1747807979, 3, 617, 1044, 1026, 12, 7.79%, 275, 0, 4, 10.04
1747807984, 3, 619, 1044, 1026, 12, 7.79%, 275, 0, 4, 10.94
1747807989, 3, 620, 1044, 1026, 12, 7.79%, 275, 0, 4, 10.95
1747807995, 3, 621, 1044, 1026, 12, 7.79%, 275, 0, 4, 10.77
1747808000, 3, 622, 1044, 1026, 12, 7.79%, 275, 0, 4, 11.26
1747808005, 3, 623, 1044, 1026, 12, 7.79%, 275, 0, 4, 10.92
1747808010, 3, 624, 1044, 1026, 12, 7.79%, 275, 0, 4, 10.96
1747808015, 3, 625, 1044, 1026, 12, 7.79%, 275, 0, 4, 11.02
1747808020, 3, 628, 1044, 1026, 12, 7.79%, 275, 0, 4, 11.93
1747808025, 3, 630, 1044, 1026, 12, 7.79%, 275, 0, 4, 11.07
1747808031, 3, 631, 1044, 1026, 12, 7.79%, 275, 0, 4, 11.33
1747808036, 3, 632, 1044, 1026, 12, 7.79%, 275, 0, 4, 11.27
1747808041, 3, 633, 1044, 1026, 12, 7.79%, 275, 0, 4, 10.27
1747808046, 3, 635, 1044, 1026, 12, 7.79%, 275, 0, 4, 7.50
1747808056, 3, 636, 1044, 1026, 12, 7.79%, 275, 0, 4, 6.42
1747808066, 3, 637, 1044, 1026, 12, 7.79%, 275, 0, 4, 5.99
1747808071, 3, 638, 1044, 1026, 12, 7.79%, 275, 0, 4, 6.29
1747808082, 3, 639, 1044, 1026, 12, 7.79%, 275, 0, 4, 6.61
1747808087, 3, 640, 1044, 1026, 12, 7.79%, 275, 0, 4, 6.22
1747808097, 3, 644, 1044, 1026, 12, 7.79%, 275, 0, 4, 6.60
1747808107, 3, 646, 1044, 1026, 12, 7.79%, 275, 0, 4, 5.87
1747808113, 3, 647, 1044, 1026, 12, 7.79%, 275, 0, 4, 5.94
1747808123, 3, 649, 1044, 1026, 12, 7.79%, 275, 0, 4, 6.51
1747808133, 3, 650, 1044, 1026, 12, 7.79%, 275, 0, 4, 6.38
1747808138, 3, 651, 1044, 1026, 12, 7.79%, 275, 0, 4, 6.84
1747808149, 3, 652, 1044, 1026, 12, 7.79%, 275, 0, 4, 6.97
1747808154, 3, 653, 1044, 1026, 12, 7.79%, 275, 0, 4, 6.62
1747808164, 3, 655, 1044, 1026, 12, 7.79%, 275, 0, 4, 6.54
1747808169, 3, 656, 1044, 1026, 12, 7.79%, 275, 0, 4, 6.40
1747808179, 3, 657, 1044, 1026, 12, 7.79%, 275, 0, 4, 7.20
1747808185, 3, 659, 1044, 1026, 12, 7.79%, 275, 0, 4, 6.52
1747808195, 3, 660, 1044, 1026, 12, 7.79%, 275, 0, 4, 6.81
1747808200, 3, 661, 1044, 1026, 12, 7.79%, 275, 0, 4, 7.09
1747808210, 3, 662, 1044, 1026, 12, 7.79%, 275, 0, 4, 6.79
1747808215, 3, 663, 1044, 1026, 12, 7.79%, 275, 0, 4, 6.40
1747808225, 3, 664, 1044, 1026, 12, 7.79%, 275, 0, 4, 6.82
1747808231, 3, 665, 1044, 1026, 12, 7.79%, 275, 0, 4, 6.74
1747808241, 3, 666, 1044, 1026, 12, 7.79%, 275, 0, 4, 6.42
1747808246, 3, 668, 1044, 1026, 12, 7.79%, 275, 0, 4, 7.01
1747808256, 3, 669, 1044, 1026, 12, 7.79%, 275, 0, 4, 6.80
1747808267, 3, 670, 1044, 1026, 12, 7.79%, 275, 0, 4, 6.33
1747808272, 3, 671, 1044, 1026, 12, 7.79%, 275, 0, 4, 6.30
1747808282, 3, 672, 1044, 1026, 12, 7.79%, 275, 0, 4, 6.63
1747808288, 3, 673, 1044, 1026, 12, 7.79%, 275, 0, 4, 6.87
1747808298, 3, 674, 1044, 1026, 12, 7.79%, 275, 0, 4, 6.47
1747808308, 3, 675, 1044, 1026, 12, 7.79%, 275, 0, 4, 5.28
1747808313, 3, 676, 1044, 1026, 12, 7.79%, 275, 0, 4, 6.38
1747808324, 3, 677, 1044, 1026, 12, 7.79%, 275, 0, 4, 7.00
1747808329, 3, 678, 1044, 1026, 12, 7.79%, 275, 0, 4, 6.43
1747808339, 3, 679, 1044, 1026, 12, 7.79%, 275, 0, 4, 5.93
1747808345, 3, 680, 1044, 1026, 12, 7.79%, 275, 0, 4, 6.86
1747808355, 3, 682, 1044, 1026, 12, 7.79%, 275, 0, 4, 7.01
1747808360, 3, 683, 1044, 1026, 12, 7.79%, 275, 0, 4, 6.73
1747808371, 3, 684, 1044, 1026, 12, 7.79%, 275, 0, 4, 6.94
1747808376, 3, 685, 1044, 1026, 12, 7.79%, 275, 0, 4, 6.48
1747808386, 3, 686, 1044, 1026, 12, 7.79%, 275, 0, 4, 6.34
1747808391, 3, 687, 1044, 1026, 12, 7.79%, 275, 0, 4, 6.23
1747808402, 3, 688, 1044, 1026, 12, 7.79%, 275, 0, 4, 6.45
1747808412, 3, 690, 1044, 1026, 12, 7.79%, 275, 0, 4, 6.30
1747808418, 3, 691, 1044, 1026, 12, 7.79%, 275, 0, 4, 6.16
1747808428, 3, 692, 1044, 1026, 12, 7.79%, 275, 0, 4, 7.08
1747808433, 3, 693, 1044, 1026, 12, 7.79%, 275, 0, 4, 7.23
1747808443, 3, 695, 1044, 1026, 12, 7.79%, 275, 0, 4, 6.86
1747808448, 3, 697, 1044, 1026, 12, 7.79%, 275, 0, 4, 6.67
1747808459, 3, 698, 1044, 1026, 12, 7.79%, 275, 0, 4, 6.75
1747808464, 3, 700, 1044, 1026, 12, 7.79%, 275, 0, 4, 7.01
1747808474, 3, 701, 1044, 1026, 12, 7.79%, 275, 0, 4, 6.70
1747808479, 3, 703, 1044, 1026, 12, 7.79%, 275, 0, 4, 6.91
1747808490, 3, 704, 1044, 1026, 12, 7.79%, 275, 0, 4, 7.13
1747808495, 3, 705, 1044, 1026, 12, 7.79%, 275, 0, 4, 6.91
1747808505, 3, 706, 1044, 1026, 12, 7.79%, 275, 0, 4, 6.23
1747808510, 3, 707, 1044, 1026, 12, 7.79%, 275, 0, 4, 6.42
1747808521, 3, 708, 1044, 1026, 12, 7.79%, 275, 0, 4, 6.14
1747808531, 3, 709, 1044, 1026, 12, 7.79%, 275, 0, 4, 6.47
1747808536, 3, 710, 1044, 1026, 12, 7.79%, 275, 0, 4, 5.84
1747808547, 3, 711, 1044, 1026, 12, 7.79%, 275, 0, 4, 6.11
1747808557, 3, 712, 1044, 1026, 12, 7.79%, 275, 0, 4, 6.06
1747808562, 3, 713, 1044, 1026, 12, 7.79%, 275, 0, 4, 6.84
1747808572, 3, 715, 1044, 1026, 12, 7.79%, 275, 0, 4, 6.68
1747808577, 3, 716, 1044, 1026, 12, 7.79%, 275, 0, 4, 6.99
1747808588, 3, 717, 1044, 1026, 12, 7.79%, 275, 0, 4, 6.76
1747808593, 3, 718, 1044, 1026, 12, 7.79%, 275, 0, 4, 7.01
1747808603, 3, 719, 1044, 1026, 12, 7.79%, 275, 0, 4, 6.86
1747808608, 3, 721, 1044, 1026, 12, 7.79%, 275, 0, 4, 6.15
1747808619, 3, 723, 1044, 1026, 12, 7.79%, 275, 0, 4, 6.74
1747808624, 3, 724, 1044, 1026, 12, 7.79%, 275, 0, 4, 7.34
1747808634, 3, 725, 1044, 1026, 12, 7.79%, 275, 0, 4, 6.54
1747808639, 3, 726, 1044, 1026, 12, 7.79%, 275, 0, 4, 6.56
1747808649, 3, 727, 1044, 1026, 12, 7.79%, 275, 0, 4, 5.84
1747808660, 3, 730, 1044, 1026, 12, 7.79%, 275, 0, 4, 5.98
1747808670, 3, 731, 1044, 1026, 12, 7.79%, 275, 0, 4, 6.34
1747808675, 3, 732, 1044, 1026, 12, 7.79%, 275, 0, 4, 6.61
1747808685, 3, 733, 1044, 1026, 12, 7.79%, 275, 0, 4, 6.17
1747808691, 3, 734, 1044, 1026, 12, 7.79%, 275, 0, 4, 6.13
1747808701, 3, 735, 1044, 1026, 12, 7.79%, 275, 0, 4, 7.06
1747808706, 3, 736, 1044, 1026, 12, 7.79%, 275, 0, 4, 7.07
1747808716, 3, 737, 1044, 1026, 12, 7.79%, 275, 0, 4, 6.78
1747808721, 3, 738, 1044, 1026, 12, 7.79%, 275, 0, 4, 6.82
1747808732, 3, 739, 1044, 1026, 12, 7.79%, 275, 0, 4, 6.65
1747808737, 3, 740, 1044, 1026, 12, 7.79%, 275, 0, 4, 6.77
1747808748, 3, 743, 1044, 1026, 12, 7.79%, 275, 0, 4, 6.93
1747808753, 3, 744, 1044, 1026, 12, 7.79%, 275, 0, 4, 6.86
1747808763, 3, 746, 1044, 1026, 12, 7.79%, 275, 0, 4, 6.59
1747808768, 3, 747, 1044, 1026, 12, 7.79%, 275, 0, 4, 7.34
1747808773, 3, 750, 1044, 1026, 12, 7.79%, 275, 0, 4, 7.76
1747808784, 3, 751, 1044, 1026, 12, 7.79%, 275, 0, 4, 6.57
1747808794, 3, 752, 1044, 1026, 12, 7.79%, 275, 0, 4, 6.68
1747808799, 3, 753, 1044, 1026, 12, 7.79%, 275, 0, 4, 6.79
1747808809, 3, 754, 1044, 1026, 12, 7.79%, 275, 0, 4, 6.60
1747808815, 3, 755, 1044, 1026, 12, 7.79%, 275, 0, 4, 6.27
1747808825, 3, 756, 1044, 1026, 12, 7.79%, 275, 0, 4, 6.56
1747808830, 3, 757, 1044, 1026, 12, 7.79%, 275, 0, 4, 5.92
1747808840, 3, 758, 1044, 1026, 12, 7.79%, 275, 0, 4, 7.24
1747808846, 3, 760, 1044, 1026, 12, 7.79%, 275, 0, 4, 6.88
1747808857, 3, 761, 1044, 1026, 12, 7.79%, 275, 0, 4, 6.63
1747808862, 3, 762, 1044, 1026, 12, 7.79%, 275, 0, 4, 6.28
1747808872, 3, 763, 1044, 1026, 12, 7.79%, 275, 0, 4, 6.13
1747808883, 3, 764, 1044, 1026, 12, 7.79%, 275, 0, 4, 6.31
1747808888, 3, 767, 1044, 1026, 12, 7.79%, 275, 0, 4, 6.80
1747808898, 3, 768, 1044, 1026, 12, 7.79%, 275, 0, 4, 6.41
1747808903, 3, 771, 1044, 1026, 12, 7.79%, 275, 0, 4, 6.91
1747808914, 3, 772, 1044, 1026, 12, 7.79%, 275, 0, 4, 7.00
1747808919, 3, 773, 1044, 1026, 12, 7.79%, 275, 0, 4, 6.62
1747808929, 3, 775, 1044, 1026, 12, 7.79%, 275, 0, 4, 7.93
1747808934, 3, 776, 1044, 1026, 12, 7.79%, 275, 0, 4, 7.15
1747808940, 3, 777, 1044, 1026, 12, 7.79%, 275, 0, 4, 6.84
1747808950, 3, 779, 1044, 1026, 12, 7.79%, 275, 0, 4, 6.62
1747808960, 3, 780, 1044, 1026, 12, 7.79%, 275, 0, 4, 7.28
1747808965, 3, 781, 1044, 1026, 12, 7.79%, 275, 0, 4, 6.64
1747808976, 3, 782, 1044, 1026, 12, 7.79%, 275, 0, 4, 5.72
1747808981, 3, 783, 1044, 1026, 12, 7.79%, 275, 0, 4, 6.34
1747808991, 3, 784, 1044, 1026, 12, 7.79%, 275, 0, 4, 6.73
1747808996, 3, 785, 1044, 1026, 12, 7.79%, 275, 0, 4, 6.31
1747809007, 3, 786, 1044, 1026, 12, 7.79%, 275, 0, 4, 6.59
1747809017, 3, 788, 1044, 1026, 12, 7.79%, 275, 0, 4, 6.57
1747809022, 3, 789, 1044, 1026, 12, 7.79%, 275, 0, 4, 6.50
1747809032, 3, 790, 1044, 1026, 12, 7.79%, 275, 0, 4, 6.48
1747809038, 3, 791, 1044, 1026, 12, 7.79%, 275, 0, 4, 6.13
1747809048, 3, 792, 1044, 1026, 12, 7.79%, 275, 0, 4, 6.46
1747809053, 3, 793, 1044, 1026, 12, 7.79%, 275, 0, 4, 6.40
1747809063, 3, 794, 1044, 1026, 12, 7.79%, 275, 0, 4, 6.57
1747809074, 3, 795, 1044, 1026, 12, 7.79%, 275, 0, 4, 6.00
1747809079, 3, 796, 1044, 1026, 12, 7.79%, 275, 0, 4, 6.78
1747809089, 3, 797, 1044, 1026, 12, 7.79%, 275, 0, 4, 6.90
1747809094, 3, 798, 1044, 1026, 12, 7.79%, 275, 0, 4, 6.48
1747809105, 3, 799, 1044, 1026, 12, 7.79%, 275, 0, 4, 6.50
1747809110, 3, 800, 1044, 1026, 12, 7.79%, 275, 0, 4, 6.40
1747809120, 3, 801, 1044, 1026, 12, 7.79%, 275, 0, 4, 6.79
1747809125, 3, 802, 1044, 1026, 12, 7.79%, 275, 0, 4, 6.95
1747809136, 3, 805, 1044, 1026, 12, 7.79%, 275, 0, 4, 6.75
1747809146, 3, 806, 1044, 1026, 12, 7.79%, 275, 0, 4, 5.96
1747809151, 3, 807, 1044, 1026, 12, 7.79%, 275, 0, 4, 6.66
1747809161, 3, 808, 1044, 1026, 12, 7.79%, 275, 0, 4, 6.20
1747809171, 3, 811, 1044, 1026, 12, 7.79%, 275, 0, 4, 6.09
1747809177, 3, 812, 1044, 1026, 12, 7.79%, 275, 0, 4, 6.22
1747809187, 3, 813, 1044, 1026, 12, 7.79%, 275, 0, 4, 6.51
1747809192, 3, 814, 1044, 1026, 12, 7.79%, 275, 0, 4, 6.82
1747809202, 3, 815, 1044, 1026, 12, 7.79%, 275, 0, 4, 6.65
1747809207, 3, 816, 1044, 1026, 12, 7.79%, 275, 0, 4, 6.49
1747809218, 3, 817, 1044, 1026, 12, 7.79%, 275, 0, 4, 7.02
1747809223, 3, 818, 1044, 1026, 12, 7.79%, 275, 0, 4, 6.84
1747809234, 3, 819, 1044, 1026, 12, 7.79%, 275, 0, 4, 6.65
1747809239, 3, 820, 1044, 1026, 12, 7.79%, 275, 0, 4, 6.41
1747809249, 3, 821, 1044, 1026, 12, 7.79%, 275, 0, 4, 6.86
1747809259, 3, 822, 1044, 1026, 12, 7.79%, 275, 0, 4, 6.77
1747809265, 3, 823, 1044, 1026, 12, 7.79%, 275, 0, 4, 6.52
1747809270, 3, 824, 1044, 1026, 12, 7.79%, 275, 0, 4, 6.99
1747809280, 3, 825, 1044, 1026, 12, 7.79%, 275, 0, 4, 6.08
1747809290, 3, 826, 1044, 1026, 12, 7.79%, 275, 0, 4, 6.98
1747809296, 3, 828, 1044, 1026, 12, 7.79%, 275, 0, 4, 6.25
1747809306, 3, 829, 1044, 1026, 12, 7.79%, 275, 0, 4, 6.70
1747809311, 3, 831, 1044, 1026, 12, 7.79%, 275, 0, 4, 6.52
1747809321, 3, 833, 1044, 1026, 12, 7.79%, 275, 0, 4, 6.50
1747809332, 3, 834, 1044, 1026, 12, 7.79%, 275, 0, 4, 6.90
1747809337, 3, 835, 1044, 1026, 12, 7.79%, 275, 0, 4, 6.30
1747809347, 3, 836, 1044, 1026, 12, 7.79%, 275, 0, 4, 6.91
1747809352, 3, 837, 1044, 1026, 12, 7.79%, 275, 0, 4, 6.41
1747809363, 3, 838, 1044, 1026, 12, 7.79%, 275, 0, 4, 6.36
1747809368, 3, 839, 1044, 1026, 12, 7.79%, 275, 0, 4, 6.64
1747809378, 3, 840, 1044, 1026, 12, 7.79%, 275, 0, 4, 6.50
1747809383, 3, 842, 1044, 1026, 12, 7.79%, 275, 0, 4, 6.37
1747809394, 3, 843, 1044, 1026, 12, 7.79%, 275, 0, 4, 5.92
1747809399, 3, 844, 1044, 1026, 12, 7.79%, 275, 0, 4, 6.44
1747809410, 3, 845, 1044, 1026, 12, 7.79%, 275, 0, 4, 6.46
1747809420, 3, 846, 1044, 1026, 12, 7.79%, 275, 0, 4, 7.17
1747809425, 3, 847, 1044, 1026, 12, 7.79%, 275, 0, 4, 6.82
1747809435, 3, 848, 1044, 1026, 12, 7.79%, 275, 0, 4, 6.06
1747809440, 3, 849, 1044, 1026, 12, 7.79%, 275, 0, 4, 6.56
1747809450, 3, 850, 1044, 1026, 12, 7.79%, 275, 0, 4, 6.20
1747809461, 3, 851, 1044, 1026, 12, 7.79%, 275, 0, 4, 5.92
1747809466, 3, 852, 1044, 1026, 12, 7.79%, 275, 0, 4, 6.67
1747809476, 3, 853, 1044, 1026, 12, 7.79%, 275, 0, 4, 7.09
1747809482, 3, 854, 1044, 1026, 12, 7.79%, 275, 0, 4, 6.56
1747809492, 3, 855, 1044, 1026, 12, 7.79%, 275, 0, 4, 6.79
1747809497, 3, 856, 1044, 1026, 12, 7.79%, 275, 0, 4, 7.23
1747809508, 3, 857, 1044, 1026, 12, 7.79%, 275, 0, 4, 6.67
1747810013, 3, 858, 1044, 1025, 11, 7.79%, 275, 0, 4, 6.78
1747810430, 3, 859, 1044, 1024, 10, 7.79%, 275, 0, 4, 6.82
1747810441, 3, 860, 1044, 1024, 10, 7.79%, 275, 0, 4, 6.79
1747810446, 3, 862, 1044, 1024, 10, 7.79%, 275, 0, 4, 7.11
1747810456, 3, 863, 1044, 1024, 10, 7.79%, 275, 0, 4, 7.84
1747810461, 3, 864, 1044, 1024, 10, 7.79%, 275, 0, 4, 9.79
1747810466, 3, 866, 1044, 1024, 10, 7.79%, 275, 0, 4, 10.94
1747810471, 3, 868, 1044, 1024, 10, 7.79%, 275, 0, 4, 11.69
1747810477, 3, 869, 1044, 1024, 10, 7.79%, 275, 0, 4, 10.51
1747810482, 3, 870, 1044, 1024, 10, 7.79%, 275, 0, 4, 10.94
1747810487, 3, 871, 1044, 1024, 10, 7.79%, 275, 0, 4, 10.48
1747810492, 3, 872, 1044, 1024, 10, 7.79%, 275, 0, 4, 10.31
1747810497, 3, 873, 1044, 1024, 10, 7.79%, 275, 0, 4, 9.96
1747810502, 3, 875, 1044, 1024, 10, 7.79%, 275, 0, 4, 10.92
1747810507, 3, 876, 1044, 1024, 10, 7.79%, 275, 0, 4, 10.28
1747810512, 3, 877, 1044, 1024, 10, 7.79%, 275, 0, 4, 10.26
1747810518, 3, 878, 1044, 1024, 10, 7.79%, 275, 0, 4, 11.10
1747810523, 3, 880, 1044, 1024, 10, 7.79%, 275, 0, 4, 11.06
1747810528, 3, 881, 1044, 1024, 10, 7.79%, 275, 0, 4, 8.40
1747810538, 3, 882, 1044, 1024, 10, 7.79%, 275, 0, 4, 7.01
1747810543, 3, 883, 1044, 1024, 10, 7.79%, 275, 0, 4, 6.42
1747810554, 3, 885, 1044, 1024, 10, 7.79%, 275, 0, 4, 6.42
1747810559, 3, 886, 1044, 1024, 10, 7.79%, 275, 0, 4, 6.33
1747810569, 3, 887, 1044, 1024, 10, 7.79%, 275, 0, 4, 6.85
1747810574, 3, 888, 1044, 1024, 10, 7.79%, 275, 0, 4, 6.66
1747810585, 3, 890, 1044, 1024, 10, 7.79%, 275, 0, 4, 6.75
1747810595, 3, 891, 1044, 1024, 10, 7.79%, 275, 0, 4, 6.65
1747810600, 3, 892, 1044, 1024, 10, 7.79%, 275, 0, 4, 6.51
1747810611, 3, 893, 1044, 1024, 10, 7.79%, 275, 0, 4, 6.57
1747810616, 3, 894, 1044, 1024, 10, 7.79%, 275, 0, 4, 6.17
1747810626, 3, 895, 1044, 1024, 10, 7.79%, 275, 0, 4, 6.41
1747810636, 3, 896, 1044, 1024, 10, 7.79%, 275, 0, 4, 6.74
1747810642, 3, 897, 1044, 1024, 10, 7.79%, 275, 0, 4, 6.69
1747810652, 3, 898, 1044, 1024, 10, 7.79%, 275, 0, 4, 7.05
1747810657, 3, 899, 1044, 1024, 10, 7.79%, 275, 0, 4, 7.30
1747810662, 3, 900, 1044, 1024, 10, 7.79%, 275, 0, 4, 7.06
1747810672, 3, 901, 1044, 1024, 10, 7.79%, 275, 0, 4, 6.33
1747810678, 3, 903, 1044, 1024, 10, 7.79%, 275, 0, 4, 7.13
1747810688, 3, 904, 1044, 1024, 10, 7.79%, 275, 0, 4, 6.34
1747810693, 3, 905, 1044, 1024, 10, 7.79%, 275, 0, 4, 6.64
1747810703, 3, 906, 1044, 1024, 10, 7.79%, 275, 0, 4, 6.36
1747810713, 3, 907, 1044, 1024, 10, 7.79%, 275, 0, 4, 6.37
1747810718, 3, 908, 1044, 1024, 10, 7.79%, 275, 0, 4, 6.84
1747810728, 3, 909, 1044, 1024, 10, 7.79%, 275, 0, 4, 6.64
1747810734, 3, 910, 1044, 1024, 10, 7.79%, 275, 0, 4, 6.52
1747810744, 3, 911, 1044, 1024, 10, 7.79%, 275, 0, 4, 6.72
1747810749, 3, 912, 1044, 1024, 10, 7.79%, 275, 0, 4, 6.63
1747810760, 3, 913, 1044, 1024, 10, 7.79%, 275, 0, 4, 6.92
1747810765, 3, 914, 1044, 1024, 10, 7.79%, 275, 0, 4, 6.37
1747810775, 3, 915, 1044, 1024, 10, 7.79%, 275, 0, 4, 6.43
1747810786, 3, 917, 1044, 1024, 10, 7.79%, 275, 0, 4, 6.39
1747810791, 3, 918, 1044, 1024, 10, 7.79%, 275, 0, 4, 6.23
1747810801, 3, 919, 1044, 1024, 10, 7.79%, 275, 0, 4, 6.59
1747810806, 3, 921, 1044, 1024, 10, 7.79%, 275, 0, 4, 6.68
1747810817, 3, 922, 1044, 1024, 10, 7.79%, 275, 0, 4, 6.75
1747810822, 3, 923, 1044, 1024, 10, 7.79%, 275, 0, 4, 6.67
1747810832, 3, 927, 1044, 1024, 10, 7.79%, 275, 0, 4, 6.71
1747810837, 3, 929, 1044, 1024, 10, 7.79%, 275, 0, 4, 6.58
1747810847, 3, 932, 1044, 1024, 10, 7.79%, 275, 0, 4, 6.58
1747810858, 3, 934, 1044, 1024, 10, 7.79%, 275, 0, 4, 6.63
1747810863, 3, 935, 1044, 1024, 10, 7.79%, 275, 0, 4, 6.50
1747810868, 3, 936, 1044, 1024, 10, 7.79%, 275, 0, 4, 7.27
1747810878, 3, 937, 1044, 1024, 10, 7.79%, 275, 0, 4, 7.54
1747810884, 3, 938, 1044, 1024, 10, 7.79%, 275, 0, 4, 6.54
1747810889, 3, 938, 1044, 1024, 10, 7.79%, 276, 0, 4, 6.16
1747810894, 3, 939, 1044, 1024, 10, 7.79%, 276, 0, 4, 5.95
1747810904, 3, 940, 1044, 1024, 10, 7.79%, 276, 0, 4, 6.21
1747810909, 3, 941, 1044, 1024, 10, 7.79%, 276, 0, 4, 6.18
1747810920, 3, 942, 1044, 1024, 10, 7.79%, 276, 0, 4, 6.77
1747810930, 3, 943, 1044, 1024, 10, 7.79%, 276, 0, 4, 6.67
1747810935, 3, 944, 1044, 1024, 10, 7.79%, 276, 0, 4, 6.49
1747810946, 3, 946, 1044, 1024, 10, 7.79%, 276, 0, 4, 6.35
1747810951, 3, 947, 1044, 1024, 10, 7.79%, 276, 0, 4, 6.67
1747810961, 3, 948, 1044, 1024, 10, 7.79%, 276, 0, 4, 6.00
1747810967, 3, 949, 1044, 1024, 10, 7.79%, 276, 0, 4, 7.37
1747810977, 3, 951, 1044, 1024, 10, 7.79%, 276, 0, 4, 6.07
1747810987, 3, 952, 1044, 1024, 10, 7.79%, 276, 0, 4, 6.72
1747810992, 3, 955, 1044, 1024, 10, 7.79%, 276, 0, 4, 6.52
1747811003, 3, 956, 1044, 1024, 10, 7.79%, 276, 0, 4, 6.22
1747811008, 3, 957, 1044, 1024, 10, 7.79%, 276, 0, 4, 6.65
1747811018, 3, 958, 1044, 1024, 10, 7.79%, 276, 0, 4, 5.94
1747811029, 3, 960, 1044, 1024, 10, 7.79%, 276, 0, 4, 6.45
1747811034, 3, 961, 1044, 1024, 10, 7.79%, 276, 0, 4, 6.83
1747811044, 3, 962, 1044, 1024, 10, 7.79%, 276, 0, 4, 6.48
1747811049, 3, 963, 1044, 1024, 10, 7.79%, 276, 0, 4, 6.55
1747811060, 3, 964, 1044, 1024, 10, 7.79%, 276, 0, 4, 6.83
1747811070, 3, 965, 1044, 1024, 10, 7.79%, 276, 0, 4, 5.59
1747811080, 3, 966, 1044, 1024, 10, 7.79%, 276, 0, 4, 5.93
1747811085, 3, 968, 1044, 1024, 10, 7.79%, 276, 0, 4, 6.15
1747811096, 3, 969, 1044, 1024, 10, 7.79%, 276, 0, 4, 5.99
1747811106, 3, 970, 1044, 1024, 10, 7.79%, 276, 0, 4, 6.16
1747811111, 3, 971, 1044, 1024, 10, 7.79%, 276, 0, 4, 5.75
1747811122, 3, 973, 1044, 1024, 10, 7.79%, 276, 0, 4, 6.26
1747811127, 3, 975, 1044, 1024, 10, 7.79%, 276, 0, 4, 6.37
1747811137, 3, 977, 1044, 1024, 10, 7.79%, 276, 0, 4, 6.45
1747811147, 3, 978, 1044, 1024, 10, 7.79%, 276, 0, 4, 6.18
1747811152, 3, 979, 1044, 1024, 10, 7.79%, 276, 0, 4, 6.29
1747811163, 3, 980, 1044, 1024, 10, 7.79%, 276, 0, 4, 6.94
1747811168, 3, 981, 1044, 1024, 10, 7.79%, 276, 0, 4, 6.51
1747811178, 3, 982, 1044, 1024, 10, 7.79%, 276, 0, 4, 6.27
1747811189, 3, 983, 1044, 1024, 10, 7.79%, 276, 0, 4, 6.07
1747811194, 3, 984, 1044, 1024, 10, 7.79%, 276, 0, 4, 5.90
1747811204, 3, 985, 1044, 1024, 10, 7.79%, 276, 0, 4, 6.11
1747811214, 3, 986, 1044, 1024, 10, 7.79%, 276, 0, 4, 6.26
1747811219, 3, 987, 1044, 1024, 10, 7.79%, 276, 0, 4, 6.25
1747811250, 3, 987, 1045, 1025, 10, 7.79%, 276, 0, 4, 5.30
1747811256, 3, 987, 1046, 1026, 10, 7.79%, 276, 0, 4, 5.06
1747811599, 3, 987, 1048, 1028, 10, 7.79%, 276, 0, 4, 6.23
1747812641, 3, 987, 1049, 1029, 10, 7.79%, 276, 0, 4, 6.40
1747812651, 3, 987, 1050, 1030, 10, 7.79%, 276, 0, 4, 5.32
1747813105, 3, 987, 1051, 1031, 10, 7.79%, 276, 0, 4, 6.34
