srun: error: NodeNames=ubuntu-test CPUs=90 match no Sockets, Sockets*CoresPerSocket or Sockets*CoresPerSocket*ThreadsPerCore. Resetting CPUs.
[0;36mafl-fuzz [1;97m2.51b-ijon[0m by <lcamtuf@google.com>
[1;92m[+] [0mLooks like we're not running on a tty, so I'll be a bit less verbose.[0m
[1;92m[+] [0mYou have 96 CPU cores and 79 runnable tasks (utilization: 82%).[0m
[1;92m[+] [0mTry parallel jobs - see docs/parallel_fuzzing.txt.[0m
[1;93m[!] [1;97mWARNING: [0mNot binding to a CPU core (AFL_NO_AFFINITY set).[0m
[1;94m[*] [0mChecking core_pattern...[0m
[1;94m[*] [0mSetting up output directories...[0m
importdir: level4_2/importsmax_dir: level4_2/ijon_max[1;94m[*] [0mScanning 'seeds'...[0m
[1;92m[+] [0mNo auto-generated dictionary tokens to reuse.[0m
[1;94m[*] [0mCreating hard links for all input files...[0m
[1;94m[*] [0mValidating target binary...[0m
[1;94m[*] [0mAttempting dry run with 'id:000000,orig:a'...[0m
[1;94m[*] [0mSpinning up the fork server...[0m
[1;92m[+] [0mAll right - fork server is up.[0m
[1;90m    len = 1, map size = 2477, exec speed = 16688 us
[0m[1;92m[+] [0mAll test cases processed.[0m

[1;93m[!] [1;97mWARNING: [0m[1;91mThe target binary is pretty slow! See docs/perf_tips.txt.[0m
[1;92m[+] [0mHere are some useful stats:

[1;90m    Test case count : [0m1 favored, 0 variable, 1 total
[1;90m       Bitmap range : [0m2477 to 2477 bits (average: 2477.00 bits)
[1;90m        Exec timing : [0m16.7k to 16.7k us (average: 16.7k us)
[0m
[1;92m[+] [0mAll set and ready to roll![0m
[1;94m[*] [0mEntering queue cycle 1.[0m
[1;94m[*] [0mFuzzing test case #0 (1 total, 0 uniq crashes found)...[0m
scheduled normal input!!!!
updated maxmap 11: 28 (len: 1)
updated maxmap 3: 28 (len: 58)
updated maxmap 4: 29 (len: 58)
updated maxmap 5: 29 (len: 58)
updated maxmap 3: 2b (len: 58)
updated maxmap 4: 2d (len: 58)
updated maxmap 5: 2e (len: 58)
updated maxmap 3: 2e (len: 84)
updated maxmap 4: 34 (len: 84)
updated maxmap 5: 33 (len: 84)
updated maxmap 6: 33 (len: 84)
updated maxmap 3: 30 (len: 50)
updated maxmap 6: 35 (len: 53)
updated maxmap 5: 37 (len: 73)
updated maxmap 3: 31 (len: 56)
updated maxmap 4: 36 (len: 67)
[1;94m[*] [0mFuzzing test case #1 (236 total, 0 uniq crashes found)...[0m
[1;94m[*] [0mFuzzing test case #2 (236 total, 0 uniq crashes found)...[0m
scheduled max input!!!!
schedule: 6 level4_2/ijon_max/6
updated maxmap 6: 37 (len: 53)
updated maxmap 4: 3a (len: 58)
updated maxmap 5: 3d (len: 67)
updated maxmap 6: 3a (len: 67)
updated maxmap 4: 3d (len: 60)
updated maxmap 4: 40 (len: 75)
updated maxmap 5: 41 (len: 75)
updated maxmap 5: 49 (len: 109)
updated maxmap 6: 47 (len: 109)
updated maxmap 7: 44 (len: 109)
updated maxmap 3: 3b (len: 121)
updated maxmap 4: 41 (len: 94)
updated maxmap 6: 48 (len: 94)
updated maxmap 5: 50 (len: 96)
updated maxmap 4: 49 (len: 105)
updated maxmap 6: 4f (len: 105)
updated maxmap 4: 52 (len: 102)
updated maxmap 5: 57 (len: 102)
updated maxmap 6: 74 (len: 102)
updated maxmap 7: 6b (len: 102)
updated maxmap 8: 67 (len: 102)
updated maxmap 5: 58 (len: 101)
updated maxmap 3: 43 (len: 59)
updated maxmap 6: 85 (len: 127)
updated maxmap 7: 8a (len: 127)
updated maxmap 5: 5c (len: 100)
updated maxmap 5: 6a (len: 120)
updated maxmap 3: 47 (len: 73)
updated maxmap 8: 71 (len: 118)
updated maxmap 7: 8d (len: 114)
updated maxmap 8: 89 (len: 114)
updated maxmap 4: 58 (len: 82)
updated maxmap 6: 87 (len: 127)
updated maxmap 5: a9 (len: 152)
updated maxmap 6: b1 (len: 152)
updated maxmap 7: b5 (len: 152)
updated maxmap 8: 8d (len: 152)
updated maxmap 4: 67 (len: 116)
[1;94m[*] [0mFuzzing test case #3 (363 total, 0 uniq crashes found)...[0m
scheduled max input!!!!
schedule: 3 level4_2/ijon_max/3
updated maxmap 3: 4e (len: 116)
updated maxmap 8: 91 (len: 128)
updated maxmap 4: 6a (len: 141)
updated maxmap 3: 4f (len: 81)
updated maxmap 3: 50 (len: 80)
updated maxmap 3: 52 (len: 77)
updated maxmap 3: 54 (len: 78)
updated maxmap 8: a6 (len: 143)
updated maxmap 4: 82 (len: 137)
updated maxmap 8: ac (len: 139)
[1;94m[*] [0mFuzzing test case #4 (408 total, 0 uniq crashes found)...[0m
[1;94m[*] [0mFuzzing test case #5 (408 total, 0 uniq crashes found)...[0m
scheduled max input!!!!
schedule: 4 level4_2/ijon_max/4
updated maxmap 6: b6 (len: 200)
updated maxmap 4: 8b (len: 137)
updated maxmap 7: b6 (len: 186)
updated maxmap 6: c3 (len: 170)
updated maxmap 7: c5 (len: 170)
updated maxmap 8: ad (len: 170)
updated maxmap 4: 8d (len: 137)
updated maxmap 4: 8e (len: 139)
updated maxmap 4: 9c (len: 141)
updated maxmap 8: b9 (len: 180)
updated maxmap 6: d7 (len: 191)
updated maxmap 7: c8 (len: 191)
updated maxmap 8: c2 (len: 191)
updated maxmap 5: ab (len: 154)
updated maxmap 5: cb (len: 196)
updated maxmap 7: cb (len: 186)
updated maxmap 8: c5 (len: 186)
updated maxmap 3: 62 (len: 137)
updated maxmap 3: 7b (len: 138)
updated maxmap 4: a3 (len: 145)
updated maxmap 4: ab (len: 158)
updated maxmap 8: d1 (len: 194)
updated maxmap 9: d7 (len: 194)
updated maxmap 10: da (len: 194)
updated maxmap 7: cd (len: 191)
updated maxmap 6: e4 (len: 208)
updated maxmap 7: e5 (len: 208)
updated maxmap 5: d6 (len: 153)
updated maxmap 7: e7 (len: 153)
updated maxmap 8: d4 (len: 207)
updated maxmap 9: d8 (len: 207)
updated maxmap 8: de (len: 220)
updated maxmap 9: e2 (len: 220)
updated maxmap 10: e2 (len: 220)
updated maxmap 11: e1 (len: 220)
updated maxmap 12: e1 (len: 220)
updated maxmap 0: e3 (len: 215)
updated maxmap 11: e2 (len: 215)
updated maxmap 12: e2 (len: 215)
updated maxmap 13: e2 (len: 215)
updated maxmap 14: e2 (len: 215)
updated maxmap 15: e2 (len: 215)
[1;94m[*] [0mFuzzing test case #6 (552 total, 0 uniq crashes found)...[0m
scheduled max input!!!!
schedule: 3 level4_2/ijon_max/3
updated maxmap 5: 102 (len: 200)
updated maxmap 6: f7 (len: 200)
updated maxmap 7: ee (len: 200)
updated maxmap 8: e9 (len: 200)
updated maxmap 3: 7d (len: 138)
updated maxmap 3: 7f (len: 138)
updated maxmap 3: 80 (len: 138)
updated maxmap 10: e3 (len: 184)
updated maxmap 3: 81 (len: 138)
updated maxmap 3: 88 (len: 138)
updated maxmap 3: 89 (len: 138)
updated maxmap 3: 8d (len: 142)
updated maxmap 3: 8f (len: 146)
updated maxmap 3: 91 (len: 146)
updated maxmap 8: ea (len: 202)
updated maxmap 8: f1 (len: 204)
updated maxmap 4: e6 (len: 150)
updated maxmap 13: e3 (len: 191)
updated maxmap 14: e4 (len: 194)
updated maxmap 3: a8 (len: 153)
updated maxmap 11: e3 (len: 193)
updated maxmap 6: fc (len: 213)
updated maxmap 7: f1 (len: 213)
updated maxmap 0: e7 (len: 207)
updated maxmap 14: e5 (len: 207)
updated maxmap 15: e7 (len: 207)
[1;94m[*] [0mFuzzing test case #7 (576 total, 0 uniq crashes found)...[0m
scheduled max input!!!!
schedule: 6 level4_2/ijon_max/6
updated maxmap 9: e3 (len: 218)
updated maxmap 6: 135 (len: 244)
updated maxmap 7: 120 (len: 244)
updated maxmap 8: 11c (len: 244)
updated maxmap 12: e3 (len: 213)
updated maxmap 13: e4 (len: 213)
updated maxmap 7: 125 (len: 241)
updated maxmap 8: 11f (len: 241)
updated maxmap 5: 10c (len: 230)
updated maxmap 0: e8 (len: 215)
updated maxmap 6: 148 (len: 273)
updated maxmap 7: 14d (len: 273)
updated maxmap 8: 150 (len: 273)
updated maxmap 9: e4 (len: 216)
updated maxmap 0: ea (len: 247)
updated maxmap 14: e6 (len: 247)
updated maxmap 15: e9 (len: 247)
updated maxmap 5: 10d (len: 216)
updated maxmap 10: e4 (len: 220)
updated maxmap 5: 110 (len: 239)
updated maxmap 6: 18a (len: 297)
updated maxmap 7: 184 (len: 297)
updated maxmap 8: 17e (len: 297)
updated maxmap 5: 14a (len: 296)
updated maxmap 9: e5 (len: 216)
updated maxmap 0: ee (len: 257)
updated maxmap 13: e5 (len: 257)
updated maxmap 14: e8 (len: 257)
updated maxmap 15: ed (len: 257)
updated maxmap 4: 15b (len: 234)
updated maxmap 5: 160 (len: 234)
updated maxmap 6: 198 (len: 236)
updated maxmap 7: 1a2 (len: 236)
updated maxmap 8: 1ac (len: 236)
updated maxmap 9: 1b6 (len: 236)
updated maxmap 10: 1c0 (len: 236)
updated maxmap 11: 1c2 (len: 236)
updated maxmap 5: 167 (len: 220)
updated maxmap 6: 1a2 (len: 220)
updated maxmap 5: 168 (len: 213)
updated maxmap 5: 19f (len: 219)
updated maxmap 6: 1a5 (len: 225)
updated maxmap 7: 1ae (len: 225)
updated maxmap 6: 1af (len: 267)
[1;94m[*] [0mFuzzing test case #8 (714 total, 0 uniq crashes found)...[0m
[1;94m[*] [0mFuzzing test case #9 (714 total, 0 uniq crashes found)...[0m
scheduled max input!!!!
schedule: 13 level4_2/ijon_max/13
updated maxmap 0: ef (len: 257)
updated maxmap 14: e9 (len: 265)
updated maxmap 15: ee (len: 257)
updated maxmap 6: 1ba (len: 262)
updated maxmap 7: 1c4 (len: 262)
updated maxmap 8: 1b0 (len: 257)
updated maxmap 8: 1b4 (len: 269)
updated maxmap 0: 1bd (len: 302)
updated maxmap 9: 1ba (len: 302)
updated maxmap 10: 1c3 (len: 302)
updated maxmap 12: 1c2 (len: 302)
updated maxmap 13: 1c1 (len: 302)
updated maxmap 14: 1bf (len: 302)
updated maxmap 15: 1be (len: 302)
updated maxmap 11: 1c3 (len: 295)
updated maxmap 5: 1ab (len: 278)
[1;94m[*] [0mFuzzing test case #10 (759 total, 0 uniq crashes found)...[0m
scheduled max input!!!!
schedule: 10 level4_2/ijon_max/10
updated maxmap 6: 1f5 (len: 311)
updated maxmap 7: 1fe (len: 311)
updated maxmap 8: 208 (len: 311)
updated maxmap 9: 210 (len: 311)
updated maxmap 0: 1c1 (len: 302)
updated maxmap 14: 1c1 (len: 302)
updated maxmap 15: 1c1 (len: 302)
updated maxmap 0: 1c3 (len: 302)
updated maxmap 13: 1c2 (len: 302)
updated maxmap 14: 1c2 (len: 302)
updated maxmap 15: 1c2 (len: 302)
updated maxmap 0: 1d3 (len: 308)
updated maxmap 13: 1c7 (len: 308)
updated maxmap 14: 1cc (len: 308)
updated maxmap 15: 1d2 (len: 308)
updated maxmap 6: 1fe (len: 307)
updated maxmap 7: 204 (len: 307)
updated maxmap 12: 1c3 (len: 307)
updated maxmap 7: 206 (len: 310)
updated maxmap 8: 20b (len: 310)
updated maxmap 5: 1f5 (len: 323)
updated maxmap 6: 1ff (len: 309)
updated maxmap 7: 207 (len: 309)
updated maxmap 7: 209 (len: 310)
updated maxmap 8: 20e (len: 310)
updated maxmap 6: 200 (len: 306)
updated maxmap 8: 210 (len: 315)
updated maxmap 9: 21a (len: 315)
updated maxmap 5: 1f9 (len: 309)
updated maxmap 6: 204 (len: 309)
updated maxmap 7: 20b (len: 309)
updated maxmap 8: 212 (len: 313)
updated maxmap 6: 20e (len: 368)
updated maxmap 7: 213 (len: 368)
updated maxmap 8: 218 (len: 368)
updated maxmap 9: 21c (len: 368)
updated maxmap 10: 220 (len: 368)
updated maxmap 11: 220 (len: 368)
updated maxmap 4: 1b7 (len: 308)
[1;94m[*] [0mFuzzing test case #11 (816 total, 0 uniq crashes found)...[0m
scheduled max input!!!!
schedule: 4 level4_2/ijon_max/4
updated maxmap 4: 1b9 (len: 308)
updated maxmap 4: 1ba (len: 308)
updated maxmap 4: 1bb (len: 308)
updated maxmap 3: 1e7 (len: 309)
updated maxmap 4: 1e1 (len: 309)
updated maxmap 4: 1e2 (len: 308)
[1;94m[*] [0mFuzzing test case #12 (816 total, 0 uniq crashes found)...[0m
scheduled max input!!!!
schedule: 12 level4_2/ijon_max/12
updated maxmap 11: 221 (len: 369)
updated maxmap 12: 220 (len: 369)
updated maxmap 13: 221 (len: 369)
updated maxmap 14: 221 (len: 369)
[1;94m[*] [0mFuzzing test case #13 (827 total, 0 uniq crashes found)...[0m
scheduled max input!!!!
schedule: 5 level4_2/ijon_max/5
updated maxmap 5: 1fb (len: 310)
updated maxmap 5: 1fc (len: 309)
updated maxmap 5: 1fd (len: 311)
updated maxmap 5: 200 (len: 309)
updated maxmap 5: 208 (len: 309)
updated maxmap 4: 1fe (len: 309)
updated maxmap 9: 21e (len: 322)
updated maxmap 10: 221 (len: 322)
updated maxmap 6: 210 (len: 315)
updated maxmap 7: 215 (len: 315)
updated maxmap 6: 212 (len: 318)
updated maxmap 5: 20a (len: 310)
updated maxmap 4: 201 (len: 309)
updated maxmap 5: 20c (len: 314)
updated maxmap 6: 214 (len: 314)
updated maxmap 4: 203 (len: 309)
updated maxmap 7: 216 (len: 316)
updated maxmap 7: 217 (len: 324)
updated maxmap 5: 20d (len: 317)
updated maxmap 6: 217 (len: 317)
updated maxmap 7: 21c (len: 317)
updated maxmap 4: 208 (len: 309)
updated maxmap 0: 1d4 (len: 324)
[1;94m[*] [0mFuzzing test case #14 (838 total, 0 uniq crashes found)...[0m
scheduled max input!!!!
schedule: 14 level4_2/ijon_max/14
updated maxmap 12: 221 (len: 369)
updated maxmap 11: 224 (len: 374)
updated maxmap 12: 223 (len: 374)
updated maxmap 13: 222 (len: 369)
updated maxmap 14: 222 (len: 369)
updated maxmap 15: 222 (len: 377)
updated maxmap 0: 1d5 (len: 404)
updated maxmap 10: 223 (len: 376)
updated maxmap 0: 222 (len: 377)
updated maxmap 5: 20e (len: 376)
updated maxmap 6: 219 (len: 376)
updated maxmap 8: 21a (len: 378)
updated maxmap 9: 21f (len: 373)
updated maxmap 9: 220 (len: 369)
updated maxmap 0: 224 (len: 382)
updated maxmap 15: 224 (len: 382)
updated maxmap 6: 21f (len: 369)
updated maxmap 7: 224 (len: 369)
updated maxmap 8: 223 (len: 369)
updated maxmap 0: 231 (len: 400)
updated maxmap 13: 223 (len: 400)
updated maxmap 14: 229 (len: 400)
updated maxmap 15: 22f (len: 400)
updated maxmap 6: 230 (len: 376)
updated maxmap 7: 22f (len: 376)
updated maxmap 9: 221 (len: 375)
updated maxmap 6: 231 (len: 377)
updated maxmap 7: 230 (len: 377)
updated maxmap 9: 222 (len: 375)
updated maxmap 5: 240 (len: 387)
updated maxmap 6: 234 (len: 387)
[1;94m[*] [0mFuzzing test case #15 (875 total, 0 uniq crashes found)...[0m
[1;94m[*] [0mFuzzing test case #16 (875 total, 0 uniq crashes found)...[0m
scheduled max input!!!!
schedule: 6 level4_2/ijon_max/6
updated maxmap 6: 235 (len: 387)
updated maxmap 5: 241 (len: 387)
updated maxmap 6: 236 (len: 387)
updated maxmap 6: 237 (len: 387)
updated maxmap 5: 242 (len: 387)
updated maxmap 6: 23f (len: 387)
updated maxmap 7: 238 (len: 387)
updated maxmap 4: 241 (len: 387)
updated maxmap 13: 224 (len: 387)
updated maxmap 6: 240 (len: 387)
updated maxmap 5: 243 (len: 387)
updated maxmap 7: 239 (len: 387)
updated maxmap 5: 24c (len: 394)
updated maxmap 6: 253 (len: 394)
updated maxmap 7: 241 (len: 387)
updated maxmap 3: 240 (len: 390)
updated maxmap 14: 22a (len: 392)
updated maxmap 5: 24f (len: 393)
updated maxmap 4: 242 (len: 390)
updated maxmap 13: 226 (len: 387)
updated maxmap 7: 243 (len: 392)
[1;94m[*] [0mFuzzing test case #17 (887 total, 0 uniq crashes found)...[0m
[1;94m[*] [0mFuzzing test case #18 (887 total, 0 uniq crashes found)...[0m
[1;94m[*] [0mFuzzing test case #19 (887 total, 0 uniq crashes found)...[0m
scheduled max input!!!!
schedule: 10 level4_2/ijon_max/10
[1;94m[*] [0mFuzzing test case #20 (887 total, 0 uniq crashes found)...[0m
[1;94m[*] [0mFuzzing test case #21 (887 total, 0 uniq crashes found)...[0m
scheduled max input!!!!
schedule: 14 level4_2/ijon_max/14
updated maxmap 14: 22b (len: 392)
[1;94m[*] [0mFuzzing test case #22 (887 total, 0 uniq crashes found)...[0m
scheduled max input!!!!
schedule: 11 level4_2/ijon_max/11
[1;94m[*] [0mFuzzing test case #23 (887 total, 0 uniq crashes found)...[0m
[1;94m[*] [0mFuzzing test case #24 (887 total, 0 uniq crashes found)...[0m
[1;94m[*] [0mFuzzing test case #25 (887 total, 0 uniq crashes found)...[0m
scheduled max input!!!!
schedule: 10 level4_2/ijon_max/10
[1;94m[*] [0mFuzzing test case #26 (888 total, 0 uniq crashes found)...[0m
scheduled max input!!!!
schedule: 15 level4_2/ijon_max/15
updated maxmap 15: 230 (len: 400)
updated maxmap 0: 232 (len: 400)
updated maxmap 15: 231 (len: 400)
updated maxmap 0: 233 (len: 400)
[1;94m[*] [0mFuzzing test case #27 (891 total, 0 uniq crashes found)...[0m
scheduled max input!!!!
schedule: 13 level4_2/ijon_max/13
[1;94m[*] [0mFuzzing test case #28 (891 total, 0 uniq crashes found)...[0m
scheduled max input!!!!
schedule: 14 level4_2/ijon_max/14
updated maxmap 14: 22c (len: 392)
[1;94m[*] [0mFuzzing test case #29 (891 total, 0 uniq crashes found)...[0m
[1;94m[*] [0mFuzzing test case #30 (891 total, 0 uniq crashes found)...[0m
scheduled max input!!!!
schedule: 10 level4_2/ijon_max/10
[1;94m[*] [0mFuzzing test case #31 (891 total, 0 uniq crashes found)...[0m
[1;94m[*] [0mFuzzing test case #32 (891 total, 0 uniq crashes found)...[0m
scheduled max input!!!!
schedule: 5 level4_2/ijon_max/5
[1;94m[*] [0mFuzzing test case #33 (892 total, 0 uniq crashes found)...[0m
scheduled max input!!!!
schedule: 5 level4_2/ijon_max/5
[1;94m[*] [0mFuzzing test case #34 (894 total, 0 uniq crashes found)...[0m
scheduled max input!!!!
schedule: 13 level4_2/ijon_max/13
[1;94m[*] [0mFuzzing test case #35 (894 total, 0 uniq crashes found)...[0m
scheduled max input!!!!
schedule: 7 level4_2/ijon_max/7
updated maxmap 5: 254 (len: 398)
updated maxmap 6: 25c (len: 398)
updated maxmap 7: 248 (len: 394)
[1;94m[*] [0mFuzzing test case #36 (895 total, 0 uniq crashes found)...[0m
scheduled max input!!!!
schedule: 14 level4_2/ijon_max/14
updated maxmap 15: 232 (len: 406)
[1;94m[*] [0mFuzzing test case #37 (896 total, 0 uniq crashes found)...[0m
scheduled max input!!!!
schedule: 13 level4_2/ijon_max/13
[1;94m[*] [0mFuzzing test case #38 (896 total, 0 uniq crashes found)...[0m
scheduled max input!!!!
schedule: 4 level4_2/ijon_max/4
[1;94m[*] [0mFuzzing test case #39 (896 total, 0 uniq crashes found)...[0m
scheduled max input!!!!
schedule: 6 level4_2/ijon_max/6
updated maxmap 5: 255 (len: 398)
updated maxmap 6: 261 (len: 405)
updated maxmap 7: 26d (len: 405)
updated maxmap 3: 241 (len: 401)
updated maxmap 4: 246 (len: 398)
updated maxmap 3: 242 (len: 398)
[1;94m[*] [0mFuzzing test case #40 (904 total, 0 uniq crashes found)...[0m
scheduled max input!!!!
schedule: 15 level4_2/ijon_max/15
[1;94m[*] [0mFuzzing test case #41 (904 total, 0 uniq crashes found)...[0m
scheduled max input!!!!
schedule: 9 level4_2/ijon_max/9
[1;94m[*] [0mFuzzing test case #42 (904 total, 0 uniq crashes found)...[0m
scheduled max input!!!!
schedule: 13 level4_2/ijon_max/13
[1;94m[*] [0mFuzzing test case #43 (904 total, 0 uniq crashes found)...[0m
scheduled max input!!!!
schedule: 10 level4_2/ijon_max/10
[1;94m[*] [0mFuzzing test case #44 (904 total, 0 uniq crashes found)...[0m
scheduled max input!!!!
schedule: 11 level4_2/ijon_max/11
[1;94m[*] [0mFuzzing test case #45 (904 total, 0 uniq crashes found)...[0m
scheduled max input!!!!
schedule: 13 level4_2/ijon_max/13
[1;94m[*] [0mFuzzing test case #46 (904 total, 0 uniq crashes found)...[0m
scheduled max input!!!!
schedule: 5 level4_2/ijon_max/5
[1;94m[*] [0mFuzzing test case #47 (906 total, 0 uniq crashes found)...[0m
scheduled max input!!!!
schedule: 15 level4_2/ijon_max/15
[1;94m[*] [0mFuzzing test case #48 (906 total, 0 uniq crashes found)...[0m
scheduled max input!!!!
schedule: 10 level4_2/ijon_max/10
[1;94m[*] [0mFuzzing test case #49 (907 total, 0 uniq crashes found)...[0m
scheduled max input!!!!
schedule: 7 level4_2/ijon_max/7
[1;94m[*] [0mFuzzing test case #50 (907 total, 0 uniq crashes found)...[0m
[1;94m[*] [0mFuzzing test case #51 (907 total, 0 uniq crashes found)...[0m
scheduled max input!!!!
schedule: 3 level4_2/ijon_max/3
[1;94m[*] [0mFuzzing test case #52 (907 total, 0 uniq crashes found)...[0m
scheduled max input!!!!
schedule: 10 level4_2/ijon_max/10
[1;94m[*] [0mFuzzing test case #53 (907 total, 0 uniq crashes found)...[0m
scheduled max input!!!!
schedule: 13 level4_2/ijon_max/13
[1;94m[*] [0mFuzzing test case #54 (907 total, 0 uniq crashes found)...[0m
scheduled max input!!!!
schedule: 14 level4_2/ijon_max/14
[1;94m[*] [0mFuzzing test case #55 (907 total, 0 uniq crashes found)...[0m
scheduled max input!!!!
schedule: 13 level4_2/ijon_max/13
[1;94m[*] [0mFuzzing test case #56 (907 total, 0 uniq crashes found)...[0m
scheduled max input!!!!
schedule: 11 level4_2/ijon_max/11
[1;94m[*] [0mFuzzing test case #57 (907 total, 0 uniq crashes found)...[0m
scheduled max input!!!!
schedule: 5 level4_2/ijon_max/5
[1;94m[*] [0mFuzzing test case #58 (907 total, 0 uniq crashes found)...[0m
scheduled max input!!!!
schedule: 3 level4_2/ijon_max/3
updated maxmap 2: 240 (len: 398)
[1;94m[*] [0mFuzzing test case #59 (908 total, 0 uniq crashes found)...[0m
scheduled max input!!!!
schedule: 9 level4_2/ijon_max/9
updated maxmap 9: 223 (len: 375)
[1;94m[*] [0mFuzzing test case #60 (908 total, 0 uniq crashes found)...[0m
scheduled max input!!!!
schedule: 12 level4_2/ijon_max/12
[1;94m[*] [0mFuzzing test case #61 (908 total, 0 uniq crashes found)...[0m
[1;94m[*] [0mFuzzing test case #62 (908 total, 0 uniq crashes found)...[0m
scheduled max input!!!!
schedule: 7 level4_2/ijon_max/7
updated maxmap 5: 26b (len: 405)
updated maxmap 6: 266 (len: 405)
[1;94m[*] [0mFuzzing test case #63 (909 total, 0 uniq crashes found)...[0m
scheduled max input!!!!
schedule: 4 level4_2/ijon_max/4
[1;94m[*] [0mFuzzing test case #64 (909 total, 0 uniq crashes found)...[0m
scheduled max input!!!!
schedule: 2 level4_2/ijon_max/2
[1;94m[*] [0mFuzzing test case #65 (909 total, 0 uniq crashes found)...[0m
[1;94m[*] [0mFuzzing test case #66 (909 total, 0 uniq crashes found)...[0m
scheduled max input!!!!
schedule: 11 level4_2/ijon_max/11
[1;94m[*] [0mFuzzing test case #67 (909 total, 0 uniq crashes found)...[0m
scheduled max input!!!!
schedule: 14 level4_2/ijon_max/14
[1;94m[*] [0mFuzzing test case #68 (909 total, 0 uniq crashes found)...[0m
scheduled max input!!!!
schedule: 11 level4_2/ijon_max/11
[1;94m[*] [0mFuzzing test case #69 (909 total, 0 uniq crashes found)...[0m
[1;94m[*] [0mFuzzing test case #70 (909 total, 0 uniq crashes found)...[0m
[1;94m[*] [0mFuzzing test case #71 (909 total, 0 uniq crashes found)...[0m
scheduled max input!!!!
schedule: 5 level4_2/ijon_max/5
updated maxmap 5: 26c (len: 405)
updated maxmap 6: 268 (len: 405)
updated maxmap 5: 26f (len: 406)
updated maxmap 6: 26a (len: 406)
updated maxmap 6: 26c (len: 405)
[1;94m[*] [0mFuzzing test case #72 (911 total, 0 uniq crashes found)...[0m
scheduled max input!!!!
schedule: 2 level4_2/ijon_max/2
[1;94m[*] [0mFuzzing test case #73 (911 total, 0 uniq crashes found)...[0m
[1;94m[*] [0mFuzzing test case #74 (911 total, 0 uniq crashes found)...[0m
scheduled max input!!!!
schedule: 6 level4_2/ijon_max/6
updated maxmap 5: 27e (len: 412)
updated maxmap 6: 26d (len: 405)
updated maxmap 4: 27b (len: 411)
updated maxmap 6: 26f (len: 406)
updated maxmap 6: 271 (len: 407)
updated maxmap 7: 26e (len: 405)
updated maxmap 6: 275 (len: 412)
updated maxmap 7: 271 (len: 407)
[1;94m[*] [0mFuzzing test case #75 (918 total, 0 uniq crashes found)...[0m
[1;94m[*] [0mFuzzing test case #76 (918 total, 0 uniq crashes found)...[0m
scheduled max input!!!!
schedule: 14 level4_2/ijon_max/14
[1;94m[*] [0mFuzzing test case #77 (918 total, 0 uniq crashes found)...[0m
[1;94m[*] [0mFuzzing test case #78 (918 total, 0 uniq crashes found)...[0m
scheduled max input!!!!
schedule: 12 level4_2/ijon_max/12
[1;94m[*] [0mFuzzing test case #79 (918 total, 0 uniq crashes found)...[0m
[1;94m[*] [0mFuzzing test case #80 (918 total, 0 uniq crashes found)...[0m
scheduled max input!!!!
schedule: 11 level4_2/ijon_max/11
[1;94m[*] [0mFuzzing test case #81 (918 total, 0 uniq crashes found)...[0m
scheduled max input!!!!
schedule: 12 level4_2/ijon_max/12
[1;94m[*] [0mFuzzing test case #82 (918 total, 0 uniq crashes found)...[0m
scheduled max input!!!!
schedule: 6 level4_2/ijon_max/6
[1;94m[*] [0mFuzzing test case #83 (918 total, 0 uniq crashes found)...[0m
scheduled max input!!!!
schedule: 13 level4_2/ijon_max/13
[1;94m[*] [0mFuzzing test case #84 (918 total, 0 uniq crashes found)...[0m
scheduled max input!!!!
schedule: 11 level4_2/ijon_max/11
[1;94m[*] [0mFuzzing test case #85 (919 total, 0 uniq crashes found)...[0m
scheduled max input!!!!
schedule: 13 level4_2/ijon_max/13
[1;94m[*] [0mFuzzing test case #86 (919 total, 0 uniq crashes found)...[0m
scheduled max input!!!!
schedule: 2 level4_2/ijon_max/2
[1;94m[*] [0mFuzzing test case #87 (919 total, 0 uniq crashes found)...[0m
scheduled max input!!!!
schedule: 8 level4_2/ijon_max/8
[1;94m[*] [0mFuzzing test case #88 (919 total, 0 uniq crashes found)...[0m
scheduled max input!!!!
schedule: 5 level4_2/ijon_max/5
updated maxmap 5: 286 (len: 418)
updated maxmap 6: 28d (len: 418)
[1;94m[*] [0mFuzzing test case #89 (920 total, 0 uniq crashes found)...[0m
scheduled max input!!!!
schedule: 10 level4_2/ijon_max/10
[1;94m[*] [0mFuzzing test case #90 (920 total, 0 uniq crashes found)...[0m
scheduled max input!!!!
schedule: 15 level4_2/ijon_max/15
[1;94m[*] [0mFuzzing test case #91 (920 total, 0 uniq crashes found)...[0m
scheduled max input!!!!
schedule: 10 level4_2/ijon_max/10
[1;94m[*] [0mFuzzing test case #92 (921 total, 0 uniq crashes found)...[0m
[1;94m[*] [0mFuzzing test case #93 (921 total, 0 uniq crashes found)...[0m
scheduled max input!!!!
schedule: 5 level4_2/ijon_max/5
updated maxmap 5: 28d (len: 425)
updated maxmap 6: 297 (len: 425)
updated maxmap 7: 29f (len: 425)
updated maxmap 5: 28e (len: 418)
[1;94m[*] [0mFuzzing test case #94 (922 total, 0 uniq crashes found)...[0m
scheduled max input!!!!
schedule: 0 level4_2/ijon_max/0
[1;94m[*] [0mFuzzing test case #95 (922 total, 0 uniq crashes found)...[0m
scheduled max input!!!!
schedule: 11 level4_2/ijon_max/11
[1;94m[*] [0mFuzzing test case #96 (922 total, 0 uniq crashes found)...[0m
scheduled max input!!!!
schedule: 12 level4_2/ijon_max/12
[1;94m[*] [0mFuzzing test case #97 (922 total, 0 uniq crashes found)...[0m
scheduled max input!!!!
schedule: 5 level4_2/ijon_max/5
[1;94m[*] [0mFuzzing test case #98 (922 total, 0 uniq crashes found)...[0m
[1;94m[*] [0mFuzzing test case #99 (922 total, 0 uniq crashes found)...[0m
scheduled max input!!!!
schedule: 11 level4_2/ijon_max/11
[1;94m[*] [0mFuzzing test case #100 (922 total, 0 uniq crashes found)...[0m
scheduled max input!!!!
schedule: 6 level4_2/ijon_max/6
updated maxmap 6: 298 (len: 425)
updated maxmap 7: 2a0 (len: 425)
updated maxmap 5: 28f (len: 425)
updated maxmap 6: 299 (len: 425)
updated maxmap 7: 2a1 (len: 425)
updated maxmap 5: 290 (len: 425)
updated maxmap 6: 29a (len: 425)
updated maxmap 5: 29e (len: 432)
[1;94m[*] [0mFuzzing test case #101 (923 total, 0 uniq crashes found)...[0m
scheduled max input!!!!
schedule: 0 level4_2/ijon_max/0
[1;94m[*] [0mFuzzing test case #102 (923 total, 0 uniq crashes found)...[0m
scheduled max input!!!!
schedule: 15 level4_2/ijon_max/15
[1;94m[*] [0mFuzzing test case #103 (923 total, 0 uniq crashes found)...[0m
scheduled max input!!!!
schedule: 8 level4_2/ijon_max/8
[1;94m[*] [0mFuzzing test case #104 (923 total, 0 uniq crashes found)...[0m
scheduled max input!!!!
schedule: 11 level4_2/ijon_max/11
[1;94m[*] [0mFuzzing test case #105 (923 total, 0 uniq crashes found)...[0m
[1;94m[*] [0mFuzzing test case #106 (923 total, 0 uniq crashes found)...[0m
scheduled max input!!!!
schedule: 14 level4_2/ijon_max/14
[1;94m[*] [0mFuzzing test case #107 (923 total, 0 uniq crashes found)...[0m
[1;94m[*] [0mFuzzing test case #108 (923 total, 0 uniq crashes found)...[0m
scheduled max input!!!!
schedule: 4 level4_2/ijon_max/4
updated maxmap 4: 283 (len: 415)
[1;94m[*] [0mFuzzing test case #109 (925 total, 0 uniq crashes found)...[0m
[1;94m[*] [0mFuzzing test case #110 (925 total, 0 uniq crashes found)...[0m
[1;94m[*] [0mFuzzing test case #111 (925 total, 0 uniq crashes found)...[0m
scheduled max input!!!!
schedule: 15 level4_2/ijon_max/15
[1;94m[*] [0mFuzzing test case #112 (925 total, 0 uniq crashes found)...[0m
scheduled max input!!!!
schedule: 2 level4_2/ijon_max/2
[1;94m[*] [0mFuzzing test case #113 (925 total, 0 uniq crashes found)...[0m
[1;94m[*] [0mFuzzing test case #114 (925 total, 0 uniq crashes found)...[0m
scheduled max input!!!!
schedule: 7 level4_2/ijon_max/7
updated maxmap 4: 2b5 (len: 433)
updated maxmap 5: 2ad (len: 433)
updated maxmap 6: 2a3 (len: 433)
[1;94m[*] [0mFuzzing test case #115 (926 total, 0 uniq crashes found)...[0m
scheduled max input!!!!
schedule: 10 level4_2/ijon_max/10
[1;94m[*] [0mFuzzing test case #116 (926 total, 0 uniq crashes found)...[0m
scheduled max input!!!!
schedule: 2 level4_2/ijon_max/2
[1;94m[*] [0mFuzzing test case #117 (926 total, 0 uniq crashes found)...[0m
scheduled max input!!!!
schedule: 13 level4_2/ijon_max/13
[1;94m[*] [0mFuzzing test case #118 (926 total, 0 uniq crashes found)...[0m
scheduled max input!!!!
schedule: 8 level4_2/ijon_max/8
[1;94m[*] [0mFuzzing test case #119 (926 total, 0 uniq crashes found)...[0m
scheduled max input!!!!
schedule: 10 level4_2/ijon_max/10
[1;94m[*] [0mFuzzing test case #120 (926 total, 0 uniq crashes found)...[0m
scheduled max input!!!!
schedule: 12 level4_2/ijon_max/12
[1;94m[*] [0mFuzzing test case #121 (926 total, 0 uniq crashes found)...[0m
scheduled max input!!!!
schedule: 14 level4_2/ijon_max/14
[1;94m[*] [0mFuzzing test case #122 (926 total, 0 uniq crashes found)...[0m
scheduled max input!!!!
schedule: 4 level4_2/ijon_max/4
updated maxmap 5: 2b4 (len: 433)
updated maxmap 6: 2a8 (len: 433)
[1;94m[*] [0mFuzzing test case #123 (926 total, 0 uniq crashes found)...[0m
[1;94m[*] [0mFuzzing test case #124 (926 total, 0 uniq crashes found)...[0m
scheduled max input!!!!
schedule: 13 level4_2/ijon_max/13
[1;94m[*] [0mFuzzing test case #125 (926 total, 0 uniq crashes found)...[0m
scheduled max input!!!!
schedule: 12 level4_2/ijon_max/12
[1;94m[*] [0mFuzzing test case #126 (926 total, 0 uniq crashes found)...[0m
scheduled max input!!!!
schedule: 11 level4_2/ijon_max/11
[1;94m[*] [0mFuzzing test case #127 (926 total, 0 uniq crashes found)...[0m
[1;94m[*] [0mFuzzing test case #128 (926 total, 0 uniq crashes found)...[0m
[1;94m[*] [0mFuzzing test case #129 (926 total, 0 uniq crashes found)...[0m
scheduled max input!!!!
schedule: 5 level4_2/ijon_max/5
updated maxmap 5: 2b5 (len: 433)
updated maxmap 5: 2c6 (len: 441)
updated maxmap 6: 2b0 (len: 441)
updated maxmap 7: 2a9 (len: 441)
updated maxmap 7: 2aa (len: 433)
updated maxmap 7: 2b1 (len: 433)
updated maxmap 6: 2b5 (len: 441)
[1;94m[*] [0mFuzzing test case #130 (937 total, 0 uniq crashes found)...[0m
scheduled max input!!!!
schedule: 11 level4_2/ijon_max/11
[1;94m[*] [0mFuzzing test case #131 (937 total, 0 uniq crashes found)...[0m
scheduled max input!!!!
schedule: 0 level4_2/ijon_max/0
[1;94m[*] [0mFuzzing test case #132 (937 total, 0 uniq crashes found)...[0m
scheduled max input!!!!
schedule: 5 level4_2/ijon_max/5
[1;94m[*] [0mFuzzing test case #133 (938 total, 0 uniq crashes found)...[0m
scheduled max input!!!!
schedule: 8 level4_2/ijon_max/8
[1;94m[*] [0mFuzzing test case #134 (938 total, 0 uniq crashes found)...[0m
[1;94m[*] [0mFuzzing test case #135 (938 total, 0 uniq crashes found)...[0m
scheduled max input!!!!
schedule: 2 level4_2/ijon_max/2
[1;94m[*] [0mFuzzing test case #136 (938 total, 0 uniq crashes found)...[0m
scheduled max input!!!!
schedule: 8 level4_2/ijon_max/8
[1;94m[*] [0mFuzzing test case #137 (938 total, 0 uniq crashes found)...[0m
[1;94m[*] [0mFuzzing test case #138 (938 total, 0 uniq crashes found)...[0m
scheduled max input!!!!
schedule: 12 level4_2/ijon_max/12
[1;94m[*] [0mFuzzing test case #139 (938 total, 0 uniq crashes found)...[0m
scheduled max input!!!!
schedule: 10 level4_2/ijon_max/10
[1;94m[*] [0mFuzzing test case #140 (938 total, 0 uniq crashes found)...[0m
scheduled max input!!!!
schedule: 9 level4_2/ijon_max/9
[1;94m[*] [0mFuzzing test case #141 (938 total, 0 uniq crashes found)...[0m
scheduled max input!!!!
schedule: 0 level4_2/ijon_max/0
[1;94m[*] [0mFuzzing test case #142 (938 total, 0 uniq crashes found)...[0m
scheduled max input!!!!
schedule: 0 level4_2/ijon_max/0
[1;94m[*] [0mFuzzing test case #143 (938 total, 0 uniq crashes found)...[0m
scheduled max input!!!!
schedule: 13 level4_2/ijon_max/13
[1;94m[*] [0mFuzzing test case #144 (938 total, 0 uniq crashes found)...[0m
scheduled max input!!!!
schedule: 7 level4_2/ijon_max/7
[1;94m[*] [0mFuzzing test case #145 (938 total, 0 uniq crashes found)...[0m
scheduled max input!!!!
schedule: 9 level4_2/ijon_max/9
[1;94m[*] [0mFuzzing test case #146 (938 total, 0 uniq crashes found)...[0m
scheduled max input!!!!
schedule: 13 level4_2/ijon_max/13
[1;94m[*] [0mFuzzing test case #147 (938 total, 0 uniq crashes found)...[0m
scheduled max input!!!!
schedule: 9 level4_2/ijon_max/9
[1;94m[*] [0mFuzzing test case #148 (938 total, 0 uniq crashes found)...[0m
[1;94m[*] [0mFuzzing test case #149 (938 total, 0 uniq crashes found)...[0m
[1;94m[*] [0mFuzzing test case #150 (938 total, 0 uniq crashes found)...[0m
scheduled max input!!!!
schedule: 2 level4_2/ijon_max/2
[1;94m[*] [0mFuzzing test case #151 (938 total, 0 uniq crashes found)...[0m
scheduled max input!!!!
schedule: 15 level4_2/ijon_max/15
[1;94m[*] [0mFuzzing test case #152 (938 total, 0 uniq crashes found)...[0m
scheduled max input!!!!
schedule: 11 level4_2/ijon_max/11
[1;94m[*] [0mFuzzing test case #153 (938 total, 0 uniq crashes found)...[0m
scheduled max input!!!!
schedule: 7 level4_2/ijon_max/7
[1;94m[*] [0mFuzzing test case #154 (938 total, 0 uniq crashes found)...[0m
scheduled max input!!!!
schedule: 10 level4_2/ijon_max/10
[1;94m[*] [0mFuzzing test case #155 (938 total, 0 uniq crashes found)...[0m
[1;94m[*] [0mFuzzing test case #156 (938 total, 0 uniq crashes found)...[0m
scheduled max input!!!!
schedule: 13 level4_2/ijon_max/13
[1;94m[*] [0mFuzzing test case #157 (938 total, 0 uniq crashes found)...[0m
scheduled max input!!!!
schedule: 13 level4_2/ijon_max/13
[1;94m[*] [0mFuzzing test case #158 (938 total, 0 uniq crashes found)...[0m
scheduled max input!!!!
schedule: 10 level4_2/ijon_max/10
[1;94m[*] [0mFuzzing test case #159 (938 total, 0 uniq crashes found)...[0m
scheduled max input!!!!
schedule: 8 level4_2/ijon_max/8
[1;94m[*] [0mFuzzing test case #160 (938 total, 0 uniq crashes found)...[0m
scheduled max input!!!!
schedule: 12 level4_2/ijon_max/12
[1;94m[*] [0mFuzzing test case #161 (938 total, 0 uniq crashes found)...[0m
[1;94m[*] [0mFuzzing test case #162 (938 total, 0 uniq crashes found)...[0m
scheduled max input!!!!
schedule: 9 level4_2/ijon_max/9
[1;94m[*] [0mFuzzing test case #163 (938 total, 0 uniq crashes found)...[0m
scheduled max input!!!!
schedule: 2 level4_2/ijon_max/2
[1;94m[*] [0mFuzzing test case #164 (938 total, 0 uniq crashes found)...[0m
scheduled max input!!!!
schedule: 6 level4_2/ijon_max/6
[1;94m[*] [0mFuzzing test case #165 (939 total, 0 uniq crashes found)...[0m
scheduled max input!!!!
schedule: 8 level4_2/ijon_max/8
[1;94m[*] [0mFuzzing test case #166 (939 total, 0 uniq crashes found)...[0m
scheduled max input!!!!
schedule: 8 level4_2/ijon_max/8
[1;94m[*] [0mFuzzing test case #167 (939 total, 0 uniq crashes found)...[0m
[1;94m[*] [0mFuzzing test case #168 (939 total, 0 uniq crashes found)...[0m
scheduled max input!!!!
schedule: 10 level4_2/ijon_max/10
[1;94m[*] [0mFuzzing test case #169 (939 total, 0 uniq crashes found)...[0m
scheduled max input!!!!
schedule: 7 level4_2/ijon_max/7
[1;94m[*] [0mFuzzing test case #170 (939 total, 0 uniq crashes found)...[0m
[1;94m[*] [0mFuzzing test case #171 (939 total, 0 uniq crashes found)...[0m
scheduled max input!!!!
schedule: 14 level4_2/ijon_max/14
[1;94m[*] [0mFuzzing test case #172 (939 total, 0 uniq crashes found)...[0m
scheduled max input!!!!
schedule: 3 level4_2/ijon_max/3
[1;94m[*] [0mFuzzing test case #173 (939 total, 0 uniq crashes found)...[0m
scheduled max input!!!!
schedule: 14 level4_2/ijon_max/14
[1;94m[*] [0mFuzzing test case #174 (939 total, 0 uniq crashes found)...[0m
scheduled max input!!!!
schedule: 4 level4_2/ijon_max/4
updated maxmap 6: 2c3 (len: 445)
[1;94m[*] [0mFuzzing test case #175 (940 total, 0 uniq crashes found)...[0m
scheduled max input!!!!
schedule: 7 level4_2/ijon_max/7
[1;94m[*] [0mFuzzing test case #176 (940 total, 0 uniq crashes found)...[0m
scheduled max input!!!!
schedule: 13 level4_2/ijon_max/13
[1;94m[*] [0mFuzzing test case #177 (940 total, 0 uniq crashes found)...[0m
scheduled max input!!!!
schedule: 6 level4_2/ijon_max/6
updated maxmap 6: 2c4 (len: 445)
updated maxmap 6: 2c5 (len: 446)
[1;94m[*] [0mFuzzing test case #178 (940 total, 0 uniq crashes found)...[0m
[1;94m[*] [0mFuzzing test case #179 (940 total, 0 uniq crashes found)...[0m
scheduled max input!!!!
schedule: 6 level4_2/ijon_max/6
[1;94m[*] [0mFuzzing test case #180 (940 total, 0 uniq crashes found)...[0m
[1;94m[*] [0mFuzzing test case #181 (940 total, 0 uniq crashes found)...[0m
scheduled max input!!!!
schedule: 12 level4_2/ijon_max/12
[1;94m[*] [0mFuzzing test case #182 (940 total, 0 uniq crashes found)...[0m
scheduled max input!!!!
schedule: 2 level4_2/ijon_max/2
[1;94m[*] [0mFuzzing test case #183 (940 total, 0 uniq crashes found)...[0m
scheduled max input!!!!
schedule: 15 level4_2/ijon_max/15
[1;94m[*] [0mFuzzing test case #184 (940 total, 0 uniq crashes found)...[0m
[1;94m[*] [0mFuzzing test case #185 (940 total, 0 uniq crashes found)...[0m
scheduled max input!!!!
schedule: 10 level4_2/ijon_max/10
[1;94m[*] [0mFuzzing test case #186 (940 total, 0 uniq crashes found)...[0m
scheduled max input!!!!
schedule: 9 level4_2/ijon_max/9
[1;94m[*] [0mFuzzing test case #187 (940 total, 0 uniq crashes found)...[0m
scheduled max input!!!!
schedule: 5 level4_2/ijon_max/5
[1;94m[*] [0mFuzzing test case #188 (940 total, 0 uniq crashes found)...[0m
scheduled max input!!!!
schedule: 2 level4_2/ijon_max/2
[1;94m[*] [0mFuzzing test case #189 (940 total, 0 uniq crashes found)...[0m
scheduled max input!!!!
schedule: 3 level4_2/ijon_max/3
[1;94m[*] [0mFuzzing test case #190 (940 total, 0 uniq crashes found)...[0m
scheduled max input!!!!
schedule: 13 level4_2/ijon_max/13
[1;94m[*] [0mFuzzing test case #191 (940 total, 0 uniq crashes found)...[0m
[1;94m[*] [0mFuzzing test case #192 (940 total, 0 uniq crashes found)...[0m
[1;94m[*] [0mFuzzing test case #193 (940 total, 0 uniq crashes found)...[0m
scheduled max input!!!!
schedule: 3 level4_2/ijon_max/3
[1;94m[*] [0mFuzzing test case #194 (940 total, 0 uniq crashes found)...[0m
scheduled max input!!!!
schedule: 5 level4_2/ijon_max/5
updated maxmap 5: 2cf (len: 445)
updated maxmap 7: 2b2 (len: 446)
updated maxmap 6: 2d1 (len: 446)
updated maxmap 7: 2d4 (len: 446)
updated maxmap 4: 2c3 (len: 443)
updated maxmap 7: 2da (len: 449)
[1;94m[*] [0mFuzzing test case #195 (950 total, 0 uniq crashes found)...[0m
scheduled max input!!!!
schedule: 4 level4_2/ijon_max/4
[1;94m[*] [0mFuzzing test case #196 (950 total, 0 uniq crashes found)...[0m
scheduled max input!!!!
schedule: 4 level4_2/ijon_max/4
updated maxmap 6: 2d9 (len: 451)
updated maxmap 7: 2dd (len: 451)
updated maxmap 5: 2dd (len: 450)
updated maxmap 6: 2da (len: 450)
updated maxmap 4: 2c4 (len: 443)
[1;94m[*] [0mFuzzing test case #197 (952 total, 0 uniq crashes found)...[0m
scheduled max input!!!!
schedule: 11 level4_2/ijon_max/11
[1;94m[*] [0mFuzzing test case #198 (952 total, 0 uniq crashes found)...[0m
scheduled max input!!!!
schedule: 5 level4_2/ijon_max/5
updated maxmap 6: 2db (len: 450)
[1;94m[*] [0mFuzzing test case #199 (953 total, 0 uniq crashes found)...[0m
scheduled max input!!!!
schedule: 4 level4_2/ijon_max/4
[1;94m[*] [0mFuzzing test case #200 (953 total, 0 uniq crashes found)...[0m
scheduled max input!!!!
schedule: 2 level4_2/ijon_max/2
[1;94m[*] [0mFuzzing test case #201 (953 total, 0 uniq crashes found)...[0m
scheduled max input!!!!
schedule: 12 level4_2/ijon_max/12
[1;94m[*] [0mFuzzing test case #202 (953 total, 0 uniq crashes found)...[0m
scheduled max input!!!!
schedule: 4 level4_2/ijon_max/4
[1;94m[*] [0mFuzzing test case #203 (953 total, 0 uniq crashes found)...[0m
scheduled max input!!!!
schedule: 0 level4_2/ijon_max/0
[1;94m[*] [0mFuzzing test case #204 (953 total, 0 uniq crashes found)...[0m
scheduled max input!!!!
schedule: 5 level4_2/ijon_max/5
updated maxmap 5: 2e1 (len: 452)
updated maxmap 6: 2de (len: 452)
updated maxmap 5: 2e8 (len: 455)
updated maxmap 6: 2e2 (len: 453)
updated maxmap 6: 2e5 (len: 458)
updated maxmap 7: 2e0 (len: 458)
updated maxmap 5: 2ed (len: 458)
[1;94m[*] [0mFuzzing test case #205 (957 total, 0 uniq crashes found)...[0m
scheduled max input!!!!
schedule: 11 level4_2/ijon_max/11
[1;94m[*] [0mFuzzing test case #206 (957 total, 0 uniq crashes found)...[0m
[1;94m[*] [0mFuzzing test case #207 (957 total, 0 uniq crashes found)...[0m
scheduled max input!!!!
schedule: 8 level4_2/ijon_max/8
[1;94m[*] [0mFuzzing test case #208 (957 total, 0 uniq crashes found)...[0m
scheduled max input!!!!
schedule: 3 level4_2/ijon_max/3
[1;94m[*] [0mFuzzing test case #209 (957 total, 0 uniq crashes found)...[0m
scheduled max input!!!!
schedule: 12 level4_2/ijon_max/12
[1;94m[*] [0mFuzzing test case #210 (957 total, 0 uniq crashes found)...[0m
scheduled max input!!!!
schedule: 11 level4_2/ijon_max/11
[1;94m[*] [0mFuzzing test case #211 (957 total, 0 uniq crashes found)...[0m
scheduled max input!!!!
schedule: 2 level4_2/ijon_max/2
[1;94m[*] [0mFuzzing test case #212 (957 total, 0 uniq crashes found)...[0m
[1;94m[*] [0mFuzzing test case #213 (957 total, 0 uniq crashes found)...[0m
[1;94m[*] [0mFuzzing test case #214 (957 total, 0 uniq crashes found)...[0m
scheduled max input!!!!
schedule: 11 level4_2/ijon_max/11
[1;94m[*] [0mFuzzing test case #215 (957 total, 0 uniq crashes found)...[0m
[1;94m[*] [0mFuzzing test case #216 (957 total, 0 uniq crashes found)...[0m
scheduled max input!!!!
schedule: 2 level4_2/ijon_max/2
[1;94m[*] [0mFuzzing test case #217 (957 total, 0 uniq crashes found)...[0m
[1;94m[*] [0mFuzzing test case #218 (957 total, 0 uniq crashes found)...[0m
scheduled max input!!!!
schedule: 12 level4_2/ijon_max/12
[1;94m[*] [0mFuzzing test case #219 (957 total, 0 uniq crashes found)...[0m
scheduled max input!!!!
schedule: 14 level4_2/ijon_max/14
[1;94m[*] [0mFuzzing test case #220 (957 total, 0 uniq crashes found)...[0m
scheduled max input!!!!
schedule: 10 level4_2/ijon_max/10
[1;94m[*] [0mFuzzing test case #221 (957 total, 0 uniq crashes found)...[0m
scheduled max input!!!!
schedule: 14 level4_2/ijon_max/14
[1;94m[*] [0mFuzzing test case #222 (957 total, 0 uniq crashes found)...[0m
scheduled max input!!!!
schedule: 13 level4_2/ijon_max/13
[1;94m[*] [0mFuzzing test case #223 (957 total, 0 uniq crashes found)...[0m
[1;94m[*] [0mFuzzing test case #224 (957 total, 0 uniq crashes found)...[0m
scheduled max input!!!!
schedule: 15 level4_2/ijon_max/15
[1;94m[*] [0mFuzzing test case #225 (957 total, 0 uniq crashes found)...[0m
scheduled max input!!!!
schedule: 6 level4_2/ijon_max/6
updated maxmap 6: 2e6 (len: 458)
updated maxmap 7: 2e1 (len: 458)
updated maxmap 7: 2e6 (len: 458)
[1;94m[*] [0mFuzzing test case #226 (958 total, 0 uniq crashes found)...[0m
[1;94m[*] [0mFuzzing test case #227 (958 total, 0 uniq crashes found)...[0m
scheduled max input!!!!
schedule: 7 level4_2/ijon_max/7
updated maxmap 7: 2e7 (len: 458)
updated maxmap 5: 2f3 (len: 464)
updated maxmap 6: 2ec (len: 464)
updated maxmap 7: 2e9 (len: 460)
updated maxmap 6: 2ef (len: 463)
updated maxmap 5: 2f4 (len: 465)
updated maxmap 4: 2c8 (len: 458)
updated maxmap 6: 2f0 (len: 464)
updated maxmap 4: 2ca (len: 458)
updated maxmap 6: 2f2 (len: 465)
updated maxmap 7: 2eb (len: 465)
[1;94m[*] [0mFuzzing test case #228 (964 total, 0 uniq crashes found)...[0m
scheduled max input!!!!
schedule: 7 level4_2/ijon_max/7
updated maxmap 5: 301 (len: 473)
updated maxmap 6: 2ff (len: 473)
updated maxmap 7: 2fb (len: 473)
updated maxmap 4: 2e9 (len: 465)
updated maxmap 5: 302 (len: 470)
[1;94m[*] [0mFuzzing test case #229 (972 total, 0 uniq crashes found)...[0m
scheduled max input!!!!
schedule: 3 level4_2/ijon_max/3
[1;94m[*] [0mFuzzing test case #230 (972 total, 0 uniq crashes found)...[0m
scheduled max input!!!!
schedule: 6 level4_2/ijon_max/6
[1;94m[*] [0mFuzzing test case #231 (973 total, 0 uniq crashes found)...[0m
scheduled max input!!!!
schedule: 5 level4_2/ijon_max/5
updated maxmap 5: 306 (len: 474)
updated maxmap 6: 301 (len: 474)
updated maxmap 6: 308 (len: 473)
updated maxmap 7: 301 (len: 473)
[1;94m[*] [0mFuzzing test case #232 (973 total, 0 uniq crashes found)...[0m
[1;94m[*] [0mFuzzing test case #233 (973 total, 0 uniq crashes found)...[0m
scheduled max input!!!!
schedule: 10 level4_2/ijon_max/10
[1;94m[*] [0mFuzzing test case #234 (973 total, 0 uniq crashes found)...[0m
scheduled max input!!!!
schedule: 6 level4_2/ijon_max/6
updated maxmap 5: 30c (len: 477)
updated maxmap 6: 309 (len: 477)
updated maxmap 7: 303 (len: 477)
updated maxmap 7: 304 (len: 473)
updated maxmap 7: 308 (len: 473)
updated maxmap 6: 30e (len: 477)
updated maxmap 7: 30b (len: 477)
updated maxmap 6: 318 (len: 480)
updated maxmap 7: 31b (len: 480)
updated maxmap 5: 32d (len: 487)
updated maxmap 6: 326 (len: 487)
updated maxmap 7: 31f (len: 487)
[1;94m[*] [0mFuzzing test case #235 (981 total, 0 uniq crashes found)...[0m
scheduled max input!!!!
schedule: 15 level4_2/ijon_max/15
[1;94m[*] [0mFuzzing test case #236 (981 total, 0 uniq crashes found)...[0m
scheduled max input!!!!
schedule: 4 level4_2/ijon_max/4
updated maxmap 4: 2eb (len: 465)
[1;94m[*] [0mFuzzing test case #237 (981 total, 0 uniq crashes found)...[0m
scheduled max input!!!!
schedule: 8 level4_2/ijon_max/8
[1;94m[*] [0mFuzzing test case #238 (981 total, 0 uniq crashes found)...[0m
scheduled max input!!!!
schedule: 12 level4_2/ijon_max/12
[1;94m[*] [0mFuzzing test case #239 (981 total, 0 uniq crashes found)...[0m
scheduled max input!!!!
schedule: 15 level4_2/ijon_max/15
[1;94m[*] [0mFuzzing test case #240 (981 total, 0 uniq crashes found)...[0m
scheduled max input!!!!
schedule: 2 level4_2/ijon_max/2
[1;94m[*] [0mFuzzing test case #241 (981 total, 0 uniq crashes found)...[0m
scheduled max input!!!!
schedule: 6 level4_2/ijon_max/6
updated maxmap 5: 32e (len: 487)
updated maxmap 5: 334 (len: 487)
updated maxmap 6: 32c (len: 487)
updated maxmap 7: 326 (len: 487)
updated maxmap 6: 32d (len: 487)
updated maxmap 5: 338 (len: 489)
updated maxmap 6: 331 (len: 489)
updated maxmap 7: 32a (len: 489)
updated maxmap 6: 334 (len: 489)
updated maxmap 7: 32e (len: 489)
updated maxmap 7: 32f (len: 487)
updated maxmap 5: 343 (len: 493)
updated maxmap 6: 346 (len: 493)
updated maxmap 4: 336 (len: 487)
updated maxmap 7: 349 (len: 494)
updated maxmap 4: 337 (len: 487)
updated maxmap 5: 347 (len: 495)
updated maxmap 6: 350 (len: 499)
updated maxmap 7: 353 (len: 499)
[1;94m[*] [0mFuzzing test case #242 (992 total, 0 uniq crashes found)...[0m
[1;94m[*] [0mFuzzing test case #243 (992 total, 0 uniq crashes found)...[0m
scheduled max input!!!!
schedule: 9 level4_2/ijon_max/9
[1;94m[*] [0mFuzzing test case #244 (992 total, 0 uniq crashes found)...[0m
[1;94m[*] [0mFuzzing test case #245 (992 total, 0 uniq crashes found)...[0m
scheduled max input!!!!
schedule: 2 level4_2/ijon_max/2
[1;94m[*] [0mFuzzing test case #246 (992 total, 0 uniq crashes found)...[0m
scheduled max input!!!!
schedule: 15 level4_2/ijon_max/15
[1;94m[*] [0mFuzzing test case #247 (992 total, 0 uniq crashes found)...[0m
scheduled max input!!!!
schedule: 10 level4_2/ijon_max/10
[1;94m[*] [0mFuzzing test case #248 (992 total, 0 uniq crashes found)...[0m
scheduled max input!!!!
schedule: 12 level4_2/ijon_max/12
[1;94m[*] [0mFuzzing test case #249 (992 total, 0 uniq crashes found)...[0m
scheduled max input!!!!
schedule: 13 level4_2/ijon_max/13
[1;94m[*] [0mFuzzing test case #250 (992 total, 0 uniq crashes found)...[0m
[1;94m[*] [0mFuzzing test case #251 (992 total, 0 uniq crashes found)...[0m
scheduled max input!!!!
schedule: 0 level4_2/ijon_max/0
[1;94m[*] [0mFuzzing test case #252 (992 total, 0 uniq crashes found)...[0m
[1;94m[*] [0mFuzzing test case #253 (992 total, 0 uniq crashes found)...[0m
scheduled max input!!!!
schedule: 13 level4_2/ijon_max/13
[1;94m[*] [0mFuzzing test case #254 (992 total, 0 uniq crashes found)...[0m
scheduled max input!!!!
schedule: 10 level4_2/ijon_max/10
[1;94m[*] [0mFuzzing test case #255 (992 total, 0 uniq crashes found)...[0m
[1;94m[*] [0mFuzzing test case #256 (992 total, 0 uniq crashes found)...[0m
scheduled max input!!!!
schedule: 3 level4_2/ijon_max/3
[1;94m[*] [0mFuzzing test case #257 (992 total, 0 uniq crashes found)...[0m
scheduled max input!!!!
schedule: 3 level4_2/ijon_max/3
[1;94m[*] [0mFuzzing test case #258 (992 total, 0 uniq crashes found)...[0m
scheduled max input!!!!
schedule: 8 level4_2/ijon_max/8
[1;94m[*] [0mFuzzing test case #259 (992 total, 0 uniq crashes found)...[0m
scheduled max input!!!!
schedule: 3 level4_2/ijon_max/3
[1;94m[*] [0mFuzzing test case #260 (992 total, 0 uniq crashes found)...[0m
scheduled max input!!!!
schedule: 0 level4_2/ijon_max/0
[1;94m[*] [0mFuzzing test case #261 (992 total, 0 uniq crashes found)...[0m
scheduled max input!!!!
schedule: 3 level4_2/ijon_max/3
[1;94m[*] [0mFuzzing test case #262 (992 total, 0 uniq crashes found)...[0m
scheduled max input!!!!
schedule: 5 level4_2/ijon_max/5
updated maxmap 5: 348 (len: 495)
[1;94m[*] [0mFuzzing test case #263 (993 total, 0 uniq crashes found)...[0m
scheduled max input!!!!
schedule: 10 level4_2/ijon_max/10
[1;94m[*] [0mFuzzing test case #264 (993 total, 0 uniq crashes found)...[0m
[1;94m[*] [0mFuzzing test case #265 (993 total, 0 uniq crashes found)...[0m
scheduled max input!!!!
schedule: 14 level4_2/ijon_max/14
[1;94m[*] [0mFuzzing test case #266 (993 total, 0 uniq crashes found)...[0m
scheduled max input!!!!
schedule: 10 level4_2/ijon_max/10
[1;94m[*] [0mFuzzing test case #267 (993 total, 0 uniq crashes found)...[0m
scheduled max input!!!!
schedule: 3 level4_2/ijon_max/3
[1;94m[*] [0mFuzzing test case #268 (993 total, 0 uniq crashes found)...[0m
scheduled max input!!!!
schedule: 13 level4_2/ijon_max/13
[1;94m[*] [0mFuzzing test case #269 (993 total, 0 uniq crashes found)...[0m
scheduled max input!!!!
schedule: 13 level4_2/ijon_max/13
[1;94m[*] [0mFuzzing test case #270 (993 total, 0 uniq crashes found)...[0m
[1;94m[*] [0mFuzzing test case #271 (993 total, 0 uniq crashes found)...[0m
scheduled max input!!!!
schedule: 9 level4_2/ijon_max/9
[1;94m[*] [0mFuzzing test case #272 (993 total, 0 uniq crashes found)...[0m
scheduled max input!!!!
schedule: 13 level4_2/ijon_max/13
[1;94m[*] [0mFuzzing test case #273 (993 total, 0 uniq crashes found)...[0m
scheduled max input!!!!
schedule: 8 level4_2/ijon_max/8
[1;94m[*] [0mFuzzing test case #274 (993 total, 0 uniq crashes found)...[0m
scheduled max input!!!!
schedule: 5 level4_2/ijon_max/5
updated maxmap 5: 34f (len: 500)
updated maxmap 6: 354 (len: 500)
[1;94m[*] [0mFuzzing test case #275 (993 total, 0 uniq crashes found)...[0m
[1;94m[*] [0mFuzzing test case #276 (993 total, 0 uniq crashes found)...[0m
scheduled max input!!!!
schedule: 13 level4_2/ijon_max/13
[1;94m[*] [0mFuzzing test case #277 (993 total, 0 uniq crashes found)...[0m
[1;94m[*] [0mFuzzing test case #278 (993 total, 0 uniq crashes found)...[0m
scheduled max input!!!!
schedule: 9 level4_2/ijon_max/9
[1;94m[*] [0mFuzzing test case #279 (993 total, 0 uniq crashes found)...[0m
scheduled max input!!!!
schedule: 3 level4_2/ijon_max/3
[1;94m[*] [0mFuzzing test case #280 (993 total, 0 uniq crashes found)...[0m
scheduled max input!!!!
schedule: 12 level4_2/ijon_max/12
[1;94m[*] [0mFuzzing test case #281 (994 total, 0 uniq crashes found)...[0m
[1;94m[*] [0mFuzzing test case #282 (994 total, 0 uniq crashes found)...[0m
[1;94m[*] [0mFuzzing test case #283 (994 total, 0 uniq crashes found)...[0m
scheduled max input!!!!
schedule: 0 level4_2/ijon_max/0
[1;94m[*] [0mFuzzing test case #284 (994 total, 0 uniq crashes found)...[0m
[1;94m[*] [0mFuzzing test case #285 (994 total, 0 uniq crashes found)...[0m
scheduled max input!!!!
schedule: 5 level4_2/ijon_max/5
updated maxmap 5: 356 (len: 500)
updated maxmap 5: 357 (len: 500)
updated maxmap 5: 362 (len: 514)
updated maxmap 6: 363 (len: 506)
updated maxmap 7: 361 (len: 506)
updated maxmap 5: 36f (len: 515)
updated maxmap 6: 365 (len: 508)
updated maxmap 7: 363 (len: 508)
[1;94m[*] [0mFuzzing test case #286 (1004 total, 0 uniq crashes found)...[0m
scheduled max input!!!!
schedule: 4 level4_2/ijon_max/4
[1;94m[*] [0mFuzzing test case #287 (1004 total, 0 uniq crashes found)...[0m
scheduled max input!!!!
schedule: 7 level4_2/ijon_max/7
updated maxmap 6: 366 (len: 508)
updated maxmap 7: 364 (len: 508)
updated maxmap 6: 367 (len: 508)
[1;94m[*] [0mFuzzing test case #288 (1004 total, 0 uniq crashes found)...[0m
scheduled max input!!!!
schedule: 2 level4_2/ijon_max/2
[1;94m[*] [0mFuzzing test case #289 (1004 total, 0 uniq crashes found)...[0m
scheduled max input!!!!
schedule: 6 level4_2/ijon_max/6
[1;94m[*] [0mFuzzing test case #290 (1004 total, 0 uniq crashes found)...[0m
scheduled max input!!!!
schedule: 8 level4_2/ijon_max/8
[1;94m[*] [0mFuzzing test case #291 (1004 total, 0 uniq crashes found)...[0m
scheduled max input!!!!
schedule: 0 level4_2/ijon_max/0
[1;94m[*] [0mFuzzing test case #292 (1004 total, 0 uniq crashes found)...[0m
scheduled max input!!!!
schedule: 7 level4_2/ijon_max/7
[1;94m[*] [0mFuzzing test case #293 (1004 total, 0 uniq crashes found)...[0m
scheduled max input!!!!
schedule: 0 level4_2/ijon_max/0
[1;94m[*] [0mFuzzing test case #294 (1004 total, 0 uniq crashes found)...[0m
[1;94m[*] [0mFuzzing test case #295 (1004 total, 0 uniq crashes found)...[0m
scheduled max input!!!!
schedule: 10 level4_2/ijon_max/10
[1;94m[*] [0mFuzzing test case #296 (1004 total, 0 uniq crashes found)...[0m
scheduled max input!!!!
schedule: 7 level4_2/ijon_max/7
updated maxmap 7: 365 (len: 508)
updated maxmap 0: 234 (len: 508)
updated maxmap 6: 368 (len: 508)
updated maxmap 7: 366 (len: 509)
[1;94m[*] [0mFuzzing test case #297 (1006 total, 0 uniq crashes found)...[0m
scheduled max input!!!!
schedule: 6 level4_2/ijon_max/6
updated maxmap 6: 372 (len: 513)
updated maxmap 7: 370 (len: 513)
[1;94m[*] [0mFuzzing test case #298 (1007 total, 0 uniq crashes found)...[0m
scheduled max input!!!!
schedule: 0 level4_2/ijon_max/0
[1;94m[*] [0mFuzzing test case #299 (1007 total, 0 uniq crashes found)...[0m
scheduled max input!!!!
schedule: 11 level4_2/ijon_max/11
[1;94m[*] [0mFuzzing test case #300 (1007 total, 0 uniq crashes found)...[0m
scheduled max input!!!!
schedule: 0 level4_2/ijon_max/0
[1;94m[*] [0mFuzzing test case #301 (1007 total, 0 uniq crashes found)...[0m
[1;94m[*] [0mFuzzing test case #302 (1007 total, 0 uniq crashes found)...[0m
scheduled max input!!!!
schedule: 2 level4_2/ijon_max/2
[1;94m[*] [0mFuzzing test case #303 (1007 total, 0 uniq crashes found)...[0m
scheduled max input!!!!
schedule: 3 level4_2/ijon_max/3
[1;94m[*] [0mFuzzing test case #304 (1007 total, 0 uniq crashes found)...[0m
scheduled max input!!!!
schedule: 12 level4_2/ijon_max/12
[1;94m[*] [0mFuzzing test case #305 (1007 total, 0 uniq crashes found)...[0m
scheduled max input!!!!
schedule: 12 level4_2/ijon_max/12
[1;94m[*] [0mFuzzing test case #306 (1007 total, 0 uniq crashes found)...[0m
scheduled max input!!!!
schedule: 2 level4_2/ijon_max/2
[1;94m[*] [0mFuzzing test case #307 (1007 total, 0 uniq crashes found)...[0m
scheduled max input!!!!
schedule: 9 level4_2/ijon_max/9
[1;94m[*] [0mFuzzing test case #308 (1007 total, 0 uniq crashes found)...[0m
scheduled max input!!!!
schedule: 7 level4_2/ijon_max/7
updated maxmap 6: 373 (len: 513)
[1;94m[*] [0mFuzzing test case #309 (1007 total, 0 uniq crashes found)...[0m
scheduled max input!!!!
schedule: 10 level4_2/ijon_max/10
[1;94m[*] [0mFuzzing test case #310 (1007 total, 0 uniq crashes found)...[0m
[1;94m[*] [0mFuzzing test case #311 (1007 total, 0 uniq crashes found)...[0m
scheduled max input!!!!
schedule: 7 level4_2/ijon_max/7
updated maxmap 6: 375 (len: 515)
[1;94m[*] [0mFuzzing test case #312 (1007 total, 0 uniq crashes found)...[0m
[1;94m[*] [0mFuzzing test case #313 (1007 total, 0 uniq crashes found)...[0m
[1;94m[*] [0mFuzzing test case #314 (1007 total, 0 uniq crashes found)...[0m
scheduled max input!!!!
schedule: 15 level4_2/ijon_max/15
[1;94m[*] [0mFuzzing test case #315 (1007 total, 0 uniq crashes found)...[0m
scheduled max input!!!!
schedule: 14 level4_2/ijon_max/14
[1;94m[*] [0mFuzzing test case #316 (1007 total, 0 uniq crashes found)...[0m
[1;94m[*] [0mFuzzing test case #317 (1007 total, 0 uniq crashes found)...[0m
scheduled max input!!!!
schedule: 7 level4_2/ijon_max/7
[1;94m[*] [0mFuzzing test case #318 (1007 total, 0 uniq crashes found)...[0m
scheduled max input!!!!
schedule: 7 level4_2/ijon_max/7
[1;94m[*] [0mFuzzing test case #319 (1007 total, 0 uniq crashes found)...[0m
scheduled max input!!!!
schedule: 13 level4_2/ijon_max/13
[1;94m[*] [0mFuzzing test case #320 (1007 total, 0 uniq crashes found)...[0m
scheduled max input!!!!
schedule: 4 level4_2/ijon_max/4
updated maxmap 4: 339 (len: 487)
[1;94m[*] [0mFuzzing test case #321 (1007 total, 0 uniq crashes found)...[0m
scheduled max input!!!!
schedule: 14 level4_2/ijon_max/14
[1;94m[*] [0mFuzzing test case #322 (1007 total, 0 uniq crashes found)...[0m
[1;94m[*] [0mFuzzing test case #323 (1007 total, 0 uniq crashes found)...[0m
scheduled max input!!!!
schedule: 7 level4_2/ijon_max/7
[1;94m[*] [0mFuzzing test case #324 (1007 total, 0 uniq crashes found)...[0m
scheduled max input!!!!
schedule: 4 level4_2/ijon_max/4
[1;94m[*] [0mFuzzing test case #325 (1007 total, 0 uniq crashes found)...[0m
scheduled max input!!!!
schedule: 5 level4_2/ijon_max/5
updated maxmap 7: 374 (len: 520)
updated maxmap 5: 370 (len: 521)
[1;94m[*] [0mFuzzing test case #326 (1007 total, 0 uniq crashes found)...[0m
scheduled max input!!!!
schedule: 12 level4_2/ijon_max/12
[1;94m[*] [0mFuzzing test case #327 (1007 total, 0 uniq crashes found)...[0m
scheduled max input!!!!
schedule: 12 level4_2/ijon_max/12
[1;94m[*] [0mFuzzing test case #328 (1007 total, 0 uniq crashes found)...[0m
scheduled max input!!!!
schedule: 8 level4_2/ijon_max/8
[1;94m[*] [0mFuzzing test case #329 (1007 total, 0 uniq crashes found)...[0m
[1;94m[*] [0mFuzzing test case #330 (1007 total, 0 uniq crashes found)...[0m
[1;94m[*] [0mFuzzing test case #331 (1007 total, 0 uniq crashes found)...[0m
scheduled max input!!!!
schedule: 12 level4_2/ijon_max/12
[1;94m[*] [0mFuzzing test case #332 (1007 total, 0 uniq crashes found)...[0m
[1;94m[*] [0mFuzzing test case #333 (1007 total, 0 uniq crashes found)...[0m
scheduled max input!!!!
schedule: 5 level4_2/ijon_max/5
updated maxmap 5: 372 (len: 522)
minimized maxmap 5: 372 (len: 521)
[1;94m[*] [0mFuzzing test case #334 (1007 total, 0 uniq crashes found)...[0m
scheduled max input!!!!
schedule: 8 level4_2/ijon_max/8
[1;94m[*] [0mFuzzing test case #335 (1007 total, 0 uniq crashes found)...[0m
scheduled max input!!!!
schedule: 9 level4_2/ijon_max/9
[1;94m[*] [0mFuzzing test case #336 (1007 total, 0 uniq crashes found)...[0m
scheduled max input!!!!
schedule: 3 level4_2/ijon_max/3
[1;94m[*] [0mFuzzing test case #337 (1007 total, 0 uniq crashes found)...[0m
scheduled max input!!!!
schedule: 7 level4_2/ijon_max/7
updated maxmap 5: 384 (len: 520)
updated maxmap 6: 376 (len: 520)
updated maxmap 7: 375 (len: 520)
[1;94m[*] [0mFuzzing test case #338 (1007 total, 0 uniq crashes found)...[0m
[1;94m[*] [0mFuzzing test case #339 (1007 total, 0 uniq crashes found)...[0m
scheduled max input!!!!
schedule: 13 level4_2/ijon_max/13
[1;94m[*] [0mFuzzing test case #340 (1007 total, 0 uniq crashes found)...[0m
[1;94m[*] [0mFuzzing test case #341 (1007 total, 0 uniq crashes found)...[0m
scheduled max input!!!!
schedule: 3 level4_2/ijon_max/3
[1;94m[*] [0mFuzzing test case #342 (1007 total, 0 uniq crashes found)...[0m
scheduled max input!!!!
schedule: 5 level4_2/ijon_max/5
updated maxmap 6: 384 (len: 520)
updated maxmap 5: 385 (len: 520)
updated maxmap 5: 393 (len: 527)
updated maxmap 6: 386 (len: 523)
[1;94m[*] [0mFuzzing test case #343 (1009 total, 0 uniq crashes found)...[0m
scheduled max input!!!!
schedule: 8 level4_2/ijon_max/8
[1;94m[*] [0mFuzzing test case #344 (1009 total, 0 uniq crashes found)...[0m
scheduled max input!!!!
schedule: 3 level4_2/ijon_max/3
[1;94m[*] [0mFuzzing test case #345 (1009 total, 0 uniq crashes found)...[0m
scheduled max input!!!!
schedule: 11 level4_2/ijon_max/11
[1;94m[*] [0mFuzzing test case #346 (1009 total, 0 uniq crashes found)...[0m
scheduled max input!!!!
schedule: 10 level4_2/ijon_max/10
[1;94m[*] [0mFuzzing test case #347 (1009 total, 0 uniq crashes found)...[0m
scheduled max input!!!!
schedule: 3 level4_2/ijon_max/3
[1;94m[*] [0mFuzzing test case #348 (1009 total, 0 uniq crashes found)...[0m
scheduled max input!!!!
schedule: 15 level4_2/ijon_max/15
[1;94m[*] [0mFuzzing test case #349 (1009 total, 0 uniq crashes found)...[0m
scheduled max input!!!!
schedule: 0 level4_2/ijon_max/0
[1;94m[*] [0mFuzzing test case #350 (1009 total, 0 uniq crashes found)...[0m
scheduled max input!!!!
schedule: 14 level4_2/ijon_max/14
[1;94m[*] [0mFuzzing test case #351 (1009 total, 0 uniq crashes found)...[0m
scheduled max input!!!!
schedule: 14 level4_2/ijon_max/14
[1;94m[*] [0mFuzzing test case #352 (1009 total, 0 uniq crashes found)...[0m
scheduled max input!!!!
schedule: 3 level4_2/ijon_max/3
[1;94m[*] [0mFuzzing test case #353 (1009 total, 0 uniq crashes found)...[0m
scheduled max input!!!!
schedule: 7 level4_2/ijon_max/7
[1;94m[*] [0mFuzzing test case #354 (1009 total, 0 uniq crashes found)...[0m
scheduled max input!!!!
schedule: 8 level4_2/ijon_max/8
[1;94m[*] [0mFuzzing test case #355 (1009 total, 0 uniq crashes found)...[0m
scheduled max input!!!!
schedule: 7 level4_2/ijon_max/7
updated maxmap 7: 37d (len: 522)
[1;94m[*] [0mFuzzing test case #356 (1009 total, 0 uniq crashes found)...[0m
scheduled max input!!!!
schedule: 7 level4_2/ijon_max/7
updated maxmap 7: 384 (len: 535)
[1;94m[*] [0mFuzzing test case #357 (1009 total, 0 uniq crashes found)...[0m
scheduled max input!!!!
schedule: 3 level4_2/ijon_max/3
[1;94m[*] [0mFuzzing test case #358 (1009 total, 0 uniq crashes found)...[0m
scheduled max input!!!!
schedule: 7 level4_2/ijon_max/7
updated maxmap 6: 387 (len: 535)
updated maxmap 7: 386 (len: 535)
updated maxmap 6: 38a (len: 535)
updated maxmap 5: 395 (len: 543)
updated maxmap 6: 391 (len: 543)
updated maxmap 7: 38b (len: 543)
updated maxmap 7: 394 (len: 535)
updated maxmap 5: 396 (len: 535)
updated maxmap 7: 39c (len: 543)
minimized maxmap 6: 391 (len: 535)
updated maxmap 5: 398 (len: 537)
updated maxmap 6: 392 (len: 535)
updated maxmap 5: 3a1 (len: 542)
updated maxmap 4: 37b (len: 535)
updated maxmap 6: 397 (len: 542)
updated maxmap 7: 39e (len: 542)
updated maxmap 6: 399 (len: 539)
updated maxmap 5: 3a2 (len: 543)
updated maxmap 6: 3a7 (len: 543)
updated maxmap 5: 3a5 (len: 542)
[1;94m[*] [0mFuzzing test case #359 (1016 total, 0 uniq crashes found)...[0m
scheduled max input!!!!
schedule: 5 level4_2/ijon_max/5
updated maxmap 5: 3a6 (len: 542)
updated maxmap 5: 3a7 (len: 542)
updated maxmap 5: 3a8 (len: 542)
[1;94m[*] [0mFuzzing test case #360 (1016 total, 0 uniq crashes found)...[0m
scheduled max input!!!!
schedule: 6 level4_2/ijon_max/6
updated maxmap 6: 3a8 (len: 543)
updated maxmap 6: 3aa (len: 543)
[1;94m[*] [0mFuzzing test case #361 (1016 total, 0 uniq crashes found)...[0m
scheduled max input!!!!
schedule: 4 level4_2/ijon_max/4
[1;94m[*] [0mFuzzing test case #362 (1016 total, 0 uniq crashes found)...[0m
scheduled max input!!!!
schedule: 15 level4_2/ijon_max/15
[1;94m[*] [0mFuzzing test case #363 (1016 total, 0 uniq crashes found)...[0m
scheduled max input!!!!
schedule: 7 level4_2/ijon_max/7
updated maxmap 7: 39f (len: 542)
updated maxmap 7: 3a0 (len: 542)
updated maxmap 7: 3a1 (len: 542)
updated maxmap 7: 3a2 (len: 542)
updated maxmap 5: 3a9 (len: 544)
[1;94m[*] [0mFuzzing test case #364 (1018 total, 0 uniq crashes found)...[0m
scheduled max input!!!!
schedule: 8 level4_2/ijon_max/8
[1;94m[*] [0mFuzzing test case #365 (1018 total, 0 uniq crashes found)...[0m
[1;94m[*] [0mFuzzing test case #366 (1018 total, 0 uniq crashes found)...[0m
scheduled max input!!!!
schedule: 15 level4_2/ijon_max/15
[1;94m[*] [0mFuzzing test case #367 (1018 total, 0 uniq crashes found)...[0m
[1;94m[*] [0mFuzzing test case #368 (1018 total, 0 uniq crashes found)...[0m
scheduled max input!!!!
schedule: 15 level4_2/ijon_max/15
[1;94m[*] [0mFuzzing test case #369 (1018 total, 0 uniq crashes found)...[0m
scheduled max input!!!!
schedule: 11 level4_2/ijon_max/11
[1;94m[*] [0mFuzzing test case #370 (1018 total, 0 uniq crashes found)...[0m
scheduled max input!!!!
schedule: 5 level4_2/ijon_max/5
[1;94m[*] [0mFuzzing test case #371 (1018 total, 0 uniq crashes found)...[0m
scheduled max input!!!!
schedule: 4 level4_2/ijon_max/4
[1;94m[*] [0mFuzzing test case #372 (1018 total, 0 uniq crashes found)...[0m
[1;94m[*] [0mFuzzing test case #373 (1018 total, 0 uniq crashes found)...[0m
scheduled max input!!!!
schedule: 5 level4_2/ijon_max/5
updated maxmap 6: 3ab (len: 544)
updated maxmap 4: 3a1 (len: 544)
[1;94m[*] [0mFuzzing test case #374 (1019 total, 0 uniq crashes found)...[0m
scheduled max input!!!!
schedule: 6 level4_2/ijon_max/6
updated maxmap 6: 3ac (len: 550)
updated maxmap 7: 3b5 (len: 550)
[1;94m[*] [0mFuzzing test case #375 (1019 total, 0 uniq crashes found)...[0m
scheduled max input!!!!
schedule: 10 level4_2/ijon_max/10
[1;94m[*] [0mFuzzing test case #376 (1019 total, 0 uniq crashes found)...[0m
scheduled max input!!!!
schedule: 4 level4_2/ijon_max/4
updated maxmap 4: 3a7 (len: 547)
updated maxmap 5: 3ae (len: 547)
updated maxmap 5: 3b1 (len: 550)
updated maxmap 6: 3b4 (len: 550)
minimized maxmap 4: 3a7 (len: 544)
updated maxmap 4: 3aa (len: 549)
[1;94m[*] [0mFuzzing test case #377 (1020 total, 0 uniq crashes found)...[0m
scheduled max input!!!!
schedule: 0 level4_2/ijon_max/0
[1;94m[*] [0mFuzzing test case #378 (1020 total, 0 uniq crashes found)...[0m
scheduled max input!!!!
schedule: 11 level4_2/ijon_max/11
[1;94m[*] [0mFuzzing test case #379 (1020 total, 0 uniq crashes found)...[0m
[1;94m[*] [0mFuzzing test case #380 (1020 total, 0 uniq crashes found)...[0m
scheduled max input!!!!
schedule: 0 level4_2/ijon_max/0
[1;94m[*] [0mFuzzing test case #381 (1020 total, 0 uniq crashes found)...[0m
[1;94m[*] [0mFuzzing test case #382 (1020 total, 0 uniq crashes found)...[0m
scheduled max input!!!!
schedule: 14 level4_2/ijon_max/14
[1;94m[*] [0mFuzzing test case #383 (1020 total, 0 uniq crashes found)...[0m
scheduled max input!!!!
schedule: 3 level4_2/ijon_max/3
[1;94m[*] [0mFuzzing test case #384 (1020 total, 0 uniq crashes found)...[0m
scheduled max input!!!!
schedule: 3 level4_2/ijon_max/3
[1;94m[*] [0mFuzzing test case #385 (1020 total, 0 uniq crashes found)...[0m
scheduled max input!!!!
schedule: 14 level4_2/ijon_max/14
[1;94m[*] [0mFuzzing test case #386 (1020 total, 0 uniq crashes found)...[0m
[1;94m[*] [0mFuzzing test case #387 (1020 total, 0 uniq crashes found)...[0m
scheduled max input!!!!
schedule: 10 level4_2/ijon_max/10
[1;94m[*] [0mFuzzing test case #388 (1020 total, 0 uniq crashes found)...[0m
scheduled max input!!!!
schedule: 5 level4_2/ijon_max/5
updated maxmap 5: 3cb (len: 558)
updated maxmap 6: 3c3 (len: 558)
updated maxmap 7: 3bc (len: 558)
[1;94m[*] [0mFuzzing test case #389 (1020 total, 0 uniq crashes found)...[0m
scheduled max input!!!!
schedule: 4 level4_2/ijon_max/4
updated maxmap 4: 3ab (len: 549)
updated maxmap 4: 3b0 (len: 549)
updated maxmap 4: 3b2 (len: 552)
[1;94m[*] [0mFuzzing test case #390 (1022 total, 0 uniq crashes found)...[0m
scheduled max input!!!!
schedule: 3 level4_2/ijon_max/3
[1;94m[*] [0mFuzzing test case #391 (1022 total, 0 uniq crashes found)...[0m
[1;94m[*] [0mFuzzing test case #392 (1022 total, 0 uniq crashes found)...[0m
scheduled max input!!!!
schedule: 0 level4_2/ijon_max/0
[1;94m[*] [0mFuzzing test case #393 (1022 total, 0 uniq crashes found)...[0m
scheduled max input!!!!
schedule: 2 level4_2/ijon_max/2
[1;94m[*] [0mFuzzing test case #394 (1022 total, 0 uniq crashes found)...[0m
scheduled max input!!!!
schedule: 5 level4_2/ijon_max/5
updated maxmap 5: 3cd (len: 558)
updated maxmap 6: 3c5 (len: 558)
updated maxmap 7: 3be (len: 558)
updated maxmap 5: 3cf (len: 558)
updated maxmap 6: 3c7 (len: 558)
updated maxmap 7: 3c0 (len: 558)
[1;94m[*] [0mFuzzing test case #395 (1022 total, 0 uniq crashes found)...[0m
scheduled max input!!!!
schedule: 5 level4_2/ijon_max/5
updated maxmap 6: 3c8 (len: 560)
updated maxmap 6: 3cb (len: 562)
updated maxmap 7: 3c6 (len: 562)
[1;94m[*] [0mFuzzing test case #396 (1023 total, 0 uniq crashes found)...[0m
scheduled max input!!!!
schedule: 2 level4_2/ijon_max/2
[1;94m[*] [0mFuzzing test case #397 (1023 total, 0 uniq crashes found)...[0m
scheduled max input!!!!
schedule: 3 level4_2/ijon_max/3
[1;94m[*] [0mFuzzing test case #398 (1023 total, 0 uniq crashes found)...[0m
[1;94m[*] [0mFuzzing test case #399 (1023 total, 0 uniq crashes found)...[0m
scheduled max input!!!!
schedule: 3 level4_2/ijon_max/3
[1;94m[*] [0mFuzzing test case #400 (1023 total, 0 uniq crashes found)...[0m
scheduled max input!!!!
schedule: 12 level4_2/ijon_max/12
[1;94m[*] [0mFuzzing test case #401 (1023 total, 0 uniq crashes found)...[0m
scheduled max input!!!!
schedule: 15 level4_2/ijon_max/15
[1;94m[*] [0mFuzzing test case #402 (1023 total, 0 uniq crashes found)...[0m
scheduled max input!!!!
schedule: 6 level4_2/ijon_max/6
updated maxmap 5: 3e9 (len: 570)
updated maxmap 6: 3da (len: 570)
updated maxmap 7: 3d4 (len: 570)
minimized maxmap 7: 3d4 (len: 562)
updated maxmap 7: 3de (len: 568)
updated maxmap 4: 3dc (len: 569)
[1;94m[*] [0mFuzzing test case #403 (1026 total, 0 uniq crashes found)...[0m
scheduled max input!!!!
schedule: 11 level4_2/ijon_max/11
[1;94m[*] [0mFuzzing test case #404 (1026 total, 0 uniq crashes found)...[0m
scheduled max input!!!!
schedule: 4 level4_2/ijon_max/4
updated maxmap 4: 3dd (len: 569)
updated maxmap 4: 3de (len: 569)
updated maxmap 4: 3f1 (len: 576)
updated maxmap 5: 3f6 (len: 576)
updated maxmap 6: 3dd (len: 576)
minimized maxmap 6: 3dd (len: 569)
updated maxmap 6: 3de (len: 569)
updated maxmap 6: 3df (len: 569)
[1;94m[*] [0mFuzzing test case #405 (1028 total, 0 uniq crashes found)...[0m
scheduled max input!!!!
schedule: 14 level4_2/ijon_max/14
[1;94m[*] [0mFuzzing test case #406 (1028 total, 0 uniq crashes found)...[0m
scheduled max input!!!!
schedule: 4 level4_2/ijon_max/4
updated maxmap 4: 3f2 (len: 576)
updated maxmap 5: 3f7 (len: 576)
updated maxmap 4: 3f3 (len: 576)
updated maxmap 5: 3f8 (len: 576)
[1;94m[*] [0mFuzzing test case #407 (1029 total, 0 uniq crashes found)...[0m
scheduled max input!!!!
schedule: 2 level4_2/ijon_max/2
updated maxmap 2: 241 (len: 398)
[1;94m[*] [0mFuzzing test case #408 (1029 total, 0 uniq crashes found)...[0m
scheduled max input!!!!
schedule: 3 level4_2/ijon_max/3
[1;94m[*] [0mFuzzing test case #409 (1029 total, 0 uniq crashes found)...[0m
[1;94m[*] [0mFuzzing test case #410 (1029 total, 0 uniq crashes found)...[0m
[1;94m[*] [0mFuzzing test case #411 (1029 total, 0 uniq crashes found)...[0m
scheduled max input!!!!
schedule: 0 level4_2/ijon_max/0
[1;94m[*] [0mFuzzing test case #412 (1029 total, 0 uniq crashes found)...[0m
scheduled max input!!!!
schedule: 4 level4_2/ijon_max/4
updated maxmap 6: 3f6 (len: 579)
updated maxmap 7: 3fc (len: 579)
[1;94m[*] [0mFuzzing test case #413 (1030 total, 0 uniq crashes found)...[0m
scheduled max input!!!!
schedule: 3 level4_2/ijon_max/3
[1;94m[*] [0mFuzzing test case #414 (1030 total, 0 uniq crashes found)...[0m
[1;94m[*] [0mFuzzing test case #415 (1030 total, 0 uniq crashes found)...[0m
[1;94m[*] [0mFuzzing test case #416 (1030 total, 0 uniq crashes found)...[0m
scheduled max input!!!!
schedule: 4 level4_2/ijon_max/4
updated maxmap 5: 3fc (len: 583)
updated maxmap 6: 406 (len: 583)
updated maxmap 7: 409 (len: 583)
[1;94m[*] [0mFuzzing test case #417 (1032 total, 0 uniq crashes found)...[0m
[1;94m[*] [0mFuzzing test case #418 (1032 total, 0 uniq crashes found)...[0m
scheduled max input!!!!
schedule: 7 level4_2/ijon_max/7
updated maxmap 5: 3fd (len: 583)
updated maxmap 6: 407 (len: 583)
updated maxmap 5: 3ff (len: 584)
updated maxmap 6: 409 (len: 584)
updated maxmap 7: 40b (len: 584)
minimized maxmap 5: 3ff (len: 583)
minimized maxmap 6: 409 (len: 583)
updated maxmap 5: 40a (len: 583)
[1;94m[*] [0mFuzzing test case #419 (1032 total, 0 uniq crashes found)...[0m
scheduled max input!!!!
schedule: 0 level4_2/ijon_max/0
[1;94m[*] [0mFuzzing test case #420 (1032 total, 0 uniq crashes found)...[0m
scheduled max input!!!!
schedule: 12 level4_2/ijon_max/12
[1;94m[*] [0mFuzzing test case #421 (1032 total, 0 uniq crashes found)...[0m
scheduled max input!!!!
schedule: 3 level4_2/ijon_max/3
[1;94m[*] [0mFuzzing test case #422 (1032 total, 0 uniq crashes found)...[0m
scheduled max input!!!!
schedule: 0 level4_2/ijon_max/0
[1;94m[*] [0mFuzzing test case #423 (1032 total, 0 uniq crashes found)...[0m
scheduled max input!!!!
schedule: 4 level4_2/ijon_max/4
[1;94m[*] [0mFuzzing test case #424 (1032 total, 0 uniq crashes found)...[0m
scheduled max input!!!!
schedule: 8 level4_2/ijon_max/8
updated maxmap 8: 224 (len: 370)
[1;94m[*] [0mFuzzing test case #425 (1032 total, 0 uniq crashes found)...[0m
scheduled max input!!!!
schedule: 3 level4_2/ijon_max/3
[1;94m[*] [0mFuzzing test case #426 (1032 total, 0 uniq crashes found)...[0m
scheduled max input!!!!
schedule: 0 level4_2/ijon_max/0
[1;94m[*] [0mFuzzing test case #427 (1032 total, 0 uniq crashes found)...[0m
[1;94m[*] [0mFuzzing test case #428 (1032 total, 0 uniq crashes found)...[0m
scheduled max input!!!!
schedule: 4 level4_2/ijon_max/4
[1;94m[*] [0mFuzzing test case #429 (1032 total, 0 uniq crashes found)...[0m
scheduled max input!!!!
schedule: 15 level4_2/ijon_max/15
[1;94m[*] [0mFuzzing test case #430 (1032 total, 0 uniq crashes found)...[0m
scheduled max input!!!!
schedule: 11 level4_2/ijon_max/11
[1;94m[*] [0mFuzzing test case #431 (1032 total, 0 uniq crashes found)...[0m
scheduled max input!!!!
schedule: 8 level4_2/ijon_max/8
[1;94m[*] [0mFuzzing test case #432 (1032 total, 0 uniq crashes found)...[0m
scheduled max input!!!!
schedule: 10 level4_2/ijon_max/10
[1;94m[*] [0mFuzzing test case #433 (1032 total, 0 uniq crashes found)...[0m
scheduled max input!!!!
schedule: 10 level4_2/ijon_max/10
[1;94m[*] [0mFuzzing test case #434 (1032 total, 0 uniq crashes found)...[0m
scheduled max input!!!!
schedule: 3 level4_2/ijon_max/3
[1;94m[*] [0mFuzzing test case #435 (1032 total, 0 uniq crashes found)...[0m
scheduled max input!!!!
schedule: 8 level4_2/ijon_max/8
[1;94m[*] [0mFuzzing test case #436 (1032 total, 0 uniq crashes found)...[0m
scheduled max input!!!!
schedule: 12 level4_2/ijon_max/12
[1;94m[*] [0mFuzzing test case #437 (1032 total, 0 uniq crashes found)...[0m
[1;94m[*] [0mFuzzing test case #438 (1032 total, 0 uniq crashes found)...[0m
[1;94m[*] [0mFuzzing test case #439 (1032 total, 0 uniq crashes found)...[0m
scheduled normal input!!!!
[1;94m[*] [0mFuzzing test case #440 (1032 total, 0 uniq crashes found)...[0m
scheduled max input!!!!
schedule: 13 level4_2/ijon_max/13
[1;94m[*] [0mFuzzing test case #441 (1032 total, 0 uniq crashes found)...[0m
scheduled max input!!!!
schedule: 10 level4_2/ijon_max/10
[1;94m[*] [0mFuzzing test case #442 (1032 total, 0 uniq crashes found)...[0m
scheduled max input!!!!
schedule: 5 level4_2/ijon_max/5
updated maxmap 5: 40b (len: 583)
[1;94m[*] [0mFuzzing test case #443 (1032 total, 0 uniq crashes found)...[0m
[1;94m[*] [0mFuzzing test case #444 (1032 total, 0 uniq crashes found)...[0m
scheduled max input!!!!
schedule: 5 level4_2/ijon_max/5
updated maxmap 5: 40d (len: 589)
updated maxmap 5: 418 (len: 590)
updated maxmap 6: 412 (len: 590)
updated maxmap 7: 40c (len: 590)
updated maxmap 4: 3f4 (len: 583)
updated maxmap 4: 3f6 (len: 583)
updated maxmap 4: 40c (len: 583)
[1;94m[*] [0mFuzzing test case #445 (1034 total, 0 uniq crashes found)...[0m
scheduled max input!!!!
schedule: 13 level4_2/ijon_max/13
[1;94m[*] [0mFuzzing test case #446 (1034 total, 0 uniq crashes found)...[0m
scheduled max input!!!!
schedule: 14 level4_2/ijon_max/14
[1;94m[*] [0mFuzzing test case #447 (1034 total, 0 uniq crashes found)...[0m
scheduled max input!!!!
schedule: 9 level4_2/ijon_max/9
[1;94m[*] [0mFuzzing test case #448 (1034 total, 0 uniq crashes found)...[0m
scheduled max input!!!!
schedule: 0 level4_2/ijon_max/0
[1;94m[*] [0mFuzzing test case #449 (1034 total, 0 uniq crashes found)...[0m
scheduled max input!!!!
schedule: 7 level4_2/ijon_max/7
updated maxmap 5: 420 (len: 596)
updated maxmap 6: 41a (len: 596)
updated maxmap 7: 414 (len: 596)
minimized maxmap 7: 414 (len: 590)
updated maxmap 7: 415 (len: 590)
[1;94m[*] [0mFuzzing test case #450 (1035 total, 0 uniq crashes found)...[0m
scheduled max input!!!!
schedule: 5 level4_2/ijon_max/5
[1;94m[*] [0mFuzzing test case #451 (1035 total, 0 uniq crashes found)...[0m
scheduled max input!!!!
schedule: 7 level4_2/ijon_max/7
[1;94m[*] [0mFuzzing test case #452 (1035 total, 0 uniq crashes found)...[0m
scheduled max input!!!!
schedule: 15 level4_2/ijon_max/15
[1;94m[*] [0mFuzzing test case #453 (1035 total, 0 uniq crashes found)...[0m
scheduled max input!!!!
schedule: 6 level4_2/ijon_max/6
updated maxmap 6: 41b (len: 596)
updated maxmap 5: 421 (len: 596)
[1;94m[*] [0mFuzzing test case #454 (1037 total, 0 uniq crashes found)...[0m
scheduled max input!!!!
schedule: 0 level4_2/ijon_max/0
[1;94m[*] [0mFuzzing test case #455 (1037 total, 0 uniq crashes found)...[0m
[1;94m[*] [0mFuzzing test case #456 (1037 total, 0 uniq crashes found)...[0m
scheduled max input!!!!
schedule: 7 level4_2/ijon_max/7
[1;94m[*] [0mFuzzing test case #457 (1037 total, 0 uniq crashes found)...[0m
scheduled max input!!!!
schedule: 2 level4_2/ijon_max/2
[1;94m[*] [0mFuzzing test case #458 (1037 total, 0 uniq crashes found)...[0m
scheduled max input!!!!
schedule: 10 level4_2/ijon_max/10
[1;94m[*] [0mFuzzing test case #459 (1037 total, 0 uniq crashes found)...[0m
scheduled max input!!!!
schedule: 4 level4_2/ijon_max/4
updated maxmap 4: 40e (len: 586)
[1;94m[*] [0mFuzzing test case #460 (1037 total, 0 uniq crashes found)...[0m
scheduled max input!!!!
schedule: 2 level4_2/ijon_max/2
[1;94m[*] [0mFuzzing test case #461 (1037 total, 0 uniq crashes found)...[0m
[1;94m[*] [0mFuzzing test case #462 (1037 total, 0 uniq crashes found)...[0m
[1;94m[*] [0mFuzzing test case #463 (1037 total, 0 uniq crashes found)...[0m
scheduled max input!!!!
schedule: 4 level4_2/ijon_max/4
updated maxmap 4: 40f (len: 586)
[1;94m[*] [0mFuzzing test case #464 (1038 total, 0 uniq crashes found)...[0m
scheduled max input!!!!
schedule: 11 level4_2/ijon_max/11
[1;94m[*] [0mFuzzing test case #465 (1038 total, 0 uniq crashes found)...[0m
[1;94m[*] [0mFuzzing test case #466 (1038 total, 0 uniq crashes found)...[0m
[1;94m[*] [0mFuzzing test case #467 (1038 total, 0 uniq crashes found)...[0m
scheduled max input!!!!
schedule: 7 level4_2/ijon_max/7
[1;94m[*] [0mFuzzing test case #468 (1038 total, 0 uniq crashes found)...[0m
scheduled max input!!!!
schedule: 2 level4_2/ijon_max/2
[1;94m[*] [0mFuzzing test case #469 (1038 total, 0 uniq crashes found)...[0m
scheduled max input!!!!
schedule: 7 level4_2/ijon_max/7
[1;94m[*] [0mFuzzing test case #470 (1038 total, 0 uniq crashes found)...[0m
scheduled max input!!!!
schedule: 2 level4_2/ijon_max/2
[1;94m[*] [0mFuzzing test case #471 (1038 total, 0 uniq crashes found)...[0m
scheduled max input!!!!
schedule: 3 level4_2/ijon_max/3
[1;94m[*] [0mFuzzing test case #472 (1038 total, 0 uniq crashes found)...[0m
scheduled max input!!!!
schedule: 9 level4_2/ijon_max/9
[1;94m[*] [0mFuzzing test case #473 (1038 total, 0 uniq crashes found)...[0m
scheduled max input!!!!
schedule: 9 level4_2/ijon_max/9
[1;94m[*] [0mFuzzing test case #474 (1038 total, 0 uniq crashes found)...[0m
scheduled max input!!!!
schedule: 2 level4_2/ijon_max/2
updated maxmap 3: 243 (len: 398)
[1;94m[*] [0mFuzzing test case #475 (1038 total, 0 uniq crashes found)...[0m
scheduled max input!!!!
schedule: 15 level4_2/ijon_max/15
[1;94m[*] [0mFuzzing test case #476 (1038 total, 0 uniq crashes found)...[0m
scheduled max input!!!!
schedule: 11 level4_2/ijon_max/11
[1;94m[*] [0mFuzzing test case #477 (1038 total, 0 uniq crashes found)...[0m
scheduled max input!!!!
schedule: 2 level4_2/ijon_max/2
[1;94m[*] [0mFuzzing test case #478 (1038 total, 0 uniq crashes found)...[0m
scheduled max input!!!!
schedule: 15 level4_2/ijon_max/15
[1;94m[*] [0mFuzzing test case #479 (1038 total, 0 uniq crashes found)...[0m
scheduled max input!!!!
schedule: 11 level4_2/ijon_max/11
[1;94m[*] [0mFuzzing test case #480 (1038 total, 0 uniq crashes found)...[0m
[1;94m[*] [0mFuzzing test case #481 (1038 total, 0 uniq crashes found)...[0m
scheduled max input!!!!
schedule: 14 level4_2/ijon_max/14
[1;94m[*] [0mFuzzing test case #482 (1038 total, 0 uniq crashes found)...[0m
scheduled max input!!!!
schedule: 4 level4_2/ijon_max/4
[1;94m[*] [0mFuzzing test case #483 (1038 total, 0 uniq crashes found)...[0m
scheduled max input!!!!
schedule: 6 level4_2/ijon_max/6
updated maxmap 6: 41c (len: 596)
updated maxmap 7: 416 (len: 596)
[1;94m[*] [0mFuzzing test case #484 (1038 total, 0 uniq crashes found)...[0m
[1;94m[*] [0mFuzzing test case #485 (1038 total, 0 uniq crashes found)...[0m
[1;94m[*] [0mFuzzing test case #486 (1038 total, 0 uniq crashes found)...[0m
scheduled max input!!!!
schedule: 13 level4_2/ijon_max/13
[1;94m[*] [0mFuzzing test case #487 (1038 total, 0 uniq crashes found)...[0m
scheduled max input!!!!
schedule: 13 level4_2/ijon_max/13
[1;94m[*] [0mFuzzing test case #488 (1038 total, 0 uniq crashes found)...[0m
scheduled max input!!!!
schedule: 10 level4_2/ijon_max/10
[1;94m[*] [0mFuzzing test case #489 (1038 total, 0 uniq crashes found)...[0m
scheduled max input!!!!
schedule: 0 level4_2/ijon_max/0
[1;94m[*] [0mFuzzing test case #490 (1038 total, 0 uniq crashes found)...[0m
scheduled max input!!!!
schedule: 3 level4_2/ijon_max/3
[1;94m[*] [0mFuzzing test case #491 (1038 total, 0 uniq crashes found)...[0m
scheduled max input!!!!
schedule: 7 level4_2/ijon_max/7
updated maxmap 6: 41d (len: 598)
updated maxmap 7: 418 (len: 598)
minimized maxmap 6: 41d (len: 596)
minimized maxmap 7: 418 (len: 596)
updated maxmap 6: 41e (len: 596)
updated maxmap 7: 419 (len: 596)
[1;94m[*] [0mFuzzing test case #492 (1038 total, 0 uniq crashes found)...[0m
scheduled max input!!!!
schedule: 8 level4_2/ijon_max/8
[1;94m[*] [0mFuzzing test case #493 (1038 total, 0 uniq crashes found)...[0m
[1;94m[*] [0mFuzzing test case #494 (1038 total, 0 uniq crashes found)...[0m
scheduled max input!!!!
schedule: 2 level4_2/ijon_max/2
[1;94m[*] [0mFuzzing test case #495 (1038 total, 0 uniq crashes found)...[0m
scheduled max input!!!!
schedule: 13 level4_2/ijon_max/13
[1;94m[*] [0mFuzzing test case #496 (1038 total, 0 uniq crashes found)...[0m
scheduled max input!!!!
schedule: 11 level4_2/ijon_max/11
[1;94m[*] [0mFuzzing test case #497 (1038 total, 0 uniq crashes found)...[0m
scheduled max input!!!!
schedule: 14 level4_2/ijon_max/14
[1;94m[*] [0mFuzzing test case #498 (1038 total, 0 uniq crashes found)...[0m
scheduled max input!!!!
schedule: 2 level4_2/ijon_max/2
[1;94m[*] [0mFuzzing test case #499 (1038 total, 0 uniq crashes found)...[0m
scheduled max input!!!!
schedule: 3 level4_2/ijon_max/3
[1;94m[*] [0mFuzzing test case #500 (1038 total, 0 uniq crashes found)...[0m
scheduled max input!!!!
schedule: 11 level4_2/ijon_max/11
[1;94m[*] [0mFuzzing test case #501 (1038 total, 0 uniq crashes found)...[0m
scheduled max input!!!!
schedule: 12 level4_2/ijon_max/12
[1;94m[*] [0mFuzzing test case #502 (1039 total, 0 uniq crashes found)...[0m
[1;94m[*] [0mFuzzing test case #503 (1039 total, 0 uniq crashes found)...[0m
scheduled max input!!!!
schedule: 14 level4_2/ijon_max/14
[1;94m[*] [0mFuzzing test case #504 (1039 total, 0 uniq crashes found)...[0m
scheduled max input!!!!
schedule: 0 level4_2/ijon_max/0
[1;94m[*] [0mFuzzing test case #505 (1039 total, 0 uniq crashes found)...[0m
scheduled max input!!!!
schedule: 6 level4_2/ijon_max/6
updated maxmap 6: 41f (len: 596)
updated maxmap 7: 41a (len: 596)
updated maxmap 5: 422 (len: 596)
updated maxmap 6: 420 (len: 596)
[1;94m[*] [0mFuzzing test case #506 (1039 total, 0 uniq crashes found)...[0m
scheduled max input!!!!
schedule: 15 level4_2/ijon_max/15
[1;94m[*] [0mFuzzing test case #507 (1039 total, 0 uniq crashes found)...[0m
scheduled max input!!!!
schedule: 11 level4_2/ijon_max/11
[1;94m[*] [0mFuzzing test case #508 (1039 total, 0 uniq crashes found)...[0m
[1;94m[*] [0mFuzzing test case #509 (1039 total, 0 uniq crashes found)...[0m
scheduled max input!!!!
schedule: 5 level4_2/ijon_max/5
updated maxmap 7: 41b (len: 596)
[1;94m[*] [0mFuzzing test case #510 (1039 total, 0 uniq crashes found)...[0m
[1;94m[*] [0mFuzzing test case #511 (1039 total, 0 uniq crashes found)...[0m
scheduled max input!!!!
schedule: 8 level4_2/ijon_max/8
[1;94m[*] [0mFuzzing test case #512 (1039 total, 0 uniq crashes found)...[0m
scheduled max input!!!!
schedule: 3 level4_2/ijon_max/3
updated maxmap 3: 245 (len: 398)
updated maxmap 10: 224 (len: 400)
[1;94m[*] [0mFuzzing test case #513 (1039 total, 0 uniq crashes found)...[0m
scheduled max input!!!!
schedule: 5 level4_2/ijon_max/5
[1;94m[*] [0mFuzzing test case #514 (1039 total, 0 uniq crashes found)...[0m
[1;94m[*] [0mFuzzing test case #515 (1039 total, 0 uniq crashes found)...[0m
scheduled max input!!!!
schedule: 15 level4_2/ijon_max/15
[1;94m[*] [0mFuzzing test case #516 (1039 total, 0 uniq crashes found)...[0m
scheduled max input!!!!
schedule: 11 level4_2/ijon_max/11
[1;94m[*] [0mFuzzing test case #517 (1039 total, 0 uniq crashes found)...[0m
[1;94m[*] [0mFuzzing test case #518 (1039 total, 0 uniq crashes found)...[0m
[1;94m[*] [0mFuzzing test case #519 (1039 total, 0 uniq crashes found)...[0m
scheduled max input!!!!
schedule: 14 level4_2/ijon_max/14
[1;94m[*] [0mFuzzing test case #520 (1039 total, 0 uniq crashes found)...[0m
scheduled max input!!!!
schedule: 9 level4_2/ijon_max/9
[1;94m[*] [0mFuzzing test case #521 (1039 total, 0 uniq crashes found)...[0m
scheduled max input!!!!
schedule: 13 level4_2/ijon_max/13
[1;94m[*] [0mFuzzing test case #522 (1039 total, 0 uniq crashes found)...[0m
scheduled max input!!!!
schedule: 7 level4_2/ijon_max/7
updated maxmap 6: 421 (len: 596)
updated maxmap 7: 41e (len: 596)
updated maxmap 6: 422 (len: 596)
updated maxmap 7: 41f (len: 596)
updated maxmap 5: 424 (len: 596)
[1;94m[*] [0mFuzzing test case #523 (1041 total, 0 uniq crashes found)...[0m
[1;94m[*] [0mFuzzing test case #524 (1041 total, 0 uniq crashes found)...[0m
scheduled max input!!!!
schedule: 14 level4_2/ijon_max/14
[1;94m[*] [0mFuzzing test case #525 (1041 total, 0 uniq crashes found)...[0m
[1;94m[*] [0mFuzzing test case #526 (1041 total, 0 uniq crashes found)...[0m
scheduled max input!!!!
schedule: 4 level4_2/ijon_max/4
[1;94m[*] [0mFuzzing test case #527 (1041 total, 0 uniq crashes found)...[0m
[1;94m[*] [0mFuzzing test case #528 (1041 total, 0 uniq crashes found)...[0m
[1;94m[*] [0mFuzzing test case #529 (1041 total, 0 uniq crashes found)...[0m
scheduled max input!!!!
schedule: 4 level4_2/ijon_max/4
[1;94m[*] [0mFuzzing test case #530 (1041 total, 0 uniq crashes found)...[0m
scheduled max input!!!!
schedule: 13 level4_2/ijon_max/13
[1;94m[*] [0mFuzzing test case #531 (1041 total, 0 uniq crashes found)...[0m
scheduled max input!!!!
schedule: 3 level4_2/ijon_max/3
[1;94m[*] [0mFuzzing test case #532 (1041 total, 0 uniq crashes found)...[0m
[1;94m[*] [0mFuzzing test case #533 (1041 total, 0 uniq crashes found)...[0m
scheduled max input!!!!
schedule: 5 level4_2/ijon_max/5
[1;94m[*] [0mFuzzing test case #534 (1041 total, 0 uniq crashes found)...[0m
scheduled max input!!!!
schedule: 5 level4_2/ijon_max/5
[1;94m[*] [0mFuzzing test case #535 (1041 total, 0 uniq crashes found)...[0m
scheduled max input!!!!
schedule: 5 level4_2/ijon_max/5
[1;94m[*] [0mFuzzing test case #536 (1041 total, 0 uniq crashes found)...[0m
[1;94m[*] [0mFuzzing test case #537 (1041 total, 0 uniq crashes found)...[0m
scheduled max input!!!!
schedule: 12 level4_2/ijon_max/12
[1;94m[*] [0mFuzzing test case #538 (1041 total, 0 uniq crashes found)...[0m
scheduled max input!!!!
schedule: 0 level4_2/ijon_max/0
[1;94m[*] [0mFuzzing test case #539 (1041 total, 0 uniq crashes found)...[0m
scheduled max input!!!!
schedule: 5 level4_2/ijon_max/5
[1;94m[*] [0mFuzzing test case #540 (1041 total, 0 uniq crashes found)...[0m
scheduled max input!!!!
schedule: 5 level4_2/ijon_max/5
updated maxmap 5: 425 (len: 596)
updated maxmap 5: 426 (len: 596)
updated maxmap 5: 427 (len: 596)
updated maxmap 5: 428 (len: 596)
updated maxmap 5: 429 (len: 599)
updated maxmap 6: 42b (len: 599)
updated maxmap 7: 421 (len: 596)
updated maxmap 4: 410 (len: 602)
minimized maxmap 4: 410 (len: 601)
updated maxmap 7: 422 (len: 597)
updated maxmap 7: 424 (len: 598)
updated maxmap 6: 42f (len: 600)
updated maxmap 7: 429 (len: 600)
[1;94m[*] [0mFuzzing test case #541 (1048 total, 0 uniq crashes found)...[0m
scheduled max input!!!!
schedule: 13 level4_2/ijon_max/13
[1;94m[*] [0mFuzzing test case #542 (1048 total, 0 uniq crashes found)...[0m
[1;94m[*] [0mFuzzing test case #543 (1048 total, 0 uniq crashes found)...[0m
scheduled max input!!!!
schedule: 10 level4_2/ijon_max/10
[1;94m[*] [0mFuzzing test case #544 (1048 total, 0 uniq crashes found)...[0m
scheduled max input!!!!
schedule: 11 level4_2/ijon_max/11
[1;94m[*] [0mFuzzing test case #545 (1048 total, 0 uniq crashes found)...[0m
[1;94m[*] [0mFuzzing test case #546 (1048 total, 0 uniq crashes found)...[0m
scheduled max input!!!!
schedule: 2 level4_2/ijon_max/2
[1;94m[*] [0mFuzzing test case #547 (1048 total, 0 uniq crashes found)...[0m
scheduled max input!!!!
schedule: 6 level4_2/ijon_max/6
updated maxmap 6: 430 (len: 600)
updated maxmap 7: 42a (len: 600)
updated maxmap 6: 431 (len: 600)
updated maxmap 7: 42b (len: 600)
updated maxmap 5: 435 (len: 605)
updated maxmap 6: 43d (len: 605)
updated maxmap 6: 446 (len: 608)
updated maxmap 7: 43e (len: 608)
[1;94m[*] [0mFuzzing test case #548 (1050 total, 0 uniq crashes found)...[0m
scheduled max input!!!!
schedule: 15 level4_2/ijon_max/15
[1;94m[*] [0mFuzzing test case #549 (1050 total, 0 uniq crashes found)...[0m
scheduled max input!!!!
schedule: 11 level4_2/ijon_max/11
[1;94m[*] [0mFuzzing test case #550 (1050 total, 0 uniq crashes found)...[0m
scheduled max input!!!!
schedule: 14 level4_2/ijon_max/14
[1;94m[*] [0mFuzzing test case #551 (1050 total, 0 uniq crashes found)...[0m
scheduled max input!!!!
schedule: 15 level4_2/ijon_max/15
[1;94m[*] [0mFuzzing test case #552 (1050 total, 0 uniq crashes found)...[0m
scheduled max input!!!!
schedule: 3 level4_2/ijon_max/3
[1;94m[*] [0mFuzzing test case #553 (1050 total, 0 uniq crashes found)...[0m
scheduled max input!!!!
schedule: 7 level4_2/ijon_max/7
updated maxmap 7: 43f (len: 608)
updated maxmap 6: 447 (len: 608)
[1;94m[*] [0mFuzzing test case #554 (1050 total, 0 uniq crashes found)...[0m
scheduled max input!!!!
schedule: 7 level4_2/ijon_max/7
[1;94m[*] [0mFuzzing test case #555 (1050 total, 0 uniq crashes found)...[0m
scheduled max input!!!!
schedule: 8 level4_2/ijon_max/8
[1;94m[*] [0mFuzzing test case #556 (1050 total, 0 uniq crashes found)...[0m
[1;94m[*] [0mFuzzing test case #557 (1050 total, 0 uniq crashes found)...[0m
scheduled max input!!!!
schedule: 6 level4_2/ijon_max/6
updated maxmap 7: 445 (len: 608)
[1;94m[*] [0mFuzzing test case #558 (1050 total, 0 uniq crashes found)...[0m
scheduled max input!!!!
schedule: 6 level4_2/ijon_max/6
updated maxmap 6: 449 (len: 609)
[1;94m[*] [0mFuzzing test case #559 (1050 total, 0 uniq crashes found)...[0m
[1;94m[*] [0mFuzzing test case #560 (1050 total, 0 uniq crashes found)...[0m
[1;94m[*] [0mFuzzing test case #561 (1050 total, 0 uniq crashes found)...[0m
scheduled max input!!!!
schedule: 6 level4_2/ijon_max/6
[1;94m[*] [0mFuzzing test case #562 (1050 total, 0 uniq crashes found)...[0m
scheduled max input!!!!
schedule: 12 level4_2/ijon_max/12
[1;94m[*] [0mFuzzing test case #563 (1050 total, 0 uniq crashes found)...[0m
[1;94m[*] [0mFuzzing test case #564 (1050 total, 0 uniq crashes found)...[0m
[1;94m[*] [0mFuzzing test case #565 (1050 total, 0 uniq crashes found)...[0m
scheduled max input!!!!
schedule: 0 level4_2/ijon_max/0
[1;94m[*] [0mFuzzing test case #566 (1050 total, 0 uniq crashes found)...[0m
scheduled max input!!!!
schedule: 13 level4_2/ijon_max/13
[1;94m[*] [0mFuzzing test case #567 (1050 total, 0 uniq crashes found)...[0m
scheduled max input!!!!
schedule: 11 level4_2/ijon_max/11
[1;94m[*] [0mFuzzing test case #568 (1050 total, 0 uniq crashes found)...[0m
[1;94m[*] [0mFuzzing test case #569 (1050 total, 0 uniq crashes found)...[0m
scheduled max input!!!!
schedule: 8 level4_2/ijon_max/8
[1;94m[*] [0mFuzzing test case #570 (1050 total, 0 uniq crashes found)...[0m
scheduled max input!!!!
schedule: 5 level4_2/ijon_max/5
updated maxmap 5: 438 (len: 611)
updated maxmap 6: 44c (len: 611)
updated maxmap 7: 447 (len: 611)
minimized maxmap 5: 438 (len: 605)
updated maxmap 5: 43d (len: 608)
[1;94m[*] [0mFuzzing test case #571 (1051 total, 0 uniq crashes found)...[0m
scheduled max input!!!!
schedule: 6 level4_2/ijon_max/6
updated maxmap 5: 448 (len: 611)
updated maxmap 4: 447 (len: 614)
updated maxmap 5: 44f (len: 614)
[1;94m[*] [0mFuzzing test case #572 (1051 total, 0 uniq crashes found)...[0m
scheduled max input!!!!
schedule: 15 level4_2/ijon_max/15
[1;94m[*] [0mFuzzing test case #573 (1051 total, 0 uniq crashes found)...[0m
scheduled max input!!!!
schedule: 4 level4_2/ijon_max/4
updated maxmap 4: 449 (len: 614)
updated maxmap 5: 450 (len: 614)
updated maxmap 5: 451 (len: 614)
[1;94m[*] [0mFuzzing test case #574 (1052 total, 0 uniq crashes found)...[0m
scheduled max input!!!!
schedule: 2 level4_2/ijon_max/2
[1;94m[*] [0mFuzzing test case #575 (1052 total, 0 uniq crashes found)...[0m
scheduled max input!!!!
schedule: 6 level4_2/ijon_max/6
updated maxmap 6: 44f (len: 612)
updated maxmap 7: 44b (len: 612)
minimized maxmap 7: 44b (len: 611)
[1;94m[*] [0mFuzzing test case #576 (1052 total, 0 uniq crashes found)...[0m
[1;94m[*] [0mFuzzing test case #577 (1052 total, 0 uniq crashes found)...[0m
scheduled max input!!!!
schedule: 9 level4_2/ijon_max/9
[1;94m[*] [0mFuzzing test case #578 (1052 total, 0 uniq crashes found)...[0m
scheduled max input!!!!
schedule: 7 level4_2/ijon_max/7
[1;94m[*] [0mFuzzing test case #579 (1052 total, 0 uniq crashes found)...[0m
scheduled max input!!!!
schedule: 14 level4_2/ijon_max/14
[1;94m[*] [0mFuzzing test case #580 (1052 total, 0 uniq crashes found)...[0m
scheduled max input!!!!
schedule: 6 level4_2/ijon_max/6
updated maxmap 6: 450 (len: 612)
[1;94m[*] [0mFuzzing test case #581 (1052 total, 0 uniq crashes found)...[0m
scheduled max input!!!!
schedule: 5 level4_2/ijon_max/5
updated maxmap 5: 456 (len: 617)
updated maxmap 6: 458 (len: 617)
updated maxmap 4: 44a (len: 614)
[1;94m[*] [0mFuzzing test case #582 (1053 total, 0 uniq crashes found)...[0m
scheduled max input!!!!
schedule: 5 level4_2/ijon_max/5
[1;94m[*] [0mFuzzing test case #583 (1053 total, 0 uniq crashes found)...[0m
scheduled max input!!!!
schedule: 10 level4_2/ijon_max/10
[1;94m[*] [0mFuzzing test case #584 (1053 total, 0 uniq crashes found)...[0m
scheduled max input!!!!
schedule: 13 level4_2/ijon_max/13
[1;94m[*] [0mFuzzing test case #585 (1053 total, 0 uniq crashes found)...[0m
scheduled max input!!!!
schedule: 0 level4_2/ijon_max/0
[1;94m[*] [0mFuzzing test case #586 (1053 total, 0 uniq crashes found)...[0m
scheduled max input!!!!
schedule: 0 level4_2/ijon_max/0
[1;94m[*] [0mFuzzing test case #587 (1053 total, 0 uniq crashes found)...[0m
scheduled max input!!!!
schedule: 15 level4_2/ijon_max/15
[1;94m[*] [0mFuzzing test case #588 (1053 total, 0 uniq crashes found)...[0m
scheduled max input!!!!
schedule: 0 level4_2/ijon_max/0
[1;94m[*] [0mFuzzing test case #589 (1053 total, 0 uniq crashes found)...[0m
scheduled max input!!!!
schedule: 10 level4_2/ijon_max/10
[1;94m[*] [0mFuzzing test case #590 (1053 total, 0 uniq crashes found)...[0m
[1;94m[*] [0mFuzzing test case #591 (1053 total, 0 uniq crashes found)...[0m
scheduled max input!!!!
schedule: 13 level4_2/ijon_max/13
[1;94m[*] [0mFuzzing test case #592 (1053 total, 0 uniq crashes found)...[0m
scheduled max input!!!!
schedule: 13 level4_2/ijon_max/13
[1;94m[*] [0mFuzzing test case #593 (1053 total, 0 uniq crashes found)...[0m
[1;94m[*] [0mFuzzing test case #594 (1053 total, 0 uniq crashes found)...[0m
scheduled max input!!!!
schedule: 6 level4_2/ijon_max/6
updated maxmap 5: 45c (len: 617)
updated maxmap 6: 45a (len: 619)
updated maxmap 7: 45f (len: 619)
minimized maxmap 6: 45a (len: 617)
updated maxmap 4: 453 (len: 617)
updated maxmap 5: 45d (len: 617)
[1;94m[*] [0mFuzzing test case #595 (1054 total, 0 uniq crashes found)...[0m
scheduled max input!!!!
schedule: 11 level4_2/ijon_max/11
[1;94m[*] [0mFuzzing test case #596 (1054 total, 0 uniq crashes found)...[0m
[1;94m[*] [0mFuzzing test case #597 (1054 total, 0 uniq crashes found)...[0m
scheduled max input!!!!
schedule: 4 level4_2/ijon_max/4
[1;94m[*] [0mFuzzing test case #598 (1054 total, 0 uniq crashes found)...[0m
scheduled max input!!!!
schedule: 11 level4_2/ijon_max/11
[1;94m[*] [0mFuzzing test case #599 (1054 total, 0 uniq crashes found)...[0m
scheduled max input!!!!
schedule: 2 level4_2/ijon_max/2
[1;94m[*] [0mFuzzing test case #600 (1054 total, 0 uniq crashes found)...[0m
scheduled max input!!!!
schedule: 15 level4_2/ijon_max/15
[1;94m[*] [0mFuzzing test case #601 (1054 total, 0 uniq crashes found)...[0m
scheduled max input!!!!
schedule: 3 level4_2/ijon_max/3
[1;94m[*] [0mFuzzing test case #602 (1054 total, 0 uniq crashes found)...[0m
scheduled max input!!!!
schedule: 13 level4_2/ijon_max/13
[1;94m[*] [0mFuzzing test case #603 (1054 total, 0 uniq crashes found)...[0m
scheduled max input!!!!
schedule: 6 level4_2/ijon_max/6
[1;94m[*] [0mFuzzing test case #604 (1054 total, 0 uniq crashes found)...[0m
scheduled max input!!!!
schedule: 5 level4_2/ijon_max/5
[1;94m[*] [0mFuzzing test case #605 (1054 total, 0 uniq crashes found)...[0m
scheduled max input!!!!
schedule: 3 level4_2/ijon_max/3
[1;94m[*] [0mFuzzing test case #606 (1054 total, 0 uniq crashes found)...[0m
[1;94m[*] [0mFuzzing test case #607 (1054 total, 0 uniq crashes found)...[0m
scheduled max input!!!!
schedule: 12 level4_2/ijon_max/12
[1;94m[*] [0mFuzzing test case #608 (1054 total, 0 uniq crashes found)...[0m
scheduled max input!!!!
schedule: 11 level4_2/ijon_max/11
[1;94m[*] [0mFuzzing test case #609 (1054 total, 0 uniq crashes found)...[0m
scheduled max input!!!!
schedule: 12 level4_2/ijon_max/12
[1;94m[*] [0mFuzzing test case #610 (1054 total, 0 uniq crashes found)...[0m
[1;94m[*] [0mFuzzing test case #611 (1054 total, 0 uniq crashes found)...[0m
scheduled max input!!!!
schedule: 11 level4_2/ijon_max/11
[1;94m[*] [0mFuzzing test case #612 (1054 total, 0 uniq crashes found)...[0m
scheduled max input!!!!
schedule: 11 level4_2/ijon_max/11
[1;94m[*] [0mFuzzing test case #613 (1054 total, 0 uniq crashes found)...[0m
scheduled max input!!!!
schedule: 10 level4_2/ijon_max/10
[1;94m[*] [0mFuzzing test case #614 (1054 total, 0 uniq crashes found)...[0m
scheduled max input!!!!
schedule: 9 level4_2/ijon_max/9
[1;94m[*] [0mFuzzing test case #615 (1054 total, 0 uniq crashes found)...[0m
scheduled max input!!!!
schedule: 7 level4_2/ijon_max/7
[1;94m[*] [0mFuzzing test case #616 (1054 total, 0 uniq crashes found)...[0m
scheduled max input!!!!
schedule: 14 level4_2/ijon_max/14
[1;94m[*] [0mFuzzing test case #617 (1054 total, 0 uniq crashes found)...[0m
[1;94m[*] [0mFuzzing test case #618 (1054 total, 0 uniq crashes found)...[0m
scheduled max input!!!!
schedule: 2 level4_2/ijon_max/2
[1;94m[*] [0mFuzzing test case #619 (1054 total, 0 uniq crashes found)...[0m
scheduled max input!!!!
schedule: 6 level4_2/ijon_max/6
[1;94m[*] [0mFuzzing test case #620 (1054 total, 0 uniq crashes found)...[0m
scheduled max input!!!!
schedule: 4 level4_2/ijon_max/4
[1;94m[*] [0mFuzzing test case #621 (1054 total, 0 uniq crashes found)...[0m
scheduled max input!!!!
schedule: 14 level4_2/ijon_max/14
[1;94m[*] [0mFuzzing test case #622 (1054 total, 0 uniq crashes found)...[0m
scheduled max input!!!!
schedule: 15 level4_2/ijon_max/15
[1;94m[*] [0mFuzzing test case #623 (1054 total, 0 uniq crashes found)...[0m
[1;94m[*] [0mFuzzing test case #624 (1054 total, 0 uniq crashes found)...[0m
scheduled max input!!!!
schedule: 4 level4_2/ijon_max/4
[1;94m[*] [0mFuzzing test case #625 (1054 total, 0 uniq crashes found)...[0m
scheduled max input!!!!
schedule: 3 level4_2/ijon_max/3
updated maxmap 13: 227 (len: 399)
[1;94m[*] [0mFuzzing test case #626 (1054 total, 0 uniq crashes found)...[0m
scheduled max input!!!!
schedule: 7 level4_2/ijon_max/7
updated maxmap 4: 45c (len: 619)
updated maxmap 4: 45f (len: 625)
updated maxmap 5: 46b (len: 625)
updated maxmap 6: 46e (len: 625)
[1;94m[*] [0mFuzzing test case #627 (1055 total, 0 uniq crashes found)...[0m
scheduled max input!!!!
schedule: 5 level4_2/ijon_max/5
updated maxmap 4: 463 (len: 626)
updated maxmap 5: 46f (len: 626)
updated maxmap 6: 472 (len: 626)
minimized maxmap 4: 463 (len: 625)
updated maxmap 5: 470 (len: 625)
[1;94m[*] [0mFuzzing test case #628 (1055 total, 0 uniq crashes found)...[0m
scheduled max input!!!!
schedule: 8 level4_2/ijon_max/8
[1;94m[*] [0mFuzzing test case #629 (1055 total, 0 uniq crashes found)...[0m
scheduled max input!!!!
schedule: 12 level4_2/ijon_max/12
[1;94m[*] [0mFuzzing test case #630 (1055 total, 0 uniq crashes found)...[0m
[1;94m[*] [0mFuzzing test case #631 (1055 total, 0 uniq crashes found)...[0m
[1;94m[*] [0mFuzzing test case #632 (1055 total, 0 uniq crashes found)...[0m
scheduled max input!!!!
schedule: 10 level4_2/ijon_max/10
[1;94m[*] [0mFuzzing test case #633 (1055 total, 0 uniq crashes found)...[0m
[1;94m[*] [0mFuzzing test case #634 (1055 total, 0 uniq crashes found)...[0m
scheduled max input!!!!
schedule: 15 level4_2/ijon_max/15
[1;94m[*] [0mFuzzing test case #635 (1055 total, 0 uniq crashes found)...[0m
[1;94m[*] [0mFuzzing test case #636 (1055 total, 0 uniq crashes found)...[0m
scheduled max input!!!!
schedule: 4 level4_2/ijon_max/4
updated maxmap 4: 464 (len: 628)
updated maxmap 5: 471 (len: 628)
minimized maxmap 4: 464 (len: 625)
updated maxmap 4: 466 (len: 625)
[1;94m[*] [0mFuzzing test case #637 (1055 total, 0 uniq crashes found)...[0m
[1;94m[*] [0mFuzzing test case #638 (1055 total, 0 uniq crashes found)...[0m
scheduled max input!!!!
schedule: 12 level4_2/ijon_max/12
[1;94m[*] [0mFuzzing test case #639 (1055 total, 0 uniq crashes found)...[0m
scheduled max input!!!!
schedule: 0 level4_2/ijon_max/0
[1;94m[*] [0mFuzzing test case #640 (1055 total, 0 uniq crashes found)...[0m
scheduled max input!!!!
schedule: 3 level4_2/ijon_max/3
[1;94m[*] [0mFuzzing test case #641 (1055 total, 0 uniq crashes found)...[0m
scheduled max input!!!!
schedule: 6 level4_2/ijon_max/6
[1;94m[*] [0mFuzzing test case #642 (1055 total, 0 uniq crashes found)...[0m
scheduled max input!!!!
schedule: 0 level4_2/ijon_max/0
[1;94m[*] [0mFuzzing test case #643 (1055 total, 0 uniq crashes found)...[0m
scheduled max input!!!!
schedule: 3 level4_2/ijon_max/3
[1;94m[*] [0mFuzzing test case #644 (1055 total, 0 uniq crashes found)...[0m
scheduled max input!!!!
schedule: 2 level4_2/ijon_max/2
[1;94m[*] [0mFuzzing test case #645 (1055 total, 0 uniq crashes found)...[0m
scheduled max input!!!!
schedule: 6 level4_2/ijon_max/6
updated maxmap 5: 473 (len: 630)
updated maxmap 6: 475 (len: 630)
updated maxmap 4: 467 (len: 626)
[1;94m[*] [0mFuzzing test case #646 (1055 total, 0 uniq crashes found)...[0m
scheduled max input!!!!
schedule: 10 level4_2/ijon_max/10
[1;94m[*] [0mFuzzing test case #647 (1055 total, 0 uniq crashes found)...[0m
scheduled max input!!!!
schedule: 11 level4_2/ijon_max/11
[1;94m[*] [0mFuzzing test case #648 (1055 total, 0 uniq crashes found)...[0m
scheduled max input!!!!
schedule: 5 level4_2/ijon_max/5
updated maxmap 6: 476 (len: 630)
[1;94m[*] [0mFuzzing test case #649 (1056 total, 0 uniq crashes found)...[0m
scheduled max input!!!!
schedule: 2 level4_2/ijon_max/2
[1;94m[*] [0mFuzzing test case #650 (1056 total, 0 uniq crashes found)...[0m
scheduled max input!!!!
schedule: 14 level4_2/ijon_max/14
updated maxmap 0: 239 (len: 403)
updated maxmap 14: 22e (len: 403)
updated maxmap 15: 237 (len: 403)
[1;94m[*] [0mFuzzing test case #651 (1056 total, 0 uniq crashes found)...[0m
scheduled max input!!!!
schedule: 3 level4_2/ijon_max/3
[1;94m[*] [0mFuzzing test case #652 (1056 total, 0 uniq crashes found)...[0m
scheduled max input!!!!
schedule: 15 level4_2/ijon_max/15
updated maxmap 0: 23b (len: 403)
updated maxmap 13: 228 (len: 403)
updated maxmap 14: 230 (len: 403)
updated maxmap 15: 239 (len: 403)
[1;94m[*] [0mFuzzing test case #653 (1056 total, 0 uniq crashes found)...[0m
scheduled max input!!!!
schedule: 14 level4_2/ijon_max/14
[1;94m[*] [0mFuzzing test case #654 (1056 total, 0 uniq crashes found)...[0m
scheduled max input!!!!
schedule: 15 level4_2/ijon_max/15
[1;94m[*] [0mFuzzing test case #655 (1056 total, 0 uniq crashes found)...[0m
scheduled max input!!!!
schedule: 6 level4_2/ijon_max/6
updated maxmap 4: 468 (len: 630)
updated maxmap 5: 475 (len: 630)
updated maxmap 6: 477 (len: 630)
[1;94m[*] [0mFuzzing test case #656 (1056 total, 0 uniq crashes found)...[0m
scheduled max input!!!!
schedule: 0 level4_2/ijon_max/0
[1;94m[*] [0mFuzzing test case #657 (1056 total, 0 uniq crashes found)...[0m
scheduled max input!!!!
schedule: 5 level4_2/ijon_max/5
updated maxmap 6: 47c (len: 636)
updated maxmap 7: 486 (len: 636)
updated maxmap 4: 469 (len: 630)
[1;94m[*] [0mFuzzing test case #658 (1057 total, 0 uniq crashes found)...[0m
scheduled max input!!!!
schedule: 7 level4_2/ijon_max/7
[1;94m[*] [0mFuzzing test case #659 (1057 total, 0 uniq crashes found)...[0m
scheduled max input!!!!
schedule: 10 level4_2/ijon_max/10
[1;94m[*] [0mFuzzing test case #660 (1057 total, 0 uniq crashes found)...[0m
[1;94m[*] [0mFuzzing test case #661 (1057 total, 0 uniq crashes found)...[0m
scheduled max input!!!!
schedule: 14 level4_2/ijon_max/14
[1;94m[*] [0mFuzzing test case #662 (1057 total, 0 uniq crashes found)...[0m
[1;94m[*] [0mFuzzing test case #663 (1057 total, 0 uniq crashes found)...[0m
[1;94m[*] [0mFuzzing test case #664 (1057 total, 0 uniq crashes found)...[0m
scheduled max input!!!!
schedule: 15 level4_2/ijon_max/15
[1;94m[*] [0mFuzzing test case #665 (1057 total, 0 uniq crashes found)...[0m
scheduled max input!!!!
schedule: 15 level4_2/ijon_max/15
[1;94m[*] [0mFuzzing test case #666 (1058 total, 0 uniq crashes found)...[0m
scheduled max input!!!!
schedule: 11 level4_2/ijon_max/11
[1;94m[*] [0mFuzzing test case #667 (1058 total, 0 uniq crashes found)...[0m
scheduled max input!!!!
schedule: 7 level4_2/ijon_max/7
[1;94m[*] [0mFuzzing test case #668 (1058 total, 0 uniq crashes found)...[0m
scheduled max input!!!!
schedule: 7 level4_2/ijon_max/7
updated maxmap 4: 484 (len: 638)
updated maxmap 5: 48b (len: 638)
updated maxmap 6: 47d (len: 636)
updated maxmap 7: 487 (len: 636)
[1;94m[*] [0mFuzzing test case #669 (1058 total, 0 uniq crashes found)...[0m
scheduled max input!!!!
schedule: 9 level4_2/ijon_max/9
[1;94m[*] [0mFuzzing test case #670 (1058 total, 0 uniq crashes found)...[0m
scheduled max input!!!!
schedule: 3 level4_2/ijon_max/3
[1;94m[*] [0mFuzzing test case #671 (1058 total, 0 uniq crashes found)...[0m
scheduled max input!!!!
schedule: 13 level4_2/ijon_max/13
[1;94m[*] [0mFuzzing test case #672 (1058 total, 0 uniq crashes found)...[0m
scheduled max input!!!!
schedule: 0 level4_2/ijon_max/0
[1;94m[*] [0mFuzzing test case #673 (1058 total, 0 uniq crashes found)...[0m
scheduled max input!!!!
schedule: 6 level4_2/ijon_max/6
[1;94m[*] [0mFuzzing test case #674 (1058 total, 0 uniq crashes found)...[0m
scheduled max input!!!!
schedule: 13 level4_2/ijon_max/13
[1;94m[*] [0mFuzzing test case #675 (1058 total, 0 uniq crashes found)...[0m
scheduled max input!!!!
schedule: 4 level4_2/ijon_max/4
updated maxmap 5: 48c (len: 638)
[1;94m[*] [0mFuzzing test case #676 (1059 total, 0 uniq crashes found)...[0m
scheduled max input!!!!
schedule: 8 level4_2/ijon_max/8
[1;94m[*] [0mFuzzing test case #677 (1059 total, 0 uniq crashes found)...[0m
scheduled max input!!!!
schedule: 4 level4_2/ijon_max/4
updated maxmap 4: 498 (len: 646)
updated maxmap 5: 49f (len: 646)
[1;94m[*] [0mFuzzing test case #678 (1060 total, 0 uniq crashes found)...[0m
[1;94m[*] [0mFuzzing test case #679 (1060 total, 0 uniq crashes found)...[0m
scheduled max input!!!!
schedule: 10 level4_2/ijon_max/10
[1;94m[*] [0mFuzzing test case #680 (1060 total, 0 uniq crashes found)...[0m
scheduled max input!!!!
schedule: 12 level4_2/ijon_max/12
[1;94m[*] [0mFuzzing test case #681 (1060 total, 0 uniq crashes found)...[0m
scheduled max input!!!!
schedule: 10 level4_2/ijon_max/10
[1;94m[*] [0mFuzzing test case #682 (1060 total, 0 uniq crashes found)...[0m
scheduled max input!!!!
schedule: 13 level4_2/ijon_max/13
[1;94m[*] [0mFuzzing test case #683 (1060 total, 0 uniq crashes found)...[0m
scheduled max input!!!!
schedule: 15 level4_2/ijon_max/15
[1;94m[*] [0mFuzzing test case #684 (1060 total, 0 uniq crashes found)...[0m
scheduled max input!!!!
schedule: 12 level4_2/ijon_max/12
[1;94m[*] [0mFuzzing test case #685 (1060 total, 0 uniq crashes found)...[0m
scheduled max input!!!!
schedule: 7 level4_2/ijon_max/7
[1;94m[*] [0mFuzzing test case #686 (1060 total, 0 uniq crashes found)...[0m
scheduled max input!!!!
schedule: 6 level4_2/ijon_max/6
[1;94m[*] [0mFuzzing test case #687 (1060 total, 0 uniq crashes found)...[0m
scheduled max input!!!!
schedule: 8 level4_2/ijon_max/8
[1;94m[*] [0mFuzzing test case #688 (1060 total, 0 uniq crashes found)...[0m
scheduled max input!!!!
schedule: 0 level4_2/ijon_max/0
[1;94m[*] [0mFuzzing test case #689 (1060 total, 0 uniq crashes found)...[0m
scheduled max input!!!!
schedule: 11 level4_2/ijon_max/11
[1;94m[*] [0mFuzzing test case #690 (1060 total, 0 uniq crashes found)...[0m
scheduled max input!!!!
schedule: 15 level4_2/ijon_max/15
[1;94m[*] [0mFuzzing test case #691 (1060 total, 0 uniq crashes found)...[0m
scheduled max input!!!!
schedule: 10 level4_2/ijon_max/10
[1;94m[*] [0mFuzzing test case #692 (1060 total, 0 uniq crashes found)...[0m
scheduled max input!!!!
schedule: 7 level4_2/ijon_max/7
updated maxmap 8: 486 (len: 636)
updated maxmap 7: 492 (len: 642)
updated maxmap 8: 48d (len: 642)
[1;94m[*] [0mFuzzing test case #693 (1060 total, 0 uniq crashes found)...[0m
[1;94m[*] [0mFuzzing test case #694 (1060 total, 0 uniq crashes found)...[0m
scheduled max input!!!!
schedule: 3 level4_2/ijon_max/3
[1;94m[*] [0mFuzzing test case #695 (1060 total, 0 uniq crashes found)...[0m
scheduled max input!!!!
schedule: 3 level4_2/ijon_max/3
[1;94m[*] [0mFuzzing test case #696 (1060 total, 0 uniq crashes found)...[0m
scheduled max input!!!!
schedule: 7 level4_2/ijon_max/7
updated maxmap 7: 496 (len: 642)
updated maxmap 8: 491 (len: 642)
[1;94m[*] [0mFuzzing test case #697 (1062 total, 0 uniq crashes found)...[0m
scheduled max input!!!!
schedule: 6 level4_2/ijon_max/6
[1;94m[*] [0mFuzzing test case #698 (1062 total, 0 uniq crashes found)...[0m
scheduled max input!!!!
schedule: 8 level4_2/ijon_max/8
[1;94m[*] [0mFuzzing test case #699 (1062 total, 0 uniq crashes found)...[0m
scheduled max input!!!!
schedule: 0 level4_2/ijon_max/0
[1;94m[*] [0mFuzzing test case #700 (1062 total, 0 uniq crashes found)...[0m
scheduled max input!!!!
schedule: 3 level4_2/ijon_max/3
[1;94m[*] [0mFuzzing test case #701 (1062 total, 0 uniq crashes found)...[0m
[1;94m[*] [0mFuzzing test case #702 (1062 total, 0 uniq crashes found)...[0m
scheduled max input!!!!
schedule: 10 level4_2/ijon_max/10
[1;94m[*] [0mFuzzing test case #703 (1062 total, 0 uniq crashes found)...[0m
[1;94m[*] [0mFuzzing test case #704 (1062 total, 0 uniq crashes found)...[0m
scheduled max input!!!!
schedule: 0 level4_2/ijon_max/0
[1;94m[*] [0mFuzzing test case #705 (1062 total, 0 uniq crashes found)...[0m
scheduled max input!!!!
schedule: 6 level4_2/ijon_max/6
updated maxmap 6: 47e (len: 643)
minimized maxmap 6: 47e (len: 636)
updated maxmap 6: 48e (len: 639)
[1;94m[*] [0mFuzzing test case #706 (1062 total, 0 uniq crashes found)...[0m
scheduled max input!!!!
schedule: 5 level4_2/ijon_max/5
updated maxmap 5: 4a0 (len: 646)
updated maxmap 7: 499 (len: 646)
updated maxmap 8: 494 (len: 646)
[1;94m[*] [0mFuzzing test case #707 (1062 total, 0 uniq crashes found)...[0m
scheduled max input!!!!
schedule: 14 level4_2/ijon_max/14
[1;94m[*] [0mFuzzing test case #708 (1062 total, 0 uniq crashes found)...[0m
[1;94m[*] [0mFuzzing test case #709 (1062 total, 0 uniq crashes found)...[0m
scheduled max input!!!!
schedule: 2 level4_2/ijon_max/2
[1;94m[*] [0mFuzzing test case #710 (1062 total, 0 uniq crashes found)...[0m
scheduled max input!!!!
schedule: 4 level4_2/ijon_max/4
updated maxmap 6: 4a4 (len: 653)
[1;94m[*] [0mFuzzing test case #711 (1062 total, 0 uniq crashes found)...[0m
scheduled max input!!!!
schedule: 6 level4_2/ijon_max/6
[1;94m[*] [0mFuzzing test case #712 (1062 total, 0 uniq crashes found)...[0m
scheduled max input!!!!
schedule: 14 level4_2/ijon_max/14
[1;94m[*] [0mFuzzing test case #713 (1062 total, 0 uniq crashes found)...[0m
scheduled max input!!!!
schedule: 7 level4_2/ijon_max/7
[1;94m[*] [0mFuzzing test case #714 (1062 total, 0 uniq crashes found)...[0m
scheduled max input!!!!
schedule: 6 level4_2/ijon_max/6
[1;94m[*] [0mFuzzing test case #715 (1062 total, 0 uniq crashes found)...[0m
scheduled max input!!!!
schedule: 13 level4_2/ijon_max/13
[1;94m[*] [0mFuzzing test case #716 (1062 total, 0 uniq crashes found)...[0m
scheduled max input!!!!
schedule: 8 level4_2/ijon_max/8
updated maxmap 7: 49a (len: 646)
updated maxmap 8: 495 (len: 646)
[1;94m[*] [0mFuzzing test case #717 (1062 total, 0 uniq crashes found)...[0m
scheduled max input!!!!
schedule: 15 level4_2/ijon_max/15
[1;94m[*] [0mFuzzing test case #718 (1062 total, 0 uniq crashes found)...[0m
[1;94m[*] [0mFuzzing test case #719 (1062 total, 0 uniq crashes found)...[0m
scheduled max input!!!!
schedule: 14 level4_2/ijon_max/14
updated maxmap 0: 23c (len: 403)
updated maxmap 14: 231 (len: 403)
updated maxmap 15: 23a (len: 403)
updated maxmap 0: 23d (len: 403)
[1;94m[*] [0mFuzzing test case #720 (1062 total, 0 uniq crashes found)...[0m
scheduled max input!!!!
schedule: 10 level4_2/ijon_max/10
[1;94m[*] [0mFuzzing test case #721 (1062 total, 0 uniq crashes found)...[0m
scheduled max input!!!!
schedule: 4 level4_2/ijon_max/4
updated maxmap 7: 49d (len: 646)
updated maxmap 8: 4a0 (len: 646)
updated maxmap 4: 49f (len: 646)
[1;94m[*] [0mFuzzing test case #722 (1062 total, 0 uniq crashes found)...[0m
scheduled max input!!!!
schedule: 10 level4_2/ijon_max/10
[1;94m[*] [0mFuzzing test case #723 (1062 total, 0 uniq crashes found)...[0m
scheduled max input!!!!
schedule: 0 level4_2/ijon_max/0
updated maxmap 15: 23b (len: 403)
[1;94m[*] [0mFuzzing test case #724 (1063 total, 0 uniq crashes found)...[0m
scheduled max input!!!!
schedule: 11 level4_2/ijon_max/11
[1;94m[*] [0mFuzzing test case #725 (1063 total, 0 uniq crashes found)...[0m
scheduled max input!!!!
schedule: 11 level4_2/ijon_max/11
[1;94m[*] [0mFuzzing test case #726 (1063 total, 0 uniq crashes found)...[0m
scheduled max input!!!!
schedule: 9 level4_2/ijon_max/9
[1;94m[*] [0mFuzzing test case #727 (1063 total, 0 uniq crashes found)...[0m
scheduled max input!!!!
schedule: 5 level4_2/ijon_max/5
[1;94m[*] [0mFuzzing test case #728 (1063 total, 0 uniq crashes found)...[0m
scheduled max input!!!!
schedule: 10 level4_2/ijon_max/10
[1;94m[*] [0mFuzzing test case #729 (1063 total, 0 uniq crashes found)...[0m
scheduled max input!!!!
schedule: 14 level4_2/ijon_max/14
[1;94m[*] [0mFuzzing test case #730 (1063 total, 0 uniq crashes found)...[0m
scheduled max input!!!!
schedule: 9 level4_2/ijon_max/9
[1;94m[*] [0mFuzzing test case #731 (1063 total, 0 uniq crashes found)...[0m
scheduled max input!!!!
schedule: 11 level4_2/ijon_max/11
[1;94m[*] [0mFuzzing test case #732 (1063 total, 0 uniq crashes found)...[0m
scheduled max input!!!!
schedule: 15 level4_2/ijon_max/15
updated maxmap 0: 23e (len: 408)
updated maxmap 13: 229 (len: 408)
updated maxmap 14: 232 (len: 408)
[1;94m[*] [0mFuzzing test case #733 (1063 total, 0 uniq crashes found)...[0m
scheduled max input!!!!
schedule: 10 level4_2/ijon_max/10
[1;94m[*] [0mFuzzing test case #734 (1063 total, 0 uniq crashes found)...[0m
scheduled max input!!!!
schedule: 6 level4_2/ijon_max/6
[1;94m[*] [0mFuzzing test case #735 (1063 total, 0 uniq crashes found)...[0m
[1;94m[*] [0mFuzzing test case #736 (1063 total, 0 uniq crashes found)...[0m
scheduled max input!!!!
schedule: 12 level4_2/ijon_max/12
[1;94m[*] [0mFuzzing test case #737 (1064 total, 0 uniq crashes found)...[0m
scheduled max input!!!!
schedule: 10 level4_2/ijon_max/10
[1;94m[*] [0mFuzzing test case #738 (1064 total, 0 uniq crashes found)...[0m
scheduled max input!!!!
schedule: 3 level4_2/ijon_max/3
[1;94m[*] [0mFuzzing test case #739 (1064 total, 0 uniq crashes found)...[0m
[1;94m[*] [0mFuzzing test case #740 (1064 total, 0 uniq crashes found)...[0m
[1;94m[*] [0mFuzzing test case #741 (1064 total, 0 uniq crashes found)...[0m
scheduled max input!!!!
schedule: 11 level4_2/ijon_max/11
[1;94m[*] [0mFuzzing test case #742 (1064 total, 0 uniq crashes found)...[0m
scheduled max input!!!!
schedule: 15 level4_2/ijon_max/15
updated maxmap 0: 23f (len: 403)
updated maxmap 15: 23c (len: 403)
[1;94m[*] [0mFuzzing test case #743 (1064 total, 0 uniq crashes found)...[0m
scheduled max input!!!!
schedule: 7 level4_2/ijon_max/7
[1;94m[*] [0mFuzzing test case #744 (1064 total, 0 uniq crashes found)...[0m
scheduled max input!!!!
schedule: 2 level4_2/ijon_max/2
[1;94m[*] [0mFuzzing test case #745 (1064 total, 0 uniq crashes found)...[0m
[1;94m[*] [0mFuzzing test case #746 (1064 total, 0 uniq crashes found)...[0m
scheduled max input!!!!
schedule: 11 level4_2/ijon_max/11
[1;94m[*] [0mFuzzing test case #747 (1064 total, 0 uniq crashes found)...[0m
scheduled max input!!!!
schedule: 5 level4_2/ijon_max/5
[1;94m[*] [0mFuzzing test case #748 (1064 total, 0 uniq crashes found)...[0m
scheduled max input!!!!
schedule: 6 level4_2/ijon_max/6
updated maxmap 6: 4aa (len: 653)
updated maxmap 7: 4af (len: 653)
updated maxmap 5: 4a2 (len: 653)
updated maxmap 6: 4ac (len: 653)
updated maxmap 5: 4a3 (len: 653)
updated maxmap 6: 4ad (len: 653)
updated maxmap 7: 4b0 (len: 653)
updated maxmap 5: 4a5 (len: 653)
updated maxmap 6: 4af (len: 653)
updated maxmap 7: 4b1 (len: 653)
[1;94m[*] [0mFuzzing test case #749 (1065 total, 0 uniq crashes found)...[0m
scheduled max input!!!!
schedule: 14 level4_2/ijon_max/14
[1;94m[*] [0mFuzzing test case #750 (1065 total, 0 uniq crashes found)...[0m
scheduled max input!!!!
schedule: 7 level4_2/ijon_max/7
updated maxmap 7: 4b3 (len: 654)
[1;94m[*] [0mFuzzing test case #751 (1065 total, 0 uniq crashes found)...[0m
scheduled max input!!!!
schedule: 6 level4_2/ijon_max/6
updated maxmap 6: 4b5 (len: 655)
[1;94m[*] [0mFuzzing test case #752 (1065 total, 0 uniq crashes found)...[0m
[1;94m[*] [0mFuzzing test case #753 (1065 total, 0 uniq crashes found)...[0m
scheduled max input!!!!
schedule: 7 level4_2/ijon_max/7
updated maxmap 7: 4b4 (len: 654)
[1;94m[*] [0mFuzzing test case #754 (1065 total, 0 uniq crashes found)...[0m
[1;94m[*] [0mFuzzing test case #755 (1065 total, 0 uniq crashes found)...[0m
scheduled max input!!!!
schedule: 13 level4_2/ijon_max/13
[1;94m[*] [0mFuzzing test case #756 (1065 total, 0 uniq crashes found)...[0m
scheduled max input!!!!
schedule: 4 level4_2/ijon_max/4
[1;94m[*] [0mFuzzing test case #757 (1065 total, 0 uniq crashes found)...[0m
[1;94m[*] [0mFuzzing test case #758 (1065 total, 0 uniq crashes found)...[0m
scheduled max input!!!!
schedule: 7 level4_2/ijon_max/7
[1;94m[*] [0mFuzzing test case #759 (1065 total, 0 uniq crashes found)...[0m
scheduled max input!!!!
schedule: 10 level4_2/ijon_max/10
[1;94m[*] [0mFuzzing test case #760 (1065 total, 0 uniq crashes found)...[0m
scheduled max input!!!!
schedule: 6 level4_2/ijon_max/6
[1;94m[*] [0mFuzzing test case #761 (1065 total, 0 uniq crashes found)...[0m
scheduled max input!!!!
schedule: 9 level4_2/ijon_max/9
[1;94m[*] [0mFuzzing test case #762 (1065 total, 0 uniq crashes found)...[0m
scheduled max input!!!!
schedule: 2 level4_2/ijon_max/2
[1;94m[*] [0mFuzzing test case #763 (1065 total, 0 uniq crashes found)...[0m
scheduled max input!!!!
schedule: 0 level4_2/ijon_max/0
updated maxmap 14: 233 (len: 403)
updated maxmap 15: 23d (len: 403)
[1;94m[*] [0mFuzzing test case #764 (1065 total, 0 uniq crashes found)...[0m
scheduled max input!!!!
schedule: 3 level4_2/ijon_max/3
[1;94m[*] [0mFuzzing test case #765 (1065 total, 0 uniq crashes found)...[0m
[1;94m[*] [0mFuzzing test case #766 (1065 total, 0 uniq crashes found)...[0m
scheduled max input!!!!
schedule: 0 level4_2/ijon_max/0
[1;94m[*] [0mFuzzing test case #767 (1065 total, 0 uniq crashes found)...[0m
scheduled max input!!!!
schedule: 8 level4_2/ijon_max/8
[1;94m[*] [0mFuzzing test case #768 (1065 total, 0 uniq crashes found)...[0m
scheduled max input!!!!
schedule: 3 level4_2/ijon_max/3
[1;94m[*] [0mFuzzing test case #769 (1065 total, 0 uniq crashes found)...[0m
scheduled max input!!!!
schedule: 10 level4_2/ijon_max/10
[1;94m[*] [0mFuzzing test case #770 (1065 total, 0 uniq crashes found)...[0m
scheduled max input!!!!
schedule: 4 level4_2/ijon_max/4
updated maxmap 4: 4a1 (len: 647)
updated maxmap 5: 4ab (len: 653)
[1;94m[*] [0mFuzzing test case #771 (1065 total, 0 uniq crashes found)...[0m
scheduled max input!!!!
schedule: 6 level4_2/ijon_max/6
updated maxmap 6: 4bf (len: 661)
updated maxmap 7: 4b9 (len: 661)
[1;94m[*] [0mFuzzing test case #772 (1066 total, 0 uniq crashes found)...[0m
[1;94m[*] [0mFuzzing test case #773 (1066 total, 0 uniq crashes found)...[0m
scheduled max input!!!!
schedule: 5 level4_2/ijon_max/5
updated maxmap 4: 4a2 (len: 653)
updated maxmap 5: 4ac (len: 653)
[1;94m[*] [0mFuzzing test case #774 (1066 total, 0 uniq crashes found)...[0m
scheduled max input!!!!
schedule: 15 level4_2/ijon_max/15
[1;94m[*] [0mFuzzing test case #775 (1066 total, 0 uniq crashes found)...[0m
[1;94m[*] [0mFuzzing test case #776 (1066 total, 0 uniq crashes found)...[0m
scheduled max input!!!!
schedule: 0 level4_2/ijon_max/0
[1;94m[*] [0mFuzzing test case #777 (1066 total, 0 uniq crashes found)...[0m
scheduled max input!!!!
schedule: 7 level4_2/ijon_max/7
updated maxmap 8: 4af (len: 661)
updated maxmap 5: 4c4 (len: 661)
updated maxmap 6: 4c0 (len: 661)
updated maxmap 7: 4ba (len: 661)
[1;94m[*] [0mFuzzing test case #778 (1067 total, 0 uniq crashes found)...[0m
scheduled max input!!!!
schedule: 5 level4_2/ijon_max/5
updated maxmap 5: 4c5 (len: 661)
updated maxmap 4: 4c2 (len: 666)
updated maxmap 5: 4cf (len: 666)
updated maxmap 6: 4d1 (len: 666)
minimized maxmap 4: 4c2 (len: 664)
minimized maxmap 4: 4c2 (len: 661)
updated maxmap 4: 4c3 (len: 661)
updated maxmap 4: 4c7 (len: 663)
updated maxmap 7: 4c0 (len: 665)
updated maxmap 7: 4c2 (len: 662)
[1;94m[*] [0mFuzzing test case #779 (1070 total, 0 uniq crashes found)...[0m
scheduled max input!!!!
schedule: 4 level4_2/ijon_max/4
[1;94m[*] [0mFuzzing test case #780 (1070 total, 0 uniq crashes found)...[0m
scheduled max input!!!!
schedule: 4 level4_2/ijon_max/4
updated maxmap 4: 4c8 (len: 663)
[1;94m[*] [0mFuzzing test case #781 (1070 total, 0 uniq crashes found)...[0m
scheduled max input!!!!
schedule: 14 level4_2/ijon_max/14
[1;94m[*] [0mFuzzing test case #782 (1070 total, 0 uniq crashes found)...[0m
scheduled max input!!!!
schedule: 4 level4_2/ijon_max/4
[1;94m[*] [0mFuzzing test case #783 (1070 total, 0 uniq crashes found)...[0m
[1;94m[*] [0mFuzzing test case #784 (1070 total, 0 uniq crashes found)...[0m
scheduled max input!!!!
schedule: 8 level4_2/ijon_max/8
[1;94m[*] [0mFuzzing test case #785 (1070 total, 0 uniq crashes found)...[0m
[1;94m[*] [0mFuzzing test case #786 (1070 total, 0 uniq crashes found)...[0m
scheduled max input!!!!
schedule: 5 level4_2/ijon_max/5
[1;94m[*] [0mFuzzing test case #787 (1070 total, 0 uniq crashes found)...[0m
scheduled max input!!!!
schedule: 9 level4_2/ijon_max/9
[1;94m[*] [0mFuzzing test case #788 (1070 total, 0 uniq crashes found)...[0m
scheduled max input!!!!
schedule: 8 level4_2/ijon_max/8
[1;94m[*] [0mFuzzing test case #789 (1070 total, 0 uniq crashes found)...[0m
[1;94m[*] [0mFuzzing test case #790 (1070 total, 0 uniq crashes found)...[0m
scheduled max input!!!!
schedule: 7 level4_2/ijon_max/7
updated maxmap 7: 4c4 (len: 662)
[1;94m[*] [0mFuzzing test case #791 (1070 total, 0 uniq crashes found)...[0m
scheduled max input!!!!
schedule: 5 level4_2/ijon_max/5
updated maxmap 6: 4d2 (len: 666)
[1;94m[*] [0mFuzzing test case #792 (1070 total, 0 uniq crashes found)...[0m
scheduled max input!!!!
schedule: 6 level4_2/ijon_max/6
[1;94m[*] [0mFuzzing test case #793 (1070 total, 0 uniq crashes found)...[0m
scheduled max input!!!!
schedule: 14 level4_2/ijon_max/14
[1;94m[*] [0mFuzzing test case #794 (1070 total, 0 uniq crashes found)...[0m
scheduled max input!!!!
schedule: 12 level4_2/ijon_max/12
[1;94m[*] [0mFuzzing test case #795 (1070 total, 0 uniq crashes found)...[0m
scheduled max input!!!!
schedule: 9 level4_2/ijon_max/9
[1;94m[*] [0mFuzzing test case #796 (1070 total, 0 uniq crashes found)...[0m
scheduled max input!!!!
schedule: 10 level4_2/ijon_max/10
[1;94m[*] [0mFuzzing test case #797 (1070 total, 0 uniq crashes found)...[0m
scheduled max input!!!!
schedule: 11 level4_2/ijon_max/11
[1;94m[*] [0mFuzzing test case #798 (1070 total, 0 uniq crashes found)...[0m
scheduled max input!!!!
schedule: 0 level4_2/ijon_max/0
[1;94m[*] [0mFuzzing test case #799 (1070 total, 0 uniq crashes found)...[0m
[1;94m[*] [0mFuzzing test case #800 (1070 total, 0 uniq crashes found)...[0m
[1;94m[*] [0mFuzzing test case #801 (1070 total, 0 uniq crashes found)...[0m
scheduled max input!!!!
schedule: 15 level4_2/ijon_max/15
[1;94m[*] [0mFuzzing test case #802 (1070 total, 0 uniq crashes found)...[0m
scheduled max input!!!!
schedule: 3 level4_2/ijon_max/3
[1;94m[*] [0mFuzzing test case #803 (1070 total, 0 uniq crashes found)...[0m
scheduled max input!!!!
schedule: 6 level4_2/ijon_max/6
[1;94m[*] [0mFuzzing test case #804 (1070 total, 0 uniq crashes found)...[0m
scheduled max input!!!!
schedule: 14 level4_2/ijon_max/14
[1;94m[*] [0mFuzzing test case #805 (1070 total, 0 uniq crashes found)...[0m
[1;94m[*] [0mFuzzing test case #806 (1070 total, 0 uniq crashes found)...[0m
scheduled max input!!!!
schedule: 0 level4_2/ijon_max/0
[1;94m[*] [0mFuzzing test case #807 (1070 total, 0 uniq crashes found)...[0m
scheduled max input!!!!
schedule: 7 level4_2/ijon_max/7
[1;94m[*] [0mFuzzing test case #808 (1070 total, 0 uniq crashes found)...[0m
scheduled max input!!!!
schedule: 2 level4_2/ijon_max/2
[1;94m[*] [0mFuzzing test case #809 (1070 total, 0 uniq crashes found)...[0m
scheduled max input!!!!
schedule: 10 level4_2/ijon_max/10
[1;94m[*] [0mFuzzing test case #810 (1070 total, 0 uniq crashes found)...[0m
scheduled max input!!!!
schedule: 11 level4_2/ijon_max/11
[1;94m[*] [0mFuzzing test case #811 (1070 total, 0 uniq crashes found)...[0m
[1;94m[*] [0mFuzzing test case #812 (1070 total, 0 uniq crashes found)...[0m
scheduled max input!!!!
schedule: 13 level4_2/ijon_max/13
[1;94m[*] [0mFuzzing test case #813 (1070 total, 0 uniq crashes found)...[0m
[1;94m[*] [0mFuzzing test case #814 (1070 total, 0 uniq crashes found)...[0m
scheduled max input!!!!
schedule: 15 level4_2/ijon_max/15
[1;94m[*] [0mFuzzing test case #815 (1070 total, 0 uniq crashes found)...[0m
scheduled max input!!!!
schedule: 12 level4_2/ijon_max/12
[1;94m[*] [0mFuzzing test case #816 (1070 total, 0 uniq crashes found)...[0m
scheduled max input!!!!
schedule: 9 level4_2/ijon_max/9
[1;94m[*] [0mFuzzing test case #817 (1070 total, 0 uniq crashes found)...[0m
scheduled max input!!!!
schedule: 15 level4_2/ijon_max/15
[1;94m[*] [0mFuzzing test case #818 (1070 total, 0 uniq crashes found)...[0m
scheduled max input!!!!
schedule: 2 level4_2/ijon_max/2
[1;94m[*] [0mFuzzing test case #819 (1070 total, 0 uniq crashes found)...[0m
scheduled max input!!!!
schedule: 10 level4_2/ijon_max/10
[1;94m[*] [0mFuzzing test case #820 (1070 total, 0 uniq crashes found)...[0m
scheduled max input!!!!
schedule: 7 level4_2/ijon_max/7
[1;94m[*] [0mFuzzing test case #821 (1070 total, 0 uniq crashes found)...[0m
scheduled max input!!!!
schedule: 11 level4_2/ijon_max/11
[1;94m[*] [0mFuzzing test case #822 (1070 total, 0 uniq crashes found)...[0m
scheduled max input!!!!
schedule: 4 level4_2/ijon_max/4
updated maxmap 4: 4ca (len: 671)
updated maxmap 5: 4d4 (len: 671)
minimized maxmap 4: 4ca (len: 663)
[1;94m[*] [0mFuzzing test case #823 (1070 total, 0 uniq crashes found)...[0m
scheduled max input!!!!
schedule: 12 level4_2/ijon_max/12
[1;94m[*] [0mFuzzing test case #824 (1070 total, 0 uniq crashes found)...[0m
scheduled max input!!!!
schedule: 13 level4_2/ijon_max/13
[1;94m[*] [0mFuzzing test case #825 (1070 total, 0 uniq crashes found)...[0m
[1;94m[*] [0mFuzzing test case #826 (1070 total, 0 uniq crashes found)...[0m
scheduled max input!!!!
schedule: 6 level4_2/ijon_max/6
updated maxmap 8: 4b1 (len: 672)
[1;94m[*] [0mFuzzing test case #827 (1070 total, 0 uniq crashes found)...[0m
scheduled max input!!!!
schedule: 12 level4_2/ijon_max/12
[1;94m[*] [0mFuzzing test case #828 (1070 total, 0 uniq crashes found)...[0m
[1;94m[*] [0mFuzzing test case #829 (1070 total, 0 uniq crashes found)...[0m
scheduled max input!!!!
schedule: 13 level4_2/ijon_max/13
[1;94m[*] [0mFuzzing test case #830 (1070 total, 0 uniq crashes found)...[0m
scheduled max input!!!!
schedule: 2 level4_2/ijon_max/2
[1;94m[*] [0mFuzzing test case #831 (1070 total, 0 uniq crashes found)...[0m
scheduled max input!!!!
schedule: 2 level4_2/ijon_max/2
[1;94m[*] [0mFuzzing test case #832 (1070 total, 0 uniq crashes found)...[0m
scheduled max input!!!!
schedule: 7 level4_2/ijon_max/7
[1;94m[*] [0mFuzzing test case #833 (1070 total, 0 uniq crashes found)...[0m
scheduled max input!!!!
schedule: 12 level4_2/ijon_max/12
[1;94m[*] [0mFuzzing test case #834 (1070 total, 0 uniq crashes found)...[0m
scheduled max input!!!!
schedule: 0 level4_2/ijon_max/0
[1;94m[*] [0mFuzzing test case #835 (1070 total, 0 uniq crashes found)...[0m
[1;94m[*] [0mFuzzing test case #836 (1070 total, 0 uniq crashes found)...[0m
[1;94m[*] [0mFuzzing test case #837 (1070 total, 0 uniq crashes found)...[0m
scheduled max input!!!!
schedule: 14 level4_2/ijon_max/14
[1;94m[*] [0mFuzzing test case #838 (1070 total, 0 uniq crashes found)...[0m
scheduled max input!!!!
schedule: 5 level4_2/ijon_max/5
[1;94m[*] [0mFuzzing test case #839 (1070 total, 0 uniq crashes found)...[0m
[1;94m[*] [0mFuzzing test case #840 (1070 total, 0 uniq crashes found)...[0m
scheduled max input!!!!
schedule: 5 level4_2/ijon_max/5
[1;94m[*] [0mFuzzing test case #841 (1070 total, 0 uniq crashes found)...[0m
scheduled max input!!!!
schedule: 0 level4_2/ijon_max/0
[1;94m[*] [0mFuzzing test case #842 (1070 total, 0 uniq crashes found)...[0m
scheduled max input!!!!
schedule: 0 level4_2/ijon_max/0
[1;94m[*] [0mFuzzing test case #843 (1070 total, 0 uniq crashes found)...[0m
[1;94m[*] [0mFuzzing test case #844 (1070 total, 0 uniq crashes found)...[0m
scheduled max input!!!!
schedule: 2 level4_2/ijon_max/2
[1;94m[*] [0mFuzzing test case #845 (1070 total, 0 uniq crashes found)...[0m
scheduled max input!!!!
schedule: 4 level4_2/ijon_max/4
[1;94m[*] [0mFuzzing test case #846 (1070 total, 0 uniq crashes found)...[0m
[1;94m[*] [0mFuzzing test case #847 (1070 total, 0 uniq crashes found)...[0m
scheduled max input!!!!
schedule: 9 level4_2/ijon_max/9
[1;94m[*] [0mFuzzing test case #848 (1070 total, 0 uniq crashes found)...[0m
scheduled max input!!!!
schedule: 15 level4_2/ijon_max/15
[1;94m[*] [0mFuzzing test case #849 (1070 total, 0 uniq crashes found)...[0m
scheduled max input!!!!
schedule: 11 level4_2/ijon_max/11
[1;94m[*] [0mFuzzing test case #850 (1070 total, 0 uniq crashes found)...[0m
scheduled max input!!!!
schedule: 9 level4_2/ijon_max/9
[1;94m[*] [0mFuzzing test case #851 (1070 total, 0 uniq crashes found)...[0m
scheduled max input!!!!
schedule: 15 level4_2/ijon_max/15
[1;94m[*] [0mFuzzing test case #852 (1070 total, 0 uniq crashes found)...[0m
scheduled max input!!!!
schedule: 13 level4_2/ijon_max/13
[1;94m[*] [0mFuzzing test case #853 (1070 total, 0 uniq crashes found)...[0m
scheduled max input!!!!
schedule: 2 level4_2/ijon_max/2
[1;94m[*] [0mFuzzing test case #854 (1070 total, 0 uniq crashes found)...[0m
scheduled max input!!!!
schedule: 12 level4_2/ijon_max/12
[1;94m[*] [0mFuzzing test case #855 (1071 total, 0 uniq crashes found)...[0m
scheduled max input!!!!
schedule: 2 level4_2/ijon_max/2
[1;94m[*] [0mFuzzing test case #856 (1071 total, 0 uniq crashes found)...[0m
[1;94m[*] [0mFuzzing test case #857 (1071 total, 0 uniq crashes found)...[0m
scheduled max input!!!!
schedule: 12 level4_2/ijon_max/12
[1;94m[*] [0mFuzzing test case #858 (1071 total, 0 uniq crashes found)...[0m
scheduled max input!!!!
schedule: 8 level4_2/ijon_max/8
[1;94m[*] [0mFuzzing test case #859 (1071 total, 0 uniq crashes found)...[0m
scheduled max input!!!!
schedule: 6 level4_2/ijon_max/6
[1;94m[*] [0mFuzzing test case #860 (1071 total, 0 uniq crashes found)...[0m
scheduled max input!!!!
schedule: 5 level4_2/ijon_max/5
[1;94m[*] [0mFuzzing test case #861 (1072 total, 0 uniq crashes found)...[0m
scheduled max input!!!!
schedule: 5 level4_2/ijon_max/5
updated maxmap 4: 4cd (len: 671)
updated maxmap 5: 4d7 (len: 671)
[1;94m[*] [0mFuzzing test case #862 (1072 total, 0 uniq crashes found)...[0m
[1;94m[*] [0mFuzzing test case #863 (1072 total, 0 uniq crashes found)...[0m
scheduled max input!!!!
schedule: 14 level4_2/ijon_max/14
[1;94m[*] [0mFuzzing test case #864 (1072 total, 0 uniq crashes found)...[0m
[1;94m[*] [0mFuzzing test case #865 (1072 total, 0 uniq crashes found)...[0m
scheduled max input!!!!
schedule: 3 level4_2/ijon_max/3
updated maxmap 2: 242 (len: 398)
[1;94m[*] [0mFuzzing test case #866 (1072 total, 0 uniq crashes found)...[0m
scheduled max input!!!!
schedule: 8 level4_2/ijon_max/8
updated maxmap 8: 4b2 (len: 672)
[1;94m[*] [0mFuzzing test case #867 (1072 total, 0 uniq crashes found)...[0m
scheduled max input!!!!
schedule: 13 level4_2/ijon_max/13
[1;94m[*] [0mFuzzing test case #868 (1072 total, 0 uniq crashes found)...[0m
scheduled max input!!!!
schedule: 10 level4_2/ijon_max/10
[1;94m[*] [0mFuzzing test case #869 (1072 total, 0 uniq crashes found)...[0m
scheduled max input!!!!
schedule: 3 level4_2/ijon_max/3
[1;94m[*] [0mFuzzing test case #870 (1072 total, 0 uniq crashes found)...[0m
scheduled max input!!!!
schedule: 10 level4_2/ijon_max/10
[1;94m[*] [0mFuzzing test case #871 (1072 total, 0 uniq crashes found)...[0m
scheduled max input!!!!
schedule: 11 level4_2/ijon_max/11
[1;94m[*] [0mFuzzing test case #872 (1072 total, 0 uniq crashes found)...[0m
scheduled max input!!!!
schedule: 10 level4_2/ijon_max/10
[1;94m[*] [0mFuzzing test case #873 (1072 total, 0 uniq crashes found)...[0m
[1;94m[*] [0mFuzzing test case #874 (1072 total, 0 uniq crashes found)...[0m
scheduled max input!!!!
schedule: 11 level4_2/ijon_max/11
[1;94m[*] [0mFuzzing test case #875 (1072 total, 0 uniq crashes found)...[0m
scheduled max input!!!!
schedule: 11 level4_2/ijon_max/11
[1;94m[*] [0mFuzzing test case #876 (1072 total, 0 uniq crashes found)...[0m
[1;94m[*] [0mFuzzing test case #877 (1072 total, 0 uniq crashes found)...[0m
[1;94m[*] [0mFuzzing test case #878 (1072 total, 0 uniq crashes found)...[0m
[1;94m[*] [0mFuzzing test case #879 (1072 total, 0 uniq crashes found)...[0m
scheduled max input!!!!
schedule: 10 level4_2/ijon_max/10
[1;94m[*] [0mFuzzing test case #880 (1072 total, 0 uniq crashes found)...[0m
scheduled max input!!!!
schedule: 10 level4_2/ijon_max/10
[1;94m[*] [0mFuzzing test case #881 (1072 total, 0 uniq crashes found)...[0m
scheduled max input!!!!
schedule: 12 level4_2/ijon_max/12
[1;94m[*] [0mFuzzing test case #882 (1072 total, 0 uniq crashes found)...[0m
scheduled max input!!!!
schedule: 14 level4_2/ijon_max/14
[1;94m[*] [0mFuzzing test case #883 (1072 total, 0 uniq crashes found)...[0m
scheduled max input!!!!
schedule: 13 level4_2/ijon_max/13
[1;94m[*] [0mFuzzing test case #884 (1072 total, 0 uniq crashes found)...[0m
scheduled max input!!!!
schedule: 3 level4_2/ijon_max/3
[1;94m[*] [0mFuzzing test case #885 (1072 total, 0 uniq crashes found)...[0m
scheduled max input!!!!
schedule: 0 level4_2/ijon_max/0
updated maxmap 0: 240 (len: 403)
updated maxmap 13: 22a (len: 403)
[1;94m[*] [0mFuzzing test case #886 (1072 total, 0 uniq crashes found)...[0m
scheduled max input!!!!
schedule: 7 level4_2/ijon_max/7
[1;94m[*] [0mFuzzing test case #887 (1072 total, 0 uniq crashes found)...[0m
scheduled max input!!!!
schedule: 4 level4_2/ijon_max/4
updated maxmap 6: 4d9 (len: 671)
updated maxmap 4: 4d7 (len: 671)
updated maxmap 5: 4de (len: 671)
[1;94m[*] [0mFuzzing test case #888 (1072 total, 0 uniq crashes found)...[0m
[1;94m[*] [0mFuzzing test case #889 (1072 total, 0 uniq crashes found)...[0m
[1;94m[*] [0mFuzzing test case #890 (1072 total, 0 uniq crashes found)...[0m
[1;94m[*] [0mFuzzing test case #891 (1072 total, 0 uniq crashes found)...[0m
scheduled max input!!!!
schedule: 9 level4_2/ijon_max/9
[1;94m[*] [0mFuzzing test case #892 (1072 total, 0 uniq crashes found)...[0m
scheduled max input!!!!
schedule: 14 level4_2/ijon_max/14
[1;94m[*] [0mFuzzing test case #893 (1072 total, 0 uniq crashes found)...[0m
[1;94m[*] [0mFuzzing test case #894 (1072 total, 0 uniq crashes found)...[0m
scheduled max input!!!!
schedule: 6 level4_2/ijon_max/6
[1;94m[*] [0mFuzzing test case #895 (1072 total, 0 uniq crashes found)...[0m
scheduled max input!!!!
schedule: 10 level4_2/ijon_max/10
[1;94m[*] [0mFuzzing test case #896 (1072 total, 0 uniq crashes found)...[0m
scheduled max input!!!!
schedule: 0 level4_2/ijon_max/0
[1;94m[*] [0mFuzzing test case #897 (1072 total, 0 uniq crashes found)...[0m
scheduled max input!!!!
schedule: 5 level4_2/ijon_max/5
updated maxmap 3: 4ca (len: 672)
updated maxmap 4: 4dc (len: 672)
updated maxmap 5: 4e1 (len: 672)
minimized maxmap 3: 4ca (len: 671)
minimized maxmap 4: 4dc (len: 671)
[1;94m[*] [0mFuzzing test case #898 (1072 total, 0 uniq crashes found)...[0m
scheduled max input!!!!
schedule: 15 level4_2/ijon_max/15
[1;94m[*] [0mFuzzing test case #899 (1072 total, 0 uniq crashes found)...[0m
[1;94m[*] [0mFuzzing test case #900 (1072 total, 0 uniq crashes found)...[0m
scheduled max input!!!!
schedule: 2 level4_2/ijon_max/2
[1;94m[*] [0mFuzzing test case #901 (1072 total, 0 uniq crashes found)...[0m
scheduled max input!!!!
schedule: 2 level4_2/ijon_max/2
[1;94m[*] [0mFuzzing test case #902 (1072 total, 0 uniq crashes found)...[0m
[1;94m[*] [0mFuzzing test case #903 (1072 total, 0 uniq crashes found)...[0m
scheduled max input!!!!
schedule: 7 level4_2/ijon_max/7
[1;94m[*] [0mFuzzing test case #904 (1072 total, 0 uniq crashes found)...[0m
scheduled max input!!!!
schedule: 0 level4_2/ijon_max/0
[1;94m[*] [0mFuzzing test case #905 (1072 total, 0 uniq crashes found)...[0m
scheduled max input!!!!
schedule: 6 level4_2/ijon_max/6
[1;94m[*] [0mFuzzing test case #906 (1072 total, 0 uniq crashes found)...[0m
scheduled max input!!!!
schedule: 6 level4_2/ijon_max/6
[1;94m[*] [0mFuzzing test case #907 (1072 total, 0 uniq crashes found)...[0m
scheduled max input!!!!
schedule: 12 level4_2/ijon_max/12
[1;94m[*] [0mFuzzing test case #908 (1072 total, 0 uniq crashes found)...[0m
scheduled max input!!!!
schedule: 8 level4_2/ijon_max/8
[1;94m[*] [0mFuzzing test case #909 (1072 total, 0 uniq crashes found)...[0m
scheduled max input!!!!
schedule: 14 level4_2/ijon_max/14
[1;94m[*] [0mFuzzing test case #910 (1072 total, 0 uniq crashes found)...[0m
scheduled max input!!!!
schedule: 4 level4_2/ijon_max/4
updated maxmap 3: 4d4 (len: 675)
updated maxmap 4: 4e0 (len: 675)
updated maxmap 5: 4e8 (len: 675)
minimized maxmap 3: 4d4 (len: 671)
[1;94m[*] [0mFuzzing test case #911 (1073 total, 0 uniq crashes found)...[0m
scheduled max input!!!!
schedule: 12 level4_2/ijon_max/12
[1;94m[*] [0mFuzzing test case #912 (1073 total, 0 uniq crashes found)...[0m
[1;94m[*] [0mFuzzing test case #913 (1073 total, 0 uniq crashes found)...[0m
scheduled max input!!!!
schedule: 9 level4_2/ijon_max/9
[1;94m[*] [0mFuzzing test case #914 (1073 total, 0 uniq crashes found)...[0m
[1;94m[*] [0mFuzzing test case #915 (1073 total, 0 uniq crashes found)...[0m
scheduled max input!!!!
schedule: 5 level4_2/ijon_max/5
updated maxmap 5: 4ea (len: 676)
[1;94m[*] [0mFuzzing test case #916 (1074 total, 0 uniq crashes found)...[0m
scheduled max input!!!!
schedule: 2 level4_2/ijon_max/2
[1;94m[*] [0mFuzzing test case #917 (1074 total, 0 uniq crashes found)...[0m
scheduled max input!!!!
schedule: 5 level4_2/ijon_max/5
[1;94m[*] [0mFuzzing test case #918 (1074 total, 0 uniq crashes found)...[0m
scheduled max input!!!!
schedule: 3 level4_2/ijon_max/3
[1;94m[*] [0mFuzzing test case #919 (1074 total, 0 uniq crashes found)...[0m
scheduled max input!!!!
schedule: 0 level4_2/ijon_max/0
[1;94m[*] [0mFuzzing test case #920 (1074 total, 0 uniq crashes found)...[0m
scheduled max input!!!!
schedule: 14 level4_2/ijon_max/14
[1;94m[*] [0mFuzzing test case #921 (1074 total, 0 uniq crashes found)...[0m
scheduled max input!!!!
schedule: 9 level4_2/ijon_max/9
[1;94m[*] [0mFuzzing test case #922 (1074 total, 0 uniq crashes found)...[0m
scheduled max input!!!!
schedule: 8 level4_2/ijon_max/8
[1;94m[*] [0mFuzzing test case #923 (1074 total, 0 uniq crashes found)...[0m
scheduled max input!!!!
schedule: 15 level4_2/ijon_max/15
[1;94m[*] [0mFuzzing test case #924 (1074 total, 0 uniq crashes found)...[0m
scheduled max input!!!!
schedule: 3 level4_2/ijon_max/3
[1;94m[*] [0mFuzzing test case #925 (1074 total, 0 uniq crashes found)...[0m
scheduled max input!!!!
schedule: 5 level4_2/ijon_max/5
[1;94m[*] [0mFuzzing test case #926 (1074 total, 0 uniq crashes found)...[0m
[1;94m[*] [0mFuzzing test case #927 (1074 total, 0 uniq crashes found)...[0m
scheduled max input!!!!
schedule: 13 level4_2/ijon_max/13
updated maxmap 14: 234 (len: 403)
updated maxmap 15: 23e (len: 403)
[1;94m[*] [0mFuzzing test case #928 (1074 total, 0 uniq crashes found)...[0m
scheduled max input!!!!
schedule: 10 level4_2/ijon_max/10
[1;94m[*] [0mFuzzing test case #929 (1074 total, 0 uniq crashes found)...[0m
[1;94m[*] [0mFuzzing test case #930 (1074 total, 0 uniq crashes found)...[0m
scheduled max input!!!!
schedule: 15 level4_2/ijon_max/15
[1;94m[*] [0mFuzzing test case #931 (1074 total, 0 uniq crashes found)...[0m
scheduled max input!!!!
schedule: 4 level4_2/ijon_max/4
updated maxmap 4: 4e1 (len: 675)
updated maxmap 3: 4d7 (len: 675)
[1;94m[*] [0mFuzzing test case #932 (1074 total, 0 uniq crashes found)...[0m
[1;94m[*] [0mFuzzing test case #933 (1074 total, 0 uniq crashes found)...[0m
scheduled max input!!!!
schedule: 10 level4_2/ijon_max/10
[1;94m[*] [0mFuzzing test case #934 (1074 total, 0 uniq crashes found)...[0m
scheduled max input!!!!
schedule: 9 level4_2/ijon_max/9
[1;94m[*] [0mFuzzing test case #935 (1074 total, 0 uniq crashes found)...[0m
scheduled max input!!!!
schedule: 13 level4_2/ijon_max/13
[1;94m[*] [0mFuzzing test case #936 (1074 total, 0 uniq crashes found)...[0m
scheduled max input!!!!
schedule: 8 level4_2/ijon_max/8
[1;94m[*] [0mFuzzing test case #937 (1074 total, 0 uniq crashes found)...[0m
scheduled max input!!!!
schedule: 15 level4_2/ijon_max/15
updated maxmap 0: 241 (len: 403)
[1;94m[*] [0mFuzzing test case #938 (1074 total, 0 uniq crashes found)...[0m
scheduled max input!!!!
schedule: 14 level4_2/ijon_max/14
[1;94m[*] [0mFuzzing test case #939 (1074 total, 0 uniq crashes found)...[0m
scheduled max input!!!!
schedule: 7 level4_2/ijon_max/7
[1;94m[*] [0mFuzzing test case #940 (1074 total, 0 uniq crashes found)...[0m
[1;94m[*] [0mFuzzing test case #941 (1074 total, 0 uniq crashes found)...[0m
scheduled max input!!!!
schedule: 3 level4_2/ijon_max/3
[1;94m[*] [0mFuzzing test case #942 (1074 total, 0 uniq crashes found)...[0m
scheduled max input!!!!
schedule: 3 level4_2/ijon_max/3
[1;94m[*] [0mFuzzing test case #943 (1074 total, 0 uniq crashes found)...[0m
scheduled max input!!!!
schedule: 13 level4_2/ijon_max/13
[1;94m[*] [0mFuzzing test case #944 (1074 total, 0 uniq crashes found)...[0m
scheduled max input!!!!
schedule: 0 level4_2/ijon_max/0
[1;94m[*] [0mFuzzing test case #945 (1074 total, 0 uniq crashes found)...[0m
scheduled max input!!!!
schedule: 12 level4_2/ijon_max/12
[1;94m[*] [0mFuzzing test case #946 (1074 total, 0 uniq crashes found)...[0m
scheduled max input!!!!
schedule: 8 level4_2/ijon_max/8
[1;94m[*] [0mFuzzing test case #947 (1074 total, 0 uniq crashes found)...[0m
[1;94m[*] [0mFuzzing test case #948 (1074 total, 0 uniq crashes found)...[0m
scheduled max input!!!!
schedule: 4 level4_2/ijon_max/4
[1;94m[*] [0mFuzzing test case #949 (1075 total, 0 uniq crashes found)...[0m
scheduled max input!!!!
schedule: 6 level4_2/ijon_max/6
[1;94m[*] [0mFuzzing test case #950 (1075 total, 0 uniq crashes found)...[0m
scheduled max input!!!!
schedule: 4 level4_2/ijon_max/4
[1;94m[*] [0mFuzzing test case #951 (1075 total, 0 uniq crashes found)...[0m
scheduled max input!!!!
schedule: 5 level4_2/ijon_max/5
updated maxmap 5: 4eb (len: 676)
[1;94m[*] [0mFuzzing test case #952 (1075 total, 0 uniq crashes found)...[0m
scheduled max input!!!!
schedule: 15 level4_2/ijon_max/15
[1;94m[*] [0mFuzzing test case #953 (1075 total, 0 uniq crashes found)...[0m
scheduled max input!!!!
schedule: 6 level4_2/ijon_max/6
[1;94m[*] [0mFuzzing test case #954 (1075 total, 0 uniq crashes found)...[0m
scheduled max input!!!!
schedule: 7 level4_2/ijon_max/7
[1;94m[*] [0mFuzzing test case #955 (1075 total, 0 uniq crashes found)...[0m
scheduled max input!!!!
schedule: 6 level4_2/ijon_max/6
[1;94m[*] [0mFuzzing test case #956 (1075 total, 0 uniq crashes found)...[0m
scheduled max input!!!!
schedule: 2 level4_2/ijon_max/2
[1;94m[*] [0mFuzzing test case #957 (1075 total, 0 uniq crashes found)...[0m
scheduled max input!!!!
schedule: 12 level4_2/ijon_max/12
[1;94m[*] [0mFuzzing test case #958 (1075 total, 0 uniq crashes found)...[0m
scheduled max input!!!!
schedule: 7 level4_2/ijon_max/7
[1;94m[*] [0mFuzzing test case #959 (1075 total, 0 uniq crashes found)...[0m
[1;94m[*] [0mFuzzing test case #960 (1075 total, 0 uniq crashes found)...[0m
scheduled max input!!!!
schedule: 6 level4_2/ijon_max/6
updated maxmap 7: 4c9 (len: 671)
[1;94m[*] [0mFuzzing test case #961 (1075 total, 0 uniq crashes found)...[0m
scheduled max input!!!!
schedule: 0 level4_2/ijon_max/0
[1;94m[*] [0mFuzzing test case #962 (1075 total, 0 uniq crashes found)...[0m
scheduled max input!!!!
schedule: 11 level4_2/ijon_max/11
[1;94m[*] [0mFuzzing test case #963 (1075 total, 0 uniq crashes found)...[0m
scheduled max input!!!!
schedule: 4 level4_2/ijon_max/4
[1;94m[*] [0mFuzzing test case #964 (1075 total, 0 uniq crashes found)...[0m
[1;94m[*] [0mFuzzing test case #965 (1075 total, 0 uniq crashes found)...[0m
scheduled max input!!!!
schedule: 12 level4_2/ijon_max/12
[1;94m[*] [0mFuzzing test case #966 (1075 total, 0 uniq crashes found)...[0m
scheduled max input!!!!
schedule: 11 level4_2/ijon_max/11
[1;94m[*] [0mFuzzing test case #967 (1075 total, 0 uniq crashes found)...[0m
scheduled max input!!!!
schedule: 8 level4_2/ijon_max/8
[1;94m[*] [0mFuzzing test case #968 (1075 total, 0 uniq crashes found)...[0m
scheduled max input!!!!
schedule: 11 level4_2/ijon_max/11
[1;94m[*] [0mFuzzing test case #969 (1075 total, 0 uniq crashes found)...[0m
scheduled max input!!!!
schedule: 8 level4_2/ijon_max/8
[1;94m[*] [0mFuzzing test case #970 (1075 total, 0 uniq crashes found)...[0m
[1;94m[*] [0mFuzzing test case #971 (1075 total, 0 uniq crashes found)...[0m
scheduled max input!!!!
schedule: 3 level4_2/ijon_max/3
[1;94m[*] [0mFuzzing test case #972 (1075 total, 0 uniq crashes found)...[0m
scheduled max input!!!!
schedule: 2 level4_2/ijon_max/2
[1;94m[*] [0mFuzzing test case #973 (1075 total, 0 uniq crashes found)...[0m
scheduled max input!!!!
schedule: 3 level4_2/ijon_max/3
[1;94m[*] [0mFuzzing test case #974 (1075 total, 0 uniq crashes found)...[0m
scheduled max input!!!!
schedule: 12 level4_2/ijon_max/12
[1;94m[*] [0mFuzzing test case #975 (1075 total, 0 uniq crashes found)...[0m
[1;94m[*] [0mFuzzing test case #976 (1075 total, 0 uniq crashes found)...[0m
scheduled max input!!!!
schedule: 5 level4_2/ijon_max/5
updated maxmap 6: 4f3 (len: 682)
updated maxmap 7: 4f8 (len: 682)
[1;94m[*] [0mFuzzing test case #977 (1076 total, 0 uniq crashes found)...[0m
scheduled max input!!!!
schedule: 15 level4_2/ijon_max/15
[1;94m[*] [0mFuzzing test case #978 (1076 total, 0 uniq crashes found)...[0m
[1;94m[*] [0mFuzzing test case #979 (1076 total, 0 uniq crashes found)...[0m
scheduled max input!!!!
schedule: 11 level4_2/ijon_max/11
[1;94m[*] [0mFuzzing test case #980 (1076 total, 0 uniq crashes found)...[0m
scheduled max input!!!!
schedule: 9 level4_2/ijon_max/9
[1;94m[*] [0mFuzzing test case #981 (1076 total, 0 uniq crashes found)...[0m
scheduled max input!!!!
schedule: 5 level4_2/ijon_max/5
[1;94m[*] [0mFuzzing test case #982 (1076 total, 0 uniq crashes found)...[0m
scheduled max input!!!!
schedule: 5 level4_2/ijon_max/5
[1;94m[*] [0mFuzzing test case #983 (1076 total, 0 uniq crashes found)...[0m
[1;94m[*] [0mFuzzing test case #984 (1076 total, 0 uniq crashes found)...[0m
scheduled max input!!!!
schedule: 15 level4_2/ijon_max/15
[1;94m[*] [0mFuzzing test case #985 (1076 total, 0 uniq crashes found)...[0m
scheduled max input!!!!
schedule: 12 level4_2/ijon_max/12
[1;94m[*] [0mFuzzing test case #986 (1076 total, 0 uniq crashes found)...[0m
scheduled max input!!!!
schedule: 0 level4_2/ijon_max/0
[1;94m[*] [0mFuzzing test case #987 (1076 total, 0 uniq crashes found)...[0m
scheduled max input!!!!
schedule: 14 level4_2/ijon_max/14
[1;94m[*] [0mFuzzing test case #988 (1076 total, 0 uniq crashes found)...[0m
[1;94m[*] [0mFuzzing test case #989 (1076 total, 0 uniq crashes found)...[0m
scheduled max input!!!!
schedule: 10 level4_2/ijon_max/10
[1;94m[*] [0mFuzzing test case #990 (1076 total, 0 uniq crashes found)...[0m
scheduled max input!!!!
schedule: 11 level4_2/ijon_max/11
[1;94m[*] [0mFuzzing test case #991 (1076 total, 0 uniq crashes found)...[0m
scheduled max input!!!!
schedule: 6 level4_2/ijon_max/6
updated maxmap 6: 4f5 (len: 682)
updated maxmap 7: 4fa (len: 682)
[1;94m[*] [0mFuzzing test case #992 (1077 total, 0 uniq crashes found)...[0m
[1;94m[*] [0mFuzzing test case #993 (1077 total, 0 uniq crashes found)...[0m
[1;94m[*] [0mFuzzing test case #994 (1077 total, 0 uniq crashes found)...[0m
[1;94m[*] [0mFuzzing test case #995 (1077 total, 0 uniq crashes found)...[0m
scheduled max input!!!!
schedule: 3 level4_2/ijon_max/3
[1;94m[*] [0mFuzzing test case #996 (1077 total, 0 uniq crashes found)...[0m
[1;94m[*] [0mFuzzing test case #997 (1077 total, 0 uniq crashes found)...[0m
[1;94m[*] [0mFuzzing test case #998 (1077 total, 0 uniq crashes found)...[0m
scheduled max input!!!!
schedule: 15 level4_2/ijon_max/15
[1;94m[*] [0mFuzzing test case #999 (1077 total, 0 uniq crashes found)...[0m
scheduled max input!!!!
schedule: 8 level4_2/ijon_max/8
[1;94m[*] [0mFuzzing test case #1000 (1077 total, 0 uniq crashes found)...[0m
scheduled max input!!!!
schedule: 15 level4_2/ijon_max/15
[1;94m[*] [0mFuzzing test case #1001 (1077 total, 0 uniq crashes found)...[0m
scheduled max input!!!!
schedule: 0 level4_2/ijon_max/0
[1;94m[*] [0mFuzzing test case #1002 (1077 total, 0 uniq crashes found)...[0m
scheduled max input!!!!
schedule: 9 level4_2/ijon_max/9
[1;94m[*] [0mFuzzing test case #1003 (1077 total, 0 uniq crashes found)...[0m
scheduled max input!!!!
schedule: 14 level4_2/ijon_max/14
[1;94m[*] [0mFuzzing test case #1004 (1077 total, 0 uniq crashes found)...[0m
scheduled max input!!!!
schedule: 13 level4_2/ijon_max/13
[1;94m[*] [0mFuzzing test case #1005 (1077 total, 0 uniq crashes found)...[0m
scheduled max input!!!!
schedule: 2 level4_2/ijon_max/2
[1;94m[*] [0mFuzzing test case #1006 (1077 total, 0 uniq crashes found)...[0m
[1;94m[*] [0mFuzzing test case #1007 (1077 total, 0 uniq crashes found)...[0m
scheduled max input!!!!
schedule: 8 level4_2/ijon_max/8
[1;94m[*] [0mFuzzing test case #1008 (1077 total, 0 uniq crashes found)...[0m
scheduled max input!!!!
schedule: 10 level4_2/ijon_max/10
[1;94m[*] [0mFuzzing test case #1009 (1077 total, 0 uniq crashes found)...[0m
[1;94m[*] [0mFuzzing test case #1010 (1077 total, 0 uniq crashes found)...[0m
scheduled max input!!!!
schedule: 6 level4_2/ijon_max/6
[1;94m[*] [0mFuzzing test case #1011 (1077 total, 0 uniq crashes found)...[0m
scheduled max input!!!!
schedule: 5 level4_2/ijon_max/5
[1;94m[*] [0mFuzzing test case #1012 (1077 total, 0 uniq crashes found)...[0m
[1;94m[*] [0mFuzzing test case #1013 (1077 total, 0 uniq crashes found)...[0m
scheduled max input!!!!
schedule: 13 level4_2/ijon_max/13
[1;94m[*] [0mFuzzing test case #1014 (1077 total, 0 uniq crashes found)...[0m
scheduled max input!!!!
schedule: 8 level4_2/ijon_max/8
[1;94m[*] [0mFuzzing test case #1015 (1077 total, 0 uniq crashes found)...[0m
[1;94m[*] [0mFuzzing test case #1016 (1077 total, 0 uniq crashes found)...[0m
[1;94m[*] [0mFuzzing test case #1017 (1077 total, 0 uniq crashes found)...[0m
scheduled max input!!!!
schedule: 8 level4_2/ijon_max/8
[1;94m[*] [0mFuzzing test case #1018 (1077 total, 0 uniq crashes found)...[0m
[1;94m[*] [0mFuzzing test case #1019 (1077 total, 0 uniq crashes found)...[0m
scheduled max input!!!!
schedule: 12 level4_2/ijon_max/12
[1;94m[*] [0mFuzzing test case #1020 (1077 total, 0 uniq crashes found)...[0m
scheduled max input!!!!
schedule: 7 level4_2/ijon_max/7
[1;94m[*] [0mFuzzing test case #1021 (1077 total, 0 uniq crashes found)...[0m
scheduled max input!!!!
schedule: 4 level4_2/ijon_max/4
[1;94m[*] [0mFuzzing test case #1022 (1077 total, 0 uniq crashes found)...[0m
scheduled max input!!!!
schedule: 0 level4_2/ijon_max/0
[1;94m[*] [0mFuzzing test case #1023 (1077 total, 0 uniq crashes found)...[0m
scheduled max input!!!!
schedule: 8 level4_2/ijon_max/8
[1;94m[*] [0mFuzzing test case #1024 (1078 total, 0 uniq crashes found)...[0m
scheduled max input!!!!
schedule: 5 level4_2/ijon_max/5
[1;94m[*] [0mFuzzing test case #1025 (1079 total, 0 uniq crashes found)...[0m
scheduled max input!!!!
schedule: 0 level4_2/ijon_max/0
[1;94m[*] [0mFuzzing test case #1026 (1079 total, 0 uniq crashes found)...[0m
[1;94m[*] [0mFuzzing test case #1027 (1079 total, 0 uniq crashes found)...[0m
scheduled max input!!!!
schedule: 3 level4_2/ijon_max/3
[1;94m[*] [0mFuzzing test case #1028 (1079 total, 0 uniq crashes found)...[0m
scheduled max input!!!!
schedule: 9 level4_2/ijon_max/9
[1;94m[*] [0mFuzzing test case #1029 (1079 total, 0 uniq crashes found)...[0m
scheduled max input!!!!
schedule: 15 level4_2/ijon_max/15
[1;94m[*] [0mFuzzing test case #1030 (1079 total, 0 uniq crashes found)...[0m
scheduled max input!!!!
schedule: 14 level4_2/ijon_max/14
[1;94m[*] [0mFuzzing test case #1031 (1079 total, 0 uniq crashes found)...[0m
[1;94m[*] [0mFuzzing test case #1032 (1079 total, 0 uniq crashes found)...[0m
scheduled max input!!!!
schedule: 8 level4_2/ijon_max/8
[1;94m[*] [0mFuzzing test case #1033 (1079 total, 0 uniq crashes found)...[0m
scheduled max input!!!!
schedule: 13 level4_2/ijon_max/13
[1;94m[*] [0mFuzzing test case #1034 (1079 total, 0 uniq crashes found)...[0m
scheduled max input!!!!
schedule: 13 level4_2/ijon_max/13
[1;94m[*] [0mFuzzing test case #1035 (1079 total, 0 uniq crashes found)...[0m
scheduled max input!!!!
schedule: 8 level4_2/ijon_max/8
[1;94m[*] [0mFuzzing test case #1036 (1079 total, 0 uniq crashes found)...[0m
scheduled max input!!!!
schedule: 4 level4_2/ijon_max/4
[1;94m[*] [0mFuzzing test case #1037 (1079 total, 0 uniq crashes found)...[0m
scheduled max input!!!!
schedule: 6 level4_2/ijon_max/6
updated maxmap 3: 4de (len: 686)
updated maxmap 4: 4ea (len: 686)
updated maxmap 5: 4f4 (len: 686)
updated maxmap 6: 4fd (len: 686)
updated maxmap 7: 502 (len: 686)
minimized maxmap 3: 4de (len: 682)
minimized maxmap 4: 4ea (len: 682)
minimized maxmap 5: 4f4 (len: 682)
updated maxmap 4: 4eb (len: 682)
updated maxmap 5: 4f5 (len: 682)
updated maxmap 6: 505 (len: 687)
updated maxmap 8: 4f7 (len: 687)
minimized maxmap 8: 4f7 (len: 682)
updated maxmap 3: 4ed (len: 682)
updated maxmap 4: 4f7 (len: 682)
updated maxmap 3: 4ee (len: 682)
updated maxmap 4: 4f8 (len: 682)
[1;94m[*] [0mFuzzing test case #1038 (1081 total, 0 uniq crashes found)...[0m
scheduled max input!!!!
schedule: 12 level4_2/ijon_max/12
[1;94m[*] [0mFuzzing test case #1039 (1081 total, 0 uniq crashes found)...[0m
scheduled max input!!!!
schedule: 11 level4_2/ijon_max/11
[1;94m[*] [0mFuzzing test case #1040 (1081 total, 0 uniq crashes found)...[0m
scheduled max input!!!!
schedule: 2 level4_2/ijon_max/2
[1;94m[*] [0mFuzzing test case #1041 (1081 total, 0 uniq crashes found)...[0m
scheduled max input!!!!
schedule: 5 level4_2/ijon_max/5
[1;94m[*] [0mFuzzing test case #1042 (1081 total, 0 uniq crashes found)...[0m
scheduled max input!!!!
schedule: 9 level4_2/ijon_max/9
[1;94m[*] [0mFuzzing test case #1043 (1081 total, 0 uniq crashes found)...[0m
scheduled max input!!!!
schedule: 8 level4_2/ijon_max/8
[1;94m[*] [0mFuzzing test case #1044 (1081 total, 0 uniq crashes found)...[0m
scheduled max input!!!!
schedule: 12 level4_2/ijon_max/12
[1;94m[*] [0mFuzzing test case #1045 (1081 total, 0 uniq crashes found)...[0m
scheduled max input!!!!
schedule: 0 level4_2/ijon_max/0
[1;94m[*] [0mFuzzing test case #1046 (1081 total, 0 uniq crashes found)...[0m
scheduled max input!!!!
schedule: 9 level4_2/ijon_max/9
[1;94m[*] [0mFuzzing test case #1047 (1081 total, 0 uniq crashes found)...[0m
scheduled max input!!!!
schedule: 7 level4_2/ijon_max/7
updated maxmap 7: 503 (len: 686)
[1;94m[*] [0mFuzzing test case #1048 (1081 total, 0 uniq crashes found)...[0m
scheduled max input!!!!
schedule: 4 level4_2/ijon_max/4
updated maxmap 3: 4f8 (len: 682)
[1;94m[*] [0mFuzzing test case #1049 (1082 total, 0 uniq crashes found)...[0m
scheduled max input!!!!
schedule: 8 level4_2/ijon_max/8
[1;94m[*] [0mFuzzing test case #1050 (1083 total, 0 uniq crashes found)...[0m
scheduled max input!!!!
schedule: 6 level4_2/ijon_max/6
updated maxmap 5: 4ff (len: 687)
updated maxmap 4: 4fa (len: 687)
updated maxmap 5: 503 (len: 687)
[1;94m[*] [0mFuzzing test case #1051 (1083 total, 0 uniq crashes found)...[0m
scheduled max input!!!!
schedule: 14 level4_2/ijon_max/14
[1;94m[*] [0mFuzzing test case #1052 (1083 total, 0 uniq crashes found)...[0m
scheduled max input!!!!
schedule: 13 level4_2/ijon_max/13
[1;94m[*] [0mFuzzing test case #1053 (1083 total, 0 uniq crashes found)...[0m
scheduled max input!!!!
schedule: 0 level4_2/ijon_max/0
[1;94m[*] [0mFuzzing test case #1054 (1083 total, 0 uniq crashes found)...[0m
scheduled max input!!!!
schedule: 14 level4_2/ijon_max/14
[1;94m[*] [0mFuzzing test case #1055 (1083 total, 0 uniq crashes found)...[0m
scheduled max input!!!!
schedule: 9 level4_2/ijon_max/9
[1;94m[*] [0mFuzzing test case #1056 (1083 total, 0 uniq crashes found)...[0m
scheduled max input!!!!
schedule: 10 level4_2/ijon_max/10
[1;94m[*] [0mFuzzing test case #1057 (1083 total, 0 uniq crashes found)...[0m
[1;94m[*] [0mFuzzing test case #1058 (1083 total, 0 uniq crashes found)...[0m
[1;94m[*] [0mFuzzing test case #1059 (1083 total, 0 uniq crashes found)...[0m
scheduled max input!!!!
schedule: 6 level4_2/ijon_max/6
[1;94m[*] [0mFuzzing test case #1060 (1083 total, 0 uniq crashes found)...[0m
scheduled max input!!!!
schedule: 2 level4_2/ijon_max/2
[1;94m[*] [0mFuzzing test case #1061 (1083 total, 0 uniq crashes found)...[0m
scheduled max input!!!!
schedule: 8 level4_2/ijon_max/8
updated maxmap 8: 4fa (len: 682)
[1;94m[*] [0mFuzzing test case #1062 (1083 total, 0 uniq crashes found)...[0m
[1;94m[*] [0mFuzzing test case #1063 (1083 total, 0 uniq crashes found)...[0m
scheduled max input!!!!
schedule: 0 level4_2/ijon_max/0
[1;94m[*] [0mFuzzing test case #1064 (1083 total, 0 uniq crashes found)...[0m
[1;94m[*] [0mFuzzing test case #1065 (1083 total, 0 uniq crashes found)...[0m
scheduled max input!!!!
schedule: 7 level4_2/ijon_max/7
[1;94m[*] [0mFuzzing test case #1066 (1083 total, 0 uniq crashes found)...[0m
scheduled max input!!!!
schedule: 7 level4_2/ijon_max/7
[1;94m[*] [0mFuzzing test case #1067 (1083 total, 0 uniq crashes found)...[0m
scheduled max input!!!!
schedule: 13 level4_2/ijon_max/13
[1;94m[*] [0mFuzzing test case #1068 (1083 total, 0 uniq crashes found)...[0m
scheduled max input!!!!
schedule: 12 level4_2/ijon_max/12
[1;94m[*] [0mFuzzing test case #1069 (1083 total, 0 uniq crashes found)...[0m
[1;94m[*] [0mFuzzing test case #1070 (1083 total, 0 uniq crashes found)...[0m
scheduled max input!!!!
schedule: 14 level4_2/ijon_max/14
[1;94m[*] [0mFuzzing test case #1071 (1083 total, 0 uniq crashes found)...[0m
scheduled max input!!!!
schedule: 10 level4_2/ijon_max/10
[1;94m[*] [0mFuzzing test case #1072 (1083 total, 0 uniq crashes found)...[0m
scheduled max input!!!!
schedule: 11 level4_2/ijon_max/11
[1;94m[*] [0mFuzzing test case #1073 (1083 total, 0 uniq crashes found)...[0m
scheduled max input!!!!
schedule: 15 level4_2/ijon_max/15
[1;94m[*] [0mFuzzing test case #1074 (1083 total, 0 uniq crashes found)...[0m
scheduled max input!!!!
schedule: 14 level4_2/ijon_max/14
[1;94m[*] [0mFuzzing test case #1075 (1083 total, 0 uniq crashes found)...[0m
[1;94m[*] [0mFuzzing test case #1076 (1083 total, 0 uniq crashes found)...[0m
scheduled max input!!!!
schedule: 2 level4_2/ijon_max/2
[1;94m[*] [0mFuzzing test case #1077 (1083 total, 0 uniq crashes found)...[0m
scheduled max input!!!!
schedule: 14 level4_2/ijon_max/14
[1;94m[*] [0mFuzzing test case #1078 (1083 total, 0 uniq crashes found)...[0m
scheduled max input!!!!
schedule: 11 level4_2/ijon_max/11
[1;94m[*] [0mFuzzing test case #1079 (1083 total, 0 uniq crashes found)...[0m
scheduled max input!!!!
schedule: 10 level4_2/ijon_max/10
[1;94m[*] [0mFuzzing test case #1080 (1083 total, 0 uniq crashes found)...[0m
scheduled max input!!!!
schedule: 12 level4_2/ijon_max/12
[1;94m[*] [0mFuzzing test case #1081 (1083 total, 0 uniq crashes found)...[0m
[1;94m[*] [0mFuzzing test case #1082 (1083 total, 0 uniq crashes found)...[0m
scheduled max input!!!!
schedule: 15 level4_2/ijon_max/15
[1;94m[*] [0mEntering queue cycle 2.[0m
[1;94m[*] [0mFuzzing test case #0 (1083 total, 0 uniq crashes found)...[0m
scheduled max input!!!!
schedule: 6 level4_2/ijon_max/6
[1;94m[*] [0mFuzzing test case #1 (1084 total, 0 uniq crashes found)...[0m
scheduled max input!!!!
schedule: 13 level4_2/ijon_max/13
[1;94m[*] [0mFuzzing test case #2 (1084 total, 0 uniq crashes found)...[0m
scheduled max input!!!!
schedule: 8 level4_2/ijon_max/8
[1;94m[*] [0mFuzzing test case #3 (1084 total, 0 uniq crashes found)...[0m
[1;94m[*] [0mFuzzing test case #4 (1084 total, 0 uniq crashes found)...[0m
scheduled max input!!!!
schedule: 2 level4_2/ijon_max/2
[1;94m[*] [0mFuzzing test case #5 (1084 total, 0 uniq crashes found)...[0m
scheduled max input!!!!
schedule: 14 level4_2/ijon_max/14
[1;94m[*] [0mFuzzing test case #6 (1085 total, 0 uniq crashes found)...[0m
scheduled max input!!!!
schedule: 7 level4_2/ijon_max/7
[1;94m[*] [0mFuzzing test case #7 (1085 total, 0 uniq crashes found)...[0m
scheduled max input!!!!
schedule: 7 level4_2/ijon_max/7
updated maxmap 7: 50d (len: 694)
updated maxmap 8: 50a (len: 694)
[1;94m[*] [0mFuzzing test case #8 (1086 total, 0 uniq crashes found)...[0m
scheduled max input!!!!
schedule: 10 level4_2/ijon_max/10
[1;94m[*] [0mFuzzing test case #9 (1087 total, 0 uniq crashes found)...[0m
scheduled max input!!!!
schedule: 2 level4_2/ijon_max/2
[1;94m[*] [0mFuzzing test case #10 (1089 total, 0 uniq crashes found)...[0m
scheduled max input!!!!
schedule: 12 level4_2/ijon_max/12
[1;94m[*] [0mFuzzing test case #11 (1089 total, 0 uniq crashes found)...[0m
[1;94m[*] [0mFuzzing test case #12 (1089 total, 0 uniq crashes found)...[0m
scheduled max input!!!!
schedule: 2 level4_2/ijon_max/2
[1;94m[*] [0mFuzzing test case #13 (1089 total, 0 uniq crashes found)...[0m
scheduled max input!!!!
schedule: 13 level4_2/ijon_max/13
[1;94m[*] [0mFuzzing test case #14 (1089 total, 0 uniq crashes found)...[0m
scheduled max input!!!!
schedule: 0 level4_2/ijon_max/0
[1;94m[*] [0mFuzzing test case #15 (1089 total, 0 uniq crashes found)...[0m
scheduled max input!!!!
schedule: 10 level4_2/ijon_max/10
[1;94m[*] [0mFuzzing test case #16 (1090 total, 0 uniq crashes found)...[0m
scheduled max input!!!!
schedule: 11 level4_2/ijon_max/11
[1;94m[*] [0mFuzzing test case #17 (1096 total, 0 uniq crashes found)...[0m
scheduled max input!!!!
schedule: 10 level4_2/ijon_max/10
[1;94m[*] [0mFuzzing test case #18 (1096 total, 0 uniq crashes found)...[0m
scheduled max input!!!!
schedule: 7 level4_2/ijon_max/7
updated maxmap 6: 516 (len: 694)
updated maxmap 8: 50e (len: 726)
[1;94m[*] [0mFuzzing test case #19 (1097 total, 0 uniq crashes found)...[0m
scheduled max input!!!!
schedule: 5 level4_2/ijon_max/5
updated maxmap 4: 4fb (len: 688)
updated maxmap 5: 505 (len: 688)
minimized maxmap 4: 4fb (len: 687)
updated maxmap 4: 4fc (len: 687)
[1;94m[*] [0mFuzzing test case #20 (1098 total, 0 uniq crashes found)...[0m
scheduled max input!!!!
schedule: 8 level4_2/ijon_max/8
updated maxmap 7: 50f (len: 730)
updated maxmap 7: 516 (len: 733)
updated maxmap 6: 51d (len: 726)
updated maxmap 7: 527 (len: 726)
updated maxmap 8: 526 (len: 726)
updated maxmap 6: 523 (len: 726)
updated maxmap 5: 524 (len: 726)
updated maxmap 6: 52b (len: 726)
updated maxmap 7: 530 (len: 726)
updated maxmap 8: 52f (len: 726)
updated maxmap 6: 530 (len: 726)
updated maxmap 5: 537 (len: 726)
updated maxmap 6: 536 (len: 726)
updated maxmap 5: 539 (len: 726)
updated maxmap 6: 537 (len: 726)
updated maxmap 7: 531 (len: 726)
updated maxmap 7: 533 (len: 726)
updated maxmap 7: 537 (len: 748)
updated maxmap 5: 549 (len: 737)
[1;94m[*] [0mFuzzing test case #21 (1110 total, 0 uniq crashes found)...[0m
scheduled max input!!!!
schedule: 7 level4_2/ijon_max/7
updated maxmap 7: 538 (len: 748)
updated maxmap 5: 54b (len: 777)
updated maxmap 6: 551 (len: 777)
updated maxmap 7: 557 (len: 777)
[1;94m[*] [0mFuzzing test case #22 (1111 total, 0 uniq crashes found)...[0m
[1;94m[*] [0mFuzzing test case #23 (1111 total, 0 uniq crashes found)...[0m
scheduled max input!!!!
schedule: 2 level4_2/ijon_max/2
[1;94m[*] [0mFuzzing test case #24 (1111 total, 0 uniq crashes found)...[0m
scheduled max input!!!!
schedule: 11 level4_2/ijon_max/11
[1;94m[*] [0mFuzzing test case #25 (1112 total, 0 uniq crashes found)...[0m
scheduled max input!!!!
schedule: 13 level4_2/ijon_max/13
[1;94m[*] [0mFuzzing test case #26 (1112 total, 0 uniq crashes found)...[0m
scheduled max input!!!!
schedule: 7 level4_2/ijon_max/7
updated maxmap 4: 56e (len: 777)
updated maxmap 5: 5bf (len: 777)
updated maxmap 6: 5be (len: 777)
updated maxmap 7: 5b8 (len: 777)
updated maxmap 8: 597 (len: 777)
updated maxmap 5: 5c0 (len: 777)
updated maxmap 6: 5ef (len: 785)
updated maxmap 7: 5dd (len: 785)
updated maxmap 8: 5d6 (len: 785)
updated maxmap 4: 570 (len: 777)
updated maxmap 5: 5c2 (len: 777)
minimized maxmap 7: 5dd (len: 777)
updated maxmap 8: 5d8 (len: 777)
updated maxmap 6: 5fa (len: 789)
updated maxmap 7: 5e0 (len: 789)
updated maxmap 4: 572 (len: 777)
updated maxmap 5: 5c4 (len: 777)
updated maxmap 8: 5da (len: 777)
updated maxmap 3: 5d9 (len: 777)
updated maxmap 4: 5de (len: 777)
updated maxmap 5: 5c9 (len: 777)
updated maxmap 7: 5e2 (len: 783)
updated maxmap 8: 5db (len: 783)
minimized maxmap 8: 5db (len: 777)
updated maxmap 8: 5de (len: 778)
updated maxmap 5: 5db (len: 784)
updated maxmap 7: 5e5 (len: 779)
updated maxmap 8: 5e3 (len: 779)
minimized maxmap 8: 5e3 (len: 777)
updated maxmap 8: 5e6 (len: 779)
updated maxmap 7: 5e7 (len: 788)
[1;94m[*] [0mFuzzing test case #27 (1137 total, 0 uniq crashes found)...[0m
[1;94m[*] [0mFuzzing test case #28 (1137 total, 0 uniq crashes found)...[0m
scheduled max input!!!!
schedule: 5 level4_2/ijon_max/5
updated maxmap 7: 5e9 (len: 784)
[1;94m[*] [0mFuzzing test case #29 (1137 total, 0 uniq crashes found)...[0m
[1;94m[*] [0mFuzzing test case #30 (1137 total, 0 uniq crashes found)...[0m
scheduled max input!!!!
schedule: 3 level4_2/ijon_max/3
updated maxmap 3: 5db (len: 777)
updated maxmap 4: 5e0 (len: 777)
updated maxmap 3: 5dc (len: 777)
updated maxmap 4: 5e1 (len: 777)
[1;94m[*] [0mFuzzing test case #31 (1137 total, 0 uniq crashes found)...[0m
scheduled max input!!!!
schedule: 10 level4_2/ijon_max/10
[1;94m[*] [0mFuzzing test case #32 (1137 total, 0 uniq crashes found)...[0m
scheduled max input!!!!
schedule: 8 level4_2/ijon_max/8
updated maxmap 8: 5e8 (len: 779)
[1;94m[*] [0mFuzzing test case #33 (1137 total, 0 uniq crashes found)...[0m
scheduled max input!!!!
schedule: 14 level4_2/ijon_max/14
[1;94m[*] [0mFuzzing test case #34 (1137 total, 0 uniq crashes found)...[0m
scheduled max input!!!!
schedule: 11 level4_2/ijon_max/11
[1;94m[*] [0mFuzzing test case #35 (1137 total, 0 uniq crashes found)...[0m
scheduled max input!!!!
schedule: 14 level4_2/ijon_max/14
[1;94m[*] [0mFuzzing test case #36 (1137 total, 0 uniq crashes found)...[0m
scheduled max input!!!!
schedule: 10 level4_2/ijon_max/10
[1;94m[*] [0mFuzzing test case #37 (1137 total, 0 uniq crashes found)...[0m
[1;94m[*] [0mFuzzing test case #38 (1137 total, 0 uniq crashes found)...[0m
scheduled max input!!!!
schedule: 5 level4_2/ijon_max/5
updated maxmap 5: 5dc (len: 784)
updated maxmap 7: 5ed (len: 784)
updated maxmap 8: 5eb (len: 784)
[1;94m[*] [0mFuzzing test case #39 (1138 total, 0 uniq crashes found)...[0m
scheduled max input!!!!
schedule: 11 level4_2/ijon_max/11
[1;94m[*] [0mFuzzing test case #40 (1138 total, 0 uniq crashes found)...[0m
scheduled max input!!!!
schedule: 9 level4_2/ijon_max/9
[1;94m[*] [0mFuzzing test case #41 (1138 total, 0 uniq crashes found)...[0m
scheduled max input!!!!
schedule: 7 level4_2/ijon_max/7
updated maxmap 7: 5ef (len: 784)
updated maxmap 8: 5ec (len: 784)
[1;94m[*] [0mFuzzing test case #42 (1138 total, 0 uniq crashes found)...[0m
scheduled max input!!!!
schedule: 11 level4_2/ijon_max/11
[1;94m[*] [0mFuzzing test case #43 (1138 total, 0 uniq crashes found)...[0m
scheduled max input!!!!
schedule: 9 level4_2/ijon_max/9
[1;94m[*] [0mFuzzing test case #44 (1138 total, 0 uniq crashes found)...[0m
scheduled max input!!!!
schedule: 3 level4_2/ijon_max/3
updated maxmap 2: 54a (len: 804)
updated maxmap 5: 5e7 (len: 804)
updated maxmap 6: 618 (len: 804)
updated maxmap 7: 608 (len: 804)
updated maxmap 8: 601 (len: 804)
updated maxmap 3: 5de (len: 778)
updated maxmap 4: 5e3 (len: 778)
minimized maxmap 3: 5de (len: 777)
[1;94m[*] [0mFuzzing test case #45 (1139 total, 0 uniq crashes found)...[0m
[1;94m[*] [0mFuzzing test case #46 (1139 total, 0 uniq crashes found)...[0m
scheduled max input!!!!
schedule: 7 level4_2/ijon_max/7
updated maxmap 6: 619 (len: 804)
updated maxmap 6: 61e (len: 811)
updated maxmap 7: 613 (len: 811)
updated maxmap 8: 60e (len: 811)
minimized maxmap 7: 613 (len: 804)
minimized maxmap 8: 60e (len: 804)
updated maxmap 7: 61e (len: 804)
updated maxmap 7: 625 (len: 809)
updated maxmap 4: 611 (len: 804)
updated maxmap 5: 61d (len: 804)
updated maxmap 6: 620 (len: 804)
updated maxmap 8: 61d (len: 804)
updated maxmap 4: 615 (len: 804)
updated maxmap 5: 621 (len: 804)
updated maxmap 6: 624 (len: 804)
updated maxmap 2: 56e (len: 833)
updated maxmap 8: 61f (len: 838)
minimized maxmap 8: 61f (len: 804)
updated maxmap 8: 62a (len: 812)
updated maxmap 7: 62a (len: 829)
updated maxmap 8: 62b (len: 823)
minimized maxmap 2: 56e (len: 813)
updated maxmap 8: 62c (len: 832)
[1;94m[*] [0mFuzzing test case #47 (1158 total, 0 uniq crashes found)...[0m
scheduled max input!!!!
schedule: 11 level4_2/ijon_max/11
[1;94m[*] [0mFuzzing test case #48 (1158 total, 0 uniq crashes found)...[0m
scheduled max input!!!!
schedule: 3 level4_2/ijon_max/3
[1;94m[*] [0mFuzzing test case #49 (1158 total, 0 uniq crashes found)...[0m
scheduled max input!!!!
schedule: 14 level4_2/ijon_max/14
[1;94m[*] [0mFuzzing test case #50 (1158 total, 0 uniq crashes found)...[0m
scheduled max input!!!!
schedule: 14 level4_2/ijon_max/14
[1;94m[*] [0mFuzzing test case #51 (1158 total, 0 uniq crashes found)...[0m
[1;94m[*] [0mFuzzing test case #52 (1158 total, 0 uniq crashes found)...[0m
scheduled max input!!!!
schedule: 10 level4_2/ijon_max/10
[1;94m[*] [0mFuzzing test case #53 (1159 total, 0 uniq crashes found)...[0m
[1;94m[*] [0mFuzzing test case #54 (1159 total, 0 uniq crashes found)...[0m
[1;94m[*] [0mFuzzing test case #55 (1159 total, 0 uniq crashes found)...[0m
scheduled max input!!!!
schedule: 2 level4_2/ijon_max/2
updated maxmap 5: 636 (len: 813)
updated maxmap 6: 62c (len: 813)
updated maxmap 6: 638 (len: 813)
updated maxmap 7: 62f (len: 813)
updated maxmap 2: 56f (len: 813)
[1;94m[*] [0mFuzzing test case #56 (1169 total, 0 uniq crashes found)...[0m
scheduled max input!!!!
schedule: 10 level4_2/ijon_max/10
[1;94m[*] [0mFuzzing test case #57 (1169 total, 0 uniq crashes found)...[0m
scheduled max input!!!!
schedule: 9 level4_2/ijon_max/9
[1;94m[*] [0mFuzzing test case #58 (1169 total, 0 uniq crashes found)...[0m
scheduled max input!!!!
schedule: 8 level4_2/ijon_max/8
updated maxmap 6: 64d (len: 832)
updated maxmap 7: 65e (len: 832)
updated maxmap 8: 659 (len: 832)
updated maxmap 7: 65f (len: 832)
updated maxmap 8: 65a (len: 832)
updated maxmap 6: 682 (len: 859)
updated maxmap 7: 68b (len: 859)
updated maxmap 8: 695 (len: 859)
updated maxmap 9: 69d (len: 859)
updated maxmap 5: 647 (len: 856)
updated maxmap 6: 687 (len: 856)
updated maxmap 7: 691 (len: 856)
minimized maxmap 8: 695 (len: 856)
minimized maxmap 5: 647 (len: 840)
[1;94m[*] [0mFuzzing test case #59 (1189 total, 0 uniq crashes found)...[0m
scheduled max input!!!!
schedule: 9 level4_2/ijon_max/9
updated maxmap 6: 695 (len: 871)
updated maxmap 7: 69e (len: 871)
updated maxmap 8: 6a8 (len: 871)
updated maxmap 9: 6af (len: 871)
updated maxmap 10: 699 (len: 859)
updated maxmap 10: 6a9 (len: 867)
updated maxmap 11: 6af (len: 867)
updated maxmap 5: 682 (len: 881)
updated maxmap 9: 6ca (len: 881)
updated maxmap 10: 6c7 (len: 881)
updated maxmap 11: 6c1 (len: 881)
updated maxmap 5: 683 (len: 859)
updated maxmap 5: 684 (len: 859)
updated maxmap 9: 6d9 (len: 890)
updated maxmap 10: 6ca (len: 890)
updated maxmap 11: 6c4 (len: 890)
minimized maxmap 6: 695 (len: 859)
updated maxmap 7: 69f (len: 859)
updated maxmap 6: 698 (len: 859)
updated maxmap 6: 699 (len: 864)
updated maxmap 7: 6a3 (len: 864)
updated maxmap 5: 68a (len: 859)
[1;94m[*] [0mFuzzing test case #60 (1203 total, 0 uniq crashes found)...[0m
scheduled max input!!!!
schedule: 12 level4_2/ijon_max/12
[1;94m[*] [0mFuzzing test case #61 (1203 total, 0 uniq crashes found)...[0m
scheduled max input!!!!
schedule: 4 level4_2/ijon_max/4
[1;94m[*] [0mFuzzing test case #62 (1203 total, 0 uniq crashes found)...[0m
scheduled max input!!!!
schedule: 4 level4_2/ijon_max/4
updated maxmap 4: 616 (len: 804)
[1;94m[*] [0mFuzzing test case #63 (1203 total, 0 uniq crashes found)...[0m
[1;94m[*] [0mFuzzing test case #64 (1203 total, 0 uniq crashes found)...[0m
scheduled max input!!!!
schedule: 0 level4_2/ijon_max/0
[1;94m[*] [0mFuzzing test case #65 (1203 total, 0 uniq crashes found)...[0m
scheduled max input!!!!
schedule: 13 level4_2/ijon_max/13
[1;94m[*] [0mFuzzing test case #66 (1203 total, 0 uniq crashes found)...[0m
scheduled max input!!!!
schedule: 12 level4_2/ijon_max/12
[1;94m[*] [0mFuzzing test case #67 (1203 total, 0 uniq crashes found)...[0m
scheduled max input!!!!
schedule: 10 level4_2/ijon_max/10
updated maxmap 10: 6cb (len: 890)
updated maxmap 11: 6c6 (len: 890)
updated maxmap 10: 6cc (len: 890)
updated maxmap 8: 6e0 (len: 890)
updated maxmap 9: 6e8 (len: 890)
[1;94m[*] [0mFuzzing test case #68 (1203 total, 0 uniq crashes found)...[0m
scheduled max input!!!!
schedule: 6 level4_2/ijon_max/6
updated maxmap 6: 69b (len: 864)
updated maxmap 7: 6a5 (len: 864)
[1;94m[*] [0mFuzzing test case #69 (1205 total, 0 uniq crashes found)...[0m
[1;94m[*] [0mFuzzing test case #70 (1205 total, 0 uniq crashes found)...[0m
[1;94m[*] [0mFuzzing test case #71 (1205 total, 0 uniq crashes found)...[0m
[1;94m[*] [0mFuzzing test case #72 (1205 total, 0 uniq crashes found)...[0m
scheduled max input!!!!
schedule: 13 level4_2/ijon_max/13
[1;94m[*] [0mFuzzing test case #73 (1205 total, 0 uniq crashes found)...[0m
scheduled max input!!!!
schedule: 12 level4_2/ijon_max/12
[1;94m[*] [0mFuzzing test case #74 (1205 total, 0 uniq crashes found)...[0m
scheduled max input!!!!
schedule: 6 level4_2/ijon_max/6
updated maxmap 6: 69c (len: 864)
updated maxmap 7: 6a6 (len: 864)
updated maxmap 5: 697 (len: 872)
updated maxmap 6: 6a3 (len: 872)
updated maxmap 7: 6ad (len: 872)
minimized maxmap 5: 697 (len: 864)
minimized maxmap 6: 6a3 (len: 864)
[1;94m[*] [0mFuzzing test case #75 (1206 total, 0 uniq crashes found)...[0m
scheduled max input!!!!
schedule: 14 level4_2/ijon_max/14
[1;94m[*] [0mFuzzing test case #76 (1206 total, 0 uniq crashes found)...[0m
scheduled max input!!!!
schedule: 13 level4_2/ijon_max/13
[1;94m[*] [0mFuzzing test case #77 (1206 total, 0 uniq crashes found)...[0m
scheduled max input!!!!
schedule: 14 level4_2/ijon_max/14
[1;94m[*] [0mFuzzing test case #78 (1206 total, 0 uniq crashes found)...[0m
scheduled max input!!!!
schedule: 15 level4_2/ijon_max/15
[1;94m[*] [0mFuzzing test case #79 (1206 total, 0 uniq crashes found)...[0m
scheduled max input!!!!
schedule: 9 level4_2/ijon_max/9
updated maxmap 10: 6e8 (len: 890)
updated maxmap 8: 6e1 (len: 890)
updated maxmap 9: 6ed (len: 919)
updated maxmap 10: 6f7 (len: 919)
updated maxmap 11: 721 (len: 919)
updated maxmap 8: 6e8 (len: 896)
updated maxmap 9: 6ef (len: 896)
updated maxmap 5: 698 (len: 906)
updated maxmap 6: 6a4 (len: 906)
updated maxmap 7: 6ae (len: 906)
updated maxmap 8: 6fd (len: 906)
updated maxmap 9: 707 (len: 906)
minimized maxmap 6: 6a4 (len: 890)
minimized maxmap 7: 6ae (len: 890)
updated maxmap 5: 699 (len: 890)
updated maxmap 6: 6a5 (len: 890)
updated maxmap 7: 6af (len: 890)
updated maxmap 9: 71d (len: 915)
updated maxmap 10: 71a (len: 915)
updated maxmap 9: 723 (len: 918)
updated maxmap 10: 71e (len: 918)
updated maxmap 5: 6a1 (len: 890)
updated maxmap 6: 6ab (len: 890)
updated maxmap 7: 6b5 (len: 890)
[1;94m[*] [0mFuzzing test case #80 (1219 total, 0 uniq crashes found)...[0m
scheduled max input!!!!
schedule: 3 level4_2/ijon_max/3
[1;94m[*] [0mFuzzing test case #81 (1219 total, 0 uniq crashes found)...[0m
scheduled max input!!!!
schedule: 3 level4_2/ijon_max/3
updated maxmap 3: 5e6 (len: 805)
[1;94m[*] [0mFuzzing test case #82 (1219 total, 0 uniq crashes found)...[0m
scheduled max input!!!!
schedule: 2 level4_2/ijon_max/2
[1;94m[*] [0mFuzzing test case #83 (1219 total, 0 uniq crashes found)...[0m
scheduled max input!!!!
schedule: 15 level4_2/ijon_max/15
[1;94m[*] [0mFuzzing test case #84 (1219 total, 0 uniq crashes found)...[0m
[1;94m[*] [0mFuzzing test case #85 (1219 total, 0 uniq crashes found)...[0m
scheduled max input!!!!
schedule: 11 level4_2/ijon_max/11
updated maxmap 11: 722 (len: 920)
updated maxmap 6: 73a (len: 925)
updated maxmap 7: 726 (len: 925)
updated maxmap 8: 717 (len: 925)
minimized maxmap 11: 722 (len: 919)
updated maxmap 11: 723 (len: 919)
updated maxmap 7: 72a (len: 919)
updated maxmap 8: 725 (len: 919)
updated maxmap 11: 724 (len: 919)
updated maxmap 9: 725 (len: 919)
updated maxmap 10: 722 (len: 919)
updated maxmap 9: 72c (len: 925)
updated maxmap 10: 72c (len: 925)
updated maxmap 10: 72d (len: 925)
updated maxmap 11: 72b (len: 925)
minimized maxmap 9: 72c (len: 919)
updated maxmap 9: 72d (len: 919)
updated maxmap 8: 72b (len: 941)
minimized maxmap 10: 72d (len: 924)
updated maxmap 11: 72d (len: 924)
minimized maxmap 8: 72b (len: 919)
updated maxmap 8: 72c (len: 948)
updated maxmap 7: 72d (len: 938)
minimized maxmap 8: 72c (len: 938)
[1;94m[*] [0mFuzzing test case #86 (1231 total, 0 uniq crashes found)...[0m
scheduled max input!!!!
schedule: 15 level4_2/ijon_max/15
[1;94m[*] [0mFuzzing test case #87 (1231 total, 0 uniq crashes found)...[0m
scheduled max input!!!!
schedule: 3 level4_2/ijon_max/3
[1;94m[*] [0mFuzzing test case #88 (1231 total, 0 uniq crashes found)...[0m
scheduled max input!!!!
schedule: 10 level4_2/ijon_max/10
[1;94m[*] [0mFuzzing test case #89 (1231 total, 0 uniq crashes found)...[0m
[1;94m[*] [0mFuzzing test case #90 (1231 total, 0 uniq crashes found)...[0m
scheduled max input!!!!
schedule: 4 level4_2/ijon_max/4
[1;94m[*] [0mFuzzing test case #91 (1231 total, 0 uniq crashes found)...[0m
scheduled max input!!!!
schedule: 15 level4_2/ijon_max/15
[1;94m[*] [0mFuzzing test case #92 (1231 total, 0 uniq crashes found)...[0m
scheduled max input!!!!
schedule: 14 level4_2/ijon_max/14
[1;94m[*] [0mFuzzing test case #93 (1231 total, 0 uniq crashes found)...[0m
scheduled max input!!!!
schedule: 12 level4_2/ijon_max/12
[1;94m[*] [0mFuzzing test case #94 (1231 total, 0 uniq crashes found)...[0m
scheduled max input!!!!
schedule: 10 level4_2/ijon_max/10
[1;94m[*] [0mFuzzing test case #95 (1231 total, 0 uniq crashes found)...[0m
scheduled max input!!!!
schedule: 7 level4_2/ijon_max/7
updated maxmap 7: 736 (len: 938)
[1;94m[*] [0mFuzzing test case #96 (1232 total, 0 uniq crashes found)...[0m
scheduled max input!!!!
schedule: 5 level4_2/ijon_max/5
updated maxmap 5: 6a2 (len: 890)
[1;94m[*] [0mFuzzing test case #97 (1232 total, 0 uniq crashes found)...[0m
scheduled max input!!!!
schedule: 9 level4_2/ijon_max/9
[1;94m[*] [0mFuzzing test case #98 (1233 total, 0 uniq crashes found)...[0m
scheduled max input!!!!
schedule: 2 level4_2/ijon_max/2
[1;94m[*] [0mFuzzing test case #99 (1234 total, 0 uniq crashes found)...[0m
scheduled max input!!!!
schedule: 10 level4_2/ijon_max/10
[1;94m[*] [0mFuzzing test case #100 (1234 total, 0 uniq crashes found)...[0m
scheduled max input!!!!
schedule: 7 level4_2/ijon_max/7
[1;94m[*] [0mFuzzing test case #101 (1234 total, 0 uniq crashes found)...[0m
[1;94m[*] [0mFuzzing test case #102 (1234 total, 0 uniq crashes found)...[0m
scheduled max input!!!!
schedule: 8 level4_2/ijon_max/8
[1;94m[*] [0mFuzzing test case #103 (1234 total, 0 uniq crashes found)...[0m
scheduled max input!!!!
schedule: 12 level4_2/ijon_max/12
[1;94m[*] [0mFuzzing test case #104 (1234 total, 0 uniq crashes found)...[0m
[1;94m[*] [0mFuzzing test case #105 (1234 total, 0 uniq crashes found)...[0m
[1;94m[*] [0mFuzzing test case #106 (1234 total, 0 uniq crashes found)...[0m
scheduled max input!!!!
schedule: 9 level4_2/ijon_max/9
updated maxmap 4: 663 (len: 926)
[1;94m[*] [0mFuzzing test case #107 (1234 total, 0 uniq crashes found)...[0m
scheduled max input!!!!
schedule: 3 level4_2/ijon_max/3
[1;94m[*] [0mFuzzing test case #108 (1234 total, 0 uniq crashes found)...[0m
scheduled max input!!!!
schedule: 7 level4_2/ijon_max/7
updated maxmap 8: 731 (len: 938)
[1;94m[*] [0mFuzzing test case #109 (1234 total, 0 uniq crashes found)...[0m
scheduled max input!!!!
schedule: 3 level4_2/ijon_max/3
updated maxmap 3: 5e7 (len: 805)
updated maxmap 3: 5e8 (len: 805)
[1;94m[*] [0mFuzzing test case #110 (1234 total, 0 uniq crashes found)...[0m
scheduled max input!!!!
schedule: 14 level4_2/ijon_max/14
[1;94m[*] [0mFuzzing test case #111 (1234 total, 0 uniq crashes found)...[0m
[1;94m[*] [0mFuzzing test case #112 (1234 total, 0 uniq crashes found)...[0m
scheduled max input!!!!
schedule: 0 level4_2/ijon_max/0
[1;94m[*] [0mFuzzing test case #113 (1234 total, 0 uniq crashes found)...[0m
[1;94m[*] [0mFuzzing test case #114 (1234 total, 0 uniq crashes found)...[0m
[1;94m[*] [0mFuzzing test case #115 (1234 total, 0 uniq crashes found)...[0m
scheduled max input!!!!
schedule: 11 level4_2/ijon_max/11
[1;94m[*] [0mFuzzing test case #116 (1234 total, 0 uniq crashes found)...[0m
[1;94m[*] [0mFuzzing test case #117 (1234 total, 0 uniq crashes found)...[0m
scheduled max input!!!!
schedule: 3 level4_2/ijon_max/3
[1;94m[*] [0mFuzzing test case #118 (1234 total, 0 uniq crashes found)...[0m
scheduled max input!!!!
schedule: 11 level4_2/ijon_max/11
[1;94m[*] [0mFuzzing test case #119 (1234 total, 0 uniq crashes found)...[0m
scheduled max input!!!!
schedule: 6 level4_2/ijon_max/6
updated maxmap 3: 668 (len: 925)
updated maxmap 4: 666 (len: 925)
updated maxmap 6: 73c (len: 925)
updated maxmap 6: 73d (len: 925)
updated maxmap 6: 740 (len: 926)
updated maxmap 7: 73d (len: 925)
updated maxmap 8: 73c (len: 925)
updated maxmap 6: 741 (len: 925)
updated maxmap 6: 743 (len: 925)
updated maxmap 7: 742 (len: 925)
updated maxmap 6: 744 (len: 925)
updated maxmap 6: 745 (len: 927)
updated maxmap 6: 74d (len: 931)
[1;94m[*] [0mFuzzing test case #120 (1244 total, 0 uniq crashes found)...[0m
scheduled max input!!!!
schedule: 10 level4_2/ijon_max/10
[1;94m[*] [0mFuzzing test case #121 (1244 total, 0 uniq crashes found)...[0m
scheduled max input!!!!
schedule: 11 level4_2/ijon_max/11
updated maxmap 10: 72e (len: 925)
[1;94m[*] [0mFuzzing test case #122 (1244 total, 0 uniq crashes found)...[0m
[1;94m[*] [0mFuzzing test case #123 (1244 total, 0 uniq crashes found)...[0m
scheduled max input!!!!
schedule: 8 level4_2/ijon_max/8
updated maxmap 8: 743 (len: 927)
[1;94m[*] [0mFuzzing test case #124 (1244 total, 0 uniq crashes found)...[0m
scheduled max input!!!!
schedule: 11 level4_2/ijon_max/11
[1;94m[*] [0mFuzzing test case #125 (1244 total, 0 uniq crashes found)...[0m
[1;94m[*] [0mFuzzing test case #126 (1244 total, 0 uniq crashes found)...[0m
[1;94m[*] [0mFuzzing test case #127 (1244 total, 0 uniq crashes found)...[0m
scheduled max input!!!!
schedule: 8 level4_2/ijon_max/8
updated maxmap 8: 744 (len: 930)
[1;94m[*] [0mFuzzing test case #128 (1244 total, 0 uniq crashes found)...[0m
scheduled max input!!!!
schedule: 0 level4_2/ijon_max/0
[1;94m[*] [0mFuzzing test case #129 (1244 total, 0 uniq crashes found)...[0m
scheduled max input!!!!
schedule: 2 level4_2/ijon_max/2
[1;94m[*] [0mFuzzing test case #130 (1244 total, 0 uniq crashes found)...[0m
scheduled max input!!!!
schedule: 3 level4_2/ijon_max/3
updated maxmap 4: 667 (len: 925)
[1;94m[*] [0mFuzzing test case #131 (1244 total, 0 uniq crashes found)...[0m
scheduled max input!!!!
schedule: 15 level4_2/ijon_max/15
[1;94m[*] [0mFuzzing test case #132 (1244 total, 0 uniq crashes found)...[0m
[1;94m[*] [0mFuzzing test case #133 (1244 total, 0 uniq crashes found)...[0m
scheduled max input!!!!
schedule: 13 level4_2/ijon_max/13
[1;94m[*] [0mFuzzing test case #134 (1244 total, 0 uniq crashes found)...[0m
scheduled max input!!!!
schedule: 5 level4_2/ijon_max/5
[1;94m[*] [0mFuzzing test case #135 (1244 total, 0 uniq crashes found)...[0m
scheduled max input!!!!
schedule: 11 level4_2/ijon_max/11
[1;94m[*] [0mFuzzing test case #136 (1244 total, 0 uniq crashes found)...[0m
[1;94m[*] [0mFuzzing test case #137 (1244 total, 0 uniq crashes found)...[0m
scheduled max input!!!!
schedule: 4 level4_2/ijon_max/4
updated maxmap 3: 66b (len: 925)
updated maxmap 4: 66a (len: 925)
updated maxmap 4: 66b (len: 925)
[1;94m[*] [0mFuzzing test case #138 (1244 total, 0 uniq crashes found)...[0m
scheduled max input!!!!
schedule: 9 level4_2/ijon_max/9
[1;94m[*] [0mFuzzing test case #139 (1244 total, 0 uniq crashes found)...[0m
scheduled max input!!!!
schedule: 9 level4_2/ijon_max/9
[1;94m[*] [0mFuzzing test case #140 (1244 total, 0 uniq crashes found)...[0m
scheduled max input!!!!
schedule: 13 level4_2/ijon_max/13
[1;94m[*] [0mFuzzing test case #141 (1244 total, 0 uniq crashes found)...[0m
scheduled max input!!!!
schedule: 2 level4_2/ijon_max/2
[1;94m[*] [0mFuzzing test case #142 (1244 total, 0 uniq crashes found)...[0m
scheduled max input!!!!
schedule: 3 level4_2/ijon_max/3
updated maxmap 3: 66d (len: 937)
updated maxmap 4: 672 (len: 937)
[1;94m[*] [0mFuzzing test case #143 (1244 total, 0 uniq crashes found)...[0m
scheduled max input!!!!
schedule: 12 level4_2/ijon_max/12
[1;94m[*] [0mFuzzing test case #144 (1244 total, 0 uniq crashes found)...[0m
scheduled max input!!!!
schedule: 2 level4_2/ijon_max/2
[1;94m[*] [0mFuzzing test case #145 (1244 total, 0 uniq crashes found)...[0m
scheduled max input!!!!
schedule: 13 level4_2/ijon_max/13
[1;94m[*] [0mFuzzing test case #146 (1244 total, 0 uniq crashes found)...[0m
scheduled max input!!!!
schedule: 2 level4_2/ijon_max/2
[1;94m[*] [0mFuzzing test case #147 (1244 total, 0 uniq crashes found)...[0m
[1;94m[*] [0mFuzzing test case #148 (1244 total, 0 uniq crashes found)...[0m
scheduled max input!!!!
schedule: 15 level4_2/ijon_max/15
[1;94m[*] [0mFuzzing test case #149 (1244 total, 0 uniq crashes found)...[0m
[1;94m[*] [0mFuzzing test case #150 (1244 total, 0 uniq crashes found)...[0m
scheduled max input!!!!
schedule: 3 level4_2/ijon_max/3
updated maxmap 5: 752 (len: 937)
updated maxmap 6: 756 (len: 937)
updated maxmap 4: 673 (len: 937)
[1;94m[*] [0mFuzzing test case #151 (1244 total, 0 uniq crashes found)...[0m
scheduled max input!!!!
schedule: 8 level4_2/ijon_max/8
[1;94m[*] [0mFuzzing test case #152 (1244 total, 0 uniq crashes found)...[0m
[1;94m[*] [0mFuzzing test case #153 (1244 total, 0 uniq crashes found)...[0m
scheduled max input!!!!
schedule: 15 level4_2/ijon_max/15
[1;94m[*] [0mFuzzing test case #154 (1244 total, 0 uniq crashes found)...[0m
scheduled max input!!!!
schedule: 7 level4_2/ijon_max/7
[1;94m[*] [0mFuzzing test case #155 (1244 total, 0 uniq crashes found)...[0m
scheduled max input!!!!
schedule: 7 level4_2/ijon_max/7
updated maxmap 7: 743 (len: 925)
updated maxmap 4: 683 (len: 930)
updated maxmap 7: 744 (len: 925)
[1;94m[*] [0mFuzzing test case #156 (1245 total, 0 uniq crashes found)...[0m
scheduled max input!!!!
schedule: 3 level4_2/ijon_max/3
[1;94m[*] [0mFuzzing test case #157 (1245 total, 0 uniq crashes found)...[0m
scheduled max input!!!!
schedule: 3 level4_2/ijon_max/3
updated maxmap 3: 66f (len: 937)
[1;94m[*] [0mFuzzing test case #158 (1245 total, 0 uniq crashes found)...[0m
[1;94m[*] [0mFuzzing test case #159 (1245 total, 0 uniq crashes found)...[0m
scheduled max input!!!!
schedule: 8 level4_2/ijon_max/8
updated maxmap 8: 745 (len: 930)
updated maxmap 8: 746 (len: 930)
updated maxmap 8: 74b (len: 930)
[1;94m[*] [0mFuzzing test case #160 (1245 total, 0 uniq crashes found)...[0m
scheduled max input!!!!
schedule: 10 level4_2/ijon_max/10
[1;94m[*] [0mFuzzing test case #161 (1246 total, 0 uniq crashes found)...[0m
[1;94m[*] [0mFuzzing test case #162 (1246 total, 0 uniq crashes found)...[0m
scheduled max input!!!!
schedule: 6 level4_2/ijon_max/6
updated maxmap 6: 758 (len: 937)
updated maxmap 6: 759 (len: 937)
updated maxmap 7: 751 (len: 937)
[1;94m[*] [0mFuzzing test case #163 (1246 total, 0 uniq crashes found)...[0m
scheduled max input!!!!
schedule: 2 level4_2/ijon_max/2
[1;94m[*] [0mFuzzing test case #164 (1246 total, 0 uniq crashes found)...[0m
scheduled max input!!!!
schedule: 13 level4_2/ijon_max/13
[1;94m[*] [0mFuzzing test case #165 (1246 total, 0 uniq crashes found)...[0m
scheduled max input!!!!
schedule: 12 level4_2/ijon_max/12
[1;94m[*] [0mFuzzing test case #166 (1246 total, 0 uniq crashes found)...[0m
scheduled max input!!!!
schedule: 5 level4_2/ijon_max/5
updated maxmap 5: 756 (len: 937)
updated maxmap 6: 75a (len: 937)
updated maxmap 7: 75e (len: 937)
updated maxmap 8: 74d (len: 937)
updated maxmap 5: 759 (len: 940)
updated maxmap 6: 763 (len: 940)
minimized maxmap 5: 759 (len: 937)
updated maxmap 5: 75a (len: 937)
updated maxmap 5: 75b (len: 945)
updated maxmap 6: 767 (len: 945)
updated maxmap 7: 771 (len: 945)
updated maxmap 8: 773 (len: 945)
minimized maxmap 5: 75b (len: 937)
updated maxmap 8: 77d (len: 951)
[1;94m[*] [0mFuzzing test case #167 (1249 total, 0 uniq crashes found)...[0m
[1;94m[*] [0mFuzzing test case #168 (1249 total, 0 uniq crashes found)...[0m
[1;94m[*] [0mFuzzing test case #169 (1249 total, 0 uniq crashes found)...[0m
scheduled max input!!!!
schedule: 9 level4_2/ijon_max/9
[1;94m[*] [0mFuzzing test case #170 (1249 total, 0 uniq crashes found)...[0m
scheduled max input!!!!
schedule: 8 level4_2/ijon_max/8
updated maxmap 8: 77e (len: 951)
updated maxmap 3: 781 (len: 951)
updated maxmap 4: 775 (len: 951)
updated maxmap 5: 768 (len: 951)
updated maxmap 3: 783 (len: 951)
updated maxmap 4: 777 (len: 951)
updated maxmap 5: 769 (len: 951)
updated maxmap 8: 781 (len: 951)
updated maxmap 6: 77c (len: 951)
updated maxmap 7: 77a (len: 951)
updated maxmap 8: 782 (len: 952)
updated maxmap 5: 784 (len: 951)
minimized maxmap 8: 782 (len: 951)
updated maxmap 8: 784 (len: 951)
updated maxmap 3: 784 (len: 952)
updated maxmap 4: 77b (len: 952)
[1;94m[*] [0mFuzzing test case #171 (1253 total, 0 uniq crashes found)...[0m
scheduled max input!!!!
schedule: 4 level4_2/ijon_max/4
updated maxmap 3: 787 (len: 952)
updated maxmap 4: 77d (len: 952)
updated maxmap 7: 77b (len: 952)
[1;94m[*] [0mFuzzing test case #172 (1253 total, 0 uniq crashes found)...[0m
scheduled max input!!!!
schedule: 0 level4_2/ijon_max/0
[1;94m[*] [0mFuzzing test case #173 (1253 total, 0 uniq crashes found)...[0m
scheduled max input!!!!
schedule: 2 level4_2/ijon_max/2
[1;94m[*] [0mFuzzing test case #174 (1253 total, 0 uniq crashes found)...[0m
scheduled max input!!!!
schedule: 14 level4_2/ijon_max/14
[1;94m[*] [0mFuzzing test case #175 (1253 total, 0 uniq crashes found)...[0m
scheduled max input!!!!
schedule: 3 level4_2/ijon_max/3
[1;94m[*] [0mFuzzing test case #176 (1253 total, 0 uniq crashes found)...[0m
scheduled max input!!!!
schedule: 0 level4_2/ijon_max/0
[1;94m[*] [0mFuzzing test case #177 (1253 total, 0 uniq crashes found)...[0m
scheduled max input!!!!
schedule: 11 level4_2/ijon_max/11
[1;94m[*] [0mFuzzing test case #178 (1253 total, 0 uniq crashes found)...[0m
scheduled max input!!!!
schedule: 3 level4_2/ijon_max/3
updated maxmap 7: 782 (len: 952)
updated maxmap 8: 785 (len: 952)
[1;94m[*] [0mFuzzing test case #179 (1253 total, 0 uniq crashes found)...[0m
scheduled max input!!!!
schedule: 3 level4_2/ijon_max/3
[1;94m[*] [0mFuzzing test case #180 (1253 total, 0 uniq crashes found)...[0m
scheduled max input!!!!
schedule: 5 level4_2/ijon_max/5
updated maxmap 5: 785 (len: 951)
[1;94m[*] [0mFuzzing test case #181 (1253 total, 0 uniq crashes found)...[0m
scheduled max input!!!!
schedule: 15 level4_2/ijon_max/15
[1;94m[*] [0mFuzzing test case #182 (1253 total, 0 uniq crashes found)...[0m
[1;94m[*] [0mFuzzing test case #183 (1253 total, 0 uniq crashes found)...[0m
scheduled max input!!!!
schedule: 12 level4_2/ijon_max/12
[1;94m[*] [0mFuzzing test case #184 (1253 total, 0 uniq crashes found)...[0m
scheduled max input!!!!
schedule: 2 level4_2/ijon_max/2
[1;94m[*] [0mFuzzing test case #185 (1253 total, 0 uniq crashes found)...[0m
scheduled max input!!!!
schedule: 0 level4_2/ijon_max/0
[1;94m[*] [0mFuzzing test case #186 (1254 total, 0 uniq crashes found)...[0m
[1;94m[*] [0mFuzzing test case #187 (1254 total, 0 uniq crashes found)...[0m
scheduled max input!!!!
schedule: 10 level4_2/ijon_max/10
[1;94m[*] [0mFuzzing test case #188 (1254 total, 0 uniq crashes found)...[0m
scheduled max input!!!!
schedule: 14 level4_2/ijon_max/14
[1;94m[*] [0mFuzzing test case #189 (1255 total, 0 uniq crashes found)...[0m
scheduled max input!!!!
schedule: 9 level4_2/ijon_max/9
[1;94m[*] [0mFuzzing test case #190 (1255 total, 0 uniq crashes found)...[0m
[1;94m[*] [0mFuzzing test case #191 (1255 total, 0 uniq crashes found)...[0m
[1;94m[*] [0mFuzzing test case #192 (1255 total, 0 uniq crashes found)...[0m
[1;94m[*] [0mFuzzing test case #193 (1255 total, 0 uniq crashes found)...[0m
scheduled max input!!!!
schedule: 11 level4_2/ijon_max/11
[1;94m[*] [0mFuzzing test case #194 (1256 total, 0 uniq crashes found)...[0m
[1;94m[*] [0mFuzzing test case #195 (1256 total, 0 uniq crashes found)...[0m
scheduled max input!!!!
schedule: 9 level4_2/ijon_max/9
[1;94m[*] [0mFuzzing test case #196 (1256 total, 0 uniq crashes found)...[0m
scheduled max input!!!!
schedule: 10 level4_2/ijon_max/10
[1;94m[*] [0mFuzzing test case #197 (1256 total, 0 uniq crashes found)...[0m
[1;94m[*] [0mFuzzing test case #198 (1256 total, 0 uniq crashes found)...[0m
[1;94m[*] [0mFuzzing test case #199 (1256 total, 0 uniq crashes found)...[0m
scheduled max input!!!!
schedule: 0 level4_2/ijon_max/0
[1;94m[*] [0mFuzzing test case #200 (1256 total, 0 uniq crashes found)...[0m
scheduled max input!!!!
schedule: 4 level4_2/ijon_max/4
updated maxmap 3: 78a (len: 954)
updated maxmap 4: 780 (len: 954)
minimized maxmap 4: 780 (len: 952)
updated maxmap 4: 782 (len: 952)
updated maxmap 4: 783 (len: 952)
updated maxmap 4: 784 (len: 952)
[1;94m[*] [0mFuzzing test case #201 (1256 total, 0 uniq crashes found)...[0m
[1;94m[*] [0mFuzzing test case #202 (1256 total, 0 uniq crashes found)...[0m
scheduled max input!!!!
schedule: 2 level4_2/ijon_max/2
[1;94m[*] [0mFuzzing test case #203 (1256 total, 0 uniq crashes found)...[0m
[1;94m[*] [0mFuzzing test case #204 (1256 total, 0 uniq crashes found)...[0m
scheduled max input!!!!
schedule: 3 level4_2/ijon_max/3
updated maxmap 4: 788 (len: 954)
[1;94m[*] [0mFuzzing test case #205 (1256 total, 0 uniq crashes found)...[0m
[1;94m[*] [0mFuzzing test case #206 (1256 total, 0 uniq crashes found)...[0m
[1;94m[*] [0mFuzzing test case #207 (1256 total, 0 uniq crashes found)...[0m
scheduled max input!!!!
schedule: 7 level4_2/ijon_max/7
updated maxmap 7: 783 (len: 952)
updated maxmap 8: 786 (len: 952)
updated maxmap 6: 78a (len: 959)
updated maxmap 7: 794 (len: 959)
updated maxmap 8: 797 (len: 959)
[1;94m[*] [0mFuzzing test case #208 (1257 total, 0 uniq crashes found)...[0m
scheduled max input!!!!
schedule: 6 level4_2/ijon_max/6
updated maxmap 6: 78b (len: 959)
updated maxmap 7: 795 (len: 959)
updated maxmap 8: 798 (len: 959)
[1;94m[*] [0mFuzzing test case #209 (1257 total, 0 uniq crashes found)...[0m
scheduled max input!!!!
schedule: 4 level4_2/ijon_max/4
updated maxmap 4: 78b (len: 954)
updated maxmap 4: 798 (len: 961)
[1;94m[*] [0mFuzzing test case #210 (1257 total, 0 uniq crashes found)...[0m
[1;94m[*] [0mFuzzing test case #211 (1257 total, 0 uniq crashes found)...[0m
scheduled max input!!!!
schedule: 8 level4_2/ijon_max/8
[1;94m[*] [0mFuzzing test case #212 (1257 total, 0 uniq crashes found)...[0m
scheduled max input!!!!
schedule: 9 level4_2/ijon_max/9
[1;94m[*] [0mFuzzing test case #213 (1257 total, 0 uniq crashes found)...[0m
scheduled max input!!!!
schedule: 7 level4_2/ijon_max/7
[1;94m[*] [0mFuzzing test case #214 (1257 total, 0 uniq crashes found)...[0m
scheduled max input!!!!
schedule: 2 level4_2/ijon_max/2
[1;94m[*] [0mFuzzing test case #215 (1257 total, 0 uniq crashes found)...[0m
scheduled max input!!!!
schedule: 3 level4_2/ijon_max/3
updated maxmap 3: 78b (len: 954)
[1;94m[*] [0mFuzzing test case #216 (1257 total, 0 uniq crashes found)...[0m
scheduled max input!!!!
schedule: 7 level4_2/ijon_max/7
updated maxmap 9: 792 (len: 959)
updated maxmap 10: 797 (len: 959)
updated maxmap 6: 78c (len: 959)
[1;94m[*] [0mFuzzing test case #217 (1258 total, 0 uniq crashes found)...[0m
scheduled max input!!!!
schedule: 10 level4_2/ijon_max/10
[1;94m[*] [0mFuzzing test case #218 (1258 total, 0 uniq crashes found)...[0m
[1;94m[*] [0mFuzzing test case #219 (1258 total, 0 uniq crashes found)...[0m
scheduled max input!!!!
schedule: 15 level4_2/ijon_max/15
[1;94m[*] [0mFuzzing test case #220 (1258 total, 0 uniq crashes found)...[0m
scheduled max input!!!!
schedule: 8 level4_2/ijon_max/8
[1;94m[*] [0mFuzzing test case #221 (1258 total, 0 uniq crashes found)...[0m
scheduled max input!!!!
schedule: 0 level4_2/ijon_max/0
[1;94m[*] [0mFuzzing test case #222 (1258 total, 0 uniq crashes found)...[0m
[1;94m[*] [0mFuzzing test case #223 (1258 total, 0 uniq crashes found)...[0m
[1;94m[*] [0mFuzzing test case #224 (1258 total, 0 uniq crashes found)...[0m
scheduled max input!!!!
schedule: 2 level4_2/ijon_max/2
[1;94m[*] [0mFuzzing test case #225 (1258 total, 0 uniq crashes found)...[0m
scheduled max input!!!!
schedule: 14 level4_2/ijon_max/14
[1;94m[*] [0mFuzzing test case #226 (1258 total, 0 uniq crashes found)...[0m
scheduled max input!!!!
schedule: 3 level4_2/ijon_max/3
updated maxmap 2: 79d (len: 984)
updated maxmap 3: 79b (len: 984)
updated maxmap 4: 79a (len: 984)
updated maxmap 5: 79b (len: 984)
updated maxmap 6: 79c (len: 984)
[1;94m[*] [0mFuzzing test case #227 (1258 total, 0 uniq crashes found)...[0m
scheduled max input!!!!
schedule: 15 level4_2/ijon_max/15
[1;94m[*] [0mFuzzing test case #228 (1258 total, 0 uniq crashes found)...[0m
[1;94m[*] [0mFuzzing test case #229 (1258 total, 0 uniq crashes found)...[0m
scheduled max input!!!!
schedule: 13 level4_2/ijon_max/13
[1;94m[*] [0mFuzzing test case #230 (1258 total, 0 uniq crashes found)...[0m
[1;94m[*] [0mFuzzing test case #231 (1258 total, 0 uniq crashes found)...[0m
scheduled max input!!!!
schedule: 14 level4_2/ijon_max/14
[1;94m[*] [0mFuzzing test case #232 (1258 total, 0 uniq crashes found)...[0m
scheduled max input!!!!
schedule: 3 level4_2/ijon_max/3
updated maxmap 4: 79d (len: 984)
updated maxmap 5: 79f (len: 984)
updated maxmap 6: 7a1 (len: 984)
updated maxmap 9: 79b (len: 1012)
updated maxmap 10: 79b (len: 1012)
updated maxmap 11: 79b (len: 1012)
updated maxmap 6: 7a2 (len: 984)
updated maxmap 7: 7a5 (len: 984)
updated maxmap 8: 7a7 (len: 984)
updated maxmap 3: 79d (len: 984)
updated maxmap 4: 7a0 (len: 984)
updated maxmap 5: 7aa (len: 984)
updated maxmap 6: 7b4 (len: 984)
updated maxmap 7: 7be (len: 984)
updated maxmap 8: 7c5 (len: 984)
updated maxmap 7: 7c0 (len: 984)
updated maxmap 9: 79e (len: 984)
updated maxmap 10: 79d (len: 984)
updated maxmap 11: 79c (len: 984)
updated maxmap 2: 79e (len: 984)
updated maxmap 3: 7a3 (len: 984)
updated maxmap 4: 7aa (len: 984)
updated maxmap 5: 7b4 (len: 984)
updated maxmap 6: 7be (len: 984)
updated maxmap 7: 7d5 (len: 984)
updated maxmap 8: 7cd (len: 984)
updated maxmap 5: 7c9 (len: 984)
updated maxmap 6: 7c8 (len: 984)
updated maxmap 7: 7e4 (len: 991)
updated maxmap 8: 7dd (len: 991)
updated maxmap 6: 7fa (len: 1007)
updated maxmap 7: 803 (len: 1007)
updated maxmap 8: 80a (len: 1007)
[1;94m[*] [0mFuzzing test case #233 (1278 total, 0 uniq crashes found)...[0m
scheduled max input!!!!
schedule: 7 level4_2/ijon_max/7
updated maxmap 7: 804 (len: 1007)
updated maxmap 8: 80b (len: 1007)
updated maxmap 6: 7fb (len: 1007)
updated maxmap 4: 7e8 (len: 1036)
updated maxmap 5: 7f7 (len: 1036)
updated maxmap 6: 841 (len: 1036)
updated maxmap 7: 84a (len: 1036)
updated maxmap 8: 851 (len: 1036)
minimized maxmap 4: 7e8 (len: 1007)
minimized maxmap 5: 7f7 (len: 1007)
updated maxmap 4: 7e9 (len: 1007)
updated maxmap 5: 7f8 (len: 1007)
updated maxmap 4: 7ec (len: 1009)
updated maxmap 5: 7fa (len: 1009)
updated maxmap 3: 84b (len: 1033)
updated maxmap 4: 83c (len: 1033)
updated maxmap 5: 82d (len: 1033)
updated maxmap 5: 844 (len: 1033)
[1;94m[*] [0mFuzzing test case #234 (1298 total, 0 uniq crashes found)...[0m
[1;94m[*] [0mFuzzing test case #235 (1298 total, 0 uniq crashes found)...[0m
scheduled max input!!!!
schedule: 14 level4_2/ijon_max/14
[1;94m[*] [0mFuzzing test case #236 (1298 total, 0 uniq crashes found)...[0m
[1;94m[*] [0mFuzzing test case #237 (1298 total, 0 uniq crashes found)...[0m
[1;94m[*] [0mFuzzing test case #238 (1298 total, 0 uniq crashes found)...[0m
[1;94m[*] [0mFuzzing test case #239 (1298 total, 0 uniq crashes found)...[0m
scheduled max input!!!!
schedule: 13 level4_2/ijon_max/13
[1;94m[*] [0mFuzzing test case #240 (1299 total, 0 uniq crashes found)...[0m
scheduled max input!!!!
schedule: 11 level4_2/ijon_max/11
updated maxmap 11: 79d (len: 984)
[1;94m[*] [0mFuzzing test case #241 (1299 total, 0 uniq crashes found)...[0m
[1;94m[*] [0mFuzzing test case #242 (1299 total, 0 uniq crashes found)...[0m
scheduled max input!!!!
schedule: 8 level4_2/ijon_max/8
updated maxmap 6: 842 (len: 1036)
updated maxmap 7: 84b (len: 1036)
updated maxmap 8: 852 (len: 1036)
updated maxmap 6: 843 (len: 1036)
updated maxmap 7: 84d (len: 1036)
updated maxmap 8: 854 (len: 1036)
updated maxmap 6: 845 (len: 1037)
updated maxmap 7: 84f (len: 1037)
updated maxmap 8: 856 (len: 1037)
minimized maxmap 6: 845 (len: 1036)
minimized maxmap 7: 84f (len: 1036)
updated maxmap 6: 846 (len: 1036)
updated maxmap 7: 850 (len: 1036)
updated maxmap 6: 847 (len: 1036)
updated maxmap 5: 84e (len: 1049)
updated maxmap 6: 86e (len: 1049)
updated maxmap 7: 86b (len: 1049)
updated maxmap 8: 864 (len: 1049)
minimized maxmap 5: 84e (len: 1036)
updated maxmap 5: 84f (len: 1036)
updated maxmap 5: 850 (len: 1036)
updated maxmap 5: 851 (len: 1036)
updated maxmap 6: 876 (len: 1059)
updated maxmap 7: 880 (len: 1059)
updated maxmap 8: 88c (len: 1059)
updated maxmap 6: 877 (len: 1061)
updated maxmap 6: 881 (len: 1054)
[1;94m[*] [0mFuzzing test case #243 (1318 total, 0 uniq crashes found)...[0m
scheduled max input!!!!
schedule: 5 level4_2/ijon_max/5
[1;94m[*] [0mFuzzing test case #244 (1318 total, 0 uniq crashes found)...[0m
scheduled max input!!!!
schedule: 11 level4_2/ijon_max/11
[1;94m[*] [0mFuzzing test case #245 (1318 total, 0 uniq crashes found)...[0m
scheduled max input!!!!
schedule: 3 level4_2/ijon_max/3
updated maxmap 3: 84c (len: 1033)
updated maxmap 4: 83d (len: 1033)
updated maxmap 4: 842 (len: 1033)
updated maxmap 3: 84d (len: 1033)
[1;94m[*] [0mFuzzing test case #246 (1318 total, 0 uniq crashes found)...[0m
scheduled max input!!!!
schedule: 0 level4_2/ijon_max/0
[1;94m[*] [0mFuzzing test case #247 (1318 total, 0 uniq crashes found)...[0m
scheduled max input!!!!
schedule: 13 level4_2/ijon_max/13
[1;94m[*] [0mFuzzing test case #248 (1318 total, 0 uniq crashes found)...[0m
scheduled max input!!!!
schedule: 4 level4_2/ijon_max/4
updated maxmap 4: 843 (len: 1033)
[1;94m[*] [0mFuzzing test case #249 (1318 total, 0 uniq crashes found)...[0m
scheduled max input!!!!
schedule: 0 level4_2/ijon_max/0
[1;94m[*] [0mFuzzing test case #250 (1318 total, 0 uniq crashes found)...[0m
scheduled max input!!!!
schedule: 8 level4_2/ijon_max/8
updated maxmap 6: 88d (len: 1066)
updated maxmap 7: 88b (len: 1066)
updated maxmap 8: 88d (len: 1059)
[1;94m[*] [0mFuzzing test case #251 (1318 total, 0 uniq crashes found)...[0m
scheduled max input!!!!
schedule: 10 level4_2/ijon_max/10
[1;94m[*] [0mFuzzing test case #252 (1318 total, 0 uniq crashes found)...[0m
scheduled max input!!!!
schedule: 5 level4_2/ijon_max/5
[1;94m[*] [0mFuzzing test case #253 (1318 total, 0 uniq crashes found)...[0m
scheduled max input!!!!
schedule: 4 level4_2/ijon_max/4
[1;94m[*] [0mFuzzing test case #254 (1318 total, 0 uniq crashes found)...[0m
scheduled max input!!!!
schedule: 10 level4_2/ijon_max/10
[1;94m[*] [0mFuzzing test case #255 (1318 total, 0 uniq crashes found)...[0m
[1;94m[*] [0mFuzzing test case #256 (1318 total, 0 uniq crashes found)...[0m
[1;94m[*] [0mFuzzing test case #257 (1318 total, 0 uniq crashes found)...[0m
scheduled max input!!!!
schedule: 10 level4_2/ijon_max/10
[1;94m[*] [0mFuzzing test case #258 (1318 total, 0 uniq crashes found)...[0m
[1;94m[*] [0mFuzzing test case #259 (1318 total, 0 uniq crashes found)...[0m
scheduled max input!!!!
schedule: 5 level4_2/ijon_max/5
updated maxmap 5: 854 (len: 1039)
[1;94m[*] [0mFuzzing test case #260 (1320 total, 0 uniq crashes found)...[0m
[1;94m[*] [0mFuzzing test case #261 (1320 total, 0 uniq crashes found)...[0m
[1;94m[*] [0mFuzzing test case #262 (1320 total, 0 uniq crashes found)...[0m
scheduled max input!!!!
schedule: 0 level4_2/ijon_max/0
[1;94m[*] [0mFuzzing test case #263 (1320 total, 0 uniq crashes found)...[0m
scheduled max input!!!!
schedule: 4 level4_2/ijon_max/4
updated maxmap 4: 849 (len: 1033)
updated maxmap 5: 86c (len: 1054)
[1;94m[*] [0mFuzzing test case #264 (1321 total, 0 uniq crashes found)...[0m
scheduled max input!!!!
schedule: 9 level4_2/ijon_max/9
[1;94m[*] [0mFuzzing test case #265 (1321 total, 0 uniq crashes found)...[0m
scheduled max input!!!!
schedule: 7 level4_2/ijon_max/7
updated maxmap 6: 890 (len: 1066)
updated maxmap 6: 8ae (len: 1073)
updated maxmap 7: 88d (len: 1066)
updated maxmap 8: 899 (len: 1066)
updated maxmap 7: 88e (len: 1066)
updated maxmap 8: 89a (len: 1066)
updated maxmap 7: 897 (len: 1066)
updated maxmap 9: 79f (len: 1073)
updated maxmap 7: 899 (len: 1066)
updated maxmap 7: 89a (len: 1066)
updated maxmap 7: 89b (len: 1066)
updated maxmap 7: 89c (len: 1066)
updated maxmap 8: 89d (len: 1080)
updated maxmap 2: 810 (len: 1068)
updated maxmap 7: 89d (len: 1072)
minimized maxmap 7: 89d (len: 1066)
updated maxmap 7: 89e (len: 1066)
updated maxmap 5: 87c (len: 1066)
updated maxmap 2: 820 (len: 1074)
minimized maxmap 8: 89d (len: 1066)
[1;94m[*] [0mFuzzing test case #266 (1344 total, 0 uniq crashes found)...[0m
scheduled max input!!!!
schedule: 13 level4_2/ijon_max/13
[1;94m[*] [0mFuzzing test case #267 (1344 total, 0 uniq crashes found)...[0m
[1;94m[*] [0mFuzzing test case #268 (1344 total, 0 uniq crashes found)...[0m
scheduled max input!!!!
schedule: 4 level4_2/ijon_max/4
updated maxmap 4: 84c (len: 1036)
[1;94m[*] [0mFuzzing test case #269 (1345 total, 0 uniq crashes found)...[0m
scheduled max input!!!!
schedule: 0 level4_2/ijon_max/0
[1;94m[*] [0mFuzzing test case #270 (1345 total, 0 uniq crashes found)...[0m
scheduled max input!!!!
schedule: 8 level4_2/ijon_max/8
updated maxmap 8: 89e (len: 1066)
[1;94m[*] [0mFuzzing test case #271 (1345 total, 0 uniq crashes found)...[0m
scheduled max input!!!!
schedule: 13 level4_2/ijon_max/13
[1;94m[*] [0mFuzzing test case #272 (1345 total, 0 uniq crashes found)...[0m
scheduled max input!!!!
schedule: 4 level4_2/ijon_max/4
updated maxmap 4: 84d (len: 1036)
updated maxmap 4: 84e (len: 1036)
updated maxmap 4: 84f (len: 1036)
updated maxmap 4: 850 (len: 1036)
updated maxmap 4: 851 (len: 1036)
updated maxmap 4: 853 (len: 1040)
minimized maxmap 4: 853 (len: 1036)
updated maxmap 4: 854 (len: 1037)
[1;94m[*] [0mFuzzing test case #273 (1350 total, 0 uniq crashes found)...[0m
scheduled max input!!!!
schedule: 11 level4_2/ijon_max/11
[1;94m[*] [0mFuzzing test case #274 (1350 total, 0 uniq crashes found)...[0m
[1;94m[*] [0mFuzzing test case #275 (1350 total, 0 uniq crashes found)...[0m
scheduled max input!!!!
schedule: 10 level4_2/ijon_max/10
[1;94m[*] [0mFuzzing test case #276 (1350 total, 0 uniq crashes found)...[0m
scheduled max input!!!!
schedule: 0 level4_2/ijon_max/0
[1;94m[*] [0mFuzzing test case #277 (1350 total, 0 uniq crashes found)...[0m
[1;94m[*] [0mFuzzing test case #278 (1350 total, 0 uniq crashes found)...[0m
[1;94m[*] [0mFuzzing test case #279 (1350 total, 0 uniq crashes found)...[0m
scheduled max input!!!!
schedule: 2 level4_2/ijon_max/2
[1;94m[*] [0mFuzzing test case #280 (1350 total, 0 uniq crashes found)...[0m
scheduled max input!!!!
schedule: 14 level4_2/ijon_max/14
[1;94m[*] [0mFuzzing test case #281 (1350 total, 0 uniq crashes found)...[0m
scheduled max input!!!!
schedule: 8 level4_2/ijon_max/8
updated maxmap 5: 87f (len: 1066)
[1;94m[*] [0mFuzzing test case #282 (1353 total, 0 uniq crashes found)...[0m
scheduled max input!!!!
schedule: 13 level4_2/ijon_max/13
[1;94m[*] [0mFuzzing test case #283 (1353 total, 0 uniq crashes found)...[0m
scheduled max input!!!!
schedule: 4 level4_2/ijon_max/4
updated maxmap 4: 855 (len: 1037)
updated maxmap 4: 856 (len: 1037)
[1;94m[*] [0mFuzzing test case #284 (1353 total, 0 uniq crashes found)...[0m
scheduled max input!!!!
schedule: 6 level4_2/ijon_max/6
updated maxmap 6: 8af (len: 1073)
[1;94m[*] [0mFuzzing test case #285 (1355 total, 0 uniq crashes found)...[0m
[1;94m[*] [0mFuzzing test case #286 (1355 total, 0 uniq crashes found)...[0m
scheduled max input!!!!
schedule: 13 level4_2/ijon_max/13
[1;94m[*] [0mFuzzing test case #287 (1355 total, 0 uniq crashes found)...[0m
scheduled max input!!!!
schedule: 2 level4_2/ijon_max/2
[1;94m[*] [0mFuzzing test case #288 (1355 total, 0 uniq crashes found)...[0m
scheduled max input!!!!
schedule: 3 level4_2/ijon_max/3
[1;94m[*] [0mFuzzing test case #289 (1355 total, 0 uniq crashes found)...[0m
scheduled max input!!!!
schedule: 3 level4_2/ijon_max/3
updated maxmap 3: 84e (len: 1033)
[1;94m[*] [0mFuzzing test case #290 (1355 total, 0 uniq crashes found)...[0m
[1;94m[*] [0mFuzzing test case #291 (1355 total, 0 uniq crashes found)...[0m
scheduled max input!!!!
schedule: 13 level4_2/ijon_max/13
[1;94m[*] [0mFuzzing test case #292 (1355 total, 0 uniq crashes found)...[0m
scheduled max input!!!!
schedule: 13 level4_2/ijon_max/13
[1;94m[*] [0mFuzzing test case #293 (1355 total, 0 uniq crashes found)...[0m
scheduled max input!!!!
schedule: 3 level4_2/ijon_max/3
[1;94m[*] [0mFuzzing test case #294 (1357 total, 0 uniq crashes found)...[0m
scheduled max input!!!!
schedule: 6 level4_2/ijon_max/6
[1;94m[*] [0mFuzzing test case #295 (1357 total, 0 uniq crashes found)...[0m
scheduled max input!!!!
schedule: 0 level4_2/ijon_max/0
[1;94m[*] [0mFuzzing test case #296 (1357 total, 0 uniq crashes found)...[0m
scheduled max input!!!!
schedule: 14 level4_2/ijon_max/14
[1;94m[*] [0mFuzzing test case #297 (1357 total, 0 uniq crashes found)...[0m
scheduled max input!!!!
schedule: 15 level4_2/ijon_max/15
[1;94m[*] [0mFuzzing test case #298 (1357 total, 0 uniq crashes found)...[0m
scheduled max input!!!!
schedule: 0 level4_2/ijon_max/0
[1;94m[*] [0mFuzzing test case #299 (1357 total, 0 uniq crashes found)...[0m
scheduled max input!!!!
schedule: 14 level4_2/ijon_max/14
[1;94m[*] [0mFuzzing test case #300 (1357 total, 0 uniq crashes found)...[0m
scheduled max input!!!!
schedule: 7 level4_2/ijon_max/7
updated maxmap 1: 1fe (len: 1124)
[1;94m[*] [0mFuzzing test case #301 (1358 total, 0 uniq crashes found)...[0m
scheduled max input!!!!
schedule: 8 level4_2/ijon_max/8
updated maxmap 8: 89f (len: 1067)
updated maxmap 5: 880 (len: 1066)
[1;94m[*] [0mFuzzing test case #302 (1368 total, 0 uniq crashes found)...[0m
scheduled max input!!!!
schedule: 0 level4_2/ijon_max/0
[1;94m[*] [0mFuzzing test case #303 (1368 total, 0 uniq crashes found)...[0m
scheduled max input!!!!
schedule: 12 level4_2/ijon_max/12
[1;94m[*] [0mFuzzing test case #304 (1368 total, 0 uniq crashes found)...[0m
scheduled max input!!!!
schedule: 5 level4_2/ijon_max/5
[1;94m[*] [0mFuzzing test case #305 (1368 total, 0 uniq crashes found)...[0m
scheduled max input!!!!
schedule: 1 level4_2/ijon_max/1
updated maxmap 1: 1ff (len: 1127)
minimized maxmap 1: 1ff (len: 1124)
[1;94m[*] [0mFuzzing test case #306 (1368 total, 0 uniq crashes found)...[0m
scheduled max input!!!!
schedule: 14 level4_2/ijon_max/14
[1;94m[*] [0mFuzzing test case #307 (1368 total, 0 uniq crashes found)...[0m
scheduled max input!!!!
schedule: 11 level4_2/ijon_max/11
[1;94m[*] [0mFuzzing test case #308 (1368 total, 0 uniq crashes found)...[0m
[1;94m[*] [0mFuzzing test case #309 (1368 total, 0 uniq crashes found)...[0m
scheduled max input!!!!
schedule: 14 level4_2/ijon_max/14
[1;94m[*] [0mFuzzing test case #310 (1368 total, 0 uniq crashes found)...[0m
scheduled max input!!!!
schedule: 15 level4_2/ijon_max/15
[1;94m[*] [0mFuzzing test case #311 (1368 total, 0 uniq crashes found)...[0m
scheduled max input!!!!
schedule: 5 level4_2/ijon_max/5
[1;94m[*] [0mFuzzing test case #312 (1368 total, 0 uniq crashes found)...[0m
scheduled max input!!!!
schedule: 10 level4_2/ijon_max/10
[1;94m[*] [0mFuzzing test case #313 (1368 total, 0 uniq crashes found)...[0m
scheduled max input!!!!
schedule: 15 level4_2/ijon_max/15
[1;94m[*] [0mFuzzing test case #314 (1368 total, 0 uniq crashes found)...[0m
scheduled max input!!!!
schedule: 5 level4_2/ijon_max/5
[1;94m[*] [0mFuzzing test case #315 (1368 total, 0 uniq crashes found)...[0m
scheduled max input!!!!
schedule: 14 level4_2/ijon_max/14
[1;94m[*] [0mFuzzing test case #316 (1368 total, 0 uniq crashes found)...[0m
scheduled max input!!!!
schedule: 10 level4_2/ijon_max/10
[1;94m[*] [0mFuzzing test case #317 (1368 total, 0 uniq crashes found)...[0m
scheduled max input!!!!
schedule: 2 level4_2/ijon_max/2
[1;94m[*] [0mFuzzing test case #318 (1368 total, 0 uniq crashes found)...[0m
scheduled max input!!!!
schedule: 9 level4_2/ijon_max/9
[1;94m[*] [0mFuzzing test case #319 (1379 total, 0 uniq crashes found)...[0m
scheduled max input!!!!
schedule: 5 level4_2/ijon_max/5
[1;94m[*] [0mFuzzing test case #320 (1379 total, 0 uniq crashes found)...[0m
scheduled max input!!!!
schedule: 6 level4_2/ijon_max/6
updated maxmap 6: 8b0 (len: 1073)
[1;94m[*] [0mFuzzing test case #321 (1379 total, 0 uniq crashes found)...[0m
scheduled max input!!!!
schedule: 8 level4_2/ijon_max/8
[1;94m[*] [0mFuzzing test case #322 (1379 total, 0 uniq crashes found)...[0m
scheduled max input!!!!
schedule: 9 level4_2/ijon_max/9
[1;94m[*] [0mFuzzing test case #323 (1379 total, 0 uniq crashes found)...[0m
scheduled max input!!!!
schedule: 5 level4_2/ijon_max/5
updated maxmap 5: 881 (len: 1066)
[1;94m[*] [0mFuzzing test case #324 (1379 total, 0 uniq crashes found)...[0m
scheduled max input!!!!
schedule: 0 level4_2/ijon_max/0
[1;94m[*] [0mFuzzing test case #325 (1379 total, 0 uniq crashes found)...[0m
scheduled max input!!!!
schedule: 6 level4_2/ijon_max/6
[1;94m[*] [0mFuzzing test case #326 (1381 total, 0 uniq crashes found)...[0m
[1;94m[*] [0mFuzzing test case #327 (1381 total, 0 uniq crashes found)...[0m
scheduled max input!!!!
schedule: 1 level4_2/ijon_max/1
[1;94m[*] [0mFuzzing test case #328 (1381 total, 0 uniq crashes found)...[0m
[1;94m[*] [0mFuzzing test case #329 (1381 total, 0 uniq crashes found)...[0m
scheduled max input!!!!
schedule: 5 level4_2/ijon_max/5
[1;94m[*] [0mFuzzing test case #330 (1381 total, 0 uniq crashes found)...[0m
scheduled max input!!!!
schedule: 9 level4_2/ijon_max/9
[1;94m[*] [0mFuzzing test case #331 (1381 total, 0 uniq crashes found)...[0m
scheduled normal input!!!!
[1;94m[*] [0mFuzzing test case #332 (1381 total, 0 uniq crashes found)...[0m
scheduled max input!!!!
schedule: 11 level4_2/ijon_max/11
[1;94m[*] [0mFuzzing test case #333 (1381 total, 0 uniq crashes found)...[0m
scheduled max input!!!!
schedule: 1 level4_2/ijon_max/1
updated maxmap 1: 201 (len: 1144)
minimized maxmap 1: 201 (len: 1124)
updated maxmap 1: 202 (len: 1124)
[1;94m[*] [0mFuzzing test case #334 (1381 total, 0 uniq crashes found)...[0m
scheduled max input!!!!
schedule: 2 level4_2/ijon_max/2
[1;94m[*] [0mFuzzing test case #335 (1382 total, 0 uniq crashes found)...[0m
scheduled max input!!!!
schedule: 9 level4_2/ijon_max/9
[1;94m[*] [0mFuzzing test case #336 (1382 total, 0 uniq crashes found)...[0m
scheduled max input!!!!
schedule: 1 level4_2/ijon_max/1
updated maxmap 1: 203 (len: 1124)
[1;94m[*] [0mFuzzing test case #337 (1386 total, 0 uniq crashes found)...[0m
[1;94m[*] [0mFuzzing test case #338 (1386 total, 0 uniq crashes found)...[0m
scheduled max input!!!!
schedule: 13 level4_2/ijon_max/13
[1;94m[*] [0mFuzzing test case #339 (1386 total, 0 uniq crashes found)...[0m
scheduled max input!!!!
schedule: 13 level4_2/ijon_max/13
[1;94m[*] [0mFuzzing test case #340 (1386 total, 0 uniq crashes found)...[0m
scheduled max input!!!!
schedule: 9 level4_2/ijon_max/9
[1;94m[*] [0mFuzzing test case #341 (1386 total, 0 uniq crashes found)...[0m
scheduled max input!!!!
schedule: 9 level4_2/ijon_max/9
[1;94m[*] [0mFuzzing test case #342 (1387 total, 0 uniq crashes found)...[0m
scheduled max input!!!!
schedule: 2 level4_2/ijon_max/2
[1;94m[*] [0mFuzzing test case #343 (1387 total, 0 uniq crashes found)...[0m
scheduled max input!!!!
schedule: 0 level4_2/ijon_max/0
[1;94m[*] [0mFuzzing test case #344 (1387 total, 0 uniq crashes found)...[0m
scheduled max input!!!!
schedule: 15 level4_2/ijon_max/15
[1;94m[*] [0mFuzzing test case #345 (1387 total, 0 uniq crashes found)...[0m
scheduled max input!!!!
schedule: 13 level4_2/ijon_max/13
[1;94m[*] [0mFuzzing test case #346 (1387 total, 0 uniq crashes found)...[0m
scheduled max input!!!!
schedule: 5 level4_2/ijon_max/5
[1;94m[*] [0mFuzzing test case #347 (1387 total, 0 uniq crashes found)...[0m
scheduled max input!!!!
schedule: 5 level4_2/ijon_max/5
[1;94m[*] [0mFuzzing test case #348 (1387 total, 0 uniq crashes found)...[0m
scheduled max input!!!!
schedule: 7 level4_2/ijon_max/7
[1;94m[*] [0mFuzzing test case #349 (1387 total, 0 uniq crashes found)...[0m
scheduled max input!!!!
schedule: 10 level4_2/ijon_max/10
[1;94m[*] [0mFuzzing test case #350 (1387 total, 0 uniq crashes found)...[0m
scheduled max input!!!!
schedule: 8 level4_2/ijon_max/8
[1;94m[*] [0mFuzzing test case #351 (1387 total, 0 uniq crashes found)...[0m
scheduled max input!!!!
schedule: 6 level4_2/ijon_max/6
[1;94m[*] [0mFuzzing test case #352 (1387 total, 0 uniq crashes found)...[0m
scheduled max input!!!!
schedule: 9 level4_2/ijon_max/9
[1;94m[*] [0mFuzzing test case #353 (1387 total, 0 uniq crashes found)...[0m
scheduled max input!!!!
schedule: 8 level4_2/ijon_max/8
updated maxmap 8: 8a0 (len: 1067)
[1;94m[*] [0mFuzzing test case #354 (1387 total, 0 uniq crashes found)...[0m
scheduled max input!!!!
schedule: 6 level4_2/ijon_max/6
[1;94m[*] [0mFuzzing test case #355 (1387 total, 0 uniq crashes found)...[0m
scheduled max input!!!!
schedule: 11 level4_2/ijon_max/11
[1;94m[*] [0mFuzzing test case #356 (1387 total, 0 uniq crashes found)...[0m
scheduled max input!!!!
schedule: 8 level4_2/ijon_max/8
[1;94m[*] [0mFuzzing test case #357 (1387 total, 0 uniq crashes found)...[0m
scheduled max input!!!!
schedule: 8 level4_2/ijon_max/8
[1;94m[*] [0mFuzzing test case #358 (1387 total, 0 uniq crashes found)...[0m
scheduled max input!!!!
schedule: 2 level4_2/ijon_max/2
updated maxmap 2: 827 (len: 1074)
[1;94m[*] [0mFuzzing test case #359 (1387 total, 0 uniq crashes found)...[0m
scheduled max input!!!!
schedule: 8 level4_2/ijon_max/8
[1;94m[*] [0mFuzzing test case #360 (1387 total, 0 uniq crashes found)...[0m
scheduled max input!!!!
schedule: 12 level4_2/ijon_max/12
[1;94m[*] [0mFuzzing test case #361 (1387 total, 0 uniq crashes found)...[0m
scheduled max input!!!!
schedule: 3 level4_2/ijon_max/3
updated maxmap 3: 84f (len: 1034)
[1;94m[*] [0mFuzzing test case #362 (1387 total, 0 uniq crashes found)...[0m
scheduled max input!!!!
schedule: 4 level4_2/ijon_max/4
[1;94m[*] [0mFuzzing test case #363 (1388 total, 0 uniq crashes found)...[0m
scheduled max input!!!!
schedule: 15 level4_2/ijon_max/15
[1;94m[*] [0mFuzzing test case #364 (1388 total, 0 uniq crashes found)...[0m
[1;94m[*] [0mFuzzing test case #365 (1388 total, 0 uniq crashes found)...[0m
scheduled max input!!!!
schedule: 8 level4_2/ijon_max/8
[1;94m[*] [0mFuzzing test case #366 (1388 total, 0 uniq crashes found)...[0m
scheduled max input!!!!
schedule: 4 level4_2/ijon_max/4
[1;94m[*] [0mFuzzing test case #367 (1388 total, 0 uniq crashes found)...[0m
[1;94m[*] [0mFuzzing test case #368 (1388 total, 0 uniq crashes found)...[0m
scheduled max input!!!!
schedule: 4 level4_2/ijon_max/4
updated maxmap 4: 85a (len: 1039)
[1;94m[*] [0mFuzzing test case #369 (1388 total, 0 uniq crashes found)...[0m
scheduled max input!!!!
schedule: 0 level4_2/ijon_max/0
[1;94m[*] [0mFuzzing test case #370 (1388 total, 0 uniq crashes found)...[0m
scheduled max input!!!!
schedule: 4 level4_2/ijon_max/4
[1;94m[*] [0mFuzzing test case #371 (1388 total, 0 uniq crashes found)...[0m
scheduled max input!!!!
schedule: 1 level4_2/ijon_max/1
[1;94m[*] [0mFuzzing test case #372 (1388 total, 0 uniq crashes found)...[0m
scheduled max input!!!!
schedule: 12 level4_2/ijon_max/12
[1;94m[*] [0mFuzzing test case #373 (1388 total, 0 uniq crashes found)...[0m
scheduled max input!!!!
schedule: 3 level4_2/ijon_max/3
[1;94m[*] [0mFuzzing test case #374 (1388 total, 0 uniq crashes found)...[0m
scheduled max input!!!!
schedule: 3 level4_2/ijon_max/3
[1;94m[*] [0mFuzzing test case #375 (1388 total, 0 uniq crashes found)...[0m
scheduled max input!!!!
schedule: 10 level4_2/ijon_max/10
[1;94m[*] [0mFuzzing test case #376 (1388 total, 0 uniq crashes found)...[0m
scheduled max input!!!!
schedule: 15 level4_2/ijon_max/15
[1;94m[*] [0mFuzzing test case #377 (1388 total, 0 uniq crashes found)...[0m
scheduled max input!!!!
schedule: 8 level4_2/ijon_max/8
[1;94m[*] [0mFuzzing test case #378 (1388 total, 0 uniq crashes found)...[0m
scheduled max input!!!!
schedule: 11 level4_2/ijon_max/11
[1;94m[*] [0mFuzzing test case #379 (1388 total, 0 uniq crashes found)...[0m
scheduled max input!!!!
schedule: 11 level4_2/ijon_max/11
[1;94m[*] [0mFuzzing test case #380 (1388 total, 0 uniq crashes found)...[0m
[1;94m[*] [0mFuzzing test case #381 (1388 total, 0 uniq crashes found)...[0m
scheduled max input!!!!
schedule: 9 level4_2/ijon_max/9
[1;94m[*] [0mFuzzing test case #382 (1388 total, 0 uniq crashes found)...[0m
scheduled max input!!!!
schedule: 8 level4_2/ijon_max/8
[1;94m[*] [0mFuzzing test case #383 (1388 total, 0 uniq crashes found)...[0m
scheduled max input!!!!
schedule: 5 level4_2/ijon_max/5
[1;94m[*] [0mFuzzing test case #384 (1388 total, 0 uniq crashes found)...[0m
scheduled max input!!!!
schedule: 5 level4_2/ijon_max/5
[1;94m[*] [0mFuzzing test case #385 (1388 total, 0 uniq crashes found)...[0m
scheduled max input!!!!
schedule: 5 level4_2/ijon_max/5
[1;94m[*] [0mFuzzing test case #386 (1388 total, 0 uniq crashes found)...[0m
scheduled max input!!!!
schedule: 10 level4_2/ijon_max/10
[1;94m[*] [0mFuzzing test case #387 (1388 total, 0 uniq crashes found)...[0m
scheduled max input!!!!
schedule: 5 level4_2/ijon_max/5
[1;94m[*] [0mFuzzing test case #388 (1388 total, 0 uniq crashes found)...[0m
scheduled max input!!!!
schedule: 10 level4_2/ijon_max/10
[1;94m[*] [0mFuzzing test case #389 (1388 total, 0 uniq crashes found)...[0m
[1;94m[*] [0mFuzzing test case #390 (1388 total, 0 uniq crashes found)...[0m
scheduled max input!!!!
schedule: 6 level4_2/ijon_max/6
[1;94m[*] [0mFuzzing test case #391 (1388 total, 0 uniq crashes found)...[0m
scheduled max input!!!!
schedule: 13 level4_2/ijon_max/13
[1;94m[*] [0mFuzzing test case #392 (1388 total, 0 uniq crashes found)...[0m
scheduled max input!!!!
schedule: 9 level4_2/ijon_max/9
[1;94m[*] [0mFuzzing test case #393 (1389 total, 0 uniq crashes found)...[0m
scheduled max input!!!!
schedule: 13 level4_2/ijon_max/13
[1;94m[*] [0mFuzzing test case #394 (1389 total, 0 uniq crashes found)...[0m
scheduled max input!!!!
schedule: 10 level4_2/ijon_max/10
[1;94m[*] [0mFuzzing test case #395 (1389 total, 0 uniq crashes found)...[0m
scheduled max input!!!!
schedule: 1 level4_2/ijon_max/1
[1;94m[*] [0mFuzzing test case #396 (1389 total, 0 uniq crashes found)...[0m
scheduled max input!!!!
schedule: 10 level4_2/ijon_max/10
[1;94m[*] [0mFuzzing test case #397 (1389 total, 0 uniq crashes found)...[0m
scheduled max input!!!!
schedule: 9 level4_2/ijon_max/9
[1;94m[*] [0mFuzzing test case #398 (1389 total, 0 uniq crashes found)...[0m
scheduled max input!!!!
schedule: 12 level4_2/ijon_max/12
[1;94m[*] [0mFuzzing test case #399 (1389 total, 0 uniq crashes found)...[0m
[1;94m[*] [0mFuzzing test case #400 (1389 total, 0 uniq crashes found)...[0m
scheduled max input!!!!
schedule: 4 level4_2/ijon_max/4
[1;94m[*] [0mFuzzing test case #401 (1389 total, 0 uniq crashes found)...[0m
scheduled max input!!!!
schedule: 15 level4_2/ijon_max/15
[1;94m[*] [0mFuzzing test case #402 (1389 total, 0 uniq crashes found)...[0m
scheduled max input!!!!
schedule: 15 level4_2/ijon_max/15
[1;94m[*] [0mFuzzing test case #403 (1389 total, 0 uniq crashes found)...[0m
scheduled max input!!!!
schedule: 0 level4_2/ijon_max/0
[1;94m[*] [0mFuzzing test case #404 (1389 total, 0 uniq crashes found)...[0m
[1;94m[*] [0mFuzzing test case #405 (1389 total, 0 uniq crashes found)...[0m
scheduled max input!!!!
schedule: 15 level4_2/ijon_max/15
[1;94m[*] [0mFuzzing test case #406 (1389 total, 0 uniq crashes found)...[0m
scheduled max input!!!!
schedule: 12 level4_2/ijon_max/12
[1;94m[*] [0mFuzzing test case #407 (1389 total, 0 uniq crashes found)...[0m
[1;94m[*] [0mFuzzing test case #408 (1389 total, 0 uniq crashes found)...[0m
scheduled max input!!!!
schedule: 13 level4_2/ijon_max/13
[1;94m[*] [0mFuzzing test case #409 (1389 total, 0 uniq crashes found)...[0m
scheduled max input!!!!
schedule: 15 level4_2/ijon_max/15
[1;94m[*] [0mFuzzing test case #410 (1389 total, 0 uniq crashes found)...[0m
[1;94m[*] [0mFuzzing test case #411 (1389 total, 0 uniq crashes found)...[0m
[1;94m[*] [0mFuzzing test case #412 (1389 total, 0 uniq crashes found)...[0m
scheduled max input!!!!
schedule: 2 level4_2/ijon_max/2
[1;94m[*] [0mFuzzing test case #413 (1389 total, 0 uniq crashes found)...[0m
scheduled max input!!!!
schedule: 11 level4_2/ijon_max/11
[1;94m[*] [0mFuzzing test case #414 (1389 total, 0 uniq crashes found)...[0m
[1;94m[*] [0mFuzzing test case #415 (1389 total, 0 uniq crashes found)...[0m
[1;94m[*] [0mFuzzing test case #416 (1389 total, 0 uniq crashes found)...[0m
scheduled max input!!!!
schedule: 13 level4_2/ijon_max/13
[1;94m[*] [0mFuzzing test case #417 (1389 total, 0 uniq crashes found)...[0m
[1;94m[*] [0mFuzzing test case #418 (1389 total, 0 uniq crashes found)...[0m
scheduled max input!!!!
schedule: 13 level4_2/ijon_max/13
[1;94m[*] [0mFuzzing test case #419 (1389 total, 0 uniq crashes found)...[0m
[1;94m[*] [0mFuzzing test case #420 (1389 total, 0 uniq crashes found)...[0m
scheduled max input!!!!
schedule: 15 level4_2/ijon_max/15
[1;94m[*] [0mFuzzing test case #421 (1389 total, 0 uniq crashes found)...[0m
scheduled max input!!!!
schedule: 7 level4_2/ijon_max/7
[1;94m[*] [0mFuzzing test case #422 (1389 total, 0 uniq crashes found)...[0m
scheduled max input!!!!
schedule: 12 level4_2/ijon_max/12
[1;94m[*] [0mFuzzing test case #423 (1389 total, 0 uniq crashes found)...[0m
[1;94m[*] [0mFuzzing test case #424 (1389 total, 0 uniq crashes found)...[0m
scheduled max input!!!!
schedule: 14 level4_2/ijon_max/14
[1;94m[*] [0mFuzzing test case #425 (1389 total, 0 uniq crashes found)...[0m
scheduled max input!!!!
schedule: 15 level4_2/ijon_max/15
[1;94m[*] [0mFuzzing test case #426 (1389 total, 0 uniq crashes found)...[0m
scheduled max input!!!!
schedule: 4 level4_2/ijon_max/4
[1;94m[*] [0mFuzzing test case #427 (1389 total, 0 uniq crashes found)...[0m
scheduled max input!!!!
schedule: 12 level4_2/ijon_max/12
[1;94m[*] [0mFuzzing test case #428 (1389 total, 0 uniq crashes found)...[0m
scheduled max input!!!!
schedule: 11 level4_2/ijon_max/11
[1;94m[*] [0mFuzzing test case #429 (1389 total, 0 uniq crashes found)...[0m
scheduled max input!!!!
schedule: 10 level4_2/ijon_max/10
[1;94m[*] [0mFuzzing test case #430 (1389 total, 0 uniq crashes found)...[0m
scheduled max input!!!!
schedule: 0 level4_2/ijon_max/0
[1;94m[*] [0mFuzzing test case #431 (1389 total, 0 uniq crashes found)...[0m
scheduled max input!!!!
schedule: 3 level4_2/ijon_max/3
[1;94m[*] [0mFuzzing test case #432 (1389 total, 0 uniq crashes found)...[0m
scheduled max input!!!!
schedule: 5 level4_2/ijon_max/5
[1;94m[*] [0mFuzzing test case #433 (1389 total, 0 uniq crashes found)...[0m
scheduled max input!!!!
schedule: 14 level4_2/ijon_max/14
[1;94m[*] [0mFuzzing test case #434 (1389 total, 0 uniq crashes found)...[0m
scheduled max input!!!!
schedule: 15 level4_2/ijon_max/15
[1;94m[*] [0mFuzzing test case #435 (1389 total, 0 uniq crashes found)...[0m
scheduled max input!!!!
schedule: 13 level4_2/ijon_max/13
[1;94m[*] [0mFuzzing test case #436 (1389 total, 0 uniq crashes found)...[0m
scheduled max input!!!!
schedule: 3 level4_2/ijon_max/3
[1;94m[*] [0mFuzzing test case #437 (1389 total, 0 uniq crashes found)...[0m
scheduled max input!!!!
schedule: 4 level4_2/ijon_max/4
[1;94m[*] [0mFuzzing test case #438 (1389 total, 0 uniq crashes found)...[0m
[1;94m[*] [0mFuzzing test case #439 (1389 total, 0 uniq crashes found)...[0m
[1;94m[*] [0mFuzzing test case #440 (1389 total, 0 uniq crashes found)...[0m
scheduled max input!!!!
schedule: 5 level4_2/ijon_max/5
updated maxmap 5: 882 (len: 1069)
minimized maxmap 5: 882 (len: 1066)
updated maxmap 5: 884 (len: 1066)
[1;94m[*] [0mFuzzing test case #441 (1389 total, 0 uniq crashes found)...[0m
scheduled max input!!!!
schedule: 3 level4_2/ijon_max/3
[1;94m[*] [0mFuzzing test case #442 (1389 total, 0 uniq crashes found)...[0m
scheduled max input!!!!
schedule: 11 level4_2/ijon_max/11
[1;94m[*] [0mFuzzing test case #443 (1389 total, 0 uniq crashes found)...[0m
scheduled max input!!!!
schedule: 9 level4_2/ijon_max/9
[1;94m[*] [0mFuzzing test case #444 (1389 total, 0 uniq crashes found)...[0m
scheduled max input!!!!
schedule: 8 level4_2/ijon_max/8
[1;94m[*] [0mFuzzing test case #445 (1389 total, 0 uniq crashes found)...[0m
scheduled max input!!!!
schedule: 0 level4_2/ijon_max/0
[1;94m[*] [0mFuzzing test case #446 (1389 total, 0 uniq crashes found)...[0m
scheduled max input!!!!
schedule: 12 level4_2/ijon_max/12
[1;94m[*] [0mFuzzing test case #447 (1389 total, 0 uniq crashes found)...[0m
scheduled max input!!!!
schedule: 0 level4_2/ijon_max/0
[1;94m[*] [0mFuzzing test case #448 (1389 total, 0 uniq crashes found)...[0m
scheduled max input!!!!
schedule: 7 level4_2/ijon_max/7
[1;94m[*] [0mFuzzing test case #449 (1389 total, 0 uniq crashes found)...[0m
scheduled max input!!!!
schedule: 5 level4_2/ijon_max/5
updated maxmap 5: 885 (len: 1066)
updated maxmap 1: 56d (len: 1098)
updated maxmap 5: 886 (len: 1066)
[1;94m[*] [0mFuzzing test case #450 (1390 total, 0 uniq crashes found)...[0m
scheduled max input!!!!
schedule: 0 level4_2/ijon_max/0
[1;94m[*] [0mFuzzing test case #451 (1390 total, 0 uniq crashes found)...[0m
scheduled max input!!!!
schedule: 8 level4_2/ijon_max/8
updated maxmap 2: 899 (len: 1098)
updated maxmap 3: 89f (len: 1098)
updated maxmap 4: 8a5 (len: 1098)
updated maxmap 5: 8ab (len: 1098)
updated maxmap 6: 8b1 (len: 1098)
updated maxmap 7: 8b5 (len: 1098)
updated maxmap 8: 8ba (len: 1098)
updated maxmap 1: 888 (len: 1067)
[1;94m[*] [0mFuzzing test case #452 (1391 total, 0 uniq crashes found)...[0m
scheduled max input!!!!
schedule: 10 level4_2/ijon_max/10
[1;94m[*] [0mFuzzing test case #453 (1391 total, 0 uniq crashes found)...[0m
scheduled max input!!!!
schedule: 1 level4_2/ijon_max/1
updated maxmap 1: 88b (len: 1067)
[1;94m[*] [0mFuzzing test case #454 (1391 total, 0 uniq crashes found)...[0m
scheduled max input!!!!
schedule: 6 level4_2/ijon_max/6
updated maxmap 2: 89a (len: 1098)
updated maxmap 3: 8a0 (len: 1098)
updated maxmap 4: 8a6 (len: 1098)
updated maxmap 5: 8ac (len: 1098)
updated maxmap 6: 8b2 (len: 1098)
updated maxmap 7: 8b7 (len: 1098)
updated maxmap 6: 8ba (len: 1126)
updated maxmap 7: 8ba (len: 1126)
minimized maxmap 7: 8ba (len: 1098)
updated maxmap 7: 8bb (len: 1098)
updated maxmap 2: 89b (len: 1098)
updated maxmap 3: 8a1 (len: 1098)
updated maxmap 4: 8a7 (len: 1098)
updated maxmap 5: 8ad (len: 1098)
updated maxmap 2: 89c (len: 1098)
updated maxmap 3: 8a2 (len: 1098)
updated maxmap 4: 8a8 (len: 1098)
updated maxmap 5: 8ae (len: 1098)
updated maxmap 6: 8be (len: 1115)
updated maxmap 6: 8bf (len: 1098)
updated maxmap 5: 8ba (len: 1128)
updated maxmap 6: 8c0 (len: 1130)
updated maxmap 8: 8bb (len: 1098)
updated maxmap 7: 8bc (len: 1098)
minimized maxmap 6: 8c0 (len: 1101)
[1;94m[*] [0mFuzzing test case #455 (1412 total, 0 uniq crashes found)...[0m
scheduled max input!!!!
schedule: 6 level4_2/ijon_max/6
updated maxmap 5: 8c0 (len: 1101)
updated maxmap 3: 8cb (len: 1121)
updated maxmap 4: 8ca (len: 1121)
updated maxmap 5: 8cb (len: 1121)
updated maxmap 6: 8cc (len: 1121)
minimized maxmap 3: 8cb (len: 1101)
minimized maxmap 4: 8ca (len: 1101)
minimized maxmap 5: 8cb (len: 1101)
minimized maxmap 6: 8cc (len: 1101)
updated maxmap 4: 8cb (len: 1101)
updated maxmap 5: 8cc (len: 1101)
updated maxmap 3: 8cd (len: 1101)
updated maxmap 4: 8cc (len: 1101)
updated maxmap 4: 8cf (len: 1101)
updated maxmap 5: 8d1 (len: 1101)
updated maxmap 6: 8d1 (len: 1101)
updated maxmap 4: 8d0 (len: 1101)
updated maxmap 5: 8d2 (len: 1101)
updated maxmap 6: 8d2 (len: 1101)
updated maxmap 5: 8d3 (len: 1101)
updated maxmap 6: 8d3 (len: 1101)
[1;94m[*] [0mFuzzing test case #456 (1435 total, 0 uniq crashes found)...[0m
scheduled max input!!!!
schedule: 2 level4_2/ijon_max/2
[1;94m[*] [0mFuzzing test case #457 (1435 total, 0 uniq crashes found)...[0m
scheduled max input!!!!
schedule: 5 level4_2/ijon_max/5
[1;94m[*] [0mFuzzing test case #458 (1435 total, 0 uniq crashes found)...[0m
[1;94m[*] [0mFuzzing test case #459 (1435 total, 0 uniq crashes found)...[0m
scheduled max input!!!!
schedule: 9 level4_2/ijon_max/9
[1;94m[*] [0mFuzzing test case #460 (1435 total, 0 uniq crashes found)...[0m
scheduled max input!!!!
schedule: 3 level4_2/ijon_max/3
updated maxmap 8: 8bc (len: 1101)
updated maxmap 1: 8c9 (len: 1105)
updated maxmap 2: 8cb (len: 1105)
[1;94m[*] [0mFuzzing test case #461 (1448 total, 0 uniq crashes found)...[0m
scheduled max input!!!!
schedule: 13 level4_2/ijon_max/13
[1;94m[*] [0mFuzzing test case #462 (1448 total, 0 uniq crashes found)...[0m
scheduled max input!!!!
schedule: 4 level4_2/ijon_max/4
[1;94m[*] [0mFuzzing test case #463 (1449 total, 0 uniq crashes found)...[0m
scheduled max input!!!!
schedule: 9 level4_2/ijon_max/9
[1;94m[*] [0mFuzzing test case #464 (1449 total, 0 uniq crashes found)...[0m
scheduled max input!!!!
schedule: 7 level4_2/ijon_max/7
[1;94m[*] [0mFuzzing test case #465 (1449 total, 0 uniq crashes found)...[0m
scheduled max input!!!!
schedule: 8 level4_2/ijon_max/8
[1;94m[*] [0mFuzzing test case #466 (1449 total, 0 uniq crashes found)...[0m
scheduled max input!!!!
schedule: 3 level4_2/ijon_max/3
[1;94m[*] [0mFuzzing test case #467 (1450 total, 0 uniq crashes found)...[0m
scheduled max input!!!!
schedule: 10 level4_2/ijon_max/10
[1;94m[*] [0mFuzzing test case #468 (1450 total, 0 uniq crashes found)...[0m
scheduled max input!!!!
schedule: 3 level4_2/ijon_max/3
[1;94m[*] [0mFuzzing test case #469 (1451 total, 0 uniq crashes found)...[0m
scheduled max input!!!!
schedule: 4 level4_2/ijon_max/4
[1;94m[*] [0mFuzzing test case #470 (1451 total, 0 uniq crashes found)...[0m
scheduled max input!!!!
schedule: 10 level4_2/ijon_max/10
[1;94m[*] [0mFuzzing test case #471 (1451 total, 0 uniq crashes found)...[0m
scheduled max input!!!!
schedule: 8 level4_2/ijon_max/8
[1;94m[*] [0mFuzzing test case #472 (1452 total, 0 uniq crashes found)...[0m
scheduled max input!!!!
schedule: 14 level4_2/ijon_max/14
[1;94m[*] [0mFuzzing test case #473 (1452 total, 0 uniq crashes found)...[0m
scheduled max input!!!!
schedule: 9 level4_2/ijon_max/9
[1;94m[*] [0mFuzzing test case #474 (1452 total, 0 uniq crashes found)...[0m
scheduled max input!!!!
schedule: 15 level4_2/ijon_max/15
[1;94m[*] [0mFuzzing test case #475 (1452 total, 0 uniq crashes found)...[0m
scheduled max input!!!!
schedule: 15 level4_2/ijon_max/15
[1;94m[*] [0mFuzzing test case #476 (1452 total, 0 uniq crashes found)...[0m
scheduled max input!!!!
schedule: 12 level4_2/ijon_max/12
[1;94m[*] [0mFuzzing test case #477 (1452 total, 0 uniq crashes found)...[0m
scheduled max input!!!!
schedule: 8 level4_2/ijon_max/8
[1;94m[*] [0mFuzzing test case #478 (1452 total, 0 uniq crashes found)...[0m
[1;94m[*] [0mFuzzing test case #479 (1452 total, 0 uniq crashes found)...[0m
[1;94m[*] [0mFuzzing test case #480 (1452 total, 0 uniq crashes found)...[0m
scheduled max input!!!!
schedule: 13 level4_2/ijon_max/13
[1;94m[*] [0mFuzzing test case #481 (1452 total, 0 uniq crashes found)...[0m
[1;94m[*] [0mFuzzing test case #482 (1452 total, 0 uniq crashes found)...[0m
scheduled max input!!!!
schedule: 14 level4_2/ijon_max/14
[1;94m[*] [0mFuzzing test case #483 (1452 total, 0 uniq crashes found)...[0m
[1;94m[*] [0mFuzzing test case #484 (1452 total, 0 uniq crashes found)...[0m
[1;94m[*] [0mFuzzing test case #485 (1452 total, 0 uniq crashes found)...[0m
[1;94m[*] [0mFuzzing test case #486 (1452 total, 0 uniq crashes found)...[0m
scheduled max input!!!!
schedule: 13 level4_2/ijon_max/13
[1;94m[*] [0mFuzzing test case #487 (1452 total, 0 uniq crashes found)...[0m
scheduled max input!!!!
schedule: 15 level4_2/ijon_max/15
[1;94m[*] [0mFuzzing test case #488 (1452 total, 0 uniq crashes found)...[0m
scheduled max input!!!!
schedule: 12 level4_2/ijon_max/12
[1;94m[*] [0mFuzzing test case #489 (1452 total, 0 uniq crashes found)...[0m
[1;94m[*] [0mFuzzing test case #490 (1452 total, 0 uniq crashes found)...[0m
scheduled max input!!!!
schedule: 14 level4_2/ijon_max/14
[1;94m[*] [0mFuzzing test case #491 (1452 total, 0 uniq crashes found)...[0m
[1;94m[*] [0mFuzzing test case #492 (1452 total, 0 uniq crashes found)...[0m
scheduled normal input!!!!
[1;94m[*] [0mFuzzing test case #493 (1453 total, 0 uniq crashes found)...[0m
scheduled max input!!!!
schedule: 6 level4_2/ijon_max/6
[1;94m[*] [0mFuzzing test case #494 (1453 total, 0 uniq crashes found)...[0m
[1;94m[*] [0mFuzzing test case #495 (1453 total, 0 uniq crashes found)...[0m
[1;94m[*] [0mFuzzing test case #496 (1453 total, 0 uniq crashes found)...[0m
scheduled max input!!!!
schedule: 12 level4_2/ijon_max/12
[1;94m[*] [0mFuzzing test case #497 (1453 total, 0 uniq crashes found)...[0m
scheduled max input!!!!
schedule: 15 level4_2/ijon_max/15
[1;94m[*] [0mFuzzing test case #498 (1453 total, 0 uniq crashes found)...[0m
scheduled max input!!!!
schedule: 10 level4_2/ijon_max/10
[1;94m[*] [0mFuzzing test case #499 (1453 total, 0 uniq crashes found)...[0m
scheduled max input!!!!
schedule: 11 level4_2/ijon_max/11
[1;94m[*] [0mFuzzing test case #500 (1453 total, 0 uniq crashes found)...[0m
scheduled max input!!!!
schedule: 13 level4_2/ijon_max/13
[1;94m[*] [0mFuzzing test case #501 (1453 total, 0 uniq crashes found)...[0m
scheduled max input!!!!
schedule: 3 level4_2/ijon_max/3
[1;94m[*] [0mFuzzing test case #502 (1453 total, 0 uniq crashes found)...[0m
scheduled max input!!!!
schedule: 0 level4_2/ijon_max/0
[1;94m[*] [0mFuzzing test case #503 (1453 total, 0 uniq crashes found)...[0m
scheduled max input!!!!
schedule: 13 level4_2/ijon_max/13
[1;94m[*] [0mFuzzing test case #504 (1453 total, 0 uniq crashes found)...[0m
scheduled max input!!!!
schedule: 12 level4_2/ijon_max/12
[1;94m[*] [0mFuzzing test case #505 (1453 total, 0 uniq crashes found)...[0m
scheduled max input!!!!
schedule: 1 level4_2/ijon_max/1
updated maxmap 1: 8ca (len: 1105)
[1;94m[*] [0mFuzzing test case #506 (1471 total, 0 uniq crashes found)...[0m
scheduled max input!!!!
schedule: 11 level4_2/ijon_max/11
[1;94m[*] [0mFuzzing test case #507 (1471 total, 0 uniq crashes found)...[0m
scheduled max input!!!!
schedule: 1 level4_2/ijon_max/1
[1;94m[*] [0mFuzzing test case #508 (1472 total, 0 uniq crashes found)...[0m
[1;94m[*] [0mFuzzing test case #509 (1472 total, 0 uniq crashes found)...[0m
scheduled max input!!!!
schedule: 0 level4_2/ijon_max/0
[1;94m[*] [0mFuzzing test case #510 (1472 total, 0 uniq crashes found)...[0m
scheduled max input!!!!
schedule: 15 level4_2/ijon_max/15
[1;94m[*] [0mFuzzing test case #511 (1472 total, 0 uniq crashes found)...[0m
[1;94m[*] [0mFuzzing test case #512 (1472 total, 0 uniq crashes found)...[0m
scheduled max input!!!!
schedule: 4 level4_2/ijon_max/4
[1;94m[*] [0mFuzzing test case #513 (1472 total, 0 uniq crashes found)...[0m
[1;94m[*] [0mFuzzing test case #514 (1472 total, 0 uniq crashes found)...[0m
[1;94m[*] [0mFuzzing test case #515 (1472 total, 0 uniq crashes found)...[0m
scheduled max input!!!!
schedule: 11 level4_2/ijon_max/11
[1;94m[*] [0mFuzzing test case #516 (1472 total, 0 uniq crashes found)...[0m
scheduled max input!!!!
schedule: 0 level4_2/ijon_max/0
[1;94m[*] [0mFuzzing test case #517 (1472 total, 0 uniq crashes found)...[0m
scheduled max input!!!!
schedule: 6 level4_2/ijon_max/6
[1;94m[*] [0mFuzzing test case #518 (1472 total, 0 uniq crashes found)...[0m
[1;94m[*] [0mFuzzing test case #519 (1472 total, 0 uniq crashes found)...[0m
scheduled max input!!!!
schedule: 8 level4_2/ijon_max/8
[1;94m[*] [0mFuzzing test case #520 (1472 total, 0 uniq crashes found)...[0m
scheduled max input!!!!
schedule: 14 level4_2/ijon_max/14
[1;94m[*] [0mFuzzing test case #521 (1472 total, 0 uniq crashes found)...[0m
scheduled max input!!!!
schedule: 3 level4_2/ijon_max/3
[1;94m[*] [0mFuzzing test case #522 (1472 total, 0 uniq crashes found)...[0m
[1;94m[*] [0mFuzzing test case #523 (1472 total, 0 uniq crashes found)...[0m
scheduled max input!!!!
schedule: 2 level4_2/ijon_max/2
[1;94m[*] [0mFuzzing test case #524 (1474 total, 0 uniq crashes found)...[0m
scheduled max input!!!!
schedule: 15 level4_2/ijon_max/15
[1;94m[*] [0mFuzzing test case #525 (1474 total, 0 uniq crashes found)...[0m
scheduled max input!!!!
schedule: 11 level4_2/ijon_max/11
[1;94m[*] [0mFuzzing test case #526 (1474 total, 0 uniq crashes found)...[0m
scheduled max input!!!!
schedule: 10 level4_2/ijon_max/10
[1;94m[*] [0mFuzzing test case #527 (1474 total, 0 uniq crashes found)...[0m
scheduled max input!!!!
schedule: 9 level4_2/ijon_max/9
[1;94m[*] [0mFuzzing test case #528 (1474 total, 0 uniq crashes found)...[0m
[1;94m[*] [0mFuzzing test case #529 (1474 total, 0 uniq crashes found)...[0m
scheduled max input!!!!
schedule: 13 level4_2/ijon_max/13
[1;94m[*] [0mFuzzing test case #530 (1474 total, 0 uniq crashes found)...[0m
scheduled max input!!!!
schedule: 8 level4_2/ijon_max/8
[1;94m[*] [0mFuzzing test case #531 (1474 total, 0 uniq crashes found)...[0m
scheduled max input!!!!
schedule: 3 level4_2/ijon_max/3
[1;94m[*] [0mFuzzing test case #532 (1474 total, 0 uniq crashes found)...[0m
scheduled max input!!!!
schedule: 3 level4_2/ijon_max/3
[1;94m[*] [0mFuzzing test case #533 (1474 total, 0 uniq crashes found)...[0m
scheduled max input!!!!
schedule: 2 level4_2/ijon_max/2
[1;94m[*] [0mFuzzing test case #534 (1474 total, 0 uniq crashes found)...[0m
[1;94m[*] [0mFuzzing test case #535 (1474 total, 0 uniq crashes found)...[0m
scheduled max input!!!!
schedule: 8 level4_2/ijon_max/8
[1;94m[*] [0mFuzzing test case #536 (1474 total, 0 uniq crashes found)...[0m
scheduled max input!!!!
schedule: 7 level4_2/ijon_max/7
[1;94m[*] [0mFuzzing test case #537 (1474 total, 0 uniq crashes found)...[0m
scheduled max input!!!!
schedule: 9 level4_2/ijon_max/9
[1;94m[*] [0mFuzzing test case #538 (1474 total, 0 uniq crashes found)...[0m
scheduled max input!!!!
schedule: 4 level4_2/ijon_max/4
[1;94m[*] [0mFuzzing test case #539 (1474 total, 0 uniq crashes found)...[0m
scheduled max input!!!!
schedule: 14 level4_2/ijon_max/14
[1;94m[*] [0mFuzzing test case #540 (1474 total, 0 uniq crashes found)...[0m
scheduled max input!!!!
schedule: 1 level4_2/ijon_max/1
[1;94m[*] [0mFuzzing test case #541 (1474 total, 0 uniq crashes found)...[0m
scheduled max input!!!!
schedule: 4 level4_2/ijon_max/4
[1;94m[*] [0mFuzzing test case #542 (1474 total, 0 uniq crashes found)...[0m
[1;94m[*] [0mFuzzing test case #543 (1474 total, 0 uniq crashes found)...[0m
scheduled max input!!!!
schedule: 4 level4_2/ijon_max/4
[1;94m[*] [0mFuzzing test case #544 (1474 total, 0 uniq crashes found)...[0m
[1;94m[*] [0mFuzzing test case #545 (1474 total, 0 uniq crashes found)...[0m
scheduled max input!!!!
schedule: 14 level4_2/ijon_max/14
[1;94m[*] [0mFuzzing test case #546 (1474 total, 0 uniq crashes found)...[0m
scheduled max input!!!!
schedule: 9 level4_2/ijon_max/9
[1;94m[*] [0mFuzzing test case #547 (1474 total, 0 uniq crashes found)...[0m
[1;94m[*] [0mFuzzing test case #548 (1474 total, 0 uniq crashes found)...[0m
scheduled max input!!!!
schedule: 8 level4_2/ijon_max/8
[1;94m[*] [0mFuzzing test case #549 (1474 total, 0 uniq crashes found)...[0m
scheduled max input!!!!
schedule: 15 level4_2/ijon_max/15
[1;94m[*] [0mFuzzing test case #550 (1474 total, 0 uniq crashes found)...[0m
[1;94m[*] [0mFuzzing test case #551 (1474 total, 0 uniq crashes found)...[0m
[1;94m[*] [0mFuzzing test case #552 (1474 total, 0 uniq crashes found)...[0m
scheduled max input!!!!
schedule: 15 level4_2/ijon_max/15
[1;94m[*] [0mFuzzing test case #553 (1474 total, 0 uniq crashes found)...[0m
scheduled max input!!!!
schedule: 15 level4_2/ijon_max/15
[1;94m[*] [0mFuzzing test case #554 (1474 total, 0 uniq crashes found)...[0m
[1;94m[*] [0mFuzzing test case #555 (1474 total, 0 uniq crashes found)...[0m
[1;94m[*] [0mFuzzing test case #556 (1474 total, 0 uniq crashes found)...[0m
scheduled max input!!!!
schedule: 4 level4_2/ijon_max/4
[1;94m[*] [0mFuzzing test case #557 (1474 total, 0 uniq crashes found)...[0m
scheduled max input!!!!
schedule: 2 level4_2/ijon_max/2
updated maxmap 1: 8cb (len: 1105)
[1;94m[*] [0mFuzzing test case #558 (1475 total, 0 uniq crashes found)...[0m
scheduled max input!!!!
schedule: 14 level4_2/ijon_max/14
[1;94m[*] [0mFuzzing test case #559 (1475 total, 0 uniq crashes found)...[0m
scheduled max input!!!!
schedule: 14 level4_2/ijon_max/14
[1;94m[*] [0mFuzzing test case #560 (1475 total, 0 uniq crashes found)...[0m
scheduled max input!!!!
schedule: 15 level4_2/ijon_max/15
[1;94m[*] [0mFuzzing test case #561 (1475 total, 0 uniq crashes found)...[0m
scheduled max input!!!!
schedule: 1 level4_2/ijon_max/1
[1;94m[*] [0mFuzzing test case #562 (1475 total, 0 uniq crashes found)...[0m
scheduled max input!!!!
schedule: 1 level4_2/ijon_max/1
updated maxmap 2: 8cc (len: 1105)
updated maxmap 1: 8cd (len: 1105)
[1;94m[*] [0mFuzzing test case #563 (1484 total, 0 uniq crashes found)...[0m
scheduled max input!!!!
schedule: 9 level4_2/ijon_max/9
[1;94m[*] [0mFuzzing test case #564 (1484 total, 0 uniq crashes found)...[0m
scheduled max input!!!!
schedule: 6 level4_2/ijon_max/6
[1;94m[*] [0mFuzzing test case #565 (1484 total, 0 uniq crashes found)...[0m
scheduled max input!!!!
schedule: 15 level4_2/ijon_max/15
[1;94m[*] [0mFuzzing test case #566 (1484 total, 0 uniq crashes found)...[0m
scheduled max input!!!!
schedule: 6 level4_2/ijon_max/6
[1;94m[*] [0mFuzzing test case #567 (1485 total, 0 uniq crashes found)...[0m
scheduled max input!!!!
schedule: 9 level4_2/ijon_max/9
[1;94m[*] [0mFuzzing test case #568 (1485 total, 0 uniq crashes found)...[0m
scheduled max input!!!!
schedule: 8 level4_2/ijon_max/8
[1;94m[*] [0mFuzzing test case #569 (1485 total, 0 uniq crashes found)...[0m
scheduled max input!!!!
schedule: 14 level4_2/ijon_max/14
[1;94m[*] [0mFuzzing test case #570 (1485 total, 0 uniq crashes found)...[0m
scheduled max input!!!!
schedule: 11 level4_2/ijon_max/11
[1;94m[*] [0mFuzzing test case #571 (1485 total, 0 uniq crashes found)...[0m
scheduled max input!!!!
schedule: 10 level4_2/ijon_max/10
[1;94m[*] [0mFuzzing test case #572 (1485 total, 0 uniq crashes found)...[0m
scheduled max input!!!!
schedule: 6 level4_2/ijon_max/6
[1;94m[*] [0mFuzzing test case #573 (1485 total, 0 uniq crashes found)...[0m
scheduled max input!!!!
schedule: 1 level4_2/ijon_max/1
[1;94m[*] [0mFuzzing test case #574 (1485 total, 0 uniq crashes found)...[0m
scheduled max input!!!!
schedule: 14 level4_2/ijon_max/14
[1;94m[*] [0mFuzzing test case #575 (1485 total, 0 uniq crashes found)...[0m
scheduled max input!!!!
schedule: 11 level4_2/ijon_max/11
[1;94m[*] [0mFuzzing test case #576 (1485 total, 0 uniq crashes found)...[0m
scheduled max input!!!!
schedule: 11 level4_2/ijon_max/11
[1;94m[*] [0mFuzzing test case #577 (1485 total, 0 uniq crashes found)...[0m
[1;94m[*] [0mFuzzing test case #578 (1485 total, 0 uniq crashes found)...[0m
scheduled max input!!!!
schedule: 5 level4_2/ijon_max/5
[1;94m[*] [0mFuzzing test case #579 (1485 total, 0 uniq crashes found)...[0m
scheduled max input!!!!
schedule: 6 level4_2/ijon_max/6
[1;94m[*] [0mFuzzing test case #580 (1485 total, 0 uniq crashes found)...[0m
scheduled max input!!!!
schedule: 12 level4_2/ijon_max/12
[1;94m[*] [0mFuzzing test case #581 (1485 total, 0 uniq crashes found)...[0m
scheduled max input!!!!
schedule: 14 level4_2/ijon_max/14
[1;94m[*] [0mFuzzing test case #582 (1485 total, 0 uniq crashes found)...[0m
[1;94m[*] [0mFuzzing test case #583 (1485 total, 0 uniq crashes found)...[0m
scheduled max input!!!!
schedule: 4 level4_2/ijon_max/4
[1;94m[*] [0mFuzzing test case #584 (1485 total, 0 uniq crashes found)...[0m
scheduled max input!!!!
schedule: 15 level4_2/ijon_max/15
[1;94m[*] [0mFuzzing test case #585 (1485 total, 0 uniq crashes found)...[0m
scheduled max input!!!!
schedule: 14 level4_2/ijon_max/14
[1;94m[*] [0mFuzzing test case #586 (1485 total, 0 uniq crashes found)...[0m
scheduled max input!!!!
schedule: 5 level4_2/ijon_max/5
[1;94m[*] [0mFuzzing test case #587 (1485 total, 0 uniq crashes found)...[0m
scheduled max input!!!!
schedule: 9 level4_2/ijon_max/9
[1;94m[*] [0mFuzzing test case #588 (1485 total, 0 uniq crashes found)...[0m
[1;94m[*] [0mFuzzing test case #589 (1485 total, 0 uniq crashes found)...[0m
scheduled max input!!!!
schedule: 1 level4_2/ijon_max/1
[1;94m[*] [0mFuzzing test case #590 (1485 total, 0 uniq crashes found)...[0m
scheduled max input!!!!
schedule: 10 level4_2/ijon_max/10
[1;94m[*] [0mFuzzing test case #591 (1485 total, 0 uniq crashes found)...[0m
[1;94m[*] [0mFuzzing test case #592 (1485 total, 0 uniq crashes found)...[0m
scheduled max input!!!!
schedule: 15 level4_2/ijon_max/15
[1;94m[*] [0mFuzzing test case #593 (1485 total, 0 uniq crashes found)...[0m
scheduled max input!!!!
schedule: 15 level4_2/ijon_max/15
[1;94m[*] [0mFuzzing test case #594 (1485 total, 0 uniq crashes found)...[0m
scheduled max input!!!!
schedule: 8 level4_2/ijon_max/8
[1;94m[*] [0mFuzzing test case #595 (1485 total, 0 uniq crashes found)...[0m
scheduled max input!!!!
schedule: 8 level4_2/ijon_max/8
[1;94m[*] [0mFuzzing test case #596 (1485 total, 0 uniq crashes found)...[0m
scheduled max input!!!!
schedule: 11 level4_2/ijon_max/11
[1;94m[*] [0mFuzzing test case #597 (1485 total, 0 uniq crashes found)...[0m
scheduled max input!!!!
schedule: 1 level4_2/ijon_max/1
[1;94m[*] [0mFuzzing test case #598 (1485 total, 0 uniq crashes found)...[0m
scheduled max input!!!!
schedule: 0 level4_2/ijon_max/0
[1;94m[*] [0mFuzzing test case #599 (1485 total, 0 uniq crashes found)...[0m
scheduled max input!!!!
schedule: 4 level4_2/ijon_max/4
[1;94m[*] [0mFuzzing test case #600 (1485 total, 0 uniq crashes found)...[0m
scheduled max input!!!!
schedule: 8 level4_2/ijon_max/8
[1;94m[*] [0mFuzzing test case #601 (1485 total, 0 uniq crashes found)...[0m
scheduled max input!!!!
schedule: 3 level4_2/ijon_max/3
[1;94m[*] [0mFuzzing test case #602 (1485 total, 0 uniq crashes found)...[0m
[1;94m[*] [0mFuzzing test case #603 (1485 total, 0 uniq crashes found)...[0m
scheduled max input!!!!
schedule: 1 level4_2/ijon_max/1
[1;94m[*] [0mFuzzing test case #604 (1485 total, 0 uniq crashes found)...[0m
[1;94m[*] [0mFuzzing test case #605 (1485 total, 0 uniq crashes found)...[0m
scheduled max input!!!!
schedule: 15 level4_2/ijon_max/15
[1;94m[*] [0mFuzzing test case #606 (1485 total, 0 uniq crashes found)...[0m
scheduled max input!!!!
schedule: 5 level4_2/ijon_max/5
[1;94m[*] [0mFuzzing test case #607 (1485 total, 0 uniq crashes found)...[0m
scheduled max input!!!!
schedule: 15 level4_2/ijon_max/15
[1;94m[*] [0mFuzzing test case #608 (1485 total, 0 uniq crashes found)...[0m
scheduled max input!!!!
schedule: 11 level4_2/ijon_max/11
[1;94m[*] [0mFuzzing test case #609 (1485 total, 0 uniq crashes found)...[0m
scheduled max input!!!!
schedule: 4 level4_2/ijon_max/4
[1;94m[*] [0mFuzzing test case #610 (1485 total, 0 uniq crashes found)...[0m
scheduled max input!!!!
schedule: 3 level4_2/ijon_max/3
[1;94m[*] [0mFuzzing test case #611 (1485 total, 0 uniq crashes found)...[0m
scheduled max input!!!!
schedule: 13 level4_2/ijon_max/13
[1;94m[*] [0mFuzzing test case #612 (1485 total, 0 uniq crashes found)...[0m
scheduled max input!!!!
schedule: 4 level4_2/ijon_max/4
[1;94m[*] [0mFuzzing test case #613 (1485 total, 0 uniq crashes found)...[0m
scheduled max input!!!!
schedule: 8 level4_2/ijon_max/8
[1;94m[*] [0mFuzzing test case #614 (1485 total, 0 uniq crashes found)...[0m
scheduled max input!!!!
schedule: 3 level4_2/ijon_max/3
[1;94m[*] [0mFuzzing test case #615 (1485 total, 0 uniq crashes found)...[0m
scheduled max input!!!!
schedule: 1 level4_2/ijon_max/1
[1;94m[*] [0mFuzzing test case #616 (1486 total, 0 uniq crashes found)...[0m
scheduled max input!!!!
schedule: 1 level4_2/ijon_max/1
[1;94m[*] [0mFuzzing test case #617 (1486 total, 0 uniq crashes found)...[0m
[1;94m[*] [0mFuzzing test case #618 (1486 total, 0 uniq crashes found)...[0m
scheduled max input!!!!
schedule: 8 level4_2/ijon_max/8
[1;94m[*] [0mFuzzing test case #619 (1487 total, 0 uniq crashes found)...[0m
scheduled max input!!!!
schedule: 1 level4_2/ijon_max/1
[1;94m[*] [0mFuzzing test case #620 (1487 total, 0 uniq crashes found)...[0m
[1;94m[*] [0mFuzzing test case #621 (1487 total, 0 uniq crashes found)...[0m
[1;94m[*] [0mFuzzing test case #622 (1487 total, 0 uniq crashes found)...[0m
scheduled max input!!!!
schedule: 11 level4_2/ijon_max/11
[1;94m[*] [0mFuzzing test case #623 (1487 total, 0 uniq crashes found)...[0m
[1;94m[*] [0mFuzzing test case #624 (1487 total, 0 uniq crashes found)...[0m
scheduled max input!!!!
schedule: 3 level4_2/ijon_max/3
[1;94m[*] [0mFuzzing test case #625 (1488 total, 0 uniq crashes found)...[0m
scheduled max input!!!!
schedule: 12 level4_2/ijon_max/12
[1;94m[*] [0mFuzzing test case #626 (1488 total, 0 uniq crashes found)...[0m
[1;94m[*] [0mFuzzing test case #627 (1488 total, 0 uniq crashes found)...[0m
[1;94m[*] [0mFuzzing test case #628 (1488 total, 0 uniq crashes found)...[0m
[1;94m[*] [0mFuzzing test case #629 (1488 total, 0 uniq crashes found)...[0m
scheduled max input!!!!
schedule: 6 level4_2/ijon_max/6
[1;94m[*] [0mFuzzing test case #630 (1488 total, 0 uniq crashes found)...[0m
scheduled max input!!!!
schedule: 7 level4_2/ijon_max/7
[1;94m[*] [0mFuzzing test case #631 (1488 total, 0 uniq crashes found)...[0m
scheduled max input!!!!
schedule: 5 level4_2/ijon_max/5
[1;94m[*] [0mFuzzing test case #632 (1488 total, 0 uniq crashes found)...[0m
scheduled max input!!!!
schedule: 14 level4_2/ijon_max/14
[1;94m[*] [0mFuzzing test case #633 (1488 total, 0 uniq crashes found)...[0m
scheduled max input!!!!
schedule: 14 level4_2/ijon_max/14
[1;94m[*] [0mFuzzing test case #634 (1488 total, 0 uniq crashes found)...[0m
scheduled max input!!!!
schedule: 12 level4_2/ijon_max/12
[1;94m[*] [0mFuzzing test case #635 (1488 total, 0 uniq crashes found)...[0m
[1;94m[*] [0mFuzzing test case #636 (1488 total, 0 uniq crashes found)...[0m
scheduled max input!!!!
schedule: 12 level4_2/ijon_max/12
[1;94m[*] [0mFuzzing test case #637 (1488 total, 0 uniq crashes found)...[0m
[1;94m[*] [0mFuzzing test case #638 (1488 total, 0 uniq crashes found)...[0m
scheduled max input!!!!
schedule: 6 level4_2/ijon_max/6
[1;94m[*] [0mFuzzing test case #639 (1488 total, 0 uniq crashes found)...[0m
scheduled max input!!!!
schedule: 8 level4_2/ijon_max/8
[1;94m[*] [0mFuzzing test case #640 (1488 total, 0 uniq crashes found)...[0m
scheduled max input!!!!
schedule: 8 level4_2/ijon_max/8
[1;94m[*] [0mFuzzing test case #641 (1489 total, 0 uniq crashes found)...[0m
scheduled max input!!!!
schedule: 3 level4_2/ijon_max/3
[1;94m[*] [0mFuzzing test case #642 (1489 total, 0 uniq crashes found)...[0m
scheduled max input!!!!
schedule: 13 level4_2/ijon_max/13
[1;94m[*] [0mFuzzing test case #643 (1489 total, 0 uniq crashes found)...[0m
scheduled max input!!!!
schedule: 13 level4_2/ijon_max/13
[1;94m[*] [0mFuzzing test case #644 (1489 total, 0 uniq crashes found)...[0m
scheduled max input!!!!
schedule: 7 level4_2/ijon_max/7
[1;94m[*] [0mFuzzing test case #645 (1489 total, 0 uniq crashes found)...[0m
scheduled max input!!!!
schedule: 4 level4_2/ijon_max/4
[1;94m[*] [0mFuzzing test case #646 (1489 total, 0 uniq crashes found)...[0m
scheduled max input!!!!
schedule: 4 level4_2/ijon_max/4
[1;94m[*] [0mFuzzing test case #647 (1489 total, 0 uniq crashes found)...[0m
[1;94m[*] [0mFuzzing test case #648 (1489 total, 0 uniq crashes found)...[0m
scheduled max input!!!!
schedule: 0 level4_2/ijon_max/0
[1;94m[*] [0mFuzzing test case #649 (1489 total, 0 uniq crashes found)...[0m
scheduled max input!!!!
schedule: 6 level4_2/ijon_max/6
[1;94m[*] [0mFuzzing test case #650 (1489 total, 0 uniq crashes found)...[0m
[1;94m[*] [0mFuzzing test case #651 (1489 total, 0 uniq crashes found)...[0m
scheduled max input!!!!
schedule: 9 level4_2/ijon_max/9
[1;94m[*] [0mFuzzing test case #652 (1489 total, 0 uniq crashes found)...[0m
scheduled max input!!!!
schedule: 14 level4_2/ijon_max/14
[1;94m[*] [0mFuzzing test case #653 (1489 total, 0 uniq crashes found)...[0m
[1;94m[*] [0mFuzzing test case #654 (1489 total, 0 uniq crashes found)...[0m
scheduled max input!!!!
schedule: 15 level4_2/ijon_max/15
[1;94m[*] [0mFuzzing test case #655 (1489 total, 0 uniq crashes found)...[0m
scheduled max input!!!!
schedule: 8 level4_2/ijon_max/8
[1;94m[*] [0mFuzzing test case #656 (1489 total, 0 uniq crashes found)...[0m
scheduled max input!!!!
schedule: 11 level4_2/ijon_max/11
[1;94m[*] [0mFuzzing test case #657 (1489 total, 0 uniq crashes found)...[0m
scheduled max input!!!!
schedule: 12 level4_2/ijon_max/12
[1;94m[*] [0mFuzzing test case #658 (1489 total, 0 uniq crashes found)...[0m
scheduled max input!!!!
schedule: 1 level4_2/ijon_max/1
[1;94m[*] [0mFuzzing test case #659 (1489 total, 0 uniq crashes found)...[0m
scheduled max input!!!!
schedule: 0 level4_2/ijon_max/0
[1;94m[*] [0mFuzzing test case #660 (1489 total, 0 uniq crashes found)...[0m
scheduled max input!!!!
schedule: 5 level4_2/ijon_max/5
[1;94m[*] [0mFuzzing test case #661 (1489 total, 0 uniq crashes found)...[0m
scheduled max input!!!!
schedule: 12 level4_2/ijon_max/12
[1;94m[*] [0mFuzzing test case #662 (1489 total, 0 uniq crashes found)...[0m
scheduled max input!!!!
schedule: 14 level4_2/ijon_max/14
[1;94m[*] [0mFuzzing test case #663 (1489 total, 0 uniq crashes found)...[0m
[1;94m[*] [0mFuzzing test case #664 (1489 total, 0 uniq crashes found)...[0m
scheduled max input!!!!
schedule: 11 level4_2/ijon_max/11
[1;94m[*] [0mFuzzing test case #665 (1489 total, 0 uniq crashes found)...[0m
scheduled max input!!!!
schedule: 8 level4_2/ijon_max/8
[1;94m[*] [0mFuzzing test case #666 (1489 total, 0 uniq crashes found)...[0m
[1;94m[*] [0mFuzzing test case #667 (1489 total, 0 uniq crashes found)...[0m
scheduled max input!!!!
schedule: 1 level4_2/ijon_max/1
[1;94m[*] [0mFuzzing test case #668 (1489 total, 0 uniq crashes found)...[0m
[1;94m[*] [0mFuzzing test case #669 (1489 total, 0 uniq crashes found)...[0m
[1;94m[*] [0mFuzzing test case #670 (1489 total, 0 uniq crashes found)...[0m
[1;94m[*] [0mFuzzing test case #671 (1489 total, 0 uniq crashes found)...[0m
scheduled max input!!!!
schedule: 7 level4_2/ijon_max/7
[1;94m[*] [0mFuzzing test case #672 (1489 total, 0 uniq crashes found)...[0m
scheduled max input!!!!
schedule: 1 level4_2/ijon_max/1
[1;94m[*] [0mFuzzing test case #673 (1490 total, 0 uniq crashes found)...[0m
[1;94m[*] [0mFuzzing test case #674 (1490 total, 0 uniq crashes found)...[0m
scheduled max input!!!!
schedule: 6 level4_2/ijon_max/6
[1;94m[*] [0mFuzzing test case #675 (1490 total, 0 uniq crashes found)...[0m
scheduled max input!!!!
schedule: 13 level4_2/ijon_max/13
[1;94m[*] [0mFuzzing test case #676 (1490 total, 0 uniq crashes found)...[0m
scheduled max input!!!!
schedule: 3 level4_2/ijon_max/3
[1;94m[*] [0mFuzzing test case #677 (1490 total, 0 uniq crashes found)...[0m
scheduled max input!!!!
schedule: 9 level4_2/ijon_max/9
[1;94m[*] [0mFuzzing test case #678 (1490 total, 0 uniq crashes found)...[0m
scheduled max input!!!!
schedule: 12 level4_2/ijon_max/12
[1;94m[*] [0mFuzzing test case #679 (1490 total, 0 uniq crashes found)...[0m
scheduled max input!!!!
schedule: 11 level4_2/ijon_max/11
[1;94m[*] [0mFuzzing test case #680 (1490 total, 0 uniq crashes found)...[0m
scheduled max input!!!!
schedule: 6 level4_2/ijon_max/6
[1;94m[*] [0mFuzzing test case #681 (1490 total, 0 uniq crashes found)...[0m
scheduled max input!!!!
schedule: 5 level4_2/ijon_max/5
[1;94m[*] [0mFuzzing test case #682 (1490 total, 0 uniq crashes found)...[0m
scheduled max input!!!!
schedule: 9 level4_2/ijon_max/9
[1;94m[*] [0mFuzzing test case #683 (1490 total, 0 uniq crashes found)...[0m
scheduled max input!!!!
schedule: 15 level4_2/ijon_max/15
[1;94m[*] [0mFuzzing test case #684 (1491 total, 0 uniq crashes found)...[0m
scheduled max input!!!!
schedule: 2 level4_2/ijon_max/2
[1;94m[*] [0mFuzzing test case #685 (1492 total, 0 uniq crashes found)...[0m
[1;94m[*] [0mFuzzing test case #686 (1492 total, 0 uniq crashes found)...[0m
scheduled max input!!!!
schedule: 4 level4_2/ijon_max/4
updated maxmap 4: 8d1 (len: 1101)
[1;94m[*] [0mFuzzing test case #687 (1492 total, 0 uniq crashes found)...[0m
scheduled max input!!!!
schedule: 5 level4_2/ijon_max/5
[1;94m[*] [0mFuzzing test case #688 (1492 total, 0 uniq crashes found)...[0m
[1;94m[*] [0mFuzzing test case #689 (1492 total, 0 uniq crashes found)...[0m
scheduled max input!!!!
schedule: 1 level4_2/ijon_max/1
[1;94m[*] [0mFuzzing test case #690 (1492 total, 0 uniq crashes found)...[0m
[1;94m[*] [0mFuzzing test case #691 (1492 total, 0 uniq crashes found)...[0m
scheduled max input!!!!
schedule: 12 level4_2/ijon_max/12
[1;94m[*] [0mFuzzing test case #692 (1492 total, 0 uniq crashes found)...[0m
scheduled max input!!!!
schedule: 5 level4_2/ijon_max/5
[1;94m[*] [0mFuzzing test case #693 (1492 total, 0 uniq crashes found)...[0m
scheduled max input!!!!
schedule: 4 level4_2/ijon_max/4
[1;94m[*] [0mFuzzing test case #694 (1492 total, 0 uniq crashes found)...[0m
scheduled max input!!!!
schedule: 7 level4_2/ijon_max/7
[1;94m[*] [0mFuzzing test case #695 (1492 total, 0 uniq crashes found)...[0m
[1;94m[*] [0mFuzzing test case #696 (1492 total, 0 uniq crashes found)...[0m
scheduled max input!!!!
schedule: 7 level4_2/ijon_max/7
[1;94m[*] [0mFuzzing test case #697 (1492 total, 0 uniq crashes found)...[0m
scheduled max input!!!!
schedule: 2 level4_2/ijon_max/2
[1;94m[*] [0mFuzzing test case #698 (1492 total, 0 uniq crashes found)...[0m
scheduled max input!!!!
schedule: 6 level4_2/ijon_max/6
[1;94m[*] [0mFuzzing test case #699 (1492 total, 0 uniq crashes found)...[0m
[1;94m[*] [0mFuzzing test case #700 (1492 total, 0 uniq crashes found)...[0m
scheduled max input!!!!
schedule: 5 level4_2/ijon_max/5
[1;94m[*] [0mFuzzing test case #701 (1492 total, 0 uniq crashes found)...[0m
scheduled max input!!!!
schedule: 10 level4_2/ijon_max/10
[1;94m[*] [0mFuzzing test case #702 (1492 total, 0 uniq crashes found)...[0m
[1;94m[*] [0mFuzzing test case #703 (1492 total, 0 uniq crashes found)...[0m
scheduled max input!!!!
schedule: 2 level4_2/ijon_max/2
[1;94m[*] [0mFuzzing test case #704 (1492 total, 0 uniq crashes found)...[0m
[1;94m[*] [0mFuzzing test case #705 (1492 total, 0 uniq crashes found)...[0m
scheduled max input!!!!
schedule: 5 level4_2/ijon_max/5
[1;94m[*] [0mFuzzing test case #706 (1492 total, 0 uniq crashes found)...[0m
scheduled max input!!!!
schedule: 7 level4_2/ijon_max/7
[1;94m[*] [0mFuzzing test case #707 (1492 total, 0 uniq crashes found)...[0m
scheduled max input!!!!
schedule: 8 level4_2/ijon_max/8
[1;94m[*] [0mFuzzing test case #708 (1492 total, 0 uniq crashes found)...[0m
scheduled max input!!!!
schedule: 15 level4_2/ijon_max/15
[1;94m[*] [0mFuzzing test case #709 (1492 total, 0 uniq crashes found)...[0m
[1;94m[*] [0mFuzzing test case #710 (1492 total, 0 uniq crashes found)...[0m
scheduled max input!!!!
schedule: 12 level4_2/ijon_max/12
[1;94m[*] [0mFuzzing test case #711 (1492 total, 0 uniq crashes found)...[0m
[1;94m[*] [0mFuzzing test case #712 (1492 total, 0 uniq crashes found)...[0m
scheduled max input!!!!
schedule: 11 level4_2/ijon_max/11
[1;94m[*] [0mFuzzing test case #713 (1492 total, 0 uniq crashes found)...[0m
scheduled max input!!!!
schedule: 1 level4_2/ijon_max/1
[1;94m[*] [0mFuzzing test case #714 (1492 total, 0 uniq crashes found)...[0m
scheduled max input!!!!
schedule: 6 level4_2/ijon_max/6
[1;94m[*] [0mFuzzing test case #715 (1492 total, 0 uniq crashes found)...[0m
scheduled max input!!!!
schedule: 4 level4_2/ijon_max/4
[1;94m[*] [0mFuzzing test case #716 (1492 total, 0 uniq crashes found)...[0m
scheduled max input!!!!
schedule: 12 level4_2/ijon_max/12
[1;94m[*] [0mFuzzing test case #717 (1492 total, 0 uniq crashes found)...[0m
scheduled max input!!!!
schedule: 4 level4_2/ijon_max/4
[1;94m[*] [0mFuzzing test case #718 (1493 total, 0 uniq crashes found)...[0m
scheduled max input!!!!
schedule: 15 level4_2/ijon_max/15
[1;94m[*] [0mFuzzing test case #719 (1493 total, 0 uniq crashes found)...[0m
scheduled max input!!!!
schedule: 5 level4_2/ijon_max/5
[1;94m[*] [0mFuzzing test case #720 (1493 total, 0 uniq crashes found)...[0m
scheduled max input!!!!
schedule: 12 level4_2/ijon_max/12
[1;94m[*] [0mFuzzing test case #721 (1493 total, 0 uniq crashes found)...[0m
scheduled max input!!!!
schedule: 0 level4_2/ijon_max/0
[1;94m[*] [0mFuzzing test case #722 (1493 total, 0 uniq crashes found)...[0m
scheduled max input!!!!
schedule: 5 level4_2/ijon_max/5
[1;94m[*] [0mFuzzing test case #723 (1493 total, 0 uniq crashes found)...[0m
scheduled max input!!!!
schedule: 10 level4_2/ijon_max/10
[1;94m[*] [0mFuzzing test case #724 (1493 total, 0 uniq crashes found)...[0m
scheduled max input!!!!
schedule: 13 level4_2/ijon_max/13
[1;94m[*] [0mFuzzing test case #725 (1493 total, 0 uniq crashes found)...[0m
scheduled max input!!!!
schedule: 12 level4_2/ijon_max/12
[1;94m[*] [0mFuzzing test case #726 (1493 total, 0 uniq crashes found)...[0m
[1;94m[*] [0mFuzzing test case #727 (1493 total, 0 uniq crashes found)...[0m
scheduled max input!!!!
schedule: 14 level4_2/ijon_max/14
[1;94m[*] [0mFuzzing test case #728 (1493 total, 0 uniq crashes found)...[0m
[1;94m[*] [0mFuzzing test case #729 (1493 total, 0 uniq crashes found)...[0m
scheduled max input!!!!
schedule: 11 level4_2/ijon_max/11
[1;94m[*] [0mFuzzing test case #730 (1493 total, 0 uniq crashes found)...[0m
scheduled max input!!!!
schedule: 12 level4_2/ijon_max/12
[1;94m[*] [0mFuzzing test case #731 (1493 total, 0 uniq crashes found)...[0m
scheduled max input!!!!
schedule: 14 level4_2/ijon_max/14
[1;94m[*] [0mFuzzing test case #732 (1493 total, 0 uniq crashes found)...[0m
[1;94m[*] [0mFuzzing test case #733 (1493 total, 0 uniq crashes found)...[0m
scheduled max input!!!!
schedule: 3 level4_2/ijon_max/3
[1;94m[*] [0mFuzzing test case #734 (1493 total, 0 uniq crashes found)...[0m
scheduled max input!!!!
schedule: 5 level4_2/ijon_max/5
[1;94m[*] [0mFuzzing test case #735 (1493 total, 0 uniq crashes found)...[0m
scheduled max input!!!!
schedule: 14 level4_2/ijon_max/14
[1;94m[*] [0mFuzzing test case #736 (1493 total, 0 uniq crashes found)...[0m
scheduled max input!!!!
schedule: 15 level4_2/ijon_max/15
[1;94m[*] [0mFuzzing test case #737 (1493 total, 0 uniq crashes found)...[0m
scheduled max input!!!!
schedule: 11 level4_2/ijon_max/11
[1;94m[*] [0mFuzzing test case #738 (1493 total, 0 uniq crashes found)...[0m
scheduled max input!!!!
schedule: 2 level4_2/ijon_max/2
[1;94m[*] [0mFuzzing test case #739 (1493 total, 0 uniq crashes found)...[0m
scheduled max input!!!!
schedule: 1 level4_2/ijon_max/1
[1;94m[*] [0mFuzzing test case #740 (1494 total, 0 uniq crashes found)...[0m
[1;94m[*] [0mFuzzing test case #741 (1494 total, 0 uniq crashes found)...[0m
scheduled max input!!!!
schedule: 14 level4_2/ijon_max/14
[1;94m[*] [0mFuzzing test case #742 (1494 total, 0 uniq crashes found)...[0m
scheduled max input!!!!
schedule: 1 level4_2/ijon_max/1
[1;94m[*] [0mFuzzing test case #743 (1494 total, 0 uniq crashes found)...[0m
scheduled max input!!!!
schedule: 15 level4_2/ijon_max/15
[1;94m[*] [0mFuzzing test case #744 (1494 total, 0 uniq crashes found)...[0m
[1;94m[*] [0mFuzzing test case #745 (1494 total, 0 uniq crashes found)...[0m
scheduled max input!!!!
schedule: 12 level4_2/ijon_max/12
[1;94m[*] [0mFuzzing test case #746 (1494 total, 0 uniq crashes found)...[0m
scheduled max input!!!!
schedule: 5 level4_2/ijon_max/5
[1;94m[*] [0mFuzzing test case #747 (1494 total, 0 uniq crashes found)...[0m
scheduled max input!!!!
schedule: 3 level4_2/ijon_max/3
[1;94m[*] [0mFuzzing test case #748 (1494 total, 0 uniq crashes found)...[0m
scheduled max input!!!!
schedule: 15 level4_2/ijon_max/15
[1;94m[*] [0mFuzzing test case #749 (1494 total, 0 uniq crashes found)...[0m
[1;94m[*] [0mFuzzing test case #750 (1494 total, 0 uniq crashes found)...[0m
scheduled max input!!!!
schedule: 9 level4_2/ijon_max/9
[1;94m[*] [0mFuzzing test case #751 (1494 total, 0 uniq crashes found)...[0m
[1;94m[*] [0mFuzzing test case #752 (1494 total, 0 uniq crashes found)...[0m
scheduled max input!!!!
schedule: 12 level4_2/ijon_max/12
[1;94m[*] [0mFuzzing test case #753 (1494 total, 0 uniq crashes found)...[0m
[1;94m[*] [0mFuzzing test case #754 (1494 total, 0 uniq crashes found)...[0m
scheduled max input!!!!
schedule: 5 level4_2/ijon_max/5
[1;94m[*] [0mFuzzing test case #755 (1494 total, 0 uniq crashes found)...[0m
scheduled max input!!!!
schedule: 15 level4_2/ijon_max/15
[1;94m[*] [0mFuzzing test case #756 (1494 total, 0 uniq crashes found)...[0m
scheduled max input!!!!
schedule: 4 level4_2/ijon_max/4
[1;94m[*] [0mFuzzing test case #757 (1494 total, 0 uniq crashes found)...[0m
scheduled max input!!!!
schedule: 4 level4_2/ijon_max/4
[1;94m[*] [0mFuzzing test case #758 (1494 total, 0 uniq crashes found)...[0m
scheduled max input!!!!
schedule: 11 level4_2/ijon_max/11
[1;94m[*] [0mFuzzing test case #759 (1494 total, 0 uniq crashes found)...[0m
scheduled max input!!!!
schedule: 8 level4_2/ijon_max/8
[1;94m[*] [0mFuzzing test case #760 (1494 total, 0 uniq crashes found)...[0m
scheduled max input!!!!
schedule: 7 level4_2/ijon_max/7
[1;94m[*] [0mFuzzing test case #761 (1494 total, 0 uniq crashes found)...[0m
scheduled max input!!!!
schedule: 12 level4_2/ijon_max/12
[1;94m[*] [0mFuzzing test case #762 (1494 total, 0 uniq crashes found)...[0m
[1;94m[*] [0mFuzzing test case #763 (1494 total, 0 uniq crashes found)...[0m
scheduled max input!!!!
schedule: 7 level4_2/ijon_max/7
[1;94m[*] [0mFuzzing test case #764 (1494 total, 0 uniq crashes found)...[0m
scheduled max input!!!!
schedule: 8 level4_2/ijon_max/8
[1;94m[*] [0mFuzzing test case #765 (1494 total, 0 uniq crashes found)...[0m
scheduled max input!!!!
schedule: 0 level4_2/ijon_max/0
[1;94m[*] [0mFuzzing test case #766 (1494 total, 0 uniq crashes found)...[0m
scheduled max input!!!!
schedule: 9 level4_2/ijon_max/9
[1;94m[*] [0mFuzzing test case #767 (1494 total, 0 uniq crashes found)...[0m
scheduled max input!!!!
schedule: 12 level4_2/ijon_max/12
[1;94m[*] [0mFuzzing test case #768 (1494 total, 0 uniq crashes found)...[0m
scheduled max input!!!!
schedule: 7 level4_2/ijon_max/7
[1;94m[*] [0mFuzzing test case #769 (1494 total, 0 uniq crashes found)...[0m
scheduled max input!!!!
schedule: 0 level4_2/ijon_max/0
[1;94m[*] [0mFuzzing test case #770 (1494 total, 0 uniq crashes found)...[0m
[1;94m[*] [0mFuzzing test case #771 (1494 total, 0 uniq crashes found)...[0m
scheduled max input!!!!
schedule: 5 level4_2/ijon_max/5
[1;94m[*] [0mFuzzing test case #772 (1494 total, 0 uniq crashes found)...[0m
scheduled max input!!!!
schedule: 10 level4_2/ijon_max/10
[1;94m[*] [0mFuzzing test case #773 (1494 total, 0 uniq crashes found)...[0m
scheduled max input!!!!
schedule: 2 level4_2/ijon_max/2
[1;94m[*] [0mFuzzing test case #774 (1494 total, 0 uniq crashes found)...[0m
[1;94m[*] [0mFuzzing test case #775 (1494 total, 0 uniq crashes found)...[0m
scheduled max input!!!!
schedule: 11 level4_2/ijon_max/11
[1;94m[*] [0mFuzzing test case #776 (1494 total, 0 uniq crashes found)...[0m
scheduled max input!!!!
schedule: 10 level4_2/ijon_max/10
[1;94m[*] [0mFuzzing test case #777 (1494 total, 0 uniq crashes found)...[0m
scheduled max input!!!!
schedule: 14 level4_2/ijon_max/14
[1;94m[*] [0mFuzzing test case #778 (1494 total, 0 uniq crashes found)...[0m
scheduled max input!!!!
schedule: 15 level4_2/ijon_max/15
[1;94m[*] [0mFuzzing test case #779 (1494 total, 0 uniq crashes found)...[0m
[1;94m[*] [0mFuzzing test case #780 (1494 total, 0 uniq crashes found)...[0m
scheduled max input!!!!
schedule: 4 level4_2/ijon_max/4
[1;94m[*] [0mFuzzing test case #781 (1494 total, 0 uniq crashes found)...[0m
scheduled max input!!!!
schedule: 0 level4_2/ijon_max/0
[1;94m[*] [0mFuzzing test case #782 (1494 total, 0 uniq crashes found)...[0m
[1;94m[*] [0mFuzzing test case #783 (1494 total, 0 uniq crashes found)...[0m
scheduled max input!!!!
schedule: 7 level4_2/ijon_max/7
[1;94m[*] [0mFuzzing test case #784 (1494 total, 0 uniq crashes found)...[0m
scheduled max input!!!!
schedule: 2 level4_2/ijon_max/2
[1;94m[*] [0mFuzzing test case #785 (1494 total, 0 uniq crashes found)...[0m
scheduled max input!!!!
schedule: 1 level4_2/ijon_max/1
[1;94m[*] [0mFuzzing test case #786 (1494 total, 0 uniq crashes found)...[0m
scheduled max input!!!!
schedule: 0 level4_2/ijon_max/0
[1;94m[*] [0mFuzzing test case #787 (1494 total, 0 uniq crashes found)...[0m
scheduled max input!!!!
schedule: 1 level4_2/ijon_max/1
[1;94m[*] [0mFuzzing test case #788 (1494 total, 0 uniq crashes found)...[0m
scheduled max input!!!!
schedule: 15 level4_2/ijon_max/15
[1;94m[*] [0mFuzzing test case #789 (1494 total, 0 uniq crashes found)...[0m
scheduled max input!!!!
schedule: 15 level4_2/ijon_max/15
[1;94m[*] [0mFuzzing test case #790 (1494 total, 0 uniq crashes found)...[0m
scheduled max input!!!!
schedule: 4 level4_2/ijon_max/4
[1;94m[*] [0mFuzzing test case #791 (1494 total, 0 uniq crashes found)...[0m
scheduled max input!!!!
schedule: 10 level4_2/ijon_max/10
[1;94m[*] [0mFuzzing test case #792 (1494 total, 0 uniq crashes found)...[0m
scheduled max input!!!!
schedule: 5 level4_2/ijon_max/5
[1;94m[*] [0mFuzzing test case #793 (1494 total, 0 uniq crashes found)...[0m
scheduled max input!!!!
schedule: 12 level4_2/ijon_max/12
[1;94m[*] [0mFuzzing test case #794 (1494 total, 0 uniq crashes found)...[0m
[1;94m[*] [0mFuzzing test case #795 (1494 total, 0 uniq crashes found)...[0m
scheduled max input!!!!
schedule: 5 level4_2/ijon_max/5
[1;94m[*] [0mFuzzing test case #796 (1494 total, 0 uniq crashes found)...[0m
scheduled max input!!!!
schedule: 6 level4_2/ijon_max/6
[1;94m[*] [0mFuzzing test case #797 (1494 total, 0 uniq crashes found)...[0m
[1;94m[*] [0mFuzzing test case #798 (1494 total, 0 uniq crashes found)...[0m
[1;94m[*] [0mFuzzing test case #799 (1494 total, 0 uniq crashes found)...[0m
scheduled max input!!!!
schedule: 13 level4_2/ijon_max/13
[1;94m[*] [0mFuzzing test case #800 (1494 total, 0 uniq crashes found)...[0m
[1;94m[*] [0mFuzzing test case #801 (1494 total, 0 uniq crashes found)...[0m
[1;94m[*] [0mFuzzing test case #802 (1494 total, 0 uniq crashes found)...[0m
scheduled max input!!!!
schedule: 12 level4_2/ijon_max/12
[1;94m[*] [0mFuzzing test case #803 (1494 total, 0 uniq crashes found)...[0m
scheduled max input!!!!
schedule: 4 level4_2/ijon_max/4
[1;94m[*] [0mFuzzing test case #804 (1494 total, 0 uniq crashes found)...[0m
scheduled max input!!!!
schedule: 0 level4_2/ijon_max/0
[1;94m[*] [0mFuzzing test case #805 (1494 total, 0 uniq crashes found)...[0m
[1;94m[*] [0mFuzzing test case #806 (1494 total, 0 uniq crashes found)...[0m
scheduled max input!!!!
schedule: 11 level4_2/ijon_max/11
[1;94m[*] [0mFuzzing test case #807 (1494 total, 0 uniq crashes found)...[0m
scheduled max input!!!!
schedule: 9 level4_2/ijon_max/9
[1;94m[*] [0mFuzzing test case #808 (1494 total, 0 uniq crashes found)...[0m
scheduled max input!!!!
schedule: 14 level4_2/ijon_max/14
[1;94m[*] [0mFuzzing test case #809 (1494 total, 0 uniq crashes found)...[0m
scheduled max input!!!!
schedule: 1 level4_2/ijon_max/1
[1;94m[*] [0mFuzzing test case #810 (1494 total, 0 uniq crashes found)...[0m
scheduled max input!!!!
schedule: 13 level4_2/ijon_max/13
[1;94m[*] [0mFuzzing test case #811 (1494 total, 0 uniq crashes found)...[0m
scheduled max input!!!!
schedule: 10 level4_2/ijon_max/10
[1;94m[*] [0mFuzzing test case #812 (1494 total, 0 uniq crashes found)...[0m
scheduled max input!!!!
schedule: 9 level4_2/ijon_max/9
[1;94m[*] [0mFuzzing test case #813 (1494 total, 0 uniq crashes found)...[0m
[1;94m[*] [0mFuzzing test case #814 (1494 total, 0 uniq crashes found)...[0m
scheduled max input!!!!
schedule: 2 level4_2/ijon_max/2
[1;94m[*] [0mFuzzing test case #815 (1494 total, 0 uniq crashes found)...[0m
[1;94m[*] [0mFuzzing test case #816 (1494 total, 0 uniq crashes found)...[0m
scheduled max input!!!!
schedule: 4 level4_2/ijon_max/4
[1;94m[*] [0mFuzzing test case #817 (1494 total, 0 uniq crashes found)...[0m
[1;94m[*] [0mFuzzing test case #818 (1494 total, 0 uniq crashes found)...[0m
scheduled max input!!!!
schedule: 8 level4_2/ijon_max/8
[1;94m[*] [0mFuzzing test case #819 (1494 total, 0 uniq crashes found)...[0m
[1;94m[*] [0mFuzzing test case #820 (1494 total, 0 uniq crashes found)...[0m
scheduled max input!!!!
schedule: 7 level4_2/ijon_max/7
[1;94m[*] [0mFuzzing test case #821 (1494 total, 0 uniq crashes found)...[0m
scheduled max input!!!!
schedule: 9 level4_2/ijon_max/9
[1;94m[*] [0mFuzzing test case #822 (1494 total, 0 uniq crashes found)...[0m
scheduled max input!!!!
schedule: 13 level4_2/ijon_max/13
[1;94m[*] [0mFuzzing test case #823 (1494 total, 0 uniq crashes found)...[0m
scheduled max input!!!!
schedule: 8 level4_2/ijon_max/8
[1;94m[*] [0mFuzzing test case #824 (1494 total, 0 uniq crashes found)...[0m
scheduled max input!!!!
schedule: 12 level4_2/ijon_max/12
[1;94m[*] [0mFuzzing test case #825 (1494 total, 0 uniq crashes found)...[0m
scheduled max input!!!!
schedule: 10 level4_2/ijon_max/10
[1;94m[*] [0mFuzzing test case #826 (1494 total, 0 uniq crashes found)...[0m
scheduled max input!!!!
schedule: 2 level4_2/ijon_max/2
[1;94m[*] [0mFuzzing test case #827 (1494 total, 0 uniq crashes found)...[0m
[1;94m[*] [0mFuzzing test case #828 (1494 total, 0 uniq crashes found)...[0m
scheduled max input!!!!
schedule: 13 level4_2/ijon_max/13
[1;94m[*] [0mFuzzing test case #829 (1494 total, 0 uniq crashes found)...[0m
scheduled max input!!!!
schedule: 13 level4_2/ijon_max/13
[1;94m[*] [0mFuzzing test case #830 (1494 total, 0 uniq crashes found)...[0m
scheduled max input!!!!
schedule: 4 level4_2/ijon_max/4
[1;94m[*] [0mFuzzing test case #831 (1494 total, 0 uniq crashes found)...[0m
scheduled max input!!!!
schedule: 2 level4_2/ijon_max/2
[1;94m[*] [0mFuzzing test case #832 (1494 total, 0 uniq crashes found)...[0m
[1;94m[*] [0mFuzzing test case #833 (1494 total, 0 uniq crashes found)...[0m
scheduled max input!!!!
schedule: 4 level4_2/ijon_max/4
[1;94m[*] [0mFuzzing test case #834 (1494 total, 0 uniq crashes found)...[0m
scheduled max input!!!!
schedule: 5 level4_2/ijon_max/5
[1;94m[*] [0mFuzzing test case #835 (1494 total, 0 uniq crashes found)...[0m
scheduled max input!!!!
schedule: 14 level4_2/ijon_max/14
[1;94m[*] [0mFuzzing test case #836 (1494 total, 0 uniq crashes found)...[0m
scheduled max input!!!!
schedule: 4 level4_2/ijon_max/4
[1;94m[*] [0mFuzzing test case #837 (1494 total, 0 uniq crashes found)...[0m
scheduled max input!!!!
schedule: 9 level4_2/ijon_max/9
[1;94m[*] [0mFuzzing test case #838 (1494 total, 0 uniq crashes found)...[0m
scheduled max input!!!!
schedule: 7 level4_2/ijon_max/7
[1;94m[*] [0mFuzzing test case #839 (1494 total, 0 uniq crashes found)...[0m
scheduled max input!!!!
schedule: 12 level4_2/ijon_max/12
[1;94m[*] [0mFuzzing test case #840 (1494 total, 0 uniq crashes found)...[0m
[1;94m[*] [0mFuzzing test case #841 (1494 total, 0 uniq crashes found)...[0m
scheduled max input!!!!
schedule: 9 level4_2/ijon_max/9
[1;94m[*] [0mFuzzing test case #842 (1494 total, 0 uniq crashes found)...[0m
scheduled max input!!!!
schedule: 13 level4_2/ijon_max/13
[1;94m[*] [0mFuzzing test case #843 (1494 total, 0 uniq crashes found)...[0m
[1;94m[*] [0mFuzzing test case #844 (1494 total, 0 uniq crashes found)...[0m
scheduled max input!!!!
schedule: 13 level4_2/ijon_max/13
[1;94m[*] [0mFuzzing test case #845 (1494 total, 0 uniq crashes found)...[0m
[1;94m[*] [0mFuzzing test case #846 (1494 total, 0 uniq crashes found)...[0m
scheduled max input!!!!
schedule: 3 level4_2/ijon_max/3
[1;94m[*] [0mFuzzing test case #847 (1494 total, 0 uniq crashes found)...[0m
scheduled max input!!!!
schedule: 10 level4_2/ijon_max/10
[1;94m[*] [0mFuzzing test case #848 (1494 total, 0 uniq crashes found)...[0m
scheduled max input!!!!
schedule: 0 level4_2/ijon_max/0
[1;94m[*] [0mFuzzing test case #849 (1494 total, 0 uniq crashes found)...[0m
scheduled max input!!!!
schedule: 7 level4_2/ijon_max/7
[1;94m[*] [0mFuzzing test case #850 (1494 total, 0 uniq crashes found)...[0m
scheduled max input!!!!
schedule: 11 level4_2/ijon_max/11
[1;94m[*] [0mFuzzing test case #851 (1494 total, 0 uniq crashes found)...[0m
scheduled max input!!!!
schedule: 4 level4_2/ijon_max/4
[1;94m[*] [0mFuzzing test case #852 (1494 total, 0 uniq crashes found)...[0m
scheduled max input!!!!
schedule: 2 level4_2/ijon_max/2
[1;94m[*] [0mFuzzing test case #853 (1494 total, 0 uniq crashes found)...[0m
[1;94m[*] [0mFuzzing test case #854 (1494 total, 0 uniq crashes found)...[0m
scheduled max input!!!!
schedule: 0 level4_2/ijon_max/0
[1;94m[*] [0mFuzzing test case #855 (1494 total, 0 uniq crashes found)...[0m
[1;94m[*] [0mFuzzing test case #856 (1494 total, 0 uniq crashes found)...[0m
scheduled max input!!!!
schedule: 10 level4_2/ijon_max/10
[1;94m[*] [0mFuzzing test case #857 (1494 total, 0 uniq crashes found)...[0m
[1;94m[*] [0mFuzzing test case #858 (1494 total, 0 uniq crashes found)...[0m
[1;94m[*] [0mFuzzing test case #859 (1494 total, 0 uniq crashes found)...[0m
scheduled max input!!!!
schedule: 0 level4_2/ijon_max/0
[1;94m[*] [0mFuzzing test case #860 (1494 total, 0 uniq crashes found)...[0m
[1;94m[*] [0mFuzzing test case #861 (1494 total, 0 uniq crashes found)...[0m
scheduled max input!!!!
schedule: 12 level4_2/ijon_max/12
[1;94m[*] [0mFuzzing test case #862 (1494 total, 0 uniq crashes found)...[0m
scheduled max input!!!!
schedule: 9 level4_2/ijon_max/9
[1;94m[*] [0mFuzzing test case #863 (1494 total, 0 uniq crashes found)...[0m
scheduled max input!!!!
schedule: 3 level4_2/ijon_max/3
[1;94m[*] [0mFuzzing test case #864 (1494 total, 0 uniq crashes found)...[0m
scheduled max input!!!!
schedule: 1 level4_2/ijon_max/1
[1;94m[*] [0mFuzzing test case #865 (1494 total, 0 uniq crashes found)...[0m
scheduled max input!!!!
schedule: 7 level4_2/ijon_max/7
[1;94m[*] [0mFuzzing test case #866 (1494 total, 0 uniq crashes found)...[0m
scheduled max input!!!!
schedule: 8 level4_2/ijon_max/8
[1;94m[*] [0mFuzzing test case #867 (1494 total, 0 uniq crashes found)...[0m
[1;94m[*] [0mFuzzing test case #868 (1494 total, 0 uniq crashes found)...[0m
scheduled max input!!!!
schedule: 4 level4_2/ijon_max/4
[1;94m[*] [0mFuzzing test case #869 (1494 total, 0 uniq crashes found)...[0m
[1;94m[*] [0mFuzzing test case #870 (1494 total, 0 uniq crashes found)...[0m
[1;94m[*] [0mFuzzing test case #871 (1494 total, 0 uniq crashes found)...[0m
scheduled max input!!!!
schedule: 6 level4_2/ijon_max/6
[1;94m[*] [0mFuzzing test case #872 (1494 total, 0 uniq crashes found)...[0m
[1;94m[*] [0mFuzzing test case #873 (1494 total, 0 uniq crashes found)...[0m
[1;94m[*] [0mFuzzing test case #874 (1494 total, 0 uniq crashes found)...[0m
scheduled max input!!!!
schedule: 12 level4_2/ijon_max/12
[1;94m[*] [0mFuzzing test case #875 (1494 total, 0 uniq crashes found)...[0m
scheduled max input!!!!
schedule: 7 level4_2/ijon_max/7
[1;94m[*] [0mFuzzing test case #876 (1494 total, 0 uniq crashes found)...[0m
[1;94m[*] [0mFuzzing test case #877 (1494 total, 0 uniq crashes found)...[0m
scheduled max input!!!!
schedule: 5 level4_2/ijon_max/5
[1;94m[*] [0mFuzzing test case #878 (1494 total, 0 uniq crashes found)...[0m
scheduled max input!!!!
schedule: 9 level4_2/ijon_max/9
[1;94m[*] [0mFuzzing test case #879 (1494 total, 0 uniq crashes found)...[0m
scheduled max input!!!!
schedule: 10 level4_2/ijon_max/10
[1;94m[*] [0mFuzzing test case #880 (1494 total, 0 uniq crashes found)...[0m
scheduled max input!!!!
schedule: 13 level4_2/ijon_max/13
[1;94m[*] [0mFuzzing test case #881 (1494 total, 0 uniq crashes found)...[0m
scheduled max input!!!!
schedule: 10 level4_2/ijon_max/10
[1;94m[*] [0mFuzzing test case #882 (1494 total, 0 uniq crashes found)...[0m
[1;94m[*] [0mFuzzing test case #883 (1494 total, 0 uniq crashes found)...[0m
scheduled max input!!!!
schedule: 3 level4_2/ijon_max/3
[1;94m[*] [0mFuzzing test case #884 (1494 total, 0 uniq crashes found)...[0m
scheduled max input!!!!
schedule: 14 level4_2/ijon_max/14
[1;94m[*] [0mFuzzing test case #885 (1494 total, 0 uniq crashes found)...[0m
scheduled max input!!!!
schedule: 6 level4_2/ijon_max/6
[1;94m[*] [0mFuzzing test case #886 (1494 total, 0 uniq crashes found)...[0m
[1;94m[*] [0mFuzzing test case #887 (1494 total, 0 uniq crashes found)...[0m
[1;94m[*] [0mFuzzing test case #888 (1494 total, 0 uniq crashes found)...[0m
scheduled max input!!!!
schedule: 1 level4_2/ijon_max/1
[1;94m[*] [0mFuzzing test case #889 (1494 total, 0 uniq crashes found)...[0m
scheduled max input!!!!
schedule: 5 level4_2/ijon_max/5
[1;94m[*] [0mFuzzing test case #890 (1494 total, 0 uniq crashes found)...[0m
[1;94m[*] [0mFuzzing test case #891 (1494 total, 0 uniq crashes found)...[0m
scheduled max input!!!!
schedule: 0 level4_2/ijon_max/0
[1;94m[*] [0mFuzzing test case #892 (1494 total, 0 uniq crashes found)...[0m
scheduled max input!!!!
schedule: 1 level4_2/ijon_max/1
[1;94m[*] [0mFuzzing test case #893 (1494 total, 0 uniq crashes found)...[0m
scheduled max input!!!!
schedule: 11 level4_2/ijon_max/11
[1;94m[*] [0mFuzzing test case #894 (1494 total, 0 uniq crashes found)...[0m
scheduled max input!!!!
schedule: 10 level4_2/ijon_max/10
[1;94m[*] [0mFuzzing test case #895 (1494 total, 0 uniq crashes found)...[0m
scheduled max input!!!!
schedule: 14 level4_2/ijon_max/14
[1;94m[*] [0mFuzzing test case #896 (1494 total, 0 uniq crashes found)...[0m
scheduled max input!!!!
schedule: 10 level4_2/ijon_max/10
[1;94m[*] [0mFuzzing test case #897 (1494 total, 0 uniq crashes found)...[0m
scheduled max input!!!!
schedule: 9 level4_2/ijon_max/9
[1;94m[*] [0mFuzzing test case #898 (1494 total, 0 uniq crashes found)...[0m
scheduled max input!!!!
schedule: 10 level4_2/ijon_max/10
[1;94m[*] [0mFuzzing test case #899 (1494 total, 0 uniq crashes found)...[0m
scheduled max input!!!!
schedule: 2 level4_2/ijon_max/2
[1;94m[*] [0mFuzzing test case #900 (1495 total, 0 uniq crashes found)...[0m
scheduled max input!!!!
schedule: 10 level4_2/ijon_max/10
[1;94m[*] [0mFuzzing test case #901 (1495 total, 0 uniq crashes found)...[0m
[1;94m[*] [0mFuzzing test case #902 (1495 total, 0 uniq crashes found)...[0m
scheduled max input!!!!
schedule: 9 level4_2/ijon_max/9
[1;94m[*] [0mFuzzing test case #903 (1495 total, 0 uniq crashes found)...[0m
scheduled max input!!!!
schedule: 1 level4_2/ijon_max/1
[1;94m[*] [0mFuzzing test case #904 (1495 total, 0 uniq crashes found)...[0m
[1;94m[*] [0mFuzzing test case #905 (1495 total, 0 uniq crashes found)...[0m
scheduled max input!!!!
schedule: 11 level4_2/ijon_max/11
[1;94m[*] [0mFuzzing test case #906 (1495 total, 0 uniq crashes found)...[0m
[1;94m[*] [0mFuzzing test case #907 (1495 total, 0 uniq crashes found)...[0m
scheduled max input!!!!
schedule: 9 level4_2/ijon_max/9
[1;94m[*] [0mFuzzing test case #908 (1496 total, 0 uniq crashes found)...[0m
[1;94m[*] [0mFuzzing test case #909 (1496 total, 0 uniq crashes found)...[0m
scheduled max input!!!!
schedule: 5 level4_2/ijon_max/5
[1;94m[*] [0mFuzzing test case #910 (1496 total, 0 uniq crashes found)...[0m
scheduled max input!!!!
schedule: 0 level4_2/ijon_max/0
[1;94m[*] [0mFuzzing test case #911 (1496 total, 0 uniq crashes found)...[0m
scheduled max input!!!!
schedule: 6 level4_2/ijon_max/6
[1;94m[*] [0mFuzzing test case #912 (1496 total, 0 uniq crashes found)...[0m
scheduled max input!!!!
schedule: 7 level4_2/ijon_max/7
[1;94m[*] [0mFuzzing test case #913 (1496 total, 0 uniq crashes found)...[0m
scheduled max input!!!!
schedule: 0 level4_2/ijon_max/0
[1;94m[*] [0mFuzzing test case #914 (1496 total, 0 uniq crashes found)...[0m
scheduled max input!!!!
schedule: 11 level4_2/ijon_max/11
[1;94m[*] [0mFuzzing test case #915 (1496 total, 0 uniq crashes found)...[0m
[1;94m[*] [0mFuzzing test case #916 (1496 total, 0 uniq crashes found)...[0m
[1;94m[*] [0mFuzzing test case #917 (1496 total, 0 uniq crashes found)...[0m
[1;94m[*] [0mFuzzing test case #918 (1496 total, 0 uniq crashes found)...[0m
scheduled max input!!!!
schedule: 14 level4_2/ijon_max/14
[1;94m[*] [0mFuzzing test case #919 (1496 total, 0 uniq crashes found)...[0m
scheduled max input!!!!
schedule: 9 level4_2/ijon_max/9
[1;94m[*] [0mFuzzing test case #920 (1496 total, 0 uniq crashes found)...[0m
scheduled max input!!!!
schedule: 4 level4_2/ijon_max/4
[1;94m[*] [0mFuzzing test case #921 (1496 total, 0 uniq crashes found)...[0m
scheduled max input!!!!
schedule: 4 level4_2/ijon_max/4
[1;94m[*] [0mFuzzing test case #922 (1496 total, 0 uniq crashes found)...[0m
scheduled max input!!!!
schedule: 15 level4_2/ijon_max/15
[1;94m[*] [0mFuzzing test case #923 (1496 total, 0 uniq crashes found)...[0m
scheduled max input!!!!
schedule: 14 level4_2/ijon_max/14
[1;94m[*] [0mFuzzing test case #924 (1496 total, 0 uniq crashes found)...[0m
scheduled max input!!!!
schedule: 10 level4_2/ijon_max/10
[1;94m[*] [0mFuzzing test case #925 (1496 total, 0 uniq crashes found)...[0m
scheduled max input!!!!
schedule: 0 level4_2/ijon_max/0
[1;94m[*] [0mFuzzing test case #926 (1496 total, 0 uniq crashes found)...[0m
[1;94m[*] [0mFuzzing test case #927 (1496 total, 0 uniq crashes found)...[0m
[1;94m[*] [0mFuzzing test case #928 (1496 total, 0 uniq crashes found)...[0m
scheduled max input!!!!
schedule: 12 level4_2/ijon_max/12
[1;94m[*] [0mFuzzing test case #929 (1496 total, 0 uniq crashes found)...[0m
scheduled max input!!!!
schedule: 6 level4_2/ijon_max/6
[1;94m[*] [0mFuzzing test case #930 (1496 total, 0 uniq crashes found)...[0m
scheduled max input!!!!
schedule: 8 level4_2/ijon_max/8
[1;94m[*] [0mFuzzing test case #931 (1496 total, 0 uniq crashes found)...[0m
[1;94m[*] [0mFuzzing test case #932 (1496 total, 0 uniq crashes found)...[0m
scheduled max input!!!!
schedule: 15 level4_2/ijon_max/15
[1;94m[*] [0mFuzzing test case #933 (1496 total, 0 uniq crashes found)...[0m
scheduled max input!!!!
schedule: 2 level4_2/ijon_max/2
[1;94m[*] [0mFuzzing test case #934 (1496 total, 0 uniq crashes found)...[0m
[1;94m[*] [0mFuzzing test case #935 (1496 total, 0 uniq crashes found)...[0m
scheduled max input!!!!
schedule: 0 level4_2/ijon_max/0
[1;94m[*] [0mFuzzing test case #936 (1496 total, 0 uniq crashes found)...[0m
scheduled max input!!!!
schedule: 8 level4_2/ijon_max/8
[1;94m[*] [0mFuzzing test case #937 (1496 total, 0 uniq crashes found)...[0m
[1;94m[*] [0mFuzzing test case #938 (1496 total, 0 uniq crashes found)...[0m
[1;94m[*] [0mFuzzing test case #939 (1496 total, 0 uniq crashes found)...[0m
scheduled max input!!!!
schedule: 15 level4_2/ijon_max/15
[1;94m[*] [0mFuzzing test case #940 (1496 total, 0 uniq crashes found)...[0m
scheduled max input!!!!
schedule: 9 level4_2/ijon_max/9
[1;94m[*] [0mFuzzing test case #941 (1496 total, 0 uniq crashes found)...[0m
scheduled max input!!!!
schedule: 9 level4_2/ijon_max/9
[1;94m[*] [0mFuzzing test case #942 (1496 total, 0 uniq crashes found)...[0m
scheduled max input!!!!
schedule: 1 level4_2/ijon_max/1
[1;94m[*] [0mFuzzing test case #943 (1496 total, 0 uniq crashes found)...[0m
scheduled max input!!!!
schedule: 14 level4_2/ijon_max/14
[1;94m[*] [0mFuzzing test case #944 (1496 total, 0 uniq crashes found)...[0m
scheduled max input!!!!
schedule: 1 level4_2/ijon_max/1
[1;94m[*] [0mFuzzing test case #945 (1496 total, 0 uniq crashes found)...[0m
scheduled max input!!!!
schedule: 1 level4_2/ijon_max/1
[1;94m[*] [0mFuzzing test case #946 (1496 total, 0 uniq crashes found)...[0m
scheduled max input!!!!
schedule: 7 level4_2/ijon_max/7
[1;94m[*] [0mFuzzing test case #947 (1496 total, 0 uniq crashes found)...[0m
[1;94m[*] [0mFuzzing test case #948 (1496 total, 0 uniq crashes found)...[0m
scheduled max input!!!!
schedule: 4 level4_2/ijon_max/4
[1;94m[*] [0mFuzzing test case #949 (1496 total, 0 uniq crashes found)...[0m
scheduled max input!!!!
schedule: 3 level4_2/ijon_max/3
[1;94m[*] [0mFuzzing test case #950 (1497 total, 0 uniq crashes found)...[0m
scheduled max input!!!!
schedule: 2 level4_2/ijon_max/2
[1;94m[*] [0mFuzzing test case #951 (1497 total, 0 uniq crashes found)...[0m
scheduled max input!!!!
schedule: 10 level4_2/ijon_max/10
[1;94m[*] [0mFuzzing test case #952 (1497 total, 0 uniq crashes found)...[0m
[1;94m[*] [0mFuzzing test case #953 (1497 total, 0 uniq crashes found)...[0m
[1;94m[*] [0mFuzzing test case #954 (1497 total, 0 uniq crashes found)...[0m
[1;94m[*] [0mFuzzing test case #955 (1497 total, 0 uniq crashes found)...[0m
[1;94m[*] [0mFuzzing test case #956 (1497 total, 0 uniq crashes found)...[0m
scheduled max input!!!!
schedule: 6 level4_2/ijon_max/6
[1;94m[*] [0mFuzzing test case #957 (1497 total, 0 uniq crashes found)...[0m
scheduled max input!!!!
schedule: 9 level4_2/ijon_max/9
[1;94m[*] [0mFuzzing test case #958 (1499 total, 0 uniq crashes found)...[0m
scheduled max input!!!!
schedule: 12 level4_2/ijon_max/12
[1;94m[*] [0mFuzzing test case #959 (1499 total, 0 uniq crashes found)...[0m
[1;94m[*] [0mFuzzing test case #960 (1499 total, 0 uniq crashes found)...[0m
scheduled max input!!!!
schedule: 14 level4_2/ijon_max/14
[1;94m[*] [0mFuzzing test case #961 (1499 total, 0 uniq crashes found)...[0m
[1;94m[*] [0mFuzzing test case #962 (1499 total, 0 uniq crashes found)...[0m
scheduled max input!!!!
schedule: 3 level4_2/ijon_max/3
[1;94m[*] [0mFuzzing test case #963 (1499 total, 0 uniq crashes found)...[0m
scheduled max input!!!!
schedule: 4 level4_2/ijon_max/4
[1;94m[*] [0mFuzzing test case #964 (1499 total, 0 uniq crashes found)...[0m
[1;94m[*] [0mFuzzing test case #965 (1499 total, 0 uniq crashes found)...[0m
scheduled max input!!!!
schedule: 14 level4_2/ijon_max/14
[1;94m[*] [0mFuzzing test case #966 (1499 total, 0 uniq crashes found)...[0m
scheduled max input!!!!
schedule: 10 level4_2/ijon_max/10
[1;94m[*] [0mFuzzing test case #967 (1499 total, 0 uniq crashes found)...[0m
[1;94m[*] [0mFuzzing test case #968 (1499 total, 0 uniq crashes found)...[0m
scheduled max input!!!!
schedule: 11 level4_2/ijon_max/11
updated maxmap 10: 79e (len: 984)
[1;94m[*] [0mFuzzing test case #969 (1499 total, 0 uniq crashes found)...[0m
scheduled max input!!!!
schedule: 9 level4_2/ijon_max/9
[1;94m[*] [0mFuzzing test case #970 (1499 total, 0 uniq crashes found)...[0m
[1;94m[*] [0mFuzzing test case #971 (1499 total, 0 uniq crashes found)...[0m
scheduled max input!!!!
schedule: 11 level4_2/ijon_max/11
[1;94m[*] [0mFuzzing test case #972 (1499 total, 0 uniq crashes found)...[0m
scheduled max input!!!!
schedule: 0 level4_2/ijon_max/0
[1;94m[*] [0mFuzzing test case #973 (1499 total, 0 uniq crashes found)...[0m
scheduled max input!!!!
schedule: 15 level4_2/ijon_max/15
[1;94m[*] [0mFuzzing test case #974 (1499 total, 0 uniq crashes found)...[0m
scheduled max input!!!!
schedule: 14 level4_2/ijon_max/14
[1;94m[*] [0mFuzzing test case #975 (1499 total, 0 uniq crashes found)...[0m
[1;94m[*] [0mFuzzing test case #976 (1499 total, 0 uniq crashes found)...[0m
scheduled max input!!!!
schedule: 11 level4_2/ijon_max/11
[1;94m[*] [0mFuzzing test case #977 (1499 total, 0 uniq crashes found)...[0m
scheduled max input!!!!
schedule: 5 level4_2/ijon_max/5
[1;94m[*] [0mFuzzing test case #978 (1499 total, 0 uniq crashes found)...[0m
[1;94m[*] [0mFuzzing test case #979 (1499 total, 0 uniq crashes found)...[0m
scheduled max input!!!!
schedule: 12 level4_2/ijon_max/12
[1;94m[*] [0mFuzzing test case #980 (1499 total, 0 uniq crashes found)...[0m
scheduled max input!!!!
schedule: 0 level4_2/ijon_max/0
[1;94m[*] [0mFuzzing test case #981 (1499 total, 0 uniq crashes found)...[0m
scheduled max input!!!!
schedule: 4 level4_2/ijon_max/4
[1;94m[*] [0mFuzzing test case #982 (1499 total, 0 uniq crashes found)...[0m
[1;94m[*] [0mFuzzing test case #983 (1499 total, 0 uniq crashes found)...[0m
scheduled max input!!!!
schedule: 9 level4_2/ijon_max/9
[1;94m[*] [0mFuzzing test case #984 (1499 total, 0 uniq crashes found)...[0m
scheduled max input!!!!
schedule: 15 level4_2/ijon_max/15
[1;94m[*] [0mFuzzing test case #985 (1499 total, 0 uniq crashes found)...[0m
[1;94m[*] [0mFuzzing test case #986 (1499 total, 0 uniq crashes found)...[0m
scheduled max input!!!!
schedule: 15 level4_2/ijon_max/15
[1;94m[*] [0mFuzzing test case #987 (1499 total, 0 uniq crashes found)...[0m
scheduled max input!!!!
schedule: 5 level4_2/ijon_max/5
[1;94m[*] [0mFuzzing test case #988 (1499 total, 0 uniq crashes found)...[0m
scheduled max input!!!!
schedule: 15 level4_2/ijon_max/15
[1;94m[*] [0mFuzzing test case #989 (1499 total, 0 uniq crashes found)...[0m
scheduled max input!!!!
schedule: 13 level4_2/ijon_max/13
[1;94m[*] [0mFuzzing test case #990 (1499 total, 0 uniq crashes found)...[0m
scheduled max input!!!!
schedule: 8 level4_2/ijon_max/8
[1;94m[*] [0mFuzzing test case #991 (1499 total, 0 uniq crashes found)...[0m
scheduled max input!!!!
schedule: 2 level4_2/ijon_max/2
[1;94m[*] [0mFuzzing test case #992 (1499 total, 0 uniq crashes found)...[0m
scheduled max input!!!!
schedule: 4 level4_2/ijon_max/4
[1;94m[*] [0mFuzzing test case #993 (1499 total, 0 uniq crashes found)...[0m
scheduled max input!!!!
schedule: 10 level4_2/ijon_max/10
[1;94m[*] [0mFuzzing test case #994 (1499 total, 0 uniq crashes found)...[0m
scheduled max input!!!!
schedule: 2 level4_2/ijon_max/2
[1;94m[*] [0mFuzzing test case #995 (1499 total, 0 uniq crashes found)...[0m
scheduled max input!!!!
schedule: 6 level4_2/ijon_max/6
[1;94m[*] [0mFuzzing test case #996 (1499 total, 0 uniq crashes found)...[0m
scheduled max input!!!!
schedule: 14 level4_2/ijon_max/14
[1;94m[*] [0mFuzzing test case #997 (1499 total, 0 uniq crashes found)...[0m
scheduled max input!!!!
schedule: 2 level4_2/ijon_max/2
[1;94m[*] [0mFuzzing test case #998 (1499 total, 0 uniq crashes found)...[0m
scheduled max input!!!!
schedule: 13 level4_2/ijon_max/13
[1;94m[*] [0mFuzzing test case #999 (1499 total, 0 uniq crashes found)...[0m
scheduled max input!!!!
schedule: 6 level4_2/ijon_max/6
[1;94m[*] [0mFuzzing test case #1000 (1499 total, 0 uniq crashes found)...[0m
[1;94m[*] [0mFuzzing test case #1001 (1499 total, 0 uniq crashes found)...[0m
scheduled max input!!!!
schedule: 0 level4_2/ijon_max/0
[1;94m[*] [0mFuzzing test case #1002 (1499 total, 0 uniq crashes found)...[0m
scheduled max input!!!!
schedule: 8 level4_2/ijon_max/8
[1;94m[*] [0mFuzzing test case #1003 (1499 total, 0 uniq crashes found)...[0m
scheduled max input!!!!
schedule: 3 level4_2/ijon_max/3
[1;94m[*] [0mFuzzing test case #1004 (1499 total, 0 uniq crashes found)...[0m
scheduled max input!!!!
schedule: 0 level4_2/ijon_max/0
[1;94m[*] [0mFuzzing test case #1005 (1499 total, 0 uniq crashes found)...[0m
scheduled max input!!!!
schedule: 12 level4_2/ijon_max/12
[1;94m[*] [0mFuzzing test case #1006 (1499 total, 0 uniq crashes found)...[0m
scheduled max input!!!!
schedule: 7 level4_2/ijon_max/7
[1;94m[*] [0mFuzzing test case #1007 (1499 total, 0 uniq crashes found)...[0m
scheduled max input!!!!
schedule: 10 level4_2/ijon_max/10
[1;94m[*] [0mFuzzing test case #1008 (1499 total, 0 uniq crashes found)...[0m
scheduled max input!!!!
schedule: 13 level4_2/ijon_max/13
[1;94m[*] [0mFuzzing test case #1009 (1499 total, 0 uniq crashes found)...[0m
scheduled max input!!!!
schedule: 0 level4_2/ijon_max/0
[1;94m[*] [0mFuzzing test case #1010 (1499 total, 0 uniq crashes found)...[0m
[1;94m[*] [0mFuzzing test case #1011 (1499 total, 0 uniq crashes found)...[0m
scheduled max input!!!!
schedule: 7 level4_2/ijon_max/7
[1;94m[*] [0mFuzzing test case #1012 (1499 total, 0 uniq crashes found)...[0m
[1;94m[*] [0mFuzzing test case #1013 (1499 total, 0 uniq crashes found)...[0m
scheduled max input!!!!
schedule: 10 level4_2/ijon_max/10
[1;94m[*] [0mFuzzing test case #1014 (1499 total, 0 uniq crashes found)...[0m
scheduled max input!!!!
schedule: 10 level4_2/ijon_max/10
[1;94m[*] [0mFuzzing test case #1015 (1499 total, 0 uniq crashes found)...[0m
scheduled max input!!!!
schedule: 8 level4_2/ijon_max/8
[1;94m[*] [0mFuzzing test case #1016 (1499 total, 0 uniq crashes found)...[0m
[1;94m[*] [0mFuzzing test case #1017 (1499 total, 0 uniq crashes found)...[0m
scheduled max input!!!!
schedule: 6 level4_2/ijon_max/6
[1;94m[*] [0mFuzzing test case #1018 (1499 total, 0 uniq crashes found)...[0m
scheduled max input!!!!
schedule: 10 level4_2/ijon_max/10
[1;94m[*] [0mFuzzing test case #1019 (1499 total, 0 uniq crashes found)...[0m
[1;94m[*] [0mFuzzing test case #1020 (1499 total, 0 uniq crashes found)...[0m
[1;94m[*] [0mFuzzing test case #1021 (1499 total, 0 uniq crashes found)...[0m
scheduled max input!!!!
schedule: 10 level4_2/ijon_max/10
[1;94m[*] [0mFuzzing test case #1022 (1499 total, 0 uniq crashes found)...[0m
scheduled max input!!!!
schedule: 2 level4_2/ijon_max/2
[1;94m[*] [0mFuzzing test case #1023 (1499 total, 0 uniq crashes found)...[0m
scheduled max input!!!!
schedule: 14 level4_2/ijon_max/14
[1;94m[*] [0mFuzzing test case #1024 (1499 total, 0 uniq crashes found)...[0m
scheduled max input!!!!
schedule: 14 level4_2/ijon_max/14
[1;94m[*] [0mFuzzing test case #1025 (1499 total, 0 uniq crashes found)...[0m
[1;94m[*] [0mFuzzing test case #1026 (1499 total, 0 uniq crashes found)...[0m
[1;94m[*] [0mFuzzing test case #1027 (1499 total, 0 uniq crashes found)...[0m
scheduled max input!!!!
schedule: 11 level4_2/ijon_max/11
[1;94m[*] [0mFuzzing test case #1028 (1499 total, 0 uniq crashes found)...[0m
scheduled max input!!!!
schedule: 10 level4_2/ijon_max/10
[1;94m[*] [0mFuzzing test case #1029 (1499 total, 0 uniq crashes found)...[0m
scheduled max input!!!!
schedule: 7 level4_2/ijon_max/7
[1;94m[*] [0mFuzzing test case #1030 (1499 total, 0 uniq crashes found)...[0m
scheduled max input!!!!
schedule: 2 level4_2/ijon_max/2
[1;94m[*] [0mFuzzing test case #1031 (1499 total, 0 uniq crashes found)...[0m
scheduled max input!!!!
schedule: 2 level4_2/ijon_max/2
[1;94m[*] [0mFuzzing test case #1032 (1499 total, 0 uniq crashes found)...[0m
[1;94m[*] [0mFuzzing test case #1033 (1499 total, 0 uniq crashes found)...[0m
[1;94m[*] [0mFuzzing test case #1034 (1499 total, 0 uniq crashes found)...[0m
scheduled max input!!!!
schedule: 15 level4_2/ijon_max/15
[1;94m[*] [0mFuzzing test case #1035 (1499 total, 0 uniq crashes found)...[0m
scheduled max input!!!!
schedule: 4 level4_2/ijon_max/4
[1;94m[*] [0mFuzzing test case #1036 (1499 total, 0 uniq crashes found)...[0m
[1;94m[*] [0mFuzzing test case #1037 (1499 total, 0 uniq crashes found)...[0m
[1;94m[*] [0mFuzzing test case #1038 (1499 total, 0 uniq crashes found)...[0m
scheduled max input!!!!
schedule: 10 level4_2/ijon_max/10
[1;94m[*] [0mFuzzing test case #1039 (1499 total, 0 uniq crashes found)...[0m
[1;94m[*] [0mFuzzing test case #1040 (1499 total, 0 uniq crashes found)...[0m
scheduled max input!!!!
schedule: 0 level4_2/ijon_max/0
[1;94m[*] [0mFuzzing test case #1041 (1499 total, 0 uniq crashes found)...[0m
[1;94m[*] [0mFuzzing test case #1042 (1499 total, 0 uniq crashes found)...[0m
[1;94m[*] [0mFuzzing test case #1043 (1499 total, 0 uniq crashes found)...[0m
scheduled max input!!!!
schedule: 9 level4_2/ijon_max/9
[1;94m[*] [0mFuzzing test case #1044 (1500 total, 0 uniq crashes found)...[0m
[1;94m[*] [0mFuzzing test case #1045 (1500 total, 0 uniq crashes found)...[0m
scheduled max input!!!!
schedule: 0 level4_2/ijon_max/0
[1;94m[*] [0mFuzzing test case #1046 (1500 total, 0 uniq crashes found)...[0m
scheduled max input!!!!
schedule: 6 level4_2/ijon_max/6
[1;94m[*] [0mFuzzing test case #1047 (1500 total, 0 uniq crashes found)...[0m
scheduled max input!!!!
schedule: 0 level4_2/ijon_max/0
[1;94m[*] [0mFuzzing test case #1048 (1500 total, 0 uniq crashes found)...[0m
scheduled max input!!!!
schedule: 11 level4_2/ijon_max/11
[1;94m[*] [0mFuzzing test case #1049 (1500 total, 0 uniq crashes found)...[0m
scheduled max input!!!!
schedule: 7 level4_2/ijon_max/7
[1;94m[*] [0mFuzzing test case #1050 (1500 total, 0 uniq crashes found)...[0m
[1;94m[*] [0mFuzzing test case #1051 (1500 total, 0 uniq crashes found)...[0m
scheduled max input!!!!
schedule: 2 level4_2/ijon_max/2
[1;94m[*] [0mFuzzing test case #1052 (1500 total, 0 uniq crashes found)...[0m
scheduled max input!!!!
schedule: 13 level4_2/ijon_max/13
[1;94m[*] [0mFuzzing test case #1053 (1500 total, 0 uniq crashes found)...[0m
scheduled max input!!!!
schedule: 4 level4_2/ijon_max/4
[1;94m[*] [0mFuzzing test case #1054 (1500 total, 0 uniq crashes found)...[0m
scheduled max input!!!!
schedule: 2 level4_2/ijon_max/2
[1;94m[*] [0mFuzzing test case #1055 (1500 total, 0 uniq crashes found)...[0m
[1;94m[*] [0mFuzzing test case #1056 (1500 total, 0 uniq crashes found)...[0m
scheduled max input!!!!
schedule: 8 level4_2/ijon_max/8
[1;94m[*] [0mFuzzing test case #1057 (1500 total, 0 uniq crashes found)...[0m
scheduled max input!!!!
schedule: 6 level4_2/ijon_max/6
[1;94m[*] [0mFuzzing test case #1058 (1500 total, 0 uniq crashes found)...[0m
scheduled max input!!!!
schedule: 9 level4_2/ijon_max/9
[1;94m[*] [0mFuzzing test case #1059 (1500 total, 0 uniq crashes found)...[0m
[1;94m[*] [0mFuzzing test case #1060 (1500 total, 0 uniq crashes found)...[0m
scheduled max input!!!!
schedule: 15 level4_2/ijon_max/15
[1;94m[*] [0mFuzzing test case #1061 (1500 total, 0 uniq crashes found)...[0m
scheduled max input!!!!
schedule: 2 level4_2/ijon_max/2
[1;94m[*] [0mFuzzing test case #1062 (1500 total, 0 uniq crashes found)...[0m
[1;94m[*] [0mFuzzing test case #1063 (1500 total, 0 uniq crashes found)...[0m
[1;94m[*] [0mFuzzing test case #1064 (1500 total, 0 uniq crashes found)...[0m
[1;94m[*] [0mFuzzing test case #1065 (1500 total, 0 uniq crashes found)...[0m
scheduled max input!!!!
schedule: 15 level4_2/ijon_max/15
[1;94m[*] [0mFuzzing test case #1066 (1500 total, 0 uniq crashes found)...[0m
scheduled max input!!!!
schedule: 10 level4_2/ijon_max/10
[1;94m[*] [0mFuzzing test case #1067 (1501 total, 0 uniq crashes found)...[0m
scheduled max input!!!!
schedule: 9 level4_2/ijon_max/9
[1;94m[*] [0mFuzzing test case #1068 (1501 total, 0 uniq crashes found)...[0m
scheduled max input!!!!
schedule: 13 level4_2/ijon_max/13
[1;94m[*] [0mFuzzing test case #1069 (1501 total, 0 uniq crashes found)...[0m
scheduled max input!!!!
schedule: 11 level4_2/ijon_max/11
[1;94m[*] [0mFuzzing test case #1070 (1501 total, 0 uniq crashes found)...[0m
scheduled max input!!!!
schedule: 13 level4_2/ijon_max/13
[1;94m[*] [0mFuzzing test case #1071 (1501 total, 0 uniq crashes found)...[0m
scheduled max input!!!!
schedule: 3 level4_2/ijon_max/3
[1;94m[*] [0mFuzzing test case #1072 (1501 total, 0 uniq crashes found)...[0m
scheduled max input!!!!
schedule: 0 level4_2/ijon_max/0
[1;94m[*] [0mFuzzing test case #1073 (1503 total, 0 uniq crashes found)...[0m
scheduled max input!!!!
schedule: 7 level4_2/ijon_max/7
[1;94m[*] [0mFuzzing test case #1074 (1504 total, 0 uniq crashes found)...[0m
scheduled max input!!!!
schedule: 8 level4_2/ijon_max/8
[1;94m[*] [0mFuzzing test case #1075 (1504 total, 0 uniq crashes found)...[0m
scheduled max input!!!!
schedule: 9 level4_2/ijon_max/9
[1;94m[*] [0mFuzzing test case #1076 (1504 total, 0 uniq crashes found)...[0m
scheduled max input!!!!
schedule: 9 level4_2/ijon_max/9
[1;94m[*] [0mFuzzing test case #1077 (1504 total, 0 uniq crashes found)...[0m
scheduled max input!!!!
schedule: 9 level4_2/ijon_max/9
[1;94m[*] [0mFuzzing test case #1078 (1504 total, 0 uniq crashes found)...[0m
scheduled max input!!!!
schedule: 5 level4_2/ijon_max/5
[1;94m[*] [0mFuzzing test case #1079 (1504 total, 0 uniq crashes found)...[0m
scheduled max input!!!!
schedule: 13 level4_2/ijon_max/13
[1;94m[*] [0mFuzzing test case #1080 (1504 total, 0 uniq crashes found)...[0m
scheduled max input!!!!
schedule: 5 level4_2/ijon_max/5
[1;94m[*] [0mFuzzing test case #1081 (1504 total, 0 uniq crashes found)...[0m
[1;94m[*] [0mFuzzing test case #1082 (1504 total, 0 uniq crashes found)...[0m
[1;94m[*] [0mFuzzing test case #1083 (1504 total, 0 uniq crashes found)...[0m
scheduled max input!!!!
schedule: 10 level4_2/ijon_max/10
[1;94m[*] [0mFuzzing test case #1084 (1504 total, 0 uniq crashes found)...[0m
scheduled max input!!!!
schedule: 6 level4_2/ijon_max/6
[1;94m[*] [0mFuzzing test case #1085 (1504 total, 0 uniq crashes found)...[0m
scheduled max input!!!!
schedule: 15 level4_2/ijon_max/15
[1;94m[*] [0mFuzzing test case #1086 (1504 total, 0 uniq crashes found)...[0m
scheduled max input!!!!
schedule: 12 level4_2/ijon_max/12
[1;94m[*] [0mFuzzing test case #1087 (1504 total, 0 uniq crashes found)...[0m
scheduled max input!!!!
schedule: 9 level4_2/ijon_max/9
[1;94m[*] [0mFuzzing test case #1088 (1504 total, 0 uniq crashes found)...[0m
scheduled max input!!!!
schedule: 7 level4_2/ijon_max/7
[1;94m[*] [0mFuzzing test case #1089 (1504 total, 0 uniq crashes found)...[0m
scheduled max input!!!!
schedule: 14 level4_2/ijon_max/14
[1;94m[*] [0mFuzzing test case #1090 (1504 total, 0 uniq crashes found)...[0m
scheduled max input!!!!
schedule: 12 level4_2/ijon_max/12
[1;94m[*] [0mFuzzing test case #1091 (1504 total, 0 uniq crashes found)...[0m
scheduled max input!!!!
schedule: 0 level4_2/ijon_max/0
[1;94m[*] [0mFuzzing test case #1092 (1504 total, 0 uniq crashes found)...[0m
scheduled max input!!!!
schedule: 14 level4_2/ijon_max/14
[1;94m[*] [0mFuzzing test case #1093 (1504 total, 0 uniq crashes found)...[0m
scheduled max input!!!!
schedule: 11 level4_2/ijon_max/11
[1;94m[*] [0mFuzzing test case #1094 (1504 total, 0 uniq crashes found)...[0m
[1;94m[*] [0mFuzzing test case #1095 (1504 total, 0 uniq crashes found)...[0m
scheduled max input!!!!
schedule: 15 level4_2/ijon_max/15
[1;94m[*] [0mFuzzing test case #1096 (1504 total, 0 uniq crashes found)...[0m
scheduled max input!!!!
schedule: 3 level4_2/ijon_max/3
[1;94m[*] [0mFuzzing test case #1097 (1504 total, 0 uniq crashes found)...[0m
scheduled max input!!!!
schedule: 3 level4_2/ijon_max/3
[1;94m[*] [0mFuzzing test case #1098 (1504 total, 0 uniq crashes found)...[0m
scheduled max input!!!!
schedule: 4 level4_2/ijon_max/4
[1;94m[*] [0mFuzzing test case #1099 (1504 total, 0 uniq crashes found)...[0m
scheduled max input!!!!
schedule: 14 level4_2/ijon_max/14
[1;94m[*] [0mFuzzing test case #1100 (1504 total, 0 uniq crashes found)...[0m
scheduled max input!!!!
schedule: 8 level4_2/ijon_max/8
[1;94m[*] [0mFuzzing test case #1101 (1504 total, 0 uniq crashes found)...[0m
[1;94m[*] [0mFuzzing test case #1102 (1504 total, 0 uniq crashes found)...[0m
scheduled max input!!!!
schedule: 4 level4_2/ijon_max/4
[1;94m[*] [0mFuzzing test case #1103 (1504 total, 0 uniq crashes found)...[0m
scheduled max input!!!!
schedule: 8 level4_2/ijon_max/8
[1;94m[*] [0mFuzzing test case #1104 (1504 total, 0 uniq crashes found)...[0m
scheduled max input!!!!
schedule: 6 level4_2/ijon_max/6
[1;94m[*] [0mFuzzing test case #1105 (1504 total, 0 uniq crashes found)...[0m
[1;94m[*] [0mFuzzing test case #1106 (1504 total, 0 uniq crashes found)...[0m
scheduled max input!!!!
schedule: 14 level4_2/ijon_max/14
[1;94m[*] [0mFuzzing test case #1107 (1504 total, 0 uniq crashes found)...[0m
scheduled max input!!!!
schedule: 1 level4_2/ijon_max/1
[1;94m[*] [0mFuzzing test case #1108 (1504 total, 0 uniq crashes found)...[0m
scheduled max input!!!!
schedule: 1 level4_2/ijon_max/1
[1;94m[*] [0mFuzzing test case #1109 (1504 total, 0 uniq crashes found)...[0m
scheduled max input!!!!
schedule: 12 level4_2/ijon_max/12
[1;94m[*] [0mFuzzing test case #1110 (1504 total, 0 uniq crashes found)...[0m
scheduled max input!!!!
schedule: 11 level4_2/ijon_max/11
[1;94m[*] [0mFuzzing test case #1111 (1504 total, 0 uniq crashes found)...[0m
scheduled max input!!!!
schedule: 12 level4_2/ijon_max/12
[1;94m[*] [0mFuzzing test case #1112 (1504 total, 0 uniq crashes found)...[0m
scheduled max input!!!!
schedule: 11 level4_2/ijon_max/11
[1;94m[*] [0mFuzzing test case #1113 (1504 total, 0 uniq crashes found)...[0m
scheduled max input!!!!
schedule: 11 level4_2/ijon_max/11
[1;94m[*] [0mFuzzing test case #1114 (1504 total, 0 uniq crashes found)...[0m
scheduled max input!!!!
schedule: 8 level4_2/ijon_max/8
[1;94m[*] [0mFuzzing test case #1115 (1504 total, 0 uniq crashes found)...[0m
[1;94m[*] [0mFuzzing test case #1116 (1504 total, 0 uniq crashes found)...[0m
scheduled max input!!!!
schedule: 7 level4_2/ijon_max/7
[1;94m[*] [0mFuzzing test case #1117 (1504 total, 0 uniq crashes found)...[0m
scheduled max input!!!!
schedule: 13 level4_2/ijon_max/13
[1;94m[*] [0mFuzzing test case #1118 (1505 total, 0 uniq crashes found)...[0m
scheduled max input!!!!
schedule: 6 level4_2/ijon_max/6
[1;94m[*] [0mFuzzing test case #1119 (1506 total, 0 uniq crashes found)...[0m
scheduled max input!!!!
schedule: 9 level4_2/ijon_max/9
[1;94m[*] [0mFuzzing test case #1120 (1506 total, 0 uniq crashes found)...[0m
[1;94m[*] [0mFuzzing test case #1121 (1506 total, 0 uniq crashes found)...[0m
scheduled max input!!!!
schedule: 3 level4_2/ijon_max/3
[1;94m[*] [0mFuzzing test case #1122 (1506 total, 0 uniq crashes found)...[0m
[1;94m[*] [0mFuzzing test case #1123 (1506 total, 0 uniq crashes found)...[0m
scheduled max input!!!!
schedule: 12 level4_2/ijon_max/12
[1;94m[*] [0mFuzzing test case #1124 (1506 total, 0 uniq crashes found)...[0m
scheduled max input!!!!
schedule: 7 level4_2/ijon_max/7
[1;94m[*] [0mFuzzing test case #1125 (1508 total, 0 uniq crashes found)...[0m
scheduled max input!!!!
schedule: 11 level4_2/ijon_max/11
[1;94m[*] [0mFuzzing test case #1126 (1508 total, 0 uniq crashes found)...[0m
scheduled max input!!!!
schedule: 8 level4_2/ijon_max/8
[1;94m[*] [0mFuzzing test case #1127 (1508 total, 0 uniq crashes found)...[0m
scheduled max input!!!!
schedule: 14 level4_2/ijon_max/14
[1;94m[*] [0mFuzzing test case #1128 (1508 total, 0 uniq crashes found)...[0m
[1;94m[*] [0mFuzzing test case #1129 (1508 total, 0 uniq crashes found)...[0m
scheduled max input!!!!
schedule: 1 level4_2/ijon_max/1
[1;94m[*] [0mFuzzing test case #1130 (1508 total, 0 uniq crashes found)...[0m
scheduled max input!!!!
schedule: 15 level4_2/ijon_max/15
[1;94m[*] [0mFuzzing test case #1131 (1508 total, 0 uniq crashes found)...[0m
scheduled max input!!!!
schedule: 6 level4_2/ijon_max/6
[1;94m[*] [0mFuzzing test case #1132 (1508 total, 0 uniq crashes found)...[0m
[1;94m[*] [0mFuzzing test case #1133 (1508 total, 0 uniq crashes found)...[0m
[1;94m[*] [0mFuzzing test case #1134 (1508 total, 0 uniq crashes found)...[0m
scheduled max input!!!!
schedule: 1 level4_2/ijon_max/1
[1;94m[*] [0mFuzzing test case #1135 (1508 total, 0 uniq crashes found)...[0m
scheduled max input!!!!
schedule: 1 level4_2/ijon_max/1
[1;94m[*] [0mFuzzing test case #1136 (1508 total, 0 uniq crashes found)...[0m
scheduled max input!!!!
schedule: 5 level4_2/ijon_max/5
[1;94m[*] [0mFuzzing test case #1137 (1508 total, 0 uniq crashes found)...[0m
scheduled max input!!!!
schedule: 7 level4_2/ijon_max/7
[1;94m[*] [0mFuzzing test case #1138 (1508 total, 0 uniq crashes found)...[0m
scheduled max input!!!!
schedule: 14 level4_2/ijon_max/14
[1;94m[*] [0mFuzzing test case #1139 (1508 total, 0 uniq crashes found)...[0m
scheduled max input!!!!
schedule: 3 level4_2/ijon_max/3
[1;94m[*] [0mFuzzing test case #1140 (1508 total, 0 uniq crashes found)...[0m
scheduled max input!!!!
schedule: 1 level4_2/ijon_max/1
[1;94m[*] [0mFuzzing test case #1141 (1508 total, 0 uniq crashes found)...[0m
scheduled max input!!!!
schedule: 8 level4_2/ijon_max/8
[1;94m[*] [0mFuzzing test case #1142 (1508 total, 0 uniq crashes found)...[0m
[1;94m[*] [0mFuzzing test case #1143 (1508 total, 0 uniq crashes found)...[0m
[1;94m[*] [0mFuzzing test case #1144 (1508 total, 0 uniq crashes found)...[0m
[1;94m[*] [0mFuzzing test case #1145 (1508 total, 0 uniq crashes found)...[0m
scheduled max input!!!!
schedule: 14 level4_2/ijon_max/14
[1;94m[*] [0mFuzzing test case #1146 (1508 total, 0 uniq crashes found)...[0m
scheduled max input!!!!
schedule: 6 level4_2/ijon_max/6
[1;94m[*] [0mFuzzing test case #1147 (1508 total, 0 uniq crashes found)...[0m
scheduled max input!!!!
schedule: 2 level4_2/ijon_max/2
[1;94m[*] [0mFuzzing test case #1148 (1508 total, 0 uniq crashes found)...[0m
scheduled max input!!!!
schedule: 12 level4_2/ijon_max/12
[1;94m[*] [0mFuzzing test case #1149 (1508 total, 0 uniq crashes found)...[0m
scheduled max input!!!!
schedule: 9 level4_2/ijon_max/9
[1;94m[*] [0mFuzzing test case #1150 (1508 total, 0 uniq crashes found)...[0m
scheduled max input!!!!
schedule: 14 level4_2/ijon_max/14
[1;94m[*] [0mFuzzing test case #1151 (1508 total, 0 uniq crashes found)...[0m
[1;94m[*] [0mFuzzing test case #1152 (1508 total, 0 uniq crashes found)...[0m
scheduled max input!!!!
schedule: 3 level4_2/ijon_max/3
[1;94m[*] [0mFuzzing test case #1153 (1508 total, 0 uniq crashes found)...[0m
[1;94m[*] [0mFuzzing test case #1154 (1508 total, 0 uniq crashes found)...[0m
scheduled max input!!!!
schedule: 11 level4_2/ijon_max/11
[1;94m[*] [0mFuzzing test case #1155 (1508 total, 0 uniq crashes found)...[0m
scheduled max input!!!!
schedule: 5 level4_2/ijon_max/5
[1;94m[*] [0mFuzzing test case #1156 (1508 total, 0 uniq crashes found)...[0m
[1;94m[*] [0mFuzzing test case #1157 (1508 total, 0 uniq crashes found)...[0m
[1;94m[*] [0mFuzzing test case #1158 (1508 total, 0 uniq crashes found)...[0m
[1;94m[*] [0mFuzzing test case #1159 (1508 total, 0 uniq crashes found)...[0m
[1;94m[*] [0mFuzzing test case #1160 (1508 total, 0 uniq crashes found)...[0m
scheduled max input!!!!
schedule: 10 level4_2/ijon_max/10
updated maxmap 10: 79f (len: 984)
updated maxmap 11: 79e (len: 984)
[1;94m[*] [0mFuzzing test case #1161 (1508 total, 0 uniq crashes found)...[0m
scheduled max input!!!!
schedule: 9 level4_2/ijon_max/9
[1;94m[*] [0mFuzzing test case #1162 (1508 total, 0 uniq crashes found)...[0m
scheduled max input!!!!
schedule: 15 level4_2/ijon_max/15
[1;94m[*] [0mFuzzing test case #1163 (1508 total, 0 uniq crashes found)...[0m
scheduled max input!!!!
schedule: 0 level4_2/ijon_max/0
[1;94m[*] [0mFuzzing test case #1164 (1508 total, 0 uniq crashes found)...[0m
scheduled max input!!!!
schedule: 3 level4_2/ijon_max/3
[1;94m[*] [0mFuzzing test case #1165 (1508 total, 0 uniq crashes found)...[0m
scheduled max input!!!!
schedule: 12 level4_2/ijon_max/12
[1;94m[*] [0mFuzzing test case #1166 (1508 total, 0 uniq crashes found)...[0m
scheduled max input!!!!
schedule: 8 level4_2/ijon_max/8
[1;94m[*] [0mFuzzing test case #1167 (1508 total, 0 uniq crashes found)...[0m
scheduled max input!!!!
schedule: 7 level4_2/ijon_max/7
[1;94m[*] [0mFuzzing test case #1168 (1508 total, 0 uniq crashes found)...[0m
scheduled max input!!!!
schedule: 4 level4_2/ijon_max/4
[1;94m[*] [0mFuzzing test case #1169 (1508 total, 0 uniq crashes found)...[0m
scheduled max input!!!!
schedule: 14 level4_2/ijon_max/14
[1;94m[*] [0mFuzzing test case #1170 (1508 total, 0 uniq crashes found)...[0m
scheduled max input!!!!
schedule: 10 level4_2/ijon_max/10
[1;94m[*] [0mFuzzing test case #1171 (1508 total, 0 uniq crashes found)...[0m
scheduled max input!!!!
schedule: 12 level4_2/ijon_max/12
[1;94m[*] [0mFuzzing test case #1172 (1508 total, 0 uniq crashes found)...[0m
scheduled max input!!!!
schedule: 7 level4_2/ijon_max/7
[1;94m[*] [0mFuzzing test case #1173 (1508 total, 0 uniq crashes found)...[0m
scheduled max input!!!!
schedule: 6 level4_2/ijon_max/6
[1;94m[*] [0mFuzzing test case #1174 (1508 total, 0 uniq crashes found)...[0m
[1;94m[*] [0mFuzzing test case #1175 (1508 total, 0 uniq crashes found)...[0m
scheduled max input!!!!
schedule: 1 level4_2/ijon_max/1
[1;94m[*] [0mFuzzing test case #1176 (1508 total, 0 uniq crashes found)...[0m
scheduled max input!!!!
schedule: 9 level4_2/ijon_max/9
[1;94m[*] [0mFuzzing test case #1177 (1508 total, 0 uniq crashes found)...[0m
scheduled max input!!!!
schedule: 4 level4_2/ijon_max/4
[1;94m[*] [0mFuzzing test case #1178 (1508 total, 0 uniq crashes found)...[0m
scheduled max input!!!!
schedule: 10 level4_2/ijon_max/10
[1;94m[*] [0mFuzzing test case #1179 (1508 total, 0 uniq crashes found)...[0m
scheduled max input!!!!
schedule: 12 level4_2/ijon_max/12
[1;94m[*] [0mFuzzing test case #1180 (1508 total, 0 uniq crashes found)...[0m
scheduled max input!!!!
schedule: 15 level4_2/ijon_max/15
[1;94m[*] [0mFuzzing test case #1181 (1508 total, 0 uniq crashes found)...[0m
scheduled max input!!!!
schedule: 15 level4_2/ijon_max/15
[1;94m[*] [0mFuzzing test case #1182 (1508 total, 0 uniq crashes found)...[0m
scheduled max input!!!!
schedule: 7 level4_2/ijon_max/7
[1;94m[*] [0mFuzzing test case #1183 (1508 total, 0 uniq crashes found)...[0m
[1;94m[*] [0mFuzzing test case #1184 (1508 total, 0 uniq crashes found)...[0m
[1;94m[*] [0mFuzzing test case #1185 (1508 total, 0 uniq crashes found)...[0m
scheduled max input!!!!
schedule: 8 level4_2/ijon_max/8
[1;94m[*] [0mFuzzing test case #1186 (1508 total, 0 uniq crashes found)...[0m
[1;94m[*] [0mFuzzing test case #1187 (1508 total, 0 uniq crashes found)...[0m
scheduled max input!!!!
schedule: 12 level4_2/ijon_max/12
[1;94m[*] [0mFuzzing test case #1188 (1508 total, 0 uniq crashes found)...[0m
scheduled max input!!!!
schedule: 9 level4_2/ijon_max/9
[1;94m[*] [0mFuzzing test case #1189 (1508 total, 0 uniq crashes found)...[0m
[1;94m[*] [0mFuzzing test case #1190 (1508 total, 0 uniq crashes found)...[0m
[1;94m[*] [0mFuzzing test case #1191 (1508 total, 0 uniq crashes found)...[0m
scheduled max input!!!!
schedule: 13 level4_2/ijon_max/13
[1;94m[*] [0mFuzzing test case #1192 (1508 total, 0 uniq crashes found)...[0m
scheduled max input!!!!
schedule: 12 level4_2/ijon_max/12
[1;94m[*] [0mFuzzing test case #1193 (1508 total, 0 uniq crashes found)...[0m
scheduled max input!!!!
schedule: 10 level4_2/ijon_max/10
[1;94m[*] [0mFuzzing test case #1194 (1508 total, 0 uniq crashes found)...[0m
scheduled max input!!!!
schedule: 5 level4_2/ijon_max/5
[1;94m[*] [0mFuzzing test case #1195 (1508 total, 0 uniq crashes found)...[0m
scheduled max input!!!!
schedule: 12 level4_2/ijon_max/12
[1;94m[*] [0mFuzzing test case #1196 (1508 total, 0 uniq crashes found)...[0m
scheduled max input!!!!
schedule: 6 level4_2/ijon_max/6
[1;94m[*] [0mFuzzing test case #1197 (1508 total, 0 uniq crashes found)...[0m
scheduled max input!!!!
schedule: 14 level4_2/ijon_max/14
[1;94m[*] [0mFuzzing test case #1198 (1508 total, 0 uniq crashes found)...[0m
scheduled max input!!!!
schedule: 1 level4_2/ijon_max/1
[1;94m[*] [0mFuzzing test case #1199 (1508 total, 0 uniq crashes found)...[0m
scheduled max input!!!!
schedule: 15 level4_2/ijon_max/15
[1;94m[*] [0mFuzzing test case #1200 (1508 total, 0 uniq crashes found)...[0m
scheduled max input!!!!
schedule: 1 level4_2/ijon_max/1
[1;94m[*] [0mFuzzing test case #1201 (1508 total, 0 uniq crashes found)...[0m
scheduled max input!!!!
schedule: 14 level4_2/ijon_max/14
[1;94m[*] [0mFuzzing test case #1202 (1508 total, 0 uniq crashes found)...[0m
scheduled max input!!!!
schedule: 10 level4_2/ijon_max/10
[1;94m[*] [0mFuzzing test case #1203 (1508 total, 0 uniq crashes found)...[0m
scheduled max input!!!!
schedule: 11 level4_2/ijon_max/11
[1;94m[*] [0mFuzzing test case #1204 (1508 total, 0 uniq crashes found)...[0m
scheduled max input!!!!
schedule: 14 level4_2/ijon_max/14
[1;94m[*] [0mFuzzing test case #1205 (1508 total, 0 uniq crashes found)...[0m
scheduled max input!!!!
schedule: 7 level4_2/ijon_max/7
[1;94m[*] [0mFuzzing test case #1206 (1508 total, 0 uniq crashes found)...[0m
scheduled max input!!!!
schedule: 7 level4_2/ijon_max/7
[1;94m[*] [0mFuzzing test case #1207 (1508 total, 0 uniq crashes found)...[0m
scheduled max input!!!!
schedule: 11 level4_2/ijon_max/11
[1;94m[*] [0mFuzzing test case #1208 (1508 total, 0 uniq crashes found)...[0m
[1;94m[*] [0mFuzzing test case #1209 (1508 total, 0 uniq crashes found)...[0m
scheduled max input!!!!
schedule: 9 level4_2/ijon_max/9
[1;94m[*] [0mFuzzing test case #1210 (1508 total, 0 uniq crashes found)...[0m
scheduled max input!!!!
schedule: 5 level4_2/ijon_max/5
[1;94m[*] [0mFuzzing test case #1211 (1508 total, 0 uniq crashes found)...[0m
scheduled max input!!!!
schedule: 4 level4_2/ijon_max/4
[1;94m[*] [0mFuzzing test case #1212 (1508 total, 0 uniq crashes found)...[0m
scheduled max input!!!!
schedule: 1 level4_2/ijon_max/1
[1;94m[*] [0mFuzzing test case #1213 (1508 total, 0 uniq crashes found)...[0m
scheduled max input!!!!
schedule: 3 level4_2/ijon_max/3
[1;94m[*] [0mFuzzing test case #1214 (1508 total, 0 uniq crashes found)...[0m
scheduled max input!!!!
schedule: 12 level4_2/ijon_max/12
[1;94m[*] [0mFuzzing test case #1215 (1508 total, 0 uniq crashes found)...[0m
[1;94m[*] [0mFuzzing test case #1216 (1508 total, 0 uniq crashes found)...[0m
scheduled max input!!!!
schedule: 5 level4_2/ijon_max/5
[1;94m[*] [0mFuzzing test case #1217 (1508 total, 0 uniq crashes found)...[0m
scheduled max input!!!!
schedule: 9 level4_2/ijon_max/9
[1;94m[*] [0mFuzzing test case #1218 (1508 total, 0 uniq crashes found)...[0m
scheduled max input!!!!
schedule: 9 level4_2/ijon_max/9
[1;94m[*] [0mFuzzing test case #1219 (1508 total, 0 uniq crashes found)...[0m
scheduled max input!!!!
schedule: 12 level4_2/ijon_max/12
[1;94m[*] [0mFuzzing test case #1220 (1508 total, 0 uniq crashes found)...[0m
scheduled max input!!!!
schedule: 2 level4_2/ijon_max/2
[1;94m[*] [0mFuzzing test case #1221 (1508 total, 0 uniq crashes found)...[0m
scheduled max input!!!!
schedule: 15 level4_2/ijon_max/15
[1;94m[*] [0mFuzzing test case #1222 (1508 total, 0 uniq crashes found)...[0m
scheduled max input!!!!
schedule: 12 level4_2/ijon_max/12
[1;94m[*] [0mFuzzing test case #1223 (1508 total, 0 uniq crashes found)...[0m
scheduled max input!!!!
schedule: 8 level4_2/ijon_max/8
[1;94m[*] [0mFuzzing test case #1224 (1508 total, 0 uniq crashes found)...[0m
scheduled max input!!!!
schedule: 9 level4_2/ijon_max/9
[1;94m[*] [0mFuzzing test case #1225 (1508 total, 0 uniq crashes found)...[0m
[1;94m[*] [0mFuzzing test case #1226 (1508 total, 0 uniq crashes found)...[0m
[1;94m[*] [0mFuzzing test case #1227 (1508 total, 0 uniq crashes found)...[0m
scheduled max input!!!!
schedule: 12 level4_2/ijon_max/12
[1;94m[*] [0mFuzzing test case #1228 (1508 total, 0 uniq crashes found)...[0m
[1;94m[*] [0mFuzzing test case #1229 (1508 total, 0 uniq crashes found)...[0m
scheduled max input!!!!
schedule: 14 level4_2/ijon_max/14
[1;94m[*] [0mFuzzing test case #1230 (1508 total, 0 uniq crashes found)...[0m
scheduled max input!!!!
schedule: 6 level4_2/ijon_max/6
[1;94m[*] [0mFuzzing test case #1231 (1508 total, 0 uniq crashes found)...[0m
scheduled max input!!!!
schedule: 1 level4_2/ijon_max/1
[1;94m[*] [0mFuzzing test case #1232 (1509 total, 0 uniq crashes found)...[0m
scheduled max input!!!!
schedule: 12 level4_2/ijon_max/12
[1;94m[*] [0mFuzzing test case #1233 (1509 total, 0 uniq crashes found)...[0m
scheduled max input!!!!
schedule: 9 level4_2/ijon_max/9
[1;94m[*] [0mFuzzing test case #1234 (1509 total, 0 uniq crashes found)...[0m
[1;94m[*] [0mFuzzing test case #1235 (1509 total, 0 uniq crashes found)...[0m
[1;94m[*] [0mFuzzing test case #1236 (1509 total, 0 uniq crashes found)...[0m
scheduled max input!!!!
schedule: 10 level4_2/ijon_max/10
[1;94m[*] [0mFuzzing test case #1237 (1509 total, 0 uniq crashes found)...[0m
scheduled max input!!!!
schedule: 9 level4_2/ijon_max/9
[1;94m[*] [0mFuzzing test case #1238 (1509 total, 0 uniq crashes found)...[0m
scheduled max input!!!!
schedule: 13 level4_2/ijon_max/13
[1;94m[*] [0mFuzzing test case #1239 (1509 total, 0 uniq crashes found)...[0m
scheduled max input!!!!
schedule: 9 level4_2/ijon_max/9
[1;94m[*] [0mFuzzing test case #1240 (1509 total, 0 uniq crashes found)...[0m
scheduled max input!!!!
schedule: 9 level4_2/ijon_max/9
[1;94m[*] [0mFuzzing test case #1241 (1509 total, 0 uniq crashes found)...[0m
scheduled max input!!!!
schedule: 13 level4_2/ijon_max/13
[1;94m[*] [0mFuzzing test case #1242 (1509 total, 0 uniq crashes found)...[0m
scheduled max input!!!!
schedule: 7 level4_2/ijon_max/7
[1;94m[*] [0mFuzzing test case #1243 (1509 total, 0 uniq crashes found)...[0m
scheduled max input!!!!
schedule: 13 level4_2/ijon_max/13
[1;94m[*] [0mFuzzing test case #1244 (1509 total, 0 uniq crashes found)...[0m
scheduled max input!!!!
schedule: 4 level4_2/ijon_max/4
[1;94m[*] [0mFuzzing test case #1245 (1509 total, 0 uniq crashes found)...[0m
scheduled max input!!!!
schedule: 6 level4_2/ijon_max/6
[1;94m[*] [0mFuzzing test case #1246 (1509 total, 0 uniq crashes found)...[0m
scheduled max input!!!!
schedule: 8 level4_2/ijon_max/8
[1;94m[*] [0mFuzzing test case #1247 (1509 total, 0 uniq crashes found)...[0m
[1;94m[*] [0mFuzzing test case #1248 (1509 total, 0 uniq crashes found)...[0m
scheduled max input!!!!
schedule: 12 level4_2/ijon_max/12
[1;94m[*] [0mFuzzing test case #1249 (1509 total, 0 uniq crashes found)...[0m
scheduled max input!!!!
schedule: 10 level4_2/ijon_max/10
[1;94m[*] [0mFuzzing test case #1250 (1509 total, 0 uniq crashes found)...[0m
scheduled max input!!!!
schedule: 13 level4_2/ijon_max/13
[1;94m[*] [0mFuzzing test case #1251 (1509 total, 0 uniq crashes found)...[0m
[1;94m[*] [0mFuzzing test case #1252 (1509 total, 0 uniq crashes found)...[0m
scheduled max input!!!!
schedule: 12 level4_2/ijon_max/12
[1;94m[*] [0mFuzzing test case #1253 (1509 total, 0 uniq crashes found)...[0m
[1;94m[*] [0mFuzzing test case #1254 (1509 total, 0 uniq crashes found)...[0m
scheduled max input!!!!
schedule: 4 level4_2/ijon_max/4
[1;94m[*] [0mFuzzing test case #1255 (1509 total, 0 uniq crashes found)...[0m
scheduled max input!!!!
schedule: 14 level4_2/ijon_max/14
[1;94m[*] [0mFuzzing test case #1256 (1509 total, 0 uniq crashes found)...[0m
scheduled max input!!!!
schedule: 0 level4_2/ijon_max/0
[1;94m[*] [0mFuzzing test case #1257 (1509 total, 0 uniq crashes found)...[0m
[1;94m[*] [0mFuzzing test case #1258 (1509 total, 0 uniq crashes found)...[0m
scheduled max input!!!!
schedule: 13 level4_2/ijon_max/13
[1;94m[*] [0mFuzzing test case #1259 (1509 total, 0 uniq crashes found)...[0m
scheduled max input!!!!
schedule: 9 level4_2/ijon_max/9
[1;94m[*] [0mFuzzing test case #1260 (1509 total, 0 uniq crashes found)...[0m
[1;94m[*] [0mFuzzing test case #1261 (1509 total, 0 uniq crashes found)...[0m
scheduled max input!!!!
schedule: 12 level4_2/ijon_max/12
[1;94m[*] [0mFuzzing test case #1262 (1509 total, 0 uniq crashes found)...[0m
scheduled max input!!!!
schedule: 14 level4_2/ijon_max/14
[1;94m[*] [0mFuzzing test case #1263 (1509 total, 0 uniq crashes found)...[0m
scheduled max input!!!!
schedule: 3 level4_2/ijon_max/3
[1;94m[*] [0mFuzzing test case #1264 (1509 total, 0 uniq crashes found)...[0m
scheduled max input!!!!
schedule: 11 level4_2/ijon_max/11
[1;94m[*] [0mFuzzing test case #1265 (1509 total, 0 uniq crashes found)...[0m
scheduled max input!!!!
schedule: 10 level4_2/ijon_max/10
[1;94m[*] [0mFuzzing test case #1266 (1509 total, 0 uniq crashes found)...[0m
scheduled max input!!!!
schedule: 8 level4_2/ijon_max/8
[1;94m[*] [0mFuzzing test case #1267 (1509 total, 0 uniq crashes found)...[0m
scheduled max input!!!!
schedule: 4 level4_2/ijon_max/4
[1;94m[*] [0mFuzzing test case #1268 (1509 total, 0 uniq crashes found)...[0m
scheduled max input!!!!
schedule: 0 level4_2/ijon_max/0
[1;94m[*] [0mFuzzing test case #1269 (1509 total, 0 uniq crashes found)...[0m
scheduled max input!!!!
schedule: 1 level4_2/ijon_max/1
[1;94m[*] [0mFuzzing test case #1270 (1509 total, 0 uniq crashes found)...[0m
[1;94m[*] [0mFuzzing test case #1271 (1509 total, 0 uniq crashes found)...[0m
scheduled normal input!!!!
[?25h[1;91m

+++ Testing aborted by user +++
[0m[1;92m[+] [0mWe're done here. Have a nice day!
[0m
srun: error: ubuntu-test: task 0: Exited with exit code 124
