srun: error: NodeNames=ubuntu-test CPUs=90 match no Sockets, Sockets*CoresPerSocket or Sockets*CoresPerSocket*ThreadsPerCore. Resetting CPUs.
[0;36mafl-fuzz [1;97m2.51b-ijon[0m by <lcamtuf@google.com>
[1;92m[+] [0mLooks like we're not running on a tty, so I'll be a bit less verbose.[0m
[1;92m[+] [0mYou have 96 CPU cores and 100 runnable tasks (utilization: 104%).[0m
[1;93m[!] [1;97mWARNING: [0mNot binding to a CPU core (AFL_NO_AFFINITY set).[0m
[1;94m[*] [0mChecking core_pattern...[0m
[1;94m[*] [0mSetting up output directories...[0m
importdir: level16_1/importsmax_dir: level16_1/ijon_max[1;94m[*] [0mScanning 'seeds'...[0m
[1;92m[+] [0mNo auto-generated dictionary tokens to reuse.[0m
[1;94m[*] [0mCreating hard links for all input files...[0m
[1;94m[*] [0mValidating target binary...[0m
[1;94m[*] [0mAttempting dry run with 'id:000000,orig:a'...[0m
[1;94m[*] [0mSpinning up the fork server...[0m
[1;92m[+] [0mAll right - fork server is up.[0m
[1;90m    len = 1, map size = 2477, exec speed = 28158 us
[0m[1;92m[+] [0mAll test cases processed.[0m

[1;93m[!] [1;97mWARNING: [0m[1;91mThe target binary is pretty slow! See docs/perf_tips.txt.[0m
[1;92m[+] [0mHere are some useful stats:

[1;90m    Test case count : [0m1 favored, 0 variable, 1 total
[1;90m       Bitmap range : [0m2477 to 2477 bits (average: 2477.00 bits)
[1;90m        Exec timing : [0m28.2k to 28.2k us (average: 28.2k us)
[0m
[1;92m[+] [0mAll set and ready to roll![0m
[1;94m[*] [0mEntering queue cycle 1.[0m
[1;94m[*] [0mFuzzing test case #0 (1 total, 0 uniq crashes found)...[0m
scheduled normal input!!!!
updated maxmap 11: 28 (len: 1)
updated maxmap 2: 28 (len: 26)
updated maxmap 3: 28 (len: 48)
updated maxmap 4: 28 (len: 50)
updated maxmap 5: 28 (len: 60)
updated maxmap 6: 29 (len: 60)
updated maxmap 7: 28 (len: 68)
updated maxmap 8: 29 (len: 68)
updated maxmap 4: 29 (len: 84)
updated maxmap 5: 2a (len: 84)
updated maxmap 6: 2b (len: 84)
updated maxmap 7: 2d (len: 84)
updated maxmap 8: 2f (len: 84)
updated maxmap 9: 3a (len: 84)
updated maxmap 10: 37 (len: 84)
updated maxmap 11: 34 (len: 84)
updated maxmap 5: 2b (len: 59)
updated maxmap 6: 2c (len: 59)
updated maxmap 7: 2e (len: 88)
updated maxmap 8: 30 (len: 88)
updated maxmap 9: 40 (len: 88)
updated maxmap 10: 3a (len: 88)
updated maxmap 11: 37 (len: 88)
[1;94m[*] [0mFuzzing test case #1 (119 total, 0 uniq crashes found)...[0m
scheduled max input!!!!
schedule: 9 level16_1/ijon_max/9
updated maxmap 9: 44 (len: 94)
updated maxmap 7: 2f (len: 88)
updated maxmap 8: 31 (len: 88)
updated maxmap 10: 3b (len: 88)
updated maxmap 11: 38 (len: 88)
updated maxmap 10: 44 (len: 96)
updated maxmap 9: 45 (len: 93)
updated maxmap 11: 40 (len: 102)
updated maxmap 9: 5c (len: 131)
updated maxmap 10: 5a (len: 131)
updated maxmap 11: 55 (len: 131)
updated maxmap 9: 64 (len: 133)
updated maxmap 10: 5d (len: 133)
updated maxmap 11: 57 (len: 133)
updated maxmap 8: 35 (len: 120)
updated maxmap 8: 4a (len: 112)
updated maxmap 10: 5e (len: 112)
updated maxmap 11: 5c (len: 112)
updated maxmap 9: 6e (len: 138)
updated maxmap 9: 82 (len: 140)
updated maxmap 10: 7d (len: 140)
updated maxmap 11: 77 (len: 140)
updated maxmap 8: 5f (len: 124)
updated maxmap 6: 2d (len: 99)
updated maxmap 11: 78 (len: 130)
updated maxmap 8: 88 (len: 151)
updated maxmap 4: 2a (len: 119)
updated maxmap 9: 85 (len: 139)
updated maxmap 10: 7f (len: 139)
updated maxmap 11: 79 (len: 139)
updated maxmap 9: 8f (len: 148)
updated maxmap 11: 7e (len: 130)
updated maxmap 7: 35 (len: 133)
[1;94m[*] [0mFuzzing test case #2 (301 total, 0 uniq crashes found)...[0m
scheduled max input!!!!
schedule: 11 level16_1/ijon_max/11
updated maxmap 10: 81 (len: 134)
updated maxmap 11: 83 (len: 134)
updated maxmap 11: 84 (len: 142)
updated maxmap 9: 9e (len: 157)
updated maxmap 10: 83 (len: 157)
updated maxmap 8: 8d (len: 147)
updated maxmap 10: 95 (len: 179)
updated maxmap 11: 98 (len: 179)
updated maxmap 9: a7 (len: 197)
updated maxmap 10: ad (len: 197)
updated maxmap 11: b3 (len: 197)
updated maxmap 12: b9 (len: 197)
updated maxmap 13: bf (len: 197)
updated maxmap 14: c5 (len: 197)
updated maxmap 15: c8 (len: 197)
updated maxmap 9: bf (len: 201)
updated maxmap 7: 85 (len: 155)
updated maxmap 8: bc (len: 193)
updated maxmap 9: c7 (len: 193)
updated maxmap 10: b0 (len: 170)
updated maxmap 0: c6 (len: 208)
updated maxmap 10: c2 (len: 208)
updated maxmap 11: c4 (len: 208)
updated maxmap 12: c3 (len: 208)
updated maxmap 13: c3 (len: 208)
updated maxmap 10: c9 (len: 182)
updated maxmap 7: 8d (len: 185)
updated maxmap 15: cb (len: 209)
updated maxmap 9: f2 (len: 188)
updated maxmap 10: db (len: 188)
updated maxmap 11: d4 (len: 188)
updated maxmap 0: cd (len: 196)
[1;94m[*] [0mFuzzing test case #3 (402 total, 0 uniq crashes found)...[0m
scheduled max input!!!!
schedule: 12 level16_1/ijon_max/12
updated maxmap 0: ce (len: 222)
updated maxmap 14: c6 (len: 222)
updated maxmap 15: cc (len: 222)
updated maxmap 0: d4 (len: 208)
updated maxmap 13: c6 (len: 208)
updated maxmap 14: cc (len: 208)
updated maxmap 15: d2 (len: 208)
updated maxmap 13: c8 (len: 253)
updated maxmap 14: cd (len: 253)
updated maxmap 15: d3 (len: 253)
updated maxmap 10: e7 (len: 225)
updated maxmap 10: f0 (len: 226)
updated maxmap 11: f6 (len: 226)
updated maxmap 12: fc (len: 226)
updated maxmap 13: 101 (len: 226)
updated maxmap 14: 105 (len: 226)
updated maxmap 15: 10b (len: 226)
updated maxmap 10: f2 (len: 208)
updated maxmap 0: 10d (len: 243)
updated maxmap 10: f4 (len: 214)
updated maxmap 8: bf (len: 211)
updated maxmap 11: f8 (len: 235)
updated maxmap 14: 106 (len: 236)
updated maxmap 10: f5 (len: 212)
updated maxmap 9: f5 (len: 234)
updated maxmap 10: fb (len: 234)
updated maxmap 11: fd (len: 234)
updated maxmap 8: dd (len: 240)
updated maxmap 9: f7 (len: 231)
updated maxmap 10: fd (len: 231)
updated maxmap 11: 101 (len: 231)
updated maxmap 12: 101 (len: 231)
updated maxmap 13: 102 (len: 231)
updated maxmap 13: 104 (len: 255)
updated maxmap 14: 10a (len: 255)
updated maxmap 15: 10c (len: 255)
updated maxmap 8: ea (len: 236)
updated maxmap 13: 105 (len: 229)
updated maxmap 8: ed (len: 227)
updated maxmap 8: ef (len: 213)
updated maxmap 0: 115 (len: 258)
updated maxmap 13: 107 (len: 258)
updated maxmap 14: 10d (len: 258)
updated maxmap 15: 113 (len: 258)
updated maxmap 9: 125 (len: 244)
updated maxmap 10: 119 (len: 244)
updated maxmap 11: 113 (len: 244)
updated maxmap 8: 101 (len: 251)
updated maxmap 9: 12a (len: 251)
updated maxmap 10: 11a (len: 251)
updated maxmap 11: 114 (len: 251)
updated maxmap 7: c4 (len: 215)
updated maxmap 12: 103 (len: 252)
updated maxmap 7: c8 (len: 216)
updated maxmap 13: 108 (len: 233)
[1;94m[*] [0mFuzzing test case #4 (545 total, 0 uniq crashes found)...[0m
scheduled max input!!!!
schedule: 4 level16_1/ijon_max/4
[1;94m[*] [0mFuzzing test case #5 (545 total, 0 uniq crashes found)...[0m
scheduled max input!!!!
schedule: 5 level16_1/ijon_max/5
[1;94m[*] [0mFuzzing test case #6 (552 total, 0 uniq crashes found)...[0m
[1;94m[*] [0mFuzzing test case #7 (552 total, 0 uniq crashes found)...[0m
scheduled max input!!!!
schedule: 9 level16_1/ijon_max/9
updated maxmap 9: 12c (len: 260)
updated maxmap 10: 132 (len: 260)
updated maxmap 11: 137 (len: 260)
updated maxmap 9: 12f (len: 278)
updated maxmap 7: d2 (len: 272)
updated maxmap 8: 107 (len: 272)
updated maxmap 8: 10a (len: 283)
updated maxmap 9: 135 (len: 283)
updated maxmap 10: 13b (len: 283)
updated maxmap 11: 13e (len: 283)
updated maxmap 8: 10b (len: 251)
updated maxmap 12: 140 (len: 274)
updated maxmap 13: 145 (len: 274)
updated maxmap 8: 10f (len: 251)
updated maxmap 9: 154 (len: 294)
updated maxmap 10: 156 (len: 294)
updated maxmap 11: 155 (len: 294)
updated maxmap 0: 143 (len: 268)
updated maxmap 12: 141 (len: 268)
updated maxmap 14: 142 (len: 268)
updated maxmap 15: 142 (len: 268)
updated maxmap 8: 12d (len: 255)
[1;94m[*] [0mFuzzing test case #8 (603 total, 0 uniq crashes found)...[0m
scheduled max input!!!!
schedule: 9 level16_1/ijon_max/9
updated maxmap 8: 151 (len: 294)
updated maxmap 0: 158 (len: 300)
updated maxmap 14: 14c (len: 300)
updated maxmap 15: 156 (len: 300)
updated maxmap 0: 159 (len: 301)
updated maxmap 14: 14d (len: 301)
updated maxmap 0: 15a (len: 294)
updated maxmap 15: 157 (len: 294)
updated maxmap 8: 152 (len: 294)
updated maxmap 14: 14e (len: 294)
updated maxmap 15: 158 (len: 294)
updated maxmap 10: 176 (len: 294)
updated maxmap 11: 16f (len: 294)
updated maxmap 12: 143 (len: 298)
updated maxmap 8: 153 (len: 294)
updated maxmap 0: 15b (len: 295)
updated maxmap 10: 186 (len: 294)
updated maxmap 11: 17f (len: 294)
updated maxmap 14: 14f (len: 299)
updated maxmap 15: 159 (len: 294)
updated maxmap 9: 155 (len: 302)
updated maxmap 11: 180 (len: 295)
updated maxmap 13: 147 (len: 302)
updated maxmap 11: 182 (len: 294)
[1;94m[*] [0mFuzzing test case #9 (654 total, 0 uniq crashes found)...[0m
scheduled max input!!!!
schedule: 10 level16_1/ijon_max/10
updated maxmap 10: 187 (len: 294)
[1;94m[*] [0mFuzzing test case #10 (654 total, 0 uniq crashes found)...[0m
scheduled max input!!!!
schedule: 9 level16_1/ijon_max/9
updated maxmap 13: 149 (len: 329)
updated maxmap 10: 18a (len: 302)
updated maxmap 11: 186 (len: 302)
updated maxmap 9: 158 (len: 305)
updated maxmap 10: 18c (len: 302)
updated maxmap 11: 18a (len: 302)
updated maxmap 9: 15a (len: 302)
updated maxmap 7: 152 (len: 302)
updated maxmap 9: 15b (len: 302)
updated maxmap 11: 18b (len: 302)
updated maxmap 7: 153 (len: 302)
updated maxmap 8: 154 (len: 302)
updated maxmap 10: 18f (len: 302)
updated maxmap 11: 18d (len: 302)
updated maxmap 10: 196 (len: 312)
updated maxmap 11: 194 (len: 312)
[1;94m[*] [0mFuzzing test case #11 (681 total, 0 uniq crashes found)...[0m
scheduled max input!!!!
schedule: 12 level16_1/ijon_max/12
[1;94m[*] [0mFuzzing test case #12 (681 total, 0 uniq crashes found)...[0m
scheduled max input!!!!
schedule: 12 level16_1/ijon_max/12
[1;94m[*] [0mFuzzing test case #13 (681 total, 0 uniq crashes found)...[0m
scheduled max input!!!!
schedule: 12 level16_1/ijon_max/12
[1;94m[*] [0mFuzzing test case #14 (681 total, 0 uniq crashes found)...[0m
scheduled max input!!!!
schedule: 3 level16_1/ijon_max/3
[1;94m[*] [0mFuzzing test case #15 (681 total, 0 uniq crashes found)...[0m
scheduled max input!!!!
schedule: 13 level16_1/ijon_max/13
[1;94m[*] [0mFuzzing test case #16 (681 total, 0 uniq crashes found)...[0m
scheduled max input!!!!
schedule: 14 level16_1/ijon_max/14
[1;94m[*] [0mFuzzing test case #17 (681 total, 0 uniq crashes found)...[0m
[1;94m[*] [0mFuzzing test case #18 (681 total, 0 uniq crashes found)...[0m
scheduled max input!!!!
schedule: 13 level16_1/ijon_max/13
[1;94m[*] [0mFuzzing test case #19 (681 total, 0 uniq crashes found)...[0m
[1;94m[*] [0mFuzzing test case #20 (681 total, 0 uniq crashes found)...[0m
scheduled max input!!!!
schedule: 11 level16_1/ijon_max/11
updated maxmap 10: 197 (len: 312)
updated maxmap 11: 196 (len: 312)
updated maxmap 10: 1a2 (len: 320)
updated maxmap 11: 1a0 (len: 320)
updated maxmap 10: 1b5 (len: 312)
updated maxmap 11: 1b3 (len: 312)
updated maxmap 10: 1b7 (len: 316)
updated maxmap 11: 1b4 (len: 316)
updated maxmap 9: 1b3 (len: 312)
updated maxmap 9: 1b5 (len: 312)
updated maxmap 9: 1be (len: 317)
updated maxmap 12: 144 (len: 314)
updated maxmap 9: 1c8 (len: 362)
updated maxmap 10: 1ce (len: 362)
updated maxmap 11: 1ba (len: 319)
updated maxmap 0: 15f (len: 317)
updated maxmap 13: 14a (len: 317)
updated maxmap 14: 154 (len: 317)
updated maxmap 15: 15d (len: 317)
[1;94m[*] [0mFuzzing test case #21 (704 total, 0 uniq crashes found)...[0m
scheduled max input!!!!
schedule: 2 level16_1/ijon_max/2
[1;94m[*] [0mFuzzing test case #22 (704 total, 0 uniq crashes found)...[0m
scheduled max input!!!!
schedule: 5 level16_1/ijon_max/5
[1;94m[*] [0mFuzzing test case #23 (704 total, 0 uniq crashes found)...[0m
[1;94m[*] [0mFuzzing test case #24 (704 total, 0 uniq crashes found)...[0m
scheduled max input!!!!
schedule: 9 level16_1/ijon_max/9
updated maxmap 9: 1c9 (len: 365)
updated maxmap 10: 1cf (len: 365)
updated maxmap 11: 1d1 (len: 365)
updated maxmap 9: 1ca (len: 362)
updated maxmap 9: 1cf (len: 362)
updated maxmap 9: 1d1 (len: 362)
updated maxmap 10: 1d1 (len: 362)
updated maxmap 9: 1d2 (len: 362)
updated maxmap 10: 1d2 (len: 362)
updated maxmap 8: 1d1 (len: 362)
[1;94m[*] [0mFuzzing test case #25 (730 total, 0 uniq crashes found)...[0m
scheduled max input!!!!
schedule: 8 level16_1/ijon_max/8
updated maxmap 7: 1d2 (len: 362)
updated maxmap 8: 1d3 (len: 362)
updated maxmap 7: 1d3 (len: 362)
updated maxmap 9: 1d3 (len: 362)
updated maxmap 5: 1dc (len: 362)
updated maxmap 6: 1d7 (len: 362)
updated maxmap 7: 1d5 (len: 362)
updated maxmap 5: 1dd (len: 362)
updated maxmap 6: 1de (len: 362)
updated maxmap 11: 1d2 (len: 367)
[1;94m[*] [0mFuzzing test case #26 (743 total, 0 uniq crashes found)...[0m
scheduled max input!!!!
schedule: 5 level16_1/ijon_max/5
[1;94m[*] [0mFuzzing test case #27 (743 total, 0 uniq crashes found)...[0m
scheduled max input!!!!
schedule: 10 level16_1/ijon_max/10
[1;94m[*] [0mFuzzing test case #28 (743 total, 0 uniq crashes found)...[0m
scheduled max input!!!!
schedule: 5 level16_1/ijon_max/5
updated maxmap 5: 1de (len: 362)
updated maxmap 7: 1d6 (len: 362)
[1;94m[*] [0mFuzzing test case #29 (743 total, 0 uniq crashes found)...[0m
scheduled max input!!!!
schedule: 9 level16_1/ijon_max/9
[1;94m[*] [0mFuzzing test case #30 (743 total, 0 uniq crashes found)...[0m
scheduled max input!!!!
schedule: 9 level16_1/ijon_max/9
[1;94m[*] [0mFuzzing test case #31 (743 total, 0 uniq crashes found)...[0m
scheduled max input!!!!
schedule: 6 level16_1/ijon_max/6
[1;94m[*] [0mFuzzing test case #32 (743 total, 0 uniq crashes found)...[0m
scheduled max input!!!!
schedule: 10 level16_1/ijon_max/10
[1;94m[*] [0mFuzzing test case #33 (743 total, 0 uniq crashes found)...[0m
scheduled max input!!!!
schedule: 13 level16_1/ijon_max/13
[1;94m[*] [0mFuzzing test case #34 (743 total, 0 uniq crashes found)...[0m
scheduled max input!!!!
schedule: 15 level16_1/ijon_max/15
updated maxmap 0: 160 (len: 317)
updated maxmap 13: 14b (len: 317)
updated maxmap 14: 155 (len: 317)
updated maxmap 15: 15e (len: 317)
[1;94m[*] [0mFuzzing test case #35 (743 total, 0 uniq crashes found)...[0m
[1;94m[*] [0mFuzzing test case #36 (743 total, 0 uniq crashes found)...[0m
scheduled max input!!!!
schedule: 4 level16_1/ijon_max/4
[1;94m[*] [0mFuzzing test case #37 (743 total, 0 uniq crashes found)...[0m
scheduled max input!!!!
schedule: 8 level16_1/ijon_max/8
[1;94m[*] [0mFuzzing test case #38 (743 total, 0 uniq crashes found)...[0m
scheduled max input!!!!
schedule: 8 level16_1/ijon_max/8
[1;94m[*] [0mFuzzing test case #39 (743 total, 0 uniq crashes found)...[0m
scheduled max input!!!!
schedule: 3 level16_1/ijon_max/3
[1;94m[*] [0mFuzzing test case #40 (743 total, 0 uniq crashes found)...[0m
[1;94m[*] [0mFuzzing test case #41 (743 total, 0 uniq crashes found)...[0m
scheduled max input!!!!
schedule: 5 level16_1/ijon_max/5
updated maxmap 10: 1d5 (len: 366)
updated maxmap 11: 1d3 (len: 366)
[1;94m[*] [0mFuzzing test case #42 (744 total, 0 uniq crashes found)...[0m
[1;94m[*] [0mFuzzing test case #43 (744 total, 0 uniq crashes found)...[0m
[1;94m[*] [0mFuzzing test case #44 (744 total, 0 uniq crashes found)...[0m
scheduled max input!!!!
schedule: 14 level16_1/ijon_max/14
[1;94m[*] [0mFuzzing test case #45 (744 total, 0 uniq crashes found)...[0m
scheduled max input!!!!
schedule: 8 level16_1/ijon_max/8
updated maxmap 6: 1df (len: 362)
[1;94m[*] [0mFuzzing test case #46 (744 total, 0 uniq crashes found)...[0m
scheduled max input!!!!
schedule: 11 level16_1/ijon_max/11
[1;94m[*] [0mFuzzing test case #47 (744 total, 0 uniq crashes found)...[0m
scheduled max input!!!!
schedule: 8 level16_1/ijon_max/8
[1;94m[*] [0mFuzzing test case #48 (744 total, 0 uniq crashes found)...[0m
[1;94m[*] [0mFuzzing test case #49 (744 total, 0 uniq crashes found)...[0m
[1;94m[*] [0mFuzzing test case #50 (744 total, 0 uniq crashes found)...[0m
scheduled max input!!!!
schedule: 13 level16_1/ijon_max/13
updated maxmap 0: 161 (len: 318)
[1;94m[*] [0mFuzzing test case #51 (744 total, 0 uniq crashes found)...[0m
scheduled max input!!!!
schedule: 14 level16_1/ijon_max/14
[1;94m[*] [0mFuzzing test case #52 (744 total, 0 uniq crashes found)...[0m
scheduled max input!!!!
schedule: 11 level16_1/ijon_max/11
updated maxmap 10: 1d7 (len: 370)
updated maxmap 11: 1d6 (len: 370)
[1;94m[*] [0mFuzzing test case #53 (745 total, 0 uniq crashes found)...[0m
[1;94m[*] [0mFuzzing test case #54 (745 total, 0 uniq crashes found)...[0m
[1;94m[*] [0mFuzzing test case #55 (745 total, 0 uniq crashes found)...[0m
[1;94m[*] [0mFuzzing test case #56 (745 total, 0 uniq crashes found)...[0m
scheduled max input!!!!
schedule: 4 level16_1/ijon_max/4
[1;94m[*] [0mFuzzing test case #57 (747 total, 0 uniq crashes found)...[0m
scheduled max input!!!!
schedule: 8 level16_1/ijon_max/8
[1;94m[*] [0mFuzzing test case #58 (747 total, 0 uniq crashes found)...[0m
scheduled max input!!!!
schedule: 13 level16_1/ijon_max/13
[1;94m[*] [0mFuzzing test case #59 (747 total, 0 uniq crashes found)...[0m
[1;94m[*] [0mFuzzing test case #60 (747 total, 0 uniq crashes found)...[0m
scheduled max input!!!!
schedule: 6 level16_1/ijon_max/6
[1;94m[*] [0mFuzzing test case #61 (748 total, 0 uniq crashes found)...[0m
scheduled max input!!!!
schedule: 3 level16_1/ijon_max/3
[1;94m[*] [0mFuzzing test case #62 (748 total, 0 uniq crashes found)...[0m
scheduled max input!!!!
schedule: 14 level16_1/ijon_max/14
[1;94m[*] [0mFuzzing test case #63 (749 total, 0 uniq crashes found)...[0m
[1;94m[*] [0mFuzzing test case #64 (749 total, 0 uniq crashes found)...[0m
scheduled max input!!!!
schedule: 4 level16_1/ijon_max/4
[1;94m[*] [0mFuzzing test case #65 (749 total, 0 uniq crashes found)...[0m
scheduled max input!!!!
schedule: 2 level16_1/ijon_max/2
[1;94m[*] [0mFuzzing test case #66 (749 total, 0 uniq crashes found)...[0m
scheduled max input!!!!
schedule: 9 level16_1/ijon_max/9
[1;94m[*] [0mFuzzing test case #67 (749 total, 0 uniq crashes found)...[0m
scheduled max input!!!!
schedule: 9 level16_1/ijon_max/9
[1;94m[*] [0mFuzzing test case #68 (749 total, 0 uniq crashes found)...[0m
scheduled max input!!!!
schedule: 15 level16_1/ijon_max/15
[1;94m[*] [0mFuzzing test case #69 (749 total, 0 uniq crashes found)...[0m
scheduled max input!!!!
schedule: 0 level16_1/ijon_max/0
updated maxmap 15: 15f (len: 318)
[1;94m[*] [0mFuzzing test case #70 (749 total, 0 uniq crashes found)...[0m
scheduled max input!!!!
schedule: 7 level16_1/ijon_max/7
updated maxmap 9: 1d4 (len: 362)
[1;94m[*] [0mFuzzing test case #71 (749 total, 0 uniq crashes found)...[0m
scheduled max input!!!!
schedule: 13 level16_1/ijon_max/13
[1;94m[*] [0mFuzzing test case #72 (749 total, 0 uniq crashes found)...[0m
scheduled max input!!!!
schedule: 10 level16_1/ijon_max/10
[1;94m[*] [0mFuzzing test case #73 (750 total, 0 uniq crashes found)...[0m
scheduled max input!!!!
schedule: 3 level16_1/ijon_max/3
[1;94m[*] [0mFuzzing test case #74 (750 total, 0 uniq crashes found)...[0m
[1;94m[*] [0mFuzzing test case #75 (750 total, 0 uniq crashes found)...[0m
scheduled max input!!!!
schedule: 4 level16_1/ijon_max/4
[1;94m[*] [0mFuzzing test case #76 (750 total, 0 uniq crashes found)...[0m
scheduled max input!!!!
schedule: 13 level16_1/ijon_max/13
[1;94m[*] [0mFuzzing test case #77 (750 total, 0 uniq crashes found)...[0m
scheduled max input!!!!
schedule: 9 level16_1/ijon_max/9
[1;94m[*] [0mFuzzing test case #78 (750 total, 0 uniq crashes found)...[0m
scheduled max input!!!!
schedule: 7 level16_1/ijon_max/7
[1;94m[*] [0mFuzzing test case #79 (750 total, 0 uniq crashes found)...[0m
scheduled max input!!!!
schedule: 15 level16_1/ijon_max/15
[1;94m[*] [0mFuzzing test case #80 (750 total, 0 uniq crashes found)...[0m
scheduled max input!!!!
schedule: 10 level16_1/ijon_max/10
[1;94m[*] [0mFuzzing test case #81 (764 total, 0 uniq crashes found)...[0m
scheduled max input!!!!
schedule: 10 level16_1/ijon_max/10
[1;94m[*] [0mFuzzing test case #82 (764 total, 0 uniq crashes found)...[0m
[1;94m[*] [0mFuzzing test case #83 (764 total, 0 uniq crashes found)...[0m
[1;94m[*] [0mFuzzing test case #84 (764 total, 0 uniq crashes found)...[0m
scheduled max input!!!!
schedule: 4 level16_1/ijon_max/4
[1;94m[*] [0mFuzzing test case #85 (764 total, 0 uniq crashes found)...[0m
scheduled max input!!!!
schedule: 13 level16_1/ijon_max/13
[1;94m[*] [0mFuzzing test case #86 (764 total, 0 uniq crashes found)...[0m
scheduled max input!!!!
schedule: 11 level16_1/ijon_max/11
[1;94m[*] [0mFuzzing test case #87 (764 total, 0 uniq crashes found)...[0m
[1;94m[*] [0mFuzzing test case #88 (764 total, 0 uniq crashes found)...[0m
scheduled max input!!!!
schedule: 10 level16_1/ijon_max/10
[1;94m[*] [0mFuzzing test case #89 (764 total, 0 uniq crashes found)...[0m
scheduled max input!!!!
schedule: 10 level16_1/ijon_max/10
[1;94m[*] [0mFuzzing test case #90 (764 total, 0 uniq crashes found)...[0m
scheduled max input!!!!
schedule: 6 level16_1/ijon_max/6
[1;94m[*] [0mFuzzing test case #91 (764 total, 0 uniq crashes found)...[0m
scheduled max input!!!!
schedule: 15 level16_1/ijon_max/15
[1;94m[*] [0mFuzzing test case #92 (764 total, 0 uniq crashes found)...[0m
[1;94m[*] [0mFuzzing test case #93 (764 total, 0 uniq crashes found)...[0m
[1;94m[*] [0mFuzzing test case #94 (764 total, 0 uniq crashes found)...[0m
scheduled max input!!!!
schedule: 12 level16_1/ijon_max/12
[1;94m[*] [0mFuzzing test case #95 (764 total, 0 uniq crashes found)...[0m
scheduled max input!!!!
schedule: 4 level16_1/ijon_max/4
[1;94m[*] [0mFuzzing test case #96 (764 total, 0 uniq crashes found)...[0m
scheduled max input!!!!
schedule: 8 level16_1/ijon_max/8
[1;94m[*] [0mFuzzing test case #97 (764 total, 0 uniq crashes found)...[0m
scheduled max input!!!!
schedule: 2 level16_1/ijon_max/2
[1;94m[*] [0mFuzzing test case #98 (764 total, 0 uniq crashes found)...[0m
scheduled max input!!!!
schedule: 11 level16_1/ijon_max/11
[1;94m[*] [0mFuzzing test case #99 (764 total, 0 uniq crashes found)...[0m
scheduled max input!!!!
schedule: 2 level16_1/ijon_max/2
[1;94m[*] [0mFuzzing test case #100 (764 total, 0 uniq crashes found)...[0m
[1;94m[*] [0mFuzzing test case #101 (764 total, 0 uniq crashes found)...[0m
scheduled max input!!!!
schedule: 6 level16_1/ijon_max/6
[1;94m[*] [0mFuzzing test case #102 (764 total, 0 uniq crashes found)...[0m
scheduled max input!!!!
schedule: 6 level16_1/ijon_max/6
[1;94m[*] [0mFuzzing test case #103 (765 total, 0 uniq crashes found)...[0m
scheduled max input!!!!
schedule: 10 level16_1/ijon_max/10
[1;94m[*] [0mFuzzing test case #104 (765 total, 0 uniq crashes found)...[0m
[1;94m[*] [0mFuzzing test case #105 (765 total, 0 uniq crashes found)...[0m
[1;94m[*] [0mFuzzing test case #106 (765 total, 0 uniq crashes found)...[0m
scheduled max input!!!!
schedule: 7 level16_1/ijon_max/7
[1;94m[*] [0mFuzzing test case #107 (765 total, 0 uniq crashes found)...[0m
scheduled max input!!!!
schedule: 0 level16_1/ijon_max/0
[1;94m[*] [0mFuzzing test case #108 (765 total, 0 uniq crashes found)...[0m
scheduled max input!!!!
schedule: 2 level16_1/ijon_max/2
[1;94m[*] [0mFuzzing test case #109 (765 total, 0 uniq crashes found)...[0m
[1;94m[*] [0mFuzzing test case #110 (765 total, 0 uniq crashes found)...[0m
scheduled max input!!!!
schedule: 14 level16_1/ijon_max/14
updated maxmap 0: 162 (len: 322)
[1;94m[*] [0mFuzzing test case #111 (765 total, 0 uniq crashes found)...[0m
scheduled max input!!!!
schedule: 14 level16_1/ijon_max/14
[1;94m[*] [0mFuzzing test case #112 (765 total, 0 uniq crashes found)...[0m
[1;94m[*] [0mFuzzing test case #113 (765 total, 0 uniq crashes found)...[0m
scheduled max input!!!!
schedule: 13 level16_1/ijon_max/13
[1;94m[*] [0mFuzzing test case #114 (765 total, 0 uniq crashes found)...[0m
scheduled max input!!!!
schedule: 11 level16_1/ijon_max/11
[1;94m[*] [0mFuzzing test case #115 (765 total, 0 uniq crashes found)...[0m
[1;94m[*] [0mFuzzing test case #116 (765 total, 0 uniq crashes found)...[0m
scheduled max input!!!!
schedule: 8 level16_1/ijon_max/8
[1;94m[*] [0mFuzzing test case #117 (765 total, 0 uniq crashes found)...[0m
scheduled max input!!!!
schedule: 12 level16_1/ijon_max/12
[1;94m[*] [0mFuzzing test case #118 (765 total, 0 uniq crashes found)...[0m
scheduled max input!!!!
schedule: 11 level16_1/ijon_max/11
[1;94m[*] [0mFuzzing test case #119 (766 total, 0 uniq crashes found)...[0m
[1;94m[*] [0mFuzzing test case #120 (766 total, 0 uniq crashes found)...[0m
scheduled max input!!!!
schedule: 8 level16_1/ijon_max/8
[1;94m[*] [0mFuzzing test case #121 (766 total, 0 uniq crashes found)...[0m
scheduled max input!!!!
schedule: 7 level16_1/ijon_max/7
[1;94m[*] [0mFuzzing test case #122 (766 total, 0 uniq crashes found)...[0m
scheduled max input!!!!
schedule: 12 level16_1/ijon_max/12
[1;94m[*] [0mFuzzing test case #123 (766 total, 0 uniq crashes found)...[0m
[1;94m[*] [0mFuzzing test case #124 (766 total, 0 uniq crashes found)...[0m
scheduled max input!!!!
schedule: 8 level16_1/ijon_max/8
[1;94m[*] [0mFuzzing test case #125 (767 total, 0 uniq crashes found)...[0m
scheduled max input!!!!
schedule: 4 level16_1/ijon_max/4
[1;94m[*] [0mFuzzing test case #126 (767 total, 0 uniq crashes found)...[0m
[1;94m[*] [0mFuzzing test case #127 (767 total, 0 uniq crashes found)...[0m
scheduled max input!!!!
schedule: 14 level16_1/ijon_max/14
[1;94m[*] [0mFuzzing test case #128 (767 total, 0 uniq crashes found)...[0m
scheduled max input!!!!
schedule: 3 level16_1/ijon_max/3
[1;94m[*] [0mFuzzing test case #129 (767 total, 0 uniq crashes found)...[0m
[1;94m[*] [0mFuzzing test case #130 (767 total, 0 uniq crashes found)...[0m
scheduled max input!!!!
schedule: 14 level16_1/ijon_max/14
[1;94m[*] [0mFuzzing test case #131 (767 total, 0 uniq crashes found)...[0m
scheduled max input!!!!
schedule: 2 level16_1/ijon_max/2
[1;94m[*] [0mFuzzing test case #132 (767 total, 0 uniq crashes found)...[0m
scheduled max input!!!!
schedule: 0 level16_1/ijon_max/0
[1;94m[*] [0mFuzzing test case #133 (767 total, 0 uniq crashes found)...[0m
scheduled max input!!!!
schedule: 8 level16_1/ijon_max/8
[1;94m[*] [0mFuzzing test case #134 (767 total, 0 uniq crashes found)...[0m
scheduled max input!!!!
schedule: 9 level16_1/ijon_max/9
[1;94m[*] [0mFuzzing test case #135 (767 total, 0 uniq crashes found)...[0m
scheduled max input!!!!
schedule: 2 level16_1/ijon_max/2
[1;94m[*] [0mFuzzing test case #136 (767 total, 0 uniq crashes found)...[0m
scheduled max input!!!!
schedule: 7 level16_1/ijon_max/7
[1;94m[*] [0mFuzzing test case #137 (767 total, 0 uniq crashes found)...[0m
[1;94m[*] [0mFuzzing test case #138 (767 total, 0 uniq crashes found)...[0m
scheduled max input!!!!
schedule: 5 level16_1/ijon_max/5
updated maxmap 5: 1df (len: 362)
[1;94m[*] [0mFuzzing test case #139 (767 total, 0 uniq crashes found)...[0m
scheduled max input!!!!
schedule: 3 level16_1/ijon_max/3
[1;94m[*] [0mFuzzing test case #140 (767 total, 0 uniq crashes found)...[0m
scheduled max input!!!!
schedule: 8 level16_1/ijon_max/8
[1;94m[*] [0mFuzzing test case #141 (767 total, 0 uniq crashes found)...[0m
scheduled max input!!!!
schedule: 3 level16_1/ijon_max/3
[1;94m[*] [0mFuzzing test case #142 (767 total, 0 uniq crashes found)...[0m
scheduled max input!!!!
schedule: 7 level16_1/ijon_max/7
[1;94m[*] [0mFuzzing test case #143 (767 total, 0 uniq crashes found)...[0m
[1;94m[*] [0mFuzzing test case #144 (767 total, 0 uniq crashes found)...[0m
scheduled max input!!!!
schedule: 10 level16_1/ijon_max/10
[1;94m[*] [0mFuzzing test case #145 (767 total, 0 uniq crashes found)...[0m
scheduled max input!!!!
schedule: 13 level16_1/ijon_max/13
[1;94m[*] [0mFuzzing test case #146 (767 total, 0 uniq crashes found)...[0m
[1;94m[*] [0mFuzzing test case #147 (767 total, 0 uniq crashes found)...[0m
[1;94m[*] [0mFuzzing test case #148 (767 total, 0 uniq crashes found)...[0m
scheduled max input!!!!
schedule: 13 level16_1/ijon_max/13
[1;94m[*] [0mFuzzing test case #149 (767 total, 0 uniq crashes found)...[0m
scheduled max input!!!!
schedule: 14 level16_1/ijon_max/14
[1;94m[*] [0mFuzzing test case #150 (767 total, 0 uniq crashes found)...[0m
[1;94m[*] [0mFuzzing test case #151 (767 total, 0 uniq crashes found)...[0m
scheduled max input!!!!
schedule: 10 level16_1/ijon_max/10
[1;94m[*] [0mFuzzing test case #152 (767 total, 0 uniq crashes found)...[0m
scheduled max input!!!!
schedule: 11 level16_1/ijon_max/11
[1;94m[*] [0mFuzzing test case #153 (767 total, 0 uniq crashes found)...[0m
scheduled max input!!!!
schedule: 12 level16_1/ijon_max/12
[1;94m[*] [0mFuzzing test case #154 (767 total, 0 uniq crashes found)...[0m
[1;94m[*] [0mFuzzing test case #155 (767 total, 0 uniq crashes found)...[0m
scheduled max input!!!!
schedule: 13 level16_1/ijon_max/13
[1;94m[*] [0mFuzzing test case #156 (767 total, 0 uniq crashes found)...[0m
scheduled max input!!!!
schedule: 12 level16_1/ijon_max/12
[1;94m[*] [0mFuzzing test case #157 (767 total, 0 uniq crashes found)...[0m
scheduled max input!!!!
schedule: 14 level16_1/ijon_max/14
[1;94m[*] [0mFuzzing test case #158 (767 total, 0 uniq crashes found)...[0m
scheduled max input!!!!
schedule: 14 level16_1/ijon_max/14
[1;94m[*] [0mFuzzing test case #159 (767 total, 0 uniq crashes found)...[0m
[1;94m[*] [0mFuzzing test case #160 (767 total, 0 uniq crashes found)...[0m
scheduled max input!!!!
schedule: 12 level16_1/ijon_max/12
[1;94m[*] [0mFuzzing test case #161 (767 total, 0 uniq crashes found)...[0m
scheduled max input!!!!
schedule: 9 level16_1/ijon_max/9
[1;94m[*] [0mFuzzing test case #162 (767 total, 0 uniq crashes found)...[0m
[1;94m[*] [0mFuzzing test case #163 (767 total, 0 uniq crashes found)...[0m
[1;94m[*] [0mFuzzing test case #164 (767 total, 0 uniq crashes found)...[0m
scheduled max input!!!!
schedule: 4 level16_1/ijon_max/4
[1;94m[*] [0mFuzzing test case #165 (767 total, 0 uniq crashes found)...[0m
[1;94m[*] [0mFuzzing test case #166 (767 total, 0 uniq crashes found)...[0m
scheduled max input!!!!
schedule: 6 level16_1/ijon_max/6
[1;94m[*] [0mFuzzing test case #167 (767 total, 0 uniq crashes found)...[0m
scheduled max input!!!!
schedule: 9 level16_1/ijon_max/9
[1;94m[*] [0mFuzzing test case #168 (767 total, 0 uniq crashes found)...[0m
scheduled max input!!!!
schedule: 11 level16_1/ijon_max/11
[1;94m[*] [0mFuzzing test case #169 (767 total, 0 uniq crashes found)...[0m
scheduled max input!!!!
schedule: 6 level16_1/ijon_max/6
updated maxmap 8: 1d5 (len: 367)
updated maxmap 6: 1e1 (len: 362)
updated maxmap 7: 1e2 (len: 364)
[1;94m[*] [0mFuzzing test case #170 (768 total, 0 uniq crashes found)...[0m
scheduled max input!!!!
schedule: 2 level16_1/ijon_max/2
[1;94m[*] [0mFuzzing test case #171 (768 total, 0 uniq crashes found)...[0m
scheduled max input!!!!
schedule: 5 level16_1/ijon_max/5
[1;94m[*] [0mFuzzing test case #172 (768 total, 0 uniq crashes found)...[0m
scheduled max input!!!!
schedule: 12 level16_1/ijon_max/12
[1;94m[*] [0mFuzzing test case #173 (768 total, 0 uniq crashes found)...[0m
scheduled max input!!!!
schedule: 15 level16_1/ijon_max/15
[1;94m[*] [0mFuzzing test case #174 (768 total, 0 uniq crashes found)...[0m
scheduled max input!!!!
schedule: 8 level16_1/ijon_max/8
[1;94m[*] [0mFuzzing test case #175 (769 total, 0 uniq crashes found)...[0m
[1;94m[*] [0mFuzzing test case #176 (769 total, 0 uniq crashes found)...[0m
scheduled max input!!!!
schedule: 12 level16_1/ijon_max/12
[1;94m[*] [0mFuzzing test case #177 (769 total, 0 uniq crashes found)...[0m
scheduled max input!!!!
schedule: 0 level16_1/ijon_max/0
[1;94m[*] [0mFuzzing test case #178 (769 total, 0 uniq crashes found)...[0m
scheduled max input!!!!
schedule: 14 level16_1/ijon_max/14
[1;94m[*] [0mFuzzing test case #179 (769 total, 0 uniq crashes found)...[0m
scheduled max input!!!!
schedule: 7 level16_1/ijon_max/7
updated maxmap 7: 1e3 (len: 364)
[1;94m[*] [0mFuzzing test case #180 (769 total, 0 uniq crashes found)...[0m
[1;94m[*] [0mFuzzing test case #181 (769 total, 0 uniq crashes found)...[0m
scheduled max input!!!!
schedule: 2 level16_1/ijon_max/2
[1;94m[*] [0mFuzzing test case #182 (769 total, 0 uniq crashes found)...[0m
scheduled max input!!!!
schedule: 3 level16_1/ijon_max/3
[1;94m[*] [0mFuzzing test case #183 (769 total, 0 uniq crashes found)...[0m
scheduled max input!!!!
schedule: 15 level16_1/ijon_max/15
[1;94m[*] [0mFuzzing test case #184 (769 total, 0 uniq crashes found)...[0m
scheduled max input!!!!
schedule: 4 level16_1/ijon_max/4
[1;94m[*] [0mFuzzing test case #185 (769 total, 0 uniq crashes found)...[0m
scheduled max input!!!!
schedule: 10 level16_1/ijon_max/10
[1;94m[*] [0mFuzzing test case #186 (769 total, 0 uniq crashes found)...[0m
scheduled max input!!!!
schedule: 2 level16_1/ijon_max/2
[1;94m[*] [0mFuzzing test case #187 (769 total, 0 uniq crashes found)...[0m
[1;94m[*] [0mFuzzing test case #188 (769 total, 0 uniq crashes found)...[0m
scheduled max input!!!!
schedule: 8 level16_1/ijon_max/8
[1;94m[*] [0mFuzzing test case #189 (769 total, 0 uniq crashes found)...[0m
scheduled max input!!!!
schedule: 5 level16_1/ijon_max/5
updated maxmap 5: 1e0 (len: 362)
[1;94m[*] [0mFuzzing test case #190 (769 total, 0 uniq crashes found)...[0m
scheduled max input!!!!
schedule: 0 level16_1/ijon_max/0
[1;94m[*] [0mFuzzing test case #191 (769 total, 0 uniq crashes found)...[0m
[1;94m[*] [0mFuzzing test case #192 (769 total, 0 uniq crashes found)...[0m
scheduled max input!!!!
schedule: 10 level16_1/ijon_max/10
[1;94m[*] [0mFuzzing test case #193 (769 total, 0 uniq crashes found)...[0m
[1;94m[*] [0mFuzzing test case #194 (769 total, 0 uniq crashes found)...[0m
scheduled max input!!!!
schedule: 8 level16_1/ijon_max/8
[1;94m[*] [0mFuzzing test case #195 (769 total, 0 uniq crashes found)...[0m
scheduled max input!!!!
schedule: 4 level16_1/ijon_max/4
[1;94m[*] [0mFuzzing test case #196 (769 total, 0 uniq crashes found)...[0m
scheduled max input!!!!
schedule: 7 level16_1/ijon_max/7
[1;94m[*] [0mFuzzing test case #197 (769 total, 0 uniq crashes found)...[0m
[1;94m[*] [0mFuzzing test case #198 (769 total, 0 uniq crashes found)...[0m
[1;94m[*] [0mFuzzing test case #199 (769 total, 0 uniq crashes found)...[0m
scheduled max input!!!!
schedule: 14 level16_1/ijon_max/14
[1;94m[*] [0mFuzzing test case #200 (769 total, 0 uniq crashes found)...[0m
scheduled max input!!!!
schedule: 6 level16_1/ijon_max/6
[1;94m[*] [0mFuzzing test case #201 (769 total, 0 uniq crashes found)...[0m
[1;94m[*] [0mFuzzing test case #202 (769 total, 0 uniq crashes found)...[0m
scheduled max input!!!!
schedule: 3 level16_1/ijon_max/3
[1;94m[*] [0mFuzzing test case #203 (769 total, 0 uniq crashes found)...[0m
scheduled max input!!!!
schedule: 4 level16_1/ijon_max/4
[1;94m[*] [0mFuzzing test case #204 (769 total, 0 uniq crashes found)...[0m
scheduled max input!!!!
schedule: 0 level16_1/ijon_max/0
updated maxmap 12: 145 (len: 322)
[1;94m[*] [0mFuzzing test case #205 (769 total, 0 uniq crashes found)...[0m
scheduled max input!!!!
schedule: 4 level16_1/ijon_max/4
[1;94m[*] [0mFuzzing test case #206 (769 total, 0 uniq crashes found)...[0m
[1;94m[*] [0mFuzzing test case #207 (769 total, 0 uniq crashes found)...[0m
scheduled max input!!!!
schedule: 0 level16_1/ijon_max/0
[1;94m[*] [0mFuzzing test case #208 (769 total, 0 uniq crashes found)...[0m
scheduled max input!!!!
schedule: 0 level16_1/ijon_max/0
[1;94m[*] [0mFuzzing test case #209 (769 total, 0 uniq crashes found)...[0m
scheduled max input!!!!
schedule: 6 level16_1/ijon_max/6
[1;94m[*] [0mFuzzing test case #210 (769 total, 0 uniq crashes found)...[0m
scheduled max input!!!!
schedule: 15 level16_1/ijon_max/15
[1;94m[*] [0mFuzzing test case #211 (769 total, 0 uniq crashes found)...[0m
scheduled max input!!!!
schedule: 10 level16_1/ijon_max/10
[1;94m[*] [0mFuzzing test case #212 (770 total, 0 uniq crashes found)...[0m
scheduled max input!!!!
schedule: 2 level16_1/ijon_max/2
[1;94m[*] [0mFuzzing test case #213 (770 total, 0 uniq crashes found)...[0m
scheduled max input!!!!
schedule: 0 level16_1/ijon_max/0
[1;94m[*] [0mFuzzing test case #214 (770 total, 0 uniq crashes found)...[0m
scheduled max input!!!!
schedule: 13 level16_1/ijon_max/13
[1;94m[*] [0mFuzzing test case #215 (770 total, 0 uniq crashes found)...[0m
scheduled max input!!!!
schedule: 8 level16_1/ijon_max/8
[1;94m[*] [0mFuzzing test case #216 (770 total, 0 uniq crashes found)...[0m
scheduled max input!!!!
schedule: 12 level16_1/ijon_max/12
[1;94m[*] [0mFuzzing test case #217 (770 total, 0 uniq crashes found)...[0m
scheduled max input!!!!
schedule: 0 level16_1/ijon_max/0
[1;94m[*] [0mFuzzing test case #218 (770 total, 0 uniq crashes found)...[0m
scheduled max input!!!!
schedule: 8 level16_1/ijon_max/8
[1;94m[*] [0mFuzzing test case #219 (771 total, 0 uniq crashes found)...[0m
scheduled max input!!!!
schedule: 2 level16_1/ijon_max/2
[1;94m[*] [0mFuzzing test case #220 (771 total, 0 uniq crashes found)...[0m
scheduled max input!!!!
schedule: 14 level16_1/ijon_max/14
[1;94m[*] [0mFuzzing test case #221 (771 total, 0 uniq crashes found)...[0m
scheduled max input!!!!
schedule: 12 level16_1/ijon_max/12
[1;94m[*] [0mFuzzing test case #222 (771 total, 0 uniq crashes found)...[0m
scheduled max input!!!!
schedule: 10 level16_1/ijon_max/10
[1;94m[*] [0mFuzzing test case #223 (771 total, 0 uniq crashes found)...[0m
scheduled max input!!!!
schedule: 12 level16_1/ijon_max/12
[1;94m[*] [0mFuzzing test case #224 (771 total, 0 uniq crashes found)...[0m
scheduled max input!!!!
schedule: 2 level16_1/ijon_max/2
[1;94m[*] [0mFuzzing test case #225 (771 total, 0 uniq crashes found)...[0m
scheduled max input!!!!
schedule: 13 level16_1/ijon_max/13
[1;94m[*] [0mFuzzing test case #226 (771 total, 0 uniq crashes found)...[0m
scheduled max input!!!!
schedule: 12 level16_1/ijon_max/12
[1;94m[*] [0mFuzzing test case #227 (771 total, 0 uniq crashes found)...[0m
scheduled max input!!!!
schedule: 13 level16_1/ijon_max/13
[1;94m[*] [0mFuzzing test case #228 (771 total, 0 uniq crashes found)...[0m
scheduled max input!!!!
schedule: 10 level16_1/ijon_max/10
[1;94m[*] [0mFuzzing test case #229 (772 total, 0 uniq crashes found)...[0m
[1;94m[*] [0mFuzzing test case #230 (772 total, 0 uniq crashes found)...[0m
scheduled max input!!!!
schedule: 4 level16_1/ijon_max/4
[1;94m[*] [0mFuzzing test case #231 (772 total, 0 uniq crashes found)...[0m
scheduled max input!!!!
schedule: 4 level16_1/ijon_max/4
[1;94m[*] [0mFuzzing test case #232 (772 total, 0 uniq crashes found)...[0m
[1;94m[*] [0mFuzzing test case #233 (772 total, 0 uniq crashes found)...[0m
scheduled max input!!!!
schedule: 7 level16_1/ijon_max/7
[1;94m[*] [0mFuzzing test case #234 (772 total, 0 uniq crashes found)...[0m
scheduled max input!!!!
schedule: 11 level16_1/ijon_max/11
[1;94m[*] [0mFuzzing test case #235 (772 total, 0 uniq crashes found)...[0m
scheduled max input!!!!
schedule: 15 level16_1/ijon_max/15
[1;94m[*] [0mFuzzing test case #236 (772 total, 0 uniq crashes found)...[0m
scheduled max input!!!!
schedule: 3 level16_1/ijon_max/3
[1;94m[*] [0mFuzzing test case #237 (772 total, 0 uniq crashes found)...[0m
[1;94m[*] [0mFuzzing test case #238 (772 total, 0 uniq crashes found)...[0m
[1;94m[*] [0mFuzzing test case #239 (772 total, 0 uniq crashes found)...[0m
scheduled max input!!!!
schedule: 5 level16_1/ijon_max/5
[1;94m[*] [0mFuzzing test case #240 (772 total, 0 uniq crashes found)...[0m
[1;94m[*] [0mFuzzing test case #241 (772 total, 0 uniq crashes found)...[0m
scheduled max input!!!!
schedule: 13 level16_1/ijon_max/13
[1;94m[*] [0mFuzzing test case #242 (772 total, 0 uniq crashes found)...[0m
[1;94m[*] [0mFuzzing test case #243 (772 total, 0 uniq crashes found)...[0m
scheduled max input!!!!
schedule: 7 level16_1/ijon_max/7
[1;94m[*] [0mFuzzing test case #244 (772 total, 0 uniq crashes found)...[0m
scheduled max input!!!!
schedule: 5 level16_1/ijon_max/5
[1;94m[*] [0mFuzzing test case #245 (772 total, 0 uniq crashes found)...[0m
scheduled max input!!!!
schedule: 0 level16_1/ijon_max/0
[1;94m[*] [0mFuzzing test case #246 (772 total, 0 uniq crashes found)...[0m
[1;94m[*] [0mFuzzing test case #247 (772 total, 0 uniq crashes found)...[0m
scheduled max input!!!!
schedule: 14 level16_1/ijon_max/14
[1;94m[*] [0mFuzzing test case #248 (772 total, 0 uniq crashes found)...[0m
scheduled max input!!!!
schedule: 2 level16_1/ijon_max/2
[1;94m[*] [0mFuzzing test case #249 (772 total, 0 uniq crashes found)...[0m
scheduled max input!!!!
schedule: 15 level16_1/ijon_max/15
[1;94m[*] [0mFuzzing test case #250 (772 total, 0 uniq crashes found)...[0m
scheduled max input!!!!
schedule: 8 level16_1/ijon_max/8
[1;94m[*] [0mFuzzing test case #251 (772 total, 0 uniq crashes found)...[0m
scheduled max input!!!!
schedule: 14 level16_1/ijon_max/14
[1;94m[*] [0mFuzzing test case #252 (772 total, 0 uniq crashes found)...[0m
scheduled max input!!!!
schedule: 11 level16_1/ijon_max/11
[1;94m[*] [0mFuzzing test case #253 (772 total, 0 uniq crashes found)...[0m
scheduled max input!!!!
schedule: 11 level16_1/ijon_max/11
[1;94m[*] [0mFuzzing test case #254 (772 total, 0 uniq crashes found)...[0m
scheduled max input!!!!
schedule: 2 level16_1/ijon_max/2
[1;94m[*] [0mFuzzing test case #255 (772 total, 0 uniq crashes found)...[0m
scheduled max input!!!!
schedule: 13 level16_1/ijon_max/13
[1;94m[*] [0mFuzzing test case #256 (772 total, 0 uniq crashes found)...[0m
scheduled max input!!!!
schedule: 12 level16_1/ijon_max/12
[1;94m[*] [0mFuzzing test case #257 (772 total, 0 uniq crashes found)...[0m
scheduled max input!!!!
schedule: 2 level16_1/ijon_max/2
[1;94m[*] [0mFuzzing test case #258 (772 total, 0 uniq crashes found)...[0m
[1;94m[*] [0mFuzzing test case #259 (772 total, 0 uniq crashes found)...[0m
scheduled max input!!!!
schedule: 13 level16_1/ijon_max/13
[1;94m[*] [0mFuzzing test case #260 (772 total, 0 uniq crashes found)...[0m
scheduled max input!!!!
schedule: 10 level16_1/ijon_max/10
[1;94m[*] [0mFuzzing test case #261 (772 total, 0 uniq crashes found)...[0m
[1;94m[*] [0mFuzzing test case #262 (772 total, 0 uniq crashes found)...[0m
scheduled max input!!!!
schedule: 5 level16_1/ijon_max/5
[1;94m[*] [0mFuzzing test case #263 (772 total, 0 uniq crashes found)...[0m
scheduled max input!!!!
schedule: 3 level16_1/ijon_max/3
[1;94m[*] [0mFuzzing test case #264 (772 total, 0 uniq crashes found)...[0m
[1;94m[*] [0mFuzzing test case #265 (772 total, 0 uniq crashes found)...[0m
scheduled max input!!!!
schedule: 0 level16_1/ijon_max/0
[1;94m[*] [0mFuzzing test case #266 (772 total, 0 uniq crashes found)...[0m
scheduled max input!!!!
schedule: 4 level16_1/ijon_max/4
[1;94m[*] [0mFuzzing test case #267 (772 total, 0 uniq crashes found)...[0m
scheduled max input!!!!
schedule: 6 level16_1/ijon_max/6
[1;94m[*] [0mFuzzing test case #268 (772 total, 0 uniq crashes found)...[0m
scheduled max input!!!!
schedule: 14 level16_1/ijon_max/14
[1;94m[*] [0mFuzzing test case #269 (772 total, 0 uniq crashes found)...[0m
scheduled max input!!!!
schedule: 8 level16_1/ijon_max/8
[1;94m[*] [0mFuzzing test case #270 (773 total, 0 uniq crashes found)...[0m
scheduled max input!!!!
schedule: 14 level16_1/ijon_max/14
[1;94m[*] [0mFuzzing test case #271 (773 total, 0 uniq crashes found)...[0m
scheduled max input!!!!
schedule: 2 level16_1/ijon_max/2
[1;94m[*] [0mFuzzing test case #272 (773 total, 0 uniq crashes found)...[0m
scheduled max input!!!!
schedule: 11 level16_1/ijon_max/11
[1;94m[*] [0mFuzzing test case #273 (773 total, 0 uniq crashes found)...[0m
[1;94m[*] [0mFuzzing test case #274 (773 total, 0 uniq crashes found)...[0m
scheduled max input!!!!
schedule: 2 level16_1/ijon_max/2
[1;94m[*] [0mFuzzing test case #275 (773 total, 0 uniq crashes found)...[0m
scheduled max input!!!!
schedule: 6 level16_1/ijon_max/6
[1;94m[*] [0mFuzzing test case #276 (773 total, 0 uniq crashes found)...[0m
scheduled max input!!!!
schedule: 13 level16_1/ijon_max/13
[1;94m[*] [0mFuzzing test case #277 (773 total, 0 uniq crashes found)...[0m
scheduled max input!!!!
schedule: 14 level16_1/ijon_max/14
[1;94m[*] [0mFuzzing test case #278 (773 total, 0 uniq crashes found)...[0m
scheduled max input!!!!
schedule: 10 level16_1/ijon_max/10
[1;94m[*] [0mFuzzing test case #279 (773 total, 0 uniq crashes found)...[0m
[1;94m[*] [0mFuzzing test case #280 (773 total, 0 uniq crashes found)...[0m
[1;94m[*] [0mFuzzing test case #281 (773 total, 0 uniq crashes found)...[0m
scheduled max input!!!!
schedule: 10 level16_1/ijon_max/10
[1;94m[*] [0mFuzzing test case #282 (773 total, 0 uniq crashes found)...[0m
scheduled max input!!!!
schedule: 4 level16_1/ijon_max/4
[1;94m[*] [0mFuzzing test case #283 (773 total, 0 uniq crashes found)...[0m
[1;94m[*] [0mFuzzing test case #284 (773 total, 0 uniq crashes found)...[0m
scheduled max input!!!!
schedule: 0 level16_1/ijon_max/0
[1;94m[*] [0mFuzzing test case #285 (773 total, 0 uniq crashes found)...[0m
scheduled max input!!!!
schedule: 5 level16_1/ijon_max/5
[1;94m[*] [0mFuzzing test case #286 (773 total, 0 uniq crashes found)...[0m
[1;94m[*] [0mFuzzing test case #287 (773 total, 0 uniq crashes found)...[0m
scheduled max input!!!!
schedule: 13 level16_1/ijon_max/13
[1;94m[*] [0mFuzzing test case #288 (773 total, 0 uniq crashes found)...[0m
scheduled max input!!!!
schedule: 13 level16_1/ijon_max/13
[1;94m[*] [0mFuzzing test case #289 (773 total, 0 uniq crashes found)...[0m
scheduled max input!!!!
schedule: 11 level16_1/ijon_max/11
[1;94m[*] [0mFuzzing test case #290 (773 total, 0 uniq crashes found)...[0m
scheduled max input!!!!
schedule: 13 level16_1/ijon_max/13
[1;94m[*] [0mFuzzing test case #291 (773 total, 0 uniq crashes found)...[0m
scheduled max input!!!!
schedule: 4 level16_1/ijon_max/4
[1;94m[*] [0mFuzzing test case #292 (773 total, 0 uniq crashes found)...[0m
scheduled max input!!!!
schedule: 9 level16_1/ijon_max/9
[1;94m[*] [0mFuzzing test case #293 (773 total, 0 uniq crashes found)...[0m
scheduled max input!!!!
schedule: 4 level16_1/ijon_max/4
[1;94m[*] [0mFuzzing test case #294 (773 total, 0 uniq crashes found)...[0m
scheduled max input!!!!
schedule: 11 level16_1/ijon_max/11
[1;94m[*] [0mFuzzing test case #295 (773 total, 0 uniq crashes found)...[0m
scheduled max input!!!!
schedule: 3 level16_1/ijon_max/3
[1;94m[*] [0mFuzzing test case #296 (773 total, 0 uniq crashes found)...[0m
scheduled max input!!!!
schedule: 7 level16_1/ijon_max/7
[1;94m[*] [0mFuzzing test case #297 (773 total, 0 uniq crashes found)...[0m
scheduled max input!!!!
schedule: 15 level16_1/ijon_max/15
[1;94m[*] [0mFuzzing test case #298 (773 total, 0 uniq crashes found)...[0m
scheduled max input!!!!
schedule: 0 level16_1/ijon_max/0
[1;94m[*] [0mFuzzing test case #299 (773 total, 0 uniq crashes found)...[0m
scheduled max input!!!!
schedule: 5 level16_1/ijon_max/5
[1;94m[*] [0mFuzzing test case #300 (773 total, 0 uniq crashes found)...[0m
scheduled max input!!!!
schedule: 6 level16_1/ijon_max/6
[1;94m[*] [0mFuzzing test case #301 (773 total, 0 uniq crashes found)...[0m
scheduled max input!!!!
schedule: 3 level16_1/ijon_max/3
[1;94m[*] [0mFuzzing test case #302 (773 total, 0 uniq crashes found)...[0m
scheduled max input!!!!
schedule: 0 level16_1/ijon_max/0
[1;94m[*] [0mFuzzing test case #303 (773 total, 0 uniq crashes found)...[0m
[1;94m[*] [0mFuzzing test case #304 (773 total, 0 uniq crashes found)...[0m
scheduled max input!!!!
schedule: 6 level16_1/ijon_max/6
[1;94m[*] [0mFuzzing test case #305 (773 total, 0 uniq crashes found)...[0m
scheduled max input!!!!
schedule: 14 level16_1/ijon_max/14
[1;94m[*] [0mFuzzing test case #306 (773 total, 0 uniq crashes found)...[0m
scheduled max input!!!!
schedule: 4 level16_1/ijon_max/4
[1;94m[*] [0mFuzzing test case #307 (773 total, 0 uniq crashes found)...[0m
[1;94m[*] [0mFuzzing test case #308 (773 total, 0 uniq crashes found)...[0m
scheduled max input!!!!
schedule: 0 level16_1/ijon_max/0
[1;94m[*] [0mFuzzing test case #309 (773 total, 0 uniq crashes found)...[0m
[1;94m[*] [0mFuzzing test case #310 (773 total, 0 uniq crashes found)...[0m
scheduled max input!!!!
schedule: 5 level16_1/ijon_max/5
[1;94m[*] [0mFuzzing test case #311 (773 total, 0 uniq crashes found)...[0m
scheduled max input!!!!
schedule: 14 level16_1/ijon_max/14
[1;94m[*] [0mFuzzing test case #312 (773 total, 0 uniq crashes found)...[0m
scheduled max input!!!!
schedule: 5 level16_1/ijon_max/5
[1;94m[*] [0mFuzzing test case #313 (773 total, 0 uniq crashes found)...[0m
[1;94m[*] [0mFuzzing test case #314 (773 total, 0 uniq crashes found)...[0m
[1;94m[*] [0mFuzzing test case #315 (773 total, 0 uniq crashes found)...[0m
scheduled max input!!!!
schedule: 5 level16_1/ijon_max/5
[1;94m[*] [0mFuzzing test case #316 (773 total, 0 uniq crashes found)...[0m
scheduled max input!!!!
schedule: 14 level16_1/ijon_max/14
[1;94m[*] [0mFuzzing test case #317 (773 total, 0 uniq crashes found)...[0m
scheduled max input!!!!
schedule: 11 level16_1/ijon_max/11
[1;94m[*] [0mFuzzing test case #318 (773 total, 0 uniq crashes found)...[0m
scheduled max input!!!!
schedule: 15 level16_1/ijon_max/15
[1;94m[*] [0mFuzzing test case #319 (773 total, 0 uniq crashes found)...[0m
scheduled max input!!!!
schedule: 3 level16_1/ijon_max/3
[1;94m[*] [0mFuzzing test case #320 (773 total, 0 uniq crashes found)...[0m
[1;94m[*] [0mFuzzing test case #321 (773 total, 0 uniq crashes found)...[0m
scheduled max input!!!!
schedule: 8 level16_1/ijon_max/8
[1;94m[*] [0mFuzzing test case #322 (773 total, 0 uniq crashes found)...[0m
scheduled max input!!!!
schedule: 11 level16_1/ijon_max/11
updated maxmap 9: 1d8 (len: 372)
[1;94m[*] [0mFuzzing test case #323 (773 total, 0 uniq crashes found)...[0m
scheduled max input!!!!
schedule: 9 level16_1/ijon_max/9
updated maxmap 9: 1db (len: 372)
updated maxmap 10: 1d9 (len: 372)
updated maxmap 9: 1dc (len: 372)
updated maxmap 10: 1db (len: 372)
updated maxmap 8: 1d9 (len: 374)
updated maxmap 8: 1da (len: 372)
updated maxmap 9: 1df (len: 372)
updated maxmap 10: 1de (len: 372)
updated maxmap 10: 1e3 (len: 372)
updated maxmap 9: 1e4 (len: 372)
updated maxmap 9: 1ed (len: 379)
updated maxmap 10: 1ed (len: 379)
[1;94m[*] [0mFuzzing test case #324 (785 total, 0 uniq crashes found)...[0m
[1;94m[*] [0mFuzzing test case #325 (785 total, 0 uniq crashes found)...[0m
scheduled max input!!!!
schedule: 4 level16_1/ijon_max/4
[1;94m[*] [0mFuzzing test case #326 (785 total, 0 uniq crashes found)...[0m
scheduled max input!!!!
schedule: 0 level16_1/ijon_max/0
[1;94m[*] [0mFuzzing test case #327 (785 total, 0 uniq crashes found)...[0m
scheduled max input!!!!
schedule: 2 level16_1/ijon_max/2
[1;94m[*] [0mFuzzing test case #328 (785 total, 0 uniq crashes found)...[0m
[1;94m[*] [0mFuzzing test case #329 (785 total, 0 uniq crashes found)...[0m
[1;94m[*] [0mFuzzing test case #330 (785 total, 0 uniq crashes found)...[0m
scheduled max input!!!!
schedule: 12 level16_1/ijon_max/12
[1;94m[*] [0mFuzzing test case #331 (785 total, 0 uniq crashes found)...[0m
scheduled max input!!!!
schedule: 7 level16_1/ijon_max/7
updated maxmap 6: 1e3 (len: 364)
[1;94m[*] [0mFuzzing test case #332 (785 total, 0 uniq crashes found)...[0m
[1;94m[*] [0mFuzzing test case #333 (785 total, 0 uniq crashes found)...[0m
scheduled max input!!!!
schedule: 9 level16_1/ijon_max/9
updated maxmap 9: 1ef (len: 379)
updated maxmap 10: 1ef (len: 379)
updated maxmap 10: 1f0 (len: 379)
[1;94m[*] [0mFuzzing test case #334 (787 total, 0 uniq crashes found)...[0m
scheduled max input!!!!
schedule: 7 level16_1/ijon_max/7
[1;94m[*] [0mFuzzing test case #335 (787 total, 0 uniq crashes found)...[0m
scheduled max input!!!!
schedule: 4 level16_1/ijon_max/4
[1;94m[*] [0mFuzzing test case #336 (787 total, 0 uniq crashes found)...[0m
scheduled max input!!!!
schedule: 5 level16_1/ijon_max/5
[1;94m[*] [0mFuzzing test case #337 (787 total, 0 uniq crashes found)...[0m
scheduled max input!!!!
schedule: 11 level16_1/ijon_max/11
[1;94m[*] [0mFuzzing test case #338 (787 total, 0 uniq crashes found)...[0m
scheduled max input!!!!
schedule: 5 level16_1/ijon_max/5
[1;94m[*] [0mFuzzing test case #339 (787 total, 0 uniq crashes found)...[0m
scheduled max input!!!!
schedule: 14 level16_1/ijon_max/14
[1;94m[*] [0mFuzzing test case #340 (787 total, 0 uniq crashes found)...[0m
scheduled max input!!!!
schedule: 4 level16_1/ijon_max/4
[1;94m[*] [0mFuzzing test case #341 (787 total, 0 uniq crashes found)...[0m
[1;94m[*] [0mFuzzing test case #342 (787 total, 0 uniq crashes found)...[0m
scheduled max input!!!!
schedule: 6 level16_1/ijon_max/6
[1;94m[*] [0mFuzzing test case #343 (787 total, 0 uniq crashes found)...[0m
scheduled max input!!!!
schedule: 10 level16_1/ijon_max/10
updated maxmap 9: 1f2 (len: 379)
updated maxmap 10: 1f3 (len: 379)
[1;94m[*] [0mFuzzing test case #344 (787 total, 0 uniq crashes found)...[0m
scheduled max input!!!!
schedule: 0 level16_1/ijon_max/0
[1;94m[*] [0mFuzzing test case #345 (787 total, 0 uniq crashes found)...[0m
[1;94m[*] [0mFuzzing test case #346 (787 total, 0 uniq crashes found)...[0m
scheduled max input!!!!
schedule: 8 level16_1/ijon_max/8
updated maxmap 8: 1db (len: 372)
updated maxmap 8: 1dc (len: 372)
updated maxmap 8: 1dd (len: 373)
[1;94m[*] [0mFuzzing test case #347 (791 total, 0 uniq crashes found)...[0m
scheduled max input!!!!
schedule: 2 level16_1/ijon_max/2
[1;94m[*] [0mFuzzing test case #348 (791 total, 0 uniq crashes found)...[0m
scheduled max input!!!!
schedule: 6 level16_1/ijon_max/6
updated maxmap 6: 1e4 (len: 364)
[1;94m[*] [0mFuzzing test case #349 (791 total, 0 uniq crashes found)...[0m
scheduled max input!!!!
schedule: 5 level16_1/ijon_max/5
[1;94m[*] [0mFuzzing test case #350 (791 total, 0 uniq crashes found)...[0m
scheduled max input!!!!
schedule: 2 level16_1/ijon_max/2
[1;94m[*] [0mFuzzing test case #351 (791 total, 0 uniq crashes found)...[0m
scheduled max input!!!!
schedule: 4 level16_1/ijon_max/4
[1;94m[*] [0mFuzzing test case #352 (791 total, 0 uniq crashes found)...[0m
scheduled max input!!!!
schedule: 7 level16_1/ijon_max/7
[1;94m[*] [0mFuzzing test case #353 (791 total, 0 uniq crashes found)...[0m
scheduled max input!!!!
schedule: 6 level16_1/ijon_max/6
[1;94m[*] [0mFuzzing test case #354 (791 total, 0 uniq crashes found)...[0m
scheduled max input!!!!
schedule: 6 level16_1/ijon_max/6
[1;94m[*] [0mFuzzing test case #355 (791 total, 0 uniq crashes found)...[0m
scheduled max input!!!!
schedule: 4 level16_1/ijon_max/4
[1;94m[*] [0mFuzzing test case #356 (791 total, 0 uniq crashes found)...[0m
scheduled max input!!!!
schedule: 15 level16_1/ijon_max/15
[1;94m[*] [0mFuzzing test case #357 (791 total, 0 uniq crashes found)...[0m
scheduled max input!!!!
schedule: 11 level16_1/ijon_max/11
[1;94m[*] [0mFuzzing test case #358 (791 total, 0 uniq crashes found)...[0m
scheduled max input!!!!
schedule: 3 level16_1/ijon_max/3
[1;94m[*] [0mFuzzing test case #359 (791 total, 0 uniq crashes found)...[0m
scheduled max input!!!!
schedule: 10 level16_1/ijon_max/10
[1;94m[*] [0mFuzzing test case #360 (791 total, 0 uniq crashes found)...[0m
scheduled max input!!!!
schedule: 13 level16_1/ijon_max/13
[1;94m[*] [0mFuzzing test case #361 (791 total, 0 uniq crashes found)...[0m
scheduled max input!!!!
schedule: 4 level16_1/ijon_max/4
[1;94m[*] [0mFuzzing test case #362 (791 total, 0 uniq crashes found)...[0m
scheduled max input!!!!
schedule: 5 level16_1/ijon_max/5
[1;94m[*] [0mFuzzing test case #363 (791 total, 0 uniq crashes found)...[0m
scheduled max input!!!!
schedule: 12 level16_1/ijon_max/12
[1;94m[*] [0mFuzzing test case #364 (791 total, 0 uniq crashes found)...[0m
[1;94m[*] [0mFuzzing test case #365 (791 total, 0 uniq crashes found)...[0m
scheduled max input!!!!
schedule: 14 level16_1/ijon_max/14
[1;94m[*] [0mFuzzing test case #366 (791 total, 0 uniq crashes found)...[0m
scheduled max input!!!!
schedule: 15 level16_1/ijon_max/15
[1;94m[*] [0mFuzzing test case #367 (791 total, 0 uniq crashes found)...[0m
[1;94m[*] [0mFuzzing test case #368 (791 total, 0 uniq crashes found)...[0m
scheduled max input!!!!
schedule: 12 level16_1/ijon_max/12
[1;94m[*] [0mFuzzing test case #369 (791 total, 0 uniq crashes found)...[0m
scheduled max input!!!!
schedule: 4 level16_1/ijon_max/4
[1;94m[*] [0mFuzzing test case #370 (791 total, 0 uniq crashes found)...[0m
scheduled max input!!!!
schedule: 14 level16_1/ijon_max/14
[1;94m[*] [0mFuzzing test case #371 (791 total, 0 uniq crashes found)...[0m
scheduled max input!!!!
schedule: 8 level16_1/ijon_max/8
[1;94m[*] [0mFuzzing test case #372 (791 total, 0 uniq crashes found)...[0m
scheduled max input!!!!
schedule: 11 level16_1/ijon_max/11
[1;94m[*] [0mFuzzing test case #373 (791 total, 0 uniq crashes found)...[0m
scheduled max input!!!!
schedule: 14 level16_1/ijon_max/14
[1;94m[*] [0mFuzzing test case #374 (791 total, 0 uniq crashes found)...[0m
scheduled max input!!!!
schedule: 4 level16_1/ijon_max/4
[1;94m[*] [0mFuzzing test case #375 (791 total, 0 uniq crashes found)...[0m
scheduled max input!!!!
schedule: 10 level16_1/ijon_max/10
updated maxmap 9: 1f3 (len: 383)
[1;94m[*] [0mFuzzing test case #376 (793 total, 0 uniq crashes found)...[0m
[1;94m[*] [0mFuzzing test case #377 (793 total, 0 uniq crashes found)...[0m
scheduled max input!!!!
schedule: 10 level16_1/ijon_max/10
updated maxmap 9: 1f4 (len: 379)
updated maxmap 10: 1f5 (len: 379)
[1;94m[*] [0mFuzzing test case #378 (793 total, 0 uniq crashes found)...[0m
scheduled max input!!!!
schedule: 6 level16_1/ijon_max/6
[1;94m[*] [0mFuzzing test case #379 (793 total, 0 uniq crashes found)...[0m
scheduled max input!!!!
schedule: 3 level16_1/ijon_max/3
[1;94m[*] [0mFuzzing test case #380 (793 total, 0 uniq crashes found)...[0m
scheduled max input!!!!
schedule: 7 level16_1/ijon_max/7
[1;94m[*] [0mFuzzing test case #381 (793 total, 0 uniq crashes found)...[0m
scheduled max input!!!!
schedule: 7 level16_1/ijon_max/7
[1;94m[*] [0mFuzzing test case #382 (793 total, 0 uniq crashes found)...[0m
[1;94m[*] [0mFuzzing test case #383 (793 total, 0 uniq crashes found)...[0m
scheduled max input!!!!
schedule: 3 level16_1/ijon_max/3
[1;94m[*] [0mFuzzing test case #384 (793 total, 0 uniq crashes found)...[0m
scheduled max input!!!!
schedule: 5 level16_1/ijon_max/5
[1;94m[*] [0mFuzzing test case #385 (793 total, 0 uniq crashes found)...[0m
scheduled max input!!!!
schedule: 4 level16_1/ijon_max/4
[1;94m[*] [0mFuzzing test case #386 (793 total, 0 uniq crashes found)...[0m
scheduled max input!!!!
schedule: 11 level16_1/ijon_max/11
[1;94m[*] [0mFuzzing test case #387 (793 total, 0 uniq crashes found)...[0m
[1;94m[*] [0mFuzzing test case #388 (793 total, 0 uniq crashes found)...[0m
scheduled max input!!!!
schedule: 10 level16_1/ijon_max/10
[1;94m[*] [0mFuzzing test case #389 (793 total, 0 uniq crashes found)...[0m
[1;94m[*] [0mFuzzing test case #390 (793 total, 0 uniq crashes found)...[0m
scheduled max input!!!!
schedule: 9 level16_1/ijon_max/9
updated maxmap 10: 1f6 (len: 379)
[1;94m[*] [0mFuzzing test case #391 (793 total, 0 uniq crashes found)...[0m
scheduled max input!!!!
schedule: 0 level16_1/ijon_max/0
[1;94m[*] [0mFuzzing test case #392 (793 total, 0 uniq crashes found)...[0m
[1;94m[*] [0mFuzzing test case #393 (793 total, 0 uniq crashes found)...[0m
scheduled max input!!!!
schedule: 5 level16_1/ijon_max/5
[1;94m[*] [0mFuzzing test case #394 (793 total, 0 uniq crashes found)...[0m
[1;94m[*] [0mFuzzing test case #395 (793 total, 0 uniq crashes found)...[0m
[1;94m[*] [0mFuzzing test case #396 (793 total, 0 uniq crashes found)...[0m
scheduled max input!!!!
schedule: 10 level16_1/ijon_max/10
[1;94m[*] [0mFuzzing test case #397 (793 total, 0 uniq crashes found)...[0m
scheduled max input!!!!
schedule: 11 level16_1/ijon_max/11
[1;94m[*] [0mFuzzing test case #398 (793 total, 0 uniq crashes found)...[0m
scheduled max input!!!!
schedule: 10 level16_1/ijon_max/10
[1;94m[*] [0mFuzzing test case #399 (794 total, 0 uniq crashes found)...[0m
scheduled max input!!!!
schedule: 10 level16_1/ijon_max/10
[1;94m[*] [0mFuzzing test case #400 (794 total, 0 uniq crashes found)...[0m
scheduled max input!!!!
schedule: 0 level16_1/ijon_max/0
[1;94m[*] [0mFuzzing test case #401 (794 total, 0 uniq crashes found)...[0m
scheduled max input!!!!
schedule: 5 level16_1/ijon_max/5
updated maxmap 5: 1e2 (len: 370)
updated maxmap 6: 1e6 (len: 370)
updated maxmap 7: 1ea (len: 370)
[1;94m[*] [0mFuzzing test case #402 (794 total, 0 uniq crashes found)...[0m
scheduled max input!!!!
schedule: 9 level16_1/ijon_max/9
[1;94m[*] [0mFuzzing test case #403 (794 total, 0 uniq crashes found)...[0m
scheduled max input!!!!
schedule: 12 level16_1/ijon_max/12
[1;94m[*] [0mFuzzing test case #404 (794 total, 0 uniq crashes found)...[0m
scheduled max input!!!!
schedule: 2 level16_1/ijon_max/2
[1;94m[*] [0mFuzzing test case #405 (794 total, 0 uniq crashes found)...[0m
scheduled max input!!!!
schedule: 7 level16_1/ijon_max/7
[1;94m[*] [0mFuzzing test case #406 (794 total, 0 uniq crashes found)...[0m
scheduled max input!!!!
schedule: 8 level16_1/ijon_max/8
[1;94m[*] [0mFuzzing test case #407 (794 total, 0 uniq crashes found)...[0m
scheduled max input!!!!
schedule: 13 level16_1/ijon_max/13
[1;94m[*] [0mFuzzing test case #408 (794 total, 0 uniq crashes found)...[0m
scheduled max input!!!!
schedule: 11 level16_1/ijon_max/11
[1;94m[*] [0mFuzzing test case #409 (794 total, 0 uniq crashes found)...[0m
scheduled max input!!!!
schedule: 14 level16_1/ijon_max/14
[1;94m[*] [0mFuzzing test case #410 (794 total, 0 uniq crashes found)...[0m
scheduled max input!!!!
schedule: 6 level16_1/ijon_max/6
[1;94m[*] [0mFuzzing test case #411 (794 total, 0 uniq crashes found)...[0m
scheduled max input!!!!
schedule: 4 level16_1/ijon_max/4
[1;94m[*] [0mFuzzing test case #412 (794 total, 0 uniq crashes found)...[0m
scheduled max input!!!!
schedule: 12 level16_1/ijon_max/12
[1;94m[*] [0mFuzzing test case #413 (794 total, 0 uniq crashes found)...[0m
[1;94m[*] [0mFuzzing test case #414 (794 total, 0 uniq crashes found)...[0m
[1;94m[*] [0mFuzzing test case #415 (794 total, 0 uniq crashes found)...[0m
scheduled max input!!!!
schedule: 10 level16_1/ijon_max/10
[1;94m[*] [0mFuzzing test case #416 (794 total, 0 uniq crashes found)...[0m
scheduled max input!!!!
schedule: 7 level16_1/ijon_max/7
updated maxmap 6: 1ea (len: 370)
[1;94m[*] [0mFuzzing test case #417 (794 total, 0 uniq crashes found)...[0m
scheduled max input!!!!
schedule: 11 level16_1/ijon_max/11
[1;94m[*] [0mFuzzing test case #418 (794 total, 0 uniq crashes found)...[0m
scheduled max input!!!!
schedule: 9 level16_1/ijon_max/9
updated maxmap 9: 1f8 (len: 383)
updated maxmap 10: 1f9 (len: 383)
updated maxmap 9: 1fe (len: 387)
updated maxmap 10: 1fd (len: 387)
[1;94m[*] [0mFuzzing test case #419 (797 total, 0 uniq crashes found)...[0m
scheduled max input!!!!
schedule: 4 level16_1/ijon_max/4
[1;94m[*] [0mFuzzing test case #420 (797 total, 0 uniq crashes found)...[0m
scheduled max input!!!!
schedule: 0 level16_1/ijon_max/0
[1;94m[*] [0mFuzzing test case #421 (797 total, 0 uniq crashes found)...[0m
[1;94m[*] [0mFuzzing test case #422 (797 total, 0 uniq crashes found)...[0m
scheduled max input!!!!
schedule: 6 level16_1/ijon_max/6
[1;94m[*] [0mFuzzing test case #423 (797 total, 0 uniq crashes found)...[0m
scheduled max input!!!!
schedule: 7 level16_1/ijon_max/7
updated maxmap 5: 1e7 (len: 375)
updated maxmap 7: 1ed (len: 370)
[1;94m[*] [0mFuzzing test case #424 (798 total, 0 uniq crashes found)...[0m
scheduled normal input!!!!
[1;94m[*] [0mFuzzing test case #425 (798 total, 0 uniq crashes found)...[0m
scheduled max input!!!!
schedule: 11 level16_1/ijon_max/11
[1;94m[*] [0mFuzzing test case #426 (798 total, 0 uniq crashes found)...[0m
[1;94m[*] [0mFuzzing test case #427 (798 total, 0 uniq crashes found)...[0m
[1;94m[*] [0mFuzzing test case #428 (798 total, 0 uniq crashes found)...[0m
scheduled max input!!!!
schedule: 6 level16_1/ijon_max/6
[1;94m[*] [0mFuzzing test case #429 (798 total, 0 uniq crashes found)...[0m
[1;94m[*] [0mFuzzing test case #430 (798 total, 0 uniq crashes found)...[0m
scheduled max input!!!!
schedule: 3 level16_1/ijon_max/3
[1;94m[*] [0mFuzzing test case #431 (798 total, 0 uniq crashes found)...[0m
scheduled max input!!!!
schedule: 5 level16_1/ijon_max/5
[1;94m[*] [0mFuzzing test case #432 (798 total, 0 uniq crashes found)...[0m
scheduled max input!!!!
schedule: 11 level16_1/ijon_max/11
[1;94m[*] [0mFuzzing test case #433 (798 total, 0 uniq crashes found)...[0m
scheduled max input!!!!
schedule: 4 level16_1/ijon_max/4
[1;94m[*] [0mFuzzing test case #434 (798 total, 0 uniq crashes found)...[0m
scheduled max input!!!!
schedule: 3 level16_1/ijon_max/3
[1;94m[*] [0mFuzzing test case #435 (798 total, 0 uniq crashes found)...[0m
scheduled max input!!!!
schedule: 6 level16_1/ijon_max/6
[1;94m[*] [0mFuzzing test case #436 (799 total, 0 uniq crashes found)...[0m
scheduled max input!!!!
schedule: 13 level16_1/ijon_max/13
[1;94m[*] [0mFuzzing test case #437 (799 total, 0 uniq crashes found)...[0m
scheduled max input!!!!
schedule: 10 level16_1/ijon_max/10
[1;94m[*] [0mFuzzing test case #438 (799 total, 0 uniq crashes found)...[0m
scheduled max input!!!!
schedule: 7 level16_1/ijon_max/7
updated maxmap 5: 1f0 (len: 370)
updated maxmap 6: 1ef (len: 370)
[1;94m[*] [0mFuzzing test case #439 (799 total, 0 uniq crashes found)...[0m
scheduled max input!!!!
schedule: 0 level16_1/ijon_max/0
[1;94m[*] [0mFuzzing test case #440 (799 total, 0 uniq crashes found)...[0m
scheduled max input!!!!
schedule: 11 level16_1/ijon_max/11
[1;94m[*] [0mFuzzing test case #441 (799 total, 0 uniq crashes found)...[0m
scheduled max input!!!!
schedule: 3 level16_1/ijon_max/3
[1;94m[*] [0mFuzzing test case #442 (799 total, 0 uniq crashes found)...[0m
scheduled max input!!!!
schedule: 14 level16_1/ijon_max/14
[1;94m[*] [0mFuzzing test case #443 (799 total, 0 uniq crashes found)...[0m
scheduled max input!!!!
schedule: 3 level16_1/ijon_max/3
[1;94m[*] [0mFuzzing test case #444 (799 total, 0 uniq crashes found)...[0m
scheduled max input!!!!
schedule: 11 level16_1/ijon_max/11
[1;94m[*] [0mFuzzing test case #445 (799 total, 0 uniq crashes found)...[0m
scheduled max input!!!!
schedule: 13 level16_1/ijon_max/13
[1;94m[*] [0mFuzzing test case #446 (799 total, 0 uniq crashes found)...[0m
scheduled max input!!!!
schedule: 2 level16_1/ijon_max/2
[1;94m[*] [0mFuzzing test case #447 (799 total, 0 uniq crashes found)...[0m
scheduled max input!!!!
schedule: 6 level16_1/ijon_max/6
[1;94m[*] [0mFuzzing test case #448 (799 total, 0 uniq crashes found)...[0m
scheduled max input!!!!
schedule: 10 level16_1/ijon_max/10
[1;94m[*] [0mFuzzing test case #449 (799 total, 0 uniq crashes found)...[0m
scheduled max input!!!!
schedule: 12 level16_1/ijon_max/12
[1;94m[*] [0mFuzzing test case #450 (799 total, 0 uniq crashes found)...[0m
scheduled max input!!!!
schedule: 12 level16_1/ijon_max/12
[1;94m[*] [0mFuzzing test case #451 (799 total, 0 uniq crashes found)...[0m
scheduled max input!!!!
schedule: 5 level16_1/ijon_max/5
updated maxmap 7: 1ee (len: 370)
updated maxmap 5: 1f3 (len: 370)
updated maxmap 6: 1f2 (len: 370)
updated maxmap 5: 1f7 (len: 373)
updated maxmap 6: 1f5 (len: 373)
updated maxmap 7: 1f0 (len: 373)
updated maxmap 5: 1fc (len: 377)
[1;94m[*] [0mFuzzing test case #452 (807 total, 0 uniq crashes found)...[0m
scheduled max input!!!!
schedule: 4 level16_1/ijon_max/4
[1;94m[*] [0mFuzzing test case #453 (807 total, 0 uniq crashes found)...[0m
[1;94m[*] [0mFuzzing test case #454 (807 total, 0 uniq crashes found)...[0m
scheduled max input!!!!
schedule: 6 level16_1/ijon_max/6
[1;94m[*] [0mFuzzing test case #455 (807 total, 0 uniq crashes found)...[0m
scheduled max input!!!!
schedule: 10 level16_1/ijon_max/10
[1;94m[*] [0mFuzzing test case #456 (807 total, 0 uniq crashes found)...[0m
scheduled max input!!!!
schedule: 11 level16_1/ijon_max/11
[1;94m[*] [0mFuzzing test case #457 (807 total, 0 uniq crashes found)...[0m
scheduled max input!!!!
schedule: 9 level16_1/ijon_max/9
[1;94m[*] [0mFuzzing test case #458 (807 total, 0 uniq crashes found)...[0m
scheduled max input!!!!
schedule: 3 level16_1/ijon_max/3
[1;94m[*] [0mFuzzing test case #459 (807 total, 0 uniq crashes found)...[0m
scheduled max input!!!!
schedule: 11 level16_1/ijon_max/11
[1;94m[*] [0mFuzzing test case #460 (808 total, 0 uniq crashes found)...[0m
[1;94m[*] [0mFuzzing test case #461 (808 total, 0 uniq crashes found)...[0m
scheduled max input!!!!
schedule: 9 level16_1/ijon_max/9
[1;94m[*] [0mFuzzing test case #462 (808 total, 0 uniq crashes found)...[0m
scheduled max input!!!!
schedule: 6 level16_1/ijon_max/6
[1;94m[*] [0mFuzzing test case #463 (808 total, 0 uniq crashes found)...[0m
scheduled max input!!!!
schedule: 3 level16_1/ijon_max/3
[1;94m[*] [0mFuzzing test case #464 (808 total, 0 uniq crashes found)...[0m
scheduled max input!!!!
schedule: 14 level16_1/ijon_max/14
[1;94m[*] [0mFuzzing test case #465 (808 total, 0 uniq crashes found)...[0m
[1;94m[*] [0mFuzzing test case #466 (808 total, 0 uniq crashes found)...[0m
scheduled max input!!!!
schedule: 12 level16_1/ijon_max/12
[1;94m[*] [0mFuzzing test case #467 (808 total, 0 uniq crashes found)...[0m
scheduled max input!!!!
schedule: 15 level16_1/ijon_max/15
[1;94m[*] [0mFuzzing test case #468 (808 total, 0 uniq crashes found)...[0m
scheduled max input!!!!
schedule: 9 level16_1/ijon_max/9
[1;94m[*] [0mFuzzing test case #469 (808 total, 0 uniq crashes found)...[0m
[1;94m[*] [0mFuzzing test case #470 (808 total, 0 uniq crashes found)...[0m
[1;94m[*] [0mFuzzing test case #471 (808 total, 0 uniq crashes found)...[0m
scheduled max input!!!!
schedule: 15 level16_1/ijon_max/15
[1;94m[*] [0mFuzzing test case #472 (808 total, 0 uniq crashes found)...[0m
scheduled max input!!!!
schedule: 2 level16_1/ijon_max/2
[1;94m[*] [0mFuzzing test case #473 (808 total, 0 uniq crashes found)...[0m
scheduled max input!!!!
schedule: 14 level16_1/ijon_max/14
[1;94m[*] [0mFuzzing test case #474 (808 total, 0 uniq crashes found)...[0m
scheduled max input!!!!
schedule: 5 level16_1/ijon_max/5
[1;94m[*] [0mFuzzing test case #475 (808 total, 0 uniq crashes found)...[0m
scheduled max input!!!!
schedule: 11 level16_1/ijon_max/11
[1;94m[*] [0mFuzzing test case #476 (809 total, 0 uniq crashes found)...[0m
scheduled max input!!!!
schedule: 5 level16_1/ijon_max/5
[1;94m[*] [0mFuzzing test case #477 (809 total, 0 uniq crashes found)...[0m
scheduled max input!!!!
schedule: 13 level16_1/ijon_max/13
[1;94m[*] [0mFuzzing test case #478 (809 total, 0 uniq crashes found)...[0m
scheduled max input!!!!
schedule: 8 level16_1/ijon_max/8
[1;94m[*] [0mFuzzing test case #479 (809 total, 0 uniq crashes found)...[0m
scheduled max input!!!!
schedule: 8 level16_1/ijon_max/8
updated maxmap 8: 1de (len: 373)
updated maxmap 8: 1df (len: 373)
[1;94m[*] [0mFuzzing test case #480 (809 total, 0 uniq crashes found)...[0m
scheduled max input!!!!
schedule: 9 level16_1/ijon_max/9
updated maxmap 10: 1fe (len: 387)
[1;94m[*] [0mFuzzing test case #481 (810 total, 0 uniq crashes found)...[0m
scheduled max input!!!!
schedule: 8 level16_1/ijon_max/8
[1;94m[*] [0mFuzzing test case #482 (810 total, 0 uniq crashes found)...[0m
scheduled max input!!!!
schedule: 9 level16_1/ijon_max/9
[1;94m[*] [0mFuzzing test case #483 (811 total, 0 uniq crashes found)...[0m
[1;94m[*] [0mFuzzing test case #484 (811 total, 0 uniq crashes found)...[0m
scheduled max input!!!!
schedule: 9 level16_1/ijon_max/9
[1;94m[*] [0mFuzzing test case #485 (811 total, 0 uniq crashes found)...[0m
scheduled max input!!!!
schedule: 7 level16_1/ijon_max/7
[1;94m[*] [0mFuzzing test case #486 (811 total, 0 uniq crashes found)...[0m
scheduled max input!!!!
schedule: 0 level16_1/ijon_max/0
[1;94m[*] [0mFuzzing test case #487 (811 total, 0 uniq crashes found)...[0m
[1;94m[*] [0mFuzzing test case #488 (811 total, 0 uniq crashes found)...[0m
[1;94m[*] [0mFuzzing test case #489 (811 total, 0 uniq crashes found)...[0m
scheduled max input!!!!
schedule: 8 level16_1/ijon_max/8
[1;94m[*] [0mFuzzing test case #490 (811 total, 0 uniq crashes found)...[0m
[1;94m[*] [0mFuzzing test case #491 (811 total, 0 uniq crashes found)...[0m
scheduled max input!!!!
schedule: 15 level16_1/ijon_max/15
[1;94m[*] [0mFuzzing test case #492 (811 total, 0 uniq crashes found)...[0m
scheduled max input!!!!
schedule: 5 level16_1/ijon_max/5
updated maxmap 5: 1fe (len: 377)
[1;94m[*] [0mFuzzing test case #493 (811 total, 0 uniq crashes found)...[0m
scheduled max input!!!!
schedule: 2 level16_1/ijon_max/2
[1;94m[*] [0mFuzzing test case #494 (811 total, 0 uniq crashes found)...[0m
scheduled max input!!!!
schedule: 8 level16_1/ijon_max/8
[1;94m[*] [0mFuzzing test case #495 (811 total, 0 uniq crashes found)...[0m
scheduled max input!!!!
schedule: 12 level16_1/ijon_max/12
[1;94m[*] [0mFuzzing test case #496 (811 total, 0 uniq crashes found)...[0m
scheduled max input!!!!
schedule: 5 level16_1/ijon_max/5
[1;94m[*] [0mFuzzing test case #497 (811 total, 0 uniq crashes found)...[0m
scheduled max input!!!!
schedule: 13 level16_1/ijon_max/13
[1;94m[*] [0mFuzzing test case #498 (811 total, 0 uniq crashes found)...[0m
scheduled max input!!!!
schedule: 8 level16_1/ijon_max/8
[1;94m[*] [0mFuzzing test case #499 (811 total, 0 uniq crashes found)...[0m
scheduled max input!!!!
schedule: 8 level16_1/ijon_max/8
[1;94m[*] [0mFuzzing test case #500 (811 total, 0 uniq crashes found)...[0m
scheduled max input!!!!
schedule: 8 level16_1/ijon_max/8
[1;94m[*] [0mFuzzing test case #501 (811 total, 0 uniq crashes found)...[0m
[1;94m[*] [0mFuzzing test case #502 (811 total, 0 uniq crashes found)...[0m
scheduled max input!!!!
schedule: 12 level16_1/ijon_max/12
[1;94m[*] [0mFuzzing test case #503 (811 total, 0 uniq crashes found)...[0m
scheduled max input!!!!
schedule: 8 level16_1/ijon_max/8
[1;94m[*] [0mFuzzing test case #504 (811 total, 0 uniq crashes found)...[0m
scheduled max input!!!!
schedule: 12 level16_1/ijon_max/12
[1;94m[*] [0mFuzzing test case #505 (811 total, 0 uniq crashes found)...[0m
scheduled max input!!!!
schedule: 9 level16_1/ijon_max/9
[1;94m[*] [0mFuzzing test case #506 (811 total, 0 uniq crashes found)...[0m
[1;94m[*] [0mFuzzing test case #507 (811 total, 0 uniq crashes found)...[0m
scheduled max input!!!!
schedule: 3 level16_1/ijon_max/3
[1;94m[*] [0mFuzzing test case #508 (811 total, 0 uniq crashes found)...[0m
[1;94m[*] [0mFuzzing test case #509 (811 total, 0 uniq crashes found)...[0m
scheduled max input!!!!
schedule: 6 level16_1/ijon_max/6
[1;94m[*] [0mFuzzing test case #510 (811 total, 0 uniq crashes found)...[0m
[1;94m[*] [0mFuzzing test case #511 (811 total, 0 uniq crashes found)...[0m
scheduled max input!!!!
schedule: 7 level16_1/ijon_max/7
[1;94m[*] [0mFuzzing test case #512 (811 total, 0 uniq crashes found)...[0m
scheduled max input!!!!
schedule: 11 level16_1/ijon_max/11
[1;94m[*] [0mFuzzing test case #513 (811 total, 0 uniq crashes found)...[0m
scheduled max input!!!!
schedule: 11 level16_1/ijon_max/11
[1;94m[*] [0mFuzzing test case #514 (811 total, 0 uniq crashes found)...[0m
scheduled max input!!!!
schedule: 8 level16_1/ijon_max/8
[1;94m[*] [0mFuzzing test case #515 (812 total, 0 uniq crashes found)...[0m
scheduled max input!!!!
schedule: 9 level16_1/ijon_max/9
[1;94m[*] [0mFuzzing test case #516 (813 total, 0 uniq crashes found)...[0m
scheduled max input!!!!
schedule: 3 level16_1/ijon_max/3
[1;94m[*] [0mFuzzing test case #517 (813 total, 0 uniq crashes found)...[0m
scheduled max input!!!!
schedule: 11 level16_1/ijon_max/11
[1;94m[*] [0mFuzzing test case #518 (813 total, 0 uniq crashes found)...[0m
[1;94m[*] [0mFuzzing test case #519 (813 total, 0 uniq crashes found)...[0m
scheduled max input!!!!
schedule: 10 level16_1/ijon_max/10
[1;94m[*] [0mFuzzing test case #520 (813 total, 0 uniq crashes found)...[0m
scheduled max input!!!!
schedule: 5 level16_1/ijon_max/5
[1;94m[*] [0mFuzzing test case #521 (813 total, 0 uniq crashes found)...[0m
scheduled max input!!!!
schedule: 0 level16_1/ijon_max/0
[1;94m[*] [0mFuzzing test case #522 (813 total, 0 uniq crashes found)...[0m
[1;94m[*] [0mFuzzing test case #523 (813 total, 0 uniq crashes found)...[0m
scheduled max input!!!!
schedule: 12 level16_1/ijon_max/12
[1;94m[*] [0mFuzzing test case #524 (813 total, 0 uniq crashes found)...[0m
scheduled max input!!!!
schedule: 6 level16_1/ijon_max/6
[1;94m[*] [0mFuzzing test case #525 (813 total, 0 uniq crashes found)...[0m
scheduled max input!!!!
schedule: 7 level16_1/ijon_max/7
[1;94m[*] [0mFuzzing test case #526 (813 total, 0 uniq crashes found)...[0m
[1;94m[*] [0mFuzzing test case #527 (813 total, 0 uniq crashes found)...[0m
scheduled max input!!!!
schedule: 7 level16_1/ijon_max/7
updated maxmap 6: 1f6 (len: 373)
updated maxmap 7: 1f1 (len: 373)
updated maxmap 4: 201 (len: 380)
[1;94m[*] [0mFuzzing test case #528 (813 total, 0 uniq crashes found)...[0m
scheduled max input!!!!
schedule: 14 level16_1/ijon_max/14
[1;94m[*] [0mFuzzing test case #529 (813 total, 0 uniq crashes found)...[0m
scheduled max input!!!!
schedule: 5 level16_1/ijon_max/5
[1;94m[*] [0mFuzzing test case #530 (813 total, 0 uniq crashes found)...[0m
scheduled max input!!!!
schedule: 2 level16_1/ijon_max/2
[1;94m[*] [0mFuzzing test case #531 (813 total, 0 uniq crashes found)...[0m
scheduled max input!!!!
schedule: 11 level16_1/ijon_max/11
[1;94m[*] [0mFuzzing test case #532 (813 total, 0 uniq crashes found)...[0m
scheduled max input!!!!
schedule: 14 level16_1/ijon_max/14
[1;94m[*] [0mFuzzing test case #533 (813 total, 0 uniq crashes found)...[0m
scheduled max input!!!!
schedule: 8 level16_1/ijon_max/8
[1;94m[*] [0mFuzzing test case #534 (813 total, 0 uniq crashes found)...[0m
[1;94m[*] [0mFuzzing test case #535 (813 total, 0 uniq crashes found)...[0m
scheduled max input!!!!
schedule: 2 level16_1/ijon_max/2
[1;94m[*] [0mFuzzing test case #536 (813 total, 0 uniq crashes found)...[0m
[1;94m[*] [0mFuzzing test case #537 (813 total, 0 uniq crashes found)...[0m
scheduled max input!!!!
schedule: 14 level16_1/ijon_max/14
[1;94m[*] [0mFuzzing test case #538 (813 total, 0 uniq crashes found)...[0m
scheduled max input!!!!
schedule: 14 level16_1/ijon_max/14
[1;94m[*] [0mFuzzing test case #539 (813 total, 0 uniq crashes found)...[0m
scheduled max input!!!!
schedule: 4 level16_1/ijon_max/4
[1;94m[*] [0mFuzzing test case #540 (813 total, 0 uniq crashes found)...[0m
[1;94m[*] [0mFuzzing test case #541 (813 total, 0 uniq crashes found)...[0m
scheduled max input!!!!
schedule: 8 level16_1/ijon_max/8
[1;94m[*] [0mFuzzing test case #542 (813 total, 0 uniq crashes found)...[0m
scheduled max input!!!!
schedule: 8 level16_1/ijon_max/8
[1;94m[*] [0mFuzzing test case #543 (813 total, 0 uniq crashes found)...[0m
scheduled max input!!!!
schedule: 14 level16_1/ijon_max/14
[1;94m[*] [0mFuzzing test case #544 (813 total, 0 uniq crashes found)...[0m
scheduled max input!!!!
schedule: 13 level16_1/ijon_max/13
[1;94m[*] [0mFuzzing test case #545 (813 total, 0 uniq crashes found)...[0m
scheduled max input!!!!
schedule: 14 level16_1/ijon_max/14
[1;94m[*] [0mFuzzing test case #546 (813 total, 0 uniq crashes found)...[0m
scheduled max input!!!!
schedule: 2 level16_1/ijon_max/2
[1;94m[*] [0mFuzzing test case #547 (813 total, 0 uniq crashes found)...[0m
[1;94m[*] [0mFuzzing test case #548 (813 total, 0 uniq crashes found)...[0m
scheduled max input!!!!
schedule: 5 level16_1/ijon_max/5
[1;94m[*] [0mFuzzing test case #549 (813 total, 0 uniq crashes found)...[0m
[1;94m[*] [0mFuzzing test case #550 (813 total, 0 uniq crashes found)...[0m
scheduled max input!!!!
schedule: 0 level16_1/ijon_max/0
[1;94m[*] [0mFuzzing test case #551 (813 total, 0 uniq crashes found)...[0m
scheduled max input!!!!
schedule: 3 level16_1/ijon_max/3
[1;94m[*] [0mFuzzing test case #552 (813 total, 0 uniq crashes found)...[0m
scheduled max input!!!!
schedule: 14 level16_1/ijon_max/14
[1;94m[*] [0mFuzzing test case #553 (813 total, 0 uniq crashes found)...[0m
scheduled max input!!!!
schedule: 4 level16_1/ijon_max/4
[1;94m[*] [0mFuzzing test case #554 (813 total, 0 uniq crashes found)...[0m
scheduled max input!!!!
schedule: 9 level16_1/ijon_max/9
[1;94m[*] [0mFuzzing test case #555 (813 total, 0 uniq crashes found)...[0m
scheduled max input!!!!
schedule: 10 level16_1/ijon_max/10
[1;94m[*] [0mFuzzing test case #556 (813 total, 0 uniq crashes found)...[0m
scheduled max input!!!!
schedule: 3 level16_1/ijon_max/3
[1;94m[*] [0mFuzzing test case #557 (813 total, 0 uniq crashes found)...[0m
scheduled max input!!!!
schedule: 15 level16_1/ijon_max/15
[1;94m[*] [0mFuzzing test case #558 (813 total, 0 uniq crashes found)...[0m
scheduled max input!!!!
schedule: 15 level16_1/ijon_max/15
[1;94m[*] [0mFuzzing test case #559 (813 total, 0 uniq crashes found)...[0m
scheduled max input!!!!
schedule: 12 level16_1/ijon_max/12
[1;94m[*] [0mFuzzing test case #560 (813 total, 0 uniq crashes found)...[0m
scheduled max input!!!!
schedule: 6 level16_1/ijon_max/6
[1;94m[*] [0mFuzzing test case #561 (813 total, 0 uniq crashes found)...[0m
scheduled max input!!!!
schedule: 10 level16_1/ijon_max/10
[1;94m[*] [0mFuzzing test case #562 (813 total, 0 uniq crashes found)...[0m
scheduled max input!!!!
schedule: 13 level16_1/ijon_max/13
[1;94m[*] [0mFuzzing test case #563 (813 total, 0 uniq crashes found)...[0m
scheduled max input!!!!
schedule: 5 level16_1/ijon_max/5
[1;94m[*] [0mFuzzing test case #564 (814 total, 0 uniq crashes found)...[0m
[1;94m[*] [0mFuzzing test case #565 (814 total, 0 uniq crashes found)...[0m
[1;94m[*] [0mFuzzing test case #566 (814 total, 0 uniq crashes found)...[0m
scheduled max input!!!!
schedule: 5 level16_1/ijon_max/5
[1;94m[*] [0mFuzzing test case #567 (814 total, 0 uniq crashes found)...[0m
scheduled max input!!!!
schedule: 11 level16_1/ijon_max/11
[1;94m[*] [0mFuzzing test case #568 (815 total, 0 uniq crashes found)...[0m
scheduled max input!!!!
schedule: 8 level16_1/ijon_max/8
[1;94m[*] [0mFuzzing test case #569 (815 total, 0 uniq crashes found)...[0m
scheduled max input!!!!
schedule: 12 level16_1/ijon_max/12
[1;94m[*] [0mFuzzing test case #570 (815 total, 0 uniq crashes found)...[0m
scheduled max input!!!!
schedule: 13 level16_1/ijon_max/13
[1;94m[*] [0mFuzzing test case #571 (815 total, 0 uniq crashes found)...[0m
scheduled max input!!!!
schedule: 11 level16_1/ijon_max/11
[1;94m[*] [0mFuzzing test case #572 (815 total, 0 uniq crashes found)...[0m
scheduled max input!!!!
schedule: 0 level16_1/ijon_max/0
[1;94m[*] [0mFuzzing test case #573 (815 total, 0 uniq crashes found)...[0m
scheduled max input!!!!
schedule: 4 level16_1/ijon_max/4
[1;94m[*] [0mFuzzing test case #574 (816 total, 0 uniq crashes found)...[0m
scheduled max input!!!!
schedule: 15 level16_1/ijon_max/15
[1;94m[*] [0mFuzzing test case #575 (816 total, 0 uniq crashes found)...[0m
scheduled max input!!!!
schedule: 2 level16_1/ijon_max/2
[1;94m[*] [0mFuzzing test case #576 (816 total, 0 uniq crashes found)...[0m
scheduled max input!!!!
schedule: 15 level16_1/ijon_max/15
[1;94m[*] [0mFuzzing test case #577 (816 total, 0 uniq crashes found)...[0m
scheduled max input!!!!
schedule: 0 level16_1/ijon_max/0
[1;94m[*] [0mFuzzing test case #578 (816 total, 0 uniq crashes found)...[0m
scheduled max input!!!!
schedule: 4 level16_1/ijon_max/4
[1;94m[*] [0mFuzzing test case #579 (816 total, 0 uniq crashes found)...[0m
scheduled max input!!!!
schedule: 10 level16_1/ijon_max/10
[1;94m[*] [0mFuzzing test case #580 (816 total, 0 uniq crashes found)...[0m
scheduled max input!!!!
schedule: 10 level16_1/ijon_max/10
updated maxmap 9: 203 (len: 395)
[1;94m[*] [0mFuzzing test case #581 (816 total, 0 uniq crashes found)...[0m
scheduled max input!!!!
schedule: 6 level16_1/ijon_max/6
[1;94m[*] [0mFuzzing test case #582 (816 total, 0 uniq crashes found)...[0m
scheduled max input!!!!
schedule: 2 level16_1/ijon_max/2
[1;94m[*] [0mFuzzing test case #583 (816 total, 0 uniq crashes found)...[0m
scheduled max input!!!!
schedule: 5 level16_1/ijon_max/5
[1;94m[*] [0mFuzzing test case #584 (816 total, 0 uniq crashes found)...[0m
scheduled max input!!!!
schedule: 10 level16_1/ijon_max/10
[1;94m[*] [0mFuzzing test case #585 (816 total, 0 uniq crashes found)...[0m
scheduled max input!!!!
schedule: 2 level16_1/ijon_max/2
[1;94m[*] [0mFuzzing test case #586 (816 total, 0 uniq crashes found)...[0m
scheduled max input!!!!
schedule: 6 level16_1/ijon_max/6
[1;94m[*] [0mFuzzing test case #587 (816 total, 0 uniq crashes found)...[0m
scheduled max input!!!!
schedule: 0 level16_1/ijon_max/0
[1;94m[*] [0mFuzzing test case #588 (816 total, 0 uniq crashes found)...[0m
scheduled max input!!!!
schedule: 0 level16_1/ijon_max/0
[1;94m[*] [0mFuzzing test case #589 (816 total, 0 uniq crashes found)...[0m
scheduled max input!!!!
schedule: 3 level16_1/ijon_max/3
[1;94m[*] [0mFuzzing test case #590 (816 total, 0 uniq crashes found)...[0m
scheduled max input!!!!
schedule: 14 level16_1/ijon_max/14
[1;94m[*] [0mFuzzing test case #591 (816 total, 0 uniq crashes found)...[0m
[1;94m[*] [0mFuzzing test case #592 (816 total, 0 uniq crashes found)...[0m
scheduled max input!!!!
schedule: 6 level16_1/ijon_max/6
[1;94m[*] [0mFuzzing test case #593 (816 total, 0 uniq crashes found)...[0m
scheduled max input!!!!
schedule: 8 level16_1/ijon_max/8
[1;94m[*] [0mFuzzing test case #594 (816 total, 0 uniq crashes found)...[0m
scheduled max input!!!!
schedule: 15 level16_1/ijon_max/15
[1;94m[*] [0mFuzzing test case #595 (816 total, 0 uniq crashes found)...[0m
scheduled max input!!!!
schedule: 3 level16_1/ijon_max/3
[1;94m[*] [0mFuzzing test case #596 (816 total, 0 uniq crashes found)...[0m
[1;94m[*] [0mFuzzing test case #597 (816 total, 0 uniq crashes found)...[0m
[1;94m[*] [0mFuzzing test case #598 (816 total, 0 uniq crashes found)...[0m
scheduled max input!!!!
schedule: 6 level16_1/ijon_max/6
[1;94m[*] [0mFuzzing test case #599 (816 total, 0 uniq crashes found)...[0m
scheduled max input!!!!
schedule: 14 level16_1/ijon_max/14
[1;94m[*] [0mFuzzing test case #600 (816 total, 0 uniq crashes found)...[0m
scheduled max input!!!!
schedule: 10 level16_1/ijon_max/10
[1;94m[*] [0mFuzzing test case #601 (816 total, 0 uniq crashes found)...[0m
scheduled max input!!!!
schedule: 5 level16_1/ijon_max/5
[1;94m[*] [0mFuzzing test case #602 (816 total, 0 uniq crashes found)...[0m
scheduled max input!!!!
schedule: 4 level16_1/ijon_max/4
updated maxmap 5: 209 (len: 385)
[1;94m[*] [0mFuzzing test case #603 (817 total, 0 uniq crashes found)...[0m
scheduled max input!!!!
schedule: 14 level16_1/ijon_max/14
[1;94m[*] [0mFuzzing test case #604 (817 total, 0 uniq crashes found)...[0m
scheduled max input!!!!
schedule: 6 level16_1/ijon_max/6
[1;94m[*] [0mFuzzing test case #605 (817 total, 0 uniq crashes found)...[0m
scheduled max input!!!!
schedule: 11 level16_1/ijon_max/11
[1;94m[*] [0mFuzzing test case #606 (817 total, 0 uniq crashes found)...[0m
scheduled max input!!!!
schedule: 15 level16_1/ijon_max/15
[1;94m[*] [0mFuzzing test case #607 (817 total, 0 uniq crashes found)...[0m
scheduled max input!!!!
schedule: 6 level16_1/ijon_max/6
[1;94m[*] [0mFuzzing test case #608 (817 total, 0 uniq crashes found)...[0m
scheduled max input!!!!
schedule: 10 level16_1/ijon_max/10
[1;94m[*] [0mFuzzing test case #609 (817 total, 0 uniq crashes found)...[0m
scheduled max input!!!!
schedule: 8 level16_1/ijon_max/8
[1;94m[*] [0mFuzzing test case #610 (817 total, 0 uniq crashes found)...[0m
scheduled max input!!!!
schedule: 11 level16_1/ijon_max/11
[1;94m[*] [0mFuzzing test case #611 (817 total, 0 uniq crashes found)...[0m
scheduled max input!!!!
schedule: 9 level16_1/ijon_max/9
[1;94m[*] [0mFuzzing test case #612 (817 total, 0 uniq crashes found)...[0m
scheduled max input!!!!
schedule: 8 level16_1/ijon_max/8
[1;94m[*] [0mFuzzing test case #613 (817 total, 0 uniq crashes found)...[0m
[1;94m[*] [0mFuzzing test case #614 (817 total, 0 uniq crashes found)...[0m
scheduled max input!!!!
schedule: 11 level16_1/ijon_max/11
[1;94m[*] [0mFuzzing test case #615 (818 total, 0 uniq crashes found)...[0m
scheduled max input!!!!
schedule: 10 level16_1/ijon_max/10
[1;94m[*] [0mFuzzing test case #616 (818 total, 0 uniq crashes found)...[0m
scheduled max input!!!!
schedule: 7 level16_1/ijon_max/7
[1;94m[*] [0mFuzzing test case #617 (818 total, 0 uniq crashes found)...[0m
scheduled max input!!!!
schedule: 0 level16_1/ijon_max/0
[1;94m[*] [0mFuzzing test case #618 (819 total, 0 uniq crashes found)...[0m
[1;94m[*] [0mFuzzing test case #619 (819 total, 0 uniq crashes found)...[0m
[1;94m[*] [0mFuzzing test case #620 (819 total, 0 uniq crashes found)...[0m
scheduled max input!!!!
schedule: 3 level16_1/ijon_max/3
[1;94m[*] [0mFuzzing test case #621 (819 total, 0 uniq crashes found)...[0m
scheduled max input!!!!
schedule: 4 level16_1/ijon_max/4
updated maxmap 4: 203 (len: 380)
updated maxmap 6: 1f8 (len: 380)
updated maxmap 7: 1f2 (len: 380)
[1;94m[*] [0mFuzzing test case #622 (819 total, 0 uniq crashes found)...[0m
scheduled max input!!!!
schedule: 11 level16_1/ijon_max/11
[1;94m[*] [0mFuzzing test case #623 (819 total, 0 uniq crashes found)...[0m
scheduled max input!!!!
schedule: 2 level16_1/ijon_max/2
[1;94m[*] [0mFuzzing test case #624 (819 total, 0 uniq crashes found)...[0m
scheduled max input!!!!
schedule: 2 level16_1/ijon_max/2
[1;94m[*] [0mFuzzing test case #625 (819 total, 0 uniq crashes found)...[0m
[1;94m[*] [0mFuzzing test case #626 (819 total, 0 uniq crashes found)...[0m
scheduled max input!!!!
schedule: 10 level16_1/ijon_max/10
[1;94m[*] [0mFuzzing test case #627 (819 total, 0 uniq crashes found)...[0m
scheduled max input!!!!
schedule: 0 level16_1/ijon_max/0
[1;94m[*] [0mFuzzing test case #628 (819 total, 0 uniq crashes found)...[0m
[1;94m[*] [0mFuzzing test case #629 (819 total, 0 uniq crashes found)...[0m
scheduled max input!!!!
schedule: 0 level16_1/ijon_max/0
[1;94m[*] [0mFuzzing test case #630 (819 total, 0 uniq crashes found)...[0m
scheduled max input!!!!
schedule: 3 level16_1/ijon_max/3
[1;94m[*] [0mFuzzing test case #631 (819 total, 0 uniq crashes found)...[0m
scheduled max input!!!!
schedule: 10 level16_1/ijon_max/10
[1;94m[*] [0mFuzzing test case #632 (819 total, 0 uniq crashes found)...[0m
scheduled max input!!!!
schedule: 5 level16_1/ijon_max/5
[1;94m[*] [0mFuzzing test case #633 (819 total, 0 uniq crashes found)...[0m
scheduled max input!!!!
schedule: 13 level16_1/ijon_max/13
[1;94m[*] [0mFuzzing test case #634 (819 total, 0 uniq crashes found)...[0m
scheduled max input!!!!
schedule: 12 level16_1/ijon_max/12
[1;94m[*] [0mFuzzing test case #635 (819 total, 0 uniq crashes found)...[0m
[1;94m[*] [0mFuzzing test case #636 (819 total, 0 uniq crashes found)...[0m
scheduled max input!!!!
schedule: 10 level16_1/ijon_max/10
[1;94m[*] [0mFuzzing test case #637 (819 total, 0 uniq crashes found)...[0m
scheduled max input!!!!
schedule: 14 level16_1/ijon_max/14
[1;94m[*] [0mFuzzing test case #638 (819 total, 0 uniq crashes found)...[0m
scheduled max input!!!!
schedule: 4 level16_1/ijon_max/4
[1;94m[*] [0mFuzzing test case #639 (819 total, 0 uniq crashes found)...[0m
scheduled max input!!!!
schedule: 7 level16_1/ijon_max/7
[1;94m[*] [0mFuzzing test case #640 (820 total, 0 uniq crashes found)...[0m
[1;94m[*] [0mFuzzing test case #641 (820 total, 0 uniq crashes found)...[0m
scheduled max input!!!!
schedule: 7 level16_1/ijon_max/7
[1;94m[*] [0mFuzzing test case #642 (820 total, 0 uniq crashes found)...[0m
scheduled max input!!!!
schedule: 10 level16_1/ijon_max/10
updated maxmap 10: 1ff (len: 390)
[1;94m[*] [0mFuzzing test case #643 (820 total, 0 uniq crashes found)...[0m
scheduled max input!!!!
schedule: 9 level16_1/ijon_max/9
[1;94m[*] [0mFuzzing test case #644 (820 total, 0 uniq crashes found)...[0m
scheduled max input!!!!
schedule: 15 level16_1/ijon_max/15
[1;94m[*] [0mFuzzing test case #645 (820 total, 0 uniq crashes found)...[0m
scheduled max input!!!!
schedule: 11 level16_1/ijon_max/11
[1;94m[*] [0mFuzzing test case #646 (820 total, 0 uniq crashes found)...[0m
scheduled max input!!!!
schedule: 6 level16_1/ijon_max/6
[1;94m[*] [0mFuzzing test case #647 (820 total, 0 uniq crashes found)...[0m
scheduled max input!!!!
schedule: 4 level16_1/ijon_max/4
[1;94m[*] [0mFuzzing test case #648 (820 total, 0 uniq crashes found)...[0m
[1;94m[*] [0mFuzzing test case #649 (820 total, 0 uniq crashes found)...[0m
scheduled max input!!!!
schedule: 11 level16_1/ijon_max/11
[1;94m[*] [0mFuzzing test case #650 (820 total, 0 uniq crashes found)...[0m
scheduled max input!!!!
schedule: 5 level16_1/ijon_max/5
updated maxmap 5: 20d (len: 388)
updated maxmap 6: 1f9 (len: 388)
updated maxmap 7: 1f3 (len: 388)
[1;94m[*] [0mFuzzing test case #651 (820 total, 0 uniq crashes found)...[0m
[1;94m[*] [0mFuzzing test case #652 (820 total, 0 uniq crashes found)...[0m
scheduled max input!!!!
schedule: 5 level16_1/ijon_max/5
[1;94m[*] [0mFuzzing test case #653 (820 total, 0 uniq crashes found)...[0m
scheduled max input!!!!
schedule: 4 level16_1/ijon_max/4
[1;94m[*] [0mFuzzing test case #654 (820 total, 0 uniq crashes found)...[0m
scheduled max input!!!!
schedule: 5 level16_1/ijon_max/5
updated maxmap 5: 20e (len: 395)
updated maxmap 6: 214 (len: 395)
updated maxmap 7: 216 (len: 395)
[1;94m[*] [0mFuzzing test case #655 (821 total, 0 uniq crashes found)...[0m
scheduled max input!!!!
schedule: 6 level16_1/ijon_max/6
[1;94m[*] [0mFuzzing test case #656 (821 total, 0 uniq crashes found)...[0m
scheduled max input!!!!
schedule: 10 level16_1/ijon_max/10
[1;94m[*] [0mFuzzing test case #657 (821 total, 0 uniq crashes found)...[0m
scheduled max input!!!!
schedule: 11 level16_1/ijon_max/11
[1;94m[*] [0mFuzzing test case #658 (821 total, 0 uniq crashes found)...[0m
scheduled max input!!!!
schedule: 12 level16_1/ijon_max/12
[1;94m[*] [0mFuzzing test case #659 (821 total, 0 uniq crashes found)...[0m
[1;94m[*] [0mFuzzing test case #660 (821 total, 0 uniq crashes found)...[0m
[1;94m[*] [0mFuzzing test case #661 (821 total, 0 uniq crashes found)...[0m
scheduled max input!!!!
schedule: 0 level16_1/ijon_max/0
[1;94m[*] [0mFuzzing test case #662 (821 total, 0 uniq crashes found)...[0m
scheduled max input!!!!
schedule: 14 level16_1/ijon_max/14
[1;94m[*] [0mFuzzing test case #663 (821 total, 0 uniq crashes found)...[0m
scheduled max input!!!!
schedule: 3 level16_1/ijon_max/3
[1;94m[*] [0mFuzzing test case #664 (821 total, 0 uniq crashes found)...[0m
scheduled max input!!!!
schedule: 14 level16_1/ijon_max/14
[1;94m[*] [0mFuzzing test case #665 (821 total, 0 uniq crashes found)...[0m
[1;94m[*] [0mFuzzing test case #666 (821 total, 0 uniq crashes found)...[0m
scheduled max input!!!!
schedule: 2 level16_1/ijon_max/2
[1;94m[*] [0mFuzzing test case #667 (821 total, 0 uniq crashes found)...[0m
scheduled max input!!!!
schedule: 15 level16_1/ijon_max/15
[1;94m[*] [0mFuzzing test case #668 (821 total, 0 uniq crashes found)...[0m
[1;94m[*] [0mFuzzing test case #669 (821 total, 0 uniq crashes found)...[0m
scheduled max input!!!!
schedule: 13 level16_1/ijon_max/13
[1;94m[*] [0mFuzzing test case #670 (821 total, 0 uniq crashes found)...[0m
[1;94m[*] [0mFuzzing test case #671 (821 total, 0 uniq crashes found)...[0m
[1;94m[*] [0mFuzzing test case #672 (821 total, 0 uniq crashes found)...[0m
scheduled max input!!!!
schedule: 0 level16_1/ijon_max/0
[1;94m[*] [0mFuzzing test case #673 (821 total, 0 uniq crashes found)...[0m
scheduled max input!!!!
schedule: 9 level16_1/ijon_max/9
updated maxmap 9: 206 (len: 398)
updated maxmap 10: 201 (len: 398)
updated maxmap 10: 202 (len: 395)
updated maxmap 9: 209 (len: 403)
updated maxmap 10: 207 (len: 403)
updated maxmap 8: 1ed (len: 395)
[1;94m[*] [0mFuzzing test case #674 (830 total, 0 uniq crashes found)...[0m
scheduled max input!!!!
schedule: 4 level16_1/ijon_max/4
updated maxmap 4: 208 (len: 380)
[1;94m[*] [0mFuzzing test case #675 (830 total, 0 uniq crashes found)...[0m
scheduled max input!!!!
schedule: 10 level16_1/ijon_max/10
updated maxmap 9: 210 (len: 411)
updated maxmap 10: 20e (len: 411)
updated maxmap 8: 1ef (len: 403)
[1;94m[*] [0mFuzzing test case #676 (840 total, 0 uniq crashes found)...[0m
scheduled max input!!!!
schedule: 14 level16_1/ijon_max/14
[1;94m[*] [0mFuzzing test case #677 (840 total, 0 uniq crashes found)...[0m
scheduled max input!!!!
schedule: 7 level16_1/ijon_max/7
[1;94m[*] [0mFuzzing test case #678 (840 total, 0 uniq crashes found)...[0m
scheduled max input!!!!
schedule: 9 level16_1/ijon_max/9
[1;94m[*] [0mFuzzing test case #679 (840 total, 0 uniq crashes found)...[0m
scheduled max input!!!!
schedule: 0 level16_1/ijon_max/0
[1;94m[*] [0mFuzzing test case #680 (840 total, 0 uniq crashes found)...[0m
scheduled max input!!!!
schedule: 10 level16_1/ijon_max/10
[1;94m[*] [0mFuzzing test case #681 (841 total, 0 uniq crashes found)...[0m
scheduled max input!!!!
schedule: 0 level16_1/ijon_max/0
[1;94m[*] [0mFuzzing test case #682 (841 total, 0 uniq crashes found)...[0m
[1;94m[*] [0mFuzzing test case #683 (841 total, 0 uniq crashes found)...[0m
scheduled max input!!!!
schedule: 2 level16_1/ijon_max/2
[1;94m[*] [0mFuzzing test case #684 (841 total, 0 uniq crashes found)...[0m
scheduled max input!!!!
schedule: 9 level16_1/ijon_max/9
[1;94m[*] [0mFuzzing test case #685 (841 total, 0 uniq crashes found)...[0m
[1;94m[*] [0mFuzzing test case #686 (841 total, 0 uniq crashes found)...[0m
scheduled max input!!!!
schedule: 3 level16_1/ijon_max/3
[1;94m[*] [0mFuzzing test case #687 (841 total, 0 uniq crashes found)...[0m
scheduled max input!!!!
schedule: 8 level16_1/ijon_max/8
[1;94m[*] [0mFuzzing test case #688 (841 total, 0 uniq crashes found)...[0m
scheduled max input!!!!
schedule: 0 level16_1/ijon_max/0
[1;94m[*] [0mFuzzing test case #689 (841 total, 0 uniq crashes found)...[0m
scheduled max input!!!!
schedule: 10 level16_1/ijon_max/10
[1;94m[*] [0mFuzzing test case #690 (841 total, 0 uniq crashes found)...[0m
scheduled max input!!!!
schedule: 6 level16_1/ijon_max/6
[1;94m[*] [0mFuzzing test case #691 (841 total, 0 uniq crashes found)...[0m
scheduled max input!!!!
schedule: 7 level16_1/ijon_max/7
[1;94m[*] [0mFuzzing test case #692 (841 total, 0 uniq crashes found)...[0m
scheduled max input!!!!
schedule: 14 level16_1/ijon_max/14
[1;94m[*] [0mFuzzing test case #693 (841 total, 0 uniq crashes found)...[0m
[1;94m[*] [0mFuzzing test case #694 (841 total, 0 uniq crashes found)...[0m
scheduled max input!!!!
schedule: 13 level16_1/ijon_max/13
[1;94m[*] [0mFuzzing test case #695 (841 total, 0 uniq crashes found)...[0m
[1;94m[*] [0mFuzzing test case #696 (841 total, 0 uniq crashes found)...[0m
scheduled max input!!!!
schedule: 4 level16_1/ijon_max/4
updated maxmap 4: 20d (len: 380)
[1;94m[*] [0mFuzzing test case #697 (841 total, 0 uniq crashes found)...[0m
scheduled max input!!!!
schedule: 9 level16_1/ijon_max/9
updated maxmap 9: 214 (len: 416)
updated maxmap 10: 212 (len: 416)
updated maxmap 8: 1f5 (len: 411)
[1;94m[*] [0mFuzzing test case #698 (843 total, 0 uniq crashes found)...[0m
scheduled max input!!!!
schedule: 14 level16_1/ijon_max/14
[1;94m[*] [0mFuzzing test case #699 (843 total, 0 uniq crashes found)...[0m
scheduled max input!!!!
schedule: 13 level16_1/ijon_max/13
[1;94m[*] [0mFuzzing test case #700 (843 total, 0 uniq crashes found)...[0m
[1;94m[*] [0mFuzzing test case #701 (843 total, 0 uniq crashes found)...[0m
scheduled max input!!!!
schedule: 9 level16_1/ijon_max/9
updated maxmap 9: 216 (len: 416)
updated maxmap 10: 214 (len: 416)
updated maxmap 9: 21c (len: 422)
updated maxmap 10: 21a (len: 422)
[1;94m[*] [0mFuzzing test case #702 (844 total, 0 uniq crashes found)...[0m
scheduled max input!!!!
schedule: 13 level16_1/ijon_max/13
[1;94m[*] [0mFuzzing test case #703 (844 total, 0 uniq crashes found)...[0m
scheduled max input!!!!
schedule: 7 level16_1/ijon_max/7
updated maxmap 6: 21f (len: 402)
updated maxmap 7: 219 (len: 402)
[1;94m[*] [0mFuzzing test case #704 (845 total, 0 uniq crashes found)...[0m
scheduled max input!!!!
schedule: 14 level16_1/ijon_max/14
[1;94m[*] [0mFuzzing test case #705 (845 total, 0 uniq crashes found)...[0m
scheduled max input!!!!
schedule: 8 level16_1/ijon_max/8
[1;94m[*] [0mFuzzing test case #706 (845 total, 0 uniq crashes found)...[0m
scheduled max input!!!!
schedule: 3 level16_1/ijon_max/3
[1;94m[*] [0mFuzzing test case #707 (845 total, 0 uniq crashes found)...[0m
[1;94m[*] [0mFuzzing test case #708 (845 total, 0 uniq crashes found)...[0m
scheduled max input!!!!
schedule: 13 level16_1/ijon_max/13
[1;94m[*] [0mFuzzing test case #709 (845 total, 0 uniq crashes found)...[0m
scheduled max input!!!!
schedule: 8 level16_1/ijon_max/8
[1;94m[*] [0mFuzzing test case #710 (846 total, 0 uniq crashes found)...[0m
scheduled max input!!!!
schedule: 5 level16_1/ijon_max/5
[1;94m[*] [0mFuzzing test case #711 (846 total, 0 uniq crashes found)...[0m
scheduled max input!!!!
schedule: 4 level16_1/ijon_max/4
updated maxmap 4: 20e (len: 380)
[1;94m[*] [0mFuzzing test case #712 (847 total, 0 uniq crashes found)...[0m
scheduled max input!!!!
schedule: 15 level16_1/ijon_max/15
[1;94m[*] [0mFuzzing test case #713 (847 total, 0 uniq crashes found)...[0m
scheduled max input!!!!
schedule: 11 level16_1/ijon_max/11
[1;94m[*] [0mFuzzing test case #714 (847 total, 0 uniq crashes found)...[0m
scheduled max input!!!!
schedule: 9 level16_1/ijon_max/9
updated maxmap 9: 21e (len: 422)
updated maxmap 10: 21c (len: 422)
updated maxmap 9: 222 (len: 426)
updated maxmap 10: 220 (len: 426)
updated maxmap 8: 204 (len: 422)
updated maxmap 10: 221 (len: 429)
[1;94m[*] [0mFuzzing test case #715 (863 total, 0 uniq crashes found)...[0m
scheduled max input!!!!
schedule: 14 level16_1/ijon_max/14
[1;94m[*] [0mFuzzing test case #716 (863 total, 0 uniq crashes found)...[0m
[1;94m[*] [0mFuzzing test case #717 (863 total, 0 uniq crashes found)...[0m
scheduled max input!!!!
schedule: 3 level16_1/ijon_max/3
[1;94m[*] [0mFuzzing test case #718 (863 total, 0 uniq crashes found)...[0m
scheduled max input!!!!
schedule: 12 level16_1/ijon_max/12
[1;94m[*] [0mFuzzing test case #719 (863 total, 0 uniq crashes found)...[0m
scheduled max input!!!!
schedule: 6 level16_1/ijon_max/6
[1;94m[*] [0mFuzzing test case #720 (863 total, 0 uniq crashes found)...[0m
scheduled max input!!!!
schedule: 10 level16_1/ijon_max/10
[1;94m[*] [0mFuzzing test case #721 (863 total, 0 uniq crashes found)...[0m
scheduled max input!!!!
schedule: 14 level16_1/ijon_max/14
[1;94m[*] [0mFuzzing test case #722 (863 total, 0 uniq crashes found)...[0m
[1;94m[*] [0mFuzzing test case #723 (863 total, 0 uniq crashes found)...[0m
scheduled max input!!!!
schedule: 6 level16_1/ijon_max/6
updated maxmap 5: 226 (len: 407)
[1;94m[*] [0mFuzzing test case #724 (864 total, 0 uniq crashes found)...[0m
scheduled max input!!!!
schedule: 12 level16_1/ijon_max/12
[1;94m[*] [0mFuzzing test case #725 (864 total, 0 uniq crashes found)...[0m
scheduled max input!!!!
schedule: 10 level16_1/ijon_max/10
[1;94m[*] [0mFuzzing test case #726 (864 total, 0 uniq crashes found)...[0m
scheduled max input!!!!
schedule: 7 level16_1/ijon_max/7
updated maxmap 7: 21a (len: 402)
[1;94m[*] [0mFuzzing test case #727 (864 total, 0 uniq crashes found)...[0m
scheduled max input!!!!
schedule: 4 level16_1/ijon_max/4
[1;94m[*] [0mFuzzing test case #728 (864 total, 0 uniq crashes found)...[0m
scheduled max input!!!!
schedule: 7 level16_1/ijon_max/7
updated maxmap 4: 225 (len: 406)
[1;94m[*] [0mFuzzing test case #729 (866 total, 0 uniq crashes found)...[0m
scheduled max input!!!!
schedule: 0 level16_1/ijon_max/0
[1;94m[*] [0mFuzzing test case #730 (866 total, 0 uniq crashes found)...[0m
[1;94m[*] [0mFuzzing test case #731 (866 total, 0 uniq crashes found)...[0m
scheduled max input!!!!
schedule: 2 level16_1/ijon_max/2
[1;94m[*] [0mFuzzing test case #732 (866 total, 0 uniq crashes found)...[0m
scheduled max input!!!!
schedule: 3 level16_1/ijon_max/3
[1;94m[*] [0mFuzzing test case #733 (866 total, 0 uniq crashes found)...[0m
scheduled max input!!!!
schedule: 3 level16_1/ijon_max/3
[1;94m[*] [0mFuzzing test case #734 (866 total, 0 uniq crashes found)...[0m
scheduled max input!!!!
schedule: 14 level16_1/ijon_max/14
[1;94m[*] [0mFuzzing test case #735 (866 total, 0 uniq crashes found)...[0m
scheduled max input!!!!
schedule: 4 level16_1/ijon_max/4
updated maxmap 6: 221 (len: 406)
updated maxmap 7: 21c (len: 406)
updated maxmap 7: 21d (len: 406)
updated maxmap 4: 22b (len: 414)
updated maxmap 5: 231 (len: 414)
updated maxmap 5: 234 (len: 414)
updated maxmap 4: 234 (len: 406)
updated maxmap 6: 228 (len: 406)
updated maxmap 7: 222 (len: 406)
updated maxmap 5: 239 (len: 414)
updated maxmap 6: 22a (len: 406)
updated maxmap 7: 225 (len: 406)
updated maxmap 4: 235 (len: 406)
updated maxmap 5: 23c (len: 412)
updated maxmap 6: 22f (len: 406)
updated maxmap 7: 22b (len: 406)
updated maxmap 6: 231 (len: 406)
updated maxmap 7: 22d (len: 406)
updated maxmap 4: 23c (len: 412)
updated maxmap 6: 232 (len: 406)
updated maxmap 7: 22e (len: 406)
updated maxmap 4: 23d (len: 414)
updated maxmap 5: 240 (len: 414)
[1;94m[*] [0mFuzzing test case #736 (880 total, 0 uniq crashes found)...[0m
scheduled max input!!!!
schedule: 14 level16_1/ijon_max/14
[1;94m[*] [0mFuzzing test case #737 (880 total, 0 uniq crashes found)...[0m
scheduled max input!!!!
schedule: 3 level16_1/ijon_max/3
[1;94m[*] [0mFuzzing test case #738 (880 total, 0 uniq crashes found)...[0m
scheduled max input!!!!
schedule: 4 level16_1/ijon_max/4
updated maxmap 4: 24f (len: 414)
updated maxmap 5: 25c (len: 414)
updated maxmap 6: 261 (len: 414)
updated maxmap 7: 237 (len: 414)
updated maxmap 7: 244 (len: 414)
updated maxmap 4: 250 (len: 414)
updated maxmap 5: 25d (len: 414)
updated maxmap 6: 262 (len: 414)
updated maxmap 5: 263 (len: 420)
updated maxmap 6: 26d (len: 420)
updated maxmap 7: 26f (len: 420)
updated maxmap 7: 271 (len: 420)
updated maxmap 4: 252 (len: 415)
updated maxmap 4: 253 (len: 414)
updated maxmap 4: 255 (len: 415)
updated maxmap 4: 25b (len: 414)
updated maxmap 4: 25c (len: 414)
[1;94m[*] [0mFuzzing test case #739 (894 total, 0 uniq crashes found)...[0m
scheduled max input!!!!
schedule: 13 level16_1/ijon_max/13
[1;94m[*] [0mFuzzing test case #740 (894 total, 0 uniq crashes found)...[0m
scheduled max input!!!!
schedule: 14 level16_1/ijon_max/14
[1;94m[*] [0mFuzzing test case #741 (894 total, 0 uniq crashes found)...[0m
scheduled max input!!!!
schedule: 8 level16_1/ijon_max/8
[1;94m[*] [0mFuzzing test case #742 (894 total, 0 uniq crashes found)...[0m
scheduled max input!!!!
schedule: 12 level16_1/ijon_max/12
[1;94m[*] [0mFuzzing test case #743 (894 total, 0 uniq crashes found)...[0m
scheduled max input!!!!
schedule: 8 level16_1/ijon_max/8
[1;94m[*] [0mFuzzing test case #744 (894 total, 0 uniq crashes found)...[0m
scheduled max input!!!!
schedule: 8 level16_1/ijon_max/8
[1;94m[*] [0mFuzzing test case #745 (894 total, 0 uniq crashes found)...[0m
scheduled max input!!!!
schedule: 14 level16_1/ijon_max/14
[1;94m[*] [0mFuzzing test case #746 (894 total, 0 uniq crashes found)...[0m
scheduled max input!!!!
schedule: 5 level16_1/ijon_max/5
[1;94m[*] [0mFuzzing test case #747 (894 total, 0 uniq crashes found)...[0m
[1;94m[*] [0mFuzzing test case #748 (894 total, 0 uniq crashes found)...[0m
scheduled max input!!!!
schedule: 9 level16_1/ijon_max/9
[1;94m[*] [0mFuzzing test case #749 (894 total, 0 uniq crashes found)...[0m
scheduled max input!!!!
schedule: 8 level16_1/ijon_max/8
[1;94m[*] [0mFuzzing test case #750 (894 total, 0 uniq crashes found)...[0m
scheduled max input!!!!
schedule: 10 level16_1/ijon_max/10
[1;94m[*] [0mFuzzing test case #751 (894 total, 0 uniq crashes found)...[0m
scheduled max input!!!!
schedule: 15 level16_1/ijon_max/15
[1;94m[*] [0mFuzzing test case #752 (894 total, 0 uniq crashes found)...[0m
[1;94m[*] [0mFuzzing test case #753 (894 total, 0 uniq crashes found)...[0m
scheduled max input!!!!
schedule: 12 level16_1/ijon_max/12
[1;94m[*] [0mFuzzing test case #754 (894 total, 0 uniq crashes found)...[0m
scheduled max input!!!!
schedule: 15 level16_1/ijon_max/15
[1;94m[*] [0mFuzzing test case #755 (894 total, 0 uniq crashes found)...[0m
scheduled max input!!!!
schedule: 0 level16_1/ijon_max/0
[1;94m[*] [0mFuzzing test case #756 (894 total, 0 uniq crashes found)...[0m
scheduled max input!!!!
schedule: 8 level16_1/ijon_max/8
updated maxmap 8: 20a (len: 428)
[1;94m[*] [0mFuzzing test case #757 (895 total, 0 uniq crashes found)...[0m
scheduled max input!!!!
schedule: 12 level16_1/ijon_max/12
[1;94m[*] [0mFuzzing test case #758 (895 total, 0 uniq crashes found)...[0m
[1;94m[*] [0mFuzzing test case #759 (895 total, 0 uniq crashes found)...[0m
scheduled max input!!!!
schedule: 2 level16_1/ijon_max/2
[1;94m[*] [0mFuzzing test case #760 (895 total, 0 uniq crashes found)...[0m
[1;94m[*] [0mFuzzing test case #761 (895 total, 0 uniq crashes found)...[0m
scheduled max input!!!!
schedule: 14 level16_1/ijon_max/14
[1;94m[*] [0mFuzzing test case #762 (895 total, 0 uniq crashes found)...[0m
scheduled max input!!!!
schedule: 7 level16_1/ijon_max/7
[1;94m[*] [0mFuzzing test case #763 (895 total, 0 uniq crashes found)...[0m
scheduled max input!!!!
schedule: 0 level16_1/ijon_max/0
[1;94m[*] [0mFuzzing test case #764 (895 total, 0 uniq crashes found)...[0m
scheduled max input!!!!
schedule: 15 level16_1/ijon_max/15
[1;94m[*] [0mFuzzing test case #765 (895 total, 0 uniq crashes found)...[0m
[1;94m[*] [0mFuzzing test case #766 (895 total, 0 uniq crashes found)...[0m
scheduled max input!!!!
schedule: 10 level16_1/ijon_max/10
updated maxmap 10: 223 (len: 437)
updated maxmap 9: 224 (len: 437)
[1;94m[*] [0mFuzzing test case #767 (903 total, 0 uniq crashes found)...[0m
scheduled max input!!!!
schedule: 8 level16_1/ijon_max/8
updated maxmap 8: 20c (len: 436)
[1;94m[*] [0mFuzzing test case #768 (903 total, 0 uniq crashes found)...[0m
scheduled max input!!!!
schedule: 8 level16_1/ijon_max/8
[1;94m[*] [0mFuzzing test case #769 (903 total, 0 uniq crashes found)...[0m
scheduled max input!!!!
schedule: 6 level16_1/ijon_max/6
updated maxmap 5: 27e (len: 426)
updated maxmap 6: 277 (len: 426)
[1;94m[*] [0mFuzzing test case #770 (904 total, 0 uniq crashes found)...[0m
scheduled max input!!!!
schedule: 0 level16_1/ijon_max/0
[1;94m[*] [0mFuzzing test case #771 (904 total, 0 uniq crashes found)...[0m
scheduled max input!!!!
schedule: 3 level16_1/ijon_max/3
[1;94m[*] [0mFuzzing test case #772 (904 total, 0 uniq crashes found)...[0m
scheduled max input!!!!
schedule: 4 level16_1/ijon_max/4
[1;94m[*] [0mFuzzing test case #773 (904 total, 0 uniq crashes found)...[0m
scheduled max input!!!!
schedule: 8 level16_1/ijon_max/8
updated maxmap 8: 20d (len: 443)
[1;94m[*] [0mFuzzing test case #774 (905 total, 0 uniq crashes found)...[0m
scheduled max input!!!!
schedule: 13 level16_1/ijon_max/13
[1;94m[*] [0mFuzzing test case #775 (905 total, 0 uniq crashes found)...[0m
scheduled max input!!!!
schedule: 4 level16_1/ijon_max/4
[1;94m[*] [0mFuzzing test case #776 (905 total, 0 uniq crashes found)...[0m
scheduled max input!!!!
schedule: 3 level16_1/ijon_max/3
[1;94m[*] [0mFuzzing test case #777 (905 total, 0 uniq crashes found)...[0m
scheduled max input!!!!
schedule: 15 level16_1/ijon_max/15
[1;94m[*] [0mFuzzing test case #778 (905 total, 0 uniq crashes found)...[0m
scheduled max input!!!!
schedule: 5 level16_1/ijon_max/5
updated maxmap 5: 27f (len: 426)
updated maxmap 6: 278 (len: 426)
updated maxmap 5: 280 (len: 428)
updated maxmap 5: 28a (len: 433)
updated maxmap 6: 27e (len: 433)
updated maxmap 7: 277 (len: 433)
updated maxmap 7: 278 (len: 426)
[1;94m[*] [0mFuzzing test case #779 (923 total, 0 uniq crashes found)...[0m
scheduled max input!!!!
schedule: 2 level16_1/ijon_max/2
[1;94m[*] [0mFuzzing test case #780 (923 total, 0 uniq crashes found)...[0m
[1;94m[*] [0mFuzzing test case #781 (923 total, 0 uniq crashes found)...[0m
scheduled max input!!!!
schedule: 6 level16_1/ijon_max/6
[1;94m[*] [0mFuzzing test case #782 (923 total, 0 uniq crashes found)...[0m
[1;94m[*] [0mFuzzing test case #783 (923 total, 0 uniq crashes found)...[0m
scheduled max input!!!!
schedule: 10 level16_1/ijon_max/10
[1;94m[*] [0mFuzzing test case #784 (923 total, 0 uniq crashes found)...[0m
scheduled max input!!!!
schedule: 3 level16_1/ijon_max/3
[1;94m[*] [0mFuzzing test case #785 (923 total, 0 uniq crashes found)...[0m
[1;94m[*] [0mFuzzing test case #786 (923 total, 0 uniq crashes found)...[0m
scheduled max input!!!!
schedule: 9 level16_1/ijon_max/9
updated maxmap 9: 229 (len: 442)
updated maxmap 10: 227 (len: 442)
[1;94m[*] [0mFuzzing test case #787 (925 total, 0 uniq crashes found)...[0m
scheduled max input!!!!
schedule: 6 level16_1/ijon_max/6
updated maxmap 5: 28b (len: 433)
updated maxmap 6: 27f (len: 433)
updated maxmap 4: 263 (len: 439)
updated maxmap 4: 287 (len: 433)
updated maxmap 5: 28c (len: 433)
[1;94m[*] [0mFuzzing test case #788 (927 total, 0 uniq crashes found)...[0m
scheduled max input!!!!
schedule: 11 level16_1/ijon_max/11
[1;94m[*] [0mFuzzing test case #789 (927 total, 0 uniq crashes found)...[0m
scheduled max input!!!!
schedule: 13 level16_1/ijon_max/13
[1;94m[*] [0mFuzzing test case #790 (927 total, 0 uniq crashes found)...[0m
scheduled max input!!!!
schedule: 8 level16_1/ijon_max/8
[1;94m[*] [0mFuzzing test case #791 (927 total, 0 uniq crashes found)...[0m
scheduled max input!!!!
schedule: 10 level16_1/ijon_max/10
updated maxmap 10: 229 (len: 442)
[1;94m[*] [0mFuzzing test case #792 (928 total, 0 uniq crashes found)...[0m
scheduled max input!!!!
schedule: 5 level16_1/ijon_max/5
updated maxmap 4: 288 (len: 433)
updated maxmap 5: 28d (len: 433)
[1;94m[*] [0mFuzzing test case #793 (928 total, 0 uniq crashes found)...[0m
scheduled max input!!!!
schedule: 0 level16_1/ijon_max/0
[1;94m[*] [0mFuzzing test case #794 (928 total, 0 uniq crashes found)...[0m
scheduled max input!!!!
schedule: 3 level16_1/ijon_max/3
[1;94m[*] [0mFuzzing test case #795 (928 total, 0 uniq crashes found)...[0m
[1;94m[*] [0mFuzzing test case #796 (928 total, 0 uniq crashes found)...[0m
scheduled normal input!!!!
[1;94m[*] [0mFuzzing test case #797 (929 total, 0 uniq crashes found)...[0m
scheduled max input!!!!
schedule: 11 level16_1/ijon_max/11
[1;94m[*] [0mFuzzing test case #798 (929 total, 0 uniq crashes found)...[0m
scheduled max input!!!!
schedule: 3 level16_1/ijon_max/3
[1;94m[*] [0mFuzzing test case #799 (929 total, 0 uniq crashes found)...[0m
scheduled max input!!!!
schedule: 9 level16_1/ijon_max/9
[1;94m[*] [0mFuzzing test case #800 (929 total, 0 uniq crashes found)...[0m
[1;94m[*] [0mFuzzing test case #801 (929 total, 0 uniq crashes found)...[0m
scheduled max input!!!!
schedule: 5 level16_1/ijon_max/5
[1;94m[*] [0mFuzzing test case #802 (929 total, 0 uniq crashes found)...[0m
scheduled max input!!!!
schedule: 0 level16_1/ijon_max/0
[1;94m[*] [0mFuzzing test case #803 (929 total, 0 uniq crashes found)...[0m
[1;94m[*] [0mFuzzing test case #804 (929 total, 0 uniq crashes found)...[0m
scheduled max input!!!!
schedule: 14 level16_1/ijon_max/14
[1;94m[*] [0mFuzzing test case #805 (929 total, 0 uniq crashes found)...[0m
scheduled max input!!!!
schedule: 5 level16_1/ijon_max/5
[1;94m[*] [0mFuzzing test case #806 (929 total, 0 uniq crashes found)...[0m
[1;94m[*] [0mFuzzing test case #807 (929 total, 0 uniq crashes found)...[0m
scheduled max input!!!!
schedule: 6 level16_1/ijon_max/6
updated maxmap 5: 296 (len: 441)
updated maxmap 6: 2a0 (len: 441)
updated maxmap 5: 297 (len: 441)
updated maxmap 6: 2a1 (len: 441)
[1;94m[*] [0mFuzzing test case #808 (932 total, 0 uniq crashes found)...[0m
[1;94m[*] [0mFuzzing test case #809 (932 total, 0 uniq crashes found)...[0m
scheduled max input!!!!
schedule: 5 level16_1/ijon_max/5
updated maxmap 6: 2aa (len: 445)
updated maxmap 5: 29d (len: 441)
updated maxmap 7: 27a (len: 441)
updated maxmap 5: 2ae (len: 448)
[1;94m[*] [0mFuzzing test case #810 (949 total, 0 uniq crashes found)...[0m
scheduled max input!!!!
schedule: 9 level16_1/ijon_max/9
updated maxmap 9: 22a (len: 443)
[1;94m[*] [0mFuzzing test case #811 (949 total, 0 uniq crashes found)...[0m
scheduled max input!!!!
schedule: 8 level16_1/ijon_max/8
updated maxmap 8: 20e (len: 443)
[1;94m[*] [0mFuzzing test case #812 (949 total, 0 uniq crashes found)...[0m
scheduled max input!!!!
schedule: 9 level16_1/ijon_max/9
updated maxmap 9: 22b (len: 443)
updated maxmap 9: 22d (len: 445)
updated maxmap 10: 22b (len: 445)
updated maxmap 10: 22d (len: 443)
updated maxmap 9: 22f (len: 449)
updated maxmap 10: 232 (len: 449)
updated maxmap 9: 234 (len: 450)
updated maxmap 10: 233 (len: 450)
updated maxmap 10: 234 (len: 451)
[1;94m[*] [0mFuzzing test case #813 (957 total, 0 uniq crashes found)...[0m
scheduled max input!!!!
schedule: 9 level16_1/ijon_max/9
[1;94m[*] [0mFuzzing test case #814 (957 total, 0 uniq crashes found)...[0m
scheduled max input!!!!
schedule: 4 level16_1/ijon_max/4
[1;94m[*] [0mFuzzing test case #815 (958 total, 0 uniq crashes found)...[0m
scheduled max input!!!!
schedule: 0 level16_1/ijon_max/0
[1;94m[*] [0mFuzzing test case #816 (958 total, 0 uniq crashes found)...[0m
scheduled max input!!!!
schedule: 0 level16_1/ijon_max/0
[1;94m[*] [0mFuzzing test case #817 (958 total, 0 uniq crashes found)...[0m
scheduled max input!!!!
schedule: 9 level16_1/ijon_max/9
[1;94m[*] [0mFuzzing test case #818 (959 total, 0 uniq crashes found)...[0m
[1;94m[*] [0mFuzzing test case #819 (959 total, 0 uniq crashes found)...[0m
scheduled max input!!!!
schedule: 6 level16_1/ijon_max/6
[1;94m[*] [0mFuzzing test case #820 (959 total, 0 uniq crashes found)...[0m
scheduled max input!!!!
schedule: 0 level16_1/ijon_max/0
[1;94m[*] [0mFuzzing test case #821 (959 total, 0 uniq crashes found)...[0m
scheduled max input!!!!
schedule: 5 level16_1/ijon_max/5
updated maxmap 5: 2b0 (len: 448)
[1;94m[*] [0mFuzzing test case #822 (959 total, 0 uniq crashes found)...[0m
scheduled max input!!!!
schedule: 8 level16_1/ijon_max/8
[1;94m[*] [0mFuzzing test case #823 (959 total, 0 uniq crashes found)...[0m
[1;94m[*] [0mFuzzing test case #824 (959 total, 0 uniq crashes found)...[0m
scheduled max input!!!!
schedule: 10 level16_1/ijon_max/10
[1;94m[*] [0mFuzzing test case #825 (959 total, 0 uniq crashes found)...[0m
scheduled max input!!!!
schedule: 6 level16_1/ijon_max/6
[1;94m[*] [0mFuzzing test case #826 (959 total, 0 uniq crashes found)...[0m
scheduled max input!!!!
schedule: 15 level16_1/ijon_max/15
[1;94m[*] [0mFuzzing test case #827 (959 total, 0 uniq crashes found)...[0m
scheduled max input!!!!
schedule: 5 level16_1/ijon_max/5
[1;94m[*] [0mFuzzing test case #828 (960 total, 0 uniq crashes found)...[0m
scheduled max input!!!!
schedule: 13 level16_1/ijon_max/13
[1;94m[*] [0mFuzzing test case #829 (960 total, 0 uniq crashes found)...[0m
scheduled max input!!!!
schedule: 6 level16_1/ijon_max/6
updated maxmap 7: 2a5 (len: 445)
[1;94m[*] [0mFuzzing test case #830 (961 total, 0 uniq crashes found)...[0m
[1;94m[*] [0mFuzzing test case #831 (961 total, 0 uniq crashes found)...[0m
scheduled max input!!!!
schedule: 11 level16_1/ijon_max/11
[1;94m[*] [0mFuzzing test case #832 (961 total, 0 uniq crashes found)...[0m
scheduled max input!!!!
schedule: 5 level16_1/ijon_max/5
[1;94m[*] [0mFuzzing test case #833 (961 total, 0 uniq crashes found)...[0m
scheduled max input!!!!
schedule: 6 level16_1/ijon_max/6
[1;94m[*] [0mFuzzing test case #834 (961 total, 0 uniq crashes found)...[0m
scheduled max input!!!!
schedule: 4 level16_1/ijon_max/4
[1;94m[*] [0mFuzzing test case #835 (961 total, 0 uniq crashes found)...[0m
scheduled max input!!!!
schedule: 2 level16_1/ijon_max/2
[1;94m[*] [0mFuzzing test case #836 (961 total, 0 uniq crashes found)...[0m
scheduled max input!!!!
schedule: 10 level16_1/ijon_max/10
updated maxmap 10: 235 (len: 451)
[1;94m[*] [0mFuzzing test case #837 (962 total, 0 uniq crashes found)...[0m
scheduled max input!!!!
schedule: 10 level16_1/ijon_max/10
[1;94m[*] [0mFuzzing test case #838 (962 total, 0 uniq crashes found)...[0m
scheduled max input!!!!
schedule: 15 level16_1/ijon_max/15
[1;94m[*] [0mFuzzing test case #839 (962 total, 0 uniq crashes found)...[0m
scheduled max input!!!!
schedule: 15 level16_1/ijon_max/15
[1;94m[*] [0mFuzzing test case #840 (962 total, 0 uniq crashes found)...[0m
scheduled max input!!!!
schedule: 2 level16_1/ijon_max/2
[1;94m[*] [0mFuzzing test case #841 (962 total, 0 uniq crashes found)...[0m
scheduled max input!!!!
schedule: 3 level16_1/ijon_max/3
[1;94m[*] [0mFuzzing test case #842 (962 total, 0 uniq crashes found)...[0m
scheduled max input!!!!
schedule: 7 level16_1/ijon_max/7
[1;94m[*] [0mFuzzing test case #843 (963 total, 0 uniq crashes found)...[0m
scheduled max input!!!!
schedule: 11 level16_1/ijon_max/11
[1;94m[*] [0mFuzzing test case #844 (963 total, 0 uniq crashes found)...[0m
scheduled max input!!!!
schedule: 15 level16_1/ijon_max/15
[1;94m[*] [0mFuzzing test case #845 (963 total, 0 uniq crashes found)...[0m
scheduled max input!!!!
schedule: 8 level16_1/ijon_max/8
[1;94m[*] [0mFuzzing test case #846 (963 total, 0 uniq crashes found)...[0m
scheduled max input!!!!
schedule: 3 level16_1/ijon_max/3
[1;94m[*] [0mFuzzing test case #847 (963 total, 0 uniq crashes found)...[0m
scheduled max input!!!!
schedule: 10 level16_1/ijon_max/10
[1;94m[*] [0mFuzzing test case #848 (964 total, 0 uniq crashes found)...[0m
scheduled max input!!!!
schedule: 3 level16_1/ijon_max/3
[1;94m[*] [0mFuzzing test case #849 (964 total, 0 uniq crashes found)...[0m
scheduled max input!!!!
schedule: 15 level16_1/ijon_max/15
[1;94m[*] [0mFuzzing test case #850 (964 total, 0 uniq crashes found)...[0m
scheduled max input!!!!
schedule: 7 level16_1/ijon_max/7
[1;94m[*] [0mFuzzing test case #851 (964 total, 0 uniq crashes found)...[0m
scheduled max input!!!!
schedule: 7 level16_1/ijon_max/7
updated maxmap 4: 28b (len: 445)
[1;94m[*] [0mFuzzing test case #852 (965 total, 0 uniq crashes found)...[0m
scheduled max input!!!!
schedule: 13 level16_1/ijon_max/13
[1;94m[*] [0mFuzzing test case #853 (965 total, 0 uniq crashes found)...[0m
scheduled max input!!!!
schedule: 8 level16_1/ijon_max/8
[1;94m[*] [0mFuzzing test case #854 (965 total, 0 uniq crashes found)...[0m
scheduled max input!!!!
schedule: 9 level16_1/ijon_max/9
[1;94m[*] [0mFuzzing test case #855 (965 total, 0 uniq crashes found)...[0m
scheduled max input!!!!
schedule: 10 level16_1/ijon_max/10
updated maxmap 9: 235 (len: 451)
updated maxmap 9: 237 (len: 457)
updated maxmap 10: 23b (len: 457)
updated maxmap 9: 23a (len: 456)
updated maxmap 9: 23c (len: 457)
[1;94m[*] [0mFuzzing test case #856 (974 total, 0 uniq crashes found)...[0m
scheduled max input!!!!
schedule: 5 level16_1/ijon_max/5
[1;94m[*] [0mFuzzing test case #857 (974 total, 0 uniq crashes found)...[0m
scheduled max input!!!!
schedule: 2 level16_1/ijon_max/2
[1;94m[*] [0mFuzzing test case #858 (974 total, 0 uniq crashes found)...[0m
scheduled max input!!!!
schedule: 6 level16_1/ijon_max/6
updated maxmap 5: 2b8 (len: 451)
updated maxmap 6: 2b1 (len: 451)
[1;94m[*] [0mFuzzing test case #859 (975 total, 0 uniq crashes found)...[0m
scheduled max input!!!!
schedule: 3 level16_1/ijon_max/3
[1;94m[*] [0mFuzzing test case #860 (975 total, 0 uniq crashes found)...[0m
[1;94m[*] [0mFuzzing test case #861 (975 total, 0 uniq crashes found)...[0m
[1;94m[*] [0mFuzzing test case #862 (975 total, 0 uniq crashes found)...[0m
scheduled max input!!!!
schedule: 7 level16_1/ijon_max/7
[1;94m[*] [0mFuzzing test case #863 (976 total, 0 uniq crashes found)...[0m
[1;94m[*] [0mFuzzing test case #864 (976 total, 0 uniq crashes found)...[0m
scheduled max input!!!!
schedule: 13 level16_1/ijon_max/13
[1;94m[*] [0mFuzzing test case #865 (976 total, 0 uniq crashes found)...[0m
scheduled max input!!!!
schedule: 9 level16_1/ijon_max/9
[1;94m[*] [0mFuzzing test case #866 (976 total, 0 uniq crashes found)...[0m
scheduled max input!!!!
schedule: 15 level16_1/ijon_max/15
[1;94m[*] [0mFuzzing test case #867 (976 total, 0 uniq crashes found)...[0m
scheduled max input!!!!
schedule: 7 level16_1/ijon_max/7
[1;94m[*] [0mFuzzing test case #868 (976 total, 0 uniq crashes found)...[0m
scheduled max input!!!!
schedule: 14 level16_1/ijon_max/14
[1;94m[*] [0mFuzzing test case #869 (976 total, 0 uniq crashes found)...[0m
scheduled max input!!!!
schedule: 10 level16_1/ijon_max/10
updated maxmap 10: 23c (len: 457)
updated maxmap 10: 23f (len: 459)
[1;94m[*] [0mFuzzing test case #870 (980 total, 0 uniq crashes found)...[0m
scheduled max input!!!!
schedule: 5 level16_1/ijon_max/5
updated maxmap 5: 2c3 (len: 458)
updated maxmap 6: 2c8 (len: 458)
[1;94m[*] [0mFuzzing test case #871 (981 total, 0 uniq crashes found)...[0m
[1;94m[*] [0mFuzzing test case #872 (981 total, 0 uniq crashes found)...[0m
scheduled max input!!!!
schedule: 5 level16_1/ijon_max/5
updated maxmap 5: 2cc (len: 463)
updated maxmap 6: 2cf (len: 463)
updated maxmap 4: 298 (len: 458)
updated maxmap 5: 2ce (len: 466)
updated maxmap 6: 2d8 (len: 466)
updated maxmap 7: 2b8 (len: 461)
[1;94m[*] [0mFuzzing test case #873 (997 total, 0 uniq crashes found)...[0m
scheduled max input!!!!
schedule: 15 level16_1/ijon_max/15
[1;94m[*] [0mFuzzing test case #874 (997 total, 0 uniq crashes found)...[0m
[1;94m[*] [0mFuzzing test case #875 (997 total, 0 uniq crashes found)...[0m
scheduled max input!!!!
schedule: 8 level16_1/ijon_max/8
[1;94m[*] [0mFuzzing test case #876 (997 total, 0 uniq crashes found)...[0m
[1;94m[*] [0mFuzzing test case #877 (997 total, 0 uniq crashes found)...[0m
scheduled max input!!!!
schedule: 6 level16_1/ijon_max/6
[1;94m[*] [0mFuzzing test case #878 (997 total, 0 uniq crashes found)...[0m
scheduled max input!!!!
schedule: 2 level16_1/ijon_max/2
[1;94m[*] [0mFuzzing test case #879 (997 total, 0 uniq crashes found)...[0m
scheduled max input!!!!
schedule: 14 level16_1/ijon_max/14
[1;94m[*] [0mFuzzing test case #880 (997 total, 0 uniq crashes found)...[0m
scheduled max input!!!!
schedule: 15 level16_1/ijon_max/15
[1;94m[*] [0mFuzzing test case #881 (997 total, 0 uniq crashes found)...[0m
[1;94m[*] [0mFuzzing test case #882 (997 total, 0 uniq crashes found)...[0m
scheduled max input!!!!
schedule: 5 level16_1/ijon_max/5
[1;94m[*] [0mFuzzing test case #883 (997 total, 0 uniq crashes found)...[0m
[1;94m[*] [0mFuzzing test case #884 (997 total, 0 uniq crashes found)...[0m
scheduled max input!!!!
schedule: 9 level16_1/ijon_max/9
[1;94m[*] [0mFuzzing test case #885 (997 total, 0 uniq crashes found)...[0m
scheduled max input!!!!
schedule: 14 level16_1/ijon_max/14
[1;94m[*] [0mFuzzing test case #886 (997 total, 0 uniq crashes found)...[0m
[1;94m[*] [0mFuzzing test case #887 (997 total, 0 uniq crashes found)...[0m
scheduled max input!!!!
schedule: 13 level16_1/ijon_max/13
[1;94m[*] [0mFuzzing test case #888 (997 total, 0 uniq crashes found)...[0m
[1;94m[*] [0mFuzzing test case #889 (997 total, 0 uniq crashes found)...[0m
scheduled max input!!!!
schedule: 8 level16_1/ijon_max/8
[1;94m[*] [0mFuzzing test case #890 (997 total, 0 uniq crashes found)...[0m
scheduled max input!!!!
schedule: 8 level16_1/ijon_max/8
[1;94m[*] [0mFuzzing test case #891 (997 total, 0 uniq crashes found)...[0m
scheduled max input!!!!
schedule: 11 level16_1/ijon_max/11
[1;94m[*] [0mFuzzing test case #892 (997 total, 0 uniq crashes found)...[0m
scheduled max input!!!!
schedule: 4 level16_1/ijon_max/4
updated maxmap 4: 299 (len: 458)
[1;94m[*] [0mFuzzing test case #893 (998 total, 0 uniq crashes found)...[0m
[1;94m[*] [0mFuzzing test case #894 (998 total, 0 uniq crashes found)...[0m
[1;94m[*] [0mFuzzing test case #895 (998 total, 0 uniq crashes found)...[0m
scheduled max input!!!!
schedule: 5 level16_1/ijon_max/5
updated maxmap 7: 2db (len: 469)
updated maxmap 5: 2d0 (len: 466)
updated maxmap 6: 2da (len: 466)
[1;94m[*] [0mFuzzing test case #896 (999 total, 0 uniq crashes found)...[0m
scheduled max input!!!!
schedule: 12 level16_1/ijon_max/12
[1;94m[*] [0mFuzzing test case #897 (999 total, 0 uniq crashes found)...[0m
scheduled max input!!!!
schedule: 11 level16_1/ijon_max/11
[1;94m[*] [0mFuzzing test case #898 (999 total, 0 uniq crashes found)...[0m
scheduled max input!!!!
schedule: 11 level16_1/ijon_max/11
[1;94m[*] [0mFuzzing test case #899 (999 total, 0 uniq crashes found)...[0m
[1;94m[*] [0mFuzzing test case #900 (999 total, 0 uniq crashes found)...[0m
[1;94m[*] [0mFuzzing test case #901 (999 total, 0 uniq crashes found)...[0m
scheduled max input!!!!
schedule: 7 level16_1/ijon_max/7
updated maxmap 7: 2dd (len: 469)
updated maxmap 7: 2de (len: 469)
updated maxmap 5: 2de (len: 469)
updated maxmap 6: 2e6 (len: 469)
updated maxmap 7: 2e4 (len: 469)
updated maxmap 7: 2e5 (len: 469)
updated maxmap 5: 2e7 (len: 469)
updated maxmap 4: 29f (len: 469)
updated maxmap 5: 2f1 (len: 475)
updated maxmap 6: 2e9 (len: 473)
updated maxmap 5: 2f5 (len: 477)
updated maxmap 6: 2fd (len: 477)
updated maxmap 7: 2e8 (len: 474)
updated maxmap 7: 2f4 (len: 475)
[1;94m[*] [0mFuzzing test case #902 (1025 total, 0 uniq crashes found)...[0m
scheduled max input!!!!
schedule: 15 level16_1/ijon_max/15
[1;94m[*] [0mFuzzing test case #903 (1025 total, 0 uniq crashes found)...[0m
scheduled max input!!!!
schedule: 3 level16_1/ijon_max/3
[1;94m[*] [0mFuzzing test case #904 (1025 total, 0 uniq crashes found)...[0m
scheduled max input!!!!
schedule: 13 level16_1/ijon_max/13
[1;94m[*] [0mFuzzing test case #905 (1025 total, 0 uniq crashes found)...[0m
scheduled max input!!!!
schedule: 13 level16_1/ijon_max/13
[1;94m[*] [0mFuzzing test case #906 (1025 total, 0 uniq crashes found)...[0m
scheduled max input!!!!
schedule: 11 level16_1/ijon_max/11
[1;94m[*] [0mFuzzing test case #907 (1025 total, 0 uniq crashes found)...[0m
scheduled max input!!!!
schedule: 13 level16_1/ijon_max/13
[1;94m[*] [0mFuzzing test case #908 (1025 total, 0 uniq crashes found)...[0m
scheduled max input!!!!
schedule: 15 level16_1/ijon_max/15
[1;94m[*] [0mFuzzing test case #909 (1025 total, 0 uniq crashes found)...[0m
scheduled max input!!!!
schedule: 2 level16_1/ijon_max/2
[1;94m[*] [0mFuzzing test case #910 (1025 total, 0 uniq crashes found)...[0m
scheduled max input!!!!
schedule: 2 level16_1/ijon_max/2
[1;94m[*] [0mFuzzing test case #911 (1025 total, 0 uniq crashes found)...[0m
scheduled max input!!!!
schedule: 6 level16_1/ijon_max/6
[1;94m[*] [0mFuzzing test case #912 (1025 total, 0 uniq crashes found)...[0m
scheduled max input!!!!
schedule: 9 level16_1/ijon_max/9
[1;94m[*] [0mFuzzing test case #913 (1026 total, 0 uniq crashes found)...[0m
scheduled max input!!!!
schedule: 13 level16_1/ijon_max/13
[1;94m[*] [0mFuzzing test case #914 (1026 total, 0 uniq crashes found)...[0m
[1;94m[*] [0mFuzzing test case #915 (1026 total, 0 uniq crashes found)...[0m
scheduled max input!!!!
schedule: 7 level16_1/ijon_max/7
updated maxmap 5: 307 (len: 482)
updated maxmap 4: 302 (len: 481)
updated maxmap 7: 2f5 (len: 475)
updated maxmap 7: 2f6 (len: 477)
[1;94m[*] [0mFuzzing test case #916 (1040 total, 0 uniq crashes found)...[0m
scheduled max input!!!!
schedule: 0 level16_1/ijon_max/0
[1;94m[*] [0mFuzzing test case #917 (1040 total, 0 uniq crashes found)...[0m
scheduled max input!!!!
schedule: 13 level16_1/ijon_max/13
[1;94m[*] [0mFuzzing test case #918 (1040 total, 0 uniq crashes found)...[0m
[1;94m[*] [0mFuzzing test case #919 (1040 total, 0 uniq crashes found)...[0m
scheduled max input!!!!
schedule: 7 level16_1/ijon_max/7
[1;94m[*] [0mFuzzing test case #920 (1040 total, 0 uniq crashes found)...[0m
scheduled max input!!!!
schedule: 8 level16_1/ijon_max/8
[1;94m[*] [0mFuzzing test case #921 (1040 total, 0 uniq crashes found)...[0m
[1;94m[*] [0mFuzzing test case #922 (1040 total, 0 uniq crashes found)...[0m
scheduled max input!!!!
schedule: 15 level16_1/ijon_max/15
[1;94m[*] [0mFuzzing test case #923 (1040 total, 0 uniq crashes found)...[0m
scheduled max input!!!!
schedule: 15 level16_1/ijon_max/15
[1;94m[*] [0mFuzzing test case #924 (1040 total, 0 uniq crashes found)...[0m
scheduled max input!!!!
schedule: 7 level16_1/ijon_max/7
[1;94m[*] [0mFuzzing test case #925 (1040 total, 0 uniq crashes found)...[0m
scheduled max input!!!!
schedule: 7 level16_1/ijon_max/7
updated maxmap 6: 2ff (len: 485)
updated maxmap 7: 306 (len: 485)
updated maxmap 6: 302 (len: 484)
updated maxmap 7: 308 (len: 485)
[1;94m[*] [0mFuzzing test case #926 (1057 total, 0 uniq crashes found)...[0m
scheduled max input!!!!
schedule: 8 level16_1/ijon_max/8
[1;94m[*] [0mFuzzing test case #927 (1057 total, 0 uniq crashes found)...[0m
scheduled max input!!!!
schedule: 12 level16_1/ijon_max/12
[1;94m[*] [0mFuzzing test case #928 (1057 total, 0 uniq crashes found)...[0m
[1;94m[*] [0mFuzzing test case #929 (1057 total, 0 uniq crashes found)...[0m
scheduled max input!!!!
schedule: 13 level16_1/ijon_max/13
[1;94m[*] [0mFuzzing test case #930 (1057 total, 0 uniq crashes found)...[0m
scheduled max input!!!!
schedule: 3 level16_1/ijon_max/3
[1;94m[*] [0mFuzzing test case #931 (1057 total, 0 uniq crashes found)...[0m
[1;94m[*] [0mFuzzing test case #932 (1057 total, 0 uniq crashes found)...[0m
[1;94m[*] [0mFuzzing test case #933 (1057 total, 0 uniq crashes found)...[0m
scheduled max input!!!!
schedule: 15 level16_1/ijon_max/15
[1;94m[*] [0mFuzzing test case #934 (1057 total, 0 uniq crashes found)...[0m
scheduled max input!!!!
schedule: 13 level16_1/ijon_max/13
[1;94m[*] [0mFuzzing test case #935 (1057 total, 0 uniq crashes found)...[0m
[1;94m[*] [0mFuzzing test case #936 (1057 total, 0 uniq crashes found)...[0m
scheduled max input!!!!
schedule: 12 level16_1/ijon_max/12
[1;94m[*] [0mFuzzing test case #937 (1057 total, 0 uniq crashes found)...[0m
[1;94m[*] [0mFuzzing test case #938 (1057 total, 0 uniq crashes found)...[0m
scheduled max input!!!!
schedule: 2 level16_1/ijon_max/2
[1;94m[*] [0mFuzzing test case #939 (1057 total, 0 uniq crashes found)...[0m
scheduled max input!!!!
schedule: 5 level16_1/ijon_max/5
updated maxmap 4: 309 (len: 483)
updated maxmap 4: 30f (len: 488)
updated maxmap 5: 308 (len: 482)
updated maxmap 5: 30a (len: 490)
updated maxmap 5: 31a (len: 490)
updated maxmap 8: 30b (len: 488)
updated maxmap 7: 30a (len: 485)
[1;94m[*] [0mFuzzing test case #940 (1069 total, 0 uniq crashes found)...[0m
scheduled max input!!!!
schedule: 12 level16_1/ijon_max/12
[1;94m[*] [0mFuzzing test case #941 (1069 total, 0 uniq crashes found)...[0m
scheduled max input!!!!
schedule: 13 level16_1/ijon_max/13
[1;94m[*] [0mFuzzing test case #942 (1069 total, 0 uniq crashes found)...[0m
scheduled max input!!!!
schedule: 10 level16_1/ijon_max/10
[1;94m[*] [0mFuzzing test case #943 (1069 total, 0 uniq crashes found)...[0m
[1;94m[*] [0mFuzzing test case #944 (1069 total, 0 uniq crashes found)...[0m
scheduled max input!!!!
schedule: 0 level16_1/ijon_max/0
[1;94m[*] [0mFuzzing test case #945 (1069 total, 0 uniq crashes found)...[0m
scheduled max input!!!!
schedule: 4 level16_1/ijon_max/4
[1;94m[*] [0mFuzzing test case #946 (1069 total, 0 uniq crashes found)...[0m
[1;94m[*] [0mFuzzing test case #947 (1069 total, 0 uniq crashes found)...[0m
[1;94m[*] [0mFuzzing test case #948 (1069 total, 0 uniq crashes found)...[0m
scheduled max input!!!!
schedule: 15 level16_1/ijon_max/15
[1;94m[*] [0mFuzzing test case #949 (1069 total, 0 uniq crashes found)...[0m
scheduled max input!!!!
schedule: 6 level16_1/ijon_max/6
updated maxmap 6: 303 (len: 484)
[1;94m[*] [0mFuzzing test case #950 (1069 total, 0 uniq crashes found)...[0m
scheduled max input!!!!
schedule: 7 level16_1/ijon_max/7
updated maxmap 7: 30b (len: 485)
updated maxmap 7: 30c (len: 485)
updated maxmap 6: 30c (len: 488)
updated maxmap 7: 310 (len: 488)
updated maxmap 6: 30d (len: 490)
updated maxmap 8: 30f (len: 490)
updated maxmap 6: 31f (len: 492)
updated maxmap 8: 310 (len: 493)
updated maxmap 9: 30f (len: 493)
updated maxmap 5: 31c (len: 493)
updated maxmap 6: 321 (len: 493)
updated maxmap 8: 311 (len: 486)
[1;94m[*] [0mFuzzing test case #951 (1081 total, 0 uniq crashes found)...[0m
scheduled max input!!!!
schedule: 7 level16_1/ijon_max/7
updated maxmap 7: 311 (len: 488)
updated maxmap 7: 312 (len: 488)
[1;94m[*] [0mFuzzing test case #952 (1082 total, 0 uniq crashes found)...[0m
scheduled max input!!!!
schedule: 7 level16_1/ijon_max/7
updated maxmap 7: 314 (len: 489)
updated maxmap 7: 315 (len: 490)
updated maxmap 7: 31d (len: 495)
updated maxmap 9: 310 (len: 493)
updated maxmap 5: 323 (len: 495)
updated maxmap 8: 314 (len: 488)
[1;94m[*] [0mFuzzing test case #953 (1094 total, 0 uniq crashes found)...[0m
scheduled max input!!!!
schedule: 8 level16_1/ijon_max/8
[1;94m[*] [0mFuzzing test case #954 (1094 total, 0 uniq crashes found)...[0m
scheduled max input!!!!
schedule: 4 level16_1/ijon_max/4
updated maxmap 4: 312 (len: 488)
[1;94m[*] [0mFuzzing test case #955 (1094 total, 0 uniq crashes found)...[0m
scheduled max input!!!!
schedule: 15 level16_1/ijon_max/15
[1;94m[*] [0mFuzzing test case #956 (1094 total, 0 uniq crashes found)...[0m
scheduled max input!!!!
schedule: 5 level16_1/ijon_max/5
updated maxmap 5: 324 (len: 495)
[1;94m[*] [0mFuzzing test case #957 (1095 total, 0 uniq crashes found)...[0m
[1;94m[*] [0mFuzzing test case #958 (1095 total, 0 uniq crashes found)...[0m
[1;94m[*] [0mFuzzing test case #959 (1095 total, 0 uniq crashes found)...[0m
scheduled max input!!!!
schedule: 2 level16_1/ijon_max/2
[1;94m[*] [0mFuzzing test case #960 (1095 total, 0 uniq crashes found)...[0m
scheduled max input!!!!
schedule: 0 level16_1/ijon_max/0
[1;94m[*] [0mFuzzing test case #961 (1095 total, 0 uniq crashes found)...[0m
scheduled max input!!!!
schedule: 4 level16_1/ijon_max/4
updated maxmap 4: 313 (len: 488)
[1;94m[*] [0mFuzzing test case #962 (1095 total, 0 uniq crashes found)...[0m
scheduled max input!!!!
schedule: 8 level16_1/ijon_max/8
[1;94m[*] [0mFuzzing test case #963 (1095 total, 0 uniq crashes found)...[0m
scheduled max input!!!!
schedule: 8 level16_1/ijon_max/8
updated maxmap 9: 31e (len: 493)
updated maxmap 10: 320 (len: 493)
[1;94m[*] [0mFuzzing test case #964 (1098 total, 0 uniq crashes found)...[0m
scheduled max input!!!!
schedule: 9 level16_1/ijon_max/9
updated maxmap 10: 321 (len: 493)
updated maxmap 9: 334 (len: 501)
updated maxmap 10: 332 (len: 501)
updated maxmap 11: 32a (len: 501)
[1;94m[*] [0mFuzzing test case #965 (1107 total, 0 uniq crashes found)...[0m
scheduled max input!!!!
schedule: 12 level16_1/ijon_max/12
[1;94m[*] [0mFuzzing test case #966 (1107 total, 0 uniq crashes found)...[0m
[1;94m[*] [0mFuzzing test case #967 (1107 total, 0 uniq crashes found)...[0m
[1;94m[*] [0mFuzzing test case #968 (1107 total, 0 uniq crashes found)...[0m
[1;94m[*] [0mFuzzing test case #969 (1107 total, 0 uniq crashes found)...[0m
scheduled max input!!!!
schedule: 0 level16_1/ijon_max/0
[1;94m[*] [0mFuzzing test case #970 (1107 total, 0 uniq crashes found)...[0m
scheduled max input!!!!
schedule: 3 level16_1/ijon_max/3
[1;94m[*] [0mFuzzing test case #971 (1107 total, 0 uniq crashes found)...[0m
scheduled max input!!!!
schedule: 4 level16_1/ijon_max/4
[1;94m[*] [0mFuzzing test case #972 (1108 total, 0 uniq crashes found)...[0m
scheduled max input!!!!
schedule: 13 level16_1/ijon_max/13
[1;94m[*] [0mFuzzing test case #973 (1108 total, 0 uniq crashes found)...[0m
scheduled max input!!!!
schedule: 12 level16_1/ijon_max/12
[1;94m[*] [0mFuzzing test case #974 (1108 total, 0 uniq crashes found)...[0m
scheduled max input!!!!
schedule: 12 level16_1/ijon_max/12
[1;94m[*] [0mFuzzing test case #975 (1108 total, 0 uniq crashes found)...[0m
scheduled max input!!!!
schedule: 0 level16_1/ijon_max/0
[1;94m[*] [0mFuzzing test case #976 (1108 total, 0 uniq crashes found)...[0m
[1;94m[*] [0mFuzzing test case #977 (1108 total, 0 uniq crashes found)...[0m
[1;94m[*] [0mFuzzing test case #978 (1108 total, 0 uniq crashes found)...[0m
scheduled max input!!!!
schedule: 13 level16_1/ijon_max/13
[1;94m[*] [0mFuzzing test case #979 (1108 total, 0 uniq crashes found)...[0m
scheduled max input!!!!
schedule: 10 level16_1/ijon_max/10
[1;94m[*] [0mFuzzing test case #980 (1108 total, 0 uniq crashes found)...[0m
scheduled max input!!!!
schedule: 15 level16_1/ijon_max/15
[1;94m[*] [0mFuzzing test case #981 (1108 total, 0 uniq crashes found)...[0m
scheduled max input!!!!
schedule: 0 level16_1/ijon_max/0
[1;94m[*] [0mFuzzing test case #982 (1108 total, 0 uniq crashes found)...[0m
scheduled max input!!!!
schedule: 2 level16_1/ijon_max/2
[1;94m[*] [0mFuzzing test case #983 (1108 total, 0 uniq crashes found)...[0m
scheduled max input!!!!
schedule: 5 level16_1/ijon_max/5
updated maxmap 5: 335 (len: 502)
[1;94m[*] [0mFuzzing test case #984 (1110 total, 0 uniq crashes found)...[0m
scheduled max input!!!!
schedule: 9 level16_1/ijon_max/9
updated maxmap 5: 341 (len: 507)
updated maxmap 6: 333 (len: 507)
updated maxmap 7: 32b (len: 507)
updated maxmap 6: 337 (len: 504)
updated maxmap 7: 330 (len: 504)
updated maxmap 11: 32b (len: 501)
updated maxmap 11: 32c (len: 501)
[1;94m[*] [0mFuzzing test case #985 (1113 total, 0 uniq crashes found)...[0m
scheduled max input!!!!
schedule: 15 level16_1/ijon_max/15
[1;94m[*] [0mFuzzing test case #986 (1113 total, 0 uniq crashes found)...[0m
[1;94m[*] [0mFuzzing test case #987 (1113 total, 0 uniq crashes found)...[0m
scheduled max input!!!!
schedule: 6 level16_1/ijon_max/6
[1;94m[*] [0mFuzzing test case #988 (1113 total, 0 uniq crashes found)...[0m
scheduled max input!!!!
schedule: 14 level16_1/ijon_max/14
[1;94m[*] [0mFuzzing test case #989 (1113 total, 0 uniq crashes found)...[0m
scheduled max input!!!!
schedule: 6 level16_1/ijon_max/6
[1;94m[*] [0mFuzzing test case #990 (1113 total, 0 uniq crashes found)...[0m
scheduled max input!!!!
schedule: 6 level16_1/ijon_max/6
updated maxmap 5: 345 (len: 508)
updated maxmap 6: 338 (len: 504)
updated maxmap 7: 331 (len: 504)
[1;94m[*] [0mFuzzing test case #991 (1115 total, 0 uniq crashes found)...[0m
[1;94m[*] [0mFuzzing test case #992 (1115 total, 0 uniq crashes found)...[0m
scheduled max input!!!!
schedule: 14 level16_1/ijon_max/14
[1;94m[*] [0mFuzzing test case #993 (1115 total, 0 uniq crashes found)...[0m
scheduled max input!!!!
schedule: 12 level16_1/ijon_max/12
[1;94m[*] [0mFuzzing test case #994 (1115 total, 0 uniq crashes found)...[0m
scheduled max input!!!!
schedule: 8 level16_1/ijon_max/8
[1;94m[*] [0mFuzzing test case #995 (1115 total, 0 uniq crashes found)...[0m
scheduled max input!!!!
schedule: 6 level16_1/ijon_max/6
[1;94m[*] [0mFuzzing test case #996 (1115 total, 0 uniq crashes found)...[0m
scheduled max input!!!!
schedule: 14 level16_1/ijon_max/14
[1;94m[*] [0mFuzzing test case #997 (1115 total, 0 uniq crashes found)...[0m
scheduled max input!!!!
schedule: 14 level16_1/ijon_max/14
[1;94m[*] [0mFuzzing test case #998 (1115 total, 0 uniq crashes found)...[0m
scheduled max input!!!!
schedule: 14 level16_1/ijon_max/14
[1;94m[*] [0mFuzzing test case #999 (1115 total, 0 uniq crashes found)...[0m
[1;94m[*] [0mFuzzing test case #1000 (1115 total, 0 uniq crashes found)...[0m
scheduled max input!!!!
schedule: 0 level16_1/ijon_max/0
[1;94m[*] [0mFuzzing test case #1001 (1115 total, 0 uniq crashes found)...[0m
scheduled max input!!!!
schedule: 0 level16_1/ijon_max/0
[1;94m[*] [0mFuzzing test case #1002 (1115 total, 0 uniq crashes found)...[0m
scheduled max input!!!!
schedule: 2 level16_1/ijon_max/2
[1;94m[*] [0mFuzzing test case #1003 (1115 total, 0 uniq crashes found)...[0m
scheduled max input!!!!
schedule: 4 level16_1/ijon_max/4
[1;94m[*] [0mFuzzing test case #1004 (1115 total, 0 uniq crashes found)...[0m
[1;94m[*] [0mFuzzing test case #1005 (1115 total, 0 uniq crashes found)...[0m
scheduled max input!!!!
schedule: 8 level16_1/ijon_max/8
[1;94m[*] [0mFuzzing test case #1006 (1115 total, 0 uniq crashes found)...[0m
scheduled max input!!!!
schedule: 12 level16_1/ijon_max/12
[1;94m[*] [0mFuzzing test case #1007 (1115 total, 0 uniq crashes found)...[0m
scheduled max input!!!!
schedule: 5 level16_1/ijon_max/5
updated maxmap 5: 348 (len: 510)
updated maxmap 6: 33a (len: 510)
updated maxmap 7: 333 (len: 510)
updated maxmap 5: 357 (len: 516)
updated maxmap 6: 33c (len: 516)
updated maxmap 7: 334 (len: 516)
updated maxmap 7: 335 (len: 508)
updated maxmap 9: 344 (len: 509)
updated maxmap 7: 341 (len: 508)
updated maxmap 10: 333 (len: 511)
[1;94m[*] [0mFuzzing test case #1008 (1129 total, 0 uniq crashes found)...[0m
scheduled max input!!!!
schedule: 3 level16_1/ijon_max/3
[1;94m[*] [0mFuzzing test case #1009 (1129 total, 0 uniq crashes found)...[0m
[1;94m[*] [0mFuzzing test case #1010 (1129 total, 0 uniq crashes found)...[0m
scheduled max input!!!!
schedule: 7 level16_1/ijon_max/7
[1;94m[*] [0mFuzzing test case #1011 (1129 total, 0 uniq crashes found)...[0m
[1;94m[*] [0mFuzzing test case #1012 (1129 total, 0 uniq crashes found)...[0m
scheduled max input!!!!
schedule: 14 level16_1/ijon_max/14
[1;94m[*] [0mFuzzing test case #1013 (1129 total, 0 uniq crashes found)...[0m
scheduled max input!!!!
schedule: 14 level16_1/ijon_max/14
[1;94m[*] [0mFuzzing test case #1014 (1129 total, 0 uniq crashes found)...[0m
scheduled max input!!!!
schedule: 6 level16_1/ijon_max/6
updated maxmap 6: 355 (len: 516)
updated maxmap 7: 358 (len: 516)
updated maxmap 6: 358 (len: 517)
updated maxmap 7: 35a (len: 517)
minimized maxmap 6: 358 (len: 516)
updated maxmap 6: 35a (len: 517)
updated maxmap 5: 358 (len: 523)
updated maxmap 6: 362 (len: 523)
updated maxmap 7: 367 (len: 523)
minimized maxmap 5: 358 (len: 522)
minimized maxmap 6: 362 (len: 522)
updated maxmap 5: 359 (len: 518)
updated maxmap 4: 344 (len: 516)
updated maxmap 4: 345 (len: 516)
updated maxmap 4: 34b (len: 519)
updated maxmap 9: 355 (len: 523)
updated maxmap 10: 36b (len: 523)
updated maxmap 11: 364 (len: 523)
updated maxmap 6: 366 (len: 522)
[1;94m[*] [0mFuzzing test case #1015 (1145 total, 0 uniq crashes found)...[0m
scheduled max input!!!!
schedule: 9 level16_1/ijon_max/9
updated maxmap 5: 36f (len: 525)
updated maxmap 4: 354 (len: 523)
updated maxmap 6: 368 (len: 523)
updated maxmap 4: 355 (len: 523)
updated maxmap 6: 369 (len: 523)
updated maxmap 4: 356 (len: 523)
updated maxmap 11: 36b (len: 523)
updated maxmap 5: 37d (len: 531)
updated maxmap 6: 376 (len: 531)
updated maxmap 7: 36e (len: 531)
updated maxmap 4: 357 (len: 524)
updated maxmap 9: 35a (len: 525)
updated maxmap 10: 370 (len: 525)
minimized maxmap 9: 35a (len: 523)
updated maxmap 9: 37d (len: 530)
[1;94m[*] [0mFuzzing test case #1016 (1155 total, 0 uniq crashes found)...[0m
scheduled max input!!!!
schedule: 14 level16_1/ijon_max/14
[1;94m[*] [0mFuzzing test case #1017 (1155 total, 0 uniq crashes found)...[0m
scheduled max input!!!!
schedule: 4 level16_1/ijon_max/4
updated maxmap 4: 358 (len: 525)
minimized maxmap 4: 358 (len: 524)
updated maxmap 4: 359 (len: 524)
updated maxmap 4: 368 (len: 524)
[1;94m[*] [0mFuzzing test case #1018 (1155 total, 0 uniq crashes found)...[0m
[1;94m[*] [0mFuzzing test case #1019 (1155 total, 0 uniq crashes found)...[0m
[1;94m[*] [0mFuzzing test case #1020 (1155 total, 0 uniq crashes found)...[0m
scheduled max input!!!!
schedule: 7 level16_1/ijon_max/7
updated maxmap 5: 388 (len: 536)
updated maxmap 6: 38b (len: 536)
updated maxmap 7: 36f (len: 531)
updated maxmap 5: 38a (len: 536)
[1;94m[*] [0mFuzzing test case #1021 (1158 total, 0 uniq crashes found)...[0m
scheduled max input!!!!
schedule: 14 level16_1/ijon_max/14
[1;94m[*] [0mFuzzing test case #1022 (1158 total, 0 uniq crashes found)...[0m
scheduled max input!!!!
schedule: 6 level16_1/ijon_max/6
updated maxmap 6: 38c (len: 543)
updated maxmap 7: 395 (len: 543)
updated maxmap 8: 398 (len: 543)
updated maxmap 4: 37f (len: 545)
updated maxmap 6: 393 (len: 545)
updated maxmap 7: 39a (len: 545)
minimized maxmap 4: 37f (len: 536)
updated maxmap 4: 383 (len: 540)
updated maxmap 4: 385 (len: 542)
updated maxmap 4: 388 (len: 542)
updated maxmap 5: 38d (len: 542)
[1;94m[*] [0mFuzzing test case #1023 (1171 total, 0 uniq crashes found)...[0m
[1;94m[*] [0mFuzzing test case #1024 (1171 total, 0 uniq crashes found)...[0m
[1;94m[*] [0mFuzzing test case #1025 (1171 total, 0 uniq crashes found)...[0m
scheduled max input!!!!
schedule: 14 level16_1/ijon_max/14
[1;94m[*] [0mFuzzing test case #1026 (1171 total, 0 uniq crashes found)...[0m
scheduled max input!!!!
schedule: 11 level16_1/ijon_max/11
[1;94m[*] [0mFuzzing test case #1027 (1171 total, 0 uniq crashes found)...[0m
scheduled max input!!!!
schedule: 12 level16_1/ijon_max/12
[1;94m[*] [0mFuzzing test case #1028 (1171 total, 0 uniq crashes found)...[0m
scheduled max input!!!!
schedule: 7 level16_1/ijon_max/7
updated maxmap 7: 39c (len: 548)
updated maxmap 8: 39b (len: 548)
updated maxmap 6: 395 (len: 546)
updated maxmap 9: 39b (len: 552)
updated maxmap 6: 396 (len: 545)
minimized maxmap 7: 39c (len: 545)
minimized maxmap 8: 39b (len: 547)
updated maxmap 5: 3ac (len: 553)
updated maxmap 6: 3aa (len: 553)
updated maxmap 7: 3a2 (len: 553)
updated maxmap 8: 39c (len: 545)
updated maxmap 4: 391 (len: 551)
updated maxmap 7: 3aa (len: 551)
minimized maxmap 4: 391 (len: 545)
updated maxmap 9: 39c (len: 553)
updated maxmap 10: 39c (len: 553)
updated maxmap 7: 3ad (len: 553)
updated maxmap 7: 3b1 (len: 553)
[1;94m[*] [0mFuzzing test case #1029 (1195 total, 0 uniq crashes found)...[0m
scheduled max input!!!!
schedule: 3 level16_1/ijon_max/3
[1;94m[*] [0mFuzzing test case #1030 (1195 total, 0 uniq crashes found)...[0m
scheduled max input!!!!
schedule: 6 level16_1/ijon_max/6
[1;94m[*] [0mFuzzing test case #1031 (1195 total, 0 uniq crashes found)...[0m
scheduled max input!!!!
schedule: 10 level16_1/ijon_max/10
updated maxmap 8: 39d (len: 553)
updated maxmap 5: 3bd (len: 560)
updated maxmap 6: 3b6 (len: 560)
updated maxmap 10: 39d (len: 553)
updated maxmap 9: 39d (len: 553)
updated maxmap 11: 39f (len: 561)
updated maxmap 12: 39f (len: 561)
updated maxmap 4: 399 (len: 561)
updated maxmap 3: 38c (len: 553)
updated maxmap 4: 3c1 (len: 561)
updated maxmap 5: 3c4 (len: 561)
[1;94m[*] [0mFuzzing test case #1032 (1210 total, 0 uniq crashes found)...[0m
scheduled max input!!!!
schedule: 8 level16_1/ijon_max/8
updated maxmap 8: 39e (len: 553)
updated maxmap 9: 3a8 (len: 553)
updated maxmap 10: 3af (len: 553)
[1;94m[*] [0mFuzzing test case #1033 (1219 total, 0 uniq crashes found)...[0m
[1;94m[*] [0mFuzzing test case #1034 (1219 total, 0 uniq crashes found)...[0m
[1;94m[*] [0mFuzzing test case #1035 (1219 total, 0 uniq crashes found)...[0m
[1;94m[*] [0mFuzzing test case #1036 (1219 total, 0 uniq crashes found)...[0m
scheduled max input!!!!
schedule: 4 level16_1/ijon_max/4
updated maxmap 4: 3c2 (len: 561)
updated maxmap 5: 3cc (len: 566)
updated maxmap 4: 3c3 (len: 561)
[1;94m[*] [0mFuzzing test case #1037 (1221 total, 0 uniq crashes found)...[0m
[1;94m[*] [0mFuzzing test case #1038 (1221 total, 0 uniq crashes found)...[0m
[1;94m[*] [0mFuzzing test case #1039 (1221 total, 0 uniq crashes found)...[0m
scheduled max input!!!!
schedule: 10 level16_1/ijon_max/10
[1;94m[*] [0mFuzzing test case #1040 (1221 total, 0 uniq crashes found)...[0m
[1;94m[*] [0mFuzzing test case #1041 (1221 total, 0 uniq crashes found)...[0m
scheduled max input!!!!
schedule: 4 level16_1/ijon_max/4
[1;94m[*] [0mFuzzing test case #1042 (1221 total, 0 uniq crashes found)...[0m
scheduled max input!!!!
schedule: 15 level16_1/ijon_max/15
[1;94m[*] [0mFuzzing test case #1043 (1221 total, 0 uniq crashes found)...[0m
[1;94m[*] [0mFuzzing test case #1044 (1221 total, 0 uniq crashes found)...[0m
scheduled max input!!!!
schedule: 0 level16_1/ijon_max/0
[1;94m[*] [0mFuzzing test case #1045 (1221 total, 0 uniq crashes found)...[0m
scheduled max input!!!!
schedule: 7 level16_1/ijon_max/7
updated maxmap 7: 3b2 (len: 553)
[1;94m[*] [0mFuzzing test case #1046 (1221 total, 0 uniq crashes found)...[0m
scheduled max input!!!!
schedule: 13 level16_1/ijon_max/13
[1;94m[*] [0mFuzzing test case #1047 (1221 total, 0 uniq crashes found)...[0m
scheduled max input!!!!
schedule: 12 level16_1/ijon_max/12
updated maxmap 12: 3a0 (len: 561)
[1;94m[*] [0mFuzzing test case #1048 (1222 total, 0 uniq crashes found)...[0m
[1;94m[*] [0mFuzzing test case #1049 (1222 total, 0 uniq crashes found)...[0m
scheduled max input!!!!
schedule: 6 level16_1/ijon_max/6
updated maxmap 7: 3b7 (len: 560)
updated maxmap 6: 3bd (len: 560)
updated maxmap 6: 3be (len: 560)
updated maxmap 6: 3bf (len: 560)
updated maxmap 0: 3d4 (len: 567)
updated maxmap 11: 3aa (len: 567)
updated maxmap 12: 3b3 (len: 567)
updated maxmap 13: 3bd (len: 567)
updated maxmap 14: 3c7 (len: 567)
updated maxmap 15: 3d1 (len: 567)
updated maxmap 6: 3d8 (len: 568)
updated maxmap 7: 3bb (len: 560)
minimized maxmap 5: 3cc (len: 563)
updated maxmap 5: 3d4 (len: 567)
[1;94m[*] [0mFuzzing test case #1050 (1237 total, 0 uniq crashes found)...[0m
scheduled max input!!!!
schedule: 15 level16_1/ijon_max/15
updated maxmap 12: 3b4 (len: 567)
updated maxmap 13: 3be (len: 567)
[1;94m[*] [0mFuzzing test case #1051 (1237 total, 0 uniq crashes found)...[0m
scheduled max input!!!!
schedule: 10 level16_1/ijon_max/10
[1;94m[*] [0mFuzzing test case #1052 (1237 total, 0 uniq crashes found)...[0m
scheduled max input!!!!
schedule: 2 level16_1/ijon_max/2
[1;94m[*] [0mFuzzing test case #1053 (1237 total, 0 uniq crashes found)...[0m
scheduled max input!!!!
schedule: 14 level16_1/ijon_max/14
updated maxmap 14: 3c8 (len: 567)
updated maxmap 15: 3d2 (len: 567)
updated maxmap 0: 3d5 (len: 567)
updated maxmap 0: 3d8 (len: 574)
updated maxmap 11: 3ae (len: 574)
updated maxmap 12: 3b8 (len: 574)
updated maxmap 13: 3c2 (len: 574)
updated maxmap 14: 3cc (len: 574)
updated maxmap 15: 3d6 (len: 574)
minimized maxmap 11: 3ae (len: 567)
minimized maxmap 12: 3b8 (len: 567)
minimized maxmap 13: 3c2 (len: 567)
minimized maxmap 14: 3cc (len: 567)
updated maxmap 11: 3af (len: 567)
updated maxmap 12: 3b9 (len: 567)
updated maxmap 0: 3d9 (len: 571)
updated maxmap 13: 3c3 (len: 571)
minimized maxmap 15: 3d6 (len: 571)
minimized maxmap 13: 3c3 (len: 567)
updated maxmap 14: 3cd (len: 567)
updated maxmap 11: 3b0 (len: 567)
updated maxmap 12: 3ba (len: 567)
updated maxmap 13: 3c4 (len: 567)
updated maxmap 14: 3ce (len: 567)
updated maxmap 11: 3b5 (len: 567)
updated maxmap 12: 3be (len: 567)
updated maxmap 13: 3c8 (len: 567)
updated maxmap 0: 3da (len: 573)
updated maxmap 15: 3d8 (len: 573)
updated maxmap 14: 3d1 (len: 569)
minimized maxmap 15: 3d8 (len: 569)
minimized maxmap 14: 3d1 (len: 567)
updated maxmap 0: 3de (len: 573)
updated maxmap 15: 3db (len: 573)
[1;94m[*] [0mFuzzing test case #1054 (1255 total, 0 uniq crashes found)...[0m
scheduled max input!!!!
schedule: 14 level16_1/ijon_max/14
[1;94m[*] [0mFuzzing test case #1055 (1255 total, 0 uniq crashes found)...[0m
scheduled max input!!!!
schedule: 13 level16_1/ijon_max/13
[1;94m[*] [0mFuzzing test case #1056 (1255 total, 0 uniq crashes found)...[0m
scheduled max input!!!!
schedule: 4 level16_1/ijon_max/4
[1;94m[*] [0mFuzzing test case #1057 (1255 total, 0 uniq crashes found)...[0m
scheduled max input!!!!
schedule: 13 level16_1/ijon_max/13
updated maxmap 12: 3bf (len: 567)
updated maxmap 13: 3c9 (len: 567)
updated maxmap 8: 3b3 (len: 567)
updated maxmap 0: 3df (len: 574)
updated maxmap 14: 3d3 (len: 574)
updated maxmap 15: 3dc (len: 574)
updated maxmap 11: 3b6 (len: 567)
[1;94m[*] [0mFuzzing test case #1058 (1270 total, 0 uniq crashes found)...[0m
scheduled max input!!!!
schedule: 15 level16_1/ijon_max/15
updated maxmap 15: 3dd (len: 574)
updated maxmap 11: 3b9 (len: 574)
updated maxmap 12: 3c3 (len: 574)
updated maxmap 13: 3cd (len: 574)
updated maxmap 14: 3d7 (len: 574)
updated maxmap 15: 3de (len: 574)
updated maxmap 15: 3df (len: 574)
updated maxmap 7: 3c1 (len: 584)
updated maxmap 8: 3bd (len: 584)
updated maxmap 10: 3b0 (len: 574)
updated maxmap 11: 3ba (len: 574)
updated maxmap 12: 3c4 (len: 574)
updated maxmap 7: 3c2 (len: 574)
updated maxmap 10: 3b1 (len: 574)
updated maxmap 11: 3bb (len: 574)
updated maxmap 12: 3c5 (len: 574)
updated maxmap 13: 3cf (len: 574)
updated maxmap 14: 3d9 (len: 574)
updated maxmap 15: 3e0 (len: 574)
updated maxmap 7: 3c7 (len: 574)
updated maxmap 8: 3bf (len: 574)
[1;94m[*] [0mFuzzing test case #1059 (1290 total, 0 uniq crashes found)...[0m
scheduled max input!!!!
schedule: 14 level16_1/ijon_max/14
updated maxmap 15: 3e1 (len: 574)
updated maxmap 6: 3d9 (len: 574)
updated maxmap 7: 3c8 (len: 574)
updated maxmap 8: 3c0 (len: 574)
[1;94m[*] [0mFuzzing test case #1060 (1290 total, 0 uniq crashes found)...[0m
[1;94m[*] [0mFuzzing test case #1061 (1290 total, 0 uniq crashes found)...[0m
scheduled max input!!!!
schedule: 6 level16_1/ijon_max/6
[1;94m[*] [0mFuzzing test case #1062 (1290 total, 0 uniq crashes found)...[0m
scheduled max input!!!!
schedule: 4 level16_1/ijon_max/4
[1;94m[*] [0mFuzzing test case #1063 (1290 total, 0 uniq crashes found)...[0m
scheduled max input!!!!
schedule: 12 level16_1/ijon_max/12
[1;94m[*] [0mFuzzing test case #1064 (1290 total, 0 uniq crashes found)...[0m
scheduled max input!!!!
schedule: 14 level16_1/ijon_max/14
[1;94m[*] [0mFuzzing test case #1065 (1290 total, 0 uniq crashes found)...[0m
[1;94m[*] [0mFuzzing test case #1066 (1290 total, 0 uniq crashes found)...[0m
scheduled max input!!!!
schedule: 0 level16_1/ijon_max/0
[1;94m[*] [0mFuzzing test case #1067 (1291 total, 0 uniq crashes found)...[0m
scheduled max input!!!!
schedule: 14 level16_1/ijon_max/14
[1;94m[*] [0mFuzzing test case #1068 (1291 total, 0 uniq crashes found)...[0m
scheduled max input!!!!
schedule: 10 level16_1/ijon_max/10
[1;94m[*] [0mFuzzing test case #1069 (1291 total, 0 uniq crashes found)...[0m
scheduled max input!!!!
schedule: 15 level16_1/ijon_max/15
[1;94m[*] [0mFuzzing test case #1070 (1291 total, 0 uniq crashes found)...[0m
scheduled max input!!!!
schedule: 12 level16_1/ijon_max/12
[1;94m[*] [0mFuzzing test case #1071 (1291 total, 0 uniq crashes found)...[0m
[1;94m[*] [0mFuzzing test case #1072 (1291 total, 0 uniq crashes found)...[0m
scheduled max input!!!!
schedule: 14 level16_1/ijon_max/14
updated maxmap 0: 3e0 (len: 579)
updated maxmap 9: 3a9 (len: 574)
updated maxmap 10: 3b3 (len: 574)
updated maxmap 11: 3bd (len: 574)
updated maxmap 12: 3c7 (len: 574)
updated maxmap 13: 3d1 (len: 574)
updated maxmap 14: 3db (len: 574)
updated maxmap 15: 3e3 (len: 574)
updated maxmap 9: 3aa (len: 574)
updated maxmap 10: 3b4 (len: 574)
updated maxmap 11: 3be (len: 574)
updated maxmap 12: 3c8 (len: 574)
updated maxmap 0: 3e8 (len: 580)
updated maxmap 15: 3e5 (len: 580)
updated maxmap 13: 3d2 (len: 574)
updated maxmap 14: 3dc (len: 574)
updated maxmap 15: 3e6 (len: 581)
[1;94m[*] [0mFuzzing test case #1073 (1301 total, 0 uniq crashes found)...[0m
scheduled max input!!!!
schedule: 2 level16_1/ijon_max/2
[1;94m[*] [0mFuzzing test case #1074 (1301 total, 0 uniq crashes found)...[0m
scheduled max input!!!!
schedule: 14 level16_1/ijon_max/14
[1;94m[*] [0mFuzzing test case #1075 (1301 total, 0 uniq crashes found)...[0m
[1;94m[*] [0mFuzzing test case #1076 (1301 total, 0 uniq crashes found)...[0m
scheduled max input!!!!
schedule: 10 level16_1/ijon_max/10
[1;94m[*] [0mFuzzing test case #1077 (1302 total, 0 uniq crashes found)...[0m
scheduled max input!!!!
schedule: 0 level16_1/ijon_max/0
minimized maxmap 15: 3e6 (len: 580)
[1;94m[*] [0mFuzzing test case #1078 (1302 total, 0 uniq crashes found)...[0m
scheduled max input!!!!
schedule: 6 level16_1/ijon_max/6
updated maxmap 6: 3dd (len: 581)
updated maxmap 7: 3e7 (len: 581)
updated maxmap 8: 3f1 (len: 581)
minimized maxmap 6: 3dd (len: 574)
updated maxmap 6: 3de (len: 574)
updated maxmap 6: 3eb (len: 578)
updated maxmap 7: 3eb (len: 582)
updated maxmap 5: 3de (len: 574)
updated maxmap 6: 3ed (len: 580)
minimized maxmap 15: 3e6 (len: 574)
updated maxmap 7: 3f0 (len: 581)
updated maxmap 5: 3e0 (len: 576)
updated maxmap 9: 3ab (len: 574)
updated maxmap 10: 3b5 (len: 574)
updated maxmap 11: 3bf (len: 574)
updated maxmap 12: 3c9 (len: 574)
updated maxmap 13: 3d3 (len: 574)
updated maxmap 14: 3dd (len: 574)
[1;94m[*] [0mFuzzing test case #1079 (1312 total, 0 uniq crashes found)...[0m
scheduled max input!!!!
schedule: 3 level16_1/ijon_max/3
[1;94m[*] [0mFuzzing test case #1080 (1312 total, 0 uniq crashes found)...[0m
scheduled max input!!!!
schedule: 11 level16_1/ijon_max/11
updated maxmap 9: 3ac (len: 574)
updated maxmap 10: 3b6 (len: 574)
updated maxmap 11: 3c0 (len: 574)
updated maxmap 12: 3ca (len: 574)
updated maxmap 13: 3d4 (len: 574)
updated maxmap 14: 3de (len: 574)
[1;94m[*] [0mFuzzing test case #1081 (1312 total, 0 uniq crashes found)...[0m
[1;94m[*] [0mFuzzing test case #1082 (1312 total, 0 uniq crashes found)...[0m
scheduled max input!!!!
schedule: 3 level16_1/ijon_max/3
updated maxmap 3: 392 (len: 556)
minimized maxmap 3: 392 (len: 553)
[1;94m[*] [0mFuzzing test case #1083 (1312 total, 0 uniq crashes found)...[0m
scheduled max input!!!!
schedule: 0 level16_1/ijon_max/0
[1;94m[*] [0mFuzzing test case #1084 (1312 total, 0 uniq crashes found)...[0m
scheduled max input!!!!
schedule: 6 level16_1/ijon_max/6
updated maxmap 6: 3ee (len: 580)
updated maxmap 8: 3f8 (len: 586)
updated maxmap 6: 3ef (len: 580)
updated maxmap 7: 3f2 (len: 584)
updated maxmap 8: 3f9 (len: 584)
updated maxmap 7: 3f6 (len: 584)
updated maxmap 0: 3e9 (len: 580)
updated maxmap 0: 3ea (len: 581)
updated maxmap 15: 3e7 (len: 581)
updated maxmap 8: 3fc (len: 587)
updated maxmap 9: 3fd (len: 587)
updated maxmap 8: 3ff (len: 588)
updated maxmap 9: 401 (len: 588)
updated maxmap 6: 3f4 (len: 582)
updated maxmap 5: 3ec (len: 580)
[1;94m[*] [0mFuzzing test case #1085 (1323 total, 0 uniq crashes found)...[0m
scheduled max input!!!!
schedule: 6 level16_1/ijon_max/6
updated maxmap 6: 3f5 (len: 582)
updated maxmap 6: 3f6 (len: 583)
[1;94m[*] [0mFuzzing test case #1086 (1325 total, 0 uniq crashes found)...[0m
[1;94m[*] [0mFuzzing test case #1087 (1325 total, 0 uniq crashes found)...[0m
scheduled max input!!!!
schedule: 0 level16_1/ijon_max/0
[1;94m[*] [0mFuzzing test case #1088 (1326 total, 0 uniq crashes found)...[0m
[1;94m[*] [0mFuzzing test case #1089 (1326 total, 0 uniq crashes found)...[0m
scheduled max input!!!!
schedule: 13 level16_1/ijon_max/13
[1;94m[*] [0mFuzzing test case #1090 (1326 total, 0 uniq crashes found)...[0m
scheduled max input!!!!
schedule: 11 level16_1/ijon_max/11
[1;94m[*] [0mFuzzing test case #1091 (1326 total, 0 uniq crashes found)...[0m
scheduled max input!!!!
schedule: 12 level16_1/ijon_max/12
[1;94m[*] [0mFuzzing test case #1092 (1326 total, 0 uniq crashes found)...[0m
[1;94m[*] [0mFuzzing test case #1093 (1326 total, 0 uniq crashes found)...[0m
[1;94m[*] [0mFuzzing test case #1094 (1326 total, 0 uniq crashes found)...[0m
scheduled max input!!!!
schedule: 13 level16_1/ijon_max/13
[1;94m[*] [0mFuzzing test case #1095 (1326 total, 0 uniq crashes found)...[0m
scheduled max input!!!!
schedule: 15 level16_1/ijon_max/15
[1;94m[*] [0mFuzzing test case #1096 (1327 total, 0 uniq crashes found)...[0m
scheduled max input!!!!
schedule: 4 level16_1/ijon_max/4
[1;94m[*] [0mFuzzing test case #1097 (1327 total, 0 uniq crashes found)...[0m
scheduled max input!!!!
schedule: 9 level16_1/ijon_max/9
updated maxmap 10: 40b (len: 594)
updated maxmap 11: 412 (len: 594)
updated maxmap 9: 402 (len: 588)
updated maxmap 9: 405 (len: 594)
updated maxmap 10: 40f (len: 594)
minimized maxmap 9: 405 (len: 591)
updated maxmap 7: 3f8 (len: 591)
updated maxmap 8: 401 (len: 591)
updated maxmap 9: 40b (len: 591)
updated maxmap 7: 3fa (len: 589)
updated maxmap 8: 403 (len: 589)
updated maxmap 7: 3fc (len: 588)
updated maxmap 8: 405 (len: 595)
updated maxmap 9: 40f (len: 595)
updated maxmap 7: 3fd (len: 588)
[1;94m[*] [0mFuzzing test case #1098 (1339 total, 0 uniq crashes found)...[0m
scheduled max input!!!!
schedule: 7 level16_1/ijon_max/7
[1;94m[*] [0mFuzzing test case #1099 (1339 total, 0 uniq crashes found)...[0m
scheduled max input!!!!
schedule: 7 level16_1/ijon_max/7
[1;94m[*] [0mFuzzing test case #1100 (1340 total, 0 uniq crashes found)...[0m
scheduled max input!!!!
schedule: 3 level16_1/ijon_max/3
[1;94m[*] [0mFuzzing test case #1101 (1340 total, 0 uniq crashes found)...[0m
scheduled max input!!!!
schedule: 2 level16_1/ijon_max/2
[1;94m[*] [0mFuzzing test case #1102 (1340 total, 0 uniq crashes found)...[0m
scheduled max input!!!!
schedule: 6 level16_1/ijon_max/6
updated maxmap 6: 3f7 (len: 583)
[1;94m[*] [0mFuzzing test case #1103 (1340 total, 0 uniq crashes found)...[0m
scheduled max input!!!!
schedule: 14 level16_1/ijon_max/14
[1;94m[*] [0mFuzzing test case #1104 (1340 total, 0 uniq crashes found)...[0m
scheduled max input!!!!
schedule: 6 level16_1/ijon_max/6
[1;94m[*] [0mFuzzing test case #1105 (1340 total, 0 uniq crashes found)...[0m
scheduled max input!!!!
schedule: 11 level16_1/ijon_max/11
[1;94m[*] [0mFuzzing test case #1106 (1340 total, 0 uniq crashes found)...[0m
scheduled max input!!!!
schedule: 3 level16_1/ijon_max/3
updated maxmap 3: 393 (len: 553)
[1;94m[*] [0mFuzzing test case #1107 (1342 total, 0 uniq crashes found)...[0m
scheduled max input!!!!
schedule: 8 level16_1/ijon_max/8
updated maxmap 7: 3ff (len: 595)
updated maxmap 8: 409 (len: 595)
updated maxmap 9: 413 (len: 595)
updated maxmap 10: 414 (len: 595)
updated maxmap 7: 400 (len: 595)
updated maxmap 8: 40a (len: 595)
updated maxmap 9: 414 (len: 595)
updated maxmap 6: 3f8 (len: 595)
updated maxmap 7: 401 (len: 595)
updated maxmap 10: 425 (len: 602)
updated maxmap 11: 423 (len: 602)
updated maxmap 6: 3f9 (len: 599)
[1;94m[*] [0mFuzzing test case #1108 (1355 total, 0 uniq crashes found)...[0m
scheduled max input!!!!
schedule: 5 level16_1/ijon_max/5
updated maxmap 5: 3ee (len: 582)
[1;94m[*] [0mFuzzing test case #1109 (1355 total, 0 uniq crashes found)...[0m
[1;94m[*] [0mFuzzing test case #1110 (1355 total, 0 uniq crashes found)...[0m
scheduled max input!!!!
schedule: 4 level16_1/ijon_max/4
[1;94m[*] [0mFuzzing test case #1111 (1355 total, 0 uniq crashes found)...[0m
[1;94m[*] [0mFuzzing test case #1112 (1355 total, 0 uniq crashes found)...[0m
scheduled max input!!!!
schedule: 2 level16_1/ijon_max/2
[1;94m[*] [0mFuzzing test case #1113 (1355 total, 0 uniq crashes found)...[0m
scheduled max input!!!!
schedule: 6 level16_1/ijon_max/6
updated maxmap 6: 3fb (len: 601)
updated maxmap 7: 404 (len: 601)
updated maxmap 8: 40e (len: 601)
updated maxmap 9: 418 (len: 601)
updated maxmap 6: 3fc (len: 599)
updated maxmap 7: 405 (len: 599)
updated maxmap 8: 40f (len: 599)
updated maxmap 9: 419 (len: 599)
[1;94m[*] [0mFuzzing test case #1114 (1356 total, 0 uniq crashes found)...[0m
scheduled max input!!!!
schedule: 14 level16_1/ijon_max/14
[1;94m[*] [0mFuzzing test case #1115 (1356 total, 0 uniq crashes found)...[0m
scheduled max input!!!!
schedule: 14 level16_1/ijon_max/14
[1;94m[*] [0mFuzzing test case #1116 (1356 total, 0 uniq crashes found)...[0m
[1;94m[*] [0mFuzzing test case #1117 (1356 total, 0 uniq crashes found)...[0m
[1;94m[*] [0mFuzzing test case #1118 (1356 total, 0 uniq crashes found)...[0m
scheduled max input!!!!
schedule: 2 level16_1/ijon_max/2
[1;94m[*] [0mFuzzing test case #1119 (1356 total, 0 uniq crashes found)...[0m
scheduled max input!!!!
schedule: 9 level16_1/ijon_max/9
[1;94m[*] [0mFuzzing test case #1120 (1356 total, 0 uniq crashes found)...[0m
scheduled max input!!!!
schedule: 9 level16_1/ijon_max/9
[1;94m[*] [0mFuzzing test case #1121 (1356 total, 0 uniq crashes found)...[0m
scheduled max input!!!!
schedule: 12 level16_1/ijon_max/12
[1;94m[*] [0mFuzzing test case #1122 (1356 total, 0 uniq crashes found)...[0m
scheduled max input!!!!
schedule: 0 level16_1/ijon_max/0
[1;94m[*] [0mFuzzing test case #1123 (1356 total, 0 uniq crashes found)...[0m
scheduled max input!!!!
schedule: 12 level16_1/ijon_max/12
[1;94m[*] [0mFuzzing test case #1124 (1356 total, 0 uniq crashes found)...[0m
scheduled max input!!!!
schedule: 12 level16_1/ijon_max/12
[1;94m[*] [0mFuzzing test case #1125 (1356 total, 0 uniq crashes found)...[0m
scheduled max input!!!!
schedule: 14 level16_1/ijon_max/14
[1;94m[*] [0mFuzzing test case #1126 (1356 total, 0 uniq crashes found)...[0m
[1;94m[*] [0mFuzzing test case #1127 (1356 total, 0 uniq crashes found)...[0m
scheduled max input!!!!
schedule: 13 level16_1/ijon_max/13
[1;94m[*] [0mFuzzing test case #1128 (1356 total, 0 uniq crashes found)...[0m
scheduled max input!!!!
schedule: 4 level16_1/ijon_max/4
[1;94m[*] [0mFuzzing test case #1129 (1356 total, 0 uniq crashes found)...[0m
scheduled max input!!!!
schedule: 2 level16_1/ijon_max/2
[1;94m[*] [0mFuzzing test case #1130 (1356 total, 0 uniq crashes found)...[0m
scheduled max input!!!!
schedule: 10 level16_1/ijon_max/10
[1;94m[*] [0mFuzzing test case #1131 (1356 total, 0 uniq crashes found)...[0m
scheduled max input!!!!
schedule: 8 level16_1/ijon_max/8
updated maxmap 9: 424 (len: 601)
[1;94m[*] [0mFuzzing test case #1132 (1357 total, 0 uniq crashes found)...[0m
scheduled max input!!!!
schedule: 3 level16_1/ijon_max/3
updated maxmap 3: 395 (len: 553)
[1;94m[*] [0mFuzzing test case #1133 (1358 total, 0 uniq crashes found)...[0m
[1;94m[*] [0mFuzzing test case #1134 (1358 total, 0 uniq crashes found)...[0m
scheduled max input!!!!
schedule: 10 level16_1/ijon_max/10
[1;94m[*] [0mFuzzing test case #1135 (1358 total, 0 uniq crashes found)...[0m
scheduled max input!!!!
schedule: 3 level16_1/ijon_max/3
updated maxmap 3: 396 (len: 553)
[1;94m[*] [0mFuzzing test case #1136 (1358 total, 0 uniq crashes found)...[0m
scheduled max input!!!!
schedule: 13 level16_1/ijon_max/13
[1;94m[*] [0mFuzzing test case #1137 (1358 total, 0 uniq crashes found)...[0m
scheduled max input!!!!
schedule: 10 level16_1/ijon_max/10
[1;94m[*] [0mFuzzing test case #1138 (1358 total, 0 uniq crashes found)...[0m
scheduled max input!!!!
schedule: 0 level16_1/ijon_max/0
[1;94m[*] [0mFuzzing test case #1139 (1358 total, 0 uniq crashes found)...[0m
[1;94m[*] [0mFuzzing test case #1140 (1358 total, 0 uniq crashes found)...[0m
scheduled max input!!!!
schedule: 3 level16_1/ijon_max/3
[1;94m[*] [0mFuzzing test case #1141 (1358 total, 0 uniq crashes found)...[0m
scheduled max input!!!!
schedule: 15 level16_1/ijon_max/15
updated maxmap 15: 3e8 (len: 583)
[1;94m[*] [0mFuzzing test case #1142 (1358 total, 0 uniq crashes found)...[0m
scheduled max input!!!!
schedule: 13 level16_1/ijon_max/13
updated maxmap 12: 3cb (len: 574)
updated maxmap 13: 3d5 (len: 574)
updated maxmap 14: 3df (len: 574)
[1;94m[*] [0mFuzzing test case #1143 (1358 total, 0 uniq crashes found)...[0m
scheduled max input!!!!
schedule: 9 level16_1/ijon_max/9
updated maxmap 6: 3ff (len: 601)
updated maxmap 7: 408 (len: 601)
updated maxmap 8: 412 (len: 601)
[1;94m[*] [0mFuzzing test case #1144 (1360 total, 0 uniq crashes found)...[0m
scheduled max input!!!!
schedule: 0 level16_1/ijon_max/0
[1;94m[*] [0mFuzzing test case #1145 (1360 total, 0 uniq crashes found)...[0m
scheduled max input!!!!
schedule: 2 level16_1/ijon_max/2
[1;94m[*] [0mFuzzing test case #1146 (1360 total, 0 uniq crashes found)...[0m
[1;94m[*] [0mFuzzing test case #1147 (1360 total, 0 uniq crashes found)...[0m
scheduled max input!!!!
schedule: 8 level16_1/ijon_max/8
[1;94m[*] [0mFuzzing test case #1148 (1360 total, 0 uniq crashes found)...[0m
scheduled max input!!!!
schedule: 15 level16_1/ijon_max/15
[1;94m[*] [0mFuzzing test case #1149 (1360 total, 0 uniq crashes found)...[0m
scheduled max input!!!!
schedule: 9 level16_1/ijon_max/9
[1;94m[*] [0mFuzzing test case #1150 (1360 total, 0 uniq crashes found)...[0m
scheduled max input!!!!
schedule: 0 level16_1/ijon_max/0
[1;94m[*] [0mFuzzing test case #1151 (1360 total, 0 uniq crashes found)...[0m
scheduled max input!!!!
schedule: 12 level16_1/ijon_max/12
[1;94m[*] [0mFuzzing test case #1152 (1360 total, 0 uniq crashes found)...[0m
scheduled max input!!!!
schedule: 4 level16_1/ijon_max/4
[1;94m[*] [0mFuzzing test case #1153 (1360 total, 0 uniq crashes found)...[0m
scheduled max input!!!!
schedule: 8 level16_1/ijon_max/8
[1;94m[*] [0mFuzzing test case #1154 (1360 total, 0 uniq crashes found)...[0m
[1;94m[*] [0mFuzzing test case #1155 (1360 total, 0 uniq crashes found)...[0m
scheduled max input!!!!
schedule: 8 level16_1/ijon_max/8
[1;94m[*] [0mFuzzing test case #1156 (1360 total, 0 uniq crashes found)...[0m
scheduled normal input!!!!
[1;94m[*] [0mFuzzing test case #1157 (1360 total, 0 uniq crashes found)...[0m
scheduled max input!!!!
schedule: 12 level16_1/ijon_max/12
[1;94m[*] [0mFuzzing test case #1158 (1360 total, 0 uniq crashes found)...[0m
scheduled max input!!!!
schedule: 9 level16_1/ijon_max/9
updated maxmap 10: 429 (len: 603)
updated maxmap 11: 424 (len: 603)
updated maxmap 7: 409 (len: 601)
updated maxmap 8: 413 (len: 601)
updated maxmap 8: 41f (len: 601)
updated maxmap 10: 42f (len: 606)
updated maxmap 11: 42b (len: 606)
updated maxmap 9: 426 (len: 602)
[1;94m[*] [0mFuzzing test case #1159 (1377 total, 0 uniq crashes found)...[0m
[1;94m[*] [0mFuzzing test case #1160 (1377 total, 0 uniq crashes found)...[0m
scheduled max input!!!!
schedule: 8 level16_1/ijon_max/8
updated maxmap 8: 424 (len: 608)
updated maxmap 9: 431 (len: 608)
[1;94m[*] [0mFuzzing test case #1161 (1377 total, 0 uniq crashes found)...[0m
scheduled max input!!!!
schedule: 12 level16_1/ijon_max/12
[1;94m[*] [0mFuzzing test case #1162 (1377 total, 0 uniq crashes found)...[0m
scheduled max input!!!!
schedule: 11 level16_1/ijon_max/11
updated maxmap 10: 430 (len: 606)
[1;94m[*] [0mFuzzing test case #1163 (1377 total, 0 uniq crashes found)...[0m
scheduled max input!!!!
schedule: 14 level16_1/ijon_max/14
updated maxmap 12: 3cc (len: 574)
updated maxmap 13: 3d6 (len: 574)
updated maxmap 14: 3e0 (len: 574)
[1;94m[*] [0mFuzzing test case #1164 (1377 total, 0 uniq crashes found)...[0m
scheduled max input!!!!
schedule: 8 level16_1/ijon_max/8
updated maxmap 8: 425 (len: 608)
updated maxmap 9: 433 (len: 612)
updated maxmap 10: 438 (len: 612)
updated maxmap 8: 427 (len: 608)
updated maxmap 9: 434 (len: 608)
updated maxmap 8: 431 (len: 608)
[1;94m[*] [0mFuzzing test case #1165 (1378 total, 0 uniq crashes found)...[0m
scheduled max input!!!!
schedule: 6 level16_1/ijon_max/6
[1;94m[*] [0mFuzzing test case #1166 (1378 total, 0 uniq crashes found)...[0m
scheduled max input!!!!
schedule: 10 level16_1/ijon_max/10
updated maxmap 11: 43c (len: 612)
updated maxmap 10: 444 (len: 617)
updated maxmap 11: 442 (len: 617)
updated maxmap 9: 438 (len: 615)
updated maxmap 8: 438 (len: 612)
updated maxmap 10: 445 (len: 617)
updated maxmap 8: 439 (len: 612)
updated maxmap 9: 44b (len: 620)
updated maxmap 10: 449 (len: 620)
updated maxmap 8: 43b (len: 612)
updated maxmap 11: 444 (len: 617)
[1;94m[*] [0mFuzzing test case #1167 (1389 total, 0 uniq crashes found)...[0m
scheduled max input!!!!
schedule: 15 level16_1/ijon_max/15
updated maxmap 0: 3eb (len: 583)
updated maxmap 15: 3e9 (len: 588)
minimized maxmap 15: 3e9 (len: 583)
[1;94m[*] [0mFuzzing test case #1168 (1389 total, 0 uniq crashes found)...[0m
scheduled normal input!!!!
[1;94m[*] [0mFuzzing test case #1169 (1391 total, 0 uniq crashes found)...[0m
scheduled max input!!!!
schedule: 13 level16_1/ijon_max/13
[1;94m[*] [0mFuzzing test case #1170 (1391 total, 0 uniq crashes found)...[0m
scheduled max input!!!!
schedule: 14 level16_1/ijon_max/14
[1;94m[*] [0mFuzzing test case #1171 (1391 total, 0 uniq crashes found)...[0m
scheduled max input!!!!
schedule: 10 level16_1/ijon_max/10
updated maxmap 9: 44c (len: 620)
[1;94m[*] [0mFuzzing test case #1172 (1391 total, 0 uniq crashes found)...[0m
scheduled max input!!!!
schedule: 8 level16_1/ijon_max/8
updated maxmap 11: 44a (len: 619)
[1;94m[*] [0mFuzzing test case #1173 (1391 total, 0 uniq crashes found)...[0m
scheduled max input!!!!
schedule: 4 level16_1/ijon_max/4
[1;94m[*] [0mFuzzing test case #1174 (1391 total, 0 uniq crashes found)...[0m
scheduled max input!!!!
schedule: 3 level16_1/ijon_max/3
[1;94m[*] [0mFuzzing test case #1175 (1391 total, 0 uniq crashes found)...[0m
[1;94m[*] [0mFuzzing test case #1176 (1391 total, 0 uniq crashes found)...[0m
scheduled max input!!!!
schedule: 10 level16_1/ijon_max/10
updated maxmap 9: 45c (len: 626)
updated maxmap 10: 459 (len: 626)
updated maxmap 11: 452 (len: 626)
[1;94m[*] [0mFuzzing test case #1177 (1392 total, 0 uniq crashes found)...[0m
[1;94m[*] [0mFuzzing test case #1178 (1392 total, 0 uniq crashes found)...[0m
scheduled max input!!!!
schedule: 4 level16_1/ijon_max/4
[1;94m[*] [0mFuzzing test case #1179 (1392 total, 0 uniq crashes found)...[0m
[1;94m[*] [0mFuzzing test case #1180 (1392 total, 0 uniq crashes found)...[0m
scheduled max input!!!!
schedule: 7 level16_1/ijon_max/7
[1;94m[*] [0mFuzzing test case #1181 (1393 total, 0 uniq crashes found)...[0m
scheduled max input!!!!
schedule: 15 level16_1/ijon_max/15
updated maxmap 0: 3ec (len: 583)
[1;94m[*] [0mFuzzing test case #1182 (1393 total, 0 uniq crashes found)...[0m
scheduled max input!!!!
schedule: 5 level16_1/ijon_max/5
updated maxmap 5: 3f0 (len: 582)
[1;94m[*] [0mFuzzing test case #1183 (1394 total, 0 uniq crashes found)...[0m
scheduled max input!!!!
schedule: 14 level16_1/ijon_max/14
[1;94m[*] [0mFuzzing test case #1184 (1394 total, 0 uniq crashes found)...[0m
[1;94m[*] [0mFuzzing test case #1185 (1394 total, 0 uniq crashes found)...[0m
scheduled max input!!!!
schedule: 14 level16_1/ijon_max/14
[1;94m[*] [0mFuzzing test case #1186 (1394 total, 0 uniq crashes found)...[0m
scheduled max input!!!!
schedule: 8 level16_1/ijon_max/8
[1;94m[*] [0mFuzzing test case #1187 (1394 total, 0 uniq crashes found)...[0m
scheduled normal input!!!!
[1;94m[*] [0mFuzzing test case #1188 (1394 total, 0 uniq crashes found)...[0m
[1;94m[*] [0mFuzzing test case #1189 (1394 total, 0 uniq crashes found)...[0m
scheduled max input!!!!
schedule: 3 level16_1/ijon_max/3
[1;94m[*] [0mFuzzing test case #1190 (1394 total, 0 uniq crashes found)...[0m
scheduled max input!!!!
schedule: 0 level16_1/ijon_max/0
[1;94m[*] [0mFuzzing test case #1191 (1394 total, 0 uniq crashes found)...[0m
[1;94m[*] [0mFuzzing test case #1192 (1394 total, 0 uniq crashes found)...[0m
[1;94m[*] [0mFuzzing test case #1193 (1394 total, 0 uniq crashes found)...[0m
scheduled max input!!!!
schedule: 4 level16_1/ijon_max/4
[1;94m[*] [0mFuzzing test case #1194 (1394 total, 0 uniq crashes found)...[0m
scheduled max input!!!!
schedule: 14 level16_1/ijon_max/14
[1;94m[*] [0mFuzzing test case #1195 (1394 total, 0 uniq crashes found)...[0m
[1;94m[*] [0mFuzzing test case #1196 (1394 total, 0 uniq crashes found)...[0m
scheduled max input!!!!
schedule: 6 level16_1/ijon_max/6
[1;94m[*] [0mFuzzing test case #1197 (1394 total, 0 uniq crashes found)...[0m
scheduled max input!!!!
schedule: 13 level16_1/ijon_max/13
[1;94m[*] [0mFuzzing test case #1198 (1394 total, 0 uniq crashes found)...[0m
scheduled max input!!!!
schedule: 15 level16_1/ijon_max/15
[1;94m[*] [0mFuzzing test case #1199 (1394 total, 0 uniq crashes found)...[0m
[1;94m[*] [0mFuzzing test case #1200 (1394 total, 0 uniq crashes found)...[0m
scheduled max input!!!!
schedule: 3 level16_1/ijon_max/3
[1;94m[*] [0mFuzzing test case #1201 (1394 total, 0 uniq crashes found)...[0m
scheduled max input!!!!
schedule: 4 level16_1/ijon_max/4
[1;94m[*] [0mFuzzing test case #1202 (1394 total, 0 uniq crashes found)...[0m
scheduled max input!!!!
schedule: 0 level16_1/ijon_max/0
updated maxmap 15: 3ea (len: 591)
[1;94m[*] [0mFuzzing test case #1203 (1394 total, 0 uniq crashes found)...[0m
scheduled max input!!!!
schedule: 9 level16_1/ijon_max/9
updated maxmap 10: 45a (len: 626)
updated maxmap 9: 460 (len: 630)
updated maxmap 11: 454 (len: 630)
minimized maxmap 11: 454 (len: 626)
updated maxmap 10: 45b (len: 626)
updated maxmap 11: 455 (len: 626)
updated maxmap 11: 456 (len: 626)
updated maxmap 10: 45c (len: 626)
updated maxmap 11: 457 (len: 626)
updated maxmap 10: 45e (len: 628)
updated maxmap 11: 458 (len: 628)
updated maxmap 10: 469 (len: 632)
updated maxmap 11: 463 (len: 632)
updated maxmap 9: 46d (len: 632)
updated maxmap 8: 444 (len: 630)
updated maxmap 9: 471 (len: 634)
[1;94m[*] [0mFuzzing test case #1204 (1406 total, 0 uniq crashes found)...[0m
scheduled max input!!!!
schedule: 11 level16_1/ijon_max/11
[1;94m[*] [0mFuzzing test case #1205 (1406 total, 0 uniq crashes found)...[0m
scheduled max input!!!!
schedule: 8 level16_1/ijon_max/8
updated maxmap 5: 3f1 (len: 630)
updated maxmap 11: 469 (len: 630)
[1;94m[*] [0mFuzzing test case #1206 (1406 total, 0 uniq crashes found)...[0m
scheduled max input!!!!
schedule: 7 level16_1/ijon_max/7
[1;94m[*] [0mFuzzing test case #1207 (1406 total, 0 uniq crashes found)...[0m
scheduled max input!!!!
schedule: 15 level16_1/ijon_max/15
[1;94m[*] [0mFuzzing test case #1208 (1406 total, 0 uniq crashes found)...[0m
scheduled max input!!!!
schedule: 6 level16_1/ijon_max/6
[1;94m[*] [0mFuzzing test case #1209 (1406 total, 0 uniq crashes found)...[0m
scheduled max input!!!!
schedule: 14 level16_1/ijon_max/14
[1;94m[*] [0mFuzzing test case #1210 (1406 total, 0 uniq crashes found)...[0m
scheduled max input!!!!
schedule: 8 level16_1/ijon_max/8
updated maxmap 8: 445 (len: 630)
updated maxmap 8: 446 (len: 630)
[1;94m[*] [0mFuzzing test case #1211 (1406 total, 0 uniq crashes found)...[0m
scheduled max input!!!!
schedule: 3 level16_1/ijon_max/3
[1;94m[*] [0mFuzzing test case #1212 (1406 total, 0 uniq crashes found)...[0m
scheduled max input!!!!
schedule: 3 level16_1/ijon_max/3
[1;94m[*] [0mFuzzing test case #1213 (1406 total, 0 uniq crashes found)...[0m
[1;94m[*] [0mFuzzing test case #1214 (1406 total, 0 uniq crashes found)...[0m
scheduled max input!!!!
schedule: 7 level16_1/ijon_max/7
[1;94m[*] [0mFuzzing test case #1215 (1406 total, 0 uniq crashes found)...[0m
[1;94m[*] [0mFuzzing test case #1216 (1406 total, 0 uniq crashes found)...[0m
scheduled max input!!!!
schedule: 13 level16_1/ijon_max/13
[1;94m[*] [0mFuzzing test case #1217 (1406 total, 0 uniq crashes found)...[0m
scheduled max input!!!!
schedule: 13 level16_1/ijon_max/13
[1;94m[*] [0mFuzzing test case #1218 (1406 total, 0 uniq crashes found)...[0m
scheduled max input!!!!
schedule: 15 level16_1/ijon_max/15
[1;94m[*] [0mFuzzing test case #1219 (1406 total, 0 uniq crashes found)...[0m
[1;94m[*] [0mFuzzing test case #1220 (1406 total, 0 uniq crashes found)...[0m
scheduled max input!!!!
schedule: 2 level16_1/ijon_max/2
[1;94m[*] [0mFuzzing test case #1221 (1406 total, 0 uniq crashes found)...[0m
[1;94m[*] [0mFuzzing test case #1222 (1406 total, 0 uniq crashes found)...[0m
scheduled max input!!!!
schedule: 13 level16_1/ijon_max/13
[1;94m[*] [0mFuzzing test case #1223 (1406 total, 0 uniq crashes found)...[0m
scheduled max input!!!!
schedule: 9 level16_1/ijon_max/9
updated maxmap 8: 46e (len: 640)
updated maxmap 10: 470 (len: 640)
[1;94m[*] [0mFuzzing test case #1224 (1407 total, 0 uniq crashes found)...[0m
scheduled max input!!!!
schedule: 7 level16_1/ijon_max/7
[1;94m[*] [0mFuzzing test case #1225 (1407 total, 0 uniq crashes found)...[0m
scheduled max input!!!!
schedule: 10 level16_1/ijon_max/10
updated maxmap 11: 46e (len: 640)
updated maxmap 8: 46f (len: 648)
updated maxmap 12: 3cf (len: 645)
updated maxmap 12: 3d2 (len: 647)
updated maxmap 7: 46e (len: 647)
updated maxmap 12: 3d3 (len: 645)
[1;94m[*] [0mFuzzing test case #1226 (1416 total, 0 uniq crashes found)...[0m
scheduled max input!!!!
schedule: 12 level16_1/ijon_max/12
[1;94m[*] [0mFuzzing test case #1227 (1416 total, 0 uniq crashes found)...[0m
scheduled max input!!!!
schedule: 11 level16_1/ijon_max/11
[1;94m[*] [0mFuzzing test case #1228 (1416 total, 0 uniq crashes found)...[0m
scheduled max input!!!!
schedule: 2 level16_1/ijon_max/2
[1;94m[*] [0mFuzzing test case #1229 (1416 total, 0 uniq crashes found)...[0m
scheduled normal input!!!!
[?25h[1;91m

+++ Testing aborted by user +++
[0m
[1;93m[!] [0mStopped during the first cycle, results may be incomplete.
    (For info on resuming, see docs/README.)
[1;92m[+] [0mWe're done here. Have a nice day!
[0m
srun: error: ubuntu-test: task 0: Exited with exit code 124
