srun: error: NodeNames=ubuntu-test CPUs=90 match no Sockets, Sockets*CoresPerSocket or Sockets*CoresPerSocket*ThreadsPerCore. Resetting CPUs.
[0;36mafl-fuzz [1;97m2.51b-ijon[0m by <lcamtuf@google.com>
[1;92m[+] [0mLooks like we're not running on a tty, so I'll be a bit less verbose.[0m
[1;92m[+] [0mYou have 96 CPU cores and 117 runnable tasks (utilization: 122%).[0m
[1;93m[!] [1;97mWARNING: [0mNot binding to a CPU core (AFL_NO_AFFINITY set).[0m
[1;94m[*] [0mChecking core_pattern...[0m
[1;94m[*] [0mSetting up output directories...[0m
importdir: level14_3/importsmax_dir: level14_3/ijon_max[1;94m[*] [0mScanning 'seeds'...[0m
[1;92m[+] [0mNo auto-generated dictionary tokens to reuse.[0m
[1;94m[*] [0mCreating hard links for all input files...[0m
[1;94m[*] [0mValidating target binary...[0m
[1;94m[*] [0mAttempting dry run with 'id:000000,orig:a'...[0m
[1;94m[*] [0mSpinning up the fork server...[0m
[1;92m[+] [0mAll right - fork server is up.[0m
[1;90m    len = 1, map size = 2477, exec speed = 17998 us
[0m[1;92m[+] [0mAll test cases processed.[0m

[1;93m[!] [1;97mWARNING: [0m[1;91mThe target binary is pretty slow! See docs/perf_tips.txt.[0m
[1;92m[+] [0mHere are some useful stats:

[1;90m    Test case count : [0m1 favored, 0 variable, 1 total
[1;90m       Bitmap range : [0m2477 to 2477 bits (average: 2477.00 bits)
[1;90m        Exec timing : [0m18.0k to 18.0k us (average: 18.0k us)
[0m
[1;92m[+] [0mAll set and ready to roll![0m
[1;94m[*] [0mEntering queue cycle 1.[0m
[1;94m[*] [0mFuzzing test case #0 (1 total, 0 uniq crashes found)...[0m
scheduled normal input!!!!
updated maxmap 11: 28 (len: 1)
updated maxmap 10: 28 (len: 36)
updated maxmap 9: 28 (len: 33)
updated maxmap 9: 29 (len: 43)
updated maxmap 10: 29 (len: 47)
updated maxmap 9: 2a (len: 50)
updated maxmap 10: 2b (len: 50)
updated maxmap 9: 2f (len: 47)
updated maxmap 10: 30 (len: 47)
updated maxmap 11: 29 (len: 54)
updated maxmap 11: 2d (len: 61)
updated maxmap 7: 30 (len: 83)
updated maxmap 8: 33 (len: 83)
updated maxmap 9: 50 (len: 83)
updated maxmap 10: 43 (len: 83)
updated maxmap 11: 3e (len: 83)
updated maxmap 8: 34 (len: 62)
updated maxmap 10: 4a (len: 62)
updated maxmap 11: 48 (len: 62)
[1;94m[*] [0mFuzzing test case #1 (230 total, 0 uniq crashes found)...[0m
scheduled max input!!!!
schedule: 9 level14_3/ijon_max/9
updated maxmap 8: 3c (len: 88)
updated maxmap 10: 4b (len: 88)
updated maxmap 11: 49 (len: 88)
updated maxmap 8: 60 (len: 88)
updated maxmap 9: 65 (len: 88)
updated maxmap 10: 69 (len: 88)
updated maxmap 11: 6a (len: 88)
updated maxmap 7: 5c (len: 83)
updated maxmap 8: 66 (len: 83)
updated maxmap 9: 67 (len: 84)
updated maxmap 9: 6f (len: 91)
updated maxmap 10: 6b (len: 91)
updated maxmap 9: 91 (len: 129)
updated maxmap 10: 8e (len: 129)
updated maxmap 11: 88 (len: 129)
updated maxmap 8: 6d (len: 145)
updated maxmap 9: 93 (len: 137)
updated maxmap 10: 98 (len: 137)
updated maxmap 11: 9a (len: 137)
updated maxmap 8: 77 (len: 122)
updated maxmap 9: a5 (len: 137)
updated maxmap 10: 9b (len: 137)
updated maxmap 8: 8f (len: 129)
updated maxmap 9: b1 (len: 163)
updated maxmap 8: 91 (len: 145)
updated maxmap 10: 9e (len: 145)
updated maxmap 11: a1 (len: 145)
updated maxmap 10: a0 (len: 134)
updated maxmap 11: a4 (len: 134)
[1;94m[*] [0mFuzzing test case #2 (371 total, 0 uniq crashes found)...[0m
scheduled max input!!!!
schedule: 11 level14_3/ijon_max/11
updated maxmap 10: a4 (len: 142)
updated maxmap 9: b6 (len: 163)
updated maxmap 10: c8 (len: 163)
updated maxmap 11: c2 (len: 163)
updated maxmap 9: c1 (len: 178)
updated maxmap 8: b0 (len: 177)
updated maxmap 9: d7 (len: 177)
updated maxmap 10: d2 (len: 174)
updated maxmap 8: c9 (len: 162)
updated maxmap 9: df (len: 182)
updated maxmap 10: e3 (len: 182)
updated maxmap 11: cc (len: 166)
updated maxmap 9: eb (len: 188)
updated maxmap 10: f0 (len: 188)
updated maxmap 11: d0 (len: 188)
updated maxmap 7: 77 (len: 155)
updated maxmap 11: d5 (len: 172)
updated maxmap 8: e7 (len: 180)
updated maxmap 11: d6 (len: 182)
updated maxmap 7: 7e (len: 134)
updated maxmap 9: ee (len: 205)
updated maxmap 11: d7 (len: 205)
updated maxmap 11: ea (len: 215)
updated maxmap 7: 8e (len: 155)
updated maxmap 7: 9e (len: 150)
[1;94m[*] [0mFuzzing test case #3 (501 total, 0 uniq crashes found)...[0m
scheduled max input!!!!
schedule: 8 level14_3/ijon_max/8
updated maxmap 9: fb (len: 188)
updated maxmap 9: 10b (len: 209)
updated maxmap 10: fa (len: 209)
updated maxmap 11: f4 (len: 209)
updated maxmap 8: e8 (len: 180)
updated maxmap 8: f0 (len: 185)
updated maxmap 10: 10e (len: 223)
updated maxmap 11: 111 (len: 223)
updated maxmap 8: f2 (len: 187)
updated maxmap 8: ff (len: 238)
updated maxmap 9: 11d (len: 216)
updated maxmap 10: 120 (len: 216)
updated maxmap 8: 121 (len: 233)
updated maxmap 9: 141 (len: 243)
updated maxmap 10: 141 (len: 243)
updated maxmap 11: 13b (len: 243)
updated maxmap 7: ac (len: 224)
updated maxmap 9: 142 (len: 247)
[1;94m[*] [0mFuzzing test case #4 (605 total, 0 uniq crashes found)...[0m
[1;94m[*] [0mFuzzing test case #5 (605 total, 0 uniq crashes found)...[0m
scheduled max input!!!!
schedule: 7 level14_3/ijon_max/7
updated maxmap 7: b5 (len: 224)
updated maxmap 7: b7 (len: 229)
updated maxmap 11: 13c (len: 251)
updated maxmap 11: 141 (len: 262)
updated maxmap 7: bc (len: 232)
updated maxmap 7: bd (len: 234)
updated maxmap 8: 122 (len: 234)
updated maxmap 8: 12f (len: 232)
updated maxmap 7: be (len: 224)
updated maxmap 8: 130 (len: 232)
updated maxmap 8: 140 (len: 275)
updated maxmap 7: c3 (len: 224)
updated maxmap 7: cb (len: 225)
updated maxmap 7: fa (len: 224)
updated maxmap 7: fb (len: 224)
updated maxmap 7: 105 (len: 232)
updated maxmap 7: 10c (len: 224)
updated maxmap 7: 140 (len: 231)
updated maxmap 10: 143 (len: 224)
updated maxmap 11: 142 (len: 224)
updated maxmap 8: 144 (len: 275)
updated maxmap 9: 143 (len: 235)
updated maxmap 7: 141 (len: 224)
updated maxmap 7: 143 (len: 224)
updated maxmap 7: 14a (len: 224)
updated maxmap 7: 14b (len: 224)
updated maxmap 7: 14c (len: 224)
updated maxmap 8: 145 (len: 224)
updated maxmap 7: 14d (len: 224)
updated maxmap 7: 15f (len: 231)
updated maxmap 8: 146 (len: 231)
updated maxmap 8: 14d (len: 224)
updated maxmap 6: 144 (len: 231)
updated maxmap 8: 152 (len: 226)
updated maxmap 8: 154 (len: 229)
updated maxmap 9: 144 (len: 247)
[1;94m[*] [0mFuzzing test case #6 (744 total, 0 uniq crashes found)...[0m
[1;94m[*] [0mFuzzing test case #7 (744 total, 0 uniq crashes found)...[0m
scheduled max input!!!!
schedule: 9 level14_3/ijon_max/9
updated maxmap 11: 143 (len: 255)
updated maxmap 10: 145 (len: 247)
updated maxmap 11: 144 (len: 247)
updated maxmap 9: 145 (len: 254)
updated maxmap 9: 148 (len: 247)
updated maxmap 6: 169 (len: 247)
updated maxmap 7: 165 (len: 247)
updated maxmap 8: 15f (len: 247)
updated maxmap 9: 149 (len: 247)
updated maxmap 9: 14a (len: 247)
updated maxmap 5: 162 (len: 346)
updated maxmap 6: 16a (len: 346)
updated maxmap 7: 172 (len: 346)
updated maxmap 8: 179 (len: 346)
updated maxmap 9: 19e (len: 346)
updated maxmap 10: 199 (len: 346)
updated maxmap 11: 193 (len: 346)
[1;94m[*] [0mFuzzing test case #8 (796 total, 0 uniq crashes found)...[0m
scheduled max input!!!!
schedule: 7 level14_3/ijon_max/7
updated maxmap 10: 19b (len: 346)
updated maxmap 11: 198 (len: 346)
updated maxmap 6: 16b (len: 346)
updated maxmap 7: 173 (len: 346)
updated maxmap 8: 17a (len: 346)
updated maxmap 6: 16d (len: 347)
updated maxmap 7: 176 (len: 347)
updated maxmap 8: 17f (len: 347)
updated maxmap 9: 1aa (len: 347)
updated maxmap 10: 19d (len: 347)
updated maxmap 5: 163 (len: 346)
updated maxmap 8: 1aa (len: 346)
updated maxmap 10: 19e (len: 346)
updated maxmap 6: 16e (len: 346)
updated maxmap 7: 177 (len: 352)
updated maxmap 10: 19f (len: 352)
updated maxmap 11: 199 (len: 352)
updated maxmap 7: 178 (len: 346)
updated maxmap 10: 1a0 (len: 346)
updated maxmap 11: 19a (len: 346)
updated maxmap 5: 164 (len: 346)
updated maxmap 6: 16f (len: 346)
updated maxmap 7: 179 (len: 346)
updated maxmap 10: 1a1 (len: 346)
updated maxmap 11: 19b (len: 346)
updated maxmap 6: 170 (len: 346)
updated maxmap 10: 1a2 (len: 346)
updated maxmap 11: 19c (len: 346)
updated maxmap 10: 1a8 (len: 351)
updated maxmap 11: 1a3 (len: 351)
updated maxmap 7: 17a (len: 348)
updated maxmap 9: 1ab (len: 348)
updated maxmap 5: 165 (len: 346)
updated maxmap 6: 171 (len: 346)
updated maxmap 7: 17b (len: 346)
updated maxmap 10: 1a9 (len: 346)
updated maxmap 9: 1b2 (len: 348)
updated maxmap 9: 1bb (len: 351)
updated maxmap 11: 1a4 (len: 346)
updated maxmap 5: 166 (len: 346)
updated maxmap 6: 172 (len: 346)
updated maxmap 10: 1ae (len: 346)
updated maxmap 11: 1a9 (len: 346)
updated maxmap 5: 167 (len: 346)
updated maxmap 6: 174 (len: 346)
updated maxmap 7: 17e (len: 346)
updated maxmap 5: 168 (len: 346)
updated maxmap 5: 1ae (len: 346)
updated maxmap 6: 19a (len: 346)
updated maxmap 7: 194 (len: 346)
updated maxmap 5: 1b2 (len: 347)
updated maxmap 4: 175 (len: 346)
updated maxmap 4: 177 (len: 346)
updated maxmap 6: 1a0 (len: 346)
updated maxmap 7: 19b (len: 346)
updated maxmap 7: 1a0 (len: 346)
updated maxmap 6: 1b2 (len: 346)
updated maxmap 7: 1a1 (len: 346)
updated maxmap 7: 1a2 (len: 346)
updated maxmap 7: 1a5 (len: 346)
updated maxmap 7: 1a6 (len: 346)
updated maxmap 7: 1a9 (len: 346)
updated maxmap 8: 1ab (len: 346)
updated maxmap 8: 1ad (len: 346)
updated maxmap 5: 1b3 (len: 346)
updated maxmap 7: 1ad (len: 354)
updated maxmap 7: 1b3 (len: 381)
updated maxmap 8: 1b9 (len: 381)
updated maxmap 9: 1bf (len: 381)
updated maxmap 10: 1c3 (len: 381)
updated maxmap 11: 1c8 (len: 381)
updated maxmap 8: 203 (len: 378)
updated maxmap 9: 22a (len: 378)
updated maxmap 10: 21b (len: 378)
updated maxmap 11: 215 (len: 378)
[1;94m[*] [0mFuzzing test case #9 (891 total, 0 uniq crashes found)...[0m
scheduled max input!!!!
schedule: 9 level14_3/ijon_max/9
updated maxmap 8: 205 (len: 378)
updated maxmap 9: 22b (len: 378)
updated maxmap 10: 21d (len: 378)
updated maxmap 11: 217 (len: 378)
updated maxmap 0: 212 (len: 388)
updated maxmap 12: 210 (len: 388)
updated maxmap 13: 210 (len: 388)
updated maxmap 14: 211 (len: 388)
updated maxmap 15: 212 (len: 388)
updated maxmap 9: 22c (len: 378)
updated maxmap 0: 221 (len: 385)
updated maxmap 6: 1b5 (len: 385)
updated maxmap 7: 1bf (len: 385)
updated maxmap 13: 216 (len: 385)
updated maxmap 14: 21a (len: 385)
updated maxmap 15: 220 (len: 385)
updated maxmap 8: 206 (len: 378)
updated maxmap 10: 220 (len: 378)
updated maxmap 11: 21a (len: 378)
updated maxmap 9: 22d (len: 382)
updated maxmap 12: 211 (len: 385)
updated maxmap 11: 21b (len: 378)
updated maxmap 8: 20c (len: 384)
updated maxmap 9: 22f (len: 384)
updated maxmap 10: 227 (len: 384)
updated maxmap 11: 221 (len: 384)
updated maxmap 8: 20d (len: 378)
updated maxmap 8: 20e (len: 379)
updated maxmap 11: 222 (len: 379)
updated maxmap 7: 1d3 (len: 378)
updated maxmap 11: 225 (len: 378)
updated maxmap 11: 226 (len: 378)
updated maxmap 8: 20f (len: 378)
updated maxmap 10: 229 (len: 378)
updated maxmap 10: 22a (len: 378)
updated maxmap 8: 23c (len: 378)
updated maxmap 9: 239 (len: 378)
updated maxmap 10: 22e (len: 378)
updated maxmap 11: 227 (len: 378)
updated maxmap 8: 23d (len: 379)
updated maxmap 9: 23a (len: 379)
updated maxmap 10: 22f (len: 379)
updated maxmap 11: 228 (len: 379)
updated maxmap 8: 247 (len: 385)
updated maxmap 9: 23c (len: 385)
updated maxmap 10: 231 (len: 385)
updated maxmap 11: 22b (len: 385)
updated maxmap 10: 232 (len: 378)
updated maxmap 10: 233 (len: 378)
updated maxmap 11: 22d (len: 378)
updated maxmap 10: 244 (len: 390)
updated maxmap 11: 246 (len: 390)
updated maxmap 9: 2a4 (len: 378)
updated maxmap 10: 290 (len: 378)
updated maxmap 11: 28b (len: 378)
updated maxmap 9: 2a5 (len: 378)
updated maxmap 5: 1b5 (len: 378)
updated maxmap 6: 1bf (len: 378)
updated maxmap 11: 28c (len: 382)
updated maxmap 9: 2a7 (len: 378)
updated maxmap 10: 293 (len: 378)
updated maxmap 11: 28e (len: 378)
updated maxmap 9: 2ad (len: 378)
updated maxmap 10: 299 (len: 378)
updated maxmap 11: 294 (len: 378)
updated maxmap 9: 2b0 (len: 378)
updated maxmap 10: 29c (len: 378)
updated maxmap 11: 297 (len: 378)
updated maxmap 5: 1b7 (len: 382)
updated maxmap 6: 1c1 (len: 382)
updated maxmap 9: 2b9 (len: 382)
updated maxmap 10: 2a5 (len: 382)
updated maxmap 11: 2a0 (len: 382)
updated maxmap 9: 2be (len: 378)
updated maxmap 9: 2c1 (len: 378)
updated maxmap 10: 2a6 (len: 378)
updated maxmap 5: 1b9 (len: 378)
updated maxmap 6: 1c3 (len: 378)
updated maxmap 9: 2c3 (len: 378)
updated maxmap 10: 2a8 (len: 378)
updated maxmap 11: 2a2 (len: 378)
updated maxmap 5: 1bb (len: 379)
updated maxmap 6: 1c5 (len: 379)
updated maxmap 9: 2c5 (len: 379)
updated maxmap 10: 2aa (len: 379)
updated maxmap 11: 2a4 (len: 379)
updated maxmap 9: 2c7 (len: 382)
updated maxmap 10: 2cf (len: 382)
updated maxmap 5: 1bc (len: 378)
updated maxmap 6: 1c6 (len: 378)
updated maxmap 4: 179 (len: 379)
updated maxmap 5: 1bd (len: 379)
updated maxmap 6: 1c7 (len: 379)
updated maxmap 8: 284 (len: 380)
updated maxmap 11: 2d1 (len: 384)
updated maxmap 9: 2c9 (len: 385)
updated maxmap 8: 287 (len: 378)
updated maxmap 4: 1aa (len: 378)
updated maxmap 4: 1ad (len: 385)
updated maxmap 4: 1b3 (len: 389)
updated maxmap 8: 299 (len: 389)
updated maxmap 7: 24e (len: 384)
updated maxmap 12: 212 (len: 378)
updated maxmap 5: 1be (len: 386)
updated maxmap 6: 1c8 (len: 386)
updated maxmap 7: 293 (len: 391)
updated maxmap 8: 2a2 (len: 391)
updated maxmap 9: 2cc (len: 391)
updated maxmap 7: 294 (len: 378)
updated maxmap 7: 296 (len: 378)
updated maxmap 8: 2a5 (len: 378)
updated maxmap 7: 297 (len: 378)
updated maxmap 8: 2a6 (len: 378)
updated maxmap 7: 2a4 (len: 378)
updated maxmap 8: 2b3 (len: 378)
updated maxmap 9: 2cd (len: 386)
updated maxmap 8: 2ce (len: 398)
updated maxmap 7: 2b9 (len: 378)
updated maxmap 7: 2be (len: 381)
updated maxmap 7: 2c2 (len: 387)
updated maxmap 7: 2c3 (len: 385)
updated maxmap 7: 2ca (len: 385)
updated maxmap 8: 2cf (len: 385)
updated maxmap 0: 22f (len: 378)
updated maxmap 13: 219 (len: 378)
updated maxmap 14: 223 (len: 378)
updated maxmap 15: 22d (len: 378)
updated maxmap 8: 2d2 (len: 392)
updated maxmap 9: 2dc (len: 392)
updated maxmap 10: 2de (len: 392)
updated maxmap 12: 213 (len: 378)
updated maxmap 8: 2d5 (len: 393)
updated maxmap 5: 1bf (len: 381)
updated maxmap 6: 1c9 (len: 381)
updated maxmap 5: 1c0 (len: 384)
updated maxmap 6: 1ca (len: 384)
updated maxmap 4: 1bb (len: 392)
updated maxmap 5: 1c5 (len: 392)
updated maxmap 6: 1cf (len: 392)
[1;94m[*] [0mFuzzing test case #10 (1010 total, 0 uniq crashes found)...[0m
[1;94m[*] [0mFuzzing test case #11 (1010 total, 0 uniq crashes found)...[0m
[1;94m[*] [0mFuzzing test case #12 (1010 total, 0 uniq crashes found)...[0m
scheduled max input!!!!
schedule: 12 level14_3/ijon_max/12
updated maxmap 12: 214 (len: 378)
updated maxmap 9: 2fd (len: 404)
updated maxmap 10: 301 (len: 404)
updated maxmap 11: 2d6 (len: 404)
updated maxmap 11: 2df (len: 393)
updated maxmap 8: 2dd (len: 393)
[1;94m[*] [0mFuzzing test case #13 (1031 total, 0 uniq crashes found)...[0m
scheduled max input!!!!
schedule: 0 level14_3/ijon_max/0
updated maxmap 0: 230 (len: 378)
updated maxmap 13: 21a (len: 378)
updated maxmap 14: 224 (len: 378)
updated maxmap 15: 22e (len: 378)
updated maxmap 0: 231 (len: 378)
updated maxmap 7: 2cf (len: 387)
updated maxmap 3: 1b5 (len: 390)
updated maxmap 4: 1bd (len: 390)
updated maxmap 4: 1c2 (len: 385)
updated maxmap 5: 1cc (len: 385)
updated maxmap 6: 1d6 (len: 385)
[1;94m[*] [0mFuzzing test case #14 (1045 total, 0 uniq crashes found)...[0m
[1;94m[*] [0mFuzzing test case #15 (1045 total, 0 uniq crashes found)...[0m
[1;94m[*] [0mFuzzing test case #16 (1045 total, 0 uniq crashes found)...[0m
scheduled normal input!!!!
[1;94m[*] [0mFuzzing test case #17 (1047 total, 0 uniq crashes found)...[0m
scheduled max input!!!!
schedule: 5 level14_3/ijon_max/5
updated maxmap 4: 1c4 (len: 385)
updated maxmap 5: 1ce (len: 385)
updated maxmap 6: 1d7 (len: 385)
updated maxmap 4: 1c6 (len: 385)
updated maxmap 5: 1d0 (len: 385)
updated maxmap 6: 1d8 (len: 385)
updated maxmap 4: 1c7 (len: 385)
updated maxmap 5: 1d1 (len: 385)
[1;94m[*] [0mFuzzing test case #18 (1048 total, 0 uniq crashes found)...[0m
scheduled max input!!!!
schedule: 14 level14_3/ijon_max/14
[1;94m[*] [0mFuzzing test case #19 (1048 total, 0 uniq crashes found)...[0m
scheduled max input!!!!
schedule: 11 level14_3/ijon_max/11
updated maxmap 8: 2f0 (len: 396)
updated maxmap 11: 2e4 (len: 393)
updated maxmap 11: 2e5 (len: 393)
updated maxmap 11: 2ed (len: 397)
updated maxmap 8: 2f2 (len: 397)
updated maxmap 8: 2f5 (len: 400)
updated maxmap 8: 2f8 (len: 400)
updated maxmap 9: 305 (len: 407)
updated maxmap 10: 307 (len: 407)
updated maxmap 11: 2f4 (len: 399)
updated maxmap 3: 1bf (len: 404)
updated maxmap 4: 1c9 (len: 404)
updated maxmap 5: 1d2 (len: 404)
updated maxmap 7: 2d1 (len: 393)
[1;94m[*] [0mFuzzing test case #20 (1080 total, 0 uniq crashes found)...[0m
scheduled max input!!!!
schedule: 0 level14_3/ijon_max/0
[1;94m[*] [0mFuzzing test case #21 (1080 total, 0 uniq crashes found)...[0m
scheduled max input!!!!
schedule: 13 level14_3/ijon_max/13
[1;94m[*] [0mFuzzing test case #22 (1080 total, 0 uniq crashes found)...[0m
scheduled max input!!!!
schedule: 0 level14_3/ijon_max/0
[1;94m[*] [0mFuzzing test case #23 (1080 total, 0 uniq crashes found)...[0m
scheduled max input!!!!
schedule: 8 level14_3/ijon_max/8
updated maxmap 8: 2fb (len: 400)
updated maxmap 8: 2fc (len: 400)
updated maxmap 8: 2fd (len: 400)
[1;94m[*] [0mFuzzing test case #24 (1080 total, 0 uniq crashes found)...[0m
scheduled max input!!!!
schedule: 7 level14_3/ijon_max/7
updated maxmap 7: 2d2 (len: 393)
updated maxmap 7: 2d4 (len: 393)
updated maxmap 7: 2da (len: 397)
[1;94m[*] [0mFuzzing test case #25 (1080 total, 0 uniq crashes found)...[0m
[1;94m[*] [0mFuzzing test case #26 (1080 total, 0 uniq crashes found)...[0m
scheduled max input!!!!
schedule: 7 level14_3/ijon_max/7
updated maxmap 7: 2db (len: 397)
updated maxmap 7: 2dd (len: 397)
updated maxmap 7: 2de (len: 397)
updated maxmap 11: 2fe (len: 404)
updated maxmap 7: 2df (len: 397)
updated maxmap 7: 30a (len: 413)
updated maxmap 8: 316 (len: 413)
updated maxmap 9: 31b (len: 413)
updated maxmap 10: 30a (len: 409)
updated maxmap 11: 30f (len: 409)
updated maxmap 10: 310 (len: 413)
[1;94m[*] [0mFuzzing test case #27 (1090 total, 0 uniq crashes found)...[0m
[1;94m[*] [0mFuzzing test case #28 (1090 total, 0 uniq crashes found)...[0m
scheduled max input!!!!
schedule: 4 level14_3/ijon_max/4
updated maxmap 3: 1c0 (len: 404)
updated maxmap 5: 1d3 (len: 404)
updated maxmap 3: 1c4 (len: 411)
updated maxmap 4: 1ce (len: 411)
updated maxmap 5: 1d8 (len: 411)
updated maxmap 6: 1dd (len: 411)
[1;94m[*] [0mFuzzing test case #29 (1090 total, 0 uniq crashes found)...[0m
scheduled max input!!!!
schedule: 9 level14_3/ijon_max/9
updated maxmap 7: 30b (len: 415)
updated maxmap 8: 317 (len: 415)
updated maxmap 9: 31c (len: 415)
updated maxmap 11: 314 (len: 413)
updated maxmap 8: 318 (len: 413)
updated maxmap 7: 31a (len: 419)
updated maxmap 8: 326 (len: 419)
updated maxmap 6: 1e2 (len: 426)
updated maxmap 11: 317 (len: 414)
updated maxmap 10: 316 (len: 413)
updated maxmap 11: 31b (len: 413)
updated maxmap 9: 337 (len: 425)
updated maxmap 10: 317 (len: 425)
updated maxmap 10: 318 (len: 413)
updated maxmap 10: 31b (len: 417)
updated maxmap 10: 322 (len: 421)
updated maxmap 3: 1c6 (len: 413)
updated maxmap 4: 1d0 (len: 413)
updated maxmap 5: 1da (len: 413)
updated maxmap 6: 1e4 (len: 413)
updated maxmap 10: 32e (len: 423)
updated maxmap 11: 327 (len: 423)
updated maxmap 9: 338 (len: 425)
updated maxmap 10: 336 (len: 425)
updated maxmap 11: 32e (len: 425)
updated maxmap 8: 33d (len: 427)
updated maxmap 9: 33a (len: 427)
updated maxmap 7: 31d (len: 413)
[1;94m[*] [0mFuzzing test case #30 (1101 total, 0 uniq crashes found)...[0m
scheduled max input!!!!
schedule: 7 level14_3/ijon_max/7
[1;94m[*] [0mFuzzing test case #31 (1101 total, 0 uniq crashes found)...[0m
scheduled max input!!!!
schedule: 8 level14_3/ijon_max/8
updated maxmap 8: 33e (len: 427)
updated maxmap 9: 33b (len: 427)
updated maxmap 8: 343 (len: 434)
updated maxmap 9: 345 (len: 434)
updated maxmap 9: 348 (len: 435)
updated maxmap 9: 355 (len: 438)
updated maxmap 10: 34d (len: 438)
updated maxmap 11: 346 (len: 438)
updated maxmap 8: 345 (len: 435)
updated maxmap 10: 350 (len: 435)
updated maxmap 11: 348 (len: 435)
updated maxmap 10: 351 (len: 434)
updated maxmap 10: 352 (len: 435)
updated maxmap 10: 358 (len: 443)
updated maxmap 11: 351 (len: 443)
updated maxmap 4: 1d3 (len: 441)
updated maxmap 5: 1dd (len: 441)
updated maxmap 6: 1e7 (len: 441)
[1;94m[*] [0mFuzzing test case #32 (1114 total, 0 uniq crashes found)...[0m
scheduled max input!!!!
schedule: 5 level14_3/ijon_max/5
updated maxmap 4: 1d4 (len: 441)
updated maxmap 3: 1cc (len: 441)
updated maxmap 4: 1d6 (len: 441)
updated maxmap 5: 1e0 (len: 441)
updated maxmap 6: 1ea (len: 441)
[1;94m[*] [0mFuzzing test case #33 (1115 total, 0 uniq crashes found)...[0m
scheduled max input!!!!
schedule: 11 level14_3/ijon_max/11
updated maxmap 10: 359 (len: 443)
updated maxmap 11: 352 (len: 443)
updated maxmap 10: 35b (len: 443)
updated maxmap 11: 354 (len: 443)
updated maxmap 10: 35d (len: 443)
updated maxmap 11: 356 (len: 443)
updated maxmap 11: 35a (len: 443)
updated maxmap 11: 362 (len: 443)
updated maxmap 9: 358 (len: 447)
updated maxmap 10: 362 (len: 447)
updated maxmap 11: 36c (len: 447)
updated maxmap 8: 361 (len: 443)
updated maxmap 9: 366 (len: 443)
updated maxmap 10: 363 (len: 443)
updated maxmap 10: 364 (len: 444)
[1;94m[*] [0mFuzzing test case #34 (1116 total, 0 uniq crashes found)...[0m
scheduled max input!!!!
schedule: 7 level14_3/ijon_max/7
[1;94m[*] [0mFuzzing test case #35 (1116 total, 0 uniq crashes found)...[0m
[1;94m[*] [0mFuzzing test case #36 (1116 total, 0 uniq crashes found)...[0m
scheduled max input!!!!
schedule: 8 level14_3/ijon_max/8
updated maxmap 8: 36a (len: 446)
updated maxmap 9: 36f (len: 446)
updated maxmap 8: 36e (len: 449)
updated maxmap 9: 376 (len: 449)
updated maxmap 7: 36d (len: 448)
updated maxmap 10: 376 (len: 450)
updated maxmap 11: 378 (len: 450)
updated maxmap 8: 372 (len: 449)
updated maxmap 10: 377 (len: 450)
updated maxmap 9: 37b (len: 451)
updated maxmap 8: 378 (len: 450)
updated maxmap 10: 37b (len: 451)
updated maxmap 11: 379 (len: 451)
updated maxmap 8: 387 (len: 462)
updated maxmap 9: 385 (len: 462)
[1;94m[*] [0mFuzzing test case #37 (1129 total, 0 uniq crashes found)...[0m
[1;94m[*] [0mFuzzing test case #38 (1129 total, 0 uniq crashes found)...[0m
scheduled max input!!!!
schedule: 6 level14_3/ijon_max/6
updated maxmap 3: 1cd (len: 441)
updated maxmap 4: 1d7 (len: 441)
updated maxmap 5: 1e1 (len: 441)
updated maxmap 6: 1eb (len: 441)
updated maxmap 3: 1ce (len: 441)
updated maxmap 4: 1d8 (len: 441)
updated maxmap 5: 1e2 (len: 441)
updated maxmap 6: 1ec (len: 441)
updated maxmap 3: 1cf (len: 441)
updated maxmap 4: 1d9 (len: 441)
updated maxmap 5: 1e3 (len: 441)
updated maxmap 3: 1d3 (len: 441)
updated maxmap 4: 1dc (len: 441)
updated maxmap 5: 1e6 (len: 441)
updated maxmap 6: 1f0 (len: 441)
updated maxmap 3: 1d4 (len: 441)
updated maxmap 4: 1de (len: 441)
updated maxmap 5: 1e8 (len: 441)
updated maxmap 6: 1f1 (len: 441)
updated maxmap 3: 1d6 (len: 445)
updated maxmap 4: 1e0 (len: 445)
updated maxmap 5: 1ea (len: 445)
updated maxmap 6: 1f4 (len: 445)
updated maxmap 3: 1d7 (len: 441)
updated maxmap 4: 1e1 (len: 441)
updated maxmap 5: 1eb (len: 441)
updated maxmap 6: 1f5 (len: 441)
updated maxmap 2: 1d4 (len: 449)
updated maxmap 3: 1e1 (len: 449)
updated maxmap 4: 1eb (len: 449)
updated maxmap 5: 1f5 (len: 449)
updated maxmap 6: 1fe (len: 449)
updated maxmap 2: 1e2 (len: 453)
updated maxmap 3: 1ec (len: 453)
updated maxmap 4: 1f6 (len: 453)
updated maxmap 5: 1ff (len: 453)
updated maxmap 6: 209 (len: 453)
updated maxmap 2: 1e3 (len: 441)
updated maxmap 3: 1ed (len: 441)
updated maxmap 4: 1f7 (len: 441)
updated maxmap 5: 200 (len: 441)
updated maxmap 6: 20a (len: 441)
updated maxmap 2: 1e4 (len: 441)
updated maxmap 2: 1ea (len: 443)
updated maxmap 3: 1f4 (len: 443)
updated maxmap 4: 1fe (len: 443)
updated maxmap 5: 207 (len: 443)
updated maxmap 6: 211 (len: 443)
updated maxmap 2: 1eb (len: 443)
updated maxmap 3: 1f5 (len: 441)
updated maxmap 5: 208 (len: 441)
updated maxmap 2: 1ed (len: 441)
updated maxmap 1: 1ed (len: 449)
updated maxmap 2: 1fc (len: 449)
updated maxmap 3: 205 (len: 449)
updated maxmap 4: 20f (len: 449)
updated maxmap 5: 219 (len: 449)
updated maxmap 6: 223 (len: 449)
updated maxmap 1: 1ee (len: 444)
updated maxmap 1: 1ef (len: 446)
[1;94m[*] [0mFuzzing test case #39 (1146 total, 0 uniq crashes found)...[0m
scheduled max input!!!!
schedule: 4 level14_3/ijon_max/4
updated maxmap 10: 386 (len: 461)
updated maxmap 11: 381 (len: 461)
[1;94m[*] [0mFuzzing test case #40 (1147 total, 0 uniq crashes found)...[0m
scheduled max input!!!!
schedule: 15 level14_3/ijon_max/15
[1;94m[*] [0mFuzzing test case #41 (1147 total, 0 uniq crashes found)...[0m
scheduled max input!!!!
schedule: 3 level14_3/ijon_max/3
updated maxmap 1: 1f2 (len: 454)
updated maxmap 2: 1fe (len: 454)
updated maxmap 3: 208 (len: 454)
updated maxmap 4: 211 (len: 454)
updated maxmap 5: 21b (len: 454)
updated maxmap 6: 225 (len: 454)
updated maxmap 4: 212 (len: 457)
updated maxmap 5: 21c (len: 449)
updated maxmap 6: 226 (len: 449)
updated maxmap 9: 399 (len: 466)
updated maxmap 1: 1f3 (len: 449)
updated maxmap 11: 383 (len: 457)
[1;94m[*] [0mFuzzing test case #42 (1162 total, 0 uniq crashes found)...[0m
scheduled max input!!!!
schedule: 9 level14_3/ijon_max/9
updated maxmap 9: 39a (len: 466)
updated maxmap 9: 39b (len: 466)
[1;94m[*] [0mFuzzing test case #43 (1162 total, 0 uniq crashes found)...[0m
scheduled max input!!!!
schedule: 1 level14_3/ijon_max/1
updated maxmap 11: 384 (len: 461)
[1;94m[*] [0mFuzzing test case #44 (1167 total, 0 uniq crashes found)...[0m
[1;94m[*] [0mFuzzing test case #45 (1167 total, 0 uniq crashes found)...[0m
scheduled max input!!!!
schedule: 8 level14_3/ijon_max/8
updated maxmap 8: 388 (len: 462)
updated maxmap 8: 38b (len: 462)
updated maxmap 10: 388 (len: 462)
updated maxmap 11: 38b (len: 462)
updated maxmap 8: 38c (len: 462)
updated maxmap 8: 38e (len: 466)
[1;94m[*] [0mFuzzing test case #46 (1167 total, 0 uniq crashes found)...[0m
scheduled max input!!!!
schedule: 4 level14_3/ijon_max/4
updated maxmap 10: 38c (len: 461)
[1;94m[*] [0mFuzzing test case #47 (1168 total, 0 uniq crashes found)...[0m
[1;94m[*] [0mFuzzing test case #48 (1168 total, 0 uniq crashes found)...[0m
scheduled max input!!!!
schedule: 7 level14_3/ijon_max/7
updated maxmap 7: 36e (len: 448)
updated maxmap 7: 36f (len: 448)
updated maxmap 7: 370 (len: 448)
updated maxmap 7: 37a (len: 453)
[1;94m[*] [0mFuzzing test case #49 (1168 total, 0 uniq crashes found)...[0m
scheduled max input!!!!
schedule: 8 level14_3/ijon_max/8
updated maxmap 8: 391 (len: 466)
updated maxmap 8: 393 (len: 466)
updated maxmap 8: 3a1 (len: 472)
updated maxmap 9: 39f (len: 472)
updated maxmap 10: 395 (len: 472)
updated maxmap 11: 38e (len: 472)
updated maxmap 10: 3a1 (len: 472)
updated maxmap 11: 39c (len: 472)
[1;94m[*] [0mFuzzing test case #50 (1169 total, 0 uniq crashes found)...[0m
[1;94m[*] [0mFuzzing test case #51 (1169 total, 0 uniq crashes found)...[0m
scheduled max input!!!!
schedule: 7 level14_3/ijon_max/7
[1;94m[*] [0mFuzzing test case #52 (1169 total, 0 uniq crashes found)...[0m
scheduled max input!!!!
schedule: 6 level14_3/ijon_max/6
[1;94m[*] [0mFuzzing test case #53 (1170 total, 0 uniq crashes found)...[0m
scheduled max input!!!!
schedule: 5 level14_3/ijon_max/5
[1;94m[*] [0mFuzzing test case #54 (1172 total, 0 uniq crashes found)...[0m
scheduled max input!!!!
schedule: 5 level14_3/ijon_max/5
[1;94m[*] [0mFuzzing test case #55 (1172 total, 0 uniq crashes found)...[0m
scheduled max input!!!!
schedule: 2 level14_3/ijon_max/2
[1;94m[*] [0mFuzzing test case #56 (1172 total, 0 uniq crashes found)...[0m
scheduled max input!!!!
schedule: 4 level14_3/ijon_max/4
[1;94m[*] [0mFuzzing test case #57 (1172 total, 0 uniq crashes found)...[0m
[1;94m[*] [0mFuzzing test case #58 (1172 total, 0 uniq crashes found)...[0m
scheduled max input!!!!
schedule: 13 level14_3/ijon_max/13
[1;94m[*] [0mFuzzing test case #59 (1172 total, 0 uniq crashes found)...[0m
scheduled max input!!!!
schedule: 9 level14_3/ijon_max/9
updated maxmap 8: 3a2 (len: 472)
updated maxmap 9: 3a0 (len: 472)
updated maxmap 8: 3a3 (len: 472)
updated maxmap 9: 3a1 (len: 472)
updated maxmap 8: 3a4 (len: 472)
updated maxmap 9: 3a2 (len: 472)
updated maxmap 8: 3a5 (len: 472)
updated maxmap 10: 3ab (len: 481)
updated maxmap 11: 3af (len: 481)
updated maxmap 9: 3a3 (len: 472)
updated maxmap 8: 3a8 (len: 472)
updated maxmap 9: 3a5 (len: 472)
updated maxmap 9: 3a8 (len: 472)
updated maxmap 9: 3b0 (len: 476)
updated maxmap 10: 3ad (len: 476)
updated maxmap 9: 3b2 (len: 476)
[1;94m[*] [0mFuzzing test case #60 (1173 total, 0 uniq crashes found)...[0m
[1;94m[*] [0mFuzzing test case #61 (1173 total, 0 uniq crashes found)...[0m
scheduled max input!!!!
schedule: 3 level14_3/ijon_max/3
[1;94m[*] [0mFuzzing test case #62 (1174 total, 0 uniq crashes found)...[0m
scheduled max input!!!!
schedule: 11 level14_3/ijon_max/11
updated maxmap 9: 3b8 (len: 484)
updated maxmap 10: 3b2 (len: 489)
updated maxmap 11: 3bf (len: 489)
updated maxmap 9: 3c5 (len: 492)
updated maxmap 10: 3be (len: 492)
[1;94m[*] [0mFuzzing test case #63 (1176 total, 0 uniq crashes found)...[0m
scheduled max input!!!!
schedule: 5 level14_3/ijon_max/5
[1;94m[*] [0mFuzzing test case #64 (1176 total, 0 uniq crashes found)...[0m
[1;94m[*] [0mFuzzing test case #65 (1176 total, 0 uniq crashes found)...[0m
scheduled max input!!!!
schedule: 13 level14_3/ijon_max/13
[1;94m[*] [0mFuzzing test case #66 (1176 total, 0 uniq crashes found)...[0m
scheduled max input!!!!
schedule: 2 level14_3/ijon_max/2
[1;94m[*] [0mFuzzing test case #67 (1176 total, 0 uniq crashes found)...[0m
[1;94m[*] [0mFuzzing test case #68 (1176 total, 0 uniq crashes found)...[0m
[1;94m[*] [0mFuzzing test case #69 (1176 total, 0 uniq crashes found)...[0m
scheduled max input!!!!
schedule: 13 level14_3/ijon_max/13
[1;94m[*] [0mFuzzing test case #70 (1176 total, 0 uniq crashes found)...[0m
scheduled max input!!!!
schedule: 2 level14_3/ijon_max/2
[1;94m[*] [0mFuzzing test case #71 (1176 total, 0 uniq crashes found)...[0m
[1;94m[*] [0mFuzzing test case #72 (1176 total, 0 uniq crashes found)...[0m
[1;94m[*] [0mFuzzing test case #73 (1176 total, 0 uniq crashes found)...[0m
[1;94m[*] [0mFuzzing test case #74 (1176 total, 0 uniq crashes found)...[0m
scheduled max input!!!!
schedule: 13 level14_3/ijon_max/13
[1;94m[*] [0mFuzzing test case #75 (1176 total, 0 uniq crashes found)...[0m
scheduled max input!!!!
schedule: 3 level14_3/ijon_max/3
[1;94m[*] [0mFuzzing test case #76 (1177 total, 0 uniq crashes found)...[0m
scheduled max input!!!!
schedule: 15 level14_3/ijon_max/15
[1;94m[*] [0mFuzzing test case #77 (1177 total, 0 uniq crashes found)...[0m
scheduled max input!!!!
schedule: 2 level14_3/ijon_max/2
[1;94m[*] [0mFuzzing test case #78 (1177 total, 0 uniq crashes found)...[0m
scheduled max input!!!!
schedule: 1 level14_3/ijon_max/1
[1;94m[*] [0mFuzzing test case #79 (1177 total, 0 uniq crashes found)...[0m
scheduled max input!!!!
schedule: 15 level14_3/ijon_max/15
[1;94m[*] [0mFuzzing test case #80 (1177 total, 0 uniq crashes found)...[0m
scheduled max input!!!!
schedule: 12 level14_3/ijon_max/12
[1;94m[*] [0mFuzzing test case #81 (1177 total, 0 uniq crashes found)...[0m
scheduled max input!!!!
schedule: 4 level14_3/ijon_max/4
[1;94m[*] [0mFuzzing test case #82 (1177 total, 0 uniq crashes found)...[0m
scheduled max input!!!!
schedule: 3 level14_3/ijon_max/3
[1;94m[*] [0mFuzzing test case #83 (1177 total, 0 uniq crashes found)...[0m
[1;94m[*] [0mFuzzing test case #84 (1177 total, 0 uniq crashes found)...[0m
[1;94m[*] [0mFuzzing test case #85 (1177 total, 0 uniq crashes found)...[0m
scheduled max input!!!!
schedule: 1 level14_3/ijon_max/1
[1;94m[*] [0mFuzzing test case #86 (1178 total, 0 uniq crashes found)...[0m
[1;94m[*] [0mFuzzing test case #87 (1178 total, 0 uniq crashes found)...[0m
[1;94m[*] [0mFuzzing test case #88 (1178 total, 0 uniq crashes found)...[0m
[1;94m[*] [0mFuzzing test case #89 (1178 total, 0 uniq crashes found)...[0m
scheduled max input!!!!
schedule: 9 level14_3/ijon_max/9
updated maxmap 9: 3ca (len: 492)
updated maxmap 10: 3c3 (len: 492)
updated maxmap 9: 3cc (len: 492)
updated maxmap 10: 3c5 (len: 492)
updated maxmap 8: 3aa (len: 496)
updated maxmap 9: 3d0 (len: 496)
updated maxmap 10: 3c8 (len: 496)
updated maxmap 11: 3c1 (len: 496)
updated maxmap 8: 3ad (len: 492)
updated maxmap 11: 3c3 (len: 492)
updated maxmap 8: 3d5 (len: 506)
updated maxmap 9: 3df (len: 506)
updated maxmap 10: 3f1 (len: 506)
updated maxmap 11: 3ec (len: 506)
updated maxmap 8: 3df (len: 500)
updated maxmap 9: 3ec (len: 504)
[1;94m[*] [0mFuzzing test case #90 (1180 total, 0 uniq crashes found)...[0m
scheduled max input!!!!
schedule: 4 level14_3/ijon_max/4
[1;94m[*] [0mFuzzing test case #91 (1181 total, 0 uniq crashes found)...[0m
scheduled max input!!!!
schedule: 8 level14_3/ijon_max/8
updated maxmap 8: 3e0 (len: 500)
updated maxmap 8: 3e1 (len: 500)
updated maxmap 8: 3e2 (len: 500)
updated maxmap 8: 3e3 (len: 500)
updated maxmap 11: 3ee (len: 507)
updated maxmap 8: 3e4 (len: 500)
[1;94m[*] [0mFuzzing test case #92 (1181 total, 0 uniq crashes found)...[0m
scheduled max input!!!!
schedule: 11 level14_3/ijon_max/11
updated maxmap 11: 3ef (len: 507)
updated maxmap 11: 3f0 (len: 507)
updated maxmap 11: 3f3 (len: 507)
updated maxmap 11: 3f4 (len: 507)
updated maxmap 10: 3f4 (len: 512)
updated maxmap 11: 3fd (len: 512)
updated maxmap 9: 3f5 (len: 507)
updated maxmap 10: 3fa (len: 510)
updated maxmap 9: 3f6 (len: 509)
updated maxmap 10: 3fb (len: 512)
updated maxmap 9: 405 (len: 515)
updated maxmap 10: 400 (len: 515)
updated maxmap 8: 3ea (len: 513)
updated maxmap 8: 3ef (len: 510)
minimized maxmap 9: 405 (len: 513)
updated maxmap 9: 406 (len: 515)
updated maxmap 10: 403 (len: 514)
updated maxmap 9: 407 (len: 514)
updated maxmap 8: 404 (len: 518)
updated maxmap 11: 3fe (len: 514)
updated maxmap 9: 418 (len: 524)
updated maxmap 10: 41d (len: 524)
updated maxmap 8: 408 (len: 518)
updated maxmap 7: 3a1 (len: 507)
updated maxmap 11: 3ff (len: 514)
[1;94m[*] [0mFuzzing test case #93 (1200 total, 0 uniq crashes found)...[0m
scheduled max input!!!!
schedule: 14 level14_3/ijon_max/14
[1;94m[*] [0mFuzzing test case #94 (1200 total, 0 uniq crashes found)...[0m
scheduled max input!!!!
schedule: 4 level14_3/ijon_max/4
[1;94m[*] [0mFuzzing test case #95 (1200 total, 0 uniq crashes found)...[0m
scheduled max input!!!!
schedule: 4 level14_3/ijon_max/4
[1;94m[*] [0mFuzzing test case #96 (1201 total, 0 uniq crashes found)...[0m
[1;94m[*] [0mFuzzing test case #97 (1201 total, 0 uniq crashes found)...[0m
scheduled max input!!!!
schedule: 9 level14_3/ijon_max/9
updated maxmap 9: 419 (len: 524)
updated maxmap 10: 41e (len: 524)
updated maxmap 8: 412 (len: 530)
updated maxmap 9: 41f (len: 530)
updated maxmap 10: 429 (len: 530)
updated maxmap 11: 42b (len: 530)
minimized maxmap 8: 412 (len: 524)
updated maxmap 8: 417 (len: 524)
updated maxmap 9: 421 (len: 524)
updated maxmap 8: 41a (len: 524)
updated maxmap 9: 424 (len: 524)
updated maxmap 8: 41b (len: 524)
updated maxmap 9: 425 (len: 524)
updated maxmap 10: 42c (len: 527)
updated maxmap 9: 42b (len: 530)
updated maxmap 10: 432 (len: 530)
updated maxmap 9: 435 (len: 532)
updated maxmap 7: 3c9 (len: 531)
updated maxmap 10: 436 (len: 532)
updated maxmap 8: 426 (len: 528)
minimized maxmap 8: 426 (len: 527)
updated maxmap 8: 42d (len: 530)
[1;94m[*] [0mFuzzing test case #98 (1214 total, 0 uniq crashes found)...[0m
[1;94m[*] [0mFuzzing test case #99 (1214 total, 0 uniq crashes found)...[0m
scheduled max input!!!!
schedule: 15 level14_3/ijon_max/15
[1;94m[*] [0mFuzzing test case #100 (1214 total, 0 uniq crashes found)...[0m
scheduled max input!!!!
schedule: 5 level14_3/ijon_max/5
[1;94m[*] [0mFuzzing test case #101 (1214 total, 0 uniq crashes found)...[0m
scheduled max input!!!!
schedule: 4 level14_3/ijon_max/4
[1;94m[*] [0mFuzzing test case #102 (1214 total, 0 uniq crashes found)...[0m
scheduled max input!!!!
schedule: 5 level14_3/ijon_max/5
[1;94m[*] [0mFuzzing test case #103 (1214 total, 0 uniq crashes found)...[0m
scheduled max input!!!!
schedule: 7 level14_3/ijon_max/7
updated maxmap 7: 3e2 (len: 531)
updated maxmap 7: 3e5 (len: 531)
updated maxmap 7: 3e6 (len: 531)
updated maxmap 7: 3e7 (len: 531)
updated maxmap 7: 3e8 (len: 531)
[1;94m[*] [0mFuzzing test case #104 (1214 total, 0 uniq crashes found)...[0m
scheduled max input!!!!
schedule: 13 level14_3/ijon_max/13
[1;94m[*] [0mFuzzing test case #105 (1214 total, 0 uniq crashes found)...[0m
scheduled max input!!!!
schedule: 11 level14_3/ijon_max/11
updated maxmap 11: 42c (len: 530)
updated maxmap 11: 436 (len: 538)
updated maxmap 9: 43c (len: 543)
updated maxmap 10: 438 (len: 543)
minimized maxmap 10: 438 (len: 538)
updated maxmap 8: 43e (len: 552)
updated maxmap 9: 443 (len: 552)
[1;94m[*] [0mFuzzing test case #106 (1224 total, 0 uniq crashes found)...[0m
[1;94m[*] [0mFuzzing test case #107 (1224 total, 0 uniq crashes found)...[0m
[1;94m[*] [0mFuzzing test case #108 (1224 total, 0 uniq crashes found)...[0m
scheduled max input!!!!
schedule: 2 level14_3/ijon_max/2
[1;94m[*] [0mFuzzing test case #109 (1224 total, 0 uniq crashes found)...[0m
[1;94m[*] [0mFuzzing test case #110 (1224 total, 0 uniq crashes found)...[0m
scheduled max input!!!!
schedule: 1 level14_3/ijon_max/1
[1;94m[*] [0mFuzzing test case #111 (1224 total, 0 uniq crashes found)...[0m
[1;94m[*] [0mFuzzing test case #112 (1224 total, 0 uniq crashes found)...[0m
[1;94m[*] [0mFuzzing test case #113 (1224 total, 0 uniq crashes found)...[0m
scheduled max input!!!!
schedule: 10 level14_3/ijon_max/10
updated maxmap 10: 439 (len: 538)
updated maxmap 10: 43a (len: 538)
updated maxmap 10: 43c (len: 538)
updated maxmap 10: 43f (len: 540)
updated maxmap 11: 441 (len: 540)
updated maxmap 8: 441 (len: 540)
updated maxmap 8: 447 (len: 545)
updated maxmap 10: 446 (len: 542)
updated maxmap 9: 44e (len: 545)
updated maxmap 10: 44b (len: 545)
updated maxmap 11: 444 (len: 545)
updated maxmap 11: 448 (len: 544)
updated maxmap 13: 21b (len: 550)
updated maxmap 14: 225 (len: 550)
updated maxmap 9: 451 (len: 552)
[1;94m[*] [0mFuzzing test case #114 (1237 total, 0 uniq crashes found)...[0m
scheduled max input!!!!
schedule: 12 level14_3/ijon_max/12
[1;94m[*] [0mFuzzing test case #115 (1237 total, 0 uniq crashes found)...[0m
scheduled max input!!!!
schedule: 6 level14_3/ijon_max/6
[1;94m[*] [0mFuzzing test case #116 (1237 total, 0 uniq crashes found)...[0m
scheduled max input!!!!
schedule: 13 level14_3/ijon_max/13
[1;94m[*] [0mFuzzing test case #117 (1237 total, 0 uniq crashes found)...[0m
[1;94m[*] [0mFuzzing test case #118 (1237 total, 0 uniq crashes found)...[0m
[1;94m[*] [0mFuzzing test case #119 (1237 total, 0 uniq crashes found)...[0m
scheduled max input!!!!
schedule: 6 level14_3/ijon_max/6
[1;94m[*] [0mFuzzing test case #120 (1237 total, 0 uniq crashes found)...[0m
scheduled max input!!!!
schedule: 10 level14_3/ijon_max/10
updated maxmap 9: 45d (len: 551)
updated maxmap 10: 44d (len: 545)
updated maxmap 10: 44f (len: 545)
updated maxmap 10: 450 (len: 546)
minimized maxmap 10: 450 (len: 545)
updated maxmap 11: 449 (len: 545)
updated maxmap 10: 456 (len: 548)
updated maxmap 11: 44e (len: 548)
minimized maxmap 11: 44e (len: 545)
updated maxmap 11: 44f (len: 545)
updated maxmap 11: 451 (len: 547)
minimized maxmap 11: 451 (len: 545)
updated maxmap 8: 458 (len: 553)
updated maxmap 11: 453 (len: 548)
minimized maxmap 11: 453 (len: 545)
updated maxmap 8: 45c (len: 559)
updated maxmap 11: 454 (len: 547)
updated maxmap 10: 45d (len: 552)
updated maxmap 11: 45b (len: 553)
updated maxmap 9: 461 (len: 555)
updated maxmap 10: 471 (len: 562)
updated maxmap 11: 46a (len: 562)
updated maxmap 9: 462 (len: 553)
[1;94m[*] [0mFuzzing test case #121 (1251 total, 0 uniq crashes found)...[0m
scheduled max input!!!!
schedule: 6 level14_3/ijon_max/6
[1;94m[*] [0mFuzzing test case #122 (1251 total, 0 uniq crashes found)...[0m
scheduled max input!!!!
schedule: 14 level14_3/ijon_max/14
updated maxmap 15: 22f (len: 550)
[1;94m[*] [0mFuzzing test case #123 (1252 total, 0 uniq crashes found)...[0m
scheduled max input!!!!
schedule: 7 level14_3/ijon_max/7
updated maxmap 7: 3f0 (len: 536)
minimized maxmap 7: 3f0 (len: 531)
updated maxmap 7: 3f1 (len: 531)
[1;94m[*] [0mFuzzing test case #124 (1252 total, 0 uniq crashes found)...[0m
[1;94m[*] [0mFuzzing test case #125 (1252 total, 0 uniq crashes found)...[0m
scheduled max input!!!!
schedule: 2 level14_3/ijon_max/2
[1;94m[*] [0mFuzzing test case #126 (1253 total, 0 uniq crashes found)...[0m
[1;94m[*] [0mFuzzing test case #127 (1253 total, 0 uniq crashes found)...[0m
[1;94m[*] [0mFuzzing test case #128 (1253 total, 0 uniq crashes found)...[0m
scheduled max input!!!!
schedule: 4 level14_3/ijon_max/4
[1;94m[*] [0mFuzzing test case #129 (1253 total, 0 uniq crashes found)...[0m
scheduled max input!!!!
schedule: 9 level14_3/ijon_max/9
updated maxmap 9: 463 (len: 553)
updated maxmap 9: 464 (len: 553)
updated maxmap 11: 475 (len: 560)
updated maxmap 8: 480 (len: 568)
updated maxmap 9: 47d (len: 568)
[1;94m[*] [0mFuzzing test case #130 (1253 total, 0 uniq crashes found)...[0m
scheduled max input!!!!
schedule: 1 level14_3/ijon_max/1
[1;94m[*] [0mFuzzing test case #131 (1253 total, 0 uniq crashes found)...[0m
scheduled max input!!!!
schedule: 7 level14_3/ijon_max/7
[1;94m[*] [0mFuzzing test case #132 (1253 total, 0 uniq crashes found)...[0m
scheduled max input!!!!
schedule: 2 level14_3/ijon_max/2
[1;94m[*] [0mFuzzing test case #133 (1253 total, 0 uniq crashes found)...[0m
scheduled max input!!!!
schedule: 9 level14_3/ijon_max/9
updated maxmap 9: 487 (len: 574)
updated maxmap 10: 480 (len: 574)
updated maxmap 11: 479 (len: 574)
updated maxmap 11: 47a (len: 568)
updated maxmap 11: 47f (len: 568)
updated maxmap 11: 483 (len: 568)
updated maxmap 9: 48b (len: 575)
updated maxmap 10: 481 (len: 575)
updated maxmap 9: 48c (len: 575)
updated maxmap 10: 485 (len: 575)
updated maxmap 11: 484 (len: 568)
updated maxmap 11: 485 (len: 569)
minimized maxmap 10: 485 (len: 574)
updated maxmap 11: 48a (len: 574)
updated maxmap 10: 48a (len: 576)
updated maxmap 11: 48f (len: 576)
updated maxmap 10: 490 (len: 582)
updated maxmap 11: 495 (len: 582)
updated maxmap 8: 49c (len: 585)
updated maxmap 9: 4a6 (len: 585)
updated maxmap 10: 4ad (len: 585)
updated maxmap 7: 47b (len: 573)
updated maxmap 11: 497 (len: 579)
[1;94m[*] [0mFuzzing test case #134 (1271 total, 0 uniq crashes found)...[0m
[1;94m[*] [0mFuzzing test case #135 (1271 total, 0 uniq crashes found)...[0m
scheduled max input!!!!
schedule: 7 level14_3/ijon_max/7
updated maxmap 7: 47c (len: 573)
updated maxmap 7: 47d (len: 573)
[1;94m[*] [0mFuzzing test case #136 (1272 total, 0 uniq crashes found)...[0m
[1;94m[*] [0mFuzzing test case #137 (1272 total, 0 uniq crashes found)...[0m
[1;94m[*] [0mFuzzing test case #138 (1272 total, 0 uniq crashes found)...[0m
scheduled max input!!!!
schedule: 0 level14_3/ijon_max/0
[1;94m[*] [0mFuzzing test case #139 (1272 total, 0 uniq crashes found)...[0m
scheduled max input!!!!
schedule: 11 level14_3/ijon_max/11
updated maxmap 11: 49b (len: 579)
updated maxmap 11: 49c (len: 579)
updated maxmap 9: 4af (len: 587)
updated maxmap 10: 4b4 (len: 587)
updated maxmap 8: 4b8 (len: 587)
updated maxmap 9: 4b0 (len: 587)
updated maxmap 11: 49f (len: 587)
minimized maxmap 11: 49f (len: 579)
updated maxmap 11: 4a6 (len: 582)
minimized maxmap 11: 4a6 (len: 580)
updated maxmap 11: 4ac (len: 585)
[1;94m[*] [0mFuzzing test case #140 (1274 total, 0 uniq crashes found)...[0m
scheduled max input!!!!
schedule: 9 level14_3/ijon_max/9
updated maxmap 8: 4ba (len: 595)
updated maxmap 9: 4b3 (len: 595)
[1;94m[*] [0mFuzzing test case #141 (1274 total, 0 uniq crashes found)...[0m
scheduled max input!!!!
schedule: 7 level14_3/ijon_max/7
updated maxmap 7: 47e (len: 573)
[1;94m[*] [0mFuzzing test case #142 (1274 total, 0 uniq crashes found)...[0m
scheduled max input!!!!
schedule: 6 level14_3/ijon_max/6
[1;94m[*] [0mFuzzing test case #143 (1274 total, 0 uniq crashes found)...[0m
scheduled max input!!!!
schedule: 14 level14_3/ijon_max/14
updated maxmap 0: 232 (len: 550)
updated maxmap 13: 21c (len: 550)
updated maxmap 14: 226 (len: 550)
[1;94m[*] [0mFuzzing test case #144 (1274 total, 0 uniq crashes found)...[0m
scheduled max input!!!!
schedule: 4 level14_3/ijon_max/4
[1;94m[*] [0mFuzzing test case #145 (1274 total, 0 uniq crashes found)...[0m
scheduled max input!!!!
schedule: 9 level14_3/ijon_max/9
updated maxmap 8: 4bb (len: 595)
updated maxmap 8: 4c5 (len: 599)
updated maxmap 9: 4be (len: 599)
updated maxmap 9: 4bf (len: 601)
updated maxmap 10: 4b7 (len: 601)
updated maxmap 11: 4b0 (len: 601)
updated maxmap 11: 4b1 (len: 595)
updated maxmap 11: 4b7 (len: 600)
updated maxmap 11: 4bb (len: 603)
[1;94m[*] [0mFuzzing test case #146 (1275 total, 0 uniq crashes found)...[0m
scheduled max input!!!!
schedule: 11 level14_3/ijon_max/11
updated maxmap 10: 4b9 (len: 607)
updated maxmap 11: 4be (len: 607)
updated maxmap 10: 4bb (len: 604)
minimized maxmap 10: 4bb (len: 603)
updated maxmap 9: 4c9 (len: 609)
updated maxmap 10: 4ce (len: 609)
updated maxmap 9: 4cb (len: 611)
updated maxmap 10: 4cf (len: 611)
updated maxmap 9: 4cf (len: 608)
updated maxmap 10: 4d3 (len: 608)
updated maxmap 8: 4d0 (len: 611)
updated maxmap 9: 4d5 (len: 614)
updated maxmap 11: 4c2 (len: 609)
updated maxmap 11: 4c7 (len: 611)
updated maxmap 11: 4ca (len: 611)
updated maxmap 11: 4cb (len: 609)
updated maxmap 11: 4d2 (len: 611)
[1;94m[*] [0mFuzzing test case #147 (1292 total, 0 uniq crashes found)...[0m
[1;94m[*] [0mFuzzing test case #148 (1292 total, 0 uniq crashes found)...[0m
scheduled max input!!!!
schedule: 2 level14_3/ijon_max/2
[1;94m[*] [0mFuzzing test case #149 (1292 total, 0 uniq crashes found)...[0m
scheduled max input!!!!
schedule: 12 level14_3/ijon_max/12
[1;94m[*] [0mFuzzing test case #150 (1292 total, 0 uniq crashes found)...[0m
[1;94m[*] [0mFuzzing test case #151 (1292 total, 0 uniq crashes found)...[0m
scheduled max input!!!!
schedule: 4 level14_3/ijon_max/4
[1;94m[*] [0mFuzzing test case #152 (1292 total, 0 uniq crashes found)...[0m
scheduled normal input!!!!
[1;94m[*] [0mFuzzing test case #153 (1292 total, 0 uniq crashes found)...[0m
scheduled max input!!!!
schedule: 5 level14_3/ijon_max/5
[1;94m[*] [0mFuzzing test case #154 (1301 total, 0 uniq crashes found)...[0m
scheduled max input!!!!
schedule: 14 level14_3/ijon_max/14
[1;94m[*] [0mFuzzing test case #155 (1301 total, 0 uniq crashes found)...[0m
scheduled max input!!!!
schedule: 13 level14_3/ijon_max/13
[1;94m[*] [0mFuzzing test case #156 (1301 total, 0 uniq crashes found)...[0m
[1;94m[*] [0mFuzzing test case #157 (1301 total, 0 uniq crashes found)...[0m
[1;94m[*] [0mFuzzing test case #158 (1301 total, 0 uniq crashes found)...[0m
scheduled max input!!!!
schedule: 5 level14_3/ijon_max/5
[1;94m[*] [0mFuzzing test case #159 (1301 total, 0 uniq crashes found)...[0m
scheduled max input!!!!
schedule: 13 level14_3/ijon_max/13
[1;94m[*] [0mFuzzing test case #160 (1301 total, 0 uniq crashes found)...[0m
scheduled max input!!!!
schedule: 4 level14_3/ijon_max/4
[1;94m[*] [0mFuzzing test case #161 (1302 total, 0 uniq crashes found)...[0m
[1;94m[*] [0mFuzzing test case #162 (1302 total, 0 uniq crashes found)...[0m
scheduled max input!!!!
schedule: 11 level14_3/ijon_max/11
updated maxmap 10: 4d4 (len: 611)
updated maxmap 10: 4d6 (len: 611)
updated maxmap 11: 4d4 (len: 611)
updated maxmap 10: 4d9 (len: 613)
updated maxmap 11: 4d8 (len: 613)
updated maxmap 11: 4da (len: 613)
minimized maxmap 10: 4d9 (len: 611)
updated maxmap 9: 4da (len: 611)
[1;94m[*] [0mFuzzing test case #163 (1302 total, 0 uniq crashes found)...[0m
scheduled max input!!!!
schedule: 0 level14_3/ijon_max/0
[1;94m[*] [0mFuzzing test case #164 (1302 total, 0 uniq crashes found)...[0m
scheduled max input!!!!
schedule: 9 level14_3/ijon_max/9
updated maxmap 9: 4db (len: 611)
updated maxmap 9: 4dd (len: 612)
updated maxmap 9: 4e3 (len: 616)
updated maxmap 9: 4ea (len: 618)
updated maxmap 10: 4dc (len: 611)
updated maxmap 11: 4e2 (len: 616)
updated maxmap 10: 4dd (len: 613)
updated maxmap 12: 4e3 (len: 618)
updated maxmap 10: 4e2 (len: 619)
updated maxmap 11: 4ec (len: 619)
updated maxmap 12: 4ee (len: 619)
updated maxmap 9: 4eb (len: 619)
updated maxmap 12: 4f3 (len: 620)
updated maxmap 10: 4ec (len: 617)
updated maxmap 9: 4ec (len: 618)
updated maxmap 10: 4f0 (len: 618)
updated maxmap 9: 4f1 (len: 618)
updated maxmap 8: 4df (len: 611)
updated maxmap 11: 4ee (len: 618)
minimized maxmap 12: 4f3 (len: 618)
updated maxmap 12: 4f6 (len: 620)
updated maxmap 7: 481 (len: 618)
updated maxmap 8: 4e3 (len: 615)
updated maxmap 10: 4f8 (len: 630)
updated maxmap 11: 501 (len: 630)
updated maxmap 12: 50b (len: 630)
updated maxmap 8: 4e7 (len: 614)
updated maxmap 8: 4fb (len: 626)
[1;94m[*] [0mFuzzing test case #165 (1309 total, 0 uniq crashes found)...[0m
scheduled max input!!!!
schedule: 12 level14_3/ijon_max/12
updated maxmap 10: 4fa (len: 630)
updated maxmap 11: 503 (len: 630)
updated maxmap 12: 50d (len: 630)
updated maxmap 9: 521 (len: 638)
updated maxmap 10: 517 (len: 638)
updated maxmap 11: 510 (len: 638)
updated maxmap 13: 50e (len: 635)
updated maxmap 12: 50e (len: 634)
minimized maxmap 11: 510 (len: 636)
updated maxmap 13: 510 (len: 638)
updated maxmap 14: 51a (len: 638)
updated maxmap 15: 51c (len: 638)
updated maxmap 12: 50f (len: 636)
updated maxmap 13: 513 (len: 638)
updated maxmap 12: 510 (len: 638)
updated maxmap 0: 516 (len: 640)
[1;94m[*] [0mFuzzing test case #166 (1318 total, 0 uniq crashes found)...[0m
scheduled max input!!!!
schedule: 15 level14_3/ijon_max/15
updated maxmap 15: 51d (len: 638)
updated maxmap 13: 515 (len: 640)
updated maxmap 14: 51f (len: 640)
updated maxmap 15: 522 (len: 640)
minimized maxmap 13: 515 (len: 638)
updated maxmap 13: 516 (len: 638)
updated maxmap 13: 517 (len: 638)
minimized maxmap 14: 51f (len: 638)
[1;94m[*] [0mFuzzing test case #167 (1319 total, 0 uniq crashes found)...[0m
scheduled max input!!!!
schedule: 5 level14_3/ijon_max/5
[1;94m[*] [0mFuzzing test case #168 (1319 total, 0 uniq crashes found)...[0m
scheduled max input!!!!
schedule: 5 level14_3/ijon_max/5
[1;94m[*] [0mFuzzing test case #169 (1319 total, 0 uniq crashes found)...[0m
scheduled max input!!!!
schedule: 12 level14_3/ijon_max/12
[1;94m[*] [0mFuzzing test case #170 (1319 total, 0 uniq crashes found)...[0m
[1;94m[*] [0mFuzzing test case #171 (1319 total, 0 uniq crashes found)...[0m
[1;94m[*] [0mFuzzing test case #172 (1319 total, 0 uniq crashes found)...[0m
scheduled max input!!!!
schedule: 5 level14_3/ijon_max/5
[1;94m[*] [0mFuzzing test case #173 (1319 total, 0 uniq crashes found)...[0m
scheduled max input!!!!
schedule: 2 level14_3/ijon_max/2
[1;94m[*] [0mFuzzing test case #174 (1319 total, 0 uniq crashes found)...[0m
[1;94m[*] [0mFuzzing test case #175 (1319 total, 0 uniq crashes found)...[0m
scheduled max input!!!!
schedule: 1 level14_3/ijon_max/1
[1;94m[*] [0mFuzzing test case #176 (1319 total, 0 uniq crashes found)...[0m
[1;94m[*] [0mFuzzing test case #177 (1319 total, 0 uniq crashes found)...[0m
[1;94m[*] [0mFuzzing test case #178 (1319 total, 0 uniq crashes found)...[0m
scheduled max input!!!!
schedule: 14 level14_3/ijon_max/14
[1;94m[*] [0mFuzzing test case #179 (1319 total, 0 uniq crashes found)...[0m
scheduled max input!!!!
schedule: 0 level14_3/ijon_max/0
updated maxmap 0: 517 (len: 640)
updated maxmap 0: 518 (len: 640)
updated maxmap 0: 519 (len: 640)
updated maxmap 0: 51b (len: 650)
minimized maxmap 0: 51b (len: 640)
updated maxmap 0: 521 (len: 640)
updated maxmap 0: 522 (len: 640)
updated maxmap 0: 523 (len: 640)
updated maxmap 0: 526 (len: 641)
updated maxmap 15: 524 (len: 641)
minimized maxmap 0: 526 (len: 640)
minimized maxmap 15: 524 (len: 640)
[1;94m[*] [0mFuzzing test case #180 (1320 total, 0 uniq crashes found)...[0m
[1;94m[*] [0mFuzzing test case #181 (1320 total, 0 uniq crashes found)...[0m
scheduled max input!!!!
schedule: 8 level14_3/ijon_max/8
updated maxmap 8: 4fe (len: 626)
updated maxmap 8: 4ff (len: 626)
updated maxmap 8: 501 (len: 634)
updated maxmap 7: 50f (len: 633)
updated maxmap 11: 511 (len: 634)
minimized maxmap 8: 501 (len: 632)
[1;94m[*] [0mFuzzing test case #182 (1330 total, 0 uniq crashes found)...[0m
scheduled max input!!!!
schedule: 10 level14_3/ijon_max/10
updated maxmap 9: 522 (len: 638)
updated maxmap 10: 518 (len: 638)
[1;94m[*] [0mFuzzing test case #183 (1330 total, 0 uniq crashes found)...[0m
scheduled max input!!!!
schedule: 7 level14_3/ijon_max/7
updated maxmap 8: 508 (len: 633)
updated maxmap 8: 50e (len: 633)
[1;94m[*] [0mFuzzing test case #184 (1330 total, 0 uniq crashes found)...[0m
scheduled max input!!!!
schedule: 9 level14_3/ijon_max/9
updated maxmap 9: 527 (len: 643)
updated maxmap 10: 519 (len: 643)
minimized maxmap 10: 519 (len: 638)
updated maxmap 10: 51a (len: 638)
updated maxmap 11: 512 (len: 638)
[1;94m[*] [0mFuzzing test case #185 (1330 total, 0 uniq crashes found)...[0m
scheduled max input!!!!
schedule: 1 level14_3/ijon_max/1
[1;94m[*] [0mFuzzing test case #186 (1330 total, 0 uniq crashes found)...[0m
scheduled max input!!!!
schedule: 0 level14_3/ijon_max/0
updated maxmap 0: 527 (len: 641)
updated maxmap 15: 525 (len: 641)
updated maxmap 0: 528 (len: 640)
minimized maxmap 15: 525 (len: 640)
[1;94m[*] [0mFuzzing test case #187 (1330 total, 0 uniq crashes found)...[0m
scheduled max input!!!!
schedule: 3 level14_3/ijon_max/3
[1;94m[*] [0mFuzzing test case #188 (1330 total, 0 uniq crashes found)...[0m
scheduled max input!!!!
schedule: 2 level14_3/ijon_max/2
[1;94m[*] [0mFuzzing test case #189 (1330 total, 0 uniq crashes found)...[0m
scheduled max input!!!!
schedule: 6 level14_3/ijon_max/6
[1;94m[*] [0mFuzzing test case #190 (1330 total, 0 uniq crashes found)...[0m
scheduled max input!!!!
schedule: 0 level14_3/ijon_max/0
[1;94m[*] [0mFuzzing test case #191 (1330 total, 0 uniq crashes found)...[0m
[1;94m[*] [0mFuzzing test case #192 (1330 total, 0 uniq crashes found)...[0m
scheduled max input!!!!
schedule: 15 level14_3/ijon_max/15
updated maxmap 0: 529 (len: 641)
updated maxmap 15: 527 (len: 641)
minimized maxmap 15: 527 (len: 640)
updated maxmap 0: 52a (len: 647)
updated maxmap 15: 528 (len: 647)
updated maxmap 15: 529 (len: 640)
[1;94m[*] [0mFuzzing test case #193 (1330 total, 0 uniq crashes found)...[0m
[1;94m[*] [0mFuzzing test case #194 (1330 total, 0 uniq crashes found)...[0m
scheduled max input!!!!
schedule: 6 level14_3/ijon_max/6
[1;94m[*] [0mFuzzing test case #195 (1330 total, 0 uniq crashes found)...[0m
scheduled max input!!!!
schedule: 7 level14_3/ijon_max/7
updated maxmap 8: 513 (len: 635)
updated maxmap 7: 510 (len: 633)
[1;94m[*] [0mFuzzing test case #196 (1331 total, 0 uniq crashes found)...[0m
scheduled max input!!!!
schedule: 5 level14_3/ijon_max/5
[1;94m[*] [0mFuzzing test case #197 (1331 total, 0 uniq crashes found)...[0m
scheduled max input!!!!
schedule: 12 level14_3/ijon_max/12
[1;94m[*] [0mFuzzing test case #198 (1331 total, 0 uniq crashes found)...[0m
scheduled max input!!!!
schedule: 6 level14_3/ijon_max/6
[1;94m[*] [0mFuzzing test case #199 (1331 total, 0 uniq crashes found)...[0m
[1;94m[*] [0mFuzzing test case #200 (1331 total, 0 uniq crashes found)...[0m
scheduled max input!!!!
schedule: 4 level14_3/ijon_max/4
[1;94m[*] [0mFuzzing test case #201 (1331 total, 0 uniq crashes found)...[0m
scheduled max input!!!!
schedule: 5 level14_3/ijon_max/5
[1;94m[*] [0mFuzzing test case #202 (1331 total, 0 uniq crashes found)...[0m
[1;94m[*] [0mFuzzing test case #203 (1331 total, 0 uniq crashes found)...[0m
scheduled max input!!!!
schedule: 5 level14_3/ijon_max/5
[1;94m[*] [0mFuzzing test case #204 (1331 total, 0 uniq crashes found)...[0m
[1;94m[*] [0mFuzzing test case #205 (1331 total, 0 uniq crashes found)...[0m
scheduled max input!!!!
schedule: 8 level14_3/ijon_max/8
updated maxmap 8: 514 (len: 635)
minimized maxmap 11: 512 (len: 635)
[1;94m[*] [0mFuzzing test case #206 (1331 total, 0 uniq crashes found)...[0m
scheduled max input!!!!
schedule: 13 level14_3/ijon_max/13
[1;94m[*] [0mFuzzing test case #207 (1331 total, 0 uniq crashes found)...[0m
scheduled max input!!!!
schedule: 12 level14_3/ijon_max/12
[1;94m[*] [0mFuzzing test case #208 (1331 total, 0 uniq crashes found)...[0m
scheduled max input!!!!
schedule: 10 level14_3/ijon_max/10
updated maxmap 11: 513 (len: 638)
[1;94m[*] [0mFuzzing test case #209 (1331 total, 0 uniq crashes found)...[0m
scheduled max input!!!!
schedule: 7 level14_3/ijon_max/7
[1;94m[*] [0mFuzzing test case #210 (1331 total, 0 uniq crashes found)...[0m
scheduled max input!!!!
schedule: 6 level14_3/ijon_max/6
[1;94m[*] [0mFuzzing test case #211 (1331 total, 0 uniq crashes found)...[0m
scheduled max input!!!!
schedule: 0 level14_3/ijon_max/0
updated maxmap 0: 52d (len: 648)
updated maxmap 14: 521 (len: 648)
updated maxmap 15: 52b (len: 648)
minimized maxmap 0: 52d (len: 647)
[1;94m[*] [0mFuzzing test case #212 (1332 total, 0 uniq crashes found)...[0m
scheduled max input!!!!
schedule: 10 level14_3/ijon_max/10
updated maxmap 11: 517 (len: 638)
updated maxmap 10: 51b (len: 638)
[1;94m[*] [0mFuzzing test case #213 (1332 total, 0 uniq crashes found)...[0m
scheduled max input!!!!
schedule: 6 level14_3/ijon_max/6
[1;94m[*] [0mFuzzing test case #214 (1332 total, 0 uniq crashes found)...[0m
scheduled max input!!!!
schedule: 3 level14_3/ijon_max/3
[1;94m[*] [0mFuzzing test case #215 (1332 total, 0 uniq crashes found)...[0m
scheduled max input!!!!
schedule: 11 level14_3/ijon_max/11
updated maxmap 10: 51c (len: 642)
updated maxmap 11: 519 (len: 642)
[1;94m[*] [0mFuzzing test case #216 (1332 total, 0 uniq crashes found)...[0m
[1;94m[*] [0mFuzzing test case #217 (1332 total, 0 uniq crashes found)...[0m
scheduled max input!!!!
schedule: 15 level14_3/ijon_max/15
[1;94m[*] [0mFuzzing test case #218 (1332 total, 0 uniq crashes found)...[0m
[1;94m[*] [0mFuzzing test case #219 (1332 total, 0 uniq crashes found)...[0m
[1;94m[*] [0mFuzzing test case #220 (1332 total, 0 uniq crashes found)...[0m
scheduled max input!!!!
schedule: 7 level14_3/ijon_max/7
[1;94m[*] [0mFuzzing test case #221 (1332 total, 0 uniq crashes found)...[0m
scheduled max input!!!!
schedule: 11 level14_3/ijon_max/11
updated maxmap 11: 51a (len: 642)
updated maxmap 11: 51b (len: 642)
[1;94m[*] [0mFuzzing test case #222 (1332 total, 0 uniq crashes found)...[0m
scheduled max input!!!!
schedule: 0 level14_3/ijon_max/0
minimized maxmap 14: 521 (len: 647)
minimized maxmap 15: 52b (len: 647)
updated maxmap 0: 52e (len: 647)
[1;94m[*] [0mFuzzing test case #223 (1332 total, 0 uniq crashes found)...[0m
scheduled max input!!!!
schedule: 6 level14_3/ijon_max/6
[1;94m[*] [0mFuzzing test case #224 (1332 total, 0 uniq crashes found)...[0m
scheduled max input!!!!
schedule: 1 level14_3/ijon_max/1
[1;94m[*] [0mFuzzing test case #225 (1332 total, 0 uniq crashes found)...[0m
scheduled max input!!!!
schedule: 11 level14_3/ijon_max/11
updated maxmap 9: 52a (len: 648)
updated maxmap 10: 528 (len: 648)
updated maxmap 11: 520 (len: 648)
[1;94m[*] [0mFuzzing test case #226 (1332 total, 0 uniq crashes found)...[0m
[1;94m[*] [0mFuzzing test case #227 (1332 total, 0 uniq crashes found)...[0m
[1;94m[*] [0mFuzzing test case #228 (1332 total, 0 uniq crashes found)...[0m
scheduled max input!!!!
schedule: 12 level14_3/ijon_max/12
[1;94m[*] [0mFuzzing test case #229 (1332 total, 0 uniq crashes found)...[0m
scheduled max input!!!!
schedule: 8 level14_3/ijon_max/8
updated maxmap 8: 515 (len: 635)
[1;94m[*] [0mFuzzing test case #230 (1332 total, 0 uniq crashes found)...[0m
[1;94m[*] [0mFuzzing test case #231 (1332 total, 0 uniq crashes found)...[0m
scheduled max input!!!!
schedule: 3 level14_3/ijon_max/3
[1;94m[*] [0mFuzzing test case #232 (1332 total, 0 uniq crashes found)...[0m
scheduled max input!!!!
schedule: 4 level14_3/ijon_max/4
[1;94m[*] [0mFuzzing test case #233 (1332 total, 0 uniq crashes found)...[0m
[1;94m[*] [0mFuzzing test case #234 (1332 total, 0 uniq crashes found)...[0m
scheduled max input!!!!
schedule: 3 level14_3/ijon_max/3
[1;94m[*] [0mFuzzing test case #235 (1332 total, 0 uniq crashes found)...[0m
[1;94m[*] [0mFuzzing test case #236 (1332 total, 0 uniq crashes found)...[0m
scheduled max input!!!!
schedule: 10 level14_3/ijon_max/10
updated maxmap 9: 52b (len: 648)
updated maxmap 11: 521 (len: 648)
[1;94m[*] [0mFuzzing test case #237 (1332 total, 0 uniq crashes found)...[0m
[1;94m[*] [0mFuzzing test case #238 (1332 total, 0 uniq crashes found)...[0m
[1;94m[*] [0mFuzzing test case #239 (1332 total, 0 uniq crashes found)...[0m
scheduled max input!!!!
schedule: 10 level14_3/ijon_max/10
updated maxmap 9: 532 (len: 651)
updated maxmap 10: 52f (len: 651)
updated maxmap 11: 528 (len: 651)
minimized maxmap 11: 528 (len: 648)
[1;94m[*] [0mFuzzing test case #240 (1332 total, 0 uniq crashes found)...[0m
[1;94m[*] [0mFuzzing test case #241 (1332 total, 0 uniq crashes found)...[0m
scheduled max input!!!!
schedule: 2 level14_3/ijon_max/2
[1;94m[*] [0mFuzzing test case #242 (1332 total, 0 uniq crashes found)...[0m
[1;94m[*] [0mFuzzing test case #243 (1332 total, 0 uniq crashes found)...[0m
scheduled max input!!!!
schedule: 6 level14_3/ijon_max/6
[1;94m[*] [0mFuzzing test case #244 (1332 total, 0 uniq crashes found)...[0m
[1;94m[*] [0mFuzzing test case #245 (1332 total, 0 uniq crashes found)...[0m
scheduled max input!!!!
schedule: 2 level14_3/ijon_max/2
[1;94m[*] [0mFuzzing test case #246 (1332 total, 0 uniq crashes found)...[0m
scheduled max input!!!!
schedule: 7 level14_3/ijon_max/7
[1;94m[*] [0mFuzzing test case #247 (1332 total, 0 uniq crashes found)...[0m
scheduled max input!!!!
schedule: 11 level14_3/ijon_max/11
[1;94m[*] [0mFuzzing test case #248 (1332 total, 0 uniq crashes found)...[0m
scheduled max input!!!!
schedule: 1 level14_3/ijon_max/1
[1;94m[*] [0mFuzzing test case #249 (1332 total, 0 uniq crashes found)...[0m
scheduled max input!!!!
schedule: 4 level14_3/ijon_max/4
[1;94m[*] [0mFuzzing test case #250 (1332 total, 0 uniq crashes found)...[0m
scheduled max input!!!!
schedule: 12 level14_3/ijon_max/12
[1;94m[*] [0mFuzzing test case #251 (1332 total, 0 uniq crashes found)...[0m
scheduled max input!!!!
schedule: 12 level14_3/ijon_max/12
[1;94m[*] [0mFuzzing test case #252 (1332 total, 0 uniq crashes found)...[0m
scheduled max input!!!!
schedule: 15 level14_3/ijon_max/15
[1;94m[*] [0mFuzzing test case #253 (1332 total, 0 uniq crashes found)...[0m
scheduled max input!!!!
schedule: 12 level14_3/ijon_max/12
[1;94m[*] [0mFuzzing test case #254 (1333 total, 0 uniq crashes found)...[0m
[1;94m[*] [0mFuzzing test case #255 (1333 total, 0 uniq crashes found)...[0m
[1;94m[*] [0mFuzzing test case #256 (1333 total, 0 uniq crashes found)...[0m
scheduled max input!!!!
schedule: 6 level14_3/ijon_max/6
[1;94m[*] [0mFuzzing test case #257 (1333 total, 0 uniq crashes found)...[0m
scheduled max input!!!!
schedule: 7 level14_3/ijon_max/7
[1;94m[*] [0mFuzzing test case #258 (1333 total, 0 uniq crashes found)...[0m
scheduled max input!!!!
schedule: 11 level14_3/ijon_max/11
updated maxmap 11: 529 (len: 648)
updated maxmap 9: 537 (len: 653)
updated maxmap 11: 52a (len: 648)
[1;94m[*] [0mFuzzing test case #259 (1335 total, 0 uniq crashes found)...[0m
scheduled max input!!!!
schedule: 4 level14_3/ijon_max/4
[1;94m[*] [0mFuzzing test case #260 (1335 total, 0 uniq crashes found)...[0m
scheduled max input!!!!
schedule: 4 level14_3/ijon_max/4
[1;94m[*] [0mFuzzing test case #261 (1335 total, 0 uniq crashes found)...[0m
scheduled max input!!!!
schedule: 6 level14_3/ijon_max/6
[1;94m[*] [0mFuzzing test case #262 (1335 total, 0 uniq crashes found)...[0m
scheduled max input!!!!
schedule: 2 level14_3/ijon_max/2
[1;94m[*] [0mFuzzing test case #263 (1335 total, 0 uniq crashes found)...[0m
scheduled max input!!!!
schedule: 2 level14_3/ijon_max/2
[1;94m[*] [0mFuzzing test case #264 (1335 total, 0 uniq crashes found)...[0m
scheduled max input!!!!
schedule: 10 level14_3/ijon_max/10
updated maxmap 10: 530 (len: 651)
[1;94m[*] [0mFuzzing test case #265 (1335 total, 0 uniq crashes found)...[0m
scheduled max input!!!!
schedule: 12 level14_3/ijon_max/12
[1;94m[*] [0mFuzzing test case #266 (1335 total, 0 uniq crashes found)...[0m
scheduled max input!!!!
schedule: 10 level14_3/ijon_max/10
[1;94m[*] [0mFuzzing test case #267 (1336 total, 0 uniq crashes found)...[0m
scheduled max input!!!!
schedule: 13 level14_3/ijon_max/13
[1;94m[*] [0mFuzzing test case #268 (1336 total, 0 uniq crashes found)...[0m
scheduled max input!!!!
schedule: 2 level14_3/ijon_max/2
[1;94m[*] [0mFuzzing test case #269 (1336 total, 0 uniq crashes found)...[0m
scheduled max input!!!!
schedule: 7 level14_3/ijon_max/7
[1;94m[*] [0mFuzzing test case #270 (1336 total, 0 uniq crashes found)...[0m
scheduled max input!!!!
schedule: 4 level14_3/ijon_max/4
[1;94m[*] [0mFuzzing test case #271 (1336 total, 0 uniq crashes found)...[0m
scheduled max input!!!!
schedule: 3 level14_3/ijon_max/3
[1;94m[*] [0mFuzzing test case #272 (1336 total, 0 uniq crashes found)...[0m
scheduled max input!!!!
schedule: 4 level14_3/ijon_max/4
[1;94m[*] [0mFuzzing test case #273 (1336 total, 0 uniq crashes found)...[0m
scheduled max input!!!!
schedule: 5 level14_3/ijon_max/5
[1;94m[*] [0mFuzzing test case #274 (1336 total, 0 uniq crashes found)...[0m
scheduled max input!!!!
schedule: 0 level14_3/ijon_max/0
[1;94m[*] [0mFuzzing test case #275 (1336 total, 0 uniq crashes found)...[0m
scheduled max input!!!!
schedule: 5 level14_3/ijon_max/5
[1;94m[*] [0mFuzzing test case #276 (1336 total, 0 uniq crashes found)...[0m
scheduled max input!!!!
schedule: 8 level14_3/ijon_max/8
[1;94m[*] [0mFuzzing test case #277 (1336 total, 0 uniq crashes found)...[0m
scheduled max input!!!!
schedule: 2 level14_3/ijon_max/2
[1;94m[*] [0mFuzzing test case #278 (1336 total, 0 uniq crashes found)...[0m
scheduled max input!!!!
schedule: 4 level14_3/ijon_max/4
[1;94m[*] [0mFuzzing test case #279 (1336 total, 0 uniq crashes found)...[0m
scheduled max input!!!!
schedule: 0 level14_3/ijon_max/0
[1;94m[*] [0mFuzzing test case #280 (1336 total, 0 uniq crashes found)...[0m
scheduled max input!!!!
schedule: 14 level14_3/ijon_max/14
[1;94m[*] [0mFuzzing test case #281 (1336 total, 0 uniq crashes found)...[0m
scheduled max input!!!!
schedule: 2 level14_3/ijon_max/2
[1;94m[*] [0mFuzzing test case #282 (1336 total, 0 uniq crashes found)...[0m
scheduled max input!!!!
schedule: 2 level14_3/ijon_max/2
[1;94m[*] [0mFuzzing test case #283 (1336 total, 0 uniq crashes found)...[0m
scheduled max input!!!!
schedule: 14 level14_3/ijon_max/14
[1;94m[*] [0mFuzzing test case #284 (1336 total, 0 uniq crashes found)...[0m
scheduled max input!!!!
schedule: 13 level14_3/ijon_max/13
[1;94m[*] [0mFuzzing test case #285 (1336 total, 0 uniq crashes found)...[0m
scheduled max input!!!!
schedule: 7 level14_3/ijon_max/7
[1;94m[*] [0mFuzzing test case #286 (1336 total, 0 uniq crashes found)...[0m
scheduled max input!!!!
schedule: 1 level14_3/ijon_max/1
[1;94m[*] [0mFuzzing test case #287 (1336 total, 0 uniq crashes found)...[0m
[1;94m[*] [0mFuzzing test case #288 (1336 total, 0 uniq crashes found)...[0m
scheduled max input!!!!
schedule: 7 level14_3/ijon_max/7
[1;94m[*] [0mFuzzing test case #289 (1336 total, 0 uniq crashes found)...[0m
scheduled max input!!!!
schedule: 12 level14_3/ijon_max/12
[1;94m[*] [0mFuzzing test case #290 (1336 total, 0 uniq crashes found)...[0m
scheduled max input!!!!
schedule: 10 level14_3/ijon_max/10
[1;94m[*] [0mFuzzing test case #291 (1336 total, 0 uniq crashes found)...[0m
scheduled max input!!!!
schedule: 12 level14_3/ijon_max/12
minimized maxmap 14: 521 (len: 645)
[1;94m[*] [0mFuzzing test case #292 (1336 total, 0 uniq crashes found)...[0m
scheduled max input!!!!
schedule: 3 level14_3/ijon_max/3
[1;94m[*] [0mFuzzing test case #293 (1336 total, 0 uniq crashes found)...[0m
scheduled max input!!!!
schedule: 3 level14_3/ijon_max/3
[1;94m[*] [0mFuzzing test case #294 (1336 total, 0 uniq crashes found)...[0m
scheduled max input!!!!
schedule: 12 level14_3/ijon_max/12
[1;94m[*] [0mFuzzing test case #295 (1336 total, 0 uniq crashes found)...[0m
scheduled max input!!!!
schedule: 0 level14_3/ijon_max/0
[1;94m[*] [0mFuzzing test case #296 (1336 total, 0 uniq crashes found)...[0m
scheduled max input!!!!
schedule: 7 level14_3/ijon_max/7
[1;94m[*] [0mFuzzing test case #297 (1336 total, 0 uniq crashes found)...[0m
scheduled max input!!!!
schedule: 8 level14_3/ijon_max/8
updated maxmap 8: 518 (len: 641)
[1;94m[*] [0mFuzzing test case #298 (1336 total, 0 uniq crashes found)...[0m
scheduled max input!!!!
schedule: 0 level14_3/ijon_max/0
[1;94m[*] [0mFuzzing test case #299 (1336 total, 0 uniq crashes found)...[0m
scheduled max input!!!!
schedule: 4 level14_3/ijon_max/4
[1;94m[*] [0mFuzzing test case #300 (1336 total, 0 uniq crashes found)...[0m
scheduled max input!!!!
schedule: 12 level14_3/ijon_max/12
[1;94m[*] [0mFuzzing test case #301 (1336 total, 0 uniq crashes found)...[0m
scheduled max input!!!!
schedule: 10 level14_3/ijon_max/10
[1;94m[*] [0mFuzzing test case #302 (1336 total, 0 uniq crashes found)...[0m
scheduled max input!!!!
schedule: 11 level14_3/ijon_max/11
updated maxmap 9: 53b (len: 654)
updated maxmap 10: 534 (len: 654)
updated maxmap 11: 52c (len: 654)
minimized maxmap 11: 52c (len: 648)
[1;94m[*] [0mFuzzing test case #303 (1336 total, 0 uniq crashes found)...[0m
scheduled max input!!!!
schedule: 8 level14_3/ijon_max/8
updated maxmap 8: 519 (len: 641)
updated maxmap 8: 51a (len: 641)
[1;94m[*] [0mFuzzing test case #304 (1337 total, 0 uniq crashes found)...[0m
scheduled max input!!!!
schedule: 9 level14_3/ijon_max/9
[1;94m[*] [0mFuzzing test case #305 (1337 total, 0 uniq crashes found)...[0m
scheduled max input!!!!
schedule: 8 level14_3/ijon_max/8
[1;94m[*] [0mFuzzing test case #306 (1337 total, 0 uniq crashes found)...[0m
scheduled max input!!!!
schedule: 2 level14_3/ijon_max/2
[1;94m[*] [0mFuzzing test case #307 (1337 total, 0 uniq crashes found)...[0m
scheduled max input!!!!
schedule: 8 level14_3/ijon_max/8
[1;94m[*] [0mFuzzing test case #308 (1337 total, 0 uniq crashes found)...[0m
scheduled max input!!!!
schedule: 14 level14_3/ijon_max/14
updated maxmap 12: 511 (len: 649)
[1;94m[*] [0mFuzzing test case #309 (1337 total, 0 uniq crashes found)...[0m
scheduled max input!!!!
schedule: 7 level14_3/ijon_max/7
[1;94m[*] [0mFuzzing test case #310 (1337 total, 0 uniq crashes found)...[0m
scheduled max input!!!!
schedule: 14 level14_3/ijon_max/14
[1;94m[*] [0mFuzzing test case #311 (1337 total, 0 uniq crashes found)...[0m
scheduled max input!!!!
schedule: 4 level14_3/ijon_max/4
[1;94m[*] [0mFuzzing test case #312 (1337 total, 0 uniq crashes found)...[0m
[1;94m[*] [0mFuzzing test case #313 (1337 total, 0 uniq crashes found)...[0m
scheduled max input!!!!
schedule: 11 level14_3/ijon_max/11
[1;94m[*] [0mFuzzing test case #314 (1337 total, 0 uniq crashes found)...[0m
scheduled max input!!!!
schedule: 0 level14_3/ijon_max/0
[1;94m[*] [0mFuzzing test case #315 (1338 total, 0 uniq crashes found)...[0m
scheduled max input!!!!
schedule: 0 level14_3/ijon_max/0
[1;94m[*] [0mFuzzing test case #316 (1338 total, 0 uniq crashes found)...[0m
[1;94m[*] [0mFuzzing test case #317 (1338 total, 0 uniq crashes found)...[0m
scheduled max input!!!!
schedule: 2 level14_3/ijon_max/2
[1;94m[*] [0mFuzzing test case #318 (1338 total, 0 uniq crashes found)...[0m
scheduled max input!!!!
schedule: 15 level14_3/ijon_max/15
[1;94m[*] [0mFuzzing test case #319 (1338 total, 0 uniq crashes found)...[0m
scheduled max input!!!!
schedule: 8 level14_3/ijon_max/8
updated maxmap 7: 511 (len: 641)
updated maxmap 8: 51b (len: 641)
[1;94m[*] [0mFuzzing test case #320 (1338 total, 0 uniq crashes found)...[0m
scheduled max input!!!!
schedule: 9 level14_3/ijon_max/9
[1;94m[*] [0mFuzzing test case #321 (1338 total, 0 uniq crashes found)...[0m
scheduled max input!!!!
schedule: 5 level14_3/ijon_max/5
[1;94m[*] [0mFuzzing test case #322 (1338 total, 0 uniq crashes found)...[0m
scheduled max input!!!!
schedule: 2 level14_3/ijon_max/2
[1;94m[*] [0mFuzzing test case #323 (1338 total, 0 uniq crashes found)...[0m
[1;94m[*] [0mFuzzing test case #324 (1338 total, 0 uniq crashes found)...[0m
scheduled max input!!!!
schedule: 15 level14_3/ijon_max/15
[1;94m[*] [0mFuzzing test case #325 (1338 total, 0 uniq crashes found)...[0m
[1;94m[*] [0mFuzzing test case #326 (1338 total, 0 uniq crashes found)...[0m
scheduled max input!!!!
schedule: 11 level14_3/ijon_max/11
[1;94m[*] [0mFuzzing test case #327 (1338 total, 0 uniq crashes found)...[0m
scheduled max input!!!!
schedule: 14 level14_3/ijon_max/14
[1;94m[*] [0mFuzzing test case #328 (1338 total, 0 uniq crashes found)...[0m
scheduled max input!!!!
schedule: 3 level14_3/ijon_max/3
[1;94m[*] [0mFuzzing test case #329 (1338 total, 0 uniq crashes found)...[0m
[1;94m[*] [0mFuzzing test case #330 (1338 total, 0 uniq crashes found)...[0m
scheduled max input!!!!
schedule: 10 level14_3/ijon_max/10
updated maxmap 9: 53f (len: 656)
updated maxmap 10: 538 (len: 656)
updated maxmap 11: 531 (len: 656)
minimized maxmap 10: 538 (len: 654)
minimized maxmap 11: 531 (len: 654)
updated maxmap 10: 53a (len: 658)
updated maxmap 11: 534 (len: 658)
minimized maxmap 11: 534 (len: 654)
updated maxmap 11: 535 (len: 654)
updated maxmap 11: 53b (len: 657)
updated maxmap 9: 542 (len: 657)
updated maxmap 11: 53d (len: 662)
updated maxmap 9: 543 (len: 658)
minimized maxmap 10: 53a (len: 654)
[1;94m[*] [0mFuzzing test case #331 (1345 total, 0 uniq crashes found)...[0m
scheduled max input!!!!
schedule: 14 level14_3/ijon_max/14
[1;94m[*] [0mFuzzing test case #332 (1345 total, 0 uniq crashes found)...[0m
[1;94m[*] [0mFuzzing test case #333 (1345 total, 0 uniq crashes found)...[0m
scheduled max input!!!!
schedule: 2 level14_3/ijon_max/2
[1;94m[*] [0mFuzzing test case #334 (1345 total, 0 uniq crashes found)...[0m
scheduled max input!!!!
schedule: 15 level14_3/ijon_max/15
[1;94m[*] [0mFuzzing test case #335 (1345 total, 0 uniq crashes found)...[0m
scheduled max input!!!!
schedule: 6 level14_3/ijon_max/6
[1;94m[*] [0mFuzzing test case #336 (1345 total, 0 uniq crashes found)...[0m
scheduled max input!!!!
schedule: 14 level14_3/ijon_max/14
[1;94m[*] [0mFuzzing test case #337 (1345 total, 0 uniq crashes found)...[0m
scheduled max input!!!!
schedule: 0 level14_3/ijon_max/0
[1;94m[*] [0mFuzzing test case #338 (1345 total, 0 uniq crashes found)...[0m
scheduled max input!!!!
schedule: 10 level14_3/ijon_max/10
updated maxmap 10: 53b (len: 654)
[1;94m[*] [0mFuzzing test case #339 (1345 total, 0 uniq crashes found)...[0m
scheduled max input!!!!
schedule: 14 level14_3/ijon_max/14
[1;94m[*] [0mFuzzing test case #340 (1345 total, 0 uniq crashes found)...[0m
scheduled max input!!!!
schedule: 15 level14_3/ijon_max/15
[1;94m[*] [0mFuzzing test case #341 (1345 total, 0 uniq crashes found)...[0m
[1;94m[*] [0mFuzzing test case #342 (1345 total, 0 uniq crashes found)...[0m
[1;94m[*] [0mFuzzing test case #343 (1345 total, 0 uniq crashes found)...[0m
scheduled max input!!!!
schedule: 2 level14_3/ijon_max/2
[1;94m[*] [0mFuzzing test case #344 (1345 total, 0 uniq crashes found)...[0m
scheduled max input!!!!
schedule: 9 level14_3/ijon_max/9
updated maxmap 9: 544 (len: 658)
[1;94m[*] [0mFuzzing test case #345 (1345 total, 0 uniq crashes found)...[0m
[1;94m[*] [0mFuzzing test case #346 (1345 total, 0 uniq crashes found)...[0m
[1;94m[*] [0mFuzzing test case #347 (1345 total, 0 uniq crashes found)...[0m
[1;94m[*] [0mFuzzing test case #348 (1345 total, 0 uniq crashes found)...[0m
[1;94m[*] [0mFuzzing test case #349 (1345 total, 0 uniq crashes found)...[0m
scheduled max input!!!!
schedule: 4 level14_3/ijon_max/4
[1;94m[*] [0mFuzzing test case #350 (1345 total, 0 uniq crashes found)...[0m
scheduled max input!!!!
schedule: 2 level14_3/ijon_max/2
[1;94m[*] [0mFuzzing test case #351 (1346 total, 0 uniq crashes found)...[0m
scheduled max input!!!!
schedule: 8 level14_3/ijon_max/8
[1;94m[*] [0mFuzzing test case #352 (1346 total, 0 uniq crashes found)...[0m
[1;94m[*] [0mFuzzing test case #353 (1346 total, 0 uniq crashes found)...[0m
scheduled max input!!!!
schedule: 6 level14_3/ijon_max/6
[1;94m[*] [0mFuzzing test case #354 (1346 total, 0 uniq crashes found)...[0m
[1;94m[*] [0mFuzzing test case #355 (1346 total, 0 uniq crashes found)...[0m
scheduled max input!!!!
schedule: 15 level14_3/ijon_max/15
[1;94m[*] [0mFuzzing test case #356 (1346 total, 0 uniq crashes found)...[0m
scheduled max input!!!!
schedule: 2 level14_3/ijon_max/2
[1;94m[*] [0mFuzzing test case #357 (1346 total, 0 uniq crashes found)...[0m
scheduled max input!!!!
schedule: 10 level14_3/ijon_max/10
[1;94m[*] [0mFuzzing test case #358 (1346 total, 0 uniq crashes found)...[0m
scheduled max input!!!!
schedule: 12 level14_3/ijon_max/12
[1;94m[*] [0mFuzzing test case #359 (1346 total, 0 uniq crashes found)...[0m
[1;94m[*] [0mFuzzing test case #360 (1346 total, 0 uniq crashes found)...[0m
[1;94m[*] [0mFuzzing test case #361 (1346 total, 0 uniq crashes found)...[0m
scheduled max input!!!!
schedule: 5 level14_3/ijon_max/5
[1;94m[*] [0mFuzzing test case #362 (1346 total, 0 uniq crashes found)...[0m
scheduled max input!!!!
schedule: 12 level14_3/ijon_max/12
[1;94m[*] [0mFuzzing test case #363 (1346 total, 0 uniq crashes found)...[0m
scheduled max input!!!!
schedule: 6 level14_3/ijon_max/6
[1;94m[*] [0mFuzzing test case #364 (1346 total, 0 uniq crashes found)...[0m
[1;94m[*] [0mFuzzing test case #365 (1346 total, 0 uniq crashes found)...[0m
scheduled max input!!!!
schedule: 2 level14_3/ijon_max/2
[1;94m[*] [0mFuzzing test case #366 (1347 total, 0 uniq crashes found)...[0m
scheduled max input!!!!
schedule: 13 level14_3/ijon_max/13
[1;94m[*] [0mFuzzing test case #367 (1347 total, 0 uniq crashes found)...[0m
scheduled max input!!!!
schedule: 0 level14_3/ijon_max/0
[1;94m[*] [0mFuzzing test case #368 (1347 total, 0 uniq crashes found)...[0m
[1;94m[*] [0mFuzzing test case #369 (1347 total, 0 uniq crashes found)...[0m
[1;94m[*] [0mFuzzing test case #370 (1347 total, 0 uniq crashes found)...[0m
scheduled max input!!!!
schedule: 4 level14_3/ijon_max/4
[1;94m[*] [0mFuzzing test case #371 (1347 total, 0 uniq crashes found)...[0m
scheduled max input!!!!
schedule: 1 level14_3/ijon_max/1
[1;94m[*] [0mFuzzing test case #372 (1347 total, 0 uniq crashes found)...[0m
[1;94m[*] [0mFuzzing test case #373 (1347 total, 0 uniq crashes found)...[0m
scheduled max input!!!!
schedule: 5 level14_3/ijon_max/5
[1;94m[*] [0mFuzzing test case #374 (1347 total, 0 uniq crashes found)...[0m
[1;94m[*] [0mFuzzing test case #375 (1347 total, 0 uniq crashes found)...[0m
scheduled max input!!!!
schedule: 5 level14_3/ijon_max/5
[1;94m[*] [0mFuzzing test case #376 (1347 total, 0 uniq crashes found)...[0m
scheduled max input!!!!
schedule: 0 level14_3/ijon_max/0
updated maxmap 10: 548 (len: 655)
updated maxmap 11: 54d (len: 655)
[1;94m[*] [0mFuzzing test case #377 (1348 total, 0 uniq crashes found)...[0m
scheduled max input!!!!
schedule: 2 level14_3/ijon_max/2
[1;94m[*] [0mFuzzing test case #378 (1348 total, 0 uniq crashes found)...[0m
scheduled max input!!!!
schedule: 5 level14_3/ijon_max/5
[1;94m[*] [0mFuzzing test case #379 (1348 total, 0 uniq crashes found)...[0m
scheduled max input!!!!
schedule: 13 level14_3/ijon_max/13
minimized maxmap 14: 521 (len: 640)
[1;94m[*] [0mFuzzing test case #380 (1348 total, 0 uniq crashes found)...[0m
scheduled max input!!!!
schedule: 6 level14_3/ijon_max/6
[1;94m[*] [0mFuzzing test case #381 (1348 total, 0 uniq crashes found)...[0m
scheduled max input!!!!
schedule: 13 level14_3/ijon_max/13
[1;94m[*] [0mFuzzing test case #382 (1348 total, 0 uniq crashes found)...[0m
[1;94m[*] [0mFuzzing test case #383 (1348 total, 0 uniq crashes found)...[0m
[1;94m[*] [0mFuzzing test case #384 (1348 total, 0 uniq crashes found)...[0m
scheduled max input!!!!
schedule: 2 level14_3/ijon_max/2
[1;94m[*] [0mFuzzing test case #385 (1348 total, 0 uniq crashes found)...[0m
scheduled max input!!!!
schedule: 5 level14_3/ijon_max/5
[1;94m[*] [0mFuzzing test case #386 (1348 total, 0 uniq crashes found)...[0m
scheduled max input!!!!
schedule: 3 level14_3/ijon_max/3
[1;94m[*] [0mFuzzing test case #387 (1348 total, 0 uniq crashes found)...[0m
[1;94m[*] [0mFuzzing test case #388 (1348 total, 0 uniq crashes found)...[0m
scheduled max input!!!!
schedule: 5 level14_3/ijon_max/5
[1;94m[*] [0mFuzzing test case #389 (1348 total, 0 uniq crashes found)...[0m
[1;94m[*] [0mFuzzing test case #390 (1348 total, 0 uniq crashes found)...[0m
scheduled max input!!!!
schedule: 15 level14_3/ijon_max/15
updated maxmap 9: 545 (len: 655)
[1;94m[*] [0mFuzzing test case #391 (1348 total, 0 uniq crashes found)...[0m
scheduled max input!!!!
schedule: 3 level14_3/ijon_max/3
[1;94m[*] [0mFuzzing test case #392 (1348 total, 0 uniq crashes found)...[0m
scheduled max input!!!!
schedule: 11 level14_3/ijon_max/11
updated maxmap 10: 549 (len: 655)
updated maxmap 11: 54e (len: 655)
[1;94m[*] [0mFuzzing test case #393 (1348 total, 0 uniq crashes found)...[0m
scheduled max input!!!!
schedule: 13 level14_3/ijon_max/13
[1;94m[*] [0mFuzzing test case #394 (1348 total, 0 uniq crashes found)...[0m
scheduled max input!!!!
schedule: 0 level14_3/ijon_max/0
[1;94m[*] [0mFuzzing test case #395 (1348 total, 0 uniq crashes found)...[0m
scheduled max input!!!!
schedule: 14 level14_3/ijon_max/14
[1;94m[*] [0mFuzzing test case #396 (1348 total, 0 uniq crashes found)...[0m
scheduled max input!!!!
schedule: 7 level14_3/ijon_max/7
[1;94m[*] [0mFuzzing test case #397 (1348 total, 0 uniq crashes found)...[0m
[1;94m[*] [0mFuzzing test case #398 (1348 total, 0 uniq crashes found)...[0m
scheduled max input!!!!
schedule: 4 level14_3/ijon_max/4
[1;94m[*] [0mFuzzing test case #399 (1348 total, 0 uniq crashes found)...[0m
scheduled max input!!!!
schedule: 5 level14_3/ijon_max/5
[1;94m[*] [0mFuzzing test case #400 (1348 total, 0 uniq crashes found)...[0m
scheduled max input!!!!
schedule: 11 level14_3/ijon_max/11
updated maxmap 10: 54a (len: 655)
updated maxmap 11: 54f (len: 655)
[1;94m[*] [0mFuzzing test case #401 (1348 total, 0 uniq crashes found)...[0m
scheduled max input!!!!
schedule: 11 level14_3/ijon_max/11
[1;94m[*] [0mFuzzing test case #402 (1348 total, 0 uniq crashes found)...[0m
scheduled max input!!!!
schedule: 12 level14_3/ijon_max/12
updated maxmap 8: 52b (len: 654)
[1;94m[*] [0mFuzzing test case #403 (1348 total, 0 uniq crashes found)...[0m
scheduled max input!!!!
schedule: 10 level14_3/ijon_max/10
updated maxmap 9: 547 (len: 655)
[1;94m[*] [0mFuzzing test case #404 (1348 total, 0 uniq crashes found)...[0m
scheduled max input!!!!
schedule: 11 level14_3/ijon_max/11
[1;94m[*] [0mFuzzing test case #405 (1348 total, 0 uniq crashes found)...[0m
scheduled max input!!!!
schedule: 12 level14_3/ijon_max/12
[1;94m[*] [0mFuzzing test case #406 (1348 total, 0 uniq crashes found)...[0m
scheduled max input!!!!
schedule: 11 level14_3/ijon_max/11
updated maxmap 8: 536 (len: 655)
updated maxmap 10: 54c (len: 655)
[1;94m[*] [0mFuzzing test case #407 (1348 total, 0 uniq crashes found)...[0m
scheduled max input!!!!
schedule: 2 level14_3/ijon_max/2
[1;94m[*] [0mFuzzing test case #408 (1348 total, 0 uniq crashes found)...[0m
scheduled max input!!!!
schedule: 11 level14_3/ijon_max/11
[1;94m[*] [0mFuzzing test case #409 (1348 total, 0 uniq crashes found)...[0m
[1;94m[*] [0mFuzzing test case #410 (1348 total, 0 uniq crashes found)...[0m
scheduled max input!!!!
schedule: 0 level14_3/ijon_max/0
[1;94m[*] [0mFuzzing test case #411 (1348 total, 0 uniq crashes found)...[0m
scheduled max input!!!!
schedule: 6 level14_3/ijon_max/6
[1;94m[*] [0mFuzzing test case #412 (1348 total, 0 uniq crashes found)...[0m
[1;94m[*] [0mFuzzing test case #413 (1348 total, 0 uniq crashes found)...[0m
scheduled max input!!!!
schedule: 9 level14_3/ijon_max/9
updated maxmap 9: 548 (len: 655)
updated maxmap 9: 54a (len: 663)
updated maxmap 10: 553 (len: 663)
updated maxmap 11: 55a (len: 663)
updated maxmap 8: 546 (len: 662)
updated maxmap 9: 550 (len: 662)
updated maxmap 10: 55a (len: 662)
updated maxmap 11: 55c (len: 662)
minimized maxmap 8: 546 (len: 655)
updated maxmap 8: 547 (len: 655)
[1;94m[*] [0mFuzzing test case #414 (1349 total, 0 uniq crashes found)...[0m
scheduled max input!!!!
schedule: 9 level14_3/ijon_max/9
updated maxmap 11: 55d (len: 662)
[1;94m[*] [0mFuzzing test case #415 (1349 total, 0 uniq crashes found)...[0m
[1;94m[*] [0mFuzzing test case #416 (1349 total, 0 uniq crashes found)...[0m
scheduled max input!!!!
schedule: 15 level14_3/ijon_max/15
[1;94m[*] [0mFuzzing test case #417 (1349 total, 0 uniq crashes found)...[0m
scheduled max input!!!!
schedule: 15 level14_3/ijon_max/15
[1;94m[*] [0mFuzzing test case #418 (1349 total, 0 uniq crashes found)...[0m
[1;94m[*] [0mFuzzing test case #419 (1349 total, 0 uniq crashes found)...[0m
scheduled max input!!!!
schedule: 6 level14_3/ijon_max/6
[1;94m[*] [0mFuzzing test case #420 (1349 total, 0 uniq crashes found)...[0m
scheduled max input!!!!
schedule: 10 level14_3/ijon_max/10
[1;94m[*] [0mFuzzing test case #421 (1349 total, 0 uniq crashes found)...[0m
[1;94m[*] [0mFuzzing test case #422 (1349 total, 0 uniq crashes found)...[0m
scheduled max input!!!!
schedule: 15 level14_3/ijon_max/15
[1;94m[*] [0mFuzzing test case #423 (1349 total, 0 uniq crashes found)...[0m
scheduled max input!!!!
schedule: 8 level14_3/ijon_max/8
[1;94m[*] [0mFuzzing test case #424 (1349 total, 0 uniq crashes found)...[0m
[1;94m[*] [0mFuzzing test case #425 (1349 total, 0 uniq crashes found)...[0m
[1;94m[*] [0mFuzzing test case #426 (1349 total, 0 uniq crashes found)...[0m
scheduled max input!!!!
schedule: 1 level14_3/ijon_max/1
[1;94m[*] [0mFuzzing test case #427 (1349 total, 0 uniq crashes found)...[0m
[1;94m[*] [0mFuzzing test case #428 (1349 total, 0 uniq crashes found)...[0m
scheduled max input!!!!
schedule: 14 level14_3/ijon_max/14
[1;94m[*] [0mFuzzing test case #429 (1349 total, 0 uniq crashes found)...[0m
scheduled max input!!!!
schedule: 9 level14_3/ijon_max/9
updated maxmap 9: 551 (len: 662)
updated maxmap 10: 55b (len: 662)
updated maxmap 8: 548 (len: 662)
updated maxmap 9: 552 (len: 662)
updated maxmap 10: 55c (len: 662)
updated maxmap 11: 55e (len: 662)
[1;94m[*] [0mFuzzing test case #430 (1349 total, 0 uniq crashes found)...[0m
scheduled max input!!!!
schedule: 9 level14_3/ijon_max/9
updated maxmap 11: 55f (len: 662)
[1;94m[*] [0mFuzzing test case #431 (1349 total, 0 uniq crashes found)...[0m
scheduled max input!!!!
schedule: 1 level14_3/ijon_max/1
[1;94m[*] [0mFuzzing test case #432 (1349 total, 0 uniq crashes found)...[0m
scheduled max input!!!!
schedule: 13 level14_3/ijon_max/13
[1;94m[*] [0mFuzzing test case #433 (1349 total, 0 uniq crashes found)...[0m
scheduled max input!!!!
schedule: 13 level14_3/ijon_max/13
minimized maxmap 12: 511 (len: 644)
[1;94m[*] [0mFuzzing test case #434 (1349 total, 0 uniq crashes found)...[0m
scheduled max input!!!!
schedule: 11 level14_3/ijon_max/11
updated maxmap 8: 549 (len: 662)
updated maxmap 9: 553 (len: 662)
updated maxmap 10: 55d (len: 662)
[1;94m[*] [0mFuzzing test case #435 (1349 total, 0 uniq crashes found)...[0m
scheduled max input!!!!
schedule: 0 level14_3/ijon_max/0
[1;94m[*] [0mFuzzing test case #436 (1349 total, 0 uniq crashes found)...[0m
[1;94m[*] [0mFuzzing test case #437 (1349 total, 0 uniq crashes found)...[0m
scheduled max input!!!!
schedule: 4 level14_3/ijon_max/4
[1;94m[*] [0mFuzzing test case #438 (1349 total, 0 uniq crashes found)...[0m
scheduled max input!!!!
schedule: 6 level14_3/ijon_max/6
[1;94m[*] [0mFuzzing test case #439 (1349 total, 0 uniq crashes found)...[0m
[1;94m[*] [0mFuzzing test case #440 (1349 total, 0 uniq crashes found)...[0m
scheduled max input!!!!
schedule: 1 level14_3/ijon_max/1
[1;94m[*] [0mFuzzing test case #441 (1349 total, 0 uniq crashes found)...[0m
scheduled normal input!!!!
[1;94m[*] [0mFuzzing test case #442 (1349 total, 0 uniq crashes found)...[0m
scheduled max input!!!!
schedule: 15 level14_3/ijon_max/15
[1;94m[*] [0mFuzzing test case #443 (1349 total, 0 uniq crashes found)...[0m
scheduled max input!!!!
schedule: 8 level14_3/ijon_max/8
updated maxmap 8: 54a (len: 662)
updated maxmap 9: 554 (len: 662)
updated maxmap 10: 55e (len: 662)
updated maxmap 11: 560 (len: 662)
[1;94m[*] [0mFuzzing test case #444 (1349 total, 0 uniq crashes found)...[0m
scheduled max input!!!!
schedule: 1 level14_3/ijon_max/1
[1;94m[*] [0mFuzzing test case #445 (1349 total, 0 uniq crashes found)...[0m
scheduled max input!!!!
schedule: 10 level14_3/ijon_max/10
updated maxmap 8: 54c (len: 664)
updated maxmap 9: 556 (len: 664)
updated maxmap 10: 560 (len: 664)
updated maxmap 11: 563 (len: 664)
updated maxmap 8: 555 (len: 665)
updated maxmap 9: 55f (len: 665)
updated maxmap 10: 567 (len: 665)
minimized maxmap 8: 555 (len: 662)
minimized maxmap 9: 55f (len: 662)
[1;94m[*] [0mFuzzing test case #446 (1349 total, 0 uniq crashes found)...[0m
scheduled max input!!!!
schedule: 3 level14_3/ijon_max/3
[1;94m[*] [0mFuzzing test case #447 (1349 total, 0 uniq crashes found)...[0m
scheduled max input!!!!
schedule: 4 level14_3/ijon_max/4
[1;94m[*] [0mFuzzing test case #448 (1349 total, 0 uniq crashes found)...[0m
scheduled max input!!!!
schedule: 13 level14_3/ijon_max/13
minimized maxmap 12: 511 (len: 643)
[1;94m[*] [0mFuzzing test case #449 (1350 total, 0 uniq crashes found)...[0m
scheduled max input!!!!
schedule: 15 level14_3/ijon_max/15
[1;94m[*] [0mFuzzing test case #450 (1350 total, 0 uniq crashes found)...[0m
scheduled max input!!!!
schedule: 0 level14_3/ijon_max/0
[1;94m[*] [0mFuzzing test case #451 (1350 total, 0 uniq crashes found)...[0m
scheduled max input!!!!
schedule: 0 level14_3/ijon_max/0
[1;94m[*] [0mFuzzing test case #452 (1350 total, 0 uniq crashes found)...[0m
[1;94m[*] [0mFuzzing test case #453 (1350 total, 0 uniq crashes found)...[0m
scheduled max input!!!!
schedule: 12 level14_3/ijon_max/12
[1;94m[*] [0mFuzzing test case #454 (1350 total, 0 uniq crashes found)...[0m
scheduled max input!!!!
schedule: 3 level14_3/ijon_max/3
[1;94m[*] [0mFuzzing test case #455 (1350 total, 0 uniq crashes found)...[0m
scheduled max input!!!!
schedule: 0 level14_3/ijon_max/0
[1;94m[*] [0mFuzzing test case #456 (1350 total, 0 uniq crashes found)...[0m
[1;94m[*] [0mFuzzing test case #457 (1350 total, 0 uniq crashes found)...[0m
scheduled max input!!!!
schedule: 13 level14_3/ijon_max/13
[1;94m[*] [0mFuzzing test case #458 (1350 total, 0 uniq crashes found)...[0m
[1;94m[*] [0mFuzzing test case #459 (1350 total, 0 uniq crashes found)...[0m
[1;94m[*] [0mFuzzing test case #460 (1350 total, 0 uniq crashes found)...[0m
scheduled max input!!!!
schedule: 11 level14_3/ijon_max/11
[1;94m[*] [0mFuzzing test case #461 (1350 total, 0 uniq crashes found)...[0m
scheduled max input!!!!
schedule: 11 level14_3/ijon_max/11
updated maxmap 9: 565 (len: 664)
[1;94m[*] [0mFuzzing test case #462 (1351 total, 0 uniq crashes found)...[0m
scheduled max input!!!!
schedule: 3 level14_3/ijon_max/3
[1;94m[*] [0mFuzzing test case #463 (1351 total, 0 uniq crashes found)...[0m
scheduled max input!!!!
schedule: 10 level14_3/ijon_max/10
updated maxmap 8: 55b (len: 665)
updated maxmap 8: 560 (len: 673)
updated maxmap 9: 569 (len: 673)
updated maxmap 10: 570 (len: 673)
minimized maxmap 8: 560 (len: 665)
updated maxmap 8: 562 (len: 667)
[1;94m[*] [0mFuzzing test case #464 (1353 total, 0 uniq crashes found)...[0m
scheduled max input!!!!
schedule: 12 level14_3/ijon_max/12
[1;94m[*] [0mFuzzing test case #465 (1353 total, 0 uniq crashes found)...[0m
scheduled max input!!!!
schedule: 5 level14_3/ijon_max/5
[1;94m[*] [0mFuzzing test case #466 (1353 total, 0 uniq crashes found)...[0m
scheduled max input!!!!
schedule: 0 level14_3/ijon_max/0
[1;94m[*] [0mFuzzing test case #467 (1353 total, 0 uniq crashes found)...[0m
[1;94m[*] [0mFuzzing test case #468 (1353 total, 0 uniq crashes found)...[0m
scheduled max input!!!!
schedule: 7 level14_3/ijon_max/7
[1;94m[*] [0mFuzzing test case #469 (1353 total, 0 uniq crashes found)...[0m
scheduled max input!!!!
schedule: 1 level14_3/ijon_max/1
[1;94m[*] [0mFuzzing test case #470 (1353 total, 0 uniq crashes found)...[0m
scheduled max input!!!!
schedule: 3 level14_3/ijon_max/3
[1;94m[*] [0mFuzzing test case #471 (1353 total, 0 uniq crashes found)...[0m
[1;94m[*] [0mFuzzing test case #472 (1353 total, 0 uniq crashes found)...[0m
scheduled max input!!!!
schedule: 10 level14_3/ijon_max/10
updated maxmap 9: 56a (len: 673)
updated maxmap 10: 571 (len: 673)
updated maxmap 9: 56b (len: 673)
updated maxmap 10: 572 (len: 673)
updated maxmap 9: 56c (len: 673)
updated maxmap 10: 573 (len: 673)
updated maxmap 8: 563 (len: 675)
updated maxmap 9: 576 (len: 673)
minimized maxmap 8: 563 (len: 673)
updated maxmap 10: 574 (len: 673)
updated maxmap 11: 56c (len: 673)
updated maxmap 8: 564 (len: 673)
updated maxmap 10: 575 (len: 673)
updated maxmap 7: 54b (len: 677)
updated maxmap 11: 570 (len: 677)
updated maxmap 8: 565 (len: 673)
updated maxmap 10: 576 (len: 673)
updated maxmap 10: 579 (len: 673)
updated maxmap 11: 574 (len: 673)
updated maxmap 10: 57a (len: 673)
updated maxmap 11: 575 (len: 673)
updated maxmap 11: 576 (len: 673)
updated maxmap 10: 57b (len: 673)
updated maxmap 9: 58a (len: 680)
updated maxmap 10: 57e (len: 680)
updated maxmap 11: 577 (len: 680)
minimized maxmap 11: 577 (len: 673)
updated maxmap 11: 578 (len: 673)
updated maxmap 11: 579 (len: 673)
updated maxmap 7: 55f (len: 673)
updated maxmap 8: 569 (len: 673)
updated maxmap 7: 561 (len: 673)
updated maxmap 8: 56b (len: 673)
updated maxmap 7: 564 (len: 673)
updated maxmap 8: 56e (len: 673)
updated maxmap 11: 57a (len: 674)
minimized maxmap 9: 58a (len: 679)
minimized maxmap 10: 57e (len: 679)
updated maxmap 11: 57b (len: 673)
[1;94m[*] [0mFuzzing test case #473 (1365 total, 0 uniq crashes found)...[0m
[1;94m[*] [0mFuzzing test case #474 (1365 total, 0 uniq crashes found)...[0m
scheduled max input!!!!
schedule: 14 level14_3/ijon_max/14
[1;94m[*] [0mFuzzing test case #475 (1365 total, 0 uniq crashes found)...[0m
scheduled max input!!!!
schedule: 0 level14_3/ijon_max/0
[1;94m[*] [0mFuzzing test case #476 (1366 total, 0 uniq crashes found)...[0m
scheduled max input!!!!
schedule: 10 level14_3/ijon_max/10
updated maxmap 10: 58b (len: 679)
[1;94m[*] [0mFuzzing test case #477 (1367 total, 0 uniq crashes found)...[0m
scheduled max input!!!!
schedule: 5 level14_3/ijon_max/5
[1;94m[*] [0mFuzzing test case #478 (1367 total, 0 uniq crashes found)...[0m
scheduled max input!!!!
schedule: 3 level14_3/ijon_max/3
[1;94m[*] [0mFuzzing test case #479 (1367 total, 0 uniq crashes found)...[0m
[1;94m[*] [0mFuzzing test case #480 (1367 total, 0 uniq crashes found)...[0m
scheduled max input!!!!
schedule: 7 level14_3/ijon_max/7
updated maxmap 7: 565 (len: 673)
updated maxmap 8: 56f (len: 673)
[1;94m[*] [0mFuzzing test case #481 (1367 total, 0 uniq crashes found)...[0m
scheduled max input!!!!
schedule: 4 level14_3/ijon_max/4
[1;94m[*] [0mFuzzing test case #482 (1367 total, 0 uniq crashes found)...[0m
[1;94m[*] [0mFuzzing test case #483 (1367 total, 0 uniq crashes found)...[0m
scheduled max input!!!!
schedule: 3 level14_3/ijon_max/3
[1;94m[*] [0mFuzzing test case #484 (1367 total, 0 uniq crashes found)...[0m
scheduled max input!!!!
schedule: 11 level14_3/ijon_max/11
[1;94m[*] [0mFuzzing test case #485 (1367 total, 0 uniq crashes found)...[0m
scheduled max input!!!!
schedule: 5 level14_3/ijon_max/5
[1;94m[*] [0mFuzzing test case #486 (1367 total, 0 uniq crashes found)...[0m
scheduled max input!!!!
schedule: 3 level14_3/ijon_max/3
[1;94m[*] [0mFuzzing test case #487 (1367 total, 0 uniq crashes found)...[0m
scheduled max input!!!!
schedule: 8 level14_3/ijon_max/8
updated maxmap 11: 585 (len: 678)
[1;94m[*] [0mFuzzing test case #488 (1367 total, 0 uniq crashes found)...[0m
[1;94m[*] [0mFuzzing test case #489 (1367 total, 0 uniq crashes found)...[0m
scheduled max input!!!!
schedule: 14 level14_3/ijon_max/14
[1;94m[*] [0mFuzzing test case #490 (1367 total, 0 uniq crashes found)...[0m
scheduled max input!!!!
schedule: 12 level14_3/ijon_max/12
[1;94m[*] [0mFuzzing test case #491 (1367 total, 0 uniq crashes found)...[0m
scheduled max input!!!!
schedule: 14 level14_3/ijon_max/14
[1;94m[*] [0mFuzzing test case #492 (1367 total, 0 uniq crashes found)...[0m
scheduled max input!!!!
schedule: 10 level14_3/ijon_max/10
[1;94m[*] [0mFuzzing test case #493 (1367 total, 0 uniq crashes found)...[0m
[1;94m[*] [0mFuzzing test case #494 (1367 total, 0 uniq crashes found)...[0m
scheduled max input!!!!
schedule: 3 level14_3/ijon_max/3
[1;94m[*] [0mFuzzing test case #495 (1367 total, 0 uniq crashes found)...[0m
scheduled max input!!!!
schedule: 4 level14_3/ijon_max/4
[1;94m[*] [0mFuzzing test case #496 (1367 total, 0 uniq crashes found)...[0m
[1;94m[*] [0mFuzzing test case #497 (1367 total, 0 uniq crashes found)...[0m
scheduled max input!!!!
schedule: 13 level14_3/ijon_max/13
[1;94m[*] [0mFuzzing test case #498 (1367 total, 0 uniq crashes found)...[0m
scheduled max input!!!!
schedule: 14 level14_3/ijon_max/14
[1;94m[*] [0mFuzzing test case #499 (1367 total, 0 uniq crashes found)...[0m
scheduled max input!!!!
schedule: 9 level14_3/ijon_max/9
[1;94m[*] [0mFuzzing test case #500 (1367 total, 0 uniq crashes found)...[0m
scheduled max input!!!!
schedule: 5 level14_3/ijon_max/5
[1;94m[*] [0mFuzzing test case #501 (1367 total, 0 uniq crashes found)...[0m
scheduled max input!!!!
schedule: 3 level14_3/ijon_max/3
[1;94m[*] [0mFuzzing test case #502 (1367 total, 0 uniq crashes found)...[0m
scheduled max input!!!!
schedule: 2 level14_3/ijon_max/2
[1;94m[*] [0mFuzzing test case #503 (1367 total, 0 uniq crashes found)...[0m
scheduled max input!!!!
schedule: 7 level14_3/ijon_max/7
updated maxmap 6: 56c (len: 673)
updated maxmap 7: 579 (len: 673)
updated maxmap 8: 57b (len: 673)
updated maxmap 6: 56d (len: 673)
updated maxmap 8: 57c (len: 673)
[1;94m[*] [0mFuzzing test case #504 (1367 total, 0 uniq crashes found)...[0m
scheduled max input!!!!
schedule: 0 level14_3/ijon_max/0
[1;94m[*] [0mFuzzing test case #505 (1367 total, 0 uniq crashes found)...[0m
scheduled max input!!!!
schedule: 10 level14_3/ijon_max/10
updated maxmap 10: 599 (len: 685)
updated maxmap 11: 597 (len: 685)
updated maxmap 8: 587 (len: 679)
[1;94m[*] [0mFuzzing test case #506 (1369 total, 0 uniq crashes found)...[0m
scheduled max input!!!!
schedule: 11 level14_3/ijon_max/11
updated maxmap 9: 5a1 (len: 692)
updated maxmap 10: 59d (len: 687)
updated maxmap 11: 59b (len: 687)
updated maxmap 10: 5a2 (len: 689)
minimized maxmap 11: 59b (len: 686)
updated maxmap 9: 5a3 (len: 692)
updated maxmap 8: 58c (len: 685)
updated maxmap 9: 5a6 (len: 693)
updated maxmap 11: 59c (len: 693)
updated maxmap 9: 5aa (len: 692)
updated maxmap 8: 596 (len: 685)
[1;94m[*] [0mFuzzing test case #507 (1376 total, 0 uniq crashes found)...[0m
scheduled max input!!!!
schedule: 10 level14_3/ijon_max/10
updated maxmap 10: 5a3 (len: 690)
[1;94m[*] [0mFuzzing test case #508 (1376 total, 0 uniq crashes found)...[0m
[1;94m[*] [0mFuzzing test case #509 (1376 total, 0 uniq crashes found)...[0m
scheduled max input!!!!
schedule: 1 level14_3/ijon_max/1
[1;94m[*] [0mFuzzing test case #510 (1376 total, 0 uniq crashes found)...[0m
scheduled max input!!!!
schedule: 9 level14_3/ijon_max/9
updated maxmap 9: 5ab (len: 692)
[1;94m[*] [0mFuzzing test case #511 (1376 total, 0 uniq crashes found)...[0m
scheduled max input!!!!
schedule: 11 level14_3/ijon_max/11
updated maxmap 9: 5ba (len: 698)
updated maxmap 11: 59d (len: 693)
updated maxmap 8: 597 (len: 693)
updated maxmap 10: 5ad (len: 693)
updated maxmap 9: 5bc (len: 699)
[1;94m[*] [0mFuzzing test case #512 (1377 total, 0 uniq crashes found)...[0m
[1;94m[*] [0mFuzzing test case #513 (1377 total, 0 uniq crashes found)...[0m
scheduled max input!!!!
schedule: 0 level14_3/ijon_max/0
[1;94m[*] [0mFuzzing test case #514 (1377 total, 0 uniq crashes found)...[0m
scheduled max input!!!!
schedule: 15 level14_3/ijon_max/15
[1;94m[*] [0mFuzzing test case #515 (1377 total, 0 uniq crashes found)...[0m
scheduled max input!!!!
schedule: 6 level14_3/ijon_max/6
[1;94m[*] [0mFuzzing test case #516 (1377 total, 0 uniq crashes found)...[0m
scheduled max input!!!!
schedule: 1 level14_3/ijon_max/1
[1;94m[*] [0mFuzzing test case #517 (1377 total, 0 uniq crashes found)...[0m
scheduled max input!!!!
schedule: 3 level14_3/ijon_max/3
[1;94m[*] [0mFuzzing test case #518 (1377 total, 0 uniq crashes found)...[0m
scheduled max input!!!!
schedule: 9 level14_3/ijon_max/9
updated maxmap 8: 5b0 (len: 699)
[1;94m[*] [0mFuzzing test case #519 (1377 total, 0 uniq crashes found)...[0m
[1;94m[*] [0mFuzzing test case #520 (1377 total, 0 uniq crashes found)...[0m
scheduled max input!!!!
schedule: 6 level14_3/ijon_max/6
[1;94m[*] [0mFuzzing test case #521 (1377 total, 0 uniq crashes found)...[0m
[1;94m[*] [0mFuzzing test case #522 (1377 total, 0 uniq crashes found)...[0m
scheduled max input!!!!
schedule: 4 level14_3/ijon_max/4
[1;94m[*] [0mFuzzing test case #523 (1377 total, 0 uniq crashes found)...[0m
scheduled max input!!!!
schedule: 14 level14_3/ijon_max/14
[1;94m[*] [0mFuzzing test case #524 (1377 total, 0 uniq crashes found)...[0m
[1;94m[*] [0mFuzzing test case #525 (1377 total, 0 uniq crashes found)...[0m
scheduled max input!!!!
schedule: 15 level14_3/ijon_max/15
[1;94m[*] [0mFuzzing test case #526 (1377 total, 0 uniq crashes found)...[0m
scheduled max input!!!!
schedule: 0 level14_3/ijon_max/0
[1;94m[*] [0mFuzzing test case #527 (1377 total, 0 uniq crashes found)...[0m
scheduled max input!!!!
schedule: 15 level14_3/ijon_max/15
[1;94m[*] [0mFuzzing test case #528 (1377 total, 0 uniq crashes found)...[0m
scheduled max input!!!!
schedule: 2 level14_3/ijon_max/2
[1;94m[*] [0mFuzzing test case #529 (1377 total, 0 uniq crashes found)...[0m
scheduled max input!!!!
schedule: 15 level14_3/ijon_max/15
[1;94m[*] [0mFuzzing test case #530 (1377 total, 0 uniq crashes found)...[0m
scheduled max input!!!!
schedule: 0 level14_3/ijon_max/0
[1;94m[*] [0mFuzzing test case #531 (1377 total, 0 uniq crashes found)...[0m
scheduled max input!!!!
schedule: 9 level14_3/ijon_max/9
updated maxmap 10: 5b7 (len: 699)
updated maxmap 11: 5bc (len: 699)
[1;94m[*] [0mFuzzing test case #532 (1377 total, 0 uniq crashes found)...[0m
scheduled max input!!!!
schedule: 5 level14_3/ijon_max/5
[1;94m[*] [0mFuzzing test case #533 (1377 total, 0 uniq crashes found)...[0m
scheduled max input!!!!
schedule: 2 level14_3/ijon_max/2
[1;94m[*] [0mFuzzing test case #534 (1377 total, 0 uniq crashes found)...[0m
scheduled max input!!!!
schedule: 0 level14_3/ijon_max/0
[1;94m[*] [0mFuzzing test case #535 (1377 total, 0 uniq crashes found)...[0m
scheduled max input!!!!
schedule: 11 level14_3/ijon_max/11
updated maxmap 10: 5b9 (len: 700)
updated maxmap 11: 5be (len: 700)
updated maxmap 10: 5ba (len: 699)
[1;94m[*] [0mFuzzing test case #536 (1377 total, 0 uniq crashes found)...[0m
scheduled max input!!!!
schedule: 10 level14_3/ijon_max/10
[1;94m[*] [0mFuzzing test case #537 (1377 total, 0 uniq crashes found)...[0m
[1;94m[*] [0mFuzzing test case #538 (1377 total, 0 uniq crashes found)...[0m
scheduled max input!!!!
schedule: 2 level14_3/ijon_max/2
[1;94m[*] [0mFuzzing test case #539 (1377 total, 0 uniq crashes found)...[0m
scheduled max input!!!!
schedule: 1 level14_3/ijon_max/1
[1;94m[*] [0mFuzzing test case #540 (1377 total, 0 uniq crashes found)...[0m
scheduled max input!!!!
schedule: 0 level14_3/ijon_max/0
[1;94m[*] [0mFuzzing test case #541 (1377 total, 0 uniq crashes found)...[0m
[1;94m[*] [0mFuzzing test case #542 (1377 total, 0 uniq crashes found)...[0m
scheduled max input!!!!
schedule: 5 level14_3/ijon_max/5
[1;94m[*] [0mFuzzing test case #543 (1377 total, 0 uniq crashes found)...[0m
scheduled max input!!!!
schedule: 4 level14_3/ijon_max/4
[1;94m[*] [0mFuzzing test case #544 (1377 total, 0 uniq crashes found)...[0m
scheduled max input!!!!
schedule: 7 level14_3/ijon_max/7
[1;94m[*] [0mFuzzing test case #545 (1377 total, 0 uniq crashes found)...[0m
scheduled max input!!!!
schedule: 8 level14_3/ijon_max/8
[1;94m[*] [0mFuzzing test case #546 (1377 total, 0 uniq crashes found)...[0m
scheduled max input!!!!
schedule: 1 level14_3/ijon_max/1
[1;94m[*] [0mFuzzing test case #547 (1377 total, 0 uniq crashes found)...[0m
scheduled max input!!!!
schedule: 9 level14_3/ijon_max/9
updated maxmap 9: 5bd (len: 699)
[1;94m[*] [0mFuzzing test case #548 (1377 total, 0 uniq crashes found)...[0m
[1;94m[*] [0mFuzzing test case #549 (1377 total, 0 uniq crashes found)...[0m
scheduled max input!!!!
schedule: 12 level14_3/ijon_max/12
[1;94m[*] [0mFuzzing test case #550 (1377 total, 0 uniq crashes found)...[0m
[1;94m[*] [0mFuzzing test case #551 (1377 total, 0 uniq crashes found)...[0m
scheduled max input!!!!
schedule: 3 level14_3/ijon_max/3
[1;94m[*] [0mFuzzing test case #552 (1377 total, 0 uniq crashes found)...[0m
scheduled max input!!!!
schedule: 14 level14_3/ijon_max/14
[1;94m[*] [0mFuzzing test case #553 (1377 total, 0 uniq crashes found)...[0m
scheduled max input!!!!
schedule: 8 level14_3/ijon_max/8
updated maxmap 8: 5b5 (len: 703)
updated maxmap 9: 5c1 (len: 703)
minimized maxmap 8: 5b5 (len: 699)
updated maxmap 8: 5b6 (len: 699)
[1;94m[*] [0mFuzzing test case #554 (1377 total, 0 uniq crashes found)...[0m
scheduled max input!!!!
schedule: 13 level14_3/ijon_max/13
[1;94m[*] [0mFuzzing test case #555 (1377 total, 0 uniq crashes found)...[0m
scheduled max input!!!!
schedule: 3 level14_3/ijon_max/3
[1;94m[*] [0mFuzzing test case #556 (1377 total, 0 uniq crashes found)...[0m
scheduled max input!!!!
schedule: 0 level14_3/ijon_max/0
[1;94m[*] [0mFuzzing test case #557 (1377 total, 0 uniq crashes found)...[0m
scheduled max input!!!!
schedule: 8 level14_3/ijon_max/8
updated maxmap 8: 5b7 (len: 699)
updated maxmap 8: 5b8 (len: 699)
updated maxmap 8: 5b9 (len: 699)
[1;94m[*] [0mFuzzing test case #558 (1377 total, 0 uniq crashes found)...[0m
scheduled max input!!!!
schedule: 4 level14_3/ijon_max/4
[1;94m[*] [0mFuzzing test case #559 (1377 total, 0 uniq crashes found)...[0m
scheduled max input!!!!
schedule: 11 level14_3/ijon_max/11
updated maxmap 10: 5bf (len: 700)
updated maxmap 11: 5bf (len: 700)
[1;94m[*] [0mFuzzing test case #560 (1377 total, 0 uniq crashes found)...[0m
scheduled max input!!!!
schedule: 8 level14_3/ijon_max/8
[1;94m[*] [0mFuzzing test case #561 (1377 total, 0 uniq crashes found)...[0m
[1;94m[*] [0mFuzzing test case #562 (1377 total, 0 uniq crashes found)...[0m
scheduled max input!!!!
schedule: 12 level14_3/ijon_max/12
[1;94m[*] [0mFuzzing test case #563 (1377 total, 0 uniq crashes found)...[0m
scheduled max input!!!!
schedule: 14 level14_3/ijon_max/14
[1;94m[*] [0mFuzzing test case #564 (1377 total, 0 uniq crashes found)...[0m
scheduled max input!!!!
schedule: 13 level14_3/ijon_max/13
[1;94m[*] [0mFuzzing test case #565 (1377 total, 0 uniq crashes found)...[0m
scheduled max input!!!!
schedule: 1 level14_3/ijon_max/1
[1;94m[*] [0mFuzzing test case #566 (1377 total, 0 uniq crashes found)...[0m
[1;94m[*] [0mFuzzing test case #567 (1377 total, 0 uniq crashes found)...[0m
scheduled max input!!!!
schedule: 5 level14_3/ijon_max/5
[1;94m[*] [0mFuzzing test case #568 (1377 total, 0 uniq crashes found)...[0m
[1;94m[*] [0mFuzzing test case #569 (1377 total, 0 uniq crashes found)...[0m
scheduled max input!!!!
schedule: 4 level14_3/ijon_max/4
[1;94m[*] [0mFuzzing test case #570 (1377 total, 0 uniq crashes found)...[0m
scheduled max input!!!!
schedule: 11 level14_3/ijon_max/11
[1;94m[*] [0mFuzzing test case #571 (1377 total, 0 uniq crashes found)...[0m
scheduled max input!!!!
schedule: 2 level14_3/ijon_max/2
[1;94m[*] [0mFuzzing test case #572 (1377 total, 0 uniq crashes found)...[0m
scheduled max input!!!!
schedule: 12 level14_3/ijon_max/12
[1;94m[*] [0mFuzzing test case #573 (1377 total, 0 uniq crashes found)...[0m
scheduled max input!!!!
schedule: 9 level14_3/ijon_max/9
updated maxmap 9: 5c5 (len: 703)
updated maxmap 10: 5cc (len: 707)
updated maxmap 8: 5ba (len: 704)
updated maxmap 9: 5c7 (len: 704)
minimized maxmap 8: 5ba (len: 703)
updated maxmap 8: 5bd (len: 705)
updated maxmap 10: 5d9 (len: 711)
updated maxmap 11: 5d7 (len: 711)
updated maxmap 9: 5d3 (len: 711)
updated maxmap 9: 5d9 (len: 711)
updated maxmap 9: 5db (len: 718)
[1;94m[*] [0mFuzzing test case #574 (1386 total, 0 uniq crashes found)...[0m
[1;94m[*] [0mFuzzing test case #575 (1386 total, 0 uniq crashes found)...[0m
scheduled max input!!!!
schedule: 5 level14_3/ijon_max/5
[1;94m[*] [0mFuzzing test case #576 (1386 total, 0 uniq crashes found)...[0m
scheduled max input!!!!
schedule: 3 level14_3/ijon_max/3
[1;94m[*] [0mFuzzing test case #577 (1386 total, 0 uniq crashes found)...[0m
scheduled max input!!!!
schedule: 4 level14_3/ijon_max/4
[1;94m[*] [0mFuzzing test case #578 (1386 total, 0 uniq crashes found)...[0m
[1;94m[*] [0mFuzzing test case #579 (1386 total, 0 uniq crashes found)...[0m
scheduled max input!!!!
schedule: 8 level14_3/ijon_max/8
[1;94m[*] [0mFuzzing test case #580 (1386 total, 0 uniq crashes found)...[0m
scheduled max input!!!!
schedule: 15 level14_3/ijon_max/15
[1;94m[*] [0mFuzzing test case #581 (1386 total, 0 uniq crashes found)...[0m
scheduled max input!!!!
schedule: 10 level14_3/ijon_max/10
[1;94m[*] [0mFuzzing test case #582 (1386 total, 0 uniq crashes found)...[0m
scheduled max input!!!!
schedule: 14 level14_3/ijon_max/14
[1;94m[*] [0mFuzzing test case #583 (1386 total, 0 uniq crashes found)...[0m
scheduled max input!!!!
schedule: 1 level14_3/ijon_max/1
[1;94m[*] [0mFuzzing test case #584 (1387 total, 0 uniq crashes found)...[0m
scheduled max input!!!!
schedule: 11 level14_3/ijon_max/11
[1;94m[*] [0mFuzzing test case #585 (1387 total, 0 uniq crashes found)...[0m
scheduled max input!!!!
schedule: 5 level14_3/ijon_max/5
[1;94m[*] [0mFuzzing test case #586 (1387 total, 0 uniq crashes found)...[0m
scheduled max input!!!!
schedule: 12 level14_3/ijon_max/12
[1;94m[*] [0mFuzzing test case #587 (1387 total, 0 uniq crashes found)...[0m
scheduled max input!!!!
schedule: 7 level14_3/ijon_max/7
[1;94m[*] [0mFuzzing test case #588 (1387 total, 0 uniq crashes found)...[0m
scheduled max input!!!!
schedule: 8 level14_3/ijon_max/8
updated maxmap 8: 5be (len: 709)
minimized maxmap 8: 5be (len: 705)
[1;94m[*] [0mFuzzing test case #589 (1388 total, 0 uniq crashes found)...[0m
scheduled max input!!!!
schedule: 0 level14_3/ijon_max/0
[1;94m[*] [0mFuzzing test case #590 (1388 total, 0 uniq crashes found)...[0m
scheduled max input!!!!
schedule: 0 level14_3/ijon_max/0
[1;94m[*] [0mFuzzing test case #591 (1388 total, 0 uniq crashes found)...[0m
scheduled max input!!!!
schedule: 5 level14_3/ijon_max/5
[1;94m[*] [0mFuzzing test case #592 (1388 total, 0 uniq crashes found)...[0m
scheduled max input!!!!
schedule: 13 level14_3/ijon_max/13
[1;94m[*] [0mFuzzing test case #593 (1388 total, 0 uniq crashes found)...[0m
scheduled max input!!!!
schedule: 15 level14_3/ijon_max/15
[1;94m[*] [0mFuzzing test case #594 (1388 total, 0 uniq crashes found)...[0m
scheduled max input!!!!
schedule: 8 level14_3/ijon_max/8
[1;94m[*] [0mFuzzing test case #595 (1388 total, 0 uniq crashes found)...[0m
scheduled max input!!!!
schedule: 6 level14_3/ijon_max/6
[1;94m[*] [0mFuzzing test case #596 (1388 total, 0 uniq crashes found)...[0m
scheduled max input!!!!
schedule: 10 level14_3/ijon_max/10
updated maxmap 9: 5dc (len: 712)
updated maxmap 9: 5e1 (len: 717)
updated maxmap 10: 5df (len: 717)
updated maxmap 11: 5d9 (len: 717)
minimized maxmap 11: 5d9 (len: 711)
updated maxmap 11: 5da (len: 711)
[1;94m[*] [0mFuzzing test case #597 (1388 total, 0 uniq crashes found)...[0m
scheduled max input!!!!
schedule: 11 level14_3/ijon_max/11
[1;94m[*] [0mFuzzing test case #598 (1388 total, 0 uniq crashes found)...[0m
scheduled max input!!!!
schedule: 14 level14_3/ijon_max/14
[1;94m[*] [0mFuzzing test case #599 (1388 total, 0 uniq crashes found)...[0m
scheduled max input!!!!
schedule: 6 level14_3/ijon_max/6
updated maxmap 6: 56f (len: 673)
[1;94m[*] [0mFuzzing test case #600 (1388 total, 0 uniq crashes found)...[0m
scheduled max input!!!!
schedule: 0 level14_3/ijon_max/0
[1;94m[*] [0mFuzzing test case #601 (1388 total, 0 uniq crashes found)...[0m
scheduled max input!!!!
schedule: 14 level14_3/ijon_max/14
[1;94m[*] [0mFuzzing test case #602 (1388 total, 0 uniq crashes found)...[0m
[1;94m[*] [0mFuzzing test case #603 (1388 total, 0 uniq crashes found)...[0m
scheduled max input!!!!
schedule: 10 level14_3/ijon_max/10
updated maxmap 9: 5e3 (len: 717)
updated maxmap 10: 5e1 (len: 717)
updated maxmap 11: 5db (len: 717)
[1;94m[*] [0mFuzzing test case #604 (1388 total, 0 uniq crashes found)...[0m
scheduled max input!!!!
schedule: 8 level14_3/ijon_max/8
[1;94m[*] [0mFuzzing test case #605 (1388 total, 0 uniq crashes found)...[0m
scheduled max input!!!!
schedule: 6 level14_3/ijon_max/6
updated maxmap 6: 570 (len: 673)
updated maxmap 7: 57a (len: 673)
[1;94m[*] [0mFuzzing test case #606 (1388 total, 0 uniq crashes found)...[0m
scheduled max input!!!!
schedule: 10 level14_3/ijon_max/10
updated maxmap 9: 5eb (len: 718)
updated maxmap 9: 5ee (len: 725)
updated maxmap 10: 5e7 (len: 725)
updated maxmap 11: 5e1 (len: 725)
updated maxmap 11: 5e2 (len: 717)
updated maxmap 11: 5e3 (len: 718)
updated maxmap 8: 5f1 (len: 722)
updated maxmap 10: 5f1 (len: 723)
updated maxmap 11: 5f0 (len: 723)
updated maxmap 8: 5f3 (len: 723)
updated maxmap 9: 5f8 (len: 723)
updated maxmap 7: 58d (len: 717)
minimized maxmap 10: 5f1 (len: 721)
updated maxmap 7: 58f (len: 717)
updated maxmap 10: 5f4 (len: 722)
updated maxmap 10: 5f5 (len: 725)
updated maxmap 11: 5fb (len: 725)
[1;94m[*] [0mFuzzing test case #607 (1397 total, 0 uniq crashes found)...[0m
scheduled max input!!!!
schedule: 10 level14_3/ijon_max/10
updated maxmap 10: 5f8 (len: 726)
updated maxmap 11: 5fe (len: 726)
minimized maxmap 10: 5f8 (len: 725)
[1;94m[*] [0mFuzzing test case #608 (1397 total, 0 uniq crashes found)...[0m
[1;94m[*] [0mFuzzing test case #609 (1397 total, 0 uniq crashes found)...[0m
scheduled max input!!!!
schedule: 12 level14_3/ijon_max/12
[1;94m[*] [0mFuzzing test case #610 (1397 total, 0 uniq crashes found)...[0m
scheduled max input!!!!
schedule: 0 level14_3/ijon_max/0
[1;94m[*] [0mFuzzing test case #611 (1397 total, 0 uniq crashes found)...[0m
scheduled max input!!!!
schedule: 6 level14_3/ijon_max/6
updated maxmap 6: 571 (len: 674)
minimized maxmap 6: 571 (len: 673)
[1;94m[*] [0mFuzzing test case #612 (1397 total, 0 uniq crashes found)...[0m
[1;94m[*] [0mFuzzing test case #613 (1397 total, 0 uniq crashes found)...[0m
scheduled max input!!!!
schedule: 11 level14_3/ijon_max/11
updated maxmap 11: 5ff (len: 726)
updated maxmap 9: 5fb (len: 732)
updated maxmap 10: 605 (len: 732)
updated maxmap 11: 60d (len: 732)
minimized maxmap 9: 5fb (len: 726)
updated maxmap 9: 5fc (len: 726)
updated maxmap 9: 5fe (len: 726)
updated maxmap 10: 611 (len: 734)
updated maxmap 11: 60f (len: 734)
updated maxmap 9: 600 (len: 728)
updated maxmap 9: 602 (len: 731)
updated maxmap 8: 5f5 (len: 726)
updated maxmap 8: 5fa (len: 726)
updated maxmap 8: 5fb (len: 726)
[1;94m[*] [0mFuzzing test case #614 (1406 total, 0 uniq crashes found)...[0m
scheduled max input!!!!
schedule: 2 level14_3/ijon_max/2
[1;94m[*] [0mFuzzing test case #615 (1407 total, 0 uniq crashes found)...[0m
scheduled max input!!!!
schedule: 6 level14_3/ijon_max/6
updated maxmap 6: 575 (len: 673)
[1;94m[*] [0mFuzzing test case #616 (1407 total, 0 uniq crashes found)...[0m
[1;94m[*] [0mFuzzing test case #617 (1407 total, 0 uniq crashes found)...[0m
scheduled max input!!!!
schedule: 2 level14_3/ijon_max/2
[1;94m[*] [0mFuzzing test case #618 (1407 total, 0 uniq crashes found)...[0m
scheduled max input!!!!
schedule: 3 level14_3/ijon_max/3
[1;94m[*] [0mFuzzing test case #619 (1407 total, 0 uniq crashes found)...[0m
[1;94m[*] [0mFuzzing test case #620 (1407 total, 0 uniq crashes found)...[0m
scheduled max input!!!!
schedule: 0 level14_3/ijon_max/0
[1;94m[*] [0mFuzzing test case #621 (1407 total, 0 uniq crashes found)...[0m
scheduled max input!!!!
schedule: 4 level14_3/ijon_max/4
[1;94m[*] [0mFuzzing test case #622 (1407 total, 0 uniq crashes found)...[0m
scheduled max input!!!!
schedule: 10 level14_3/ijon_max/10
updated maxmap 10: 612 (len: 734)
[1;94m[*] [0mFuzzing test case #623 (1407 total, 0 uniq crashes found)...[0m
scheduled max input!!!!
schedule: 8 level14_3/ijon_max/8
updated maxmap 8: 5fc (len: 726)
[1;94m[*] [0mFuzzing test case #624 (1408 total, 0 uniq crashes found)...[0m
[1;94m[*] [0mFuzzing test case #625 (1408 total, 0 uniq crashes found)...[0m
scheduled max input!!!!
schedule: 12 level14_3/ijon_max/12
[1;94m[*] [0mFuzzing test case #626 (1408 total, 0 uniq crashes found)...[0m
scheduled max input!!!!
schedule: 12 level14_3/ijon_max/12
[1;94m[*] [0mFuzzing test case #627 (1408 total, 0 uniq crashes found)...[0m
scheduled max input!!!!
schedule: 11 level14_3/ijon_max/11
updated maxmap 11: 610 (len: 734)
updated maxmap 10: 615 (len: 736)
updated maxmap 11: 613 (len: 736)
updated maxmap 9: 60e (len: 737)
[1;94m[*] [0mFuzzing test case #628 (1409 total, 0 uniq crashes found)...[0m
scheduled max input!!!!
schedule: 0 level14_3/ijon_max/0
[1;94m[*] [0mFuzzing test case #629 (1410 total, 0 uniq crashes found)...[0m
[1;94m[*] [0mFuzzing test case #630 (1410 total, 0 uniq crashes found)...[0m
scheduled max input!!!!
schedule: 3 level14_3/ijon_max/3
[1;94m[*] [0mFuzzing test case #631 (1410 total, 0 uniq crashes found)...[0m
scheduled max input!!!!
schedule: 9 level14_3/ijon_max/9
updated maxmap 9: 60f (len: 737)
updated maxmap 9: 616 (len: 742)
updated maxmap 7: 605 (len: 745)
updated maxmap 8: 607 (len: 745)
updated maxmap 11: 618 (len: 737)
updated maxmap 7: 61a (len: 744)
updated maxmap 8: 61c (len: 744)
updated maxmap 9: 61f (len: 742)
updated maxmap 9: 622 (len: 745)
[1;94m[*] [0mFuzzing test case #632 (1423 total, 0 uniq crashes found)...[0m
scheduled max input!!!!
schedule: 13 level14_3/ijon_max/13
[1;94m[*] [0mFuzzing test case #633 (1423 total, 0 uniq crashes found)...[0m
scheduled max input!!!!
schedule: 1 level14_3/ijon_max/1
[1;94m[*] [0mFuzzing test case #634 (1423 total, 0 uniq crashes found)...[0m
scheduled max input!!!!
schedule: 1 level14_3/ijon_max/1
[1;94m[*] [0mFuzzing test case #635 (1423 total, 0 uniq crashes found)...[0m
scheduled max input!!!!
schedule: 12 level14_3/ijon_max/12
[1;94m[*] [0mFuzzing test case #636 (1423 total, 0 uniq crashes found)...[0m
scheduled max input!!!!
schedule: 9 level14_3/ijon_max/9
updated maxmap 9: 624 (len: 746)
updated maxmap 9: 625 (len: 745)
updated maxmap 9: 627 (len: 745)
updated maxmap 9: 628 (len: 745)
updated maxmap 9: 629 (len: 745)
[1;94m[*] [0mFuzzing test case #637 (1423 total, 0 uniq crashes found)...[0m
scheduled max input!!!!
schedule: 7 level14_3/ijon_max/7
updated maxmap 9: 62d (len: 748)
updated maxmap 10: 62c (len: 748)
updated maxmap 11: 626 (len: 748)
updated maxmap 8: 61d (len: 744)
updated maxmap 7: 61c (len: 744)
updated maxmap 8: 61e (len: 744)
updated maxmap 7: 61d (len: 744)
updated maxmap 8: 61f (len: 744)
updated maxmap 8: 624 (len: 746)
[1;94m[*] [0mFuzzing test case #638 (1423 total, 0 uniq crashes found)...[0m
scheduled max input!!!!
schedule: 7 level14_3/ijon_max/7
updated maxmap 7: 61e (len: 744)
updated maxmap 7: 61f (len: 745)
minimized maxmap 7: 61f (len: 744)
updated maxmap 7: 62b (len: 750)
[1;94m[*] [0mFuzzing test case #639 (1424 total, 0 uniq crashes found)...[0m
scheduled max input!!!!
schedule: 6 level14_3/ijon_max/6
updated maxmap 6: 576 (len: 673)
updated maxmap 6: 578 (len: 673)
updated maxmap 5: 57a (len: 673)
[1;94m[*] [0mFuzzing test case #640 (1424 total, 0 uniq crashes found)...[0m
[1;94m[*] [0mFuzzing test case #641 (1424 total, 0 uniq crashes found)...[0m
scheduled max input!!!!
schedule: 4 level14_3/ijon_max/4
[1;94m[*] [0mFuzzing test case #642 (1424 total, 0 uniq crashes found)...[0m
scheduled max input!!!!
schedule: 4 level14_3/ijon_max/4
[1;94m[*] [0mFuzzing test case #643 (1424 total, 0 uniq crashes found)...[0m
scheduled max input!!!!
schedule: 9 level14_3/ijon_max/9
updated maxmap 9: 62e (len: 748)
updated maxmap 10: 62d (len: 748)
updated maxmap 11: 627 (len: 748)
updated maxmap 8: 646 (len: 755)
updated maxmap 9: 637 (len: 755)
updated maxmap 9: 63e (len: 753)
updated maxmap 10: 634 (len: 753)
updated maxmap 11: 62d (len: 753)
minimized maxmap 11: 62d (len: 748)
minimized maxmap 10: 634 (len: 750)
updated maxmap 11: 62f (len: 750)
updated maxmap 7: 632 (len: 748)
minimized maxmap 10: 634 (len: 748)
minimized maxmap 11: 62f (len: 748)
updated maxmap 10: 635 (len: 753)
updated maxmap 10: 63a (len: 751)
updated maxmap 11: 635 (len: 751)
updated maxmap 7: 634 (len: 748)
updated maxmap 7: 647 (len: 756)
updated maxmap 6: 60d (len: 754)
updated maxmap 10: 63d (len: 754)
updated maxmap 11: 641 (len: 754)
updated maxmap 10: 63e (len: 756)
updated maxmap 11: 643 (len: 756)
updated maxmap 10: 641 (len: 756)
updated maxmap 11: 646 (len: 756)
[1;94m[*] [0mFuzzing test case #644 (1435 total, 0 uniq crashes found)...[0m
scheduled max input!!!!
schedule: 0 level14_3/ijon_max/0
[1;94m[*] [0mFuzzing test case #645 (1435 total, 0 uniq crashes found)...[0m
scheduled max input!!!!
schedule: 11 level14_3/ijon_max/11
updated maxmap 10: 642 (len: 756)
updated maxmap 11: 647 (len: 756)
updated maxmap 9: 645 (len: 761)
updated maxmap 10: 64f (len: 761)
updated maxmap 11: 654 (len: 761)
minimized maxmap 9: 645 (len: 756)
updated maxmap 9: 646 (len: 756)
updated maxmap 8: 647 (len: 756)
updated maxmap 9: 64d (len: 760)
updated maxmap 10: 650 (len: 760)
updated maxmap 11: 656 (len: 763)
updated maxmap 10: 656 (len: 762)
updated maxmap 8: 651 (len: 769)
updated maxmap 10: 657 (len: 762)
[1;94m[*] [0mFuzzing test case #646 (1445 total, 0 uniq crashes found)...[0m
scheduled max input!!!!
schedule: 4 level14_3/ijon_max/4
[1;94m[*] [0mFuzzing test case #647 (1445 total, 0 uniq crashes found)...[0m
scheduled max input!!!!
schedule: 2 level14_3/ijon_max/2
[1;94m[*] [0mFuzzing test case #648 (1445 total, 0 uniq crashes found)...[0m
scheduled max input!!!!
schedule: 15 level14_3/ijon_max/15
[1;94m[*] [0mFuzzing test case #649 (1445 total, 0 uniq crashes found)...[0m
scheduled max input!!!!
schedule: 4 level14_3/ijon_max/4
[1;94m[*] [0mFuzzing test case #650 (1446 total, 0 uniq crashes found)...[0m
scheduled max input!!!!
schedule: 4 level14_3/ijon_max/4
[1;94m[*] [0mFuzzing test case #651 (1446 total, 0 uniq crashes found)...[0m
scheduled max input!!!!
schedule: 11 level14_3/ijon_max/11
[1;94m[*] [0mFuzzing test case #652 (1446 total, 0 uniq crashes found)...[0m
scheduled max input!!!!
schedule: 10 level14_3/ijon_max/10
[1;94m[*] [0mFuzzing test case #653 (1446 total, 0 uniq crashes found)...[0m
scheduled max input!!!!
schedule: 1 level14_3/ijon_max/1
[1;94m[*] [0mFuzzing test case #654 (1446 total, 0 uniq crashes found)...[0m
scheduled max input!!!!
schedule: 12 level14_3/ijon_max/12
[1;94m[*] [0mFuzzing test case #655 (1446 total, 0 uniq crashes found)...[0m
scheduled max input!!!!
schedule: 2 level14_3/ijon_max/2
[1;94m[*] [0mFuzzing test case #656 (1446 total, 0 uniq crashes found)...[0m
[1;94m[*] [0mFuzzing test case #657 (1446 total, 0 uniq crashes found)...[0m
scheduled max input!!!!
schedule: 2 level14_3/ijon_max/2
[1;94m[*] [0mFuzzing test case #658 (1446 total, 0 uniq crashes found)...[0m
scheduled max input!!!!
schedule: 6 level14_3/ijon_max/6
updated maxmap 6: 611 (len: 756)
minimized maxmap 6: 611 (len: 754)
updated maxmap 6: 612 (len: 754)
[1;94m[*] [0mFuzzing test case #659 (1446 total, 0 uniq crashes found)...[0m
scheduled max input!!!!
schedule: 11 level14_3/ijon_max/11
updated maxmap 11: 657 (len: 763)
[1;94m[*] [0mFuzzing test case #660 (1446 total, 0 uniq crashes found)...[0m
scheduled max input!!!!
schedule: 1 level14_3/ijon_max/1
[1;94m[*] [0mFuzzing test case #661 (1446 total, 0 uniq crashes found)...[0m
scheduled max input!!!!
schedule: 6 level14_3/ijon_max/6
updated maxmap 6: 613 (len: 754)
[1;94m[*] [0mFuzzing test case #662 (1446 total, 0 uniq crashes found)...[0m
scheduled max input!!!!
schedule: 11 level14_3/ijon_max/11
[1;94m[*] [0mFuzzing test case #663 (1446 total, 0 uniq crashes found)...[0m
scheduled max input!!!!
schedule: 7 level14_3/ijon_max/7
updated maxmap 7: 649 (len: 756)
updated maxmap 9: 656 (len: 764)
updated maxmap 10: 65b (len: 764)
[1;94m[*] [0mFuzzing test case #664 (1446 total, 0 uniq crashes found)...[0m
scheduled max input!!!!
schedule: 3 level14_3/ijon_max/3
[1;94m[*] [0mFuzzing test case #665 (1446 total, 0 uniq crashes found)...[0m
scheduled max input!!!!
schedule: 2 level14_3/ijon_max/2
[1;94m[*] [0mFuzzing test case #666 (1446 total, 0 uniq crashes found)...[0m
scheduled max input!!!!
schedule: 7 level14_3/ijon_max/7
updated maxmap 7: 650 (len: 759)
[1;94m[*] [0mFuzzing test case #667 (1447 total, 0 uniq crashes found)...[0m
scheduled max input!!!!
schedule: 2 level14_3/ijon_max/2
[1;94m[*] [0mFuzzing test case #668 (1447 total, 0 uniq crashes found)...[0m
scheduled max input!!!!
schedule: 8 level14_3/ijon_max/8
updated maxmap 8: 656 (len: 769)
updated maxmap 9: 657 (len: 769)
updated maxmap 9: 658 (len: 771)
updated maxmap 8: 658 (len: 771)
updated maxmap 8: 65e (len: 773)
updated maxmap 8: 660 (len: 773)
updated maxmap 9: 65d (len: 777)
minimized maxmap 9: 65d (len: 773)
updated maxmap 7: 665 (len: 777)
updated maxmap 8: 667 (len: 776)
updated maxmap 9: 65e (len: 775)
[1;94m[*] [0mFuzzing test case #669 (1455 total, 0 uniq crashes found)...[0m
scheduled max input!!!!
schedule: 13 level14_3/ijon_max/13
[1;94m[*] [0mFuzzing test case #670 (1455 total, 0 uniq crashes found)...[0m
scheduled max input!!!!
schedule: 5 level14_3/ijon_max/5
updated maxmap 5: 57b (len: 673)
[1;94m[*] [0mFuzzing test case #671 (1455 total, 0 uniq crashes found)...[0m
scheduled max input!!!!
schedule: 9 level14_3/ijon_max/9
[1;94m[*] [0mFuzzing test case #672 (1455 total, 0 uniq crashes found)...[0m
scheduled max input!!!!
schedule: 12 level14_3/ijon_max/12
[1;94m[*] [0mFuzzing test case #673 (1455 total, 0 uniq crashes found)...[0m
scheduled max input!!!!
schedule: 0 level14_3/ijon_max/0
[1;94m[*] [0mFuzzing test case #674 (1455 total, 0 uniq crashes found)...[0m
scheduled max input!!!!
schedule: 14 level14_3/ijon_max/14
[1;94m[*] [0mFuzzing test case #675 (1455 total, 0 uniq crashes found)...[0m
scheduled max input!!!!
schedule: 10 level14_3/ijon_max/10
updated maxmap 10: 65c (len: 764)
[1;94m[*] [0mFuzzing test case #676 (1455 total, 0 uniq crashes found)...[0m
scheduled max input!!!!
schedule: 13 level14_3/ijon_max/13
[1;94m[*] [0mFuzzing test case #677 (1455 total, 0 uniq crashes found)...[0m
scheduled max input!!!!
schedule: 7 level14_3/ijon_max/7
updated maxmap 7: 667 (len: 777)
updated maxmap 7: 66b (len: 777)
updated maxmap 7: 66c (len: 777)
updated maxmap 11: 65c (len: 777)
updated maxmap 7: 66d (len: 781)
[1;94m[*] [0mFuzzing test case #678 (1456 total, 0 uniq crashes found)...[0m
[1;94m[*] [0mFuzzing test case #679 (1456 total, 0 uniq crashes found)...[0m
scheduled max input!!!!
schedule: 5 level14_3/ijon_max/5
[1;94m[*] [0mFuzzing test case #680 (1456 total, 0 uniq crashes found)...[0m
scheduled max input!!!!
schedule: 13 level14_3/ijon_max/13
[1;94m[*] [0mFuzzing test case #681 (1456 total, 0 uniq crashes found)...[0m
[1;94m[*] [0mFuzzing test case #682 (1456 total, 0 uniq crashes found)...[0m
scheduled max input!!!!
schedule: 4 level14_3/ijon_max/4
[1;94m[*] [0mFuzzing test case #683 (1456 total, 0 uniq crashes found)...[0m
scheduled max input!!!!
schedule: 3 level14_3/ijon_max/3
[1;94m[*] [0mFuzzing test case #684 (1456 total, 0 uniq crashes found)...[0m
scheduled normal input!!!!
[1;94m[*] [0mFuzzing test case #685 (1456 total, 0 uniq crashes found)...[0m
[1;94m[*] [0mFuzzing test case #686 (1456 total, 0 uniq crashes found)...[0m
scheduled max input!!!!
schedule: 0 level14_3/ijon_max/0
[1;94m[*] [0mFuzzing test case #687 (1456 total, 0 uniq crashes found)...[0m
[1;94m[*] [0mFuzzing test case #688 (1456 total, 0 uniq crashes found)...[0m
scheduled max input!!!!
schedule: 9 level14_3/ijon_max/9
[1;94m[*] [0mFuzzing test case #689 (1456 total, 0 uniq crashes found)...[0m
scheduled max input!!!!
schedule: 3 level14_3/ijon_max/3
[1;94m[*] [0mFuzzing test case #690 (1456 total, 0 uniq crashes found)...[0m
scheduled max input!!!!
schedule: 14 level14_3/ijon_max/14
[1;94m[*] [0mFuzzing test case #691 (1456 total, 0 uniq crashes found)...[0m
scheduled max input!!!!
schedule: 9 level14_3/ijon_max/9
[1;94m[*] [0mFuzzing test case #692 (1456 total, 0 uniq crashes found)...[0m
[1;94m[*] [0mFuzzing test case #693 (1456 total, 0 uniq crashes found)...[0m
scheduled max input!!!!
schedule: 6 level14_3/ijon_max/6
[1;94m[*] [0mFuzzing test case #694 (1456 total, 0 uniq crashes found)...[0m
[1;94m[*] [0mFuzzing test case #695 (1456 total, 0 uniq crashes found)...[0m
[1;94m[*] [0mFuzzing test case #696 (1456 total, 0 uniq crashes found)...[0m
[1;94m[*] [0mFuzzing test case #697 (1456 total, 0 uniq crashes found)...[0m
scheduled max input!!!!
schedule: 6 level14_3/ijon_max/6
updated maxmap 6: 614 (len: 754)
[1;94m[*] [0mFuzzing test case #698 (1456 total, 0 uniq crashes found)...[0m
scheduled max input!!!!
schedule: 13 level14_3/ijon_max/13
[1;94m[*] [0mFuzzing test case #699 (1456 total, 0 uniq crashes found)...[0m
scheduled max input!!!!
schedule: 4 level14_3/ijon_max/4
[1;94m[*] [0mFuzzing test case #700 (1456 total, 0 uniq crashes found)...[0m
scheduled max input!!!!
schedule: 3 level14_3/ijon_max/3
[1;94m[*] [0mFuzzing test case #701 (1456 total, 0 uniq crashes found)...[0m
scheduled max input!!!!
schedule: 14 level14_3/ijon_max/14
[1;94m[*] [0mFuzzing test case #702 (1456 total, 0 uniq crashes found)...[0m
[1;94m[*] [0mFuzzing test case #703 (1456 total, 0 uniq crashes found)...[0m
scheduled max input!!!!
schedule: 14 level14_3/ijon_max/14
[1;94m[*] [0mFuzzing test case #704 (1456 total, 0 uniq crashes found)...[0m
[1;94m[*] [0mFuzzing test case #705 (1456 total, 0 uniq crashes found)...[0m
scheduled max input!!!!
schedule: 1 level14_3/ijon_max/1
[1;94m[*] [0mFuzzing test case #706 (1456 total, 0 uniq crashes found)...[0m
scheduled max input!!!!
schedule: 9 level14_3/ijon_max/9
[1;94m[*] [0mFuzzing test case #707 (1456 total, 0 uniq crashes found)...[0m
scheduled max input!!!!
schedule: 11 level14_3/ijon_max/11
updated maxmap 11: 65d (len: 777)
updated maxmap 11: 65e (len: 783)
[1;94m[*] [0mFuzzing test case #708 (1456 total, 0 uniq crashes found)...[0m
scheduled max input!!!!
schedule: 13 level14_3/ijon_max/13
[1;94m[*] [0mFuzzing test case #709 (1456 total, 0 uniq crashes found)...[0m
scheduled max input!!!!
schedule: 15 level14_3/ijon_max/15
[1;94m[*] [0mFuzzing test case #710 (1456 total, 0 uniq crashes found)...[0m
scheduled max input!!!!
schedule: 11 level14_3/ijon_max/11
updated maxmap 10: 65d (len: 783)
updated maxmap 10: 65e (len: 785)
updated maxmap 7: 66e (len: 791)
updated maxmap 8: 687 (len: 791)
minimized maxmap 10: 65e (len: 783)
[1;94m[*] [0mFuzzing test case #711 (1465 total, 0 uniq crashes found)...[0m
scheduled max input!!!!
schedule: 13 level14_3/ijon_max/13
[1;94m[*] [0mFuzzing test case #712 (1465 total, 0 uniq crashes found)...[0m
scheduled max input!!!!
schedule: 13 level14_3/ijon_max/13
[1;94m[*] [0mFuzzing test case #713 (1465 total, 0 uniq crashes found)...[0m
scheduled max input!!!!
schedule: 1 level14_3/ijon_max/1
[1;94m[*] [0mFuzzing test case #714 (1465 total, 0 uniq crashes found)...[0m
scheduled max input!!!!
schedule: 0 level14_3/ijon_max/0
[1;94m[*] [0mFuzzing test case #715 (1465 total, 0 uniq crashes found)...[0m
scheduled max input!!!!
schedule: 13 level14_3/ijon_max/13
[1;94m[*] [0mFuzzing test case #716 (1465 total, 0 uniq crashes found)...[0m
scheduled max input!!!!
schedule: 8 level14_3/ijon_max/8
updated maxmap 7: 66f (len: 791)
updated maxmap 8: 688 (len: 791)
updated maxmap 8: 689 (len: 791)
[1;94m[*] [0mFuzzing test case #717 (1465 total, 0 uniq crashes found)...[0m
scheduled max input!!!!
schedule: 15 level14_3/ijon_max/15
[1;94m[*] [0mFuzzing test case #718 (1465 total, 0 uniq crashes found)...[0m
scheduled max input!!!!
schedule: 1 level14_3/ijon_max/1
[1;94m[*] [0mFuzzing test case #719 (1465 total, 0 uniq crashes found)...[0m
[1;94m[*] [0mFuzzing test case #720 (1465 total, 0 uniq crashes found)...[0m
scheduled max input!!!!
schedule: 4 level14_3/ijon_max/4
[1;94m[*] [0mFuzzing test case #721 (1465 total, 0 uniq crashes found)...[0m
scheduled max input!!!!
schedule: 11 level14_3/ijon_max/11
[1;94m[*] [0mFuzzing test case #722 (1466 total, 0 uniq crashes found)...[0m
[1;94m[*] [0mFuzzing test case #723 (1466 total, 0 uniq crashes found)...[0m
scheduled max input!!!!
schedule: 5 level14_3/ijon_max/5
[1;94m[*] [0mFuzzing test case #724 (1466 total, 0 uniq crashes found)...[0m
scheduled max input!!!!
schedule: 15 level14_3/ijon_max/15
[1;94m[*] [0mFuzzing test case #725 (1466 total, 0 uniq crashes found)...[0m
scheduled max input!!!!
schedule: 9 level14_3/ijon_max/9
[1;94m[*] [0mFuzzing test case #726 (1466 total, 0 uniq crashes found)...[0m
scheduled max input!!!!
schedule: 3 level14_3/ijon_max/3
[1;94m[*] [0mFuzzing test case #727 (1466 total, 0 uniq crashes found)...[0m
scheduled max input!!!!
schedule: 3 level14_3/ijon_max/3
[1;94m[*] [0mFuzzing test case #728 (1466 total, 0 uniq crashes found)...[0m
scheduled max input!!!!
schedule: 3 level14_3/ijon_max/3
[1;94m[*] [0mFuzzing test case #729 (1466 total, 0 uniq crashes found)...[0m
scheduled max input!!!!
schedule: 7 level14_3/ijon_max/7
updated maxmap 7: 670 (len: 791)
updated maxmap 8: 68a (len: 791)
updated maxmap 8: 68b (len: 791)
updated maxmap 5: 68b (len: 791)
updated maxmap 6: 684 (len: 791)
updated maxmap 7: 67a (len: 791)
updated maxmap 9: 692 (len: 799)
updated maxmap 10: 69b (len: 799)
updated maxmap 6: 697 (len: 796)
updated maxmap 7: 67c (len: 796)
minimized maxmap 7: 67c (len: 791)
updated maxmap 7: 67d (len: 791)
updated maxmap 5: 695 (len: 795)
updated maxmap 7: 67f (len: 791)
updated maxmap 9: 693 (len: 795)
updated maxmap 7: 68c (len: 791)
[1;94m[*] [0mFuzzing test case #730 (1474 total, 0 uniq crashes found)...[0m
scheduled max input!!!!
schedule: 0 level14_3/ijon_max/0
[1;94m[*] [0mFuzzing test case #731 (1474 total, 0 uniq crashes found)...[0m
[1;94m[*] [0mFuzzing test case #732 (1474 total, 0 uniq crashes found)...[0m
[1;94m[*] [0mFuzzing test case #733 (1474 total, 0 uniq crashes found)...[0m
scheduled max input!!!!
schedule: 0 level14_3/ijon_max/0
[1;94m[*] [0mFuzzing test case #734 (1474 total, 0 uniq crashes found)...[0m
scheduled max input!!!!
schedule: 10 level14_3/ijon_max/10
updated maxmap 10: 69c (len: 799)
updated maxmap 10: 69d (len: 799)
[1;94m[*] [0mFuzzing test case #735 (1474 total, 0 uniq crashes found)...[0m
scheduled max input!!!!
schedule: 4 level14_3/ijon_max/4
[1;94m[*] [0mFuzzing test case #736 (1474 total, 0 uniq crashes found)...[0m
scheduled max input!!!!
schedule: 7 level14_3/ijon_max/7
[1;94m[*] [0mFuzzing test case #737 (1474 total, 0 uniq crashes found)...[0m
scheduled max input!!!!
schedule: 1 level14_3/ijon_max/1
[1;94m[*] [0mFuzzing test case #738 (1474 total, 0 uniq crashes found)...[0m
scheduled max input!!!!
schedule: 0 level14_3/ijon_max/0
[1;94m[*] [0mFuzzing test case #739 (1474 total, 0 uniq crashes found)...[0m
scheduled max input!!!!
schedule: 9 level14_3/ijon_max/9
updated maxmap 7: 690 (len: 795)
updated maxmap 8: 695 (len: 795)
[1;94m[*] [0mFuzzing test case #740 (1474 total, 0 uniq crashes found)...[0m
scheduled max input!!!!
schedule: 9 level14_3/ijon_max/9
updated maxmap 11: 6a0 (len: 802)
[1;94m[*] [0mFuzzing test case #741 (1474 total, 0 uniq crashes found)...[0m
[1;94m[*] [0mFuzzing test case #742 (1474 total, 0 uniq crashes found)...[0m
scheduled max input!!!!
schedule: 7 level14_3/ijon_max/7
updated maxmap 7: 691 (len: 795)
updated maxmap 8: 696 (len: 795)
[1;94m[*] [0mFuzzing test case #743 (1474 total, 0 uniq crashes found)...[0m
scheduled max input!!!!
schedule: 3 level14_3/ijon_max/3
[1;94m[*] [0mFuzzing test case #744 (1474 total, 0 uniq crashes found)...[0m
scheduled max input!!!!
schedule: 7 level14_3/ijon_max/7
[1;94m[*] [0mFuzzing test case #745 (1474 total, 0 uniq crashes found)...[0m
scheduled max input!!!!
schedule: 6 level14_3/ijon_max/6
[1;94m[*] [0mFuzzing test case #746 (1474 total, 0 uniq crashes found)...[0m
scheduled max input!!!!
schedule: 10 level14_3/ijon_max/10
[1;94m[*] [0mFuzzing test case #747 (1474 total, 0 uniq crashes found)...[0m
[1;94m[*] [0mFuzzing test case #748 (1474 total, 0 uniq crashes found)...[0m
scheduled max input!!!!
schedule: 5 level14_3/ijon_max/5
[1;94m[*] [0mFuzzing test case #749 (1474 total, 0 uniq crashes found)...[0m
scheduled max input!!!!
schedule: 0 level14_3/ijon_max/0
[1;94m[*] [0mFuzzing test case #750 (1474 total, 0 uniq crashes found)...[0m
scheduled max input!!!!
schedule: 12 level14_3/ijon_max/12
[1;94m[*] [0mFuzzing test case #751 (1474 total, 0 uniq crashes found)...[0m
scheduled max input!!!!
schedule: 10 level14_3/ijon_max/10
[1;94m[*] [0mFuzzing test case #752 (1474 total, 0 uniq crashes found)...[0m
scheduled max input!!!!
schedule: 1 level14_3/ijon_max/1
[1;94m[*] [0mFuzzing test case #753 (1474 total, 0 uniq crashes found)...[0m
scheduled max input!!!!
schedule: 10 level14_3/ijon_max/10
[1;94m[*] [0mFuzzing test case #754 (1474 total, 0 uniq crashes found)...[0m
scheduled max input!!!!
schedule: 3 level14_3/ijon_max/3
[1;94m[*] [0mFuzzing test case #755 (1474 total, 0 uniq crashes found)...[0m
[1;94m[*] [0mFuzzing test case #756 (1474 total, 0 uniq crashes found)...[0m
[1;94m[*] [0mFuzzing test case #757 (1474 total, 0 uniq crashes found)...[0m
[1;94m[*] [0mFuzzing test case #758 (1474 total, 0 uniq crashes found)...[0m
scheduled max input!!!!
schedule: 11 level14_3/ijon_max/11
updated maxmap 11: 6a1 (len: 802)
updated maxmap 11: 6a4 (len: 807)
updated maxmap 11: 6a5 (len: 805)
[1;94m[*] [0mFuzzing test case #759 (1474 total, 0 uniq crashes found)...[0m
[1;94m[*] [0mFuzzing test case #760 (1474 total, 0 uniq crashes found)...[0m
scheduled max input!!!!
schedule: 6 level14_3/ijon_max/6
[1;94m[*] [0mFuzzing test case #761 (1474 total, 0 uniq crashes found)...[0m
scheduled max input!!!!
schedule: 12 level14_3/ijon_max/12
[1;94m[*] [0mFuzzing test case #762 (1474 total, 0 uniq crashes found)...[0m
scheduled max input!!!!
schedule: 11 level14_3/ijon_max/11
updated maxmap 11: 6a6 (len: 806)
[1;94m[*] [0mFuzzing test case #763 (1474 total, 0 uniq crashes found)...[0m
scheduled max input!!!!
schedule: 4 level14_3/ijon_max/4
[1;94m[*] [0mFuzzing test case #764 (1474 total, 0 uniq crashes found)...[0m
scheduled max input!!!!
schedule: 11 level14_3/ijon_max/11
[1;94m[*] [0mFuzzing test case #765 (1474 total, 0 uniq crashes found)...[0m
scheduled max input!!!!
schedule: 13 level14_3/ijon_max/13
[1;94m[*] [0mFuzzing test case #766 (1474 total, 0 uniq crashes found)...[0m
scheduled max input!!!!
schedule: 7 level14_3/ijon_max/7
[1;94m[*] [0mFuzzing test case #767 (1474 total, 0 uniq crashes found)...[0m
scheduled max input!!!!
schedule: 7 level14_3/ijon_max/7
updated maxmap 8: 69b (len: 801)
updated maxmap 9: 6a5 (len: 801)
[1;94m[*] [0mFuzzing test case #768 (1474 total, 0 uniq crashes found)...[0m
scheduled max input!!!!
schedule: 4 level14_3/ijon_max/4
[1;94m[*] [0mFuzzing test case #769 (1474 total, 0 uniq crashes found)...[0m
scheduled max input!!!!
schedule: 2 level14_3/ijon_max/2
[1;94m[*] [0mFuzzing test case #770 (1474 total, 0 uniq crashes found)...[0m
[1;94m[*] [0mFuzzing test case #771 (1474 total, 0 uniq crashes found)...[0m
scheduled max input!!!!
schedule: 6 level14_3/ijon_max/6
updated maxmap 5: 696 (len: 803)
updated maxmap 6: 69d (len: 803)
updated maxmap 7: 698 (len: 802)
[1;94m[*] [0mFuzzing test case #772 (1474 total, 0 uniq crashes found)...[0m
scheduled max input!!!!
schedule: 9 level14_3/ijon_max/9
[1;94m[*] [0mFuzzing test case #773 (1474 total, 0 uniq crashes found)...[0m
[1;94m[*] [0mFuzzing test case #774 (1474 total, 0 uniq crashes found)...[0m
scheduled max input!!!!
schedule: 3 level14_3/ijon_max/3
[1;94m[*] [0mFuzzing test case #775 (1474 total, 0 uniq crashes found)...[0m
scheduled max input!!!!
schedule: 11 level14_3/ijon_max/11
updated maxmap 10: 6a2 (len: 806)
updated maxmap 10: 6a6 (len: 806)
[1;94m[*] [0mFuzzing test case #776 (1474 total, 0 uniq crashes found)...[0m
[1;94m[*] [0mFuzzing test case #777 (1474 total, 0 uniq crashes found)...[0m
scheduled max input!!!!
schedule: 3 level14_3/ijon_max/3
[1;94m[*] [0mFuzzing test case #778 (1474 total, 0 uniq crashes found)...[0m
scheduled max input!!!!
schedule: 10 level14_3/ijon_max/10
updated maxmap 10: 6a7 (len: 806)
[1;94m[*] [0mFuzzing test case #779 (1474 total, 0 uniq crashes found)...[0m
scheduled max input!!!!
schedule: 10 level14_3/ijon_max/10
updated maxmap 9: 6b3 (len: 812)
updated maxmap 10: 6ab (len: 808)
updated maxmap 11: 6a9 (len: 808)
updated maxmap 9: 6b6 (len: 812)
[1;94m[*] [0mFuzzing test case #780 (1476 total, 0 uniq crashes found)...[0m
scheduled max input!!!!
schedule: 12 level14_3/ijon_max/12
[1;94m[*] [0mFuzzing test case #781 (1476 total, 0 uniq crashes found)...[0m
[1;94m[*] [0mFuzzing test case #782 (1476 total, 0 uniq crashes found)...[0m
scheduled max input!!!!
schedule: 15 level14_3/ijon_max/15
[1;94m[*] [0mFuzzing test case #783 (1476 total, 0 uniq crashes found)...[0m
scheduled max input!!!!
schedule: 4 level14_3/ijon_max/4
[1;94m[*] [0mFuzzing test case #784 (1476 total, 0 uniq crashes found)...[0m
scheduled max input!!!!
schedule: 0 level14_3/ijon_max/0
[1;94m[*] [0mFuzzing test case #785 (1476 total, 0 uniq crashes found)...[0m
scheduled max input!!!!
schedule: 14 level14_3/ijon_max/14
[1;94m[*] [0mFuzzing test case #786 (1476 total, 0 uniq crashes found)...[0m
scheduled max input!!!!
schedule: 12 level14_3/ijon_max/12
[1;94m[*] [0mFuzzing test case #787 (1476 total, 0 uniq crashes found)...[0m
scheduled max input!!!!
schedule: 9 level14_3/ijon_max/9
updated maxmap 7: 69c (len: 812)
updated maxmap 8: 6a6 (len: 812)
updated maxmap 10: 6b4 (len: 812)
updated maxmap 9: 6bd (len: 815)
[1;94m[*] [0mFuzzing test case #788 (1478 total, 0 uniq crashes found)...[0m
scheduled max input!!!!
schedule: 1 level14_3/ijon_max/1
[1;94m[*] [0mFuzzing test case #789 (1478 total, 0 uniq crashes found)...[0m
[1;94m[*] [0mFuzzing test case #790 (1478 total, 0 uniq crashes found)...[0m
scheduled max input!!!!
schedule: 4 level14_3/ijon_max/4
[1;94m[*] [0mFuzzing test case #791 (1478 total, 0 uniq crashes found)...[0m
scheduled max input!!!!
schedule: 3 level14_3/ijon_max/3
[1;94m[*] [0mFuzzing test case #792 (1478 total, 0 uniq crashes found)...[0m
scheduled max input!!!!
schedule: 15 level14_3/ijon_max/15
[1;94m[*] [0mFuzzing test case #793 (1478 total, 0 uniq crashes found)...[0m
[1;94m[*] [0mFuzzing test case #794 (1478 total, 0 uniq crashes found)...[0m
scheduled max input!!!!
schedule: 3 level14_3/ijon_max/3
[1;94m[*] [0mFuzzing test case #795 (1478 total, 0 uniq crashes found)...[0m
scheduled max input!!!!
schedule: 10 level14_3/ijon_max/10
updated maxmap 10: 6b5 (len: 812)
updated maxmap 7: 69d (len: 813)
updated maxmap 8: 6a7 (len: 813)
updated maxmap 10: 6b6 (len: 813)
minimized maxmap 7: 69d (len: 812)
minimized maxmap 8: 6a7 (len: 812)
[1;94m[*] [0mFuzzing test case #796 (1478 total, 0 uniq crashes found)...[0m
scheduled max input!!!!
schedule: 3 level14_3/ijon_max/3
[1;94m[*] [0mFuzzing test case #797 (1478 total, 0 uniq crashes found)...[0m
scheduled max input!!!!
schedule: 9 level14_3/ijon_max/9
[1;94m[*] [0mFuzzing test case #798 (1478 total, 0 uniq crashes found)...[0m
scheduled max input!!!!
schedule: 12 level14_3/ijon_max/12
[1;94m[*] [0mFuzzing test case #799 (1478 total, 0 uniq crashes found)...[0m
scheduled max input!!!!
schedule: 7 level14_3/ijon_max/7
[1;94m[*] [0mFuzzing test case #800 (1478 total, 0 uniq crashes found)...[0m
scheduled max input!!!!
schedule: 6 level14_3/ijon_max/6
updated maxmap 5: 697 (len: 803)
updated maxmap 5: 698 (len: 803)
updated maxmap 6: 69f (len: 803)
updated maxmap 5: 69a (len: 806)
updated maxmap 6: 6a3 (len: 806)
updated maxmap 7: 6a7 (len: 806)
minimized maxmap 5: 69a (len: 803)
[1;94m[*] [0mFuzzing test case #801 (1478 total, 0 uniq crashes found)...[0m
scheduled max input!!!!
schedule: 6 level14_3/ijon_max/6
updated maxmap 7: 6a8 (len: 806)
updated maxmap 8: 6a8 (len: 806)
updated maxmap 5: 6a0 (len: 806)
updated maxmap 6: 6aa (len: 806)
updated maxmap 7: 6af (len: 806)
[1;94m[*] [0mFuzzing test case #802 (1478 total, 0 uniq crashes found)...[0m
scheduled max input!!!!
schedule: 9 level14_3/ijon_max/9
updated maxmap 9: 6be (len: 815)
updated maxmap 8: 6b4 (len: 816)
[1;94m[*] [0mFuzzing test case #803 (1479 total, 0 uniq crashes found)...[0m
scheduled max input!!!!
schedule: 9 level14_3/ijon_max/9
[1;94m[*] [0mFuzzing test case #804 (1480 total, 0 uniq crashes found)...[0m
[1;94m[*] [0mFuzzing test case #805 (1480 total, 0 uniq crashes found)...[0m
[1;94m[*] [0mFuzzing test case #806 (1480 total, 0 uniq crashes found)...[0m
scheduled max input!!!!
schedule: 15 level14_3/ijon_max/15
[1;94m[*] [0mFuzzing test case #807 (1480 total, 0 uniq crashes found)...[0m
[1;94m[*] [0mFuzzing test case #808 (1480 total, 0 uniq crashes found)...[0m
scheduled max input!!!!
schedule: 11 level14_3/ijon_max/11
updated maxmap 11: 6ab (len: 809)
minimized maxmap 11: 6ab (len: 808)
[1;94m[*] [0mFuzzing test case #809 (1480 total, 0 uniq crashes found)...[0m
scheduled max input!!!!
schedule: 2 level14_3/ijon_max/2
[1;94m[*] [0mFuzzing test case #810 (1480 total, 0 uniq crashes found)...[0m
scheduled max input!!!!
schedule: 9 level14_3/ijon_max/9
updated maxmap 9: 6bf (len: 816)
updated maxmap 9: 6c1 (len: 823)
updated maxmap 10: 6cb (len: 823)
updated maxmap 11: 6d0 (len: 823)
[1;94m[*] [0mFuzzing test case #811 (1482 total, 0 uniq crashes found)...[0m
scheduled max input!!!!
schedule: 12 level14_3/ijon_max/12
[1;94m[*] [0mFuzzing test case #812 (1482 total, 0 uniq crashes found)...[0m
[1;94m[*] [0mFuzzing test case #813 (1482 total, 0 uniq crashes found)...[0m
scheduled max input!!!!
schedule: 14 level14_3/ijon_max/14
[1;94m[*] [0mFuzzing test case #814 (1482 total, 0 uniq crashes found)...[0m
scheduled max input!!!!
schedule: 13 level14_3/ijon_max/13
minimized maxmap 14: 521 (len: 639)
[1;94m[*] [0mFuzzing test case #815 (1482 total, 0 uniq crashes found)...[0m
[1;94m[*] [0mFuzzing test case #816 (1482 total, 0 uniq crashes found)...[0m
[1;94m[*] [0mFuzzing test case #817 (1482 total, 0 uniq crashes found)...[0m
scheduled max input!!!!
schedule: 5 level14_3/ijon_max/5
[1;94m[*] [0mFuzzing test case #818 (1483 total, 0 uniq crashes found)...[0m
scheduled max input!!!!
schedule: 11 level14_3/ijon_max/11
updated maxmap 9: 6c2 (len: 823)
updated maxmap 10: 6cc (len: 823)
updated maxmap 11: 6d1 (len: 823)
updated maxmap 8: 6c8 (len: 823)
updated maxmap 9: 6cd (len: 823)
updated maxmap 8: 6cb (len: 824)
updated maxmap 9: 6d0 (len: 824)
updated maxmap 7: 6c8 (len: 823)
updated maxmap 8: 6cf (len: 823)
updated maxmap 10: 6cd (len: 823)
updated maxmap 11: 6d2 (len: 823)
updated maxmap 9: 6d1 (len: 823)
updated maxmap 10: 6d2 (len: 823)
[1;94m[*] [0mFuzzing test case #819 (1485 total, 0 uniq crashes found)...[0m
scheduled max input!!!!
schedule: 3 level14_3/ijon_max/3
[1;94m[*] [0mFuzzing test case #820 (1485 total, 0 uniq crashes found)...[0m
scheduled max input!!!!
schedule: 3 level14_3/ijon_max/3
[1;94m[*] [0mFuzzing test case #821 (1485 total, 0 uniq crashes found)...[0m
scheduled max input!!!!
schedule: 1 level14_3/ijon_max/1
[1;94m[*] [0mFuzzing test case #822 (1486 total, 0 uniq crashes found)...[0m
scheduled max input!!!!
schedule: 7 level14_3/ijon_max/7
updated maxmap 8: 6d0 (len: 823)
updated maxmap 7: 6c9 (len: 823)
updated maxmap 7: 6cb (len: 824)
updated maxmap 8: 6d3 (len: 824)
minimized maxmap 7: 6cb (len: 823)
updated maxmap 7: 6cc (len: 823)
[1;94m[*] [0mFuzzing test case #823 (1486 total, 0 uniq crashes found)...[0m
scheduled max input!!!!
schedule: 6 level14_3/ijon_max/6
updated maxmap 5: 6a3 (len: 807)
updated maxmap 6: 6ad (len: 807)
minimized maxmap 5: 6a3 (len: 806)
minimized maxmap 6: 6ad (len: 806)
updated maxmap 5: 6a4 (len: 806)
updated maxmap 6: 6ae (len: 806)
updated maxmap 5: 6a5 (len: 806)
updated maxmap 6: 6af (len: 806)
[1;94m[*] [0mFuzzing test case #824 (1486 total, 0 uniq crashes found)...[0m
[1;94m[*] [0mFuzzing test case #825 (1486 total, 0 uniq crashes found)...[0m
scheduled max input!!!!
schedule: 0 level14_3/ijon_max/0
[1;94m[*] [0mFuzzing test case #826 (1486 total, 0 uniq crashes found)...[0m
scheduled max input!!!!
schedule: 6 level14_3/ijon_max/6
[1;94m[*] [0mFuzzing test case #827 (1486 total, 0 uniq crashes found)...[0m
scheduled max input!!!!
schedule: 14 level14_3/ijon_max/14
[1;94m[*] [0mFuzzing test case #828 (1486 total, 0 uniq crashes found)...[0m
scheduled max input!!!!
schedule: 9 level14_3/ijon_max/9
updated maxmap 9: 6d2 (len: 823)
[1;94m[*] [0mFuzzing test case #829 (1486 total, 0 uniq crashes found)...[0m
scheduled max input!!!!
schedule: 12 level14_3/ijon_max/12
[1;94m[*] [0mFuzzing test case #830 (1486 total, 0 uniq crashes found)...[0m
scheduled max input!!!!
schedule: 7 level14_3/ijon_max/7
updated maxmap 7: 6cd (len: 823)
[1;94m[*] [0mFuzzing test case #831 (1486 total, 0 uniq crashes found)...[0m
scheduled max input!!!!
schedule: 8 level14_3/ijon_max/8
updated maxmap 9: 6e4 (len: 831)
updated maxmap 10: 6df (len: 831)
updated maxmap 11: 6d8 (len: 831)
updated maxmap 8: 6d4 (len: 824)
[1;94m[*] [0mFuzzing test case #832 (1487 total, 0 uniq crashes found)...[0m
scheduled max input!!!!
schedule: 1 level14_3/ijon_max/1
[1;94m[*] [0mFuzzing test case #833 (1487 total, 0 uniq crashes found)...[0m
[1;94m[*] [0mFuzzing test case #834 (1487 total, 0 uniq crashes found)...[0m
scheduled max input!!!!
schedule: 8 level14_3/ijon_max/8
[1;94m[*] [0mFuzzing test case #835 (1487 total, 0 uniq crashes found)...[0m
scheduled max input!!!!
schedule: 14 level14_3/ijon_max/14
[1;94m[*] [0mFuzzing test case #836 (1487 total, 0 uniq crashes found)...[0m
scheduled max input!!!!
schedule: 7 level14_3/ijon_max/7
[1;94m[*] [0mFuzzing test case #837 (1487 total, 0 uniq crashes found)...[0m
scheduled max input!!!!
schedule: 5 level14_3/ijon_max/5
[1;94m[*] [0mFuzzing test case #838 (1487 total, 0 uniq crashes found)...[0m
[1;94m[*] [0mFuzzing test case #839 (1487 total, 0 uniq crashes found)...[0m
[1;94m[*] [0mFuzzing test case #840 (1487 total, 0 uniq crashes found)...[0m
scheduled max input!!!!
schedule: 5 level14_3/ijon_max/5
[1;94m[*] [0mFuzzing test case #841 (1487 total, 0 uniq crashes found)...[0m
[1;94m[*] [0mFuzzing test case #842 (1487 total, 0 uniq crashes found)...[0m
[1;94m[*] [0mFuzzing test case #843 (1487 total, 0 uniq crashes found)...[0m
[1;94m[*] [0mFuzzing test case #844 (1487 total, 0 uniq crashes found)...[0m
scheduled max input!!!!
schedule: 14 level14_3/ijon_max/14
[1;94m[*] [0mFuzzing test case #845 (1487 total, 0 uniq crashes found)...[0m
scheduled max input!!!!
schedule: 11 level14_3/ijon_max/11
updated maxmap 9: 6e5 (len: 831)
updated maxmap 10: 6e0 (len: 831)
updated maxmap 11: 6d9 (len: 831)
updated maxmap 9: 6eb (len: 834)
updated maxmap 10: 6e1 (len: 831)
[1;94m[*] [0mFuzzing test case #846 (1488 total, 0 uniq crashes found)...[0m
scheduled max input!!!!
schedule: 1 level14_3/ijon_max/1
[1;94m[*] [0mFuzzing test case #847 (1488 total, 0 uniq crashes found)...[0m
scheduled max input!!!!
schedule: 7 level14_3/ijon_max/7
[1;94m[*] [0mFuzzing test case #848 (1488 total, 0 uniq crashes found)...[0m
[1;94m[*] [0mFuzzing test case #849 (1488 total, 0 uniq crashes found)...[0m
scheduled max input!!!!
schedule: 6 level14_3/ijon_max/6
[1;94m[*] [0mFuzzing test case #850 (1488 total, 0 uniq crashes found)...[0m
[1;94m[*] [0mFuzzing test case #851 (1488 total, 0 uniq crashes found)...[0m
scheduled max input!!!!
schedule: 0 level14_3/ijon_max/0
[1;94m[*] [0mFuzzing test case #852 (1488 total, 0 uniq crashes found)...[0m
[1;94m[*] [0mFuzzing test case #853 (1488 total, 0 uniq crashes found)...[0m
[1;94m[*] [0mFuzzing test case #854 (1488 total, 0 uniq crashes found)...[0m
scheduled max input!!!!
schedule: 13 level14_3/ijon_max/13
[1;94m[*] [0mFuzzing test case #855 (1488 total, 0 uniq crashes found)...[0m
scheduled max input!!!!
schedule: 4 level14_3/ijon_max/4
[1;94m[*] [0mFuzzing test case #856 (1488 total, 0 uniq crashes found)...[0m
scheduled max input!!!!
schedule: 12 level14_3/ijon_max/12
[1;94m[*] [0mFuzzing test case #857 (1488 total, 0 uniq crashes found)...[0m
scheduled max input!!!!
schedule: 11 level14_3/ijon_max/11
[1;94m[*] [0mFuzzing test case #858 (1488 total, 0 uniq crashes found)...[0m
scheduled max input!!!!
schedule: 0 level14_3/ijon_max/0
[1;94m[*] [0mFuzzing test case #859 (1488 total, 0 uniq crashes found)...[0m
[1;94m[*] [0mFuzzing test case #860 (1488 total, 0 uniq crashes found)...[0m
scheduled max input!!!!
schedule: 13 level14_3/ijon_max/13
[1;94m[*] [0mFuzzing test case #861 (1488 total, 0 uniq crashes found)...[0m
scheduled max input!!!!
schedule: 8 level14_3/ijon_max/8
[1;94m[*] [0mFuzzing test case #862 (1488 total, 0 uniq crashes found)...[0m
scheduled max input!!!!
schedule: 4 level14_3/ijon_max/4
[1;94m[*] [0mFuzzing test case #863 (1488 total, 0 uniq crashes found)...[0m
scheduled max input!!!!
schedule: 1 level14_3/ijon_max/1
[1;94m[*] [0mFuzzing test case #864 (1488 total, 0 uniq crashes found)...[0m
scheduled max input!!!!
schedule: 7 level14_3/ijon_max/7
[1;94m[*] [0mFuzzing test case #865 (1488 total, 0 uniq crashes found)...[0m
scheduled max input!!!!
schedule: 13 level14_3/ijon_max/13
[1;94m[*] [0mFuzzing test case #866 (1488 total, 0 uniq crashes found)...[0m
scheduled max input!!!!
schedule: 4 level14_3/ijon_max/4
[1;94m[*] [0mFuzzing test case #867 (1488 total, 0 uniq crashes found)...[0m
scheduled max input!!!!
schedule: 2 level14_3/ijon_max/2
[1;94m[*] [0mFuzzing test case #868 (1488 total, 0 uniq crashes found)...[0m
scheduled max input!!!!
schedule: 6 level14_3/ijon_max/6
updated maxmap 4: 69d (len: 806)
updated maxmap 5: 6ac (len: 806)
[1;94m[*] [0mFuzzing test case #869 (1488 total, 0 uniq crashes found)...[0m
scheduled max input!!!!
schedule: 6 level14_3/ijon_max/6
[1;94m[*] [0mFuzzing test case #870 (1488 total, 0 uniq crashes found)...[0m
scheduled max input!!!!
schedule: 6 level14_3/ijon_max/6
[1;94m[*] [0mFuzzing test case #871 (1488 total, 0 uniq crashes found)...[0m
[1;94m[*] [0mFuzzing test case #872 (1488 total, 0 uniq crashes found)...[0m
scheduled max input!!!!
schedule: 1 level14_3/ijon_max/1
[1;94m[*] [0mFuzzing test case #873 (1488 total, 0 uniq crashes found)...[0m
[1;94m[*] [0mFuzzing test case #874 (1488 total, 0 uniq crashes found)...[0m
scheduled max input!!!!
schedule: 0 level14_3/ijon_max/0
[1;94m[*] [0mFuzzing test case #875 (1488 total, 0 uniq crashes found)...[0m
scheduled max input!!!!
schedule: 1 level14_3/ijon_max/1
[1;94m[*] [0mFuzzing test case #876 (1488 total, 0 uniq crashes found)...[0m
scheduled max input!!!!
schedule: 9 level14_3/ijon_max/9
updated maxmap 9: 6f1 (len: 839)
updated maxmap 10: 6e5 (len: 839)
updated maxmap 11: 6df (len: 839)
minimized maxmap 10: 6e5 (len: 834)
minimized maxmap 11: 6df (len: 834)
updated maxmap 10: 6e6 (len: 834)
updated maxmap 11: 6e0 (len: 834)
[1;94m[*] [0mFuzzing test case #877 (1488 total, 0 uniq crashes found)...[0m
scheduled max input!!!!
schedule: 9 level14_3/ijon_max/9
updated maxmap 7: 6fc (len: 845)
updated maxmap 8: 703 (len: 845)
updated maxmap 10: 6e7 (len: 839)
updated maxmap 11: 6e1 (len: 839)
updated maxmap 9: 6f2 (len: 839)
updated maxmap 9: 6f5 (len: 839)
updated maxmap 9: 6f6 (len: 839)
updated maxmap 9: 6f7 (len: 839)
updated maxmap 9: 6ff (len: 845)
updated maxmap 10: 707 (len: 845)
updated maxmap 11: 708 (len: 846)
updated maxmap 9: 70a (len: 847)
[1;94m[*] [0mFuzzing test case #878 (1494 total, 0 uniq crashes found)...[0m
scheduled max input!!!!
schedule: 10 level14_3/ijon_max/10
updated maxmap 9: 712 (len: 849)
updated maxmap 10: 70a (len: 849)
[1;94m[*] [0mFuzzing test case #879 (1494 total, 0 uniq crashes found)...[0m
scheduled max input!!!!
schedule: 14 level14_3/ijon_max/14
[1;94m[*] [0mFuzzing test case #880 (1494 total, 0 uniq crashes found)...[0m
[1;94m[*] [0mFuzzing test case #881 (1494 total, 0 uniq crashes found)...[0m
scheduled max input!!!!
schedule: 13 level14_3/ijon_max/13
[1;94m[*] [0mFuzzing test case #882 (1494 total, 0 uniq crashes found)...[0m
[1;94m[*] [0mFuzzing test case #883 (1494 total, 0 uniq crashes found)...[0m
scheduled max input!!!!
schedule: 7 level14_3/ijon_max/7
updated maxmap 8: 704 (len: 845)
updated maxmap 7: 6ff (len: 845)
updated maxmap 8: 706 (len: 845)
updated maxmap 8: 707 (len: 845)
[1;94m[*] [0mFuzzing test case #884 (1495 total, 0 uniq crashes found)...[0m
scheduled max input!!!!
schedule: 4 level14_3/ijon_max/4
[1;94m[*] [0mFuzzing test case #885 (1495 total, 0 uniq crashes found)...[0m
scheduled max input!!!!
schedule: 10 level14_3/ijon_max/10
updated maxmap 11: 70f (len: 849)
updated maxmap 9: 713 (len: 850)
updated maxmap 10: 70b (len: 850)
minimized maxmap 10: 70b (len: 849)
updated maxmap 11: 710 (len: 849)
[1;94m[*] [0mFuzzing test case #886 (1495 total, 0 uniq crashes found)...[0m
scheduled max input!!!!
schedule: 6 level14_3/ijon_max/6
[1;94m[*] [0mFuzzing test case #887 (1495 total, 0 uniq crashes found)...[0m
scheduled max input!!!!
schedule: 10 level14_3/ijon_max/10
updated maxmap 10: 70c (len: 849)
updated maxmap 10: 70d (len: 849)
updated maxmap 9: 71e (len: 856)
updated maxmap 10: 712 (len: 856)
[1;94m[*] [0mFuzzing test case #888 (1498 total, 0 uniq crashes found)...[0m
scheduled max input!!!!
schedule: 13 level14_3/ijon_max/13
[1;94m[*] [0mFuzzing test case #889 (1498 total, 0 uniq crashes found)...[0m
scheduled max input!!!!
schedule: 12 level14_3/ijon_max/12
[1;94m[*] [0mFuzzing test case #890 (1498 total, 0 uniq crashes found)...[0m
scheduled max input!!!!
schedule: 15 level14_3/ijon_max/15
[1;94m[*] [0mFuzzing test case #891 (1498 total, 0 uniq crashes found)...[0m
scheduled max input!!!!
schedule: 4 level14_3/ijon_max/4
updated maxmap 4: 6a2 (len: 806)
updated maxmap 5: 6ae (len: 806)
updated maxmap 5: 6af (len: 806)
[1;94m[*] [0mFuzzing test case #892 (1498 total, 0 uniq crashes found)...[0m
scheduled max input!!!!
schedule: 13 level14_3/ijon_max/13
[1;94m[*] [0mFuzzing test case #893 (1498 total, 0 uniq crashes found)...[0m
scheduled max input!!!!
schedule: 10 level14_3/ijon_max/10
updated maxmap 8: 71f (len: 856)
updated maxmap 9: 71f (len: 856)
updated maxmap 10: 713 (len: 856)
updated maxmap 9: 720 (len: 856)
updated maxmap 10: 714 (len: 856)
[1;94m[*] [0mFuzzing test case #894 (1498 total, 0 uniq crashes found)...[0m
scheduled max input!!!!
schedule: 2 level14_3/ijon_max/2
[1;94m[*] [0mFuzzing test case #895 (1498 total, 0 uniq crashes found)...[0m
scheduled max input!!!!
schedule: 15 level14_3/ijon_max/15
[1;94m[*] [0mFuzzing test case #896 (1498 total, 0 uniq crashes found)...[0m
[1;94m[*] [0mFuzzing test case #897 (1498 total, 0 uniq crashes found)...[0m
[1;94m[*] [0mFuzzing test case #898 (1498 total, 0 uniq crashes found)...[0m
[1;94m[*] [0mFuzzing test case #899 (1498 total, 0 uniq crashes found)...[0m
scheduled max input!!!!
schedule: 7 level14_3/ijon_max/7
[1;94m[*] [0mFuzzing test case #900 (1498 total, 0 uniq crashes found)...[0m
scheduled max input!!!!
schedule: 6 level14_3/ijon_max/6
[1;94m[*] [0mFuzzing test case #901 (1498 total, 0 uniq crashes found)...[0m
[1;94m[*] [0mFuzzing test case #902 (1498 total, 0 uniq crashes found)...[0m
[1;94m[*] [0mFuzzing test case #903 (1498 total, 0 uniq crashes found)...[0m
scheduled max input!!!!
schedule: 14 level14_3/ijon_max/14
[1;94m[*] [0mFuzzing test case #904 (1498 total, 0 uniq crashes found)...[0m
scheduled max input!!!!
schedule: 3 level14_3/ijon_max/3
[1;94m[*] [0mFuzzing test case #905 (1499 total, 0 uniq crashes found)...[0m
scheduled max input!!!!
schedule: 0 level14_3/ijon_max/0
[1;94m[*] [0mFuzzing test case #906 (1499 total, 0 uniq crashes found)...[0m
scheduled max input!!!!
schedule: 15 level14_3/ijon_max/15
[1;94m[*] [0mFuzzing test case #907 (1499 total, 0 uniq crashes found)...[0m
[1;94m[*] [0mFuzzing test case #908 (1499 total, 0 uniq crashes found)...[0m
[1;94m[*] [0mFuzzing test case #909 (1499 total, 0 uniq crashes found)...[0m
[1;94m[*] [0mFuzzing test case #910 (1499 total, 0 uniq crashes found)...[0m
scheduled max input!!!!
schedule: 4 level14_3/ijon_max/4
updated maxmap 4: 6a3 (len: 807)
minimized maxmap 4: 6a3 (len: 806)
[1;94m[*] [0mFuzzing test case #911 (1499 total, 0 uniq crashes found)...[0m
scheduled max input!!!!
schedule: 9 level14_3/ijon_max/9
updated maxmap 9: 721 (len: 856)
[1;94m[*] [0mFuzzing test case #912 (1499 total, 0 uniq crashes found)...[0m
scheduled max input!!!!
schedule: 11 level14_3/ijon_max/11
updated maxmap 11: 711 (len: 849)
[1;94m[*] [0mFuzzing test case #913 (1499 total, 0 uniq crashes found)...[0m
scheduled max input!!!!
schedule: 1 level14_3/ijon_max/1
[1;94m[*] [0mFuzzing test case #914 (1499 total, 0 uniq crashes found)...[0m
scheduled max input!!!!
schedule: 1 level14_3/ijon_max/1
[1;94m[*] [0mFuzzing test case #915 (1499 total, 0 uniq crashes found)...[0m
scheduled max input!!!!
schedule: 7 level14_3/ijon_max/7
[1;94m[*] [0mFuzzing test case #916 (1499 total, 0 uniq crashes found)...[0m
scheduled max input!!!!
schedule: 15 level14_3/ijon_max/15
[1;94m[*] [0mFuzzing test case #917 (1499 total, 0 uniq crashes found)...[0m
[1;94m[*] [0mFuzzing test case #918 (1499 total, 0 uniq crashes found)...[0m
scheduled max input!!!!
schedule: 10 level14_3/ijon_max/10
updated maxmap 9: 72a (len: 861)
updated maxmap 9: 72b (len: 864)
updated maxmap 10: 715 (len: 864)
minimized maxmap 10: 715 (len: 856)
updated maxmap 10: 716 (len: 856)
[1;94m[*] [0mFuzzing test case #919 (1501 total, 0 uniq crashes found)...[0m
[1;94m[*] [0mFuzzing test case #920 (1501 total, 0 uniq crashes found)...[0m
scheduled max input!!!!
schedule: 2 level14_3/ijon_max/2
[1;94m[*] [0mFuzzing test case #921 (1501 total, 0 uniq crashes found)...[0m
[1;94m[*] [0mFuzzing test case #922 (1501 total, 0 uniq crashes found)...[0m
scheduled max input!!!!
schedule: 15 level14_3/ijon_max/15
[1;94m[*] [0mFuzzing test case #923 (1501 total, 0 uniq crashes found)...[0m
scheduled max input!!!!
schedule: 7 level14_3/ijon_max/7
updated maxmap 7: 701 (len: 845)
updated maxmap 7: 702 (len: 845)
[1;94m[*] [0mFuzzing test case #924 (1501 total, 0 uniq crashes found)...[0m
scheduled max input!!!!
schedule: 14 level14_3/ijon_max/14
[1;94m[*] [0mFuzzing test case #925 (1501 total, 0 uniq crashes found)...[0m
scheduled max input!!!!
schedule: 11 level14_3/ijon_max/11
[1;94m[*] [0mFuzzing test case #926 (1501 total, 0 uniq crashes found)...[0m
[1;94m[*] [0mFuzzing test case #927 (1501 total, 0 uniq crashes found)...[0m
scheduled max input!!!!
schedule: 0 level14_3/ijon_max/0
[1;94m[*] [0mFuzzing test case #928 (1501 total, 0 uniq crashes found)...[0m
scheduled max input!!!!
schedule: 7 level14_3/ijon_max/7
[1;94m[*] [0mFuzzing test case #929 (1501 total, 0 uniq crashes found)...[0m
[1;94m[*] [0mFuzzing test case #930 (1501 total, 0 uniq crashes found)...[0m
[1;94m[*] [0mFuzzing test case #931 (1501 total, 0 uniq crashes found)...[0m
scheduled max input!!!!
schedule: 4 level14_3/ijon_max/4
updated maxmap 4: 6a4 (len: 806)
[1;94m[*] [0mFuzzing test case #932 (1502 total, 0 uniq crashes found)...[0m
[1;94m[*] [0mFuzzing test case #933 (1502 total, 0 uniq crashes found)...[0m
scheduled max input!!!!
schedule: 2 level14_3/ijon_max/2
[1;94m[*] [0mFuzzing test case #934 (1502 total, 0 uniq crashes found)...[0m
scheduled max input!!!!
schedule: 2 level14_3/ijon_max/2
[1;94m[*] [0mFuzzing test case #935 (1502 total, 0 uniq crashes found)...[0m
scheduled max input!!!!
schedule: 6 level14_3/ijon_max/6
[1;94m[*] [0mFuzzing test case #936 (1502 total, 0 uniq crashes found)...[0m
scheduled max input!!!!
schedule: 1 level14_3/ijon_max/1
[1;94m[*] [0mFuzzing test case #937 (1502 total, 0 uniq crashes found)...[0m
scheduled max input!!!!
schedule: 2 level14_3/ijon_max/2
[1;94m[*] [0mFuzzing test case #938 (1502 total, 0 uniq crashes found)...[0m
scheduled max input!!!!
schedule: 0 level14_3/ijon_max/0
[1;94m[*] [0mFuzzing test case #939 (1502 total, 0 uniq crashes found)...[0m
scheduled max input!!!!
schedule: 3 level14_3/ijon_max/3
[1;94m[*] [0mFuzzing test case #940 (1502 total, 0 uniq crashes found)...[0m
scheduled max input!!!!
schedule: 5 level14_3/ijon_max/5
updated maxmap 5: 6b0 (len: 806)
[1;94m[*] [0mFuzzing test case #941 (1502 total, 0 uniq crashes found)...[0m
scheduled max input!!!!
schedule: 7 level14_3/ijon_max/7
[1;94m[*] [0mFuzzing test case #942 (1502 total, 0 uniq crashes found)...[0m
[1;94m[*] [0mFuzzing test case #943 (1502 total, 0 uniq crashes found)...[0m
[1;94m[*] [0mFuzzing test case #944 (1502 total, 0 uniq crashes found)...[0m
[1;94m[*] [0mFuzzing test case #945 (1502 total, 0 uniq crashes found)...[0m
scheduled max input!!!!
schedule: 12 level14_3/ijon_max/12
[1;94m[*] [0mFuzzing test case #946 (1502 total, 0 uniq crashes found)...[0m
scheduled max input!!!!
schedule: 0 level14_3/ijon_max/0
[1;94m[*] [0mFuzzing test case #947 (1502 total, 0 uniq crashes found)...[0m
scheduled max input!!!!
schedule: 1 level14_3/ijon_max/1
[1;94m[*] [0mFuzzing test case #948 (1502 total, 0 uniq crashes found)...[0m
scheduled max input!!!!
schedule: 0 level14_3/ijon_max/0
[1;94m[*] [0mFuzzing test case #949 (1502 total, 0 uniq crashes found)...[0m
scheduled max input!!!!
schedule: 11 level14_3/ijon_max/11
[1;94m[*] [0mFuzzing test case #950 (1502 total, 0 uniq crashes found)...[0m
scheduled max input!!!!
schedule: 15 level14_3/ijon_max/15
[1;94m[*] [0mFuzzing test case #951 (1502 total, 0 uniq crashes found)...[0m
scheduled max input!!!!
schedule: 11 level14_3/ijon_max/11
updated maxmap 11: 712 (len: 850)
[1;94m[*] [0mFuzzing test case #952 (1502 total, 0 uniq crashes found)...[0m
scheduled max input!!!!
schedule: 14 level14_3/ijon_max/14
[1;94m[*] [0mFuzzing test case #953 (1502 total, 0 uniq crashes found)...[0m
[1;94m[*] [0mFuzzing test case #954 (1502 total, 0 uniq crashes found)...[0m
scheduled max input!!!!
schedule: 5 level14_3/ijon_max/5
[1;94m[*] [0mFuzzing test case #955 (1502 total, 0 uniq crashes found)...[0m
[1;94m[*] [0mFuzzing test case #956 (1502 total, 0 uniq crashes found)...[0m
[1;94m[*] [0mFuzzing test case #957 (1502 total, 0 uniq crashes found)...[0m
scheduled max input!!!!
schedule: 15 level14_3/ijon_max/15
[1;94m[*] [0mFuzzing test case #958 (1502 total, 0 uniq crashes found)...[0m
scheduled max input!!!!
schedule: 15 level14_3/ijon_max/15
[1;94m[*] [0mFuzzing test case #959 (1502 total, 0 uniq crashes found)...[0m
scheduled max input!!!!
schedule: 12 level14_3/ijon_max/12
[1;94m[*] [0mFuzzing test case #960 (1502 total, 0 uniq crashes found)...[0m
scheduled max input!!!!
schedule: 14 level14_3/ijon_max/14
[1;94m[*] [0mFuzzing test case #961 (1502 total, 0 uniq crashes found)...[0m
[1;94m[*] [0mFuzzing test case #962 (1502 total, 0 uniq crashes found)...[0m
scheduled max input!!!!
schedule: 10 level14_3/ijon_max/10
updated maxmap 10: 729 (len: 859)
[1;94m[*] [0mFuzzing test case #963 (1502 total, 0 uniq crashes found)...[0m
scheduled max input!!!!
schedule: 5 level14_3/ijon_max/5
[1;94m[*] [0mFuzzing test case #964 (1502 total, 0 uniq crashes found)...[0m
[1;94m[*] [0mFuzzing test case #965 (1502 total, 0 uniq crashes found)...[0m
scheduled max input!!!!
schedule: 12 level14_3/ijon_max/12
[1;94m[*] [0mFuzzing test case #966 (1502 total, 0 uniq crashes found)...[0m
[1;94m[*] [0mFuzzing test case #967 (1502 total, 0 uniq crashes found)...[0m
[1;94m[*] [0mFuzzing test case #968 (1502 total, 0 uniq crashes found)...[0m
scheduled max input!!!!
schedule: 13 level14_3/ijon_max/13
[1;94m[*] [0mFuzzing test case #969 (1502 total, 0 uniq crashes found)...[0m
scheduled max input!!!!
schedule: 7 level14_3/ijon_max/7
[1;94m[*] [0mFuzzing test case #970 (1502 total, 0 uniq crashes found)...[0m
[1;94m[*] [0mFuzzing test case #971 (1502 total, 0 uniq crashes found)...[0m
scheduled max input!!!!
schedule: 10 level14_3/ijon_max/10
updated maxmap 10: 72b (len: 862)
[1;94m[*] [0mFuzzing test case #972 (1502 total, 0 uniq crashes found)...[0m
scheduled max input!!!!
schedule: 1 level14_3/ijon_max/1
[1;94m[*] [0mFuzzing test case #973 (1502 total, 0 uniq crashes found)...[0m
scheduled max input!!!!
schedule: 11 level14_3/ijon_max/11
updated maxmap 11: 713 (len: 850)
updated maxmap 11: 714 (len: 850)
[1;94m[*] [0mFuzzing test case #974 (1504 total, 0 uniq crashes found)...[0m
scheduled max input!!!!
schedule: 1 level14_3/ijon_max/1
[1;94m[*] [0mFuzzing test case #975 (1504 total, 0 uniq crashes found)...[0m
scheduled max input!!!!
schedule: 3 level14_3/ijon_max/3
[1;94m[*] [0mFuzzing test case #976 (1504 total, 0 uniq crashes found)...[0m
scheduled max input!!!!
schedule: 13 level14_3/ijon_max/13
[1;94m[*] [0mFuzzing test case #977 (1504 total, 0 uniq crashes found)...[0m
[1;94m[*] [0mFuzzing test case #978 (1504 total, 0 uniq crashes found)...[0m
scheduled max input!!!!
schedule: 1 level14_3/ijon_max/1
[1;94m[*] [0mFuzzing test case #979 (1504 total, 0 uniq crashes found)...[0m
scheduled max input!!!!
schedule: 15 level14_3/ijon_max/15
[1;94m[*] [0mFuzzing test case #980 (1504 total, 0 uniq crashes found)...[0m
scheduled max input!!!!
schedule: 14 level14_3/ijon_max/14
[1;94m[*] [0mFuzzing test case #981 (1504 total, 0 uniq crashes found)...[0m
scheduled max input!!!!
schedule: 11 level14_3/ijon_max/11
[1;94m[*] [0mFuzzing test case #982 (1505 total, 0 uniq crashes found)...[0m
scheduled normal input!!!!
[1;94m[*] [0mFuzzing test case #983 (1505 total, 0 uniq crashes found)...[0m
scheduled max input!!!!
schedule: 1 level14_3/ijon_max/1
[1;94m[*] [0mFuzzing test case #984 (1505 total, 0 uniq crashes found)...[0m
scheduled max input!!!!
schedule: 4 level14_3/ijon_max/4
updated maxmap 6: 6ba (len: 814)
[1;94m[*] [0mFuzzing test case #985 (1505 total, 0 uniq crashes found)...[0m
scheduled max input!!!!
schedule: 2 level14_3/ijon_max/2
[1;94m[*] [0mFuzzing test case #986 (1505 total, 0 uniq crashes found)...[0m
scheduled max input!!!!
schedule: 13 level14_3/ijon_max/13
[1;94m[*] [0mFuzzing test case #987 (1505 total, 0 uniq crashes found)...[0m
scheduled max input!!!!
schedule: 6 level14_3/ijon_max/6
[1;94m[*] [0mFuzzing test case #988 (1505 total, 0 uniq crashes found)...[0m
scheduled max input!!!!
schedule: 11 level14_3/ijon_max/11
[1;94m[*] [0mFuzzing test case #989 (1505 total, 0 uniq crashes found)...[0m
scheduled max input!!!!
schedule: 6 level14_3/ijon_max/6
[1;94m[*] [0mFuzzing test case #990 (1505 total, 0 uniq crashes found)...[0m
scheduled normal input!!!!
[?25h[1;91m

+++ Testing aborted by user +++
[0m
[1;93m[!] [0mStopped during the first cycle, results may be incomplete.
    (For info on resuming, see docs/README.)
[1;92m[+] [0mWe're done here. Have a nice day!
[0m
srun: error: ubuntu-test: task 0: Exited with exit code 124
