srun: error: NodeNames=ubuntu-test CPUs=90 match no Sockets, Sockets*CoresPerSocket or Sockets*CoresPerSocket*ThreadsPerCore. Resetting CPUs.
[0;36mafl-fuzz [1;97m2.51b-ijon[0m by <lcamtuf@google.com>
[1;92m[+] [0mLooks like we're not running on a tty, so I'll be a bit less verbose.[0m
[1;92m[+] [0mYou have 96 CPU cores and 109 runnable tasks (utilization: 114%).[0m
[1;93m[!] [1;97mWARNING: [0mNot binding to a CPU core (AFL_NO_AFFINITY set).[0m
[1;94m[*] [0mChecking core_pattern...[0m
[1;94m[*] [0mSetting up output directories...[0m
importdir: level3_3/importsmax_dir: level3_3/ijon_max[1;94m[*] [0mScanning 'seeds'...[0m
[1;92m[+] [0mNo auto-generated dictionary tokens to reuse.[0m
[1;94m[*] [0mCreating hard links for all input files...[0m
[1;94m[*] [0mValidating target binary...[0m
[1;94m[*] [0mAttempting dry run with 'id:000000,orig:a'...[0m
[1;94m[*] [0mSpinning up the fork server...[0m
[1;92m[+] [0mAll right - fork server is up.[0m
[1;90m    len = 1, map size = 2477, exec speed = 16897 us
[0m[1;92m[+] [0mAll test cases processed.[0m

[1;93m[!] [1;97mWARNING: [0m[1;91mThe target binary is pretty slow! See docs/perf_tips.txt.[0m
[1;92m[+] [0mHere are some useful stats:

[1;90m    Test case count : [0m1 favored, 0 variable, 1 total
[1;90m       Bitmap range : [0m2477 to 2477 bits (average: 2477.00 bits)
[1;90m        Exec timing : [0m16.9k to 16.9k us (average: 16.9k us)
[0m
[1;92m[+] [0mAll set and ready to roll![0m
[1;94m[*] [0mEntering queue cycle 1.[0m
[1;94m[*] [0mFuzzing test case #0 (1 total, 0 uniq crashes found)...[0m
scheduled normal input!!!!
updated maxmap 11: 28 (len: 1)
updated maxmap 9: 29 (len: 43)
updated maxmap 10: 28 (len: 43)
updated maxmap 9: 2b (len: 42)
updated maxmap 10: 2b (len: 56)
updated maxmap 11: 2b (len: 56)
updated maxmap 8: 2a (len: 49)
updated maxmap 9: 2c (len: 51)
updated maxmap 10: 2e (len: 51)
updated maxmap 9: 47 (len: 83)
updated maxmap 10: 3b (len: 83)
updated maxmap 11: 38 (len: 83)
updated maxmap 8: 2b (len: 45)
updated maxmap 8: 3e (len: 74)
updated maxmap 10: 44 (len: 78)
updated maxmap 11: 43 (len: 78)
updated maxmap 9: 56 (len: 87)
updated maxmap 10: 52 (len: 87)
updated maxmap 11: 4e (len: 87)
updated maxmap 8: 41 (len: 75)
updated maxmap 7: 28 (len: 48)
[1;94m[*] [0mFuzzing test case #1 (246 total, 0 uniq crashes found)...[0m
scheduled normal input!!!!
updated maxmap 8: 46 (len: 66)
updated maxmap 7: 2e (len: 53)
[1;94m[*] [0mFuzzing test case #2 (265 total, 0 uniq crashes found)...[0m
[1;94m[*] [0mFuzzing test case #3 (265 total, 0 uniq crashes found)...[0m
scheduled max input!!!!
schedule: 11 level3_3/ijon_max/11
updated maxmap 9: 5b (len: 89)
updated maxmap 10: 57 (len: 89)
updated maxmap 11: 53 (len: 89)
updated maxmap 10: 58 (len: 102)
updated maxmap 11: 54 (len: 102)
updated maxmap 11: 59 (len: 154)
updated maxmap 9: 60 (len: 120)
updated maxmap 9: 75 (len: 109)
updated maxmap 10: 78 (len: 109)
updated maxmap 9: 87 (len: 126)
updated maxmap 10: 7e (len: 126)
updated maxmap 11: 79 (len: 126)
updated maxmap 8: 56 (len: 87)
updated maxmap 8: 5d (len: 93)
updated maxmap 9: 9a (len: 147)
updated maxmap 10: a0 (len: 147)
updated maxmap 11: a1 (len: 147)
updated maxmap 9: ae (len: 156)
updated maxmap 10: bc (len: 156)
updated maxmap 11: b9 (len: 156)
updated maxmap 8: 5e (len: 91)
updated maxmap 8: 6f (len: 145)
updated maxmap 8: af (len: 157)
updated maxmap 9: d9 (len: 157)
updated maxmap 10: c7 (len: 157)
updated maxmap 11: c1 (len: 157)
updated maxmap 7: 52 (len: 98)
updated maxmap 9: df (len: 175)
updated maxmap 11: c8 (len: 156)
updated maxmap 7: 6f (len: 102)
updated maxmap 7: 9d (len: 139)
[1;94m[*] [0mFuzzing test case #4 (405 total, 0 uniq crashes found)...[0m
[1;94m[*] [0mFuzzing test case #5 (405 total, 0 uniq crashes found)...[0m
scheduled max input!!!!
schedule: 10 level3_3/ijon_max/10
updated maxmap 9: e9 (len: 168)
updated maxmap 10: e3 (len: 168)
updated maxmap 11: dd (len: 168)
updated maxmap 10: e5 (len: 169)
updated maxmap 11: df (len: 169)
updated maxmap 9: 109 (len: 208)
updated maxmap 10: 10f (len: 208)
updated maxmap 11: 111 (len: 208)
updated maxmap 8: 118 (len: 193)
updated maxmap 9: 11f (len: 193)
updated maxmap 12: 10c (len: 238)
updated maxmap 13: 112 (len: 238)
updated maxmap 14: 116 (len: 238)
updated maxmap 15: 119 (len: 238)
updated maxmap 10: 120 (len: 203)
updated maxmap 12: 111 (len: 222)
updated maxmap 13: 117 (len: 222)
updated maxmap 14: 11b (len: 222)
updated maxmap 15: 121 (len: 222)
updated maxmap 9: 12b (len: 171)
updated maxmap 10: 126 (len: 171)
updated maxmap 12: 116 (len: 165)
updated maxmap 13: 11e (len: 165)
updated maxmap 8: 127 (len: 169)
updated maxmap 8: 12f (len: 171)
updated maxmap 12: 119 (len: 162)
updated maxmap 13: 121 (len: 168)
updated maxmap 14: 126 (len: 168)
updated maxmap 7: ac (len: 157)
updated maxmap 8: 132 (len: 178)
updated maxmap 9: 12f (len: 178)
updated maxmap 10: 128 (len: 178)
updated maxmap 0: 11a (len: 214)
updated maxmap 11: 113 (len: 223)
updated maxmap 12: 11b (len: 171)
updated maxmap 13: 125 (len: 171)
updated maxmap 14: 12a (len: 171)
updated maxmap 8: 13b (len: 178)
updated maxmap 6: e8 (len: 210)
updated maxmap 7: f4 (len: 210)
updated maxmap 0: 122 (len: 223)
[1;94m[*] [0mFuzzing test case #6 (563 total, 0 uniq crashes found)...[0m
[1;94m[*] [0mFuzzing test case #7 (563 total, 0 uniq crashes found)...[0m
scheduled max input!!!!
schedule: 6 level3_3/ijon_max/6
updated maxmap 7: f6 (len: 212)
updated maxmap 6: ee (len: 210)
updated maxmap 7: fb (len: 210)
updated maxmap 6: f3 (len: 210)
updated maxmap 7: ff (len: 210)
updated maxmap 8: 143 (len: 210)
updated maxmap 9: 155 (len: 210)
updated maxmap 10: 150 (len: 210)
updated maxmap 8: 145 (len: 210)
updated maxmap 9: 156 (len: 210)
updated maxmap 10: 151 (len: 210)
updated maxmap 6: f8 (len: 210)
updated maxmap 7: 104 (len: 210)
updated maxmap 8: 148 (len: 210)
updated maxmap 9: 159 (len: 210)
updated maxmap 10: 154 (len: 210)
updated maxmap 14: 12b (len: 221)
updated maxmap 7: 155 (len: 241)
updated maxmap 8: 153 (len: 241)
updated maxmap 0: 129 (len: 249)
updated maxmap 15: 128 (len: 249)
updated maxmap 9: 15a (len: 210)
updated maxmap 10: 155 (len: 210)
updated maxmap 0: 131 (len: 210)
updated maxmap 15: 12e (len: 210)
updated maxmap 0: 134 (len: 218)
updated maxmap 15: 132 (len: 218)
updated maxmap 8: 15b (len: 217)
updated maxmap 0: 13b (len: 210)
updated maxmap 14: 12e (len: 210)
updated maxmap 15: 138 (len: 210)
updated maxmap 6: fc (len: 212)
updated maxmap 9: 15c (len: 212)
updated maxmap 10: 157 (len: 212)
updated maxmap 10: 158 (len: 210)
updated maxmap 9: 162 (len: 217)
updated maxmap 10: 16a (len: 217)
updated maxmap 6: 10c (len: 218)
updated maxmap 8: 161 (len: 218)
updated maxmap 9: 16b (len: 218)
updated maxmap 10: 16d (len: 218)
updated maxmap 6: 10d (len: 216)
updated maxmap 11: 114 (len: 217)
updated maxmap 6: 12a (len: 210)
updated maxmap 8: 169 (len: 210)
updated maxmap 0: 13c (len: 210)
updated maxmap 14: 12f (len: 210)
updated maxmap 15: 139 (len: 210)
updated maxmap 0: 140 (len: 210)
updated maxmap 11: 116 (len: 210)
updated maxmap 12: 120 (len: 210)
updated maxmap 13: 12a (len: 210)
updated maxmap 14: 134 (len: 210)
updated maxmap 15: 13e (len: 210)
updated maxmap 10: 16e (len: 212)
updated maxmap 8: 16d (len: 211)
updated maxmap 7: 15e (len: 210)
updated maxmap 11: 173 (len: 214)
updated maxmap 12: 176 (len: 214)
updated maxmap 8: 16e (len: 218)
updated maxmap 6: 12c (len: 210)
updated maxmap 7: 173 (len: 218)
updated maxmap 8: 171 (len: 218)
updated maxmap 6: 12d (len: 210)
updated maxmap 8: 172 (len: 213)
updated maxmap 0: 19c (len: 275)
updated maxmap 12: 17b (len: 275)
updated maxmap 13: 185 (len: 275)
updated maxmap 14: 18f (len: 275)
updated maxmap 15: 199 (len: 275)
updated maxmap 6: 13c (len: 210)
updated maxmap 11: 178 (len: 236)
updated maxmap 9: 172 (len: 212)
updated maxmap 10: 17c (len: 217)
updated maxmap 6: 13e (len: 210)
updated maxmap 11: 181 (len: 223)
updated maxmap 12: 18b (len: 223)
updated maxmap 13: 188 (len: 228)
updated maxmap 14: 192 (len: 228)
updated maxmap 6: 13f (len: 210)
updated maxmap 6: 141 (len: 210)
updated maxmap 6: 143 (len: 210)
updated maxmap 6: 15e (len: 218)
updated maxmap 9: 17c (len: 218)
updated maxmap 10: 183 (len: 218)
updated maxmap 6: 161 (len: 210)
updated maxmap 6: 166 (len: 215)
updated maxmap 6: 168 (len: 210)
updated maxmap 8: 173 (len: 210)
updated maxmap 6: 16a (len: 210)
updated maxmap 6: 16c (len: 210)
updated maxmap 13: 18d (len: 221)
updated maxmap 11: 189 (len: 218)
updated maxmap 12: 18c (len: 218)
updated maxmap 6: 182 (len: 217)
updated maxmap 7: 17e (len: 217)
updated maxmap 6: 184 (len: 216)
updated maxmap 7: 17f (len: 216)
updated maxmap 0: 1a1 (len: 234)
updated maxmap 14: 195 (len: 234)
updated maxmap 15: 19f (len: 234)
updated maxmap 5: 170 (len: 210)
updated maxmap 14: 196 (len: 218)
updated maxmap 13: 190 (len: 248)
updated maxmap 8: 174 (len: 210)
updated maxmap 7: 186 (len: 217)
updated maxmap 8: 175 (len: 213)
updated maxmap 9: 17f (len: 213)
updated maxmap 6: 18c (len: 218)
updated maxmap 14: 199 (len: 217)
updated maxmap 13: 191 (len: 223)
updated maxmap 5: 187 (len: 216)
updated maxmap 0: 1a8 (len: 262)
updated maxmap 14: 19b (len: 262)
updated maxmap 15: 1a5 (len: 262)
updated maxmap 7: 188 (len: 218)
updated maxmap 7: 189 (len: 218)
[1;94m[*] [0mFuzzing test case #8 (704 total, 0 uniq crashes found)...[0m
scheduled max input!!!!
schedule: 12 level3_3/ijon_max/12
updated maxmap 12: 193 (len: 226)
updated maxmap 13: 19d (len: 226)
updated maxmap 14: 19f (len: 226)
updated maxmap 5: 1aa (len: 238)
updated maxmap 6: 1b2 (len: 238)
updated maxmap 14: 1a3 (len: 228)
updated maxmap 10: 185 (len: 221)
updated maxmap 11: 18f (len: 221)
updated maxmap 10: 186 (len: 220)
updated maxmap 11: 190 (len: 220)
updated maxmap 12: 196 (len: 225)
updated maxmap 4: 18c (len: 218)
updated maxmap 4: 18e (len: 218)
updated maxmap 0: 1a9 (len: 230)
updated maxmap 15: 1a7 (len: 230)
updated maxmap 8: 176 (len: 221)
updated maxmap 9: 180 (len: 221)
updated maxmap 10: 18a (len: 221)
updated maxmap 11: 194 (len: 221)
updated maxmap 8: 178 (len: 235)
updated maxmap 12: 198 (len: 230)
updated maxmap 13: 1a2 (len: 230)
updated maxmap 14: 1ac (len: 230)
updated maxmap 12: 199 (len: 225)
updated maxmap 12: 19a (len: 226)
updated maxmap 15: 1b1 (len: 234)
[1;94m[*] [0mFuzzing test case #9 (725 total, 0 uniq crashes found)...[0m
scheduled max input!!!!
schedule: 4 level3_3/ijon_max/4
updated maxmap 3: 191 (len: 224)
updated maxmap 4: 18f (len: 224)
updated maxmap 7: 18d (len: 242)
updated maxmap 4: 191 (len: 221)
updated maxmap 12: 19d (len: 232)
updated maxmap 13: 1a7 (len: 232)
updated maxmap 4: 193 (len: 221)
updated maxmap 3: 192 (len: 223)
updated maxmap 7: 18f (len: 226)
updated maxmap 4: 195 (len: 223)
updated maxmap 4: 196 (len: 224)
[1;94m[*] [0mFuzzing test case #10 (737 total, 0 uniq crashes found)...[0m
scheduled max input!!!!
schedule: 9 level3_3/ijon_max/9
[1;94m[*] [0mFuzzing test case #11 (737 total, 0 uniq crashes found)...[0m
scheduled max input!!!!
schedule: 13 level3_3/ijon_max/13
updated maxmap 12: 19e (len: 232)
updated maxmap 13: 1a8 (len: 232)
updated maxmap 14: 1b2 (len: 238)
updated maxmap 15: 1b7 (len: 238)
updated maxmap 0: 1bc (len: 240)
updated maxmap 15: 1ba (len: 240)
updated maxmap 4: 1a4 (len: 232)
updated maxmap 4: 1a9 (len: 232)
updated maxmap 5: 1ac (len: 232)
updated maxmap 7: 190 (len: 232)
updated maxmap 4: 1ac (len: 242)
updated maxmap 5: 1b6 (len: 242)
updated maxmap 6: 1b8 (len: 242)
updated maxmap 7: 193 (len: 242)
updated maxmap 7: 19f (len: 232)
updated maxmap 15: 1bc (len: 240)
updated maxmap 5: 1f0 (len: 279)
updated maxmap 6: 1e9 (len: 279)
updated maxmap 7: 1e6 (len: 279)
updated maxmap 0: 1bd (len: 242)
[1;94m[*] [0mFuzzing test case #12 (756 total, 0 uniq crashes found)...[0m
[1;94m[*] [0mFuzzing test case #13 (756 total, 0 uniq crashes found)...[0m
scheduled max input!!!!
schedule: 14 level3_3/ijon_max/14
updated maxmap 4: 1b2 (len: 253)
updated maxmap 0: 1bf (len: 245)
updated maxmap 4: 1b3 (len: 239)
[1;94m[*] [0mFuzzing test case #14 (766 total, 0 uniq crashes found)...[0m
scheduled max input!!!!
schedule: 15 level3_3/ijon_max/15
[1;94m[*] [0mFuzzing test case #15 (766 total, 0 uniq crashes found)...[0m
scheduled max input!!!!
schedule: 12 level3_3/ijon_max/12
[1;94m[*] [0mFuzzing test case #16 (767 total, 0 uniq crashes found)...[0m
scheduled max input!!!!
schedule: 8 level3_3/ijon_max/8
updated maxmap 8: 179 (len: 235)
[1;94m[*] [0mFuzzing test case #17 (767 total, 0 uniq crashes found)...[0m
[1;94m[*] [0mFuzzing test case #18 (767 total, 0 uniq crashes found)...[0m
[1;94m[*] [0mFuzzing test case #19 (767 total, 0 uniq crashes found)...[0m
scheduled max input!!!!
schedule: 13 level3_3/ijon_max/13
[1;94m[*] [0mFuzzing test case #20 (767 total, 0 uniq crashes found)...[0m
scheduled max input!!!!
schedule: 15 level3_3/ijon_max/15
[1;94m[*] [0mFuzzing test case #21 (769 total, 0 uniq crashes found)...[0m
scheduled max input!!!!
schedule: 0 level3_3/ijon_max/0
[1;94m[*] [0mFuzzing test case #22 (769 total, 0 uniq crashes found)...[0m
scheduled max input!!!!
schedule: 5 level3_3/ijon_max/5
updated maxmap 5: 1f2 (len: 279)
updated maxmap 6: 1eb (len: 279)
updated maxmap 7: 1e7 (len: 279)
updated maxmap 4: 1de (len: 279)
updated maxmap 5: 200 (len: 279)
updated maxmap 6: 1fe (len: 279)
updated maxmap 7: 1f8 (len: 279)
updated maxmap 4: 1e0 (len: 279)
updated maxmap 5: 202 (len: 279)
updated maxmap 6: 1ff (len: 279)
updated maxmap 7: 1fa (len: 279)
updated maxmap 7: 208 (len: 279)
updated maxmap 4: 1e1 (len: 279)
updated maxmap 5: 203 (len: 279)
updated maxmap 6: 200 (len: 279)
updated maxmap 4: 1e2 (len: 279)
updated maxmap 8: 20a (len: 279)
updated maxmap 7: 20c (len: 280)
updated maxmap 4: 1f0 (len: 279)
updated maxmap 7: 20d (len: 279)
updated maxmap 4: 217 (len: 285)
updated maxmap 5: 208 (len: 285)
updated maxmap 6: 202 (len: 279)
updated maxmap 5: 20a (len: 279)
updated maxmap 5: 20b (len: 283)
updated maxmap 6: 210 (len: 286)
updated maxmap 7: 217 (len: 286)
updated maxmap 8: 20d (len: 285)
updated maxmap 9: 20f (len: 285)
updated maxmap 8: 212 (len: 286)
updated maxmap 9: 217 (len: 286)
updated maxmap 3: 20f (len: 293)
updated maxmap 4: 219 (len: 293)
updated maxmap 8: 213 (len: 287)
updated maxmap 5: 20d (len: 286)
updated maxmap 8: 216 (len: 295)
updated maxmap 9: 220 (len: 295)
[1;94m[*] [0mFuzzing test case #23 (811 total, 0 uniq crashes found)...[0m
scheduled max input!!!!
schedule: 13 level3_3/ijon_max/13
[1;94m[*] [0mFuzzing test case #24 (811 total, 0 uniq crashes found)...[0m
[1;94m[*] [0mFuzzing test case #25 (811 total, 0 uniq crashes found)...[0m
[1;94m[*] [0mFuzzing test case #26 (811 total, 0 uniq crashes found)...[0m
[1;94m[*] [0mFuzzing test case #27 (811 total, 0 uniq crashes found)...[0m
scheduled max input!!!!
schedule: 14 level3_3/ijon_max/14
[1;94m[*] [0mFuzzing test case #28 (811 total, 0 uniq crashes found)...[0m
scheduled max input!!!!
schedule: 3 level3_3/ijon_max/3
updated maxmap 5: 21a (len: 293)
updated maxmap 6: 21d (len: 293)
updated maxmap 3: 212 (len: 293)
updated maxmap 4: 21c (len: 293)
updated maxmap 3: 213 (len: 293)
updated maxmap 4: 21d (len: 293)
updated maxmap 3: 217 (len: 293)
updated maxmap 4: 221 (len: 293)
updated maxmap 7: 21c (len: 302)
updated maxmap 6: 220 (len: 301)
updated maxmap 7: 221 (len: 301)
updated maxmap 8: 221 (len: 301)
updated maxmap 3: 219 (len: 293)
updated maxmap 4: 223 (len: 293)
updated maxmap 3: 224 (len: 293)
updated maxmap 4: 22e (len: 293)
updated maxmap 3: 227 (len: 294)
updated maxmap 4: 231 (len: 294)
updated maxmap 3: 22c (len: 293)
updated maxmap 4: 233 (len: 298)
updated maxmap 5: 238 (len: 298)
updated maxmap 7: 232 (len: 300)
updated maxmap 8: 23c (len: 300)
updated maxmap 9: 243 (len: 300)
updated maxmap 10: 219 (len: 300)
updated maxmap 3: 232 (len: 294)
updated maxmap 4: 23c (len: 299)
updated maxmap 5: 23f (len: 299)
updated maxmap 10: 21b (len: 293)
updated maxmap 6: 232 (len: 295)
updated maxmap 3: 23e (len: 300)
updated maxmap 10: 229 (len: 295)
updated maxmap 10: 23a (len: 298)
updated maxmap 7: 234 (len: 301)
updated maxmap 8: 23e (len: 301)
updated maxmap 4: 240 (len: 301)
updated maxmap 7: 244 (len: 306)
updated maxmap 8: 24e (len: 306)
updated maxmap 11: 244 (len: 324)
updated maxmap 12: 24e (len: 324)
updated maxmap 13: 258 (len: 324)
updated maxmap 14: 262 (len: 324)
updated maxmap 15: 264 (len: 324)
updated maxmap 4: 241 (len: 301)
updated maxmap 6: 237 (len: 300)
updated maxmap 2: 22c (len: 293)
updated maxmap 10: 23c (len: 300)
updated maxmap 6: 239 (len: 301)
updated maxmap 3: 23f (len: 300)
updated maxmap 3: 242 (len: 301)
[1;94m[*] [0mFuzzing test case #29 (854 total, 0 uniq crashes found)...[0m
[1;94m[*] [0mFuzzing test case #30 (854 total, 0 uniq crashes found)...[0m
scheduled max input!!!!
schedule: 4 level3_3/ijon_max/4
updated maxmap 4: 250 (len: 307)
updated maxmap 10: 23d (len: 301)
updated maxmap 6: 23f (len: 301)
[1;94m[*] [0mFuzzing test case #31 (854 total, 0 uniq crashes found)...[0m
scheduled max input!!!!
schedule: 3 level3_3/ijon_max/3
updated maxmap 9: 24f (len: 308)
updated maxmap 10: 254 (len: 308)
updated maxmap 3: 256 (len: 315)
updated maxmap 9: 254 (len: 314)
[1;94m[*] [0mFuzzing test case #32 (867 total, 0 uniq crashes found)...[0m
[1;94m[*] [0mFuzzing test case #33 (867 total, 0 uniq crashes found)...[0m
scheduled max input!!!!
schedule: 14 level3_3/ijon_max/14
updated maxmap 15: 269 (len: 326)
updated maxmap 11: 248 (len: 325)
updated maxmap 12: 252 (len: 325)
updated maxmap 13: 25b (len: 325)
updated maxmap 14: 265 (len: 325)
updated maxmap 11: 24c (len: 326)
updated maxmap 12: 255 (len: 326)
updated maxmap 13: 25f (len: 326)
updated maxmap 14: 269 (len: 326)
updated maxmap 12: 256 (len: 325)
updated maxmap 13: 260 (len: 325)
updated maxmap 3: 278 (len: 335)
updated maxmap 4: 271 (len: 335)
updated maxmap 5: 267 (len: 335)
updated maxmap 6: 260 (len: 335)
updated maxmap 11: 24d (len: 324)
updated maxmap 12: 257 (len: 324)
updated maxmap 13: 261 (len: 324)
updated maxmap 15: 271 (len: 329)
updated maxmap 0: 278 (len: 335)
updated maxmap 14: 26b (len: 335)
updated maxmap 15: 275 (len: 335)
updated maxmap 5: 268 (len: 329)
[1;94m[*] [0mFuzzing test case #34 (895 total, 0 uniq crashes found)...[0m
scheduled max input!!!!
schedule: 2 level3_3/ijon_max/2
updated maxmap 2: 22d (len: 293)
updated maxmap 2: 22e (len: 293)
updated maxmap 2: 22f (len: 293)
[1;94m[*] [0mFuzzing test case #35 (895 total, 0 uniq crashes found)...[0m
scheduled max input!!!!
schedule: 14 level3_3/ijon_max/14
updated maxmap 6: 277 (len: 335)
updated maxmap 6: 278 (len: 335)
updated maxmap 2: 271 (len: 350)
updated maxmap 4: 280 (len: 343)
updated maxmap 5: 271 (len: 343)
updated maxmap 4: 28c (len: 341)
updated maxmap 5: 278 (len: 341)
updated maxmap 6: 285 (len: 343)
[1;94m[*] [0mFuzzing test case #36 (923 total, 0 uniq crashes found)...[0m
scheduled max input!!!!
schedule: 13 level3_3/ijon_max/13
[1;94m[*] [0mFuzzing test case #37 (923 total, 0 uniq crashes found)...[0m
scheduled max input!!!!
schedule: 0 level3_3/ijon_max/0
updated maxmap 11: 250 (len: 343)
[1;94m[*] [0mFuzzing test case #38 (924 total, 0 uniq crashes found)...[0m
[1;94m[*] [0mFuzzing test case #39 (924 total, 0 uniq crashes found)...[0m
scheduled max input!!!!
schedule: 5 level3_3/ijon_max/5
updated maxmap 4: 28d (len: 341)
updated maxmap 5: 279 (len: 341)
updated maxmap 0: 295 (len: 355)
updated maxmap 9: 257 (len: 355)
updated maxmap 10: 261 (len: 355)
updated maxmap 11: 26b (len: 355)
updated maxmap 12: 275 (len: 355)
updated maxmap 13: 27f (len: 355)
updated maxmap 14: 289 (len: 355)
updated maxmap 15: 293 (len: 355)
updated maxmap 4: 28e (len: 341)
updated maxmap 5: 27a (len: 341)
updated maxmap 6: 28d (len: 341)
updated maxmap 5: 27b (len: 341)
updated maxmap 4: 28f (len: 341)
updated maxmap 3: 281 (len: 341)
updated maxmap 5: 290 (len: 341)
updated maxmap 5: 297 (len: 348)
updated maxmap 6: 2a1 (len: 348)
updated maxmap 4: 290 (len: 344)
updated maxmap 4: 291 (len: 344)
updated maxmap 4: 297 (len: 347)
updated maxmap 5: 29a (len: 347)
updated maxmap 3: 289 (len: 341)
updated maxmap 5: 29c (len: 348)
updated maxmap 4: 29a (len: 347)
updated maxmap 7: 298 (len: 349)
updated maxmap 8: 2a2 (len: 349)
updated maxmap 7: 299 (len: 349)
updated maxmap 5: 29d (len: 349)
updated maxmap 5: 29e (len: 349)
updated maxmap 9: 25a (len: 341)
updated maxmap 10: 264 (len: 341)
updated maxmap 11: 26e (len: 341)
updated maxmap 12: 278 (len: 341)
updated maxmap 7: 29e (len: 348)
updated maxmap 8: 2a3 (len: 348)
updated maxmap 4: 29d (len: 347)
[1;94m[*] [0mFuzzing test case #40 (942 total, 0 uniq crashes found)...[0m
scheduled max input!!!!
schedule: 2 level3_3/ijon_max/2
updated maxmap 7: 2a1 (len: 356)
updated maxmap 2: 275 (len: 350)
updated maxmap 7: 2a3 (len: 353)
updated maxmap 2: 276 (len: 350)
updated maxmap 7: 2a4 (len: 357)
updated maxmap 8: 2a9 (len: 357)
updated maxmap 2: 277 (len: 350)
updated maxmap 6: 2a4 (len: 358)
updated maxmap 7: 2ac (len: 358)
updated maxmap 8: 2af (len: 365)
updated maxmap 9: 2b9 (len: 365)
updated maxmap 10: 2be (len: 365)
updated maxmap 2: 278 (len: 350)
[1;94m[*] [0mFuzzing test case #41 (956 total, 0 uniq crashes found)...[0m
scheduled max input!!!!
schedule: 14 level3_3/ijon_max/14
updated maxmap 0: 29b (len: 355)
updated maxmap 11: 271 (len: 355)
updated maxmap 12: 27b (len: 355)
updated maxmap 13: 285 (len: 355)
updated maxmap 14: 28e (len: 355)
updated maxmap 15: 298 (len: 355)
updated maxmap 14: 28f (len: 355)
updated maxmap 15: 299 (len: 355)
updated maxmap 0: 29c (len: 355)
updated maxmap 11: 272 (len: 355)
updated maxmap 12: 27c (len: 355)
updated maxmap 13: 286 (len: 355)
updated maxmap 14: 290 (len: 355)
updated maxmap 15: 29a (len: 355)
updated maxmap 0: 29d (len: 355)
updated maxmap 11: 273 (len: 355)
updated maxmap 12: 27d (len: 355)
updated maxmap 13: 287 (len: 355)
updated maxmap 14: 291 (len: 355)
updated maxmap 15: 29b (len: 355)
[1;94m[*] [0mFuzzing test case #42 (956 total, 0 uniq crashes found)...[0m
scheduled max input!!!!
schedule: 4 level3_3/ijon_max/4
updated maxmap 4: 2a0 (len: 349)
[1;94m[*] [0mFuzzing test case #43 (956 total, 0 uniq crashes found)...[0m
scheduled max input!!!!
schedule: 11 level3_3/ijon_max/11
updated maxmap 7: 2ae (len: 355)
updated maxmap 8: 2b1 (len: 355)
[1;94m[*] [0mFuzzing test case #44 (956 total, 0 uniq crashes found)...[0m
[1;94m[*] [0mFuzzing test case #45 (956 total, 0 uniq crashes found)...[0m
scheduled max input!!!!
schedule: 7 level3_3/ijon_max/7
updated maxmap 6: 2a6 (len: 355)
updated maxmap 7: 2b0 (len: 355)
updated maxmap 8: 2b2 (len: 355)
updated maxmap 8: 2b3 (len: 355)
updated maxmap 6: 2a8 (len: 356)
updated maxmap 7: 2b1 (len: 356)
updated maxmap 8: 2b4 (len: 356)
updated maxmap 7: 2b2 (len: 355)
updated maxmap 5: 2a1 (len: 357)
updated maxmap 6: 2ab (len: 357)
updated maxmap 7: 2b5 (len: 357)
updated maxmap 8: 2ba (len: 359)
updated maxmap 5: 2a2 (len: 355)
updated maxmap 6: 2ac (len: 355)
updated maxmap 5: 2a3 (len: 355)
updated maxmap 6: 2ad (len: 355)
updated maxmap 4: 2a3 (len: 355)
updated maxmap 5: 2ac (len: 355)
updated maxmap 6: 2af (len: 355)
updated maxmap 11: 2bd (len: 362)
updated maxmap 8: 2bb (len: 360)
updated maxmap 9: 2bd (len: 360)
updated maxmap 6: 2b3 (len: 361)
updated maxmap 7: 2b8 (len: 361)
updated maxmap 10: 2c2 (len: 362)
updated maxmap 11: 2c4 (len: 362)
updated maxmap 12: 2bc (len: 363)
updated maxmap 4: 2a4 (len: 355)
updated maxmap 7: 2b9 (len: 363)
updated maxmap 5: 2ad (len: 362)
updated maxmap 6: 2b7 (len: 362)
updated maxmap 3: 28a (len: 355)
[1;94m[*] [0mFuzzing test case #46 (965 total, 0 uniq crashes found)...[0m
scheduled max input!!!!
schedule: 4 level3_3/ijon_max/4
updated maxmap 4: 2a5 (len: 355)
updated maxmap 3: 28b (len: 355)
updated maxmap 4: 2a6 (len: 355)
[1;94m[*] [0mFuzzing test case #47 (965 total, 0 uniq crashes found)...[0m
scheduled max input!!!!
schedule: 11 level3_3/ijon_max/11
updated maxmap 7: 2be (len: 362)
updated maxmap 8: 2c3 (len: 362)
[1;94m[*] [0mFuzzing test case #48 (966 total, 0 uniq crashes found)...[0m
scheduled max input!!!!
schedule: 7 level3_3/ijon_max/7
updated maxmap 9: 2c1 (len: 374)
updated maxmap 10: 2cb (len: 374)
updated maxmap 11: 2d5 (len: 374)
updated maxmap 12: 2df (len: 374)
updated maxmap 8: 2c6 (len: 363)
updated maxmap 9: 2ca (len: 370)
updated maxmap 10: 2d4 (len: 370)
updated maxmap 5: 2af (len: 370)
updated maxmap 6: 2b9 (len: 370)
updated maxmap 7: 2c3 (len: 370)
updated maxmap 8: 2cd (len: 370)
updated maxmap 9: 2d5 (len: 370)
updated maxmap 5: 2b0 (len: 363)
updated maxmap 4: 2a7 (len: 362)
updated maxmap 5: 2b1 (len: 362)
updated maxmap 6: 2bb (len: 362)
updated maxmap 11: 2d6 (len: 370)
updated maxmap 3: 28e (len: 362)
updated maxmap 11: 2dd (len: 375)
updated maxmap 12: 2e2 (len: 375)
updated maxmap 3: 293 (len: 369)
updated maxmap 13: 2c9 (len: 365)
updated maxmap 10: 2d7 (len: 372)
[1;94m[*] [0mFuzzing test case #49 (979 total, 0 uniq crashes found)...[0m
[1;94m[*] [0mFuzzing test case #50 (979 total, 0 uniq crashes found)...[0m
scheduled max input!!!!
schedule: 5 level3_3/ijon_max/5
updated maxmap 14: 2b1 (len: 370)
[1;94m[*] [0mFuzzing test case #51 (979 total, 0 uniq crashes found)...[0m
scheduled max input!!!!
schedule: 8 level3_3/ijon_max/8
updated maxmap 13: 2d3 (len: 370)
updated maxmap 14: 2d6 (len: 370)
updated maxmap 10: 2df (len: 378)
updated maxmap 11: 2e7 (len: 378)
updated maxmap 13: 2de (len: 376)
updated maxmap 9: 2d6 (len: 374)
updated maxmap 7: 2c4 (len: 370)
updated maxmap 8: 2ce (len: 370)
updated maxmap 13: 2e0 (len: 373)
updated maxmap 13: 2e2 (len: 374)
updated maxmap 9: 2d7 (len: 373)
updated maxmap 13: 2ea (len: 382)
updated maxmap 14: 2f4 (len: 382)
updated maxmap 15: 2f6 (len: 382)
updated maxmap 10: 2e0 (len: 377)
updated maxmap 12: 2e5 (len: 376)
updated maxmap 11: 2e8 (len: 378)
updated maxmap 0: 2e7 (len: 380)
updated maxmap 12: 2e7 (len: 378)
updated maxmap 7: 2c5 (len: 370)
updated maxmap 8: 2cf (len: 370)
updated maxmap 9: 2d9 (len: 375)
updated maxmap 10: 2e3 (len: 375)
updated maxmap 11: 2e9 (len: 378)
[1;94m[*] [0mFuzzing test case #52 (990 total, 0 uniq crashes found)...[0m
scheduled max input!!!!
schedule: 15 level3_3/ijon_max/15
updated maxmap 0: 2ff (len: 390)
updated maxmap 15: 2fd (len: 390)
updated maxmap 0: 306 (len: 389)
updated maxmap 13: 2f0 (len: 389)
updated maxmap 14: 2fa (len: 389)
updated maxmap 15: 303 (len: 389)
updated maxmap 13: 2f1 (len: 382)
updated maxmap 12: 2ed (len: 392)
updated maxmap 13: 2f7 (len: 392)
updated maxmap 14: 300 (len: 392)
updated maxmap 15: 305 (len: 392)
updated maxmap 12: 2ef (len: 382)
updated maxmap 12: 2f0 (len: 382)
updated maxmap 12: 2f3 (len: 382)
updated maxmap 1: 25e (len: 392)
updated maxmap 13: 2f8 (len: 386)
updated maxmap 11: 2ea (len: 388)
updated maxmap 12: 2f4 (len: 388)
updated maxmap 11: 2ec (len: 382)
updated maxmap 12: 2f5 (len: 382)
updated maxmap 13: 2fa (len: 388)
[1;94m[*] [0mFuzzing test case #53 (1011 total, 0 uniq crashes found)...[0m
[1;94m[*] [0mFuzzing test case #54 (1011 total, 0 uniq crashes found)...[0m
scheduled max input!!!!
schedule: 3 level3_3/ijon_max/3
[1;94m[*] [0mFuzzing test case #55 (1011 total, 0 uniq crashes found)...[0m
scheduled max input!!!!
schedule: 0 level3_3/ijon_max/0
updated maxmap 14: 303 (len: 389)
updated maxmap 15: 306 (len: 389)
[1;94m[*] [0mFuzzing test case #56 (1011 total, 0 uniq crashes found)...[0m
scheduled max input!!!!
schedule: 4 level3_3/ijon_max/4
[1;94m[*] [0mFuzzing test case #57 (1011 total, 0 uniq crashes found)...[0m
scheduled max input!!!!
schedule: 15 level3_3/ijon_max/15
updated maxmap 13: 2fb (len: 389)
updated maxmap 14: 304 (len: 389)
[1;94m[*] [0mFuzzing test case #58 (1012 total, 0 uniq crashes found)...[0m
[1;94m[*] [0mFuzzing test case #59 (1012 total, 0 uniq crashes found)...[0m
scheduled max input!!!!
schedule: 15 level3_3/ijon_max/15
updated maxmap 0: 308 (len: 390)
updated maxmap 0: 30f (len: 395)
updated maxmap 15: 30d (len: 395)
updated maxmap 0: 314 (len: 396)
updated maxmap 13: 2fe (len: 396)
updated maxmap 14: 308 (len: 396)
updated maxmap 15: 312 (len: 396)
updated maxmap 12: 2f6 (len: 389)
updated maxmap 13: 2ff (len: 389)
updated maxmap 3: 294 (len: 389)
updated maxmap 1: 269 (len: 396)
updated maxmap 11: 2ed (len: 389)
updated maxmap 12: 2f7 (len: 389)
updated maxmap 13: 300 (len: 389)
updated maxmap 14: 309 (len: 396)
[1;94m[*] [0mFuzzing test case #60 (1026 total, 0 uniq crashes found)...[0m
scheduled max input!!!!
schedule: 2 level3_3/ijon_max/2
[1;94m[*] [0mFuzzing test case #61 (1026 total, 0 uniq crashes found)...[0m
[1;94m[*] [0mFuzzing test case #62 (1026 total, 0 uniq crashes found)...[0m
scheduled max input!!!!
schedule: 6 level3_3/ijon_max/6
[1;94m[*] [0mFuzzing test case #63 (1026 total, 0 uniq crashes found)...[0m
scheduled max input!!!!
schedule: 3 level3_3/ijon_max/3
updated maxmap 0: 315 (len: 397)
updated maxmap 15: 313 (len: 397)
updated maxmap 3: 295 (len: 389)
[1;94m[*] [0mFuzzing test case #64 (1026 total, 0 uniq crashes found)...[0m
scheduled max input!!!!
schedule: 3 level3_3/ijon_max/3
[1;94m[*] [0mFuzzing test case #65 (1026 total, 0 uniq crashes found)...[0m
[1;94m[*] [0mFuzzing test case #66 (1026 total, 0 uniq crashes found)...[0m
scheduled max input!!!!
schedule: 7 level3_3/ijon_max/7
[1;94m[*] [0mFuzzing test case #67 (1026 total, 0 uniq crashes found)...[0m
scheduled max input!!!!
schedule: 14 level3_3/ijon_max/14
[1;94m[*] [0mFuzzing test case #68 (1026 total, 0 uniq crashes found)...[0m
scheduled max input!!!!
schedule: 12 level3_3/ijon_max/12
[1;94m[*] [0mFuzzing test case #69 (1026 total, 0 uniq crashes found)...[0m
scheduled max input!!!!
schedule: 0 level3_3/ijon_max/0
updated maxmap 0: 316 (len: 403)
updated maxmap 14: 30a (len: 397)
updated maxmap 15: 314 (len: 397)
[1;94m[*] [0mFuzzing test case #70 (1026 total, 0 uniq crashes found)...[0m
scheduled max input!!!!
schedule: 13 level3_3/ijon_max/13
[1;94m[*] [0mFuzzing test case #71 (1026 total, 0 uniq crashes found)...[0m
scheduled max input!!!!
schedule: 12 level3_3/ijon_max/12
[1;94m[*] [0mFuzzing test case #72 (1026 total, 0 uniq crashes found)...[0m
scheduled max input!!!!
schedule: 10 level3_3/ijon_max/10
[1;94m[*] [0mFuzzing test case #73 (1026 total, 0 uniq crashes found)...[0m
[1;94m[*] [0mFuzzing test case #74 (1026 total, 0 uniq crashes found)...[0m
scheduled max input!!!!
schedule: 11 level3_3/ijon_max/11
[1;94m[*] [0mFuzzing test case #75 (1026 total, 0 uniq crashes found)...[0m
[1;94m[*] [0mFuzzing test case #76 (1026 total, 0 uniq crashes found)...[0m
scheduled max input!!!!
schedule: 6 level3_3/ijon_max/6
[1;94m[*] [0mFuzzing test case #77 (1026 total, 0 uniq crashes found)...[0m
scheduled max input!!!!
schedule: 10 level3_3/ijon_max/10
[1;94m[*] [0mFuzzing test case #78 (1026 total, 0 uniq crashes found)...[0m
[1;94m[*] [0mFuzzing test case #79 (1026 total, 0 uniq crashes found)...[0m
scheduled max input!!!!
schedule: 15 level3_3/ijon_max/15
[1;94m[*] [0mFuzzing test case #80 (1026 total, 0 uniq crashes found)...[0m
scheduled max input!!!!
schedule: 10 level3_3/ijon_max/10
[1;94m[*] [0mFuzzing test case #81 (1026 total, 0 uniq crashes found)...[0m
scheduled max input!!!!
schedule: 2 level3_3/ijon_max/2
[1;94m[*] [0mFuzzing test case #82 (1026 total, 0 uniq crashes found)...[0m
scheduled max input!!!!
schedule: 5 level3_3/ijon_max/5
[1;94m[*] [0mFuzzing test case #83 (1026 total, 0 uniq crashes found)...[0m
scheduled max input!!!!
schedule: 7 level3_3/ijon_max/7
[1;94m[*] [0mFuzzing test case #84 (1026 total, 0 uniq crashes found)...[0m
scheduled max input!!!!
schedule: 12 level3_3/ijon_max/12
[1;94m[*] [0mFuzzing test case #85 (1026 total, 0 uniq crashes found)...[0m
[1;94m[*] [0mFuzzing test case #86 (1026 total, 0 uniq crashes found)...[0m
scheduled max input!!!!
schedule: 14 level3_3/ijon_max/14
[1;94m[*] [0mFuzzing test case #87 (1027 total, 0 uniq crashes found)...[0m
scheduled max input!!!!
schedule: 12 level3_3/ijon_max/12
[1;94m[*] [0mFuzzing test case #88 (1027 total, 0 uniq crashes found)...[0m
[1;94m[*] [0mFuzzing test case #89 (1027 total, 0 uniq crashes found)...[0m
scheduled max input!!!!
schedule: 6 level3_3/ijon_max/6
[1;94m[*] [0mFuzzing test case #90 (1027 total, 0 uniq crashes found)...[0m
scheduled max input!!!!
schedule: 11 level3_3/ijon_max/11
[1;94m[*] [0mFuzzing test case #91 (1027 total, 0 uniq crashes found)...[0m
scheduled max input!!!!
schedule: 15 level3_3/ijon_max/15
[1;94m[*] [0mFuzzing test case #92 (1029 total, 0 uniq crashes found)...[0m
scheduled max input!!!!
schedule: 10 level3_3/ijon_max/10
[1;94m[*] [0mFuzzing test case #93 (1029 total, 0 uniq crashes found)...[0m
scheduled max input!!!!
schedule: 7 level3_3/ijon_max/7
[1;94m[*] [0mFuzzing test case #94 (1029 total, 0 uniq crashes found)...[0m
scheduled max input!!!!
schedule: 9 level3_3/ijon_max/9
[1;94m[*] [0mFuzzing test case #95 (1029 total, 0 uniq crashes found)...[0m
scheduled max input!!!!
schedule: 4 level3_3/ijon_max/4
[1;94m[*] [0mFuzzing test case #96 (1029 total, 0 uniq crashes found)...[0m
scheduled max input!!!!
schedule: 13 level3_3/ijon_max/13
[1;94m[*] [0mFuzzing test case #97 (1029 total, 0 uniq crashes found)...[0m
scheduled max input!!!!
schedule: 5 level3_3/ijon_max/5
[1;94m[*] [0mFuzzing test case #98 (1029 total, 0 uniq crashes found)...[0m
scheduled max input!!!!
schedule: 10 level3_3/ijon_max/10
[1;94m[*] [0mFuzzing test case #99 (1029 total, 0 uniq crashes found)...[0m
scheduled max input!!!!
schedule: 5 level3_3/ijon_max/5
[1;94m[*] [0mFuzzing test case #100 (1029 total, 0 uniq crashes found)...[0m
scheduled max input!!!!
schedule: 1 level3_3/ijon_max/1
updated maxmap 1: 295 (len: 401)
updated maxmap 2: 292 (len: 401)
updated maxmap 1: 2f1 (len: 396)
updated maxmap 2: 2e9 (len: 396)
updated maxmap 2: 2ea (len: 396)
updated maxmap 1: 2f2 (len: 396)
updated maxmap 2: 2fc (len: 396)
updated maxmap 3: 305 (len: 396)
updated maxmap 4: 30f (len: 396)
updated maxmap 5: 314 (len: 396)
updated maxmap 1: 320 (len: 403)
updated maxmap 2: 325 (len: 403)
updated maxmap 5: 319 (len: 400)
updated maxmap 6: 31e (len: 400)
updated maxmap 3: 306 (len: 402)
updated maxmap 4: 310 (len: 402)
updated maxmap 5: 31a (len: 402)
updated maxmap 6: 320 (len: 400)
updated maxmap 3: 307 (len: 400)
updated maxmap 4: 311 (len: 400)
updated maxmap 5: 31b (len: 400)
updated maxmap 6: 324 (len: 403)
updated maxmap 7: 329 (len: 403)
updated maxmap 2: 328 (len: 404)
updated maxmap 3: 31a (len: 404)
updated maxmap 4: 324 (len: 404)
updated maxmap 3: 325 (len: 402)
updated maxmap 6: 325 (len: 404)
updated maxmap 3: 328 (len: 408)
[1;94m[*] [0mFuzzing test case #101 (1054 total, 0 uniq crashes found)...[0m
scheduled max input!!!!
schedule: 7 level3_3/ijon_max/7
updated maxmap 4: 327 (len: 403)
updated maxmap 8: 32b (len: 404)
updated maxmap 7: 32d (len: 410)
updated maxmap 8: 337 (len: 410)
updated maxmap 9: 33a (len: 410)
updated maxmap 7: 32e (len: 408)
updated maxmap 8: 338 (len: 410)
updated maxmap 3: 329 (len: 403)
updated maxmap 3: 32a (len: 403)
updated maxmap 7: 32f (len: 409)
updated maxmap 5: 32d (len: 408)
updated maxmap 6: 334 (len: 408)
updated maxmap 2: 32a (len: 404)
updated maxmap 9: 33b (len: 411)
updated maxmap 8: 339 (len: 410)
updated maxmap 10: 33b (len: 410)
[1;94m[*] [0mFuzzing test case #102 (1066 total, 0 uniq crashes found)...[0m
[1;94m[*] [0mFuzzing test case #103 (1066 total, 0 uniq crashes found)...[0m
scheduled max input!!!!
schedule: 0 level3_3/ijon_max/0
[1;94m[*] [0mFuzzing test case #104 (1066 total, 0 uniq crashes found)...[0m
scheduled max input!!!!
schedule: 4 level3_3/ijon_max/4
updated maxmap 5: 32e (len: 406)
[1;94m[*] [0mFuzzing test case #105 (1066 total, 0 uniq crashes found)...[0m
scheduled max input!!!!
schedule: 9 level3_3/ijon_max/9
updated maxmap 9: 341 (len: 416)
updated maxmap 10: 346 (len: 416)
updated maxmap 3: 32d (len: 411)
updated maxmap 4: 337 (len: 411)
updated maxmap 5: 33c (len: 411)
updated maxmap 9: 342 (len: 418)
updated maxmap 10: 34c (len: 418)
updated maxmap 9: 343 (len: 416)
updated maxmap 0: 318 (len: 419)
updated maxmap 1: 322 (len: 419)
updated maxmap 2: 32c (len: 419)
updated maxmap 3: 336 (len: 419)
updated maxmap 4: 340 (len: 419)
updated maxmap 5: 34a (len: 419)
updated maxmap 6: 34f (len: 419)
updated maxmap 10: 34d (len: 418)
updated maxmap 7: 340 (len: 415)
updated maxmap 7: 348 (len: 415)
updated maxmap 11: 346 (len: 421)
updated maxmap 11: 34b (len: 417)
updated maxmap 11: 34f (len: 419)
updated maxmap 7: 350 (len: 419)
updated maxmap 11: 352 (len: 425)
updated maxmap 9: 357 (len: 423)
updated maxmap 10: 355 (len: 423)
[1;94m[*] [0mFuzzing test case #106 (1080 total, 0 uniq crashes found)...[0m
scheduled max input!!!!
schedule: 11 level3_3/ijon_max/11
updated maxmap 11: 354 (len: 425)
updated maxmap 11: 355 (len: 425)
updated maxmap 7: 354 (len: 425)
updated maxmap 6: 351 (len: 438)
updated maxmap 7: 35b (len: 438)
updated maxmap 8: 35f (len: 438)
updated maxmap 9: 35f (len: 438)
updated maxmap 10: 35f (len: 438)
updated maxmap 9: 361 (len: 430)
updated maxmap 11: 357 (len: 430)
updated maxmap 0: 31d (len: 425)
updated maxmap 1: 327 (len: 425)
updated maxmap 2: 331 (len: 425)
updated maxmap 3: 33b (len: 425)
updated maxmap 4: 345 (len: 425)
updated maxmap 5: 34f (len: 425)
updated maxmap 9: 366 (len: 433)
updated maxmap 9: 368 (len: 433)
updated maxmap 11: 359 (len: 427)
updated maxmap 10: 369 (len: 433)
[1;94m[*] [0mFuzzing test case #107 (1095 total, 0 uniq crashes found)...[0m
scheduled max input!!!!
schedule: 6 level3_3/ijon_max/6
updated maxmap 11: 362 (len: 444)
updated maxmap 6: 352 (len: 438)
updated maxmap 7: 35c (len: 438)
updated maxmap 8: 360 (len: 438)
updated maxmap 9: 375 (len: 438)
updated maxmap 8: 361 (len: 438)
updated maxmap 10: 375 (len: 438)
updated maxmap 8: 364 (len: 441)
updated maxmap 9: 377 (len: 441)
updated maxmap 10: 379 (len: 438)
updated maxmap 11: 37b (len: 442)
updated maxmap 9: 378 (len: 440)
updated maxmap 10: 37b (len: 440)
updated maxmap 11: 37f (len: 445)
updated maxmap 12: 382 (len: 445)
updated maxmap 8: 36e (len: 441)
updated maxmap 9: 37b (len: 441)
updated maxmap 10: 37d (len: 441)
updated maxmap 10: 380 (len: 443)
updated maxmap 12: 387 (len: 446)
updated maxmap 9: 37e (len: 443)
updated maxmap 10: 381 (len: 443)
updated maxmap 11: 381 (len: 445)
updated maxmap 11: 38b (len: 446)
updated maxmap 13: 37c (len: 446)
updated maxmap 14: 386 (len: 446)
updated maxmap 13: 37e (len: 446)
updated maxmap 12: 389 (len: 449)
updated maxmap 13: 38c (len: 449)
updated maxmap 6: 353 (len: 438)
updated maxmap 7: 35d (len: 438)
updated maxmap 9: 37f (len: 443)
updated maxmap 6: 354 (len: 438)
updated maxmap 7: 35e (len: 438)
updated maxmap 0: 322 (len: 438)
updated maxmap 1: 32c (len: 438)
updated maxmap 2: 336 (len: 438)
updated maxmap 3: 340 (len: 438)
updated maxmap 4: 34a (len: 438)
updated maxmap 5: 374 (len: 438)
updated maxmap 6: 368 (len: 438)
updated maxmap 7: 360 (len: 438)
updated maxmap 5: 382 (len: 444)
updated maxmap 6: 369 (len: 444)
updated maxmap 7: 362 (len: 444)
updated maxmap 0: 325 (len: 438)
updated maxmap 1: 32f (len: 438)
updated maxmap 2: 339 (len: 438)
updated maxmap 3: 343 (len: 438)
updated maxmap 4: 34d (len: 438)
updated maxmap 6: 36b (len: 438)
updated maxmap 7: 363 (len: 438)
updated maxmap 6: 370 (len: 443)
updated maxmap 7: 366 (len: 443)
updated maxmap 6: 371 (len: 445)
updated maxmap 7: 367 (len: 445)
updated maxmap 0: 327 (len: 440)
updated maxmap 1: 331 (len: 440)
updated maxmap 2: 33b (len: 440)
updated maxmap 3: 345 (len: 440)
updated maxmap 4: 34f (len: 440)
updated maxmap 7: 36b (len: 440)
[1;94m[*] [0mFuzzing test case #108 (1131 total, 0 uniq crashes found)...[0m
scheduled max input!!!!
schedule: 3 level3_3/ijon_max/3
updated maxmap 0: 329 (len: 440)
updated maxmap 1: 333 (len: 440)
updated maxmap 2: 33d (len: 440)
updated maxmap 3: 347 (len: 440)
updated maxmap 4: 351 (len: 440)
[1;94m[*] [0mFuzzing test case #109 (1131 total, 0 uniq crashes found)...[0m
scheduled max input!!!!
schedule: 0 level3_3/ijon_max/0
updated maxmap 0: 32a (len: 440)
updated maxmap 1: 334 (len: 440)
updated maxmap 2: 33e (len: 440)
updated maxmap 3: 348 (len: 440)
updated maxmap 4: 352 (len: 440)
updated maxmap 0: 32b (len: 440)
updated maxmap 1: 335 (len: 440)
updated maxmap 2: 33f (len: 440)
updated maxmap 3: 349 (len: 440)
updated maxmap 4: 353 (len: 440)
updated maxmap 7: 36c (len: 440)
updated maxmap 0: 32c (len: 440)
updated maxmap 1: 336 (len: 440)
updated maxmap 2: 340 (len: 440)
updated maxmap 3: 34a (len: 440)
updated maxmap 4: 354 (len: 440)
updated maxmap 7: 36d (len: 440)
[1;94m[*] [0mFuzzing test case #110 (1131 total, 0 uniq crashes found)...[0m
[1;94m[*] [0mFuzzing test case #111 (1131 total, 0 uniq crashes found)...[0m
scheduled max input!!!!
schedule: 2 level3_3/ijon_max/2
updated maxmap 0: 32d (len: 440)
updated maxmap 1: 337 (len: 440)
updated maxmap 2: 341 (len: 440)
updated maxmap 3: 34b (len: 440)
updated maxmap 4: 355 (len: 440)
updated maxmap 7: 36e (len: 440)
[1;94m[*] [0mFuzzing test case #112 (1131 total, 0 uniq crashes found)...[0m
scheduled max input!!!!
schedule: 1 level3_3/ijon_max/1
updated maxmap 0: 32f (len: 440)
updated maxmap 1: 339 (len: 440)
updated maxmap 2: 343 (len: 440)
updated maxmap 3: 34d (len: 440)
updated maxmap 4: 357 (len: 440)
updated maxmap 7: 375 (len: 444)
updated maxmap 0: 331 (len: 440)
updated maxmap 1: 33b (len: 440)
updated maxmap 2: 345 (len: 440)
updated maxmap 3: 34f (len: 440)
updated maxmap 4: 359 (len: 440)
updated maxmap 8: 371 (len: 454)
updated maxmap 10: 385 (len: 454)
updated maxmap 11: 38f (len: 454)
updated maxmap 0: 332 (len: 440)
updated maxmap 1: 33c (len: 440)
updated maxmap 2: 346 (len: 440)
updated maxmap 3: 350 (len: 440)
updated maxmap 4: 35a (len: 440)
updated maxmap 7: 377 (len: 445)
updated maxmap 8: 37a (len: 445)
updated maxmap 8: 381 (len: 448)
updated maxmap 0: 337 (len: 446)
updated maxmap 1: 341 (len: 446)
updated maxmap 2: 34b (len: 446)
updated maxmap 3: 355 (len: 446)
updated maxmap 4: 35f (len: 446)
updated maxmap 6: 373 (len: 446)
updated maxmap 7: 37d (len: 446)
updated maxmap 13: 393 (len: 456)
updated maxmap 14: 396 (len: 456)
updated maxmap 0: 339 (len: 440)
updated maxmap 1: 343 (len: 440)
updated maxmap 2: 34d (len: 440)
updated maxmap 3: 357 (len: 440)
updated maxmap 4: 361 (len: 440)
updated maxmap 6: 375 (len: 444)
[1;94m[*] [0mFuzzing test case #113 (1146 total, 0 uniq crashes found)...[0m
[1;94m[*] [0mFuzzing test case #114 (1146 total, 0 uniq crashes found)...[0m
scheduled max input!!!!
schedule: 4 level3_3/ijon_max/4
[1;94m[*] [0mFuzzing test case #115 (1146 total, 0 uniq crashes found)...[0m
[1;94m[*] [0mFuzzing test case #116 (1146 total, 0 uniq crashes found)...[0m
scheduled max input!!!!
schedule: 14 level3_3/ijon_max/14
updated maxmap 12: 38a (len: 456)
updated maxmap 13: 394 (len: 456)
updated maxmap 14: 397 (len: 456)
updated maxmap 12: 38b (len: 456)
updated maxmap 13: 395 (len: 456)
updated maxmap 12: 38c (len: 456)
updated maxmap 13: 396 (len: 456)
updated maxmap 14: 399 (len: 456)
updated maxmap 12: 38d (len: 456)
updated maxmap 13: 397 (len: 456)
updated maxmap 14: 39a (len: 456)
updated maxmap 12: 38e (len: 456)
updated maxmap 13: 398 (len: 456)
updated maxmap 14: 39e (len: 461)
updated maxmap 15: 3a3 (len: 461)
updated maxmap 14: 39f (len: 461)
updated maxmap 15: 3a4 (len: 461)
updated maxmap 12: 391 (len: 460)
updated maxmap 13: 39b (len: 460)
updated maxmap 14: 3a2 (len: 460)
updated maxmap 12: 393 (len: 456)
updated maxmap 12: 398 (len: 459)
updated maxmap 13: 39f (len: 459)
updated maxmap 14: 3a4 (len: 461)
updated maxmap 12: 399 (len: 460)
updated maxmap 13: 3a0 (len: 460)
updated maxmap 0: 3a6 (len: 464)
updated maxmap 10: 387 (len: 462)
updated maxmap 11: 391 (len: 462)
updated maxmap 12: 39b (len: 462)
updated maxmap 13: 3a2 (len: 462)
updated maxmap 15: 3a7 (len: 462)
updated maxmap 10: 388 (len: 456)
updated maxmap 11: 392 (len: 456)
updated maxmap 14: 3a6 (len: 462)
updated maxmap 10: 389 (len: 456)
updated maxmap 11: 393 (len: 456)
updated maxmap 9: 382 (len: 456)
updated maxmap 10: 38c (len: 456)
updated maxmap 11: 396 (len: 456)
updated maxmap 12: 3a0 (len: 463)
updated maxmap 13: 3aa (len: 463)
updated maxmap 5: 38f (len: 462)
updated maxmap 6: 399 (len: 462)
updated maxmap 7: 39e (len: 462)
updated maxmap 14: 3ad (len: 466)
updated maxmap 15: 3b2 (len: 466)
updated maxmap 0: 3b8 (len: 470)
updated maxmap 15: 3b5 (len: 470)
[1;94m[*] [0mFuzzing test case #117 (1163 total, 0 uniq crashes found)...[0m
scheduled max input!!!!
schedule: 1 level3_3/ijon_max/1
[1;94m[*] [0mFuzzing test case #118 (1163 total, 0 uniq crashes found)...[0m
scheduled max input!!!!
schedule: 3 level3_3/ijon_max/3
[1;94m[*] [0mFuzzing test case #119 (1163 total, 0 uniq crashes found)...[0m
scheduled max input!!!!
schedule: 15 level3_3/ijon_max/15
updated maxmap 15: 3b6 (len: 470)
updated maxmap 0: 3ba (len: 470)
updated maxmap 14: 3ae (len: 470)
updated maxmap 15: 3b8 (len: 470)
updated maxmap 14: 3b0 (len: 470)
updated maxmap 14: 3b3 (len: 470)
updated maxmap 0: 3bb (len: 470)
updated maxmap 15: 3b9 (len: 470)
updated maxmap 0: 3bc (len: 470)
updated maxmap 15: 3ba (len: 470)
updated maxmap 0: 3bd (len: 470)
updated maxmap 15: 3bc (len: 470)
updated maxmap 14: 3b4 (len: 470)
updated maxmap 0: 3be (len: 472)
[1;94m[*] [0mFuzzing test case #120 (1179 total, 0 uniq crashes found)...[0m
scheduled max input!!!!
schedule: 8 level3_3/ijon_max/8
[1;94m[*] [0mFuzzing test case #121 (1179 total, 0 uniq crashes found)...[0m
[1;94m[*] [0mFuzzing test case #122 (1179 total, 0 uniq crashes found)...[0m
scheduled max input!!!!
schedule: 6 level3_3/ijon_max/6
updated maxmap 7: 39f (len: 462)
updated maxmap 5: 390 (len: 469)
updated maxmap 6: 39a (len: 469)
updated maxmap 7: 3a4 (len: 469)
updated maxmap 8: 3aa (len: 469)
updated maxmap 5: 392 (len: 462)
updated maxmap 6: 39f (len: 462)
updated maxmap 5: 393 (len: 462)
updated maxmap 5: 397 (len: 462)
updated maxmap 6: 3a0 (len: 462)
updated maxmap 6: 3a1 (len: 469)
updated maxmap 7: 3b5 (len: 469)
updated maxmap 8: 3ad (len: 469)
updated maxmap 8: 3af (len: 467)
updated maxmap 6: 3a2 (len: 462)
updated maxmap 5: 39b (len: 462)
updated maxmap 6: 3a5 (len: 462)
updated maxmap 4: 38a (len: 462)
updated maxmap 5: 39c (len: 462)
updated maxmap 5: 39d (len: 462)
updated maxmap 5: 39f (len: 462)
updated maxmap 6: 3a6 (len: 462)
updated maxmap 4: 38d (len: 462)
updated maxmap 6: 3a7 (len: 462)
updated maxmap 4: 3a7 (len: 462)
updated maxmap 6: 3c8 (len: 477)
updated maxmap 7: 3bb (len: 477)
updated maxmap 8: 3b4 (len: 477)
updated maxmap 5: 3a0 (len: 462)
[1;94m[*] [0mFuzzing test case #123 (1182 total, 0 uniq crashes found)...[0m
scheduled max input!!!!
schedule: 1 level3_3/ijon_max/1
[1;94m[*] [0mFuzzing test case #124 (1182 total, 0 uniq crashes found)...[0m
scheduled max input!!!!
schedule: 13 level3_3/ijon_max/13
updated maxmap 9: 383 (len: 463)
updated maxmap 10: 38d (len: 463)
updated maxmap 11: 397 (len: 463)
updated maxmap 12: 3a1 (len: 463)
updated maxmap 13: 3ab (len: 463)
[1;94m[*] [0mFuzzing test case #125 (1182 total, 0 uniq crashes found)...[0m
scheduled max input!!!!
schedule: 9 level3_3/ijon_max/9
updated maxmap 9: 384 (len: 463)
updated maxmap 10: 38e (len: 463)
updated maxmap 11: 398 (len: 463)
updated maxmap 12: 3a2 (len: 463)
updated maxmap 13: 3ac (len: 463)
[1;94m[*] [0mFuzzing test case #126 (1182 total, 0 uniq crashes found)...[0m
scheduled max input!!!!
schedule: 7 level3_3/ijon_max/7
updated maxmap 7: 3bf (len: 477)
updated maxmap 8: 3b8 (len: 477)
updated maxmap 6: 3cc (len: 480)
updated maxmap 8: 3b9 (len: 477)
updated maxmap 8: 3c8 (len: 477)
updated maxmap 8: 3c9 (len: 478)
updated maxmap 7: 3c0 (len: 477)
updated maxmap 9: 395 (len: 477)
updated maxmap 10: 39d (len: 477)
[1;94m[*] [0mFuzzing test case #127 (1183 total, 0 uniq crashes found)...[0m
scheduled max input!!!!
schedule: 13 level3_3/ijon_max/13
[1;94m[*] [0mFuzzing test case #128 (1183 total, 0 uniq crashes found)...[0m
[1;94m[*] [0mFuzzing test case #129 (1183 total, 0 uniq crashes found)...[0m
[1;94m[*] [0mFuzzing test case #130 (1183 total, 0 uniq crashes found)...[0m
[1;94m[*] [0mFuzzing test case #131 (1183 total, 0 uniq crashes found)...[0m
scheduled max input!!!!
schedule: 1 level3_3/ijon_max/1
[1;94m[*] [0mFuzzing test case #132 (1183 total, 0 uniq crashes found)...[0m
[1;94m[*] [0mFuzzing test case #133 (1183 total, 0 uniq crashes found)...[0m
[1;94m[*] [0mFuzzing test case #134 (1183 total, 0 uniq crashes found)...[0m
scheduled max input!!!!
schedule: 2 level3_3/ijon_max/2
[1;94m[*] [0mFuzzing test case #135 (1183 total, 0 uniq crashes found)...[0m
scheduled max input!!!!
schedule: 3 level3_3/ijon_max/3
[1;94m[*] [0mFuzzing test case #136 (1183 total, 0 uniq crashes found)...[0m
scheduled max input!!!!
schedule: 8 level3_3/ijon_max/8
updated maxmap 6: 3d0 (len: 482)
updated maxmap 5: 3b3 (len: 478)
updated maxmap 7: 3c6 (len: 478)
updated maxmap 9: 39f (len: 483)
updated maxmap 10: 39f (len: 483)
updated maxmap 8: 3ca (len: 480)
updated maxmap 9: 3a2 (len: 478)
updated maxmap 10: 3a1 (len: 478)
updated maxmap 11: 3a1 (len: 478)
[1;94m[*] [0mFuzzing test case #137 (1184 total, 0 uniq crashes found)...[0m
[1;94m[*] [0mFuzzing test case #138 (1184 total, 0 uniq crashes found)...[0m
scheduled max input!!!!
schedule: 0 level3_3/ijon_max/0
[1;94m[*] [0mFuzzing test case #139 (1184 total, 0 uniq crashes found)...[0m
scheduled max input!!!!
schedule: 10 level3_3/ijon_max/10
[1;94m[*] [0mFuzzing test case #140 (1184 total, 0 uniq crashes found)...[0m
scheduled max input!!!!
schedule: 0 level3_3/ijon_max/0
[1;94m[*] [0mFuzzing test case #141 (1184 total, 0 uniq crashes found)...[0m
scheduled max input!!!!
schedule: 13 level3_3/ijon_max/13
[1;94m[*] [0mFuzzing test case #142 (1184 total, 0 uniq crashes found)...[0m
scheduled max input!!!!
schedule: 5 level3_3/ijon_max/5
updated maxmap 5: 3b4 (len: 478)
updated maxmap 7: 3c7 (len: 478)
updated maxmap 5: 3b5 (len: 478)
updated maxmap 7: 3c8 (len: 478)
updated maxmap 5: 3b6 (len: 478)
updated maxmap 7: 3c9 (len: 478)
updated maxmap 5: 3b7 (len: 478)
updated maxmap 7: 3ca (len: 478)
updated maxmap 8: 3cd (len: 478)
[1;94m[*] [0mFuzzing test case #143 (1184 total, 0 uniq crashes found)...[0m
scheduled max input!!!!
schedule: 10 level3_3/ijon_max/10
updated maxmap 10: 3a4 (len: 487)
updated maxmap 11: 3a6 (len: 487)
[1;94m[*] [0mFuzzing test case #144 (1184 total, 0 uniq crashes found)...[0m
scheduled max input!!!!
schedule: 9 level3_3/ijon_max/9
[1;94m[*] [0mFuzzing test case #145 (1184 total, 0 uniq crashes found)...[0m
scheduled max input!!!!
schedule: 6 level3_3/ijon_max/6
updated maxmap 6: 3d1 (len: 482)
updated maxmap 9: 3cd (len: 482)
updated maxmap 10: 3d5 (len: 482)
updated maxmap 6: 3d2 (len: 482)
updated maxmap 9: 3d3 (len: 482)
updated maxmap 6: 3d3 (len: 482)
updated maxmap 9: 3d5 (len: 482)
updated maxmap 10: 3d8 (len: 482)
updated maxmap 6: 3e0 (len: 489)
updated maxmap 7: 3e5 (len: 489)
updated maxmap 11: 3d5 (len: 490)
updated maxmap 9: 3d6 (len: 482)
updated maxmap 10: 3e0 (len: 490)
updated maxmap 11: 3e7 (len: 490)
updated maxmap 9: 3d7 (len: 482)
updated maxmap 7: 3e7 (len: 490)
updated maxmap 4: 3e0 (len: 490)
updated maxmap 5: 3e8 (len: 490)
[1;94m[*] [0mFuzzing test case #146 (1199 total, 0 uniq crashes found)...[0m
scheduled max input!!!!
schedule: 8 level3_3/ijon_max/8
[1;94m[*] [0mFuzzing test case #147 (1199 total, 0 uniq crashes found)...[0m
scheduled max input!!!!
schedule: 4 level3_3/ijon_max/4
updated maxmap 4: 3e1 (len: 490)
updated maxmap 5: 3e9 (len: 490)
updated maxmap 4: 3e2 (len: 491)
updated maxmap 5: 3ea (len: 491)
updated maxmap 4: 3e3 (len: 490)
updated maxmap 6: 3e1 (len: 490)
[1;94m[*] [0mFuzzing test case #148 (1199 total, 0 uniq crashes found)...[0m
[1;94m[*] [0mFuzzing test case #149 (1199 total, 0 uniq crashes found)...[0m
[1;94m[*] [0mFuzzing test case #150 (1199 total, 0 uniq crashes found)...[0m
scheduled max input!!!!
schedule: 7 level3_3/ijon_max/7
updated maxmap 9: 3e8 (len: 492)
updated maxmap 10: 3e3 (len: 492)
updated maxmap 7: 3e8 (len: 490)
[1;94m[*] [0mFuzzing test case #151 (1199 total, 0 uniq crashes found)...[0m
scheduled max input!!!!
schedule: 0 level3_3/ijon_max/0
[1;94m[*] [0mFuzzing test case #152 (1199 total, 0 uniq crashes found)...[0m
scheduled max input!!!!
schedule: 12 level3_3/ijon_max/12
[1;94m[*] [0mFuzzing test case #153 (1199 total, 0 uniq crashes found)...[0m
scheduled max input!!!!
schedule: 2 level3_3/ijon_max/2
[1;94m[*] [0mFuzzing test case #154 (1199 total, 0 uniq crashes found)...[0m
scheduled max input!!!!
schedule: 14 level3_3/ijon_max/14
[1;94m[*] [0mFuzzing test case #155 (1199 total, 0 uniq crashes found)...[0m
scheduled max input!!!!
schedule: 11 level3_3/ijon_max/11
updated maxmap 11: 3e8 (len: 490)
updated maxmap 10: 3e8 (len: 490)
[1;94m[*] [0mFuzzing test case #156 (1199 total, 0 uniq crashes found)...[0m
scheduled max input!!!!
schedule: 5 level3_3/ijon_max/5
updated maxmap 8: 3d3 (len: 491)
updated maxmap 11: 3e9 (len: 491)
updated maxmap 6: 3e8 (len: 491)
updated maxmap 5: 3ec (len: 492)
updated maxmap 6: 3e9 (len: 491)
updated maxmap 7: 3e9 (len: 491)
updated maxmap 10: 3ec (len: 491)
updated maxmap 9: 3e9 (len: 491)
updated maxmap 9: 3eb (len: 491)
updated maxmap 9: 3f2 (len: 495)
updated maxmap 10: 3ed (len: 495)
updated maxmap 4: 3e4 (len: 491)
updated maxmap 6: 3f3 (len: 498)
updated maxmap 7: 3fb (len: 498)
updated maxmap 8: 3f8 (len: 497)
updated maxmap 9: 3f5 (len: 497)
updated maxmap 5: 3f2 (len: 496)
updated maxmap 6: 3f7 (len: 496)
updated maxmap 1: 344 (len: 497)
updated maxmap 2: 34e (len: 497)
updated maxmap 3: 358 (len: 497)
updated maxmap 9: 3f8 (len: 497)
updated maxmap 10: 3f1 (len: 497)
updated maxmap 6: 3fc (len: 498)
updated maxmap 11: 3ea (len: 492)
updated maxmap 8: 3fa (len: 497)
[1;94m[*] [0mFuzzing test case #157 (1210 total, 0 uniq crashes found)...[0m
scheduled max input!!!!
schedule: 2 level3_3/ijon_max/2
updated maxmap 11: 3eb (len: 501)
updated maxmap 1: 345 (len: 497)
updated maxmap 2: 34f (len: 497)
updated maxmap 3: 359 (len: 497)
updated maxmap 9: 3f9 (len: 497)
updated maxmap 9: 400 (len: 505)
updated maxmap 10: 3f9 (len: 505)
updated maxmap 11: 3f3 (len: 505)
updated maxmap 1: 357 (len: 504)
updated maxmap 2: 361 (len: 504)
updated maxmap 3: 36b (len: 504)
updated maxmap 1: 35a (len: 497)
updated maxmap 2: 364 (len: 497)
updated maxmap 3: 36e (len: 497)
updated maxmap 1: 365 (len: 502)
updated maxmap 2: 36f (len: 502)
updated maxmap 3: 379 (len: 502)
updated maxmap 11: 3fe (len: 502)
updated maxmap 12: 3fe (len: 502)
updated maxmap 1: 366 (len: 497)
updated maxmap 2: 370 (len: 497)
updated maxmap 3: 37a (len: 497)
updated maxmap 8: 3fb (len: 497)
updated maxmap 11: 3ff (len: 501)
updated maxmap 13: 3ff (len: 505)
updated maxmap 12: 3ff (len: 505)
updated maxmap 0: 3c0 (len: 497)
updated maxmap 15: 3be (len: 497)
updated maxmap 11: 404 (len: 502)
updated maxmap 10: 3fb (len: 497)
updated maxmap 1: 36a (len: 498)
updated maxmap 2: 374 (len: 498)
updated maxmap 3: 37e (len: 498)
updated maxmap 10: 3fc (len: 498)
updated maxmap 10: 3fd (len: 497)
updated maxmap 1: 36b (len: 497)
updated maxmap 2: 375 (len: 497)
updated maxmap 3: 37f (len: 497)
updated maxmap 10: 402 (len: 499)
updated maxmap 1: 372 (len: 497)
updated maxmap 2: 37c (len: 497)
updated maxmap 3: 386 (len: 497)
updated maxmap 8: 3fd (len: 497)
updated maxmap 1: 373 (len: 497)
updated maxmap 2: 37d (len: 497)
updated maxmap 3: 387 (len: 497)
updated maxmap 9: 404 (len: 500)
updated maxmap 9: 406 (len: 501)
updated maxmap 10: 409 (len: 502)
updated maxmap 1: 375 (len: 504)
updated maxmap 2: 37f (len: 504)
updated maxmap 3: 389 (len: 504)
[1;94m[*] [0mFuzzing test case #158 (1224 total, 0 uniq crashes found)...[0m
scheduled max input!!!!
schedule: 10 level3_3/ijon_max/10
updated maxmap 10: 40a (len: 502)
[1;94m[*] [0mFuzzing test case #159 (1224 total, 0 uniq crashes found)...[0m
[1;94m[*] [0mFuzzing test case #160 (1224 total, 0 uniq crashes found)...[0m
[1;94m[*] [0mFuzzing test case #161 (1224 total, 0 uniq crashes found)...[0m
scheduled max input!!!!
schedule: 15 level3_3/ijon_max/15
updated maxmap 0: 3c1 (len: 497)
[1;94m[*] [0mFuzzing test case #162 (1224 total, 0 uniq crashes found)...[0m
scheduled max input!!!!
schedule: 10 level3_3/ijon_max/10
updated maxmap 9: 409 (len: 510)
updated maxmap 10: 413 (len: 510)
updated maxmap 11: 41d (len: 510)
updated maxmap 8: 40b (len: 509)
updated maxmap 9: 417 (len: 509)
updated maxmap 10: 41a (len: 509)
[1;94m[*] [0mFuzzing test case #163 (1226 total, 0 uniq crashes found)...[0m
scheduled max input!!!!
schedule: 10 level3_3/ijon_max/10
updated maxmap 10: 421 (len: 517)
updated maxmap 11: 42a (len: 517)
updated maxmap 9: 418 (len: 509)
updated maxmap 7: 413 (len: 514)
updated maxmap 8: 422 (len: 514)
updated maxmap 9: 427 (len: 514)
[1;94m[*] [0mFuzzing test case #164 (1227 total, 0 uniq crashes found)...[0m
scheduled max input!!!!
schedule: 0 level3_3/ijon_max/0
updated maxmap 14: 3b5 (len: 497)
updated maxmap 15: 3bf (len: 497)
[1;94m[*] [0mFuzzing test case #165 (1227 total, 0 uniq crashes found)...[0m
scheduled max input!!!!
schedule: 13 level3_3/ijon_max/13
[1;94m[*] [0mFuzzing test case #166 (1227 total, 0 uniq crashes found)...[0m
scheduled max input!!!!
schedule: 10 level3_3/ijon_max/10
updated maxmap 10: 422 (len: 517)
updated maxmap 9: 42e (len: 517)
updated maxmap 10: 427 (len: 517)
[1;94m[*] [0mFuzzing test case #167 (1228 total, 0 uniq crashes found)...[0m
scheduled max input!!!!
schedule: 2 level3_3/ijon_max/2
[1;94m[*] [0mFuzzing test case #168 (1229 total, 0 uniq crashes found)...[0m
scheduled max input!!!!
schedule: 7 level3_3/ijon_max/7
[1;94m[*] [0mFuzzing test case #169 (1229 total, 0 uniq crashes found)...[0m
scheduled max input!!!!
schedule: 14 level3_3/ijon_max/14
[1;94m[*] [0mFuzzing test case #170 (1230 total, 0 uniq crashes found)...[0m
[1;94m[*] [0mFuzzing test case #171 (1230 total, 0 uniq crashes found)...[0m
[1;94m[*] [0mFuzzing test case #172 (1230 total, 0 uniq crashes found)...[0m
scheduled max input!!!!
schedule: 12 level3_3/ijon_max/12
updated maxmap 13: 400 (len: 513)
updated maxmap 14: 402 (len: 513)
updated maxmap 15: 402 (len: 513)
[1;94m[*] [0mFuzzing test case #173 (1230 total, 0 uniq crashes found)...[0m
scheduled max input!!!!
schedule: 3 level3_3/ijon_max/3
[1;94m[*] [0mFuzzing test case #174 (1230 total, 0 uniq crashes found)...[0m
scheduled max input!!!!
schedule: 13 level3_3/ijon_max/13
updated maxmap 12: 400 (len: 513)
updated maxmap 0: 401 (len: 521)
updated maxmap 11: 433 (len: 521)
updated maxmap 15: 403 (len: 513)
updated maxmap 0: 402 (len: 520)
updated maxmap 15: 404 (len: 516)
updated maxmap 8: 427 (len: 515)
updated maxmap 13: 401 (len: 515)
updated maxmap 12: 401 (len: 513)
minimized maxmap 13: 401 (len: 513)
updated maxmap 0: 403 (len: 520)
updated maxmap 0: 405 (len: 520)
updated maxmap 13: 402 (len: 513)
updated maxmap 14: 403 (len: 513)
updated maxmap 10: 42b (len: 521)
[1;94m[*] [0mFuzzing test case #175 (1240 total, 0 uniq crashes found)...[0m
scheduled max input!!!!
schedule: 2 level3_3/ijon_max/2
[1;94m[*] [0mFuzzing test case #176 (1240 total, 0 uniq crashes found)...[0m
scheduled max input!!!!
schedule: 3 level3_3/ijon_max/3
[1;94m[*] [0mFuzzing test case #177 (1240 total, 0 uniq crashes found)...[0m
[1;94m[*] [0mFuzzing test case #178 (1240 total, 0 uniq crashes found)...[0m
scheduled max input!!!!
schedule: 10 level3_3/ijon_max/10
updated maxmap 9: 432 (len: 521)
updated maxmap 10: 433 (len: 521)
updated maxmap 15: 405 (len: 521)
updated maxmap 8: 436 (len: 522)
updated maxmap 8: 448 (len: 529)
updated maxmap 9: 439 (len: 529)
updated maxmap 10: 435 (len: 522)
updated maxmap 9: 443 (len: 527)
updated maxmap 10: 43e (len: 528)
updated maxmap 11: 437 (len: 528)
updated maxmap 11: 441 (len: 527)
updated maxmap 9: 446 (len: 528)
minimized maxmap 10: 43e (len: 527)
updated maxmap 10: 447 (len: 529)
[1;94m[*] [0mFuzzing test case #179 (1249 total, 0 uniq crashes found)...[0m
[1;94m[*] [0mFuzzing test case #180 (1249 total, 0 uniq crashes found)...[0m
[1;94m[*] [0mFuzzing test case #181 (1249 total, 0 uniq crashes found)...[0m
scheduled max input!!!!
schedule: 2 level3_3/ijon_max/2
[1;94m[*] [0mFuzzing test case #182 (1249 total, 0 uniq crashes found)...[0m
scheduled max input!!!!
schedule: 6 level3_3/ijon_max/6
[1;94m[*] [0mFuzzing test case #183 (1249 total, 0 uniq crashes found)...[0m
[1;94m[*] [0mFuzzing test case #184 (1249 total, 0 uniq crashes found)...[0m
scheduled max input!!!!
schedule: 2 level3_3/ijon_max/2
[1;94m[*] [0mFuzzing test case #185 (1249 total, 0 uniq crashes found)...[0m
scheduled max input!!!!
schedule: 1 level3_3/ijon_max/1
[1;94m[*] [0mFuzzing test case #186 (1249 total, 0 uniq crashes found)...[0m
scheduled max input!!!!
schedule: 14 level3_3/ijon_max/14
[1;94m[*] [0mFuzzing test case #187 (1249 total, 0 uniq crashes found)...[0m
scheduled max input!!!!
schedule: 0 level3_3/ijon_max/0
minimized maxmap 15: 405 (len: 520)
[1;94m[*] [0mFuzzing test case #188 (1249 total, 0 uniq crashes found)...[0m
[1;94m[*] [0mFuzzing test case #189 (1249 total, 0 uniq crashes found)...[0m
scheduled max input!!!!
schedule: 6 level3_3/ijon_max/6
[1;94m[*] [0mFuzzing test case #190 (1249 total, 0 uniq crashes found)...[0m
scheduled max input!!!!
schedule: 15 level3_3/ijon_max/15
updated maxmap 0: 406 (len: 520)
updated maxmap 15: 406 (len: 520)
[1;94m[*] [0mFuzzing test case #191 (1249 total, 0 uniq crashes found)...[0m
[1;94m[*] [0mFuzzing test case #192 (1249 total, 0 uniq crashes found)...[0m
scheduled max input!!!!
schedule: 2 level3_3/ijon_max/2
[1;94m[*] [0mFuzzing test case #193 (1249 total, 0 uniq crashes found)...[0m
scheduled max input!!!!
schedule: 2 level3_3/ijon_max/2
[1;94m[*] [0mFuzzing test case #194 (1249 total, 0 uniq crashes found)...[0m
scheduled max input!!!!
schedule: 2 level3_3/ijon_max/2
[1;94m[*] [0mFuzzing test case #195 (1249 total, 0 uniq crashes found)...[0m
[1;94m[*] [0mFuzzing test case #196 (1249 total, 0 uniq crashes found)...[0m
scheduled max input!!!!
schedule: 15 level3_3/ijon_max/15
[1;94m[*] [0mFuzzing test case #197 (1249 total, 0 uniq crashes found)...[0m
scheduled max input!!!!
schedule: 1 level3_3/ijon_max/1
[1;94m[*] [0mFuzzing test case #198 (1250 total, 0 uniq crashes found)...[0m
scheduled max input!!!!
schedule: 7 level3_3/ijon_max/7
[1;94m[*] [0mFuzzing test case #199 (1250 total, 0 uniq crashes found)...[0m
scheduled max input!!!!
schedule: 13 level3_3/ijon_max/13
[1;94m[*] [0mFuzzing test case #200 (1250 total, 0 uniq crashes found)...[0m
[1;94m[*] [0mFuzzing test case #201 (1250 total, 0 uniq crashes found)...[0m
scheduled max input!!!!
schedule: 13 level3_3/ijon_max/13
[1;94m[*] [0mFuzzing test case #202 (1250 total, 0 uniq crashes found)...[0m
scheduled max input!!!!
schedule: 11 level3_3/ijon_max/11
updated maxmap 9: 449 (len: 534)
updated maxmap 10: 453 (len: 534)
[1;94m[*] [0mFuzzing test case #203 (1252 total, 0 uniq crashes found)...[0m
scheduled max input!!!!
schedule: 13 level3_3/ijon_max/13
[1;94m[*] [0mFuzzing test case #204 (1252 total, 0 uniq crashes found)...[0m
scheduled max input!!!!
schedule: 15 level3_3/ijon_max/15
updated maxmap 12: 402 (len: 520)
[1;94m[*] [0mFuzzing test case #205 (1252 total, 0 uniq crashes found)...[0m
scheduled max input!!!!
schedule: 6 level3_3/ijon_max/6
[1;94m[*] [0mFuzzing test case #206 (1252 total, 0 uniq crashes found)...[0m
scheduled max input!!!!
schedule: 2 level3_3/ijon_max/2
[1;94m[*] [0mFuzzing test case #207 (1252 total, 0 uniq crashes found)...[0m
scheduled max input!!!!
schedule: 4 level3_3/ijon_max/4
[1;94m[*] [0mFuzzing test case #208 (1252 total, 0 uniq crashes found)...[0m
scheduled max input!!!!
schedule: 12 level3_3/ijon_max/12
[1;94m[*] [0mFuzzing test case #209 (1253 total, 0 uniq crashes found)...[0m
scheduled max input!!!!
schedule: 10 level3_3/ijon_max/10
updated maxmap 9: 44a (len: 534)
updated maxmap 10: 454 (len: 534)
updated maxmap 9: 45c (len: 542)
updated maxmap 10: 466 (len: 542)
updated maxmap 8: 451 (len: 534)
[1;94m[*] [0mFuzzing test case #210 (1254 total, 0 uniq crashes found)...[0m
scheduled max input!!!!
schedule: 9 level3_3/ijon_max/9
updated maxmap 11: 46a (len: 542)
updated maxmap 9: 45d (len: 542)
updated maxmap 10: 467 (len: 542)
updated maxmap 9: 469 (len: 542)
[1;94m[*] [0mFuzzing test case #211 (1254 total, 0 uniq crashes found)...[0m
scheduled max input!!!!
schedule: 5 level3_3/ijon_max/5
[1;94m[*] [0mFuzzing test case #212 (1254 total, 0 uniq crashes found)...[0m
scheduled max input!!!!
schedule: 14 level3_3/ijon_max/14
[1;94m[*] [0mFuzzing test case #213 (1254 total, 0 uniq crashes found)...[0m
scheduled max input!!!!
schedule: 12 level3_3/ijon_max/12
updated maxmap 0: 407 (len: 520)
[1;94m[*] [0mFuzzing test case #214 (1254 total, 0 uniq crashes found)...[0m
[1;94m[*] [0mFuzzing test case #215 (1254 total, 0 uniq crashes found)...[0m
scheduled max input!!!!
schedule: 3 level3_3/ijon_max/3
[1;94m[*] [0mFuzzing test case #216 (1254 total, 0 uniq crashes found)...[0m
[1;94m[*] [0mFuzzing test case #217 (1254 total, 0 uniq crashes found)...[0m
scheduled max input!!!!
schedule: 1 level3_3/ijon_max/1
[1;94m[*] [0mFuzzing test case #218 (1254 total, 0 uniq crashes found)...[0m
[1;94m[*] [0mFuzzing test case #219 (1254 total, 0 uniq crashes found)...[0m
scheduled max input!!!!
schedule: 12 level3_3/ijon_max/12
[1;94m[*] [0mFuzzing test case #220 (1255 total, 0 uniq crashes found)...[0m
scheduled max input!!!!
schedule: 10 level3_3/ijon_max/10
[1;94m[*] [0mFuzzing test case #221 (1255 total, 0 uniq crashes found)...[0m
scheduled max input!!!!
schedule: 8 level3_3/ijon_max/8
[1;94m[*] [0mFuzzing test case #222 (1255 total, 0 uniq crashes found)...[0m
[1;94m[*] [0mFuzzing test case #223 (1255 total, 0 uniq crashes found)...[0m
scheduled max input!!!!
schedule: 15 level3_3/ijon_max/15
[1;94m[*] [0mFuzzing test case #224 (1255 total, 0 uniq crashes found)...[0m
[1;94m[*] [0mFuzzing test case #225 (1255 total, 0 uniq crashes found)...[0m
scheduled max input!!!!
schedule: 11 level3_3/ijon_max/11
updated maxmap 8: 452 (len: 542)
[1;94m[*] [0mFuzzing test case #226 (1255 total, 0 uniq crashes found)...[0m
scheduled max input!!!!
schedule: 5 level3_3/ijon_max/5
[1;94m[*] [0mFuzzing test case #227 (1255 total, 0 uniq crashes found)...[0m
scheduled max input!!!!
schedule: 8 level3_3/ijon_max/8
updated maxmap 11: 46b (len: 542)
[1;94m[*] [0mFuzzing test case #228 (1255 total, 0 uniq crashes found)...[0m
scheduled max input!!!!
schedule: 9 level3_3/ijon_max/9
updated maxmap 9: 46a (len: 542)
updated maxmap 12: 46c (len: 543)
updated maxmap 8: 458 (len: 542)
updated maxmap 10: 469 (len: 542)
updated maxmap 8: 474 (len: 553)
updated maxmap 9: 480 (len: 553)
updated maxmap 10: 485 (len: 553)
updated maxmap 12: 471 (len: 549)
updated maxmap 13: 47b (len: 549)
updated maxmap 11: 46d (len: 548)
updated maxmap 12: 477 (len: 548)
updated maxmap 11: 46e (len: 547)
[1;94m[*] [0mFuzzing test case #229 (1258 total, 0 uniq crashes found)...[0m
scheduled max input!!!!
schedule: 5 level3_3/ijon_max/5
[1;94m[*] [0mFuzzing test case #230 (1258 total, 0 uniq crashes found)...[0m
scheduled max input!!!!
schedule: 8 level3_3/ijon_max/8
updated maxmap 14: 482 (len: 555)
updated maxmap 15: 48a (len: 555)
updated maxmap 14: 483 (len: 556)
updated maxmap 15: 48b (len: 556)
updated maxmap 10: 489 (len: 559)
updated maxmap 11: 493 (len: 559)
updated maxmap 12: 47f (len: 553)
updated maxmap 10: 48a (len: 561)
updated maxmap 11: 494 (len: 561)
updated maxmap 12: 499 (len: 561)
updated maxmap 13: 481 (len: 558)
updated maxmap 14: 48b (len: 558)
updated maxmap 15: 490 (len: 558)
minimized maxmap 13: 481 (len: 556)
minimized maxmap 14: 48b (len: 556)
updated maxmap 0: 48a (len: 559)
updated maxmap 13: 482 (len: 557)
updated maxmap 14: 48c (len: 557)
updated maxmap 0: 48d (len: 561)
updated maxmap 9: 482 (len: 560)
updated maxmap 10: 48c (len: 560)
updated maxmap 11: 496 (len: 560)
updated maxmap 0: 495 (len: 561)
updated maxmap 15: 492 (len: 561)
updated maxmap 0: 497 (len: 560)
updated maxmap 15: 494 (len: 560)
updated maxmap 12: 49a (len: 563)
updated maxmap 15: 496 (len: 560)
[1;94m[*] [0mFuzzing test case #231 (1272 total, 0 uniq crashes found)...[0m
[1;94m[*] [0mFuzzing test case #232 (1272 total, 0 uniq crashes found)...[0m
scheduled max input!!!!
schedule: 5 level3_3/ijon_max/5
[1;94m[*] [0mFuzzing test case #233 (1272 total, 0 uniq crashes found)...[0m
scheduled max input!!!!
schedule: 13 level3_3/ijon_max/13
[1;94m[*] [0mFuzzing test case #234 (1272 total, 0 uniq crashes found)...[0m
scheduled max input!!!!
schedule: 7 level3_3/ijon_max/7
[1;94m[*] [0mFuzzing test case #235 (1272 total, 0 uniq crashes found)...[0m
[1;94m[*] [0mFuzzing test case #236 (1272 total, 0 uniq crashes found)...[0m
scheduled max input!!!!
schedule: 13 level3_3/ijon_max/13
[1;94m[*] [0mFuzzing test case #237 (1272 total, 0 uniq crashes found)...[0m
scheduled max input!!!!
schedule: 7 level3_3/ijon_max/7
[1;94m[*] [0mFuzzing test case #238 (1273 total, 0 uniq crashes found)...[0m
scheduled max input!!!!
schedule: 6 level3_3/ijon_max/6
[1;94m[*] [0mFuzzing test case #239 (1273 total, 0 uniq crashes found)...[0m
scheduled max input!!!!
schedule: 1 level3_3/ijon_max/1
[1;94m[*] [0mFuzzing test case #240 (1274 total, 0 uniq crashes found)...[0m
scheduled max input!!!!
schedule: 15 level3_3/ijon_max/15
updated maxmap 13: 483 (len: 560)
updated maxmap 14: 48d (len: 560)
updated maxmap 15: 497 (len: 560)
[1;94m[*] [0mFuzzing test case #241 (1274 total, 0 uniq crashes found)...[0m
scheduled max input!!!!
schedule: 9 level3_3/ijon_max/9
updated maxmap 13: 484 (len: 560)
updated maxmap 14: 48e (len: 560)
[1;94m[*] [0mFuzzing test case #242 (1274 total, 0 uniq crashes found)...[0m
scheduled max input!!!!
schedule: 0 level3_3/ijon_max/0
updated maxmap 7: 44b (len: 560)
updated maxmap 7: 44f (len: 560)
[1;94m[*] [0mFuzzing test case #243 (1274 total, 0 uniq crashes found)...[0m
scheduled max input!!!!
schedule: 3 level3_3/ijon_max/3
[1;94m[*] [0mFuzzing test case #244 (1274 total, 0 uniq crashes found)...[0m
scheduled max input!!!!
schedule: 8 level3_3/ijon_max/8
[1;94m[*] [0mFuzzing test case #245 (1275 total, 0 uniq crashes found)...[0m
scheduled max input!!!!
schedule: 3 level3_3/ijon_max/3
[1;94m[*] [0mFuzzing test case #246 (1275 total, 0 uniq crashes found)...[0m
scheduled max input!!!!
schedule: 9 level3_3/ijon_max/9
updated maxmap 9: 483 (len: 560)
updated maxmap 10: 48d (len: 560)
updated maxmap 11: 497 (len: 560)
updated maxmap 9: 484 (len: 561)
updated maxmap 10: 48e (len: 561)
updated maxmap 11: 498 (len: 561)
minimized maxmap 9: 484 (len: 560)
minimized maxmap 10: 48e (len: 560)
updated maxmap 12: 49b (len: 562)
updated maxmap 12: 49d (len: 564)
updated maxmap 12: 4a0 (len: 565)
[1;94m[*] [0mFuzzing test case #247 (1287 total, 0 uniq crashes found)...[0m
[1;94m[*] [0mFuzzing test case #248 (1287 total, 0 uniq crashes found)...[0m
scheduled max input!!!!
schedule: 10 level3_3/ijon_max/10
[1;94m[*] [0mFuzzing test case #249 (1287 total, 0 uniq crashes found)...[0m
scheduled max input!!!!
schedule: 0 level3_3/ijon_max/0
[1;94m[*] [0mFuzzing test case #250 (1287 total, 0 uniq crashes found)...[0m
scheduled max input!!!!
schedule: 14 level3_3/ijon_max/14
updated maxmap 13: 486 (len: 560)
updated maxmap 14: 490 (len: 560)
[1;94m[*] [0mFuzzing test case #251 (1287 total, 0 uniq crashes found)...[0m
scheduled max input!!!!
schedule: 5 level3_3/ijon_max/5
updated maxmap 5: 3f3 (len: 496)
[1;94m[*] [0mFuzzing test case #252 (1288 total, 0 uniq crashes found)...[0m
scheduled max input!!!!
schedule: 12 level3_3/ijon_max/12
[1;94m[*] [0mFuzzing test case #253 (1288 total, 0 uniq crashes found)...[0m
scheduled max input!!!!
schedule: 15 level3_3/ijon_max/15
updated maxmap 0: 499 (len: 567)
[1;94m[*] [0mFuzzing test case #254 (1289 total, 0 uniq crashes found)...[0m
[1;94m[*] [0mFuzzing test case #255 (1289 total, 0 uniq crashes found)...[0m
scheduled max input!!!!
schedule: 9 level3_3/ijon_max/9
[1;94m[*] [0mFuzzing test case #256 (1289 total, 0 uniq crashes found)...[0m
scheduled max input!!!!
schedule: 8 level3_3/ijon_max/8
[1;94m[*] [0mFuzzing test case #257 (1289 total, 0 uniq crashes found)...[0m
scheduled max input!!!!
schedule: 13 level3_3/ijon_max/13
[1;94m[*] [0mFuzzing test case #258 (1289 total, 0 uniq crashes found)...[0m
scheduled max input!!!!
schedule: 6 level3_3/ijon_max/6
[1;94m[*] [0mFuzzing test case #259 (1289 total, 0 uniq crashes found)...[0m
scheduled max input!!!!
schedule: 2 level3_3/ijon_max/2
[1;94m[*] [0mFuzzing test case #260 (1289 total, 0 uniq crashes found)...[0m
scheduled max input!!!!
schedule: 8 level3_3/ijon_max/8
[1;94m[*] [0mFuzzing test case #261 (1289 total, 0 uniq crashes found)...[0m
scheduled max input!!!!
schedule: 9 level3_3/ijon_max/9
[1;94m[*] [0mFuzzing test case #262 (1289 total, 0 uniq crashes found)...[0m
scheduled max input!!!!
schedule: 3 level3_3/ijon_max/3
[1;94m[*] [0mFuzzing test case #263 (1289 total, 0 uniq crashes found)...[0m
scheduled max input!!!!
schedule: 8 level3_3/ijon_max/8
[1;94m[*] [0mFuzzing test case #264 (1289 total, 0 uniq crashes found)...[0m
scheduled max input!!!!
schedule: 2 level3_3/ijon_max/2
[1;94m[*] [0mFuzzing test case #265 (1289 total, 0 uniq crashes found)...[0m
scheduled max input!!!!
schedule: 6 level3_3/ijon_max/6
[1;94m[*] [0mFuzzing test case #266 (1289 total, 0 uniq crashes found)...[0m
scheduled max input!!!!
schedule: 12 level3_3/ijon_max/12
updated maxmap 13: 4a0 (len: 565)
[1;94m[*] [0mFuzzing test case #267 (1289 total, 0 uniq crashes found)...[0m
scheduled max input!!!!
schedule: 15 level3_3/ijon_max/15
[1;94m[*] [0mFuzzing test case #268 (1289 total, 0 uniq crashes found)...[0m
scheduled max input!!!!
schedule: 15 level3_3/ijon_max/15
minimized maxmap 0: 499 (len: 566)
[1;94m[*] [0mFuzzing test case #269 (1289 total, 0 uniq crashes found)...[0m
scheduled max input!!!!
schedule: 13 level3_3/ijon_max/13
[1;94m[*] [0mFuzzing test case #270 (1289 total, 0 uniq crashes found)...[0m
[1;94m[*] [0mFuzzing test case #271 (1289 total, 0 uniq crashes found)...[0m
scheduled max input!!!!
schedule: 1 level3_3/ijon_max/1
[1;94m[*] [0mFuzzing test case #272 (1289 total, 0 uniq crashes found)...[0m
scheduled max input!!!!
schedule: 5 level3_3/ijon_max/5
[1;94m[*] [0mFuzzing test case #273 (1289 total, 0 uniq crashes found)...[0m
scheduled max input!!!!
schedule: 1 level3_3/ijon_max/1
[1;94m[*] [0mFuzzing test case #274 (1289 total, 0 uniq crashes found)...[0m
scheduled max input!!!!
schedule: 5 level3_3/ijon_max/5
[1;94m[*] [0mFuzzing test case #275 (1289 total, 0 uniq crashes found)...[0m
scheduled max input!!!!
schedule: 11 level3_3/ijon_max/11
[1;94m[*] [0mFuzzing test case #276 (1289 total, 0 uniq crashes found)...[0m
[1;94m[*] [0mFuzzing test case #277 (1289 total, 0 uniq crashes found)...[0m
scheduled max input!!!!
schedule: 12 level3_3/ijon_max/12
updated maxmap 13: 4aa (len: 573)
updated maxmap 14: 4b4 (len: 573)
[1;94m[*] [0mFuzzing test case #278 (1290 total, 0 uniq crashes found)...[0m
scheduled max input!!!!
schedule: 8 level3_3/ijon_max/8
[1;94m[*] [0mFuzzing test case #279 (1290 total, 0 uniq crashes found)...[0m
scheduled max input!!!!
schedule: 7 level3_3/ijon_max/7
updated maxmap 15: 4a1 (len: 565)
[1;94m[*] [0mFuzzing test case #280 (1290 total, 0 uniq crashes found)...[0m
scheduled max input!!!!
schedule: 12 level3_3/ijon_max/12
minimized maxmap 0: 499 (len: 565)
updated maxmap 0: 49a (len: 565)
[1;94m[*] [0mFuzzing test case #281 (1292 total, 0 uniq crashes found)...[0m
scheduled max input!!!!
schedule: 3 level3_3/ijon_max/3
[1;94m[*] [0mFuzzing test case #282 (1292 total, 0 uniq crashes found)...[0m
scheduled max input!!!!
schedule: 4 level3_3/ijon_max/4
[1;94m[*] [0mFuzzing test case #283 (1292 total, 0 uniq crashes found)...[0m
scheduled max input!!!!
schedule: 4 level3_3/ijon_max/4
[1;94m[*] [0mFuzzing test case #284 (1292 total, 0 uniq crashes found)...[0m
scheduled max input!!!!
schedule: 14 level3_3/ijon_max/14
[1;94m[*] [0mFuzzing test case #285 (1294 total, 0 uniq crashes found)...[0m
[1;94m[*] [0mFuzzing test case #286 (1294 total, 0 uniq crashes found)...[0m
scheduled max input!!!!
schedule: 9 level3_3/ijon_max/9
[1;94m[*] [0mFuzzing test case #287 (1294 total, 0 uniq crashes found)...[0m
scheduled max input!!!!
schedule: 14 level3_3/ijon_max/14
[1;94m[*] [0mFuzzing test case #288 (1294 total, 0 uniq crashes found)...[0m
scheduled max input!!!!
schedule: 12 level3_3/ijon_max/12
[1;94m[*] [0mFuzzing test case #289 (1294 total, 0 uniq crashes found)...[0m
[1;94m[*] [0mFuzzing test case #290 (1294 total, 0 uniq crashes found)...[0m
scheduled max input!!!!
schedule: 5 level3_3/ijon_max/5
[1;94m[*] [0mFuzzing test case #291 (1295 total, 0 uniq crashes found)...[0m
[1;94m[*] [0mFuzzing test case #292 (1295 total, 0 uniq crashes found)...[0m
scheduled max input!!!!
schedule: 14 level3_3/ijon_max/14
updated maxmap 15: 4b4 (len: 573)
updated maxmap 9: 485 (len: 574)
updated maxmap 10: 48f (len: 574)
updated maxmap 11: 499 (len: 574)
updated maxmap 12: 4a3 (len: 574)
updated maxmap 13: 4ac (len: 574)
updated maxmap 14: 4b6 (len: 574)
minimized maxmap 9: 485 (len: 573)
minimized maxmap 10: 48f (len: 573)
minimized maxmap 11: 499 (len: 573)
minimized maxmap 12: 4a3 (len: 573)
minimized maxmap 13: 4ac (len: 573)
updated maxmap 13: 4ad (len: 573)
updated maxmap 0: 4b4 (len: 573)
updated maxmap 0: 4c3 (len: 581)
updated maxmap 14: 4b7 (len: 581)
updated maxmap 15: 4c0 (len: 581)
minimized maxmap 0: 4c3 (len: 580)
minimized maxmap 14: 4b7 (len: 580)
updated maxmap 15: 4c1 (len: 580)
minimized maxmap 0: 4c3 (len: 579)
minimized maxmap 14: 4b7 (len: 579)
minimized maxmap 15: 4c1 (len: 579)
[1;94m[*] [0mFuzzing test case #293 (1303 total, 0 uniq crashes found)...[0m
[1;94m[*] [0mFuzzing test case #294 (1303 total, 0 uniq crashes found)...[0m
scheduled max input!!!!
schedule: 14 level3_3/ijon_max/14
[1;94m[*] [0mFuzzing test case #295 (1303 total, 0 uniq crashes found)...[0m
scheduled max input!!!!
schedule: 4 level3_3/ijon_max/4
[1;94m[*] [0mFuzzing test case #296 (1303 total, 0 uniq crashes found)...[0m
scheduled max input!!!!
schedule: 0 level3_3/ijon_max/0
[1;94m[*] [0mFuzzing test case #297 (1303 total, 0 uniq crashes found)...[0m
scheduled max input!!!!
schedule: 4 level3_3/ijon_max/4
[1;94m[*] [0mFuzzing test case #298 (1303 total, 0 uniq crashes found)...[0m
scheduled max input!!!!
schedule: 0 level3_3/ijon_max/0
[1;94m[*] [0mFuzzing test case #299 (1304 total, 0 uniq crashes found)...[0m
scheduled max input!!!!
schedule: 5 level3_3/ijon_max/5
[1;94m[*] [0mFuzzing test case #300 (1304 total, 0 uniq crashes found)...[0m
[1;94m[*] [0mFuzzing test case #301 (1304 total, 0 uniq crashes found)...[0m
scheduled max input!!!!
schedule: 14 level3_3/ijon_max/14
[1;94m[*] [0mFuzzing test case #302 (1304 total, 0 uniq crashes found)...[0m
scheduled max input!!!!
schedule: 5 level3_3/ijon_max/5
[1;94m[*] [0mFuzzing test case #303 (1304 total, 0 uniq crashes found)...[0m
[1;94m[*] [0mFuzzing test case #304 (1304 total, 0 uniq crashes found)...[0m
scheduled max input!!!!
schedule: 3 level3_3/ijon_max/3
[1;94m[*] [0mFuzzing test case #305 (1304 total, 0 uniq crashes found)...[0m
scheduled max input!!!!
schedule: 15 level3_3/ijon_max/15
[1;94m[*] [0mFuzzing test case #306 (1304 total, 0 uniq crashes found)...[0m
scheduled max input!!!!
schedule: 2 level3_3/ijon_max/2
[1;94m[*] [0mFuzzing test case #307 (1304 total, 0 uniq crashes found)...[0m
scheduled max input!!!!
schedule: 0 level3_3/ijon_max/0
[1;94m[*] [0mFuzzing test case #308 (1304 total, 0 uniq crashes found)...[0m
scheduled max input!!!!
schedule: 12 level3_3/ijon_max/12
[1;94m[*] [0mFuzzing test case #309 (1304 total, 0 uniq crashes found)...[0m
scheduled max input!!!!
schedule: 4 level3_3/ijon_max/4
[1;94m[*] [0mFuzzing test case #310 (1304 total, 0 uniq crashes found)...[0m
scheduled max input!!!!
schedule: 15 level3_3/ijon_max/15
[1;94m[*] [0mFuzzing test case #311 (1304 total, 0 uniq crashes found)...[0m
scheduled max input!!!!
schedule: 13 level3_3/ijon_max/13
[1;94m[*] [0mFuzzing test case #312 (1304 total, 0 uniq crashes found)...[0m
scheduled max input!!!!
schedule: 13 level3_3/ijon_max/13
[1;94m[*] [0mFuzzing test case #313 (1304 total, 0 uniq crashes found)...[0m
scheduled max input!!!!
schedule: 12 level3_3/ijon_max/12
[1;94m[*] [0mFuzzing test case #314 (1304 total, 0 uniq crashes found)...[0m
scheduled max input!!!!
schedule: 15 level3_3/ijon_max/15
[1;94m[*] [0mFuzzing test case #315 (1304 total, 0 uniq crashes found)...[0m
scheduled max input!!!!
schedule: 2 level3_3/ijon_max/2
[1;94m[*] [0mFuzzing test case #316 (1304 total, 0 uniq crashes found)...[0m
scheduled max input!!!!
schedule: 14 level3_3/ijon_max/14
[1;94m[*] [0mFuzzing test case #317 (1304 total, 0 uniq crashes found)...[0m
scheduled max input!!!!
schedule: 1 level3_3/ijon_max/1
[1;94m[*] [0mFuzzing test case #318 (1304 total, 0 uniq crashes found)...[0m
scheduled max input!!!!
schedule: 8 level3_3/ijon_max/8
[1;94m[*] [0mFuzzing test case #319 (1304 total, 0 uniq crashes found)...[0m
[1;94m[*] [0mFuzzing test case #320 (1304 total, 0 uniq crashes found)...[0m
scheduled max input!!!!
schedule: 7 level3_3/ijon_max/7
updated maxmap 7: 450 (len: 560)
updated maxmap 7: 451 (len: 560)
[1;94m[*] [0mFuzzing test case #321 (1304 total, 0 uniq crashes found)...[0m
scheduled max input!!!!
schedule: 9 level3_3/ijon_max/9
[1;94m[*] [0mFuzzing test case #322 (1304 total, 0 uniq crashes found)...[0m
scheduled max input!!!!
schedule: 4 level3_3/ijon_max/4
[1;94m[*] [0mFuzzing test case #323 (1304 total, 0 uniq crashes found)...[0m
[1;94m[*] [0mFuzzing test case #324 (1304 total, 0 uniq crashes found)...[0m
scheduled max input!!!!
schedule: 9 level3_3/ijon_max/9
[1;94m[*] [0mFuzzing test case #325 (1304 total, 0 uniq crashes found)...[0m
[1;94m[*] [0mFuzzing test case #326 (1304 total, 0 uniq crashes found)...[0m
scheduled max input!!!!
schedule: 8 level3_3/ijon_max/8
[1;94m[*] [0mFuzzing test case #327 (1304 total, 0 uniq crashes found)...[0m
scheduled max input!!!!
schedule: 9 level3_3/ijon_max/9
[1;94m[*] [0mFuzzing test case #328 (1304 total, 0 uniq crashes found)...[0m
scheduled max input!!!!
schedule: 14 level3_3/ijon_max/14
[1;94m[*] [0mFuzzing test case #329 (1304 total, 0 uniq crashes found)...[0m
scheduled max input!!!!
schedule: 8 level3_3/ijon_max/8
[1;94m[*] [0mFuzzing test case #330 (1304 total, 0 uniq crashes found)...[0m
scheduled max input!!!!
schedule: 9 level3_3/ijon_max/9
[1;94m[*] [0mFuzzing test case #331 (1304 total, 0 uniq crashes found)...[0m
scheduled max input!!!!
schedule: 11 level3_3/ijon_max/11
[1;94m[*] [0mFuzzing test case #332 (1304 total, 0 uniq crashes found)...[0m
scheduled max input!!!!
schedule: 13 level3_3/ijon_max/13
[1;94m[*] [0mFuzzing test case #333 (1305 total, 0 uniq crashes found)...[0m
scheduled max input!!!!
schedule: 9 level3_3/ijon_max/9
[1;94m[*] [0mFuzzing test case #334 (1305 total, 0 uniq crashes found)...[0m
scheduled max input!!!!
schedule: 2 level3_3/ijon_max/2
[1;94m[*] [0mFuzzing test case #335 (1305 total, 0 uniq crashes found)...[0m
scheduled max input!!!!
schedule: 13 level3_3/ijon_max/13
[1;94m[*] [0mFuzzing test case #336 (1305 total, 0 uniq crashes found)...[0m
[1;94m[*] [0mFuzzing test case #337 (1305 total, 0 uniq crashes found)...[0m
scheduled max input!!!!
schedule: 0 level3_3/ijon_max/0
[1;94m[*] [0mFuzzing test case #338 (1305 total, 0 uniq crashes found)...[0m
scheduled max input!!!!
schedule: 2 level3_3/ijon_max/2
[1;94m[*] [0mFuzzing test case #339 (1305 total, 0 uniq crashes found)...[0m
[1;94m[*] [0mFuzzing test case #340 (1305 total, 0 uniq crashes found)...[0m
[1;94m[*] [0mFuzzing test case #341 (1305 total, 0 uniq crashes found)...[0m
scheduled max input!!!!
schedule: 8 level3_3/ijon_max/8
[1;94m[*] [0mFuzzing test case #342 (1305 total, 0 uniq crashes found)...[0m
scheduled max input!!!!
schedule: 15 level3_3/ijon_max/15
[1;94m[*] [0mFuzzing test case #343 (1305 total, 0 uniq crashes found)...[0m
scheduled max input!!!!
schedule: 4 level3_3/ijon_max/4
[1;94m[*] [0mFuzzing test case #344 (1305 total, 0 uniq crashes found)...[0m
scheduled max input!!!!
schedule: 4 level3_3/ijon_max/4
[1;94m[*] [0mFuzzing test case #345 (1305 total, 0 uniq crashes found)...[0m
scheduled max input!!!!
schedule: 13 level3_3/ijon_max/13
minimized maxmap 14: 4b7 (len: 575)
[1;94m[*] [0mFuzzing test case #346 (1305 total, 0 uniq crashes found)...[0m
scheduled max input!!!!
schedule: 4 level3_3/ijon_max/4
[1;94m[*] [0mFuzzing test case #347 (1305 total, 0 uniq crashes found)...[0m
[1;94m[*] [0mFuzzing test case #348 (1305 total, 0 uniq crashes found)...[0m
[1;94m[*] [0mFuzzing test case #349 (1305 total, 0 uniq crashes found)...[0m
[1;94m[*] [0mFuzzing test case #350 (1305 total, 0 uniq crashes found)...[0m
scheduled max input!!!!
schedule: 11 level3_3/ijon_max/11
[1;94m[*] [0mFuzzing test case #351 (1305 total, 0 uniq crashes found)...[0m
scheduled max input!!!!
schedule: 15 level3_3/ijon_max/15
[1;94m[*] [0mFuzzing test case #352 (1305 total, 0 uniq crashes found)...[0m
scheduled max input!!!!
schedule: 3 level3_3/ijon_max/3
[1;94m[*] [0mFuzzing test case #353 (1305 total, 0 uniq crashes found)...[0m
scheduled max input!!!!
schedule: 10 level3_3/ijon_max/10
[1;94m[*] [0mFuzzing test case #354 (1305 total, 0 uniq crashes found)...[0m
scheduled max input!!!!
schedule: 9 level3_3/ijon_max/9
[1;94m[*] [0mFuzzing test case #355 (1305 total, 0 uniq crashes found)...[0m
scheduled max input!!!!
schedule: 14 level3_3/ijon_max/14
[1;94m[*] [0mFuzzing test case #356 (1305 total, 0 uniq crashes found)...[0m
scheduled max input!!!!
schedule: 14 level3_3/ijon_max/14
[1;94m[*] [0mFuzzing test case #357 (1305 total, 0 uniq crashes found)...[0m
[1;94m[*] [0mFuzzing test case #358 (1305 total, 0 uniq crashes found)...[0m
scheduled max input!!!!
schedule: 10 level3_3/ijon_max/10
[1;94m[*] [0mFuzzing test case #359 (1306 total, 0 uniq crashes found)...[0m
scheduled max input!!!!
schedule: 2 level3_3/ijon_max/2
[1;94m[*] [0mFuzzing test case #360 (1306 total, 0 uniq crashes found)...[0m
scheduled max input!!!!
schedule: 14 level3_3/ijon_max/14
[1;94m[*] [0mFuzzing test case #361 (1306 total, 0 uniq crashes found)...[0m
scheduled max input!!!!
schedule: 15 level3_3/ijon_max/15
[1;94m[*] [0mFuzzing test case #362 (1306 total, 0 uniq crashes found)...[0m
scheduled max input!!!!
schedule: 1 level3_3/ijon_max/1
[1;94m[*] [0mFuzzing test case #363 (1306 total, 0 uniq crashes found)...[0m
scheduled max input!!!!
schedule: 2 level3_3/ijon_max/2
[1;94m[*] [0mFuzzing test case #364 (1306 total, 0 uniq crashes found)...[0m
[1;94m[*] [0mFuzzing test case #365 (1306 total, 0 uniq crashes found)...[0m
scheduled max input!!!!
schedule: 2 level3_3/ijon_max/2
[1;94m[*] [0mFuzzing test case #366 (1306 total, 0 uniq crashes found)...[0m
[1;94m[*] [0mFuzzing test case #367 (1306 total, 0 uniq crashes found)...[0m
scheduled max input!!!!
schedule: 3 level3_3/ijon_max/3
[1;94m[*] [0mFuzzing test case #368 (1306 total, 0 uniq crashes found)...[0m
scheduled max input!!!!
schedule: 2 level3_3/ijon_max/2
[1;94m[*] [0mFuzzing test case #369 (1306 total, 0 uniq crashes found)...[0m
[1;94m[*] [0mFuzzing test case #370 (1306 total, 0 uniq crashes found)...[0m
scheduled max input!!!!
schedule: 15 level3_3/ijon_max/15
[1;94m[*] [0mFuzzing test case #371 (1308 total, 0 uniq crashes found)...[0m
[1;94m[*] [0mFuzzing test case #372 (1308 total, 0 uniq crashes found)...[0m
scheduled max input!!!!
schedule: 3 level3_3/ijon_max/3
[1;94m[*] [0mFuzzing test case #373 (1308 total, 0 uniq crashes found)...[0m
scheduled max input!!!!
schedule: 6 level3_3/ijon_max/6
[1;94m[*] [0mFuzzing test case #374 (1308 total, 0 uniq crashes found)...[0m
scheduled max input!!!!
schedule: 7 level3_3/ijon_max/7
[1;94m[*] [0mFuzzing test case #375 (1308 total, 0 uniq crashes found)...[0m
scheduled max input!!!!
schedule: 12 level3_3/ijon_max/12
[1;94m[*] [0mFuzzing test case #376 (1308 total, 0 uniq crashes found)...[0m
scheduled max input!!!!
schedule: 15 level3_3/ijon_max/15
[1;94m[*] [0mFuzzing test case #377 (1308 total, 0 uniq crashes found)...[0m
scheduled max input!!!!
schedule: 12 level3_3/ijon_max/12
[1;94m[*] [0mFuzzing test case #378 (1308 total, 0 uniq crashes found)...[0m
scheduled max input!!!!
schedule: 7 level3_3/ijon_max/7
[1;94m[*] [0mFuzzing test case #379 (1308 total, 0 uniq crashes found)...[0m
scheduled max input!!!!
schedule: 15 level3_3/ijon_max/15
[1;94m[*] [0mFuzzing test case #380 (1308 total, 0 uniq crashes found)...[0m
scheduled max input!!!!
schedule: 1 level3_3/ijon_max/1
[1;94m[*] [0mFuzzing test case #381 (1308 total, 0 uniq crashes found)...[0m
[1;94m[*] [0mFuzzing test case #382 (1308 total, 0 uniq crashes found)...[0m
scheduled max input!!!!
schedule: 8 level3_3/ijon_max/8
[1;94m[*] [0mFuzzing test case #383 (1308 total, 0 uniq crashes found)...[0m
[1;94m[*] [0mFuzzing test case #384 (1308 total, 0 uniq crashes found)...[0m
scheduled max input!!!!
schedule: 11 level3_3/ijon_max/11
[1;94m[*] [0mFuzzing test case #385 (1308 total, 0 uniq crashes found)...[0m
scheduled max input!!!!
schedule: 6 level3_3/ijon_max/6
[1;94m[*] [0mFuzzing test case #386 (1308 total, 0 uniq crashes found)...[0m
[1;94m[*] [0mFuzzing test case #387 (1308 total, 0 uniq crashes found)...[0m
[1;94m[*] [0mFuzzing test case #388 (1308 total, 0 uniq crashes found)...[0m
[1;94m[*] [0mFuzzing test case #389 (1308 total, 0 uniq crashes found)...[0m
[1;94m[*] [0mFuzzing test case #390 (1308 total, 0 uniq crashes found)...[0m
[1;94m[*] [0mFuzzing test case #391 (1308 total, 0 uniq crashes found)...[0m
[1;94m[*] [0mFuzzing test case #392 (1308 total, 0 uniq crashes found)...[0m
scheduled max input!!!!
schedule: 4 level3_3/ijon_max/4
[1;94m[*] [0mFuzzing test case #393 (1308 total, 0 uniq crashes found)...[0m
[1;94m[*] [0mFuzzing test case #394 (1308 total, 0 uniq crashes found)...[0m
scheduled max input!!!!
schedule: 7 level3_3/ijon_max/7
[1;94m[*] [0mFuzzing test case #395 (1308 total, 0 uniq crashes found)...[0m
scheduled max input!!!!
schedule: 2 level3_3/ijon_max/2
[1;94m[*] [0mFuzzing test case #396 (1308 total, 0 uniq crashes found)...[0m
scheduled max input!!!!
schedule: 6 level3_3/ijon_max/6
[1;94m[*] [0mFuzzing test case #397 (1308 total, 0 uniq crashes found)...[0m
[1;94m[*] [0mFuzzing test case #398 (1308 total, 0 uniq crashes found)...[0m
scheduled max input!!!!
schedule: 4 level3_3/ijon_max/4
[1;94m[*] [0mFuzzing test case #399 (1308 total, 0 uniq crashes found)...[0m
scheduled max input!!!!
schedule: 6 level3_3/ijon_max/6
[1;94m[*] [0mFuzzing test case #400 (1308 total, 0 uniq crashes found)...[0m
scheduled max input!!!!
schedule: 13 level3_3/ijon_max/13
[1;94m[*] [0mFuzzing test case #401 (1308 total, 0 uniq crashes found)...[0m
scheduled max input!!!!
schedule: 14 level3_3/ijon_max/14
[1;94m[*] [0mFuzzing test case #402 (1308 total, 0 uniq crashes found)...[0m
[1;94m[*] [0mFuzzing test case #403 (1308 total, 0 uniq crashes found)...[0m
scheduled max input!!!!
schedule: 0 level3_3/ijon_max/0
[1;94m[*] [0mFuzzing test case #404 (1308 total, 0 uniq crashes found)...[0m
scheduled max input!!!!
schedule: 10 level3_3/ijon_max/10
[1;94m[*] [0mFuzzing test case #405 (1308 total, 0 uniq crashes found)...[0m
[1;94m[*] [0mFuzzing test case #406 (1308 total, 0 uniq crashes found)...[0m
[1;94m[*] [0mFuzzing test case #407 (1308 total, 0 uniq crashes found)...[0m
scheduled normal input!!!!
[1;94m[*] [0mFuzzing test case #408 (1308 total, 0 uniq crashes found)...[0m
[1;94m[*] [0mFuzzing test case #409 (1308 total, 0 uniq crashes found)...[0m
[1;94m[*] [0mFuzzing test case #410 (1308 total, 0 uniq crashes found)...[0m
scheduled max input!!!!
schedule: 5 level3_3/ijon_max/5
[1;94m[*] [0mFuzzing test case #411 (1308 total, 0 uniq crashes found)...[0m
scheduled max input!!!!
schedule: 1 level3_3/ijon_max/1
[1;94m[*] [0mFuzzing test case #412 (1308 total, 0 uniq crashes found)...[0m
scheduled max input!!!!
schedule: 4 level3_3/ijon_max/4
[1;94m[*] [0mFuzzing test case #413 (1308 total, 0 uniq crashes found)...[0m
scheduled max input!!!!
schedule: 2 level3_3/ijon_max/2
[1;94m[*] [0mFuzzing test case #414 (1308 total, 0 uniq crashes found)...[0m
scheduled max input!!!!
schedule: 6 level3_3/ijon_max/6
[1;94m[*] [0mFuzzing test case #415 (1309 total, 0 uniq crashes found)...[0m
scheduled max input!!!!
schedule: 15 level3_3/ijon_max/15
[1;94m[*] [0mFuzzing test case #416 (1309 total, 0 uniq crashes found)...[0m
scheduled max input!!!!
schedule: 4 level3_3/ijon_max/4
[1;94m[*] [0mFuzzing test case #417 (1309 total, 0 uniq crashes found)...[0m
scheduled max input!!!!
schedule: 9 level3_3/ijon_max/9
[1;94m[*] [0mFuzzing test case #418 (1309 total, 0 uniq crashes found)...[0m
scheduled max input!!!!
schedule: 13 level3_3/ijon_max/13
[1;94m[*] [0mFuzzing test case #419 (1309 total, 0 uniq crashes found)...[0m
scheduled max input!!!!
schedule: 6 level3_3/ijon_max/6
[1;94m[*] [0mFuzzing test case #420 (1309 total, 0 uniq crashes found)...[0m
scheduled max input!!!!
schedule: 15 level3_3/ijon_max/15
[1;94m[*] [0mFuzzing test case #421 (1309 total, 0 uniq crashes found)...[0m
scheduled max input!!!!
schedule: 1 level3_3/ijon_max/1
[1;94m[*] [0mFuzzing test case #422 (1309 total, 0 uniq crashes found)...[0m
scheduled max input!!!!
schedule: 13 level3_3/ijon_max/13
[1;94m[*] [0mFuzzing test case #423 (1309 total, 0 uniq crashes found)...[0m
scheduled max input!!!!
schedule: 10 level3_3/ijon_max/10
[1;94m[*] [0mFuzzing test case #424 (1309 total, 0 uniq crashes found)...[0m
scheduled max input!!!!
schedule: 7 level3_3/ijon_max/7
[1;94m[*] [0mFuzzing test case #425 (1309 total, 0 uniq crashes found)...[0m
[1;94m[*] [0mFuzzing test case #426 (1309 total, 0 uniq crashes found)...[0m
scheduled max input!!!!
schedule: 15 level3_3/ijon_max/15
[1;94m[*] [0mFuzzing test case #427 (1309 total, 0 uniq crashes found)...[0m
scheduled max input!!!!
schedule: 2 level3_3/ijon_max/2
[1;94m[*] [0mFuzzing test case #428 (1309 total, 0 uniq crashes found)...[0m
scheduled max input!!!!
schedule: 7 level3_3/ijon_max/7
[1;94m[*] [0mFuzzing test case #429 (1309 total, 0 uniq crashes found)...[0m
scheduled max input!!!!
schedule: 12 level3_3/ijon_max/12
[1;94m[*] [0mFuzzing test case #430 (1309 total, 0 uniq crashes found)...[0m
[1;94m[*] [0mFuzzing test case #431 (1309 total, 0 uniq crashes found)...[0m
scheduled max input!!!!
schedule: 7 level3_3/ijon_max/7
[1;94m[*] [0mFuzzing test case #432 (1309 total, 0 uniq crashes found)...[0m
scheduled max input!!!!
schedule: 4 level3_3/ijon_max/4
[1;94m[*] [0mFuzzing test case #433 (1309 total, 0 uniq crashes found)...[0m
[1;94m[*] [0mFuzzing test case #434 (1309 total, 0 uniq crashes found)...[0m
scheduled max input!!!!
schedule: 7 level3_3/ijon_max/7
[1;94m[*] [0mFuzzing test case #435 (1309 total, 0 uniq crashes found)...[0m
scheduled max input!!!!
schedule: 12 level3_3/ijon_max/12
[1;94m[*] [0mFuzzing test case #436 (1309 total, 0 uniq crashes found)...[0m
scheduled max input!!!!
schedule: 6 level3_3/ijon_max/6
[1;94m[*] [0mFuzzing test case #437 (1310 total, 0 uniq crashes found)...[0m
scheduled max input!!!!
schedule: 10 level3_3/ijon_max/10
[1;94m[*] [0mFuzzing test case #438 (1310 total, 0 uniq crashes found)...[0m
scheduled max input!!!!
schedule: 7 level3_3/ijon_max/7
[1;94m[*] [0mFuzzing test case #439 (1310 total, 0 uniq crashes found)...[0m
scheduled max input!!!!
schedule: 3 level3_3/ijon_max/3
[1;94m[*] [0mFuzzing test case #440 (1310 total, 0 uniq crashes found)...[0m
scheduled max input!!!!
schedule: 7 level3_3/ijon_max/7
[1;94m[*] [0mFuzzing test case #441 (1310 total, 0 uniq crashes found)...[0m
scheduled max input!!!!
schedule: 13 level3_3/ijon_max/13
[1;94m[*] [0mFuzzing test case #442 (1310 total, 0 uniq crashes found)...[0m
scheduled max input!!!!
schedule: 4 level3_3/ijon_max/4
[1;94m[*] [0mFuzzing test case #443 (1310 total, 0 uniq crashes found)...[0m
scheduled max input!!!!
schedule: 4 level3_3/ijon_max/4
[1;94m[*] [0mFuzzing test case #444 (1310 total, 0 uniq crashes found)...[0m
scheduled max input!!!!
schedule: 5 level3_3/ijon_max/5
[1;94m[*] [0mFuzzing test case #445 (1310 total, 0 uniq crashes found)...[0m
scheduled max input!!!!
schedule: 12 level3_3/ijon_max/12
[1;94m[*] [0mFuzzing test case #446 (1310 total, 0 uniq crashes found)...[0m
scheduled max input!!!!
schedule: 7 level3_3/ijon_max/7
[1;94m[*] [0mFuzzing test case #447 (1310 total, 0 uniq crashes found)...[0m
scheduled max input!!!!
schedule: 2 level3_3/ijon_max/2
[1;94m[*] [0mFuzzing test case #448 (1310 total, 0 uniq crashes found)...[0m
scheduled normal input!!!!
[1;94m[*] [0mFuzzing test case #449 (1310 total, 0 uniq crashes found)...[0m
scheduled max input!!!!
schedule: 2 level3_3/ijon_max/2
[1;94m[*] [0mFuzzing test case #450 (1310 total, 0 uniq crashes found)...[0m
scheduled max input!!!!
schedule: 9 level3_3/ijon_max/9
[1;94m[*] [0mFuzzing test case #451 (1310 total, 0 uniq crashes found)...[0m
scheduled max input!!!!
schedule: 1 level3_3/ijon_max/1
[1;94m[*] [0mFuzzing test case #452 (1310 total, 0 uniq crashes found)...[0m
scheduled max input!!!!
schedule: 14 level3_3/ijon_max/14
[1;94m[*] [0mFuzzing test case #453 (1310 total, 0 uniq crashes found)...[0m
[1;94m[*] [0mFuzzing test case #454 (1310 total, 0 uniq crashes found)...[0m
scheduled max input!!!!
schedule: 1 level3_3/ijon_max/1
[1;94m[*] [0mFuzzing test case #455 (1310 total, 0 uniq crashes found)...[0m
scheduled max input!!!!
schedule: 13 level3_3/ijon_max/13
[1;94m[*] [0mFuzzing test case #456 (1310 total, 0 uniq crashes found)...[0m
scheduled max input!!!!
schedule: 12 level3_3/ijon_max/12
[1;94m[*] [0mFuzzing test case #457 (1310 total, 0 uniq crashes found)...[0m
[1;94m[*] [0mFuzzing test case #458 (1310 total, 0 uniq crashes found)...[0m
scheduled max input!!!!
schedule: 6 level3_3/ijon_max/6
[1;94m[*] [0mFuzzing test case #459 (1310 total, 0 uniq crashes found)...[0m
scheduled max input!!!!
schedule: 12 level3_3/ijon_max/12
[1;94m[*] [0mFuzzing test case #460 (1310 total, 0 uniq crashes found)...[0m
scheduled max input!!!!
schedule: 5 level3_3/ijon_max/5
[1;94m[*] [0mFuzzing test case #461 (1310 total, 0 uniq crashes found)...[0m
scheduled max input!!!!
schedule: 1 level3_3/ijon_max/1
[1;94m[*] [0mFuzzing test case #462 (1310 total, 0 uniq crashes found)...[0m
[1;94m[*] [0mFuzzing test case #463 (1310 total, 0 uniq crashes found)...[0m
scheduled max input!!!!
schedule: 0 level3_3/ijon_max/0
[1;94m[*] [0mFuzzing test case #464 (1311 total, 0 uniq crashes found)...[0m
scheduled max input!!!!
schedule: 4 level3_3/ijon_max/4
[1;94m[*] [0mFuzzing test case #465 (1311 total, 0 uniq crashes found)...[0m
[1;94m[*] [0mFuzzing test case #466 (1311 total, 0 uniq crashes found)...[0m
scheduled max input!!!!
schedule: 10 level3_3/ijon_max/10
[1;94m[*] [0mFuzzing test case #467 (1311 total, 0 uniq crashes found)...[0m
scheduled max input!!!!
schedule: 4 level3_3/ijon_max/4
[1;94m[*] [0mFuzzing test case #468 (1311 total, 0 uniq crashes found)...[0m
[1;94m[*] [0mFuzzing test case #469 (1311 total, 0 uniq crashes found)...[0m
scheduled max input!!!!
schedule: 2 level3_3/ijon_max/2
[1;94m[*] [0mFuzzing test case #470 (1311 total, 0 uniq crashes found)...[0m
[1;94m[*] [0mFuzzing test case #471 (1311 total, 0 uniq crashes found)...[0m
scheduled max input!!!!
schedule: 12 level3_3/ijon_max/12
[1;94m[*] [0mFuzzing test case #472 (1311 total, 0 uniq crashes found)...[0m
scheduled max input!!!!
schedule: 7 level3_3/ijon_max/7
[1;94m[*] [0mFuzzing test case #473 (1311 total, 0 uniq crashes found)...[0m
scheduled max input!!!!
schedule: 10 level3_3/ijon_max/10
[1;94m[*] [0mFuzzing test case #474 (1311 total, 0 uniq crashes found)...[0m
scheduled max input!!!!
schedule: 11 level3_3/ijon_max/11
[1;94m[*] [0mFuzzing test case #475 (1311 total, 0 uniq crashes found)...[0m
scheduled max input!!!!
schedule: 13 level3_3/ijon_max/13
[1;94m[*] [0mFuzzing test case #476 (1311 total, 0 uniq crashes found)...[0m
scheduled max input!!!!
schedule: 12 level3_3/ijon_max/12
[1;94m[*] [0mFuzzing test case #477 (1312 total, 0 uniq crashes found)...[0m
scheduled max input!!!!
schedule: 4 level3_3/ijon_max/4
[1;94m[*] [0mFuzzing test case #478 (1312 total, 0 uniq crashes found)...[0m
scheduled max input!!!!
schedule: 9 level3_3/ijon_max/9
[1;94m[*] [0mFuzzing test case #479 (1312 total, 0 uniq crashes found)...[0m
scheduled max input!!!!
schedule: 1 level3_3/ijon_max/1
[1;94m[*] [0mFuzzing test case #480 (1312 total, 0 uniq crashes found)...[0m
scheduled max input!!!!
schedule: 13 level3_3/ijon_max/13
[1;94m[*] [0mFuzzing test case #481 (1312 total, 0 uniq crashes found)...[0m
scheduled max input!!!!
schedule: 1 level3_3/ijon_max/1
[1;94m[*] [0mFuzzing test case #482 (1313 total, 0 uniq crashes found)...[0m
scheduled max input!!!!
schedule: 10 level3_3/ijon_max/10
[1;94m[*] [0mFuzzing test case #483 (1313 total, 0 uniq crashes found)...[0m
scheduled max input!!!!
schedule: 4 level3_3/ijon_max/4
[1;94m[*] [0mFuzzing test case #484 (1313 total, 0 uniq crashes found)...[0m
scheduled max input!!!!
schedule: 7 level3_3/ijon_max/7
[1;94m[*] [0mFuzzing test case #485 (1314 total, 0 uniq crashes found)...[0m
scheduled max input!!!!
schedule: 11 level3_3/ijon_max/11
[1;94m[*] [0mFuzzing test case #486 (1314 total, 0 uniq crashes found)...[0m
scheduled max input!!!!
schedule: 10 level3_3/ijon_max/10
[1;94m[*] [0mFuzzing test case #487 (1314 total, 0 uniq crashes found)...[0m
[1;94m[*] [0mFuzzing test case #488 (1314 total, 0 uniq crashes found)...[0m
scheduled max input!!!!
schedule: 15 level3_3/ijon_max/15
[1;94m[*] [0mFuzzing test case #489 (1314 total, 0 uniq crashes found)...[0m
scheduled max input!!!!
schedule: 13 level3_3/ijon_max/13
[1;94m[*] [0mFuzzing test case #490 (1314 total, 0 uniq crashes found)...[0m
scheduled max input!!!!
schedule: 13 level3_3/ijon_max/13
[1;94m[*] [0mFuzzing test case #491 (1314 total, 0 uniq crashes found)...[0m
scheduled max input!!!!
schedule: 3 level3_3/ijon_max/3
[1;94m[*] [0mFuzzing test case #492 (1314 total, 0 uniq crashes found)...[0m
scheduled max input!!!!
schedule: 10 level3_3/ijon_max/10
[1;94m[*] [0mFuzzing test case #493 (1314 total, 0 uniq crashes found)...[0m
scheduled max input!!!!
schedule: 6 level3_3/ijon_max/6
[1;94m[*] [0mFuzzing test case #494 (1314 total, 0 uniq crashes found)...[0m
[1;94m[*] [0mFuzzing test case #495 (1314 total, 0 uniq crashes found)...[0m
[1;94m[*] [0mFuzzing test case #496 (1314 total, 0 uniq crashes found)...[0m
scheduled max input!!!!
schedule: 1 level3_3/ijon_max/1
[1;94m[*] [0mFuzzing test case #497 (1314 total, 0 uniq crashes found)...[0m
scheduled max input!!!!
schedule: 15 level3_3/ijon_max/15
[1;94m[*] [0mFuzzing test case #498 (1314 total, 0 uniq crashes found)...[0m
scheduled max input!!!!
schedule: 14 level3_3/ijon_max/14
[1;94m[*] [0mFuzzing test case #499 (1314 total, 0 uniq crashes found)...[0m
scheduled max input!!!!
schedule: 1 level3_3/ijon_max/1
[1;94m[*] [0mFuzzing test case #500 (1314 total, 0 uniq crashes found)...[0m
scheduled max input!!!!
schedule: 15 level3_3/ijon_max/15
[1;94m[*] [0mFuzzing test case #501 (1314 total, 0 uniq crashes found)...[0m
scheduled max input!!!!
schedule: 1 level3_3/ijon_max/1
[1;94m[*] [0mFuzzing test case #502 (1314 total, 0 uniq crashes found)...[0m
scheduled max input!!!!
schedule: 3 level3_3/ijon_max/3
[1;94m[*] [0mFuzzing test case #503 (1314 total, 0 uniq crashes found)...[0m
scheduled max input!!!!
schedule: 1 level3_3/ijon_max/1
[1;94m[*] [0mFuzzing test case #504 (1314 total, 0 uniq crashes found)...[0m
[1;94m[*] [0mFuzzing test case #505 (1314 total, 0 uniq crashes found)...[0m
scheduled max input!!!!
schedule: 0 level3_3/ijon_max/0
[1;94m[*] [0mFuzzing test case #506 (1314 total, 0 uniq crashes found)...[0m
[1;94m[*] [0mFuzzing test case #507 (1314 total, 0 uniq crashes found)...[0m
scheduled max input!!!!
schedule: 8 level3_3/ijon_max/8
[1;94m[*] [0mFuzzing test case #508 (1314 total, 0 uniq crashes found)...[0m
scheduled max input!!!!
schedule: 7 level3_3/ijon_max/7
[1;94m[*] [0mFuzzing test case #509 (1314 total, 0 uniq crashes found)...[0m
[1;94m[*] [0mFuzzing test case #510 (1314 total, 0 uniq crashes found)...[0m
scheduled max input!!!!
schedule: 0 level3_3/ijon_max/0
[1;94m[*] [0mFuzzing test case #511 (1314 total, 0 uniq crashes found)...[0m
scheduled max input!!!!
schedule: 13 level3_3/ijon_max/13
[1;94m[*] [0mFuzzing test case #512 (1314 total, 0 uniq crashes found)...[0m
scheduled max input!!!!
schedule: 11 level3_3/ijon_max/11
[1;94m[*] [0mFuzzing test case #513 (1314 total, 0 uniq crashes found)...[0m
scheduled max input!!!!
schedule: 11 level3_3/ijon_max/11
[1;94m[*] [0mFuzzing test case #514 (1314 total, 0 uniq crashes found)...[0m
scheduled max input!!!!
schedule: 3 level3_3/ijon_max/3
[1;94m[*] [0mFuzzing test case #515 (1314 total, 0 uniq crashes found)...[0m
[1;94m[*] [0mFuzzing test case #516 (1314 total, 0 uniq crashes found)...[0m
scheduled max input!!!!
schedule: 1 level3_3/ijon_max/1
[1;94m[*] [0mFuzzing test case #517 (1314 total, 0 uniq crashes found)...[0m
scheduled max input!!!!
schedule: 4 level3_3/ijon_max/4
[1;94m[*] [0mFuzzing test case #518 (1314 total, 0 uniq crashes found)...[0m
[1;94m[*] [0mFuzzing test case #519 (1314 total, 0 uniq crashes found)...[0m
scheduled max input!!!!
schedule: 11 level3_3/ijon_max/11
[1;94m[*] [0mFuzzing test case #520 (1314 total, 0 uniq crashes found)...[0m
scheduled max input!!!!
schedule: 15 level3_3/ijon_max/15
[1;94m[*] [0mFuzzing test case #521 (1314 total, 0 uniq crashes found)...[0m
[1;94m[*] [0mFuzzing test case #522 (1314 total, 0 uniq crashes found)...[0m
scheduled max input!!!!
schedule: 14 level3_3/ijon_max/14
[1;94m[*] [0mFuzzing test case #523 (1314 total, 0 uniq crashes found)...[0m
[1;94m[*] [0mFuzzing test case #524 (1314 total, 0 uniq crashes found)...[0m
[1;94m[*] [0mFuzzing test case #525 (1314 total, 0 uniq crashes found)...[0m
scheduled max input!!!!
schedule: 12 level3_3/ijon_max/12
[1;94m[*] [0mFuzzing test case #526 (1314 total, 0 uniq crashes found)...[0m
[1;94m[*] [0mFuzzing test case #527 (1314 total, 0 uniq crashes found)...[0m
scheduled max input!!!!
schedule: 1 level3_3/ijon_max/1
[1;94m[*] [0mFuzzing test case #528 (1314 total, 0 uniq crashes found)...[0m
scheduled max input!!!!
schedule: 7 level3_3/ijon_max/7
updated maxmap 5: 459 (len: 560)
updated maxmap 6: 451 (len: 560)
[1;94m[*] [0mFuzzing test case #529 (1314 total, 0 uniq crashes found)...[0m
scheduled max input!!!!
schedule: 12 level3_3/ijon_max/12
[1;94m[*] [0mFuzzing test case #530 (1314 total, 0 uniq crashes found)...[0m
scheduled max input!!!!
schedule: 10 level3_3/ijon_max/10
[1;94m[*] [0mFuzzing test case #531 (1314 total, 0 uniq crashes found)...[0m
scheduled max input!!!!
schedule: 0 level3_3/ijon_max/0
[1;94m[*] [0mFuzzing test case #532 (1314 total, 0 uniq crashes found)...[0m
[1;94m[*] [0mFuzzing test case #533 (1314 total, 0 uniq crashes found)...[0m
scheduled max input!!!!
schedule: 15 level3_3/ijon_max/15
[1;94m[*] [0mFuzzing test case #534 (1314 total, 0 uniq crashes found)...[0m
[1;94m[*] [0mFuzzing test case #535 (1314 total, 0 uniq crashes found)...[0m
[1;94m[*] [0mFuzzing test case #536 (1314 total, 0 uniq crashes found)...[0m
scheduled max input!!!!
schedule: 0 level3_3/ijon_max/0
[1;94m[*] [0mFuzzing test case #537 (1314 total, 0 uniq crashes found)...[0m
scheduled max input!!!!
schedule: 12 level3_3/ijon_max/12
[1;94m[*] [0mFuzzing test case #538 (1314 total, 0 uniq crashes found)...[0m
scheduled max input!!!!
schedule: 7 level3_3/ijon_max/7
updated maxmap 4: 481 (len: 567)
updated maxmap 5: 48b (len: 567)
updated maxmap 6: 466 (len: 567)
updated maxmap 7: 45e (len: 567)
updated maxmap 6: 48e (len: 568)
updated maxmap 7: 461 (len: 568)
minimized maxmap 7: 461 (len: 560)
updated maxmap 7: 465 (len: 563)
minimized maxmap 7: 465 (len: 560)
updated maxmap 7: 468 (len: 563)
updated maxmap 7: 46a (len: 560)
[1;94m[*] [0mFuzzing test case #539 (1314 total, 0 uniq crashes found)...[0m
scheduled max input!!!!
schedule: 11 level3_3/ijon_max/11
[1;94m[*] [0mFuzzing test case #540 (1314 total, 0 uniq crashes found)...[0m
scheduled max input!!!!
schedule: 13 level3_3/ijon_max/13
[1;94m[*] [0mFuzzing test case #541 (1314 total, 0 uniq crashes found)...[0m
scheduled max input!!!!
schedule: 1 level3_3/ijon_max/1
[1;94m[*] [0mFuzzing test case #542 (1314 total, 0 uniq crashes found)...[0m
scheduled max input!!!!
schedule: 8 level3_3/ijon_max/8
[1;94m[*] [0mFuzzing test case #543 (1314 total, 0 uniq crashes found)...[0m
[1;94m[*] [0mFuzzing test case #544 (1314 total, 0 uniq crashes found)...[0m
scheduled max input!!!!
schedule: 15 level3_3/ijon_max/15
[1;94m[*] [0mFuzzing test case #545 (1314 total, 0 uniq crashes found)...[0m
scheduled max input!!!!
schedule: 0 level3_3/ijon_max/0
[1;94m[*] [0mFuzzing test case #546 (1314 total, 0 uniq crashes found)...[0m
scheduled max input!!!!
schedule: 13 level3_3/ijon_max/13
[1;94m[*] [0mFuzzing test case #547 (1315 total, 0 uniq crashes found)...[0m
scheduled max input!!!!
schedule: 15 level3_3/ijon_max/15
[1;94m[*] [0mFuzzing test case #548 (1315 total, 0 uniq crashes found)...[0m
[1;94m[*] [0mFuzzing test case #549 (1315 total, 0 uniq crashes found)...[0m
[1;94m[*] [0mFuzzing test case #550 (1315 total, 0 uniq crashes found)...[0m
scheduled max input!!!!
schedule: 15 level3_3/ijon_max/15
[1;94m[*] [0mFuzzing test case #551 (1315 total, 0 uniq crashes found)...[0m
scheduled max input!!!!
schedule: 14 level3_3/ijon_max/14
[1;94m[*] [0mFuzzing test case #552 (1315 total, 0 uniq crashes found)...[0m
scheduled max input!!!!
schedule: 7 level3_3/ijon_max/7
[1;94m[*] [0mFuzzing test case #553 (1315 total, 0 uniq crashes found)...[0m
[1;94m[*] [0mFuzzing test case #554 (1315 total, 0 uniq crashes found)...[0m
scheduled max input!!!!
schedule: 5 level3_3/ijon_max/5
updated maxmap 6: 491 (len: 574)
updated maxmap 7: 49b (len: 574)
updated maxmap 8: 49d (len: 574)
updated maxmap 4: 482 (len: 567)
updated maxmap 5: 48c (len: 567)
updated maxmap 4: 483 (len: 567)
updated maxmap 5: 48d (len: 567)
[1;94m[*] [0mFuzzing test case #555 (1315 total, 0 uniq crashes found)...[0m
scheduled max input!!!!
schedule: 6 level3_3/ijon_max/6
updated maxmap 8: 49e (len: 574)
[1;94m[*] [0mFuzzing test case #556 (1315 total, 0 uniq crashes found)...[0m
scheduled max input!!!!
schedule: 4 level3_3/ijon_max/4
updated maxmap 4: 484 (len: 569)
updated maxmap 5: 48e (len: 569)
updated maxmap 4: 486 (len: 567)
minimized maxmap 6: 491 (len: 567)
[1;94m[*] [0mFuzzing test case #557 (1315 total, 0 uniq crashes found)...[0m
[1;94m[*] [0mFuzzing test case #558 (1315 total, 0 uniq crashes found)...[0m
scheduled max input!!!!
schedule: 10 level3_3/ijon_max/10
[1;94m[*] [0mFuzzing test case #559 (1315 total, 0 uniq crashes found)...[0m
scheduled max input!!!!
schedule: 4 level3_3/ijon_max/4
updated maxmap 4: 487 (len: 569)
minimized maxmap 4: 487 (len: 567)
[1;94m[*] [0mFuzzing test case #560 (1315 total, 0 uniq crashes found)...[0m
[1;94m[*] [0mFuzzing test case #561 (1315 total, 0 uniq crashes found)...[0m
[1;94m[*] [0mFuzzing test case #562 (1315 total, 0 uniq crashes found)...[0m
scheduled max input!!!!
schedule: 12 level3_3/ijon_max/12
[1;94m[*] [0mFuzzing test case #563 (1315 total, 0 uniq crashes found)...[0m
scheduled max input!!!!
schedule: 4 level3_3/ijon_max/4
[1;94m[*] [0mFuzzing test case #564 (1316 total, 0 uniq crashes found)...[0m
scheduled max input!!!!
schedule: 4 level3_3/ijon_max/4
[1;94m[*] [0mFuzzing test case #565 (1316 total, 0 uniq crashes found)...[0m
[1;94m[*] [0mFuzzing test case #566 (1316 total, 0 uniq crashes found)...[0m
scheduled max input!!!!
schedule: 9 level3_3/ijon_max/9
[1;94m[*] [0mFuzzing test case #567 (1316 total, 0 uniq crashes found)...[0m
scheduled max input!!!!
schedule: 14 level3_3/ijon_max/14
[1;94m[*] [0mFuzzing test case #568 (1316 total, 0 uniq crashes found)...[0m
scheduled max input!!!!
schedule: 8 level3_3/ijon_max/8
updated maxmap 6: 492 (len: 574)
updated maxmap 7: 49c (len: 574)
[1;94m[*] [0mFuzzing test case #569 (1316 total, 0 uniq crashes found)...[0m
scheduled max input!!!!
schedule: 0 level3_3/ijon_max/0
[1;94m[*] [0mFuzzing test case #570 (1316 total, 0 uniq crashes found)...[0m
scheduled max input!!!!
schedule: 6 level3_3/ijon_max/6
[1;94m[*] [0mFuzzing test case #571 (1316 total, 0 uniq crashes found)...[0m
scheduled max input!!!!
schedule: 12 level3_3/ijon_max/12
[1;94m[*] [0mFuzzing test case #572 (1316 total, 0 uniq crashes found)...[0m
scheduled max input!!!!
schedule: 1 level3_3/ijon_max/1
[1;94m[*] [0mFuzzing test case #573 (1316 total, 0 uniq crashes found)...[0m
scheduled max input!!!!
schedule: 13 level3_3/ijon_max/13
[1;94m[*] [0mFuzzing test case #574 (1316 total, 0 uniq crashes found)...[0m
scheduled max input!!!!
schedule: 4 level3_3/ijon_max/4
[1;94m[*] [0mFuzzing test case #575 (1317 total, 0 uniq crashes found)...[0m
[1;94m[*] [0mFuzzing test case #576 (1317 total, 0 uniq crashes found)...[0m
scheduled max input!!!!
schedule: 6 level3_3/ijon_max/6
updated maxmap 5: 48f (len: 574)
updated maxmap 6: 499 (len: 574)
updated maxmap 7: 49e (len: 574)
updated maxmap 5: 490 (len: 574)
updated maxmap 6: 49a (len: 574)
updated maxmap 7: 49f (len: 574)
[1;94m[*] [0mFuzzing test case #577 (1317 total, 0 uniq crashes found)...[0m
scheduled max input!!!!
schedule: 14 level3_3/ijon_max/14
[1;94m[*] [0mFuzzing test case #578 (1317 total, 0 uniq crashes found)...[0m
scheduled max input!!!!
schedule: 14 level3_3/ijon_max/14
[1;94m[*] [0mFuzzing test case #579 (1317 total, 0 uniq crashes found)...[0m
scheduled max input!!!!
schedule: 5 level3_3/ijon_max/5
updated maxmap 5: 492 (len: 574)
updated maxmap 6: 49c (len: 574)
updated maxmap 7: 4a1 (len: 574)
[1;94m[*] [0mFuzzing test case #580 (1317 total, 0 uniq crashes found)...[0m
scheduled max input!!!!
schedule: 14 level3_3/ijon_max/14
[1;94m[*] [0mFuzzing test case #581 (1317 total, 0 uniq crashes found)...[0m
scheduled max input!!!!
schedule: 1 level3_3/ijon_max/1
[1;94m[*] [0mFuzzing test case #582 (1317 total, 0 uniq crashes found)...[0m
[1;94m[*] [0mFuzzing test case #583 (1317 total, 0 uniq crashes found)...[0m
[1;94m[*] [0mFuzzing test case #584 (1317 total, 0 uniq crashes found)...[0m
scheduled max input!!!!
schedule: 4 level3_3/ijon_max/4
updated maxmap 4: 48b (len: 567)
[1;94m[*] [0mFuzzing test case #585 (1317 total, 0 uniq crashes found)...[0m
scheduled max input!!!!
schedule: 9 level3_3/ijon_max/9
[1;94m[*] [0mFuzzing test case #586 (1317 total, 0 uniq crashes found)...[0m
[1;94m[*] [0mFuzzing test case #587 (1317 total, 0 uniq crashes found)...[0m
scheduled max input!!!!
schedule: 13 level3_3/ijon_max/13
[1;94m[*] [0mFuzzing test case #588 (1317 total, 0 uniq crashes found)...[0m
scheduled max input!!!!
schedule: 5 level3_3/ijon_max/5
[1;94m[*] [0mFuzzing test case #589 (1317 total, 0 uniq crashes found)...[0m
scheduled max input!!!!
schedule: 6 level3_3/ijon_max/6
updated maxmap 4: 4a3 (len: 574)
updated maxmap 5: 499 (len: 574)
updated maxmap 5: 4af (len: 582)
updated maxmap 6: 4af (len: 582)
updated maxmap 7: 4a4 (len: 575)
updated maxmap 8: 4ad (len: 581)
updated maxmap 9: 4b2 (len: 581)
updated maxmap 4: 4ac (len: 574)
[1;94m[*] [0mFuzzing test case #590 (1320 total, 0 uniq crashes found)...[0m
scheduled max input!!!!
schedule: 7 level3_3/ijon_max/7
updated maxmap 4: 4ad (len: 579)
[1;94m[*] [0mFuzzing test case #591 (1320 total, 0 uniq crashes found)...[0m
scheduled max input!!!!
schedule: 6 level3_3/ijon_max/6
updated maxmap 9: 4b5 (len: 582)
updated maxmap 8: 4ae (len: 582)
updated maxmap 9: 4b6 (len: 582)
updated maxmap 10: 4b6 (len: 582)
[1;94m[*] [0mFuzzing test case #592 (1321 total, 0 uniq crashes found)...[0m
scheduled max input!!!!
schedule: 10 level3_3/ijon_max/10
updated maxmap 11: 4b6 (len: 582)
updated maxmap 10: 4b8 (len: 592)
updated maxmap 11: 4c2 (len: 592)
updated maxmap 12: 4ca (len: 592)
minimized maxmap 10: 4b8 (len: 590)
minimized maxmap 11: 4c2 (len: 590)
[1;94m[*] [0mFuzzing test case #593 (1322 total, 0 uniq crashes found)...[0m
[1;94m[*] [0mFuzzing test case #594 (1322 total, 0 uniq crashes found)...[0m
scheduled max input!!!!
schedule: 5 level3_3/ijon_max/5
updated maxmap 4: 4ae (len: 582)
[1;94m[*] [0mFuzzing test case #595 (1323 total, 0 uniq crashes found)...[0m
[1;94m[*] [0mFuzzing test case #596 (1323 total, 0 uniq crashes found)...[0m
[1;94m[*] [0mFuzzing test case #597 (1323 total, 0 uniq crashes found)...[0m
scheduled max input!!!!
schedule: 12 level3_3/ijon_max/12
updated maxmap 10: 4bc (len: 592)
updated maxmap 11: 4c6 (len: 592)
updated maxmap 12: 4cd (len: 592)
updated maxmap 10: 4bd (len: 592)
updated maxmap 11: 4c7 (len: 592)
updated maxmap 12: 4ce (len: 592)
[1;94m[*] [0mFuzzing test case #598 (1324 total, 0 uniq crashes found)...[0m
scheduled max input!!!!
schedule: 2 level3_3/ijon_max/2
[1;94m[*] [0mFuzzing test case #599 (1324 total, 0 uniq crashes found)...[0m
scheduled normal input!!!!
[1;94m[*] [0mFuzzing test case #600 (1324 total, 0 uniq crashes found)...[0m
scheduled max input!!!!
schedule: 0 level3_3/ijon_max/0
[1;94m[*] [0mFuzzing test case #601 (1325 total, 0 uniq crashes found)...[0m
scheduled max input!!!!
schedule: 7 level3_3/ijon_max/7
updated maxmap 7: 4a7 (len: 577)
[1;94m[*] [0mFuzzing test case #602 (1325 total, 0 uniq crashes found)...[0m
[1;94m[*] [0mFuzzing test case #603 (1325 total, 0 uniq crashes found)...[0m
scheduled max input!!!!
schedule: 0 level3_3/ijon_max/0
[1;94m[*] [0mFuzzing test case #604 (1325 total, 0 uniq crashes found)...[0m
scheduled max input!!!!
schedule: 11 level3_3/ijon_max/11
updated maxmap 12: 4cf (len: 592)
[1;94m[*] [0mFuzzing test case #605 (1325 total, 0 uniq crashes found)...[0m
scheduled max input!!!!
schedule: 6 level3_3/ijon_max/6
updated maxmap 9: 4b7 (len: 582)
[1;94m[*] [0mFuzzing test case #606 (1325 total, 0 uniq crashes found)...[0m
scheduled max input!!!!
schedule: 12 level3_3/ijon_max/12
updated maxmap 10: 4bf (len: 592)
updated maxmap 11: 4c9 (len: 592)
updated maxmap 12: 4d1 (len: 592)
updated maxmap 10: 4c0 (len: 592)
updated maxmap 11: 4ca (len: 592)
updated maxmap 12: 4d3 (len: 594)
updated maxmap 13: 4d6 (len: 594)
updated maxmap 9: 4b8 (len: 592)
updated maxmap 10: 4c2 (len: 592)
updated maxmap 11: 4cc (len: 592)
minimized maxmap 12: 4d3 (len: 592)
updated maxmap 12: 4d4 (len: 598)
updated maxmap 13: 4de (len: 598)
updated maxmap 14: 4e1 (len: 598)
updated maxmap 12: 4d5 (len: 600)
updated maxmap 13: 4df (len: 600)
updated maxmap 14: 4e7 (len: 600)
minimized maxmap 12: 4d5 (len: 593)
minimized maxmap 13: 4df (len: 597)
updated maxmap 4: 4af (len: 597)
updated maxmap 5: 4b4 (len: 597)
updated maxmap 6: 4b0 (len: 597)
updated maxmap 15: 4e5 (len: 599)
minimized maxmap 4: 4af (len: 592)
updated maxmap 7: 4ae (len: 592)
minimized maxmap 6: 4b0 (len: 594)
updated maxmap 8: 4b0 (len: 592)
updated maxmap 9: 4ba (len: 592)
updated maxmap 10: 4c4 (len: 592)
updated maxmap 11: 4ce (len: 592)
[1;94m[*] [0mFuzzing test case #607 (1337 total, 0 uniq crashes found)...[0m
scheduled max input!!!!
schedule: 1 level3_3/ijon_max/1
[1;94m[*] [0mFuzzing test case #608 (1337 total, 0 uniq crashes found)...[0m
scheduled max input!!!!
schedule: 12 level3_3/ijon_max/12
updated maxmap 12: 4d6 (len: 593)
[1;94m[*] [0mFuzzing test case #609 (1338 total, 0 uniq crashes found)...[0m
scheduled max input!!!!
schedule: 1 level3_3/ijon_max/1
[1;94m[*] [0mFuzzing test case #610 (1338 total, 0 uniq crashes found)...[0m
scheduled max input!!!!
schedule: 15 level3_3/ijon_max/15
[1;94m[*] [0mFuzzing test case #611 (1338 total, 0 uniq crashes found)...[0m
scheduled max input!!!!
schedule: 7 level3_3/ijon_max/7
updated maxmap 4: 4b0 (len: 592)
updated maxmap 7: 4af (len: 592)
updated maxmap 7: 4b0 (len: 592)
updated maxmap 4: 4b1 (len: 592)
updated maxmap 6: 4b2 (len: 592)
updated maxmap 7: 4b2 (len: 592)
[1;94m[*] [0mFuzzing test case #612 (1340 total, 0 uniq crashes found)...[0m
[1;94m[*] [0mFuzzing test case #613 (1340 total, 0 uniq crashes found)...[0m
scheduled max input!!!!
schedule: 15 level3_3/ijon_max/15
updated maxmap 15: 4e6 (len: 599)
updated maxmap 15: 4e7 (len: 599)
updated maxmap 0: 4ec (len: 606)
updated maxmap 15: 4e9 (len: 606)
[1;94m[*] [0mFuzzing test case #614 (1341 total, 0 uniq crashes found)...[0m
scheduled max input!!!!
schedule: 13 level3_3/ijon_max/13
updated maxmap 13: 4e0 (len: 597)
updated maxmap 14: 4e9 (len: 601)
updated maxmap 6: 4b7 (len: 597)
updated maxmap 15: 4f1 (len: 604)
updated maxmap 12: 4d8 (len: 597)
updated maxmap 6: 4bd (len: 597)
updated maxmap 7: 4c7 (len: 597)
updated maxmap 8: 4d1 (len: 597)
updated maxmap 9: 4db (len: 597)
updated maxmap 10: 4e0 (len: 597)
updated maxmap 15: 4f3 (len: 605)
updated maxmap 14: 4ea (len: 602)
[1;94m[*] [0mFuzzing test case #615 (1348 total, 0 uniq crashes found)...[0m
[1;94m[*] [0mFuzzing test case #616 (1348 total, 0 uniq crashes found)...[0m
[1;94m[*] [0mFuzzing test case #617 (1348 total, 0 uniq crashes found)...[0m
scheduled max input!!!!
schedule: 7 level3_3/ijon_max/7
[1;94m[*] [0mFuzzing test case #618 (1348 total, 0 uniq crashes found)...[0m
scheduled max input!!!!
schedule: 13 level3_3/ijon_max/13
[1;94m[*] [0mFuzzing test case #619 (1348 total, 0 uniq crashes found)...[0m
scheduled max input!!!!
schedule: 6 level3_3/ijon_max/6
[1;94m[*] [0mFuzzing test case #620 (1348 total, 0 uniq crashes found)...[0m
scheduled max input!!!!
schedule: 13 level3_3/ijon_max/13
[1;94m[*] [0mFuzzing test case #621 (1348 total, 0 uniq crashes found)...[0m
scheduled max input!!!!
schedule: 2 level3_3/ijon_max/2
[1;94m[*] [0mFuzzing test case #622 (1348 total, 0 uniq crashes found)...[0m
scheduled max input!!!!
schedule: 2 level3_3/ijon_max/2
[1;94m[*] [0mFuzzing test case #623 (1348 total, 0 uniq crashes found)...[0m
[1;94m[*] [0mFuzzing test case #624 (1348 total, 0 uniq crashes found)...[0m
scheduled max input!!!!
schedule: 7 level3_3/ijon_max/7
updated maxmap 10: 4e5 (len: 603)
updated maxmap 11: 4ef (len: 603)
[1;94m[*] [0mFuzzing test case #625 (1348 total, 0 uniq crashes found)...[0m
[1;94m[*] [0mFuzzing test case #626 (1348 total, 0 uniq crashes found)...[0m
scheduled max input!!!!
schedule: 6 level3_3/ijon_max/6
[1;94m[*] [0mFuzzing test case #627 (1348 total, 0 uniq crashes found)...[0m
scheduled max input!!!!
schedule: 5 level3_3/ijon_max/5
updated maxmap 5: 4b5 (len: 597)
[1;94m[*] [0mFuzzing test case #628 (1348 total, 0 uniq crashes found)...[0m
scheduled max input!!!!
schedule: 4 level3_3/ijon_max/4
[1;94m[*] [0mFuzzing test case #629 (1348 total, 0 uniq crashes found)...[0m
scheduled max input!!!!
schedule: 15 level3_3/ijon_max/15
updated maxmap 15: 4f4 (len: 605)
updated maxmap 12: 4d9 (len: 605)
updated maxmap 13: 4e3 (len: 605)
updated maxmap 14: 4ed (len: 605)
[1;94m[*] [0mFuzzing test case #630 (1349 total, 0 uniq crashes found)...[0m
scheduled max input!!!!
schedule: 15 level3_3/ijon_max/15
updated maxmap 0: 4f6 (len: 608)
updated maxmap 2: 4e8 (len: 605)
updated maxmap 3: 4f2 (len: 605)
updated maxmap 4: 4c0 (len: 605)
minimized maxmap 0: 4f6 (len: 606)
[1;94m[*] [0mFuzzing test case #631 (1352 total, 0 uniq crashes found)...[0m
[1;94m[*] [0mFuzzing test case #632 (1352 total, 0 uniq crashes found)...[0m
scheduled max input!!!!
schedule: 6 level3_3/ijon_max/6
[1;94m[*] [0mFuzzing test case #633 (1352 total, 0 uniq crashes found)...[0m
scheduled max input!!!!
schedule: 5 level3_3/ijon_max/5
[1;94m[*] [0mFuzzing test case #634 (1352 total, 0 uniq crashes found)...[0m
scheduled max input!!!!
schedule: 7 level3_3/ijon_max/7
[1;94m[*] [0mFuzzing test case #635 (1352 total, 0 uniq crashes found)...[0m
[1;94m[*] [0mFuzzing test case #636 (1352 total, 0 uniq crashes found)...[0m
scheduled max input!!!!
schedule: 12 level3_3/ijon_max/12
updated maxmap 0: 4f9 (len: 608)
updated maxmap 15: 4f7 (len: 608)
[1;94m[*] [0mFuzzing test case #637 (1352 total, 0 uniq crashes found)...[0m
scheduled max input!!!!
schedule: 4 level3_3/ijon_max/4
updated maxmap 2: 4ef (len: 605)
updated maxmap 4: 4c3 (len: 605)
[1;94m[*] [0mFuzzing test case #638 (1352 total, 0 uniq crashes found)...[0m
scheduled max input!!!!
schedule: 9 level3_3/ijon_max/9
minimized maxmap 10: 4e5 (len: 601)
[1;94m[*] [0mFuzzing test case #639 (1352 total, 0 uniq crashes found)...[0m
scheduled max input!!!!
schedule: 13 level3_3/ijon_max/13
[1;94m[*] [0mFuzzing test case #640 (1352 total, 0 uniq crashes found)...[0m
scheduled max input!!!!
schedule: 7 level3_3/ijon_max/7
[1;94m[*] [0mFuzzing test case #641 (1352 total, 0 uniq crashes found)...[0m
scheduled max input!!!!
schedule: 0 level3_3/ijon_max/0
[1;94m[*] [0mFuzzing test case #642 (1352 total, 0 uniq crashes found)...[0m
scheduled max input!!!!
schedule: 9 level3_3/ijon_max/9
[1;94m[*] [0mFuzzing test case #643 (1352 total, 0 uniq crashes found)...[0m
scheduled max input!!!!
schedule: 13 level3_3/ijon_max/13
[1;94m[*] [0mFuzzing test case #644 (1352 total, 0 uniq crashes found)...[0m
scheduled max input!!!!
schedule: 9 level3_3/ijon_max/9
[1;94m[*] [0mFuzzing test case #645 (1352 total, 0 uniq crashes found)...[0m
[1;94m[*] [0mFuzzing test case #646 (1352 total, 0 uniq crashes found)...[0m
scheduled max input!!!!
schedule: 3 level3_3/ijon_max/3
updated maxmap 3: 4f4 (len: 605)
updated maxmap 1: 4df (len: 611)
updated maxmap 3: 4ff (len: 611)
updated maxmap 4: 4f8 (len: 611)
minimized maxmap 1: 4df (len: 605)
[1;94m[*] [0mFuzzing test case #647 (1353 total, 0 uniq crashes found)...[0m
scheduled max input!!!!
schedule: 2 level3_3/ijon_max/2
updated maxmap 2: 4f0 (len: 605)
[1;94m[*] [0mFuzzing test case #648 (1354 total, 0 uniq crashes found)...[0m
scheduled max input!!!!
schedule: 15 level3_3/ijon_max/15
[1;94m[*] [0mFuzzing test case #649 (1354 total, 0 uniq crashes found)...[0m
scheduled max input!!!!
schedule: 2 level3_3/ijon_max/2
[1;94m[*] [0mFuzzing test case #650 (1354 total, 0 uniq crashes found)...[0m
scheduled max input!!!!
schedule: 9 level3_3/ijon_max/9
[1;94m[*] [0mFuzzing test case #651 (1354 total, 0 uniq crashes found)...[0m
scheduled max input!!!!
schedule: 11 level3_3/ijon_max/11
[1;94m[*] [0mFuzzing test case #652 (1354 total, 0 uniq crashes found)...[0m
[1;94m[*] [0mFuzzing test case #653 (1354 total, 0 uniq crashes found)...[0m
scheduled max input!!!!
schedule: 4 level3_3/ijon_max/4
updated maxmap 1: 4e1 (len: 611)
updated maxmap 3: 500 (len: 611)
updated maxmap 4: 4fa (len: 611)
updated maxmap 1: 4e2 (len: 611)
updated maxmap 3: 502 (len: 611)
updated maxmap 4: 4fb (len: 611)
updated maxmap 0: 4fb (len: 611)
updated maxmap 12: 4db (len: 611)
updated maxmap 13: 4e5 (len: 611)
updated maxmap 14: 4ef (len: 611)
updated maxmap 15: 4f9 (len: 611)
[1;94m[*] [0mFuzzing test case #654 (1354 total, 0 uniq crashes found)...[0m
scheduled max input!!!!
schedule: 2 level3_3/ijon_max/2
updated maxmap 1: 4ed (len: 605)
updated maxmap 2: 4f2 (len: 605)
[1;94m[*] [0mFuzzing test case #655 (1354 total, 0 uniq crashes found)...[0m
scheduled max input!!!!
schedule: 11 level3_3/ijon_max/11
[1;94m[*] [0mFuzzing test case #656 (1354 total, 0 uniq crashes found)...[0m
scheduled max input!!!!
schedule: 13 level3_3/ijon_max/13
[1;94m[*] [0mFuzzing test case #657 (1354 total, 0 uniq crashes found)...[0m
[1;94m[*] [0mFuzzing test case #658 (1354 total, 0 uniq crashes found)...[0m
[1;94m[*] [0mFuzzing test case #659 (1354 total, 0 uniq crashes found)...[0m
scheduled max input!!!!
schedule: 3 level3_3/ijon_max/3
updated maxmap 3: 503 (len: 611)
[1;94m[*] [0mFuzzing test case #660 (1354 total, 0 uniq crashes found)...[0m
[1;94m[*] [0mFuzzing test case #661 (1354 total, 0 uniq crashes found)...[0m
[1;94m[*] [0mFuzzing test case #662 (1354 total, 0 uniq crashes found)...[0m
scheduled max input!!!!
schedule: 14 level3_3/ijon_max/14
[1;94m[*] [0mFuzzing test case #663 (1354 total, 0 uniq crashes found)...[0m
scheduled max input!!!!
schedule: 4 level3_3/ijon_max/4
updated maxmap 2: 513 (len: 618)
updated maxmap 3: 506 (len: 618)
updated maxmap 4: 4ff (len: 618)
minimized maxmap 4: 4ff (len: 611)
updated maxmap 4: 500 (len: 611)
minimized maxmap 3: 506 (len: 613)
updated maxmap 4: 504 (len: 613)
minimized maxmap 4: 504 (len: 612)
updated maxmap 1: 4ef (len: 613)
updated maxmap 4: 506 (len: 613)
minimized maxmap 1: 4ef (len: 611)
updated maxmap 1: 4f0 (len: 611)
updated maxmap 1: 4f1 (len: 611)
updated maxmap 1: 4f2 (len: 611)
updated maxmap 1: 4f3 (len: 611)
minimized maxmap 3: 506 (len: 611)
updated maxmap 1: 4f4 (len: 611)
updated maxmap 3: 50d (len: 618)
updated maxmap 4: 507 (len: 618)
minimized maxmap 4: 507 (len: 616)
[1;94m[*] [0mFuzzing test case #664 (1361 total, 0 uniq crashes found)...[0m
scheduled max input!!!!
schedule: 8 level3_3/ijon_max/8
[1;94m[*] [0mFuzzing test case #665 (1361 total, 0 uniq crashes found)...[0m
scheduled max input!!!!
schedule: 4 level3_3/ijon_max/4
updated maxmap 1: 50e (len: 616)
updated maxmap 4: 508 (len: 616)
updated maxmap 1: 50f (len: 616)
[1;94m[*] [0mFuzzing test case #666 (1361 total, 0 uniq crashes found)...[0m
scheduled max input!!!!
schedule: 14 level3_3/ijon_max/14
[1;94m[*] [0mFuzzing test case #667 (1361 total, 0 uniq crashes found)...[0m
scheduled max input!!!!
schedule: 4 level3_3/ijon_max/4
updated maxmap 4: 509 (len: 616)
updated maxmap 4: 50a (len: 616)
updated maxmap 4: 50b (len: 616)
updated maxmap 1: 516 (len: 618)
updated maxmap 1: 520 (len: 623)
updated maxmap 2: 518 (len: 623)
updated maxmap 3: 50e (len: 623)
updated maxmap 4: 50d (len: 618)
updated maxmap 12: 4f8 (len: 616)
updated maxmap 13: 501 (len: 616)
updated maxmap 14: 50b (len: 616)
updated maxmap 15: 50e (len: 616)
updated maxmap 1: 523 (len: 625)
minimized maxmap 4: 50d (len: 616)
updated maxmap 1: 524 (len: 626)
updated maxmap 15: 50f (len: 617)
updated maxmap 12: 4f9 (len: 616)
updated maxmap 13: 502 (len: 616)
updated maxmap 14: 50c (len: 616)
updated maxmap 15: 511 (len: 616)
updated maxmap 3: 510 (len: 616)
minimized maxmap 1: 524 (len: 624)
minimized maxmap 2: 518 (len: 621)
[1;94m[*] [0mFuzzing test case #668 (1374 total, 0 uniq crashes found)...[0m
scheduled max input!!!!
schedule: 0 level3_3/ijon_max/0
[1;94m[*] [0mFuzzing test case #669 (1374 total, 0 uniq crashes found)...[0m
[1;94m[*] [0mFuzzing test case #670 (1374 total, 0 uniq crashes found)...[0m
scheduled max input!!!!
schedule: 1 level3_3/ijon_max/1
updated maxmap 2: 524 (len: 624)
updated maxmap 1: 528 (len: 628)
updated maxmap 3: 511 (len: 624)
updated maxmap 2: 52a (len: 627)
updated maxmap 3: 512 (len: 624)
updated maxmap 3: 517 (len: 627)
updated maxmap 4: 510 (len: 627)
updated maxmap 3: 518 (len: 627)
updated maxmap 4: 511 (len: 627)
[1;94m[*] [0mFuzzing test case #671 (1377 total, 0 uniq crashes found)...[0m
scheduled max input!!!!
schedule: 4 level3_3/ijon_max/4
updated maxmap 4: 512 (len: 627)
updated maxmap 3: 51a (len: 627)
updated maxmap 4: 513 (len: 627)
[1;94m[*] [0mFuzzing test case #672 (1377 total, 0 uniq crashes found)...[0m
scheduled max input!!!!
schedule: 12 level3_3/ijon_max/12
updated maxmap 0: 518 (len: 620)
updated maxmap 15: 516 (len: 620)
[1;94m[*] [0mFuzzing test case #673 (1377 total, 0 uniq crashes found)...[0m
scheduled max input!!!!
schedule: 8 level3_3/ijon_max/8
[1;94m[*] [0mFuzzing test case #674 (1377 total, 0 uniq crashes found)...[0m
[1;94m[*] [0mFuzzing test case #675 (1377 total, 0 uniq crashes found)...[0m
scheduled max input!!!!
schedule: 10 level3_3/ijon_max/10
[1;94m[*] [0mFuzzing test case #676 (1377 total, 0 uniq crashes found)...[0m
scheduled max input!!!!
schedule: 9 level3_3/ijon_max/9
[1;94m[*] [0mFuzzing test case #677 (1377 total, 0 uniq crashes found)...[0m
[1;94m[*] [0mFuzzing test case #678 (1377 total, 0 uniq crashes found)...[0m
scheduled max input!!!!
schedule: 14 level3_3/ijon_max/14
minimized maxmap 15: 516 (len: 618)
[1;94m[*] [0mFuzzing test case #679 (1377 total, 0 uniq crashes found)...[0m
scheduled max input!!!!
schedule: 7 level3_3/ijon_max/7
[1;94m[*] [0mFuzzing test case #680 (1377 total, 0 uniq crashes found)...[0m
scheduled max input!!!!
schedule: 15 level3_3/ijon_max/15
updated maxmap 0: 519 (len: 625)
[1;94m[*] [0mFuzzing test case #681 (1377 total, 0 uniq crashes found)...[0m
scheduled max input!!!!
schedule: 9 level3_3/ijon_max/9
[1;94m[*] [0mFuzzing test case #682 (1377 total, 0 uniq crashes found)...[0m
[1;94m[*] [0mFuzzing test case #683 (1377 total, 0 uniq crashes found)...[0m
scheduled max input!!!!
schedule: 14 level3_3/ijon_max/14
[1;94m[*] [0mFuzzing test case #684 (1377 total, 0 uniq crashes found)...[0m
scheduled max input!!!!
schedule: 13 level3_3/ijon_max/13
[1;94m[*] [0mFuzzing test case #685 (1377 total, 0 uniq crashes found)...[0m
scheduled max input!!!!
schedule: 11 level3_3/ijon_max/11
minimized maxmap 12: 4f9 (len: 608)
[1;94m[*] [0mFuzzing test case #686 (1377 total, 0 uniq crashes found)...[0m
scheduled max input!!!!
schedule: 4 level3_3/ijon_max/4
minimized maxmap 1: 528 (len: 627)
updated maxmap 1: 529 (len: 627)
updated maxmap 3: 51b (len: 627)
updated maxmap 4: 514 (len: 627)
[1;94m[*] [0mFuzzing test case #687 (1377 total, 0 uniq crashes found)...[0m
scheduled max input!!!!
schedule: 10 level3_3/ijon_max/10
[1;94m[*] [0mFuzzing test case #688 (1377 total, 0 uniq crashes found)...[0m
scheduled max input!!!!
schedule: 13 level3_3/ijon_max/13
[1;94m[*] [0mFuzzing test case #689 (1377 total, 0 uniq crashes found)...[0m
scheduled max input!!!!
schedule: 10 level3_3/ijon_max/10
[1;94m[*] [0mFuzzing test case #690 (1377 total, 0 uniq crashes found)...[0m
scheduled max input!!!!
schedule: 7 level3_3/ijon_max/7
[1;94m[*] [0mFuzzing test case #691 (1377 total, 0 uniq crashes found)...[0m
scheduled max input!!!!
schedule: 11 level3_3/ijon_max/11
[1;94m[*] [0mFuzzing test case #692 (1378 total, 0 uniq crashes found)...[0m
scheduled max input!!!!
schedule: 6 level3_3/ijon_max/6
[1;94m[*] [0mFuzzing test case #693 (1378 total, 0 uniq crashes found)...[0m
scheduled max input!!!!
schedule: 15 level3_3/ijon_max/15
[1;94m[*] [0mFuzzing test case #694 (1378 total, 0 uniq crashes found)...[0m
[1;94m[*] [0mFuzzing test case #695 (1378 total, 0 uniq crashes found)...[0m
scheduled max input!!!!
schedule: 6 level3_3/ijon_max/6
[1;94m[*] [0mFuzzing test case #696 (1378 total, 0 uniq crashes found)...[0m
scheduled max input!!!!
schedule: 15 level3_3/ijon_max/15
[1;94m[*] [0mFuzzing test case #697 (1378 total, 0 uniq crashes found)...[0m
scheduled max input!!!!
schedule: 15 level3_3/ijon_max/15
[1;94m[*] [0mFuzzing test case #698 (1378 total, 0 uniq crashes found)...[0m
scheduled max input!!!!
schedule: 4 level3_3/ijon_max/4
updated maxmap 4: 515 (len: 627)
updated maxmap 2: 52c (len: 627)
updated maxmap 3: 51c (len: 627)
updated maxmap 0: 524 (len: 627)
updated maxmap 1: 52c (len: 627)
updated maxmap 4: 528 (len: 630)
updated maxmap 5: 530 (len: 630)
minimized maxmap 4: 528 (len: 627)
updated maxmap 3: 51d (len: 627)
updated maxmap 4: 529 (len: 627)
updated maxmap 0: 528 (len: 627)
updated maxmap 3: 524 (len: 627)
updated maxmap 4: 52c (len: 627)
updated maxmap 3: 525 (len: 627)
updated maxmap 4: 52d (len: 627)
updated maxmap 3: 52d (len: 631)
updated maxmap 4: 535 (len: 631)
updated maxmap 3: 532 (len: 629)
updated maxmap 3: 533 (len: 633)
updated maxmap 4: 536 (len: 633)
updated maxmap 2: 52f (len: 630)
updated maxmap 2: 532 (len: 629)
updated maxmap 2: 534 (len: 631)
updated maxmap 5: 539 (len: 633)
updated maxmap 4: 538 (len: 634)
updated maxmap 5: 53b (len: 635)
updated maxmap 1: 530 (len: 633)
updated maxmap 2: 538 (len: 633)
updated maxmap 3: 534 (len: 633)
[1;94m[*] [0mFuzzing test case #699 (1391 total, 0 uniq crashes found)...[0m
scheduled max input!!!!
schedule: 8 level3_3/ijon_max/8
[1;94m[*] [0mFuzzing test case #700 (1391 total, 0 uniq crashes found)...[0m
scheduled max input!!!!
schedule: 7 level3_3/ijon_max/7
[1;94m[*] [0mFuzzing test case #701 (1391 total, 0 uniq crashes found)...[0m
[1;94m[*] [0mFuzzing test case #702 (1391 total, 0 uniq crashes found)...[0m
scheduled max input!!!!
schedule: 0 level3_3/ijon_max/0
updated maxmap 0: 529 (len: 627)
updated maxmap 0: 52a (len: 627)
updated maxmap 0: 52b (len: 627)
[1;94m[*] [0mFuzzing test case #703 (1392 total, 0 uniq crashes found)...[0m
scheduled max input!!!!
schedule: 10 level3_3/ijon_max/10
[1;94m[*] [0mFuzzing test case #704 (1392 total, 0 uniq crashes found)...[0m
scheduled max input!!!!
schedule: 2 level3_3/ijon_max/2
updated maxmap 3: 53a (len: 641)
updated maxmap 4: 544 (len: 641)
updated maxmap 5: 54b (len: 641)
updated maxmap 1: 531 (len: 633)
updated maxmap 1: 532 (len: 634)
updated maxmap 2: 539 (len: 634)
minimized maxmap 1: 532 (len: 633)
[1;94m[*] [0mFuzzing test case #705 (1394 total, 0 uniq crashes found)...[0m
scheduled max input!!!!
schedule: 8 level3_3/ijon_max/8
[1;94m[*] [0mFuzzing test case #706 (1394 total, 0 uniq crashes found)...[0m
scheduled max input!!!!
schedule: 0 level3_3/ijon_max/0
updated maxmap 0: 52c (len: 627)
[1;94m[*] [0mFuzzing test case #707 (1394 total, 0 uniq crashes found)...[0m
[1;94m[*] [0mFuzzing test case #708 (1394 total, 0 uniq crashes found)...[0m
scheduled max input!!!!
schedule: 3 level3_3/ijon_max/3
updated maxmap 5: 54c (len: 641)
updated maxmap 3: 53b (len: 641)
updated maxmap 4: 545 (len: 641)
updated maxmap 5: 54d (len: 641)
[1;94m[*] [0mFuzzing test case #709 (1394 total, 0 uniq crashes found)...[0m
scheduled max input!!!!
schedule: 5 level3_3/ijon_max/5
updated maxmap 4: 54b (len: 641)
updated maxmap 6: 537 (len: 641)
updated maxmap 3: 53c (len: 641)
updated maxmap 5: 54e (len: 644)
updated maxmap 6: 550 (len: 644)
updated maxmap 4: 54c (len: 643)
updated maxmap 3: 541 (len: 645)
updated maxmap 5: 553 (len: 645)
updated maxmap 3: 542 (len: 641)
updated maxmap 3: 543 (len: 641)
updated maxmap 2: 53a (len: 641)
updated maxmap 4: 551 (len: 645)
updated maxmap 2: 53c (len: 642)
updated maxmap 3: 545 (len: 642)
updated maxmap 5: 555 (len: 647)
updated maxmap 6: 557 (len: 647)
updated maxmap 4: 55a (len: 648)
updated maxmap 4: 55b (len: 649)
updated maxmap 5: 556 (len: 649)
updated maxmap 3: 546 (len: 648)
updated maxmap 5: 55a (len: 648)
updated maxmap 6: 55e (len: 648)
minimized maxmap 2: 53c (len: 641)
minimized maxmap 3: 546 (len: 641)
updated maxmap 1: 533 (len: 641)
updated maxmap 2: 53d (len: 641)
updated maxmap 3: 547 (len: 641)
minimized maxmap 5: 55a (len: 647)
updated maxmap 1: 535 (len: 642)
updated maxmap 2: 53f (len: 642)
updated maxmap 3: 549 (len: 642)
updated maxmap 1: 537 (len: 643)
updated maxmap 2: 541 (len: 643)
updated maxmap 3: 54b (len: 643)
[1;94m[*] [0mFuzzing test case #710 (1409 total, 0 uniq crashes found)...[0m
scheduled max input!!!!
schedule: 6 level3_3/ijon_max/6
updated maxmap 5: 55b (len: 648)
updated maxmap 6: 55f (len: 648)
updated maxmap 3: 572 (len: 656)
updated maxmap 4: 56d (len: 656)
updated maxmap 5: 563 (len: 656)
updated maxmap 6: 561 (len: 649)
updated maxmap 6: 570 (len: 655)
[1;94m[*] [0mFuzzing test case #711 (1411 total, 0 uniq crashes found)...[0m
scheduled max input!!!!
schedule: 0 level3_3/ijon_max/0
[1;94m[*] [0mFuzzing test case #712 (1411 total, 0 uniq crashes found)...[0m
scheduled max input!!!!
schedule: 11 level3_3/ijon_max/11
[1;94m[*] [0mFuzzing test case #713 (1411 total, 0 uniq crashes found)...[0m
scheduled max input!!!!
schedule: 2 level3_3/ijon_max/2
updated maxmap 1: 538 (len: 643)
updated maxmap 2: 542 (len: 643)
[1;94m[*] [0mFuzzing test case #714 (1411 total, 0 uniq crashes found)...[0m
scheduled max input!!!!
schedule: 15 level3_3/ijon_max/15
[1;94m[*] [0mFuzzing test case #715 (1411 total, 0 uniq crashes found)...[0m
[1;94m[*] [0mFuzzing test case #716 (1411 total, 0 uniq crashes found)...[0m
scheduled max input!!!!
schedule: 1 level3_3/ijon_max/1
updated maxmap 1: 546 (len: 651)
updated maxmap 2: 550 (len: 651)
minimized maxmap 1: 546 (len: 643)
[1;94m[*] [0mFuzzing test case #717 (1411 total, 0 uniq crashes found)...[0m
[1;94m[*] [0mFuzzing test case #718 (1411 total, 0 uniq crashes found)...[0m
scheduled max input!!!!
schedule: 13 level3_3/ijon_max/13
[1;94m[*] [0mFuzzing test case #719 (1411 total, 0 uniq crashes found)...[0m
[1;94m[*] [0mFuzzing test case #720 (1411 total, 0 uniq crashes found)...[0m
scheduled max input!!!!
schedule: 7 level3_3/ijon_max/7
[1;94m[*] [0mFuzzing test case #721 (1411 total, 0 uniq crashes found)...[0m
scheduled max input!!!!
schedule: 10 level3_3/ijon_max/10
[1;94m[*] [0mFuzzing test case #722 (1411 total, 0 uniq crashes found)...[0m
scheduled max input!!!!
schedule: 1 level3_3/ijon_max/1
updated maxmap 0: 52e (len: 643)
[1;94m[*] [0mFuzzing test case #723 (1411 total, 0 uniq crashes found)...[0m
scheduled max input!!!!
schedule: 11 level3_3/ijon_max/11
[1;94m[*] [0mFuzzing test case #724 (1411 total, 0 uniq crashes found)...[0m
[1;94m[*] [0mFuzzing test case #725 (1411 total, 0 uniq crashes found)...[0m
scheduled max input!!!!
schedule: 5 level3_3/ijon_max/5
updated maxmap 7: 572 (len: 659)
updated maxmap 8: 57c (len: 659)
updated maxmap 4: 584 (len: 664)
updated maxmap 5: 586 (len: 664)
updated maxmap 7: 574 (len: 664)
updated maxmap 8: 57e (len: 664)
updated maxmap 3: 574 (len: 656)
updated maxmap 6: 571 (len: 662)
updated maxmap 7: 578 (len: 662)
updated maxmap 6: 573 (len: 656)
minimized maxmap 7: 578 (len: 660)
updated maxmap 6: 57d (len: 660)
updated maxmap 7: 57a (len: 663)
updated maxmap 8: 57f (len: 663)
updated maxmap 4: 586 (len: 664)
updated maxmap 5: 589 (len: 664)
updated maxmap 3: 575 (len: 656)
[1;94m[*] [0mFuzzing test case #726 (1421 total, 0 uniq crashes found)...[0m
scheduled max input!!!!
schedule: 10 level3_3/ijon_max/10
[1;94m[*] [0mFuzzing test case #727 (1421 total, 0 uniq crashes found)...[0m
[1;94m[*] [0mFuzzing test case #728 (1421 total, 0 uniq crashes found)...[0m
scheduled max input!!!!
schedule: 9 level3_3/ijon_max/9
[1;94m[*] [0mFuzzing test case #729 (1421 total, 0 uniq crashes found)...[0m
scheduled max input!!!!
schedule: 13 level3_3/ijon_max/13
[1;94m[*] [0mFuzzing test case #730 (1421 total, 0 uniq crashes found)...[0m
scheduled max input!!!!
schedule: 3 level3_3/ijon_max/3
updated maxmap 3: 577 (len: 661)
[1;94m[*] [0mFuzzing test case #731 (1421 total, 0 uniq crashes found)...[0m
scheduled max input!!!!
schedule: 9 level3_3/ijon_max/9
[1;94m[*] [0mFuzzing test case #732 (1421 total, 0 uniq crashes found)...[0m
scheduled max input!!!!
schedule: 4 level3_3/ijon_max/4
updated maxmap 9: 586 (len: 671)
updated maxmap 10: 58f (len: 671)
updated maxmap 6: 589 (len: 664)
updated maxmap 5: 58b (len: 672)
updated maxmap 6: 595 (len: 672)
updated maxmap 7: 59c (len: 672)
updated maxmap 5: 58e (len: 672)
updated maxmap 6: 598 (len: 672)
updated maxmap 5: 590 (len: 672)
updated maxmap 6: 59a (len: 672)
updated maxmap 7: 59d (len: 672)
updated maxmap 4: 58a (len: 666)
updated maxmap 5: 594 (len: 671)
updated maxmap 3: 580 (len: 664)
updated maxmap 0: 53d (len: 670)
updated maxmap 1: 547 (len: 670)
updated maxmap 2: 551 (len: 670)
updated maxmap 8: 58d (len: 670)
updated maxmap 9: 597 (len: 670)
updated maxmap 10: 594 (len: 670)
updated maxmap 7: 59f (len: 677)
updated maxmap 8: 5a4 (len: 677)
updated maxmap 10: 596 (len: 670)
[1;94m[*] [0mFuzzing test case #733 (1430 total, 0 uniq crashes found)...[0m
scheduled max input!!!!
schedule: 6 level3_3/ijon_max/6
updated maxmap 11: 59a (len: 672)
updated maxmap 12: 59c (len: 672)
updated maxmap 6: 59b (len: 673)
updated maxmap 6: 59c (len: 672)
[1;94m[*] [0mFuzzing test case #734 (1431 total, 0 uniq crashes found)...[0m
scheduled max input!!!!
schedule: 4 level3_3/ijon_max/4
updated maxmap 10: 597 (len: 671)
[1;94m[*] [0mFuzzing test case #735 (1431 total, 0 uniq crashes found)...[0m
[1;94m[*] [0mFuzzing test case #736 (1431 total, 0 uniq crashes found)...[0m
scheduled max input!!!!
schedule: 3 level3_3/ijon_max/3
updated maxmap 2: 586 (len: 664)
[1;94m[*] [0mFuzzing test case #737 (1431 total, 0 uniq crashes found)...[0m
[1;94m[*] [0mFuzzing test case #738 (1431 total, 0 uniq crashes found)...[0m
scheduled max input!!!!
schedule: 2 level3_3/ijon_max/2
[1;94m[*] [0mFuzzing test case #739 (1431 total, 0 uniq crashes found)...[0m
scheduled max input!!!!
schedule: 7 level3_3/ijon_max/7
updated maxmap 7: 5a0 (len: 677)
updated maxmap 8: 5a5 (len: 677)
updated maxmap 9: 5a0 (len: 677)
updated maxmap 10: 5a8 (len: 677)
updated maxmap 7: 5a1 (len: 678)
updated maxmap 8: 5a8 (len: 678)
minimized maxmap 7: 5a1 (len: 677)
updated maxmap 9: 5a6 (len: 681)
updated maxmap 10: 5ae (len: 681)
updated maxmap 11: 5a3 (len: 677)
updated maxmap 7: 5a6 (len: 677)
minimized maxmap 8: 5a8 (len: 677)
updated maxmap 3: 582 (len: 677)
updated maxmap 4: 58c (len: 677)
updated maxmap 5: 596 (len: 677)
updated maxmap 6: 5a0 (len: 677)
updated maxmap 7: 5a7 (len: 677)
updated maxmap 7: 5a8 (len: 677)
updated maxmap 3: 583 (len: 677)
updated maxmap 4: 58d (len: 677)
updated maxmap 5: 597 (len: 677)
updated maxmap 6: 5a1 (len: 677)
updated maxmap 7: 5aa (len: 678)
updated maxmap 3: 584 (len: 677)
updated maxmap 4: 58e (len: 677)
updated maxmap 5: 598 (len: 677)
updated maxmap 6: 5a2 (len: 677)
updated maxmap 11: 5a5 (len: 677)
updated maxmap 3: 586 (len: 679)
updated maxmap 4: 590 (len: 679)
updated maxmap 5: 59a (len: 679)
updated maxmap 6: 5a4 (len: 679)
updated maxmap 7: 5ac (len: 679)
minimized maxmap 3: 586 (len: 677)
minimized maxmap 4: 590 (len: 677)
minimized maxmap 5: 59a (len: 677)
minimized maxmap 6: 5a4 (len: 677)
updated maxmap 3: 587 (len: 677)
updated maxmap 4: 591 (len: 677)
updated maxmap 5: 59b (len: 677)
updated maxmap 6: 5a5 (len: 677)
updated maxmap 12: 5a6 (len: 677)
updated maxmap 12: 5ae (len: 681)
updated maxmap 13: 5b0 (len: 681)
updated maxmap 8: 5ac (len: 684)
updated maxmap 9: 5b6 (len: 684)
updated maxmap 10: 5b8 (len: 684)
updated maxmap 8: 5b4 (len: 682)
updated maxmap 3: 588 (len: 677)
updated maxmap 4: 592 (len: 677)
updated maxmap 5: 59c (len: 677)
updated maxmap 6: 5a6 (len: 677)
updated maxmap 13: 5b1 (len: 682)
updated maxmap 7: 5ad (len: 685)
updated maxmap 0: 53f (len: 677)
updated maxmap 14: 539 (len: 677)
updated maxmap 15: 53d (len: 677)
minimized maxmap 13: 5b1 (len: 681)
minimized maxmap 7: 5ad (len: 682)
updated maxmap 14: 5b8 (len: 685)
updated maxmap 15: 5bb (len: 685)
updated maxmap 11: 5b9 (len: 685)
updated maxmap 1: 59d (len: 677)
updated maxmap 2: 5a5 (len: 677)
updated maxmap 11: 5ba (len: 685)
[1;94m[*] [0mFuzzing test case #740 (1448 total, 0 uniq crashes found)...[0m
scheduled max input!!!!
schedule: 2 level3_3/ijon_max/2
updated maxmap 1: 5a0 (len: 677)
updated maxmap 2: 5a7 (len: 677)
updated maxmap 2: 5a9 (len: 682)
updated maxmap 3: 5b3 (len: 682)
[1;94m[*] [0mFuzzing test case #741 (1448 total, 0 uniq crashes found)...[0m
scheduled max input!!!!
schedule: 15 level3_3/ijon_max/15
updated maxmap 14: 5b9 (len: 685)
updated maxmap 15: 5bc (len: 685)
updated maxmap 0: 5c5 (len: 693)
updated maxmap 15: 5c2 (len: 693)
updated maxmap 10: 5bd (len: 689)
updated maxmap 11: 5c0 (len: 689)
[1;94m[*] [0mFuzzing test case #742 (1449 total, 0 uniq crashes found)...[0m
scheduled normal input!!!!
[1;94m[*] [0mFuzzing test case #743 (1449 total, 0 uniq crashes found)...[0m
scheduled max input!!!!
schedule: 8 level3_3/ijon_max/8
[1;94m[*] [0mFuzzing test case #744 (1449 total, 0 uniq crashes found)...[0m
scheduled max input!!!!
schedule: 7 level3_3/ijon_max/7
[1;94m[*] [0mFuzzing test case #745 (1449 total, 0 uniq crashes found)...[0m
scheduled max input!!!!
schedule: 0 level3_3/ijon_max/0
updated maxmap 0: 5c6 (len: 693)
updated maxmap 15: 5c3 (len: 693)
updated maxmap 13: 5b8 (len: 693)
updated maxmap 14: 5c2 (len: 693)
updated maxmap 15: 5cc (len: 693)
updated maxmap 0: 5ca (len: 695)
minimized maxmap 0: 5ca (len: 693)
updated maxmap 0: 5cf (len: 693)
updated maxmap 12: 5af (len: 693)
updated maxmap 13: 5b9 (len: 693)
updated maxmap 14: 5c3 (len: 693)
updated maxmap 15: 5cd (len: 693)
updated maxmap 0: 5d0 (len: 693)
updated maxmap 10: 5be (len: 693)
updated maxmap 11: 5c8 (len: 693)
updated maxmap 12: 5cf (len: 693)
updated maxmap 9: 5b7 (len: 693)
updated maxmap 10: 5c1 (len: 693)
updated maxmap 11: 5c9 (len: 693)
updated maxmap 9: 5b9 (len: 696)
updated maxmap 10: 5c3 (len: 696)
updated maxmap 11: 5cd (len: 696)
updated maxmap 12: 5d4 (len: 696)
updated maxmap 12: 5d7 (len: 700)
updated maxmap 13: 5d9 (len: 700)
minimized maxmap 9: 5b9 (len: 693)
minimized maxmap 10: 5c3 (len: 693)
minimized maxmap 11: 5cd (len: 693)
updated maxmap 14: 5d3 (len: 699)
[1;94m[*] [0mFuzzing test case #746 (1457 total, 0 uniq crashes found)...[0m
[1;94m[*] [0mFuzzing test case #747 (1457 total, 0 uniq crashes found)...[0m
scheduled max input!!!!
schedule: 2 level3_3/ijon_max/2
updated maxmap 2: 5aa (len: 682)
updated maxmap 3: 5b4 (len: 682)
[1;94m[*] [0mFuzzing test case #748 (1457 total, 0 uniq crashes found)...[0m
scheduled max input!!!!
schedule: 10 level3_3/ijon_max/10
updated maxmap 13: 5e1 (len: 701)
updated maxmap 14: 5e4 (len: 701)
minimized maxmap 12: 5d7 (len: 699)
minimized maxmap 13: 5e1 (len: 700)
[1;94m[*] [0mFuzzing test case #749 (1458 total, 0 uniq crashes found)...[0m
scheduled max input!!!!
schedule: 12 level3_3/ijon_max/12
updated maxmap 14: 5eb (len: 705)
updated maxmap 15: 5ed (len: 705)
updated maxmap 9: 5bd (len: 703)
updated maxmap 10: 5c7 (len: 703)
updated maxmap 11: 5d1 (len: 703)
updated maxmap 12: 5db (len: 703)
updated maxmap 13: 5e5 (len: 703)
minimized maxmap 9: 5bd (len: 699)
minimized maxmap 10: 5c7 (len: 699)
minimized maxmap 11: 5d1 (len: 699)
minimized maxmap 12: 5db (len: 699)
updated maxmap 9: 5be (len: 699)
updated maxmap 10: 5c8 (len: 699)
updated maxmap 11: 5d2 (len: 699)
updated maxmap 12: 5dc (len: 699)
updated maxmap 13: 5e6 (len: 705)
updated maxmap 14: 5ed (len: 705)
[1;94m[*] [0mFuzzing test case #750 (1462 total, 0 uniq crashes found)...[0m
[1;94m[*] [0mFuzzing test case #751 (1462 total, 0 uniq crashes found)...[0m
scheduled max input!!!!
schedule: 14 level3_3/ijon_max/14
[1;94m[*] [0mFuzzing test case #752 (1462 total, 0 uniq crashes found)...[0m
[1;94m[*] [0mFuzzing test case #753 (1462 total, 0 uniq crashes found)...[0m
scheduled max input!!!!
schedule: 13 level3_3/ijon_max/13
updated maxmap 7: 5ae (len: 713)
updated maxmap 14: 5ee (len: 705)
updated maxmap 14: 5ef (len: 706)
updated maxmap 14: 5f0 (len: 706)
updated maxmap 15: 5fa (len: 710)
updated maxmap 0: 5fb (len: 713)
updated maxmap 4: 5e8 (len: 713)
updated maxmap 5: 5f2 (len: 713)
updated maxmap 6: 5fb (len: 713)
updated maxmap 7: 5fe (len: 713)
[1;94m[*] [0mFuzzing test case #754 (1473 total, 0 uniq crashes found)...[0m
scheduled max input!!!!
schedule: 7 level3_3/ijon_max/7
updated maxmap 4: 5e9 (len: 713)
updated maxmap 5: 5f3 (len: 713)
updated maxmap 6: 5fc (len: 713)
[1;94m[*] [0mFuzzing test case #755 (1473 total, 0 uniq crashes found)...[0m
scheduled max input!!!!
schedule: 10 level3_3/ijon_max/10
[1;94m[*] [0mFuzzing test case #756 (1473 total, 0 uniq crashes found)...[0m
scheduled max input!!!!
schedule: 0 level3_3/ijon_max/0
updated maxmap 0: 5fc (len: 713)
[1;94m[*] [0mFuzzing test case #757 (1473 total, 0 uniq crashes found)...[0m
scheduled max input!!!!
schedule: 8 level3_3/ijon_max/8
[1;94m[*] [0mFuzzing test case #758 (1473 total, 0 uniq crashes found)...[0m
scheduled max input!!!!
schedule: 12 level3_3/ijon_max/12
[1;94m[*] [0mFuzzing test case #759 (1473 total, 0 uniq crashes found)...[0m
[1;94m[*] [0mFuzzing test case #760 (1473 total, 0 uniq crashes found)...[0m
scheduled max input!!!!
schedule: 1 level3_3/ijon_max/1
updated maxmap 1: 5a7 (len: 677)
updated maxmap 1: 5ac (len: 682)
updated maxmap 2: 5b3 (len: 682)
[1;94m[*] [0mFuzzing test case #761 (1473 total, 0 uniq crashes found)...[0m
scheduled max input!!!!
schedule: 10 level3_3/ijon_max/10
[1;94m[*] [0mFuzzing test case #762 (1473 total, 0 uniq crashes found)...[0m
scheduled max input!!!!
schedule: 1 level3_3/ijon_max/1
updated maxmap 1: 5ad (len: 682)
updated maxmap 2: 5b4 (len: 682)
[1;94m[*] [0mFuzzing test case #763 (1473 total, 0 uniq crashes found)...[0m
scheduled max input!!!!
schedule: 15 level3_3/ijon_max/15
[1;94m[*] [0mFuzzing test case #764 (1473 total, 0 uniq crashes found)...[0m
scheduled max input!!!!
schedule: 4 level3_3/ijon_max/4
updated maxmap 7: 606 (len: 719)
updated maxmap 8: 60d (len: 719)
[1;94m[*] [0mFuzzing test case #765 (1473 total, 0 uniq crashes found)...[0m
scheduled max input!!!!
schedule: 0 level3_3/ijon_max/0
[1;94m[*] [0mFuzzing test case #766 (1473 total, 0 uniq crashes found)...[0m
scheduled max input!!!!
schedule: 4 level3_3/ijon_max/4
[1;94m[*] [0mFuzzing test case #767 (1473 total, 0 uniq crashes found)...[0m
scheduled max input!!!!
schedule: 12 level3_3/ijon_max/12
[1;94m[*] [0mFuzzing test case #768 (1473 total, 0 uniq crashes found)...[0m
scheduled max input!!!!
schedule: 13 level3_3/ijon_max/13
[1;94m[*] [0mFuzzing test case #769 (1474 total, 0 uniq crashes found)...[0m
[1;94m[*] [0mFuzzing test case #770 (1474 total, 0 uniq crashes found)...[0m
scheduled max input!!!!
schedule: 1 level3_3/ijon_max/1
[1;94m[*] [0mFuzzing test case #771 (1474 total, 0 uniq crashes found)...[0m
scheduled max input!!!!
schedule: 0 level3_3/ijon_max/0
[1;94m[*] [0mFuzzing test case #772 (1475 total, 0 uniq crashes found)...[0m
scheduled max input!!!!
schedule: 3 level3_3/ijon_max/3
[1;94m[*] [0mFuzzing test case #773 (1475 total, 0 uniq crashes found)...[0m
scheduled max input!!!!
schedule: 6 level3_3/ijon_max/6
updated maxmap 4: 5ec (len: 715)
updated maxmap 5: 5f6 (len: 715)
updated maxmap 6: 5ff (len: 715)
minimized maxmap 4: 5ec (len: 713)
minimized maxmap 5: 5f6 (len: 713)
[1;94m[*] [0mFuzzing test case #774 (1475 total, 0 uniq crashes found)...[0m
scheduled max input!!!!
schedule: 5 level3_3/ijon_max/5
updated maxmap 7: 608 (len: 721)
updated maxmap 8: 610 (len: 721)
[1;94m[*] [0mFuzzing test case #775 (1476 total, 0 uniq crashes found)...[0m
[1;94m[*] [0mFuzzing test case #776 (1476 total, 0 uniq crashes found)...[0m
scheduled max input!!!!
schedule: 7 level3_3/ijon_max/7
updated maxmap 7: 609 (len: 721)
updated maxmap 8: 611 (len: 721)
updated maxmap 9: 610 (len: 721)
[1;94m[*] [0mFuzzing test case #777 (1477 total, 0 uniq crashes found)...[0m
[1;94m[*] [0mFuzzing test case #778 (1477 total, 0 uniq crashes found)...[0m
[1;94m[*] [0mFuzzing test case #779 (1477 total, 0 uniq crashes found)...[0m
scheduled max input!!!!
schedule: 11 level3_3/ijon_max/11
[1;94m[*] [0mFuzzing test case #780 (1477 total, 0 uniq crashes found)...[0m
[1;94m[*] [0mFuzzing test case #781 (1477 total, 0 uniq crashes found)...[0m
scheduled max input!!!!
schedule: 9 level3_3/ijon_max/9
updated maxmap 7: 61f (len: 727)
updated maxmap 8: 615 (len: 727)
[1;94m[*] [0mFuzzing test case #782 (1478 total, 0 uniq crashes found)...[0m
scheduled max input!!!!
schedule: 8 level3_3/ijon_max/8
updated maxmap 10: 60e (len: 727)
updated maxmap 8: 619 (len: 727)
updated maxmap 9: 614 (len: 727)
[1;94m[*] [0mFuzzing test case #783 (1478 total, 0 uniq crashes found)...[0m
scheduled max input!!!!
schedule: 6 level3_3/ijon_max/6
[1;94m[*] [0mFuzzing test case #784 (1478 total, 0 uniq crashes found)...[0m
scheduled max input!!!!
schedule: 15 level3_3/ijon_max/15
[1;94m[*] [0mFuzzing test case #785 (1478 total, 0 uniq crashes found)...[0m
scheduled max input!!!!
schedule: 7 level3_3/ijon_max/7
updated maxmap 8: 61e (len: 727)
updated maxmap 9: 619 (len: 727)
[1;94m[*] [0mFuzzing test case #786 (1478 total, 0 uniq crashes found)...[0m
[1;94m[*] [0mFuzzing test case #787 (1478 total, 0 uniq crashes found)...[0m
scheduled max input!!!!
schedule: 11 level3_3/ijon_max/11
[1;94m[*] [0mFuzzing test case #788 (1478 total, 0 uniq crashes found)...[0m
scheduled max input!!!!
schedule: 2 level3_3/ijon_max/2
[1;94m[*] [0mFuzzing test case #789 (1478 total, 0 uniq crashes found)...[0m
scheduled max input!!!!
schedule: 9 level3_3/ijon_max/9
updated maxmap 11: 60e (len: 727)
[1;94m[*] [0mFuzzing test case #790 (1478 total, 0 uniq crashes found)...[0m
scheduled max input!!!!
schedule: 9 level3_3/ijon_max/9
updated maxmap 8: 61f (len: 727)
updated maxmap 9: 61a (len: 727)
updated maxmap 7: 622 (len: 727)
updated maxmap 4: 5f3 (len: 730)
updated maxmap 5: 5fc (len: 730)
updated maxmap 6: 606 (len: 730)
updated maxmap 8: 624 (len: 730)
updated maxmap 9: 61f (len: 730)
updated maxmap 4: 5f4 (len: 727)
updated maxmap 5: 5fd (len: 727)
updated maxmap 6: 607 (len: 727)
[1;94m[*] [0mFuzzing test case #791 (1478 total, 0 uniq crashes found)...[0m
scheduled max input!!!!
schedule: 15 level3_3/ijon_max/15
[1;94m[*] [0mFuzzing test case #792 (1478 total, 0 uniq crashes found)...[0m
scheduled max input!!!!
schedule: 4 level3_3/ijon_max/4
[1;94m[*] [0mFuzzing test case #793 (1478 total, 0 uniq crashes found)...[0m
scheduled max input!!!!
schedule: 0 level3_3/ijon_max/0
[1;94m[*] [0mFuzzing test case #794 (1478 total, 0 uniq crashes found)...[0m
[1;94m[*] [0mFuzzing test case #795 (1478 total, 0 uniq crashes found)...[0m
[1;94m[*] [0mFuzzing test case #796 (1478 total, 0 uniq crashes found)...[0m
scheduled max input!!!!
schedule: 11 level3_3/ijon_max/11
updated maxmap 10: 60f (len: 727)
updated maxmap 11: 60f (len: 727)
updated maxmap 11: 618 (len: 735)
updated maxmap 12: 622 (len: 735)
updated maxmap 13: 62c (len: 735)
updated maxmap 14: 631 (len: 735)
minimized maxmap 11: 618 (len: 727)
[1;94m[*] [0mFuzzing test case #797 (1480 total, 0 uniq crashes found)...[0m
scheduled max input!!!!
schedule: 1 level3_3/ijon_max/1
[1;94m[*] [0mFuzzing test case #798 (1480 total, 0 uniq crashes found)...[0m
[1;94m[*] [0mFuzzing test case #799 (1480 total, 0 uniq crashes found)...[0m
scheduled max input!!!!
schedule: 13 level3_3/ijon_max/13
updated maxmap 14: 633 (len: 735)
updated maxmap 15: 636 (len: 735)
updated maxmap 14: 634 (len: 735)
updated maxmap 14: 636 (len: 738)
updated maxmap 15: 638 (len: 738)
[1;94m[*] [0mFuzzing test case #800 (1481 total, 0 uniq crashes found)...[0m
[1;94m[*] [0mFuzzing test case #801 (1481 total, 0 uniq crashes found)...[0m
scheduled max input!!!!
schedule: 14 level3_3/ijon_max/14
updated maxmap 15: 63d (len: 738)
updated maxmap 15: 63e (len: 738)
updated maxmap 10: 611 (len: 738)
updated maxmap 11: 61b (len: 738)
updated maxmap 12: 625 (len: 738)
updated maxmap 13: 62f (len: 738)
updated maxmap 0: 63f (len: 744)
updated maxmap 15: 63f (len: 738)
updated maxmap 0: 642 (len: 745)
updated maxmap 0: 643 (len: 745)
updated maxmap 14: 637 (len: 745)
updated maxmap 15: 641 (len: 745)
minimized maxmap 14: 637 (len: 738)
updated maxmap 14: 638 (len: 738)
updated maxmap 0: 645 (len: 742)
updated maxmap 15: 642 (len: 742)
[1;94m[*] [0mFuzzing test case #802 (1484 total, 0 uniq crashes found)...[0m
scheduled max input!!!!
schedule: 8 level3_3/ijon_max/8
updated maxmap 8: 625 (len: 730)
updated maxmap 9: 620 (len: 730)
[1;94m[*] [0mFuzzing test case #803 (1484 total, 0 uniq crashes found)...[0m
scheduled max input!!!!
schedule: 14 level3_3/ijon_max/14
[1;94m[*] [0mFuzzing test case #804 (1484 total, 0 uniq crashes found)...[0m
scheduled max input!!!!
schedule: 5 level3_3/ijon_max/5
[1;94m[*] [0mFuzzing test case #805 (1484 total, 0 uniq crashes found)...[0m
scheduled max input!!!!
schedule: 9 level3_3/ijon_max/9
updated maxmap 7: 630 (len: 736)
updated maxmap 8: 629 (len: 736)
updated maxmap 9: 623 (len: 736)
minimized maxmap 9: 623 (len: 730)
updated maxmap 9: 624 (len: 730)
[1;94m[*] [0mFuzzing test case #806 (1484 total, 0 uniq crashes found)...[0m
[1;94m[*] [0mFuzzing test case #807 (1484 total, 0 uniq crashes found)...[0m
scheduled max input!!!!
schedule: 11 level3_3/ijon_max/11
[1;94m[*] [0mFuzzing test case #808 (1484 total, 0 uniq crashes found)...[0m
scheduled max input!!!!
schedule: 4 level3_3/ijon_max/4
[1;94m[*] [0mFuzzing test case #809 (1484 total, 0 uniq crashes found)...[0m
[1;94m[*] [0mFuzzing test case #810 (1484 total, 0 uniq crashes found)...[0m
scheduled max input!!!!
schedule: 12 level3_3/ijon_max/12
[1;94m[*] [0mFuzzing test case #811 (1484 total, 0 uniq crashes found)...[0m
scheduled max input!!!!
schedule: 1 level3_3/ijon_max/1
[1;94m[*] [0mFuzzing test case #812 (1484 total, 0 uniq crashes found)...[0m
scheduled max input!!!!
schedule: 1 level3_3/ijon_max/1
updated maxmap 2: 5b7 (len: 685)
updated maxmap 3: 5bb (len: 685)
updated maxmap 1: 5b2 (len: 689)
updated maxmap 2: 5b9 (len: 689)
updated maxmap 3: 5c3 (len: 689)
minimized maxmap 1: 5b2 (len: 682)
[1;94m[*] [0mFuzzing test case #813 (1484 total, 0 uniq crashes found)...[0m
scheduled max input!!!!
schedule: 11 level3_3/ijon_max/11
[1;94m[*] [0mFuzzing test case #814 (1484 total, 0 uniq crashes found)...[0m
scheduled max input!!!!
schedule: 5 level3_3/ijon_max/5
[1;94m[*] [0mFuzzing test case #815 (1484 total, 0 uniq crashes found)...[0m
scheduled max input!!!!
schedule: 6 level3_3/ijon_max/6
[1;94m[*] [0mFuzzing test case #816 (1484 total, 0 uniq crashes found)...[0m
scheduled max input!!!!
schedule: 9 level3_3/ijon_max/9
[1;94m[*] [0mFuzzing test case #817 (1484 total, 0 uniq crashes found)...[0m
scheduled max input!!!!
schedule: 15 level3_3/ijon_max/15
updated maxmap 14: 639 (len: 742)
updated maxmap 15: 643 (len: 742)
[1;94m[*] [0mFuzzing test case #818 (1484 total, 0 uniq crashes found)...[0m
scheduled max input!!!!
schedule: 1 level3_3/ijon_max/1
[1;94m[*] [0mFuzzing test case #819 (1484 total, 0 uniq crashes found)...[0m
[1;94m[*] [0mFuzzing test case #820 (1484 total, 0 uniq crashes found)...[0m
scheduled max input!!!!
schedule: 15 level3_3/ijon_max/15
[1;94m[*] [0mFuzzing test case #821 (1484 total, 0 uniq crashes found)...[0m
scheduled max input!!!!
schedule: 4 level3_3/ijon_max/4
[1;94m[*] [0mFuzzing test case #822 (1484 total, 0 uniq crashes found)...[0m
scheduled max input!!!!
schedule: 3 level3_3/ijon_max/3
[1;94m[*] [0mFuzzing test case #823 (1484 total, 0 uniq crashes found)...[0m
scheduled max input!!!!
schedule: 1 level3_3/ijon_max/1
minimized maxmap 2: 5b9 (len: 688)
minimized maxmap 3: 5c3 (len: 688)
[1;94m[*] [0mFuzzing test case #824 (1485 total, 0 uniq crashes found)...[0m
scheduled max input!!!!
schedule: 3 level3_3/ijon_max/3
[1;94m[*] [0mFuzzing test case #825 (1485 total, 0 uniq crashes found)...[0m
scheduled max input!!!!
schedule: 15 level3_3/ijon_max/15
updated maxmap 0: 646 (len: 742)
[1;94m[*] [0mFuzzing test case #826 (1485 total, 0 uniq crashes found)...[0m
scheduled max input!!!!
schedule: 3 level3_3/ijon_max/3
updated maxmap 2: 5ba (len: 688)
updated maxmap 2: 5bc (len: 688)
[1;94m[*] [0mFuzzing test case #827 (1485 total, 0 uniq crashes found)...[0m
scheduled max input!!!!
schedule: 10 level3_3/ijon_max/10
[1;94m[*] [0mFuzzing test case #828 (1485 total, 0 uniq crashes found)...[0m
scheduled max input!!!!
schedule: 7 level3_3/ijon_max/7
updated maxmap 7: 631 (len: 736)
updated maxmap 8: 62a (len: 736)
updated maxmap 7: 632 (len: 742)
updated maxmap 8: 62f (len: 742)
updated maxmap 9: 629 (len: 742)
updated maxmap 6: 632 (len: 736)
minimized maxmap 9: 629 (len: 736)
updated maxmap 9: 62a (len: 736)
updated maxmap 6: 633 (len: 736)
updated maxmap 7: 63c (len: 740)
[1;94m[*] [0mFuzzing test case #829 (1486 total, 0 uniq crashes found)...[0m
[1;94m[*] [0mFuzzing test case #830 (1486 total, 0 uniq crashes found)...[0m
scheduled max input!!!!
schedule: 1 level3_3/ijon_max/1
updated maxmap 1: 5b4 (len: 683)
minimized maxmap 1: 5b4 (len: 682)
[1;94m[*] [0mFuzzing test case #831 (1486 total, 0 uniq crashes found)...[0m
scheduled max input!!!!
schedule: 8 level3_3/ijon_max/8
updated maxmap 8: 630 (len: 742)
updated maxmap 7: 649 (len: 749)
updated maxmap 8: 653 (len: 749)
[1;94m[*] [0mFuzzing test case #832 (1487 total, 0 uniq crashes found)...[0m
scheduled max input!!!!
schedule: 5 level3_3/ijon_max/5
[1;94m[*] [0mFuzzing test case #833 (1487 total, 0 uniq crashes found)...[0m
scheduled max input!!!!
schedule: 6 level3_3/ijon_max/6
[1;94m[*] [0mFuzzing test case #834 (1487 total, 0 uniq crashes found)...[0m
scheduled max input!!!!
schedule: 9 level3_3/ijon_max/9
[1;94m[*] [0mFuzzing test case #835 (1487 total, 0 uniq crashes found)...[0m
scheduled max input!!!!
schedule: 10 level3_3/ijon_max/10
[1;94m[*] [0mFuzzing test case #836 (1487 total, 0 uniq crashes found)...[0m
scheduled max input!!!!
schedule: 5 level3_3/ijon_max/5
[1;94m[*] [0mFuzzing test case #837 (1487 total, 0 uniq crashes found)...[0m
scheduled max input!!!!
schedule: 10 level3_3/ijon_max/10
[1;94m[*] [0mFuzzing test case #838 (1487 total, 0 uniq crashes found)...[0m
scheduled max input!!!!
schedule: 4 level3_3/ijon_max/4
[1;94m[*] [0mFuzzing test case #839 (1487 total, 0 uniq crashes found)...[0m
scheduled max input!!!!
schedule: 9 level3_3/ijon_max/9
[1;94m[*] [0mFuzzing test case #840 (1487 total, 0 uniq crashes found)...[0m
scheduled max input!!!!
schedule: 10 level3_3/ijon_max/10
[1;94m[*] [0mFuzzing test case #841 (1487 total, 0 uniq crashes found)...[0m
scheduled max input!!!!
schedule: 9 level3_3/ijon_max/9
updated maxmap 9: 62b (len: 736)
[1;94m[*] [0mFuzzing test case #842 (1487 total, 0 uniq crashes found)...[0m
scheduled max input!!!!
schedule: 2 level3_3/ijon_max/2
[1;94m[*] [0mFuzzing test case #843 (1487 total, 0 uniq crashes found)...[0m
scheduled max input!!!!
schedule: 2 level3_3/ijon_max/2
updated maxmap 2: 5be (len: 688)
[1;94m[*] [0mFuzzing test case #844 (1487 total, 0 uniq crashes found)...[0m
scheduled max input!!!!
schedule: 0 level3_3/ijon_max/0
[1;94m[*] [0mFuzzing test case #845 (1487 total, 0 uniq crashes found)...[0m
scheduled max input!!!!
schedule: 9 level3_3/ijon_max/9
[1;94m[*] [0mFuzzing test case #846 (1487 total, 0 uniq crashes found)...[0m
scheduled max input!!!!
schedule: 2 level3_3/ijon_max/2
[1;94m[*] [0mFuzzing test case #847 (1487 total, 0 uniq crashes found)...[0m
[1;94m[*] [0mFuzzing test case #848 (1487 total, 0 uniq crashes found)...[0m
scheduled max input!!!!
schedule: 8 level3_3/ijon_max/8
updated maxmap 7: 64a (len: 749)
updated maxmap 8: 654 (len: 749)
updated maxmap 4: 5f5 (len: 749)
updated maxmap 5: 5fe (len: 749)
[1;94m[*] [0mFuzzing test case #849 (1488 total, 0 uniq crashes found)...[0m
scheduled max input!!!!
schedule: 9 level3_3/ijon_max/9
[1;94m[*] [0mFuzzing test case #850 (1488 total, 0 uniq crashes found)...[0m
scheduled max input!!!!
schedule: 13 level3_3/ijon_max/13
[1;94m[*] [0mFuzzing test case #851 (1488 total, 0 uniq crashes found)...[0m
scheduled max input!!!!
schedule: 13 level3_3/ijon_max/13
[1;94m[*] [0mFuzzing test case #852 (1488 total, 0 uniq crashes found)...[0m
scheduled max input!!!!
schedule: 11 level3_3/ijon_max/11
[1;94m[*] [0mFuzzing test case #853 (1488 total, 0 uniq crashes found)...[0m
scheduled max input!!!!
schedule: 4 level3_3/ijon_max/4
updated maxmap 7: 64b (len: 749)
updated maxmap 8: 655 (len: 749)
[1;94m[*] [0mFuzzing test case #854 (1488 total, 0 uniq crashes found)...[0m
scheduled max input!!!!
schedule: 14 level3_3/ijon_max/14
[1;94m[*] [0mFuzzing test case #855 (1488 total, 0 uniq crashes found)...[0m
scheduled max input!!!!
schedule: 0 level3_3/ijon_max/0
[1;94m[*] [0mFuzzing test case #856 (1488 total, 0 uniq crashes found)...[0m
[1;94m[*] [0mFuzzing test case #857 (1488 total, 0 uniq crashes found)...[0m
scheduled max input!!!!
schedule: 9 level3_3/ijon_max/9
[1;94m[*] [0mFuzzing test case #858 (1488 total, 0 uniq crashes found)...[0m
[1;94m[*] [0mFuzzing test case #859 (1488 total, 0 uniq crashes found)...[0m
scheduled max input!!!!
schedule: 5 level3_3/ijon_max/5
[1;94m[*] [0mFuzzing test case #860 (1488 total, 0 uniq crashes found)...[0m
[1;94m[*] [0mFuzzing test case #861 (1488 total, 0 uniq crashes found)...[0m
scheduled max input!!!!
schedule: 7 level3_3/ijon_max/7
[1;94m[*] [0mFuzzing test case #862 (1488 total, 0 uniq crashes found)...[0m
[1;94m[*] [0mFuzzing test case #863 (1488 total, 0 uniq crashes found)...[0m
scheduled max input!!!!
schedule: 10 level3_3/ijon_max/10
[1;94m[*] [0mFuzzing test case #864 (1489 total, 0 uniq crashes found)...[0m
[1;94m[*] [0mFuzzing test case #865 (1489 total, 0 uniq crashes found)...[0m
scheduled max input!!!!
schedule: 8 level3_3/ijon_max/8
[1;94m[*] [0mFuzzing test case #866 (1489 total, 0 uniq crashes found)...[0m
scheduled max input!!!!
schedule: 5 level3_3/ijon_max/5
updated maxmap 9: 653 (len: 749)
[1;94m[*] [0mFuzzing test case #867 (1489 total, 0 uniq crashes found)...[0m
scheduled max input!!!!
schedule: 3 level3_3/ijon_max/3
updated maxmap 3: 5c4 (len: 688)
[1;94m[*] [0mFuzzing test case #868 (1489 total, 0 uniq crashes found)...[0m
scheduled max input!!!!
schedule: 4 level3_3/ijon_max/4
[1;94m[*] [0mFuzzing test case #869 (1489 total, 0 uniq crashes found)...[0m
[1;94m[*] [0mFuzzing test case #870 (1489 total, 0 uniq crashes found)...[0m
scheduled max input!!!!
schedule: 6 level3_3/ijon_max/6
[1;94m[*] [0mFuzzing test case #871 (1489 total, 0 uniq crashes found)...[0m
scheduled max input!!!!
schedule: 1 level3_3/ijon_max/1
[1;94m[*] [0mFuzzing test case #872 (1489 total, 0 uniq crashes found)...[0m
scheduled max input!!!!
schedule: 6 level3_3/ijon_max/6
updated maxmap 6: 634 (len: 736)
[1;94m[*] [0mFuzzing test case #873 (1489 total, 0 uniq crashes found)...[0m
[1;94m[*] [0mFuzzing test case #874 (1489 total, 0 uniq crashes found)...[0m
scheduled max input!!!!
schedule: 1 level3_3/ijon_max/1
[1;94m[*] [0mFuzzing test case #875 (1489 total, 0 uniq crashes found)...[0m
scheduled max input!!!!
schedule: 5 level3_3/ijon_max/5
[1;94m[*] [0mFuzzing test case #876 (1489 total, 0 uniq crashes found)...[0m
scheduled max input!!!!
schedule: 4 level3_3/ijon_max/4
updated maxmap 9: 662 (len: 755)
updated maxmap 9: 664 (len: 756)
updated maxmap 7: 64d (len: 756)
updated maxmap 8: 656 (len: 756)
updated maxmap 10: 662 (len: 756)
[1;94m[*] [0mFuzzing test case #877 (1490 total, 0 uniq crashes found)...[0m
[1;94m[*] [0mFuzzing test case #878 (1490 total, 0 uniq crashes found)...[0m
scheduled max input!!!!
schedule: 2 level3_3/ijon_max/2
[1;94m[*] [0mFuzzing test case #879 (1490 total, 0 uniq crashes found)...[0m
scheduled max input!!!!
schedule: 6 level3_3/ijon_max/6
updated maxmap 6: 636 (len: 736)
[1;94m[*] [0mFuzzing test case #880 (1490 total, 0 uniq crashes found)...[0m
[1;94m[*] [0mFuzzing test case #881 (1490 total, 0 uniq crashes found)...[0m
[1;94m[*] [0mFuzzing test case #882 (1490 total, 0 uniq crashes found)...[0m
scheduled max input!!!!
schedule: 6 level3_3/ijon_max/6
[1;94m[*] [0mFuzzing test case #883 (1490 total, 0 uniq crashes found)...[0m
[1;94m[*] [0mFuzzing test case #884 (1490 total, 0 uniq crashes found)...[0m
scheduled max input!!!!
schedule: 2 level3_3/ijon_max/2
[1;94m[*] [0mFuzzing test case #885 (1490 total, 0 uniq crashes found)...[0m
[1;94m[*] [0mFuzzing test case #886 (1490 total, 0 uniq crashes found)...[0m
scheduled max input!!!!
schedule: 4 level3_3/ijon_max/4
[1;94m[*] [0mFuzzing test case #887 (1490 total, 0 uniq crashes found)...[0m
scheduled max input!!!!
schedule: 9 level3_3/ijon_max/9
[1;94m[*] [0mFuzzing test case #888 (1490 total, 0 uniq crashes found)...[0m
scheduled max input!!!!
schedule: 13 level3_3/ijon_max/13
minimized maxmap 14: 639 (len: 740)
[1;94m[*] [0mFuzzing test case #889 (1490 total, 0 uniq crashes found)...[0m
[1;94m[*] [0mFuzzing test case #890 (1490 total, 0 uniq crashes found)...[0m
[1;94m[*] [0mFuzzing test case #891 (1490 total, 0 uniq crashes found)...[0m
scheduled max input!!!!
schedule: 1 level3_3/ijon_max/1
[1;94m[*] [0mFuzzing test case #892 (1490 total, 0 uniq crashes found)...[0m
[1;94m[*] [0mFuzzing test case #893 (1490 total, 0 uniq crashes found)...[0m
scheduled max input!!!!
schedule: 7 level3_3/ijon_max/7
[1;94m[*] [0mFuzzing test case #894 (1490 total, 0 uniq crashes found)...[0m
scheduled max input!!!!
schedule: 8 level3_3/ijon_max/8
[1;94m[*] [0mFuzzing test case #895 (1490 total, 0 uniq crashes found)...[0m
[1;94m[*] [0mFuzzing test case #896 (1490 total, 0 uniq crashes found)...[0m
scheduled max input!!!!
schedule: 14 level3_3/ijon_max/14
[1;94m[*] [0mFuzzing test case #897 (1490 total, 0 uniq crashes found)...[0m
scheduled max input!!!!
schedule: 12 level3_3/ijon_max/12
[1;94m[*] [0mFuzzing test case #898 (1490 total, 0 uniq crashes found)...[0m
scheduled max input!!!!
schedule: 12 level3_3/ijon_max/12
[1;94m[*] [0mFuzzing test case #899 (1490 total, 0 uniq crashes found)...[0m
[1;94m[*] [0mFuzzing test case #900 (1490 total, 0 uniq crashes found)...[0m
scheduled max input!!!!
schedule: 0 level3_3/ijon_max/0
[1;94m[*] [0mFuzzing test case #901 (1490 total, 0 uniq crashes found)...[0m
scheduled max input!!!!
schedule: 15 level3_3/ijon_max/15
[1;94m[*] [0mFuzzing test case #902 (1490 total, 0 uniq crashes found)...[0m
scheduled max input!!!!
schedule: 14 level3_3/ijon_max/14
[1;94m[*] [0mFuzzing test case #903 (1490 total, 0 uniq crashes found)...[0m
[1;94m[*] [0mFuzzing test case #904 (1490 total, 0 uniq crashes found)...[0m
scheduled max input!!!!
schedule: 15 level3_3/ijon_max/15
[1;94m[*] [0mFuzzing test case #905 (1490 total, 0 uniq crashes found)...[0m
scheduled max input!!!!
schedule: 13 level3_3/ijon_max/13
[1;94m[*] [0mFuzzing test case #906 (1490 total, 0 uniq crashes found)...[0m
scheduled max input!!!!
schedule: 7 level3_3/ijon_max/7
[1;94m[*] [0mFuzzing test case #907 (1490 total, 0 uniq crashes found)...[0m
scheduled max input!!!!
schedule: 4 level3_3/ijon_max/4
updated maxmap 5: 604 (len: 749)
updated maxmap 7: 650 (len: 749)
updated maxmap 8: 657 (len: 749)
[1;94m[*] [0mFuzzing test case #908 (1490 total, 0 uniq crashes found)...[0m
scheduled max input!!!!
schedule: 5 level3_3/ijon_max/5
[1;94m[*] [0mFuzzing test case #909 (1490 total, 0 uniq crashes found)...[0m
[1;94m[*] [0mFuzzing test case #910 (1490 total, 0 uniq crashes found)...[0m
scheduled max input!!!!
schedule: 2 level3_3/ijon_max/2
[1;94m[*] [0mFuzzing test case #911 (1490 total, 0 uniq crashes found)...[0m
scheduled max input!!!!
schedule: 3 level3_3/ijon_max/3
[1;94m[*] [0mFuzzing test case #912 (1490 total, 0 uniq crashes found)...[0m
scheduled max input!!!!
schedule: 12 level3_3/ijon_max/12
[1;94m[*] [0mFuzzing test case #913 (1490 total, 0 uniq crashes found)...[0m
scheduled max input!!!!
schedule: 11 level3_3/ijon_max/11
[1;94m[*] [0mFuzzing test case #914 (1490 total, 0 uniq crashes found)...[0m
[1;94m[*] [0mFuzzing test case #915 (1490 total, 0 uniq crashes found)...[0m
scheduled max input!!!!
schedule: 1 level3_3/ijon_max/1
[1;94m[*] [0mFuzzing test case #916 (1490 total, 0 uniq crashes found)...[0m
scheduled max input!!!!
schedule: 3 level3_3/ijon_max/3
[1;94m[*] [0mFuzzing test case #917 (1490 total, 0 uniq crashes found)...[0m
scheduled max input!!!!
schedule: 10 level3_3/ijon_max/10
[1;94m[*] [0mFuzzing test case #918 (1490 total, 0 uniq crashes found)...[0m
[1;94m[*] [0mFuzzing test case #919 (1490 total, 0 uniq crashes found)...[0m
scheduled max input!!!!
schedule: 2 level3_3/ijon_max/2
[1;94m[*] [0mFuzzing test case #920 (1490 total, 0 uniq crashes found)...[0m
scheduled max input!!!!
schedule: 7 level3_3/ijon_max/7
[1;94m[*] [0mFuzzing test case #921 (1490 total, 0 uniq crashes found)...[0m
scheduled max input!!!!
schedule: 5 level3_3/ijon_max/5
[1;94m[*] [0mFuzzing test case #922 (1490 total, 0 uniq crashes found)...[0m
scheduled max input!!!!
schedule: 2 level3_3/ijon_max/2
[1;94m[*] [0mFuzzing test case #923 (1490 total, 0 uniq crashes found)...[0m
scheduled max input!!!!
schedule: 2 level3_3/ijon_max/2
updated maxmap 1: 5b5 (len: 688)
updated maxmap 2: 5bf (len: 688)
[1;94m[*] [0mFuzzing test case #924 (1490 total, 0 uniq crashes found)...[0m
[1;94m[*] [0mFuzzing test case #925 (1490 total, 0 uniq crashes found)...[0m
[1;94m[*] [0mFuzzing test case #926 (1490 total, 0 uniq crashes found)...[0m
[1;94m[*] [0mFuzzing test case #927 (1490 total, 0 uniq crashes found)...[0m
scheduled max input!!!!
schedule: 3 level3_3/ijon_max/3
[1;94m[*] [0mFuzzing test case #928 (1490 total, 0 uniq crashes found)...[0m
scheduled max input!!!!
schedule: 15 level3_3/ijon_max/15
[1;94m[*] [0mFuzzing test case #929 (1490 total, 0 uniq crashes found)...[0m
scheduled max input!!!!
schedule: 7 level3_3/ijon_max/7
[1;94m[*] [0mFuzzing test case #930 (1490 total, 0 uniq crashes found)...[0m
[1;94m[*] [0mFuzzing test case #931 (1490 total, 0 uniq crashes found)...[0m
scheduled max input!!!!
schedule: 0 level3_3/ijon_max/0
[1;94m[*] [0mFuzzing test case #932 (1490 total, 0 uniq crashes found)...[0m
scheduled max input!!!!
schedule: 6 level3_3/ijon_max/6
[1;94m[*] [0mFuzzing test case #933 (1490 total, 0 uniq crashes found)...[0m
scheduled max input!!!!
schedule: 9 level3_3/ijon_max/9
updated maxmap 10: 663 (len: 756)
updated maxmap 9: 665 (len: 756)
updated maxmap 10: 668 (len: 761)
updated maxmap 11: 672 (len: 761)
[1;94m[*] [0mFuzzing test case #934 (1490 total, 0 uniq crashes found)...[0m
scheduled max input!!!!
schedule: 3 level3_3/ijon_max/3
[1;94m[*] [0mFuzzing test case #935 (1490 total, 0 uniq crashes found)...[0m
scheduled max input!!!!
schedule: 11 level3_3/ijon_max/11
updated maxmap 10: 669 (len: 761)
updated maxmap 11: 673 (len: 761)
updated maxmap 9: 66a (len: 761)
updated maxmap 10: 672 (len: 761)
[1;94m[*] [0mFuzzing test case #936 (1490 total, 0 uniq crashes found)...[0m
scheduled max input!!!!
schedule: 9 level3_3/ijon_max/9
updated maxmap 11: 674 (len: 761)
[1;94m[*] [0mFuzzing test case #937 (1490 total, 0 uniq crashes found)...[0m
scheduled max input!!!!
schedule: 9 level3_3/ijon_max/9
updated maxmap 7: 652 (len: 765)
updated maxmap 8: 65b (len: 765)
updated maxmap 11: 679 (len: 765)
updated maxmap 6: 64a (len: 765)
updated maxmap 7: 654 (len: 765)
updated maxmap 8: 65d (len: 765)
updated maxmap 11: 67b (len: 765)
updated maxmap 12: 67d (len: 765)
updated maxmap 7: 655 (len: 761)
updated maxmap 8: 65e (len: 761)
updated maxmap 7: 674 (len: 761)
[1;94m[*] [0mFuzzing test case #938 (1491 total, 0 uniq crashes found)...[0m
scheduled max input!!!!
schedule: 4 level3_3/ijon_max/4
[1;94m[*] [0mFuzzing test case #939 (1491 total, 0 uniq crashes found)...[0m
[1;94m[*] [0mFuzzing test case #940 (1491 total, 0 uniq crashes found)...[0m
scheduled max input!!!!
schedule: 14 level3_3/ijon_max/14
[1;94m[*] [0mFuzzing test case #941 (1491 total, 0 uniq crashes found)...[0m
scheduled max input!!!!
schedule: 12 level3_3/ijon_max/12
updated maxmap 12: 67e (len: 765)
updated maxmap 11: 67c (len: 765)
[1;94m[*] [0mFuzzing test case #942 (1491 total, 0 uniq crashes found)...[0m
scheduled max input!!!!
schedule: 10 level3_3/ijon_max/10
[1;94m[*] [0mFuzzing test case #943 (1491 total, 0 uniq crashes found)...[0m
[1;94m[*] [0mFuzzing test case #944 (1491 total, 0 uniq crashes found)...[0m
scheduled max input!!!!
schedule: 10 level3_3/ijon_max/10
updated maxmap 9: 66d (len: 761)
[1;94m[*] [0mFuzzing test case #945 (1491 total, 0 uniq crashes found)...[0m
scheduled max input!!!!
schedule: 9 level3_3/ijon_max/9
[1;94m[*] [0mFuzzing test case #946 (1491 total, 0 uniq crashes found)...[0m
scheduled max input!!!!
schedule: 11 level3_3/ijon_max/11
updated maxmap 12: 685 (len: 773)
updated maxmap 13: 68f (len: 773)
updated maxmap 14: 692 (len: 773)
updated maxmap 6: 64b (len: 765)
[1;94m[*] [0mFuzzing test case #947 (1492 total, 0 uniq crashes found)...[0m
scheduled max input!!!!
schedule: 12 level3_3/ijon_max/12
updated maxmap 8: 65f (len: 773)
updated maxmap 12: 686 (len: 773)
updated maxmap 13: 690 (len: 773)
updated maxmap 14: 693 (len: 773)
updated maxmap 14: 697 (len: 775)
updated maxmap 6: 64c (len: 773)
updated maxmap 10: 673 (len: 773)
updated maxmap 11: 67d (len: 773)
updated maxmap 12: 687 (len: 773)
updated maxmap 13: 691 (len: 773)
updated maxmap 0: 69d (len: 780)
updated maxmap 15: 69a (len: 780)
updated maxmap 8: 660 (len: 773)
updated maxmap 4: 5fd (len: 773)
updated maxmap 5: 607 (len: 773)
updated maxmap 6: 657 (len: 781)
updated maxmap 8: 66b (len: 781)
updated maxmap 9: 674 (len: 781)
updated maxmap 10: 67e (len: 781)
updated maxmap 11: 688 (len: 781)
updated maxmap 12: 692 (len: 781)
updated maxmap 13: 69c (len: 781)
updated maxmap 14: 69e (len: 781)
minimized maxmap 6: 657 (len: 773)
minimized maxmap 8: 66b (len: 773)
minimized maxmap 9: 674 (len: 773)
minimized maxmap 10: 67e (len: 773)
minimized maxmap 11: 688 (len: 773)
updated maxmap 6: 658 (len: 773)
updated maxmap 9: 675 (len: 773)
updated maxmap 10: 67f (len: 773)
updated maxmap 11: 689 (len: 773)
updated maxmap 8: 66c (len: 773)
minimized maxmap 12: 692 (len: 777)
updated maxmap 15: 69c (len: 780)
updated maxmap 9: 676 (len: 777)
updated maxmap 6: 659 (len: 773)
updated maxmap 8: 66d (len: 773)
updated maxmap 9: 677 (len: 773)
updated maxmap 10: 680 (len: 773)
updated maxmap 11: 68a (len: 773)
updated maxmap 7: 67a (len: 773)
updated maxmap 8: 684 (len: 773)
updated maxmap 9: 689 (len: 773)
updated maxmap 4: 5fe (len: 780)
updated maxmap 5: 608 (len: 780)
updated maxmap 6: 65d (len: 780)
updated maxmap 10: 684 (len: 780)
updated maxmap 11: 68e (len: 780)
updated maxmap 7: 67b (len: 773)
updated maxmap 8: 685 (len: 773)
updated maxmap 9: 68a (len: 773)
updated maxmap 15: 69d (len: 781)
updated maxmap 3: 60a (len: 773)
updated maxmap 4: 614 (len: 773)
updated maxmap 5: 61e (len: 773)
updated maxmap 10: 68b (len: 773)
updated maxmap 7: 67c (len: 773)
updated maxmap 7: 67d (len: 773)
updated maxmap 8: 687 (len: 773)
updated maxmap 9: 68c (len: 773)
updated maxmap 14: 69f (len: 781)
[1;94m[*] [0mFuzzing test case #948 (1498 total, 0 uniq crashes found)...[0m
scheduled max input!!!!
schedule: 8 level3_3/ijon_max/8
[1;94m[*] [0mFuzzing test case #949 (1498 total, 0 uniq crashes found)...[0m
scheduled max input!!!!
schedule: 8 level3_3/ijon_max/8
updated maxmap 7: 67e (len: 773)
updated maxmap 8: 688 (len: 773)
updated maxmap 9: 68d (len: 773)
updated maxmap 9: 68f (len: 780)
updated maxmap 10: 699 (len: 780)
updated maxmap 11: 69c (len: 780)
[1;94m[*] [0mFuzzing test case #950 (1498 total, 0 uniq crashes found)...[0m
scheduled max input!!!!
schedule: 9 level3_3/ijon_max/9
updated maxmap 9: 690 (len: 780)
updated maxmap 10: 69a (len: 780)
updated maxmap 11: 69d (len: 780)
updated maxmap 11: 69f (len: 788)
updated maxmap 12: 6a9 (len: 788)
updated maxmap 13: 6b0 (len: 788)
updated maxmap 11: 6a4 (len: 783)
updated maxmap 9: 691 (len: 781)
updated maxmap 10: 69b (len: 781)
minimized maxmap 9: 691 (len: 780)
minimized maxmap 10: 69b (len: 780)
updated maxmap 9: 692 (len: 780)
updated maxmap 10: 69c (len: 780)
[1;94m[*] [0mFuzzing test case #951 (1499 total, 0 uniq crashes found)...[0m
scheduled max input!!!!
schedule: 8 level3_3/ijon_max/8
[1;94m[*] [0mFuzzing test case #952 (1499 total, 0 uniq crashes found)...[0m
scheduled max input!!!!
schedule: 6 level3_3/ijon_max/6
updated maxmap 6: 65e (len: 780)
[1;94m[*] [0mFuzzing test case #953 (1499 total, 0 uniq crashes found)...[0m
[1;94m[*] [0mFuzzing test case #954 (1499 total, 0 uniq crashes found)...[0m
scheduled max input!!!!
schedule: 2 level3_3/ijon_max/2
updated maxmap 1: 5bf (len: 696)
updated maxmap 2: 5c9 (len: 696)
minimized maxmap 1: 5bf (len: 688)
[1;94m[*] [0mFuzzing test case #955 (1499 total, 0 uniq crashes found)...[0m
scheduled max input!!!!
schedule: 1 level3_3/ijon_max/1
[1;94m[*] [0mFuzzing test case #956 (1499 total, 0 uniq crashes found)...[0m
scheduled max input!!!!
schedule: 9 level3_3/ijon_max/9
updated maxmap 6: 670 (len: 780)
[1;94m[*] [0mFuzzing test case #957 (1499 total, 0 uniq crashes found)...[0m
scheduled max input!!!!
schedule: 10 level3_3/ijon_max/10
[1;94m[*] [0mFuzzing test case #958 (1499 total, 0 uniq crashes found)...[0m
[1;94m[*] [0mFuzzing test case #959 (1499 total, 0 uniq crashes found)...[0m
scheduled max input!!!!
schedule: 6 level3_3/ijon_max/6
updated maxmap 6: 671 (len: 780)
[1;94m[*] [0mFuzzing test case #960 (1499 total, 0 uniq crashes found)...[0m
scheduled max input!!!!
schedule: 12 level3_3/ijon_max/12
updated maxmap 13: 6b1 (len: 788)
[1;94m[*] [0mFuzzing test case #961 (1499 total, 0 uniq crashes found)...[0m
scheduled max input!!!!
schedule: 12 level3_3/ijon_max/12
updated maxmap 13: 6b2 (len: 790)
updated maxmap 14: 6b5 (len: 790)
[1;94m[*] [0mFuzzing test case #962 (1500 total, 0 uniq crashes found)...[0m
scheduled max input!!!!
schedule: 5 level3_3/ijon_max/5
updated maxmap 3: 60b (len: 773)
updated maxmap 4: 615 (len: 773)
updated maxmap 5: 61f (len: 773)
[1;94m[*] [0mFuzzing test case #963 (1501 total, 0 uniq crashes found)...[0m
scheduled max input!!!!
schedule: 15 level3_3/ijon_max/15
updated maxmap 15: 69e (len: 781)
updated maxmap 0: 6a3 (len: 786)
updated maxmap 15: 6a1 (len: 786)
[1;94m[*] [0mFuzzing test case #964 (1501 total, 0 uniq crashes found)...[0m
scheduled max input!!!!
schedule: 11 level3_3/ijon_max/11
updated maxmap 11: 6a5 (len: 783)
updated maxmap 11: 6a6 (len: 783)
[1;94m[*] [0mFuzzing test case #965 (1501 total, 0 uniq crashes found)...[0m
scheduled max input!!!!
schedule: 14 level3_3/ijon_max/14
updated maxmap 13: 6b3 (len: 790)
updated maxmap 14: 6b6 (len: 790)
updated maxmap 12: 6aa (len: 790)
updated maxmap 13: 6b4 (len: 790)
updated maxmap 0: 6c6 (len: 798)
updated maxmap 14: 6ba (len: 798)
updated maxmap 15: 6c3 (len: 798)
minimized maxmap 14: 6ba (len: 790)
updated maxmap 5: 66d (len: 790)
[1;94m[*] [0mFuzzing test case #966 (1502 total, 0 uniq crashes found)...[0m
scheduled max input!!!!
schedule: 10 level3_3/ijon_max/10
[1;94m[*] [0mFuzzing test case #967 (1502 total, 0 uniq crashes found)...[0m
scheduled max input!!!!
schedule: 0 level3_3/ijon_max/0
[1;94m[*] [0mFuzzing test case #968 (1502 total, 0 uniq crashes found)...[0m
scheduled max input!!!!
schedule: 9 level3_3/ijon_max/9
[1;94m[*] [0mFuzzing test case #969 (1502 total, 0 uniq crashes found)...[0m
[1;94m[*] [0mFuzzing test case #970 (1502 total, 0 uniq crashes found)...[0m
scheduled max input!!!!
schedule: 7 level3_3/ijon_max/7
[1;94m[*] [0mFuzzing test case #971 (1502 total, 0 uniq crashes found)...[0m
scheduled max input!!!!
schedule: 3 level3_3/ijon_max/3
[1;94m[*] [0mFuzzing test case #972 (1502 total, 0 uniq crashes found)...[0m
scheduled max input!!!!
schedule: 5 level3_3/ijon_max/5
updated maxmap 5: 66e (len: 790)
[1;94m[*] [0mFuzzing test case #973 (1502 total, 0 uniq crashes found)...[0m
scheduled max input!!!!
schedule: 15 level3_3/ijon_max/15
updated maxmap 15: 6c4 (len: 798)
[1;94m[*] [0mFuzzing test case #974 (1502 total, 0 uniq crashes found)...[0m
scheduled max input!!!!
schedule: 1 level3_3/ijon_max/1
[1;94m[*] [0mFuzzing test case #975 (1502 total, 0 uniq crashes found)...[0m
scheduled max input!!!!
schedule: 6 level3_3/ijon_max/6
[1;94m[*] [0mFuzzing test case #976 (1503 total, 0 uniq crashes found)...[0m
scheduled max input!!!!
schedule: 4 level3_3/ijon_max/4
[1;94m[*] [0mFuzzing test case #977 (1503 total, 0 uniq crashes found)...[0m
scheduled max input!!!!
schedule: 13 level3_3/ijon_max/13
updated maxmap 12: 6ad (len: 790)
updated maxmap 13: 6b7 (len: 790)
[1;94m[*] [0mFuzzing test case #978 (1503 total, 0 uniq crashes found)...[0m
scheduled max input!!!!
schedule: 14 level3_3/ijon_max/14
[1;94m[*] [0mFuzzing test case #979 (1503 total, 0 uniq crashes found)...[0m
[1;94m[*] [0mFuzzing test case #980 (1503 total, 0 uniq crashes found)...[0m
[1;94m[*] [0mFuzzing test case #981 (1503 total, 0 uniq crashes found)...[0m
[1;94m[*] [0mFuzzing test case #982 (1503 total, 0 uniq crashes found)...[0m
scheduled max input!!!!
schedule: 2 level3_3/ijon_max/2
[1;94m[*] [0mFuzzing test case #983 (1503 total, 0 uniq crashes found)...[0m
scheduled max input!!!!
schedule: 9 level3_3/ijon_max/9
[1;94m[*] [0mFuzzing test case #984 (1503 total, 0 uniq crashes found)...[0m
scheduled max input!!!!
schedule: 0 level3_3/ijon_max/0
[1;94m[*] [0mFuzzing test case #985 (1503 total, 0 uniq crashes found)...[0m
scheduled max input!!!!
schedule: 9 level3_3/ijon_max/9
updated maxmap 7: 681 (len: 787)
updated maxmap 8: 68b (len: 787)
updated maxmap 9: 695 (len: 787)
updated maxmap 10: 69f (len: 787)
updated maxmap 11: 6a8 (len: 787)
minimized maxmap 12: 6ad (len: 787)
minimized maxmap 7: 681 (len: 780)
minimized maxmap 8: 68b (len: 780)
minimized maxmap 9: 695 (len: 780)
updated maxmap 6: 677 (len: 780)
updated maxmap 7: 684 (len: 780)
updated maxmap 8: 68e (len: 780)
updated maxmap 9: 698 (len: 780)
[1;94m[*] [0mFuzzing test case #986 (1503 total, 0 uniq crashes found)...[0m
[1;94m[*] [0mFuzzing test case #987 (1503 total, 0 uniq crashes found)...[0m
scheduled max input!!!!
schedule: 3 level3_3/ijon_max/3
[1;94m[*] [0mFuzzing test case #988 (1503 total, 0 uniq crashes found)...[0m
scheduled max input!!!!
schedule: 6 level3_3/ijon_max/6
[1;94m[*] [0mFuzzing test case #989 (1503 total, 0 uniq crashes found)...[0m
scheduled max input!!!!
schedule: 11 level3_3/ijon_max/11
updated maxmap 11: 6a9 (len: 787)
updated maxmap 12: 6ae (len: 787)
[1;94m[*] [0mFuzzing test case #990 (1503 total, 0 uniq crashes found)...[0m
scheduled max input!!!!
schedule: 9 level3_3/ijon_max/9
updated maxmap 6: 678 (len: 780)
updated maxmap 7: 685 (len: 780)
updated maxmap 8: 68f (len: 780)
updated maxmap 9: 699 (len: 780)
[1;94m[*] [0mFuzzing test case #991 (1503 total, 0 uniq crashes found)...[0m
scheduled max input!!!!
schedule: 3 level3_3/ijon_max/3
updated maxmap 3: 60c (len: 773)
updated maxmap 4: 616 (len: 773)
updated maxmap 3: 60d (len: 773)
updated maxmap 4: 617 (len: 773)
[1;94m[*] [0mFuzzing test case #992 (1503 total, 0 uniq crashes found)...[0m
scheduled max input!!!!
schedule: 3 level3_3/ijon_max/3
[1;94m[*] [0mFuzzing test case #993 (1503 total, 0 uniq crashes found)...[0m
scheduled max input!!!!
schedule: 2 level3_3/ijon_max/2
updated maxmap 1: 5c1 (len: 696)
updated maxmap 2: 5cb (len: 696)
[1;94m[*] [0mFuzzing test case #994 (1503 total, 0 uniq crashes found)...[0m
scheduled max input!!!!
schedule: 0 level3_3/ijon_max/0
[1;94m[*] [0mFuzzing test case #995 (1503 total, 0 uniq crashes found)...[0m
scheduled max input!!!!
schedule: 10 level3_3/ijon_max/10
[1;94m[*] [0mFuzzing test case #996 (1503 total, 0 uniq crashes found)...[0m
scheduled max input!!!!
schedule: 15 level3_3/ijon_max/15
[1;94m[*] [0mFuzzing test case #997 (1503 total, 0 uniq crashes found)...[0m
scheduled max input!!!!
schedule: 7 level3_3/ijon_max/7
updated maxmap 10: 6a3 (len: 783)
updated maxmap 6: 679 (len: 780)
[1;94m[*] [0mFuzzing test case #998 (1503 total, 0 uniq crashes found)...[0m
scheduled max input!!!!
schedule: 2 level3_3/ijon_max/2
[1;94m[*] [0mFuzzing test case #999 (1503 total, 0 uniq crashes found)...[0m
scheduled max input!!!!
schedule: 12 level3_3/ijon_max/12
updated maxmap 12: 6b2 (len: 792)
updated maxmap 13: 6ba (len: 792)
[1;94m[*] [0mFuzzing test case #1000 (1503 total, 0 uniq crashes found)...[0m
scheduled max input!!!!
schedule: 10 level3_3/ijon_max/10
[1;94m[*] [0mFuzzing test case #1001 (1503 total, 0 uniq crashes found)...[0m
scheduled max input!!!!
schedule: 15 level3_3/ijon_max/15
updated maxmap 0: 6c8 (len: 799)
updated maxmap 14: 6bb (len: 799)
updated maxmap 15: 6c5 (len: 799)
minimized maxmap 0: 6c8 (len: 798)
updated maxmap 14: 6bc (len: 798)
minimized maxmap 15: 6c5 (len: 798)
[1;94m[*] [0mFuzzing test case #1002 (1503 total, 0 uniq crashes found)...[0m
scheduled max input!!!!
schedule: 4 level3_3/ijon_max/4
[1;94m[*] [0mFuzzing test case #1003 (1503 total, 0 uniq crashes found)...[0m
[1;94m[*] [0mFuzzing test case #1004 (1503 total, 0 uniq crashes found)...[0m
scheduled max input!!!!
schedule: 1 level3_3/ijon_max/1
[1;94m[*] [0mFuzzing test case #1005 (1503 total, 0 uniq crashes found)...[0m
scheduled max input!!!!
schedule: 15 level3_3/ijon_max/15
[1;94m[*] [0mFuzzing test case #1006 (1503 total, 0 uniq crashes found)...[0m
scheduled max input!!!!
schedule: 1 level3_3/ijon_max/1
[1;94m[*] [0mFuzzing test case #1007 (1503 total, 0 uniq crashes found)...[0m
scheduled max input!!!!
schedule: 10 level3_3/ijon_max/10
[1;94m[*] [0mFuzzing test case #1008 (1503 total, 0 uniq crashes found)...[0m
[1;94m[*] [0mFuzzing test case #1009 (1503 total, 0 uniq crashes found)...[0m
scheduled max input!!!!
schedule: 1 level3_3/ijon_max/1
[1;94m[*] [0mFuzzing test case #1010 (1504 total, 0 uniq crashes found)...[0m
scheduled max input!!!!
schedule: 4 level3_3/ijon_max/4
updated maxmap 3: 60e (len: 773)
updated maxmap 4: 618 (len: 773)
updated maxmap 2: 609 (len: 773)
updated maxmap 3: 613 (len: 773)
updated maxmap 4: 61d (len: 773)
[1;94m[*] [0mFuzzing test case #1011 (1504 total, 0 uniq crashes found)...[0m
scheduled max input!!!!
schedule: 2 level3_3/ijon_max/2
[1;94m[*] [0mFuzzing test case #1012 (1504 total, 0 uniq crashes found)...[0m
[1;94m[*] [0mFuzzing test case #1013 (1504 total, 0 uniq crashes found)...[0m
scheduled max input!!!!
schedule: 8 level3_3/ijon_max/8
[1;94m[*] [0mFuzzing test case #1014 (1504 total, 0 uniq crashes found)...[0m
scheduled max input!!!!
schedule: 10 level3_3/ijon_max/10
[1;94m[*] [0mFuzzing test case #1015 (1504 total, 0 uniq crashes found)...[0m
scheduled max input!!!!
schedule: 4 level3_3/ijon_max/4
updated maxmap 2: 60a (len: 773)
updated maxmap 3: 614 (len: 773)
updated maxmap 4: 61e (len: 773)
updated maxmap 2: 60b (len: 773)
updated maxmap 3: 615 (len: 773)
updated maxmap 4: 61f (len: 773)
[1;94m[*] [0mFuzzing test case #1016 (1506 total, 0 uniq crashes found)...[0m
[1;94m[*] [0mFuzzing test case #1017 (1506 total, 0 uniq crashes found)...[0m
scheduled max input!!!!
schedule: 10 level3_3/ijon_max/10
[1;94m[*] [0mFuzzing test case #1018 (1506 total, 0 uniq crashes found)...[0m
scheduled max input!!!!
schedule: 15 level3_3/ijon_max/15
[1;94m[*] [0mFuzzing test case #1019 (1506 total, 0 uniq crashes found)...[0m
scheduled max input!!!!
schedule: 1 level3_3/ijon_max/1
[1;94m[*] [0mFuzzing test case #1020 (1506 total, 0 uniq crashes found)...[0m
scheduled max input!!!!
schedule: 11 level3_3/ijon_max/11
[1;94m[*] [0mFuzzing test case #1021 (1507 total, 0 uniq crashes found)...[0m
scheduled max input!!!!
schedule: 5 level3_3/ijon_max/5
[1;94m[*] [0mFuzzing test case #1022 (1507 total, 0 uniq crashes found)...[0m
scheduled max input!!!!
schedule: 4 level3_3/ijon_max/4
[1;94m[*] [0mFuzzing test case #1023 (1507 total, 0 uniq crashes found)...[0m
scheduled max input!!!!
schedule: 2 level3_3/ijon_max/2
[1;94m[*] [0mFuzzing test case #1024 (1507 total, 0 uniq crashes found)...[0m
scheduled max input!!!!
schedule: 0 level3_3/ijon_max/0
updated maxmap 0: 6cb (len: 798)
updated maxmap 14: 6bf (len: 798)
updated maxmap 15: 6c9 (len: 798)
[1;94m[*] [0mFuzzing test case #1025 (1507 total, 0 uniq crashes found)...[0m
scheduled max input!!!!
schedule: 11 level3_3/ijon_max/11
[1;94m[*] [0mFuzzing test case #1026 (1507 total, 0 uniq crashes found)...[0m
[1;94m[*] [0mFuzzing test case #1027 (1507 total, 0 uniq crashes found)...[0m
scheduled max input!!!!
schedule: 9 level3_3/ijon_max/9
[1;94m[*] [0mFuzzing test case #1028 (1507 total, 0 uniq crashes found)...[0m
scheduled max input!!!!
schedule: 5 level3_3/ijon_max/5
[1;94m[*] [0mFuzzing test case #1029 (1507 total, 0 uniq crashes found)...[0m
scheduled max input!!!!
schedule: 3 level3_3/ijon_max/3
[1;94m[*] [0mFuzzing test case #1030 (1507 total, 0 uniq crashes found)...[0m
scheduled max input!!!!
schedule: 6 level3_3/ijon_max/6
[1;94m[*] [0mFuzzing test case #1031 (1507 total, 0 uniq crashes found)...[0m
scheduled max input!!!!
schedule: 10 level3_3/ijon_max/10
[1;94m[*] [0mFuzzing test case #1032 (1507 total, 0 uniq crashes found)...[0m
scheduled max input!!!!
schedule: 3 level3_3/ijon_max/3
[1;94m[*] [0mFuzzing test case #1033 (1507 total, 0 uniq crashes found)...[0m
scheduled max input!!!!
schedule: 7 level3_3/ijon_max/7
minimized maxmap 10: 6a3 (len: 782)
[1;94m[*] [0mFuzzing test case #1034 (1507 total, 0 uniq crashes found)...[0m
scheduled max input!!!!
schedule: 10 level3_3/ijon_max/10
[1;94m[*] [0mFuzzing test case #1035 (1507 total, 0 uniq crashes found)...[0m
[1;94m[*] [0mFuzzing test case #1036 (1507 total, 0 uniq crashes found)...[0m
scheduled max input!!!!
schedule: 9 level3_3/ijon_max/9
[1;94m[*] [0mFuzzing test case #1037 (1507 total, 0 uniq crashes found)...[0m
scheduled max input!!!!
schedule: 13 level3_3/ijon_max/13
updated maxmap 12: 6b3 (len: 792)
updated maxmap 11: 6ab (len: 794)
updated maxmap 12: 6b5 (len: 794)
updated maxmap 13: 6bd (len: 794)
minimized maxmap 11: 6ab (len: 792)
minimized maxmap 12: 6b5 (len: 792)
[1;94m[*] [0mFuzzing test case #1038 (1507 total, 0 uniq crashes found)...[0m
scheduled max input!!!!
schedule: 8 level3_3/ijon_max/8
[1;94m[*] [0mFuzzing test case #1039 (1507 total, 0 uniq crashes found)...[0m
scheduled max input!!!!
schedule: 5 level3_3/ijon_max/5
[1;94m[*] [0mFuzzing test case #1040 (1507 total, 0 uniq crashes found)...[0m
[1;94m[*] [0mFuzzing test case #1041 (1507 total, 0 uniq crashes found)...[0m
[1;94m[*] [0mFuzzing test case #1042 (1507 total, 0 uniq crashes found)...[0m
scheduled max input!!!!
schedule: 8 level3_3/ijon_max/8
[1;94m[*] [0mFuzzing test case #1043 (1507 total, 0 uniq crashes found)...[0m
scheduled max input!!!!
schedule: 8 level3_3/ijon_max/8
[1;94m[*] [0mFuzzing test case #1044 (1507 total, 0 uniq crashes found)...[0m
scheduled max input!!!!
schedule: 3 level3_3/ijon_max/3
[1;94m[*] [0mFuzzing test case #1045 (1507 total, 0 uniq crashes found)...[0m
scheduled max input!!!!
schedule: 15 level3_3/ijon_max/15
[1;94m[*] [0mFuzzing test case #1046 (1507 total, 0 uniq crashes found)...[0m
scheduled max input!!!!
schedule: 7 level3_3/ijon_max/7
[1;94m[*] [0mFuzzing test case #1047 (1507 total, 0 uniq crashes found)...[0m
[1;94m[*] [0mFuzzing test case #1048 (1507 total, 0 uniq crashes found)...[0m
scheduled max input!!!!
schedule: 11 level3_3/ijon_max/11
[1;94m[*] [0mFuzzing test case #1049 (1507 total, 0 uniq crashes found)...[0m
scheduled max input!!!!
schedule: 14 level3_3/ijon_max/14
updated maxmap 0: 6d3 (len: 802)
updated maxmap 14: 6c7 (len: 802)
updated maxmap 15: 6d1 (len: 802)
minimized maxmap 14: 6c7 (len: 798)
minimized maxmap 15: 6d1 (len: 798)
updated maxmap 11: 6ad (len: 800)
updated maxmap 12: 6b7 (len: 800)
updated maxmap 13: 6c1 (len: 800)
updated maxmap 14: 6cb (len: 800)
updated maxmap 15: 6d5 (len: 800)
minimized maxmap 11: 6ad (len: 798)
minimized maxmap 12: 6b7 (len: 798)
minimized maxmap 13: 6c1 (len: 798)
minimized maxmap 14: 6cb (len: 798)
updated maxmap 0: 6d7 (len: 806)
[1;94m[*] [0mFuzzing test case #1050 (1508 total, 0 uniq crashes found)...[0m
scheduled max input!!!!
schedule: 5 level3_3/ijon_max/5
[1;94m[*] [0mFuzzing test case #1051 (1508 total, 0 uniq crashes found)...[0m
scheduled max input!!!!
schedule: 14 level3_3/ijon_max/14
minimized maxmap 0: 6d7 (len: 802)
[1;94m[*] [0mFuzzing test case #1052 (1509 total, 0 uniq crashes found)...[0m
scheduled max input!!!!
schedule: 10 level3_3/ijon_max/10
updated maxmap 6: 67f (len: 790)
updated maxmap 7: 689 (len: 790)
updated maxmap 8: 693 (len: 790)
updated maxmap 9: 69d (len: 790)
updated maxmap 10: 6a7 (len: 790)
updated maxmap 11: 6b1 (len: 790)
minimized maxmap 6: 67f (len: 782)
minimized maxmap 7: 689 (len: 782)
minimized maxmap 8: 693 (len: 782)
minimized maxmap 9: 69d (len: 782)
[1;94m[*] [0mFuzzing test case #1053 (1509 total, 0 uniq crashes found)...[0m
scheduled max input!!!!
schedule: 12 level3_3/ijon_max/12
[1;94m[*] [0mFuzzing test case #1054 (1509 total, 0 uniq crashes found)...[0m
[1;94m[*] [0mFuzzing test case #1055 (1509 total, 0 uniq crashes found)...[0m
[1;94m[*] [0mFuzzing test case #1056 (1509 total, 0 uniq crashes found)...[0m
scheduled max input!!!!
schedule: 5 level3_3/ijon_max/5
[1;94m[*] [0mFuzzing test case #1057 (1509 total, 0 uniq crashes found)...[0m
scheduled max input!!!!
schedule: 5 level3_3/ijon_max/5
[1;94m[*] [0mFuzzing test case #1058 (1509 total, 0 uniq crashes found)...[0m
scheduled max input!!!!
schedule: 3 level3_3/ijon_max/3
[1;94m[*] [0mFuzzing test case #1059 (1509 total, 0 uniq crashes found)...[0m
scheduled max input!!!!
schedule: 5 level3_3/ijon_max/5
[1;94m[*] [0mFuzzing test case #1060 (1509 total, 0 uniq crashes found)...[0m
[1;94m[*] [0mFuzzing test case #1061 (1509 total, 0 uniq crashes found)...[0m
[1;94m[*] [0mFuzzing test case #1062 (1509 total, 0 uniq crashes found)...[0m
scheduled max input!!!!
schedule: 2 level3_3/ijon_max/2
[1;94m[*] [0mFuzzing test case #1063 (1509 total, 0 uniq crashes found)...[0m
scheduled max input!!!!
schedule: 0 level3_3/ijon_max/0
updated maxmap 0: 6d8 (len: 802)
[1;94m[*] [0mFuzzing test case #1064 (1509 total, 0 uniq crashes found)...[0m
scheduled max input!!!!
schedule: 2 level3_3/ijon_max/2
[1;94m[*] [0mFuzzing test case #1065 (1509 total, 0 uniq crashes found)...[0m
scheduled max input!!!!
schedule: 2 level3_3/ijon_max/2
updated maxmap 2: 610 (len: 775)
updated maxmap 3: 61a (len: 775)
updated maxmap 4: 624 (len: 775)
minimized maxmap 2: 610 (len: 773)
minimized maxmap 3: 61a (len: 773)
minimized maxmap 4: 624 (len: 773)
updated maxmap 2: 611 (len: 773)
updated maxmap 3: 61b (len: 773)
updated maxmap 4: 625 (len: 773)
[1;94m[*] [0mFuzzing test case #1066 (1510 total, 0 uniq crashes found)...[0m
[1;94m[*] [0mFuzzing test case #1067 (1510 total, 0 uniq crashes found)...[0m
scheduled max input!!!!
schedule: 9 level3_3/ijon_max/9
[1;94m[*] [0mFuzzing test case #1068 (1510 total, 0 uniq crashes found)...[0m
[1;94m[*] [0mFuzzing test case #1069 (1510 total, 0 uniq crashes found)...[0m
scheduled max input!!!!
schedule: 15 level3_3/ijon_max/15
[1;94m[*] [0mFuzzing test case #1070 (1510 total, 0 uniq crashes found)...[0m
scheduled max input!!!!
schedule: 10 level3_3/ijon_max/10
[1;94m[*] [0mFuzzing test case #1071 (1510 total, 0 uniq crashes found)...[0m
scheduled max input!!!!
schedule: 1 level3_3/ijon_max/1
[1;94m[*] [0mFuzzing test case #1072 (1510 total, 0 uniq crashes found)...[0m
scheduled max input!!!!
schedule: 3 level3_3/ijon_max/3
updated maxmap 2: 612 (len: 773)
updated maxmap 3: 61c (len: 773)
updated maxmap 4: 626 (len: 773)
[1;94m[*] [0mFuzzing test case #1073 (1510 total, 0 uniq crashes found)...[0m
scheduled max input!!!!
schedule: 3 level3_3/ijon_max/3
updated maxmap 2: 614 (len: 775)
updated maxmap 3: 61e (len: 775)
updated maxmap 4: 628 (len: 775)
minimized maxmap 2: 614 (len: 773)
minimized maxmap 3: 61e (len: 773)
minimized maxmap 4: 628 (len: 773)
[1;94m[*] [0mFuzzing test case #1074 (1510 total, 0 uniq crashes found)...[0m
scheduled max input!!!!
schedule: 10 level3_3/ijon_max/10
[1;94m[*] [0mFuzzing test case #1075 (1510 total, 0 uniq crashes found)...[0m
scheduled max input!!!!
schedule: 6 level3_3/ijon_max/6
updated maxmap 6: 680 (len: 782)
updated maxmap 7: 68a (len: 782)
updated maxmap 8: 694 (len: 782)
updated maxmap 9: 69e (len: 782)
[1;94m[*] [0mFuzzing test case #1076 (1510 total, 0 uniq crashes found)...[0m
scheduled max input!!!!
schedule: 13 level3_3/ijon_max/13
[1;94m[*] [0mFuzzing test case #1077 (1510 total, 0 uniq crashes found)...[0m
scheduled max input!!!!
schedule: 6 level3_3/ijon_max/6
[1;94m[*] [0mFuzzing test case #1078 (1510 total, 0 uniq crashes found)...[0m
[1;94m[*] [0mFuzzing test case #1079 (1510 total, 0 uniq crashes found)...[0m
scheduled max input!!!!
schedule: 7 level3_3/ijon_max/7
[1;94m[*] [0mFuzzing test case #1080 (1510 total, 0 uniq crashes found)...[0m
scheduled max input!!!!
schedule: 4 level3_3/ijon_max/4
updated maxmap 2: 615 (len: 774)
updated maxmap 3: 61f (len: 774)
updated maxmap 4: 629 (len: 774)
minimized maxmap 2: 615 (len: 773)
minimized maxmap 3: 61f (len: 773)
minimized maxmap 4: 629 (len: 773)
[1;94m[*] [0mFuzzing test case #1081 (1511 total, 0 uniq crashes found)...[0m
scheduled max input!!!!
schedule: 4 level3_3/ijon_max/4
[1;94m[*] [0mFuzzing test case #1082 (1511 total, 0 uniq crashes found)...[0m
scheduled max input!!!!
schedule: 1 level3_3/ijon_max/1
[1;94m[*] [0mFuzzing test case #1083 (1511 total, 0 uniq crashes found)...[0m
scheduled max input!!!!
schedule: 1 level3_3/ijon_max/1
[1;94m[*] [0mFuzzing test case #1084 (1511 total, 0 uniq crashes found)...[0m
scheduled max input!!!!
schedule: 1 level3_3/ijon_max/1
[1;94m[*] [0mFuzzing test case #1085 (1511 total, 0 uniq crashes found)...[0m
[1;94m[*] [0mFuzzing test case #1086 (1511 total, 0 uniq crashes found)...[0m
scheduled max input!!!!
schedule: 10 level3_3/ijon_max/10
updated maxmap 10: 6a8 (len: 790)
updated maxmap 11: 6b2 (len: 790)
minimized maxmap 12: 6b7 (len: 790)
[1;94m[*] [0mFuzzing test case #1087 (1511 total, 0 uniq crashes found)...[0m
[1;94m[*] [0mFuzzing test case #1088 (1511 total, 0 uniq crashes found)...[0m
scheduled max input!!!!
schedule: 3 level3_3/ijon_max/3
[1;94m[*] [0mFuzzing test case #1089 (1511 total, 0 uniq crashes found)...[0m
scheduled max input!!!!
schedule: 13 level3_3/ijon_max/13
[1;94m[*] [0mFuzzing test case #1090 (1511 total, 0 uniq crashes found)...[0m
[1;94m[*] [0mFuzzing test case #1091 (1511 total, 0 uniq crashes found)...[0m
scheduled max input!!!!
schedule: 3 level3_3/ijon_max/3
[1;94m[*] [0mFuzzing test case #1092 (1511 total, 0 uniq crashes found)...[0m
scheduled max input!!!!
schedule: 10 level3_3/ijon_max/10
[1;94m[*] [0mFuzzing test case #1093 (1511 total, 0 uniq crashes found)...[0m
scheduled max input!!!!
schedule: 7 level3_3/ijon_max/7
[1;94m[*] [0mFuzzing test case #1094 (1511 total, 0 uniq crashes found)...[0m
scheduled max input!!!!
schedule: 10 level3_3/ijon_max/10
[1;94m[*] [0mFuzzing test case #1095 (1511 total, 0 uniq crashes found)...[0m
[1;94m[*] [0mFuzzing test case #1096 (1511 total, 0 uniq crashes found)...[0m
scheduled max input!!!!
schedule: 11 level3_3/ijon_max/11
[1;94m[*] [0mFuzzing test case #1097 (1511 total, 0 uniq crashes found)...[0m
scheduled max input!!!!
schedule: 4 level3_3/ijon_max/4
[1;94m[*] [0mFuzzing test case #1098 (1511 total, 0 uniq crashes found)...[0m
scheduled max input!!!!
schedule: 5 level3_3/ijon_max/5
[1;94m[*] [0mFuzzing test case #1099 (1511 total, 0 uniq crashes found)...[0m
scheduled max input!!!!
schedule: 5 level3_3/ijon_max/5
[1;94m[*] [0mFuzzing test case #1100 (1511 total, 0 uniq crashes found)...[0m
scheduled max input!!!!
schedule: 14 level3_3/ijon_max/14
[1;94m[*] [0mFuzzing test case #1101 (1511 total, 0 uniq crashes found)...[0m
scheduled max input!!!!
schedule: 11 level3_3/ijon_max/11
updated maxmap 12: 6bb (len: 792)
[1;94m[*] [0mFuzzing test case #1102 (1511 total, 0 uniq crashes found)...[0m
scheduled max input!!!!
schedule: 7 level3_3/ijon_max/7
[1;94m[*] [0mFuzzing test case #1103 (1511 total, 0 uniq crashes found)...[0m
scheduled max input!!!!
schedule: 6 level3_3/ijon_max/6
[1;94m[*] [0mFuzzing test case #1104 (1511 total, 0 uniq crashes found)...[0m
[1;94m[*] [0mFuzzing test case #1105 (1511 total, 0 uniq crashes found)...[0m
scheduled max input!!!!
schedule: 2 level3_3/ijon_max/2
[1;94m[*] [0mFuzzing test case #1106 (1511 total, 0 uniq crashes found)...[0m
scheduled max input!!!!
schedule: 4 level3_3/ijon_max/4
updated maxmap 2: 626 (len: 779)
updated maxmap 3: 62d (len: 779)
updated maxmap 4: 637 (len: 779)
minimized maxmap 2: 626 (len: 773)
minimized maxmap 3: 62d (len: 773)
minimized maxmap 4: 637 (len: 773)
[1;94m[*] [0mFuzzing test case #1107 (1511 total, 0 uniq crashes found)...[0m
scheduled max input!!!!
schedule: 7 level3_3/ijon_max/7
[1;94m[*] [0mFuzzing test case #1108 (1511 total, 0 uniq crashes found)...[0m
[1;94m[*] [0mFuzzing test case #1109 (1511 total, 0 uniq crashes found)...[0m
scheduled max input!!!!
schedule: 11 level3_3/ijon_max/11
[1;94m[*] [0mFuzzing test case #1110 (1511 total, 0 uniq crashes found)...[0m
scheduled max input!!!!
schedule: 1 level3_3/ijon_max/1
[1;94m[*] [0mFuzzing test case #1111 (1511 total, 0 uniq crashes found)...[0m
scheduled max input!!!!
schedule: 11 level3_3/ijon_max/11
[1;94m[*] [0mFuzzing test case #1112 (1511 total, 0 uniq crashes found)...[0m
scheduled max input!!!!
schedule: 12 level3_3/ijon_max/12
[1;94m[*] [0mFuzzing test case #1113 (1511 total, 0 uniq crashes found)...[0m
scheduled max input!!!!
schedule: 7 level3_3/ijon_max/7
[1;94m[*] [0mFuzzing test case #1114 (1511 total, 0 uniq crashes found)...[0m
scheduled max input!!!!
schedule: 3 level3_3/ijon_max/3
[1;94m[*] [0mFuzzing test case #1115 (1511 total, 0 uniq crashes found)...[0m
scheduled max input!!!!
schedule: 1 level3_3/ijon_max/1
[1;94m[*] [0mFuzzing test case #1116 (1511 total, 0 uniq crashes found)...[0m
scheduled max input!!!!
schedule: 5 level3_3/ijon_max/5
[1;94m[*] [0mFuzzing test case #1117 (1511 total, 0 uniq crashes found)...[0m
scheduled max input!!!!
schedule: 7 level3_3/ijon_max/7
[1;94m[*] [0mFuzzing test case #1118 (1511 total, 0 uniq crashes found)...[0m
scheduled max input!!!!
schedule: 1 level3_3/ijon_max/1
[1;94m[*] [0mFuzzing test case #1119 (1511 total, 0 uniq crashes found)...[0m
scheduled max input!!!!
schedule: 2 level3_3/ijon_max/2
updated maxmap 3: 62e (len: 773)
updated maxmap 4: 638 (len: 773)
updated maxmap 2: 627 (len: 773)
[1;94m[*] [0mFuzzing test case #1120 (1511 total, 0 uniq crashes found)...[0m
scheduled max input!!!!
schedule: 6 level3_3/ijon_max/6
minimized maxmap 10: 6a8 (len: 784)
[1;94m[*] [0mFuzzing test case #1121 (1511 total, 0 uniq crashes found)...[0m
scheduled max input!!!!
schedule: 15 level3_3/ijon_max/15
[1;94m[*] [0mFuzzing test case #1122 (1511 total, 0 uniq crashes found)...[0m
scheduled max input!!!!
schedule: 4 level3_3/ijon_max/4
updated maxmap 2: 629 (len: 775)
updated maxmap 3: 633 (len: 775)
updated maxmap 4: 63d (len: 775)
minimized maxmap 2: 629 (len: 773)
minimized maxmap 3: 633 (len: 773)
minimized maxmap 4: 63d (len: 773)
[1;94m[*] [0mFuzzing test case #1123 (1511 total, 0 uniq crashes found)...[0m
scheduled max input!!!!
schedule: 11 level3_3/ijon_max/11
[1;94m[*] [0mFuzzing test case #1124 (1511 total, 0 uniq crashes found)...[0m
scheduled max input!!!!
schedule: 1 level3_3/ijon_max/1
[1;94m[*] [0mFuzzing test case #1125 (1511 total, 0 uniq crashes found)...[0m
scheduled max input!!!!
schedule: 10 level3_3/ijon_max/10
[1;94m[*] [0mFuzzing test case #1126 (1511 total, 0 uniq crashes found)...[0m
scheduled max input!!!!
schedule: 2 level3_3/ijon_max/2
[1;94m[*] [0mFuzzing test case #1127 (1511 total, 0 uniq crashes found)...[0m
scheduled max input!!!!
schedule: 11 level3_3/ijon_max/11
[1;94m[*] [0mFuzzing test case #1128 (1511 total, 0 uniq crashes found)...[0m
scheduled max input!!!!
schedule: 9 level3_3/ijon_max/9
[1;94m[*] [0mFuzzing test case #1129 (1511 total, 0 uniq crashes found)...[0m
scheduled max input!!!!
schedule: 4 level3_3/ijon_max/4
updated maxmap 2: 62a (len: 773)
updated maxmap 3: 634 (len: 773)
updated maxmap 4: 63e (len: 773)
[1;94m[*] [0mFuzzing test case #1130 (1511 total, 0 uniq crashes found)...[0m
scheduled max input!!!!
schedule: 1 level3_3/ijon_max/1
[1;94m[*] [0mFuzzing test case #1131 (1511 total, 0 uniq crashes found)...[0m
scheduled max input!!!!
schedule: 8 level3_3/ijon_max/8
[1;94m[*] [0mFuzzing test case #1132 (1511 total, 0 uniq crashes found)...[0m
scheduled max input!!!!
schedule: 1 level3_3/ijon_max/1
[1;94m[*] [0mFuzzing test case #1133 (1511 total, 0 uniq crashes found)...[0m
scheduled max input!!!!
schedule: 11 level3_3/ijon_max/11
[1;94m[*] [0mFuzzing test case #1134 (1511 total, 0 uniq crashes found)...[0m
[1;94m[*] [0mFuzzing test case #1135 (1511 total, 0 uniq crashes found)...[0m
scheduled max input!!!!
schedule: 1 level3_3/ijon_max/1
[1;94m[*] [0mFuzzing test case #1136 (1511 total, 0 uniq crashes found)...[0m
[1;94m[*] [0mFuzzing test case #1137 (1511 total, 0 uniq crashes found)...[0m
scheduled max input!!!!
schedule: 12 level3_3/ijon_max/12
updated maxmap 13: 6c5 (len: 798)
[1;94m[*] [0mFuzzing test case #1138 (1511 total, 0 uniq crashes found)...[0m
scheduled max input!!!!
schedule: 13 level3_3/ijon_max/13
[1;94m[*] [0mFuzzing test case #1139 (1511 total, 0 uniq crashes found)...[0m
scheduled max input!!!!
schedule: 12 level3_3/ijon_max/12
[1;94m[*] [0mFuzzing test case #1140 (1511 total, 0 uniq crashes found)...[0m
scheduled max input!!!!
schedule: 7 level3_3/ijon_max/7
[1;94m[*] [0mFuzzing test case #1141 (1511 total, 0 uniq crashes found)...[0m
scheduled max input!!!!
schedule: 6 level3_3/ijon_max/6
[1;94m[*] [0mFuzzing test case #1142 (1511 total, 0 uniq crashes found)...[0m
scheduled normal input!!!!
[1;94m[*] [0mFuzzing test case #1143 (1512 total, 0 uniq crashes found)...[0m
scheduled max input!!!!
schedule: 10 level3_3/ijon_max/10
[1;94m[*] [0mFuzzing test case #1144 (1512 total, 0 uniq crashes found)...[0m
scheduled max input!!!!
schedule: 0 level3_3/ijon_max/0
[1;94m[*] [0mFuzzing test case #1145 (1512 total, 0 uniq crashes found)...[0m
scheduled max input!!!!
schedule: 7 level3_3/ijon_max/7
[1;94m[*] [0mFuzzing test case #1146 (1512 total, 0 uniq crashes found)...[0m
scheduled max input!!!!
schedule: 5 level3_3/ijon_max/5
[1;94m[*] [0mFuzzing test case #1147 (1512 total, 0 uniq crashes found)...[0m
scheduled max input!!!!
schedule: 12 level3_3/ijon_max/12
[1;94m[*] [0mFuzzing test case #1148 (1512 total, 0 uniq crashes found)...[0m
scheduled max input!!!!
schedule: 13 level3_3/ijon_max/13
[1;94m[*] [0mFuzzing test case #1149 (1512 total, 0 uniq crashes found)...[0m
scheduled max input!!!!
schedule: 12 level3_3/ijon_max/12
[1;94m[*] [0mFuzzing test case #1150 (1512 total, 0 uniq crashes found)...[0m
[1;94m[*] [0mFuzzing test case #1151 (1512 total, 0 uniq crashes found)...[0m
scheduled max input!!!!
schedule: 0 level3_3/ijon_max/0
[1;94m[*] [0mFuzzing test case #1152 (1512 total, 0 uniq crashes found)...[0m
scheduled max input!!!!
schedule: 13 level3_3/ijon_max/13
updated maxmap 14: 6ce (len: 802)
updated maxmap 0: 6db (len: 805)
updated maxmap 14: 6cf (len: 805)
updated maxmap 15: 6d9 (len: 805)
[1;94m[*] [0mFuzzing test case #1153 (1512 total, 0 uniq crashes found)...[0m
scheduled max input!!!!
schedule: 13 level3_3/ijon_max/13
[1;94m[*] [0mFuzzing test case #1154 (1512 total, 0 uniq crashes found)...[0m
scheduled max input!!!!
schedule: 5 level3_3/ijon_max/5
[1;94m[*] [0mFuzzing test case #1155 (1512 total, 0 uniq crashes found)...[0m
scheduled max input!!!!
schedule: 8 level3_3/ijon_max/8
[1;94m[*] [0mFuzzing test case #1156 (1512 total, 0 uniq crashes found)...[0m
scheduled max input!!!!
schedule: 5 level3_3/ijon_max/5
[1;94m[*] [0mFuzzing test case #1157 (1512 total, 0 uniq crashes found)...[0m
[1;94m[*] [0mFuzzing test case #1158 (1512 total, 0 uniq crashes found)...[0m
scheduled max input!!!!
schedule: 0 level3_3/ijon_max/0
[1;94m[*] [0mFuzzing test case #1159 (1512 total, 0 uniq crashes found)...[0m
scheduled max input!!!!
schedule: 6 level3_3/ijon_max/6
[1;94m[*] [0mFuzzing test case #1160 (1512 total, 0 uniq crashes found)...[0m
scheduled max input!!!!
schedule: 3 level3_3/ijon_max/3
updated maxmap 2: 62f (len: 775)
updated maxmap 3: 639 (len: 775)
updated maxmap 4: 643 (len: 775)
minimized maxmap 2: 62f (len: 773)
minimized maxmap 3: 639 (len: 773)
minimized maxmap 4: 643 (len: 773)
[1;94m[*] [0mFuzzing test case #1161 (1512 total, 0 uniq crashes found)...[0m
scheduled max input!!!!
schedule: 13 level3_3/ijon_max/13
[1;94m[*] [0mFuzzing test case #1162 (1512 total, 0 uniq crashes found)...[0m
scheduled max input!!!!
schedule: 11 level3_3/ijon_max/11
[1;94m[*] [0mFuzzing test case #1163 (1512 total, 0 uniq crashes found)...[0m
[1;94m[*] [0mFuzzing test case #1164 (1512 total, 0 uniq crashes found)...[0m
scheduled max input!!!!
schedule: 4 level3_3/ijon_max/4
updated maxmap 2: 630 (len: 773)
updated maxmap 3: 63a (len: 773)
updated maxmap 4: 644 (len: 773)
[1;94m[*] [0mFuzzing test case #1165 (1512 total, 0 uniq crashes found)...[0m
scheduled max input!!!!
schedule: 8 level3_3/ijon_max/8
[1;94m[*] [0mFuzzing test case #1166 (1512 total, 0 uniq crashes found)...[0m
[1;94m[*] [0mFuzzing test case #1167 (1512 total, 0 uniq crashes found)...[0m
scheduled max input!!!!
schedule: 8 level3_3/ijon_max/8
minimized maxmap 11: 6b2 (len: 789)
[1;94m[*] [0mFuzzing test case #1168 (1512 total, 0 uniq crashes found)...[0m
[1;94m[*] [0mFuzzing test case #1169 (1512 total, 0 uniq crashes found)...[0m
scheduled max input!!!!
schedule: 15 level3_3/ijon_max/15
updated maxmap 0: 6dc (len: 808)
[1;94m[*] [0mFuzzing test case #1170 (1513 total, 0 uniq crashes found)...[0m
scheduled max input!!!!
schedule: 3 level3_3/ijon_max/3
[1;94m[*] [0mFuzzing test case #1171 (1513 total, 0 uniq crashes found)...[0m
scheduled max input!!!!
schedule: 5 level3_3/ijon_max/5
[1;94m[*] [0mFuzzing test case #1172 (1513 total, 0 uniq crashes found)...[0m
scheduled max input!!!!
schedule: 6 level3_3/ijon_max/6
[1;94m[*] [0mFuzzing test case #1173 (1513 total, 0 uniq crashes found)...[0m
scheduled max input!!!!
schedule: 10 level3_3/ijon_max/10
[1;94m[*] [0mFuzzing test case #1174 (1513 total, 0 uniq crashes found)...[0m
scheduled max input!!!!
schedule: 6 level3_3/ijon_max/6
[1;94m[*] [0mFuzzing test case #1175 (1513 total, 0 uniq crashes found)...[0m
scheduled max input!!!!
schedule: 9 level3_3/ijon_max/9
[1;94m[*] [0mFuzzing test case #1176 (1513 total, 0 uniq crashes found)...[0m
scheduled max input!!!!
schedule: 10 level3_3/ijon_max/10
[1;94m[*] [0mFuzzing test case #1177 (1513 total, 0 uniq crashes found)...[0m
scheduled max input!!!!
schedule: 5 level3_3/ijon_max/5
[1;94m[*] [0mFuzzing test case #1178 (1513 total, 0 uniq crashes found)...[0m
scheduled max input!!!!
schedule: 14 level3_3/ijon_max/14
[1;94m[*] [0mFuzzing test case #1179 (1513 total, 0 uniq crashes found)...[0m
scheduled max input!!!!
schedule: 15 level3_3/ijon_max/15
[1;94m[*] [0mFuzzing test case #1180 (1513 total, 0 uniq crashes found)...[0m
scheduled max input!!!!
schedule: 3 level3_3/ijon_max/3
[1;94m[*] [0mFuzzing test case #1181 (1513 total, 0 uniq crashes found)...[0m
scheduled max input!!!!
schedule: 5 level3_3/ijon_max/5
[1;94m[*] [0mFuzzing test case #1182 (1513 total, 0 uniq crashes found)...[0m
[1;94m[*] [0mFuzzing test case #1183 (1513 total, 0 uniq crashes found)...[0m
scheduled max input!!!!
schedule: 6 level3_3/ijon_max/6
[1;94m[*] [0mFuzzing test case #1184 (1513 total, 0 uniq crashes found)...[0m
scheduled max input!!!!
schedule: 4 level3_3/ijon_max/4
updated maxmap 2: 631 (len: 773)
updated maxmap 3: 63b (len: 773)
updated maxmap 4: 645 (len: 773)
[1;94m[*] [0mFuzzing test case #1185 (1513 total, 0 uniq crashes found)...[0m
scheduled max input!!!!
schedule: 2 level3_3/ijon_max/2
[1;94m[*] [0mFuzzing test case #1186 (1515 total, 0 uniq crashes found)...[0m
scheduled max input!!!!
schedule: 8 level3_3/ijon_max/8
[1;94m[*] [0mFuzzing test case #1187 (1515 total, 0 uniq crashes found)...[0m
scheduled max input!!!!
schedule: 2 level3_3/ijon_max/2
[1;94m[*] [0mFuzzing test case #1188 (1515 total, 0 uniq crashes found)...[0m
scheduled max input!!!!
schedule: 7 level3_3/ijon_max/7
[1;94m[*] [0mFuzzing test case #1189 (1515 total, 0 uniq crashes found)...[0m
scheduled max input!!!!
schedule: 12 level3_3/ijon_max/12
[1;94m[*] [0mFuzzing test case #1190 (1515 total, 0 uniq crashes found)...[0m
scheduled max input!!!!
schedule: 13 level3_3/ijon_max/13
[1;94m[*] [0mFuzzing test case #1191 (1515 total, 0 uniq crashes found)...[0m
scheduled max input!!!!
schedule: 12 level3_3/ijon_max/12
minimized maxmap 13: 6c5 (len: 797)
updated maxmap 12: 6bc (len: 792)
[1;94m[*] [0mFuzzing test case #1192 (1515 total, 0 uniq crashes found)...[0m
[1;94m[*] [0mFuzzing test case #1193 (1515 total, 0 uniq crashes found)...[0m
scheduled max input!!!!
schedule: 13 level3_3/ijon_max/13
[1;94m[*] [0mFuzzing test case #1194 (1515 total, 0 uniq crashes found)...[0m
scheduled max input!!!!
schedule: 13 level3_3/ijon_max/13
[1;94m[*] [0mFuzzing test case #1195 (1515 total, 0 uniq crashes found)...[0m
[1;94m[*] [0mFuzzing test case #1196 (1515 total, 0 uniq crashes found)...[0m
scheduled max input!!!!
schedule: 8 level3_3/ijon_max/8
[1;94m[*] [0mFuzzing test case #1197 (1515 total, 0 uniq crashes found)...[0m
scheduled max input!!!!
schedule: 11 level3_3/ijon_max/11
[1;94m[*] [0mFuzzing test case #1198 (1515 total, 0 uniq crashes found)...[0m
scheduled max input!!!!
schedule: 5 level3_3/ijon_max/5
updated maxmap 5: 670 (len: 790)
[1;94m[*] [0mFuzzing test case #1199 (1515 total, 0 uniq crashes found)...[0m
scheduled max input!!!!
schedule: 12 level3_3/ijon_max/12
[1;94m[*] [0mFuzzing test case #1200 (1515 total, 0 uniq crashes found)...[0m
scheduled max input!!!!
schedule: 9 level3_3/ijon_max/9
[1;94m[*] [0mFuzzing test case #1201 (1515 total, 0 uniq crashes found)...[0m
[1;94m[*] [0mFuzzing test case #1202 (1515 total, 0 uniq crashes found)...[0m
scheduled max input!!!!
schedule: 7 level3_3/ijon_max/7
[1;94m[*] [0mFuzzing test case #1203 (1516 total, 0 uniq crashes found)...[0m
[1;94m[*] [0mFuzzing test case #1204 (1516 total, 0 uniq crashes found)...[0m
scheduled max input!!!!
schedule: 7 level3_3/ijon_max/7
[1;94m[*] [0mFuzzing test case #1205 (1516 total, 0 uniq crashes found)...[0m
[1;94m[*] [0mFuzzing test case #1206 (1516 total, 0 uniq crashes found)...[0m
scheduled max input!!!!
schedule: 15 level3_3/ijon_max/15
[1;94m[*] [0mFuzzing test case #1207 (1516 total, 0 uniq crashes found)...[0m
[1;94m[*] [0mFuzzing test case #1208 (1516 total, 0 uniq crashes found)...[0m
scheduled max input!!!!
schedule: 13 level3_3/ijon_max/13
updated maxmap 13: 6c6 (len: 799)
[1;94m[*] [0mFuzzing test case #1209 (1516 total, 0 uniq crashes found)...[0m
scheduled max input!!!!
schedule: 0 level3_3/ijon_max/0
[1;94m[*] [0mFuzzing test case #1210 (1516 total, 0 uniq crashes found)...[0m
[1;94m[*] [0mFuzzing test case #1211 (1516 total, 0 uniq crashes found)...[0m
scheduled max input!!!!
schedule: 12 level3_3/ijon_max/12
[1;94m[*] [0mFuzzing test case #1212 (1516 total, 0 uniq crashes found)...[0m
scheduled max input!!!!
schedule: 15 level3_3/ijon_max/15
minimized maxmap 0: 6dc (len: 805)
[1;94m[*] [0mFuzzing test case #1213 (1517 total, 0 uniq crashes found)...[0m
[1;94m[*] [0mFuzzing test case #1214 (1517 total, 0 uniq crashes found)...[0m
scheduled max input!!!!
schedule: 15 level3_3/ijon_max/15
[1;94m[*] [0mFuzzing test case #1215 (1517 total, 0 uniq crashes found)...[0m
scheduled max input!!!!
schedule: 14 level3_3/ijon_max/14
[1;94m[*] [0mFuzzing test case #1216 (1517 total, 0 uniq crashes found)...[0m
scheduled max input!!!!
schedule: 0 level3_3/ijon_max/0
updated maxmap 14: 6d0 (len: 805)
updated maxmap 15: 6da (len: 805)
[1;94m[*] [0mFuzzing test case #1217 (1517 total, 0 uniq crashes found)...[0m
scheduled max input!!!!
schedule: 14 level3_3/ijon_max/14
[1;94m[*] [0mFuzzing test case #1218 (1517 total, 0 uniq crashes found)...[0m
scheduled max input!!!!
schedule: 0 level3_3/ijon_max/0
[1;94m[*] [0mFuzzing test case #1219 (1517 total, 0 uniq crashes found)...[0m
scheduled max input!!!!
schedule: 13 level3_3/ijon_max/13
[1;94m[*] [0mFuzzing test case #1220 (1517 total, 0 uniq crashes found)...[0m
scheduled max input!!!!
schedule: 11 level3_3/ijon_max/11
[1;94m[*] [0mFuzzing test case #1221 (1517 total, 0 uniq crashes found)...[0m
[1;94m[*] [0mFuzzing test case #1222 (1517 total, 0 uniq crashes found)...[0m
scheduled max input!!!!
schedule: 5 level3_3/ijon_max/5
[1;94m[*] [0mFuzzing test case #1223 (1517 total, 0 uniq crashes found)...[0m
scheduled max input!!!!
schedule: 1 level3_3/ijon_max/1
[1;94m[*] [0mFuzzing test case #1224 (1517 total, 0 uniq crashes found)...[0m
scheduled max input!!!!
schedule: 13 level3_3/ijon_max/13
[1;94m[*] [0mFuzzing test case #1225 (1517 total, 0 uniq crashes found)...[0m
scheduled max input!!!!
schedule: 10 level3_3/ijon_max/10
[1;94m[*] [0mFuzzing test case #1226 (1517 total, 0 uniq crashes found)...[0m
scheduled max input!!!!
schedule: 7 level3_3/ijon_max/7
[1;94m[*] [0mFuzzing test case #1227 (1517 total, 0 uniq crashes found)...[0m
scheduled max input!!!!
schedule: 15 level3_3/ijon_max/15
[1;94m[*] [0mFuzzing test case #1228 (1517 total, 0 uniq crashes found)...[0m
[1;94m[*] [0mFuzzing test case #1229 (1517 total, 0 uniq crashes found)...[0m
scheduled normal input!!!!
[?25h[1;91m

+++ Testing aborted by user +++
[0m
[1;93m[!] [0mStopped during the first cycle, results may be incomplete.
    (For info on resuming, see docs/README.)
[1;92m[+] [0mWe're done here. Have a nice day!
[0m
srun: error: ubuntu-test: task 0: Exited with exit code 124
