srun: error: NodeNames=ubuntu-test CPUs=90 match no Sockets, Sockets*CoresPerSocket or Sockets*CoresPerSocket*ThreadsPerCore. Resetting CPUs.
[0;36mafl-fuzz [1;97m2.51b-ijon[0m by <lcamtuf@google.com>
[1;92m[+] [0mLooks like we're not running on a tty, so I'll be a bit less verbose.[0m
[1;92m[+] [0mYou have 96 CPU cores and 79 runnable tasks (utilization: 82%).[0m
[1;92m[+] [0mTry parallel jobs - see docs/parallel_fuzzing.txt.[0m
[1;93m[!] [1;97mWARNING: [0mNot binding to a CPU core (AFL_NO_AFFINITY set).[0m
[1;94m[*] [0mChecking core_pattern...[0m
[1;94m[*] [0mSetting up output directories...[0m
importdir: level24_2/importsmax_dir: level24_2/ijon_max[1;94m[*] [0mScanning 'seeds'...[0m
[1;92m[+] [0mNo auto-generated dictionary tokens to reuse.[0m
[1;94m[*] [0mCreating hard links for all input files...[0m
[1;94m[*] [0mValidating target binary...[0m
[1;94m[*] [0mAttempting dry run with 'id:000000,orig:a'...[0m
[1;94m[*] [0mSpinning up the fork server...[0m
[1;92m[+] [0mAll right - fork server is up.[0m
[1;90m    len = 1, map size = 2479, exec speed = 17045 us
[0m[1;92m[+] [0mAll test cases processed.[0m

[1;93m[!] [1;97mWARNING: [0m[1;91mThe target binary is pretty slow! See docs/perf_tips.txt.[0m
[1;92m[+] [0mHere are some useful stats:

[1;90m    Test case count : [0m1 favored, 0 variable, 1 total
[1;90m       Bitmap range : [0m2479 to 2479 bits (average: 2479.00 bits)
[1;90m        Exec timing : [0m17.0k to 17.0k us (average: 17.0k us)
[0m
[1;92m[+] [0mAll set and ready to roll![0m
[1;94m[*] [0mEntering queue cycle 1.[0m
[1;94m[*] [0mFuzzing test case #0 (1 total, 0 uniq crashes found)...[0m
scheduled normal input!!!!
updated maxmap 11: 28 (len: 1)
updated maxmap 10: 28 (len: 31)
updated maxmap 9: 28 (len: 40)
updated maxmap 9: 2b (len: 47)
updated maxmap 10: 2b (len: 47)
updated maxmap 9: 2f (len: 67)
updated maxmap 10: 2d (len: 67)
updated maxmap 11: 2d (len: 67)
updated maxmap 10: 2e (len: 50)
updated maxmap 11: 30 (len: 50)
updated maxmap 8: 29 (len: 42)
updated maxmap 9: 3f (len: 71)
updated maxmap 10: 3b (len: 71)
updated maxmap 11: 36 (len: 71)
updated maxmap 8: 2a (len: 43)
updated maxmap 8: 32 (len: 76)
updated maxmap 10: 41 (len: 86)
updated maxmap 11: 47 (len: 86)
updated maxmap 9: 41 (len: 73)
updated maxmap 7: 2d (len: 49)
updated maxmap 9: 43 (len: 75)
updated maxmap 10: 47 (len: 75)
updated maxmap 8: 35 (len: 60)
updated maxmap 8: 37 (len: 68)
[1;94m[*] [0mFuzzing test case #1 (233 total, 0 uniq crashes found)...[0m
scheduled max input!!!!
schedule: 11 level24_2/ijon_max/11
updated maxmap 11: 4b (len: 86)
updated maxmap 9: 4a (len: 92)
updated maxmap 9: 58 (len: 112)
updated maxmap 10: 4e (len: 112)
updated maxmap 11: 50 (len: 86)
updated maxmap 9: 6a (len: 125)
updated maxmap 10: 70 (len: 125)
updated maxmap 11: 7b (len: 125)
updated maxmap 8: 4c (len: 93)
updated maxmap 9: 6f (len: 121)
updated maxmap 10: 75 (len: 121)
updated maxmap 9: 89 (len: 125)
updated maxmap 10: 8f (len: 125)
updated maxmap 9: 92 (len: 154)
updated maxmap 11: 87 (len: 154)
updated maxmap 8: 51 (len: 97)
updated maxmap 11: 8d (len: 134)
updated maxmap 8: 58 (len: 115)
updated maxmap 8: 5c (len: 125)
updated maxmap 7: 39 (len: 119)
updated maxmap 8: 70 (len: 133)
updated maxmap 10: 92 (len: 125)
updated maxmap 9: 9a (len: 139)
updated maxmap 10: 97 (len: 139)
updated maxmap 11: 91 (len: 139)
updated maxmap 9: ca (len: 162)
updated maxmap 10: bf (len: 162)
updated maxmap 11: b9 (len: 162)
updated maxmap 7: 85 (len: 113)
updated maxmap 8: 92 (len: 113)
updated maxmap 11: bc (len: 154)
[1;94m[*] [0mFuzzing test case #2 (387 total, 0 uniq crashes found)...[0m
scheduled max input!!!!
schedule: 7 level24_2/ijon_max/7
updated maxmap 7: 87 (len: 113)
updated maxmap 8: 93 (len: 113)
updated maxmap 7: 8f (len: 119)
updated maxmap 8: 97 (len: 147)
updated maxmap 7: 92 (len: 116)
updated maxmap 7: 94 (len: 113)
updated maxmap 7: 97 (len: 113)
updated maxmap 6: 9e (len: 113)
updated maxmap 11: c7 (len: 157)
updated maxmap 8: a6 (len: 143)
updated maxmap 8: ab (len: 146)
updated maxmap 6: a0 (len: 116)
updated maxmap 7: 99 (len: 116)
updated maxmap 8: ca (len: 151)
updated maxmap 9: cf (len: 151)
updated maxmap 7: 9b (len: 113)
updated maxmap 7: 9e (len: 113)
updated maxmap 7: a2 (len: 113)
updated maxmap 6: a6 (len: 115)
updated maxmap 7: a8 (len: 115)
updated maxmap 9: d1 (len: 180)
updated maxmap 10: df (len: 180)
updated maxmap 11: d9 (len: 180)
updated maxmap 6: b5 (len: 120)
updated maxmap 8: e9 (len: 177)
updated maxmap 9: e4 (len: 177)
updated maxmap 7: ad (len: 117)
updated maxmap 5: a0 (len: 119)
updated maxmap 9: e8 (len: 171)
updated maxmap 5: a9 (len: 121)
updated maxmap 10: e9 (len: 202)
updated maxmap 11: e7 (len: 202)
updated maxmap 9: e9 (len: 178)
updated maxmap 7: b2 (len: 119)
updated maxmap 5: b7 (len: 121)
updated maxmap 8: fc (len: 170)
updated maxmap 9: f5 (len: 170)
updated maxmap 10: ed (len: 170)
updated maxmap 9: 100 (len: 199)
updated maxmap 10: f1 (len: 199)
updated maxmap 11: eb (len: 199)
updated maxmap 7: b3 (len: 120)
[1;94m[*] [0mFuzzing test case #3 (511 total, 0 uniq crashes found)...[0m
scheduled max input!!!!
schedule: 6 level24_2/ijon_max/6
updated maxmap 6: b6 (len: 120)
updated maxmap 7: b6 (len: 120)
updated maxmap 6: b7 (len: 120)
updated maxmap 6: ca (len: 128)
updated maxmap 7: c3 (len: 128)
updated maxmap 5: c0 (len: 131)
updated maxmap 6: cd (len: 131)
updated maxmap 7: cf (len: 131)
updated maxmap 5: c3 (len: 127)
updated maxmap 11: ef (len: 189)
updated maxmap 11: f0 (len: 192)
updated maxmap 4: b3 (len: 120)
updated maxmap 11: f1 (len: 155)
updated maxmap 10: f2 (len: 192)
updated maxmap 9: 103 (len: 206)
updated maxmap 10: 102 (len: 206)
updated maxmap 11: fd (len: 206)
updated maxmap 7: d5 (len: 136)
[1;94m[*] [0mFuzzing test case #4 (552 total, 0 uniq crashes found)...[0m
scheduled max input!!!!
schedule: 5 level24_2/ijon_max/5
updated maxmap 6: d0 (len: 135)
updated maxmap 7: da (len: 135)
updated maxmap 5: c4 (len: 127)
updated maxmap 5: c5 (len: 127)
updated maxmap 4: c7 (len: 127)
updated maxmap 5: c6 (len: 127)
updated maxmap 6: d2 (len: 132)
updated maxmap 5: d2 (len: 135)
updated maxmap 6: d9 (len: 135)
updated maxmap 4: c8 (len: 128)
updated maxmap 4: d8 (len: 135)
updated maxmap 9: 117 (len: 165)
updated maxmap 9: 11e (len: 158)
updated maxmap 10: 105 (len: 158)
updated maxmap 11: ff (len: 158)
updated maxmap 3: d7 (len: 134)
updated maxmap 8: 10b (len: 163)
updated maxmap 8: 113 (len: 207)
updated maxmap 5: df (len: 138)
[1;94m[*] [0mFuzzing test case #5 (589 total, 0 uniq crashes found)...[0m
scheduled max input!!!!
schedule: 4 level24_2/ijon_max/4
updated maxmap 4: db (len: 136)
updated maxmap 4: df (len: 139)
updated maxmap 4: e4 (len: 140)
updated maxmap 7: df (len: 142)
updated maxmap 5: e9 (len: 142)
updated maxmap 4: eb (len: 143)
updated maxmap 3: e1 (len: 143)
updated maxmap 2: d8 (len: 143)
updated maxmap 3: e5 (len: 143)
updated maxmap 4: ec (len: 143)
updated maxmap 2: da (len: 136)
updated maxmap 6: dd (len: 141)
updated maxmap 7: e4 (len: 141)
updated maxmap 7: ff (len: 169)
updated maxmap 9: 121 (len: 186)
updated maxmap 10: 121 (len: 186)
updated maxmap 11: 11c (len: 186)
updated maxmap 6: e0 (len: 143)
updated maxmap 2: df (len: 138)
updated maxmap 6: e9 (len: 142)
updated maxmap 2: e0 (len: 141)
updated maxmap 2: e5 (len: 140)
updated maxmap 11: 121 (len: 178)
[1;94m[*] [0mFuzzing test case #6 (630 total, 0 uniq crashes found)...[0m
[1;94m[*] [0mFuzzing test case #7 (630 total, 0 uniq crashes found)...[0m
scheduled max input!!!!
schedule: 2 level24_2/ijon_max/2
[1;94m[*] [0mFuzzing test case #8 (630 total, 0 uniq crashes found)...[0m
scheduled max input!!!!
schedule: 4 level24_2/ijon_max/4
updated maxmap 3: ea (len: 143)
updated maxmap 4: ed (len: 143)
updated maxmap 5: ee (len: 143)
updated maxmap 4: ef (len: 143)
updated maxmap 6: f0 (len: 145)
updated maxmap 4: f1 (len: 146)
updated maxmap 5: f6 (len: 146)
updated maxmap 2: f4 (len: 151)
updated maxmap 3: fb (len: 151)
updated maxmap 4: 102 (len: 151)
updated maxmap 2: f8 (len: 148)
updated maxmap 9: 122 (len: 219)
updated maxmap 1: f4 (len: 149)
updated maxmap 2: fe (len: 149)
updated maxmap 6: f6 (len: 146)
updated maxmap 5: 102 (len: 151)
updated maxmap 6: fc (len: 150)
updated maxmap 2: ff (len: 150)
[1;94m[*] [0mFuzzing test case #9 (664 total, 0 uniq crashes found)...[0m
scheduled max input!!!!
schedule: 1 level24_2/ijon_max/1
updated maxmap 3: 109 (len: 155)
updated maxmap 4: 10c (len: 155)
updated maxmap 6: fd (len: 149)
updated maxmap 5: 10e (len: 157)
updated maxmap 6: 111 (len: 157)
updated maxmap 4: 10e (len: 156)
updated maxmap 1: fe (len: 160)
updated maxmap 2: 109 (len: 160)
updated maxmap 3: 113 (len: 160)
updated maxmap 1: 102 (len: 153)
updated maxmap 7: 10c (len: 157)
updated maxmap 8: 119 (len: 210)
updated maxmap 6: 127 (len: 187)
updated maxmap 7: 12e (len: 187)
updated maxmap 2: 10c (len: 157)
updated maxmap 8: 121 (len: 251)
updated maxmap 1: 10d (len: 157)
updated maxmap 1: 10f (len: 157)
updated maxmap 1: 117 (len: 161)
updated maxmap 2: 11a (len: 161)
updated maxmap 5: 10f (len: 157)
[1;94m[*] [0mFuzzing test case #10 (691 total, 0 uniq crashes found)...[0m
scheduled max input!!!!
schedule: 4 level24_2/ijon_max/4
[1;94m[*] [0mFuzzing test case #11 (692 total, 0 uniq crashes found)...[0m
scheduled max input!!!!
schedule: 8 level24_2/ijon_max/8
updated maxmap 8: 122 (len: 258)
updated maxmap 10: 122 (len: 263)
updated maxmap 11: 122 (len: 266)
updated maxmap 8: 123 (len: 262)
updated maxmap 9: 123 (len: 272)
updated maxmap 10: 123 (len: 272)
updated maxmap 11: 123 (len: 251)
updated maxmap 9: 124 (len: 272)
updated maxmap 8: 124 (len: 251)
updated maxmap 10: 124 (len: 290)
updated maxmap 8: 126 (len: 251)
updated maxmap 9: 125 (len: 251)
[1;94m[*] [0mFuzzing test case #12 (784 total, 0 uniq crashes found)...[0m
scheduled max input!!!!
schedule: 10 level24_2/ijon_max/10
updated maxmap 5: 145 (len: 299)
updated maxmap 6: 14d (len: 299)
updated maxmap 7: 151 (len: 299)
updated maxmap 8: 157 (len: 299)
updated maxmap 9: 178 (len: 299)
updated maxmap 10: 180 (len: 299)
updated maxmap 11: 181 (len: 299)
updated maxmap 5: 162 (len: 290)
updated maxmap 6: 168 (len: 290)
updated maxmap 7: 16a (len: 290)
updated maxmap 5: 165 (len: 290)
updated maxmap 6: 16b (len: 290)
updated maxmap 7: 170 (len: 290)
updated maxmap 8: 15a (len: 293)
updated maxmap 9: 17b (len: 293)
updated maxmap 8: 165 (len: 297)
updated maxmap 5: 169 (len: 290)
updated maxmap 6: 16f (len: 290)
updated maxmap 7: 174 (len: 290)
updated maxmap 4: 153 (len: 290)
updated maxmap 8: 177 (len: 290)
updated maxmap 8: 179 (len: 298)
updated maxmap 9: 17d (len: 298)
updated maxmap 8: 17f (len: 290)
updated maxmap 4: 168 (len: 290)
updated maxmap 5: 174 (len: 290)
updated maxmap 6: 17e (len: 290)
updated maxmap 7: 188 (len: 290)
updated maxmap 8: 192 (len: 290)
updated maxmap 9: 19c (len: 290)
updated maxmap 10: 1a1 (len: 290)
updated maxmap 10: 1a5 (len: 297)
updated maxmap 11: 1b1 (len: 297)
[1;94m[*] [0mFuzzing test case #13 (848 total, 0 uniq crashes found)...[0m
[1;94m[*] [0mFuzzing test case #14 (848 total, 0 uniq crashes found)...[0m
scheduled max input!!!!
schedule: 11 level24_2/ijon_max/11
updated maxmap 11: 1b2 (len: 300)
updated maxmap 8: 1b1 (len: 301)
updated maxmap 9: 1b2 (len: 301)
updated maxmap 10: 1ae (len: 301)
updated maxmap 8: 1b2 (len: 308)
updated maxmap 9: 1b3 (len: 308)
updated maxmap 10: 1af (len: 297)
updated maxmap 10: 1b0 (len: 297)
updated maxmap 10: 1b1 (len: 300)
[1;94m[*] [0mFuzzing test case #15 (894 total, 0 uniq crashes found)...[0m
scheduled max input!!!!
schedule: 1 level24_2/ijon_max/1
updated maxmap 2: 124 (len: 165)
updated maxmap 3: 11a (len: 161)
updated maxmap 1: 118 (len: 162)
[1;94m[*] [0mFuzzing test case #16 (894 total, 0 uniq crashes found)...[0m
scheduled max input!!!!
schedule: 9 level24_2/ijon_max/9
updated maxmap 4: 169 (len: 308)
updated maxmap 10: 1b2 (len: 308)
updated maxmap 8: 1b3 (len: 308)
updated maxmap 11: 1b3 (len: 308)
updated maxmap 4: 16e (len: 308)
updated maxmap 5: 178 (len: 308)
updated maxmap 6: 182 (len: 308)
updated maxmap 7: 18c (len: 308)
updated maxmap 7: 1b1 (len: 317)
[1;94m[*] [0mFuzzing test case #17 (915 total, 0 uniq crashes found)...[0m
scheduled max input!!!!
schedule: 7 level24_2/ijon_max/7
updated maxmap 3: 161 (len: 323)
updated maxmap 1: 19d (len: 317)
updated maxmap 2: 1a3 (len: 317)
updated maxmap 3: 1a9 (len: 317)
updated maxmap 4: 1af (len: 317)
updated maxmap 5: 1d9 (len: 317)
updated maxmap 6: 1da (len: 317)
updated maxmap 7: 1bc (len: 317)
updated maxmap 1: 1a5 (len: 317)
updated maxmap 2: 1af (len: 317)
updated maxmap 3: 1b9 (len: 317)
updated maxmap 4: 1c3 (len: 317)
updated maxmap 5: 1f1 (len: 317)
updated maxmap 6: 1f1 (len: 317)
updated maxmap 7: 1f1 (len: 317)
updated maxmap 8: 1f1 (len: 317)
updated maxmap 5: 1f2 (len: 317)
updated maxmap 1: 1a6 (len: 318)
updated maxmap 2: 1f7 (len: 318)
updated maxmap 3: 1f3 (len: 318)
updated maxmap 4: 1f1 (len: 318)
updated maxmap 5: 1f3 (len: 318)
updated maxmap 1: 1b2 (len: 317)
updated maxmap 1: 1b4 (len: 317)
updated maxmap 8: 1f5 (len: 323)
updated maxmap 9: 1fe (len: 323)
updated maxmap 10: 208 (len: 323)
updated maxmap 11: 21c (len: 323)
updated maxmap 8: 1f7 (len: 317)
updated maxmap 9: 200 (len: 317)
updated maxmap 10: 20a (len: 317)
updated maxmap 0: 191 (len: 317)
updated maxmap 7: 1f2 (len: 317)
updated maxmap 11: 220 (len: 323)
updated maxmap 0: 19b (len: 317)
updated maxmap 3: 1f6 (len: 322)
updated maxmap 4: 1f9 (len: 322)
updated maxmap 8: 1f8 (len: 318)
updated maxmap 9: 201 (len: 318)
updated maxmap 10: 20b (len: 318)
updated maxmap 11: 221 (len: 324)
updated maxmap 1: 1b5 (len: 317)
updated maxmap 1: 1f7 (len: 326)
updated maxmap 1: 1f9 (len: 317)
[1;94m[*] [0mFuzzing test case #18 (955 total, 0 uniq crashes found)...[0m
scheduled max input!!!!
schedule: 1 level24_2/ijon_max/1
updated maxmap 0: 1ac (len: 322)
updated maxmap 8: 1fc (len: 322)
updated maxmap 9: 205 (len: 322)
updated maxmap 10: 20f (len: 322)
updated maxmap 2: 1f9 (len: 317)
updated maxmap 9: 216 (len: 317)
updated maxmap 10: 214 (len: 317)
updated maxmap 7: 1f5 (len: 325)
updated maxmap 8: 1fe (len: 325)
updated maxmap 0: 204 (len: 324)
updated maxmap 1: 1fd (len: 324)
updated maxmap 3: 1fa (len: 322)
updated maxmap 4: 1fe (len: 322)
updated maxmap 1: 1fe (len: 325)
updated maxmap 3: 1fc (len: 322)
updated maxmap 3: 1fd (len: 317)
updated maxmap 6: 1f2 (len: 317)
[1;94m[*] [0mFuzzing test case #19 (985 total, 0 uniq crashes found)...[0m
scheduled max input!!!!
schedule: 9 level24_2/ijon_max/9
updated maxmap 9: 217 (len: 317)
[1;94m[*] [0mFuzzing test case #20 (985 total, 0 uniq crashes found)...[0m
scheduled max input!!!!
schedule: 9 level24_2/ijon_max/9
updated maxmap 9: 21d (len: 331)
updated maxmap 10: 21a (len: 331)
[1;94m[*] [0mFuzzing test case #21 (993 total, 0 uniq crashes found)...[0m
scheduled max input!!!!
schedule: 5 level24_2/ijon_max/5
updated maxmap 9: 220 (len: 329)
updated maxmap 10: 220 (len: 329)
updated maxmap 7: 228 (len: 324)
updated maxmap 8: 220 (len: 324)
updated maxmap 1: 1ff (len: 324)
[1;94m[*] [0mFuzzing test case #22 (1005 total, 0 uniq crashes found)...[0m
scheduled max input!!!!
schedule: 7 level24_2/ijon_max/7
updated maxmap 9: 222 (len: 329)
[1;94m[*] [0mFuzzing test case #23 (1005 total, 0 uniq crashes found)...[0m
scheduled max input!!!!
schedule: 0 level24_2/ijon_max/0
updated maxmap 1: 201 (len: 324)
updated maxmap 2: 1fe (len: 324)
updated maxmap 3: 201 (len: 324)
[1;94m[*] [0mFuzzing test case #24 (1006 total, 0 uniq crashes found)...[0m
scheduled max input!!!!
schedule: 7 level24_2/ijon_max/7
updated maxmap 8: 221 (len: 324)
updated maxmap 7: 230 (len: 328)
updated maxmap 8: 228 (len: 328)
updated maxmap 9: 22d (len: 329)
updated maxmap 8: 22d (len: 327)
updated maxmap 8: 232 (len: 329)
updated maxmap 9: 22f (len: 329)
updated maxmap 6: 23b (len: 336)
updated maxmap 7: 236 (len: 336)
updated maxmap 7: 23d (len: 337)
[1;94m[*] [0mFuzzing test case #25 (1022 total, 0 uniq crashes found)...[0m
scheduled max input!!!!
schedule: 11 level24_2/ijon_max/11
updated maxmap 10: 221 (len: 324)
[1;94m[*] [0mFuzzing test case #26 (1034 total, 0 uniq crashes found)...[0m
scheduled max input!!!!
schedule: 6 level24_2/ijon_max/6
updated maxmap 6: 23c (len: 336)
updated maxmap 6: 23d (len: 338)
[1;94m[*] [0mFuzzing test case #27 (1034 total, 0 uniq crashes found)...[0m
scheduled max input!!!!
schedule: 0 level24_2/ijon_max/0
updated maxmap 1: 203 (len: 324)
[1;94m[*] [0mFuzzing test case #28 (1034 total, 0 uniq crashes found)...[0m
scheduled max input!!!!
schedule: 0 level24_2/ijon_max/0
updated maxmap 2: 203 (len: 324)
updated maxmap 1: 204 (len: 332)
updated maxmap 2: 20a (len: 332)
updated maxmap 3: 20f (len: 332)
[1;94m[*] [0mFuzzing test case #29 (1036 total, 0 uniq crashes found)...[0m
scheduled max input!!!!
schedule: 9 level24_2/ijon_max/9
updated maxmap 7: 243 (len: 336)
updated maxmap 9: 230 (len: 329)
updated maxmap 6: 23e (len: 334)
updated maxmap 6: 23f (len: 334)
updated maxmap 8: 23a (len: 334)
updated maxmap 7: 244 (len: 336)
[1;94m[*] [0mFuzzing test case #30 (1041 total, 0 uniq crashes found)...[0m
scheduled max input!!!!
schedule: 9 level24_2/ijon_max/9
updated maxmap 7: 247 (len: 337)
[1;94m[*] [0mFuzzing test case #31 (1041 total, 0 uniq crashes found)...[0m
[1;94m[*] [0mFuzzing test case #32 (1041 total, 0 uniq crashes found)...[0m
scheduled max input!!!!
schedule: 2 level24_2/ijon_max/2
updated maxmap 1: 205 (len: 332)
updated maxmap 2: 20b (len: 332)
updated maxmap 3: 211 (len: 336)
updated maxmap 4: 216 (len: 336)
[1;94m[*] [0mFuzzing test case #33 (1041 total, 0 uniq crashes found)...[0m
scheduled normal input!!!!
[1;94m[*] [0mFuzzing test case #34 (1041 total, 0 uniq crashes found)...[0m
[1;94m[*] [0mFuzzing test case #35 (1041 total, 0 uniq crashes found)...[0m
scheduled max input!!!!
schedule: 10 level24_2/ijon_max/10
[1;94m[*] [0mFuzzing test case #36 (1041 total, 0 uniq crashes found)...[0m
scheduled max input!!!!
schedule: 4 level24_2/ijon_max/4
updated maxmap 1: 206 (len: 336)
updated maxmap 2: 20c (len: 336)
updated maxmap 3: 212 (len: 336)
[1;94m[*] [0mFuzzing test case #37 (1041 total, 0 uniq crashes found)...[0m
scheduled max input!!!!
schedule: 2 level24_2/ijon_max/2
[1;94m[*] [0mFuzzing test case #38 (1042 total, 0 uniq crashes found)...[0m
scheduled max input!!!!
schedule: 2 level24_2/ijon_max/2
[1;94m[*] [0mFuzzing test case #39 (1043 total, 0 uniq crashes found)...[0m
scheduled max input!!!!
schedule: 10 level24_2/ijon_max/10
[1;94m[*] [0mFuzzing test case #40 (1043 total, 0 uniq crashes found)...[0m
scheduled max input!!!!
schedule: 10 level24_2/ijon_max/10
[1;94m[*] [0mFuzzing test case #41 (1043 total, 0 uniq crashes found)...[0m
scheduled max input!!!!
schedule: 11 level24_2/ijon_max/11
[1;94m[*] [0mFuzzing test case #42 (1043 total, 0 uniq crashes found)...[0m
scheduled max input!!!!
schedule: 5 level24_2/ijon_max/5
[1;94m[*] [0mFuzzing test case #43 (1043 total, 0 uniq crashes found)...[0m
[1;94m[*] [0mFuzzing test case #44 (1043 total, 0 uniq crashes found)...[0m
scheduled max input!!!!
schedule: 1 level24_2/ijon_max/1
updated maxmap 1: 207 (len: 336)
updated maxmap 2: 20d (len: 336)
updated maxmap 3: 213 (len: 336)
[1;94m[*] [0mFuzzing test case #45 (1043 total, 0 uniq crashes found)...[0m
scheduled max input!!!!
schedule: 6 level24_2/ijon_max/6
updated maxmap 6: 240 (len: 334)
[1;94m[*] [0mFuzzing test case #46 (1044 total, 0 uniq crashes found)...[0m
[1;94m[*] [0mFuzzing test case #47 (1044 total, 0 uniq crashes found)...[0m
scheduled max input!!!!
schedule: 0 level24_2/ijon_max/0
[1;94m[*] [0mFuzzing test case #48 (1045 total, 0 uniq crashes found)...[0m
[1;94m[*] [0mFuzzing test case #49 (1045 total, 0 uniq crashes found)...[0m
scheduled max input!!!!
schedule: 8 level24_2/ijon_max/8
updated maxmap 8: 23d (len: 335)
[1;94m[*] [0mFuzzing test case #50 (1045 total, 0 uniq crashes found)...[0m
scheduled max input!!!!
schedule: 9 level24_2/ijon_max/9
[1;94m[*] [0mFuzzing test case #51 (1045 total, 0 uniq crashes found)...[0m
scheduled max input!!!!
schedule: 0 level24_2/ijon_max/0
[1;94m[*] [0mFuzzing test case #52 (1045 total, 0 uniq crashes found)...[0m
scheduled max input!!!!
schedule: 0 level24_2/ijon_max/0
[1;94m[*] [0mFuzzing test case #53 (1045 total, 0 uniq crashes found)...[0m
[1;94m[*] [0mFuzzing test case #54 (1045 total, 0 uniq crashes found)...[0m
[1;94m[*] [0mFuzzing test case #55 (1045 total, 0 uniq crashes found)...[0m
scheduled max input!!!!
schedule: 2 level24_2/ijon_max/2
[1;94m[*] [0mFuzzing test case #56 (1045 total, 0 uniq crashes found)...[0m
scheduled max input!!!!
schedule: 3 level24_2/ijon_max/3
[1;94m[*] [0mFuzzing test case #57 (1045 total, 0 uniq crashes found)...[0m
scheduled max input!!!!
schedule: 8 level24_2/ijon_max/8
updated maxmap 8: 23e (len: 335)
updated maxmap 8: 23f (len: 335)
[1;94m[*] [0mFuzzing test case #58 (1045 total, 0 uniq crashes found)...[0m
scheduled max input!!!!
schedule: 9 level24_2/ijon_max/9
[1;94m[*] [0mFuzzing test case #59 (1045 total, 0 uniq crashes found)...[0m
scheduled max input!!!!
schedule: 6 level24_2/ijon_max/6
updated maxmap 7: 24f (len: 340)
updated maxmap 6: 241 (len: 334)
updated maxmap 6: 252 (len: 341)
updated maxmap 5: 1f4 (len: 335)
updated maxmap 7: 250 (len: 340)
updated maxmap 7: 253 (len: 342)
updated maxmap 8: 255 (len: 342)
[1;94m[*] [0mFuzzing test case #60 (1048 total, 0 uniq crashes found)...[0m
scheduled max input!!!!
schedule: 9 level24_2/ijon_max/9
updated maxmap 1: 208 (len: 335)
[1;94m[*] [0mFuzzing test case #61 (1050 total, 0 uniq crashes found)...[0m
scheduled max input!!!!
schedule: 6 level24_2/ijon_max/6
[1;94m[*] [0mFuzzing test case #62 (1050 total, 0 uniq crashes found)...[0m
scheduled max input!!!!
schedule: 7 level24_2/ijon_max/7
[1;94m[*] [0mFuzzing test case #63 (1050 total, 0 uniq crashes found)...[0m
scheduled max input!!!!
schedule: 11 level24_2/ijon_max/11
[1;94m[*] [0mFuzzing test case #64 (1050 total, 0 uniq crashes found)...[0m
scheduled max input!!!!
schedule: 1 level24_2/ijon_max/1
[1;94m[*] [0mFuzzing test case #65 (1050 total, 0 uniq crashes found)...[0m
scheduled max input!!!!
schedule: 6 level24_2/ijon_max/6
[1;94m[*] [0mFuzzing test case #66 (1050 total, 0 uniq crashes found)...[0m
scheduled max input!!!!
schedule: 8 level24_2/ijon_max/8
updated maxmap 8: 268 (len: 350)
updated maxmap 9: 261 (len: 350)
updated maxmap 9: 263 (len: 349)
updated maxmap 10: 225 (len: 343)
updated maxmap 7: 266 (len: 350)
[1;94m[*] [0mFuzzing test case #67 (1062 total, 0 uniq crashes found)...[0m
[1;94m[*] [0mFuzzing test case #68 (1062 total, 0 uniq crashes found)...[0m
scheduled max input!!!!
schedule: 10 level24_2/ijon_max/10
[1;94m[*] [0mFuzzing test case #69 (1063 total, 0 uniq crashes found)...[0m
scheduled normal input!!!!
[1;94m[*] [0mFuzzing test case #70 (1063 total, 0 uniq crashes found)...[0m
scheduled max input!!!!
schedule: 0 level24_2/ijon_max/0
[1;94m[*] [0mFuzzing test case #71 (1063 total, 0 uniq crashes found)...[0m
scheduled max input!!!!
schedule: 8 level24_2/ijon_max/8
updated maxmap 8: 26c (len: 352)
updated maxmap 9: 266 (len: 352)
updated maxmap 7: 27a (len: 358)
updated maxmap 8: 271 (len: 358)
updated maxmap 9: 26a (len: 358)
updated maxmap 9: 26e (len: 353)
[1;94m[*] [0mFuzzing test case #72 (1080 total, 0 uniq crashes found)...[0m
scheduled max input!!!!
schedule: 7 level24_2/ijon_max/7
updated maxmap 7: 27d (len: 358)
updated maxmap 7: 27f (len: 359)
updated maxmap 8: 287 (len: 366)
updated maxmap 9: 289 (len: 366)
updated maxmap 7: 282 (len: 360)
updated maxmap 7: 286 (len: 365)
updated maxmap 8: 28e (len: 365)
updated maxmap 6: 27b (len: 358)
updated maxmap 6: 284 (len: 365)
updated maxmap 7: 289 (len: 365)
updated maxmap 6: 285 (len: 366)
updated maxmap 7: 28d (len: 366)
updated maxmap 10: 282 (len: 362)
updated maxmap 5: 28c (len: 366)
updated maxmap 6: 28f (len: 366)
updated maxmap 11: 288 (len: 364)
updated maxmap 10: 28d (len: 376)
[1;94m[*] [0mFuzzing test case #73 (1093 total, 0 uniq crashes found)...[0m
[1;94m[*] [0mFuzzing test case #74 (1093 total, 0 uniq crashes found)...[0m
scheduled max input!!!!
schedule: 5 level24_2/ijon_max/5
updated maxmap 5: 28f (len: 366)
updated maxmap 6: 29b (len: 374)
updated maxmap 7: 2a3 (len: 374)
updated maxmap 5: 291 (len: 366)
updated maxmap 8: 293 (len: 366)
updated maxmap 5: 292 (len: 366)
updated maxmap 9: 2a3 (len: 374)
updated maxmap 10: 28f (len: 374)
updated maxmap 10: 290 (len: 373)
updated maxmap 5: 293 (len: 366)
updated maxmap 11: 289 (len: 368)
updated maxmap 5: 29d (len: 371)
updated maxmap 10: 292 (len: 370)
updated maxmap 11: 28b (len: 370)
updated maxmap 10: 293 (len: 370)
updated maxmap 5: 29f (len: 373)
updated maxmap 6: 2a2 (len: 373)
updated maxmap 8: 29e (len: 374)
updated maxmap 4: 29d (len: 371)
[1;94m[*] [0mFuzzing test case #75 (1107 total, 0 uniq crashes found)...[0m
scheduled max input!!!!
schedule: 4 level24_2/ijon_max/4
updated maxmap 4: 29e (len: 371)
updated maxmap 4: 29f (len: 371)
updated maxmap 8: 2a5 (len: 383)
updated maxmap 9: 2b1 (len: 383)
updated maxmap 10: 2bb (len: 383)
updated maxmap 11: 2be (len: 383)
updated maxmap 5: 2a4 (len: 374)
updated maxmap 6: 2a6 (len: 374)
updated maxmap 4: 2a4 (len: 378)
updated maxmap 5: 2b0 (len: 378)
updated maxmap 8: 2aa (len: 377)
updated maxmap 7: 2a4 (len: 379)
updated maxmap 8: 2ae (len: 379)
updated maxmap 6: 2a7 (len: 376)
[1;94m[*] [0mFuzzing test case #76 (1122 total, 0 uniq crashes found)...[0m
[1;94m[*] [0mFuzzing test case #77 (1122 total, 0 uniq crashes found)...[0m
[1;94m[*] [0mFuzzing test case #78 (1122 total, 0 uniq crashes found)...[0m
scheduled max input!!!!
schedule: 1 level24_2/ijon_max/1
[1;94m[*] [0mFuzzing test case #79 (1122 total, 0 uniq crashes found)...[0m
scheduled max input!!!!
schedule: 11 level24_2/ijon_max/11
updated maxmap 8: 2b2 (len: 383)
updated maxmap 8: 2b3 (len: 383)
updated maxmap 9: 2b2 (len: 383)
updated maxmap 10: 2bc (len: 383)
updated maxmap 9: 2cd (len: 389)
updated maxmap 10: 2c8 (len: 389)
updated maxmap 11: 2c0 (len: 389)
updated maxmap 11: 2c8 (len: 388)
updated maxmap 8: 2b4 (len: 383)
updated maxmap 8: 2b9 (len: 387)
updated maxmap 11: 2ca (len: 389)
updated maxmap 11: 2ce (len: 391)
updated maxmap 10: 2cd (len: 391)
updated maxmap 7: 2b0 (len: 387)
updated maxmap 8: 2ba (len: 387)
updated maxmap 10: 2ce (len: 390)
updated maxmap 10: 2cf (len: 390)
[1;94m[*] [0mFuzzing test case #80 (1144 total, 0 uniq crashes found)...[0m
scheduled max input!!!!
schedule: 8 level24_2/ijon_max/8
updated maxmap 8: 2d0 (len: 395)
[1;94m[*] [0mFuzzing test case #81 (1145 total, 0 uniq crashes found)...[0m
[1;94m[*] [0mFuzzing test case #82 (1145 total, 0 uniq crashes found)...[0m
scheduled max input!!!!
schedule: 4 level24_2/ijon_max/4
[1;94m[*] [0mFuzzing test case #83 (1145 total, 0 uniq crashes found)...[0m
scheduled max input!!!!
schedule: 5 level24_2/ijon_max/5
updated maxmap 5: 2b1 (len: 378)
[1;94m[*] [0mFuzzing test case #84 (1145 total, 0 uniq crashes found)...[0m
scheduled max input!!!!
schedule: 6 level24_2/ijon_max/6
updated maxmap 6: 2aa (len: 379)
[1;94m[*] [0mFuzzing test case #85 (1145 total, 0 uniq crashes found)...[0m
scheduled max input!!!!
schedule: 11 level24_2/ijon_max/11
updated maxmap 11: 2d0 (len: 391)
updated maxmap 9: 2d1 (len: 394)
updated maxmap 10: 2d2 (len: 394)
updated maxmap 8: 2d1 (len: 396)
[1;94m[*] [0mFuzzing test case #86 (1146 total, 0 uniq crashes found)...[0m
scheduled max input!!!!
schedule: 10 level24_2/ijon_max/10
[1;94m[*] [0mFuzzing test case #87 (1146 total, 0 uniq crashes found)...[0m
scheduled max input!!!!
schedule: 2 level24_2/ijon_max/2
[1;94m[*] [0mFuzzing test case #88 (1146 total, 0 uniq crashes found)...[0m
scheduled max input!!!!
schedule: 11 level24_2/ijon_max/11
[1;94m[*] [0mFuzzing test case #89 (1146 total, 0 uniq crashes found)...[0m
scheduled max input!!!!
schedule: 9 level24_2/ijon_max/9
updated maxmap 9: 2d2 (len: 394)
updated maxmap 8: 2d3 (len: 402)
[1;94m[*] [0mFuzzing test case #90 (1147 total, 0 uniq crashes found)...[0m
scheduled max input!!!!
schedule: 4 level24_2/ijon_max/4
updated maxmap 7: 2b1 (len: 378)
[1;94m[*] [0mFuzzing test case #91 (1147 total, 0 uniq crashes found)...[0m
scheduled max input!!!!
schedule: 2 level24_2/ijon_max/2
[1;94m[*] [0mFuzzing test case #92 (1147 total, 0 uniq crashes found)...[0m
[1;94m[*] [0mFuzzing test case #93 (1147 total, 0 uniq crashes found)...[0m
[1;94m[*] [0mFuzzing test case #94 (1147 total, 0 uniq crashes found)...[0m
scheduled max input!!!!
schedule: 2 level24_2/ijon_max/2
[1;94m[*] [0mFuzzing test case #95 (1147 total, 0 uniq crashes found)...[0m
scheduled max input!!!!
schedule: 3 level24_2/ijon_max/3
[1;94m[*] [0mFuzzing test case #96 (1147 total, 0 uniq crashes found)...[0m
scheduled max input!!!!
schedule: 2 level24_2/ijon_max/2
[1;94m[*] [0mFuzzing test case #97 (1147 total, 0 uniq crashes found)...[0m
scheduled max input!!!!
schedule: 7 level24_2/ijon_max/7
[1;94m[*] [0mFuzzing test case #98 (1147 total, 0 uniq crashes found)...[0m
[1;94m[*] [0mFuzzing test case #99 (1147 total, 0 uniq crashes found)...[0m
scheduled max input!!!!
schedule: 2 level24_2/ijon_max/2
[1;94m[*] [0mFuzzing test case #100 (1147 total, 0 uniq crashes found)...[0m
[1;94m[*] [0mFuzzing test case #101 (1147 total, 0 uniq crashes found)...[0m
scheduled max input!!!!
schedule: 1 level24_2/ijon_max/1
[1;94m[*] [0mFuzzing test case #102 (1148 total, 0 uniq crashes found)...[0m
scheduled max input!!!!
schedule: 2 level24_2/ijon_max/2
updated maxmap 2: 20e (len: 336)
updated maxmap 3: 214 (len: 336)
[1;94m[*] [0mFuzzing test case #103 (1148 total, 0 uniq crashes found)...[0m
scheduled max input!!!!
schedule: 4 level24_2/ijon_max/4
[1;94m[*] [0mFuzzing test case #104 (1148 total, 0 uniq crashes found)...[0m
scheduled max input!!!!
schedule: 0 level24_2/ijon_max/0
updated maxmap 0: 207 (len: 326)
[1;94m[*] [0mFuzzing test case #105 (1148 total, 0 uniq crashes found)...[0m
scheduled max input!!!!
schedule: 3 level24_2/ijon_max/3
[1;94m[*] [0mFuzzing test case #106 (1148 total, 0 uniq crashes found)...[0m
scheduled max input!!!!
schedule: 2 level24_2/ijon_max/2
[1;94m[*] [0mFuzzing test case #107 (1148 total, 0 uniq crashes found)...[0m
scheduled max input!!!!
schedule: 11 level24_2/ijon_max/11
updated maxmap 11: 2d1 (len: 393)
[1;94m[*] [0mFuzzing test case #108 (1148 total, 0 uniq crashes found)...[0m
[1;94m[*] [0mFuzzing test case #109 (1148 total, 0 uniq crashes found)...[0m
scheduled max input!!!!
schedule: 3 level24_2/ijon_max/3
[1;94m[*] [0mFuzzing test case #110 (1148 total, 0 uniq crashes found)...[0m
scheduled max input!!!!
schedule: 6 level24_2/ijon_max/6
updated maxmap 6: 2ab (len: 379)
updated maxmap 6: 2ac (len: 379)
updated maxmap 6: 2ad (len: 380)
[1;94m[*] [0mFuzzing test case #111 (1148 total, 0 uniq crashes found)...[0m
scheduled max input!!!!
schedule: 1 level24_2/ijon_max/1
updated maxmap 0: 211 (len: 341)
updated maxmap 1: 20e (len: 341)
[1;94m[*] [0mFuzzing test case #112 (1148 total, 0 uniq crashes found)...[0m
scheduled max input!!!!
schedule: 1 level24_2/ijon_max/1
[1;94m[*] [0mFuzzing test case #113 (1148 total, 0 uniq crashes found)...[0m
[1;94m[*] [0mFuzzing test case #114 (1148 total, 0 uniq crashes found)...[0m
scheduled max input!!!!
schedule: 8 level24_2/ijon_max/8
updated maxmap 2: 20f (len: 402)
[1;94m[*] [0mFuzzing test case #115 (1148 total, 0 uniq crashes found)...[0m
scheduled max input!!!!
schedule: 7 level24_2/ijon_max/7
updated maxmap 7: 2b3 (len: 382)
updated maxmap 7: 2bc (len: 383)
[1;94m[*] [0mFuzzing test case #116 (1149 total, 0 uniq crashes found)...[0m
scheduled max input!!!!
schedule: 0 level24_2/ijon_max/0
[1;94m[*] [0mFuzzing test case #117 (1149 total, 0 uniq crashes found)...[0m
scheduled max input!!!!
schedule: 3 level24_2/ijon_max/3
[1;94m[*] [0mFuzzing test case #118 (1149 total, 0 uniq crashes found)...[0m
[1;94m[*] [0mFuzzing test case #119 (1149 total, 0 uniq crashes found)...[0m
scheduled max input!!!!
schedule: 7 level24_2/ijon_max/7
updated maxmap 7: 2bd (len: 383)
updated maxmap 7: 2bf (len: 384)
updated maxmap 7: 2c0 (len: 388)
[1;94m[*] [0mFuzzing test case #120 (1151 total, 0 uniq crashes found)...[0m
scheduled max input!!!!
schedule: 5 level24_2/ijon_max/5
[1;94m[*] [0mFuzzing test case #121 (1151 total, 0 uniq crashes found)...[0m
scheduled max input!!!!
schedule: 4 level24_2/ijon_max/4
[1;94m[*] [0mFuzzing test case #122 (1151 total, 0 uniq crashes found)...[0m
scheduled max input!!!!
schedule: 6 level24_2/ijon_max/6
[1;94m[*] [0mFuzzing test case #123 (1152 total, 0 uniq crashes found)...[0m
scheduled max input!!!!
schedule: 1 level24_2/ijon_max/1
[1;94m[*] [0mFuzzing test case #124 (1152 total, 0 uniq crashes found)...[0m
scheduled max input!!!!
schedule: 2 level24_2/ijon_max/2
updated maxmap 2: 224 (len: 407)
updated maxmap 3: 229 (len: 407)
updated maxmap 2: 225 (len: 405)
updated maxmap 1: 224 (len: 402)
updated maxmap 1: 226 (len: 402)
updated maxmap 2: 227 (len: 402)
updated maxmap 1: 227 (len: 402)
updated maxmap 2: 228 (len: 402)
updated maxmap 2: 22a (len: 402)
updated maxmap 3: 22f (len: 402)
updated maxmap 2: 22c (len: 402)
updated maxmap 3: 232 (len: 402)
updated maxmap 2: 22f (len: 402)
updated maxmap 3: 234 (len: 402)
updated maxmap 3: 235 (len: 402)
updated maxmap 2: 232 (len: 402)
updated maxmap 3: 238 (len: 402)
updated maxmap 2: 233 (len: 402)
updated maxmap 3: 239 (len: 402)
updated maxmap 2: 234 (len: 402)
updated maxmap 3: 23a (len: 402)
updated maxmap 2: 235 (len: 402)
updated maxmap 3: 23b (len: 402)
updated maxmap 2: 236 (len: 402)
updated maxmap 3: 23c (len: 402)
updated maxmap 2: 237 (len: 402)
updated maxmap 3: 23d (len: 402)
updated maxmap 2: 238 (len: 402)
updated maxmap 3: 23e (len: 402)
[1;94m[*] [0mFuzzing test case #125 (1164 total, 0 uniq crashes found)...[0m
scheduled max input!!!!
schedule: 2 level24_2/ijon_max/2
[1;94m[*] [0mFuzzing test case #126 (1164 total, 0 uniq crashes found)...[0m
[1;94m[*] [0mFuzzing test case #127 (1164 total, 0 uniq crashes found)...[0m
scheduled max input!!!!
schedule: 4 level24_2/ijon_max/4
[1;94m[*] [0mFuzzing test case #128 (1164 total, 0 uniq crashes found)...[0m
scheduled max input!!!!
schedule: 10 level24_2/ijon_max/10
[1;94m[*] [0mFuzzing test case #129 (1164 total, 0 uniq crashes found)...[0m
scheduled max input!!!!
schedule: 7 level24_2/ijon_max/7
[1;94m[*] [0mFuzzing test case #130 (1164 total, 0 uniq crashes found)...[0m
scheduled max input!!!!
schedule: 7 level24_2/ijon_max/7
[1;94m[*] [0mFuzzing test case #131 (1164 total, 0 uniq crashes found)...[0m
scheduled max input!!!!
schedule: 5 level24_2/ijon_max/5
updated maxmap 6: 2bb (len: 384)
[1;94m[*] [0mFuzzing test case #132 (1165 total, 0 uniq crashes found)...[0m
scheduled max input!!!!
schedule: 5 level24_2/ijon_max/5
updated maxmap 4: 2a5 (len: 378)
[1;94m[*] [0mFuzzing test case #133 (1166 total, 0 uniq crashes found)...[0m
scheduled max input!!!!
schedule: 6 level24_2/ijon_max/6
[1;94m[*] [0mFuzzing test case #134 (1166 total, 0 uniq crashes found)...[0m
[1;94m[*] [0mFuzzing test case #135 (1166 total, 0 uniq crashes found)...[0m
scheduled max input!!!!
schedule: 8 level24_2/ijon_max/8
[1;94m[*] [0mFuzzing test case #136 (1166 total, 0 uniq crashes found)...[0m
scheduled max input!!!!
schedule: 7 level24_2/ijon_max/7
updated maxmap 7: 2c1 (len: 388)
[1;94m[*] [0mFuzzing test case #137 (1166 total, 0 uniq crashes found)...[0m
[1;94m[*] [0mFuzzing test case #138 (1166 total, 0 uniq crashes found)...[0m
scheduled max input!!!!
schedule: 1 level24_2/ijon_max/1
[1;94m[*] [0mFuzzing test case #139 (1166 total, 0 uniq crashes found)...[0m
[1;94m[*] [0mFuzzing test case #140 (1166 total, 0 uniq crashes found)...[0m
scheduled max input!!!!
schedule: 4 level24_2/ijon_max/4
updated maxmap 4: 2ae (len: 381)
updated maxmap 5: 2b8 (len: 381)
[1;94m[*] [0mFuzzing test case #141 (1166 total, 0 uniq crashes found)...[0m
scheduled max input!!!!
schedule: 0 level24_2/ijon_max/0
[1;94m[*] [0mFuzzing test case #142 (1166 total, 0 uniq crashes found)...[0m
scheduled max input!!!!
schedule: 11 level24_2/ijon_max/11
updated maxmap 11: 2d2 (len: 393)
[1;94m[*] [0mFuzzing test case #143 (1167 total, 0 uniq crashes found)...[0m
scheduled max input!!!!
schedule: 10 level24_2/ijon_max/10
[1;94m[*] [0mFuzzing test case #144 (1167 total, 0 uniq crashes found)...[0m
scheduled max input!!!!
schedule: 2 level24_2/ijon_max/2
[1;94m[*] [0mFuzzing test case #145 (1167 total, 0 uniq crashes found)...[0m
scheduled max input!!!!
schedule: 10 level24_2/ijon_max/10
[1;94m[*] [0mFuzzing test case #146 (1169 total, 0 uniq crashes found)...[0m
scheduled max input!!!!
schedule: 6 level24_2/ijon_max/6
[1;94m[*] [0mFuzzing test case #147 (1169 total, 0 uniq crashes found)...[0m
scheduled max input!!!!
schedule: 7 level24_2/ijon_max/7
[1;94m[*] [0mFuzzing test case #148 (1169 total, 0 uniq crashes found)...[0m
scheduled max input!!!!
schedule: 11 level24_2/ijon_max/11
[1;94m[*] [0mFuzzing test case #149 (1169 total, 0 uniq crashes found)...[0m
scheduled max input!!!!
schedule: 4 level24_2/ijon_max/4
updated maxmap 6: 2bf (len: 384)
updated maxmap 7: 2c2 (len: 385)
[1;94m[*] [0mFuzzing test case #150 (1170 total, 0 uniq crashes found)...[0m
scheduled max input!!!!
schedule: 3 level24_2/ijon_max/3
[1;94m[*] [0mFuzzing test case #151 (1171 total, 0 uniq crashes found)...[0m
scheduled max input!!!!
schedule: 0 level24_2/ijon_max/0
[1;94m[*] [0mFuzzing test case #152 (1171 total, 0 uniq crashes found)...[0m
scheduled max input!!!!
schedule: 2 level24_2/ijon_max/2
updated maxmap 2: 23a (len: 402)
updated maxmap 3: 240 (len: 402)
[1;94m[*] [0mFuzzing test case #153 (1171 total, 0 uniq crashes found)...[0m
scheduled max input!!!!
schedule: 10 level24_2/ijon_max/10
[1;94m[*] [0mFuzzing test case #154 (1171 total, 0 uniq crashes found)...[0m
scheduled max input!!!!
schedule: 6 level24_2/ijon_max/6
updated maxmap 6: 2c0 (len: 384)
[1;94m[*] [0mFuzzing test case #155 (1171 total, 0 uniq crashes found)...[0m
scheduled max input!!!!
schedule: 2 level24_2/ijon_max/2
[1;94m[*] [0mFuzzing test case #156 (1171 total, 0 uniq crashes found)...[0m
scheduled max input!!!!
schedule: 11 level24_2/ijon_max/11
[1;94m[*] [0mFuzzing test case #157 (1171 total, 0 uniq crashes found)...[0m
scheduled max input!!!!
schedule: 9 level24_2/ijon_max/9
[1;94m[*] [0mFuzzing test case #158 (1172 total, 0 uniq crashes found)...[0m
scheduled max input!!!!
schedule: 4 level24_2/ijon_max/4
[1;94m[*] [0mFuzzing test case #159 (1172 total, 0 uniq crashes found)...[0m
scheduled max input!!!!
schedule: 10 level24_2/ijon_max/10
[1;94m[*] [0mFuzzing test case #160 (1173 total, 0 uniq crashes found)...[0m
scheduled max input!!!!
schedule: 5 level24_2/ijon_max/5
updated maxmap 4: 2af (len: 382)
updated maxmap 5: 2b9 (len: 382)
updated maxmap 7: 2c3 (len: 387)
updated maxmap 4: 2b0 (len: 381)
updated maxmap 6: 2c3 (len: 389)
updated maxmap 7: 2ca (len: 389)
[1;94m[*] [0mFuzzing test case #161 (1174 total, 0 uniq crashes found)...[0m
scheduled max input!!!!
schedule: 1 level24_2/ijon_max/1
[1;94m[*] [0mFuzzing test case #162 (1174 total, 0 uniq crashes found)...[0m
[1;94m[*] [0mFuzzing test case #163 (1174 total, 0 uniq crashes found)...[0m
scheduled max input!!!!
schedule: 9 level24_2/ijon_max/9
[1;94m[*] [0mFuzzing test case #164 (1174 total, 0 uniq crashes found)...[0m
[1;94m[*] [0mFuzzing test case #165 (1174 total, 0 uniq crashes found)...[0m
scheduled max input!!!!
schedule: 7 level24_2/ijon_max/7
updated maxmap 6: 2d0 (len: 396)
updated maxmap 7: 2d0 (len: 396)
updated maxmap 5: 2ba (len: 389)
[1;94m[*] [0mFuzzing test case #166 (1175 total, 0 uniq crashes found)...[0m
[1;94m[*] [0mFuzzing test case #167 (1175 total, 0 uniq crashes found)...[0m
scheduled max input!!!!
schedule: 3 level24_2/ijon_max/3
[1;94m[*] [0mFuzzing test case #168 (1175 total, 0 uniq crashes found)...[0m
scheduled max input!!!!
schedule: 2 level24_2/ijon_max/2
[1;94m[*] [0mFuzzing test case #169 (1175 total, 0 uniq crashes found)...[0m
[1;94m[*] [0mFuzzing test case #170 (1175 total, 0 uniq crashes found)...[0m
scheduled max input!!!!
schedule: 0 level24_2/ijon_max/0
[1;94m[*] [0mFuzzing test case #171 (1175 total, 0 uniq crashes found)...[0m
scheduled max input!!!!
schedule: 8 level24_2/ijon_max/8
updated maxmap 8: 2d7 (len: 402)
updated maxmap 9: 2d6 (len: 402)
[1;94m[*] [0mFuzzing test case #172 (1175 total, 0 uniq crashes found)...[0m
[1;94m[*] [0mFuzzing test case #173 (1175 total, 0 uniq crashes found)...[0m
scheduled max input!!!!
schedule: 2 level24_2/ijon_max/2
[1;94m[*] [0mFuzzing test case #174 (1175 total, 0 uniq crashes found)...[0m
[1;94m[*] [0mFuzzing test case #175 (1175 total, 0 uniq crashes found)...[0m
scheduled max input!!!!
schedule: 5 level24_2/ijon_max/5
updated maxmap 4: 2bf (len: 394)
updated maxmap 5: 2c6 (len: 394)
updated maxmap 6: 2d8 (len: 394)
updated maxmap 7: 2d3 (len: 394)
[1;94m[*] [0mFuzzing test case #176 (1175 total, 0 uniq crashes found)...[0m
scheduled max input!!!!
schedule: 3 level24_2/ijon_max/3
[1;94m[*] [0mFuzzing test case #177 (1175 total, 0 uniq crashes found)...[0m
[1;94m[*] [0mFuzzing test case #178 (1175 total, 0 uniq crashes found)...[0m
scheduled max input!!!!
schedule: 6 level24_2/ijon_max/6
updated maxmap 7: 2d6 (len: 394)
[1;94m[*] [0mFuzzing test case #179 (1175 total, 0 uniq crashes found)...[0m
scheduled max input!!!!
schedule: 9 level24_2/ijon_max/9
[1;94m[*] [0mFuzzing test case #180 (1175 total, 0 uniq crashes found)...[0m
scheduled max input!!!!
schedule: 9 level24_2/ijon_max/9
updated maxmap 10: 2d4 (len: 408)
[1;94m[*] [0mFuzzing test case #181 (1178 total, 0 uniq crashes found)...[0m
scheduled max input!!!!
schedule: 8 level24_2/ijon_max/8
[1;94m[*] [0mFuzzing test case #182 (1178 total, 0 uniq crashes found)...[0m
scheduled max input!!!!
schedule: 1 level24_2/ijon_max/1
[1;94m[*] [0mFuzzing test case #183 (1178 total, 0 uniq crashes found)...[0m
scheduled max input!!!!
schedule: 2 level24_2/ijon_max/2
updated maxmap 2: 23b (len: 403)
updated maxmap 3: 241 (len: 403)
updated maxmap 1: 231 (len: 402)
[1;94m[*] [0mFuzzing test case #184 (1179 total, 0 uniq crashes found)...[0m
scheduled max input!!!!
schedule: 2 level24_2/ijon_max/2
[1;94m[*] [0mFuzzing test case #185 (1179 total, 0 uniq crashes found)...[0m
scheduled max input!!!!
schedule: 9 level24_2/ijon_max/9
[1;94m[*] [0mFuzzing test case #186 (1179 total, 0 uniq crashes found)...[0m
scheduled max input!!!!
schedule: 1 level24_2/ijon_max/1
updated maxmap 1: 232 (len: 404)
updated maxmap 2: 23d (len: 404)
updated maxmap 3: 243 (len: 404)
[1;94m[*] [0mFuzzing test case #187 (1179 total, 0 uniq crashes found)...[0m
scheduled max input!!!!
schedule: 3 level24_2/ijon_max/3
[1;94m[*] [0mFuzzing test case #188 (1179 total, 0 uniq crashes found)...[0m
scheduled max input!!!!
schedule: 9 level24_2/ijon_max/9
[1;94m[*] [0mFuzzing test case #189 (1179 total, 0 uniq crashes found)...[0m
[1;94m[*] [0mFuzzing test case #190 (1179 total, 0 uniq crashes found)...[0m
scheduled max input!!!!
schedule: 2 level24_2/ijon_max/2
[1;94m[*] [0mFuzzing test case #191 (1179 total, 0 uniq crashes found)...[0m
scheduled max input!!!!
schedule: 5 level24_2/ijon_max/5
[1;94m[*] [0mFuzzing test case #192 (1181 total, 0 uniq crashes found)...[0m
scheduled max input!!!!
schedule: 9 level24_2/ijon_max/9
[1;94m[*] [0mFuzzing test case #193 (1181 total, 0 uniq crashes found)...[0m
scheduled max input!!!!
schedule: 1 level24_2/ijon_max/1
[1;94m[*] [0mFuzzing test case #194 (1181 total, 0 uniq crashes found)...[0m
[1;94m[*] [0mFuzzing test case #195 (1181 total, 0 uniq crashes found)...[0m
scheduled max input!!!!
schedule: 8 level24_2/ijon_max/8
[1;94m[*] [0mFuzzing test case #196 (1181 total, 0 uniq crashes found)...[0m
scheduled max input!!!!
schedule: 3 level24_2/ijon_max/3
[1;94m[*] [0mFuzzing test case #197 (1181 total, 0 uniq crashes found)...[0m
[1;94m[*] [0mFuzzing test case #198 (1181 total, 0 uniq crashes found)...[0m
scheduled normal input!!!!
[1;94m[*] [0mFuzzing test case #199 (1181 total, 0 uniq crashes found)...[0m
scheduled max input!!!!
schedule: 6 level24_2/ijon_max/6
updated maxmap 5: 2c7 (len: 394)
[1;94m[*] [0mFuzzing test case #200 (1181 total, 0 uniq crashes found)...[0m
scheduled max input!!!!
schedule: 11 level24_2/ijon_max/11
[1;94m[*] [0mFuzzing test case #201 (1181 total, 0 uniq crashes found)...[0m
scheduled max input!!!!
schedule: 4 level24_2/ijon_max/4
[1;94m[*] [0mFuzzing test case #202 (1181 total, 0 uniq crashes found)...[0m
scheduled max input!!!!
schedule: 9 level24_2/ijon_max/9
updated maxmap 8: 2d8 (len: 402)
[1;94m[*] [0mFuzzing test case #203 (1181 total, 0 uniq crashes found)...[0m
[1;94m[*] [0mFuzzing test case #204 (1181 total, 0 uniq crashes found)...[0m
scheduled max input!!!!
schedule: 11 level24_2/ijon_max/11
[1;94m[*] [0mFuzzing test case #205 (1181 total, 0 uniq crashes found)...[0m
[1;94m[*] [0mFuzzing test case #206 (1181 total, 0 uniq crashes found)...[0m
scheduled max input!!!!
schedule: 1 level24_2/ijon_max/1
updated maxmap 1: 23a (len: 404)
updated maxmap 2: 241 (len: 404)
updated maxmap 3: 247 (len: 404)
[1;94m[*] [0mFuzzing test case #207 (1181 total, 0 uniq crashes found)...[0m
[1;94m[*] [0mFuzzing test case #208 (1181 total, 0 uniq crashes found)...[0m
scheduled max input!!!!
schedule: 8 level24_2/ijon_max/8
[1;94m[*] [0mFuzzing test case #209 (1181 total, 0 uniq crashes found)...[0m
[1;94m[*] [0mFuzzing test case #210 (1181 total, 0 uniq crashes found)...[0m
scheduled max input!!!!
schedule: 9 level24_2/ijon_max/9
[1;94m[*] [0mFuzzing test case #211 (1181 total, 0 uniq crashes found)...[0m
scheduled max input!!!!
schedule: 1 level24_2/ijon_max/1
[1;94m[*] [0mFuzzing test case #212 (1183 total, 0 uniq crashes found)...[0m
scheduled max input!!!!
schedule: 1 level24_2/ijon_max/1
[1;94m[*] [0mFuzzing test case #213 (1183 total, 0 uniq crashes found)...[0m
scheduled max input!!!!
schedule: 9 level24_2/ijon_max/9
[1;94m[*] [0mFuzzing test case #214 (1183 total, 0 uniq crashes found)...[0m
scheduled max input!!!!
schedule: 6 level24_2/ijon_max/6
[1;94m[*] [0mFuzzing test case #215 (1183 total, 0 uniq crashes found)...[0m
scheduled max input!!!!
schedule: 9 level24_2/ijon_max/9
[1;94m[*] [0mFuzzing test case #216 (1183 total, 0 uniq crashes found)...[0m
[1;94m[*] [0mFuzzing test case #217 (1183 total, 0 uniq crashes found)...[0m
[1;94m[*] [0mFuzzing test case #218 (1183 total, 0 uniq crashes found)...[0m
scheduled max input!!!!
schedule: 8 level24_2/ijon_max/8
[1;94m[*] [0mFuzzing test case #219 (1183 total, 0 uniq crashes found)...[0m
scheduled max input!!!!
schedule: 4 level24_2/ijon_max/4
updated maxmap 5: 2ea (len: 402)
updated maxmap 6: 2e0 (len: 402)
updated maxmap 7: 2d9 (len: 402)
[1;94m[*] [0mFuzzing test case #220 (1183 total, 0 uniq crashes found)...[0m
[1;94m[*] [0mFuzzing test case #221 (1183 total, 0 uniq crashes found)...[0m
scheduled max input!!!!
schedule: 7 level24_2/ijon_max/7
updated maxmap 5: 2eb (len: 402)
[1;94m[*] [0mFuzzing test case #222 (1183 total, 0 uniq crashes found)...[0m
scheduled max input!!!!
schedule: 10 level24_2/ijon_max/10
[1;94m[*] [0mFuzzing test case #223 (1184 total, 0 uniq crashes found)...[0m
scheduled max input!!!!
schedule: 9 level24_2/ijon_max/9
[1;94m[*] [0mFuzzing test case #224 (1184 total, 0 uniq crashes found)...[0m
scheduled max input!!!!
schedule: 2 level24_2/ijon_max/2
updated maxmap 1: 240 (len: 404)
updated maxmap 2: 246 (len: 404)
updated maxmap 3: 24c (len: 404)
[1;94m[*] [0mFuzzing test case #225 (1185 total, 0 uniq crashes found)...[0m
scheduled max input!!!!
schedule: 5 level24_2/ijon_max/5
updated maxmap 5: 2ec (len: 402)
[1;94m[*] [0mFuzzing test case #226 (1185 total, 0 uniq crashes found)...[0m
scheduled max input!!!!
schedule: 9 level24_2/ijon_max/9
[1;94m[*] [0mFuzzing test case #227 (1185 total, 0 uniq crashes found)...[0m
[1;94m[*] [0mFuzzing test case #228 (1185 total, 0 uniq crashes found)...[0m
scheduled max input!!!!
schedule: 10 level24_2/ijon_max/10
[1;94m[*] [0mFuzzing test case #229 (1185 total, 0 uniq crashes found)...[0m
scheduled max input!!!!
schedule: 4 level24_2/ijon_max/4
[1;94m[*] [0mFuzzing test case #230 (1185 total, 0 uniq crashes found)...[0m
scheduled max input!!!!
schedule: 5 level24_2/ijon_max/5
[1;94m[*] [0mFuzzing test case #231 (1185 total, 0 uniq crashes found)...[0m
[1;94m[*] [0mFuzzing test case #232 (1185 total, 0 uniq crashes found)...[0m
scheduled max input!!!!
schedule: 3 level24_2/ijon_max/3
[1;94m[*] [0mFuzzing test case #233 (1185 total, 0 uniq crashes found)...[0m
scheduled max input!!!!
schedule: 7 level24_2/ijon_max/7
[1;94m[*] [0mFuzzing test case #234 (1185 total, 0 uniq crashes found)...[0m
scheduled max input!!!!
schedule: 3 level24_2/ijon_max/3
[1;94m[*] [0mFuzzing test case #235 (1185 total, 0 uniq crashes found)...[0m
scheduled max input!!!!
schedule: 3 level24_2/ijon_max/3
[1;94m[*] [0mFuzzing test case #236 (1185 total, 0 uniq crashes found)...[0m
scheduled max input!!!!
schedule: 8 level24_2/ijon_max/8
[1;94m[*] [0mFuzzing test case #237 (1185 total, 0 uniq crashes found)...[0m
[1;94m[*] [0mFuzzing test case #238 (1185 total, 0 uniq crashes found)...[0m
scheduled max input!!!!
schedule: 3 level24_2/ijon_max/3
[1;94m[*] [0mFuzzing test case #239 (1185 total, 0 uniq crashes found)...[0m
scheduled max input!!!!
schedule: 11 level24_2/ijon_max/11
[1;94m[*] [0mFuzzing test case #240 (1186 total, 0 uniq crashes found)...[0m
scheduled max input!!!!
schedule: 9 level24_2/ijon_max/9
[1;94m[*] [0mFuzzing test case #241 (1186 total, 0 uniq crashes found)...[0m
scheduled max input!!!!
schedule: 0 level24_2/ijon_max/0
updated maxmap 0: 215 (len: 345)
[1;94m[*] [0mFuzzing test case #242 (1186 total, 0 uniq crashes found)...[0m
scheduled normal input!!!!
[1;94m[*] [0mFuzzing test case #243 (1186 total, 0 uniq crashes found)...[0m
scheduled max input!!!!
schedule: 8 level24_2/ijon_max/8
[1;94m[*] [0mFuzzing test case #244 (1186 total, 0 uniq crashes found)...[0m
scheduled max input!!!!
schedule: 2 level24_2/ijon_max/2
[1;94m[*] [0mFuzzing test case #245 (1186 total, 0 uniq crashes found)...[0m
scheduled max input!!!!
schedule: 10 level24_2/ijon_max/10
[1;94m[*] [0mFuzzing test case #246 (1186 total, 0 uniq crashes found)...[0m
scheduled max input!!!!
schedule: 9 level24_2/ijon_max/9
[1;94m[*] [0mFuzzing test case #247 (1186 total, 0 uniq crashes found)...[0m
scheduled max input!!!!
schedule: 10 level24_2/ijon_max/10
[1;94m[*] [0mFuzzing test case #248 (1186 total, 0 uniq crashes found)...[0m
scheduled max input!!!!
schedule: 4 level24_2/ijon_max/4
[1;94m[*] [0mFuzzing test case #249 (1186 total, 0 uniq crashes found)...[0m
scheduled max input!!!!
schedule: 7 level24_2/ijon_max/7
updated maxmap 4: 2e9 (len: 402)
[1;94m[*] [0mFuzzing test case #250 (1187 total, 0 uniq crashes found)...[0m
scheduled max input!!!!
schedule: 0 level24_2/ijon_max/0
updated maxmap 0: 216 (len: 345)
[1;94m[*] [0mFuzzing test case #251 (1187 total, 0 uniq crashes found)...[0m
scheduled max input!!!!
schedule: 4 level24_2/ijon_max/4
updated maxmap 4: 2ea (len: 402)
[1;94m[*] [0mFuzzing test case #252 (1187 total, 0 uniq crashes found)...[0m
scheduled max input!!!!
schedule: 5 level24_2/ijon_max/5
[1;94m[*] [0mFuzzing test case #253 (1187 total, 0 uniq crashes found)...[0m
[1;94m[*] [0mFuzzing test case #254 (1187 total, 0 uniq crashes found)...[0m
scheduled max input!!!!
schedule: 3 level24_2/ijon_max/3
[1;94m[*] [0mFuzzing test case #255 (1187 total, 0 uniq crashes found)...[0m
[1;94m[*] [0mFuzzing test case #256 (1187 total, 0 uniq crashes found)...[0m
[1;94m[*] [0mFuzzing test case #257 (1187 total, 0 uniq crashes found)...[0m
scheduled max input!!!!
schedule: 2 level24_2/ijon_max/2
[1;94m[*] [0mFuzzing test case #258 (1187 total, 0 uniq crashes found)...[0m
[1;94m[*] [0mFuzzing test case #259 (1187 total, 0 uniq crashes found)...[0m
scheduled max input!!!!
schedule: 1 level24_2/ijon_max/1
updated maxmap 1: 241 (len: 404)
updated maxmap 2: 249 (len: 404)
updated maxmap 3: 24d (len: 404)
[1;94m[*] [0mFuzzing test case #260 (1187 total, 0 uniq crashes found)...[0m
scheduled max input!!!!
schedule: 10 level24_2/ijon_max/10
[1;94m[*] [0mFuzzing test case #261 (1187 total, 0 uniq crashes found)...[0m
scheduled max input!!!!
schedule: 5 level24_2/ijon_max/5
updated maxmap 5: 2fb (len: 408)
updated maxmap 5: 2fe (len: 410)
updated maxmap 6: 2e1 (len: 410)
updated maxmap 7: 2da (len: 410)
updated maxmap 3: 2b3 (len: 405)
updated maxmap 6: 2e8 (len: 405)
updated maxmap 7: 2e0 (len: 405)
updated maxmap 6: 2fe (len: 410)
updated maxmap 3: 2bc (len: 408)
updated maxmap 7: 2e9 (len: 408)
[1;94m[*] [0mFuzzing test case #262 (1195 total, 0 uniq crashes found)...[0m
[1;94m[*] [0mFuzzing test case #263 (1195 total, 0 uniq crashes found)...[0m
scheduled max input!!!!
schedule: 1 level24_2/ijon_max/1
[1;94m[*] [0mFuzzing test case #264 (1195 total, 0 uniq crashes found)...[0m
scheduled max input!!!!
schedule: 10 level24_2/ijon_max/10
[1;94m[*] [0mFuzzing test case #265 (1195 total, 0 uniq crashes found)...[0m
scheduled max input!!!!
schedule: 11 level24_2/ijon_max/11
[1;94m[*] [0mFuzzing test case #266 (1195 total, 0 uniq crashes found)...[0m
scheduled max input!!!!
schedule: 2 level24_2/ijon_max/2
[1;94m[*] [0mFuzzing test case #267 (1195 total, 0 uniq crashes found)...[0m
scheduled max input!!!!
schedule: 10 level24_2/ijon_max/10
[1;94m[*] [0mFuzzing test case #268 (1195 total, 0 uniq crashes found)...[0m
scheduled max input!!!!
schedule: 2 level24_2/ijon_max/2
[1;94m[*] [0mFuzzing test case #269 (1195 total, 0 uniq crashes found)...[0m
[1;94m[*] [0mFuzzing test case #270 (1195 total, 0 uniq crashes found)...[0m
scheduled max input!!!!
schedule: 4 level24_2/ijon_max/4
[1;94m[*] [0mFuzzing test case #271 (1195 total, 0 uniq crashes found)...[0m
[1;94m[*] [0mFuzzing test case #272 (1195 total, 0 uniq crashes found)...[0m
scheduled max input!!!!
schedule: 10 level24_2/ijon_max/10
[1;94m[*] [0mFuzzing test case #273 (1195 total, 0 uniq crashes found)...[0m
[1;94m[*] [0mFuzzing test case #274 (1195 total, 0 uniq crashes found)...[0m
scheduled max input!!!!
schedule: 8 level24_2/ijon_max/8
[1;94m[*] [0mFuzzing test case #275 (1195 total, 0 uniq crashes found)...[0m
scheduled max input!!!!
schedule: 5 level24_2/ijon_max/5
[1;94m[*] [0mFuzzing test case #276 (1195 total, 0 uniq crashes found)...[0m
scheduled max input!!!!
schedule: 0 level24_2/ijon_max/0
[1;94m[*] [0mFuzzing test case #277 (1195 total, 0 uniq crashes found)...[0m
scheduled max input!!!!
schedule: 0 level24_2/ijon_max/0
updated maxmap 0: 217 (len: 345)
[1;94m[*] [0mFuzzing test case #278 (1195 total, 0 uniq crashes found)...[0m
scheduled max input!!!!
schedule: 5 level24_2/ijon_max/5
updated maxmap 5: 302 (len: 414)
updated maxmap 6: 307 (len: 414)
[1;94m[*] [0mFuzzing test case #279 (1196 total, 0 uniq crashes found)...[0m
[1;94m[*] [0mFuzzing test case #280 (1196 total, 0 uniq crashes found)...[0m
scheduled max input!!!!
schedule: 6 level24_2/ijon_max/6
updated maxmap 7: 309 (len: 414)
updated maxmap 6: 30c (len: 419)
updated maxmap 7: 313 (len: 419)
updated maxmap 7: 316 (len: 421)
updated maxmap 8: 318 (len: 421)
updated maxmap 8: 319 (len: 421)
updated maxmap 4: 2f9 (len: 414)
updated maxmap 5: 305 (len: 414)
[1;94m[*] [0mFuzzing test case #281 (1206 total, 0 uniq crashes found)...[0m
scheduled max input!!!!
schedule: 3 level24_2/ijon_max/3
[1;94m[*] [0mFuzzing test case #282 (1206 total, 0 uniq crashes found)...[0m
scheduled max input!!!!
schedule: 4 level24_2/ijon_max/4
[1;94m[*] [0mFuzzing test case #283 (1206 total, 0 uniq crashes found)...[0m
scheduled max input!!!!
schedule: 7 level24_2/ijon_max/7
updated maxmap 9: 319 (len: 422)
updated maxmap 8: 31a (len: 427)
updated maxmap 9: 324 (len: 427)
updated maxmap 10: 327 (len: 427)
[1;94m[*] [0mFuzzing test case #284 (1208 total, 0 uniq crashes found)...[0m
[1;94m[*] [0mFuzzing test case #285 (1208 total, 0 uniq crashes found)...[0m
scheduled max input!!!!
schedule: 0 level24_2/ijon_max/0
[1;94m[*] [0mFuzzing test case #286 (1208 total, 0 uniq crashes found)...[0m
scheduled max input!!!!
schedule: 0 level24_2/ijon_max/0
[1;94m[*] [0mFuzzing test case #287 (1208 total, 0 uniq crashes found)...[0m
[1;94m[*] [0mFuzzing test case #288 (1208 total, 0 uniq crashes found)...[0m
scheduled max input!!!!
schedule: 1 level24_2/ijon_max/1
[1;94m[*] [0mFuzzing test case #289 (1208 total, 0 uniq crashes found)...[0m
[1;94m[*] [0mFuzzing test case #290 (1208 total, 0 uniq crashes found)...[0m
scheduled max input!!!!
schedule: 1 level24_2/ijon_max/1
[1;94m[*] [0mFuzzing test case #291 (1208 total, 0 uniq crashes found)...[0m
scheduled max input!!!!
schedule: 7 level24_2/ijon_max/7
updated maxmap 8: 320 (len: 427)
updated maxmap 9: 327 (len: 427)
[1;94m[*] [0mFuzzing test case #292 (1208 total, 0 uniq crashes found)...[0m
[1;94m[*] [0mFuzzing test case #293 (1208 total, 0 uniq crashes found)...[0m
scheduled max input!!!!
schedule: 7 level24_2/ijon_max/7
[1;94m[*] [0mFuzzing test case #294 (1209 total, 0 uniq crashes found)...[0m
scheduled max input!!!!
schedule: 8 level24_2/ijon_max/8
updated maxmap 10: 329 (len: 427)
updated maxmap 10: 336 (len: 435)
updated maxmap 11: 331 (len: 435)
updated maxmap 9: 328 (len: 427)
[1;94m[*] [0mFuzzing test case #295 (1210 total, 0 uniq crashes found)...[0m
scheduled max input!!!!
schedule: 7 level24_2/ijon_max/7
[1;94m[*] [0mFuzzing test case #296 (1211 total, 0 uniq crashes found)...[0m
[1;94m[*] [0mFuzzing test case #297 (1211 total, 0 uniq crashes found)...[0m
scheduled max input!!!!
schedule: 6 level24_2/ijon_max/6
[1;94m[*] [0mFuzzing test case #298 (1211 total, 0 uniq crashes found)...[0m
[1;94m[*] [0mFuzzing test case #299 (1211 total, 0 uniq crashes found)...[0m
scheduled max input!!!!
schedule: 2 level24_2/ijon_max/2
[1;94m[*] [0mFuzzing test case #300 (1211 total, 0 uniq crashes found)...[0m
[1;94m[*] [0mFuzzing test case #301 (1211 total, 0 uniq crashes found)...[0m
scheduled max input!!!!
schedule: 2 level24_2/ijon_max/2
updated maxmap 0: 23e (len: 407)
updated maxmap 1: 247 (len: 407)
updated maxmap 2: 24d (len: 407)
[1;94m[*] [0mFuzzing test case #302 (1211 total, 0 uniq crashes found)...[0m
[1;94m[*] [0mFuzzing test case #303 (1211 total, 0 uniq crashes found)...[0m
scheduled max input!!!!
schedule: 7 level24_2/ijon_max/7
[1;94m[*] [0mFuzzing test case #304 (1211 total, 0 uniq crashes found)...[0m
scheduled max input!!!!
schedule: 3 level24_2/ijon_max/3
[1;94m[*] [0mFuzzing test case #305 (1211 total, 0 uniq crashes found)...[0m
scheduled max input!!!!
schedule: 2 level24_2/ijon_max/2
[1;94m[*] [0mFuzzing test case #306 (1211 total, 0 uniq crashes found)...[0m
[1;94m[*] [0mFuzzing test case #307 (1211 total, 0 uniq crashes found)...[0m
scheduled max input!!!!
schedule: 4 level24_2/ijon_max/4
[1;94m[*] [0mFuzzing test case #308 (1211 total, 0 uniq crashes found)...[0m
scheduled max input!!!!
schedule: 8 level24_2/ijon_max/8
[1;94m[*] [0mFuzzing test case #309 (1212 total, 0 uniq crashes found)...[0m
scheduled max input!!!!
schedule: 4 level24_2/ijon_max/4
[1;94m[*] [0mFuzzing test case #310 (1212 total, 0 uniq crashes found)...[0m
scheduled max input!!!!
schedule: 7 level24_2/ijon_max/7
updated maxmap 4: 300 (len: 421)
updated maxmap 5: 30a (len: 421)
updated maxmap 6: 314 (len: 421)
updated maxmap 7: 319 (len: 421)
[1;94m[*] [0mFuzzing test case #311 (1212 total, 0 uniq crashes found)...[0m
scheduled max input!!!!
schedule: 3 level24_2/ijon_max/3
updated maxmap 3: 2c1 (len: 416)
updated maxmap 3: 2c2 (len: 408)
[1;94m[*] [0mFuzzing test case #312 (1215 total, 0 uniq crashes found)...[0m
scheduled max input!!!!
schedule: 4 level24_2/ijon_max/4
[1;94m[*] [0mFuzzing test case #313 (1216 total, 0 uniq crashes found)...[0m
scheduled max input!!!!
schedule: 11 level24_2/ijon_max/11
updated maxmap 10: 337 (len: 435)
updated maxmap 11: 332 (len: 435)
updated maxmap 11: 334 (len: 440)
updated maxmap 11: 335 (len: 435)
updated maxmap 7: 31e (len: 435)
updated maxmap 11: 337 (len: 438)
updated maxmap 9: 32a (len: 438)
updated maxmap 11: 338 (len: 435)
updated maxmap 11: 339 (len: 436)
updated maxmap 10: 339 (len: 438)
updated maxmap 5: 30d (len: 442)
updated maxmap 6: 317 (len: 442)
updated maxmap 7: 320 (len: 442)
updated maxmap 8: 323 (len: 440)
updated maxmap 9: 344 (len: 440)
updated maxmap 10: 341 (len: 440)
[1;94m[*] [0mFuzzing test case #314 (1230 total, 0 uniq crashes found)...[0m
scheduled max input!!!!
schedule: 9 level24_2/ijon_max/9
updated maxmap 8: 324 (len: 440)
updated maxmap 10: 342 (len: 440)
updated maxmap 5: 311 (len: 440)
updated maxmap 6: 31b (len: 440)
updated maxmap 7: 321 (len: 440)
[1;94m[*] [0mFuzzing test case #315 (1230 total, 0 uniq crashes found)...[0m
scheduled max input!!!!
schedule: 5 level24_2/ijon_max/5
updated maxmap 4: 30c (len: 448)
updated maxmap 5: 350 (len: 448)
updated maxmap 6: 355 (len: 448)
updated maxmap 7: 329 (len: 448)
updated maxmap 4: 314 (len: 447)
updated maxmap 7: 332 (len: 447)
updated maxmap 3: 30c (len: 440)
updated maxmap 4: 316 (len: 440)
[1;94m[*] [0mFuzzing test case #316 (1231 total, 0 uniq crashes found)...[0m
scheduled max input!!!!
schedule: 7 level24_2/ijon_max/7
updated maxmap 7: 333 (len: 447)
updated maxmap 7: 334 (len: 447)
[1;94m[*] [0mFuzzing test case #317 (1232 total, 0 uniq crashes found)...[0m
scheduled max input!!!!
schedule: 6 level24_2/ijon_max/6
updated maxmap 5: 351 (len: 448)
updated maxmap 6: 356 (len: 448)
updated maxmap 5: 352 (len: 448)
updated maxmap 6: 357 (len: 448)
updated maxmap 5: 353 (len: 448)
updated maxmap 6: 358 (len: 448)
updated maxmap 6: 35c (len: 461)
updated maxmap 7: 366 (len: 461)
updated maxmap 8: 36f (len: 461)
updated maxmap 9: 36f (len: 461)
updated maxmap 5: 354 (len: 449)
updated maxmap 10: 356 (len: 448)
updated maxmap 5: 356 (len: 448)
updated maxmap 4: 317 (len: 451)
updated maxmap 5: 35a (len: 451)
updated maxmap 6: 35e (len: 451)
updated maxmap 6: 363 (len: 455)
updated maxmap 7: 368 (len: 455)
updated maxmap 5: 35d (len: 451)
updated maxmap 4: 351 (len: 454)
updated maxmap 6: 367 (len: 454)
updated maxmap 4: 358 (len: 448)
updated maxmap 3: 323 (len: 448)
updated maxmap 10: 35b (len: 448)
updated maxmap 7: 36a (len: 455)
[1;94m[*] [0mFuzzing test case #318 (1243 total, 0 uniq crashes found)...[0m
scheduled max input!!!!
schedule: 7 level24_2/ijon_max/7
updated maxmap 5: 35e (len: 455)
updated maxmap 6: 368 (len: 455)
[1;94m[*] [0mFuzzing test case #319 (1243 total, 0 uniq crashes found)...[0m
scheduled max input!!!!
schedule: 5 level24_2/ijon_max/5
updated maxmap 7: 36f (len: 463)
[1;94m[*] [0mFuzzing test case #320 (1244 total, 0 uniq crashes found)...[0m
[1;94m[*] [0mFuzzing test case #321 (1244 total, 0 uniq crashes found)...[0m
scheduled max input!!!!
schedule: 8 level24_2/ijon_max/8
updated maxmap 8: 370 (len: 461)
updated maxmap 8: 371 (len: 468)
updated maxmap 9: 370 (len: 468)
updated maxmap 9: 371 (len: 461)
updated maxmap 10: 36f (len: 468)
updated maxmap 5: 362 (len: 466)
updated maxmap 6: 36b (len: 466)
updated maxmap 11: 367 (len: 461)
updated maxmap 7: 372 (len: 466)
updated maxmap 4: 35c (len: 461)
updated maxmap 5: 366 (len: 461)
updated maxmap 6: 36f (len: 461)
updated maxmap 11: 36e (len: 468)
updated maxmap 10: 370 (len: 467)
updated maxmap 11: 36f (len: 467)
updated maxmap 8: 372 (len: 461)
updated maxmap 4: 35e (len: 464)
updated maxmap 5: 368 (len: 464)
updated maxmap 6: 371 (len: 464)
[1;94m[*] [0mFuzzing test case #322 (1263 total, 0 uniq crashes found)...[0m
scheduled max input!!!!
schedule: 4 level24_2/ijon_max/4
updated maxmap 4: 380 (len: 467)
updated maxmap 5: 379 (len: 467)
updated maxmap 6: 373 (len: 464)
[1;94m[*] [0mFuzzing test case #323 (1263 total, 0 uniq crashes found)...[0m
scheduled max input!!!!
schedule: 0 level24_2/ijon_max/0
[1;94m[*] [0mFuzzing test case #324 (1263 total, 0 uniq crashes found)...[0m
scheduled max input!!!!
schedule: 9 level24_2/ijon_max/9
[1;94m[*] [0mFuzzing test case #325 (1263 total, 0 uniq crashes found)...[0m
scheduled max input!!!!
schedule: 0 level24_2/ijon_max/0
[1;94m[*] [0mFuzzing test case #326 (1263 total, 0 uniq crashes found)...[0m
[1;94m[*] [0mFuzzing test case #327 (1263 total, 0 uniq crashes found)...[0m
scheduled max input!!!!
schedule: 8 level24_2/ijon_max/8
[1;94m[*] [0mFuzzing test case #328 (1263 total, 0 uniq crashes found)...[0m
scheduled max input!!!!
schedule: 2 level24_2/ijon_max/2
[1;94m[*] [0mFuzzing test case #329 (1263 total, 0 uniq crashes found)...[0m
[1;94m[*] [0mFuzzing test case #330 (1263 total, 0 uniq crashes found)...[0m
scheduled max input!!!!
schedule: 7 level24_2/ijon_max/7
[1;94m[*] [0mFuzzing test case #331 (1263 total, 0 uniq crashes found)...[0m
scheduled max input!!!!
schedule: 1 level24_2/ijon_max/1
[1;94m[*] [0mFuzzing test case #332 (1263 total, 0 uniq crashes found)...[0m
scheduled max input!!!!
schedule: 10 level24_2/ijon_max/10
[1;94m[*] [0mFuzzing test case #333 (1264 total, 0 uniq crashes found)...[0m
scheduled max input!!!!
schedule: 5 level24_2/ijon_max/5
updated maxmap 4: 381 (len: 467)
updated maxmap 5: 37c (len: 473)
updated maxmap 6: 379 (len: 473)
updated maxmap 3: 360 (len: 467)
updated maxmap 6: 37b (len: 467)
updated maxmap 4: 393 (len: 475)
updated maxmap 3: 38f (len: 473)
updated maxmap 6: 37d (len: 467)
updated maxmap 7: 373 (len: 467)
updated maxmap 6: 37e (len: 467)
[1;94m[*] [0mFuzzing test case #334 (1271 total, 0 uniq crashes found)...[0m
scheduled max input!!!!
schedule: 9 level24_2/ijon_max/9
[1;94m[*] [0mFuzzing test case #335 (1271 total, 0 uniq crashes found)...[0m
scheduled max input!!!!
schedule: 8 level24_2/ijon_max/8
[1;94m[*] [0mFuzzing test case #336 (1271 total, 0 uniq crashes found)...[0m
scheduled max input!!!!
schedule: 9 level24_2/ijon_max/9
[1;94m[*] [0mFuzzing test case #337 (1271 total, 0 uniq crashes found)...[0m
scheduled max input!!!!
schedule: 0 level24_2/ijon_max/0
[1;94m[*] [0mFuzzing test case #338 (1271 total, 0 uniq crashes found)...[0m
[1;94m[*] [0mFuzzing test case #339 (1271 total, 0 uniq crashes found)...[0m
scheduled max input!!!!
schedule: 10 level24_2/ijon_max/10
updated maxmap 9: 372 (len: 467)
updated maxmap 10: 371 (len: 467)
[1;94m[*] [0mFuzzing test case #340 (1271 total, 0 uniq crashes found)...[0m
scheduled max input!!!!
schedule: 7 level24_2/ijon_max/7
[1;94m[*] [0mFuzzing test case #341 (1271 total, 0 uniq crashes found)...[0m
scheduled max input!!!!
schedule: 0 level24_2/ijon_max/0
[1;94m[*] [0mFuzzing test case #342 (1271 total, 0 uniq crashes found)...[0m
scheduled max input!!!!
schedule: 11 level24_2/ijon_max/11
[1;94m[*] [0mFuzzing test case #343 (1271 total, 0 uniq crashes found)...[0m
scheduled max input!!!!
schedule: 5 level24_2/ijon_max/5
[1;94m[*] [0mFuzzing test case #344 (1271 total, 0 uniq crashes found)...[0m
[1;94m[*] [0mFuzzing test case #345 (1271 total, 0 uniq crashes found)...[0m
scheduled max input!!!!
schedule: 5 level24_2/ijon_max/5
updated maxmap 4: 39b (len: 480)
updated maxmap 5: 3a0 (len: 480)
[1;94m[*] [0mFuzzing test case #346 (1273 total, 0 uniq crashes found)...[0m
[1;94m[*] [0mFuzzing test case #347 (1273 total, 0 uniq crashes found)...[0m
scheduled max input!!!!
schedule: 9 level24_2/ijon_max/9
[1;94m[*] [0mFuzzing test case #348 (1273 total, 0 uniq crashes found)...[0m
scheduled max input!!!!
schedule: 3 level24_2/ijon_max/3
[1;94m[*] [0mFuzzing test case #349 (1273 total, 0 uniq crashes found)...[0m
scheduled max input!!!!
schedule: 2 level24_2/ijon_max/2
[1;94m[*] [0mFuzzing test case #350 (1273 total, 0 uniq crashes found)...[0m
scheduled max input!!!!
schedule: 3 level24_2/ijon_max/3
[1;94m[*] [0mFuzzing test case #351 (1273 total, 0 uniq crashes found)...[0m
scheduled max input!!!!
schedule: 8 level24_2/ijon_max/8
[1;94m[*] [0mFuzzing test case #352 (1273 total, 0 uniq crashes found)...[0m
scheduled max input!!!!
schedule: 4 level24_2/ijon_max/4
updated maxmap 4: 39c (len: 480)
updated maxmap 5: 3a1 (len: 480)
updated maxmap 4: 39d (len: 480)
updated maxmap 5: 3a2 (len: 480)
updated maxmap 6: 37f (len: 486)
updated maxmap 3: 39d (len: 484)
updated maxmap 4: 3a7 (len: 484)
updated maxmap 5: 3ac (len: 484)
updated maxmap 3: 3a0 (len: 480)
updated maxmap 6: 3b0 (len: 486)
updated maxmap 5: 3b1 (len: 486)
updated maxmap 6: 3b6 (len: 488)
[1;94m[*] [0mFuzzing test case #353 (1288 total, 0 uniq crashes found)...[0m
scheduled max input!!!!
schedule: 1 level24_2/ijon_max/1
[1;94m[*] [0mFuzzing test case #354 (1288 total, 0 uniq crashes found)...[0m
scheduled max input!!!!
schedule: 11 level24_2/ijon_max/11
[1;94m[*] [0mFuzzing test case #355 (1288 total, 0 uniq crashes found)...[0m
scheduled max input!!!!
schedule: 9 level24_2/ijon_max/9
[1;94m[*] [0mFuzzing test case #356 (1288 total, 0 uniq crashes found)...[0m
[1;94m[*] [0mFuzzing test case #357 (1288 total, 0 uniq crashes found)...[0m
[1;94m[*] [0mFuzzing test case #358 (1288 total, 0 uniq crashes found)...[0m
scheduled max input!!!!
schedule: 0 level24_2/ijon_max/0
[1;94m[*] [0mFuzzing test case #359 (1288 total, 0 uniq crashes found)...[0m
scheduled max input!!!!
schedule: 5 level24_2/ijon_max/5
updated maxmap 3: 3a2 (len: 489)
updated maxmap 4: 3ac (len: 489)
updated maxmap 5: 3b6 (len: 489)
[1;94m[*] [0mFuzzing test case #360 (1289 total, 0 uniq crashes found)...[0m
scheduled max input!!!!
schedule: 4 level24_2/ijon_max/4
updated maxmap 2: 313 (len: 495)
[1;94m[*] [0mFuzzing test case #361 (1289 total, 0 uniq crashes found)...[0m
scheduled max input!!!!
schedule: 4 level24_2/ijon_max/4
[1;94m[*] [0mFuzzing test case #362 (1289 total, 0 uniq crashes found)...[0m
scheduled max input!!!!
schedule: 4 level24_2/ijon_max/4
[1;94m[*] [0mFuzzing test case #363 (1289 total, 0 uniq crashes found)...[0m
scheduled max input!!!!
schedule: 0 level24_2/ijon_max/0
[1;94m[*] [0mFuzzing test case #364 (1289 total, 0 uniq crashes found)...[0m
[1;94m[*] [0mFuzzing test case #365 (1289 total, 0 uniq crashes found)...[0m
[1;94m[*] [0mFuzzing test case #366 (1289 total, 0 uniq crashes found)...[0m
scheduled max input!!!!
schedule: 8 level24_2/ijon_max/8
[1;94m[*] [0mFuzzing test case #367 (1289 total, 0 uniq crashes found)...[0m
[1;94m[*] [0mFuzzing test case #368 (1289 total, 0 uniq crashes found)...[0m
scheduled max input!!!!
schedule: 10 level24_2/ijon_max/10
[1;94m[*] [0mFuzzing test case #369 (1289 total, 0 uniq crashes found)...[0m
scheduled max input!!!!
schedule: 5 level24_2/ijon_max/5
[1;94m[*] [0mFuzzing test case #370 (1290 total, 0 uniq crashes found)...[0m
scheduled max input!!!!
schedule: 10 level24_2/ijon_max/10
updated maxmap 9: 373 (len: 467)
updated maxmap 10: 372 (len: 467)
[1;94m[*] [0mFuzzing test case #371 (1290 total, 0 uniq crashes found)...[0m
scheduled max input!!!!
schedule: 7 level24_2/ijon_max/7
[1;94m[*] [0mFuzzing test case #372 (1291 total, 0 uniq crashes found)...[0m
scheduled max input!!!!
schedule: 6 level24_2/ijon_max/6
[1;94m[*] [0mFuzzing test case #373 (1291 total, 0 uniq crashes found)...[0m
scheduled max input!!!!
schedule: 0 level24_2/ijon_max/0
[1;94m[*] [0mFuzzing test case #374 (1291 total, 0 uniq crashes found)...[0m
scheduled max input!!!!
schedule: 2 level24_2/ijon_max/2
updated maxmap 2: 31a (len: 495)
[1;94m[*] [0mFuzzing test case #375 (1291 total, 0 uniq crashes found)...[0m
scheduled max input!!!!
schedule: 0 level24_2/ijon_max/0
[1;94m[*] [0mFuzzing test case #376 (1291 total, 0 uniq crashes found)...[0m
scheduled max input!!!!
schedule: 6 level24_2/ijon_max/6
[1;94m[*] [0mFuzzing test case #377 (1291 total, 0 uniq crashes found)...[0m
scheduled max input!!!!
schedule: 6 level24_2/ijon_max/6
[1;94m[*] [0mFuzzing test case #378 (1291 total, 0 uniq crashes found)...[0m
scheduled max input!!!!
schedule: 0 level24_2/ijon_max/0
[1;94m[*] [0mFuzzing test case #379 (1291 total, 0 uniq crashes found)...[0m
scheduled max input!!!!
schedule: 6 level24_2/ijon_max/6
updated maxmap 7: 3b5 (len: 488)
updated maxmap 6: 3bb (len: 491)
updated maxmap 7: 3bd (len: 491)
updated maxmap 2: 363 (len: 495)
[1;94m[*] [0mFuzzing test case #380 (1293 total, 0 uniq crashes found)...[0m
scheduled max input!!!!
schedule: 5 level24_2/ijon_max/5
[1;94m[*] [0mFuzzing test case #381 (1293 total, 0 uniq crashes found)...[0m
[1;94m[*] [0mFuzzing test case #382 (1293 total, 0 uniq crashes found)...[0m
scheduled max input!!!!
schedule: 9 level24_2/ijon_max/9
updated maxmap 11: 370 (len: 467)
[1;94m[*] [0mFuzzing test case #383 (1293 total, 0 uniq crashes found)...[0m
scheduled max input!!!!
schedule: 4 level24_2/ijon_max/4
[1;94m[*] [0mFuzzing test case #384 (1294 total, 0 uniq crashes found)...[0m
scheduled max input!!!!
schedule: 3 level24_2/ijon_max/3
updated maxmap 6: 3be (len: 492)
[1;94m[*] [0mFuzzing test case #385 (1295 total, 0 uniq crashes found)...[0m
scheduled max input!!!!
schedule: 9 level24_2/ijon_max/9
[1;94m[*] [0mFuzzing test case #386 (1295 total, 0 uniq crashes found)...[0m
scheduled max input!!!!
schedule: 1 level24_2/ijon_max/1
[1;94m[*] [0mFuzzing test case #387 (1295 total, 0 uniq crashes found)...[0m
scheduled max input!!!!
schedule: 6 level24_2/ijon_max/6
[1;94m[*] [0mFuzzing test case #388 (1296 total, 0 uniq crashes found)...[0m
scheduled max input!!!!
schedule: 0 level24_2/ijon_max/0
[1;94m[*] [0mFuzzing test case #389 (1296 total, 0 uniq crashes found)...[0m
[1;94m[*] [0mFuzzing test case #390 (1296 total, 0 uniq crashes found)...[0m
scheduled max input!!!!
schedule: 7 level24_2/ijon_max/7
updated maxmap 7: 3c5 (len: 494)
[1;94m[*] [0mFuzzing test case #391 (1296 total, 0 uniq crashes found)...[0m
scheduled max input!!!!
schedule: 2 level24_2/ijon_max/2
updated maxmap 2: 36f (len: 507)
[1;94m[*] [0mFuzzing test case #392 (1296 total, 0 uniq crashes found)...[0m
scheduled max input!!!!
schedule: 1 level24_2/ijon_max/1
[1;94m[*] [0mFuzzing test case #393 (1296 total, 0 uniq crashes found)...[0m
[1;94m[*] [0mFuzzing test case #394 (1296 total, 0 uniq crashes found)...[0m
scheduled max input!!!!
schedule: 3 level24_2/ijon_max/3
[1;94m[*] [0mFuzzing test case #395 (1296 total, 0 uniq crashes found)...[0m
[1;94m[*] [0mFuzzing test case #396 (1296 total, 0 uniq crashes found)...[0m
[1;94m[*] [0mFuzzing test case #397 (1296 total, 0 uniq crashes found)...[0m
scheduled max input!!!!
schedule: 0 level24_2/ijon_max/0
[1;94m[*] [0mFuzzing test case #398 (1296 total, 0 uniq crashes found)...[0m
scheduled max input!!!!
schedule: 11 level24_2/ijon_max/11
[1;94m[*] [0mFuzzing test case #399 (1296 total, 0 uniq crashes found)...[0m
[1;94m[*] [0mFuzzing test case #400 (1296 total, 0 uniq crashes found)...[0m
scheduled max input!!!!
schedule: 11 level24_2/ijon_max/11
[1;94m[*] [0mFuzzing test case #401 (1296 total, 0 uniq crashes found)...[0m
scheduled max input!!!!
schedule: 6 level24_2/ijon_max/6
updated maxmap 6: 3bf (len: 497)
updated maxmap 7: 3c9 (len: 497)
[1;94m[*] [0mFuzzing test case #402 (1296 total, 0 uniq crashes found)...[0m
scheduled max input!!!!
schedule: 5 level24_2/ijon_max/5
[1;94m[*] [0mFuzzing test case #403 (1296 total, 0 uniq crashes found)...[0m
scheduled max input!!!!
schedule: 2 level24_2/ijon_max/2
[1;94m[*] [0mFuzzing test case #404 (1297 total, 0 uniq crashes found)...[0m
scheduled max input!!!!
schedule: 3 level24_2/ijon_max/3
[1;94m[*] [0mFuzzing test case #405 (1298 total, 0 uniq crashes found)...[0m
scheduled max input!!!!
schedule: 8 level24_2/ijon_max/8
[1;94m[*] [0mFuzzing test case #406 (1299 total, 0 uniq crashes found)...[0m
scheduled max input!!!!
schedule: 8 level24_2/ijon_max/8
[1;94m[*] [0mFuzzing test case #407 (1299 total, 0 uniq crashes found)...[0m
scheduled max input!!!!
schedule: 1 level24_2/ijon_max/1
[1;94m[*] [0mFuzzing test case #408 (1299 total, 0 uniq crashes found)...[0m
scheduled max input!!!!
schedule: 4 level24_2/ijon_max/4
[1;94m[*] [0mFuzzing test case #409 (1299 total, 0 uniq crashes found)...[0m
[1;94m[*] [0mFuzzing test case #410 (1299 total, 0 uniq crashes found)...[0m
[1;94m[*] [0mFuzzing test case #411 (1299 total, 0 uniq crashes found)...[0m
[1;94m[*] [0mFuzzing test case #412 (1299 total, 0 uniq crashes found)...[0m
scheduled max input!!!!
schedule: 11 level24_2/ijon_max/11
[1;94m[*] [0mFuzzing test case #413 (1299 total, 0 uniq crashes found)...[0m
scheduled max input!!!!
schedule: 11 level24_2/ijon_max/11
[1;94m[*] [0mFuzzing test case #414 (1299 total, 0 uniq crashes found)...[0m
[1;94m[*] [0mFuzzing test case #415 (1299 total, 0 uniq crashes found)...[0m
[1;94m[*] [0mFuzzing test case #416 (1299 total, 0 uniq crashes found)...[0m
scheduled max input!!!!
schedule: 2 level24_2/ijon_max/2
[1;94m[*] [0mFuzzing test case #417 (1299 total, 0 uniq crashes found)...[0m
scheduled max input!!!!
schedule: 8 level24_2/ijon_max/8
[1;94m[*] [0mFuzzing test case #418 (1299 total, 0 uniq crashes found)...[0m
scheduled max input!!!!
schedule: 5 level24_2/ijon_max/5
[1;94m[*] [0mFuzzing test case #419 (1299 total, 0 uniq crashes found)...[0m
[1;94m[*] [0mFuzzing test case #420 (1299 total, 0 uniq crashes found)...[0m
scheduled max input!!!!
schedule: 5 level24_2/ijon_max/5
[1;94m[*] [0mFuzzing test case #421 (1300 total, 0 uniq crashes found)...[0m
scheduled max input!!!!
schedule: 8 level24_2/ijon_max/8
[1;94m[*] [0mFuzzing test case #422 (1301 total, 0 uniq crashes found)...[0m
[1;94m[*] [0mFuzzing test case #423 (1301 total, 0 uniq crashes found)...[0m
scheduled max input!!!!
schedule: 6 level24_2/ijon_max/6
updated maxmap 8: 3c9 (len: 497)
updated maxmap 3: 3a9 (len: 497)
updated maxmap 4: 3b3 (len: 497)
updated maxmap 5: 3bd (len: 497)
updated maxmap 6: 3c7 (len: 497)
[1;94m[*] [0mFuzzing test case #424 (1301 total, 0 uniq crashes found)...[0m
scheduled max input!!!!
schedule: 1 level24_2/ijon_max/1
[1;94m[*] [0mFuzzing test case #425 (1301 total, 0 uniq crashes found)...[0m
scheduled max input!!!!
schedule: 5 level24_2/ijon_max/5
updated maxmap 7: 3ca (len: 497)
[1;94m[*] [0mFuzzing test case #426 (1301 total, 0 uniq crashes found)...[0m
[1;94m[*] [0mFuzzing test case #427 (1301 total, 0 uniq crashes found)...[0m
[1;94m[*] [0mFuzzing test case #428 (1301 total, 0 uniq crashes found)...[0m
scheduled max input!!!!
schedule: 7 level24_2/ijon_max/7
updated maxmap 3: 3aa (len: 497)
updated maxmap 4: 3b4 (len: 497)
updated maxmap 5: 3be (len: 497)
updated maxmap 6: 3c8 (len: 497)
[1;94m[*] [0mFuzzing test case #429 (1301 total, 0 uniq crashes found)...[0m
scheduled max input!!!!
schedule: 9 level24_2/ijon_max/9
[1;94m[*] [0mFuzzing test case #430 (1301 total, 0 uniq crashes found)...[0m
[1;94m[*] [0mFuzzing test case #431 (1301 total, 0 uniq crashes found)...[0m
scheduled max input!!!!
schedule: 10 level24_2/ijon_max/10
[1;94m[*] [0mFuzzing test case #432 (1301 total, 0 uniq crashes found)...[0m
[1;94m[*] [0mFuzzing test case #433 (1301 total, 0 uniq crashes found)...[0m
scheduled max input!!!!
schedule: 9 level24_2/ijon_max/9
[1;94m[*] [0mFuzzing test case #434 (1301 total, 0 uniq crashes found)...[0m
scheduled max input!!!!
schedule: 4 level24_2/ijon_max/4
updated maxmap 7: 3cf (len: 503)
updated maxmap 8: 3d0 (len: 503)
updated maxmap 7: 3d0 (len: 501)
updated maxmap 7: 3d1 (len: 502)
updated maxmap 8: 3d1 (len: 502)
[1;94m[*] [0mFuzzing test case #435 (1304 total, 0 uniq crashes found)...[0m
scheduled max input!!!!
schedule: 10 level24_2/ijon_max/10
[1;94m[*] [0mFuzzing test case #436 (1304 total, 0 uniq crashes found)...[0m
scheduled max input!!!!
schedule: 4 level24_2/ijon_max/4
[1;94m[*] [0mFuzzing test case #437 (1304 total, 0 uniq crashes found)...[0m
scheduled max input!!!!
schedule: 1 level24_2/ijon_max/1
[1;94m[*] [0mFuzzing test case #438 (1304 total, 0 uniq crashes found)...[0m
[1;94m[*] [0mFuzzing test case #439 (1304 total, 0 uniq crashes found)...[0m
[1;94m[*] [0mFuzzing test case #440 (1304 total, 0 uniq crashes found)...[0m
scheduled max input!!!!
schedule: 11 level24_2/ijon_max/11
[1;94m[*] [0mFuzzing test case #441 (1304 total, 0 uniq crashes found)...[0m
scheduled max input!!!!
schedule: 3 level24_2/ijon_max/3
updated maxmap 9: 3ca (len: 497)
[1;94m[*] [0mFuzzing test case #442 (1304 total, 0 uniq crashes found)...[0m
scheduled max input!!!!
schedule: 6 level24_2/ijon_max/6
updated maxmap 3: 3ac (len: 498)
updated maxmap 4: 3b6 (len: 498)
updated maxmap 5: 3c0 (len: 498)
updated maxmap 6: 3ca (len: 498)
[1;94m[*] [0mFuzzing test case #443 (1305 total, 0 uniq crashes found)...[0m
[1;94m[*] [0mFuzzing test case #444 (1305 total, 0 uniq crashes found)...[0m
scheduled max input!!!!
schedule: 11 level24_2/ijon_max/11
[1;94m[*] [0mFuzzing test case #445 (1305 total, 0 uniq crashes found)...[0m
scheduled max input!!!!
schedule: 11 level24_2/ijon_max/11
[1;94m[*] [0mFuzzing test case #446 (1305 total, 0 uniq crashes found)...[0m
scheduled max input!!!!
schedule: 7 level24_2/ijon_max/7
[1;94m[*] [0mFuzzing test case #447 (1306 total, 0 uniq crashes found)...[0m
scheduled max input!!!!
schedule: 5 level24_2/ijon_max/5
[1;94m[*] [0mFuzzing test case #448 (1306 total, 0 uniq crashes found)...[0m
scheduled max input!!!!
schedule: 7 level24_2/ijon_max/7
updated maxmap 8: 3d4 (len: 502)
updated maxmap 9: 3d6 (len: 502)
updated maxmap 9: 3de (len: 509)
updated maxmap 10: 3e8 (len: 509)
[1;94m[*] [0mFuzzing test case #449 (1307 total, 0 uniq crashes found)...[0m
[1;94m[*] [0mFuzzing test case #450 (1307 total, 0 uniq crashes found)...[0m
scheduled max input!!!!
schedule: 1 level24_2/ijon_max/1
[1;94m[*] [0mFuzzing test case #451 (1307 total, 0 uniq crashes found)...[0m
scheduled max input!!!!
schedule: 4 level24_2/ijon_max/4
[1;94m[*] [0mFuzzing test case #452 (1307 total, 0 uniq crashes found)...[0m
scheduled max input!!!!
schedule: 8 level24_2/ijon_max/8
[1;94m[*] [0mFuzzing test case #453 (1307 total, 0 uniq crashes found)...[0m
scheduled max input!!!!
schedule: 1 level24_2/ijon_max/1
[1;94m[*] [0mFuzzing test case #454 (1307 total, 0 uniq crashes found)...[0m
[1;94m[*] [0mFuzzing test case #455 (1307 total, 0 uniq crashes found)...[0m
scheduled max input!!!!
schedule: 4 level24_2/ijon_max/4
[1;94m[*] [0mFuzzing test case #456 (1307 total, 0 uniq crashes found)...[0m
scheduled max input!!!!
schedule: 6 level24_2/ijon_max/6
[1;94m[*] [0mFuzzing test case #457 (1307 total, 0 uniq crashes found)...[0m
scheduled max input!!!!
schedule: 10 level24_2/ijon_max/10
updated maxmap 10: 3f6 (len: 515)
updated maxmap 11: 3f1 (len: 515)
updated maxmap 9: 3fb (len: 517)
updated maxmap 9: 3fc (len: 517)
updated maxmap 1: 3aa (len: 509)
updated maxmap 2: 3bb (len: 509)
updated maxmap 3: 3e8 (len: 509)
updated maxmap 4: 3de (len: 509)
updated maxmap 5: 3d7 (len: 509)
updated maxmap 10: 3fa (len: 517)
updated maxmap 11: 3f3 (len: 517)
[1;94m[*] [0mFuzzing test case #458 (1320 total, 0 uniq crashes found)...[0m
[1;94m[*] [0mFuzzing test case #459 (1320 total, 0 uniq crashes found)...[0m
scheduled max input!!!!
schedule: 3 level24_2/ijon_max/3
updated maxmap 3: 3ed (len: 511)
updated maxmap 6: 3d0 (len: 509)
[1;94m[*] [0mFuzzing test case #460 (1320 total, 0 uniq crashes found)...[0m
scheduled max input!!!!
schedule: 11 level24_2/ijon_max/11
[1;94m[*] [0mFuzzing test case #461 (1320 total, 0 uniq crashes found)...[0m
scheduled max input!!!!
schedule: 7 level24_2/ijon_max/7
[1;94m[*] [0mFuzzing test case #462 (1320 total, 0 uniq crashes found)...[0m
scheduled max input!!!!
schedule: 6 level24_2/ijon_max/6
updated maxmap 6: 3d3 (len: 509)
[1;94m[*] [0mFuzzing test case #463 (1320 total, 0 uniq crashes found)...[0m
scheduled max input!!!!
schedule: 3 level24_2/ijon_max/3
[1;94m[*] [0mFuzzing test case #464 (1320 total, 0 uniq crashes found)...[0m
scheduled max input!!!!
schedule: 0 level24_2/ijon_max/0
updated maxmap 0: 241 (len: 407)
[1;94m[*] [0mFuzzing test case #465 (1320 total, 0 uniq crashes found)...[0m
scheduled max input!!!!
schedule: 3 level24_2/ijon_max/3
updated maxmap 5: 3de (len: 515)
[1;94m[*] [0mFuzzing test case #466 (1320 total, 0 uniq crashes found)...[0m
[1;94m[*] [0mFuzzing test case #467 (1320 total, 0 uniq crashes found)...[0m
[1;94m[*] [0mFuzzing test case #468 (1320 total, 0 uniq crashes found)...[0m
scheduled max input!!!!
schedule: 2 level24_2/ijon_max/2
updated maxmap 3: 3f9 (len: 516)
[1;94m[*] [0mFuzzing test case #469 (1322 total, 0 uniq crashes found)...[0m
scheduled max input!!!!
schedule: 0 level24_2/ijon_max/0
[1;94m[*] [0mFuzzing test case #470 (1322 total, 0 uniq crashes found)...[0m
scheduled max input!!!!
schedule: 11 level24_2/ijon_max/11
updated maxmap 10: 3fe (len: 521)
updated maxmap 11: 3fa (len: 521)
updated maxmap 9: 403 (len: 521)
[1;94m[*] [0mFuzzing test case #471 (1324 total, 0 uniq crashes found)...[0m
scheduled max input!!!!
schedule: 8 level24_2/ijon_max/8
[1;94m[*] [0mFuzzing test case #472 (1324 total, 0 uniq crashes found)...[0m
scheduled max input!!!!
schedule: 6 level24_2/ijon_max/6
updated maxmap 1: 3c4 (len: 509)
updated maxmap 2: 3cb (len: 509)
[1;94m[*] [0mFuzzing test case #473 (1325 total, 0 uniq crashes found)...[0m
scheduled max input!!!!
schedule: 9 level24_2/ijon_max/9
updated maxmap 9: 404 (len: 521)
updated maxmap 9: 405 (len: 521)
[1;94m[*] [0mFuzzing test case #474 (1327 total, 0 uniq crashes found)...[0m
scheduled max input!!!!
schedule: 10 level24_2/ijon_max/10
updated maxmap 10: 3ff (len: 521)
updated maxmap 11: 3fb (len: 521)
[1;94m[*] [0mFuzzing test case #475 (1327 total, 0 uniq crashes found)...[0m
[1;94m[*] [0mFuzzing test case #476 (1327 total, 0 uniq crashes found)...[0m
scheduled max input!!!!
schedule: 3 level24_2/ijon_max/3
updated maxmap 9: 40a (len: 524)
updated maxmap 10: 40c (len: 524)
[1;94m[*] [0mFuzzing test case #477 (1327 total, 0 uniq crashes found)...[0m
scheduled max input!!!!
schedule: 8 level24_2/ijon_max/8
[1;94m[*] [0mFuzzing test case #478 (1328 total, 0 uniq crashes found)...[0m
scheduled max input!!!!
schedule: 8 level24_2/ijon_max/8
[1;94m[*] [0mFuzzing test case #479 (1328 total, 0 uniq crashes found)...[0m
scheduled max input!!!!
schedule: 3 level24_2/ijon_max/3
updated maxmap 3: 3fc (len: 518)
updated maxmap 4: 3fd (len: 518)
[1;94m[*] [0mFuzzing test case #480 (1329 total, 0 uniq crashes found)...[0m
[1;94m[*] [0mFuzzing test case #481 (1329 total, 0 uniq crashes found)...[0m
scheduled max input!!!!
schedule: 5 level24_2/ijon_max/5
[1;94m[*] [0mFuzzing test case #482 (1329 total, 0 uniq crashes found)...[0m
scheduled max input!!!!
schedule: 7 level24_2/ijon_max/7
[1;94m[*] [0mFuzzing test case #483 (1329 total, 0 uniq crashes found)...[0m
scheduled max input!!!!
schedule: 1 level24_2/ijon_max/1
updated maxmap 1: 3c5 (len: 509)
updated maxmap 2: 3cc (len: 509)
[1;94m[*] [0mFuzzing test case #484 (1329 total, 0 uniq crashes found)...[0m
scheduled max input!!!!
schedule: 11 level24_2/ijon_max/11
[1;94m[*] [0mFuzzing test case #485 (1329 total, 0 uniq crashes found)...[0m
scheduled max input!!!!
schedule: 9 level24_2/ijon_max/9
updated maxmap 9: 40b (len: 524)
updated maxmap 9: 40c (len: 524)
updated maxmap 9: 40d (len: 526)
updated maxmap 10: 410 (len: 526)
updated maxmap 8: 3ff (len: 524)
[1;94m[*] [0mFuzzing test case #486 (1332 total, 0 uniq crashes found)...[0m
[1;94m[*] [0mFuzzing test case #487 (1332 total, 0 uniq crashes found)...[0m
scheduled max input!!!!
schedule: 9 level24_2/ijon_max/9
updated maxmap 9: 40e (len: 526)
updated maxmap 10: 411 (len: 526)
[1;94m[*] [0mFuzzing test case #488 (1332 total, 0 uniq crashes found)...[0m
scheduled max input!!!!
schedule: 10 level24_2/ijon_max/10
updated maxmap 9: 414 (len: 527)
updated maxmap 9: 416 (len: 528)
updated maxmap 10: 413 (len: 527)
[1;94m[*] [0mFuzzing test case #489 (1334 total, 0 uniq crashes found)...[0m
scheduled max input!!!!
schedule: 3 level24_2/ijon_max/3
updated maxmap 4: 3fe (len: 518)
[1;94m[*] [0mFuzzing test case #490 (1334 total, 0 uniq crashes found)...[0m
scheduled max input!!!!
schedule: 4 level24_2/ijon_max/4
updated maxmap 4: 405 (len: 521)
[1;94m[*] [0mFuzzing test case #491 (1335 total, 0 uniq crashes found)...[0m
scheduled max input!!!!
schedule: 3 level24_2/ijon_max/3
[1;94m[*] [0mFuzzing test case #492 (1335 total, 0 uniq crashes found)...[0m
scheduled max input!!!!
schedule: 7 level24_2/ijon_max/7
[1;94m[*] [0mFuzzing test case #493 (1335 total, 0 uniq crashes found)...[0m
scheduled max input!!!!
schedule: 2 level24_2/ijon_max/2
updated maxmap 5: 3df (len: 509)
[1;94m[*] [0mFuzzing test case #494 (1335 total, 0 uniq crashes found)...[0m
scheduled max input!!!!
schedule: 2 level24_2/ijon_max/2
[1;94m[*] [0mFuzzing test case #495 (1335 total, 0 uniq crashes found)...[0m
scheduled max input!!!!
schedule: 6 level24_2/ijon_max/6
[1;94m[*] [0mFuzzing test case #496 (1335 total, 0 uniq crashes found)...[0m
scheduled max input!!!!
schedule: 11 level24_2/ijon_max/11
updated maxmap 10: 416 (len: 528)
[1;94m[*] [0mFuzzing test case #497 (1336 total, 0 uniq crashes found)...[0m
scheduled max input!!!!
schedule: 8 level24_2/ijon_max/8
updated maxmap 8: 400 (len: 524)
updated maxmap 9: 41f (len: 532)
[1;94m[*] [0mFuzzing test case #498 (1337 total, 0 uniq crashes found)...[0m
scheduled max input!!!!
schedule: 1 level24_2/ijon_max/1
[1;94m[*] [0mFuzzing test case #499 (1337 total, 0 uniq crashes found)...[0m
scheduled max input!!!!
schedule: 2 level24_2/ijon_max/2
updated maxmap 2: 3cd (len: 509)
[1;94m[*] [0mFuzzing test case #500 (1337 total, 0 uniq crashes found)...[0m
scheduled max input!!!!
schedule: 11 level24_2/ijon_max/11
[1;94m[*] [0mFuzzing test case #501 (1337 total, 0 uniq crashes found)...[0m
scheduled max input!!!!
schedule: 1 level24_2/ijon_max/1
[1;94m[*] [0mFuzzing test case #502 (1337 total, 0 uniq crashes found)...[0m
scheduled max input!!!!
schedule: 5 level24_2/ijon_max/5
updated maxmap 0: 3c0 (len: 515)
updated maxmap 1: 3cf (len: 515)
updated maxmap 2: 3d9 (len: 515)
[1;94m[*] [0mFuzzing test case #503 (1338 total, 0 uniq crashes found)...[0m
scheduled max input!!!!
schedule: 9 level24_2/ijon_max/9
updated maxmap 10: 41e (len: 540)
updated maxmap 11: 41d (len: 540)
minimized maxmap 10: 41e (len: 537)
minimized maxmap 10: 41e (len: 532)
updated maxmap 9: 423 (len: 534)
updated maxmap 8: 41f (len: 532)
updated maxmap 8: 420 (len: 532)
updated maxmap 10: 41f (len: 537)
updated maxmap 11: 41f (len: 532)
updated maxmap 7: 431 (len: 539)
updated maxmap 8: 42c (len: 539)
updated maxmap 9: 425 (len: 539)
[1;94m[*] [0mFuzzing test case #504 (1347 total, 0 uniq crashes found)...[0m
[1;94m[*] [0mFuzzing test case #505 (1347 total, 0 uniq crashes found)...[0m
scheduled max input!!!!
schedule: 2 level24_2/ijon_max/2
updated maxmap 0: 3c1 (len: 515)
updated maxmap 1: 3d0 (len: 515)
updated maxmap 2: 3da (len: 515)
updated maxmap 0: 3c2 (len: 515)
updated maxmap 1: 3d1 (len: 515)
updated maxmap 2: 3db (len: 515)
updated maxmap 0: 3c3 (len: 515)
updated maxmap 1: 3d2 (len: 515)
updated maxmap 2: 3dc (len: 515)
[1;94m[*] [0mFuzzing test case #506 (1348 total, 0 uniq crashes found)...[0m
scheduled max input!!!!
schedule: 5 level24_2/ijon_max/5
[1;94m[*] [0mFuzzing test case #507 (1348 total, 0 uniq crashes found)...[0m
[1;94m[*] [0mFuzzing test case #508 (1348 total, 0 uniq crashes found)...[0m
scheduled max input!!!!
schedule: 7 level24_2/ijon_max/7
updated maxmap 7: 432 (len: 539)
updated maxmap 8: 42d (len: 539)
[1;94m[*] [0mFuzzing test case #509 (1349 total, 0 uniq crashes found)...[0m
scheduled max input!!!!
schedule: 6 level24_2/ijon_max/6
[1;94m[*] [0mFuzzing test case #510 (1349 total, 0 uniq crashes found)...[0m
scheduled max input!!!!
schedule: 11 level24_2/ijon_max/11
[1;94m[*] [0mFuzzing test case #511 (1349 total, 0 uniq crashes found)...[0m
scheduled max input!!!!
schedule: 0 level24_2/ijon_max/0
[1;94m[*] [0mFuzzing test case #512 (1350 total, 0 uniq crashes found)...[0m
scheduled max input!!!!
schedule: 1 level24_2/ijon_max/1
[1;94m[*] [0mFuzzing test case #513 (1350 total, 0 uniq crashes found)...[0m
scheduled max input!!!!
schedule: 6 level24_2/ijon_max/6
[1;94m[*] [0mFuzzing test case #514 (1350 total, 0 uniq crashes found)...[0m
scheduled max input!!!!
schedule: 5 level24_2/ijon_max/5
[1;94m[*] [0mFuzzing test case #515 (1350 total, 0 uniq crashes found)...[0m
scheduled max input!!!!
schedule: 9 level24_2/ijon_max/9
updated maxmap 9: 42a (len: 549)
minimized maxmap 9: 42a (len: 539)
[1;94m[*] [0mFuzzing test case #516 (1350 total, 0 uniq crashes found)...[0m
scheduled max input!!!!
schedule: 6 level24_2/ijon_max/6
[1;94m[*] [0mFuzzing test case #517 (1350 total, 0 uniq crashes found)...[0m
scheduled max input!!!!
schedule: 9 level24_2/ijon_max/9
[1;94m[*] [0mFuzzing test case #518 (1351 total, 0 uniq crashes found)...[0m
scheduled max input!!!!
schedule: 7 level24_2/ijon_max/7
[1;94m[*] [0mFuzzing test case #519 (1351 total, 0 uniq crashes found)...[0m
scheduled max input!!!!
schedule: 8 level24_2/ijon_max/8
updated maxmap 7: 442 (len: 546)
[1;94m[*] [0mFuzzing test case #520 (1352 total, 0 uniq crashes found)...[0m
scheduled max input!!!!
schedule: 11 level24_2/ijon_max/11
[1;94m[*] [0mFuzzing test case #521 (1353 total, 0 uniq crashes found)...[0m
[1;94m[*] [0mFuzzing test case #522 (1353 total, 0 uniq crashes found)...[0m
scheduled max input!!!!
schedule: 3 level24_2/ijon_max/3
[1;94m[*] [0mFuzzing test case #523 (1353 total, 0 uniq crashes found)...[0m
scheduled max input!!!!
schedule: 0 level24_2/ijon_max/0
[1;94m[*] [0mFuzzing test case #524 (1353 total, 0 uniq crashes found)...[0m
scheduled max input!!!!
schedule: 7 level24_2/ijon_max/7
[1;94m[*] [0mFuzzing test case #525 (1353 total, 0 uniq crashes found)...[0m
scheduled max input!!!!
schedule: 3 level24_2/ijon_max/3
[1;94m[*] [0mFuzzing test case #526 (1354 total, 0 uniq crashes found)...[0m
[1;94m[*] [0mFuzzing test case #527 (1354 total, 0 uniq crashes found)...[0m
scheduled max input!!!!
schedule: 0 level24_2/ijon_max/0
[1;94m[*] [0mFuzzing test case #528 (1354 total, 0 uniq crashes found)...[0m
scheduled max input!!!!
schedule: 2 level24_2/ijon_max/2
[1;94m[*] [0mFuzzing test case #529 (1354 total, 0 uniq crashes found)...[0m
scheduled max input!!!!
schedule: 10 level24_2/ijon_max/10
[1;94m[*] [0mFuzzing test case #530 (1354 total, 0 uniq crashes found)...[0m
scheduled max input!!!!
schedule: 7 level24_2/ijon_max/7
updated maxmap 7: 444 (len: 547)
[1;94m[*] [0mFuzzing test case #531 (1354 total, 0 uniq crashes found)...[0m
scheduled max input!!!!
schedule: 11 level24_2/ijon_max/11
[1;94m[*] [0mFuzzing test case #532 (1354 total, 0 uniq crashes found)...[0m
scheduled max input!!!!
schedule: 1 level24_2/ijon_max/1
[1;94m[*] [0mFuzzing test case #533 (1354 total, 0 uniq crashes found)...[0m
scheduled max input!!!!
schedule: 2 level24_2/ijon_max/2
updated maxmap 2: 3f4 (len: 515)
updated maxmap 1: 3f7 (len: 515)
updated maxmap 2: 3f6 (len: 515)
updated maxmap 2: 3f7 (len: 515)
[1;94m[*] [0mFuzzing test case #534 (1355 total, 0 uniq crashes found)...[0m
scheduled max input!!!!
schedule: 2 level24_2/ijon_max/2
updated maxmap 2: 3f9 (len: 516)
[1;94m[*] [0mFuzzing test case #535 (1355 total, 0 uniq crashes found)...[0m
scheduled max input!!!!
schedule: 5 level24_2/ijon_max/5
[1;94m[*] [0mFuzzing test case #536 (1355 total, 0 uniq crashes found)...[0m
scheduled max input!!!!
schedule: 3 level24_2/ijon_max/3
[1;94m[*] [0mFuzzing test case #537 (1355 total, 0 uniq crashes found)...[0m
scheduled max input!!!!
schedule: 4 level24_2/ijon_max/4
[1;94m[*] [0mFuzzing test case #538 (1355 total, 0 uniq crashes found)...[0m
scheduled max input!!!!
schedule: 0 level24_2/ijon_max/0
[1;94m[*] [0mFuzzing test case #539 (1355 total, 0 uniq crashes found)...[0m
scheduled normal input!!!!
[1;94m[*] [0mFuzzing test case #540 (1355 total, 0 uniq crashes found)...[0m
scheduled max input!!!!
schedule: 7 level24_2/ijon_max/7
updated maxmap 7: 44c (len: 555)
updated maxmap 8: 456 (len: 555)
updated maxmap 9: 458 (len: 555)
updated maxmap 7: 44e (len: 553)
updated maxmap 6: 444 (len: 547)
updated maxmap 10: 427 (len: 547)
updated maxmap 11: 420 (len: 555)
[1;94m[*] [0mFuzzing test case #541 (1368 total, 0 uniq crashes found)...[0m
scheduled max input!!!!
schedule: 2 level24_2/ijon_max/2
[1;94m[*] [0mFuzzing test case #542 (1368 total, 0 uniq crashes found)...[0m
scheduled max input!!!!
schedule: 1 level24_2/ijon_max/1
updated maxmap 2: 3fa (len: 517)
updated maxmap 1: 3fe (len: 519)
[1;94m[*] [0mFuzzing test case #543 (1368 total, 0 uniq crashes found)...[0m
scheduled max input!!!!
schedule: 7 level24_2/ijon_max/7
updated maxmap 8: 458 (len: 557)
updated maxmap 9: 45d (len: 557)
[1;94m[*] [0mFuzzing test case #544 (1369 total, 0 uniq crashes found)...[0m
scheduled max input!!!!
schedule: 4 level24_2/ijon_max/4
[1;94m[*] [0mFuzzing test case #545 (1369 total, 0 uniq crashes found)...[0m
[1;94m[*] [0mFuzzing test case #546 (1369 total, 0 uniq crashes found)...[0m
scheduled max input!!!!
schedule: 3 level24_2/ijon_max/3
updated maxmap 5: 40f (len: 526)
[1;94m[*] [0mFuzzing test case #547 (1369 total, 0 uniq crashes found)...[0m
scheduled max input!!!!
schedule: 9 level24_2/ijon_max/9
updated maxmap 7: 450 (len: 557)
updated maxmap 8: 45a (len: 557)
[1;94m[*] [0mFuzzing test case #548 (1369 total, 0 uniq crashes found)...[0m
scheduled max input!!!!
schedule: 8 level24_2/ijon_max/8
updated maxmap 9: 461 (len: 559)
updated maxmap 7: 451 (len: 557)
updated maxmap 8: 45b (len: 557)
[1;94m[*] [0mFuzzing test case #549 (1370 total, 0 uniq crashes found)...[0m
scheduled max input!!!!
schedule: 11 level24_2/ijon_max/11
updated maxmap 10: 435 (len: 555)
updated maxmap 6: 458 (len: 562)
updated maxmap 7: 462 (len: 562)
updated maxmap 8: 46a (len: 562)
[1;94m[*] [0mFuzzing test case #550 (1376 total, 0 uniq crashes found)...[0m
scheduled max input!!!!
schedule: 0 level24_2/ijon_max/0
[1;94m[*] [0mFuzzing test case #551 (1376 total, 0 uniq crashes found)...[0m
scheduled max input!!!!
schedule: 3 level24_2/ijon_max/3
[1;94m[*] [0mFuzzing test case #552 (1376 total, 0 uniq crashes found)...[0m
scheduled max input!!!!
schedule: 8 level24_2/ijon_max/8
[1;94m[*] [0mFuzzing test case #553 (1376 total, 0 uniq crashes found)...[0m
scheduled max input!!!!
schedule: 2 level24_2/ijon_max/2
updated maxmap 2: 3fc (len: 517)
[1;94m[*] [0mFuzzing test case #554 (1378 total, 0 uniq crashes found)...[0m
[1;94m[*] [0mFuzzing test case #555 (1378 total, 0 uniq crashes found)...[0m
scheduled max input!!!!
schedule: 0 level24_2/ijon_max/0
[1;94m[*] [0mFuzzing test case #556 (1378 total, 0 uniq crashes found)...[0m
scheduled max input!!!!
schedule: 4 level24_2/ijon_max/4
[1;94m[*] [0mFuzzing test case #557 (1379 total, 0 uniq crashes found)...[0m
scheduled max input!!!!
schedule: 11 level24_2/ijon_max/11
[1;94m[*] [0mFuzzing test case #558 (1379 total, 0 uniq crashes found)...[0m
scheduled max input!!!!
schedule: 8 level24_2/ijon_max/8
updated maxmap 6: 459 (len: 562)
updated maxmap 7: 463 (len: 562)
updated maxmap 9: 467 (len: 562)
updated maxmap 10: 469 (len: 562)
updated maxmap 8: 46c (len: 569)
updated maxmap 9: 476 (len: 569)
updated maxmap 10: 47b (len: 569)
updated maxmap 5: 44d (len: 562)
updated maxmap 6: 45c (len: 562)
updated maxmap 7: 466 (len: 562)
minimized maxmap 8: 46c (len: 567)
minimized maxmap 9: 476 (len: 567)
updated maxmap 10: 47e (len: 570)
updated maxmap 8: 46d (len: 569)
updated maxmap 9: 477 (len: 569)
updated maxmap 5: 44f (len: 563)
minimized maxmap 8: 46d (len: 563)
minimized maxmap 5: 44f (len: 562)
updated maxmap 11: 46a (len: 562)
[1;94m[*] [0mFuzzing test case #559 (1393 total, 0 uniq crashes found)...[0m
scheduled max input!!!!
schedule: 8 level24_2/ijon_max/8
updated maxmap 11: 46c (len: 563)
[1;94m[*] [0mFuzzing test case #560 (1393 total, 0 uniq crashes found)...[0m
scheduled max input!!!!
schedule: 10 level24_2/ijon_max/10
[1;94m[*] [0mFuzzing test case #561 (1393 total, 0 uniq crashes found)...[0m
scheduled max input!!!!
schedule: 10 level24_2/ijon_max/10
[1;94m[*] [0mFuzzing test case #562 (1393 total, 0 uniq crashes found)...[0m
scheduled max input!!!!
schedule: 1 level24_2/ijon_max/1
updated maxmap 1: 3ff (len: 519)
[1;94m[*] [0mFuzzing test case #563 (1393 total, 0 uniq crashes found)...[0m
scheduled max input!!!!
schedule: 4 level24_2/ijon_max/4
[1;94m[*] [0mFuzzing test case #564 (1393 total, 0 uniq crashes found)...[0m
scheduled max input!!!!
schedule: 5 level24_2/ijon_max/5
[1;94m[*] [0mFuzzing test case #565 (1393 total, 0 uniq crashes found)...[0m
[1;94m[*] [0mFuzzing test case #566 (1393 total, 0 uniq crashes found)...[0m
scheduled max input!!!!
schedule: 9 level24_2/ijon_max/9
updated maxmap 9: 47c (len: 569)
updated maxmap 11: 46d (len: 569)
updated maxmap 9: 489 (len: 577)
updated maxmap 11: 475 (len: 571)
minimized maxmap 9: 489 (len: 576)
updated maxmap 8: 481 (len: 576)
updated maxmap 5: 451 (len: 569)
updated maxmap 11: 476 (len: 574)
minimized maxmap 11: 476 (len: 569)
[1;94m[*] [0mFuzzing test case #567 (1400 total, 0 uniq crashes found)...[0m
scheduled max input!!!!
schedule: 2 level24_2/ijon_max/2
[1;94m[*] [0mFuzzing test case #568 (1400 total, 0 uniq crashes found)...[0m
[1;94m[*] [0mFuzzing test case #569 (1400 total, 0 uniq crashes found)...[0m
[1;94m[*] [0mFuzzing test case #570 (1400 total, 0 uniq crashes found)...[0m
[1;94m[*] [0mFuzzing test case #571 (1400 total, 0 uniq crashes found)...[0m
[1;94m[*] [0mFuzzing test case #572 (1400 total, 0 uniq crashes found)...[0m
scheduled max input!!!!
schedule: 6 level24_2/ijon_max/6
updated maxmap 6: 45d (len: 562)
updated maxmap 7: 467 (len: 562)
[1;94m[*] [0mFuzzing test case #573 (1400 total, 0 uniq crashes found)...[0m
[1;94m[*] [0mFuzzing test case #574 (1400 total, 0 uniq crashes found)...[0m
scheduled max input!!!!
schedule: 2 level24_2/ijon_max/2
[1;94m[*] [0mFuzzing test case #575 (1400 total, 0 uniq crashes found)...[0m
scheduled max input!!!!
schedule: 11 level24_2/ijon_max/11
updated maxmap 11: 477 (len: 569)
[1;94m[*] [0mFuzzing test case #576 (1400 total, 0 uniq crashes found)...[0m
scheduled max input!!!!
schedule: 3 level24_2/ijon_max/3
[1;94m[*] [0mFuzzing test case #577 (1400 total, 0 uniq crashes found)...[0m
scheduled max input!!!!
schedule: 10 level24_2/ijon_max/10
[1;94m[*] [0mFuzzing test case #578 (1400 total, 0 uniq crashes found)...[0m
scheduled max input!!!!
schedule: 10 level24_2/ijon_max/10
updated maxmap 10: 47f (len: 570)
[1;94m[*] [0mFuzzing test case #579 (1400 total, 0 uniq crashes found)...[0m
scheduled max input!!!!
schedule: 4 level24_2/ijon_max/4
[1;94m[*] [0mFuzzing test case #580 (1400 total, 0 uniq crashes found)...[0m
scheduled max input!!!!
schedule: 11 level24_2/ijon_max/11
[1;94m[*] [0mFuzzing test case #581 (1400 total, 0 uniq crashes found)...[0m
scheduled max input!!!!
schedule: 8 level24_2/ijon_max/8
updated maxmap 8: 484 (len: 576)
updated maxmap 7: 481 (len: 576)
updated maxmap 8: 487 (len: 576)
[1;94m[*] [0mFuzzing test case #582 (1400 total, 0 uniq crashes found)...[0m
scheduled max input!!!!
schedule: 9 level24_2/ijon_max/9
[1;94m[*] [0mFuzzing test case #583 (1400 total, 0 uniq crashes found)...[0m
scheduled max input!!!!
schedule: 7 level24_2/ijon_max/7
updated maxmap 7: 483 (len: 576)
updated maxmap 7: 48f (len: 583)
updated maxmap 8: 497 (len: 583)
updated maxmap 10: 488 (len: 583)
updated maxmap 11: 487 (len: 583)
updated maxmap 9: 48c (len: 583)
updated maxmap 10: 48e (len: 583)
minimized maxmap 11: 487 (len: 576)
minimized maxmap 7: 48f (len: 580)
[1;94m[*] [0mFuzzing test case #584 (1411 total, 0 uniq crashes found)...[0m
scheduled max input!!!!
schedule: 3 level24_2/ijon_max/3
[1;94m[*] [0mFuzzing test case #585 (1411 total, 0 uniq crashes found)...[0m
[1;94m[*] [0mFuzzing test case #586 (1411 total, 0 uniq crashes found)...[0m
scheduled max input!!!!
schedule: 9 level24_2/ijon_max/9
updated maxmap 9: 48d (len: 583)
updated maxmap 9: 48e (len: 583)
updated maxmap 10: 48f (len: 583)
updated maxmap 10: 490 (len: 583)
updated maxmap 9: 48f (len: 583)
updated maxmap 9: 490 (len: 583)
updated maxmap 9: 491 (len: 583)
[1;94m[*] [0mFuzzing test case #587 (1413 total, 0 uniq crashes found)...[0m
scheduled max input!!!!
schedule: 0 level24_2/ijon_max/0
[1;94m[*] [0mFuzzing test case #588 (1413 total, 0 uniq crashes found)...[0m
scheduled max input!!!!
schedule: 0 level24_2/ijon_max/0
[1;94m[*] [0mFuzzing test case #589 (1413 total, 0 uniq crashes found)...[0m
scheduled max input!!!!
schedule: 8 level24_2/ijon_max/8
updated maxmap 7: 491 (len: 583)
updated maxmap 8: 499 (len: 583)
[1;94m[*] [0mFuzzing test case #590 (1413 total, 0 uniq crashes found)...[0m
[1;94m[*] [0mFuzzing test case #591 (1413 total, 0 uniq crashes found)...[0m
scheduled max input!!!!
schedule: 5 level24_2/ijon_max/5
updated maxmap 5: 452 (len: 569)
[1;94m[*] [0mFuzzing test case #592 (1413 total, 0 uniq crashes found)...[0m
scheduled max input!!!!
schedule: 3 level24_2/ijon_max/3
[1;94m[*] [0mFuzzing test case #593 (1413 total, 0 uniq crashes found)...[0m
scheduled max input!!!!
schedule: 10 level24_2/ijon_max/10
updated maxmap 8: 4a3 (len: 591)
updated maxmap 9: 4a1 (len: 591)
[1;94m[*] [0mFuzzing test case #594 (1413 total, 0 uniq crashes found)...[0m
scheduled max input!!!!
schedule: 11 level24_2/ijon_max/11
updated maxmap 11: 488 (len: 576)
updated maxmap 11: 48f (len: 584)
[1;94m[*] [0mFuzzing test case #595 (1413 total, 0 uniq crashes found)...[0m
scheduled max input!!!!
schedule: 0 level24_2/ijon_max/0
updated maxmap 0: 3c8 (len: 515)
[1;94m[*] [0mFuzzing test case #596 (1413 total, 0 uniq crashes found)...[0m
scheduled max input!!!!
schedule: 9 level24_2/ijon_max/9
updated maxmap 8: 4a4 (len: 591)
updated maxmap 9: 4a2 (len: 591)
updated maxmap 8: 4a5 (len: 591)
updated maxmap 9: 4a3 (len: 591)
updated maxmap 8: 4ab (len: 591)
updated maxmap 9: 4a9 (len: 591)
updated maxmap 8: 4ac (len: 591)
updated maxmap 9: 4aa (len: 591)
updated maxmap 8: 4b7 (len: 595)
updated maxmap 9: 4b5 (len: 595)
updated maxmap 7: 4af (len: 591)
[1;94m[*] [0mFuzzing test case #597 (1415 total, 0 uniq crashes found)...[0m
scheduled max input!!!!
schedule: 8 level24_2/ijon_max/8
updated maxmap 6: 4cb (len: 603)
updated maxmap 7: 4c1 (len: 603)
updated maxmap 8: 4b8 (len: 603)
minimized maxmap 8: 4b8 (len: 595)
[1;94m[*] [0mFuzzing test case #598 (1415 total, 0 uniq crashes found)...[0m
scheduled max input!!!!
schedule: 3 level24_2/ijon_max/3
[1;94m[*] [0mFuzzing test case #599 (1415 total, 0 uniq crashes found)...[0m
scheduled max input!!!!
schedule: 7 level24_2/ijon_max/7
updated maxmap 6: 4cc (len: 603)
updated maxmap 7: 4c2 (len: 603)
updated maxmap 7: 4ca (len: 603)
updated maxmap 7: 4cc (len: 603)
updated maxmap 7: 4cd (len: 603)
updated maxmap 8: 4c5 (len: 603)
updated maxmap 9: 4cd (len: 603)
updated maxmap 8: 4c6 (len: 605)
updated maxmap 9: 4d0 (len: 605)
updated maxmap 10: 4d2 (len: 605)
updated maxmap 7: 4ce (len: 603)
updated maxmap 7: 4cf (len: 603)
updated maxmap 8: 4c7 (len: 603)
updated maxmap 7: 4d5 (len: 611)
updated maxmap 8: 4df (len: 611)
updated maxmap 9: 4e1 (len: 611)
[1;94m[*] [0mFuzzing test case #600 (1418 total, 0 uniq crashes found)...[0m
scheduled max input!!!!
schedule: 9 level24_2/ijon_max/9
updated maxmap 7: 4d6 (len: 611)
updated maxmap 8: 4e0 (len: 611)
updated maxmap 9: 4e2 (len: 611)
updated maxmap 9: 4e3 (len: 611)
updated maxmap 9: 4e9 (len: 618)
updated maxmap 10: 4f0 (len: 618)
updated maxmap 11: 4e4 (len: 614)
updated maxmap 7: 4d7 (len: 611)
updated maxmap 11: 4ee (len: 619)
updated maxmap 9: 4ea (len: 614)
updated maxmap 8: 4e1 (len: 611)
updated maxmap 7: 4db (len: 611)
updated maxmap 8: 4e2 (len: 611)
updated maxmap 5: 45c (len: 619)
updated maxmap 9: 4ee (len: 618)
[1;94m[*] [0mFuzzing test case #601 (1432 total, 0 uniq crashes found)...[0m
scheduled normal input!!!!
[1;94m[*] [0mFuzzing test case #602 (1432 total, 0 uniq crashes found)...[0m
scheduled max input!!!!
schedule: 1 level24_2/ijon_max/1
[1;94m[*] [0mFuzzing test case #603 (1432 total, 0 uniq crashes found)...[0m
scheduled max input!!!!
schedule: 10 level24_2/ijon_max/10
updated maxmap 8: 4e4 (len: 620)
updated maxmap 8: 4f0 (len: 618)
[1;94m[*] [0mFuzzing test case #604 (1433 total, 0 uniq crashes found)...[0m
scheduled max input!!!!
schedule: 10 level24_2/ijon_max/10
[1;94m[*] [0mFuzzing test case #605 (1433 total, 0 uniq crashes found)...[0m
[1;94m[*] [0mFuzzing test case #606 (1433 total, 0 uniq crashes found)...[0m
scheduled max input!!!!
schedule: 6 level24_2/ijon_max/6
[1;94m[*] [0mFuzzing test case #607 (1433 total, 0 uniq crashes found)...[0m
scheduled max input!!!!
schedule: 4 level24_2/ijon_max/4
[1;94m[*] [0mFuzzing test case #608 (1433 total, 0 uniq crashes found)...[0m
scheduled max input!!!!
schedule: 3 level24_2/ijon_max/3
[1;94m[*] [0mFuzzing test case #609 (1433 total, 0 uniq crashes found)...[0m
scheduled max input!!!!
schedule: 5 level24_2/ijon_max/5
updated maxmap 5: 45d (len: 619)
updated maxmap 4: 451 (len: 627)
updated maxmap 5: 460 (len: 627)
minimized maxmap 4: 451 (len: 619)
minimized maxmap 5: 460 (len: 619)
updated maxmap 11: 4ef (len: 619)
[1;94m[*] [0mFuzzing test case #610 (1433 total, 0 uniq crashes found)...[0m
scheduled max input!!!!
schedule: 8 level24_2/ijon_max/8
[1;94m[*] [0mFuzzing test case #611 (1433 total, 0 uniq crashes found)...[0m
scheduled max input!!!!
schedule: 1 level24_2/ijon_max/1
[1;94m[*] [0mFuzzing test case #612 (1433 total, 0 uniq crashes found)...[0m
scheduled max input!!!!
schedule: 9 level24_2/ijon_max/9
updated maxmap 9: 4ef (len: 618)
updated maxmap 9: 4f0 (len: 618)
[1;94m[*] [0mFuzzing test case #613 (1433 total, 0 uniq crashes found)...[0m
scheduled max input!!!!
schedule: 3 level24_2/ijon_max/3
[1;94m[*] [0mFuzzing test case #614 (1433 total, 0 uniq crashes found)...[0m
scheduled max input!!!!
schedule: 3 level24_2/ijon_max/3
[1;94m[*] [0mFuzzing test case #615 (1433 total, 0 uniq crashes found)...[0m
scheduled max input!!!!
schedule: 11 level24_2/ijon_max/11
updated maxmap 11: 4f0 (len: 621)
minimized maxmap 11: 4f0 (len: 619)
[1;94m[*] [0mFuzzing test case #616 (1433 total, 0 uniq crashes found)...[0m
scheduled max input!!!!
schedule: 3 level24_2/ijon_max/3
[1;94m[*] [0mFuzzing test case #617 (1433 total, 0 uniq crashes found)...[0m
scheduled max input!!!!
schedule: 1 level24_2/ijon_max/1
[1;94m[*] [0mFuzzing test case #618 (1433 total, 0 uniq crashes found)...[0m
[1;94m[*] [0mFuzzing test case #619 (1433 total, 0 uniq crashes found)...[0m
scheduled max input!!!!
schedule: 1 level24_2/ijon_max/1
[1;94m[*] [0mFuzzing test case #620 (1433 total, 0 uniq crashes found)...[0m
scheduled max input!!!!
schedule: 8 level24_2/ijon_max/8
[1;94m[*] [0mFuzzing test case #621 (1433 total, 0 uniq crashes found)...[0m
[1;94m[*] [0mFuzzing test case #622 (1433 total, 0 uniq crashes found)...[0m
scheduled max input!!!!
schedule: 1 level24_2/ijon_max/1
updated maxmap 1: 400 (len: 519)
[1;94m[*] [0mFuzzing test case #623 (1433 total, 0 uniq crashes found)...[0m
scheduled max input!!!!
schedule: 6 level24_2/ijon_max/6
[1;94m[*] [0mFuzzing test case #624 (1433 total, 0 uniq crashes found)...[0m
scheduled max input!!!!
schedule: 0 level24_2/ijon_max/0
[1;94m[*] [0mFuzzing test case #625 (1433 total, 0 uniq crashes found)...[0m
scheduled max input!!!!
schedule: 11 level24_2/ijon_max/11
[1;94m[*] [0mFuzzing test case #626 (1433 total, 0 uniq crashes found)...[0m
scheduled max input!!!!
schedule: 0 level24_2/ijon_max/0
[1;94m[*] [0mFuzzing test case #627 (1433 total, 0 uniq crashes found)...[0m
scheduled max input!!!!
schedule: 2 level24_2/ijon_max/2
[1;94m[*] [0mFuzzing test case #628 (1433 total, 0 uniq crashes found)...[0m
[1;94m[*] [0mFuzzing test case #629 (1433 total, 0 uniq crashes found)...[0m
scheduled max input!!!!
schedule: 5 level24_2/ijon_max/5
[1;94m[*] [0mFuzzing test case #630 (1433 total, 0 uniq crashes found)...[0m
scheduled max input!!!!
schedule: 10 level24_2/ijon_max/10
[1;94m[*] [0mFuzzing test case #631 (1433 total, 0 uniq crashes found)...[0m
scheduled max input!!!!
schedule: 5 level24_2/ijon_max/5
[1;94m[*] [0mFuzzing test case #632 (1433 total, 0 uniq crashes found)...[0m
scheduled max input!!!!
schedule: 0 level24_2/ijon_max/0
[1;94m[*] [0mFuzzing test case #633 (1433 total, 0 uniq crashes found)...[0m
scheduled max input!!!!
schedule: 0 level24_2/ijon_max/0
[1;94m[*] [0mFuzzing test case #634 (1433 total, 0 uniq crashes found)...[0m
scheduled max input!!!!
schedule: 0 level24_2/ijon_max/0
[1;94m[*] [0mFuzzing test case #635 (1433 total, 0 uniq crashes found)...[0m
scheduled max input!!!!
schedule: 0 level24_2/ijon_max/0
[1;94m[*] [0mFuzzing test case #636 (1433 total, 0 uniq crashes found)...[0m
scheduled max input!!!!
schedule: 11 level24_2/ijon_max/11
[1;94m[*] [0mFuzzing test case #637 (1433 total, 0 uniq crashes found)...[0m
scheduled max input!!!!
schedule: 8 level24_2/ijon_max/8
[1;94m[*] [0mFuzzing test case #638 (1433 total, 0 uniq crashes found)...[0m
scheduled max input!!!!
schedule: 4 level24_2/ijon_max/4
updated maxmap 4: 452 (len: 620)
updated maxmap 5: 461 (len: 620)
minimized maxmap 4: 452 (len: 619)
minimized maxmap 5: 461 (len: 619)
updated maxmap 4: 453 (len: 619)
updated maxmap 5: 462 (len: 619)
[1;94m[*] [0mFuzzing test case #639 (1434 total, 0 uniq crashes found)...[0m
[1;94m[*] [0mFuzzing test case #640 (1434 total, 0 uniq crashes found)...[0m
scheduled max input!!!!
schedule: 7 level24_2/ijon_max/7
updated maxmap 7: 4dc (len: 611)
[1;94m[*] [0mFuzzing test case #641 (1435 total, 0 uniq crashes found)...[0m
scheduled max input!!!!
schedule: 2 level24_2/ijon_max/2
minimized maxmap 3: 3fc (len: 517)
updated maxmap 2: 3fd (len: 524)
updated maxmap 3: 407 (len: 524)
[1;94m[*] [0mFuzzing test case #642 (1435 total, 0 uniq crashes found)...[0m
scheduled max input!!!!
schedule: 8 level24_2/ijon_max/8
[1;94m[*] [0mFuzzing test case #643 (1435 total, 0 uniq crashes found)...[0m
scheduled max input!!!!
schedule: 7 level24_2/ijon_max/7
updated maxmap 7: 4df (len: 611)
[1;94m[*] [0mFuzzing test case #644 (1435 total, 0 uniq crashes found)...[0m
[1;94m[*] [0mFuzzing test case #645 (1435 total, 0 uniq crashes found)...[0m
scheduled max input!!!!
schedule: 2 level24_2/ijon_max/2
updated maxmap 2: 3fe (len: 524)
updated maxmap 3: 408 (len: 524)
[1;94m[*] [0mFuzzing test case #646 (1435 total, 0 uniq crashes found)...[0m
scheduled max input!!!!
schedule: 10 level24_2/ijon_max/10
minimized maxmap 11: 4f0 (len: 618)
[1;94m[*] [0mFuzzing test case #647 (1435 total, 0 uniq crashes found)...[0m
scheduled max input!!!!
schedule: 5 level24_2/ijon_max/5
[1;94m[*] [0mFuzzing test case #648 (1435 total, 0 uniq crashes found)...[0m
scheduled max input!!!!
schedule: 3 level24_2/ijon_max/3
[1;94m[*] [0mFuzzing test case #649 (1435 total, 0 uniq crashes found)...[0m
scheduled max input!!!!
schedule: 5 level24_2/ijon_max/5
[1;94m[*] [0mFuzzing test case #650 (1435 total, 0 uniq crashes found)...[0m
[1;94m[*] [0mFuzzing test case #651 (1435 total, 0 uniq crashes found)...[0m
scheduled max input!!!!
schedule: 6 level24_2/ijon_max/6
[1;94m[*] [0mFuzzing test case #652 (1435 total, 0 uniq crashes found)...[0m
scheduled max input!!!!
schedule: 6 level24_2/ijon_max/6
[1;94m[*] [0mFuzzing test case #653 (1435 total, 0 uniq crashes found)...[0m
scheduled max input!!!!
schedule: 9 level24_2/ijon_max/9
[1;94m[*] [0mFuzzing test case #654 (1435 total, 0 uniq crashes found)...[0m
[1;94m[*] [0mFuzzing test case #655 (1435 total, 0 uniq crashes found)...[0m
scheduled max input!!!!
schedule: 10 level24_2/ijon_max/10
[1;94m[*] [0mFuzzing test case #656 (1435 total, 0 uniq crashes found)...[0m
scheduled max input!!!!
schedule: 4 level24_2/ijon_max/4
updated maxmap 4: 454 (len: 619)
updated maxmap 5: 463 (len: 619)
[1;94m[*] [0mFuzzing test case #657 (1435 total, 0 uniq crashes found)...[0m
scheduled max input!!!!
schedule: 3 level24_2/ijon_max/3
[1;94m[*] [0mFuzzing test case #658 (1435 total, 0 uniq crashes found)...[0m
scheduled max input!!!!
schedule: 8 level24_2/ijon_max/8
[1;94m[*] [0mFuzzing test case #659 (1435 total, 0 uniq crashes found)...[0m
scheduled max input!!!!
schedule: 9 level24_2/ijon_max/9
[1;94m[*] [0mFuzzing test case #660 (1435 total, 0 uniq crashes found)...[0m
scheduled max input!!!!
schedule: 11 level24_2/ijon_max/11
[1;94m[*] [0mFuzzing test case #661 (1436 total, 0 uniq crashes found)...[0m
scheduled max input!!!!
schedule: 5 level24_2/ijon_max/5
updated maxmap 4: 455 (len: 619)
[1;94m[*] [0mFuzzing test case #662 (1437 total, 0 uniq crashes found)...[0m
scheduled max input!!!!
schedule: 0 level24_2/ijon_max/0
[1;94m[*] [0mFuzzing test case #663 (1437 total, 0 uniq crashes found)...[0m
[1;94m[*] [0mFuzzing test case #664 (1437 total, 0 uniq crashes found)...[0m
scheduled max input!!!!
schedule: 11 level24_2/ijon_max/11
[1;94m[*] [0mFuzzing test case #665 (1438 total, 0 uniq crashes found)...[0m
scheduled max input!!!!
schedule: 10 level24_2/ijon_max/10
[1;94m[*] [0mFuzzing test case #666 (1438 total, 0 uniq crashes found)...[0m
scheduled max input!!!!
schedule: 0 level24_2/ijon_max/0
[1;94m[*] [0mFuzzing test case #667 (1438 total, 0 uniq crashes found)...[0m
scheduled max input!!!!
schedule: 4 level24_2/ijon_max/4
updated maxmap 4: 457 (len: 619)
updated maxmap 5: 466 (len: 619)
[1;94m[*] [0mFuzzing test case #668 (1438 total, 0 uniq crashes found)...[0m
scheduled max input!!!!
schedule: 11 level24_2/ijon_max/11
[1;94m[*] [0mFuzzing test case #669 (1438 total, 0 uniq crashes found)...[0m
scheduled max input!!!!
schedule: 2 level24_2/ijon_max/2
[1;94m[*] [0mFuzzing test case #670 (1438 total, 0 uniq crashes found)...[0m
scheduled max input!!!!
schedule: 6 level24_2/ijon_max/6
updated maxmap 6: 4cd (len: 603)
[1;94m[*] [0mFuzzing test case #671 (1438 total, 0 uniq crashes found)...[0m
scheduled max input!!!!
schedule: 5 level24_2/ijon_max/5
[1;94m[*] [0mFuzzing test case #672 (1439 total, 0 uniq crashes found)...[0m
scheduled max input!!!!
schedule: 6 level24_2/ijon_max/6
[1;94m[*] [0mFuzzing test case #673 (1439 total, 0 uniq crashes found)...[0m
scheduled max input!!!!
schedule: 5 level24_2/ijon_max/5
[1;94m[*] [0mFuzzing test case #674 (1439 total, 0 uniq crashes found)...[0m
[1;94m[*] [0mFuzzing test case #675 (1439 total, 0 uniq crashes found)...[0m
scheduled max input!!!!
schedule: 11 level24_2/ijon_max/11
[1;94m[*] [0mFuzzing test case #676 (1439 total, 0 uniq crashes found)...[0m
scheduled max input!!!!
schedule: 9 level24_2/ijon_max/9
[1;94m[*] [0mFuzzing test case #677 (1439 total, 0 uniq crashes found)...[0m
scheduled max input!!!!
schedule: 10 level24_2/ijon_max/10
[1;94m[*] [0mFuzzing test case #678 (1439 total, 0 uniq crashes found)...[0m
scheduled max input!!!!
schedule: 4 level24_2/ijon_max/4
updated maxmap 4: 45c (len: 619)
updated maxmap 5: 468 (len: 619)
updated maxmap 5: 469 (len: 619)
updated maxmap 4: 45d (len: 619)
[1;94m[*] [0mFuzzing test case #679 (1440 total, 0 uniq crashes found)...[0m
scheduled max input!!!!
schedule: 6 level24_2/ijon_max/6
updated maxmap 6: 4ce (len: 603)
[1;94m[*] [0mFuzzing test case #680 (1440 total, 0 uniq crashes found)...[0m
scheduled max input!!!!
schedule: 4 level24_2/ijon_max/4
updated maxmap 5: 46a (len: 619)
updated maxmap 4: 45e (len: 619)
updated maxmap 5: 46b (len: 619)
[1;94m[*] [0mFuzzing test case #681 (1440 total, 0 uniq crashes found)...[0m
scheduled max input!!!!
schedule: 10 level24_2/ijon_max/10
[1;94m[*] [0mFuzzing test case #682 (1440 total, 0 uniq crashes found)...[0m
scheduled max input!!!!
schedule: 4 level24_2/ijon_max/4
[1;94m[*] [0mFuzzing test case #683 (1440 total, 0 uniq crashes found)...[0m
scheduled max input!!!!
schedule: 4 level24_2/ijon_max/4
[1;94m[*] [0mFuzzing test case #684 (1441 total, 0 uniq crashes found)...[0m
scheduled max input!!!!
schedule: 1 level24_2/ijon_max/1
[1;94m[*] [0mFuzzing test case #685 (1441 total, 0 uniq crashes found)...[0m
scheduled max input!!!!
schedule: 8 level24_2/ijon_max/8
[1;94m[*] [0mFuzzing test case #686 (1441 total, 0 uniq crashes found)...[0m
scheduled max input!!!!
schedule: 9 level24_2/ijon_max/9
[1;94m[*] [0mFuzzing test case #687 (1441 total, 0 uniq crashes found)...[0m
[1;94m[*] [0mFuzzing test case #688 (1441 total, 0 uniq crashes found)...[0m
scheduled max input!!!!
schedule: 6 level24_2/ijon_max/6
updated maxmap 6: 4d0 (len: 604)
[1;94m[*] [0mFuzzing test case #689 (1441 total, 0 uniq crashes found)...[0m
scheduled max input!!!!
schedule: 5 level24_2/ijon_max/5
updated maxmap 4: 45f (len: 619)
[1;94m[*] [0mFuzzing test case #690 (1441 total, 0 uniq crashes found)...[0m
[1;94m[*] [0mFuzzing test case #691 (1441 total, 0 uniq crashes found)...[0m
scheduled max input!!!!
schedule: 6 level24_2/ijon_max/6
[1;94m[*] [0mFuzzing test case #692 (1441 total, 0 uniq crashes found)...[0m
scheduled max input!!!!
schedule: 5 level24_2/ijon_max/5
updated maxmap 6: 4e0 (len: 619)
updated maxmap 7: 4ea (len: 619)
updated maxmap 8: 4f1 (len: 619)
[1;94m[*] [0mFuzzing test case #693 (1441 total, 0 uniq crashes found)...[0m
scheduled max input!!!!
schedule: 2 level24_2/ijon_max/2
[1;94m[*] [0mFuzzing test case #694 (1441 total, 0 uniq crashes found)...[0m
scheduled max input!!!!
schedule: 5 level24_2/ijon_max/5
updated maxmap 6: 4e2 (len: 619)
updated maxmap 7: 4ec (len: 619)
updated maxmap 8: 4f6 (len: 619)
[1;94m[*] [0mFuzzing test case #695 (1441 total, 0 uniq crashes found)...[0m
scheduled max input!!!!
schedule: 7 level24_2/ijon_max/7
updated maxmap 6: 4e3 (len: 619)
updated maxmap 7: 4ed (len: 619)
updated maxmap 8: 4f7 (len: 619)
[1;94m[*] [0mFuzzing test case #696 (1441 total, 0 uniq crashes found)...[0m
scheduled max input!!!!
schedule: 1 level24_2/ijon_max/1
[1;94m[*] [0mFuzzing test case #697 (1441 total, 0 uniq crashes found)...[0m
[1;94m[*] [0mFuzzing test case #698 (1441 total, 0 uniq crashes found)...[0m
[1;94m[*] [0mFuzzing test case #699 (1441 total, 0 uniq crashes found)...[0m
scheduled max input!!!!
schedule: 9 level24_2/ijon_max/9
[1;94m[*] [0mFuzzing test case #700 (1441 total, 0 uniq crashes found)...[0m
[1;94m[*] [0mFuzzing test case #701 (1441 total, 0 uniq crashes found)...[0m
scheduled max input!!!!
schedule: 0 level24_2/ijon_max/0
[1;94m[*] [0mFuzzing test case #702 (1441 total, 0 uniq crashes found)...[0m
scheduled max input!!!!
schedule: 10 level24_2/ijon_max/10
[1;94m[*] [0mFuzzing test case #703 (1441 total, 0 uniq crashes found)...[0m
scheduled max input!!!!
schedule: 8 level24_2/ijon_max/8
updated maxmap 6: 4e5 (len: 620)
updated maxmap 7: 4ef (len: 620)
updated maxmap 8: 4f9 (len: 620)
[1;94m[*] [0mFuzzing test case #704 (1441 total, 0 uniq crashes found)...[0m
scheduled max input!!!!
schedule: 1 level24_2/ijon_max/1
[1;94m[*] [0mFuzzing test case #705 (1441 total, 0 uniq crashes found)...[0m
scheduled max input!!!!
schedule: 9 level24_2/ijon_max/9
[1;94m[*] [0mFuzzing test case #706 (1441 total, 0 uniq crashes found)...[0m
scheduled max input!!!!
schedule: 3 level24_2/ijon_max/3
[1;94m[*] [0mFuzzing test case #707 (1441 total, 0 uniq crashes found)...[0m
scheduled max input!!!!
schedule: 0 level24_2/ijon_max/0
[1;94m[*] [0mFuzzing test case #708 (1441 total, 0 uniq crashes found)...[0m
scheduled max input!!!!
schedule: 6 level24_2/ijon_max/6
updated maxmap 6: 50c (len: 628)
updated maxmap 7: 4fb (len: 628)
[1;94m[*] [0mFuzzing test case #709 (1442 total, 0 uniq crashes found)...[0m
[1;94m[*] [0mFuzzing test case #710 (1442 total, 0 uniq crashes found)...[0m
scheduled max input!!!!
schedule: 0 level24_2/ijon_max/0
updated maxmap 0: 3cf (len: 515)
[1;94m[*] [0mFuzzing test case #711 (1443 total, 0 uniq crashes found)...[0m
scheduled max input!!!!
schedule: 3 level24_2/ijon_max/3
[1;94m[*] [0mFuzzing test case #712 (1443 total, 0 uniq crashes found)...[0m
scheduled max input!!!!
schedule: 5 level24_2/ijon_max/5
[1;94m[*] [0mFuzzing test case #713 (1443 total, 0 uniq crashes found)...[0m
scheduled max input!!!!
schedule: 2 level24_2/ijon_max/2
[1;94m[*] [0mFuzzing test case #714 (1443 total, 0 uniq crashes found)...[0m
scheduled max input!!!!
schedule: 5 level24_2/ijon_max/5
[1;94m[*] [0mFuzzing test case #715 (1443 total, 0 uniq crashes found)...[0m
scheduled max input!!!!
schedule: 1 level24_2/ijon_max/1
[1;94m[*] [0mFuzzing test case #716 (1443 total, 0 uniq crashes found)...[0m
scheduled max input!!!!
schedule: 11 level24_2/ijon_max/11
[1;94m[*] [0mFuzzing test case #717 (1443 total, 0 uniq crashes found)...[0m
[1;94m[*] [0mFuzzing test case #718 (1443 total, 0 uniq crashes found)...[0m
scheduled max input!!!!
schedule: 2 level24_2/ijon_max/2
[1;94m[*] [0mFuzzing test case #719 (1443 total, 0 uniq crashes found)...[0m
scheduled max input!!!!
schedule: 8 level24_2/ijon_max/8
[1;94m[*] [0mFuzzing test case #720 (1443 total, 0 uniq crashes found)...[0m
scheduled max input!!!!
schedule: 0 level24_2/ijon_max/0
[1;94m[*] [0mFuzzing test case #721 (1443 total, 0 uniq crashes found)...[0m
scheduled max input!!!!
schedule: 3 level24_2/ijon_max/3
[1;94m[*] [0mFuzzing test case #722 (1443 total, 0 uniq crashes found)...[0m
scheduled max input!!!!
schedule: 2 level24_2/ijon_max/2
[1;94m[*] [0mFuzzing test case #723 (1443 total, 0 uniq crashes found)...[0m
scheduled max input!!!!
schedule: 10 level24_2/ijon_max/10
[1;94m[*] [0mFuzzing test case #724 (1443 total, 0 uniq crashes found)...[0m
scheduled max input!!!!
schedule: 0 level24_2/ijon_max/0
[1;94m[*] [0mFuzzing test case #725 (1443 total, 0 uniq crashes found)...[0m
scheduled max input!!!!
schedule: 8 level24_2/ijon_max/8
updated maxmap 8: 4fb (len: 622)
updated maxmap 8: 4fd (len: 626)
[1;94m[*] [0mFuzzing test case #726 (1443 total, 0 uniq crashes found)...[0m
scheduled max input!!!!
schedule: 3 level24_2/ijon_max/3
[1;94m[*] [0mFuzzing test case #727 (1443 total, 0 uniq crashes found)...[0m
scheduled max input!!!!
schedule: 3 level24_2/ijon_max/3
updated maxmap 2: 40d (len: 524)
[1;94m[*] [0mFuzzing test case #728 (1443 total, 0 uniq crashes found)...[0m
scheduled max input!!!!
schedule: 3 level24_2/ijon_max/3
[1;94m[*] [0mFuzzing test case #729 (1443 total, 0 uniq crashes found)...[0m
scheduled max input!!!!
schedule: 0 level24_2/ijon_max/0
[1;94m[*] [0mFuzzing test case #730 (1443 total, 0 uniq crashes found)...[0m
scheduled max input!!!!
schedule: 3 level24_2/ijon_max/3
[1;94m[*] [0mFuzzing test case #731 (1443 total, 0 uniq crashes found)...[0m
scheduled max input!!!!
schedule: 5 level24_2/ijon_max/5
[1;94m[*] [0mFuzzing test case #732 (1443 total, 0 uniq crashes found)...[0m
scheduled max input!!!!
schedule: 11 level24_2/ijon_max/11
[1;94m[*] [0mFuzzing test case #733 (1443 total, 0 uniq crashes found)...[0m
scheduled max input!!!!
schedule: 8 level24_2/ijon_max/8
updated maxmap 9: 4f1 (len: 626)
[1;94m[*] [0mFuzzing test case #734 (1443 total, 0 uniq crashes found)...[0m
scheduled max input!!!!
schedule: 8 level24_2/ijon_max/8
updated maxmap 7: 4fc (len: 626)
[1;94m[*] [0mFuzzing test case #735 (1443 total, 0 uniq crashes found)...[0m
scheduled max input!!!!
schedule: 3 level24_2/ijon_max/3
updated maxmap 3: 412 (len: 531)
[1;94m[*] [0mFuzzing test case #736 (1443 total, 0 uniq crashes found)...[0m
[1;94m[*] [0mFuzzing test case #737 (1443 total, 0 uniq crashes found)...[0m
scheduled max input!!!!
schedule: 5 level24_2/ijon_max/5
[1;94m[*] [0mFuzzing test case #738 (1443 total, 0 uniq crashes found)...[0m
scheduled max input!!!!
schedule: 3 level24_2/ijon_max/3
[1;94m[*] [0mFuzzing test case #739 (1443 total, 0 uniq crashes found)...[0m
scheduled max input!!!!
schedule: 8 level24_2/ijon_max/8
[1;94m[*] [0mFuzzing test case #740 (1443 total, 0 uniq crashes found)...[0m
[1;94m[*] [0mFuzzing test case #741 (1443 total, 0 uniq crashes found)...[0m
scheduled max input!!!!
schedule: 10 level24_2/ijon_max/10
[1;94m[*] [0mFuzzing test case #742 (1443 total, 0 uniq crashes found)...[0m
[1;94m[*] [0mFuzzing test case #743 (1443 total, 0 uniq crashes found)...[0m
scheduled max input!!!!
schedule: 3 level24_2/ijon_max/3
[1;94m[*] [0mFuzzing test case #744 (1443 total, 0 uniq crashes found)...[0m
scheduled max input!!!!
schedule: 8 level24_2/ijon_max/8
[1;94m[*] [0mFuzzing test case #745 (1443 total, 0 uniq crashes found)...[0m
scheduled max input!!!!
schedule: 10 level24_2/ijon_max/10
[1;94m[*] [0mFuzzing test case #746 (1443 total, 0 uniq crashes found)...[0m
[1;94m[*] [0mFuzzing test case #747 (1443 total, 0 uniq crashes found)...[0m
scheduled max input!!!!
schedule: 2 level24_2/ijon_max/2
[1;94m[*] [0mFuzzing test case #748 (1443 total, 0 uniq crashes found)...[0m
scheduled max input!!!!
schedule: 8 level24_2/ijon_max/8
[1;94m[*] [0mFuzzing test case #749 (1443 total, 0 uniq crashes found)...[0m
[1;94m[*] [0mFuzzing test case #750 (1443 total, 0 uniq crashes found)...[0m
scheduled max input!!!!
schedule: 1 level24_2/ijon_max/1
[1;94m[*] [0mFuzzing test case #751 (1443 total, 0 uniq crashes found)...[0m
scheduled max input!!!!
schedule: 3 level24_2/ijon_max/3
[1;94m[*] [0mFuzzing test case #752 (1443 total, 0 uniq crashes found)...[0m
scheduled max input!!!!
schedule: 9 level24_2/ijon_max/9
[1;94m[*] [0mFuzzing test case #753 (1443 total, 0 uniq crashes found)...[0m
[1;94m[*] [0mFuzzing test case #754 (1443 total, 0 uniq crashes found)...[0m
scheduled max input!!!!
schedule: 11 level24_2/ijon_max/11
[1;94m[*] [0mFuzzing test case #755 (1443 total, 0 uniq crashes found)...[0m
[1;94m[*] [0mFuzzing test case #756 (1443 total, 0 uniq crashes found)...[0m
scheduled max input!!!!
schedule: 11 level24_2/ijon_max/11
[1;94m[*] [0mFuzzing test case #757 (1443 total, 0 uniq crashes found)...[0m
scheduled max input!!!!
schedule: 9 level24_2/ijon_max/9
[1;94m[*] [0mFuzzing test case #758 (1443 total, 0 uniq crashes found)...[0m
scheduled max input!!!!
schedule: 2 level24_2/ijon_max/2
[1;94m[*] [0mFuzzing test case #759 (1443 total, 0 uniq crashes found)...[0m
scheduled max input!!!!
schedule: 0 level24_2/ijon_max/0
[1;94m[*] [0mFuzzing test case #760 (1443 total, 0 uniq crashes found)...[0m
scheduled max input!!!!
schedule: 11 level24_2/ijon_max/11
[1;94m[*] [0mFuzzing test case #761 (1443 total, 0 uniq crashes found)...[0m
scheduled max input!!!!
schedule: 4 level24_2/ijon_max/4
[1;94m[*] [0mFuzzing test case #762 (1443 total, 0 uniq crashes found)...[0m
scheduled max input!!!!
schedule: 1 level24_2/ijon_max/1
[1;94m[*] [0mFuzzing test case #763 (1443 total, 0 uniq crashes found)...[0m
[1;94m[*] [0mFuzzing test case #764 (1443 total, 0 uniq crashes found)...[0m
scheduled max input!!!!
schedule: 7 level24_2/ijon_max/7
updated maxmap 7: 4fd (len: 626)
updated maxmap 5: 4f0 (len: 626)
updated maxmap 7: 501 (len: 626)
updated maxmap 5: 4f1 (len: 626)
[1;94m[*] [0mFuzzing test case #765 (1443 total, 0 uniq crashes found)...[0m
scheduled max input!!!!
schedule: 9 level24_2/ijon_max/9
[1;94m[*] [0mFuzzing test case #766 (1443 total, 0 uniq crashes found)...[0m
scheduled max input!!!!
schedule: 6 level24_2/ijon_max/6
updated maxmap 5: 513 (len: 633)
updated maxmap 6: 515 (len: 633)
[1;94m[*] [0mFuzzing test case #767 (1443 total, 0 uniq crashes found)...[0m
scheduled max input!!!!
schedule: 6 level24_2/ijon_max/6
updated maxmap 5: 514 (len: 633)
updated maxmap 6: 516 (len: 633)
updated maxmap 6: 517 (len: 633)
[1;94m[*] [0mFuzzing test case #768 (1443 total, 0 uniq crashes found)...[0m
scheduled max input!!!!
schedule: 2 level24_2/ijon_max/2
[1;94m[*] [0mFuzzing test case #769 (1443 total, 0 uniq crashes found)...[0m
[1;94m[*] [0mFuzzing test case #770 (1443 total, 0 uniq crashes found)...[0m
scheduled max input!!!!
schedule: 5 level24_2/ijon_max/5
updated maxmap 5: 516 (len: 634)
updated maxmap 6: 518 (len: 634)
minimized maxmap 5: 516 (len: 633)
[1;94m[*] [0mFuzzing test case #771 (1443 total, 0 uniq crashes found)...[0m
scheduled max input!!!!
schedule: 7 level24_2/ijon_max/7
updated maxmap 7: 502 (len: 626)
updated maxmap 7: 503 (len: 626)
[1;94m[*] [0mFuzzing test case #772 (1443 total, 0 uniq crashes found)...[0m
[1;94m[*] [0mFuzzing test case #773 (1443 total, 0 uniq crashes found)...[0m
scheduled max input!!!!
schedule: 11 level24_2/ijon_max/11
[1;94m[*] [0mFuzzing test case #774 (1443 total, 0 uniq crashes found)...[0m
scheduled max input!!!!
schedule: 5 level24_2/ijon_max/5
[1;94m[*] [0mFuzzing test case #775 (1443 total, 0 uniq crashes found)...[0m
[1;94m[*] [0mFuzzing test case #776 (1443 total, 0 uniq crashes found)...[0m
scheduled max input!!!!
schedule: 11 level24_2/ijon_max/11
[1;94m[*] [0mFuzzing test case #777 (1443 total, 0 uniq crashes found)...[0m
scheduled max input!!!!
schedule: 8 level24_2/ijon_max/8
[1;94m[*] [0mFuzzing test case #778 (1443 total, 0 uniq crashes found)...[0m
[1;94m[*] [0mFuzzing test case #779 (1443 total, 0 uniq crashes found)...[0m
scheduled max input!!!!
schedule: 11 level24_2/ijon_max/11
[1;94m[*] [0mFuzzing test case #780 (1443 total, 0 uniq crashes found)...[0m
scheduled max input!!!!
schedule: 9 level24_2/ijon_max/9
[1;94m[*] [0mFuzzing test case #781 (1443 total, 0 uniq crashes found)...[0m
scheduled max input!!!!
schedule: 3 level24_2/ijon_max/3
[1;94m[*] [0mFuzzing test case #782 (1443 total, 0 uniq crashes found)...[0m
scheduled max input!!!!
schedule: 5 level24_2/ijon_max/5
[1;94m[*] [0mFuzzing test case #783 (1443 total, 0 uniq crashes found)...[0m
scheduled max input!!!!
schedule: 11 level24_2/ijon_max/11
[1;94m[*] [0mFuzzing test case #784 (1443 total, 0 uniq crashes found)...[0m
scheduled max input!!!!
schedule: 1 level24_2/ijon_max/1
[1;94m[*] [0mFuzzing test case #785 (1443 total, 0 uniq crashes found)...[0m
scheduled max input!!!!
schedule: 5 level24_2/ijon_max/5
[1;94m[*] [0mFuzzing test case #786 (1443 total, 0 uniq crashes found)...[0m
scheduled max input!!!!
schedule: 11 level24_2/ijon_max/11
[1;94m[*] [0mFuzzing test case #787 (1443 total, 0 uniq crashes found)...[0m
scheduled max input!!!!
schedule: 1 level24_2/ijon_max/1
[1;94m[*] [0mFuzzing test case #788 (1443 total, 0 uniq crashes found)...[0m
scheduled max input!!!!
schedule: 1 level24_2/ijon_max/1
[1;94m[*] [0mFuzzing test case #789 (1443 total, 0 uniq crashes found)...[0m
scheduled max input!!!!
schedule: 5 level24_2/ijon_max/5
[1;94m[*] [0mFuzzing test case #790 (1443 total, 0 uniq crashes found)...[0m
scheduled max input!!!!
schedule: 8 level24_2/ijon_max/8
[1;94m[*] [0mFuzzing test case #791 (1443 total, 0 uniq crashes found)...[0m
scheduled max input!!!!
schedule: 6 level24_2/ijon_max/6
[1;94m[*] [0mFuzzing test case #792 (1443 total, 0 uniq crashes found)...[0m
scheduled max input!!!!
schedule: 4 level24_2/ijon_max/4
[1;94m[*] [0mFuzzing test case #793 (1443 total, 0 uniq crashes found)...[0m
scheduled max input!!!!
schedule: 3 level24_2/ijon_max/3
updated maxmap 3: 414 (len: 532)
minimized maxmap 3: 414 (len: 531)
[1;94m[*] [0mFuzzing test case #794 (1444 total, 0 uniq crashes found)...[0m
scheduled max input!!!!
schedule: 6 level24_2/ijon_max/6
updated maxmap 6: 51f (len: 638)
[1;94m[*] [0mFuzzing test case #795 (1444 total, 0 uniq crashes found)...[0m
[1;94m[*] [0mFuzzing test case #796 (1444 total, 0 uniq crashes found)...[0m
scheduled max input!!!!
schedule: 10 level24_2/ijon_max/10
[1;94m[*] [0mFuzzing test case #797 (1444 total, 0 uniq crashes found)...[0m
scheduled max input!!!!
schedule: 3 level24_2/ijon_max/3
[1;94m[*] [0mFuzzing test case #798 (1444 total, 0 uniq crashes found)...[0m
scheduled max input!!!!
schedule: 1 level24_2/ijon_max/1
[1;94m[*] [0mFuzzing test case #799 (1444 total, 0 uniq crashes found)...[0m
scheduled max input!!!!
schedule: 4 level24_2/ijon_max/4
[1;94m[*] [0mFuzzing test case #800 (1444 total, 0 uniq crashes found)...[0m
[1;94m[*] [0mFuzzing test case #801 (1444 total, 0 uniq crashes found)...[0m
[1;94m[*] [0mFuzzing test case #802 (1444 total, 0 uniq crashes found)...[0m
scheduled max input!!!!
schedule: 8 level24_2/ijon_max/8
[1;94m[*] [0mFuzzing test case #803 (1444 total, 0 uniq crashes found)...[0m
[1;94m[*] [0mFuzzing test case #804 (1444 total, 0 uniq crashes found)...[0m
scheduled max input!!!!
schedule: 6 level24_2/ijon_max/6
updated maxmap 6: 520 (len: 638)
updated maxmap 6: 522 (len: 639)
updated maxmap 7: 521 (len: 638)
[1;94m[*] [0mFuzzing test case #805 (1444 total, 0 uniq crashes found)...[0m
[1;94m[*] [0mFuzzing test case #806 (1444 total, 0 uniq crashes found)...[0m
[1;94m[*] [0mFuzzing test case #807 (1444 total, 0 uniq crashes found)...[0m
[1;94m[*] [0mFuzzing test case #808 (1444 total, 0 uniq crashes found)...[0m
[1;94m[*] [0mFuzzing test case #809 (1444 total, 0 uniq crashes found)...[0m
scheduled max input!!!!
schedule: 5 level24_2/ijon_max/5
[1;94m[*] [0mFuzzing test case #810 (1444 total, 0 uniq crashes found)...[0m
scheduled max input!!!!
schedule: 7 level24_2/ijon_max/7
updated maxmap 7: 522 (len: 638)
[1;94m[*] [0mFuzzing test case #811 (1445 total, 0 uniq crashes found)...[0m
scheduled max input!!!!
schedule: 4 level24_2/ijon_max/4
[1;94m[*] [0mFuzzing test case #812 (1445 total, 0 uniq crashes found)...[0m
scheduled max input!!!!
schedule: 0 level24_2/ijon_max/0
[1;94m[*] [0mFuzzing test case #813 (1445 total, 0 uniq crashes found)...[0m
scheduled max input!!!!
schedule: 3 level24_2/ijon_max/3
[1;94m[*] [0mFuzzing test case #814 (1445 total, 0 uniq crashes found)...[0m
scheduled max input!!!!
schedule: 2 level24_2/ijon_max/2
[1;94m[*] [0mFuzzing test case #815 (1445 total, 0 uniq crashes found)...[0m
scheduled max input!!!!
schedule: 10 level24_2/ijon_max/10
[1;94m[*] [0mFuzzing test case #816 (1447 total, 0 uniq crashes found)...[0m
scheduled max input!!!!
schedule: 1 level24_2/ijon_max/1
[1;94m[*] [0mFuzzing test case #817 (1447 total, 0 uniq crashes found)...[0m
scheduled max input!!!!
schedule: 2 level24_2/ijon_max/2
updated maxmap 3: 417 (len: 532)
[1;94m[*] [0mFuzzing test case #818 (1447 total, 0 uniq crashes found)...[0m
scheduled max input!!!!
schedule: 5 level24_2/ijon_max/5
updated maxmap 7: 524 (len: 639)
updated maxmap 7: 527 (len: 640)
[1;94m[*] [0mFuzzing test case #819 (1448 total, 0 uniq crashes found)...[0m
scheduled max input!!!!
schedule: 9 level24_2/ijon_max/9
[1;94m[*] [0mFuzzing test case #820 (1448 total, 0 uniq crashes found)...[0m
scheduled max input!!!!
schedule: 5 level24_2/ijon_max/5
[1;94m[*] [0mFuzzing test case #821 (1448 total, 0 uniq crashes found)...[0m
[1;94m[*] [0mFuzzing test case #822 (1448 total, 0 uniq crashes found)...[0m
scheduled max input!!!!
schedule: 5 level24_2/ijon_max/5
updated maxmap 8: 52a (len: 641)
[1;94m[*] [0mFuzzing test case #823 (1448 total, 0 uniq crashes found)...[0m
scheduled max input!!!!
schedule: 4 level24_2/ijon_max/4
[1;94m[*] [0mFuzzing test case #824 (1448 total, 0 uniq crashes found)...[0m
scheduled max input!!!!
schedule: 4 level24_2/ijon_max/4
[1;94m[*] [0mFuzzing test case #825 (1448 total, 0 uniq crashes found)...[0m
scheduled max input!!!!
schedule: 1 level24_2/ijon_max/1
[1;94m[*] [0mFuzzing test case #826 (1448 total, 0 uniq crashes found)...[0m
scheduled max input!!!!
schedule: 7 level24_2/ijon_max/7
[1;94m[*] [0mFuzzing test case #827 (1448 total, 0 uniq crashes found)...[0m
scheduled max input!!!!
schedule: 0 level24_2/ijon_max/0
[1;94m[*] [0mFuzzing test case #828 (1448 total, 0 uniq crashes found)...[0m
scheduled max input!!!!
schedule: 7 level24_2/ijon_max/7
[1;94m[*] [0mFuzzing test case #829 (1448 total, 0 uniq crashes found)...[0m
scheduled max input!!!!
schedule: 2 level24_2/ijon_max/2
[1;94m[*] [0mFuzzing test case #830 (1448 total, 0 uniq crashes found)...[0m
scheduled max input!!!!
schedule: 9 level24_2/ijon_max/9
[1;94m[*] [0mFuzzing test case #831 (1448 total, 0 uniq crashes found)...[0m
scheduled max input!!!!
schedule: 8 level24_2/ijon_max/8
updated maxmap 8: 52e (len: 643)
[1;94m[*] [0mFuzzing test case #832 (1448 total, 0 uniq crashes found)...[0m
scheduled max input!!!!
schedule: 4 level24_2/ijon_max/4
[1;94m[*] [0mFuzzing test case #833 (1448 total, 0 uniq crashes found)...[0m
scheduled max input!!!!
schedule: 5 level24_2/ijon_max/5
[1;94m[*] [0mFuzzing test case #834 (1448 total, 0 uniq crashes found)...[0m
scheduled max input!!!!
schedule: 11 level24_2/ijon_max/11
[1;94m[*] [0mFuzzing test case #835 (1448 total, 0 uniq crashes found)...[0m
scheduled max input!!!!
schedule: 9 level24_2/ijon_max/9
[1;94m[*] [0mFuzzing test case #836 (1448 total, 0 uniq crashes found)...[0m
scheduled max input!!!!
schedule: 8 level24_2/ijon_max/8
updated maxmap 8: 52f (len: 643)
[1;94m[*] [0mFuzzing test case #837 (1448 total, 0 uniq crashes found)...[0m
scheduled max input!!!!
schedule: 5 level24_2/ijon_max/5
[1;94m[*] [0mFuzzing test case #838 (1449 total, 0 uniq crashes found)...[0m
scheduled max input!!!!
schedule: 8 level24_2/ijon_max/8
[1;94m[*] [0mFuzzing test case #839 (1450 total, 0 uniq crashes found)...[0m
scheduled max input!!!!
schedule: 9 level24_2/ijon_max/9
[1;94m[*] [0mFuzzing test case #840 (1450 total, 0 uniq crashes found)...[0m
scheduled max input!!!!
schedule: 5 level24_2/ijon_max/5
[1;94m[*] [0mFuzzing test case #841 (1450 total, 0 uniq crashes found)...[0m
scheduled max input!!!!
schedule: 8 level24_2/ijon_max/8
updated maxmap 9: 51f (len: 648)
updated maxmap 8: 531 (len: 649)
updated maxmap 9: 53d (len: 649)
updated maxmap 7: 528 (len: 643)
updated maxmap 10: 4f1 (len: 651)
updated maxmap 7: 52c (len: 645)
updated maxmap 8: 533 (len: 645)
updated maxmap 6: 523 (len: 643)
updated maxmap 7: 52d (len: 643)
updated maxmap 8: 535 (len: 646)
updated maxmap 5: 518 (len: 647)
updated maxmap 6: 524 (len: 647)
updated maxmap 7: 52e (len: 647)
updated maxmap 8: 538 (len: 647)
minimized maxmap 5: 518 (len: 643)
minimized maxmap 6: 524 (len: 643)
minimized maxmap 7: 52e (len: 643)
updated maxmap 6: 525 (len: 643)
updated maxmap 7: 52f (len: 643)
updated maxmap 5: 527 (len: 643)
updated maxmap 6: 52e (len: 643)
updated maxmap 4: 520 (len: 648)
updated maxmap 5: 52f (len: 648)
updated maxmap 6: 539 (len: 648)
updated maxmap 7: 53b (len: 648)
updated maxmap 8: 53a (len: 648)
updated maxmap 10: 52d (len: 650)
[1;94m[*] [0mFuzzing test case #842 (1459 total, 0 uniq crashes found)...[0m
[1;94m[*] [0mFuzzing test case #843 (1459 total, 0 uniq crashes found)...[0m
scheduled max input!!!!
schedule: 6 level24_2/ijon_max/6
[1;94m[*] [0mFuzzing test case #844 (1459 total, 0 uniq crashes found)...[0m
scheduled max input!!!!
schedule: 4 level24_2/ijon_max/4
updated maxmap 4: 52f (len: 648)
updated maxmap 5: 539 (len: 648)
updated maxmap 6: 53b (len: 648)
updated maxmap 6: 53c (len: 648)
[1;94m[*] [0mFuzzing test case #845 (1460 total, 0 uniq crashes found)...[0m
scheduled max input!!!!
schedule: 6 level24_2/ijon_max/6
updated maxmap 6: 542 (len: 653)
updated maxmap 7: 547 (len: 653)
[1;94m[*] [0mFuzzing test case #846 (1461 total, 0 uniq crashes found)...[0m
scheduled max input!!!!
schedule: 2 level24_2/ijon_max/2
[1;94m[*] [0mFuzzing test case #847 (1461 total, 0 uniq crashes found)...[0m
[1;94m[*] [0mFuzzing test case #848 (1461 total, 0 uniq crashes found)...[0m
scheduled max input!!!!
schedule: 7 level24_2/ijon_max/7
updated maxmap 6: 543 (len: 653)
updated maxmap 7: 548 (len: 653)
[1;94m[*] [0mFuzzing test case #849 (1462 total, 0 uniq crashes found)...[0m
scheduled max input!!!!
schedule: 10 level24_2/ijon_max/10
updated maxmap 8: 53b (len: 650)
updated maxmap 10: 52e (len: 650)
[1;94m[*] [0mFuzzing test case #850 (1462 total, 0 uniq crashes found)...[0m
scheduled max input!!!!
schedule: 5 level24_2/ijon_max/5
[1;94m[*] [0mFuzzing test case #851 (1462 total, 0 uniq crashes found)...[0m
scheduled max input!!!!
schedule: 4 level24_2/ijon_max/4
[1;94m[*] [0mFuzzing test case #852 (1462 total, 0 uniq crashes found)...[0m
[1;94m[*] [0mFuzzing test case #853 (1462 total, 0 uniq crashes found)...[0m
scheduled max input!!!!
schedule: 7 level24_2/ijon_max/7
[1;94m[*] [0mFuzzing test case #854 (1462 total, 0 uniq crashes found)...[0m
[1;94m[*] [0mFuzzing test case #855 (1462 total, 0 uniq crashes found)...[0m
scheduled max input!!!!
schedule: 10 level24_2/ijon_max/10
[1;94m[*] [0mFuzzing test case #856 (1462 total, 0 uniq crashes found)...[0m
scheduled max input!!!!
schedule: 7 level24_2/ijon_max/7
[1;94m[*] [0mFuzzing test case #857 (1462 total, 0 uniq crashes found)...[0m
scheduled max input!!!!
schedule: 1 level24_2/ijon_max/1
[1;94m[*] [0mFuzzing test case #858 (1462 total, 0 uniq crashes found)...[0m
[1;94m[*] [0mFuzzing test case #859 (1462 total, 0 uniq crashes found)...[0m
scheduled max input!!!!
schedule: 1 level24_2/ijon_max/1
[1;94m[*] [0mFuzzing test case #860 (1462 total, 0 uniq crashes found)...[0m
scheduled max input!!!!
schedule: 2 level24_2/ijon_max/2
[1;94m[*] [0mFuzzing test case #861 (1462 total, 0 uniq crashes found)...[0m
[1;94m[*] [0mFuzzing test case #862 (1462 total, 0 uniq crashes found)...[0m
scheduled max input!!!!
schedule: 5 level24_2/ijon_max/5
[1;94m[*] [0mFuzzing test case #863 (1462 total, 0 uniq crashes found)...[0m
scheduled max input!!!!
schedule: 10 level24_2/ijon_max/10
[1;94m[*] [0mFuzzing test case #864 (1462 total, 0 uniq crashes found)...[0m
scheduled max input!!!!
schedule: 0 level24_2/ijon_max/0
[1;94m[*] [0mFuzzing test case #865 (1462 total, 0 uniq crashes found)...[0m
scheduled max input!!!!
schedule: 8 level24_2/ijon_max/8
updated maxmap 8: 53c (len: 650)
updated maxmap 8: 53d (len: 650)
[1;94m[*] [0mFuzzing test case #866 (1462 total, 0 uniq crashes found)...[0m
scheduled max input!!!!
schedule: 2 level24_2/ijon_max/2
updated maxmap 1: 407 (len: 524)
[1;94m[*] [0mFuzzing test case #867 (1462 total, 0 uniq crashes found)...[0m
scheduled max input!!!!
schedule: 4 level24_2/ijon_max/4
updated maxmap 3: 527 (len: 648)
updated maxmap 4: 538 (len: 648)
updated maxmap 5: 53b (len: 648)
updated maxmap 4: 539 (len: 648)
[1;94m[*] [0mFuzzing test case #868 (1462 total, 0 uniq crashes found)...[0m
scheduled max input!!!!
schedule: 3 level24_2/ijon_max/3
[1;94m[*] [0mFuzzing test case #869 (1462 total, 0 uniq crashes found)...[0m
scheduled max input!!!!
schedule: 2 level24_2/ijon_max/2
[1;94m[*] [0mFuzzing test case #870 (1462 total, 0 uniq crashes found)...[0m
scheduled max input!!!!
schedule: 4 level24_2/ijon_max/4
[1;94m[*] [0mFuzzing test case #871 (1462 total, 0 uniq crashes found)...[0m
scheduled max input!!!!
schedule: 4 level24_2/ijon_max/4
[1;94m[*] [0mFuzzing test case #872 (1462 total, 0 uniq crashes found)...[0m
scheduled max input!!!!
schedule: 10 level24_2/ijon_max/10
[1;94m[*] [0mFuzzing test case #873 (1462 total, 0 uniq crashes found)...[0m
scheduled max input!!!!
schedule: 9 level24_2/ijon_max/9
[1;94m[*] [0mFuzzing test case #874 (1463 total, 0 uniq crashes found)...[0m
scheduled max input!!!!
schedule: 1 level24_2/ijon_max/1
updated maxmap 1: 408 (len: 524)
[1;94m[*] [0mFuzzing test case #875 (1463 total, 0 uniq crashes found)...[0m
[1;94m[*] [0mFuzzing test case #876 (1463 total, 0 uniq crashes found)...[0m
scheduled max input!!!!
schedule: 10 level24_2/ijon_max/10
updated maxmap 11: 52d (len: 653)
[1;94m[*] [0mFuzzing test case #877 (1463 total, 0 uniq crashes found)...[0m
scheduled max input!!!!
schedule: 2 level24_2/ijon_max/2
[1;94m[*] [0mFuzzing test case #878 (1463 total, 0 uniq crashes found)...[0m
scheduled max input!!!!
schedule: 4 level24_2/ijon_max/4
[1;94m[*] [0mFuzzing test case #879 (1463 total, 0 uniq crashes found)...[0m
[1;94m[*] [0mFuzzing test case #880 (1463 total, 0 uniq crashes found)...[0m
scheduled max input!!!!
schedule: 4 level24_2/ijon_max/4
updated maxmap 3: 531 (len: 648)
updated maxmap 4: 53b (len: 648)
[1;94m[*] [0mFuzzing test case #881 (1466 total, 0 uniq crashes found)...[0m
[1;94m[*] [0mFuzzing test case #882 (1466 total, 0 uniq crashes found)...[0m
scheduled max input!!!!
schedule: 5 level24_2/ijon_max/5
[1;94m[*] [0mFuzzing test case #883 (1466 total, 0 uniq crashes found)...[0m
scheduled max input!!!!
schedule: 7 level24_2/ijon_max/7
[1;94m[*] [0mFuzzing test case #884 (1466 total, 0 uniq crashes found)...[0m
[1;94m[*] [0mFuzzing test case #885 (1466 total, 0 uniq crashes found)...[0m
[1;94m[*] [0mFuzzing test case #886 (1466 total, 0 uniq crashes found)...[0m
scheduled max input!!!!
schedule: 3 level24_2/ijon_max/3
[1;94m[*] [0mFuzzing test case #887 (1467 total, 0 uniq crashes found)...[0m
scheduled max input!!!!
schedule: 1 level24_2/ijon_max/1
[1;94m[*] [0mFuzzing test case #888 (1467 total, 0 uniq crashes found)...[0m
scheduled max input!!!!
schedule: 8 level24_2/ijon_max/8
[1;94m[*] [0mFuzzing test case #889 (1467 total, 0 uniq crashes found)...[0m
[1;94m[*] [0mFuzzing test case #890 (1467 total, 0 uniq crashes found)...[0m
scheduled max input!!!!
schedule: 10 level24_2/ijon_max/10
[1;94m[*] [0mFuzzing test case #891 (1467 total, 0 uniq crashes found)...[0m
scheduled max input!!!!
schedule: 4 level24_2/ijon_max/4
[1;94m[*] [0mFuzzing test case #892 (1467 total, 0 uniq crashes found)...[0m
[1;94m[*] [0mFuzzing test case #893 (1467 total, 0 uniq crashes found)...[0m
[1;94m[*] [0mFuzzing test case #894 (1467 total, 0 uniq crashes found)...[0m
scheduled max input!!!!
schedule: 3 level24_2/ijon_max/3
[1;94m[*] [0mFuzzing test case #895 (1468 total, 0 uniq crashes found)...[0m
[1;94m[*] [0mFuzzing test case #896 (1468 total, 0 uniq crashes found)...[0m
scheduled max input!!!!
schedule: 6 level24_2/ijon_max/6
[1;94m[*] [0mFuzzing test case #897 (1468 total, 0 uniq crashes found)...[0m
[1;94m[*] [0mFuzzing test case #898 (1468 total, 0 uniq crashes found)...[0m
scheduled max input!!!!
schedule: 9 level24_2/ijon_max/9
updated maxmap 7: 54b (len: 655)
[1;94m[*] [0mFuzzing test case #899 (1468 total, 0 uniq crashes found)...[0m
scheduled max input!!!!
schedule: 2 level24_2/ijon_max/2
[1;94m[*] [0mFuzzing test case #900 (1468 total, 0 uniq crashes found)...[0m
scheduled max input!!!!
schedule: 9 level24_2/ijon_max/9
[1;94m[*] [0mFuzzing test case #901 (1468 total, 0 uniq crashes found)...[0m
[1;94m[*] [0mFuzzing test case #902 (1468 total, 0 uniq crashes found)...[0m
scheduled max input!!!!
schedule: 3 level24_2/ijon_max/3
updated maxmap 10: 530 (len: 648)
[1;94m[*] [0mFuzzing test case #903 (1469 total, 0 uniq crashes found)...[0m
[1;94m[*] [0mFuzzing test case #904 (1469 total, 0 uniq crashes found)...[0m
scheduled max input!!!!
schedule: 8 level24_2/ijon_max/8
[1;94m[*] [0mFuzzing test case #905 (1469 total, 0 uniq crashes found)...[0m
scheduled max input!!!!
schedule: 6 level24_2/ijon_max/6
updated maxmap 8: 542 (len: 653)
[1;94m[*] [0mFuzzing test case #906 (1469 total, 0 uniq crashes found)...[0m
scheduled max input!!!!
schedule: 7 level24_2/ijon_max/7
updated maxmap 7: 54c (len: 655)
[1;94m[*] [0mFuzzing test case #907 (1469 total, 0 uniq crashes found)...[0m
scheduled max input!!!!
schedule: 5 level24_2/ijon_max/5
updated maxmap 5: 542 (len: 653)
updated maxmap 6: 547 (len: 653)
[1;94m[*] [0mFuzzing test case #908 (1469 total, 0 uniq crashes found)...[0m
scheduled max input!!!!
schedule: 10 level24_2/ijon_max/10
updated maxmap 10: 531 (len: 648)
[1;94m[*] [0mFuzzing test case #909 (1469 total, 0 uniq crashes found)...[0m
[1;94m[*] [0mFuzzing test case #910 (1469 total, 0 uniq crashes found)...[0m
[1;94m[*] [0mFuzzing test case #911 (1469 total, 0 uniq crashes found)...[0m
scheduled max input!!!!
schedule: 6 level24_2/ijon_max/6
[1;94m[*] [0mFuzzing test case #912 (1469 total, 0 uniq crashes found)...[0m
scheduled max input!!!!
schedule: 9 level24_2/ijon_max/9
[1;94m[*] [0mFuzzing test case #913 (1469 total, 0 uniq crashes found)...[0m
scheduled max input!!!!
schedule: 1 level24_2/ijon_max/1
[1;94m[*] [0mFuzzing test case #914 (1469 total, 0 uniq crashes found)...[0m
[1;94m[*] [0mFuzzing test case #915 (1469 total, 0 uniq crashes found)...[0m
scheduled max input!!!!
schedule: 3 level24_2/ijon_max/3
[1;94m[*] [0mFuzzing test case #916 (1469 total, 0 uniq crashes found)...[0m
[1;94m[*] [0mFuzzing test case #917 (1469 total, 0 uniq crashes found)...[0m
[1;94m[*] [0mFuzzing test case #918 (1469 total, 0 uniq crashes found)...[0m
scheduled max input!!!!
schedule: 7 level24_2/ijon_max/7
[1;94m[*] [0mFuzzing test case #919 (1471 total, 0 uniq crashes found)...[0m
scheduled max input!!!!
schedule: 9 level24_2/ijon_max/9
[1;94m[*] [0mFuzzing test case #920 (1471 total, 0 uniq crashes found)...[0m
scheduled max input!!!!
schedule: 4 level24_2/ijon_max/4
[1;94m[*] [0mFuzzing test case #921 (1471 total, 0 uniq crashes found)...[0m
scheduled max input!!!!
schedule: 1 level24_2/ijon_max/1
updated maxmap 1: 40b (len: 524)
[1;94m[*] [0mFuzzing test case #922 (1471 total, 0 uniq crashes found)...[0m
[1;94m[*] [0mFuzzing test case #923 (1471 total, 0 uniq crashes found)...[0m
scheduled max input!!!!
schedule: 5 level24_2/ijon_max/5
[1;94m[*] [0mFuzzing test case #924 (1471 total, 0 uniq crashes found)...[0m
[1;94m[*] [0mFuzzing test case #925 (1471 total, 0 uniq crashes found)...[0m
scheduled max input!!!!
schedule: 8 level24_2/ijon_max/8
updated maxmap 8: 543 (len: 653)
[1;94m[*] [0mFuzzing test case #926 (1471 total, 0 uniq crashes found)...[0m
scheduled max input!!!!
schedule: 2 level24_2/ijon_max/2
[1;94m[*] [0mFuzzing test case #927 (1471 total, 0 uniq crashes found)...[0m
scheduled max input!!!!
schedule: 6 level24_2/ijon_max/6
updated maxmap 5: 543 (len: 653)
updated maxmap 6: 548 (len: 653)
updated maxmap 7: 54d (len: 655)
[1;94m[*] [0mFuzzing test case #928 (1473 total, 0 uniq crashes found)...[0m
[1;94m[*] [0mFuzzing test case #929 (1473 total, 0 uniq crashes found)...[0m
scheduled max input!!!!
schedule: 0 level24_2/ijon_max/0
[1;94m[*] [0mFuzzing test case #930 (1473 total, 0 uniq crashes found)...[0m
[1;94m[*] [0mFuzzing test case #931 (1473 total, 0 uniq crashes found)...[0m
scheduled max input!!!!
schedule: 0 level24_2/ijon_max/0
[1;94m[*] [0mFuzzing test case #932 (1473 total, 0 uniq crashes found)...[0m
scheduled max input!!!!
schedule: 9 level24_2/ijon_max/9
[1;94m[*] [0mFuzzing test case #933 (1473 total, 0 uniq crashes found)...[0m
[1;94m[*] [0mFuzzing test case #934 (1473 total, 0 uniq crashes found)...[0m
[1;94m[*] [0mFuzzing test case #935 (1473 total, 0 uniq crashes found)...[0m
scheduled max input!!!!
schedule: 6 level24_2/ijon_max/6
[1;94m[*] [0mFuzzing test case #936 (1473 total, 0 uniq crashes found)...[0m
scheduled max input!!!!
schedule: 11 level24_2/ijon_max/11
[1;94m[*] [0mFuzzing test case #937 (1473 total, 0 uniq crashes found)...[0m
scheduled max input!!!!
schedule: 11 level24_2/ijon_max/11
[1;94m[*] [0mFuzzing test case #938 (1474 total, 0 uniq crashes found)...[0m
scheduled max input!!!!
schedule: 1 level24_2/ijon_max/1
[1;94m[*] [0mFuzzing test case #939 (1474 total, 0 uniq crashes found)...[0m
scheduled max input!!!!
schedule: 10 level24_2/ijon_max/10
[1;94m[*] [0mFuzzing test case #940 (1474 total, 0 uniq crashes found)...[0m
scheduled max input!!!!
schedule: 3 level24_2/ijon_max/3
[1;94m[*] [0mFuzzing test case #941 (1474 total, 0 uniq crashes found)...[0m
[1;94m[*] [0mFuzzing test case #942 (1474 total, 0 uniq crashes found)...[0m
[1;94m[*] [0mFuzzing test case #943 (1474 total, 0 uniq crashes found)...[0m
scheduled max input!!!!
schedule: 5 level24_2/ijon_max/5
[1;94m[*] [0mFuzzing test case #944 (1474 total, 0 uniq crashes found)...[0m
[1;94m[*] [0mFuzzing test case #945 (1474 total, 0 uniq crashes found)...[0m
[1;94m[*] [0mFuzzing test case #946 (1474 total, 0 uniq crashes found)...[0m
scheduled max input!!!!
schedule: 4 level24_2/ijon_max/4
[1;94m[*] [0mFuzzing test case #947 (1474 total, 0 uniq crashes found)...[0m
scheduled max input!!!!
schedule: 7 level24_2/ijon_max/7
updated maxmap 7: 550 (len: 657)
[1;94m[*] [0mFuzzing test case #948 (1474 total, 0 uniq crashes found)...[0m
[1;94m[*] [0mFuzzing test case #949 (1474 total, 0 uniq crashes found)...[0m
[1;94m[*] [0mFuzzing test case #950 (1474 total, 0 uniq crashes found)...[0m
[1;94m[*] [0mFuzzing test case #951 (1474 total, 0 uniq crashes found)...[0m
[1;94m[*] [0mFuzzing test case #952 (1474 total, 0 uniq crashes found)...[0m
scheduled max input!!!!
schedule: 9 level24_2/ijon_max/9
[1;94m[*] [0mFuzzing test case #953 (1474 total, 0 uniq crashes found)...[0m
scheduled max input!!!!
schedule: 9 level24_2/ijon_max/9
[1;94m[*] [0mFuzzing test case #954 (1475 total, 0 uniq crashes found)...[0m
scheduled max input!!!!
schedule: 6 level24_2/ijon_max/6
updated maxmap 8: 548 (len: 653)
[1;94m[*] [0mFuzzing test case #955 (1476 total, 0 uniq crashes found)...[0m
scheduled max input!!!!
schedule: 11 level24_2/ijon_max/11
[1;94m[*] [0mFuzzing test case #956 (1476 total, 0 uniq crashes found)...[0m
scheduled max input!!!!
schedule: 1 level24_2/ijon_max/1
[1;94m[*] [0mFuzzing test case #957 (1476 total, 0 uniq crashes found)...[0m
scheduled max input!!!!
schedule: 3 level24_2/ijon_max/3
[1;94m[*] [0mFuzzing test case #958 (1476 total, 0 uniq crashes found)...[0m
scheduled max input!!!!
schedule: 2 level24_2/ijon_max/2
updated maxmap 0: 40d (len: 531)
updated maxmap 1: 419 (len: 531)
updated maxmap 2: 41e (len: 531)
minimized maxmap 0: 40d (len: 524)
[1;94m[*] [0mFuzzing test case #959 (1476 total, 0 uniq crashes found)...[0m
scheduled max input!!!!
schedule: 9 level24_2/ijon_max/9
[1;94m[*] [0mFuzzing test case #960 (1476 total, 0 uniq crashes found)...[0m
scheduled max input!!!!
schedule: 7 level24_2/ijon_max/7
[1;94m[*] [0mFuzzing test case #961 (1476 total, 0 uniq crashes found)...[0m
scheduled max input!!!!
schedule: 8 level24_2/ijon_max/8
[1;94m[*] [0mFuzzing test case #962 (1476 total, 0 uniq crashes found)...[0m
scheduled max input!!!!
schedule: 9 level24_2/ijon_max/9
[1;94m[*] [0mFuzzing test case #963 (1476 total, 0 uniq crashes found)...[0m
scheduled max input!!!!
schedule: 11 level24_2/ijon_max/11
[1;94m[*] [0mFuzzing test case #964 (1476 total, 0 uniq crashes found)...[0m
[1;94m[*] [0mFuzzing test case #965 (1476 total, 0 uniq crashes found)...[0m
[1;94m[*] [0mFuzzing test case #966 (1476 total, 0 uniq crashes found)...[0m
scheduled max input!!!!
schedule: 3 level24_2/ijon_max/3
[1;94m[*] [0mFuzzing test case #967 (1476 total, 0 uniq crashes found)...[0m
[1;94m[*] [0mFuzzing test case #968 (1476 total, 0 uniq crashes found)...[0m
scheduled max input!!!!
schedule: 2 level24_2/ijon_max/2
updated maxmap 2: 42f (len: 538)
[1;94m[*] [0mFuzzing test case #969 (1477 total, 0 uniq crashes found)...[0m
[1;94m[*] [0mFuzzing test case #970 (1477 total, 0 uniq crashes found)...[0m
[1;94m[*] [0mFuzzing test case #971 (1477 total, 0 uniq crashes found)...[0m
scheduled max input!!!!
schedule: 3 level24_2/ijon_max/3
updated maxmap 4: 53d (len: 651)
[1;94m[*] [0mFuzzing test case #972 (1477 total, 0 uniq crashes found)...[0m
scheduled max input!!!!
schedule: 8 level24_2/ijon_max/8
[1;94m[*] [0mFuzzing test case #973 (1477 total, 0 uniq crashes found)...[0m
scheduled max input!!!!
schedule: 9 level24_2/ijon_max/9
[1;94m[*] [0mFuzzing test case #974 (1477 total, 0 uniq crashes found)...[0m
scheduled max input!!!!
schedule: 6 level24_2/ijon_max/6
[1;94m[*] [0mFuzzing test case #975 (1477 total, 0 uniq crashes found)...[0m
[1;94m[*] [0mFuzzing test case #976 (1477 total, 0 uniq crashes found)...[0m
scheduled max input!!!!
schedule: 0 level24_2/ijon_max/0
[1;94m[*] [0mFuzzing test case #977 (1477 total, 0 uniq crashes found)...[0m
scheduled max input!!!!
schedule: 1 level24_2/ijon_max/1
[1;94m[*] [0mFuzzing test case #978 (1477 total, 0 uniq crashes found)...[0m
scheduled max input!!!!
schedule: 5 level24_2/ijon_max/5
updated maxmap 3: 539 (len: 657)
updated maxmap 4: 543 (len: 657)
updated maxmap 5: 54d (len: 657)
updated maxmap 6: 552 (len: 657)
minimized maxmap 3: 539 (len: 653)
minimized maxmap 4: 543 (len: 653)
[1;94m[*] [0mFuzzing test case #979 (1477 total, 0 uniq crashes found)...[0m
scheduled max input!!!!
schedule: 8 level24_2/ijon_max/8
[1;94m[*] [0mFuzzing test case #980 (1478 total, 0 uniq crashes found)...[0m
scheduled max input!!!!
schedule: 1 level24_2/ijon_max/1
updated maxmap 0: 414 (len: 531)
updated maxmap 1: 41e (len: 531)
[1;94m[*] [0mFuzzing test case #981 (1480 total, 0 uniq crashes found)...[0m
scheduled max input!!!!
schedule: 2 level24_2/ijon_max/2
[1;94m[*] [0mFuzzing test case #982 (1480 total, 0 uniq crashes found)...[0m
scheduled max input!!!!
schedule: 3 level24_2/ijon_max/3
[1;94m[*] [0mFuzzing test case #983 (1481 total, 0 uniq crashes found)...[0m
scheduled max input!!!!
schedule: 1 level24_2/ijon_max/1
[1;94m[*] [0mFuzzing test case #984 (1481 total, 0 uniq crashes found)...[0m
scheduled max input!!!!
schedule: 0 level24_2/ijon_max/0
[1;94m[*] [0mFuzzing test case #985 (1481 total, 0 uniq crashes found)...[0m
scheduled max input!!!!
schedule: 10 level24_2/ijon_max/10
[1;94m[*] [0mFuzzing test case #986 (1483 total, 0 uniq crashes found)...[0m
[1;94m[*] [0mFuzzing test case #987 (1483 total, 0 uniq crashes found)...[0m
[1;94m[*] [0mFuzzing test case #988 (1483 total, 0 uniq crashes found)...[0m
scheduled max input!!!!
schedule: 7 level24_2/ijon_max/7
updated maxmap 7: 551 (len: 657)
[1;94m[*] [0mFuzzing test case #989 (1483 total, 0 uniq crashes found)...[0m
scheduled max input!!!!
schedule: 4 level24_2/ijon_max/4
[1;94m[*] [0mFuzzing test case #990 (1483 total, 0 uniq crashes found)...[0m
[1;94m[*] [0mFuzzing test case #991 (1483 total, 0 uniq crashes found)...[0m
scheduled max input!!!!
schedule: 9 level24_2/ijon_max/9
[1;94m[*] [0mFuzzing test case #992 (1483 total, 0 uniq crashes found)...[0m
scheduled max input!!!!
schedule: 11 level24_2/ijon_max/11
[1;94m[*] [0mFuzzing test case #993 (1483 total, 0 uniq crashes found)...[0m
scheduled max input!!!!
schedule: 8 level24_2/ijon_max/8
[1;94m[*] [0mFuzzing test case #994 (1483 total, 0 uniq crashes found)...[0m
scheduled max input!!!!
schedule: 2 level24_2/ijon_max/2
[1;94m[*] [0mFuzzing test case #995 (1483 total, 0 uniq crashes found)...[0m
scheduled max input!!!!
schedule: 11 level24_2/ijon_max/11
[1;94m[*] [0mFuzzing test case #996 (1483 total, 0 uniq crashes found)...[0m
scheduled max input!!!!
schedule: 0 level24_2/ijon_max/0
[1;94m[*] [0mFuzzing test case #997 (1483 total, 0 uniq crashes found)...[0m
[1;94m[*] [0mFuzzing test case #998 (1483 total, 0 uniq crashes found)...[0m
[1;94m[*] [0mFuzzing test case #999 (1483 total, 0 uniq crashes found)...[0m
scheduled max input!!!!
schedule: 7 level24_2/ijon_max/7
[1;94m[*] [0mFuzzing test case #1000 (1483 total, 0 uniq crashes found)...[0m
scheduled max input!!!!
schedule: 5 level24_2/ijon_max/5
updated maxmap 8: 551 (len: 657)
updated maxmap 3: 543 (len: 657)
updated maxmap 4: 54a (len: 657)
updated maxmap 5: 552 (len: 657)
updated maxmap 4: 54b (len: 657)
[1;94m[*] [0mFuzzing test case #1001 (1484 total, 0 uniq crashes found)...[0m
scheduled max input!!!!
schedule: 3 level24_2/ijon_max/3
updated maxmap 5: 553 (len: 662)
updated maxmap 6: 55d (len: 662)
updated maxmap 3: 548 (len: 659)
updated maxmap 4: 54f (len: 659)
updated maxmap 5: 557 (len: 659)
minimized maxmap 3: 548 (len: 657)
minimized maxmap 4: 54f (len: 657)
updated maxmap 8: 552 (len: 657)
[1;94m[*] [0mFuzzing test case #1002 (1486 total, 0 uniq crashes found)...[0m
scheduled max input!!!!
schedule: 5 level24_2/ijon_max/5
[1;94m[*] [0mFuzzing test case #1003 (1486 total, 0 uniq crashes found)...[0m
[1;94m[*] [0mFuzzing test case #1004 (1486 total, 0 uniq crashes found)...[0m
scheduled max input!!!!
schedule: 1 level24_2/ijon_max/1
[1;94m[*] [0mFuzzing test case #1005 (1486 total, 0 uniq crashes found)...[0m
scheduled max input!!!!
schedule: 0 level24_2/ijon_max/0
[1;94m[*] [0mFuzzing test case #1006 (1486 total, 0 uniq crashes found)...[0m
scheduled max input!!!!
schedule: 10 level24_2/ijon_max/10
[1;94m[*] [0mFuzzing test case #1007 (1486 total, 0 uniq crashes found)...[0m
scheduled max input!!!!
schedule: 9 level24_2/ijon_max/9
[1;94m[*] [0mFuzzing test case #1008 (1486 total, 0 uniq crashes found)...[0m
[1;94m[*] [0mFuzzing test case #1009 (1486 total, 0 uniq crashes found)...[0m
scheduled max input!!!!
schedule: 9 level24_2/ijon_max/9
[1;94m[*] [0mFuzzing test case #1010 (1486 total, 0 uniq crashes found)...[0m
scheduled max input!!!!
schedule: 4 level24_2/ijon_max/4
[1;94m[*] [0mFuzzing test case #1011 (1486 total, 0 uniq crashes found)...[0m
[1;94m[*] [0mFuzzing test case #1012 (1486 total, 0 uniq crashes found)...[0m
scheduled max input!!!!
schedule: 1 level24_2/ijon_max/1
[1;94m[*] [0mFuzzing test case #1013 (1486 total, 0 uniq crashes found)...[0m
scheduled max input!!!!
schedule: 9 level24_2/ijon_max/9
[1;94m[*] [0mFuzzing test case #1014 (1486 total, 0 uniq crashes found)...[0m
[1;94m[*] [0mFuzzing test case #1015 (1486 total, 0 uniq crashes found)...[0m
[1;94m[*] [0mFuzzing test case #1016 (1486 total, 0 uniq crashes found)...[0m
scheduled max input!!!!
schedule: 11 level24_2/ijon_max/11
[1;94m[*] [0mFuzzing test case #1017 (1486 total, 0 uniq crashes found)...[0m
scheduled max input!!!!
schedule: 10 level24_2/ijon_max/10
[1;94m[*] [0mFuzzing test case #1018 (1486 total, 0 uniq crashes found)...[0m
scheduled max input!!!!
schedule: 6 level24_2/ijon_max/6
[1;94m[*] [0mFuzzing test case #1019 (1486 total, 0 uniq crashes found)...[0m
scheduled max input!!!!
schedule: 7 level24_2/ijon_max/7
[1;94m[*] [0mFuzzing test case #1020 (1486 total, 0 uniq crashes found)...[0m
scheduled normal input!!!!
[1;94m[*] [0mFuzzing test case #1021 (1486 total, 0 uniq crashes found)...[0m
scheduled max input!!!!
schedule: 3 level24_2/ijon_max/3
updated maxmap 3: 54a (len: 657)
updated maxmap 4: 551 (len: 657)
[1;94m[*] [0mFuzzing test case #1022 (1487 total, 0 uniq crashes found)...[0m
scheduled max input!!!!
schedule: 4 level24_2/ijon_max/4
[1;94m[*] [0mFuzzing test case #1023 (1487 total, 0 uniq crashes found)...[0m
scheduled normal input!!!!
[1;94m[*] [0mFuzzing test case #1024 (1487 total, 0 uniq crashes found)...[0m
scheduled max input!!!!
schedule: 11 level24_2/ijon_max/11
[1;94m[*] [0mFuzzing test case #1025 (1487 total, 0 uniq crashes found)...[0m
scheduled max input!!!!
schedule: 5 level24_2/ijon_max/5
updated maxmap 5: 559 (len: 663)
updated maxmap 7: 55d (len: 665)
[1;94m[*] [0mFuzzing test case #1026 (1487 total, 0 uniq crashes found)...[0m
scheduled max input!!!!
schedule: 0 level24_2/ijon_max/0
[1;94m[*] [0mFuzzing test case #1027 (1487 total, 0 uniq crashes found)...[0m
scheduled max input!!!!
schedule: 10 level24_2/ijon_max/10
[1;94m[*] [0mFuzzing test case #1028 (1487 total, 0 uniq crashes found)...[0m
scheduled max input!!!!
schedule: 11 level24_2/ijon_max/11
updated maxmap 11: 52e (len: 661)
[1;94m[*] [0mFuzzing test case #1029 (1488 total, 0 uniq crashes found)...[0m
scheduled max input!!!!
schedule: 8 level24_2/ijon_max/8
[1;94m[*] [0mFuzzing test case #1030 (1488 total, 0 uniq crashes found)...[0m
scheduled normal input!!!!
[?25h[1;91m

+++ Testing aborted by user +++
[0m
[1;93m[!] [0mStopped during the first cycle, results may be incomplete.
    (For info on resuming, see docs/README.)
[1;92m[+] [0mWe're done here. Have a nice day!
[0m
srun: error: ubuntu-test: task 0: Exited with exit code 124
