srun: error: NodeNames=ubuntu-test CPUs=90 match no Sockets, Sockets*CoresPerSocket or Sockets*CoresPerSocket*ThreadsPerCore. Resetting CPUs.
[0;36mafl-fuzz [1;97m2.51b-ijon[0m by <lcamtuf@google.com>
[1;92m[+] [0mLooks like we're not running on a tty, so I'll be a bit less verbose.[0m
[1;92m[+] [0mYou have 96 CPU cores and 114 runnable tasks (utilization: 119%).[0m
[1;93m[!] [1;97mWARNING: [0mNot binding to a CPU core (AFL_NO_AFFINITY set).[0m
[1;94m[*] [0mChecking core_pattern...[0m
[1;94m[*] [0mSetting up output directories...[0m
importdir: level32_2/importsmax_dir: level32_2/ijon_max[1;94m[*] [0mScanning 'seeds'...[0m
[1;92m[+] [0mNo auto-generated dictionary tokens to reuse.[0m
[1;94m[*] [0mCreating hard links for all input files...[0m
[1;94m[*] [0mValidating target binary...[0m
[1;94m[*] [0mAttempting dry run with 'id:000000,orig:a'...[0m
[1;94m[*] [0mSpinning up the fork server...[0m
[1;92m[+] [0mAll right - fork server is up.[0m
[1;90m    len = 1, map size = 2477, exec speed = 17968 us
[0m[1;92m[+] [0mAll test cases processed.[0m

[1;93m[!] [1;97mWARNING: [0m[1;91mThe target binary is pretty slow! See docs/perf_tips.txt.[0m
[1;92m[+] [0mHere are some useful stats:

[1;90m    Test case count : [0m1 favored, 0 variable, 1 total
[1;90m       Bitmap range : [0m2477 to 2477 bits (average: 2477.00 bits)
[1;90m        Exec timing : [0m18.0k to 18.0k us (average: 18.0k us)
[0m
[1;92m[+] [0mAll set and ready to roll![0m
[1;94m[*] [0mEntering queue cycle 1.[0m
[1;94m[*] [0mFuzzing test case #0 (1 total, 0 uniq crashes found)...[0m
scheduled normal input!!!!
updated maxmap 11: 28 (len: 1)
updated maxmap 9: 29 (len: 43)
updated maxmap 10: 28 (len: 43)
updated maxmap 9: 2a (len: 55)
updated maxmap 10: 2c (len: 55)
updated maxmap 11: 2c (len: 55)
updated maxmap 9: 35 (len: 60)
updated maxmap 10: 32 (len: 60)
updated maxmap 11: 30 (len: 60)
updated maxmap 8: 2a (len: 53)
updated maxmap 10: 34 (len: 55)
updated maxmap 11: 37 (len: 55)
updated maxmap 8: 2b (len: 47)
updated maxmap 8: 2d (len: 41)
updated maxmap 9: 36 (len: 79)
updated maxmap 10: 35 (len: 79)
updated maxmap 9: 3b (len: 64)
updated maxmap 9: 4b (len: 71)
updated maxmap 10: 39 (len: 71)
updated maxmap 8: 2e (len: 52)
updated maxmap 8: 2f (len: 67)
updated maxmap 10: 3b (len: 62)
updated maxmap 10: 51 (len: 70)
updated maxmap 9: 50 (len: 94)
updated maxmap 11: 46 (len: 94)
updated maxmap 8: 35 (len: 49)
updated maxmap 8: 38 (len: 79)
[1;94m[*] [0mFuzzing test case #1 (237 total, 0 uniq crashes found)...[0m
[1;94m[*] [0mFuzzing test case #2 (237 total, 0 uniq crashes found)...[0m
scheduled max input!!!!
schedule: 11 level32_2/ijon_max/11
updated maxmap 9: 5c (len: 128)
updated maxmap 10: 5a (len: 128)
updated maxmap 11: 55 (len: 128)
updated maxmap 8: 3f (len: 94)
updated maxmap 10: 5d (len: 113)
updated maxmap 11: 5a (len: 113)
updated maxmap 9: 5e (len: 102)
updated maxmap 11: 63 (len: 134)
updated maxmap 8: 42 (len: 101)
updated maxmap 9: 8e (len: 124)
updated maxmap 10: 94 (len: 124)
updated maxmap 11: 73 (len: 124)
updated maxmap 8: 50 (len: 117)
updated maxmap 11: 80 (len: 101)
updated maxmap 11: 82 (len: 109)
updated maxmap 8: 92 (len: 125)
updated maxmap 7: ab (len: 143)
updated maxmap 8: a8 (len: 143)
updated maxmap 9: 9e (len: 143)
updated maxmap 10: 96 (len: 143)
updated maxmap 11: 90 (len: 143)
updated maxmap 9: a4 (len: 156)
updated maxmap 10: a2 (len: 156)
updated maxmap 11: 9d (len: 156)
updated maxmap 9: b3 (len: 150)
updated maxmap 10: ad (len: 150)
updated maxmap 11: a7 (len: 150)
updated maxmap 9: b4 (len: 171)
updated maxmap 10: ba (len: 171)
updated maxmap 11: bf (len: 171)
updated maxmap 9: b9 (len: 170)
updated maxmap 9: c9 (len: 151)
updated maxmap 10: c5 (len: 151)
updated maxmap 11: c0 (len: 151)
updated maxmap 10: d2 (len: 173)
updated maxmap 11: cd (len: 173)
[1;94m[*] [0mFuzzing test case #3 (394 total, 0 uniq crashes found)...[0m
scheduled max input!!!!
schedule: 11 level32_2/ijon_max/11
updated maxmap 11: ce (len: 174)
updated maxmap 10: d3 (len: 173)
updated maxmap 10: d5 (len: 173)
updated maxmap 11: d3 (len: 173)
updated maxmap 9: d4 (len: 173)
updated maxmap 9: dc (len: 180)
updated maxmap 8: e0 (len: 216)
updated maxmap 9: e9 (len: 216)
updated maxmap 10: ea (len: 216)
updated maxmap 9: ec (len: 173)
updated maxmap 10: f6 (len: 173)
updated maxmap 9: f1 (len: 174)
updated maxmap 10: f9 (len: 174)
updated maxmap 8: e4 (len: 180)
updated maxmap 9: fd (len: 239)
updated maxmap 10: 102 (len: 239)
updated maxmap 11: 104 (len: 239)
updated maxmap 9: 106 (len: 221)
updated maxmap 10: 10c (len: 221)
updated maxmap 11: 110 (len: 221)
updated maxmap 7: c6 (len: 215)
updated maxmap 9: 109 (len: 230)
updated maxmap 10: 10e (len: 230)
updated maxmap 9: 10c (len: 222)
updated maxmap 10: 11d (len: 222)
updated maxmap 11: 11c (len: 222)
updated maxmap 9: 114 (len: 212)
updated maxmap 8: f0 (len: 194)
updated maxmap 8: 103 (len: 255)
updated maxmap 9: 146 (len: 188)
updated maxmap 10: 120 (len: 188)
updated maxmap 10: 13b (len: 222)
updated maxmap 11: 137 (len: 222)
updated maxmap 10: 153 (len: 199)
updated maxmap 11: 151 (len: 199)
updated maxmap 7: d5 (len: 173)
updated maxmap 8: 12a (len: 181)
updated maxmap 8: 134 (len: 239)
updated maxmap 9: 168 (len: 231)
updated maxmap 10: 15f (len: 231)
updated maxmap 10: 174 (len: 202)
updated maxmap 8: 135 (len: 181)
updated maxmap 8: 139 (len: 202)
updated maxmap 6: 98 (len: 173)
updated maxmap 7: d6 (len: 181)
updated maxmap 7: 129 (len: 177)
updated maxmap 8: 13c (len: 196)
updated maxmap 9: 191 (len: 254)
updated maxmap 10: 19d (len: 254)
[1;94m[*] [0mFuzzing test case #4 (631 total, 0 uniq crashes found)...[0m
scheduled max input!!!!
schedule: 11 level32_2/ijon_max/11
updated maxmap 8: 13d (len: 204)
updated maxmap 11: 153 (len: 199)
updated maxmap 8: 14c (len: 199)
updated maxmap 7: 166 (len: 200)
updated maxmap 8: 15a (len: 200)
updated maxmap 11: 17b (len: 217)
updated maxmap 8: 16c (len: 210)
updated maxmap 6: b5 (len: 229)
updated maxmap 9: 1ec (len: 256)
updated maxmap 10: 1ea (len: 256)
updated maxmap 11: 1e3 (len: 256)
updated maxmap 6: b9 (len: 199)
updated maxmap 6: ba (len: 199)
updated maxmap 6: bb (len: 199)
updated maxmap 6: cc (len: 201)
updated maxmap 8: 1c8 (len: 286)
updated maxmap 6: ce (len: 204)
[1;94m[*] [0mFuzzing test case #5 (701 total, 0 uniq crashes found)...[0m
scheduled max input!!!!
schedule: 11 level32_2/ijon_max/11
updated maxmap 9: 1f3 (len: 260)
updated maxmap 10: 1f1 (len: 260)
updated maxmap 11: 1ea (len: 260)
updated maxmap 9: 1f5 (len: 261)
updated maxmap 11: 1ec (len: 256)
updated maxmap 9: 1fb (len: 263)
updated maxmap 8: 1ce (len: 260)
updated maxmap 11: 1f3 (len: 260)
updated maxmap 9: 1fd (len: 266)
updated maxmap 7: 1d4 (len: 270)
updated maxmap 8: 1e3 (len: 270)
updated maxmap 9: 207 (len: 270)
updated maxmap 10: 1f4 (len: 270)
updated maxmap 10: 200 (len: 267)
updated maxmap 9: 209 (len: 270)
updated maxmap 8: 1f5 (len: 260)
updated maxmap 6: e1 (len: 267)
updated maxmap 8: 1f9 (len: 262)
updated maxmap 9: 20f (len: 281)
updated maxmap 10: 214 (len: 281)
updated maxmap 9: 220 (len: 302)
updated maxmap 10: 221 (len: 302)
updated maxmap 11: 21f (len: 302)
updated maxmap 9: 221 (len: 306)
updated maxmap 11: 220 (len: 321)
[1;94m[*] [0mFuzzing test case #6 (799 total, 0 uniq crashes found)...[0m
scheduled max input!!!!
schedule: 10 level32_2/ijon_max/10
updated maxmap 11: 221 (len: 305)
updated maxmap 8: 1fa (len: 313)
updated maxmap 9: 222 (len: 313)
updated maxmap 8: 200 (len: 302)
updated maxmap 8: 221 (len: 309)
updated maxmap 10: 222 (len: 302)
updated maxmap 7: 1d8 (len: 308)
updated maxmap 11: 222 (len: 307)
updated maxmap 7: 220 (len: 306)
updated maxmap 10: 223 (len: 302)
updated maxmap 10: 224 (len: 302)
updated maxmap 11: 223 (len: 302)
updated maxmap 5: 229 (len: 323)
updated maxmap 6: 223 (len: 323)
updated maxmap 7: 221 (len: 323)
[1;94m[*] [0mFuzzing test case #7 (883 total, 0 uniq crashes found)...[0m
[1;94m[*] [0mFuzzing test case #8 (883 total, 0 uniq crashes found)...[0m
scheduled max input!!!!
schedule: 5 level32_2/ijon_max/5
updated maxmap 5: 22a (len: 323)
updated maxmap 8: 222 (len: 323)
updated maxmap 5: 22b (len: 323)
updated maxmap 6: 224 (len: 323)
updated maxmap 6: 22c (len: 325)
updated maxmap 5: 22c (len: 323)
updated maxmap 5: 22d (len: 323)
updated maxmap 5: 22e (len: 329)
updated maxmap 6: 235 (len: 329)
updated maxmap 7: 224 (len: 325)
updated maxmap 7: 229 (len: 323)
updated maxmap 7: 22b (len: 323)
updated maxmap 5: 231 (len: 327)
updated maxmap 4: 22c (len: 330)
[1;94m[*] [0mFuzzing test case #9 (915 total, 0 uniq crashes found)...[0m
scheduled max input!!!!
schedule: 8 level32_2/ijon_max/8
updated maxmap 8: 223 (len: 383)
updated maxmap 9: 224 (len: 323)
[1;94m[*] [0mFuzzing test case #10 (929 total, 0 uniq crashes found)...[0m
scheduled max input!!!!
schedule: 6 level32_2/ijon_max/6
updated maxmap 7: 235 (len: 329)
updated maxmap 5: 238 (len: 334)
updated maxmap 6: 236 (len: 330)
updated maxmap 7: 237 (len: 332)
updated maxmap 4: 233 (len: 338)
updated maxmap 5: 239 (len: 338)
updated maxmap 6: 23b (len: 338)
updated maxmap 4: 234 (len: 329)
[1;94m[*] [0mFuzzing test case #11 (940 total, 0 uniq crashes found)...[0m
scheduled max input!!!!
schedule: 4 level32_2/ijon_max/4
[1;94m[*] [0mFuzzing test case #12 (940 total, 0 uniq crashes found)...[0m
scheduled max input!!!!
schedule: 11 level32_2/ijon_max/11
[1;94m[*] [0mFuzzing test case #13 (941 total, 0 uniq crashes found)...[0m
scheduled max input!!!!
schedule: 9 level32_2/ijon_max/9
updated maxmap 9: 225 (len: 323)
[1;94m[*] [0mFuzzing test case #14 (942 total, 0 uniq crashes found)...[0m
[1;94m[*] [0mFuzzing test case #15 (942 total, 0 uniq crashes found)...[0m
scheduled max input!!!!
schedule: 5 level32_2/ijon_max/5
updated maxmap 7: 23b (len: 338)
updated maxmap 4: 239 (len: 338)
updated maxmap 5: 23f (len: 338)
updated maxmap 6: 241 (len: 338)
updated maxmap 7: 23c (len: 340)
[1;94m[*] [0mFuzzing test case #16 (943 total, 0 uniq crashes found)...[0m
scheduled max input!!!!
schedule: 10 level32_2/ijon_max/10
[1;94m[*] [0mFuzzing test case #17 (943 total, 0 uniq crashes found)...[0m
[1;94m[*] [0mFuzzing test case #18 (943 total, 0 uniq crashes found)...[0m
scheduled max input!!!!
schedule: 10 level32_2/ijon_max/10
[1;94m[*] [0mFuzzing test case #19 (943 total, 0 uniq crashes found)...[0m
scheduled max input!!!!
schedule: 11 level32_2/ijon_max/11
[1;94m[*] [0mFuzzing test case #20 (943 total, 0 uniq crashes found)...[0m
[1;94m[*] [0mFuzzing test case #21 (943 total, 0 uniq crashes found)...[0m
scheduled max input!!!!
schedule: 7 level32_2/ijon_max/7
[1;94m[*] [0mFuzzing test case #22 (943 total, 0 uniq crashes found)...[0m
scheduled max input!!!!
schedule: 11 level32_2/ijon_max/11
[1;94m[*] [0mFuzzing test case #23 (943 total, 0 uniq crashes found)...[0m
[1;94m[*] [0mFuzzing test case #24 (943 total, 0 uniq crashes found)...[0m
scheduled max input!!!!
schedule: 9 level32_2/ijon_max/9
[1;94m[*] [0mFuzzing test case #25 (943 total, 0 uniq crashes found)...[0m
scheduled max input!!!!
schedule: 9 level32_2/ijon_max/9
[1;94m[*] [0mFuzzing test case #26 (943 total, 0 uniq crashes found)...[0m
scheduled max input!!!!
schedule: 4 level32_2/ijon_max/4
updated maxmap 4: 23a (len: 338)
updated maxmap 5: 240 (len: 338)
updated maxmap 7: 23e (len: 338)
[1;94m[*] [0mFuzzing test case #27 (943 total, 0 uniq crashes found)...[0m
scheduled max input!!!!
schedule: 7 level32_2/ijon_max/7
[1;94m[*] [0mFuzzing test case #28 (943 total, 0 uniq crashes found)...[0m
scheduled max input!!!!
schedule: 5 level32_2/ijon_max/5
[1;94m[*] [0mFuzzing test case #29 (943 total, 0 uniq crashes found)...[0m
scheduled max input!!!!
schedule: 5 level32_2/ijon_max/5
[1;94m[*] [0mFuzzing test case #30 (943 total, 0 uniq crashes found)...[0m
scheduled max input!!!!
schedule: 6 level32_2/ijon_max/6
[1;94m[*] [0mFuzzing test case #31 (943 total, 0 uniq crashes found)...[0m
scheduled max input!!!!
schedule: 11 level32_2/ijon_max/11
[1;94m[*] [0mFuzzing test case #32 (943 total, 0 uniq crashes found)...[0m
scheduled max input!!!!
schedule: 5 level32_2/ijon_max/5
updated maxmap 5: 246 (len: 345)
updated maxmap 6: 24c (len: 345)
updated maxmap 7: 252 (len: 345)
updated maxmap 8: 258 (len: 345)
updated maxmap 9: 25b (len: 345)
[1;94m[*] [0mFuzzing test case #33 (944 total, 0 uniq crashes found)...[0m
scheduled max input!!!!
schedule: 4 level32_2/ijon_max/4
[1;94m[*] [0mFuzzing test case #34 (945 total, 0 uniq crashes found)...[0m
scheduled max input!!!!
schedule: 11 level32_2/ijon_max/11
[1;94m[*] [0mFuzzing test case #35 (945 total, 0 uniq crashes found)...[0m
scheduled max input!!!!
schedule: 4 level32_2/ijon_max/4
[1;94m[*] [0mFuzzing test case #36 (945 total, 0 uniq crashes found)...[0m
scheduled max input!!!!
schedule: 10 level32_2/ijon_max/10
[1;94m[*] [0mFuzzing test case #37 (945 total, 0 uniq crashes found)...[0m
scheduled max input!!!!
schedule: 6 level32_2/ijon_max/6
updated maxmap 7: 259 (len: 350)
updated maxmap 8: 25f (len: 350)
updated maxmap 9: 264 (len: 350)
updated maxmap 5: 24b (len: 358)
[1;94m[*] [0mFuzzing test case #38 (947 total, 0 uniq crashes found)...[0m
scheduled max input!!!!
schedule: 8 level32_2/ijon_max/8
updated maxmap 10: 264 (len: 350)
updated maxmap 11: 261 (len: 350)
updated maxmap 10: 265 (len: 350)
updated maxmap 11: 262 (len: 350)
updated maxmap 3: 277 (len: 364)
updated maxmap 4: 279 (len: 364)
updated maxmap 5: 258 (len: 364)
updated maxmap 6: 250 (len: 364)
updated maxmap 10: 266 (len: 350)
updated maxmap 11: 263 (len: 350)
updated maxmap 9: 265 (len: 352)
updated maxmap 10: 267 (len: 352)
updated maxmap 6: 25e (len: 358)
updated maxmap 7: 268 (len: 358)
updated maxmap 8: 272 (len: 358)
updated maxmap 9: 29f (len: 358)
updated maxmap 10: 290 (len: 358)
updated maxmap 11: 288 (len: 358)
updated maxmap 11: 289 (len: 350)
updated maxmap 6: 25f (len: 350)
updated maxmap 7: 269 (len: 350)
updated maxmap 8: 273 (len: 350)
updated maxmap 11: 28a (len: 350)
updated maxmap 11: 28c (len: 352)
updated maxmap 11: 28d (len: 350)
updated maxmap 11: 28e (len: 353)
updated maxmap 10: 291 (len: 353)
updated maxmap 11: 28f (len: 353)
updated maxmap 5: 264 (len: 350)
updated maxmap 6: 26e (len: 350)
updated maxmap 7: 278 (len: 350)
updated maxmap 8: 282 (len: 350)
updated maxmap 5: 26c (len: 350)
updated maxmap 6: 276 (len: 350)
updated maxmap 7: 280 (len: 350)
updated maxmap 8: 28a (len: 350)
updated maxmap 10: 296 (len: 354)
updated maxmap 10: 299 (len: 357)
[1;94m[*] [0mFuzzing test case #39 (971 total, 0 uniq crashes found)...[0m
scheduled max input!!!!
schedule: 8 level32_2/ijon_max/8
updated maxmap 10: 29b (len: 357)
[1;94m[*] [0mFuzzing test case #40 (972 total, 0 uniq crashes found)...[0m
scheduled max input!!!!
schedule: 6 level32_2/ijon_max/6
updated maxmap 5: 276 (len: 350)
updated maxmap 6: 280 (len: 350)
updated maxmap 7: 28a (len: 350)
updated maxmap 8: 28c (len: 350)
updated maxmap 11: 290 (len: 356)
[1;94m[*] [0mFuzzing test case #41 (972 total, 0 uniq crashes found)...[0m
scheduled max input!!!!
schedule: 9 level32_2/ijon_max/9
updated maxmap 9: 2a0 (len: 358)
updated maxmap 11: 291 (len: 358)
updated maxmap 11: 293 (len: 358)
updated maxmap 9: 2b1 (len: 365)
updated maxmap 8: 2a1 (len: 358)
updated maxmap 8: 2a2 (len: 358)
updated maxmap 10: 2a0 (len: 358)
updated maxmap 10: 2b0 (len: 364)
updated maxmap 8: 2a3 (len: 358)
[1;94m[*] [0mFuzzing test case #42 (985 total, 0 uniq crashes found)...[0m
scheduled max input!!!!
schedule: 7 level32_2/ijon_max/7
[1;94m[*] [0mFuzzing test case #43 (985 total, 0 uniq crashes found)...[0m
scheduled max input!!!!
schedule: 3 level32_2/ijon_max/3
[1;94m[*] [0mFuzzing test case #44 (986 total, 0 uniq crashes found)...[0m
scheduled max input!!!!
schedule: 8 level32_2/ijon_max/8
updated maxmap 8: 2a4 (len: 358)
updated maxmap 7: 2a2 (len: 358)
updated maxmap 9: 2b6 (len: 365)
updated maxmap 10: 2b4 (len: 365)
updated maxmap 8: 2a5 (len: 359)
updated maxmap 8: 2a6 (len: 358)
updated maxmap 9: 2b9 (len: 365)
[1;94m[*] [0mFuzzing test case #45 (988 total, 0 uniq crashes found)...[0m
scheduled max input!!!!
schedule: 8 level32_2/ijon_max/8
[1;94m[*] [0mFuzzing test case #46 (988 total, 0 uniq crashes found)...[0m
scheduled max input!!!!
schedule: 11 level32_2/ijon_max/11
[1;94m[*] [0mFuzzing test case #47 (989 total, 0 uniq crashes found)...[0m
scheduled max input!!!!
schedule: 9 level32_2/ijon_max/9
updated maxmap 9: 2bb (len: 365)
[1;94m[*] [0mFuzzing test case #48 (989 total, 0 uniq crashes found)...[0m
[1;94m[*] [0mFuzzing test case #49 (989 total, 0 uniq crashes found)...[0m
scheduled max input!!!!
schedule: 8 level32_2/ijon_max/8
[1;94m[*] [0mFuzzing test case #50 (989 total, 0 uniq crashes found)...[0m
scheduled max input!!!!
schedule: 11 level32_2/ijon_max/11
[1;94m[*] [0mFuzzing test case #51 (989 total, 0 uniq crashes found)...[0m
[1;94m[*] [0mFuzzing test case #52 (989 total, 0 uniq crashes found)...[0m
[1;94m[*] [0mFuzzing test case #53 (989 total, 0 uniq crashes found)...[0m
scheduled max input!!!!
schedule: 11 level32_2/ijon_max/11
[1;94m[*] [0mFuzzing test case #54 (989 total, 0 uniq crashes found)...[0m
[1;94m[*] [0mFuzzing test case #55 (989 total, 0 uniq crashes found)...[0m
scheduled max input!!!!
schedule: 8 level32_2/ijon_max/8
[1;94m[*] [0mFuzzing test case #56 (989 total, 0 uniq crashes found)...[0m
scheduled max input!!!!
schedule: 5 level32_2/ijon_max/5
[1;94m[*] [0mFuzzing test case #57 (989 total, 0 uniq crashes found)...[0m
scheduled max input!!!!
schedule: 8 level32_2/ijon_max/8
updated maxmap 7: 2a3 (len: 358)
[1;94m[*] [0mFuzzing test case #58 (989 total, 0 uniq crashes found)...[0m
[1;94m[*] [0mFuzzing test case #59 (989 total, 0 uniq crashes found)...[0m
scheduled max input!!!!
schedule: 3 level32_2/ijon_max/3
updated maxmap 5: 277 (len: 366)
updated maxmap 3: 279 (len: 364)
updated maxmap 5: 279 (len: 364)
updated maxmap 4: 27c (len: 367)
updated maxmap 5: 27a (len: 368)
updated maxmap 4: 27f (len: 372)
updated maxmap 5: 285 (len: 372)
[1;94m[*] [0mFuzzing test case #60 (992 total, 0 uniq crashes found)...[0m
scheduled max input!!!!
schedule: 11 level32_2/ijon_max/11
[1;94m[*] [0mFuzzing test case #61 (992 total, 0 uniq crashes found)...[0m
scheduled max input!!!!
schedule: 9 level32_2/ijon_max/9
updated maxmap 10: 2b5 (len: 370)
[1;94m[*] [0mFuzzing test case #62 (992 total, 0 uniq crashes found)...[0m
scheduled max input!!!!
schedule: 4 level32_2/ijon_max/4
updated maxmap 3: 27c (len: 372)
updated maxmap 4: 282 (len: 372)
updated maxmap 3: 27d (len: 372)
updated maxmap 4: 283 (len: 372)
updated maxmap 6: 284 (len: 379)
[1;94m[*] [0mFuzzing test case #63 (994 total, 0 uniq crashes found)...[0m
[1;94m[*] [0mFuzzing test case #64 (994 total, 0 uniq crashes found)...[0m
scheduled max input!!!!
schedule: 3 level32_2/ijon_max/3
updated maxmap 6: 287 (len: 378)
[1;94m[*] [0mFuzzing test case #65 (995 total, 0 uniq crashes found)...[0m
[1;94m[*] [0mFuzzing test case #66 (995 total, 0 uniq crashes found)...[0m
scheduled max input!!!!
schedule: 5 level32_2/ijon_max/5
[1;94m[*] [0mFuzzing test case #67 (995 total, 0 uniq crashes found)...[0m
[1;94m[*] [0mFuzzing test case #68 (995 total, 0 uniq crashes found)...[0m
scheduled max input!!!!
schedule: 7 level32_2/ijon_max/7
updated maxmap 7: 2a5 (len: 358)
[1;94m[*] [0mFuzzing test case #69 (995 total, 0 uniq crashes found)...[0m
scheduled max input!!!!
schedule: 8 level32_2/ijon_max/8
[1;94m[*] [0mFuzzing test case #70 (995 total, 0 uniq crashes found)...[0m
scheduled max input!!!!
schedule: 4 level32_2/ijon_max/4
[1;94m[*] [0mFuzzing test case #71 (995 total, 0 uniq crashes found)...[0m
[1;94m[*] [0mFuzzing test case #72 (995 total, 0 uniq crashes found)...[0m
scheduled max input!!!!
schedule: 11 level32_2/ijon_max/11
[1;94m[*] [0mFuzzing test case #73 (995 total, 0 uniq crashes found)...[0m
scheduled max input!!!!
schedule: 3 level32_2/ijon_max/3
[1;94m[*] [0mFuzzing test case #74 (995 total, 0 uniq crashes found)...[0m
scheduled max input!!!!
schedule: 10 level32_2/ijon_max/10
[1;94m[*] [0mFuzzing test case #75 (995 total, 0 uniq crashes found)...[0m
[1;94m[*] [0mFuzzing test case #76 (995 total, 0 uniq crashes found)...[0m
scheduled max input!!!!
schedule: 10 level32_2/ijon_max/10
updated maxmap 10: 2b9 (len: 370)
updated maxmap 11: 2bb (len: 370)
updated maxmap 11: 2bc (len: 370)
updated maxmap 10: 2c5 (len: 374)
updated maxmap 11: 2c0 (len: 374)
updated maxmap 9: 2bc (len: 370)
updated maxmap 2: 268 (len: 370)
updated maxmap 5: 286 (len: 370)
updated maxmap 6: 290 (len: 370)
updated maxmap 10: 2c9 (len: 376)
updated maxmap 11: 2c2 (len: 376)
[1;94m[*] [0mFuzzing test case #77 (997 total, 0 uniq crashes found)...[0m
scheduled max input!!!!
schedule: 9 level32_2/ijon_max/9
updated maxmap 9: 2c8 (len: 376)
updated maxmap 10: 2cb (len: 376)
updated maxmap 11: 2c4 (len: 375)
[1;94m[*] [0mFuzzing test case #78 (998 total, 0 uniq crashes found)...[0m
scheduled max input!!!!
schedule: 10 level32_2/ijon_max/10
updated maxmap 10: 2dc (len: 383)
updated maxmap 11: 2d4 (len: 383)
[1;94m[*] [0mFuzzing test case #79 (999 total, 0 uniq crashes found)...[0m
scheduled max input!!!!
schedule: 4 level32_2/ijon_max/4
updated maxmap 2: 276 (len: 372)
updated maxmap 3: 27f (len: 372)
updated maxmap 5: 289 (len: 378)
[1;94m[*] [0mFuzzing test case #80 (999 total, 0 uniq crashes found)...[0m
scheduled max input!!!!
schedule: 4 level32_2/ijon_max/4
[1;94m[*] [0mFuzzing test case #81 (999 total, 0 uniq crashes found)...[0m
scheduled max input!!!!
schedule: 9 level32_2/ijon_max/9
updated maxmap 9: 2c9 (len: 376)
updated maxmap 11: 2d8 (len: 381)
[1;94m[*] [0mFuzzing test case #82 (1000 total, 0 uniq crashes found)...[0m
scheduled max input!!!!
schedule: 9 level32_2/ijon_max/9
[1;94m[*] [0mFuzzing test case #83 (1000 total, 0 uniq crashes found)...[0m
scheduled max input!!!!
schedule: 4 level32_2/ijon_max/4
[1;94m[*] [0mFuzzing test case #84 (1002 total, 0 uniq crashes found)...[0m
scheduled max input!!!!
schedule: 2 level32_2/ijon_max/2
updated maxmap 2: 278 (len: 372)
updated maxmap 3: 281 (len: 372)
updated maxmap 4: 284 (len: 372)
updated maxmap 2: 279 (len: 372)
updated maxmap 3: 282 (len: 372)
updated maxmap 4: 285 (len: 372)
[1;94m[*] [0mFuzzing test case #85 (1002 total, 0 uniq crashes found)...[0m
scheduled max input!!!!
schedule: 10 level32_2/ijon_max/10
updated maxmap 9: 2db (len: 383)
[1;94m[*] [0mFuzzing test case #86 (1002 total, 0 uniq crashes found)...[0m
scheduled max input!!!!
schedule: 2 level32_2/ijon_max/2
updated maxmap 4: 288 (len: 374)
[1;94m[*] [0mFuzzing test case #87 (1002 total, 0 uniq crashes found)...[0m
scheduled max input!!!!
schedule: 8 level32_2/ijon_max/8
[1;94m[*] [0mFuzzing test case #88 (1002 total, 0 uniq crashes found)...[0m
scheduled max input!!!!
schedule: 11 level32_2/ijon_max/11
[1;94m[*] [0mFuzzing test case #89 (1003 total, 0 uniq crashes found)...[0m
[1;94m[*] [0mFuzzing test case #90 (1003 total, 0 uniq crashes found)...[0m
[1;94m[*] [0mFuzzing test case #91 (1003 total, 0 uniq crashes found)...[0m
scheduled max input!!!!
schedule: 7 level32_2/ijon_max/7
[1;94m[*] [0mFuzzing test case #92 (1003 total, 0 uniq crashes found)...[0m
scheduled max input!!!!
schedule: 2 level32_2/ijon_max/2
updated maxmap 2: 27a (len: 372)
updated maxmap 3: 283 (len: 372)
updated maxmap 4: 289 (len: 377)
updated maxmap 5: 28a (len: 377)
[1;94m[*] [0mFuzzing test case #93 (1003 total, 0 uniq crashes found)...[0m
scheduled max input!!!!
schedule: 10 level32_2/ijon_max/10
[1;94m[*] [0mFuzzing test case #94 (1003 total, 0 uniq crashes found)...[0m
scheduled max input!!!!
schedule: 9 level32_2/ijon_max/9
updated maxmap 10: 2dd (len: 386)
updated maxmap 11: 2e1 (len: 386)
updated maxmap 9: 2e3 (len: 387)
updated maxmap 10: 2e5 (len: 387)
updated maxmap 8: 2da (len: 383)
updated maxmap 8: 2db (len: 383)
[1;94m[*] [0mFuzzing test case #95 (1004 total, 0 uniq crashes found)...[0m
scheduled max input!!!!
schedule: 3 level32_2/ijon_max/3
[1;94m[*] [0mFuzzing test case #96 (1004 total, 0 uniq crashes found)...[0m
[1;94m[*] [0mFuzzing test case #97 (1004 total, 0 uniq crashes found)...[0m
scheduled max input!!!!
schedule: 6 level32_2/ijon_max/6
updated maxmap 6: 291 (len: 370)
[1;94m[*] [0mFuzzing test case #98 (1004 total, 0 uniq crashes found)...[0m
scheduled max input!!!!
schedule: 6 level32_2/ijon_max/6
[1;94m[*] [0mFuzzing test case #99 (1004 total, 0 uniq crashes found)...[0m
scheduled max input!!!!
schedule: 8 level32_2/ijon_max/8
[1;94m[*] [0mFuzzing test case #100 (1004 total, 0 uniq crashes found)...[0m
scheduled max input!!!!
schedule: 7 level32_2/ijon_max/7
[1;94m[*] [0mFuzzing test case #101 (1004 total, 0 uniq crashes found)...[0m
scheduled max input!!!!
schedule: 7 level32_2/ijon_max/7
[1;94m[*] [0mFuzzing test case #102 (1004 total, 0 uniq crashes found)...[0m
scheduled max input!!!!
schedule: 3 level32_2/ijon_max/3
updated maxmap 5: 28f (len: 380)
[1;94m[*] [0mFuzzing test case #103 (1004 total, 0 uniq crashes found)...[0m
scheduled max input!!!!
schedule: 8 level32_2/ijon_max/8
updated maxmap 8: 2dc (len: 383)
updated maxmap 9: 2e8 (len: 390)
[1;94m[*] [0mFuzzing test case #104 (1004 total, 0 uniq crashes found)...[0m
[1;94m[*] [0mFuzzing test case #105 (1004 total, 0 uniq crashes found)...[0m
scheduled max input!!!!
schedule: 9 level32_2/ijon_max/9
updated maxmap 11: 2e3 (len: 390)
updated maxmap 12: 2e1 (len: 390)
updated maxmap 9: 2ec (len: 390)
updated maxmap 10: 2ea (len: 390)
updated maxmap 9: 2ed (len: 390)
updated maxmap 9: 2f8 (len: 395)
updated maxmap 8: 2fa (len: 400)
updated maxmap 9: 301 (len: 400)
updated maxmap 10: 2f9 (len: 396)
updated maxmap 6: 292 (len: 390)
updated maxmap 10: 2fa (len: 397)
updated maxmap 7: 2f6 (len: 395)
updated maxmap 11: 2e6 (len: 390)
updated maxmap 11: 2fd (len: 398)
updated maxmap 0: 2df (len: 403)
updated maxmap 13: 2e0 (len: 403)
updated maxmap 14: 2df (len: 403)
updated maxmap 15: 2df (len: 403)
updated maxmap 10: 2fc (len: 398)
updated maxmap 11: 301 (len: 398)
updated maxmap 6: 293 (len: 390)
updated maxmap 7: 2f9 (len: 397)
updated maxmap 12: 2e2 (len: 395)
[1;94m[*] [0mFuzzing test case #106 (1015 total, 0 uniq crashes found)...[0m
scheduled max input!!!!
schedule: 3 level32_2/ijon_max/3
[1;94m[*] [0mFuzzing test case #107 (1015 total, 0 uniq crashes found)...[0m
scheduled max input!!!!
schedule: 6 level32_2/ijon_max/6
updated maxmap 10: 304 (len: 401)
updated maxmap 11: 302 (len: 401)
[1;94m[*] [0mFuzzing test case #108 (1015 total, 0 uniq crashes found)...[0m
scheduled max input!!!!
schedule: 13 level32_2/ijon_max/13
updated maxmap 10: 309 (len: 403)
updated maxmap 10: 30a (len: 403)
updated maxmap 11: 307 (len: 403)
updated maxmap 0: 2e2 (len: 406)
updated maxmap 14: 2e1 (len: 406)
updated maxmap 15: 2e2 (len: 406)
updated maxmap 0: 2e4 (len: 403)
updated maxmap 13: 2e1 (len: 403)
updated maxmap 14: 2e2 (len: 403)
updated maxmap 15: 2e4 (len: 403)
updated maxmap 9: 308 (len: 403)
updated maxmap 10: 30b (len: 403)
updated maxmap 11: 308 (len: 403)
updated maxmap 14: 2e3 (len: 403)
updated maxmap 0: 2e6 (len: 403)
updated maxmap 13: 2e2 (len: 403)
updated maxmap 14: 2e4 (len: 403)
updated maxmap 15: 2e6 (len: 403)
updated maxmap 0: 301 (len: 423)
updated maxmap 12: 2ff (len: 423)
updated maxmap 13: 2ff (len: 423)
updated maxmap 14: 2ff (len: 423)
updated maxmap 15: 300 (len: 423)
updated maxmap 12: 300 (len: 403)
updated maxmap 12: 302 (len: 403)
updated maxmap 9: 314 (len: 407)
updated maxmap 10: 30d (len: 407)
updated maxmap 12: 303 (len: 403)
updated maxmap 11: 30b (len: 403)
updated maxmap 9: 318 (len: 409)
updated maxmap 13: 300 (len: 407)
updated maxmap 10: 30e (len: 403)
updated maxmap 10: 311 (len: 403)
updated maxmap 11: 30c (len: 403)
updated maxmap 9: 31a (len: 409)
updated maxmap 14: 301 (len: 411)
updated maxmap 11: 30d (len: 403)
updated maxmap 9: 31f (len: 409)
updated maxmap 10: 312 (len: 403)
updated maxmap 10: 317 (len: 406)
updated maxmap 11: 312 (len: 406)
[1;94m[*] [0mFuzzing test case #109 (1035 total, 0 uniq crashes found)...[0m
scheduled max input!!!!
schedule: 3 level32_2/ijon_max/3
[1;94m[*] [0mFuzzing test case #110 (1035 total, 0 uniq crashes found)...[0m
scheduled max input!!!!
schedule: 7 level32_2/ijon_max/7
[1;94m[*] [0mFuzzing test case #111 (1035 total, 0 uniq crashes found)...[0m
scheduled max input!!!!
schedule: 15 level32_2/ijon_max/15
updated maxmap 15: 301 (len: 423)
updated maxmap 0: 302 (len: 423)
updated maxmap 15: 302 (len: 423)
updated maxmap 9: 327 (len: 423)
updated maxmap 10: 32c (len: 427)
updated maxmap 0: 305 (len: 423)
updated maxmap 14: 302 (len: 423)
updated maxmap 15: 305 (len: 423)
updated maxmap 0: 306 (len: 423)
updated maxmap 11: 31b (len: 423)
updated maxmap 9: 328 (len: 423)
updated maxmap 14: 303 (len: 423)
updated maxmap 9: 335 (len: 428)
updated maxmap 8: 32c (len: 423)
updated maxmap 11: 329 (len: 423)
updated maxmap 8: 331 (len: 428)
updated maxmap 9: 33d (len: 428)
updated maxmap 10: 34f (len: 428)
updated maxmap 11: 34c (len: 428)
updated maxmap 12: 331 (len: 431)
updated maxmap 9: 349 (len: 429)
updated maxmap 13: 301 (len: 433)
updated maxmap 8: 341 (len: 423)
updated maxmap 15: 306 (len: 423)
updated maxmap 0: 307 (len: 423)
updated maxmap 15: 307 (len: 423)
updated maxmap 7: 345 (len: 427)
updated maxmap 13: 32f (len: 430)
updated maxmap 14: 32f (len: 430)
updated maxmap 7: 34a (len: 429)
updated maxmap 0: 308 (len: 431)
updated maxmap 0: 309 (len: 423)
updated maxmap 15: 308 (len: 423)
[1;94m[*] [0mFuzzing test case #112 (1047 total, 0 uniq crashes found)...[0m
scheduled max input!!!!
schedule: 9 level32_2/ijon_max/9
updated maxmap 8: 34b (len: 429)
[1;94m[*] [0mFuzzing test case #113 (1047 total, 0 uniq crashes found)...[0m
scheduled max input!!!!
schedule: 2 level32_2/ijon_max/2
[1;94m[*] [0mFuzzing test case #114 (1047 total, 0 uniq crashes found)...[0m
scheduled max input!!!!
schedule: 3 level32_2/ijon_max/3
[1;94m[*] [0mFuzzing test case #115 (1047 total, 0 uniq crashes found)...[0m
scheduled max input!!!!
schedule: 3 level32_2/ijon_max/3
[1;94m[*] [0mFuzzing test case #116 (1047 total, 0 uniq crashes found)...[0m
scheduled max input!!!!
schedule: 2 level32_2/ijon_max/2
[1;94m[*] [0mFuzzing test case #117 (1047 total, 0 uniq crashes found)...[0m
scheduled max input!!!!
schedule: 9 level32_2/ijon_max/9
[1;94m[*] [0mFuzzing test case #118 (1047 total, 0 uniq crashes found)...[0m
scheduled max input!!!!
schedule: 4 level32_2/ijon_max/4
updated maxmap 2: 27b (len: 377)
[1;94m[*] [0mFuzzing test case #119 (1047 total, 0 uniq crashes found)...[0m
scheduled max input!!!!
schedule: 5 level32_2/ijon_max/5
updated maxmap 2: 27c (len: 380)
updated maxmap 3: 285 (len: 380)
updated maxmap 4: 28a (len: 380)
updated maxmap 5: 290 (len: 380)
updated maxmap 2: 27d (len: 380)
updated maxmap 3: 286 (len: 380)
updated maxmap 4: 28b (len: 380)
updated maxmap 5: 291 (len: 380)
updated maxmap 6: 297 (len: 388)
[1;94m[*] [0mFuzzing test case #120 (1050 total, 0 uniq crashes found)...[0m
[1;94m[*] [0mFuzzing test case #121 (1050 total, 0 uniq crashes found)...[0m
scheduled max input!!!!
schedule: 8 level32_2/ijon_max/8
updated maxmap 12: 332 (len: 434)
updated maxmap 8: 354 (len: 433)
updated maxmap 9: 350 (len: 432)
updated maxmap 10: 357 (len: 432)
updated maxmap 7: 34f (len: 435)
updated maxmap 8: 359 (len: 435)
[1;94m[*] [0mFuzzing test case #122 (1051 total, 0 uniq crashes found)...[0m
[1;94m[*] [0mFuzzing test case #123 (1051 total, 0 uniq crashes found)...[0m
scheduled max input!!!!
schedule: 2 level32_2/ijon_max/2
[1;94m[*] [0mFuzzing test case #124 (1051 total, 0 uniq crashes found)...[0m
scheduled max input!!!!
schedule: 7 level32_2/ijon_max/7
updated maxmap 7: 361 (len: 442)
updated maxmap 8: 36b (len: 442)
updated maxmap 9: 359 (len: 435)
updated maxmap 9: 35a (len: 435)
[1;94m[*] [0mFuzzing test case #125 (1051 total, 0 uniq crashes found)...[0m
scheduled max input!!!!
schedule: 13 level32_2/ijon_max/13
updated maxmap 12: 333 (len: 433)
updated maxmap 15: 32f (len: 432)
[1;94m[*] [0mFuzzing test case #126 (1051 total, 0 uniq crashes found)...[0m
scheduled max input!!!!
schedule: 4 level32_2/ijon_max/4
[1;94m[*] [0mFuzzing test case #127 (1051 total, 0 uniq crashes found)...[0m
[1;94m[*] [0mFuzzing test case #128 (1051 total, 0 uniq crashes found)...[0m
scheduled max input!!!!
schedule: 15 level32_2/ijon_max/15
updated maxmap 0: 332 (len: 435)
updated maxmap 13: 330 (len: 435)
updated maxmap 14: 331 (len: 435)
updated maxmap 15: 332 (len: 435)
[1;94m[*] [0mFuzzing test case #129 (1051 total, 0 uniq crashes found)...[0m
scheduled max input!!!!
schedule: 5 level32_2/ijon_max/5
[1;94m[*] [0mFuzzing test case #130 (1051 total, 0 uniq crashes found)...[0m
[1;94m[*] [0mFuzzing test case #131 (1051 total, 0 uniq crashes found)...[0m
scheduled max input!!!!
schedule: 10 level32_2/ijon_max/10
updated maxmap 10: 35a (len: 433)
updated maxmap 14: 332 (len: 432)
updated maxmap 15: 333 (len: 432)
[1;94m[*] [0mFuzzing test case #132 (1051 total, 0 uniq crashes found)...[0m
[1;94m[*] [0mFuzzing test case #133 (1051 total, 0 uniq crashes found)...[0m
scheduled max input!!!!
schedule: 3 level32_2/ijon_max/3
[1;94m[*] [0mFuzzing test case #134 (1051 total, 0 uniq crashes found)...[0m
scheduled max input!!!!
schedule: 14 level32_2/ijon_max/14
updated maxmap 13: 331 (len: 432)
updated maxmap 15: 334 (len: 432)
[1;94m[*] [0mFuzzing test case #135 (1051 total, 0 uniq crashes found)...[0m
[1;94m[*] [0mFuzzing test case #136 (1051 total, 0 uniq crashes found)...[0m
[1;94m[*] [0mFuzzing test case #137 (1051 total, 0 uniq crashes found)...[0m
scheduled max input!!!!
schedule: 4 level32_2/ijon_max/4
[1;94m[*] [0mFuzzing test case #138 (1051 total, 0 uniq crashes found)...[0m
scheduled max input!!!!
schedule: 7 level32_2/ijon_max/7
updated maxmap 9: 36a (len: 450)
updated maxmap 10: 374 (len: 450)
updated maxmap 11: 37e (len: 450)
updated maxmap 7: 368 (len: 445)
updated maxmap 8: 372 (len: 445)
updated maxmap 9: 36d (len: 448)
updated maxmap 10: 377 (len: 448)
updated maxmap 7: 36a (len: 443)
updated maxmap 7: 36e (len: 444)
updated maxmap 7: 377 (len: 448)
updated maxmap 8: 374 (len: 457)
updated maxmap 9: 37e (len: 457)
updated maxmap 10: 388 (len: 457)
updated maxmap 11: 38f (len: 457)
updated maxmap 8: 396 (len: 458)
updated maxmap 9: 391 (len: 458)
updated maxmap 6: 2bb (len: 442)
updated maxmap 8: 39c (len: 462)
updated maxmap 9: 397 (len: 462)
updated maxmap 10: 38d (len: 462)
updated maxmap 14: 333 (len: 446)
updated maxmap 15: 335 (len: 446)
updated maxmap 12: 361 (len: 445)
[1;94m[*] [0mFuzzing test case #139 (1063 total, 0 uniq crashes found)...[0m
scheduled max input!!!!
schedule: 11 level32_2/ijon_max/11
updated maxmap 11: 390 (len: 458)
[1;94m[*] [0mFuzzing test case #140 (1063 total, 0 uniq crashes found)...[0m
scheduled max input!!!!
schedule: 10 level32_2/ijon_max/10
updated maxmap 8: 39d (len: 462)
updated maxmap 9: 398 (len: 462)
updated maxmap 10: 38e (len: 462)
updated maxmap 9: 3a4 (len: 465)
updated maxmap 11: 39c (len: 462)
updated maxmap 8: 39e (len: 463)
updated maxmap 10: 38f (len: 463)
updated maxmap 12: 390 (len: 462)
updated maxmap 13: 38f (len: 462)
updated maxmap 10: 390 (len: 462)
updated maxmap 14: 38f (len: 468)
updated maxmap 9: 3b0 (len: 469)
updated maxmap 10: 399 (len: 469)
updated maxmap 13: 390 (len: 462)
updated maxmap 10: 3a9 (len: 467)
updated maxmap 0: 363 (len: 462)
updated maxmap 15: 363 (len: 462)
updated maxmap 10: 3ae (len: 468)
updated maxmap 0: 367 (len: 462)
updated maxmap 15: 366 (len: 462)
updated maxmap 6: 2bd (len: 465)
updated maxmap 9: 3b4 (len: 470)
updated maxmap 10: 3b1 (len: 470)
updated maxmap 9: 3bb (len: 474)
updated maxmap 10: 3be (len: 474)
updated maxmap 11: 39f (len: 467)
updated maxmap 11: 3a1 (len: 467)
updated maxmap 7: 398 (len: 462)
updated maxmap 11: 3a8 (len: 479)
updated maxmap 6: 2d9 (len: 469)
updated maxmap 12: 391 (len: 462)
updated maxmap 8: 39f (len: 462)
updated maxmap 8: 3a2 (len: 462)
updated maxmap 7: 399 (len: 462)
updated maxmap 8: 3ad (len: 467)
updated maxmap 12: 392 (len: 465)
[1;94m[*] [0mFuzzing test case #141 (1080 total, 0 uniq crashes found)...[0m
scheduled max input!!!!
schedule: 12 level32_2/ijon_max/12
[1;94m[*] [0mFuzzing test case #142 (1081 total, 0 uniq crashes found)...[0m
scheduled max input!!!!
schedule: 5 level32_2/ijon_max/5
[1;94m[*] [0mFuzzing test case #143 (1081 total, 0 uniq crashes found)...[0m
scheduled max input!!!!
schedule: 4 level32_2/ijon_max/4
[1;94m[*] [0mFuzzing test case #144 (1081 total, 0 uniq crashes found)...[0m
scheduled max input!!!!
schedule: 6 level32_2/ijon_max/6
updated maxmap 6: 2db (len: 469)
updated maxmap 6: 2dc (len: 469)
updated maxmap 6: 2dd (len: 469)
[1;94m[*] [0mFuzzing test case #145 (1081 total, 0 uniq crashes found)...[0m
scheduled max input!!!!
schedule: 4 level32_2/ijon_max/4
[1;94m[*] [0mFuzzing test case #146 (1081 total, 0 uniq crashes found)...[0m
scheduled max input!!!!
schedule: 0 level32_2/ijon_max/0
updated maxmap 0: 368 (len: 462)
updated maxmap 15: 367 (len: 462)
[1;94m[*] [0mFuzzing test case #147 (1081 total, 0 uniq crashes found)...[0m
scheduled max input!!!!
schedule: 10 level32_2/ijon_max/10
updated maxmap 9: 3bc (len: 474)
updated maxmap 10: 3bf (len: 474)
updated maxmap 9: 3be (len: 474)
updated maxmap 10: 3c1 (len: 474)
updated maxmap 0: 391 (len: 474)
updated maxmap 14: 390 (len: 474)
updated maxmap 15: 391 (len: 474)
updated maxmap 9: 3bf (len: 474)
updated maxmap 10: 3c2 (len: 474)
[1;94m[*] [0mFuzzing test case #148 (1082 total, 0 uniq crashes found)...[0m
scheduled max input!!!!
schedule: 13 level32_2/ijon_max/13
[1;94m[*] [0mFuzzing test case #149 (1082 total, 0 uniq crashes found)...[0m
scheduled max input!!!!
schedule: 10 level32_2/ijon_max/10
updated maxmap 10: 3c4 (len: 478)
updated maxmap 11: 3ca (len: 478)
[1;94m[*] [0mFuzzing test case #150 (1082 total, 0 uniq crashes found)...[0m
scheduled max input!!!!
schedule: 9 level32_2/ijon_max/9
updated maxmap 0: 396 (len: 475)
updated maxmap 14: 392 (len: 475)
updated maxmap 15: 395 (len: 475)
[1;94m[*] [0mFuzzing test case #151 (1082 total, 0 uniq crashes found)...[0m
scheduled max input!!!!
schedule: 14 level32_2/ijon_max/14
updated maxmap 0: 397 (len: 475)
updated maxmap 13: 391 (len: 475)
updated maxmap 14: 393 (len: 475)
updated maxmap 15: 397 (len: 475)
[1;94m[*] [0mFuzzing test case #152 (1082 total, 0 uniq crashes found)...[0m
scheduled max input!!!!
schedule: 2 level32_2/ijon_max/2
[1;94m[*] [0mFuzzing test case #153 (1082 total, 0 uniq crashes found)...[0m
scheduled max input!!!!
schedule: 15 level32_2/ijon_max/15
[1;94m[*] [0mFuzzing test case #154 (1082 total, 0 uniq crashes found)...[0m
scheduled max input!!!!
schedule: 9 level32_2/ijon_max/9
updated maxmap 8: 3b1 (len: 474)
updated maxmap 9: 3c3 (len: 476)
updated maxmap 10: 3c6 (len: 476)
[1;94m[*] [0mFuzzing test case #155 (1084 total, 0 uniq crashes found)...[0m
scheduled max input!!!!
schedule: 3 level32_2/ijon_max/3
[1;94m[*] [0mFuzzing test case #156 (1084 total, 0 uniq crashes found)...[0m
[1;94m[*] [0mFuzzing test case #157 (1084 total, 0 uniq crashes found)...[0m
scheduled max input!!!!
schedule: 4 level32_2/ijon_max/4
[1;94m[*] [0mFuzzing test case #158 (1084 total, 0 uniq crashes found)...[0m
[1;94m[*] [0mFuzzing test case #159 (1084 total, 0 uniq crashes found)...[0m
scheduled max input!!!!
schedule: 2 level32_2/ijon_max/2
[1;94m[*] [0mFuzzing test case #160 (1084 total, 0 uniq crashes found)...[0m
scheduled max input!!!!
schedule: 0 level32_2/ijon_max/0
[1;94m[*] [0mFuzzing test case #161 (1085 total, 0 uniq crashes found)...[0m
[1;94m[*] [0mFuzzing test case #162 (1085 total, 0 uniq crashes found)...[0m
scheduled max input!!!!
schedule: 11 level32_2/ijon_max/11
updated maxmap 11: 3cc (len: 479)
updated maxmap 10: 3c9 (len: 478)
[1;94m[*] [0mFuzzing test case #163 (1085 total, 0 uniq crashes found)...[0m
[1;94m[*] [0mFuzzing test case #164 (1085 total, 0 uniq crashes found)...[0m
scheduled max input!!!!
schedule: 12 level32_2/ijon_max/12
[1;94m[*] [0mFuzzing test case #165 (1085 total, 0 uniq crashes found)...[0m
scheduled max input!!!!
schedule: 14 level32_2/ijon_max/14
updated maxmap 0: 399 (len: 475)
updated maxmap 14: 394 (len: 475)
updated maxmap 15: 398 (len: 475)
updated maxmap 13: 392 (len: 475)
[1;94m[*] [0mFuzzing test case #166 (1086 total, 0 uniq crashes found)...[0m
scheduled max input!!!!
schedule: 3 level32_2/ijon_max/3
updated maxmap 2: 27e (len: 380)
updated maxmap 4: 28c (len: 380)
[1;94m[*] [0mFuzzing test case #167 (1086 total, 0 uniq crashes found)...[0m
scheduled max input!!!!
schedule: 7 level32_2/ijon_max/7
[1;94m[*] [0mFuzzing test case #168 (1087 total, 0 uniq crashes found)...[0m
scheduled max input!!!!
schedule: 15 level32_2/ijon_max/15
[1;94m[*] [0mFuzzing test case #169 (1087 total, 0 uniq crashes found)...[0m
[1;94m[*] [0mFuzzing test case #170 (1087 total, 0 uniq crashes found)...[0m
scheduled max input!!!!
schedule: 11 level32_2/ijon_max/11
updated maxmap 11: 3cd (len: 479)
updated maxmap 11: 3cf (len: 480)
[1;94m[*] [0mFuzzing test case #171 (1088 total, 0 uniq crashes found)...[0m
scheduled normal input!!!!
[1;94m[*] [0mFuzzing test case #172 (1091 total, 0 uniq crashes found)...[0m
scheduled max input!!!!
schedule: 2 level32_2/ijon_max/2
updated maxmap 2: 27f (len: 380)
[1;94m[*] [0mFuzzing test case #173 (1091 total, 0 uniq crashes found)...[0m
scheduled max input!!!!
schedule: 2 level32_2/ijon_max/2
[1;94m[*] [0mFuzzing test case #174 (1091 total, 0 uniq crashes found)...[0m
scheduled max input!!!!
schedule: 6 level32_2/ijon_max/6
updated maxmap 6: 2de (len: 469)
updated maxmap 5: 2e1 (len: 469)
updated maxmap 6: 2ed (len: 469)
[1;94m[*] [0mFuzzing test case #175 (1092 total, 0 uniq crashes found)...[0m
scheduled max input!!!!
schedule: 8 level32_2/ijon_max/8
updated maxmap 8: 3b2 (len: 474)
[1;94m[*] [0mFuzzing test case #176 (1092 total, 0 uniq crashes found)...[0m
[1;94m[*] [0mFuzzing test case #177 (1092 total, 0 uniq crashes found)...[0m
scheduled max input!!!!
schedule: 15 level32_2/ijon_max/15
updated maxmap 6: 39e (len: 475)
updated maxmap 7: 3b0 (len: 475)
updated maxmap 8: 3b9 (len: 475)
[1;94m[*] [0mFuzzing test case #178 (1092 total, 0 uniq crashes found)...[0m
scheduled max input!!!!
schedule: 4 level32_2/ijon_max/4
[1;94m[*] [0mFuzzing test case #179 (1092 total, 0 uniq crashes found)...[0m
scheduled max input!!!!
schedule: 8 level32_2/ijon_max/8
updated maxmap 9: 3d3 (len: 491)
updated maxmap 10: 3d5 (len: 491)
[1;94m[*] [0mFuzzing test case #180 (1092 total, 0 uniq crashes found)...[0m
scheduled max input!!!!
schedule: 9 level32_2/ijon_max/9
updated maxmap 9: 3d6 (len: 491)
updated maxmap 10: 3d8 (len: 491)
updated maxmap 11: 3e8 (len: 498)
updated maxmap 10: 3de (len: 495)
updated maxmap 11: 3eb (len: 499)
[1;94m[*] [0mFuzzing test case #181 (1095 total, 0 uniq crashes found)...[0m
scheduled max input!!!!
schedule: 5 level32_2/ijon_max/5
[1;94m[*] [0mFuzzing test case #182 (1105 total, 0 uniq crashes found)...[0m
scheduled max input!!!!
schedule: 15 level32_2/ijon_max/15
[1;94m[*] [0mFuzzing test case #183 (1105 total, 0 uniq crashes found)...[0m
scheduled max input!!!!
schedule: 15 level32_2/ijon_max/15
[1;94m[*] [0mFuzzing test case #184 (1106 total, 0 uniq crashes found)...[0m
scheduled max input!!!!
schedule: 12 level32_2/ijon_max/12
updated maxmap 12: 393 (len: 465)
[1;94m[*] [0mFuzzing test case #185 (1106 total, 0 uniq crashes found)...[0m
scheduled max input!!!!
schedule: 3 level32_2/ijon_max/3
[1;94m[*] [0mFuzzing test case #186 (1106 total, 0 uniq crashes found)...[0m
scheduled max input!!!!
schedule: 2 level32_2/ijon_max/2
[1;94m[*] [0mFuzzing test case #187 (1106 total, 0 uniq crashes found)...[0m
scheduled max input!!!!
schedule: 7 level32_2/ijon_max/7
[1;94m[*] [0mFuzzing test case #188 (1107 total, 0 uniq crashes found)...[0m
scheduled max input!!!!
schedule: 2 level32_2/ijon_max/2
[1;94m[*] [0mFuzzing test case #189 (1107 total, 0 uniq crashes found)...[0m
scheduled max input!!!!
schedule: 8 level32_2/ijon_max/8
[1;94m[*] [0mFuzzing test case #190 (1107 total, 0 uniq crashes found)...[0m
scheduled max input!!!!
schedule: 6 level32_2/ijon_max/6
updated maxmap 6: 3ad (len: 479)
updated maxmap 7: 3bf (len: 479)
updated maxmap 8: 3c9 (len: 479)
updated maxmap 6: 3ae (len: 475)
updated maxmap 7: 3c0 (len: 475)
updated maxmap 6: 3b0 (len: 475)
updated maxmap 7: 3c2 (len: 475)
updated maxmap 6: 3b1 (len: 475)
updated maxmap 7: 3c3 (len: 475)
[1;94m[*] [0mFuzzing test case #191 (1107 total, 0 uniq crashes found)...[0m
[1;94m[*] [0mFuzzing test case #192 (1107 total, 0 uniq crashes found)...[0m
scheduled max input!!!!
schedule: 5 level32_2/ijon_max/5
[1;94m[*] [0mFuzzing test case #193 (1108 total, 0 uniq crashes found)...[0m
scheduled max input!!!!
schedule: 5 level32_2/ijon_max/5
[1;94m[*] [0mFuzzing test case #194 (1108 total, 0 uniq crashes found)...[0m
scheduled max input!!!!
schedule: 10 level32_2/ijon_max/10
updated maxmap 10: 3df (len: 495)
updated maxmap 10: 3e0 (len: 495)
[1;94m[*] [0mFuzzing test case #195 (1108 total, 0 uniq crashes found)...[0m
scheduled max input!!!!
schedule: 9 level32_2/ijon_max/9
updated maxmap 10: 3f4 (len: 502)
updated maxmap 11: 3f0 (len: 502)
[1;94m[*] [0mFuzzing test case #196 (1109 total, 0 uniq crashes found)...[0m
[1;94m[*] [0mFuzzing test case #197 (1109 total, 0 uniq crashes found)...[0m
scheduled max input!!!!
schedule: 2 level32_2/ijon_max/2
[1;94m[*] [0mFuzzing test case #198 (1109 total, 0 uniq crashes found)...[0m
scheduled max input!!!!
schedule: 8 level32_2/ijon_max/8
updated maxmap 8: 3ca (len: 479)
updated maxmap 8: 3cb (len: 479)
updated maxmap 8: 3cc (len: 479)
updated maxmap 6: 3b3 (len: 479)
updated maxmap 7: 3c5 (len: 479)
updated maxmap 8: 3ce (len: 479)
[1;94m[*] [0mFuzzing test case #199 (1109 total, 0 uniq crashes found)...[0m
[1;94m[*] [0mFuzzing test case #200 (1109 total, 0 uniq crashes found)...[0m
scheduled max input!!!!
schedule: 15 level32_2/ijon_max/15
[1;94m[*] [0mFuzzing test case #201 (1109 total, 0 uniq crashes found)...[0m
scheduled max input!!!!
schedule: 8 level32_2/ijon_max/8
updated maxmap 8: 3cf (len: 479)
[1;94m[*] [0mFuzzing test case #202 (1109 total, 0 uniq crashes found)...[0m
scheduled max input!!!!
schedule: 14 level32_2/ijon_max/14
[1;94m[*] [0mFuzzing test case #203 (1109 total, 0 uniq crashes found)...[0m
scheduled max input!!!!
schedule: 2 level32_2/ijon_max/2
[1;94m[*] [0mFuzzing test case #204 (1109 total, 0 uniq crashes found)...[0m
scheduled max input!!!!
schedule: 13 level32_2/ijon_max/13
[1;94m[*] [0mFuzzing test case #205 (1109 total, 0 uniq crashes found)...[0m
scheduled max input!!!!
schedule: 2 level32_2/ijon_max/2
updated maxmap 2: 288 (len: 387)
updated maxmap 3: 28f (len: 387)
updated maxmap 4: 294 (len: 387)
[1;94m[*] [0mFuzzing test case #206 (1111 total, 0 uniq crashes found)...[0m
[1;94m[*] [0mFuzzing test case #207 (1111 total, 0 uniq crashes found)...[0m
scheduled max input!!!!
schedule: 8 level32_2/ijon_max/8
updated maxmap 6: 3cc (len: 487)
updated maxmap 7: 3d6 (len: 487)
updated maxmap 8: 3e0 (len: 487)
updated maxmap 6: 3cd (len: 479)
[1;94m[*] [0mFuzzing test case #208 (1111 total, 0 uniq crashes found)...[0m
scheduled max input!!!!
schedule: 7 level32_2/ijon_max/7
updated maxmap 6: 3ce (len: 487)
updated maxmap 7: 3d8 (len: 487)
updated maxmap 8: 3e2 (len: 487)
updated maxmap 6: 3cf (len: 487)
updated maxmap 7: 3d9 (len: 487)
updated maxmap 8: 3e3 (len: 487)
updated maxmap 9: 3e3 (len: 487)
[1;94m[*] [0mFuzzing test case #209 (1111 total, 0 uniq crashes found)...[0m
scheduled max input!!!!
schedule: 2 level32_2/ijon_max/2
[1;94m[*] [0mFuzzing test case #210 (1111 total, 0 uniq crashes found)...[0m
[1;94m[*] [0mFuzzing test case #211 (1111 total, 0 uniq crashes found)...[0m
scheduled max input!!!!
schedule: 0 level32_2/ijon_max/0
[1;94m[*] [0mFuzzing test case #212 (1111 total, 0 uniq crashes found)...[0m
scheduled max input!!!!
schedule: 0 level32_2/ijon_max/0
[1;94m[*] [0mFuzzing test case #213 (1111 total, 0 uniq crashes found)...[0m
[1;94m[*] [0mFuzzing test case #214 (1111 total, 0 uniq crashes found)...[0m
scheduled max input!!!!
schedule: 14 level32_2/ijon_max/14
[1;94m[*] [0mFuzzing test case #215 (1111 total, 0 uniq crashes found)...[0m
scheduled max input!!!!
schedule: 4 level32_2/ijon_max/4
[1;94m[*] [0mFuzzing test case #216 (1111 total, 0 uniq crashes found)...[0m
[1;94m[*] [0mFuzzing test case #217 (1111 total, 0 uniq crashes found)...[0m
[1;94m[*] [0mFuzzing test case #218 (1111 total, 0 uniq crashes found)...[0m
scheduled max input!!!!
schedule: 7 level32_2/ijon_max/7
updated maxmap 6: 3d0 (len: 487)
updated maxmap 7: 3da (len: 487)
updated maxmap 8: 3e4 (len: 487)
updated maxmap 6: 3d1 (len: 487)
updated maxmap 7: 3db (len: 487)
updated maxmap 8: 3e5 (len: 487)
[1;94m[*] [0mFuzzing test case #219 (1111 total, 0 uniq crashes found)...[0m
scheduled max input!!!!
schedule: 15 level32_2/ijon_max/15
[1;94m[*] [0mFuzzing test case #220 (1111 total, 0 uniq crashes found)...[0m
scheduled max input!!!!
schedule: 6 level32_2/ijon_max/6
updated maxmap 6: 3d2 (len: 487)
[1;94m[*] [0mFuzzing test case #221 (1111 total, 0 uniq crashes found)...[0m
scheduled max input!!!!
schedule: 3 level32_2/ijon_max/3
[1;94m[*] [0mFuzzing test case #222 (1111 total, 0 uniq crashes found)...[0m
[1;94m[*] [0mFuzzing test case #223 (1111 total, 0 uniq crashes found)...[0m
[1;94m[*] [0mFuzzing test case #224 (1111 total, 0 uniq crashes found)...[0m
[1;94m[*] [0mFuzzing test case #225 (1111 total, 0 uniq crashes found)...[0m
scheduled max input!!!!
schedule: 12 level32_2/ijon_max/12
[1;94m[*] [0mFuzzing test case #226 (1111 total, 0 uniq crashes found)...[0m
scheduled max input!!!!
schedule: 9 level32_2/ijon_max/9
updated maxmap 9: 3ed (len: 492)
[1;94m[*] [0mFuzzing test case #227 (1111 total, 0 uniq crashes found)...[0m
scheduled max input!!!!
schedule: 3 level32_2/ijon_max/3
[1;94m[*] [0mFuzzing test case #228 (1111 total, 0 uniq crashes found)...[0m
scheduled max input!!!!
schedule: 12 level32_2/ijon_max/12
[1;94m[*] [0mFuzzing test case #229 (1111 total, 0 uniq crashes found)...[0m
scheduled max input!!!!
schedule: 8 level32_2/ijon_max/8
updated maxmap 6: 3d4 (len: 487)
updated maxmap 5: 3ca (len: 493)
updated maxmap 6: 3d9 (len: 493)
updated maxmap 7: 3e3 (len: 493)
updated maxmap 8: 3ed (len: 493)
updated maxmap 9: 3f4 (len: 493)
[1;94m[*] [0mFuzzing test case #230 (1111 total, 0 uniq crashes found)...[0m
scheduled max input!!!!
schedule: 6 level32_2/ijon_max/6
updated maxmap 9: 3f7 (len: 503)
updated maxmap 11: 3f2 (len: 493)
updated maxmap 10: 3fd (len: 501)
updated maxmap 11: 406 (len: 501)
[1;94m[*] [0mFuzzing test case #231 (1112 total, 0 uniq crashes found)...[0m
[1;94m[*] [0mFuzzing test case #232 (1112 total, 0 uniq crashes found)...[0m
scheduled max input!!!!
schedule: 2 level32_2/ijon_max/2
[1;94m[*] [0mFuzzing test case #233 (1112 total, 0 uniq crashes found)...[0m
scheduled max input!!!!
schedule: 6 level32_2/ijon_max/6
updated maxmap 5: 3cc (len: 494)
updated maxmap 6: 3db (len: 494)
updated maxmap 7: 3e5 (len: 494)
updated maxmap 8: 3ef (len: 494)
[1;94m[*] [0mFuzzing test case #234 (1112 total, 0 uniq crashes found)...[0m
[1;94m[*] [0mFuzzing test case #235 (1112 total, 0 uniq crashes found)...[0m
[1;94m[*] [0mFuzzing test case #236 (1112 total, 0 uniq crashes found)...[0m
scheduled max input!!!!
schedule: 3 level32_2/ijon_max/3
[1;94m[*] [0mFuzzing test case #237 (1112 total, 0 uniq crashes found)...[0m
scheduled max input!!!!
schedule: 9 level32_2/ijon_max/9
updated maxmap 9: 3f8 (len: 503)
[1;94m[*] [0mFuzzing test case #238 (1113 total, 0 uniq crashes found)...[0m
scheduled max input!!!!
schedule: 13 level32_2/ijon_max/13
[1;94m[*] [0mFuzzing test case #239 (1113 total, 0 uniq crashes found)...[0m
[1;94m[*] [0mFuzzing test case #240 (1113 total, 0 uniq crashes found)...[0m
scheduled max input!!!!
schedule: 14 level32_2/ijon_max/14
[1;94m[*] [0mFuzzing test case #241 (1114 total, 0 uniq crashes found)...[0m
scheduled max input!!!!
schedule: 15 level32_2/ijon_max/15
[1;94m[*] [0mFuzzing test case #242 (1114 total, 0 uniq crashes found)...[0m
scheduled max input!!!!
schedule: 5 level32_2/ijon_max/5
updated maxmap 8: 3ff (len: 500)
[1;94m[*] [0mFuzzing test case #243 (1114 total, 0 uniq crashes found)...[0m
scheduled max input!!!!
schedule: 12 level32_2/ijon_max/12
[1;94m[*] [0mFuzzing test case #244 (1114 total, 0 uniq crashes found)...[0m
scheduled max input!!!!
schedule: 0 level32_2/ijon_max/0
[1;94m[*] [0mFuzzing test case #245 (1114 total, 0 uniq crashes found)...[0m
scheduled max input!!!!
schedule: 8 level32_2/ijon_max/8
updated maxmap 8: 400 (len: 500)
updated maxmap 8: 401 (len: 500)
updated maxmap 9: 3fa (len: 505)
[1;94m[*] [0mFuzzing test case #246 (1114 total, 0 uniq crashes found)...[0m
scheduled max input!!!!
schedule: 6 level32_2/ijon_max/6
[1;94m[*] [0mFuzzing test case #247 (1114 total, 0 uniq crashes found)...[0m
scheduled max input!!!!
schedule: 0 level32_2/ijon_max/0
[1;94m[*] [0mFuzzing test case #248 (1114 total, 0 uniq crashes found)...[0m
scheduled max input!!!!
schedule: 6 level32_2/ijon_max/6
updated maxmap 10: 3ff (len: 502)
[1;94m[*] [0mFuzzing test case #249 (1114 total, 0 uniq crashes found)...[0m
scheduled max input!!!!
schedule: 7 level32_2/ijon_max/7
[1;94m[*] [0mFuzzing test case #250 (1114 total, 0 uniq crashes found)...[0m
scheduled max input!!!!
schedule: 13 level32_2/ijon_max/13
[1;94m[*] [0mFuzzing test case #251 (1114 total, 0 uniq crashes found)...[0m
scheduled max input!!!!
schedule: 14 level32_2/ijon_max/14
[1;94m[*] [0mFuzzing test case #252 (1114 total, 0 uniq crashes found)...[0m
scheduled max input!!!!
schedule: 4 level32_2/ijon_max/4
[1;94m[*] [0mFuzzing test case #253 (1114 total, 0 uniq crashes found)...[0m
scheduled max input!!!!
schedule: 8 level32_2/ijon_max/8
updated maxmap 9: 409 (len: 504)
[1;94m[*] [0mFuzzing test case #254 (1114 total, 0 uniq crashes found)...[0m
scheduled max input!!!!
schedule: 6 level32_2/ijon_max/6
updated maxmap 5: 3ce (len: 494)
[1;94m[*] [0mFuzzing test case #255 (1116 total, 0 uniq crashes found)...[0m
[1;94m[*] [0mFuzzing test case #256 (1116 total, 0 uniq crashes found)...[0m
scheduled max input!!!!
schedule: 11 level32_2/ijon_max/11
updated maxmap 10: 402 (len: 501)
updated maxmap 10: 403 (len: 501)
[1;94m[*] [0mFuzzing test case #257 (1116 total, 0 uniq crashes found)...[0m
[1;94m[*] [0mFuzzing test case #258 (1116 total, 0 uniq crashes found)...[0m
scheduled max input!!!!
schedule: 5 level32_2/ijon_max/5
[1;94m[*] [0mFuzzing test case #259 (1116 total, 0 uniq crashes found)...[0m
scheduled max input!!!!
schedule: 4 level32_2/ijon_max/4
[1;94m[*] [0mFuzzing test case #260 (1116 total, 0 uniq crashes found)...[0m
scheduled max input!!!!
schedule: 6 level32_2/ijon_max/6
updated maxmap 6: 3dd (len: 495)
updated maxmap 7: 3e7 (len: 495)
[1;94m[*] [0mFuzzing test case #261 (1116 total, 0 uniq crashes found)...[0m
scheduled max input!!!!
schedule: 7 level32_2/ijon_max/7
[1;94m[*] [0mFuzzing test case #262 (1116 total, 0 uniq crashes found)...[0m
scheduled max input!!!!
schedule: 6 level32_2/ijon_max/6
updated maxmap 5: 3d1 (len: 495)
updated maxmap 5: 3d4 (len: 495)
updated maxmap 6: 3e1 (len: 495)
updated maxmap 7: 3eb (len: 495)
[1;94m[*] [0mFuzzing test case #263 (1116 total, 0 uniq crashes found)...[0m
scheduled max input!!!!
schedule: 6 level32_2/ijon_max/6
[1;94m[*] [0mFuzzing test case #264 (1116 total, 0 uniq crashes found)...[0m
scheduled max input!!!!
schedule: 11 level32_2/ijon_max/11
updated maxmap 9: 40e (len: 504)
[1;94m[*] [0mFuzzing test case #265 (1117 total, 0 uniq crashes found)...[0m
scheduled max input!!!!
schedule: 4 level32_2/ijon_max/4
[1;94m[*] [0mFuzzing test case #266 (1117 total, 0 uniq crashes found)...[0m
scheduled max input!!!!
schedule: 9 level32_2/ijon_max/9
updated maxmap 9: 40f (len: 504)
[1;94m[*] [0mFuzzing test case #267 (1117 total, 0 uniq crashes found)...[0m
scheduled max input!!!!
schedule: 3 level32_2/ijon_max/3
[1;94m[*] [0mFuzzing test case #268 (1117 total, 0 uniq crashes found)...[0m
[1;94m[*] [0mFuzzing test case #269 (1117 total, 0 uniq crashes found)...[0m
scheduled max input!!!!
schedule: 11 level32_2/ijon_max/11
updated maxmap 11: 416 (len: 508)
[1;94m[*] [0mFuzzing test case #270 (1118 total, 0 uniq crashes found)...[0m
scheduled max input!!!!
schedule: 9 level32_2/ijon_max/9
[1;94m[*] [0mFuzzing test case #271 (1118 total, 0 uniq crashes found)...[0m
scheduled max input!!!!
schedule: 13 level32_2/ijon_max/13
updated maxmap 14: 395 (len: 475)
[1;94m[*] [0mFuzzing test case #272 (1118 total, 0 uniq crashes found)...[0m
scheduled max input!!!!
schedule: 5 level32_2/ijon_max/5
updated maxmap 5: 3d9 (len: 497)
updated maxmap 6: 3e6 (len: 497)
updated maxmap 7: 3f0 (len: 497)
[1;94m[*] [0mFuzzing test case #273 (1118 total, 0 uniq crashes found)...[0m
scheduled max input!!!!
schedule: 6 level32_2/ijon_max/6
updated maxmap 5: 3da (len: 497)
[1;94m[*] [0mFuzzing test case #274 (1119 total, 0 uniq crashes found)...[0m
scheduled max input!!!!
schedule: 9 level32_2/ijon_max/9
[1;94m[*] [0mFuzzing test case #275 (1119 total, 0 uniq crashes found)...[0m
[1;94m[*] [0mFuzzing test case #276 (1119 total, 0 uniq crashes found)...[0m
[1;94m[*] [0mFuzzing test case #277 (1119 total, 0 uniq crashes found)...[0m
scheduled max input!!!!
schedule: 14 level32_2/ijon_max/14
[1;94m[*] [0mFuzzing test case #278 (1119 total, 0 uniq crashes found)...[0m
scheduled max input!!!!
schedule: 2 level32_2/ijon_max/2
[1;94m[*] [0mFuzzing test case #279 (1119 total, 0 uniq crashes found)...[0m
scheduled max input!!!!
schedule: 9 level32_2/ijon_max/9
updated maxmap 10: 40f (len: 504)
[1;94m[*] [0mFuzzing test case #280 (1119 total, 0 uniq crashes found)...[0m
scheduled max input!!!!
schedule: 4 level32_2/ijon_max/4
[1;94m[*] [0mFuzzing test case #281 (1119 total, 0 uniq crashes found)...[0m
scheduled max input!!!!
schedule: 14 level32_2/ijon_max/14
[1;94m[*] [0mFuzzing test case #282 (1119 total, 0 uniq crashes found)...[0m
[1;94m[*] [0mFuzzing test case #283 (1119 total, 0 uniq crashes found)...[0m
scheduled max input!!!!
schedule: 8 level32_2/ijon_max/8
[1;94m[*] [0mFuzzing test case #284 (1119 total, 0 uniq crashes found)...[0m
scheduled max input!!!!
schedule: 2 level32_2/ijon_max/2
[1;94m[*] [0mFuzzing test case #285 (1119 total, 0 uniq crashes found)...[0m
scheduled max input!!!!
schedule: 8 level32_2/ijon_max/8
updated maxmap 8: 402 (len: 500)
updated maxmap 0: 39c (len: 504)
updated maxmap 14: 396 (len: 504)
updated maxmap 15: 39a (len: 504)
[1;94m[*] [0mFuzzing test case #286 (1119 total, 0 uniq crashes found)...[0m
[1;94m[*] [0mFuzzing test case #287 (1119 total, 0 uniq crashes found)...[0m
scheduled max input!!!!
schedule: 3 level32_2/ijon_max/3
[1;94m[*] [0mFuzzing test case #288 (1119 total, 0 uniq crashes found)...[0m
scheduled max input!!!!
schedule: 15 level32_2/ijon_max/15
updated maxmap 0: 39d (len: 504)
updated maxmap 15: 39b (len: 504)
updated maxmap 13: 393 (len: 504)
updated maxmap 15: 39c (len: 504)
[1;94m[*] [0mFuzzing test case #289 (1119 total, 0 uniq crashes found)...[0m
[1;94m[*] [0mFuzzing test case #290 (1119 total, 0 uniq crashes found)...[0m
scheduled max input!!!!
schedule: 4 level32_2/ijon_max/4
[1;94m[*] [0mFuzzing test case #291 (1119 total, 0 uniq crashes found)...[0m
[1;94m[*] [0mFuzzing test case #292 (1119 total, 0 uniq crashes found)...[0m
scheduled max input!!!!
schedule: 2 level32_2/ijon_max/2
[1;94m[*] [0mFuzzing test case #293 (1119 total, 0 uniq crashes found)...[0m
scheduled max input!!!!
schedule: 12 level32_2/ijon_max/12
[1;94m[*] [0mFuzzing test case #294 (1119 total, 0 uniq crashes found)...[0m
scheduled max input!!!!
schedule: 10 level32_2/ijon_max/10
[1;94m[*] [0mFuzzing test case #295 (1119 total, 0 uniq crashes found)...[0m
scheduled max input!!!!
schedule: 15 level32_2/ijon_max/15
updated maxmap 14: 397 (len: 504)
[1;94m[*] [0mFuzzing test case #296 (1119 total, 0 uniq crashes found)...[0m
scheduled max input!!!!
schedule: 11 level32_2/ijon_max/11
updated maxmap 9: 418 (len: 513)
updated maxmap 11: 41a (len: 510)
updated maxmap 8: 411 (len: 508)
[1;94m[*] [0mFuzzing test case #297 (1121 total, 0 uniq crashes found)...[0m
scheduled max input!!!!
schedule: 13 level32_2/ijon_max/13
[1;94m[*] [0mFuzzing test case #298 (1121 total, 0 uniq crashes found)...[0m
scheduled max input!!!!
schedule: 0 level32_2/ijon_max/0
[1;94m[*] [0mFuzzing test case #299 (1121 total, 0 uniq crashes found)...[0m
scheduled max input!!!!
schedule: 7 level32_2/ijon_max/7
[1;94m[*] [0mFuzzing test case #300 (1121 total, 0 uniq crashes found)...[0m
[1;94m[*] [0mFuzzing test case #301 (1121 total, 0 uniq crashes found)...[0m
scheduled max input!!!!
schedule: 12 level32_2/ijon_max/12
[1;94m[*] [0mFuzzing test case #302 (1121 total, 0 uniq crashes found)...[0m
[1;94m[*] [0mFuzzing test case #303 (1121 total, 0 uniq crashes found)...[0m
scheduled max input!!!!
schedule: 6 level32_2/ijon_max/6
updated maxmap 6: 3e7 (len: 497)
updated maxmap 7: 3f1 (len: 497)
[1;94m[*] [0mFuzzing test case #304 (1121 total, 0 uniq crashes found)...[0m
scheduled max input!!!!
schedule: 2 level32_2/ijon_max/2
[1;94m[*] [0mFuzzing test case #305 (1121 total, 0 uniq crashes found)...[0m
scheduled max input!!!!
schedule: 11 level32_2/ijon_max/11
updated maxmap 9: 41d (len: 510)
updated maxmap 10: 418 (len: 510)
[1;94m[*] [0mFuzzing test case #306 (1121 total, 0 uniq crashes found)...[0m
[1;94m[*] [0mFuzzing test case #307 (1121 total, 0 uniq crashes found)...[0m
scheduled max input!!!!
schedule: 6 level32_2/ijon_max/6
[1;94m[*] [0mFuzzing test case #308 (1122 total, 0 uniq crashes found)...[0m
scheduled max input!!!!
schedule: 11 level32_2/ijon_max/11
updated maxmap 9: 41f (len: 517)
[1;94m[*] [0mFuzzing test case #309 (1123 total, 0 uniq crashes found)...[0m
scheduled max input!!!!
schedule: 14 level32_2/ijon_max/14
[1;94m[*] [0mFuzzing test case #310 (1124 total, 0 uniq crashes found)...[0m
scheduled max input!!!!
schedule: 13 level32_2/ijon_max/13
[1;94m[*] [0mFuzzing test case #311 (1124 total, 0 uniq crashes found)...[0m
scheduled max input!!!!
schedule: 13 level32_2/ijon_max/13
[1;94m[*] [0mFuzzing test case #312 (1124 total, 0 uniq crashes found)...[0m
scheduled max input!!!!
schedule: 9 level32_2/ijon_max/9
updated maxmap 9: 420 (len: 517)
updated maxmap 9: 42e (len: 517)
updated maxmap 9: 435 (len: 520)
updated maxmap 10: 419 (len: 517)
updated maxmap 10: 41e (len: 525)
minimized maxmap 10: 41e (len: 524)
updated maxmap 10: 429 (len: 517)
updated maxmap 11: 421 (len: 517)
updated maxmap 9: 440 (len: 525)
updated maxmap 7: 413 (len: 517)
updated maxmap 8: 420 (len: 517)
updated maxmap 10: 42c (len: 517)
updated maxmap 8: 425 (len: 517)
updated maxmap 11: 426 (len: 523)
updated maxmap 8: 43b (len: 525)
updated maxmap 7: 414 (len: 517)
minimized maxmap 11: 426 (len: 522)
updated maxmap 10: 42d (len: 523)
updated maxmap 11: 427 (len: 523)
updated maxmap 8: 43d (len: 524)
[1;94m[*] [0mFuzzing test case #313 (1134 total, 0 uniq crashes found)...[0m
scheduled max input!!!!
schedule: 4 level32_2/ijon_max/4
[1;94m[*] [0mFuzzing test case #314 (1134 total, 0 uniq crashes found)...[0m
scheduled max input!!!!
schedule: 9 level32_2/ijon_max/9
updated maxmap 9: 44c (len: 532)
updated maxmap 10: 451 (len: 532)
[1;94m[*] [0mFuzzing test case #315 (1137 total, 0 uniq crashes found)...[0m
scheduled max input!!!!
schedule: 13 level32_2/ijon_max/13
[1;94m[*] [0mFuzzing test case #316 (1137 total, 0 uniq crashes found)...[0m
[1;94m[*] [0mFuzzing test case #317 (1137 total, 0 uniq crashes found)...[0m
scheduled max input!!!!
schedule: 4 level32_2/ijon_max/4
[1;94m[*] [0mFuzzing test case #318 (1137 total, 0 uniq crashes found)...[0m
scheduled max input!!!!
schedule: 9 level32_2/ijon_max/9
updated maxmap 9: 44d (len: 532)
updated maxmap 10: 452 (len: 532)
[1;94m[*] [0mFuzzing test case #319 (1138 total, 0 uniq crashes found)...[0m
scheduled max input!!!!
schedule: 5 level32_2/ijon_max/5
[1;94m[*] [0mFuzzing test case #320 (1138 total, 0 uniq crashes found)...[0m
scheduled max input!!!!
schedule: 6 level32_2/ijon_max/6
[1;94m[*] [0mFuzzing test case #321 (1139 total, 0 uniq crashes found)...[0m
scheduled max input!!!!
schedule: 8 level32_2/ijon_max/8
updated maxmap 11: 42d (len: 530)
updated maxmap 8: 43f (len: 525)
[1;94m[*] [0mFuzzing test case #322 (1139 total, 0 uniq crashes found)...[0m
[1;94m[*] [0mFuzzing test case #323 (1139 total, 0 uniq crashes found)...[0m
scheduled max input!!!!
schedule: 2 level32_2/ijon_max/2
[1;94m[*] [0mFuzzing test case #324 (1139 total, 0 uniq crashes found)...[0m
[1;94m[*] [0mFuzzing test case #325 (1139 total, 0 uniq crashes found)...[0m
[1;94m[*] [0mFuzzing test case #326 (1139 total, 0 uniq crashes found)...[0m
scheduled max input!!!!
schedule: 6 level32_2/ijon_max/6
updated maxmap 5: 3db (len: 497)
[1;94m[*] [0mFuzzing test case #327 (1139 total, 0 uniq crashes found)...[0m
[1;94m[*] [0mFuzzing test case #328 (1139 total, 0 uniq crashes found)...[0m
scheduled max input!!!!
schedule: 14 level32_2/ijon_max/14
[1;94m[*] [0mFuzzing test case #329 (1139 total, 0 uniq crashes found)...[0m
scheduled max input!!!!
schedule: 8 level32_2/ijon_max/8
[1;94m[*] [0mFuzzing test case #330 (1139 total, 0 uniq crashes found)...[0m
scheduled max input!!!!
schedule: 9 level32_2/ijon_max/9
[1;94m[*] [0mFuzzing test case #331 (1139 total, 0 uniq crashes found)...[0m
scheduled max input!!!!
schedule: 14 level32_2/ijon_max/14
[1;94m[*] [0mFuzzing test case #332 (1139 total, 0 uniq crashes found)...[0m
scheduled max input!!!!
schedule: 14 level32_2/ijon_max/14
[1;94m[*] [0mFuzzing test case #333 (1139 total, 0 uniq crashes found)...[0m
scheduled max input!!!!
schedule: 13 level32_2/ijon_max/13
[1;94m[*] [0mFuzzing test case #334 (1139 total, 0 uniq crashes found)...[0m
scheduled max input!!!!
schedule: 8 level32_2/ijon_max/8
updated maxmap 7: 43f (len: 525)
[1;94m[*] [0mFuzzing test case #335 (1139 total, 0 uniq crashes found)...[0m
[1;94m[*] [0mFuzzing test case #336 (1139 total, 0 uniq crashes found)...[0m
scheduled max input!!!!
schedule: 12 level32_2/ijon_max/12
[1;94m[*] [0mFuzzing test case #337 (1139 total, 0 uniq crashes found)...[0m
scheduled max input!!!!
schedule: 12 level32_2/ijon_max/12
[1;94m[*] [0mFuzzing test case #338 (1139 total, 0 uniq crashes found)...[0m
scheduled max input!!!!
schedule: 7 level32_2/ijon_max/7
updated maxmap 11: 42f (len: 525)
[1;94m[*] [0mFuzzing test case #339 (1139 total, 0 uniq crashes found)...[0m
[1;94m[*] [0mFuzzing test case #340 (1139 total, 0 uniq crashes found)...[0m
[1;94m[*] [0mFuzzing test case #341 (1139 total, 0 uniq crashes found)...[0m
[1;94m[*] [0mFuzzing test case #342 (1139 total, 0 uniq crashes found)...[0m
scheduled max input!!!!
schedule: 9 level32_2/ijon_max/9
updated maxmap 10: 455 (len: 533)
updated maxmap 9: 44e (len: 532)
[1;94m[*] [0mFuzzing test case #343 (1140 total, 0 uniq crashes found)...[0m
scheduled max input!!!!
schedule: 0 level32_2/ijon_max/0
updated maxmap 0: 39e (len: 504)
[1;94m[*] [0mFuzzing test case #344 (1140 total, 0 uniq crashes found)...[0m
scheduled max input!!!!
schedule: 14 level32_2/ijon_max/14
[1;94m[*] [0mFuzzing test case #345 (1140 total, 0 uniq crashes found)...[0m
scheduled max input!!!!
schedule: 11 level32_2/ijon_max/11
[1;94m[*] [0mFuzzing test case #346 (1140 total, 0 uniq crashes found)...[0m
scheduled max input!!!!
schedule: 3 level32_2/ijon_max/3
[1;94m[*] [0mFuzzing test case #347 (1140 total, 0 uniq crashes found)...[0m
scheduled max input!!!!
schedule: 5 level32_2/ijon_max/5
updated maxmap 6: 3e8 (len: 497)
[1;94m[*] [0mFuzzing test case #348 (1140 total, 0 uniq crashes found)...[0m
[1;94m[*] [0mFuzzing test case #349 (1140 total, 0 uniq crashes found)...[0m
[1;94m[*] [0mFuzzing test case #350 (1140 total, 0 uniq crashes found)...[0m
scheduled max input!!!!
schedule: 8 level32_2/ijon_max/8
updated maxmap 8: 441 (len: 527)
[1;94m[*] [0mFuzzing test case #351 (1140 total, 0 uniq crashes found)...[0m
scheduled max input!!!!
schedule: 14 level32_2/ijon_max/14
[1;94m[*] [0mFuzzing test case #352 (1140 total, 0 uniq crashes found)...[0m
[1;94m[*] [0mFuzzing test case #353 (1140 total, 0 uniq crashes found)...[0m
[1;94m[*] [0mFuzzing test case #354 (1140 total, 0 uniq crashes found)...[0m
scheduled max input!!!!
schedule: 15 level32_2/ijon_max/15
[1;94m[*] [0mFuzzing test case #355 (1140 total, 0 uniq crashes found)...[0m
scheduled max input!!!!
schedule: 12 level32_2/ijon_max/12
[1;94m[*] [0mFuzzing test case #356 (1140 total, 0 uniq crashes found)...[0m
scheduled max input!!!!
schedule: 12 level32_2/ijon_max/12
[1;94m[*] [0mFuzzing test case #357 (1140 total, 0 uniq crashes found)...[0m
[1;94m[*] [0mFuzzing test case #358 (1140 total, 0 uniq crashes found)...[0m
scheduled max input!!!!
schedule: 9 level32_2/ijon_max/9
updated maxmap 11: 455 (len: 538)
updated maxmap 10: 45a (len: 535)
updated maxmap 9: 452 (len: 532)
updated maxmap 9: 453 (len: 532)
updated maxmap 8: 446 (len: 532)
updated maxmap 9: 456 (len: 534)
updated maxmap 9: 458 (len: 535)
updated maxmap 6: 42e (len: 532)
updated maxmap 9: 45a (len: 537)
[1;94m[*] [0mFuzzing test case #359 (1150 total, 0 uniq crashes found)...[0m
scheduled max input!!!!
schedule: 8 level32_2/ijon_max/8
[1;94m[*] [0mFuzzing test case #360 (1150 total, 0 uniq crashes found)...[0m
scheduled max input!!!!
schedule: 5 level32_2/ijon_max/5
updated maxmap 5: 3e9 (len: 503)
updated maxmap 5: 3ec (len: 498)
updated maxmap 5: 3ed (len: 497)
updated maxmap 5: 3f1 (len: 499)
updated maxmap 5: 3f2 (len: 497)
updated maxmap 5: 3f7 (len: 501)
[1;94m[*] [0mFuzzing test case #361 (1156 total, 0 uniq crashes found)...[0m
[1;94m[*] [0mFuzzing test case #362 (1156 total, 0 uniq crashes found)...[0m
scheduled max input!!!!
schedule: 15 level32_2/ijon_max/15
[1;94m[*] [0mFuzzing test case #363 (1156 total, 0 uniq crashes found)...[0m
[1;94m[*] [0mFuzzing test case #364 (1156 total, 0 uniq crashes found)...[0m
scheduled max input!!!!
schedule: 13 level32_2/ijon_max/13
[1;94m[*] [0mFuzzing test case #365 (1156 total, 0 uniq crashes found)...[0m
[1;94m[*] [0mFuzzing test case #366 (1156 total, 0 uniq crashes found)...[0m
scheduled max input!!!!
schedule: 9 level32_2/ijon_max/9
updated maxmap 9: 45b (len: 537)
updated maxmap 6: 431 (len: 537)
updated maxmap 11: 457 (len: 537)
[1;94m[*] [0mFuzzing test case #367 (1156 total, 0 uniq crashes found)...[0m
scheduled max input!!!!
schedule: 5 level32_2/ijon_max/5
[1;94m[*] [0mFuzzing test case #368 (1156 total, 0 uniq crashes found)...[0m
[1;94m[*] [0mFuzzing test case #369 (1156 total, 0 uniq crashes found)...[0m
scheduled max input!!!!
schedule: 4 level32_2/ijon_max/4
[1;94m[*] [0mFuzzing test case #370 (1156 total, 0 uniq crashes found)...[0m
[1;94m[*] [0mFuzzing test case #371 (1156 total, 0 uniq crashes found)...[0m
scheduled max input!!!!
schedule: 6 level32_2/ijon_max/6
updated maxmap 10: 45b (len: 537)
updated maxmap 6: 432 (len: 537)
updated maxmap 9: 45d (len: 537)
updated maxmap 6: 433 (len: 537)
updated maxmap 9: 45f (len: 537)
updated maxmap 9: 460 (len: 537)
updated maxmap 10: 45d (len: 537)
[1;94m[*] [0mFuzzing test case #372 (1158 total, 0 uniq crashes found)...[0m
scheduled max input!!!!
schedule: 4 level32_2/ijon_max/4
[1;94m[*] [0mFuzzing test case #373 (1158 total, 0 uniq crashes found)...[0m
scheduled max input!!!!
schedule: 8 level32_2/ijon_max/8
updated maxmap 10: 460 (len: 539)
[1;94m[*] [0mFuzzing test case #374 (1158 total, 0 uniq crashes found)...[0m
scheduled max input!!!!
schedule: 14 level32_2/ijon_max/14
[1;94m[*] [0mFuzzing test case #375 (1158 total, 0 uniq crashes found)...[0m
scheduled max input!!!!
schedule: 12 level32_2/ijon_max/12
[1;94m[*] [0mFuzzing test case #376 (1158 total, 0 uniq crashes found)...[0m
scheduled max input!!!!
schedule: 15 level32_2/ijon_max/15
[1;94m[*] [0mFuzzing test case #377 (1158 total, 0 uniq crashes found)...[0m
scheduled max input!!!!
schedule: 3 level32_2/ijon_max/3
[1;94m[*] [0mFuzzing test case #378 (1158 total, 0 uniq crashes found)...[0m
[1;94m[*] [0mFuzzing test case #379 (1158 total, 0 uniq crashes found)...[0m
scheduled max input!!!!
schedule: 7 level32_2/ijon_max/7
updated maxmap 7: 440 (len: 525)
[1;94m[*] [0mFuzzing test case #380 (1158 total, 0 uniq crashes found)...[0m
scheduled max input!!!!
schedule: 14 level32_2/ijon_max/14
[1;94m[*] [0mFuzzing test case #381 (1158 total, 0 uniq crashes found)...[0m
scheduled max input!!!!
schedule: 2 level32_2/ijon_max/2
[1;94m[*] [0mFuzzing test case #382 (1158 total, 0 uniq crashes found)...[0m
[1;94m[*] [0mFuzzing test case #383 (1158 total, 0 uniq crashes found)...[0m
scheduled max input!!!!
schedule: 15 level32_2/ijon_max/15
[1;94m[*] [0mFuzzing test case #384 (1158 total, 0 uniq crashes found)...[0m
scheduled max input!!!!
schedule: 7 level32_2/ijon_max/7
[1;94m[*] [0mFuzzing test case #385 (1158 total, 0 uniq crashes found)...[0m
scheduled max input!!!!
schedule: 15 level32_2/ijon_max/15
[1;94m[*] [0mFuzzing test case #386 (1158 total, 0 uniq crashes found)...[0m
scheduled max input!!!!
schedule: 8 level32_2/ijon_max/8
[1;94m[*] [0mFuzzing test case #387 (1158 total, 0 uniq crashes found)...[0m
scheduled max input!!!!
schedule: 9 level32_2/ijon_max/9
updated maxmap 11: 459 (len: 537)
[1;94m[*] [0mFuzzing test case #388 (1158 total, 0 uniq crashes found)...[0m
scheduled max input!!!!
schedule: 13 level32_2/ijon_max/13
[1;94m[*] [0mFuzzing test case #389 (1158 total, 0 uniq crashes found)...[0m
scheduled max input!!!!
schedule: 5 level32_2/ijon_max/5
[1;94m[*] [0mFuzzing test case #390 (1159 total, 0 uniq crashes found)...[0m
scheduled max input!!!!
schedule: 10 level32_2/ijon_max/10
updated maxmap 7: 444 (len: 542)
updated maxmap 8: 44e (len: 542)
updated maxmap 10: 465 (len: 542)
minimized maxmap 7: 444 (len: 539)
minimized maxmap 8: 44e (len: 539)
updated maxmap 7: 447 (len: 539)
updated maxmap 8: 451 (len: 539)
updated maxmap 7: 450 (len: 543)
updated maxmap 8: 45a (len: 543)
updated maxmap 9: 464 (len: 543)
updated maxmap 10: 469 (len: 543)
minimized maxmap 7: 450 (len: 539)
minimized maxmap 8: 45a (len: 539)
updated maxmap 7: 451 (len: 539)
updated maxmap 8: 45b (len: 539)
[1;94m[*] [0mFuzzing test case #391 (1160 total, 0 uniq crashes found)...[0m
scheduled max input!!!!
schedule: 7 level32_2/ijon_max/7
updated maxmap 7: 452 (len: 539)
updated maxmap 8: 45c (len: 539)
updated maxmap 7: 453 (len: 539)
updated maxmap 8: 45d (len: 539)
updated maxmap 9: 465 (len: 542)
[1;94m[*] [0mFuzzing test case #392 (1160 total, 0 uniq crashes found)...[0m
scheduled max input!!!!
schedule: 11 level32_2/ijon_max/11
[1;94m[*] [0mFuzzing test case #393 (1160 total, 0 uniq crashes found)...[0m
scheduled max input!!!!
schedule: 7 level32_2/ijon_max/7
[1;94m[*] [0mFuzzing test case #394 (1160 total, 0 uniq crashes found)...[0m
scheduled max input!!!!
schedule: 12 level32_2/ijon_max/12
[1;94m[*] [0mFuzzing test case #395 (1160 total, 0 uniq crashes found)...[0m
scheduled max input!!!!
schedule: 15 level32_2/ijon_max/15
[1;94m[*] [0mFuzzing test case #396 (1160 total, 0 uniq crashes found)...[0m
scheduled max input!!!!
schedule: 5 level32_2/ijon_max/5
[1;94m[*] [0mFuzzing test case #397 (1160 total, 0 uniq crashes found)...[0m
scheduled max input!!!!
schedule: 15 level32_2/ijon_max/15
[1;94m[*] [0mFuzzing test case #398 (1160 total, 0 uniq crashes found)...[0m
scheduled max input!!!!
schedule: 0 level32_2/ijon_max/0
[1;94m[*] [0mFuzzing test case #399 (1160 total, 0 uniq crashes found)...[0m
scheduled max input!!!!
schedule: 8 level32_2/ijon_max/8
updated maxmap 10: 46a (len: 546)
updated maxmap 11: 473 (len: 546)
updated maxmap 7: 454 (len: 539)
updated maxmap 8: 45e (len: 539)
updated maxmap 7: 455 (len: 539)
updated maxmap 8: 45f (len: 539)
[1;94m[*] [0mFuzzing test case #400 (1161 total, 0 uniq crashes found)...[0m
[1;94m[*] [0mFuzzing test case #401 (1161 total, 0 uniq crashes found)...[0m
scheduled max input!!!!
schedule: 14 level32_2/ijon_max/14
[1;94m[*] [0mFuzzing test case #402 (1161 total, 0 uniq crashes found)...[0m
[1;94m[*] [0mFuzzing test case #403 (1161 total, 0 uniq crashes found)...[0m
scheduled max input!!!!
schedule: 14 level32_2/ijon_max/14
[1;94m[*] [0mFuzzing test case #404 (1161 total, 0 uniq crashes found)...[0m
scheduled max input!!!!
schedule: 3 level32_2/ijon_max/3
[1;94m[*] [0mFuzzing test case #405 (1161 total, 0 uniq crashes found)...[0m
scheduled max input!!!!
schedule: 2 level32_2/ijon_max/2
[1;94m[*] [0mFuzzing test case #406 (1161 total, 0 uniq crashes found)...[0m
scheduled max input!!!!
schedule: 9 level32_2/ijon_max/9
updated maxmap 9: 467 (len: 544)
[1;94m[*] [0mFuzzing test case #407 (1162 total, 0 uniq crashes found)...[0m
scheduled max input!!!!
schedule: 3 level32_2/ijon_max/3
[1;94m[*] [0mFuzzing test case #408 (1162 total, 0 uniq crashes found)...[0m
scheduled max input!!!!
schedule: 15 level32_2/ijon_max/15
[1;94m[*] [0mFuzzing test case #409 (1162 total, 0 uniq crashes found)...[0m
scheduled max input!!!!
schedule: 2 level32_2/ijon_max/2
[1;94m[*] [0mFuzzing test case #410 (1162 total, 0 uniq crashes found)...[0m
[1;94m[*] [0mFuzzing test case #411 (1162 total, 0 uniq crashes found)...[0m
[1;94m[*] [0mFuzzing test case #412 (1162 total, 0 uniq crashes found)...[0m
scheduled max input!!!!
schedule: 5 level32_2/ijon_max/5
[1;94m[*] [0mFuzzing test case #413 (1162 total, 0 uniq crashes found)...[0m
scheduled max input!!!!
schedule: 6 level32_2/ijon_max/6
updated maxmap 6: 43d (len: 543)
updated maxmap 9: 46a (len: 543)
minimized maxmap 6: 43d (len: 537)
[1;94m[*] [0mFuzzing test case #414 (1162 total, 0 uniq crashes found)...[0m
scheduled max input!!!!
schedule: 4 level32_2/ijon_max/4
[1;94m[*] [0mFuzzing test case #415 (1162 total, 0 uniq crashes found)...[0m
scheduled max input!!!!
schedule: 6 level32_2/ijon_max/6
[1;94m[*] [0mFuzzing test case #416 (1162 total, 0 uniq crashes found)...[0m
scheduled max input!!!!
schedule: 15 level32_2/ijon_max/15
[1;94m[*] [0mFuzzing test case #417 (1162 total, 0 uniq crashes found)...[0m
scheduled max input!!!!
schedule: 2 level32_2/ijon_max/2
[1;94m[*] [0mFuzzing test case #418 (1162 total, 0 uniq crashes found)...[0m
scheduled max input!!!!
schedule: 4 level32_2/ijon_max/4
[1;94m[*] [0mFuzzing test case #419 (1162 total, 0 uniq crashes found)...[0m
scheduled max input!!!!
schedule: 8 level32_2/ijon_max/8
updated maxmap 7: 457 (len: 539)
updated maxmap 8: 461 (len: 539)
[1;94m[*] [0mFuzzing test case #420 (1162 total, 0 uniq crashes found)...[0m
scheduled max input!!!!
schedule: 14 level32_2/ijon_max/14
[1;94m[*] [0mFuzzing test case #421 (1162 total, 0 uniq crashes found)...[0m
scheduled max input!!!!
schedule: 5 level32_2/ijon_max/5
[1;94m[*] [0mFuzzing test case #422 (1162 total, 0 uniq crashes found)...[0m
scheduled max input!!!!
schedule: 6 level32_2/ijon_max/6
[1;94m[*] [0mFuzzing test case #423 (1162 total, 0 uniq crashes found)...[0m
scheduled max input!!!!
schedule: 11 level32_2/ijon_max/11
updated maxmap 9: 46e (len: 546)
updated maxmap 9: 46f (len: 546)
[1;94m[*] [0mFuzzing test case #424 (1162 total, 0 uniq crashes found)...[0m
scheduled max input!!!!
schedule: 0 level32_2/ijon_max/0
[1;94m[*] [0mFuzzing test case #425 (1162 total, 0 uniq crashes found)...[0m
scheduled max input!!!!
schedule: 13 level32_2/ijon_max/13
[1;94m[*] [0mFuzzing test case #426 (1162 total, 0 uniq crashes found)...[0m
scheduled max input!!!!
schedule: 12 level32_2/ijon_max/12
[1;94m[*] [0mFuzzing test case #427 (1162 total, 0 uniq crashes found)...[0m
[1;94m[*] [0mFuzzing test case #428 (1162 total, 0 uniq crashes found)...[0m
scheduled max input!!!!
schedule: 7 level32_2/ijon_max/7
updated maxmap 7: 461 (len: 543)
updated maxmap 8: 46b (len: 543)
updated maxmap 6: 452 (len: 539)
updated maxmap 7: 464 (len: 539)
[1;94m[*] [0mFuzzing test case #429 (1162 total, 0 uniq crashes found)...[0m
scheduled max input!!!!
schedule: 9 level32_2/ijon_max/9
updated maxmap 9: 470 (len: 546)
updated maxmap 9: 481 (len: 554)
updated maxmap 10: 484 (len: 554)
updated maxmap 8: 499 (len: 562)
updated maxmap 9: 48a (len: 562)
updated maxmap 11: 477 (len: 562)
updated maxmap 11: 47a (len: 554)
updated maxmap 11: 47c (len: 554)
[1;94m[*] [0mFuzzing test case #430 (1172 total, 0 uniq crashes found)...[0m
scheduled max input!!!!
schedule: 3 level32_2/ijon_max/3
[1;94m[*] [0mFuzzing test case #431 (1172 total, 0 uniq crashes found)...[0m
scheduled max input!!!!
schedule: 7 level32_2/ijon_max/7
[1;94m[*] [0mFuzzing test case #432 (1172 total, 0 uniq crashes found)...[0m
scheduled max input!!!!
schedule: 0 level32_2/ijon_max/0
[1;94m[*] [0mFuzzing test case #433 (1172 total, 0 uniq crashes found)...[0m
scheduled max input!!!!
schedule: 7 level32_2/ijon_max/7
updated maxmap 6: 453 (len: 539)
[1;94m[*] [0mFuzzing test case #434 (1172 total, 0 uniq crashes found)...[0m
scheduled max input!!!!
schedule: 4 level32_2/ijon_max/4
[1;94m[*] [0mFuzzing test case #435 (1172 total, 0 uniq crashes found)...[0m
scheduled max input!!!!
schedule: 10 level32_2/ijon_max/10
updated maxmap 10: 485 (len: 554)
[1;94m[*] [0mFuzzing test case #436 (1172 total, 0 uniq crashes found)...[0m
[1;94m[*] [0mFuzzing test case #437 (1172 total, 0 uniq crashes found)...[0m
scheduled max input!!!!
schedule: 8 level32_2/ijon_max/8
updated maxmap 8: 49d (len: 564)
updated maxmap 9: 48e (len: 564)
minimized maxmap 9: 48e (len: 562)
updated maxmap 9: 4a2 (len: 567)
updated maxmap 11: 47d (len: 564)
updated maxmap 10: 4a3 (len: 572)
updated maxmap 11: 4a9 (len: 572)
updated maxmap 9: 4a6 (len: 569)
updated maxmap 10: 4ad (len: 572)
updated maxmap 9: 4a8 (len: 572)
updated maxmap 8: 49e (len: 566)
updated maxmap 8: 4a6 (len: 569)
[1;94m[*] [0mFuzzing test case #438 (1184 total, 0 uniq crashes found)...[0m
scheduled max input!!!!
schedule: 2 level32_2/ijon_max/2
[1;94m[*] [0mFuzzing test case #439 (1184 total, 0 uniq crashes found)...[0m
scheduled max input!!!!
schedule: 4 level32_2/ijon_max/4
[1;94m[*] [0mFuzzing test case #440 (1184 total, 0 uniq crashes found)...[0m
[1;94m[*] [0mFuzzing test case #441 (1184 total, 0 uniq crashes found)...[0m
scheduled max input!!!!
schedule: 8 level32_2/ijon_max/8
updated maxmap 8: 4ac (len: 569)
[1;94m[*] [0mFuzzing test case #442 (1184 total, 0 uniq crashes found)...[0m
[1;94m[*] [0mFuzzing test case #443 (1184 total, 0 uniq crashes found)...[0m
scheduled max input!!!!
schedule: 14 level32_2/ijon_max/14
[1;94m[*] [0mFuzzing test case #444 (1184 total, 0 uniq crashes found)...[0m
scheduled max input!!!!
schedule: 11 level32_2/ijon_max/11
updated maxmap 9: 4ad (len: 580)
updated maxmap 10: 4ae (len: 580)
updated maxmap 11: 4ae (len: 580)
updated maxmap 9: 4af (len: 580)
[1;94m[*] [0mFuzzing test case #445 (1185 total, 0 uniq crashes found)...[0m
scheduled max input!!!!
schedule: 8 level32_2/ijon_max/8
[1;94m[*] [0mFuzzing test case #446 (1185 total, 0 uniq crashes found)...[0m
scheduled max input!!!!
schedule: 6 level32_2/ijon_max/6
updated maxmap 7: 465 (len: 539)
updated maxmap 6: 455 (len: 540)
updated maxmap 7: 466 (len: 540)
minimized maxmap 6: 455 (len: 539)
[1;94m[*] [0mFuzzing test case #447 (1185 total, 0 uniq crashes found)...[0m
scheduled max input!!!!
schedule: 4 level32_2/ijon_max/4
[1;94m[*] [0mFuzzing test case #448 (1185 total, 0 uniq crashes found)...[0m
scheduled max input!!!!
schedule: 5 level32_2/ijon_max/5
[1;94m[*] [0mFuzzing test case #449 (1185 total, 0 uniq crashes found)...[0m
[1;94m[*] [0mFuzzing test case #450 (1185 total, 0 uniq crashes found)...[0m
scheduled max input!!!!
schedule: 10 level32_2/ijon_max/10
updated maxmap 10: 4af (len: 580)
updated maxmap 11: 4b0 (len: 580)
updated maxmap 8: 4ae (len: 588)
[1;94m[*] [0mFuzzing test case #451 (1185 total, 0 uniq crashes found)...[0m
scheduled max input!!!!
schedule: 9 level32_2/ijon_max/9
updated maxmap 9: 4b0 (len: 580)
updated maxmap 5: 4b2 (len: 586)
updated maxmap 6: 4b1 (len: 586)
updated maxmap 7: 4b0 (len: 586)
updated maxmap 8: 4b0 (len: 586)
updated maxmap 10: 4b0 (len: 580)
updated maxmap 9: 4b1 (len: 580)
minimized maxmap 8: 4b0 (len: 580)
[1;94m[*] [0mFuzzing test case #452 (1193 total, 0 uniq crashes found)...[0m
scheduled max input!!!!
schedule: 11 level32_2/ijon_max/11
[1;94m[*] [0mFuzzing test case #453 (1193 total, 0 uniq crashes found)...[0m
scheduled max input!!!!
schedule: 9 level32_2/ijon_max/9
[1;94m[*] [0mFuzzing test case #454 (1193 total, 0 uniq crashes found)...[0m
[1;94m[*] [0mFuzzing test case #455 (1193 total, 0 uniq crashes found)...[0m
scheduled max input!!!!
schedule: 12 level32_2/ijon_max/12
[1;94m[*] [0mFuzzing test case #456 (1193 total, 0 uniq crashes found)...[0m
scheduled max input!!!!
schedule: 5 level32_2/ijon_max/5
[1;94m[*] [0mFuzzing test case #457 (1193 total, 0 uniq crashes found)...[0m
scheduled max input!!!!
schedule: 2 level32_2/ijon_max/2
[1;94m[*] [0mFuzzing test case #458 (1193 total, 0 uniq crashes found)...[0m
scheduled max input!!!!
schedule: 14 level32_2/ijon_max/14
[1;94m[*] [0mFuzzing test case #459 (1193 total, 0 uniq crashes found)...[0m
scheduled max input!!!!
schedule: 10 level32_2/ijon_max/10
[1;94m[*] [0mFuzzing test case #460 (1193 total, 0 uniq crashes found)...[0m
scheduled max input!!!!
schedule: 0 level32_2/ijon_max/0
[1;94m[*] [0mFuzzing test case #461 (1193 total, 0 uniq crashes found)...[0m
scheduled max input!!!!
schedule: 3 level32_2/ijon_max/3
[1;94m[*] [0mFuzzing test case #462 (1194 total, 0 uniq crashes found)...[0m
scheduled max input!!!!
schedule: 11 level32_2/ijon_max/11
[1;94m[*] [0mFuzzing test case #463 (1194 total, 0 uniq crashes found)...[0m
[1;94m[*] [0mFuzzing test case #464 (1194 total, 0 uniq crashes found)...[0m
[1;94m[*] [0mFuzzing test case #465 (1194 total, 0 uniq crashes found)...[0m
scheduled max input!!!!
schedule: 7 level32_2/ijon_max/7
[1;94m[*] [0mFuzzing test case #466 (1194 total, 0 uniq crashes found)...[0m
scheduled max input!!!!
schedule: 3 level32_2/ijon_max/3
[1;94m[*] [0mFuzzing test case #467 (1194 total, 0 uniq crashes found)...[0m
scheduled max input!!!!
schedule: 0 level32_2/ijon_max/0
[1;94m[*] [0mFuzzing test case #468 (1194 total, 0 uniq crashes found)...[0m
scheduled max input!!!!
schedule: 6 level32_2/ijon_max/6
[1;94m[*] [0mFuzzing test case #469 (1194 total, 0 uniq crashes found)...[0m
[1;94m[*] [0mFuzzing test case #470 (1194 total, 0 uniq crashes found)...[0m
scheduled max input!!!!
schedule: 8 level32_2/ijon_max/8
[1;94m[*] [0mFuzzing test case #471 (1194 total, 0 uniq crashes found)...[0m
scheduled max input!!!!
schedule: 2 level32_2/ijon_max/2
[1;94m[*] [0mFuzzing test case #472 (1194 total, 0 uniq crashes found)...[0m
scheduled max input!!!!
schedule: 11 level32_2/ijon_max/11
[1;94m[*] [0mFuzzing test case #473 (1194 total, 0 uniq crashes found)...[0m
scheduled max input!!!!
schedule: 12 level32_2/ijon_max/12
[1;94m[*] [0mFuzzing test case #474 (1194 total, 0 uniq crashes found)...[0m
scheduled max input!!!!
schedule: 0 level32_2/ijon_max/0
[1;94m[*] [0mFuzzing test case #475 (1194 total, 0 uniq crashes found)...[0m
scheduled max input!!!!
schedule: 3 level32_2/ijon_max/3
[1;94m[*] [0mFuzzing test case #476 (1194 total, 0 uniq crashes found)...[0m
scheduled max input!!!!
schedule: 3 level32_2/ijon_max/3
[1;94m[*] [0mFuzzing test case #477 (1194 total, 0 uniq crashes found)...[0m
scheduled max input!!!!
schedule: 5 level32_2/ijon_max/5
[1;94m[*] [0mFuzzing test case #478 (1194 total, 0 uniq crashes found)...[0m
scheduled max input!!!!
schedule: 2 level32_2/ijon_max/2
[1;94m[*] [0mFuzzing test case #479 (1194 total, 0 uniq crashes found)...[0m
scheduled max input!!!!
schedule: 13 level32_2/ijon_max/13
[1;94m[*] [0mFuzzing test case #480 (1194 total, 0 uniq crashes found)...[0m
scheduled max input!!!!
schedule: 2 level32_2/ijon_max/2
[1;94m[*] [0mFuzzing test case #481 (1194 total, 0 uniq crashes found)...[0m
scheduled max input!!!!
schedule: 10 level32_2/ijon_max/10
[1;94m[*] [0mFuzzing test case #482 (1194 total, 0 uniq crashes found)...[0m
scheduled max input!!!!
schedule: 14 level32_2/ijon_max/14
[1;94m[*] [0mFuzzing test case #483 (1194 total, 0 uniq crashes found)...[0m
scheduled max input!!!!
schedule: 5 level32_2/ijon_max/5
[1;94m[*] [0mFuzzing test case #484 (1195 total, 0 uniq crashes found)...[0m
[1;94m[*] [0mFuzzing test case #485 (1195 total, 0 uniq crashes found)...[0m
scheduled max input!!!!
schedule: 14 level32_2/ijon_max/14
[1;94m[*] [0mFuzzing test case #486 (1195 total, 0 uniq crashes found)...[0m
[1;94m[*] [0mFuzzing test case #487 (1195 total, 0 uniq crashes found)...[0m
scheduled max input!!!!
schedule: 14 level32_2/ijon_max/14
[1;94m[*] [0mFuzzing test case #488 (1195 total, 0 uniq crashes found)...[0m
scheduled max input!!!!
schedule: 15 level32_2/ijon_max/15
[1;94m[*] [0mFuzzing test case #489 (1195 total, 0 uniq crashes found)...[0m
[1;94m[*] [0mFuzzing test case #490 (1195 total, 0 uniq crashes found)...[0m
scheduled max input!!!!
schedule: 2 level32_2/ijon_max/2
[1;94m[*] [0mFuzzing test case #491 (1195 total, 0 uniq crashes found)...[0m
scheduled max input!!!!
schedule: 15 level32_2/ijon_max/15
[1;94m[*] [0mFuzzing test case #492 (1195 total, 0 uniq crashes found)...[0m
scheduled max input!!!!
schedule: 13 level32_2/ijon_max/13
[1;94m[*] [0mFuzzing test case #493 (1195 total, 0 uniq crashes found)...[0m
scheduled max input!!!!
schedule: 2 level32_2/ijon_max/2
[1;94m[*] [0mFuzzing test case #494 (1195 total, 0 uniq crashes found)...[0m
[1;94m[*] [0mFuzzing test case #495 (1195 total, 0 uniq crashes found)...[0m
scheduled max input!!!!
schedule: 8 level32_2/ijon_max/8
[1;94m[*] [0mFuzzing test case #496 (1195 total, 0 uniq crashes found)...[0m
scheduled max input!!!!
schedule: 11 level32_2/ijon_max/11
[1;94m[*] [0mFuzzing test case #497 (1195 total, 0 uniq crashes found)...[0m
scheduled max input!!!!
schedule: 8 level32_2/ijon_max/8
[1;94m[*] [0mFuzzing test case #498 (1195 total, 0 uniq crashes found)...[0m
scheduled max input!!!!
schedule: 14 level32_2/ijon_max/14
[1;94m[*] [0mFuzzing test case #499 (1195 total, 0 uniq crashes found)...[0m
scheduled max input!!!!
schedule: 9 level32_2/ijon_max/9
[1;94m[*] [0mFuzzing test case #500 (1195 total, 0 uniq crashes found)...[0m
[1;94m[*] [0mFuzzing test case #501 (1195 total, 0 uniq crashes found)...[0m
scheduled max input!!!!
schedule: 2 level32_2/ijon_max/2
[1;94m[*] [0mFuzzing test case #502 (1195 total, 0 uniq crashes found)...[0m
scheduled max input!!!!
schedule: 7 level32_2/ijon_max/7
[1;94m[*] [0mFuzzing test case #503 (1195 total, 0 uniq crashes found)...[0m
[1;94m[*] [0mFuzzing test case #504 (1195 total, 0 uniq crashes found)...[0m
[1;94m[*] [0mFuzzing test case #505 (1195 total, 0 uniq crashes found)...[0m
scheduled max input!!!!
schedule: 8 level32_2/ijon_max/8
[1;94m[*] [0mFuzzing test case #506 (1195 total, 0 uniq crashes found)...[0m
[1;94m[*] [0mFuzzing test case #507 (1195 total, 0 uniq crashes found)...[0m
[1;94m[*] [0mFuzzing test case #508 (1195 total, 0 uniq crashes found)...[0m
scheduled max input!!!!
schedule: 3 level32_2/ijon_max/3
[1;94m[*] [0mFuzzing test case #509 (1195 total, 0 uniq crashes found)...[0m
scheduled max input!!!!
schedule: 0 level32_2/ijon_max/0
[1;94m[*] [0mFuzzing test case #510 (1195 total, 0 uniq crashes found)...[0m
scheduled max input!!!!
schedule: 2 level32_2/ijon_max/2
[1;94m[*] [0mFuzzing test case #511 (1195 total, 0 uniq crashes found)...[0m
scheduled max input!!!!
schedule: 9 level32_2/ijon_max/9
[1;94m[*] [0mFuzzing test case #512 (1197 total, 0 uniq crashes found)...[0m
scheduled max input!!!!
schedule: 7 level32_2/ijon_max/7
[1;94m[*] [0mFuzzing test case #513 (1197 total, 0 uniq crashes found)...[0m
scheduled max input!!!!
schedule: 3 level32_2/ijon_max/3
[1;94m[*] [0mFuzzing test case #514 (1197 total, 0 uniq crashes found)...[0m
scheduled max input!!!!
schedule: 8 level32_2/ijon_max/8
[1;94m[*] [0mFuzzing test case #515 (1197 total, 0 uniq crashes found)...[0m
scheduled max input!!!!
schedule: 13 level32_2/ijon_max/13
[1;94m[*] [0mFuzzing test case #516 (1197 total, 0 uniq crashes found)...[0m
scheduled max input!!!!
schedule: 9 level32_2/ijon_max/9
[1;94m[*] [0mFuzzing test case #517 (1197 total, 0 uniq crashes found)...[0m
scheduled max input!!!!
schedule: 0 level32_2/ijon_max/0
[1;94m[*] [0mFuzzing test case #518 (1197 total, 0 uniq crashes found)...[0m
[1;94m[*] [0mFuzzing test case #519 (1197 total, 0 uniq crashes found)...[0m
scheduled max input!!!!
schedule: 6 level32_2/ijon_max/6
[1;94m[*] [0mFuzzing test case #520 (1197 total, 0 uniq crashes found)...[0m
scheduled max input!!!!
schedule: 5 level32_2/ijon_max/5
[1;94m[*] [0mFuzzing test case #521 (1197 total, 0 uniq crashes found)...[0m
scheduled max input!!!!
schedule: 10 level32_2/ijon_max/10
[1;94m[*] [0mFuzzing test case #522 (1197 total, 0 uniq crashes found)...[0m
scheduled max input!!!!
schedule: 3 level32_2/ijon_max/3
[1;94m[*] [0mFuzzing test case #523 (1197 total, 0 uniq crashes found)...[0m
[1;94m[*] [0mFuzzing test case #524 (1197 total, 0 uniq crashes found)...[0m
scheduled max input!!!!
schedule: 9 level32_2/ijon_max/9
[1;94m[*] [0mFuzzing test case #525 (1197 total, 0 uniq crashes found)...[0m
[1;94m[*] [0mFuzzing test case #526 (1197 total, 0 uniq crashes found)...[0m
scheduled max input!!!!
schedule: 10 level32_2/ijon_max/10
[1;94m[*] [0mFuzzing test case #527 (1197 total, 0 uniq crashes found)...[0m
[1;94m[*] [0mFuzzing test case #528 (1197 total, 0 uniq crashes found)...[0m
scheduled max input!!!!
schedule: 9 level32_2/ijon_max/9
[1;94m[*] [0mFuzzing test case #529 (1198 total, 0 uniq crashes found)...[0m
scheduled max input!!!!
schedule: 15 level32_2/ijon_max/15
[1;94m[*] [0mFuzzing test case #530 (1198 total, 0 uniq crashes found)...[0m
[1;94m[*] [0mFuzzing test case #531 (1198 total, 0 uniq crashes found)...[0m
scheduled max input!!!!
schedule: 7 level32_2/ijon_max/7
[1;94m[*] [0mFuzzing test case #532 (1198 total, 0 uniq crashes found)...[0m
scheduled max input!!!!
schedule: 11 level32_2/ijon_max/11
[1;94m[*] [0mFuzzing test case #533 (1200 total, 0 uniq crashes found)...[0m
scheduled max input!!!!
schedule: 3 level32_2/ijon_max/3
[1;94m[*] [0mFuzzing test case #534 (1200 total, 0 uniq crashes found)...[0m
scheduled max input!!!!
schedule: 6 level32_2/ijon_max/6
[1;94m[*] [0mFuzzing test case #535 (1200 total, 0 uniq crashes found)...[0m
scheduled max input!!!!
schedule: 8 level32_2/ijon_max/8
[1;94m[*] [0mFuzzing test case #536 (1200 total, 0 uniq crashes found)...[0m
scheduled max input!!!!
schedule: 3 level32_2/ijon_max/3
[1;94m[*] [0mFuzzing test case #537 (1200 total, 0 uniq crashes found)...[0m
scheduled max input!!!!
schedule: 11 level32_2/ijon_max/11
[1;94m[*] [0mFuzzing test case #538 (1200 total, 0 uniq crashes found)...[0m
scheduled max input!!!!
schedule: 8 level32_2/ijon_max/8
[1;94m[*] [0mFuzzing test case #539 (1200 total, 0 uniq crashes found)...[0m
scheduled max input!!!!
schedule: 8 level32_2/ijon_max/8
[1;94m[*] [0mFuzzing test case #540 (1200 total, 0 uniq crashes found)...[0m
scheduled max input!!!!
schedule: 11 level32_2/ijon_max/11
[1;94m[*] [0mFuzzing test case #541 (1200 total, 0 uniq crashes found)...[0m
scheduled max input!!!!
schedule: 5 level32_2/ijon_max/5
[1;94m[*] [0mFuzzing test case #542 (1200 total, 0 uniq crashes found)...[0m
scheduled max input!!!!
schedule: 12 level32_2/ijon_max/12
[1;94m[*] [0mFuzzing test case #543 (1200 total, 0 uniq crashes found)...[0m
scheduled max input!!!!
schedule: 13 level32_2/ijon_max/13
[1;94m[*] [0mFuzzing test case #544 (1200 total, 0 uniq crashes found)...[0m
scheduled max input!!!!
schedule: 15 level32_2/ijon_max/15
[1;94m[*] [0mFuzzing test case #545 (1200 total, 0 uniq crashes found)...[0m
scheduled max input!!!!
schedule: 12 level32_2/ijon_max/12
[1;94m[*] [0mFuzzing test case #546 (1200 total, 0 uniq crashes found)...[0m
scheduled max input!!!!
schedule: 2 level32_2/ijon_max/2
[1;94m[*] [0mFuzzing test case #547 (1200 total, 0 uniq crashes found)...[0m
scheduled max input!!!!
schedule: 4 level32_2/ijon_max/4
[1;94m[*] [0mFuzzing test case #548 (1200 total, 0 uniq crashes found)...[0m
[1;94m[*] [0mFuzzing test case #549 (1200 total, 0 uniq crashes found)...[0m
scheduled max input!!!!
schedule: 7 level32_2/ijon_max/7
[1;94m[*] [0mFuzzing test case #550 (1200 total, 0 uniq crashes found)...[0m
scheduled max input!!!!
schedule: 12 level32_2/ijon_max/12
[1;94m[*] [0mFuzzing test case #551 (1200 total, 0 uniq crashes found)...[0m
scheduled max input!!!!
schedule: 7 level32_2/ijon_max/7
[1;94m[*] [0mFuzzing test case #552 (1200 total, 0 uniq crashes found)...[0m
scheduled max input!!!!
schedule: 8 level32_2/ijon_max/8
[1;94m[*] [0mFuzzing test case #553 (1202 total, 0 uniq crashes found)...[0m
scheduled max input!!!!
schedule: 6 level32_2/ijon_max/6
[1;94m[*] [0mFuzzing test case #554 (1202 total, 0 uniq crashes found)...[0m
[1;94m[*] [0mFuzzing test case #555 (1202 total, 0 uniq crashes found)...[0m
scheduled max input!!!!
schedule: 3 level32_2/ijon_max/3
[1;94m[*] [0mFuzzing test case #556 (1202 total, 0 uniq crashes found)...[0m
scheduled max input!!!!
schedule: 6 level32_2/ijon_max/6
[1;94m[*] [0mFuzzing test case #557 (1202 total, 0 uniq crashes found)...[0m
scheduled max input!!!!
schedule: 6 level32_2/ijon_max/6
[1;94m[*] [0mFuzzing test case #558 (1202 total, 0 uniq crashes found)...[0m
scheduled max input!!!!
schedule: 7 level32_2/ijon_max/7
updated maxmap 10: 4b1 (len: 586)
[1;94m[*] [0mFuzzing test case #559 (1202 total, 0 uniq crashes found)...[0m
[1;94m[*] [0mFuzzing test case #560 (1202 total, 0 uniq crashes found)...[0m
scheduled max input!!!!
schedule: 4 level32_2/ijon_max/4
[1;94m[*] [0mFuzzing test case #561 (1202 total, 0 uniq crashes found)...[0m
[1;94m[*] [0mFuzzing test case #562 (1202 total, 0 uniq crashes found)...[0m
scheduled max input!!!!
schedule: 15 level32_2/ijon_max/15
[1;94m[*] [0mFuzzing test case #563 (1202 total, 0 uniq crashes found)...[0m
scheduled max input!!!!
schedule: 2 level32_2/ijon_max/2
[1;94m[*] [0mFuzzing test case #564 (1202 total, 0 uniq crashes found)...[0m
scheduled max input!!!!
schedule: 2 level32_2/ijon_max/2
[1;94m[*] [0mFuzzing test case #565 (1202 total, 0 uniq crashes found)...[0m
[1;94m[*] [0mFuzzing test case #566 (1202 total, 0 uniq crashes found)...[0m
scheduled max input!!!!
schedule: 5 level32_2/ijon_max/5
updated maxmap 6: 4b2 (len: 586)
[1;94m[*] [0mFuzzing test case #567 (1202 total, 0 uniq crashes found)...[0m
scheduled max input!!!!
schedule: 10 level32_2/ijon_max/10
[1;94m[*] [0mFuzzing test case #568 (1202 total, 0 uniq crashes found)...[0m
scheduled max input!!!!
schedule: 10 level32_2/ijon_max/10
updated maxmap 10: 4b2 (len: 594)
updated maxmap 11: 4b1 (len: 594)
minimized maxmap 10: 4b2 (len: 586)
minimized maxmap 11: 4b1 (len: 586)
[1;94m[*] [0mFuzzing test case #569 (1202 total, 0 uniq crashes found)...[0m
[1;94m[*] [0mFuzzing test case #570 (1202 total, 0 uniq crashes found)...[0m
[1;94m[*] [0mFuzzing test case #571 (1202 total, 0 uniq crashes found)...[0m
[1;94m[*] [0mFuzzing test case #572 (1202 total, 0 uniq crashes found)...[0m
[1;94m[*] [0mFuzzing test case #573 (1202 total, 0 uniq crashes found)...[0m
[1;94m[*] [0mFuzzing test case #574 (1202 total, 0 uniq crashes found)...[0m
scheduled max input!!!!
schedule: 9 level32_2/ijon_max/9
[1;94m[*] [0mFuzzing test case #575 (1202 total, 0 uniq crashes found)...[0m
[1;94m[*] [0mFuzzing test case #576 (1202 total, 0 uniq crashes found)...[0m
[1;94m[*] [0mFuzzing test case #577 (1202 total, 0 uniq crashes found)...[0m
scheduled max input!!!!
schedule: 9 level32_2/ijon_max/9
[1;94m[*] [0mFuzzing test case #578 (1202 total, 0 uniq crashes found)...[0m
[1;94m[*] [0mFuzzing test case #579 (1202 total, 0 uniq crashes found)...[0m
scheduled max input!!!!
schedule: 2 level32_2/ijon_max/2
[1;94m[*] [0mFuzzing test case #580 (1202 total, 0 uniq crashes found)...[0m
scheduled max input!!!!
schedule: 4 level32_2/ijon_max/4
[1;94m[*] [0mFuzzing test case #581 (1202 total, 0 uniq crashes found)...[0m
scheduled max input!!!!
schedule: 10 level32_2/ijon_max/10
[1;94m[*] [0mFuzzing test case #582 (1202 total, 0 uniq crashes found)...[0m
scheduled max input!!!!
schedule: 8 level32_2/ijon_max/8
[1;94m[*] [0mFuzzing test case #583 (1202 total, 0 uniq crashes found)...[0m
scheduled max input!!!!
schedule: 9 level32_2/ijon_max/9
[1;94m[*] [0mFuzzing test case #584 (1202 total, 0 uniq crashes found)...[0m
scheduled max input!!!!
schedule: 10 level32_2/ijon_max/10
[1;94m[*] [0mFuzzing test case #585 (1202 total, 0 uniq crashes found)...[0m
scheduled max input!!!!
schedule: 12 level32_2/ijon_max/12
[1;94m[*] [0mFuzzing test case #586 (1202 total, 0 uniq crashes found)...[0m
scheduled max input!!!!
schedule: 8 level32_2/ijon_max/8
[1;94m[*] [0mFuzzing test case #587 (1203 total, 0 uniq crashes found)...[0m
[1;94m[*] [0mFuzzing test case #588 (1203 total, 0 uniq crashes found)...[0m
[1;94m[*] [0mFuzzing test case #589 (1203 total, 0 uniq crashes found)...[0m
scheduled max input!!!!
schedule: 15 level32_2/ijon_max/15
[1;94m[*] [0mFuzzing test case #590 (1203 total, 0 uniq crashes found)...[0m
scheduled max input!!!!
schedule: 4 level32_2/ijon_max/4
[1;94m[*] [0mFuzzing test case #591 (1203 total, 0 uniq crashes found)...[0m
scheduled max input!!!!
schedule: 12 level32_2/ijon_max/12
[1;94m[*] [0mFuzzing test case #592 (1203 total, 0 uniq crashes found)...[0m
scheduled max input!!!!
schedule: 6 level32_2/ijon_max/6
updated maxmap 7: 4b2 (len: 594)
[1;94m[*] [0mFuzzing test case #593 (1203 total, 0 uniq crashes found)...[0m
scheduled max input!!!!
schedule: 15 level32_2/ijon_max/15
[1;94m[*] [0mFuzzing test case #594 (1203 total, 0 uniq crashes found)...[0m
scheduled max input!!!!
schedule: 2 level32_2/ijon_max/2
[1;94m[*] [0mFuzzing test case #595 (1203 total, 0 uniq crashes found)...[0m
scheduled max input!!!!
schedule: 4 level32_2/ijon_max/4
[1;94m[*] [0mFuzzing test case #596 (1203 total, 0 uniq crashes found)...[0m
scheduled max input!!!!
schedule: 6 level32_2/ijon_max/6
[1;94m[*] [0mFuzzing test case #597 (1203 total, 0 uniq crashes found)...[0m
scheduled max input!!!!
schedule: 10 level32_2/ijon_max/10
[1;94m[*] [0mFuzzing test case #598 (1203 total, 0 uniq crashes found)...[0m
scheduled max input!!!!
schedule: 3 level32_2/ijon_max/3
[1;94m[*] [0mFuzzing test case #599 (1203 total, 0 uniq crashes found)...[0m
scheduled max input!!!!
schedule: 6 level32_2/ijon_max/6
[1;94m[*] [0mFuzzing test case #600 (1203 total, 0 uniq crashes found)...[0m
scheduled max input!!!!
schedule: 0 level32_2/ijon_max/0
[1;94m[*] [0mFuzzing test case #601 (1203 total, 0 uniq crashes found)...[0m
scheduled max input!!!!
schedule: 0 level32_2/ijon_max/0
[1;94m[*] [0mFuzzing test case #602 (1203 total, 0 uniq crashes found)...[0m
scheduled max input!!!!
schedule: 6 level32_2/ijon_max/6
updated maxmap 6: 4b5 (len: 591)
[1;94m[*] [0mFuzzing test case #603 (1204 total, 0 uniq crashes found)...[0m
scheduled max input!!!!
schedule: 7 level32_2/ijon_max/7
updated maxmap 7: 4b3 (len: 594)
updated maxmap 7: 4b4 (len: 594)
[1;94m[*] [0mFuzzing test case #604 (1204 total, 0 uniq crashes found)...[0m
scheduled max input!!!!
schedule: 14 level32_2/ijon_max/14
[1;94m[*] [0mFuzzing test case #605 (1204 total, 0 uniq crashes found)...[0m
scheduled max input!!!!
schedule: 6 level32_2/ijon_max/6
updated maxmap 8: 4b1 (len: 591)
[1;94m[*] [0mFuzzing test case #606 (1204 total, 0 uniq crashes found)...[0m
scheduled max input!!!!
schedule: 6 level32_2/ijon_max/6
updated maxmap 6: 4b6 (len: 591)
updated maxmap 6: 4b7 (len: 591)
updated maxmap 6: 4b8 (len: 591)
[1;94m[*] [0mFuzzing test case #607 (1204 total, 0 uniq crashes found)...[0m
scheduled max input!!!!
schedule: 5 level32_2/ijon_max/5
[1;94m[*] [0mFuzzing test case #608 (1204 total, 0 uniq crashes found)...[0m
[1;94m[*] [0mFuzzing test case #609 (1204 total, 0 uniq crashes found)...[0m
scheduled max input!!!!
schedule: 13 level32_2/ijon_max/13
[1;94m[*] [0mFuzzing test case #610 (1204 total, 0 uniq crashes found)...[0m
scheduled max input!!!!
schedule: 3 level32_2/ijon_max/3
[1;94m[*] [0mFuzzing test case #611 (1204 total, 0 uniq crashes found)...[0m
scheduled max input!!!!
schedule: 9 level32_2/ijon_max/9
[1;94m[*] [0mFuzzing test case #612 (1204 total, 0 uniq crashes found)...[0m
scheduled max input!!!!
schedule: 12 level32_2/ijon_max/12
[1;94m[*] [0mFuzzing test case #613 (1204 total, 0 uniq crashes found)...[0m
scheduled normal input!!!!
[1;94m[*] [0mFuzzing test case #614 (1204 total, 0 uniq crashes found)...[0m
[1;94m[*] [0mFuzzing test case #615 (1204 total, 0 uniq crashes found)...[0m
scheduled max input!!!!
schedule: 11 level32_2/ijon_max/11
[1;94m[*] [0mFuzzing test case #616 (1204 total, 0 uniq crashes found)...[0m
scheduled max input!!!!
schedule: 3 level32_2/ijon_max/3
[1;94m[*] [0mFuzzing test case #617 (1205 total, 0 uniq crashes found)...[0m
scheduled max input!!!!
schedule: 2 level32_2/ijon_max/2
[1;94m[*] [0mFuzzing test case #618 (1205 total, 0 uniq crashes found)...[0m
scheduled max input!!!!
schedule: 6 level32_2/ijon_max/6
[1;94m[*] [0mFuzzing test case #619 (1205 total, 0 uniq crashes found)...[0m
scheduled max input!!!!
schedule: 10 level32_2/ijon_max/10
[1;94m[*] [0mFuzzing test case #620 (1205 total, 0 uniq crashes found)...[0m
scheduled max input!!!!
schedule: 7 level32_2/ijon_max/7
[1;94m[*] [0mFuzzing test case #621 (1205 total, 0 uniq crashes found)...[0m
scheduled max input!!!!
schedule: 0 level32_2/ijon_max/0
[1;94m[*] [0mFuzzing test case #622 (1205 total, 0 uniq crashes found)...[0m
scheduled max input!!!!
schedule: 3 level32_2/ijon_max/3
[1;94m[*] [0mFuzzing test case #623 (1205 total, 0 uniq crashes found)...[0m
scheduled max input!!!!
schedule: 3 level32_2/ijon_max/3
[1;94m[*] [0mFuzzing test case #624 (1205 total, 0 uniq crashes found)...[0m
scheduled max input!!!!
schedule: 15 level32_2/ijon_max/15
[1;94m[*] [0mFuzzing test case #625 (1205 total, 0 uniq crashes found)...[0m
scheduled max input!!!!
schedule: 10 level32_2/ijon_max/10
[1;94m[*] [0mFuzzing test case #626 (1205 total, 0 uniq crashes found)...[0m
scheduled max input!!!!
schedule: 9 level32_2/ijon_max/9
[1;94m[*] [0mFuzzing test case #627 (1205 total, 0 uniq crashes found)...[0m
scheduled max input!!!!
schedule: 4 level32_2/ijon_max/4
[1;94m[*] [0mFuzzing test case #628 (1205 total, 0 uniq crashes found)...[0m
scheduled max input!!!!
schedule: 13 level32_2/ijon_max/13
[1;94m[*] [0mFuzzing test case #629 (1205 total, 0 uniq crashes found)...[0m
[1;94m[*] [0mFuzzing test case #630 (1205 total, 0 uniq crashes found)...[0m
scheduled max input!!!!
schedule: 8 level32_2/ijon_max/8
[1;94m[*] [0mFuzzing test case #631 (1205 total, 0 uniq crashes found)...[0m
scheduled max input!!!!
schedule: 14 level32_2/ijon_max/14
[1;94m[*] [0mFuzzing test case #632 (1205 total, 0 uniq crashes found)...[0m
scheduled max input!!!!
schedule: 12 level32_2/ijon_max/12
[1;94m[*] [0mFuzzing test case #633 (1205 total, 0 uniq crashes found)...[0m
scheduled max input!!!!
schedule: 0 level32_2/ijon_max/0
[1;94m[*] [0mFuzzing test case #634 (1205 total, 0 uniq crashes found)...[0m
scheduled max input!!!!
schedule: 5 level32_2/ijon_max/5
[1;94m[*] [0mFuzzing test case #635 (1205 total, 0 uniq crashes found)...[0m
scheduled max input!!!!
schedule: 6 level32_2/ijon_max/6
[1;94m[*] [0mFuzzing test case #636 (1205 total, 0 uniq crashes found)...[0m
scheduled max input!!!!
schedule: 0 level32_2/ijon_max/0
[1;94m[*] [0mFuzzing test case #637 (1205 total, 0 uniq crashes found)...[0m
scheduled max input!!!!
schedule: 11 level32_2/ijon_max/11
[1;94m[*] [0mFuzzing test case #638 (1205 total, 0 uniq crashes found)...[0m
scheduled max input!!!!
schedule: 13 level32_2/ijon_max/13
[1;94m[*] [0mFuzzing test case #639 (1205 total, 0 uniq crashes found)...[0m
[1;94m[*] [0mFuzzing test case #640 (1205 total, 0 uniq crashes found)...[0m
scheduled max input!!!!
schedule: 15 level32_2/ijon_max/15
[1;94m[*] [0mFuzzing test case #641 (1205 total, 0 uniq crashes found)...[0m
[1;94m[*] [0mFuzzing test case #642 (1205 total, 0 uniq crashes found)...[0m
scheduled max input!!!!
schedule: 13 level32_2/ijon_max/13
[1;94m[*] [0mFuzzing test case #643 (1205 total, 0 uniq crashes found)...[0m
scheduled max input!!!!
schedule: 15 level32_2/ijon_max/15
[1;94m[*] [0mFuzzing test case #644 (1205 total, 0 uniq crashes found)...[0m
scheduled max input!!!!
schedule: 3 level32_2/ijon_max/3
[1;94m[*] [0mFuzzing test case #645 (1205 total, 0 uniq crashes found)...[0m
scheduled max input!!!!
schedule: 8 level32_2/ijon_max/8
[1;94m[*] [0mFuzzing test case #646 (1205 total, 0 uniq crashes found)...[0m
scheduled max input!!!!
schedule: 8 level32_2/ijon_max/8
[1;94m[*] [0mFuzzing test case #647 (1205 total, 0 uniq crashes found)...[0m
scheduled max input!!!!
schedule: 15 level32_2/ijon_max/15
[1;94m[*] [0mFuzzing test case #648 (1205 total, 0 uniq crashes found)...[0m
[1;94m[*] [0mFuzzing test case #649 (1205 total, 0 uniq crashes found)...[0m
scheduled max input!!!!
schedule: 2 level32_2/ijon_max/2
[1;94m[*] [0mFuzzing test case #650 (1205 total, 0 uniq crashes found)...[0m
scheduled max input!!!!
schedule: 10 level32_2/ijon_max/10
[1;94m[*] [0mFuzzing test case #651 (1205 total, 0 uniq crashes found)...[0m
scheduled max input!!!!
schedule: 5 level32_2/ijon_max/5
[1;94m[*] [0mFuzzing test case #652 (1205 total, 0 uniq crashes found)...[0m
scheduled max input!!!!
schedule: 12 level32_2/ijon_max/12
[1;94m[*] [0mFuzzing test case #653 (1205 total, 0 uniq crashes found)...[0m
scheduled max input!!!!
schedule: 14 level32_2/ijon_max/14
[1;94m[*] [0mFuzzing test case #654 (1205 total, 0 uniq crashes found)...[0m
scheduled max input!!!!
schedule: 15 level32_2/ijon_max/15
[1;94m[*] [0mFuzzing test case #655 (1205 total, 0 uniq crashes found)...[0m
scheduled max input!!!!
schedule: 6 level32_2/ijon_max/6
updated maxmap 4: 4b3 (len: 591)
[1;94m[*] [0mFuzzing test case #656 (1207 total, 0 uniq crashes found)...[0m
scheduled max input!!!!
schedule: 0 level32_2/ijon_max/0
[1;94m[*] [0mFuzzing test case #657 (1207 total, 0 uniq crashes found)...[0m
[1;94m[*] [0mFuzzing test case #658 (1207 total, 0 uniq crashes found)...[0m
scheduled max input!!!!
schedule: 3 level32_2/ijon_max/3
[1;94m[*] [0mFuzzing test case #659 (1207 total, 0 uniq crashes found)...[0m
scheduled max input!!!!
schedule: 8 level32_2/ijon_max/8
[1;94m[*] [0mFuzzing test case #660 (1207 total, 0 uniq crashes found)...[0m
scheduled max input!!!!
schedule: 6 level32_2/ijon_max/6
[1;94m[*] [0mFuzzing test case #661 (1207 total, 0 uniq crashes found)...[0m
[1;94m[*] [0mFuzzing test case #662 (1207 total, 0 uniq crashes found)...[0m
scheduled max input!!!!
schedule: 12 level32_2/ijon_max/12
[1;94m[*] [0mFuzzing test case #663 (1207 total, 0 uniq crashes found)...[0m
[1;94m[*] [0mFuzzing test case #664 (1207 total, 0 uniq crashes found)...[0m
[1;94m[*] [0mFuzzing test case #665 (1207 total, 0 uniq crashes found)...[0m
scheduled max input!!!!
schedule: 13 level32_2/ijon_max/13
[1;94m[*] [0mFuzzing test case #666 (1207 total, 0 uniq crashes found)...[0m
scheduled max input!!!!
schedule: 5 level32_2/ijon_max/5
[1;94m[*] [0mFuzzing test case #667 (1207 total, 0 uniq crashes found)...[0m
[1;94m[*] [0mFuzzing test case #668 (1207 total, 0 uniq crashes found)...[0m
scheduled max input!!!!
schedule: 3 level32_2/ijon_max/3
[1;94m[*] [0mFuzzing test case #669 (1207 total, 0 uniq crashes found)...[0m
scheduled max input!!!!
schedule: 13 level32_2/ijon_max/13
[1;94m[*] [0mFuzzing test case #670 (1207 total, 0 uniq crashes found)...[0m
scheduled max input!!!!
schedule: 0 level32_2/ijon_max/0
[1;94m[*] [0mFuzzing test case #671 (1207 total, 0 uniq crashes found)...[0m
scheduled max input!!!!
schedule: 13 level32_2/ijon_max/13
[1;94m[*] [0mFuzzing test case #672 (1207 total, 0 uniq crashes found)...[0m
scheduled max input!!!!
schedule: 11 level32_2/ijon_max/11
[1;94m[*] [0mFuzzing test case #673 (1207 total, 0 uniq crashes found)...[0m
scheduled max input!!!!
schedule: 0 level32_2/ijon_max/0
[1;94m[*] [0mFuzzing test case #674 (1207 total, 0 uniq crashes found)...[0m
scheduled max input!!!!
schedule: 10 level32_2/ijon_max/10
[1;94m[*] [0mFuzzing test case #675 (1207 total, 0 uniq crashes found)...[0m
scheduled max input!!!!
schedule: 0 level32_2/ijon_max/0
[1;94m[*] [0mFuzzing test case #676 (1207 total, 0 uniq crashes found)...[0m
scheduled max input!!!!
schedule: 0 level32_2/ijon_max/0
[1;94m[*] [0mFuzzing test case #677 (1207 total, 0 uniq crashes found)...[0m
scheduled max input!!!!
schedule: 14 level32_2/ijon_max/14
[1;94m[*] [0mFuzzing test case #678 (1207 total, 0 uniq crashes found)...[0m
scheduled max input!!!!
schedule: 7 level32_2/ijon_max/7
[1;94m[*] [0mFuzzing test case #679 (1207 total, 0 uniq crashes found)...[0m
scheduled max input!!!!
schedule: 2 level32_2/ijon_max/2
[1;94m[*] [0mFuzzing test case #680 (1207 total, 0 uniq crashes found)...[0m
scheduled max input!!!!
schedule: 12 level32_2/ijon_max/12
[1;94m[*] [0mFuzzing test case #681 (1207 total, 0 uniq crashes found)...[0m
scheduled max input!!!!
schedule: 12 level32_2/ijon_max/12
[1;94m[*] [0mFuzzing test case #682 (1207 total, 0 uniq crashes found)...[0m
scheduled max input!!!!
schedule: 13 level32_2/ijon_max/13
[1;94m[*] [0mFuzzing test case #683 (1207 total, 0 uniq crashes found)...[0m
[1;94m[*] [0mFuzzing test case #684 (1207 total, 0 uniq crashes found)...[0m
[1;94m[*] [0mFuzzing test case #685 (1207 total, 0 uniq crashes found)...[0m
scheduled max input!!!!
schedule: 9 level32_2/ijon_max/9
[1;94m[*] [0mFuzzing test case #686 (1207 total, 0 uniq crashes found)...[0m
scheduled max input!!!!
schedule: 3 level32_2/ijon_max/3
[1;94m[*] [0mFuzzing test case #687 (1207 total, 0 uniq crashes found)...[0m
scheduled max input!!!!
schedule: 8 level32_2/ijon_max/8
[1;94m[*] [0mFuzzing test case #688 (1207 total, 0 uniq crashes found)...[0m
scheduled max input!!!!
schedule: 9 level32_2/ijon_max/9
[1;94m[*] [0mFuzzing test case #689 (1209 total, 0 uniq crashes found)...[0m
scheduled max input!!!!
schedule: 4 level32_2/ijon_max/4
updated maxmap 4: 4b4 (len: 591)
updated maxmap 6: 4ba (len: 594)
updated maxmap 7: 4b9 (len: 594)
[1;94m[*] [0mFuzzing test case #690 (1209 total, 0 uniq crashes found)...[0m
scheduled max input!!!!
schedule: 7 level32_2/ijon_max/7
updated maxmap 7: 4ba (len: 594)
[1;94m[*] [0mFuzzing test case #691 (1209 total, 0 uniq crashes found)...[0m
scheduled max input!!!!
schedule: 4 level32_2/ijon_max/4
updated maxmap 5: 4b5 (len: 595)
[1;94m[*] [0mFuzzing test case #692 (1209 total, 0 uniq crashes found)...[0m
scheduled normal input!!!!
[1;94m[*] [0mFuzzing test case #693 (1209 total, 0 uniq crashes found)...[0m
scheduled max input!!!!
schedule: 11 level32_2/ijon_max/11
[1;94m[*] [0mFuzzing test case #694 (1209 total, 0 uniq crashes found)...[0m
scheduled max input!!!!
schedule: 11 level32_2/ijon_max/11
[1;94m[*] [0mFuzzing test case #695 (1209 total, 0 uniq crashes found)...[0m
scheduled max input!!!!
schedule: 5 level32_2/ijon_max/5
updated maxmap 5: 4b6 (len: 595)
updated maxmap 4: 4b5 (len: 595)
updated maxmap 4: 4b6 (len: 595)
updated maxmap 5: 4b7 (len: 595)
[1;94m[*] [0mFuzzing test case #696 (1209 total, 0 uniq crashes found)...[0m
[1;94m[*] [0mFuzzing test case #697 (1209 total, 0 uniq crashes found)...[0m
scheduled max input!!!!
schedule: 10 level32_2/ijon_max/10
[1;94m[*] [0mFuzzing test case #698 (1209 total, 0 uniq crashes found)...[0m
scheduled max input!!!!
schedule: 14 level32_2/ijon_max/14
[1;94m[*] [0mFuzzing test case #699 (1209 total, 0 uniq crashes found)...[0m
scheduled max input!!!!
schedule: 13 level32_2/ijon_max/13
[1;94m[*] [0mFuzzing test case #700 (1209 total, 0 uniq crashes found)...[0m
scheduled max input!!!!
schedule: 2 level32_2/ijon_max/2
[1;94m[*] [0mFuzzing test case #701 (1209 total, 0 uniq crashes found)...[0m
scheduled max input!!!!
schedule: 15 level32_2/ijon_max/15
[1;94m[*] [0mFuzzing test case #702 (1209 total, 0 uniq crashes found)...[0m
scheduled max input!!!!
schedule: 2 level32_2/ijon_max/2
[1;94m[*] [0mFuzzing test case #703 (1209 total, 0 uniq crashes found)...[0m
[1;94m[*] [0mFuzzing test case #704 (1209 total, 0 uniq crashes found)...[0m
scheduled max input!!!!
schedule: 5 level32_2/ijon_max/5
[1;94m[*] [0mFuzzing test case #705 (1209 total, 0 uniq crashes found)...[0m
scheduled max input!!!!
schedule: 14 level32_2/ijon_max/14
[1;94m[*] [0mFuzzing test case #706 (1209 total, 0 uniq crashes found)...[0m
[1;94m[*] [0mFuzzing test case #707 (1209 total, 0 uniq crashes found)...[0m
scheduled max input!!!!
schedule: 10 level32_2/ijon_max/10
[1;94m[*] [0mFuzzing test case #708 (1209 total, 0 uniq crashes found)...[0m
[1;94m[*] [0mFuzzing test case #709 (1209 total, 0 uniq crashes found)...[0m
scheduled max input!!!!
schedule: 4 level32_2/ijon_max/4
[1;94m[*] [0mFuzzing test case #710 (1209 total, 0 uniq crashes found)...[0m
scheduled max input!!!!
schedule: 3 level32_2/ijon_max/3
[1;94m[*] [0mFuzzing test case #711 (1209 total, 0 uniq crashes found)...[0m
scheduled max input!!!!
schedule: 6 level32_2/ijon_max/6
updated maxmap 6: 4bb (len: 594)
updated maxmap 7: 4bb (len: 594)
[1;94m[*] [0mFuzzing test case #712 (1209 total, 0 uniq crashes found)...[0m
scheduled max input!!!!
schedule: 5 level32_2/ijon_max/5
updated maxmap 4: 4b7 (len: 595)
updated maxmap 5: 4b8 (len: 595)
[1;94m[*] [0mFuzzing test case #713 (1209 total, 0 uniq crashes found)...[0m
scheduled max input!!!!
schedule: 11 level32_2/ijon_max/11
[1;94m[*] [0mFuzzing test case #714 (1209 total, 0 uniq crashes found)...[0m
scheduled max input!!!!
schedule: 12 level32_2/ijon_max/12
[1;94m[*] [0mFuzzing test case #715 (1209 total, 0 uniq crashes found)...[0m
scheduled max input!!!!
schedule: 8 level32_2/ijon_max/8
updated maxmap 8: 4b2 (len: 592)
[1;94m[*] [0mFuzzing test case #716 (1209 total, 0 uniq crashes found)...[0m
scheduled max input!!!!
schedule: 11 level32_2/ijon_max/11
[1;94m[*] [0mFuzzing test case #717 (1209 total, 0 uniq crashes found)...[0m
scheduled max input!!!!
schedule: 0 level32_2/ijon_max/0
[1;94m[*] [0mFuzzing test case #718 (1209 total, 0 uniq crashes found)...[0m
scheduled max input!!!!
schedule: 5 level32_2/ijon_max/5
[1;94m[*] [0mFuzzing test case #719 (1209 total, 0 uniq crashes found)...[0m
scheduled max input!!!!
schedule: 9 level32_2/ijon_max/9
[1;94m[*] [0mFuzzing test case #720 (1209 total, 0 uniq crashes found)...[0m
[1;94m[*] [0mFuzzing test case #721 (1209 total, 0 uniq crashes found)...[0m
scheduled max input!!!!
schedule: 4 level32_2/ijon_max/4
[1;94m[*] [0mFuzzing test case #722 (1211 total, 0 uniq crashes found)...[0m
scheduled max input!!!!
schedule: 9 level32_2/ijon_max/9
[1;94m[*] [0mFuzzing test case #723 (1211 total, 0 uniq crashes found)...[0m
[1;94m[*] [0mFuzzing test case #724 (1211 total, 0 uniq crashes found)...[0m
scheduled max input!!!!
schedule: 14 level32_2/ijon_max/14
[1;94m[*] [0mFuzzing test case #725 (1211 total, 0 uniq crashes found)...[0m
scheduled max input!!!!
schedule: 7 level32_2/ijon_max/7
[1;94m[*] [0mFuzzing test case #726 (1211 total, 0 uniq crashes found)...[0m
scheduled max input!!!!
schedule: 13 level32_2/ijon_max/13
[1;94m[*] [0mFuzzing test case #727 (1211 total, 0 uniq crashes found)...[0m
scheduled max input!!!!
schedule: 15 level32_2/ijon_max/15
[1;94m[*] [0mFuzzing test case #728 (1211 total, 0 uniq crashes found)...[0m
scheduled max input!!!!
schedule: 0 level32_2/ijon_max/0
[1;94m[*] [0mFuzzing test case #729 (1211 total, 0 uniq crashes found)...[0m
[1;94m[*] [0mFuzzing test case #730 (1211 total, 0 uniq crashes found)...[0m
scheduled max input!!!!
schedule: 8 level32_2/ijon_max/8
[1;94m[*] [0mFuzzing test case #731 (1211 total, 0 uniq crashes found)...[0m
scheduled max input!!!!
schedule: 8 level32_2/ijon_max/8
[1;94m[*] [0mFuzzing test case #732 (1211 total, 0 uniq crashes found)...[0m
scheduled max input!!!!
schedule: 12 level32_2/ijon_max/12
[1;94m[*] [0mFuzzing test case #733 (1211 total, 0 uniq crashes found)...[0m
scheduled max input!!!!
schedule: 2 level32_2/ijon_max/2
[1;94m[*] [0mFuzzing test case #734 (1211 total, 0 uniq crashes found)...[0m
[1;94m[*] [0mFuzzing test case #735 (1211 total, 0 uniq crashes found)...[0m
scheduled max input!!!!
schedule: 15 level32_2/ijon_max/15
[1;94m[*] [0mFuzzing test case #736 (1211 total, 0 uniq crashes found)...[0m
scheduled max input!!!!
schedule: 4 level32_2/ijon_max/4
[1;94m[*] [0mFuzzing test case #737 (1211 total, 0 uniq crashes found)...[0m
scheduled max input!!!!
schedule: 9 level32_2/ijon_max/9
[1;94m[*] [0mFuzzing test case #738 (1211 total, 0 uniq crashes found)...[0m
scheduled max input!!!!
schedule: 3 level32_2/ijon_max/3
[1;94m[*] [0mFuzzing test case #739 (1211 total, 0 uniq crashes found)...[0m
scheduled max input!!!!
schedule: 6 level32_2/ijon_max/6
[1;94m[*] [0mFuzzing test case #740 (1211 total, 0 uniq crashes found)...[0m
scheduled max input!!!!
schedule: 13 level32_2/ijon_max/13
[1;94m[*] [0mFuzzing test case #741 (1211 total, 0 uniq crashes found)...[0m
[1;94m[*] [0mFuzzing test case #742 (1211 total, 0 uniq crashes found)...[0m
scheduled max input!!!!
schedule: 8 level32_2/ijon_max/8
[1;94m[*] [0mFuzzing test case #743 (1211 total, 0 uniq crashes found)...[0m
[1;94m[*] [0mFuzzing test case #744 (1211 total, 0 uniq crashes found)...[0m
scheduled max input!!!!
schedule: 8 level32_2/ijon_max/8
[1;94m[*] [0mFuzzing test case #745 (1211 total, 0 uniq crashes found)...[0m
scheduled max input!!!!
schedule: 14 level32_2/ijon_max/14
[1;94m[*] [0mFuzzing test case #746 (1211 total, 0 uniq crashes found)...[0m
scheduled max input!!!!
schedule: 2 level32_2/ijon_max/2
[1;94m[*] [0mFuzzing test case #747 (1211 total, 0 uniq crashes found)...[0m
scheduled max input!!!!
schedule: 0 level32_2/ijon_max/0
[1;94m[*] [0mFuzzing test case #748 (1211 total, 0 uniq crashes found)...[0m
[1;94m[*] [0mFuzzing test case #749 (1211 total, 0 uniq crashes found)...[0m
scheduled max input!!!!
schedule: 5 level32_2/ijon_max/5
[1;94m[*] [0mFuzzing test case #750 (1211 total, 0 uniq crashes found)...[0m
[1;94m[*] [0mFuzzing test case #751 (1211 total, 0 uniq crashes found)...[0m
scheduled max input!!!!
schedule: 7 level32_2/ijon_max/7
[1;94m[*] [0mFuzzing test case #752 (1211 total, 0 uniq crashes found)...[0m
scheduled max input!!!!
schedule: 3 level32_2/ijon_max/3
[1;94m[*] [0mFuzzing test case #753 (1211 total, 0 uniq crashes found)...[0m
scheduled max input!!!!
schedule: 13 level32_2/ijon_max/13
[1;94m[*] [0mFuzzing test case #754 (1211 total, 0 uniq crashes found)...[0m
scheduled max input!!!!
schedule: 6 level32_2/ijon_max/6
[1;94m[*] [0mFuzzing test case #755 (1211 total, 0 uniq crashes found)...[0m
scheduled max input!!!!
schedule: 3 level32_2/ijon_max/3
[1;94m[*] [0mFuzzing test case #756 (1211 total, 0 uniq crashes found)...[0m
scheduled max input!!!!
schedule: 15 level32_2/ijon_max/15
[1;94m[*] [0mFuzzing test case #757 (1211 total, 0 uniq crashes found)...[0m
scheduled max input!!!!
schedule: 3 level32_2/ijon_max/3
[1;94m[*] [0mFuzzing test case #758 (1211 total, 0 uniq crashes found)...[0m
scheduled max input!!!!
schedule: 8 level32_2/ijon_max/8
[1;94m[*] [0mFuzzing test case #759 (1211 total, 0 uniq crashes found)...[0m
scheduled max input!!!!
schedule: 2 level32_2/ijon_max/2
[1;94m[*] [0mFuzzing test case #760 (1211 total, 0 uniq crashes found)...[0m
[1;94m[*] [0mFuzzing test case #761 (1211 total, 0 uniq crashes found)...[0m
scheduled max input!!!!
schedule: 6 level32_2/ijon_max/6
[1;94m[*] [0mFuzzing test case #762 (1211 total, 0 uniq crashes found)...[0m
scheduled max input!!!!
schedule: 15 level32_2/ijon_max/15
[1;94m[*] [0mFuzzing test case #763 (1211 total, 0 uniq crashes found)...[0m
scheduled max input!!!!
schedule: 12 level32_2/ijon_max/12
[1;94m[*] [0mFuzzing test case #764 (1211 total, 0 uniq crashes found)...[0m
[1;94m[*] [0mFuzzing test case #765 (1211 total, 0 uniq crashes found)...[0m
scheduled max input!!!!
schedule: 5 level32_2/ijon_max/5
[1;94m[*] [0mFuzzing test case #766 (1211 total, 0 uniq crashes found)...[0m
scheduled max input!!!!
schedule: 6 level32_2/ijon_max/6
[1;94m[*] [0mFuzzing test case #767 (1211 total, 0 uniq crashes found)...[0m
[1;94m[*] [0mFuzzing test case #768 (1211 total, 0 uniq crashes found)...[0m
scheduled max input!!!!
schedule: 12 level32_2/ijon_max/12
[1;94m[*] [0mFuzzing test case #769 (1211 total, 0 uniq crashes found)...[0m
scheduled max input!!!!
schedule: 13 level32_2/ijon_max/13
[1;94m[*] [0mFuzzing test case #770 (1211 total, 0 uniq crashes found)...[0m
scheduled max input!!!!
schedule: 14 level32_2/ijon_max/14
[1;94m[*] [0mFuzzing test case #771 (1211 total, 0 uniq crashes found)...[0m
scheduled max input!!!!
schedule: 0 level32_2/ijon_max/0
[1;94m[*] [0mFuzzing test case #772 (1211 total, 0 uniq crashes found)...[0m
[1;94m[*] [0mFuzzing test case #773 (1211 total, 0 uniq crashes found)...[0m
scheduled max input!!!!
schedule: 14 level32_2/ijon_max/14
[1;94m[*] [0mFuzzing test case #774 (1211 total, 0 uniq crashes found)...[0m
[1;94m[*] [0mFuzzing test case #775 (1211 total, 0 uniq crashes found)...[0m
scheduled max input!!!!
schedule: 4 level32_2/ijon_max/4
[1;94m[*] [0mFuzzing test case #776 (1211 total, 0 uniq crashes found)...[0m
scheduled max input!!!!
schedule: 12 level32_2/ijon_max/12
[1;94m[*] [0mFuzzing test case #777 (1211 total, 0 uniq crashes found)...[0m
scheduled max input!!!!
schedule: 11 level32_2/ijon_max/11
[1;94m[*] [0mFuzzing test case #778 (1211 total, 0 uniq crashes found)...[0m
scheduled max input!!!!
schedule: 0 level32_2/ijon_max/0
[1;94m[*] [0mFuzzing test case #779 (1211 total, 0 uniq crashes found)...[0m
[1;94m[*] [0mFuzzing test case #780 (1211 total, 0 uniq crashes found)...[0m
scheduled max input!!!!
schedule: 12 level32_2/ijon_max/12
[1;94m[*] [0mFuzzing test case #781 (1211 total, 0 uniq crashes found)...[0m
[1;94m[*] [0mFuzzing test case #782 (1211 total, 0 uniq crashes found)...[0m
scheduled max input!!!!
schedule: 14 level32_2/ijon_max/14
[1;94m[*] [0mFuzzing test case #783 (1211 total, 0 uniq crashes found)...[0m
[1;94m[*] [0mFuzzing test case #784 (1211 total, 0 uniq crashes found)...[0m
scheduled max input!!!!
schedule: 4 level32_2/ijon_max/4
[1;94m[*] [0mFuzzing test case #785 (1211 total, 0 uniq crashes found)...[0m
scheduled max input!!!!
schedule: 8 level32_2/ijon_max/8
[1;94m[*] [0mFuzzing test case #786 (1211 total, 0 uniq crashes found)...[0m
[1;94m[*] [0mFuzzing test case #787 (1211 total, 0 uniq crashes found)...[0m
[1;94m[*] [0mFuzzing test case #788 (1211 total, 0 uniq crashes found)...[0m
[1;94m[*] [0mFuzzing test case #789 (1211 total, 0 uniq crashes found)...[0m
scheduled max input!!!!
schedule: 8 level32_2/ijon_max/8
[1;94m[*] [0mFuzzing test case #790 (1211 total, 0 uniq crashes found)...[0m
scheduled max input!!!!
schedule: 2 level32_2/ijon_max/2
[1;94m[*] [0mFuzzing test case #791 (1211 total, 0 uniq crashes found)...[0m
scheduled max input!!!!
schedule: 13 level32_2/ijon_max/13
[1;94m[*] [0mFuzzing test case #792 (1211 total, 0 uniq crashes found)...[0m
[1;94m[*] [0mFuzzing test case #793 (1211 total, 0 uniq crashes found)...[0m
scheduled max input!!!!
schedule: 2 level32_2/ijon_max/2
[1;94m[*] [0mFuzzing test case #794 (1211 total, 0 uniq crashes found)...[0m
[1;94m[*] [0mFuzzing test case #795 (1211 total, 0 uniq crashes found)...[0m
scheduled max input!!!!
schedule: 0 level32_2/ijon_max/0
[1;94m[*] [0mFuzzing test case #796 (1211 total, 0 uniq crashes found)...[0m
scheduled max input!!!!
schedule: 5 level32_2/ijon_max/5
[1;94m[*] [0mFuzzing test case #797 (1211 total, 0 uniq crashes found)...[0m
scheduled max input!!!!
schedule: 15 level32_2/ijon_max/15
[1;94m[*] [0mFuzzing test case #798 (1211 total, 0 uniq crashes found)...[0m
[1;94m[*] [0mFuzzing test case #799 (1211 total, 0 uniq crashes found)...[0m
scheduled max input!!!!
schedule: 6 level32_2/ijon_max/6
[1;94m[*] [0mFuzzing test case #800 (1211 total, 0 uniq crashes found)...[0m
scheduled max input!!!!
schedule: 15 level32_2/ijon_max/15
[1;94m[*] [0mFuzzing test case #801 (1211 total, 0 uniq crashes found)...[0m
[1;94m[*] [0mFuzzing test case #802 (1211 total, 0 uniq crashes found)...[0m
scheduled max input!!!!
schedule: 6 level32_2/ijon_max/6
[1;94m[*] [0mFuzzing test case #803 (1211 total, 0 uniq crashes found)...[0m
scheduled max input!!!!
schedule: 6 level32_2/ijon_max/6
[1;94m[*] [0mFuzzing test case #804 (1212 total, 0 uniq crashes found)...[0m
scheduled max input!!!!
schedule: 8 level32_2/ijon_max/8
[1;94m[*] [0mFuzzing test case #805 (1212 total, 0 uniq crashes found)...[0m
scheduled max input!!!!
schedule: 7 level32_2/ijon_max/7
[1;94m[*] [0mFuzzing test case #806 (1212 total, 0 uniq crashes found)...[0m
scheduled max input!!!!
schedule: 4 level32_2/ijon_max/4
[1;94m[*] [0mFuzzing test case #807 (1212 total, 0 uniq crashes found)...[0m
scheduled max input!!!!
schedule: 9 level32_2/ijon_max/9
[1;94m[*] [0mFuzzing test case #808 (1212 total, 0 uniq crashes found)...[0m
scheduled max input!!!!
schedule: 12 level32_2/ijon_max/12
[1;94m[*] [0mFuzzing test case #809 (1212 total, 0 uniq crashes found)...[0m
scheduled max input!!!!
schedule: 11 level32_2/ijon_max/11
[1;94m[*] [0mFuzzing test case #810 (1212 total, 0 uniq crashes found)...[0m
scheduled max input!!!!
schedule: 2 level32_2/ijon_max/2
[1;94m[*] [0mFuzzing test case #811 (1212 total, 0 uniq crashes found)...[0m
scheduled max input!!!!
schedule: 9 level32_2/ijon_max/9
[1;94m[*] [0mFuzzing test case #812 (1212 total, 0 uniq crashes found)...[0m
[1;94m[*] [0mFuzzing test case #813 (1212 total, 0 uniq crashes found)...[0m
scheduled max input!!!!
schedule: 7 level32_2/ijon_max/7
[1;94m[*] [0mFuzzing test case #814 (1212 total, 0 uniq crashes found)...[0m
scheduled max input!!!!
schedule: 6 level32_2/ijon_max/6
[1;94m[*] [0mFuzzing test case #815 (1212 total, 0 uniq crashes found)...[0m
scheduled max input!!!!
schedule: 10 level32_2/ijon_max/10
[1;94m[*] [0mFuzzing test case #816 (1212 total, 0 uniq crashes found)...[0m
scheduled max input!!!!
schedule: 4 level32_2/ijon_max/4
[1;94m[*] [0mFuzzing test case #817 (1212 total, 0 uniq crashes found)...[0m
[1;94m[*] [0mFuzzing test case #818 (1212 total, 0 uniq crashes found)...[0m
scheduled max input!!!!
schedule: 5 level32_2/ijon_max/5
[1;94m[*] [0mFuzzing test case #819 (1212 total, 0 uniq crashes found)...[0m
scheduled max input!!!!
schedule: 2 level32_2/ijon_max/2
[1;94m[*] [0mFuzzing test case #820 (1212 total, 0 uniq crashes found)...[0m
scheduled max input!!!!
schedule: 6 level32_2/ijon_max/6
[1;94m[*] [0mFuzzing test case #821 (1212 total, 0 uniq crashes found)...[0m
scheduled max input!!!!
schedule: 11 level32_2/ijon_max/11
[1;94m[*] [0mFuzzing test case #822 (1212 total, 0 uniq crashes found)...[0m
scheduled max input!!!!
schedule: 11 level32_2/ijon_max/11
[1;94m[*] [0mFuzzing test case #823 (1212 total, 0 uniq crashes found)...[0m
scheduled max input!!!!
schedule: 15 level32_2/ijon_max/15
[1;94m[*] [0mFuzzing test case #824 (1212 total, 0 uniq crashes found)...[0m
scheduled max input!!!!
schedule: 6 level32_2/ijon_max/6
[1;94m[*] [0mFuzzing test case #825 (1212 total, 0 uniq crashes found)...[0m
scheduled max input!!!!
schedule: 9 level32_2/ijon_max/9
[1;94m[*] [0mFuzzing test case #826 (1213 total, 0 uniq crashes found)...[0m
scheduled max input!!!!
schedule: 7 level32_2/ijon_max/7
updated maxmap 8: 4b3 (len: 594)
updated maxmap 9: 4b2 (len: 594)
[1;94m[*] [0mFuzzing test case #827 (1213 total, 0 uniq crashes found)...[0m
scheduled max input!!!!
schedule: 10 level32_2/ijon_max/10
[1;94m[*] [0mFuzzing test case #828 (1213 total, 0 uniq crashes found)...[0m
scheduled max input!!!!
schedule: 9 level32_2/ijon_max/9
[1;94m[*] [0mFuzzing test case #829 (1213 total, 0 uniq crashes found)...[0m
[1;94m[*] [0mFuzzing test case #830 (1213 total, 0 uniq crashes found)...[0m
scheduled max input!!!!
schedule: 8 level32_2/ijon_max/8
[1;94m[*] [0mFuzzing test case #831 (1213 total, 0 uniq crashes found)...[0m
scheduled max input!!!!
schedule: 5 level32_2/ijon_max/5
[1;94m[*] [0mFuzzing test case #832 (1213 total, 0 uniq crashes found)...[0m
[1;94m[*] [0mFuzzing test case #833 (1213 total, 0 uniq crashes found)...[0m
scheduled max input!!!!
schedule: 13 level32_2/ijon_max/13
[1;94m[*] [0mFuzzing test case #834 (1213 total, 0 uniq crashes found)...[0m
[1;94m[*] [0mFuzzing test case #835 (1213 total, 0 uniq crashes found)...[0m
[1;94m[*] [0mFuzzing test case #836 (1213 total, 0 uniq crashes found)...[0m
scheduled max input!!!!
schedule: 9 level32_2/ijon_max/9
[1;94m[*] [0mFuzzing test case #837 (1213 total, 0 uniq crashes found)...[0m
scheduled max input!!!!
schedule: 7 level32_2/ijon_max/7
[1;94m[*] [0mFuzzing test case #838 (1213 total, 0 uniq crashes found)...[0m
scheduled max input!!!!
schedule: 4 level32_2/ijon_max/4
[1;94m[*] [0mFuzzing test case #839 (1213 total, 0 uniq crashes found)...[0m
scheduled max input!!!!
schedule: 5 level32_2/ijon_max/5
[1;94m[*] [0mFuzzing test case #840 (1213 total, 0 uniq crashes found)...[0m
scheduled max input!!!!
schedule: 7 level32_2/ijon_max/7
[1;94m[*] [0mFuzzing test case #841 (1213 total, 0 uniq crashes found)...[0m
scheduled max input!!!!
schedule: 11 level32_2/ijon_max/11
[1;94m[*] [0mFuzzing test case #842 (1213 total, 0 uniq crashes found)...[0m
scheduled max input!!!!
schedule: 4 level32_2/ijon_max/4
[1;94m[*] [0mFuzzing test case #843 (1213 total, 0 uniq crashes found)...[0m
[1;94m[*] [0mFuzzing test case #844 (1213 total, 0 uniq crashes found)...[0m
scheduled max input!!!!
schedule: 8 level32_2/ijon_max/8
[1;94m[*] [0mFuzzing test case #845 (1213 total, 0 uniq crashes found)...[0m
[1;94m[*] [0mFuzzing test case #846 (1213 total, 0 uniq crashes found)...[0m
[1;94m[*] [0mFuzzing test case #847 (1213 total, 0 uniq crashes found)...[0m
[1;94m[*] [0mFuzzing test case #848 (1213 total, 0 uniq crashes found)...[0m
scheduled max input!!!!
schedule: 14 level32_2/ijon_max/14
[1;94m[*] [0mFuzzing test case #849 (1213 total, 0 uniq crashes found)...[0m
scheduled max input!!!!
schedule: 8 level32_2/ijon_max/8
[1;94m[*] [0mFuzzing test case #850 (1213 total, 0 uniq crashes found)...[0m
scheduled max input!!!!
schedule: 6 level32_2/ijon_max/6
[1;94m[*] [0mFuzzing test case #851 (1213 total, 0 uniq crashes found)...[0m
scheduled max input!!!!
schedule: 5 level32_2/ijon_max/5
updated maxmap 5: 4bb (len: 599)
[1;94m[*] [0mFuzzing test case #852 (1213 total, 0 uniq crashes found)...[0m
scheduled max input!!!!
schedule: 2 level32_2/ijon_max/2
[1;94m[*] [0mFuzzing test case #853 (1213 total, 0 uniq crashes found)...[0m
scheduled max input!!!!
schedule: 0 level32_2/ijon_max/0
[1;94m[*] [0mFuzzing test case #854 (1213 total, 0 uniq crashes found)...[0m
scheduled max input!!!!
schedule: 8 level32_2/ijon_max/8
[1;94m[*] [0mFuzzing test case #855 (1213 total, 0 uniq crashes found)...[0m
scheduled max input!!!!
schedule: 6 level32_2/ijon_max/6
updated maxmap 4: 4b8 (len: 594)
[1;94m[*] [0mFuzzing test case #856 (1214 total, 0 uniq crashes found)...[0m
scheduled max input!!!!
schedule: 3 level32_2/ijon_max/3
[1;94m[*] [0mFuzzing test case #857 (1215 total, 0 uniq crashes found)...[0m
[1;94m[*] [0mFuzzing test case #858 (1215 total, 0 uniq crashes found)...[0m
[1;94m[*] [0mFuzzing test case #859 (1215 total, 0 uniq crashes found)...[0m
scheduled max input!!!!
schedule: 3 level32_2/ijon_max/3
[1;94m[*] [0mFuzzing test case #860 (1215 total, 0 uniq crashes found)...[0m
scheduled max input!!!!
schedule: 5 level32_2/ijon_max/5
[1;94m[*] [0mFuzzing test case #861 (1215 total, 0 uniq crashes found)...[0m
scheduled max input!!!!
schedule: 6 level32_2/ijon_max/6
[1;94m[*] [0mFuzzing test case #862 (1215 total, 0 uniq crashes found)...[0m
scheduled max input!!!!
schedule: 14 level32_2/ijon_max/14
[1;94m[*] [0mFuzzing test case #863 (1215 total, 0 uniq crashes found)...[0m
scheduled max input!!!!
schedule: 5 level32_2/ijon_max/5
updated maxmap 6: 4bd (len: 603)
updated maxmap 5: 4bc (len: 602)
updated maxmap 6: 4c0 (len: 602)
minimized maxmap 5: 4bc (len: 599)
[1;94m[*] [0mFuzzing test case #864 (1216 total, 0 uniq crashes found)...[0m
scheduled max input!!!!
schedule: 9 level32_2/ijon_max/9
[1;94m[*] [0mFuzzing test case #865 (1216 total, 0 uniq crashes found)...[0m
scheduled max input!!!!
schedule: 9 level32_2/ijon_max/9
[1;94m[*] [0mFuzzing test case #866 (1216 total, 0 uniq crashes found)...[0m
[1;94m[*] [0mFuzzing test case #867 (1216 total, 0 uniq crashes found)...[0m
[1;94m[*] [0mFuzzing test case #868 (1216 total, 0 uniq crashes found)...[0m
scheduled max input!!!!
schedule: 5 level32_2/ijon_max/5
[1;94m[*] [0mFuzzing test case #869 (1216 total, 0 uniq crashes found)...[0m
scheduled max input!!!!
schedule: 14 level32_2/ijon_max/14
[1;94m[*] [0mFuzzing test case #870 (1216 total, 0 uniq crashes found)...[0m
scheduled max input!!!!
schedule: 6 level32_2/ijon_max/6
[1;94m[*] [0mFuzzing test case #871 (1216 total, 0 uniq crashes found)...[0m
scheduled max input!!!!
schedule: 7 level32_2/ijon_max/7
[1;94m[*] [0mFuzzing test case #872 (1216 total, 0 uniq crashes found)...[0m
scheduled max input!!!!
schedule: 15 level32_2/ijon_max/15
[1;94m[*] [0mFuzzing test case #873 (1216 total, 0 uniq crashes found)...[0m
scheduled max input!!!!
schedule: 15 level32_2/ijon_max/15
[1;94m[*] [0mFuzzing test case #874 (1216 total, 0 uniq crashes found)...[0m
scheduled max input!!!!
schedule: 8 level32_2/ijon_max/8
[1;94m[*] [0mFuzzing test case #875 (1216 total, 0 uniq crashes found)...[0m
scheduled max input!!!!
schedule: 4 level32_2/ijon_max/4
updated maxmap 4: 4b9 (len: 594)
[1;94m[*] [0mFuzzing test case #876 (1216 total, 0 uniq crashes found)...[0m
scheduled max input!!!!
schedule: 13 level32_2/ijon_max/13
[1;94m[*] [0mFuzzing test case #877 (1216 total, 0 uniq crashes found)...[0m
scheduled max input!!!!
schedule: 8 level32_2/ijon_max/8
[1;94m[*] [0mFuzzing test case #878 (1216 total, 0 uniq crashes found)...[0m
scheduled max input!!!!
schedule: 8 level32_2/ijon_max/8
[1;94m[*] [0mFuzzing test case #879 (1216 total, 0 uniq crashes found)...[0m
scheduled max input!!!!
schedule: 15 level32_2/ijon_max/15
[1;94m[*] [0mFuzzing test case #880 (1216 total, 0 uniq crashes found)...[0m
[1;94m[*] [0mFuzzing test case #881 (1216 total, 0 uniq crashes found)...[0m
scheduled max input!!!!
schedule: 6 level32_2/ijon_max/6
[1;94m[*] [0mFuzzing test case #882 (1216 total, 0 uniq crashes found)...[0m
scheduled max input!!!!
schedule: 5 level32_2/ijon_max/5
[1;94m[*] [0mFuzzing test case #883 (1218 total, 0 uniq crashes found)...[0m
scheduled max input!!!!
schedule: 0 level32_2/ijon_max/0
[1;94m[*] [0mFuzzing test case #884 (1218 total, 0 uniq crashes found)...[0m
[1;94m[*] [0mFuzzing test case #885 (1218 total, 0 uniq crashes found)...[0m
[1;94m[*] [0mFuzzing test case #886 (1218 total, 0 uniq crashes found)...[0m
scheduled max input!!!!
schedule: 10 level32_2/ijon_max/10
[1;94m[*] [0mFuzzing test case #887 (1218 total, 0 uniq crashes found)...[0m
scheduled max input!!!!
schedule: 9 level32_2/ijon_max/9
[1;94m[*] [0mFuzzing test case #888 (1218 total, 0 uniq crashes found)...[0m
scheduled max input!!!!
schedule: 5 level32_2/ijon_max/5
[1;94m[*] [0mFuzzing test case #889 (1218 total, 0 uniq crashes found)...[0m
scheduled max input!!!!
schedule: 9 level32_2/ijon_max/9
[1;94m[*] [0mFuzzing test case #890 (1218 total, 0 uniq crashes found)...[0m
scheduled max input!!!!
schedule: 12 level32_2/ijon_max/12
[1;94m[*] [0mFuzzing test case #891 (1218 total, 0 uniq crashes found)...[0m
scheduled max input!!!!
schedule: 6 level32_2/ijon_max/6
[1;94m[*] [0mFuzzing test case #892 (1218 total, 0 uniq crashes found)...[0m
scheduled max input!!!!
schedule: 7 level32_2/ijon_max/7
[1;94m[*] [0mFuzzing test case #893 (1218 total, 0 uniq crashes found)...[0m
scheduled max input!!!!
schedule: 14 level32_2/ijon_max/14
[1;94m[*] [0mFuzzing test case #894 (1218 total, 0 uniq crashes found)...[0m
scheduled max input!!!!
schedule: 10 level32_2/ijon_max/10
[1;94m[*] [0mFuzzing test case #895 (1218 total, 0 uniq crashes found)...[0m
[1;94m[*] [0mFuzzing test case #896 (1218 total, 0 uniq crashes found)...[0m
scheduled max input!!!!
schedule: 4 level32_2/ijon_max/4
[1;94m[*] [0mFuzzing test case #897 (1218 total, 0 uniq crashes found)...[0m
scheduled max input!!!!
schedule: 13 level32_2/ijon_max/13
[1;94m[*] [0mFuzzing test case #898 (1218 total, 0 uniq crashes found)...[0m
scheduled max input!!!!
schedule: 9 level32_2/ijon_max/9
[1;94m[*] [0mFuzzing test case #899 (1218 total, 0 uniq crashes found)...[0m
scheduled max input!!!!
schedule: 5 level32_2/ijon_max/5
updated maxmap 6: 4c1 (len: 606)
[1;94m[*] [0mFuzzing test case #900 (1218 total, 0 uniq crashes found)...[0m
scheduled max input!!!!
schedule: 12 level32_2/ijon_max/12
[1;94m[*] [0mFuzzing test case #901 (1218 total, 0 uniq crashes found)...[0m
scheduled max input!!!!
schedule: 3 level32_2/ijon_max/3
[1;94m[*] [0mFuzzing test case #902 (1218 total, 0 uniq crashes found)...[0m
scheduled max input!!!!
schedule: 5 level32_2/ijon_max/5
updated maxmap 4: 4ba (len: 599)
updated maxmap 5: 4bd (len: 599)
updated maxmap 5: 4be (len: 599)
[1;94m[*] [0mFuzzing test case #903 (1218 total, 0 uniq crashes found)...[0m
scheduled max input!!!!
schedule: 7 level32_2/ijon_max/7
[1;94m[*] [0mFuzzing test case #904 (1218 total, 0 uniq crashes found)...[0m
scheduled max input!!!!
schedule: 15 level32_2/ijon_max/15
[1;94m[*] [0mFuzzing test case #905 (1218 total, 0 uniq crashes found)...[0m
[1;94m[*] [0mFuzzing test case #906 (1218 total, 0 uniq crashes found)...[0m
scheduled max input!!!!
schedule: 0 level32_2/ijon_max/0
[1;94m[*] [0mFuzzing test case #907 (1218 total, 0 uniq crashes found)...[0m
scheduled max input!!!!
schedule: 8 level32_2/ijon_max/8
[1;94m[*] [0mFuzzing test case #908 (1218 total, 0 uniq crashes found)...[0m
scheduled max input!!!!
schedule: 11 level32_2/ijon_max/11
[1;94m[*] [0mFuzzing test case #909 (1218 total, 0 uniq crashes found)...[0m
[1;94m[*] [0mFuzzing test case #910 (1218 total, 0 uniq crashes found)...[0m
[1;94m[*] [0mFuzzing test case #911 (1218 total, 0 uniq crashes found)...[0m
scheduled max input!!!!
schedule: 3 level32_2/ijon_max/3
[1;94m[*] [0mFuzzing test case #912 (1218 total, 0 uniq crashes found)...[0m
scheduled max input!!!!
schedule: 0 level32_2/ijon_max/0
[1;94m[*] [0mFuzzing test case #913 (1218 total, 0 uniq crashes found)...[0m
[1;94m[*] [0mFuzzing test case #914 (1218 total, 0 uniq crashes found)...[0m
[1;94m[*] [0mFuzzing test case #915 (1218 total, 0 uniq crashes found)...[0m
[1;94m[*] [0mFuzzing test case #916 (1218 total, 0 uniq crashes found)...[0m
[1;94m[*] [0mFuzzing test case #917 (1218 total, 0 uniq crashes found)...[0m
scheduled max input!!!!
schedule: 0 level32_2/ijon_max/0
[1;94m[*] [0mFuzzing test case #918 (1218 total, 0 uniq crashes found)...[0m
[1;94m[*] [0mFuzzing test case #919 (1218 total, 0 uniq crashes found)...[0m
[1;94m[*] [0mFuzzing test case #920 (1218 total, 0 uniq crashes found)...[0m
scheduled max input!!!!
schedule: 3 level32_2/ijon_max/3
[1;94m[*] [0mFuzzing test case #921 (1218 total, 0 uniq crashes found)...[0m
scheduled max input!!!!
schedule: 6 level32_2/ijon_max/6
updated maxmap 7: 4c2 (len: 610)
[1;94m[*] [0mFuzzing test case #922 (1218 total, 0 uniq crashes found)...[0m
scheduled max input!!!!
schedule: 3 level32_2/ijon_max/3
[1;94m[*] [0mFuzzing test case #923 (1218 total, 0 uniq crashes found)...[0m
scheduled max input!!!!
schedule: 3 level32_2/ijon_max/3
[1;94m[*] [0mFuzzing test case #924 (1218 total, 0 uniq crashes found)...[0m
scheduled max input!!!!
schedule: 9 level32_2/ijon_max/9
[1;94m[*] [0mFuzzing test case #925 (1218 total, 0 uniq crashes found)...[0m
[1;94m[*] [0mFuzzing test case #926 (1218 total, 0 uniq crashes found)...[0m
[1;94m[*] [0mFuzzing test case #927 (1218 total, 0 uniq crashes found)...[0m
[1;94m[*] [0mFuzzing test case #928 (1218 total, 0 uniq crashes found)...[0m
[1;94m[*] [0mFuzzing test case #929 (1218 total, 0 uniq crashes found)...[0m
scheduled max input!!!!
schedule: 0 level32_2/ijon_max/0
[1;94m[*] [0mFuzzing test case #930 (1218 total, 0 uniq crashes found)...[0m
scheduled max input!!!!
schedule: 6 level32_2/ijon_max/6
[1;94m[*] [0mFuzzing test case #931 (1218 total, 0 uniq crashes found)...[0m
[1;94m[*] [0mFuzzing test case #932 (1218 total, 0 uniq crashes found)...[0m
scheduled max input!!!!
schedule: 6 level32_2/ijon_max/6
[1;94m[*] [0mFuzzing test case #933 (1218 total, 0 uniq crashes found)...[0m
[1;94m[*] [0mFuzzing test case #934 (1218 total, 0 uniq crashes found)...[0m
scheduled max input!!!!
schedule: 15 level32_2/ijon_max/15
[1;94m[*] [0mFuzzing test case #935 (1218 total, 0 uniq crashes found)...[0m
[1;94m[*] [0mFuzzing test case #936 (1218 total, 0 uniq crashes found)...[0m
scheduled max input!!!!
schedule: 3 level32_2/ijon_max/3
[1;94m[*] [0mFuzzing test case #937 (1218 total, 0 uniq crashes found)...[0m
scheduled max input!!!!
schedule: 4 level32_2/ijon_max/4
[1;94m[*] [0mFuzzing test case #938 (1218 total, 0 uniq crashes found)...[0m
scheduled max input!!!!
schedule: 11 level32_2/ijon_max/11
[1;94m[*] [0mFuzzing test case #939 (1218 total, 0 uniq crashes found)...[0m
scheduled max input!!!!
schedule: 13 level32_2/ijon_max/13
[1;94m[*] [0mFuzzing test case #940 (1218 total, 0 uniq crashes found)...[0m
[1;94m[*] [0mFuzzing test case #941 (1218 total, 0 uniq crashes found)...[0m
scheduled max input!!!!
schedule: 8 level32_2/ijon_max/8
[1;94m[*] [0mFuzzing test case #942 (1218 total, 0 uniq crashes found)...[0m
scheduled max input!!!!
schedule: 14 level32_2/ijon_max/14
[1;94m[*] [0mFuzzing test case #943 (1218 total, 0 uniq crashes found)...[0m
scheduled max input!!!!
schedule: 14 level32_2/ijon_max/14
[1;94m[*] [0mFuzzing test case #944 (1218 total, 0 uniq crashes found)...[0m
scheduled max input!!!!
schedule: 12 level32_2/ijon_max/12
[1;94m[*] [0mFuzzing test case #945 (1218 total, 0 uniq crashes found)...[0m
scheduled max input!!!!
schedule: 5 level32_2/ijon_max/5
[1;94m[*] [0mFuzzing test case #946 (1218 total, 0 uniq crashes found)...[0m
scheduled max input!!!!
schedule: 0 level32_2/ijon_max/0
[1;94m[*] [0mFuzzing test case #947 (1218 total, 0 uniq crashes found)...[0m
scheduled max input!!!!
schedule: 4 level32_2/ijon_max/4
updated maxmap 3: 4e5 (len: 599)
updated maxmap 4: 4ed (len: 599)
updated maxmap 5: 4c2 (len: 599)
updated maxmap 3: 4e7 (len: 599)
updated maxmap 4: 4ee (len: 599)
updated maxmap 5: 4c4 (len: 599)
updated maxmap 3: 4e9 (len: 600)
updated maxmap 4: 4f0 (len: 600)
updated maxmap 5: 4c6 (len: 600)
minimized maxmap 3: 4e9 (len: 599)
minimized maxmap 5: 4c6 (len: 599)
updated maxmap 5: 4e9 (len: 599)
updated maxmap 6: 4ee (len: 599)
updated maxmap 4: 4f3 (len: 602)
updated maxmap 5: 4f5 (len: 602)
updated maxmap 3: 4ea (len: 599)
[1;94m[*] [0mFuzzing test case #948 (1220 total, 0 uniq crashes found)...[0m
scheduled max input!!!!
schedule: 4 level32_2/ijon_max/4
updated maxmap 6: 4f4 (len: 602)
updated maxmap 5: 4fa (len: 610)
updated maxmap 6: 503 (len: 610)
updated maxmap 7: 506 (len: 610)
updated maxmap 4: 4f4 (len: 602)
[1;94m[*] [0mFuzzing test case #949 (1222 total, 0 uniq crashes found)...[0m
scheduled max input!!!!
schedule: 13 level32_2/ijon_max/13
[1;94m[*] [0mFuzzing test case #950 (1223 total, 0 uniq crashes found)...[0m
scheduled max input!!!!
schedule: 12 level32_2/ijon_max/12
[1;94m[*] [0mFuzzing test case #951 (1223 total, 0 uniq crashes found)...[0m
scheduled max input!!!!
schedule: 4 level32_2/ijon_max/4
updated maxmap 8: 4fb (len: 607)
updated maxmap 9: 502 (len: 607)
updated maxmap 3: 4eb (len: 602)
updated maxmap 4: 4f5 (len: 602)
updated maxmap 5: 4fb (len: 604)
updated maxmap 5: 4fe (len: 610)
updated maxmap 6: 508 (len: 610)
updated maxmap 7: 50a (len: 610)
updated maxmap 8: 500 (len: 609)
updated maxmap 9: 507 (len: 609)
updated maxmap 3: 4ee (len: 603)
updated maxmap 4: 4f8 (len: 603)
minimized maxmap 3: 4ee (len: 602)
updated maxmap 3: 4ef (len: 602)
updated maxmap 3: 4f0 (len: 602)
updated maxmap 2: 4f0 (len: 602)
updated maxmap 3: 4f8 (len: 602)
updated maxmap 5: 501 (len: 607)
[1;94m[*] [0mFuzzing test case #952 (1233 total, 0 uniq crashes found)...[0m
scheduled max input!!!!
schedule: 14 level32_2/ijon_max/14
[1;94m[*] [0mFuzzing test case #953 (1233 total, 0 uniq crashes found)...[0m
scheduled max input!!!!
schedule: 7 level32_2/ijon_max/7
updated maxmap 8: 506 (len: 610)
updated maxmap 9: 508 (len: 610)
updated maxmap 8: 508 (len: 610)
updated maxmap 9: 50a (len: 610)
[1;94m[*] [0mFuzzing test case #954 (1235 total, 0 uniq crashes found)...[0m
[1;94m[*] [0mFuzzing test case #955 (1235 total, 0 uniq crashes found)...[0m
scheduled max input!!!!
schedule: 5 level32_2/ijon_max/5
updated maxmap 4: 4f9 (len: 607)
updated maxmap 5: 502 (len: 607)
updated maxmap 4: 4fa (len: 607)
updated maxmap 5: 503 (len: 607)
[1;94m[*] [0mFuzzing test case #956 (1235 total, 0 uniq crashes found)...[0m
scheduled max input!!!!
schedule: 4 level32_2/ijon_max/4
[1;94m[*] [0mFuzzing test case #957 (1235 total, 0 uniq crashes found)...[0m
scheduled max input!!!!
schedule: 15 level32_2/ijon_max/15
[1;94m[*] [0mFuzzing test case #958 (1235 total, 0 uniq crashes found)...[0m
scheduled max input!!!!
schedule: 5 level32_2/ijon_max/5
updated maxmap 10: 508 (len: 609)
[1;94m[*] [0mFuzzing test case #959 (1235 total, 0 uniq crashes found)...[0m
scheduled max input!!!!
schedule: 12 level32_2/ijon_max/12
[1;94m[*] [0mFuzzing test case #960 (1235 total, 0 uniq crashes found)...[0m
[1;94m[*] [0mFuzzing test case #961 (1235 total, 0 uniq crashes found)...[0m
scheduled max input!!!!
schedule: 10 level32_2/ijon_max/10
[1;94m[*] [0mFuzzing test case #962 (1235 total, 0 uniq crashes found)...[0m
scheduled max input!!!!
schedule: 4 level32_2/ijon_max/4
updated maxmap 6: 50a (len: 610)
updated maxmap 4: 501 (len: 610)
updated maxmap 5: 509 (len: 610)
minimized maxmap 4: 501 (len: 607)
updated maxmap 3: 4f9 (len: 607)
updated maxmap 4: 502 (len: 607)
[1;94m[*] [0mFuzzing test case #963 (1235 total, 0 uniq crashes found)...[0m
[1;94m[*] [0mFuzzing test case #964 (1235 total, 0 uniq crashes found)...[0m
scheduled max input!!!!
schedule: 11 level32_2/ijon_max/11
[1;94m[*] [0mFuzzing test case #965 (1235 total, 0 uniq crashes found)...[0m
[1;94m[*] [0mFuzzing test case #966 (1235 total, 0 uniq crashes found)...[0m
scheduled max input!!!!
schedule: 7 level32_2/ijon_max/7
updated maxmap 8: 50a (len: 610)
[1;94m[*] [0mFuzzing test case #967 (1235 total, 0 uniq crashes found)...[0m
scheduled max input!!!!
schedule: 0 level32_2/ijon_max/0
[1;94m[*] [0mFuzzing test case #968 (1235 total, 0 uniq crashes found)...[0m
scheduled max input!!!!
schedule: 11 level32_2/ijon_max/11
[1;94m[*] [0mFuzzing test case #969 (1235 total, 0 uniq crashes found)...[0m
scheduled max input!!!!
schedule: 15 level32_2/ijon_max/15
[1;94m[*] [0mFuzzing test case #970 (1235 total, 0 uniq crashes found)...[0m
scheduled max input!!!!
schedule: 14 level32_2/ijon_max/14
[1;94m[*] [0mFuzzing test case #971 (1235 total, 0 uniq crashes found)...[0m
[1;94m[*] [0mFuzzing test case #972 (1235 total, 0 uniq crashes found)...[0m
scheduled max input!!!!
schedule: 11 level32_2/ijon_max/11
[1;94m[*] [0mFuzzing test case #973 (1235 total, 0 uniq crashes found)...[0m
[1;94m[*] [0mFuzzing test case #974 (1235 total, 0 uniq crashes found)...[0m
scheduled max input!!!!
schedule: 0 level32_2/ijon_max/0
[1;94m[*] [0mFuzzing test case #975 (1235 total, 0 uniq crashes found)...[0m
scheduled max input!!!!
schedule: 10 level32_2/ijon_max/10
updated maxmap 10: 50d (len: 617)
updated maxmap 11: 50d (len: 617)
[1;94m[*] [0mFuzzing test case #976 (1236 total, 0 uniq crashes found)...[0m
[1;94m[*] [0mFuzzing test case #977 (1236 total, 0 uniq crashes found)...[0m
scheduled max input!!!!
schedule: 0 level32_2/ijon_max/0
[1;94m[*] [0mFuzzing test case #978 (1236 total, 0 uniq crashes found)...[0m
scheduled max input!!!!
schedule: 8 level32_2/ijon_max/8
[1;94m[*] [0mFuzzing test case #979 (1236 total, 0 uniq crashes found)...[0m
scheduled max input!!!!
schedule: 3 level32_2/ijon_max/3
updated maxmap 2: 4f9 (len: 607)
updated maxmap 3: 502 (len: 607)
[1;94m[*] [0mFuzzing test case #980 (1236 total, 0 uniq crashes found)...[0m
scheduled max input!!!!
schedule: 2 level32_2/ijon_max/2
updated maxmap 6: 511 (len: 614)
updated maxmap 7: 513 (len: 614)
updated maxmap 4: 506 (len: 610)
[1;94m[*] [0mFuzzing test case #981 (1237 total, 0 uniq crashes found)...[0m
scheduled max input!!!!
schedule: 7 level32_2/ijon_max/7
updated maxmap 6: 512 (len: 614)
updated maxmap 7: 514 (len: 614)
[1;94m[*] [0mFuzzing test case #982 (1237 total, 0 uniq crashes found)...[0m
[1;94m[*] [0mFuzzing test case #983 (1237 total, 0 uniq crashes found)...[0m
[1;94m[*] [0mFuzzing test case #984 (1237 total, 0 uniq crashes found)...[0m
scheduled max input!!!!
schedule: 15 level32_2/ijon_max/15
[1;94m[*] [0mFuzzing test case #985 (1237 total, 0 uniq crashes found)...[0m
scheduled max input!!!!
schedule: 15 level32_2/ijon_max/15
[1;94m[*] [0mFuzzing test case #986 (1237 total, 0 uniq crashes found)...[0m
scheduled max input!!!!
schedule: 8 level32_2/ijon_max/8
updated maxmap 9: 50f (len: 615)
minimized maxmap 10: 50d (len: 615)
[1;94m[*] [0mFuzzing test case #987 (1237 total, 0 uniq crashes found)...[0m
scheduled max input!!!!
schedule: 11 level32_2/ijon_max/11
updated maxmap 10: 50e (len: 617)
updated maxmap 11: 50e (len: 617)
[1;94m[*] [0mFuzzing test case #988 (1237 total, 0 uniq crashes found)...[0m
scheduled max input!!!!
schedule: 9 level32_2/ijon_max/9
[1;94m[*] [0mFuzzing test case #989 (1238 total, 0 uniq crashes found)...[0m
scheduled max input!!!!
schedule: 14 level32_2/ijon_max/14
[1;94m[*] [0mFuzzing test case #990 (1238 total, 0 uniq crashes found)...[0m
scheduled max input!!!!
schedule: 10 level32_2/ijon_max/10
[1;94m[*] [0mFuzzing test case #991 (1238 total, 0 uniq crashes found)...[0m
scheduled max input!!!!
schedule: 15 level32_2/ijon_max/15
[1;94m[*] [0mFuzzing test case #992 (1238 total, 0 uniq crashes found)...[0m
scheduled max input!!!!
schedule: 0 level32_2/ijon_max/0
[1;94m[*] [0mFuzzing test case #993 (1238 total, 0 uniq crashes found)...[0m
scheduled max input!!!!
schedule: 7 level32_2/ijon_max/7
updated maxmap 7: 519 (len: 616)
updated maxmap 10: 50f (len: 619)
updated maxmap 11: 50f (len: 621)
[1;94m[*] [0mFuzzing test case #994 (1238 total, 0 uniq crashes found)...[0m
scheduled max input!!!!
schedule: 6 level32_2/ijon_max/6
updated maxmap 10: 510 (len: 614)
[1;94m[*] [0mFuzzing test case #995 (1238 total, 0 uniq crashes found)...[0m
scheduled max input!!!!
schedule: 13 level32_2/ijon_max/13
[1;94m[*] [0mFuzzing test case #996 (1238 total, 0 uniq crashes found)...[0m
[1;94m[*] [0mFuzzing test case #997 (1238 total, 0 uniq crashes found)...[0m
scheduled max input!!!!
schedule: 0 level32_2/ijon_max/0
[1;94m[*] [0mFuzzing test case #998 (1238 total, 0 uniq crashes found)...[0m
scheduled max input!!!!
schedule: 12 level32_2/ijon_max/12
[1;94m[*] [0mFuzzing test case #999 (1238 total, 0 uniq crashes found)...[0m
scheduled max input!!!!
schedule: 9 level32_2/ijon_max/9
updated maxmap 9: 510 (len: 623)
minimized maxmap 9: 510 (len: 615)
[1;94m[*] [0mFuzzing test case #1000 (1239 total, 0 uniq crashes found)...[0m
scheduled max input!!!!
schedule: 7 level32_2/ijon_max/7
updated maxmap 8: 519 (len: 616)
updated maxmap 8: 51e (len: 620)
[1;94m[*] [0mFuzzing test case #1001 (1239 total, 0 uniq crashes found)...[0m
[1;94m[*] [0mFuzzing test case #1002 (1239 total, 0 uniq crashes found)...[0m
scheduled max input!!!!
schedule: 4 level32_2/ijon_max/4
updated maxmap 4: 507 (len: 610)
updated maxmap 4: 508 (len: 610)
updated maxmap 5: 50a (len: 610)
[1;94m[*] [0mFuzzing test case #1003 (1239 total, 0 uniq crashes found)...[0m
scheduled max input!!!!
schedule: 2 level32_2/ijon_max/2
updated maxmap 4: 50a (len: 612)
updated maxmap 5: 50d (len: 612)
[1;94m[*] [0mFuzzing test case #1004 (1239 total, 0 uniq crashes found)...[0m
scheduled max input!!!!
schedule: 0 level32_2/ijon_max/0
[1;94m[*] [0mFuzzing test case #1005 (1239 total, 0 uniq crashes found)...[0m
[1;94m[*] [0mFuzzing test case #1006 (1239 total, 0 uniq crashes found)...[0m
scheduled max input!!!!
schedule: 2 level32_2/ijon_max/2
[1;94m[*] [0mFuzzing test case #1007 (1239 total, 0 uniq crashes found)...[0m
scheduled max input!!!!
schedule: 8 level32_2/ijon_max/8
updated maxmap 8: 520 (len: 620)
updated maxmap 8: 522 (len: 621)
[1;94m[*] [0mFuzzing test case #1008 (1239 total, 0 uniq crashes found)...[0m
scheduled max input!!!!
schedule: 11 level32_2/ijon_max/11
[1;94m[*] [0mFuzzing test case #1009 (1239 total, 0 uniq crashes found)...[0m
[1;94m[*] [0mFuzzing test case #1010 (1239 total, 0 uniq crashes found)...[0m
scheduled max input!!!!
schedule: 13 level32_2/ijon_max/13
[1;94m[*] [0mFuzzing test case #1011 (1239 total, 0 uniq crashes found)...[0m
scheduled max input!!!!
schedule: 11 level32_2/ijon_max/11
[1;94m[*] [0mFuzzing test case #1012 (1240 total, 0 uniq crashes found)...[0m
scheduled max input!!!!
schedule: 0 level32_2/ijon_max/0
[1;94m[*] [0mFuzzing test case #1013 (1240 total, 0 uniq crashes found)...[0m
scheduled max input!!!!
schedule: 7 level32_2/ijon_max/7
[1;94m[*] [0mFuzzing test case #1014 (1240 total, 0 uniq crashes found)...[0m
scheduled max input!!!!
schedule: 10 level32_2/ijon_max/10
[1;94m[*] [0mFuzzing test case #1015 (1240 total, 0 uniq crashes found)...[0m
scheduled max input!!!!
schedule: 7 level32_2/ijon_max/7
[1;94m[*] [0mFuzzing test case #1016 (1240 total, 0 uniq crashes found)...[0m
scheduled max input!!!!
schedule: 14 level32_2/ijon_max/14
[1;94m[*] [0mFuzzing test case #1017 (1240 total, 0 uniq crashes found)...[0m
scheduled max input!!!!
schedule: 3 level32_2/ijon_max/3
[1;94m[*] [0mFuzzing test case #1018 (1240 total, 0 uniq crashes found)...[0m
scheduled max input!!!!
schedule: 4 level32_2/ijon_max/4
updated maxmap 4: 50c (len: 612)
updated maxmap 5: 50e (len: 612)
updated maxmap 2: 4fa (len: 612)
updated maxmap 3: 503 (len: 612)
updated maxmap 4: 50d (len: 612)
updated maxmap 5: 50f (len: 612)
[1;94m[*] [0mFuzzing test case #1019 (1240 total, 0 uniq crashes found)...[0m
[1;94m[*] [0mFuzzing test case #1020 (1240 total, 0 uniq crashes found)...[0m
scheduled max input!!!!
schedule: 9 level32_2/ijon_max/9
[1;94m[*] [0mFuzzing test case #1021 (1240 total, 0 uniq crashes found)...[0m
[1;94m[*] [0mFuzzing test case #1022 (1240 total, 0 uniq crashes found)...[0m
scheduled max input!!!!
schedule: 0 level32_2/ijon_max/0
[1;94m[*] [0mFuzzing test case #1023 (1240 total, 0 uniq crashes found)...[0m
scheduled max input!!!!
schedule: 11 level32_2/ijon_max/11
[1;94m[*] [0mFuzzing test case #1024 (1240 total, 0 uniq crashes found)...[0m
scheduled max input!!!!
schedule: 3 level32_2/ijon_max/3
updated maxmap 5: 510 (len: 612)
[1;94m[*] [0mFuzzing test case #1025 (1240 total, 0 uniq crashes found)...[0m
scheduled max input!!!!
schedule: 4 level32_2/ijon_max/4
[1;94m[*] [0mFuzzing test case #1026 (1240 total, 0 uniq crashes found)...[0m
[1;94m[*] [0mFuzzing test case #1027 (1240 total, 0 uniq crashes found)...[0m
[1;94m[*] [0mFuzzing test case #1028 (1240 total, 0 uniq crashes found)...[0m
scheduled max input!!!!
schedule: 6 level32_2/ijon_max/6
[1;94m[*] [0mFuzzing test case #1029 (1240 total, 0 uniq crashes found)...[0m
scheduled max input!!!!
schedule: 10 level32_2/ijon_max/10
minimized maxmap 9: 510 (len: 614)
[1;94m[*] [0mFuzzing test case #1030 (1240 total, 0 uniq crashes found)...[0m
scheduled max input!!!!
schedule: 13 level32_2/ijon_max/13
[1;94m[*] [0mFuzzing test case #1031 (1240 total, 0 uniq crashes found)...[0m
scheduled max input!!!!
schedule: 15 level32_2/ijon_max/15
[1;94m[*] [0mFuzzing test case #1032 (1240 total, 0 uniq crashes found)...[0m
[1;94m[*] [0mFuzzing test case #1033 (1240 total, 0 uniq crashes found)...[0m
[1;94m[*] [0mFuzzing test case #1034 (1240 total, 0 uniq crashes found)...[0m
scheduled max input!!!!
schedule: 3 level32_2/ijon_max/3
[1;94m[*] [0mFuzzing test case #1035 (1240 total, 0 uniq crashes found)...[0m
[1;94m[*] [0mFuzzing test case #1036 (1240 total, 0 uniq crashes found)...[0m
[1;94m[*] [0mFuzzing test case #1037 (1240 total, 0 uniq crashes found)...[0m
scheduled max input!!!!
schedule: 8 level32_2/ijon_max/8
updated maxmap 7: 522 (len: 621)
[1;94m[*] [0mFuzzing test case #1038 (1240 total, 0 uniq crashes found)...[0m
[1;94m[*] [0mFuzzing test case #1039 (1240 total, 0 uniq crashes found)...[0m
scheduled max input!!!!
schedule: 10 level32_2/ijon_max/10
[1;94m[*] [0mFuzzing test case #1040 (1240 total, 0 uniq crashes found)...[0m
[1;94m[*] [0mFuzzing test case #1041 (1240 total, 0 uniq crashes found)...[0m
scheduled max input!!!!
schedule: 7 level32_2/ijon_max/7
[1;94m[*] [0mFuzzing test case #1042 (1240 total, 0 uniq crashes found)...[0m
[1;94m[*] [0mFuzzing test case #1043 (1240 total, 0 uniq crashes found)...[0m
[1;94m[*] [0mFuzzing test case #1044 (1240 total, 0 uniq crashes found)...[0m
scheduled max input!!!!
schedule: 6 level32_2/ijon_max/6
updated maxmap 6: 514 (len: 614)
[1;94m[*] [0mFuzzing test case #1045 (1240 total, 0 uniq crashes found)...[0m
[1;94m[*] [0mFuzzing test case #1046 (1240 total, 0 uniq crashes found)...[0m
scheduled max input!!!!
schedule: 8 level32_2/ijon_max/8
updated maxmap 8: 523 (len: 623)
updated maxmap 5: 526 (len: 627)
updated maxmap 6: 523 (len: 627)
updated maxmap 7: 524 (len: 621)
minimized maxmap 8: 523 (len: 621)
updated maxmap 8: 524 (len: 621)
updated maxmap 8: 525 (len: 621)
[1;94m[*] [0mFuzzing test case #1047 (1241 total, 0 uniq crashes found)...[0m
[1;94m[*] [0mFuzzing test case #1048 (1241 total, 0 uniq crashes found)...[0m
scheduled max input!!!!
schedule: 14 level32_2/ijon_max/14
[1;94m[*] [0mFuzzing test case #1049 (1241 total, 0 uniq crashes found)...[0m
scheduled normal input!!!!
[1;94m[*] [0mFuzzing test case #1050 (1247 total, 0 uniq crashes found)...[0m
scheduled max input!!!!
schedule: 0 level32_2/ijon_max/0
[1;94m[*] [0mFuzzing test case #1051 (1247 total, 0 uniq crashes found)...[0m
[1;94m[*] [0mFuzzing test case #1052 (1247 total, 0 uniq crashes found)...[0m
scheduled max input!!!!
schedule: 13 level32_2/ijon_max/13
[1;94m[*] [0mFuzzing test case #1053 (1247 total, 0 uniq crashes found)...[0m
[1;94m[*] [0mFuzzing test case #1054 (1247 total, 0 uniq crashes found)...[0m
scheduled max input!!!!
schedule: 12 level32_2/ijon_max/12
[1;94m[*] [0mFuzzing test case #1055 (1247 total, 0 uniq crashes found)...[0m
scheduled max input!!!!
schedule: 9 level32_2/ijon_max/9
[1;94m[*] [0mFuzzing test case #1056 (1247 total, 0 uniq crashes found)...[0m
scheduled max input!!!!
schedule: 11 level32_2/ijon_max/11
[1;94m[*] [0mFuzzing test case #1057 (1247 total, 0 uniq crashes found)...[0m
scheduled max input!!!!
schedule: 7 level32_2/ijon_max/7
updated maxmap 7: 525 (len: 621)
updated maxmap 7: 526 (len: 621)
[1;94m[*] [0mFuzzing test case #1058 (1247 total, 0 uniq crashes found)...[0m
scheduled max input!!!!
schedule: 12 level32_2/ijon_max/12
[1;94m[*] [0mFuzzing test case #1059 (1247 total, 0 uniq crashes found)...[0m
[1;94m[*] [0mFuzzing test case #1060 (1247 total, 0 uniq crashes found)...[0m
scheduled max input!!!!
schedule: 14 level32_2/ijon_max/14
[1;94m[*] [0mFuzzing test case #1061 (1247 total, 0 uniq crashes found)...[0m
scheduled max input!!!!
schedule: 2 level32_2/ijon_max/2
updated maxmap 2: 4fb (len: 612)
updated maxmap 3: 505 (len: 612)
updated maxmap 4: 50f (len: 612)
[1;94m[*] [0mFuzzing test case #1062 (1247 total, 0 uniq crashes found)...[0m
scheduled max input!!!!
schedule: 4 level32_2/ijon_max/4
[1;94m[*] [0mFuzzing test case #1063 (1247 total, 0 uniq crashes found)...[0m
scheduled max input!!!!
schedule: 2 level32_2/ijon_max/2
[1;94m[*] [0mFuzzing test case #1064 (1247 total, 0 uniq crashes found)...[0m
scheduled max input!!!!
schedule: 13 level32_2/ijon_max/13
[1;94m[*] [0mFuzzing test case #1065 (1247 total, 0 uniq crashes found)...[0m
scheduled max input!!!!
schedule: 5 level32_2/ijon_max/5
updated maxmap 5: 527 (len: 627)
updated maxmap 6: 524 (len: 627)
updated maxmap 5: 535 (len: 627)
updated maxmap 6: 528 (len: 627)
updated maxmap 6: 53f (len: 632)
updated maxmap 4: 545 (len: 637)
updated maxmap 5: 54c (len: 637)
[1;94m[*] [0mFuzzing test case #1066 (1250 total, 0 uniq crashes found)...[0m
scheduled max input!!!!
schedule: 9 level32_2/ijon_max/9
[1;94m[*] [0mFuzzing test case #1067 (1250 total, 0 uniq crashes found)...[0m
scheduled max input!!!!
schedule: 8 level32_2/ijon_max/8
[1;94m[*] [0mFuzzing test case #1068 (1250 total, 0 uniq crashes found)...[0m
scheduled max input!!!!
schedule: 8 level32_2/ijon_max/8
updated maxmap 7: 52a (len: 628)
[1;94m[*] [0mFuzzing test case #1069 (1250 total, 0 uniq crashes found)...[0m
[1;94m[*] [0mFuzzing test case #1070 (1250 total, 0 uniq crashes found)...[0m
scheduled max input!!!!
schedule: 5 level32_2/ijon_max/5
updated maxmap 5: 54d (len: 637)
updated maxmap 4: 546 (len: 637)
updated maxmap 5: 54e (len: 637)
updated maxmap 4: 547 (len: 637)
updated maxmap 4: 54a (len: 641)
updated maxmap 5: 553 (len: 641)
minimized maxmap 4: 54a (len: 637)
updated maxmap 6: 555 (len: 644)
updated maxmap 7: 55f (len: 644)
updated maxmap 4: 54e (len: 637)
updated maxmap 8: 54e (len: 637)
updated maxmap 8: 556 (len: 641)
updated maxmap 4: 55b (len: 645)
updated maxmap 5: 555 (len: 644)
updated maxmap 6: 558 (len: 644)
updated maxmap 5: 558 (len: 643)
[1;94m[*] [0mFuzzing test case #1071 (1256 total, 0 uniq crashes found)...[0m
[1;94m[*] [0mFuzzing test case #1072 (1256 total, 0 uniq crashes found)...[0m
scheduled max input!!!!
schedule: 14 level32_2/ijon_max/14
[1;94m[*] [0mFuzzing test case #1073 (1256 total, 0 uniq crashes found)...[0m
[1;94m[*] [0mFuzzing test case #1074 (1256 total, 0 uniq crashes found)...[0m
scheduled max input!!!!
schedule: 11 level32_2/ijon_max/11
[1;94m[*] [0mFuzzing test case #1075 (1256 total, 0 uniq crashes found)...[0m
scheduled max input!!!!
schedule: 13 level32_2/ijon_max/13
[1;94m[*] [0mFuzzing test case #1076 (1256 total, 0 uniq crashes found)...[0m
scheduled max input!!!!
schedule: 2 level32_2/ijon_max/2
updated maxmap 2: 4fe (len: 612)
updated maxmap 3: 508 (len: 612)
[1;94m[*] [0mFuzzing test case #1077 (1256 total, 0 uniq crashes found)...[0m
scheduled max input!!!!
schedule: 11 level32_2/ijon_max/11
[1;94m[*] [0mFuzzing test case #1078 (1256 total, 0 uniq crashes found)...[0m
scheduled max input!!!!
schedule: 5 level32_2/ijon_max/5
updated maxmap 5: 559 (len: 643)
[1;94m[*] [0mFuzzing test case #1079 (1256 total, 0 uniq crashes found)...[0m
scheduled max input!!!!
schedule: 13 level32_2/ijon_max/13
[1;94m[*] [0mFuzzing test case #1080 (1256 total, 0 uniq crashes found)...[0m
scheduled max input!!!!
schedule: 10 level32_2/ijon_max/10
[1;94m[*] [0mFuzzing test case #1081 (1257 total, 0 uniq crashes found)...[0m
scheduled max input!!!!
schedule: 10 level32_2/ijon_max/10
updated maxmap 10: 511 (len: 620)
updated maxmap 11: 510 (len: 620)
[1;94m[*] [0mFuzzing test case #1082 (1258 total, 0 uniq crashes found)...[0m
scheduled max input!!!!
schedule: 4 level32_2/ijon_max/4
updated maxmap 4: 55c (len: 645)
updated maxmap 4: 55e (len: 645)
[1;94m[*] [0mFuzzing test case #1083 (1258 total, 0 uniq crashes found)...[0m
scheduled max input!!!!
schedule: 0 level32_2/ijon_max/0
[1;94m[*] [0mFuzzing test case #1084 (1258 total, 0 uniq crashes found)...[0m
scheduled max input!!!!
schedule: 13 level32_2/ijon_max/13
[1;94m[*] [0mFuzzing test case #1085 (1258 total, 0 uniq crashes found)...[0m
scheduled max input!!!!
schedule: 12 level32_2/ijon_max/12
[1;94m[*] [0mFuzzing test case #1086 (1258 total, 0 uniq crashes found)...[0m
[1;94m[*] [0mFuzzing test case #1087 (1258 total, 0 uniq crashes found)...[0m
scheduled max input!!!!
schedule: 13 level32_2/ijon_max/13
[1;94m[*] [0mFuzzing test case #1088 (1258 total, 0 uniq crashes found)...[0m
scheduled max input!!!!
schedule: 0 level32_2/ijon_max/0
[1;94m[*] [0mFuzzing test case #1089 (1258 total, 0 uniq crashes found)...[0m
scheduled max input!!!!
schedule: 12 level32_2/ijon_max/12
[1;94m[*] [0mFuzzing test case #1090 (1258 total, 0 uniq crashes found)...[0m
scheduled max input!!!!
schedule: 6 level32_2/ijon_max/6
updated maxmap 6: 559 (len: 644)
updated maxmap 8: 559 (len: 644)
[1;94m[*] [0mFuzzing test case #1091 (1258 total, 0 uniq crashes found)...[0m
scheduled max input!!!!
schedule: 14 level32_2/ijon_max/14
[1;94m[*] [0mFuzzing test case #1092 (1258 total, 0 uniq crashes found)...[0m
scheduled max input!!!!
schedule: 4 level32_2/ijon_max/4
updated maxmap 9: 550 (len: 653)
updated maxmap 10: 565 (len: 653)
updated maxmap 11: 564 (len: 653)
minimized maxmap 9: 550 (len: 651)
updated maxmap 6: 55f (len: 652)
updated maxmap 7: 569 (len: 652)
updated maxmap 8: 573 (len: 652)
updated maxmap 9: 554 (len: 650)
updated maxmap 10: 568 (len: 650)
updated maxmap 11: 566 (len: 650)
updated maxmap 5: 55e (len: 645)
updated maxmap 5: 564 (len: 648)
updated maxmap 4: 55f (len: 645)
updated maxmap 4: 560 (len: 645)
updated maxmap 6: 561 (len: 645)
updated maxmap 4: 561 (len: 645)
updated maxmap 4: 562 (len: 645)
minimized maxmap 9: 554 (len: 645)
updated maxmap 7: 56a (len: 652)
updated maxmap 6: 565 (len: 653)
updated maxmap 7: 56f (len: 653)
updated maxmap 8: 574 (len: 653)
updated maxmap 2: 503 (len: 645)
updated maxmap 3: 50d (len: 645)
updated maxmap 5: 567 (len: 647)
updated maxmap 2: 506 (len: 645)
updated maxmap 3: 510 (len: 645)
updated maxmap 6: 569 (len: 649)
updated maxmap 9: 555 (len: 645)
updated maxmap 9: 574 (len: 652)
[1;94m[*] [0mFuzzing test case #1093 (1270 total, 0 uniq crashes found)...[0m
scheduled normal input!!!!
[?25h[1;91m

+++ Testing aborted by user +++
[0m
[1;93m[!] [0mStopped during the first cycle, results may be incomplete.
    (For info on resuming, see docs/README.)
[1;92m[+] [0mWe're done here. Have a nice day!
[0m
srun: error: ubuntu-test: task 0: Exited with exit code 124
