srun: error: NodeNames=ubuntu-test CPUs=90 match no Sockets, Sockets*CoresPerSocket or Sockets*CoresPerSocket*ThreadsPerCore. Resetting CPUs.
[0;36mafl-fuzz [1;97m2.51b-ijon[0m by <lcamtuf@google.com>
[1;92m[+] [0mLooks like we're not running on a tty, so I'll be a bit less verbose.[0m
[1;92m[+] [0mYou have 96 CPU cores and 104 runnable tasks (utilization: 108%).[0m
[1;93m[!] [1;97mWARNING: [0mNot binding to a CPU core (AFL_NO_AFFINITY set).[0m
[1;94m[*] [0mChecking core_pattern...[0m
[1;94m[*] [0mSetting up output directories...[0m
importdir: level2_1/importsmax_dir: level2_1/ijon_max[1;94m[*] [0mScanning 'seeds'...[0m
[1;92m[+] [0mNo auto-generated dictionary tokens to reuse.[0m
[1;94m[*] [0mCreating hard links for all input files...[0m
[1;94m[*] [0mValidating target binary...[0m
[1;94m[*] [0mAttempting dry run with 'id:000000,orig:a'...[0m
[1;94m[*] [0mSpinning up the fork server...[0m
[1;92m[+] [0mAll right - fork server is up.[0m
[1;90m    len = 1, map size = 2477, exec speed = 17227 us
[0m[1;92m[+] [0mAll test cases processed.[0m

[1;93m[!] [1;97mWARNING: [0m[1;91mThe target binary is pretty slow! See docs/perf_tips.txt.[0m
[1;92m[+] [0mHere are some useful stats:

[1;90m    Test case count : [0m1 favored, 0 variable, 1 total
[1;90m       Bitmap range : [0m2477 to 2477 bits (average: 2477.00 bits)
[1;90m        Exec timing : [0m17.2k to 17.2k us (average: 17.2k us)
[0m
[1;92m[+] [0mAll set and ready to roll![0m
[1;94m[*] [0mEntering queue cycle 1.[0m
[1;94m[*] [0mFuzzing test case #0 (1 total, 0 uniq crashes found)...[0m
scheduled normal input!!!!
updated maxmap 11: 28 (len: 1)
updated maxmap 2: 28 (len: 35)
updated maxmap 3: 28 (len: 46)
updated maxmap 4: 28 (len: 49)
updated maxmap 4: 29 (len: 61)
updated maxmap 5: 2a (len: 61)
updated maxmap 6: 2a (len: 61)
updated maxmap 7: 2a (len: 61)
updated maxmap 4: 2a (len: 58)
updated maxmap 5: 2b (len: 58)
updated maxmap 6: 2b (len: 58)
updated maxmap 7: 2d (len: 72)
updated maxmap 8: 2e (len: 72)
updated maxmap 9: 30 (len: 72)
updated maxmap 10: 2b (len: 78)
updated maxmap 11: 2b (len: 78)
updated maxmap 10: 2d (len: 74)
updated maxmap 6: 2d (len: 66)
updated maxmap 7: 2f (len: 66)
updated maxmap 8: 2f (len: 66)
updated maxmap 8: 31 (len: 69)
updated maxmap 9: 31 (len: 69)
updated maxmap 9: 33 (len: 73)
updated maxmap 10: 34 (len: 73)
updated maxmap 9: 34 (len: 73)
updated maxmap 10: 35 (len: 73)
[1;94m[*] [0mFuzzing test case #1 (149 total, 0 uniq crashes found)...[0m
scheduled max input!!!!
schedule: 9 level2_1/ijon_max/9
updated maxmap 11: 33 (len: 85)
updated maxmap 8: 32 (len: 87)
updated maxmap 9: 44 (len: 87)
updated maxmap 10: 3e (len: 87)
updated maxmap 11: 3a (len: 87)
updated maxmap 8: 33 (len: 76)
updated maxmap 9: 45 (len: 115)
updated maxmap 10: 3f (len: 115)
updated maxmap 11: 3c (len: 115)
updated maxmap 9: 4c (len: 126)
updated maxmap 10: 56 (len: 126)
updated maxmap 11: 53 (len: 126)
updated maxmap 8: 36 (len: 89)
updated maxmap 8: 45 (len: 98)
updated maxmap 9: 58 (len: 115)
updated maxmap 9: 68 (len: 116)
updated maxmap 10: 63 (len: 116)
updated maxmap 11: 5e (len: 116)
updated maxmap 8: 5c (len: 123)
updated maxmap 7: 30 (len: 73)
updated maxmap 8: 71 (len: 134)
updated maxmap 9: 77 (len: 134)
updated maxmap 7: 3b (len: 109)
updated maxmap 10: 64 (len: 126)
updated maxmap 11: 66 (len: 126)
updated maxmap 10: 6c (len: 143)
updated maxmap 10: 74 (len: 131)
updated maxmap 11: 77 (len: 131)
updated maxmap 10: 76 (len: 135)
updated maxmap 11: 79 (len: 135)
updated maxmap 7: 4f (len: 122)
updated maxmap 10: 78 (len: 131)
[1;94m[*] [0mFuzzing test case #2 (327 total, 0 uniq crashes found)...[0m
scheduled max input!!!!
schedule: 3 level2_1/ijon_max/3
[1;94m[*] [0mFuzzing test case #3 (327 total, 0 uniq crashes found)...[0m
scheduled max input!!!!
schedule: 8 level2_1/ijon_max/8
updated maxmap 9: ab (len: 170)
updated maxmap 10: af (len: 170)
updated maxmap 11: 8f (len: 170)
updated maxmap 8: 72 (len: 134)
updated maxmap 8: 77 (len: 141)
updated maxmap 8: 7a (len: 166)
updated maxmap 11: aa (len: 201)
updated maxmap 8: 81 (len: 155)
updated maxmap 9: c1 (len: 186)
updated maxmap 10: b4 (len: 186)
updated maxmap 8: a4 (len: 175)
updated maxmap 9: e0 (len: 201)
updated maxmap 10: e5 (len: 201)
updated maxmap 8: a8 (len: 216)
updated maxmap 11: ab (len: 187)
updated maxmap 7: 5c (len: 184)
updated maxmap 11: ae (len: 171)
updated maxmap 8: ad (len: 191)
updated maxmap 7: 72 (len: 170)
[1;94m[*] [0mFuzzing test case #4 (497 total, 0 uniq crashes found)...[0m
scheduled max input!!!!
schedule: 11 level2_1/ijon_max/11
updated maxmap 11: b1 (len: 171)
updated maxmap 9: f0 (len: 207)
updated maxmap 10: eb (len: 207)
updated maxmap 11: e6 (len: 207)
updated maxmap 8: be (len: 172)
updated maxmap 10: f3 (len: 232)
updated maxmap 8: d2 (len: 190)
updated maxmap 7: 11c (len: 259)
updated maxmap 8: 110 (len: 259)
updated maxmap 9: 109 (len: 259)
updated maxmap 10: 104 (len: 259)
updated maxmap 11: eb (len: 259)
updated maxmap 9: 118 (len: 251)
updated maxmap 11: ff (len: 251)
updated maxmap 11: 102 (len: 239)
updated maxmap 10: 106 (len: 233)
updated maxmap 8: 132 (len: 258)
updated maxmap 9: 134 (len: 258)
updated maxmap 10: 116 (len: 258)
[1;94m[*] [0mFuzzing test case #5 (632 total, 0 uniq crashes found)...[0m
scheduled max input!!!!
schedule: 7 level2_1/ijon_max/7
updated maxmap 7: 13e (len: 315)
updated maxmap 8: 141 (len: 315)
updated maxmap 9: 141 (len: 315)
updated maxmap 10: 141 (len: 315)
updated maxmap 11: 140 (len: 315)
updated maxmap 9: 142 (len: 288)
updated maxmap 5: 155 (len: 313)
updated maxmap 6: 15e (len: 313)
updated maxmap 7: 141 (len: 286)
updated maxmap 7: 153 (len: 303)
updated maxmap 8: 157 (len: 303)
updated maxmap 11: 141 (len: 313)
updated maxmap 7: 158 (len: 289)
updated maxmap 10: 142 (len: 286)
updated maxmap 6: 178 (len: 303)
updated maxmap 7: 17b (len: 303)
updated maxmap 8: 158 (len: 303)
updated maxmap 8: 15a (len: 308)
updated maxmap 5: 194 (len: 334)
updated maxmap 6: 19a (len: 334)
updated maxmap 7: 19e (len: 334)
updated maxmap 9: 143 (len: 281)
updated maxmap 8: 15b (len: 307)
updated maxmap 6: 19e (len: 300)
updated maxmap 8: 161 (len: 326)
updated maxmap 9: 161 (len: 326)
updated maxmap 10: 161 (len: 326)
updated maxmap 11: 161 (len: 326)
[1;94m[*] [0mFuzzing test case #6 (829 total, 0 uniq crashes found)...[0m
scheduled max input!!!!
schedule: 4 level2_1/ijon_max/4
[1;94m[*] [0mFuzzing test case #7 (829 total, 0 uniq crashes found)...[0m
[1;94m[*] [0mFuzzing test case #8 (829 total, 0 uniq crashes found)...[0m
scheduled max input!!!!
schedule: 2 level2_1/ijon_max/2
[1;94m[*] [0mFuzzing test case #9 (829 total, 0 uniq crashes found)...[0m
scheduled max input!!!!
schedule: 5 level2_1/ijon_max/5
updated maxmap 5: 197 (len: 334)
updated maxmap 7: 1a1 (len: 334)
updated maxmap 7: 1a2 (len: 334)
updated maxmap 5: 199 (len: 334)
updated maxmap 6: 19f (len: 334)
updated maxmap 7: 1a4 (len: 334)
updated maxmap 8: 181 (len: 342)
updated maxmap 9: 181 (len: 342)
updated maxmap 10: 181 (len: 342)
updated maxmap 11: 181 (len: 342)
updated maxmap 6: 1a1 (len: 381)
updated maxmap 5: 1ae (len: 344)
updated maxmap 4: 191 (len: 344)
updated maxmap 8: 1ab (len: 344)
updated maxmap 5: 1b2 (len: 348)
updated maxmap 7: 1a8 (len: 342)
updated maxmap 6: 1b8 (len: 375)
updated maxmap 7: 1be (len: 375)
updated maxmap 8: 1c4 (len: 375)
updated maxmap 9: 1dc (len: 375)
updated maxmap 10: 1d0 (len: 375)
updated maxmap 4: 195 (len: 334)
updated maxmap 6: 1bf (len: 380)
updated maxmap 5: 1b7 (len: 374)
updated maxmap 7: 1c3 (len: 374)
updated maxmap 8: 1c8 (len: 374)
updated maxmap 6: 1c1 (len: 355)
updated maxmap 4: 196 (len: 376)
updated maxmap 4: 1ae (len: 355)
updated maxmap 5: 1b8 (len: 355)
updated maxmap 6: 1c5 (len: 368)
updated maxmap 9: 1e1 (len: 334)
updated maxmap 10: 1e1 (len: 334)
updated maxmap 11: 1e1 (len: 334)
updated maxmap 5: 1bd (len: 401)
updated maxmap 8: 1cf (len: 384)
updated maxmap 5: 1c0 (len: 393)
updated maxmap 5: 1cd (len: 353)
updated maxmap 6: 1c9 (len: 353)
updated maxmap 4: 1b2 (len: 366)
[1;94m[*] [0mFuzzing test case #10 (914 total, 0 uniq crashes found)...[0m
scheduled max input!!!!
schedule: 3 level2_1/ijon_max/3
[1;94m[*] [0mFuzzing test case #11 (914 total, 0 uniq crashes found)...[0m
scheduled max input!!!!
schedule: 6 level2_1/ijon_max/6
updated maxmap 4: 1bd (len: 353)
updated maxmap 5: 1ce (len: 353)
updated maxmap 5: 1cf (len: 353)
updated maxmap 6: 1ca (len: 353)
updated maxmap 5: 1d1 (len: 353)
updated maxmap 6: 1cc (len: 353)
updated maxmap 5: 1d3 (len: 358)
updated maxmap 6: 1ce (len: 358)
updated maxmap 4: 1f7 (len: 404)
updated maxmap 5: 1fd (len: 404)
updated maxmap 6: 202 (len: 404)
updated maxmap 7: 22c (len: 404)
updated maxmap 8: 231 (len: 404)
updated maxmap 9: 20f (len: 404)
updated maxmap 6: 205 (len: 358)
updated maxmap 4: 1fb (len: 360)
updated maxmap 5: 204 (len: 360)
updated maxmap 6: 209 (len: 365)
updated maxmap 9: 249 (len: 353)
updated maxmap 10: 23d (len: 353)
updated maxmap 11: 23a (len: 353)
updated maxmap 3: 1e9 (len: 353)
updated maxmap 3: 1f6 (len: 364)
updated maxmap 4: 1ff (len: 364)
updated maxmap 5: 209 (len: 364)
updated maxmap 6: 20c (len: 364)
updated maxmap 3: 1fb (len: 355)
updated maxmap 2: 1f9 (len: 359)
updated maxmap 7: 230 (len: 361)
updated maxmap 8: 23a (len: 361)
updated maxmap 10: 24e (len: 361)
updated maxmap 11: 251 (len: 361)
updated maxmap 2: 1fd (len: 358)
updated maxmap 4: 200 (len: 358)
[1;94m[*] [0mFuzzing test case #12 (967 total, 0 uniq crashes found)...[0m
scheduled max input!!!!
schedule: 2 level2_1/ijon_max/2
updated maxmap 2: 1fe (len: 358)
updated maxmap 2: 1ff (len: 358)
[1;94m[*] [0mFuzzing test case #13 (967 total, 0 uniq crashes found)...[0m
[1;94m[*] [0mFuzzing test case #14 (967 total, 0 uniq crashes found)...[0m
scheduled max input!!!!
schedule: 9 level2_1/ijon_max/9
updated maxmap 6: 210 (len: 356)
updated maxmap 9: 26a (len: 356)
updated maxmap 10: 250 (len: 356)
updated maxmap 8: 25e (len: 353)
updated maxmap 10: 26d (len: 353)
updated maxmap 8: 261 (len: 353)
updated maxmap 9: 26b (len: 353)
updated maxmap 10: 270 (len: 353)
updated maxmap 8: 263 (len: 353)
updated maxmap 9: 26d (len: 353)
updated maxmap 10: 272 (len: 353)
updated maxmap 8: 264 (len: 353)
updated maxmap 9: 26e (len: 353)
updated maxmap 10: 273 (len: 353)
updated maxmap 9: 281 (len: 360)
updated maxmap 10: 277 (len: 360)
updated maxmap 11: 26f (len: 360)
updated maxmap 11: 270 (len: 353)
updated maxmap 10: 27b (len: 361)
updated maxmap 11: 274 (len: 361)
updated maxmap 8: 265 (len: 354)
updated maxmap 7: 23f (len: 353)
updated maxmap 11: 27e (len: 360)
updated maxmap 6: 213 (len: 353)
updated maxmap 10: 27d (len: 360)
updated maxmap 4: 204 (len: 353)
updated maxmap 5: 20d (len: 353)
updated maxmap 6: 216 (len: 353)
updated maxmap 7: 240 (len: 353)
updated maxmap 9: 283 (len: 361)
updated maxmap 10: 27e (len: 361)
updated maxmap 7: 245 (len: 357)
updated maxmap 8: 282 (len: 360)
updated maxmap 9: 291 (len: 368)
updated maxmap 8: 284 (len: 365)
updated maxmap 6: 226 (len: 353)
updated maxmap 6: 235 (len: 359)
updated maxmap 5: 214 (len: 365)
updated maxmap 10: 281 (len: 364)
[1;94m[*] [0mFuzzing test case #15 (989 total, 0 uniq crashes found)...[0m
scheduled max input!!!!
schedule: 11 level2_1/ijon_max/11
updated maxmap 11: 281 (len: 360)
updated maxmap 11: 282 (len: 360)
updated maxmap 11: 283 (len: 360)
updated maxmap 11: 284 (len: 360)
updated maxmap 10: 282 (len: 360)
updated maxmap 11: 285 (len: 369)
updated maxmap 10: 28d (len: 375)
updated maxmap 11: 286 (len: 375)
[1;94m[*] [0mFuzzing test case #16 (1000 total, 0 uniq crashes found)...[0m
scheduled max input!!!!
schedule: 8 level2_1/ijon_max/8
updated maxmap 7: 246 (len: 365)
updated maxmap 8: 286 (len: 367)
updated maxmap 8: 287 (len: 365)
updated maxmap 8: 288 (len: 365)
updated maxmap 8: 295 (len: 377)
updated maxmap 9: 2a1 (len: 377)
updated maxmap 10: 2a6 (len: 377)
updated maxmap 11: 28b (len: 365)
updated maxmap 8: 296 (len: 373)
updated maxmap 7: 247 (len: 370)
updated maxmap 9: 2ad (len: 380)
updated maxmap 8: 298 (len: 372)
updated maxmap 11: 29e (len: 373)
[1;94m[*] [0mFuzzing test case #17 (1012 total, 0 uniq crashes found)...[0m
[1;94m[*] [0mFuzzing test case #18 (1012 total, 0 uniq crashes found)...[0m
scheduled max input!!!!
schedule: 5 level2_1/ijon_max/5
[1;94m[*] [0mFuzzing test case #19 (1012 total, 0 uniq crashes found)...[0m
scheduled max input!!!!
schedule: 7 level2_1/ijon_max/7
updated maxmap 11: 29f (len: 382)
[1;94m[*] [0mFuzzing test case #20 (1012 total, 0 uniq crashes found)...[0m
scheduled max input!!!!
schedule: 5 level2_1/ijon_max/5
updated maxmap 8: 2a0 (len: 373)
updated maxmap 5: 216 (len: 365)
[1;94m[*] [0mFuzzing test case #21 (1014 total, 0 uniq crashes found)...[0m
[1;94m[*] [0mFuzzing test case #22 (1014 total, 0 uniq crashes found)...[0m
scheduled max input!!!!
schedule: 8 level2_1/ijon_max/8
updated maxmap 10: 2b4 (len: 381)
updated maxmap 6: 245 (len: 377)
updated maxmap 7: 24e (len: 377)
updated maxmap 3: 1fd (len: 379)
updated maxmap 4: 206 (len: 379)
updated maxmap 8: 2ad (len: 379)
updated maxmap 3: 1fe (len: 373)
updated maxmap 4: 207 (len: 373)
updated maxmap 9: 2b3 (len: 381)
updated maxmap 4: 208 (len: 373)
updated maxmap 3: 1ff (len: 374)
updated maxmap 4: 209 (len: 374)
updated maxmap 3: 207 (len: 373)
updated maxmap 4: 211 (len: 373)
updated maxmap 5: 21b (len: 373)
updated maxmap 9: 2b7 (len: 383)
updated maxmap 7: 25b (len: 380)
updated maxmap 9: 2bf (len: 386)
updated maxmap 10: 2b6 (len: 386)
updated maxmap 5: 21d (len: 381)
[1;94m[*] [0mFuzzing test case #23 (1032 total, 0 uniq crashes found)...[0m
[1;94m[*] [0mFuzzing test case #24 (1032 total, 0 uniq crashes found)...[0m
scheduled max input!!!!
schedule: 6 level2_1/ijon_max/6
updated maxmap 6: 246 (len: 377)
[1;94m[*] [0mFuzzing test case #25 (1032 total, 0 uniq crashes found)...[0m
scheduled max input!!!!
schedule: 7 level2_1/ijon_max/7
updated maxmap 7: 25c (len: 380)
updated maxmap 9: 2c3 (len: 390)
updated maxmap 7: 25d (len: 386)
updated maxmap 7: 260 (len: 393)
updated maxmap 7: 262 (len: 380)
updated maxmap 5: 21e (len: 380)
updated maxmap 5: 21f (len: 380)
updated maxmap 5: 224 (len: 380)
updated maxmap 5: 235 (len: 380)
[1;94m[*] [0mFuzzing test case #26 (1043 total, 0 uniq crashes found)...[0m
scheduled max input!!!!
schedule: 6 level2_1/ijon_max/6
[1;94m[*] [0mFuzzing test case #27 (1043 total, 0 uniq crashes found)...[0m
scheduled max input!!!!
schedule: 3 level2_1/ijon_max/3
[1;94m[*] [0mFuzzing test case #28 (1043 total, 0 uniq crashes found)...[0m
scheduled max input!!!!
schedule: 6 level2_1/ijon_max/6
[1;94m[*] [0mFuzzing test case #29 (1043 total, 0 uniq crashes found)...[0m
[1;94m[*] [0mFuzzing test case #30 (1043 total, 0 uniq crashes found)...[0m
scheduled max input!!!!
schedule: 5 level2_1/ijon_max/5
updated maxmap 5: 23b (len: 380)
updated maxmap 6: 247 (len: 380)
updated maxmap 5: 23c (len: 380)
updated maxmap 6: 248 (len: 380)
[1;94m[*] [0mFuzzing test case #31 (1043 total, 0 uniq crashes found)...[0m
scheduled max input!!!!
schedule: 11 level2_1/ijon_max/11
updated maxmap 11: 2a0 (len: 382)
updated maxmap 11: 2a2 (len: 383)
[1;94m[*] [0mFuzzing test case #32 (1043 total, 0 uniq crashes found)...[0m
scheduled max input!!!!
schedule: 6 level2_1/ijon_max/6
[1;94m[*] [0mFuzzing test case #33 (1043 total, 0 uniq crashes found)...[0m
scheduled max input!!!!
schedule: 11 level2_1/ijon_max/11
updated maxmap 11: 2a5 (len: 383)
[1;94m[*] [0mFuzzing test case #34 (1043 total, 0 uniq crashes found)...[0m
scheduled max input!!!!
schedule: 7 level2_1/ijon_max/7
[1;94m[*] [0mFuzzing test case #35 (1043 total, 0 uniq crashes found)...[0m
scheduled max input!!!!
schedule: 6 level2_1/ijon_max/6
updated maxmap 5: 23d (len: 380)
updated maxmap 6: 249 (len: 380)
updated maxmap 5: 23e (len: 380)
updated maxmap 6: 24a (len: 380)
[1;94m[*] [0mFuzzing test case #36 (1043 total, 0 uniq crashes found)...[0m
scheduled max input!!!!
schedule: 3 level2_1/ijon_max/3
[1;94m[*] [0mFuzzing test case #37 (1043 total, 0 uniq crashes found)...[0m
scheduled max input!!!!
schedule: 3 level2_1/ijon_max/3
updated maxmap 2: 200 (len: 373)
updated maxmap 3: 20a (len: 373)
updated maxmap 4: 214 (len: 373)
[1;94m[*] [0mFuzzing test case #38 (1043 total, 0 uniq crashes found)...[0m
scheduled max input!!!!
schedule: 11 level2_1/ijon_max/11
[1;94m[*] [0mFuzzing test case #39 (1043 total, 0 uniq crashes found)...[0m
scheduled max input!!!!
schedule: 4 level2_1/ijon_max/4
[1;94m[*] [0mFuzzing test case #40 (1043 total, 0 uniq crashes found)...[0m
scheduled max input!!!!
schedule: 10 level2_1/ijon_max/10
updated maxmap 10: 2b8 (len: 388)
updated maxmap 10: 2b9 (len: 386)
updated maxmap 9: 2cd (len: 393)
updated maxmap 10: 2cf (len: 393)
updated maxmap 11: 2d2 (len: 394)
updated maxmap 10: 2d2 (len: 394)
updated maxmap 11: 2d4 (len: 394)
updated maxmap 9: 2d3 (len: 394)
updated maxmap 10: 2da (len: 410)
updated maxmap 11: 2d5 (len: 410)
updated maxmap 5: 244 (len: 386)
updated maxmap 6: 253 (len: 386)
updated maxmap 8: 2b4 (len: 392)
updated maxmap 7: 263 (len: 386)
updated maxmap 3: 20b (len: 390)
updated maxmap 4: 215 (len: 390)
[1;94m[*] [0mFuzzing test case #41 (1057 total, 0 uniq crashes found)...[0m
scheduled max input!!!!
schedule: 7 level2_1/ijon_max/7
[1;94m[*] [0mFuzzing test case #42 (1057 total, 0 uniq crashes found)...[0m
scheduled max input!!!!
schedule: 2 level2_1/ijon_max/2
[1;94m[*] [0mFuzzing test case #43 (1057 total, 0 uniq crashes found)...[0m
scheduled max input!!!!
schedule: 4 level2_1/ijon_max/4
updated maxmap 3: 20d (len: 393)
updated maxmap 4: 217 (len: 393)
updated maxmap 3: 20e (len: 398)
updated maxmap 4: 218 (len: 398)
[1;94m[*] [0mFuzzing test case #44 (1057 total, 0 uniq crashes found)...[0m
scheduled max input!!!!
schedule: 7 level2_1/ijon_max/7
updated maxmap 7: 264 (len: 393)
[1;94m[*] [0mFuzzing test case #45 (1057 total, 0 uniq crashes found)...[0m
scheduled max input!!!!
schedule: 4 level2_1/ijon_max/4
updated maxmap 3: 20f (len: 398)
updated maxmap 4: 219 (len: 398)
[1;94m[*] [0mFuzzing test case #46 (1057 total, 0 uniq crashes found)...[0m
scheduled max input!!!!
schedule: 2 level2_1/ijon_max/2
[1;94m[*] [0mFuzzing test case #47 (1057 total, 0 uniq crashes found)...[0m
scheduled max input!!!!
schedule: 11 level2_1/ijon_max/11
updated maxmap 11: 2d6 (len: 410)
updated maxmap 11: 2d8 (len: 410)
updated maxmap 11: 2d9 (len: 410)
updated maxmap 10: 2dd (len: 410)
updated maxmap 11: 2db (len: 410)
updated maxmap 11: 2dc (len: 410)
updated maxmap 10: 2de (len: 410)
updated maxmap 10: 2eb (len: 418)
updated maxmap 11: 2e9 (len: 418)
updated maxmap 9: 2da (len: 417)
updated maxmap 4: 224 (len: 410)
updated maxmap 9: 2ec (len: 417)
updated maxmap 4: 225 (len: 410)
updated maxmap 8: 2b6 (len: 416)
updated maxmap 8: 2b9 (len: 422)
updated maxmap 6: 261 (len: 421)
updated maxmap 9: 2ed (len: 418)
updated maxmap 6: 262 (len: 424)
updated maxmap 9: 2ef (len: 424)
[1;94m[*] [0mFuzzing test case #48 (1073 total, 0 uniq crashes found)...[0m
scheduled max input!!!!
schedule: 10 level2_1/ijon_max/10
updated maxmap 11: 2ea (len: 418)
updated maxmap 8: 2bb (len: 440)
updated maxmap 8: 2f7 (len: 422)
updated maxmap 9: 2f2 (len: 422)
updated maxmap 10: 2ec (len: 418)
updated maxmap 11: 2ec (len: 420)
updated maxmap 10: 2ee (len: 418)
updated maxmap 11: 2ed (len: 418)
updated maxmap 9: 304 (len: 425)
updated maxmap 10: 2ef (len: 418)
updated maxmap 10: 2f1 (len: 418)
updated maxmap 11: 2f0 (len: 418)
updated maxmap 10: 2f2 (len: 418)
updated maxmap 11: 2f1 (len: 418)
updated maxmap 10: 2f9 (len: 420)
updated maxmap 11: 2f7 (len: 420)
updated maxmap 9: 306 (len: 425)
updated maxmap 11: 2f8 (len: 420)
updated maxmap 11: 2f9 (len: 419)
updated maxmap 10: 309 (len: 427)
updated maxmap 9: 30d (len: 431)
updated maxmap 10: 314 (len: 431)
updated maxmap 1: 1fd (len: 430)
updated maxmap 2: 20d (len: 430)
updated maxmap 3: 217 (len: 430)
[1;94m[*] [0mFuzzing test case #49 (1085 total, 0 uniq crashes found)...[0m
[1;94m[*] [0mFuzzing test case #50 (1085 total, 0 uniq crashes found)...[0m
scheduled max input!!!!
schedule: 7 level2_1/ijon_max/7
[1;94m[*] [0mFuzzing test case #51 (1085 total, 0 uniq crashes found)...[0m
scheduled max input!!!!
schedule: 4 level2_1/ijon_max/4
updated maxmap 4: 226 (len: 410)
[1;94m[*] [0mFuzzing test case #52 (1085 total, 0 uniq crashes found)...[0m
scheduled max input!!!!
schedule: 4 level2_1/ijon_max/4
[1;94m[*] [0mFuzzing test case #53 (1085 total, 0 uniq crashes found)...[0m
scheduled max input!!!!
schedule: 5 level2_1/ijon_max/5
updated maxmap 5: 245 (len: 386)
[1;94m[*] [0mFuzzing test case #54 (1085 total, 0 uniq crashes found)...[0m
[1;94m[*] [0mFuzzing test case #55 (1085 total, 0 uniq crashes found)...[0m
scheduled max input!!!!
schedule: 11 level2_1/ijon_max/11
updated maxmap 11: 305 (len: 425)
updated maxmap 9: 30f (len: 428)
updated maxmap 11: 306 (len: 426)
[1;94m[*] [0mFuzzing test case #56 (1092 total, 0 uniq crashes found)...[0m
scheduled max input!!!!
schedule: 1 level2_1/ijon_max/1
updated maxmap 2: 20e (len: 430)
updated maxmap 3: 218 (len: 430)
updated maxmap 1: 201 (len: 432)
updated maxmap 2: 212 (len: 432)
updated maxmap 3: 21c (len: 432)
updated maxmap 2: 213 (len: 438)
updated maxmap 3: 21d (len: 438)
updated maxmap 4: 227 (len: 430)
updated maxmap 8: 30e (len: 431)
updated maxmap 9: 311 (len: 431)
updated maxmap 8: 312 (len: 430)
updated maxmap 9: 314 (len: 430)
updated maxmap 1: 208 (len: 430)
updated maxmap 2: 215 (len: 430)
updated maxmap 3: 21f (len: 430)
updated maxmap 4: 228 (len: 430)
updated maxmap 4: 229 (len: 430)
updated maxmap 1: 209 (len: 430)
updated maxmap 8: 313 (len: 433)
updated maxmap 9: 316 (len: 433)
updated maxmap 1: 20c (len: 431)
updated maxmap 2: 218 (len: 431)
updated maxmap 3: 222 (len: 431)
updated maxmap 4: 22c (len: 431)
updated maxmap 10: 318 (len: 431)
updated maxmap 2: 219 (len: 430)
updated maxmap 3: 223 (len: 430)
updated maxmap 4: 22d (len: 430)
updated maxmap 10: 31c (len: 433)
updated maxmap 10: 329 (len: 438)
updated maxmap 11: 321 (len: 438)
updated maxmap 1: 20d (len: 430)
updated maxmap 9: 324 (len: 438)
updated maxmap 11: 326 (len: 437)
updated maxmap 11: 32a (len: 443)
updated maxmap 9: 329 (len: 438)
updated maxmap 7: 2fd (len: 430)
updated maxmap 9: 33b (len: 445)
updated maxmap 10: 32a (len: 445)
updated maxmap 8: 31b (len: 442)
updated maxmap 10: 32d (len: 442)
[1;94m[*] [0mFuzzing test case #57 (1112 total, 0 uniq crashes found)...[0m
scheduled max input!!!!
schedule: 4 level2_1/ijon_max/4
updated maxmap 9: 344 (len: 450)
updated maxmap 10: 330 (len: 450)
[1;94m[*] [0mFuzzing test case #58 (1113 total, 0 uniq crashes found)...[0m
[1;94m[*] [0mFuzzing test case #59 (1113 total, 0 uniq crashes found)...[0m
scheduled max input!!!!
schedule: 4 level2_1/ijon_max/4
[1;94m[*] [0mFuzzing test case #60 (1114 total, 0 uniq crashes found)...[0m
scheduled max input!!!!
schedule: 10 level2_1/ijon_max/10
updated maxmap 9: 345 (len: 450)
updated maxmap 10: 331 (len: 450)
updated maxmap 10: 35f (len: 469)
updated maxmap 11: 363 (len: 469)
[1;94m[*] [0mFuzzing test case #61 (1115 total, 0 uniq crashes found)...[0m
[1;94m[*] [0mFuzzing test case #62 (1115 total, 0 uniq crashes found)...[0m
scheduled max input!!!!
schedule: 5 level2_1/ijon_max/5
[1;94m[*] [0mFuzzing test case #63 (1115 total, 0 uniq crashes found)...[0m
[1;94m[*] [0mFuzzing test case #64 (1115 total, 0 uniq crashes found)...[0m
scheduled max input!!!!
schedule: 1 level2_1/ijon_max/1
[1;94m[*] [0mFuzzing test case #65 (1115 total, 0 uniq crashes found)...[0m
scheduled max input!!!!
schedule: 1 level2_1/ijon_max/1
[1;94m[*] [0mFuzzing test case #66 (1116 total, 0 uniq crashes found)...[0m
scheduled max input!!!!
schedule: 3 level2_1/ijon_max/3
[1;94m[*] [0mFuzzing test case #67 (1116 total, 0 uniq crashes found)...[0m
scheduled max input!!!!
schedule: 3 level2_1/ijon_max/3
[1;94m[*] [0mFuzzing test case #68 (1116 total, 0 uniq crashes found)...[0m
scheduled max input!!!!
schedule: 7 level2_1/ijon_max/7
[1;94m[*] [0mFuzzing test case #69 (1116 total, 0 uniq crashes found)...[0m
scheduled max input!!!!
schedule: 8 level2_1/ijon_max/8
updated maxmap 8: 31c (len: 442)
updated maxmap 8: 31d (len: 442)
updated maxmap 8: 31f (len: 442)
updated maxmap 8: 325 (len: 445)
updated maxmap 8: 326 (len: 442)
[1;94m[*] [0mFuzzing test case #70 (1117 total, 0 uniq crashes found)...[0m
scheduled max input!!!!
schedule: 6 level2_1/ijon_max/6
updated maxmap 3: 269 (len: 430)
updated maxmap 4: 268 (len: 430)
updated maxmap 5: 268 (len: 430)
[1;94m[*] [0mFuzzing test case #71 (1117 total, 0 uniq crashes found)...[0m
scheduled max input!!!!
schedule: 7 level2_1/ijon_max/7
updated maxmap 2: 21a (len: 430)
[1;94m[*] [0mFuzzing test case #72 (1117 total, 0 uniq crashes found)...[0m
[1;94m[*] [0mFuzzing test case #73 (1117 total, 0 uniq crashes found)...[0m
scheduled max input!!!!
schedule: 7 level2_1/ijon_max/7
updated maxmap 6: 2b0 (len: 441)
[1;94m[*] [0mFuzzing test case #74 (1119 total, 0 uniq crashes found)...[0m
scheduled max input!!!!
schedule: 3 level2_1/ijon_max/3
updated maxmap 3: 26d (len: 430)
updated maxmap 4: 26c (len: 430)
updated maxmap 5: 26c (len: 430)
updated maxmap 3: 26e (len: 436)
updated maxmap 4: 26e (len: 436)
updated maxmap 5: 26e (len: 436)
updated maxmap 4: 26f (len: 430)
updated maxmap 5: 26f (len: 430)
[1;94m[*] [0mFuzzing test case #75 (1120 total, 0 uniq crashes found)...[0m
scheduled max input!!!!
schedule: 3 level2_1/ijon_max/3
updated maxmap 3: 295 (len: 436)
updated maxmap 4: 28f (len: 436)
updated maxmap 5: 28b (len: 436)
updated maxmap 3: 297 (len: 436)
updated maxmap 4: 290 (len: 436)
updated maxmap 3: 29a (len: 436)
updated maxmap 4: 293 (len: 436)
updated maxmap 5: 28e (len: 436)
updated maxmap 3: 29b (len: 436)
updated maxmap 5: 28f (len: 436)
updated maxmap 3: 2aa (len: 444)
updated maxmap 4: 297 (len: 444)
updated maxmap 5: 292 (len: 444)
updated maxmap 3: 2ac (len: 451)
updated maxmap 4: 2b6 (len: 451)
updated maxmap 5: 2b3 (len: 451)
updated maxmap 2: 28d (len: 443)
updated maxmap 3: 2b1 (len: 443)
updated maxmap 1: 27d (len: 436)
updated maxmap 2: 28e (len: 436)
updated maxmap 1: 28a (len: 444)
updated maxmap 2: 293 (len: 444)
updated maxmap 3: 2b3 (len: 444)
updated maxmap 1: 28c (len: 436)
updated maxmap 2: 294 (len: 436)
updated maxmap 1: 28e (len: 436)
updated maxmap 2: 296 (len: 436)
updated maxmap 2: 299 (len: 436)
updated maxmap 2: 2b1 (len: 443)
updated maxmap 1: 290 (len: 443)
[1;94m[*] [0mFuzzing test case #76 (1137 total, 0 uniq crashes found)...[0m
scheduled max input!!!!
schedule: 2 level2_1/ijon_max/2
updated maxmap 7: 2ff (len: 443)
updated maxmap 2: 2b2 (len: 443)
updated maxmap 2: 2b4 (len: 443)
updated maxmap 2: 2b6 (len: 443)
updated maxmap 2: 2b7 (len: 443)
updated maxmap 3: 2bb (len: 446)
updated maxmap 7: 301 (len: 453)
updated maxmap 8: 33f (len: 453)
updated maxmap 2: 2b8 (len: 444)
updated maxmap 7: 302 (len: 443)
updated maxmap 4: 2ba (len: 449)
updated maxmap 2: 2c3 (len: 451)
updated maxmap 7: 303 (len: 443)
updated maxmap 3: 2c0 (len: 450)
updated maxmap 4: 2c1 (len: 450)
updated maxmap 9: 34e (len: 464)
updated maxmap 7: 32f (len: 449)
updated maxmap 9: 350 (len: 468)
[1;94m[*] [0mFuzzing test case #77 (1144 total, 0 uniq crashes found)...[0m
scheduled max input!!!!
schedule: 10 level2_1/ijon_max/10
updated maxmap 11: 364 (len: 469)
updated maxmap 10: 360 (len: 469)
updated maxmap 11: 365 (len: 469)
updated maxmap 10: 363 (len: 471)
updated maxmap 11: 368 (len: 471)
updated maxmap 10: 364 (len: 469)
updated maxmap 10: 365 (len: 469)
updated maxmap 10: 37a (len: 479)
updated maxmap 11: 377 (len: 479)
updated maxmap 9: 351 (len: 469)
updated maxmap 8: 340 (len: 469)
updated maxmap 8: 341 (len: 469)
updated maxmap 9: 352 (len: 475)
updated maxmap 9: 353 (len: 469)
[1;94m[*] [0mFuzzing test case #78 (1165 total, 0 uniq crashes found)...[0m
scheduled max input!!!!
schedule: 1 level2_1/ijon_max/1
updated maxmap 1: 291 (len: 443)
[1;94m[*] [0mFuzzing test case #79 (1165 total, 0 uniq crashes found)...[0m
scheduled max input!!!!
schedule: 10 level2_1/ijon_max/10
updated maxmap 11: 378 (len: 479)
updated maxmap 10: 37b (len: 479)
updated maxmap 11: 379 (len: 479)
updated maxmap 10: 37c (len: 481)
updated maxmap 11: 37a (len: 481)
updated maxmap 9: 354 (len: 485)
updated maxmap 10: 37d (len: 483)
updated maxmap 11: 37e (len: 484)
[1;94m[*] [0mFuzzing test case #80 (1168 total, 0 uniq crashes found)...[0m
scheduled max input!!!!
schedule: 6 level2_1/ijon_max/6
updated maxmap 6: 2b1 (len: 441)
updated maxmap 6: 2b2 (len: 447)
updated maxmap 6: 2b3 (len: 441)
updated maxmap 6: 2b7 (len: 441)
updated maxmap 6: 2b8 (len: 441)
[1;94m[*] [0mFuzzing test case #81 (1184 total, 0 uniq crashes found)...[0m
scheduled max input!!!!
schedule: 9 level2_1/ijon_max/9
updated maxmap 8: 34f (len: 493)
updated maxmap 8: 353 (len: 485)
updated maxmap 10: 385 (len: 485)
updated maxmap 11: 37f (len: 485)
updated maxmap 9: 381 (len: 485)
updated maxmap 9: 382 (len: 485)
updated maxmap 9: 390 (len: 491)
updated maxmap 9: 395 (len: 493)
[1;94m[*] [0mFuzzing test case #82 (1196 total, 0 uniq crashes found)...[0m
scheduled max input!!!!
schedule: 10 level2_1/ijon_max/10
updated maxmap 11: 382 (len: 485)
updated maxmap 8: 354 (len: 485)
[1;94m[*] [0mFuzzing test case #83 (1196 total, 0 uniq crashes found)...[0m
[1;94m[*] [0mFuzzing test case #84 (1196 total, 0 uniq crashes found)...[0m
scheduled max input!!!!
schedule: 8 level2_1/ijon_max/8
[1;94m[*] [0mFuzzing test case #85 (1197 total, 0 uniq crashes found)...[0m
scheduled max input!!!!
schedule: 4 level2_1/ijon_max/4
updated maxmap 4: 2c9 (len: 455)
updated maxmap 5: 2c7 (len: 455)
[1;94m[*] [0mFuzzing test case #86 (1197 total, 0 uniq crashes found)...[0m
scheduled max input!!!!
schedule: 7 level2_1/ijon_max/7
updated maxmap 7: 330 (len: 449)
updated maxmap 7: 331 (len: 449)
[1;94m[*] [0mFuzzing test case #87 (1197 total, 0 uniq crashes found)...[0m
[1;94m[*] [0mFuzzing test case #88 (1197 total, 0 uniq crashes found)...[0m
[1;94m[*] [0mFuzzing test case #89 (1197 total, 0 uniq crashes found)...[0m
[1;94m[*] [0mFuzzing test case #90 (1197 total, 0 uniq crashes found)...[0m
[1;94m[*] [0mFuzzing test case #91 (1197 total, 0 uniq crashes found)...[0m
scheduled max input!!!!
schedule: 10 level2_1/ijon_max/10
updated maxmap 10: 388 (len: 485)
[1;94m[*] [0mFuzzing test case #92 (1198 total, 0 uniq crashes found)...[0m
scheduled max input!!!!
schedule: 3 level2_1/ijon_max/3
updated maxmap 5: 2cc (len: 458)
[1;94m[*] [0mFuzzing test case #93 (1198 total, 0 uniq crashes found)...[0m
scheduled max input!!!!
schedule: 9 level2_1/ijon_max/9
updated maxmap 9: 399 (len: 496)
[1;94m[*] [0mFuzzing test case #94 (1199 total, 0 uniq crashes found)...[0m
scheduled max input!!!!
schedule: 1 level2_1/ijon_max/1
updated maxmap 1: 292 (len: 447)
[1;94m[*] [0mFuzzing test case #95 (1199 total, 0 uniq crashes found)...[0m
[1;94m[*] [0mFuzzing test case #96 (1199 total, 0 uniq crashes found)...[0m
scheduled max input!!!!
schedule: 7 level2_1/ijon_max/7
[1;94m[*] [0mFuzzing test case #97 (1199 total, 0 uniq crashes found)...[0m
scheduled max input!!!!
schedule: 6 level2_1/ijon_max/6
updated maxmap 6: 2b9 (len: 441)
[1;94m[*] [0mFuzzing test case #98 (1201 total, 0 uniq crashes found)...[0m
scheduled max input!!!!
schedule: 2 level2_1/ijon_max/2
updated maxmap 3: 2c3 (len: 451)
[1;94m[*] [0mFuzzing test case #99 (1202 total, 0 uniq crashes found)...[0m
scheduled max input!!!!
schedule: 9 level2_1/ijon_max/9
updated maxmap 10: 39d (len: 496)
updated maxmap 9: 39a (len: 496)
updated maxmap 11: 384 (len: 504)
updated maxmap 10: 39e (len: 496)
updated maxmap 9: 39b (len: 496)
updated maxmap 11: 385 (len: 503)
updated maxmap 10: 39f (len: 496)
updated maxmap 9: 3a0 (len: 503)
updated maxmap 10: 3aa (len: 503)
updated maxmap 11: 3a7 (len: 503)
updated maxmap 9: 3a1 (len: 501)
updated maxmap 9: 3a2 (len: 499)
updated maxmap 8: 392 (len: 496)
updated maxmap 8: 397 (len: 500)
updated maxmap 11: 3ab (len: 503)
updated maxmap 9: 3a5 (len: 502)
updated maxmap 10: 3ac (len: 502)
updated maxmap 8: 399 (len: 496)
[1;94m[*] [0mFuzzing test case #100 (1214 total, 0 uniq crashes found)...[0m
[1;94m[*] [0mFuzzing test case #101 (1214 total, 0 uniq crashes found)...[0m
scheduled max input!!!!
schedule: 2 level2_1/ijon_max/2
updated maxmap 3: 2ca (len: 458)
updated maxmap 5: 2ce (len: 459)
updated maxmap 2: 2c4 (len: 455)
updated maxmap 4: 2ca (len: 459)
[1;94m[*] [0mFuzzing test case #102 (1216 total, 0 uniq crashes found)...[0m
scheduled max input!!!!
schedule: 2 level2_1/ijon_max/2
updated maxmap 2: 2c7 (len: 458)
[1;94m[*] [0mFuzzing test case #103 (1216 total, 0 uniq crashes found)...[0m
scheduled max input!!!!
schedule: 7 level2_1/ijon_max/7
[1;94m[*] [0mFuzzing test case #104 (1216 total, 0 uniq crashes found)...[0m
[1;94m[*] [0mFuzzing test case #105 (1216 total, 0 uniq crashes found)...[0m
scheduled max input!!!!
schedule: 6 level2_1/ijon_max/6
updated maxmap 6: 2bb (len: 441)
[1;94m[*] [0mFuzzing test case #106 (1216 total, 0 uniq crashes found)...[0m
scheduled max input!!!!
schedule: 4 level2_1/ijon_max/4
updated maxmap 4: 2ce (len: 459)
updated maxmap 3: 2d2 (len: 464)
updated maxmap 3: 2d6 (len: 464)
[1;94m[*] [0mFuzzing test case #107 (1217 total, 0 uniq crashes found)...[0m
scheduled max input!!!!
schedule: 7 level2_1/ijon_max/7
[1;94m[*] [0mFuzzing test case #108 (1218 total, 0 uniq crashes found)...[0m
scheduled max input!!!!
schedule: 11 level2_1/ijon_max/11
updated maxmap 11: 3ad (len: 503)
updated maxmap 11: 3ae (len: 503)
updated maxmap 10: 3ae (len: 503)
updated maxmap 11: 3b0 (len: 503)
updated maxmap 11: 3b1 (len: 503)
updated maxmap 10: 3b2 (len: 503)
updated maxmap 10: 3b6 (len: 508)
updated maxmap 11: 3b2 (len: 508)
updated maxmap 8: 3a1 (len: 514)
updated maxmap 11: 3b6 (len: 505)
updated maxmap 9: 3b3 (len: 504)
updated maxmap 9: 3b9 (len: 507)
updated maxmap 9: 3bd (len: 508)
updated maxmap 9: 3bf (len: 508)
updated maxmap 10: 3b7 (len: 508)
updated maxmap 9: 3c3 (len: 510)
updated maxmap 10: 3b8 (len: 511)
updated maxmap 9: 3c5 (len: 511)
[1;94m[*] [0mFuzzing test case #109 (1231 total, 0 uniq crashes found)...[0m
scheduled max input!!!!
schedule: 8 level2_1/ijon_max/8
updated maxmap 8: 3a2 (len: 514)
updated maxmap 8: 3a3 (len: 514)
[1;94m[*] [0mFuzzing test case #110 (1231 total, 0 uniq crashes found)...[0m
scheduled max input!!!!
schedule: 7 level2_1/ijon_max/7
updated maxmap 7: 332 (len: 449)
updated maxmap 7: 333 (len: 449)
[1;94m[*] [0mFuzzing test case #111 (1231 total, 0 uniq crashes found)...[0m
scheduled max input!!!!
schedule: 7 level2_1/ijon_max/7
[1;94m[*] [0mFuzzing test case #112 (1231 total, 0 uniq crashes found)...[0m
scheduled max input!!!!
schedule: 4 level2_1/ijon_max/4
[1;94m[*] [0mFuzzing test case #113 (1231 total, 0 uniq crashes found)...[0m
scheduled max input!!!!
schedule: 6 level2_1/ijon_max/6
[1;94m[*] [0mFuzzing test case #114 (1231 total, 0 uniq crashes found)...[0m
scheduled max input!!!!
schedule: 11 level2_1/ijon_max/11
updated maxmap 11: 3b7 (len: 505)
[1;94m[*] [0mFuzzing test case #115 (1231 total, 0 uniq crashes found)...[0m
scheduled max input!!!!
schedule: 10 level2_1/ijon_max/10
[1;94m[*] [0mFuzzing test case #116 (1231 total, 0 uniq crashes found)...[0m
scheduled max input!!!!
schedule: 10 level2_1/ijon_max/10
updated maxmap 10: 3b9 (len: 511)
[1;94m[*] [0mFuzzing test case #117 (1231 total, 0 uniq crashes found)...[0m
[1;94m[*] [0mFuzzing test case #118 (1231 total, 0 uniq crashes found)...[0m
scheduled max input!!!!
schedule: 6 level2_1/ijon_max/6
[1;94m[*] [0mFuzzing test case #119 (1231 total, 0 uniq crashes found)...[0m
scheduled max input!!!!
schedule: 7 level2_1/ijon_max/7
[1;94m[*] [0mFuzzing test case #120 (1231 total, 0 uniq crashes found)...[0m
scheduled max input!!!!
schedule: 10 level2_1/ijon_max/10
[1;94m[*] [0mFuzzing test case #121 (1231 total, 0 uniq crashes found)...[0m
scheduled max input!!!!
schedule: 9 level2_1/ijon_max/9
updated maxmap 7: 390 (len: 511)
updated maxmap 9: 3c6 (len: 511)
[1;94m[*] [0mFuzzing test case #122 (1231 total, 0 uniq crashes found)...[0m
scheduled max input!!!!
schedule: 2 level2_1/ijon_max/2
updated maxmap 2: 2ca (len: 458)
[1;94m[*] [0mFuzzing test case #123 (1231 total, 0 uniq crashes found)...[0m
scheduled max input!!!!
schedule: 8 level2_1/ijon_max/8
[1;94m[*] [0mFuzzing test case #124 (1231 total, 0 uniq crashes found)...[0m
scheduled max input!!!!
schedule: 9 level2_1/ijon_max/9
updated maxmap 9: 3c8 (len: 512)
updated maxmap 9: 3cd (len: 514)
[1;94m[*] [0mFuzzing test case #125 (1232 total, 0 uniq crashes found)...[0m
[1;94m[*] [0mFuzzing test case #126 (1232 total, 0 uniq crashes found)...[0m
scheduled max input!!!!
schedule: 11 level2_1/ijon_max/11
[1;94m[*] [0mFuzzing test case #127 (1232 total, 0 uniq crashes found)...[0m
scheduled max input!!!!
schedule: 10 level2_1/ijon_max/10
updated maxmap 11: 3b8 (len: 511)
[1;94m[*] [0mFuzzing test case #128 (1233 total, 0 uniq crashes found)...[0m
scheduled max input!!!!
schedule: 5 level2_1/ijon_max/5
updated maxmap 2: 2d0 (len: 459)
[1;94m[*] [0mFuzzing test case #129 (1234 total, 0 uniq crashes found)...[0m
scheduled max input!!!!
schedule: 8 level2_1/ijon_max/8
[1;94m[*] [0mFuzzing test case #130 (1234 total, 0 uniq crashes found)...[0m
[1;94m[*] [0mFuzzing test case #131 (1234 total, 0 uniq crashes found)...[0m
[1;94m[*] [0mFuzzing test case #132 (1234 total, 0 uniq crashes found)...[0m
scheduled max input!!!!
schedule: 9 level2_1/ijon_max/9
updated maxmap 9: 3ce (len: 514)
updated maxmap 8: 3d0 (len: 522)
updated maxmap 9: 3dc (len: 522)
updated maxmap 10: 3de (len: 522)
minimized maxmap 8: 3d0 (len: 516)
[1;94m[*] [0mFuzzing test case #133 (1237 total, 0 uniq crashes found)...[0m
scheduled max input!!!!
schedule: 11 level2_1/ijon_max/11
[1;94m[*] [0mFuzzing test case #134 (1238 total, 0 uniq crashes found)...[0m
scheduled max input!!!!
schedule: 5 level2_1/ijon_max/5
updated maxmap 5: 2d6 (len: 465)
[1;94m[*] [0mFuzzing test case #135 (1238 total, 0 uniq crashes found)...[0m
[1;94m[*] [0mFuzzing test case #136 (1238 total, 0 uniq crashes found)...[0m
scheduled max input!!!!
schedule: 4 level2_1/ijon_max/4
updated maxmap 4: 2cf (len: 460)
[1;94m[*] [0mFuzzing test case #137 (1238 total, 0 uniq crashes found)...[0m
[1;94m[*] [0mFuzzing test case #138 (1238 total, 0 uniq crashes found)...[0m
scheduled max input!!!!
schedule: 8 level2_1/ijon_max/8
updated maxmap 6: 39b (len: 520)
updated maxmap 7: 39b (len: 520)
[1;94m[*] [0mFuzzing test case #139 (1239 total, 0 uniq crashes found)...[0m
scheduled max input!!!!
schedule: 6 level2_1/ijon_max/6
updated maxmap 5: 395 (len: 520)
updated maxmap 5: 3a0 (len: 520)
updated maxmap 6: 39d (len: 520)
[1;94m[*] [0mFuzzing test case #140 (1239 total, 0 uniq crashes found)...[0m
[1;94m[*] [0mFuzzing test case #141 (1239 total, 0 uniq crashes found)...[0m
scheduled max input!!!!
schedule: 5 level2_1/ijon_max/5
updated maxmap 5: 3a9 (len: 525)
updated maxmap 6: 3a6 (len: 525)
updated maxmap 7: 3a0 (len: 525)
minimized maxmap 7: 3a0 (len: 520)
updated maxmap 7: 3a1 (len: 520)
updated maxmap 7: 3a2 (len: 520)
minimized maxmap 6: 3a6 (len: 520)
updated maxmap 7: 3a4 (len: 520)
[1;94m[*] [0mFuzzing test case #142 (1240 total, 0 uniq crashes found)...[0m
scheduled max input!!!!
schedule: 3 level2_1/ijon_max/3
updated maxmap 2: 2d3 (len: 464)
[1;94m[*] [0mFuzzing test case #143 (1240 total, 0 uniq crashes found)...[0m
scheduled max input!!!!
schedule: 8 level2_1/ijon_max/8
[1;94m[*] [0mFuzzing test case #144 (1240 total, 0 uniq crashes found)...[0m
scheduled max input!!!!
schedule: 7 level2_1/ijon_max/7
[1;94m[*] [0mFuzzing test case #145 (1240 total, 0 uniq crashes found)...[0m
[1;94m[*] [0mFuzzing test case #146 (1240 total, 0 uniq crashes found)...[0m
scheduled max input!!!!
schedule: 2 level2_1/ijon_max/2
updated maxmap 2: 2d5 (len: 464)
[1;94m[*] [0mFuzzing test case #147 (1240 total, 0 uniq crashes found)...[0m
[1;94m[*] [0mFuzzing test case #148 (1240 total, 0 uniq crashes found)...[0m
scheduled max input!!!!
schedule: 6 level2_1/ijon_max/6
updated maxmap 6: 3a7 (len: 520)
updated maxmap 7: 3a6 (len: 520)
[1;94m[*] [0mFuzzing test case #149 (1240 total, 0 uniq crashes found)...[0m
scheduled max input!!!!
schedule: 4 level2_1/ijon_max/4
[1;94m[*] [0mFuzzing test case #150 (1240 total, 0 uniq crashes found)...[0m
[1;94m[*] [0mFuzzing test case #151 (1240 total, 0 uniq crashes found)...[0m
scheduled max input!!!!
schedule: 10 level2_1/ijon_max/10
updated maxmap 10: 3df (len: 522)
[1;94m[*] [0mFuzzing test case #152 (1240 total, 0 uniq crashes found)...[0m
scheduled max input!!!!
schedule: 11 level2_1/ijon_max/11
[1;94m[*] [0mFuzzing test case #153 (1240 total, 0 uniq crashes found)...[0m
[1;94m[*] [0mFuzzing test case #154 (1240 total, 0 uniq crashes found)...[0m
[1;94m[*] [0mFuzzing test case #155 (1240 total, 0 uniq crashes found)...[0m
scheduled max input!!!!
schedule: 9 level2_1/ijon_max/9
updated maxmap 11: 3b9 (len: 522)
[1;94m[*] [0mFuzzing test case #156 (1240 total, 0 uniq crashes found)...[0m
scheduled max input!!!!
schedule: 9 level2_1/ijon_max/9
[1;94m[*] [0mFuzzing test case #157 (1241 total, 0 uniq crashes found)...[0m
scheduled max input!!!!
schedule: 4 level2_1/ijon_max/4
[1;94m[*] [0mFuzzing test case #158 (1241 total, 0 uniq crashes found)...[0m
scheduled max input!!!!
schedule: 11 level2_1/ijon_max/11
[1;94m[*] [0mFuzzing test case #159 (1242 total, 0 uniq crashes found)...[0m
scheduled max input!!!!
schedule: 1 level2_1/ijon_max/1
updated maxmap 1: 293 (len: 447)
[1;94m[*] [0mFuzzing test case #160 (1242 total, 0 uniq crashes found)...[0m
scheduled max input!!!!
schedule: 11 level2_1/ijon_max/11
updated maxmap 9: 3eb (len: 527)
updated maxmap 10: 3e1 (len: 527)
[1;94m[*] [0mFuzzing test case #161 (1242 total, 0 uniq crashes found)...[0m
[1;94m[*] [0mFuzzing test case #162 (1242 total, 0 uniq crashes found)...[0m
scheduled max input!!!!
schedule: 3 level2_1/ijon_max/3
updated maxmap 3: 2dc (len: 470)
updated maxmap 4: 2db (len: 470)
[1;94m[*] [0mFuzzing test case #163 (1242 total, 0 uniq crashes found)...[0m
[1;94m[*] [0mFuzzing test case #164 (1242 total, 0 uniq crashes found)...[0m
scheduled max input!!!!
schedule: 5 level2_1/ijon_max/5
updated maxmap 5: 3aa (len: 525)
updated maxmap 5: 3ab (len: 525)
updated maxmap 6: 3a8 (len: 525)
updated maxmap 5: 3ad (len: 525)
updated maxmap 6: 3aa (len: 525)
updated maxmap 5: 3ae (len: 526)
updated maxmap 6: 3ab (len: 526)
minimized maxmap 6: 3ab (len: 525)
updated maxmap 6: 3ac (len: 525)
[1;94m[*] [0mFuzzing test case #165 (1243 total, 0 uniq crashes found)...[0m
scheduled max input!!!!
schedule: 9 level2_1/ijon_max/9
updated maxmap 10: 3e8 (len: 527)
updated maxmap 9: 3ee (len: 531)
[1;94m[*] [0mFuzzing test case #166 (1244 total, 0 uniq crashes found)...[0m
scheduled max input!!!!
schedule: 9 level2_1/ijon_max/9
updated maxmap 9: 3fc (len: 537)
updated maxmap 10: 3e9 (len: 531)
updated maxmap 10: 3ec (len: 531)
[1;94m[*] [0mFuzzing test case #167 (1247 total, 0 uniq crashes found)...[0m
scheduled max input!!!!
schedule: 7 level2_1/ijon_max/7
[1;94m[*] [0mFuzzing test case #168 (1247 total, 0 uniq crashes found)...[0m
[1;94m[*] [0mFuzzing test case #169 (1247 total, 0 uniq crashes found)...[0m
scheduled max input!!!!
schedule: 3 level2_1/ijon_max/3
updated maxmap 2: 2e4 (len: 476)
[1;94m[*] [0mFuzzing test case #170 (1247 total, 0 uniq crashes found)...[0m
scheduled max input!!!!
schedule: 1 level2_1/ijon_max/1
[1;94m[*] [0mFuzzing test case #171 (1247 total, 0 uniq crashes found)...[0m
[1;94m[*] [0mFuzzing test case #172 (1247 total, 0 uniq crashes found)...[0m
scheduled max input!!!!
schedule: 7 level2_1/ijon_max/7
[1;94m[*] [0mFuzzing test case #173 (1247 total, 0 uniq crashes found)...[0m
scheduled max input!!!!
schedule: 7 level2_1/ijon_max/7
[1;94m[*] [0mFuzzing test case #174 (1247 total, 0 uniq crashes found)...[0m
scheduled max input!!!!
schedule: 2 level2_1/ijon_max/2
updated maxmap 4: 2de (len: 476)
[1;94m[*] [0mFuzzing test case #175 (1247 total, 0 uniq crashes found)...[0m
[1;94m[*] [0mFuzzing test case #176 (1247 total, 0 uniq crashes found)...[0m
scheduled max input!!!!
schedule: 10 level2_1/ijon_max/10
updated maxmap 11: 3d3 (len: 534)
[1;94m[*] [0mFuzzing test case #177 (1247 total, 0 uniq crashes found)...[0m
scheduled max input!!!!
schedule: 5 level2_1/ijon_max/5
updated maxmap 5: 3af (len: 526)
[1;94m[*] [0mFuzzing test case #178 (1247 total, 0 uniq crashes found)...[0m
scheduled max input!!!!
schedule: 9 level2_1/ijon_max/9
updated maxmap 9: 3fd (len: 537)
updated maxmap 9: 3ff (len: 542)
updated maxmap 10: 409 (len: 542)
minimized maxmap 9: 3ff (len: 538)
updated maxmap 11: 40b (len: 543)
updated maxmap 11: 410 (len: 545)
[1;94m[*] [0mFuzzing test case #179 (1259 total, 0 uniq crashes found)...[0m
scheduled max input!!!!
schedule: 7 level2_1/ijon_max/7
[1;94m[*] [0mFuzzing test case #180 (1259 total, 0 uniq crashes found)...[0m
scheduled max input!!!!
schedule: 6 level2_1/ijon_max/6
[1;94m[*] [0mFuzzing test case #181 (1259 total, 0 uniq crashes found)...[0m
scheduled max input!!!!
schedule: 11 level2_1/ijon_max/11
updated maxmap 10: 40b (len: 545)
[1;94m[*] [0mFuzzing test case #182 (1260 total, 0 uniq crashes found)...[0m
scheduled max input!!!!
schedule: 7 level2_1/ijon_max/7
[1;94m[*] [0mFuzzing test case #183 (1260 total, 0 uniq crashes found)...[0m
scheduled max input!!!!
schedule: 2 level2_1/ijon_max/2
updated maxmap 2: 2e5 (len: 476)
[1;94m[*] [0mFuzzing test case #184 (1260 total, 0 uniq crashes found)...[0m
scheduled max input!!!!
schedule: 9 level2_1/ijon_max/9
[1;94m[*] [0mFuzzing test case #185 (1260 total, 0 uniq crashes found)...[0m
scheduled max input!!!!
schedule: 7 level2_1/ijon_max/7
[1;94m[*] [0mFuzzing test case #186 (1260 total, 0 uniq crashes found)...[0m
scheduled max input!!!!
schedule: 1 level2_1/ijon_max/1
updated maxmap 1: 294 (len: 447)
updated maxmap 1: 295 (len: 447)
[1;94m[*] [0mFuzzing test case #187 (1260 total, 0 uniq crashes found)...[0m
scheduled max input!!!!
schedule: 8 level2_1/ijon_max/8
[1;94m[*] [0mFuzzing test case #188 (1261 total, 0 uniq crashes found)...[0m
[1;94m[*] [0mFuzzing test case #189 (1261 total, 0 uniq crashes found)...[0m
scheduled max input!!!!
schedule: 9 level2_1/ijon_max/9
[1;94m[*] [0mFuzzing test case #190 (1261 total, 0 uniq crashes found)...[0m
[1;94m[*] [0mFuzzing test case #191 (1261 total, 0 uniq crashes found)...[0m
scheduled max input!!!!
schedule: 11 level2_1/ijon_max/11
[1;94m[*] [0mFuzzing test case #192 (1261 total, 0 uniq crashes found)...[0m
scheduled max input!!!!
schedule: 4 level2_1/ijon_max/4
updated maxmap 2: 2e7 (len: 476)
updated maxmap 4: 2e0 (len: 476)
updated maxmap 4: 2e1 (len: 476)
updated maxmap 3: 2de (len: 481)
updated maxmap 4: 2e2 (len: 476)
updated maxmap 4: 2e3 (len: 476)
[1;94m[*] [0mFuzzing test case #193 (1261 total, 0 uniq crashes found)...[0m
scheduled max input!!!!
schedule: 4 level2_1/ijon_max/4
updated maxmap 4: 2e4 (len: 476)
updated maxmap 3: 2df (len: 476)
updated maxmap 4: 2e5 (len: 476)
[1;94m[*] [0mFuzzing test case #194 (1261 total, 0 uniq crashes found)...[0m
[1;94m[*] [0mFuzzing test case #195 (1261 total, 0 uniq crashes found)...[0m
scheduled max input!!!!
schedule: 8 level2_1/ijon_max/8
[1;94m[*] [0mFuzzing test case #196 (1261 total, 0 uniq crashes found)...[0m
scheduled max input!!!!
schedule: 3 level2_1/ijon_max/3
updated maxmap 3: 2e2 (len: 476)
updated maxmap 4: 2e8 (len: 476)
updated maxmap 3: 2ee (len: 484)
[1;94m[*] [0mFuzzing test case #197 (1261 total, 0 uniq crashes found)...[0m
scheduled max input!!!!
schedule: 4 level2_1/ijon_max/4
[1;94m[*] [0mFuzzing test case #198 (1261 total, 0 uniq crashes found)...[0m
scheduled max input!!!!
schedule: 4 level2_1/ijon_max/4
updated maxmap 4: 2ed (len: 480)
[1;94m[*] [0mFuzzing test case #199 (1261 total, 0 uniq crashes found)...[0m
[1;94m[*] [0mFuzzing test case #200 (1261 total, 0 uniq crashes found)...[0m
scheduled max input!!!!
schedule: 10 level2_1/ijon_max/10
updated maxmap 11: 414 (len: 547)
[1;94m[*] [0mFuzzing test case #201 (1261 total, 0 uniq crashes found)...[0m
scheduled max input!!!!
schedule: 11 level2_1/ijon_max/11
updated maxmap 9: 415 (len: 547)
updated maxmap 10: 412 (len: 547)
updated maxmap 11: 415 (len: 547)
updated maxmap 9: 41a (len: 551)
updated maxmap 10: 418 (len: 551)
[1;94m[*] [0mFuzzing test case #202 (1262 total, 0 uniq crashes found)...[0m
scheduled max input!!!!
schedule: 10 level2_1/ijon_max/10
updated maxmap 9: 41c (len: 551)
updated maxmap 10: 419 (len: 551)
updated maxmap 10: 41a (len: 551)
updated maxmap 9: 41d (len: 551)
updated maxmap 10: 41b (len: 551)
updated maxmap 9: 41e (len: 551)
updated maxmap 10: 41c (len: 551)
updated maxmap 9: 41f (len: 551)
updated maxmap 9: 432 (len: 559)
updated maxmap 10: 421 (len: 558)
updated maxmap 11: 41b (len: 558)
minimized maxmap 11: 41b (len: 551)
updated maxmap 11: 41d (len: 551)
updated maxmap 10: 423 (len: 555)
updated maxmap 11: 422 (len: 555)
[1;94m[*] [0mFuzzing test case #203 (1275 total, 0 uniq crashes found)...[0m
scheduled max input!!!!
schedule: 4 level2_1/ijon_max/4
[1;94m[*] [0mFuzzing test case #204 (1275 total, 0 uniq crashes found)...[0m
scheduled max input!!!!
schedule: 4 level2_1/ijon_max/4
updated maxmap 3: 2f0 (len: 480)
updated maxmap 3: 2f6 (len: 486)
updated maxmap 4: 2ee (len: 486)
[1;94m[*] [0mFuzzing test case #205 (1275 total, 0 uniq crashes found)...[0m
scheduled max input!!!!
schedule: 5 level2_1/ijon_max/5
[1;94m[*] [0mFuzzing test case #206 (1275 total, 0 uniq crashes found)...[0m
[1;94m[*] [0mFuzzing test case #207 (1275 total, 0 uniq crashes found)...[0m
scheduled max input!!!!
schedule: 2 level2_1/ijon_max/2
[1;94m[*] [0mFuzzing test case #208 (1275 total, 0 uniq crashes found)...[0m
scheduled max input!!!!
schedule: 5 level2_1/ijon_max/5
updated maxmap 5: 3b1 (len: 526)
[1;94m[*] [0mFuzzing test case #209 (1276 total, 0 uniq crashes found)...[0m
scheduled max input!!!!
schedule: 5 level2_1/ijon_max/5
[1;94m[*] [0mFuzzing test case #210 (1276 total, 0 uniq crashes found)...[0m
scheduled max input!!!!
schedule: 6 level2_1/ijon_max/6
[1;94m[*] [0mFuzzing test case #211 (1276 total, 0 uniq crashes found)...[0m
scheduled max input!!!!
schedule: 6 level2_1/ijon_max/6
[1;94m[*] [0mFuzzing test case #212 (1276 total, 0 uniq crashes found)...[0m
scheduled max input!!!!
schedule: 11 level2_1/ijon_max/11
[1;94m[*] [0mFuzzing test case #213 (1276 total, 0 uniq crashes found)...[0m
scheduled max input!!!!
schedule: 3 level2_1/ijon_max/3
updated maxmap 3: 2f8 (len: 486)
updated maxmap 4: 2f0 (len: 486)
updated maxmap 2: 2f1 (len: 486)
[1;94m[*] [0mFuzzing test case #214 (1276 total, 0 uniq crashes found)...[0m
scheduled max input!!!!
schedule: 3 level2_1/ijon_max/3
[1;94m[*] [0mFuzzing test case #215 (1276 total, 0 uniq crashes found)...[0m
[1;94m[*] [0mFuzzing test case #216 (1276 total, 0 uniq crashes found)...[0m
scheduled max input!!!!
schedule: 4 level2_1/ijon_max/4
updated maxmap 3: 2fc (len: 489)
[1;94m[*] [0mFuzzing test case #217 (1276 total, 0 uniq crashes found)...[0m
scheduled max input!!!!
schedule: 6 level2_1/ijon_max/6
[1;94m[*] [0mFuzzing test case #218 (1277 total, 0 uniq crashes found)...[0m
scheduled max input!!!!
schedule: 9 level2_1/ijon_max/9
updated maxmap 9: 434 (len: 560)
[1;94m[*] [0mFuzzing test case #219 (1278 total, 0 uniq crashes found)...[0m
scheduled max input!!!!
schedule: 5 level2_1/ijon_max/5
updated maxmap 5: 3b9 (len: 534)
updated maxmap 6: 3ae (len: 534)
updated maxmap 7: 3aa (len: 534)
minimized maxmap 7: 3aa (len: 526)
minimized maxmap 6: 3ae (len: 530)
[1;94m[*] [0mFuzzing test case #220 (1278 total, 0 uniq crashes found)...[0m
scheduled max input!!!!
schedule: 3 level2_1/ijon_max/3
[1;94m[*] [0mFuzzing test case #221 (1278 total, 0 uniq crashes found)...[0m
scheduled max input!!!!
schedule: 1 level2_1/ijon_max/1
[1;94m[*] [0mFuzzing test case #222 (1278 total, 0 uniq crashes found)...[0m
scheduled max input!!!!
schedule: 8 level2_1/ijon_max/8
[1;94m[*] [0mFuzzing test case #223 (1278 total, 0 uniq crashes found)...[0m
[1;94m[*] [0mFuzzing test case #224 (1278 total, 0 uniq crashes found)...[0m
scheduled max input!!!!
schedule: 10 level2_1/ijon_max/10
updated maxmap 10: 424 (len: 555)
updated maxmap 10: 426 (len: 557)
updated maxmap 11: 425 (len: 557)
[1;94m[*] [0mFuzzing test case #225 (1279 total, 0 uniq crashes found)...[0m
scheduled max input!!!!
schedule: 1 level2_1/ijon_max/1
[1;94m[*] [0mFuzzing test case #226 (1279 total, 0 uniq crashes found)...[0m
[1;94m[*] [0mFuzzing test case #227 (1279 total, 0 uniq crashes found)...[0m
scheduled max input!!!!
schedule: 4 level2_1/ijon_max/4
[1;94m[*] [0mFuzzing test case #228 (1279 total, 0 uniq crashes found)...[0m
[1;94m[*] [0mFuzzing test case #229 (1279 total, 0 uniq crashes found)...[0m
scheduled max input!!!!
schedule: 7 level2_1/ijon_max/7
updated maxmap 7: 3ab (len: 526)
[1;94m[*] [0mFuzzing test case #230 (1279 total, 0 uniq crashes found)...[0m
[1;94m[*] [0mFuzzing test case #231 (1279 total, 0 uniq crashes found)...[0m
scheduled max input!!!!
schedule: 11 level2_1/ijon_max/11
updated maxmap 10: 427 (len: 557)
[1;94m[*] [0mFuzzing test case #232 (1279 total, 0 uniq crashes found)...[0m
scheduled max input!!!!
schedule: 3 level2_1/ijon_max/3
[1;94m[*] [0mFuzzing test case #233 (1279 total, 0 uniq crashes found)...[0m
scheduled max input!!!!
schedule: 4 level2_1/ijon_max/4
[1;94m[*] [0mFuzzing test case #234 (1279 total, 0 uniq crashes found)...[0m
[1;94m[*] [0mFuzzing test case #235 (1279 total, 0 uniq crashes found)...[0m
[1;94m[*] [0mFuzzing test case #236 (1279 total, 0 uniq crashes found)...[0m
scheduled max input!!!!
schedule: 8 level2_1/ijon_max/8
[1;94m[*] [0mFuzzing test case #237 (1279 total, 0 uniq crashes found)...[0m
[1;94m[*] [0mFuzzing test case #238 (1279 total, 0 uniq crashes found)...[0m
scheduled max input!!!!
schedule: 8 level2_1/ijon_max/8
[1;94m[*] [0mFuzzing test case #239 (1279 total, 0 uniq crashes found)...[0m
scheduled max input!!!!
schedule: 7 level2_1/ijon_max/7
[1;94m[*] [0mFuzzing test case #240 (1279 total, 0 uniq crashes found)...[0m
[1;94m[*] [0mFuzzing test case #241 (1279 total, 0 uniq crashes found)...[0m
scheduled max input!!!!
schedule: 8 level2_1/ijon_max/8
[1;94m[*] [0mFuzzing test case #242 (1279 total, 0 uniq crashes found)...[0m
scheduled max input!!!!
schedule: 2 level2_1/ijon_max/2
updated maxmap 2: 2f2 (len: 486)
updated maxmap 4: 2f1 (len: 486)
updated maxmap 4: 2fd (len: 489)
[1;94m[*] [0mFuzzing test case #243 (1280 total, 0 uniq crashes found)...[0m
scheduled max input!!!!
schedule: 4 level2_1/ijon_max/4
updated maxmap 2: 305 (len: 497)
[1;94m[*] [0mFuzzing test case #244 (1280 total, 0 uniq crashes found)...[0m
scheduled max input!!!!
schedule: 11 level2_1/ijon_max/11
updated maxmap 11: 426 (len: 557)
[1;94m[*] [0mFuzzing test case #245 (1280 total, 0 uniq crashes found)...[0m
scheduled max input!!!!
schedule: 9 level2_1/ijon_max/9
updated maxmap 9: 435 (len: 560)
[1;94m[*] [0mFuzzing test case #246 (1280 total, 0 uniq crashes found)...[0m
scheduled max input!!!!
schedule: 6 level2_1/ijon_max/6
updated maxmap 6: 3af (len: 530)
[1;94m[*] [0mFuzzing test case #247 (1280 total, 0 uniq crashes found)...[0m
scheduled max input!!!!
schedule: 5 level2_1/ijon_max/5
updated maxmap 6: 3b7 (len: 534)
updated maxmap 7: 3b4 (len: 534)
[1;94m[*] [0mFuzzing test case #248 (1280 total, 0 uniq crashes found)...[0m
[1;94m[*] [0mFuzzing test case #249 (1280 total, 0 uniq crashes found)...[0m
[1;94m[*] [0mFuzzing test case #250 (1280 total, 0 uniq crashes found)...[0m
scheduled max input!!!!
schedule: 9 level2_1/ijon_max/9
[1;94m[*] [0mFuzzing test case #251 (1280 total, 0 uniq crashes found)...[0m
scheduled max input!!!!
schedule: 8 level2_1/ijon_max/8
[1;94m[*] [0mFuzzing test case #252 (1280 total, 0 uniq crashes found)...[0m
scheduled max input!!!!
schedule: 2 level2_1/ijon_max/2
[1;94m[*] [0mFuzzing test case #253 (1280 total, 0 uniq crashes found)...[0m
scheduled max input!!!!
schedule: 2 level2_1/ijon_max/2
[1;94m[*] [0mFuzzing test case #254 (1280 total, 0 uniq crashes found)...[0m
scheduled max input!!!!
schedule: 2 level2_1/ijon_max/2
updated maxmap 3: 305 (len: 497)
updated maxmap 4: 309 (len: 499)
[1;94m[*] [0mFuzzing test case #255 (1281 total, 0 uniq crashes found)...[0m
scheduled max input!!!!
schedule: 10 level2_1/ijon_max/10
[1;94m[*] [0mFuzzing test case #256 (1281 total, 0 uniq crashes found)...[0m
scheduled max input!!!!
schedule: 10 level2_1/ijon_max/10
[1;94m[*] [0mFuzzing test case #257 (1281 total, 0 uniq crashes found)...[0m
scheduled max input!!!!
schedule: 5 level2_1/ijon_max/5
updated maxmap 5: 3ba (len: 534)
updated maxmap 5: 3bb (len: 534)
[1;94m[*] [0mFuzzing test case #258 (1281 total, 0 uniq crashes found)...[0m
[1;94m[*] [0mFuzzing test case #259 (1281 total, 0 uniq crashes found)...[0m
[1;94m[*] [0mFuzzing test case #260 (1281 total, 0 uniq crashes found)...[0m
scheduled max input!!!!
schedule: 11 level2_1/ijon_max/11
[1;94m[*] [0mFuzzing test case #261 (1281 total, 0 uniq crashes found)...[0m
scheduled max input!!!!
schedule: 2 level2_1/ijon_max/2
updated maxmap 2: 306 (len: 497)
updated maxmap 2: 307 (len: 503)
updated maxmap 3: 30d (len: 503)
[1;94m[*] [0mFuzzing test case #262 (1281 total, 0 uniq crashes found)...[0m
scheduled max input!!!!
schedule: 1 level2_1/ijon_max/1
[1;94m[*] [0mFuzzing test case #263 (1281 total, 0 uniq crashes found)...[0m
scheduled max input!!!!
schedule: 6 level2_1/ijon_max/6
updated maxmap 6: 3b8 (len: 534)
updated maxmap 7: 3b5 (len: 534)
[1;94m[*] [0mFuzzing test case #264 (1281 total, 0 uniq crashes found)...[0m
scheduled max input!!!!
schedule: 1 level2_1/ijon_max/1
[1;94m[*] [0mFuzzing test case #265 (1281 total, 0 uniq crashes found)...[0m
scheduled max input!!!!
schedule: 4 level2_1/ijon_max/4
updated maxmap 4: 30c (len: 502)
[1;94m[*] [0mFuzzing test case #266 (1281 total, 0 uniq crashes found)...[0m
scheduled max input!!!!
schedule: 1 level2_1/ijon_max/1
[1;94m[*] [0mFuzzing test case #267 (1281 total, 0 uniq crashes found)...[0m
scheduled max input!!!!
schedule: 9 level2_1/ijon_max/9
updated maxmap 10: 43b (len: 563)
[1;94m[*] [0mFuzzing test case #268 (1282 total, 0 uniq crashes found)...[0m
scheduled max input!!!!
schedule: 11 level2_1/ijon_max/11
[1;94m[*] [0mFuzzing test case #269 (1282 total, 0 uniq crashes found)...[0m
scheduled max input!!!!
schedule: 6 level2_1/ijon_max/6
updated maxmap 6: 3b9 (len: 534)
updated maxmap 7: 3b6 (len: 534)
[1;94m[*] [0mFuzzing test case #270 (1282 total, 0 uniq crashes found)...[0m
[1;94m[*] [0mFuzzing test case #271 (1282 total, 0 uniq crashes found)...[0m
scheduled max input!!!!
schedule: 1 level2_1/ijon_max/1
[1;94m[*] [0mFuzzing test case #272 (1282 total, 0 uniq crashes found)...[0m
scheduled max input!!!!
schedule: 11 level2_1/ijon_max/11
[1;94m[*] [0mFuzzing test case #273 (1282 total, 0 uniq crashes found)...[0m
scheduled max input!!!!
schedule: 9 level2_1/ijon_max/9
updated maxmap 9: 43b (len: 564)
updated maxmap 10: 43e (len: 564)
[1;94m[*] [0mFuzzing test case #274 (1282 total, 0 uniq crashes found)...[0m
[1;94m[*] [0mFuzzing test case #275 (1282 total, 0 uniq crashes found)...[0m
scheduled max input!!!!
schedule: 2 level2_1/ijon_max/2
updated maxmap 2: 308 (len: 504)
updated maxmap 3: 30e (len: 504)
updated maxmap 2: 309 (len: 503)
[1;94m[*] [0mFuzzing test case #276 (1282 total, 0 uniq crashes found)...[0m
[1;94m[*] [0mFuzzing test case #277 (1282 total, 0 uniq crashes found)...[0m
scheduled max input!!!!
schedule: 1 level2_1/ijon_max/1
[1;94m[*] [0mFuzzing test case #278 (1282 total, 0 uniq crashes found)...[0m
scheduled max input!!!!
schedule: 2 level2_1/ijon_max/2
[1;94m[*] [0mFuzzing test case #279 (1282 total, 0 uniq crashes found)...[0m
scheduled max input!!!!
schedule: 4 level2_1/ijon_max/4
[1;94m[*] [0mFuzzing test case #280 (1282 total, 0 uniq crashes found)...[0m
scheduled max input!!!!
schedule: 6 level2_1/ijon_max/6
[1;94m[*] [0mFuzzing test case #281 (1282 total, 0 uniq crashes found)...[0m
scheduled max input!!!!
schedule: 4 level2_1/ijon_max/4
updated maxmap 4: 30d (len: 502)
[1;94m[*] [0mFuzzing test case #282 (1283 total, 0 uniq crashes found)...[0m
scheduled max input!!!!
schedule: 11 level2_1/ijon_max/11
[1;94m[*] [0mFuzzing test case #283 (1283 total, 0 uniq crashes found)...[0m
scheduled max input!!!!
schedule: 6 level2_1/ijon_max/6
[1;94m[*] [0mFuzzing test case #284 (1283 total, 0 uniq crashes found)...[0m
[1;94m[*] [0mFuzzing test case #285 (1283 total, 0 uniq crashes found)...[0m
scheduled max input!!!!
schedule: 9 level2_1/ijon_max/9
updated maxmap 9: 43f (len: 567)
updated maxmap 10: 441 (len: 567)
[1;94m[*] [0mFuzzing test case #286 (1283 total, 0 uniq crashes found)...[0m
[1;94m[*] [0mFuzzing test case #287 (1283 total, 0 uniq crashes found)...[0m
[1;94m[*] [0mFuzzing test case #288 (1283 total, 0 uniq crashes found)...[0m
scheduled max input!!!!
schedule: 2 level2_1/ijon_max/2
[1;94m[*] [0mFuzzing test case #289 (1283 total, 0 uniq crashes found)...[0m
scheduled max input!!!!
schedule: 3 level2_1/ijon_max/3
updated maxmap 2: 30e (len: 504)
[1;94m[*] [0mFuzzing test case #290 (1283 total, 0 uniq crashes found)...[0m
scheduled max input!!!!
schedule: 8 level2_1/ijon_max/8
[1;94m[*] [0mFuzzing test case #291 (1283 total, 0 uniq crashes found)...[0m
scheduled max input!!!!
schedule: 6 level2_1/ijon_max/6
updated maxmap 5: 3c1 (len: 540)
[1;94m[*] [0mFuzzing test case #292 (1283 total, 0 uniq crashes found)...[0m
scheduled max input!!!!
schedule: 6 level2_1/ijon_max/6
[1;94m[*] [0mFuzzing test case #293 (1284 total, 0 uniq crashes found)...[0m
scheduled max input!!!!
schedule: 4 level2_1/ijon_max/4
updated maxmap 4: 30e (len: 502)
[1;94m[*] [0mFuzzing test case #294 (1284 total, 0 uniq crashes found)...[0m
scheduled max input!!!!
schedule: 4 level2_1/ijon_max/4
[1;94m[*] [0mFuzzing test case #295 (1284 total, 0 uniq crashes found)...[0m
scheduled max input!!!!
schedule: 11 level2_1/ijon_max/11
[1;94m[*] [0mFuzzing test case #296 (1285 total, 0 uniq crashes found)...[0m
scheduled max input!!!!
schedule: 2 level2_1/ijon_max/2
[1;94m[*] [0mFuzzing test case #297 (1285 total, 0 uniq crashes found)...[0m
[1;94m[*] [0mFuzzing test case #298 (1285 total, 0 uniq crashes found)...[0m
scheduled max input!!!!
schedule: 5 level2_1/ijon_max/5
updated maxmap 5: 3c2 (len: 540)
[1;94m[*] [0mFuzzing test case #299 (1285 total, 0 uniq crashes found)...[0m
scheduled max input!!!!
schedule: 11 level2_1/ijon_max/11
[1;94m[*] [0mFuzzing test case #300 (1285 total, 0 uniq crashes found)...[0m
scheduled max input!!!!
schedule: 4 level2_1/ijon_max/4
[1;94m[*] [0mFuzzing test case #301 (1285 total, 0 uniq crashes found)...[0m
scheduled max input!!!!
schedule: 5 level2_1/ijon_max/5
updated maxmap 5: 3c7 (len: 546)
updated maxmap 6: 3cd (len: 546)
[1;94m[*] [0mFuzzing test case #302 (1285 total, 0 uniq crashes found)...[0m
scheduled max input!!!!
schedule: 4 level2_1/ijon_max/4
[1;94m[*] [0mFuzzing test case #303 (1285 total, 0 uniq crashes found)...[0m
scheduled max input!!!!
schedule: 11 level2_1/ijon_max/11
[1;94m[*] [0mFuzzing test case #304 (1285 total, 0 uniq crashes found)...[0m
scheduled max input!!!!
schedule: 9 level2_1/ijon_max/9
updated maxmap 9: 440 (len: 567)
updated maxmap 10: 442 (len: 567)
updated maxmap 10: 443 (len: 567)
updated maxmap 9: 441 (len: 567)
updated maxmap 9: 442 (len: 567)
updated maxmap 10: 444 (len: 567)
updated maxmap 8: 429 (len: 567)
updated maxmap 11: 446 (len: 567)
updated maxmap 10: 445 (len: 567)
updated maxmap 10: 44b (len: 571)
updated maxmap 11: 44e (len: 571)
updated maxmap 9: 443 (len: 567)
updated maxmap 9: 458 (len: 575)
updated maxmap 10: 456 (len: 575)
updated maxmap 11: 450 (len: 575)
updated maxmap 8: 430 (len: 575)
updated maxmap 10: 457 (len: 575)
updated maxmap 8: 432 (len: 570)
updated maxmap 9: 45d (len: 576)
[1;94m[*] [0mFuzzing test case #305 (1295 total, 0 uniq crashes found)...[0m
scheduled max input!!!!
schedule: 11 level2_1/ijon_max/11
[1;94m[*] [0mFuzzing test case #306 (1296 total, 0 uniq crashes found)...[0m
scheduled max input!!!!
schedule: 10 level2_1/ijon_max/10
updated maxmap 11: 454 (len: 575)
updated maxmap 9: 467 (len: 582)
[1;94m[*] [0mFuzzing test case #307 (1298 total, 0 uniq crashes found)...[0m
[1;94m[*] [0mFuzzing test case #308 (1298 total, 0 uniq crashes found)...[0m
[1;94m[*] [0mFuzzing test case #309 (1298 total, 0 uniq crashes found)...[0m
scheduled max input!!!!
schedule: 10 level2_1/ijon_max/10
updated maxmap 8: 46e (len: 585)
updated maxmap 10: 45a (len: 585)
updated maxmap 11: 455 (len: 575)
updated maxmap 9: 468 (len: 582)
updated maxmap 11: 456 (len: 576)
updated maxmap 10: 45b (len: 579)
minimized maxmap 11: 456 (len: 575)
updated maxmap 9: 46b (len: 583)
updated maxmap 11: 457 (len: 575)
[1;94m[*] [0mFuzzing test case #310 (1307 total, 0 uniq crashes found)...[0m
scheduled max input!!!!
schedule: 3 level2_1/ijon_max/3
[1;94m[*] [0mFuzzing test case #311 (1307 total, 0 uniq crashes found)...[0m
[1;94m[*] [0mFuzzing test case #312 (1307 total, 0 uniq crashes found)...[0m
scheduled max input!!!!
schedule: 7 level2_1/ijon_max/7
[1;94m[*] [0mFuzzing test case #313 (1307 total, 0 uniq crashes found)...[0m
scheduled max input!!!!
schedule: 8 level2_1/ijon_max/8
updated maxmap 9: 470 (len: 592)
updated maxmap 10: 47a (len: 592)
updated maxmap 11: 47d (len: 592)
[1;94m[*] [0mFuzzing test case #314 (1308 total, 0 uniq crashes found)...[0m
[1;94m[*] [0mFuzzing test case #315 (1308 total, 0 uniq crashes found)...[0m
scheduled max input!!!!
schedule: 4 level2_1/ijon_max/4
[1;94m[*] [0mFuzzing test case #316 (1308 total, 0 uniq crashes found)...[0m
scheduled max input!!!!
schedule: 5 level2_1/ijon_max/5
updated maxmap 4: 3a3 (len: 546)
updated maxmap 4: 3b9 (len: 546)
updated maxmap 5: 3c8 (len: 546)
updated maxmap 6: 3ce (len: 546)
updated maxmap 6: 3cf (len: 547)
[1;94m[*] [0mFuzzing test case #317 (1309 total, 0 uniq crashes found)...[0m
scheduled max input!!!!
schedule: 7 level2_1/ijon_max/7
[1;94m[*] [0mFuzzing test case #318 (1309 total, 0 uniq crashes found)...[0m
scheduled max input!!!!
schedule: 11 level2_1/ijon_max/11
updated maxmap 9: 472 (len: 592)
updated maxmap 10: 47c (len: 592)
updated maxmap 11: 47e (len: 592)
updated maxmap 9: 474 (len: 592)
updated maxmap 10: 47e (len: 592)
updated maxmap 11: 480 (len: 592)
updated maxmap 9: 475 (len: 592)
updated maxmap 10: 47f (len: 592)
updated maxmap 11: 481 (len: 592)
updated maxmap 11: 484 (len: 594)
[1;94m[*] [0mFuzzing test case #319 (1309 total, 0 uniq crashes found)...[0m
scheduled max input!!!!
schedule: 11 level2_1/ijon_max/11
updated maxmap 9: 476 (len: 597)
updated maxmap 10: 480 (len: 597)
updated maxmap 11: 487 (len: 597)
minimized maxmap 9: 476 (len: 594)
minimized maxmap 10: 480 (len: 594)
updated maxmap 9: 477 (len: 594)
updated maxmap 10: 481 (len: 594)
[1;94m[*] [0mFuzzing test case #320 (1309 total, 0 uniq crashes found)...[0m
[1;94m[*] [0mFuzzing test case #321 (1309 total, 0 uniq crashes found)...[0m
scheduled max input!!!!
schedule: 11 level2_1/ijon_max/11
updated maxmap 8: 471 (len: 597)
updated maxmap 9: 47b (len: 597)
updated maxmap 10: 485 (len: 597)
updated maxmap 11: 48d (len: 597)
updated maxmap 8: 472 (len: 597)
updated maxmap 9: 47c (len: 597)
updated maxmap 10: 486 (len: 597)
[1;94m[*] [0mFuzzing test case #322 (1310 total, 0 uniq crashes found)...[0m
scheduled max input!!!!
schedule: 6 level2_1/ijon_max/6
updated maxmap 7: 3cb (len: 553)
updated maxmap 6: 3d0 (len: 547)
[1;94m[*] [0mFuzzing test case #323 (1310 total, 0 uniq crashes found)...[0m
[1;94m[*] [0mFuzzing test case #324 (1310 total, 0 uniq crashes found)...[0m
scheduled max input!!!!
schedule: 7 level2_1/ijon_max/7
updated maxmap 3: 3b5 (len: 558)
updated maxmap 4: 3be (len: 558)
updated maxmap 7: 3ce (len: 558)
[1;94m[*] [0mFuzzing test case #325 (1310 total, 0 uniq crashes found)...[0m
[1;94m[*] [0mFuzzing test case #326 (1310 total, 0 uniq crashes found)...[0m
scheduled max input!!!!
schedule: 8 level2_1/ijon_max/8
updated maxmap 9: 497 (len: 613)
[1;94m[*] [0mFuzzing test case #327 (1311 total, 0 uniq crashes found)...[0m
scheduled max input!!!!
schedule: 6 level2_1/ijon_max/6
updated maxmap 5: 3c9 (len: 547)
[1;94m[*] [0mFuzzing test case #328 (1311 total, 0 uniq crashes found)...[0m
scheduled max input!!!!
schedule: 11 level2_1/ijon_max/11
updated maxmap 9: 49b (len: 604)
updated maxmap 10: 48a (len: 604)
updated maxmap 10: 48b (len: 600)
[1;94m[*] [0mFuzzing test case #329 (1313 total, 0 uniq crashes found)...[0m
scheduled max input!!!!
schedule: 6 level2_1/ijon_max/6
updated maxmap 4: 3bf (len: 547)
[1;94m[*] [0mFuzzing test case #330 (1314 total, 0 uniq crashes found)...[0m
scheduled max input!!!!
schedule: 6 level2_1/ijon_max/6
updated maxmap 6: 3d1 (len: 547)
[1;94m[*] [0mFuzzing test case #331 (1315 total, 0 uniq crashes found)...[0m
[1;94m[*] [0mFuzzing test case #332 (1315 total, 0 uniq crashes found)...[0m
scheduled max input!!!!
schedule: 2 level2_1/ijon_max/2
[1;94m[*] [0mFuzzing test case #333 (1315 total, 0 uniq crashes found)...[0m
[1;94m[*] [0mFuzzing test case #334 (1315 total, 0 uniq crashes found)...[0m
[1;94m[*] [0mFuzzing test case #335 (1315 total, 0 uniq crashes found)...[0m
scheduled max input!!!!
schedule: 10 level2_1/ijon_max/10
updated maxmap 9: 4a3 (len: 608)
updated maxmap 10: 48c (len: 600)
updated maxmap 10: 48e (len: 604)
minimized maxmap 10: 48e (len: 600)
updated maxmap 9: 4a5 (len: 607)
[1;94m[*] [0mFuzzing test case #336 (1316 total, 0 uniq crashes found)...[0m
scheduled max input!!!!
schedule: 11 level2_1/ijon_max/11
updated maxmap 10: 493 (len: 603)
updated maxmap 11: 48f (len: 603)
updated maxmap 8: 473 (len: 597)
[1;94m[*] [0mFuzzing test case #337 (1316 total, 0 uniq crashes found)...[0m
scheduled max input!!!!
schedule: 3 level2_1/ijon_max/3
updated maxmap 5: 3cf (len: 558)
[1;94m[*] [0mFuzzing test case #338 (1316 total, 0 uniq crashes found)...[0m
scheduled max input!!!!
schedule: 7 level2_1/ijon_max/7
[1;94m[*] [0mFuzzing test case #339 (1316 total, 0 uniq crashes found)...[0m
scheduled max input!!!!
schedule: 6 level2_1/ijon_max/6
updated maxmap 7: 3cf (len: 553)
minimized maxmap 5: 3cf (len: 549)
[1;94m[*] [0mFuzzing test case #340 (1316 total, 0 uniq crashes found)...[0m
scheduled max input!!!!
schedule: 1 level2_1/ijon_max/1
[1;94m[*] [0mFuzzing test case #341 (1316 total, 0 uniq crashes found)...[0m
scheduled max input!!!!
schedule: 11 level2_1/ijon_max/11
updated maxmap 8: 474 (len: 603)
updated maxmap 11: 49c (len: 603)
updated maxmap 9: 4a7 (len: 611)
updated maxmap 10: 49d (len: 609)
updated maxmap 11: 49d (len: 603)
updated maxmap 8: 4a6 (len: 607)
[1;94m[*] [0mFuzzing test case #342 (1318 total, 0 uniq crashes found)...[0m
scheduled max input!!!!
schedule: 8 level2_1/ijon_max/8
updated maxmap 9: 4ab (len: 611)
updated maxmap 8: 4a7 (len: 607)
updated maxmap 8: 4ac (len: 609)
[1;94m[*] [0mFuzzing test case #343 (1319 total, 0 uniq crashes found)...[0m
scheduled max input!!!!
schedule: 6 level2_1/ijon_max/6
[1;94m[*] [0mFuzzing test case #344 (1319 total, 0 uniq crashes found)...[0m
[1;94m[*] [0mFuzzing test case #345 (1319 total, 0 uniq crashes found)...[0m
scheduled max input!!!!
schedule: 6 level2_1/ijon_max/6
[1;94m[*] [0mFuzzing test case #346 (1319 total, 0 uniq crashes found)...[0m
scheduled max input!!!!
schedule: 4 level2_1/ijon_max/4
[1;94m[*] [0mFuzzing test case #347 (1319 total, 0 uniq crashes found)...[0m
scheduled max input!!!!
schedule: 3 level2_1/ijon_max/3
updated maxmap 3: 3b6 (len: 558)
updated maxmap 7: 3d0 (len: 558)
[1;94m[*] [0mFuzzing test case #348 (1320 total, 0 uniq crashes found)...[0m
scheduled max input!!!!
schedule: 3 level2_1/ijon_max/3
updated maxmap 5: 3d0 (len: 564)
minimized maxmap 5: 3d0 (len: 558)
[1;94m[*] [0mFuzzing test case #349 (1320 total, 0 uniq crashes found)...[0m
scheduled max input!!!!
schedule: 6 level2_1/ijon_max/6
[1;94m[*] [0mFuzzing test case #350 (1320 total, 0 uniq crashes found)...[0m
scheduled max input!!!!
schedule: 10 level2_1/ijon_max/10
minimized maxmap 9: 4ab (len: 609)
updated maxmap 9: 4b3 (len: 616)
updated maxmap 10: 4bd (len: 616)
updated maxmap 11: 4a9 (len: 609)
updated maxmap 11: 4b6 (len: 614)
minimized maxmap 9: 4b3 (len: 614)
updated maxmap 9: 4b4 (len: 614)
updated maxmap 11: 4bc (len: 616)
updated maxmap 8: 4b4 (len: 614)
[1;94m[*] [0mFuzzing test case #351 (1334 total, 0 uniq crashes found)...[0m
scheduled max input!!!!
schedule: 5 level2_1/ijon_max/5
[1;94m[*] [0mFuzzing test case #352 (1334 total, 0 uniq crashes found)...[0m
scheduled max input!!!!
schedule: 5 level2_1/ijon_max/5
[1;94m[*] [0mFuzzing test case #353 (1334 total, 0 uniq crashes found)...[0m
[1;94m[*] [0mFuzzing test case #354 (1334 total, 0 uniq crashes found)...[0m
[1;94m[*] [0mFuzzing test case #355 (1334 total, 0 uniq crashes found)...[0m
scheduled max input!!!!
schedule: 5 level2_1/ijon_max/5
[1;94m[*] [0mFuzzing test case #356 (1334 total, 0 uniq crashes found)...[0m
scheduled max input!!!!
schedule: 7 level2_1/ijon_max/7
updated maxmap 4: 3c0 (len: 558)
[1;94m[*] [0mFuzzing test case #357 (1334 total, 0 uniq crashes found)...[0m
[1;94m[*] [0mFuzzing test case #358 (1334 total, 0 uniq crashes found)...[0m
scheduled max input!!!!
schedule: 5 level2_1/ijon_max/5
[1;94m[*] [0mFuzzing test case #359 (1334 total, 0 uniq crashes found)...[0m
scheduled max input!!!!
schedule: 6 level2_1/ijon_max/6
[1;94m[*] [0mFuzzing test case #360 (1334 total, 0 uniq crashes found)...[0m
[1;94m[*] [0mFuzzing test case #361 (1334 total, 0 uniq crashes found)...[0m
scheduled max input!!!!
schedule: 8 level2_1/ijon_max/8
updated maxmap 8: 4b5 (len: 614)
updated maxmap 9: 4bf (len: 618)
updated maxmap 8: 4b6 (len: 614)
updated maxmap 8: 4b8 (len: 614)
updated maxmap 7: 4af (len: 614)
updated maxmap 10: 4c7 (len: 622)
updated maxmap 11: 4cc (len: 622)
updated maxmap 8: 4b9 (len: 614)
updated maxmap 8: 4ba (len: 614)
updated maxmap 9: 4c1 (len: 617)
updated maxmap 9: 4c6 (len: 620)
updated maxmap 10: 4c9 (len: 620)
[1;94m[*] [0mFuzzing test case #362 (1347 total, 0 uniq crashes found)...[0m
[1;94m[*] [0mFuzzing test case #363 (1347 total, 0 uniq crashes found)...[0m
scheduled max input!!!!
schedule: 3 level2_1/ijon_max/3
[1;94m[*] [0mFuzzing test case #364 (1347 total, 0 uniq crashes found)...[0m
scheduled max input!!!!
schedule: 8 level2_1/ijon_max/8
[1;94m[*] [0mFuzzing test case #365 (1348 total, 0 uniq crashes found)...[0m
[1;94m[*] [0mFuzzing test case #366 (1348 total, 0 uniq crashes found)...[0m
scheduled max input!!!!
schedule: 6 level2_1/ijon_max/6
[1;94m[*] [0mFuzzing test case #367 (1348 total, 0 uniq crashes found)...[0m
[1;94m[*] [0mFuzzing test case #368 (1348 total, 0 uniq crashes found)...[0m
scheduled max input!!!!
schedule: 4 level2_1/ijon_max/4
updated maxmap 4: 3d0 (len: 558)
[1;94m[*] [0mFuzzing test case #369 (1348 total, 0 uniq crashes found)...[0m
scheduled max input!!!!
schedule: 2 level2_1/ijon_max/2
[1;94m[*] [0mFuzzing test case #370 (1348 total, 0 uniq crashes found)...[0m
scheduled max input!!!!
schedule: 3 level2_1/ijon_max/3
[1;94m[*] [0mFuzzing test case #371 (1348 total, 0 uniq crashes found)...[0m
scheduled max input!!!!
schedule: 1 level2_1/ijon_max/1
[1;94m[*] [0mFuzzing test case #372 (1348 total, 0 uniq crashes found)...[0m
scheduled max input!!!!
schedule: 6 level2_1/ijon_max/6
[1;94m[*] [0mFuzzing test case #373 (1348 total, 0 uniq crashes found)...[0m
[1;94m[*] [0mFuzzing test case #374 (1348 total, 0 uniq crashes found)...[0m
scheduled max input!!!!
schedule: 1 level2_1/ijon_max/1
[1;94m[*] [0mFuzzing test case #375 (1348 total, 0 uniq crashes found)...[0m
scheduled max input!!!!
schedule: 8 level2_1/ijon_max/8
[1;94m[*] [0mFuzzing test case #376 (1348 total, 0 uniq crashes found)...[0m
scheduled max input!!!!
schedule: 5 level2_1/ijon_max/5
[1;94m[*] [0mFuzzing test case #377 (1348 total, 0 uniq crashes found)...[0m
scheduled max input!!!!
schedule: 7 level2_1/ijon_max/7
updated maxmap 7: 4b0 (len: 614)
updated maxmap 10: 4cb (len: 622)
[1;94m[*] [0mFuzzing test case #378 (1349 total, 0 uniq crashes found)...[0m
scheduled max input!!!!
schedule: 2 level2_1/ijon_max/2
[1;94m[*] [0mFuzzing test case #379 (1349 total, 0 uniq crashes found)...[0m
scheduled max input!!!!
schedule: 2 level2_1/ijon_max/2
[1;94m[*] [0mFuzzing test case #380 (1349 total, 0 uniq crashes found)...[0m
scheduled max input!!!!
schedule: 9 level2_1/ijon_max/9
updated maxmap 8: 4bb (len: 620)
[1;94m[*] [0mFuzzing test case #381 (1350 total, 0 uniq crashes found)...[0m
[1;94m[*] [0mFuzzing test case #382 (1350 total, 0 uniq crashes found)...[0m
scheduled max input!!!!
schedule: 1 level2_1/ijon_max/1
[1;94m[*] [0mFuzzing test case #383 (1350 total, 0 uniq crashes found)...[0m
scheduled max input!!!!
schedule: 2 level2_1/ijon_max/2
[1;94m[*] [0mFuzzing test case #384 (1350 total, 0 uniq crashes found)...[0m
scheduled max input!!!!
schedule: 7 level2_1/ijon_max/7
[1;94m[*] [0mFuzzing test case #385 (1350 total, 0 uniq crashes found)...[0m
scheduled max input!!!!
schedule: 4 level2_1/ijon_max/4
updated maxmap 5: 3d1 (len: 558)
[1;94m[*] [0mFuzzing test case #386 (1350 total, 0 uniq crashes found)...[0m
scheduled max input!!!!
schedule: 7 level2_1/ijon_max/7
[1;94m[*] [0mFuzzing test case #387 (1350 total, 0 uniq crashes found)...[0m
scheduled max input!!!!
schedule: 5 level2_1/ijon_max/5
updated maxmap 5: 3d2 (len: 559)
minimized maxmap 5: 3d2 (len: 558)
[1;94m[*] [0mFuzzing test case #388 (1350 total, 0 uniq crashes found)...[0m
scheduled max input!!!!
schedule: 8 level2_1/ijon_max/8
updated maxmap 8: 4bc (len: 620)
updated maxmap 8: 4c0 (len: 620)
[1;94m[*] [0mFuzzing test case #389 (1350 total, 0 uniq crashes found)...[0m
scheduled max input!!!!
schedule: 2 level2_1/ijon_max/2
[1;94m[*] [0mFuzzing test case #390 (1350 total, 0 uniq crashes found)...[0m
[1;94m[*] [0mFuzzing test case #391 (1350 total, 0 uniq crashes found)...[0m
[1;94m[*] [0mFuzzing test case #392 (1350 total, 0 uniq crashes found)...[0m
scheduled max input!!!!
schedule: 4 level2_1/ijon_max/4
updated maxmap 6: 3d3 (len: 558)
[1;94m[*] [0mFuzzing test case #393 (1350 total, 0 uniq crashes found)...[0m
scheduled max input!!!!
schedule: 11 level2_1/ijon_max/11
updated maxmap 9: 4c8 (len: 622)
[1;94m[*] [0mFuzzing test case #394 (1350 total, 0 uniq crashes found)...[0m
scheduled max input!!!!
schedule: 2 level2_1/ijon_max/2
[1;94m[*] [0mFuzzing test case #395 (1350 total, 0 uniq crashes found)...[0m
scheduled max input!!!!
schedule: 9 level2_1/ijon_max/9
updated maxmap 9: 4c9 (len: 622)
[1;94m[*] [0mFuzzing test case #396 (1350 total, 0 uniq crashes found)...[0m
scheduled max input!!!!
schedule: 7 level2_1/ijon_max/7
[1;94m[*] [0mFuzzing test case #397 (1350 total, 0 uniq crashes found)...[0m
scheduled max input!!!!
schedule: 2 level2_1/ijon_max/2
[1;94m[*] [0mFuzzing test case #398 (1350 total, 0 uniq crashes found)...[0m
scheduled max input!!!!
schedule: 11 level2_1/ijon_max/11
[1;94m[*] [0mFuzzing test case #399 (1350 total, 0 uniq crashes found)...[0m
scheduled max input!!!!
schedule: 5 level2_1/ijon_max/5
updated maxmap 3: 3cf (len: 558)
updated maxmap 4: 3d1 (len: 558)
[1;94m[*] [0mFuzzing test case #400 (1350 total, 0 uniq crashes found)...[0m
scheduled max input!!!!
schedule: 11 level2_1/ijon_max/11
[1;94m[*] [0mFuzzing test case #401 (1350 total, 0 uniq crashes found)...[0m
scheduled max input!!!!
schedule: 5 level2_1/ijon_max/5
[1;94m[*] [0mFuzzing test case #402 (1350 total, 0 uniq crashes found)...[0m
scheduled max input!!!!
schedule: 11 level2_1/ijon_max/11
updated maxmap 10: 4cc (len: 629)
[1;94m[*] [0mFuzzing test case #403 (1350 total, 0 uniq crashes found)...[0m
scheduled max input!!!!
schedule: 3 level2_1/ijon_max/3
[1;94m[*] [0mFuzzing test case #404 (1350 total, 0 uniq crashes found)...[0m
scheduled max input!!!!
schedule: 1 level2_1/ijon_max/1
[1;94m[*] [0mFuzzing test case #405 (1350 total, 0 uniq crashes found)...[0m
scheduled max input!!!!
schedule: 6 level2_1/ijon_max/6
[1;94m[*] [0mFuzzing test case #406 (1350 total, 0 uniq crashes found)...[0m
scheduled max input!!!!
schedule: 4 level2_1/ijon_max/4
[1;94m[*] [0mFuzzing test case #407 (1350 total, 0 uniq crashes found)...[0m
scheduled max input!!!!
schedule: 1 level2_1/ijon_max/1
updated maxmap 1: 296 (len: 447)
[1;94m[*] [0mFuzzing test case #408 (1350 total, 0 uniq crashes found)...[0m
scheduled max input!!!!
schedule: 9 level2_1/ijon_max/9
updated maxmap 10: 4d0 (len: 627)
updated maxmap 11: 4d5 (len: 627)
[1;94m[*] [0mFuzzing test case #409 (1350 total, 0 uniq crashes found)...[0m
scheduled max input!!!!
schedule: 6 level2_1/ijon_max/6
[1;94m[*] [0mFuzzing test case #410 (1350 total, 0 uniq crashes found)...[0m
scheduled max input!!!!
schedule: 10 level2_1/ijon_max/10
updated maxmap 9: 4e2 (len: 632)
updated maxmap 10: 4d8 (len: 632)
updated maxmap 11: 4d7 (len: 628)
updated maxmap 10: 4e2 (len: 634)
updated maxmap 11: 4e7 (len: 634)
updated maxmap 10: 4e3 (len: 634)
updated maxmap 8: 4e1 (len: 642)
updated maxmap 9: 4ed (len: 642)
updated maxmap 10: 4f4 (len: 642)
[1;94m[*] [0mFuzzing test case #411 (1360 total, 0 uniq crashes found)...[0m
scheduled max input!!!!
schedule: 3 level2_1/ijon_max/3
[1;94m[*] [0mFuzzing test case #412 (1360 total, 0 uniq crashes found)...[0m
scheduled max input!!!!
schedule: 3 level2_1/ijon_max/3
[1;94m[*] [0mFuzzing test case #413 (1360 total, 0 uniq crashes found)...[0m
scheduled max input!!!!
schedule: 5 level2_1/ijon_max/5
[1;94m[*] [0mFuzzing test case #414 (1360 total, 0 uniq crashes found)...[0m
scheduled max input!!!!
schedule: 6 level2_1/ijon_max/6
[1;94m[*] [0mFuzzing test case #415 (1360 total, 0 uniq crashes found)...[0m
scheduled max input!!!!
schedule: 2 level2_1/ijon_max/2
[1;94m[*] [0mFuzzing test case #416 (1360 total, 0 uniq crashes found)...[0m
scheduled max input!!!!
schedule: 10 level2_1/ijon_max/10
updated maxmap 9: 4ee (len: 642)
updated maxmap 10: 4f5 (len: 642)
updated maxmap 8: 4e3 (len: 642)
updated maxmap 9: 4ef (len: 642)
updated maxmap 10: 4f6 (len: 642)
updated maxmap 8: 4e5 (len: 642)
updated maxmap 9: 4f1 (len: 642)
updated maxmap 10: 4f8 (len: 642)
updated maxmap 9: 4f4 (len: 645)
updated maxmap 10: 4fc (len: 645)
updated maxmap 11: 4ff (len: 645)
minimized maxmap 9: 4f4 (len: 642)
updated maxmap 11: 501 (len: 648)
updated maxmap 12: 506 (len: 648)
updated maxmap 9: 500 (len: 647)
updated maxmap 10: 4fd (len: 646)
minimized maxmap 11: 501 (len: 646)
updated maxmap 8: 510 (len: 650)
updated maxmap 9: 501 (len: 650)
updated maxmap 9: 509 (len: 649)
updated maxmap 10: 50e (len: 649)
[1;94m[*] [0mFuzzing test case #417 (1376 total, 0 uniq crashes found)...[0m
scheduled max input!!!!
schedule: 2 level2_1/ijon_max/2
[1;94m[*] [0mFuzzing test case #418 (1376 total, 0 uniq crashes found)...[0m
[1;94m[*] [0mFuzzing test case #419 (1376 total, 0 uniq crashes found)...[0m
[1;94m[*] [0mFuzzing test case #420 (1376 total, 0 uniq crashes found)...[0m
scheduled max input!!!!
schedule: 8 level2_1/ijon_max/8
updated maxmap 8: 513 (len: 652)
updated maxmap 9: 51f (len: 657)
updated maxmap 11: 509 (len: 650)
updated maxmap 12: 50e (len: 650)
updated maxmap 8: 514 (len: 654)
[1;94m[*] [0mFuzzing test case #421 (1378 total, 0 uniq crashes found)...[0m
scheduled max input!!!!
schedule: 4 level2_1/ijon_max/4
[1;94m[*] [0mFuzzing test case #422 (1378 total, 0 uniq crashes found)...[0m
scheduled max input!!!!
schedule: 4 level2_1/ijon_max/4
[1;94m[*] [0mFuzzing test case #423 (1378 total, 0 uniq crashes found)...[0m
scheduled max input!!!!
schedule: 3 level2_1/ijon_max/3
[1;94m[*] [0mFuzzing test case #424 (1378 total, 0 uniq crashes found)...[0m
scheduled max input!!!!
schedule: 3 level2_1/ijon_max/3
[1;94m[*] [0mFuzzing test case #425 (1378 total, 0 uniq crashes found)...[0m
scheduled max input!!!!
schedule: 9 level2_1/ijon_max/9
updated maxmap 9: 521 (len: 657)
updated maxmap 9: 536 (len: 665)
updated maxmap 10: 533 (len: 665)
updated maxmap 11: 52c (len: 665)
updated maxmap 12: 519 (len: 666)
updated maxmap 13: 523 (len: 666)
updated maxmap 14: 52d (len: 666)
updated maxmap 15: 537 (len: 666)
updated maxmap 0: 531 (len: 665)
updated maxmap 11: 52e (len: 662)
updated maxmap 8: 51d (len: 657)
minimized maxmap 12: 519 (len: 658)
minimized maxmap 13: 523 (len: 658)
updated maxmap 0: 532 (len: 667)
[1;94m[*] [0mFuzzing test case #426 (1402 total, 0 uniq crashes found)...[0m
scheduled max input!!!!
schedule: 15 level2_1/ijon_max/15
[1;94m[*] [0mFuzzing test case #427 (1402 total, 0 uniq crashes found)...[0m
scheduled max input!!!!
schedule: 10 level2_1/ijon_max/10
[1;94m[*] [0mFuzzing test case #428 (1402 total, 0 uniq crashes found)...[0m
scheduled max input!!!!
schedule: 15 level2_1/ijon_max/15
updated maxmap 10: 536 (len: 666)
updated maxmap 11: 52f (len: 666)
updated maxmap 12: 51a (len: 666)
updated maxmap 13: 524 (len: 666)
updated maxmap 14: 52e (len: 666)
updated maxmap 15: 538 (len: 666)
updated maxmap 0: 53a (len: 674)
[1;94m[*] [0mFuzzing test case #429 (1403 total, 0 uniq crashes found)...[0m
scheduled max input!!!!
schedule: 15 level2_1/ijon_max/15
[1;94m[*] [0mFuzzing test case #430 (1403 total, 0 uniq crashes found)...[0m
[1;94m[*] [0mFuzzing test case #431 (1403 total, 0 uniq crashes found)...[0m
[1;94m[*] [0mFuzzing test case #432 (1403 total, 0 uniq crashes found)...[0m
scheduled max input!!!!
schedule: 10 level2_1/ijon_max/10
updated maxmap 11: 531 (len: 666)
[1;94m[*] [0mFuzzing test case #433 (1403 total, 0 uniq crashes found)...[0m
[1;94m[*] [0mFuzzing test case #434 (1403 total, 0 uniq crashes found)...[0m
scheduled max input!!!!
schedule: 3 level2_1/ijon_max/3
[1;94m[*] [0mFuzzing test case #435 (1403 total, 0 uniq crashes found)...[0m
scheduled max input!!!!
schedule: 14 level2_1/ijon_max/14
[1;94m[*] [0mFuzzing test case #436 (1403 total, 0 uniq crashes found)...[0m
scheduled max input!!!!
schedule: 7 level2_1/ijon_max/7
[1;94m[*] [0mFuzzing test case #437 (1403 total, 0 uniq crashes found)...[0m
scheduled max input!!!!
schedule: 13 level2_1/ijon_max/13
[1;94m[*] [0mFuzzing test case #438 (1403 total, 0 uniq crashes found)...[0m
[1;94m[*] [0mFuzzing test case #439 (1403 total, 0 uniq crashes found)...[0m
scheduled max input!!!!
schedule: 3 level2_1/ijon_max/3
[1;94m[*] [0mFuzzing test case #440 (1403 total, 0 uniq crashes found)...[0m
scheduled max input!!!!
schedule: 5 level2_1/ijon_max/5
[1;94m[*] [0mFuzzing test case #441 (1403 total, 0 uniq crashes found)...[0m
scheduled max input!!!!
schedule: 10 level2_1/ijon_max/10
updated maxmap 10: 537 (len: 666)
updated maxmap 10: 539 (len: 666)
updated maxmap 11: 532 (len: 666)
updated maxmap 9: 539 (len: 666)
updated maxmap 12: 520 (len: 666)
updated maxmap 13: 525 (len: 666)
updated maxmap 14: 52f (len: 666)
updated maxmap 15: 539 (len: 666)
updated maxmap 9: 545 (len: 671)
updated maxmap 10: 53b (len: 671)
updated maxmap 11: 534 (len: 671)
minimized maxmap 11: 534 (len: 666)
updated maxmap 13: 526 (len: 666)
updated maxmap 14: 530 (len: 666)
updated maxmap 11: 535 (len: 674)
minimized maxmap 10: 53b (len: 667)
updated maxmap 11: 536 (len: 667)
minimized maxmap 11: 536 (len: 666)
updated maxmap 11: 537 (len: 666)
updated maxmap 9: 547 (len: 672)
[1;94m[*] [0mFuzzing test case #442 (1418 total, 0 uniq crashes found)...[0m
scheduled max input!!!!
schedule: 10 level2_1/ijon_max/10
updated maxmap 10: 53c (len: 667)
[1;94m[*] [0mFuzzing test case #443 (1418 total, 0 uniq crashes found)...[0m
scheduled max input!!!!
schedule: 9 level2_1/ijon_max/9
minimized maxmap 0: 53a (len: 672)
updated maxmap 9: 54c (len: 674)
updated maxmap 8: 51e (len: 674)
updated maxmap 10: 53d (len: 674)
[1;94m[*] [0mFuzzing test case #444 (1419 total, 0 uniq crashes found)...[0m
[1;94m[*] [0mFuzzing test case #445 (1419 total, 0 uniq crashes found)...[0m
scheduled max input!!!!
schedule: 7 level2_1/ijon_max/7
[1;94m[*] [0mFuzzing test case #446 (1419 total, 0 uniq crashes found)...[0m
scheduled max input!!!!
schedule: 6 level2_1/ijon_max/6
[1;94m[*] [0mFuzzing test case #447 (1419 total, 0 uniq crashes found)...[0m
scheduled max input!!!!
schedule: 13 level2_1/ijon_max/13
updated maxmap 15: 53a (len: 666)
[1;94m[*] [0mFuzzing test case #448 (1419 total, 0 uniq crashes found)...[0m
scheduled max input!!!!
schedule: 7 level2_1/ijon_max/7
[1;94m[*] [0mFuzzing test case #449 (1419 total, 0 uniq crashes found)...[0m
scheduled max input!!!!
schedule: 14 level2_1/ijon_max/14
[1;94m[*] [0mFuzzing test case #450 (1419 total, 0 uniq crashes found)...[0m
scheduled max input!!!!
schedule: 9 level2_1/ijon_max/9
[1;94m[*] [0mFuzzing test case #451 (1419 total, 0 uniq crashes found)...[0m
scheduled max input!!!!
schedule: 0 level2_1/ijon_max/0
updated maxmap 0: 53b (len: 672)
[1;94m[*] [0mFuzzing test case #452 (1420 total, 0 uniq crashes found)...[0m
[1;94m[*] [0mFuzzing test case #453 (1420 total, 0 uniq crashes found)...[0m
[1;94m[*] [0mFuzzing test case #454 (1420 total, 0 uniq crashes found)...[0m
scheduled max input!!!!
schedule: 12 level2_1/ijon_max/12
[1;94m[*] [0mFuzzing test case #455 (1420 total, 0 uniq crashes found)...[0m
scheduled max input!!!!
schedule: 4 level2_1/ijon_max/4
[1;94m[*] [0mFuzzing test case #456 (1420 total, 0 uniq crashes found)...[0m
scheduled max input!!!!
schedule: 13 level2_1/ijon_max/13
[1;94m[*] [0mFuzzing test case #457 (1420 total, 0 uniq crashes found)...[0m
scheduled max input!!!!
schedule: 3 level2_1/ijon_max/3
[1;94m[*] [0mFuzzing test case #458 (1420 total, 0 uniq crashes found)...[0m
scheduled max input!!!!
schedule: 5 level2_1/ijon_max/5
[1;94m[*] [0mFuzzing test case #459 (1420 total, 0 uniq crashes found)...[0m
[1;94m[*] [0mFuzzing test case #460 (1420 total, 0 uniq crashes found)...[0m
scheduled max input!!!!
schedule: 3 level2_1/ijon_max/3
[1;94m[*] [0mFuzzing test case #461 (1420 total, 0 uniq crashes found)...[0m
scheduled max input!!!!
schedule: 7 level2_1/ijon_max/7
[1;94m[*] [0mFuzzing test case #462 (1420 total, 0 uniq crashes found)...[0m
scheduled max input!!!!
schedule: 1 level2_1/ijon_max/1
[1;94m[*] [0mFuzzing test case #463 (1420 total, 0 uniq crashes found)...[0m
scheduled max input!!!!
schedule: 2 level2_1/ijon_max/2
[1;94m[*] [0mFuzzing test case #464 (1420 total, 0 uniq crashes found)...[0m
[1;94m[*] [0mFuzzing test case #465 (1420 total, 0 uniq crashes found)...[0m
scheduled max input!!!!
schedule: 8 level2_1/ijon_max/8
updated maxmap 8: 51f (len: 674)
updated maxmap 11: 538 (len: 674)
updated maxmap 10: 53e (len: 674)
updated maxmap 11: 539 (len: 674)
updated maxmap 10: 53f (len: 674)
updated maxmap 8: 521 (len: 674)
updated maxmap 10: 541 (len: 674)
updated maxmap 11: 53b (len: 674)
updated maxmap 8: 522 (len: 674)
updated maxmap 9: 553 (len: 683)
updated maxmap 10: 544 (len: 683)
updated maxmap 11: 53e (len: 683)
updated maxmap 11: 541 (len: 674)
[1;94m[*] [0mFuzzing test case #466 (1423 total, 0 uniq crashes found)...[0m
scheduled max input!!!!
schedule: 5 level2_1/ijon_max/5
[1;94m[*] [0mFuzzing test case #467 (1423 total, 0 uniq crashes found)...[0m
scheduled max input!!!!
schedule: 0 level2_1/ijon_max/0
[1;94m[*] [0mFuzzing test case #468 (1423 total, 0 uniq crashes found)...[0m
scheduled max input!!!!
schedule: 4 level2_1/ijon_max/4
[1;94m[*] [0mFuzzing test case #469 (1423 total, 0 uniq crashes found)...[0m
scheduled max input!!!!
schedule: 1 level2_1/ijon_max/1
[1;94m[*] [0mFuzzing test case #470 (1423 total, 0 uniq crashes found)...[0m
scheduled max input!!!!
schedule: 7 level2_1/ijon_max/7
[1;94m[*] [0mFuzzing test case #471 (1423 total, 0 uniq crashes found)...[0m
scheduled max input!!!!
schedule: 14 level2_1/ijon_max/14
[1;94m[*] [0mFuzzing test case #472 (1423 total, 0 uniq crashes found)...[0m
scheduled max input!!!!
schedule: 12 level2_1/ijon_max/12
[1;94m[*] [0mFuzzing test case #473 (1423 total, 0 uniq crashes found)...[0m
scheduled max input!!!!
schedule: 12 level2_1/ijon_max/12
[1;94m[*] [0mFuzzing test case #474 (1423 total, 0 uniq crashes found)...[0m
scheduled max input!!!!
schedule: 9 level2_1/ijon_max/9
updated maxmap 9: 55f (len: 683)
updated maxmap 9: 561 (len: 683)
updated maxmap 10: 546 (len: 683)
updated maxmap 9: 562 (len: 683)
updated maxmap 10: 547 (len: 683)
updated maxmap 9: 563 (len: 683)
updated maxmap 10: 563 (len: 683)
[1;94m[*] [0mFuzzing test case #475 (1425 total, 0 uniq crashes found)...[0m
scheduled max input!!!!
schedule: 11 level2_1/ijon_max/11
updated maxmap 11: 542 (len: 674)
[1;94m[*] [0mFuzzing test case #476 (1425 total, 0 uniq crashes found)...[0m
scheduled max input!!!!
schedule: 3 level2_1/ijon_max/3
[1;94m[*] [0mFuzzing test case #477 (1425 total, 0 uniq crashes found)...[0m
scheduled max input!!!!
schedule: 4 level2_1/ijon_max/4
[1;94m[*] [0mFuzzing test case #478 (1425 total, 0 uniq crashes found)...[0m
scheduled max input!!!!
schedule: 13 level2_1/ijon_max/13
[1;94m[*] [0mFuzzing test case #479 (1425 total, 0 uniq crashes found)...[0m
scheduled max input!!!!
schedule: 11 level2_1/ijon_max/11
[1;94m[*] [0mFuzzing test case #480 (1425 total, 0 uniq crashes found)...[0m
scheduled max input!!!!
schedule: 3 level2_1/ijon_max/3
[1;94m[*] [0mFuzzing test case #481 (1425 total, 0 uniq crashes found)...[0m
[1;94m[*] [0mFuzzing test case #482 (1425 total, 0 uniq crashes found)...[0m
scheduled max input!!!!
schedule: 9 level2_1/ijon_max/9
updated maxmap 10: 56c (len: 687)
updated maxmap 8: 523 (len: 683)
updated maxmap 11: 549 (len: 683)
updated maxmap 7: 529 (len: 688)
updated maxmap 8: 533 (len: 688)
updated maxmap 9: 56f (len: 688)
updated maxmap 11: 54c (len: 688)
minimized maxmap 7: 529 (len: 683)
minimized maxmap 8: 533 (len: 683)
minimized maxmap 11: 54c (len: 683)
updated maxmap 7: 52c (len: 683)
updated maxmap 8: 536 (len: 683)
updated maxmap 11: 551 (len: 683)
updated maxmap 7: 570 (len: 690)
updated maxmap 8: 573 (len: 690)
updated maxmap 11: 553 (len: 687)
updated maxmap 11: 558 (len: 684)
updated maxmap 10: 56d (len: 690)
[1;94m[*] [0mFuzzing test case #483 (1438 total, 0 uniq crashes found)...[0m
scheduled max input!!!!
schedule: 11 level2_1/ijon_max/11
updated maxmap 11: 55d (len: 684)
updated maxmap 8: 576 (len: 692)
updated maxmap 11: 55f (len: 684)
[1;94m[*] [0mFuzzing test case #484 (1440 total, 0 uniq crashes found)...[0m
[1;94m[*] [0mFuzzing test case #485 (1440 total, 0 uniq crashes found)...[0m
scheduled max input!!!!
schedule: 3 level2_1/ijon_max/3
[1;94m[*] [0mFuzzing test case #486 (1440 total, 0 uniq crashes found)...[0m
scheduled max input!!!!
schedule: 1 level2_1/ijon_max/1
[1;94m[*] [0mFuzzing test case #487 (1440 total, 0 uniq crashes found)...[0m
scheduled max input!!!!
schedule: 6 level2_1/ijon_max/6
[1;94m[*] [0mFuzzing test case #488 (1440 total, 0 uniq crashes found)...[0m
scheduled max input!!!!
schedule: 9 level2_1/ijon_max/9
updated maxmap 9: 570 (len: 688)
[1;94m[*] [0mFuzzing test case #489 (1441 total, 0 uniq crashes found)...[0m
scheduled max input!!!!
schedule: 2 level2_1/ijon_max/2
[1;94m[*] [0mFuzzing test case #490 (1441 total, 0 uniq crashes found)...[0m
scheduled max input!!!!
schedule: 8 level2_1/ijon_max/8
updated maxmap 8: 577 (len: 692)
updated maxmap 10: 588 (len: 699)
updated maxmap 11: 583 (len: 699)
updated maxmap 8: 578 (len: 692)
updated maxmap 9: 577 (len: 692)
updated maxmap 7: 577 (len: 692)
[1;94m[*] [0mFuzzing test case #491 (1443 total, 0 uniq crashes found)...[0m
scheduled max input!!!!
schedule: 10 level2_1/ijon_max/10
updated maxmap 11: 584 (len: 699)
updated maxmap 10: 58a (len: 703)
updated maxmap 11: 585 (len: 703)
updated maxmap 8: 58c (len: 705)
updated maxmap 9: 589 (len: 705)
updated maxmap 10: 58c (len: 704)
minimized maxmap 11: 585 (len: 701)
[1;94m[*] [0mFuzzing test case #492 (1457 total, 0 uniq crashes found)...[0m
scheduled max input!!!!
schedule: 12 level2_1/ijon_max/12
[1;94m[*] [0mFuzzing test case #493 (1457 total, 0 uniq crashes found)...[0m
scheduled max input!!!!
schedule: 2 level2_1/ijon_max/2
[1;94m[*] [0mFuzzing test case #494 (1457 total, 0 uniq crashes found)...[0m
[1;94m[*] [0mFuzzing test case #495 (1457 total, 0 uniq crashes found)...[0m
scheduled max input!!!!
schedule: 13 level2_1/ijon_max/13
[1;94m[*] [0mFuzzing test case #496 (1457 total, 0 uniq crashes found)...[0m
scheduled max input!!!!
schedule: 7 level2_1/ijon_max/7
updated maxmap 7: 578 (len: 692)
updated maxmap 9: 58b (len: 700)
[1;94m[*] [0mFuzzing test case #497 (1457 total, 0 uniq crashes found)...[0m
scheduled max input!!!!
schedule: 11 level2_1/ijon_max/11
updated maxmap 11: 586 (len: 701)
[1;94m[*] [0mFuzzing test case #498 (1459 total, 0 uniq crashes found)...[0m
scheduled max input!!!!
schedule: 6 level2_1/ijon_max/6
updated maxmap 6: 3d5 (len: 558)
[1;94m[*] [0mFuzzing test case #499 (1459 total, 0 uniq crashes found)...[0m
scheduled max input!!!!
schedule: 1 level2_1/ijon_max/1
[1;94m[*] [0mFuzzing test case #500 (1459 total, 0 uniq crashes found)...[0m
[1;94m[*] [0mFuzzing test case #501 (1459 total, 0 uniq crashes found)...[0m
scheduled max input!!!!
schedule: 5 level2_1/ijon_max/5
[1;94m[*] [0mFuzzing test case #502 (1459 total, 0 uniq crashes found)...[0m
scheduled max input!!!!
schedule: 2 level2_1/ijon_max/2
[1;94m[*] [0mFuzzing test case #503 (1459 total, 0 uniq crashes found)...[0m
scheduled max input!!!!
schedule: 8 level2_1/ijon_max/8
updated maxmap 8: 58d (len: 705)
updated maxmap 8: 58e (len: 705)
updated maxmap 8: 58f (len: 705)
updated maxmap 9: 58c (len: 705)
updated maxmap 9: 58d (len: 705)
updated maxmap 0: 53c (len: 705)
updated maxmap 9: 58f (len: 705)
updated maxmap 10: 58d (len: 705)
updated maxmap 8: 5a2 (len: 713)
updated maxmap 9: 592 (len: 708)
updated maxmap 10: 58e (len: 705)
updated maxmap 11: 587 (len: 705)
updated maxmap 9: 5a1 (len: 714)
updated maxmap 9: 5a2 (len: 713)
updated maxmap 11: 58a (len: 705)
[1;94m[*] [0mFuzzing test case #504 (1470 total, 0 uniq crashes found)...[0m
[1;94m[*] [0mFuzzing test case #505 (1470 total, 0 uniq crashes found)...[0m
scheduled max input!!!!
schedule: 2 level2_1/ijon_max/2
[1;94m[*] [0mFuzzing test case #506 (1470 total, 0 uniq crashes found)...[0m
scheduled max input!!!!
schedule: 15 level2_1/ijon_max/15
[1;94m[*] [0mFuzzing test case #507 (1470 total, 0 uniq crashes found)...[0m
[1;94m[*] [0mFuzzing test case #508 (1470 total, 0 uniq crashes found)...[0m
[1;94m[*] [0mFuzzing test case #509 (1470 total, 0 uniq crashes found)...[0m
scheduled max input!!!!
schedule: 0 level2_1/ijon_max/0
updated maxmap 0: 53d (len: 705)
[1;94m[*] [0mFuzzing test case #510 (1470 total, 0 uniq crashes found)...[0m
[1;94m[*] [0mFuzzing test case #511 (1470 total, 0 uniq crashes found)...[0m
scheduled max input!!!!
schedule: 14 level2_1/ijon_max/14
[1;94m[*] [0mFuzzing test case #512 (1470 total, 0 uniq crashes found)...[0m
[1;94m[*] [0mFuzzing test case #513 (1470 total, 0 uniq crashes found)...[0m
scheduled max input!!!!
schedule: 11 level2_1/ijon_max/11
updated maxmap 11: 58b (len: 705)
updated maxmap 11: 58c (len: 705)
[1;94m[*] [0mFuzzing test case #514 (1470 total, 0 uniq crashes found)...[0m
scheduled max input!!!!
schedule: 1 level2_1/ijon_max/1
[1;94m[*] [0mFuzzing test case #515 (1470 total, 0 uniq crashes found)...[0m
[1;94m[*] [0mFuzzing test case #516 (1470 total, 0 uniq crashes found)...[0m
scheduled max input!!!!
schedule: 15 level2_1/ijon_max/15
[1;94m[*] [0mFuzzing test case #517 (1470 total, 0 uniq crashes found)...[0m
scheduled max input!!!!
schedule: 11 level2_1/ijon_max/11
[1;94m[*] [0mFuzzing test case #518 (1470 total, 0 uniq crashes found)...[0m
scheduled max input!!!!
schedule: 7 level2_1/ijon_max/7
[1;94m[*] [0mFuzzing test case #519 (1471 total, 0 uniq crashes found)...[0m
scheduled max input!!!!
schedule: 5 level2_1/ijon_max/5
updated maxmap 5: 3d3 (len: 558)
updated maxmap 6: 3d6 (len: 558)
[1;94m[*] [0mFuzzing test case #520 (1471 total, 0 uniq crashes found)...[0m
scheduled max input!!!!
schedule: 9 level2_1/ijon_max/9
updated maxmap 9: 5a3 (len: 713)
updated maxmap 10: 595 (len: 713)
updated maxmap 11: 58e (len: 713)
updated maxmap 9: 5ab (len: 716)
updated maxmap 10: 5a8 (len: 715)
updated maxmap 11: 5a1 (len: 715)
[1;94m[*] [0mFuzzing test case #521 (1473 total, 0 uniq crashes found)...[0m
scheduled max input!!!!
schedule: 6 level2_1/ijon_max/6
[1;94m[*] [0mFuzzing test case #522 (1473 total, 0 uniq crashes found)...[0m
scheduled max input!!!!
schedule: 0 level2_1/ijon_max/0
[1;94m[*] [0mFuzzing test case #523 (1473 total, 0 uniq crashes found)...[0m
scheduled max input!!!!
schedule: 11 level2_1/ijon_max/11
updated maxmap 11: 5a2 (len: 715)
updated maxmap 11: 5a3 (len: 715)
updated maxmap 8: 5b5 (len: 723)
updated maxmap 9: 5b3 (len: 723)
updated maxmap 10: 5a9 (len: 723)
updated maxmap 11: 5a7 (len: 717)
[1;94m[*] [0mFuzzing test case #524 (1475 total, 0 uniq crashes found)...[0m
scheduled max input!!!!
schedule: 11 level2_1/ijon_max/11
updated maxmap 11: 5a9 (len: 718)
[1;94m[*] [0mFuzzing test case #525 (1475 total, 0 uniq crashes found)...[0m
scheduled max input!!!!
schedule: 6 level2_1/ijon_max/6
[1;94m[*] [0mFuzzing test case #526 (1475 total, 0 uniq crashes found)...[0m
scheduled max input!!!!
schedule: 11 level2_1/ijon_max/11
updated maxmap 11: 5aa (len: 718)
updated maxmap 0: 53e (len: 718)
updated maxmap 13: 527 (len: 718)
updated maxmap 14: 531 (len: 718)
updated maxmap 15: 53b (len: 718)
[1;94m[*] [0mFuzzing test case #527 (1476 total, 0 uniq crashes found)...[0m
scheduled max input!!!!
schedule: 6 level2_1/ijon_max/6
[1;94m[*] [0mFuzzing test case #528 (1476 total, 0 uniq crashes found)...[0m
scheduled max input!!!!
schedule: 10 level2_1/ijon_max/10
updated maxmap 8: 5b6 (len: 723)
updated maxmap 8: 5b7 (len: 723)
updated maxmap 9: 5b4 (len: 723)
updated maxmap 10: 5aa (len: 723)
[1;94m[*] [0mFuzzing test case #529 (1477 total, 0 uniq crashes found)...[0m
scheduled max input!!!!
schedule: 3 level2_1/ijon_max/3
[1;94m[*] [0mFuzzing test case #530 (1477 total, 0 uniq crashes found)...[0m
scheduled max input!!!!
schedule: 5 level2_1/ijon_max/5
[1;94m[*] [0mFuzzing test case #531 (1477 total, 0 uniq crashes found)...[0m
scheduled max input!!!!
schedule: 10 level2_1/ijon_max/10
[1;94m[*] [0mFuzzing test case #532 (1477 total, 0 uniq crashes found)...[0m
scheduled max input!!!!
schedule: 10 level2_1/ijon_max/10
updated maxmap 10: 5ab (len: 723)
updated maxmap 10: 5ae (len: 725)
minimized maxmap 10: 5ae (len: 723)
[1;94m[*] [0mFuzzing test case #533 (1477 total, 0 uniq crashes found)...[0m
scheduled max input!!!!
schedule: 11 level2_1/ijon_max/11
[1;94m[*] [0mFuzzing test case #534 (1477 total, 0 uniq crashes found)...[0m
scheduled max input!!!!
schedule: 5 level2_1/ijon_max/5
[1;94m[*] [0mFuzzing test case #535 (1477 total, 0 uniq crashes found)...[0m
scheduled max input!!!!
schedule: 0 level2_1/ijon_max/0
[1;94m[*] [0mFuzzing test case #536 (1477 total, 0 uniq crashes found)...[0m
scheduled max input!!!!
schedule: 15 level2_1/ijon_max/15
[1;94m[*] [0mFuzzing test case #537 (1477 total, 0 uniq crashes found)...[0m
scheduled max input!!!!
schedule: 15 level2_1/ijon_max/15
[1;94m[*] [0mFuzzing test case #538 (1477 total, 0 uniq crashes found)...[0m
scheduled max input!!!!
schedule: 8 level2_1/ijon_max/8
updated maxmap 9: 5b5 (len: 723)
updated maxmap 7: 594 (len: 730)
updated maxmap 10: 5b7 (len: 730)
updated maxmap 11: 5c6 (len: 730)
updated maxmap 8: 5bb (len: 726)
updated maxmap 9: 5b8 (len: 726)
updated maxmap 9: 5bd (len: 727)
updated maxmap 10: 5b8 (len: 727)
[1;94m[*] [0mFuzzing test case #539 (1480 total, 0 uniq crashes found)...[0m
scheduled max input!!!!
schedule: 4 level2_1/ijon_max/4
[1;94m[*] [0mFuzzing test case #540 (1480 total, 0 uniq crashes found)...[0m
scheduled max input!!!!
schedule: 5 level2_1/ijon_max/5
[1;94m[*] [0mFuzzing test case #541 (1480 total, 0 uniq crashes found)...[0m
scheduled max input!!!!
schedule: 3 level2_1/ijon_max/3
[1;94m[*] [0mFuzzing test case #542 (1480 total, 0 uniq crashes found)...[0m
scheduled max input!!!!
schedule: 14 level2_1/ijon_max/14
[1;94m[*] [0mFuzzing test case #543 (1480 total, 0 uniq crashes found)...[0m
[1;94m[*] [0mFuzzing test case #544 (1480 total, 0 uniq crashes found)...[0m
scheduled max input!!!!
schedule: 4 level2_1/ijon_max/4
[1;94m[*] [0mFuzzing test case #545 (1480 total, 0 uniq crashes found)...[0m
scheduled max input!!!!
schedule: 8 level2_1/ijon_max/8
updated maxmap 8: 5bd (len: 726)
updated maxmap 8: 5be (len: 727)
updated maxmap 9: 5be (len: 727)
[1;94m[*] [0mFuzzing test case #546 (1480 total, 0 uniq crashes found)...[0m
[1;94m[*] [0mFuzzing test case #547 (1480 total, 0 uniq crashes found)...[0m
scheduled max input!!!!
schedule: 2 level2_1/ijon_max/2
[1;94m[*] [0mFuzzing test case #548 (1480 total, 0 uniq crashes found)...[0m
scheduled max input!!!!
schedule: 0 level2_1/ijon_max/0
[1;94m[*] [0mFuzzing test case #549 (1480 total, 0 uniq crashes found)...[0m
scheduled max input!!!!
schedule: 8 level2_1/ijon_max/8
[1;94m[*] [0mFuzzing test case #550 (1480 total, 0 uniq crashes found)...[0m
scheduled max input!!!!
schedule: 12 level2_1/ijon_max/12
[1;94m[*] [0mFuzzing test case #551 (1480 total, 0 uniq crashes found)...[0m
scheduled max input!!!!
schedule: 1 level2_1/ijon_max/1
[1;94m[*] [0mFuzzing test case #552 (1480 total, 0 uniq crashes found)...[0m
scheduled max input!!!!
schedule: 1 level2_1/ijon_max/1
[1;94m[*] [0mFuzzing test case #553 (1480 total, 0 uniq crashes found)...[0m
[1;94m[*] [0mFuzzing test case #554 (1480 total, 0 uniq crashes found)...[0m
scheduled max input!!!!
schedule: 5 level2_1/ijon_max/5
[1;94m[*] [0mFuzzing test case #555 (1480 total, 0 uniq crashes found)...[0m
scheduled max input!!!!
schedule: 7 level2_1/ijon_max/7
updated maxmap 7: 596 (len: 731)
updated maxmap 10: 5b9 (len: 731)
updated maxmap 11: 5c9 (len: 731)
minimized maxmap 7: 596 (len: 730)
minimized maxmap 10: 5b9 (len: 730)
[1;94m[*] [0mFuzzing test case #556 (1480 total, 0 uniq crashes found)...[0m
scheduled max input!!!!
schedule: 0 level2_1/ijon_max/0
[1;94m[*] [0mFuzzing test case #557 (1480 total, 0 uniq crashes found)...[0m
scheduled max input!!!!
schedule: 7 level2_1/ijon_max/7
updated maxmap 9: 5d9 (len: 737)
updated maxmap 10: 5c2 (len: 737)
minimized maxmap 10: 5c2 (len: 732)
[1;94m[*] [0mFuzzing test case #558 (1481 total, 0 uniq crashes found)...[0m
scheduled max input!!!!
schedule: 2 level2_1/ijon_max/2
updated maxmap 1: 308 (len: 504)
[1;94m[*] [0mFuzzing test case #559 (1482 total, 0 uniq crashes found)...[0m
scheduled max input!!!!
schedule: 3 level2_1/ijon_max/3
[1;94m[*] [0mFuzzing test case #560 (1482 total, 0 uniq crashes found)...[0m
[1;94m[*] [0mFuzzing test case #561 (1482 total, 0 uniq crashes found)...[0m
scheduled max input!!!!
schedule: 3 level2_1/ijon_max/3
[1;94m[*] [0mFuzzing test case #562 (1482 total, 0 uniq crashes found)...[0m
scheduled max input!!!!
schedule: 9 level2_1/ijon_max/9
updated maxmap 9: 5da (len: 738)
updated maxmap 10: 5c4 (len: 738)
minimized maxmap 10: 5c4 (len: 737)
updated maxmap 10: 5c5 (len: 737)
[1;94m[*] [0mFuzzing test case #563 (1484 total, 0 uniq crashes found)...[0m
scheduled max input!!!!
schedule: 8 level2_1/ijon_max/8
updated maxmap 8: 5c4 (len: 730)
[1;94m[*] [0mFuzzing test case #564 (1486 total, 0 uniq crashes found)...[0m
scheduled max input!!!!
schedule: 3 level2_1/ijon_max/3
[1;94m[*] [0mFuzzing test case #565 (1486 total, 0 uniq crashes found)...[0m
[1;94m[*] [0mFuzzing test case #566 (1486 total, 0 uniq crashes found)...[0m
scheduled max input!!!!
schedule: 3 level2_1/ijon_max/3
[1;94m[*] [0mFuzzing test case #567 (1486 total, 0 uniq crashes found)...[0m
scheduled max input!!!!
schedule: 11 level2_1/ijon_max/11
updated maxmap 7: 597 (len: 731)
updated maxmap 7: 598 (len: 732)
updated maxmap 11: 5cb (len: 732)
minimized maxmap 7: 598 (len: 731)
updated maxmap 10: 5c7 (len: 734)
[1;94m[*] [0mFuzzing test case #568 (1486 total, 0 uniq crashes found)...[0m
[1;94m[*] [0mFuzzing test case #569 (1486 total, 0 uniq crashes found)...[0m
[1;94m[*] [0mFuzzing test case #570 (1486 total, 0 uniq crashes found)...[0m
scheduled normal input!!!!
[1;94m[*] [0mFuzzing test case #571 (1486 total, 0 uniq crashes found)...[0m
scheduled max input!!!!
schedule: 9 level2_1/ijon_max/9
updated maxmap 10: 5da (len: 738)
[1;94m[*] [0mFuzzing test case #572 (1486 total, 0 uniq crashes found)...[0m
[1;94m[*] [0mFuzzing test case #573 (1486 total, 0 uniq crashes found)...[0m
scheduled max input!!!!
schedule: 9 level2_1/ijon_max/9
[1;94m[*] [0mFuzzing test case #574 (1486 total, 0 uniq crashes found)...[0m
[1;94m[*] [0mFuzzing test case #575 (1486 total, 0 uniq crashes found)...[0m
scheduled max input!!!!
schedule: 8 level2_1/ijon_max/8
updated maxmap 8: 5c5 (len: 730)
[1;94m[*] [0mFuzzing test case #576 (1486 total, 0 uniq crashes found)...[0m
scheduled max input!!!!
schedule: 10 level2_1/ijon_max/10
[1;94m[*] [0mFuzzing test case #577 (1486 total, 0 uniq crashes found)...[0m
scheduled max input!!!!
schedule: 5 level2_1/ijon_max/5
[1;94m[*] [0mFuzzing test case #578 (1486 total, 0 uniq crashes found)...[0m
scheduled max input!!!!
schedule: 4 level2_1/ijon_max/4
[1;94m[*] [0mFuzzing test case #579 (1486 total, 0 uniq crashes found)...[0m
scheduled max input!!!!
schedule: 9 level2_1/ijon_max/9
[1;94m[*] [0mFuzzing test case #580 (1486 total, 0 uniq crashes found)...[0m
scheduled max input!!!!
schedule: 4 level2_1/ijon_max/4
[1;94m[*] [0mFuzzing test case #581 (1486 total, 0 uniq crashes found)...[0m
scheduled max input!!!!
schedule: 6 level2_1/ijon_max/6
[1;94m[*] [0mFuzzing test case #582 (1486 total, 0 uniq crashes found)...[0m
scheduled max input!!!!
schedule: 5 level2_1/ijon_max/5
[1;94m[*] [0mFuzzing test case #583 (1486 total, 0 uniq crashes found)...[0m
[1;94m[*] [0mFuzzing test case #584 (1486 total, 0 uniq crashes found)...[0m
[1;94m[*] [0mFuzzing test case #585 (1486 total, 0 uniq crashes found)...[0m
scheduled max input!!!!
schedule: 1 level2_1/ijon_max/1
updated maxmap 1: 309 (len: 504)
updated maxmap 2: 311 (len: 506)
[1;94m[*] [0mFuzzing test case #586 (1486 total, 0 uniq crashes found)...[0m
scheduled max input!!!!
schedule: 15 level2_1/ijon_max/15
[1;94m[*] [0mFuzzing test case #587 (1486 total, 0 uniq crashes found)...[0m
scheduled max input!!!!
schedule: 6 level2_1/ijon_max/6
[1;94m[*] [0mFuzzing test case #588 (1486 total, 0 uniq crashes found)...[0m
scheduled max input!!!!
schedule: 2 level2_1/ijon_max/2
updated maxmap 2: 312 (len: 506)
[1;94m[*] [0mFuzzing test case #589 (1486 total, 0 uniq crashes found)...[0m
scheduled max input!!!!
schedule: 4 level2_1/ijon_max/4
[1;94m[*] [0mFuzzing test case #590 (1486 total, 0 uniq crashes found)...[0m
[1;94m[*] [0mFuzzing test case #591 (1486 total, 0 uniq crashes found)...[0m
[1;94m[*] [0mFuzzing test case #592 (1486 total, 0 uniq crashes found)...[0m
scheduled max input!!!!
schedule: 12 level2_1/ijon_max/12
[1;94m[*] [0mFuzzing test case #593 (1486 total, 0 uniq crashes found)...[0m
scheduled max input!!!!
schedule: 11 level2_1/ijon_max/11
[1;94m[*] [0mFuzzing test case #594 (1486 total, 0 uniq crashes found)...[0m
scheduled max input!!!!
schedule: 1 level2_1/ijon_max/1
[1;94m[*] [0mFuzzing test case #595 (1486 total, 0 uniq crashes found)...[0m
scheduled max input!!!!
schedule: 3 level2_1/ijon_max/3
[1;94m[*] [0mFuzzing test case #596 (1486 total, 0 uniq crashes found)...[0m
[1;94m[*] [0mFuzzing test case #597 (1486 total, 0 uniq crashes found)...[0m
scheduled max input!!!!
schedule: 2 level2_1/ijon_max/2
[1;94m[*] [0mFuzzing test case #598 (1486 total, 0 uniq crashes found)...[0m
scheduled max input!!!!
schedule: 5 level2_1/ijon_max/5
[1;94m[*] [0mFuzzing test case #599 (1486 total, 0 uniq crashes found)...[0m
scheduled max input!!!!
schedule: 5 level2_1/ijon_max/5
[1;94m[*] [0mFuzzing test case #600 (1486 total, 0 uniq crashes found)...[0m
scheduled max input!!!!
schedule: 1 level2_1/ijon_max/1
[1;94m[*] [0mFuzzing test case #601 (1486 total, 0 uniq crashes found)...[0m
scheduled max input!!!!
schedule: 14 level2_1/ijon_max/14
[1;94m[*] [0mFuzzing test case #602 (1486 total, 0 uniq crashes found)...[0m
scheduled max input!!!!
schedule: 10 level2_1/ijon_max/10
updated maxmap 8: 5ca (len: 738)
updated maxmap 10: 5db (len: 738)
[1;94m[*] [0mFuzzing test case #603 (1486 total, 0 uniq crashes found)...[0m
scheduled max input!!!!
schedule: 9 level2_1/ijon_max/9
updated maxmap 9: 5db (len: 738)
[1;94m[*] [0mFuzzing test case #604 (1486 total, 0 uniq crashes found)...[0m
scheduled max input!!!!
schedule: 4 level2_1/ijon_max/4
[1;94m[*] [0mFuzzing test case #605 (1486 total, 0 uniq crashes found)...[0m
[1;94m[*] [0mFuzzing test case #606 (1486 total, 0 uniq crashes found)...[0m
scheduled max input!!!!
schedule: 3 level2_1/ijon_max/3
[1;94m[*] [0mFuzzing test case #607 (1486 total, 0 uniq crashes found)...[0m
scheduled max input!!!!
schedule: 5 level2_1/ijon_max/5
[1;94m[*] [0mFuzzing test case #608 (1486 total, 0 uniq crashes found)...[0m
scheduled max input!!!!
schedule: 2 level2_1/ijon_max/2
[1;94m[*] [0mFuzzing test case #609 (1486 total, 0 uniq crashes found)...[0m
scheduled max input!!!!
schedule: 6 level2_1/ijon_max/6
[1;94m[*] [0mFuzzing test case #610 (1486 total, 0 uniq crashes found)...[0m
scheduled max input!!!!
schedule: 14 level2_1/ijon_max/14
[1;94m[*] [0mFuzzing test case #611 (1487 total, 0 uniq crashes found)...[0m
scheduled max input!!!!
schedule: 9 level2_1/ijon_max/9
updated maxmap 8: 5da (len: 738)
[1;94m[*] [0mFuzzing test case #612 (1487 total, 0 uniq crashes found)...[0m
scheduled max input!!!!
schedule: 9 level2_1/ijon_max/9
[1;94m[*] [0mFuzzing test case #613 (1487 total, 0 uniq crashes found)...[0m
scheduled max input!!!!
schedule: 10 level2_1/ijon_max/10
[1;94m[*] [0mFuzzing test case #614 (1487 total, 0 uniq crashes found)...[0m
scheduled max input!!!!
schedule: 1 level2_1/ijon_max/1
[1;94m[*] [0mFuzzing test case #615 (1487 total, 0 uniq crashes found)...[0m
scheduled max input!!!!
schedule: 1 level2_1/ijon_max/1
[1;94m[*] [0mFuzzing test case #616 (1487 total, 0 uniq crashes found)...[0m
[1;94m[*] [0mFuzzing test case #617 (1487 total, 0 uniq crashes found)...[0m
scheduled max input!!!!
schedule: 11 level2_1/ijon_max/11
[1;94m[*] [0mFuzzing test case #618 (1487 total, 0 uniq crashes found)...[0m
scheduled max input!!!!
schedule: 5 level2_1/ijon_max/5
[1;94m[*] [0mFuzzing test case #619 (1487 total, 0 uniq crashes found)...[0m
scheduled max input!!!!
schedule: 8 level2_1/ijon_max/8
updated maxmap 8: 5db (len: 738)
[1;94m[*] [0mFuzzing test case #620 (1487 total, 0 uniq crashes found)...[0m
scheduled max input!!!!
schedule: 13 level2_1/ijon_max/13
[1;94m[*] [0mFuzzing test case #621 (1487 total, 0 uniq crashes found)...[0m
scheduled max input!!!!
schedule: 13 level2_1/ijon_max/13
[1;94m[*] [0mFuzzing test case #622 (1487 total, 0 uniq crashes found)...[0m
scheduled max input!!!!
schedule: 10 level2_1/ijon_max/10
updated maxmap 11: 5e2 (len: 741)
updated maxmap 7: 5c9 (len: 745)
updated maxmap 9: 5e2 (len: 745)
updated maxmap 10: 5ec (len: 745)
updated maxmap 11: 5ee (len: 745)
minimized maxmap 7: 5c9 (len: 738)
updated maxmap 9: 5e8 (len: 743)
[1;94m[*] [0mFuzzing test case #623 (1488 total, 0 uniq crashes found)...[0m
scheduled max input!!!!
schedule: 7 level2_1/ijon_max/7
[1;94m[*] [0mFuzzing test case #624 (1489 total, 0 uniq crashes found)...[0m
[1;94m[*] [0mFuzzing test case #625 (1489 total, 0 uniq crashes found)...[0m
scheduled max input!!!!
schedule: 9 level2_1/ijon_max/9
updated maxmap 9: 5e9 (len: 743)
[1;94m[*] [0mFuzzing test case #626 (1489 total, 0 uniq crashes found)...[0m
scheduled max input!!!!
schedule: 8 level2_1/ijon_max/8
[1;94m[*] [0mFuzzing test case #627 (1489 total, 0 uniq crashes found)...[0m
scheduled max input!!!!
schedule: 8 level2_1/ijon_max/8
[1;94m[*] [0mFuzzing test case #628 (1489 total, 0 uniq crashes found)...[0m
scheduled max input!!!!
schedule: 8 level2_1/ijon_max/8
updated maxmap 8: 5dc (len: 738)
updated maxmap 8: 5dd (len: 739)
[1;94m[*] [0mFuzzing test case #629 (1489 total, 0 uniq crashes found)...[0m
scheduled max input!!!!
schedule: 4 level2_1/ijon_max/4
[1;94m[*] [0mFuzzing test case #630 (1489 total, 0 uniq crashes found)...[0m
scheduled max input!!!!
schedule: 14 level2_1/ijon_max/14
[1;94m[*] [0mFuzzing test case #631 (1489 total, 0 uniq crashes found)...[0m
scheduled max input!!!!
schedule: 10 level2_1/ijon_max/10
[1;94m[*] [0mFuzzing test case #632 (1491 total, 0 uniq crashes found)...[0m
scheduled max input!!!!
schedule: 9 level2_1/ijon_max/9
updated maxmap 9: 5ee (len: 745)
[1;94m[*] [0mFuzzing test case #633 (1491 total, 0 uniq crashes found)...[0m
[1;94m[*] [0mFuzzing test case #634 (1491 total, 0 uniq crashes found)...[0m
[1;94m[*] [0mFuzzing test case #635 (1491 total, 0 uniq crashes found)...[0m
scheduled max input!!!!
schedule: 2 level2_1/ijon_max/2
[1;94m[*] [0mFuzzing test case #636 (1491 total, 0 uniq crashes found)...[0m
[1;94m[*] [0mFuzzing test case #637 (1491 total, 0 uniq crashes found)...[0m
[1;94m[*] [0mFuzzing test case #638 (1491 total, 0 uniq crashes found)...[0m
scheduled max input!!!!
schedule: 0 level2_1/ijon_max/0
[1;94m[*] [0mFuzzing test case #639 (1491 total, 0 uniq crashes found)...[0m
scheduled max input!!!!
schedule: 13 level2_1/ijon_max/13
[1;94m[*] [0mFuzzing test case #640 (1491 total, 0 uniq crashes found)...[0m
scheduled max input!!!!
schedule: 15 level2_1/ijon_max/15
[1;94m[*] [0mFuzzing test case #641 (1491 total, 0 uniq crashes found)...[0m
scheduled max input!!!!
schedule: 15 level2_1/ijon_max/15
[1;94m[*] [0mFuzzing test case #642 (1491 total, 0 uniq crashes found)...[0m
[1;94m[*] [0mFuzzing test case #643 (1491 total, 0 uniq crashes found)...[0m
[1;94m[*] [0mFuzzing test case #644 (1491 total, 0 uniq crashes found)...[0m
[1;94m[*] [0mFuzzing test case #645 (1491 total, 0 uniq crashes found)...[0m
scheduled max input!!!!
schedule: 6 level2_1/ijon_max/6
[1;94m[*] [0mFuzzing test case #646 (1491 total, 0 uniq crashes found)...[0m
scheduled max input!!!!
schedule: 10 level2_1/ijon_max/10
updated maxmap 9: 5f7 (len: 752)
updated maxmap 10: 5fb (len: 752)
[1;94m[*] [0mFuzzing test case #647 (1493 total, 0 uniq crashes found)...[0m
scheduled max input!!!!
schedule: 6 level2_1/ijon_max/6
[1;94m[*] [0mFuzzing test case #648 (1493 total, 0 uniq crashes found)...[0m
scheduled max input!!!!
schedule: 3 level2_1/ijon_max/3
[1;94m[*] [0mFuzzing test case #649 (1493 total, 0 uniq crashes found)...[0m
scheduled max input!!!!
schedule: 7 level2_1/ijon_max/7
[1;94m[*] [0mFuzzing test case #650 (1493 total, 0 uniq crashes found)...[0m
scheduled max input!!!!
schedule: 15 level2_1/ijon_max/15
[1;94m[*] [0mFuzzing test case #651 (1493 total, 0 uniq crashes found)...[0m
scheduled max input!!!!
schedule: 1 level2_1/ijon_max/1
[1;94m[*] [0mFuzzing test case #652 (1493 total, 0 uniq crashes found)...[0m
scheduled max input!!!!
schedule: 8 level2_1/ijon_max/8
updated maxmap 8: 5df (len: 739)
[1;94m[*] [0mFuzzing test case #653 (1493 total, 0 uniq crashes found)...[0m
scheduled max input!!!!
schedule: 1 level2_1/ijon_max/1
[1;94m[*] [0mFuzzing test case #654 (1493 total, 0 uniq crashes found)...[0m
scheduled max input!!!!
schedule: 11 level2_1/ijon_max/11
updated maxmap 9: 5fd (len: 753)
updated maxmap 7: 5cb (len: 746)
updated maxmap 11: 5f0 (len: 746)
updated maxmap 11: 5f1 (len: 747)
updated maxmap 7: 5ce (len: 747)
updated maxmap 9: 5fe (len: 753)
updated maxmap 11: 5f5 (len: 753)
updated maxmap 9: 5ff (len: 753)
updated maxmap 7: 5cf (len: 747)
minimized maxmap 11: 5f5 (len: 750)
[1;94m[*] [0mFuzzing test case #655 (1502 total, 0 uniq crashes found)...[0m
scheduled max input!!!!
schedule: 7 level2_1/ijon_max/7
updated maxmap 7: 5d0 (len: 747)
updated maxmap 7: 5d4 (len: 753)
updated maxmap 8: 5e3 (len: 753)
updated maxmap 7: 5d5 (len: 747)
updated maxmap 8: 5e4 (len: 747)
updated maxmap 7: 5d7 (len: 747)
updated maxmap 8: 5e5 (len: 747)
updated maxmap 7: 5df (len: 747)
updated maxmap 8: 5ee (len: 747)
[1;94m[*] [0mFuzzing test case #656 (1504 total, 0 uniq crashes found)...[0m
scheduled max input!!!!
schedule: 0 level2_1/ijon_max/0
[1;94m[*] [0mFuzzing test case #657 (1504 total, 0 uniq crashes found)...[0m
scheduled max input!!!!
schedule: 12 level2_1/ijon_max/12
[1;94m[*] [0mFuzzing test case #658 (1504 total, 0 uniq crashes found)...[0m
scheduled max input!!!!
schedule: 11 level2_1/ijon_max/11
updated maxmap 11: 5f6 (len: 750)
[1;94m[*] [0mFuzzing test case #659 (1505 total, 0 uniq crashes found)...[0m
scheduled max input!!!!
schedule: 1 level2_1/ijon_max/1
[1;94m[*] [0mFuzzing test case #660 (1505 total, 0 uniq crashes found)...[0m
[1;94m[*] [0mFuzzing test case #661 (1505 total, 0 uniq crashes found)...[0m
scheduled max input!!!!
schedule: 6 level2_1/ijon_max/6
[1;94m[*] [0mFuzzing test case #662 (1505 total, 0 uniq crashes found)...[0m
scheduled max input!!!!
schedule: 14 level2_1/ijon_max/14
[1;94m[*] [0mFuzzing test case #663 (1505 total, 0 uniq crashes found)...[0m
scheduled max input!!!!
schedule: 11 level2_1/ijon_max/11
[1;94m[*] [0mFuzzing test case #664 (1505 total, 0 uniq crashes found)...[0m
scheduled max input!!!!
schedule: 13 level2_1/ijon_max/13
[1;94m[*] [0mFuzzing test case #665 (1505 total, 0 uniq crashes found)...[0m
[1;94m[*] [0mFuzzing test case #666 (1505 total, 0 uniq crashes found)...[0m
scheduled max input!!!!
schedule: 0 level2_1/ijon_max/0
[1;94m[*] [0mFuzzing test case #667 (1505 total, 0 uniq crashes found)...[0m
scheduled max input!!!!
schedule: 7 level2_1/ijon_max/7
[1;94m[*] [0mFuzzing test case #668 (1505 total, 0 uniq crashes found)...[0m
scheduled max input!!!!
schedule: 10 level2_1/ijon_max/10
updated maxmap 10: 5fc (len: 752)
updated maxmap 10: 5fd (len: 752)
[1;94m[*] [0mFuzzing test case #669 (1505 total, 0 uniq crashes found)...[0m
scheduled max input!!!!
schedule: 5 level2_1/ijon_max/5
[1;94m[*] [0mFuzzing test case #670 (1505 total, 0 uniq crashes found)...[0m
scheduled max input!!!!
schedule: 4 level2_1/ijon_max/4
updated maxmap 3: 3d0 (len: 558)
[1;94m[*] [0mFuzzing test case #671 (1505 total, 0 uniq crashes found)...[0m
scheduled max input!!!!
schedule: 13 level2_1/ijon_max/13
[1;94m[*] [0mFuzzing test case #672 (1505 total, 0 uniq crashes found)...[0m
scheduled max input!!!!
schedule: 11 level2_1/ijon_max/11
updated maxmap 11: 5f8 (len: 750)
updated maxmap 9: 603 (len: 757)
updated maxmap 10: 60b (len: 757)
[1;94m[*] [0mFuzzing test case #673 (1506 total, 0 uniq crashes found)...[0m
scheduled max input!!!!
schedule: 5 level2_1/ijon_max/5
[1;94m[*] [0mFuzzing test case #674 (1506 total, 0 uniq crashes found)...[0m
scheduled max input!!!!
schedule: 10 level2_1/ijon_max/10
[1;94m[*] [0mFuzzing test case #675 (1506 total, 0 uniq crashes found)...[0m
[1;94m[*] [0mFuzzing test case #676 (1506 total, 0 uniq crashes found)...[0m
scheduled max input!!!!
schedule: 12 level2_1/ijon_max/12
updated maxmap 12: 521 (len: 666)
[1;94m[*] [0mFuzzing test case #677 (1506 total, 0 uniq crashes found)...[0m
scheduled max input!!!!
schedule: 8 level2_1/ijon_max/8
[1;94m[*] [0mFuzzing test case #678 (1506 total, 0 uniq crashes found)...[0m
scheduled max input!!!!
schedule: 10 level2_1/ijon_max/10
[1;94m[*] [0mFuzzing test case #679 (1506 total, 0 uniq crashes found)...[0m
[1;94m[*] [0mFuzzing test case #680 (1506 total, 0 uniq crashes found)...[0m
scheduled max input!!!!
schedule: 9 level2_1/ijon_max/9
[1;94m[*] [0mFuzzing test case #681 (1506 total, 0 uniq crashes found)...[0m
scheduled max input!!!!
schedule: 7 level2_1/ijon_max/7
[1;94m[*] [0mFuzzing test case #682 (1506 total, 0 uniq crashes found)...[0m
scheduled max input!!!!
schedule: 7 level2_1/ijon_max/7
updated maxmap 8: 5fc (len: 752)
[1;94m[*] [0mFuzzing test case #683 (1508 total, 0 uniq crashes found)...[0m
scheduled max input!!!!
schedule: 6 level2_1/ijon_max/6
[1;94m[*] [0mFuzzing test case #684 (1508 total, 0 uniq crashes found)...[0m
scheduled max input!!!!
schedule: 9 level2_1/ijon_max/9
updated maxmap 9: 60c (len: 761)
updated maxmap 10: 613 (len: 761)
updated maxmap 8: 608 (len: 757)
updated maxmap 8: 609 (len: 757)
[1;94m[*] [0mFuzzing test case #685 (1510 total, 0 uniq crashes found)...[0m
scheduled max input!!!!
schedule: 3 level2_1/ijon_max/3
[1;94m[*] [0mFuzzing test case #686 (1510 total, 0 uniq crashes found)...[0m
scheduled max input!!!!
schedule: 9 level2_1/ijon_max/9
updated maxmap 9: 613 (len: 764)
updated maxmap 10: 61a (len: 764)
minimized maxmap 9: 613 (len: 761)
updated maxmap 10: 61c (len: 765)
[1;94m[*] [0mFuzzing test case #687 (1511 total, 0 uniq crashes found)...[0m
scheduled max input!!!!
schedule: 11 level2_1/ijon_max/11
[1;94m[*] [0mFuzzing test case #688 (1511 total, 0 uniq crashes found)...[0m
scheduled max input!!!!
schedule: 7 level2_1/ijon_max/7
[1;94m[*] [0mFuzzing test case #689 (1511 total, 0 uniq crashes found)...[0m
scheduled max input!!!!
schedule: 10 level2_1/ijon_max/10
updated maxmap 10: 61d (len: 765)
[1;94m[*] [0mFuzzing test case #690 (1511 total, 0 uniq crashes found)...[0m
scheduled max input!!!!
schedule: 10 level2_1/ijon_max/10
updated maxmap 9: 61a (len: 771)
updated maxmap 10: 629 (len: 771)
minimized maxmap 9: 61a (len: 765)
[1;94m[*] [0mFuzzing test case #691 (1512 total, 0 uniq crashes found)...[0m
[1;94m[*] [0mFuzzing test case #692 (1512 total, 0 uniq crashes found)...[0m
scheduled max input!!!!
schedule: 0 level2_1/ijon_max/0
[1;94m[*] [0mFuzzing test case #693 (1512 total, 0 uniq crashes found)...[0m
scheduled max input!!!!
schedule: 4 level2_1/ijon_max/4
[1;94m[*] [0mFuzzing test case #694 (1512 total, 0 uniq crashes found)...[0m
[1;94m[*] [0mFuzzing test case #695 (1512 total, 0 uniq crashes found)...[0m
scheduled max input!!!!
schedule: 15 level2_1/ijon_max/15
[1;94m[*] [0mFuzzing test case #696 (1512 total, 0 uniq crashes found)...[0m
scheduled max input!!!!
schedule: 2 level2_1/ijon_max/2
[1;94m[*] [0mFuzzing test case #697 (1512 total, 0 uniq crashes found)...[0m
scheduled max input!!!!
schedule: 12 level2_1/ijon_max/12
[1;94m[*] [0mFuzzing test case #698 (1513 total, 0 uniq crashes found)...[0m
scheduled max input!!!!
schedule: 13 level2_1/ijon_max/13
[1;94m[*] [0mFuzzing test case #699 (1513 total, 0 uniq crashes found)...[0m
scheduled max input!!!!
schedule: 11 level2_1/ijon_max/11
[1;94m[*] [0mFuzzing test case #700 (1513 total, 0 uniq crashes found)...[0m
scheduled max input!!!!
schedule: 10 level2_1/ijon_max/10
[1;94m[*] [0mFuzzing test case #701 (1513 total, 0 uniq crashes found)...[0m
scheduled max input!!!!
schedule: 11 level2_1/ijon_max/11
updated maxmap 8: 60a (len: 757)
[1;94m[*] [0mFuzzing test case #702 (1513 total, 0 uniq crashes found)...[0m
scheduled max input!!!!
schedule: 6 level2_1/ijon_max/6
[1;94m[*] [0mFuzzing test case #703 (1513 total, 0 uniq crashes found)...[0m
scheduled max input!!!!
schedule: 12 level2_1/ijon_max/12
[1;94m[*] [0mFuzzing test case #704 (1513 total, 0 uniq crashes found)...[0m
scheduled max input!!!!
schedule: 11 level2_1/ijon_max/11
updated maxmap 11: 5fa (len: 756)
[1;94m[*] [0mFuzzing test case #705 (1513 total, 0 uniq crashes found)...[0m
scheduled max input!!!!
schedule: 15 level2_1/ijon_max/15
[1;94m[*] [0mFuzzing test case #706 (1513 total, 0 uniq crashes found)...[0m
scheduled max input!!!!
schedule: 2 level2_1/ijon_max/2
[1;94m[*] [0mFuzzing test case #707 (1513 total, 0 uniq crashes found)...[0m
scheduled max input!!!!
schedule: 4 level2_1/ijon_max/4
[1;94m[*] [0mFuzzing test case #708 (1513 total, 0 uniq crashes found)...[0m
scheduled max input!!!!
schedule: 2 level2_1/ijon_max/2
[1;94m[*] [0mFuzzing test case #709 (1513 total, 0 uniq crashes found)...[0m
scheduled max input!!!!
schedule: 9 level2_1/ijon_max/9
[1;94m[*] [0mFuzzing test case #710 (1513 total, 0 uniq crashes found)...[0m
[1;94m[*] [0mFuzzing test case #711 (1513 total, 0 uniq crashes found)...[0m
[1;94m[*] [0mFuzzing test case #712 (1513 total, 0 uniq crashes found)...[0m
scheduled max input!!!!
schedule: 13 level2_1/ijon_max/13
[1;94m[*] [0mFuzzing test case #713 (1513 total, 0 uniq crashes found)...[0m
[1;94m[*] [0mFuzzing test case #714 (1513 total, 0 uniq crashes found)...[0m
scheduled max input!!!!
schedule: 5 level2_1/ijon_max/5
[1;94m[*] [0mFuzzing test case #715 (1513 total, 0 uniq crashes found)...[0m
scheduled max input!!!!
schedule: 12 level2_1/ijon_max/12
[1;94m[*] [0mFuzzing test case #716 (1513 total, 0 uniq crashes found)...[0m
[1;94m[*] [0mFuzzing test case #717 (1513 total, 0 uniq crashes found)...[0m
scheduled max input!!!!
schedule: 15 level2_1/ijon_max/15
[1;94m[*] [0mFuzzing test case #718 (1514 total, 0 uniq crashes found)...[0m
[1;94m[*] [0mFuzzing test case #719 (1514 total, 0 uniq crashes found)...[0m
scheduled max input!!!!
schedule: 2 level2_1/ijon_max/2
[1;94m[*] [0mFuzzing test case #720 (1514 total, 0 uniq crashes found)...[0m
scheduled max input!!!!
schedule: 6 level2_1/ijon_max/6
[1;94m[*] [0mFuzzing test case #721 (1514 total, 0 uniq crashes found)...[0m
[1;94m[*] [0mFuzzing test case #722 (1514 total, 0 uniq crashes found)...[0m
scheduled max input!!!!
schedule: 3 level2_1/ijon_max/3
[1;94m[*] [0mFuzzing test case #723 (1514 total, 0 uniq crashes found)...[0m
[1;94m[*] [0mFuzzing test case #724 (1514 total, 0 uniq crashes found)...[0m
[1;94m[*] [0mFuzzing test case #725 (1514 total, 0 uniq crashes found)...[0m
[1;94m[*] [0mFuzzing test case #726 (1514 total, 0 uniq crashes found)...[0m
[1;94m[*] [0mFuzzing test case #727 (1514 total, 0 uniq crashes found)...[0m
scheduled max input!!!!
schedule: 1 level2_1/ijon_max/1
[1;94m[*] [0mFuzzing test case #728 (1514 total, 0 uniq crashes found)...[0m
[1;94m[*] [0mFuzzing test case #729 (1514 total, 0 uniq crashes found)...[0m
scheduled max input!!!!
schedule: 8 level2_1/ijon_max/8
updated maxmap 11: 5fb (len: 757)
[1;94m[*] [0mFuzzing test case #730 (1514 total, 0 uniq crashes found)...[0m
[1;94m[*] [0mFuzzing test case #731 (1514 total, 0 uniq crashes found)...[0m
scheduled max input!!!!
schedule: 2 level2_1/ijon_max/2
[1;94m[*] [0mFuzzing test case #732 (1514 total, 0 uniq crashes found)...[0m
scheduled max input!!!!
schedule: 2 level2_1/ijon_max/2
[1;94m[*] [0mFuzzing test case #733 (1514 total, 0 uniq crashes found)...[0m
[1;94m[*] [0mFuzzing test case #734 (1514 total, 0 uniq crashes found)...[0m
scheduled max input!!!!
schedule: 2 level2_1/ijon_max/2
[1;94m[*] [0mFuzzing test case #735 (1514 total, 0 uniq crashes found)...[0m
[1;94m[*] [0mFuzzing test case #736 (1514 total, 0 uniq crashes found)...[0m
scheduled max input!!!!
schedule: 12 level2_1/ijon_max/12
[1;94m[*] [0mFuzzing test case #737 (1514 total, 0 uniq crashes found)...[0m
scheduled max input!!!!
schedule: 0 level2_1/ijon_max/0
[1;94m[*] [0mFuzzing test case #738 (1514 total, 0 uniq crashes found)...[0m
scheduled max input!!!!
schedule: 6 level2_1/ijon_max/6
[1;94m[*] [0mFuzzing test case #739 (1514 total, 0 uniq crashes found)...[0m
scheduled max input!!!!
schedule: 4 level2_1/ijon_max/4
[1;94m[*] [0mFuzzing test case #740 (1514 total, 0 uniq crashes found)...[0m
scheduled max input!!!!
schedule: 8 level2_1/ijon_max/8
[1;94m[*] [0mFuzzing test case #741 (1514 total, 0 uniq crashes found)...[0m
scheduled max input!!!!
schedule: 10 level2_1/ijon_max/10
updated maxmap 9: 62e (len: 776)
updated maxmap 10: 62c (len: 776)
updated maxmap 11: 5fe (len: 776)
minimized maxmap 11: 5fe (len: 771)
updated maxmap 10: 633 (len: 779)
updated maxmap 11: 636 (len: 779)
minimized maxmap 10: 633 (len: 776)
updated maxmap 10: 635 (len: 777)
updated maxmap 11: 637 (len: 777)
updated maxmap 6: 46f (len: 771)
updated maxmap 8: 613 (len: 771)
updated maxmap 8: 627 (len: 771)
minimized maxmap 9: 62e (len: 771)
updated maxmap 10: 63e (len: 778)
updated maxmap 9: 632 (len: 773)
updated maxmap 10: 63f (len: 779)
updated maxmap 9: 636 (len: 776)
updated maxmap 9: 64a (len: 785)
[1;94m[*] [0mFuzzing test case #742 (1522 total, 0 uniq crashes found)...[0m
[1;94m[*] [0mFuzzing test case #743 (1522 total, 0 uniq crashes found)...[0m
[1;94m[*] [0mFuzzing test case #744 (1522 total, 0 uniq crashes found)...[0m
scheduled max input!!!!
schedule: 10 level2_1/ijon_max/10
updated maxmap 10: 640 (len: 779)
[1;94m[*] [0mFuzzing test case #745 (1522 total, 0 uniq crashes found)...[0m
scheduled max input!!!!
schedule: 0 level2_1/ijon_max/0
[1;94m[*] [0mFuzzing test case #746 (1522 total, 0 uniq crashes found)...[0m
scheduled max input!!!!
schedule: 7 level2_1/ijon_max/7
[1;94m[*] [0mFuzzing test case #747 (1522 total, 0 uniq crashes found)...[0m
scheduled max input!!!!
schedule: 0 level2_1/ijon_max/0
[1;94m[*] [0mFuzzing test case #748 (1522 total, 0 uniq crashes found)...[0m
scheduled max input!!!!
schedule: 6 level2_1/ijon_max/6
[1;94m[*] [0mFuzzing test case #749 (1522 total, 0 uniq crashes found)...[0m
scheduled max input!!!!
schedule: 7 level2_1/ijon_max/7
[1;94m[*] [0mFuzzing test case #750 (1522 total, 0 uniq crashes found)...[0m
scheduled max input!!!!
schedule: 7 level2_1/ijon_max/7
updated maxmap 7: 5e1 (len: 748)
minimized maxmap 7: 5e1 (len: 747)
[1;94m[*] [0mFuzzing test case #751 (1522 total, 0 uniq crashes found)...[0m
scheduled max input!!!!
schedule: 13 level2_1/ijon_max/13
[1;94m[*] [0mFuzzing test case #752 (1522 total, 0 uniq crashes found)...[0m
scheduled max input!!!!
schedule: 4 level2_1/ijon_max/4
[1;94m[*] [0mFuzzing test case #753 (1522 total, 0 uniq crashes found)...[0m
scheduled max input!!!!
schedule: 8 level2_1/ijon_max/8
updated maxmap 8: 628 (len: 771)
[1;94m[*] [0mFuzzing test case #754 (1522 total, 0 uniq crashes found)...[0m
[1;94m[*] [0mFuzzing test case #755 (1522 total, 0 uniq crashes found)...[0m
scheduled max input!!!!
schedule: 10 level2_1/ijon_max/10
[1;94m[*] [0mFuzzing test case #756 (1522 total, 0 uniq crashes found)...[0m
[1;94m[*] [0mFuzzing test case #757 (1522 total, 0 uniq crashes found)...[0m
scheduled max input!!!!
schedule: 0 level2_1/ijon_max/0
[1;94m[*] [0mFuzzing test case #758 (1522 total, 0 uniq crashes found)...[0m
scheduled max input!!!!
schedule: 5 level2_1/ijon_max/5
[1;94m[*] [0mFuzzing test case #759 (1522 total, 0 uniq crashes found)...[0m
scheduled max input!!!!
schedule: 9 level2_1/ijon_max/9
updated maxmap 9: 64d (len: 785)
updated maxmap 10: 641 (len: 785)
updated maxmap 9: 64e (len: 785)
[1;94m[*] [0mFuzzing test case #760 (1523 total, 0 uniq crashes found)...[0m
scheduled max input!!!!
schedule: 15 level2_1/ijon_max/15
[1;94m[*] [0mFuzzing test case #761 (1523 total, 0 uniq crashes found)...[0m
scheduled max input!!!!
schedule: 2 level2_1/ijon_max/2
updated maxmap 2: 313 (len: 514)
[1;94m[*] [0mFuzzing test case #762 (1523 total, 0 uniq crashes found)...[0m
scheduled max input!!!!
schedule: 15 level2_1/ijon_max/15
[1;94m[*] [0mFuzzing test case #763 (1523 total, 0 uniq crashes found)...[0m
scheduled max input!!!!
schedule: 1 level2_1/ijon_max/1
[1;94m[*] [0mFuzzing test case #764 (1523 total, 0 uniq crashes found)...[0m
scheduled max input!!!!
schedule: 3 level2_1/ijon_max/3
[1;94m[*] [0mFuzzing test case #765 (1523 total, 0 uniq crashes found)...[0m
scheduled max input!!!!
schedule: 15 level2_1/ijon_max/15
[1;94m[*] [0mFuzzing test case #766 (1523 total, 0 uniq crashes found)...[0m
scheduled max input!!!!
schedule: 15 level2_1/ijon_max/15
[1;94m[*] [0mFuzzing test case #767 (1523 total, 0 uniq crashes found)...[0m
scheduled max input!!!!
schedule: 15 level2_1/ijon_max/15
[1;94m[*] [0mFuzzing test case #768 (1523 total, 0 uniq crashes found)...[0m
scheduled max input!!!!
schedule: 7 level2_1/ijon_max/7
[1;94m[*] [0mFuzzing test case #769 (1523 total, 0 uniq crashes found)...[0m
scheduled max input!!!!
schedule: 14 level2_1/ijon_max/14
[1;94m[*] [0mFuzzing test case #770 (1523 total, 0 uniq crashes found)...[0m
[1;94m[*] [0mFuzzing test case #771 (1523 total, 0 uniq crashes found)...[0m
scheduled max input!!!!
schedule: 4 level2_1/ijon_max/4
[1;94m[*] [0mFuzzing test case #772 (1523 total, 0 uniq crashes found)...[0m
[1;94m[*] [0mFuzzing test case #773 (1523 total, 0 uniq crashes found)...[0m
scheduled max input!!!!
schedule: 6 level2_1/ijon_max/6
[1;94m[*] [0mFuzzing test case #774 (1523 total, 0 uniq crashes found)...[0m
scheduled max input!!!!
schedule: 8 level2_1/ijon_max/8
updated maxmap 8: 629 (len: 771)
updated maxmap 8: 62b (len: 772)
[1;94m[*] [0mFuzzing test case #775 (1523 total, 0 uniq crashes found)...[0m
scheduled max input!!!!
schedule: 9 level2_1/ijon_max/9
updated maxmap 10: 651 (len: 786)
updated maxmap 9: 64f (len: 785)
[1;94m[*] [0mFuzzing test case #776 (1523 total, 0 uniq crashes found)...[0m
scheduled max input!!!!
schedule: 2 level2_1/ijon_max/2
[1;94m[*] [0mFuzzing test case #777 (1523 total, 0 uniq crashes found)...[0m
scheduled max input!!!!
schedule: 8 level2_1/ijon_max/8
[1;94m[*] [0mFuzzing test case #778 (1523 total, 0 uniq crashes found)...[0m
[1;94m[*] [0mFuzzing test case #779 (1523 total, 0 uniq crashes found)...[0m
scheduled max input!!!!
schedule: 11 level2_1/ijon_max/11
[1;94m[*] [0mFuzzing test case #780 (1523 total, 0 uniq crashes found)...[0m
scheduled max input!!!!
schedule: 3 level2_1/ijon_max/3
[1;94m[*] [0mFuzzing test case #781 (1523 total, 0 uniq crashes found)...[0m
scheduled max input!!!!
schedule: 3 level2_1/ijon_max/3
[1;94m[*] [0mFuzzing test case #782 (1523 total, 0 uniq crashes found)...[0m
scheduled max input!!!!
schedule: 5 level2_1/ijon_max/5
updated maxmap 4: 3d2 (len: 558)
[1;94m[*] [0mFuzzing test case #783 (1523 total, 0 uniq crashes found)...[0m
scheduled max input!!!!
schedule: 6 level2_1/ijon_max/6
[1;94m[*] [0mFuzzing test case #784 (1523 total, 0 uniq crashes found)...[0m
scheduled max input!!!!
schedule: 4 level2_1/ijon_max/4
[1;94m[*] [0mFuzzing test case #785 (1524 total, 0 uniq crashes found)...[0m
scheduled max input!!!!
schedule: 6 level2_1/ijon_max/6
[1;94m[*] [0mFuzzing test case #786 (1524 total, 0 uniq crashes found)...[0m
scheduled max input!!!!
schedule: 0 level2_1/ijon_max/0
[1;94m[*] [0mFuzzing test case #787 (1524 total, 0 uniq crashes found)...[0m
scheduled max input!!!!
schedule: 12 level2_1/ijon_max/12
[1;94m[*] [0mFuzzing test case #788 (1524 total, 0 uniq crashes found)...[0m
scheduled max input!!!!
schedule: 4 level2_1/ijon_max/4
[1;94m[*] [0mFuzzing test case #789 (1524 total, 0 uniq crashes found)...[0m
scheduled max input!!!!
schedule: 10 level2_1/ijon_max/10
[1;94m[*] [0mFuzzing test case #790 (1524 total, 0 uniq crashes found)...[0m
scheduled max input!!!!
schedule: 4 level2_1/ijon_max/4
[1;94m[*] [0mFuzzing test case #791 (1524 total, 0 uniq crashes found)...[0m
scheduled max input!!!!
schedule: 11 level2_1/ijon_max/11
[1;94m[*] [0mFuzzing test case #792 (1524 total, 0 uniq crashes found)...[0m
scheduled max input!!!!
schedule: 10 level2_1/ijon_max/10
updated maxmap 10: 65c (len: 794)
updated maxmap 11: 65c (len: 794)
updated maxmap 9: 652 (len: 793)
[1;94m[*] [0mFuzzing test case #793 (1525 total, 0 uniq crashes found)...[0m
[1;94m[*] [0mFuzzing test case #794 (1525 total, 0 uniq crashes found)...[0m
scheduled max input!!!!
schedule: 6 level2_1/ijon_max/6
[1;94m[*] [0mFuzzing test case #795 (1525 total, 0 uniq crashes found)...[0m
scheduled max input!!!!
schedule: 3 level2_1/ijon_max/3
[1;94m[*] [0mFuzzing test case #796 (1525 total, 0 uniq crashes found)...[0m
scheduled max input!!!!
schedule: 0 level2_1/ijon_max/0
[1;94m[*] [0mFuzzing test case #797 (1526 total, 0 uniq crashes found)...[0m
scheduled max input!!!!
schedule: 8 level2_1/ijon_max/8
[1;94m[*] [0mFuzzing test case #798 (1526 total, 0 uniq crashes found)...[0m
scheduled max input!!!!
schedule: 3 level2_1/ijon_max/3
[1;94m[*] [0mFuzzing test case #799 (1526 total, 0 uniq crashes found)...[0m
scheduled max input!!!!
schedule: 10 level2_1/ijon_max/10
updated maxmap 11: 65e (len: 794)
[1;94m[*] [0mFuzzing test case #800 (1526 total, 0 uniq crashes found)...[0m
scheduled max input!!!!
schedule: 5 level2_1/ijon_max/5
[1;94m[*] [0mFuzzing test case #801 (1526 total, 0 uniq crashes found)...[0m
[1;94m[*] [0mFuzzing test case #802 (1526 total, 0 uniq crashes found)...[0m
scheduled max input!!!!
schedule: 2 level2_1/ijon_max/2
[1;94m[*] [0mFuzzing test case #803 (1526 total, 0 uniq crashes found)...[0m
scheduled max input!!!!
schedule: 3 level2_1/ijon_max/3
[1;94m[*] [0mFuzzing test case #804 (1526 total, 0 uniq crashes found)...[0m
scheduled max input!!!!
schedule: 1 level2_1/ijon_max/1
[1;94m[*] [0mFuzzing test case #805 (1526 total, 0 uniq crashes found)...[0m
scheduled max input!!!!
schedule: 12 level2_1/ijon_max/12
[1;94m[*] [0mFuzzing test case #806 (1526 total, 0 uniq crashes found)...[0m
scheduled max input!!!!
schedule: 9 level2_1/ijon_max/9
updated maxmap 9: 655 (len: 795)
updated maxmap 9: 657 (len: 798)
[1;94m[*] [0mFuzzing test case #807 (1527 total, 0 uniq crashes found)...[0m
scheduled max input!!!!
schedule: 14 level2_1/ijon_max/14
[1;94m[*] [0mFuzzing test case #808 (1527 total, 0 uniq crashes found)...[0m
[1;94m[*] [0mFuzzing test case #809 (1527 total, 0 uniq crashes found)...[0m
scheduled max input!!!!
schedule: 1 level2_1/ijon_max/1
[1;94m[*] [0mFuzzing test case #810 (1527 total, 0 uniq crashes found)...[0m
scheduled max input!!!!
schedule: 9 level2_1/ijon_max/9
updated maxmap 9: 658 (len: 798)
updated maxmap 8: 65c (len: 805)
updated maxmap 9: 65c (len: 805)
minimized maxmap 9: 65c (len: 801)
[1;94m[*] [0mFuzzing test case #811 (1529 total, 0 uniq crashes found)...[0m
scheduled max input!!!!
schedule: 1 level2_1/ijon_max/1
[1;94m[*] [0mFuzzing test case #812 (1529 total, 0 uniq crashes found)...[0m
scheduled max input!!!!
schedule: 0 level2_1/ijon_max/0
[1;94m[*] [0mFuzzing test case #813 (1530 total, 0 uniq crashes found)...[0m
[1;94m[*] [0mFuzzing test case #814 (1530 total, 0 uniq crashes found)...[0m
scheduled max input!!!!
schedule: 7 level2_1/ijon_max/7
[1;94m[*] [0mFuzzing test case #815 (1530 total, 0 uniq crashes found)...[0m
scheduled max input!!!!
schedule: 3 level2_1/ijon_max/3
[1;94m[*] [0mFuzzing test case #816 (1530 total, 0 uniq crashes found)...[0m
scheduled max input!!!!
schedule: 2 level2_1/ijon_max/2
[1;94m[*] [0mFuzzing test case #817 (1530 total, 0 uniq crashes found)...[0m
scheduled max input!!!!
schedule: 6 level2_1/ijon_max/6
[1;94m[*] [0mFuzzing test case #818 (1530 total, 0 uniq crashes found)...[0m
[1;94m[*] [0mFuzzing test case #819 (1530 total, 0 uniq crashes found)...[0m
[1;94m[*] [0mFuzzing test case #820 (1530 total, 0 uniq crashes found)...[0m
scheduled max input!!!!
schedule: 8 level2_1/ijon_max/8
updated maxmap 9: 65d (len: 805)
updated maxmap 9: 65e (len: 805)
updated maxmap 10: 65d (len: 805)
[1;94m[*] [0mFuzzing test case #821 (1530 total, 0 uniq crashes found)...[0m
[1;94m[*] [0mFuzzing test case #822 (1530 total, 0 uniq crashes found)...[0m
scheduled max input!!!!
schedule: 2 level2_1/ijon_max/2
[1;94m[*] [0mFuzzing test case #823 (1530 total, 0 uniq crashes found)...[0m
[1;94m[*] [0mFuzzing test case #824 (1530 total, 0 uniq crashes found)...[0m
scheduled max input!!!!
schedule: 0 level2_1/ijon_max/0
[1;94m[*] [0mFuzzing test case #825 (1530 total, 0 uniq crashes found)...[0m
scheduled max input!!!!
schedule: 4 level2_1/ijon_max/4
[1;94m[*] [0mFuzzing test case #826 (1530 total, 0 uniq crashes found)...[0m
scheduled max input!!!!
schedule: 9 level2_1/ijon_max/9
updated maxmap 8: 65d (len: 806)
minimized maxmap 8: 65d (len: 805)
[1;94m[*] [0mFuzzing test case #827 (1530 total, 0 uniq crashes found)...[0m
scheduled max input!!!!
schedule: 10 level2_1/ijon_max/10
[1;94m[*] [0mFuzzing test case #828 (1531 total, 0 uniq crashes found)...[0m
scheduled max input!!!!
schedule: 1 level2_1/ijon_max/1
[1;94m[*] [0mFuzzing test case #829 (1531 total, 0 uniq crashes found)...[0m
scheduled max input!!!!
schedule: 7 level2_1/ijon_max/7
updated maxmap 7: 5e3 (len: 749)
minimized maxmap 7: 5e3 (len: 747)
updated maxmap 7: 5e4 (len: 747)
updated maxmap 7: 5e5 (len: 747)
[1;94m[*] [0mFuzzing test case #830 (1531 total, 0 uniq crashes found)...[0m
scheduled max input!!!!
schedule: 2 level2_1/ijon_max/2
[1;94m[*] [0mFuzzing test case #831 (1531 total, 0 uniq crashes found)...[0m
scheduled max input!!!!
schedule: 5 level2_1/ijon_max/5
[1;94m[*] [0mFuzzing test case #832 (1531 total, 0 uniq crashes found)...[0m
[1;94m[*] [0mFuzzing test case #833 (1531 total, 0 uniq crashes found)...[0m
scheduled max input!!!!
schedule: 4 level2_1/ijon_max/4
[1;94m[*] [0mFuzzing test case #834 (1531 total, 0 uniq crashes found)...[0m
[1;94m[*] [0mFuzzing test case #835 (1531 total, 0 uniq crashes found)...[0m
scheduled max input!!!!
schedule: 11 level2_1/ijon_max/11
[1;94m[*] [0mFuzzing test case #836 (1531 total, 0 uniq crashes found)...[0m
scheduled max input!!!!
schedule: 15 level2_1/ijon_max/15
[1;94m[*] [0mFuzzing test case #837 (1531 total, 0 uniq crashes found)...[0m
scheduled max input!!!!
schedule: 3 level2_1/ijon_max/3
[1;94m[*] [0mFuzzing test case #838 (1531 total, 0 uniq crashes found)...[0m
scheduled max input!!!!
schedule: 14 level2_1/ijon_max/14
[1;94m[*] [0mFuzzing test case #839 (1531 total, 0 uniq crashes found)...[0m
scheduled max input!!!!
schedule: 8 level2_1/ijon_max/8
[1;94m[*] [0mFuzzing test case #840 (1531 total, 0 uniq crashes found)...[0m
[1;94m[*] [0mFuzzing test case #841 (1531 total, 0 uniq crashes found)...[0m
[1;94m[*] [0mFuzzing test case #842 (1531 total, 0 uniq crashes found)...[0m
scheduled max input!!!!
schedule: 15 level2_1/ijon_max/15
[1;94m[*] [0mFuzzing test case #843 (1531 total, 0 uniq crashes found)...[0m
[1;94m[*] [0mFuzzing test case #844 (1531 total, 0 uniq crashes found)...[0m
scheduled max input!!!!
schedule: 9 level2_1/ijon_max/9
[1;94m[*] [0mFuzzing test case #845 (1531 total, 0 uniq crashes found)...[0m
scheduled max input!!!!
schedule: 9 level2_1/ijon_max/9
[1;94m[*] [0mFuzzing test case #846 (1532 total, 0 uniq crashes found)...[0m
scheduled max input!!!!
schedule: 14 level2_1/ijon_max/14
[1;94m[*] [0mFuzzing test case #847 (1534 total, 0 uniq crashes found)...[0m
scheduled max input!!!!
schedule: 10 level2_1/ijon_max/10
[1;94m[*] [0mFuzzing test case #848 (1534 total, 0 uniq crashes found)...[0m
scheduled max input!!!!
schedule: 7 level2_1/ijon_max/7
updated maxmap 7: 5ea (len: 747)
[1;94m[*] [0mFuzzing test case #849 (1534 total, 0 uniq crashes found)...[0m
scheduled max input!!!!
schedule: 9 level2_1/ijon_max/9
[1;94m[*] [0mFuzzing test case #850 (1535 total, 0 uniq crashes found)...[0m
scheduled max input!!!!
schedule: 15 level2_1/ijon_max/15
[1;94m[*] [0mFuzzing test case #851 (1535 total, 0 uniq crashes found)...[0m
scheduled max input!!!!
schedule: 8 level2_1/ijon_max/8
[1;94m[*] [0mFuzzing test case #852 (1535 total, 0 uniq crashes found)...[0m
scheduled max input!!!!
schedule: 3 level2_1/ijon_max/3
[1;94m[*] [0mFuzzing test case #853 (1535 total, 0 uniq crashes found)...[0m
scheduled max input!!!!
schedule: 6 level2_1/ijon_max/6
[1;94m[*] [0mFuzzing test case #854 (1535 total, 0 uniq crashes found)...[0m
scheduled max input!!!!
schedule: 15 level2_1/ijon_max/15
[1;94m[*] [0mFuzzing test case #855 (1535 total, 0 uniq crashes found)...[0m
scheduled max input!!!!
schedule: 15 level2_1/ijon_max/15
[1;94m[*] [0mFuzzing test case #856 (1535 total, 0 uniq crashes found)...[0m
scheduled max input!!!!
schedule: 6 level2_1/ijon_max/6
[1;94m[*] [0mFuzzing test case #857 (1535 total, 0 uniq crashes found)...[0m
scheduled max input!!!!
schedule: 11 level2_1/ijon_max/11
minimized maxmap 10: 65d (len: 801)
[1;94m[*] [0mFuzzing test case #858 (1535 total, 0 uniq crashes found)...[0m
scheduled max input!!!!
schedule: 6 level2_1/ijon_max/6
[1;94m[*] [0mFuzzing test case #859 (1535 total, 0 uniq crashes found)...[0m
scheduled max input!!!!
schedule: 9 level2_1/ijon_max/9
[1;94m[*] [0mFuzzing test case #860 (1535 total, 0 uniq crashes found)...[0m
scheduled max input!!!!
schedule: 13 level2_1/ijon_max/13
[1;94m[*] [0mFuzzing test case #861 (1535 total, 0 uniq crashes found)...[0m
scheduled max input!!!!
schedule: 11 level2_1/ijon_max/11
minimized maxmap 10: 65d (len: 794)
[1;94m[*] [0mFuzzing test case #862 (1535 total, 0 uniq crashes found)...[0m
scheduled max input!!!!
schedule: 4 level2_1/ijon_max/4
[1;94m[*] [0mFuzzing test case #863 (1535 total, 0 uniq crashes found)...[0m
scheduled max input!!!!
schedule: 3 level2_1/ijon_max/3
[1;94m[*] [0mFuzzing test case #864 (1535 total, 0 uniq crashes found)...[0m
scheduled max input!!!!
schedule: 9 level2_1/ijon_max/9
[1;94m[*] [0mFuzzing test case #865 (1535 total, 0 uniq crashes found)...[0m
scheduled max input!!!!
schedule: 3 level2_1/ijon_max/3
[1;94m[*] [0mFuzzing test case #866 (1535 total, 0 uniq crashes found)...[0m
scheduled max input!!!!
schedule: 3 level2_1/ijon_max/3
[1;94m[*] [0mFuzzing test case #867 (1535 total, 0 uniq crashes found)...[0m
scheduled max input!!!!
schedule: 12 level2_1/ijon_max/12
[1;94m[*] [0mFuzzing test case #868 (1535 total, 0 uniq crashes found)...[0m
scheduled max input!!!!
schedule: 10 level2_1/ijon_max/10
updated maxmap 10: 65e (len: 794)
[1;94m[*] [0mFuzzing test case #869 (1535 total, 0 uniq crashes found)...[0m
scheduled max input!!!!
schedule: 14 level2_1/ijon_max/14
[1;94m[*] [0mFuzzing test case #870 (1535 total, 0 uniq crashes found)...[0m
scheduled max input!!!!
schedule: 11 level2_1/ijon_max/11
[1;94m[*] [0mFuzzing test case #871 (1535 total, 0 uniq crashes found)...[0m
scheduled max input!!!!
schedule: 12 level2_1/ijon_max/12
[1;94m[*] [0mFuzzing test case #872 (1535 total, 0 uniq crashes found)...[0m
scheduled max input!!!!
schedule: 11 level2_1/ijon_max/11
[1;94m[*] [0mFuzzing test case #873 (1535 total, 0 uniq crashes found)...[0m
scheduled max input!!!!
schedule: 5 level2_1/ijon_max/5
[1;94m[*] [0mFuzzing test case #874 (1535 total, 0 uniq crashes found)...[0m
scheduled max input!!!!
schedule: 13 level2_1/ijon_max/13
[1;94m[*] [0mFuzzing test case #875 (1535 total, 0 uniq crashes found)...[0m
[1;94m[*] [0mFuzzing test case #876 (1535 total, 0 uniq crashes found)...[0m
scheduled max input!!!!
schedule: 4 level2_1/ijon_max/4
[1;94m[*] [0mFuzzing test case #877 (1535 total, 0 uniq crashes found)...[0m
scheduled max input!!!!
schedule: 11 level2_1/ijon_max/11
[1;94m[*] [0mFuzzing test case #878 (1535 total, 0 uniq crashes found)...[0m
scheduled max input!!!!
schedule: 0 level2_1/ijon_max/0
[1;94m[*] [0mFuzzing test case #879 (1535 total, 0 uniq crashes found)...[0m
[1;94m[*] [0mFuzzing test case #880 (1535 total, 0 uniq crashes found)...[0m
scheduled max input!!!!
schedule: 12 level2_1/ijon_max/12
[1;94m[*] [0mFuzzing test case #881 (1535 total, 0 uniq crashes found)...[0m
scheduled max input!!!!
schedule: 14 level2_1/ijon_max/14
[1;94m[*] [0mFuzzing test case #882 (1535 total, 0 uniq crashes found)...[0m
scheduled max input!!!!
schedule: 1 level2_1/ijon_max/1
[1;94m[*] [0mFuzzing test case #883 (1535 total, 0 uniq crashes found)...[0m
scheduled max input!!!!
schedule: 10 level2_1/ijon_max/10
updated maxmap 8: 663 (len: 794)
[1;94m[*] [0mFuzzing test case #884 (1535 total, 0 uniq crashes found)...[0m
[1;94m[*] [0mFuzzing test case #885 (1535 total, 0 uniq crashes found)...[0m
scheduled max input!!!!
schedule: 12 level2_1/ijon_max/12
[1;94m[*] [0mFuzzing test case #886 (1535 total, 0 uniq crashes found)...[0m
scheduled max input!!!!
schedule: 5 level2_1/ijon_max/5
[1;94m[*] [0mFuzzing test case #887 (1535 total, 0 uniq crashes found)...[0m
[1;94m[*] [0mFuzzing test case #888 (1535 total, 0 uniq crashes found)...[0m
scheduled max input!!!!
schedule: 14 level2_1/ijon_max/14
[1;94m[*] [0mFuzzing test case #889 (1536 total, 0 uniq crashes found)...[0m
scheduled max input!!!!
schedule: 2 level2_1/ijon_max/2
[1;94m[*] [0mFuzzing test case #890 (1536 total, 0 uniq crashes found)...[0m
[1;94m[*] [0mFuzzing test case #891 (1536 total, 0 uniq crashes found)...[0m
[1;94m[*] [0mFuzzing test case #892 (1536 total, 0 uniq crashes found)...[0m
[1;94m[*] [0mFuzzing test case #893 (1536 total, 0 uniq crashes found)...[0m
scheduled max input!!!!
schedule: 11 level2_1/ijon_max/11
[1;94m[*] [0mFuzzing test case #894 (1536 total, 0 uniq crashes found)...[0m
scheduled normal input!!!!
[1;94m[*] [0mFuzzing test case #895 (1536 total, 0 uniq crashes found)...[0m
scheduled max input!!!!
schedule: 6 level2_1/ijon_max/6
[1;94m[*] [0mFuzzing test case #896 (1536 total, 0 uniq crashes found)...[0m
scheduled max input!!!!
schedule: 7 level2_1/ijon_max/7
[1;94m[*] [0mFuzzing test case #897 (1536 total, 0 uniq crashes found)...[0m
scheduled max input!!!!
schedule: 4 level2_1/ijon_max/4
[1;94m[*] [0mFuzzing test case #898 (1536 total, 0 uniq crashes found)...[0m
[1;94m[*] [0mFuzzing test case #899 (1536 total, 0 uniq crashes found)...[0m
[1;94m[*] [0mFuzzing test case #900 (1536 total, 0 uniq crashes found)...[0m
scheduled max input!!!!
schedule: 14 level2_1/ijon_max/14
[1;94m[*] [0mFuzzing test case #901 (1536 total, 0 uniq crashes found)...[0m
scheduled max input!!!!
schedule: 11 level2_1/ijon_max/11
[1;94m[*] [0mFuzzing test case #902 (1536 total, 0 uniq crashes found)...[0m
scheduled max input!!!!
schedule: 11 level2_1/ijon_max/11
[1;94m[*] [0mFuzzing test case #903 (1536 total, 0 uniq crashes found)...[0m
scheduled max input!!!!
schedule: 13 level2_1/ijon_max/13
[1;94m[*] [0mFuzzing test case #904 (1536 total, 0 uniq crashes found)...[0m
scheduled max input!!!!
schedule: 13 level2_1/ijon_max/13
[1;94m[*] [0mFuzzing test case #905 (1537 total, 0 uniq crashes found)...[0m
scheduled max input!!!!
schedule: 3 level2_1/ijon_max/3
[1;94m[*] [0mFuzzing test case #906 (1537 total, 0 uniq crashes found)...[0m
scheduled max input!!!!
schedule: 14 level2_1/ijon_max/14
[1;94m[*] [0mFuzzing test case #907 (1537 total, 0 uniq crashes found)...[0m
[1;94m[*] [0mFuzzing test case #908 (1537 total, 0 uniq crashes found)...[0m
scheduled max input!!!!
schedule: 4 level2_1/ijon_max/4
[1;94m[*] [0mFuzzing test case #909 (1537 total, 0 uniq crashes found)...[0m
scheduled max input!!!!
schedule: 4 level2_1/ijon_max/4
[1;94m[*] [0mFuzzing test case #910 (1537 total, 0 uniq crashes found)...[0m
scheduled normal input!!!!
[1;94m[*] [0mFuzzing test case #911 (1538 total, 0 uniq crashes found)...[0m
scheduled max input!!!!
schedule: 1 level2_1/ijon_max/1
[1;94m[*] [0mFuzzing test case #912 (1538 total, 0 uniq crashes found)...[0m
scheduled max input!!!!
schedule: 9 level2_1/ijon_max/9
[1;94m[*] [0mFuzzing test case #913 (1538 total, 0 uniq crashes found)...[0m
scheduled max input!!!!
schedule: 0 level2_1/ijon_max/0
[1;94m[*] [0mFuzzing test case #914 (1539 total, 0 uniq crashes found)...[0m
[1;94m[*] [0mFuzzing test case #915 (1539 total, 0 uniq crashes found)...[0m
scheduled max input!!!!
schedule: 13 level2_1/ijon_max/13
[1;94m[*] [0mFuzzing test case #916 (1539 total, 0 uniq crashes found)...[0m
scheduled max input!!!!
schedule: 10 level2_1/ijon_max/10
[1;94m[*] [0mFuzzing test case #917 (1539 total, 0 uniq crashes found)...[0m
scheduled max input!!!!
schedule: 12 level2_1/ijon_max/12
[1;94m[*] [0mFuzzing test case #918 (1539 total, 0 uniq crashes found)...[0m
scheduled max input!!!!
schedule: 5 level2_1/ijon_max/5
[1;94m[*] [0mFuzzing test case #919 (1539 total, 0 uniq crashes found)...[0m
scheduled max input!!!!
schedule: 15 level2_1/ijon_max/15
[1;94m[*] [0mFuzzing test case #920 (1540 total, 0 uniq crashes found)...[0m
scheduled max input!!!!
schedule: 2 level2_1/ijon_max/2
[1;94m[*] [0mFuzzing test case #921 (1541 total, 0 uniq crashes found)...[0m
scheduled max input!!!!
schedule: 1 level2_1/ijon_max/1
[1;94m[*] [0mFuzzing test case #922 (1541 total, 0 uniq crashes found)...[0m
scheduled max input!!!!
schedule: 7 level2_1/ijon_max/7
[1;94m[*] [0mFuzzing test case #923 (1541 total, 0 uniq crashes found)...[0m
scheduled max input!!!!
schedule: 8 level2_1/ijon_max/8
updated maxmap 8: 664 (len: 794)
[1;94m[*] [0mFuzzing test case #924 (1541 total, 0 uniq crashes found)...[0m
scheduled max input!!!!
schedule: 3 level2_1/ijon_max/3
[1;94m[*] [0mFuzzing test case #925 (1541 total, 0 uniq crashes found)...[0m
scheduled max input!!!!
schedule: 6 level2_1/ijon_max/6
[1;94m[*] [0mFuzzing test case #926 (1541 total, 0 uniq crashes found)...[0m
scheduled max input!!!!
schedule: 3 level2_1/ijon_max/3
[1;94m[*] [0mFuzzing test case #927 (1541 total, 0 uniq crashes found)...[0m
[1;94m[*] [0mFuzzing test case #928 (1541 total, 0 uniq crashes found)...[0m
scheduled max input!!!!
schedule: 12 level2_1/ijon_max/12
[1;94m[*] [0mFuzzing test case #929 (1541 total, 0 uniq crashes found)...[0m
scheduled max input!!!!
schedule: 7 level2_1/ijon_max/7
[1;94m[*] [0mFuzzing test case #930 (1541 total, 0 uniq crashes found)...[0m
scheduled max input!!!!
schedule: 10 level2_1/ijon_max/10
[1;94m[*] [0mFuzzing test case #931 (1541 total, 0 uniq crashes found)...[0m
scheduled max input!!!!
schedule: 13 level2_1/ijon_max/13
[1;94m[*] [0mFuzzing test case #932 (1541 total, 0 uniq crashes found)...[0m
[1;94m[*] [0mFuzzing test case #933 (1541 total, 0 uniq crashes found)...[0m
scheduled max input!!!!
schedule: 14 level2_1/ijon_max/14
[1;94m[*] [0mFuzzing test case #934 (1541 total, 0 uniq crashes found)...[0m
[1;94m[*] [0mFuzzing test case #935 (1541 total, 0 uniq crashes found)...[0m
scheduled max input!!!!
schedule: 4 level2_1/ijon_max/4
[1;94m[*] [0mFuzzing test case #936 (1541 total, 0 uniq crashes found)...[0m
scheduled max input!!!!
schedule: 15 level2_1/ijon_max/15
[1;94m[*] [0mFuzzing test case #937 (1541 total, 0 uniq crashes found)...[0m
scheduled max input!!!!
schedule: 3 level2_1/ijon_max/3
[1;94m[*] [0mFuzzing test case #938 (1541 total, 0 uniq crashes found)...[0m
scheduled max input!!!!
schedule: 2 level2_1/ijon_max/2
[1;94m[*] [0mFuzzing test case #939 (1541 total, 0 uniq crashes found)...[0m
scheduled max input!!!!
schedule: 12 level2_1/ijon_max/12
[1;94m[*] [0mFuzzing test case #940 (1541 total, 0 uniq crashes found)...[0m
scheduled max input!!!!
schedule: 3 level2_1/ijon_max/3
[1;94m[*] [0mFuzzing test case #941 (1541 total, 0 uniq crashes found)...[0m
scheduled max input!!!!
schedule: 5 level2_1/ijon_max/5
[1;94m[*] [0mFuzzing test case #942 (1541 total, 0 uniq crashes found)...[0m
[1;94m[*] [0mFuzzing test case #943 (1541 total, 0 uniq crashes found)...[0m
scheduled max input!!!!
schedule: 0 level2_1/ijon_max/0
[1;94m[*] [0mFuzzing test case #944 (1541 total, 0 uniq crashes found)...[0m
scheduled max input!!!!
schedule: 3 level2_1/ijon_max/3
[1;94m[*] [0mFuzzing test case #945 (1541 total, 0 uniq crashes found)...[0m
scheduled max input!!!!
schedule: 15 level2_1/ijon_max/15
[1;94m[*] [0mFuzzing test case #946 (1541 total, 0 uniq crashes found)...[0m
[1;94m[*] [0mFuzzing test case #947 (1541 total, 0 uniq crashes found)...[0m
scheduled max input!!!!
schedule: 4 level2_1/ijon_max/4
[1;94m[*] [0mFuzzing test case #948 (1541 total, 0 uniq crashes found)...[0m
scheduled max input!!!!
schedule: 10 level2_1/ijon_max/10
[1;94m[*] [0mFuzzing test case #949 (1541 total, 0 uniq crashes found)...[0m
scheduled max input!!!!
schedule: 2 level2_1/ijon_max/2
[1;94m[*] [0mFuzzing test case #950 (1541 total, 0 uniq crashes found)...[0m
scheduled max input!!!!
schedule: 0 level2_1/ijon_max/0
[1;94m[*] [0mFuzzing test case #951 (1541 total, 0 uniq crashes found)...[0m
scheduled max input!!!!
schedule: 10 level2_1/ijon_max/10
[1;94m[*] [0mFuzzing test case #952 (1541 total, 0 uniq crashes found)...[0m
scheduled max input!!!!
schedule: 14 level2_1/ijon_max/14
[1;94m[*] [0mFuzzing test case #953 (1541 total, 0 uniq crashes found)...[0m
[1;94m[*] [0mFuzzing test case #954 (1541 total, 0 uniq crashes found)...[0m
scheduled max input!!!!
schedule: 4 level2_1/ijon_max/4
[1;94m[*] [0mFuzzing test case #955 (1541 total, 0 uniq crashes found)...[0m
scheduled max input!!!!
schedule: 13 level2_1/ijon_max/13
[1;94m[*] [0mFuzzing test case #956 (1541 total, 0 uniq crashes found)...[0m
scheduled max input!!!!
schedule: 7 level2_1/ijon_max/7
[1;94m[*] [0mFuzzing test case #957 (1541 total, 0 uniq crashes found)...[0m
[1;94m[*] [0mFuzzing test case #958 (1541 total, 0 uniq crashes found)...[0m
scheduled max input!!!!
schedule: 14 level2_1/ijon_max/14
[1;94m[*] [0mFuzzing test case #959 (1541 total, 0 uniq crashes found)...[0m
scheduled max input!!!!
schedule: 0 level2_1/ijon_max/0
[1;94m[*] [0mFuzzing test case #960 (1541 total, 0 uniq crashes found)...[0m
scheduled max input!!!!
schedule: 2 level2_1/ijon_max/2
[1;94m[*] [0mFuzzing test case #961 (1541 total, 0 uniq crashes found)...[0m
scheduled max input!!!!
schedule: 11 level2_1/ijon_max/11
[1;94m[*] [0mFuzzing test case #962 (1541 total, 0 uniq crashes found)...[0m
scheduled max input!!!!
schedule: 10 level2_1/ijon_max/10
[1;94m[*] [0mFuzzing test case #963 (1541 total, 0 uniq crashes found)...[0m
scheduled max input!!!!
schedule: 5 level2_1/ijon_max/5
[1;94m[*] [0mFuzzing test case #964 (1541 total, 0 uniq crashes found)...[0m
scheduled max input!!!!
schedule: 3 level2_1/ijon_max/3
[1;94m[*] [0mFuzzing test case #965 (1541 total, 0 uniq crashes found)...[0m
scheduled max input!!!!
schedule: 5 level2_1/ijon_max/5
[1;94m[*] [0mFuzzing test case #966 (1541 total, 0 uniq crashes found)...[0m
scheduled max input!!!!
schedule: 2 level2_1/ijon_max/2
[1;94m[*] [0mFuzzing test case #967 (1541 total, 0 uniq crashes found)...[0m
[1;94m[*] [0mFuzzing test case #968 (1541 total, 0 uniq crashes found)...[0m
[1;94m[*] [0mFuzzing test case #969 (1541 total, 0 uniq crashes found)...[0m
[1;94m[*] [0mFuzzing test case #970 (1541 total, 0 uniq crashes found)...[0m
scheduled max input!!!!
schedule: 14 level2_1/ijon_max/14
[1;94m[*] [0mFuzzing test case #971 (1541 total, 0 uniq crashes found)...[0m
[1;94m[*] [0mFuzzing test case #972 (1541 total, 0 uniq crashes found)...[0m
scheduled max input!!!!
schedule: 5 level2_1/ijon_max/5
[1;94m[*] [0mFuzzing test case #973 (1541 total, 0 uniq crashes found)...[0m
scheduled max input!!!!
schedule: 5 level2_1/ijon_max/5
[1;94m[*] [0mFuzzing test case #974 (1541 total, 0 uniq crashes found)...[0m
scheduled max input!!!!
schedule: 5 level2_1/ijon_max/5
[1;94m[*] [0mFuzzing test case #975 (1541 total, 0 uniq crashes found)...[0m
[1;94m[*] [0mFuzzing test case #976 (1541 total, 0 uniq crashes found)...[0m
scheduled max input!!!!
schedule: 0 level2_1/ijon_max/0
[1;94m[*] [0mFuzzing test case #977 (1541 total, 0 uniq crashes found)...[0m
scheduled normal input!!!!
[1;94m[*] [0mFuzzing test case #978 (1541 total, 0 uniq crashes found)...[0m
scheduled max input!!!!
schedule: 1 level2_1/ijon_max/1
[1;94m[*] [0mFuzzing test case #979 (1541 total, 0 uniq crashes found)...[0m
scheduled max input!!!!
schedule: 8 level2_1/ijon_max/8
minimized maxmap 9: 65e (len: 795)
[1;94m[*] [0mFuzzing test case #980 (1541 total, 0 uniq crashes found)...[0m
scheduled max input!!!!
schedule: 5 level2_1/ijon_max/5
[1;94m[*] [0mFuzzing test case #981 (1541 total, 0 uniq crashes found)...[0m
scheduled max input!!!!
schedule: 13 level2_1/ijon_max/13
[1;94m[*] [0mFuzzing test case #982 (1541 total, 0 uniq crashes found)...[0m
scheduled max input!!!!
schedule: 10 level2_1/ijon_max/10
[1;94m[*] [0mFuzzing test case #983 (1541 total, 0 uniq crashes found)...[0m
scheduled max input!!!!
schedule: 2 level2_1/ijon_max/2
[1;94m[*] [0mFuzzing test case #984 (1541 total, 0 uniq crashes found)...[0m
scheduled max input!!!!
schedule: 10 level2_1/ijon_max/10
[1;94m[*] [0mFuzzing test case #985 (1541 total, 0 uniq crashes found)...[0m
scheduled max input!!!!
schedule: 3 level2_1/ijon_max/3
[1;94m[*] [0mFuzzing test case #986 (1541 total, 0 uniq crashes found)...[0m
[1;94m[*] [0mFuzzing test case #987 (1541 total, 0 uniq crashes found)...[0m
[1;94m[*] [0mFuzzing test case #988 (1541 total, 0 uniq crashes found)...[0m
scheduled max input!!!!
schedule: 0 level2_1/ijon_max/0
[1;94m[*] [0mFuzzing test case #989 (1541 total, 0 uniq crashes found)...[0m
scheduled max input!!!!
schedule: 11 level2_1/ijon_max/11
[1;94m[*] [0mFuzzing test case #990 (1541 total, 0 uniq crashes found)...[0m
[1;94m[*] [0mFuzzing test case #991 (1541 total, 0 uniq crashes found)...[0m
[1;94m[*] [0mFuzzing test case #992 (1541 total, 0 uniq crashes found)...[0m
[1;94m[*] [0mFuzzing test case #993 (1541 total, 0 uniq crashes found)...[0m
scheduled max input!!!!
schedule: 8 level2_1/ijon_max/8
[1;94m[*] [0mFuzzing test case #994 (1541 total, 0 uniq crashes found)...[0m
scheduled max input!!!!
schedule: 6 level2_1/ijon_max/6
[1;94m[*] [0mFuzzing test case #995 (1541 total, 0 uniq crashes found)...[0m
scheduled max input!!!!
schedule: 14 level2_1/ijon_max/14
[1;94m[*] [0mFuzzing test case #996 (1541 total, 0 uniq crashes found)...[0m
scheduled max input!!!!
schedule: 12 level2_1/ijon_max/12
[1;94m[*] [0mFuzzing test case #997 (1541 total, 0 uniq crashes found)...[0m
scheduled max input!!!!
schedule: 3 level2_1/ijon_max/3
[1;94m[*] [0mFuzzing test case #998 (1541 total, 0 uniq crashes found)...[0m
[1;94m[*] [0mFuzzing test case #999 (1541 total, 0 uniq crashes found)...[0m
scheduled max input!!!!
schedule: 9 level2_1/ijon_max/9
[1;94m[*] [0mFuzzing test case #1000 (1542 total, 0 uniq crashes found)...[0m
scheduled max input!!!!
schedule: 8 level2_1/ijon_max/8
minimized maxmap 9: 65e (len: 794)
[1;94m[*] [0mFuzzing test case #1001 (1543 total, 0 uniq crashes found)...[0m
[1;94m[*] [0mFuzzing test case #1002 (1543 total, 0 uniq crashes found)...[0m
scheduled max input!!!!
schedule: 0 level2_1/ijon_max/0
[1;94m[*] [0mFuzzing test case #1003 (1543 total, 0 uniq crashes found)...[0m
scheduled max input!!!!
schedule: 2 level2_1/ijon_max/2
[1;94m[*] [0mFuzzing test case #1004 (1543 total, 0 uniq crashes found)...[0m
scheduled max input!!!!
schedule: 14 level2_1/ijon_max/14
[1;94m[*] [0mFuzzing test case #1005 (1543 total, 0 uniq crashes found)...[0m
scheduled max input!!!!
schedule: 5 level2_1/ijon_max/5
[1;94m[*] [0mFuzzing test case #1006 (1543 total, 0 uniq crashes found)...[0m
scheduled max input!!!!
schedule: 0 level2_1/ijon_max/0
[1;94m[*] [0mFuzzing test case #1007 (1543 total, 0 uniq crashes found)...[0m
[1;94m[*] [0mFuzzing test case #1008 (1543 total, 0 uniq crashes found)...[0m
scheduled max input!!!!
schedule: 6 level2_1/ijon_max/6
[1;94m[*] [0mFuzzing test case #1009 (1543 total, 0 uniq crashes found)...[0m
scheduled max input!!!!
schedule: 13 level2_1/ijon_max/13
[1;94m[*] [0mFuzzing test case #1010 (1543 total, 0 uniq crashes found)...[0m
scheduled max input!!!!
schedule: 12 level2_1/ijon_max/12
[1;94m[*] [0mFuzzing test case #1011 (1544 total, 0 uniq crashes found)...[0m
scheduled max input!!!!
schedule: 1 level2_1/ijon_max/1
[1;94m[*] [0mFuzzing test case #1012 (1544 total, 0 uniq crashes found)...[0m
scheduled max input!!!!
schedule: 12 level2_1/ijon_max/12
[1;94m[*] [0mFuzzing test case #1013 (1544 total, 0 uniq crashes found)...[0m
scheduled max input!!!!
schedule: 15 level2_1/ijon_max/15
[1;94m[*] [0mFuzzing test case #1014 (1544 total, 0 uniq crashes found)...[0m
scheduled max input!!!!
schedule: 4 level2_1/ijon_max/4
[1;94m[*] [0mFuzzing test case #1015 (1544 total, 0 uniq crashes found)...[0m
scheduled max input!!!!
schedule: 0 level2_1/ijon_max/0
[1;94m[*] [0mFuzzing test case #1016 (1544 total, 0 uniq crashes found)...[0m
scheduled max input!!!!
schedule: 5 level2_1/ijon_max/5
[1;94m[*] [0mFuzzing test case #1017 (1544 total, 0 uniq crashes found)...[0m
scheduled max input!!!!
schedule: 9 level2_1/ijon_max/9
[1;94m[*] [0mFuzzing test case #1018 (1544 total, 0 uniq crashes found)...[0m
scheduled max input!!!!
schedule: 13 level2_1/ijon_max/13
[1;94m[*] [0mFuzzing test case #1019 (1544 total, 0 uniq crashes found)...[0m
[1;94m[*] [0mFuzzing test case #1020 (1544 total, 0 uniq crashes found)...[0m
scheduled max input!!!!
schedule: 13 level2_1/ijon_max/13
[1;94m[*] [0mFuzzing test case #1021 (1544 total, 0 uniq crashes found)...[0m
scheduled max input!!!!
schedule: 0 level2_1/ijon_max/0
[1;94m[*] [0mFuzzing test case #1022 (1544 total, 0 uniq crashes found)...[0m
scheduled normal input!!!!
[?25h[1;91m

+++ Testing aborted by user +++
[0m
[1;93m[!] [0mStopped during the first cycle, results may be incomplete.
    (For info on resuming, see docs/README.)
[1;92m[+] [0mWe're done here. Have a nice day!
[0m
srun: error: ubuntu-test: task 0: Exited with exit code 124
