srun: error: NodeNames=ubuntu-test CPUs=90 match no Sockets, Sockets*CoresPerSocket or Sockets*CoresPerSocket*ThreadsPerCore. Resetting CPUs.
[0;36mafl-fuzz [1;97m2.51b-ijon[0m by <lcamtuf@google.com>
[1;92m[+] [0mLooks like we're not running on a tty, so I'll be a bit less verbose.[0m
[1;92m[+] [0mYou have 96 CPU cores and 99 runnable tasks (utilization: 103%).[0m
[1;93m[!] [1;97mWARNING: [0mNot binding to a CPU core (AFL_NO_AFFINITY set).[0m
[1;94m[*] [0mChecking core_pattern...[0m
[1;94m[*] [0mSetting up output directories...[0m
importdir: level19_1/importsmax_dir: level19_1/ijon_max[1;94m[*] [0mScanning 'seeds'...[0m
[1;92m[+] [0mNo auto-generated dictionary tokens to reuse.[0m
[1;94m[*] [0mCreating hard links for all input files...[0m
[1;94m[*] [0mValidating target binary...[0m
[1;94m[*] [0mAttempting dry run with 'id:000000,orig:a'...[0m
[1;94m[*] [0mSpinning up the fork server...[0m
[1;92m[+] [0mAll right - fork server is up.[0m
[1;90m    len = 1, map size = 2479, exec speed = 17136 us
[0m[1;92m[+] [0mAll test cases processed.[0m

[1;93m[!] [1;97mWARNING: [0m[1;91mThe target binary is pretty slow! See docs/perf_tips.txt.[0m
[1;92m[+] [0mHere are some useful stats:

[1;90m    Test case count : [0m1 favored, 0 variable, 1 total
[1;90m       Bitmap range : [0m2479 to 2479 bits (average: 2479.00 bits)
[1;90m        Exec timing : [0m17.1k to 17.1k us (average: 17.1k us)
[0m
[1;92m[+] [0mAll set and ready to roll![0m
[1;94m[*] [0mEntering queue cycle 1.[0m
[1;94m[*] [0mFuzzing test case #0 (1 total, 0 uniq crashes found)...[0m
scheduled normal input!!!!
updated maxmap 11: 28 (len: 1)
updated maxmap 9: 28 (len: 40)
updated maxmap 10: 28 (len: 40)
updated maxmap 9: 29 (len: 36)
updated maxmap 10: 29 (len: 63)
updated maxmap 11: 29 (len: 63)
updated maxmap 9: 2c (len: 70)
updated maxmap 10: 2c (len: 70)
updated maxmap 11: 2c (len: 70)
updated maxmap 10: 2d (len: 59)
updated maxmap 11: 2d (len: 59)
updated maxmap 8: 2b (len: 44)
updated maxmap 9: 31 (len: 55)
updated maxmap 10: 30 (len: 55)
updated maxmap 11: 2e (len: 55)
updated maxmap 8: 2d (len: 53)
updated maxmap 8: 44 (len: 64)
updated maxmap 9: 3c (len: 64)
updated maxmap 10: 36 (len: 64)
updated maxmap 11: 31 (len: 64)
updated maxmap 11: 32 (len: 53)
updated maxmap 7: 28 (len: 53)
updated maxmap 10: 37 (len: 63)
updated maxmap 11: 34 (len: 63)
updated maxmap 10: 3b (len: 90)
updated maxmap 11: 37 (len: 72)
[1;94m[*] [0mFuzzing test case #1 (250 total, 0 uniq crashes found)...[0m
scheduled max input!!!!
schedule: 10 level19_1/ijon_max/10
updated maxmap 9: 45 (len: 90)
updated maxmap 10: 3c (len: 90)
updated maxmap 11: 38 (len: 90)
updated maxmap 9: 46 (len: 90)
updated maxmap 11: 39 (len: 90)
updated maxmap 10: 3f (len: 96)
updated maxmap 11: 3c (len: 96)
updated maxmap 9: 56 (len: 103)
updated maxmap 10: 44 (len: 103)
updated maxmap 11: 41 (len: 103)
updated maxmap 8: 65 (len: 130)
updated maxmap 10: 50 (len: 130)
updated maxmap 11: 4c (len: 130)
updated maxmap 9: 9c (len: 153)
updated maxmap 10: 8a (len: 153)
updated maxmap 11: 84 (len: 153)
updated maxmap 9: a4 (len: 127)
updated maxmap 10: a7 (len: 127)
updated maxmap 8: 6c (len: 98)
updated maxmap 7: 82 (len: 153)
updated maxmap 8: 8b (len: 153)
updated maxmap 9: b5 (len: 153)
updated maxmap 10: c1 (len: 153)
updated maxmap 11: 99 (len: 153)
updated maxmap 11: 9a (len: 128)
updated maxmap 11: 9e (len: 145)
updated maxmap 8: 95 (len: 122)
updated maxmap 8: 96 (len: 149)
updated maxmap 11: a8 (len: 149)
updated maxmap 11: ad (len: 142)
updated maxmap 9: c0 (len: 150)
updated maxmap 10: c2 (len: 150)
updated maxmap 8: 99 (len: 151)
updated maxmap 8: 9a (len: 182)
updated maxmap 11: b3 (len: 146)
[1;94m[*] [0mFuzzing test case #2 (428 total, 0 uniq crashes found)...[0m
scheduled normal input!!!!
[1;94m[*] [0mFuzzing test case #3 (428 total, 0 uniq crashes found)...[0m
scheduled max input!!!!
schedule: 8 level19_1/ijon_max/8
updated maxmap 11: b9 (len: 212)
updated maxmap 8: 9f (len: 189)
updated maxmap 8: d0 (len: 185)
updated maxmap 9: d9 (len: 185)
updated maxmap 11: c7 (len: 217)
updated maxmap 8: f6 (len: 194)
updated maxmap 9: f1 (len: 194)
updated maxmap 10: ea (len: 194)
updated maxmap 11: e4 (len: 194)
updated maxmap 11: e7 (len: 184)
updated maxmap 9: 108 (len: 207)
updated maxmap 10: 102 (len: 207)
updated maxmap 11: fe (len: 207)
updated maxmap 11: 101 (len: 249)
updated maxmap 10: 10e (len: 208)
updated maxmap 9: 10e (len: 234)
updated maxmap 10: 114 (len: 234)
updated maxmap 11: 115 (len: 234)
updated maxmap 9: 117 (len: 244)
updated maxmap 7: cb (len: 245)
updated maxmap 8: 104 (len: 245)
updated maxmap 9: 12c (len: 245)
updated maxmap 10: 134 (len: 245)
updated maxmap 7: cc (len: 182)
updated maxmap 7: cd (len: 182)
updated maxmap 7: ce (len: 182)
updated maxmap 7: cf (len: 182)
updated maxmap 7: f7 (len: 194)
updated maxmap 9: 153 (len: 196)
updated maxmap 10: 149 (len: 196)
updated maxmap 8: 115 (len: 232)
updated maxmap 8: 124 (len: 233)
[1;94m[*] [0mFuzzing test case #4 (670 total, 0 uniq crashes found)...[0m
[1;94m[*] [0mFuzzing test case #5 (670 total, 0 uniq crashes found)...[0m
[1;94m[*] [0mFuzzing test case #6 (670 total, 0 uniq crashes found)...[0m
scheduled max input!!!!
schedule: 11 level19_1/ijon_max/11
updated maxmap 11: 13d (len: 274)
updated maxmap 11: 145 (len: 278)
updated maxmap 9: 156 (len: 278)
updated maxmap 10: 158 (len: 278)
updated maxmap 10: 159 (len: 287)
updated maxmap 11: 153 (len: 285)
updated maxmap 9: 15d (len: 286)
updated maxmap 10: 15e (len: 286)
updated maxmap 9: 1b3 (len: 251)
updated maxmap 10: 1ab (len: 251)
updated maxmap 11: 1a4 (len: 251)
updated maxmap 8: 18a (len: 234)
updated maxmap 8: 196 (len: 242)
updated maxmap 9: 200 (len: 284)
updated maxmap 10: 1e8 (len: 284)
updated maxmap 11: 1e1 (len: 284)
updated maxmap 8: 1af (len: 278)
updated maxmap 8: 1c1 (len: 274)
updated maxmap 8: 1c3 (len: 265)
updated maxmap 7: 12d (len: 241)
updated maxmap 8: 1d9 (len: 276)
updated maxmap 7: 196 (len: 268)
updated maxmap 11: 1e2 (len: 268)
updated maxmap 7: 199 (len: 234)
updated maxmap 8: 1dd (len: 249)
updated maxmap 7: 1ae (len: 243)
updated maxmap 6: 188 (len: 240)
updated maxmap 6: 196 (len: 247)
updated maxmap 7: 1b3 (len: 241)
updated maxmap 11: 1e6 (len: 289)
updated maxmap 9: 203 (len: 289)
updated maxmap 10: 1f8 (len: 289)
updated maxmap 11: 1f1 (len: 289)
[1;94m[*] [0mFuzzing test case #7 (793 total, 0 uniq crashes found)...[0m
[1;94m[*] [0mFuzzing test case #8 (793 total, 0 uniq crashes found)...[0m
scheduled max input!!!!
schedule: 10 level19_1/ijon_max/10
updated maxmap 9: 218 (len: 297)
updated maxmap 10: 1f9 (len: 297)
updated maxmap 10: 1fd (len: 293)
updated maxmap 11: 1f7 (len: 293)
updated maxmap 8: 206 (len: 289)
updated maxmap 10: 21f (len: 296)
updated maxmap 9: 21b (len: 297)
updated maxmap 8: 209 (len: 289)
updated maxmap 8: 20a (len: 289)
updated maxmap 9: 222 (len: 305)
updated maxmap 10: 22c (len: 305)
updated maxmap 11: 234 (len: 305)
updated maxmap 8: 20d (len: 293)
updated maxmap 8: 21b (len: 294)
updated maxmap 7: 1c6 (len: 292)
updated maxmap 6: 1c3 (len: 289)
updated maxmap 7: 1d5 (len: 289)
updated maxmap 8: 21c (len: 296)
updated maxmap 8: 21d (len: 334)
updated maxmap 9: 227 (len: 334)
updated maxmap 8: 21e (len: 302)
updated maxmap 9: 228 (len: 302)
updated maxmap 7: 21d (len: 302)
updated maxmap 8: 227 (len: 302)
updated maxmap 9: 22e (len: 302)
updated maxmap 7: 230 (len: 308)
updated maxmap 8: 23a (len: 308)
updated maxmap 9: 244 (len: 308)
updated maxmap 10: 249 (len: 308)
updated maxmap 10: 253 (len: 322)
updated maxmap 11: 251 (len: 322)
[1;94m[*] [0mFuzzing test case #9 (861 total, 0 uniq crashes found)...[0m
scheduled max input!!!!
schedule: 9 level19_1/ijon_max/9
updated maxmap 10: 256 (len: 314)
updated maxmap 11: 253 (len: 314)
updated maxmap 9: 245 (len: 308)
updated maxmap 8: 252 (len: 314)
updated maxmap 9: 24b (len: 314)
updated maxmap 9: 24d (len: 322)
updated maxmap 9: 26b (len: 329)
updated maxmap 10: 264 (len: 329)
updated maxmap 11: 25d (len: 329)
updated maxmap 10: 26c (len: 335)
updated maxmap 11: 26e (len: 335)
updated maxmap 8: 256 (len: 363)
updated maxmap 11: 26f (len: 357)
[1;94m[*] [0mFuzzing test case #10 (890 total, 0 uniq crashes found)...[0m
[1;94m[*] [0mFuzzing test case #11 (890 total, 0 uniq crashes found)...[0m
scheduled max input!!!!
schedule: 11 level19_1/ijon_max/11
updated maxmap 9: 26f (len: 363)
updated maxmap 10: 271 (len: 363)
updated maxmap 11: 270 (len: 357)
updated maxmap 9: 274 (len: 363)
updated maxmap 11: 271 (len: 357)
updated maxmap 8: 25d (len: 357)
updated maxmap 9: 2a2 (len: 357)
updated maxmap 10: 291 (len: 357)
updated maxmap 8: 25f (len: 364)
updated maxmap 9: 2ab (len: 364)
updated maxmap 11: 272 (len: 357)
updated maxmap 10: 292 (len: 361)
updated maxmap 8: 27f (len: 357)
updated maxmap 10: 297 (len: 357)
updated maxmap 11: 273 (len: 357)
updated maxmap 8: 282 (len: 357)
updated maxmap 10: 298 (len: 357)
updated maxmap 11: 29a (len: 357)
updated maxmap 8: 284 (len: 363)
updated maxmap 10: 2a9 (len: 363)
updated maxmap 11: 2a2 (len: 363)
updated maxmap 8: 285 (len: 357)
updated maxmap 8: 287 (len: 357)
updated maxmap 8: 28a (len: 357)
updated maxmap 11: 2a3 (len: 357)
updated maxmap 10: 2b2 (len: 365)
updated maxmap 8: 290 (len: 358)
updated maxmap 11: 2a4 (len: 357)
updated maxmap 11: 2a8 (len: 357)
updated maxmap 9: 2b0 (len: 368)
updated maxmap 11: 2b0 (len: 368)
updated maxmap 11: 2b1 (len: 359)
updated maxmap 8: 2b0 (len: 392)
updated maxmap 9: 2b1 (len: 392)
updated maxmap 7: 26f (len: 364)
updated maxmap 7: 279 (len: 363)
updated maxmap 9: 2b2 (len: 365)
updated maxmap 11: 2b2 (len: 362)
updated maxmap 7: 280 (len: 370)
[1;94m[*] [0mFuzzing test case #12 (944 total, 0 uniq crashes found)...[0m
scheduled max input!!!!
schedule: 7 level19_1/ijon_max/7
updated maxmap 7: 281 (len: 375)
updated maxmap 7: 28c (len: 376)
updated maxmap 7: 28d (len: 370)
updated maxmap 7: 291 (len: 370)
updated maxmap 7: 292 (len: 370)
updated maxmap 7: 293 (len: 370)
updated maxmap 7: 294 (len: 370)
updated maxmap 7: 295 (len: 370)
updated maxmap 10: 2b3 (len: 370)
updated maxmap 7: 29c (len: 372)
updated maxmap 8: 2b1 (len: 370)
updated maxmap 10: 2b4 (len: 370)
updated maxmap 11: 2b3 (len: 370)
updated maxmap 7: 29d (len: 370)
updated maxmap 7: 2b8 (len: 378)
updated maxmap 8: 2b5 (len: 378)
[1;94m[*] [0mFuzzing test case #13 (968 total, 0 uniq crashes found)...[0m
scheduled max input!!!!
schedule: 11 level19_1/ijon_max/11
[1;94m[*] [0mFuzzing test case #14 (969 total, 0 uniq crashes found)...[0m
scheduled max input!!!!
schedule: 11 level19_1/ijon_max/11
[1;94m[*] [0mFuzzing test case #15 (971 total, 0 uniq crashes found)...[0m
scheduled max input!!!!
schedule: 7 level19_1/ijon_max/7
updated maxmap 6: 2b2 (len: 381)
updated maxmap 7: 2b9 (len: 378)
[1;94m[*] [0mFuzzing test case #16 (972 total, 0 uniq crashes found)...[0m
scheduled max input!!!!
schedule: 8 level19_1/ijon_max/8
updated maxmap 6: 2b9 (len: 378)
updated maxmap 8: 2b6 (len: 378)
updated maxmap 7: 2ba (len: 378)
updated maxmap 8: 2b7 (len: 378)
updated maxmap 6: 2ba (len: 378)
updated maxmap 7: 2bb (len: 379)
[1;94m[*] [0mFuzzing test case #17 (981 total, 0 uniq crashes found)...[0m
scheduled max input!!!!
schedule: 10 level19_1/ijon_max/10
updated maxmap 9: 2b3 (len: 375)
[1;94m[*] [0mFuzzing test case #18 (981 total, 0 uniq crashes found)...[0m
scheduled max input!!!!
schedule: 8 level19_1/ijon_max/8
[1;94m[*] [0mFuzzing test case #19 (983 total, 0 uniq crashes found)...[0m
scheduled max input!!!!
schedule: 6 level19_1/ijon_max/6
[1;94m[*] [0mFuzzing test case #20 (983 total, 0 uniq crashes found)...[0m
scheduled max input!!!!
schedule: 7 level19_1/ijon_max/7
[1;94m[*] [0mFuzzing test case #21 (983 total, 0 uniq crashes found)...[0m
scheduled max input!!!!
schedule: 8 level19_1/ijon_max/8
[1;94m[*] [0mFuzzing test case #22 (983 total, 0 uniq crashes found)...[0m
scheduled max input!!!!
schedule: 7 level19_1/ijon_max/7
updated maxmap 8: 2b8 (len: 379)
[1;94m[*] [0mFuzzing test case #23 (983 total, 0 uniq crashes found)...[0m
scheduled max input!!!!
schedule: 10 level19_1/ijon_max/10
[1;94m[*] [0mFuzzing test case #24 (983 total, 0 uniq crashes found)...[0m
scheduled max input!!!!
schedule: 8 level19_1/ijon_max/8
[1;94m[*] [0mFuzzing test case #25 (983 total, 0 uniq crashes found)...[0m
scheduled max input!!!!
schedule: 9 level19_1/ijon_max/9
[1;94m[*] [0mFuzzing test case #26 (983 total, 0 uniq crashes found)...[0m
scheduled max input!!!!
schedule: 6 level19_1/ijon_max/6
updated maxmap 6: 2bb (len: 379)
[1;94m[*] [0mFuzzing test case #27 (983 total, 0 uniq crashes found)...[0m
scheduled max input!!!!
schedule: 7 level19_1/ijon_max/7
[1;94m[*] [0mFuzzing test case #28 (983 total, 0 uniq crashes found)...[0m
[1;94m[*] [0mFuzzing test case #29 (983 total, 0 uniq crashes found)...[0m
scheduled max input!!!!
schedule: 7 level19_1/ijon_max/7
[1;94m[*] [0mFuzzing test case #30 (983 total, 0 uniq crashes found)...[0m
scheduled max input!!!!
schedule: 9 level19_1/ijon_max/9
[1;94m[*] [0mFuzzing test case #31 (983 total, 0 uniq crashes found)...[0m
[1;94m[*] [0mFuzzing test case #32 (983 total, 0 uniq crashes found)...[0m
scheduled max input!!!!
schedule: 8 level19_1/ijon_max/8
[1;94m[*] [0mFuzzing test case #33 (983 total, 0 uniq crashes found)...[0m
scheduled max input!!!!
schedule: 6 level19_1/ijon_max/6
updated maxmap 6: 2bf (len: 384)
[1;94m[*] [0mFuzzing test case #34 (983 total, 0 uniq crashes found)...[0m
scheduled max input!!!!
schedule: 7 level19_1/ijon_max/7
[1;94m[*] [0mFuzzing test case #35 (983 total, 0 uniq crashes found)...[0m
scheduled max input!!!!
schedule: 8 level19_1/ijon_max/8
updated maxmap 8: 2ba (len: 387)
[1;94m[*] [0mFuzzing test case #36 (983 total, 0 uniq crashes found)...[0m
scheduled max input!!!!
schedule: 10 level19_1/ijon_max/10
[1;94m[*] [0mFuzzing test case #37 (983 total, 0 uniq crashes found)...[0m
[1;94m[*] [0mFuzzing test case #38 (983 total, 0 uniq crashes found)...[0m
scheduled max input!!!!
schedule: 11 level19_1/ijon_max/11
[1;94m[*] [0mFuzzing test case #39 (983 total, 0 uniq crashes found)...[0m
scheduled max input!!!!
schedule: 8 level19_1/ijon_max/8
[1;94m[*] [0mFuzzing test case #40 (983 total, 0 uniq crashes found)...[0m
[1;94m[*] [0mFuzzing test case #41 (983 total, 0 uniq crashes found)...[0m
scheduled max input!!!!
schedule: 6 level19_1/ijon_max/6
updated maxmap 6: 2c6 (len: 390)
updated maxmap 7: 2c7 (len: 390)
[1;94m[*] [0mFuzzing test case #42 (983 total, 0 uniq crashes found)...[0m
scheduled max input!!!!
schedule: 11 level19_1/ijon_max/11
[1;94m[*] [0mFuzzing test case #43 (983 total, 0 uniq crashes found)...[0m
[1;94m[*] [0mFuzzing test case #44 (983 total, 0 uniq crashes found)...[0m
scheduled max input!!!!
schedule: 8 level19_1/ijon_max/8
[1;94m[*] [0mFuzzing test case #45 (983 total, 0 uniq crashes found)...[0m
[1;94m[*] [0mFuzzing test case #46 (983 total, 0 uniq crashes found)...[0m
scheduled max input!!!!
schedule: 11 level19_1/ijon_max/11
[1;94m[*] [0mFuzzing test case #47 (983 total, 0 uniq crashes found)...[0m
scheduled max input!!!!
schedule: 6 level19_1/ijon_max/6
updated maxmap 5: 2bf (len: 390)
updated maxmap 7: 2c8 (len: 390)
[1;94m[*] [0mFuzzing test case #48 (984 total, 0 uniq crashes found)...[0m
scheduled max input!!!!
schedule: 10 level19_1/ijon_max/10
[1;94m[*] [0mFuzzing test case #49 (986 total, 0 uniq crashes found)...[0m
scheduled max input!!!!
schedule: 5 level19_1/ijon_max/5
[1;94m[*] [0mFuzzing test case #50 (986 total, 0 uniq crashes found)...[0m
scheduled max input!!!!
schedule: 8 level19_1/ijon_max/8
[1;94m[*] [0mFuzzing test case #51 (986 total, 0 uniq crashes found)...[0m
scheduled max input!!!!
schedule: 9 level19_1/ijon_max/9
[1;94m[*] [0mFuzzing test case #52 (986 total, 0 uniq crashes found)...[0m
scheduled max input!!!!
schedule: 7 level19_1/ijon_max/7
[1;94m[*] [0mFuzzing test case #53 (986 total, 0 uniq crashes found)...[0m
[1;94m[*] [0mFuzzing test case #54 (986 total, 0 uniq crashes found)...[0m
scheduled max input!!!!
schedule: 8 level19_1/ijon_max/8
updated maxmap 8: 2bc (len: 387)
[1;94m[*] [0mFuzzing test case #55 (988 total, 0 uniq crashes found)...[0m
scheduled max input!!!!
schedule: 11 level19_1/ijon_max/11
[1;94m[*] [0mFuzzing test case #56 (988 total, 0 uniq crashes found)...[0m
scheduled max input!!!!
schedule: 6 level19_1/ijon_max/6
[1;94m[*] [0mFuzzing test case #57 (988 total, 0 uniq crashes found)...[0m
scheduled max input!!!!
schedule: 6 level19_1/ijon_max/6
updated maxmap 6: 2c9 (len: 390)
[1;94m[*] [0mFuzzing test case #58 (989 total, 0 uniq crashes found)...[0m
scheduled max input!!!!
schedule: 7 level19_1/ijon_max/7
[1;94m[*] [0mFuzzing test case #59 (989 total, 0 uniq crashes found)...[0m
scheduled max input!!!!
schedule: 6 level19_1/ijon_max/6
updated maxmap 5: 2c1 (len: 398)
updated maxmap 6: 2cb (len: 398)
updated maxmap 7: 2cf (len: 398)
updated maxmap 5: 2c2 (len: 390)
[1;94m[*] [0mFuzzing test case #60 (990 total, 0 uniq crashes found)...[0m
scheduled max input!!!!
schedule: 8 level19_1/ijon_max/8
[1;94m[*] [0mFuzzing test case #61 (990 total, 0 uniq crashes found)...[0m
scheduled max input!!!!
schedule: 7 level19_1/ijon_max/7
updated maxmap 7: 2d0 (len: 398)
[1;94m[*] [0mFuzzing test case #62 (990 total, 0 uniq crashes found)...[0m
[1;94m[*] [0mFuzzing test case #63 (990 total, 0 uniq crashes found)...[0m
scheduled max input!!!!
schedule: 6 level19_1/ijon_max/6
updated maxmap 7: 2d7 (len: 403)
updated maxmap 8: 2d3 (len: 403)
[1;94m[*] [0mFuzzing test case #64 (991 total, 0 uniq crashes found)...[0m
scheduled max input!!!!
schedule: 7 level19_1/ijon_max/7
updated maxmap 6: 2cc (len: 403)
updated maxmap 7: 2d8 (len: 403)
updated maxmap 8: 2d4 (len: 403)
updated maxmap 5: 2c5 (len: 403)
updated maxmap 6: 2d0 (len: 403)
updated maxmap 7: 2dc (len: 403)
updated maxmap 8: 2d7 (len: 403)
updated maxmap 6: 2d3 (len: 411)
updated maxmap 8: 2db (len: 411)
updated maxmap 5: 2c6 (len: 403)
updated maxmap 6: 2d9 (len: 406)
updated maxmap 8: 2e1 (len: 407)
updated maxmap 5: 2c7 (len: 403)
updated maxmap 7: 2dd (len: 403)
updated maxmap 7: 2de (len: 403)
updated maxmap 6: 2e8 (len: 410)
updated maxmap 7: 2df (len: 410)
updated maxmap 5: 2cb (len: 403)
updated maxmap 5: 2d7 (len: 409)
updated maxmap 7: 2e3 (len: 409)
updated maxmap 8: 2e7 (len: 409)
updated maxmap 9: 2e4 (len: 413)
updated maxmap 5: 2d9 (len: 404)
updated maxmap 4: 2ce (len: 403)
[1;94m[*] [0mFuzzing test case #65 (1016 total, 0 uniq crashes found)...[0m
scheduled max input!!!!
schedule: 9 level19_1/ijon_max/9
updated maxmap 9: 2e5 (len: 413)
updated maxmap 9: 2e6 (len: 420)
updated maxmap 10: 2ea (len: 420)
updated maxmap 11: 2ee (len: 420)
updated maxmap 9: 2e7 (len: 413)
updated maxmap 5: 2e7 (len: 413)
updated maxmap 9: 2e8 (len: 416)
updated maxmap 10: 2eb (len: 416)
updated maxmap 9: 2eb (len: 416)
updated maxmap 10: 2ed (len: 417)
updated maxmap 11: 2f0 (len: 421)
updated maxmap 8: 2e8 (len: 413)
updated maxmap 9: 2ec (len: 418)
updated maxmap 10: 2ee (len: 418)
updated maxmap 9: 2ed (len: 418)
updated maxmap 8: 2e9 (len: 419)
updated maxmap 10: 2ef (len: 419)
updated maxmap 10: 2f0 (len: 425)
[1;94m[*] [0mFuzzing test case #66 (1028 total, 0 uniq crashes found)...[0m
scheduled max input!!!!
schedule: 10 level19_1/ijon_max/10
updated maxmap 6: 2ef (len: 425)
updated maxmap 4: 2d0 (len: 425)
updated maxmap 7: 2e4 (len: 425)
updated maxmap 8: 2ea (len: 425)
updated maxmap 9: 2f0 (len: 425)
updated maxmap 10: 2f5 (len: 428)
updated maxmap 11: 2f3 (len: 428)
updated maxmap 10: 2fb (len: 432)
updated maxmap 11: 2f8 (len: 432)
updated maxmap 6: 2f0 (len: 425)
updated maxmap 4: 2d7 (len: 431)
updated maxmap 7: 2e9 (len: 431)
updated maxmap 8: 2ef (len: 431)
updated maxmap 9: 2f5 (len: 431)
updated maxmap 9: 2fc (len: 433)
updated maxmap 6: 2f1 (len: 425)
updated maxmap 9: 2fd (len: 433)
updated maxmap 6: 2f4 (len: 428)
[1;94m[*] [0mFuzzing test case #67 (1047 total, 0 uniq crashes found)...[0m
scheduled max input!!!!
schedule: 10 level19_1/ijon_max/10
updated maxmap 10: 2fc (len: 432)
updated maxmap 11: 2f9 (len: 432)
updated maxmap 6: 2f5 (len: 434)
updated maxmap 7: 2fa (len: 434)
updated maxmap 9: 304 (len: 439)
updated maxmap 11: 2fc (len: 432)
updated maxmap 10: 2fd (len: 432)
updated maxmap 9: 306 (len: 439)
updated maxmap 6: 2f8 (len: 432)
updated maxmap 7: 2fc (len: 432)
updated maxmap 11: 2fd (len: 432)
updated maxmap 10: 2fe (len: 433)
updated maxmap 10: 301 (len: 435)
updated maxmap 11: 2ff (len: 435)
updated maxmap 5: 2ec (len: 432)
updated maxmap 4: 2d9 (len: 438)
updated maxmap 8: 2f1 (len: 438)
updated maxmap 11: 303 (len: 438)
[1;94m[*] [0mFuzzing test case #68 (1066 total, 0 uniq crashes found)...[0m
scheduled max input!!!!
schedule: 7 level19_1/ijon_max/7
[1;94m[*] [0mFuzzing test case #69 (1066 total, 0 uniq crashes found)...[0m
scheduled max input!!!!
schedule: 4 level19_1/ijon_max/4
updated maxmap 4: 2e0 (len: 443)
updated maxmap 8: 2f6 (len: 443)
updated maxmap 11: 309 (len: 443)
updated maxmap 8: 2f7 (len: 438)
updated maxmap 4: 2e1 (len: 438)
updated maxmap 8: 2f8 (len: 438)
updated maxmap 10: 303 (len: 438)
updated maxmap 4: 2e2 (len: 438)
updated maxmap 8: 2f9 (len: 438)
updated maxmap 10: 304 (len: 438)
[1;94m[*] [0mFuzzing test case #70 (1067 total, 0 uniq crashes found)...[0m
scheduled max input!!!!
schedule: 11 level19_1/ijon_max/11
updated maxmap 10: 308 (len: 443)
updated maxmap 11: 30a (len: 444)
[1;94m[*] [0mFuzzing test case #71 (1068 total, 0 uniq crashes found)...[0m
[1;94m[*] [0mFuzzing test case #72 (1068 total, 0 uniq crashes found)...[0m
[1;94m[*] [0mFuzzing test case #73 (1068 total, 0 uniq crashes found)...[0m
scheduled max input!!!!
schedule: 8 level19_1/ijon_max/8
updated maxmap 4: 2e3 (len: 438)
updated maxmap 8: 2fc (len: 438)
updated maxmap 8: 2fd (len: 438)
[1;94m[*] [0mFuzzing test case #74 (1069 total, 0 uniq crashes found)...[0m
scheduled normal input!!!!
[1;94m[*] [0mFuzzing test case #75 (1069 total, 0 uniq crashes found)...[0m
scheduled max input!!!!
schedule: 10 level19_1/ijon_max/10
updated maxmap 9: 30a (len: 443)
updated maxmap 10: 309 (len: 443)
updated maxmap 10: 30a (len: 443)
updated maxmap 10: 30b (len: 443)
updated maxmap 9: 30b (len: 443)
updated maxmap 9: 30e (len: 446)
[1;94m[*] [0mFuzzing test case #76 (1071 total, 0 uniq crashes found)...[0m
scheduled max input!!!!
schedule: 10 level19_1/ijon_max/10
updated maxmap 8: 2ff (len: 448)
updated maxmap 11: 30f (len: 448)
[1;94m[*] [0mFuzzing test case #77 (1071 total, 0 uniq crashes found)...[0m
scheduled max input!!!!
schedule: 10 level19_1/ijon_max/10
updated maxmap 10: 30c (len: 443)
[1;94m[*] [0mFuzzing test case #78 (1071 total, 0 uniq crashes found)...[0m
scheduled max input!!!!
schedule: 4 level19_1/ijon_max/4
updated maxmap 9: 310 (len: 446)
updated maxmap 9: 313 (len: 448)
updated maxmap 10: 30f (len: 448)
updated maxmap 4: 2e4 (len: 438)
updated maxmap 4: 2e6 (len: 438)
updated maxmap 7: 2fd (len: 438)
updated maxmap 8: 302 (len: 438)
updated maxmap 6: 2f9 (len: 438)
updated maxmap 7: 2fe (len: 438)
updated maxmap 8: 304 (len: 438)
updated maxmap 3: 2df (len: 446)
updated maxmap 4: 2e8 (len: 446)
updated maxmap 5: 2ee (len: 446)
updated maxmap 3: 2e0 (len: 438)
updated maxmap 4: 2e9 (len: 438)
updated maxmap 5: 2ef (len: 438)
updated maxmap 3: 2e5 (len: 438)
updated maxmap 4: 2ee (len: 438)
updated maxmap 5: 2f4 (len: 438)
updated maxmap 6: 2fa (len: 438)
updated maxmap 3: 2e6 (len: 438)
updated maxmap 4: 2ef (len: 438)
updated maxmap 5: 2f5 (len: 438)
updated maxmap 6: 2fb (len: 438)
updated maxmap 7: 2ff (len: 438)
updated maxmap 8: 305 (len: 438)
updated maxmap 12: 310 (len: 449)
updated maxmap 8: 307 (len: 440)
[1;94m[*] [0mFuzzing test case #79 (1092 total, 0 uniq crashes found)...[0m
scheduled max input!!!!
schedule: 10 level19_1/ijon_max/10
updated maxmap 8: 31a (len: 461)
updated maxmap 11: 313 (len: 449)
updated maxmap 12: 317 (len: 455)
updated maxmap 13: 31d (len: 455)
updated maxmap 14: 31e (len: 455)
updated maxmap 9: 317 (len: 452)
updated maxmap 9: 31a (len: 456)
updated maxmap 10: 312 (len: 451)
updated maxmap 10: 319 (len: 456)
updated maxmap 7: 300 (len: 448)
updated maxmap 11: 319 (len: 455)
[1;94m[*] [0mFuzzing test case #80 (1105 total, 0 uniq crashes found)...[0m
scheduled max input!!!!
schedule: 7 level19_1/ijon_max/7
updated maxmap 6: 2fc (len: 448)
[1;94m[*] [0mFuzzing test case #81 (1105 total, 0 uniq crashes found)...[0m
scheduled max input!!!!
schedule: 6 level19_1/ijon_max/6
[1;94m[*] [0mFuzzing test case #82 (1105 total, 0 uniq crashes found)...[0m
[1;94m[*] [0mFuzzing test case #83 (1105 total, 0 uniq crashes found)...[0m
scheduled max input!!!!
schedule: 3 level19_1/ijon_max/3
[1;94m[*] [0mFuzzing test case #84 (1105 total, 0 uniq crashes found)...[0m
scheduled max input!!!!
schedule: 9 level19_1/ijon_max/9
updated maxmap 9: 31b (len: 456)
updated maxmap 12: 31b (len: 456)
updated maxmap 13: 31e (len: 456)
updated maxmap 11: 31e (len: 456)
updated maxmap 12: 31f (len: 456)
[1;94m[*] [0mFuzzing test case #85 (1106 total, 0 uniq crashes found)...[0m
scheduled max input!!!!
schedule: 8 level19_1/ijon_max/8
updated maxmap 8: 31b (len: 461)
[1;94m[*] [0mFuzzing test case #86 (1107 total, 0 uniq crashes found)...[0m
scheduled max input!!!!
schedule: 8 level19_1/ijon_max/8
updated maxmap 8: 320 (len: 466)
updated maxmap 9: 320 (len: 469)
updated maxmap 13: 321 (len: 469)
updated maxmap 14: 326 (len: 469)
updated maxmap 13: 322 (len: 469)
updated maxmap 15: 322 (len: 466)
[1;94m[*] [0mFuzzing test case #87 (1121 total, 0 uniq crashes found)...[0m
scheduled max input!!!!
schedule: 6 level19_1/ijon_max/6
updated maxmap 7: 301 (len: 448)
[1;94m[*] [0mFuzzing test case #88 (1121 total, 0 uniq crashes found)...[0m
scheduled max input!!!!
schedule: 9 level19_1/ijon_max/9
updated maxmap 10: 320 (len: 469)
updated maxmap 11: 31f (len: 469)
updated maxmap 0: 32f (len: 476)
updated maxmap 14: 328 (len: 476)
updated maxmap 15: 32e (len: 476)
updated maxmap 12: 320 (len: 477)
updated maxmap 13: 323 (len: 469)
updated maxmap 13: 324 (len: 469)
[1;94m[*] [0mFuzzing test case #89 (1135 total, 0 uniq crashes found)...[0m
scheduled max input!!!!
schedule: 14 level19_1/ijon_max/14
updated maxmap 0: 330 (len: 476)
updated maxmap 14: 329 (len: 476)
[1;94m[*] [0mFuzzing test case #90 (1136 total, 0 uniq crashes found)...[0m
scheduled max input!!!!
schedule: 15 level19_1/ijon_max/15
[1;94m[*] [0mFuzzing test case #91 (1136 total, 0 uniq crashes found)...[0m
scheduled max input!!!!
schedule: 4 level19_1/ijon_max/4
[1;94m[*] [0mFuzzing test case #92 (1136 total, 0 uniq crashes found)...[0m
scheduled max input!!!!
schedule: 12 level19_1/ijon_max/12
[1;94m[*] [0mFuzzing test case #93 (1136 total, 0 uniq crashes found)...[0m
scheduled max input!!!!
schedule: 9 level19_1/ijon_max/9
[1;94m[*] [0mFuzzing test case #94 (1136 total, 0 uniq crashes found)...[0m
scheduled max input!!!!
schedule: 12 level19_1/ijon_max/12
updated maxmap 13: 325 (len: 477)
[1;94m[*] [0mFuzzing test case #95 (1136 total, 0 uniq crashes found)...[0m
scheduled max input!!!!
schedule: 6 level19_1/ijon_max/6
[1;94m[*] [0mFuzzing test case #96 (1136 total, 0 uniq crashes found)...[0m
scheduled max input!!!!
schedule: 9 level19_1/ijon_max/9
[1;94m[*] [0mFuzzing test case #97 (1136 total, 0 uniq crashes found)...[0m
scheduled max input!!!!
schedule: 9 level19_1/ijon_max/9
[1;94m[*] [0mFuzzing test case #98 (1136 total, 0 uniq crashes found)...[0m
scheduled max input!!!!
schedule: 10 level19_1/ijon_max/10
[1;94m[*] [0mFuzzing test case #99 (1136 total, 0 uniq crashes found)...[0m
scheduled max input!!!!
schedule: 15 level19_1/ijon_max/15
[1;94m[*] [0mFuzzing test case #100 (1136 total, 0 uniq crashes found)...[0m
[1;94m[*] [0mFuzzing test case #101 (1136 total, 0 uniq crashes found)...[0m
scheduled max input!!!!
schedule: 3 level19_1/ijon_max/3
[1;94m[*] [0mFuzzing test case #102 (1136 total, 0 uniq crashes found)...[0m
scheduled max input!!!!
schedule: 12 level19_1/ijon_max/12
[1;94m[*] [0mFuzzing test case #103 (1136 total, 0 uniq crashes found)...[0m
scheduled max input!!!!
schedule: 5 level19_1/ijon_max/5
[1;94m[*] [0mFuzzing test case #104 (1136 total, 0 uniq crashes found)...[0m
scheduled max input!!!!
schedule: 12 level19_1/ijon_max/12
[1;94m[*] [0mFuzzing test case #105 (1136 total, 0 uniq crashes found)...[0m
[1;94m[*] [0mFuzzing test case #106 (1136 total, 0 uniq crashes found)...[0m
scheduled max input!!!!
schedule: 13 level19_1/ijon_max/13
updated maxmap 15: 32f (len: 481)
[1;94m[*] [0mFuzzing test case #107 (1136 total, 0 uniq crashes found)...[0m
[1;94m[*] [0mFuzzing test case #108 (1136 total, 0 uniq crashes found)...[0m
[1;94m[*] [0mFuzzing test case #109 (1136 total, 0 uniq crashes found)...[0m
scheduled max input!!!!
schedule: 14 level19_1/ijon_max/14
[1;94m[*] [0mFuzzing test case #110 (1136 total, 0 uniq crashes found)...[0m
[1;94m[*] [0mFuzzing test case #111 (1136 total, 0 uniq crashes found)...[0m
scheduled max input!!!!
schedule: 9 level19_1/ijon_max/9
[1;94m[*] [0mFuzzing test case #112 (1136 total, 0 uniq crashes found)...[0m
scheduled max input!!!!
schedule: 7 level19_1/ijon_max/7
updated maxmap 5: 2fe (len: 448)
updated maxmap 6: 303 (len: 448)
updated maxmap 7: 309 (len: 448)
updated maxmap 6: 304 (len: 448)
updated maxmap 7: 30a (len: 448)
[1;94m[*] [0mFuzzing test case #113 (1136 total, 0 uniq crashes found)...[0m
scheduled max input!!!!
schedule: 6 level19_1/ijon_max/6
[1;94m[*] [0mFuzzing test case #114 (1136 total, 0 uniq crashes found)...[0m
scheduled max input!!!!
schedule: 11 level19_1/ijon_max/11
[1;94m[*] [0mFuzzing test case #115 (1136 total, 0 uniq crashes found)...[0m
scheduled max input!!!!
schedule: 10 level19_1/ijon_max/10
updated maxmap 11: 320 (len: 469)
[1;94m[*] [0mFuzzing test case #116 (1136 total, 0 uniq crashes found)...[0m
[1;94m[*] [0mFuzzing test case #117 (1136 total, 0 uniq crashes found)...[0m
scheduled max input!!!!
schedule: 8 level19_1/ijon_max/8
[1;94m[*] [0mFuzzing test case #118 (1136 total, 0 uniq crashes found)...[0m
[1;94m[*] [0mFuzzing test case #119 (1136 total, 0 uniq crashes found)...[0m
scheduled max input!!!!
schedule: 4 level19_1/ijon_max/4
[1;94m[*] [0mFuzzing test case #120 (1136 total, 0 uniq crashes found)...[0m
scheduled max input!!!!
schedule: 3 level19_1/ijon_max/3
[1;94m[*] [0mFuzzing test case #121 (1136 total, 0 uniq crashes found)...[0m
[1;94m[*] [0mFuzzing test case #122 (1136 total, 0 uniq crashes found)...[0m
[1;94m[*] [0mFuzzing test case #123 (1136 total, 0 uniq crashes found)...[0m
scheduled max input!!!!
schedule: 13 level19_1/ijon_max/13
[1;94m[*] [0mFuzzing test case #124 (1137 total, 0 uniq crashes found)...[0m
scheduled max input!!!!
schedule: 14 level19_1/ijon_max/14
[1;94m[*] [0mFuzzing test case #125 (1137 total, 0 uniq crashes found)...[0m
scheduled max input!!!!
schedule: 14 level19_1/ijon_max/14
[1;94m[*] [0mFuzzing test case #126 (1137 total, 0 uniq crashes found)...[0m
[1;94m[*] [0mFuzzing test case #127 (1137 total, 0 uniq crashes found)...[0m
[1;94m[*] [0mFuzzing test case #128 (1137 total, 0 uniq crashes found)...[0m
scheduled max input!!!!
schedule: 12 level19_1/ijon_max/12
[1;94m[*] [0mFuzzing test case #129 (1137 total, 0 uniq crashes found)...[0m
scheduled max input!!!!
schedule: 14 level19_1/ijon_max/14
[1;94m[*] [0mFuzzing test case #130 (1137 total, 0 uniq crashes found)...[0m
scheduled max input!!!!
schedule: 6 level19_1/ijon_max/6
[1;94m[*] [0mFuzzing test case #131 (1137 total, 0 uniq crashes found)...[0m
scheduled max input!!!!
schedule: 8 level19_1/ijon_max/8
[1;94m[*] [0mFuzzing test case #132 (1138 total, 0 uniq crashes found)...[0m
scheduled max input!!!!
schedule: 6 level19_1/ijon_max/6
updated maxmap 4: 304 (len: 448)
updated maxmap 5: 30a (len: 448)
updated maxmap 6: 30e (len: 448)
updated maxmap 6: 30f (len: 448)
[1;94m[*] [0mFuzzing test case #133 (1138 total, 0 uniq crashes found)...[0m
scheduled max input!!!!
schedule: 10 level19_1/ijon_max/10
[1;94m[*] [0mFuzzing test case #134 (1138 total, 0 uniq crashes found)...[0m
scheduled max input!!!!
schedule: 0 level19_1/ijon_max/0
[1;94m[*] [0mFuzzing test case #135 (1138 total, 0 uniq crashes found)...[0m
scheduled max input!!!!
schedule: 15 level19_1/ijon_max/15
updated maxmap 14: 32a (len: 481)
[1;94m[*] [0mFuzzing test case #136 (1139 total, 0 uniq crashes found)...[0m
[1;94m[*] [0mFuzzing test case #137 (1139 total, 0 uniq crashes found)...[0m
scheduled max input!!!!
schedule: 10 level19_1/ijon_max/10
[1;94m[*] [0mFuzzing test case #138 (1139 total, 0 uniq crashes found)...[0m
scheduled max input!!!!
schedule: 4 level19_1/ijon_max/4
[1;94m[*] [0mFuzzing test case #139 (1139 total, 0 uniq crashes found)...[0m
scheduled max input!!!!
schedule: 6 level19_1/ijon_max/6
updated maxmap 4: 305 (len: 450)
updated maxmap 5: 30b (len: 450)
updated maxmap 7: 30d (len: 454)
[1;94m[*] [0mFuzzing test case #140 (1140 total, 0 uniq crashes found)...[0m
scheduled max input!!!!
schedule: 12 level19_1/ijon_max/12
[1;94m[*] [0mFuzzing test case #141 (1142 total, 0 uniq crashes found)...[0m
scheduled max input!!!!
schedule: 5 level19_1/ijon_max/5
[1;94m[*] [0mFuzzing test case #142 (1142 total, 0 uniq crashes found)...[0m
scheduled max input!!!!
schedule: 5 level19_1/ijon_max/5
[1;94m[*] [0mFuzzing test case #143 (1142 total, 0 uniq crashes found)...[0m
scheduled max input!!!!
schedule: 8 level19_1/ijon_max/8
[1;94m[*] [0mFuzzing test case #144 (1142 total, 0 uniq crashes found)...[0m
scheduled max input!!!!
schedule: 10 level19_1/ijon_max/10
[1;94m[*] [0mFuzzing test case #145 (1142 total, 0 uniq crashes found)...[0m
scheduled max input!!!!
schedule: 12 level19_1/ijon_max/12
[1;94m[*] [0mFuzzing test case #146 (1143 total, 0 uniq crashes found)...[0m
scheduled max input!!!!
schedule: 5 level19_1/ijon_max/5
[1;94m[*] [0mFuzzing test case #147 (1143 total, 0 uniq crashes found)...[0m
scheduled max input!!!!
schedule: 12 level19_1/ijon_max/12
[1;94m[*] [0mFuzzing test case #148 (1143 total, 0 uniq crashes found)...[0m
scheduled max input!!!!
schedule: 3 level19_1/ijon_max/3
updated maxmap 3: 2e7 (len: 438)
[1;94m[*] [0mFuzzing test case #149 (1143 total, 0 uniq crashes found)...[0m
scheduled max input!!!!
schedule: 6 level19_1/ijon_max/6
updated maxmap 7: 311 (len: 450)
[1;94m[*] [0mFuzzing test case #150 (1143 total, 0 uniq crashes found)...[0m
scheduled max input!!!!
schedule: 11 level19_1/ijon_max/11
[1;94m[*] [0mFuzzing test case #151 (1144 total, 0 uniq crashes found)...[0m
scheduled max input!!!!
schedule: 15 level19_1/ijon_max/15
updated maxmap 0: 331 (len: 488)
[1;94m[*] [0mFuzzing test case #152 (1144 total, 0 uniq crashes found)...[0m
[1;94m[*] [0mFuzzing test case #153 (1144 total, 0 uniq crashes found)...[0m
scheduled max input!!!!
schedule: 3 level19_1/ijon_max/3
[1;94m[*] [0mFuzzing test case #154 (1144 total, 0 uniq crashes found)...[0m
scheduled max input!!!!
schedule: 5 level19_1/ijon_max/5
[1;94m[*] [0mFuzzing test case #155 (1144 total, 0 uniq crashes found)...[0m
[1;94m[*] [0mFuzzing test case #156 (1144 total, 0 uniq crashes found)...[0m
scheduled max input!!!!
schedule: 6 level19_1/ijon_max/6
[1;94m[*] [0mFuzzing test case #157 (1144 total, 0 uniq crashes found)...[0m
scheduled max input!!!!
schedule: 13 level19_1/ijon_max/13
[1;94m[*] [0mFuzzing test case #158 (1144 total, 0 uniq crashes found)...[0m
scheduled max input!!!!
schedule: 10 level19_1/ijon_max/10
[1;94m[*] [0mFuzzing test case #159 (1144 total, 0 uniq crashes found)...[0m
[1;94m[*] [0mFuzzing test case #160 (1144 total, 0 uniq crashes found)...[0m
scheduled max input!!!!
schedule: 5 level19_1/ijon_max/5
[1;94m[*] [0mFuzzing test case #161 (1144 total, 0 uniq crashes found)...[0m
scheduled max input!!!!
schedule: 13 level19_1/ijon_max/13
[1;94m[*] [0mFuzzing test case #162 (1144 total, 0 uniq crashes found)...[0m
scheduled max input!!!!
schedule: 6 level19_1/ijon_max/6
[1;94m[*] [0mFuzzing test case #163 (1144 total, 0 uniq crashes found)...[0m
scheduled max input!!!!
schedule: 0 level19_1/ijon_max/0
updated maxmap 15: 330 (len: 488)
[1;94m[*] [0mFuzzing test case #164 (1144 total, 0 uniq crashes found)...[0m
scheduled max input!!!!
schedule: 8 level19_1/ijon_max/8
[1;94m[*] [0mFuzzing test case #165 (1144 total, 0 uniq crashes found)...[0m
scheduled max input!!!!
schedule: 5 level19_1/ijon_max/5
[1;94m[*] [0mFuzzing test case #166 (1144 total, 0 uniq crashes found)...[0m
scheduled max input!!!!
schedule: 14 level19_1/ijon_max/14
updated maxmap 0: 332 (len: 489)
[1;94m[*] [0mFuzzing test case #167 (1155 total, 0 uniq crashes found)...[0m
scheduled max input!!!!
schedule: 0 level19_1/ijon_max/0
[1;94m[*] [0mFuzzing test case #168 (1157 total, 0 uniq crashes found)...[0m
scheduled max input!!!!
schedule: 11 level19_1/ijon_max/11
[1;94m[*] [0mFuzzing test case #169 (1157 total, 0 uniq crashes found)...[0m
scheduled max input!!!!
schedule: 13 level19_1/ijon_max/13
[1;94m[*] [0mFuzzing test case #170 (1157 total, 0 uniq crashes found)...[0m
scheduled max input!!!!
schedule: 7 level19_1/ijon_max/7
updated maxmap 7: 312 (len: 450)
[1;94m[*] [0mFuzzing test case #171 (1157 total, 0 uniq crashes found)...[0m
scheduled max input!!!!
schedule: 13 level19_1/ijon_max/13
[1;94m[*] [0mFuzzing test case #172 (1157 total, 0 uniq crashes found)...[0m
scheduled max input!!!!
schedule: 15 level19_1/ijon_max/15
[1;94m[*] [0mFuzzing test case #173 (1157 total, 0 uniq crashes found)...[0m
scheduled max input!!!!
schedule: 13 level19_1/ijon_max/13
[1;94m[*] [0mFuzzing test case #174 (1157 total, 0 uniq crashes found)...[0m
scheduled max input!!!!
schedule: 6 level19_1/ijon_max/6
[1;94m[*] [0mFuzzing test case #175 (1157 total, 0 uniq crashes found)...[0m
scheduled normal input!!!!
[1;94m[*] [0mFuzzing test case #176 (1157 total, 0 uniq crashes found)...[0m
[1;94m[*] [0mFuzzing test case #177 (1157 total, 0 uniq crashes found)...[0m
scheduled max input!!!!
schedule: 4 level19_1/ijon_max/4
[1;94m[*] [0mFuzzing test case #178 (1157 total, 0 uniq crashes found)...[0m
scheduled max input!!!!
schedule: 13 level19_1/ijon_max/13
[1;94m[*] [0mFuzzing test case #179 (1157 total, 0 uniq crashes found)...[0m
scheduled max input!!!!
schedule: 11 level19_1/ijon_max/11
[1;94m[*] [0mFuzzing test case #180 (1157 total, 0 uniq crashes found)...[0m
[1;94m[*] [0mFuzzing test case #181 (1157 total, 0 uniq crashes found)...[0m
scheduled max input!!!!
schedule: 7 level19_1/ijon_max/7
[1;94m[*] [0mFuzzing test case #182 (1157 total, 0 uniq crashes found)...[0m
scheduled max input!!!!
schedule: 3 level19_1/ijon_max/3
[1;94m[*] [0mFuzzing test case #183 (1157 total, 0 uniq crashes found)...[0m
[1;94m[*] [0mFuzzing test case #184 (1157 total, 0 uniq crashes found)...[0m
scheduled max input!!!!
schedule: 5 level19_1/ijon_max/5
updated maxmap 4: 307 (len: 450)
updated maxmap 5: 30d (len: 450)
updated maxmap 4: 308 (len: 450)
updated maxmap 5: 30e (len: 450)
[1;94m[*] [0mFuzzing test case #185 (1157 total, 0 uniq crashes found)...[0m
scheduled max input!!!!
schedule: 9 level19_1/ijon_max/9
[1;94m[*] [0mFuzzing test case #186 (1157 total, 0 uniq crashes found)...[0m
[1;94m[*] [0mFuzzing test case #187 (1157 total, 0 uniq crashes found)...[0m
scheduled max input!!!!
schedule: 6 level19_1/ijon_max/6
[1;94m[*] [0mFuzzing test case #188 (1157 total, 0 uniq crashes found)...[0m
scheduled max input!!!!
schedule: 12 level19_1/ijon_max/12
[1;94m[*] [0mFuzzing test case #189 (1157 total, 0 uniq crashes found)...[0m
[1;94m[*] [0mFuzzing test case #190 (1157 total, 0 uniq crashes found)...[0m
scheduled max input!!!!
schedule: 4 level19_1/ijon_max/4
[1;94m[*] [0mFuzzing test case #191 (1157 total, 0 uniq crashes found)...[0m
scheduled max input!!!!
schedule: 7 level19_1/ijon_max/7
[1;94m[*] [0mFuzzing test case #192 (1157 total, 0 uniq crashes found)...[0m
[1;94m[*] [0mFuzzing test case #193 (1157 total, 0 uniq crashes found)...[0m
scheduled max input!!!!
schedule: 14 level19_1/ijon_max/14
[1;94m[*] [0mFuzzing test case #194 (1157 total, 0 uniq crashes found)...[0m
[1;94m[*] [0mFuzzing test case #195 (1157 total, 0 uniq crashes found)...[0m
scheduled max input!!!!
schedule: 14 level19_1/ijon_max/14
[1;94m[*] [0mFuzzing test case #196 (1157 total, 0 uniq crashes found)...[0m
scheduled max input!!!!
schedule: 10 level19_1/ijon_max/10
[1;94m[*] [0mFuzzing test case #197 (1157 total, 0 uniq crashes found)...[0m
scheduled max input!!!!
schedule: 13 level19_1/ijon_max/13
[1;94m[*] [0mFuzzing test case #198 (1157 total, 0 uniq crashes found)...[0m
[1;94m[*] [0mFuzzing test case #199 (1157 total, 0 uniq crashes found)...[0m
scheduled max input!!!!
schedule: 8 level19_1/ijon_max/8
[1;94m[*] [0mFuzzing test case #200 (1157 total, 0 uniq crashes found)...[0m
scheduled max input!!!!
schedule: 5 level19_1/ijon_max/5
[1;94m[*] [0mFuzzing test case #201 (1157 total, 0 uniq crashes found)...[0m
scheduled max input!!!!
schedule: 11 level19_1/ijon_max/11
[1;94m[*] [0mFuzzing test case #202 (1157 total, 0 uniq crashes found)...[0m
scheduled max input!!!!
schedule: 9 level19_1/ijon_max/9
[1;94m[*] [0mFuzzing test case #203 (1157 total, 0 uniq crashes found)...[0m
scheduled max input!!!!
schedule: 5 level19_1/ijon_max/5
[1;94m[*] [0mFuzzing test case #204 (1157 total, 0 uniq crashes found)...[0m
scheduled max input!!!!
schedule: 14 level19_1/ijon_max/14
[1;94m[*] [0mFuzzing test case #205 (1157 total, 0 uniq crashes found)...[0m
scheduled max input!!!!
schedule: 6 level19_1/ijon_max/6
[1;94m[*] [0mFuzzing test case #206 (1157 total, 0 uniq crashes found)...[0m
scheduled max input!!!!
schedule: 7 level19_1/ijon_max/7
updated maxmap 6: 312 (len: 450)
[1;94m[*] [0mFuzzing test case #207 (1157 total, 0 uniq crashes found)...[0m
scheduled max input!!!!
schedule: 9 level19_1/ijon_max/9
[1;94m[*] [0mFuzzing test case #208 (1157 total, 0 uniq crashes found)...[0m
scheduled max input!!!!
schedule: 10 level19_1/ijon_max/10
[1;94m[*] [0mFuzzing test case #209 (1157 total, 0 uniq crashes found)...[0m
[1;94m[*] [0mFuzzing test case #210 (1157 total, 0 uniq crashes found)...[0m
[1;94m[*] [0mFuzzing test case #211 (1157 total, 0 uniq crashes found)...[0m
scheduled max input!!!!
schedule: 12 level19_1/ijon_max/12
[1;94m[*] [0mFuzzing test case #212 (1157 total, 0 uniq crashes found)...[0m
[1;94m[*] [0mFuzzing test case #213 (1157 total, 0 uniq crashes found)...[0m
scheduled max input!!!!
schedule: 15 level19_1/ijon_max/15
[1;94m[*] [0mFuzzing test case #214 (1158 total, 0 uniq crashes found)...[0m
scheduled max input!!!!
schedule: 3 level19_1/ijon_max/3
[1;94m[*] [0mFuzzing test case #215 (1158 total, 0 uniq crashes found)...[0m
scheduled max input!!!!
schedule: 6 level19_1/ijon_max/6
[1;94m[*] [0mFuzzing test case #216 (1158 total, 0 uniq crashes found)...[0m
scheduled max input!!!!
schedule: 11 level19_1/ijon_max/11
[1;94m[*] [0mFuzzing test case #217 (1159 total, 0 uniq crashes found)...[0m
scheduled max input!!!!
schedule: 10 level19_1/ijon_max/10
[1;94m[*] [0mFuzzing test case #218 (1159 total, 0 uniq crashes found)...[0m
[1;94m[*] [0mFuzzing test case #219 (1159 total, 0 uniq crashes found)...[0m
scheduled max input!!!!
schedule: 11 level19_1/ijon_max/11
[1;94m[*] [0mFuzzing test case #220 (1159 total, 0 uniq crashes found)...[0m
scheduled max input!!!!
schedule: 14 level19_1/ijon_max/14
[1;94m[*] [0mFuzzing test case #221 (1159 total, 0 uniq crashes found)...[0m
[1;94m[*] [0mFuzzing test case #222 (1159 total, 0 uniq crashes found)...[0m
[1;94m[*] [0mFuzzing test case #223 (1159 total, 0 uniq crashes found)...[0m
scheduled max input!!!!
schedule: 9 level19_1/ijon_max/9
[1;94m[*] [0mFuzzing test case #224 (1159 total, 0 uniq crashes found)...[0m
scheduled max input!!!!
schedule: 6 level19_1/ijon_max/6
[1;94m[*] [0mFuzzing test case #225 (1159 total, 0 uniq crashes found)...[0m
scheduled max input!!!!
schedule: 10 level19_1/ijon_max/10
[1;94m[*] [0mFuzzing test case #226 (1159 total, 0 uniq crashes found)...[0m
scheduled max input!!!!
schedule: 13 level19_1/ijon_max/13
[1;94m[*] [0mFuzzing test case #227 (1159 total, 0 uniq crashes found)...[0m
scheduled max input!!!!
schedule: 7 level19_1/ijon_max/7
[1;94m[*] [0mFuzzing test case #228 (1159 total, 0 uniq crashes found)...[0m
scheduled max input!!!!
schedule: 7 level19_1/ijon_max/7
[1;94m[*] [0mFuzzing test case #229 (1159 total, 0 uniq crashes found)...[0m
[1;94m[*] [0mFuzzing test case #230 (1159 total, 0 uniq crashes found)...[0m
[1;94m[*] [0mFuzzing test case #231 (1159 total, 0 uniq crashes found)...[0m
scheduled max input!!!!
schedule: 10 level19_1/ijon_max/10
[1;94m[*] [0mFuzzing test case #232 (1159 total, 0 uniq crashes found)...[0m
[1;94m[*] [0mFuzzing test case #233 (1159 total, 0 uniq crashes found)...[0m
scheduled max input!!!!
schedule: 9 level19_1/ijon_max/9
[1;94m[*] [0mFuzzing test case #234 (1159 total, 0 uniq crashes found)...[0m
scheduled max input!!!!
schedule: 9 level19_1/ijon_max/9
[1;94m[*] [0mFuzzing test case #235 (1159 total, 0 uniq crashes found)...[0m
scheduled max input!!!!
schedule: 8 level19_1/ijon_max/8
[1;94m[*] [0mFuzzing test case #236 (1159 total, 0 uniq crashes found)...[0m
[1;94m[*] [0mFuzzing test case #237 (1159 total, 0 uniq crashes found)...[0m
scheduled max input!!!!
schedule: 13 level19_1/ijon_max/13
[1;94m[*] [0mFuzzing test case #238 (1159 total, 0 uniq crashes found)...[0m
scheduled max input!!!!
schedule: 3 level19_1/ijon_max/3
updated maxmap 3: 2e8 (len: 442)
[1;94m[*] [0mFuzzing test case #239 (1159 total, 0 uniq crashes found)...[0m
scheduled max input!!!!
schedule: 8 level19_1/ijon_max/8
[1;94m[*] [0mFuzzing test case #240 (1159 total, 0 uniq crashes found)...[0m
scheduled max input!!!!
schedule: 11 level19_1/ijon_max/11
[1;94m[*] [0mFuzzing test case #241 (1159 total, 0 uniq crashes found)...[0m
scheduled max input!!!!
schedule: 6 level19_1/ijon_max/6
[1;94m[*] [0mFuzzing test case #242 (1159 total, 0 uniq crashes found)...[0m
scheduled max input!!!!
schedule: 15 level19_1/ijon_max/15
[1;94m[*] [0mFuzzing test case #243 (1159 total, 0 uniq crashes found)...[0m
scheduled max input!!!!
schedule: 9 level19_1/ijon_max/9
[1;94m[*] [0mFuzzing test case #244 (1159 total, 0 uniq crashes found)...[0m
scheduled max input!!!!
schedule: 0 level19_1/ijon_max/0
[1;94m[*] [0mFuzzing test case #245 (1159 total, 0 uniq crashes found)...[0m
scheduled max input!!!!
schedule: 6 level19_1/ijon_max/6
[1;94m[*] [0mFuzzing test case #246 (1159 total, 0 uniq crashes found)...[0m
scheduled max input!!!!
schedule: 8 level19_1/ijon_max/8
[1;94m[*] [0mFuzzing test case #247 (1159 total, 0 uniq crashes found)...[0m
scheduled max input!!!!
schedule: 11 level19_1/ijon_max/11
[1;94m[*] [0mFuzzing test case #248 (1159 total, 0 uniq crashes found)...[0m
scheduled max input!!!!
schedule: 0 level19_1/ijon_max/0
[1;94m[*] [0mFuzzing test case #249 (1159 total, 0 uniq crashes found)...[0m
scheduled max input!!!!
schedule: 12 level19_1/ijon_max/12
[1;94m[*] [0mFuzzing test case #250 (1159 total, 0 uniq crashes found)...[0m
scheduled max input!!!!
schedule: 11 level19_1/ijon_max/11
[1;94m[*] [0mFuzzing test case #251 (1159 total, 0 uniq crashes found)...[0m
scheduled max input!!!!
schedule: 3 level19_1/ijon_max/3
[1;94m[*] [0mFuzzing test case #252 (1159 total, 0 uniq crashes found)...[0m
scheduled max input!!!!
schedule: 13 level19_1/ijon_max/13
[1;94m[*] [0mFuzzing test case #253 (1160 total, 0 uniq crashes found)...[0m
scheduled max input!!!!
schedule: 5 level19_1/ijon_max/5
[1;94m[*] [0mFuzzing test case #254 (1160 total, 0 uniq crashes found)...[0m
scheduled max input!!!!
schedule: 12 level19_1/ijon_max/12
[1;94m[*] [0mFuzzing test case #255 (1160 total, 0 uniq crashes found)...[0m
scheduled max input!!!!
schedule: 14 level19_1/ijon_max/14
[1;94m[*] [0mFuzzing test case #256 (1160 total, 0 uniq crashes found)...[0m
scheduled max input!!!!
schedule: 15 level19_1/ijon_max/15
[1;94m[*] [0mFuzzing test case #257 (1160 total, 0 uniq crashes found)...[0m
scheduled max input!!!!
schedule: 8 level19_1/ijon_max/8
[1;94m[*] [0mFuzzing test case #258 (1160 total, 0 uniq crashes found)...[0m
scheduled max input!!!!
schedule: 0 level19_1/ijon_max/0
[1;94m[*] [0mFuzzing test case #259 (1160 total, 0 uniq crashes found)...[0m
scheduled max input!!!!
schedule: 10 level19_1/ijon_max/10
[1;94m[*] [0mFuzzing test case #260 (1160 total, 0 uniq crashes found)...[0m
scheduled max input!!!!
schedule: 10 level19_1/ijon_max/10
[1;94m[*] [0mFuzzing test case #261 (1160 total, 0 uniq crashes found)...[0m
[1;94m[*] [0mFuzzing test case #262 (1160 total, 0 uniq crashes found)...[0m
[1;94m[*] [0mFuzzing test case #263 (1160 total, 0 uniq crashes found)...[0m
scheduled max input!!!!
schedule: 8 level19_1/ijon_max/8
[1;94m[*] [0mFuzzing test case #264 (1160 total, 0 uniq crashes found)...[0m
scheduled max input!!!!
schedule: 15 level19_1/ijon_max/15
[1;94m[*] [0mFuzzing test case #265 (1161 total, 0 uniq crashes found)...[0m
[1;94m[*] [0mFuzzing test case #266 (1161 total, 0 uniq crashes found)...[0m
scheduled max input!!!!
schedule: 0 level19_1/ijon_max/0
[1;94m[*] [0mFuzzing test case #267 (1161 total, 0 uniq crashes found)...[0m
scheduled max input!!!!
schedule: 4 level19_1/ijon_max/4
[1;94m[*] [0mFuzzing test case #268 (1161 total, 0 uniq crashes found)...[0m
scheduled max input!!!!
schedule: 0 level19_1/ijon_max/0
[1;94m[*] [0mFuzzing test case #269 (1161 total, 0 uniq crashes found)...[0m
scheduled max input!!!!
schedule: 3 level19_1/ijon_max/3
updated maxmap 3: 2e9 (len: 442)
updated maxmap 3: 2f0 (len: 442)
[1;94m[*] [0mFuzzing test case #270 (1162 total, 0 uniq crashes found)...[0m
scheduled max input!!!!
schedule: 13 level19_1/ijon_max/13
[1;94m[*] [0mFuzzing test case #271 (1162 total, 0 uniq crashes found)...[0m
scheduled max input!!!!
schedule: 11 level19_1/ijon_max/11
[1;94m[*] [0mFuzzing test case #272 (1162 total, 0 uniq crashes found)...[0m
[1;94m[*] [0mFuzzing test case #273 (1162 total, 0 uniq crashes found)...[0m
scheduled max input!!!!
schedule: 6 level19_1/ijon_max/6
[1;94m[*] [0mFuzzing test case #274 (1162 total, 0 uniq crashes found)...[0m
scheduled max input!!!!
schedule: 11 level19_1/ijon_max/11
[1;94m[*] [0mFuzzing test case #275 (1162 total, 0 uniq crashes found)...[0m
scheduled max input!!!!
schedule: 11 level19_1/ijon_max/11
[1;94m[*] [0mFuzzing test case #276 (1163 total, 0 uniq crashes found)...[0m
scheduled max input!!!!
schedule: 6 level19_1/ijon_max/6
updated maxmap 4: 30a (len: 450)
updated maxmap 5: 310 (len: 450)
[1;94m[*] [0mFuzzing test case #277 (1163 total, 0 uniq crashes found)...[0m
scheduled max input!!!!
schedule: 9 level19_1/ijon_max/9
[1;94m[*] [0mFuzzing test case #278 (1163 total, 0 uniq crashes found)...[0m
[1;94m[*] [0mFuzzing test case #279 (1163 total, 0 uniq crashes found)...[0m
[1;94m[*] [0mFuzzing test case #280 (1163 total, 0 uniq crashes found)...[0m
scheduled max input!!!!
schedule: 5 level19_1/ijon_max/5
[1;94m[*] [0mFuzzing test case #281 (1163 total, 0 uniq crashes found)...[0m
scheduled max input!!!!
schedule: 9 level19_1/ijon_max/9
[1;94m[*] [0mFuzzing test case #282 (1163 total, 0 uniq crashes found)...[0m
[1;94m[*] [0mFuzzing test case #283 (1163 total, 0 uniq crashes found)...[0m
scheduled max input!!!!
schedule: 5 level19_1/ijon_max/5
[1;94m[*] [0mFuzzing test case #284 (1163 total, 0 uniq crashes found)...[0m
scheduled max input!!!!
schedule: 14 level19_1/ijon_max/14
[1;94m[*] [0mFuzzing test case #285 (1164 total, 0 uniq crashes found)...[0m
scheduled max input!!!!
schedule: 5 level19_1/ijon_max/5
updated maxmap 6: 313 (len: 451)
[1;94m[*] [0mFuzzing test case #286 (1164 total, 0 uniq crashes found)...[0m
scheduled max input!!!!
schedule: 3 level19_1/ijon_max/3
updated maxmap 3: 2f3 (len: 445)
updated maxmap 3: 2f5 (len: 442)
[1;94m[*] [0mFuzzing test case #287 (1165 total, 0 uniq crashes found)...[0m
scheduled max input!!!!
schedule: 12 level19_1/ijon_max/12
[1;94m[*] [0mFuzzing test case #288 (1165 total, 0 uniq crashes found)...[0m
scheduled max input!!!!
schedule: 5 level19_1/ijon_max/5
[1;94m[*] [0mFuzzing test case #289 (1165 total, 0 uniq crashes found)...[0m
scheduled max input!!!!
schedule: 6 level19_1/ijon_max/6
updated maxmap 7: 313 (len: 451)
[1;94m[*] [0mFuzzing test case #290 (1165 total, 0 uniq crashes found)...[0m
scheduled max input!!!!
schedule: 9 level19_1/ijon_max/9
[1;94m[*] [0mFuzzing test case #291 (1165 total, 0 uniq crashes found)...[0m
scheduled normal input!!!!
[1;94m[*] [0mFuzzing test case #292 (1165 total, 0 uniq crashes found)...[0m
scheduled max input!!!!
schedule: 6 level19_1/ijon_max/6
[1;94m[*] [0mFuzzing test case #293 (1165 total, 0 uniq crashes found)...[0m
scheduled max input!!!!
schedule: 8 level19_1/ijon_max/8
[1;94m[*] [0mFuzzing test case #294 (1165 total, 0 uniq crashes found)...[0m
scheduled max input!!!!
schedule: 9 level19_1/ijon_max/9
[1;94m[*] [0mFuzzing test case #295 (1165 total, 0 uniq crashes found)...[0m
[1;94m[*] [0mFuzzing test case #296 (1165 total, 0 uniq crashes found)...[0m
scheduled max input!!!!
schedule: 6 level19_1/ijon_max/6
[1;94m[*] [0mFuzzing test case #297 (1165 total, 0 uniq crashes found)...[0m
scheduled max input!!!!
schedule: 14 level19_1/ijon_max/14
[1;94m[*] [0mFuzzing test case #298 (1165 total, 0 uniq crashes found)...[0m
scheduled max input!!!!
schedule: 10 level19_1/ijon_max/10
[1;94m[*] [0mFuzzing test case #299 (1165 total, 0 uniq crashes found)...[0m
scheduled max input!!!!
schedule: 8 level19_1/ijon_max/8
[1;94m[*] [0mFuzzing test case #300 (1165 total, 0 uniq crashes found)...[0m
scheduled max input!!!!
schedule: 9 level19_1/ijon_max/9
[1;94m[*] [0mFuzzing test case #301 (1165 total, 0 uniq crashes found)...[0m
scheduled max input!!!!
schedule: 12 level19_1/ijon_max/12
[1;94m[*] [0mFuzzing test case #302 (1165 total, 0 uniq crashes found)...[0m
scheduled max input!!!!
schedule: 14 level19_1/ijon_max/14
[1;94m[*] [0mFuzzing test case #303 (1165 total, 0 uniq crashes found)...[0m
scheduled max input!!!!
schedule: 6 level19_1/ijon_max/6
[1;94m[*] [0mFuzzing test case #304 (1165 total, 0 uniq crashes found)...[0m
scheduled max input!!!!
schedule: 15 level19_1/ijon_max/15
[1;94m[*] [0mFuzzing test case #305 (1165 total, 0 uniq crashes found)...[0m
scheduled max input!!!!
schedule: 3 level19_1/ijon_max/3
[1;94m[*] [0mFuzzing test case #306 (1165 total, 0 uniq crashes found)...[0m
scheduled max input!!!!
schedule: 10 level19_1/ijon_max/10
[1;94m[*] [0mFuzzing test case #307 (1165 total, 0 uniq crashes found)...[0m
scheduled max input!!!!
schedule: 4 level19_1/ijon_max/4
[1;94m[*] [0mFuzzing test case #308 (1165 total, 0 uniq crashes found)...[0m
scheduled max input!!!!
schedule: 7 level19_1/ijon_max/7
[1;94m[*] [0mFuzzing test case #309 (1165 total, 0 uniq crashes found)...[0m
scheduled max input!!!!
schedule: 9 level19_1/ijon_max/9
[1;94m[*] [0mFuzzing test case #310 (1165 total, 0 uniq crashes found)...[0m
scheduled max input!!!!
schedule: 11 level19_1/ijon_max/11
[1;94m[*] [0mFuzzing test case #311 (1165 total, 0 uniq crashes found)...[0m
[1;94m[*] [0mFuzzing test case #312 (1165 total, 0 uniq crashes found)...[0m
scheduled max input!!!!
schedule: 7 level19_1/ijon_max/7
[1;94m[*] [0mFuzzing test case #313 (1165 total, 0 uniq crashes found)...[0m
[1;94m[*] [0mFuzzing test case #314 (1165 total, 0 uniq crashes found)...[0m
scheduled max input!!!!
schedule: 8 level19_1/ijon_max/8
[1;94m[*] [0mFuzzing test case #315 (1165 total, 0 uniq crashes found)...[0m
scheduled max input!!!!
schedule: 7 level19_1/ijon_max/7
[1;94m[*] [0mFuzzing test case #316 (1165 total, 0 uniq crashes found)...[0m
scheduled max input!!!!
schedule: 12 level19_1/ijon_max/12
[1;94m[*] [0mFuzzing test case #317 (1165 total, 0 uniq crashes found)...[0m
scheduled max input!!!!
schedule: 14 level19_1/ijon_max/14
[1;94m[*] [0mFuzzing test case #318 (1165 total, 0 uniq crashes found)...[0m
scheduled max input!!!!
schedule: 10 level19_1/ijon_max/10
[1;94m[*] [0mFuzzing test case #319 (1165 total, 0 uniq crashes found)...[0m
[1;94m[*] [0mFuzzing test case #320 (1165 total, 0 uniq crashes found)...[0m
[1;94m[*] [0mFuzzing test case #321 (1165 total, 0 uniq crashes found)...[0m
scheduled max input!!!!
schedule: 6 level19_1/ijon_max/6
[1;94m[*] [0mFuzzing test case #322 (1165 total, 0 uniq crashes found)...[0m
scheduled max input!!!!
schedule: 9 level19_1/ijon_max/9
[1;94m[*] [0mFuzzing test case #323 (1165 total, 0 uniq crashes found)...[0m
scheduled max input!!!!
schedule: 8 level19_1/ijon_max/8
[1;94m[*] [0mFuzzing test case #324 (1165 total, 0 uniq crashes found)...[0m
scheduled max input!!!!
schedule: 13 level19_1/ijon_max/13
[1;94m[*] [0mFuzzing test case #325 (1165 total, 0 uniq crashes found)...[0m
scheduled max input!!!!
schedule: 10 level19_1/ijon_max/10
[1;94m[*] [0mFuzzing test case #326 (1165 total, 0 uniq crashes found)...[0m
scheduled max input!!!!
schedule: 3 level19_1/ijon_max/3
[1;94m[*] [0mFuzzing test case #327 (1165 total, 0 uniq crashes found)...[0m
[1;94m[*] [0mFuzzing test case #328 (1165 total, 0 uniq crashes found)...[0m
[1;94m[*] [0mFuzzing test case #329 (1165 total, 0 uniq crashes found)...[0m
scheduled max input!!!!
schedule: 15 level19_1/ijon_max/15
[1;94m[*] [0mFuzzing test case #330 (1165 total, 0 uniq crashes found)...[0m
[1;94m[*] [0mFuzzing test case #331 (1165 total, 0 uniq crashes found)...[0m
[1;94m[*] [0mFuzzing test case #332 (1165 total, 0 uniq crashes found)...[0m
scheduled max input!!!!
schedule: 9 level19_1/ijon_max/9
[1;94m[*] [0mFuzzing test case #333 (1165 total, 0 uniq crashes found)...[0m
scheduled max input!!!!
schedule: 10 level19_1/ijon_max/10
[1;94m[*] [0mFuzzing test case #334 (1165 total, 0 uniq crashes found)...[0m
[1;94m[*] [0mFuzzing test case #335 (1165 total, 0 uniq crashes found)...[0m
scheduled max input!!!!
schedule: 5 level19_1/ijon_max/5
updated maxmap 4: 30b (len: 450)
updated maxmap 5: 311 (len: 450)
updated maxmap 3: 303 (len: 456)
updated maxmap 4: 30c (len: 456)
updated maxmap 5: 312 (len: 456)
updated maxmap 6: 314 (len: 456)
[1;94m[*] [0mFuzzing test case #336 (1165 total, 0 uniq crashes found)...[0m
scheduled max input!!!!
schedule: 4 level19_1/ijon_max/4
[1;94m[*] [0mFuzzing test case #337 (1165 total, 0 uniq crashes found)...[0m
[1;94m[*] [0mFuzzing test case #338 (1165 total, 0 uniq crashes found)...[0m
scheduled max input!!!!
schedule: 8 level19_1/ijon_max/8
[1;94m[*] [0mFuzzing test case #339 (1165 total, 0 uniq crashes found)...[0m
scheduled max input!!!!
schedule: 8 level19_1/ijon_max/8
[1;94m[*] [0mFuzzing test case #340 (1165 total, 0 uniq crashes found)...[0m
scheduled max input!!!!
schedule: 14 level19_1/ijon_max/14
[1;94m[*] [0mFuzzing test case #341 (1165 total, 0 uniq crashes found)...[0m
scheduled max input!!!!
schedule: 0 level19_1/ijon_max/0
[1;94m[*] [0mFuzzing test case #342 (1165 total, 0 uniq crashes found)...[0m
scheduled max input!!!!
schedule: 0 level19_1/ijon_max/0
[1;94m[*] [0mFuzzing test case #343 (1165 total, 0 uniq crashes found)...[0m
[1;94m[*] [0mFuzzing test case #344 (1165 total, 0 uniq crashes found)...[0m
scheduled max input!!!!
schedule: 13 level19_1/ijon_max/13
[1;94m[*] [0mFuzzing test case #345 (1165 total, 0 uniq crashes found)...[0m
[1;94m[*] [0mFuzzing test case #346 (1165 total, 0 uniq crashes found)...[0m
scheduled max input!!!!
schedule: 12 level19_1/ijon_max/12
[1;94m[*] [0mFuzzing test case #347 (1165 total, 0 uniq crashes found)...[0m
[1;94m[*] [0mFuzzing test case #348 (1165 total, 0 uniq crashes found)...[0m
scheduled max input!!!!
schedule: 12 level19_1/ijon_max/12
[1;94m[*] [0mFuzzing test case #349 (1165 total, 0 uniq crashes found)...[0m
scheduled max input!!!!
schedule: 9 level19_1/ijon_max/9
[1;94m[*] [0mFuzzing test case #350 (1165 total, 0 uniq crashes found)...[0m
scheduled max input!!!!
schedule: 0 level19_1/ijon_max/0
[1;94m[*] [0mFuzzing test case #351 (1165 total, 0 uniq crashes found)...[0m
scheduled max input!!!!
schedule: 13 level19_1/ijon_max/13
[1;94m[*] [0mFuzzing test case #352 (1165 total, 0 uniq crashes found)...[0m
scheduled max input!!!!
schedule: 13 level19_1/ijon_max/13
[1;94m[*] [0mFuzzing test case #353 (1165 total, 0 uniq crashes found)...[0m
[1;94m[*] [0mFuzzing test case #354 (1165 total, 0 uniq crashes found)...[0m
scheduled max input!!!!
schedule: 3 level19_1/ijon_max/3
[1;94m[*] [0mFuzzing test case #355 (1165 total, 0 uniq crashes found)...[0m
scheduled max input!!!!
schedule: 15 level19_1/ijon_max/15
[1;94m[*] [0mFuzzing test case #356 (1165 total, 0 uniq crashes found)...[0m
scheduled max input!!!!
schedule: 3 level19_1/ijon_max/3
[1;94m[*] [0mFuzzing test case #357 (1165 total, 0 uniq crashes found)...[0m
scheduled max input!!!!
schedule: 10 level19_1/ijon_max/10
[1;94m[*] [0mFuzzing test case #358 (1165 total, 0 uniq crashes found)...[0m
scheduled max input!!!!
schedule: 6 level19_1/ijon_max/6
updated maxmap 7: 314 (len: 456)
[1;94m[*] [0mFuzzing test case #359 (1165 total, 0 uniq crashes found)...[0m
scheduled max input!!!!
schedule: 13 level19_1/ijon_max/13
[1;94m[*] [0mFuzzing test case #360 (1165 total, 0 uniq crashes found)...[0m
scheduled max input!!!!
schedule: 12 level19_1/ijon_max/12
[1;94m[*] [0mFuzzing test case #361 (1165 total, 0 uniq crashes found)...[0m
scheduled max input!!!!
schedule: 6 level19_1/ijon_max/6
updated maxmap 3: 306 (len: 456)
updated maxmap 4: 30f (len: 456)
updated maxmap 5: 315 (len: 456)
updated maxmap 6: 316 (len: 456)
updated maxmap 3: 309 (len: 458)
updated maxmap 4: 311 (len: 458)
updated maxmap 5: 317 (len: 458)
updated maxmap 6: 31a (len: 458)
updated maxmap 3: 30c (len: 458)
updated maxmap 4: 313 (len: 458)
updated maxmap 5: 319 (len: 458)
[1;94m[*] [0mFuzzing test case #362 (1166 total, 0 uniq crashes found)...[0m
scheduled max input!!!!
schedule: 11 level19_1/ijon_max/11
[1;94m[*] [0mFuzzing test case #363 (1166 total, 0 uniq crashes found)...[0m
scheduled max input!!!!
schedule: 7 level19_1/ijon_max/7
updated maxmap 7: 315 (len: 456)
updated maxmap 7: 316 (len: 457)
[1;94m[*] [0mFuzzing test case #364 (1167 total, 0 uniq crashes found)...[0m
scheduled max input!!!!
schedule: 3 level19_1/ijon_max/3
updated maxmap 7: 318 (len: 458)
updated maxmap 4: 314 (len: 458)
updated maxmap 5: 31a (len: 458)
[1;94m[*] [0mFuzzing test case #365 (1167 total, 0 uniq crashes found)...[0m
scheduled max input!!!!
schedule: 7 level19_1/ijon_max/7
[1;94m[*] [0mFuzzing test case #366 (1167 total, 0 uniq crashes found)...[0m
scheduled max input!!!!
schedule: 0 level19_1/ijon_max/0
[1;94m[*] [0mFuzzing test case #367 (1167 total, 0 uniq crashes found)...[0m
scheduled max input!!!!
schedule: 0 level19_1/ijon_max/0
[1;94m[*] [0mFuzzing test case #368 (1167 total, 0 uniq crashes found)...[0m
scheduled max input!!!!
schedule: 3 level19_1/ijon_max/3
updated maxmap 6: 31e (len: 463)
updated maxmap 7: 320 (len: 463)
[1;94m[*] [0mFuzzing test case #369 (1167 total, 0 uniq crashes found)...[0m
scheduled max input!!!!
schedule: 4 level19_1/ijon_max/4
[1;94m[*] [0mFuzzing test case #370 (1167 total, 0 uniq crashes found)...[0m
scheduled max input!!!!
schedule: 11 level19_1/ijon_max/11
[1;94m[*] [0mFuzzing test case #371 (1168 total, 0 uniq crashes found)...[0m
[1;94m[*] [0mFuzzing test case #372 (1168 total, 0 uniq crashes found)...[0m
scheduled max input!!!!
schedule: 13 level19_1/ijon_max/13
[1;94m[*] [0mFuzzing test case #373 (1168 total, 0 uniq crashes found)...[0m
[1;94m[*] [0mFuzzing test case #374 (1168 total, 0 uniq crashes found)...[0m
scheduled max input!!!!
schedule: 14 level19_1/ijon_max/14
[1;94m[*] [0mFuzzing test case #375 (1168 total, 0 uniq crashes found)...[0m
[1;94m[*] [0mFuzzing test case #376 (1168 total, 0 uniq crashes found)...[0m
scheduled max input!!!!
schedule: 6 level19_1/ijon_max/6
updated maxmap 6: 31f (len: 463)
updated maxmap 7: 321 (len: 463)
updated maxmap 7: 322 (len: 464)
updated maxmap 6: 320 (len: 463)
[1;94m[*] [0mFuzzing test case #377 (1168 total, 0 uniq crashes found)...[0m
scheduled max input!!!!
schedule: 9 level19_1/ijon_max/9
[1;94m[*] [0mFuzzing test case #378 (1168 total, 0 uniq crashes found)...[0m
[1;94m[*] [0mFuzzing test case #379 (1168 total, 0 uniq crashes found)...[0m
scheduled max input!!!!
schedule: 4 level19_1/ijon_max/4
[1;94m[*] [0mFuzzing test case #380 (1168 total, 0 uniq crashes found)...[0m
scheduled max input!!!!
schedule: 3 level19_1/ijon_max/3
[1;94m[*] [0mFuzzing test case #381 (1168 total, 0 uniq crashes found)...[0m
scheduled max input!!!!
schedule: 8 level19_1/ijon_max/8
[1;94m[*] [0mFuzzing test case #382 (1169 total, 0 uniq crashes found)...[0m
[1;94m[*] [0mFuzzing test case #383 (1169 total, 0 uniq crashes found)...[0m
scheduled max input!!!!
schedule: 15 level19_1/ijon_max/15
[1;94m[*] [0mFuzzing test case #384 (1169 total, 0 uniq crashes found)...[0m
scheduled max input!!!!
schedule: 10 level19_1/ijon_max/10
[1;94m[*] [0mFuzzing test case #385 (1169 total, 0 uniq crashes found)...[0m
scheduled max input!!!!
schedule: 11 level19_1/ijon_max/11
[1;94m[*] [0mFuzzing test case #386 (1169 total, 0 uniq crashes found)...[0m
scheduled max input!!!!
schedule: 7 level19_1/ijon_max/7
[1;94m[*] [0mFuzzing test case #387 (1169 total, 0 uniq crashes found)...[0m
scheduled max input!!!!
schedule: 9 level19_1/ijon_max/9
[1;94m[*] [0mFuzzing test case #388 (1169 total, 0 uniq crashes found)...[0m
scheduled max input!!!!
schedule: 5 level19_1/ijon_max/5
updated maxmap 3: 30e (len: 458)
updated maxmap 4: 315 (len: 458)
updated maxmap 5: 31b (len: 458)
[1;94m[*] [0mFuzzing test case #389 (1169 total, 0 uniq crashes found)...[0m
scheduled max input!!!!
schedule: 7 level19_1/ijon_max/7
updated maxmap 7: 323 (len: 464)
[1;94m[*] [0mFuzzing test case #390 (1169 total, 0 uniq crashes found)...[0m
scheduled max input!!!!
schedule: 5 level19_1/ijon_max/5
[1;94m[*] [0mFuzzing test case #391 (1169 total, 0 uniq crashes found)...[0m
scheduled max input!!!!
schedule: 11 level19_1/ijon_max/11
[1;94m[*] [0mFuzzing test case #392 (1169 total, 0 uniq crashes found)...[0m
scheduled max input!!!!
schedule: 6 level19_1/ijon_max/6
[1;94m[*] [0mFuzzing test case #393 (1169 total, 0 uniq crashes found)...[0m
scheduled max input!!!!
schedule: 15 level19_1/ijon_max/15
[1;94m[*] [0mFuzzing test case #394 (1169 total, 0 uniq crashes found)...[0m
scheduled max input!!!!
schedule: 14 level19_1/ijon_max/14
[1;94m[*] [0mFuzzing test case #395 (1169 total, 0 uniq crashes found)...[0m
scheduled max input!!!!
schedule: 9 level19_1/ijon_max/9
[1;94m[*] [0mFuzzing test case #396 (1169 total, 0 uniq crashes found)...[0m
scheduled max input!!!!
schedule: 14 level19_1/ijon_max/14
[1;94m[*] [0mFuzzing test case #397 (1169 total, 0 uniq crashes found)...[0m
scheduled max input!!!!
schedule: 14 level19_1/ijon_max/14
[1;94m[*] [0mFuzzing test case #398 (1169 total, 0 uniq crashes found)...[0m
scheduled max input!!!!
schedule: 12 level19_1/ijon_max/12
[1;94m[*] [0mFuzzing test case #399 (1169 total, 0 uniq crashes found)...[0m
scheduled max input!!!!
schedule: 4 level19_1/ijon_max/4
[1;94m[*] [0mFuzzing test case #400 (1169 total, 0 uniq crashes found)...[0m
scheduled max input!!!!
schedule: 7 level19_1/ijon_max/7
updated maxmap 6: 321 (len: 464)
updated maxmap 7: 324 (len: 464)
[1;94m[*] [0mFuzzing test case #401 (1169 total, 0 uniq crashes found)...[0m
scheduled max input!!!!
schedule: 12 level19_1/ijon_max/12
[1;94m[*] [0mFuzzing test case #402 (1169 total, 0 uniq crashes found)...[0m
scheduled max input!!!!
schedule: 9 level19_1/ijon_max/9
[1;94m[*] [0mFuzzing test case #403 (1169 total, 0 uniq crashes found)...[0m
scheduled max input!!!!
schedule: 11 level19_1/ijon_max/11
[1;94m[*] [0mFuzzing test case #404 (1169 total, 0 uniq crashes found)...[0m
scheduled max input!!!!
schedule: 3 level19_1/ijon_max/3
[1;94m[*] [0mFuzzing test case #405 (1169 total, 0 uniq crashes found)...[0m
scheduled max input!!!!
schedule: 12 level19_1/ijon_max/12
[1;94m[*] [0mFuzzing test case #406 (1169 total, 0 uniq crashes found)...[0m
[1;94m[*] [0mFuzzing test case #407 (1169 total, 0 uniq crashes found)...[0m
scheduled max input!!!!
schedule: 12 level19_1/ijon_max/12
[1;94m[*] [0mFuzzing test case #408 (1169 total, 0 uniq crashes found)...[0m
scheduled max input!!!!
schedule: 7 level19_1/ijon_max/7
[1;94m[*] [0mFuzzing test case #409 (1169 total, 0 uniq crashes found)...[0m
scheduled max input!!!!
schedule: 12 level19_1/ijon_max/12
[1;94m[*] [0mFuzzing test case #410 (1169 total, 0 uniq crashes found)...[0m
[1;94m[*] [0mFuzzing test case #411 (1169 total, 0 uniq crashes found)...[0m
scheduled max input!!!!
schedule: 14 level19_1/ijon_max/14
[1;94m[*] [0mFuzzing test case #412 (1169 total, 0 uniq crashes found)...[0m
scheduled max input!!!!
schedule: 9 level19_1/ijon_max/9
[1;94m[*] [0mFuzzing test case #413 (1169 total, 0 uniq crashes found)...[0m
scheduled max input!!!!
schedule: 8 level19_1/ijon_max/8
[1;94m[*] [0mFuzzing test case #414 (1169 total, 0 uniq crashes found)...[0m
scheduled max input!!!!
schedule: 10 level19_1/ijon_max/10
[1;94m[*] [0mFuzzing test case #415 (1169 total, 0 uniq crashes found)...[0m
scheduled max input!!!!
schedule: 3 level19_1/ijon_max/3
updated maxmap 3: 30f (len: 458)
updated maxmap 4: 316 (len: 458)
updated maxmap 5: 31c (len: 458)
[1;94m[*] [0mFuzzing test case #416 (1169 total, 0 uniq crashes found)...[0m
scheduled max input!!!!
schedule: 13 level19_1/ijon_max/13
[1;94m[*] [0mFuzzing test case #417 (1169 total, 0 uniq crashes found)...[0m
scheduled max input!!!!
schedule: 12 level19_1/ijon_max/12
[1;94m[*] [0mFuzzing test case #418 (1169 total, 0 uniq crashes found)...[0m
scheduled max input!!!!
schedule: 13 level19_1/ijon_max/13
[1;94m[*] [0mFuzzing test case #419 (1169 total, 0 uniq crashes found)...[0m
scheduled max input!!!!
schedule: 13 level19_1/ijon_max/13
[1;94m[*] [0mFuzzing test case #420 (1169 total, 0 uniq crashes found)...[0m
[1;94m[*] [0mFuzzing test case #421 (1169 total, 0 uniq crashes found)...[0m
[1;94m[*] [0mFuzzing test case #422 (1169 total, 0 uniq crashes found)...[0m
[1;94m[*] [0mFuzzing test case #423 (1169 total, 0 uniq crashes found)...[0m
scheduled max input!!!!
schedule: 12 level19_1/ijon_max/12
[1;94m[*] [0mFuzzing test case #424 (1169 total, 0 uniq crashes found)...[0m
[1;94m[*] [0mFuzzing test case #425 (1169 total, 0 uniq crashes found)...[0m
[1;94m[*] [0mFuzzing test case #426 (1169 total, 0 uniq crashes found)...[0m
[1;94m[*] [0mFuzzing test case #427 (1169 total, 0 uniq crashes found)...[0m
scheduled max input!!!!
schedule: 4 level19_1/ijon_max/4
[1;94m[*] [0mFuzzing test case #428 (1169 total, 0 uniq crashes found)...[0m
scheduled max input!!!!
schedule: 15 level19_1/ijon_max/15
[1;94m[*] [0mFuzzing test case #429 (1169 total, 0 uniq crashes found)...[0m
scheduled max input!!!!
schedule: 12 level19_1/ijon_max/12
[1;94m[*] [0mFuzzing test case #430 (1169 total, 0 uniq crashes found)...[0m
scheduled max input!!!!
schedule: 7 level19_1/ijon_max/7
updated maxmap 7: 325 (len: 466)
updated maxmap 8: 326 (len: 466)
[1;94m[*] [0mFuzzing test case #431 (1169 total, 0 uniq crashes found)...[0m
scheduled max input!!!!
schedule: 7 level19_1/ijon_max/7
updated maxmap 8: 327 (len: 466)
[1;94m[*] [0mFuzzing test case #432 (1169 total, 0 uniq crashes found)...[0m
scheduled max input!!!!
schedule: 13 level19_1/ijon_max/13
[1;94m[*] [0mFuzzing test case #433 (1169 total, 0 uniq crashes found)...[0m
scheduled max input!!!!
schedule: 10 level19_1/ijon_max/10
[1;94m[*] [0mFuzzing test case #434 (1169 total, 0 uniq crashes found)...[0m
[1;94m[*] [0mFuzzing test case #435 (1169 total, 0 uniq crashes found)...[0m
scheduled max input!!!!
schedule: 4 level19_1/ijon_max/4
[1;94m[*] [0mFuzzing test case #436 (1169 total, 0 uniq crashes found)...[0m
[1;94m[*] [0mFuzzing test case #437 (1169 total, 0 uniq crashes found)...[0m
[1;94m[*] [0mFuzzing test case #438 (1169 total, 0 uniq crashes found)...[0m
scheduled max input!!!!
schedule: 8 level19_1/ijon_max/8
updated maxmap 6: 331 (len: 474)
updated maxmap 7: 32e (len: 474)
updated maxmap 8: 329 (len: 474)
[1;94m[*] [0mFuzzing test case #439 (1169 total, 0 uniq crashes found)...[0m
scheduled max input!!!!
schedule: 8 level19_1/ijon_max/8
updated maxmap 6: 332 (len: 474)
updated maxmap 7: 330 (len: 474)
updated maxmap 8: 32a (len: 474)
updated maxmap 6: 333 (len: 474)
[1;94m[*] [0mFuzzing test case #440 (1170 total, 0 uniq crashes found)...[0m
scheduled max input!!!!
schedule: 14 level19_1/ijon_max/14
[1;94m[*] [0mFuzzing test case #441 (1170 total, 0 uniq crashes found)...[0m
scheduled max input!!!!
schedule: 10 level19_1/ijon_max/10
[1;94m[*] [0mFuzzing test case #442 (1170 total, 0 uniq crashes found)...[0m
scheduled max input!!!!
schedule: 0 level19_1/ijon_max/0
[1;94m[*] [0mFuzzing test case #443 (1170 total, 0 uniq crashes found)...[0m
scheduled max input!!!!
schedule: 8 level19_1/ijon_max/8
updated maxmap 6: 338 (len: 478)
updated maxmap 4: 317 (len: 474)
updated maxmap 5: 31d (len: 474)
updated maxmap 7: 331 (len: 474)
updated maxmap 8: 32b (len: 474)
[1;94m[*] [0mFuzzing test case #444 (1171 total, 0 uniq crashes found)...[0m
scheduled max input!!!!
schedule: 10 level19_1/ijon_max/10
[1;94m[*] [0mFuzzing test case #445 (1171 total, 0 uniq crashes found)...[0m
[1;94m[*] [0mFuzzing test case #446 (1171 total, 0 uniq crashes found)...[0m
scheduled max input!!!!
schedule: 9 level19_1/ijon_max/9
[1;94m[*] [0mFuzzing test case #447 (1171 total, 0 uniq crashes found)...[0m
scheduled max input!!!!
schedule: 0 level19_1/ijon_max/0
[1;94m[*] [0mFuzzing test case #448 (1171 total, 0 uniq crashes found)...[0m
scheduled max input!!!!
schedule: 7 level19_1/ijon_max/7
[1;94m[*] [0mFuzzing test case #449 (1171 total, 0 uniq crashes found)...[0m
scheduled max input!!!!
schedule: 5 level19_1/ijon_max/5
updated maxmap 8: 330 (len: 474)
[1;94m[*] [0mFuzzing test case #450 (1171 total, 0 uniq crashes found)...[0m
scheduled max input!!!!
schedule: 14 level19_1/ijon_max/14
[1;94m[*] [0mFuzzing test case #451 (1171 total, 0 uniq crashes found)...[0m
scheduled max input!!!!
schedule: 4 level19_1/ijon_max/4
[1;94m[*] [0mFuzzing test case #452 (1171 total, 0 uniq crashes found)...[0m
scheduled max input!!!!
schedule: 13 level19_1/ijon_max/13
[1;94m[*] [0mFuzzing test case #453 (1171 total, 0 uniq crashes found)...[0m
scheduled max input!!!!
schedule: 3 level19_1/ijon_max/3
[1;94m[*] [0mFuzzing test case #454 (1171 total, 0 uniq crashes found)...[0m
scheduled max input!!!!
schedule: 15 level19_1/ijon_max/15
[1;94m[*] [0mFuzzing test case #455 (1171 total, 0 uniq crashes found)...[0m
scheduled max input!!!!
schedule: 14 level19_1/ijon_max/14
[1;94m[*] [0mFuzzing test case #456 (1171 total, 0 uniq crashes found)...[0m
scheduled max input!!!!
schedule: 4 level19_1/ijon_max/4
[1;94m[*] [0mFuzzing test case #457 (1172 total, 0 uniq crashes found)...[0m
scheduled max input!!!!
schedule: 7 level19_1/ijon_max/7
updated maxmap 3: 310 (len: 474)
updated maxmap 6: 33e (len: 484)
[1;94m[*] [0mFuzzing test case #458 (1173 total, 0 uniq crashes found)...[0m
scheduled max input!!!!
schedule: 11 level19_1/ijon_max/11
[1;94m[*] [0mFuzzing test case #459 (1173 total, 0 uniq crashes found)...[0m
scheduled max input!!!!
schedule: 0 level19_1/ijon_max/0
[1;94m[*] [0mFuzzing test case #460 (1173 total, 0 uniq crashes found)...[0m
[1;94m[*] [0mFuzzing test case #461 (1173 total, 0 uniq crashes found)...[0m
[1;94m[*] [0mFuzzing test case #462 (1173 total, 0 uniq crashes found)...[0m
scheduled max input!!!!
schedule: 5 level19_1/ijon_max/5
updated maxmap 3: 312 (len: 474)
updated maxmap 4: 31a (len: 474)
updated maxmap 5: 320 (len: 474)
updated maxmap 8: 333 (len: 474)
updated maxmap 7: 332 (len: 474)
[1;94m[*] [0mFuzzing test case #463 (1173 total, 0 uniq crashes found)...[0m
scheduled max input!!!!
schedule: 7 level19_1/ijon_max/7
updated maxmap 12: 321 (len: 482)
updated maxmap 14: 32b (len: 482)
updated maxmap 15: 331 (len: 482)
updated maxmap 7: 333 (len: 474)
[1;94m[*] [0mFuzzing test case #464 (1173 total, 0 uniq crashes found)...[0m
scheduled max input!!!!
schedule: 15 level19_1/ijon_max/15
updated maxmap 0: 333 (len: 482)
[1;94m[*] [0mFuzzing test case #465 (1173 total, 0 uniq crashes found)...[0m
scheduled max input!!!!
schedule: 4 level19_1/ijon_max/4
[1;94m[*] [0mFuzzing test case #466 (1173 total, 0 uniq crashes found)...[0m
scheduled max input!!!!
schedule: 10 level19_1/ijon_max/10
[1;94m[*] [0mFuzzing test case #467 (1173 total, 0 uniq crashes found)...[0m
scheduled max input!!!!
schedule: 5 level19_1/ijon_max/5
[1;94m[*] [0mFuzzing test case #468 (1173 total, 0 uniq crashes found)...[0m
scheduled max input!!!!
schedule: 10 level19_1/ijon_max/10
[1;94m[*] [0mFuzzing test case #469 (1173 total, 0 uniq crashes found)...[0m
scheduled max input!!!!
schedule: 12 level19_1/ijon_max/12
[1;94m[*] [0mFuzzing test case #470 (1173 total, 0 uniq crashes found)...[0m
scheduled max input!!!!
schedule: 0 level19_1/ijon_max/0
[1;94m[*] [0mFuzzing test case #471 (1173 total, 0 uniq crashes found)...[0m
scheduled max input!!!!
schedule: 0 level19_1/ijon_max/0
updated maxmap 7: 336 (len: 482)
[1;94m[*] [0mFuzzing test case #472 (1173 total, 0 uniq crashes found)...[0m
[1;94m[*] [0mFuzzing test case #473 (1173 total, 0 uniq crashes found)...[0m
[1;94m[*] [0mFuzzing test case #474 (1173 total, 0 uniq crashes found)...[0m
scheduled max input!!!!
schedule: 3 level19_1/ijon_max/3
[1;94m[*] [0mFuzzing test case #475 (1173 total, 0 uniq crashes found)...[0m
scheduled max input!!!!
schedule: 7 level19_1/ijon_max/7
updated maxmap 3: 313 (len: 486)
updated maxmap 6: 346 (len: 486)
updated maxmap 7: 337 (len: 482)
[1;94m[*] [0mFuzzing test case #476 (1173 total, 0 uniq crashes found)...[0m
scheduled max input!!!!
schedule: 7 level19_1/ijon_max/7
updated maxmap 5: 33e (len: 482)
updated maxmap 3: 316 (len: 482)
updated maxmap 4: 31d (len: 482)
updated maxmap 6: 348 (len: 487)
updated maxmap 5: 341 (len: 482)
updated maxmap 7: 338 (len: 484)
updated maxmap 8: 334 (len: 482)
updated maxmap 7: 339 (len: 482)
updated maxmap 4: 31e (len: 482)
updated maxmap 7: 33a (len: 482)
updated maxmap 8: 335 (len: 482)
updated maxmap 6: 34c (len: 489)
updated maxmap 3: 317 (len: 482)
updated maxmap 8: 336 (len: 484)
updated maxmap 8: 337 (len: 482)
[1;94m[*] [0mFuzzing test case #477 (1179 total, 0 uniq crashes found)...[0m
[1;94m[*] [0mFuzzing test case #478 (1179 total, 0 uniq crashes found)...[0m
scheduled max input!!!!
schedule: 4 level19_1/ijon_max/4
updated maxmap 7: 33b (len: 482)
[1;94m[*] [0mFuzzing test case #479 (1179 total, 0 uniq crashes found)...[0m
scheduled max input!!!!
schedule: 4 level19_1/ijon_max/4
[1;94m[*] [0mFuzzing test case #480 (1179 total, 0 uniq crashes found)...[0m
scheduled max input!!!!
schedule: 9 level19_1/ijon_max/9
[1;94m[*] [0mFuzzing test case #481 (1179 total, 0 uniq crashes found)...[0m
scheduled max input!!!!
schedule: 15 level19_1/ijon_max/15
[1;94m[*] [0mFuzzing test case #482 (1179 total, 0 uniq crashes found)...[0m
scheduled max input!!!!
schedule: 12 level19_1/ijon_max/12
[1;94m[*] [0mFuzzing test case #483 (1180 total, 0 uniq crashes found)...[0m
scheduled max input!!!!
schedule: 12 level19_1/ijon_max/12
[1;94m[*] [0mFuzzing test case #484 (1180 total, 0 uniq crashes found)...[0m
scheduled max input!!!!
schedule: 8 level19_1/ijon_max/8
[1;94m[*] [0mFuzzing test case #485 (1180 total, 0 uniq crashes found)...[0m
scheduled max input!!!!
schedule: 7 level19_1/ijon_max/7
[1;94m[*] [0mFuzzing test case #486 (1180 total, 0 uniq crashes found)...[0m
scheduled max input!!!!
schedule: 12 level19_1/ijon_max/12
[1;94m[*] [0mFuzzing test case #487 (1180 total, 0 uniq crashes found)...[0m
[1;94m[*] [0mFuzzing test case #488 (1180 total, 0 uniq crashes found)...[0m
scheduled max input!!!!
schedule: 3 level19_1/ijon_max/3
updated maxmap 6: 34e (len: 490)
[1;94m[*] [0mFuzzing test case #489 (1180 total, 0 uniq crashes found)...[0m
scheduled max input!!!!
schedule: 4 level19_1/ijon_max/4
[1;94m[*] [0mFuzzing test case #490 (1180 total, 0 uniq crashes found)...[0m
scheduled max input!!!!
schedule: 9 level19_1/ijon_max/9
[1;94m[*] [0mFuzzing test case #491 (1180 total, 0 uniq crashes found)...[0m
[1;94m[*] [0mFuzzing test case #492 (1180 total, 0 uniq crashes found)...[0m
scheduled max input!!!!
schedule: 10 level19_1/ijon_max/10
[1;94m[*] [0mFuzzing test case #493 (1180 total, 0 uniq crashes found)...[0m
[1;94m[*] [0mFuzzing test case #494 (1180 total, 0 uniq crashes found)...[0m
scheduled max input!!!!
schedule: 3 level19_1/ijon_max/3
[1;94m[*] [0mFuzzing test case #495 (1180 total, 0 uniq crashes found)...[0m
[1;94m[*] [0mFuzzing test case #496 (1180 total, 0 uniq crashes found)...[0m
scheduled max input!!!!
schedule: 11 level19_1/ijon_max/11
[1;94m[*] [0mFuzzing test case #497 (1180 total, 0 uniq crashes found)...[0m
scheduled max input!!!!
schedule: 9 level19_1/ijon_max/9
[1;94m[*] [0mFuzzing test case #498 (1180 total, 0 uniq crashes found)...[0m
scheduled max input!!!!
schedule: 4 level19_1/ijon_max/4
[1;94m[*] [0mFuzzing test case #499 (1180 total, 0 uniq crashes found)...[0m
scheduled max input!!!!
schedule: 10 level19_1/ijon_max/10
[1;94m[*] [0mFuzzing test case #500 (1180 total, 0 uniq crashes found)...[0m
scheduled max input!!!!
schedule: 9 level19_1/ijon_max/9
[1;94m[*] [0mFuzzing test case #501 (1180 total, 0 uniq crashes found)...[0m
scheduled max input!!!!
schedule: 15 level19_1/ijon_max/15
[1;94m[*] [0mFuzzing test case #502 (1180 total, 0 uniq crashes found)...[0m
scheduled max input!!!!
schedule: 9 level19_1/ijon_max/9
[1;94m[*] [0mFuzzing test case #503 (1180 total, 0 uniq crashes found)...[0m
scheduled max input!!!!
schedule: 6 level19_1/ijon_max/6
updated maxmap 7: 354 (len: 497)
updated maxmap 8: 358 (len: 497)
updated maxmap 6: 352 (len: 495)
updated maxmap 6: 355 (len: 490)
updated maxmap 7: 357 (len: 490)
updated maxmap 6: 356 (len: 490)
updated maxmap 7: 358 (len: 490)
[1;94m[*] [0mFuzzing test case #504 (1182 total, 0 uniq crashes found)...[0m
scheduled max input!!!!
schedule: 10 level19_1/ijon_max/10
[1;94m[*] [0mFuzzing test case #505 (1182 total, 0 uniq crashes found)...[0m
scheduled max input!!!!
schedule: 0 level19_1/ijon_max/0
[1;94m[*] [0mFuzzing test case #506 (1182 total, 0 uniq crashes found)...[0m
[1;94m[*] [0mFuzzing test case #507 (1182 total, 0 uniq crashes found)...[0m
scheduled max input!!!!
schedule: 15 level19_1/ijon_max/15
[1;94m[*] [0mFuzzing test case #508 (1182 total, 0 uniq crashes found)...[0m
scheduled max input!!!!
schedule: 4 level19_1/ijon_max/4
[1;94m[*] [0mFuzzing test case #509 (1182 total, 0 uniq crashes found)...[0m
scheduled max input!!!!
schedule: 7 level19_1/ijon_max/7
[1;94m[*] [0mFuzzing test case #510 (1182 total, 0 uniq crashes found)...[0m
scheduled max input!!!!
schedule: 8 level19_1/ijon_max/8
[1;94m[*] [0mFuzzing test case #511 (1182 total, 0 uniq crashes found)...[0m
scheduled normal input!!!!
[1;94m[*] [0mFuzzing test case #512 (1182 total, 0 uniq crashes found)...[0m
scheduled max input!!!!
schedule: 10 level19_1/ijon_max/10
[1;94m[*] [0mFuzzing test case #513 (1182 total, 0 uniq crashes found)...[0m
scheduled max input!!!!
schedule: 9 level19_1/ijon_max/9
[1;94m[*] [0mFuzzing test case #514 (1182 total, 0 uniq crashes found)...[0m
scheduled max input!!!!
schedule: 7 level19_1/ijon_max/7
updated maxmap 8: 359 (len: 498)
[1;94m[*] [0mFuzzing test case #515 (1183 total, 0 uniq crashes found)...[0m
scheduled max input!!!!
schedule: 6 level19_1/ijon_max/6
[1;94m[*] [0mFuzzing test case #516 (1183 total, 0 uniq crashes found)...[0m
scheduled max input!!!!
schedule: 0 level19_1/ijon_max/0
[1;94m[*] [0mFuzzing test case #517 (1183 total, 0 uniq crashes found)...[0m
scheduled max input!!!!
schedule: 7 level19_1/ijon_max/7
updated maxmap 7: 35e (len: 494)
updated maxmap 8: 360 (len: 494)
[1;94m[*] [0mFuzzing test case #518 (1183 total, 0 uniq crashes found)...[0m
scheduled max input!!!!
schedule: 15 level19_1/ijon_max/15
[1;94m[*] [0mFuzzing test case #519 (1183 total, 0 uniq crashes found)...[0m
scheduled max input!!!!
schedule: 5 level19_1/ijon_max/5
[1;94m[*] [0mFuzzing test case #520 (1183 total, 0 uniq crashes found)...[0m
scheduled max input!!!!
schedule: 9 level19_1/ijon_max/9
[1;94m[*] [0mFuzzing test case #521 (1183 total, 0 uniq crashes found)...[0m
scheduled max input!!!!
schedule: 7 level19_1/ijon_max/7
updated maxmap 6: 359 (len: 494)
updated maxmap 7: 360 (len: 494)
updated maxmap 8: 361 (len: 494)
[1;94m[*] [0mFuzzing test case #522 (1183 total, 0 uniq crashes found)...[0m
scheduled max input!!!!
schedule: 6 level19_1/ijon_max/6
[1;94m[*] [0mFuzzing test case #523 (1183 total, 0 uniq crashes found)...[0m
scheduled max input!!!!
schedule: 11 level19_1/ijon_max/11
[1;94m[*] [0mFuzzing test case #524 (1183 total, 0 uniq crashes found)...[0m
scheduled max input!!!!
schedule: 10 level19_1/ijon_max/10
[1;94m[*] [0mFuzzing test case #525 (1183 total, 0 uniq crashes found)...[0m
scheduled max input!!!!
schedule: 15 level19_1/ijon_max/15
[1;94m[*] [0mFuzzing test case #526 (1183 total, 0 uniq crashes found)...[0m
scheduled max input!!!!
schedule: 4 level19_1/ijon_max/4
[1;94m[*] [0mFuzzing test case #527 (1183 total, 0 uniq crashes found)...[0m
[1;94m[*] [0mFuzzing test case #528 (1183 total, 0 uniq crashes found)...[0m
scheduled max input!!!!
schedule: 0 level19_1/ijon_max/0
[1;94m[*] [0mFuzzing test case #529 (1183 total, 0 uniq crashes found)...[0m
scheduled max input!!!!
schedule: 10 level19_1/ijon_max/10
[1;94m[*] [0mFuzzing test case #530 (1183 total, 0 uniq crashes found)...[0m
scheduled max input!!!!
schedule: 15 level19_1/ijon_max/15
[1;94m[*] [0mFuzzing test case #531 (1183 total, 0 uniq crashes found)...[0m
[1;94m[*] [0mFuzzing test case #532 (1183 total, 0 uniq crashes found)...[0m
[1;94m[*] [0mFuzzing test case #533 (1183 total, 0 uniq crashes found)...[0m
[1;94m[*] [0mFuzzing test case #534 (1183 total, 0 uniq crashes found)...[0m
scheduled max input!!!!
schedule: 7 level19_1/ijon_max/7
updated maxmap 6: 35b (len: 494)
updated maxmap 7: 362 (len: 494)
[1;94m[*] [0mFuzzing test case #535 (1183 total, 0 uniq crashes found)...[0m
scheduled max input!!!!
schedule: 0 level19_1/ijon_max/0
[1;94m[*] [0mFuzzing test case #536 (1183 total, 0 uniq crashes found)...[0m
[1;94m[*] [0mFuzzing test case #537 (1183 total, 0 uniq crashes found)...[0m
[1;94m[*] [0mFuzzing test case #538 (1183 total, 0 uniq crashes found)...[0m
scheduled max input!!!!
schedule: 12 level19_1/ijon_max/12
[1;94m[*] [0mFuzzing test case #539 (1183 total, 0 uniq crashes found)...[0m
scheduled max input!!!!
schedule: 5 level19_1/ijon_max/5
[1;94m[*] [0mFuzzing test case #540 (1183 total, 0 uniq crashes found)...[0m
scheduled max input!!!!
schedule: 14 level19_1/ijon_max/14
[1;94m[*] [0mFuzzing test case #541 (1183 total, 0 uniq crashes found)...[0m
scheduled max input!!!!
schedule: 9 level19_1/ijon_max/9
[1;94m[*] [0mFuzzing test case #542 (1183 total, 0 uniq crashes found)...[0m
scheduled max input!!!!
schedule: 10 level19_1/ijon_max/10
[1;94m[*] [0mFuzzing test case #543 (1183 total, 0 uniq crashes found)...[0m
[1;94m[*] [0mFuzzing test case #544 (1183 total, 0 uniq crashes found)...[0m
scheduled max input!!!!
schedule: 7 level19_1/ijon_max/7
updated maxmap 7: 365 (len: 497)
updated maxmap 8: 36a (len: 497)
[1;94m[*] [0mFuzzing test case #545 (1183 total, 0 uniq crashes found)...[0m
scheduled max input!!!!
schedule: 10 level19_1/ijon_max/10
[1;94m[*] [0mFuzzing test case #546 (1183 total, 0 uniq crashes found)...[0m
scheduled max input!!!!
schedule: 0 level19_1/ijon_max/0
[1;94m[*] [0mFuzzing test case #547 (1183 total, 0 uniq crashes found)...[0m
[1;94m[*] [0mFuzzing test case #548 (1183 total, 0 uniq crashes found)...[0m
scheduled max input!!!!
schedule: 4 level19_1/ijon_max/4
updated maxmap 9: 321 (len: 482)
[1;94m[*] [0mFuzzing test case #549 (1183 total, 0 uniq crashes found)...[0m
scheduled max input!!!!
schedule: 7 level19_1/ijon_max/7
updated maxmap 9: 354 (len: 497)
updated maxmap 10: 357 (len: 497)
[1;94m[*] [0mFuzzing test case #550 (1183 total, 0 uniq crashes found)...[0m
scheduled max input!!!!
schedule: 8 level19_1/ijon_max/8
updated maxmap 9: 355 (len: 497)
updated maxmap 10: 358 (len: 497)
updated maxmap 9: 35b (len: 499)
updated maxmap 9: 36b (len: 497)
[1;94m[*] [0mFuzzing test case #551 (1184 total, 0 uniq crashes found)...[0m
scheduled max input!!!!
schedule: 13 level19_1/ijon_max/13
[1;94m[*] [0mFuzzing test case #552 (1184 total, 0 uniq crashes found)...[0m
scheduled max input!!!!
schedule: 0 level19_1/ijon_max/0
[1;94m[*] [0mFuzzing test case #553 (1184 total, 0 uniq crashes found)...[0m
scheduled max input!!!!
schedule: 9 level19_1/ijon_max/9
[1;94m[*] [0mFuzzing test case #554 (1184 total, 0 uniq crashes found)...[0m
scheduled max input!!!!
schedule: 6 level19_1/ijon_max/6
[1;94m[*] [0mFuzzing test case #555 (1184 total, 0 uniq crashes found)...[0m
scheduled max input!!!!
schedule: 11 level19_1/ijon_max/11
[1;94m[*] [0mFuzzing test case #556 (1184 total, 0 uniq crashes found)...[0m
scheduled max input!!!!
schedule: 8 level19_1/ijon_max/8
[1;94m[*] [0mFuzzing test case #557 (1184 total, 0 uniq crashes found)...[0m
scheduled max input!!!!
schedule: 4 level19_1/ijon_max/4
[1;94m[*] [0mFuzzing test case #558 (1184 total, 0 uniq crashes found)...[0m
scheduled max input!!!!
schedule: 3 level19_1/ijon_max/3
[1;94m[*] [0mFuzzing test case #559 (1184 total, 0 uniq crashes found)...[0m
scheduled max input!!!!
schedule: 8 level19_1/ijon_max/8
updated maxmap 8: 36f (len: 500)
updated maxmap 9: 371 (len: 500)
updated maxmap 5: 34f (len: 497)
[1;94m[*] [0mFuzzing test case #560 (1185 total, 0 uniq crashes found)...[0m
scheduled max input!!!!
schedule: 12 level19_1/ijon_max/12
[1;94m[*] [0mFuzzing test case #561 (1185 total, 0 uniq crashes found)...[0m
scheduled max input!!!!
schedule: 12 level19_1/ijon_max/12
[1;94m[*] [0mFuzzing test case #562 (1185 total, 0 uniq crashes found)...[0m
scheduled max input!!!!
schedule: 3 level19_1/ijon_max/3
[1;94m[*] [0mFuzzing test case #563 (1185 total, 0 uniq crashes found)...[0m
scheduled max input!!!!
schedule: 14 level19_1/ijon_max/14
[1;94m[*] [0mFuzzing test case #564 (1185 total, 0 uniq crashes found)...[0m
scheduled max input!!!!
schedule: 12 level19_1/ijon_max/12
[1;94m[*] [0mFuzzing test case #565 (1185 total, 0 uniq crashes found)...[0m
scheduled max input!!!!
schedule: 10 level19_1/ijon_max/10
updated maxmap 10: 35c (len: 500)
updated maxmap 10: 35f (len: 503)
updated maxmap 11: 361 (len: 503)
updated maxmap 11: 364 (len: 505)
[1;94m[*] [0mFuzzing test case #566 (1188 total, 0 uniq crashes found)...[0m
scheduled max input!!!!
schedule: 9 level19_1/ijon_max/9
updated maxmap 10: 362 (len: 504)
updated maxmap 6: 35c (len: 500)
updated maxmap 7: 366 (len: 500)
updated maxmap 8: 370 (len: 500)
updated maxmap 9: 372 (len: 500)
updated maxmap 10: 366 (len: 507)
[1;94m[*] [0mFuzzing test case #567 (1190 total, 0 uniq crashes found)...[0m
[1;94m[*] [0mFuzzing test case #568 (1190 total, 0 uniq crashes found)...[0m
scheduled max input!!!!
schedule: 5 level19_1/ijon_max/5
[1;94m[*] [0mFuzzing test case #569 (1190 total, 0 uniq crashes found)...[0m
scheduled max input!!!!
schedule: 15 level19_1/ijon_max/15
[1;94m[*] [0mFuzzing test case #570 (1190 total, 0 uniq crashes found)...[0m
scheduled max input!!!!
schedule: 0 level19_1/ijon_max/0
[1;94m[*] [0mFuzzing test case #571 (1190 total, 0 uniq crashes found)...[0m
scheduled max input!!!!
schedule: 7 level19_1/ijon_max/7
[1;94m[*] [0mFuzzing test case #572 (1190 total, 0 uniq crashes found)...[0m
[1;94m[*] [0mFuzzing test case #573 (1190 total, 0 uniq crashes found)...[0m
scheduled max input!!!!
schedule: 15 level19_1/ijon_max/15
[1;94m[*] [0mFuzzing test case #574 (1190 total, 0 uniq crashes found)...[0m
scheduled max input!!!!
schedule: 4 level19_1/ijon_max/4
[1;94m[*] [0mFuzzing test case #575 (1190 total, 0 uniq crashes found)...[0m
[1;94m[*] [0mFuzzing test case #576 (1190 total, 0 uniq crashes found)...[0m
scheduled max input!!!!
schedule: 9 level19_1/ijon_max/9
updated maxmap 6: 360 (len: 500)
updated maxmap 7: 36a (len: 500)
updated maxmap 9: 378 (len: 505)
updated maxmap 10: 37d (len: 505)
[1;94m[*] [0mFuzzing test case #577 (1191 total, 0 uniq crashes found)...[0m
scheduled max input!!!!
schedule: 6 level19_1/ijon_max/6
[1;94m[*] [0mFuzzing test case #578 (1192 total, 0 uniq crashes found)...[0m
scheduled max input!!!!
schedule: 7 level19_1/ijon_max/7
[1;94m[*] [0mFuzzing test case #579 (1192 total, 0 uniq crashes found)...[0m
scheduled max input!!!!
schedule: 13 level19_1/ijon_max/13
[1;94m[*] [0mFuzzing test case #580 (1192 total, 0 uniq crashes found)...[0m
[1;94m[*] [0mFuzzing test case #581 (1192 total, 0 uniq crashes found)...[0m
scheduled max input!!!!
schedule: 0 level19_1/ijon_max/0
[1;94m[*] [0mFuzzing test case #582 (1192 total, 0 uniq crashes found)...[0m
scheduled max input!!!!
schedule: 4 level19_1/ijon_max/4
[1;94m[*] [0mFuzzing test case #583 (1192 total, 0 uniq crashes found)...[0m
[1;94m[*] [0mFuzzing test case #584 (1192 total, 0 uniq crashes found)...[0m
[1;94m[*] [0mFuzzing test case #585 (1192 total, 0 uniq crashes found)...[0m
[1;94m[*] [0mFuzzing test case #586 (1192 total, 0 uniq crashes found)...[0m
scheduled max input!!!!
schedule: 13 level19_1/ijon_max/13
[1;94m[*] [0mFuzzing test case #587 (1192 total, 0 uniq crashes found)...[0m
scheduled max input!!!!
schedule: 9 level19_1/ijon_max/9
[1;94m[*] [0mFuzzing test case #588 (1192 total, 0 uniq crashes found)...[0m
scheduled max input!!!!
schedule: 0 level19_1/ijon_max/0
[1;94m[*] [0mFuzzing test case #589 (1192 total, 0 uniq crashes found)...[0m
[1;94m[*] [0mFuzzing test case #590 (1192 total, 0 uniq crashes found)...[0m
scheduled max input!!!!
schedule: 13 level19_1/ijon_max/13
[1;94m[*] [0mFuzzing test case #591 (1192 total, 0 uniq crashes found)...[0m
scheduled max input!!!!
schedule: 13 level19_1/ijon_max/13
[1;94m[*] [0mFuzzing test case #592 (1192 total, 0 uniq crashes found)...[0m
scheduled max input!!!!
schedule: 5 level19_1/ijon_max/5
[1;94m[*] [0mFuzzing test case #593 (1192 total, 0 uniq crashes found)...[0m
[1;94m[*] [0mFuzzing test case #594 (1192 total, 0 uniq crashes found)...[0m
scheduled max input!!!!
schedule: 14 level19_1/ijon_max/14
[1;94m[*] [0mFuzzing test case #595 (1192 total, 0 uniq crashes found)...[0m
scheduled max input!!!!
schedule: 0 level19_1/ijon_max/0
[1;94m[*] [0mFuzzing test case #596 (1192 total, 0 uniq crashes found)...[0m
scheduled max input!!!!
schedule: 6 level19_1/ijon_max/6
[1;94m[*] [0mFuzzing test case #597 (1192 total, 0 uniq crashes found)...[0m
scheduled max input!!!!
schedule: 8 level19_1/ijon_max/8
updated maxmap 5: 357 (len: 505)
updated maxmap 6: 361 (len: 505)
updated maxmap 7: 36b (len: 505)
updated maxmap 8: 375 (len: 505)
updated maxmap 9: 37f (len: 505)
[1;94m[*] [0mFuzzing test case #598 (1192 total, 0 uniq crashes found)...[0m
scheduled max input!!!!
schedule: 10 level19_1/ijon_max/10
[1;94m[*] [0mFuzzing test case #599 (1192 total, 0 uniq crashes found)...[0m
scheduled max input!!!!
schedule: 13 level19_1/ijon_max/13
[1;94m[*] [0mFuzzing test case #600 (1192 total, 0 uniq crashes found)...[0m
scheduled max input!!!!
schedule: 7 level19_1/ijon_max/7
updated maxmap 10: 389 (len: 512)
updated maxmap 11: 390 (len: 512)
[1;94m[*] [0mFuzzing test case #601 (1193 total, 0 uniq crashes found)...[0m
[1;94m[*] [0mFuzzing test case #602 (1193 total, 0 uniq crashes found)...[0m
[1;94m[*] [0mFuzzing test case #603 (1193 total, 0 uniq crashes found)...[0m
scheduled max input!!!!
schedule: 6 level19_1/ijon_max/6
[1;94m[*] [0mFuzzing test case #604 (1193 total, 0 uniq crashes found)...[0m
[1;94m[*] [0mFuzzing test case #605 (1193 total, 0 uniq crashes found)...[0m
[1;94m[*] [0mFuzzing test case #606 (1193 total, 0 uniq crashes found)...[0m
scheduled max input!!!!
schedule: 10 level19_1/ijon_max/10
updated maxmap 9: 394 (len: 518)
updated maxmap 10: 392 (len: 518)
updated maxmap 3: 318 (len: 576)
updated maxmap 4: 320 (len: 576)
updated maxmap 4: 357 (len: 512)
updated maxmap 5: 362 (len: 512)
updated maxmap 6: 36b (len: 512)
updated maxmap 7: 375 (len: 512)
updated maxmap 8: 37f (len: 512)
updated maxmap 4: 358 (len: 512)
updated maxmap 5: 363 (len: 512)
updated maxmap 6: 36d (len: 512)
updated maxmap 7: 376 (len: 512)
updated maxmap 8: 380 (len: 512)
[1;94m[*] [0mFuzzing test case #607 (1201 total, 0 uniq crashes found)...[0m
scheduled max input!!!!
schedule: 7 level19_1/ijon_max/7
updated maxmap 4: 359 (len: 512)
updated maxmap 5: 365 (len: 512)
updated maxmap 6: 36e (len: 512)
updated maxmap 7: 378 (len: 512)
updated maxmap 8: 382 (len: 512)
[1;94m[*] [0mFuzzing test case #608 (1201 total, 0 uniq crashes found)...[0m
[1;94m[*] [0mFuzzing test case #609 (1201 total, 0 uniq crashes found)...[0m
scheduled max input!!!!
schedule: 15 level19_1/ijon_max/15
[1;94m[*] [0mFuzzing test case #610 (1201 total, 0 uniq crashes found)...[0m
[1;94m[*] [0mFuzzing test case #611 (1201 total, 0 uniq crashes found)...[0m
[1;94m[*] [0mFuzzing test case #612 (1201 total, 0 uniq crashes found)...[0m
[1;94m[*] [0mFuzzing test case #613 (1201 total, 0 uniq crashes found)...[0m
scheduled max input!!!!
schedule: 11 level19_1/ijon_max/11
updated maxmap 9: 39d (len: 518)
updated maxmap 10: 393 (len: 518)
updated maxmap 11: 398 (len: 518)
updated maxmap 9: 39e (len: 520)
updated maxmap 2: 31f (len: 512)
updated maxmap 3: 32b (len: 512)
updated maxmap 7: 3b0 (len: 512)
updated maxmap 8: 3ba (len: 512)
updated maxmap 9: 3c1 (len: 512)
updated maxmap 10: 395 (len: 520)
[1;94m[*] [0mFuzzing test case #614 (1208 total, 0 uniq crashes found)...[0m
scheduled max input!!!!
schedule: 3 level19_1/ijon_max/3
updated maxmap 3: 32c (len: 512)
updated maxmap 9: 3c2 (len: 512)
updated maxmap 2: 320 (len: 512)
updated maxmap 7: 3b1 (len: 512)
updated maxmap 8: 3bb (len: 512)
updated maxmap 9: 3c4 (len: 514)
updated maxmap 10: 3c7 (len: 514)
updated maxmap 11: 3a6 (len: 518)
updated maxmap 9: 3c5 (len: 520)
updated maxmap 10: 3ca (len: 520)
updated maxmap 2: 321 (len: 512)
updated maxmap 3: 32e (len: 512)
updated maxmap 7: 3b2 (len: 512)
updated maxmap 8: 3bc (len: 512)
updated maxmap 8: 3c2 (len: 512)
updated maxmap 2: 323 (len: 517)
updated maxmap 3: 32f (len: 517)
updated maxmap 7: 3b4 (len: 517)
updated maxmap 9: 3c7 (len: 517)
updated maxmap 10: 3d1 (len: 517)
minimized maxmap 3: 32f (len: 515)
minimized maxmap 9: 3c7 (len: 515)
updated maxmap 8: 3c4 (len: 512)
updated maxmap 3: 330 (len: 519)
updated maxmap 7: 3be (len: 515)
updated maxmap 8: 3cb (len: 515)
updated maxmap 9: 3cd (len: 515)
updated maxmap 11: 3a8 (len: 512)
updated maxmap 10: 3d5 (len: 519)
updated maxmap 11: 3d4 (len: 519)
updated maxmap 6: 3ab (len: 512)
minimized maxmap 3: 330 (len: 518)
minimized maxmap 2: 323 (len: 513)
updated maxmap 2: 325 (len: 512)
updated maxmap 3: 331 (len: 512)
updated maxmap 5: 368 (len: 512)
updated maxmap 3: 332 (len: 512)
updated maxmap 8: 3d2 (len: 520)
updated maxmap 9: 3dc (len: 520)
updated maxmap 5: 371 (len: 516)
updated maxmap 2: 327 (len: 512)
updated maxmap 3: 333 (len: 512)
updated maxmap 10: 3dd (len: 520)
updated maxmap 11: 3da (len: 520)
updated maxmap 3: 334 (len: 513)
updated maxmap 10: 3df (len: 521)
[1;94m[*] [0mFuzzing test case #615 (1225 total, 0 uniq crashes found)...[0m
scheduled max input!!!!
schedule: 10 level19_1/ijon_max/10
updated maxmap 10: 3e0 (len: 521)
[1;94m[*] [0mFuzzing test case #616 (1226 total, 0 uniq crashes found)...[0m
scheduled max input!!!!
schedule: 0 level19_1/ijon_max/0
[1;94m[*] [0mFuzzing test case #617 (1226 total, 0 uniq crashes found)...[0m
scheduled max input!!!!
schedule: 7 level19_1/ijon_max/7
[1;94m[*] [0mFuzzing test case #618 (1226 total, 0 uniq crashes found)...[0m
[1;94m[*] [0mFuzzing test case #619 (1226 total, 0 uniq crashes found)...[0m
scheduled max input!!!!
schedule: 13 level19_1/ijon_max/13
[1;94m[*] [0mFuzzing test case #620 (1226 total, 0 uniq crashes found)...[0m
scheduled max input!!!!
schedule: 6 level19_1/ijon_max/6
updated maxmap 6: 3b3 (len: 512)
[1;94m[*] [0mFuzzing test case #621 (1226 total, 0 uniq crashes found)...[0m
scheduled max input!!!!
schedule: 8 level19_1/ijon_max/8
updated maxmap 7: 3c3 (len: 520)
[1;94m[*] [0mFuzzing test case #622 (1226 total, 0 uniq crashes found)...[0m
scheduled max input!!!!
schedule: 12 level19_1/ijon_max/12
[1;94m[*] [0mFuzzing test case #623 (1226 total, 0 uniq crashes found)...[0m
scheduled max input!!!!
schedule: 15 level19_1/ijon_max/15
[1;94m[*] [0mFuzzing test case #624 (1226 total, 0 uniq crashes found)...[0m
scheduled max input!!!!
schedule: 7 level19_1/ijon_max/7
[1;94m[*] [0mFuzzing test case #625 (1226 total, 0 uniq crashes found)...[0m
scheduled max input!!!!
schedule: 5 level19_1/ijon_max/5
updated maxmap 5: 372 (len: 516)
[1;94m[*] [0mFuzzing test case #626 (1226 total, 0 uniq crashes found)...[0m
scheduled max input!!!!
schedule: 15 level19_1/ijon_max/15
[1;94m[*] [0mFuzzing test case #627 (1226 total, 0 uniq crashes found)...[0m
scheduled max input!!!!
schedule: 3 level19_1/ijon_max/3
[1;94m[*] [0mFuzzing test case #628 (1227 total, 0 uniq crashes found)...[0m
scheduled max input!!!!
schedule: 13 level19_1/ijon_max/13
[1;94m[*] [0mFuzzing test case #629 (1227 total, 0 uniq crashes found)...[0m
[1;94m[*] [0mFuzzing test case #630 (1227 total, 0 uniq crashes found)...[0m
[1;94m[*] [0mFuzzing test case #631 (1227 total, 0 uniq crashes found)...[0m
scheduled max input!!!!
schedule: 10 level19_1/ijon_max/10
[1;94m[*] [0mFuzzing test case #632 (1227 total, 0 uniq crashes found)...[0m
scheduled max input!!!!
schedule: 14 level19_1/ijon_max/14
[1;94m[*] [0mFuzzing test case #633 (1227 total, 0 uniq crashes found)...[0m
scheduled max input!!!!
schedule: 14 level19_1/ijon_max/14
[1;94m[*] [0mFuzzing test case #634 (1227 total, 0 uniq crashes found)...[0m
scheduled max input!!!!
schedule: 2 level19_1/ijon_max/2
[1;94m[*] [0mFuzzing test case #635 (1227 total, 0 uniq crashes found)...[0m
scheduled max input!!!!
schedule: 8 level19_1/ijon_max/8
updated maxmap 11: 3db (len: 522)
updated maxmap 10: 3e9 (len: 526)
updated maxmap 11: 3e6 (len: 526)
[1;94m[*] [0mFuzzing test case #636 (1227 total, 0 uniq crashes found)...[0m
scheduled max input!!!!
schedule: 3 level19_1/ijon_max/3
[1;94m[*] [0mFuzzing test case #637 (1227 total, 0 uniq crashes found)...[0m
scheduled max input!!!!
schedule: 5 level19_1/ijon_max/5
updated maxmap 5: 374 (len: 517)
minimized maxmap 5: 374 (len: 516)
updated maxmap 5: 375 (len: 516)
updated maxmap 4: 36a (len: 516)
updated maxmap 5: 379 (len: 516)
updated maxmap 4: 36c (len: 516)
updated maxmap 5: 37a (len: 516)
updated maxmap 4: 36d (len: 516)
updated maxmap 5: 37c (len: 516)
[1;94m[*] [0mFuzzing test case #638 (1229 total, 0 uniq crashes found)...[0m
scheduled max input!!!!
schedule: 5 level19_1/ijon_max/5
updated maxmap 4: 381 (len: 516)
updated maxmap 5: 38b (len: 516)
[1;94m[*] [0mFuzzing test case #639 (1229 total, 0 uniq crashes found)...[0m
scheduled max input!!!!
schedule: 0 level19_1/ijon_max/0
[1;94m[*] [0mFuzzing test case #640 (1229 total, 0 uniq crashes found)...[0m
[1;94m[*] [0mFuzzing test case #641 (1229 total, 0 uniq crashes found)...[0m
scheduled max input!!!!
schedule: 9 level19_1/ijon_max/9
updated maxmap 9: 3de (len: 522)
[1;94m[*] [0mFuzzing test case #642 (1229 total, 0 uniq crashes found)...[0m
[1;94m[*] [0mFuzzing test case #643 (1229 total, 0 uniq crashes found)...[0m
scheduled max input!!!!
schedule: 0 level19_1/ijon_max/0
[1;94m[*] [0mFuzzing test case #644 (1229 total, 0 uniq crashes found)...[0m
scheduled max input!!!!
schedule: 9 level19_1/ijon_max/9
updated maxmap 9: 3df (len: 522)
[1;94m[*] [0mFuzzing test case #645 (1229 total, 0 uniq crashes found)...[0m
scheduled max input!!!!
schedule: 12 level19_1/ijon_max/12
[1;94m[*] [0mFuzzing test case #646 (1229 total, 0 uniq crashes found)...[0m
scheduled max input!!!!
schedule: 8 level19_1/ijon_max/8
[1;94m[*] [0mFuzzing test case #647 (1229 total, 0 uniq crashes found)...[0m
scheduled max input!!!!
schedule: 11 level19_1/ijon_max/11
updated maxmap 9: 3e4 (len: 526)
updated maxmap 10: 3eb (len: 526)
updated maxmap 11: 3e8 (len: 526)
[1;94m[*] [0mFuzzing test case #648 (1229 total, 0 uniq crashes found)...[0m
scheduled max input!!!!
schedule: 12 level19_1/ijon_max/12
[1;94m[*] [0mFuzzing test case #649 (1230 total, 0 uniq crashes found)...[0m
scheduled max input!!!!
schedule: 5 level19_1/ijon_max/5
updated maxmap 7: 3c4 (len: 516)
updated maxmap 3: 372 (len: 516)
updated maxmap 4: 384 (len: 516)
updated maxmap 5: 38e (len: 516)
[1;94m[*] [0mFuzzing test case #650 (1230 total, 0 uniq crashes found)...[0m
scheduled max input!!!!
schedule: 10 level19_1/ijon_max/10
updated maxmap 9: 3e8 (len: 526)
[1;94m[*] [0mFuzzing test case #651 (1230 total, 0 uniq crashes found)...[0m
scheduled max input!!!!
schedule: 5 level19_1/ijon_max/5
[1;94m[*] [0mFuzzing test case #652 (1230 total, 0 uniq crashes found)...[0m
[1;94m[*] [0mFuzzing test case #653 (1230 total, 0 uniq crashes found)...[0m
scheduled max input!!!!
schedule: 4 level19_1/ijon_max/4
updated maxmap 3: 373 (len: 516)
updated maxmap 4: 385 (len: 516)
updated maxmap 5: 38f (len: 516)
minimized maxmap 8: 3d2 (len: 516)
updated maxmap 3: 378 (len: 516)
[1;94m[*] [0mFuzzing test case #654 (1230 total, 0 uniq crashes found)...[0m
scheduled max input!!!!
schedule: 0 level19_1/ijon_max/0
[1;94m[*] [0mFuzzing test case #655 (1230 total, 0 uniq crashes found)...[0m
scheduled max input!!!!
schedule: 0 level19_1/ijon_max/0
[1;94m[*] [0mFuzzing test case #656 (1230 total, 0 uniq crashes found)...[0m
scheduled max input!!!!
schedule: 10 level19_1/ijon_max/10
[1;94m[*] [0mFuzzing test case #657 (1230 total, 0 uniq crashes found)...[0m
scheduled max input!!!!
schedule: 10 level19_1/ijon_max/10
updated maxmap 10: 3ee (len: 530)
updated maxmap 9: 3ef (len: 529)
updated maxmap 11: 3ea (len: 527)
[1;94m[*] [0mFuzzing test case #658 (1233 total, 0 uniq crashes found)...[0m
scheduled max input!!!!
schedule: 8 level19_1/ijon_max/8
[1;94m[*] [0mFuzzing test case #659 (1233 total, 0 uniq crashes found)...[0m
scheduled max input!!!!
schedule: 13 level19_1/ijon_max/13
[1;94m[*] [0mFuzzing test case #660 (1233 total, 0 uniq crashes found)...[0m
scheduled max input!!!!
schedule: 5 level19_1/ijon_max/5
[1;94m[*] [0mFuzzing test case #661 (1233 total, 0 uniq crashes found)...[0m
scheduled max input!!!!
schedule: 7 level19_1/ijon_max/7
[1;94m[*] [0mFuzzing test case #662 (1233 total, 0 uniq crashes found)...[0m
scheduled max input!!!!
schedule: 12 level19_1/ijon_max/12
[1;94m[*] [0mFuzzing test case #663 (1233 total, 0 uniq crashes found)...[0m
[1;94m[*] [0mFuzzing test case #664 (1233 total, 0 uniq crashes found)...[0m
scheduled max input!!!!
schedule: 5 level19_1/ijon_max/5
[1;94m[*] [0mFuzzing test case #665 (1233 total, 0 uniq crashes found)...[0m
[1;94m[*] [0mFuzzing test case #666 (1233 total, 0 uniq crashes found)...[0m
scheduled max input!!!!
schedule: 8 level19_1/ijon_max/8
[1;94m[*] [0mFuzzing test case #667 (1233 total, 0 uniq crashes found)...[0m
scheduled max input!!!!
schedule: 6 level19_1/ijon_max/6
updated maxmap 6: 3ba (len: 512)
[1;94m[*] [0mFuzzing test case #668 (1233 total, 0 uniq crashes found)...[0m
scheduled max input!!!!
schedule: 0 level19_1/ijon_max/0
[1;94m[*] [0mFuzzing test case #669 (1233 total, 0 uniq crashes found)...[0m
scheduled max input!!!!
schedule: 9 level19_1/ijon_max/9
updated maxmap 9: 3f0 (len: 529)
[1;94m[*] [0mFuzzing test case #670 (1233 total, 0 uniq crashes found)...[0m
scheduled max input!!!!
schedule: 15 level19_1/ijon_max/15
[1;94m[*] [0mFuzzing test case #671 (1233 total, 0 uniq crashes found)...[0m
[1;94m[*] [0mFuzzing test case #672 (1233 total, 0 uniq crashes found)...[0m
scheduled max input!!!!
schedule: 7 level19_1/ijon_max/7
[1;94m[*] [0mFuzzing test case #673 (1233 total, 0 uniq crashes found)...[0m
scheduled max input!!!!
schedule: 15 level19_1/ijon_max/15
[1;94m[*] [0mFuzzing test case #674 (1233 total, 0 uniq crashes found)...[0m
scheduled max input!!!!
schedule: 2 level19_1/ijon_max/2
[1;94m[*] [0mFuzzing test case #675 (1234 total, 0 uniq crashes found)...[0m
scheduled max input!!!!
schedule: 11 level19_1/ijon_max/11
[1;94m[*] [0mFuzzing test case #676 (1234 total, 0 uniq crashes found)...[0m
scheduled max input!!!!
schedule: 3 level19_1/ijon_max/3
[1;94m[*] [0mFuzzing test case #677 (1234 total, 0 uniq crashes found)...[0m
scheduled max input!!!!
schedule: 12 level19_1/ijon_max/12
[1;94m[*] [0mFuzzing test case #678 (1234 total, 0 uniq crashes found)...[0m
scheduled max input!!!!
schedule: 4 level19_1/ijon_max/4
[1;94m[*] [0mFuzzing test case #679 (1234 total, 0 uniq crashes found)...[0m
scheduled max input!!!!
schedule: 0 level19_1/ijon_max/0
[1;94m[*] [0mFuzzing test case #680 (1234 total, 0 uniq crashes found)...[0m
scheduled max input!!!!
schedule: 12 level19_1/ijon_max/12
[1;94m[*] [0mFuzzing test case #681 (1234 total, 0 uniq crashes found)...[0m
scheduled max input!!!!
schedule: 11 level19_1/ijon_max/11
[1;94m[*] [0mFuzzing test case #682 (1234 total, 0 uniq crashes found)...[0m
scheduled max input!!!!
schedule: 5 level19_1/ijon_max/5
[1;94m[*] [0mFuzzing test case #683 (1234 total, 0 uniq crashes found)...[0m
[1;94m[*] [0mFuzzing test case #684 (1234 total, 0 uniq crashes found)...[0m
scheduled max input!!!!
schedule: 12 level19_1/ijon_max/12
[1;94m[*] [0mFuzzing test case #685 (1234 total, 0 uniq crashes found)...[0m
[1;94m[*] [0mFuzzing test case #686 (1234 total, 0 uniq crashes found)...[0m
scheduled max input!!!!
schedule: 5 level19_1/ijon_max/5
[1;94m[*] [0mFuzzing test case #687 (1234 total, 0 uniq crashes found)...[0m
scheduled max input!!!!
schedule: 3 level19_1/ijon_max/3
[1;94m[*] [0mFuzzing test case #688 (1234 total, 0 uniq crashes found)...[0m
scheduled max input!!!!
schedule: 15 level19_1/ijon_max/15
[1;94m[*] [0mFuzzing test case #689 (1234 total, 0 uniq crashes found)...[0m
scheduled max input!!!!
schedule: 2 level19_1/ijon_max/2
updated maxmap 13: 329 (len: 516)
updated maxmap 14: 333 (len: 516)
updated maxmap 15: 33a (len: 516)
[1;94m[*] [0mFuzzing test case #690 (1235 total, 0 uniq crashes found)...[0m
scheduled max input!!!!
schedule: 15 level19_1/ijon_max/15
updated maxmap 15: 33b (len: 516)
[1;94m[*] [0mFuzzing test case #691 (1235 total, 0 uniq crashes found)...[0m
[1;94m[*] [0mFuzzing test case #692 (1235 total, 0 uniq crashes found)...[0m
[1;94m[*] [0mFuzzing test case #693 (1235 total, 0 uniq crashes found)...[0m
[1;94m[*] [0mFuzzing test case #694 (1235 total, 0 uniq crashes found)...[0m
[1;94m[*] [0mFuzzing test case #695 (1235 total, 0 uniq crashes found)...[0m
scheduled max input!!!!
schedule: 13 level19_1/ijon_max/13
[1;94m[*] [0mFuzzing test case #696 (1235 total, 0 uniq crashes found)...[0m
scheduled max input!!!!
schedule: 13 level19_1/ijon_max/13
updated maxmap 0: 33f (len: 520)
updated maxmap 15: 33d (len: 520)
[1;94m[*] [0mFuzzing test case #697 (1235 total, 0 uniq crashes found)...[0m
[1;94m[*] [0mFuzzing test case #698 (1235 total, 0 uniq crashes found)...[0m
scheduled max input!!!!
schedule: 12 level19_1/ijon_max/12
[1;94m[*] [0mFuzzing test case #699 (1235 total, 0 uniq crashes found)...[0m
scheduled max input!!!!
schedule: 3 level19_1/ijon_max/3
updated maxmap 3: 379 (len: 516)
[1;94m[*] [0mFuzzing test case #700 (1235 total, 0 uniq crashes found)...[0m
scheduled max input!!!!
schedule: 3 level19_1/ijon_max/3
[1;94m[*] [0mFuzzing test case #701 (1235 total, 0 uniq crashes found)...[0m
scheduled max input!!!!
schedule: 15 level19_1/ijon_max/15
[1;94m[*] [0mFuzzing test case #702 (1235 total, 0 uniq crashes found)...[0m
scheduled max input!!!!
schedule: 7 level19_1/ijon_max/7
[1;94m[*] [0mFuzzing test case #703 (1235 total, 0 uniq crashes found)...[0m
scheduled max input!!!!
schedule: 0 level19_1/ijon_max/0
[1;94m[*] [0mFuzzing test case #704 (1235 total, 0 uniq crashes found)...[0m
scheduled max input!!!!
schedule: 7 level19_1/ijon_max/7
[1;94m[*] [0mFuzzing test case #705 (1236 total, 0 uniq crashes found)...[0m
scheduled max input!!!!
schedule: 4 level19_1/ijon_max/4
[1;94m[*] [0mFuzzing test case #706 (1236 total, 0 uniq crashes found)...[0m
scheduled max input!!!!
schedule: 4 level19_1/ijon_max/4
updated maxmap 3: 37d (len: 518)
updated maxmap 4: 389 (len: 518)
updated maxmap 5: 393 (len: 518)
minimized maxmap 3: 37d (len: 516)
minimized maxmap 4: 389 (len: 516)
minimized maxmap 5: 393 (len: 516)
[1;94m[*] [0mFuzzing test case #707 (1236 total, 0 uniq crashes found)...[0m
scheduled max input!!!!
schedule: 14 level19_1/ijon_max/14
[1;94m[*] [0mFuzzing test case #708 (1236 total, 0 uniq crashes found)...[0m
scheduled max input!!!!
schedule: 12 level19_1/ijon_max/12
[1;94m[*] [0mFuzzing test case #709 (1236 total, 0 uniq crashes found)...[0m
scheduled max input!!!!
schedule: 6 level19_1/ijon_max/6
updated maxmap 6: 3c1 (len: 515)
[1;94m[*] [0mFuzzing test case #710 (1237 total, 0 uniq crashes found)...[0m
scheduled max input!!!!
schedule: 11 level19_1/ijon_max/11
[1;94m[*] [0mFuzzing test case #711 (1237 total, 0 uniq crashes found)...[0m
scheduled max input!!!!
schedule: 14 level19_1/ijon_max/14
minimized maxmap 0: 33f (len: 518)
[1;94m[*] [0mFuzzing test case #712 (1237 total, 0 uniq crashes found)...[0m
scheduled max input!!!!
schedule: 11 level19_1/ijon_max/11
[1;94m[*] [0mFuzzing test case #713 (1237 total, 0 uniq crashes found)...[0m
scheduled max input!!!!
schedule: 2 level19_1/ijon_max/2
[1;94m[*] [0mFuzzing test case #714 (1237 total, 0 uniq crashes found)...[0m
scheduled max input!!!!
schedule: 6 level19_1/ijon_max/6
updated maxmap 6: 3cd (len: 515)
updated maxmap 7: 3cc (len: 515)
updated maxmap 6: 3cf (len: 516)
[1;94m[*] [0mFuzzing test case #715 (1237 total, 0 uniq crashes found)...[0m
[1;94m[*] [0mFuzzing test case #716 (1237 total, 0 uniq crashes found)...[0m
[1;94m[*] [0mFuzzing test case #717 (1237 total, 0 uniq crashes found)...[0m
scheduled max input!!!!
schedule: 0 level19_1/ijon_max/0
updated maxmap 0: 340 (len: 518)
minimized maxmap 15: 33d (len: 518)
[1;94m[*] [0mFuzzing test case #718 (1237 total, 0 uniq crashes found)...[0m
scheduled max input!!!!
schedule: 11 level19_1/ijon_max/11
updated maxmap 11: 3eb (len: 532)
[1;94m[*] [0mFuzzing test case #719 (1237 total, 0 uniq crashes found)...[0m
scheduled max input!!!!
schedule: 15 level19_1/ijon_max/15
[1;94m[*] [0mFuzzing test case #720 (1237 total, 0 uniq crashes found)...[0m
scheduled max input!!!!
schedule: 3 level19_1/ijon_max/3
[1;94m[*] [0mFuzzing test case #721 (1237 total, 0 uniq crashes found)...[0m
[1;94m[*] [0mFuzzing test case #722 (1237 total, 0 uniq crashes found)...[0m
scheduled max input!!!!
schedule: 8 level19_1/ijon_max/8
[1;94m[*] [0mFuzzing test case #723 (1237 total, 0 uniq crashes found)...[0m
scheduled max input!!!!
schedule: 6 level19_1/ijon_max/6
updated maxmap 7: 3cf (len: 516)
[1;94m[*] [0mFuzzing test case #724 (1237 total, 0 uniq crashes found)...[0m
scheduled max input!!!!
schedule: 8 level19_1/ijon_max/8
[1;94m[*] [0mFuzzing test case #725 (1237 total, 0 uniq crashes found)...[0m
scheduled max input!!!!
schedule: 10 level19_1/ijon_max/10
[1;94m[*] [0mFuzzing test case #726 (1238 total, 0 uniq crashes found)...[0m
scheduled max input!!!!
schedule: 5 level19_1/ijon_max/5
[1;94m[*] [0mFuzzing test case #727 (1238 total, 0 uniq crashes found)...[0m
scheduled max input!!!!
schedule: 13 level19_1/ijon_max/13
[1;94m[*] [0mFuzzing test case #728 (1238 total, 0 uniq crashes found)...[0m
scheduled max input!!!!
schedule: 2 level19_1/ijon_max/2
[1;94m[*] [0mFuzzing test case #729 (1238 total, 0 uniq crashes found)...[0m
scheduled max input!!!!
schedule: 15 level19_1/ijon_max/15
[1;94m[*] [0mFuzzing test case #730 (1239 total, 0 uniq crashes found)...[0m
scheduled max input!!!!
schedule: 5 level19_1/ijon_max/5
updated maxmap 4: 38a (len: 516)
updated maxmap 5: 394 (len: 516)
[1;94m[*] [0mFuzzing test case #731 (1239 total, 0 uniq crashes found)...[0m
scheduled max input!!!!
schedule: 11 level19_1/ijon_max/11
[1;94m[*] [0mFuzzing test case #732 (1239 total, 0 uniq crashes found)...[0m
[1;94m[*] [0mFuzzing test case #733 (1239 total, 0 uniq crashes found)...[0m
scheduled max input!!!!
schedule: 0 level19_1/ijon_max/0
[1;94m[*] [0mFuzzing test case #734 (1239 total, 0 uniq crashes found)...[0m
scheduled max input!!!!
schedule: 0 level19_1/ijon_max/0
updated maxmap 12: 323 (len: 518)
[1;94m[*] [0mFuzzing test case #735 (1239 total, 0 uniq crashes found)...[0m
[1;94m[*] [0mFuzzing test case #736 (1239 total, 0 uniq crashes found)...[0m
scheduled max input!!!!
schedule: 11 level19_1/ijon_max/11
[1;94m[*] [0mFuzzing test case #737 (1239 total, 0 uniq crashes found)...[0m
scheduled max input!!!!
schedule: 15 level19_1/ijon_max/15
[1;94m[*] [0mFuzzing test case #738 (1240 total, 0 uniq crashes found)...[0m
scheduled max input!!!!
schedule: 8 level19_1/ijon_max/8
[1;94m[*] [0mFuzzing test case #739 (1240 total, 0 uniq crashes found)...[0m
[1;94m[*] [0mFuzzing test case #740 (1240 total, 0 uniq crashes found)...[0m
scheduled max input!!!!
schedule: 5 level19_1/ijon_max/5
[1;94m[*] [0mFuzzing test case #741 (1240 total, 0 uniq crashes found)...[0m
scheduled max input!!!!
schedule: 4 level19_1/ijon_max/4
[1;94m[*] [0mFuzzing test case #742 (1240 total, 0 uniq crashes found)...[0m
scheduled max input!!!!
schedule: 0 level19_1/ijon_max/0
[1;94m[*] [0mFuzzing test case #743 (1240 total, 0 uniq crashes found)...[0m
scheduled max input!!!!
schedule: 4 level19_1/ijon_max/4
[1;94m[*] [0mFuzzing test case #744 (1240 total, 0 uniq crashes found)...[0m
scheduled max input!!!!
schedule: 4 level19_1/ijon_max/4
[1;94m[*] [0mFuzzing test case #745 (1240 total, 0 uniq crashes found)...[0m
[1;94m[*] [0mFuzzing test case #746 (1240 total, 0 uniq crashes found)...[0m
scheduled max input!!!!
schedule: 14 level19_1/ijon_max/14
[1;94m[*] [0mFuzzing test case #747 (1240 total, 0 uniq crashes found)...[0m
[1;94m[*] [0mFuzzing test case #748 (1240 total, 0 uniq crashes found)...[0m
scheduled max input!!!!
schedule: 11 level19_1/ijon_max/11
updated maxmap 7: 40c (len: 540)
updated maxmap 8: 3fd (len: 540)
updated maxmap 9: 3f4 (len: 540)
updated maxmap 6: 40a (len: 539)
[1;94m[*] [0mFuzzing test case #749 (1241 total, 0 uniq crashes found)...[0m
scheduled max input!!!!
schedule: 10 level19_1/ijon_max/10
[1;94m[*] [0mFuzzing test case #750 (1241 total, 0 uniq crashes found)...[0m
scheduled max input!!!!
schedule: 2 level19_1/ijon_max/2
[1;94m[*] [0mFuzzing test case #751 (1241 total, 0 uniq crashes found)...[0m
[1;94m[*] [0mFuzzing test case #752 (1241 total, 0 uniq crashes found)...[0m
scheduled max input!!!!
schedule: 0 level19_1/ijon_max/0
[1;94m[*] [0mFuzzing test case #753 (1241 total, 0 uniq crashes found)...[0m
scheduled max input!!!!
schedule: 3 level19_1/ijon_max/3
updated maxmap 3: 37e (len: 516)
[1;94m[*] [0mFuzzing test case #754 (1241 total, 0 uniq crashes found)...[0m
[1;94m[*] [0mFuzzing test case #755 (1241 total, 0 uniq crashes found)...[0m
scheduled max input!!!!
schedule: 2 level19_1/ijon_max/2
[1;94m[*] [0mFuzzing test case #756 (1241 total, 0 uniq crashes found)...[0m
[1;94m[*] [0mFuzzing test case #757 (1241 total, 0 uniq crashes found)...[0m
[1;94m[*] [0mFuzzing test case #758 (1241 total, 0 uniq crashes found)...[0m
scheduled normal input!!!!
[1;94m[*] [0mFuzzing test case #759 (1241 total, 0 uniq crashes found)...[0m
scheduled max input!!!!
schedule: 8 level19_1/ijon_max/8
updated maxmap 9: 421 (len: 548)
updated maxmap 10: 414 (len: 548)
[1;94m[*] [0mFuzzing test case #760 (1242 total, 0 uniq crashes found)...[0m
scheduled max input!!!!
schedule: 4 level19_1/ijon_max/4
[1;94m[*] [0mFuzzing test case #761 (1242 total, 0 uniq crashes found)...[0m
scheduled max input!!!!
schedule: 4 level19_1/ijon_max/4
[1;94m[*] [0mFuzzing test case #762 (1242 total, 0 uniq crashes found)...[0m
scheduled max input!!!!
schedule: 14 level19_1/ijon_max/14
[1;94m[*] [0mFuzzing test case #763 (1242 total, 0 uniq crashes found)...[0m
scheduled max input!!!!
schedule: 3 level19_1/ijon_max/3
updated maxmap 3: 384 (len: 524)
updated maxmap 4: 391 (len: 524)
updated maxmap 5: 39b (len: 524)
[1;94m[*] [0mFuzzing test case #764 (1242 total, 0 uniq crashes found)...[0m
scheduled max input!!!!
schedule: 9 level19_1/ijon_max/9
updated maxmap 8: 40a (len: 548)
updated maxmap 10: 41c (len: 548)
[1;94m[*] [0mFuzzing test case #765 (1243 total, 0 uniq crashes found)...[0m
scheduled max input!!!!
schedule: 8 level19_1/ijon_max/8
updated maxmap 9: 423 (len: 550)
[1;94m[*] [0mFuzzing test case #766 (1244 total, 0 uniq crashes found)...[0m
scheduled max input!!!!
schedule: 6 level19_1/ijon_max/6
updated maxmap 11: 3ec (len: 539)
minimized maxmap 8: 40a (len: 539)
[1;94m[*] [0mFuzzing test case #767 (1244 total, 0 uniq crashes found)...[0m
[1;94m[*] [0mFuzzing test case #768 (1244 total, 0 uniq crashes found)...[0m
[1;94m[*] [0mFuzzing test case #769 (1244 total, 0 uniq crashes found)...[0m
scheduled max input!!!!
schedule: 4 level19_1/ijon_max/4
[1;94m[*] [0mFuzzing test case #770 (1244 total, 0 uniq crashes found)...[0m
scheduled max input!!!!
schedule: 15 level19_1/ijon_max/15
[1;94m[*] [0mFuzzing test case #771 (1244 total, 0 uniq crashes found)...[0m
scheduled max input!!!!
schedule: 12 level19_1/ijon_max/12
[1;94m[*] [0mFuzzing test case #772 (1244 total, 0 uniq crashes found)...[0m
scheduled max input!!!!
schedule: 0 level19_1/ijon_max/0
[1;94m[*] [0mFuzzing test case #773 (1244 total, 0 uniq crashes found)...[0m
scheduled max input!!!!
schedule: 15 level19_1/ijon_max/15
[1;94m[*] [0mFuzzing test case #774 (1244 total, 0 uniq crashes found)...[0m
scheduled max input!!!!
schedule: 3 level19_1/ijon_max/3
[1;94m[*] [0mFuzzing test case #775 (1244 total, 0 uniq crashes found)...[0m
scheduled max input!!!!
schedule: 14 level19_1/ijon_max/14
minimized maxmap 15: 33d (len: 517)
[1;94m[*] [0mFuzzing test case #776 (1244 total, 0 uniq crashes found)...[0m
scheduled max input!!!!
schedule: 13 level19_1/ijon_max/13
[1;94m[*] [0mFuzzing test case #777 (1244 total, 0 uniq crashes found)...[0m
scheduled max input!!!!
schedule: 11 level19_1/ijon_max/11
updated maxmap 11: 3ef (len: 541)
minimized maxmap 11: 3ef (len: 539)
updated maxmap 11: 3f0 (len: 539)
updated maxmap 6: 413 (len: 544)
updated maxmap 6: 41a (len: 546)
[1;94m[*] [0mFuzzing test case #778 (1253 total, 0 uniq crashes found)...[0m
scheduled max input!!!!
schedule: 12 level19_1/ijon_max/12
[1;94m[*] [0mFuzzing test case #779 (1253 total, 0 uniq crashes found)...[0m
scheduled max input!!!!
schedule: 4 level19_1/ijon_max/4
[1;94m[*] [0mFuzzing test case #780 (1253 total, 0 uniq crashes found)...[0m
scheduled max input!!!!
schedule: 8 level19_1/ijon_max/8
[1;94m[*] [0mFuzzing test case #781 (1254 total, 0 uniq crashes found)...[0m
scheduled max input!!!!
schedule: 13 level19_1/ijon_max/13
[1;94m[*] [0mFuzzing test case #782 (1254 total, 0 uniq crashes found)...[0m
scheduled max input!!!!
schedule: 9 level19_1/ijon_max/9
updated maxmap 9: 424 (len: 550)
updated maxmap 9: 425 (len: 550)
updated maxmap 10: 420 (len: 550)
[1;94m[*] [0mFuzzing test case #783 (1254 total, 0 uniq crashes found)...[0m
scheduled max input!!!!
schedule: 5 level19_1/ijon_max/5
[1;94m[*] [0mFuzzing test case #784 (1254 total, 0 uniq crashes found)...[0m
scheduled max input!!!!
schedule: 7 level19_1/ijon_max/7
[1;94m[*] [0mFuzzing test case #785 (1254 total, 0 uniq crashes found)...[0m
scheduled max input!!!!
schedule: 14 level19_1/ijon_max/14
[1;94m[*] [0mFuzzing test case #786 (1254 total, 0 uniq crashes found)...[0m
scheduled max input!!!!
schedule: 2 level19_1/ijon_max/2
[1;94m[*] [0mFuzzing test case #787 (1254 total, 0 uniq crashes found)...[0m
scheduled max input!!!!
schedule: 8 level19_1/ijon_max/8
updated maxmap 8: 40d (len: 541)
updated maxmap 8: 412 (len: 545)
[1;94m[*] [0mFuzzing test case #788 (1255 total, 0 uniq crashes found)...[0m
scheduled max input!!!!
schedule: 2 level19_1/ijon_max/2
[1;94m[*] [0mFuzzing test case #789 (1255 total, 0 uniq crashes found)...[0m
scheduled max input!!!!
schedule: 14 level19_1/ijon_max/14
[1;94m[*] [0mFuzzing test case #790 (1255 total, 0 uniq crashes found)...[0m
scheduled max input!!!!
schedule: 5 level19_1/ijon_max/5
[1;94m[*] [0mFuzzing test case #791 (1255 total, 0 uniq crashes found)...[0m
scheduled max input!!!!
schedule: 10 level19_1/ijon_max/10
updated maxmap 10: 421 (len: 550)
updated maxmap 10: 422 (len: 550)
updated maxmap 10: 429 (len: 553)
[1;94m[*] [0mFuzzing test case #792 (1256 total, 0 uniq crashes found)...[0m
scheduled max input!!!!
schedule: 9 level19_1/ijon_max/9
updated maxmap 9: 427 (len: 551)
[1;94m[*] [0mFuzzing test case #793 (1256 total, 0 uniq crashes found)...[0m
scheduled max input!!!!
schedule: 6 level19_1/ijon_max/6
updated maxmap 7: 41a (len: 546)
updated maxmap 9: 42b (len: 554)
[1;94m[*] [0mFuzzing test case #794 (1256 total, 0 uniq crashes found)...[0m
scheduled max input!!!!
schedule: 3 level19_1/ijon_max/3
[1;94m[*] [0mFuzzing test case #795 (1256 total, 0 uniq crashes found)...[0m
scheduled max input!!!!
schedule: 9 level19_1/ijon_max/9
updated maxmap 9: 42d (len: 554)
updated maxmap 10: 42f (len: 556)
[1;94m[*] [0mFuzzing test case #796 (1257 total, 0 uniq crashes found)...[0m
scheduled max input!!!!
schedule: 0 level19_1/ijon_max/0
[1;94m[*] [0mFuzzing test case #797 (1257 total, 0 uniq crashes found)...[0m
[1;94m[*] [0mFuzzing test case #798 (1257 total, 0 uniq crashes found)...[0m
scheduled max input!!!!
schedule: 13 level19_1/ijon_max/13
[1;94m[*] [0mFuzzing test case #799 (1257 total, 0 uniq crashes found)...[0m
scheduled max input!!!!
schedule: 7 level19_1/ijon_max/7
updated maxmap 8: 413 (len: 546)
updated maxmap 8: 415 (len: 546)
[1;94m[*] [0mFuzzing test case #800 (1257 total, 0 uniq crashes found)...[0m
scheduled max input!!!!
schedule: 8 level19_1/ijon_max/8
[1;94m[*] [0mFuzzing test case #801 (1257 total, 0 uniq crashes found)...[0m
[1;94m[*] [0mFuzzing test case #802 (1257 total, 0 uniq crashes found)...[0m
scheduled max input!!!!
schedule: 9 level19_1/ijon_max/9
updated maxmap 11: 416 (len: 554)
[1;94m[*] [0mFuzzing test case #803 (1258 total, 0 uniq crashes found)...[0m
scheduled max input!!!!
schedule: 2 level19_1/ijon_max/2
[1;94m[*] [0mFuzzing test case #804 (1258 total, 0 uniq crashes found)...[0m
scheduled max input!!!!
schedule: 2 level19_1/ijon_max/2
[1;94m[*] [0mFuzzing test case #805 (1258 total, 0 uniq crashes found)...[0m
scheduled max input!!!!
schedule: 11 level19_1/ijon_max/11
updated maxmap 9: 42e (len: 562)
updated maxmap 10: 438 (len: 562)
updated maxmap 11: 440 (len: 562)
[1;94m[*] [0mFuzzing test case #806 (1259 total, 0 uniq crashes found)...[0m
scheduled max input!!!!
schedule: 11 level19_1/ijon_max/11
updated maxmap 10: 446 (len: 565)
updated maxmap 9: 432 (len: 568)
updated maxmap 10: 44f (len: 568)
updated maxmap 11: 448 (len: 568)
minimized maxmap 9: 432 (len: 562)
[1;94m[*] [0mFuzzing test case #807 (1259 total, 0 uniq crashes found)...[0m
[1;94m[*] [0mFuzzing test case #808 (1259 total, 0 uniq crashes found)...[0m
[1;94m[*] [0mFuzzing test case #809 (1259 total, 0 uniq crashes found)...[0m
scheduled max input!!!!
schedule: 0 level19_1/ijon_max/0
[1;94m[*] [0mFuzzing test case #810 (1259 total, 0 uniq crashes found)...[0m
scheduled max input!!!!
schedule: 6 level19_1/ijon_max/6
updated maxmap 8: 41a (len: 546)
updated maxmap 6: 41b (len: 546)
updated maxmap 6: 425 (len: 550)
[1;94m[*] [0mFuzzing test case #811 (1259 total, 0 uniq crashes found)...[0m
scheduled max input!!!!
schedule: 2 level19_1/ijon_max/2
[1;94m[*] [0mFuzzing test case #812 (1259 total, 0 uniq crashes found)...[0m
scheduled max input!!!!
schedule: 2 level19_1/ijon_max/2
[1;94m[*] [0mFuzzing test case #813 (1259 total, 0 uniq crashes found)...[0m
scheduled max input!!!!
schedule: 14 level19_1/ijon_max/14
[1;94m[*] [0mFuzzing test case #814 (1259 total, 0 uniq crashes found)...[0m
scheduled max input!!!!
schedule: 4 level19_1/ijon_max/4
[1;94m[*] [0mFuzzing test case #815 (1259 total, 0 uniq crashes found)...[0m
scheduled max input!!!!
schedule: 2 level19_1/ijon_max/2
[1;94m[*] [0mFuzzing test case #816 (1259 total, 0 uniq crashes found)...[0m
scheduled max input!!!!
schedule: 14 level19_1/ijon_max/14
[1;94m[*] [0mFuzzing test case #817 (1259 total, 0 uniq crashes found)...[0m
[1;94m[*] [0mFuzzing test case #818 (1259 total, 0 uniq crashes found)...[0m
scheduled max input!!!!
schedule: 8 level19_1/ijon_max/8
updated maxmap 2: 329 (len: 546)
updated maxmap 7: 41b (len: 546)
updated maxmap 8: 41e (len: 546)
[1;94m[*] [0mFuzzing test case #819 (1261 total, 0 uniq crashes found)...[0m
scheduled max input!!!!
schedule: 0 level19_1/ijon_max/0
[1;94m[*] [0mFuzzing test case #820 (1261 total, 0 uniq crashes found)...[0m
scheduled max input!!!!
schedule: 6 level19_1/ijon_max/6
updated maxmap 8: 41f (len: 550)
[1;94m[*] [0mFuzzing test case #821 (1263 total, 0 uniq crashes found)...[0m
scheduled max input!!!!
schedule: 14 level19_1/ijon_max/14
[1;94m[*] [0mFuzzing test case #822 (1264 total, 0 uniq crashes found)...[0m
[1;94m[*] [0mFuzzing test case #823 (1264 total, 0 uniq crashes found)...[0m
scheduled max input!!!!
schedule: 6 level19_1/ijon_max/6
updated maxmap 8: 422 (len: 550)
[1;94m[*] [0mFuzzing test case #824 (1264 total, 0 uniq crashes found)...[0m
scheduled max input!!!!
schedule: 2 level19_1/ijon_max/2
updated maxmap 7: 41c (len: 546)
[1;94m[*] [0mFuzzing test case #825 (1264 total, 0 uniq crashes found)...[0m
[1;94m[*] [0mFuzzing test case #826 (1264 total, 0 uniq crashes found)...[0m
scheduled max input!!!!
schedule: 13 level19_1/ijon_max/13
[1;94m[*] [0mFuzzing test case #827 (1264 total, 0 uniq crashes found)...[0m
scheduled max input!!!!
schedule: 0 level19_1/ijon_max/0
[1;94m[*] [0mFuzzing test case #828 (1264 total, 0 uniq crashes found)...[0m
[1;94m[*] [0mFuzzing test case #829 (1264 total, 0 uniq crashes found)...[0m
[1;94m[*] [0mFuzzing test case #830 (1264 total, 0 uniq crashes found)...[0m
scheduled max input!!!!
schedule: 0 level19_1/ijon_max/0
[1;94m[*] [0mFuzzing test case #831 (1264 total, 0 uniq crashes found)...[0m
scheduled max input!!!!
schedule: 11 level19_1/ijon_max/11
updated maxmap 9: 44d (len: 568)
updated maxmap 11: 44d (len: 576)
[1;94m[*] [0mFuzzing test case #832 (1265 total, 0 uniq crashes found)...[0m
[1;94m[*] [0mFuzzing test case #833 (1265 total, 0 uniq crashes found)...[0m
scheduled max input!!!!
schedule: 7 level19_1/ijon_max/7
[1;94m[*] [0mFuzzing test case #834 (1265 total, 0 uniq crashes found)...[0m
scheduled max input!!!!
schedule: 12 level19_1/ijon_max/12
[1;94m[*] [0mFuzzing test case #835 (1265 total, 0 uniq crashes found)...[0m
scheduled max input!!!!
schedule: 5 level19_1/ijon_max/5
[1;94m[*] [0mFuzzing test case #836 (1265 total, 0 uniq crashes found)...[0m
scheduled max input!!!!
schedule: 10 level19_1/ijon_max/10
updated maxmap 9: 450 (len: 568)
[1;94m[*] [0mFuzzing test case #837 (1265 total, 0 uniq crashes found)...[0m
scheduled max input!!!!
schedule: 9 level19_1/ijon_max/9
[1;94m[*] [0mFuzzing test case #838 (1265 total, 0 uniq crashes found)...[0m
scheduled max input!!!!
schedule: 12 level19_1/ijon_max/12
[1;94m[*] [0mFuzzing test case #839 (1265 total, 0 uniq crashes found)...[0m
scheduled max input!!!!
schedule: 14 level19_1/ijon_max/14
[1;94m[*] [0mFuzzing test case #840 (1265 total, 0 uniq crashes found)...[0m
[1;94m[*] [0mFuzzing test case #841 (1265 total, 0 uniq crashes found)...[0m
scheduled max input!!!!
schedule: 12 level19_1/ijon_max/12
[1;94m[*] [0mFuzzing test case #842 (1265 total, 0 uniq crashes found)...[0m
[1;94m[*] [0mFuzzing test case #843 (1265 total, 0 uniq crashes found)...[0m
scheduled max input!!!!
schedule: 15 level19_1/ijon_max/15
[1;94m[*] [0mFuzzing test case #844 (1265 total, 0 uniq crashes found)...[0m
scheduled max input!!!!
schedule: 0 level19_1/ijon_max/0
[1;94m[*] [0mFuzzing test case #845 (1265 total, 0 uniq crashes found)...[0m
scheduled max input!!!!
schedule: 14 level19_1/ijon_max/14
[1;94m[*] [0mFuzzing test case #846 (1265 total, 0 uniq crashes found)...[0m
scheduled max input!!!!
schedule: 3 level19_1/ijon_max/3
updated maxmap 3: 385 (len: 525)
minimized maxmap 3: 385 (len: 524)
[1;94m[*] [0mFuzzing test case #847 (1265 total, 0 uniq crashes found)...[0m
scheduled max input!!!!
schedule: 0 level19_1/ijon_max/0
[1;94m[*] [0mFuzzing test case #848 (1265 total, 0 uniq crashes found)...[0m
scheduled max input!!!!
schedule: 0 level19_1/ijon_max/0
[1;94m[*] [0mFuzzing test case #849 (1265 total, 0 uniq crashes found)...[0m
scheduled max input!!!!
schedule: 10 level19_1/ijon_max/10
updated maxmap 8: 45c (len: 573)
updated maxmap 10: 450 (len: 568)
updated maxmap 10: 451 (len: 568)
updated maxmap 8: 464 (len: 575)
updated maxmap 9: 461 (len: 575)
updated maxmap 10: 457 (len: 575)
updated maxmap 11: 450 (len: 575)
minimized maxmap 11: 450 (len: 568)
updated maxmap 11: 452 (len: 570)
minimized maxmap 11: 452 (len: 568)
updated maxmap 10: 458 (len: 571)
updated maxmap 11: 456 (len: 571)
updated maxmap 6: 465 (len: 576)
updated maxmap 7: 463 (len: 576)
updated maxmap 11: 459 (len: 573)
[1;94m[*] [0mFuzzing test case #850 (1273 total, 0 uniq crashes found)...[0m
scheduled max input!!!!
schedule: 15 level19_1/ijon_max/15
[1;94m[*] [0mFuzzing test case #851 (1273 total, 0 uniq crashes found)...[0m
scheduled max input!!!!
schedule: 14 level19_1/ijon_max/14
[1;94m[*] [0mFuzzing test case #852 (1273 total, 0 uniq crashes found)...[0m
scheduled max input!!!!
schedule: 5 level19_1/ijon_max/5
updated maxmap 3: 387 (len: 524)
[1;94m[*] [0mFuzzing test case #853 (1273 total, 0 uniq crashes found)...[0m
scheduled max input!!!!
schedule: 10 level19_1/ijon_max/10
updated maxmap 10: 45a (len: 579)
[1;94m[*] [0mFuzzing test case #854 (1273 total, 0 uniq crashes found)...[0m
scheduled max input!!!!
schedule: 5 level19_1/ijon_max/5
updated maxmap 3: 388 (len: 524)
updated maxmap 4: 392 (len: 524)
updated maxmap 5: 39c (len: 524)
updated maxmap 3: 393 (len: 525)
updated maxmap 4: 39a (len: 525)
updated maxmap 5: 3a4 (len: 525)
minimized maxmap 3: 393 (len: 524)
updated maxmap 4: 39b (len: 524)
updated maxmap 5: 3a5 (len: 524)
updated maxmap 3: 394 (len: 524)
updated maxmap 3: 395 (len: 524)
updated maxmap 4: 39c (len: 524)
updated maxmap 5: 3a6 (len: 524)
[1;94m[*] [0mFuzzing test case #855 (1273 total, 0 uniq crashes found)...[0m
scheduled max input!!!!
schedule: 13 level19_1/ijon_max/13
[1;94m[*] [0mFuzzing test case #856 (1273 total, 0 uniq crashes found)...[0m
[1;94m[*] [0mFuzzing test case #857 (1273 total, 0 uniq crashes found)...[0m
scheduled max input!!!!
schedule: 3 level19_1/ijon_max/3
[1;94m[*] [0mFuzzing test case #858 (1273 total, 0 uniq crashes found)...[0m
scheduled max input!!!!
schedule: 6 level19_1/ijon_max/6
updated maxmap 10: 46a (len: 578)
updated maxmap 6: 466 (len: 576)
updated maxmap 7: 464 (len: 576)
updated maxmap 9: 46b (len: 583)
updated maxmap 10: 475 (len: 583)
[1;94m[*] [0mFuzzing test case #859 (1274 total, 0 uniq crashes found)...[0m
[1;94m[*] [0mFuzzing test case #860 (1274 total, 0 uniq crashes found)...[0m
[1;94m[*] [0mFuzzing test case #861 (1274 total, 0 uniq crashes found)...[0m
scheduled max input!!!!
schedule: 6 level19_1/ijon_max/6
updated maxmap 7: 465 (len: 576)
updated maxmap 7: 466 (len: 576)
updated maxmap 6: 467 (len: 576)
updated maxmap 6: 46b (len: 580)
updated maxmap 7: 469 (len: 580)
[1;94m[*] [0mFuzzing test case #862 (1275 total, 0 uniq crashes found)...[0m
[1;94m[*] [0mFuzzing test case #863 (1275 total, 0 uniq crashes found)...[0m
scheduled max input!!!!
schedule: 12 level19_1/ijon_max/12
[1;94m[*] [0mFuzzing test case #864 (1275 total, 0 uniq crashes found)...[0m
scheduled max input!!!!
schedule: 5 level19_1/ijon_max/5
[1;94m[*] [0mFuzzing test case #865 (1275 total, 0 uniq crashes found)...[0m
scheduled max input!!!!
schedule: 8 level19_1/ijon_max/8
updated maxmap 8: 46d (len: 580)
minimized maxmap 9: 46b (len: 580)
updated maxmap 11: 45b (len: 575)
updated maxmap 11: 45c (len: 575)
[1;94m[*] [0mFuzzing test case #866 (1275 total, 0 uniq crashes found)...[0m
scheduled max input!!!!
schedule: 14 level19_1/ijon_max/14
[1;94m[*] [0mFuzzing test case #867 (1275 total, 0 uniq crashes found)...[0m
scheduled max input!!!!
schedule: 10 level19_1/ijon_max/10
updated maxmap 9: 46d (len: 583)
updated maxmap 10: 477 (len: 583)
[1;94m[*] [0mFuzzing test case #868 (1275 total, 0 uniq crashes found)...[0m
scheduled max input!!!!
schedule: 13 level19_1/ijon_max/13
[1;94m[*] [0mFuzzing test case #869 (1275 total, 0 uniq crashes found)...[0m
scheduled max input!!!!
schedule: 9 level19_1/ijon_max/9
updated maxmap 11: 47f (len: 587)
updated maxmap 6: 473 (len: 583)
updated maxmap 7: 471 (len: 583)
updated maxmap 6: 476 (len: 583)
updated maxmap 7: 474 (len: 583)
[1;94m[*] [0mFuzzing test case #870 (1276 total, 0 uniq crashes found)...[0m
scheduled max input!!!!
schedule: 10 level19_1/ijon_max/10
updated maxmap 6: 479 (len: 586)
updated maxmap 7: 476 (len: 586)
[1;94m[*] [0mFuzzing test case #871 (1276 total, 0 uniq crashes found)...[0m
scheduled max input!!!!
schedule: 11 level19_1/ijon_max/11
updated maxmap 10: 47e (len: 587)
[1;94m[*] [0mFuzzing test case #872 (1276 total, 0 uniq crashes found)...[0m
scheduled max input!!!!
schedule: 9 level19_1/ijon_max/9
updated maxmap 9: 46e (len: 583)
[1;94m[*] [0mFuzzing test case #873 (1278 total, 0 uniq crashes found)...[0m
scheduled max input!!!!
schedule: 12 level19_1/ijon_max/12
[1;94m[*] [0mFuzzing test case #874 (1278 total, 0 uniq crashes found)...[0m
scheduled max input!!!!
schedule: 15 level19_1/ijon_max/15
[1;94m[*] [0mFuzzing test case #875 (1278 total, 0 uniq crashes found)...[0m
scheduled max input!!!!
schedule: 14 level19_1/ijon_max/14
[1;94m[*] [0mFuzzing test case #876 (1278 total, 0 uniq crashes found)...[0m
scheduled max input!!!!
schedule: 4 level19_1/ijon_max/4
[1;94m[*] [0mFuzzing test case #877 (1278 total, 0 uniq crashes found)...[0m
[1;94m[*] [0mFuzzing test case #878 (1278 total, 0 uniq crashes found)...[0m
scheduled max input!!!!
schedule: 2 level19_1/ijon_max/2
[1;94m[*] [0mFuzzing test case #879 (1278 total, 0 uniq crashes found)...[0m
scheduled max input!!!!
schedule: 12 level19_1/ijon_max/12
[1;94m[*] [0mFuzzing test case #880 (1278 total, 0 uniq crashes found)...[0m
scheduled max input!!!!
schedule: 6 level19_1/ijon_max/6
updated maxmap 6: 47d (len: 586)
updated maxmap 7: 47a (len: 586)
updated maxmap 7: 47c (len: 586)
[1;94m[*] [0mFuzzing test case #881 (1278 total, 0 uniq crashes found)...[0m
[1;94m[*] [0mFuzzing test case #882 (1278 total, 0 uniq crashes found)...[0m
scheduled max input!!!!
schedule: 6 level19_1/ijon_max/6
[1;94m[*] [0mFuzzing test case #883 (1278 total, 0 uniq crashes found)...[0m
[1;94m[*] [0mFuzzing test case #884 (1278 total, 0 uniq crashes found)...[0m
scheduled max input!!!!
schedule: 12 level19_1/ijon_max/12
[1;94m[*] [0mFuzzing test case #885 (1278 total, 0 uniq crashes found)...[0m
scheduled max input!!!!
schedule: 12 level19_1/ijon_max/12
[1;94m[*] [0mFuzzing test case #886 (1278 total, 0 uniq crashes found)...[0m
scheduled max input!!!!
schedule: 5 level19_1/ijon_max/5
[1;94m[*] [0mFuzzing test case #887 (1278 total, 0 uniq crashes found)...[0m
scheduled max input!!!!
schedule: 11 level19_1/ijon_max/11
updated maxmap 9: 476 (len: 591)
updated maxmap 10: 480 (len: 591)
updated maxmap 11: 48a (len: 591)
minimized maxmap 9: 476 (len: 587)
minimized maxmap 10: 480 (len: 587)
[1;94m[*] [0mFuzzing test case #888 (1279 total, 0 uniq crashes found)...[0m
[1;94m[*] [0mFuzzing test case #889 (1279 total, 0 uniq crashes found)...[0m
[1;94m[*] [0mFuzzing test case #890 (1279 total, 0 uniq crashes found)...[0m
scheduled max input!!!!
schedule: 4 level19_1/ijon_max/4
[1;94m[*] [0mFuzzing test case #891 (1279 total, 0 uniq crashes found)...[0m
scheduled max input!!!!
schedule: 6 level19_1/ijon_max/6
updated maxmap 8: 47e (len: 593)
updated maxmap 6: 483 (len: 589)
[1;94m[*] [0mFuzzing test case #892 (1279 total, 0 uniq crashes found)...[0m
scheduled max input!!!!
schedule: 9 level19_1/ijon_max/9
updated maxmap 9: 477 (len: 587)
updated maxmap 10: 481 (len: 587)
[1;94m[*] [0mFuzzing test case #893 (1279 total, 0 uniq crashes found)...[0m
scheduled max input!!!!
schedule: 10 level19_1/ijon_max/10
[1;94m[*] [0mFuzzing test case #894 (1279 total, 0 uniq crashes found)...[0m
scheduled max input!!!!
schedule: 7 level19_1/ijon_max/7
updated maxmap 9: 47e (len: 594)
updated maxmap 7: 47d (len: 586)
updated maxmap 7: 47f (len: 587)
[1;94m[*] [0mFuzzing test case #895 (1279 total, 0 uniq crashes found)...[0m
scheduled max input!!!!
schedule: 8 level19_1/ijon_max/8
updated maxmap 7: 48a (len: 593)
updated maxmap 8: 480 (len: 593)
updated maxmap 7: 48b (len: 593)
updated maxmap 8: 481 (len: 593)
[1;94m[*] [0mFuzzing test case #896 (1279 total, 0 uniq crashes found)...[0m
[1;94m[*] [0mFuzzing test case #897 (1279 total, 0 uniq crashes found)...[0m
[1;94m[*] [0mFuzzing test case #898 (1279 total, 0 uniq crashes found)...[0m
[1;94m[*] [0mFuzzing test case #899 (1279 total, 0 uniq crashes found)...[0m
scheduled max input!!!!
schedule: 5 level19_1/ijon_max/5
[1;94m[*] [0mFuzzing test case #900 (1279 total, 0 uniq crashes found)...[0m
[1;94m[*] [0mFuzzing test case #901 (1279 total, 0 uniq crashes found)...[0m
scheduled max input!!!!
schedule: 3 level19_1/ijon_max/3
[1;94m[*] [0mFuzzing test case #902 (1279 total, 0 uniq crashes found)...[0m
scheduled max input!!!!
schedule: 9 level19_1/ijon_max/9
updated maxmap 9: 481 (len: 595)
updated maxmap 9: 493 (len: 602)
updated maxmap 10: 490 (len: 602)
updated maxmap 8: 491 (len: 594)
updated maxmap 8: 499 (len: 598)
[1;94m[*] [0mFuzzing test case #903 (1281 total, 0 uniq crashes found)...[0m
[1;94m[*] [0mFuzzing test case #904 (1281 total, 0 uniq crashes found)...[0m
[1;94m[*] [0mFuzzing test case #905 (1281 total, 0 uniq crashes found)...[0m
scheduled max input!!!!
schedule: 9 level19_1/ijon_max/9
updated maxmap 10: 497 (len: 602)
updated maxmap 11: 49f (len: 602)
updated maxmap 9: 494 (len: 602)
updated maxmap 9: 497 (len: 602)
updated maxmap 9: 498 (len: 602)
[1;94m[*] [0mFuzzing test case #906 (1282 total, 0 uniq crashes found)...[0m
scheduled max input!!!!
schedule: 7 level19_1/ijon_max/7
[1;94m[*] [0mFuzzing test case #907 (1282 total, 0 uniq crashes found)...[0m
scheduled max input!!!!
schedule: 3 level19_1/ijon_max/3
[1;94m[*] [0mFuzzing test case #908 (1282 total, 0 uniq crashes found)...[0m
scheduled max input!!!!
schedule: 0 level19_1/ijon_max/0
[1;94m[*] [0mFuzzing test case #909 (1282 total, 0 uniq crashes found)...[0m
scheduled max input!!!!
schedule: 12 level19_1/ijon_max/12
[1;94m[*] [0mFuzzing test case #910 (1282 total, 0 uniq crashes found)...[0m
scheduled max input!!!!
schedule: 9 level19_1/ijon_max/9
updated maxmap 8: 4a5 (len: 602)
updated maxmap 7: 4a5 (len: 602)
updated maxmap 7: 4b1 (len: 607)
updated maxmap 9: 49c (len: 604)
updated maxmap 10: 499 (len: 604)
minimized maxmap 10: 499 (len: 602)
updated maxmap 9: 49f (len: 602)
updated maxmap 10: 49e (len: 602)
updated maxmap 11: 4a1 (len: 602)
updated maxmap 9: 4a0 (len: 602)
[1;94m[*] [0mFuzzing test case #911 (1283 total, 0 uniq crashes found)...[0m
[1;94m[*] [0mFuzzing test case #912 (1283 total, 0 uniq crashes found)...[0m
[1;94m[*] [0mFuzzing test case #913 (1283 total, 0 uniq crashes found)...[0m
scheduled max input!!!!
schedule: 8 level19_1/ijon_max/8
updated maxmap 8: 4a6 (len: 602)
updated maxmap 8: 4a7 (len: 602)
updated maxmap 9: 4a9 (len: 611)
[1;94m[*] [0mFuzzing test case #914 (1284 total, 0 uniq crashes found)...[0m
scheduled max input!!!!
schedule: 3 level19_1/ijon_max/3
[1;94m[*] [0mFuzzing test case #915 (1284 total, 0 uniq crashes found)...[0m
[1;94m[*] [0mFuzzing test case #916 (1284 total, 0 uniq crashes found)...[0m
scheduled max input!!!!
schedule: 9 level19_1/ijon_max/9
updated maxmap 10: 4a9 (len: 611)
updated maxmap 8: 4a9 (len: 611)
updated maxmap 9: 4ac (len: 611)
updated maxmap 9: 4b3 (len: 618)
updated maxmap 10: 4bd (len: 618)
updated maxmap 8: 4aa (len: 611)
updated maxmap 8: 4b4 (len: 616)
updated maxmap 9: 4b7 (len: 616)
updated maxmap 8: 4b5 (len: 616)
[1;94m[*] [0mFuzzing test case #917 (1286 total, 0 uniq crashes found)...[0m
scheduled max input!!!!
schedule: 8 level19_1/ijon_max/8
updated maxmap 9: 4b8 (len: 616)
updated maxmap 8: 4b6 (len: 616)
updated maxmap 8: 4c0 (len: 623)
updated maxmap 9: 4c7 (len: 623)
updated maxmap 8: 4c2 (len: 622)
[1;94m[*] [0mFuzzing test case #918 (1288 total, 0 uniq crashes found)...[0m
scheduled max input!!!!
schedule: 2 level19_1/ijon_max/2
updated maxmap 2: 32a (len: 546)
[1;94m[*] [0mFuzzing test case #919 (1288 total, 0 uniq crashes found)...[0m
scheduled max input!!!!
schedule: 3 level19_1/ijon_max/3
updated maxmap 3: 39c (len: 528)
updated maxmap 4: 3a3 (len: 528)
updated maxmap 5: 3ad (len: 528)
minimized maxmap 4: 3a3 (len: 524)
minimized maxmap 5: 3ad (len: 524)
minimized maxmap 3: 39c (len: 524)
[1;94m[*] [0mFuzzing test case #920 (1289 total, 0 uniq crashes found)...[0m
scheduled max input!!!!
schedule: 7 level19_1/ijon_max/7
[1;94m[*] [0mFuzzing test case #921 (1290 total, 0 uniq crashes found)...[0m
scheduled max input!!!!
schedule: 9 level19_1/ijon_max/9
updated maxmap 9: 4c8 (len: 624)
[1;94m[*] [0mFuzzing test case #922 (1290 total, 0 uniq crashes found)...[0m
scheduled max input!!!!
schedule: 6 level19_1/ijon_max/6
updated maxmap 6: 484 (len: 589)
[1;94m[*] [0mFuzzing test case #923 (1290 total, 0 uniq crashes found)...[0m
scheduled max input!!!!
schedule: 4 level19_1/ijon_max/4
[1;94m[*] [0mFuzzing test case #924 (1290 total, 0 uniq crashes found)...[0m
scheduled max input!!!!
schedule: 8 level19_1/ijon_max/8
updated maxmap 9: 4cb (len: 628)
updated maxmap 10: 4c5 (len: 628)
updated maxmap 11: 4bf (len: 628)
updated maxmap 8: 4c3 (len: 622)
updated maxmap 9: 4cc (len: 629)
updated maxmap 10: 4d6 (len: 629)
updated maxmap 8: 4c7 (len: 624)
updated maxmap 9: 4d2 (len: 630)
updated maxmap 11: 4c9 (len: 630)
updated maxmap 11: 4d0 (len: 628)
updated maxmap 11: 4d4 (len: 629)
minimized maxmap 8: 4c7 (len: 623)
updated maxmap 11: 4d9 (len: 630)
[1;94m[*] [0mFuzzing test case #925 (1297 total, 0 uniq crashes found)...[0m
scheduled max input!!!!
schedule: 0 level19_1/ijon_max/0
[1;94m[*] [0mFuzzing test case #926 (1297 total, 0 uniq crashes found)...[0m
scheduled max input!!!!
schedule: 10 level19_1/ijon_max/10
updated maxmap 10: 4d7 (len: 629)
updated maxmap 9: 4e9 (len: 637)
updated maxmap 10: 4df (len: 637)
[1;94m[*] [0mFuzzing test case #927 (1297 total, 0 uniq crashes found)...[0m
scheduled max input!!!!
schedule: 2 level19_1/ijon_max/2
[1;94m[*] [0mFuzzing test case #928 (1297 total, 0 uniq crashes found)...[0m
scheduled max input!!!!
schedule: 0 level19_1/ijon_max/0
[1;94m[*] [0mFuzzing test case #929 (1297 total, 0 uniq crashes found)...[0m
[1;94m[*] [0mFuzzing test case #930 (1297 total, 0 uniq crashes found)...[0m
scheduled max input!!!!
schedule: 5 level19_1/ijon_max/5
[1;94m[*] [0mFuzzing test case #931 (1297 total, 0 uniq crashes found)...[0m
scheduled max input!!!!
schedule: 15 level19_1/ijon_max/15
[1;94m[*] [0mFuzzing test case #932 (1297 total, 0 uniq crashes found)...[0m
scheduled max input!!!!
schedule: 0 level19_1/ijon_max/0
[1;94m[*] [0mFuzzing test case #933 (1297 total, 0 uniq crashes found)...[0m
[1;94m[*] [0mFuzzing test case #934 (1297 total, 0 uniq crashes found)...[0m
[1;94m[*] [0mFuzzing test case #935 (1297 total, 0 uniq crashes found)...[0m
scheduled max input!!!!
schedule: 4 level19_1/ijon_max/4
[1;94m[*] [0mFuzzing test case #936 (1297 total, 0 uniq crashes found)...[0m
scheduled max input!!!!
schedule: 6 level19_1/ijon_max/6
[1;94m[*] [0mFuzzing test case #937 (1297 total, 0 uniq crashes found)...[0m
scheduled max input!!!!
schedule: 3 level19_1/ijon_max/3
[1;94m[*] [0mFuzzing test case #938 (1297 total, 0 uniq crashes found)...[0m
scheduled max input!!!!
schedule: 2 level19_1/ijon_max/2
[1;94m[*] [0mFuzzing test case #939 (1297 total, 0 uniq crashes found)...[0m
scheduled max input!!!!
schedule: 8 level19_1/ijon_max/8
[1;94m[*] [0mFuzzing test case #940 (1297 total, 0 uniq crashes found)...[0m
scheduled max input!!!!
schedule: 14 level19_1/ijon_max/14
[1;94m[*] [0mFuzzing test case #941 (1297 total, 0 uniq crashes found)...[0m
scheduled max input!!!!
schedule: 5 level19_1/ijon_max/5
[1;94m[*] [0mFuzzing test case #942 (1297 total, 0 uniq crashes found)...[0m
scheduled max input!!!!
schedule: 4 level19_1/ijon_max/4
[1;94m[*] [0mFuzzing test case #943 (1297 total, 0 uniq crashes found)...[0m
scheduled normal input!!!!
[1;94m[*] [0mFuzzing test case #944 (1297 total, 0 uniq crashes found)...[0m
scheduled max input!!!!
schedule: 7 level19_1/ijon_max/7
updated maxmap 7: 4b3 (len: 609)
[1;94m[*] [0mFuzzing test case #945 (1297 total, 0 uniq crashes found)...[0m
scheduled max input!!!!
schedule: 2 level19_1/ijon_max/2
[1;94m[*] [0mFuzzing test case #946 (1297 total, 0 uniq crashes found)...[0m
[1;94m[*] [0mFuzzing test case #947 (1297 total, 0 uniq crashes found)...[0m
scheduled max input!!!!
schedule: 12 level19_1/ijon_max/12
[1;94m[*] [0mFuzzing test case #948 (1297 total, 0 uniq crashes found)...[0m
[1;94m[*] [0mFuzzing test case #949 (1297 total, 0 uniq crashes found)...[0m
scheduled max input!!!!
schedule: 8 level19_1/ijon_max/8
[1;94m[*] [0mFuzzing test case #950 (1297 total, 0 uniq crashes found)...[0m
scheduled max input!!!!
schedule: 9 level19_1/ijon_max/9
updated maxmap 9: 4f2 (len: 641)
updated maxmap 10: 4e3 (len: 641)
updated maxmap 11: 4dc (len: 641)
minimized maxmap 10: 4e3 (len: 637)
minimized maxmap 11: 4dc (len: 637)
updated maxmap 8: 4e9 (len: 637)
updated maxmap 8: 4ed (len: 644)
updated maxmap 9: 4f7 (len: 644)
updated maxmap 10: 4fa (len: 644)
updated maxmap 11: 4e0 (len: 637)
updated maxmap 8: 4f4 (len: 643)
[1;94m[*] [0mFuzzing test case #951 (1299 total, 0 uniq crashes found)...[0m
scheduled max input!!!!
schedule: 3 level19_1/ijon_max/3
[1;94m[*] [0mFuzzing test case #952 (1299 total, 0 uniq crashes found)...[0m
scheduled max input!!!!
schedule: 10 level19_1/ijon_max/10
updated maxmap 9: 4f8 (len: 644)
updated maxmap 11: 4e5 (len: 644)
updated maxmap 9: 4fa (len: 645)
updated maxmap 10: 4fc (len: 645)
minimized maxmap 9: 4fa (len: 644)
updated maxmap 8: 4fb (len: 644)
updated maxmap 7: 4f5 (len: 644)
updated maxmap 9: 4fc (len: 646)
updated maxmap 10: 4ff (len: 646)
updated maxmap 10: 502 (len: 652)
updated maxmap 11: 50a (len: 652)
updated maxmap 10: 508 (len: 652)
[1;94m[*] [0mFuzzing test case #953 (1301 total, 0 uniq crashes found)...[0m
scheduled max input!!!!
schedule: 9 level19_1/ijon_max/9
updated maxmap 9: 4fd (len: 650)
minimized maxmap 9: 4fd (len: 648)
updated maxmap 8: 509 (len: 654)
updated maxmap 9: 502 (len: 654)
updated maxmap 10: 50a (len: 654)
updated maxmap 9: 504 (len: 652)
[1;94m[*] [0mFuzzing test case #954 (1309 total, 0 uniq crashes found)...[0m
scheduled max input!!!!
schedule: 9 level19_1/ijon_max/9
updated maxmap 9: 509 (len: 655)
updated maxmap 10: 50b (len: 655)
updated maxmap 9: 50a (len: 655)
updated maxmap 10: 50c (len: 655)
minimized maxmap 9: 50a (len: 654)
updated maxmap 8: 50b (len: 660)
[1;94m[*] [0mFuzzing test case #955 (1313 total, 0 uniq crashes found)...[0m
scheduled max input!!!!
schedule: 6 level19_1/ijon_max/6
[1;94m[*] [0mFuzzing test case #956 (1313 total, 0 uniq crashes found)...[0m
scheduled max input!!!!
schedule: 3 level19_1/ijon_max/3
[1;94m[*] [0mFuzzing test case #957 (1314 total, 0 uniq crashes found)...[0m
scheduled max input!!!!
schedule: 2 level19_1/ijon_max/2
[1;94m[*] [0mFuzzing test case #958 (1314 total, 0 uniq crashes found)...[0m
scheduled max input!!!!
schedule: 11 level19_1/ijon_max/11
updated maxmap 11: 50c (len: 652)
updated maxmap 11: 50d (len: 652)
updated maxmap 10: 511 (len: 656)
updated maxmap 9: 50d (len: 659)
updated maxmap 10: 517 (len: 659)
updated maxmap 11: 51e (len: 659)
minimized maxmap 9: 50d (len: 652)
updated maxmap 7: 50d (len: 652)
updated maxmap 9: 50e (len: 652)
updated maxmap 9: 50f (len: 653)
updated maxmap 8: 520 (len: 659)
updated maxmap 9: 51b (len: 659)
updated maxmap 8: 521 (len: 659)
updated maxmap 9: 51c (len: 659)
updated maxmap 8: 523 (len: 660)
updated maxmap 9: 51e (len: 660)
updated maxmap 8: 525 (len: 661)
updated maxmap 9: 520 (len: 661)
[1;94m[*] [0mFuzzing test case #959 (1317 total, 0 uniq crashes found)...[0m
scheduled max input!!!!
schedule: 8 level19_1/ijon_max/8
[1;94m[*] [0mFuzzing test case #960 (1317 total, 0 uniq crashes found)...[0m
scheduled max input!!!!
schedule: 14 level19_1/ijon_max/14
[1;94m[*] [0mFuzzing test case #961 (1317 total, 0 uniq crashes found)...[0m
scheduled max input!!!!
schedule: 6 level19_1/ijon_max/6
updated maxmap 6: 485 (len: 589)
[1;94m[*] [0mFuzzing test case #962 (1317 total, 0 uniq crashes found)...[0m
[1;94m[*] [0mFuzzing test case #963 (1317 total, 0 uniq crashes found)...[0m
scheduled max input!!!!
schedule: 3 level19_1/ijon_max/3
updated maxmap 3: 39e (len: 524)
updated maxmap 4: 3a8 (len: 524)
updated maxmap 5: 3b2 (len: 524)
[1;94m[*] [0mFuzzing test case #964 (1317 total, 0 uniq crashes found)...[0m
[1;94m[*] [0mFuzzing test case #965 (1317 total, 0 uniq crashes found)...[0m
scheduled max input!!!!
schedule: 5 level19_1/ijon_max/5
[1;94m[*] [0mFuzzing test case #966 (1317 total, 0 uniq crashes found)...[0m
scheduled max input!!!!
schedule: 5 level19_1/ijon_max/5
[1;94m[*] [0mFuzzing test case #967 (1317 total, 0 uniq crashes found)...[0m
scheduled max input!!!!
schedule: 2 level19_1/ijon_max/2
[1;94m[*] [0mFuzzing test case #968 (1317 total, 0 uniq crashes found)...[0m
[1;94m[*] [0mFuzzing test case #969 (1317 total, 0 uniq crashes found)...[0m
scheduled max input!!!!
schedule: 2 level19_1/ijon_max/2
[1;94m[*] [0mFuzzing test case #970 (1317 total, 0 uniq crashes found)...[0m
scheduled max input!!!!
schedule: 13 level19_1/ijon_max/13
[1;94m[*] [0mFuzzing test case #971 (1318 total, 0 uniq crashes found)...[0m
scheduled max input!!!!
schedule: 0 level19_1/ijon_max/0
[1;94m[*] [0mFuzzing test case #972 (1318 total, 0 uniq crashes found)...[0m
scheduled max input!!!!
schedule: 4 level19_1/ijon_max/4
[1;94m[*] [0mFuzzing test case #973 (1318 total, 0 uniq crashes found)...[0m
scheduled max input!!!!
schedule: 5 level19_1/ijon_max/5
[1;94m[*] [0mFuzzing test case #974 (1318 total, 0 uniq crashes found)...[0m
scheduled max input!!!!
schedule: 11 level19_1/ijon_max/11
updated maxmap 11: 51f (len: 659)
[1;94m[*] [0mFuzzing test case #975 (1318 total, 0 uniq crashes found)...[0m
scheduled max input!!!!
schedule: 11 level19_1/ijon_max/11
updated maxmap 10: 518 (len: 659)
updated maxmap 10: 523 (len: 663)
[1;94m[*] [0mFuzzing test case #976 (1318 total, 0 uniq crashes found)...[0m
scheduled max input!!!!
schedule: 8 level19_1/ijon_max/8
updated maxmap 9: 524 (len: 661)
updated maxmap 8: 526 (len: 662)
updated maxmap 8: 52c (len: 664)
updated maxmap 9: 529 (len: 664)
updated maxmap 8: 53f (len: 672)
updated maxmap 9: 532 (len: 668)
updated maxmap 10: 52b (len: 668)
updated maxmap 11: 524 (len: 668)
updated maxmap 9: 535 (len: 669)
updated maxmap 10: 52e (len: 669)
updated maxmap 11: 527 (len: 669)
updated maxmap 7: 545 (len: 676)
updated maxmap 10: 535 (len: 667)
updated maxmap 9: 53f (len: 672)
updated maxmap 10: 538 (len: 672)
updated maxmap 11: 531 (len: 672)
updated maxmap 10: 539 (len: 669)
[1;94m[*] [0mFuzzing test case #977 (1326 total, 0 uniq crashes found)...[0m
scheduled max input!!!!
schedule: 3 level19_1/ijon_max/3
[1;94m[*] [0mFuzzing test case #978 (1326 total, 0 uniq crashes found)...[0m
scheduled max input!!!!
schedule: 9 level19_1/ijon_max/9
updated maxmap 11: 532 (len: 672)
updated maxmap 9: 540 (len: 680)
updated maxmap 8: 543 (len: 672)
updated maxmap 10: 53d (len: 676)
updated maxmap 11: 549 (len: 676)
updated maxmap 10: 53f (len: 677)
updated maxmap 11: 54b (len: 677)
updated maxmap 8: 553 (len: 680)
updated maxmap 10: 540 (len: 677)
updated maxmap 11: 54c (len: 677)
updated maxmap 9: 545 (len: 678)
updated maxmap 10: 54c (len: 678)
updated maxmap 10: 54d (len: 678)
updated maxmap 9: 54f (len: 681)
updated maxmap 10: 552 (len: 681)
[1;94m[*] [0mFuzzing test case #979 (1333 total, 0 uniq crashes found)...[0m
scheduled max input!!!!
schedule: 2 level19_1/ijon_max/2
[1;94m[*] [0mFuzzing test case #980 (1333 total, 0 uniq crashes found)...[0m
scheduled max input!!!!
schedule: 9 level19_1/ijon_max/9
updated maxmap 9: 552 (len: 682)
updated maxmap 10: 554 (len: 682)
updated maxmap 9: 554 (len: 681)
updated maxmap 10: 564 (len: 688)
updated maxmap 11: 55f (len: 688)
updated maxmap 9: 55e (len: 685)
updated maxmap 9: 560 (len: 688)
updated maxmap 10: 565 (len: 688)
[1;94m[*] [0mFuzzing test case #981 (1335 total, 0 uniq crashes found)...[0m
[1;94m[*] [0mFuzzing test case #982 (1335 total, 0 uniq crashes found)...[0m
[1;94m[*] [0mFuzzing test case #983 (1335 total, 0 uniq crashes found)...[0m
scheduled max input!!!!
schedule: 7 level19_1/ijon_max/7
updated maxmap 7: 547 (len: 676)
updated maxmap 7: 548 (len: 676)
[1;94m[*] [0mFuzzing test case #984 (1335 total, 0 uniq crashes found)...[0m
scheduled max input!!!!
schedule: 10 level19_1/ijon_max/10
updated maxmap 9: 568 (len: 688)
updated maxmap 10: 566 (len: 688)
updated maxmap 10: 569 (len: 689)
updated maxmap 11: 56b (len: 689)
minimized maxmap 10: 569 (len: 688)
updated maxmap 9: 56a (len: 689)
updated maxmap 8: 571 (len: 693)
updated maxmap 9: 56c (len: 693)
updated maxmap 9: 570 (len: 691)
updated maxmap 8: 575 (len: 693)
updated maxmap 10: 56a (len: 688)
updated maxmap 10: 57c (len: 696)
updated maxmap 11: 575 (len: 696)
updated maxmap 8: 579 (len: 696)
updated maxmap 9: 57c (len: 696)
updated maxmap 8: 57a (len: 695)
[1;94m[*] [0mFuzzing test case #985 (1345 total, 0 uniq crashes found)...[0m
[1;94m[*] [0mFuzzing test case #986 (1345 total, 0 uniq crashes found)...[0m
scheduled max input!!!!
schedule: 8 level19_1/ijon_max/8
updated maxmap 9: 57e (len: 700)
updated maxmap 8: 57b (len: 695)
updated maxmap 8: 57c (len: 697)
updated maxmap 8: 57e (len: 699)
[1;94m[*] [0mFuzzing test case #987 (1345 total, 0 uniq crashes found)...[0m
[1;94m[*] [0mFuzzing test case #988 (1345 total, 0 uniq crashes found)...[0m
scheduled max input!!!!
schedule: 4 level19_1/ijon_max/4
updated maxmap 2: 39c (len: 528)
updated maxmap 3: 3a8 (len: 528)
updated maxmap 4: 3b2 (len: 528)
updated maxmap 5: 3bc (len: 528)
minimized maxmap 3: 3a8 (len: 524)
minimized maxmap 4: 3b2 (len: 524)
minimized maxmap 5: 3bc (len: 524)
[1;94m[*] [0mFuzzing test case #989 (1345 total, 0 uniq crashes found)...[0m
scheduled max input!!!!
schedule: 8 level19_1/ijon_max/8
updated maxmap 9: 57f (len: 699)
updated maxmap 8: 57f (len: 699)
updated maxmap 10: 57d (len: 705)
minimized maxmap 10: 57d (len: 704)
updated maxmap 7: 57d (len: 703)
[1;94m[*] [0mFuzzing test case #990 (1354 total, 0 uniq crashes found)...[0m
[1;94m[*] [0mFuzzing test case #991 (1354 total, 0 uniq crashes found)...[0m
[1;94m[*] [0mFuzzing test case #992 (1354 total, 0 uniq crashes found)...[0m
scheduled max input!!!!
schedule: 0 level19_1/ijon_max/0
[1;94m[*] [0mFuzzing test case #993 (1354 total, 0 uniq crashes found)...[0m
[1;94m[*] [0mFuzzing test case #994 (1354 total, 0 uniq crashes found)...[0m
[1;94m[*] [0mFuzzing test case #995 (1354 total, 0 uniq crashes found)...[0m
[1;94m[*] [0mFuzzing test case #996 (1354 total, 0 uniq crashes found)...[0m
[1;94m[*] [0mFuzzing test case #997 (1354 total, 0 uniq crashes found)...[0m
scheduled max input!!!!
schedule: 15 level19_1/ijon_max/15
[1;94m[*] [0mFuzzing test case #998 (1354 total, 0 uniq crashes found)...[0m
scheduled max input!!!!
schedule: 3 level19_1/ijon_max/3
minimized maxmap 2: 39c (len: 524)
[1;94m[*] [0mFuzzing test case #999 (1354 total, 0 uniq crashes found)...[0m
[1;94m[*] [0mFuzzing test case #1000 (1354 total, 0 uniq crashes found)...[0m
scheduled max input!!!!
schedule: 6 level19_1/ijon_max/6
[1;94m[*] [0mFuzzing test case #1001 (1354 total, 0 uniq crashes found)...[0m
scheduled max input!!!!
schedule: 10 level19_1/ijon_max/10
updated maxmap 6: 57e (len: 716)
updated maxmap 7: 581 (len: 716)
updated maxmap 8: 580 (len: 716)
[1;94m[*] [0mFuzzing test case #1002 (1356 total, 0 uniq crashes found)...[0m
scheduled max input!!!!
schedule: 3 level19_1/ijon_max/3
[1;94m[*] [0mFuzzing test case #1003 (1356 total, 0 uniq crashes found)...[0m
[1;94m[*] [0mFuzzing test case #1004 (1356 total, 0 uniq crashes found)...[0m
scheduled max input!!!!
schedule: 3 level19_1/ijon_max/3
[1;94m[*] [0mFuzzing test case #1005 (1356 total, 0 uniq crashes found)...[0m
[1;94m[*] [0mFuzzing test case #1006 (1356 total, 0 uniq crashes found)...[0m
[1;94m[*] [0mFuzzing test case #1007 (1356 total, 0 uniq crashes found)...[0m
scheduled max input!!!!
schedule: 12 level19_1/ijon_max/12
[1;94m[*] [0mFuzzing test case #1008 (1356 total, 0 uniq crashes found)...[0m
scheduled max input!!!!
schedule: 8 level19_1/ijon_max/8
updated maxmap 6: 580 (len: 716)
[1;94m[*] [0mFuzzing test case #1009 (1358 total, 0 uniq crashes found)...[0m
scheduled max input!!!!
schedule: 6 level19_1/ijon_max/6
updated maxmap 11: 57d (len: 720)
minimized maxmap 11: 57d (len: 719)
[1;94m[*] [0mFuzzing test case #1010 (1358 total, 0 uniq crashes found)...[0m
scheduled max input!!!!
schedule: 7 level19_1/ijon_max/7
minimized maxmap 11: 57d (len: 717)
[1;94m[*] [0mFuzzing test case #1011 (1358 total, 0 uniq crashes found)...[0m
scheduled max input!!!!
schedule: 12 level19_1/ijon_max/12
[1;94m[*] [0mFuzzing test case #1012 (1358 total, 0 uniq crashes found)...[0m
scheduled max input!!!!
schedule: 11 level19_1/ijon_max/11
[1;94m[*] [0mFuzzing test case #1013 (1358 total, 0 uniq crashes found)...[0m
scheduled max input!!!!
schedule: 3 level19_1/ijon_max/3
[1;94m[*] [0mFuzzing test case #1014 (1358 total, 0 uniq crashes found)...[0m
[1;94m[*] [0mFuzzing test case #1015 (1358 total, 0 uniq crashes found)...[0m
[1;94m[*] [0mFuzzing test case #1016 (1358 total, 0 uniq crashes found)...[0m
scheduled max input!!!!
schedule: 7 level19_1/ijon_max/7
[1;94m[*] [0mFuzzing test case #1017 (1358 total, 0 uniq crashes found)...[0m
scheduled max input!!!!
schedule: 0 level19_1/ijon_max/0
[1;94m[*] [0mFuzzing test case #1018 (1358 total, 0 uniq crashes found)...[0m
scheduled max input!!!!
schedule: 8 level19_1/ijon_max/8
[1;94m[*] [0mFuzzing test case #1019 (1358 total, 0 uniq crashes found)...[0m
[1;94m[*] [0mFuzzing test case #1020 (1358 total, 0 uniq crashes found)...[0m
scheduled max input!!!!
schedule: 9 level19_1/ijon_max/9
[1;94m[*] [0mFuzzing test case #1021 (1358 total, 0 uniq crashes found)...[0m
scheduled max input!!!!
schedule: 14 level19_1/ijon_max/14
[1;94m[*] [0mFuzzing test case #1022 (1358 total, 0 uniq crashes found)...[0m
scheduled max input!!!!
schedule: 11 level19_1/ijon_max/11
[1;94m[*] [0mFuzzing test case #1023 (1358 total, 0 uniq crashes found)...[0m
scheduled max input!!!!
schedule: 13 level19_1/ijon_max/13
[1;94m[*] [0mFuzzing test case #1024 (1358 total, 0 uniq crashes found)...[0m
[1;94m[*] [0mFuzzing test case #1025 (1358 total, 0 uniq crashes found)...[0m
[1;94m[*] [0mFuzzing test case #1026 (1358 total, 0 uniq crashes found)...[0m
scheduled max input!!!!
schedule: 15 level19_1/ijon_max/15
[1;94m[*] [0mFuzzing test case #1027 (1358 total, 0 uniq crashes found)...[0m
[1;94m[*] [0mFuzzing test case #1028 (1358 total, 0 uniq crashes found)...[0m
[1;94m[*] [0mFuzzing test case #1029 (1358 total, 0 uniq crashes found)...[0m
scheduled max input!!!!
schedule: 14 level19_1/ijon_max/14
[1;94m[*] [0mFuzzing test case #1030 (1358 total, 0 uniq crashes found)...[0m
scheduled max input!!!!
schedule: 4 level19_1/ijon_max/4
[1;94m[*] [0mFuzzing test case #1031 (1358 total, 0 uniq crashes found)...[0m
[1;94m[*] [0mFuzzing test case #1032 (1358 total, 0 uniq crashes found)...[0m
scheduled max input!!!!
schedule: 8 level19_1/ijon_max/8
[1;94m[*] [0mFuzzing test case #1033 (1358 total, 0 uniq crashes found)...[0m
[1;94m[*] [0mFuzzing test case #1034 (1358 total, 0 uniq crashes found)...[0m
scheduled max input!!!!
schedule: 13 level19_1/ijon_max/13
[1;94m[*] [0mFuzzing test case #1035 (1358 total, 0 uniq crashes found)...[0m
scheduled max input!!!!
schedule: 11 level19_1/ijon_max/11
[1;94m[*] [0mFuzzing test case #1036 (1358 total, 0 uniq crashes found)...[0m
[1;94m[*] [0mFuzzing test case #1037 (1358 total, 0 uniq crashes found)...[0m
scheduled max input!!!!
schedule: 7 level19_1/ijon_max/7
[1;94m[*] [0mFuzzing test case #1038 (1358 total, 0 uniq crashes found)...[0m
scheduled max input!!!!
schedule: 6 level19_1/ijon_max/6
updated maxmap 5: 580 (len: 716)
updated maxmap 6: 581 (len: 716)
updated maxmap 6: 583 (len: 722)
updated maxmap 7: 583 (len: 722)
[1;94m[*] [0mFuzzing test case #1039 (1358 total, 0 uniq crashes found)...[0m
scheduled max input!!!!
schedule: 12 level19_1/ijon_max/12
[1;94m[*] [0mFuzzing test case #1040 (1358 total, 0 uniq crashes found)...[0m
scheduled max input!!!!
schedule: 8 level19_1/ijon_max/8
[1;94m[*] [0mFuzzing test case #1041 (1358 total, 0 uniq crashes found)...[0m
scheduled max input!!!!
schedule: 14 level19_1/ijon_max/14
[1;94m[*] [0mFuzzing test case #1042 (1358 total, 0 uniq crashes found)...[0m
scheduled max input!!!!
schedule: 13 level19_1/ijon_max/13
[1;94m[*] [0mFuzzing test case #1043 (1358 total, 0 uniq crashes found)...[0m
[1;94m[*] [0mFuzzing test case #1044 (1358 total, 0 uniq crashes found)...[0m
[1;94m[*] [0mFuzzing test case #1045 (1358 total, 0 uniq crashes found)...[0m
scheduled max input!!!!
schedule: 10 level19_1/ijon_max/10
minimized maxmap 8: 580 (len: 709)
[1;94m[*] [0mFuzzing test case #1046 (1359 total, 0 uniq crashes found)...[0m
scheduled max input!!!!
schedule: 13 level19_1/ijon_max/13
[1;94m[*] [0mFuzzing test case #1047 (1359 total, 0 uniq crashes found)...[0m
scheduled max input!!!!
schedule: 5 level19_1/ijon_max/5
minimized maxmap 11: 57d (len: 716)
[1;94m[*] [0mFuzzing test case #1048 (1360 total, 0 uniq crashes found)...[0m
scheduled max input!!!!
schedule: 3 level19_1/ijon_max/3
[1;94m[*] [0mFuzzing test case #1049 (1360 total, 0 uniq crashes found)...[0m
scheduled max input!!!!
schedule: 2 level19_1/ijon_max/2
[1;94m[*] [0mFuzzing test case #1050 (1360 total, 0 uniq crashes found)...[0m
scheduled max input!!!!
schedule: 4 level19_1/ijon_max/4
[1;94m[*] [0mFuzzing test case #1051 (1360 total, 0 uniq crashes found)...[0m
[1;94m[*] [0mFuzzing test case #1052 (1360 total, 0 uniq crashes found)...[0m
scheduled max input!!!!
schedule: 14 level19_1/ijon_max/14
[1;94m[*] [0mFuzzing test case #1053 (1360 total, 0 uniq crashes found)...[0m
scheduled max input!!!!
schedule: 3 level19_1/ijon_max/3
[1;94m[*] [0mFuzzing test case #1054 (1360 total, 0 uniq crashes found)...[0m
scheduled max input!!!!
schedule: 13 level19_1/ijon_max/13
[1;94m[*] [0mFuzzing test case #1055 (1360 total, 0 uniq crashes found)...[0m
scheduled max input!!!!
schedule: 15 level19_1/ijon_max/15
[1;94m[*] [0mFuzzing test case #1056 (1360 total, 0 uniq crashes found)...[0m
scheduled max input!!!!
schedule: 12 level19_1/ijon_max/12
[1;94m[*] [0mFuzzing test case #1057 (1360 total, 0 uniq crashes found)...[0m
scheduled max input!!!!
schedule: 12 level19_1/ijon_max/12
[1;94m[*] [0mFuzzing test case #1058 (1360 total, 0 uniq crashes found)...[0m
scheduled max input!!!!
schedule: 5 level19_1/ijon_max/5
[1;94m[*] [0mFuzzing test case #1059 (1360 total, 0 uniq crashes found)...[0m
scheduled max input!!!!
schedule: 0 level19_1/ijon_max/0
[1;94m[*] [0mFuzzing test case #1060 (1360 total, 0 uniq crashes found)...[0m
scheduled max input!!!!
schedule: 14 level19_1/ijon_max/14
[1;94m[*] [0mFuzzing test case #1061 (1360 total, 0 uniq crashes found)...[0m
[1;94m[*] [0mFuzzing test case #1062 (1360 total, 0 uniq crashes found)...[0m
scheduled max input!!!!
schedule: 12 level19_1/ijon_max/12
[1;94m[*] [0mFuzzing test case #1063 (1360 total, 0 uniq crashes found)...[0m
scheduled max input!!!!
schedule: 7 level19_1/ijon_max/7
updated maxmap 6: 584 (len: 722)
updated maxmap 7: 584 (len: 722)
[1;94m[*] [0mFuzzing test case #1064 (1360 total, 0 uniq crashes found)...[0m
scheduled max input!!!!
schedule: 3 level19_1/ijon_max/3
[1;94m[*] [0mFuzzing test case #1065 (1360 total, 0 uniq crashes found)...[0m
scheduled max input!!!!
schedule: 13 level19_1/ijon_max/13
[1;94m[*] [0mFuzzing test case #1066 (1360 total, 0 uniq crashes found)...[0m
scheduled max input!!!!
schedule: 9 level19_1/ijon_max/9
[1;94m[*] [0mFuzzing test case #1067 (1360 total, 0 uniq crashes found)...[0m
scheduled max input!!!!
schedule: 10 level19_1/ijon_max/10
[1;94m[*] [0mFuzzing test case #1068 (1360 total, 0 uniq crashes found)...[0m
scheduled max input!!!!
schedule: 10 level19_1/ijon_max/10
[1;94m[*] [0mFuzzing test case #1069 (1360 total, 0 uniq crashes found)...[0m
[1;94m[*] [0mFuzzing test case #1070 (1360 total, 0 uniq crashes found)...[0m
scheduled max input!!!!
schedule: 10 level19_1/ijon_max/10
[1;94m[*] [0mFuzzing test case #1071 (1360 total, 0 uniq crashes found)...[0m
[1;94m[*] [0mFuzzing test case #1072 (1360 total, 0 uniq crashes found)...[0m
scheduled max input!!!!
schedule: 12 level19_1/ijon_max/12
[1;94m[*] [0mFuzzing test case #1073 (1360 total, 0 uniq crashes found)...[0m
[1;94m[*] [0mFuzzing test case #1074 (1360 total, 0 uniq crashes found)...[0m
scheduled max input!!!!
schedule: 0 level19_1/ijon_max/0
[1;94m[*] [0mFuzzing test case #1075 (1360 total, 0 uniq crashes found)...[0m
[1;94m[*] [0mFuzzing test case #1076 (1360 total, 0 uniq crashes found)...[0m
scheduled max input!!!!
schedule: 0 level19_1/ijon_max/0
[1;94m[*] [0mFuzzing test case #1077 (1360 total, 0 uniq crashes found)...[0m
scheduled max input!!!!
schedule: 0 level19_1/ijon_max/0
[1;94m[*] [0mFuzzing test case #1078 (1360 total, 0 uniq crashes found)...[0m
scheduled max input!!!!
schedule: 5 level19_1/ijon_max/5
[1;94m[*] [0mFuzzing test case #1079 (1360 total, 0 uniq crashes found)...[0m
[1;94m[*] [0mFuzzing test case #1080 (1360 total, 0 uniq crashes found)...[0m
scheduled max input!!!!
schedule: 8 level19_1/ijon_max/8
updated maxmap 10: 57e (len: 709)
updated maxmap 8: 581 (len: 709)
updated maxmap 9: 580 (len: 709)
[1;94m[*] [0mFuzzing test case #1081 (1360 total, 0 uniq crashes found)...[0m
scheduled max input!!!!
schedule: 15 level19_1/ijon_max/15
[1;94m[*] [0mFuzzing test case #1082 (1360 total, 0 uniq crashes found)...[0m
scheduled max input!!!!
schedule: 6 level19_1/ijon_max/6
[1;94m[*] [0mFuzzing test case #1083 (1361 total, 0 uniq crashes found)...[0m
scheduled max input!!!!
schedule: 6 level19_1/ijon_max/6
[1;94m[*] [0mFuzzing test case #1084 (1361 total, 0 uniq crashes found)...[0m
scheduled max input!!!!
schedule: 0 level19_1/ijon_max/0
[1;94m[*] [0mFuzzing test case #1085 (1361 total, 0 uniq crashes found)...[0m
scheduled max input!!!!
schedule: 15 level19_1/ijon_max/15
[1;94m[*] [0mFuzzing test case #1086 (1361 total, 0 uniq crashes found)...[0m
scheduled max input!!!!
schedule: 6 level19_1/ijon_max/6
[1;94m[*] [0mFuzzing test case #1087 (1361 total, 0 uniq crashes found)...[0m
scheduled max input!!!!
schedule: 9 level19_1/ijon_max/9
[1;94m[*] [0mFuzzing test case #1088 (1361 total, 0 uniq crashes found)...[0m
scheduled max input!!!!
schedule: 14 level19_1/ijon_max/14
[1;94m[*] [0mFuzzing test case #1089 (1361 total, 0 uniq crashes found)...[0m
scheduled max input!!!!
schedule: 10 level19_1/ijon_max/10
[1;94m[*] [0mFuzzing test case #1090 (1361 total, 0 uniq crashes found)...[0m
scheduled max input!!!!
schedule: 3 level19_1/ijon_max/3
[1;94m[*] [0mFuzzing test case #1091 (1361 total, 0 uniq crashes found)...[0m
scheduled max input!!!!
schedule: 0 level19_1/ijon_max/0
[1;94m[*] [0mFuzzing test case #1092 (1361 total, 0 uniq crashes found)...[0m
scheduled max input!!!!
schedule: 10 level19_1/ijon_max/10
[1;94m[*] [0mFuzzing test case #1093 (1361 total, 0 uniq crashes found)...[0m
scheduled max input!!!!
schedule: 8 level19_1/ijon_max/8
[1;94m[*] [0mFuzzing test case #1094 (1361 total, 0 uniq crashes found)...[0m
scheduled max input!!!!
schedule: 0 level19_1/ijon_max/0
[1;94m[*] [0mFuzzing test case #1095 (1361 total, 0 uniq crashes found)...[0m
scheduled max input!!!!
schedule: 9 level19_1/ijon_max/9
[1;94m[*] [0mFuzzing test case #1096 (1361 total, 0 uniq crashes found)...[0m
[1;94m[*] [0mFuzzing test case #1097 (1361 total, 0 uniq crashes found)...[0m
scheduled max input!!!!
schedule: 8 level19_1/ijon_max/8
[1;94m[*] [0mFuzzing test case #1098 (1361 total, 0 uniq crashes found)...[0m
scheduled max input!!!!
schedule: 8 level19_1/ijon_max/8
minimized maxmap 11: 57d (len: 715)
[1;94m[*] [0mFuzzing test case #1099 (1361 total, 0 uniq crashes found)...[0m
[1;94m[*] [0mFuzzing test case #1100 (1361 total, 0 uniq crashes found)...[0m
scheduled max input!!!!
schedule: 14 level19_1/ijon_max/14
[1;94m[*] [0mFuzzing test case #1101 (1361 total, 0 uniq crashes found)...[0m
scheduled max input!!!!
schedule: 10 level19_1/ijon_max/10
[1;94m[*] [0mFuzzing test case #1102 (1361 total, 0 uniq crashes found)...[0m
scheduled max input!!!!
schedule: 12 level19_1/ijon_max/12
[1;94m[*] [0mFuzzing test case #1103 (1361 total, 0 uniq crashes found)...[0m
[1;94m[*] [0mFuzzing test case #1104 (1361 total, 0 uniq crashes found)...[0m
[1;94m[*] [0mFuzzing test case #1105 (1361 total, 0 uniq crashes found)...[0m
scheduled max input!!!!
schedule: 9 level19_1/ijon_max/9
[1;94m[*] [0mFuzzing test case #1106 (1361 total, 0 uniq crashes found)...[0m
scheduled max input!!!!
schedule: 2 level19_1/ijon_max/2
[1;94m[*] [0mFuzzing test case #1107 (1361 total, 0 uniq crashes found)...[0m
[1;94m[*] [0mFuzzing test case #1108 (1361 total, 0 uniq crashes found)...[0m
scheduled max input!!!!
schedule: 3 level19_1/ijon_max/3
[1;94m[*] [0mFuzzing test case #1109 (1361 total, 0 uniq crashes found)...[0m
scheduled max input!!!!
schedule: 2 level19_1/ijon_max/2
[1;94m[*] [0mFuzzing test case #1110 (1361 total, 0 uniq crashes found)...[0m
scheduled max input!!!!
schedule: 11 level19_1/ijon_max/11
[1;94m[*] [0mFuzzing test case #1111 (1361 total, 0 uniq crashes found)...[0m
scheduled max input!!!!
schedule: 10 level19_1/ijon_max/10
[1;94m[*] [0mFuzzing test case #1112 (1361 total, 0 uniq crashes found)...[0m
scheduled max input!!!!
schedule: 5 level19_1/ijon_max/5
updated maxmap 5: 582 (len: 716)
[1;94m[*] [0mFuzzing test case #1113 (1361 total, 0 uniq crashes found)...[0m
scheduled max input!!!!
schedule: 11 level19_1/ijon_max/11
[1;94m[*] [0mFuzzing test case #1114 (1361 total, 0 uniq crashes found)...[0m
[1;94m[*] [0mFuzzing test case #1115 (1361 total, 0 uniq crashes found)...[0m
scheduled max input!!!!
schedule: 8 level19_1/ijon_max/8
[1;94m[*] [0mFuzzing test case #1116 (1362 total, 0 uniq crashes found)...[0m
scheduled max input!!!!
schedule: 3 level19_1/ijon_max/3
[1;94m[*] [0mFuzzing test case #1117 (1362 total, 0 uniq crashes found)...[0m
scheduled max input!!!!
schedule: 2 level19_1/ijon_max/2
updated maxmap 3: 3aa (len: 525)
updated maxmap 4: 3b4 (len: 525)
[1;94m[*] [0mFuzzing test case #1118 (1362 total, 0 uniq crashes found)...[0m
scheduled max input!!!!
schedule: 3 level19_1/ijon_max/3
updated maxmap 2: 3a0 (len: 528)
updated maxmap 3: 3ac (len: 528)
updated maxmap 4: 3b6 (len: 528)
minimized maxmap 2: 3a0 (len: 525)
minimized maxmap 3: 3ac (len: 525)
minimized maxmap 4: 3b6 (len: 525)
updated maxmap 3: 3ad (len: 525)
updated maxmap 4: 3b7 (len: 525)
updated maxmap 2: 3a1 (len: 525)
[1;94m[*] [0mFuzzing test case #1119 (1362 total, 0 uniq crashes found)...[0m
scheduled max input!!!!
schedule: 6 level19_1/ijon_max/6
[1;94m[*] [0mFuzzing test case #1120 (1363 total, 0 uniq crashes found)...[0m
[1;94m[*] [0mFuzzing test case #1121 (1363 total, 0 uniq crashes found)...[0m
[1;94m[*] [0mFuzzing test case #1122 (1363 total, 0 uniq crashes found)...[0m
scheduled max input!!!!
schedule: 9 level19_1/ijon_max/9
[1;94m[*] [0mFuzzing test case #1123 (1364 total, 0 uniq crashes found)...[0m
scheduled max input!!!!
schedule: 2 level19_1/ijon_max/2
[1;94m[*] [0mFuzzing test case #1124 (1364 total, 0 uniq crashes found)...[0m
scheduled max input!!!!
schedule: 14 level19_1/ijon_max/14
[1;94m[*] [0mFuzzing test case #1125 (1364 total, 0 uniq crashes found)...[0m
scheduled max input!!!!
schedule: 0 level19_1/ijon_max/0
[1;94m[*] [0mFuzzing test case #1126 (1364 total, 0 uniq crashes found)...[0m
[1;94m[*] [0mFuzzing test case #1127 (1364 total, 0 uniq crashes found)...[0m
scheduled max input!!!!
schedule: 13 level19_1/ijon_max/13
[1;94m[*] [0mFuzzing test case #1128 (1364 total, 0 uniq crashes found)...[0m
scheduled max input!!!!
schedule: 13 level19_1/ijon_max/13
[1;94m[*] [0mFuzzing test case #1129 (1364 total, 0 uniq crashes found)...[0m
scheduled normal input!!!!
[1;94m[*] [0mFuzzing test case #1130 (1366 total, 0 uniq crashes found)...[0m
[1;94m[*] [0mFuzzing test case #1131 (1366 total, 0 uniq crashes found)...[0m
scheduled max input!!!!
schedule: 10 level19_1/ijon_max/10
[1;94m[*] [0mFuzzing test case #1132 (1366 total, 0 uniq crashes found)...[0m
[1;94m[*] [0mFuzzing test case #1133 (1366 total, 0 uniq crashes found)...[0m
scheduled max input!!!!
schedule: 0 level19_1/ijon_max/0
[1;94m[*] [0mFuzzing test case #1134 (1366 total, 0 uniq crashes found)...[0m
scheduled max input!!!!
schedule: 7 level19_1/ijon_max/7
[1;94m[*] [0mFuzzing test case #1135 (1366 total, 0 uniq crashes found)...[0m
[1;94m[*] [0mFuzzing test case #1136 (1366 total, 0 uniq crashes found)...[0m
scheduled max input!!!!
schedule: 12 level19_1/ijon_max/12
[1;94m[*] [0mFuzzing test case #1137 (1366 total, 0 uniq crashes found)...[0m
scheduled max input!!!!
schedule: 6 level19_1/ijon_max/6
[1;94m[*] [0mFuzzing test case #1138 (1366 total, 0 uniq crashes found)...[0m
scheduled max input!!!!
schedule: 15 level19_1/ijon_max/15
[1;94m[*] [0mFuzzing test case #1139 (1366 total, 0 uniq crashes found)...[0m
scheduled max input!!!!
schedule: 3 level19_1/ijon_max/3
[1;94m[*] [0mFuzzing test case #1140 (1366 total, 0 uniq crashes found)...[0m
[1;94m[*] [0mFuzzing test case #1141 (1366 total, 0 uniq crashes found)...[0m
[1;94m[*] [0mFuzzing test case #1142 (1366 total, 0 uniq crashes found)...[0m
scheduled max input!!!!
schedule: 14 level19_1/ijon_max/14
[1;94m[*] [0mFuzzing test case #1143 (1366 total, 0 uniq crashes found)...[0m
[1;94m[*] [0mFuzzing test case #1144 (1366 total, 0 uniq crashes found)...[0m
scheduled max input!!!!
schedule: 3 level19_1/ijon_max/3
[1;94m[*] [0mFuzzing test case #1145 (1366 total, 0 uniq crashes found)...[0m
scheduled max input!!!!
schedule: 2 level19_1/ijon_max/2
[1;94m[*] [0mFuzzing test case #1146 (1366 total, 0 uniq crashes found)...[0m
scheduled max input!!!!
schedule: 0 level19_1/ijon_max/0
[1;94m[*] [0mFuzzing test case #1147 (1366 total, 0 uniq crashes found)...[0m
scheduled max input!!!!
schedule: 12 level19_1/ijon_max/12
[1;94m[*] [0mFuzzing test case #1148 (1366 total, 0 uniq crashes found)...[0m
[1;94m[*] [0mFuzzing test case #1149 (1366 total, 0 uniq crashes found)...[0m
scheduled max input!!!!
schedule: 11 level19_1/ijon_max/11
[1;94m[*] [0mFuzzing test case #1150 (1366 total, 0 uniq crashes found)...[0m
scheduled max input!!!!
schedule: 5 level19_1/ijon_max/5
[1;94m[*] [0mFuzzing test case #1151 (1366 total, 0 uniq crashes found)...[0m
scheduled normal input!!!!
[?25h[1;91m

+++ Testing aborted by user +++
[0m
[1;93m[!] [0mStopped during the first cycle, results may be incomplete.
    (For info on resuming, see docs/README.)
[1;92m[+] [0mWe're done here. Have a nice day!
[0m
srun: error: ubuntu-test: task 0: Exited with exit code 124
