srun: error: NodeNames=ubuntu-test CPUs=90 match no Sockets, Sockets*CoresPerSocket or Sockets*CoresPerSocket*ThreadsPerCore. Resetting CPUs.
[0;36mafl-fuzz [1;97m2.51b-ijon[0m by <lcamtuf@google.com>
[1;92m[+] [0mLooks like we're not running on a tty, so I'll be a bit less verbose.[0m
[1;92m[+] [0mYou have 96 CPU cores and 98 runnable tasks (utilization: 102%).[0m
[1;93m[!] [1;97mWARNING: [0mNot binding to a CPU core (AFL_NO_AFFINITY set).[0m
[1;94m[*] [0mChecking core_pattern...[0m
[1;94m[*] [0mSetting up output directories...[0m
importdir: level10_1/importsmax_dir: level10_1/ijon_max[1;94m[*] [0mScanning 'seeds'...[0m
[1;92m[+] [0mNo auto-generated dictionary tokens to reuse.[0m
[1;94m[*] [0mCreating hard links for all input files...[0m
[1;94m[*] [0mValidating target binary...[0m
[1;94m[*] [0mAttempting dry run with 'id:000000,orig:a'...[0m
[1;94m[*] [0mSpinning up the fork server...[0m
[1;92m[+] [0mAll right - fork server is up.[0m
[1;90m    len = 1, map size = 2477, exec speed = 28519 us
[0m[1;92m[+] [0mAll test cases processed.[0m

[1;93m[!] [1;97mWARNING: [0m[1;91mThe target binary is pretty slow! See docs/perf_tips.txt.[0m
[1;92m[+] [0mHere are some useful stats:

[1;90m    Test case count : [0m1 favored, 0 variable, 1 total
[1;90m       Bitmap range : [0m2477 to 2477 bits (average: 2477.00 bits)
[1;90m        Exec timing : [0m28.5k to 28.5k us (average: 28.5k us)
[0m
[1;92m[+] [0mAll set and ready to roll![0m
[1;94m[*] [0mEntering queue cycle 1.[0m
[1;94m[*] [0mFuzzing test case #0 (1 total, 0 uniq crashes found)...[0m
scheduled normal input!!!!
updated maxmap 11: 28 (len: 1)
updated maxmap 10: 27 (len: 32)
updated maxmap 9: 27 (len: 44)
updated maxmap 10: 28 (len: 32)
updated maxmap 9: 29 (len: 40)
updated maxmap 9: 2c (len: 67)
updated maxmap 10: 2c (len: 67)
updated maxmap 11: 2c (len: 67)
updated maxmap 8: 2a (len: 45)
updated maxmap 9: 2e (len: 63)
updated maxmap 10: 2e (len: 63)
updated maxmap 11: 2d (len: 55)
updated maxmap 8: 2b (len: 47)
updated maxmap 10: 38 (len: 61)
updated maxmap 11: 34 (len: 61)
updated maxmap 9: 34 (len: 65)
updated maxmap 9: 36 (len: 71)
updated maxmap 11: 35 (len: 88)
updated maxmap 9: 40 (len: 81)
updated maxmap 10: 3d (len: 81)
updated maxmap 11: 39 (len: 81)
updated maxmap 9: 44 (len: 75)
updated maxmap 10: 4b (len: 75)
updated maxmap 11: 4e (len: 75)
updated maxmap 8: 2d (len: 63)
updated maxmap 8: 2e (len: 57)
[1;94m[*] [0mFuzzing test case #1 (211 total, 0 uniq crashes found)...[0m
scheduled max input!!!!
schedule: 11 level10_1/ijon_max/11
updated maxmap 9: 66 (len: 121)
updated maxmap 10: 72 (len: 121)
updated maxmap 11: 6f (len: 121)
updated maxmap 8: 38 (len: 119)
updated maxmap 8: 90 (len: 128)
updated maxmap 9: 8d (len: 128)
updated maxmap 10: 84 (len: 128)
updated maxmap 11: 7e (len: 128)
updated maxmap 10: 8b (len: 127)
updated maxmap 10: 8e (len: 121)
updated maxmap 11: 8f (len: 121)
updated maxmap 7: 2e (len: 109)
updated maxmap 9: 99 (len: 142)
updated maxmap 10: 9f (len: 142)
updated maxmap 11: a6 (len: 142)
updated maxmap 7: 46 (len: 75)
updated maxmap 7: 47 (len: 75)
updated maxmap 7: 4f (len: 80)
[1;94m[*] [0mFuzzing test case #2 (338 total, 0 uniq crashes found)...[0m
scheduled max input!!!!
schedule: 10 level10_1/ijon_max/10
updated maxmap 9: ce (len: 173)
updated maxmap 10: c3 (len: 173)
updated maxmap 11: be (len: 173)
updated maxmap 8: 93 (len: 142)
updated maxmap 8: 9d (len: 179)
updated maxmap 9: d1 (len: 179)
updated maxmap 10: d7 (len: 179)
updated maxmap 11: da (len: 179)
updated maxmap 8: b8 (len: 181)
updated maxmap 9: e8 (len: 181)
updated maxmap 8: c5 (len: 196)
updated maxmap 7: 8d (len: 142)
updated maxmap 8: e3 (len: 212)
updated maxmap 9: eb (len: 212)
updated maxmap 10: fa (len: 212)
updated maxmap 11: f8 (len: 212)
updated maxmap 7: 8f (len: 167)
[1;94m[*] [0mFuzzing test case #3 (473 total, 0 uniq crashes found)...[0m
scheduled max input!!!!
schedule: 9 level10_1/ijon_max/9
updated maxmap 8: 118 (len: 226)
updated maxmap 9: 10d (len: 226)
updated maxmap 10: 106 (len: 226)
updated maxmap 11: 100 (len: 226)
updated maxmap 11: 101 (len: 212)
updated maxmap 11: 105 (len: 212)
updated maxmap 9: 10f (len: 221)
updated maxmap 10: 10e (len: 221)
updated maxmap 11: 109 (len: 221)
updated maxmap 10: 11e (len: 239)
updated maxmap 11: 118 (len: 239)
updated maxmap 8: 132 (len: 256)
updated maxmap 9: 135 (len: 256)
updated maxmap 9: 13b (len: 260)
updated maxmap 10: 137 (len: 260)
updated maxmap 11: 133 (len: 260)
updated maxmap 9: 13c (len: 252)
updated maxmap 10: 138 (len: 262)
updated maxmap 9: 14c (len: 279)
updated maxmap 10: 152 (len: 279)
updated maxmap 11: 153 (len: 279)
updated maxmap 8: 139 (len: 270)
updated maxmap 9: 155 (len: 217)
updated maxmap 9: 170 (len: 275)
updated maxmap 10: 158 (len: 275)
updated maxmap 7: 129 (len: 234)
updated maxmap 10: 15e (len: 273)
updated maxmap 11: 15b (len: 273)
updated maxmap 11: 160 (len: 265)
updated maxmap 8: 145 (len: 267)
updated maxmap 8: 1aa (len: 218)
updated maxmap 9: 1ac (len: 218)
updated maxmap 10: 160 (len: 219)
updated maxmap 11: 167 (len: 219)
updated maxmap 10: 1a2 (len: 212)
updated maxmap 11: 19a (len: 212)
updated maxmap 9: 1b6 (len: 222)
updated maxmap 10: 1bd (len: 222)
updated maxmap 11: 1a0 (len: 221)
updated maxmap 11: 1a9 (len: 217)
updated maxmap 11: 1b6 (len: 226)
updated maxmap 8: 1bd (len: 220)
updated maxmap 9: 1c0 (len: 220)
[1;94m[*] [0mFuzzing test case #4 (708 total, 0 uniq crashes found)...[0m
[1;94m[*] [0mFuzzing test case #5 (708 total, 0 uniq crashes found)...[0m
[1;94m[*] [0mFuzzing test case #6 (708 total, 0 uniq crashes found)...[0m
scheduled max input!!!!
schedule: 11 level10_1/ijon_max/11
updated maxmap 8: 1bf (len: 226)
updated maxmap 11: 1b7 (len: 226)
updated maxmap 3: 1c4 (len: 226)
updated maxmap 4: 1bc (len: 226)
updated maxmap 5: 1b2 (len: 226)
updated maxmap 6: 1a9 (len: 226)
updated maxmap 7: 1a1 (len: 226)
updated maxmap 9: 1c3 (len: 227)
updated maxmap 11: 1bb (len: 226)
updated maxmap 11: 1bc (len: 226)
updated maxmap 9: 1c8 (len: 232)
updated maxmap 10: 1d2 (len: 232)
updated maxmap 9: 1c9 (len: 234)
updated maxmap 10: 1d3 (len: 234)
updated maxmap 11: 1c0 (len: 232)
updated maxmap 9: 1ca (len: 232)
updated maxmap 10: 1d4 (len: 232)
updated maxmap 11: 1d8 (len: 236)
updated maxmap 9: 1d1 (len: 233)
updated maxmap 8: 1c0 (len: 226)
updated maxmap 8: 1c1 (len: 226)
[1;94m[*] [0mFuzzing test case #7 (766 total, 0 uniq crashes found)...[0m
scheduled max input!!!!
schedule: 10 level10_1/ijon_max/10
updated maxmap 10: 1d6 (len: 233)
updated maxmap 9: 1d2 (len: 232)
updated maxmap 8: 1cc (len: 232)
updated maxmap 10: 1d7 (len: 232)
updated maxmap 9: 1e3 (len: 240)
updated maxmap 10: 1e1 (len: 240)
updated maxmap 11: 1db (len: 240)
updated maxmap 10: 1e3 (len: 238)
updated maxmap 11: 1df (len: 237)
updated maxmap 9: 1e4 (len: 239)
updated maxmap 9: 1e8 (len: 240)
updated maxmap 9: 1ed (len: 246)
updated maxmap 10: 1e4 (len: 246)
updated maxmap 11: 1e4 (len: 239)
updated maxmap 9: 1ef (len: 242)
updated maxmap 10: 1e9 (len: 242)
updated maxmap 8: 1f1 (len: 248)
[1;94m[*] [0mFuzzing test case #8 (796 total, 0 uniq crashes found)...[0m
scheduled max input!!!!
schedule: 10 level10_1/ijon_max/10
updated maxmap 9: 1f3 (len: 242)
updated maxmap 10: 1ed (len: 242)
updated maxmap 11: 1e7 (len: 242)
updated maxmap 10: 1ee (len: 242)
updated maxmap 11: 1e8 (len: 242)
updated maxmap 10: 1f1 (len: 255)
updated maxmap 11: 1f1 (len: 306)
updated maxmap 10: 1f2 (len: 250)
updated maxmap 8: 1f3 (len: 244)
[1;94m[*] [0mFuzzing test case #9 (831 total, 0 uniq crashes found)...[0m
scheduled max input!!!!
schedule: 6 level10_1/ijon_max/6
updated maxmap 5: 1c7 (len: 228)
updated maxmap 4: 1bd (len: 226)
updated maxmap 7: 1a2 (len: 226)
updated maxmap 5: 1cb (len: 231)
updated maxmap 6: 1ae (len: 231)
updated maxmap 7: 1a7 (len: 231)
updated maxmap 7: 1a8 (len: 226)
updated maxmap 7: 1be (len: 226)
updated maxmap 6: 1cc (len: 231)
updated maxmap 4: 1bf (len: 226)
updated maxmap 6: 1d3 (len: 233)
updated maxmap 4: 1c9 (len: 232)
updated maxmap 5: 1d2 (len: 232)
updated maxmap 5: 1d7 (len: 235)
updated maxmap 6: 1da (len: 235)
updated maxmap 11: 1f2 (len: 298)
[1;94m[*] [0mFuzzing test case #10 (857 total, 0 uniq crashes found)...[0m
scheduled max input!!!!
schedule: 4 level10_1/ijon_max/4
updated maxmap 4: 1cf (len: 234)
updated maxmap 5: 1d8 (len: 234)
updated maxmap 4: 1d4 (len: 235)
updated maxmap 5: 1d9 (len: 235)
[1;94m[*] [0mFuzzing test case #11 (857 total, 0 uniq crashes found)...[0m
scheduled max input!!!!
schedule: 8 level10_1/ijon_max/8
[1;94m[*] [0mFuzzing test case #12 (858 total, 0 uniq crashes found)...[0m
[1;94m[*] [0mFuzzing test case #13 (858 total, 0 uniq crashes found)...[0m
scheduled max input!!!!
schedule: 6 level10_1/ijon_max/6
updated maxmap 6: 1db (len: 235)
[1;94m[*] [0mFuzzing test case #14 (858 total, 0 uniq crashes found)...[0m
scheduled max input!!!!
schedule: 8 level10_1/ijon_max/8
updated maxmap 8: 1f4 (len: 244)
updated maxmap 7: 1fd (len: 248)
updated maxmap 8: 1fa (len: 248)
updated maxmap 8: 1fb (len: 246)
updated maxmap 7: 1fe (len: 250)
updated maxmap 6: 207 (len: 251)
[1;94m[*] [0mFuzzing test case #15 (874 total, 0 uniq crashes found)...[0m
scheduled max input!!!!
schedule: 9 level10_1/ijon_max/9
[1;94m[*] [0mFuzzing test case #16 (874 total, 0 uniq crashes found)...[0m
scheduled max input!!!!
schedule: 10 level10_1/ijon_max/10
[1;94m[*] [0mFuzzing test case #17 (874 total, 0 uniq crashes found)...[0m
scheduled max input!!!!
schedule: 5 level10_1/ijon_max/5
[1;94m[*] [0mFuzzing test case #18 (874 total, 0 uniq crashes found)...[0m
[1;94m[*] [0mFuzzing test case #19 (874 total, 0 uniq crashes found)...[0m
[1;94m[*] [0mFuzzing test case #20 (874 total, 0 uniq crashes found)...[0m
scheduled max input!!!!
schedule: 6 level10_1/ijon_max/6
updated maxmap 6: 208 (len: 251)
updated maxmap 8: 1fe (len: 251)
updated maxmap 6: 209 (len: 251)
updated maxmap 7: 1ff (len: 251)
updated maxmap 6: 20a (len: 251)
updated maxmap 7: 200 (len: 251)
updated maxmap 5: 21b (len: 259)
updated maxmap 6: 21e (len: 259)
updated maxmap 9: 1f4 (len: 251)
[1;94m[*] [0mFuzzing test case #21 (893 total, 0 uniq crashes found)...[0m
scheduled max input!!!!
schedule: 10 level10_1/ijon_max/10
[1;94m[*] [0mFuzzing test case #22 (893 total, 0 uniq crashes found)...[0m
scheduled max input!!!!
schedule: 11 level10_1/ijon_max/11
updated maxmap 11: 1f3 (len: 298)
updated maxmap 10: 1f3 (len: 299)
[1;94m[*] [0mFuzzing test case #23 (936 total, 0 uniq crashes found)...[0m
[1;94m[*] [0mFuzzing test case #24 (936 total, 0 uniq crashes found)...[0m
[1;94m[*] [0mFuzzing test case #25 (936 total, 0 uniq crashes found)...[0m
scheduled max input!!!!
schedule: 6 level10_1/ijon_max/6
updated maxmap 8: 1ff (len: 265)
updated maxmap 6: 225 (len: 262)
updated maxmap 8: 200 (len: 259)
updated maxmap 7: 22b (len: 265)
updated maxmap 7: 22f (len: 266)
[1;94m[*] [0mFuzzing test case #26 (946 total, 0 uniq crashes found)...[0m
[1;94m[*] [0mFuzzing test case #27 (946 total, 0 uniq crashes found)...[0m
scheduled max input!!!!
schedule: 3 level10_1/ijon_max/3
[1;94m[*] [0mFuzzing test case #28 (947 total, 0 uniq crashes found)...[0m
scheduled max input!!!!
schedule: 7 level10_1/ijon_max/7
updated maxmap 6: 226 (len: 266)
updated maxmap 7: 230 (len: 266)
updated maxmap 8: 235 (len: 268)
updated maxmap 8: 238 (len: 273)
updated maxmap 9: 240 (len: 273)
updated maxmap 8: 239 (len: 270)
updated maxmap 5: 21c (len: 266)
updated maxmap 6: 228 (len: 266)
updated maxmap 10: 241 (len: 273)
updated maxmap 8: 23a (len: 274)
updated maxmap 9: 244 (len: 274)
[1;94m[*] [0mFuzzing test case #29 (962 total, 0 uniq crashes found)...[0m
scheduled max input!!!!
schedule: 5 level10_1/ijon_max/5
[1;94m[*] [0mFuzzing test case #30 (962 total, 0 uniq crashes found)...[0m
scheduled max input!!!!
schedule: 10 level10_1/ijon_max/10
[1;94m[*] [0mFuzzing test case #31 (963 total, 0 uniq crashes found)...[0m
[1;94m[*] [0mFuzzing test case #32 (963 total, 0 uniq crashes found)...[0m
scheduled max input!!!!
schedule: 8 level10_1/ijon_max/8
[1;94m[*] [0mFuzzing test case #33 (964 total, 0 uniq crashes found)...[0m
scheduled max input!!!!
schedule: 3 level10_1/ijon_max/3
[1;94m[*] [0mFuzzing test case #34 (964 total, 0 uniq crashes found)...[0m
scheduled max input!!!!
schedule: 10 level10_1/ijon_max/10
[1;94m[*] [0mFuzzing test case #35 (964 total, 0 uniq crashes found)...[0m
scheduled max input!!!!
schedule: 5 level10_1/ijon_max/5
updated maxmap 7: 232 (len: 273)
updated maxmap 8: 23c (len: 273)
[1;94m[*] [0mFuzzing test case #36 (964 total, 0 uniq crashes found)...[0m
scheduled max input!!!!
schedule: 5 level10_1/ijon_max/5
updated maxmap 10: 24d (len: 284)
updated maxmap 11: 251 (len: 284)
[1;94m[*] [0mFuzzing test case #37 (965 total, 0 uniq crashes found)...[0m
[1;94m[*] [0mFuzzing test case #38 (965 total, 0 uniq crashes found)...[0m
scheduled max input!!!!
schedule: 8 level10_1/ijon_max/8
[1;94m[*] [0mFuzzing test case #39 (967 total, 0 uniq crashes found)...[0m
scheduled max input!!!!
schedule: 5 level10_1/ijon_max/5
[1;94m[*] [0mFuzzing test case #40 (967 total, 0 uniq crashes found)...[0m
scheduled max input!!!!
schedule: 4 level10_1/ijon_max/4
[1;94m[*] [0mFuzzing test case #41 (967 total, 0 uniq crashes found)...[0m
scheduled max input!!!!
schedule: 7 level10_1/ijon_max/7
[1;94m[*] [0mFuzzing test case #42 (967 total, 0 uniq crashes found)...[0m
scheduled max input!!!!
schedule: 7 level10_1/ijon_max/7
[1;94m[*] [0mFuzzing test case #43 (967 total, 0 uniq crashes found)...[0m
scheduled max input!!!!
schedule: 9 level10_1/ijon_max/9
[1;94m[*] [0mFuzzing test case #44 (967 total, 0 uniq crashes found)...[0m
scheduled max input!!!!
schedule: 10 level10_1/ijon_max/10
updated maxmap 9: 252 (len: 284)
updated maxmap 10: 252 (len: 284)
[1;94m[*] [0mFuzzing test case #45 (967 total, 0 uniq crashes found)...[0m
[1;94m[*] [0mFuzzing test case #46 (967 total, 0 uniq crashes found)...[0m
scheduled max input!!!!
schedule: 3 level10_1/ijon_max/3
updated maxmap 3: 1d1 (len: 234)
updated maxmap 4: 1d8 (len: 234)
[1;94m[*] [0mFuzzing test case #47 (967 total, 0 uniq crashes found)...[0m
scheduled max input!!!!
schedule: 7 level10_1/ijon_max/7
[1;94m[*] [0mFuzzing test case #48 (968 total, 0 uniq crashes found)...[0m
scheduled max input!!!!
schedule: 5 level10_1/ijon_max/5
[1;94m[*] [0mFuzzing test case #49 (968 total, 0 uniq crashes found)...[0m
scheduled max input!!!!
schedule: 7 level10_1/ijon_max/7
[1;94m[*] [0mFuzzing test case #50 (968 total, 0 uniq crashes found)...[0m
[1;94m[*] [0mFuzzing test case #51 (968 total, 0 uniq crashes found)...[0m
scheduled max input!!!!
schedule: 3 level10_1/ijon_max/3
updated maxmap 3: 1d5 (len: 235)
updated maxmap 4: 1dc (len: 235)
[1;94m[*] [0mFuzzing test case #52 (968 total, 0 uniq crashes found)...[0m
scheduled max input!!!!
schedule: 7 level10_1/ijon_max/7
[1;94m[*] [0mFuzzing test case #53 (968 total, 0 uniq crashes found)...[0m
scheduled max input!!!!
schedule: 3 level10_1/ijon_max/3
[1;94m[*] [0mFuzzing test case #54 (968 total, 0 uniq crashes found)...[0m
scheduled max input!!!!
schedule: 6 level10_1/ijon_max/6
[1;94m[*] [0mFuzzing test case #55 (968 total, 0 uniq crashes found)...[0m
scheduled max input!!!!
schedule: 5 level10_1/ijon_max/5
[1;94m[*] [0mFuzzing test case #56 (968 total, 0 uniq crashes found)...[0m
scheduled max input!!!!
schedule: 3 level10_1/ijon_max/3
[1;94m[*] [0mFuzzing test case #57 (968 total, 0 uniq crashes found)...[0m
scheduled max input!!!!
schedule: 7 level10_1/ijon_max/7
[1;94m[*] [0mFuzzing test case #58 (968 total, 0 uniq crashes found)...[0m
scheduled max input!!!!
schedule: 9 level10_1/ijon_max/9
updated maxmap 11: 252 (len: 291)
updated maxmap 8: 250 (len: 292)
updated maxmap 5: 223 (len: 284)
updated maxmap 6: 22d (len: 284)
updated maxmap 7: 237 (len: 284)
[1;94m[*] [0mFuzzing test case #59 (984 total, 0 uniq crashes found)...[0m
scheduled max input!!!!
schedule: 9 level10_1/ijon_max/9
[1;94m[*] [0mFuzzing test case #60 (984 total, 0 uniq crashes found)...[0m
scheduled max input!!!!
schedule: 7 level10_1/ijon_max/7
updated maxmap 10: 253 (len: 284)
updated maxmap 5: 225 (len: 284)
updated maxmap 6: 22f (len: 284)
updated maxmap 7: 239 (len: 284)
updated maxmap 5: 226 (len: 284)
updated maxmap 6: 230 (len: 284)
updated maxmap 7: 23a (len: 284)
[1;94m[*] [0mFuzzing test case #61 (988 total, 0 uniq crashes found)...[0m
scheduled max input!!!!
schedule: 10 level10_1/ijon_max/10
[1;94m[*] [0mFuzzing test case #62 (988 total, 0 uniq crashes found)...[0m
scheduled max input!!!!
schedule: 10 level10_1/ijon_max/10
[1;94m[*] [0mFuzzing test case #63 (988 total, 0 uniq crashes found)...[0m
scheduled max input!!!!
schedule: 5 level10_1/ijon_max/5
[1;94m[*] [0mFuzzing test case #64 (988 total, 0 uniq crashes found)...[0m
[1;94m[*] [0mFuzzing test case #65 (988 total, 0 uniq crashes found)...[0m
[1;94m[*] [0mFuzzing test case #66 (988 total, 0 uniq crashes found)...[0m
scheduled max input!!!!
schedule: 8 level10_1/ijon_max/8
[1;94m[*] [0mFuzzing test case #67 (988 total, 0 uniq crashes found)...[0m
scheduled max input!!!!
schedule: 8 level10_1/ijon_max/8
[1;94m[*] [0mFuzzing test case #68 (988 total, 0 uniq crashes found)...[0m
scheduled max input!!!!
schedule: 11 level10_1/ijon_max/11
[1;94m[*] [0mFuzzing test case #69 (988 total, 0 uniq crashes found)...[0m
scheduled max input!!!!
schedule: 5 level10_1/ijon_max/5
[1;94m[*] [0mFuzzing test case #70 (990 total, 0 uniq crashes found)...[0m
scheduled max input!!!!
schedule: 5 level10_1/ijon_max/5
[1;94m[*] [0mFuzzing test case #71 (990 total, 0 uniq crashes found)...[0m
scheduled max input!!!!
schedule: 7 level10_1/ijon_max/7
[1;94m[*] [0mFuzzing test case #72 (990 total, 0 uniq crashes found)...[0m
scheduled max input!!!!
schedule: 9 level10_1/ijon_max/9
[1;94m[*] [0mFuzzing test case #73 (990 total, 0 uniq crashes found)...[0m
scheduled max input!!!!
schedule: 11 level10_1/ijon_max/11
[1;94m[*] [0mFuzzing test case #74 (990 total, 0 uniq crashes found)...[0m
scheduled max input!!!!
schedule: 7 level10_1/ijon_max/7
[1;94m[*] [0mFuzzing test case #75 (993 total, 0 uniq crashes found)...[0m
scheduled max input!!!!
schedule: 6 level10_1/ijon_max/6
[1;94m[*] [0mFuzzing test case #76 (993 total, 0 uniq crashes found)...[0m
scheduled max input!!!!
schedule: 5 level10_1/ijon_max/5
[1;94m[*] [0mFuzzing test case #77 (995 total, 0 uniq crashes found)...[0m
[1;94m[*] [0mFuzzing test case #78 (995 total, 0 uniq crashes found)...[0m
scheduled max input!!!!
schedule: 7 level10_1/ijon_max/7
[1;94m[*] [0mFuzzing test case #79 (996 total, 0 uniq crashes found)...[0m
scheduled max input!!!!
schedule: 11 level10_1/ijon_max/11
[1;94m[*] [0mFuzzing test case #80 (996 total, 0 uniq crashes found)...[0m
[1;94m[*] [0mFuzzing test case #81 (996 total, 0 uniq crashes found)...[0m
scheduled max input!!!!
schedule: 4 level10_1/ijon_max/4
[1;94m[*] [0mFuzzing test case #82 (996 total, 0 uniq crashes found)...[0m
scheduled max input!!!!
schedule: 6 level10_1/ijon_max/6
[1;94m[*] [0mFuzzing test case #83 (996 total, 0 uniq crashes found)...[0m
scheduled max input!!!!
schedule: 5 level10_1/ijon_max/5
[1;94m[*] [0mFuzzing test case #84 (996 total, 0 uniq crashes found)...[0m
[1;94m[*] [0mFuzzing test case #85 (996 total, 0 uniq crashes found)...[0m
scheduled max input!!!!
schedule: 8 level10_1/ijon_max/8
[1;94m[*] [0mFuzzing test case #86 (996 total, 0 uniq crashes found)...[0m
scheduled max input!!!!
schedule: 4 level10_1/ijon_max/4
[1;94m[*] [0mFuzzing test case #87 (996 total, 0 uniq crashes found)...[0m
scheduled max input!!!!
schedule: 11 level10_1/ijon_max/11
[1;94m[*] [0mFuzzing test case #88 (996 total, 0 uniq crashes found)...[0m
scheduled max input!!!!
schedule: 7 level10_1/ijon_max/7
[1;94m[*] [0mFuzzing test case #89 (996 total, 0 uniq crashes found)...[0m
scheduled max input!!!!
schedule: 6 level10_1/ijon_max/6
[1;94m[*] [0mFuzzing test case #90 (996 total, 0 uniq crashes found)...[0m
scheduled max input!!!!
schedule: 6 level10_1/ijon_max/6
[1;94m[*] [0mFuzzing test case #91 (996 total, 0 uniq crashes found)...[0m
scheduled max input!!!!
schedule: 7 level10_1/ijon_max/7
[1;94m[*] [0mFuzzing test case #92 (997 total, 0 uniq crashes found)...[0m
scheduled max input!!!!
schedule: 4 level10_1/ijon_max/4
[1;94m[*] [0mFuzzing test case #93 (997 total, 0 uniq crashes found)...[0m
scheduled max input!!!!
schedule: 7 level10_1/ijon_max/7
updated maxmap 5: 22a (len: 284)
updated maxmap 6: 234 (len: 284)
updated maxmap 7: 23e (len: 284)
[1;94m[*] [0mFuzzing test case #94 (997 total, 0 uniq crashes found)...[0m
scheduled max input!!!!
schedule: 6 level10_1/ijon_max/6
[1;94m[*] [0mFuzzing test case #95 (997 total, 0 uniq crashes found)...[0m
scheduled max input!!!!
schedule: 4 level10_1/ijon_max/4
updated maxmap 4: 1e1 (len: 240)
[1;94m[*] [0mFuzzing test case #96 (997 total, 0 uniq crashes found)...[0m
scheduled max input!!!!
schedule: 3 level10_1/ijon_max/3
updated maxmap 3: 1e2 (len: 243)
updated maxmap 4: 1e9 (len: 243)
updated maxmap 3: 1e4 (len: 241)
updated maxmap 3: 1e5 (len: 242)
updated maxmap 3: 1e6 (len: 247)
updated maxmap 4: 1ed (len: 247)
[1;94m[*] [0mFuzzing test case #97 (1006 total, 0 uniq crashes found)...[0m
scheduled max input!!!!
schedule: 8 level10_1/ijon_max/8
[1;94m[*] [0mFuzzing test case #98 (1006 total, 0 uniq crashes found)...[0m
scheduled max input!!!!
schedule: 4 level10_1/ijon_max/4
[1;94m[*] [0mFuzzing test case #99 (1006 total, 0 uniq crashes found)...[0m
scheduled max input!!!!
schedule: 9 level10_1/ijon_max/9
[1;94m[*] [0mFuzzing test case #100 (1006 total, 0 uniq crashes found)...[0m
scheduled max input!!!!
schedule: 10 level10_1/ijon_max/10
updated maxmap 4: 22b (len: 284)
updated maxmap 5: 235 (len: 284)
updated maxmap 6: 23f (len: 284)
updated maxmap 7: 249 (len: 284)
updated maxmap 8: 252 (len: 284)
[1;94m[*] [0mFuzzing test case #101 (1016 total, 0 uniq crashes found)...[0m
scheduled max input!!!!
schedule: 11 level10_1/ijon_max/11
[1;94m[*] [0mFuzzing test case #102 (1016 total, 0 uniq crashes found)...[0m
scheduled max input!!!!
schedule: 3 level10_1/ijon_max/3
updated maxmap 3: 1e8 (len: 248)
updated maxmap 3: 1e9 (len: 247)
[1;94m[*] [0mFuzzing test case #103 (1016 total, 0 uniq crashes found)...[0m
scheduled max input!!!!
schedule: 4 level10_1/ijon_max/4
updated maxmap 3: 22f (len: 284)
updated maxmap 4: 23b (len: 284)
updated maxmap 5: 245 (len: 284)
updated maxmap 6: 24f (len: 284)
updated maxmap 7: 256 (len: 284)
updated maxmap 4: 23c (len: 284)
updated maxmap 5: 246 (len: 284)
updated maxmap 6: 250 (len: 284)
[1;94m[*] [0mFuzzing test case #104 (1016 total, 0 uniq crashes found)...[0m
scheduled max input!!!!
schedule: 9 level10_1/ijon_max/9
[1;94m[*] [0mFuzzing test case #105 (1017 total, 0 uniq crashes found)...[0m
[1;94m[*] [0mFuzzing test case #106 (1017 total, 0 uniq crashes found)...[0m
scheduled max input!!!!
schedule: 10 level10_1/ijon_max/10
[1;94m[*] [0mFuzzing test case #107 (1017 total, 0 uniq crashes found)...[0m
[1;94m[*] [0mFuzzing test case #108 (1017 total, 0 uniq crashes found)...[0m
scheduled max input!!!!
schedule: 11 level10_1/ijon_max/11
[1;94m[*] [0mFuzzing test case #109 (1017 total, 0 uniq crashes found)...[0m
scheduled max input!!!!
schedule: 7 level10_1/ijon_max/7
[1;94m[*] [0mFuzzing test case #110 (1017 total, 0 uniq crashes found)...[0m
scheduled max input!!!!
schedule: 7 level10_1/ijon_max/7
updated maxmap 3: 232 (len: 284)
updated maxmap 4: 23e (len: 284)
updated maxmap 5: 248 (len: 284)
updated maxmap 6: 252 (len: 284)
updated maxmap 7: 259 (len: 284)
updated maxmap 6: 25e (len: 288)
updated maxmap 7: 25a (len: 288)
updated maxmap 7: 25c (len: 288)
updated maxmap 5: 26d (len: 292)
updated maxmap 4: 26b (len: 291)
updated maxmap 7: 25d (len: 286)
[1;94m[*] [0mFuzzing test case #111 (1023 total, 0 uniq crashes found)...[0m
scheduled max input!!!!
schedule: 6 level10_1/ijon_max/6
[1;94m[*] [0mFuzzing test case #112 (1023 total, 0 uniq crashes found)...[0m
scheduled max input!!!!
schedule: 7 level10_1/ijon_max/7
[1;94m[*] [0mFuzzing test case #113 (1023 total, 0 uniq crashes found)...[0m
[1;94m[*] [0mFuzzing test case #114 (1023 total, 0 uniq crashes found)...[0m
scheduled max input!!!!
schedule: 8 level10_1/ijon_max/8
[1;94m[*] [0mFuzzing test case #115 (1023 total, 0 uniq crashes found)...[0m
scheduled max input!!!!
schedule: 5 level10_1/ijon_max/5
updated maxmap 5: 26e (len: 292)
updated maxmap 3: 23a (len: 295)
updated maxmap 5: 270 (len: 292)
updated maxmap 5: 277 (len: 295)
[1;94m[*] [0mFuzzing test case #116 (1025 total, 0 uniq crashes found)...[0m
[1;94m[*] [0mFuzzing test case #117 (1025 total, 0 uniq crashes found)...[0m
scheduled max input!!!!
schedule: 10 level10_1/ijon_max/10
[1;94m[*] [0mFuzzing test case #118 (1025 total, 0 uniq crashes found)...[0m
scheduled max input!!!!
schedule: 3 level10_1/ijon_max/3
updated maxmap 6: 260 (len: 295)
[1;94m[*] [0mFuzzing test case #119 (1026 total, 0 uniq crashes found)...[0m
scheduled max input!!!!
schedule: 10 level10_1/ijon_max/10
[1;94m[*] [0mFuzzing test case #120 (1027 total, 0 uniq crashes found)...[0m
[1;94m[*] [0mFuzzing test case #121 (1027 total, 0 uniq crashes found)...[0m
scheduled max input!!!!
schedule: 4 level10_1/ijon_max/4
updated maxmap 4: 26c (len: 291)
[1;94m[*] [0mFuzzing test case #122 (1027 total, 0 uniq crashes found)...[0m
[1;94m[*] [0mFuzzing test case #123 (1027 total, 0 uniq crashes found)...[0m
scheduled max input!!!!
schedule: 5 level10_1/ijon_max/5
[1;94m[*] [0mFuzzing test case #124 (1027 total, 0 uniq crashes found)...[0m
scheduled max input!!!!
schedule: 3 level10_1/ijon_max/3
[1;94m[*] [0mFuzzing test case #125 (1027 total, 0 uniq crashes found)...[0m
[1;94m[*] [0mFuzzing test case #126 (1027 total, 0 uniq crashes found)...[0m
scheduled max input!!!!
schedule: 9 level10_1/ijon_max/9
[1;94m[*] [0mFuzzing test case #127 (1027 total, 0 uniq crashes found)...[0m
scheduled max input!!!!
schedule: 4 level10_1/ijon_max/4
[1;94m[*] [0mFuzzing test case #128 (1028 total, 0 uniq crashes found)...[0m
scheduled max input!!!!
schedule: 5 level10_1/ijon_max/5
[1;94m[*] [0mFuzzing test case #129 (1028 total, 0 uniq crashes found)...[0m
[1;94m[*] [0mFuzzing test case #130 (1028 total, 0 uniq crashes found)...[0m
scheduled max input!!!!
schedule: 5 level10_1/ijon_max/5
[1;94m[*] [0mFuzzing test case #131 (1028 total, 0 uniq crashes found)...[0m
scheduled max input!!!!
schedule: 6 level10_1/ijon_max/6
updated maxmap 7: 25e (len: 295)
[1;94m[*] [0mFuzzing test case #132 (1028 total, 0 uniq crashes found)...[0m
[1;94m[*] [0mFuzzing test case #133 (1028 total, 0 uniq crashes found)...[0m
scheduled max input!!!!
schedule: 5 level10_1/ijon_max/5
[1;94m[*] [0mFuzzing test case #134 (1028 total, 0 uniq crashes found)...[0m
scheduled max input!!!!
schedule: 3 level10_1/ijon_max/3
[1;94m[*] [0mFuzzing test case #135 (1028 total, 0 uniq crashes found)...[0m
scheduled max input!!!!
schedule: 11 level10_1/ijon_max/11
[1;94m[*] [0mFuzzing test case #136 (1028 total, 0 uniq crashes found)...[0m
scheduled max input!!!!
schedule: 9 level10_1/ijon_max/9
[1;94m[*] [0mFuzzing test case #137 (1028 total, 0 uniq crashes found)...[0m
scheduled max input!!!!
schedule: 7 level10_1/ijon_max/7
[1;94m[*] [0mFuzzing test case #138 (1028 total, 0 uniq crashes found)...[0m
scheduled max input!!!!
schedule: 11 level10_1/ijon_max/11
[1;94m[*] [0mFuzzing test case #139 (1028 total, 0 uniq crashes found)...[0m
scheduled max input!!!!
schedule: 4 level10_1/ijon_max/4
[1;94m[*] [0mFuzzing test case #140 (1028 total, 0 uniq crashes found)...[0m
scheduled max input!!!!
schedule: 10 level10_1/ijon_max/10
[1;94m[*] [0mFuzzing test case #141 (1028 total, 0 uniq crashes found)...[0m
scheduled max input!!!!
schedule: 10 level10_1/ijon_max/10
[1;94m[*] [0mFuzzing test case #142 (1028 total, 0 uniq crashes found)...[0m
scheduled max input!!!!
schedule: 8 level10_1/ijon_max/8
updated maxmap 8: 254 (len: 284)
updated maxmap 9: 253 (len: 284)
[1;94m[*] [0mFuzzing test case #143 (1028 total, 0 uniq crashes found)...[0m
[1;94m[*] [0mFuzzing test case #144 (1028 total, 0 uniq crashes found)...[0m
scheduled max input!!!!
schedule: 6 level10_1/ijon_max/6
[1;94m[*] [0mFuzzing test case #145 (1028 total, 0 uniq crashes found)...[0m
[1;94m[*] [0mFuzzing test case #146 (1028 total, 0 uniq crashes found)...[0m
scheduled max input!!!!
schedule: 3 level10_1/ijon_max/3
updated maxmap 3: 23c (len: 295)
updated maxmap 7: 25f (len: 295)
[1;94m[*] [0mFuzzing test case #147 (1028 total, 0 uniq crashes found)...[0m
scheduled max input!!!!
schedule: 3 level10_1/ijon_max/3
[1;94m[*] [0mFuzzing test case #148 (1028 total, 0 uniq crashes found)...[0m
scheduled max input!!!!
schedule: 7 level10_1/ijon_max/7
[1;94m[*] [0mFuzzing test case #149 (1028 total, 0 uniq crashes found)...[0m
scheduled max input!!!!
schedule: 8 level10_1/ijon_max/8
[1;94m[*] [0mFuzzing test case #150 (1028 total, 0 uniq crashes found)...[0m
scheduled max input!!!!
schedule: 8 level10_1/ijon_max/8
updated maxmap 9: 254 (len: 284)
[1;94m[*] [0mFuzzing test case #151 (1028 total, 0 uniq crashes found)...[0m
scheduled max input!!!!
schedule: 3 level10_1/ijon_max/3
[1;94m[*] [0mFuzzing test case #152 (1029 total, 0 uniq crashes found)...[0m
scheduled max input!!!!
schedule: 7 level10_1/ijon_max/7
[1;94m[*] [0mFuzzing test case #153 (1029 total, 0 uniq crashes found)...[0m
scheduled max input!!!!
schedule: 10 level10_1/ijon_max/10
[1;94m[*] [0mFuzzing test case #154 (1029 total, 0 uniq crashes found)...[0m
[1;94m[*] [0mFuzzing test case #155 (1029 total, 0 uniq crashes found)...[0m
scheduled max input!!!!
schedule: 3 level10_1/ijon_max/3
[1;94m[*] [0mFuzzing test case #156 (1029 total, 0 uniq crashes found)...[0m
scheduled max input!!!!
schedule: 11 level10_1/ijon_max/11
[1;94m[*] [0mFuzzing test case #157 (1029 total, 0 uniq crashes found)...[0m
[1;94m[*] [0mFuzzing test case #158 (1029 total, 0 uniq crashes found)...[0m
scheduled max input!!!!
schedule: 10 level10_1/ijon_max/10
[1;94m[*] [0mFuzzing test case #159 (1029 total, 0 uniq crashes found)...[0m
[1;94m[*] [0mFuzzing test case #160 (1029 total, 0 uniq crashes found)...[0m
scheduled max input!!!!
schedule: 6 level10_1/ijon_max/6
updated maxmap 7: 260 (len: 295)
[1;94m[*] [0mFuzzing test case #161 (1029 total, 0 uniq crashes found)...[0m
scheduled max input!!!!
schedule: 9 level10_1/ijon_max/9
[1;94m[*] [0mFuzzing test case #162 (1029 total, 0 uniq crashes found)...[0m
scheduled max input!!!!
schedule: 6 level10_1/ijon_max/6
updated maxmap 3: 288 (len: 303)
updated maxmap 4: 274 (len: 303)
updated maxmap 5: 27c (len: 298)
updated maxmap 4: 283 (len: 301)
[1;94m[*] [0mFuzzing test case #163 (1037 total, 0 uniq crashes found)...[0m
scheduled max input!!!!
schedule: 3 level10_1/ijon_max/3
updated maxmap 4: 288 (len: 303)
updated maxmap 5: 288 (len: 303)
updated maxmap 6: 265 (len: 309)
updated maxmap 6: 288 (len: 303)
updated maxmap 4: 291 (len: 307)
updated maxmap 4: 295 (len: 311)
updated maxmap 5: 29c (len: 311)
updated maxmap 6: 297 (len: 309)
[1;94m[*] [0mFuzzing test case #164 (1048 total, 0 uniq crashes found)...[0m
[1;94m[*] [0mFuzzing test case #165 (1048 total, 0 uniq crashes found)...[0m
scheduled max input!!!!
schedule: 7 level10_1/ijon_max/7
[1;94m[*] [0mFuzzing test case #166 (1048 total, 0 uniq crashes found)...[0m
[1;94m[*] [0mFuzzing test case #167 (1048 total, 0 uniq crashes found)...[0m
scheduled max input!!!!
schedule: 9 level10_1/ijon_max/9
[1;94m[*] [0mFuzzing test case #168 (1048 total, 0 uniq crashes found)...[0m
scheduled max input!!!!
schedule: 5 level10_1/ijon_max/5
[1;94m[*] [0mFuzzing test case #169 (1048 total, 0 uniq crashes found)...[0m
[1;94m[*] [0mFuzzing test case #170 (1048 total, 0 uniq crashes found)...[0m
scheduled max input!!!!
schedule: 6 level10_1/ijon_max/6
updated maxmap 6: 29a (len: 311)
updated maxmap 7: 29c (len: 311)
[1;94m[*] [0mFuzzing test case #171 (1048 total, 0 uniq crashes found)...[0m
scheduled max input!!!!
schedule: 11 level10_1/ijon_max/11
[1;94m[*] [0mFuzzing test case #172 (1048 total, 0 uniq crashes found)...[0m
[1;94m[*] [0mFuzzing test case #173 (1048 total, 0 uniq crashes found)...[0m
scheduled max input!!!!
schedule: 10 level10_1/ijon_max/10
[1;94m[*] [0mFuzzing test case #174 (1048 total, 0 uniq crashes found)...[0m
scheduled max input!!!!
schedule: 4 level10_1/ijon_max/4
[1;94m[*] [0mFuzzing test case #175 (1048 total, 0 uniq crashes found)...[0m
[1;94m[*] [0mFuzzing test case #176 (1048 total, 0 uniq crashes found)...[0m
[1;94m[*] [0mFuzzing test case #177 (1048 total, 0 uniq crashes found)...[0m
scheduled max input!!!!
schedule: 6 level10_1/ijon_max/6
[1;94m[*] [0mFuzzing test case #178 (1048 total, 0 uniq crashes found)...[0m
scheduled max input!!!!
schedule: 5 level10_1/ijon_max/5
[1;94m[*] [0mFuzzing test case #179 (1048 total, 0 uniq crashes found)...[0m
[1;94m[*] [0mFuzzing test case #180 (1048 total, 0 uniq crashes found)...[0m
scheduled max input!!!!
schedule: 7 level10_1/ijon_max/7
[1;94m[*] [0mFuzzing test case #181 (1048 total, 0 uniq crashes found)...[0m
scheduled max input!!!!
schedule: 3 level10_1/ijon_max/3
[1;94m[*] [0mFuzzing test case #182 (1048 total, 0 uniq crashes found)...[0m
scheduled max input!!!!
schedule: 4 level10_1/ijon_max/4
[1;94m[*] [0mFuzzing test case #183 (1048 total, 0 uniq crashes found)...[0m
scheduled max input!!!!
schedule: 4 level10_1/ijon_max/4
[1;94m[*] [0mFuzzing test case #184 (1049 total, 0 uniq crashes found)...[0m
scheduled max input!!!!
schedule: 9 level10_1/ijon_max/9
[1;94m[*] [0mFuzzing test case #185 (1049 total, 0 uniq crashes found)...[0m
scheduled max input!!!!
schedule: 5 level10_1/ijon_max/5
[1;94m[*] [0mFuzzing test case #186 (1050 total, 0 uniq crashes found)...[0m
[1;94m[*] [0mFuzzing test case #187 (1050 total, 0 uniq crashes found)...[0m
[1;94m[*] [0mFuzzing test case #188 (1050 total, 0 uniq crashes found)...[0m
scheduled max input!!!!
schedule: 10 level10_1/ijon_max/10
[1;94m[*] [0mFuzzing test case #189 (1050 total, 0 uniq crashes found)...[0m
scheduled max input!!!!
schedule: 5 level10_1/ijon_max/5
[1;94m[*] [0mFuzzing test case #190 (1050 total, 0 uniq crashes found)...[0m
scheduled max input!!!!
schedule: 8 level10_1/ijon_max/8
[1;94m[*] [0mFuzzing test case #191 (1050 total, 0 uniq crashes found)...[0m
scheduled max input!!!!
schedule: 5 level10_1/ijon_max/5
updated maxmap 5: 29f (len: 317)
updated maxmap 6: 2a9 (len: 317)
updated maxmap 7: 2ab (len: 317)
[1;94m[*] [0mFuzzing test case #192 (1051 total, 0 uniq crashes found)...[0m
scheduled max input!!!!
schedule: 3 level10_1/ijon_max/3
[1;94m[*] [0mFuzzing test case #193 (1051 total, 0 uniq crashes found)...[0m
scheduled max input!!!!
schedule: 5 level10_1/ijon_max/5
updated maxmap 3: 28d (len: 317)
updated maxmap 4: 297 (len: 317)
updated maxmap 5: 2a1 (len: 317)
updated maxmap 6: 2ab (len: 317)
updated maxmap 8: 29f (len: 317)
updated maxmap 9: 2a9 (len: 317)
updated maxmap 10: 2ab (len: 317)
[1;94m[*] [0mFuzzing test case #194 (1052 total, 0 uniq crashes found)...[0m
[1;94m[*] [0mFuzzing test case #195 (1052 total, 0 uniq crashes found)...[0m
scheduled max input!!!!
schedule: 10 level10_1/ijon_max/10
[1;94m[*] [0mFuzzing test case #196 (1053 total, 0 uniq crashes found)...[0m
[1;94m[*] [0mFuzzing test case #197 (1053 total, 0 uniq crashes found)...[0m
scheduled max input!!!!
schedule: 9 level10_1/ijon_max/9
[1;94m[*] [0mFuzzing test case #198 (1053 total, 0 uniq crashes found)...[0m
scheduled max input!!!!
schedule: 6 level10_1/ijon_max/6
updated maxmap 7: 2b5 (len: 324)
updated maxmap 8: 2bd (len: 324)
updated maxmap 10: 2b0 (len: 319)
[1;94m[*] [0mFuzzing test case #199 (1055 total, 0 uniq crashes found)...[0m
[1;94m[*] [0mFuzzing test case #200 (1055 total, 0 uniq crashes found)...[0m
[1;94m[*] [0mFuzzing test case #201 (1055 total, 0 uniq crashes found)...[0m
scheduled max input!!!!
schedule: 3 level10_1/ijon_max/3
updated maxmap 9: 2b8 (len: 323)
updated maxmap 10: 2ba (len: 323)
[1;94m[*] [0mFuzzing test case #202 (1056 total, 0 uniq crashes found)...[0m
scheduled max input!!!!
schedule: 5 level10_1/ijon_max/5
[1;94m[*] [0mFuzzing test case #203 (1056 total, 0 uniq crashes found)...[0m
[1;94m[*] [0mFuzzing test case #204 (1056 total, 0 uniq crashes found)...[0m
scheduled max input!!!!
schedule: 4 level10_1/ijon_max/4
[1;94m[*] [0mFuzzing test case #205 (1058 total, 0 uniq crashes found)...[0m
scheduled max input!!!!
schedule: 4 level10_1/ijon_max/4
updated maxmap 9: 2bf (len: 325)
updated maxmap 8: 2bf (len: 325)
[1;94m[*] [0mFuzzing test case #206 (1059 total, 0 uniq crashes found)...[0m
scheduled max input!!!!
schedule: 4 level10_1/ijon_max/4
updated maxmap 11: 2ba (len: 323)
[1;94m[*] [0mFuzzing test case #207 (1060 total, 0 uniq crashes found)...[0m
scheduled max input!!!!
schedule: 8 level10_1/ijon_max/8
updated maxmap 10: 2c2 (len: 326)
[1;94m[*] [0mFuzzing test case #208 (1062 total, 0 uniq crashes found)...[0m
scheduled max input!!!!
schedule: 10 level10_1/ijon_max/10
[1;94m[*] [0mFuzzing test case #209 (1062 total, 0 uniq crashes found)...[0m
scheduled max input!!!!
schedule: 10 level10_1/ijon_max/10
updated maxmap 11: 2c1 (len: 326)
[1;94m[*] [0mFuzzing test case #210 (1062 total, 0 uniq crashes found)...[0m
scheduled max input!!!!
schedule: 6 level10_1/ijon_max/6
[1;94m[*] [0mFuzzing test case #211 (1064 total, 0 uniq crashes found)...[0m
scheduled max input!!!!
schedule: 3 level10_1/ijon_max/3
[1;94m[*] [0mFuzzing test case #212 (1067 total, 0 uniq crashes found)...[0m
scheduled max input!!!!
schedule: 4 level10_1/ijon_max/4
[1;94m[*] [0mFuzzing test case #213 (1067 total, 0 uniq crashes found)...[0m
scheduled max input!!!!
schedule: 10 level10_1/ijon_max/10
[1;94m[*] [0mFuzzing test case #214 (1067 total, 0 uniq crashes found)...[0m
scheduled max input!!!!
schedule: 9 level10_1/ijon_max/9
[1;94m[*] [0mFuzzing test case #215 (1067 total, 0 uniq crashes found)...[0m
scheduled max input!!!!
schedule: 8 level10_1/ijon_max/8
[1;94m[*] [0mFuzzing test case #216 (1067 total, 0 uniq crashes found)...[0m
scheduled max input!!!!
schedule: 10 level10_1/ijon_max/10
[1;94m[*] [0mFuzzing test case #217 (1067 total, 0 uniq crashes found)...[0m
scheduled max input!!!!
schedule: 4 level10_1/ijon_max/4
[1;94m[*] [0mFuzzing test case #218 (1067 total, 0 uniq crashes found)...[0m
[1;94m[*] [0mFuzzing test case #219 (1067 total, 0 uniq crashes found)...[0m
scheduled max input!!!!
schedule: 4 level10_1/ijon_max/4
[1;94m[*] [0mFuzzing test case #220 (1067 total, 0 uniq crashes found)...[0m
scheduled max input!!!!
schedule: 7 level10_1/ijon_max/7
updated maxmap 9: 2c9 (len: 331)
updated maxmap 10: 2ce (len: 331)
[1;94m[*] [0mFuzzing test case #221 (1068 total, 0 uniq crashes found)...[0m
[1;94m[*] [0mFuzzing test case #222 (1068 total, 0 uniq crashes found)...[0m
[1;94m[*] [0mFuzzing test case #223 (1068 total, 0 uniq crashes found)...[0m
scheduled max input!!!!
schedule: 3 level10_1/ijon_max/3
[1;94m[*] [0mFuzzing test case #224 (1068 total, 0 uniq crashes found)...[0m
scheduled max input!!!!
schedule: 10 level10_1/ijon_max/10
[1;94m[*] [0mFuzzing test case #225 (1068 total, 0 uniq crashes found)...[0m
scheduled max input!!!!
schedule: 6 level10_1/ijon_max/6
[1;94m[*] [0mFuzzing test case #226 (1068 total, 0 uniq crashes found)...[0m
scheduled max input!!!!
schedule: 9 level10_1/ijon_max/9
updated maxmap 2: 29c (len: 339)
updated maxmap 3: 2a6 (len: 339)
updated maxmap 4: 2b0 (len: 339)
updated maxmap 5: 2ba (len: 339)
updated maxmap 6: 2c4 (len: 339)
updated maxmap 7: 2ce (len: 339)
updated maxmap 8: 2d8 (len: 339)
updated maxmap 9: 2e2 (len: 339)
updated maxmap 11: 2cd (len: 331)
updated maxmap 11: 2d1 (len: 332)
updated maxmap 10: 2e0 (len: 338)
updated maxmap 2: 29f (len: 338)
updated maxmap 3: 2a8 (len: 338)
updated maxmap 4: 2b2 (len: 338)
updated maxmap 5: 2bc (len: 338)
updated maxmap 6: 2c6 (len: 338)
updated maxmap 7: 2d0 (len: 338)
updated maxmap 8: 2da (len: 338)
updated maxmap 2: 2a9 (len: 331)
updated maxmap 3: 2b3 (len: 331)
updated maxmap 4: 2bd (len: 331)
updated maxmap 5: 2c7 (len: 331)
updated maxmap 6: 2ce (len: 331)
updated maxmap 11: 2dd (len: 338)
updated maxmap 12: 2e0 (len: 338)
updated maxmap 10: 2e4 (len: 342)
updated maxmap 11: 2e9 (len: 342)
[1;94m[*] [0mFuzzing test case #227 (1093 total, 0 uniq crashes found)...[0m
scheduled max input!!!!
schedule: 12 level10_1/ijon_max/12
updated maxmap 9: 2e9 (len: 343)
updated maxmap 10: 2ec (len: 343)
[1;94m[*] [0mFuzzing test case #228 (1094 total, 0 uniq crashes found)...[0m
scheduled max input!!!!
schedule: 6 level10_1/ijon_max/6
[1;94m[*] [0mFuzzing test case #229 (1094 total, 0 uniq crashes found)...[0m
[1;94m[*] [0mFuzzing test case #230 (1094 total, 0 uniq crashes found)...[0m
scheduled max input!!!!
schedule: 12 level10_1/ijon_max/12
updated maxmap 8: 2e0 (len: 338)
[1;94m[*] [0mFuzzing test case #231 (1094 total, 0 uniq crashes found)...[0m
scheduled max input!!!!
schedule: 2 level10_1/ijon_max/2
[1;94m[*] [0mFuzzing test case #232 (1095 total, 0 uniq crashes found)...[0m
[1;94m[*] [0mFuzzing test case #233 (1095 total, 0 uniq crashes found)...[0m
[1;94m[*] [0mFuzzing test case #234 (1095 total, 0 uniq crashes found)...[0m
scheduled max input!!!!
schedule: 8 level10_1/ijon_max/8
updated maxmap 9: 2f1 (len: 346)
updated maxmap 10: 2f4 (len: 346)
[1;94m[*] [0mFuzzing test case #235 (1096 total, 0 uniq crashes found)...[0m
scheduled max input!!!!
schedule: 5 level10_1/ijon_max/5
[1;94m[*] [0mFuzzing test case #236 (1096 total, 0 uniq crashes found)...[0m
[1;94m[*] [0mFuzzing test case #237 (1096 total, 0 uniq crashes found)...[0m
scheduled max input!!!!
schedule: 2 level10_1/ijon_max/2
[1;94m[*] [0mFuzzing test case #238 (1096 total, 0 uniq crashes found)...[0m
scheduled max input!!!!
schedule: 9 level10_1/ijon_max/9
updated maxmap 11: 2ec (len: 346)
updated maxmap 12: 2f0 (len: 346)
updated maxmap 13: 2f6 (len: 351)
updated maxmap 14: 2ff (len: 351)
updated maxmap 11: 2f0 (len: 357)
updated maxmap 15: 2fd (len: 350)
updated maxmap 8: 2ec (len: 348)
updated maxmap 9: 2f9 (len: 348)
updated maxmap 0: 307 (len: 354)
updated maxmap 15: 304 (len: 354)
updated maxmap 10: 2fb (len: 349)
updated maxmap 10: 302 (len: 352)
updated maxmap 7: 2f4 (len: 346)
updated maxmap 8: 2f4 (len: 354)
updated maxmap 9: 2fd (len: 354)
updated maxmap 10: 307 (len: 354)
[1;94m[*] [0mFuzzing test case #239 (1108 total, 0 uniq crashes found)...[0m
scheduled max input!!!!
schedule: 15 level10_1/ijon_max/15
updated maxmap 11: 304 (len: 354)
updated maxmap 11: 30a (len: 356)
updated maxmap 8: 2f6 (len: 354)
updated maxmap 9: 2ff (len: 354)
updated maxmap 8: 315 (len: 360)
updated maxmap 9: 306 (len: 360)
[1;94m[*] [0mFuzzing test case #240 (1121 total, 0 uniq crashes found)...[0m
[1;94m[*] [0mFuzzing test case #241 (1121 total, 0 uniq crashes found)...[0m
scheduled max input!!!!
schedule: 10 level10_1/ijon_max/10
[1;94m[*] [0mFuzzing test case #242 (1121 total, 0 uniq crashes found)...[0m
scheduled max input!!!!
schedule: 11 level10_1/ijon_max/11
[1;94m[*] [0mFuzzing test case #243 (1121 total, 0 uniq crashes found)...[0m
scheduled max input!!!!
schedule: 15 level10_1/ijon_max/15
[1;94m[*] [0mFuzzing test case #244 (1121 total, 0 uniq crashes found)...[0m
scheduled max input!!!!
schedule: 7 level10_1/ijon_max/7
[1;94m[*] [0mFuzzing test case #245 (1121 total, 0 uniq crashes found)...[0m
[1;94m[*] [0mFuzzing test case #246 (1121 total, 0 uniq crashes found)...[0m
[1;94m[*] [0mFuzzing test case #247 (1121 total, 0 uniq crashes found)...[0m
scheduled max input!!!!
schedule: 6 level10_1/ijon_max/6
[1;94m[*] [0mFuzzing test case #248 (1121 total, 0 uniq crashes found)...[0m
[1;94m[*] [0mFuzzing test case #249 (1121 total, 0 uniq crashes found)...[0m
scheduled max input!!!!
schedule: 8 level10_1/ijon_max/8
updated maxmap 8: 317 (len: 361)
updated maxmap 9: 308 (len: 361)
updated maxmap 8: 321 (len: 366)
updated maxmap 9: 323 (len: 366)
updated maxmap 10: 308 (len: 360)
updated maxmap 10: 30d (len: 360)
updated maxmap 10: 311 (len: 360)
updated maxmap 11: 30c (len: 360)
updated maxmap 12: 2f2 (len: 364)
[1;94m[*] [0mFuzzing test case #250 (1134 total, 0 uniq crashes found)...[0m
[1;94m[*] [0mFuzzing test case #251 (1134 total, 0 uniq crashes found)...[0m
[1;94m[*] [0mFuzzing test case #252 (1134 total, 0 uniq crashes found)...[0m
scheduled max input!!!!
schedule: 3 level10_1/ijon_max/3
[1;94m[*] [0mFuzzing test case #253 (1134 total, 0 uniq crashes found)...[0m
scheduled max input!!!!
schedule: 4 level10_1/ijon_max/4
[1;94m[*] [0mFuzzing test case #254 (1134 total, 0 uniq crashes found)...[0m
scheduled max input!!!!
schedule: 6 level10_1/ijon_max/6
[1;94m[*] [0mFuzzing test case #255 (1134 total, 0 uniq crashes found)...[0m
[1;94m[*] [0mFuzzing test case #256 (1134 total, 0 uniq crashes found)...[0m
scheduled max input!!!!
schedule: 3 level10_1/ijon_max/3
[1;94m[*] [0mFuzzing test case #257 (1134 total, 0 uniq crashes found)...[0m
scheduled max input!!!!
schedule: 11 level10_1/ijon_max/11
updated maxmap 10: 312 (len: 368)
updated maxmap 11: 30d (len: 360)
[1;94m[*] [0mFuzzing test case #258 (1134 total, 0 uniq crashes found)...[0m
scheduled max input!!!!
schedule: 9 level10_1/ijon_max/9
updated maxmap 9: 32b (len: 372)
updated maxmap 10: 332 (len: 372)
[1;94m[*] [0mFuzzing test case #259 (1135 total, 0 uniq crashes found)...[0m
[1;94m[*] [0mFuzzing test case #260 (1135 total, 0 uniq crashes found)...[0m
scheduled max input!!!!
schedule: 14 level10_1/ijon_max/14
[1;94m[*] [0mFuzzing test case #261 (1135 total, 0 uniq crashes found)...[0m
scheduled max input!!!!
schedule: 13 level10_1/ijon_max/13
updated maxmap 0: 30c (len: 359)
updated maxmap 15: 309 (len: 359)
[1;94m[*] [0mFuzzing test case #262 (1136 total, 0 uniq crashes found)...[0m
scheduled max input!!!!
schedule: 3 level10_1/ijon_max/3
[1;94m[*] [0mFuzzing test case #263 (1136 total, 0 uniq crashes found)...[0m
scheduled max input!!!!
schedule: 2 level10_1/ijon_max/2
[1;94m[*] [0mFuzzing test case #264 (1136 total, 0 uniq crashes found)...[0m
scheduled max input!!!!
schedule: 15 level10_1/ijon_max/15
[1;94m[*] [0mFuzzing test case #265 (1136 total, 0 uniq crashes found)...[0m
[1;94m[*] [0mFuzzing test case #266 (1136 total, 0 uniq crashes found)...[0m
scheduled max input!!!!
schedule: 2 level10_1/ijon_max/2
updated maxmap 6: 2d1 (len: 336)
[1;94m[*] [0mFuzzing test case #267 (1137 total, 0 uniq crashes found)...[0m
scheduled max input!!!!
schedule: 9 level10_1/ijon_max/9
[1;94m[*] [0mFuzzing test case #268 (1137 total, 0 uniq crashes found)...[0m
[1;94m[*] [0mFuzzing test case #269 (1137 total, 0 uniq crashes found)...[0m
scheduled max input!!!!
schedule: 15 level10_1/ijon_max/15
[1;94m[*] [0mFuzzing test case #270 (1137 total, 0 uniq crashes found)...[0m
scheduled max input!!!!
schedule: 0 level10_1/ijon_max/0
[1;94m[*] [0mFuzzing test case #271 (1137 total, 0 uniq crashes found)...[0m
scheduled max input!!!!
schedule: 0 level10_1/ijon_max/0
updated maxmap 1: 2ab (len: 359)
updated maxmap 2: 2ba (len: 359)
updated maxmap 3: 2c4 (len: 359)
updated maxmap 4: 2ce (len: 359)
updated maxmap 5: 2d8 (len: 359)
updated maxmap 6: 2e2 (len: 359)
updated maxmap 11: 313 (len: 359)
[1;94m[*] [0mFuzzing test case #272 (1146 total, 0 uniq crashes found)...[0m
scheduled max input!!!!
schedule: 9 level10_1/ijon_max/9
[1;94m[*] [0mFuzzing test case #273 (1147 total, 0 uniq crashes found)...[0m
scheduled max input!!!!
schedule: 7 level10_1/ijon_max/7
[1;94m[*] [0mFuzzing test case #274 (1147 total, 0 uniq crashes found)...[0m
scheduled max input!!!!
schedule: 11 level10_1/ijon_max/11
updated maxmap 8: 323 (len: 367)
updated maxmap 11: 31e (len: 364)
updated maxmap 6: 2ef (len: 364)
updated maxmap 7: 2fb (len: 364)
updated maxmap 11: 320 (len: 364)
updated maxmap 6: 2f1 (len: 360)
updated maxmap 7: 2fd (len: 360)
updated maxmap 0: 30d (len: 359)
updated maxmap 13: 2f8 (len: 359)
updated maxmap 14: 301 (len: 359)
updated maxmap 15: 30b (len: 359)
updated maxmap 6: 302 (len: 365)
updated maxmap 7: 30c (len: 365)
updated maxmap 11: 321 (len: 365)
[1;94m[*] [0mFuzzing test case #275 (1157 total, 0 uniq crashes found)...[0m
scheduled max input!!!!
schedule: 4 level10_1/ijon_max/4
updated maxmap 0: 30e (len: 359)
[1;94m[*] [0mFuzzing test case #276 (1157 total, 0 uniq crashes found)...[0m
scheduled max input!!!!
schedule: 12 level10_1/ijon_max/12
updated maxmap 12: 2f3 (len: 364)
[1;94m[*] [0mFuzzing test case #277 (1158 total, 0 uniq crashes found)...[0m
scheduled max input!!!!
schedule: 8 level10_1/ijon_max/8
[1;94m[*] [0mFuzzing test case #278 (1158 total, 0 uniq crashes found)...[0m
scheduled max input!!!!
schedule: 10 level10_1/ijon_max/10
updated maxmap 8: 328 (len: 374)
updated maxmap 9: 332 (len: 374)
updated maxmap 10: 337 (len: 374)
updated maxmap 7: 323 (len: 380)
updated maxmap 8: 332 (len: 380)
updated maxmap 9: 33c (len: 380)
updated maxmap 10: 346 (len: 380)
updated maxmap 7: 324 (len: 372)
updated maxmap 8: 333 (len: 372)
updated maxmap 6: 32b (len: 372)
updated maxmap 7: 332 (len: 372)
updated maxmap 11: 32c (len: 372)
updated maxmap 7: 335 (len: 376)
updated maxmap 8: 33c (len: 376)
updated maxmap 11: 32e (len: 378)
updated maxmap 9: 33d (len: 376)
[1;94m[*] [0mFuzzing test case #279 (1166 total, 0 uniq crashes found)...[0m
scheduled max input!!!!
schedule: 13 level10_1/ijon_max/13
[1;94m[*] [0mFuzzing test case #280 (1166 total, 0 uniq crashes found)...[0m
scheduled max input!!!!
schedule: 8 level10_1/ijon_max/8
[1;94m[*] [0mFuzzing test case #281 (1166 total, 0 uniq crashes found)...[0m
scheduled max input!!!!
schedule: 8 level10_1/ijon_max/8
updated maxmap 9: 341 (len: 382)
updated maxmap 10: 34b (len: 382)
[1;94m[*] [0mFuzzing test case #282 (1166 total, 0 uniq crashes found)...[0m
scheduled max input!!!!
schedule: 10 level10_1/ijon_max/10
updated maxmap 11: 32f (len: 389)
updated maxmap 9: 347 (len: 382)
updated maxmap 10: 34c (len: 382)
updated maxmap 9: 353 (len: 388)
updated maxmap 10: 35a (len: 388)
updated maxmap 11: 330 (len: 382)
updated maxmap 9: 35d (len: 389)
updated maxmap 10: 35d (len: 389)
[1;94m[*] [0mFuzzing test case #283 (1179 total, 0 uniq crashes found)...[0m
[1;94m[*] [0mFuzzing test case #284 (1179 total, 0 uniq crashes found)...[0m
scheduled max input!!!!
schedule: 10 level10_1/ijon_max/10
updated maxmap 9: 36c (len: 395)
updated maxmap 10: 369 (len: 395)
updated maxmap 11: 362 (len: 395)
[1;94m[*] [0mFuzzing test case #285 (1179 total, 0 uniq crashes found)...[0m
scheduled max input!!!!
schedule: 3 level10_1/ijon_max/3
[1;94m[*] [0mFuzzing test case #286 (1179 total, 0 uniq crashes found)...[0m
scheduled max input!!!!
schedule: 3 level10_1/ijon_max/3
[1;94m[*] [0mFuzzing test case #287 (1179 total, 0 uniq crashes found)...[0m
[1;94m[*] [0mFuzzing test case #288 (1179 total, 0 uniq crashes found)...[0m
scheduled max input!!!!
schedule: 12 level10_1/ijon_max/12
[1;94m[*] [0mFuzzing test case #289 (1180 total, 0 uniq crashes found)...[0m
[1;94m[*] [0mFuzzing test case #290 (1180 total, 0 uniq crashes found)...[0m
scheduled max input!!!!
schedule: 0 level10_1/ijon_max/0
updated maxmap 13: 2f9 (len: 359)
updated maxmap 14: 302 (len: 359)
updated maxmap 15: 30c (len: 359)
[1;94m[*] [0mFuzzing test case #291 (1180 total, 0 uniq crashes found)...[0m
scheduled max input!!!!
schedule: 3 level10_1/ijon_max/3
[1;94m[*] [0mFuzzing test case #292 (1180 total, 0 uniq crashes found)...[0m
scheduled max input!!!!
schedule: 12 level10_1/ijon_max/12
[1;94m[*] [0mFuzzing test case #293 (1180 total, 0 uniq crashes found)...[0m
scheduled max input!!!!
schedule: 12 level10_1/ijon_max/12
[1;94m[*] [0mFuzzing test case #294 (1180 total, 0 uniq crashes found)...[0m
scheduled max input!!!!
schedule: 4 level10_1/ijon_max/4
[1;94m[*] [0mFuzzing test case #295 (1180 total, 0 uniq crashes found)...[0m
scheduled max input!!!!
schedule: 3 level10_1/ijon_max/3
[1;94m[*] [0mFuzzing test case #296 (1180 total, 0 uniq crashes found)...[0m
scheduled max input!!!!
schedule: 12 level10_1/ijon_max/12
[1;94m[*] [0mFuzzing test case #297 (1180 total, 0 uniq crashes found)...[0m
scheduled max input!!!!
schedule: 0 level10_1/ijon_max/0
[1;94m[*] [0mFuzzing test case #298 (1180 total, 0 uniq crashes found)...[0m
scheduled max input!!!!
schedule: 13 level10_1/ijon_max/13
[1;94m[*] [0mFuzzing test case #299 (1180 total, 0 uniq crashes found)...[0m
scheduled max input!!!!
schedule: 4 level10_1/ijon_max/4
[1;94m[*] [0mFuzzing test case #300 (1180 total, 0 uniq crashes found)...[0m
scheduled max input!!!!
schedule: 14 level10_1/ijon_max/14
[1;94m[*] [0mFuzzing test case #301 (1180 total, 0 uniq crashes found)...[0m
scheduled max input!!!!
schedule: 5 level10_1/ijon_max/5
[1;94m[*] [0mFuzzing test case #302 (1180 total, 0 uniq crashes found)...[0m
scheduled max input!!!!
schedule: 2 level10_1/ijon_max/2
updated maxmap 1: 2b0 (len: 359)
updated maxmap 2: 2bd (len: 359)
updated maxmap 3: 2c7 (len: 359)
updated maxmap 4: 2d1 (len: 359)
updated maxmap 5: 2da (len: 359)
updated maxmap 5: 2db (len: 359)
[1;94m[*] [0mFuzzing test case #303 (1180 total, 0 uniq crashes found)...[0m
scheduled max input!!!!
schedule: 2 level10_1/ijon_max/2
[1;94m[*] [0mFuzzing test case #304 (1180 total, 0 uniq crashes found)...[0m
scheduled max input!!!!
schedule: 13 level10_1/ijon_max/13
[1;94m[*] [0mFuzzing test case #305 (1180 total, 0 uniq crashes found)...[0m
scheduled max input!!!!
schedule: 5 level10_1/ijon_max/5
[1;94m[*] [0mFuzzing test case #306 (1180 total, 0 uniq crashes found)...[0m
scheduled max input!!!!
schedule: 15 level10_1/ijon_max/15
[1;94m[*] [0mFuzzing test case #307 (1180 total, 0 uniq crashes found)...[0m
scheduled max input!!!!
schedule: 0 level10_1/ijon_max/0
[1;94m[*] [0mFuzzing test case #308 (1180 total, 0 uniq crashes found)...[0m
scheduled max input!!!!
schedule: 10 level10_1/ijon_max/10
updated maxmap 9: 37f (len: 403)
updated maxmap 10: 36b (len: 403)
updated maxmap 11: 364 (len: 403)
updated maxmap 10: 36c (len: 401)
updated maxmap 11: 366 (len: 401)
updated maxmap 8: 375 (len: 399)
updated maxmap 10: 37a (len: 401)
updated maxmap 11: 375 (len: 401)
[1;94m[*] [0mFuzzing test case #309 (1191 total, 0 uniq crashes found)...[0m
scheduled max input!!!!
schedule: 2 level10_1/ijon_max/2
[1;94m[*] [0mFuzzing test case #310 (1191 total, 0 uniq crashes found)...[0m
scheduled max input!!!!
schedule: 9 level10_1/ijon_max/9
updated maxmap 11: 37f (len: 403)
[1;94m[*] [0mFuzzing test case #311 (1192 total, 0 uniq crashes found)...[0m
[1;94m[*] [0mFuzzing test case #312 (1192 total, 0 uniq crashes found)...[0m
scheduled max input!!!!
schedule: 14 level10_1/ijon_max/14
[1;94m[*] [0mFuzzing test case #313 (1193 total, 0 uniq crashes found)...[0m
scheduled max input!!!!
schedule: 11 level10_1/ijon_max/11
updated maxmap 10: 37f (len: 409)
updated maxmap 11: 380 (len: 404)
updated maxmap 8: 381 (len: 411)
updated maxmap 9: 380 (len: 411)
updated maxmap 10: 380 (len: 411)
updated maxmap 9: 381 (len: 405)
[1;94m[*] [0mFuzzing test case #314 (1206 total, 0 uniq crashes found)...[0m
scheduled max input!!!!
schedule: 3 level10_1/ijon_max/3
[1;94m[*] [0mFuzzing test case #315 (1206 total, 0 uniq crashes found)...[0m
scheduled max input!!!!
schedule: 0 level10_1/ijon_max/0
[1;94m[*] [0mFuzzing test case #316 (1206 total, 0 uniq crashes found)...[0m
[1;94m[*] [0mFuzzing test case #317 (1206 total, 0 uniq crashes found)...[0m
scheduled max input!!!!
schedule: 13 level10_1/ijon_max/13
[1;94m[*] [0mFuzzing test case #318 (1206 total, 0 uniq crashes found)...[0m
scheduled max input!!!!
schedule: 10 level10_1/ijon_max/10
[1;94m[*] [0mFuzzing test case #319 (1206 total, 0 uniq crashes found)...[0m
scheduled max input!!!!
schedule: 12 level10_1/ijon_max/12
[1;94m[*] [0mFuzzing test case #320 (1206 total, 0 uniq crashes found)...[0m
scheduled max input!!!!
schedule: 8 level10_1/ijon_max/8
updated maxmap 8: 383 (len: 411)
updated maxmap 9: 382 (len: 411)
[1;94m[*] [0mFuzzing test case #321 (1206 total, 0 uniq crashes found)...[0m
scheduled max input!!!!
schedule: 15 level10_1/ijon_max/15
[1;94m[*] [0mFuzzing test case #322 (1206 total, 0 uniq crashes found)...[0m
scheduled max input!!!!
schedule: 5 level10_1/ijon_max/5
[1;94m[*] [0mFuzzing test case #323 (1206 total, 0 uniq crashes found)...[0m
scheduled max input!!!!
schedule: 8 level10_1/ijon_max/8
[1;94m[*] [0mFuzzing test case #324 (1206 total, 0 uniq crashes found)...[0m
scheduled max input!!!!
schedule: 1 level10_1/ijon_max/1
[1;94m[*] [0mFuzzing test case #325 (1206 total, 0 uniq crashes found)...[0m
scheduled max input!!!!
schedule: 14 level10_1/ijon_max/14
[1;94m[*] [0mFuzzing test case #326 (1206 total, 0 uniq crashes found)...[0m
[1;94m[*] [0mFuzzing test case #327 (1206 total, 0 uniq crashes found)...[0m
scheduled max input!!!!
schedule: 0 level10_1/ijon_max/0
[1;94m[*] [0mFuzzing test case #328 (1206 total, 0 uniq crashes found)...[0m
scheduled max input!!!!
schedule: 6 level10_1/ijon_max/6
[1;94m[*] [0mFuzzing test case #329 (1206 total, 0 uniq crashes found)...[0m
[1;94m[*] [0mFuzzing test case #330 (1206 total, 0 uniq crashes found)...[0m
scheduled max input!!!!
schedule: 5 level10_1/ijon_max/5
[1;94m[*] [0mFuzzing test case #331 (1206 total, 0 uniq crashes found)...[0m
scheduled max input!!!!
schedule: 10 level10_1/ijon_max/10
updated maxmap 10: 381 (len: 411)
[1;94m[*] [0mFuzzing test case #332 (1206 total, 0 uniq crashes found)...[0m
scheduled max input!!!!
schedule: 14 level10_1/ijon_max/14
[1;94m[*] [0mFuzzing test case #333 (1206 total, 0 uniq crashes found)...[0m
scheduled max input!!!!
schedule: 3 level10_1/ijon_max/3
[1;94m[*] [0mFuzzing test case #334 (1206 total, 0 uniq crashes found)...[0m
[1;94m[*] [0mFuzzing test case #335 (1206 total, 0 uniq crashes found)...[0m
scheduled max input!!!!
schedule: 5 level10_1/ijon_max/5
[1;94m[*] [0mFuzzing test case #336 (1206 total, 0 uniq crashes found)...[0m
scheduled max input!!!!
schedule: 2 level10_1/ijon_max/2
[1;94m[*] [0mFuzzing test case #337 (1206 total, 0 uniq crashes found)...[0m
scheduled max input!!!!
schedule: 15 level10_1/ijon_max/15
[1;94m[*] [0mFuzzing test case #338 (1206 total, 0 uniq crashes found)...[0m
[1;94m[*] [0mFuzzing test case #339 (1206 total, 0 uniq crashes found)...[0m
scheduled max input!!!!
schedule: 6 level10_1/ijon_max/6
[1;94m[*] [0mFuzzing test case #340 (1206 total, 0 uniq crashes found)...[0m
scheduled max input!!!!
schedule: 13 level10_1/ijon_max/13
[1;94m[*] [0mFuzzing test case #341 (1206 total, 0 uniq crashes found)...[0m
scheduled max input!!!!
schedule: 8 level10_1/ijon_max/8
[1;94m[*] [0mFuzzing test case #342 (1206 total, 0 uniq crashes found)...[0m
scheduled max input!!!!
schedule: 6 level10_1/ijon_max/6
[1;94m[*] [0mFuzzing test case #343 (1206 total, 0 uniq crashes found)...[0m
scheduled max input!!!!
schedule: 13 level10_1/ijon_max/13
[1;94m[*] [0mFuzzing test case #344 (1206 total, 0 uniq crashes found)...[0m
scheduled max input!!!!
schedule: 12 level10_1/ijon_max/12
[1;94m[*] [0mFuzzing test case #345 (1206 total, 0 uniq crashes found)...[0m
[1;94m[*] [0mFuzzing test case #346 (1206 total, 0 uniq crashes found)...[0m
scheduled max input!!!!
schedule: 6 level10_1/ijon_max/6
[1;94m[*] [0mFuzzing test case #347 (1206 total, 0 uniq crashes found)...[0m
scheduled max input!!!!
schedule: 8 level10_1/ijon_max/8
updated maxmap 7: 38d (len: 411)
updated maxmap 8: 387 (len: 411)
updated maxmap 7: 38f (len: 412)
updated maxmap 8: 389 (len: 412)
[1;94m[*] [0mFuzzing test case #348 (1207 total, 0 uniq crashes found)...[0m
[1;94m[*] [0mFuzzing test case #349 (1207 total, 0 uniq crashes found)...[0m
[1;94m[*] [0mFuzzing test case #350 (1207 total, 0 uniq crashes found)...[0m
scheduled max input!!!!
schedule: 13 level10_1/ijon_max/13
[1;94m[*] [0mFuzzing test case #351 (1207 total, 0 uniq crashes found)...[0m
[1;94m[*] [0mFuzzing test case #352 (1207 total, 0 uniq crashes found)...[0m
scheduled max input!!!!
schedule: 14 level10_1/ijon_max/14
[1;94m[*] [0mFuzzing test case #353 (1207 total, 0 uniq crashes found)...[0m
[1;94m[*] [0mFuzzing test case #354 (1207 total, 0 uniq crashes found)...[0m
scheduled max input!!!!
schedule: 13 level10_1/ijon_max/13
[1;94m[*] [0mFuzzing test case #355 (1207 total, 0 uniq crashes found)...[0m
scheduled max input!!!!
schedule: 3 level10_1/ijon_max/3
[1;94m[*] [0mFuzzing test case #356 (1207 total, 0 uniq crashes found)...[0m
scheduled max input!!!!
schedule: 6 level10_1/ijon_max/6
updated maxmap 6: 332 (len: 372)
[1;94m[*] [0mFuzzing test case #357 (1207 total, 0 uniq crashes found)...[0m
scheduled max input!!!!
schedule: 13 level10_1/ijon_max/13
[1;94m[*] [0mFuzzing test case #358 (1207 total, 0 uniq crashes found)...[0m
scheduled max input!!!!
schedule: 4 level10_1/ijon_max/4
[1;94m[*] [0mFuzzing test case #359 (1207 total, 0 uniq crashes found)...[0m
scheduled max input!!!!
schedule: 11 level10_1/ijon_max/11
[1;94m[*] [0mFuzzing test case #360 (1207 total, 0 uniq crashes found)...[0m
scheduled max input!!!!
schedule: 8 level10_1/ijon_max/8
updated maxmap 8: 38c (len: 412)
[1;94m[*] [0mFuzzing test case #361 (1208 total, 0 uniq crashes found)...[0m
scheduled max input!!!!
schedule: 0 level10_1/ijon_max/0
[1;94m[*] [0mFuzzing test case #362 (1208 total, 0 uniq crashes found)...[0m
scheduled max input!!!!
schedule: 7 level10_1/ijon_max/7
[1;94m[*] [0mFuzzing test case #363 (1208 total, 0 uniq crashes found)...[0m
[1;94m[*] [0mFuzzing test case #364 (1208 total, 0 uniq crashes found)...[0m
scheduled max input!!!!
schedule: 12 level10_1/ijon_max/12
[1;94m[*] [0mFuzzing test case #365 (1208 total, 0 uniq crashes found)...[0m
scheduled max input!!!!
schedule: 6 level10_1/ijon_max/6
[1;94m[*] [0mFuzzing test case #366 (1208 total, 0 uniq crashes found)...[0m
scheduled max input!!!!
schedule: 11 level10_1/ijon_max/11
[1;94m[*] [0mFuzzing test case #367 (1208 total, 0 uniq crashes found)...[0m
scheduled max input!!!!
schedule: 5 level10_1/ijon_max/5
[1;94m[*] [0mFuzzing test case #368 (1208 total, 0 uniq crashes found)...[0m
scheduled max input!!!!
schedule: 10 level10_1/ijon_max/10
[1;94m[*] [0mFuzzing test case #369 (1208 total, 0 uniq crashes found)...[0m
scheduled max input!!!!
schedule: 15 level10_1/ijon_max/15
[1;94m[*] [0mFuzzing test case #370 (1208 total, 0 uniq crashes found)...[0m
[1;94m[*] [0mFuzzing test case #371 (1208 total, 0 uniq crashes found)...[0m
[1;94m[*] [0mFuzzing test case #372 (1208 total, 0 uniq crashes found)...[0m
[1;94m[*] [0mFuzzing test case #373 (1208 total, 0 uniq crashes found)...[0m
scheduled max input!!!!
schedule: 5 level10_1/ijon_max/5
[1;94m[*] [0mFuzzing test case #374 (1208 total, 0 uniq crashes found)...[0m
scheduled max input!!!!
schedule: 1 level10_1/ijon_max/1
[1;94m[*] [0mFuzzing test case #375 (1208 total, 0 uniq crashes found)...[0m
scheduled max input!!!!
schedule: 9 level10_1/ijon_max/9
[1;94m[*] [0mFuzzing test case #376 (1208 total, 0 uniq crashes found)...[0m
scheduled max input!!!!
schedule: 9 level10_1/ijon_max/9
[1;94m[*] [0mFuzzing test case #377 (1208 total, 0 uniq crashes found)...[0m
scheduled max input!!!!
schedule: 9 level10_1/ijon_max/9
[1;94m[*] [0mFuzzing test case #378 (1209 total, 0 uniq crashes found)...[0m
scheduled max input!!!!
schedule: 8 level10_1/ijon_max/8
[1;94m[*] [0mFuzzing test case #379 (1209 total, 0 uniq crashes found)...[0m
scheduled max input!!!!
schedule: 4 level10_1/ijon_max/4
[1;94m[*] [0mFuzzing test case #380 (1209 total, 0 uniq crashes found)...[0m
scheduled max input!!!!
schedule: 3 level10_1/ijon_max/3
[1;94m[*] [0mFuzzing test case #381 (1209 total, 0 uniq crashes found)...[0m
scheduled max input!!!!
schedule: 0 level10_1/ijon_max/0
[1;94m[*] [0mFuzzing test case #382 (1209 total, 0 uniq crashes found)...[0m
scheduled max input!!!!
schedule: 9 level10_1/ijon_max/9
[1;94m[*] [0mFuzzing test case #383 (1209 total, 0 uniq crashes found)...[0m
scheduled max input!!!!
schedule: 8 level10_1/ijon_max/8
[1;94m[*] [0mFuzzing test case #384 (1209 total, 0 uniq crashes found)...[0m
scheduled max input!!!!
schedule: 5 level10_1/ijon_max/5
[1;94m[*] [0mFuzzing test case #385 (1209 total, 0 uniq crashes found)...[0m
scheduled max input!!!!
schedule: 1 level10_1/ijon_max/1
[1;94m[*] [0mFuzzing test case #386 (1209 total, 0 uniq crashes found)...[0m
scheduled max input!!!!
schedule: 12 level10_1/ijon_max/12
[1;94m[*] [0mFuzzing test case #387 (1210 total, 0 uniq crashes found)...[0m
scheduled max input!!!!
schedule: 9 level10_1/ijon_max/9
[1;94m[*] [0mFuzzing test case #388 (1210 total, 0 uniq crashes found)...[0m
scheduled max input!!!!
schedule: 6 level10_1/ijon_max/6
[1;94m[*] [0mFuzzing test case #389 (1210 total, 0 uniq crashes found)...[0m
scheduled max input!!!!
schedule: 9 level10_1/ijon_max/9
[1;94m[*] [0mFuzzing test case #390 (1210 total, 0 uniq crashes found)...[0m
scheduled max input!!!!
schedule: 0 level10_1/ijon_max/0
[1;94m[*] [0mFuzzing test case #391 (1210 total, 0 uniq crashes found)...[0m
[1;94m[*] [0mFuzzing test case #392 (1210 total, 0 uniq crashes found)...[0m
scheduled max input!!!!
schedule: 12 level10_1/ijon_max/12
updated maxmap 12: 2f4 (len: 364)
[1;94m[*] [0mFuzzing test case #393 (1211 total, 0 uniq crashes found)...[0m
scheduled max input!!!!
schedule: 6 level10_1/ijon_max/6
updated maxmap 6: 333 (len: 372)
[1;94m[*] [0mFuzzing test case #394 (1211 total, 0 uniq crashes found)...[0m
scheduled max input!!!!
schedule: 10 level10_1/ijon_max/10
[1;94m[*] [0mFuzzing test case #395 (1211 total, 0 uniq crashes found)...[0m
scheduled max input!!!!
schedule: 1 level10_1/ijon_max/1
[1;94m[*] [0mFuzzing test case #396 (1211 total, 0 uniq crashes found)...[0m
scheduled max input!!!!
schedule: 8 level10_1/ijon_max/8
updated maxmap 6: 393 (len: 412)
[1;94m[*] [0mFuzzing test case #397 (1211 total, 0 uniq crashes found)...[0m
[1;94m[*] [0mFuzzing test case #398 (1211 total, 0 uniq crashes found)...[0m
[1;94m[*] [0mFuzzing test case #399 (1211 total, 0 uniq crashes found)...[0m
[1;94m[*] [0mFuzzing test case #400 (1211 total, 0 uniq crashes found)...[0m
[1;94m[*] [0mFuzzing test case #401 (1211 total, 0 uniq crashes found)...[0m
scheduled max input!!!!
schedule: 7 level10_1/ijon_max/7
[1;94m[*] [0mFuzzing test case #402 (1211 total, 0 uniq crashes found)...[0m
scheduled max input!!!!
schedule: 6 level10_1/ijon_max/6
[1;94m[*] [0mFuzzing test case #403 (1211 total, 0 uniq crashes found)...[0m
scheduled max input!!!!
schedule: 7 level10_1/ijon_max/7
[1;94m[*] [0mFuzzing test case #404 (1211 total, 0 uniq crashes found)...[0m
scheduled max input!!!!
schedule: 7 level10_1/ijon_max/7
updated maxmap 6: 394 (len: 412)
[1;94m[*] [0mFuzzing test case #405 (1211 total, 0 uniq crashes found)...[0m
[1;94m[*] [0mFuzzing test case #406 (1211 total, 0 uniq crashes found)...[0m
scheduled max input!!!!
schedule: 14 level10_1/ijon_max/14
[1;94m[*] [0mFuzzing test case #407 (1211 total, 0 uniq crashes found)...[0m
scheduled max input!!!!
schedule: 4 level10_1/ijon_max/4
[1;94m[*] [0mFuzzing test case #408 (1211 total, 0 uniq crashes found)...[0m
scheduled max input!!!!
schedule: 10 level10_1/ijon_max/10
[1;94m[*] [0mFuzzing test case #409 (1211 total, 0 uniq crashes found)...[0m
scheduled max input!!!!
schedule: 9 level10_1/ijon_max/9
[1;94m[*] [0mFuzzing test case #410 (1211 total, 0 uniq crashes found)...[0m
[1;94m[*] [0mFuzzing test case #411 (1211 total, 0 uniq crashes found)...[0m
scheduled max input!!!!
schedule: 9 level10_1/ijon_max/9
[1;94m[*] [0mFuzzing test case #412 (1211 total, 0 uniq crashes found)...[0m
scheduled max input!!!!
schedule: 7 level10_1/ijon_max/7
[1;94m[*] [0mFuzzing test case #413 (1211 total, 0 uniq crashes found)...[0m
[1;94m[*] [0mFuzzing test case #414 (1211 total, 0 uniq crashes found)...[0m
scheduled max input!!!!
schedule: 11 level10_1/ijon_max/11
[1;94m[*] [0mFuzzing test case #415 (1211 total, 0 uniq crashes found)...[0m
scheduled max input!!!!
schedule: 4 level10_1/ijon_max/4
[1;94m[*] [0mFuzzing test case #416 (1211 total, 0 uniq crashes found)...[0m
scheduled max input!!!!
schedule: 15 level10_1/ijon_max/15
[1;94m[*] [0mFuzzing test case #417 (1211 total, 0 uniq crashes found)...[0m
[1;94m[*] [0mFuzzing test case #418 (1211 total, 0 uniq crashes found)...[0m
[1;94m[*] [0mFuzzing test case #419 (1211 total, 0 uniq crashes found)...[0m
scheduled max input!!!!
schedule: 2 level10_1/ijon_max/2
[1;94m[*] [0mFuzzing test case #420 (1212 total, 0 uniq crashes found)...[0m
scheduled max input!!!!
schedule: 14 level10_1/ijon_max/14
[1;94m[*] [0mFuzzing test case #421 (1212 total, 0 uniq crashes found)...[0m
[1;94m[*] [0mFuzzing test case #422 (1212 total, 0 uniq crashes found)...[0m
scheduled max input!!!!
schedule: 10 level10_1/ijon_max/10
[1;94m[*] [0mFuzzing test case #423 (1213 total, 0 uniq crashes found)...[0m
scheduled max input!!!!
schedule: 4 level10_1/ijon_max/4
[1;94m[*] [0mFuzzing test case #424 (1213 total, 0 uniq crashes found)...[0m
scheduled max input!!!!
schedule: 4 level10_1/ijon_max/4
[1;94m[*] [0mFuzzing test case #425 (1213 total, 0 uniq crashes found)...[0m
scheduled max input!!!!
schedule: 3 level10_1/ijon_max/3
[1;94m[*] [0mFuzzing test case #426 (1214 total, 0 uniq crashes found)...[0m
scheduled max input!!!!
schedule: 1 level10_1/ijon_max/1
[1;94m[*] [0mFuzzing test case #427 (1214 total, 0 uniq crashes found)...[0m
scheduled max input!!!!
schedule: 12 level10_1/ijon_max/12
[1;94m[*] [0mFuzzing test case #428 (1214 total, 0 uniq crashes found)...[0m
scheduled max input!!!!
schedule: 12 level10_1/ijon_max/12
[1;94m[*] [0mFuzzing test case #429 (1214 total, 0 uniq crashes found)...[0m
scheduled max input!!!!
schedule: 9 level10_1/ijon_max/9
[1;94m[*] [0mFuzzing test case #430 (1214 total, 0 uniq crashes found)...[0m
scheduled max input!!!!
schedule: 6 level10_1/ijon_max/6
[1;94m[*] [0mFuzzing test case #431 (1214 total, 0 uniq crashes found)...[0m
scheduled max input!!!!
schedule: 5 level10_1/ijon_max/5
[1;94m[*] [0mFuzzing test case #432 (1214 total, 0 uniq crashes found)...[0m
scheduled max input!!!!
schedule: 4 level10_1/ijon_max/4
[1;94m[*] [0mFuzzing test case #433 (1214 total, 0 uniq crashes found)...[0m
scheduled max input!!!!
schedule: 9 level10_1/ijon_max/9
updated maxmap 9: 384 (len: 418)
[1;94m[*] [0mFuzzing test case #434 (1214 total, 0 uniq crashes found)...[0m
scheduled max input!!!!
schedule: 0 level10_1/ijon_max/0
[1;94m[*] [0mFuzzing test case #435 (1214 total, 0 uniq crashes found)...[0m
scheduled max input!!!!
schedule: 13 level10_1/ijon_max/13
[1;94m[*] [0mFuzzing test case #436 (1215 total, 0 uniq crashes found)...[0m
[1;94m[*] [0mFuzzing test case #437 (1215 total, 0 uniq crashes found)...[0m
scheduled max input!!!!
schedule: 0 level10_1/ijon_max/0
[1;94m[*] [0mFuzzing test case #438 (1215 total, 0 uniq crashes found)...[0m
scheduled max input!!!!
schedule: 15 level10_1/ijon_max/15
[1;94m[*] [0mFuzzing test case #439 (1215 total, 0 uniq crashes found)...[0m
[1;94m[*] [0mFuzzing test case #440 (1215 total, 0 uniq crashes found)...[0m
scheduled max input!!!!
schedule: 8 level10_1/ijon_max/8
[1;94m[*] [0mFuzzing test case #441 (1215 total, 0 uniq crashes found)...[0m
scheduled max input!!!!
schedule: 3 level10_1/ijon_max/3
[1;94m[*] [0mFuzzing test case #442 (1215 total, 0 uniq crashes found)...[0m
[1;94m[*] [0mFuzzing test case #443 (1215 total, 0 uniq crashes found)...[0m
scheduled max input!!!!
schedule: 10 level10_1/ijon_max/10
[1;94m[*] [0mFuzzing test case #444 (1215 total, 0 uniq crashes found)...[0m
scheduled max input!!!!
schedule: 5 level10_1/ijon_max/5
[1;94m[*] [0mFuzzing test case #445 (1215 total, 0 uniq crashes found)...[0m
scheduled normal input!!!!
[1;94m[*] [0mFuzzing test case #446 (1215 total, 0 uniq crashes found)...[0m
scheduled max input!!!!
schedule: 12 level10_1/ijon_max/12
[1;94m[*] [0mFuzzing test case #447 (1215 total, 0 uniq crashes found)...[0m
scheduled max input!!!!
schedule: 7 level10_1/ijon_max/7
[1;94m[*] [0mFuzzing test case #448 (1216 total, 0 uniq crashes found)...[0m
scheduled max input!!!!
schedule: 2 level10_1/ijon_max/2
[1;94m[*] [0mFuzzing test case #449 (1216 total, 0 uniq crashes found)...[0m
[1;94m[*] [0mFuzzing test case #450 (1216 total, 0 uniq crashes found)...[0m
scheduled max input!!!!
schedule: 10 level10_1/ijon_max/10
[1;94m[*] [0mFuzzing test case #451 (1216 total, 0 uniq crashes found)...[0m
[1;94m[*] [0mFuzzing test case #452 (1216 total, 0 uniq crashes found)...[0m
scheduled max input!!!!
schedule: 14 level10_1/ijon_max/14
[1;94m[*] [0mFuzzing test case #453 (1216 total, 0 uniq crashes found)...[0m
[1;94m[*] [0mFuzzing test case #454 (1216 total, 0 uniq crashes found)...[0m
scheduled max input!!!!
schedule: 15 level10_1/ijon_max/15
[1;94m[*] [0mFuzzing test case #455 (1216 total, 0 uniq crashes found)...[0m
scheduled max input!!!!
schedule: 15 level10_1/ijon_max/15
[1;94m[*] [0mFuzzing test case #456 (1216 total, 0 uniq crashes found)...[0m
scheduled max input!!!!
schedule: 2 level10_1/ijon_max/2
[1;94m[*] [0mFuzzing test case #457 (1216 total, 0 uniq crashes found)...[0m
scheduled max input!!!!
schedule: 14 level10_1/ijon_max/14
[1;94m[*] [0mFuzzing test case #458 (1216 total, 0 uniq crashes found)...[0m
scheduled max input!!!!
schedule: 9 level10_1/ijon_max/9
[1;94m[*] [0mFuzzing test case #459 (1217 total, 0 uniq crashes found)...[0m
scheduled max input!!!!
schedule: 11 level10_1/ijon_max/11
[1;94m[*] [0mFuzzing test case #460 (1217 total, 0 uniq crashes found)...[0m
scheduled max input!!!!
schedule: 11 level10_1/ijon_max/11
[1;94m[*] [0mFuzzing test case #461 (1217 total, 0 uniq crashes found)...[0m
[1;94m[*] [0mFuzzing test case #462 (1217 total, 0 uniq crashes found)...[0m
scheduled max input!!!!
schedule: 10 level10_1/ijon_max/10
[1;94m[*] [0mFuzzing test case #463 (1217 total, 0 uniq crashes found)...[0m
scheduled max input!!!!
schedule: 6 level10_1/ijon_max/6
[1;94m[*] [0mFuzzing test case #464 (1217 total, 0 uniq crashes found)...[0m
scheduled max input!!!!
schedule: 0 level10_1/ijon_max/0
[1;94m[*] [0mFuzzing test case #465 (1217 total, 0 uniq crashes found)...[0m
scheduled max input!!!!
schedule: 7 level10_1/ijon_max/7
[1;94m[*] [0mFuzzing test case #466 (1217 total, 0 uniq crashes found)...[0m
scheduled max input!!!!
schedule: 13 level10_1/ijon_max/13
[1;94m[*] [0mFuzzing test case #467 (1219 total, 0 uniq crashes found)...[0m
scheduled max input!!!!
schedule: 13 level10_1/ijon_max/13
[1;94m[*] [0mFuzzing test case #468 (1219 total, 0 uniq crashes found)...[0m
scheduled max input!!!!
schedule: 9 level10_1/ijon_max/9
[1;94m[*] [0mFuzzing test case #469 (1219 total, 0 uniq crashes found)...[0m
scheduled max input!!!!
schedule: 11 level10_1/ijon_max/11
[1;94m[*] [0mFuzzing test case #470 (1219 total, 0 uniq crashes found)...[0m
scheduled max input!!!!
schedule: 4 level10_1/ijon_max/4
[1;94m[*] [0mFuzzing test case #471 (1219 total, 0 uniq crashes found)...[0m
scheduled max input!!!!
schedule: 1 level10_1/ijon_max/1
[1;94m[*] [0mFuzzing test case #472 (1219 total, 0 uniq crashes found)...[0m
scheduled max input!!!!
schedule: 12 level10_1/ijon_max/12
[1;94m[*] [0mFuzzing test case #473 (1219 total, 0 uniq crashes found)...[0m
scheduled max input!!!!
schedule: 15 level10_1/ijon_max/15
[1;94m[*] [0mFuzzing test case #474 (1219 total, 0 uniq crashes found)...[0m
scheduled max input!!!!
schedule: 3 level10_1/ijon_max/3
[1;94m[*] [0mFuzzing test case #475 (1219 total, 0 uniq crashes found)...[0m
scheduled max input!!!!
schedule: 0 level10_1/ijon_max/0
[1;94m[*] [0mFuzzing test case #476 (1219 total, 0 uniq crashes found)...[0m
scheduled max input!!!!
schedule: 1 level10_1/ijon_max/1
[1;94m[*] [0mFuzzing test case #477 (1219 total, 0 uniq crashes found)...[0m
scheduled max input!!!!
schedule: 10 level10_1/ijon_max/10
[1;94m[*] [0mFuzzing test case #478 (1219 total, 0 uniq crashes found)...[0m
[1;94m[*] [0mFuzzing test case #479 (1219 total, 0 uniq crashes found)...[0m
[1;94m[*] [0mFuzzing test case #480 (1219 total, 0 uniq crashes found)...[0m
[1;94m[*] [0mFuzzing test case #481 (1219 total, 0 uniq crashes found)...[0m
scheduled max input!!!!
schedule: 1 level10_1/ijon_max/1
[1;94m[*] [0mFuzzing test case #482 (1219 total, 0 uniq crashes found)...[0m
scheduled max input!!!!
schedule: 1 level10_1/ijon_max/1
[1;94m[*] [0mFuzzing test case #483 (1219 total, 0 uniq crashes found)...[0m
scheduled max input!!!!
schedule: 13 level10_1/ijon_max/13
[1;94m[*] [0mFuzzing test case #484 (1219 total, 0 uniq crashes found)...[0m
scheduled max input!!!!
schedule: 9 level10_1/ijon_max/9
updated maxmap 8: 38f (len: 422)
updated maxmap 5: 395 (len: 418)
updated maxmap 6: 3ab (len: 424)
updated maxmap 7: 3b3 (len: 424)
updated maxmap 10: 383 (len: 418)
[1;94m[*] [0mFuzzing test case #485 (1227 total, 0 uniq crashes found)...[0m
scheduled max input!!!!
schedule: 13 level10_1/ijon_max/13
[1;94m[*] [0mFuzzing test case #486 (1227 total, 0 uniq crashes found)...[0m
scheduled max input!!!!
schedule: 7 level10_1/ijon_max/7
updated maxmap 6: 3ac (len: 424)
[1;94m[*] [0mFuzzing test case #487 (1228 total, 0 uniq crashes found)...[0m
scheduled max input!!!!
schedule: 2 level10_1/ijon_max/2
[1;94m[*] [0mFuzzing test case #488 (1228 total, 0 uniq crashes found)...[0m
scheduled max input!!!!
schedule: 14 level10_1/ijon_max/14
[1;94m[*] [0mFuzzing test case #489 (1228 total, 0 uniq crashes found)...[0m
scheduled max input!!!!
schedule: 7 level10_1/ijon_max/7
[1;94m[*] [0mFuzzing test case #490 (1228 total, 0 uniq crashes found)...[0m
scheduled max input!!!!
schedule: 15 level10_1/ijon_max/15
[1;94m[*] [0mFuzzing test case #491 (1228 total, 0 uniq crashes found)...[0m
scheduled max input!!!!
schedule: 3 level10_1/ijon_max/3
[1;94m[*] [0mFuzzing test case #492 (1228 total, 0 uniq crashes found)...[0m
scheduled max input!!!!
schedule: 15 level10_1/ijon_max/15
[1;94m[*] [0mFuzzing test case #493 (1228 total, 0 uniq crashes found)...[0m
[1;94m[*] [0mFuzzing test case #494 (1228 total, 0 uniq crashes found)...[0m
scheduled max input!!!!
schedule: 0 level10_1/ijon_max/0
[1;94m[*] [0mFuzzing test case #495 (1228 total, 0 uniq crashes found)...[0m
[1;94m[*] [0mFuzzing test case #496 (1228 total, 0 uniq crashes found)...[0m
scheduled max input!!!!
schedule: 9 level10_1/ijon_max/9
[1;94m[*] [0mFuzzing test case #497 (1228 total, 0 uniq crashes found)...[0m
[1;94m[*] [0mFuzzing test case #498 (1228 total, 0 uniq crashes found)...[0m
scheduled max input!!!!
schedule: 5 level10_1/ijon_max/5
updated maxmap 5: 396 (len: 418)
updated maxmap 5: 398 (len: 420)
[1;94m[*] [0mFuzzing test case #499 (1228 total, 0 uniq crashes found)...[0m
scheduled max input!!!!
schedule: 12 level10_1/ijon_max/12
[1;94m[*] [0mFuzzing test case #500 (1228 total, 0 uniq crashes found)...[0m
scheduled max input!!!!
schedule: 1 level10_1/ijon_max/1
[1;94m[*] [0mFuzzing test case #501 (1228 total, 0 uniq crashes found)...[0m
scheduled max input!!!!
schedule: 9 level10_1/ijon_max/9
[1;94m[*] [0mFuzzing test case #502 (1228 total, 0 uniq crashes found)...[0m
scheduled max input!!!!
schedule: 14 level10_1/ijon_max/14
[1;94m[*] [0mFuzzing test case #503 (1229 total, 0 uniq crashes found)...[0m
[1;94m[*] [0mFuzzing test case #504 (1229 total, 0 uniq crashes found)...[0m
scheduled max input!!!!
schedule: 2 level10_1/ijon_max/2
[1;94m[*] [0mFuzzing test case #505 (1229 total, 0 uniq crashes found)...[0m
scheduled max input!!!!
schedule: 13 level10_1/ijon_max/13
[1;94m[*] [0mFuzzing test case #506 (1229 total, 0 uniq crashes found)...[0m
[1;94m[*] [0mFuzzing test case #507 (1229 total, 0 uniq crashes found)...[0m
scheduled max input!!!!
schedule: 7 level10_1/ijon_max/7
[1;94m[*] [0mFuzzing test case #508 (1230 total, 0 uniq crashes found)...[0m
scheduled max input!!!!
schedule: 13 level10_1/ijon_max/13
[1;94m[*] [0mFuzzing test case #509 (1230 total, 0 uniq crashes found)...[0m
scheduled max input!!!!
schedule: 4 level10_1/ijon_max/4
[1;94m[*] [0mFuzzing test case #510 (1230 total, 0 uniq crashes found)...[0m
scheduled max input!!!!
schedule: 15 level10_1/ijon_max/15
[1;94m[*] [0mFuzzing test case #511 (1230 total, 0 uniq crashes found)...[0m
[1;94m[*] [0mFuzzing test case #512 (1230 total, 0 uniq crashes found)...[0m
scheduled max input!!!!
schedule: 1 level10_1/ijon_max/1
[1;94m[*] [0mFuzzing test case #513 (1230 total, 0 uniq crashes found)...[0m
scheduled max input!!!!
schedule: 9 level10_1/ijon_max/9
[1;94m[*] [0mFuzzing test case #514 (1230 total, 0 uniq crashes found)...[0m
scheduled max input!!!!
schedule: 8 level10_1/ijon_max/8
[1;94m[*] [0mFuzzing test case #515 (1230 total, 0 uniq crashes found)...[0m
scheduled max input!!!!
schedule: 7 level10_1/ijon_max/7
updated maxmap 6: 3ad (len: 425)
updated maxmap 7: 3b4 (len: 425)
[1;94m[*] [0mFuzzing test case #516 (1230 total, 0 uniq crashes found)...[0m
scheduled max input!!!!
schedule: 9 level10_1/ijon_max/9
[1;94m[*] [0mFuzzing test case #517 (1230 total, 0 uniq crashes found)...[0m
[1;94m[*] [0mFuzzing test case #518 (1230 total, 0 uniq crashes found)...[0m
scheduled max input!!!!
schedule: 13 level10_1/ijon_max/13
[1;94m[*] [0mFuzzing test case #519 (1230 total, 0 uniq crashes found)...[0m
scheduled max input!!!!
schedule: 5 level10_1/ijon_max/5
[1;94m[*] [0mFuzzing test case #520 (1230 total, 0 uniq crashes found)...[0m
scheduled max input!!!!
schedule: 10 level10_1/ijon_max/10
[1;94m[*] [0mFuzzing test case #521 (1230 total, 0 uniq crashes found)...[0m
[1;94m[*] [0mFuzzing test case #522 (1230 total, 0 uniq crashes found)...[0m
scheduled max input!!!!
schedule: 13 level10_1/ijon_max/13
[1;94m[*] [0mFuzzing test case #523 (1230 total, 0 uniq crashes found)...[0m
scheduled max input!!!!
schedule: 14 level10_1/ijon_max/14
[1;94m[*] [0mFuzzing test case #524 (1230 total, 0 uniq crashes found)...[0m
scheduled max input!!!!
schedule: 0 level10_1/ijon_max/0
[1;94m[*] [0mFuzzing test case #525 (1231 total, 0 uniq crashes found)...[0m
scheduled max input!!!!
schedule: 12 level10_1/ijon_max/12
[1;94m[*] [0mFuzzing test case #526 (1231 total, 0 uniq crashes found)...[0m
scheduled max input!!!!
schedule: 9 level10_1/ijon_max/9
[1;94m[*] [0mFuzzing test case #527 (1231 total, 0 uniq crashes found)...[0m
scheduled max input!!!!
schedule: 9 level10_1/ijon_max/9
[1;94m[*] [0mFuzzing test case #528 (1231 total, 0 uniq crashes found)...[0m
scheduled max input!!!!
schedule: 0 level10_1/ijon_max/0
[1;94m[*] [0mFuzzing test case #529 (1231 total, 0 uniq crashes found)...[0m
scheduled max input!!!!
schedule: 13 level10_1/ijon_max/13
[1;94m[*] [0mFuzzing test case #530 (1231 total, 0 uniq crashes found)...[0m
scheduled max input!!!!
schedule: 6 level10_1/ijon_max/6
[1;94m[*] [0mFuzzing test case #531 (1231 total, 0 uniq crashes found)...[0m
scheduled max input!!!!
schedule: 14 level10_1/ijon_max/14
[1;94m[*] [0mFuzzing test case #532 (1231 total, 0 uniq crashes found)...[0m
scheduled max input!!!!
schedule: 12 level10_1/ijon_max/12
[1;94m[*] [0mFuzzing test case #533 (1231 total, 0 uniq crashes found)...[0m
scheduled max input!!!!
schedule: 3 level10_1/ijon_max/3
[1;94m[*] [0mFuzzing test case #534 (1231 total, 0 uniq crashes found)...[0m
[1;94m[*] [0mFuzzing test case #535 (1231 total, 0 uniq crashes found)...[0m
scheduled max input!!!!
schedule: 12 level10_1/ijon_max/12
[1;94m[*] [0mFuzzing test case #536 (1231 total, 0 uniq crashes found)...[0m
scheduled max input!!!!
schedule: 14 level10_1/ijon_max/14
[1;94m[*] [0mFuzzing test case #537 (1231 total, 0 uniq crashes found)...[0m
scheduled max input!!!!
schedule: 7 level10_1/ijon_max/7
[1;94m[*] [0mFuzzing test case #538 (1231 total, 0 uniq crashes found)...[0m
scheduled max input!!!!
schedule: 1 level10_1/ijon_max/1
[1;94m[*] [0mFuzzing test case #539 (1231 total, 0 uniq crashes found)...[0m
scheduled max input!!!!
schedule: 14 level10_1/ijon_max/14
[1;94m[*] [0mFuzzing test case #540 (1231 total, 0 uniq crashes found)...[0m
scheduled max input!!!!
schedule: 2 level10_1/ijon_max/2
[1;94m[*] [0mFuzzing test case #541 (1231 total, 0 uniq crashes found)...[0m
scheduled max input!!!!
schedule: 0 level10_1/ijon_max/0
[1;94m[*] [0mFuzzing test case #542 (1231 total, 0 uniq crashes found)...[0m
scheduled max input!!!!
schedule: 11 level10_1/ijon_max/11
[1;94m[*] [0mFuzzing test case #543 (1231 total, 0 uniq crashes found)...[0m
scheduled max input!!!!
schedule: 14 level10_1/ijon_max/14
[1;94m[*] [0mFuzzing test case #544 (1231 total, 0 uniq crashes found)...[0m
scheduled max input!!!!
schedule: 14 level10_1/ijon_max/14
[1;94m[*] [0mFuzzing test case #545 (1231 total, 0 uniq crashes found)...[0m
scheduled normal input!!!!
[1;94m[*] [0mFuzzing test case #546 (1231 total, 0 uniq crashes found)...[0m
scheduled max input!!!!
schedule: 12 level10_1/ijon_max/12
[1;94m[*] [0mFuzzing test case #547 (1231 total, 0 uniq crashes found)...[0m
[1;94m[*] [0mFuzzing test case #548 (1231 total, 0 uniq crashes found)...[0m
scheduled max input!!!!
schedule: 0 level10_1/ijon_max/0
[1;94m[*] [0mFuzzing test case #549 (1231 total, 0 uniq crashes found)...[0m
scheduled max input!!!!
schedule: 15 level10_1/ijon_max/15
[1;94m[*] [0mFuzzing test case #550 (1231 total, 0 uniq crashes found)...[0m
scheduled max input!!!!
schedule: 11 level10_1/ijon_max/11
[1;94m[*] [0mFuzzing test case #551 (1231 total, 0 uniq crashes found)...[0m
scheduled max input!!!!
schedule: 0 level10_1/ijon_max/0
[1;94m[*] [0mFuzzing test case #552 (1231 total, 0 uniq crashes found)...[0m
scheduled max input!!!!
schedule: 3 level10_1/ijon_max/3
[1;94m[*] [0mFuzzing test case #553 (1231 total, 0 uniq crashes found)...[0m
scheduled max input!!!!
schedule: 12 level10_1/ijon_max/12
[1;94m[*] [0mFuzzing test case #554 (1231 total, 0 uniq crashes found)...[0m
[1;94m[*] [0mFuzzing test case #555 (1231 total, 0 uniq crashes found)...[0m
scheduled max input!!!!
schedule: 9 level10_1/ijon_max/9
[1;94m[*] [0mFuzzing test case #556 (1231 total, 0 uniq crashes found)...[0m
scheduled max input!!!!
schedule: 9 level10_1/ijon_max/9
[1;94m[*] [0mFuzzing test case #557 (1231 total, 0 uniq crashes found)...[0m
scheduled max input!!!!
schedule: 2 level10_1/ijon_max/2
[1;94m[*] [0mFuzzing test case #558 (1231 total, 0 uniq crashes found)...[0m
scheduled max input!!!!
schedule: 4 level10_1/ijon_max/4
[1;94m[*] [0mFuzzing test case #559 (1231 total, 0 uniq crashes found)...[0m
scheduled max input!!!!
schedule: 5 level10_1/ijon_max/5
updated maxmap 5: 399 (len: 420)
[1;94m[*] [0mFuzzing test case #560 (1231 total, 0 uniq crashes found)...[0m
[1;94m[*] [0mFuzzing test case #561 (1231 total, 0 uniq crashes found)...[0m
scheduled max input!!!!
schedule: 1 level10_1/ijon_max/1
[1;94m[*] [0mFuzzing test case #562 (1231 total, 0 uniq crashes found)...[0m
[1;94m[*] [0mFuzzing test case #563 (1231 total, 0 uniq crashes found)...[0m
[1;94m[*] [0mFuzzing test case #564 (1231 total, 0 uniq crashes found)...[0m
scheduled max input!!!!
schedule: 10 level10_1/ijon_max/10
[1;94m[*] [0mFuzzing test case #565 (1232 total, 0 uniq crashes found)...[0m
scheduled max input!!!!
schedule: 14 level10_1/ijon_max/14
[1;94m[*] [0mFuzzing test case #566 (1232 total, 0 uniq crashes found)...[0m
scheduled max input!!!!
schedule: 12 level10_1/ijon_max/12
[1;94m[*] [0mFuzzing test case #567 (1232 total, 0 uniq crashes found)...[0m
scheduled max input!!!!
schedule: 2 level10_1/ijon_max/2
[1;94m[*] [0mFuzzing test case #568 (1232 total, 0 uniq crashes found)...[0m
[1;94m[*] [0mFuzzing test case #569 (1232 total, 0 uniq crashes found)...[0m
scheduled max input!!!!
schedule: 13 level10_1/ijon_max/13
[1;94m[*] [0mFuzzing test case #570 (1232 total, 0 uniq crashes found)...[0m
scheduled max input!!!!
schedule: 0 level10_1/ijon_max/0
[1;94m[*] [0mFuzzing test case #571 (1232 total, 0 uniq crashes found)...[0m
scheduled max input!!!!
schedule: 5 level10_1/ijon_max/5
[1;94m[*] [0mFuzzing test case #572 (1232 total, 0 uniq crashes found)...[0m
[1;94m[*] [0mFuzzing test case #573 (1232 total, 0 uniq crashes found)...[0m
[1;94m[*] [0mFuzzing test case #574 (1232 total, 0 uniq crashes found)...[0m
scheduled max input!!!!
schedule: 1 level10_1/ijon_max/1
[1;94m[*] [0mFuzzing test case #575 (1232 total, 0 uniq crashes found)...[0m
[1;94m[*] [0mFuzzing test case #576 (1232 total, 0 uniq crashes found)...[0m
scheduled max input!!!!
schedule: 10 level10_1/ijon_max/10
[1;94m[*] [0mFuzzing test case #577 (1232 total, 0 uniq crashes found)...[0m
scheduled max input!!!!
schedule: 14 level10_1/ijon_max/14
[1;94m[*] [0mFuzzing test case #578 (1233 total, 0 uniq crashes found)...[0m
scheduled max input!!!!
schedule: 10 level10_1/ijon_max/10
[1;94m[*] [0mFuzzing test case #579 (1233 total, 0 uniq crashes found)...[0m
scheduled max input!!!!
schedule: 4 level10_1/ijon_max/4
[1;94m[*] [0mFuzzing test case #580 (1233 total, 0 uniq crashes found)...[0m
scheduled max input!!!!
schedule: 14 level10_1/ijon_max/14
[1;94m[*] [0mFuzzing test case #581 (1233 total, 0 uniq crashes found)...[0m
[1;94m[*] [0mFuzzing test case #582 (1233 total, 0 uniq crashes found)...[0m
[1;94m[*] [0mFuzzing test case #583 (1233 total, 0 uniq crashes found)...[0m
scheduled max input!!!!
schedule: 14 level10_1/ijon_max/14
[1;94m[*] [0mFuzzing test case #584 (1233 total, 0 uniq crashes found)...[0m
scheduled max input!!!!
schedule: 14 level10_1/ijon_max/14
[1;94m[*] [0mFuzzing test case #585 (1233 total, 0 uniq crashes found)...[0m
scheduled max input!!!!
schedule: 14 level10_1/ijon_max/14
[1;94m[*] [0mFuzzing test case #586 (1233 total, 0 uniq crashes found)...[0m
scheduled max input!!!!
schedule: 3 level10_1/ijon_max/3
[1;94m[*] [0mFuzzing test case #587 (1233 total, 0 uniq crashes found)...[0m
scheduled max input!!!!
schedule: 7 level10_1/ijon_max/7
[1;94m[*] [0mFuzzing test case #588 (1233 total, 0 uniq crashes found)...[0m
scheduled max input!!!!
schedule: 13 level10_1/ijon_max/13
[1;94m[*] [0mFuzzing test case #589 (1233 total, 0 uniq crashes found)...[0m
scheduled max input!!!!
schedule: 8 level10_1/ijon_max/8
[1;94m[*] [0mFuzzing test case #590 (1233 total, 0 uniq crashes found)...[0m
scheduled max input!!!!
schedule: 5 level10_1/ijon_max/5
updated maxmap 5: 3a3 (len: 428)
[1;94m[*] [0mFuzzing test case #591 (1233 total, 0 uniq crashes found)...[0m
[1;94m[*] [0mFuzzing test case #592 (1233 total, 0 uniq crashes found)...[0m
scheduled max input!!!!
schedule: 6 level10_1/ijon_max/6
[1;94m[*] [0mFuzzing test case #593 (1233 total, 0 uniq crashes found)...[0m
[1;94m[*] [0mFuzzing test case #594 (1233 total, 0 uniq crashes found)...[0m
scheduled max input!!!!
schedule: 9 level10_1/ijon_max/9
[1;94m[*] [0mFuzzing test case #595 (1233 total, 0 uniq crashes found)...[0m
[1;94m[*] [0mFuzzing test case #596 (1233 total, 0 uniq crashes found)...[0m
scheduled max input!!!!
schedule: 2 level10_1/ijon_max/2
[1;94m[*] [0mFuzzing test case #597 (1233 total, 0 uniq crashes found)...[0m
scheduled max input!!!!
schedule: 13 level10_1/ijon_max/13
[1;94m[*] [0mFuzzing test case #598 (1233 total, 0 uniq crashes found)...[0m
scheduled max input!!!!
schedule: 3 level10_1/ijon_max/3
[1;94m[*] [0mFuzzing test case #599 (1233 total, 0 uniq crashes found)...[0m
scheduled max input!!!!
schedule: 0 level10_1/ijon_max/0
[1;94m[*] [0mFuzzing test case #600 (1233 total, 0 uniq crashes found)...[0m
scheduled max input!!!!
schedule: 14 level10_1/ijon_max/14
[1;94m[*] [0mFuzzing test case #601 (1233 total, 0 uniq crashes found)...[0m
scheduled max input!!!!
schedule: 2 level10_1/ijon_max/2
[1;94m[*] [0mFuzzing test case #602 (1233 total, 0 uniq crashes found)...[0m
[1;94m[*] [0mFuzzing test case #603 (1233 total, 0 uniq crashes found)...[0m
scheduled max input!!!!
schedule: 14 level10_1/ijon_max/14
[1;94m[*] [0mFuzzing test case #604 (1233 total, 0 uniq crashes found)...[0m
scheduled max input!!!!
schedule: 3 level10_1/ijon_max/3
[1;94m[*] [0mFuzzing test case #605 (1233 total, 0 uniq crashes found)...[0m
scheduled max input!!!!
schedule: 3 level10_1/ijon_max/3
[1;94m[*] [0mFuzzing test case #606 (1233 total, 0 uniq crashes found)...[0m
scheduled max input!!!!
schedule: 1 level10_1/ijon_max/1
[1;94m[*] [0mFuzzing test case #607 (1233 total, 0 uniq crashes found)...[0m
scheduled max input!!!!
schedule: 13 level10_1/ijon_max/13
[1;94m[*] [0mFuzzing test case #608 (1233 total, 0 uniq crashes found)...[0m
scheduled max input!!!!
schedule: 7 level10_1/ijon_max/7
[1;94m[*] [0mFuzzing test case #609 (1233 total, 0 uniq crashes found)...[0m
scheduled max input!!!!
schedule: 10 level10_1/ijon_max/10
[1;94m[*] [0mFuzzing test case #610 (1233 total, 0 uniq crashes found)...[0m
scheduled max input!!!!
schedule: 13 level10_1/ijon_max/13
[1;94m[*] [0mFuzzing test case #611 (1233 total, 0 uniq crashes found)...[0m
scheduled max input!!!!
schedule: 7 level10_1/ijon_max/7
updated maxmap 7: 3b5 (len: 425)
[1;94m[*] [0mFuzzing test case #612 (1233 total, 0 uniq crashes found)...[0m
scheduled max input!!!!
schedule: 5 level10_1/ijon_max/5
[1;94m[*] [0mFuzzing test case #613 (1233 total, 0 uniq crashes found)...[0m
[1;94m[*] [0mFuzzing test case #614 (1233 total, 0 uniq crashes found)...[0m
[1;94m[*] [0mFuzzing test case #615 (1233 total, 0 uniq crashes found)...[0m
[1;94m[*] [0mFuzzing test case #616 (1233 total, 0 uniq crashes found)...[0m
scheduled max input!!!!
schedule: 5 level10_1/ijon_max/5
[1;94m[*] [0mFuzzing test case #617 (1234 total, 0 uniq crashes found)...[0m
scheduled max input!!!!
schedule: 12 level10_1/ijon_max/12
[1;94m[*] [0mFuzzing test case #618 (1234 total, 0 uniq crashes found)...[0m
scheduled max input!!!!
schedule: 2 level10_1/ijon_max/2
[1;94m[*] [0mFuzzing test case #619 (1234 total, 0 uniq crashes found)...[0m
scheduled max input!!!!
schedule: 8 level10_1/ijon_max/8
[1;94m[*] [0mFuzzing test case #620 (1234 total, 0 uniq crashes found)...[0m
[1;94m[*] [0mFuzzing test case #621 (1234 total, 0 uniq crashes found)...[0m
scheduled max input!!!!
schedule: 6 level10_1/ijon_max/6
[1;94m[*] [0mFuzzing test case #622 (1234 total, 0 uniq crashes found)...[0m
[1;94m[*] [0mFuzzing test case #623 (1234 total, 0 uniq crashes found)...[0m
[1;94m[*] [0mFuzzing test case #624 (1234 total, 0 uniq crashes found)...[0m
scheduled max input!!!!
schedule: 9 level10_1/ijon_max/9
[1;94m[*] [0mFuzzing test case #625 (1235 total, 0 uniq crashes found)...[0m
scheduled max input!!!!
schedule: 3 level10_1/ijon_max/3
[1;94m[*] [0mFuzzing test case #626 (1235 total, 0 uniq crashes found)...[0m
scheduled max input!!!!
schedule: 1 level10_1/ijon_max/1
[1;94m[*] [0mFuzzing test case #627 (1235 total, 0 uniq crashes found)...[0m
scheduled max input!!!!
schedule: 12 level10_1/ijon_max/12
[1;94m[*] [0mFuzzing test case #628 (1235 total, 0 uniq crashes found)...[0m
scheduled max input!!!!
schedule: 10 level10_1/ijon_max/10
[1;94m[*] [0mFuzzing test case #629 (1235 total, 0 uniq crashes found)...[0m
scheduled max input!!!!
schedule: 14 level10_1/ijon_max/14
[1;94m[*] [0mFuzzing test case #630 (1235 total, 0 uniq crashes found)...[0m
scheduled max input!!!!
schedule: 10 level10_1/ijon_max/10
[1;94m[*] [0mFuzzing test case #631 (1235 total, 0 uniq crashes found)...[0m
scheduled max input!!!!
schedule: 1 level10_1/ijon_max/1
[1;94m[*] [0mFuzzing test case #632 (1235 total, 0 uniq crashes found)...[0m
[1;94m[*] [0mFuzzing test case #633 (1235 total, 0 uniq crashes found)...[0m
scheduled max input!!!!
schedule: 1 level10_1/ijon_max/1
[1;94m[*] [0mFuzzing test case #634 (1235 total, 0 uniq crashes found)...[0m
[1;94m[*] [0mFuzzing test case #635 (1235 total, 0 uniq crashes found)...[0m
scheduled max input!!!!
schedule: 5 level10_1/ijon_max/5
updated maxmap 5: 3a4 (len: 428)
updated maxmap 8: 3a7 (len: 430)
[1;94m[*] [0mFuzzing test case #636 (1236 total, 0 uniq crashes found)...[0m
scheduled max input!!!!
schedule: 8 level10_1/ijon_max/8
updated maxmap 8: 3af (len: 436)
updated maxmap 8: 3bf (len: 430)
updated maxmap 9: 3c4 (len: 432)
updated maxmap 9: 3c9 (len: 436)
updated maxmap 10: 3ce (len: 436)
updated maxmap 6: 3b0 (len: 430)
updated maxmap 7: 3ba (len: 430)
[1;94m[*] [0mFuzzing test case #637 (1244 total, 0 uniq crashes found)...[0m
[1;94m[*] [0mFuzzing test case #638 (1244 total, 0 uniq crashes found)...[0m
scheduled max input!!!!
schedule: 10 level10_1/ijon_max/10
[1;94m[*] [0mFuzzing test case #639 (1244 total, 0 uniq crashes found)...[0m
scheduled max input!!!!
schedule: 11 level10_1/ijon_max/11
[1;94m[*] [0mFuzzing test case #640 (1245 total, 0 uniq crashes found)...[0m
scheduled max input!!!!
schedule: 1 level10_1/ijon_max/1
[1;94m[*] [0mFuzzing test case #641 (1245 total, 0 uniq crashes found)...[0m
scheduled max input!!!!
schedule: 6 level10_1/ijon_max/6
[1;94m[*] [0mFuzzing test case #642 (1246 total, 0 uniq crashes found)...[0m
scheduled max input!!!!
schedule: 12 level10_1/ijon_max/12
[1;94m[*] [0mFuzzing test case #643 (1246 total, 0 uniq crashes found)...[0m
scheduled max input!!!!
schedule: 3 level10_1/ijon_max/3
[1;94m[*] [0mFuzzing test case #644 (1246 total, 0 uniq crashes found)...[0m
scheduled max input!!!!
schedule: 12 level10_1/ijon_max/12
[1;94m[*] [0mFuzzing test case #645 (1246 total, 0 uniq crashes found)...[0m
scheduled max input!!!!
schedule: 2 level10_1/ijon_max/2
[1;94m[*] [0mFuzzing test case #646 (1246 total, 0 uniq crashes found)...[0m
scheduled max input!!!!
schedule: 10 level10_1/ijon_max/10
[1;94m[*] [0mFuzzing test case #647 (1246 total, 0 uniq crashes found)...[0m
scheduled max input!!!!
schedule: 8 level10_1/ijon_max/8
[1;94m[*] [0mFuzzing test case #648 (1246 total, 0 uniq crashes found)...[0m
scheduled max input!!!!
schedule: 4 level10_1/ijon_max/4
[1;94m[*] [0mFuzzing test case #649 (1246 total, 0 uniq crashes found)...[0m
[1;94m[*] [0mFuzzing test case #650 (1246 total, 0 uniq crashes found)...[0m
scheduled max input!!!!
schedule: 4 level10_1/ijon_max/4
[1;94m[*] [0mFuzzing test case #651 (1246 total, 0 uniq crashes found)...[0m
scheduled max input!!!!
schedule: 0 level10_1/ijon_max/0
[1;94m[*] [0mFuzzing test case #652 (1246 total, 0 uniq crashes found)...[0m
scheduled max input!!!!
schedule: 12 level10_1/ijon_max/12
[1;94m[*] [0mFuzzing test case #653 (1246 total, 0 uniq crashes found)...[0m
scheduled max input!!!!
schedule: 11 level10_1/ijon_max/11
[1;94m[*] [0mFuzzing test case #654 (1246 total, 0 uniq crashes found)...[0m
scheduled max input!!!!
schedule: 5 level10_1/ijon_max/5
[1;94m[*] [0mFuzzing test case #655 (1246 total, 0 uniq crashes found)...[0m
scheduled max input!!!!
schedule: 0 level10_1/ijon_max/0
[1;94m[*] [0mFuzzing test case #656 (1246 total, 0 uniq crashes found)...[0m
scheduled max input!!!!
schedule: 7 level10_1/ijon_max/7
[1;94m[*] [0mFuzzing test case #657 (1246 total, 0 uniq crashes found)...[0m
[1;94m[*] [0mFuzzing test case #658 (1246 total, 0 uniq crashes found)...[0m
scheduled max input!!!!
schedule: 3 level10_1/ijon_max/3
[1;94m[*] [0mFuzzing test case #659 (1246 total, 0 uniq crashes found)...[0m
[1;94m[*] [0mFuzzing test case #660 (1246 total, 0 uniq crashes found)...[0m
scheduled max input!!!!
schedule: 8 level10_1/ijon_max/8
[1;94m[*] [0mFuzzing test case #661 (1246 total, 0 uniq crashes found)...[0m
[1;94m[*] [0mFuzzing test case #662 (1246 total, 0 uniq crashes found)...[0m
scheduled max input!!!!
schedule: 2 level10_1/ijon_max/2
[1;94m[*] [0mFuzzing test case #663 (1246 total, 0 uniq crashes found)...[0m
scheduled max input!!!!
schedule: 7 level10_1/ijon_max/7
[1;94m[*] [0mFuzzing test case #664 (1246 total, 0 uniq crashes found)...[0m
scheduled max input!!!!
schedule: 11 level10_1/ijon_max/11
[1;94m[*] [0mFuzzing test case #665 (1247 total, 0 uniq crashes found)...[0m
scheduled max input!!!!
schedule: 13 level10_1/ijon_max/13
[1;94m[*] [0mFuzzing test case #666 (1247 total, 0 uniq crashes found)...[0m
scheduled max input!!!!
schedule: 12 level10_1/ijon_max/12
[1;94m[*] [0mFuzzing test case #667 (1247 total, 0 uniq crashes found)...[0m
[1;94m[*] [0mFuzzing test case #668 (1247 total, 0 uniq crashes found)...[0m
scheduled max input!!!!
schedule: 7 level10_1/ijon_max/7
[1;94m[*] [0mFuzzing test case #669 (1247 total, 0 uniq crashes found)...[0m
scheduled max input!!!!
schedule: 9 level10_1/ijon_max/9
[1;94m[*] [0mFuzzing test case #670 (1247 total, 0 uniq crashes found)...[0m
scheduled max input!!!!
schedule: 2 level10_1/ijon_max/2
[1;94m[*] [0mFuzzing test case #671 (1247 total, 0 uniq crashes found)...[0m
scheduled normal input!!!!
[1;94m[*] [0mFuzzing test case #672 (1247 total, 0 uniq crashes found)...[0m
scheduled max input!!!!
schedule: 8 level10_1/ijon_max/8
[1;94m[*] [0mFuzzing test case #673 (1247 total, 0 uniq crashes found)...[0m
[1;94m[*] [0mFuzzing test case #674 (1247 total, 0 uniq crashes found)...[0m
scheduled max input!!!!
schedule: 7 level10_1/ijon_max/7
[1;94m[*] [0mFuzzing test case #675 (1247 total, 0 uniq crashes found)...[0m
[1;94m[*] [0mFuzzing test case #676 (1247 total, 0 uniq crashes found)...[0m
scheduled max input!!!!
schedule: 3 level10_1/ijon_max/3
[1;94m[*] [0mFuzzing test case #677 (1247 total, 0 uniq crashes found)...[0m
scheduled max input!!!!
schedule: 4 level10_1/ijon_max/4
[1;94m[*] [0mFuzzing test case #678 (1247 total, 0 uniq crashes found)...[0m
[1;94m[*] [0mFuzzing test case #679 (1247 total, 0 uniq crashes found)...[0m
scheduled max input!!!!
schedule: 0 level10_1/ijon_max/0
[1;94m[*] [0mFuzzing test case #680 (1247 total, 0 uniq crashes found)...[0m
[1;94m[*] [0mFuzzing test case #681 (1247 total, 0 uniq crashes found)...[0m
scheduled max input!!!!
schedule: 4 level10_1/ijon_max/4
[1;94m[*] [0mFuzzing test case #682 (1249 total, 0 uniq crashes found)...[0m
[1;94m[*] [0mFuzzing test case #683 (1249 total, 0 uniq crashes found)...[0m
scheduled max input!!!!
schedule: 7 level10_1/ijon_max/7
updated maxmap 8: 3c4 (len: 437)
updated maxmap 9: 3ce (len: 437)
updated maxmap 10: 3d0 (len: 437)
[1;94m[*] [0mFuzzing test case #684 (1249 total, 0 uniq crashes found)...[0m
scheduled max input!!!!
schedule: 11 level10_1/ijon_max/11
[1;94m[*] [0mFuzzing test case #685 (1249 total, 0 uniq crashes found)...[0m
scheduled max input!!!!
schedule: 14 level10_1/ijon_max/14
[1;94m[*] [0mFuzzing test case #686 (1249 total, 0 uniq crashes found)...[0m
[1;94m[*] [0mFuzzing test case #687 (1249 total, 0 uniq crashes found)...[0m
scheduled max input!!!!
schedule: 8 level10_1/ijon_max/8
updated maxmap 6: 3b1 (len: 437)
[1;94m[*] [0mFuzzing test case #688 (1249 total, 0 uniq crashes found)...[0m
scheduled max input!!!!
schedule: 1 level10_1/ijon_max/1
[1;94m[*] [0mFuzzing test case #689 (1250 total, 0 uniq crashes found)...[0m
scheduled max input!!!!
schedule: 15 level10_1/ijon_max/15
[1;94m[*] [0mFuzzing test case #690 (1250 total, 0 uniq crashes found)...[0m
scheduled max input!!!!
schedule: 15 level10_1/ijon_max/15
[1;94m[*] [0mFuzzing test case #691 (1250 total, 0 uniq crashes found)...[0m
[1;94m[*] [0mFuzzing test case #692 (1250 total, 0 uniq crashes found)...[0m
[1;94m[*] [0mFuzzing test case #693 (1250 total, 0 uniq crashes found)...[0m
scheduled max input!!!!
schedule: 3 level10_1/ijon_max/3
[1;94m[*] [0mFuzzing test case #694 (1250 total, 0 uniq crashes found)...[0m
scheduled max input!!!!
schedule: 15 level10_1/ijon_max/15
[1;94m[*] [0mFuzzing test case #695 (1250 total, 0 uniq crashes found)...[0m
[1;94m[*] [0mFuzzing test case #696 (1250 total, 0 uniq crashes found)...[0m
[1;94m[*] [0mFuzzing test case #697 (1250 total, 0 uniq crashes found)...[0m
scheduled max input!!!!
schedule: 13 level10_1/ijon_max/13
[1;94m[*] [0mFuzzing test case #698 (1250 total, 0 uniq crashes found)...[0m
scheduled max input!!!!
schedule: 7 level10_1/ijon_max/7
[1;94m[*] [0mFuzzing test case #699 (1250 total, 0 uniq crashes found)...[0m
scheduled max input!!!!
schedule: 3 level10_1/ijon_max/3
[1;94m[*] [0mFuzzing test case #700 (1250 total, 0 uniq crashes found)...[0m
[1;94m[*] [0mFuzzing test case #701 (1250 total, 0 uniq crashes found)...[0m
scheduled max input!!!!
schedule: 3 level10_1/ijon_max/3
[1;94m[*] [0mFuzzing test case #702 (1250 total, 0 uniq crashes found)...[0m
scheduled max input!!!!
schedule: 0 level10_1/ijon_max/0
[1;94m[*] [0mFuzzing test case #703 (1250 total, 0 uniq crashes found)...[0m
scheduled max input!!!!
schedule: 10 level10_1/ijon_max/10
[1;94m[*] [0mFuzzing test case #704 (1250 total, 0 uniq crashes found)...[0m
[1;94m[*] [0mFuzzing test case #705 (1250 total, 0 uniq crashes found)...[0m
scheduled max input!!!!
schedule: 13 level10_1/ijon_max/13
[1;94m[*] [0mFuzzing test case #706 (1250 total, 0 uniq crashes found)...[0m
[1;94m[*] [0mFuzzing test case #707 (1250 total, 0 uniq crashes found)...[0m
scheduled max input!!!!
schedule: 7 level10_1/ijon_max/7
[1;94m[*] [0mFuzzing test case #708 (1250 total, 0 uniq crashes found)...[0m
scheduled max input!!!!
schedule: 5 level10_1/ijon_max/5
[1;94m[*] [0mFuzzing test case #709 (1251 total, 0 uniq crashes found)...[0m
scheduled max input!!!!
schedule: 12 level10_1/ijon_max/12
[1;94m[*] [0mFuzzing test case #710 (1251 total, 0 uniq crashes found)...[0m
[1;94m[*] [0mFuzzing test case #711 (1251 total, 0 uniq crashes found)...[0m
scheduled max input!!!!
schedule: 1 level10_1/ijon_max/1
[1;94m[*] [0mFuzzing test case #712 (1251 total, 0 uniq crashes found)...[0m
scheduled max input!!!!
schedule: 5 level10_1/ijon_max/5
[1;94m[*] [0mFuzzing test case #713 (1251 total, 0 uniq crashes found)...[0m
scheduled max input!!!!
schedule: 10 level10_1/ijon_max/10
[1;94m[*] [0mFuzzing test case #714 (1251 total, 0 uniq crashes found)...[0m
scheduled max input!!!!
schedule: 14 level10_1/ijon_max/14
[1;94m[*] [0mFuzzing test case #715 (1251 total, 0 uniq crashes found)...[0m
[1;94m[*] [0mFuzzing test case #716 (1251 total, 0 uniq crashes found)...[0m
scheduled max input!!!!
schedule: 7 level10_1/ijon_max/7
[1;94m[*] [0mFuzzing test case #717 (1251 total, 0 uniq crashes found)...[0m
scheduled max input!!!!
schedule: 2 level10_1/ijon_max/2
[1;94m[*] [0mFuzzing test case #718 (1251 total, 0 uniq crashes found)...[0m
scheduled max input!!!!
schedule: 2 level10_1/ijon_max/2
[1;94m[*] [0mFuzzing test case #719 (1251 total, 0 uniq crashes found)...[0m
scheduled max input!!!!
schedule: 7 level10_1/ijon_max/7
[1;94m[*] [0mFuzzing test case #720 (1252 total, 0 uniq crashes found)...[0m
scheduled max input!!!!
schedule: 11 level10_1/ijon_max/11
[1;94m[*] [0mFuzzing test case #721 (1252 total, 0 uniq crashes found)...[0m
scheduled max input!!!!
schedule: 7 level10_1/ijon_max/7
[1;94m[*] [0mFuzzing test case #722 (1252 total, 0 uniq crashes found)...[0m
scheduled max input!!!!
schedule: 14 level10_1/ijon_max/14
[1;94m[*] [0mFuzzing test case #723 (1252 total, 0 uniq crashes found)...[0m
scheduled max input!!!!
schedule: 8 level10_1/ijon_max/8
[1;94m[*] [0mFuzzing test case #724 (1252 total, 0 uniq crashes found)...[0m
[1;94m[*] [0mFuzzing test case #725 (1252 total, 0 uniq crashes found)...[0m
[1;94m[*] [0mFuzzing test case #726 (1252 total, 0 uniq crashes found)...[0m
scheduled max input!!!!
schedule: 4 level10_1/ijon_max/4
[1;94m[*] [0mFuzzing test case #727 (1252 total, 0 uniq crashes found)...[0m
scheduled max input!!!!
schedule: 11 level10_1/ijon_max/11
[1;94m[*] [0mFuzzing test case #728 (1252 total, 0 uniq crashes found)...[0m
scheduled max input!!!!
schedule: 5 level10_1/ijon_max/5
[1;94m[*] [0mFuzzing test case #729 (1253 total, 0 uniq crashes found)...[0m
scheduled max input!!!!
schedule: 11 level10_1/ijon_max/11
[1;94m[*] [0mFuzzing test case #730 (1253 total, 0 uniq crashes found)...[0m
scheduled max input!!!!
schedule: 3 level10_1/ijon_max/3
[1;94m[*] [0mFuzzing test case #731 (1253 total, 0 uniq crashes found)...[0m
scheduled max input!!!!
schedule: 13 level10_1/ijon_max/13
[1;94m[*] [0mFuzzing test case #732 (1253 total, 0 uniq crashes found)...[0m
scheduled max input!!!!
schedule: 13 level10_1/ijon_max/13
[1;94m[*] [0mFuzzing test case #733 (1253 total, 0 uniq crashes found)...[0m
scheduled max input!!!!
schedule: 9 level10_1/ijon_max/9
[1;94m[*] [0mFuzzing test case #734 (1253 total, 0 uniq crashes found)...[0m
[1;94m[*] [0mFuzzing test case #735 (1253 total, 0 uniq crashes found)...[0m
scheduled max input!!!!
schedule: 4 level10_1/ijon_max/4
[1;94m[*] [0mFuzzing test case #736 (1253 total, 0 uniq crashes found)...[0m
scheduled max input!!!!
schedule: 15 level10_1/ijon_max/15
[1;94m[*] [0mFuzzing test case #737 (1253 total, 0 uniq crashes found)...[0m
[1;94m[*] [0mFuzzing test case #738 (1253 total, 0 uniq crashes found)...[0m
scheduled max input!!!!
schedule: 7 level10_1/ijon_max/7
[1;94m[*] [0mFuzzing test case #739 (1253 total, 0 uniq crashes found)...[0m
[1;94m[*] [0mFuzzing test case #740 (1253 total, 0 uniq crashes found)...[0m
scheduled max input!!!!
schedule: 4 level10_1/ijon_max/4
[1;94m[*] [0mFuzzing test case #741 (1253 total, 0 uniq crashes found)...[0m
scheduled max input!!!!
schedule: 5 level10_1/ijon_max/5
[1;94m[*] [0mFuzzing test case #742 (1253 total, 0 uniq crashes found)...[0m
scheduled max input!!!!
schedule: 4 level10_1/ijon_max/4
[1;94m[*] [0mFuzzing test case #743 (1253 total, 0 uniq crashes found)...[0m
scheduled max input!!!!
schedule: 9 level10_1/ijon_max/9
[1;94m[*] [0mFuzzing test case #744 (1254 total, 0 uniq crashes found)...[0m
[1;94m[*] [0mFuzzing test case #745 (1254 total, 0 uniq crashes found)...[0m
[1;94m[*] [0mFuzzing test case #746 (1254 total, 0 uniq crashes found)...[0m
scheduled max input!!!!
schedule: 0 level10_1/ijon_max/0
[1;94m[*] [0mFuzzing test case #747 (1254 total, 0 uniq crashes found)...[0m
[1;94m[*] [0mFuzzing test case #748 (1254 total, 0 uniq crashes found)...[0m
scheduled max input!!!!
schedule: 13 level10_1/ijon_max/13
[1;94m[*] [0mFuzzing test case #749 (1254 total, 0 uniq crashes found)...[0m
scheduled max input!!!!
schedule: 11 level10_1/ijon_max/11
[1;94m[*] [0mFuzzing test case #750 (1254 total, 0 uniq crashes found)...[0m
scheduled max input!!!!
schedule: 6 level10_1/ijon_max/6
[1;94m[*] [0mFuzzing test case #751 (1254 total, 0 uniq crashes found)...[0m
scheduled max input!!!!
schedule: 7 level10_1/ijon_max/7
[1;94m[*] [0mFuzzing test case #752 (1254 total, 0 uniq crashes found)...[0m
scheduled max input!!!!
schedule: 8 level10_1/ijon_max/8
[1;94m[*] [0mFuzzing test case #753 (1254 total, 0 uniq crashes found)...[0m
scheduled max input!!!!
schedule: 13 level10_1/ijon_max/13
[1;94m[*] [0mFuzzing test case #754 (1254 total, 0 uniq crashes found)...[0m
scheduled max input!!!!
schedule: 12 level10_1/ijon_max/12
[1;94m[*] [0mFuzzing test case #755 (1254 total, 0 uniq crashes found)...[0m
scheduled max input!!!!
schedule: 10 level10_1/ijon_max/10
[1;94m[*] [0mFuzzing test case #756 (1254 total, 0 uniq crashes found)...[0m
scheduled max input!!!!
schedule: 13 level10_1/ijon_max/13
[1;94m[*] [0mFuzzing test case #757 (1254 total, 0 uniq crashes found)...[0m
scheduled max input!!!!
schedule: 9 level10_1/ijon_max/9
[1;94m[*] [0mFuzzing test case #758 (1254 total, 0 uniq crashes found)...[0m
scheduled max input!!!!
schedule: 15 level10_1/ijon_max/15
[1;94m[*] [0mFuzzing test case #759 (1254 total, 0 uniq crashes found)...[0m
scheduled max input!!!!
schedule: 6 level10_1/ijon_max/6
[1;94m[*] [0mFuzzing test case #760 (1254 total, 0 uniq crashes found)...[0m
scheduled max input!!!!
schedule: 8 level10_1/ijon_max/8
[1;94m[*] [0mFuzzing test case #761 (1254 total, 0 uniq crashes found)...[0m
[1;94m[*] [0mFuzzing test case #762 (1254 total, 0 uniq crashes found)...[0m
scheduled max input!!!!
schedule: 9 level10_1/ijon_max/9
[1;94m[*] [0mFuzzing test case #763 (1254 total, 0 uniq crashes found)...[0m
scheduled max input!!!!
schedule: 6 level10_1/ijon_max/6
[1;94m[*] [0mFuzzing test case #764 (1254 total, 0 uniq crashes found)...[0m
scheduled max input!!!!
schedule: 1 level10_1/ijon_max/1
[1;94m[*] [0mFuzzing test case #765 (1254 total, 0 uniq crashes found)...[0m
[1;94m[*] [0mFuzzing test case #766 (1254 total, 0 uniq crashes found)...[0m
scheduled max input!!!!
schedule: 12 level10_1/ijon_max/12
[1;94m[*] [0mFuzzing test case #767 (1254 total, 0 uniq crashes found)...[0m
scheduled max input!!!!
schedule: 2 level10_1/ijon_max/2
[1;94m[*] [0mFuzzing test case #768 (1254 total, 0 uniq crashes found)...[0m
scheduled max input!!!!
schedule: 2 level10_1/ijon_max/2
[1;94m[*] [0mFuzzing test case #769 (1254 total, 0 uniq crashes found)...[0m
scheduled max input!!!!
schedule: 2 level10_1/ijon_max/2
[1;94m[*] [0mFuzzing test case #770 (1254 total, 0 uniq crashes found)...[0m
scheduled max input!!!!
schedule: 11 level10_1/ijon_max/11
[1;94m[*] [0mFuzzing test case #771 (1255 total, 0 uniq crashes found)...[0m
scheduled max input!!!!
schedule: 9 level10_1/ijon_max/9
[1;94m[*] [0mFuzzing test case #772 (1255 total, 0 uniq crashes found)...[0m
scheduled max input!!!!
schedule: 10 level10_1/ijon_max/10
[1;94m[*] [0mFuzzing test case #773 (1255 total, 0 uniq crashes found)...[0m
scheduled max input!!!!
schedule: 8 level10_1/ijon_max/8
[1;94m[*] [0mFuzzing test case #774 (1255 total, 0 uniq crashes found)...[0m
scheduled max input!!!!
schedule: 2 level10_1/ijon_max/2
[1;94m[*] [0mFuzzing test case #775 (1255 total, 0 uniq crashes found)...[0m
scheduled max input!!!!
schedule: 9 level10_1/ijon_max/9
[1;94m[*] [0mFuzzing test case #776 (1255 total, 0 uniq crashes found)...[0m
scheduled max input!!!!
schedule: 8 level10_1/ijon_max/8
[1;94m[*] [0mFuzzing test case #777 (1256 total, 0 uniq crashes found)...[0m
scheduled max input!!!!
schedule: 4 level10_1/ijon_max/4
[1;94m[*] [0mFuzzing test case #778 (1256 total, 0 uniq crashes found)...[0m
scheduled max input!!!!
schedule: 1 level10_1/ijon_max/1
[1;94m[*] [0mFuzzing test case #779 (1256 total, 0 uniq crashes found)...[0m
scheduled max input!!!!
schedule: 10 level10_1/ijon_max/10
[1;94m[*] [0mFuzzing test case #780 (1256 total, 0 uniq crashes found)...[0m
scheduled max input!!!!
schedule: 15 level10_1/ijon_max/15
[1;94m[*] [0mFuzzing test case #781 (1256 total, 0 uniq crashes found)...[0m
scheduled max input!!!!
schedule: 1 level10_1/ijon_max/1
[1;94m[*] [0mFuzzing test case #782 (1256 total, 0 uniq crashes found)...[0m
scheduled max input!!!!
schedule: 8 level10_1/ijon_max/8
updated maxmap 5: 3a6 (len: 437)
updated maxmap 6: 3b2 (len: 437)
updated maxmap 7: 3bc (len: 437)
[1;94m[*] [0mFuzzing test case #783 (1256 total, 0 uniq crashes found)...[0m
[1;94m[*] [0mFuzzing test case #784 (1256 total, 0 uniq crashes found)...[0m
scheduled max input!!!!
schedule: 9 level10_1/ijon_max/9
[1;94m[*] [0mFuzzing test case #785 (1256 total, 0 uniq crashes found)...[0m
scheduled max input!!!!
schedule: 14 level10_1/ijon_max/14
[1;94m[*] [0mFuzzing test case #786 (1256 total, 0 uniq crashes found)...[0m
scheduled max input!!!!
schedule: 13 level10_1/ijon_max/13
[1;94m[*] [0mFuzzing test case #787 (1256 total, 0 uniq crashes found)...[0m
scheduled max input!!!!
schedule: 12 level10_1/ijon_max/12
[1;94m[*] [0mFuzzing test case #788 (1256 total, 0 uniq crashes found)...[0m
scheduled max input!!!!
schedule: 11 level10_1/ijon_max/11
[1;94m[*] [0mFuzzing test case #789 (1256 total, 0 uniq crashes found)...[0m
scheduled max input!!!!
schedule: 4 level10_1/ijon_max/4
[1;94m[*] [0mFuzzing test case #790 (1256 total, 0 uniq crashes found)...[0m
scheduled max input!!!!
schedule: 15 level10_1/ijon_max/15
[1;94m[*] [0mFuzzing test case #791 (1256 total, 0 uniq crashes found)...[0m
scheduled max input!!!!
schedule: 7 level10_1/ijon_max/7
[1;94m[*] [0mFuzzing test case #792 (1258 total, 0 uniq crashes found)...[0m
[1;94m[*] [0mFuzzing test case #793 (1258 total, 0 uniq crashes found)...[0m
scheduled max input!!!!
schedule: 3 level10_1/ijon_max/3
[1;94m[*] [0mFuzzing test case #794 (1258 total, 0 uniq crashes found)...[0m
scheduled max input!!!!
schedule: 9 level10_1/ijon_max/9
updated maxmap 10: 3d3 (len: 438)
[1;94m[*] [0mFuzzing test case #795 (1261 total, 0 uniq crashes found)...[0m
[1;94m[*] [0mFuzzing test case #796 (1261 total, 0 uniq crashes found)...[0m
scheduled max input!!!!
schedule: 3 level10_1/ijon_max/3
[1;94m[*] [0mFuzzing test case #797 (1262 total, 0 uniq crashes found)...[0m
scheduled max input!!!!
schedule: 4 level10_1/ijon_max/4
[1;94m[*] [0mFuzzing test case #798 (1262 total, 0 uniq crashes found)...[0m
[1;94m[*] [0mFuzzing test case #799 (1262 total, 0 uniq crashes found)...[0m
[1;94m[*] [0mFuzzing test case #800 (1262 total, 0 uniq crashes found)...[0m
scheduled max input!!!!
schedule: 0 level10_1/ijon_max/0
[1;94m[*] [0mFuzzing test case #801 (1262 total, 0 uniq crashes found)...[0m
scheduled max input!!!!
schedule: 2 level10_1/ijon_max/2
[1;94m[*] [0mFuzzing test case #802 (1262 total, 0 uniq crashes found)...[0m
scheduled max input!!!!
schedule: 5 level10_1/ijon_max/5
[1;94m[*] [0mFuzzing test case #803 (1262 total, 0 uniq crashes found)...[0m
scheduled max input!!!!
schedule: 1 level10_1/ijon_max/1
[1;94m[*] [0mFuzzing test case #804 (1262 total, 0 uniq crashes found)...[0m
scheduled max input!!!!
schedule: 4 level10_1/ijon_max/4
[1;94m[*] [0mFuzzing test case #805 (1262 total, 0 uniq crashes found)...[0m
scheduled max input!!!!
schedule: 6 level10_1/ijon_max/6
[1;94m[*] [0mFuzzing test case #806 (1262 total, 0 uniq crashes found)...[0m
scheduled max input!!!!
schedule: 5 level10_1/ijon_max/5
[1;94m[*] [0mFuzzing test case #807 (1262 total, 0 uniq crashes found)...[0m
[1;94m[*] [0mFuzzing test case #808 (1262 total, 0 uniq crashes found)...[0m
[1;94m[*] [0mFuzzing test case #809 (1262 total, 0 uniq crashes found)...[0m
scheduled max input!!!!
schedule: 3 level10_1/ijon_max/3
[1;94m[*] [0mFuzzing test case #810 (1262 total, 0 uniq crashes found)...[0m
scheduled max input!!!!
schedule: 9 level10_1/ijon_max/9
[1;94m[*] [0mFuzzing test case #811 (1262 total, 0 uniq crashes found)...[0m
scheduled max input!!!!
schedule: 0 level10_1/ijon_max/0
[1;94m[*] [0mFuzzing test case #812 (1262 total, 0 uniq crashes found)...[0m
[1;94m[*] [0mFuzzing test case #813 (1262 total, 0 uniq crashes found)...[0m
scheduled max input!!!!
schedule: 10 level10_1/ijon_max/10
updated maxmap 10: 3d8 (len: 445)
updated maxmap 11: 3e4 (len: 445)
updated maxmap 10: 3e2 (len: 444)
[1;94m[*] [0mFuzzing test case #814 (1264 total, 0 uniq crashes found)...[0m
scheduled max input!!!!
schedule: 0 level10_1/ijon_max/0
[1;94m[*] [0mFuzzing test case #815 (1264 total, 0 uniq crashes found)...[0m
[1;94m[*] [0mFuzzing test case #816 (1264 total, 0 uniq crashes found)...[0m
scheduled max input!!!!
schedule: 2 level10_1/ijon_max/2
[1;94m[*] [0mFuzzing test case #817 (1264 total, 0 uniq crashes found)...[0m
[1;94m[*] [0mFuzzing test case #818 (1264 total, 0 uniq crashes found)...[0m
[1;94m[*] [0mFuzzing test case #819 (1264 total, 0 uniq crashes found)...[0m
scheduled max input!!!!
schedule: 4 level10_1/ijon_max/4
[1;94m[*] [0mFuzzing test case #820 (1264 total, 0 uniq crashes found)...[0m
[1;94m[*] [0mFuzzing test case #821 (1264 total, 0 uniq crashes found)...[0m
[1;94m[*] [0mFuzzing test case #822 (1264 total, 0 uniq crashes found)...[0m
scheduled max input!!!!
schedule: 6 level10_1/ijon_max/6
[1;94m[*] [0mFuzzing test case #823 (1264 total, 0 uniq crashes found)...[0m
scheduled max input!!!!
schedule: 4 level10_1/ijon_max/4
[1;94m[*] [0mFuzzing test case #824 (1264 total, 0 uniq crashes found)...[0m
scheduled max input!!!!
schedule: 11 level10_1/ijon_max/11
[1;94m[*] [0mFuzzing test case #825 (1264 total, 0 uniq crashes found)...[0m
scheduled max input!!!!
schedule: 1 level10_1/ijon_max/1
[1;94m[*] [0mFuzzing test case #826 (1264 total, 0 uniq crashes found)...[0m
[1;94m[*] [0mFuzzing test case #827 (1264 total, 0 uniq crashes found)...[0m
scheduled max input!!!!
schedule: 13 level10_1/ijon_max/13
[1;94m[*] [0mFuzzing test case #828 (1264 total, 0 uniq crashes found)...[0m
scheduled max input!!!!
schedule: 9 level10_1/ijon_max/9
[1;94m[*] [0mFuzzing test case #829 (1264 total, 0 uniq crashes found)...[0m
scheduled max input!!!!
schedule: 11 level10_1/ijon_max/11
[1;94m[*] [0mFuzzing test case #830 (1264 total, 0 uniq crashes found)...[0m
scheduled max input!!!!
schedule: 2 level10_1/ijon_max/2
[1;94m[*] [0mFuzzing test case #831 (1264 total, 0 uniq crashes found)...[0m
scheduled max input!!!!
schedule: 0 level10_1/ijon_max/0
[1;94m[*] [0mFuzzing test case #832 (1264 total, 0 uniq crashes found)...[0m
scheduled max input!!!!
schedule: 0 level10_1/ijon_max/0
[1;94m[*] [0mFuzzing test case #833 (1264 total, 0 uniq crashes found)...[0m
scheduled max input!!!!
schedule: 10 level10_1/ijon_max/10
[1;94m[*] [0mFuzzing test case #834 (1264 total, 0 uniq crashes found)...[0m
[1;94m[*] [0mFuzzing test case #835 (1264 total, 0 uniq crashes found)...[0m
scheduled max input!!!!
schedule: 12 level10_1/ijon_max/12
[1;94m[*] [0mFuzzing test case #836 (1265 total, 0 uniq crashes found)...[0m
[1;94m[*] [0mFuzzing test case #837 (1265 total, 0 uniq crashes found)...[0m
scheduled max input!!!!
schedule: 3 level10_1/ijon_max/3
[1;94m[*] [0mFuzzing test case #838 (1265 total, 0 uniq crashes found)...[0m
[1;94m[*] [0mFuzzing test case #839 (1265 total, 0 uniq crashes found)...[0m
[1;94m[*] [0mFuzzing test case #840 (1265 total, 0 uniq crashes found)...[0m
scheduled max input!!!!
schedule: 6 level10_1/ijon_max/6
[1;94m[*] [0mFuzzing test case #841 (1265 total, 0 uniq crashes found)...[0m
scheduled max input!!!!
schedule: 6 level10_1/ijon_max/6
[1;94m[*] [0mFuzzing test case #842 (1265 total, 0 uniq crashes found)...[0m
[1;94m[*] [0mFuzzing test case #843 (1265 total, 0 uniq crashes found)...[0m
scheduled max input!!!!
schedule: 2 level10_1/ijon_max/2
[1;94m[*] [0mFuzzing test case #844 (1265 total, 0 uniq crashes found)...[0m
scheduled max input!!!!
schedule: 11 level10_1/ijon_max/11
[1;94m[*] [0mFuzzing test case #845 (1265 total, 0 uniq crashes found)...[0m
scheduled max input!!!!
schedule: 13 level10_1/ijon_max/13
[1;94m[*] [0mFuzzing test case #846 (1265 total, 0 uniq crashes found)...[0m
scheduled max input!!!!
schedule: 7 level10_1/ijon_max/7
[1;94m[*] [0mFuzzing test case #847 (1265 total, 0 uniq crashes found)...[0m
scheduled max input!!!!
schedule: 9 level10_1/ijon_max/9
[1;94m[*] [0mFuzzing test case #848 (1265 total, 0 uniq crashes found)...[0m
scheduled max input!!!!
schedule: 7 level10_1/ijon_max/7
[1;94m[*] [0mFuzzing test case #849 (1265 total, 0 uniq crashes found)...[0m
scheduled max input!!!!
schedule: 11 level10_1/ijon_max/11
[1;94m[*] [0mFuzzing test case #850 (1265 total, 0 uniq crashes found)...[0m
[1;94m[*] [0mFuzzing test case #851 (1265 total, 0 uniq crashes found)...[0m
scheduled max input!!!!
schedule: 14 level10_1/ijon_max/14
[1;94m[*] [0mFuzzing test case #852 (1265 total, 0 uniq crashes found)...[0m
scheduled max input!!!!
schedule: 0 level10_1/ijon_max/0
[1;94m[*] [0mFuzzing test case #853 (1265 total, 0 uniq crashes found)...[0m
scheduled max input!!!!
schedule: 1 level10_1/ijon_max/1
[1;94m[*] [0mFuzzing test case #854 (1265 total, 0 uniq crashes found)...[0m
scheduled max input!!!!
schedule: 11 level10_1/ijon_max/11
updated maxmap 9: 3f2 (len: 451)
updated maxmap 10: 3e4 (len: 445)
[1;94m[*] [0mFuzzing test case #855 (1267 total, 0 uniq crashes found)...[0m
scheduled max input!!!!
schedule: 12 level10_1/ijon_max/12
[1;94m[*] [0mFuzzing test case #856 (1267 total, 0 uniq crashes found)...[0m
scheduled max input!!!!
schedule: 15 level10_1/ijon_max/15
[1;94m[*] [0mFuzzing test case #857 (1267 total, 0 uniq crashes found)...[0m
scheduled max input!!!!
schedule: 0 level10_1/ijon_max/0
[1;94m[*] [0mFuzzing test case #858 (1267 total, 0 uniq crashes found)...[0m
scheduled max input!!!!
schedule: 2 level10_1/ijon_max/2
[1;94m[*] [0mFuzzing test case #859 (1267 total, 0 uniq crashes found)...[0m
scheduled max input!!!!
schedule: 9 level10_1/ijon_max/9
updated maxmap 6: 3c6 (len: 452)
updated maxmap 7: 3c7 (len: 452)
updated maxmap 9: 3f3 (len: 451)
[1;94m[*] [0mFuzzing test case #860 (1267 total, 0 uniq crashes found)...[0m
scheduled max input!!!!
schedule: 8 level10_1/ijon_max/8
[1;94m[*] [0mFuzzing test case #861 (1267 total, 0 uniq crashes found)...[0m
scheduled max input!!!!
schedule: 6 level10_1/ijon_max/6
updated maxmap 6: 3c7 (len: 452)
updated maxmap 7: 3c9 (len: 452)
updated maxmap 7: 3ce (len: 456)
[1;94m[*] [0mFuzzing test case #862 (1267 total, 0 uniq crashes found)...[0m
scheduled max input!!!!
schedule: 7 level10_1/ijon_max/7
[1;94m[*] [0mFuzzing test case #863 (1268 total, 0 uniq crashes found)...[0m
scheduled max input!!!!
schedule: 13 level10_1/ijon_max/13
[1;94m[*] [0mFuzzing test case #864 (1268 total, 0 uniq crashes found)...[0m
[1;94m[*] [0mFuzzing test case #865 (1268 total, 0 uniq crashes found)...[0m
scheduled max input!!!!
schedule: 13 level10_1/ijon_max/13
[1;94m[*] [0mFuzzing test case #866 (1268 total, 0 uniq crashes found)...[0m
scheduled normal input!!!!
[1;94m[*] [0mFuzzing test case #867 (1268 total, 0 uniq crashes found)...[0m
scheduled max input!!!!
schedule: 10 level10_1/ijon_max/10
[1;94m[*] [0mFuzzing test case #868 (1268 total, 0 uniq crashes found)...[0m
[1;94m[*] [0mFuzzing test case #869 (1268 total, 0 uniq crashes found)...[0m
scheduled max input!!!!
schedule: 7 level10_1/ijon_max/7
updated maxmap 5: 3cf (len: 456)
updated maxmap 6: 3cd (len: 456)
updated maxmap 6: 3ce (len: 456)
updated maxmap 6: 3cf (len: 456)
[1;94m[*] [0mFuzzing test case #870 (1277 total, 0 uniq crashes found)...[0m
scheduled max input!!!!
schedule: 9 level10_1/ijon_max/9
[1;94m[*] [0mFuzzing test case #871 (1277 total, 0 uniq crashes found)...[0m
scheduled max input!!!!
schedule: 11 level10_1/ijon_max/11
[1;94m[*] [0mFuzzing test case #872 (1277 total, 0 uniq crashes found)...[0m
scheduled max input!!!!
schedule: 0 level10_1/ijon_max/0
[1;94m[*] [0mFuzzing test case #873 (1277 total, 0 uniq crashes found)...[0m
scheduled max input!!!!
schedule: 5 level10_1/ijon_max/5
[1;94m[*] [0mFuzzing test case #874 (1278 total, 0 uniq crashes found)...[0m
scheduled max input!!!!
schedule: 8 level10_1/ijon_max/8
[1;94m[*] [0mFuzzing test case #875 (1279 total, 0 uniq crashes found)...[0m
[1;94m[*] [0mFuzzing test case #876 (1279 total, 0 uniq crashes found)...[0m
scheduled max input!!!!
schedule: 7 level10_1/ijon_max/7
[1;94m[*] [0mFuzzing test case #877 (1279 total, 0 uniq crashes found)...[0m
scheduled max input!!!!
schedule: 2 level10_1/ijon_max/2
[1;94m[*] [0mFuzzing test case #878 (1279 total, 0 uniq crashes found)...[0m
scheduled max input!!!!
schedule: 14 level10_1/ijon_max/14
[1;94m[*] [0mFuzzing test case #879 (1279 total, 0 uniq crashes found)...[0m
scheduled max input!!!!
schedule: 4 level10_1/ijon_max/4
[1;94m[*] [0mFuzzing test case #880 (1279 total, 0 uniq crashes found)...[0m
scheduled max input!!!!
schedule: 0 level10_1/ijon_max/0
[1;94m[*] [0mFuzzing test case #881 (1279 total, 0 uniq crashes found)...[0m
scheduled max input!!!!
schedule: 4 level10_1/ijon_max/4
[1;94m[*] [0mFuzzing test case #882 (1279 total, 0 uniq crashes found)...[0m
scheduled max input!!!!
schedule: 1 level10_1/ijon_max/1
[1;94m[*] [0mFuzzing test case #883 (1279 total, 0 uniq crashes found)...[0m
scheduled max input!!!!
schedule: 11 level10_1/ijon_max/11
[1;94m[*] [0mFuzzing test case #884 (1279 total, 0 uniq crashes found)...[0m
scheduled max input!!!!
schedule: 1 level10_1/ijon_max/1
[1;94m[*] [0mFuzzing test case #885 (1280 total, 0 uniq crashes found)...[0m
scheduled max input!!!!
schedule: 2 level10_1/ijon_max/2
[1;94m[*] [0mFuzzing test case #886 (1280 total, 0 uniq crashes found)...[0m
scheduled max input!!!!
schedule: 4 level10_1/ijon_max/4
[1;94m[*] [0mFuzzing test case #887 (1280 total, 0 uniq crashes found)...[0m
scheduled max input!!!!
schedule: 15 level10_1/ijon_max/15
[1;94m[*] [0mFuzzing test case #888 (1280 total, 0 uniq crashes found)...[0m
[1;94m[*] [0mFuzzing test case #889 (1280 total, 0 uniq crashes found)...[0m
[1;94m[*] [0mFuzzing test case #890 (1280 total, 0 uniq crashes found)...[0m
scheduled max input!!!!
schedule: 13 level10_1/ijon_max/13
[1;94m[*] [0mFuzzing test case #891 (1280 total, 0 uniq crashes found)...[0m
scheduled max input!!!!
schedule: 7 level10_1/ijon_max/7
[1;94m[*] [0mFuzzing test case #892 (1281 total, 0 uniq crashes found)...[0m
[1;94m[*] [0mFuzzing test case #893 (1281 total, 0 uniq crashes found)...[0m
[1;94m[*] [0mFuzzing test case #894 (1281 total, 0 uniq crashes found)...[0m
scheduled max input!!!!
schedule: 10 level10_1/ijon_max/10
updated maxmap 10: 3e7 (len: 451)
[1;94m[*] [0mFuzzing test case #895 (1282 total, 0 uniq crashes found)...[0m
scheduled max input!!!!
schedule: 6 level10_1/ijon_max/6
[1;94m[*] [0mFuzzing test case #896 (1282 total, 0 uniq crashes found)...[0m
scheduled max input!!!!
schedule: 10 level10_1/ijon_max/10
[1;94m[*] [0mFuzzing test case #897 (1282 total, 0 uniq crashes found)...[0m
scheduled max input!!!!
schedule: 4 level10_1/ijon_max/4
[1;94m[*] [0mFuzzing test case #898 (1282 total, 0 uniq crashes found)...[0m
scheduled max input!!!!
schedule: 13 level10_1/ijon_max/13
[1;94m[*] [0mFuzzing test case #899 (1282 total, 0 uniq crashes found)...[0m
scheduled max input!!!!
schedule: 7 level10_1/ijon_max/7
[1;94m[*] [0mFuzzing test case #900 (1282 total, 0 uniq crashes found)...[0m
scheduled max input!!!!
schedule: 15 level10_1/ijon_max/15
[1;94m[*] [0mFuzzing test case #901 (1282 total, 0 uniq crashes found)...[0m
scheduled max input!!!!
schedule: 1 level10_1/ijon_max/1
[1;94m[*] [0mFuzzing test case #902 (1282 total, 0 uniq crashes found)...[0m
scheduled max input!!!!
schedule: 9 level10_1/ijon_max/9
[1;94m[*] [0mFuzzing test case #903 (1282 total, 0 uniq crashes found)...[0m
[1;94m[*] [0mFuzzing test case #904 (1282 total, 0 uniq crashes found)...[0m
[1;94m[*] [0mFuzzing test case #905 (1282 total, 0 uniq crashes found)...[0m
[1;94m[*] [0mFuzzing test case #906 (1282 total, 0 uniq crashes found)...[0m
scheduled max input!!!!
schedule: 10 level10_1/ijon_max/10
updated maxmap 10: 3e8 (len: 451)
[1;94m[*] [0mFuzzing test case #907 (1282 total, 0 uniq crashes found)...[0m
scheduled max input!!!!
schedule: 14 level10_1/ijon_max/14
[1;94m[*] [0mFuzzing test case #908 (1282 total, 0 uniq crashes found)...[0m
[1;94m[*] [0mFuzzing test case #909 (1282 total, 0 uniq crashes found)...[0m
scheduled max input!!!!
schedule: 5 level10_1/ijon_max/5
[1;94m[*] [0mFuzzing test case #910 (1282 total, 0 uniq crashes found)...[0m
scheduled max input!!!!
schedule: 3 level10_1/ijon_max/3
[1;94m[*] [0mFuzzing test case #911 (1282 total, 0 uniq crashes found)...[0m
scheduled max input!!!!
schedule: 7 level10_1/ijon_max/7
[1;94m[*] [0mFuzzing test case #912 (1282 total, 0 uniq crashes found)...[0m
[1;94m[*] [0mFuzzing test case #913 (1282 total, 0 uniq crashes found)...[0m
scheduled max input!!!!
schedule: 15 level10_1/ijon_max/15
[1;94m[*] [0mFuzzing test case #914 (1282 total, 0 uniq crashes found)...[0m
scheduled max input!!!!
schedule: 3 level10_1/ijon_max/3
[1;94m[*] [0mFuzzing test case #915 (1282 total, 0 uniq crashes found)...[0m
scheduled max input!!!!
schedule: 7 level10_1/ijon_max/7
[1;94m[*] [0mFuzzing test case #916 (1282 total, 0 uniq crashes found)...[0m
scheduled max input!!!!
schedule: 11 level10_1/ijon_max/11
[1;94m[*] [0mFuzzing test case #917 (1283 total, 0 uniq crashes found)...[0m
scheduled max input!!!!
schedule: 9 level10_1/ijon_max/9
[1;94m[*] [0mFuzzing test case #918 (1283 total, 0 uniq crashes found)...[0m
scheduled max input!!!!
schedule: 4 level10_1/ijon_max/4
[1;94m[*] [0mFuzzing test case #919 (1283 total, 0 uniq crashes found)...[0m
scheduled max input!!!!
schedule: 15 level10_1/ijon_max/15
[1;94m[*] [0mFuzzing test case #920 (1283 total, 0 uniq crashes found)...[0m
[1;94m[*] [0mFuzzing test case #921 (1283 total, 0 uniq crashes found)...[0m
scheduled max input!!!!
schedule: 14 level10_1/ijon_max/14
[1;94m[*] [0mFuzzing test case #922 (1283 total, 0 uniq crashes found)...[0m
scheduled max input!!!!
schedule: 4 level10_1/ijon_max/4
[1;94m[*] [0mFuzzing test case #923 (1283 total, 0 uniq crashes found)...[0m
[1;94m[*] [0mFuzzing test case #924 (1283 total, 0 uniq crashes found)...[0m
scheduled max input!!!!
schedule: 12 level10_1/ijon_max/12
[1;94m[*] [0mFuzzing test case #925 (1283 total, 0 uniq crashes found)...[0m
scheduled max input!!!!
schedule: 4 level10_1/ijon_max/4
[1;94m[*] [0mFuzzing test case #926 (1283 total, 0 uniq crashes found)...[0m
scheduled max input!!!!
schedule: 4 level10_1/ijon_max/4
[1;94m[*] [0mFuzzing test case #927 (1283 total, 0 uniq crashes found)...[0m
scheduled max input!!!!
schedule: 14 level10_1/ijon_max/14
[1;94m[*] [0mFuzzing test case #928 (1283 total, 0 uniq crashes found)...[0m
scheduled normal input!!!!
[1;94m[*] [0mFuzzing test case #929 (1284 total, 0 uniq crashes found)...[0m
[1;94m[*] [0mFuzzing test case #930 (1284 total, 0 uniq crashes found)...[0m
scheduled max input!!!!
schedule: 9 level10_1/ijon_max/9
[1;94m[*] [0mFuzzing test case #931 (1284 total, 0 uniq crashes found)...[0m
[1;94m[*] [0mFuzzing test case #932 (1284 total, 0 uniq crashes found)...[0m
scheduled max input!!!!
schedule: 12 level10_1/ijon_max/12
[1;94m[*] [0mFuzzing test case #933 (1284 total, 0 uniq crashes found)...[0m
[1;94m[*] [0mFuzzing test case #934 (1284 total, 0 uniq crashes found)...[0m
scheduled max input!!!!
schedule: 7 level10_1/ijon_max/7
[1;94m[*] [0mFuzzing test case #935 (1284 total, 0 uniq crashes found)...[0m
scheduled max input!!!!
schedule: 11 level10_1/ijon_max/11
[1;94m[*] [0mFuzzing test case #936 (1284 total, 0 uniq crashes found)...[0m
[1;94m[*] [0mFuzzing test case #937 (1284 total, 0 uniq crashes found)...[0m
scheduled max input!!!!
schedule: 14 level10_1/ijon_max/14
[1;94m[*] [0mFuzzing test case #938 (1284 total, 0 uniq crashes found)...[0m
scheduled max input!!!!
schedule: 12 level10_1/ijon_max/12
[1;94m[*] [0mFuzzing test case #939 (1284 total, 0 uniq crashes found)...[0m
scheduled max input!!!!
schedule: 8 level10_1/ijon_max/8
[1;94m[*] [0mFuzzing test case #940 (1284 total, 0 uniq crashes found)...[0m
scheduled max input!!!!
schedule: 7 level10_1/ijon_max/7
[1;94m[*] [0mFuzzing test case #941 (1284 total, 0 uniq crashes found)...[0m
scheduled max input!!!!
schedule: 9 level10_1/ijon_max/9
[1;94m[*] [0mFuzzing test case #942 (1284 total, 0 uniq crashes found)...[0m
[1;94m[*] [0mFuzzing test case #943 (1284 total, 0 uniq crashes found)...[0m
scheduled max input!!!!
schedule: 15 level10_1/ijon_max/15
[1;94m[*] [0mFuzzing test case #944 (1284 total, 0 uniq crashes found)...[0m
scheduled max input!!!!
schedule: 15 level10_1/ijon_max/15
[1;94m[*] [0mFuzzing test case #945 (1284 total, 0 uniq crashes found)...[0m
[1;94m[*] [0mFuzzing test case #946 (1284 total, 0 uniq crashes found)...[0m
scheduled max input!!!!
schedule: 9 level10_1/ijon_max/9
[1;94m[*] [0mFuzzing test case #947 (1284 total, 0 uniq crashes found)...[0m
[1;94m[*] [0mFuzzing test case #948 (1284 total, 0 uniq crashes found)...[0m
[1;94m[*] [0mFuzzing test case #949 (1284 total, 0 uniq crashes found)...[0m
[1;94m[*] [0mFuzzing test case #950 (1284 total, 0 uniq crashes found)...[0m
[1;94m[*] [0mFuzzing test case #951 (1284 total, 0 uniq crashes found)...[0m
[1;94m[*] [0mFuzzing test case #952 (1284 total, 0 uniq crashes found)...[0m
scheduled max input!!!!
schedule: 5 level10_1/ijon_max/5
[1;94m[*] [0mFuzzing test case #953 (1284 total, 0 uniq crashes found)...[0m
scheduled max input!!!!
schedule: 15 level10_1/ijon_max/15
[1;94m[*] [0mFuzzing test case #954 (1284 total, 0 uniq crashes found)...[0m
scheduled max input!!!!
schedule: 8 level10_1/ijon_max/8
[1;94m[*] [0mFuzzing test case #955 (1284 total, 0 uniq crashes found)...[0m
scheduled max input!!!!
schedule: 7 level10_1/ijon_max/7
[1;94m[*] [0mFuzzing test case #956 (1284 total, 0 uniq crashes found)...[0m
scheduled max input!!!!
schedule: 10 level10_1/ijon_max/10
[1;94m[*] [0mFuzzing test case #957 (1285 total, 0 uniq crashes found)...[0m
scheduled max input!!!!
schedule: 12 level10_1/ijon_max/12
[1;94m[*] [0mFuzzing test case #958 (1285 total, 0 uniq crashes found)...[0m
[1;94m[*] [0mFuzzing test case #959 (1285 total, 0 uniq crashes found)...[0m
scheduled max input!!!!
schedule: 7 level10_1/ijon_max/7
[1;94m[*] [0mFuzzing test case #960 (1285 total, 0 uniq crashes found)...[0m
scheduled max input!!!!
schedule: 7 level10_1/ijon_max/7
[1;94m[*] [0mFuzzing test case #961 (1285 total, 0 uniq crashes found)...[0m
scheduled max input!!!!
schedule: 12 level10_1/ijon_max/12
[1;94m[*] [0mFuzzing test case #962 (1285 total, 0 uniq crashes found)...[0m
scheduled max input!!!!
schedule: 14 level10_1/ijon_max/14
[1;94m[*] [0mFuzzing test case #963 (1285 total, 0 uniq crashes found)...[0m
scheduled max input!!!!
schedule: 12 level10_1/ijon_max/12
[1;94m[*] [0mFuzzing test case #964 (1285 total, 0 uniq crashes found)...[0m
scheduled max input!!!!
schedule: 11 level10_1/ijon_max/11
[1;94m[*] [0mFuzzing test case #965 (1285 total, 0 uniq crashes found)...[0m
scheduled max input!!!!
schedule: 14 level10_1/ijon_max/14
[1;94m[*] [0mFuzzing test case #966 (1285 total, 0 uniq crashes found)...[0m
scheduled max input!!!!
schedule: 9 level10_1/ijon_max/9
[1;94m[*] [0mFuzzing test case #967 (1286 total, 0 uniq crashes found)...[0m
scheduled max input!!!!
schedule: 0 level10_1/ijon_max/0
[1;94m[*] [0mFuzzing test case #968 (1286 total, 0 uniq crashes found)...[0m
scheduled max input!!!!
schedule: 11 level10_1/ijon_max/11
[1;94m[*] [0mFuzzing test case #969 (1286 total, 0 uniq crashes found)...[0m
scheduled max input!!!!
schedule: 11 level10_1/ijon_max/11
[1;94m[*] [0mFuzzing test case #970 (1286 total, 0 uniq crashes found)...[0m
scheduled max input!!!!
schedule: 15 level10_1/ijon_max/15
[1;94m[*] [0mFuzzing test case #971 (1286 total, 0 uniq crashes found)...[0m
scheduled max input!!!!
schedule: 4 level10_1/ijon_max/4
[1;94m[*] [0mFuzzing test case #972 (1286 total, 0 uniq crashes found)...[0m
scheduled max input!!!!
schedule: 13 level10_1/ijon_max/13
[1;94m[*] [0mFuzzing test case #973 (1286 total, 0 uniq crashes found)...[0m
scheduled max input!!!!
schedule: 13 level10_1/ijon_max/13
[1;94m[*] [0mFuzzing test case #974 (1286 total, 0 uniq crashes found)...[0m
scheduled max input!!!!
schedule: 9 level10_1/ijon_max/9
[1;94m[*] [0mFuzzing test case #975 (1286 total, 0 uniq crashes found)...[0m
scheduled max input!!!!
schedule: 5 level10_1/ijon_max/5
[1;94m[*] [0mFuzzing test case #976 (1286 total, 0 uniq crashes found)...[0m
scheduled max input!!!!
schedule: 4 level10_1/ijon_max/4
[1;94m[*] [0mFuzzing test case #977 (1286 total, 0 uniq crashes found)...[0m
[1;94m[*] [0mFuzzing test case #978 (1286 total, 0 uniq crashes found)...[0m
scheduled max input!!!!
schedule: 13 level10_1/ijon_max/13
[1;94m[*] [0mFuzzing test case #979 (1286 total, 0 uniq crashes found)...[0m
scheduled max input!!!!
schedule: 4 level10_1/ijon_max/4
[1;94m[*] [0mFuzzing test case #980 (1286 total, 0 uniq crashes found)...[0m
scheduled max input!!!!
schedule: 5 level10_1/ijon_max/5
[1;94m[*] [0mFuzzing test case #981 (1286 total, 0 uniq crashes found)...[0m
scheduled max input!!!!
schedule: 1 level10_1/ijon_max/1
[1;94m[*] [0mFuzzing test case #982 (1286 total, 0 uniq crashes found)...[0m
scheduled max input!!!!
schedule: 1 level10_1/ijon_max/1
[1;94m[*] [0mFuzzing test case #983 (1286 total, 0 uniq crashes found)...[0m
scheduled max input!!!!
schedule: 13 level10_1/ijon_max/13
[1;94m[*] [0mFuzzing test case #984 (1286 total, 0 uniq crashes found)...[0m
scheduled max input!!!!
schedule: 7 level10_1/ijon_max/7
[1;94m[*] [0mFuzzing test case #985 (1286 total, 0 uniq crashes found)...[0m
[1;94m[*] [0mFuzzing test case #986 (1286 total, 0 uniq crashes found)...[0m
scheduled max input!!!!
schedule: 2 level10_1/ijon_max/2
[1;94m[*] [0mFuzzing test case #987 (1287 total, 0 uniq crashes found)...[0m
[1;94m[*] [0mFuzzing test case #988 (1287 total, 0 uniq crashes found)...[0m
scheduled max input!!!!
schedule: 4 level10_1/ijon_max/4
[1;94m[*] [0mFuzzing test case #989 (1287 total, 0 uniq crashes found)...[0m
scheduled max input!!!!
schedule: 1 level10_1/ijon_max/1
[1;94m[*] [0mFuzzing test case #990 (1287 total, 0 uniq crashes found)...[0m
scheduled max input!!!!
schedule: 13 level10_1/ijon_max/13
[1;94m[*] [0mFuzzing test case #991 (1287 total, 0 uniq crashes found)...[0m
scheduled max input!!!!
schedule: 15 level10_1/ijon_max/15
[1;94m[*] [0mFuzzing test case #992 (1287 total, 0 uniq crashes found)...[0m
scheduled max input!!!!
schedule: 0 level10_1/ijon_max/0
[1;94m[*] [0mFuzzing test case #993 (1287 total, 0 uniq crashes found)...[0m
scheduled max input!!!!
schedule: 3 level10_1/ijon_max/3
[1;94m[*] [0mFuzzing test case #994 (1287 total, 0 uniq crashes found)...[0m
scheduled max input!!!!
schedule: 5 level10_1/ijon_max/5
[1;94m[*] [0mFuzzing test case #995 (1287 total, 0 uniq crashes found)...[0m
scheduled max input!!!!
schedule: 2 level10_1/ijon_max/2
[1;94m[*] [0mFuzzing test case #996 (1287 total, 0 uniq crashes found)...[0m
scheduled max input!!!!
schedule: 0 level10_1/ijon_max/0
[1;94m[*] [0mFuzzing test case #997 (1287 total, 0 uniq crashes found)...[0m
scheduled max input!!!!
schedule: 3 level10_1/ijon_max/3
[1;94m[*] [0mFuzzing test case #998 (1287 total, 0 uniq crashes found)...[0m
scheduled max input!!!!
schedule: 8 level10_1/ijon_max/8
[1;94m[*] [0mFuzzing test case #999 (1287 total, 0 uniq crashes found)...[0m
scheduled max input!!!!
schedule: 10 level10_1/ijon_max/10
[1;94m[*] [0mFuzzing test case #1000 (1287 total, 0 uniq crashes found)...[0m
scheduled max input!!!!
schedule: 13 level10_1/ijon_max/13
[1;94m[*] [0mFuzzing test case #1001 (1287 total, 0 uniq crashes found)...[0m
scheduled max input!!!!
schedule: 7 level10_1/ijon_max/7
[1;94m[*] [0mFuzzing test case #1002 (1287 total, 0 uniq crashes found)...[0m
scheduled max input!!!!
schedule: 8 level10_1/ijon_max/8
[1;94m[*] [0mFuzzing test case #1003 (1287 total, 0 uniq crashes found)...[0m
scheduled max input!!!!
schedule: 10 level10_1/ijon_max/10
updated maxmap 10: 3e9 (len: 451)
[1;94m[*] [0mFuzzing test case #1004 (1287 total, 0 uniq crashes found)...[0m
scheduled max input!!!!
schedule: 13 level10_1/ijon_max/13
[1;94m[*] [0mFuzzing test case #1005 (1287 total, 0 uniq crashes found)...[0m
scheduled max input!!!!
schedule: 9 level10_1/ijon_max/9
[1;94m[*] [0mFuzzing test case #1006 (1287 total, 0 uniq crashes found)...[0m
scheduled max input!!!!
schedule: 0 level10_1/ijon_max/0
[1;94m[*] [0mFuzzing test case #1007 (1287 total, 0 uniq crashes found)...[0m
scheduled max input!!!!
schedule: 1 level10_1/ijon_max/1
[1;94m[*] [0mFuzzing test case #1008 (1287 total, 0 uniq crashes found)...[0m
scheduled max input!!!!
schedule: 9 level10_1/ijon_max/9
[1;94m[*] [0mFuzzing test case #1009 (1287 total, 0 uniq crashes found)...[0m
scheduled max input!!!!
schedule: 5 level10_1/ijon_max/5
[1;94m[*] [0mFuzzing test case #1010 (1287 total, 0 uniq crashes found)...[0m
scheduled max input!!!!
schedule: 2 level10_1/ijon_max/2
[1;94m[*] [0mFuzzing test case #1011 (1287 total, 0 uniq crashes found)...[0m
scheduled max input!!!!
schedule: 12 level10_1/ijon_max/12
[1;94m[*] [0mFuzzing test case #1012 (1287 total, 0 uniq crashes found)...[0m
scheduled max input!!!!
schedule: 12 level10_1/ijon_max/12
[1;94m[*] [0mFuzzing test case #1013 (1287 total, 0 uniq crashes found)...[0m
scheduled max input!!!!
schedule: 11 level10_1/ijon_max/11
[1;94m[*] [0mFuzzing test case #1014 (1287 total, 0 uniq crashes found)...[0m
scheduled max input!!!!
schedule: 3 level10_1/ijon_max/3
[1;94m[*] [0mFuzzing test case #1015 (1287 total, 0 uniq crashes found)...[0m
scheduled max input!!!!
schedule: 1 level10_1/ijon_max/1
[1;94m[*] [0mFuzzing test case #1016 (1287 total, 0 uniq crashes found)...[0m
scheduled max input!!!!
schedule: 9 level10_1/ijon_max/9
[1;94m[*] [0mFuzzing test case #1017 (1287 total, 0 uniq crashes found)...[0m
scheduled max input!!!!
schedule: 8 level10_1/ijon_max/8
[1;94m[*] [0mFuzzing test case #1018 (1287 total, 0 uniq crashes found)...[0m
scheduled max input!!!!
schedule: 5 level10_1/ijon_max/5
[1;94m[*] [0mFuzzing test case #1019 (1287 total, 0 uniq crashes found)...[0m
scheduled max input!!!!
schedule: 15 level10_1/ijon_max/15
[1;94m[*] [0mFuzzing test case #1020 (1287 total, 0 uniq crashes found)...[0m
[1;94m[*] [0mFuzzing test case #1021 (1287 total, 0 uniq crashes found)...[0m
scheduled max input!!!!
schedule: 3 level10_1/ijon_max/3
[1;94m[*] [0mFuzzing test case #1022 (1287 total, 0 uniq crashes found)...[0m
[1;94m[*] [0mFuzzing test case #1023 (1287 total, 0 uniq crashes found)...[0m
[1;94m[*] [0mFuzzing test case #1024 (1287 total, 0 uniq crashes found)...[0m
scheduled max input!!!!
schedule: 15 level10_1/ijon_max/15
[1;94m[*] [0mFuzzing test case #1025 (1287 total, 0 uniq crashes found)...[0m
scheduled max input!!!!
schedule: 1 level10_1/ijon_max/1
[1;94m[*] [0mFuzzing test case #1026 (1287 total, 0 uniq crashes found)...[0m
scheduled max input!!!!
schedule: 3 level10_1/ijon_max/3
[1;94m[*] [0mFuzzing test case #1027 (1287 total, 0 uniq crashes found)...[0m
scheduled max input!!!!
schedule: 6 level10_1/ijon_max/6
[1;94m[*] [0mFuzzing test case #1028 (1287 total, 0 uniq crashes found)...[0m
scheduled max input!!!!
schedule: 7 level10_1/ijon_max/7
[1;94m[*] [0mFuzzing test case #1029 (1287 total, 0 uniq crashes found)...[0m
scheduled max input!!!!
schedule: 15 level10_1/ijon_max/15
[1;94m[*] [0mFuzzing test case #1030 (1287 total, 0 uniq crashes found)...[0m
scheduled max input!!!!
schedule: 4 level10_1/ijon_max/4
[1;94m[*] [0mFuzzing test case #1031 (1287 total, 0 uniq crashes found)...[0m
scheduled max input!!!!
schedule: 10 level10_1/ijon_max/10
[1;94m[*] [0mFuzzing test case #1032 (1287 total, 0 uniq crashes found)...[0m
scheduled max input!!!!
schedule: 12 level10_1/ijon_max/12
[1;94m[*] [0mFuzzing test case #1033 (1287 total, 0 uniq crashes found)...[0m
scheduled max input!!!!
schedule: 4 level10_1/ijon_max/4
[1;94m[*] [0mFuzzing test case #1034 (1287 total, 0 uniq crashes found)...[0m
[1;94m[*] [0mFuzzing test case #1035 (1287 total, 0 uniq crashes found)...[0m
scheduled max input!!!!
schedule: 11 level10_1/ijon_max/11
[1;94m[*] [0mFuzzing test case #1036 (1287 total, 0 uniq crashes found)...[0m
scheduled max input!!!!
schedule: 9 level10_1/ijon_max/9
[1;94m[*] [0mFuzzing test case #1037 (1287 total, 0 uniq crashes found)...[0m
scheduled max input!!!!
schedule: 11 level10_1/ijon_max/11
[1;94m[*] [0mFuzzing test case #1038 (1287 total, 0 uniq crashes found)...[0m
scheduled max input!!!!
schedule: 7 level10_1/ijon_max/7
[1;94m[*] [0mFuzzing test case #1039 (1287 total, 0 uniq crashes found)...[0m
scheduled max input!!!!
schedule: 2 level10_1/ijon_max/2
[1;94m[*] [0mFuzzing test case #1040 (1287 total, 0 uniq crashes found)...[0m
[1;94m[*] [0mFuzzing test case #1041 (1287 total, 0 uniq crashes found)...[0m
scheduled max input!!!!
schedule: 2 level10_1/ijon_max/2
[1;94m[*] [0mFuzzing test case #1042 (1287 total, 0 uniq crashes found)...[0m
scheduled max input!!!!
schedule: 0 level10_1/ijon_max/0
[1;94m[*] [0mFuzzing test case #1043 (1287 total, 0 uniq crashes found)...[0m
scheduled max input!!!!
schedule: 14 level10_1/ijon_max/14
[1;94m[*] [0mFuzzing test case #1044 (1287 total, 0 uniq crashes found)...[0m
scheduled max input!!!!
schedule: 6 level10_1/ijon_max/6
[1;94m[*] [0mFuzzing test case #1045 (1287 total, 0 uniq crashes found)...[0m
scheduled max input!!!!
schedule: 4 level10_1/ijon_max/4
[1;94m[*] [0mFuzzing test case #1046 (1287 total, 0 uniq crashes found)...[0m
[1;94m[*] [0mFuzzing test case #1047 (1287 total, 0 uniq crashes found)...[0m
scheduled max input!!!!
schedule: 1 level10_1/ijon_max/1
[1;94m[*] [0mFuzzing test case #1048 (1287 total, 0 uniq crashes found)...[0m
scheduled max input!!!!
schedule: 11 level10_1/ijon_max/11
[1;94m[*] [0mFuzzing test case #1049 (1287 total, 0 uniq crashes found)...[0m
scheduled max input!!!!
schedule: 13 level10_1/ijon_max/13
[1;94m[*] [0mFuzzing test case #1050 (1287 total, 0 uniq crashes found)...[0m
scheduled max input!!!!
schedule: 5 level10_1/ijon_max/5
[1;94m[*] [0mFuzzing test case #1051 (1287 total, 0 uniq crashes found)...[0m
scheduled max input!!!!
schedule: 4 level10_1/ijon_max/4
[1;94m[*] [0mFuzzing test case #1052 (1287 total, 0 uniq crashes found)...[0m
[1;94m[*] [0mFuzzing test case #1053 (1287 total, 0 uniq crashes found)...[0m
scheduled max input!!!!
schedule: 13 level10_1/ijon_max/13
[1;94m[*] [0mFuzzing test case #1054 (1287 total, 0 uniq crashes found)...[0m
scheduled max input!!!!
schedule: 14 level10_1/ijon_max/14
[1;94m[*] [0mFuzzing test case #1055 (1287 total, 0 uniq crashes found)...[0m
[1;94m[*] [0mFuzzing test case #1056 (1287 total, 0 uniq crashes found)...[0m
scheduled max input!!!!
schedule: 7 level10_1/ijon_max/7
[1;94m[*] [0mFuzzing test case #1057 (1288 total, 0 uniq crashes found)...[0m
scheduled max input!!!!
schedule: 12 level10_1/ijon_max/12
[1;94m[*] [0mFuzzing test case #1058 (1288 total, 0 uniq crashes found)...[0m
[1;94m[*] [0mFuzzing test case #1059 (1288 total, 0 uniq crashes found)...[0m
scheduled max input!!!!
schedule: 4 level10_1/ijon_max/4
[1;94m[*] [0mFuzzing test case #1060 (1288 total, 0 uniq crashes found)...[0m
scheduled max input!!!!
schedule: 11 level10_1/ijon_max/11
[1;94m[*] [0mFuzzing test case #1061 (1288 total, 0 uniq crashes found)...[0m
scheduled max input!!!!
schedule: 0 level10_1/ijon_max/0
[1;94m[*] [0mFuzzing test case #1062 (1288 total, 0 uniq crashes found)...[0m
[1;94m[*] [0mFuzzing test case #1063 (1288 total, 0 uniq crashes found)...[0m
scheduled max input!!!!
schedule: 14 level10_1/ijon_max/14
[1;94m[*] [0mFuzzing test case #1064 (1288 total, 0 uniq crashes found)...[0m
scheduled max input!!!!
schedule: 0 level10_1/ijon_max/0
[1;94m[*] [0mFuzzing test case #1065 (1288 total, 0 uniq crashes found)...[0m
scheduled max input!!!!
schedule: 4 level10_1/ijon_max/4
[1;94m[*] [0mFuzzing test case #1066 (1288 total, 0 uniq crashes found)...[0m
scheduled max input!!!!
schedule: 4 level10_1/ijon_max/4
[1;94m[*] [0mFuzzing test case #1067 (1288 total, 0 uniq crashes found)...[0m
scheduled max input!!!!
schedule: 4 level10_1/ijon_max/4
[1;94m[*] [0mFuzzing test case #1068 (1288 total, 0 uniq crashes found)...[0m
scheduled max input!!!!
schedule: 14 level10_1/ijon_max/14
[1;94m[*] [0mFuzzing test case #1069 (1288 total, 0 uniq crashes found)...[0m
[1;94m[*] [0mFuzzing test case #1070 (1288 total, 0 uniq crashes found)...[0m
scheduled max input!!!!
schedule: 11 level10_1/ijon_max/11
[1;94m[*] [0mFuzzing test case #1071 (1288 total, 0 uniq crashes found)...[0m
scheduled max input!!!!
schedule: 3 level10_1/ijon_max/3
[1;94m[*] [0mFuzzing test case #1072 (1288 total, 0 uniq crashes found)...[0m
[1;94m[*] [0mFuzzing test case #1073 (1288 total, 0 uniq crashes found)...[0m
scheduled max input!!!!
schedule: 4 level10_1/ijon_max/4
[1;94m[*] [0mFuzzing test case #1074 (1288 total, 0 uniq crashes found)...[0m
scheduled max input!!!!
schedule: 1 level10_1/ijon_max/1
[1;94m[*] [0mFuzzing test case #1075 (1288 total, 0 uniq crashes found)...[0m
scheduled max input!!!!
schedule: 8 level10_1/ijon_max/8
[1;94m[*] [0mFuzzing test case #1076 (1288 total, 0 uniq crashes found)...[0m
[1;94m[*] [0mFuzzing test case #1077 (1288 total, 0 uniq crashes found)...[0m
scheduled max input!!!!
schedule: 13 level10_1/ijon_max/13
[1;94m[*] [0mFuzzing test case #1078 (1288 total, 0 uniq crashes found)...[0m
scheduled max input!!!!
schedule: 13 level10_1/ijon_max/13
[1;94m[*] [0mFuzzing test case #1079 (1288 total, 0 uniq crashes found)...[0m
scheduled max input!!!!
schedule: 8 level10_1/ijon_max/8
[1;94m[*] [0mFuzzing test case #1080 (1288 total, 0 uniq crashes found)...[0m
scheduled max input!!!!
schedule: 11 level10_1/ijon_max/11
[1;94m[*] [0mFuzzing test case #1081 (1288 total, 0 uniq crashes found)...[0m
scheduled max input!!!!
schedule: 1 level10_1/ijon_max/1
[1;94m[*] [0mFuzzing test case #1082 (1288 total, 0 uniq crashes found)...[0m
scheduled max input!!!!
schedule: 2 level10_1/ijon_max/2
[1;94m[*] [0mFuzzing test case #1083 (1288 total, 0 uniq crashes found)...[0m
scheduled max input!!!!
schedule: 13 level10_1/ijon_max/13
[1;94m[*] [0mFuzzing test case #1084 (1288 total, 0 uniq crashes found)...[0m
scheduled max input!!!!
schedule: 13 level10_1/ijon_max/13
[1;94m[*] [0mFuzzing test case #1085 (1288 total, 0 uniq crashes found)...[0m
scheduled max input!!!!
schedule: 12 level10_1/ijon_max/12
[1;94m[*] [0mFuzzing test case #1086 (1288 total, 0 uniq crashes found)...[0m
scheduled max input!!!!
schedule: 4 level10_1/ijon_max/4
[1;94m[*] [0mFuzzing test case #1087 (1288 total, 0 uniq crashes found)...[0m
[1;94m[*] [0mFuzzing test case #1088 (1288 total, 0 uniq crashes found)...[0m
scheduled max input!!!!
schedule: 8 level10_1/ijon_max/8
[1;94m[*] [0mFuzzing test case #1089 (1288 total, 0 uniq crashes found)...[0m
[1;94m[*] [0mFuzzing test case #1090 (1288 total, 0 uniq crashes found)...[0m
[1;94m[*] [0mFuzzing test case #1091 (1288 total, 0 uniq crashes found)...[0m
scheduled max input!!!!
schedule: 12 level10_1/ijon_max/12
[1;94m[*] [0mFuzzing test case #1092 (1288 total, 0 uniq crashes found)...[0m
scheduled max input!!!!
schedule: 8 level10_1/ijon_max/8
[1;94m[*] [0mFuzzing test case #1093 (1288 total, 0 uniq crashes found)...[0m
scheduled max input!!!!
schedule: 2 level10_1/ijon_max/2
[1;94m[*] [0mFuzzing test case #1094 (1288 total, 0 uniq crashes found)...[0m
scheduled max input!!!!
schedule: 1 level10_1/ijon_max/1
[1;94m[*] [0mFuzzing test case #1095 (1288 total, 0 uniq crashes found)...[0m
[1;94m[*] [0mFuzzing test case #1096 (1288 total, 0 uniq crashes found)...[0m
scheduled max input!!!!
schedule: 1 level10_1/ijon_max/1
[1;94m[*] [0mFuzzing test case #1097 (1288 total, 0 uniq crashes found)...[0m
scheduled max input!!!!
schedule: 3 level10_1/ijon_max/3
[1;94m[*] [0mFuzzing test case #1098 (1288 total, 0 uniq crashes found)...[0m
scheduled max input!!!!
schedule: 14 level10_1/ijon_max/14
[1;94m[*] [0mFuzzing test case #1099 (1288 total, 0 uniq crashes found)...[0m
scheduled max input!!!!
schedule: 5 level10_1/ijon_max/5
[1;94m[*] [0mFuzzing test case #1100 (1289 total, 0 uniq crashes found)...[0m
scheduled max input!!!!
schedule: 12 level10_1/ijon_max/12
[1;94m[*] [0mFuzzing test case #1101 (1289 total, 0 uniq crashes found)...[0m
scheduled max input!!!!
schedule: 9 level10_1/ijon_max/9
[1;94m[*] [0mFuzzing test case #1102 (1289 total, 0 uniq crashes found)...[0m
scheduled max input!!!!
schedule: 7 level10_1/ijon_max/7
updated maxmap 5: 3d7 (len: 462)
[1;94m[*] [0mFuzzing test case #1103 (1290 total, 0 uniq crashes found)...[0m
scheduled max input!!!!
schedule: 13 level10_1/ijon_max/13
[1;94m[*] [0mFuzzing test case #1104 (1290 total, 0 uniq crashes found)...[0m
scheduled max input!!!!
schedule: 15 level10_1/ijon_max/15
[1;94m[*] [0mFuzzing test case #1105 (1290 total, 0 uniq crashes found)...[0m
scheduled max input!!!!
schedule: 9 level10_1/ijon_max/9
updated maxmap 9: 3fc (len: 455)
[1;94m[*] [0mFuzzing test case #1106 (1292 total, 0 uniq crashes found)...[0m
scheduled max input!!!!
schedule: 4 level10_1/ijon_max/4
[1;94m[*] [0mFuzzing test case #1107 (1292 total, 0 uniq crashes found)...[0m
scheduled max input!!!!
schedule: 9 level10_1/ijon_max/9
[1;94m[*] [0mFuzzing test case #1108 (1294 total, 0 uniq crashes found)...[0m
scheduled max input!!!!
schedule: 8 level10_1/ijon_max/8
[1;94m[*] [0mFuzzing test case #1109 (1294 total, 0 uniq crashes found)...[0m
[1;94m[*] [0mFuzzing test case #1110 (1294 total, 0 uniq crashes found)...[0m
scheduled max input!!!!
schedule: 13 level10_1/ijon_max/13
[1;94m[*] [0mFuzzing test case #1111 (1294 total, 0 uniq crashes found)...[0m
scheduled max input!!!!
schedule: 5 level10_1/ijon_max/5
updated maxmap 5: 3d8 (len: 462)
[1;94m[*] [0mFuzzing test case #1112 (1294 total, 0 uniq crashes found)...[0m
scheduled max input!!!!
schedule: 1 level10_1/ijon_max/1
[1;94m[*] [0mFuzzing test case #1113 (1294 total, 0 uniq crashes found)...[0m
scheduled max input!!!!
schedule: 10 level10_1/ijon_max/10
[1;94m[*] [0mFuzzing test case #1114 (1294 total, 0 uniq crashes found)...[0m
[1;94m[*] [0mFuzzing test case #1115 (1294 total, 0 uniq crashes found)...[0m
scheduled max input!!!!
schedule: 11 level10_1/ijon_max/11
[1;94m[*] [0mFuzzing test case #1116 (1294 total, 0 uniq crashes found)...[0m
scheduled max input!!!!
schedule: 5 level10_1/ijon_max/5
[1;94m[*] [0mFuzzing test case #1117 (1294 total, 0 uniq crashes found)...[0m
scheduled max input!!!!
schedule: 12 level10_1/ijon_max/12
[1;94m[*] [0mFuzzing test case #1118 (1294 total, 0 uniq crashes found)...[0m
scheduled max input!!!!
schedule: 4 level10_1/ijon_max/4
[1;94m[*] [0mFuzzing test case #1119 (1294 total, 0 uniq crashes found)...[0m
scheduled max input!!!!
schedule: 3 level10_1/ijon_max/3
[1;94m[*] [0mFuzzing test case #1120 (1294 total, 0 uniq crashes found)...[0m
scheduled max input!!!!
schedule: 14 level10_1/ijon_max/14
[1;94m[*] [0mFuzzing test case #1121 (1294 total, 0 uniq crashes found)...[0m
scheduled max input!!!!
schedule: 9 level10_1/ijon_max/9
updated maxmap 9: 3ff (len: 456)
[1;94m[*] [0mFuzzing test case #1122 (1294 total, 0 uniq crashes found)...[0m
scheduled max input!!!!
schedule: 15 level10_1/ijon_max/15
[1;94m[*] [0mFuzzing test case #1123 (1294 total, 0 uniq crashes found)...[0m
scheduled max input!!!!
schedule: 10 level10_1/ijon_max/10
[1;94m[*] [0mFuzzing test case #1124 (1295 total, 0 uniq crashes found)...[0m
scheduled max input!!!!
schedule: 5 level10_1/ijon_max/5
updated maxmap 5: 3de (len: 467)
updated maxmap 6: 3d5 (len: 467)
updated maxmap 7: 3cf (len: 467)
[1;94m[*] [0mFuzzing test case #1125 (1295 total, 0 uniq crashes found)...[0m
[1;94m[*] [0mFuzzing test case #1126 (1295 total, 0 uniq crashes found)...[0m
scheduled max input!!!!
schedule: 11 level10_1/ijon_max/11
[1;94m[*] [0mFuzzing test case #1127 (1295 total, 0 uniq crashes found)...[0m
[1;94m[*] [0mFuzzing test case #1128 (1295 total, 0 uniq crashes found)...[0m
scheduled max input!!!!
schedule: 12 level10_1/ijon_max/12
[1;94m[*] [0mFuzzing test case #1129 (1295 total, 0 uniq crashes found)...[0m
scheduled max input!!!!
schedule: 8 level10_1/ijon_max/8
[1;94m[*] [0mFuzzing test case #1130 (1295 total, 0 uniq crashes found)...[0m
scheduled max input!!!!
schedule: 0 level10_1/ijon_max/0
[1;94m[*] [0mFuzzing test case #1131 (1295 total, 0 uniq crashes found)...[0m
scheduled max input!!!!
schedule: 15 level10_1/ijon_max/15
[1;94m[*] [0mFuzzing test case #1132 (1295 total, 0 uniq crashes found)...[0m
scheduled max input!!!!
schedule: 10 level10_1/ijon_max/10
[1;94m[*] [0mFuzzing test case #1133 (1295 total, 0 uniq crashes found)...[0m
scheduled max input!!!!
schedule: 4 level10_1/ijon_max/4
[1;94m[*] [0mFuzzing test case #1134 (1295 total, 0 uniq crashes found)...[0m
scheduled max input!!!!
schedule: 1 level10_1/ijon_max/1
[1;94m[*] [0mFuzzing test case #1135 (1295 total, 0 uniq crashes found)...[0m
scheduled max input!!!!
schedule: 9 level10_1/ijon_max/9
[1;94m[*] [0mFuzzing test case #1136 (1295 total, 0 uniq crashes found)...[0m
scheduled max input!!!!
schedule: 12 level10_1/ijon_max/12
[1;94m[*] [0mFuzzing test case #1137 (1295 total, 0 uniq crashes found)...[0m
scheduled max input!!!!
schedule: 4 level10_1/ijon_max/4
[1;94m[*] [0mFuzzing test case #1138 (1295 total, 0 uniq crashes found)...[0m
scheduled max input!!!!
schedule: 13 level10_1/ijon_max/13
[1;94m[*] [0mFuzzing test case #1139 (1295 total, 0 uniq crashes found)...[0m
scheduled max input!!!!
schedule: 4 level10_1/ijon_max/4
[1;94m[*] [0mFuzzing test case #1140 (1295 total, 0 uniq crashes found)...[0m
scheduled max input!!!!
schedule: 5 level10_1/ijon_max/5
[1;94m[*] [0mFuzzing test case #1141 (1296 total, 0 uniq crashes found)...[0m
scheduled max input!!!!
schedule: 1 level10_1/ijon_max/1
[1;94m[*] [0mFuzzing test case #1142 (1296 total, 0 uniq crashes found)...[0m
[1;94m[*] [0mFuzzing test case #1143 (1296 total, 0 uniq crashes found)...[0m
scheduled max input!!!!
schedule: 7 level10_1/ijon_max/7
updated maxmap 5: 3e6 (len: 473)
updated maxmap 6: 3dd (len: 473)
updated maxmap 7: 3d7 (len: 473)
updated maxmap 10: 404 (len: 469)
updated maxmap 11: 402 (len: 469)
[1;94m[*] [0mFuzzing test case #1144 (1296 total, 0 uniq crashes found)...[0m
scheduled max input!!!!
schedule: 11 level10_1/ijon_max/11
[1;94m[*] [0mFuzzing test case #1145 (1296 total, 0 uniq crashes found)...[0m
scheduled max input!!!!
schedule: 14 level10_1/ijon_max/14
[1;94m[*] [0mFuzzing test case #1146 (1296 total, 0 uniq crashes found)...[0m
scheduled max input!!!!
schedule: 10 level10_1/ijon_max/10
[1;94m[*] [0mFuzzing test case #1147 (1296 total, 0 uniq crashes found)...[0m
scheduled max input!!!!
schedule: 11 level10_1/ijon_max/11
[1;94m[*] [0mFuzzing test case #1148 (1296 total, 0 uniq crashes found)...[0m
scheduled max input!!!!
schedule: 12 level10_1/ijon_max/12
[1;94m[*] [0mFuzzing test case #1149 (1296 total, 0 uniq crashes found)...[0m
[1;94m[*] [0mFuzzing test case #1150 (1296 total, 0 uniq crashes found)...[0m
scheduled max input!!!!
schedule: 13 level10_1/ijon_max/13
[1;94m[*] [0mFuzzing test case #1151 (1296 total, 0 uniq crashes found)...[0m
scheduled max input!!!!
schedule: 3 level10_1/ijon_max/3
[1;94m[*] [0mFuzzing test case #1152 (1296 total, 0 uniq crashes found)...[0m
scheduled max input!!!!
schedule: 2 level10_1/ijon_max/2
[1;94m[*] [0mFuzzing test case #1153 (1296 total, 0 uniq crashes found)...[0m
[1;94m[*] [0mFuzzing test case #1154 (1296 total, 0 uniq crashes found)...[0m
[1;94m[*] [0mFuzzing test case #1155 (1296 total, 0 uniq crashes found)...[0m
scheduled max input!!!!
schedule: 9 level10_1/ijon_max/9
[1;94m[*] [0mFuzzing test case #1156 (1296 total, 0 uniq crashes found)...[0m
scheduled max input!!!!
schedule: 4 level10_1/ijon_max/4
[1;94m[*] [0mFuzzing test case #1157 (1296 total, 0 uniq crashes found)...[0m
scheduled max input!!!!
schedule: 0 level10_1/ijon_max/0
[1;94m[*] [0mFuzzing test case #1158 (1297 total, 0 uniq crashes found)...[0m
scheduled max input!!!!
schedule: 8 level10_1/ijon_max/8
[1;94m[*] [0mFuzzing test case #1159 (1298 total, 0 uniq crashes found)...[0m
scheduled max input!!!!
schedule: 4 level10_1/ijon_max/4
[1;94m[*] [0mFuzzing test case #1160 (1298 total, 0 uniq crashes found)...[0m
scheduled max input!!!!
schedule: 3 level10_1/ijon_max/3
[1;94m[*] [0mFuzzing test case #1161 (1298 total, 0 uniq crashes found)...[0m
[1;94m[*] [0mFuzzing test case #1162 (1298 total, 0 uniq crashes found)...[0m
[1;94m[*] [0mFuzzing test case #1163 (1298 total, 0 uniq crashes found)...[0m
scheduled max input!!!!
schedule: 10 level10_1/ijon_max/10
[1;94m[*] [0mFuzzing test case #1164 (1298 total, 0 uniq crashes found)...[0m
scheduled max input!!!!
schedule: 15 level10_1/ijon_max/15
[1;94m[*] [0mFuzzing test case #1165 (1298 total, 0 uniq crashes found)...[0m
scheduled max input!!!!
schedule: 8 level10_1/ijon_max/8
[1;94m[*] [0mFuzzing test case #1166 (1298 total, 0 uniq crashes found)...[0m
scheduled max input!!!!
schedule: 5 level10_1/ijon_max/5
updated maxmap 8: 3f2 (len: 481)
updated maxmap 5: 3e7 (len: 473)
updated maxmap 6: 3de (len: 473)
updated maxmap 7: 3d8 (len: 473)
[1;94m[*] [0mFuzzing test case #1167 (1298 total, 0 uniq crashes found)...[0m
scheduled max input!!!!
schedule: 11 level10_1/ijon_max/11
[1;94m[*] [0mFuzzing test case #1168 (1299 total, 0 uniq crashes found)...[0m
[1;94m[*] [0mFuzzing test case #1169 (1299 total, 0 uniq crashes found)...[0m
scheduled max input!!!!
schedule: 3 level10_1/ijon_max/3
[1;94m[*] [0mFuzzing test case #1170 (1299 total, 0 uniq crashes found)...[0m
scheduled max input!!!!
schedule: 14 level10_1/ijon_max/14
[1;94m[*] [0mFuzzing test case #1171 (1299 total, 0 uniq crashes found)...[0m
scheduled max input!!!!
schedule: 4 level10_1/ijon_max/4
[1;94m[*] [0mFuzzing test case #1172 (1299 total, 0 uniq crashes found)...[0m
[1;94m[*] [0mFuzzing test case #1173 (1299 total, 0 uniq crashes found)...[0m
scheduled max input!!!!
schedule: 4 level10_1/ijon_max/4
[1;94m[*] [0mFuzzing test case #1174 (1299 total, 0 uniq crashes found)...[0m
scheduled max input!!!!
schedule: 6 level10_1/ijon_max/6
[1;94m[*] [0mFuzzing test case #1175 (1299 total, 0 uniq crashes found)...[0m
scheduled max input!!!!
schedule: 7 level10_1/ijon_max/7
updated maxmap 7: 3d9 (len: 473)
updated maxmap 5: 3e8 (len: 473)
updated maxmap 6: 3df (len: 473)
[1;94m[*] [0mFuzzing test case #1176 (1299 total, 0 uniq crashes found)...[0m
scheduled max input!!!!
schedule: 14 level10_1/ijon_max/14
[1;94m[*] [0mFuzzing test case #1177 (1299 total, 0 uniq crashes found)...[0m
scheduled max input!!!!
schedule: 2 level10_1/ijon_max/2
[1;94m[*] [0mFuzzing test case #1178 (1299 total, 0 uniq crashes found)...[0m
scheduled max input!!!!
schedule: 13 level10_1/ijon_max/13
[1;94m[*] [0mFuzzing test case #1179 (1299 total, 0 uniq crashes found)...[0m
scheduled max input!!!!
schedule: 1 level10_1/ijon_max/1
[1;94m[*] [0mFuzzing test case #1180 (1300 total, 0 uniq crashes found)...[0m
scheduled max input!!!!
schedule: 9 level10_1/ijon_max/9
[1;94m[*] [0mFuzzing test case #1181 (1300 total, 0 uniq crashes found)...[0m
scheduled max input!!!!
schedule: 5 level10_1/ijon_max/5
[1;94m[*] [0mFuzzing test case #1182 (1300 total, 0 uniq crashes found)...[0m
[1;94m[*] [0mFuzzing test case #1183 (1300 total, 0 uniq crashes found)...[0m
scheduled max input!!!!
schedule: 4 level10_1/ijon_max/4
[1;94m[*] [0mFuzzing test case #1184 (1300 total, 0 uniq crashes found)...[0m
scheduled normal input!!!!
[1;94m[*] [0mFuzzing test case #1185 (1301 total, 0 uniq crashes found)...[0m
scheduled max input!!!!
schedule: 1 level10_1/ijon_max/1
[1;94m[*] [0mFuzzing test case #1186 (1301 total, 0 uniq crashes found)...[0m
scheduled max input!!!!
schedule: 13 level10_1/ijon_max/13
[1;94m[*] [0mFuzzing test case #1187 (1301 total, 0 uniq crashes found)...[0m
scheduled max input!!!!
schedule: 4 level10_1/ijon_max/4
[1;94m[*] [0mFuzzing test case #1188 (1301 total, 0 uniq crashes found)...[0m
scheduled max input!!!!
schedule: 13 level10_1/ijon_max/13
[1;94m[*] [0mFuzzing test case #1189 (1301 total, 0 uniq crashes found)...[0m
scheduled max input!!!!
schedule: 2 level10_1/ijon_max/2
[1;94m[*] [0mFuzzing test case #1190 (1301 total, 0 uniq crashes found)...[0m
scheduled max input!!!!
schedule: 7 level10_1/ijon_max/7
updated maxmap 5: 3f2 (len: 480)
[1;94m[*] [0mFuzzing test case #1191 (1302 total, 0 uniq crashes found)...[0m
scheduled max input!!!!
schedule: 2 level10_1/ijon_max/2
[1;94m[*] [0mFuzzing test case #1192 (1302 total, 0 uniq crashes found)...[0m
scheduled max input!!!!
schedule: 6 level10_1/ijon_max/6
[1;94m[*] [0mFuzzing test case #1193 (1302 total, 0 uniq crashes found)...[0m
scheduled max input!!!!
schedule: 13 level10_1/ijon_max/13
[1;94m[*] [0mFuzzing test case #1194 (1302 total, 0 uniq crashes found)...[0m
scheduled max input!!!!
schedule: 5 level10_1/ijon_max/5
[1;94m[*] [0mFuzzing test case #1195 (1302 total, 0 uniq crashes found)...[0m
scheduled normal input!!!!
[1;94m[*] [0mFuzzing test case #1196 (1303 total, 0 uniq crashes found)...[0m
scheduled max input!!!!
schedule: 10 level10_1/ijon_max/10
[1;94m[*] [0mFuzzing test case #1197 (1303 total, 0 uniq crashes found)...[0m
scheduled max input!!!!
schedule: 10 level10_1/ijon_max/10
[1;94m[*] [0mFuzzing test case #1198 (1303 total, 0 uniq crashes found)...[0m
scheduled max input!!!!
schedule: 3 level10_1/ijon_max/3
[1;94m[*] [0mFuzzing test case #1199 (1303 total, 0 uniq crashes found)...[0m
[1;94m[*] [0mFuzzing test case #1200 (1303 total, 0 uniq crashes found)...[0m
scheduled max input!!!!
schedule: 13 level10_1/ijon_max/13
[1;94m[*] [0mFuzzing test case #1201 (1303 total, 0 uniq crashes found)...[0m
scheduled max input!!!!
schedule: 1 level10_1/ijon_max/1
[1;94m[*] [0mFuzzing test case #1202 (1304 total, 0 uniq crashes found)...[0m
[1;94m[*] [0mFuzzing test case #1203 (1304 total, 0 uniq crashes found)...[0m
scheduled max input!!!!
schedule: 10 level10_1/ijon_max/10
[1;94m[*] [0mFuzzing test case #1204 (1304 total, 0 uniq crashes found)...[0m
scheduled max input!!!!
schedule: 10 level10_1/ijon_max/10
[1;94m[*] [0mFuzzing test case #1205 (1304 total, 0 uniq crashes found)...[0m
scheduled max input!!!!
schedule: 9 level10_1/ijon_max/9
[1;94m[*] [0mFuzzing test case #1206 (1304 total, 0 uniq crashes found)...[0m
scheduled max input!!!!
schedule: 3 level10_1/ijon_max/3
[1;94m[*] [0mFuzzing test case #1207 (1304 total, 0 uniq crashes found)...[0m
[1;94m[*] [0mFuzzing test case #1208 (1304 total, 0 uniq crashes found)...[0m
scheduled max input!!!!
schedule: 14 level10_1/ijon_max/14
[1;94m[*] [0mFuzzing test case #1209 (1304 total, 0 uniq crashes found)...[0m
scheduled max input!!!!
schedule: 10 level10_1/ijon_max/10
[1;94m[*] [0mFuzzing test case #1210 (1304 total, 0 uniq crashes found)...[0m
scheduled max input!!!!
schedule: 1 level10_1/ijon_max/1
[1;94m[*] [0mFuzzing test case #1211 (1304 total, 0 uniq crashes found)...[0m
scheduled max input!!!!
schedule: 1 level10_1/ijon_max/1
[1;94m[*] [0mFuzzing test case #1212 (1304 total, 0 uniq crashes found)...[0m
scheduled max input!!!!
schedule: 3 level10_1/ijon_max/3
[1;94m[*] [0mFuzzing test case #1213 (1304 total, 0 uniq crashes found)...[0m
scheduled max input!!!!
schedule: 9 level10_1/ijon_max/9
[1;94m[*] [0mFuzzing test case #1214 (1304 total, 0 uniq crashes found)...[0m
[1;94m[*] [0mFuzzing test case #1215 (1304 total, 0 uniq crashes found)...[0m
scheduled max input!!!!
schedule: 8 level10_1/ijon_max/8
updated maxmap 6: 3eb (len: 481)
updated maxmap 7: 3f1 (len: 481)
updated maxmap 6: 3ed (len: 488)
updated maxmap 7: 3f3 (len: 488)
updated maxmap 8: 3f9 (len: 488)
updated maxmap 6: 3ee (len: 482)
updated maxmap 6: 3ef (len: 481)
[1;94m[*] [0mFuzzing test case #1216 (1305 total, 0 uniq crashes found)...[0m
scheduled normal input!!!!
[1;94m[*] [0mFuzzing test case #1217 (1308 total, 0 uniq crashes found)...[0m
scheduled max input!!!!
schedule: 7 level10_1/ijon_max/7
updated maxmap 7: 3f4 (len: 488)
updated maxmap 8: 3fa (len: 488)
[1;94m[*] [0mFuzzing test case #1218 (1309 total, 0 uniq crashes found)...[0m
scheduled max input!!!!
schedule: 9 level10_1/ijon_max/9
[1;94m[*] [0mFuzzing test case #1219 (1309 total, 0 uniq crashes found)...[0m
scheduled max input!!!!
schedule: 9 level10_1/ijon_max/9
[1;94m[*] [0mFuzzing test case #1220 (1309 total, 0 uniq crashes found)...[0m
scheduled max input!!!!
schedule: 9 level10_1/ijon_max/9
[1;94m[*] [0mFuzzing test case #1221 (1309 total, 0 uniq crashes found)...[0m
scheduled max input!!!!
schedule: 2 level10_1/ijon_max/2
[1;94m[*] [0mFuzzing test case #1222 (1309 total, 0 uniq crashes found)...[0m
scheduled max input!!!!
schedule: 7 level10_1/ijon_max/7
updated maxmap 7: 3f5 (len: 488)
updated maxmap 8: 3fb (len: 488)
[1;94m[*] [0mFuzzing test case #1223 (1309 total, 0 uniq crashes found)...[0m
[1;94m[*] [0mFuzzing test case #1224 (1309 total, 0 uniq crashes found)...[0m
scheduled max input!!!!
schedule: 2 level10_1/ijon_max/2
[1;94m[*] [0mFuzzing test case #1225 (1309 total, 0 uniq crashes found)...[0m
scheduled max input!!!!
schedule: 8 level10_1/ijon_max/8
[1;94m[*] [0mFuzzing test case #1226 (1309 total, 0 uniq crashes found)...[0m
scheduled max input!!!!
schedule: 13 level10_1/ijon_max/13
[1;94m[*] [0mFuzzing test case #1227 (1309 total, 0 uniq crashes found)...[0m
scheduled max input!!!!
schedule: 10 level10_1/ijon_max/10
[1;94m[*] [0mFuzzing test case #1228 (1309 total, 0 uniq crashes found)...[0m
scheduled max input!!!!
schedule: 7 level10_1/ijon_max/7
updated maxmap 6: 3f0 (len: 488)
updated maxmap 7: 3f6 (len: 488)
updated maxmap 8: 3fc (len: 488)
[1;94m[*] [0mFuzzing test case #1229 (1309 total, 0 uniq crashes found)...[0m
scheduled max input!!!!
schedule: 12 level10_1/ijon_max/12
[1;94m[*] [0mFuzzing test case #1230 (1309 total, 0 uniq crashes found)...[0m
scheduled max input!!!!
schedule: 5 level10_1/ijon_max/5
[1;94m[*] [0mFuzzing test case #1231 (1309 total, 0 uniq crashes found)...[0m
scheduled max input!!!!
schedule: 4 level10_1/ijon_max/4
[1;94m[*] [0mFuzzing test case #1232 (1309 total, 0 uniq crashes found)...[0m
scheduled max input!!!!
schedule: 8 level10_1/ijon_max/8
[1;94m[*] [0mFuzzing test case #1233 (1309 total, 0 uniq crashes found)...[0m
[1;94m[*] [0mFuzzing test case #1234 (1309 total, 0 uniq crashes found)...[0m
scheduled max input!!!!
schedule: 11 level10_1/ijon_max/11
updated maxmap 7: 401 (len: 476)
updated maxmap 8: 410 (len: 476)
updated maxmap 9: 41a (len: 476)
updated maxmap 10: 41e (len: 476)
updated maxmap 11: 41e (len: 476)
[1;94m[*] [0mFuzzing test case #1235 (1310 total, 0 uniq crashes found)...[0m
scheduled max input!!!!
schedule: 15 level10_1/ijon_max/15
[1;94m[*] [0mFuzzing test case #1236 (1310 total, 0 uniq crashes found)...[0m
scheduled max input!!!!
schedule: 8 level10_1/ijon_max/8
updated maxmap 7: 402 (len: 477)
updated maxmap 8: 411 (len: 477)
updated maxmap 9: 41b (len: 477)
updated maxmap 10: 41f (len: 477)
updated maxmap 7: 403 (len: 476)
updated maxmap 8: 412 (len: 476)
updated maxmap 9: 41c (len: 476)
updated maxmap 7: 404 (len: 476)
updated maxmap 8: 413 (len: 476)
updated maxmap 9: 41d (len: 476)
[1;94m[*] [0mFuzzing test case #1237 (1311 total, 0 uniq crashes found)...[0m
scheduled max input!!!!
schedule: 6 level10_1/ijon_max/6
[1;94m[*] [0mFuzzing test case #1238 (1312 total, 0 uniq crashes found)...[0m
scheduled max input!!!!
schedule: 3 level10_1/ijon_max/3
[1;94m[*] [0mFuzzing test case #1239 (1312 total, 0 uniq crashes found)...[0m
scheduled max input!!!!
schedule: 1 level10_1/ijon_max/1
[1;94m[*] [0mFuzzing test case #1240 (1312 total, 0 uniq crashes found)...[0m
[1;94m[*] [0mFuzzing test case #1241 (1312 total, 0 uniq crashes found)...[0m
scheduled max input!!!!
schedule: 4 level10_1/ijon_max/4
[1;94m[*] [0mFuzzing test case #1242 (1312 total, 0 uniq crashes found)...[0m
[1;94m[*] [0mFuzzing test case #1243 (1312 total, 0 uniq crashes found)...[0m
[1;94m[*] [0mFuzzing test case #1244 (1312 total, 0 uniq crashes found)...[0m
[1;94m[*] [0mFuzzing test case #1245 (1312 total, 0 uniq crashes found)...[0m
[1;94m[*] [0mFuzzing test case #1246 (1312 total, 0 uniq crashes found)...[0m
scheduled max input!!!!
schedule: 10 level10_1/ijon_max/10
updated maxmap 11: 41f (len: 477)
updated maxmap 9: 41f (len: 483)
updated maxmap 10: 420 (len: 477)
updated maxmap 10: 421 (len: 477)
updated maxmap 11: 420 (len: 477)
[1;94m[*] [0mFuzzing test case #1247 (1313 total, 0 uniq crashes found)...[0m
scheduled max input!!!!
schedule: 1 level10_1/ijon_max/1
[1;94m[*] [0mFuzzing test case #1248 (1313 total, 0 uniq crashes found)...[0m
[1;94m[*] [0mFuzzing test case #1249 (1313 total, 0 uniq crashes found)...[0m
scheduled max input!!!!
schedule: 4 level10_1/ijon_max/4
[1;94m[*] [0mFuzzing test case #1250 (1313 total, 0 uniq crashes found)...[0m
scheduled max input!!!!
schedule: 10 level10_1/ijon_max/10
updated maxmap 10: 422 (len: 477)
updated maxmap 11: 421 (len: 477)
[1;94m[*] [0mFuzzing test case #1251 (1313 total, 0 uniq crashes found)...[0m
scheduled max input!!!!
schedule: 14 level10_1/ijon_max/14
[1;94m[*] [0mFuzzing test case #1252 (1313 total, 0 uniq crashes found)...[0m
scheduled max input!!!!
schedule: 10 level10_1/ijon_max/10
[1;94m[*] [0mFuzzing test case #1253 (1313 total, 0 uniq crashes found)...[0m
scheduled max input!!!!
schedule: 8 level10_1/ijon_max/8
[1;94m[*] [0mFuzzing test case #1254 (1313 total, 0 uniq crashes found)...[0m
scheduled max input!!!!
schedule: 5 level10_1/ijon_max/5
[1;94m[*] [0mFuzzing test case #1255 (1314 total, 0 uniq crashes found)...[0m
scheduled max input!!!!
schedule: 3 level10_1/ijon_max/3
[1;94m[*] [0mFuzzing test case #1256 (1314 total, 0 uniq crashes found)...[0m
scheduled max input!!!!
schedule: 14 level10_1/ijon_max/14
[1;94m[*] [0mFuzzing test case #1257 (1314 total, 0 uniq crashes found)...[0m
scheduled max input!!!!
schedule: 6 level10_1/ijon_max/6
updated maxmap 4: 3b0 (len: 495)
[1;94m[*] [0mFuzzing test case #1258 (1315 total, 0 uniq crashes found)...[0m
scheduled max input!!!!
schedule: 10 level10_1/ijon_max/10
[1;94m[*] [0mFuzzing test case #1259 (1315 total, 0 uniq crashes found)...[0m
scheduled max input!!!!
schedule: 6 level10_1/ijon_max/6
updated maxmap 6: 3f5 (len: 495)
[1;94m[*] [0mFuzzing test case #1260 (1315 total, 0 uniq crashes found)...[0m
[1;94m[*] [0mFuzzing test case #1261 (1315 total, 0 uniq crashes found)...[0m
scheduled max input!!!!
schedule: 12 level10_1/ijon_max/12
[1;94m[*] [0mFuzzing test case #1262 (1315 total, 0 uniq crashes found)...[0m
scheduled max input!!!!
schedule: 1 level10_1/ijon_max/1
[1;94m[*] [0mFuzzing test case #1263 (1315 total, 0 uniq crashes found)...[0m
scheduled max input!!!!
schedule: 5 level10_1/ijon_max/5
updated maxmap 4: 3f1 (len: 480)
[1;94m[*] [0mFuzzing test case #1264 (1315 total, 0 uniq crashes found)...[0m
scheduled max input!!!!
schedule: 14 level10_1/ijon_max/14
[1;94m[*] [0mFuzzing test case #1265 (1315 total, 0 uniq crashes found)...[0m
scheduled max input!!!!
schedule: 2 level10_1/ijon_max/2
[1;94m[*] [0mFuzzing test case #1266 (1315 total, 0 uniq crashes found)...[0m
scheduled max input!!!!
schedule: 3 level10_1/ijon_max/3
[1;94m[*] [0mFuzzing test case #1267 (1315 total, 0 uniq crashes found)...[0m
scheduled max input!!!!
schedule: 0 level10_1/ijon_max/0
[1;94m[*] [0mFuzzing test case #1268 (1315 total, 0 uniq crashes found)...[0m
[1;94m[*] [0mFuzzing test case #1269 (1315 total, 0 uniq crashes found)...[0m
scheduled max input!!!!
schedule: 12 level10_1/ijon_max/12
[1;94m[*] [0mFuzzing test case #1270 (1315 total, 0 uniq crashes found)...[0m
scheduled max input!!!!
schedule: 9 level10_1/ijon_max/9
updated maxmap 9: 420 (len: 483)
updated maxmap 8: 420 (len: 483)
[1;94m[*] [0mFuzzing test case #1271 (1316 total, 0 uniq crashes found)...[0m
scheduled max input!!!!
schedule: 14 level10_1/ijon_max/14
[1;94m[*] [0mFuzzing test case #1272 (1316 total, 0 uniq crashes found)...[0m
scheduled max input!!!!
schedule: 8 level10_1/ijon_max/8
[1;94m[*] [0mFuzzing test case #1273 (1316 total, 0 uniq crashes found)...[0m
scheduled max input!!!!
schedule: 13 level10_1/ijon_max/13
[1;94m[*] [0mFuzzing test case #1274 (1317 total, 0 uniq crashes found)...[0m
scheduled max input!!!!
schedule: 13 level10_1/ijon_max/13
[1;94m[*] [0mFuzzing test case #1275 (1317 total, 0 uniq crashes found)...[0m
scheduled max input!!!!
schedule: 14 level10_1/ijon_max/14
[1;94m[*] [0mFuzzing test case #1276 (1317 total, 0 uniq crashes found)...[0m
scheduled max input!!!!
schedule: 7 level10_1/ijon_max/7
[1;94m[*] [0mFuzzing test case #1277 (1317 total, 0 uniq crashes found)...[0m
scheduled max input!!!!
schedule: 15 level10_1/ijon_max/15
[1;94m[*] [0mFuzzing test case #1278 (1317 total, 0 uniq crashes found)...[0m
scheduled max input!!!!
schedule: 14 level10_1/ijon_max/14
[1;94m[*] [0mFuzzing test case #1279 (1317 total, 0 uniq crashes found)...[0m
scheduled max input!!!!
schedule: 9 level10_1/ijon_max/9
[1;94m[*] [0mFuzzing test case #1280 (1317 total, 0 uniq crashes found)...[0m
scheduled max input!!!!
schedule: 6 level10_1/ijon_max/6
updated maxmap 6: 3f6 (len: 495)
updated maxmap 6: 3f7 (len: 495)
[1;94m[*] [0mFuzzing test case #1281 (1318 total, 0 uniq crashes found)...[0m
scheduled max input!!!!
schedule: 11 level10_1/ijon_max/11
[1;94m[*] [0mFuzzing test case #1282 (1318 total, 0 uniq crashes found)...[0m
scheduled max input!!!!
schedule: 12 level10_1/ijon_max/12
[1;94m[*] [0mFuzzing test case #1283 (1318 total, 0 uniq crashes found)...[0m
scheduled normal input!!!!
[?25h[1;91m

+++ Testing aborted by user +++
[0m
[1;93m[!] [0mStopped during the first cycle, results may be incomplete.
    (For info on resuming, see docs/README.)
[1;92m[+] [0mWe're done here. Have a nice day!
[0m
srun: error: ubuntu-test: task 0: Exited with exit code 124
