srun: error: NodeNames=ubuntu-test CPUs=90 match no Sockets, Sockets*CoresPerSocket or Sockets*CoresPerSocket*ThreadsPerCore. Resetting CPUs.
[0;36mafl-fuzz [1;97m2.51b-ijon[0m by <lcamtuf@google.com>
[1;92m[+] [0mLooks like we're not running on a tty, so I'll be a bit less verbose.[0m
[1;92m[+] [0mYou have 96 CPU cores and 115 runnable tasks (utilization: 120%).[0m
[1;93m[!] [1;97mWARNING: [0mNot binding to a CPU core (AFL_NO_AFFINITY set).[0m
[1;94m[*] [0mChecking core_pattern...[0m
[1;94m[*] [0mSetting up output directories...[0m
importdir: level29_3/importsmax_dir: level29_3/ijon_max[1;94m[*] [0mScanning 'seeds'...[0m
[1;92m[+] [0mNo auto-generated dictionary tokens to reuse.[0m
[1;94m[*] [0mCreating hard links for all input files...[0m
[1;94m[*] [0mValidating target binary...[0m
[1;94m[*] [0mAttempting dry run with 'id:000000,orig:a'...[0m
[1;94m[*] [0mSpinning up the fork server...[0m
[1;92m[+] [0mAll right - fork server is up.[0m
[1;90m    len = 1, map size = 2477, exec speed = 17072 us
[0m[1;92m[+] [0mAll test cases processed.[0m

[1;93m[!] [1;97mWARNING: [0m[1;91mThe target binary is pretty slow! See docs/perf_tips.txt.[0m
[1;92m[+] [0mHere are some useful stats:

[1;90m    Test case count : [0m1 favored, 0 variable, 1 total
[1;90m       Bitmap range : [0m2477 to 2477 bits (average: 2477.00 bits)
[1;90m        Exec timing : [0m17.1k to 17.1k us (average: 17.1k us)
[0m
[1;92m[+] [0mAll set and ready to roll![0m
[1;94m[*] [0mEntering queue cycle 1.[0m
[1;94m[*] [0mFuzzing test case #0 (1 total, 0 uniq crashes found)...[0m
scheduled normal input!!!!
updated maxmap 11: 28 (len: 1)
updated maxmap 0: 28 (len: 58)
updated maxmap 1: 28 (len: 58)
updated maxmap 2: 28 (len: 58)
updated maxmap 3: 28 (len: 62)
updated maxmap 4: 28 (len: 67)
updated maxmap 5: 28 (len: 76)
updated maxmap 1: 29 (len: 86)
updated maxmap 2: 29 (len: 86)
[1;94m[*] [0mFuzzing test case #1 (126 total, 0 uniq crashes found)...[0m
scheduled max input!!!!
schedule: 2 level29_3/ijon_max/2
updated maxmap 0: 29 (len: 100)
updated maxmap 0: 2b (len: 92)
updated maxmap 1: 2a (len: 141)
updated maxmap 2: 2a (len: 89)
updated maxmap 3: 29 (len: 86)
updated maxmap 1: 2b (len: 86)
updated maxmap 4: 29 (len: 116)
updated maxmap 0: 2c (len: 126)
updated maxmap 1: 2c (len: 122)
updated maxmap 2: 2c (len: 122)
updated maxmap 5: 29 (len: 108)
updated maxmap 6: 28 (len: 108)
updated maxmap 6: 29 (len: 107)
updated maxmap 7: 29 (len: 107)
updated maxmap 8: 29 (len: 107)
updated maxmap 9: 28 (len: 107)
updated maxmap 3: 2a (len: 86)
updated maxmap 4: 2a (len: 129)
updated maxmap 0: 2d (len: 133)
updated maxmap 1: 2d (len: 133)
updated maxmap 5: 2a (len: 102)
updated maxmap 6: 2a (len: 102)
updated maxmap 7: 2a (len: 102)
[1;94m[*] [0mFuzzing test case #2 (329 total, 0 uniq crashes found)...[0m
scheduled normal input!!!!
[1;94m[*] [0mFuzzing test case #3 (331 total, 0 uniq crashes found)...[0m
scheduled max input!!!!
schedule: 8 level29_3/ijon_max/8
updated maxmap 9: 29 (len: 114)
updated maxmap 10: 28 (len: 114)
updated maxmap 10: 29 (len: 114)
updated maxmap 8: 2a (len: 112)
updated maxmap 9: 2a (len: 114)
updated maxmap 10: 2a (len: 114)
updated maxmap 11: 29 (len: 114)
updated maxmap 7: 2b (len: 112)
updated maxmap 8: 2b (len: 112)
updated maxmap 6: 2c (len: 107)
updated maxmap 7: 2c (len: 115)
updated maxmap 3: 2c (len: 107)
updated maxmap 4: 2b (len: 107)
updated maxmap 9: 2c (len: 113)
updated maxmap 10: 2b (len: 113)
updated maxmap 5: 2b (len: 107)
updated maxmap 8: 2c (len: 110)
updated maxmap 4: 2c (len: 107)
updated maxmap 5: 2c (len: 107)
updated maxmap 2: 2d (len: 145)
updated maxmap 7: 2d (len: 108)
updated maxmap 1: 2e (len: 138)
updated maxmap 2: 2e (len: 138)
updated maxmap 0: 31 (len: 125)
updated maxmap 1: 32 (len: 125)
updated maxmap 3: 2d (len: 115)
updated maxmap 4: 2d (len: 115)
updated maxmap 7: 2e (len: 115)
updated maxmap 3: 2e (len: 115)
updated maxmap 5: 2d (len: 107)
updated maxmap 6: 2d (len: 109)
updated maxmap 2: 30 (len: 114)
updated maxmap 3: 2f (len: 114)
updated maxmap 8: 2d (len: 110)
updated maxmap 9: 2d (len: 108)
updated maxmap 10: 2c (len: 107)
updated maxmap 8: 2e (len: 107)
updated maxmap 4: 2e (len: 107)
updated maxmap 5: 2e (len: 107)
updated maxmap 6: 2e (len: 107)
updated maxmap 7: 2f (len: 111)
updated maxmap 8: 2f (len: 111)
updated maxmap 5: 2f (len: 107)
updated maxmap 4: 2f (len: 107)
updated maxmap 6: 2f (len: 107)
updated maxmap 3: 30 (len: 107)
updated maxmap 8: 31 (len: 111)
updated maxmap 9: 2e (len: 111)
updated maxmap 9: 30 (len: 107)
updated maxmap 5: 31 (len: 107)
[1;94m[*] [0mFuzzing test case #4 (394 total, 0 uniq crashes found)...[0m
scheduled max input!!!!
schedule: 6 level29_3/ijon_max/6
[1;94m[*] [0mFuzzing test case #5 (394 total, 0 uniq crashes found)...[0m
[1;94m[*] [0mFuzzing test case #6 (394 total, 0 uniq crashes found)...[0m
scheduled max input!!!!
schedule: 3 level29_3/ijon_max/3
updated maxmap 2: 31 (len: 111)
updated maxmap 2: 35 (len: 115)
updated maxmap 3: 31 (len: 115)
updated maxmap 3: 32 (len: 107)
updated maxmap 0: 32 (len: 113)
updated maxmap 0: 33 (len: 128)
updated maxmap 4: 32 (len: 113)
updated maxmap 2: 37 (len: 114)
updated maxmap 3: 33 (len: 114)
updated maxmap 1: 36 (len: 121)
updated maxmap 0: 37 (len: 115)
updated maxmap 1: 39 (len: 115)
updated maxmap 1: 3c (len: 120)
updated maxmap 2: 39 (len: 115)
updated maxmap 3: 35 (len: 115)
updated maxmap 3: 36 (len: 112)
updated maxmap 5: 32 (len: 115)
updated maxmap 3: 3f (len: 118)
updated maxmap 4: 33 (len: 107)
updated maxmap 6: 30 (len: 107)
[1;94m[*] [0mFuzzing test case #7 (416 total, 0 uniq crashes found)...[0m
scheduled max input!!!!
schedule: 7 level29_3/ijon_max/7
[1;94m[*] [0mFuzzing test case #8 (416 total, 0 uniq crashes found)...[0m
scheduled max input!!!!
schedule: 9 level29_3/ijon_max/9
[1;94m[*] [0mFuzzing test case #9 (416 total, 0 uniq crashes found)...[0m
scheduled max input!!!!
schedule: 10 level29_3/ijon_max/10
[1;94m[*] [0mFuzzing test case #10 (416 total, 0 uniq crashes found)...[0m
scheduled max input!!!!
schedule: 3 level29_3/ijon_max/3
updated maxmap 2: 3e (len: 119)
updated maxmap 2: 40 (len: 124)
updated maxmap 1: 3e (len: 118)
updated maxmap 2: 42 (len: 120)
updated maxmap 0: 3f (len: 120)
updated maxmap 0: 40 (len: 118)
updated maxmap 2: 45 (len: 123)
updated maxmap 3: 40 (len: 123)
updated maxmap 1: 45 (len: 127)
updated maxmap 4: 3d (len: 123)
updated maxmap 5: 3d (len: 118)
updated maxmap 2: 48 (len: 130)
updated maxmap 0: 45 (len: 118)
updated maxmap 6: 32 (len: 123)
updated maxmap 3: 42 (len: 123)
updated maxmap 1: 48 (len: 130)
updated maxmap 0: 49 (len: 131)
updated maxmap 0: 4b (len: 127)
updated maxmap 1: 4a (len: 127)
updated maxmap 4: 43 (len: 122)
updated maxmap 0: 4d (len: 140)
updated maxmap 3: 44 (len: 123)
updated maxmap 5: 3f (len: 126)
updated maxmap 6: 36 (len: 126)
updated maxmap 2: 49 (len: 126)
updated maxmap 3: 46 (len: 126)
updated maxmap 1: 4c (len: 136)
updated maxmap 1: 4d (len: 131)
updated maxmap 0: 68 (len: 149)
updated maxmap 1: 53 (len: 149)
updated maxmap 2: 4c (len: 126)
updated maxmap 3: 48 (len: 126)
[1;94m[*] [0mFuzzing test case #11 (439 total, 0 uniq crashes found)...[0m
scheduled max input!!!!
schedule: 1 level29_3/ijon_max/1
updated maxmap 1: 54 (len: 149)
updated maxmap 0: 69 (len: 149)
updated maxmap 1: 6b (len: 151)
updated maxmap 0: 73 (len: 156)
updated maxmap 1: 70 (len: 156)
updated maxmap 1: 71 (len: 157)
updated maxmap 1: 74 (len: 157)
updated maxmap 1: 79 (len: 161)
updated maxmap 0: 76 (len: 160)
updated maxmap 2: 4e (len: 156)
updated maxmap 2: 52 (len: 153)
updated maxmap 2: 53 (len: 149)
updated maxmap 2: 59 (len: 156)
updated maxmap 3: 4a (len: 156)
updated maxmap 0: 77 (len: 165)
updated maxmap 1: 7d (len: 165)
updated maxmap 2: 5e (len: 160)
updated maxmap 2: 65 (len: 170)
updated maxmap 0: 79 (len: 174)
updated maxmap 1: 87 (len: 186)
[1;94m[*] [0mFuzzing test case #12 (497 total, 0 uniq crashes found)...[0m
scheduled max input!!!!
schedule: 11 level29_3/ijon_max/11
[1;94m[*] [0mFuzzing test case #13 (497 total, 0 uniq crashes found)...[0m
scheduled max input!!!!
schedule: 11 level29_3/ijon_max/11
updated maxmap 11: 2b (len: 121)
[1;94m[*] [0mFuzzing test case #14 (498 total, 0 uniq crashes found)...[0m
scheduled max input!!!!
schedule: 0 level29_3/ijon_max/0
updated maxmap 0: 80 (len: 177)
updated maxmap 0: 82 (len: 181)
updated maxmap 1: 8b (len: 186)
updated maxmap 0: 8a (len: 192)
[1;94m[*] [0mFuzzing test case #15 (538 total, 0 uniq crashes found)...[0m
scheduled max input!!!!
schedule: 8 level29_3/ijon_max/8
[1;94m[*] [0mFuzzing test case #16 (538 total, 0 uniq crashes found)...[0m
scheduled max input!!!!
schedule: 5 level29_3/ijon_max/5
updated maxmap 4: 45 (len: 130)
updated maxmap 5: 43 (len: 130)
updated maxmap 2: 76 (len: 135)
updated maxmap 4: 46 (len: 131)
updated maxmap 3: 56 (len: 141)
updated maxmap 4: 53 (len: 141)
updated maxmap 5: 45 (len: 141)
updated maxmap 6: 38 (len: 141)
[1;94m[*] [0mFuzzing test case #17 (538 total, 0 uniq crashes found)...[0m
scheduled max input!!!!
schedule: 11 level29_3/ijon_max/11
updated maxmap 11: 2c (len: 134)
updated maxmap 10: 2e (len: 121)
updated maxmap 10: 2f (len: 121)
updated maxmap 11: 2d (len: 121)
updated maxmap 11: 2e (len: 127)
updated maxmap 11: 2f (len: 125)
updated maxmap 6: 43 (len: 121)
updated maxmap 7: 32 (len: 121)
updated maxmap 9: 31 (len: 122)
updated maxmap 10: 30 (len: 122)
updated maxmap 11: 30 (len: 122)
updated maxmap 7: 33 (len: 127)
updated maxmap 8: 32 (len: 127)
updated maxmap 6: 47 (len: 121)
updated maxmap 7: 3e (len: 121)
updated maxmap 10: 31 (len: 121)
updated maxmap 9: 33 (len: 121)
updated maxmap 10: 32 (len: 121)
updated maxmap 7: 47 (len: 121)
updated maxmap 8: 41 (len: 121)
updated maxmap 9: 34 (len: 121)
updated maxmap 8: 48 (len: 121)
updated maxmap 9: 3d (len: 121)
updated maxmap 5: 48 (len: 121)
updated maxmap 6: 48 (len: 121)
updated maxmap 7: 4f (len: 128)
updated maxmap 11: 31 (len: 121)
updated maxmap 5: 61 (len: 143)
updated maxmap 6: 58 (len: 143)
updated maxmap 10: 33 (len: 123)
updated maxmap 11: 33 (len: 123)
updated maxmap 9: 3e (len: 121)
updated maxmap 10: 35 (len: 121)
updated maxmap 11: 34 (len: 121)
updated maxmap 10: 3a (len: 121)
updated maxmap 11: 3a (len: 121)
updated maxmap 8: 4b (len: 121)
updated maxmap 9: 49 (len: 121)
updated maxmap 10: 3b (len: 121)
updated maxmap 10: 3f (len: 124)
updated maxmap 11: 3f (len: 124)
updated maxmap 9: 4a (len: 121)
updated maxmap 9: 4e (len: 121)
updated maxmap 10: 43 (len: 121)
[1;94m[*] [0mFuzzing test case #18 (563 total, 0 uniq crashes found)...[0m
scheduled max input!!!!
schedule: 3 level29_3/ijon_max/3
updated maxmap 3: 57 (len: 141)
updated maxmap 4: 54 (len: 141)
updated maxmap 3: 60 (len: 147)
updated maxmap 4: 57 (len: 141)
[1;94m[*] [0mFuzzing test case #19 (563 total, 0 uniq crashes found)...[0m
scheduled max input!!!!
schedule: 10 level29_3/ijon_max/10
updated maxmap 10: 44 (len: 121)
updated maxmap 10: 45 (len: 121)
updated maxmap 8: 4d (len: 121)
updated maxmap 10: 46 (len: 121)
updated maxmap 7: 51 (len: 121)
updated maxmap 8: 4e (len: 121)
updated maxmap 11: 40 (len: 121)
updated maxmap 8: 55 (len: 126)
updated maxmap 8: 56 (len: 128)
updated maxmap 4: 5a (len: 129)
updated maxmap 10: 47 (len: 121)
updated maxmap 7: 5a (len: 128)
updated maxmap 9: 55 (len: 129)
updated maxmap 10: 4b (len: 129)
updated maxmap 11: 42 (len: 121)
updated maxmap 10: 4c (len: 124)
updated maxmap 11: 44 (len: 121)
updated maxmap 10: 4d (len: 129)
updated maxmap 11: 46 (len: 127)
updated maxmap 8: 57 (len: 129)
updated maxmap 10: 50 (len: 129)
updated maxmap 11: 48 (len: 129)
[1;94m[*] [0mFuzzing test case #20 (573 total, 0 uniq crashes found)...[0m
[1;94m[*] [0mFuzzing test case #21 (573 total, 0 uniq crashes found)...[0m
scheduled max input!!!!
schedule: 5 level29_3/ijon_max/5
updated maxmap 5: 62 (len: 143)
updated maxmap 6: 59 (len: 143)
updated maxmap 5: 63 (len: 143)
updated maxmap 6: 5a (len: 143)
updated maxmap 5: 66 (len: 144)
updated maxmap 5: 67 (len: 145)
updated maxmap 4: 63 (len: 151)
updated maxmap 3: 61 (len: 143)
updated maxmap 4: 6e (len: 151)
updated maxmap 5: 6b (len: 151)
updated maxmap 6: 5d (len: 149)
[1;94m[*] [0mFuzzing test case #22 (573 total, 0 uniq crashes found)...[0m
scheduled max input!!!!
schedule: 10 level29_3/ijon_max/10
updated maxmap 8: 5b (len: 129)
updated maxmap 9: 56 (len: 129)
[1;94m[*] [0mFuzzing test case #23 (574 total, 0 uniq crashes found)...[0m
scheduled max input!!!!
schedule: 10 level29_3/ijon_max/10
updated maxmap 10: 55 (len: 135)
updated maxmap 11: 4d (len: 135)
updated maxmap 8: 5d (len: 129)
updated maxmap 9: 5b (len: 129)
updated maxmap 7: 5c (len: 129)
updated maxmap 11: 4e (len: 129)
updated maxmap 11: 4f (len: 131)
updated maxmap 11: 54 (len: 137)
updated maxmap 9: 5d (len: 132)
updated maxmap 3: 6f (len: 151)
updated maxmap 4: 73 (len: 151)
updated maxmap 9: 66 (len: 136)
updated maxmap 10: 57 (len: 136)
updated maxmap 10: 58 (len: 137)
updated maxmap 8: 66 (len: 135)
updated maxmap 6: 6c (len: 148)
updated maxmap 7: 61 (len: 142)
updated maxmap 2: 79 (len: 160)
updated maxmap 11: 55 (len: 134)
updated maxmap 7: 63 (len: 134)
updated maxmap 7: 68 (len: 134)
updated maxmap 5: 70 (len: 151)
updated maxmap 6: 73 (len: 151)
updated maxmap 11: 5b (len: 140)
updated maxmap 7: 6b (len: 139)
updated maxmap 8: 69 (len: 136)
updated maxmap 8: 72 (len: 147)
updated maxmap 9: 67 (len: 147)
[1;94m[*] [0mFuzzing test case #24 (582 total, 0 uniq crashes found)...[0m
scheduled max input!!!!
schedule: 11 level29_3/ijon_max/11
updated maxmap 9: 6a (len: 140)
updated maxmap 5: 74 (len: 144)
updated maxmap 10: 59 (len: 140)
updated maxmap 9: 6d (len: 140)
updated maxmap 11: 5c (len: 140)
updated maxmap 9: 70 (len: 141)
updated maxmap 11: 5e (len: 140)
updated maxmap 9: 71 (len: 140)
updated maxmap 10: 5f (len: 140)
updated maxmap 6: 76 (len: 145)
updated maxmap 9: 73 (len: 151)
updated maxmap 3: 71 (len: 145)
updated maxmap 9: 78 (len: 145)
updated maxmap 3: 76 (len: 146)
updated maxmap 1: 8c (len: 167)
updated maxmap 2: 88 (len: 167)
updated maxmap 4: 7b (len: 151)
updated maxmap 0: bf (len: 231)
updated maxmap 1: c1 (len: 231)
updated maxmap 7: 77 (len: 144)
updated maxmap 9: 83 (len: 151)
updated maxmap 10: 60 (len: 140)
updated maxmap 3: 84 (len: 163)
updated maxmap 8: 7d (len: 148)
updated maxmap 11: 66 (len: 148)
updated maxmap 5: 87 (len: 155)
updated maxmap 6: 82 (len: 155)
updated maxmap 10: 65 (len: 147)
updated maxmap 7: 7e (len: 153)
updated maxmap 2: 8a (len: 168)
updated maxmap 4: 7d (len: 155)
updated maxmap 6: 92 (len: 160)
updated maxmap 7: 82 (len: 160)
[1;94m[*] [0mFuzzing test case #25 (595 total, 0 uniq crashes found)...[0m
scheduled max input!!!!
schedule: 11 level29_3/ijon_max/11
updated maxmap 10: 67 (len: 148)
updated maxmap 11: 69 (len: 154)
updated maxmap 8: 80 (len: 152)
updated maxmap 4: 81 (len: 159)
updated maxmap 10: 6b (len: 151)
updated maxmap 2: 8d (len: 176)
updated maxmap 3: 87 (len: 176)
updated maxmap 8: 82 (len: 153)
[1;94m[*] [0mFuzzing test case #26 (597 total, 0 uniq crashes found)...[0m
[1;94m[*] [0mFuzzing test case #27 (597 total, 0 uniq crashes found)...[0m
scheduled max input!!!!
schedule: 8 level29_3/ijon_max/8
updated maxmap 7: 8e (len: 160)
updated maxmap 5: 8f (len: 161)
updated maxmap 9: 84 (len: 160)
updated maxmap 9: 86 (len: 155)
updated maxmap 8: 88 (len: 156)
updated maxmap 3: 8f (len: 166)
updated maxmap 4: 83 (len: 153)
updated maxmap 9: 88 (len: 157)
updated maxmap 4: 84 (len: 153)
updated maxmap 10: 80 (len: 159)
updated maxmap 9: 94 (len: 169)
updated maxmap 10: 9b (len: 169)
updated maxmap 5: 90 (len: 162)
updated maxmap 4: 98 (len: 168)
updated maxmap 2: 96 (len: 166)
updated maxmap 8: 8a (len: 157)
updated maxmap 8: 8b (len: 158)
updated maxmap 3: 95 (len: 167)
updated maxmap 8: 8d (len: 159)
updated maxmap 8: 8f (len: 159)
updated maxmap 5: 9b (len: 167)
updated maxmap 6: 9a (len: 167)
updated maxmap 3: 98 (len: 165)
updated maxmap 7: 92 (len: 164)
updated maxmap 7: 93 (len: 162)
updated maxmap 8: 90 (len: 159)
updated maxmap 5: 9d (len: 173)
updated maxmap 6: a0 (len: 173)
updated maxmap 3: 9c (len: 167)
[1;94m[*] [0mFuzzing test case #28 (612 total, 0 uniq crashes found)...[0m
scheduled max input!!!!
schedule: 3 level29_3/ijon_max/3
updated maxmap 2: 9c (len: 167)
updated maxmap 2: a6 (len: 177)
updated maxmap 3: 9e (len: 169)
updated maxmap 2: a7 (len: 175)
updated maxmap 3: a9 (len: 177)
updated maxmap 2: a9 (len: 176)
updated maxmap 2: af (len: 182)
updated maxmap 2: b4 (len: 187)
updated maxmap 2: b7 (len: 188)
[1;94m[*] [0mFuzzing test case #29 (632 total, 0 uniq crashes found)...[0m
[1;94m[*] [0mFuzzing test case #30 (632 total, 0 uniq crashes found)...[0m
scheduled max input!!!!
schedule: 4 level29_3/ijon_max/4
updated maxmap 4: 9c (len: 171)
updated maxmap 4: 9f (len: 173)
[1;94m[*] [0mFuzzing test case #31 (632 total, 0 uniq crashes found)...[0m
scheduled max input!!!!
schedule: 1 level29_3/ijon_max/1
updated maxmap 0: c7 (len: 239)
updated maxmap 1: c4 (len: 239)
updated maxmap 1: c6 (len: 239)
updated maxmap 1: c8 (len: 241)
updated maxmap 1: cd (len: 248)
updated maxmap 1: d1 (len: 257)
updated maxmap 0: db (len: 273)
updated maxmap 1: da (len: 273)
[1;94m[*] [0mFuzzing test case #32 (700 total, 0 uniq crashes found)...[0m
scheduled max input!!!!
schedule: 10 level29_3/ijon_max/10
updated maxmap 6: ab (len: 177)
updated maxmap 7: 9b (len: 169)
updated maxmap 8: 95 (len: 169)
updated maxmap 7: 9e (len: 171)
updated maxmap 9: 9b (len: 169)
updated maxmap 10: 9c (len: 169)
updated maxmap 9: 9c (len: 169)
updated maxmap 8: 9b (len: 172)
updated maxmap 5: 9e (len: 169)
[1;94m[*] [0mFuzzing test case #33 (700 total, 0 uniq crashes found)...[0m
scheduled max input!!!!
schedule: 10 level29_3/ijon_max/10
updated maxmap 5: a5 (len: 175)
updated maxmap 7: a3 (len: 176)
updated maxmap 10: a0 (len: 172)
updated maxmap 3: ad (len: 185)
updated maxmap 10: a2 (len: 176)
updated maxmap 11: a2 (len: 176)
updated maxmap 4: a5 (len: 175)
updated maxmap 8: 9c (len: 169)
updated maxmap 9: 9e (len: 184)
updated maxmap 10: a3 (len: 184)
updated maxmap 3: b6 (len: 190)
updated maxmap 5: a7 (len: 185)
updated maxmap 8: 9d (len: 175)
updated maxmap 8: a2 (len: 176)
updated maxmap 5: a8 (len: 181)
[1;94m[*] [0mFuzzing test case #34 (710 total, 0 uniq crashes found)...[0m
[1;94m[*] [0mFuzzing test case #35 (710 total, 0 uniq crashes found)...[0m
scheduled max input!!!!
schedule: 7 level29_3/ijon_max/7
updated maxmap 8: a3 (len: 176)
updated maxmap 7: a4 (len: 176)
updated maxmap 7: a6 (len: 176)
updated maxmap 4: b0 (len: 182)
updated maxmap 9: a2 (len: 176)
updated maxmap 5: b2 (len: 182)
updated maxmap 4: b4 (len: 194)
updated maxmap 6: af (len: 182)
updated maxmap 7: ae (len: 183)
[1;94m[*] [0mFuzzing test case #36 (711 total, 0 uniq crashes found)...[0m
scheduled max input!!!!
schedule: 7 level29_3/ijon_max/7
updated maxmap 3: b7 (len: 190)
updated maxmap 7: b0 (len: 184)
updated maxmap 6: b5 (len: 187)
updated maxmap 4: b8 (len: 190)
updated maxmap 5: b7 (len: 190)
updated maxmap 4: c2 (len: 195)
updated maxmap 5: bb (len: 195)
updated maxmap 5: c4 (len: 196)
updated maxmap 2: bc (len: 191)
updated maxmap 7: b7 (len: 189)
updated maxmap 6: b9 (len: 191)
updated maxmap 1: e8 (len: 267)
updated maxmap 2: f7 (len: 267)
updated maxmap 3: be (len: 197)
updated maxmap 6: bf (len: 191)
updated maxmap 8: a5 (len: 185)
updated maxmap 9: a3 (len: 190)
updated maxmap 6: c3 (len: 197)
updated maxmap 3: c4 (len: 198)
updated maxmap 7: c4 (len: 202)
updated maxmap 3: c5 (len: 204)
updated maxmap 4: c8 (len: 204)
[1;94m[*] [0mFuzzing test case #37 (729 total, 0 uniq crashes found)...[0m
scheduled max input!!!!
schedule: 5 level29_3/ijon_max/5
updated maxmap 3: e3 (len: 240)
updated maxmap 6: c4 (len: 196)
updated maxmap 4: ca (len: 201)
updated maxmap 4: cb (len: 200)
updated maxmap 4: d0 (len: 204)
updated maxmap 5: cd (len: 204)
updated maxmap 0: de (len: 223)
updated maxmap 4: d1 (len: 210)
updated maxmap 1: e9 (len: 223)
updated maxmap 5: cf (len: 204)
updated maxmap 6: c6 (len: 204)
updated maxmap 6: cd (len: 203)
updated maxmap 4: dc (len: 212)
updated maxmap 5: da (len: 212)
updated maxmap 0: e1 (len: 228)
updated maxmap 6: ce (len: 202)
updated maxmap 4: dd (len: 221)
updated maxmap 1: fb (len: 244)
updated maxmap 0: 101 (len: 242)
updated maxmap 1: 107 (len: 242)
[1;94m[*] [0mFuzzing test case #38 (743 total, 0 uniq crashes found)...[0m
scheduled max input!!!!
schedule: 0 level29_3/ijon_max/0
updated maxmap 0: 105 (len: 247)
updated maxmap 1: 10e (len: 247)
updated maxmap 0: 107 (len: 242)
updated maxmap 0: 10b (len: 245)
updated maxmap 0: 111 (len: 249)
updated maxmap 2: f8 (len: 249)
updated maxmap 0: 11d (len: 252)
updated maxmap 1: 117 (len: 252)
updated maxmap 0: 13b (len: 286)
updated maxmap 1: 134 (len: 286)
updated maxmap 2: 101 (len: 262)
[1;94m[*] [0mFuzzing test case #39 (771 total, 0 uniq crashes found)...[0m
scheduled max input!!!!
schedule: 11 level29_3/ijon_max/11
updated maxmap 8: a9 (len: 185)
updated maxmap 11: a3 (len: 176)
updated maxmap 8: aa (len: 184)
updated maxmap 8: ac (len: 195)
[1;94m[*] [0mFuzzing test case #40 (789 total, 0 uniq crashes found)...[0m
scheduled max input!!!!
schedule: 2 level29_3/ijon_max/2
updated maxmap 2: 102 (len: 262)
updated maxmap 2: 113 (len: 274)
updated maxmap 0: 14c (len: 315)
updated maxmap 1: 14a (len: 315)
[1;94m[*] [0mFuzzing test case #41 (814 total, 0 uniq crashes found)...[0m
[1;94m[*] [0mFuzzing test case #42 (814 total, 0 uniq crashes found)...[0m
scheduled max input!!!!
schedule: 8 level29_3/ijon_max/8
updated maxmap 8: b3 (len: 200)
updated maxmap 8: b4 (len: 200)
[1;94m[*] [0mFuzzing test case #43 (814 total, 0 uniq crashes found)...[0m
scheduled max input!!!!
schedule: 8 level29_3/ijon_max/8
updated maxmap 8: b5 (len: 200)
updated maxmap 8: b6 (len: 200)
updated maxmap 8: bb (len: 206)
[1;94m[*] [0mFuzzing test case #44 (814 total, 0 uniq crashes found)...[0m
scheduled max input!!!!
schedule: 10 level29_3/ijon_max/10
[1;94m[*] [0mFuzzing test case #45 (814 total, 0 uniq crashes found)...[0m
scheduled max input!!!!
schedule: 6 level29_3/ijon_max/6
updated maxmap 6: d2 (len: 204)
updated maxmap 4: df (len: 212)
updated maxmap 6: d3 (len: 210)
updated maxmap 6: d9 (len: 209)
updated maxmap 7: c9 (len: 202)
updated maxmap 6: e1 (len: 214)
updated maxmap 5: dc (len: 212)
updated maxmap 4: e1 (len: 215)
updated maxmap 7: cf (len: 202)
updated maxmap 3: e7 (len: 226)
updated maxmap 3: f6 (len: 232)
updated maxmap 4: f9 (len: 232)
[1;94m[*] [0mFuzzing test case #46 (823 total, 0 uniq crashes found)...[0m
scheduled max input!!!!
schedule: 8 level29_3/ijon_max/8
updated maxmap 8: bf (len: 210)
updated maxmap 8: c3 (len: 212)
[1;94m[*] [0mFuzzing test case #47 (823 total, 0 uniq crashes found)...[0m
scheduled max input!!!!
schedule: 10 level29_3/ijon_max/10
[1;94m[*] [0mFuzzing test case #48 (824 total, 0 uniq crashes found)...[0m
scheduled max input!!!!
schedule: 5 level29_3/ijon_max/5
updated maxmap 5: dd (len: 212)
updated maxmap 5: de (len: 213)
[1;94m[*] [0mFuzzing test case #49 (824 total, 0 uniq crashes found)...[0m
scheduled max input!!!!
schedule: 3 level29_3/ijon_max/3
updated maxmap 3: f8 (len: 232)
updated maxmap 3: f9 (len: 232)
updated maxmap 3: fc (len: 236)
updated maxmap 4: ff (len: 236)
updated maxmap 3: 103 (len: 239)
updated maxmap 5: e3 (len: 238)
[1;94m[*] [0mFuzzing test case #50 (824 total, 0 uniq crashes found)...[0m
scheduled max input!!!!
schedule: 3 level29_3/ijon_max/3
updated maxmap 3: 107 (len: 251)
[1;94m[*] [0mFuzzing test case #51 (824 total, 0 uniq crashes found)...[0m
[1;94m[*] [0mFuzzing test case #52 (824 total, 0 uniq crashes found)...[0m
[1;94m[*] [0mFuzzing test case #53 (824 total, 0 uniq crashes found)...[0m
scheduled max input!!!!
schedule: 9 level29_3/ijon_max/9
[1;94m[*] [0mFuzzing test case #54 (824 total, 0 uniq crashes found)...[0m
scheduled max input!!!!
schedule: 5 level29_3/ijon_max/5
updated maxmap 3: 10c (len: 245)
updated maxmap 5: e5 (len: 238)
updated maxmap 5: e8 (len: 240)
updated maxmap 3: 111 (len: 245)
updated maxmap 4: 108 (len: 245)
updated maxmap 5: f8 (len: 245)
updated maxmap 6: e8 (len: 245)
updated maxmap 7: d9 (len: 245)
updated maxmap 8: c8 (len: 245)
updated maxmap 5: 10e (len: 243)
updated maxmap 6: ff (len: 243)
updated maxmap 7: ef (len: 243)
updated maxmap 8: e0 (len: 243)
updated maxmap 9: d0 (len: 243)
updated maxmap 4: 10f (len: 265)
updated maxmap 6: 106 (len: 238)
updated maxmap 7: fe (len: 238)
updated maxmap 8: ee (len: 238)
updated maxmap 9: df (len: 238)
updated maxmap 0: 172 (len: 324)
updated maxmap 1: 175 (len: 324)
updated maxmap 2: 15c (len: 324)
updated maxmap 5: 112 (len: 248)
updated maxmap 9: 108 (len: 241)
updated maxmap 10: fa (len: 241)
updated maxmap 7: 103 (len: 238)
updated maxmap 8: f4 (len: 238)
updated maxmap 8: f5 (len: 238)
updated maxmap 7: 10d (len: 245)
updated maxmap 8: 106 (len: 245)
updated maxmap 4: 114 (len: 249)
updated maxmap 6: 107 (len: 241)
updated maxmap 6: 108 (len: 241)
updated maxmap 6: 109 (len: 244)
updated maxmap 6: 112 (len: 248)
updated maxmap 7: 10f (len: 246)
updated maxmap 8: 10c (len: 246)
updated maxmap 6: 115 (len: 264)
updated maxmap 7: 111 (len: 254)
updated maxmap 8: 113 (len: 254)
updated maxmap 9: 109 (len: 254)
updated maxmap 10: fb (len: 254)
updated maxmap 3: 115 (len: 259)
updated maxmap 5: 11a (len: 259)
updated maxmap 4: 11a (len: 254)
[1;94m[*] [0mFuzzing test case #55 (839 total, 0 uniq crashes found)...[0m
scheduled max input!!!!
schedule: 10 level29_3/ijon_max/10
updated maxmap 3: 117 (len: 266)
updated maxmap 9: 110 (len: 254)
updated maxmap 10: 104 (len: 254)
updated maxmap 11: fb (len: 254)
updated maxmap 5: 11b (len: 254)
updated maxmap 6: 116 (len: 254)
updated maxmap 3: 120 (len: 259)
updated maxmap 8: 114 (len: 258)
updated maxmap 9: 113 (len: 258)
updated maxmap 10: 106 (len: 255)
updated maxmap 11: fd (len: 255)
updated maxmap 9: 125 (len: 261)
updated maxmap 10: 115 (len: 261)
updated maxmap 8: 11b (len: 254)
updated maxmap 4: 11b (len: 254)
updated maxmap 6: 124 (len: 260)
updated maxmap 7: 119 (len: 260)
updated maxmap 5: 127 (len: 262)
updated maxmap 3: 12d (len: 266)
updated maxmap 4: 12c (len: 266)
updated maxmap 4: 133 (len: 271)
updated maxmap 10: 11b (len: 257)
updated maxmap 11: 110 (len: 257)
updated maxmap 10: 11d (len: 258)
updated maxmap 11: 116 (len: 258)
updated maxmap 6: 125 (len: 262)
updated maxmap 6: 127 (len: 262)
updated maxmap 3: 12e (len: 266)
updated maxmap 10: 120 (len: 259)
updated maxmap 7: 11e (len: 259)
updated maxmap 5: 12e (len: 273)
updated maxmap 5: 13a (len: 285)
updated maxmap 7: 11f (len: 262)
updated maxmap 7: 124 (len: 265)
updated maxmap 11: 11a (len: 254)
updated maxmap 3: 149 (len: 301)
updated maxmap 11: 11b (len: 256)
updated maxmap 10: 121 (len: 258)
updated maxmap 6: 128 (len: 264)
updated maxmap 11: 120 (len: 258)
updated maxmap 10: 123 (len: 259)
updated maxmap 7: 128 (len: 272)
updated maxmap 8: 11d (len: 255)
updated maxmap 6: 132 (len: 283)
updated maxmap 8: 123 (len: 262)
updated maxmap 9: 126 (len: 262)
updated maxmap 4: 135 (len: 275)
updated maxmap 11: 126 (len: 261)
updated maxmap 6: 138 (len: 277)
updated maxmap 7: 129 (len: 267)
[1;94m[*] [0mFuzzing test case #56 (864 total, 0 uniq crashes found)...[0m
[1;94m[*] [0mFuzzing test case #57 (864 total, 0 uniq crashes found)...[0m
scheduled max input!!!!
schedule: 6 level29_3/ijon_max/6
updated maxmap 7: 138 (len: 277)
updated maxmap 4: 138 (len: 277)
updated maxmap 6: 139 (len: 277)
updated maxmap 4: 14d (len: 288)
updated maxmap 5: 142 (len: 284)
updated maxmap 6: 13a (len: 277)
updated maxmap 5: 147 (len: 286)
updated maxmap 6: 143 (len: 283)
updated maxmap 6: 145 (len: 284)
updated maxmap 3: 14a (len: 297)
[1;94m[*] [0mFuzzing test case #58 (864 total, 0 uniq crashes found)...[0m
scheduled max input!!!!
schedule: 1 level29_3/ijon_max/1
updated maxmap 0: 177 (len: 327)
updated maxmap 1: 179 (len: 327)
updated maxmap 2: 15e (len: 327)
updated maxmap 0: 17a (len: 328)
updated maxmap 2: 164 (len: 328)
updated maxmap 3: 152 (len: 324)
updated maxmap 1: 17b (len: 340)
updated maxmap 1: 18e (len: 361)
updated maxmap 0: 17c (len: 375)
updated maxmap 0: 190 (len: 377)
updated maxmap 2: 167 (len: 345)
updated maxmap 0: 19d (len: 384)
updated maxmap 1: 1a6 (len: 384)
[1;94m[*] [0mFuzzing test case #59 (906 total, 0 uniq crashes found)...[0m
[1;94m[*] [0mFuzzing test case #60 (906 total, 0 uniq crashes found)...[0m
scheduled max input!!!!
schedule: 1 level29_3/ijon_max/1
updated maxmap 0: 19e (len: 386)
updated maxmap 1: 1a7 (len: 386)
updated maxmap 0: 19f (len: 384)
updated maxmap 0: 1a0 (len: 384)
updated maxmap 0: 1a9 (len: 387)
updated maxmap 1: 1aa (len: 388)
updated maxmap 1: 1bc (len: 402)
updated maxmap 2: 19d (len: 394)
updated maxmap 0: 1ac (len: 399)
updated maxmap 0: 1b3 (len: 405)
updated maxmap 1: 1d2 (len: 441)
updated maxmap 2: 1ca (len: 441)
updated maxmap 1: 1fc (len: 419)
updated maxmap 0: 1cc (len: 386)
updated maxmap 0: 1db (len: 396)
updated maxmap 0: 1dc (len: 394)
updated maxmap 0: 1e6 (len: 412)
updated maxmap 0: 1e7 (len: 419)
updated maxmap 0: 1e9 (len: 410)
updated maxmap 0: 1fc (len: 425)
updated maxmap 1: 20b (len: 425)
updated maxmap 0: 215 (len: 453)
updated maxmap 1: 216 (len: 453)
updated maxmap 2: 1d9 (len: 421)
[1;94m[*] [0mFuzzing test case #61 (952 total, 0 uniq crashes found)...[0m
scheduled max input!!!!
schedule: 6 level29_3/ijon_max/6
updated maxmap 6: 146 (len: 286)
updated maxmap 5: 148 (len: 287)
updated maxmap 3: 153 (len: 318)
updated maxmap 4: 15d (len: 318)
updated maxmap 5: 166 (len: 318)
updated maxmap 6: 169 (len: 318)
[1;94m[*] [0mFuzzing test case #62 (952 total, 0 uniq crashes found)...[0m
scheduled max input!!!!
schedule: 1 level29_3/ijon_max/1
updated maxmap 0: 219 (len: 456)
updated maxmap 0: 24a (len: 500)
updated maxmap 1: 253 (len: 500)
updated maxmap 2: 20d (len: 463)
updated maxmap 1: 25d (len: 523)
updated maxmap 2: 21e (len: 485)
updated maxmap 0: 251 (len: 523)
[1;94m[*] [0mFuzzing test case #63 (966 total, 0 uniq crashes found)...[0m
scheduled max input!!!!
schedule: 10 level29_3/ijon_max/10
updated maxmap 9: 128 (len: 275)
[1;94m[*] [0mFuzzing test case #64 (966 total, 0 uniq crashes found)...[0m
scheduled max input!!!!
schedule: 9 level29_3/ijon_max/9
updated maxmap 9: 129 (len: 275)
updated maxmap 8: 124 (len: 275)
updated maxmap 10: 130 (len: 280)
updated maxmap 8: 130 (len: 280)
updated maxmap 9: 12f (len: 280)
updated maxmap 10: 132 (len: 284)
updated maxmap 11: 129 (len: 284)
updated maxmap 8: 133 (len: 282)
updated maxmap 8: 134 (len: 283)
[1;94m[*] [0mFuzzing test case #65 (977 total, 0 uniq crashes found)...[0m
scheduled max input!!!!
schedule: 0 level29_3/ijon_max/0
updated maxmap 0: 259 (len: 531)
updated maxmap 1: 26a (len: 546)
updated maxmap 0: 263 (len: 537)
updated maxmap 0: 278 (len: 556)
updated maxmap 1: 26f (len: 556)
updated maxmap 1: 27b (len: 574)
updated maxmap 2: 225 (len: 546)
updated maxmap 0: 28b (len: 597)
updated maxmap 1: 289 (len: 597)
updated maxmap 2: 256 (len: 573)
updated maxmap 3: 1c7 (len: 527)
[1;94m[*] [0mFuzzing test case #66 (1000 total, 0 uniq crashes found)...[0m
[1;94m[*] [0mFuzzing test case #67 (1000 total, 0 uniq crashes found)...[0m
scheduled max input!!!!
schedule: 8 level29_3/ijon_max/8
updated maxmap 9: 130 (len: 283)
updated maxmap 9: 134 (len: 283)
updated maxmap 9: 136 (len: 283)
updated maxmap 9: 140 (len: 291)
updated maxmap 10: 13b (len: 291)
updated maxmap 8: 137 (len: 285)
updated maxmap 11: 12c (len: 289)
updated maxmap 4: 161 (len: 336)
updated maxmap 7: 139 (len: 300)
updated maxmap 10: 13f (len: 295)
updated maxmap 8: 139 (len: 287)
updated maxmap 8: 14f (len: 305)
updated maxmap 9: 143 (len: 305)
updated maxmap 11: 130 (len: 302)
[1;94m[*] [0mFuzzing test case #68 (1007 total, 0 uniq crashes found)...[0m
scheduled max input!!!!
schedule: 10 level29_3/ijon_max/10
updated maxmap 9: 144 (len: 299)
updated maxmap 10: 140 (len: 295)
updated maxmap 10: 144 (len: 300)
updated maxmap 11: 13d (len: 300)
[1;94m[*] [0mFuzzing test case #69 (1007 total, 0 uniq crashes found)...[0m
scheduled max input!!!!
schedule: 11 level29_3/ijon_max/11
updated maxmap 10: 145 (len: 300)
updated maxmap 11: 13e (len: 300)
updated maxmap 9: 148 (len: 300)
[1;94m[*] [0mFuzzing test case #70 (1007 total, 0 uniq crashes found)...[0m
scheduled max input!!!!
schedule: 11 level29_3/ijon_max/11
updated maxmap 10: 14a (len: 304)
updated maxmap 11: 144 (len: 304)
updated maxmap 8: 157 (len: 319)
updated maxmap 9: 14c (len: 319)
updated maxmap 11: 147 (len: 302)
updated maxmap 11: 149 (len: 300)
updated maxmap 10: 14c (len: 302)
updated maxmap 11: 14c (len: 303)
updated maxmap 9: 14d (len: 304)
updated maxmap 10: 14d (len: 303)
updated maxmap 10: 14e (len: 304)
updated maxmap 11: 151 (len: 307)
updated maxmap 9: 151 (len: 308)
updated maxmap 10: 14f (len: 304)
updated maxmap 10: 155 (len: 307)
updated maxmap 9: 155 (len: 308)
updated maxmap 11: 153 (len: 307)
[1;94m[*] [0mFuzzing test case #71 (1021 total, 0 uniq crashes found)...[0m
scheduled max input!!!!
schedule: 4 level29_3/ijon_max/4
updated maxmap 4: 169 (len: 345)
updated maxmap 7: 13b (len: 345)
updated maxmap 7: 140 (len: 341)
updated maxmap 7: 144 (len: 336)
updated maxmap 4: 16a (len: 354)
[1;94m[*] [0mFuzzing test case #72 (1021 total, 0 uniq crashes found)...[0m
scheduled max input!!!!
schedule: 3 level29_3/ijon_max/3
updated maxmap 3: 1c9 (len: 527)
updated maxmap 3: 1ca (len: 527)
updated maxmap 3: 1cd (len: 527)
updated maxmap 3: 1ce (len: 532)
minimized maxmap 3: 1ce (len: 527)
updated maxmap 3: 1dd (len: 538)
minimized maxmap 3: 1dd (len: 529)
updated maxmap 3: 1e7 (len: 534)
updated maxmap 3: 1fa (len: 540)
minimized maxmap 3: 1fa (len: 527)
updated maxmap 3: 204 (len: 536)
minimized maxmap 3: 204 (len: 527)
updated maxmap 3: 207 (len: 533)
minimized maxmap 3: 207 (len: 527)
updated maxmap 3: 20a (len: 529)
updated maxmap 3: 20b (len: 527)
updated maxmap 3: 218 (len: 537)
updated maxmap 3: 21b (len: 530)
updated maxmap 3: 21e (len: 532)
updated maxmap 3: 225 (len: 535)
updated maxmap 3: 232 (len: 544)
[1;94m[*] [0mFuzzing test case #73 (1028 total, 0 uniq crashes found)...[0m
scheduled max input!!!!
schedule: 3 level29_3/ijon_max/3
updated maxmap 3: 233 (len: 544)
updated maxmap 3: 234 (len: 544)
updated maxmap 3: 248 (len: 564)
[1;94m[*] [0mFuzzing test case #74 (1028 total, 0 uniq crashes found)...[0m
scheduled max input!!!!
schedule: 10 level29_3/ijon_max/10
updated maxmap 10: 156 (len: 309)
updated maxmap 10: 15b (len: 313)
[1;94m[*] [0mFuzzing test case #75 (1028 total, 0 uniq crashes found)...[0m
scheduled max input!!!!
schedule: 4 level29_3/ijon_max/4
updated maxmap 4: 16c (len: 354)
updated maxmap 4: 172 (len: 361)
updated maxmap 5: 16e (len: 357)
updated maxmap 4: 175 (len: 366)
updated maxmap 6: 16d (len: 361)
updated maxmap 5: 174 (len: 365)
updated maxmap 6: 16f (len: 365)
[1;94m[*] [0mFuzzing test case #76 (1028 total, 0 uniq crashes found)...[0m
scheduled max input!!!!
schedule: 3 level29_3/ijon_max/3
updated maxmap 3: 256 (len: 579)
[1;94m[*] [0mFuzzing test case #77 (1028 total, 0 uniq crashes found)...[0m
scheduled max input!!!!
schedule: 2 level29_3/ijon_max/2
updated maxmap 2: 262 (len: 594)
minimized maxmap 2: 262 (len: 583)
[1;94m[*] [0mFuzzing test case #78 (1029 total, 0 uniq crashes found)...[0m
scheduled max input!!!!
schedule: 9 level29_3/ijon_max/9
updated maxmap 8: 15a (len: 312)
updated maxmap 9: 156 (len: 308)
updated maxmap 9: 157 (len: 309)
[1;94m[*] [0mFuzzing test case #79 (1029 total, 0 uniq crashes found)...[0m
[1;94m[*] [0mFuzzing test case #80 (1029 total, 0 uniq crashes found)...[0m
[1;94m[*] [0mFuzzing test case #81 (1029 total, 0 uniq crashes found)...[0m
[1;94m[*] [0mFuzzing test case #82 (1029 total, 0 uniq crashes found)...[0m
[1;94m[*] [0mFuzzing test case #83 (1029 total, 0 uniq crashes found)...[0m
scheduled max input!!!!
schedule: 2 level29_3/ijon_max/2
updated maxmap 2: 268 (len: 587)
updated maxmap 0: 28d (len: 624)
updated maxmap 1: 28c (len: 616)
updated maxmap 1: 28d (len: 613)
updated maxmap 2: 291 (len: 613)
updated maxmap 1: 2a2 (len: 636)
updated maxmap 0: 294 (len: 622)
updated maxmap 0: 29e (len: 634)
updated maxmap 1: 2ac (len: 634)
updated maxmap 0: 2a0 (len: 647)
[1;94m[*] [0mFuzzing test case #84 (1043 total, 0 uniq crashes found)...[0m
[1;94m[*] [0mFuzzing test case #85 (1043 total, 0 uniq crashes found)...[0m
scheduled max input!!!!
schedule: 11 level29_3/ijon_max/11
updated maxmap 11: 156 (len: 309)
updated maxmap 8: 15f (len: 315)
[1;94m[*] [0mFuzzing test case #86 (1043 total, 0 uniq crashes found)...[0m
scheduled max input!!!!
schedule: 5 level29_3/ijon_max/5
updated maxmap 5: 179 (len: 365)
updated maxmap 6: 173 (len: 365)
updated maxmap 4: 176 (len: 365)
updated maxmap 4: 17b (len: 365)
updated maxmap 5: 17a (len: 365)
updated maxmap 6: 174 (len: 365)
updated maxmap 6: 176 (len: 371)
updated maxmap 6: 183 (len: 372)
updated maxmap 5: 17e (len: 375)
[1;94m[*] [0mFuzzing test case #87 (1043 total, 0 uniq crashes found)...[0m
scheduled max input!!!!
schedule: 7 level29_3/ijon_max/7
updated maxmap 7: 149 (len: 339)
updated maxmap 7: 14b (len: 336)
updated maxmap 7: 157 (len: 348)
updated maxmap 7: 162 (len: 344)
updated maxmap 7: 163 (len: 336)
updated maxmap 7: 16d (len: 344)
updated maxmap 8: 170 (len: 344)
[1;94m[*] [0mFuzzing test case #88 (1043 total, 0 uniq crashes found)...[0m
[1;94m[*] [0mFuzzing test case #89 (1043 total, 0 uniq crashes found)...[0m
scheduled max input!!!!
schedule: 8 level29_3/ijon_max/8
updated maxmap 7: 16e (len: 344)
updated maxmap 8: 171 (len: 344)
updated maxmap 9: 179 (len: 354)
updated maxmap 7: 16f (len: 344)
updated maxmap 8: 172 (len: 344)
updated maxmap 7: 170 (len: 348)
updated maxmap 8: 179 (len: 348)
updated maxmap 7: 174 (len: 356)
updated maxmap 7: 175 (len: 349)
updated maxmap 8: 17a (len: 349)
[1;94m[*] [0mFuzzing test case #90 (1043 total, 0 uniq crashes found)...[0m
scheduled max input!!!!
schedule: 4 level29_3/ijon_max/4
updated maxmap 4: 186 (len: 371)
updated maxmap 4: 194 (len: 393)
updated maxmap 5: 190 (len: 393)
[1;94m[*] [0mFuzzing test case #91 (1043 total, 0 uniq crashes found)...[0m
scheduled max input!!!!
schedule: 2 level29_3/ijon_max/2
updated maxmap 0: 2a7 (len: 638)
updated maxmap 2: 2b6 (len: 652)
updated maxmap 0: 2bf (len: 656)
updated maxmap 1: 2bc (len: 656)
updated maxmap 1: 2c2 (len: 679)
updated maxmap 0: 2ca (len: 679)
updated maxmap 1: 2ca (len: 679)
updated maxmap 3: 259 (len: 613)
updated maxmap 3: 261 (len: 624)
[1;94m[*] [0mFuzzing test case #92 (1055 total, 0 uniq crashes found)...[0m
scheduled max input!!!!
schedule: 4 level29_3/ijon_max/4
updated maxmap 4: 195 (len: 400)
updated maxmap 4: 196 (len: 401)
updated maxmap 4: 19f (len: 415)
[1;94m[*] [0mFuzzing test case #93 (1055 total, 0 uniq crashes found)...[0m
scheduled max input!!!!
schedule: 3 level29_3/ijon_max/3
updated maxmap 3: 262 (len: 624)
updated maxmap 3: 277 (len: 645)
updated maxmap 3: 27b (len: 624)
updated maxmap 3: 27d (len: 626)
minimized maxmap 3: 27d (len: 624)
updated maxmap 3: 289 (len: 629)
minimized maxmap 3: 289 (len: 624)
updated maxmap 3: 28a (len: 624)
updated maxmap 3: 28d (len: 627)
updated maxmap 3: 28e (len: 625)
minimized maxmap 3: 28e (len: 624)
updated maxmap 3: 28f (len: 627)
updated maxmap 3: 29d (len: 638)
[1;94m[*] [0mFuzzing test case #94 (1055 total, 0 uniq crashes found)...[0m
scheduled max input!!!!
schedule: 4 level29_3/ijon_max/4
updated maxmap 4: 1a3 (len: 418)
updated maxmap 4: 1a6 (len: 421)
updated maxmap 4: 1a8 (len: 422)
updated maxmap 4: 1a9 (len: 422)
[1;94m[*] [0mFuzzing test case #95 (1062 total, 0 uniq crashes found)...[0m
scheduled max input!!!!
schedule: 11 level29_3/ijon_max/11
[1;94m[*] [0mFuzzing test case #96 (1062 total, 0 uniq crashes found)...[0m
scheduled max input!!!!
schedule: 9 level29_3/ijon_max/9
updated maxmap 7: 176 (len: 361)
updated maxmap 8: 17d (len: 361)
updated maxmap 9: 185 (len: 361)
updated maxmap 7: 182 (len: 361)
updated maxmap 8: 185 (len: 361)
updated maxmap 8: 186 (len: 361)
updated maxmap 9: 18e (len: 386)
updated maxmap 10: 18f (len: 386)
[1;94m[*] [0mFuzzing test case #97 (1062 total, 0 uniq crashes found)...[0m
scheduled max input!!!!
schedule: 9 level29_3/ijon_max/9
updated maxmap 7: 186 (len: 390)
updated maxmap 8: 18d (len: 390)
updated maxmap 9: 193 (len: 390)
updated maxmap 10: 196 (len: 390)
updated maxmap 8: 18e (len: 386)
updated maxmap 6: 185 (len: 393)
updated maxmap 7: 18c (len: 393)
updated maxmap 8: 194 (len: 393)
updated maxmap 9: 197 (len: 393)
updated maxmap 6: 190 (len: 386)
updated maxmap 7: 18d (len: 386)
updated maxmap 6: 195 (len: 394)
updated maxmap 7: 19d (len: 394)
updated maxmap 5: 198 (len: 398)
updated maxmap 6: 196 (len: 393)
[1;94m[*] [0mFuzzing test case #98 (1062 total, 0 uniq crashes found)...[0m
[1;94m[*] [0mFuzzing test case #99 (1062 total, 0 uniq crashes found)...[0m
scheduled max input!!!!
schedule: 6 level29_3/ijon_max/6
updated maxmap 6: 19b (len: 406)
[1;94m[*] [0mFuzzing test case #100 (1062 total, 0 uniq crashes found)...[0m
[1;94m[*] [0mFuzzing test case #101 (1062 total, 0 uniq crashes found)...[0m
scheduled max input!!!!
schedule: 1 level29_3/ijon_max/1
updated maxmap 1: 2cd (len: 680)
updated maxmap 1: 2df (len: 695)
updated maxmap 0: 2d3 (len: 705)
updated maxmap 1: 2e7 (len: 705)
updated maxmap 0: 302 (len: 723)
updated maxmap 1: 2ef (len: 723)
updated maxmap 1: 2f3 (len: 746)
[1;94m[*] [0mFuzzing test case #102 (1080 total, 0 uniq crashes found)...[0m
scheduled max input!!!!
schedule: 3 level29_3/ijon_max/3
updated maxmap 3: 2a3 (len: 643)
updated maxmap 2: 2c2 (len: 662)
[1;94m[*] [0mFuzzing test case #103 (1080 total, 0 uniq crashes found)...[0m
[1;94m[*] [0mFuzzing test case #104 (1080 total, 0 uniq crashes found)...[0m
scheduled max input!!!!
schedule: 0 level29_3/ijon_max/0
updated maxmap 1: 302 (len: 723)
updated maxmap 0: 303 (len: 723)
updated maxmap 0: 30b (len: 730)
updated maxmap 1: 330 (len: 776)
updated maxmap 0: 30d (len: 750)
updated maxmap 2: 2cb (len: 746)
updated maxmap 0: 30e (len: 747)
updated maxmap 0: 318 (len: 752)
updated maxmap 2: 307 (len: 754)
updated maxmap 0: 320 (len: 778)
updated maxmap 0: 33d (len: 813)
updated maxmap 1: 351 (len: 813)
[1;94m[*] [0mFuzzing test case #105 (1092 total, 0 uniq crashes found)...[0m
scheduled max input!!!!
schedule: 6 level29_3/ijon_max/6
updated maxmap 5: 1ab (len: 419)
updated maxmap 6: 1b4 (len: 419)
updated maxmap 4: 1b7 (len: 426)
updated maxmap 5: 1be (len: 426)
updated maxmap 4: 1ba (len: 427)
[1;94m[*] [0mFuzzing test case #106 (1092 total, 0 uniq crashes found)...[0m
scheduled max input!!!!
schedule: 0 level29_3/ijon_max/0
updated maxmap 0: 34d (len: 819)
updated maxmap 1: 358 (len: 819)
minimized maxmap 0: 34d (len: 813)
updated maxmap 0: 352 (len: 818)
updated maxmap 0: 359 (len: 820)
updated maxmap 1: 359 (len: 820)
updated maxmap 1: 364 (len: 826)
updated maxmap 0: 37b (len: 843)
updated maxmap 1: 375 (len: 843)
updated maxmap 2: 338 (len: 846)
updated maxmap 1: 380 (len: 848)
updated maxmap 1: 386 (len: 852)
updated maxmap 0: 381 (len: 854)
updated maxmap 1: 390 (len: 873)
updated maxmap 0: 387 (len: 866)
[1;94m[*] [0mFuzzing test case #107 (1117 total, 0 uniq crashes found)...[0m
scheduled max input!!!!
schedule: 1 level29_3/ijon_max/1
updated maxmap 0: 3ae (len: 913)
updated maxmap 1: 3bd (len: 913)
updated maxmap 0: 3b4 (len: 913)
updated maxmap 2: 3b6 (len: 921)
updated maxmap 0: 3cc (len: 933)
updated maxmap 1: 3c0 (len: 916)
updated maxmap 1: 3c9 (len: 939)
updated maxmap 3: 2c2 (len: 917)
[1;94m[*] [0mFuzzing test case #108 (1126 total, 0 uniq crashes found)...[0m
scheduled max input!!!!
schedule: 0 level29_3/ijon_max/0
updated maxmap 1: 3e2 (len: 958)
updated maxmap 0: 3d1 (len: 939)
updated maxmap 1: 3e8 (len: 969)
updated maxmap 0: 3f2 (len: 965)
updated maxmap 1: 3ed (len: 983)
updated maxmap 0: 402 (len: 984)
updated maxmap 1: 3fc (len: 984)
updated maxmap 1: 3ff (len: 1010)
updated maxmap 1: 404 (len: 997)
updated maxmap 1: 407 (len: 1002)
updated maxmap 0: 408 (len: 989)
updated maxmap 3: 399 (len: 945)
[1;94m[*] [0mFuzzing test case #109 (1135 total, 0 uniq crashes found)...[0m
scheduled max input!!!!
schedule: 4 level29_3/ijon_max/4
updated maxmap 4: 1bb (len: 427)
updated maxmap 4: 1bc (len: 434)
updated maxmap 4: 1de (len: 464)
[1;94m[*] [0mFuzzing test case #110 (1137 total, 0 uniq crashes found)...[0m
scheduled max input!!!!
schedule: 2 level29_3/ijon_max/2
updated maxmap 2: 3d1 (len: 948)
[1;94m[*] [0mFuzzing test case #111 (1137 total, 0 uniq crashes found)...[0m
scheduled max input!!!!
schedule: 5 level29_3/ijon_max/5
updated maxmap 5: 1c3 (len: 432)
updated maxmap 5: 1c4 (len: 438)
updated maxmap 6: 1c6 (len: 438)
[1;94m[*] [0mFuzzing test case #112 (1139 total, 0 uniq crashes found)...[0m
scheduled max input!!!!
schedule: 1 level29_3/ijon_max/1
updated maxmap 1: 40d (len: 1006)
updated maxmap 1: 41d (len: 1015)
updated maxmap 0: 413 (len: 1020)
minimized maxmap 0: 413 (len: 1007)
updated maxmap 0: 417 (len: 1024)
updated maxmap 1: 437 (len: 1024)
updated maxmap 0: 419 (len: 1010)
updated maxmap 0: 441 (len: 1046)
updated maxmap 1: 443 (len: 1046)
updated maxmap 2: 417 (len: 1023)
updated maxmap 2: 41e (len: 1031)
updated maxmap 1: 446 (len: 1072)
[1;94m[*] [0mFuzzing test case #113 (1171 total, 0 uniq crashes found)...[0m
scheduled max input!!!!
schedule: 10 level29_3/ijon_max/10
updated maxmap 7: 1a8 (len: 406)
updated maxmap 10: 199 (len: 394)
updated maxmap 8: 195 (len: 390)
updated maxmap 8: 196 (len: 393)
updated maxmap 9: 199 (len: 393)
updated maxmap 8: 198 (len: 390)
[1;94m[*] [0mFuzzing test case #114 (1171 total, 0 uniq crashes found)...[0m
scheduled max input!!!!
schedule: 10 level29_3/ijon_max/10
updated maxmap 9: 19b (len: 397)
updated maxmap 8: 19a (len: 394)
updated maxmap 10: 19a (len: 394)
updated maxmap 10: 19b (len: 394)
updated maxmap 10: 19c (len: 394)
updated maxmap 7: 1ab (len: 408)
updated maxmap 8: 19c (len: 394)
updated maxmap 9: 19c (len: 394)
updated maxmap 10: 19d (len: 397)
updated maxmap 9: 19d (len: 394)
[1;94m[*] [0mFuzzing test case #115 (1171 total, 0 uniq crashes found)...[0m
scheduled max input!!!!
schedule: 2 level29_3/ijon_max/2
updated maxmap 2: 41f (len: 1031)
updated maxmap 2: 420 (len: 1032)
updated maxmap 2: 434 (len: 1050)
updated maxmap 0: 452 (len: 1077)
updated maxmap 1: 451 (len: 1077)
updated maxmap 2: 43d (len: 1066)
updated maxmap 3: 429 (len: 1066)
updated maxmap 1: 452 (len: 1085)
updated maxmap 2: 44e (len: 1099)
updated maxmap 3: 446 (len: 1099)
updated maxmap 4: 43b (len: 1099)
[1;94m[*] [0mFuzzing test case #116 (1182 total, 0 uniq crashes found)...[0m
[1;94m[*] [0mFuzzing test case #117 (1182 total, 0 uniq crashes found)...[0m
scheduled max input!!!!
schedule: 11 level29_3/ijon_max/11
updated maxmap 11: 157 (len: 311)
updated maxmap 11: 162 (len: 317)
[1;94m[*] [0mFuzzing test case #118 (1185 total, 0 uniq crashes found)...[0m
scheduled max input!!!!
schedule: 3 level29_3/ijon_max/3
updated maxmap 2: 450 (len: 1107)
updated maxmap 3: 447 (len: 1107)
updated maxmap 4: 43f (len: 1107)
minimized maxmap 3: 447 (len: 1099)
minimized maxmap 4: 43f (len: 1099)
updated maxmap 2: 45b (len: 1116)
updated maxmap 3: 459 (len: 1116)
updated maxmap 4: 450 (len: 1116)
updated maxmap 1: 45f (len: 1119)
minimized maxmap 4: 450 (len: 1099)
updated maxmap 4: 456 (len: 1110)
updated maxmap 5: 456 (len: 1108)
updated maxmap 1: 473 (len: 1136)
updated maxmap 2: 467 (len: 1136)
updated maxmap 0: 453 (len: 1120)
updated maxmap 3: 463 (len: 1120)
updated maxmap 4: 464 (len: 1120)
updated maxmap 0: 459 (len: 1111)
updated maxmap 0: 45a (len: 1108)
updated maxmap 0: 462 (len: 1119)
updated maxmap 0: 465 (len: 1140)
updated maxmap 0: 472 (len: 1143)
updated maxmap 1: 481 (len: 1143)
updated maxmap 0: 473 (len: 1132)
updated maxmap 1: 483 (len: 1164)
updated maxmap 0: 474 (len: 1152)
updated maxmap 0: 47b (len: 1149)
updated maxmap 1: 493 (len: 1149)
updated maxmap 0: 481 (len: 1159)
updated maxmap 0: 483 (len: 1169)
updated maxmap 2: 46a (len: 1166)
updated maxmap 0: 48c (len: 1173)
updated maxmap 1: 498 (len: 1173)
[1;94m[*] [0mFuzzing test case #119 (1215 total, 0 uniq crashes found)...[0m
scheduled max input!!!!
schedule: 10 level29_3/ijon_max/10
updated maxmap 10: 19f (len: 399)
updated maxmap 9: 1a1 (len: 397)
updated maxmap 10: 1a4 (len: 397)
updated maxmap 8: 1a4 (len: 397)
updated maxmap 9: 1a2 (len: 397)
updated maxmap 10: 1a5 (len: 397)
updated maxmap 9: 1a3 (len: 398)
updated maxmap 10: 1a6 (len: 398)
updated maxmap 9: 1a4 (len: 402)
updated maxmap 9: 1a7 (len: 400)
updated maxmap 10: 1a9 (len: 400)
updated maxmap 7: 1ae (len: 408)
updated maxmap 8: 1b5 (len: 408)
updated maxmap 7: 1b8 (len: 411)
updated maxmap 8: 1ba (len: 411)
[1;94m[*] [0mFuzzing test case #120 (1215 total, 0 uniq crashes found)...[0m
scheduled max input!!!!
schedule: 8 level29_3/ijon_max/8
updated maxmap 7: 1ba (len: 411)
updated maxmap 8: 1bf (len: 414)
updated maxmap 7: 1c1 (len: 419)
updated maxmap 8: 1c3 (len: 419)
updated maxmap 6: 1cd (len: 433)
updated maxmap 7: 1d0 (len: 433)
updated maxmap 6: 1d7 (len: 435)
updated maxmap 7: 1da (len: 435)
updated maxmap 8: 1c6 (len: 422)
updated maxmap 6: 1df (len: 446)
updated maxmap 7: 1e0 (len: 441)
[1;94m[*] [0mFuzzing test case #121 (1223 total, 0 uniq crashes found)...[0m
scheduled max input!!!!
schedule: 9 level29_3/ijon_max/9
updated maxmap 9: 1a9 (len: 400)
updated maxmap 10: 1ab (len: 400)
updated maxmap 9: 1aa (len: 400)
updated maxmap 9: 1ab (len: 400)
updated maxmap 9: 1b0 (len: 404)
[1;94m[*] [0mFuzzing test case #122 (1223 total, 0 uniq crashes found)...[0m
scheduled max input!!!!
schedule: 6 level29_3/ijon_max/6
updated maxmap 6: 1e0 (len: 446)
updated maxmap 6: 1e1 (len: 446)
updated maxmap 6: 1f5 (len: 460)
[1;94m[*] [0mFuzzing test case #123 (1223 total, 0 uniq crashes found)...[0m
scheduled max input!!!!
schedule: 4 level29_3/ijon_max/4
updated maxmap 4: 465 (len: 1120)
updated maxmap 3: 467 (len: 1133)
updated maxmap 4: 46a (len: 1133)
updated maxmap 2: 46e (len: 1152)
updated maxmap 0: 499 (len: 1167)
updated maxmap 1: 49c (len: 1167)
updated maxmap 2: 470 (len: 1140)
updated maxmap 3: 469 (len: 1132)
[1;94m[*] [0mFuzzing test case #124 (1224 total, 0 uniq crashes found)...[0m
scheduled max input!!!!
schedule: 7 level29_3/ijon_max/7
updated maxmap 7: 1f6 (len: 462)
[1;94m[*] [0mFuzzing test case #125 (1224 total, 0 uniq crashes found)...[0m
scheduled max input!!!!
schedule: 7 level29_3/ijon_max/7
updated maxmap 6: 1f6 (len: 462)
updated maxmap 7: 1f9 (len: 462)
updated maxmap 6: 1fe (len: 470)
updated maxmap 7: 201 (len: 470)
updated maxmap 6: 1ff (len: 468)
updated maxmap 6: 201 (len: 471)
updated maxmap 6: 20c (len: 477)
[1;94m[*] [0mFuzzing test case #126 (1225 total, 0 uniq crashes found)...[0m
[1;94m[*] [0mFuzzing test case #127 (1225 total, 0 uniq crashes found)...[0m
scheduled max input!!!!
schedule: 3 level29_3/ijon_max/3
updated maxmap 3: 46b (len: 1132)
updated maxmap 2: 472 (len: 1140)
updated maxmap 3: 470 (len: 1140)
updated maxmap 2: 476 (len: 1144)
updated maxmap 0: 49f (len: 1213)
updated maxmap 1: 4a5 (len: 1197)
updated maxmap 2: 477 (len: 1150)
updated maxmap 2: 484 (len: 1164)
updated maxmap 2: 491 (len: 1168)
updated maxmap 0: 4a5 (len: 1206)
updated maxmap 1: 4ba (len: 1206)
updated maxmap 2: 4a0 (len: 1170)
updated maxmap 0: 4a7 (len: 1190)
updated maxmap 0: 4af (len: 1200)
updated maxmap 3: 476 (len: 1146)
[1;94m[*] [0mFuzzing test case #128 (1237 total, 0 uniq crashes found)...[0m
scheduled max input!!!!
schedule: 5 level29_3/ijon_max/5
updated maxmap 5: 45d (len: 1121)
[1;94m[*] [0mFuzzing test case #129 (1237 total, 0 uniq crashes found)...[0m
scheduled max input!!!!
schedule: 2 level29_3/ijon_max/2
updated maxmap 2: 4ab (len: 1177)
updated maxmap 0: 4b4 (len: 1188)
updated maxmap 1: 4bd (len: 1190)
updated maxmap 0: 4b6 (len: 1191)
updated maxmap 0: 4bd (len: 1202)
updated maxmap 1: 4cd (len: 1202)
updated maxmap 0: 4c5 (len: 1205)
updated maxmap 1: 4cf (len: 1205)
updated maxmap 0: 4ce (len: 1232)
minimized maxmap 0: 4ce (len: 1231)
minimized maxmap 0: 4ce (len: 1218)
updated maxmap 0: 4cf (len: 1214)
minimized maxmap 1: 4cf (len: 1203)
updated maxmap 2: 4b7 (len: 1195)
updated maxmap 2: 4ce (len: 1225)
[1;94m[*] [0mFuzzing test case #130 (1250 total, 0 uniq crashes found)...[0m
scheduled max input!!!!
schedule: 11 level29_3/ijon_max/11
[1;94m[*] [0mFuzzing test case #131 (1250 total, 0 uniq crashes found)...[0m
scheduled max input!!!!
schedule: 9 level29_3/ijon_max/9
updated maxmap 9: 1b1 (len: 409)
updated maxmap 10: 1b3 (len: 409)
updated maxmap 9: 1b5 (len: 416)
[1;94m[*] [0mFuzzing test case #132 (1250 total, 0 uniq crashes found)...[0m
scheduled max input!!!!
schedule: 8 level29_3/ijon_max/8
updated maxmap 8: 1c9 (len: 424)
updated maxmap 8: 1cc (len: 426)
[1;94m[*] [0mFuzzing test case #133 (1252 total, 0 uniq crashes found)...[0m
scheduled max input!!!!
schedule: 10 level29_3/ijon_max/10
updated maxmap 10: 1b5 (len: 409)
updated maxmap 9: 1b7 (len: 413)
updated maxmap 10: 1b9 (len: 413)
updated maxmap 9: 1b8 (len: 413)
[1;94m[*] [0mFuzzing test case #134 (1252 total, 0 uniq crashes found)...[0m
scheduled max input!!!!
schedule: 6 level29_3/ijon_max/6
updated maxmap 6: 211 (len: 484)
[1;94m[*] [0mFuzzing test case #135 (1252 total, 0 uniq crashes found)...[0m
[1;94m[*] [0mFuzzing test case #136 (1252 total, 0 uniq crashes found)...[0m
scheduled max input!!!!
schedule: 0 level29_3/ijon_max/0
[1;94m[*] [0mFuzzing test case #137 (1259 total, 0 uniq crashes found)...[0m
scheduled max input!!!!
schedule: 9 level29_3/ijon_max/9
updated maxmap 9: 1ba (len: 413)
updated maxmap 9: 1bb (len: 413)
updated maxmap 9: 1c1 (len: 417)
[1;94m[*] [0mFuzzing test case #138 (1259 total, 0 uniq crashes found)...[0m
scheduled max input!!!!
schedule: 8 level29_3/ijon_max/8
updated maxmap 8: 1cd (len: 426)
updated maxmap 8: 1d1 (len: 429)
[1;94m[*] [0mFuzzing test case #139 (1259 total, 0 uniq crashes found)...[0m
scheduled max input!!!!
schedule: 10 level29_3/ijon_max/10
updated maxmap 10: 1be (len: 416)
updated maxmap 9: 1c7 (len: 421)
[1;94m[*] [0mFuzzing test case #140 (1259 total, 0 uniq crashes found)...[0m
scheduled max input!!!!
schedule: 11 level29_3/ijon_max/11
updated maxmap 11: 163 (len: 319)
[1;94m[*] [0mFuzzing test case #141 (1259 total, 0 uniq crashes found)...[0m
scheduled max input!!!!
schedule: 5 level29_3/ijon_max/5
updated maxmap 5: 45e (len: 1126)
updated maxmap 4: 46f (len: 1165)
updated maxmap 4: 471 (len: 1141)
[1;94m[*] [0mFuzzing test case #142 (1259 total, 0 uniq crashes found)...[0m
scheduled max input!!!!
schedule: 6 level29_3/ijon_max/6
updated maxmap 6: 216 (len: 492)
[1;94m[*] [0mFuzzing test case #143 (1259 total, 0 uniq crashes found)...[0m
scheduled max input!!!!
schedule: 7 level29_3/ijon_max/7
updated maxmap 6: 218 (len: 489)
[1;94m[*] [0mFuzzing test case #144 (1259 total, 0 uniq crashes found)...[0m
[1;94m[*] [0mFuzzing test case #145 (1259 total, 0 uniq crashes found)...[0m
scheduled max input!!!!
schedule: 0 level29_3/ijon_max/0
[1;94m[*] [0mFuzzing test case #146 (1259 total, 0 uniq crashes found)...[0m
scheduled max input!!!!
schedule: 6 level29_3/ijon_max/6
updated maxmap 6: 21a (len: 492)
updated maxmap 6: 224 (len: 495)
updated maxmap 6: 229 (len: 499)
[1;94m[*] [0mFuzzing test case #147 (1259 total, 0 uniq crashes found)...[0m
scheduled max input!!!!
schedule: 1 level29_3/ijon_max/1
[1;94m[*] [0mFuzzing test case #148 (1259 total, 0 uniq crashes found)...[0m
scheduled max input!!!!
schedule: 8 level29_3/ijon_max/8
updated maxmap 8: 1d2 (len: 429)
updated maxmap 8: 1d9 (len: 434)
[1;94m[*] [0mFuzzing test case #149 (1259 total, 0 uniq crashes found)...[0m
scheduled max input!!!!
schedule: 5 level29_3/ijon_max/5
updated maxmap 3: 481 (len: 1165)
updated maxmap 5: 464 (len: 1132)
updated maxmap 3: 482 (len: 1182)
updated maxmap 5: 466 (len: 1133)
[1;94m[*] [0mFuzzing test case #150 (1259 total, 0 uniq crashes found)...[0m
[1;94m[*] [0mFuzzing test case #151 (1259 total, 0 uniq crashes found)...[0m
[1;94m[*] [0mFuzzing test case #152 (1259 total, 0 uniq crashes found)...[0m
scheduled max input!!!!
schedule: 9 level29_3/ijon_max/9
updated maxmap 10: 1c3 (len: 421)
updated maxmap 9: 1c8 (len: 428)
[1;94m[*] [0mFuzzing test case #153 (1259 total, 0 uniq crashes found)...[0m
scheduled max input!!!!
schedule: 7 level29_3/ijon_max/7
updated maxmap 8: 200 (len: 476)
updated maxmap 9: 200 (len: 476)
updated maxmap 10: 200 (len: 476)
[1;94m[*] [0mFuzzing test case #154 (1259 total, 0 uniq crashes found)...[0m
scheduled max input!!!!
schedule: 7 level29_3/ijon_max/7
[1;94m[*] [0mFuzzing test case #155 (1262 total, 0 uniq crashes found)...[0m
scheduled max input!!!!
schedule: 0 level29_3/ijon_max/0
[1;94m[*] [0mFuzzing test case #156 (1262 total, 0 uniq crashes found)...[0m
scheduled max input!!!!
schedule: 7 level29_3/ijon_max/7
[1;94m[*] [0mFuzzing test case #157 (1262 total, 0 uniq crashes found)...[0m
scheduled max input!!!!
schedule: 10 level29_3/ijon_max/10
updated maxmap 8: 201 (len: 476)
[1;94m[*] [0mFuzzing test case #158 (1262 total, 0 uniq crashes found)...[0m
scheduled max input!!!!
schedule: 1 level29_3/ijon_max/1
minimized maxmap 0: 4cf (len: 1209)
[1;94m[*] [0mFuzzing test case #159 (1262 total, 0 uniq crashes found)...[0m
scheduled max input!!!!
schedule: 4 level29_3/ijon_max/4
updated maxmap 3: 499 (len: 1191)
[1;94m[*] [0mFuzzing test case #160 (1262 total, 0 uniq crashes found)...[0m
[1;94m[*] [0mFuzzing test case #161 (1262 total, 0 uniq crashes found)...[0m
scheduled max input!!!!
schedule: 7 level29_3/ijon_max/7
[1;94m[*] [0mFuzzing test case #162 (1262 total, 0 uniq crashes found)...[0m
[1;94m[*] [0mFuzzing test case #163 (1262 total, 0 uniq crashes found)...[0m
scheduled max input!!!!
schedule: 11 level29_3/ijon_max/11
updated maxmap 11: 164 (len: 319)
updated maxmap 11: 167 (len: 326)
[1;94m[*] [0mFuzzing test case #164 (1263 total, 0 uniq crashes found)...[0m
scheduled max input!!!!
schedule: 11 level29_3/ijon_max/11
updated maxmap 11: 169 (len: 328)
[1;94m[*] [0mFuzzing test case #165 (1263 total, 0 uniq crashes found)...[0m
scheduled normal input!!!!
[1;94m[*] [0mFuzzing test case #166 (1263 total, 0 uniq crashes found)...[0m
scheduled max input!!!!
schedule: 8 level29_3/ijon_max/8
updated maxmap 9: 201 (len: 481)
updated maxmap 11: 200 (len: 483)
[1;94m[*] [0mFuzzing test case #167 (1263 total, 0 uniq crashes found)...[0m
scheduled max input!!!!
schedule: 8 level29_3/ijon_max/8
[1;94m[*] [0mFuzzing test case #168 (1264 total, 0 uniq crashes found)...[0m
scheduled max input!!!!
schedule: 6 level29_3/ijon_max/6
updated maxmap 6: 22a (len: 499)
updated maxmap 6: 22b (len: 499)
updated maxmap 6: 230 (len: 509)
[1;94m[*] [0mFuzzing test case #169 (1264 total, 0 uniq crashes found)...[0m
scheduled max input!!!!
schedule: 2 level29_3/ijon_max/2
updated maxmap 2: 4cf (len: 1226)
minimized maxmap 2: 4cf (len: 1225)
updated maxmap 0: 4d1 (len: 1225)
[1;94m[*] [0mFuzzing test case #170 (1264 total, 0 uniq crashes found)...[0m
[1;94m[*] [0mFuzzing test case #171 (1264 total, 0 uniq crashes found)...[0m
scheduled max input!!!!
schedule: 1 level29_3/ijon_max/1
[1;94m[*] [0mFuzzing test case #172 (1264 total, 0 uniq crashes found)...[0m
scheduled max input!!!!
schedule: 5 level29_3/ijon_max/5
updated maxmap 5: 467 (len: 1133)
updated maxmap 5: 469 (len: 1145)
[1;94m[*] [0mFuzzing test case #173 (1265 total, 0 uniq crashes found)...[0m
scheduled max input!!!!
schedule: 0 level29_3/ijon_max/0
updated maxmap 0: 4d4 (len: 1231)
[1;94m[*] [0mFuzzing test case #174 (1265 total, 0 uniq crashes found)...[0m
[1;94m[*] [0mFuzzing test case #175 (1265 total, 0 uniq crashes found)...[0m
scheduled max input!!!!
schedule: 7 level29_3/ijon_max/7
[1;94m[*] [0mFuzzing test case #176 (1265 total, 0 uniq crashes found)...[0m
scheduled max input!!!!
schedule: 5 level29_3/ijon_max/5
updated maxmap 5: 46a (len: 1150)
updated maxmap 4: 47c (len: 1165)
updated maxmap 4: 482 (len: 1173)
minimized maxmap 5: 46a (len: 1147)
[1;94m[*] [0mFuzzing test case #177 (1265 total, 0 uniq crashes found)...[0m
[1;94m[*] [0mFuzzing test case #178 (1265 total, 0 uniq crashes found)...[0m
[1;94m[*] [0mFuzzing test case #179 (1265 total, 0 uniq crashes found)...[0m
scheduled max input!!!!
schedule: 5 level29_3/ijon_max/5
updated maxmap 5: 46b (len: 1148)
minimized maxmap 5: 46b (len: 1147)
[1;94m[*] [0mFuzzing test case #180 (1265 total, 0 uniq crashes found)...[0m
scheduled max input!!!!
schedule: 4 level29_3/ijon_max/4
updated maxmap 4: 483 (len: 1177)
updated maxmap 3: 4a1 (len: 1215)
[1;94m[*] [0mFuzzing test case #181 (1265 total, 0 uniq crashes found)...[0m
scheduled max input!!!!
schedule: 1 level29_3/ijon_max/1
[1;94m[*] [0mFuzzing test case #182 (1265 total, 0 uniq crashes found)...[0m
scheduled max input!!!!
schedule: 11 level29_3/ijon_max/11
[1;94m[*] [0mFuzzing test case #183 (1265 total, 0 uniq crashes found)...[0m
scheduled max input!!!!
schedule: 2 level29_3/ijon_max/2
[1;94m[*] [0mFuzzing test case #184 (1265 total, 0 uniq crashes found)...[0m
scheduled max input!!!!
schedule: 0 level29_3/ijon_max/0
updated maxmap 0: 4d5 (len: 1236)
[1;94m[*] [0mFuzzing test case #185 (1265 total, 0 uniq crashes found)...[0m
scheduled max input!!!!
schedule: 3 level29_3/ijon_max/3
updated maxmap 3: 4ac (len: 1221)
[1;94m[*] [0mFuzzing test case #186 (1265 total, 0 uniq crashes found)...[0m
scheduled max input!!!!
schedule: 8 level29_3/ijon_max/8
[1;94m[*] [0mFuzzing test case #187 (1265 total, 0 uniq crashes found)...[0m
scheduled max input!!!!
schedule: 7 level29_3/ijon_max/7
[1;94m[*] [0mFuzzing test case #188 (1265 total, 0 uniq crashes found)...[0m
[1;94m[*] [0mFuzzing test case #189 (1265 total, 0 uniq crashes found)...[0m
scheduled max input!!!!
schedule: 11 level29_3/ijon_max/11
[1;94m[*] [0mFuzzing test case #190 (1265 total, 0 uniq crashes found)...[0m
scheduled max input!!!!
schedule: 9 level29_3/ijon_max/9
[1;94m[*] [0mFuzzing test case #191 (1265 total, 0 uniq crashes found)...[0m
scheduled max input!!!!
schedule: 8 level29_3/ijon_max/8
[1;94m[*] [0mFuzzing test case #192 (1265 total, 0 uniq crashes found)...[0m
scheduled max input!!!!
schedule: 11 level29_3/ijon_max/11
[1;94m[*] [0mFuzzing test case #193 (1265 total, 0 uniq crashes found)...[0m
scheduled max input!!!!
schedule: 9 level29_3/ijon_max/9
[1;94m[*] [0mFuzzing test case #194 (1265 total, 0 uniq crashes found)...[0m
scheduled max input!!!!
schedule: 3 level29_3/ijon_max/3
updated maxmap 3: 4af (len: 1224)
[1;94m[*] [0mFuzzing test case #195 (1265 total, 0 uniq crashes found)...[0m
scheduled max input!!!!
schedule: 7 level29_3/ijon_max/7
[1;94m[*] [0mFuzzing test case #196 (1265 total, 0 uniq crashes found)...[0m
[1;94m[*] [0mFuzzing test case #197 (1265 total, 0 uniq crashes found)...[0m
[1;94m[*] [0mFuzzing test case #198 (1265 total, 0 uniq crashes found)...[0m
scheduled max input!!!!
schedule: 2 level29_3/ijon_max/2
[1;94m[*] [0mFuzzing test case #199 (1265 total, 0 uniq crashes found)...[0m
scheduled max input!!!!
schedule: 4 level29_3/ijon_max/4
updated maxmap 4: 486 (len: 1180)
[1;94m[*] [0mFuzzing test case #200 (1265 total, 0 uniq crashes found)...[0m
scheduled max input!!!!
schedule: 10 level29_3/ijon_max/10
[1;94m[*] [0mFuzzing test case #201 (1265 total, 0 uniq crashes found)...[0m
scheduled max input!!!!
schedule: 1 level29_3/ijon_max/1
[1;94m[*] [0mFuzzing test case #202 (1265 total, 0 uniq crashes found)...[0m
scheduled max input!!!!
schedule: 9 level29_3/ijon_max/9
[1;94m[*] [0mFuzzing test case #203 (1265 total, 0 uniq crashes found)...[0m
scheduled max input!!!!
schedule: 4 level29_3/ijon_max/4
updated maxmap 4: 487 (len: 1180)
[1;94m[*] [0mFuzzing test case #204 (1265 total, 0 uniq crashes found)...[0m
scheduled max input!!!!
schedule: 5 level29_3/ijon_max/5
[1;94m[*] [0mFuzzing test case #205 (1266 total, 0 uniq crashes found)...[0m
[1;94m[*] [0mFuzzing test case #206 (1266 total, 0 uniq crashes found)...[0m
scheduled max input!!!!
schedule: 10 level29_3/ijon_max/10
[1;94m[*] [0mFuzzing test case #207 (1266 total, 0 uniq crashes found)...[0m
scheduled max input!!!!
schedule: 0 level29_3/ijon_max/0
updated maxmap 0: 4d6 (len: 1236)
[1;94m[*] [0mFuzzing test case #208 (1266 total, 0 uniq crashes found)...[0m
scheduled max input!!!!
schedule: 1 level29_3/ijon_max/1
[1;94m[*] [0mFuzzing test case #209 (1266 total, 0 uniq crashes found)...[0m
scheduled max input!!!!
schedule: 8 level29_3/ijon_max/8
[1;94m[*] [0mFuzzing test case #210 (1266 total, 0 uniq crashes found)...[0m
scheduled max input!!!!
schedule: 11 level29_3/ijon_max/11
[1;94m[*] [0mFuzzing test case #211 (1266 total, 0 uniq crashes found)...[0m
scheduled max input!!!!
schedule: 1 level29_3/ijon_max/1
[1;94m[*] [0mFuzzing test case #212 (1266 total, 0 uniq crashes found)...[0m
scheduled max input!!!!
schedule: 11 level29_3/ijon_max/11
[1;94m[*] [0mFuzzing test case #213 (1266 total, 0 uniq crashes found)...[0m
scheduled max input!!!!
schedule: 7 level29_3/ijon_max/7
[1;94m[*] [0mFuzzing test case #214 (1266 total, 0 uniq crashes found)...[0m
scheduled max input!!!!
schedule: 10 level29_3/ijon_max/10
[1;94m[*] [0mFuzzing test case #215 (1266 total, 0 uniq crashes found)...[0m
scheduled max input!!!!
schedule: 5 level29_3/ijon_max/5
updated maxmap 6: 469 (len: 1147)
[1;94m[*] [0mFuzzing test case #216 (1266 total, 0 uniq crashes found)...[0m
scheduled max input!!!!
schedule: 8 level29_3/ijon_max/8
[1;94m[*] [0mFuzzing test case #217 (1266 total, 0 uniq crashes found)...[0m
scheduled max input!!!!
schedule: 8 level29_3/ijon_max/8
[1;94m[*] [0mFuzzing test case #218 (1266 total, 0 uniq crashes found)...[0m
scheduled max input!!!!
schedule: 6 level29_3/ijon_max/6
updated maxmap 6: 46b (len: 1150)
updated maxmap 5: 46f (len: 1151)
updated maxmap 5: 470 (len: 1152)
minimized maxmap 5: 470 (len: 1150)
[1;94m[*] [0mFuzzing test case #219 (1266 total, 0 uniq crashes found)...[0m
scheduled max input!!!!
schedule: 6 level29_3/ijon_max/6
updated maxmap 6: 46f (len: 1161)
[1;94m[*] [0mFuzzing test case #220 (1266 total, 0 uniq crashes found)...[0m
[1;94m[*] [0mFuzzing test case #221 (1266 total, 0 uniq crashes found)...[0m
scheduled max input!!!!
schedule: 5 level29_3/ijon_max/5
updated maxmap 5: 472 (len: 1150)
updated maxmap 4: 48f (len: 1172)
updated maxmap 4: 4ac (len: 1193)
[1;94m[*] [0mFuzzing test case #222 (1266 total, 0 uniq crashes found)...[0m
[1;94m[*] [0mFuzzing test case #223 (1266 total, 0 uniq crashes found)...[0m
scheduled max input!!!!
schedule: 8 level29_3/ijon_max/8
[1;94m[*] [0mFuzzing test case #224 (1266 total, 0 uniq crashes found)...[0m
scheduled max input!!!!
schedule: 6 level29_3/ijon_max/6
updated maxmap 5: 47b (len: 1168)
updated maxmap 5: 482 (len: 1179)
[1;94m[*] [0mFuzzing test case #225 (1266 total, 0 uniq crashes found)...[0m
scheduled max input!!!!
schedule: 10 level29_3/ijon_max/10
[1;94m[*] [0mFuzzing test case #226 (1266 total, 0 uniq crashes found)...[0m
scheduled max input!!!!
schedule: 3 level29_3/ijon_max/3
updated maxmap 3: 4b1 (len: 1224)
updated maxmap 3: 4bc (len: 1231)
[1;94m[*] [0mFuzzing test case #227 (1266 total, 0 uniq crashes found)...[0m
scheduled max input!!!!
schedule: 4 level29_3/ijon_max/4
updated maxmap 4: 4ae (len: 1193)
updated maxmap 4: 4b3 (len: 1196)
updated maxmap 3: 4ce (len: 1222)
[1;94m[*] [0mFuzzing test case #228 (1266 total, 0 uniq crashes found)...[0m
scheduled max input!!!!
schedule: 6 level29_3/ijon_max/6
[1;94m[*] [0mFuzzing test case #229 (1266 total, 0 uniq crashes found)...[0m
scheduled max input!!!!
schedule: 3 level29_3/ijon_max/3
updated maxmap 3: 4cf (len: 1222)
[1;94m[*] [0mFuzzing test case #230 (1266 total, 0 uniq crashes found)...[0m
scheduled max input!!!!
schedule: 10 level29_3/ijon_max/10
[1;94m[*] [0mFuzzing test case #231 (1266 total, 0 uniq crashes found)...[0m
scheduled max input!!!!
schedule: 4 level29_3/ijon_max/4
updated maxmap 4: 4c1 (len: 1206)
[1;94m[*] [0mFuzzing test case #232 (1266 total, 0 uniq crashes found)...[0m
scheduled max input!!!!
schedule: 8 level29_3/ijon_max/8
[1;94m[*] [0mFuzzing test case #233 (1266 total, 0 uniq crashes found)...[0m
scheduled max input!!!!
schedule: 1 level29_3/ijon_max/1
[1;94m[*] [0mFuzzing test case #234 (1266 total, 0 uniq crashes found)...[0m
scheduled max input!!!!
schedule: 1 level29_3/ijon_max/1
[1;94m[*] [0mFuzzing test case #235 (1266 total, 0 uniq crashes found)...[0m
scheduled max input!!!!
schedule: 5 level29_3/ijon_max/5
updated maxmap 5: 483 (len: 1179)
updated maxmap 5: 485 (len: 1180)
[1;94m[*] [0mFuzzing test case #236 (1266 total, 0 uniq crashes found)...[0m
scheduled max input!!!!
schedule: 6 level29_3/ijon_max/6
updated maxmap 5: 48a (len: 1195)
[1;94m[*] [0mFuzzing test case #237 (1266 total, 0 uniq crashes found)...[0m
scheduled max input!!!!
schedule: 0 level29_3/ijon_max/0
updated maxmap 0: 4d7 (len: 1239)
[1;94m[*] [0mFuzzing test case #238 (1268 total, 0 uniq crashes found)...[0m
scheduled max input!!!!
schedule: 10 level29_3/ijon_max/10
[1;94m[*] [0mFuzzing test case #239 (1268 total, 0 uniq crashes found)...[0m
scheduled max input!!!!
schedule: 4 level29_3/ijon_max/4
updated maxmap 4: 4c6 (len: 1209)
updated maxmap 3: 4d1 (len: 1214)
minimized maxmap 2: 4cf (len: 1218)
[1;94m[*] [0mFuzzing test case #240 (1268 total, 0 uniq crashes found)...[0m
scheduled max input!!!!
schedule: 10 level29_3/ijon_max/10
[1;94m[*] [0mFuzzing test case #241 (1268 total, 0 uniq crashes found)...[0m
scheduled max input!!!!
schedule: 7 level29_3/ijon_max/7
[1;94m[*] [0mFuzzing test case #242 (1268 total, 0 uniq crashes found)...[0m
scheduled max input!!!!
schedule: 10 level29_3/ijon_max/10
[1;94m[*] [0mFuzzing test case #243 (1268 total, 0 uniq crashes found)...[0m
scheduled max input!!!!
schedule: 6 level29_3/ijon_max/6
[1;94m[*] [0mFuzzing test case #244 (1268 total, 0 uniq crashes found)...[0m
scheduled max input!!!!
schedule: 9 level29_3/ijon_max/9
[1;94m[*] [0mFuzzing test case #245 (1268 total, 0 uniq crashes found)...[0m
scheduled max input!!!!
schedule: 7 level29_3/ijon_max/7
[1;94m[*] [0mFuzzing test case #246 (1268 total, 0 uniq crashes found)...[0m
[1;94m[*] [0mFuzzing test case #247 (1268 total, 0 uniq crashes found)...[0m
scheduled max input!!!!
schedule: 4 level29_3/ijon_max/4
updated maxmap 4: 4c7 (len: 1209)
updated maxmap 4: 4cd (len: 1239)
updated maxmap 1: 4d5 (len: 1270)
[1;94m[*] [0mFuzzing test case #248 (1269 total, 0 uniq crashes found)...[0m
scheduled max input!!!!
schedule: 5 level29_3/ijon_max/5
updated maxmap 4: 4d2 (len: 1252)
updated maxmap 5: 48c (len: 1200)
[1;94m[*] [0mFuzzing test case #249 (1269 total, 0 uniq crashes found)...[0m
scheduled max input!!!!
schedule: 3 level29_3/ijon_max/3
updated maxmap 0: 4dc (len: 1231)
updated maxmap 1: 4dd (len: 1231)
updated maxmap 0: 4df (len: 1233)
[1;94m[*] [0mFuzzing test case #250 (1270 total, 0 uniq crashes found)...[0m
scheduled max input!!!!
schedule: 4 level29_3/ijon_max/4
updated maxmap 3: 4d2 (len: 1260)
updated maxmap 4: 4dc (len: 1260)
[1;94m[*] [0mFuzzing test case #251 (1270 total, 0 uniq crashes found)...[0m
scheduled max input!!!!
schedule: 9 level29_3/ijon_max/9
[1;94m[*] [0mFuzzing test case #252 (1270 total, 0 uniq crashes found)...[0m
scheduled max input!!!!
schedule: 9 level29_3/ijon_max/9
[1;94m[*] [0mFuzzing test case #253 (1270 total, 0 uniq crashes found)...[0m
[1;94m[*] [0mFuzzing test case #254 (1270 total, 0 uniq crashes found)...[0m
[1;94m[*] [0mFuzzing test case #255 (1270 total, 0 uniq crashes found)...[0m
scheduled max input!!!!
schedule: 9 level29_3/ijon_max/9
[1;94m[*] [0mFuzzing test case #256 (1270 total, 0 uniq crashes found)...[0m
scheduled normal input!!!!
[1;94m[*] [0mFuzzing test case #257 (1270 total, 0 uniq crashes found)...[0m
scheduled max input!!!!
schedule: 9 level29_3/ijon_max/9
[1;94m[*] [0mFuzzing test case #258 (1270 total, 0 uniq crashes found)...[0m
scheduled max input!!!!
schedule: 2 level29_3/ijon_max/2
[1;94m[*] [0mFuzzing test case #259 (1270 total, 0 uniq crashes found)...[0m
scheduled max input!!!!
schedule: 11 level29_3/ijon_max/11
[1;94m[*] [0mFuzzing test case #260 (1270 total, 0 uniq crashes found)...[0m
scheduled max input!!!!
schedule: 11 level29_3/ijon_max/11
updated maxmap 7: 203 (len: 491)
[1;94m[*] [0mFuzzing test case #261 (1270 total, 0 uniq crashes found)...[0m
[1;94m[*] [0mFuzzing test case #262 (1270 total, 0 uniq crashes found)...[0m
scheduled max input!!!!
schedule: 2 level29_3/ijon_max/2
[1;94m[*] [0mFuzzing test case #263 (1270 total, 0 uniq crashes found)...[0m
scheduled max input!!!!
schedule: 10 level29_3/ijon_max/10
[1;94m[*] [0mFuzzing test case #264 (1270 total, 0 uniq crashes found)...[0m
[1;94m[*] [0mFuzzing test case #265 (1270 total, 0 uniq crashes found)...[0m
scheduled max input!!!!
schedule: 4 level29_3/ijon_max/4
updated maxmap 1: 4e2 (len: 1270)
updated maxmap 3: 4d3 (len: 1260)
updated maxmap 3: 4d4 (len: 1261)
updated maxmap 4: 4dd (len: 1261)
minimized maxmap 3: 4d4 (len: 1260)
updated maxmap 3: 4d5 (len: 1263)
minimized maxmap 3: 4d5 (len: 1260)
updated maxmap 5: 4ce (len: 1266)
updated maxmap 3: 4d9 (len: 1265)
updated maxmap 4: 4e0 (len: 1265)
minimized maxmap 3: 4d9 (len: 1260)
[1;94m[*] [0mFuzzing test case #266 (1279 total, 0 uniq crashes found)...[0m
scheduled max input!!!!
schedule: 9 level29_3/ijon_max/9
updated maxmap 10: 201 (len: 481)
[1;94m[*] [0mFuzzing test case #267 (1279 total, 0 uniq crashes found)...[0m
scheduled max input!!!!
schedule: 10 level29_3/ijon_max/10
[1;94m[*] [0mFuzzing test case #268 (1279 total, 0 uniq crashes found)...[0m
scheduled max input!!!!
schedule: 3 level29_3/ijon_max/3
[1;94m[*] [0mFuzzing test case #269 (1279 total, 0 uniq crashes found)...[0m
scheduled max input!!!!
schedule: 0 level29_3/ijon_max/0
updated maxmap 0: 4e0 (len: 1233)
updated maxmap 0: 4e1 (len: 1233)
updated maxmap 0: 4e2 (len: 1233)
[1;94m[*] [0mFuzzing test case #270 (1279 total, 0 uniq crashes found)...[0m
scheduled max input!!!!
schedule: 3 level29_3/ijon_max/3
[1;94m[*] [0mFuzzing test case #271 (1279 total, 0 uniq crashes found)...[0m
scheduled max input!!!!
schedule: 8 level29_3/ijon_max/8
[1;94m[*] [0mFuzzing test case #272 (1279 total, 0 uniq crashes found)...[0m
scheduled max input!!!!
schedule: 4 level29_3/ijon_max/4
[1;94m[*] [0mFuzzing test case #273 (1279 total, 0 uniq crashes found)...[0m
scheduled max input!!!!
schedule: 11 level29_3/ijon_max/11
[1;94m[*] [0mFuzzing test case #274 (1279 total, 0 uniq crashes found)...[0m
scheduled max input!!!!
schedule: 7 level29_3/ijon_max/7
updated maxmap 7: 234 (len: 504)
[1;94m[*] [0mFuzzing test case #275 (1279 total, 0 uniq crashes found)...[0m
scheduled max input!!!!
schedule: 1 level29_3/ijon_max/1
updated maxmap 1: 4e3 (len: 1278)
[1;94m[*] [0mFuzzing test case #276 (1280 total, 0 uniq crashes found)...[0m
scheduled max input!!!!
schedule: 1 level29_3/ijon_max/1
updated maxmap 1: 4e4 (len: 1278)
[1;94m[*] [0mFuzzing test case #277 (1280 total, 0 uniq crashes found)...[0m
[1;94m[*] [0mFuzzing test case #278 (1280 total, 0 uniq crashes found)...[0m
scheduled max input!!!!
schedule: 11 level29_3/ijon_max/11
updated maxmap 7: 23a (len: 509)
[1;94m[*] [0mFuzzing test case #279 (1280 total, 0 uniq crashes found)...[0m
scheduled max input!!!!
schedule: 7 level29_3/ijon_max/7
updated maxmap 8: 237 (len: 527)
updated maxmap 9: 23e (len: 527)
updated maxmap 10: 244 (len: 527)
updated maxmap 11: 24b (len: 527)
updated maxmap 7: 243 (len: 517)
updated maxmap 8: 246 (len: 517)
updated maxmap 7: 247 (len: 517)
[1;94m[*] [0mFuzzing test case #280 (1280 total, 0 uniq crashes found)...[0m
scheduled max input!!!!
schedule: 0 level29_3/ijon_max/0
[1;94m[*] [0mFuzzing test case #281 (1280 total, 0 uniq crashes found)...[0m
[1;94m[*] [0mFuzzing test case #282 (1280 total, 0 uniq crashes found)...[0m
scheduled max input!!!!
schedule: 6 level29_3/ijon_max/6
[1;94m[*] [0mFuzzing test case #283 (1280 total, 0 uniq crashes found)...[0m
[1;94m[*] [0mFuzzing test case #284 (1280 total, 0 uniq crashes found)...[0m
[1;94m[*] [0mFuzzing test case #285 (1280 total, 0 uniq crashes found)...[0m
[1;94m[*] [0mFuzzing test case #286 (1280 total, 0 uniq crashes found)...[0m
[1;94m[*] [0mFuzzing test case #287 (1280 total, 0 uniq crashes found)...[0m
scheduled max input!!!!
schedule: 6 level29_3/ijon_max/6
[1;94m[*] [0mFuzzing test case #288 (1280 total, 0 uniq crashes found)...[0m
[1;94m[*] [0mFuzzing test case #289 (1280 total, 0 uniq crashes found)...[0m
[1;94m[*] [0mFuzzing test case #290 (1280 total, 0 uniq crashes found)...[0m
scheduled max input!!!!
schedule: 8 level29_3/ijon_max/8
updated maxmap 9: 246 (len: 517)
updated maxmap 8: 24b (len: 520)
updated maxmap 7: 258 (len: 535)
updated maxmap 8: 252 (len: 525)
[1;94m[*] [0mFuzzing test case #291 (1280 total, 0 uniq crashes found)...[0m
scheduled max input!!!!
schedule: 8 level29_3/ijon_max/8
updated maxmap 7: 25c (len: 532)
updated maxmap 7: 263 (len: 539)
updated maxmap 8: 254 (len: 526)
updated maxmap 8: 257 (len: 529)
[1;94m[*] [0mFuzzing test case #292 (1280 total, 0 uniq crashes found)...[0m
[1;94m[*] [0mFuzzing test case #293 (1280 total, 0 uniq crashes found)...[0m
scheduled max input!!!!
schedule: 1 level29_3/ijon_max/1
[1;94m[*] [0mFuzzing test case #294 (1281 total, 0 uniq crashes found)...[0m
scheduled max input!!!!
schedule: 4 level29_3/ijon_max/4
updated maxmap 3: 4dc (len: 1272)
updated maxmap 3: 4e0 (len: 1265)
updated maxmap 1: 4e5 (len: 1298)
[1;94m[*] [0mFuzzing test case #295 (1283 total, 0 uniq crashes found)...[0m
scheduled max input!!!!
schedule: 11 level29_3/ijon_max/11
updated maxmap 9: 253 (len: 537)
updated maxmap 10: 25b (len: 537)
updated maxmap 11: 250 (len: 532)
updated maxmap 11: 256 (len: 535)
updated maxmap 8: 259 (len: 538)
updated maxmap 9: 254 (len: 534)
updated maxmap 9: 257 (len: 535)
[1;94m[*] [0mFuzzing test case #296 (1283 total, 0 uniq crashes found)...[0m
[1;94m[*] [0mFuzzing test case #297 (1283 total, 0 uniq crashes found)...[0m
[1;94m[*] [0mFuzzing test case #298 (1283 total, 0 uniq crashes found)...[0m
[1;94m[*] [0mFuzzing test case #299 (1283 total, 0 uniq crashes found)...[0m
scheduled max input!!!!
schedule: 6 level29_3/ijon_max/6
[1;94m[*] [0mFuzzing test case #300 (1283 total, 0 uniq crashes found)...[0m
scheduled max input!!!!
schedule: 8 level29_3/ijon_max/8
updated maxmap 9: 259 (len: 538)
updated maxmap 8: 25a (len: 538)
updated maxmap 9: 25b (len: 538)
updated maxmap 8: 25d (len: 540)
updated maxmap 8: 25e (len: 538)
updated maxmap 8: 261 (len: 538)
updated maxmap 8: 262 (len: 540)
updated maxmap 7: 275 (len: 552)
updated maxmap 8: 276 (len: 552)
[1;94m[*] [0mFuzzing test case #301 (1283 total, 0 uniq crashes found)...[0m
[1;94m[*] [0mFuzzing test case #302 (1283 total, 0 uniq crashes found)...[0m
scheduled max input!!!!
schedule: 9 level29_3/ijon_max/9
updated maxmap 7: 279 (len: 560)
updated maxmap 8: 27e (len: 560)
updated maxmap 9: 27f (len: 560)
[1;94m[*] [0mFuzzing test case #303 (1283 total, 0 uniq crashes found)...[0m
scheduled max input!!!!
schedule: 5 level29_3/ijon_max/5
[1;94m[*] [0mFuzzing test case #304 (1283 total, 0 uniq crashes found)...[0m
scheduled max input!!!!
schedule: 0 level29_3/ijon_max/0
[1;94m[*] [0mFuzzing test case #305 (1283 total, 0 uniq crashes found)...[0m
[1;94m[*] [0mFuzzing test case #306 (1283 total, 0 uniq crashes found)...[0m
scheduled max input!!!!
schedule: 0 level29_3/ijon_max/0
[1;94m[*] [0mFuzzing test case #307 (1283 total, 0 uniq crashes found)...[0m
scheduled max input!!!!
schedule: 2 level29_3/ijon_max/2
[1;94m[*] [0mFuzzing test case #308 (1283 total, 0 uniq crashes found)...[0m
scheduled max input!!!!
schedule: 10 level29_3/ijon_max/10
updated maxmap 10: 25e (len: 539)
minimized maxmap 10: 25e (len: 537)
updated maxmap 10: 262 (len: 539)
[1;94m[*] [0mFuzzing test case #309 (1283 total, 0 uniq crashes found)...[0m
scheduled max input!!!!
schedule: 0 level29_3/ijon_max/0
[1;94m[*] [0mFuzzing test case #310 (1283 total, 0 uniq crashes found)...[0m
scheduled max input!!!!
schedule: 1 level29_3/ijon_max/1
updated maxmap 1: 4e6 (len: 1298)
[1;94m[*] [0mFuzzing test case #311 (1283 total, 0 uniq crashes found)...[0m
scheduled max input!!!!
schedule: 11 level29_3/ijon_max/11
updated maxmap 11: 258 (len: 535)
updated maxmap 10: 268 (len: 547)
updated maxmap 11: 269 (len: 547)
[1;94m[*] [0mFuzzing test case #312 (1283 total, 0 uniq crashes found)...[0m
scheduled max input!!!!
schedule: 10 level29_3/ijon_max/10
updated maxmap 10: 269 (len: 547)
updated maxmap 10: 271 (len: 552)
[1;94m[*] [0mFuzzing test case #313 (1283 total, 0 uniq crashes found)...[0m
scheduled max input!!!!
schedule: 7 level29_3/ijon_max/7
updated maxmap 7: 280 (len: 565)
updated maxmap 8: 286 (len: 565)
updated maxmap 9: 288 (len: 565)
minimized maxmap 7: 280 (len: 560)
updated maxmap 7: 282 (len: 560)
updated maxmap 7: 28b (len: 565)
updated maxmap 8: 28c (len: 565)
updated maxmap 7: 28d (len: 565)
[1;94m[*] [0mFuzzing test case #314 (1283 total, 0 uniq crashes found)...[0m
scheduled max input!!!!
schedule: 11 level29_3/ijon_max/11
updated maxmap 11: 26a (len: 547)
updated maxmap 11: 26b (len: 547)
updated maxmap 11: 26c (len: 548)
updated maxmap 10: 272 (len: 552)
updated maxmap 10: 281 (len: 567)
[1;94m[*] [0mFuzzing test case #315 (1283 total, 0 uniq crashes found)...[0m
scheduled max input!!!!
schedule: 0 level29_3/ijon_max/0
[1;94m[*] [0mFuzzing test case #316 (1283 total, 0 uniq crashes found)...[0m
scheduled max input!!!!
schedule: 3 level29_3/ijon_max/3
[1;94m[*] [0mFuzzing test case #317 (1283 total, 0 uniq crashes found)...[0m
scheduled max input!!!!
schedule: 3 level29_3/ijon_max/3
updated maxmap 4: 4ec (len: 1274)
[1;94m[*] [0mFuzzing test case #318 (1283 total, 0 uniq crashes found)...[0m
scheduled max input!!!!
schedule: 10 level29_3/ijon_max/10
updated maxmap 10: 283 (len: 567)
updated maxmap 9: 28d (len: 574)
updated maxmap 10: 286 (len: 569)
updated maxmap 10: 28c (len: 574)
updated maxmap 8: 28f (len: 575)
updated maxmap 7: 290 (len: 584)
updated maxmap 8: 290 (len: 584)
[1;94m[*] [0mFuzzing test case #319 (1284 total, 0 uniq crashes found)...[0m
scheduled max input!!!!
schedule: 0 level29_3/ijon_max/0
updated maxmap 1: 4e8 (len: 1241)
[1;94m[*] [0mFuzzing test case #320 (1284 total, 0 uniq crashes found)...[0m
scheduled max input!!!!
schedule: 5 level29_3/ijon_max/5
[1;94m[*] [0mFuzzing test case #321 (1284 total, 0 uniq crashes found)...[0m
scheduled max input!!!!
schedule: 6 level29_3/ijon_max/6
[1;94m[*] [0mFuzzing test case #322 (1284 total, 0 uniq crashes found)...[0m
scheduled max input!!!!
schedule: 2 level29_3/ijon_max/2
[1;94m[*] [0mFuzzing test case #323 (1284 total, 0 uniq crashes found)...[0m
scheduled max input!!!!
schedule: 0 level29_3/ijon_max/0
[1;94m[*] [0mFuzzing test case #324 (1284 total, 0 uniq crashes found)...[0m
scheduled max input!!!!
schedule: 7 level29_3/ijon_max/7
updated maxmap 7: 291 (len: 584)
updated maxmap 8: 291 (len: 588)
updated maxmap 9: 290 (len: 588)
minimized maxmap 8: 291 (len: 584)
minimized maxmap 9: 290 (len: 587)
minimized maxmap 9: 290 (len: 584)
[1;94m[*] [0mFuzzing test case #325 (1284 total, 0 uniq crashes found)...[0m
scheduled max input!!!!
schedule: 0 level29_3/ijon_max/0
[1;94m[*] [0mFuzzing test case #326 (1284 total, 0 uniq crashes found)...[0m
scheduled max input!!!!
schedule: 8 level29_3/ijon_max/8
[1;94m[*] [0mFuzzing test case #327 (1284 total, 0 uniq crashes found)...[0m
scheduled max input!!!!
schedule: 9 level29_3/ijon_max/9
updated maxmap 9: 291 (len: 585)
minimized maxmap 9: 291 (len: 584)
updated maxmap 9: 296 (len: 584)
updated maxmap 10: 29c (len: 584)
updated maxmap 8: 293 (len: 584)
updated maxmap 9: 29c (len: 584)
[1;94m[*] [0mFuzzing test case #328 (1284 total, 0 uniq crashes found)...[0m
[1;94m[*] [0mFuzzing test case #329 (1284 total, 0 uniq crashes found)...[0m
scheduled max input!!!!
schedule: 3 level29_3/ijon_max/3
[1;94m[*] [0mFuzzing test case #330 (1284 total, 0 uniq crashes found)...[0m
[1;94m[*] [0mFuzzing test case #331 (1284 total, 0 uniq crashes found)...[0m
scheduled max input!!!!
schedule: 6 level29_3/ijon_max/6
[1;94m[*] [0mFuzzing test case #332 (1284 total, 0 uniq crashes found)...[0m
[1;94m[*] [0mFuzzing test case #333 (1284 total, 0 uniq crashes found)...[0m
scheduled max input!!!!
schedule: 8 level29_3/ijon_max/8
updated maxmap 9: 29d (len: 584)
updated maxmap 10: 29d (len: 584)
updated maxmap 10: 2a5 (len: 591)
updated maxmap 11: 2a2 (len: 591)
[1;94m[*] [0mFuzzing test case #334 (1284 total, 0 uniq crashes found)...[0m
[1;94m[*] [0mFuzzing test case #335 (1284 total, 0 uniq crashes found)...[0m
scheduled max input!!!!
schedule: 8 level29_3/ijon_max/8
[1;94m[*] [0mFuzzing test case #336 (1284 total, 0 uniq crashes found)...[0m
scheduled max input!!!!
schedule: 4 level29_3/ijon_max/4
updated maxmap 5: 4cf (len: 1274)
updated maxmap 3: 4e9 (len: 1283)
updated maxmap 3: 4ea (len: 1276)
[1;94m[*] [0mFuzzing test case #337 (1284 total, 0 uniq crashes found)...[0m
scheduled max input!!!!
schedule: 7 level29_3/ijon_max/7
[1;94m[*] [0mFuzzing test case #338 (1284 total, 0 uniq crashes found)...[0m
scheduled max input!!!!
schedule: 7 level29_3/ijon_max/7
[1;94m[*] [0mFuzzing test case #339 (1284 total, 0 uniq crashes found)...[0m
[1;94m[*] [0mFuzzing test case #340 (1284 total, 0 uniq crashes found)...[0m
scheduled max input!!!!
schedule: 4 level29_3/ijon_max/4
updated maxmap 3: 4ec (len: 1274)
updated maxmap 5: 4e2 (len: 1274)
[1;94m[*] [0mFuzzing test case #341 (1284 total, 0 uniq crashes found)...[0m
scheduled max input!!!!
schedule: 4 level29_3/ijon_max/4
updated maxmap 3: 4ef (len: 1277)
updated maxmap 5: 4e3 (len: 1274)
[1;94m[*] [0mFuzzing test case #342 (1284 total, 0 uniq crashes found)...[0m
scheduled max input!!!!
schedule: 1 level29_3/ijon_max/1
updated maxmap 0: 4e3 (len: 1241)
[1;94m[*] [0mFuzzing test case #343 (1284 total, 0 uniq crashes found)...[0m
scheduled max input!!!!
schedule: 2 level29_3/ijon_max/2
[1;94m[*] [0mFuzzing test case #344 (1284 total, 0 uniq crashes found)...[0m
scheduled max input!!!!
schedule: 5 level29_3/ijon_max/5
updated maxmap 5: 4e6 (len: 1274)
updated maxmap 6: 4ce (len: 1286)
[1;94m[*] [0mFuzzing test case #345 (1284 total, 0 uniq crashes found)...[0m
scheduled max input!!!!
schedule: 0 level29_3/ijon_max/0
updated maxmap 1: 4ed (len: 1247)
[1;94m[*] [0mFuzzing test case #346 (1285 total, 0 uniq crashes found)...[0m
scheduled max input!!!!
schedule: 11 level29_3/ijon_max/11
updated maxmap 10: 2a6 (len: 591)
updated maxmap 11: 2a3 (len: 591)
updated maxmap 8: 294 (len: 591)
[1;94m[*] [0mFuzzing test case #347 (1285 total, 0 uniq crashes found)...[0m
scheduled max input!!!!
schedule: 2 level29_3/ijon_max/2
[1;94m[*] [0mFuzzing test case #348 (1285 total, 0 uniq crashes found)...[0m
scheduled max input!!!!
schedule: 6 level29_3/ijon_max/6
updated maxmap 6: 4cf (len: 1286)
updated maxmap 6: 4f8 (len: 1299)
updated maxmap 7: 4f0 (len: 1299)
updated maxmap 5: 4e9 (len: 1294)
[1;94m[*] [0mFuzzing test case #349 (1286 total, 0 uniq crashes found)...[0m
scheduled max input!!!!
schedule: 6 level29_3/ijon_max/6
updated maxmap 6: 4f9 (len: 1299)
updated maxmap 7: 4f2 (len: 1299)
updated maxmap 5: 4fd (len: 1302)
updated maxmap 7: 4f3 (len: 1303)
updated maxmap 3: 4f5 (len: 1302)
updated maxmap 4: 4f6 (len: 1302)
updated maxmap 6: 4fd (len: 1299)
updated maxmap 7: 4f6 (len: 1299)
updated maxmap 6: 4fe (len: 1299)
updated maxmap 7: 4fe (len: 1299)
[1;94m[*] [0mFuzzing test case #350 (1286 total, 0 uniq crashes found)...[0m
scheduled max input!!!!
schedule: 6 level29_3/ijon_max/6
updated maxmap 5: 4fe (len: 1299)
updated maxmap 6: 4ff (len: 1299)
[1;94m[*] [0mFuzzing test case #351 (1286 total, 0 uniq crashes found)...[0m
scheduled max input!!!!
schedule: 4 level29_3/ijon_max/4
updated maxmap 3: 4fb (len: 1304)
updated maxmap 3: 4fc (len: 1312)
updated maxmap 3: 4fd (len: 1307)
updated maxmap 3: 500 (len: 1311)
updated maxmap 4: 4f7 (len: 1308)
[1;94m[*] [0mFuzzing test case #352 (1288 total, 0 uniq crashes found)...[0m
scheduled max input!!!!
schedule: 1 level29_3/ijon_max/1
[1;94m[*] [0mFuzzing test case #353 (1290 total, 0 uniq crashes found)...[0m
scheduled max input!!!!
schedule: 2 level29_3/ijon_max/2
[1;94m[*] [0mFuzzing test case #354 (1290 total, 0 uniq crashes found)...[0m
scheduled max input!!!!
schedule: 7 level29_3/ijon_max/7
updated maxmap 4: 4fd (len: 1299)
updated maxmap 7: 4ff (len: 1299)
[1;94m[*] [0mFuzzing test case #355 (1290 total, 0 uniq crashes found)...[0m
scheduled max input!!!!
schedule: 6 level29_3/ijon_max/6
updated maxmap 7: 504 (len: 1303)
updated maxmap 5: 4ff (len: 1299)
[1;94m[*] [0mFuzzing test case #356 (1291 total, 0 uniq crashes found)...[0m
scheduled max input!!!!
schedule: 6 level29_3/ijon_max/6
[1;94m[*] [0mFuzzing test case #357 (1291 total, 0 uniq crashes found)...[0m
scheduled max input!!!!
schedule: 11 level29_3/ijon_max/11
updated maxmap 10: 2a7 (len: 591)
updated maxmap 11: 2a4 (len: 591)
updated maxmap 9: 2a7 (len: 591)
updated maxmap 8: 2c7 (len: 616)
updated maxmap 10: 2a9 (len: 598)
updated maxmap 11: 2a7 (len: 598)
[1;94m[*] [0mFuzzing test case #358 (1291 total, 0 uniq crashes found)...[0m
scheduled max input!!!!
schedule: 2 level29_3/ijon_max/2
[1;94m[*] [0mFuzzing test case #359 (1291 total, 0 uniq crashes found)...[0m
scheduled max input!!!!
schedule: 4 level29_3/ijon_max/4
updated maxmap 4: 4fe (len: 1303)
[1;94m[*] [0mFuzzing test case #360 (1292 total, 0 uniq crashes found)...[0m
scheduled max input!!!!
schedule: 0 level29_3/ijon_max/0
updated maxmap 0: 4e4 (len: 1260)
[1;94m[*] [0mFuzzing test case #361 (1292 total, 0 uniq crashes found)...[0m
scheduled max input!!!!
schedule: 11 level29_3/ijon_max/11
updated maxmap 11: 2a9 (len: 602)
minimized maxmap 11: 2a9 (len: 598)
updated maxmap 10: 2b0 (len: 598)
updated maxmap 11: 2aa (len: 598)
updated maxmap 9: 2b0 (len: 599)
updated maxmap 11: 2b9 (len: 606)
[1;94m[*] [0mFuzzing test case #362 (1292 total, 0 uniq crashes found)...[0m
[1;94m[*] [0mFuzzing test case #363 (1292 total, 0 uniq crashes found)...[0m
scheduled max input!!!!
schedule: 2 level29_3/ijon_max/2
[1;94m[*] [0mFuzzing test case #364 (1292 total, 0 uniq crashes found)...[0m
scheduled max input!!!!
schedule: 10 level29_3/ijon_max/10
updated maxmap 10: 2b1 (len: 598)
updated maxmap 9: 2b5 (len: 611)
updated maxmap 9: 2c1 (len: 611)
updated maxmap 10: 2b6 (len: 611)
[1;94m[*] [0mFuzzing test case #365 (1292 total, 0 uniq crashes found)...[0m
[1;94m[*] [0mFuzzing test case #366 (1292 total, 0 uniq crashes found)...[0m
[1;94m[*] [0mFuzzing test case #367 (1292 total, 0 uniq crashes found)...[0m
scheduled max input!!!!
schedule: 6 level29_3/ijon_max/6
[1;94m[*] [0mFuzzing test case #368 (1292 total, 0 uniq crashes found)...[0m
scheduled max input!!!!
schedule: 2 level29_3/ijon_max/2
[1;94m[*] [0mFuzzing test case #369 (1292 total, 0 uniq crashes found)...[0m
scheduled max input!!!!
schedule: 1 level29_3/ijon_max/1
updated maxmap 1: 4ef (len: 1247)
updated maxmap 1: 4f5 (len: 1253)
[1;94m[*] [0mFuzzing test case #370 (1294 total, 0 uniq crashes found)...[0m
scheduled max input!!!!
schedule: 4 level29_3/ijon_max/4
[1;94m[*] [0mFuzzing test case #371 (1294 total, 0 uniq crashes found)...[0m
scheduled max input!!!!
schedule: 10 level29_3/ijon_max/10
updated maxmap 9: 2c2 (len: 611)
updated maxmap 10: 2b7 (len: 611)
[1;94m[*] [0mFuzzing test case #372 (1294 total, 0 uniq crashes found)...[0m
[1;94m[*] [0mFuzzing test case #373 (1294 total, 0 uniq crashes found)...[0m
scheduled max input!!!!
schedule: 10 level29_3/ijon_max/10
updated maxmap 10: 2b8 (len: 611)
updated maxmap 9: 2c3 (len: 611)
[1;94m[*] [0mFuzzing test case #374 (1294 total, 0 uniq crashes found)...[0m
scheduled max input!!!!
schedule: 0 level29_3/ijon_max/0
[1;94m[*] [0mFuzzing test case #375 (1294 total, 0 uniq crashes found)...[0m
scheduled max input!!!!
schedule: 11 level29_3/ijon_max/11
updated maxmap 11: 2ba (len: 606)
[1;94m[*] [0mFuzzing test case #376 (1294 total, 0 uniq crashes found)...[0m
scheduled max input!!!!
schedule: 3 level29_3/ijon_max/3
updated maxmap 3: 502 (len: 1313)
minimized maxmap 3: 502 (len: 1311)
[1;94m[*] [0mFuzzing test case #377 (1294 total, 0 uniq crashes found)...[0m
scheduled max input!!!!
schedule: 7 level29_3/ijon_max/7
updated maxmap 8: 4f9 (len: 1303)
updated maxmap 8: 4fb (len: 1303)
minimized maxmap 3: 502 (len: 1303)
updated maxmap 7: 506 (len: 1304)
updated maxmap 3: 504 (len: 1303)
[1;94m[*] [0mFuzzing test case #378 (1294 total, 0 uniq crashes found)...[0m
scheduled max input!!!!
schedule: 4 level29_3/ijon_max/4
updated maxmap 4: 4ff (len: 1303)
[1;94m[*] [0mFuzzing test case #379 (1295 total, 0 uniq crashes found)...[0m
scheduled max input!!!!
schedule: 7 level29_3/ijon_max/7
updated maxmap 8: 501 (len: 1304)
updated maxmap 5: 50c (len: 1308)
updated maxmap 6: 506 (len: 1324)
updated maxmap 4: 506 (len: 1304)
updated maxmap 9: 4ce (len: 1309)
updated maxmap 7: 508 (len: 1304)
updated maxmap 8: 502 (len: 1304)
updated maxmap 4: 50a (len: 1315)
updated maxmap 8: 511 (len: 1310)
updated maxmap 9: 510 (len: 1310)
updated maxmap 2: 50a (len: 1316)
updated maxmap 4: 512 (len: 1312)
updated maxmap 6: 50f (len: 1309)
updated maxmap 7: 50a (len: 1305)
updated maxmap 3: 506 (len: 1304)
updated maxmap 3: 507 (len: 1304)
updated maxmap 3: 509 (len: 1304)
updated maxmap 2: 50c (len: 1316)
updated maxmap 4: 518 (len: 1315)
updated maxmap 5: 50f (len: 1315)
updated maxmap 6: 511 (len: 1310)
updated maxmap 7: 50b (len: 1307)
updated maxmap 5: 511 (len: 1310)
updated maxmap 10: 4ce (len: 1308)
[1;94m[*] [0mFuzzing test case #380 (1301 total, 0 uniq crashes found)...[0m
scheduled max input!!!!
schedule: 4 level29_3/ijon_max/4
updated maxmap 5: 519 (len: 1315)
updated maxmap 4: 519 (len: 1315)
updated maxmap 3: 50d (len: 1319)
[1;94m[*] [0mFuzzing test case #381 (1301 total, 0 uniq crashes found)...[0m
scheduled max input!!!!
schedule: 11 level29_3/ijon_max/11
updated maxmap 11: 2c2 (len: 613)
[1;94m[*] [0mFuzzing test case #382 (1301 total, 0 uniq crashes found)...[0m
[1;94m[*] [0mFuzzing test case #383 (1301 total, 0 uniq crashes found)...[0m
scheduled max input!!!!
schedule: 2 level29_3/ijon_max/2
updated maxmap 2: 50e (len: 1328)
[1;94m[*] [0mFuzzing test case #384 (1301 total, 0 uniq crashes found)...[0m
scheduled max input!!!!
schedule: 2 level29_3/ijon_max/2
updated maxmap 1: 51b (len: 1336)
updated maxmap 2: 513 (len: 1336)
[1;94m[*] [0mFuzzing test case #385 (1302 total, 0 uniq crashes found)...[0m
scheduled max input!!!!
schedule: 4 level29_3/ijon_max/4
[1;94m[*] [0mFuzzing test case #386 (1302 total, 0 uniq crashes found)...[0m
scheduled max input!!!!
schedule: 2 level29_3/ijon_max/2
updated maxmap 2: 515 (len: 1336)
updated maxmap 2: 517 (len: 1336)
updated maxmap 2: 518 (len: 1336)
updated maxmap 1: 51c (len: 1336)
updated maxmap 2: 51a (len: 1336)
updated maxmap 1: 51d (len: 1337)
updated maxmap 2: 51b (len: 1344)
minimized maxmap 2: 51b (len: 1336)
updated maxmap 3: 514 (len: 1342)
updated maxmap 1: 526 (len: 1345)
updated maxmap 2: 51d (len: 1341)
updated maxmap 3: 516 (len: 1336)
updated maxmap 2: 51e (len: 1343)
updated maxmap 0: 523 (len: 1361)
updated maxmap 4: 523 (len: 1346)
updated maxmap 5: 520 (len: 1346)
[1;94m[*] [0mFuzzing test case #387 (1308 total, 0 uniq crashes found)...[0m
scheduled max input!!!!
schedule: 11 level29_3/ijon_max/11
[1;94m[*] [0mFuzzing test case #388 (1308 total, 0 uniq crashes found)...[0m
scheduled max input!!!!
schedule: 3 level29_3/ijon_max/3
[1;94m[*] [0mFuzzing test case #389 (1308 total, 0 uniq crashes found)...[0m
[1;94m[*] [0mFuzzing test case #390 (1308 total, 0 uniq crashes found)...[0m
scheduled max input!!!!
schedule: 8 level29_3/ijon_max/8
updated maxmap 7: 511 (len: 1315)
updated maxmap 7: 512 (len: 1311)
updated maxmap 9: 513 (len: 1313)
updated maxmap 10: 507 (len: 1313)
[1;94m[*] [0mFuzzing test case #391 (1308 total, 0 uniq crashes found)...[0m
scheduled max input!!!!
schedule: 1 level29_3/ijon_max/1
minimized maxmap 0: 523 (len: 1345)
updated maxmap 1: 527 (len: 1345)
updated maxmap 0: 52f (len: 1352)
updated maxmap 1: 52b (len: 1362)
[1;94m[*] [0mFuzzing test case #392 (1309 total, 0 uniq crashes found)...[0m
scheduled max input!!!!
schedule: 4 level29_3/ijon_max/4
updated maxmap 4: 524 (len: 1346)
updated maxmap 5: 521 (len: 1346)
updated maxmap 4: 529 (len: 1350)
updated maxmap 5: 526 (len: 1350)
[1;94m[*] [0mFuzzing test case #393 (1310 total, 0 uniq crashes found)...[0m
scheduled max input!!!!
schedule: 6 level29_3/ijon_max/6
[1;94m[*] [0mFuzzing test case #394 (1310 total, 0 uniq crashes found)...[0m
scheduled max input!!!!
schedule: 3 level29_3/ijon_max/3
[1;94m[*] [0mFuzzing test case #395 (1310 total, 0 uniq crashes found)...[0m
[1;94m[*] [0mFuzzing test case #396 (1310 total, 0 uniq crashes found)...[0m
scheduled max input!!!!
schedule: 5 level29_3/ijon_max/5
updated maxmap 4: 52d (len: 1352)
updated maxmap 5: 52a (len: 1352)
updated maxmap 5: 52c (len: 1350)
[1;94m[*] [0mFuzzing test case #397 (1310 total, 0 uniq crashes found)...[0m
[1;94m[*] [0mFuzzing test case #398 (1310 total, 0 uniq crashes found)...[0m
scheduled max input!!!!
schedule: 0 level29_3/ijon_max/0
updated maxmap 1: 52c (len: 1352)
updated maxmap 1: 52f (len: 1356)
updated maxmap 0: 530 (len: 1358)
[1;94m[*] [0mFuzzing test case #399 (1310 total, 0 uniq crashes found)...[0m
scheduled max input!!!!
schedule: 7 level29_3/ijon_max/7
minimized maxmap 9: 513 (len: 1311)
minimized maxmap 10: 507 (len: 1311)
updated maxmap 7: 513 (len: 1311)
[1;94m[*] [0mFuzzing test case #400 (1310 total, 0 uniq crashes found)...[0m
scheduled max input!!!!
schedule: 5 level29_3/ijon_max/5
updated maxmap 5: 538 (len: 1358)
updated maxmap 3: 518 (len: 1357)
updated maxmap 4: 52f (len: 1354)
[1;94m[*] [0mFuzzing test case #401 (1312 total, 0 uniq crashes found)...[0m
[1;94m[*] [0mFuzzing test case #402 (1312 total, 0 uniq crashes found)...[0m
scheduled max input!!!!
schedule: 2 level29_3/ijon_max/2
minimized maxmap 3: 518 (len: 1343)
[1;94m[*] [0mFuzzing test case #403 (1312 total, 0 uniq crashes found)...[0m
[1;94m[*] [0mFuzzing test case #404 (1312 total, 0 uniq crashes found)...[0m
scheduled max input!!!!
schedule: 7 level29_3/ijon_max/7
updated maxmap 6: 513 (len: 1311)
[1;94m[*] [0mFuzzing test case #405 (1312 total, 0 uniq crashes found)...[0m
[1;94m[*] [0mFuzzing test case #406 (1312 total, 0 uniq crashes found)...[0m
scheduled max input!!!!
schedule: 2 level29_3/ijon_max/2
[1;94m[*] [0mFuzzing test case #407 (1312 total, 0 uniq crashes found)...[0m
[1;94m[*] [0mFuzzing test case #408 (1312 total, 0 uniq crashes found)...[0m
scheduled max input!!!!
schedule: 10 level29_3/ijon_max/10
[1;94m[*] [0mFuzzing test case #409 (1312 total, 0 uniq crashes found)...[0m
scheduled max input!!!!
schedule: 4 level29_3/ijon_max/4
[1;94m[*] [0mFuzzing test case #410 (1313 total, 0 uniq crashes found)...[0m
[1;94m[*] [0mFuzzing test case #411 (1313 total, 0 uniq crashes found)...[0m
scheduled max input!!!!
schedule: 0 level29_3/ijon_max/0
[1;94m[*] [0mFuzzing test case #412 (1313 total, 0 uniq crashes found)...[0m
scheduled max input!!!!
schedule: 4 level29_3/ijon_max/4
[1;94m[*] [0mFuzzing test case #413 (1313 total, 0 uniq crashes found)...[0m
scheduled max input!!!!
schedule: 10 level29_3/ijon_max/10
updated maxmap 8: 512 (len: 1311)
[1;94m[*] [0mFuzzing test case #414 (1313 total, 0 uniq crashes found)...[0m
scheduled max input!!!!
schedule: 3 level29_3/ijon_max/3
[1;94m[*] [0mFuzzing test case #415 (1313 total, 0 uniq crashes found)...[0m
scheduled max input!!!!
schedule: 2 level29_3/ijon_max/2
[1;94m[*] [0mFuzzing test case #416 (1313 total, 0 uniq crashes found)...[0m
scheduled max input!!!!
schedule: 7 level29_3/ijon_max/7
[1;94m[*] [0mFuzzing test case #417 (1313 total, 0 uniq crashes found)...[0m
scheduled max input!!!!
schedule: 6 level29_3/ijon_max/6
[1;94m[*] [0mFuzzing test case #418 (1313 total, 0 uniq crashes found)...[0m
scheduled max input!!!!
schedule: 1 level29_3/ijon_max/1
minimized maxmap 0: 530 (len: 1356)
[1;94m[*] [0mFuzzing test case #419 (1313 total, 0 uniq crashes found)...[0m
[1;94m[*] [0mFuzzing test case #420 (1313 total, 0 uniq crashes found)...[0m
scheduled max input!!!!
schedule: 10 level29_3/ijon_max/10
[1;94m[*] [0mFuzzing test case #421 (1313 total, 0 uniq crashes found)...[0m
scheduled max input!!!!
schedule: 3 level29_3/ijon_max/3
[1;94m[*] [0mFuzzing test case #422 (1313 total, 0 uniq crashes found)...[0m
scheduled max input!!!!
schedule: 5 level29_3/ijon_max/5
updated maxmap 6: 532 (len: 1358)
updated maxmap 4: 537 (len: 1358)
updated maxmap 4: 542 (len: 1365)
updated maxmap 5: 53c (len: 1365)
updated maxmap 5: 53f (len: 1364)
updated maxmap 1: 531 (len: 1366)
updated maxmap 5: 543 (len: 1366)
updated maxmap 1: 532 (len: 1366)
updated maxmap 4: 543 (len: 1378)
[1;94m[*] [0mFuzzing test case #423 (1325 total, 0 uniq crashes found)...[0m
[1;94m[*] [0mFuzzing test case #424 (1325 total, 0 uniq crashes found)...[0m
scheduled max input!!!!
schedule: 0 level29_3/ijon_max/0
[1;94m[*] [0mFuzzing test case #425 (1325 total, 0 uniq crashes found)...[0m
scheduled max input!!!!
schedule: 2 level29_3/ijon_max/2
[1;94m[*] [0mFuzzing test case #426 (1325 total, 0 uniq crashes found)...[0m
scheduled max input!!!!
schedule: 4 level29_3/ijon_max/4
updated maxmap 4: 544 (len: 1378)
updated maxmap 5: 544 (len: 1378)
[1;94m[*] [0mFuzzing test case #427 (1325 total, 0 uniq crashes found)...[0m
scheduled max input!!!!
schedule: 11 level29_3/ijon_max/11
updated maxmap 11: 2c3 (len: 613)
[1;94m[*] [0mFuzzing test case #428 (1325 total, 0 uniq crashes found)...[0m
scheduled max input!!!!
schedule: 3 level29_3/ijon_max/3
[1;94m[*] [0mFuzzing test case #429 (1325 total, 0 uniq crashes found)...[0m
scheduled max input!!!!
schedule: 3 level29_3/ijon_max/3
[1;94m[*] [0mFuzzing test case #430 (1325 total, 0 uniq crashes found)...[0m
[1;94m[*] [0mFuzzing test case #431 (1325 total, 0 uniq crashes found)...[0m
scheduled max input!!!!
schedule: 1 level29_3/ijon_max/1
updated maxmap 1: 533 (len: 1367)
[1;94m[*] [0mFuzzing test case #432 (1325 total, 0 uniq crashes found)...[0m
[1;94m[*] [0mFuzzing test case #433 (1325 total, 0 uniq crashes found)...[0m
scheduled max input!!!!
schedule: 0 level29_3/ijon_max/0
[1;94m[*] [0mFuzzing test case #434 (1326 total, 0 uniq crashes found)...[0m
[1;94m[*] [0mFuzzing test case #435 (1326 total, 0 uniq crashes found)...[0m
scheduled max input!!!!
schedule: 1 level29_3/ijon_max/1
[1;94m[*] [0mFuzzing test case #436 (1326 total, 0 uniq crashes found)...[0m
[1;94m[*] [0mFuzzing test case #437 (1326 total, 0 uniq crashes found)...[0m
scheduled max input!!!!
schedule: 8 level29_3/ijon_max/8
updated maxmap 8: 513 (len: 1311)
[1;94m[*] [0mFuzzing test case #438 (1326 total, 0 uniq crashes found)...[0m
scheduled max input!!!!
schedule: 8 level29_3/ijon_max/8
[1;94m[*] [0mFuzzing test case #439 (1326 total, 0 uniq crashes found)...[0m
scheduled max input!!!!
schedule: 10 level29_3/ijon_max/10
[1;94m[*] [0mFuzzing test case #440 (1326 total, 0 uniq crashes found)...[0m
scheduled max input!!!!
schedule: 8 level29_3/ijon_max/8
updated maxmap 9: 517 (len: 1314)
updated maxmap 10: 510 (len: 1314)
[1;94m[*] [0mFuzzing test case #441 (1326 total, 0 uniq crashes found)...[0m
[1;94m[*] [0mFuzzing test case #442 (1326 total, 0 uniq crashes found)...[0m
scheduled max input!!!!
schedule: 7 level29_3/ijon_max/7
updated maxmap 7: 514 (len: 1312)
[1;94m[*] [0mFuzzing test case #443 (1326 total, 0 uniq crashes found)...[0m
scheduled max input!!!!
schedule: 10 level29_3/ijon_max/10
updated maxmap 7: 515 (len: 1314)
updated maxmap 9: 518 (len: 1316)
[1;94m[*] [0mFuzzing test case #444 (1326 total, 0 uniq crashes found)...[0m
[1;94m[*] [0mFuzzing test case #445 (1326 total, 0 uniq crashes found)...[0m
scheduled max input!!!!
schedule: 5 level29_3/ijon_max/5
[1;94m[*] [0mFuzzing test case #446 (1326 total, 0 uniq crashes found)...[0m
[1;94m[*] [0mFuzzing test case #447 (1326 total, 0 uniq crashes found)...[0m
scheduled max input!!!!
schedule: 11 level29_3/ijon_max/11
updated maxmap 11: 2c6 (len: 617)
[1;94m[*] [0mFuzzing test case #448 (1326 total, 0 uniq crashes found)...[0m
scheduled max input!!!!
schedule: 0 level29_3/ijon_max/0
[1;94m[*] [0mFuzzing test case #449 (1326 total, 0 uniq crashes found)...[0m
scheduled max input!!!!
schedule: 2 level29_3/ijon_max/2
[1;94m[*] [0mFuzzing test case #450 (1326 total, 0 uniq crashes found)...[0m
scheduled max input!!!!
schedule: 5 level29_3/ijon_max/5
updated maxmap 0: 532 (len: 1378)
updated maxmap 1: 53f (len: 1378)
updated maxmap 5: 547 (len: 1380)
updated maxmap 4: 548 (len: 1381)
updated maxmap 4: 54d (len: 1384)
updated maxmap 5: 54b (len: 1383)
updated maxmap 6: 549 (len: 1382)
[1;94m[*] [0mFuzzing test case #451 (1335 total, 0 uniq crashes found)...[0m
[1;94m[*] [0mFuzzing test case #452 (1335 total, 0 uniq crashes found)...[0m
scheduled max input!!!!
schedule: 1 level29_3/ijon_max/1
updated maxmap 1: 542 (len: 1378)
[1;94m[*] [0mFuzzing test case #453 (1335 total, 0 uniq crashes found)...[0m
scheduled max input!!!!
schedule: 6 level29_3/ijon_max/6
updated maxmap 6: 54a (len: 1383)
minimized maxmap 6: 54a (len: 1382)
[1;94m[*] [0mFuzzing test case #454 (1335 total, 0 uniq crashes found)...[0m
scheduled max input!!!!
schedule: 1 level29_3/ijon_max/1
[1;94m[*] [0mFuzzing test case #455 (1337 total, 0 uniq crashes found)...[0m
scheduled max input!!!!
schedule: 8 level29_3/ijon_max/8
[1;94m[*] [0mFuzzing test case #456 (1337 total, 0 uniq crashes found)...[0m
scheduled max input!!!!
schedule: 1 level29_3/ijon_max/1
[1;94m[*] [0mFuzzing test case #457 (1338 total, 0 uniq crashes found)...[0m
scheduled max input!!!!
schedule: 11 level29_3/ijon_max/11
updated maxmap 11: 2c8 (len: 617)
[1;94m[*] [0mFuzzing test case #458 (1338 total, 0 uniq crashes found)...[0m
scheduled max input!!!!
schedule: 4 level29_3/ijon_max/4
[1;94m[*] [0mFuzzing test case #459 (1338 total, 0 uniq crashes found)...[0m
[1;94m[*] [0mFuzzing test case #460 (1338 total, 0 uniq crashes found)...[0m
scheduled max input!!!!
schedule: 6 level29_3/ijon_max/6
updated maxmap 6: 54b (len: 1382)
[1;94m[*] [0mFuzzing test case #461 (1338 total, 0 uniq crashes found)...[0m
scheduled max input!!!!
schedule: 1 level29_3/ijon_max/1
[1;94m[*] [0mFuzzing test case #462 (1338 total, 0 uniq crashes found)...[0m
[1;94m[*] [0mFuzzing test case #463 (1338 total, 0 uniq crashes found)...[0m
scheduled max input!!!!
schedule: 3 level29_3/ijon_max/3
[1;94m[*] [0mFuzzing test case #464 (1338 total, 0 uniq crashes found)...[0m
[1;94m[*] [0mFuzzing test case #465 (1338 total, 0 uniq crashes found)...[0m
scheduled max input!!!!
schedule: 9 level29_3/ijon_max/9
updated maxmap 7: 517 (len: 1316)
updated maxmap 10: 513 (len: 1316)
updated maxmap 7: 518 (len: 1316)
[1;94m[*] [0mFuzzing test case #466 (1338 total, 0 uniq crashes found)...[0m
scheduled max input!!!!
schedule: 4 level29_3/ijon_max/4
[1;94m[*] [0mFuzzing test case #467 (1338 total, 0 uniq crashes found)...[0m
scheduled max input!!!!
schedule: 0 level29_3/ijon_max/0
[1;94m[*] [0mFuzzing test case #468 (1338 total, 0 uniq crashes found)...[0m
scheduled max input!!!!
schedule: 4 level29_3/ijon_max/4
[1;94m[*] [0mFuzzing test case #469 (1338 total, 0 uniq crashes found)...[0m
scheduled max input!!!!
schedule: 11 level29_3/ijon_max/11
[1;94m[*] [0mFuzzing test case #470 (1338 total, 0 uniq crashes found)...[0m
scheduled max input!!!!
schedule: 6 level29_3/ijon_max/6
[1;94m[*] [0mFuzzing test case #471 (1338 total, 0 uniq crashes found)...[0m
scheduled max input!!!!
schedule: 8 level29_3/ijon_max/8
[1;94m[*] [0mFuzzing test case #472 (1338 total, 0 uniq crashes found)...[0m
scheduled max input!!!!
schedule: 1 level29_3/ijon_max/1
[1;94m[*] [0mFuzzing test case #473 (1338 total, 0 uniq crashes found)...[0m
scheduled max input!!!!
schedule: 6 level29_3/ijon_max/6
[1;94m[*] [0mFuzzing test case #474 (1338 total, 0 uniq crashes found)...[0m
scheduled max input!!!!
schedule: 9 level29_3/ijon_max/9
updated maxmap 10: 51b (len: 1318)
[1;94m[*] [0mFuzzing test case #475 (1338 total, 0 uniq crashes found)...[0m
[1;94m[*] [0mFuzzing test case #476 (1338 total, 0 uniq crashes found)...[0m
scheduled max input!!!!
schedule: 0 level29_3/ijon_max/0
[1;94m[*] [0mFuzzing test case #477 (1338 total, 0 uniq crashes found)...[0m
[1;94m[*] [0mFuzzing test case #478 (1338 total, 0 uniq crashes found)...[0m
scheduled max input!!!!
schedule: 7 level29_3/ijon_max/7
updated maxmap 7: 519 (len: 1317)
updated maxmap 3: 51e (len: 1323)
[1;94m[*] [0mFuzzing test case #479 (1338 total, 0 uniq crashes found)...[0m
[1;94m[*] [0mFuzzing test case #480 (1338 total, 0 uniq crashes found)...[0m
[1;94m[*] [0mFuzzing test case #481 (1338 total, 0 uniq crashes found)...[0m
scheduled max input!!!!
schedule: 11 level29_3/ijon_max/11
[1;94m[*] [0mFuzzing test case #482 (1338 total, 0 uniq crashes found)...[0m
scheduled max input!!!!
schedule: 3 level29_3/ijon_max/3
[1;94m[*] [0mFuzzing test case #483 (1339 total, 0 uniq crashes found)...[0m
scheduled max input!!!!
schedule: 2 level29_3/ijon_max/2
[1;94m[*] [0mFuzzing test case #484 (1339 total, 0 uniq crashes found)...[0m
scheduled max input!!!!
schedule: 8 level29_3/ijon_max/8
[1;94m[*] [0mFuzzing test case #485 (1339 total, 0 uniq crashes found)...[0m
[1;94m[*] [0mFuzzing test case #486 (1339 total, 0 uniq crashes found)...[0m
scheduled max input!!!!
schedule: 3 level29_3/ijon_max/3
[1;94m[*] [0mFuzzing test case #487 (1339 total, 0 uniq crashes found)...[0m
scheduled max input!!!!
schedule: 8 level29_3/ijon_max/8
[1;94m[*] [0mFuzzing test case #488 (1339 total, 0 uniq crashes found)...[0m
scheduled max input!!!!
schedule: 9 level29_3/ijon_max/9
updated maxmap 8: 517 (len: 1316)
[1;94m[*] [0mFuzzing test case #489 (1339 total, 0 uniq crashes found)...[0m
[1;94m[*] [0mFuzzing test case #490 (1339 total, 0 uniq crashes found)...[0m
scheduled max input!!!!
schedule: 7 level29_3/ijon_max/7
[1;94m[*] [0mFuzzing test case #491 (1339 total, 0 uniq crashes found)...[0m
scheduled max input!!!!
schedule: 11 level29_3/ijon_max/11
[1;94m[*] [0mFuzzing test case #492 (1339 total, 0 uniq crashes found)...[0m
scheduled max input!!!!
schedule: 7 level29_3/ijon_max/7
[1;94m[*] [0mFuzzing test case #493 (1339 total, 0 uniq crashes found)...[0m
scheduled max input!!!!
schedule: 5 level29_3/ijon_max/5
[1;94m[*] [0mFuzzing test case #494 (1339 total, 0 uniq crashes found)...[0m
[1;94m[*] [0mFuzzing test case #495 (1339 total, 0 uniq crashes found)...[0m
scheduled max input!!!!
schedule: 3 level29_3/ijon_max/3
[1;94m[*] [0mFuzzing test case #496 (1339 total, 0 uniq crashes found)...[0m
scheduled max input!!!!
schedule: 3 level29_3/ijon_max/3
minimized maxmap 2: 51e (len: 1323)
updated maxmap 7: 529 (len: 1328)
updated maxmap 8: 51f (len: 1328)
[1;94m[*] [0mFuzzing test case #497 (1339 total, 0 uniq crashes found)...[0m
scheduled normal input!!!!
[1;94m[*] [0mFuzzing test case #498 (1340 total, 0 uniq crashes found)...[0m
[1;94m[*] [0mFuzzing test case #499 (1340 total, 0 uniq crashes found)...[0m
scheduled max input!!!!
schedule: 1 level29_3/ijon_max/1
updated maxmap 1: 546 (len: 1381)
[1;94m[*] [0mFuzzing test case #500 (1340 total, 0 uniq crashes found)...[0m
[1;94m[*] [0mFuzzing test case #501 (1340 total, 0 uniq crashes found)...[0m
scheduled max input!!!!
schedule: 0 level29_3/ijon_max/0
[1;94m[*] [0mFuzzing test case #502 (1340 total, 0 uniq crashes found)...[0m
[1;94m[*] [0mFuzzing test case #503 (1340 total, 0 uniq crashes found)...[0m
scheduled max input!!!!
schedule: 5 level29_3/ijon_max/5
[1;94m[*] [0mFuzzing test case #504 (1340 total, 0 uniq crashes found)...[0m
scheduled max input!!!!
schedule: 7 level29_3/ijon_max/7
updated maxmap 7: 52a (len: 1328)
updated maxmap 8: 520 (len: 1333)
[1;94m[*] [0mFuzzing test case #505 (1340 total, 0 uniq crashes found)...[0m
[1;94m[*] [0mFuzzing test case #506 (1340 total, 0 uniq crashes found)...[0m
scheduled max input!!!!
schedule: 6 level29_3/ijon_max/6
updated maxmap 3: 555 (len: 1390)
updated maxmap 4: 554 (len: 1390)
[1;94m[*] [0mFuzzing test case #507 (1342 total, 0 uniq crashes found)...[0m
scheduled max input!!!!
schedule: 9 level29_3/ijon_max/9
[1;94m[*] [0mFuzzing test case #508 (1342 total, 0 uniq crashes found)...[0m
scheduled max input!!!!
schedule: 7 level29_3/ijon_max/7
[1;94m[*] [0mFuzzing test case #509 (1342 total, 0 uniq crashes found)...[0m
scheduled max input!!!!
schedule: 10 level29_3/ijon_max/10
updated maxmap 11: 50f (len: 1318)
[1;94m[*] [0mFuzzing test case #510 (1342 total, 0 uniq crashes found)...[0m
scheduled max input!!!!
schedule: 7 level29_3/ijon_max/7
[1;94m[*] [0mFuzzing test case #511 (1342 total, 0 uniq crashes found)...[0m
scheduled max input!!!!
schedule: 2 level29_3/ijon_max/2
[1;94m[*] [0mFuzzing test case #512 (1342 total, 0 uniq crashes found)...[0m
scheduled max input!!!!
schedule: 8 level29_3/ijon_max/8
[1;94m[*] [0mFuzzing test case #513 (1342 total, 0 uniq crashes found)...[0m
scheduled max input!!!!
schedule: 5 level29_3/ijon_max/5
updated maxmap 5: 54c (len: 1383)
[1;94m[*] [0mFuzzing test case #514 (1342 total, 0 uniq crashes found)...[0m
scheduled max input!!!!
schedule: 10 level29_3/ijon_max/10
[1;94m[*] [0mFuzzing test case #515 (1342 total, 0 uniq crashes found)...[0m
scheduled max input!!!!
schedule: 3 level29_3/ijon_max/3
updated maxmap 5: 553 (len: 1390)
updated maxmap 6: 551 (len: 1390)
updated maxmap 3: 556 (len: 1390)
updated maxmap 6: 556 (len: 1390)
updated maxmap 3: 557 (len: 1391)
updated maxmap 4: 555 (len: 1391)
minimized maxmap 4: 555 (len: 1390)
[1;94m[*] [0mFuzzing test case #516 (1342 total, 0 uniq crashes found)...[0m
scheduled max input!!!!
schedule: 8 level29_3/ijon_max/8
updated maxmap 7: 52d (len: 1335)
updated maxmap 8: 529 (len: 1335)
minimized maxmap 8: 529 (len: 1333)
[1;94m[*] [0mFuzzing test case #517 (1342 total, 0 uniq crashes found)...[0m
scheduled max input!!!!
schedule: 9 level29_3/ijon_max/9
[1;94m[*] [0mFuzzing test case #518 (1342 total, 0 uniq crashes found)...[0m
[1;94m[*] [0mFuzzing test case #519 (1342 total, 0 uniq crashes found)...[0m
scheduled max input!!!!
schedule: 2 level29_3/ijon_max/2
[1;94m[*] [0mFuzzing test case #520 (1342 total, 0 uniq crashes found)...[0m
scheduled max input!!!!
schedule: 10 level29_3/ijon_max/10
[1;94m[*] [0mFuzzing test case #521 (1342 total, 0 uniq crashes found)...[0m
scheduled max input!!!!
schedule: 1 level29_3/ijon_max/1
[1;94m[*] [0mFuzzing test case #522 (1342 total, 0 uniq crashes found)...[0m
[1;94m[*] [0mFuzzing test case #523 (1342 total, 0 uniq crashes found)...[0m
scheduled max input!!!!
schedule: 3 level29_3/ijon_max/3
updated maxmap 5: 554 (len: 1391)
[1;94m[*] [0mFuzzing test case #524 (1342 total, 0 uniq crashes found)...[0m
scheduled max input!!!!
schedule: 7 level29_3/ijon_max/7
[1;94m[*] [0mFuzzing test case #525 (1342 total, 0 uniq crashes found)...[0m
scheduled max input!!!!
schedule: 2 level29_3/ijon_max/2
[1;94m[*] [0mFuzzing test case #526 (1342 total, 0 uniq crashes found)...[0m
scheduled max input!!!!
schedule: 3 level29_3/ijon_max/3
updated maxmap 4: 556 (len: 1391)
[1;94m[*] [0mFuzzing test case #527 (1342 total, 0 uniq crashes found)...[0m
[1;94m[*] [0mFuzzing test case #528 (1342 total, 0 uniq crashes found)...[0m
scheduled max input!!!!
schedule: 1 level29_3/ijon_max/1
[1;94m[*] [0mFuzzing test case #529 (1342 total, 0 uniq crashes found)...[0m
scheduled max input!!!!
schedule: 0 level29_3/ijon_max/0
[1;94m[*] [0mFuzzing test case #530 (1342 total, 0 uniq crashes found)...[0m
scheduled max input!!!!
schedule: 6 level29_3/ijon_max/6
minimized maxmap 3: 557 (len: 1390)
updated maxmap 5: 556 (len: 1390)
[1;94m[*] [0mFuzzing test case #531 (1342 total, 0 uniq crashes found)...[0m
scheduled max input!!!!
schedule: 10 level29_3/ijon_max/10
[1;94m[*] [0mFuzzing test case #532 (1342 total, 0 uniq crashes found)...[0m
[1;94m[*] [0mFuzzing test case #533 (1342 total, 0 uniq crashes found)...[0m
scheduled max input!!!!
schedule: 3 level29_3/ijon_max/3
[1;94m[*] [0mFuzzing test case #534 (1342 total, 0 uniq crashes found)...[0m
[1;94m[*] [0mFuzzing test case #535 (1342 total, 0 uniq crashes found)...[0m
scheduled max input!!!!
schedule: 10 level29_3/ijon_max/10
[1;94m[*] [0mFuzzing test case #536 (1342 total, 0 uniq crashes found)...[0m
scheduled max input!!!!
schedule: 11 level29_3/ijon_max/11
updated maxmap 11: 510 (len: 1318)
[1;94m[*] [0mFuzzing test case #537 (1342 total, 0 uniq crashes found)...[0m
scheduled max input!!!!
schedule: 4 level29_3/ijon_max/4
updated maxmap 4: 557 (len: 1391)
[1;94m[*] [0mFuzzing test case #538 (1342 total, 0 uniq crashes found)...[0m
scheduled max input!!!!
schedule: 9 level29_3/ijon_max/9
[1;94m[*] [0mFuzzing test case #539 (1342 total, 0 uniq crashes found)...[0m
[1;94m[*] [0mFuzzing test case #540 (1342 total, 0 uniq crashes found)...[0m
scheduled max input!!!!
schedule: 10 level29_3/ijon_max/10
[1;94m[*] [0mFuzzing test case #541 (1342 total, 0 uniq crashes found)...[0m
[1;94m[*] [0mFuzzing test case #542 (1342 total, 0 uniq crashes found)...[0m
scheduled max input!!!!
schedule: 4 level29_3/ijon_max/4
[1;94m[*] [0mFuzzing test case #543 (1342 total, 0 uniq crashes found)...[0m
scheduled max input!!!!
schedule: 11 level29_3/ijon_max/11
updated maxmap 11: 512 (len: 1318)
[1;94m[*] [0mFuzzing test case #544 (1342 total, 0 uniq crashes found)...[0m
scheduled max input!!!!
schedule: 1 level29_3/ijon_max/1
updated maxmap 1: 547 (len: 1381)
[1;94m[*] [0mFuzzing test case #545 (1342 total, 0 uniq crashes found)...[0m
[1;94m[*] [0mFuzzing test case #546 (1342 total, 0 uniq crashes found)...[0m
scheduled max input!!!!
schedule: 5 level29_3/ijon_max/5
[1;94m[*] [0mFuzzing test case #547 (1342 total, 0 uniq crashes found)...[0m
scheduled max input!!!!
schedule: 8 level29_3/ijon_max/8
[1;94m[*] [0mFuzzing test case #548 (1342 total, 0 uniq crashes found)...[0m
scheduled max input!!!!
schedule: 3 level29_3/ijon_max/3
updated maxmap 3: 558 (len: 1393)
[1;94m[*] [0mFuzzing test case #549 (1342 total, 0 uniq crashes found)...[0m
scheduled max input!!!!
schedule: 2 level29_3/ijon_max/2
[1;94m[*] [0mFuzzing test case #550 (1342 total, 0 uniq crashes found)...[0m
[1;94m[*] [0mFuzzing test case #551 (1342 total, 0 uniq crashes found)...[0m
scheduled max input!!!!
schedule: 2 level29_3/ijon_max/2
[1;94m[*] [0mFuzzing test case #552 (1342 total, 0 uniq crashes found)...[0m
scheduled max input!!!!
schedule: 5 level29_3/ijon_max/5
[1;94m[*] [0mFuzzing test case #553 (1342 total, 0 uniq crashes found)...[0m
scheduled max input!!!!
schedule: 7 level29_3/ijon_max/7
updated maxmap 7: 52e (len: 1341)
[1;94m[*] [0mFuzzing test case #554 (1342 total, 0 uniq crashes found)...[0m
scheduled max input!!!!
schedule: 2 level29_3/ijon_max/2
[1;94m[*] [0mFuzzing test case #555 (1342 total, 0 uniq crashes found)...[0m
scheduled max input!!!!
schedule: 7 level29_3/ijon_max/7
updated maxmap 8: 52a (len: 1341)
updated maxmap 8: 52b (len: 1341)
updated maxmap 8: 52e (len: 1341)
[1;94m[*] [0mFuzzing test case #556 (1342 total, 0 uniq crashes found)...[0m
[1;94m[*] [0mFuzzing test case #557 (1342 total, 0 uniq crashes found)...[0m
scheduled max input!!!!
schedule: 7 level29_3/ijon_max/7
[1;94m[*] [0mFuzzing test case #558 (1342 total, 0 uniq crashes found)...[0m
scheduled max input!!!!
schedule: 9 level29_3/ijon_max/9
[1;94m[*] [0mFuzzing test case #559 (1342 total, 0 uniq crashes found)...[0m
scheduled max input!!!!
schedule: 3 level29_3/ijon_max/3
updated maxmap 3: 559 (len: 1400)
updated maxmap 4: 558 (len: 1400)
[1;94m[*] [0mFuzzing test case #560 (1342 total, 0 uniq crashes found)...[0m
scheduled max input!!!!
schedule: 2 level29_3/ijon_max/2
[1;94m[*] [0mFuzzing test case #561 (1342 total, 0 uniq crashes found)...[0m
scheduled max input!!!!
schedule: 8 level29_3/ijon_max/8
updated maxmap 8: 52f (len: 1341)
updated maxmap 8: 530 (len: 1342)
updated maxmap 9: 529 (len: 1342)
minimized maxmap 9: 529 (len: 1341)
[1;94m[*] [0mFuzzing test case #562 (1342 total, 0 uniq crashes found)...[0m
scheduled max input!!!!
schedule: 4 level29_3/ijon_max/4
updated maxmap 3: 55a (len: 1400)
[1;94m[*] [0mFuzzing test case #563 (1342 total, 0 uniq crashes found)...[0m
scheduled max input!!!!
schedule: 6 level29_3/ijon_max/6
[1;94m[*] [0mFuzzing test case #564 (1342 total, 0 uniq crashes found)...[0m
scheduled max input!!!!
schedule: 9 level29_3/ijon_max/9
[1;94m[*] [0mFuzzing test case #565 (1342 total, 0 uniq crashes found)...[0m
scheduled max input!!!!
schedule: 10 level29_3/ijon_max/10
[1;94m[*] [0mFuzzing test case #566 (1342 total, 0 uniq crashes found)...[0m
[1;94m[*] [0mFuzzing test case #567 (1342 total, 0 uniq crashes found)...[0m
scheduled max input!!!!
schedule: 1 level29_3/ijon_max/1
[1;94m[*] [0mFuzzing test case #568 (1342 total, 0 uniq crashes found)...[0m
[1;94m[*] [0mFuzzing test case #569 (1342 total, 0 uniq crashes found)...[0m
scheduled max input!!!!
schedule: 6 level29_3/ijon_max/6
[1;94m[*] [0mFuzzing test case #570 (1342 total, 0 uniq crashes found)...[0m
scheduled max input!!!!
schedule: 1 level29_3/ijon_max/1
[1;94m[*] [0mFuzzing test case #571 (1342 total, 0 uniq crashes found)...[0m
[1;94m[*] [0mFuzzing test case #572 (1342 total, 0 uniq crashes found)...[0m
scheduled max input!!!!
schedule: 0 level29_3/ijon_max/0
[1;94m[*] [0mFuzzing test case #573 (1342 total, 0 uniq crashes found)...[0m
scheduled max input!!!!
schedule: 5 level29_3/ijon_max/5
[1;94m[*] [0mFuzzing test case #574 (1342 total, 0 uniq crashes found)...[0m
scheduled max input!!!!
schedule: 0 level29_3/ijon_max/0
[1;94m[*] [0mFuzzing test case #575 (1342 total, 0 uniq crashes found)...[0m
scheduled max input!!!!
schedule: 11 level29_3/ijon_max/11
[1;94m[*] [0mFuzzing test case #576 (1342 total, 0 uniq crashes found)...[0m
[1;94m[*] [0mFuzzing test case #577 (1342 total, 0 uniq crashes found)...[0m
scheduled max input!!!!
schedule: 0 level29_3/ijon_max/0
[1;94m[*] [0mFuzzing test case #578 (1342 total, 0 uniq crashes found)...[0m
scheduled max input!!!!
schedule: 2 level29_3/ijon_max/2
[1;94m[*] [0mFuzzing test case #579 (1342 total, 0 uniq crashes found)...[0m
scheduled max input!!!!
schedule: 7 level29_3/ijon_max/7
[1;94m[*] [0mFuzzing test case #580 (1342 total, 0 uniq crashes found)...[0m
[1;94m[*] [0mFuzzing test case #581 (1342 total, 0 uniq crashes found)...[0m
scheduled max input!!!!
schedule: 6 level29_3/ijon_max/6
[1;94m[*] [0mFuzzing test case #582 (1342 total, 0 uniq crashes found)...[0m
scheduled max input!!!!
schedule: 5 level29_3/ijon_max/5
[1;94m[*] [0mFuzzing test case #583 (1342 total, 0 uniq crashes found)...[0m
scheduled max input!!!!
schedule: 8 level29_3/ijon_max/8
[1;94m[*] [0mFuzzing test case #584 (1342 total, 0 uniq crashes found)...[0m
scheduled max input!!!!
schedule: 8 level29_3/ijon_max/8
updated maxmap 9: 52f (len: 1342)
[1;94m[*] [0mFuzzing test case #585 (1342 total, 0 uniq crashes found)...[0m
scheduled max input!!!!
schedule: 9 level29_3/ijon_max/9
updated maxmap 9: 530 (len: 1342)
[1;94m[*] [0mFuzzing test case #586 (1342 total, 0 uniq crashes found)...[0m
scheduled max input!!!!
schedule: 4 level29_3/ijon_max/4
[1;94m[*] [0mFuzzing test case #587 (1342 total, 0 uniq crashes found)...[0m
scheduled max input!!!!
schedule: 10 level29_3/ijon_max/10
[1;94m[*] [0mFuzzing test case #588 (1343 total, 0 uniq crashes found)...[0m
scheduled max input!!!!
schedule: 5 level29_3/ijon_max/5
[1;94m[*] [0mFuzzing test case #589 (1343 total, 0 uniq crashes found)...[0m
scheduled max input!!!!
schedule: 3 level29_3/ijon_max/3
[1;94m[*] [0mFuzzing test case #590 (1343 total, 0 uniq crashes found)...[0m
scheduled max input!!!!
schedule: 0 level29_3/ijon_max/0
[1;94m[*] [0mFuzzing test case #591 (1343 total, 0 uniq crashes found)...[0m
scheduled max input!!!!
schedule: 10 level29_3/ijon_max/10
[1;94m[*] [0mFuzzing test case #592 (1343 total, 0 uniq crashes found)...[0m
scheduled max input!!!!
schedule: 5 level29_3/ijon_max/5
updated maxmap 3: 55c (len: 1405)
[1;94m[*] [0mFuzzing test case #593 (1343 total, 0 uniq crashes found)...[0m
scheduled max input!!!!
schedule: 3 level29_3/ijon_max/3
updated maxmap 3: 55d (len: 1412)
[1;94m[*] [0mFuzzing test case #594 (1343 total, 0 uniq crashes found)...[0m
scheduled max input!!!!
schedule: 4 level29_3/ijon_max/4
[1;94m[*] [0mFuzzing test case #595 (1343 total, 0 uniq crashes found)...[0m
[1;94m[*] [0mFuzzing test case #596 (1343 total, 0 uniq crashes found)...[0m
scheduled max input!!!!
schedule: 11 level29_3/ijon_max/11
[1;94m[*] [0mFuzzing test case #597 (1343 total, 0 uniq crashes found)...[0m
[1;94m[*] [0mFuzzing test case #598 (1343 total, 0 uniq crashes found)...[0m
[1;94m[*] [0mFuzzing test case #599 (1343 total, 0 uniq crashes found)...[0m
scheduled max input!!!!
schedule: 0 level29_3/ijon_max/0
[1;94m[*] [0mFuzzing test case #600 (1344 total, 0 uniq crashes found)...[0m
scheduled max input!!!!
schedule: 11 level29_3/ijon_max/11
[1;94m[*] [0mFuzzing test case #601 (1344 total, 0 uniq crashes found)...[0m
scheduled max input!!!!
schedule: 3 level29_3/ijon_max/3
updated maxmap 3: 55e (len: 1412)
[1;94m[*] [0mFuzzing test case #602 (1344 total, 0 uniq crashes found)...[0m
scheduled max input!!!!
schedule: 5 level29_3/ijon_max/5
[1;94m[*] [0mFuzzing test case #603 (1344 total, 0 uniq crashes found)...[0m
[1;94m[*] [0mFuzzing test case #604 (1344 total, 0 uniq crashes found)...[0m
scheduled max input!!!!
schedule: 9 level29_3/ijon_max/9
[1;94m[*] [0mFuzzing test case #605 (1345 total, 0 uniq crashes found)...[0m
[1;94m[*] [0mFuzzing test case #606 (1345 total, 0 uniq crashes found)...[0m
scheduled max input!!!!
schedule: 0 level29_3/ijon_max/0
[1;94m[*] [0mFuzzing test case #607 (1345 total, 0 uniq crashes found)...[0m
scheduled max input!!!!
schedule: 7 level29_3/ijon_max/7
[1;94m[*] [0mFuzzing test case #608 (1345 total, 0 uniq crashes found)...[0m
scheduled max input!!!!
schedule: 9 level29_3/ijon_max/9
[1;94m[*] [0mFuzzing test case #609 (1345 total, 0 uniq crashes found)...[0m
scheduled max input!!!!
schedule: 1 level29_3/ijon_max/1
updated maxmap 0: 53c (len: 1381)
[1;94m[*] [0mFuzzing test case #610 (1345 total, 0 uniq crashes found)...[0m
[1;94m[*] [0mFuzzing test case #611 (1345 total, 0 uniq crashes found)...[0m
scheduled max input!!!!
schedule: 5 level29_3/ijon_max/5
updated maxmap 3: 560 (len: 1397)
updated maxmap 4: 55c (len: 1394)
updated maxmap 5: 55a (len: 1394)
[1;94m[*] [0mFuzzing test case #612 (1346 total, 0 uniq crashes found)...[0m
scheduled max input!!!!
schedule: 8 level29_3/ijon_max/8
[1;94m[*] [0mFuzzing test case #613 (1346 total, 0 uniq crashes found)...[0m
scheduled max input!!!!
schedule: 0 level29_3/ijon_max/0
updated maxmap 0: 53d (len: 1381)
updated maxmap 0: 53e (len: 1381)
[1;94m[*] [0mFuzzing test case #614 (1346 total, 0 uniq crashes found)...[0m
scheduled max input!!!!
schedule: 9 level29_3/ijon_max/9
[1;94m[*] [0mFuzzing test case #615 (1346 total, 0 uniq crashes found)...[0m
scheduled max input!!!!
schedule: 5 level29_3/ijon_max/5
updated maxmap 5: 55b (len: 1400)
[1;94m[*] [0mFuzzing test case #616 (1346 total, 0 uniq crashes found)...[0m
scheduled max input!!!!
schedule: 5 level29_3/ijon_max/5
updated maxmap 5: 55c (len: 1400)
[1;94m[*] [0mFuzzing test case #617 (1346 total, 0 uniq crashes found)...[0m
scheduled max input!!!!
schedule: 10 level29_3/ijon_max/10
[1;94m[*] [0mFuzzing test case #618 (1346 total, 0 uniq crashes found)...[0m
scheduled max input!!!!
schedule: 11 level29_3/ijon_max/11
[1;94m[*] [0mFuzzing test case #619 (1346 total, 0 uniq crashes found)...[0m
scheduled max input!!!!
schedule: 6 level29_3/ijon_max/6
[1;94m[*] [0mFuzzing test case #620 (1346 total, 0 uniq crashes found)...[0m
scheduled max input!!!!
schedule: 3 level29_3/ijon_max/3
updated maxmap 3: 561 (len: 1397)
[1;94m[*] [0mFuzzing test case #621 (1346 total, 0 uniq crashes found)...[0m
scheduled max input!!!!
schedule: 5 level29_3/ijon_max/5
updated maxmap 3: 563 (len: 1405)
[1;94m[*] [0mFuzzing test case #622 (1346 total, 0 uniq crashes found)...[0m
scheduled max input!!!!
schedule: 8 level29_3/ijon_max/8
[1;94m[*] [0mFuzzing test case #623 (1346 total, 0 uniq crashes found)...[0m
scheduled max input!!!!
schedule: 10 level29_3/ijon_max/10
[1;94m[*] [0mFuzzing test case #624 (1346 total, 0 uniq crashes found)...[0m
[1;94m[*] [0mFuzzing test case #625 (1346 total, 0 uniq crashes found)...[0m
[1;94m[*] [0mFuzzing test case #626 (1346 total, 0 uniq crashes found)...[0m
scheduled max input!!!!
schedule: 4 level29_3/ijon_max/4
minimized maxmap 3: 563 (len: 1400)
[1;94m[*] [0mFuzzing test case #627 (1346 total, 0 uniq crashes found)...[0m
scheduled max input!!!!
schedule: 4 level29_3/ijon_max/4
minimized maxmap 5: 55c (len: 1394)
[1;94m[*] [0mFuzzing test case #628 (1346 total, 0 uniq crashes found)...[0m
scheduled max input!!!!
schedule: 3 level29_3/ijon_max/3
updated maxmap 2: 562 (len: 1400)
updated maxmap 3: 564 (len: 1400)
[1;94m[*] [0mFuzzing test case #629 (1346 total, 0 uniq crashes found)...[0m
scheduled max input!!!!
schedule: 11 level29_3/ijon_max/11
[1;94m[*] [0mFuzzing test case #630 (1346 total, 0 uniq crashes found)...[0m
scheduled max input!!!!
schedule: 9 level29_3/ijon_max/9
[1;94m[*] [0mFuzzing test case #631 (1346 total, 0 uniq crashes found)...[0m
scheduled max input!!!!
schedule: 5 level29_3/ijon_max/5
[1;94m[*] [0mFuzzing test case #632 (1346 total, 0 uniq crashes found)...[0m
scheduled max input!!!!
schedule: 0 level29_3/ijon_max/0
[1;94m[*] [0mFuzzing test case #633 (1346 total, 0 uniq crashes found)...[0m
scheduled max input!!!!
schedule: 5 level29_3/ijon_max/5
updated maxmap 4: 561 (len: 1400)
[1;94m[*] [0mFuzzing test case #634 (1346 total, 0 uniq crashes found)...[0m
scheduled max input!!!!
schedule: 9 level29_3/ijon_max/9
[1;94m[*] [0mFuzzing test case #635 (1346 total, 0 uniq crashes found)...[0m
scheduled max input!!!!
schedule: 11 level29_3/ijon_max/11
updated maxmap 11: 514 (len: 1319)
minimized maxmap 11: 514 (len: 1318)
[1;94m[*] [0mFuzzing test case #636 (1346 total, 0 uniq crashes found)...[0m
scheduled max input!!!!
schedule: 0 level29_3/ijon_max/0
[1;94m[*] [0mFuzzing test case #637 (1346 total, 0 uniq crashes found)...[0m
scheduled max input!!!!
schedule: 5 level29_3/ijon_max/5
[1;94m[*] [0mFuzzing test case #638 (1346 total, 0 uniq crashes found)...[0m
scheduled max input!!!!
schedule: 6 level29_3/ijon_max/6
[1;94m[*] [0mFuzzing test case #639 (1346 total, 0 uniq crashes found)...[0m
scheduled max input!!!!
schedule: 6 level29_3/ijon_max/6
[1;94m[*] [0mFuzzing test case #640 (1346 total, 0 uniq crashes found)...[0m
scheduled max input!!!!
schedule: 11 level29_3/ijon_max/11
updated maxmap 11: 517 (len: 1318)
[1;94m[*] [0mFuzzing test case #641 (1346 total, 0 uniq crashes found)...[0m
[1;94m[*] [0mFuzzing test case #642 (1346 total, 0 uniq crashes found)...[0m
scheduled max input!!!!
schedule: 8 level29_3/ijon_max/8
[1;94m[*] [0mFuzzing test case #643 (1346 total, 0 uniq crashes found)...[0m
scheduled max input!!!!
schedule: 3 level29_3/ijon_max/3
updated maxmap 2: 564 (len: 1400)
updated maxmap 3: 565 (len: 1400)
[1;94m[*] [0mFuzzing test case #644 (1346 total, 0 uniq crashes found)...[0m
scheduled max input!!!!
schedule: 10 level29_3/ijon_max/10
[1;94m[*] [0mFuzzing test case #645 (1346 total, 0 uniq crashes found)...[0m
scheduled max input!!!!
schedule: 10 level29_3/ijon_max/10
[1;94m[*] [0mFuzzing test case #646 (1346 total, 0 uniq crashes found)...[0m
scheduled max input!!!!
schedule: 4 level29_3/ijon_max/4
updated maxmap 4: 562 (len: 1400)
[1;94m[*] [0mFuzzing test case #647 (1346 total, 0 uniq crashes found)...[0m
scheduled max input!!!!
schedule: 2 level29_3/ijon_max/2
updated maxmap 2: 565 (len: 1400)
[1;94m[*] [0mFuzzing test case #648 (1347 total, 0 uniq crashes found)...[0m
scheduled max input!!!!
schedule: 3 level29_3/ijon_max/3
updated maxmap 2: 569 (len: 1405)
[1;94m[*] [0mFuzzing test case #649 (1349 total, 0 uniq crashes found)...[0m
scheduled max input!!!!
schedule: 3 level29_3/ijon_max/3
[1;94m[*] [0mFuzzing test case #650 (1349 total, 0 uniq crashes found)...[0m
scheduled max input!!!!
schedule: 4 level29_3/ijon_max/4
[1;94m[*] [0mFuzzing test case #651 (1349 total, 0 uniq crashes found)...[0m
[1;94m[*] [0mFuzzing test case #652 (1349 total, 0 uniq crashes found)...[0m
scheduled max input!!!!
schedule: 4 level29_3/ijon_max/4
[1;94m[*] [0mFuzzing test case #653 (1349 total, 0 uniq crashes found)...[0m
scheduled max input!!!!
schedule: 4 level29_3/ijon_max/4
[1;94m[*] [0mFuzzing test case #654 (1349 total, 0 uniq crashes found)...[0m
scheduled max input!!!!
schedule: 6 level29_3/ijon_max/6
[1;94m[*] [0mFuzzing test case #655 (1349 total, 0 uniq crashes found)...[0m
scheduled max input!!!!
schedule: 11 level29_3/ijon_max/11
[1;94m[*] [0mFuzzing test case #656 (1349 total, 0 uniq crashes found)...[0m
[1;94m[*] [0mFuzzing test case #657 (1349 total, 0 uniq crashes found)...[0m
scheduled max input!!!!
schedule: 1 level29_3/ijon_max/1
[1;94m[*] [0mFuzzing test case #658 (1349 total, 0 uniq crashes found)...[0m
[1;94m[*] [0mFuzzing test case #659 (1349 total, 0 uniq crashes found)...[0m
[1;94m[*] [0mFuzzing test case #660 (1349 total, 0 uniq crashes found)...[0m
scheduled max input!!!!
schedule: 4 level29_3/ijon_max/4
[1;94m[*] [0mFuzzing test case #661 (1349 total, 0 uniq crashes found)...[0m
[1;94m[*] [0mFuzzing test case #662 (1349 total, 0 uniq crashes found)...[0m
scheduled max input!!!!
schedule: 1 level29_3/ijon_max/1
[1;94m[*] [0mFuzzing test case #663 (1349 total, 0 uniq crashes found)...[0m
scheduled max input!!!!
schedule: 11 level29_3/ijon_max/11
updated maxmap 11: 518 (len: 1318)
[1;94m[*] [0mFuzzing test case #664 (1349 total, 0 uniq crashes found)...[0m
[1;94m[*] [0mFuzzing test case #665 (1349 total, 0 uniq crashes found)...[0m
scheduled max input!!!!
schedule: 2 level29_3/ijon_max/2
updated maxmap 2: 56b (len: 1405)
updated maxmap 2: 56c (len: 1415)
[1;94m[*] [0mFuzzing test case #666 (1350 total, 0 uniq crashes found)...[0m
scheduled max input!!!!
schedule: 6 level29_3/ijon_max/6
[1;94m[*] [0mFuzzing test case #667 (1350 total, 0 uniq crashes found)...[0m
scheduled max input!!!!
schedule: 4 level29_3/ijon_max/4
updated maxmap 4: 563 (len: 1400)
[1;94m[*] [0mFuzzing test case #668 (1350 total, 0 uniq crashes found)...[0m
scheduled max input!!!!
schedule: 2 level29_3/ijon_max/2
[1;94m[*] [0mFuzzing test case #669 (1350 total, 0 uniq crashes found)...[0m
[1;94m[*] [0mFuzzing test case #670 (1350 total, 0 uniq crashes found)...[0m
scheduled max input!!!!
schedule: 9 level29_3/ijon_max/9
[1;94m[*] [0mFuzzing test case #671 (1350 total, 0 uniq crashes found)...[0m
scheduled max input!!!!
schedule: 3 level29_3/ijon_max/3
updated maxmap 3: 567 (len: 1402)
[1;94m[*] [0mFuzzing test case #672 (1350 total, 0 uniq crashes found)...[0m
scheduled max input!!!!
schedule: 10 level29_3/ijon_max/10
[1;94m[*] [0mFuzzing test case #673 (1350 total, 0 uniq crashes found)...[0m
scheduled max input!!!!
schedule: 0 level29_3/ijon_max/0
updated maxmap 0: 54d (len: 1385)
updated maxmap 1: 549 (len: 1385)
[1;94m[*] [0mFuzzing test case #674 (1350 total, 0 uniq crashes found)...[0m
scheduled max input!!!!
schedule: 3 level29_3/ijon_max/3
updated maxmap 3: 568 (len: 1402)
minimized maxmap 2: 56c (len: 1406)
updated maxmap 2: 572 (len: 1410)
[1;94m[*] [0mFuzzing test case #675 (1351 total, 0 uniq crashes found)...[0m
scheduled max input!!!!
schedule: 1 level29_3/ijon_max/1
updated maxmap 1: 54d (len: 1385)
[1;94m[*] [0mFuzzing test case #676 (1351 total, 0 uniq crashes found)...[0m
[1;94m[*] [0mFuzzing test case #677 (1351 total, 0 uniq crashes found)...[0m
scheduled max input!!!!
schedule: 9 level29_3/ijon_max/9
[1;94m[*] [0mFuzzing test case #678 (1351 total, 0 uniq crashes found)...[0m
scheduled max input!!!!
schedule: 4 level29_3/ijon_max/4
updated maxmap 4: 564 (len: 1400)
updated maxmap 5: 564 (len: 1400)
updated maxmap 6: 55d (len: 1400)
[1;94m[*] [0mFuzzing test case #679 (1351 total, 0 uniq crashes found)...[0m
scheduled max input!!!!
schedule: 1 level29_3/ijon_max/1
[1;94m[*] [0mFuzzing test case #680 (1351 total, 0 uniq crashes found)...[0m
scheduled max input!!!!
schedule: 11 level29_3/ijon_max/11
[1;94m[*] [0mFuzzing test case #681 (1351 total, 0 uniq crashes found)...[0m
scheduled max input!!!!
schedule: 9 level29_3/ijon_max/9
[1;94m[*] [0mFuzzing test case #682 (1351 total, 0 uniq crashes found)...[0m
scheduled max input!!!!
schedule: 7 level29_3/ijon_max/7
[1;94m[*] [0mFuzzing test case #683 (1351 total, 0 uniq crashes found)...[0m
[1;94m[*] [0mFuzzing test case #684 (1351 total, 0 uniq crashes found)...[0m
scheduled max input!!!!
schedule: 4 level29_3/ijon_max/4
[1;94m[*] [0mFuzzing test case #685 (1351 total, 0 uniq crashes found)...[0m
scheduled max input!!!!
schedule: 3 level29_3/ijon_max/3
[1;94m[*] [0mFuzzing test case #686 (1351 total, 0 uniq crashes found)...[0m
scheduled max input!!!!
schedule: 4 level29_3/ijon_max/4
[1;94m[*] [0mFuzzing test case #687 (1351 total, 0 uniq crashes found)...[0m
scheduled max input!!!!
schedule: 10 level29_3/ijon_max/10
[1;94m[*] [0mFuzzing test case #688 (1351 total, 0 uniq crashes found)...[0m
scheduled max input!!!!
schedule: 5 level29_3/ijon_max/5
[1;94m[*] [0mFuzzing test case #689 (1351 total, 0 uniq crashes found)...[0m
scheduled max input!!!!
schedule: 3 level29_3/ijon_max/3
[1;94m[*] [0mFuzzing test case #690 (1351 total, 0 uniq crashes found)...[0m
scheduled max input!!!!
schedule: 7 level29_3/ijon_max/7
[1;94m[*] [0mFuzzing test case #691 (1351 total, 0 uniq crashes found)...[0m
scheduled max input!!!!
schedule: 2 level29_3/ijon_max/2
updated maxmap 2: 573 (len: 1410)
updated maxmap 1: 580 (len: 1418)
updated maxmap 2: 574 (len: 1418)
minimized maxmap 2: 574 (len: 1410)
updated maxmap 3: 56c (len: 1410)
updated maxmap 2: 575 (len: 1417)
updated maxmap 3: 56d (len: 1410)
updated maxmap 3: 56f (len: 1420)
[1;94m[*] [0mFuzzing test case #692 (1353 total, 0 uniq crashes found)...[0m
scheduled max input!!!!
schedule: 1 level29_3/ijon_max/1
updated maxmap 0: 56e (len: 1431)
[1;94m[*] [0mFuzzing test case #693 (1353 total, 0 uniq crashes found)...[0m
scheduled max input!!!!
schedule: 1 level29_3/ijon_max/1
updated maxmap 2: 577 (len: 1418)
[1;94m[*] [0mFuzzing test case #694 (1353 total, 0 uniq crashes found)...[0m
scheduled max input!!!!
schedule: 6 level29_3/ijon_max/6
[1;94m[*] [0mFuzzing test case #695 (1353 total, 0 uniq crashes found)...[0m
scheduled max input!!!!
schedule: 3 level29_3/ijon_max/3
[1;94m[*] [0mFuzzing test case #696 (1353 total, 0 uniq crashes found)...[0m
scheduled max input!!!!
schedule: 8 level29_3/ijon_max/8
[1;94m[*] [0mFuzzing test case #697 (1353 total, 0 uniq crashes found)...[0m
[1;94m[*] [0mFuzzing test case #698 (1353 total, 0 uniq crashes found)...[0m
[1;94m[*] [0mFuzzing test case #699 (1353 total, 0 uniq crashes found)...[0m
scheduled max input!!!!
schedule: 0 level29_3/ijon_max/0
updated maxmap 0: 581 (len: 1438)
updated maxmap 1: 58d (len: 1438)
minimized maxmap 0: 581 (len: 1431)
updated maxmap 0: 583 (len: 1431)
updated maxmap 0: 584 (len: 1431)
updated maxmap 0: 587 (len: 1433)
updated maxmap 2: 584 (len: 1431)
updated maxmap 0: 588 (len: 1434)
updated maxmap 1: 58e (len: 1438)
[1;94m[*] [0mFuzzing test case #700 (1361 total, 0 uniq crashes found)...[0m
scheduled max input!!!!
schedule: 11 level29_3/ijon_max/11
[1;94m[*] [0mFuzzing test case #701 (1361 total, 0 uniq crashes found)...[0m
[1;94m[*] [0mFuzzing test case #702 (1361 total, 0 uniq crashes found)...[0m
scheduled max input!!!!
schedule: 1 level29_3/ijon_max/1
updated maxmap 1: 594 (len: 1442)
updated maxmap 0: 58e (len: 1438)
updated maxmap 1: 596 (len: 1443)
[1;94m[*] [0mFuzzing test case #703 (1362 total, 0 uniq crashes found)...[0m
scheduled max input!!!!
schedule: 9 level29_3/ijon_max/9
[1;94m[*] [0mFuzzing test case #704 (1362 total, 0 uniq crashes found)...[0m
scheduled max input!!!!
schedule: 9 level29_3/ijon_max/9
[1;94m[*] [0mFuzzing test case #705 (1362 total, 0 uniq crashes found)...[0m
scheduled max input!!!!
schedule: 5 level29_3/ijon_max/5
[1;94m[*] [0mFuzzing test case #706 (1362 total, 0 uniq crashes found)...[0m
scheduled max input!!!!
schedule: 0 level29_3/ijon_max/0
[1;94m[*] [0mFuzzing test case #707 (1362 total, 0 uniq crashes found)...[0m
[1;94m[*] [0mFuzzing test case #708 (1362 total, 0 uniq crashes found)...[0m
scheduled max input!!!!
schedule: 2 level29_3/ijon_max/2
[1;94m[*] [0mFuzzing test case #709 (1362 total, 0 uniq crashes found)...[0m
scheduled max input!!!!
schedule: 3 level29_3/ijon_max/3
[1;94m[*] [0mFuzzing test case #710 (1362 total, 0 uniq crashes found)...[0m
scheduled max input!!!!
schedule: 0 level29_3/ijon_max/0
updated maxmap 1: 599 (len: 1446)
[1;94m[*] [0mFuzzing test case #711 (1363 total, 0 uniq crashes found)...[0m
scheduled max input!!!!
schedule: 8 level29_3/ijon_max/8
updated maxmap 7: 52f (len: 1342)
[1;94m[*] [0mFuzzing test case #712 (1363 total, 0 uniq crashes found)...[0m
scheduled max input!!!!
schedule: 10 level29_3/ijon_max/10
[1;94m[*] [0mFuzzing test case #713 (1363 total, 0 uniq crashes found)...[0m
scheduled max input!!!!
schedule: 3 level29_3/ijon_max/3
updated maxmap 3: 571 (len: 1420)
updated maxmap 3: 574 (len: 1422)
minimized maxmap 3: 574 (len: 1420)
[1;94m[*] [0mFuzzing test case #714 (1363 total, 0 uniq crashes found)...[0m
scheduled max input!!!!
schedule: 1 level29_3/ijon_max/1
updated maxmap 1: 59a (len: 1446)
updated maxmap 1: 59b (len: 1446)
updated maxmap 1: 59e (len: 1448)
updated maxmap 0: 59a (len: 1446)
updated maxmap 0: 59b (len: 1446)
updated maxmap 1: 5a2 (len: 1451)
[1;94m[*] [0mFuzzing test case #715 (1366 total, 0 uniq crashes found)...[0m
scheduled max input!!!!
schedule: 8 level29_3/ijon_max/8
[1;94m[*] [0mFuzzing test case #716 (1366 total, 0 uniq crashes found)...[0m
scheduled max input!!!!
schedule: 5 level29_3/ijon_max/5
[1;94m[*] [0mFuzzing test case #717 (1366 total, 0 uniq crashes found)...[0m
scheduled max input!!!!
schedule: 10 level29_3/ijon_max/10
[1;94m[*] [0mFuzzing test case #718 (1366 total, 0 uniq crashes found)...[0m
scheduled max input!!!!
schedule: 2 level29_3/ijon_max/2
[1;94m[*] [0mFuzzing test case #719 (1366 total, 0 uniq crashes found)...[0m
scheduled max input!!!!
schedule: 5 level29_3/ijon_max/5
[1;94m[*] [0mFuzzing test case #720 (1366 total, 0 uniq crashes found)...[0m
scheduled max input!!!!
schedule: 7 level29_3/ijon_max/7
updated maxmap 7: 530 (len: 1342)
[1;94m[*] [0mFuzzing test case #721 (1366 total, 0 uniq crashes found)...[0m
[1;94m[*] [0mFuzzing test case #722 (1366 total, 0 uniq crashes found)...[0m
[1;94m[*] [0mFuzzing test case #723 (1366 total, 0 uniq crashes found)...[0m
scheduled max input!!!!
schedule: 1 level29_3/ijon_max/1
[1;94m[*] [0mFuzzing test case #724 (1367 total, 0 uniq crashes found)...[0m
scheduled max input!!!!
schedule: 7 level29_3/ijon_max/7
[1;94m[*] [0mFuzzing test case #725 (1367 total, 0 uniq crashes found)...[0m
[1;94m[*] [0mFuzzing test case #726 (1367 total, 0 uniq crashes found)...[0m
[1;94m[*] [0mFuzzing test case #727 (1367 total, 0 uniq crashes found)...[0m
[1;94m[*] [0mFuzzing test case #728 (1367 total, 0 uniq crashes found)...[0m
[1;94m[*] [0mFuzzing test case #729 (1367 total, 0 uniq crashes found)...[0m
scheduled max input!!!!
schedule: 4 level29_3/ijon_max/4
[1;94m[*] [0mFuzzing test case #730 (1367 total, 0 uniq crashes found)...[0m
[1;94m[*] [0mFuzzing test case #731 (1367 total, 0 uniq crashes found)...[0m
[1;94m[*] [0mFuzzing test case #732 (1367 total, 0 uniq crashes found)...[0m
scheduled max input!!!!
schedule: 7 level29_3/ijon_max/7
[1;94m[*] [0mFuzzing test case #733 (1367 total, 0 uniq crashes found)...[0m
scheduled max input!!!!
schedule: 3 level29_3/ijon_max/3
updated maxmap 3: 575 (len: 1421)
updated maxmap 4: 565 (len: 1421)
minimized maxmap 4: 565 (len: 1420)
updated maxmap 4: 566 (len: 1420)
[1;94m[*] [0mFuzzing test case #734 (1367 total, 0 uniq crashes found)...[0m
scheduled max input!!!!
schedule: 6 level29_3/ijon_max/6
[1;94m[*] [0mFuzzing test case #735 (1367 total, 0 uniq crashes found)...[0m
scheduled max input!!!!
schedule: 6 level29_3/ijon_max/6
updated maxmap 6: 564 (len: 1402)
updated maxmap 7: 55e (len: 1402)
minimized maxmap 7: 55e (len: 1400)
[1;94m[*] [0mFuzzing test case #736 (1367 total, 0 uniq crashes found)...[0m
[1;94m[*] [0mFuzzing test case #737 (1367 total, 0 uniq crashes found)...[0m
scheduled max input!!!!
schedule: 6 level29_3/ijon_max/6
[1;94m[*] [0mFuzzing test case #738 (1367 total, 0 uniq crashes found)...[0m
[1;94m[*] [0mFuzzing test case #739 (1367 total, 0 uniq crashes found)...[0m
scheduled max input!!!!
schedule: 10 level29_3/ijon_max/10
updated maxmap 10: 51c (len: 1326)
[1;94m[*] [0mFuzzing test case #740 (1367 total, 0 uniq crashes found)...[0m
scheduled max input!!!!
schedule: 0 level29_3/ijon_max/0
[1;94m[*] [0mFuzzing test case #741 (1367 total, 0 uniq crashes found)...[0m
scheduled max input!!!!
schedule: 2 level29_3/ijon_max/2
[1;94m[*] [0mFuzzing test case #742 (1367 total, 0 uniq crashes found)...[0m
scheduled max input!!!!
schedule: 9 level29_3/ijon_max/9
[1;94m[*] [0mFuzzing test case #743 (1367 total, 0 uniq crashes found)...[0m
scheduled max input!!!!
schedule: 1 level29_3/ijon_max/1
updated maxmap 0: 5a5 (len: 1454)
updated maxmap 1: 5a5 (len: 1458)
[1;94m[*] [0mFuzzing test case #744 (1367 total, 0 uniq crashes found)...[0m
scheduled max input!!!!
schedule: 5 level29_3/ijon_max/5
[1;94m[*] [0mFuzzing test case #745 (1367 total, 0 uniq crashes found)...[0m
[1;94m[*] [0mFuzzing test case #746 (1367 total, 0 uniq crashes found)...[0m
scheduled max input!!!!
schedule: 0 level29_3/ijon_max/0
updated maxmap 0: 5a6 (len: 1454)
[1;94m[*] [0mFuzzing test case #747 (1368 total, 0 uniq crashes found)...[0m
scheduled max input!!!!
schedule: 8 level29_3/ijon_max/8
[1;94m[*] [0mFuzzing test case #748 (1368 total, 0 uniq crashes found)...[0m
scheduled max input!!!!
schedule: 3 level29_3/ijon_max/3
[1;94m[*] [0mFuzzing test case #749 (1368 total, 0 uniq crashes found)...[0m
scheduled max input!!!!
schedule: 6 level29_3/ijon_max/6
[1;94m[*] [0mFuzzing test case #750 (1368 total, 0 uniq crashes found)...[0m
scheduled max input!!!!
schedule: 7 level29_3/ijon_max/7
updated maxmap 7: 55f (len: 1400)
[1;94m[*] [0mFuzzing test case #751 (1368 total, 0 uniq crashes found)...[0m
[1;94m[*] [0mFuzzing test case #752 (1368 total, 0 uniq crashes found)...[0m
scheduled max input!!!!
schedule: 4 level29_3/ijon_max/4
[1;94m[*] [0mFuzzing test case #753 (1368 total, 0 uniq crashes found)...[0m
scheduled max input!!!!
schedule: 9 level29_3/ijon_max/9
updated maxmap 8: 531 (len: 1343)
[1;94m[*] [0mFuzzing test case #754 (1368 total, 0 uniq crashes found)...[0m
[1;94m[*] [0mFuzzing test case #755 (1368 total, 0 uniq crashes found)...[0m
scheduled max input!!!!
schedule: 8 level29_3/ijon_max/8
updated maxmap 9: 531 (len: 1343)
[1;94m[*] [0mFuzzing test case #756 (1368 total, 0 uniq crashes found)...[0m
scheduled max input!!!!
schedule: 8 level29_3/ijon_max/8
[1;94m[*] [0mFuzzing test case #757 (1368 total, 0 uniq crashes found)...[0m
scheduled max input!!!!
schedule: 1 level29_3/ijon_max/1
updated maxmap 0: 5ac (len: 1458)
[1;94m[*] [0mFuzzing test case #758 (1369 total, 0 uniq crashes found)...[0m
scheduled max input!!!!
schedule: 4 level29_3/ijon_max/4
updated maxmap 4: 567 (len: 1420)
[1;94m[*] [0mFuzzing test case #759 (1369 total, 0 uniq crashes found)...[0m
scheduled max input!!!!
schedule: 2 level29_3/ijon_max/2
[1;94m[*] [0mFuzzing test case #760 (1369 total, 0 uniq crashes found)...[0m
scheduled max input!!!!
schedule: 5 level29_3/ijon_max/5
[1;94m[*] [0mFuzzing test case #761 (1369 total, 0 uniq crashes found)...[0m
scheduled max input!!!!
schedule: 7 level29_3/ijon_max/7
[1;94m[*] [0mFuzzing test case #762 (1369 total, 0 uniq crashes found)...[0m
scheduled max input!!!!
schedule: 11 level29_3/ijon_max/11
[1;94m[*] [0mFuzzing test case #763 (1369 total, 0 uniq crashes found)...[0m
scheduled max input!!!!
schedule: 1 level29_3/ijon_max/1
[1;94m[*] [0mFuzzing test case #764 (1369 total, 0 uniq crashes found)...[0m
scheduled max input!!!!
schedule: 7 level29_3/ijon_max/7
[1;94m[*] [0mFuzzing test case #765 (1369 total, 0 uniq crashes found)...[0m
scheduled max input!!!!
schedule: 0 level29_3/ijon_max/0
[1;94m[*] [0mFuzzing test case #766 (1369 total, 0 uniq crashes found)...[0m
scheduled max input!!!!
schedule: 7 level29_3/ijon_max/7
[1;94m[*] [0mFuzzing test case #767 (1369 total, 0 uniq crashes found)...[0m
[1;94m[*] [0mFuzzing test case #768 (1369 total, 0 uniq crashes found)...[0m
scheduled max input!!!!
schedule: 3 level29_3/ijon_max/3
updated maxmap 3: 576 (len: 1421)
[1;94m[*] [0mFuzzing test case #769 (1369 total, 0 uniq crashes found)...[0m
[1;94m[*] [0mFuzzing test case #770 (1369 total, 0 uniq crashes found)...[0m
scheduled max input!!!!
schedule: 9 level29_3/ijon_max/9
[1;94m[*] [0mFuzzing test case #771 (1369 total, 0 uniq crashes found)...[0m
scheduled max input!!!!
schedule: 2 level29_3/ijon_max/2
[1;94m[*] [0mFuzzing test case #772 (1369 total, 0 uniq crashes found)...[0m
scheduled max input!!!!
schedule: 8 level29_3/ijon_max/8
[1;94m[*] [0mFuzzing test case #773 (1369 total, 0 uniq crashes found)...[0m
scheduled max input!!!!
schedule: 9 level29_3/ijon_max/9
[1;94m[*] [0mFuzzing test case #774 (1370 total, 0 uniq crashes found)...[0m
[1;94m[*] [0mFuzzing test case #775 (1370 total, 0 uniq crashes found)...[0m
scheduled max input!!!!
schedule: 2 level29_3/ijon_max/2
[1;94m[*] [0mFuzzing test case #776 (1370 total, 0 uniq crashes found)...[0m
scheduled max input!!!!
schedule: 2 level29_3/ijon_max/2
updated maxmap 2: 590 (len: 1439)
[1;94m[*] [0mFuzzing test case #777 (1370 total, 0 uniq crashes found)...[0m
scheduled max input!!!!
schedule: 7 level29_3/ijon_max/7
[1;94m[*] [0mFuzzing test case #778 (1370 total, 0 uniq crashes found)...[0m
[1;94m[*] [0mFuzzing test case #779 (1370 total, 0 uniq crashes found)...[0m
scheduled max input!!!!
schedule: 9 level29_3/ijon_max/9
[1;94m[*] [0mFuzzing test case #780 (1370 total, 0 uniq crashes found)...[0m
[1;94m[*] [0mFuzzing test case #781 (1370 total, 0 uniq crashes found)...[0m
scheduled max input!!!!
schedule: 1 level29_3/ijon_max/1
[1;94m[*] [0mFuzzing test case #782 (1371 total, 0 uniq crashes found)...[0m
scheduled max input!!!!
schedule: 5 level29_3/ijon_max/5
updated maxmap 7: 564 (len: 1400)
[1;94m[*] [0mFuzzing test case #783 (1371 total, 0 uniq crashes found)...[0m
scheduled max input!!!!
schedule: 11 level29_3/ijon_max/11
[1;94m[*] [0mFuzzing test case #784 (1371 total, 0 uniq crashes found)...[0m
scheduled normal input!!!!
[1;94m[*] [0mFuzzing test case #785 (1371 total, 0 uniq crashes found)...[0m
scheduled max input!!!!
schedule: 8 level29_3/ijon_max/8
[1;94m[*] [0mFuzzing test case #786 (1371 total, 0 uniq crashes found)...[0m
scheduled max input!!!!
schedule: 2 level29_3/ijon_max/2
updated maxmap 2: 594 (len: 1443)
[1;94m[*] [0mFuzzing test case #787 (1371 total, 0 uniq crashes found)...[0m
scheduled max input!!!!
schedule: 9 level29_3/ijon_max/9
[1;94m[*] [0mFuzzing test case #788 (1371 total, 0 uniq crashes found)...[0m
scheduled max input!!!!
schedule: 5 level29_3/ijon_max/5
[1;94m[*] [0mFuzzing test case #789 (1371 total, 0 uniq crashes found)...[0m
scheduled max input!!!!
schedule: 8 level29_3/ijon_max/8
[1;94m[*] [0mFuzzing test case #790 (1371 total, 0 uniq crashes found)...[0m
[1;94m[*] [0mFuzzing test case #791 (1371 total, 0 uniq crashes found)...[0m
scheduled max input!!!!
schedule: 11 level29_3/ijon_max/11
[1;94m[*] [0mFuzzing test case #792 (1371 total, 0 uniq crashes found)...[0m
scheduled max input!!!!
schedule: 2 level29_3/ijon_max/2
[1;94m[*] [0mFuzzing test case #793 (1371 total, 0 uniq crashes found)...[0m
scheduled max input!!!!
schedule: 0 level29_3/ijon_max/0
updated maxmap 0: 5ad (len: 1458)
[1;94m[*] [0mFuzzing test case #794 (1371 total, 0 uniq crashes found)...[0m
scheduled max input!!!!
schedule: 1 level29_3/ijon_max/1
[1;94m[*] [0mFuzzing test case #795 (1371 total, 0 uniq crashes found)...[0m
scheduled max input!!!!
schedule: 3 level29_3/ijon_max/3
[1;94m[*] [0mFuzzing test case #796 (1371 total, 0 uniq crashes found)...[0m
scheduled max input!!!!
schedule: 0 level29_3/ijon_max/0
[1;94m[*] [0mFuzzing test case #797 (1371 total, 0 uniq crashes found)...[0m
scheduled max input!!!!
schedule: 7 level29_3/ijon_max/7
updated maxmap 7: 565 (len: 1400)
updated maxmap 5: 565 (len: 1400)
[1;94m[*] [0mFuzzing test case #798 (1372 total, 0 uniq crashes found)...[0m
scheduled max input!!!!
schedule: 8 level29_3/ijon_max/8
[1;94m[*] [0mFuzzing test case #799 (1372 total, 0 uniq crashes found)...[0m
scheduled max input!!!!
schedule: 7 level29_3/ijon_max/7
[1;94m[*] [0mFuzzing test case #800 (1372 total, 0 uniq crashes found)...[0m
scheduled max input!!!!
schedule: 10 level29_3/ijon_max/10
updated maxmap 10: 51f (len: 1326)
[1;94m[*] [0mFuzzing test case #801 (1372 total, 0 uniq crashes found)...[0m
scheduled max input!!!!
schedule: 9 level29_3/ijon_max/9
[1;94m[*] [0mFuzzing test case #802 (1372 total, 0 uniq crashes found)...[0m
scheduled max input!!!!
schedule: 4 level29_3/ijon_max/4
[1;94m[*] [0mFuzzing test case #803 (1372 total, 0 uniq crashes found)...[0m
[1;94m[*] [0mFuzzing test case #804 (1372 total, 0 uniq crashes found)...[0m
scheduled max input!!!!
schedule: 4 level29_3/ijon_max/4
updated maxmap 3: 577 (len: 1424)
updated maxmap 3: 57e (len: 1427)
updated maxmap 4: 56d (len: 1427)
minimized maxmap 4: 56d (len: 1420)
[1;94m[*] [0mFuzzing test case #805 (1372 total, 0 uniq crashes found)...[0m
[1;94m[*] [0mFuzzing test case #806 (1372 total, 0 uniq crashes found)...[0m
scheduled max input!!!!
schedule: 9 level29_3/ijon_max/9
[1;94m[*] [0mFuzzing test case #807 (1372 total, 0 uniq crashes found)...[0m
scheduled max input!!!!
schedule: 5 level29_3/ijon_max/5
[1;94m[*] [0mFuzzing test case #808 (1372 total, 0 uniq crashes found)...[0m
scheduled max input!!!!
schedule: 11 level29_3/ijon_max/11
[1;94m[*] [0mFuzzing test case #809 (1372 total, 0 uniq crashes found)...[0m
scheduled max input!!!!
schedule: 8 level29_3/ijon_max/8
[1;94m[*] [0mFuzzing test case #810 (1372 total, 0 uniq crashes found)...[0m
scheduled max input!!!!
schedule: 3 level29_3/ijon_max/3
updated maxmap 4: 56e (len: 1430)
[1;94m[*] [0mFuzzing test case #811 (1372 total, 0 uniq crashes found)...[0m
scheduled max input!!!!
schedule: 10 level29_3/ijon_max/10
updated maxmap 10: 520 (len: 1326)
[1;94m[*] [0mFuzzing test case #812 (1372 total, 0 uniq crashes found)...[0m
scheduled max input!!!!
schedule: 6 level29_3/ijon_max/6
[1;94m[*] [0mFuzzing test case #813 (1372 total, 0 uniq crashes found)...[0m
scheduled max input!!!!
schedule: 11 level29_3/ijon_max/11
updated maxmap 11: 51e (len: 1322)
[1;94m[*] [0mFuzzing test case #814 (1372 total, 0 uniq crashes found)...[0m
scheduled max input!!!!
schedule: 2 level29_3/ijon_max/2
[1;94m[*] [0mFuzzing test case #815 (1372 total, 0 uniq crashes found)...[0m
scheduled max input!!!!
schedule: 2 level29_3/ijon_max/2
updated maxmap 2: 596 (len: 1443)
[1;94m[*] [0mFuzzing test case #816 (1372 total, 0 uniq crashes found)...[0m
scheduled max input!!!!
schedule: 8 level29_3/ijon_max/8
[1;94m[*] [0mFuzzing test case #817 (1372 total, 0 uniq crashes found)...[0m
scheduled max input!!!!
schedule: 10 level29_3/ijon_max/10
[1;94m[*] [0mFuzzing test case #818 (1372 total, 0 uniq crashes found)...[0m
scheduled max input!!!!
schedule: 7 level29_3/ijon_max/7
[1;94m[*] [0mFuzzing test case #819 (1372 total, 0 uniq crashes found)...[0m
scheduled max input!!!!
schedule: 9 level29_3/ijon_max/9
[1;94m[*] [0mFuzzing test case #820 (1372 total, 0 uniq crashes found)...[0m
scheduled max input!!!!
schedule: 8 level29_3/ijon_max/8
[1;94m[*] [0mFuzzing test case #821 (1372 total, 0 uniq crashes found)...[0m
scheduled max input!!!!
schedule: 8 level29_3/ijon_max/8
[1;94m[*] [0mFuzzing test case #822 (1372 total, 0 uniq crashes found)...[0m
scheduled max input!!!!
schedule: 7 level29_3/ijon_max/7
[1;94m[*] [0mFuzzing test case #823 (1372 total, 0 uniq crashes found)...[0m
scheduled max input!!!!
schedule: 0 level29_3/ijon_max/0
[1;94m[*] [0mFuzzing test case #824 (1372 total, 0 uniq crashes found)...[0m
scheduled max input!!!!
schedule: 3 level29_3/ijon_max/3
updated maxmap 3: 580 (len: 1432)
updated maxmap 4: 56f (len: 1427)
updated maxmap 4: 570 (len: 1427)
[1;94m[*] [0mFuzzing test case #825 (1372 total, 0 uniq crashes found)...[0m
[1;94m[*] [0mFuzzing test case #826 (1372 total, 0 uniq crashes found)...[0m
scheduled max input!!!!
schedule: 0 level29_3/ijon_max/0
[1;94m[*] [0mFuzzing test case #827 (1372 total, 0 uniq crashes found)...[0m
scheduled max input!!!!
schedule: 0 level29_3/ijon_max/0
[1;94m[*] [0mFuzzing test case #828 (1372 total, 0 uniq crashes found)...[0m
scheduled max input!!!!
schedule: 8 level29_3/ijon_max/8
[1;94m[*] [0mFuzzing test case #829 (1372 total, 0 uniq crashes found)...[0m
scheduled max input!!!!
schedule: 2 level29_3/ijon_max/2
[1;94m[*] [0mFuzzing test case #830 (1372 total, 0 uniq crashes found)...[0m
scheduled max input!!!!
schedule: 1 level29_3/ijon_max/1
[1;94m[*] [0mFuzzing test case #831 (1372 total, 0 uniq crashes found)...[0m
scheduled max input!!!!
schedule: 4 level29_3/ijon_max/4
[1;94m[*] [0mFuzzing test case #832 (1372 total, 0 uniq crashes found)...[0m
scheduled max input!!!!
schedule: 3 level29_3/ijon_max/3
updated maxmap 3: 581 (len: 1432)
updated maxmap 3: 582 (len: 1433)
minimized maxmap 3: 582 (len: 1432)
updated maxmap 4: 572 (len: 1437)
[1;94m[*] [0mFuzzing test case #833 (1372 total, 0 uniq crashes found)...[0m
[1;94m[*] [0mFuzzing test case #834 (1372 total, 0 uniq crashes found)...[0m
scheduled max input!!!!
schedule: 10 level29_3/ijon_max/10
[1;94m[*] [0mFuzzing test case #835 (1372 total, 0 uniq crashes found)...[0m
scheduled max input!!!!
schedule: 11 level29_3/ijon_max/11
[1;94m[*] [0mFuzzing test case #836 (1372 total, 0 uniq crashes found)...[0m
scheduled max input!!!!
schedule: 5 level29_3/ijon_max/5
[1;94m[*] [0mFuzzing test case #837 (1372 total, 0 uniq crashes found)...[0m
scheduled max input!!!!
schedule: 3 level29_3/ijon_max/3
[1;94m[*] [0mFuzzing test case #838 (1372 total, 0 uniq crashes found)...[0m
scheduled max input!!!!
schedule: 1 level29_3/ijon_max/1
[1;94m[*] [0mFuzzing test case #839 (1373 total, 0 uniq crashes found)...[0m
scheduled max input!!!!
schedule: 2 level29_3/ijon_max/2
[1;94m[*] [0mFuzzing test case #840 (1373 total, 0 uniq crashes found)...[0m
scheduled max input!!!!
schedule: 9 level29_3/ijon_max/9
[1;94m[*] [0mFuzzing test case #841 (1373 total, 0 uniq crashes found)...[0m
scheduled max input!!!!
schedule: 6 level29_3/ijon_max/6
[1;94m[*] [0mFuzzing test case #842 (1373 total, 0 uniq crashes found)...[0m
scheduled max input!!!!
schedule: 8 level29_3/ijon_max/8
[1;94m[*] [0mFuzzing test case #843 (1373 total, 0 uniq crashes found)...[0m
[1;94m[*] [0mFuzzing test case #844 (1373 total, 0 uniq crashes found)...[0m
scheduled max input!!!!
schedule: 10 level29_3/ijon_max/10
[1;94m[*] [0mFuzzing test case #845 (1373 total, 0 uniq crashes found)...[0m
scheduled max input!!!!
schedule: 2 level29_3/ijon_max/2
[1;94m[*] [0mFuzzing test case #846 (1373 total, 0 uniq crashes found)...[0m
[1;94m[*] [0mFuzzing test case #847 (1373 total, 0 uniq crashes found)...[0m
scheduled max input!!!!
schedule: 1 level29_3/ijon_max/1
[1;94m[*] [0mFuzzing test case #848 (1374 total, 0 uniq crashes found)...[0m
scheduled max input!!!!
schedule: 1 level29_3/ijon_max/1
[1;94m[*] [0mFuzzing test case #849 (1374 total, 0 uniq crashes found)...[0m
scheduled max input!!!!
schedule: 3 level29_3/ijon_max/3
[1;94m[*] [0mFuzzing test case #850 (1374 total, 0 uniq crashes found)...[0m
scheduled max input!!!!
schedule: 5 level29_3/ijon_max/5
[1;94m[*] [0mFuzzing test case #851 (1374 total, 0 uniq crashes found)...[0m
scheduled max input!!!!
schedule: 4 level29_3/ijon_max/4
[1;94m[*] [0mFuzzing test case #852 (1374 total, 0 uniq crashes found)...[0m
scheduled max input!!!!
schedule: 9 level29_3/ijon_max/9
[1;94m[*] [0mFuzzing test case #853 (1374 total, 0 uniq crashes found)...[0m
scheduled max input!!!!
schedule: 1 level29_3/ijon_max/1
[1;94m[*] [0mFuzzing test case #854 (1374 total, 0 uniq crashes found)...[0m
scheduled max input!!!!
schedule: 0 level29_3/ijon_max/0
[1;94m[*] [0mFuzzing test case #855 (1374 total, 0 uniq crashes found)...[0m
scheduled max input!!!!
schedule: 1 level29_3/ijon_max/1
[1;94m[*] [0mFuzzing test case #856 (1374 total, 0 uniq crashes found)...[0m
scheduled max input!!!!
schedule: 3 level29_3/ijon_max/3
[1;94m[*] [0mFuzzing test case #857 (1374 total, 0 uniq crashes found)...[0m
[1;94m[*] [0mFuzzing test case #858 (1374 total, 0 uniq crashes found)...[0m
scheduled max input!!!!
schedule: 9 level29_3/ijon_max/9
[1;94m[*] [0mFuzzing test case #859 (1374 total, 0 uniq crashes found)...[0m
scheduled max input!!!!
schedule: 6 level29_3/ijon_max/6
updated maxmap 6: 565 (len: 1402)
[1;94m[*] [0mFuzzing test case #860 (1374 total, 0 uniq crashes found)...[0m
scheduled max input!!!!
schedule: 11 level29_3/ijon_max/11
[1;94m[*] [0mFuzzing test case #861 (1374 total, 0 uniq crashes found)...[0m
scheduled max input!!!!
schedule: 7 level29_3/ijon_max/7
[1;94m[*] [0mFuzzing test case #862 (1374 total, 0 uniq crashes found)...[0m
scheduled max input!!!!
schedule: 9 level29_3/ijon_max/9
[1;94m[*] [0mFuzzing test case #863 (1374 total, 0 uniq crashes found)...[0m
scheduled max input!!!!
schedule: 6 level29_3/ijon_max/6
[1;94m[*] [0mFuzzing test case #864 (1374 total, 0 uniq crashes found)...[0m
scheduled max input!!!!
schedule: 5 level29_3/ijon_max/5
[1;94m[*] [0mFuzzing test case #865 (1374 total, 0 uniq crashes found)...[0m
scheduled max input!!!!
schedule: 1 level29_3/ijon_max/1
[1;94m[*] [0mFuzzing test case #866 (1374 total, 0 uniq crashes found)...[0m
scheduled max input!!!!
schedule: 11 level29_3/ijon_max/11
[1;94m[*] [0mFuzzing test case #867 (1374 total, 0 uniq crashes found)...[0m
scheduled max input!!!!
schedule: 9 level29_3/ijon_max/9
[1;94m[*] [0mFuzzing test case #868 (1374 total, 0 uniq crashes found)...[0m
scheduled max input!!!!
schedule: 7 level29_3/ijon_max/7
[1;94m[*] [0mFuzzing test case #869 (1374 total, 0 uniq crashes found)...[0m
[1;94m[*] [0mFuzzing test case #870 (1374 total, 0 uniq crashes found)...[0m
[1;94m[*] [0mFuzzing test case #871 (1374 total, 0 uniq crashes found)...[0m
[1;94m[*] [0mFuzzing test case #872 (1374 total, 0 uniq crashes found)...[0m
[1;94m[*] [0mFuzzing test case #873 (1374 total, 0 uniq crashes found)...[0m
scheduled max input!!!!
schedule: 4 level29_3/ijon_max/4
updated maxmap 3: 583 (len: 1437)
[1;94m[*] [0mFuzzing test case #874 (1374 total, 0 uniq crashes found)...[0m
scheduled max input!!!!
schedule: 11 level29_3/ijon_max/11
[1;94m[*] [0mFuzzing test case #875 (1374 total, 0 uniq crashes found)...[0m
[1;94m[*] [0mFuzzing test case #876 (1374 total, 0 uniq crashes found)...[0m
scheduled max input!!!!
schedule: 5 level29_3/ijon_max/5
[1;94m[*] [0mFuzzing test case #877 (1374 total, 0 uniq crashes found)...[0m
scheduled max input!!!!
schedule: 9 level29_3/ijon_max/9
[1;94m[*] [0mFuzzing test case #878 (1374 total, 0 uniq crashes found)...[0m
[1;94m[*] [0mFuzzing test case #879 (1374 total, 0 uniq crashes found)...[0m
scheduled max input!!!!
schedule: 11 level29_3/ijon_max/11
[1;94m[*] [0mFuzzing test case #880 (1374 total, 0 uniq crashes found)...[0m
scheduled max input!!!!
schedule: 10 level29_3/ijon_max/10
[1;94m[*] [0mFuzzing test case #881 (1374 total, 0 uniq crashes found)...[0m
scheduled max input!!!!
schedule: 9 level29_3/ijon_max/9
[1;94m[*] [0mFuzzing test case #882 (1374 total, 0 uniq crashes found)...[0m
scheduled max input!!!!
schedule: 10 level29_3/ijon_max/10
[1;94m[*] [0mFuzzing test case #883 (1374 total, 0 uniq crashes found)...[0m
[1;94m[*] [0mFuzzing test case #884 (1374 total, 0 uniq crashes found)...[0m
[1;94m[*] [0mFuzzing test case #885 (1374 total, 0 uniq crashes found)...[0m
scheduled max input!!!!
schedule: 2 level29_3/ijon_max/2
[1;94m[*] [0mFuzzing test case #886 (1374 total, 0 uniq crashes found)...[0m
scheduled max input!!!!
schedule: 4 level29_3/ijon_max/4
updated maxmap 4: 573 (len: 1437)
[1;94m[*] [0mFuzzing test case #887 (1374 total, 0 uniq crashes found)...[0m
scheduled max input!!!!
schedule: 10 level29_3/ijon_max/10
[1;94m[*] [0mFuzzing test case #888 (1374 total, 0 uniq crashes found)...[0m
[1;94m[*] [0mFuzzing test case #889 (1374 total, 0 uniq crashes found)...[0m
scheduled max input!!!!
schedule: 8 level29_3/ijon_max/8
[1;94m[*] [0mFuzzing test case #890 (1374 total, 0 uniq crashes found)...[0m
scheduled max input!!!!
schedule: 1 level29_3/ijon_max/1
[1;94m[*] [0mFuzzing test case #891 (1375 total, 0 uniq crashes found)...[0m
scheduled max input!!!!
schedule: 7 level29_3/ijon_max/7
[1;94m[*] [0mFuzzing test case #892 (1375 total, 0 uniq crashes found)...[0m
scheduled max input!!!!
schedule: 11 level29_3/ijon_max/11
[1;94m[*] [0mFuzzing test case #893 (1375 total, 0 uniq crashes found)...[0m
scheduled max input!!!!
schedule: 11 level29_3/ijon_max/11
updated maxmap 11: 51f (len: 1322)
[1;94m[*] [0mFuzzing test case #894 (1375 total, 0 uniq crashes found)...[0m
scheduled max input!!!!
schedule: 8 level29_3/ijon_max/8
[1;94m[*] [0mFuzzing test case #895 (1375 total, 0 uniq crashes found)...[0m
scheduled max input!!!!
schedule: 5 level29_3/ijon_max/5
[1;94m[*] [0mFuzzing test case #896 (1375 total, 0 uniq crashes found)...[0m
scheduled max input!!!!
schedule: 10 level29_3/ijon_max/10
[1;94m[*] [0mFuzzing test case #897 (1375 total, 0 uniq crashes found)...[0m
scheduled max input!!!!
schedule: 5 level29_3/ijon_max/5
[1;94m[*] [0mFuzzing test case #898 (1375 total, 0 uniq crashes found)...[0m
scheduled max input!!!!
schedule: 4 level29_3/ijon_max/4
updated maxmap 3: 584 (len: 1437)
updated maxmap 4: 574 (len: 1437)
[1;94m[*] [0mFuzzing test case #899 (1375 total, 0 uniq crashes found)...[0m
scheduled max input!!!!
schedule: 10 level29_3/ijon_max/10
[1;94m[*] [0mFuzzing test case #900 (1375 total, 0 uniq crashes found)...[0m
scheduled max input!!!!
schedule: 11 level29_3/ijon_max/11
[1;94m[*] [0mFuzzing test case #901 (1375 total, 0 uniq crashes found)...[0m
scheduled max input!!!!
schedule: 2 level29_3/ijon_max/2
[1;94m[*] [0mFuzzing test case #902 (1375 total, 0 uniq crashes found)...[0m
scheduled max input!!!!
schedule: 7 level29_3/ijon_max/7
[1;94m[*] [0mFuzzing test case #903 (1375 total, 0 uniq crashes found)...[0m
scheduled max input!!!!
schedule: 6 level29_3/ijon_max/6
[1;94m[*] [0mFuzzing test case #904 (1375 total, 0 uniq crashes found)...[0m
scheduled max input!!!!
schedule: 7 level29_3/ijon_max/7
[1;94m[*] [0mFuzzing test case #905 (1375 total, 0 uniq crashes found)...[0m
[1;94m[*] [0mFuzzing test case #906 (1375 total, 0 uniq crashes found)...[0m
scheduled max input!!!!
schedule: 6 level29_3/ijon_max/6
[1;94m[*] [0mFuzzing test case #907 (1375 total, 0 uniq crashes found)...[0m
scheduled max input!!!!
schedule: 3 level29_3/ijon_max/3
updated maxmap 3: 585 (len: 1437)
updated maxmap 3: 586 (len: 1443)
[1;94m[*] [0mFuzzing test case #908 (1375 total, 0 uniq crashes found)...[0m
[1;94m[*] [0mFuzzing test case #909 (1375 total, 0 uniq crashes found)...[0m
[1;94m[*] [0mFuzzing test case #910 (1375 total, 0 uniq crashes found)...[0m
scheduled max input!!!!
schedule: 9 level29_3/ijon_max/9
[1;94m[*] [0mFuzzing test case #911 (1375 total, 0 uniq crashes found)...[0m
scheduled max input!!!!
schedule: 3 level29_3/ijon_max/3
[1;94m[*] [0mFuzzing test case #912 (1375 total, 0 uniq crashes found)...[0m
scheduled max input!!!!
schedule: 7 level29_3/ijon_max/7
[1;94m[*] [0mFuzzing test case #913 (1375 total, 0 uniq crashes found)...[0m
scheduled max input!!!!
schedule: 3 level29_3/ijon_max/3
[1;94m[*] [0mFuzzing test case #914 (1375 total, 0 uniq crashes found)...[0m
scheduled max input!!!!
schedule: 2 level29_3/ijon_max/2
[1;94m[*] [0mFuzzing test case #915 (1375 total, 0 uniq crashes found)...[0m
scheduled max input!!!!
schedule: 10 level29_3/ijon_max/10
[1;94m[*] [0mFuzzing test case #916 (1375 total, 0 uniq crashes found)...[0m
scheduled max input!!!!
schedule: 4 level29_3/ijon_max/4
[1;94m[*] [0mFuzzing test case #917 (1375 total, 0 uniq crashes found)...[0m
scheduled max input!!!!
schedule: 4 level29_3/ijon_max/4
updated maxmap 4: 575 (len: 1437)
updated maxmap 4: 576 (len: 1437)
[1;94m[*] [0mFuzzing test case #918 (1375 total, 0 uniq crashes found)...[0m
scheduled max input!!!!
schedule: 5 level29_3/ijon_max/5
[1;94m[*] [0mFuzzing test case #919 (1375 total, 0 uniq crashes found)...[0m
scheduled max input!!!!
schedule: 1 level29_3/ijon_max/1
[1;94m[*] [0mFuzzing test case #920 (1375 total, 0 uniq crashes found)...[0m
scheduled max input!!!!
schedule: 5 level29_3/ijon_max/5
updated maxmap 5: 56a (len: 1407)
[1;94m[*] [0mFuzzing test case #921 (1375 total, 0 uniq crashes found)...[0m
scheduled max input!!!!
schedule: 11 level29_3/ijon_max/11
[1;94m[*] [0mFuzzing test case #922 (1375 total, 0 uniq crashes found)...[0m
scheduled max input!!!!
schedule: 3 level29_3/ijon_max/3
[1;94m[*] [0mFuzzing test case #923 (1375 total, 0 uniq crashes found)...[0m
[1;94m[*] [0mFuzzing test case #924 (1375 total, 0 uniq crashes found)...[0m
[1;94m[*] [0mFuzzing test case #925 (1375 total, 0 uniq crashes found)...[0m
scheduled max input!!!!
schedule: 9 level29_3/ijon_max/9
[1;94m[*] [0mFuzzing test case #926 (1375 total, 0 uniq crashes found)...[0m
scheduled max input!!!!
schedule: 6 level29_3/ijon_max/6
[1;94m[*] [0mFuzzing test case #927 (1375 total, 0 uniq crashes found)...[0m
scheduled max input!!!!
schedule: 3 level29_3/ijon_max/3
[1;94m[*] [0mFuzzing test case #928 (1375 total, 0 uniq crashes found)...[0m
scheduled max input!!!!
schedule: 4 level29_3/ijon_max/4
updated maxmap 3: 588 (len: 1444)
[1;94m[*] [0mFuzzing test case #929 (1375 total, 0 uniq crashes found)...[0m
scheduled max input!!!!
schedule: 1 level29_3/ijon_max/1
[1;94m[*] [0mFuzzing test case #930 (1375 total, 0 uniq crashes found)...[0m
scheduled max input!!!!
schedule: 6 level29_3/ijon_max/6
[1;94m[*] [0mFuzzing test case #931 (1375 total, 0 uniq crashes found)...[0m
scheduled max input!!!!
schedule: 6 level29_3/ijon_max/6
[1;94m[*] [0mFuzzing test case #932 (1375 total, 0 uniq crashes found)...[0m
[1;94m[*] [0mFuzzing test case #933 (1375 total, 0 uniq crashes found)...[0m
[1;94m[*] [0mFuzzing test case #934 (1375 total, 0 uniq crashes found)...[0m
scheduled max input!!!!
schedule: 8 level29_3/ijon_max/8
[1;94m[*] [0mFuzzing test case #935 (1375 total, 0 uniq crashes found)...[0m
scheduled max input!!!!
schedule: 1 level29_3/ijon_max/1
[1;94m[*] [0mFuzzing test case #936 (1375 total, 0 uniq crashes found)...[0m
scheduled max input!!!!
schedule: 11 level29_3/ijon_max/11
[1;94m[*] [0mFuzzing test case #937 (1375 total, 0 uniq crashes found)...[0m
scheduled max input!!!!
schedule: 9 level29_3/ijon_max/9
[1;94m[*] [0mFuzzing test case #938 (1375 total, 0 uniq crashes found)...[0m
scheduled max input!!!!
schedule: 0 level29_3/ijon_max/0
updated maxmap 0: 5b0 (len: 1460)
[1;94m[*] [0mFuzzing test case #939 (1378 total, 0 uniq crashes found)...[0m
scheduled max input!!!!
schedule: 5 level29_3/ijon_max/5
updated maxmap 5: 56c (len: 1407)
[1;94m[*] [0mFuzzing test case #940 (1378 total, 0 uniq crashes found)...[0m
scheduled max input!!!!
schedule: 5 level29_3/ijon_max/5
[1;94m[*] [0mFuzzing test case #941 (1378 total, 0 uniq crashes found)...[0m
scheduled max input!!!!
schedule: 3 level29_3/ijon_max/3
[1;94m[*] [0mFuzzing test case #942 (1378 total, 0 uniq crashes found)...[0m
scheduled max input!!!!
schedule: 7 level29_3/ijon_max/7
[1;94m[*] [0mFuzzing test case #943 (1379 total, 0 uniq crashes found)...[0m
scheduled max input!!!!
schedule: 8 level29_3/ijon_max/8
[1;94m[*] [0mFuzzing test case #944 (1379 total, 0 uniq crashes found)...[0m
scheduled max input!!!!
schedule: 8 level29_3/ijon_max/8
[1;94m[*] [0mFuzzing test case #945 (1379 total, 0 uniq crashes found)...[0m
scheduled max input!!!!
schedule: 9 level29_3/ijon_max/9
[1;94m[*] [0mFuzzing test case #946 (1379 total, 0 uniq crashes found)...[0m
scheduled max input!!!!
schedule: 8 level29_3/ijon_max/8
[1;94m[*] [0mFuzzing test case #947 (1379 total, 0 uniq crashes found)...[0m
[1;94m[*] [0mFuzzing test case #948 (1379 total, 0 uniq crashes found)...[0m
scheduled max input!!!!
schedule: 0 level29_3/ijon_max/0
[1;94m[*] [0mFuzzing test case #949 (1379 total, 0 uniq crashes found)...[0m
scheduled max input!!!!
schedule: 1 level29_3/ijon_max/1
[1;94m[*] [0mFuzzing test case #950 (1379 total, 0 uniq crashes found)...[0m
scheduled max input!!!!
schedule: 8 level29_3/ijon_max/8
[1;94m[*] [0mFuzzing test case #951 (1379 total, 0 uniq crashes found)...[0m
[1;94m[*] [0mFuzzing test case #952 (1379 total, 0 uniq crashes found)...[0m
scheduled max input!!!!
schedule: 3 level29_3/ijon_max/3
updated maxmap 2: 597 (len: 1449)
updated maxmap 3: 589 (len: 1449)
updated maxmap 4: 577 (len: 1449)
minimized maxmap 3: 589 (len: 1444)
minimized maxmap 4: 577 (len: 1444)
updated maxmap 4: 578 (len: 1445)
[1;94m[*] [0mFuzzing test case #953 (1380 total, 0 uniq crashes found)...[0m
scheduled max input!!!!
schedule: 2 level29_3/ijon_max/2
[1;94m[*] [0mFuzzing test case #954 (1380 total, 0 uniq crashes found)...[0m
scheduled max input!!!!
schedule: 9 level29_3/ijon_max/9
[1;94m[*] [0mFuzzing test case #955 (1380 total, 0 uniq crashes found)...[0m
scheduled max input!!!!
schedule: 5 level29_3/ijon_max/5
[1;94m[*] [0mFuzzing test case #956 (1380 total, 0 uniq crashes found)...[0m
scheduled max input!!!!
schedule: 6 level29_3/ijon_max/6
[?25h[1;91m

+++ Testing aborted by user +++
[0m
[1;93m[!] [0mStopped during the first cycle, results may be incomplete.
    (For info on resuming, see docs/README.)
[1;92m[+] [0mWe're done here. Have a nice day!
[0m
srun: error: ubuntu-test: task 0: Exited with exit code 124
