srun: error: NodeNames=ubuntu-test CPUs=90 match no Sockets, Sockets*CoresPerSocket or Sockets*CoresPerSocket*ThreadsPerCore. Resetting CPUs.
[0;36mafl-fuzz [1;97m2.51b-ijon[0m by <lcamtuf@google.com>
[1;92m[+] [0mLooks like we're not running on a tty, so I'll be a bit less verbose.[0m
[1;92m[+] [0mYou have 96 CPU cores and 107 runnable tasks (utilization: 111%).[0m
[1;93m[!] [1;97mWARNING: [0mNot binding to a CPU core (AFL_NO_AFFINITY set).[0m
[1;94m[*] [0mChecking core_pattern...[0m
[1;94m[*] [0mSetting up output directories...[0m
importdir: level23_1/importsmax_dir: level23_1/ijon_max[1;94m[*] [0mScanning 'seeds'...[0m
[1;92m[+] [0mNo auto-generated dictionary tokens to reuse.[0m
[1;94m[*] [0mCreating hard links for all input files...[0m
[1;94m[*] [0mValidating target binary...[0m
[1;94m[*] [0mAttempting dry run with 'id:000000,orig:a'...[0m
[1;94m[*] [0mSpinning up the fork server...[0m
[1;92m[+] [0mAll right - fork server is up.[0m
[1;90m    len = 1, map size = 2477, exec speed = 17290 us
[0m[1;92m[+] [0mAll test cases processed.[0m

[1;93m[!] [1;97mWARNING: [0m[1;91mThe target binary is pretty slow! See docs/perf_tips.txt.[0m
[1;92m[+] [0mHere are some useful stats:

[1;90m    Test case count : [0m1 favored, 0 variable, 1 total
[1;90m       Bitmap range : [0m2477 to 2477 bits (average: 2477.00 bits)
[1;90m        Exec timing : [0m17.3k to 17.3k us (average: 17.3k us)
[0m
[1;92m[+] [0mAll set and ready to roll![0m
[1;94m[*] [0mEntering queue cycle 1.[0m
[1;94m[*] [0mFuzzing test case #0 (1 total, 0 uniq crashes found)...[0m
scheduled normal input!!!!
updated maxmap 11: 28 (len: 1)
updated maxmap 9: 28 (len: 45)
updated maxmap 10: 28 (len: 45)
updated maxmap 9: 29 (len: 38)
updated maxmap 9: 2d (len: 53)
updated maxmap 10: 30 (len: 53)
updated maxmap 11: 2f (len: 53)
updated maxmap 9: 2e (len: 80)
updated maxmap 10: 31 (len: 80)
updated maxmap 11: 31 (len: 80)
updated maxmap 9: 30 (len: 60)
updated maxmap 8: 29 (len: 61)
updated maxmap 8: 2b (len: 49)
updated maxmap 10: 33 (len: 57)
updated maxmap 11: 36 (len: 57)
updated maxmap 8: 2d (len: 50)
updated maxmap 9: 3c (len: 68)
updated maxmap 10: 36 (len: 69)
updated maxmap 9: 4f (len: 94)
updated maxmap 10: 43 (len: 94)
updated maxmap 11: 40 (len: 94)
updated maxmap 8: 33 (len: 72)
[1;94m[*] [0mFuzzing test case #1 (236 total, 0 uniq crashes found)...[0m
scheduled max input!!!!
schedule: 10 level23_1/ijon_max/10
updated maxmap 9: 73 (len: 116)
updated maxmap 10: 65 (len: 116)
updated maxmap 11: 60 (len: 116)
updated maxmap 8: 3c (len: 123)
updated maxmap 10: 6c (len: 98)
updated maxmap 10: 6d (len: 99)
updated maxmap 9: 7c (len: 110)
updated maxmap 10: 80 (len: 110)
updated maxmap 8: 70 (len: 101)
updated maxmap 11: 63 (len: 94)
updated maxmap 9: aa (len: 170)
updated maxmap 10: ad (len: 170)
updated maxmap 11: 8d (len: 170)
updated maxmap 9: c0 (len: 176)
updated maxmap 10: b0 (len: 176)
updated maxmap 11: ac (len: 176)
updated maxmap 7: 2f (len: 125)
updated maxmap 8: 7a (len: 123)
updated maxmap 7: 31 (len: 98)
updated maxmap 8: 91 (len: 126)
updated maxmap 9: c2 (len: 151)
updated maxmap 10: b1 (len: 151)
updated maxmap 9: d6 (len: 170)
updated maxmap 10: be (len: 170)
updated maxmap 11: b9 (len: 170)
updated maxmap 7: 7a (len: 128)
updated maxmap 8: 9d (len: 175)
updated maxmap 11: bf (len: 164)
updated maxmap 10: c0 (len: 159)
updated maxmap 10: c6 (len: 174)
[1;94m[*] [0mFuzzing test case #2 (411 total, 0 uniq crashes found)...[0m
scheduled max input!!!!
schedule: 7 level23_1/ijon_max/7
updated maxmap 8: bc (len: 128)
updated maxmap 11: c0 (len: 128)
updated maxmap 10: cd (len: 134)
updated maxmap 11: c1 (len: 128)
updated maxmap 8: c2 (len: 143)
updated maxmap 10: d5 (len: 143)
updated maxmap 11: de (len: 143)
updated maxmap 7: 7c (len: 128)
updated maxmap 9: 112 (len: 213)
updated maxmap 10: 101 (len: 213)
updated maxmap 11: fd (len: 213)
updated maxmap 7: 7e (len: 131)
updated maxmap 7: 7f (len: 128)
updated maxmap 7: 85 (len: 128)
updated maxmap 6: 8a (len: 128)
updated maxmap 7: 96 (len: 128)
updated maxmap 6: 8c (len: 128)
updated maxmap 7: 98 (len: 128)
updated maxmap 7: 99 (len: 128)
updated maxmap 6: a0 (len: 128)
updated maxmap 7: a8 (len: 128)
updated maxmap 6: a7 (len: 138)
updated maxmap 7: ae (len: 138)
updated maxmap 6: a8 (len: 128)
updated maxmap 7: af (len: 128)
updated maxmap 8: c9 (len: 128)
updated maxmap 10: 107 (len: 189)
updated maxmap 11: 101 (len: 189)
updated maxmap 5: 9f (len: 138)
updated maxmap 6: ae (len: 138)
updated maxmap 7: b8 (len: 138)
updated maxmap 5: a2 (len: 129)
updated maxmap 6: b0 (len: 129)
updated maxmap 7: ba (len: 129)
updated maxmap 6: b1 (len: 128)
updated maxmap 7: bb (len: 128)
updated maxmap 5: a7 (len: 136)
updated maxmap 6: b3 (len: 136)
updated maxmap 7: bd (len: 136)
updated maxmap 6: b4 (len: 128)
updated maxmap 7: be (len: 128)
updated maxmap 5: a8 (len: 128)
updated maxmap 7: cc (len: 192)
updated maxmap 8: cf (len: 192)
updated maxmap 8: eb (len: 189)
[1;94m[*] [0mFuzzing test case #3 (497 total, 0 uniq crashes found)...[0m
[1;94m[*] [0mFuzzing test case #4 (497 total, 0 uniq crashes found)...[0m
[1;94m[*] [0mFuzzing test case #5 (497 total, 0 uniq crashes found)...[0m
scheduled max input!!!!
schedule: 10 level23_1/ijon_max/10
updated maxmap 9: 114 (len: 189)
updated maxmap 10: 119 (len: 189)
updated maxmap 9: 119 (len: 189)
updated maxmap 10: 11e (len: 189)
updated maxmap 11: 11d (len: 189)
updated maxmap 9: 11b (len: 191)
updated maxmap 10: 120 (len: 191)
updated maxmap 8: fe (len: 195)
updated maxmap 9: 122 (len: 195)
updated maxmap 9: 124 (len: 225)
updated maxmap 8: ff (len: 215)
updated maxmap 8: 118 (len: 222)
updated maxmap 9: 139 (len: 222)
updated maxmap 10: 133 (len: 222)
updated maxmap 11: 12e (len: 222)
updated maxmap 10: 139 (len: 248)
updated maxmap 10: 13b (len: 257)
updated maxmap 11: 141 (len: 257)
updated maxmap 12: 145 (len: 257)
updated maxmap 13: 14b (len: 257)
updated maxmap 14: 150 (len: 257)
updated maxmap 9: 145 (len: 197)
updated maxmap 8: 11f (len: 268)
updated maxmap 8: 128 (len: 235)
updated maxmap 8: 138 (len: 236)
updated maxmap 7: d4 (len: 229)
updated maxmap 9: 14e (len: 225)
updated maxmap 10: 140 (len: 225)
updated maxmap 8: 145 (len: 213)
updated maxmap 10: 148 (len: 221)
updated maxmap 11: 14b (len: 221)
updated maxmap 9: 14f (len: 200)
updated maxmap 10: 159 (len: 200)
updated maxmap 11: 150 (len: 196)
updated maxmap 8: 146 (len: 189)
updated maxmap 8: 149 (len: 190)
updated maxmap 8: 154 (len: 192)
updated maxmap 9: 15e (len: 202)
updated maxmap 10: 16a (len: 229)
updated maxmap 11: 165 (len: 229)
updated maxmap 0: 16e (len: 220)
updated maxmap 12: 14d (len: 220)
updated maxmap 13: 157 (len: 220)
updated maxmap 14: 161 (len: 220)
updated maxmap 15: 16b (len: 220)
updated maxmap 12: 151 (len: 272)
updated maxmap 8: 165 (len: 230)
updated maxmap 9: 16f (len: 230)
updated maxmap 10: 179 (len: 230)
updated maxmap 9: 192 (len: 241)
updated maxmap 10: 193 (len: 241)
updated maxmap 11: 192 (len: 241)
updated maxmap 12: 153 (len: 202)
[1;94m[*] [0mFuzzing test case #6 (637 total, 0 uniq crashes found)...[0m
scheduled max input!!!!
schedule: 11 level23_1/ijon_max/11
updated maxmap 8: 1c2 (len: 248)
updated maxmap 9: 1c2 (len: 248)
updated maxmap 10: 1c2 (len: 248)
updated maxmap 11: 194 (len: 241)
updated maxmap 8: 1cf (len: 243)
updated maxmap 9: 1cc (len: 243)
updated maxmap 8: 1d0 (len: 241)
updated maxmap 9: 1ce (len: 241)
updated maxmap 0: 16f (len: 252)
updated maxmap 13: 159 (len: 252)
updated maxmap 14: 163 (len: 252)
updated maxmap 15: 16d (len: 252)
updated maxmap 12: 154 (len: 256)
updated maxmap 0: 171 (len: 241)
updated maxmap 13: 15c (len: 241)
updated maxmap 14: 165 (len: 241)
updated maxmap 15: 16e (len: 241)
updated maxmap 8: 1d1 (len: 244)
updated maxmap 9: 1cf (len: 244)
updated maxmap 7: 1e5 (len: 249)
updated maxmap 8: 1d4 (len: 249)
updated maxmap 8: 1da (len: 251)
updated maxmap 9: 1d4 (len: 251)
updated maxmap 7: 1e8 (len: 258)
updated maxmap 11: 195 (len: 303)
updated maxmap 6: 1e2 (len: 248)
[1;94m[*] [0mFuzzing test case #7 (763 total, 0 uniq crashes found)...[0m
[1;94m[*] [0mFuzzing test case #8 (763 total, 0 uniq crashes found)...[0m
scheduled max input!!!!
schedule: 0 level23_1/ijon_max/0
updated maxmap 9: 1d5 (len: 247)
updated maxmap 9: 1d6 (len: 248)
updated maxmap 10: 1c4 (len: 248)
updated maxmap 8: 1db (len: 246)
updated maxmap 9: 1d8 (len: 246)
updated maxmap 0: 173 (len: 241)
updated maxmap 13: 15d (len: 241)
updated maxmap 14: 167 (len: 241)
updated maxmap 15: 171 (len: 241)
updated maxmap 0: 174 (len: 246)
updated maxmap 13: 15e (len: 246)
updated maxmap 8: 1e0 (len: 252)
updated maxmap 14: 168 (len: 241)
updated maxmap 15: 172 (len: 241)
updated maxmap 7: 1ee (len: 255)
updated maxmap 7: 1f9 (len: 261)
updated maxmap 8: 1e2 (len: 256)
updated maxmap 9: 1dd (len: 256)
updated maxmap 8: 1ea (len: 255)
updated maxmap 9: 1ec (len: 255)
updated maxmap 8: 1ee (len: 259)
updated maxmap 7: 1fd (len: 262)
[1;94m[*] [0mFuzzing test case #9 (802 total, 0 uniq crashes found)...[0m
scheduled max input!!!!
schedule: 10 level23_1/ijon_max/10
[1;94m[*] [0mFuzzing test case #10 (802 total, 0 uniq crashes found)...[0m
scheduled max input!!!!
schedule: 11 level23_1/ijon_max/11
updated maxmap 8: 1f3 (len: 341)
updated maxmap 6: 1e8 (len: 349)
updated maxmap 7: 202 (len: 349)
updated maxmap 8: 1fe (len: 349)
updated maxmap 9: 1f1 (len: 312)
updated maxmap 6: 1f7 (len: 357)
updated maxmap 7: 207 (len: 357)
updated maxmap 8: 205 (len: 357)
updated maxmap 9: 1f3 (len: 328)
updated maxmap 6: 230 (len: 306)
updated maxmap 7: 213 (len: 306)
updated maxmap 8: 20c (len: 306)
[1;94m[*] [0mFuzzing test case #11 (871 total, 0 uniq crashes found)...[0m
scheduled max input!!!!
schedule: 14 level23_1/ijon_max/14
[1;94m[*] [0mFuzzing test case #12 (871 total, 0 uniq crashes found)...[0m
scheduled max input!!!!
schedule: 9 level23_1/ijon_max/9
updated maxmap 5: 259 (len: 328)
updated maxmap 6: 25e (len: 328)
updated maxmap 7: 232 (len: 328)
updated maxmap 8: 20f (len: 329)
updated maxmap 7: 238 (len: 333)
updated maxmap 5: 25c (len: 333)
updated maxmap 6: 266 (len: 333)
updated maxmap 7: 26b (len: 333)
updated maxmap 5: 262 (len: 336)
updated maxmap 6: 26c (len: 336)
updated maxmap 7: 271 (len: 336)
updated maxmap 8: 220 (len: 411)
[1;94m[*] [0mFuzzing test case #13 (926 total, 0 uniq crashes found)...[0m
scheduled max input!!!!
schedule: 14 level23_1/ijon_max/14
[1;94m[*] [0mFuzzing test case #14 (926 total, 0 uniq crashes found)...[0m
[1;94m[*] [0mFuzzing test case #15 (926 total, 0 uniq crashes found)...[0m
scheduled max input!!!!
schedule: 6 level23_1/ijon_max/6
updated maxmap 5: 263 (len: 336)
updated maxmap 6: 26d (len: 336)
updated maxmap 7: 272 (len: 336)
updated maxmap 5: 26a (len: 336)
updated maxmap 6: 26f (len: 336)
updated maxmap 5: 26c (len: 336)
updated maxmap 5: 26d (len: 338)
updated maxmap 6: 272 (len: 338)
updated maxmap 5: 26e (len: 336)
updated maxmap 6: 277 (len: 341)
updated maxmap 7: 27a (len: 341)
updated maxmap 4: 257 (len: 337)
updated maxmap 8: 275 (len: 344)
updated maxmap 9: 27f (len: 344)
updated maxmap 10: 282 (len: 344)
updated maxmap 4: 259 (len: 336)
updated maxmap 7: 27c (len: 342)
updated maxmap 6: 278 (len: 340)
updated maxmap 5: 26f (len: 336)
updated maxmap 4: 261 (len: 339)
updated maxmap 7: 27f (len: 343)
updated maxmap 8: 278 (len: 350)
updated maxmap 9: 2aa (len: 350)
updated maxmap 10: 296 (len: 350)
updated maxmap 11: 28e (len: 350)
updated maxmap 12: 155 (len: 378)
updated maxmap 8: 285 (len: 345)
updated maxmap 4: 265 (len: 341)
updated maxmap 5: 271 (len: 341)
updated maxmap 6: 27b (len: 341)
updated maxmap 4: 266 (len: 336)
updated maxmap 5: 272 (len: 338)
updated maxmap 4: 267 (len: 336)
updated maxmap 5: 276 (len: 341)
updated maxmap 4: 26d (len: 336)
updated maxmap 4: 26f (len: 342)
updated maxmap 5: 279 (len: 342)
updated maxmap 6: 280 (len: 342)
updated maxmap 6: 283 (len: 343)
updated maxmap 7: 280 (len: 344)
[1;94m[*] [0mFuzzing test case #16 (954 total, 0 uniq crashes found)...[0m
scheduled max input!!!!
schedule: 6 level23_1/ijon_max/6
updated maxmap 6: 28c (len: 347)
updated maxmap 7: 287 (len: 347)
updated maxmap 5: 27a (len: 343)
updated maxmap 6: 290 (len: 351)
updated maxmap 7: 28d (len: 351)
updated maxmap 7: 290 (len: 351)
updated maxmap 3: 273 (len: 352)
updated maxmap 4: 280 (len: 352)
updated maxmap 5: 28a (len: 352)
updated maxmap 6: 294 (len: 352)
updated maxmap 3: 274 (len: 343)
updated maxmap 3: 278 (len: 343)
updated maxmap 3: 280 (len: 349)
updated maxmap 4: 28a (len: 349)
updated maxmap 5: 28c (len: 349)
[1;94m[*] [0mFuzzing test case #17 (974 total, 0 uniq crashes found)...[0m
scheduled max input!!!!
schedule: 12 level23_1/ijon_max/12
updated maxmap 8: 2a5 (len: 380)
updated maxmap 9: 2af (len: 380)
updated maxmap 10: 2b1 (len: 380)
updated maxmap 5: 2ad (len: 381)
updated maxmap 6: 2b7 (len: 381)
updated maxmap 7: 2d0 (len: 381)
updated maxmap 8: 2da (len: 381)
updated maxmap 9: 2fe (len: 381)
updated maxmap 10: 2f8 (len: 381)
updated maxmap 11: 2f0 (len: 381)
updated maxmap 0: 281 (len: 380)
updated maxmap 12: 280 (len: 380)
updated maxmap 13: 280 (len: 380)
updated maxmap 14: 280 (len: 380)
updated maxmap 15: 281 (len: 380)
updated maxmap 8: 2ef (len: 386)
updated maxmap 0: 282 (len: 378)
updated maxmap 14: 281 (len: 378)
updated maxmap 15: 282 (len: 378)
updated maxmap 0: 286 (len: 382)
updated maxmap 13: 282 (len: 382)
updated maxmap 14: 283 (len: 382)
updated maxmap 15: 286 (len: 382)
updated maxmap 10: 2fe (len: 392)
updated maxmap 11: 2fd (len: 392)
updated maxmap 3: 284 (len: 382)
updated maxmap 4: 2cc (len: 382)
updated maxmap 5: 2d8 (len: 382)
updated maxmap 6: 2e2 (len: 382)
updated maxmap 7: 2ec (len: 382)
updated maxmap 8: 2f6 (len: 382)
updated maxmap 9: 2ff (len: 382)
updated maxmap 10: 302 (len: 382)
updated maxmap 0: 28f (len: 383)
updated maxmap 14: 288 (len: 383)
updated maxmap 15: 28e (len: 383)
updated maxmap 12: 281 (len: 383)
updated maxmap 10: 305 (len: 385)
updated maxmap 11: 30a (len: 385)
updated maxmap 10: 306 (len: 386)
updated maxmap 11: 30b (len: 386)
updated maxmap 0: 293 (len: 378)
updated maxmap 13: 286 (len: 378)
updated maxmap 14: 28c (len: 378)
updated maxmap 15: 292 (len: 378)
[1;94m[*] [0mFuzzing test case #18 (1010 total, 0 uniq crashes found)...[0m
scheduled max input!!!!
schedule: 5 level23_1/ijon_max/5
updated maxmap 2: 28b (len: 382)
updated maxmap 3: 29d (len: 382)
updated maxmap 9: 301 (len: 382)
updated maxmap 4: 2cd (len: 382)
updated maxmap 5: 2d9 (len: 382)
updated maxmap 6: 2e3 (len: 382)
updated maxmap 7: 2ed (len: 382)
updated maxmap 8: 2f7 (len: 382)
updated maxmap 9: 32a (len: 398)
updated maxmap 10: 316 (len: 398)
updated maxmap 11: 30e (len: 398)
updated maxmap 4: 2cf (len: 383)
updated maxmap 5: 2db (len: 383)
updated maxmap 6: 2e5 (len: 383)
updated maxmap 7: 2ef (len: 383)
updated maxmap 8: 2f9 (len: 383)
updated maxmap 4: 2d0 (len: 382)
updated maxmap 5: 2dc (len: 382)
updated maxmap 6: 2e6 (len: 382)
updated maxmap 7: 2f0 (len: 382)
updated maxmap 8: 2fa (len: 382)
updated maxmap 2: 293 (len: 383)
updated maxmap 3: 2a0 (len: 383)
updated maxmap 10: 317 (len: 390)
updated maxmap 11: 30f (len: 390)
updated maxmap 4: 2d9 (len: 382)
updated maxmap 5: 2e3 (len: 382)
updated maxmap 6: 2ed (len: 382)
updated maxmap 7: 2f7 (len: 382)
updated maxmap 8: 300 (len: 382)
updated maxmap 4: 2da (len: 382)
updated maxmap 5: 2e4 (len: 382)
updated maxmap 6: 2ee (len: 382)
updated maxmap 7: 2f8 (len: 382)
updated maxmap 8: 301 (len: 382)
updated maxmap 4: 2e2 (len: 386)
updated maxmap 5: 2ec (len: 386)
updated maxmap 6: 2f6 (len: 386)
updated maxmap 7: 2ff (len: 386)
updated maxmap 8: 309 (len: 386)
updated maxmap 4: 2e3 (len: 382)
updated maxmap 11: 315 (len: 391)
updated maxmap 4: 2e6 (len: 382)
updated maxmap 5: 2ef (len: 382)
updated maxmap 6: 2f9 (len: 382)
updated maxmap 7: 302 (len: 382)
updated maxmap 5: 2f0 (len: 382)
updated maxmap 6: 2fa (len: 382)
updated maxmap 7: 303 (len: 382)
updated maxmap 8: 30a (len: 385)
updated maxmap 8: 30c (len: 390)
updated maxmap 2: 29b (len: 390)
updated maxmap 3: 2a5 (len: 390)
updated maxmap 10: 31e (len: 394)
updated maxmap 11: 321 (len: 394)
updated maxmap 8: 30d (len: 390)
updated maxmap 13: 287 (len: 385)
updated maxmap 4: 2ed (len: 389)
updated maxmap 5: 2f7 (len: 389)
updated maxmap 6: 300 (len: 389)
updated maxmap 7: 30a (len: 389)
updated maxmap 4: 2ee (len: 382)
updated maxmap 5: 2f8 (len: 382)
[1;94m[*] [0mFuzzing test case #19 (1037 total, 0 uniq crashes found)...[0m
scheduled max input!!!!
schedule: 12 level23_1/ijon_max/12
[1;94m[*] [0mFuzzing test case #20 (1037 total, 0 uniq crashes found)...[0m
scheduled max input!!!!
schedule: 15 level23_1/ijon_max/15
updated maxmap 0: 294 (len: 378)
[1;94m[*] [0mFuzzing test case #21 (1038 total, 0 uniq crashes found)...[0m
scheduled max input!!!!
schedule: 15 level23_1/ijon_max/15
[1;94m[*] [0mFuzzing test case #22 (1038 total, 0 uniq crashes found)...[0m
scheduled max input!!!!
schedule: 9 level23_1/ijon_max/9
updated maxmap 9: 32c (len: 399)
updated maxmap 9: 32f (len: 403)
updated maxmap 10: 334 (len: 403)
updated maxmap 9: 34b (len: 447)
updated maxmap 10: 33e (len: 447)
updated maxmap 11: 33a (len: 447)
updated maxmap 8: 314 (len: 407)
updated maxmap 9: 36e (len: 444)
updated maxmap 10: 383 (len: 444)
updated maxmap 11: 37e (len: 444)
[1;94m[*] [0mFuzzing test case #23 (1057 total, 0 uniq crashes found)...[0m
scheduled max input!!!!
schedule: 10 level23_1/ijon_max/10
updated maxmap 9: 370 (len: 444)
updated maxmap 10: 385 (len: 444)
updated maxmap 11: 381 (len: 444)
updated maxmap 9: 374 (len: 452)
updated maxmap 9: 377 (len: 444)
updated maxmap 10: 390 (len: 444)
updated maxmap 11: 388 (len: 444)
updated maxmap 11: 38f (len: 444)
updated maxmap 8: 370 (len: 460)
updated maxmap 9: 37c (len: 460)
updated maxmap 11: 395 (len: 460)
updated maxmap 12: 39a (len: 460)
updated maxmap 9: 37e (len: 449)
updated maxmap 9: 382 (len: 449)
updated maxmap 11: 396 (len: 449)
updated maxmap 12: 39b (len: 449)
updated maxmap 10: 391 (len: 444)
updated maxmap 8: 377 (len: 451)
updated maxmap 9: 383 (len: 451)
updated maxmap 11: 397 (len: 451)
updated maxmap 12: 3a0 (len: 451)
updated maxmap 13: 3a0 (len: 451)
updated maxmap 9: 384 (len: 444)
updated maxmap 9: 3a6 (len: 455)
updated maxmap 9: 3af (len: 475)
updated maxmap 10: 3c7 (len: 475)
updated maxmap 11: 3c0 (len: 475)
updated maxmap 8: 37b (len: 444)
updated maxmap 7: 33e (len: 444)
updated maxmap 8: 37c (len: 444)
updated maxmap 7: 346 (len: 444)
[1;94m[*] [0mFuzzing test case #24 (1108 total, 0 uniq crashes found)...[0m
scheduled max input!!!!
schedule: 9 level23_1/ijon_max/9
updated maxmap 9: 3b0 (len: 475)
updated maxmap 10: 3c8 (len: 475)
updated maxmap 11: 3c1 (len: 475)
updated maxmap 8: 39c (len: 475)
updated maxmap 9: 3c9 (len: 475)
updated maxmap 0: 3a3 (len: 475)
updated maxmap 12: 3a1 (len: 475)
updated maxmap 13: 3a1 (len: 475)
updated maxmap 14: 3a2 (len: 475)
updated maxmap 15: 3a3 (len: 475)
updated maxmap 8: 39e (len: 475)
updated maxmap 9: 3cb (len: 475)
updated maxmap 8: 39f (len: 476)
updated maxmap 9: 3cc (len: 476)
updated maxmap 8: 3a1 (len: 475)
updated maxmap 8: 3a3 (len: 477)
updated maxmap 9: 3cd (len: 477)
updated maxmap 8: 3d0 (len: 479)
updated maxmap 10: 3c9 (len: 475)
updated maxmap 11: 3c2 (len: 475)
updated maxmap 9: 3d1 (len: 478)
updated maxmap 10: 3ce (len: 478)
updated maxmap 11: 3c7 (len: 478)
updated maxmap 0: 3bc (len: 476)
updated maxmap 13: 3a6 (len: 476)
updated maxmap 14: 3b0 (len: 476)
updated maxmap 15: 3ba (len: 476)
updated maxmap 0: 3bd (len: 475)
updated maxmap 13: 3a7 (len: 475)
updated maxmap 14: 3b1 (len: 475)
updated maxmap 15: 3bb (len: 475)
updated maxmap 9: 3d8 (len: 480)
updated maxmap 9: 3da (len: 481)
updated maxmap 7: 36c (len: 482)
updated maxmap 9: 3db (len: 483)
updated maxmap 10: 3d9 (len: 487)
updated maxmap 9: 404 (len: 503)
updated maxmap 10: 401 (len: 503)
updated maxmap 11: 3fb (len: 503)
updated maxmap 0: 3c2 (len: 482)
updated maxmap 12: 3a2 (len: 482)
updated maxmap 13: 3ab (len: 482)
updated maxmap 14: 3b5 (len: 482)
updated maxmap 15: 3bf (len: 482)
updated maxmap 7: 384 (len: 475)
updated maxmap 7: 3aa (len: 487)
updated maxmap 8: 3d5 (len: 483)
[1;94m[*] [0mFuzzing test case #25 (1152 total, 0 uniq crashes found)...[0m
scheduled max input!!!!
schedule: 12 level23_1/ijon_max/12
updated maxmap 13: 3ac (len: 482)
updated maxmap 14: 3b6 (len: 482)
updated maxmap 15: 3c0 (len: 482)
[1;94m[*] [0mFuzzing test case #26 (1154 total, 0 uniq crashes found)...[0m
scheduled max input!!!!
schedule: 12 level23_1/ijon_max/12
[1;94m[*] [0mFuzzing test case #27 (1154 total, 0 uniq crashes found)...[0m
scheduled max input!!!!
schedule: 15 level23_1/ijon_max/15
updated maxmap 7: 3ad (len: 489)
updated maxmap 8: 3d9 (len: 487)
[1;94m[*] [0mFuzzing test case #28 (1171 total, 0 uniq crashes found)...[0m
[1;94m[*] [0mFuzzing test case #29 (1171 total, 0 uniq crashes found)...[0m
[1;94m[*] [0mFuzzing test case #30 (1171 total, 0 uniq crashes found)...[0m
scheduled max input!!!!
schedule: 8 level23_1/ijon_max/8
updated maxmap 8: 3e2 (len: 487)
[1;94m[*] [0mFuzzing test case #31 (1171 total, 0 uniq crashes found)...[0m
scheduled max input!!!!
schedule: 5 level23_1/ijon_max/5
updated maxmap 3: 2e5 (len: 382)
updated maxmap 4: 2f2 (len: 382)
updated maxmap 5: 2fc (len: 382)
updated maxmap 3: 2f0 (len: 382)
updated maxmap 4: 2fa (len: 382)
[1;94m[*] [0mFuzzing test case #32 (1172 total, 0 uniq crashes found)...[0m
[1;94m[*] [0mFuzzing test case #33 (1172 total, 0 uniq crashes found)...[0m
scheduled max input!!!!
schedule: 15 level23_1/ijon_max/15
[1;94m[*] [0mFuzzing test case #34 (1172 total, 0 uniq crashes found)...[0m
scheduled max input!!!!
schedule: 3 level23_1/ijon_max/3
updated maxmap 3: 2f1 (len: 382)
updated maxmap 4: 2fb (len: 382)
[1;94m[*] [0mFuzzing test case #35 (1172 total, 0 uniq crashes found)...[0m
scheduled max input!!!!
schedule: 14 level23_1/ijon_max/14
updated maxmap 7: 3ae (len: 489)
[1;94m[*] [0mFuzzing test case #36 (1187 total, 0 uniq crashes found)...[0m
[1;94m[*] [0mFuzzing test case #37 (1187 total, 0 uniq crashes found)...[0m
scheduled max input!!!!
schedule: 5 level23_1/ijon_max/5
[1;94m[*] [0mFuzzing test case #38 (1188 total, 0 uniq crashes found)...[0m
scheduled max input!!!!
schedule: 3 level23_1/ijon_max/3
updated maxmap 2: 2ef (len: 382)
updated maxmap 3: 2fc (len: 382)
[1;94m[*] [0mFuzzing test case #39 (1188 total, 0 uniq crashes found)...[0m
scheduled max input!!!!
schedule: 12 level23_1/ijon_max/12
[1;94m[*] [0mFuzzing test case #40 (1189 total, 0 uniq crashes found)...[0m
scheduled max input!!!!
schedule: 7 level23_1/ijon_max/7
updated maxmap 7: 3b1 (len: 489)
updated maxmap 7: 3b2 (len: 489)
updated maxmap 7: 3b3 (len: 489)
updated maxmap 7: 3b4 (len: 489)
updated maxmap 7: 3b7 (len: 489)
updated maxmap 7: 3e1 (len: 491)
updated maxmap 8: 3e9 (len: 491)
updated maxmap 7: 3e2 (len: 489)
updated maxmap 7: 3e3 (len: 489)
updated maxmap 7: 3f2 (len: 494)
updated maxmap 8: 3f3 (len: 495)
updated maxmap 6: 3f3 (len: 495)
updated maxmap 7: 410 (len: 504)
updated maxmap 8: 3fe (len: 504)
updated maxmap 9: 40f (len: 518)
updated maxmap 9: 415 (len: 518)
updated maxmap 10: 418 (len: 518)
[1;94m[*] [0mFuzzing test case #41 (1209 total, 0 uniq crashes found)...[0m
scheduled max input!!!!
schedule: 3 level23_1/ijon_max/3
updated maxmap 2: 2f1 (len: 383)
updated maxmap 3: 2fd (len: 383)
updated maxmap 2: 2f2 (len: 382)
[1;94m[*] [0mFuzzing test case #42 (1210 total, 0 uniq crashes found)...[0m
scheduled max input!!!!
schedule: 0 level23_1/ijon_max/0
[1;94m[*] [0mFuzzing test case #43 (1210 total, 0 uniq crashes found)...[0m
[1;94m[*] [0mFuzzing test case #44 (1210 total, 0 uniq crashes found)...[0m
scheduled max input!!!!
schedule: 9 level23_1/ijon_max/9
updated maxmap 9: 417 (len: 518)
updated maxmap 10: 419 (len: 518)
updated maxmap 10: 42a (len: 524)
updated maxmap 11: 424 (len: 524)
updated maxmap 9: 41e (len: 518)
updated maxmap 9: 41f (len: 518)
updated maxmap 8: 420 (len: 518)
updated maxmap 9: 421 (len: 518)
updated maxmap 9: 423 (len: 520)
minimized maxmap 9: 423 (len: 519)
minimized maxmap 9: 423 (len: 518)
updated maxmap 8: 426 (len: 521)
updated maxmap 9: 42b (len: 521)
updated maxmap 10: 432 (len: 524)
updated maxmap 11: 427 (len: 524)
updated maxmap 11: 42c (len: 522)
minimized maxmap 8: 426 (len: 518)
updated maxmap 9: 430 (len: 523)
updated maxmap 9: 431 (len: 523)
updated maxmap 10: 433 (len: 526)
updated maxmap 11: 431 (len: 526)
updated maxmap 11: 432 (len: 528)
updated maxmap 10: 436 (len: 526)
updated maxmap 11: 434 (len: 526)
[1;94m[*] [0mFuzzing test case #45 (1226 total, 0 uniq crashes found)...[0m
scheduled max input!!!!
schedule: 5 level23_1/ijon_max/5
[1;94m[*] [0mFuzzing test case #46 (1226 total, 0 uniq crashes found)...[0m
scheduled max input!!!!
schedule: 8 level23_1/ijon_max/8
updated maxmap 8: 427 (len: 518)
updated maxmap 11: 439 (len: 526)
updated maxmap 8: 428 (len: 518)
[1;94m[*] [0mFuzzing test case #47 (1227 total, 0 uniq crashes found)...[0m
scheduled max input!!!!
schedule: 6 level23_1/ijon_max/6
updated maxmap 6: 3f4 (len: 497)
[1;94m[*] [0mFuzzing test case #48 (1227 total, 0 uniq crashes found)...[0m
scheduled max input!!!!
schedule: 9 level23_1/ijon_max/9
[1;94m[*] [0mFuzzing test case #49 (1227 total, 0 uniq crashes found)...[0m
scheduled max input!!!!
schedule: 6 level23_1/ijon_max/6
updated maxmap 6: 3f5 (len: 497)
updated maxmap 6: 3fe (len: 503)
[1;94m[*] [0mFuzzing test case #50 (1228 total, 0 uniq crashes found)...[0m
scheduled max input!!!!
schedule: 11 level23_1/ijon_max/11
updated maxmap 8: 43a (len: 530)
updated maxmap 9: 435 (len: 530)
[1;94m[*] [0mFuzzing test case #51 (1228 total, 0 uniq crashes found)...[0m
scheduled max input!!!!
schedule: 0 level23_1/ijon_max/0
[1;94m[*] [0mFuzzing test case #52 (1228 total, 0 uniq crashes found)...[0m
scheduled max input!!!!
schedule: 12 level23_1/ijon_max/12
[1;94m[*] [0mFuzzing test case #53 (1228 total, 0 uniq crashes found)...[0m
scheduled max input!!!!
schedule: 0 level23_1/ijon_max/0
[1;94m[*] [0mFuzzing test case #54 (1228 total, 0 uniq crashes found)...[0m
scheduled max input!!!!
schedule: 7 level23_1/ijon_max/7
updated maxmap 7: 414 (len: 506)
[1;94m[*] [0mFuzzing test case #55 (1228 total, 0 uniq crashes found)...[0m
scheduled max input!!!!
schedule: 6 level23_1/ijon_max/6
updated maxmap 6: 401 (len: 503)
updated maxmap 6: 405 (len: 505)
updated maxmap 6: 407 (len: 503)
updated maxmap 6: 408 (len: 503)
updated maxmap 6: 41a (len: 515)
updated maxmap 7: 427 (len: 515)
[1;94m[*] [0mFuzzing test case #56 (1231 total, 0 uniq crashes found)...[0m
[1;94m[*] [0mFuzzing test case #57 (1231 total, 0 uniq crashes found)...[0m
scheduled max input!!!!
schedule: 4 level23_1/ijon_max/4
[1;94m[*] [0mFuzzing test case #58 (1231 total, 0 uniq crashes found)...[0m
scheduled max input!!!!
schedule: 0 level23_1/ijon_max/0
[1;94m[*] [0mFuzzing test case #59 (1231 total, 0 uniq crashes found)...[0m
scheduled max input!!!!
schedule: 9 level23_1/ijon_max/9
updated maxmap 8: 43b (len: 530)
updated maxmap 9: 436 (len: 530)
updated maxmap 8: 43c (len: 530)
updated maxmap 9: 437 (len: 530)
updated maxmap 9: 43b (len: 530)
updated maxmap 9: 43c (len: 530)
updated maxmap 9: 43f (len: 530)
updated maxmap 8: 43f (len: 530)
updated maxmap 9: 440 (len: 531)
updated maxmap 10: 438 (len: 531)
updated maxmap 9: 450 (len: 537)
updated maxmap 10: 43b (len: 530)
updated maxmap 10: 43e (len: 538)
updated maxmap 11: 43f (len: 538)
updated maxmap 10: 43f (len: 535)
minimized maxmap 11: 43f (len: 536)
updated maxmap 8: 44f (len: 538)
updated maxmap 10: 442 (len: 545)
minimized maxmap 11: 43f (len: 530)
updated maxmap 9: 452 (len: 540)
updated maxmap 11: 440 (len: 536)
minimized maxmap 11: 440 (len: 533)
[1;94m[*] [0mFuzzing test case #60 (1242 total, 0 uniq crashes found)...[0m
scheduled max input!!!!
schedule: 12 level23_1/ijon_max/12
[1;94m[*] [0mFuzzing test case #61 (1242 total, 0 uniq crashes found)...[0m
[1;94m[*] [0mFuzzing test case #62 (1242 total, 0 uniq crashes found)...[0m
scheduled max input!!!!
schedule: 2 level23_1/ijon_max/2
[1;94m[*] [0mFuzzing test case #63 (1242 total, 0 uniq crashes found)...[0m
scheduled max input!!!!
schedule: 13 level23_1/ijon_max/13
[1;94m[*] [0mFuzzing test case #64 (1243 total, 0 uniq crashes found)...[0m
scheduled max input!!!!
schedule: 0 level23_1/ijon_max/0
[1;94m[*] [0mFuzzing test case #65 (1243 total, 0 uniq crashes found)...[0m
scheduled max input!!!!
schedule: 7 level23_1/ijon_max/7
updated maxmap 6: 423 (len: 520)
updated maxmap 7: 430 (len: 520)
minimized maxmap 6: 423 (len: 515)
updated maxmap 6: 425 (len: 515)
updated maxmap 6: 434 (len: 523)
updated maxmap 7: 437 (len: 523)
[1;94m[*] [0mFuzzing test case #66 (1244 total, 0 uniq crashes found)...[0m
scheduled max input!!!!
schedule: 8 level23_1/ijon_max/8
updated maxmap 8: 451 (len: 541)
updated maxmap 8: 452 (len: 543)
updated maxmap 7: 45a (len: 544)
updated maxmap 8: 457 (len: 544)
updated maxmap 10: 446 (len: 544)
updated maxmap 10: 448 (len: 538)
updated maxmap 10: 44a (len: 538)
updated maxmap 8: 459 (len: 543)
updated maxmap 9: 454 (len: 543)
updated maxmap 9: 459 (len: 544)
updated maxmap 9: 45e (len: 545)
updated maxmap 9: 45f (len: 551)
updated maxmap 10: 44e (len: 546)
updated maxmap 8: 460 (len: 552)
updated maxmap 10: 44f (len: 544)
minimized maxmap 10: 44f (len: 542)
[1;94m[*] [0mFuzzing test case #67 (1258 total, 0 uniq crashes found)...[0m
[1;94m[*] [0mFuzzing test case #68 (1258 total, 0 uniq crashes found)...[0m
scheduled max input!!!!
schedule: 6 level23_1/ijon_max/6
updated maxmap 6: 435 (len: 523)
updated maxmap 6: 439 (len: 523)
updated maxmap 6: 43a (len: 526)
[1;94m[*] [0mFuzzing test case #69 (1258 total, 0 uniq crashes found)...[0m
scheduled max input!!!!
schedule: 11 level23_1/ijon_max/11
[1;94m[*] [0mFuzzing test case #70 (1258 total, 0 uniq crashes found)...[0m
scheduled max input!!!!
schedule: 2 level23_1/ijon_max/2
updated maxmap 2: 2f3 (len: 383)
updated maxmap 2: 2f4 (len: 382)
updated maxmap 3: 2ff (len: 387)
updated maxmap 4: 307 (len: 387)
[1;94m[*] [0mFuzzing test case #71 (1258 total, 0 uniq crashes found)...[0m
[1;94m[*] [0mFuzzing test case #72 (1258 total, 0 uniq crashes found)...[0m
scheduled max input!!!!
schedule: 13 level23_1/ijon_max/13
[1;94m[*] [0mFuzzing test case #73 (1258 total, 0 uniq crashes found)...[0m
scheduled max input!!!!
schedule: 10 level23_1/ijon_max/10
[1;94m[*] [0mFuzzing test case #74 (1258 total, 0 uniq crashes found)...[0m
scheduled max input!!!!
schedule: 6 level23_1/ijon_max/6
updated maxmap 6: 43f (len: 527)
updated maxmap 6: 44a (len: 531)
[1;94m[*] [0mFuzzing test case #75 (1258 total, 0 uniq crashes found)...[0m
scheduled max input!!!!
schedule: 11 level23_1/ijon_max/11
[1;94m[*] [0mFuzzing test case #76 (1258 total, 0 uniq crashes found)...[0m
scheduled max input!!!!
schedule: 12 level23_1/ijon_max/12
[1;94m[*] [0mFuzzing test case #77 (1258 total, 0 uniq crashes found)...[0m
[1;94m[*] [0mFuzzing test case #78 (1258 total, 0 uniq crashes found)...[0m
scheduled max input!!!!
schedule: 4 level23_1/ijon_max/4
updated maxmap 5: 311 (len: 393)
updated maxmap 4: 309 (len: 390)
[1;94m[*] [0mFuzzing test case #79 (1258 total, 0 uniq crashes found)...[0m
scheduled max input!!!!
schedule: 0 level23_1/ijon_max/0
[1;94m[*] [0mFuzzing test case #80 (1258 total, 0 uniq crashes found)...[0m
scheduled max input!!!!
schedule: 15 level23_1/ijon_max/15
[1;94m[*] [0mFuzzing test case #81 (1258 total, 0 uniq crashes found)...[0m
[1;94m[*] [0mFuzzing test case #82 (1258 total, 0 uniq crashes found)...[0m
scheduled max input!!!!
schedule: 5 level23_1/ijon_max/5
[1;94m[*] [0mFuzzing test case #83 (1258 total, 0 uniq crashes found)...[0m
scheduled max input!!!!
schedule: 12 level23_1/ijon_max/12
[1;94m[*] [0mFuzzing test case #84 (1258 total, 0 uniq crashes found)...[0m
[1;94m[*] [0mFuzzing test case #85 (1258 total, 0 uniq crashes found)...[0m
scheduled max input!!!!
schedule: 5 level23_1/ijon_max/5
[1;94m[*] [0mFuzzing test case #86 (1258 total, 0 uniq crashes found)...[0m
scheduled max input!!!!
schedule: 3 level23_1/ijon_max/3
[1;94m[*] [0mFuzzing test case #87 (1259 total, 0 uniq crashes found)...[0m
scheduled max input!!!!
schedule: 5 level23_1/ijon_max/5
[1;94m[*] [0mFuzzing test case #88 (1259 total, 0 uniq crashes found)...[0m
scheduled max input!!!!
schedule: 6 level23_1/ijon_max/6
updated maxmap 6: 44b (len: 532)
updated maxmap 6: 44e (len: 537)
minimized maxmap 9: 45f (len: 538)
[1;94m[*] [0mFuzzing test case #89 (1259 total, 0 uniq crashes found)...[0m
[1;94m[*] [0mFuzzing test case #90 (1259 total, 0 uniq crashes found)...[0m
scheduled max input!!!!
schedule: 8 level23_1/ijon_max/8
updated maxmap 8: 46d (len: 553)
minimized maxmap 8: 46d (len: 552)
updated maxmap 8: 46e (len: 554)
updated maxmap 7: 462 (len: 559)
updated maxmap 9: 460 (len: 559)
updated maxmap 7: 470 (len: 553)
updated maxmap 6: 46b (len: 552)
updated maxmap 6: 476 (len: 557)
minimized maxmap 9: 460 (len: 555)
updated maxmap 7: 47b (len: 559)
updated maxmap 7: 47c (len: 560)
updated maxmap 6: 47c (len: 560)
minimized maxmap 8: 46e (len: 552)
updated maxmap 7: 47d (len: 559)
updated maxmap 10: 450 (len: 555)
updated maxmap 7: 47e (len: 560)
[1;94m[*] [0mFuzzing test case #91 (1268 total, 0 uniq crashes found)...[0m
[1;94m[*] [0mFuzzing test case #92 (1268 total, 0 uniq crashes found)...[0m
[1;94m[*] [0mFuzzing test case #93 (1268 total, 0 uniq crashes found)...[0m
scheduled max input!!!!
schedule: 4 level23_1/ijon_max/4
[1;94m[*] [0mFuzzing test case #94 (1268 total, 0 uniq crashes found)...[0m
scheduled max input!!!!
schedule: 11 level23_1/ijon_max/11
[1;94m[*] [0mFuzzing test case #95 (1268 total, 0 uniq crashes found)...[0m
scheduled max input!!!!
schedule: 6 level23_1/ijon_max/6
updated maxmap 5: 47f (len: 560)
updated maxmap 9: 463 (len: 560)
[1;94m[*] [0mFuzzing test case #96 (1268 total, 0 uniq crashes found)...[0m
scheduled max input!!!!
schedule: 3 level23_1/ijon_max/3
[1;94m[*] [0mFuzzing test case #97 (1268 total, 0 uniq crashes found)...[0m
[1;94m[*] [0mFuzzing test case #98 (1268 total, 0 uniq crashes found)...[0m
scheduled max input!!!!
schedule: 0 level23_1/ijon_max/0
[1;94m[*] [0mFuzzing test case #99 (1268 total, 0 uniq crashes found)...[0m
scheduled max input!!!!
schedule: 15 level23_1/ijon_max/15
[1;94m[*] [0mFuzzing test case #100 (1268 total, 0 uniq crashes found)...[0m
scheduled max input!!!!
schedule: 15 level23_1/ijon_max/15
[1;94m[*] [0mFuzzing test case #101 (1268 total, 0 uniq crashes found)...[0m
scheduled max input!!!!
schedule: 14 level23_1/ijon_max/14
[1;94m[*] [0mFuzzing test case #102 (1268 total, 0 uniq crashes found)...[0m
scheduled max input!!!!
schedule: 14 level23_1/ijon_max/14
[1;94m[*] [0mFuzzing test case #103 (1268 total, 0 uniq crashes found)...[0m
scheduled max input!!!!
schedule: 4 level23_1/ijon_max/4
updated maxmap 3: 300 (len: 390)
updated maxmap 4: 30a (len: 390)
updated maxmap 2: 2f5 (len: 397)
updated maxmap 2: 2f9 (len: 390)
updated maxmap 3: 302 (len: 390)
updated maxmap 4: 30c (len: 390)
[1;94m[*] [0mFuzzing test case #104 (1269 total, 0 uniq crashes found)...[0m
scheduled max input!!!!
schedule: 8 level23_1/ijon_max/8
[1;94m[*] [0mFuzzing test case #105 (1269 total, 0 uniq crashes found)...[0m
[1;94m[*] [0mFuzzing test case #106 (1269 total, 0 uniq crashes found)...[0m
scheduled max input!!!!
schedule: 4 level23_1/ijon_max/4
updated maxmap 2: 305 (len: 394)
updated maxmap 3: 30c (len: 394)
updated maxmap 4: 316 (len: 394)
[1;94m[*] [0mFuzzing test case #107 (1269 total, 0 uniq crashes found)...[0m
scheduled max input!!!!
schedule: 5 level23_1/ijon_max/5
updated maxmap 5: 480 (len: 560)
updated maxmap 5: 482 (len: 560)
updated maxmap 5: 483 (len: 560)
[1;94m[*] [0mFuzzing test case #108 (1269 total, 0 uniq crashes found)...[0m
[1;94m[*] [0mFuzzing test case #109 (1269 total, 0 uniq crashes found)...[0m
scheduled max input!!!!
schedule: 5 level23_1/ijon_max/5
[1;94m[*] [0mFuzzing test case #110 (1269 total, 0 uniq crashes found)...[0m
scheduled max input!!!!
schedule: 4 level23_1/ijon_max/4
updated maxmap 3: 30d (len: 394)
updated maxmap 4: 317 (len: 394)
[1;94m[*] [0mFuzzing test case #111 (1269 total, 0 uniq crashes found)...[0m
scheduled max input!!!!
schedule: 0 level23_1/ijon_max/0
[1;94m[*] [0mFuzzing test case #112 (1269 total, 0 uniq crashes found)...[0m
scheduled max input!!!!
schedule: 4 level23_1/ijon_max/4
updated maxmap 2: 306 (len: 394)
[1;94m[*] [0mFuzzing test case #113 (1269 total, 0 uniq crashes found)...[0m
scheduled max input!!!!
schedule: 9 level23_1/ijon_max/9
updated maxmap 11: 441 (len: 560)
updated maxmap 6: 47d (len: 560)
[1;94m[*] [0mFuzzing test case #114 (1269 total, 0 uniq crashes found)...[0m
scheduled max input!!!!
schedule: 6 level23_1/ijon_max/6
[1;94m[*] [0mFuzzing test case #115 (1269 total, 0 uniq crashes found)...[0m
scheduled max input!!!!
schedule: 6 level23_1/ijon_max/6
updated maxmap 5: 484 (len: 567)
[1;94m[*] [0mFuzzing test case #116 (1269 total, 0 uniq crashes found)...[0m
[1;94m[*] [0mFuzzing test case #117 (1269 total, 0 uniq crashes found)...[0m
scheduled max input!!!!
schedule: 8 level23_1/ijon_max/8
[1;94m[*] [0mFuzzing test case #118 (1269 total, 0 uniq crashes found)...[0m
[1;94m[*] [0mFuzzing test case #119 (1269 total, 0 uniq crashes found)...[0m
scheduled max input!!!!
schedule: 7 level23_1/ijon_max/7
updated maxmap 7: 47f (len: 560)
[1;94m[*] [0mFuzzing test case #120 (1269 total, 0 uniq crashes found)...[0m
scheduled max input!!!!
schedule: 14 level23_1/ijon_max/14
[1;94m[*] [0mFuzzing test case #121 (1269 total, 0 uniq crashes found)...[0m
scheduled max input!!!!
schedule: 7 level23_1/ijon_max/7
updated maxmap 8: 46f (len: 560)
updated maxmap 5: 48c (len: 564)
updated maxmap 6: 47e (len: 561)
updated maxmap 10: 451 (len: 565)
[1;94m[*] [0mFuzzing test case #122 (1271 total, 0 uniq crashes found)...[0m
scheduled max input!!!!
schedule: 6 level23_1/ijon_max/6
updated maxmap 6: 47f (len: 561)
updated maxmap 5: 491 (len: 568)
updated maxmap 6: 480 (len: 561)
updated maxmap 6: 481 (len: 563)
[1;94m[*] [0mFuzzing test case #123 (1271 total, 0 uniq crashes found)...[0m
[1;94m[*] [0mFuzzing test case #124 (1271 total, 0 uniq crashes found)...[0m
scheduled max input!!!!
schedule: 4 level23_1/ijon_max/4
[1;94m[*] [0mFuzzing test case #125 (1271 total, 0 uniq crashes found)...[0m
scheduled max input!!!!
schedule: 3 level23_1/ijon_max/3
[1;94m[*] [0mFuzzing test case #126 (1273 total, 0 uniq crashes found)...[0m
scheduled max input!!!!
schedule: 11 level23_1/ijon_max/11
[1;94m[*] [0mFuzzing test case #127 (1274 total, 0 uniq crashes found)...[0m
scheduled max input!!!!
schedule: 10 level23_1/ijon_max/10
[1;94m[*] [0mFuzzing test case #128 (1275 total, 0 uniq crashes found)...[0m
scheduled max input!!!!
schedule: 13 level23_1/ijon_max/13
[1;94m[*] [0mFuzzing test case #129 (1275 total, 0 uniq crashes found)...[0m
[1;94m[*] [0mFuzzing test case #130 (1275 total, 0 uniq crashes found)...[0m
scheduled max input!!!!
schedule: 10 level23_1/ijon_max/10
[1;94m[*] [0mFuzzing test case #131 (1275 total, 0 uniq crashes found)...[0m
scheduled max input!!!!
schedule: 13 level23_1/ijon_max/13
[1;94m[*] [0mFuzzing test case #132 (1275 total, 0 uniq crashes found)...[0m
scheduled max input!!!!
schedule: 0 level23_1/ijon_max/0
[1;94m[*] [0mFuzzing test case #133 (1275 total, 0 uniq crashes found)...[0m
scheduled max input!!!!
schedule: 3 level23_1/ijon_max/3
[1;94m[*] [0mFuzzing test case #134 (1275 total, 0 uniq crashes found)...[0m
scheduled max input!!!!
schedule: 9 level23_1/ijon_max/9
[1;94m[*] [0mFuzzing test case #135 (1275 total, 0 uniq crashes found)...[0m
scheduled max input!!!!
schedule: 6 level23_1/ijon_max/6
updated maxmap 7: 480 (len: 563)
[1;94m[*] [0mFuzzing test case #136 (1275 total, 0 uniq crashes found)...[0m
scheduled max input!!!!
schedule: 6 level23_1/ijon_max/6
updated maxmap 5: 497 (len: 570)
updated maxmap 4: 487 (len: 563)
[1;94m[*] [0mFuzzing test case #137 (1277 total, 0 uniq crashes found)...[0m
scheduled max input!!!!
schedule: 3 level23_1/ijon_max/3
[1;94m[*] [0mFuzzing test case #138 (1277 total, 0 uniq crashes found)...[0m
scheduled max input!!!!
schedule: 5 level23_1/ijon_max/5
updated maxmap 5: 49a (len: 571)
[1;94m[*] [0mFuzzing test case #139 (1277 total, 0 uniq crashes found)...[0m
scheduled max input!!!!
schedule: 9 level23_1/ijon_max/9
[1;94m[*] [0mFuzzing test case #140 (1277 total, 0 uniq crashes found)...[0m
scheduled max input!!!!
schedule: 7 level23_1/ijon_max/7
[1;94m[*] [0mFuzzing test case #141 (1277 total, 0 uniq crashes found)...[0m
scheduled max input!!!!
schedule: 12 level23_1/ijon_max/12
[1;94m[*] [0mFuzzing test case #142 (1277 total, 0 uniq crashes found)...[0m
scheduled max input!!!!
schedule: 11 level23_1/ijon_max/11
[1;94m[*] [0mFuzzing test case #143 (1277 total, 0 uniq crashes found)...[0m
scheduled max input!!!!
schedule: 11 level23_1/ijon_max/11
[1;94m[*] [0mFuzzing test case #144 (1277 total, 0 uniq crashes found)...[0m
scheduled max input!!!!
schedule: 5 level23_1/ijon_max/5
updated maxmap 4: 49a (len: 571)
updated maxmap 6: 48d (len: 571)
updated maxmap 7: 486 (len: 571)
[1;94m[*] [0mFuzzing test case #145 (1277 total, 0 uniq crashes found)...[0m
[1;94m[*] [0mFuzzing test case #146 (1277 total, 0 uniq crashes found)...[0m
scheduled max input!!!!
schedule: 15 level23_1/ijon_max/15
[1;94m[*] [0mFuzzing test case #147 (1277 total, 0 uniq crashes found)...[0m
scheduled max input!!!!
schedule: 7 level23_1/ijon_max/7
updated maxmap 6: 49a (len: 571)
[1;94m[*] [0mFuzzing test case #148 (1277 total, 0 uniq crashes found)...[0m
scheduled max input!!!!
schedule: 0 level23_1/ijon_max/0
[1;94m[*] [0mFuzzing test case #149 (1277 total, 0 uniq crashes found)...[0m
[1;94m[*] [0mFuzzing test case #150 (1277 total, 0 uniq crashes found)...[0m
scheduled max input!!!!
schedule: 4 level23_1/ijon_max/4
updated maxmap 5: 4ad (len: 581)
updated maxmap 6: 4af (len: 581)
updated maxmap 4: 49b (len: 571)
updated maxmap 7: 487 (len: 571)
[1;94m[*] [0mFuzzing test case #151 (1278 total, 0 uniq crashes found)...[0m
scheduled max input!!!!
schedule: 3 level23_1/ijon_max/3
[1;94m[*] [0mFuzzing test case #152 (1278 total, 0 uniq crashes found)...[0m
scheduled max input!!!!
schedule: 8 level23_1/ijon_max/8
updated maxmap 8: 470 (len: 560)
updated maxmap 8: 471 (len: 560)
[1;94m[*] [0mFuzzing test case #153 (1278 total, 0 uniq crashes found)...[0m
scheduled max input!!!!
schedule: 11 level23_1/ijon_max/11
[1;94m[*] [0mFuzzing test case #154 (1278 total, 0 uniq crashes found)...[0m
[1;94m[*] [0mFuzzing test case #155 (1278 total, 0 uniq crashes found)...[0m
scheduled max input!!!!
schedule: 11 level23_1/ijon_max/11
[1;94m[*] [0mFuzzing test case #156 (1278 total, 0 uniq crashes found)...[0m
[1;94m[*] [0mFuzzing test case #157 (1278 total, 0 uniq crashes found)...[0m
[1;94m[*] [0mFuzzing test case #158 (1278 total, 0 uniq crashes found)...[0m
[1;94m[*] [0mFuzzing test case #159 (1278 total, 0 uniq crashes found)...[0m
scheduled max input!!!!
schedule: 9 level23_1/ijon_max/9
[1;94m[*] [0mFuzzing test case #160 (1278 total, 0 uniq crashes found)...[0m
[1;94m[*] [0mFuzzing test case #161 (1278 total, 0 uniq crashes found)...[0m
scheduled max input!!!!
schedule: 11 level23_1/ijon_max/11
[1;94m[*] [0mFuzzing test case #162 (1278 total, 0 uniq crashes found)...[0m
scheduled max input!!!!
schedule: 7 level23_1/ijon_max/7
updated maxmap 4: 49c (len: 571)
updated maxmap 7: 488 (len: 571)
updated maxmap 7: 492 (len: 572)
minimized maxmap 7: 492 (len: 571)
updated maxmap 7: 494 (len: 571)
updated maxmap 7: 495 (len: 571)
[1;94m[*] [0mFuzzing test case #163 (1278 total, 0 uniq crashes found)...[0m
scheduled max input!!!!
schedule: 8 level23_1/ijon_max/8
updated maxmap 8: 472 (len: 560)
updated maxmap 8: 473 (len: 560)
[1;94m[*] [0mFuzzing test case #164 (1278 total, 0 uniq crashes found)...[0m
scheduled max input!!!!
schedule: 15 level23_1/ijon_max/15
[1;94m[*] [0mFuzzing test case #165 (1278 total, 0 uniq crashes found)...[0m
scheduled max input!!!!
schedule: 4 level23_1/ijon_max/4
updated maxmap 7: 497 (len: 571)
minimized maxmap 5: 4ad (len: 579)
updated maxmap 6: 4b0 (len: 579)
updated maxmap 4: 49d (len: 571)
[1;94m[*] [0mFuzzing test case #166 (1278 total, 0 uniq crashes found)...[0m
scheduled max input!!!!
schedule: 6 level23_1/ijon_max/6
updated maxmap 5: 4ae (len: 579)
updated maxmap 6: 4b1 (len: 579)
updated maxmap 5: 4b0 (len: 579)
updated maxmap 6: 4b2 (len: 579)
updated maxmap 6: 4b7 (len: 586)
updated maxmap 7: 4c1 (len: 586)
updated maxmap 8: 4c0 (len: 587)
updated maxmap 4: 4a8 (len: 581)
updated maxmap 4: 4b5 (len: 596)
updated maxmap 5: 4bf (len: 596)
updated maxmap 6: 4c8 (len: 596)
updated maxmap 7: 4cb (len: 596)
[1;94m[*] [0mFuzzing test case #167 (1281 total, 0 uniq crashes found)...[0m
scheduled max input!!!!
schedule: 7 level23_1/ijon_max/7
updated maxmap 9: 4ca (len: 596)
updated maxmap 6: 4c9 (len: 596)
updated maxmap 4: 4b6 (len: 601)
updated maxmap 5: 4c0 (len: 601)
updated maxmap 7: 4cc (len: 601)
minimized maxmap 4: 4b6 (len: 596)
minimized maxmap 5: 4c0 (len: 596)
[1;94m[*] [0mFuzzing test case #168 (1283 total, 0 uniq crashes found)...[0m
scheduled max input!!!!
schedule: 2 level23_1/ijon_max/2
[1;94m[*] [0mFuzzing test case #169 (1283 total, 0 uniq crashes found)...[0m
scheduled max input!!!!
schedule: 13 level23_1/ijon_max/13
[1;94m[*] [0mFuzzing test case #170 (1283 total, 0 uniq crashes found)...[0m
[1;94m[*] [0mFuzzing test case #171 (1283 total, 0 uniq crashes found)...[0m
scheduled max input!!!!
schedule: 10 level23_1/ijon_max/10
[1;94m[*] [0mFuzzing test case #172 (1284 total, 0 uniq crashes found)...[0m
scheduled max input!!!!
schedule: 8 level23_1/ijon_max/8
updated maxmap 8: 4c1 (len: 587)
updated maxmap 8: 4c2 (len: 587)
updated maxmap 8: 4c4 (len: 587)
updated maxmap 8: 4cd (len: 592)
updated maxmap 9: 4d1 (len: 592)
[1;94m[*] [0mFuzzing test case #173 (1286 total, 0 uniq crashes found)...[0m
scheduled max input!!!!
schedule: 12 level23_1/ijon_max/12
[1;94m[*] [0mFuzzing test case #174 (1286 total, 0 uniq crashes found)...[0m
scheduled max input!!!!
schedule: 10 level23_1/ijon_max/10
[1;94m[*] [0mFuzzing test case #175 (1286 total, 0 uniq crashes found)...[0m
scheduled max input!!!!
schedule: 15 level23_1/ijon_max/15
[1;94m[*] [0mFuzzing test case #176 (1286 total, 0 uniq crashes found)...[0m
[1;94m[*] [0mFuzzing test case #177 (1286 total, 0 uniq crashes found)...[0m
scheduled max input!!!!
schedule: 3 level23_1/ijon_max/3
[1;94m[*] [0mFuzzing test case #178 (1286 total, 0 uniq crashes found)...[0m
[1;94m[*] [0mFuzzing test case #179 (1286 total, 0 uniq crashes found)...[0m
[1;94m[*] [0mFuzzing test case #180 (1286 total, 0 uniq crashes found)...[0m
scheduled max input!!!!
schedule: 15 level23_1/ijon_max/15
[1;94m[*] [0mFuzzing test case #181 (1286 total, 0 uniq crashes found)...[0m
scheduled max input!!!!
schedule: 11 level23_1/ijon_max/11
[1;94m[*] [0mFuzzing test case #182 (1286 total, 0 uniq crashes found)...[0m
scheduled max input!!!!
schedule: 3 level23_1/ijon_max/3
[1;94m[*] [0mFuzzing test case #183 (1286 total, 0 uniq crashes found)...[0m
scheduled max input!!!!
schedule: 5 level23_1/ijon_max/5
[1;94m[*] [0mFuzzing test case #184 (1286 total, 0 uniq crashes found)...[0m
scheduled max input!!!!
schedule: 8 level23_1/ijon_max/8
updated maxmap 9: 4d2 (len: 592)
updated maxmap 10: 4d4 (len: 596)
[1;94m[*] [0mFuzzing test case #185 (1286 total, 0 uniq crashes found)...[0m
[1;94m[*] [0mFuzzing test case #186 (1286 total, 0 uniq crashes found)...[0m
scheduled max input!!!!
schedule: 13 level23_1/ijon_max/13
[1;94m[*] [0mFuzzing test case #187 (1286 total, 0 uniq crashes found)...[0m
scheduled max input!!!!
schedule: 7 level23_1/ijon_max/7
[1;94m[*] [0mFuzzing test case #188 (1286 total, 0 uniq crashes found)...[0m
[1;94m[*] [0mFuzzing test case #189 (1286 total, 0 uniq crashes found)...[0m
scheduled max input!!!!
schedule: 6 level23_1/ijon_max/6
updated maxmap 8: 4cf (len: 598)
updated maxmap 10: 4d8 (len: 602)
updated maxmap 11: 4d6 (len: 602)
minimized maxmap 7: 4cc (len: 596)
[1;94m[*] [0mFuzzing test case #190 (1287 total, 0 uniq crashes found)...[0m
[1;94m[*] [0mFuzzing test case #191 (1287 total, 0 uniq crashes found)...[0m
[1;94m[*] [0mFuzzing test case #192 (1287 total, 0 uniq crashes found)...[0m
scheduled max input!!!!
schedule: 7 level23_1/ijon_max/7
updated maxmap 8: 4d2 (len: 602)
updated maxmap 9: 4d9 (len: 602)
[1;94m[*] [0mFuzzing test case #193 (1288 total, 0 uniq crashes found)...[0m
[1;94m[*] [0mFuzzing test case #194 (1288 total, 0 uniq crashes found)...[0m
scheduled max input!!!!
schedule: 5 level23_1/ijon_max/5
[1;94m[*] [0mFuzzing test case #195 (1288 total, 0 uniq crashes found)...[0m
scheduled max input!!!!
schedule: 10 level23_1/ijon_max/10
updated maxmap 10: 4d9 (len: 602)
updated maxmap 11: 4d7 (len: 604)
updated maxmap 10: 4da (len: 602)
updated maxmap 11: 4d8 (len: 602)
updated maxmap 7: 4d0 (len: 602)
updated maxmap 8: 4d7 (len: 602)
[1;94m[*] [0mFuzzing test case #196 (1289 total, 0 uniq crashes found)...[0m
scheduled max input!!!!
schedule: 6 level23_1/ijon_max/6
[1;94m[*] [0mFuzzing test case #197 (1289 total, 0 uniq crashes found)...[0m
[1;94m[*] [0mFuzzing test case #198 (1289 total, 0 uniq crashes found)...[0m
scheduled max input!!!!
schedule: 10 level23_1/ijon_max/10
updated maxmap 10: 4e0 (len: 605)
updated maxmap 11: 4de (len: 605)
updated maxmap 9: 4e9 (len: 608)
updated maxmap 10: 4e6 (len: 608)
updated maxmap 11: 4df (len: 608)
updated maxmap 9: 4ee (len: 610)
updated maxmap 10: 4e7 (len: 610)
updated maxmap 11: 4ea (len: 610)
updated maxmap 8: 4da (len: 606)
updated maxmap 7: 4d3 (len: 602)
updated maxmap 8: 4dd (len: 602)
updated maxmap 10: 4e9 (len: 610)
updated maxmap 11: 4eb (len: 610)
updated maxmap 6: 4ca (len: 606)
updated maxmap 7: 4d4 (len: 606)
updated maxmap 5: 4c1 (len: 604)
updated maxmap 6: 4cb (len: 604)
updated maxmap 7: 4d5 (len: 604)
updated maxmap 8: 4de (len: 604)
updated maxmap 5: 4c3 (len: 607)
updated maxmap 6: 4cd (len: 607)
updated maxmap 7: 4d7 (len: 607)
updated maxmap 8: 4e1 (len: 607)
updated maxmap 10: 4f0 (len: 608)
[1;94m[*] [0mFuzzing test case #199 (1299 total, 0 uniq crashes found)...[0m
scheduled max input!!!!
schedule: 6 level23_1/ijon_max/6
updated maxmap 4: 4b8 (len: 611)
updated maxmap 4: 4b9 (len: 607)
[1;94m[*] [0mFuzzing test case #200 (1300 total, 0 uniq crashes found)...[0m
[1;94m[*] [0mFuzzing test case #201 (1300 total, 0 uniq crashes found)...[0m
[1;94m[*] [0mFuzzing test case #202 (1300 total, 0 uniq crashes found)...[0m
scheduled max input!!!!
schedule: 10 level23_1/ijon_max/10
updated maxmap 10: 4f1 (len: 608)
updated maxmap 10: 4fb (len: 612)
updated maxmap 11: 4f6 (len: 612)
updated maxmap 11: 4fa (len: 613)
updated maxmap 9: 4f7 (len: 615)
updated maxmap 9: 502 (len: 616)
updated maxmap 4: 4c6 (len: 608)
updated maxmap 5: 4d0 (len: 608)
updated maxmap 6: 4d9 (len: 608)
updated maxmap 7: 4e3 (len: 608)
updated maxmap 8: 4ed (len: 608)
updated maxmap 10: 4fe (len: 616)
updated maxmap 9: 503 (len: 616)
updated maxmap 11: 4fb (len: 612)
updated maxmap 8: 4ef (len: 610)
updated maxmap 11: 502 (len: 616)
updated maxmap 12: 4be (len: 608)
updated maxmap 13: 4be (len: 608)
updated maxmap 14: 4be (len: 608)
updated maxmap 13: 4bf (len: 608)
updated maxmap 14: 4bf (len: 608)
updated maxmap 7: 4e6 (len: 608)
minimized maxmap 8: 4ef (len: 609)
updated maxmap 8: 4f1 (len: 613)
minimized maxmap 11: 502 (len: 615)
[1;94m[*] [0mFuzzing test case #203 (1310 total, 0 uniq crashes found)...[0m
scheduled max input!!!!
schedule: 12 level23_1/ijon_max/12
updated maxmap 12: 4bf (len: 608)
updated maxmap 0: 4c0 (len: 618)
updated maxmap 15: 4c0 (len: 618)
[1;94m[*] [0mFuzzing test case #204 (1310 total, 0 uniq crashes found)...[0m
scheduled max input!!!!
schedule: 12 level23_1/ijon_max/12
[1;94m[*] [0mFuzzing test case #205 (1310 total, 0 uniq crashes found)...[0m
scheduled max input!!!!
schedule: 14 level23_1/ijon_max/14
updated maxmap 14: 4c0 (len: 608)
[1;94m[*] [0mFuzzing test case #206 (1310 total, 0 uniq crashes found)...[0m
[1;94m[*] [0mFuzzing test case #207 (1310 total, 0 uniq crashes found)...[0m
scheduled max input!!!!
schedule: 5 level23_1/ijon_max/5
updated maxmap 6: 4da (len: 608)
[1;94m[*] [0mFuzzing test case #208 (1310 total, 0 uniq crashes found)...[0m
scheduled max input!!!!
schedule: 12 level23_1/ijon_max/12
updated maxmap 13: 4c4 (len: 608)
updated maxmap 14: 4c5 (len: 608)
[1;94m[*] [0mFuzzing test case #209 (1310 total, 0 uniq crashes found)...[0m
scheduled max input!!!!
schedule: 8 level23_1/ijon_max/8
updated maxmap 8: 4f3 (len: 613)
updated maxmap 8: 4f4 (len: 613)
[1;94m[*] [0mFuzzing test case #210 (1310 total, 0 uniq crashes found)...[0m
scheduled max input!!!!
schedule: 7 level23_1/ijon_max/7
updated maxmap 9: 519 (len: 627)
updated maxmap 10: 51b (len: 627)
updated maxmap 7: 4e7 (len: 608)
updated maxmap 7: 4e8 (len: 611)
[1;94m[*] [0mFuzzing test case #211 (1312 total, 0 uniq crashes found)...[0m
[1;94m[*] [0mFuzzing test case #212 (1312 total, 0 uniq crashes found)...[0m
scheduled max input!!!!
schedule: 7 level23_1/ijon_max/7
[1;94m[*] [0mFuzzing test case #213 (1312 total, 0 uniq crashes found)...[0m
scheduled max input!!!!
schedule: 3 level23_1/ijon_max/3
[1;94m[*] [0mFuzzing test case #214 (1313 total, 0 uniq crashes found)...[0m
scheduled max input!!!!
schedule: 4 level23_1/ijon_max/4
updated maxmap 11: 503 (len: 616)
[1;94m[*] [0mFuzzing test case #215 (1314 total, 0 uniq crashes found)...[0m
scheduled max input!!!!
schedule: 9 level23_1/ijon_max/9
updated maxmap 10: 51c (len: 627)
updated maxmap 9: 51e (len: 636)
updated maxmap 10: 524 (len: 636)
updated maxmap 8: 520 (len: 632)
updated maxmap 11: 522 (len: 634)
updated maxmap 10: 528 (len: 640)
updated maxmap 11: 531 (len: 640)
[1;94m[*] [0mFuzzing test case #216 (1315 total, 0 uniq crashes found)...[0m
scheduled max input!!!!
schedule: 12 level23_1/ijon_max/12
[1;94m[*] [0mFuzzing test case #217 (1315 total, 0 uniq crashes found)...[0m
[1;94m[*] [0mFuzzing test case #218 (1315 total, 0 uniq crashes found)...[0m
scheduled max input!!!!
schedule: 9 level23_1/ijon_max/9
updated maxmap 9: 526 (len: 636)
updated maxmap 0: 4d0 (len: 643)
updated maxmap 14: 4c9 (len: 643)
updated maxmap 15: 4ce (len: 643)
updated maxmap 9: 527 (len: 636)
updated maxmap 9: 528 (len: 636)
updated maxmap 9: 52d (len: 641)
updated maxmap 10: 52c (len: 641)
updated maxmap 10: 52d (len: 641)
updated maxmap 9: 52e (len: 643)
updated maxmap 8: 525 (len: 636)
updated maxmap 8: 526 (len: 636)
updated maxmap 8: 528 (len: 636)
updated maxmap 8: 539 (len: 638)
updated maxmap 9: 534 (len: 643)
[1;94m[*] [0mFuzzing test case #219 (1317 total, 0 uniq crashes found)...[0m
[1;94m[*] [0mFuzzing test case #220 (1317 total, 0 uniq crashes found)...[0m
scheduled max input!!!!
schedule: 11 level23_1/ijon_max/11
updated maxmap 11: 532 (len: 640)
updated maxmap 10: 52e (len: 640)
updated maxmap 11: 534 (len: 640)
updated maxmap 11: 535 (len: 642)
[1;94m[*] [0mFuzzing test case #221 (1317 total, 0 uniq crashes found)...[0m
scheduled max input!!!!
schedule: 13 level23_1/ijon_max/13
[1;94m[*] [0mFuzzing test case #222 (1317 total, 0 uniq crashes found)...[0m
scheduled max input!!!!
schedule: 11 level23_1/ijon_max/11
updated maxmap 11: 53a (len: 645)
updated maxmap 10: 531 (len: 642)
[1;94m[*] [0mFuzzing test case #223 (1317 total, 0 uniq crashes found)...[0m
scheduled max input!!!!
schedule: 3 level23_1/ijon_max/3
updated maxmap 2: 30d (len: 394)
updated maxmap 3: 314 (len: 394)
[1;94m[*] [0mFuzzing test case #224 (1317 total, 0 uniq crashes found)...[0m
scheduled max input!!!!
schedule: 0 level23_1/ijon_max/0
updated maxmap 10: 537 (len: 643)
updated maxmap 15: 4cf (len: 644)
minimized maxmap 15: 4cf (len: 643)
updated maxmap 10: 539 (len: 643)
updated maxmap 11: 53b (len: 643)
updated maxmap 0: 4d1 (len: 643)
updated maxmap 2: 4c3 (len: 657)
updated maxmap 3: 4cd (len: 657)
updated maxmap 4: 4d6 (len: 657)
updated maxmap 5: 4e0 (len: 657)
updated maxmap 6: 4ea (len: 657)
updated maxmap 7: 53e (len: 657)
updated maxmap 8: 53c (len: 657)
updated maxmap 9: 537 (len: 657)
updated maxmap 14: 4ca (len: 647)
updated maxmap 15: 4d0 (len: 647)
minimized maxmap 14: 4ca (len: 643)
minimized maxmap 15: 4d0 (len: 643)
updated maxmap 0: 4d2 (len: 643)
updated maxmap 11: 53c (len: 644)
updated maxmap 7: 540 (len: 651)
updated maxmap 8: 53e (len: 651)
updated maxmap 9: 539 (len: 651)
updated maxmap 12: 4c0 (len: 647)
updated maxmap 13: 4c6 (len: 647)
updated maxmap 10: 53a (len: 644)
updated maxmap 7: 544 (len: 646)
updated maxmap 8: 541 (len: 646)
updated maxmap 9: 53b (len: 646)
minimized maxmap 10: 53a (len: 643)
minimized maxmap 11: 53c (len: 643)
minimized maxmap 12: 4c0 (len: 643)
updated maxmap 10: 541 (len: 646)
updated maxmap 11: 543 (len: 646)
updated maxmap 9: 53d (len: 651)
updated maxmap 11: 548 (len: 651)
[1;94m[*] [0mFuzzing test case #225 (1328 total, 0 uniq crashes found)...[0m
scheduled max input!!!!
schedule: 3 level23_1/ijon_max/3
updated maxmap 2: 4c4 (len: 657)
updated maxmap 3: 4ce (len: 657)
updated maxmap 4: 4d8 (len: 657)
updated maxmap 5: 4e2 (len: 657)
updated maxmap 6: 4ec (len: 657)
updated maxmap 2: 4c5 (len: 657)
updated maxmap 9: 55d (len: 671)
updated maxmap 10: 55d (len: 671)
updated maxmap 11: 55b (len: 671)
updated maxmap 3: 4cf (len: 657)
updated maxmap 4: 4d9 (len: 657)
updated maxmap 5: 4e3 (len: 657)
updated maxmap 6: 4ed (len: 657)
updated maxmap 6: 557 (len: 665)
updated maxmap 7: 555 (len: 665)
updated maxmap 8: 550 (len: 665)
updated maxmap 2: 4d3 (len: 657)
updated maxmap 3: 4dc (len: 657)
updated maxmap 4: 4e6 (len: 657)
updated maxmap 5: 4f0 (len: 657)
updated maxmap 2: 4d4 (len: 657)
updated maxmap 3: 4de (len: 657)
updated maxmap 4: 4e8 (len: 657)
updated maxmap 5: 4f2 (len: 657)
updated maxmap 6: 55d (len: 661)
updated maxmap 7: 55b (len: 661)
updated maxmap 8: 555 (len: 661)
updated maxmap 2: 4d9 (len: 657)
updated maxmap 3: 4e3 (len: 657)
updated maxmap 4: 4ed (len: 657)
updated maxmap 5: 4f7 (len: 657)
updated maxmap 2: 4da (len: 657)
updated maxmap 1: 4dc (len: 664)
updated maxmap 2: 4eb (len: 664)
updated maxmap 3: 4f5 (len: 664)
updated maxmap 4: 4fd (len: 664)
updated maxmap 5: 507 (len: 664)
minimized maxmap 1: 4dc (len: 657)
minimized maxmap 2: 4eb (len: 657)
minimized maxmap 3: 4f5 (len: 657)
minimized maxmap 4: 4fd (len: 657)
minimized maxmap 5: 507 (len: 657)
updated maxmap 4: 4fe (len: 657)
updated maxmap 5: 508 (len: 657)
updated maxmap 1: 4e1 (len: 657)
updated maxmap 2: 4ed (len: 657)
updated maxmap 3: 4f7 (len: 657)
updated maxmap 4: 500 (len: 657)
updated maxmap 5: 50a (len: 657)
updated maxmap 2: 4ee (len: 657)
updated maxmap 3: 4f8 (len: 657)
updated maxmap 4: 501 (len: 657)
updated maxmap 5: 50b (len: 657)
updated maxmap 1: 4e3 (len: 657)
updated maxmap 2: 4ef (len: 657)
updated maxmap 3: 4f9 (len: 657)
updated maxmap 4: 502 (len: 657)
updated maxmap 5: 50c (len: 657)
updated maxmap 1: 4e4 (len: 657)
updated maxmap 2: 4f0 (len: 657)
updated maxmap 3: 4fa (len: 657)
updated maxmap 4: 503 (len: 657)
updated maxmap 5: 50d (len: 657)
updated maxmap 1: 4e6 (len: 657)
updated maxmap 2: 4f2 (len: 657)
updated maxmap 3: 4fb (len: 657)
updated maxmap 4: 504 (len: 657)
updated maxmap 5: 50e (len: 657)
updated maxmap 4: 505 (len: 657)
updated maxmap 5: 50f (len: 657)
updated maxmap 8: 55f (len: 663)
updated maxmap 9: 55f (len: 663)
[1;94m[*] [0mFuzzing test case #226 (1345 total, 0 uniq crashes found)...[0m
scheduled max input!!!!
schedule: 7 level23_1/ijon_max/7
updated maxmap 7: 55c (len: 661)
updated maxmap 6: 55f (len: 662)
updated maxmap 7: 55d (len: 662)
minimized maxmap 7: 55d (len: 661)
[1;94m[*] [0mFuzzing test case #227 (1345 total, 0 uniq crashes found)...[0m
[1;94m[*] [0mFuzzing test case #228 (1345 total, 0 uniq crashes found)...[0m
[1;94m[*] [0mFuzzing test case #229 (1345 total, 0 uniq crashes found)...[0m
[1;94m[*] [0mFuzzing test case #230 (1345 total, 0 uniq crashes found)...[0m
[1;94m[*] [0mFuzzing test case #231 (1345 total, 0 uniq crashes found)...[0m
scheduled max input!!!!
schedule: 10 level23_1/ijon_max/10
updated maxmap 10: 55e (len: 671)
updated maxmap 11: 55c (len: 671)
updated maxmap 11: 55d (len: 673)
[1;94m[*] [0mFuzzing test case #232 (1345 total, 0 uniq crashes found)...[0m
scheduled max input!!!!
schedule: 14 level23_1/ijon_max/14
[1;94m[*] [0mFuzzing test case #233 (1345 total, 0 uniq crashes found)...[0m
[1;94m[*] [0mFuzzing test case #234 (1345 total, 0 uniq crashes found)...[0m
scheduled max input!!!!
schedule: 15 level23_1/ijon_max/15
[1;94m[*] [0mFuzzing test case #235 (1345 total, 0 uniq crashes found)...[0m
[1;94m[*] [0mFuzzing test case #236 (1345 total, 0 uniq crashes found)...[0m
scheduled max input!!!!
schedule: 10 level23_1/ijon_max/10
minimized maxmap 11: 55d (len: 671)
updated maxmap 11: 55e (len: 671)
updated maxmap 12: 4c1 (len: 676)
updated maxmap 7: 55e (len: 676)
[1;94m[*] [0mFuzzing test case #237 (1355 total, 0 uniq crashes found)...[0m
scheduled max input!!!!
schedule: 2 level23_1/ijon_max/2
[1;94m[*] [0mFuzzing test case #238 (1355 total, 0 uniq crashes found)...[0m
scheduled max input!!!!
schedule: 6 level23_1/ijon_max/6
[1;94m[*] [0mFuzzing test case #239 (1355 total, 0 uniq crashes found)...[0m
scheduled max input!!!!
schedule: 8 level23_1/ijon_max/8
updated maxmap 5: 564 (len: 663)
updated maxmap 6: 56b (len: 663)
minimized maxmap 10: 55e (len: 663)
[1;94m[*] [0mFuzzing test case #240 (1357 total, 0 uniq crashes found)...[0m
scheduled max input!!!!
schedule: 0 level23_1/ijon_max/0
[1;94m[*] [0mFuzzing test case #241 (1357 total, 0 uniq crashes found)...[0m
scheduled max input!!!!
schedule: 12 level23_1/ijon_max/12
[1;94m[*] [0mFuzzing test case #242 (1357 total, 0 uniq crashes found)...[0m
scheduled max input!!!!
schedule: 12 level23_1/ijon_max/12
[1;94m[*] [0mFuzzing test case #243 (1357 total, 0 uniq crashes found)...[0m
scheduled max input!!!!
schedule: 6 level23_1/ijon_max/6
[1;94m[*] [0mFuzzing test case #244 (1357 total, 0 uniq crashes found)...[0m
scheduled max input!!!!
schedule: 14 level23_1/ijon_max/14
[1;94m[*] [0mFuzzing test case #245 (1357 total, 0 uniq crashes found)...[0m
scheduled max input!!!!
schedule: 9 level23_1/ijon_max/9
updated maxmap 1: 4e8 (len: 663)
updated maxmap 2: 4f4 (len: 663)
updated maxmap 3: 4fd (len: 663)
updated maxmap 4: 507 (len: 663)
updated maxmap 6: 56c (len: 663)
updated maxmap 1: 4ed (len: 667)
updated maxmap 2: 4f9 (len: 667)
updated maxmap 3: 501 (len: 667)
updated maxmap 4: 50b (len: 667)
minimized maxmap 7: 55e (len: 663)
updated maxmap 5: 566 (len: 663)
updated maxmap 6: 56d (len: 670)
[1;94m[*] [0mFuzzing test case #246 (1366 total, 0 uniq crashes found)...[0m
[1;94m[*] [0mFuzzing test case #247 (1366 total, 0 uniq crashes found)...[0m
scheduled max input!!!!
schedule: 10 level23_1/ijon_max/10
[1;94m[*] [0mFuzzing test case #248 (1366 total, 0 uniq crashes found)...[0m
scheduled max input!!!!
schedule: 4 level23_1/ijon_max/4
updated maxmap 3: 502 (len: 667)
updated maxmap 4: 50c (len: 667)
[1;94m[*] [0mFuzzing test case #249 (1366 total, 0 uniq crashes found)...[0m
scheduled max input!!!!
schedule: 12 level23_1/ijon_max/12
[1;94m[*] [0mFuzzing test case #250 (1366 total, 0 uniq crashes found)...[0m
scheduled max input!!!!
schedule: 6 level23_1/ijon_max/6
updated maxmap 5: 567 (len: 670)
updated maxmap 6: 56e (len: 670)
updated maxmap 5: 569 (len: 670)
updated maxmap 6: 56f (len: 670)
[1;94m[*] [0mFuzzing test case #251 (1367 total, 0 uniq crashes found)...[0m
scheduled max input!!!!
schedule: 13 level23_1/ijon_max/13
[1;94m[*] [0mFuzzing test case #252 (1367 total, 0 uniq crashes found)...[0m
[1;94m[*] [0mFuzzing test case #253 (1367 total, 0 uniq crashes found)...[0m
scheduled max input!!!!
schedule: 0 level23_1/ijon_max/0
[1;94m[*] [0mFuzzing test case #254 (1367 total, 0 uniq crashes found)...[0m
[1;94m[*] [0mFuzzing test case #255 (1367 total, 0 uniq crashes found)...[0m
scheduled max input!!!!
schedule: 5 level23_1/ijon_max/5
[1;94m[*] [0mFuzzing test case #256 (1367 total, 0 uniq crashes found)...[0m
scheduled max input!!!!
schedule: 5 level23_1/ijon_max/5
[1;94m[*] [0mFuzzing test case #257 (1367 total, 0 uniq crashes found)...[0m
scheduled max input!!!!
schedule: 15 level23_1/ijon_max/15
[1;94m[*] [0mFuzzing test case #258 (1367 total, 0 uniq crashes found)...[0m
scheduled max input!!!!
schedule: 1 level23_1/ijon_max/1
[1;94m[*] [0mFuzzing test case #259 (1367 total, 0 uniq crashes found)...[0m
scheduled max input!!!!
schedule: 4 level23_1/ijon_max/4
[1;94m[*] [0mFuzzing test case #260 (1368 total, 0 uniq crashes found)...[0m
scheduled max input!!!!
schedule: 3 level23_1/ijon_max/3
[1;94m[*] [0mFuzzing test case #261 (1368 total, 0 uniq crashes found)...[0m
scheduled max input!!!!
schedule: 6 level23_1/ijon_max/6
[1;94m[*] [0mFuzzing test case #262 (1369 total, 0 uniq crashes found)...[0m
scheduled max input!!!!
schedule: 6 level23_1/ijon_max/6
[1;94m[*] [0mFuzzing test case #263 (1370 total, 0 uniq crashes found)...[0m
scheduled max input!!!!
schedule: 12 level23_1/ijon_max/12
[1;94m[*] [0mFuzzing test case #264 (1370 total, 0 uniq crashes found)...[0m
scheduled max input!!!!
schedule: 0 level23_1/ijon_max/0
[1;94m[*] [0mFuzzing test case #265 (1370 total, 0 uniq crashes found)...[0m
scheduled max input!!!!
schedule: 6 level23_1/ijon_max/6
[1;94m[*] [0mFuzzing test case #266 (1371 total, 0 uniq crashes found)...[0m
[1;94m[*] [0mFuzzing test case #267 (1371 total, 0 uniq crashes found)...[0m
scheduled max input!!!!
schedule: 14 level23_1/ijon_max/14
[1;94m[*] [0mFuzzing test case #268 (1371 total, 0 uniq crashes found)...[0m
scheduled max input!!!!
schedule: 7 level23_1/ijon_max/7
updated maxmap 7: 55f (len: 663)
[1;94m[*] [0mFuzzing test case #269 (1371 total, 0 uniq crashes found)...[0m
scheduled max input!!!!
schedule: 5 level23_1/ijon_max/5
[1;94m[*] [0mFuzzing test case #270 (1371 total, 0 uniq crashes found)...[0m
scheduled max input!!!!
schedule: 8 level23_1/ijon_max/8
updated maxmap 8: 560 (len: 663)
[1;94m[*] [0mFuzzing test case #271 (1371 total, 0 uniq crashes found)...[0m
scheduled max input!!!!
schedule: 0 level23_1/ijon_max/0
[1;94m[*] [0mFuzzing test case #272 (1371 total, 0 uniq crashes found)...[0m
scheduled max input!!!!
schedule: 4 level23_1/ijon_max/4
[1;94m[*] [0mFuzzing test case #273 (1371 total, 0 uniq crashes found)...[0m
[1;94m[*] [0mFuzzing test case #274 (1371 total, 0 uniq crashes found)...[0m
scheduled max input!!!!
schedule: 13 level23_1/ijon_max/13
[1;94m[*] [0mFuzzing test case #275 (1371 total, 0 uniq crashes found)...[0m
scheduled max input!!!!
schedule: 14 level23_1/ijon_max/14
[1;94m[*] [0mFuzzing test case #276 (1371 total, 0 uniq crashes found)...[0m
scheduled max input!!!!
schedule: 6 level23_1/ijon_max/6
[1;94m[*] [0mFuzzing test case #277 (1371 total, 0 uniq crashes found)...[0m
scheduled max input!!!!
schedule: 4 level23_1/ijon_max/4
[1;94m[*] [0mFuzzing test case #278 (1371 total, 0 uniq crashes found)...[0m
scheduled max input!!!!
schedule: 0 level23_1/ijon_max/0
[1;94m[*] [0mFuzzing test case #279 (1371 total, 0 uniq crashes found)...[0m
[1;94m[*] [0mFuzzing test case #280 (1371 total, 0 uniq crashes found)...[0m
[1;94m[*] [0mFuzzing test case #281 (1371 total, 0 uniq crashes found)...[0m
[1;94m[*] [0mFuzzing test case #282 (1371 total, 0 uniq crashes found)...[0m
scheduled max input!!!!
schedule: 6 level23_1/ijon_max/6
[1;94m[*] [0mFuzzing test case #283 (1371 total, 0 uniq crashes found)...[0m
scheduled max input!!!!
schedule: 11 level23_1/ijon_max/11
[1;94m[*] [0mFuzzing test case #284 (1372 total, 0 uniq crashes found)...[0m
scheduled max input!!!!
schedule: 4 level23_1/ijon_max/4
[1;94m[*] [0mFuzzing test case #285 (1372 total, 0 uniq crashes found)...[0m
scheduled max input!!!!
schedule: 7 level23_1/ijon_max/7
[1;94m[*] [0mFuzzing test case #286 (1372 total, 0 uniq crashes found)...[0m
scheduled max input!!!!
schedule: 9 level23_1/ijon_max/9
[1;94m[*] [0mFuzzing test case #287 (1372 total, 0 uniq crashes found)...[0m
scheduled max input!!!!
schedule: 1 level23_1/ijon_max/1
[1;94m[*] [0mFuzzing test case #288 (1372 total, 0 uniq crashes found)...[0m
[1;94m[*] [0mFuzzing test case #289 (1372 total, 0 uniq crashes found)...[0m
scheduled max input!!!!
schedule: 6 level23_1/ijon_max/6
[1;94m[*] [0mFuzzing test case #290 (1373 total, 0 uniq crashes found)...[0m
scheduled max input!!!!
schedule: 2 level23_1/ijon_max/2
[1;94m[*] [0mFuzzing test case #291 (1373 total, 0 uniq crashes found)...[0m
scheduled max input!!!!
schedule: 2 level23_1/ijon_max/2
[1;94m[*] [0mFuzzing test case #292 (1373 total, 0 uniq crashes found)...[0m
scheduled max input!!!!
schedule: 14 level23_1/ijon_max/14
[1;94m[*] [0mFuzzing test case #293 (1373 total, 0 uniq crashes found)...[0m
scheduled max input!!!!
schedule: 13 level23_1/ijon_max/13
[1;94m[*] [0mFuzzing test case #294 (1373 total, 0 uniq crashes found)...[0m
scheduled max input!!!!
schedule: 14 level23_1/ijon_max/14
[1;94m[*] [0mFuzzing test case #295 (1373 total, 0 uniq crashes found)...[0m
scheduled max input!!!!
schedule: 4 level23_1/ijon_max/4
[1;94m[*] [0mFuzzing test case #296 (1373 total, 0 uniq crashes found)...[0m
scheduled max input!!!!
schedule: 9 level23_1/ijon_max/9
[1;94m[*] [0mFuzzing test case #297 (1373 total, 0 uniq crashes found)...[0m
scheduled max input!!!!
schedule: 11 level23_1/ijon_max/11
[1;94m[*] [0mFuzzing test case #298 (1373 total, 0 uniq crashes found)...[0m
[1;94m[*] [0mFuzzing test case #299 (1373 total, 0 uniq crashes found)...[0m
scheduled max input!!!!
schedule: 11 level23_1/ijon_max/11
updated maxmap 11: 55f (len: 674)
minimized maxmap 11: 55f (len: 671)
[1;94m[*] [0mFuzzing test case #300 (1375 total, 0 uniq crashes found)...[0m
scheduled max input!!!!
schedule: 10 level23_1/ijon_max/10
[1;94m[*] [0mFuzzing test case #301 (1375 total, 0 uniq crashes found)...[0m
scheduled max input!!!!
schedule: 4 level23_1/ijon_max/4
[1;94m[*] [0mFuzzing test case #302 (1376 total, 0 uniq crashes found)...[0m
scheduled max input!!!!
schedule: 5 level23_1/ijon_max/5
[1;94m[*] [0mFuzzing test case #303 (1376 total, 0 uniq crashes found)...[0m
scheduled max input!!!!
schedule: 2 level23_1/ijon_max/2
[1;94m[*] [0mFuzzing test case #304 (1376 total, 0 uniq crashes found)...[0m
scheduled max input!!!!
schedule: 10 level23_1/ijon_max/10
[1;94m[*] [0mFuzzing test case #305 (1376 total, 0 uniq crashes found)...[0m
scheduled max input!!!!
schedule: 15 level23_1/ijon_max/15
[1;94m[*] [0mFuzzing test case #306 (1376 total, 0 uniq crashes found)...[0m
scheduled max input!!!!
schedule: 12 level23_1/ijon_max/12
[1;94m[*] [0mFuzzing test case #307 (1376 total, 0 uniq crashes found)...[0m
scheduled max input!!!!
schedule: 1 level23_1/ijon_max/1
[1;94m[*] [0mFuzzing test case #308 (1376 total, 0 uniq crashes found)...[0m
scheduled max input!!!!
schedule: 3 level23_1/ijon_max/3
[1;94m[*] [0mFuzzing test case #309 (1376 total, 0 uniq crashes found)...[0m
[1;94m[*] [0mFuzzing test case #310 (1376 total, 0 uniq crashes found)...[0m
scheduled max input!!!!
schedule: 4 level23_1/ijon_max/4
[1;94m[*] [0mFuzzing test case #311 (1376 total, 0 uniq crashes found)...[0m
scheduled max input!!!!
schedule: 4 level23_1/ijon_max/4
updated maxmap 1: 4ee (len: 667)
updated maxmap 2: 4fa (len: 667)
updated maxmap 3: 503 (len: 667)
updated maxmap 4: 50d (len: 667)
updated maxmap 1: 4ef (len: 667)
updated maxmap 2: 4fb (len: 667)
updated maxmap 3: 504 (len: 667)
updated maxmap 4: 50e (len: 667)
[1;94m[*] [0mFuzzing test case #312 (1376 total, 0 uniq crashes found)...[0m
[1;94m[*] [0mFuzzing test case #313 (1376 total, 0 uniq crashes found)...[0m
scheduled max input!!!!
schedule: 9 level23_1/ijon_max/9
[1;94m[*] [0mFuzzing test case #314 (1376 total, 0 uniq crashes found)...[0m
scheduled max input!!!!
schedule: 15 level23_1/ijon_max/15
[1;94m[*] [0mFuzzing test case #315 (1376 total, 0 uniq crashes found)...[0m
scheduled max input!!!!
schedule: 7 level23_1/ijon_max/7
[1;94m[*] [0mFuzzing test case #316 (1376 total, 0 uniq crashes found)...[0m
scheduled max input!!!!
schedule: 1 level23_1/ijon_max/1
[1;94m[*] [0mFuzzing test case #317 (1376 total, 0 uniq crashes found)...[0m
scheduled max input!!!!
schedule: 15 level23_1/ijon_max/15
[1;94m[*] [0mFuzzing test case #318 (1376 total, 0 uniq crashes found)...[0m
scheduled max input!!!!
schedule: 10 level23_1/ijon_max/10
[1;94m[*] [0mFuzzing test case #319 (1376 total, 0 uniq crashes found)...[0m
[1;94m[*] [0mFuzzing test case #320 (1376 total, 0 uniq crashes found)...[0m
scheduled max input!!!!
schedule: 8 level23_1/ijon_max/8
updated maxmap 8: 561 (len: 663)
updated maxmap 9: 560 (len: 663)
[1;94m[*] [0mFuzzing test case #321 (1376 total, 0 uniq crashes found)...[0m
scheduled max input!!!!
schedule: 13 level23_1/ijon_max/13
[1;94m[*] [0mFuzzing test case #322 (1376 total, 0 uniq crashes found)...[0m
scheduled max input!!!!
schedule: 12 level23_1/ijon_max/12
[1;94m[*] [0mFuzzing test case #323 (1376 total, 0 uniq crashes found)...[0m
scheduled max input!!!!
schedule: 15 level23_1/ijon_max/15
[1;94m[*] [0mFuzzing test case #324 (1376 total, 0 uniq crashes found)...[0m
scheduled max input!!!!
schedule: 13 level23_1/ijon_max/13
[1;94m[*] [0mFuzzing test case #325 (1376 total, 0 uniq crashes found)...[0m
scheduled max input!!!!
schedule: 1 level23_1/ijon_max/1
[1;94m[*] [0mFuzzing test case #326 (1376 total, 0 uniq crashes found)...[0m
scheduled max input!!!!
schedule: 14 level23_1/ijon_max/14
[1;94m[*] [0mFuzzing test case #327 (1376 total, 0 uniq crashes found)...[0m
scheduled max input!!!!
schedule: 0 level23_1/ijon_max/0
[1;94m[*] [0mFuzzing test case #328 (1376 total, 0 uniq crashes found)...[0m
scheduled max input!!!!
schedule: 12 level23_1/ijon_max/12
[1;94m[*] [0mFuzzing test case #329 (1376 total, 0 uniq crashes found)...[0m
scheduled max input!!!!
schedule: 4 level23_1/ijon_max/4
[1;94m[*] [0mFuzzing test case #330 (1376 total, 0 uniq crashes found)...[0m
scheduled max input!!!!
schedule: 6 level23_1/ijon_max/6
[1;94m[*] [0mFuzzing test case #331 (1376 total, 0 uniq crashes found)...[0m
scheduled max input!!!!
schedule: 4 level23_1/ijon_max/4
[1;94m[*] [0mFuzzing test case #332 (1376 total, 0 uniq crashes found)...[0m
scheduled max input!!!!
schedule: 2 level23_1/ijon_max/2
[1;94m[*] [0mFuzzing test case #333 (1376 total, 0 uniq crashes found)...[0m
scheduled max input!!!!
schedule: 2 level23_1/ijon_max/2
[1;94m[*] [0mFuzzing test case #334 (1376 total, 0 uniq crashes found)...[0m
scheduled max input!!!!
schedule: 12 level23_1/ijon_max/12
[1;94m[*] [0mFuzzing test case #335 (1376 total, 0 uniq crashes found)...[0m
[1;94m[*] [0mFuzzing test case #336 (1376 total, 0 uniq crashes found)...[0m
scheduled max input!!!!
schedule: 5 level23_1/ijon_max/5
[1;94m[*] [0mFuzzing test case #337 (1376 total, 0 uniq crashes found)...[0m
scheduled max input!!!!
schedule: 2 level23_1/ijon_max/2
[1;94m[*] [0mFuzzing test case #338 (1376 total, 0 uniq crashes found)...[0m
scheduled max input!!!!
schedule: 13 level23_1/ijon_max/13
[1;94m[*] [0mFuzzing test case #339 (1376 total, 0 uniq crashes found)...[0m
scheduled max input!!!!
schedule: 0 level23_1/ijon_max/0
[1;94m[*] [0mFuzzing test case #340 (1376 total, 0 uniq crashes found)...[0m
scheduled max input!!!!
schedule: 5 level23_1/ijon_max/5
[1;94m[*] [0mFuzzing test case #341 (1376 total, 0 uniq crashes found)...[0m
scheduled max input!!!!
schedule: 15 level23_1/ijon_max/15
[1;94m[*] [0mFuzzing test case #342 (1376 total, 0 uniq crashes found)...[0m
scheduled max input!!!!
schedule: 0 level23_1/ijon_max/0
[1;94m[*] [0mFuzzing test case #343 (1376 total, 0 uniq crashes found)...[0m
[1;94m[*] [0mFuzzing test case #344 (1376 total, 0 uniq crashes found)...[0m
scheduled max input!!!!
schedule: 13 level23_1/ijon_max/13
[1;94m[*] [0mFuzzing test case #345 (1376 total, 0 uniq crashes found)...[0m
scheduled max input!!!!
schedule: 9 level23_1/ijon_max/9
[1;94m[*] [0mFuzzing test case #346 (1376 total, 0 uniq crashes found)...[0m
scheduled max input!!!!
schedule: 7 level23_1/ijon_max/7
[1;94m[*] [0mFuzzing test case #347 (1376 total, 0 uniq crashes found)...[0m
scheduled max input!!!!
schedule: 11 level23_1/ijon_max/11
[1;94m[*] [0mFuzzing test case #348 (1376 total, 0 uniq crashes found)...[0m
scheduled max input!!!!
schedule: 1 level23_1/ijon_max/1
[1;94m[*] [0mFuzzing test case #349 (1376 total, 0 uniq crashes found)...[0m
scheduled max input!!!!
schedule: 0 level23_1/ijon_max/0
[1;94m[*] [0mFuzzing test case #350 (1377 total, 0 uniq crashes found)...[0m
scheduled max input!!!!
schedule: 9 level23_1/ijon_max/9
[1;94m[*] [0mFuzzing test case #351 (1377 total, 0 uniq crashes found)...[0m
scheduled max input!!!!
schedule: 9 level23_1/ijon_max/9
[1;94m[*] [0mFuzzing test case #352 (1377 total, 0 uniq crashes found)...[0m
scheduled max input!!!!
schedule: 1 level23_1/ijon_max/1
[1;94m[*] [0mFuzzing test case #353 (1378 total, 0 uniq crashes found)...[0m
scheduled max input!!!!
schedule: 11 level23_1/ijon_max/11
[1;94m[*] [0mFuzzing test case #354 (1378 total, 0 uniq crashes found)...[0m
scheduled max input!!!!
schedule: 13 level23_1/ijon_max/13
[1;94m[*] [0mFuzzing test case #355 (1378 total, 0 uniq crashes found)...[0m
[1;94m[*] [0mFuzzing test case #356 (1378 total, 0 uniq crashes found)...[0m
scheduled max input!!!!
schedule: 7 level23_1/ijon_max/7
[1;94m[*] [0mFuzzing test case #357 (1379 total, 0 uniq crashes found)...[0m
[1;94m[*] [0mFuzzing test case #358 (1379 total, 0 uniq crashes found)...[0m
scheduled max input!!!!
schedule: 3 level23_1/ijon_max/3
[1;94m[*] [0mFuzzing test case #359 (1379 total, 0 uniq crashes found)...[0m
scheduled max input!!!!
schedule: 5 level23_1/ijon_max/5
updated maxmap 4: 56d (len: 675)
updated maxmap 5: 56d (len: 675)
minimized maxmap 5: 56d (len: 670)
updated maxmap 5: 56f (len: 670)
updated maxmap 5: 570 (len: 670)
[1;94m[*] [0mFuzzing test case #360 (1381 total, 0 uniq crashes found)...[0m
[1;94m[*] [0mFuzzing test case #361 (1381 total, 0 uniq crashes found)...[0m
scheduled max input!!!!
schedule: 5 level23_1/ijon_max/5
[1;94m[*] [0mFuzzing test case #362 (1381 total, 0 uniq crashes found)...[0m
scheduled max input!!!!
schedule: 5 level23_1/ijon_max/5
[1;94m[*] [0mFuzzing test case #363 (1381 total, 0 uniq crashes found)...[0m
[1;94m[*] [0mFuzzing test case #364 (1381 total, 0 uniq crashes found)...[0m
scheduled max input!!!!
schedule: 3 level23_1/ijon_max/3
[1;94m[*] [0mFuzzing test case #365 (1381 total, 0 uniq crashes found)...[0m
scheduled max input!!!!
schedule: 7 level23_1/ijon_max/7
[1;94m[*] [0mFuzzing test case #366 (1381 total, 0 uniq crashes found)...[0m
scheduled max input!!!!
schedule: 10 level23_1/ijon_max/10
[1;94m[*] [0mFuzzing test case #367 (1381 total, 0 uniq crashes found)...[0m
scheduled max input!!!!
schedule: 8 level23_1/ijon_max/8
[1;94m[*] [0mFuzzing test case #368 (1381 total, 0 uniq crashes found)...[0m
scheduled max input!!!!
schedule: 3 level23_1/ijon_max/3
[1;94m[*] [0mFuzzing test case #369 (1381 total, 0 uniq crashes found)...[0m
scheduled max input!!!!
schedule: 6 level23_1/ijon_max/6
[1;94m[*] [0mFuzzing test case #370 (1381 total, 0 uniq crashes found)...[0m
scheduled max input!!!!
schedule: 6 level23_1/ijon_max/6
updated maxmap 4: 570 (len: 670)
[1;94m[*] [0mFuzzing test case #371 (1381 total, 0 uniq crashes found)...[0m
scheduled max input!!!!
schedule: 9 level23_1/ijon_max/9
[1;94m[*] [0mFuzzing test case #372 (1381 total, 0 uniq crashes found)...[0m
scheduled max input!!!!
schedule: 14 level23_1/ijon_max/14
[1;94m[*] [0mFuzzing test case #373 (1381 total, 0 uniq crashes found)...[0m
scheduled max input!!!!
schedule: 11 level23_1/ijon_max/11
[1;94m[*] [0mFuzzing test case #374 (1381 total, 0 uniq crashes found)...[0m
scheduled max input!!!!
schedule: 6 level23_1/ijon_max/6
[1;94m[*] [0mFuzzing test case #375 (1381 total, 0 uniq crashes found)...[0m
scheduled max input!!!!
schedule: 14 level23_1/ijon_max/14
[1;94m[*] [0mFuzzing test case #376 (1382 total, 0 uniq crashes found)...[0m
scheduled max input!!!!
schedule: 8 level23_1/ijon_max/8
[1;94m[*] [0mFuzzing test case #377 (1382 total, 0 uniq crashes found)...[0m
scheduled max input!!!!
schedule: 13 level23_1/ijon_max/13
[1;94m[*] [0mFuzzing test case #378 (1382 total, 0 uniq crashes found)...[0m
[1;94m[*] [0mFuzzing test case #379 (1382 total, 0 uniq crashes found)...[0m
scheduled max input!!!!
schedule: 4 level23_1/ijon_max/4
[1;94m[*] [0mFuzzing test case #380 (1382 total, 0 uniq crashes found)...[0m
scheduled max input!!!!
schedule: 0 level23_1/ijon_max/0
[1;94m[*] [0mFuzzing test case #381 (1382 total, 0 uniq crashes found)...[0m
scheduled max input!!!!
schedule: 5 level23_1/ijon_max/5
[1;94m[*] [0mFuzzing test case #382 (1382 total, 0 uniq crashes found)...[0m
scheduled max input!!!!
schedule: 8 level23_1/ijon_max/8
[1;94m[*] [0mFuzzing test case #383 (1382 total, 0 uniq crashes found)...[0m
scheduled max input!!!!
schedule: 0 level23_1/ijon_max/0
[1;94m[*] [0mFuzzing test case #384 (1382 total, 0 uniq crashes found)...[0m
scheduled max input!!!!
schedule: 11 level23_1/ijon_max/11
[1;94m[*] [0mFuzzing test case #385 (1382 total, 0 uniq crashes found)...[0m
scheduled max input!!!!
schedule: 14 level23_1/ijon_max/14
[1;94m[*] [0mFuzzing test case #386 (1382 total, 0 uniq crashes found)...[0m
[1;94m[*] [0mFuzzing test case #387 (1382 total, 0 uniq crashes found)...[0m
scheduled max input!!!!
schedule: 14 level23_1/ijon_max/14
[1;94m[*] [0mFuzzing test case #388 (1382 total, 0 uniq crashes found)...[0m
scheduled max input!!!!
schedule: 14 level23_1/ijon_max/14
[1;94m[*] [0mFuzzing test case #389 (1384 total, 0 uniq crashes found)...[0m
scheduled max input!!!!
schedule: 3 level23_1/ijon_max/3
[1;94m[*] [0mFuzzing test case #390 (1384 total, 0 uniq crashes found)...[0m
[1;94m[*] [0mFuzzing test case #391 (1384 total, 0 uniq crashes found)...[0m
scheduled max input!!!!
schedule: 6 level23_1/ijon_max/6
[1;94m[*] [0mFuzzing test case #392 (1384 total, 0 uniq crashes found)...[0m
scheduled max input!!!!
schedule: 2 level23_1/ijon_max/2
[1;94m[*] [0mFuzzing test case #393 (1384 total, 0 uniq crashes found)...[0m
[1;94m[*] [0mFuzzing test case #394 (1384 total, 0 uniq crashes found)...[0m
[1;94m[*] [0mFuzzing test case #395 (1384 total, 0 uniq crashes found)...[0m
scheduled max input!!!!
schedule: 5 level23_1/ijon_max/5
[1;94m[*] [0mFuzzing test case #396 (1384 total, 0 uniq crashes found)...[0m
[1;94m[*] [0mFuzzing test case #397 (1384 total, 0 uniq crashes found)...[0m
scheduled max input!!!!
schedule: 14 level23_1/ijon_max/14
[1;94m[*] [0mFuzzing test case #398 (1384 total, 0 uniq crashes found)...[0m
[1;94m[*] [0mFuzzing test case #399 (1384 total, 0 uniq crashes found)...[0m
scheduled max input!!!!
schedule: 1 level23_1/ijon_max/1
[1;94m[*] [0mFuzzing test case #400 (1384 total, 0 uniq crashes found)...[0m
scheduled max input!!!!
schedule: 11 level23_1/ijon_max/11
[1;94m[*] [0mFuzzing test case #401 (1384 total, 0 uniq crashes found)...[0m
scheduled max input!!!!
schedule: 4 level23_1/ijon_max/4
[1;94m[*] [0mFuzzing test case #402 (1384 total, 0 uniq crashes found)...[0m
scheduled max input!!!!
schedule: 6 level23_1/ijon_max/6
updated maxmap 3: 581 (len: 677)
updated maxmap 4: 57c (len: 677)
updated maxmap 5: 572 (len: 677)
[1;94m[*] [0mFuzzing test case #403 (1384 total, 0 uniq crashes found)...[0m
scheduled max input!!!!
schedule: 11 level23_1/ijon_max/11
[1;94m[*] [0mFuzzing test case #404 (1384 total, 0 uniq crashes found)...[0m
scheduled max input!!!!
schedule: 13 level23_1/ijon_max/13
[1;94m[*] [0mFuzzing test case #405 (1384 total, 0 uniq crashes found)...[0m
[1;94m[*] [0mFuzzing test case #406 (1384 total, 0 uniq crashes found)...[0m
[1;94m[*] [0mFuzzing test case #407 (1384 total, 0 uniq crashes found)...[0m
scheduled max input!!!!
schedule: 13 level23_1/ijon_max/13
[1;94m[*] [0mFuzzing test case #408 (1384 total, 0 uniq crashes found)...[0m
[1;94m[*] [0mFuzzing test case #409 (1384 total, 0 uniq crashes found)...[0m
scheduled max input!!!!
schedule: 12 level23_1/ijon_max/12
[1;94m[*] [0mFuzzing test case #410 (1384 total, 0 uniq crashes found)...[0m
scheduled max input!!!!
schedule: 1 level23_1/ijon_max/1
[1;94m[*] [0mFuzzing test case #411 (1384 total, 0 uniq crashes found)...[0m
scheduled max input!!!!
schedule: 9 level23_1/ijon_max/9
[1;94m[*] [0mFuzzing test case #412 (1384 total, 0 uniq crashes found)...[0m
scheduled max input!!!!
schedule: 6 level23_1/ijon_max/6
[1;94m[*] [0mFuzzing test case #413 (1385 total, 0 uniq crashes found)...[0m
[1;94m[*] [0mFuzzing test case #414 (1385 total, 0 uniq crashes found)...[0m
scheduled max input!!!!
schedule: 13 level23_1/ijon_max/13
[1;94m[*] [0mFuzzing test case #415 (1385 total, 0 uniq crashes found)...[0m
scheduled max input!!!!
schedule: 13 level23_1/ijon_max/13
[1;94m[*] [0mFuzzing test case #416 (1386 total, 0 uniq crashes found)...[0m
scheduled max input!!!!
schedule: 14 level23_1/ijon_max/14
[1;94m[*] [0mFuzzing test case #417 (1386 total, 0 uniq crashes found)...[0m
scheduled max input!!!!
schedule: 11 level23_1/ijon_max/11
[1;94m[*] [0mFuzzing test case #418 (1386 total, 0 uniq crashes found)...[0m
scheduled max input!!!!
schedule: 15 level23_1/ijon_max/15
[1;94m[*] [0mFuzzing test case #419 (1386 total, 0 uniq crashes found)...[0m
scheduled max input!!!!
schedule: 2 level23_1/ijon_max/2
[1;94m[*] [0mFuzzing test case #420 (1386 total, 0 uniq crashes found)...[0m
[1;94m[*] [0mFuzzing test case #421 (1386 total, 0 uniq crashes found)...[0m
[1;94m[*] [0mFuzzing test case #422 (1386 total, 0 uniq crashes found)...[0m
scheduled max input!!!!
schedule: 8 level23_1/ijon_max/8
[1;94m[*] [0mFuzzing test case #423 (1386 total, 0 uniq crashes found)...[0m
scheduled max input!!!!
schedule: 1 level23_1/ijon_max/1
[1;94m[*] [0mFuzzing test case #424 (1386 total, 0 uniq crashes found)...[0m
scheduled max input!!!!
schedule: 7 level23_1/ijon_max/7
[1;94m[*] [0mFuzzing test case #425 (1386 total, 0 uniq crashes found)...[0m
scheduled max input!!!!
schedule: 14 level23_1/ijon_max/14
[1;94m[*] [0mFuzzing test case #426 (1386 total, 0 uniq crashes found)...[0m
scheduled max input!!!!
schedule: 8 level23_1/ijon_max/8
[1;94m[*] [0mFuzzing test case #427 (1387 total, 0 uniq crashes found)...[0m
scheduled max input!!!!
schedule: 13 level23_1/ijon_max/13
[1;94m[*] [0mFuzzing test case #428 (1387 total, 0 uniq crashes found)...[0m
scheduled max input!!!!
schedule: 10 level23_1/ijon_max/10
[1;94m[*] [0mFuzzing test case #429 (1387 total, 0 uniq crashes found)...[0m
[1;94m[*] [0mFuzzing test case #430 (1387 total, 0 uniq crashes found)...[0m
scheduled max input!!!!
schedule: 3 level23_1/ijon_max/3
[1;94m[*] [0mFuzzing test case #431 (1387 total, 0 uniq crashes found)...[0m
scheduled max input!!!!
schedule: 0 level23_1/ijon_max/0
[1;94m[*] [0mFuzzing test case #432 (1387 total, 0 uniq crashes found)...[0m
[1;94m[*] [0mFuzzing test case #433 (1387 total, 0 uniq crashes found)...[0m
scheduled max input!!!!
schedule: 6 level23_1/ijon_max/6
[1;94m[*] [0mFuzzing test case #434 (1388 total, 0 uniq crashes found)...[0m
scheduled max input!!!!
schedule: 3 level23_1/ijon_max/3
[1;94m[*] [0mFuzzing test case #435 (1388 total, 0 uniq crashes found)...[0m
[1;94m[*] [0mFuzzing test case #436 (1388 total, 0 uniq crashes found)...[0m
scheduled max input!!!!
schedule: 6 level23_1/ijon_max/6
[1;94m[*] [0mFuzzing test case #437 (1388 total, 0 uniq crashes found)...[0m
scheduled max input!!!!
schedule: 4 level23_1/ijon_max/4
[1;94m[*] [0mFuzzing test case #438 (1388 total, 0 uniq crashes found)...[0m
[1;94m[*] [0mFuzzing test case #439 (1388 total, 0 uniq crashes found)...[0m
scheduled max input!!!!
schedule: 13 level23_1/ijon_max/13
[1;94m[*] [0mFuzzing test case #440 (1388 total, 0 uniq crashes found)...[0m
scheduled max input!!!!
schedule: 14 level23_1/ijon_max/14
[1;94m[*] [0mFuzzing test case #441 (1388 total, 0 uniq crashes found)...[0m
scheduled max input!!!!
schedule: 2 level23_1/ijon_max/2
[1;94m[*] [0mFuzzing test case #442 (1388 total, 0 uniq crashes found)...[0m
scheduled max input!!!!
schedule: 10 level23_1/ijon_max/10
[1;94m[*] [0mFuzzing test case #443 (1388 total, 0 uniq crashes found)...[0m
scheduled max input!!!!
schedule: 4 level23_1/ijon_max/4
[1;94m[*] [0mFuzzing test case #444 (1389 total, 0 uniq crashes found)...[0m
scheduled max input!!!!
schedule: 14 level23_1/ijon_max/14
[1;94m[*] [0mFuzzing test case #445 (1389 total, 0 uniq crashes found)...[0m
scheduled max input!!!!
schedule: 3 level23_1/ijon_max/3
[1;94m[*] [0mFuzzing test case #446 (1389 total, 0 uniq crashes found)...[0m
scheduled max input!!!!
schedule: 15 level23_1/ijon_max/15
[1;94m[*] [0mFuzzing test case #447 (1389 total, 0 uniq crashes found)...[0m
[1;94m[*] [0mFuzzing test case #448 (1389 total, 0 uniq crashes found)...[0m
scheduled max input!!!!
schedule: 2 level23_1/ijon_max/2
[1;94m[*] [0mFuzzing test case #449 (1389 total, 0 uniq crashes found)...[0m
scheduled max input!!!!
schedule: 15 level23_1/ijon_max/15
[1;94m[*] [0mFuzzing test case #450 (1389 total, 0 uniq crashes found)...[0m
[1;94m[*] [0mFuzzing test case #451 (1389 total, 0 uniq crashes found)...[0m
scheduled max input!!!!
schedule: 15 level23_1/ijon_max/15
[1;94m[*] [0mFuzzing test case #452 (1389 total, 0 uniq crashes found)...[0m
scheduled max input!!!!
schedule: 11 level23_1/ijon_max/11
[1;94m[*] [0mFuzzing test case #453 (1390 total, 0 uniq crashes found)...[0m
scheduled max input!!!!
schedule: 12 level23_1/ijon_max/12
[1;94m[*] [0mFuzzing test case #454 (1390 total, 0 uniq crashes found)...[0m
[1;94m[*] [0mFuzzing test case #455 (1390 total, 0 uniq crashes found)...[0m
[1;94m[*] [0mFuzzing test case #456 (1390 total, 0 uniq crashes found)...[0m
scheduled max input!!!!
schedule: 9 level23_1/ijon_max/9
[1;94m[*] [0mFuzzing test case #457 (1390 total, 0 uniq crashes found)...[0m
scheduled max input!!!!
schedule: 0 level23_1/ijon_max/0
[1;94m[*] [0mFuzzing test case #458 (1390 total, 0 uniq crashes found)...[0m
[1;94m[*] [0mFuzzing test case #459 (1390 total, 0 uniq crashes found)...[0m
scheduled max input!!!!
schedule: 6 level23_1/ijon_max/6
[1;94m[*] [0mFuzzing test case #460 (1390 total, 0 uniq crashes found)...[0m
[1;94m[*] [0mFuzzing test case #461 (1390 total, 0 uniq crashes found)...[0m
[1;94m[*] [0mFuzzing test case #462 (1390 total, 0 uniq crashes found)...[0m
[1;94m[*] [0mFuzzing test case #463 (1390 total, 0 uniq crashes found)...[0m
scheduled max input!!!!
schedule: 1 level23_1/ijon_max/1
[1;94m[*] [0mFuzzing test case #464 (1390 total, 0 uniq crashes found)...[0m
[1;94m[*] [0mFuzzing test case #465 (1390 total, 0 uniq crashes found)...[0m
scheduled max input!!!!
schedule: 8 level23_1/ijon_max/8
[1;94m[*] [0mFuzzing test case #466 (1390 total, 0 uniq crashes found)...[0m
scheduled max input!!!!
schedule: 13 level23_1/ijon_max/13
[1;94m[*] [0mFuzzing test case #467 (1390 total, 0 uniq crashes found)...[0m
scheduled max input!!!!
schedule: 2 level23_1/ijon_max/2
[1;94m[*] [0mFuzzing test case #468 (1390 total, 0 uniq crashes found)...[0m
scheduled max input!!!!
schedule: 8 level23_1/ijon_max/8
[1;94m[*] [0mFuzzing test case #469 (1390 total, 0 uniq crashes found)...[0m
scheduled max input!!!!
schedule: 9 level23_1/ijon_max/9
[1;94m[*] [0mFuzzing test case #470 (1390 total, 0 uniq crashes found)...[0m
scheduled max input!!!!
schedule: 11 level23_1/ijon_max/11
[1;94m[*] [0mFuzzing test case #471 (1390 total, 0 uniq crashes found)...[0m
scheduled max input!!!!
schedule: 4 level23_1/ijon_max/4
[1;94m[*] [0mFuzzing test case #472 (1390 total, 0 uniq crashes found)...[0m
scheduled max input!!!!
schedule: 10 level23_1/ijon_max/10
[1;94m[*] [0mFuzzing test case #473 (1390 total, 0 uniq crashes found)...[0m
scheduled max input!!!!
schedule: 13 level23_1/ijon_max/13
[1;94m[*] [0mFuzzing test case #474 (1390 total, 0 uniq crashes found)...[0m
scheduled max input!!!!
schedule: 0 level23_1/ijon_max/0
[1;94m[*] [0mFuzzing test case #475 (1390 total, 0 uniq crashes found)...[0m
[1;94m[*] [0mFuzzing test case #476 (1390 total, 0 uniq crashes found)...[0m
scheduled max input!!!!
schedule: 3 level23_1/ijon_max/3
[1;94m[*] [0mFuzzing test case #477 (1390 total, 0 uniq crashes found)...[0m
[1;94m[*] [0mFuzzing test case #478 (1390 total, 0 uniq crashes found)...[0m
scheduled max input!!!!
schedule: 3 level23_1/ijon_max/3
[1;94m[*] [0mFuzzing test case #479 (1390 total, 0 uniq crashes found)...[0m
[1;94m[*] [0mFuzzing test case #480 (1390 total, 0 uniq crashes found)...[0m
scheduled max input!!!!
schedule: 11 level23_1/ijon_max/11
[1;94m[*] [0mFuzzing test case #481 (1390 total, 0 uniq crashes found)...[0m
scheduled max input!!!!
schedule: 4 level23_1/ijon_max/4
[1;94m[*] [0mFuzzing test case #482 (1391 total, 0 uniq crashes found)...[0m
[1;94m[*] [0mFuzzing test case #483 (1391 total, 0 uniq crashes found)...[0m
scheduled max input!!!!
schedule: 3 level23_1/ijon_max/3
[1;94m[*] [0mFuzzing test case #484 (1391 total, 0 uniq crashes found)...[0m
[1;94m[*] [0mFuzzing test case #485 (1391 total, 0 uniq crashes found)...[0m
scheduled max input!!!!
schedule: 9 level23_1/ijon_max/9
[1;94m[*] [0mFuzzing test case #486 (1391 total, 0 uniq crashes found)...[0m
scheduled max input!!!!
schedule: 15 level23_1/ijon_max/15
[1;94m[*] [0mFuzzing test case #487 (1391 total, 0 uniq crashes found)...[0m
scheduled max input!!!!
schedule: 15 level23_1/ijon_max/15
[1;94m[*] [0mFuzzing test case #488 (1391 total, 0 uniq crashes found)...[0m
scheduled max input!!!!
schedule: 14 level23_1/ijon_max/14
[1;94m[*] [0mFuzzing test case #489 (1391 total, 0 uniq crashes found)...[0m
scheduled max input!!!!
schedule: 15 level23_1/ijon_max/15
[1;94m[*] [0mFuzzing test case #490 (1391 total, 0 uniq crashes found)...[0m
[1;94m[*] [0mFuzzing test case #491 (1391 total, 0 uniq crashes found)...[0m
scheduled max input!!!!
schedule: 10 level23_1/ijon_max/10
[1;94m[*] [0mFuzzing test case #492 (1391 total, 0 uniq crashes found)...[0m
scheduled max input!!!!
schedule: 8 level23_1/ijon_max/8
[1;94m[*] [0mFuzzing test case #493 (1391 total, 0 uniq crashes found)...[0m
scheduled max input!!!!
schedule: 3 level23_1/ijon_max/3
[1;94m[*] [0mFuzzing test case #494 (1391 total, 0 uniq crashes found)...[0m
[1;94m[*] [0mFuzzing test case #495 (1391 total, 0 uniq crashes found)...[0m
[1;94m[*] [0mFuzzing test case #496 (1391 total, 0 uniq crashes found)...[0m
scheduled max input!!!!
schedule: 15 level23_1/ijon_max/15
[1;94m[*] [0mFuzzing test case #497 (1391 total, 0 uniq crashes found)...[0m
scheduled max input!!!!
schedule: 7 level23_1/ijon_max/7
[1;94m[*] [0mFuzzing test case #498 (1391 total, 0 uniq crashes found)...[0m
[1;94m[*] [0mFuzzing test case #499 (1391 total, 0 uniq crashes found)...[0m
scheduled max input!!!!
schedule: 9 level23_1/ijon_max/9
[1;94m[*] [0mFuzzing test case #500 (1391 total, 0 uniq crashes found)...[0m
scheduled max input!!!!
schedule: 2 level23_1/ijon_max/2
[1;94m[*] [0mFuzzing test case #501 (1391 total, 0 uniq crashes found)...[0m
scheduled max input!!!!
schedule: 3 level23_1/ijon_max/3
[1;94m[*] [0mFuzzing test case #502 (1391 total, 0 uniq crashes found)...[0m
[1;94m[*] [0mFuzzing test case #503 (1391 total, 0 uniq crashes found)...[0m
scheduled max input!!!!
schedule: 0 level23_1/ijon_max/0
[1;94m[*] [0mFuzzing test case #504 (1391 total, 0 uniq crashes found)...[0m
[1;94m[*] [0mFuzzing test case #505 (1391 total, 0 uniq crashes found)...[0m
scheduled max input!!!!
schedule: 13 level23_1/ijon_max/13
[1;94m[*] [0mFuzzing test case #506 (1391 total, 0 uniq crashes found)...[0m
scheduled max input!!!!
schedule: 14 level23_1/ijon_max/14
[1;94m[*] [0mFuzzing test case #507 (1391 total, 0 uniq crashes found)...[0m
scheduled max input!!!!
schedule: 4 level23_1/ijon_max/4
updated maxmap 3: 590 (len: 683)
updated maxmap 4: 580 (len: 677)
updated maxmap 4: 581 (len: 677)
updated maxmap 4: 582 (len: 678)
[1;94m[*] [0mFuzzing test case #508 (1392 total, 0 uniq crashes found)...[0m
scheduled max input!!!!
schedule: 2 level23_1/ijon_max/2
[1;94m[*] [0mFuzzing test case #509 (1392 total, 0 uniq crashes found)...[0m
[1;94m[*] [0mFuzzing test case #510 (1392 total, 0 uniq crashes found)...[0m
scheduled max input!!!!
schedule: 6 level23_1/ijon_max/6
[1;94m[*] [0mFuzzing test case #511 (1392 total, 0 uniq crashes found)...[0m
scheduled max input!!!!
schedule: 9 level23_1/ijon_max/9
[1;94m[*] [0mFuzzing test case #512 (1392 total, 0 uniq crashes found)...[0m
scheduled max input!!!!
schedule: 1 level23_1/ijon_max/1
[1;94m[*] [0mFuzzing test case #513 (1392 total, 0 uniq crashes found)...[0m
scheduled max input!!!!
schedule: 1 level23_1/ijon_max/1
[1;94m[*] [0mFuzzing test case #514 (1392 total, 0 uniq crashes found)...[0m
scheduled max input!!!!
schedule: 5 level23_1/ijon_max/5
[1;94m[*] [0mFuzzing test case #515 (1392 total, 0 uniq crashes found)...[0m
scheduled max input!!!!
schedule: 14 level23_1/ijon_max/14
[1;94m[*] [0mFuzzing test case #516 (1392 total, 0 uniq crashes found)...[0m
[1;94m[*] [0mFuzzing test case #517 (1392 total, 0 uniq crashes found)...[0m
[1;94m[*] [0mFuzzing test case #518 (1392 total, 0 uniq crashes found)...[0m
scheduled max input!!!!
schedule: 7 level23_1/ijon_max/7
[1;94m[*] [0mFuzzing test case #519 (1392 total, 0 uniq crashes found)...[0m
scheduled max input!!!!
schedule: 8 level23_1/ijon_max/8
[1;94m[*] [0mFuzzing test case #520 (1392 total, 0 uniq crashes found)...[0m
scheduled max input!!!!
schedule: 3 level23_1/ijon_max/3
updated maxmap 2: 593 (len: 685)
updated maxmap 4: 584 (len: 685)
[1;94m[*] [0mFuzzing test case #521 (1395 total, 0 uniq crashes found)...[0m
[1;94m[*] [0mFuzzing test case #522 (1395 total, 0 uniq crashes found)...[0m
scheduled max input!!!!
schedule: 6 level23_1/ijon_max/6
[1;94m[*] [0mFuzzing test case #523 (1396 total, 0 uniq crashes found)...[0m
scheduled max input!!!!
schedule: 10 level23_1/ijon_max/10
[1;94m[*] [0mFuzzing test case #524 (1396 total, 0 uniq crashes found)...[0m
scheduled max input!!!!
schedule: 14 level23_1/ijon_max/14
[1;94m[*] [0mFuzzing test case #525 (1396 total, 0 uniq crashes found)...[0m
scheduled max input!!!!
schedule: 3 level23_1/ijon_max/3
updated maxmap 3: 595 (len: 685)
updated maxmap 2: 5a3 (len: 691)
updated maxmap 3: 5a0 (len: 691)
updated maxmap 4: 599 (len: 691)
[1;94m[*] [0mFuzzing test case #526 (1398 total, 0 uniq crashes found)...[0m
scheduled max input!!!!
schedule: 15 level23_1/ijon_max/15
[1;94m[*] [0mFuzzing test case #527 (1398 total, 0 uniq crashes found)...[0m
scheduled max input!!!!
schedule: 12 level23_1/ijon_max/12
[1;94m[*] [0mFuzzing test case #528 (1398 total, 0 uniq crashes found)...[0m
scheduled max input!!!!
schedule: 9 level23_1/ijon_max/9
[1;94m[*] [0mFuzzing test case #529 (1398 total, 0 uniq crashes found)...[0m
scheduled max input!!!!
schedule: 12 level23_1/ijon_max/12
[1;94m[*] [0mFuzzing test case #530 (1398 total, 0 uniq crashes found)...[0m
scheduled max input!!!!
schedule: 6 level23_1/ijon_max/6
[1;94m[*] [0mFuzzing test case #531 (1398 total, 0 uniq crashes found)...[0m
scheduled max input!!!!
schedule: 9 level23_1/ijon_max/9
[1;94m[*] [0mFuzzing test case #532 (1398 total, 0 uniq crashes found)...[0m
scheduled max input!!!!
schedule: 14 level23_1/ijon_max/14
[1;94m[*] [0mFuzzing test case #533 (1398 total, 0 uniq crashes found)...[0m
scheduled max input!!!!
schedule: 1 level23_1/ijon_max/1
[1;94m[*] [0mFuzzing test case #534 (1398 total, 0 uniq crashes found)...[0m
scheduled max input!!!!
schedule: 12 level23_1/ijon_max/12
[1;94m[*] [0mFuzzing test case #535 (1398 total, 0 uniq crashes found)...[0m
scheduled max input!!!!
schedule: 5 level23_1/ijon_max/5
[1;94m[*] [0mFuzzing test case #536 (1398 total, 0 uniq crashes found)...[0m
scheduled max input!!!!
schedule: 14 level23_1/ijon_max/14
[1;94m[*] [0mFuzzing test case #537 (1398 total, 0 uniq crashes found)...[0m
[1;94m[*] [0mFuzzing test case #538 (1398 total, 0 uniq crashes found)...[0m
[1;94m[*] [0mFuzzing test case #539 (1398 total, 0 uniq crashes found)...[0m
scheduled max input!!!!
schedule: 3 level23_1/ijon_max/3
[1;94m[*] [0mFuzzing test case #540 (1398 total, 0 uniq crashes found)...[0m
scheduled max input!!!!
schedule: 0 level23_1/ijon_max/0
[1;94m[*] [0mFuzzing test case #541 (1398 total, 0 uniq crashes found)...[0m
scheduled max input!!!!
schedule: 11 level23_1/ijon_max/11
[1;94m[*] [0mFuzzing test case #542 (1398 total, 0 uniq crashes found)...[0m
scheduled max input!!!!
schedule: 0 level23_1/ijon_max/0
[1;94m[*] [0mFuzzing test case #543 (1398 total, 0 uniq crashes found)...[0m
scheduled max input!!!!
schedule: 15 level23_1/ijon_max/15
[1;94m[*] [0mFuzzing test case #544 (1398 total, 0 uniq crashes found)...[0m
scheduled max input!!!!
schedule: 11 level23_1/ijon_max/11
[1;94m[*] [0mFuzzing test case #545 (1398 total, 0 uniq crashes found)...[0m
scheduled max input!!!!
schedule: 12 level23_1/ijon_max/12
[1;94m[*] [0mFuzzing test case #546 (1398 total, 0 uniq crashes found)...[0m
scheduled max input!!!!
schedule: 3 level23_1/ijon_max/3
[1;94m[*] [0mFuzzing test case #547 (1398 total, 0 uniq crashes found)...[0m
scheduled max input!!!!
schedule: 10 level23_1/ijon_max/10
[1;94m[*] [0mFuzzing test case #548 (1399 total, 0 uniq crashes found)...[0m
scheduled max input!!!!
schedule: 1 level23_1/ijon_max/1
[1;94m[*] [0mFuzzing test case #549 (1399 total, 0 uniq crashes found)...[0m
scheduled max input!!!!
schedule: 11 level23_1/ijon_max/11
[1;94m[*] [0mFuzzing test case #550 (1399 total, 0 uniq crashes found)...[0m
scheduled max input!!!!
schedule: 0 level23_1/ijon_max/0
[1;94m[*] [0mFuzzing test case #551 (1399 total, 0 uniq crashes found)...[0m
[1;94m[*] [0mFuzzing test case #552 (1399 total, 0 uniq crashes found)...[0m
scheduled max input!!!!
schedule: 14 level23_1/ijon_max/14
[1;94m[*] [0mFuzzing test case #553 (1399 total, 0 uniq crashes found)...[0m
[1;94m[*] [0mFuzzing test case #554 (1399 total, 0 uniq crashes found)...[0m
scheduled max input!!!!
schedule: 1 level23_1/ijon_max/1
[1;94m[*] [0mFuzzing test case #555 (1399 total, 0 uniq crashes found)...[0m
scheduled max input!!!!
schedule: 6 level23_1/ijon_max/6
[1;94m[*] [0mFuzzing test case #556 (1399 total, 0 uniq crashes found)...[0m
scheduled max input!!!!
schedule: 3 level23_1/ijon_max/3
updated maxmap 2: 5a4 (len: 691)
updated maxmap 3: 5a1 (len: 691)
updated maxmap 4: 59a (len: 691)
[1;94m[*] [0mFuzzing test case #557 (1399 total, 0 uniq crashes found)...[0m
scheduled max input!!!!
schedule: 1 level23_1/ijon_max/1
[1;94m[*] [0mFuzzing test case #558 (1399 total, 0 uniq crashes found)...[0m
scheduled max input!!!!
schedule: 7 level23_1/ijon_max/7
[1;94m[*] [0mFuzzing test case #559 (1399 total, 0 uniq crashes found)...[0m
scheduled max input!!!!
schedule: 5 level23_1/ijon_max/5
[1;94m[*] [0mFuzzing test case #560 (1399 total, 0 uniq crashes found)...[0m
scheduled max input!!!!
schedule: 15 level23_1/ijon_max/15
[1;94m[*] [0mFuzzing test case #561 (1399 total, 0 uniq crashes found)...[0m
[1;94m[*] [0mFuzzing test case #562 (1399 total, 0 uniq crashes found)...[0m
scheduled max input!!!!
schedule: 12 level23_1/ijon_max/12
[1;94m[*] [0mFuzzing test case #563 (1399 total, 0 uniq crashes found)...[0m
[1;94m[*] [0mFuzzing test case #564 (1399 total, 0 uniq crashes found)...[0m
[1;94m[*] [0mFuzzing test case #565 (1399 total, 0 uniq crashes found)...[0m
scheduled max input!!!!
schedule: 12 level23_1/ijon_max/12
[1;94m[*] [0mFuzzing test case #566 (1399 total, 0 uniq crashes found)...[0m
scheduled max input!!!!
schedule: 10 level23_1/ijon_max/10
[1;94m[*] [0mFuzzing test case #567 (1399 total, 0 uniq crashes found)...[0m
scheduled max input!!!!
schedule: 3 level23_1/ijon_max/3
[1;94m[*] [0mFuzzing test case #568 (1399 total, 0 uniq crashes found)...[0m
scheduled max input!!!!
schedule: 14 level23_1/ijon_max/14
[1;94m[*] [0mFuzzing test case #569 (1400 total, 0 uniq crashes found)...[0m
scheduled max input!!!!
schedule: 8 level23_1/ijon_max/8
[1;94m[*] [0mFuzzing test case #570 (1400 total, 0 uniq crashes found)...[0m
scheduled max input!!!!
schedule: 15 level23_1/ijon_max/15
[1;94m[*] [0mFuzzing test case #571 (1400 total, 0 uniq crashes found)...[0m
scheduled max input!!!!
schedule: 5 level23_1/ijon_max/5
[1;94m[*] [0mFuzzing test case #572 (1400 total, 0 uniq crashes found)...[0m
scheduled max input!!!!
schedule: 10 level23_1/ijon_max/10
[1;94m[*] [0mFuzzing test case #573 (1400 total, 0 uniq crashes found)...[0m
scheduled max input!!!!
schedule: 7 level23_1/ijon_max/7
[1;94m[*] [0mFuzzing test case #574 (1400 total, 0 uniq crashes found)...[0m
[1;94m[*] [0mFuzzing test case #575 (1400 total, 0 uniq crashes found)...[0m
scheduled max input!!!!
schedule: 7 level23_1/ijon_max/7
[1;94m[*] [0mFuzzing test case #576 (1400 total, 0 uniq crashes found)...[0m
scheduled max input!!!!
schedule: 2 level23_1/ijon_max/2
[1;94m[*] [0mFuzzing test case #577 (1400 total, 0 uniq crashes found)...[0m
scheduled max input!!!!
schedule: 12 level23_1/ijon_max/12
[1;94m[*] [0mFuzzing test case #578 (1400 total, 0 uniq crashes found)...[0m
scheduled max input!!!!
schedule: 7 level23_1/ijon_max/7
[1;94m[*] [0mFuzzing test case #579 (1400 total, 0 uniq crashes found)...[0m
scheduled max input!!!!
schedule: 9 level23_1/ijon_max/9
[1;94m[*] [0mFuzzing test case #580 (1400 total, 0 uniq crashes found)...[0m
scheduled max input!!!!
schedule: 10 level23_1/ijon_max/10
[1;94m[*] [0mFuzzing test case #581 (1400 total, 0 uniq crashes found)...[0m
scheduled max input!!!!
schedule: 13 level23_1/ijon_max/13
[1;94m[*] [0mFuzzing test case #582 (1400 total, 0 uniq crashes found)...[0m
scheduled max input!!!!
schedule: 5 level23_1/ijon_max/5
[1;94m[*] [0mFuzzing test case #583 (1400 total, 0 uniq crashes found)...[0m
scheduled max input!!!!
schedule: 0 level23_1/ijon_max/0
[1;94m[*] [0mFuzzing test case #584 (1400 total, 0 uniq crashes found)...[0m
scheduled max input!!!!
schedule: 10 level23_1/ijon_max/10
[1;94m[*] [0mFuzzing test case #585 (1400 total, 0 uniq crashes found)...[0m
scheduled max input!!!!
schedule: 10 level23_1/ijon_max/10
[1;94m[*] [0mFuzzing test case #586 (1400 total, 0 uniq crashes found)...[0m
scheduled max input!!!!
schedule: 2 level23_1/ijon_max/2
[1;94m[*] [0mFuzzing test case #587 (1400 total, 0 uniq crashes found)...[0m
scheduled max input!!!!
schedule: 14 level23_1/ijon_max/14
[1;94m[*] [0mFuzzing test case #588 (1400 total, 0 uniq crashes found)...[0m
scheduled max input!!!!
schedule: 13 level23_1/ijon_max/13
[1;94m[*] [0mFuzzing test case #589 (1400 total, 0 uniq crashes found)...[0m
scheduled max input!!!!
schedule: 3 level23_1/ijon_max/3
updated maxmap 2: 5ad (len: 695)
updated maxmap 5: 574 (len: 691)
[1;94m[*] [0mFuzzing test case #590 (1403 total, 0 uniq crashes found)...[0m
scheduled max input!!!!
schedule: 5 level23_1/ijon_max/5
updated maxmap 5: 575 (len: 691)
[1;94m[*] [0mFuzzing test case #591 (1403 total, 0 uniq crashes found)...[0m
scheduled max input!!!!
schedule: 11 level23_1/ijon_max/11
[1;94m[*] [0mFuzzing test case #592 (1403 total, 0 uniq crashes found)...[0m
scheduled max input!!!!
schedule: 2 level23_1/ijon_max/2
updated maxmap 2: 5ae (len: 695)
[1;94m[*] [0mFuzzing test case #593 (1403 total, 0 uniq crashes found)...[0m
scheduled max input!!!!
schedule: 4 level23_1/ijon_max/4
[1;94m[*] [0mFuzzing test case #594 (1404 total, 0 uniq crashes found)...[0m
[1;94m[*] [0mFuzzing test case #595 (1404 total, 0 uniq crashes found)...[0m
scheduled max input!!!!
schedule: 2 level23_1/ijon_max/2
[1;94m[*] [0mFuzzing test case #596 (1404 total, 0 uniq crashes found)...[0m
scheduled max input!!!!
schedule: 2 level23_1/ijon_max/2
[1;94m[*] [0mFuzzing test case #597 (1404 total, 0 uniq crashes found)...[0m
scheduled max input!!!!
schedule: 7 level23_1/ijon_max/7
[1;94m[*] [0mFuzzing test case #598 (1404 total, 0 uniq crashes found)...[0m
[1;94m[*] [0mFuzzing test case #599 (1404 total, 0 uniq crashes found)...[0m
scheduled max input!!!!
schedule: 10 level23_1/ijon_max/10
[1;94m[*] [0mFuzzing test case #600 (1404 total, 0 uniq crashes found)...[0m
scheduled max input!!!!
schedule: 7 level23_1/ijon_max/7
[1;94m[*] [0mFuzzing test case #601 (1404 total, 0 uniq crashes found)...[0m
scheduled max input!!!!
schedule: 8 level23_1/ijon_max/8
[1;94m[*] [0mFuzzing test case #602 (1404 total, 0 uniq crashes found)...[0m
[1;94m[*] [0mFuzzing test case #603 (1404 total, 0 uniq crashes found)...[0m
[1;94m[*] [0mFuzzing test case #604 (1404 total, 0 uniq crashes found)...[0m
[1;94m[*] [0mFuzzing test case #605 (1404 total, 0 uniq crashes found)...[0m
scheduled max input!!!!
schedule: 14 level23_1/ijon_max/14
[1;94m[*] [0mFuzzing test case #606 (1404 total, 0 uniq crashes found)...[0m
scheduled max input!!!!
schedule: 10 level23_1/ijon_max/10
[1;94m[*] [0mFuzzing test case #607 (1404 total, 0 uniq crashes found)...[0m
scheduled max input!!!!
schedule: 13 level23_1/ijon_max/13
[1;94m[*] [0mFuzzing test case #608 (1404 total, 0 uniq crashes found)...[0m
scheduled max input!!!!
schedule: 12 level23_1/ijon_max/12
[1;94m[*] [0mFuzzing test case #609 (1404 total, 0 uniq crashes found)...[0m
scheduled max input!!!!
schedule: 5 level23_1/ijon_max/5
[1;94m[*] [0mFuzzing test case #610 (1404 total, 0 uniq crashes found)...[0m
scheduled max input!!!!
schedule: 0 level23_1/ijon_max/0
[1;94m[*] [0mFuzzing test case #611 (1404 total, 0 uniq crashes found)...[0m
[1;94m[*] [0mFuzzing test case #612 (1404 total, 0 uniq crashes found)...[0m
scheduled normal input!!!!
[1;94m[*] [0mFuzzing test case #613 (1404 total, 0 uniq crashes found)...[0m
scheduled max input!!!!
schedule: 0 level23_1/ijon_max/0
[1;94m[*] [0mFuzzing test case #614 (1405 total, 0 uniq crashes found)...[0m
scheduled max input!!!!
schedule: 6 level23_1/ijon_max/6
[1;94m[*] [0mFuzzing test case #615 (1405 total, 0 uniq crashes found)...[0m
scheduled max input!!!!
schedule: 11 level23_1/ijon_max/11
[1;94m[*] [0mFuzzing test case #616 (1405 total, 0 uniq crashes found)...[0m
scheduled max input!!!!
schedule: 13 level23_1/ijon_max/13
[1;94m[*] [0mFuzzing test case #617 (1405 total, 0 uniq crashes found)...[0m
scheduled max input!!!!
schedule: 5 level23_1/ijon_max/5
[1;94m[*] [0mFuzzing test case #618 (1405 total, 0 uniq crashes found)...[0m
scheduled max input!!!!
schedule: 1 level23_1/ijon_max/1
[1;94m[*] [0mFuzzing test case #619 (1405 total, 0 uniq crashes found)...[0m
scheduled max input!!!!
schedule: 4 level23_1/ijon_max/4
[1;94m[*] [0mFuzzing test case #620 (1405 total, 0 uniq crashes found)...[0m
scheduled max input!!!!
schedule: 6 level23_1/ijon_max/6
[1;94m[*] [0mFuzzing test case #621 (1405 total, 0 uniq crashes found)...[0m
scheduled max input!!!!
schedule: 3 level23_1/ijon_max/3
updated maxmap 1: 5a4 (len: 691)
[1;94m[*] [0mFuzzing test case #622 (1405 total, 0 uniq crashes found)...[0m
scheduled max input!!!!
schedule: 5 level23_1/ijon_max/5
[1;94m[*] [0mFuzzing test case #623 (1405 total, 0 uniq crashes found)...[0m
scheduled max input!!!!
schedule: 8 level23_1/ijon_max/8
updated maxmap 7: 560 (len: 663)
[1;94m[*] [0mFuzzing test case #624 (1405 total, 0 uniq crashes found)...[0m
scheduled max input!!!!
schedule: 7 level23_1/ijon_max/7
[1;94m[*] [0mFuzzing test case #625 (1405 total, 0 uniq crashes found)...[0m
scheduled max input!!!!
schedule: 5 level23_1/ijon_max/5
updated maxmap 4: 59b (len: 691)
[1;94m[*] [0mFuzzing test case #626 (1405 total, 0 uniq crashes found)...[0m
scheduled max input!!!!
schedule: 10 level23_1/ijon_max/10
[1;94m[*] [0mFuzzing test case #627 (1405 total, 0 uniq crashes found)...[0m
scheduled max input!!!!
schedule: 6 level23_1/ijon_max/6
[1;94m[*] [0mFuzzing test case #628 (1405 total, 0 uniq crashes found)...[0m
scheduled max input!!!!
schedule: 5 level23_1/ijon_max/5
[1;94m[*] [0mFuzzing test case #629 (1405 total, 0 uniq crashes found)...[0m
scheduled max input!!!!
schedule: 12 level23_1/ijon_max/12
[1;94m[*] [0mFuzzing test case #630 (1405 total, 0 uniq crashes found)...[0m
scheduled max input!!!!
schedule: 0 level23_1/ijon_max/0
[1;94m[*] [0mFuzzing test case #631 (1405 total, 0 uniq crashes found)...[0m
scheduled max input!!!!
schedule: 7 level23_1/ijon_max/7
[1;94m[*] [0mFuzzing test case #632 (1405 total, 0 uniq crashes found)...[0m
[1;94m[*] [0mFuzzing test case #633 (1405 total, 0 uniq crashes found)...[0m
scheduled max input!!!!
schedule: 14 level23_1/ijon_max/14
[1;94m[*] [0mFuzzing test case #634 (1405 total, 0 uniq crashes found)...[0m
[1;94m[*] [0mFuzzing test case #635 (1405 total, 0 uniq crashes found)...[0m
scheduled max input!!!!
schedule: 0 level23_1/ijon_max/0
[1;94m[*] [0mFuzzing test case #636 (1405 total, 0 uniq crashes found)...[0m
scheduled max input!!!!
schedule: 13 level23_1/ijon_max/13
[1;94m[*] [0mFuzzing test case #637 (1405 total, 0 uniq crashes found)...[0m
[1;94m[*] [0mFuzzing test case #638 (1405 total, 0 uniq crashes found)...[0m
scheduled max input!!!!
schedule: 11 level23_1/ijon_max/11
[1;94m[*] [0mFuzzing test case #639 (1405 total, 0 uniq crashes found)...[0m
scheduled max input!!!!
schedule: 12 level23_1/ijon_max/12
[1;94m[*] [0mFuzzing test case #640 (1405 total, 0 uniq crashes found)...[0m
scheduled max input!!!!
schedule: 2 level23_1/ijon_max/2
[1;94m[*] [0mFuzzing test case #641 (1405 total, 0 uniq crashes found)...[0m
scheduled max input!!!!
schedule: 10 level23_1/ijon_max/10
[1;94m[*] [0mFuzzing test case #642 (1405 total, 0 uniq crashes found)...[0m
scheduled max input!!!!
schedule: 12 level23_1/ijon_max/12
[1;94m[*] [0mFuzzing test case #643 (1405 total, 0 uniq crashes found)...[0m
scheduled max input!!!!
schedule: 6 level23_1/ijon_max/6
[1;94m[*] [0mFuzzing test case #644 (1405 total, 0 uniq crashes found)...[0m
scheduled max input!!!!
schedule: 6 level23_1/ijon_max/6
[1;94m[*] [0mFuzzing test case #645 (1405 total, 0 uniq crashes found)...[0m
scheduled max input!!!!
schedule: 4 level23_1/ijon_max/4
updated maxmap 4: 59c (len: 691)
[1;94m[*] [0mFuzzing test case #646 (1405 total, 0 uniq crashes found)...[0m
scheduled max input!!!!
schedule: 11 level23_1/ijon_max/11
[1;94m[*] [0mFuzzing test case #647 (1405 total, 0 uniq crashes found)...[0m
scheduled max input!!!!
schedule: 15 level23_1/ijon_max/15
[1;94m[*] [0mFuzzing test case #648 (1405 total, 0 uniq crashes found)...[0m
scheduled max input!!!!
schedule: 8 level23_1/ijon_max/8
[1;94m[*] [0mFuzzing test case #649 (1405 total, 0 uniq crashes found)...[0m
scheduled max input!!!!
schedule: 11 level23_1/ijon_max/11
[1;94m[*] [0mFuzzing test case #650 (1405 total, 0 uniq crashes found)...[0m
scheduled max input!!!!
schedule: 13 level23_1/ijon_max/13
[1;94m[*] [0mFuzzing test case #651 (1405 total, 0 uniq crashes found)...[0m
scheduled max input!!!!
schedule: 13 level23_1/ijon_max/13
[1;94m[*] [0mFuzzing test case #652 (1405 total, 0 uniq crashes found)...[0m
scheduled max input!!!!
schedule: 12 level23_1/ijon_max/12
[1;94m[*] [0mFuzzing test case #653 (1405 total, 0 uniq crashes found)...[0m
[1;94m[*] [0mFuzzing test case #654 (1405 total, 0 uniq crashes found)...[0m
scheduled max input!!!!
schedule: 10 level23_1/ijon_max/10
[1;94m[*] [0mFuzzing test case #655 (1405 total, 0 uniq crashes found)...[0m
scheduled max input!!!!
schedule: 10 level23_1/ijon_max/10
[1;94m[*] [0mFuzzing test case #656 (1405 total, 0 uniq crashes found)...[0m
[1;94m[*] [0mFuzzing test case #657 (1405 total, 0 uniq crashes found)...[0m
[1;94m[*] [0mFuzzing test case #658 (1405 total, 0 uniq crashes found)...[0m
[1;94m[*] [0mFuzzing test case #659 (1405 total, 0 uniq crashes found)...[0m
scheduled max input!!!!
schedule: 4 level23_1/ijon_max/4
[1;94m[*] [0mFuzzing test case #660 (1405 total, 0 uniq crashes found)...[0m
scheduled max input!!!!
schedule: 3 level23_1/ijon_max/3
[1;94m[*] [0mFuzzing test case #661 (1405 total, 0 uniq crashes found)...[0m
scheduled max input!!!!
schedule: 14 level23_1/ijon_max/14
[1;94m[*] [0mFuzzing test case #662 (1405 total, 0 uniq crashes found)...[0m
[1;94m[*] [0mFuzzing test case #663 (1405 total, 0 uniq crashes found)...[0m
scheduled max input!!!!
schedule: 9 level23_1/ijon_max/9
[1;94m[*] [0mFuzzing test case #664 (1405 total, 0 uniq crashes found)...[0m
scheduled max input!!!!
schedule: 9 level23_1/ijon_max/9
[1;94m[*] [0mFuzzing test case #665 (1405 total, 0 uniq crashes found)...[0m
[1;94m[*] [0mFuzzing test case #666 (1405 total, 0 uniq crashes found)...[0m
scheduled max input!!!!
schedule: 6 level23_1/ijon_max/6
[1;94m[*] [0mFuzzing test case #667 (1405 total, 0 uniq crashes found)...[0m
scheduled max input!!!!
schedule: 12 level23_1/ijon_max/12
[1;94m[*] [0mFuzzing test case #668 (1405 total, 0 uniq crashes found)...[0m
scheduled max input!!!!
schedule: 8 level23_1/ijon_max/8
[1;94m[*] [0mFuzzing test case #669 (1405 total, 0 uniq crashes found)...[0m
scheduled max input!!!!
schedule: 7 level23_1/ijon_max/7
[1;94m[*] [0mFuzzing test case #670 (1405 total, 0 uniq crashes found)...[0m
scheduled max input!!!!
schedule: 7 level23_1/ijon_max/7
[1;94m[*] [0mFuzzing test case #671 (1405 total, 0 uniq crashes found)...[0m
scheduled max input!!!!
schedule: 0 level23_1/ijon_max/0
[1;94m[*] [0mFuzzing test case #672 (1405 total, 0 uniq crashes found)...[0m
[1;94m[*] [0mFuzzing test case #673 (1405 total, 0 uniq crashes found)...[0m
[1;94m[*] [0mFuzzing test case #674 (1405 total, 0 uniq crashes found)...[0m
[1;94m[*] [0mFuzzing test case #675 (1405 total, 0 uniq crashes found)...[0m
scheduled max input!!!!
schedule: 0 level23_1/ijon_max/0
[1;94m[*] [0mFuzzing test case #676 (1405 total, 0 uniq crashes found)...[0m
scheduled max input!!!!
schedule: 14 level23_1/ijon_max/14
[1;94m[*] [0mFuzzing test case #677 (1405 total, 0 uniq crashes found)...[0m
[1;94m[*] [0mFuzzing test case #678 (1405 total, 0 uniq crashes found)...[0m
scheduled max input!!!!
schedule: 9 level23_1/ijon_max/9
[1;94m[*] [0mFuzzing test case #679 (1406 total, 0 uniq crashes found)...[0m
scheduled max input!!!!
schedule: 1 level23_1/ijon_max/1
updated maxmap 5: 57e (len: 691)
[1;94m[*] [0mFuzzing test case #680 (1406 total, 0 uniq crashes found)...[0m
scheduled max input!!!!
schedule: 12 level23_1/ijon_max/12
[1;94m[*] [0mFuzzing test case #681 (1406 total, 0 uniq crashes found)...[0m
scheduled max input!!!!
schedule: 9 level23_1/ijon_max/9
[1;94m[*] [0mFuzzing test case #682 (1406 total, 0 uniq crashes found)...[0m
scheduled max input!!!!
schedule: 9 level23_1/ijon_max/9
[1;94m[*] [0mFuzzing test case #683 (1406 total, 0 uniq crashes found)...[0m
scheduled max input!!!!
schedule: 9 level23_1/ijon_max/9
[1;94m[*] [0mFuzzing test case #684 (1406 total, 0 uniq crashes found)...[0m
scheduled max input!!!!
schedule: 7 level23_1/ijon_max/7
[1;94m[*] [0mFuzzing test case #685 (1406 total, 0 uniq crashes found)...[0m
scheduled max input!!!!
schedule: 10 level23_1/ijon_max/10
[1;94m[*] [0mFuzzing test case #686 (1406 total, 0 uniq crashes found)...[0m
scheduled max input!!!!
schedule: 7 level23_1/ijon_max/7
[1;94m[*] [0mFuzzing test case #687 (1406 total, 0 uniq crashes found)...[0m
[1;94m[*] [0mFuzzing test case #688 (1406 total, 0 uniq crashes found)...[0m
scheduled max input!!!!
schedule: 13 level23_1/ijon_max/13
[1;94m[*] [0mFuzzing test case #689 (1406 total, 0 uniq crashes found)...[0m
scheduled max input!!!!
schedule: 1 level23_1/ijon_max/1
[1;94m[*] [0mFuzzing test case #690 (1406 total, 0 uniq crashes found)...[0m
scheduled max input!!!!
schedule: 1 level23_1/ijon_max/1
[1;94m[*] [0mFuzzing test case #691 (1406 total, 0 uniq crashes found)...[0m
scheduled max input!!!!
schedule: 7 level23_1/ijon_max/7
[1;94m[*] [0mFuzzing test case #692 (1406 total, 0 uniq crashes found)...[0m
[1;94m[*] [0mFuzzing test case #693 (1406 total, 0 uniq crashes found)...[0m
scheduled max input!!!!
schedule: 1 level23_1/ijon_max/1
[1;94m[*] [0mFuzzing test case #694 (1406 total, 0 uniq crashes found)...[0m
[1;94m[*] [0mFuzzing test case #695 (1406 total, 0 uniq crashes found)...[0m
scheduled max input!!!!
schedule: 15 level23_1/ijon_max/15
[1;94m[*] [0mFuzzing test case #696 (1406 total, 0 uniq crashes found)...[0m
scheduled max input!!!!
schedule: 2 level23_1/ijon_max/2
updated maxmap 3: 5a3 (len: 695)
updated maxmap 4: 59d (len: 695)
updated maxmap 3: 5a4 (len: 695)
updated maxmap 4: 59e (len: 695)
updated maxmap 1: 5ba (len: 700)
[1;94m[*] [0mFuzzing test case #697 (1408 total, 0 uniq crashes found)...[0m
scheduled max input!!!!
schedule: 11 level23_1/ijon_max/11
[1;94m[*] [0mFuzzing test case #698 (1408 total, 0 uniq crashes found)...[0m
scheduled max input!!!!
schedule: 13 level23_1/ijon_max/13
[1;94m[*] [0mFuzzing test case #699 (1408 total, 0 uniq crashes found)...[0m
[1;94m[*] [0mFuzzing test case #700 (1408 total, 0 uniq crashes found)...[0m
scheduled max input!!!!
schedule: 5 level23_1/ijon_max/5
[1;94m[*] [0mFuzzing test case #701 (1409 total, 0 uniq crashes found)...[0m
[1;94m[*] [0mFuzzing test case #702 (1409 total, 0 uniq crashes found)...[0m
scheduled max input!!!!
schedule: 9 level23_1/ijon_max/9
[1;94m[*] [0mFuzzing test case #703 (1409 total, 0 uniq crashes found)...[0m
scheduled max input!!!!
schedule: 15 level23_1/ijon_max/15
[1;94m[*] [0mFuzzing test case #704 (1409 total, 0 uniq crashes found)...[0m
[1;94m[*] [0mFuzzing test case #705 (1409 total, 0 uniq crashes found)...[0m
scheduled max input!!!!
schedule: 5 level23_1/ijon_max/5
[1;94m[*] [0mFuzzing test case #706 (1410 total, 0 uniq crashes found)...[0m
scheduled max input!!!!
schedule: 4 level23_1/ijon_max/4
updated maxmap 2: 5b3 (len: 697)
[1;94m[*] [0mFuzzing test case #707 (1410 total, 0 uniq crashes found)...[0m
scheduled max input!!!!
schedule: 1 level23_1/ijon_max/1
[1;94m[*] [0mFuzzing test case #708 (1412 total, 0 uniq crashes found)...[0m
[1;94m[*] [0mFuzzing test case #709 (1412 total, 0 uniq crashes found)...[0m
scheduled max input!!!!
schedule: 5 level23_1/ijon_max/5
[1;94m[*] [0mFuzzing test case #710 (1412 total, 0 uniq crashes found)...[0m
scheduled max input!!!!
schedule: 2 level23_1/ijon_max/2
updated maxmap 2: 5b5 (len: 701)
updated maxmap 3: 5b8 (len: 701)
[1;94m[*] [0mFuzzing test case #711 (1412 total, 0 uniq crashes found)...[0m
[1;94m[*] [0mFuzzing test case #712 (1412 total, 0 uniq crashes found)...[0m
scheduled max input!!!!
schedule: 7 level23_1/ijon_max/7
[1;94m[*] [0mFuzzing test case #713 (1412 total, 0 uniq crashes found)...[0m
scheduled max input!!!!
schedule: 14 level23_1/ijon_max/14
[1;94m[*] [0mFuzzing test case #714 (1412 total, 0 uniq crashes found)...[0m
scheduled max input!!!!
schedule: 6 level23_1/ijon_max/6
[1;94m[*] [0mFuzzing test case #715 (1413 total, 0 uniq crashes found)...[0m
scheduled max input!!!!
schedule: 14 level23_1/ijon_max/14
[1;94m[*] [0mFuzzing test case #716 (1413 total, 0 uniq crashes found)...[0m
scheduled max input!!!!
schedule: 6 level23_1/ijon_max/6
[1;94m[*] [0mFuzzing test case #717 (1413 total, 0 uniq crashes found)...[0m
scheduled max input!!!!
schedule: 11 level23_1/ijon_max/11
updated maxmap 10: 55f (len: 677)
[1;94m[*] [0mFuzzing test case #718 (1413 total, 0 uniq crashes found)...[0m
scheduled max input!!!!
schedule: 5 level23_1/ijon_max/5
[1;94m[*] [0mFuzzing test case #719 (1413 total, 0 uniq crashes found)...[0m
[1;94m[*] [0mFuzzing test case #720 (1413 total, 0 uniq crashes found)...[0m
scheduled max input!!!!
schedule: 14 level23_1/ijon_max/14
[1;94m[*] [0mFuzzing test case #721 (1413 total, 0 uniq crashes found)...[0m
scheduled max input!!!!
schedule: 1 level23_1/ijon_max/1
[1;94m[*] [0mFuzzing test case #722 (1413 total, 0 uniq crashes found)...[0m
scheduled max input!!!!
schedule: 13 level23_1/ijon_max/13
[1;94m[*] [0mFuzzing test case #723 (1413 total, 0 uniq crashes found)...[0m
scheduled max input!!!!
schedule: 5 level23_1/ijon_max/5
[1;94m[*] [0mFuzzing test case #724 (1413 total, 0 uniq crashes found)...[0m
scheduled max input!!!!
schedule: 1 level23_1/ijon_max/1
[1;94m[*] [0mFuzzing test case #725 (1413 total, 0 uniq crashes found)...[0m
scheduled max input!!!!
schedule: 10 level23_1/ijon_max/10
[1;94m[*] [0mFuzzing test case #726 (1413 total, 0 uniq crashes found)...[0m
scheduled max input!!!!
schedule: 3 level23_1/ijon_max/3
[1;94m[*] [0mFuzzing test case #727 (1413 total, 0 uniq crashes found)...[0m
[1;94m[*] [0mFuzzing test case #728 (1413 total, 0 uniq crashes found)...[0m
scheduled max input!!!!
schedule: 11 level23_1/ijon_max/11
minimized maxmap 10: 55f (len: 671)
[1;94m[*] [0mFuzzing test case #729 (1413 total, 0 uniq crashes found)...[0m
scheduled max input!!!!
schedule: 2 level23_1/ijon_max/2
updated maxmap 2: 5b6 (len: 701)
updated maxmap 3: 5b9 (len: 701)
updated maxmap 4: 5bb (len: 701)
[1;94m[*] [0mFuzzing test case #730 (1414 total, 0 uniq crashes found)...[0m
scheduled max input!!!!
schedule: 7 level23_1/ijon_max/7
[1;94m[*] [0mFuzzing test case #731 (1414 total, 0 uniq crashes found)...[0m
scheduled max input!!!!
schedule: 4 level23_1/ijon_max/4
[1;94m[*] [0mFuzzing test case #732 (1414 total, 0 uniq crashes found)...[0m
scheduled max input!!!!
schedule: 5 level23_1/ijon_max/5
[1;94m[*] [0mFuzzing test case #733 (1414 total, 0 uniq crashes found)...[0m
scheduled max input!!!!
schedule: 2 level23_1/ijon_max/2
[1;94m[*] [0mFuzzing test case #734 (1414 total, 0 uniq crashes found)...[0m
scheduled max input!!!!
schedule: 8 level23_1/ijon_max/8
[1;94m[*] [0mFuzzing test case #735 (1414 total, 0 uniq crashes found)...[0m
scheduled max input!!!!
schedule: 13 level23_1/ijon_max/13
[1;94m[*] [0mFuzzing test case #736 (1414 total, 0 uniq crashes found)...[0m
[1;94m[*] [0mFuzzing test case #737 (1414 total, 0 uniq crashes found)...[0m
scheduled max input!!!!
schedule: 0 level23_1/ijon_max/0
[1;94m[*] [0mFuzzing test case #738 (1414 total, 0 uniq crashes found)...[0m
scheduled max input!!!!
schedule: 7 level23_1/ijon_max/7
[1;94m[*] [0mFuzzing test case #739 (1414 total, 0 uniq crashes found)...[0m
scheduled max input!!!!
schedule: 6 level23_1/ijon_max/6
[1;94m[*] [0mFuzzing test case #740 (1414 total, 0 uniq crashes found)...[0m
scheduled max input!!!!
schedule: 3 level23_1/ijon_max/3
updated maxmap 3: 5c4 (len: 705)
updated maxmap 4: 5c2 (len: 705)
[1;94m[*] [0mFuzzing test case #741 (1414 total, 0 uniq crashes found)...[0m
scheduled max input!!!!
schedule: 6 level23_1/ijon_max/6
[1;94m[*] [0mFuzzing test case #742 (1414 total, 0 uniq crashes found)...[0m
scheduled max input!!!!
schedule: 5 level23_1/ijon_max/5
[1;94m[*] [0mFuzzing test case #743 (1414 total, 0 uniq crashes found)...[0m
scheduled max input!!!!
schedule: 1 level23_1/ijon_max/1
updated maxmap 1: 5bd (len: 702)
[1;94m[*] [0mFuzzing test case #744 (1414 total, 0 uniq crashes found)...[0m
[1;94m[*] [0mFuzzing test case #745 (1414 total, 0 uniq crashes found)...[0m
scheduled max input!!!!
schedule: 4 level23_1/ijon_max/4
updated maxmap 2: 5d4 (len: 711)
updated maxmap 3: 5c5 (len: 711)
updated maxmap 3: 5c6 (len: 705)
updated maxmap 4: 5c3 (len: 705)
updated maxmap 4: 5c4 (len: 705)
updated maxmap 4: 5c6 (len: 705)
updated maxmap 4: 5c7 (len: 705)
updated maxmap 1: 5ce (len: 713)
updated maxmap 2: 5db (len: 713)
updated maxmap 4: 5cd (len: 708)
updated maxmap 3: 5ca (len: 708)
updated maxmap 3: 5cf (len: 709)
[1;94m[*] [0mFuzzing test case #746 (1425 total, 0 uniq crashes found)...[0m
[1;94m[*] [0mFuzzing test case #747 (1425 total, 0 uniq crashes found)...[0m
[1;94m[*] [0mFuzzing test case #748 (1425 total, 0 uniq crashes found)...[0m
scheduled normal input!!!!
[1;94m[*] [0mFuzzing test case #749 (1426 total, 0 uniq crashes found)...[0m
[1;94m[*] [0mFuzzing test case #750 (1426 total, 0 uniq crashes found)...[0m
scheduled max input!!!!
schedule: 1 level23_1/ijon_max/1
updated maxmap 1: 5cf (len: 713)
updated maxmap 3: 5dd (len: 715)
updated maxmap 4: 5e0 (len: 715)
[1;94m[*] [0mFuzzing test case #751 (1426 total, 0 uniq crashes found)...[0m
scheduled max input!!!!
schedule: 11 level23_1/ijon_max/11
[1;94m[*] [0mFuzzing test case #752 (1426 total, 0 uniq crashes found)...[0m
scheduled max input!!!!
schedule: 2 level23_1/ijon_max/2
[1;94m[*] [0mFuzzing test case #753 (1426 total, 0 uniq crashes found)...[0m
scheduled max input!!!!
schedule: 7 level23_1/ijon_max/7
[1;94m[*] [0mFuzzing test case #754 (1426 total, 0 uniq crashes found)...[0m
[1;94m[*] [0mFuzzing test case #755 (1426 total, 0 uniq crashes found)...[0m
[1;94m[*] [0mFuzzing test case #756 (1426 total, 0 uniq crashes found)...[0m
scheduled max input!!!!
schedule: 14 level23_1/ijon_max/14
[1;94m[*] [0mFuzzing test case #757 (1426 total, 0 uniq crashes found)...[0m
scheduled max input!!!!
schedule: 8 level23_1/ijon_max/8
[1;94m[*] [0mFuzzing test case #758 (1426 total, 0 uniq crashes found)...[0m
scheduled max input!!!!
schedule: 13 level23_1/ijon_max/13
[1;94m[*] [0mFuzzing test case #759 (1426 total, 0 uniq crashes found)...[0m
scheduled max input!!!!
schedule: 0 level23_1/ijon_max/0
[1;94m[*] [0mFuzzing test case #760 (1426 total, 0 uniq crashes found)...[0m
[1;94m[*] [0mFuzzing test case #761 (1426 total, 0 uniq crashes found)...[0m
scheduled max input!!!!
schedule: 15 level23_1/ijon_max/15
[1;94m[*] [0mFuzzing test case #762 (1426 total, 0 uniq crashes found)...[0m
[1;94m[*] [0mFuzzing test case #763 (1426 total, 0 uniq crashes found)...[0m
scheduled max input!!!!
schedule: 5 level23_1/ijon_max/5
[1;94m[*] [0mFuzzing test case #764 (1426 total, 0 uniq crashes found)...[0m
scheduled max input!!!!
schedule: 15 level23_1/ijon_max/15
[1;94m[*] [0mFuzzing test case #765 (1426 total, 0 uniq crashes found)...[0m
scheduled max input!!!!
schedule: 6 level23_1/ijon_max/6
[1;94m[*] [0mFuzzing test case #766 (1426 total, 0 uniq crashes found)...[0m
scheduled max input!!!!
schedule: 8 level23_1/ijon_max/8
[1;94m[*] [0mFuzzing test case #767 (1426 total, 0 uniq crashes found)...[0m
[1;94m[*] [0mFuzzing test case #768 (1426 total, 0 uniq crashes found)...[0m
scheduled max input!!!!
schedule: 4 level23_1/ijon_max/4
updated maxmap 3: 5de (len: 715)
[1;94m[*] [0mFuzzing test case #769 (1426 total, 0 uniq crashes found)...[0m
scheduled max input!!!!
schedule: 13 level23_1/ijon_max/13
[1;94m[*] [0mFuzzing test case #770 (1426 total, 0 uniq crashes found)...[0m
[1;94m[*] [0mFuzzing test case #771 (1426 total, 0 uniq crashes found)...[0m
scheduled max input!!!!
schedule: 13 level23_1/ijon_max/13
[1;94m[*] [0mFuzzing test case #772 (1426 total, 0 uniq crashes found)...[0m
scheduled max input!!!!
schedule: 14 level23_1/ijon_max/14
[1;94m[*] [0mFuzzing test case #773 (1426 total, 0 uniq crashes found)...[0m
scheduled max input!!!!
schedule: 2 level23_1/ijon_max/2
updated maxmap 3: 5df (len: 715)
updated maxmap 5: 5d9 (len: 716)
[1;94m[*] [0mFuzzing test case #774 (1426 total, 0 uniq crashes found)...[0m
scheduled max input!!!!
schedule: 3 level23_1/ijon_max/3
updated maxmap 3: 5e0 (len: 715)
[1;94m[*] [0mFuzzing test case #775 (1426 total, 0 uniq crashes found)...[0m
scheduled max input!!!!
schedule: 5 level23_1/ijon_max/5
updated maxmap 5: 5da (len: 716)
updated maxmap 5: 5db (len: 716)
updated maxmap 2: 5dd (len: 718)
[1;94m[*] [0mFuzzing test case #776 (1426 total, 0 uniq crashes found)...[0m
scheduled max input!!!!
schedule: 2 level23_1/ijon_max/2
updated maxmap 2: 5de (len: 718)
updated maxmap 2: 5df (len: 719)
[1;94m[*] [0mFuzzing test case #777 (1427 total, 0 uniq crashes found)...[0m
scheduled max input!!!!
schedule: 14 level23_1/ijon_max/14
[1;94m[*] [0mFuzzing test case #778 (1427 total, 0 uniq crashes found)...[0m
scheduled max input!!!!
schedule: 6 level23_1/ijon_max/6
[1;94m[*] [0mFuzzing test case #779 (1427 total, 0 uniq crashes found)...[0m
scheduled max input!!!!
schedule: 9 level23_1/ijon_max/9
[1;94m[*] [0mFuzzing test case #780 (1427 total, 0 uniq crashes found)...[0m
scheduled max input!!!!
schedule: 10 level23_1/ijon_max/10
[1;94m[*] [0mFuzzing test case #781 (1427 total, 0 uniq crashes found)...[0m
scheduled max input!!!!
schedule: 5 level23_1/ijon_max/5
[1;94m[*] [0mFuzzing test case #782 (1427 total, 0 uniq crashes found)...[0m
[1;94m[*] [0mFuzzing test case #783 (1427 total, 0 uniq crashes found)...[0m
scheduled max input!!!!
schedule: 13 level23_1/ijon_max/13
[1;94m[*] [0mFuzzing test case #784 (1427 total, 0 uniq crashes found)...[0m
scheduled max input!!!!
schedule: 4 level23_1/ijon_max/4
[1;94m[*] [0mFuzzing test case #785 (1427 total, 0 uniq crashes found)...[0m
scheduled max input!!!!
schedule: 1 level23_1/ijon_max/1
updated maxmap 3: 5e2 (len: 720)
updated maxmap 4: 5ec (len: 720)
minimized maxmap 5: 5db (len: 713)
[1;94m[*] [0mFuzzing test case #786 (1428 total, 0 uniq crashes found)...[0m
scheduled max input!!!!
schedule: 15 level23_1/ijon_max/15
[1;94m[*] [0mFuzzing test case #787 (1428 total, 0 uniq crashes found)...[0m
scheduled max input!!!!
schedule: 14 level23_1/ijon_max/14
[1;94m[*] [0mFuzzing test case #788 (1428 total, 0 uniq crashes found)...[0m
scheduled max input!!!!
schedule: 8 level23_1/ijon_max/8
[1;94m[*] [0mFuzzing test case #789 (1428 total, 0 uniq crashes found)...[0m
[1;94m[*] [0mFuzzing test case #790 (1428 total, 0 uniq crashes found)...[0m
scheduled max input!!!!
schedule: 4 level23_1/ijon_max/4
updated maxmap 1: 5e0 (len: 720)
updated maxmap 2: 5ec (len: 720)
updated maxmap 5: 5f6 (len: 728)
updated maxmap 6: 5ff (len: 728)
updated maxmap 3: 5ea (len: 720)
updated maxmap 4: 5ed (len: 720)
updated maxmap 1: 5e1 (len: 722)
updated maxmap 2: 5ed (len: 722)
minimized maxmap 2: 5ed (len: 720)
updated maxmap 7: 562 (len: 728)
updated maxmap 3: 5f4 (len: 726)
updated maxmap 4: 5fa (len: 726)
[1;94m[*] [0mFuzzing test case #791 (1436 total, 0 uniq crashes found)...[0m
scheduled max input!!!!
schedule: 12 level23_1/ijon_max/12
[1;94m[*] [0mFuzzing test case #792 (1436 total, 0 uniq crashes found)...[0m
scheduled max input!!!!
schedule: 2 level23_1/ijon_max/2
updated maxmap 1: 5e2 (len: 721)
updated maxmap 2: 5ee (len: 721)
[1;94m[*] [0mFuzzing test case #793 (1436 total, 0 uniq crashes found)...[0m
scheduled max input!!!!
schedule: 9 level23_1/ijon_max/9
[1;94m[*] [0mFuzzing test case #794 (1436 total, 0 uniq crashes found)...[0m
[1;94m[*] [0mFuzzing test case #795 (1436 total, 0 uniq crashes found)...[0m
scheduled max input!!!!
schedule: 3 level23_1/ijon_max/3
[1;94m[*] [0mFuzzing test case #796 (1436 total, 0 uniq crashes found)...[0m
scheduled max input!!!!
schedule: 8 level23_1/ijon_max/8
[1;94m[*] [0mFuzzing test case #797 (1436 total, 0 uniq crashes found)...[0m
scheduled max input!!!!
schedule: 7 level23_1/ijon_max/7
updated maxmap 7: 563 (len: 728)
updated maxmap 7: 564 (len: 728)
[1;94m[*] [0mFuzzing test case #798 (1436 total, 0 uniq crashes found)...[0m
[1;94m[*] [0mFuzzing test case #799 (1436 total, 0 uniq crashes found)...[0m
scheduled max input!!!!
schedule: 2 level23_1/ijon_max/2
minimized maxmap 3: 5f4 (len: 725)
[1;94m[*] [0mFuzzing test case #800 (1437 total, 0 uniq crashes found)...[0m
scheduled max input!!!!
schedule: 4 level23_1/ijon_max/4
updated maxmap 4: 5fd (len: 732)
updated maxmap 5: 607 (len: 732)
updated maxmap 6: 609 (len: 732)
updated maxmap 2: 5f1 (len: 730)
updated maxmap 3: 5fa (len: 730)
updated maxmap 4: 604 (len: 730)
minimized maxmap 2: 5f1 (len: 726)
minimized maxmap 3: 5fa (len: 726)
[1;94m[*] [0mFuzzing test case #801 (1438 total, 0 uniq crashes found)...[0m
[1;94m[*] [0mFuzzing test case #802 (1438 total, 0 uniq crashes found)...[0m
[1;94m[*] [0mFuzzing test case #803 (1438 total, 0 uniq crashes found)...[0m
scheduled max input!!!!
schedule: 8 level23_1/ijon_max/8
[1;94m[*] [0mFuzzing test case #804 (1438 total, 0 uniq crashes found)...[0m
scheduled max input!!!!
schedule: 15 level23_1/ijon_max/15
[1;94m[*] [0mFuzzing test case #805 (1438 total, 0 uniq crashes found)...[0m
scheduled max input!!!!
schedule: 3 level23_1/ijon_max/3
[1;94m[*] [0mFuzzing test case #806 (1438 total, 0 uniq crashes found)...[0m
scheduled max input!!!!
schedule: 6 level23_1/ijon_max/6
updated maxmap 1: 5e8 (len: 732)
updated maxmap 2: 5f5 (len: 732)
updated maxmap 3: 5fe (len: 732)
updated maxmap 7: 5fe (len: 732)
updated maxmap 8: 608 (len: 732)
updated maxmap 9: 60b (len: 732)
updated maxmap 7: 60f (len: 740)
updated maxmap 8: 619 (len: 740)
updated maxmap 9: 61b (len: 740)
updated maxmap 6: 60a (len: 732)
[1;94m[*] [0mFuzzing test case #807 (1440 total, 0 uniq crashes found)...[0m
scheduled max input!!!!
schedule: 6 level23_1/ijon_max/6
[1;94m[*] [0mFuzzing test case #808 (1440 total, 0 uniq crashes found)...[0m
scheduled max input!!!!
schedule: 0 level23_1/ijon_max/0
[1;94m[*] [0mFuzzing test case #809 (1440 total, 0 uniq crashes found)...[0m
[1;94m[*] [0mFuzzing test case #810 (1440 total, 0 uniq crashes found)...[0m
scheduled max input!!!!
schedule: 7 level23_1/ijon_max/7
updated maxmap 9: 61c (len: 740)
updated maxmap 7: 611 (len: 740)
updated maxmap 8: 61b (len: 740)
updated maxmap 9: 61d (len: 740)
updated maxmap 9: 61e (len: 740)
[1;94m[*] [0mFuzzing test case #811 (1441 total, 0 uniq crashes found)...[0m
[1;94m[*] [0mFuzzing test case #812 (1441 total, 0 uniq crashes found)...[0m
scheduled max input!!!!
schedule: 14 level23_1/ijon_max/14
[1;94m[*] [0mFuzzing test case #813 (1441 total, 0 uniq crashes found)...[0m
scheduled max input!!!!
schedule: 5 level23_1/ijon_max/5
updated maxmap 6: 611 (len: 738)
updated maxmap 7: 618 (len: 738)
[1;94m[*] [0mFuzzing test case #814 (1442 total, 0 uniq crashes found)...[0m
[1;94m[*] [0mFuzzing test case #815 (1442 total, 0 uniq crashes found)...[0m
[1;94m[*] [0mFuzzing test case #816 (1442 total, 0 uniq crashes found)...[0m
scheduled max input!!!!
schedule: 7 level23_1/ijon_max/7
[1;94m[*] [0mFuzzing test case #817 (1442 total, 0 uniq crashes found)...[0m
[1;94m[*] [0mFuzzing test case #818 (1442 total, 0 uniq crashes found)...[0m
scheduled max input!!!!
schedule: 15 level23_1/ijon_max/15
[1;94m[*] [0mFuzzing test case #819 (1442 total, 0 uniq crashes found)...[0m
scheduled max input!!!!
schedule: 13 level23_1/ijon_max/13
[1;94m[*] [0mFuzzing test case #820 (1442 total, 0 uniq crashes found)...[0m
scheduled max input!!!!
schedule: 1 level23_1/ijon_max/1
updated maxmap 1: 5ea (len: 732)
updated maxmap 2: 5f6 (len: 732)
updated maxmap 3: 5ff (len: 732)
[1;94m[*] [0mFuzzing test case #821 (1442 total, 0 uniq crashes found)...[0m
scheduled max input!!!!
schedule: 0 level23_1/ijon_max/0
[1;94m[*] [0mFuzzing test case #822 (1442 total, 0 uniq crashes found)...[0m
scheduled max input!!!!
schedule: 12 level23_1/ijon_max/12
[1;94m[*] [0mFuzzing test case #823 (1442 total, 0 uniq crashes found)...[0m
scheduled max input!!!!
schedule: 4 level23_1/ijon_max/4
updated maxmap 0: 5ac (len: 735)
updated maxmap 10: 611 (len: 735)
updated maxmap 4: 605 (len: 730)
updated maxmap 5: 60c (len: 733)
updated maxmap 10: 612 (len: 736)
updated maxmap 10: 615 (len: 738)
[1;94m[*] [0mFuzzing test case #824 (1451 total, 0 uniq crashes found)...[0m
scheduled max input!!!!
schedule: 9 level23_1/ijon_max/9
updated maxmap 10: 61e (len: 740)
[1;94m[*] [0mFuzzing test case #825 (1451 total, 0 uniq crashes found)...[0m
scheduled max input!!!!
schedule: 8 level23_1/ijon_max/8
updated maxmap 10: 620 (len: 748)
updated maxmap 11: 631 (len: 748)
updated maxmap 6: 616 (len: 740)
updated maxmap 7: 61d (len: 740)
[1;94m[*] [0mFuzzing test case #826 (1452 total, 0 uniq crashes found)...[0m
scheduled max input!!!!
schedule: 10 level23_1/ijon_max/10
updated maxmap 9: 631 (len: 748)
updated maxmap 10: 62f (len: 748)
[1;94m[*] [0mFuzzing test case #827 (1452 total, 0 uniq crashes found)...[0m
scheduled max input!!!!
schedule: 9 level23_1/ijon_max/9
updated maxmap 9: 632 (len: 748)
[1;94m[*] [0mFuzzing test case #828 (1452 total, 0 uniq crashes found)...[0m
scheduled max input!!!!
schedule: 2 level23_1/ijon_max/2
[1;94m[*] [0mFuzzing test case #829 (1452 total, 0 uniq crashes found)...[0m
scheduled max input!!!!
schedule: 8 level23_1/ijon_max/8
[1;94m[*] [0mFuzzing test case #830 (1452 total, 0 uniq crashes found)...[0m
scheduled max input!!!!
schedule: 4 level23_1/ijon_max/4
[1;94m[*] [0mFuzzing test case #831 (1452 total, 0 uniq crashes found)...[0m
[1;94m[*] [0mFuzzing test case #832 (1452 total, 0 uniq crashes found)...[0m
scheduled max input!!!!
schedule: 10 level23_1/ijon_max/10
updated maxmap 9: 636 (len: 755)
[1;94m[*] [0mFuzzing test case #833 (1453 total, 0 uniq crashes found)...[0m
scheduled max input!!!!
schedule: 13 level23_1/ijon_max/13
[1;94m[*] [0mFuzzing test case #834 (1453 total, 0 uniq crashes found)...[0m
[1;94m[*] [0mFuzzing test case #835 (1453 total, 0 uniq crashes found)...[0m
scheduled max input!!!!
schedule: 13 level23_1/ijon_max/13
[1;94m[*] [0mFuzzing test case #836 (1453 total, 0 uniq crashes found)...[0m
scheduled max input!!!!
schedule: 15 level23_1/ijon_max/15
[1;94m[*] [0mFuzzing test case #837 (1453 total, 0 uniq crashes found)...[0m
scheduled max input!!!!
schedule: 10 level23_1/ijon_max/10
updated maxmap 9: 640 (len: 754)
updated maxmap 10: 630 (len: 748)
updated maxmap 10: 63d (len: 753)
updated maxmap 11: 635 (len: 753)
updated maxmap 11: 638 (len: 750)
updated maxmap 8: 633 (len: 754)
updated maxmap 10: 642 (len: 754)
updated maxmap 7: 61e (len: 748)
minimized maxmap 8: 633 (len: 748)
updated maxmap 8: 634 (len: 748)
updated maxmap 10: 643 (len: 755)
updated maxmap 9: 641 (len: 755)
updated maxmap 1: 5f5 (len: 748)
updated maxmap 2: 5fe (len: 748)
updated maxmap 3: 608 (len: 748)
updated maxmap 4: 612 (len: 748)
updated maxmap 5: 61c (len: 748)
updated maxmap 6: 626 (len: 748)
updated maxmap 7: 630 (len: 748)
updated maxmap 11: 63f (len: 754)
updated maxmap 11: 641 (len: 754)
updated maxmap 11: 647 (len: 756)
[1;94m[*] [0mFuzzing test case #838 (1466 total, 0 uniq crashes found)...[0m
scheduled max input!!!!
schedule: 11 level23_1/ijon_max/11
[1;94m[*] [0mFuzzing test case #839 (1466 total, 0 uniq crashes found)...[0m
scheduled max input!!!!
schedule: 2 level23_1/ijon_max/2
[1;94m[*] [0mFuzzing test case #840 (1466 total, 0 uniq crashes found)...[0m
scheduled max input!!!!
schedule: 14 level23_1/ijon_max/14
[1;94m[*] [0mFuzzing test case #841 (1466 total, 0 uniq crashes found)...[0m
scheduled max input!!!!
schedule: 14 level23_1/ijon_max/14
[1;94m[*] [0mFuzzing test case #842 (1466 total, 0 uniq crashes found)...[0m
scheduled max input!!!!
schedule: 6 level23_1/ijon_max/6
[1;94m[*] [0mFuzzing test case #843 (1466 total, 0 uniq crashes found)...[0m
scheduled max input!!!!
schedule: 7 level23_1/ijon_max/7
[1;94m[*] [0mFuzzing test case #844 (1466 total, 0 uniq crashes found)...[0m
scheduled max input!!!!
schedule: 11 level23_1/ijon_max/11
updated maxmap 10: 645 (len: 756)
updated maxmap 11: 649 (len: 759)
[1;94m[*] [0mFuzzing test case #845 (1467 total, 0 uniq crashes found)...[0m
scheduled max input!!!!
schedule: 1 level23_1/ijon_max/1
[1;94m[*] [0mFuzzing test case #846 (1467 total, 0 uniq crashes found)...[0m
scheduled max input!!!!
schedule: 4 level23_1/ijon_max/4
updated maxmap 8: 63a (len: 755)
updated maxmap 9: 644 (len: 755)
updated maxmap 1: 5f7 (len: 751)
updated maxmap 2: 600 (len: 751)
updated maxmap 3: 60a (len: 751)
updated maxmap 4: 614 (len: 751)
updated maxmap 5: 61e (len: 751)
updated maxmap 6: 628 (len: 751)
updated maxmap 7: 632 (len: 751)
minimized maxmap 1: 5f7 (len: 748)
minimized maxmap 2: 600 (len: 748)
minimized maxmap 3: 60a (len: 748)
minimized maxmap 4: 614 (len: 748)
minimized maxmap 5: 61e (len: 748)
minimized maxmap 6: 628 (len: 748)
[1;94m[*] [0mFuzzing test case #847 (1469 total, 0 uniq crashes found)...[0m
scheduled max input!!!!
schedule: 9 level23_1/ijon_max/9
[1;94m[*] [0mFuzzing test case #848 (1469 total, 0 uniq crashes found)...[0m
scheduled max input!!!!
schedule: 9 level23_1/ijon_max/9
[1;94m[*] [0mFuzzing test case #849 (1469 total, 0 uniq crashes found)...[0m
[1;94m[*] [0mFuzzing test case #850 (1469 total, 0 uniq crashes found)...[0m
scheduled max input!!!!
schedule: 5 level23_1/ijon_max/5
[1;94m[*] [0mFuzzing test case #851 (1469 total, 0 uniq crashes found)...[0m
scheduled max input!!!!
schedule: 2 level23_1/ijon_max/2
[1;94m[*] [0mFuzzing test case #852 (1470 total, 0 uniq crashes found)...[0m
scheduled max input!!!!
schedule: 5 level23_1/ijon_max/5
[1;94m[*] [0mFuzzing test case #853 (1470 total, 0 uniq crashes found)...[0m
[1;94m[*] [0mFuzzing test case #854 (1470 total, 0 uniq crashes found)...[0m
[1;94m[*] [0mFuzzing test case #855 (1470 total, 0 uniq crashes found)...[0m
[1;94m[*] [0mFuzzing test case #856 (1470 total, 0 uniq crashes found)...[0m
[1;94m[*] [0mFuzzing test case #857 (1470 total, 0 uniq crashes found)...[0m
scheduled max input!!!!
schedule: 9 level23_1/ijon_max/9
[1;94m[*] [0mFuzzing test case #858 (1470 total, 0 uniq crashes found)...[0m
scheduled max input!!!!
schedule: 1 level23_1/ijon_max/1
[1;94m[*] [0mFuzzing test case #859 (1470 total, 0 uniq crashes found)...[0m
scheduled max input!!!!
schedule: 8 level23_1/ijon_max/8
updated maxmap 10: 64c (len: 763)
updated maxmap 11: 64c (len: 763)
[1;94m[*] [0mFuzzing test case #860 (1471 total, 0 uniq crashes found)...[0m
scheduled max input!!!!
schedule: 8 level23_1/ijon_max/8
[1;94m[*] [0mFuzzing test case #861 (1471 total, 0 uniq crashes found)...[0m
[1;94m[*] [0mFuzzing test case #862 (1471 total, 0 uniq crashes found)...[0m
scheduled max input!!!!
schedule: 0 level23_1/ijon_max/0
updated maxmap 0: 5ad (len: 735)
[1;94m[*] [0mFuzzing test case #863 (1471 total, 0 uniq crashes found)...[0m
scheduled max input!!!!
schedule: 12 level23_1/ijon_max/12
[1;94m[*] [0mFuzzing test case #864 (1471 total, 0 uniq crashes found)...[0m
scheduled max input!!!!
schedule: 14 level23_1/ijon_max/14
[1;94m[*] [0mFuzzing test case #865 (1471 total, 0 uniq crashes found)...[0m
scheduled max input!!!!
schedule: 8 level23_1/ijon_max/8
[1;94m[*] [0mFuzzing test case #866 (1471 total, 0 uniq crashes found)...[0m
scheduled max input!!!!
schedule: 2 level23_1/ijon_max/2
[1;94m[*] [0mFuzzing test case #867 (1472 total, 0 uniq crashes found)...[0m
scheduled max input!!!!
schedule: 14 level23_1/ijon_max/14
[1;94m[*] [0mFuzzing test case #868 (1472 total, 0 uniq crashes found)...[0m
scheduled max input!!!!
schedule: 8 level23_1/ijon_max/8
updated maxmap 0: 5cd (len: 755)
minimized maxmap 11: 64c (len: 760)
[1;94m[*] [0mFuzzing test case #869 (1473 total, 0 uniq crashes found)...[0m
[1;94m[*] [0mFuzzing test case #870 (1473 total, 0 uniq crashes found)...[0m
scheduled max input!!!!
schedule: 2 level23_1/ijon_max/2
[1;94m[*] [0mFuzzing test case #871 (1473 total, 0 uniq crashes found)...[0m
scheduled max input!!!!
schedule: 9 level23_1/ijon_max/9
updated maxmap 10: 64d (len: 762)
[1;94m[*] [0mFuzzing test case #872 (1473 total, 0 uniq crashes found)...[0m
[1;94m[*] [0mFuzzing test case #873 (1473 total, 0 uniq crashes found)...[0m
scheduled max input!!!!
schedule: 12 level23_1/ijon_max/12
[1;94m[*] [0mFuzzing test case #874 (1473 total, 0 uniq crashes found)...[0m
scheduled max input!!!!
schedule: 9 level23_1/ijon_max/9
[1;94m[*] [0mFuzzing test case #875 (1473 total, 0 uniq crashes found)...[0m
scheduled max input!!!!
schedule: 1 level23_1/ijon_max/1
[1;94m[*] [0mFuzzing test case #876 (1473 total, 0 uniq crashes found)...[0m
scheduled max input!!!!
schedule: 9 level23_1/ijon_max/9
[1;94m[*] [0mFuzzing test case #877 (1473 total, 0 uniq crashes found)...[0m
scheduled max input!!!!
schedule: 13 level23_1/ijon_max/13
[1;94m[*] [0mFuzzing test case #878 (1473 total, 0 uniq crashes found)...[0m
scheduled max input!!!!
schedule: 15 level23_1/ijon_max/15
[1;94m[*] [0mFuzzing test case #879 (1473 total, 0 uniq crashes found)...[0m
scheduled max input!!!!
schedule: 7 level23_1/ijon_max/7
[1;94m[*] [0mFuzzing test case #880 (1473 total, 0 uniq crashes found)...[0m
scheduled max input!!!!
schedule: 1 level23_1/ijon_max/1
[1;94m[*] [0mFuzzing test case #881 (1473 total, 0 uniq crashes found)...[0m
scheduled max input!!!!
schedule: 12 level23_1/ijon_max/12
[1;94m[*] [0mFuzzing test case #882 (1473 total, 0 uniq crashes found)...[0m
scheduled max input!!!!
schedule: 1 level23_1/ijon_max/1
[1;94m[*] [0mFuzzing test case #883 (1473 total, 0 uniq crashes found)...[0m
scheduled max input!!!!
schedule: 8 level23_1/ijon_max/8
[1;94m[*] [0mFuzzing test case #884 (1474 total, 0 uniq crashes found)...[0m
scheduled max input!!!!
schedule: 10 level23_1/ijon_max/10
updated maxmap 11: 64e (len: 762)
updated maxmap 9: 646 (len: 762)
[1;94m[*] [0mFuzzing test case #885 (1476 total, 0 uniq crashes found)...[0m
scheduled max input!!!!
schedule: 9 level23_1/ijon_max/9
updated maxmap 0: 5e7 (len: 762)
updated maxmap 8: 63b (len: 762)
updated maxmap 10: 64e (len: 762)
updated maxmap 9: 647 (len: 762)
[1;94m[*] [0mFuzzing test case #886 (1476 total, 0 uniq crashes found)...[0m
scheduled max input!!!!
schedule: 11 level23_1/ijon_max/11
[1;94m[*] [0mFuzzing test case #887 (1476 total, 0 uniq crashes found)...[0m
scheduled max input!!!!
schedule: 8 level23_1/ijon_max/8
[1;94m[*] [0mFuzzing test case #888 (1476 total, 0 uniq crashes found)...[0m
scheduled max input!!!!
schedule: 1 level23_1/ijon_max/1
[1;94m[*] [0mFuzzing test case #889 (1476 total, 0 uniq crashes found)...[0m
[1;94m[*] [0mFuzzing test case #890 (1476 total, 0 uniq crashes found)...[0m
scheduled max input!!!!
schedule: 14 level23_1/ijon_max/14
[1;94m[*] [0mFuzzing test case #891 (1476 total, 0 uniq crashes found)...[0m
[1;94m[*] [0mFuzzing test case #892 (1476 total, 0 uniq crashes found)...[0m
scheduled max input!!!!
schedule: 1 level23_1/ijon_max/1
[1;94m[*] [0mFuzzing test case #893 (1476 total, 0 uniq crashes found)...[0m
scheduled max input!!!!
schedule: 12 level23_1/ijon_max/12
[1;94m[*] [0mFuzzing test case #894 (1476 total, 0 uniq crashes found)...[0m
scheduled max input!!!!
schedule: 0 level23_1/ijon_max/0
updated maxmap 8: 64c (len: 770)
updated maxmap 9: 64c (len: 770)
updated maxmap 0: 5eb (len: 765)
updated maxmap 1: 5fa (len: 765)
updated maxmap 2: 603 (len: 765)
updated maxmap 3: 60d (len: 765)
updated maxmap 4: 617 (len: 765)
updated maxmap 5: 621 (len: 765)
updated maxmap 6: 62b (len: 765)
updated maxmap 7: 635 (len: 765)
minimized maxmap 0: 5eb (len: 762)
minimized maxmap 1: 5fa (len: 762)
minimized maxmap 2: 603 (len: 762)
minimized maxmap 3: 60d (len: 762)
minimized maxmap 4: 617 (len: 762)
minimized maxmap 5: 621 (len: 762)
minimized maxmap 6: 62b (len: 762)
minimized maxmap 7: 635 (len: 762)
updated maxmap 0: 5ec (len: 762)
updated maxmap 2: 604 (len: 762)
updated maxmap 3: 60e (len: 762)
minimized maxmap 9: 64c (len: 763)
updated maxmap 9: 64d (len: 762)
updated maxmap 4: 618 (len: 762)
updated maxmap 5: 622 (len: 762)
updated maxmap 6: 62c (len: 762)
updated maxmap 7: 636 (len: 762)
updated maxmap 10: 64f (len: 762)
updated maxmap 0: 5ed (len: 762)
updated maxmap 1: 5fb (len: 762)
updated maxmap 2: 605 (len: 762)
updated maxmap 3: 60f (len: 762)
updated maxmap 4: 619 (len: 762)
updated maxmap 5: 623 (len: 762)
updated maxmap 6: 62d (len: 762)
updated maxmap 7: 637 (len: 762)
updated maxmap 0: 5ee (len: 762)
updated maxmap 1: 5fc (len: 762)
updated maxmap 2: 606 (len: 762)
updated maxmap 3: 610 (len: 762)
updated maxmap 4: 61a (len: 762)
updated maxmap 5: 624 (len: 762)
updated maxmap 6: 62e (len: 762)
updated maxmap 7: 638 (len: 762)
updated maxmap 0: 5f0 (len: 763)
updated maxmap 1: 5fe (len: 763)
updated maxmap 2: 608 (len: 763)
updated maxmap 3: 612 (len: 763)
updated maxmap 4: 61b (len: 763)
updated maxmap 5: 625 (len: 763)
updated maxmap 6: 62f (len: 763)
updated maxmap 7: 639 (len: 763)
minimized maxmap 0: 5f0 (len: 762)
minimized maxmap 1: 5fe (len: 762)
minimized maxmap 2: 608 (len: 762)
minimized maxmap 3: 612 (len: 762)
minimized maxmap 4: 61b (len: 762)
minimized maxmap 5: 625 (len: 762)
minimized maxmap 6: 62f (len: 762)
minimized maxmap 7: 639 (len: 762)
updated maxmap 0: 5f1 (len: 762)
updated maxmap 1: 5ff (len: 762)
updated maxmap 2: 609 (len: 762)
updated maxmap 3: 613 (len: 762)
updated maxmap 4: 61c (len: 762)
updated maxmap 5: 626 (len: 762)
updated maxmap 6: 630 (len: 762)
updated maxmap 7: 63a (len: 762)
minimized maxmap 8: 64c (len: 765)
updated maxmap 4: 61d (len: 764)
updated maxmap 5: 627 (len: 764)
updated maxmap 6: 631 (len: 764)
updated maxmap 7: 63b (len: 764)
updated maxmap 9: 64e (len: 764)
minimized maxmap 4: 61d (len: 762)
minimized maxmap 5: 627 (len: 762)
minimized maxmap 6: 631 (len: 762)
minimized maxmap 7: 63b (len: 762)
minimized maxmap 9: 64e (len: 762)
[1;94m[*] [0mFuzzing test case #895 (1484 total, 0 uniq crashes found)...[0m
scheduled max input!!!!
schedule: 5 level23_1/ijon_max/5
[1;94m[*] [0mFuzzing test case #896 (1485 total, 0 uniq crashes found)...[0m
scheduled max input!!!!
schedule: 8 level23_1/ijon_max/8
[1;94m[*] [0mFuzzing test case #897 (1485 total, 0 uniq crashes found)...[0m
scheduled max input!!!!
schedule: 14 level23_1/ijon_max/14
[1;94m[*] [0mFuzzing test case #898 (1485 total, 0 uniq crashes found)...[0m
[1;94m[*] [0mFuzzing test case #899 (1485 total, 0 uniq crashes found)...[0m
[1;94m[*] [0mFuzzing test case #900 (1485 total, 0 uniq crashes found)...[0m
scheduled max input!!!!
schedule: 8 level23_1/ijon_max/8
updated maxmap 8: 64d (len: 767)
[1;94m[*] [0mFuzzing test case #901 (1486 total, 0 uniq crashes found)...[0m
scheduled max input!!!!
schedule: 10 level23_1/ijon_max/10
[1;94m[*] [0mFuzzing test case #902 (1486 total, 0 uniq crashes found)...[0m
scheduled max input!!!!
schedule: 14 level23_1/ijon_max/14
[1;94m[*] [0mFuzzing test case #903 (1486 total, 0 uniq crashes found)...[0m
scheduled max input!!!!
schedule: 8 level23_1/ijon_max/8
[1;94m[*] [0mFuzzing test case #904 (1486 total, 0 uniq crashes found)...[0m
scheduled max input!!!!
schedule: 12 level23_1/ijon_max/12
[1;94m[*] [0mFuzzing test case #905 (1486 total, 0 uniq crashes found)...[0m
scheduled max input!!!!
schedule: 3 level23_1/ijon_max/3
[1;94m[*] [0mFuzzing test case #906 (1486 total, 0 uniq crashes found)...[0m
scheduled max input!!!!
schedule: 8 level23_1/ijon_max/8
[1;94m[*] [0mFuzzing test case #907 (1486 total, 0 uniq crashes found)...[0m
[1;94m[*] [0mFuzzing test case #908 (1486 total, 0 uniq crashes found)...[0m
[1;94m[*] [0mFuzzing test case #909 (1486 total, 0 uniq crashes found)...[0m
scheduled max input!!!!
schedule: 10 level23_1/ijon_max/10
[1;94m[*] [0mFuzzing test case #910 (1487 total, 0 uniq crashes found)...[0m
[1;94m[*] [0mFuzzing test case #911 (1487 total, 0 uniq crashes found)...[0m
scheduled max input!!!!
schedule: 7 level23_1/ijon_max/7
[1;94m[*] [0mFuzzing test case #912 (1487 total, 0 uniq crashes found)...[0m
[1;94m[*] [0mFuzzing test case #913 (1487 total, 0 uniq crashes found)...[0m
scheduled max input!!!!
schedule: 12 level23_1/ijon_max/12
[1;94m[*] [0mFuzzing test case #914 (1487 total, 0 uniq crashes found)...[0m
[1;94m[*] [0mFuzzing test case #915 (1487 total, 0 uniq crashes found)...[0m
scheduled max input!!!!
schedule: 10 level23_1/ijon_max/10
[1;94m[*] [0mFuzzing test case #916 (1487 total, 0 uniq crashes found)...[0m
scheduled max input!!!!
schedule: 12 level23_1/ijon_max/12
[1;94m[*] [0mFuzzing test case #917 (1487 total, 0 uniq crashes found)...[0m
scheduled max input!!!!
schedule: 14 level23_1/ijon_max/14
[1;94m[*] [0mFuzzing test case #918 (1487 total, 0 uniq crashes found)...[0m
scheduled max input!!!!
schedule: 9 level23_1/ijon_max/9
[1;94m[*] [0mFuzzing test case #919 (1487 total, 0 uniq crashes found)...[0m
scheduled max input!!!!
schedule: 11 level23_1/ijon_max/11
[1;94m[*] [0mFuzzing test case #920 (1487 total, 0 uniq crashes found)...[0m
scheduled max input!!!!
schedule: 4 level23_1/ijon_max/4
updated maxmap 0: 5f2 (len: 769)
updated maxmap 1: 600 (len: 769)
updated maxmap 2: 60a (len: 769)
updated maxmap 3: 614 (len: 769)
[1;94m[*] [0mFuzzing test case #921 (1487 total, 0 uniq crashes found)...[0m
scheduled max input!!!!
schedule: 7 level23_1/ijon_max/7
minimized maxmap 0: 5f2 (len: 762)
minimized maxmap 1: 600 (len: 762)
minimized maxmap 2: 60a (len: 762)
minimized maxmap 3: 614 (len: 762)
updated maxmap 4: 61e (len: 762)
updated maxmap 5: 628 (len: 762)
updated maxmap 6: 632 (len: 762)
updated maxmap 7: 63c (len: 762)
[1;94m[*] [0mFuzzing test case #922 (1488 total, 0 uniq crashes found)...[0m
scheduled max input!!!!
schedule: 14 level23_1/ijon_max/14
[1;94m[*] [0mFuzzing test case #923 (1488 total, 0 uniq crashes found)...[0m
scheduled max input!!!!
schedule: 7 level23_1/ijon_max/7
[1;94m[*] [0mFuzzing test case #924 (1488 total, 0 uniq crashes found)...[0m
scheduled max input!!!!
schedule: 9 level23_1/ijon_max/9
[1;94m[*] [0mFuzzing test case #925 (1488 total, 0 uniq crashes found)...[0m
scheduled max input!!!!
schedule: 0 level23_1/ijon_max/0
[1;94m[*] [0mFuzzing test case #926 (1488 total, 0 uniq crashes found)...[0m
[1;94m[*] [0mFuzzing test case #927 (1488 total, 0 uniq crashes found)...[0m
scheduled max input!!!!
schedule: 0 level23_1/ijon_max/0
[1;94m[*] [0mFuzzing test case #928 (1488 total, 0 uniq crashes found)...[0m
scheduled max input!!!!
schedule: 8 level23_1/ijon_max/8
[1;94m[*] [0mFuzzing test case #929 (1488 total, 0 uniq crashes found)...[0m
scheduled max input!!!!
schedule: 3 level23_1/ijon_max/3
[1;94m[*] [0mFuzzing test case #930 (1489 total, 0 uniq crashes found)...[0m
scheduled max input!!!!
schedule: 5 level23_1/ijon_max/5
[1;94m[*] [0mFuzzing test case #931 (1489 total, 0 uniq crashes found)...[0m
scheduled max input!!!!
schedule: 2 level23_1/ijon_max/2
[1;94m[*] [0mFuzzing test case #932 (1490 total, 0 uniq crashes found)...[0m
scheduled max input!!!!
schedule: 7 level23_1/ijon_max/7
[1;94m[*] [0mFuzzing test case #933 (1490 total, 0 uniq crashes found)...[0m
scheduled max input!!!!
schedule: 0 level23_1/ijon_max/0
[1;94m[*] [0mFuzzing test case #934 (1490 total, 0 uniq crashes found)...[0m
scheduled max input!!!!
schedule: 13 level23_1/ijon_max/13
[1;94m[*] [0mFuzzing test case #935 (1490 total, 0 uniq crashes found)...[0m
scheduled max input!!!!
schedule: 7 level23_1/ijon_max/7
[1;94m[*] [0mFuzzing test case #936 (1490 total, 0 uniq crashes found)...[0m
[1;94m[*] [0mFuzzing test case #937 (1490 total, 0 uniq crashes found)...[0m
scheduled max input!!!!
schedule: 13 level23_1/ijon_max/13
[1;94m[*] [0mFuzzing test case #938 (1490 total, 0 uniq crashes found)...[0m
scheduled max input!!!!
schedule: 12 level23_1/ijon_max/12
[1;94m[*] [0mFuzzing test case #939 (1490 total, 0 uniq crashes found)...[0m
[1;94m[*] [0mFuzzing test case #940 (1490 total, 0 uniq crashes found)...[0m
scheduled max input!!!!
schedule: 2 level23_1/ijon_max/2
[1;94m[*] [0mFuzzing test case #941 (1490 total, 0 uniq crashes found)...[0m
scheduled max input!!!!
schedule: 0 level23_1/ijon_max/0
[1;94m[*] [0mFuzzing test case #942 (1490 total, 0 uniq crashes found)...[0m
scheduled max input!!!!
schedule: 10 level23_1/ijon_max/10
[1;94m[*] [0mFuzzing test case #943 (1490 total, 0 uniq crashes found)...[0m
scheduled max input!!!!
schedule: 5 level23_1/ijon_max/5
updated maxmap 0: 5f7 (len: 762)
updated maxmap 1: 602 (len: 762)
updated maxmap 2: 60c (len: 762)
updated maxmap 3: 616 (len: 762)
updated maxmap 4: 620 (len: 762)
updated maxmap 5: 62a (len: 762)
updated maxmap 6: 634 (len: 762)
updated maxmap 7: 63e (len: 762)
updated maxmap 9: 64f (len: 762)
[1;94m[*] [0mFuzzing test case #944 (1490 total, 0 uniq crashes found)...[0m
scheduled max input!!!!
schedule: 10 level23_1/ijon_max/10
[1;94m[*] [0mFuzzing test case #945 (1490 total, 0 uniq crashes found)...[0m
scheduled max input!!!!
schedule: 15 level23_1/ijon_max/15
[1;94m[*] [0mFuzzing test case #946 (1490 total, 0 uniq crashes found)...[0m
scheduled max input!!!!
schedule: 5 level23_1/ijon_max/5
[1;94m[*] [0mFuzzing test case #947 (1490 total, 0 uniq crashes found)...[0m
scheduled max input!!!!
schedule: 4 level23_1/ijon_max/4
[1;94m[*] [0mFuzzing test case #948 (1490 total, 0 uniq crashes found)...[0m
scheduled max input!!!!
schedule: 7 level23_1/ijon_max/7
[1;94m[*] [0mFuzzing test case #949 (1491 total, 0 uniq crashes found)...[0m
scheduled max input!!!!
schedule: 4 level23_1/ijon_max/4
[1;94m[*] [0mFuzzing test case #950 (1492 total, 0 uniq crashes found)...[0m
scheduled max input!!!!
schedule: 15 level23_1/ijon_max/15
[1;94m[*] [0mFuzzing test case #951 (1492 total, 0 uniq crashes found)...[0m
[1;94m[*] [0mFuzzing test case #952 (1492 total, 0 uniq crashes found)...[0m
[1;94m[*] [0mFuzzing test case #953 (1492 total, 0 uniq crashes found)...[0m
scheduled max input!!!!
schedule: 5 level23_1/ijon_max/5
[1;94m[*] [0mFuzzing test case #954 (1493 total, 0 uniq crashes found)...[0m
scheduled max input!!!!
schedule: 11 level23_1/ijon_max/11
[1;94m[*] [0mFuzzing test case #955 (1493 total, 0 uniq crashes found)...[0m
scheduled max input!!!!
schedule: 0 level23_1/ijon_max/0
[1;94m[*] [0mFuzzing test case #956 (1494 total, 0 uniq crashes found)...[0m
scheduled max input!!!!
schedule: 4 level23_1/ijon_max/4
[1;94m[*] [0mFuzzing test case #957 (1494 total, 0 uniq crashes found)...[0m
scheduled max input!!!!
schedule: 10 level23_1/ijon_max/10
[1;94m[*] [0mFuzzing test case #958 (1494 total, 0 uniq crashes found)...[0m
scheduled max input!!!!
schedule: 14 level23_1/ijon_max/14
[1;94m[*] [0mFuzzing test case #959 (1494 total, 0 uniq crashes found)...[0m
scheduled max input!!!!
schedule: 12 level23_1/ijon_max/12
[1;94m[*] [0mFuzzing test case #960 (1494 total, 0 uniq crashes found)...[0m
scheduled max input!!!!
schedule: 12 level23_1/ijon_max/12
[1;94m[*] [0mFuzzing test case #961 (1494 total, 0 uniq crashes found)...[0m
scheduled max input!!!!
schedule: 9 level23_1/ijon_max/9
[1;94m[*] [0mFuzzing test case #962 (1494 total, 0 uniq crashes found)...[0m
scheduled max input!!!!
schedule: 9 level23_1/ijon_max/9
[1;94m[*] [0mFuzzing test case #963 (1494 total, 0 uniq crashes found)...[0m
scheduled max input!!!!
schedule: 11 level23_1/ijon_max/11
[1;94m[*] [0mFuzzing test case #964 (1494 total, 0 uniq crashes found)...[0m
scheduled max input!!!!
schedule: 1 level23_1/ijon_max/1
[1;94m[*] [0mFuzzing test case #965 (1494 total, 0 uniq crashes found)...[0m
scheduled max input!!!!
schedule: 2 level23_1/ijon_max/2
updated maxmap 0: 5fa (len: 770)
updated maxmap 1: 604 (len: 770)
updated maxmap 2: 60e (len: 770)
updated maxmap 3: 618 (len: 770)
updated maxmap 4: 622 (len: 770)
updated maxmap 5: 62c (len: 770)
updated maxmap 6: 636 (len: 770)
updated maxmap 7: 640 (len: 770)
updated maxmap 0: 5fd (len: 762)
updated maxmap 1: 607 (len: 762)
updated maxmap 2: 611 (len: 762)
updated maxmap 3: 61b (len: 762)
updated maxmap 4: 625 (len: 762)
updated maxmap 5: 62f (len: 762)
updated maxmap 6: 639 (len: 762)
updated maxmap 7: 643 (len: 762)
minimized maxmap 8: 64d (len: 762)
updated maxmap 8: 64e (len: 762)
[1;94m[*] [0mFuzzing test case #966 (1494 total, 0 uniq crashes found)...[0m
scheduled max input!!!!
schedule: 4 level23_1/ijon_max/4
[1;94m[*] [0mFuzzing test case #967 (1494 total, 0 uniq crashes found)...[0m
scheduled max input!!!!
schedule: 4 level23_1/ijon_max/4
[1;94m[*] [0mFuzzing test case #968 (1494 total, 0 uniq crashes found)...[0m
scheduled max input!!!!
schedule: 2 level23_1/ijon_max/2
[1;94m[*] [0mFuzzing test case #969 (1494 total, 0 uniq crashes found)...[0m
scheduled max input!!!!
schedule: 7 level23_1/ijon_max/7
[1;94m[*] [0mFuzzing test case #970 (1494 total, 0 uniq crashes found)...[0m
scheduled max input!!!!
schedule: 6 level23_1/ijon_max/6
updated maxmap 0: 609 (len: 770)
updated maxmap 1: 613 (len: 770)
updated maxmap 2: 61d (len: 770)
updated maxmap 3: 627 (len: 770)
updated maxmap 4: 631 (len: 770)
updated maxmap 5: 63b (len: 770)
updated maxmap 6: 645 (len: 770)
updated maxmap 7: 65c (len: 770)
updated maxmap 8: 657 (len: 770)
minimized maxmap 0: 609 (len: 762)
minimized maxmap 1: 613 (len: 762)
minimized maxmap 2: 61d (len: 762)
minimized maxmap 3: 627 (len: 762)
minimized maxmap 4: 631 (len: 762)
minimized maxmap 5: 63b (len: 762)
minimized maxmap 6: 645 (len: 762)
[1;94m[*] [0mFuzzing test case #971 (1495 total, 0 uniq crashes found)...[0m
scheduled max input!!!!
schedule: 8 level23_1/ijon_max/8
[1;94m[*] [0mFuzzing test case #972 (1495 total, 0 uniq crashes found)...[0m
scheduled max input!!!!
schedule: 11 level23_1/ijon_max/11
[1;94m[*] [0mFuzzing test case #973 (1495 total, 0 uniq crashes found)...[0m
scheduled max input!!!!
schedule: 3 level23_1/ijon_max/3
updated maxmap 6: 661 (len: 767)
minimized maxmap 7: 65c (len: 767)
[1;94m[*] [0mFuzzing test case #974 (1495 total, 0 uniq crashes found)...[0m
scheduled max input!!!!
schedule: 14 level23_1/ijon_max/14
[1;94m[*] [0mFuzzing test case #975 (1495 total, 0 uniq crashes found)...[0m
[1;94m[*] [0mFuzzing test case #976 (1495 total, 0 uniq crashes found)...[0m
scheduled max input!!!!
schedule: 8 level23_1/ijon_max/8
updated maxmap 0: 60a (len: 770)
updated maxmap 1: 614 (len: 770)
updated maxmap 2: 61e (len: 770)
updated maxmap 3: 628 (len: 770)
updated maxmap 4: 632 (len: 770)
updated maxmap 5: 63c (len: 770)
[1;94m[*] [0mFuzzing test case #977 (1495 total, 0 uniq crashes found)...[0m
scheduled max input!!!!
schedule: 4 level23_1/ijon_max/4
updated maxmap 8: 659 (len: 770)
updated maxmap 0: 60f (len: 770)
updated maxmap 1: 619 (len: 770)
updated maxmap 2: 623 (len: 770)
updated maxmap 3: 62d (len: 770)
updated maxmap 4: 637 (len: 770)
updated maxmap 5: 640 (len: 770)
updated maxmap 5: 641 (len: 770)
updated maxmap 6: 666 (len: 773)
updated maxmap 6: 672 (len: 775)
updated maxmap 8: 65c (len: 772)
updated maxmap 0: 611 (len: 771)
updated maxmap 1: 61b (len: 771)
updated maxmap 2: 625 (len: 771)
updated maxmap 3: 62f (len: 771)
updated maxmap 4: 639 (len: 771)
updated maxmap 5: 643 (len: 771)
minimized maxmap 0: 611 (len: 770)
minimized maxmap 1: 61b (len: 770)
minimized maxmap 2: 625 (len: 770)
minimized maxmap 3: 62f (len: 770)
minimized maxmap 4: 639 (len: 770)
minimized maxmap 5: 643 (len: 770)
updated maxmap 0: 612 (len: 770)
updated maxmap 1: 61c (len: 770)
updated maxmap 2: 626 (len: 770)
updated maxmap 0: 614 (len: 770)
updated maxmap 1: 61e (len: 770)
updated maxmap 2: 628 (len: 770)
updated maxmap 3: 632 (len: 770)
updated maxmap 4: 63c (len: 770)
updated maxmap 5: 646 (len: 770)
minimized maxmap 8: 65c (len: 770)
[1;94m[*] [0mFuzzing test case #978 (1506 total, 0 uniq crashes found)...[0m
[1;94m[*] [0mFuzzing test case #979 (1506 total, 0 uniq crashes found)...[0m
[1;94m[*] [0mFuzzing test case #980 (1506 total, 0 uniq crashes found)...[0m
scheduled max input!!!!
schedule: 8 level23_1/ijon_max/8
[1;94m[*] [0mFuzzing test case #981 (1507 total, 0 uniq crashes found)...[0m
scheduled max input!!!!
schedule: 2 level23_1/ijon_max/2
[1;94m[*] [0mFuzzing test case #982 (1507 total, 0 uniq crashes found)...[0m
scheduled max input!!!!
schedule: 11 level23_1/ijon_max/11
[1;94m[*] [0mFuzzing test case #983 (1507 total, 0 uniq crashes found)...[0m
[1;94m[*] [0mFuzzing test case #984 (1507 total, 0 uniq crashes found)...[0m
scheduled max input!!!!
schedule: 7 level23_1/ijon_max/7
updated maxmap 6: 674 (len: 775)
[1;94m[*] [0mFuzzing test case #985 (1509 total, 0 uniq crashes found)...[0m
scheduled max input!!!!
schedule: 12 level23_1/ijon_max/12
[1;94m[*] [0mFuzzing test case #986 (1509 total, 0 uniq crashes found)...[0m
[1;94m[*] [0mFuzzing test case #987 (1509 total, 0 uniq crashes found)...[0m
scheduled max input!!!!
schedule: 2 level23_1/ijon_max/2
[1;94m[*] [0mFuzzing test case #988 (1509 total, 0 uniq crashes found)...[0m
scheduled max input!!!!
schedule: 11 level23_1/ijon_max/11
[1;94m[*] [0mFuzzing test case #989 (1509 total, 0 uniq crashes found)...[0m
[1;94m[*] [0mFuzzing test case #990 (1509 total, 0 uniq crashes found)...[0m
[1;94m[*] [0mFuzzing test case #991 (1509 total, 0 uniq crashes found)...[0m
scheduled max input!!!!
schedule: 10 level23_1/ijon_max/10
[1;94m[*] [0mFuzzing test case #992 (1510 total, 0 uniq crashes found)...[0m
scheduled max input!!!!
schedule: 0 level23_1/ijon_max/0
[1;94m[*] [0mFuzzing test case #993 (1510 total, 0 uniq crashes found)...[0m
scheduled max input!!!!
schedule: 6 level23_1/ijon_max/6
[1;94m[*] [0mFuzzing test case #994 (1510 total, 0 uniq crashes found)...[0m
scheduled max input!!!!
schedule: 15 level23_1/ijon_max/15
[1;94m[*] [0mFuzzing test case #995 (1510 total, 0 uniq crashes found)...[0m
scheduled max input!!!!
schedule: 3 level23_1/ijon_max/3
[1;94m[*] [0mFuzzing test case #996 (1510 total, 0 uniq crashes found)...[0m
scheduled max input!!!!
schedule: 2 level23_1/ijon_max/2
[1;94m[*] [0mFuzzing test case #997 (1510 total, 0 uniq crashes found)...[0m
[1;94m[*] [0mFuzzing test case #998 (1510 total, 0 uniq crashes found)...[0m
scheduled max input!!!!
schedule: 1 level23_1/ijon_max/1
updated maxmap 0: 616 (len: 771)
updated maxmap 1: 620 (len: 771)
updated maxmap 2: 62a (len: 771)
updated maxmap 3: 634 (len: 771)
updated maxmap 4: 63e (len: 771)
updated maxmap 5: 648 (len: 771)
[1;94m[*] [0mFuzzing test case #999 (1510 total, 0 uniq crashes found)...[0m
scheduled max input!!!!
schedule: 8 level23_1/ijon_max/8
[1;94m[*] [0mFuzzing test case #1000 (1511 total, 0 uniq crashes found)...[0m
[1;94m[*] [0mFuzzing test case #1001 (1511 total, 0 uniq crashes found)...[0m
scheduled max input!!!!
schedule: 6 level23_1/ijon_max/6
[1;94m[*] [0mFuzzing test case #1002 (1511 total, 0 uniq crashes found)...[0m
scheduled max input!!!!
schedule: 5 level23_1/ijon_max/5
[1;94m[*] [0mFuzzing test case #1003 (1511 total, 0 uniq crashes found)...[0m
scheduled max input!!!!
schedule: 14 level23_1/ijon_max/14
[1;94m[*] [0mFuzzing test case #1004 (1511 total, 0 uniq crashes found)...[0m
scheduled max input!!!!
schedule: 0 level23_1/ijon_max/0
[1;94m[*] [0mFuzzing test case #1005 (1511 total, 0 uniq crashes found)...[0m
[1;94m[*] [0mFuzzing test case #1006 (1511 total, 0 uniq crashes found)...[0m
scheduled max input!!!!
schedule: 15 level23_1/ijon_max/15
[1;94m[*] [0mFuzzing test case #1007 (1511 total, 0 uniq crashes found)...[0m
scheduled max input!!!!
schedule: 8 level23_1/ijon_max/8
[1;94m[*] [0mFuzzing test case #1008 (1514 total, 0 uniq crashes found)...[0m
[1;94m[*] [0mFuzzing test case #1009 (1514 total, 0 uniq crashes found)...[0m
scheduled max input!!!!
schedule: 4 level23_1/ijon_max/4
[1;94m[*] [0mFuzzing test case #1010 (1514 total, 0 uniq crashes found)...[0m
scheduled max input!!!!
schedule: 14 level23_1/ijon_max/14
[1;94m[*] [0mFuzzing test case #1011 (1514 total, 0 uniq crashes found)...[0m
[1;94m[*] [0mFuzzing test case #1012 (1514 total, 0 uniq crashes found)...[0m
scheduled max input!!!!
schedule: 15 level23_1/ijon_max/15
[1;94m[*] [0mFuzzing test case #1013 (1514 total, 0 uniq crashes found)...[0m
scheduled max input!!!!
schedule: 13 level23_1/ijon_max/13
[1;94m[*] [0mFuzzing test case #1014 (1514 total, 0 uniq crashes found)...[0m
scheduled max input!!!!
schedule: 1 level23_1/ijon_max/1
[1;94m[*] [0mFuzzing test case #1015 (1514 total, 0 uniq crashes found)...[0m
[1;94m[*] [0mFuzzing test case #1016 (1514 total, 0 uniq crashes found)...[0m
scheduled max input!!!!
schedule: 14 level23_1/ijon_max/14
[1;94m[*] [0mFuzzing test case #1017 (1514 total, 0 uniq crashes found)...[0m
scheduled max input!!!!
schedule: 15 level23_1/ijon_max/15
[1;94m[*] [0mFuzzing test case #1018 (1514 total, 0 uniq crashes found)...[0m
scheduled max input!!!!
schedule: 5 level23_1/ijon_max/5
updated maxmap 0: 620 (len: 775)
updated maxmap 1: 62a (len: 775)
updated maxmap 2: 634 (len: 775)
updated maxmap 3: 63e (len: 775)
updated maxmap 4: 648 (len: 775)
updated maxmap 5: 651 (len: 775)
updated maxmap 7: 665 (len: 775)
minimized maxmap 0: 620 (len: 771)
minimized maxmap 1: 62a (len: 771)
minimized maxmap 2: 634 (len: 771)
minimized maxmap 3: 63e (len: 771)
minimized maxmap 4: 648 (len: 771)
updated maxmap 5: 652 (len: 771)
updated maxmap 7: 666 (len: 771)
[1;94m[*] [0mFuzzing test case #1019 (1515 total, 0 uniq crashes found)...[0m
scheduled max input!!!!
schedule: 10 level23_1/ijon_max/10
[1;94m[*] [0mFuzzing test case #1020 (1515 total, 0 uniq crashes found)...[0m
scheduled max input!!!!
schedule: 15 level23_1/ijon_max/15
[1;94m[*] [0mFuzzing test case #1021 (1515 total, 0 uniq crashes found)...[0m
scheduled max input!!!!
schedule: 7 level23_1/ijon_max/7
[1;94m[*] [0mFuzzing test case #1022 (1516 total, 0 uniq crashes found)...[0m
[1;94m[*] [0mFuzzing test case #1023 (1516 total, 0 uniq crashes found)...[0m
scheduled max input!!!!
schedule: 2 level23_1/ijon_max/2
[1;94m[*] [0mFuzzing test case #1024 (1517 total, 0 uniq crashes found)...[0m
scheduled max input!!!!
schedule: 5 level23_1/ijon_max/5
[1;94m[*] [0mFuzzing test case #1025 (1518 total, 0 uniq crashes found)...[0m
scheduled max input!!!!
schedule: 15 level23_1/ijon_max/15
[1;94m[*] [0mFuzzing test case #1026 (1518 total, 0 uniq crashes found)...[0m
[1;94m[*] [0mFuzzing test case #1027 (1518 total, 0 uniq crashes found)...[0m
scheduled max input!!!!
schedule: 12 level23_1/ijon_max/12
[1;94m[*] [0mFuzzing test case #1028 (1518 total, 0 uniq crashes found)...[0m
scheduled max input!!!!
schedule: 1 level23_1/ijon_max/1
[1;94m[*] [0mFuzzing test case #1029 (1518 total, 0 uniq crashes found)...[0m
scheduled max input!!!!
schedule: 15 level23_1/ijon_max/15
[1;94m[*] [0mFuzzing test case #1030 (1518 total, 0 uniq crashes found)...[0m
scheduled max input!!!!
schedule: 12 level23_1/ijon_max/12
[1;94m[*] [0mFuzzing test case #1031 (1518 total, 0 uniq crashes found)...[0m
scheduled max input!!!!
schedule: 15 level23_1/ijon_max/15
[1;94m[*] [0mFuzzing test case #1032 (1518 total, 0 uniq crashes found)...[0m
scheduled max input!!!!
schedule: 6 level23_1/ijon_max/6
[1;94m[*] [0mFuzzing test case #1033 (1518 total, 0 uniq crashes found)...[0m
scheduled max input!!!!
schedule: 11 level23_1/ijon_max/11
[1;94m[*] [0mFuzzing test case #1034 (1518 total, 0 uniq crashes found)...[0m
scheduled max input!!!!
schedule: 5 level23_1/ijon_max/5
[1;94m[*] [0mFuzzing test case #1035 (1518 total, 0 uniq crashes found)...[0m
scheduled max input!!!!
schedule: 0 level23_1/ijon_max/0
[1;94m[*] [0mFuzzing test case #1036 (1519 total, 0 uniq crashes found)...[0m
scheduled max input!!!!
schedule: 8 level23_1/ijon_max/8
[1;94m[*] [0mFuzzing test case #1037 (1519 total, 0 uniq crashes found)...[0m
scheduled max input!!!!
schedule: 8 level23_1/ijon_max/8
[1;94m[*] [0mFuzzing test case #1038 (1519 total, 0 uniq crashes found)...[0m
scheduled max input!!!!
schedule: 5 level23_1/ijon_max/5
updated maxmap 0: 62f (len: 777)
updated maxmap 1: 639 (len: 777)
updated maxmap 2: 643 (len: 777)
updated maxmap 3: 64d (len: 777)
updated maxmap 4: 657 (len: 777)
updated maxmap 5: 661 (len: 777)
updated maxmap 7: 675 (len: 777)
updated maxmap 8: 67a (len: 777)
[1;94m[*] [0mFuzzing test case #1039 (1519 total, 0 uniq crashes found)...[0m
scheduled max input!!!!
schedule: 3 level23_1/ijon_max/3
updated maxmap 7: 67a (len: 777)
[1;94m[*] [0mFuzzing test case #1040 (1520 total, 0 uniq crashes found)...[0m
scheduled max input!!!!
schedule: 10 level23_1/ijon_max/10
[1;94m[*] [0mFuzzing test case #1041 (1520 total, 0 uniq crashes found)...[0m
scheduled max input!!!!
schedule: 1 level23_1/ijon_max/1
updated maxmap 8: 689 (len: 784)
updated maxmap 9: 68b (len: 784)
[1;94m[*] [0mFuzzing test case #1042 (1521 total, 0 uniq crashes found)...[0m
[1;94m[*] [0mFuzzing test case #1043 (1521 total, 0 uniq crashes found)...[0m
[1;94m[*] [0mFuzzing test case #1044 (1521 total, 0 uniq crashes found)...[0m
[1;94m[*] [0mFuzzing test case #1045 (1521 total, 0 uniq crashes found)...[0m
scheduled max input!!!!
schedule: 15 level23_1/ijon_max/15
[1;94m[*] [0mFuzzing test case #1046 (1521 total, 0 uniq crashes found)...[0m
scheduled max input!!!!
schedule: 11 level23_1/ijon_max/11
[1;94m[*] [0mFuzzing test case #1047 (1521 total, 0 uniq crashes found)...[0m
[1;94m[*] [0mFuzzing test case #1048 (1521 total, 0 uniq crashes found)...[0m
scheduled max input!!!!
schedule: 6 level23_1/ijon_max/6
[1;94m[*] [0mFuzzing test case #1049 (1521 total, 0 uniq crashes found)...[0m
scheduled max input!!!!
schedule: 5 level23_1/ijon_max/5
[1;94m[*] [0mFuzzing test case #1050 (1521 total, 0 uniq crashes found)...[0m
scheduled max input!!!!
schedule: 15 level23_1/ijon_max/15
[1;94m[*] [0mFuzzing test case #1051 (1521 total, 0 uniq crashes found)...[0m
scheduled max input!!!!
schedule: 7 level23_1/ijon_max/7
updated maxmap 6: 679 (len: 777)
[1;94m[*] [0mFuzzing test case #1052 (1523 total, 0 uniq crashes found)...[0m
[1;94m[*] [0mFuzzing test case #1053 (1523 total, 0 uniq crashes found)...[0m
[1;94m[*] [0mFuzzing test case #1054 (1523 total, 0 uniq crashes found)...[0m
scheduled max input!!!!
schedule: 11 level23_1/ijon_max/11
[1;94m[*] [0mFuzzing test case #1055 (1523 total, 0 uniq crashes found)...[0m
scheduled max input!!!!
schedule: 5 level23_1/ijon_max/5
updated maxmap 10: 68e (len: 785)
[1;94m[*] [0mFuzzing test case #1056 (1526 total, 0 uniq crashes found)...[0m
scheduled max input!!!!
schedule: 4 level23_1/ijon_max/4
updated maxmap 0: 632 (len: 777)
updated maxmap 1: 63c (len: 777)
updated maxmap 2: 646 (len: 777)
updated maxmap 3: 650 (len: 777)
updated maxmap 4: 65a (len: 777)
updated maxmap 5: 664 (len: 777)
[1;94m[*] [0mFuzzing test case #1057 (1526 total, 0 uniq crashes found)...[0m
[1;94m[*] [0mFuzzing test case #1058 (1526 total, 0 uniq crashes found)...[0m
scheduled max input!!!!
schedule: 15 level23_1/ijon_max/15
[1;94m[*] [0mFuzzing test case #1059 (1526 total, 0 uniq crashes found)...[0m
scheduled max input!!!!
schedule: 11 level23_1/ijon_max/11
[1;94m[*] [0mFuzzing test case #1060 (1526 total, 0 uniq crashes found)...[0m
scheduled max input!!!!
schedule: 4 level23_1/ijon_max/4
[1;94m[*] [0mFuzzing test case #1061 (1526 total, 0 uniq crashes found)...[0m
[1;94m[*] [0mFuzzing test case #1062 (1526 total, 0 uniq crashes found)...[0m
scheduled max input!!!!
schedule: 3 level23_1/ijon_max/3
[1;94m[*] [0mFuzzing test case #1063 (1526 total, 0 uniq crashes found)...[0m
[1;94m[*] [0mFuzzing test case #1064 (1526 total, 0 uniq crashes found)...[0m
scheduled max input!!!!
schedule: 0 level23_1/ijon_max/0
[1;94m[*] [0mFuzzing test case #1065 (1526 total, 0 uniq crashes found)...[0m
scheduled max input!!!!
schedule: 4 level23_1/ijon_max/4
[1;94m[*] [0mFuzzing test case #1066 (1526 total, 0 uniq crashes found)...[0m
scheduled max input!!!!
schedule: 1 level23_1/ijon_max/1
[1;94m[*] [0mFuzzing test case #1067 (1526 total, 0 uniq crashes found)...[0m
scheduled max input!!!!
schedule: 6 level23_1/ijon_max/6
updated maxmap 6: 67a (len: 777)
[1;94m[*] [0mFuzzing test case #1068 (1526 total, 0 uniq crashes found)...[0m
[1;94m[*] [0mFuzzing test case #1069 (1526 total, 0 uniq crashes found)...[0m
scheduled max input!!!!
schedule: 3 level23_1/ijon_max/3
[1;94m[*] [0mFuzzing test case #1070 (1526 total, 0 uniq crashes found)...[0m
scheduled max input!!!!
schedule: 2 level23_1/ijon_max/2
updated maxmap 8: 68b (len: 785)
updated maxmap 9: 68e (len: 785)
[1;94m[*] [0mFuzzing test case #1071 (1526 total, 0 uniq crashes found)...[0m
[1;94m[*] [0mFuzzing test case #1072 (1526 total, 0 uniq crashes found)...[0m
scheduled max input!!!!
schedule: 1 level23_1/ijon_max/1
[1;94m[*] [0mFuzzing test case #1073 (1526 total, 0 uniq crashes found)...[0m
[1;94m[*] [0mFuzzing test case #1074 (1526 total, 0 uniq crashes found)...[0m
scheduled max input!!!!
schedule: 12 level23_1/ijon_max/12
[1;94m[*] [0mFuzzing test case #1075 (1526 total, 0 uniq crashes found)...[0m
scheduled max input!!!!
schedule: 0 level23_1/ijon_max/0
[1;94m[*] [0mFuzzing test case #1076 (1526 total, 0 uniq crashes found)...[0m
scheduled max input!!!!
schedule: 0 level23_1/ijon_max/0
[1;94m[*] [0mFuzzing test case #1077 (1527 total, 0 uniq crashes found)...[0m
scheduled max input!!!!
schedule: 1 level23_1/ijon_max/1
updated maxmap 0: 634 (len: 777)
updated maxmap 1: 63e (len: 777)
updated maxmap 2: 648 (len: 777)
updated maxmap 3: 652 (len: 777)
updated maxmap 4: 65c (len: 777)
updated maxmap 5: 666 (len: 777)
[1;94m[*] [0mFuzzing test case #1078 (1528 total, 0 uniq crashes found)...[0m
scheduled max input!!!!
schedule: 14 level23_1/ijon_max/14
[1;94m[*] [0mFuzzing test case #1079 (1528 total, 0 uniq crashes found)...[0m
scheduled max input!!!!
schedule: 1 level23_1/ijon_max/1
[1;94m[*] [0mFuzzing test case #1080 (1528 total, 0 uniq crashes found)...[0m
scheduled max input!!!!
schedule: 7 level23_1/ijon_max/7
[1;94m[*] [0mFuzzing test case #1081 (1528 total, 0 uniq crashes found)...[0m
scheduled max input!!!!
schedule: 14 level23_1/ijon_max/14
[1;94m[*] [0mFuzzing test case #1082 (1528 total, 0 uniq crashes found)...[0m
scheduled max input!!!!
schedule: 1 level23_1/ijon_max/1
[1;94m[*] [0mFuzzing test case #1083 (1529 total, 0 uniq crashes found)...[0m
scheduled max input!!!!
schedule: 8 level23_1/ijon_max/8
updated maxmap 8: 68c (len: 785)
updated maxmap 6: 69b (len: 791)
updated maxmap 7: 67b (len: 791)
updated maxmap 8: 68d (len: 785)
[1;94m[*] [0mFuzzing test case #1084 (1529 total, 0 uniq crashes found)...[0m
[1;94m[*] [0mFuzzing test case #1085 (1529 total, 0 uniq crashes found)...[0m
scheduled max input!!!!
schedule: 9 level23_1/ijon_max/9
[1;94m[*] [0mFuzzing test case #1086 (1529 total, 0 uniq crashes found)...[0m
[1;94m[*] [0mFuzzing test case #1087 (1529 total, 0 uniq crashes found)...[0m
[1;94m[*] [0mFuzzing test case #1088 (1529 total, 0 uniq crashes found)...[0m
scheduled max input!!!!
schedule: 15 level23_1/ijon_max/15
[1;94m[*] [0mFuzzing test case #1089 (1529 total, 0 uniq crashes found)...[0m
scheduled max input!!!!
schedule: 6 level23_1/ijon_max/6
updated maxmap 6: 69d (len: 791)
updated maxmap 7: 67d (len: 791)
[1;94m[*] [0mFuzzing test case #1090 (1529 total, 0 uniq crashes found)...[0m
scheduled max input!!!!
schedule: 13 level23_1/ijon_max/13
[1;94m[*] [0mFuzzing test case #1091 (1529 total, 0 uniq crashes found)...[0m
scheduled max input!!!!
schedule: 13 level23_1/ijon_max/13
[1;94m[*] [0mFuzzing test case #1092 (1529 total, 0 uniq crashes found)...[0m
scheduled max input!!!!
schedule: 12 level23_1/ijon_max/12
[1;94m[*] [0mFuzzing test case #1093 (1529 total, 0 uniq crashes found)...[0m
scheduled max input!!!!
schedule: 8 level23_1/ijon_max/8
[1;94m[*] [0mFuzzing test case #1094 (1529 total, 0 uniq crashes found)...[0m
[1;94m[*] [0mFuzzing test case #1095 (1529 total, 0 uniq crashes found)...[0m
scheduled max input!!!!
schedule: 11 level23_1/ijon_max/11
[1;94m[*] [0mFuzzing test case #1096 (1529 total, 0 uniq crashes found)...[0m
scheduled max input!!!!
schedule: 6 level23_1/ijon_max/6
updated maxmap 6: 6a0 (len: 792)
updated maxmap 7: 67e (len: 792)
updated maxmap 7: 6a5 (len: 795)
updated maxmap 5: 698 (len: 791)
updated maxmap 6: 6a2 (len: 795)
updated maxmap 7: 6a7 (len: 795)
updated maxmap 9: 695 (len: 795)
updated maxmap 10: 6a7 (len: 795)
updated maxmap 11: 6a4 (len: 795)
updated maxmap 9: 6b1 (len: 799)
updated maxmap 7: 6ac (len: 797)
updated maxmap 10: 6ac (len: 797)
updated maxmap 11: 6aa (len: 797)
[1;94m[*] [0mFuzzing test case #1097 (1541 total, 0 uniq crashes found)...[0m
scheduled max input!!!!
schedule: 10 level23_1/ijon_max/10
[1;94m[*] [0mFuzzing test case #1098 (1541 total, 0 uniq crashes found)...[0m
scheduled max input!!!!
schedule: 4 level23_1/ijon_max/4
[1;94m[*] [0mFuzzing test case #1099 (1541 total, 0 uniq crashes found)...[0m
scheduled max input!!!!
schedule: 4 level23_1/ijon_max/4
[1;94m[*] [0mFuzzing test case #1100 (1542 total, 0 uniq crashes found)...[0m
scheduled max input!!!!
schedule: 12 level23_1/ijon_max/12
[1;94m[*] [0mFuzzing test case #1101 (1542 total, 0 uniq crashes found)...[0m
scheduled max input!!!!
schedule: 10 level23_1/ijon_max/10
[1;94m[*] [0mFuzzing test case #1102 (1542 total, 0 uniq crashes found)...[0m
[1;94m[*] [0mFuzzing test case #1103 (1542 total, 0 uniq crashes found)...[0m
[1;94m[*] [0mFuzzing test case #1104 (1542 total, 0 uniq crashes found)...[0m
scheduled max input!!!!
schedule: 4 level23_1/ijon_max/4
[1;94m[*] [0mFuzzing test case #1105 (1542 total, 0 uniq crashes found)...[0m
scheduled max input!!!!
schedule: 1 level23_1/ijon_max/1
[1;94m[*] [0mFuzzing test case #1106 (1542 total, 0 uniq crashes found)...[0m
scheduled max input!!!!
schedule: 13 level23_1/ijon_max/13
[1;94m[*] [0mFuzzing test case #1107 (1542 total, 0 uniq crashes found)...[0m
scheduled max input!!!!
schedule: 12 level23_1/ijon_max/12
[1;94m[*] [0mFuzzing test case #1108 (1542 total, 0 uniq crashes found)...[0m
scheduled max input!!!!
schedule: 12 level23_1/ijon_max/12
[1;94m[*] [0mFuzzing test case #1109 (1542 total, 0 uniq crashes found)...[0m
[1;94m[*] [0mFuzzing test case #1110 (1542 total, 0 uniq crashes found)...[0m
scheduled max input!!!!
schedule: 8 level23_1/ijon_max/8
[1;94m[*] [0mFuzzing test case #1111 (1542 total, 0 uniq crashes found)...[0m
[1;94m[*] [0mFuzzing test case #1112 (1542 total, 0 uniq crashes found)...[0m
scheduled max input!!!!
schedule: 2 level23_1/ijon_max/2
[1;94m[*] [0mFuzzing test case #1113 (1542 total, 0 uniq crashes found)...[0m
scheduled max input!!!!
schedule: 2 level23_1/ijon_max/2
[1;94m[*] [0mFuzzing test case #1114 (1542 total, 0 uniq crashes found)...[0m
[1;94m[*] [0mFuzzing test case #1115 (1542 total, 0 uniq crashes found)...[0m
scheduled max input!!!!
schedule: 11 level23_1/ijon_max/11
[1;94m[*] [0mFuzzing test case #1116 (1542 total, 0 uniq crashes found)...[0m
scheduled max input!!!!
schedule: 7 level23_1/ijon_max/7
updated maxmap 8: 6b4 (len: 800)
updated maxmap 8: 6b6 (len: 804)
updated maxmap 9: 6bd (len: 804)
updated maxmap 10: 6bd (len: 804)
updated maxmap 11: 6bb (len: 804)
updated maxmap 6: 6a5 (len: 797)
minimized maxmap 8: 6b6 (len: 801)
[1;94m[*] [0mFuzzing test case #1117 (1551 total, 0 uniq crashes found)...[0m
scheduled max input!!!!
schedule: 15 level23_1/ijon_max/15
[1;94m[*] [0mFuzzing test case #1118 (1551 total, 0 uniq crashes found)...[0m
scheduled max input!!!!
schedule: 9 level23_1/ijon_max/9
[1;94m[*] [0mFuzzing test case #1119 (1551 total, 0 uniq crashes found)...[0m
scheduled max input!!!!
schedule: 6 level23_1/ijon_max/6
[1;94m[*] [0mFuzzing test case #1120 (1551 total, 0 uniq crashes found)...[0m
scheduled max input!!!!
schedule: 0 level23_1/ijon_max/0
[1;94m[*] [0mFuzzing test case #1121 (1551 total, 0 uniq crashes found)...[0m
[1;94m[*] [0mFuzzing test case #1122 (1551 total, 0 uniq crashes found)...[0m
[1;94m[*] [0mFuzzing test case #1123 (1551 total, 0 uniq crashes found)...[0m
scheduled max input!!!!
schedule: 3 level23_1/ijon_max/3
[1;94m[*] [0mFuzzing test case #1124 (1551 total, 0 uniq crashes found)...[0m
[1;94m[*] [0mFuzzing test case #1125 (1551 total, 0 uniq crashes found)...[0m
scheduled max input!!!!
schedule: 0 level23_1/ijon_max/0
[1;94m[*] [0mFuzzing test case #1126 (1551 total, 0 uniq crashes found)...[0m
scheduled max input!!!!
schedule: 7 level23_1/ijon_max/7
[1;94m[*] [0mFuzzing test case #1127 (1551 total, 0 uniq crashes found)...[0m
scheduled max input!!!!
schedule: 1 level23_1/ijon_max/1
[1;94m[*] [0mFuzzing test case #1128 (1551 total, 0 uniq crashes found)...[0m
scheduled max input!!!!
schedule: 14 level23_1/ijon_max/14
[1;94m[*] [0mFuzzing test case #1129 (1551 total, 0 uniq crashes found)...[0m
scheduled max input!!!!
schedule: 13 level23_1/ijon_max/13
[1;94m[*] [0mFuzzing test case #1130 (1551 total, 0 uniq crashes found)...[0m
scheduled max input!!!!
schedule: 0 level23_1/ijon_max/0
[1;94m[*] [0mFuzzing test case #1131 (1551 total, 0 uniq crashes found)...[0m
scheduled max input!!!!
schedule: 3 level23_1/ijon_max/3
[1;94m[*] [0mFuzzing test case #1132 (1551 total, 0 uniq crashes found)...[0m
[1;94m[*] [0mFuzzing test case #1133 (1551 total, 0 uniq crashes found)...[0m
scheduled max input!!!!
schedule: 4 level23_1/ijon_max/4
[1;94m[*] [0mFuzzing test case #1134 (1551 total, 0 uniq crashes found)...[0m
scheduled max input!!!!
schedule: 11 level23_1/ijon_max/11
[1;94m[*] [0mFuzzing test case #1135 (1551 total, 0 uniq crashes found)...[0m
scheduled max input!!!!
schedule: 0 level23_1/ijon_max/0
[1;94m[*] [0mFuzzing test case #1136 (1551 total, 0 uniq crashes found)...[0m
scheduled max input!!!!
schedule: 13 level23_1/ijon_max/13
[1;94m[*] [0mFuzzing test case #1137 (1551 total, 0 uniq crashes found)...[0m
scheduled max input!!!!
schedule: 6 level23_1/ijon_max/6
[1;94m[*] [0mFuzzing test case #1138 (1551 total, 0 uniq crashes found)...[0m
[1;94m[*] [0mFuzzing test case #1139 (1551 total, 0 uniq crashes found)...[0m
[1;94m[*] [0mFuzzing test case #1140 (1551 total, 0 uniq crashes found)...[0m
scheduled max input!!!!
schedule: 8 level23_1/ijon_max/8
[1;94m[*] [0mFuzzing test case #1141 (1553 total, 0 uniq crashes found)...[0m
scheduled max input!!!!
schedule: 14 level23_1/ijon_max/14
[1;94m[*] [0mFuzzing test case #1142 (1553 total, 0 uniq crashes found)...[0m
[1;94m[*] [0mFuzzing test case #1143 (1553 total, 0 uniq crashes found)...[0m
scheduled max input!!!!
schedule: 8 level23_1/ijon_max/8
[1;94m[*] [0mFuzzing test case #1144 (1553 total, 0 uniq crashes found)...[0m
scheduled max input!!!!
schedule: 1 level23_1/ijon_max/1
[1;94m[*] [0mFuzzing test case #1145 (1553 total, 0 uniq crashes found)...[0m
scheduled max input!!!!
schedule: 8 level23_1/ijon_max/8
[1;94m[*] [0mFuzzing test case #1146 (1553 total, 0 uniq crashes found)...[0m
[1;94m[*] [0mFuzzing test case #1147 (1553 total, 0 uniq crashes found)...[0m
scheduled max input!!!!
schedule: 0 level23_1/ijon_max/0
[1;94m[*] [0mFuzzing test case #1148 (1553 total, 0 uniq crashes found)...[0m
scheduled max input!!!!
schedule: 10 level23_1/ijon_max/10
[1;94m[*] [0mFuzzing test case #1149 (1553 total, 0 uniq crashes found)...[0m
scheduled max input!!!!
schedule: 14 level23_1/ijon_max/14
[1;94m[*] [0mFuzzing test case #1150 (1553 total, 0 uniq crashes found)...[0m
[1;94m[*] [0mFuzzing test case #1151 (1553 total, 0 uniq crashes found)...[0m
[1;94m[*] [0mFuzzing test case #1152 (1553 total, 0 uniq crashes found)...[0m
[1;94m[*] [0mFuzzing test case #1153 (1553 total, 0 uniq crashes found)...[0m
scheduled max input!!!!
schedule: 10 level23_1/ijon_max/10
[1;94m[*] [0mFuzzing test case #1154 (1554 total, 0 uniq crashes found)...[0m
[1;94m[*] [0mFuzzing test case #1155 (1554 total, 0 uniq crashes found)...[0m
scheduled max input!!!!
schedule: 15 level23_1/ijon_max/15
[1;94m[*] [0mFuzzing test case #1156 (1554 total, 0 uniq crashes found)...[0m
scheduled max input!!!!
schedule: 11 level23_1/ijon_max/11
[1;94m[*] [0mFuzzing test case #1157 (1554 total, 0 uniq crashes found)...[0m
scheduled max input!!!!
schedule: 8 level23_1/ijon_max/8
[1;94m[*] [0mFuzzing test case #1158 (1554 total, 0 uniq crashes found)...[0m
scheduled max input!!!!
schedule: 10 level23_1/ijon_max/10
updated maxmap 9: 6bf (len: 810)
[1;94m[*] [0mFuzzing test case #1159 (1558 total, 0 uniq crashes found)...[0m
scheduled max input!!!!
schedule: 3 level23_1/ijon_max/3
[1;94m[*] [0mFuzzing test case #1160 (1559 total, 0 uniq crashes found)...[0m
scheduled max input!!!!
schedule: 12 level23_1/ijon_max/12
[1;94m[*] [0mFuzzing test case #1161 (1559 total, 0 uniq crashes found)...[0m
scheduled max input!!!!
schedule: 6 level23_1/ijon_max/6
[1;94m[*] [0mFuzzing test case #1162 (1559 total, 0 uniq crashes found)...[0m
[1;94m[*] [0mFuzzing test case #1163 (1559 total, 0 uniq crashes found)...[0m
scheduled max input!!!!
schedule: 2 level23_1/ijon_max/2
[1;94m[*] [0mFuzzing test case #1164 (1559 total, 0 uniq crashes found)...[0m
scheduled max input!!!!
schedule: 12 level23_1/ijon_max/12
[1;94m[*] [0mFuzzing test case #1165 (1559 total, 0 uniq crashes found)...[0m
scheduled max input!!!!
schedule: 3 level23_1/ijon_max/3
[1;94m[*] [0mFuzzing test case #1166 (1559 total, 0 uniq crashes found)...[0m
scheduled max input!!!!
schedule: 14 level23_1/ijon_max/14
[1;94m[*] [0mFuzzing test case #1167 (1559 total, 0 uniq crashes found)...[0m
scheduled max input!!!!
schedule: 7 level23_1/ijon_max/7
updated maxmap 5: 6a2 (len: 800)
updated maxmap 6: 6ac (len: 800)
updated maxmap 7: 6b3 (len: 800)
minimized maxmap 5: 6a2 (len: 797)
minimized maxmap 6: 6ac (len: 797)
[1;94m[*] [0mFuzzing test case #1168 (1559 total, 0 uniq crashes found)...[0m
scheduled max input!!!!
schedule: 4 level23_1/ijon_max/4
[1;94m[*] [0mFuzzing test case #1169 (1559 total, 0 uniq crashes found)...[0m
scheduled max input!!!!
schedule: 10 level23_1/ijon_max/10
[1;94m[*] [0mFuzzing test case #1170 (1559 total, 0 uniq crashes found)...[0m
scheduled max input!!!!
schedule: 14 level23_1/ijon_max/14
[1;94m[*] [0mFuzzing test case #1171 (1559 total, 0 uniq crashes found)...[0m
scheduled max input!!!!
schedule: 3 level23_1/ijon_max/3
[1;94m[*] [0mFuzzing test case #1172 (1559 total, 0 uniq crashes found)...[0m
[1;94m[*] [0mFuzzing test case #1173 (1559 total, 0 uniq crashes found)...[0m
scheduled max input!!!!
schedule: 9 level23_1/ijon_max/9
updated maxmap 9: 6cb (len: 810)
[1;94m[*] [0mFuzzing test case #1174 (1559 total, 0 uniq crashes found)...[0m
scheduled max input!!!!
schedule: 6 level23_1/ijon_max/6
[1;94m[*] [0mFuzzing test case #1175 (1559 total, 0 uniq crashes found)...[0m
[1;94m[*] [0mFuzzing test case #1176 (1559 total, 0 uniq crashes found)...[0m
scheduled max input!!!!
schedule: 15 level23_1/ijon_max/15
[1;94m[*] [0mFuzzing test case #1177 (1559 total, 0 uniq crashes found)...[0m
scheduled max input!!!!
schedule: 10 level23_1/ijon_max/10
[1;94m[*] [0mFuzzing test case #1178 (1560 total, 0 uniq crashes found)...[0m
[1;94m[*] [0mFuzzing test case #1179 (1560 total, 0 uniq crashes found)...[0m
[1;94m[*] [0mFuzzing test case #1180 (1560 total, 0 uniq crashes found)...[0m
scheduled max input!!!!
schedule: 15 level23_1/ijon_max/15
[1;94m[*] [0mFuzzing test case #1181 (1560 total, 0 uniq crashes found)...[0m
scheduled max input!!!!
schedule: 7 level23_1/ijon_max/7
[1;94m[*] [0mFuzzing test case #1182 (1560 total, 0 uniq crashes found)...[0m
[1;94m[*] [0mFuzzing test case #1183 (1560 total, 0 uniq crashes found)...[0m
scheduled max input!!!!
schedule: 13 level23_1/ijon_max/13
[1;94m[*] [0mFuzzing test case #1184 (1560 total, 0 uniq crashes found)...[0m
scheduled max input!!!!
schedule: 3 level23_1/ijon_max/3
[1;94m[*] [0mFuzzing test case #1185 (1560 total, 0 uniq crashes found)...[0m
scheduled max input!!!!
schedule: 4 level23_1/ijon_max/4
[1;94m[*] [0mFuzzing test case #1186 (1560 total, 0 uniq crashes found)...[0m
scheduled max input!!!!
schedule: 0 level23_1/ijon_max/0
[1;94m[*] [0mFuzzing test case #1187 (1560 total, 0 uniq crashes found)...[0m
scheduled max input!!!!
schedule: 10 level23_1/ijon_max/10
[1;94m[*] [0mFuzzing test case #1188 (1560 total, 0 uniq crashes found)...[0m
scheduled max input!!!!
schedule: 11 level23_1/ijon_max/11
[1;94m[*] [0mFuzzing test case #1189 (1560 total, 0 uniq crashes found)...[0m
scheduled max input!!!!
schedule: 0 level23_1/ijon_max/0
[1;94m[*] [0mFuzzing test case #1190 (1560 total, 0 uniq crashes found)...[0m
scheduled max input!!!!
schedule: 14 level23_1/ijon_max/14
[1;94m[*] [0mFuzzing test case #1191 (1560 total, 0 uniq crashes found)...[0m
scheduled max input!!!!
schedule: 5 level23_1/ijon_max/5
[1;94m[*] [0mFuzzing test case #1192 (1560 total, 0 uniq crashes found)...[0m
scheduled max input!!!!
schedule: 1 level23_1/ijon_max/1
[1;94m[*] [0mFuzzing test case #1193 (1560 total, 0 uniq crashes found)...[0m
scheduled max input!!!!
schedule: 12 level23_1/ijon_max/12
[1;94m[*] [0mFuzzing test case #1194 (1560 total, 0 uniq crashes found)...[0m
[1;94m[*] [0mFuzzing test case #1195 (1560 total, 0 uniq crashes found)...[0m
scheduled max input!!!!
schedule: 7 level23_1/ijon_max/7
[1;94m[*] [0mFuzzing test case #1196 (1560 total, 0 uniq crashes found)...[0m
scheduled max input!!!!
schedule: 0 level23_1/ijon_max/0
[1;94m[*] [0mFuzzing test case #1197 (1560 total, 0 uniq crashes found)...[0m
scheduled max input!!!!
schedule: 12 level23_1/ijon_max/12
[1;94m[*] [0mFuzzing test case #1198 (1560 total, 0 uniq crashes found)...[0m
[1;94m[*] [0mFuzzing test case #1199 (1560 total, 0 uniq crashes found)...[0m
scheduled max input!!!!
schedule: 14 level23_1/ijon_max/14
[1;94m[*] [0mFuzzing test case #1200 (1560 total, 0 uniq crashes found)...[0m
[1;94m[*] [0mFuzzing test case #1201 (1560 total, 0 uniq crashes found)...[0m
scheduled max input!!!!
schedule: 14 level23_1/ijon_max/14
[1;94m[*] [0mFuzzing test case #1202 (1560 total, 0 uniq crashes found)...[0m
scheduled max input!!!!
schedule: 13 level23_1/ijon_max/13
[1;94m[*] [0mFuzzing test case #1203 (1560 total, 0 uniq crashes found)...[0m
[1;94m[*] [0mFuzzing test case #1204 (1560 total, 0 uniq crashes found)...[0m
scheduled max input!!!!
schedule: 12 level23_1/ijon_max/12
[1;94m[*] [0mFuzzing test case #1205 (1560 total, 0 uniq crashes found)...[0m
scheduled max input!!!!
schedule: 2 level23_1/ijon_max/2
[1;94m[*] [0mFuzzing test case #1206 (1560 total, 0 uniq crashes found)...[0m
scheduled max input!!!!
schedule: 8 level23_1/ijon_max/8
[1;94m[*] [0mFuzzing test case #1207 (1560 total, 0 uniq crashes found)...[0m
scheduled max input!!!!
schedule: 4 level23_1/ijon_max/4
[1;94m[*] [0mFuzzing test case #1208 (1560 total, 0 uniq crashes found)...[0m
scheduled max input!!!!
schedule: 2 level23_1/ijon_max/2
[1;94m[*] [0mFuzzing test case #1209 (1560 total, 0 uniq crashes found)...[0m
scheduled max input!!!!
schedule: 9 level23_1/ijon_max/9
updated maxmap 9: 6cc (len: 810)
[1;94m[*] [0mFuzzing test case #1210 (1561 total, 0 uniq crashes found)...[0m
scheduled max input!!!!
schedule: 0 level23_1/ijon_max/0
[1;94m[*] [0mFuzzing test case #1211 (1561 total, 0 uniq crashes found)...[0m
scheduled max input!!!!
schedule: 4 level23_1/ijon_max/4
[1;94m[*] [0mFuzzing test case #1212 (1561 total, 0 uniq crashes found)...[0m
scheduled max input!!!!
schedule: 10 level23_1/ijon_max/10
[1;94m[*] [0mFuzzing test case #1213 (1562 total, 0 uniq crashes found)...[0m
scheduled max input!!!!
schedule: 4 level23_1/ijon_max/4
[1;94m[*] [0mFuzzing test case #1214 (1562 total, 0 uniq crashes found)...[0m
scheduled max input!!!!
schedule: 7 level23_1/ijon_max/7
[1;94m[*] [0mFuzzing test case #1215 (1565 total, 0 uniq crashes found)...[0m
scheduled max input!!!!
schedule: 5 level23_1/ijon_max/5
[1;94m[*] [0mFuzzing test case #1216 (1565 total, 0 uniq crashes found)...[0m
[1;94m[*] [0mFuzzing test case #1217 (1565 total, 0 uniq crashes found)...[0m
scheduled max input!!!!
schedule: 2 level23_1/ijon_max/2
[1;94m[*] [0mFuzzing test case #1218 (1565 total, 0 uniq crashes found)...[0m
scheduled max input!!!!
schedule: 13 level23_1/ijon_max/13
[1;94m[*] [0mFuzzing test case #1219 (1565 total, 0 uniq crashes found)...[0m
[1;94m[*] [0mFuzzing test case #1220 (1565 total, 0 uniq crashes found)...[0m
scheduled max input!!!!
schedule: 8 level23_1/ijon_max/8
[1;94m[*] [0mFuzzing test case #1221 (1565 total, 0 uniq crashes found)...[0m
[1;94m[*] [0mFuzzing test case #1222 (1565 total, 0 uniq crashes found)...[0m
scheduled max input!!!!
schedule: 2 level23_1/ijon_max/2
[1;94m[*] [0mFuzzing test case #1223 (1565 total, 0 uniq crashes found)...[0m
scheduled max input!!!!
schedule: 0 level23_1/ijon_max/0
[1;94m[*] [0mFuzzing test case #1224 (1565 total, 0 uniq crashes found)...[0m
[1;94m[*] [0mFuzzing test case #1225 (1565 total, 0 uniq crashes found)...[0m
scheduled max input!!!!
schedule: 13 level23_1/ijon_max/13
[1;94m[*] [0mFuzzing test case #1226 (1565 total, 0 uniq crashes found)...[0m
scheduled max input!!!!
schedule: 11 level23_1/ijon_max/11
[1;94m[*] [0mFuzzing test case #1227 (1565 total, 0 uniq crashes found)...[0m
scheduled max input!!!!
schedule: 3 level23_1/ijon_max/3
[1;94m[*] [0mFuzzing test case #1228 (1565 total, 0 uniq crashes found)...[0m
scheduled max input!!!!
schedule: 8 level23_1/ijon_max/8
[1;94m[*] [0mFuzzing test case #1229 (1565 total, 0 uniq crashes found)...[0m
scheduled max input!!!!
schedule: 10 level23_1/ijon_max/10
[1;94m[*] [0mFuzzing test case #1230 (1565 total, 0 uniq crashes found)...[0m
scheduled max input!!!!
schedule: 3 level23_1/ijon_max/3
[1;94m[*] [0mFuzzing test case #1231 (1565 total, 0 uniq crashes found)...[0m
scheduled max input!!!!
schedule: 12 level23_1/ijon_max/12
[1;94m[*] [0mFuzzing test case #1232 (1565 total, 0 uniq crashes found)...[0m
scheduled max input!!!!
schedule: 7 level23_1/ijon_max/7
[1;94m[*] [0mFuzzing test case #1233 (1565 total, 0 uniq crashes found)...[0m
scheduled max input!!!!
schedule: 7 level23_1/ijon_max/7
[1;94m[*] [0mFuzzing test case #1234 (1565 total, 0 uniq crashes found)...[0m
scheduled max input!!!!
schedule: 6 level23_1/ijon_max/6
[1;94m[*] [0mFuzzing test case #1235 (1565 total, 0 uniq crashes found)...[0m
scheduled max input!!!!
schedule: 9 level23_1/ijon_max/9
updated maxmap 9: 6d1 (len: 812)
updated maxmap 9: 6d5 (len: 818)
updated maxmap 10: 6df (len: 818)
[1;94m[*] [0mFuzzing test case #1236 (1567 total, 0 uniq crashes found)...[0m
scheduled max input!!!!
schedule: 4 level23_1/ijon_max/4
[1;94m[*] [0mFuzzing test case #1237 (1567 total, 0 uniq crashes found)...[0m
[1;94m[*] [0mFuzzing test case #1238 (1567 total, 0 uniq crashes found)...[0m
scheduled max input!!!!
schedule: 13 level23_1/ijon_max/13
[1;94m[*] [0mFuzzing test case #1239 (1567 total, 0 uniq crashes found)...[0m
scheduled max input!!!!
schedule: 13 level23_1/ijon_max/13
[1;94m[*] [0mFuzzing test case #1240 (1567 total, 0 uniq crashes found)...[0m
scheduled max input!!!!
schedule: 6 level23_1/ijon_max/6
updated maxmap 7: 6b5 (len: 802)
updated maxmap 8: 6b7 (len: 802)
[1;94m[*] [0mFuzzing test case #1241 (1567 total, 0 uniq crashes found)...[0m
scheduled max input!!!!
schedule: 6 level23_1/ijon_max/6
[1;94m[*] [0mFuzzing test case #1242 (1567 total, 0 uniq crashes found)...[0m
scheduled max input!!!!
schedule: 12 level23_1/ijon_max/12
[1;94m[*] [0mFuzzing test case #1243 (1567 total, 0 uniq crashes found)...[0m
scheduled max input!!!!
schedule: 4 level23_1/ijon_max/4
[1;94m[*] [0mFuzzing test case #1244 (1567 total, 0 uniq crashes found)...[0m
scheduled max input!!!!
schedule: 1 level23_1/ijon_max/1
[1;94m[*] [0mFuzzing test case #1245 (1567 total, 0 uniq crashes found)...[0m
scheduled max input!!!!
schedule: 3 level23_1/ijon_max/3
[1;94m[*] [0mFuzzing test case #1246 (1567 total, 0 uniq crashes found)...[0m
scheduled max input!!!!
schedule: 8 level23_1/ijon_max/8
updated maxmap 8: 6b8 (len: 802)
[1;94m[*] [0mFuzzing test case #1247 (1567 total, 0 uniq crashes found)...[0m
scheduled max input!!!!
schedule: 8 level23_1/ijon_max/8
[1;94m[*] [0mFuzzing test case #1248 (1567 total, 0 uniq crashes found)...[0m
scheduled max input!!!!
schedule: 9 level23_1/ijon_max/9
updated maxmap 8: 6d4 (len: 825)
updated maxmap 9: 6de (len: 825)
updated maxmap 10: 6e8 (len: 825)
updated maxmap 11: 6f0 (len: 825)
minimized maxmap 8: 6d4 (len: 818)
minimized maxmap 9: 6de (len: 818)
updated maxmap 8: 6d5 (len: 818)
updated maxmap 9: 6df (len: 818)
[1;94m[*] [0mFuzzing test case #1249 (1568 total, 0 uniq crashes found)...[0m
scheduled max input!!!!
schedule: 2 level23_1/ijon_max/2
[1;94m[*] [0mFuzzing test case #1250 (1568 total, 0 uniq crashes found)...[0m
[1;94m[*] [0mFuzzing test case #1251 (1568 total, 0 uniq crashes found)...[0m
scheduled max input!!!!
schedule: 12 level23_1/ijon_max/12
[1;94m[*] [0mFuzzing test case #1252 (1568 total, 0 uniq crashes found)...[0m
scheduled max input!!!!
schedule: 2 level23_1/ijon_max/2
[1;94m[*] [0mFuzzing test case #1253 (1568 total, 0 uniq crashes found)...[0m
scheduled max input!!!!
schedule: 10 level23_1/ijon_max/10
updated maxmap 10: 6e9 (len: 825)
updated maxmap 10: 6f0 (len: 825)
updated maxmap 9: 6f0 (len: 825)
updated maxmap 8: 6e0 (len: 830)
updated maxmap 10: 6fa (len: 830)
updated maxmap 11: 6f9 (len: 830)
minimized maxmap 8: 6e0 (len: 825)
updated maxmap 10: 6fb (len: 830)
updated maxmap 9: 6f1 (len: 825)
updated maxmap 4: 67e (len: 827)
updated maxmap 8: 6f0 (len: 827)
updated maxmap 9: 6f2 (len: 827)
updated maxmap 9: 6f3 (len: 826)
updated maxmap 8: 701 (len: 833)
updated maxmap 9: 6ff (len: 833)
[1;94m[*] [0mFuzzing test case #1254 (1581 total, 0 uniq crashes found)...[0m
[1;94m[*] [0mFuzzing test case #1255 (1581 total, 0 uniq crashes found)...[0m
[1;94m[*] [0mFuzzing test case #1256 (1581 total, 0 uniq crashes found)...[0m
scheduled max input!!!!
schedule: 10 level23_1/ijon_max/10
updated maxmap 10: 6fd (len: 832)
[1;94m[*] [0mFuzzing test case #1257 (1581 total, 0 uniq crashes found)...[0m
scheduled max input!!!!
schedule: 13 level23_1/ijon_max/13
[1;94m[*] [0mFuzzing test case #1258 (1581 total, 0 uniq crashes found)...[0m
[1;94m[*] [0mFuzzing test case #1259 (1581 total, 0 uniq crashes found)...[0m
scheduled max input!!!!
schedule: 8 level23_1/ijon_max/8
updated maxmap 8: 702 (len: 833)
updated maxmap 9: 700 (len: 833)
updated maxmap 9: 702 (len: 833)
updated maxmap 9: 70f (len: 838)
updated maxmap 10: 700 (len: 833)
updated maxmap 11: 6fe (len: 833)
updated maxmap 8: 703 (len: 833)
[1;94m[*] [0mFuzzing test case #1260 (1582 total, 0 uniq crashes found)...[0m
scheduled max input!!!!
schedule: 8 level23_1/ijon_max/8
[1;94m[*] [0mFuzzing test case #1261 (1583 total, 0 uniq crashes found)...[0m
scheduled max input!!!!
schedule: 9 level23_1/ijon_max/9
updated maxmap 9: 710 (len: 838)
updated maxmap 9: 717 (len: 845)
updated maxmap 10: 721 (len: 845)
[1;94m[*] [0mFuzzing test case #1262 (1583 total, 0 uniq crashes found)...[0m
scheduled max input!!!!
schedule: 0 level23_1/ijon_max/0
[1;94m[*] [0mFuzzing test case #1263 (1583 total, 0 uniq crashes found)...[0m
[1;94m[*] [0mFuzzing test case #1264 (1583 total, 0 uniq crashes found)...[0m
[1;94m[*] [0mFuzzing test case #1265 (1583 total, 0 uniq crashes found)...[0m
[1;94m[*] [0mFuzzing test case #1266 (1583 total, 0 uniq crashes found)...[0m
[1;94m[*] [0mFuzzing test case #1267 (1583 total, 0 uniq crashes found)...[0m
scheduled max input!!!!
schedule: 14 level23_1/ijon_max/14
[1;94m[*] [0mFuzzing test case #1268 (1583 total, 0 uniq crashes found)...[0m
scheduled max input!!!!
schedule: 15 level23_1/ijon_max/15
[1;94m[*] [0mFuzzing test case #1269 (1583 total, 0 uniq crashes found)...[0m
scheduled max input!!!!
schedule: 3 level23_1/ijon_max/3
[1;94m[*] [0mFuzzing test case #1270 (1584 total, 0 uniq crashes found)...[0m
scheduled max input!!!!
schedule: 8 level23_1/ijon_max/8
[1;94m[*] [0mFuzzing test case #1271 (1584 total, 0 uniq crashes found)...[0m
scheduled max input!!!!
schedule: 1 level23_1/ijon_max/1
[1;94m[*] [0mFuzzing test case #1272 (1584 total, 0 uniq crashes found)...[0m
scheduled max input!!!!
schedule: 1 level23_1/ijon_max/1
[1;94m[*] [0mFuzzing test case #1273 (1584 total, 0 uniq crashes found)...[0m
scheduled max input!!!!
schedule: 4 level23_1/ijon_max/4
updated maxmap 4: 67f (len: 827)
updated maxmap 4: 682 (len: 827)
updated maxmap 4: 683 (len: 827)
updated maxmap 4: 684 (len: 827)
updated maxmap 11: 703 (len: 834)
updated maxmap 7: 6f1 (len: 827)
[1;94m[*] [0mFuzzing test case #1274 (1588 total, 0 uniq crashes found)...[0m
[1;94m[*] [0mFuzzing test case #1275 (1588 total, 0 uniq crashes found)...[0m
scheduled max input!!!!
schedule: 7 level23_1/ijon_max/7
updated maxmap 7: 6f2 (len: 827)
updated maxmap 7: 6f5 (len: 827)
[1;94m[*] [0mFuzzing test case #1276 (1588 total, 0 uniq crashes found)...[0m
scheduled max input!!!!
schedule: 13 level23_1/ijon_max/13
[1;94m[*] [0mFuzzing test case #1277 (1588 total, 0 uniq crashes found)...[0m
scheduled max input!!!!
schedule: 10 level23_1/ijon_max/10
[1;94m[*] [0mFuzzing test case #1278 (1588 total, 0 uniq crashes found)...[0m
[1;94m[*] [0mFuzzing test case #1279 (1588 total, 0 uniq crashes found)...[0m
[1;94m[*] [0mFuzzing test case #1280 (1588 total, 0 uniq crashes found)...[0m
scheduled max input!!!!
schedule: 15 level23_1/ijon_max/15
[1;94m[*] [0mFuzzing test case #1281 (1588 total, 0 uniq crashes found)...[0m
scheduled max input!!!!
schedule: 1 level23_1/ijon_max/1
[1;94m[*] [0mFuzzing test case #1282 (1588 total, 0 uniq crashes found)...[0m
scheduled max input!!!!
schedule: 2 level23_1/ijon_max/2
[1;94m[*] [0mFuzzing test case #1283 (1588 total, 0 uniq crashes found)...[0m
scheduled max input!!!!
schedule: 1 level23_1/ijon_max/1
[1;94m[*] [0mFuzzing test case #1284 (1588 total, 0 uniq crashes found)...[0m
scheduled max input!!!!
schedule: 15 level23_1/ijon_max/15
[1;94m[*] [0mFuzzing test case #1285 (1589 total, 0 uniq crashes found)...[0m
scheduled max input!!!!
schedule: 11 level23_1/ijon_max/11
updated maxmap 11: 704 (len: 834)
[1;94m[*] [0mFuzzing test case #1286 (1589 total, 0 uniq crashes found)...[0m
scheduled max input!!!!
schedule: 8 level23_1/ijon_max/8
[1;94m[*] [0mFuzzing test case #1287 (1589 total, 0 uniq crashes found)...[0m
[1;94m[*] [0mFuzzing test case #1288 (1589 total, 0 uniq crashes found)...[0m
scheduled max input!!!!
schedule: 2 level23_1/ijon_max/2
[1;94m[*] [0mFuzzing test case #1289 (1589 total, 0 uniq crashes found)...[0m
scheduled max input!!!!
schedule: 12 level23_1/ijon_max/12
[1;94m[*] [0mFuzzing test case #1290 (1589 total, 0 uniq crashes found)...[0m
scheduled max input!!!!
schedule: 12 level23_1/ijon_max/12
[1;94m[*] [0mFuzzing test case #1291 (1589 total, 0 uniq crashes found)...[0m
scheduled max input!!!!
schedule: 8 level23_1/ijon_max/8
[1;94m[*] [0mFuzzing test case #1292 (1589 total, 0 uniq crashes found)...[0m
scheduled max input!!!!
schedule: 4 level23_1/ijon_max/4
[1;94m[*] [0mFuzzing test case #1293 (1589 total, 0 uniq crashes found)...[0m
scheduled max input!!!!
schedule: 4 level23_1/ijon_max/4
[1;94m[*] [0mFuzzing test case #1294 (1589 total, 0 uniq crashes found)...[0m
scheduled max input!!!!
schedule: 8 level23_1/ijon_max/8
[1;94m[*] [0mFuzzing test case #1295 (1590 total, 0 uniq crashes found)...[0m
scheduled max input!!!!
schedule: 6 level23_1/ijon_max/6
[1;94m[*] [0mFuzzing test case #1296 (1590 total, 0 uniq crashes found)...[0m
scheduled normal input!!!!
[1;94m[*] [0mFuzzing test case #1297 (1590 total, 0 uniq crashes found)...[0m
scheduled max input!!!!
schedule: 11 level23_1/ijon_max/11
updated maxmap 11: 705 (len: 834)
[1;94m[*] [0mFuzzing test case #1298 (1590 total, 0 uniq crashes found)...[0m
scheduled max input!!!!
schedule: 8 level23_1/ijon_max/8
[1;94m[*] [0mFuzzing test case #1299 (1590 total, 0 uniq crashes found)...[0m
scheduled max input!!!!
schedule: 1 level23_1/ijon_max/1
[1;94m[*] [0mFuzzing test case #1300 (1590 total, 0 uniq crashes found)...[0m
scheduled max input!!!!
schedule: 7 level23_1/ijon_max/7
[1;94m[*] [0mFuzzing test case #1301 (1590 total, 0 uniq crashes found)...[0m
scheduled max input!!!!
schedule: 5 level23_1/ijon_max/5
[1;94m[*] [0mFuzzing test case #1302 (1590 total, 0 uniq crashes found)...[0m
scheduled max input!!!!
schedule: 4 level23_1/ijon_max/4
[1;94m[*] [0mFuzzing test case #1303 (1590 total, 0 uniq crashes found)...[0m
scheduled max input!!!!
schedule: 6 level23_1/ijon_max/6
[1;94m[*] [0mFuzzing test case #1304 (1590 total, 0 uniq crashes found)...[0m
scheduled max input!!!!
schedule: 6 level23_1/ijon_max/6
[1;94m[*] [0mFuzzing test case #1305 (1590 total, 0 uniq crashes found)...[0m
scheduled max input!!!!
schedule: 9 level23_1/ijon_max/9
updated maxmap 10: 732 (len: 852)
updated maxmap 11: 72f (len: 852)
updated maxmap 9: 718 (len: 845)
[1;94m[*] [0mFuzzing test case #1306 (1591 total, 0 uniq crashes found)...[0m
scheduled max input!!!!
schedule: 4 level23_1/ijon_max/4
[1;94m[*] [0mFuzzing test case #1307 (1591 total, 0 uniq crashes found)...[0m
scheduled max input!!!!
schedule: 0 level23_1/ijon_max/0
[1;94m[*] [0mFuzzing test case #1308 (1591 total, 0 uniq crashes found)...[0m
scheduled max input!!!!
schedule: 0 level23_1/ijon_max/0
[1;94m[*] [0mFuzzing test case #1309 (1591 total, 0 uniq crashes found)...[0m
[1;94m[*] [0mFuzzing test case #1310 (1591 total, 0 uniq crashes found)...[0m
scheduled max input!!!!
schedule: 15 level23_1/ijon_max/15
[1;94m[*] [0mFuzzing test case #1311 (1591 total, 0 uniq crashes found)...[0m
[1;94m[*] [0mFuzzing test case #1312 (1591 total, 0 uniq crashes found)...[0m
scheduled max input!!!!
schedule: 12 level23_1/ijon_max/12
[1;94m[*] [0mFuzzing test case #1313 (1591 total, 0 uniq crashes found)...[0m
scheduled max input!!!!
schedule: 2 level23_1/ijon_max/2
[1;94m[*] [0mFuzzing test case #1314 (1591 total, 0 uniq crashes found)...[0m
scheduled max input!!!!
schedule: 12 level23_1/ijon_max/12
[1;94m[*] [0mFuzzing test case #1315 (1591 total, 0 uniq crashes found)...[0m
scheduled max input!!!!
schedule: 12 level23_1/ijon_max/12
[1;94m[*] [0mFuzzing test case #1316 (1591 total, 0 uniq crashes found)...[0m
scheduled max input!!!!
schedule: 8 level23_1/ijon_max/8
updated maxmap 8: 705 (len: 834)
[1;94m[*] [0mFuzzing test case #1317 (1591 total, 0 uniq crashes found)...[0m
scheduled max input!!!!
schedule: 8 level23_1/ijon_max/8
updated maxmap 8: 706 (len: 834)
updated maxmap 8: 707 (len: 835)
updated maxmap 9: 719 (len: 842)
[1;94m[*] [0mFuzzing test case #1318 (1592 total, 0 uniq crashes found)...[0m
scheduled normal input!!!!
[?25h[1;91m

+++ Testing aborted by user +++
[0m
[1;93m[!] [0mStopped during the first cycle, results may be incomplete.
    (For info on resuming, see docs/README.)
[1;92m[+] [0mWe're done here. Have a nice day!
[0m
srun: error: ubuntu-test: task 0: Exited with exit code 124
