srun: error: NodeNames=ubuntu-test CPUs=90 match no Sockets, Sockets*CoresPerSocket or Sockets*CoresPerSocket*ThreadsPerCore. Resetting CPUs.
[0;36mafl-fuzz [1;97m2.51b-ijon[0m by <lcamtuf@google.com>
[1;92m[+] [0mLooks like we're not running on a tty, so I'll be a bit less verbose.[0m
[1;92m[+] [0mYou have 96 CPU cores and 113 runnable tasks (utilization: 118%).[0m
[1;93m[!] [1;97mWARNING: [0mNot binding to a CPU core (AFL_NO_AFFINITY set).[0m
[1;94m[*] [0mChecking core_pattern...[0m
[1;94m[*] [0mSetting up output directories...[0m
importdir: level30_3/importsmax_dir: level30_3/ijon_max[1;94m[*] [0mScanning 'seeds'...[0m
[1;92m[+] [0mNo auto-generated dictionary tokens to reuse.[0m
[1;94m[*] [0mCreating hard links for all input files...[0m
[1;94m[*] [0mValidating target binary...[0m
[1;94m[*] [0mAttempting dry run with 'id:000000,orig:a'...[0m
[1;94m[*] [0mSpinning up the fork server...[0m
[1;92m[+] [0mAll right - fork server is up.[0m
[1;90m    len = 1, map size = 2477, exec speed = 17217 us
[0m[1;92m[+] [0mAll test cases processed.[0m

[1;93m[!] [1;97mWARNING: [0m[1;91mThe target binary is pretty slow! See docs/perf_tips.txt.[0m
[1;92m[+] [0mHere are some useful stats:

[1;90m    Test case count : [0m1 favored, 0 variable, 1 total
[1;90m       Bitmap range : [0m2477 to 2477 bits (average: 2477.00 bits)
[1;90m        Exec timing : [0m17.2k to 17.2k us (average: 17.2k us)
[0m
[1;92m[+] [0mAll set and ready to roll![0m
[1;94m[*] [0mEntering queue cycle 1.[0m
[1;94m[*] [0mFuzzing test case #0 (1 total, 0 uniq crashes found)...[0m
scheduled normal input!!!!
updated maxmap 11: 28 (len: 1)
updated maxmap 9: 28 (len: 42)
updated maxmap 10: 28 (len: 42)
updated maxmap 9: 2a (len: 55)
updated maxmap 10: 2a (len: 55)
updated maxmap 11: 29 (len: 55)
updated maxmap 9: 2c (len: 44)
updated maxmap 10: 2c (len: 44)
updated maxmap 8: 29 (len: 45)
updated maxmap 9: 2d (len: 61)
updated maxmap 10: 2d (len: 61)
updated maxmap 11: 2d (len: 61)
updated maxmap 8: 2a (len: 49)
updated maxmap 9: 2f (len: 62)
updated maxmap 10: 3c (len: 62)
updated maxmap 11: 38 (len: 62)
updated maxmap 9: 30 (len: 71)
updated maxmap 9: 31 (len: 60)
updated maxmap 8: 2d (len: 76)
updated maxmap 9: 35 (len: 76)
updated maxmap 9: 36 (len: 67)
updated maxmap 9: 37 (len: 67)
updated maxmap 9: 3d (len: 67)
updated maxmap 9: 3e (len: 65)
updated maxmap 11: 39 (len: 74)
updated maxmap 10: 3d (len: 78)
updated maxmap 11: 3e (len: 78)
updated maxmap 8: 2f (len: 51)
updated maxmap 8: 32 (len: 74)
updated maxmap 11: 42 (len: 81)
[1;94m[*] [0mFuzzing test case #1 (255 total, 0 uniq crashes found)...[0m
scheduled max input!!!!
schedule: 9 level30_3/ijon_max/9
updated maxmap 9: 45 (len: 69)
updated maxmap 9: 51 (len: 81)
updated maxmap 10: 4c (len: 81)
updated maxmap 11: 47 (len: 81)
updated maxmap 11: 49 (len: 107)
updated maxmap 9: 54 (len: 113)
updated maxmap 10: 50 (len: 113)
updated maxmap 11: 4d (len: 113)
updated maxmap 9: 6b (len: 123)
updated maxmap 10: 6c (len: 123)
updated maxmap 11: 4e (len: 123)
updated maxmap 11: 58 (len: 111)
updated maxmap 8: 48 (len: 117)
updated maxmap 8: 4b (len: 115)
updated maxmap 9: 7c (len: 115)
updated maxmap 11: 67 (len: 115)
updated maxmap 10: 71 (len: 120)
updated maxmap 11: 73 (len: 120)
updated maxmap 12: 73 (len: 120)
updated maxmap 13: 72 (len: 120)
updated maxmap 14: 71 (len: 120)
updated maxmap 15: 70 (len: 120)
updated maxmap 7: 35 (len: 65)
updated maxmap 8: 52 (len: 128)
updated maxmap 10: 85 (len: 112)
updated maxmap 11: 80 (len: 112)
updated maxmap 8: 67 (len: 91)
updated maxmap 8: 78 (len: 107)
updated maxmap 9: 7f (len: 107)
updated maxmap 9: 92 (len: 130)
updated maxmap 13: 73 (len: 124)
updated maxmap 14: 73 (len: 124)
updated maxmap 7: 3d (len: 79)
updated maxmap 8: 8f (len: 119)
updated maxmap 14: 74 (len: 132)
updated maxmap 8: a5 (len: 145)
updated maxmap 9: a3 (len: 145)
updated maxmap 10: a1 (len: 145)
updated maxmap 11: 8f (len: 136)
updated maxmap 0: 74 (len: 130)
updated maxmap 15: 74 (len: 130)
[1;94m[*] [0mFuzzing test case #2 (380 total, 0 uniq crashes found)...[0m
scheduled max input!!!!
schedule: 14 level30_3/ijon_max/14
updated maxmap 11: 91 (len: 135)
updated maxmap 13: 74 (len: 132)
updated maxmap 12: 75 (len: 132)
updated maxmap 14: 75 (len: 132)
updated maxmap 0: 77 (len: 142)
updated maxmap 15: 77 (len: 142)
updated maxmap 8: a8 (len: 157)
updated maxmap 9: a5 (len: 157)
updated maxmap 13: 75 (len: 132)
updated maxmap 8: b6 (len: 171)
updated maxmap 9: b5 (len: 171)
updated maxmap 11: 92 (len: 149)
updated maxmap 10: a2 (len: 179)
updated maxmap 11: 93 (len: 155)
updated maxmap 7: b1 (len: 168)
updated maxmap 14: 76 (len: 133)
updated maxmap 10: a4 (len: 148)
updated maxmap 0: 79 (len: 157)
updated maxmap 15: 78 (len: 157)
updated maxmap 0: 7a (len: 150)
updated maxmap 15: 79 (len: 150)
updated maxmap 6: a5 (len: 189)
updated maxmap 6: d4 (len: 185)
updated maxmap 7: da (len: 185)
updated maxmap 8: df (len: 185)
updated maxmap 11: 94 (len: 156)
updated maxmap 6: e0 (len: 179)
updated maxmap 7: e2 (len: 179)
updated maxmap 0: 84 (len: 182)
updated maxmap 13: 7a (len: 182)
updated maxmap 14: 7e (len: 182)
updated maxmap 15: 83 (len: 182)
updated maxmap 6: e3 (len: 235)
updated maxmap 7: ed (len: 235)
updated maxmap 8: ea (len: 235)
[1;94m[*] [0mFuzzing test case #3 (555 total, 0 uniq crashes found)...[0m
[1;94m[*] [0mFuzzing test case #4 (555 total, 0 uniq crashes found)...[0m
[1;94m[*] [0mFuzzing test case #5 (555 total, 0 uniq crashes found)...[0m
scheduled max input!!!!
schedule: 13 level30_3/ijon_max/13
updated maxmap 0: 85 (len: 185)
updated maxmap 0: 86 (len: 182)
updated maxmap 14: 7f (len: 182)
updated maxmap 15: 85 (len: 182)
updated maxmap 6: ea (len: 234)
updated maxmap 12: 76 (len: 249)
updated maxmap 11: 95 (len: 187)
updated maxmap 6: f8 (len: 222)
updated maxmap 7: 100 (len: 222)
updated maxmap 8: ff (len: 222)
updated maxmap 10: a6 (len: 191)
updated maxmap 14: 80 (len: 182)
updated maxmap 6: fa (len: 213)
updated maxmap 9: b6 (len: 190)
[1;94m[*] [0mFuzzing test case #6 (710 total, 0 uniq crashes found)...[0m
scheduled max input!!!!
schedule: 7 level30_3/ijon_max/7
updated maxmap 5: fc (len: 236)
updated maxmap 7: 101 (len: 222)
updated maxmap 8: 100 (len: 222)
updated maxmap 6: fc (len: 226)
updated maxmap 7: 110 (len: 226)
updated maxmap 8: 10b (len: 226)
updated maxmap 6: 10d (len: 223)
updated maxmap 6: 118 (len: 230)
updated maxmap 8: 113 (len: 230)
updated maxmap 6: 11d (len: 235)
updated maxmap 0: 87 (len: 237)
updated maxmap 13: 7b (len: 237)
updated maxmap 14: 81 (len: 237)
updated maxmap 6: 12a (len: 233)
updated maxmap 7: 121 (len: 233)
updated maxmap 8: 11b (len: 233)
updated maxmap 8: 11d (len: 225)
updated maxmap 5: 106 (len: 222)
updated maxmap 5: 119 (len: 239)
updated maxmap 6: 15c (len: 268)
updated maxmap 7: 153 (len: 268)
updated maxmap 8: 14d (len: 268)
updated maxmap 5: 11f (len: 229)
updated maxmap 5: 136 (len: 251)
updated maxmap 5: 13d (len: 250)
updated maxmap 4: 11c (len: 229)
[1;94m[*] [0mFuzzing test case #7 (845 total, 0 uniq crashes found)...[0m
scheduled max input!!!!
schedule: 10 level30_3/ijon_max/10
updated maxmap 10: a7 (len: 194)
[1;94m[*] [0mFuzzing test case #8 (862 total, 0 uniq crashes found)...[0m
[1;94m[*] [0mFuzzing test case #9 (862 total, 0 uniq crashes found)...[0m
scheduled max input!!!!
schedule: 0 level30_3/ijon_max/0
updated maxmap 6: 175 (len: 293)
updated maxmap 7: 17a (len: 293)
updated maxmap 8: 186 (len: 293)
updated maxmap 15: 86 (len: 237)
updated maxmap 5: 14f (len: 291)
updated maxmap 6: 17b (len: 307)
updated maxmap 5: 15a (len: 288)
[1;94m[*] [0mFuzzing test case #10 (888 total, 0 uniq crashes found)...[0m
scheduled max input!!!!
schedule: 14 level30_3/ijon_max/14
[1;94m[*] [0mFuzzing test case #11 (888 total, 0 uniq crashes found)...[0m
scheduled max input!!!!
schedule: 0 level30_3/ijon_max/0
updated maxmap 5: 1ad (len: 276)
updated maxmap 6: 1b0 (len: 276)
updated maxmap 7: 188 (len: 276)
updated maxmap 9: b7 (len: 241)
[1;94m[*] [0mFuzzing test case #12 (910 total, 0 uniq crashes found)...[0m
[1;94m[*] [0mFuzzing test case #13 (910 total, 0 uniq crashes found)...[0m
scheduled max input!!!!
schedule: 15 level30_3/ijon_max/15
[1;94m[*] [0mFuzzing test case #14 (911 total, 0 uniq crashes found)...[0m
scheduled max input!!!!
schedule: 11 level30_3/ijon_max/11
[1;94m[*] [0mFuzzing test case #15 (912 total, 0 uniq crashes found)...[0m
[1;94m[*] [0mFuzzing test case #16 (912 total, 0 uniq crashes found)...[0m
scheduled max input!!!!
schedule: 15 level30_3/ijon_max/15
[1;94m[*] [0mFuzzing test case #17 (912 total, 0 uniq crashes found)...[0m
scheduled max input!!!!
schedule: 6 level30_3/ijon_max/6
updated maxmap 7: 197 (len: 276)
updated maxmap 8: 190 (len: 276)
updated maxmap 5: 1b5 (len: 276)
updated maxmap 6: 1b8 (len: 276)
updated maxmap 6: 1bf (len: 279)
updated maxmap 7: 1b6 (len: 276)
updated maxmap 5: 1b6 (len: 276)
updated maxmap 4: 1b0 (len: 276)
updated maxmap 8: 197 (len: 277)
updated maxmap 7: 1c7 (len: 282)
updated maxmap 5: 1c0 (len: 281)
updated maxmap 6: 1c3 (len: 281)
updated maxmap 8: 199 (len: 276)
updated maxmap 6: 1c7 (len: 284)
updated maxmap 8: 1ba (len: 284)
updated maxmap 7: 1cb (len: 283)
updated maxmap 8: 1bb (len: 279)
updated maxmap 5: 1c8 (len: 284)
updated maxmap 8: 1c6 (len: 285)
updated maxmap 6: 1d3 (len: 288)
updated maxmap 7: 1dd (len: 288)
updated maxmap 8: 1e6 (len: 288)
updated maxmap 6: 1d8 (len: 291)
updated maxmap 6: 1dc (len: 284)
updated maxmap 5: 1cc (len: 283)
updated maxmap 5: 201 (len: 323)
updated maxmap 6: 20b (len: 323)
updated maxmap 7: 1df (len: 323)
updated maxmap 3: 151 (len: 287)
[1;94m[*] [0mFuzzing test case #18 (989 total, 0 uniq crashes found)...[0m
scheduled max input!!!!
schedule: 12 level30_3/ijon_max/12
[1;94m[*] [0mFuzzing test case #19 (989 total, 0 uniq crashes found)...[0m
scheduled max input!!!!
schedule: 9 level30_3/ijon_max/9
[1;94m[*] [0mFuzzing test case #20 (990 total, 0 uniq crashes found)...[0m
[1;94m[*] [0mFuzzing test case #21 (990 total, 0 uniq crashes found)...[0m
scheduled max input!!!!
schedule: 8 level30_3/ijon_max/8
updated maxmap 8: 1e7 (len: 288)
updated maxmap 8: 1ec (len: 290)
updated maxmap 5: 209 (len: 311)
updated maxmap 7: 1fb (len: 311)
updated maxmap 8: 1f6 (len: 311)
updated maxmap 6: 212 (len: 326)
updated maxmap 7: 1fe (len: 326)
updated maxmap 8: 1f7 (len: 326)
updated maxmap 0: 88 (len: 306)
[1;94m[*] [0mFuzzing test case #22 (1013 total, 0 uniq crashes found)...[0m
scheduled max input!!!!
schedule: 4 level30_3/ijon_max/4
updated maxmap 4: 1b4 (len: 276)
[1;94m[*] [0mFuzzing test case #23 (1013 total, 0 uniq crashes found)...[0m
scheduled max input!!!!
schedule: 13 level30_3/ijon_max/13
[1;94m[*] [0mFuzzing test case #24 (1013 total, 0 uniq crashes found)...[0m
scheduled max input!!!!
schedule: 7 level30_3/ijon_max/7
updated maxmap 6: 213 (len: 326)
updated maxmap 7: 1ff (len: 326)
updated maxmap 8: 1f9 (len: 326)
updated maxmap 6: 216 (len: 326)
updated maxmap 7: 200 (len: 326)
updated maxmap 6: 217 (len: 326)
updated maxmap 7: 201 (len: 326)
updated maxmap 8: 1fa (len: 326)
updated maxmap 8: 1fb (len: 326)
updated maxmap 5: 216 (len: 327)
updated maxmap 4: 1f3 (len: 330)
updated maxmap 7: 217 (len: 330)
updated maxmap 8: 214 (len: 330)
updated maxmap 4: 1f6 (len: 326)
updated maxmap 4: 1f8 (len: 326)
updated maxmap 4: 1fb (len: 326)
updated maxmap 7: 218 (len: 326)
updated maxmap 4: 1fd (len: 326)
updated maxmap 7: 21a (len: 326)
updated maxmap 6: 219 (len: 331)
updated maxmap 8: 21f (len: 328)
updated maxmap 6: 22a (len: 334)
updated maxmap 4: 200 (len: 326)
updated maxmap 4: 213 (len: 329)
updated maxmap 5: 21a (len: 329)
updated maxmap 7: 21b (len: 326)
updated maxmap 7: 21d (len: 330)
updated maxmap 7: 21e (len: 332)
updated maxmap 6: 232 (len: 342)
updated maxmap 7: 223 (len: 329)
updated maxmap 5: 21b (len: 326)
updated maxmap 8: 220 (len: 331)
updated maxmap 5: 21e (len: 334)
updated maxmap 7: 232 (len: 334)
updated maxmap 5: 222 (len: 331)
updated maxmap 8: 228 (len: 336)
updated maxmap 7: 238 (len: 338)
updated maxmap 8: 231 (len: 338)
updated maxmap 15: 87 (len: 345)
updated maxmap 5: 252 (len: 349)
updated maxmap 6: 2ad (len: 349)
updated maxmap 7: 2a6 (len: 349)
updated maxmap 8: 29f (len: 349)
updated maxmap 5: 262 (len: 333)
updated maxmap 4: 222 (len: 333)
updated maxmap 5: 264 (len: 333)
updated maxmap 4: 253 (len: 334)
updated maxmap 5: 267 (len: 338)
[1;94m[*] [0mFuzzing test case #25 (1072 total, 0 uniq crashes found)...[0m
scheduled max input!!!!
schedule: 4 level30_3/ijon_max/4
updated maxmap 4: 254 (len: 334)
updated maxmap 4: 255 (len: 334)
updated maxmap 4: 25b (len: 340)
updated maxmap 5: 26a (len: 340)
updated maxmap 4: 263 (len: 338)
updated maxmap 5: 272 (len: 338)
updated maxmap 4: 27f (len: 342)
updated maxmap 5: 28e (len: 342)
updated maxmap 4: 284 (len: 338)
updated maxmap 4: 294 (len: 341)
updated maxmap 5: 297 (len: 341)
updated maxmap 3: 1d0 (len: 341)
updated maxmap 8: 2a1 (len: 345)
updated maxmap 5: 298 (len: 342)
updated maxmap 8: 2a3 (len: 345)
[1;94m[*] [0mFuzzing test case #26 (1091 total, 0 uniq crashes found)...[0m
[1;94m[*] [0mFuzzing test case #27 (1091 total, 0 uniq crashes found)...[0m
scheduled max input!!!!
schedule: 11 level30_3/ijon_max/11
[1;94m[*] [0mFuzzing test case #28 (1091 total, 0 uniq crashes found)...[0m
scheduled max input!!!!
schedule: 5 level30_3/ijon_max/5
updated maxmap 5: 29a (len: 344)
[1;94m[*] [0mFuzzing test case #29 (1092 total, 0 uniq crashes found)...[0m
scheduled max input!!!!
schedule: 8 level30_3/ijon_max/8
updated maxmap 8: 2a4 (len: 345)
updated maxmap 8: 2a5 (len: 345)
updated maxmap 8: 2a6 (len: 345)
updated maxmap 6: 2b3 (len: 352)
updated maxmap 7: 2b7 (len: 352)
updated maxmap 6: 2b6 (len: 352)
updated maxmap 8: 2ab (len: 352)
updated maxmap 8: 2ad (len: 349)
[1;94m[*] [0mFuzzing test case #30 (1093 total, 0 uniq crashes found)...[0m
scheduled max input!!!!
schedule: 5 level30_3/ijon_max/5
updated maxmap 5: 29d (len: 344)
updated maxmap 5: 2a1 (len: 347)
updated maxmap 5: 2b1 (len: 352)
[1;94m[*] [0mFuzzing test case #31 (1095 total, 0 uniq crashes found)...[0m
scheduled max input!!!!
schedule: 13 level30_3/ijon_max/13
[1;94m[*] [0mFuzzing test case #32 (1095 total, 0 uniq crashes found)...[0m
scheduled max input!!!!
schedule: 13 level30_3/ijon_max/13
[1;94m[*] [0mFuzzing test case #33 (1095 total, 0 uniq crashes found)...[0m
scheduled max input!!!!
schedule: 4 level30_3/ijon_max/4
updated maxmap 4: 299 (len: 341)
updated maxmap 4: 29c (len: 343)
updated maxmap 8: 2b4 (len: 351)
[1;94m[*] [0mFuzzing test case #34 (1095 total, 0 uniq crashes found)...[0m
scheduled max input!!!!
schedule: 10 level30_3/ijon_max/10
[1;94m[*] [0mFuzzing test case #35 (1095 total, 0 uniq crashes found)...[0m
scheduled max input!!!!
schedule: 9 level30_3/ijon_max/9
[1;94m[*] [0mFuzzing test case #36 (1095 total, 0 uniq crashes found)...[0m
scheduled max input!!!!
schedule: 8 level30_3/ijon_max/8
updated maxmap 8: 2b5 (len: 351)
updated maxmap 8: 2b6 (len: 351)
updated maxmap 8: 2ba (len: 354)
updated maxmap 7: 2c3 (len: 357)
updated maxmap 8: 2c0 (len: 357)
updated maxmap 6: 2bb (len: 355)
updated maxmap 6: 2bf (len: 358)
updated maxmap 8: 2c3 (len: 357)
[1;94m[*] [0mFuzzing test case #37 (1096 total, 0 uniq crashes found)...[0m
scheduled max input!!!!
schedule: 9 level30_3/ijon_max/9
[1;94m[*] [0mFuzzing test case #38 (1096 total, 0 uniq crashes found)...[0m
scheduled max input!!!!
schedule: 5 level30_3/ijon_max/5
updated maxmap 5: 2b2 (len: 354)
[1;94m[*] [0mFuzzing test case #39 (1096 total, 0 uniq crashes found)...[0m
scheduled max input!!!!
schedule: 4 level30_3/ijon_max/4
updated maxmap 4: 29d (len: 343)
updated maxmap 4: 2a1 (len: 345)
[1;94m[*] [0mFuzzing test case #40 (1096 total, 0 uniq crashes found)...[0m
scheduled max input!!!!
schedule: 11 level30_3/ijon_max/11
[1;94m[*] [0mFuzzing test case #41 (1096 total, 0 uniq crashes found)...[0m
scheduled max input!!!!
schedule: 13 level30_3/ijon_max/13
[1;94m[*] [0mFuzzing test case #42 (1096 total, 0 uniq crashes found)...[0m
scheduled max input!!!!
schedule: 4 level30_3/ijon_max/4
updated maxmap 4: 2a2 (len: 345)
updated maxmap 4: 2a9 (len: 349)
[1;94m[*] [0mFuzzing test case #43 (1097 total, 0 uniq crashes found)...[0m
scheduled max input!!!!
schedule: 3 level30_3/ijon_max/3
updated maxmap 3: 1d1 (len: 341)
updated maxmap 3: 1d2 (len: 341)
updated maxmap 3: 1d3 (len: 341)
updated maxmap 3: 1e0 (len: 349)
updated maxmap 3: 1e1 (len: 341)
[1;94m[*] [0mFuzzing test case #44 (1097 total, 0 uniq crashes found)...[0m
scheduled max input!!!!
schedule: 0 level30_3/ijon_max/0
updated maxmap 0: 89 (len: 313)
[1;94m[*] [0mFuzzing test case #45 (1097 total, 0 uniq crashes found)...[0m
scheduled max input!!!!
schedule: 6 level30_3/ijon_max/6
updated maxmap 6: 2c1 (len: 358)
updated maxmap 7: 2d8 (len: 369)
updated maxmap 8: 2d2 (len: 369)
updated maxmap 6: 2c4 (len: 360)
updated maxmap 6: 2cf (len: 365)
updated maxmap 6: 2d3 (len: 366)
updated maxmap 5: 2b5 (len: 366)
updated maxmap 5: 2bf (len: 358)
updated maxmap 6: 2d9 (len: 367)
updated maxmap 5: 2c1 (len: 358)
updated maxmap 6: 2db (len: 366)
updated maxmap 8: 2dc (len: 369)
updated maxmap 5: 2d0 (len: 366)
updated maxmap 6: 2dc (len: 366)
updated maxmap 7: 2e1 (len: 366)
updated maxmap 5: 2d2 (len: 358)
updated maxmap 5: 2dc (len: 365)
updated maxmap 5: 2e3 (len: 367)
updated maxmap 7: 2ed (len: 371)
updated maxmap 8: 2ea (len: 371)
updated maxmap 6: 2e2 (len: 364)
updated maxmap 3: 269 (len: 358)
updated maxmap 3: 290 (len: 358)
updated maxmap 3: 291 (len: 358)
updated maxmap 3: 296 (len: 369)
updated maxmap 6: 2e3 (len: 366)
updated maxmap 3: 2a0 (len: 364)
updated maxmap 4: 2aa (len: 364)
[1;94m[*] [0mFuzzing test case #46 (1118 total, 0 uniq crashes found)...[0m
[1;94m[*] [0mFuzzing test case #47 (1118 total, 0 uniq crashes found)...[0m
scheduled max input!!!!
schedule: 9 level30_3/ijon_max/9
[1;94m[*] [0mFuzzing test case #48 (1118 total, 0 uniq crashes found)...[0m
scheduled max input!!!!
schedule: 14 level30_3/ijon_max/14
[1;94m[*] [0mFuzzing test case #49 (1118 total, 0 uniq crashes found)...[0m
[1;94m[*] [0mFuzzing test case #50 (1118 total, 0 uniq crashes found)...[0m
scheduled max input!!!!
schedule: 7 level30_3/ijon_max/7
updated maxmap 7: 2f1 (len: 371)
updated maxmap 8: 2ef (len: 371)
updated maxmap 7: 2f3 (len: 371)
updated maxmap 8: 2f0 (len: 371)
updated maxmap 5: 2f1 (len: 371)
updated maxmap 7: 2fd (len: 377)
updated maxmap 8: 2fc (len: 377)
updated maxmap 6: 2e5 (len: 371)
updated maxmap 6: 2e9 (len: 374)
updated maxmap 6: 2f1 (len: 379)
updated maxmap 8: 301 (len: 379)
updated maxmap 6: 303 (len: 378)
updated maxmap 7: 2ff (len: 379)
updated maxmap 8: 306 (len: 379)
updated maxmap 5: 2fa (len: 379)
updated maxmap 5: 2fb (len: 379)
updated maxmap 6: 304 (len: 379)
updated maxmap 7: 300 (len: 378)
updated maxmap 5: 2fc (len: 381)
updated maxmap 6: 305 (len: 381)
updated maxmap 6: 30b (len: 383)
updated maxmap 4: 2af (len: 372)
updated maxmap 4: 2f2 (len: 373)
[1;94m[*] [0mFuzzing test case #51 (1126 total, 0 uniq crashes found)...[0m
[1;94m[*] [0mFuzzing test case #52 (1126 total, 0 uniq crashes found)...[0m
scheduled max input!!!!
schedule: 6 level30_3/ijon_max/6
updated maxmap 6: 30c (len: 383)
updated maxmap 6: 320 (len: 390)
updated maxmap 7: 307 (len: 390)
updated maxmap 7: 310 (len: 388)
updated maxmap 8: 309 (len: 388)
updated maxmap 7: 317 (len: 388)
updated maxmap 8: 310 (len: 388)
updated maxmap 5: 31c (len: 388)
updated maxmap 5: 320 (len: 390)
updated maxmap 3: 2cf (len: 383)
updated maxmap 6: 332 (len: 397)
updated maxmap 7: 319 (len: 397)
updated maxmap 8: 312 (len: 397)
updated maxmap 7: 31b (len: 390)
updated maxmap 8: 31f (len: 390)
updated maxmap 7: 31d (len: 390)
updated maxmap 7: 325 (len: 396)
updated maxmap 8: 321 (len: 390)
updated maxmap 6: 335 (len: 395)
updated maxmap 5: 338 (len: 395)
updated maxmap 8: 322 (len: 386)
updated maxmap 8: 326 (len: 390)
updated maxmap 8: 328 (len: 391)
updated maxmap 3: 30f (len: 383)
updated maxmap 4: 319 (len: 383)
updated maxmap 8: 329 (len: 391)
updated maxmap 7: 331 (len: 393)
updated maxmap 8: 333 (len: 399)
updated maxmap 8: 336 (len: 397)
[1;94m[*] [0mFuzzing test case #53 (1139 total, 0 uniq crashes found)...[0m
[1;94m[*] [0mFuzzing test case #54 (1139 total, 0 uniq crashes found)...[0m
scheduled max input!!!!
schedule: 4 level30_3/ijon_max/4
updated maxmap 3: 311 (len: 383)
updated maxmap 4: 31b (len: 383)
updated maxmap 3: 317 (len: 393)
updated maxmap 4: 321 (len: 393)
updated maxmap 4: 323 (len: 391)
[1;94m[*] [0mFuzzing test case #55 (1139 total, 0 uniq crashes found)...[0m
scheduled max input!!!!
schedule: 10 level30_3/ijon_max/10
[1;94m[*] [0mFuzzing test case #56 (1139 total, 0 uniq crashes found)...[0m
scheduled max input!!!!
schedule: 5 level30_3/ijon_max/5
updated maxmap 5: 33d (len: 401)
[1;94m[*] [0mFuzzing test case #57 (1139 total, 0 uniq crashes found)...[0m
[1;94m[*] [0mFuzzing test case #58 (1139 total, 0 uniq crashes found)...[0m
scheduled max input!!!!
schedule: 14 level30_3/ijon_max/14
[1;94m[*] [0mFuzzing test case #59 (1139 total, 0 uniq crashes found)...[0m
scheduled max input!!!!
schedule: 12 level30_3/ijon_max/12
[1;94m[*] [0mFuzzing test case #60 (1139 total, 0 uniq crashes found)...[0m
scheduled max input!!!!
schedule: 15 level30_3/ijon_max/15
[1;94m[*] [0mFuzzing test case #61 (1139 total, 0 uniq crashes found)...[0m
scheduled max input!!!!
schedule: 12 level30_3/ijon_max/12
[1;94m[*] [0mFuzzing test case #62 (1139 total, 0 uniq crashes found)...[0m
scheduled max input!!!!
schedule: 5 level30_3/ijon_max/5
updated maxmap 7: 339 (len: 401)
updated maxmap 8: 33e (len: 401)
updated maxmap 5: 33e (len: 401)
updated maxmap 6: 338 (len: 407)
updated maxmap 7: 34c (len: 407)
updated maxmap 8: 345 (len: 407)
updated maxmap 5: 33f (len: 401)
updated maxmap 6: 33d (len: 410)
updated maxmap 8: 34b (len: 410)
updated maxmap 6: 33f (len: 401)
updated maxmap 5: 340 (len: 401)
updated maxmap 5: 346 (len: 403)
updated maxmap 5: 347 (len: 404)
updated maxmap 5: 352 (len: 409)
updated maxmap 6: 343 (len: 409)
updated maxmap 6: 354 (len: 408)
updated maxmap 7: 34d (len: 412)
updated maxmap 6: 35c (len: 413)
updated maxmap 7: 34e (len: 413)
updated maxmap 7: 356 (len: 412)
updated maxmap 6: 35e (len: 414)
[1;94m[*] [0mFuzzing test case #63 (1155 total, 0 uniq crashes found)...[0m
scheduled max input!!!!
schedule: 0 level30_3/ijon_max/0
[1;94m[*] [0mFuzzing test case #64 (1155 total, 0 uniq crashes found)...[0m
scheduled max input!!!!
schedule: 5 level30_3/ijon_max/5
updated maxmap 5: 353 (len: 409)
updated maxmap 5: 354 (len: 409)
updated maxmap 5: 355 (len: 410)
updated maxmap 5: 359 (len: 409)
updated maxmap 5: 35a (len: 409)
updated maxmap 4: 361 (len: 412)
updated maxmap 5: 35c (len: 410)
updated maxmap 5: 363 (len: 413)
[1;94m[*] [0mFuzzing test case #65 (1155 total, 0 uniq crashes found)...[0m
[1;94m[*] [0mFuzzing test case #66 (1155 total, 0 uniq crashes found)...[0m
scheduled max input!!!!
schedule: 3 level30_3/ijon_max/3
updated maxmap 3: 319 (len: 393)
updated maxmap 3: 31d (len: 393)
updated maxmap 3: 31e (len: 393)
updated maxmap 3: 31f (len: 393)
[1;94m[*] [0mFuzzing test case #67 (1155 total, 0 uniq crashes found)...[0m
scheduled max input!!!!
schedule: 11 level30_3/ijon_max/11
[1;94m[*] [0mFuzzing test case #68 (1155 total, 0 uniq crashes found)...[0m
scheduled max input!!!!
schedule: 11 level30_3/ijon_max/11
[1;94m[*] [0mFuzzing test case #69 (1155 total, 0 uniq crashes found)...[0m
scheduled max input!!!!
schedule: 11 level30_3/ijon_max/11
[1;94m[*] [0mFuzzing test case #70 (1155 total, 0 uniq crashes found)...[0m
[1;94m[*] [0mFuzzing test case #71 (1155 total, 0 uniq crashes found)...[0m
scheduled max input!!!!
schedule: 9 level30_3/ijon_max/9
[1;94m[*] [0mFuzzing test case #72 (1155 total, 0 uniq crashes found)...[0m
scheduled max input!!!!
schedule: 3 level30_3/ijon_max/3
updated maxmap 3: 325 (len: 393)
updated maxmap 3: 330 (len: 399)
updated maxmap 3: 344 (len: 400)
[1;94m[*] [0mFuzzing test case #73 (1155 total, 0 uniq crashes found)...[0m
[1;94m[*] [0mFuzzing test case #74 (1155 total, 0 uniq crashes found)...[0m
[1;94m[*] [0mFuzzing test case #75 (1155 total, 0 uniq crashes found)...[0m
[1;94m[*] [0mFuzzing test case #76 (1155 total, 0 uniq crashes found)...[0m
[1;94m[*] [0mFuzzing test case #77 (1155 total, 0 uniq crashes found)...[0m
scheduled max input!!!!
schedule: 4 level30_3/ijon_max/4
updated maxmap 4: 362 (len: 412)
updated maxmap 4: 363 (len: 412)
[1;94m[*] [0mFuzzing test case #78 (1155 total, 0 uniq crashes found)...[0m
scheduled max input!!!!
schedule: 7 level30_3/ijon_max/7
updated maxmap 7: 358 (len: 413)
updated maxmap 5: 36c (len: 426)
updated maxmap 6: 36a (len: 426)
updated maxmap 7: 363 (len: 426)
updated maxmap 8: 35d (len: 426)
updated maxmap 8: 361 (len: 421)
updated maxmap 7: 36c (len: 421)
updated maxmap 8: 36f (len: 421)
updated maxmap 6: 39d (len: 446)
updated maxmap 7: 386 (len: 446)
updated maxmap 8: 37f (len: 446)
updated maxmap 5: 372 (len: 429)
updated maxmap 5: 376 (len: 427)
[1;94m[*] [0mFuzzing test case #79 (1167 total, 0 uniq crashes found)...[0m
scheduled max input!!!!
schedule: 11 level30_3/ijon_max/11
[1;94m[*] [0mFuzzing test case #80 (1167 total, 0 uniq crashes found)...[0m
scheduled max input!!!!
schedule: 5 level30_3/ijon_max/5
updated maxmap 5: 377 (len: 427)
updated maxmap 5: 378 (len: 427)
updated maxmap 5: 37a (len: 430)
updated maxmap 8: 388 (len: 435)
updated maxmap 5: 37f (len: 436)
updated maxmap 5: 380 (len: 433)
updated maxmap 7: 388 (len: 438)
[1;94m[*] [0mFuzzing test case #81 (1173 total, 0 uniq crashes found)...[0m
scheduled max input!!!!
schedule: 0 level30_3/ijon_max/0
[1;94m[*] [0mFuzzing test case #82 (1173 total, 0 uniq crashes found)...[0m
scheduled max input!!!!
schedule: 15 level30_3/ijon_max/15
[1;94m[*] [0mFuzzing test case #83 (1173 total, 0 uniq crashes found)...[0m
scheduled max input!!!!
schedule: 5 level30_3/ijon_max/5
updated maxmap 5: 382 (len: 433)
updated maxmap 5: 383 (len: 434)
[1;94m[*] [0mFuzzing test case #84 (1174 total, 0 uniq crashes found)...[0m
scheduled max input!!!!
schedule: 13 level30_3/ijon_max/13
[1;94m[*] [0mFuzzing test case #85 (1174 total, 0 uniq crashes found)...[0m
scheduled max input!!!!
schedule: 6 level30_3/ijon_max/6
updated maxmap 7: 391 (len: 451)
updated maxmap 8: 38d (len: 451)
updated maxmap 6: 39e (len: 446)
updated maxmap 6: 3a5 (len: 450)
updated maxmap 7: 3a3 (len: 453)
updated maxmap 8: 3a9 (len: 453)
updated maxmap 6: 3aa (len: 448)
updated maxmap 7: 3ad (len: 450)
updated maxmap 8: 3b0 (len: 450)
updated maxmap 6: 3ad (len: 454)
updated maxmap 7: 3b7 (len: 454)
updated maxmap 8: 3b9 (len: 454)
updated maxmap 6: 3bb (len: 454)
updated maxmap 5: 38d (len: 451)
updated maxmap 5: 3b8 (len: 452)
updated maxmap 4: 38a (len: 452)
updated maxmap 7: 3bc (len: 457)
updated maxmap 6: 3c2 (len: 458)
updated maxmap 8: 3bc (len: 454)
[1;94m[*] [0mFuzzing test case #86 (1184 total, 0 uniq crashes found)...[0m
[1;94m[*] [0mFuzzing test case #87 (1184 total, 0 uniq crashes found)...[0m
scheduled max input!!!!
schedule: 10 level30_3/ijon_max/10
[1;94m[*] [0mFuzzing test case #88 (1184 total, 0 uniq crashes found)...[0m
scheduled max input!!!!
schedule: 4 level30_3/ijon_max/4
updated maxmap 4: 38b (len: 452)
updated maxmap 4: 396 (len: 459)
updated maxmap 4: 39c (len: 454)
updated maxmap 4: 39d (len: 452)
updated maxmap 4: 39e (len: 452)
updated maxmap 4: 39f (len: 452)
updated maxmap 4: 3a4 (len: 455)
updated maxmap 4: 3a5 (len: 452)
updated maxmap 4: 3a6 (len: 452)
updated maxmap 6: 3c4 (len: 460)
[1;94m[*] [0mFuzzing test case #89 (1184 total, 0 uniq crashes found)...[0m
scheduled max input!!!!
schedule: 12 level30_3/ijon_max/12
[1;94m[*] [0mFuzzing test case #90 (1184 total, 0 uniq crashes found)...[0m
scheduled max input!!!!
schedule: 4 level30_3/ijon_max/4
updated maxmap 6: 3cf (len: 462)
updated maxmap 7: 3c2 (len: 462)
updated maxmap 4: 3a9 (len: 452)
updated maxmap 4: 3aa (len: 452)
updated maxmap 4: 3ac (len: 453)
updated maxmap 4: 3ad (len: 452)
updated maxmap 4: 3ae (len: 452)
updated maxmap 4: 3b9 (len: 457)
updated maxmap 5: 3be (len: 457)
[1;94m[*] [0mFuzzing test case #91 (1184 total, 0 uniq crashes found)...[0m
[1;94m[*] [0mFuzzing test case #92 (1184 total, 0 uniq crashes found)...[0m
[1;94m[*] [0mFuzzing test case #93 (1184 total, 0 uniq crashes found)...[0m
[1;94m[*] [0mFuzzing test case #94 (1184 total, 0 uniq crashes found)...[0m
scheduled max input!!!!
schedule: 6 level30_3/ijon_max/6
updated maxmap 7: 3ca (len: 462)
updated maxmap 8: 3ce (len: 462)
updated maxmap 5: 3c7 (len: 470)
updated maxmap 6: 3d1 (len: 470)
updated maxmap 7: 3db (len: 470)
updated maxmap 8: 3e3 (len: 470)
updated maxmap 4: 3ba (len: 462)
updated maxmap 5: 3c9 (len: 462)
updated maxmap 6: 3d3 (len: 462)
updated maxmap 4: 3bb (len: 462)
updated maxmap 6: 3de (len: 467)
[1;94m[*] [0mFuzzing test case #95 (1184 total, 0 uniq crashes found)...[0m
scheduled max input!!!!
schedule: 8 level30_3/ijon_max/8
updated maxmap 6: 3e4 (len: 470)
updated maxmap 7: 3dc (len: 472)
updated maxmap 8: 3e5 (len: 472)
updated maxmap 5: 3ca (len: 470)
updated maxmap 4: 3bd (len: 470)
updated maxmap 5: 3cb (len: 470)
updated maxmap 7: 3df (len: 470)
updated maxmap 5: 3e4 (len: 478)
updated maxmap 4: 3cf (len: 477)
updated maxmap 6: 3e7 (len: 477)
updated maxmap 7: 3f1 (len: 477)
updated maxmap 8: 3f6 (len: 477)
updated maxmap 4: 3d0 (len: 470)
updated maxmap 4: 3d4 (len: 472)
updated maxmap 6: 3ea (len: 472)
updated maxmap 5: 3e6 (len: 470)
updated maxmap 5: 3fb (len: 481)
updated maxmap 6: 3f9 (len: 481)
updated maxmap 7: 3f2 (len: 477)
updated maxmap 8: 3f7 (len: 477)
updated maxmap 7: 3f7 (len: 477)
updated maxmap 4: 3db (len: 478)
updated maxmap 4: 3e8 (len: 481)
updated maxmap 6: 3fd (len: 481)
updated maxmap 5: 3fd (len: 483)
updated maxmap 6: 3ff (len: 483)
updated maxmap 7: 3fc (len: 478)
[1;94m[*] [0mFuzzing test case #96 (1195 total, 0 uniq crashes found)...[0m
scheduled max input!!!!
schedule: 15 level30_3/ijon_max/15
[1;94m[*] [0mFuzzing test case #97 (1195 total, 0 uniq crashes found)...[0m
scheduled max input!!!!
schedule: 6 level30_3/ijon_max/6
updated maxmap 5: 3fe (len: 483)
updated maxmap 6: 400 (len: 483)
updated maxmap 5: 402 (len: 485)
updated maxmap 6: 404 (len: 485)
updated maxmap 5: 40a (len: 486)
updated maxmap 6: 409 (len: 486)
updated maxmap 7: 40b (len: 486)
updated maxmap 7: 411 (len: 495)
updated maxmap 8: 41b (len: 495)
updated maxmap 9: 423 (len: 495)
updated maxmap 6: 410 (len: 489)
updated maxmap 10: 412 (len: 494)
updated maxmap 10: 41b (len: 493)
[1;94m[*] [0mFuzzing test case #98 (1196 total, 0 uniq crashes found)...[0m
scheduled max input!!!!
schedule: 8 level30_3/ijon_max/8
updated maxmap 9: 425 (len: 500)
updated maxmap 10: 42e (len: 500)
updated maxmap 7: 413 (len: 495)
updated maxmap 8: 41d (len: 495)
updated maxmap 7: 414 (len: 495)
updated maxmap 8: 41e (len: 495)
updated maxmap 11: 42f (len: 502)
updated maxmap 7: 41a (len: 499)
updated maxmap 8: 424 (len: 499)
updated maxmap 9: 42b (len: 499)
updated maxmap 6: 412 (len: 495)
updated maxmap 7: 41c (len: 495)
updated maxmap 5: 415 (len: 499)
updated maxmap 6: 41f (len: 499)
updated maxmap 7: 429 (len: 499)
updated maxmap 8: 426 (len: 503)
updated maxmap 6: 423 (len: 503)
updated maxmap 12: 426 (len: 502)
updated maxmap 8: 429 (len: 503)
updated maxmap 5: 419 (len: 501)
updated maxmap 5: 421 (len: 499)
updated maxmap 6: 428 (len: 499)
updated maxmap 8: 42e (len: 512)
updated maxmap 9: 42e (len: 512)
updated maxmap 9: 42f (len: 500)
updated maxmap 6: 42b (len: 499)
updated maxmap 7: 430 (len: 499)
updated maxmap 10: 430 (len: 513)
updated maxmap 12: 42d (len: 513)
updated maxmap 13: 42d (len: 513)
updated maxmap 10: 431 (len: 502)
updated maxmap 12: 430 (len: 507)
updated maxmap 13: 430 (len: 507)
[1;94m[*] [0mFuzzing test case #99 (1206 total, 0 uniq crashes found)...[0m
scheduled max input!!!!
schedule: 6 level30_3/ijon_max/6
updated maxmap 13: 436 (len: 502)
updated maxmap 5: 423 (len: 499)
updated maxmap 6: 42d (len: 499)
updated maxmap 7: 432 (len: 499)
updated maxmap 13: 437 (len: 504)
updated maxmap 14: 43c (len: 504)
updated maxmap 15: 42f (len: 508)
updated maxmap 13: 438 (len: 504)
updated maxmap 14: 43d (len: 504)
updated maxmap 7: 442 (len: 506)
updated maxmap 8: 43b (len: 506)
updated maxmap 12: 431 (len: 500)
[1;94m[*] [0mFuzzing test case #100 (1207 total, 0 uniq crashes found)...[0m
scheduled max input!!!!
schedule: 10 level30_3/ijon_max/10
updated maxmap 14: 43e (len: 506)
updated maxmap 15: 445 (len: 506)
updated maxmap 9: 430 (len: 506)
updated maxmap 0: 42d (len: 511)
updated maxmap 0: 44a (len: 518)
updated maxmap 15: 448 (len: 518)
updated maxmap 14: 442 (len: 511)
updated maxmap 15: 44a (len: 511)
updated maxmap 0: 44f (len: 511)
updated maxmap 15: 44c (len: 511)
updated maxmap 11: 430 (len: 508)
updated maxmap 9: 431 (len: 502)
[1;94m[*] [0mFuzzing test case #101 (1216 total, 0 uniq crashes found)...[0m
scheduled max input!!!!
schedule: 15 level30_3/ijon_max/15
[1;94m[*] [0mFuzzing test case #102 (1217 total, 0 uniq crashes found)...[0m
scheduled max input!!!!
schedule: 0 level30_3/ijon_max/0
[1;94m[*] [0mFuzzing test case #103 (1217 total, 0 uniq crashes found)...[0m
scheduled max input!!!!
schedule: 8 level30_3/ijon_max/8
updated maxmap 7: 443 (len: 506)
updated maxmap 6: 44c (len: 510)
[1;94m[*] [0mFuzzing test case #104 (1217 total, 0 uniq crashes found)...[0m
scheduled max input!!!!
schedule: 4 level30_3/ijon_max/4
updated maxmap 4: 3e9 (len: 481)
updated maxmap 4: 3ea (len: 481)
updated maxmap 4: 3eb (len: 481)
updated maxmap 4: 3fc (len: 487)
[1;94m[*] [0mFuzzing test case #105 (1217 total, 0 uniq crashes found)...[0m
scheduled max input!!!!
schedule: 11 level30_3/ijon_max/11
updated maxmap 9: 432 (len: 508)
[1;94m[*] [0mFuzzing test case #106 (1217 total, 0 uniq crashes found)...[0m
[1;94m[*] [0mFuzzing test case #107 (1217 total, 0 uniq crashes found)...[0m
scheduled max input!!!!
schedule: 8 level30_3/ijon_max/8
updated maxmap 8: 43c (len: 506)
updated maxmap 7: 445 (len: 509)
updated maxmap 8: 43f (len: 509)
updated maxmap 8: 440 (len: 506)
[1;94m[*] [0mFuzzing test case #108 (1217 total, 0 uniq crashes found)...[0m
scheduled max input!!!!
schedule: 10 level30_3/ijon_max/10
[1;94m[*] [0mFuzzing test case #109 (1217 total, 0 uniq crashes found)...[0m
scheduled max input!!!!
schedule: 3 level30_3/ijon_max/3
updated maxmap 3: 355 (len: 407)
[1;94m[*] [0mFuzzing test case #110 (1217 total, 0 uniq crashes found)...[0m
scheduled max input!!!!
schedule: 6 level30_3/ijon_max/6
updated maxmap 6: 44d (len: 510)
[1;94m[*] [0mFuzzing test case #111 (1217 total, 0 uniq crashes found)...[0m
scheduled max input!!!!
schedule: 3 level30_3/ijon_max/3
updated maxmap 3: 356 (len: 407)
updated maxmap 3: 35a (len: 409)
[1;94m[*] [0mFuzzing test case #112 (1217 total, 0 uniq crashes found)...[0m
scheduled max input!!!!
schedule: 14 level30_3/ijon_max/14
[1;94m[*] [0mFuzzing test case #113 (1217 total, 0 uniq crashes found)...[0m
scheduled max input!!!!
schedule: 14 level30_3/ijon_max/14
[1;94m[*] [0mFuzzing test case #114 (1217 total, 0 uniq crashes found)...[0m
scheduled max input!!!!
schedule: 5 level30_3/ijon_max/5
updated maxmap 5: 425 (len: 499)
[1;94m[*] [0mFuzzing test case #115 (1217 total, 0 uniq crashes found)...[0m
scheduled max input!!!!
schedule: 3 level30_3/ijon_max/3
updated maxmap 3: 35b (len: 409)
updated maxmap 3: 365 (len: 414)
[1;94m[*] [0mFuzzing test case #116 (1218 total, 0 uniq crashes found)...[0m
scheduled max input!!!!
schedule: 5 level30_3/ijon_max/5
[1;94m[*] [0mFuzzing test case #117 (1219 total, 0 uniq crashes found)...[0m
scheduled max input!!!!
schedule: 3 level30_3/ijon_max/3
updated maxmap 3: 366 (len: 414)
updated maxmap 3: 368 (len: 414)
updated maxmap 3: 369 (len: 414)
updated maxmap 3: 36b (len: 414)
[1;94m[*] [0mFuzzing test case #118 (1219 total, 0 uniq crashes found)...[0m
[1;94m[*] [0mFuzzing test case #119 (1219 total, 0 uniq crashes found)...[0m
scheduled max input!!!!
schedule: 14 level30_3/ijon_max/14
[1;94m[*] [0mFuzzing test case #120 (1219 total, 0 uniq crashes found)...[0m
scheduled max input!!!!
schedule: 3 level30_3/ijon_max/3
updated maxmap 3: 36c (len: 415)
updated maxmap 3: 36f (len: 416)
[1;94m[*] [0mFuzzing test case #121 (1220 total, 0 uniq crashes found)...[0m
scheduled max input!!!!
schedule: 9 level30_3/ijon_max/9
[1;94m[*] [0mFuzzing test case #122 (1220 total, 0 uniq crashes found)...[0m
scheduled max input!!!!
schedule: 9 level30_3/ijon_max/9
[1;94m[*] [0mFuzzing test case #123 (1220 total, 0 uniq crashes found)...[0m
[1;94m[*] [0mFuzzing test case #124 (1220 total, 0 uniq crashes found)...[0m
scheduled max input!!!!
schedule: 3 level30_3/ijon_max/3
updated maxmap 3: 376 (len: 421)
[1;94m[*] [0mFuzzing test case #125 (1220 total, 0 uniq crashes found)...[0m
scheduled max input!!!!
schedule: 10 level30_3/ijon_max/10
[1;94m[*] [0mFuzzing test case #126 (1220 total, 0 uniq crashes found)...[0m
scheduled max input!!!!
schedule: 14 level30_3/ijon_max/14
updated maxmap 11: 431 (len: 518)
[1;94m[*] [0mFuzzing test case #127 (1220 total, 0 uniq crashes found)...[0m
[1;94m[*] [0mFuzzing test case #128 (1220 total, 0 uniq crashes found)...[0m
[1;94m[*] [0mFuzzing test case #129 (1220 total, 0 uniq crashes found)...[0m
scheduled max input!!!!
schedule: 10 level30_3/ijon_max/10
[1;94m[*] [0mFuzzing test case #130 (1220 total, 0 uniq crashes found)...[0m
scheduled max input!!!!
schedule: 15 level30_3/ijon_max/15
updated maxmap 12: 432 (len: 517)
minimized maxmap 12: 432 (len: 514)
[1;94m[*] [0mFuzzing test case #131 (1222 total, 0 uniq crashes found)...[0m
scheduled max input!!!!
schedule: 11 level30_3/ijon_max/11
[1;94m[*] [0mFuzzing test case #132 (1222 total, 0 uniq crashes found)...[0m
scheduled max input!!!!
schedule: 10 level30_3/ijon_max/10
[1;94m[*] [0mFuzzing test case #133 (1222 total, 0 uniq crashes found)...[0m
[1;94m[*] [0mFuzzing test case #134 (1222 total, 0 uniq crashes found)...[0m
scheduled max input!!!!
schedule: 15 level30_3/ijon_max/15
[1;94m[*] [0mFuzzing test case #135 (1222 total, 0 uniq crashes found)...[0m
[1;94m[*] [0mFuzzing test case #136 (1222 total, 0 uniq crashes found)...[0m
scheduled max input!!!!
schedule: 0 level30_3/ijon_max/0
[1;94m[*] [0mFuzzing test case #137 (1222 total, 0 uniq crashes found)...[0m
[1;94m[*] [0mFuzzing test case #138 (1222 total, 0 uniq crashes found)...[0m
scheduled max input!!!!
schedule: 0 level30_3/ijon_max/0
[1;94m[*] [0mFuzzing test case #139 (1222 total, 0 uniq crashes found)...[0m
[1;94m[*] [0mFuzzing test case #140 (1222 total, 0 uniq crashes found)...[0m
scheduled max input!!!!
schedule: 12 level30_3/ijon_max/12
[1;94m[*] [0mFuzzing test case #141 (1223 total, 0 uniq crashes found)...[0m
scheduled max input!!!!
schedule: 5 level30_3/ijon_max/5
[1;94m[*] [0mFuzzing test case #142 (1223 total, 0 uniq crashes found)...[0m
scheduled max input!!!!
schedule: 9 level30_3/ijon_max/9
updated maxmap 7: 447 (len: 513)
updated maxmap 8: 442 (len: 513)
[1;94m[*] [0mFuzzing test case #143 (1223 total, 0 uniq crashes found)...[0m
scheduled max input!!!!
schedule: 6 level30_3/ijon_max/6
updated maxmap 5: 44d (len: 510)
[1;94m[*] [0mFuzzing test case #144 (1224 total, 0 uniq crashes found)...[0m
scheduled max input!!!!
schedule: 12 level30_3/ijon_max/12
[1;94m[*] [0mFuzzing test case #145 (1224 total, 0 uniq crashes found)...[0m
scheduled max input!!!!
schedule: 15 level30_3/ijon_max/15
[1;94m[*] [0mFuzzing test case #146 (1224 total, 0 uniq crashes found)...[0m
scheduled max input!!!!
schedule: 5 level30_3/ijon_max/5
[1;94m[*] [0mFuzzing test case #147 (1224 total, 0 uniq crashes found)...[0m
scheduled max input!!!!
schedule: 9 level30_3/ijon_max/9
[1;94m[*] [0mFuzzing test case #148 (1224 total, 0 uniq crashes found)...[0m
[1;94m[*] [0mFuzzing test case #149 (1224 total, 0 uniq crashes found)...[0m
scheduled max input!!!!
schedule: 14 level30_3/ijon_max/14
[1;94m[*] [0mFuzzing test case #150 (1224 total, 0 uniq crashes found)...[0m
scheduled max input!!!!
schedule: 5 level30_3/ijon_max/5
updated maxmap 7: 448 (len: 510)
updated maxmap 5: 451 (len: 512)
updated maxmap 7: 451 (len: 513)
updated maxmap 8: 450 (len: 513)
[1;94m[*] [0mFuzzing test case #151 (1226 total, 0 uniq crashes found)...[0m
[1;94m[*] [0mFuzzing test case #152 (1226 total, 0 uniq crashes found)...[0m
scheduled max input!!!!
schedule: 0 level30_3/ijon_max/0
[1;94m[*] [0mFuzzing test case #153 (1227 total, 0 uniq crashes found)...[0m
scheduled max input!!!!
schedule: 0 level30_3/ijon_max/0
[1;94m[*] [0mFuzzing test case #154 (1227 total, 0 uniq crashes found)...[0m
scheduled max input!!!!
schedule: 4 level30_3/ijon_max/4
updated maxmap 4: 40a (len: 494)
updated maxmap 4: 40b (len: 487)
updated maxmap 4: 40d (len: 488)
updated maxmap 4: 40e (len: 487)
updated maxmap 4: 40f (len: 487)
updated maxmap 4: 41c (len: 495)
[1;94m[*] [0mFuzzing test case #155 (1227 total, 0 uniq crashes found)...[0m
scheduled max input!!!!
schedule: 8 level30_3/ijon_max/8
updated maxmap 6: 44f (len: 513)
[1;94m[*] [0mFuzzing test case #156 (1227 total, 0 uniq crashes found)...[0m
scheduled max input!!!!
schedule: 11 level30_3/ijon_max/11
[1;94m[*] [0mFuzzing test case #157 (1227 total, 0 uniq crashes found)...[0m
scheduled max input!!!!
schedule: 6 level30_3/ijon_max/6
updated maxmap 5: 452 (len: 513)
updated maxmap 6: 453 (len: 513)
[1;94m[*] [0mFuzzing test case #158 (1227 total, 0 uniq crashes found)...[0m
scheduled max input!!!!
schedule: 11 level30_3/ijon_max/11
[1;94m[*] [0mFuzzing test case #159 (1227 total, 0 uniq crashes found)...[0m
scheduled max input!!!!
schedule: 0 level30_3/ijon_max/0
[1;94m[*] [0mFuzzing test case #160 (1227 total, 0 uniq crashes found)...[0m
scheduled max input!!!!
schedule: 5 level30_3/ijon_max/5
[1;94m[*] [0mFuzzing test case #161 (1227 total, 0 uniq crashes found)...[0m
scheduled max input!!!!
schedule: 3 level30_3/ijon_max/3
updated maxmap 3: 378 (len: 422)
updated maxmap 3: 380 (len: 425)
[1;94m[*] [0mFuzzing test case #162 (1229 total, 0 uniq crashes found)...[0m
scheduled max input!!!!
schedule: 10 level30_3/ijon_max/10
[1;94m[*] [0mFuzzing test case #163 (1229 total, 0 uniq crashes found)...[0m
[1;94m[*] [0mFuzzing test case #164 (1229 total, 0 uniq crashes found)...[0m
[1;94m[*] [0mFuzzing test case #165 (1229 total, 0 uniq crashes found)...[0m
scheduled max input!!!!
schedule: 15 level30_3/ijon_max/15
[1;94m[*] [0mFuzzing test case #166 (1229 total, 0 uniq crashes found)...[0m
scheduled max input!!!!
schedule: 4 level30_3/ijon_max/4
updated maxmap 4: 41d (len: 495)
updated maxmap 4: 422 (len: 497)
[1;94m[*] [0mFuzzing test case #167 (1229 total, 0 uniq crashes found)...[0m
scheduled max input!!!!
schedule: 11 level30_3/ijon_max/11
[1;94m[*] [0mFuzzing test case #168 (1229 total, 0 uniq crashes found)...[0m
scheduled max input!!!!
schedule: 8 level30_3/ijon_max/8
updated maxmap 5: 453 (len: 513)
[1;94m[*] [0mFuzzing test case #169 (1229 total, 0 uniq crashes found)...[0m
scheduled max input!!!!
schedule: 0 level30_3/ijon_max/0
[1;94m[*] [0mFuzzing test case #170 (1229 total, 0 uniq crashes found)...[0m
scheduled max input!!!!
schedule: 8 level30_3/ijon_max/8
[1;94m[*] [0mFuzzing test case #171 (1229 total, 0 uniq crashes found)...[0m
scheduled max input!!!!
schedule: 3 level30_3/ijon_max/3
updated maxmap 3: 387 (len: 428)
updated maxmap 3: 38a (len: 429)
[1;94m[*] [0mFuzzing test case #172 (1229 total, 0 uniq crashes found)...[0m
scheduled max input!!!!
schedule: 8 level30_3/ijon_max/8
[1;94m[*] [0mFuzzing test case #173 (1229 total, 0 uniq crashes found)...[0m
scheduled max input!!!!
schedule: 12 level30_3/ijon_max/12
[1;94m[*] [0mFuzzing test case #174 (1229 total, 0 uniq crashes found)...[0m
scheduled max input!!!!
schedule: 4 level30_3/ijon_max/4
[1;94m[*] [0mFuzzing test case #175 (1229 total, 0 uniq crashes found)...[0m
scheduled max input!!!!
schedule: 6 level30_3/ijon_max/6
updated maxmap 5: 454 (len: 513)
[1;94m[*] [0mFuzzing test case #176 (1229 total, 0 uniq crashes found)...[0m
[1;94m[*] [0mFuzzing test case #177 (1229 total, 0 uniq crashes found)...[0m
[1;94m[*] [0mFuzzing test case #178 (1229 total, 0 uniq crashes found)...[0m
scheduled max input!!!!
schedule: 9 level30_3/ijon_max/9
[1;94m[*] [0mFuzzing test case #179 (1229 total, 0 uniq crashes found)...[0m
[1;94m[*] [0mFuzzing test case #180 (1229 total, 0 uniq crashes found)...[0m
scheduled max input!!!!
schedule: 10 level30_3/ijon_max/10
[1;94m[*] [0mFuzzing test case #181 (1229 total, 0 uniq crashes found)...[0m
scheduled max input!!!!
schedule: 0 level30_3/ijon_max/0
[1;94m[*] [0mFuzzing test case #182 (1229 total, 0 uniq crashes found)...[0m
scheduled max input!!!!
schedule: 5 level30_3/ijon_max/5
[1;94m[*] [0mFuzzing test case #183 (1229 total, 0 uniq crashes found)...[0m
scheduled max input!!!!
schedule: 10 level30_3/ijon_max/10
[1;94m[*] [0mFuzzing test case #184 (1229 total, 0 uniq crashes found)...[0m
scheduled max input!!!!
schedule: 13 level30_3/ijon_max/13
[1;94m[*] [0mFuzzing test case #185 (1229 total, 0 uniq crashes found)...[0m
scheduled max input!!!!
schedule: 6 level30_3/ijon_max/6
[1;94m[*] [0mFuzzing test case #186 (1229 total, 0 uniq crashes found)...[0m
scheduled max input!!!!
schedule: 4 level30_3/ijon_max/4
[1;94m[*] [0mFuzzing test case #187 (1229 total, 0 uniq crashes found)...[0m
scheduled max input!!!!
schedule: 3 level30_3/ijon_max/3
updated maxmap 3: 38b (len: 429)
updated maxmap 3: 38d (len: 429)
updated maxmap 3: 38f (len: 430)
[1;94m[*] [0mFuzzing test case #188 (1229 total, 0 uniq crashes found)...[0m
[1;94m[*] [0mFuzzing test case #189 (1229 total, 0 uniq crashes found)...[0m
scheduled max input!!!!
schedule: 7 level30_3/ijon_max/7
[1;94m[*] [0mFuzzing test case #190 (1229 total, 0 uniq crashes found)...[0m
scheduled max input!!!!
schedule: 4 level30_3/ijon_max/4
updated maxmap 4: 423 (len: 497)
updated maxmap 4: 42d (len: 500)
[1;94m[*] [0mFuzzing test case #191 (1229 total, 0 uniq crashes found)...[0m
scheduled max input!!!!
schedule: 15 level30_3/ijon_max/15
[1;94m[*] [0mFuzzing test case #192 (1229 total, 0 uniq crashes found)...[0m
scheduled max input!!!!
schedule: 12 level30_3/ijon_max/12
[1;94m[*] [0mFuzzing test case #193 (1229 total, 0 uniq crashes found)...[0m
scheduled max input!!!!
schedule: 3 level30_3/ijon_max/3
updated maxmap 3: 394 (len: 438)
[1;94m[*] [0mFuzzing test case #194 (1229 total, 0 uniq crashes found)...[0m
scheduled max input!!!!
schedule: 10 level30_3/ijon_max/10
[1;94m[*] [0mFuzzing test case #195 (1229 total, 0 uniq crashes found)...[0m
scheduled max input!!!!
schedule: 9 level30_3/ijon_max/9
[1;94m[*] [0mFuzzing test case #196 (1229 total, 0 uniq crashes found)...[0m
scheduled max input!!!!
schedule: 3 level30_3/ijon_max/3
updated maxmap 3: 3a6 (len: 448)
updated maxmap 3: 3c3 (len: 450)
[1;94m[*] [0mFuzzing test case #197 (1230 total, 0 uniq crashes found)...[0m
scheduled max input!!!!
schedule: 6 level30_3/ijon_max/6
updated maxmap 6: 45f (len: 519)
[1;94m[*] [0mFuzzing test case #198 (1231 total, 0 uniq crashes found)...[0m
scheduled normal input!!!!
[1;94m[*] [0mFuzzing test case #199 (1231 total, 0 uniq crashes found)...[0m
scheduled max input!!!!
schedule: 7 level30_3/ijon_max/7
updated maxmap 5: 462 (len: 520)
updated maxmap 6: 460 (len: 520)
updated maxmap 7: 457 (len: 520)
updated maxmap 8: 451 (len: 513)
[1;94m[*] [0mFuzzing test case #200 (1231 total, 0 uniq crashes found)...[0m
scheduled max input!!!!
schedule: 4 level30_3/ijon_max/4
updated maxmap 3: 431 (len: 505)
updated maxmap 4: 436 (len: 505)
[1;94m[*] [0mFuzzing test case #201 (1232 total, 0 uniq crashes found)...[0m
scheduled max input!!!!
schedule: 10 level30_3/ijon_max/10
[1;94m[*] [0mFuzzing test case #202 (1232 total, 0 uniq crashes found)...[0m
scheduled max input!!!!
schedule: 6 level30_3/ijon_max/6
updated maxmap 5: 463 (len: 520)
updated maxmap 6: 461 (len: 520)
updated maxmap 7: 458 (len: 520)
updated maxmap 6: 465 (len: 520)
[1;94m[*] [0mFuzzing test case #203 (1232 total, 0 uniq crashes found)...[0m
scheduled max input!!!!
schedule: 14 level30_3/ijon_max/14
[1;94m[*] [0mFuzzing test case #204 (1232 total, 0 uniq crashes found)...[0m
scheduled max input!!!!
schedule: 3 level30_3/ijon_max/3
updated maxmap 3: 432 (len: 505)
updated maxmap 4: 437 (len: 505)
updated maxmap 3: 433 (len: 505)
updated maxmap 4: 438 (len: 505)
updated maxmap 3: 434 (len: 506)
updated maxmap 4: 439 (len: 506)
[1;94m[*] [0mFuzzing test case #205 (1232 total, 0 uniq crashes found)...[0m
[1;94m[*] [0mFuzzing test case #206 (1232 total, 0 uniq crashes found)...[0m
scheduled max input!!!!
schedule: 9 level30_3/ijon_max/9
[1;94m[*] [0mFuzzing test case #207 (1232 total, 0 uniq crashes found)...[0m
scheduled max input!!!!
schedule: 14 level30_3/ijon_max/14
[1;94m[*] [0mFuzzing test case #208 (1232 total, 0 uniq crashes found)...[0m
scheduled max input!!!!
schedule: 14 level30_3/ijon_max/14
[1;94m[*] [0mFuzzing test case #209 (1232 total, 0 uniq crashes found)...[0m
scheduled max input!!!!
schedule: 4 level30_3/ijon_max/4
[1;94m[*] [0mFuzzing test case #210 (1232 total, 0 uniq crashes found)...[0m
[1;94m[*] [0mFuzzing test case #211 (1232 total, 0 uniq crashes found)...[0m
scheduled max input!!!!
schedule: 0 level30_3/ijon_max/0
[1;94m[*] [0mFuzzing test case #212 (1232 total, 0 uniq crashes found)...[0m
scheduled max input!!!!
schedule: 12 level30_3/ijon_max/12
[1;94m[*] [0mFuzzing test case #213 (1232 total, 0 uniq crashes found)...[0m
scheduled max input!!!!
schedule: 11 level30_3/ijon_max/11
[1;94m[*] [0mFuzzing test case #214 (1232 total, 0 uniq crashes found)...[0m
[1;94m[*] [0mFuzzing test case #215 (1232 total, 0 uniq crashes found)...[0m
scheduled max input!!!!
schedule: 11 level30_3/ijon_max/11
[1;94m[*] [0mFuzzing test case #216 (1232 total, 0 uniq crashes found)...[0m
scheduled max input!!!!
schedule: 6 level30_3/ijon_max/6
updated maxmap 6: 470 (len: 527)
updated maxmap 7: 477 (len: 527)
updated maxmap 7: 478 (len: 528)
[1;94m[*] [0mFuzzing test case #217 (1233 total, 0 uniq crashes found)...[0m
scheduled max input!!!!
schedule: 0 level30_3/ijon_max/0
[1;94m[*] [0mFuzzing test case #218 (1233 total, 0 uniq crashes found)...[0m
scheduled max input!!!!
schedule: 8 level30_3/ijon_max/8
[1;94m[*] [0mFuzzing test case #219 (1233 total, 0 uniq crashes found)...[0m
scheduled max input!!!!
schedule: 6 level30_3/ijon_max/6
minimized maxmap 7: 478 (len: 527)
updated maxmap 6: 475 (len: 527)
updated maxmap 8: 45a (len: 527)
updated maxmap 7: 47d (len: 531)
updated maxmap 6: 476 (len: 527)
updated maxmap 6: 479 (len: 533)
updated maxmap 7: 482 (len: 533)
updated maxmap 8: 485 (len: 533)
[1;94m[*] [0mFuzzing test case #220 (1234 total, 0 uniq crashes found)...[0m
scheduled max input!!!!
schedule: 9 level30_3/ijon_max/9
[1;94m[*] [0mFuzzing test case #221 (1234 total, 0 uniq crashes found)...[0m
scheduled max input!!!!
schedule: 0 level30_3/ijon_max/0
[1;94m[*] [0mFuzzing test case #222 (1235 total, 0 uniq crashes found)...[0m
scheduled max input!!!!
schedule: 11 level30_3/ijon_max/11
[1;94m[*] [0mFuzzing test case #223 (1235 total, 0 uniq crashes found)...[0m
scheduled max input!!!!
schedule: 5 level30_3/ijon_max/5
[1;94m[*] [0mFuzzing test case #224 (1235 total, 0 uniq crashes found)...[0m
scheduled max input!!!!
schedule: 5 level30_3/ijon_max/5
updated maxmap 5: 464 (len: 520)
[1;94m[*] [0mFuzzing test case #225 (1235 total, 0 uniq crashes found)...[0m
scheduled max input!!!!
schedule: 0 level30_3/ijon_max/0
[1;94m[*] [0mFuzzing test case #226 (1235 total, 0 uniq crashes found)...[0m
scheduled max input!!!!
schedule: 13 level30_3/ijon_max/13
[1;94m[*] [0mFuzzing test case #227 (1235 total, 0 uniq crashes found)...[0m
scheduled max input!!!!
schedule: 11 level30_3/ijon_max/11
[1;94m[*] [0mFuzzing test case #228 (1235 total, 0 uniq crashes found)...[0m
scheduled max input!!!!
schedule: 10 level30_3/ijon_max/10
[1;94m[*] [0mFuzzing test case #229 (1235 total, 0 uniq crashes found)...[0m
scheduled max input!!!!
schedule: 14 level30_3/ijon_max/14
[1;94m[*] [0mFuzzing test case #230 (1236 total, 0 uniq crashes found)...[0m
scheduled max input!!!!
schedule: 8 level30_3/ijon_max/8
updated maxmap 7: 483 (len: 533)
updated maxmap 6: 47a (len: 534)
updated maxmap 7: 484 (len: 534)
updated maxmap 8: 486 (len: 534)
minimized maxmap 6: 47a (len: 533)
minimized maxmap 7: 484 (len: 533)
[1;94m[*] [0mFuzzing test case #231 (1236 total, 0 uniq crashes found)...[0m
scheduled max input!!!!
schedule: 10 level30_3/ijon_max/10
[1;94m[*] [0mFuzzing test case #232 (1236 total, 0 uniq crashes found)...[0m
scheduled max input!!!!
schedule: 12 level30_3/ijon_max/12
[1;94m[*] [0mFuzzing test case #233 (1236 total, 0 uniq crashes found)...[0m
scheduled max input!!!!
schedule: 13 level30_3/ijon_max/13
[1;94m[*] [0mFuzzing test case #234 (1236 total, 0 uniq crashes found)...[0m
scheduled max input!!!!
schedule: 11 level30_3/ijon_max/11
[1;94m[*] [0mFuzzing test case #235 (1236 total, 0 uniq crashes found)...[0m
scheduled max input!!!!
schedule: 13 level30_3/ijon_max/13
[1;94m[*] [0mFuzzing test case #236 (1236 total, 0 uniq crashes found)...[0m
scheduled max input!!!!
schedule: 5 level30_3/ijon_max/5
[1;94m[*] [0mFuzzing test case #237 (1236 total, 0 uniq crashes found)...[0m
scheduled max input!!!!
schedule: 10 level30_3/ijon_max/10
[1;94m[*] [0mFuzzing test case #238 (1236 total, 0 uniq crashes found)...[0m
scheduled max input!!!!
schedule: 5 level30_3/ijon_max/5
updated maxmap 5: 475 (len: 527)
[1;94m[*] [0mFuzzing test case #239 (1236 total, 0 uniq crashes found)...[0m
scheduled max input!!!!
schedule: 12 level30_3/ijon_max/12
[1;94m[*] [0mFuzzing test case #240 (1236 total, 0 uniq crashes found)...[0m
scheduled max input!!!!
schedule: 4 level30_3/ijon_max/4
[1;94m[*] [0mFuzzing test case #241 (1236 total, 0 uniq crashes found)...[0m
[1;94m[*] [0mFuzzing test case #242 (1236 total, 0 uniq crashes found)...[0m
scheduled max input!!!!
schedule: 10 level30_3/ijon_max/10
[1;94m[*] [0mFuzzing test case #243 (1236 total, 0 uniq crashes found)...[0m
scheduled max input!!!!
schedule: 3 level30_3/ijon_max/3
[1;94m[*] [0mFuzzing test case #244 (1236 total, 0 uniq crashes found)...[0m
[1;94m[*] [0mFuzzing test case #245 (1236 total, 0 uniq crashes found)...[0m
scheduled max input!!!!
schedule: 4 level30_3/ijon_max/4
[1;94m[*] [0mFuzzing test case #246 (1236 total, 0 uniq crashes found)...[0m
[1;94m[*] [0mFuzzing test case #247 (1236 total, 0 uniq crashes found)...[0m
scheduled max input!!!!
schedule: 0 level30_3/ijon_max/0
[1;94m[*] [0mFuzzing test case #248 (1236 total, 0 uniq crashes found)...[0m
scheduled max input!!!!
schedule: 4 level30_3/ijon_max/4
[1;94m[*] [0mFuzzing test case #249 (1236 total, 0 uniq crashes found)...[0m
scheduled max input!!!!
schedule: 0 level30_3/ijon_max/0
[1;94m[*] [0mFuzzing test case #250 (1236 total, 0 uniq crashes found)...[0m
[1;94m[*] [0mFuzzing test case #251 (1236 total, 0 uniq crashes found)...[0m
scheduled max input!!!!
schedule: 14 level30_3/ijon_max/14
[1;94m[*] [0mFuzzing test case #252 (1236 total, 0 uniq crashes found)...[0m
scheduled max input!!!!
schedule: 5 level30_3/ijon_max/5
updated maxmap 5: 476 (len: 527)
[1;94m[*] [0mFuzzing test case #253 (1237 total, 0 uniq crashes found)...[0m
[1;94m[*] [0mFuzzing test case #254 (1237 total, 0 uniq crashes found)...[0m
scheduled max input!!!!
schedule: 6 level30_3/ijon_max/6
updated maxmap 8: 488 (len: 539)
updated maxmap 6: 47b (len: 533)
updated maxmap 7: 485 (len: 533)
updated maxmap 4: 485 (len: 533)
updated maxmap 5: 480 (len: 533)
updated maxmap 6: 47c (len: 533)
[1;94m[*] [0mFuzzing test case #255 (1237 total, 0 uniq crashes found)...[0m
scheduled max input!!!!
schedule: 12 level30_3/ijon_max/12
[1;94m[*] [0mFuzzing test case #256 (1237 total, 0 uniq crashes found)...[0m
scheduled max input!!!!
schedule: 14 level30_3/ijon_max/14
[1;94m[*] [0mFuzzing test case #257 (1237 total, 0 uniq crashes found)...[0m
[1;94m[*] [0mFuzzing test case #258 (1237 total, 0 uniq crashes found)...[0m
scheduled max input!!!!
schedule: 14 level30_3/ijon_max/14
[1;94m[*] [0mFuzzing test case #259 (1237 total, 0 uniq crashes found)...[0m
scheduled max input!!!!
schedule: 14 level30_3/ijon_max/14
[1;94m[*] [0mFuzzing test case #260 (1237 total, 0 uniq crashes found)...[0m
scheduled max input!!!!
schedule: 9 level30_3/ijon_max/9
[1;94m[*] [0mFuzzing test case #261 (1237 total, 0 uniq crashes found)...[0m
scheduled max input!!!!
schedule: 0 level30_3/ijon_max/0
[1;94m[*] [0mFuzzing test case #262 (1237 total, 0 uniq crashes found)...[0m
scheduled max input!!!!
schedule: 6 level30_3/ijon_max/6
updated maxmap 6: 47e (len: 533)
updated maxmap 7: 487 (len: 541)
updated maxmap 8: 496 (len: 541)
updated maxmap 6: 482 (len: 533)
updated maxmap 6: 483 (len: 533)
updated maxmap 3: 43d (len: 541)
updated maxmap 6: 497 (len: 541)
minimized maxmap 3: 43d (len: 533)
updated maxmap 3: 43e (len: 533)
[1;94m[*] [0mFuzzing test case #263 (1238 total, 0 uniq crashes found)...[0m
[1;94m[*] [0mFuzzing test case #264 (1238 total, 0 uniq crashes found)...[0m
scheduled max input!!!!
schedule: 15 level30_3/ijon_max/15
[1;94m[*] [0mFuzzing test case #265 (1238 total, 0 uniq crashes found)...[0m
scheduled max input!!!!
schedule: 10 level30_3/ijon_max/10
[1;94m[*] [0mFuzzing test case #266 (1238 total, 0 uniq crashes found)...[0m
[1;94m[*] [0mFuzzing test case #267 (1238 total, 0 uniq crashes found)...[0m
scheduled max input!!!!
schedule: 3 level30_3/ijon_max/3
[1;94m[*] [0mFuzzing test case #268 (1238 total, 0 uniq crashes found)...[0m
scheduled max input!!!!
schedule: 14 level30_3/ijon_max/14
[1;94m[*] [0mFuzzing test case #269 (1238 total, 0 uniq crashes found)...[0m
scheduled max input!!!!
schedule: 15 level30_3/ijon_max/15
[1;94m[*] [0mFuzzing test case #270 (1238 total, 0 uniq crashes found)...[0m
scheduled max input!!!!
schedule: 0 level30_3/ijon_max/0
[1;94m[*] [0mFuzzing test case #271 (1238 total, 0 uniq crashes found)...[0m
scheduled max input!!!!
schedule: 0 level30_3/ijon_max/0
[1;94m[*] [0mFuzzing test case #272 (1238 total, 0 uniq crashes found)...[0m
scheduled max input!!!!
schedule: 12 level30_3/ijon_max/12
[1;94m[*] [0mFuzzing test case #273 (1238 total, 0 uniq crashes found)...[0m
scheduled max input!!!!
schedule: 4 level30_3/ijon_max/4
updated maxmap 4: 486 (len: 533)
updated maxmap 5: 481 (len: 533)
updated maxmap 5: 482 (len: 533)
updated maxmap 5: 486 (len: 533)
[1;94m[*] [0mFuzzing test case #274 (1238 total, 0 uniq crashes found)...[0m
scheduled max input!!!!
schedule: 6 level30_3/ijon_max/6
updated maxmap 6: 498 (len: 541)
updated maxmap 6: 49d (len: 544)
updated maxmap 7: 49d (len: 544)
updated maxmap 8: 4a2 (len: 544)
updated maxmap 5: 490 (len: 541)
[1;94m[*] [0mFuzzing test case #275 (1239 total, 0 uniq crashes found)...[0m
scheduled max input!!!!
schedule: 3 level30_3/ijon_max/3
updated maxmap 3: 443 (len: 533)
updated maxmap 3: 445 (len: 533)
[1;94m[*] [0mFuzzing test case #276 (1240 total, 0 uniq crashes found)...[0m
scheduled max input!!!!
schedule: 12 level30_3/ijon_max/12
[1;94m[*] [0mFuzzing test case #277 (1240 total, 0 uniq crashes found)...[0m
scheduled max input!!!!
schedule: 13 level30_3/ijon_max/13
[1;94m[*] [0mFuzzing test case #278 (1240 total, 0 uniq crashes found)...[0m
scheduled max input!!!!
schedule: 6 level30_3/ijon_max/6
updated maxmap 5: 4ae (len: 549)
updated maxmap 6: 49f (len: 549)
minimized maxmap 6: 49f (len: 544)
updated maxmap 6: 4a6 (len: 546)
updated maxmap 7: 4ab (len: 548)
[1;94m[*] [0mFuzzing test case #279 (1241 total, 0 uniq crashes found)...[0m
scheduled max input!!!!
schedule: 14 level30_3/ijon_max/14
[1;94m[*] [0mFuzzing test case #280 (1241 total, 0 uniq crashes found)...[0m
scheduled max input!!!!
schedule: 11 level30_3/ijon_max/11
[1;94m[*] [0mFuzzing test case #281 (1241 total, 0 uniq crashes found)...[0m
scheduled max input!!!!
schedule: 9 level30_3/ijon_max/9
[1;94m[*] [0mFuzzing test case #282 (1241 total, 0 uniq crashes found)...[0m
scheduled max input!!!!
schedule: 12 level30_3/ijon_max/12
[1;94m[*] [0mFuzzing test case #283 (1241 total, 0 uniq crashes found)...[0m
scheduled max input!!!!
schedule: 13 level30_3/ijon_max/13
minimized maxmap 11: 431 (len: 516)
[1;94m[*] [0mFuzzing test case #284 (1241 total, 0 uniq crashes found)...[0m
scheduled max input!!!!
schedule: 4 level30_3/ijon_max/4
updated maxmap 3: 448 (len: 533)
[1;94m[*] [0mFuzzing test case #285 (1241 total, 0 uniq crashes found)...[0m
scheduled max input!!!!
schedule: 7 level30_3/ijon_max/7
updated maxmap 6: 4a7 (len: 548)
updated maxmap 7: 4ac (len: 548)
updated maxmap 6: 4aa (len: 548)
updated maxmap 6: 4b7 (len: 555)
updated maxmap 7: 4bc (len: 555)
minimized maxmap 6: 4b7 (len: 553)
updated maxmap 5: 4bc (len: 555)
updated maxmap 6: 4b8 (len: 556)
updated maxmap 8: 4a6 (len: 548)
[1;94m[*] [0mFuzzing test case #286 (1245 total, 0 uniq crashes found)...[0m
scheduled max input!!!!
schedule: 9 level30_3/ijon_max/9
[1;94m[*] [0mFuzzing test case #287 (1245 total, 0 uniq crashes found)...[0m
[1;94m[*] [0mFuzzing test case #288 (1245 total, 0 uniq crashes found)...[0m
scheduled max input!!!!
schedule: 15 level30_3/ijon_max/15
[1;94m[*] [0mFuzzing test case #289 (1245 total, 0 uniq crashes found)...[0m
scheduled max input!!!!
schedule: 8 level30_3/ijon_max/8
updated maxmap 8: 4a7 (len: 548)
updated maxmap 8: 4ac (len: 550)
[1;94m[*] [0mFuzzing test case #290 (1245 total, 0 uniq crashes found)...[0m
scheduled max input!!!!
schedule: 0 level30_3/ijon_max/0
[1;94m[*] [0mFuzzing test case #291 (1245 total, 0 uniq crashes found)...[0m
scheduled max input!!!!
schedule: 7 level30_3/ijon_max/7
updated maxmap 6: 4b9 (len: 555)
updated maxmap 7: 4be (len: 555)
updated maxmap 6: 4ba (len: 555)
[1;94m[*] [0mFuzzing test case #292 (1245 total, 0 uniq crashes found)...[0m
scheduled max input!!!!
schedule: 0 level30_3/ijon_max/0
[1;94m[*] [0mFuzzing test case #293 (1245 total, 0 uniq crashes found)...[0m
scheduled max input!!!!
schedule: 4 level30_3/ijon_max/4
updated maxmap 4: 490 (len: 537)
[1;94m[*] [0mFuzzing test case #294 (1245 total, 0 uniq crashes found)...[0m
scheduled max input!!!!
schedule: 5 level30_3/ijon_max/5
updated maxmap 5: 4ca (len: 563)
updated maxmap 4: 4b8 (len: 556)
[1;94m[*] [0mFuzzing test case #295 (1245 total, 0 uniq crashes found)...[0m
scheduled max input!!!!
schedule: 11 level30_3/ijon_max/11
[1;94m[*] [0mFuzzing test case #296 (1245 total, 0 uniq crashes found)...[0m
[1;94m[*] [0mFuzzing test case #297 (1245 total, 0 uniq crashes found)...[0m
scheduled max input!!!!
schedule: 5 level30_3/ijon_max/5
updated maxmap 7: 4d0 (len: 563)
updated maxmap 8: 4cb (len: 563)
updated maxmap 5: 4cb (len: 563)
updated maxmap 6: 4c3 (len: 568)
updated maxmap 5: 4cc (len: 563)
updated maxmap 7: 4d4 (len: 566)
updated maxmap 8: 4d0 (len: 566)
updated maxmap 6: 4c6 (len: 563)
updated maxmap 6: 4cc (len: 563)
updated maxmap 7: 4da (len: 569)
updated maxmap 8: 4d5 (len: 569)
updated maxmap 6: 4da (len: 576)
updated maxmap 5: 4de (len: 570)
updated maxmap 6: 4db (len: 568)
updated maxmap 5: 4df (len: 570)
updated maxmap 7: 4dd (len: 570)
updated maxmap 2: 430 (len: 568)
updated maxmap 6: 4de (len: 569)
updated maxmap 3: 44a (len: 564)
updated maxmap 6: 4e1 (len: 571)
updated maxmap 8: 4d9 (len: 574)
updated maxmap 2: 447 (len: 569)
updated maxmap 3: 453 (len: 569)
minimized maxmap 6: 4e1 (len: 570)
[1;94m[*] [0mFuzzing test case #298 (1251 total, 0 uniq crashes found)...[0m
scheduled max input!!!!
schedule: 4 level30_3/ijon_max/4
updated maxmap 4: 4c1 (len: 560)
[1;94m[*] [0mFuzzing test case #299 (1251 total, 0 uniq crashes found)...[0m
scheduled max input!!!!
schedule: 4 level30_3/ijon_max/4
updated maxmap 4: 4c5 (len: 560)
updated maxmap 4: 4c6 (len: 560)
[1;94m[*] [0mFuzzing test case #300 (1251 total, 0 uniq crashes found)...[0m
[1;94m[*] [0mFuzzing test case #301 (1251 total, 0 uniq crashes found)...[0m
scheduled max input!!!!
schedule: 14 level30_3/ijon_max/14
[1;94m[*] [0mFuzzing test case #302 (1251 total, 0 uniq crashes found)...[0m
[1;94m[*] [0mFuzzing test case #303 (1251 total, 0 uniq crashes found)...[0m
scheduled max input!!!!
schedule: 7 level30_3/ijon_max/7
updated maxmap 7: 4de (len: 570)
updated maxmap 7: 4df (len: 572)
[1;94m[*] [0mFuzzing test case #304 (1251 total, 0 uniq crashes found)...[0m
scheduled max input!!!!
schedule: 15 level30_3/ijon_max/15
[1;94m[*] [0mFuzzing test case #305 (1251 total, 0 uniq crashes found)...[0m
[1;94m[*] [0mFuzzing test case #306 (1251 total, 0 uniq crashes found)...[0m
[1;94m[*] [0mFuzzing test case #307 (1251 total, 0 uniq crashes found)...[0m
scheduled max input!!!!
schedule: 14 level30_3/ijon_max/14
[1;94m[*] [0mFuzzing test case #308 (1251 total, 0 uniq crashes found)...[0m
scheduled max input!!!!
schedule: 8 level30_3/ijon_max/8
updated maxmap 8: 4da (len: 574)
updated maxmap 8: 4dd (len: 578)
[1;94m[*] [0mFuzzing test case #309 (1251 total, 0 uniq crashes found)...[0m
[1;94m[*] [0mFuzzing test case #310 (1251 total, 0 uniq crashes found)...[0m
scheduled max input!!!!
schedule: 7 level30_3/ijon_max/7
updated maxmap 7: 4e0 (len: 572)
[1;94m[*] [0mFuzzing test case #311 (1252 total, 0 uniq crashes found)...[0m
scheduled max input!!!!
schedule: 0 level30_3/ijon_max/0
[1;94m[*] [0mFuzzing test case #312 (1252 total, 0 uniq crashes found)...[0m
scheduled max input!!!!
schedule: 2 level30_3/ijon_max/2
updated maxmap 2: 448 (len: 569)
updated maxmap 3: 455 (len: 569)
updated maxmap 6: 4e8 (len: 573)
updated maxmap 2: 450 (len: 577)
updated maxmap 3: 45c (len: 577)
updated maxmap 6: 4f4 (len: 577)
minimized maxmap 3: 45c (len: 569)
minimized maxmap 2: 450 (len: 569)
minimized maxmap 8: 4dd (len: 569)
updated maxmap 7: 4e9 (len: 576)
updated maxmap 8: 4e2 (len: 576)
updated maxmap 7: 4ed (len: 575)
updated maxmap 5: 4e2 (len: 570)
updated maxmap 3: 4ba (len: 577)
updated maxmap 8: 4e8 (len: 577)
[1;94m[*] [0mFuzzing test case #313 (1260 total, 0 uniq crashes found)...[0m
scheduled max input!!!!
schedule: 15 level30_3/ijon_max/15
[1;94m[*] [0mFuzzing test case #314 (1260 total, 0 uniq crashes found)...[0m
scheduled max input!!!!
schedule: 10 level30_3/ijon_max/10
[1;94m[*] [0mFuzzing test case #315 (1261 total, 0 uniq crashes found)...[0m
scheduled max input!!!!
schedule: 2 level30_3/ijon_max/2
[1;94m[*] [0mFuzzing test case #316 (1261 total, 0 uniq crashes found)...[0m
scheduled max input!!!!
schedule: 10 level30_3/ijon_max/10
[1;94m[*] [0mFuzzing test case #317 (1261 total, 0 uniq crashes found)...[0m
scheduled max input!!!!
schedule: 3 level30_3/ijon_max/3
updated maxmap 8: 4e9 (len: 577)
updated maxmap 3: 4c1 (len: 577)
updated maxmap 4: 4cd (len: 577)
updated maxmap 8: 4f1 (len: 577)
updated maxmap 4: 4ce (len: 577)
[1;94m[*] [0mFuzzing test case #318 (1261 total, 0 uniq crashes found)...[0m
scheduled max input!!!!
schedule: 15 level30_3/ijon_max/15
[1;94m[*] [0mFuzzing test case #319 (1261 total, 0 uniq crashes found)...[0m
[1;94m[*] [0mFuzzing test case #320 (1261 total, 0 uniq crashes found)...[0m
scheduled max input!!!!
schedule: 9 level30_3/ijon_max/9
[1;94m[*] [0mFuzzing test case #321 (1261 total, 0 uniq crashes found)...[0m
scheduled max input!!!!
schedule: 0 level30_3/ijon_max/0
[1;94m[*] [0mFuzzing test case #322 (1261 total, 0 uniq crashes found)...[0m
[1;94m[*] [0mFuzzing test case #323 (1261 total, 0 uniq crashes found)...[0m
scheduled max input!!!!
schedule: 12 level30_3/ijon_max/12
[1;94m[*] [0mFuzzing test case #324 (1261 total, 0 uniq crashes found)...[0m
scheduled max input!!!!
schedule: 12 level30_3/ijon_max/12
[1;94m[*] [0mFuzzing test case #325 (1261 total, 0 uniq crashes found)...[0m
scheduled max input!!!!
schedule: 0 level30_3/ijon_max/0
[1;94m[*] [0mFuzzing test case #326 (1261 total, 0 uniq crashes found)...[0m
scheduled max input!!!!
schedule: 7 level30_3/ijon_max/7
updated maxmap 7: 4ee (len: 575)
[1;94m[*] [0mFuzzing test case #327 (1261 total, 0 uniq crashes found)...[0m
[1;94m[*] [0mFuzzing test case #328 (1261 total, 0 uniq crashes found)...[0m
scheduled max input!!!!
schedule: 12 level30_3/ijon_max/12
[1;94m[*] [0mFuzzing test case #329 (1261 total, 0 uniq crashes found)...[0m
scheduled max input!!!!
schedule: 12 level30_3/ijon_max/12
[1;94m[*] [0mFuzzing test case #330 (1261 total, 0 uniq crashes found)...[0m
scheduled max input!!!!
schedule: 14 level30_3/ijon_max/14
[1;94m[*] [0mFuzzing test case #331 (1261 total, 0 uniq crashes found)...[0m
scheduled max input!!!!
schedule: 14 level30_3/ijon_max/14
[1;94m[*] [0mFuzzing test case #332 (1261 total, 0 uniq crashes found)...[0m
scheduled max input!!!!
schedule: 13 level30_3/ijon_max/13
[1;94m[*] [0mFuzzing test case #333 (1261 total, 0 uniq crashes found)...[0m
scheduled max input!!!!
schedule: 10 level30_3/ijon_max/10
[1;94m[*] [0mFuzzing test case #334 (1261 total, 0 uniq crashes found)...[0m
scheduled max input!!!!
schedule: 10 level30_3/ijon_max/10
[1;94m[*] [0mFuzzing test case #335 (1261 total, 0 uniq crashes found)...[0m
scheduled max input!!!!
schedule: 7 level30_3/ijon_max/7
[1;94m[*] [0mFuzzing test case #336 (1261 total, 0 uniq crashes found)...[0m
scheduled max input!!!!
schedule: 10 level30_3/ijon_max/10
[1;94m[*] [0mFuzzing test case #337 (1261 total, 0 uniq crashes found)...[0m
scheduled max input!!!!
schedule: 11 level30_3/ijon_max/11
[1;94m[*] [0mFuzzing test case #338 (1261 total, 0 uniq crashes found)...[0m
scheduled max input!!!!
schedule: 11 level30_3/ijon_max/11
updated maxmap 11: 432 (len: 516)
[1;94m[*] [0mFuzzing test case #339 (1261 total, 0 uniq crashes found)...[0m
scheduled max input!!!!
schedule: 15 level30_3/ijon_max/15
[1;94m[*] [0mFuzzing test case #340 (1261 total, 0 uniq crashes found)...[0m
scheduled max input!!!!
schedule: 4 level30_3/ijon_max/4
[1;94m[*] [0mFuzzing test case #341 (1261 total, 0 uniq crashes found)...[0m
[1;94m[*] [0mFuzzing test case #342 (1261 total, 0 uniq crashes found)...[0m
scheduled max input!!!!
schedule: 4 level30_3/ijon_max/4
updated maxmap 3: 4c2 (len: 578)
updated maxmap 8: 4f2 (len: 578)
updated maxmap 6: 4fd (len: 585)
updated maxmap 7: 4fa (len: 585)
updated maxmap 8: 4f4 (len: 585)
minimized maxmap 3: 4c2 (len: 577)
[1;94m[*] [0mFuzzing test case #343 (1262 total, 0 uniq crashes found)...[0m
scheduled max input!!!!
schedule: 12 level30_3/ijon_max/12
[1;94m[*] [0mFuzzing test case #344 (1262 total, 0 uniq crashes found)...[0m
scheduled max input!!!!
schedule: 4 level30_3/ijon_max/4
updated maxmap 5: 4ee (len: 585)
updated maxmap 7: 500 (len: 585)
updated maxmap 4: 4cf (len: 579)
updated maxmap 3: 4c3 (len: 577)
minimized maxmap 4: 4cf (len: 577)
updated maxmap 4: 4d0 (len: 580)
[1;94m[*] [0mFuzzing test case #345 (1262 total, 0 uniq crashes found)...[0m
scheduled max input!!!!
schedule: 14 level30_3/ijon_max/14
[1;94m[*] [0mFuzzing test case #346 (1262 total, 0 uniq crashes found)...[0m
scheduled max input!!!!
schedule: 10 level30_3/ijon_max/10
[1;94m[*] [0mFuzzing test case #347 (1263 total, 0 uniq crashes found)...[0m
scheduled max input!!!!
schedule: 14 level30_3/ijon_max/14
[1;94m[*] [0mFuzzing test case #348 (1263 total, 0 uniq crashes found)...[0m
scheduled max input!!!!
schedule: 7 level30_3/ijon_max/7
updated maxmap 7: 501 (len: 585)
updated maxmap 5: 4ef (len: 585)
updated maxmap 8: 501 (len: 585)
updated maxmap 3: 4d4 (len: 585)
updated maxmap 4: 4e1 (len: 585)
updated maxmap 8: 505 (len: 585)
updated maxmap 9: 504 (len: 585)
[1;94m[*] [0mFuzzing test case #349 (1263 total, 0 uniq crashes found)...[0m
scheduled max input!!!!
schedule: 15 level30_3/ijon_max/15
[1;94m[*] [0mFuzzing test case #350 (1263 total, 0 uniq crashes found)...[0m
[1;94m[*] [0mFuzzing test case #351 (1263 total, 0 uniq crashes found)...[0m
scheduled max input!!!!
schedule: 5 level30_3/ijon_max/5
updated maxmap 7: 502 (len: 585)
updated maxmap 3: 4e6 (len: 592)
updated maxmap 4: 4f3 (len: 592)
updated maxmap 5: 4fb (len: 592)
updated maxmap 6: 505 (len: 592)
updated maxmap 7: 50f (len: 592)
updated maxmap 8: 517 (len: 592)
minimized maxmap 5: 4fb (len: 585)
updated maxmap 9: 505 (len: 585)
minimized maxmap 6: 505 (len: 585)
minimized maxmap 3: 4e6 (len: 585)
updated maxmap 3: 4ee (len: 589)
updated maxmap 4: 4fb (len: 589)
updated maxmap 5: 504 (len: 589)
updated maxmap 6: 50e (len: 589)
minimized maxmap 3: 4ee (len: 585)
minimized maxmap 4: 4fb (len: 585)
updated maxmap 3: 4ef (len: 585)
minimized maxmap 5: 504 (len: 585)
updated maxmap 9: 50f (len: 589)
updated maxmap 5: 505 (len: 585)
updated maxmap 3: 4f0 (len: 585)
updated maxmap 3: 4f1 (len: 586)
updated maxmap 4: 4fd (len: 586)
updated maxmap 5: 507 (len: 586)
minimized maxmap 3: 4f1 (len: 585)
minimized maxmap 4: 4fd (len: 585)
updated maxmap 3: 4f2 (len: 585)
updated maxmap 5: 50a (len: 593)
updated maxmap 10: 514 (len: 593)
updated maxmap 3: 4fb (len: 585)
updated maxmap 3: 504 (len: 585)
updated maxmap 3: 511 (len: 591)
updated maxmap 4: 502 (len: 591)
updated maxmap 9: 510 (len: 593)
updated maxmap 10: 517 (len: 593)
updated maxmap 6: 511 (len: 593)
updated maxmap 7: 513 (len: 593)
updated maxmap 4: 50a (len: 593)
updated maxmap 5: 519 (len: 593)
updated maxmap 11: 51e (len: 601)
updated maxmap 12: 525 (len: 601)
updated maxmap 4: 50f (len: 593)
[1;94m[*] [0mFuzzing test case #352 (1269 total, 0 uniq crashes found)...[0m
scheduled max input!!!!
schedule: 4 level30_3/ijon_max/4
updated maxmap 7: 51a (len: 600)
updated maxmap 8: 524 (len: 600)
minimized maxmap 7: 51a (len: 597)
[1;94m[*] [0mFuzzing test case #353 (1269 total, 0 uniq crashes found)...[0m
scheduled max input!!!!
schedule: 6 level30_3/ijon_max/6
updated maxmap 6: 513 (len: 594)
minimized maxmap 6: 513 (len: 593)
updated maxmap 6: 516 (len: 593)
[1;94m[*] [0mFuzzing test case #354 (1270 total, 0 uniq crashes found)...[0m
scheduled max input!!!!
schedule: 2 level30_3/ijon_max/2
[1;94m[*] [0mFuzzing test case #355 (1270 total, 0 uniq crashes found)...[0m
scheduled max input!!!!
schedule: 9 level30_3/ijon_max/9
updated maxmap 3: 517 (len: 593)
updated maxmap 9: 512 (len: 593)
updated maxmap 9: 513 (len: 593)
updated maxmap 9: 514 (len: 593)
[1;94m[*] [0mFuzzing test case #356 (1270 total, 0 uniq crashes found)...[0m
scheduled max input!!!!
schedule: 9 level30_3/ijon_max/9
updated maxmap 10: 51a (len: 599)
[1;94m[*] [0mFuzzing test case #357 (1270 total, 0 uniq crashes found)...[0m
scheduled max input!!!!
schedule: 14 level30_3/ijon_max/14
[1;94m[*] [0mFuzzing test case #358 (1270 total, 0 uniq crashes found)...[0m
scheduled max input!!!!
schedule: 15 level30_3/ijon_max/15
[1;94m[*] [0mFuzzing test case #359 (1270 total, 0 uniq crashes found)...[0m
scheduled max input!!!!
schedule: 10 level30_3/ijon_max/10
updated maxmap 10: 51b (len: 600)
updated maxmap 10: 51c (len: 599)
updated maxmap 9: 519 (len: 599)
updated maxmap 10: 520 (len: 599)
updated maxmap 10: 521 (len: 599)
updated maxmap 9: 51b (len: 599)
updated maxmap 10: 522 (len: 599)
updated maxmap 9: 51c (len: 602)
updated maxmap 10: 526 (len: 602)
updated maxmap 11: 52b (len: 602)
updated maxmap 9: 51d (len: 601)
updated maxmap 7: 51e (len: 607)
updated maxmap 8: 527 (len: 607)
updated maxmap 9: 52d (len: 607)
updated maxmap 10: 52d (len: 607)
updated maxmap 7: 51f (len: 599)
updated maxmap 12: 527 (len: 605)
updated maxmap 13: 531 (len: 605)
updated maxmap 6: 51a (len: 604)
updated maxmap 7: 524 (len: 604)
updated maxmap 8: 52a (len: 604)
updated maxmap 6: 51b (len: 599)
minimized maxmap 7: 524 (len: 599)
updated maxmap 6: 51f (len: 605)
updated maxmap 7: 529 (len: 605)
updated maxmap 8: 52e (len: 605)
minimized maxmap 8: 52e (len: 604)
updated maxmap 12: 529 (len: 606)
updated maxmap 13: 532 (len: 606)
minimized maxmap 9: 52d (len: 604)
updated maxmap 9: 52e (len: 604)
updated maxmap 12: 52f (len: 607)
[1;94m[*] [0mFuzzing test case #360 (1273 total, 0 uniq crashes found)...[0m
scheduled max input!!!!
schedule: 4 level30_3/ijon_max/4
[1;94m[*] [0mFuzzing test case #361 (1273 total, 0 uniq crashes found)...[0m
scheduled max input!!!!
schedule: 3 level30_3/ijon_max/3
updated maxmap 3: 519 (len: 593)
[1;94m[*] [0mFuzzing test case #362 (1273 total, 0 uniq crashes found)...[0m
[1;94m[*] [0mFuzzing test case #363 (1273 total, 0 uniq crashes found)...[0m
scheduled normal input!!!!
[1;94m[*] [0mFuzzing test case #364 (1273 total, 0 uniq crashes found)...[0m
scheduled max input!!!!
schedule: 3 level30_3/ijon_max/3
updated maxmap 4: 516 (len: 593)
[1;94m[*] [0mFuzzing test case #365 (1273 total, 0 uniq crashes found)...[0m
scheduled max input!!!!
schedule: 8 level30_3/ijon_max/8
updated maxmap 5: 51e (len: 612)
updated maxmap 6: 528 (len: 612)
updated maxmap 7: 532 (len: 612)
updated maxmap 8: 53b (len: 612)
minimized maxmap 5: 51e (len: 604)
minimized maxmap 6: 528 (len: 604)
updated maxmap 4: 51f (len: 607)
updated maxmap 5: 528 (len: 607)
[1;94m[*] [0mFuzzing test case #366 (1273 total, 0 uniq crashes found)...[0m
[1;94m[*] [0mFuzzing test case #367 (1273 total, 0 uniq crashes found)...[0m
scheduled max input!!!!
schedule: 15 level30_3/ijon_max/15
[1;94m[*] [0mFuzzing test case #368 (1273 total, 0 uniq crashes found)...[0m
[1;94m[*] [0mFuzzing test case #369 (1273 total, 0 uniq crashes found)...[0m
scheduled max input!!!!
schedule: 5 level30_3/ijon_max/5
updated maxmap 11: 52d (len: 615)
updated maxmap 5: 529 (len: 607)
updated maxmap 6: 533 (len: 611)
[1;94m[*] [0mFuzzing test case #370 (1273 total, 0 uniq crashes found)...[0m
scheduled max input!!!!
schedule: 11 level30_3/ijon_max/11
updated maxmap 11: 52e (len: 615)
updated maxmap 11: 52f (len: 615)
updated maxmap 14: 52c (len: 621)
updated maxmap 14: 52d (len: 621)
updated maxmap 10: 52f (len: 620)
[1;94m[*] [0mFuzzing test case #371 (1276 total, 0 uniq crashes found)...[0m
scheduled max input!!!!
schedule: 0 level30_3/ijon_max/0
[1;94m[*] [0mFuzzing test case #372 (1276 total, 0 uniq crashes found)...[0m
scheduled max input!!!!
schedule: 7 level30_3/ijon_max/7
updated maxmap 7: 539 (len: 614)
updated maxmap 8: 53f (len: 614)
minimized maxmap 7: 539 (len: 612)
updated maxmap 0: 52e (len: 619)
updated maxmap 15: 52d (len: 619)
updated maxmap 7: 53a (len: 612)
[1;94m[*] [0mFuzzing test case #373 (1276 total, 0 uniq crashes found)...[0m
scheduled max input!!!!
schedule: 5 level30_3/ijon_max/5
minimized maxmap 11: 52f (len: 607)
[1;94m[*] [0mFuzzing test case #374 (1276 total, 0 uniq crashes found)...[0m
scheduled max input!!!!
schedule: 2 level30_3/ijon_max/2
[1;94m[*] [0mFuzzing test case #375 (1276 total, 0 uniq crashes found)...[0m
scheduled max input!!!!
schedule: 10 level30_3/ijon_max/10
updated maxmap 14: 52f (len: 620)
updated maxmap 0: 54d (len: 620)
updated maxmap 13: 536 (len: 620)
updated maxmap 14: 540 (len: 620)
updated maxmap 15: 54a (len: 620)
updated maxmap 10: 530 (len: 620)
[1;94m[*] [0mFuzzing test case #376 (1277 total, 0 uniq crashes found)...[0m
scheduled max input!!!!
schedule: 2 level30_3/ijon_max/2
[1;94m[*] [0mFuzzing test case #377 (1277 total, 0 uniq crashes found)...[0m
[1;94m[*] [0mFuzzing test case #378 (1277 total, 0 uniq crashes found)...[0m
scheduled max input!!!!
schedule: 9 level30_3/ijon_max/9
updated maxmap 9: 52f (len: 604)
updated maxmap 9: 530 (len: 609)
minimized maxmap 9: 530 (len: 604)
updated maxmap 8: 540 (len: 610)
[1;94m[*] [0mFuzzing test case #379 (1277 total, 0 uniq crashes found)...[0m
scheduled max input!!!!
schedule: 0 level30_3/ijon_max/0
[1;94m[*] [0mFuzzing test case #380 (1277 total, 0 uniq crashes found)...[0m
[1;94m[*] [0mFuzzing test case #381 (1277 total, 0 uniq crashes found)...[0m
scheduled max input!!!!
schedule: 10 level30_3/ijon_max/10
[1;94m[*] [0mFuzzing test case #382 (1277 total, 0 uniq crashes found)...[0m
scheduled max input!!!!
schedule: 11 level30_3/ijon_max/11
[1;94m[*] [0mFuzzing test case #383 (1277 total, 0 uniq crashes found)...[0m
scheduled max input!!!!
schedule: 14 level30_3/ijon_max/14
updated maxmap 13: 537 (len: 623)
updated maxmap 14: 541 (len: 623)
updated maxmap 15: 54b (len: 623)
minimized maxmap 13: 537 (len: 620)
minimized maxmap 14: 541 (len: 620)
updated maxmap 0: 54e (len: 625)
[1;94m[*] [0mFuzzing test case #384 (1277 total, 0 uniq crashes found)...[0m
scheduled max input!!!!
schedule: 10 level30_3/ijon_max/10
[1;94m[*] [0mFuzzing test case #385 (1277 total, 0 uniq crashes found)...[0m
[1;94m[*] [0mFuzzing test case #386 (1277 total, 0 uniq crashes found)...[0m
scheduled max input!!!!
schedule: 4 level30_3/ijon_max/4
updated maxmap 3: 51e (len: 612)
updated maxmap 4: 528 (len: 612)
updated maxmap 5: 532 (len: 612)
minimized maxmap 3: 51e (len: 607)
updated maxmap 3: 525 (len: 607)
updated maxmap 4: 52d (len: 607)
updated maxmap 4: 52f (len: 609)
updated maxmap 3: 526 (len: 607)
[1;94m[*] [0mFuzzing test case #387 (1278 total, 0 uniq crashes found)...[0m
scheduled max input!!!!
schedule: 12 level30_3/ijon_max/12
[1;94m[*] [0mFuzzing test case #388 (1278 total, 0 uniq crashes found)...[0m
scheduled max input!!!!
schedule: 4 level30_3/ijon_max/4
updated maxmap 4: 530 (len: 609)
updated maxmap 6: 53f (len: 616)
updated maxmap 7: 53d (len: 616)
[1;94m[*] [0mFuzzing test case #389 (1278 total, 0 uniq crashes found)...[0m
[1;94m[*] [0mFuzzing test case #390 (1278 total, 0 uniq crashes found)...[0m
scheduled max input!!!!
schedule: 13 level30_3/ijon_max/13
[1;94m[*] [0mFuzzing test case #391 (1278 total, 0 uniq crashes found)...[0m
scheduled max input!!!!
schedule: 12 level30_3/ijon_max/12
[1;94m[*] [0mFuzzing test case #392 (1278 total, 0 uniq crashes found)...[0m
scheduled max input!!!!
schedule: 11 level30_3/ijon_max/11
[1;94m[*] [0mFuzzing test case #393 (1278 total, 0 uniq crashes found)...[0m
scheduled max input!!!!
schedule: 8 level30_3/ijon_max/8
minimized maxmap 7: 53d (len: 611)
updated maxmap 8: 544 (len: 611)
minimized maxmap 7: 53d (len: 610)
[1;94m[*] [0mFuzzing test case #394 (1278 total, 0 uniq crashes found)...[0m
[1;94m[*] [0mFuzzing test case #395 (1278 total, 0 uniq crashes found)...[0m
scheduled max input!!!!
schedule: 12 level30_3/ijon_max/12
[1;94m[*] [0mFuzzing test case #396 (1279 total, 0 uniq crashes found)...[0m
scheduled max input!!!!
schedule: 14 level30_3/ijon_max/14
[1;94m[*] [0mFuzzing test case #397 (1279 total, 0 uniq crashes found)...[0m
scheduled max input!!!!
schedule: 7 level30_3/ijon_max/7
updated maxmap 7: 53e (len: 610)
updated maxmap 7: 540 (len: 612)
minimized maxmap 7: 540 (len: 610)
updated maxmap 7: 542 (len: 610)
updated maxmap 7: 544 (len: 611)
updated maxmap 6: 555 (len: 618)
[1;94m[*] [0mFuzzing test case #398 (1280 total, 0 uniq crashes found)...[0m
scheduled max input!!!!
schedule: 10 level30_3/ijon_max/10
[1;94m[*] [0mFuzzing test case #399 (1280 total, 0 uniq crashes found)...[0m
scheduled max input!!!!
schedule: 12 level30_3/ijon_max/12
[1;94m[*] [0mFuzzing test case #400 (1280 total, 0 uniq crashes found)...[0m
scheduled max input!!!!
schedule: 0 level30_3/ijon_max/0
[1;94m[*] [0mFuzzing test case #401 (1280 total, 0 uniq crashes found)...[0m
scheduled max input!!!!
schedule: 9 level30_3/ijon_max/9
[1;94m[*] [0mFuzzing test case #402 (1280 total, 0 uniq crashes found)...[0m
scheduled max input!!!!
schedule: 5 level30_3/ijon_max/5
[1;94m[*] [0mFuzzing test case #403 (1280 total, 0 uniq crashes found)...[0m
scheduled max input!!!!
schedule: 5 level30_3/ijon_max/5
updated maxmap 5: 533 (len: 612)
updated maxmap 5: 535 (len: 612)
updated maxmap 5: 537 (len: 612)
updated maxmap 5: 538 (len: 612)
[1;94m[*] [0mFuzzing test case #404 (1280 total, 0 uniq crashes found)...[0m
scheduled max input!!!!
schedule: 4 level30_3/ijon_max/4
[1;94m[*] [0mFuzzing test case #405 (1280 total, 0 uniq crashes found)...[0m
scheduled max input!!!!
schedule: 2 level30_3/ijon_max/2
[1;94m[*] [0mFuzzing test case #406 (1280 total, 0 uniq crashes found)...[0m
[1;94m[*] [0mFuzzing test case #407 (1280 total, 0 uniq crashes found)...[0m
scheduled max input!!!!
schedule: 13 level30_3/ijon_max/13
[1;94m[*] [0mFuzzing test case #408 (1280 total, 0 uniq crashes found)...[0m
[1;94m[*] [0mFuzzing test case #409 (1280 total, 0 uniq crashes found)...[0m
[1;94m[*] [0mFuzzing test case #410 (1280 total, 0 uniq crashes found)...[0m
scheduled max input!!!!
schedule: 8 level30_3/ijon_max/8
updated maxmap 8: 548 (len: 614)
updated maxmap 4: 536 (len: 611)
updated maxmap 5: 540 (len: 611)
[1;94m[*] [0mFuzzing test case #411 (1280 total, 0 uniq crashes found)...[0m
scheduled max input!!!!
schedule: 9 level30_3/ijon_max/9
[1;94m[*] [0mFuzzing test case #412 (1280 total, 0 uniq crashes found)...[0m
scheduled max input!!!!
schedule: 4 level30_3/ijon_max/4
updated maxmap 7: 546 (len: 622)
[1;94m[*] [0mFuzzing test case #413 (1280 total, 0 uniq crashes found)...[0m
scheduled max input!!!!
schedule: 14 level30_3/ijon_max/14
[1;94m[*] [0mFuzzing test case #414 (1280 total, 0 uniq crashes found)...[0m
scheduled max input!!!!
schedule: 15 level30_3/ijon_max/15
[1;94m[*] [0mFuzzing test case #415 (1280 total, 0 uniq crashes found)...[0m
scheduled max input!!!!
schedule: 4 level30_3/ijon_max/4
[1;94m[*] [0mFuzzing test case #416 (1281 total, 0 uniq crashes found)...[0m
scheduled max input!!!!
schedule: 15 level30_3/ijon_max/15
[1;94m[*] [0mFuzzing test case #417 (1281 total, 0 uniq crashes found)...[0m
scheduled max input!!!!
schedule: 4 level30_3/ijon_max/4
updated maxmap 7: 54b (len: 621)
[1;94m[*] [0mFuzzing test case #418 (1281 total, 0 uniq crashes found)...[0m
scheduled max input!!!!
schedule: 6 level30_3/ijon_max/6
updated maxmap 5: 556 (len: 620)
updated maxmap 6: 559 (len: 620)
[1;94m[*] [0mFuzzing test case #419 (1281 total, 0 uniq crashes found)...[0m
scheduled max input!!!!
schedule: 10 level30_3/ijon_max/10
[1;94m[*] [0mFuzzing test case #420 (1281 total, 0 uniq crashes found)...[0m
scheduled max input!!!!
schedule: 4 level30_3/ijon_max/4
updated maxmap 7: 54e (len: 616)
[1;94m[*] [0mFuzzing test case #421 (1281 total, 0 uniq crashes found)...[0m
scheduled max input!!!!
schedule: 12 level30_3/ijon_max/12
updated maxmap 12: 530 (len: 607)
[1;94m[*] [0mFuzzing test case #422 (1281 total, 0 uniq crashes found)...[0m
scheduled max input!!!!
schedule: 7 level30_3/ijon_max/7
updated maxmap 7: 54f (len: 620)
[1;94m[*] [0mFuzzing test case #423 (1281 total, 0 uniq crashes found)...[0m
scheduled max input!!!!
schedule: 13 level30_3/ijon_max/13
[1;94m[*] [0mFuzzing test case #424 (1281 total, 0 uniq crashes found)...[0m
scheduled max input!!!!
schedule: 10 level30_3/ijon_max/10
[1;94m[*] [0mFuzzing test case #425 (1281 total, 0 uniq crashes found)...[0m
[1;94m[*] [0mFuzzing test case #426 (1281 total, 0 uniq crashes found)...[0m
scheduled max input!!!!
schedule: 2 level30_3/ijon_max/2
[1;94m[*] [0mFuzzing test case #427 (1281 total, 0 uniq crashes found)...[0m
[1;94m[*] [0mFuzzing test case #428 (1281 total, 0 uniq crashes found)...[0m
scheduled max input!!!!
schedule: 3 level30_3/ijon_max/3
updated maxmap 3: 529 (len: 607)
updated maxmap 3: 52a (len: 607)
[1;94m[*] [0mFuzzing test case #429 (1281 total, 0 uniq crashes found)...[0m
scheduled max input!!!!
schedule: 4 level30_3/ijon_max/4
[1;94m[*] [0mFuzzing test case #430 (1281 total, 0 uniq crashes found)...[0m
scheduled max input!!!!
schedule: 5 level30_3/ijon_max/5
updated maxmap 5: 557 (len: 620)
updated maxmap 5: 558 (len: 620)
updated maxmap 6: 55a (len: 620)
[1;94m[*] [0mFuzzing test case #431 (1281 total, 0 uniq crashes found)...[0m
scheduled max input!!!!
schedule: 14 level30_3/ijon_max/14
[1;94m[*] [0mFuzzing test case #432 (1281 total, 0 uniq crashes found)...[0m
scheduled max input!!!!
schedule: 0 level30_3/ijon_max/0
[1;94m[*] [0mFuzzing test case #433 (1281 total, 0 uniq crashes found)...[0m
scheduled max input!!!!
schedule: 13 level30_3/ijon_max/13
[1;94m[*] [0mFuzzing test case #434 (1281 total, 0 uniq crashes found)...[0m
scheduled max input!!!!
schedule: 15 level30_3/ijon_max/15
[1;94m[*] [0mFuzzing test case #435 (1281 total, 0 uniq crashes found)...[0m
[1;94m[*] [0mFuzzing test case #436 (1281 total, 0 uniq crashes found)...[0m
scheduled max input!!!!
schedule: 15 level30_3/ijon_max/15
minimized maxmap 0: 54e (len: 623)
[1;94m[*] [0mFuzzing test case #437 (1281 total, 0 uniq crashes found)...[0m
scheduled max input!!!!
schedule: 15 level30_3/ijon_max/15
[1;94m[*] [0mFuzzing test case #438 (1281 total, 0 uniq crashes found)...[0m
[1;94m[*] [0mFuzzing test case #439 (1281 total, 0 uniq crashes found)...[0m
[1;94m[*] [0mFuzzing test case #440 (1281 total, 0 uniq crashes found)...[0m
scheduled max input!!!!
schedule: 10 level30_3/ijon_max/10
[1;94m[*] [0mFuzzing test case #441 (1281 total, 0 uniq crashes found)...[0m
[1;94m[*] [0mFuzzing test case #442 (1281 total, 0 uniq crashes found)...[0m
scheduled max input!!!!
schedule: 14 level30_3/ijon_max/14
[1;94m[*] [0mFuzzing test case #443 (1281 total, 0 uniq crashes found)...[0m
scheduled max input!!!!
schedule: 0 level30_3/ijon_max/0
[1;94m[*] [0mFuzzing test case #444 (1281 total, 0 uniq crashes found)...[0m
scheduled max input!!!!
schedule: 2 level30_3/ijon_max/2
[1;94m[*] [0mFuzzing test case #445 (1281 total, 0 uniq crashes found)...[0m
[1;94m[*] [0mFuzzing test case #446 (1281 total, 0 uniq crashes found)...[0m
scheduled max input!!!!
schedule: 3 level30_3/ijon_max/3
updated maxmap 2: 528 (len: 614)
updated maxmap 3: 534 (len: 614)
[1;94m[*] [0mFuzzing test case #447 (1281 total, 0 uniq crashes found)...[0m
scheduled max input!!!!
schedule: 6 level30_3/ijon_max/6
updated maxmap 9: 531 (len: 620)
updated maxmap 6: 55b (len: 620)
[1;94m[*] [0mFuzzing test case #448 (1282 total, 0 uniq crashes found)...[0m
scheduled max input!!!!
schedule: 9 level30_3/ijon_max/9
[1;94m[*] [0mFuzzing test case #449 (1282 total, 0 uniq crashes found)...[0m
scheduled max input!!!!
schedule: 5 level30_3/ijon_max/5
[1;94m[*] [0mFuzzing test case #450 (1282 total, 0 uniq crashes found)...[0m
scheduled max input!!!!
schedule: 13 level30_3/ijon_max/13
[1;94m[*] [0mFuzzing test case #451 (1282 total, 0 uniq crashes found)...[0m
scheduled max input!!!!
schedule: 10 level30_3/ijon_max/10
[1;94m[*] [0mFuzzing test case #452 (1282 total, 0 uniq crashes found)...[0m
scheduled max input!!!!
schedule: 6 level30_3/ijon_max/6
[1;94m[*] [0mFuzzing test case #453 (1282 total, 0 uniq crashes found)...[0m
scheduled max input!!!!
schedule: 15 level30_3/ijon_max/15
[1;94m[*] [0mFuzzing test case #454 (1282 total, 0 uniq crashes found)...[0m
scheduled max input!!!!
schedule: 15 level30_3/ijon_max/15
[1;94m[*] [0mFuzzing test case #455 (1282 total, 0 uniq crashes found)...[0m
scheduled max input!!!!
schedule: 6 level30_3/ijon_max/6
updated maxmap 5: 55b (len: 622)
updated maxmap 6: 55e (len: 622)
updated maxmap 7: 566 (len: 627)
[1;94m[*] [0mFuzzing test case #456 (1283 total, 0 uniq crashes found)...[0m
scheduled max input!!!!
schedule: 13 level30_3/ijon_max/13
[1;94m[*] [0mFuzzing test case #457 (1283 total, 0 uniq crashes found)...[0m
scheduled normal input!!!!
[1;94m[*] [0mFuzzing test case #458 (1302 total, 0 uniq crashes found)...[0m
scheduled max input!!!!
schedule: 6 level30_3/ijon_max/6
updated maxmap 5: 55c (len: 622)
[1;94m[*] [0mFuzzing test case #459 (1302 total, 0 uniq crashes found)...[0m
[1;94m[*] [0mFuzzing test case #460 (1302 total, 0 uniq crashes found)...[0m
scheduled max input!!!!
schedule: 2 level30_3/ijon_max/2
updated maxmap 2: 530 (len: 620)
updated maxmap 3: 53c (len: 620)
updated maxmap 4: 544 (len: 620)
minimized maxmap 2: 530 (len: 614)
updated maxmap 2: 531 (len: 617)
updated maxmap 2: 53c (len: 619)
[1;94m[*] [0mFuzzing test case #461 (1302 total, 0 uniq crashes found)...[0m
scheduled max input!!!!
schedule: 15 level30_3/ijon_max/15
[1;94m[*] [0mFuzzing test case #462 (1302 total, 0 uniq crashes found)...[0m
scheduled max input!!!!
schedule: 3 level30_3/ijon_max/3
updated maxmap 3: 53d (len: 624)
updated maxmap 4: 546 (len: 624)
minimized maxmap 3: 53d (len: 620)
updated maxmap 3: 544 (len: 620)
updated maxmap 4: 54b (len: 620)
updated maxmap 4: 54d (len: 621)
[1;94m[*] [0mFuzzing test case #463 (1303 total, 0 uniq crashes found)...[0m
scheduled max input!!!!
schedule: 7 level30_3/ijon_max/7
updated maxmap 6: 564 (len: 633)
updated maxmap 7: 56c (len: 633)
updated maxmap 6: 56a (len: 628)
[1;94m[*] [0mFuzzing test case #464 (1304 total, 0 uniq crashes found)...[0m
[1;94m[*] [0mFuzzing test case #465 (1304 total, 0 uniq crashes found)...[0m
scheduled max input!!!!
schedule: 6 level30_3/ijon_max/6
updated maxmap 5: 55e (len: 628)
updated maxmap 6: 56b (len: 628)
updated maxmap 6: 56c (len: 634)
[1;94m[*] [0mFuzzing test case #466 (1304 total, 0 uniq crashes found)...[0m
scheduled max input!!!!
schedule: 0 level30_3/ijon_max/0
[1;94m[*] [0mFuzzing test case #467 (1305 total, 0 uniq crashes found)...[0m
scheduled max input!!!!
schedule: 15 level30_3/ijon_max/15
[1;94m[*] [0mFuzzing test case #468 (1305 total, 0 uniq crashes found)...[0m
scheduled max input!!!!
schedule: 5 level30_3/ijon_max/5
updated maxmap 5: 560 (len: 628)
updated maxmap 5: 561 (len: 628)
updated maxmap 5: 562 (len: 628)
minimized maxmap 6: 56c (len: 628)
[1;94m[*] [0mFuzzing test case #469 (1305 total, 0 uniq crashes found)...[0m
[1;94m[*] [0mFuzzing test case #470 (1305 total, 0 uniq crashes found)...[0m
scheduled max input!!!!
schedule: 13 level30_3/ijon_max/13
[1;94m[*] [0mFuzzing test case #471 (1305 total, 0 uniq crashes found)...[0m
scheduled max input!!!!
schedule: 13 level30_3/ijon_max/13
[1;94m[*] [0mFuzzing test case #472 (1305 total, 0 uniq crashes found)...[0m
scheduled max input!!!!
schedule: 14 level30_3/ijon_max/14
minimized maxmap 15: 54b (len: 622)
[1;94m[*] [0mFuzzing test case #473 (1305 total, 0 uniq crashes found)...[0m
[1;94m[*] [0mFuzzing test case #474 (1305 total, 0 uniq crashes found)...[0m
scheduled max input!!!!
schedule: 5 level30_3/ijon_max/5
updated maxmap 5: 568 (len: 628)
updated maxmap 5: 569 (len: 631)
[1;94m[*] [0mFuzzing test case #475 (1305 total, 0 uniq crashes found)...[0m
scheduled max input!!!!
schedule: 2 level30_3/ijon_max/2
updated maxmap 2: 53d (len: 619)
updated maxmap 2: 53e (len: 623)
updated maxmap 3: 546 (len: 623)
updated maxmap 2: 53f (len: 619)
[1;94m[*] [0mFuzzing test case #476 (1305 total, 0 uniq crashes found)...[0m
scheduled max input!!!!
schedule: 9 level30_3/ijon_max/9
[1;94m[*] [0mFuzzing test case #477 (1305 total, 0 uniq crashes found)...[0m
scheduled max input!!!!
schedule: 13 level30_3/ijon_max/13
[1;94m[*] [0mFuzzing test case #478 (1305 total, 0 uniq crashes found)...[0m
[1;94m[*] [0mFuzzing test case #479 (1305 total, 0 uniq crashes found)...[0m
scheduled max input!!!!
schedule: 5 level30_3/ijon_max/5
[1;94m[*] [0mFuzzing test case #480 (1305 total, 0 uniq crashes found)...[0m
scheduled max input!!!!
schedule: 2 level30_3/ijon_max/2
updated maxmap 2: 540 (len: 619)
updated maxmap 2: 542 (len: 627)
updated maxmap 3: 54e (len: 627)
updated maxmap 4: 553 (len: 627)
[1;94m[*] [0mFuzzing test case #481 (1305 total, 0 uniq crashes found)...[0m
scheduled max input!!!!
schedule: 11 level30_3/ijon_max/11
[1;94m[*] [0mFuzzing test case #482 (1305 total, 0 uniq crashes found)...[0m
scheduled max input!!!!
schedule: 9 level30_3/ijon_max/9
[1;94m[*] [0mFuzzing test case #483 (1305 total, 0 uniq crashes found)...[0m
scheduled max input!!!!
schedule: 3 level30_3/ijon_max/3
updated maxmap 8: 551 (len: 627)
updated maxmap 2: 543 (len: 628)
updated maxmap 3: 54f (len: 628)
updated maxmap 4: 554 (len: 628)
minimized maxmap 2: 543 (len: 627)
minimized maxmap 3: 54f (len: 627)
updated maxmap 3: 550 (len: 627)
updated maxmap 2: 544 (len: 629)
minimized maxmap 2: 544 (len: 627)
updated maxmap 8: 55e (len: 634)
updated maxmap 4: 555 (len: 628)
updated maxmap 2: 546 (len: 627)
updated maxmap 3: 552 (len: 627)
minimized maxmap 4: 555 (len: 627)
updated maxmap 3: 553 (len: 629)
updated maxmap 4: 55a (len: 629)
minimized maxmap 3: 553 (len: 627)
updated maxmap 2: 547 (len: 627)
updated maxmap 3: 554 (len: 627)
updated maxmap 10: 531 (len: 627)
updated maxmap 11: 530 (len: 627)
updated maxmap 2: 549 (len: 630)
updated maxmap 3: 555 (len: 630)
minimized maxmap 2: 549 (len: 627)
updated maxmap 2: 54a (len: 627)
updated maxmap 2: 54d (len: 627)
updated maxmap 3: 558 (len: 632)
updated maxmap 4: 560 (len: 632)
minimized maxmap 3: 558 (len: 629)
[1;94m[*] [0mFuzzing test case #484 (1311 total, 0 uniq crashes found)...[0m
scheduled max input!!!!
schedule: 7 level30_3/ijon_max/7
updated maxmap 7: 56d (len: 633)
updated maxmap 7: 576 (len: 633)
updated maxmap 6: 589 (len: 641)
updated maxmap 7: 584 (len: 641)
updated maxmap 8: 57d (len: 641)
updated maxmap 8: 583 (len: 640)
[1;94m[*] [0mFuzzing test case #485 (1313 total, 0 uniq crashes found)...[0m
scheduled max input!!!!
schedule: 5 level30_3/ijon_max/5
[1;94m[*] [0mFuzzing test case #486 (1313 total, 0 uniq crashes found)...[0m
scheduled max input!!!!
schedule: 12 level30_3/ijon_max/12
[1;94m[*] [0mFuzzing test case #487 (1313 total, 0 uniq crashes found)...[0m
scheduled max input!!!!
schedule: 8 level30_3/ijon_max/8
updated maxmap 8: 584 (len: 640)
minimized maxmap 6: 589 (len: 640)
updated maxmap 6: 58d (len: 646)
updated maxmap 7: 58c (len: 646)
updated maxmap 8: 587 (len: 646)
[1;94m[*] [0mFuzzing test case #488 (1314 total, 0 uniq crashes found)...[0m
[1;94m[*] [0mFuzzing test case #489 (1314 total, 0 uniq crashes found)...[0m
[1;94m[*] [0mFuzzing test case #490 (1314 total, 0 uniq crashes found)...[0m
scheduled max input!!!!
schedule: 12 level30_3/ijon_max/12
[1;94m[*] [0mFuzzing test case #491 (1314 total, 0 uniq crashes found)...[0m
scheduled max input!!!!
schedule: 13 level30_3/ijon_max/13
[1;94m[*] [0mFuzzing test case #492 (1314 total, 0 uniq crashes found)...[0m
scheduled max input!!!!
schedule: 12 level30_3/ijon_max/12
[1;94m[*] [0mFuzzing test case #493 (1314 total, 0 uniq crashes found)...[0m
scheduled max input!!!!
schedule: 9 level30_3/ijon_max/9
[1;94m[*] [0mFuzzing test case #494 (1314 total, 0 uniq crashes found)...[0m
[1;94m[*] [0mFuzzing test case #495 (1314 total, 0 uniq crashes found)...[0m
scheduled max input!!!!
schedule: 12 level30_3/ijon_max/12
updated maxmap 13: 53a (len: 615)
updated maxmap 14: 544 (len: 615)
updated maxmap 15: 54d (len: 615)
[1;94m[*] [0mFuzzing test case #496 (1314 total, 0 uniq crashes found)...[0m
scheduled max input!!!!
schedule: 4 level30_3/ijon_max/4
updated maxmap 3: 559 (len: 632)
updated maxmap 4: 562 (len: 638)
updated maxmap 5: 56c (len: 638)
[1;94m[*] [0mFuzzing test case #497 (1314 total, 0 uniq crashes found)...[0m
scheduled max input!!!!
schedule: 15 level30_3/ijon_max/15
updated maxmap 0: 54f (len: 617)
[1;94m[*] [0mFuzzing test case #498 (1314 total, 0 uniq crashes found)...[0m
scheduled max input!!!!
schedule: 4 level30_3/ijon_max/4
updated maxmap 4: 563 (len: 638)
updated maxmap 5: 56d (len: 638)
[1;94m[*] [0mFuzzing test case #499 (1314 total, 0 uniq crashes found)...[0m
scheduled max input!!!!
schedule: 3 level30_3/ijon_max/3
[1;94m[*] [0mFuzzing test case #500 (1314 total, 0 uniq crashes found)...[0m
scheduled max input!!!!
schedule: 13 level30_3/ijon_max/13
[1;94m[*] [0mFuzzing test case #501 (1314 total, 0 uniq crashes found)...[0m
scheduled max input!!!!
schedule: 9 level30_3/ijon_max/9
[1;94m[*] [0mFuzzing test case #502 (1314 total, 0 uniq crashes found)...[0m
scheduled max input!!!!
schedule: 2 level30_3/ijon_max/2
[1;94m[*] [0mFuzzing test case #503 (1314 total, 0 uniq crashes found)...[0m
scheduled max input!!!!
schedule: 8 level30_3/ijon_max/8
updated maxmap 5: 595 (len: 649)
updated maxmap 6: 5a1 (len: 649)
updated maxmap 5: 59b (len: 653)
updated maxmap 6: 5a8 (len: 653)
updated maxmap 5: 59e (len: 653)
updated maxmap 6: 5aa (len: 653)
updated maxmap 8: 58a (len: 646)
updated maxmap 8: 58b (len: 646)
updated maxmap 7: 59b (len: 647)
updated maxmap 8: 58d (len: 646)
updated maxmap 8: 58e (len: 646)
updated maxmap 4: 56f (len: 646)
updated maxmap 8: 597 (len: 646)
updated maxmap 4: 570 (len: 646)
updated maxmap 8: 598 (len: 646)
updated maxmap 8: 599 (len: 646)
updated maxmap 8: 59d (len: 649)
updated maxmap 4: 573 (len: 648)
[1;94m[*] [0mFuzzing test case #504 (1318 total, 0 uniq crashes found)...[0m
scheduled max input!!!!
schedule: 7 level30_3/ijon_max/7
updated maxmap 7: 59d (len: 647)
updated maxmap 8: 5a1 (len: 653)
updated maxmap 7: 59f (len: 649)
minimized maxmap 8: 5a1 (len: 649)
[1;94m[*] [0mFuzzing test case #505 (1318 total, 0 uniq crashes found)...[0m
scheduled max input!!!!
schedule: 11 level30_3/ijon_max/11
[1;94m[*] [0mFuzzing test case #506 (1318 total, 0 uniq crashes found)...[0m
scheduled max input!!!!
schedule: 5 level30_3/ijon_max/5
[1;94m[*] [0mFuzzing test case #507 (1318 total, 0 uniq crashes found)...[0m
[1;94m[*] [0mFuzzing test case #508 (1318 total, 0 uniq crashes found)...[0m
scheduled max input!!!!
schedule: 5 level30_3/ijon_max/5
[1;94m[*] [0mFuzzing test case #509 (1318 total, 0 uniq crashes found)...[0m
scheduled max input!!!!
schedule: 4 level30_3/ijon_max/4
updated maxmap 5: 5a0 (len: 654)
updated maxmap 6: 5ac (len: 654)
updated maxmap 4: 574 (len: 648)
[1;94m[*] [0mFuzzing test case #510 (1318 total, 0 uniq crashes found)...[0m
scheduled max input!!!!
schedule: 10 level30_3/ijon_max/10
[1;94m[*] [0mFuzzing test case #511 (1318 total, 0 uniq crashes found)...[0m
[1;94m[*] [0mFuzzing test case #512 (1318 total, 0 uniq crashes found)...[0m
scheduled max input!!!!
schedule: 6 level30_3/ijon_max/6
updated maxmap 5: 5a1 (len: 654)
updated maxmap 6: 5ad (len: 654)
[1;94m[*] [0mFuzzing test case #513 (1318 total, 0 uniq crashes found)...[0m
scheduled max input!!!!
schedule: 12 level30_3/ijon_max/12
[1;94m[*] [0mFuzzing test case #514 (1318 total, 0 uniq crashes found)...[0m
scheduled max input!!!!
schedule: 3 level30_3/ijon_max/3
updated maxmap 3: 55a (len: 632)
[1;94m[*] [0mFuzzing test case #515 (1318 total, 0 uniq crashes found)...[0m
scheduled max input!!!!
schedule: 14 level30_3/ijon_max/14
updated maxmap 15: 54e (len: 615)
[1;94m[*] [0mFuzzing test case #516 (1318 total, 0 uniq crashes found)...[0m
[1;94m[*] [0mFuzzing test case #517 (1318 total, 0 uniq crashes found)...[0m
scheduled max input!!!!
schedule: 7 level30_3/ijon_max/7
updated maxmap 7: 5a0 (len: 649)
updated maxmap 8: 5a2 (len: 649)
updated maxmap 8: 5a3 (len: 649)
updated maxmap 8: 5a9 (len: 652)
updated maxmap 7: 5a1 (len: 649)
updated maxmap 7: 5a2 (len: 649)
[1;94m[*] [0mFuzzing test case #518 (1318 total, 0 uniq crashes found)...[0m
scheduled max input!!!!
schedule: 5 level30_3/ijon_max/5
updated maxmap 7: 5ae (len: 655)
[1;94m[*] [0mFuzzing test case #519 (1318 total, 0 uniq crashes found)...[0m
scheduled max input!!!!
schedule: 9 level30_3/ijon_max/9
[1;94m[*] [0mFuzzing test case #520 (1318 total, 0 uniq crashes found)...[0m
scheduled max input!!!!
schedule: 12 level30_3/ijon_max/12
[1;94m[*] [0mFuzzing test case #521 (1318 total, 0 uniq crashes found)...[0m
[1;94m[*] [0mFuzzing test case #522 (1318 total, 0 uniq crashes found)...[0m
scheduled max input!!!!
schedule: 8 level30_3/ijon_max/8
updated maxmap 8: 5aa (len: 652)
updated maxmap 6: 5af (len: 658)
[1;94m[*] [0mFuzzing test case #523 (1319 total, 0 uniq crashes found)...[0m
scheduled max input!!!!
schedule: 6 level30_3/ijon_max/6
updated maxmap 6: 5b1 (len: 658)
updated maxmap 5: 5b0 (len: 658)
updated maxmap 6: 5b6 (len: 658)
[1;94m[*] [0mFuzzing test case #524 (1320 total, 0 uniq crashes found)...[0m
[1;94m[*] [0mFuzzing test case #525 (1320 total, 0 uniq crashes found)...[0m
scheduled max input!!!!
schedule: 3 level30_3/ijon_max/3
[1;94m[*] [0mFuzzing test case #526 (1320 total, 0 uniq crashes found)...[0m
scheduled max input!!!!
schedule: 8 level30_3/ijon_max/8
[1;94m[*] [0mFuzzing test case #527 (1320 total, 0 uniq crashes found)...[0m
scheduled normal input!!!!
[1;94m[*] [0mFuzzing test case #528 (1320 total, 0 uniq crashes found)...[0m
scheduled max input!!!!
schedule: 4 level30_3/ijon_max/4
updated maxmap 4: 578 (len: 650)
minimized maxmap 4: 578 (len: 648)
updated maxmap 4: 579 (len: 648)
[1;94m[*] [0mFuzzing test case #529 (1321 total, 0 uniq crashes found)...[0m
scheduled max input!!!!
schedule: 3 level30_3/ijon_max/3
[1;94m[*] [0mFuzzing test case #530 (1321 total, 0 uniq crashes found)...[0m
[1;94m[*] [0mFuzzing test case #531 (1321 total, 0 uniq crashes found)...[0m
scheduled max input!!!!
schedule: 4 level30_3/ijon_max/4
updated maxmap 4: 57a (len: 648)
[1;94m[*] [0mFuzzing test case #532 (1321 total, 0 uniq crashes found)...[0m
[1;94m[*] [0mFuzzing test case #533 (1321 total, 0 uniq crashes found)...[0m
[1;94m[*] [0mFuzzing test case #534 (1321 total, 0 uniq crashes found)...[0m
scheduled max input!!!!
schedule: 15 level30_3/ijon_max/15
[1;94m[*] [0mFuzzing test case #535 (1321 total, 0 uniq crashes found)...[0m
[1;94m[*] [0mFuzzing test case #536 (1321 total, 0 uniq crashes found)...[0m
scheduled max input!!!!
schedule: 7 level30_3/ijon_max/7
updated maxmap 7: 5b0 (len: 655)
updated maxmap 7: 5b1 (len: 656)
updated maxmap 7: 5bd (len: 661)
updated maxmap 5: 5b9 (len: 660)
updated maxmap 6: 5bb (len: 660)
updated maxmap 4: 5a2 (len: 655)
[1;94m[*] [0mFuzzing test case #537 (1322 total, 0 uniq crashes found)...[0m
scheduled max input!!!!
schedule: 15 level30_3/ijon_max/15
[1;94m[*] [0mFuzzing test case #538 (1322 total, 0 uniq crashes found)...[0m
scheduled max input!!!!
schedule: 15 level30_3/ijon_max/15
[1;94m[*] [0mFuzzing test case #539 (1322 total, 0 uniq crashes found)...[0m
scheduled max input!!!!
schedule: 15 level30_3/ijon_max/15
[1;94m[*] [0mFuzzing test case #540 (1322 total, 0 uniq crashes found)...[0m
scheduled max input!!!!
schedule: 0 level30_3/ijon_max/0
updated maxmap 0: 550 (len: 617)
[1;94m[*] [0mFuzzing test case #541 (1322 total, 0 uniq crashes found)...[0m
scheduled max input!!!!
schedule: 13 level30_3/ijon_max/13
[1;94m[*] [0mFuzzing test case #542 (1322 total, 0 uniq crashes found)...[0m
scheduled max input!!!!
schedule: 11 level30_3/ijon_max/11
[1;94m[*] [0mFuzzing test case #543 (1322 total, 0 uniq crashes found)...[0m
scheduled max input!!!!
schedule: 3 level30_3/ijon_max/3
[1;94m[*] [0mFuzzing test case #544 (1322 total, 0 uniq crashes found)...[0m
scheduled max input!!!!
schedule: 14 level30_3/ijon_max/14
[1;94m[*] [0mFuzzing test case #545 (1322 total, 0 uniq crashes found)...[0m
scheduled max input!!!!
schedule: 11 level30_3/ijon_max/11
[1;94m[*] [0mFuzzing test case #546 (1322 total, 0 uniq crashes found)...[0m
scheduled max input!!!!
schedule: 10 level30_3/ijon_max/10
[1;94m[*] [0mFuzzing test case #547 (1322 total, 0 uniq crashes found)...[0m
scheduled max input!!!!
schedule: 11 level30_3/ijon_max/11
[1;94m[*] [0mFuzzing test case #548 (1322 total, 0 uniq crashes found)...[0m
scheduled max input!!!!
schedule: 10 level30_3/ijon_max/10
[1;94m[*] [0mFuzzing test case #549 (1322 total, 0 uniq crashes found)...[0m
scheduled max input!!!!
schedule: 9 level30_3/ijon_max/9
[1;94m[*] [0mFuzzing test case #550 (1322 total, 0 uniq crashes found)...[0m
scheduled max input!!!!
schedule: 0 level30_3/ijon_max/0
[1;94m[*] [0mFuzzing test case #551 (1322 total, 0 uniq crashes found)...[0m
[1;94m[*] [0mFuzzing test case #552 (1322 total, 0 uniq crashes found)...[0m
[1;94m[*] [0mFuzzing test case #553 (1322 total, 0 uniq crashes found)...[0m
[1;94m[*] [0mFuzzing test case #554 (1322 total, 0 uniq crashes found)...[0m
scheduled max input!!!!
schedule: 7 level30_3/ijon_max/7
updated maxmap 7: 5be (len: 661)
updated maxmap 8: 5be (len: 661)
[1;94m[*] [0mFuzzing test case #555 (1322 total, 0 uniq crashes found)...[0m
scheduled max input!!!!
schedule: 2 level30_3/ijon_max/2
[1;94m[*] [0mFuzzing test case #556 (1322 total, 0 uniq crashes found)...[0m
scheduled max input!!!!
schedule: 11 level30_3/ijon_max/11
[1;94m[*] [0mFuzzing test case #557 (1323 total, 0 uniq crashes found)...[0m
[1;94m[*] [0mFuzzing test case #558 (1323 total, 0 uniq crashes found)...[0m
scheduled max input!!!!
schedule: 8 level30_3/ijon_max/8
updated maxmap 6: 5cc (len: 668)
updated maxmap 7: 5c2 (len: 668)
[1;94m[*] [0mFuzzing test case #559 (1324 total, 0 uniq crashes found)...[0m
scheduled max input!!!!
schedule: 9 level30_3/ijon_max/9
[1;94m[*] [0mFuzzing test case #560 (1324 total, 0 uniq crashes found)...[0m
scheduled max input!!!!
schedule: 15 level30_3/ijon_max/15
[1;94m[*] [0mFuzzing test case #561 (1324 total, 0 uniq crashes found)...[0m
[1;94m[*] [0mFuzzing test case #562 (1324 total, 0 uniq crashes found)...[0m
[1;94m[*] [0mFuzzing test case #563 (1324 total, 0 uniq crashes found)...[0m
scheduled max input!!!!
schedule: 2 level30_3/ijon_max/2
[1;94m[*] [0mFuzzing test case #564 (1324 total, 0 uniq crashes found)...[0m
scheduled max input!!!!
schedule: 0 level30_3/ijon_max/0
[1;94m[*] [0mFuzzing test case #565 (1324 total, 0 uniq crashes found)...[0m
scheduled max input!!!!
schedule: 13 level30_3/ijon_max/13
[1;94m[*] [0mFuzzing test case #566 (1324 total, 0 uniq crashes found)...[0m
scheduled max input!!!!
schedule: 3 level30_3/ijon_max/3
[1;94m[*] [0mFuzzing test case #567 (1324 total, 0 uniq crashes found)...[0m
scheduled max input!!!!
schedule: 8 level30_3/ijon_max/8
[1;94m[*] [0mFuzzing test case #568 (1324 total, 0 uniq crashes found)...[0m
[1;94m[*] [0mFuzzing test case #569 (1324 total, 0 uniq crashes found)...[0m
scheduled max input!!!!
schedule: 2 level30_3/ijon_max/2
[1;94m[*] [0mFuzzing test case #570 (1324 total, 0 uniq crashes found)...[0m
scheduled max input!!!!
schedule: 7 level30_3/ijon_max/7
updated maxmap 7: 5c3 (len: 668)
updated maxmap 6: 5cd (len: 668)
updated maxmap 4: 5b1 (len: 670)
updated maxmap 5: 5bb (len: 670)
updated maxmap 7: 5cc (len: 670)
minimized maxmap 4: 5b1 (len: 668)
minimized maxmap 5: 5bb (len: 668)
updated maxmap 4: 5b4 (len: 670)
updated maxmap 5: 5be (len: 670)
updated maxmap 4: 5b6 (len: 670)
updated maxmap 5: 5c0 (len: 670)
[1;94m[*] [0mFuzzing test case #571 (1324 total, 0 uniq crashes found)...[0m
scheduled max input!!!!
schedule: 15 level30_3/ijon_max/15
[1;94m[*] [0mFuzzing test case #572 (1324 total, 0 uniq crashes found)...[0m
[1;94m[*] [0mFuzzing test case #573 (1324 total, 0 uniq crashes found)...[0m
scheduled max input!!!!
schedule: 13 level30_3/ijon_max/13
[1;94m[*] [0mFuzzing test case #574 (1324 total, 0 uniq crashes found)...[0m
scheduled max input!!!!
schedule: 11 level30_3/ijon_max/11
[1;94m[*] [0mFuzzing test case #575 (1324 total, 0 uniq crashes found)...[0m
[1;94m[*] [0mFuzzing test case #576 (1324 total, 0 uniq crashes found)...[0m
scheduled max input!!!!
schedule: 12 level30_3/ijon_max/12
[1;94m[*] [0mFuzzing test case #577 (1324 total, 0 uniq crashes found)...[0m
scheduled max input!!!!
schedule: 12 level30_3/ijon_max/12
[1;94m[*] [0mFuzzing test case #578 (1324 total, 0 uniq crashes found)...[0m
scheduled max input!!!!
schedule: 14 level30_3/ijon_max/14
[1;94m[*] [0mFuzzing test case #579 (1324 total, 0 uniq crashes found)...[0m
[1;94m[*] [0mFuzzing test case #580 (1324 total, 0 uniq crashes found)...[0m
scheduled max input!!!!
schedule: 3 level30_3/ijon_max/3
[1;94m[*] [0mFuzzing test case #581 (1324 total, 0 uniq crashes found)...[0m
scheduled max input!!!!
schedule: 9 level30_3/ijon_max/9
[1;94m[*] [0mFuzzing test case #582 (1324 total, 0 uniq crashes found)...[0m
scheduled max input!!!!
schedule: 10 level30_3/ijon_max/10
[1;94m[*] [0mFuzzing test case #583 (1324 total, 0 uniq crashes found)...[0m
scheduled max input!!!!
schedule: 13 level30_3/ijon_max/13
[1;94m[*] [0mFuzzing test case #584 (1324 total, 0 uniq crashes found)...[0m
scheduled max input!!!!
schedule: 0 level30_3/ijon_max/0
[1;94m[*] [0mFuzzing test case #585 (1324 total, 0 uniq crashes found)...[0m
scheduled max input!!!!
schedule: 0 level30_3/ijon_max/0
[1;94m[*] [0mFuzzing test case #586 (1324 total, 0 uniq crashes found)...[0m
scheduled max input!!!!
schedule: 0 level30_3/ijon_max/0
[1;94m[*] [0mFuzzing test case #587 (1324 total, 0 uniq crashes found)...[0m
scheduled max input!!!!
schedule: 15 level30_3/ijon_max/15
[1;94m[*] [0mFuzzing test case #588 (1324 total, 0 uniq crashes found)...[0m
[1;94m[*] [0mFuzzing test case #589 (1324 total, 0 uniq crashes found)...[0m
scheduled max input!!!!
schedule: 10 level30_3/ijon_max/10
[1;94m[*] [0mFuzzing test case #590 (1324 total, 0 uniq crashes found)...[0m
scheduled max input!!!!
schedule: 2 level30_3/ijon_max/2
[1;94m[*] [0mFuzzing test case #591 (1324 total, 0 uniq crashes found)...[0m
scheduled max input!!!!
schedule: 14 level30_3/ijon_max/14
[1;94m[*] [0mFuzzing test case #592 (1324 total, 0 uniq crashes found)...[0m
[1;94m[*] [0mFuzzing test case #593 (1324 total, 0 uniq crashes found)...[0m
scheduled max input!!!!
schedule: 7 level30_3/ijon_max/7
updated maxmap 7: 5cd (len: 677)
updated maxmap 8: 5dc (len: 677)
updated maxmap 3: 5a2 (len: 670)
updated maxmap 5: 5cc (len: 670)
updated maxmap 6: 5ce (len: 670)
minimized maxmap 7: 5cd (len: 671)
updated maxmap 6: 5d8 (len: 678)
updated maxmap 7: 5d2 (len: 678)
updated maxmap 6: 5e3 (len: 678)
updated maxmap 3: 5c1 (len: 670)
updated maxmap 4: 5cb (len: 670)
updated maxmap 5: 5ce (len: 670)
updated maxmap 8: 5df (len: 678)
updated maxmap 4: 5db (len: 677)
updated maxmap 5: 5e0 (len: 677)
updated maxmap 7: 5d4 (len: 676)
minimized maxmap 7: 5d4 (len: 672)
updated maxmap 7: 5e0 (len: 678)
[1;94m[*] [0mFuzzing test case #594 (1334 total, 0 uniq crashes found)...[0m
scheduled max input!!!!
schedule: 0 level30_3/ijon_max/0
[1;94m[*] [0mFuzzing test case #595 (1334 total, 0 uniq crashes found)...[0m
scheduled max input!!!!
schedule: 8 level30_3/ijon_max/8
updated maxmap 8: 5e1 (len: 678)
updated maxmap 8: 5e2 (len: 678)
[1;94m[*] [0mFuzzing test case #596 (1334 total, 0 uniq crashes found)...[0m
scheduled max input!!!!
schedule: 10 level30_3/ijon_max/10
[1;94m[*] [0mFuzzing test case #597 (1334 total, 0 uniq crashes found)...[0m
scheduled max input!!!!
schedule: 12 level30_3/ijon_max/12
[1;94m[*] [0mFuzzing test case #598 (1334 total, 0 uniq crashes found)...[0m
scheduled max input!!!!
schedule: 8 level30_3/ijon_max/8
updated maxmap 8: 5e5 (len: 680)
updated maxmap 5: 5f6 (len: 686)
updated maxmap 6: 5ef (len: 686)
updated maxmap 7: 5e5 (len: 686)
updated maxmap 4: 5ea (len: 685)
[1;94m[*] [0mFuzzing test case #599 (1335 total, 0 uniq crashes found)...[0m
scheduled max input!!!!
schedule: 8 level30_3/ijon_max/8
updated maxmap 8: 5e6 (len: 680)
updated maxmap 8: 5e7 (len: 680)
updated maxmap 8: 5e9 (len: 680)
updated maxmap 8: 5ea (len: 681)
[1;94m[*] [0mFuzzing test case #600 (1336 total, 0 uniq crashes found)...[0m
scheduled max input!!!!
schedule: 9 level30_3/ijon_max/9
[1;94m[*] [0mFuzzing test case #601 (1336 total, 0 uniq crashes found)...[0m
[1;94m[*] [0mFuzzing test case #602 (1336 total, 0 uniq crashes found)...[0m
scheduled max input!!!!
schedule: 2 level30_3/ijon_max/2
[1;94m[*] [0mFuzzing test case #603 (1336 total, 0 uniq crashes found)...[0m
scheduled max input!!!!
schedule: 13 level30_3/ijon_max/13
[1;94m[*] [0mFuzzing test case #604 (1336 total, 0 uniq crashes found)...[0m
scheduled max input!!!!
schedule: 0 level30_3/ijon_max/0
[1;94m[*] [0mFuzzing test case #605 (1336 total, 0 uniq crashes found)...[0m
scheduled max input!!!!
schedule: 3 level30_3/ijon_max/3
updated maxmap 3: 5c2 (len: 670)
updated maxmap 3: 5c3 (len: 670)
updated maxmap 3: 5c4 (len: 670)
[1;94m[*] [0mFuzzing test case #606 (1337 total, 0 uniq crashes found)...[0m
scheduled max input!!!!
schedule: 13 level30_3/ijon_max/13
[1;94m[*] [0mFuzzing test case #607 (1337 total, 0 uniq crashes found)...[0m
scheduled max input!!!!
schedule: 13 level30_3/ijon_max/13
[1;94m[*] [0mFuzzing test case #608 (1337 total, 0 uniq crashes found)...[0m
scheduled max input!!!!
schedule: 4 level30_3/ijon_max/4
updated maxmap 7: 5f2 (len: 685)
updated maxmap 4: 5eb (len: 685)
updated maxmap 4: 5ed (len: 685)
updated maxmap 7: 5f6 (len: 689)
updated maxmap 8: 5fa (len: 689)
updated maxmap 4: 5ee (len: 685)
updated maxmap 4: 5ef (len: 685)
updated maxmap 7: 5f7 (len: 689)
updated maxmap 8: 5fb (len: 689)
updated maxmap 4: 5f0 (len: 685)
updated maxmap 4: 5f1 (len: 685)
minimized maxmap 5: 5f6 (len: 685)
updated maxmap 4: 5fc (len: 690)
updated maxmap 5: 601 (len: 690)
updated maxmap 6: 5f3 (len: 685)
[1;94m[*] [0mFuzzing test case #609 (1339 total, 0 uniq crashes found)...[0m
scheduled max input!!!!
schedule: 7 level30_3/ijon_max/7
updated maxmap 7: 5f8 (len: 689)
updated maxmap 8: 5fc (len: 689)
updated maxmap 7: 5f9 (len: 689)
updated maxmap 8: 5fd (len: 689)
updated maxmap 7: 5fa (len: 691)
updated maxmap 8: 5fe (len: 691)
minimized maxmap 7: 5fa (len: 689)
[1;94m[*] [0mFuzzing test case #610 (1339 total, 0 uniq crashes found)...[0m
[1;94m[*] [0mFuzzing test case #611 (1339 total, 0 uniq crashes found)...[0m
scheduled max input!!!!
schedule: 12 level30_3/ijon_max/12
[1;94m[*] [0mFuzzing test case #612 (1339 total, 0 uniq crashes found)...[0m
[1;94m[*] [0mFuzzing test case #613 (1339 total, 0 uniq crashes found)...[0m
scheduled max input!!!!
schedule: 0 level30_3/ijon_max/0
[1;94m[*] [0mFuzzing test case #614 (1339 total, 0 uniq crashes found)...[0m
scheduled max input!!!!
schedule: 8 level30_3/ijon_max/8
updated maxmap 6: 5fc (len: 698)
updated maxmap 7: 606 (len: 698)
updated maxmap 8: 60b (len: 698)
updated maxmap 6: 5ff (len: 694)
minimized maxmap 6: 5ff (len: 693)
[1;94m[*] [0mFuzzing test case #615 (1340 total, 0 uniq crashes found)...[0m
scheduled max input!!!!
schedule: 14 level30_3/ijon_max/14
[1;94m[*] [0mFuzzing test case #616 (1340 total, 0 uniq crashes found)...[0m
scheduled max input!!!!
schedule: 4 level30_3/ijon_max/4
updated maxmap 4: 5fd (len: 690)
updated maxmap 5: 602 (len: 690)
updated maxmap 4: 5fe (len: 690)
updated maxmap 5: 603 (len: 690)
[1;94m[*] [0mFuzzing test case #617 (1340 total, 0 uniq crashes found)...[0m
[1;94m[*] [0mFuzzing test case #618 (1340 total, 0 uniq crashes found)...[0m
scheduled max input!!!!
schedule: 0 level30_3/ijon_max/0
[1;94m[*] [0mFuzzing test case #619 (1340 total, 0 uniq crashes found)...[0m
scheduled max input!!!!
schedule: 3 level30_3/ijon_max/3
updated maxmap 3: 5c5 (len: 670)
updated maxmap 3: 5c6 (len: 675)
minimized maxmap 3: 5c6 (len: 670)
updated maxmap 3: 5c7 (len: 670)
[1;94m[*] [0mFuzzing test case #620 (1340 total, 0 uniq crashes found)...[0m
scheduled max input!!!!
schedule: 6 level30_3/ijon_max/6
updated maxmap 6: 602 (len: 694)
[1;94m[*] [0mFuzzing test case #621 (1340 total, 0 uniq crashes found)...[0m
[1;94m[*] [0mFuzzing test case #622 (1340 total, 0 uniq crashes found)...[0m
scheduled max input!!!!
schedule: 8 level30_3/ijon_max/8
updated maxmap 6: 604 (len: 702)
updated maxmap 7: 60e (len: 702)
updated maxmap 8: 613 (len: 702)
minimized maxmap 6: 604 (len: 698)
updated maxmap 6: 605 (len: 698)
updated maxmap 8: 615 (len: 704)
updated maxmap 6: 608 (len: 701)
updated maxmap 6: 609 (len: 703)
minimized maxmap 6: 609 (len: 699)
minimized maxmap 7: 60e (len: 699)
updated maxmap 5: 604 (len: 704)
updated maxmap 6: 610 (len: 704)
updated maxmap 7: 614 (len: 704)
updated maxmap 3: 5f7 (len: 706)
updated maxmap 4: 601 (len: 706)
updated maxmap 5: 60b (len: 706)
updated maxmap 6: 614 (len: 706)
updated maxmap 7: 616 (len: 706)
[1;94m[*] [0mFuzzing test case #623 (1342 total, 0 uniq crashes found)...[0m
[1;94m[*] [0mFuzzing test case #624 (1342 total, 0 uniq crashes found)...[0m
scheduled max input!!!!
schedule: 3 level30_3/ijon_max/3
updated maxmap 4: 602 (len: 706)
updated maxmap 6: 615 (len: 706)
updated maxmap 7: 617 (len: 706)
updated maxmap 3: 5f9 (len: 706)
updated maxmap 4: 603 (len: 706)
updated maxmap 5: 60d (len: 706)
updated maxmap 6: 616 (len: 706)
updated maxmap 7: 619 (len: 706)
updated maxmap 3: 5fa (len: 706)
updated maxmap 4: 605 (len: 706)
updated maxmap 5: 60e (len: 706)
updated maxmap 6: 618 (len: 706)
updated maxmap 7: 61a (len: 706)
updated maxmap 5: 60f (len: 706)
updated maxmap 7: 61b (len: 706)
updated maxmap 9: 611 (len: 706)
updated maxmap 10: 61b (len: 706)
updated maxmap 6: 619 (len: 706)
updated maxmap 4: 606 (len: 706)
updated maxmap 3: 601 (len: 706)
updated maxmap 4: 60d (len: 706)
updated maxmap 5: 617 (len: 706)
updated maxmap 6: 621 (len: 706)
updated maxmap 7: 623 (len: 706)
updated maxmap 6: 628 (len: 708)
updated maxmap 7: 626 (len: 708)
updated maxmap 11: 61d (len: 714)
updated maxmap 12: 61c (len: 714)
updated maxmap 13: 61b (len: 714)
updated maxmap 3: 602 (len: 706)
updated maxmap 4: 60e (len: 706)
updated maxmap 3: 603 (len: 706)
updated maxmap 5: 618 (len: 706)
updated maxmap 4: 60f (len: 706)
updated maxmap 5: 619 (len: 706)
updated maxmap 3: 604 (len: 706)
updated maxmap 4: 610 (len: 706)
minimized maxmap 7: 626 (len: 706)
updated maxmap 3: 606 (len: 707)
updated maxmap 4: 612 (len: 707)
updated maxmap 5: 61b (len: 707)
updated maxmap 7: 627 (len: 707)
minimized maxmap 3: 606 (len: 706)
minimized maxmap 4: 612 (len: 706)
minimized maxmap 5: 61b (len: 706)
updated maxmap 9: 61d (len: 706)
updated maxmap 10: 61d (len: 706)
updated maxmap 5: 61c (len: 706)
updated maxmap 3: 607 (len: 706)
updated maxmap 3: 608 (len: 709)
updated maxmap 4: 614 (len: 709)
updated maxmap 5: 61e (len: 709)
updated maxmap 7: 62a (len: 709)
updated maxmap 3: 609 (len: 706)
updated maxmap 4: 615 (len: 706)
minimized maxmap 5: 61e (len: 706)
updated maxmap 12: 61d (len: 708)
updated maxmap 8: 61d (len: 706)
minimized maxmap 11: 61d (len: 708)
updated maxmap 13: 61c (len: 708)
updated maxmap 3: 60b (len: 707)
updated maxmap 4: 617 (len: 707)
updated maxmap 5: 620 (len: 707)
updated maxmap 3: 60c (len: 706)
minimized maxmap 4: 617 (len: 706)
updated maxmap 5: 621 (len: 706)
minimized maxmap 11: 61d (len: 706)
updated maxmap 4: 618 (len: 708)
updated maxmap 5: 622 (len: 708)
updated maxmap 3: 616 (len: 711)
updated maxmap 4: 61f (len: 711)
updated maxmap 5: 629 (len: 711)
updated maxmap 6: 62e (len: 711)
minimized maxmap 3: 616 (len: 706)
updated maxmap 4: 620 (len: 706)
updated maxmap 3: 617 (len: 706)
updated maxmap 4: 621 (len: 706)
updated maxmap 3: 619 (len: 707)
updated maxmap 4: 623 (len: 707)
minimized maxmap 3: 619 (len: 706)
updated maxmap 3: 61a (len: 706)
minimized maxmap 4: 623 (len: 706)
updated maxmap 3: 61e (len: 709)
updated maxmap 4: 628 (len: 709)
minimized maxmap 3: 61e (len: 706)
minimized maxmap 12: 61d (len: 706)
updated maxmap 3: 61f (len: 706)
updated maxmap 3: 627 (len: 710)
updated maxmap 4: 629 (len: 710)
updated maxmap 7: 62e (len: 712)
updated maxmap 10: 61e (len: 706)
updated maxmap 8: 61e (len: 706)
updated maxmap 14: 61b (len: 720)
updated maxmap 15: 61c (len: 720)
updated maxmap 9: 61e (len: 706)
[1;94m[*] [0mFuzzing test case #625 (1350 total, 0 uniq crashes found)...[0m
scheduled max input!!!!
schedule: 5 level30_3/ijon_max/5
updated maxmap 5: 62a (len: 711)
updated maxmap 6: 62f (len: 711)
updated maxmap 5: 62b (len: 712)
updated maxmap 6: 630 (len: 712)
minimized maxmap 5: 62b (len: 711)
updated maxmap 5: 62c (len: 711)
updated maxmap 3: 629 (len: 717)
updated maxmap 4: 633 (len: 717)
updated maxmap 5: 63c (len: 717)
updated maxmap 6: 63f (len: 717)
minimized maxmap 3: 629 (len: 711)
updated maxmap 3: 62a (len: 711)
updated maxmap 3: 62b (len: 711)
[1;94m[*] [0mFuzzing test case #626 (1352 total, 0 uniq crashes found)...[0m
[1;94m[*] [0mFuzzing test case #627 (1352 total, 0 uniq crashes found)...[0m
scheduled max input!!!!
schedule: 9 level30_3/ijon_max/9
[1;94m[*] [0mFuzzing test case #628 (1352 total, 0 uniq crashes found)...[0m
[1;94m[*] [0mFuzzing test case #629 (1352 total, 0 uniq crashes found)...[0m
scheduled max input!!!!
schedule: 15 level30_3/ijon_max/15
updated maxmap 11: 61e (len: 720)
updated maxmap 13: 61d (len: 720)
updated maxmap 14: 61c (len: 720)
updated maxmap 15: 61d (len: 720)
updated maxmap 0: 61f (len: 726)
updated maxmap 14: 61e (len: 726)
updated maxmap 15: 61e (len: 726)
minimized maxmap 14: 61e (len: 720)
updated maxmap 13: 61e (len: 720)
updated maxmap 14: 61f (len: 720)
[1;94m[*] [0mFuzzing test case #630 (1352 total, 0 uniq crashes found)...[0m
scheduled max input!!!!
schedule: 3 level30_3/ijon_max/3
updated maxmap 3: 62c (len: 711)
updated maxmap 3: 62d (len: 711)
minimized maxmap 11: 61e (len: 711)
[1;94m[*] [0mFuzzing test case #631 (1352 total, 0 uniq crashes found)...[0m
[1;94m[*] [0mFuzzing test case #632 (1352 total, 0 uniq crashes found)...[0m
scheduled max input!!!!
schedule: 6 level30_3/ijon_max/6
updated maxmap 5: 63d (len: 717)
updated maxmap 4: 634 (len: 717)
updated maxmap 6: 640 (len: 717)
updated maxmap 7: 639 (len: 717)
updated maxmap 3: 632 (len: 721)
updated maxmap 4: 63c (len: 721)
updated maxmap 5: 645 (len: 721)
updated maxmap 6: 647 (len: 721)
updated maxmap 3: 63d (len: 717)
minimized maxmap 4: 63c (len: 717)
updated maxmap 4: 657 (len: 727)
updated maxmap 5: 654 (len: 727)
updated maxmap 6: 64b (len: 727)
updated maxmap 7: 643 (len: 727)
updated maxmap 0: 621 (len: 727)
updated maxmap 15: 621 (len: 727)
minimized maxmap 6: 64b (len: 722)
updated maxmap 12: 61e (len: 717)
updated maxmap 0: 622 (len: 729)
minimized maxmap 15: 621 (len: 725)
updated maxmap 14: 620 (len: 723)
minimized maxmap 15: 621 (len: 723)
updated maxmap 6: 64d (len: 725)
updated maxmap 7: 652 (len: 725)
minimized maxmap 6: 64d (len: 724)
minimized maxmap 0: 622 (len: 722)
minimized maxmap 15: 621 (len: 722)
updated maxmap 5: 655 (len: 732)
updated maxmap 6: 65f (len: 732)
updated maxmap 7: 662 (len: 732)
updated maxmap 13: 621 (len: 723)
updated maxmap 14: 627 (len: 723)
updated maxmap 15: 628 (len: 723)
updated maxmap 8: 61f (len: 722)
minimized maxmap 8: 61f (len: 717)
[1;94m[*] [0mFuzzing test case #633 (1359 total, 0 uniq crashes found)...[0m
scheduled max input!!!!
schedule: 8 level30_3/ijon_max/8
updated maxmap 11: 61f (len: 717)
[1;94m[*] [0mFuzzing test case #634 (1359 total, 0 uniq crashes found)...[0m
scheduled max input!!!!
schedule: 6 level30_3/ijon_max/6
updated maxmap 5: 656 (len: 732)
updated maxmap 6: 660 (len: 732)
updated maxmap 0: 623 (len: 733)
updated maxmap 5: 658 (len: 732)
updated maxmap 6: 662 (len: 732)
updated maxmap 7: 665 (len: 732)
minimized maxmap 0: 623 (len: 732)
[1;94m[*] [0mFuzzing test case #635 (1359 total, 0 uniq crashes found)...[0m
scheduled max input!!!!
schedule: 13 level30_3/ijon_max/13
updated maxmap 13: 622 (len: 723)
updated maxmap 14: 628 (len: 723)
updated maxmap 15: 629 (len: 723)
updated maxmap 15: 62a (len: 723)
updated maxmap 0: 624 (len: 723)
updated maxmap 15: 62b (len: 723)
updated maxmap 0: 625 (len: 727)
[1;94m[*] [0mFuzzing test case #636 (1359 total, 0 uniq crashes found)...[0m
scheduled max input!!!!
schedule: 7 level30_3/ijon_max/7
[1;94m[*] [0mFuzzing test case #637 (1359 total, 0 uniq crashes found)...[0m
scheduled max input!!!!
schedule: 2 level30_3/ijon_max/2
[1;94m[*] [0mFuzzing test case #638 (1359 total, 0 uniq crashes found)...[0m
scheduled max input!!!!
schedule: 6 level30_3/ijon_max/6
updated maxmap 5: 659 (len: 733)
updated maxmap 6: 663 (len: 733)
minimized maxmap 5: 659 (len: 732)
minimized maxmap 6: 663 (len: 732)
updated maxmap 5: 65a (len: 732)
updated maxmap 6: 664 (len: 732)
[1;94m[*] [0mFuzzing test case #639 (1359 total, 0 uniq crashes found)...[0m
scheduled max input!!!!
schedule: 12 level30_3/ijon_max/12
[1;94m[*] [0mFuzzing test case #640 (1359 total, 0 uniq crashes found)...[0m
scheduled max input!!!!
schedule: 6 level30_3/ijon_max/6
[1;94m[*] [0mFuzzing test case #641 (1359 total, 0 uniq crashes found)...[0m
[1;94m[*] [0mFuzzing test case #642 (1359 total, 0 uniq crashes found)...[0m
[1;94m[*] [0mFuzzing test case #643 (1359 total, 0 uniq crashes found)...[0m
scheduled max input!!!!
schedule: 13 level30_3/ijon_max/13
[1;94m[*] [0mFuzzing test case #644 (1359 total, 0 uniq crashes found)...[0m
scheduled max input!!!!
schedule: 10 level30_3/ijon_max/10
[1;94m[*] [0mFuzzing test case #645 (1359 total, 0 uniq crashes found)...[0m
scheduled max input!!!!
schedule: 5 level30_3/ijon_max/5
updated maxmap 7: 668 (len: 735)
updated maxmap 5: 65c (len: 733)
updated maxmap 6: 666 (len: 733)
minimized maxmap 5: 65c (len: 732)
[1;94m[*] [0mFuzzing test case #646 (1359 total, 0 uniq crashes found)...[0m
scheduled max input!!!!
schedule: 11 level30_3/ijon_max/11
[1;94m[*] [0mFuzzing test case #647 (1359 total, 0 uniq crashes found)...[0m
scheduled normal input!!!!
[1;94m[*] [0mFuzzing test case #648 (1359 total, 0 uniq crashes found)...[0m
scheduled max input!!!!
schedule: 3 level30_3/ijon_max/3
updated maxmap 2: 637 (len: 717)
updated maxmap 3: 63e (len: 717)
[1;94m[*] [0mFuzzing test case #649 (1359 total, 0 uniq crashes found)...[0m
scheduled max input!!!!
schedule: 15 level30_3/ijon_max/15
[1;94m[*] [0mFuzzing test case #650 (1359 total, 0 uniq crashes found)...[0m
[1;94m[*] [0mFuzzing test case #651 (1359 total, 0 uniq crashes found)...[0m
[1;94m[*] [0mFuzzing test case #652 (1359 total, 0 uniq crashes found)...[0m
scheduled max input!!!!
schedule: 0 level30_3/ijon_max/0
updated maxmap 15: 62e (len: 727)
updated maxmap 0: 627 (len: 727)
[1;94m[*] [0mFuzzing test case #653 (1359 total, 0 uniq crashes found)...[0m
scheduled max input!!!!
schedule: 14 level30_3/ijon_max/14
[1;94m[*] [0mFuzzing test case #654 (1359 total, 0 uniq crashes found)...[0m
[1;94m[*] [0mFuzzing test case #655 (1359 total, 0 uniq crashes found)...[0m
scheduled max input!!!!
schedule: 3 level30_3/ijon_max/3
updated maxmap 2: 638 (len: 717)
updated maxmap 3: 63f (len: 717)
updated maxmap 3: 648 (len: 724)
[1;94m[*] [0mFuzzing test case #656 (1359 total, 0 uniq crashes found)...[0m
scheduled max input!!!!
schedule: 0 level30_3/ijon_max/0
[1;94m[*] [0mFuzzing test case #657 (1359 total, 0 uniq crashes found)...[0m
scheduled max input!!!!
schedule: 2 level30_3/ijon_max/2
[1;94m[*] [0mFuzzing test case #658 (1359 total, 0 uniq crashes found)...[0m
scheduled max input!!!!
schedule: 7 level30_3/ijon_max/7
updated maxmap 5: 661 (len: 740)
updated maxmap 6: 675 (len: 740)
updated maxmap 7: 66d (len: 740)
minimized maxmap 5: 661 (len: 735)
updated maxmap 5: 662 (len: 735)
updated maxmap 7: 671 (len: 740)
[1;94m[*] [0mFuzzing test case #659 (1360 total, 0 uniq crashes found)...[0m
[1;94m[*] [0mFuzzing test case #660 (1360 total, 0 uniq crashes found)...[0m
scheduled max input!!!!
schedule: 12 level30_3/ijon_max/12
[1;94m[*] [0mFuzzing test case #661 (1360 total, 0 uniq crashes found)...[0m
scheduled max input!!!!
schedule: 9 level30_3/ijon_max/9
[1;94m[*] [0mFuzzing test case #662 (1360 total, 0 uniq crashes found)...[0m
[1;94m[*] [0mFuzzing test case #663 (1360 total, 0 uniq crashes found)...[0m
scheduled max input!!!!
schedule: 9 level30_3/ijon_max/9
[1;94m[*] [0mFuzzing test case #664 (1360 total, 0 uniq crashes found)...[0m
scheduled max input!!!!
schedule: 6 level30_3/ijon_max/6
updated maxmap 6: 677 (len: 742)
updated maxmap 7: 672 (len: 740)
updated maxmap 4: 673 (len: 740)
updated maxmap 5: 66e (len: 740)
[1;94m[*] [0mFuzzing test case #665 (1360 total, 0 uniq crashes found)...[0m
scheduled max input!!!!
schedule: 10 level30_3/ijon_max/10
[1;94m[*] [0mFuzzing test case #666 (1360 total, 0 uniq crashes found)...[0m
[1;94m[*] [0mFuzzing test case #667 (1360 total, 0 uniq crashes found)...[0m
scheduled max input!!!!
schedule: 12 level30_3/ijon_max/12
[1;94m[*] [0mFuzzing test case #668 (1360 total, 0 uniq crashes found)...[0m
[1;94m[*] [0mFuzzing test case #669 (1360 total, 0 uniq crashes found)...[0m
scheduled max input!!!!
schedule: 7 level30_3/ijon_max/7
updated maxmap 7: 673 (len: 740)
[1;94m[*] [0mFuzzing test case #670 (1360 total, 0 uniq crashes found)...[0m
scheduled max input!!!!
schedule: 0 level30_3/ijon_max/0
updated maxmap 0: 62d (len: 733)
[1;94m[*] [0mFuzzing test case #671 (1360 total, 0 uniq crashes found)...[0m
scheduled max input!!!!
schedule: 4 level30_3/ijon_max/4
updated maxmap 4: 674 (len: 740)
updated maxmap 5: 66f (len: 740)
updated maxmap 5: 672 (len: 740)
[1;94m[*] [0mFuzzing test case #672 (1360 total, 0 uniq crashes found)...[0m
scheduled max input!!!!
schedule: 15 level30_3/ijon_max/15
updated maxmap 0: 62f (len: 735)
[1;94m[*] [0mFuzzing test case #673 (1360 total, 0 uniq crashes found)...[0m
[1;94m[*] [0mFuzzing test case #674 (1360 total, 0 uniq crashes found)...[0m
scheduled max input!!!!
schedule: 8 level30_3/ijon_max/8
[1;94m[*] [0mFuzzing test case #675 (1360 total, 0 uniq crashes found)...[0m
scheduled max input!!!!
schedule: 13 level30_3/ijon_max/13
[1;94m[*] [0mFuzzing test case #676 (1360 total, 0 uniq crashes found)...[0m
scheduled max input!!!!
schedule: 12 level30_3/ijon_max/12
[1;94m[*] [0mFuzzing test case #677 (1361 total, 0 uniq crashes found)...[0m
scheduled max input!!!!
schedule: 8 level30_3/ijon_max/8
[1;94m[*] [0mFuzzing test case #678 (1361 total, 0 uniq crashes found)...[0m
scheduled max input!!!!
schedule: 6 level30_3/ijon_max/6
updated maxmap 6: 678 (len: 742)
updated maxmap 5: 678 (len: 742)
[1;94m[*] [0mFuzzing test case #679 (1361 total, 0 uniq crashes found)...[0m
scheduled max input!!!!
schedule: 6 level30_3/ijon_max/6
updated maxmap 6: 679 (len: 742)
updated maxmap 4: 67a (len: 742)
updated maxmap 5: 679 (len: 742)
[1;94m[*] [0mFuzzing test case #680 (1361 total, 0 uniq crashes found)...[0m
scheduled max input!!!!
schedule: 4 level30_3/ijon_max/4
updated maxmap 4: 67b (len: 742)
[1;94m[*] [0mFuzzing test case #681 (1361 total, 0 uniq crashes found)...[0m
scheduled max input!!!!
schedule: 13 level30_3/ijon_max/13
[1;94m[*] [0mFuzzing test case #682 (1361 total, 0 uniq crashes found)...[0m
scheduled max input!!!!
schedule: 14 level30_3/ijon_max/14
minimized maxmap 0: 62f (len: 727)
[1;94m[*] [0mFuzzing test case #683 (1361 total, 0 uniq crashes found)...[0m
scheduled max input!!!!
schedule: 12 level30_3/ijon_max/12
[1;94m[*] [0mFuzzing test case #684 (1361 total, 0 uniq crashes found)...[0m
[1;94m[*] [0mFuzzing test case #685 (1361 total, 0 uniq crashes found)...[0m
scheduled max input!!!!
schedule: 0 level30_3/ijon_max/0
[1;94m[*] [0mFuzzing test case #686 (1362 total, 0 uniq crashes found)...[0m
scheduled max input!!!!
schedule: 9 level30_3/ijon_max/9
[1;94m[*] [0mFuzzing test case #687 (1362 total, 0 uniq crashes found)...[0m
[1;94m[*] [0mFuzzing test case #688 (1362 total, 0 uniq crashes found)...[0m
scheduled max input!!!!
schedule: 13 level30_3/ijon_max/13
[1;94m[*] [0mFuzzing test case #689 (1362 total, 0 uniq crashes found)...[0m
scheduled max input!!!!
schedule: 10 level30_3/ijon_max/10
[1;94m[*] [0mFuzzing test case #690 (1362 total, 0 uniq crashes found)...[0m
scheduled max input!!!!
schedule: 8 level30_3/ijon_max/8
[1;94m[*] [0mFuzzing test case #691 (1362 total, 0 uniq crashes found)...[0m
scheduled max input!!!!
schedule: 14 level30_3/ijon_max/14
[1;94m[*] [0mFuzzing test case #692 (1362 total, 0 uniq crashes found)...[0m
scheduled max input!!!!
schedule: 13 level30_3/ijon_max/13
[1;94m[*] [0mFuzzing test case #693 (1362 total, 0 uniq crashes found)...[0m
scheduled max input!!!!
schedule: 11 level30_3/ijon_max/11
[1;94m[*] [0mFuzzing test case #694 (1362 total, 0 uniq crashes found)...[0m
scheduled max input!!!!
schedule: 8 level30_3/ijon_max/8
[1;94m[*] [0mFuzzing test case #695 (1362 total, 0 uniq crashes found)...[0m
scheduled max input!!!!
schedule: 4 level30_3/ijon_max/4
updated maxmap 4: 67d (len: 743)
updated maxmap 4: 67f (len: 744)
[1;94m[*] [0mFuzzing test case #696 (1362 total, 0 uniq crashes found)...[0m
scheduled max input!!!!
schedule: 7 level30_3/ijon_max/7
updated maxmap 7: 674 (len: 740)
updated maxmap 0: 630 (len: 745)
[1;94m[*] [0mFuzzing test case #697 (1362 total, 0 uniq crashes found)...[0m
scheduled max input!!!!
schedule: 8 level30_3/ijon_max/8
[1;94m[*] [0mFuzzing test case #698 (1362 total, 0 uniq crashes found)...[0m
[1;94m[*] [0mFuzzing test case #699 (1362 total, 0 uniq crashes found)...[0m
scheduled max input!!!!
schedule: 4 level30_3/ijon_max/4
updated maxmap 4: 680 (len: 744)
[1;94m[*] [0mFuzzing test case #700 (1362 total, 0 uniq crashes found)...[0m
scheduled max input!!!!
schedule: 0 level30_3/ijon_max/0
[1;94m[*] [0mFuzzing test case #701 (1363 total, 0 uniq crashes found)...[0m
[1;94m[*] [0mFuzzing test case #702 (1363 total, 0 uniq crashes found)...[0m
scheduled max input!!!!
schedule: 12 level30_3/ijon_max/12
[1;94m[*] [0mFuzzing test case #703 (1363 total, 0 uniq crashes found)...[0m
scheduled max input!!!!
schedule: 14 level30_3/ijon_max/14
[1;94m[*] [0mFuzzing test case #704 (1363 total, 0 uniq crashes found)...[0m
scheduled max input!!!!
schedule: 5 level30_3/ijon_max/5
updated maxmap 5: 67c (len: 743)
[1;94m[*] [0mFuzzing test case #705 (1363 total, 0 uniq crashes found)...[0m
scheduled max input!!!!
schedule: 13 level30_3/ijon_max/13
[1;94m[*] [0mFuzzing test case #706 (1363 total, 0 uniq crashes found)...[0m
scheduled max input!!!!
schedule: 5 level30_3/ijon_max/5
updated maxmap 5: 67d (len: 743)
updated maxmap 6: 67d (len: 743)
updated maxmap 7: 675 (len: 743)
[1;94m[*] [0mFuzzing test case #707 (1363 total, 0 uniq crashes found)...[0m
[1;94m[*] [0mFuzzing test case #708 (1363 total, 0 uniq crashes found)...[0m
scheduled max input!!!!
schedule: 11 level30_3/ijon_max/11
[1;94m[*] [0mFuzzing test case #709 (1363 total, 0 uniq crashes found)...[0m
scheduled max input!!!!
schedule: 8 level30_3/ijon_max/8
[1;94m[*] [0mFuzzing test case #710 (1363 total, 0 uniq crashes found)...[0m
scheduled max input!!!!
schedule: 10 level30_3/ijon_max/10
[1;94m[*] [0mFuzzing test case #711 (1363 total, 0 uniq crashes found)...[0m
scheduled max input!!!!
schedule: 6 level30_3/ijon_max/6
updated maxmap 7: 676 (len: 745)
[1;94m[*] [0mFuzzing test case #712 (1363 total, 0 uniq crashes found)...[0m
scheduled max input!!!!
schedule: 14 level30_3/ijon_max/14
[1;94m[*] [0mFuzzing test case #713 (1363 total, 0 uniq crashes found)...[0m
scheduled max input!!!!
schedule: 5 level30_3/ijon_max/5
[1;94m[*] [0mFuzzing test case #714 (1363 total, 0 uniq crashes found)...[0m
[1;94m[*] [0mFuzzing test case #715 (1363 total, 0 uniq crashes found)...[0m
[1;94m[*] [0mFuzzing test case #716 (1363 total, 0 uniq crashes found)...[0m
scheduled max input!!!!
schedule: 3 level30_3/ijon_max/3
updated maxmap 3: 649 (len: 724)
updated maxmap 2: 642 (len: 724)
updated maxmap 3: 64c (len: 724)
[1;94m[*] [0mFuzzing test case #717 (1363 total, 0 uniq crashes found)...[0m
scheduled max input!!!!
schedule: 7 level30_3/ijon_max/7
updated maxmap 6: 67e (len: 745)
updated maxmap 7: 677 (len: 745)
updated maxmap 6: 67f (len: 745)
updated maxmap 6: 680 (len: 745)
updated maxmap 7: 679 (len: 745)
updated maxmap 6: 681 (len: 745)
updated maxmap 7: 67a (len: 745)
updated maxmap 6: 682 (len: 745)
updated maxmap 7: 67b (len: 745)
updated maxmap 6: 683 (len: 745)
updated maxmap 5: 682 (len: 745)
[1;94m[*] [0mFuzzing test case #718 (1364 total, 0 uniq crashes found)...[0m
[1;94m[*] [0mFuzzing test case #719 (1364 total, 0 uniq crashes found)...[0m
scheduled max input!!!!
schedule: 6 level30_3/ijon_max/6
updated maxmap 7: 67c (len: 745)
updated maxmap 5: 688 (len: 748)
[1;94m[*] [0mFuzzing test case #720 (1364 total, 0 uniq crashes found)...[0m
scheduled max input!!!!
schedule: 15 level30_3/ijon_max/15
[1;94m[*] [0mFuzzing test case #721 (1364 total, 0 uniq crashes found)...[0m
scheduled max input!!!!
schedule: 9 level30_3/ijon_max/9
[1;94m[*] [0mFuzzing test case #722 (1365 total, 0 uniq crashes found)...[0m
scheduled max input!!!!
schedule: 2 level30_3/ijon_max/2
[1;94m[*] [0mFuzzing test case #723 (1365 total, 0 uniq crashes found)...[0m
[1;94m[*] [0mFuzzing test case #724 (1365 total, 0 uniq crashes found)...[0m
scheduled max input!!!!
schedule: 11 level30_3/ijon_max/11
[1;94m[*] [0mFuzzing test case #725 (1365 total, 0 uniq crashes found)...[0m
scheduled max input!!!!
schedule: 13 level30_3/ijon_max/13
[1;94m[*] [0mFuzzing test case #726 (1365 total, 0 uniq crashes found)...[0m
[1;94m[*] [0mFuzzing test case #727 (1365 total, 0 uniq crashes found)...[0m
scheduled max input!!!!
schedule: 9 level30_3/ijon_max/9
[1;94m[*] [0mFuzzing test case #728 (1365 total, 0 uniq crashes found)...[0m
scheduled max input!!!!
schedule: 11 level30_3/ijon_max/11
[1;94m[*] [0mFuzzing test case #729 (1365 total, 0 uniq crashes found)...[0m
scheduled max input!!!!
schedule: 12 level30_3/ijon_max/12
[1;94m[*] [0mFuzzing test case #730 (1365 total, 0 uniq crashes found)...[0m
scheduled max input!!!!
schedule: 8 level30_3/ijon_max/8
[1;94m[*] [0mFuzzing test case #731 (1365 total, 0 uniq crashes found)...[0m
scheduled max input!!!!
schedule: 3 level30_3/ijon_max/3
updated maxmap 9: 61f (len: 726)
[1;94m[*] [0mFuzzing test case #732 (1365 total, 0 uniq crashes found)...[0m
scheduled max input!!!!
schedule: 4 level30_3/ijon_max/4
updated maxmap 4: 681 (len: 744)
[1;94m[*] [0mFuzzing test case #733 (1366 total, 0 uniq crashes found)...[0m
[1;94m[*] [0mFuzzing test case #734 (1366 total, 0 uniq crashes found)...[0m
scheduled max input!!!!
schedule: 2 level30_3/ijon_max/2
updated maxmap 2: 643 (len: 724)
[1;94m[*] [0mFuzzing test case #735 (1367 total, 0 uniq crashes found)...[0m
scheduled max input!!!!
schedule: 9 level30_3/ijon_max/9
[1;94m[*] [0mFuzzing test case #736 (1367 total, 0 uniq crashes found)...[0m
scheduled max input!!!!
schedule: 4 level30_3/ijon_max/4
updated maxmap 4: 688 (len: 749)
[1;94m[*] [0mFuzzing test case #737 (1367 total, 0 uniq crashes found)...[0m
scheduled max input!!!!
schedule: 10 level30_3/ijon_max/10
[1;94m[*] [0mFuzzing test case #738 (1367 total, 0 uniq crashes found)...[0m
scheduled max input!!!!
schedule: 10 level30_3/ijon_max/10
updated maxmap 10: 61f (len: 708)
[1;94m[*] [0mFuzzing test case #739 (1367 total, 0 uniq crashes found)...[0m
[1;94m[*] [0mFuzzing test case #740 (1367 total, 0 uniq crashes found)...[0m
scheduled max input!!!!
schedule: 9 level30_3/ijon_max/9
[1;94m[*] [0mFuzzing test case #741 (1367 total, 0 uniq crashes found)...[0m
scheduled max input!!!!
schedule: 8 level30_3/ijon_max/8
minimized maxmap 9: 61f (len: 720)
[1;94m[*] [0mFuzzing test case #742 (1367 total, 0 uniq crashes found)...[0m
[1;94m[*] [0mFuzzing test case #743 (1367 total, 0 uniq crashes found)...[0m
scheduled max input!!!!
schedule: 5 level30_3/ijon_max/5
updated maxmap 5: 68a (len: 748)
updated maxmap 5: 68b (len: 748)
updated maxmap 6: 684 (len: 755)
updated maxmap 7: 67e (len: 755)
[1;94m[*] [0mFuzzing test case #744 (1367 total, 0 uniq crashes found)...[0m
scheduled max input!!!!
schedule: 14 level30_3/ijon_max/14
[1;94m[*] [0mFuzzing test case #745 (1367 total, 0 uniq crashes found)...[0m
scheduled max input!!!!
schedule: 15 level30_3/ijon_max/15
[1;94m[*] [0mFuzzing test case #746 (1367 total, 0 uniq crashes found)...[0m
scheduled max input!!!!
schedule: 8 level30_3/ijon_max/8
[1;94m[*] [0mFuzzing test case #747 (1367 total, 0 uniq crashes found)...[0m
scheduled max input!!!!
schedule: 5 level30_3/ijon_max/5
updated maxmap 5: 690 (len: 750)
[1;94m[*] [0mFuzzing test case #748 (1367 total, 0 uniq crashes found)...[0m
scheduled max input!!!!
schedule: 0 level30_3/ijon_max/0
[1;94m[*] [0mFuzzing test case #749 (1367 total, 0 uniq crashes found)...[0m
scheduled max input!!!!
schedule: 13 level30_3/ijon_max/13
[1;94m[*] [0mFuzzing test case #750 (1367 total, 0 uniq crashes found)...[0m
scheduled max input!!!!
schedule: 12 level30_3/ijon_max/12
[1;94m[*] [0mFuzzing test case #751 (1367 total, 0 uniq crashes found)...[0m
[1;94m[*] [0mFuzzing test case #752 (1367 total, 0 uniq crashes found)...[0m
scheduled max input!!!!
schedule: 5 level30_3/ijon_max/5
updated maxmap 6: 685 (len: 750)
updated maxmap 7: 67f (len: 750)
[1;94m[*] [0mFuzzing test case #753 (1367 total, 0 uniq crashes found)...[0m
scheduled max input!!!!
schedule: 11 level30_3/ijon_max/11
[1;94m[*] [0mFuzzing test case #754 (1367 total, 0 uniq crashes found)...[0m
[1;94m[*] [0mFuzzing test case #755 (1367 total, 0 uniq crashes found)...[0m
[1;94m[*] [0mFuzzing test case #756 (1367 total, 0 uniq crashes found)...[0m
scheduled max input!!!!
schedule: 2 level30_3/ijon_max/2
[1;94m[*] [0mFuzzing test case #757 (1367 total, 0 uniq crashes found)...[0m
scheduled max input!!!!
schedule: 2 level30_3/ijon_max/2
[1;94m[*] [0mFuzzing test case #758 (1367 total, 0 uniq crashes found)...[0m
scheduled max input!!!!
schedule: 12 level30_3/ijon_max/12
[1;94m[*] [0mFuzzing test case #759 (1367 total, 0 uniq crashes found)...[0m
scheduled max input!!!!
schedule: 8 level30_3/ijon_max/8
[1;94m[*] [0mFuzzing test case #760 (1367 total, 0 uniq crashes found)...[0m
scheduled max input!!!!
schedule: 5 level30_3/ijon_max/5
[1;94m[*] [0mFuzzing test case #761 (1368 total, 0 uniq crashes found)...[0m
[1;94m[*] [0mFuzzing test case #762 (1368 total, 0 uniq crashes found)...[0m
scheduled max input!!!!
schedule: 13 level30_3/ijon_max/13
[1;94m[*] [0mFuzzing test case #763 (1368 total, 0 uniq crashes found)...[0m
scheduled max input!!!!
schedule: 6 level30_3/ijon_max/6
updated maxmap 6: 694 (len: 761)
updated maxmap 7: 6a3 (len: 761)
[1;94m[*] [0mFuzzing test case #764 (1368 total, 0 uniq crashes found)...[0m
scheduled max input!!!!
schedule: 5 level30_3/ijon_max/5
[1;94m[*] [0mFuzzing test case #765 (1369 total, 0 uniq crashes found)...[0m
scheduled max input!!!!
schedule: 4 level30_3/ijon_max/4
updated maxmap 4: 689 (len: 749)
updated maxmap 4: 68a (len: 749)
[1;94m[*] [0mFuzzing test case #766 (1369 total, 0 uniq crashes found)...[0m
[1;94m[*] [0mFuzzing test case #767 (1369 total, 0 uniq crashes found)...[0m
scheduled max input!!!!
schedule: 14 level30_3/ijon_max/14
[1;94m[*] [0mFuzzing test case #768 (1369 total, 0 uniq crashes found)...[0m
[1;94m[*] [0mFuzzing test case #769 (1369 total, 0 uniq crashes found)...[0m
[1;94m[*] [0mFuzzing test case #770 (1369 total, 0 uniq crashes found)...[0m
scheduled max input!!!!
schedule: 2 level30_3/ijon_max/2
[1;94m[*] [0mFuzzing test case #771 (1369 total, 0 uniq crashes found)...[0m
scheduled max input!!!!
schedule: 13 level30_3/ijon_max/13
[1;94m[*] [0mFuzzing test case #772 (1369 total, 0 uniq crashes found)...[0m
scheduled max input!!!!
schedule: 10 level30_3/ijon_max/10
[1;94m[*] [0mFuzzing test case #773 (1369 total, 0 uniq crashes found)...[0m
[1;94m[*] [0mFuzzing test case #774 (1369 total, 0 uniq crashes found)...[0m
[1;94m[*] [0mFuzzing test case #775 (1369 total, 0 uniq crashes found)...[0m
[1;94m[*] [0mFuzzing test case #776 (1369 total, 0 uniq crashes found)...[0m
scheduled max input!!!!
schedule: 3 level30_3/ijon_max/3
updated maxmap 9: 620 (len: 729)
[1;94m[*] [0mFuzzing test case #777 (1369 total, 0 uniq crashes found)...[0m
[1;94m[*] [0mFuzzing test case #778 (1369 total, 0 uniq crashes found)...[0m
[1;94m[*] [0mFuzzing test case #779 (1369 total, 0 uniq crashes found)...[0m
scheduled max input!!!!
schedule: 9 level30_3/ijon_max/9
[1;94m[*] [0mFuzzing test case #780 (1369 total, 0 uniq crashes found)...[0m
scheduled max input!!!!
schedule: 9 level30_3/ijon_max/9
[1;94m[*] [0mFuzzing test case #781 (1369 total, 0 uniq crashes found)...[0m
[1;94m[*] [0mFuzzing test case #782 (1369 total, 0 uniq crashes found)...[0m
scheduled max input!!!!
schedule: 12 level30_3/ijon_max/12
[1;94m[*] [0mFuzzing test case #783 (1369 total, 0 uniq crashes found)...[0m
[1;94m[*] [0mFuzzing test case #784 (1369 total, 0 uniq crashes found)...[0m
scheduled max input!!!!
schedule: 3 level30_3/ijon_max/3
[1;94m[*] [0mFuzzing test case #785 (1369 total, 0 uniq crashes found)...[0m
[1;94m[*] [0mFuzzing test case #786 (1369 total, 0 uniq crashes found)...[0m
scheduled max input!!!!
schedule: 5 level30_3/ijon_max/5
[1;94m[*] [0mFuzzing test case #787 (1369 total, 0 uniq crashes found)...[0m
scheduled max input!!!!
schedule: 5 level30_3/ijon_max/5
[1;94m[*] [0mFuzzing test case #788 (1369 total, 0 uniq crashes found)...[0m
scheduled max input!!!!
schedule: 0 level30_3/ijon_max/0
[1;94m[*] [0mFuzzing test case #789 (1370 total, 0 uniq crashes found)...[0m
scheduled max input!!!!
schedule: 3 level30_3/ijon_max/3
[1;94m[*] [0mFuzzing test case #790 (1370 total, 0 uniq crashes found)...[0m
scheduled max input!!!!
schedule: 8 level30_3/ijon_max/8
[1;94m[*] [0mFuzzing test case #791 (1370 total, 0 uniq crashes found)...[0m
scheduled max input!!!!
schedule: 12 level30_3/ijon_max/12
[1;94m[*] [0mFuzzing test case #792 (1370 total, 0 uniq crashes found)...[0m
scheduled max input!!!!
schedule: 12 level30_3/ijon_max/12
[1;94m[*] [0mFuzzing test case #793 (1370 total, 0 uniq crashes found)...[0m
scheduled max input!!!!
schedule: 3 level30_3/ijon_max/3
updated maxmap 2: 644 (len: 724)
updated maxmap 3: 64d (len: 724)
updated maxmap 2: 645 (len: 729)
updated maxmap 3: 64e (len: 729)
minimized maxmap 2: 645 (len: 724)
minimized maxmap 3: 64e (len: 724)
[1;94m[*] [0mFuzzing test case #794 (1371 total, 0 uniq crashes found)...[0m
scheduled max input!!!!
schedule: 8 level30_3/ijon_max/8
[1;94m[*] [0mFuzzing test case #795 (1371 total, 0 uniq crashes found)...[0m
scheduled max input!!!!
schedule: 0 level30_3/ijon_max/0
[1;94m[*] [0mFuzzing test case #796 (1371 total, 0 uniq crashes found)...[0m
scheduled max input!!!!
schedule: 8 level30_3/ijon_max/8
[1;94m[*] [0mFuzzing test case #797 (1371 total, 0 uniq crashes found)...[0m
[1;94m[*] [0mFuzzing test case #798 (1371 total, 0 uniq crashes found)...[0m
scheduled max input!!!!
schedule: 9 level30_3/ijon_max/9
[1;94m[*] [0mFuzzing test case #799 (1371 total, 0 uniq crashes found)...[0m
scheduled max input!!!!
schedule: 6 level30_3/ijon_max/6
updated maxmap 6: 69e (len: 761)
updated maxmap 4: 699 (len: 761)
updated maxmap 5: 6a1 (len: 762)
[1;94m[*] [0mFuzzing test case #800 (1371 total, 0 uniq crashes found)...[0m
scheduled max input!!!!
schedule: 15 level30_3/ijon_max/15
[1;94m[*] [0mFuzzing test case #801 (1371 total, 0 uniq crashes found)...[0m
scheduled max input!!!!
schedule: 3 level30_3/ijon_max/3
[1;94m[*] [0mFuzzing test case #802 (1371 total, 0 uniq crashes found)...[0m
[1;94m[*] [0mFuzzing test case #803 (1371 total, 0 uniq crashes found)...[0m
scheduled max input!!!!
schedule: 8 level30_3/ijon_max/8
[1;94m[*] [0mFuzzing test case #804 (1371 total, 0 uniq crashes found)...[0m
scheduled max input!!!!
schedule: 0 level30_3/ijon_max/0
[1;94m[*] [0mFuzzing test case #805 (1371 total, 0 uniq crashes found)...[0m
scheduled max input!!!!
schedule: 9 level30_3/ijon_max/9
[1;94m[*] [0mFuzzing test case #806 (1371 total, 0 uniq crashes found)...[0m
[1;94m[*] [0mFuzzing test case #807 (1371 total, 0 uniq crashes found)...[0m
scheduled max input!!!!
schedule: 10 level30_3/ijon_max/10
[1;94m[*] [0mFuzzing test case #808 (1371 total, 0 uniq crashes found)...[0m
[1;94m[*] [0mFuzzing test case #809 (1371 total, 0 uniq crashes found)...[0m
[1;94m[*] [0mFuzzing test case #810 (1371 total, 0 uniq crashes found)...[0m
[1;94m[*] [0mFuzzing test case #811 (1371 total, 0 uniq crashes found)...[0m
[1;94m[*] [0mFuzzing test case #812 (1371 total, 0 uniq crashes found)...[0m
scheduled max input!!!!
schedule: 4 level30_3/ijon_max/4
updated maxmap 4: 69a (len: 761)
updated maxmap 4: 69c (len: 761)
[1;94m[*] [0mFuzzing test case #813 (1371 total, 0 uniq crashes found)...[0m
scheduled max input!!!!
schedule: 14 level30_3/ijon_max/14
[1;94m[*] [0mFuzzing test case #814 (1371 total, 0 uniq crashes found)...[0m
scheduled max input!!!!
schedule: 14 level30_3/ijon_max/14
[1;94m[*] [0mFuzzing test case #815 (1371 total, 0 uniq crashes found)...[0m
scheduled normal input!!!!
[1;94m[*] [0mFuzzing test case #816 (1371 total, 0 uniq crashes found)...[0m
scheduled max input!!!!
schedule: 7 level30_3/ijon_max/7
[1;94m[*] [0mFuzzing test case #817 (1371 total, 0 uniq crashes found)...[0m
scheduled max input!!!!
schedule: 10 level30_3/ijon_max/10
[1;94m[*] [0mFuzzing test case #818 (1371 total, 0 uniq crashes found)...[0m
[1;94m[*] [0mFuzzing test case #819 (1371 total, 0 uniq crashes found)...[0m
[1;94m[*] [0mFuzzing test case #820 (1371 total, 0 uniq crashes found)...[0m
scheduled max input!!!!
schedule: 7 level30_3/ijon_max/7
[1;94m[*] [0mFuzzing test case #821 (1371 total, 0 uniq crashes found)...[0m
scheduled max input!!!!
schedule: 11 level30_3/ijon_max/11
[1;94m[*] [0mFuzzing test case #822 (1371 total, 0 uniq crashes found)...[0m
scheduled max input!!!!
schedule: 3 level30_3/ijon_max/3
[1;94m[*] [0mFuzzing test case #823 (1371 total, 0 uniq crashes found)...[0m
scheduled max input!!!!
schedule: 15 level30_3/ijon_max/15
[1;94m[*] [0mFuzzing test case #824 (1371 total, 0 uniq crashes found)...[0m
[1;94m[*] [0mFuzzing test case #825 (1371 total, 0 uniq crashes found)...[0m
[1;94m[*] [0mFuzzing test case #826 (1371 total, 0 uniq crashes found)...[0m
scheduled max input!!!!
schedule: 8 level30_3/ijon_max/8
[1;94m[*] [0mFuzzing test case #827 (1371 total, 0 uniq crashes found)...[0m
[1;94m[*] [0mFuzzing test case #828 (1371 total, 0 uniq crashes found)...[0m
[1;94m[*] [0mFuzzing test case #829 (1371 total, 0 uniq crashes found)...[0m
scheduled max input!!!!
schedule: 13 level30_3/ijon_max/13
[1;94m[*] [0mFuzzing test case #830 (1371 total, 0 uniq crashes found)...[0m
scheduled max input!!!!
schedule: 14 level30_3/ijon_max/14
[1;94m[*] [0mFuzzing test case #831 (1371 total, 0 uniq crashes found)...[0m
scheduled max input!!!!
schedule: 5 level30_3/ijon_max/5
updated maxmap 5: 6a3 (len: 762)
updated maxmap 5: 6a5 (len: 764)
[1;94m[*] [0mFuzzing test case #832 (1371 total, 0 uniq crashes found)...[0m
[1;94m[*] [0mFuzzing test case #833 (1371 total, 0 uniq crashes found)...[0m
scheduled max input!!!!
schedule: 6 level30_3/ijon_max/6
[1;94m[*] [0mFuzzing test case #834 (1371 total, 0 uniq crashes found)...[0m
scheduled max input!!!!
schedule: 8 level30_3/ijon_max/8
[1;94m[*] [0mFuzzing test case #835 (1371 total, 0 uniq crashes found)...[0m
scheduled max input!!!!
schedule: 13 level30_3/ijon_max/13
[1;94m[*] [0mFuzzing test case #836 (1371 total, 0 uniq crashes found)...[0m
[1;94m[*] [0mFuzzing test case #837 (1371 total, 0 uniq crashes found)...[0m
scheduled max input!!!!
schedule: 15 level30_3/ijon_max/15
[1;94m[*] [0mFuzzing test case #838 (1371 total, 0 uniq crashes found)...[0m
scheduled max input!!!!
schedule: 15 level30_3/ijon_max/15
[1;94m[*] [0mFuzzing test case #839 (1371 total, 0 uniq crashes found)...[0m
scheduled max input!!!!
schedule: 8 level30_3/ijon_max/8
[1;94m[*] [0mFuzzing test case #840 (1371 total, 0 uniq crashes found)...[0m
[1;94m[*] [0mFuzzing test case #841 (1371 total, 0 uniq crashes found)...[0m
scheduled max input!!!!
schedule: 4 level30_3/ijon_max/4
updated maxmap 4: 6a2 (len: 761)
updated maxmap 4: 6a3 (len: 761)
updated maxmap 4: 6a4 (len: 761)
updated maxmap 4: 6a5 (len: 761)
updated maxmap 4: 6a7 (len: 761)
updated maxmap 3: 69d (len: 761)
updated maxmap 8: 6aa (len: 766)
updated maxmap 9: 6b1 (len: 766)
updated maxmap 4: 6b1 (len: 766)
updated maxmap 3: 6a4 (len: 761)
updated maxmap 6: 6a6 (len: 761)
updated maxmap 5: 6a6 (len: 761)
updated maxmap 6: 6a7 (len: 761)
updated maxmap 3: 6a8 (len: 763)
updated maxmap 5: 6a9 (len: 766)
updated maxmap 6: 6b0 (len: 766)
[1;94m[*] [0mFuzzing test case #842 (1379 total, 0 uniq crashes found)...[0m
scheduled max input!!!!
schedule: 9 level30_3/ijon_max/9
updated maxmap 9: 6b4 (len: 774)
updated maxmap 10: 6be (len: 774)
updated maxmap 11: 6c5 (len: 774)
updated maxmap 8: 6ab (len: 766)
updated maxmap 8: 6ac (len: 766)
updated maxmap 7: 6a4 (len: 774)
updated maxmap 8: 6ae (len: 774)
updated maxmap 9: 6b8 (len: 774)
updated maxmap 10: 6c2 (len: 774)
updated maxmap 11: 6c7 (len: 774)
minimized maxmap 7: 6a4 (len: 766)
minimized maxmap 8: 6ae (len: 766)
updated maxmap 7: 6ab (len: 771)
updated maxmap 8: 6b5 (len: 771)
updated maxmap 9: 6ba (len: 771)
updated maxmap 7: 6ac (len: 766)
[1;94m[*] [0mFuzzing test case #843 (1380 total, 0 uniq crashes found)...[0m
[1;94m[*] [0mFuzzing test case #844 (1380 total, 0 uniq crashes found)...[0m
scheduled max input!!!!
schedule: 5 level30_3/ijon_max/5
updated maxmap 5: 6aa (len: 766)
updated maxmap 6: 6b1 (len: 766)
updated maxmap 6: 6b2 (len: 769)
updated maxmap 7: 6b7 (len: 769)
minimized maxmap 6: 6b2 (len: 766)
[1;94m[*] [0mFuzzing test case #845 (1380 total, 0 uniq crashes found)...[0m
[1;94m[*] [0mFuzzing test case #846 (1380 total, 0 uniq crashes found)...[0m
scheduled max input!!!!
schedule: 10 level30_3/ijon_max/10
updated maxmap 4: 6c3 (len: 774)
[1;94m[*] [0mFuzzing test case #847 (1380 total, 0 uniq crashes found)...[0m
scheduled max input!!!!
schedule: 13 level30_3/ijon_max/13
[1;94m[*] [0mFuzzing test case #848 (1380 total, 0 uniq crashes found)...[0m
scheduled max input!!!!
schedule: 4 level30_3/ijon_max/4
updated maxmap 4: 6c5 (len: 774)
updated maxmap 9: 6bd (len: 774)
updated maxmap 10: 6c5 (len: 774)
updated maxmap 5: 6c4 (len: 774)
updated maxmap 4: 6c7 (len: 774)
updated maxmap 9: 6bf (len: 774)
updated maxmap 10: 6c7 (len: 774)
[1;94m[*] [0mFuzzing test case #849 (1380 total, 0 uniq crashes found)...[0m
scheduled max input!!!!
schedule: 0 level30_3/ijon_max/0
[1;94m[*] [0mFuzzing test case #850 (1380 total, 0 uniq crashes found)...[0m
scheduled max input!!!!
schedule: 4 level30_3/ijon_max/4
updated maxmap 6: 6b7 (len: 782)
updated maxmap 7: 6bd (len: 782)
updated maxmap 7: 6c0 (len: 774)
updated maxmap 8: 6c5 (len: 774)
[1;94m[*] [0mFuzzing test case #851 (1381 total, 0 uniq crashes found)...[0m
scheduled max input!!!!
schedule: 14 level30_3/ijon_max/14
[1;94m[*] [0mFuzzing test case #852 (1381 total, 0 uniq crashes found)...[0m
scheduled max input!!!!
schedule: 6 level30_3/ijon_max/6
updated maxmap 6: 6b8 (len: 782)
updated maxmap 6: 6ca (len: 782)
updated maxmap 7: 6d4 (len: 782)
updated maxmap 8: 6d9 (len: 782)
updated maxmap 9: 6d9 (len: 782)
updated maxmap 10: 6d0 (len: 782)
updated maxmap 11: 6da (len: 782)
updated maxmap 6: 6cb (len: 782)
updated maxmap 7: 6d5 (len: 782)
updated maxmap 8: 6da (len: 782)
updated maxmap 6: 6cc (len: 782)
updated maxmap 7: 6d6 (len: 782)
updated maxmap 8: 6db (len: 782)
updated maxmap 10: 6dc (len: 782)
updated maxmap 3: 6c0 (len: 782)
updated maxmap 4: 6ca (len: 782)
updated maxmap 5: 6d4 (len: 782)
updated maxmap 6: 6d7 (len: 782)
updated maxmap 6: 6de (len: 785)
updated maxmap 3: 6c2 (len: 782)
updated maxmap 4: 6cc (len: 782)
updated maxmap 5: 6d6 (len: 782)
updated maxmap 3: 6c3 (len: 782)
updated maxmap 4: 6cd (len: 782)
updated maxmap 5: 6d7 (len: 782)
updated maxmap 10: 6dd (len: 787)
updated maxmap 11: 6e2 (len: 787)
updated maxmap 9: 6de (len: 793)
updated maxmap 10: 6e6 (len: 793)
updated maxmap 11: 6e3 (len: 787)
updated maxmap 7: 6de (len: 786)
updated maxmap 8: 6e3 (len: 786)
updated maxmap 10: 6e7 (len: 790)
updated maxmap 11: 6ec (len: 790)
updated maxmap 3: 6c4 (len: 782)
updated maxmap 4: 6ce (len: 782)
updated maxmap 5: 6d8 (len: 782)
updated maxmap 6: 6e0 (len: 789)
updated maxmap 7: 6ea (len: 789)
updated maxmap 9: 6e1 (len: 790)
updated maxmap 10: 6eb (len: 790)
updated maxmap 12: 6df (len: 784)
updated maxmap 9: 6e7 (len: 795)
updated maxmap 10: 6ec (len: 795)
updated maxmap 8: 6e9 (len: 790)
updated maxmap 13: 6d7 (len: 782)
[1;94m[*] [0mFuzzing test case #853 (1397 total, 0 uniq crashes found)...[0m
scheduled max input!!!!
schedule: 10 level30_3/ijon_max/10
updated maxmap 12: 6e6 (len: 795)
updated maxmap 13: 6ed (len: 795)
updated maxmap 9: 6e8 (len: 795)
updated maxmap 10: 6ed (len: 795)
updated maxmap 9: 6e9 (len: 795)
updated maxmap 10: 6ee (len: 795)
[1;94m[*] [0mFuzzing test case #854 (1397 total, 0 uniq crashes found)...[0m
scheduled max input!!!!
schedule: 9 level30_3/ijon_max/9
updated maxmap 9: 6ea (len: 795)
updated maxmap 10: 6ef (len: 795)
updated maxmap 12: 6e9 (len: 795)
updated maxmap 13: 6f0 (len: 795)
updated maxmap 9: 6eb (len: 795)
updated maxmap 10: 6f0 (len: 795)
[1;94m[*] [0mFuzzing test case #855 (1397 total, 0 uniq crashes found)...[0m
scheduled normal input!!!!
[1;94m[*] [0mFuzzing test case #856 (1397 total, 0 uniq crashes found)...[0m
scheduled max input!!!!
schedule: 14 level30_3/ijon_max/14
[1;94m[*] [0mFuzzing test case #857 (1397 total, 0 uniq crashes found)...[0m
scheduled max input!!!!
schedule: 6 level30_3/ijon_max/6
updated maxmap 6: 6e1 (len: 789)
updated maxmap 7: 6eb (len: 789)
updated maxmap 6: 6e2 (len: 789)
updated maxmap 7: 6ec (len: 789)
minimized maxmap 9: 6eb (len: 789)
[1;94m[*] [0mFuzzing test case #858 (1397 total, 0 uniq crashes found)...[0m
scheduled max input!!!!
schedule: 8 level30_3/ijon_max/8
updated maxmap 8: 6ea (len: 790)
updated maxmap 8: 6eb (len: 790)
updated maxmap 8: 6ec (len: 790)
[1;94m[*] [0mFuzzing test case #859 (1397 total, 0 uniq crashes found)...[0m
scheduled max input!!!!
schedule: 11 level30_3/ijon_max/11
updated maxmap 14: 6e8 (len: 790)
updated maxmap 15: 6ea (len: 790)
updated maxmap 11: 6ed (len: 790)
updated maxmap 14: 6ec (len: 790)
updated maxmap 15: 6ef (len: 790)
[1;94m[*] [0mFuzzing test case #860 (1397 total, 0 uniq crashes found)...[0m
[1;94m[*] [0mFuzzing test case #861 (1397 total, 0 uniq crashes found)...[0m
[1;94m[*] [0mFuzzing test case #862 (1397 total, 0 uniq crashes found)...[0m
[1;94m[*] [0mFuzzing test case #863 (1397 total, 0 uniq crashes found)...[0m
scheduled max input!!!!
schedule: 6 level30_3/ijon_max/6
[1;94m[*] [0mFuzzing test case #864 (1397 total, 0 uniq crashes found)...[0m
scheduled max input!!!!
schedule: 6 level30_3/ijon_max/6
[1;94m[*] [0mFuzzing test case #865 (1398 total, 0 uniq crashes found)...[0m
[1;94m[*] [0mFuzzing test case #866 (1398 total, 0 uniq crashes found)...[0m
scheduled max input!!!!
schedule: 7 level30_3/ijon_max/7
updated maxmap 8: 6f6 (len: 796)
updated maxmap 9: 6fd (len: 796)
[1;94m[*] [0mFuzzing test case #867 (1399 total, 0 uniq crashes found)...[0m
[1;94m[*] [0mFuzzing test case #868 (1399 total, 0 uniq crashes found)...[0m
[1;94m[*] [0mFuzzing test case #869 (1399 total, 0 uniq crashes found)...[0m
scheduled max input!!!!
schedule: 11 level30_3/ijon_max/11
updated maxmap 11: 6ee (len: 790)
[1;94m[*] [0mFuzzing test case #870 (1399 total, 0 uniq crashes found)...[0m
scheduled max input!!!!
schedule: 12 level30_3/ijon_max/12
updated maxmap 13: 6f3 (len: 799)
updated maxmap 14: 6f9 (len: 799)
[1;94m[*] [0mFuzzing test case #871 (1399 total, 0 uniq crashes found)...[0m
scheduled max input!!!!
schedule: 0 level30_3/ijon_max/0
[1;94m[*] [0mFuzzing test case #872 (1399 total, 0 uniq crashes found)...[0m
[1;94m[*] [0mFuzzing test case #873 (1399 total, 0 uniq crashes found)...[0m
[1;94m[*] [0mFuzzing test case #874 (1399 total, 0 uniq crashes found)...[0m
scheduled max input!!!!
schedule: 10 level30_3/ijon_max/10
updated maxmap 9: 701 (len: 803)
updated maxmap 10: 6fc (len: 803)
updated maxmap 11: 6f5 (len: 803)
updated maxmap 10: 700 (len: 803)
updated maxmap 11: 6fd (len: 803)
[1;94m[*] [0mFuzzing test case #875 (1399 total, 0 uniq crashes found)...[0m
[1;94m[*] [0mFuzzing test case #876 (1399 total, 0 uniq crashes found)...[0m
[1;94m[*] [0mFuzzing test case #877 (1399 total, 0 uniq crashes found)...[0m
scheduled max input!!!!
schedule: 0 level30_3/ijon_max/0
[1;94m[*] [0mFuzzing test case #878 (1399 total, 0 uniq crashes found)...[0m
scheduled max input!!!!
schedule: 3 level30_3/ijon_max/3
[1;94m[*] [0mFuzzing test case #879 (1399 total, 0 uniq crashes found)...[0m
scheduled max input!!!!
schedule: 11 level30_3/ijon_max/11
updated maxmap 10: 702 (len: 803)
updated maxmap 11: 6ff (len: 803)
updated maxmap 12: 6ef (len: 811)
minimized maxmap 12: 6ef (len: 803)
updated maxmap 11: 700 (len: 803)
updated maxmap 14: 6fa (len: 803)
updated maxmap 15: 701 (len: 803)
updated maxmap 10: 70f (len: 809)
updated maxmap 11: 70d (len: 809)
updated maxmap 0: 6f1 (len: 807)
updated maxmap 0: 6f3 (len: 804)
[1;94m[*] [0mFuzzing test case #880 (1401 total, 0 uniq crashes found)...[0m
[1;94m[*] [0mFuzzing test case #881 (1401 total, 0 uniq crashes found)...[0m
scheduled max input!!!!
schedule: 7 level30_3/ijon_max/7
[1;94m[*] [0mFuzzing test case #882 (1401 total, 0 uniq crashes found)...[0m
scheduled max input!!!!
schedule: 13 level30_3/ijon_max/13
[1;94m[*] [0mFuzzing test case #883 (1401 total, 0 uniq crashes found)...[0m
scheduled max input!!!!
schedule: 10 level30_3/ijon_max/10
[1;94m[*] [0mFuzzing test case #884 (1401 total, 0 uniq crashes found)...[0m
scheduled max input!!!!
schedule: 2 level30_3/ijon_max/2
[1;94m[*] [0mFuzzing test case #885 (1401 total, 0 uniq crashes found)...[0m
[1;94m[*] [0mFuzzing test case #886 (1401 total, 0 uniq crashes found)...[0m
[1;94m[*] [0mFuzzing test case #887 (1401 total, 0 uniq crashes found)...[0m
[1;94m[*] [0mFuzzing test case #888 (1401 total, 0 uniq crashes found)...[0m
scheduled max input!!!!
schedule: 10 level30_3/ijon_max/10
updated maxmap 9: 70f (len: 809)
updated maxmap 10: 710 (len: 809)
updated maxmap 11: 70e (len: 809)
updated maxmap 3: 6c5 (len: 809)
updated maxmap 4: 6d2 (len: 809)
updated maxmap 5: 6dc (len: 809)
updated maxmap 6: 6e6 (len: 809)
updated maxmap 7: 6f0 (len: 809)
updated maxmap 8: 6f9 (len: 809)
updated maxmap 10: 712 (len: 809)
updated maxmap 11: 70f (len: 809)
[1;94m[*] [0mFuzzing test case #889 (1402 total, 0 uniq crashes found)...[0m
scheduled max input!!!!
schedule: 9 level30_3/ijon_max/9
updated maxmap 9: 710 (len: 809)
updated maxmap 9: 711 (len: 809)
updated maxmap 0: 707 (len: 809)
updated maxmap 14: 6fb (len: 809)
updated maxmap 15: 705 (len: 809)
updated maxmap 0: 70a (len: 809)
updated maxmap 13: 6f5 (len: 809)
updated maxmap 14: 6fe (len: 809)
updated maxmap 15: 708 (len: 809)
[1;94m[*] [0mFuzzing test case #890 (1402 total, 0 uniq crashes found)...[0m
scheduled max input!!!!
schedule: 15 level30_3/ijon_max/15
updated maxmap 0: 70b (len: 809)
updated maxmap 13: 6f6 (len: 809)
updated maxmap 14: 6ff (len: 809)
updated maxmap 15: 709 (len: 809)
updated maxmap 0: 70e (len: 809)
updated maxmap 13: 6f9 (len: 809)
updated maxmap 14: 702 (len: 809)
updated maxmap 15: 70b (len: 809)
updated maxmap 15: 70c (len: 809)
updated maxmap 0: 70f (len: 809)
[1;94m[*] [0mFuzzing test case #891 (1404 total, 0 uniq crashes found)...[0m
scheduled max input!!!!
schedule: 15 level30_3/ijon_max/15
[1;94m[*] [0mFuzzing test case #892 (1404 total, 0 uniq crashes found)...[0m
[1;94m[*] [0mFuzzing test case #893 (1404 total, 0 uniq crashes found)...[0m
scheduled max input!!!!
schedule: 6 level30_3/ijon_max/6
updated maxmap 11: 712 (len: 809)
updated maxmap 3: 6c6 (len: 809)
[1;94m[*] [0mFuzzing test case #894 (1405 total, 0 uniq crashes found)...[0m
[1;94m[*] [0mFuzzing test case #895 (1405 total, 0 uniq crashes found)...[0m
scheduled max input!!!!
schedule: 12 level30_3/ijon_max/12
updated maxmap 12: 6f0 (len: 803)
[1;94m[*] [0mFuzzing test case #896 (1405 total, 0 uniq crashes found)...[0m
scheduled max input!!!!
schedule: 12 level30_3/ijon_max/12
[1;94m[*] [0mFuzzing test case #897 (1405 total, 0 uniq crashes found)...[0m
scheduled max input!!!!
schedule: 4 level30_3/ijon_max/4
updated maxmap 12: 6f1 (len: 809)
updated maxmap 13: 6fa (len: 809)
updated maxmap 14: 704 (len: 809)
[1;94m[*] [0mFuzzing test case #898 (1405 total, 0 uniq crashes found)...[0m
[1;94m[*] [0mFuzzing test case #899 (1405 total, 0 uniq crashes found)...[0m
scheduled max input!!!!
schedule: 0 level30_3/ijon_max/0
updated maxmap 15: 70d (len: 809)
[1;94m[*] [0mFuzzing test case #900 (1406 total, 0 uniq crashes found)...[0m
scheduled max input!!!!
schedule: 3 level30_3/ijon_max/3
updated maxmap 9: 723 (len: 816)
updated maxmap 10: 71c (len: 816)
updated maxmap 11: 714 (len: 816)
[1;94m[*] [0mFuzzing test case #901 (1406 total, 0 uniq crashes found)...[0m
scheduled max input!!!!
schedule: 9 level30_3/ijon_max/9
updated maxmap 8: 723 (len: 816)
[1;94m[*] [0mFuzzing test case #902 (1406 total, 0 uniq crashes found)...[0m
scheduled max input!!!!
schedule: 2 level30_3/ijon_max/2
[1;94m[*] [0mFuzzing test case #903 (1406 total, 0 uniq crashes found)...[0m
[1;94m[*] [0mFuzzing test case #904 (1406 total, 0 uniq crashes found)...[0m
scheduled max input!!!!
schedule: 12 level30_3/ijon_max/12
[1;94m[*] [0mFuzzing test case #905 (1406 total, 0 uniq crashes found)...[0m
scheduled max input!!!!
schedule: 9 level30_3/ijon_max/9
updated maxmap 9: 72b (len: 820)
updated maxmap 10: 724 (len: 820)
updated maxmap 11: 71d (len: 820)
minimized maxmap 11: 71d (len: 816)
[1;94m[*] [0mFuzzing test case #906 (1406 total, 0 uniq crashes found)...[0m
scheduled max input!!!!
schedule: 11 level30_3/ijon_max/11
updated maxmap 11: 71e (len: 816)
[1;94m[*] [0mFuzzing test case #907 (1406 total, 0 uniq crashes found)...[0m
scheduled max input!!!!
schedule: 3 level30_3/ijon_max/3
updated maxmap 2: 6dc (len: 809)
updated maxmap 3: 6e6 (len: 809)
updated maxmap 4: 6f0 (len: 809)
updated maxmap 5: 6f9 (len: 809)
updated maxmap 6: 703 (len: 809)
updated maxmap 7: 70d (len: 809)
[1;94m[*] [0mFuzzing test case #908 (1406 total, 0 uniq crashes found)...[0m
scheduled max input!!!!
schedule: 9 level30_3/ijon_max/9
[1;94m[*] [0mFuzzing test case #909 (1406 total, 0 uniq crashes found)...[0m
scheduled max input!!!!
schedule: 11 level30_3/ijon_max/11
updated maxmap 11: 722 (len: 816)
[1;94m[*] [0mFuzzing test case #910 (1406 total, 0 uniq crashes found)...[0m
scheduled max input!!!!
schedule: 7 level30_3/ijon_max/7
updated maxmap 10: 725 (len: 817)
[1;94m[*] [0mFuzzing test case #911 (1408 total, 0 uniq crashes found)...[0m
scheduled max input!!!!
schedule: 8 level30_3/ijon_max/8
[1;94m[*] [0mFuzzing test case #912 (1408 total, 0 uniq crashes found)...[0m
scheduled max input!!!!
schedule: 5 level30_3/ijon_max/5
updated maxmap 2: 6de (len: 809)
updated maxmap 3: 6e8 (len: 809)
updated maxmap 4: 6f2 (len: 809)
updated maxmap 5: 6fb (len: 809)
updated maxmap 6: 705 (len: 809)
updated maxmap 7: 70f (len: 809)
[1;94m[*] [0mFuzzing test case #913 (1408 total, 0 uniq crashes found)...[0m
scheduled max input!!!!
schedule: 4 level30_3/ijon_max/4
[1;94m[*] [0mFuzzing test case #914 (1408 total, 0 uniq crashes found)...[0m
scheduled max input!!!!
schedule: 12 level30_3/ijon_max/12
[1;94m[*] [0mFuzzing test case #915 (1408 total, 0 uniq crashes found)...[0m
[1;94m[*] [0mFuzzing test case #916 (1408 total, 0 uniq crashes found)...[0m
scheduled max input!!!!
schedule: 5 level30_3/ijon_max/5
[1;94m[*] [0mFuzzing test case #917 (1408 total, 0 uniq crashes found)...[0m
[1;94m[*] [0mFuzzing test case #918 (1408 total, 0 uniq crashes found)...[0m
scheduled max input!!!!
schedule: 13 level30_3/ijon_max/13
[1;94m[*] [0mFuzzing test case #919 (1408 total, 0 uniq crashes found)...[0m
[1;94m[*] [0mFuzzing test case #920 (1408 total, 0 uniq crashes found)...[0m
scheduled max input!!!!
schedule: 0 level30_3/ijon_max/0
[1;94m[*] [0mFuzzing test case #921 (1408 total, 0 uniq crashes found)...[0m
scheduled max input!!!!
schedule: 6 level30_3/ijon_max/6
[1;94m[*] [0mFuzzing test case #922 (1408 total, 0 uniq crashes found)...[0m
scheduled max input!!!!
schedule: 0 level30_3/ijon_max/0
[1;94m[*] [0mFuzzing test case #923 (1408 total, 0 uniq crashes found)...[0m
scheduled max input!!!!
schedule: 7 level30_3/ijon_max/7
updated maxmap 2: 6df (len: 809)
updated maxmap 3: 6e9 (len: 809)
updated maxmap 4: 6f3 (len: 809)
updated maxmap 5: 6fc (len: 809)
updated maxmap 6: 706 (len: 809)
[1;94m[*] [0mFuzzing test case #924 (1408 total, 0 uniq crashes found)...[0m
[1;94m[*] [0mFuzzing test case #925 (1408 total, 0 uniq crashes found)...[0m
[1;94m[*] [0mFuzzing test case #926 (1408 total, 0 uniq crashes found)...[0m
scheduled max input!!!!
schedule: 5 level30_3/ijon_max/5
[1;94m[*] [0mFuzzing test case #927 (1408 total, 0 uniq crashes found)...[0m
scheduled max input!!!!
schedule: 11 level30_3/ijon_max/11
updated maxmap 0: 710 (len: 816)
updated maxmap 15: 70e (len: 816)
[1;94m[*] [0mFuzzing test case #928 (1408 total, 0 uniq crashes found)...[0m
[1;94m[*] [0mFuzzing test case #929 (1408 total, 0 uniq crashes found)...[0m
scheduled max input!!!!
schedule: 13 level30_3/ijon_max/13
[1;94m[*] [0mFuzzing test case #930 (1408 total, 0 uniq crashes found)...[0m
scheduled max input!!!!
schedule: 11 level30_3/ijon_max/11
updated maxmap 9: 737 (len: 824)
[1;94m[*] [0mFuzzing test case #931 (1408 total, 0 uniq crashes found)...[0m
[1;94m[*] [0mFuzzing test case #932 (1408 total, 0 uniq crashes found)...[0m
scheduled max input!!!!
schedule: 14 level30_3/ijon_max/14
[1;94m[*] [0mFuzzing test case #933 (1408 total, 0 uniq crashes found)...[0m
scheduled max input!!!!
schedule: 6 level30_3/ijon_max/6
[1;94m[*] [0mFuzzing test case #934 (1408 total, 0 uniq crashes found)...[0m
[1;94m[*] [0mFuzzing test case #935 (1408 total, 0 uniq crashes found)...[0m
scheduled max input!!!!
schedule: 5 level30_3/ijon_max/5
[1;94m[*] [0mFuzzing test case #936 (1408 total, 0 uniq crashes found)...[0m
[1;94m[*] [0mFuzzing test case #937 (1408 total, 0 uniq crashes found)...[0m
scheduled max input!!!!
schedule: 13 level30_3/ijon_max/13
[1;94m[*] [0mFuzzing test case #938 (1408 total, 0 uniq crashes found)...[0m
scheduled max input!!!!
schedule: 10 level30_3/ijon_max/10
updated maxmap 10: 726 (len: 817)
[1;94m[*] [0mFuzzing test case #939 (1408 total, 0 uniq crashes found)...[0m
scheduled max input!!!!
schedule: 5 level30_3/ijon_max/5
[1;94m[*] [0mFuzzing test case #940 (1408 total, 0 uniq crashes found)...[0m
scheduled max input!!!!
schedule: 11 level30_3/ijon_max/11
[1;94m[*] [0mFuzzing test case #941 (1408 total, 0 uniq crashes found)...[0m
scheduled max input!!!!
schedule: 14 level30_3/ijon_max/14
[1;94m[*] [0mFuzzing test case #942 (1408 total, 0 uniq crashes found)...[0m
[1;94m[*] [0mFuzzing test case #943 (1408 total, 0 uniq crashes found)...[0m
scheduled max input!!!!
schedule: 6 level30_3/ijon_max/6
[1;94m[*] [0mFuzzing test case #944 (1408 total, 0 uniq crashes found)...[0m
scheduled max input!!!!
schedule: 8 level30_3/ijon_max/8
updated maxmap 7: 724 (len: 816)
updated maxmap 8: 724 (len: 816)
[1;94m[*] [0mFuzzing test case #945 (1408 total, 0 uniq crashes found)...[0m
scheduled max input!!!!
schedule: 0 level30_3/ijon_max/0
updated maxmap 0: 711 (len: 816)
[1;94m[*] [0mFuzzing test case #946 (1408 total, 0 uniq crashes found)...[0m
scheduled max input!!!!
schedule: 10 level30_3/ijon_max/10
[1;94m[*] [0mFuzzing test case #947 (1408 total, 0 uniq crashes found)...[0m
scheduled max input!!!!
schedule: 9 level30_3/ijon_max/9
updated maxmap 8: 736 (len: 824)
updated maxmap 9: 738 (len: 824)
[1;94m[*] [0mFuzzing test case #948 (1409 total, 0 uniq crashes found)...[0m
scheduled max input!!!!
schedule: 4 level30_3/ijon_max/4
[1;94m[*] [0mFuzzing test case #949 (1409 total, 0 uniq crashes found)...[0m
[1;94m[*] [0mFuzzing test case #950 (1409 total, 0 uniq crashes found)...[0m
scheduled max input!!!!
schedule: 12 level30_3/ijon_max/12
[1;94m[*] [0mFuzzing test case #951 (1409 total, 0 uniq crashes found)...[0m
scheduled max input!!!!
schedule: 7 level30_3/ijon_max/7
[1;94m[*] [0mFuzzing test case #952 (1409 total, 0 uniq crashes found)...[0m
scheduled max input!!!!
schedule: 8 level30_3/ijon_max/8
updated maxmap 8: 737 (len: 824)
updated maxmap 9: 73a (len: 825)
updated maxmap 9: 741 (len: 831)
updated maxmap 10: 749 (len: 831)
updated maxmap 8: 739 (len: 825)
[1;94m[*] [0mFuzzing test case #953 (1412 total, 0 uniq crashes found)...[0m
scheduled max input!!!!
schedule: 12 level30_3/ijon_max/12
[1;94m[*] [0mFuzzing test case #954 (1412 total, 0 uniq crashes found)...[0m
[1;94m[*] [0mFuzzing test case #955 (1412 total, 0 uniq crashes found)...[0m
scheduled max input!!!!
schedule: 4 level30_3/ijon_max/4
[1;94m[*] [0mFuzzing test case #956 (1412 total, 0 uniq crashes found)...[0m
scheduled max input!!!!
schedule: 2 level30_3/ijon_max/2
[1;94m[*] [0mFuzzing test case #957 (1412 total, 0 uniq crashes found)...[0m
scheduled max input!!!!
schedule: 6 level30_3/ijon_max/6
[1;94m[*] [0mFuzzing test case #958 (1412 total, 0 uniq crashes found)...[0m
[1;94m[*] [0mFuzzing test case #959 (1412 total, 0 uniq crashes found)...[0m
scheduled max input!!!!
schedule: 6 level30_3/ijon_max/6
[1;94m[*] [0mFuzzing test case #960 (1412 total, 0 uniq crashes found)...[0m
scheduled max input!!!!
schedule: 11 level30_3/ijon_max/11
[1;94m[*] [0mFuzzing test case #961 (1412 total, 0 uniq crashes found)...[0m
scheduled max input!!!!
schedule: 3 level30_3/ijon_max/3
[1;94m[*] [0mFuzzing test case #962 (1412 total, 0 uniq crashes found)...[0m
[1;94m[*] [0mFuzzing test case #963 (1412 total, 0 uniq crashes found)...[0m
[1;94m[*] [0mFuzzing test case #964 (1412 total, 0 uniq crashes found)...[0m
[1;94m[*] [0mFuzzing test case #965 (1412 total, 0 uniq crashes found)...[0m
[1;94m[*] [0mFuzzing test case #966 (1412 total, 0 uniq crashes found)...[0m
scheduled max input!!!!
schedule: 2 level30_3/ijon_max/2
[1;94m[*] [0mFuzzing test case #967 (1412 total, 0 uniq crashes found)...[0m
scheduled max input!!!!
schedule: 6 level30_3/ijon_max/6
[1;94m[*] [0mFuzzing test case #968 (1412 total, 0 uniq crashes found)...[0m
scheduled max input!!!!
schedule: 3 level30_3/ijon_max/3
[1;94m[*] [0mFuzzing test case #969 (1412 total, 0 uniq crashes found)...[0m
scheduled max input!!!!
schedule: 14 level30_3/ijon_max/14
[1;94m[*] [0mFuzzing test case #970 (1412 total, 0 uniq crashes found)...[0m
scheduled max input!!!!
schedule: 14 level30_3/ijon_max/14
[1;94m[*] [0mFuzzing test case #971 (1412 total, 0 uniq crashes found)...[0m
scheduled max input!!!!
schedule: 15 level30_3/ijon_max/15
[1;94m[*] [0mFuzzing test case #972 (1412 total, 0 uniq crashes found)...[0m
[1;94m[*] [0mFuzzing test case #973 (1412 total, 0 uniq crashes found)...[0m
scheduled max input!!!!
schedule: 5 level30_3/ijon_max/5
[1;94m[*] [0mFuzzing test case #974 (1412 total, 0 uniq crashes found)...[0m
scheduled max input!!!!
schedule: 11 level30_3/ijon_max/11
[1;94m[*] [0mFuzzing test case #975 (1412 total, 0 uniq crashes found)...[0m
scheduled max input!!!!
schedule: 12 level30_3/ijon_max/12
[1;94m[*] [0mFuzzing test case #976 (1412 total, 0 uniq crashes found)...[0m
scheduled max input!!!!
schedule: 14 level30_3/ijon_max/14
[1;94m[*] [0mFuzzing test case #977 (1412 total, 0 uniq crashes found)...[0m
scheduled max input!!!!
schedule: 15 level30_3/ijon_max/15
[1;94m[*] [0mFuzzing test case #978 (1413 total, 0 uniq crashes found)...[0m
scheduled max input!!!!
schedule: 11 level30_3/ijon_max/11
[1;94m[*] [0mFuzzing test case #979 (1413 total, 0 uniq crashes found)...[0m
scheduled max input!!!!
schedule: 7 level30_3/ijon_max/7
[1;94m[*] [0mFuzzing test case #980 (1413 total, 0 uniq crashes found)...[0m
scheduled max input!!!!
schedule: 13 level30_3/ijon_max/13
[1;94m[*] [0mFuzzing test case #981 (1413 total, 0 uniq crashes found)...[0m
scheduled max input!!!!
schedule: 4 level30_3/ijon_max/4
[1;94m[*] [0mFuzzing test case #982 (1413 total, 0 uniq crashes found)...[0m
scheduled max input!!!!
schedule: 0 level30_3/ijon_max/0
[1;94m[*] [0mFuzzing test case #983 (1413 total, 0 uniq crashes found)...[0m
scheduled max input!!!!
schedule: 6 level30_3/ijon_max/6
[1;94m[*] [0mFuzzing test case #984 (1413 total, 0 uniq crashes found)...[0m
scheduled max input!!!!
schedule: 7 level30_3/ijon_max/7
updated maxmap 7: 72b (len: 819)
[1;94m[*] [0mFuzzing test case #985 (1413 total, 0 uniq crashes found)...[0m
scheduled max input!!!!
schedule: 8 level30_3/ijon_max/8
updated maxmap 8: 73a (len: 825)
[1;94m[*] [0mFuzzing test case #986 (1413 total, 0 uniq crashes found)...[0m
scheduled max input!!!!
schedule: 0 level30_3/ijon_max/0
updated maxmap 11: 72b (len: 824)
[1;94m[*] [0mFuzzing test case #987 (1414 total, 0 uniq crashes found)...[0m
[1;94m[*] [0mFuzzing test case #988 (1414 total, 0 uniq crashes found)...[0m
[1;94m[*] [0mFuzzing test case #989 (1414 total, 0 uniq crashes found)...[0m
scheduled max input!!!!
schedule: 8 level30_3/ijon_max/8
[1;94m[*] [0mFuzzing test case #990 (1414 total, 0 uniq crashes found)...[0m
scheduled max input!!!!
schedule: 11 level30_3/ijon_max/11
updated maxmap 8: 740 (len: 832)
updated maxmap 11: 72c (len: 824)
updated maxmap 11: 72d (len: 824)
updated maxmap 11: 72e (len: 824)
[1;94m[*] [0mFuzzing test case #991 (1414 total, 0 uniq crashes found)...[0m
scheduled max input!!!!
schedule: 4 level30_3/ijon_max/4
[1;94m[*] [0mFuzzing test case #992 (1414 total, 0 uniq crashes found)...[0m
scheduled max input!!!!
schedule: 0 level30_3/ijon_max/0
[1;94m[*] [0mFuzzing test case #993 (1414 total, 0 uniq crashes found)...[0m
scheduled max input!!!!
schedule: 4 level30_3/ijon_max/4
[1;94m[*] [0mFuzzing test case #994 (1414 total, 0 uniq crashes found)...[0m
scheduled max input!!!!
schedule: 12 level30_3/ijon_max/12
[1;94m[*] [0mFuzzing test case #995 (1414 total, 0 uniq crashes found)...[0m
scheduled max input!!!!
schedule: 8 level30_3/ijon_max/8
updated maxmap 9: 744 (len: 834)
updated maxmap 7: 740 (len: 832)
updated maxmap 8: 744 (len: 833)
[1;94m[*] [0mFuzzing test case #996 (1416 total, 0 uniq crashes found)...[0m
scheduled max input!!!!
schedule: 14 level30_3/ijon_max/14
[1;94m[*] [0mFuzzing test case #997 (1416 total, 0 uniq crashes found)...[0m
[1;94m[*] [0mFuzzing test case #998 (1416 total, 0 uniq crashes found)...[0m
scheduled max input!!!!
schedule: 11 level30_3/ijon_max/11
updated maxmap 11: 730 (len: 825)
[1;94m[*] [0mFuzzing test case #999 (1417 total, 0 uniq crashes found)...[0m
scheduled max input!!!!
schedule: 14 level30_3/ijon_max/14
[1;94m[*] [0mFuzzing test case #1000 (1417 total, 0 uniq crashes found)...[0m
scheduled max input!!!!
schedule: 12 level30_3/ijon_max/12
[1;94m[*] [0mFuzzing test case #1001 (1417 total, 0 uniq crashes found)...[0m
scheduled max input!!!!
schedule: 14 level30_3/ijon_max/14
[1;94m[*] [0mFuzzing test case #1002 (1417 total, 0 uniq crashes found)...[0m
[1;94m[*] [0mFuzzing test case #1003 (1417 total, 0 uniq crashes found)...[0m
scheduled max input!!!!
schedule: 11 level30_3/ijon_max/11
updated maxmap 11: 732 (len: 825)
updated maxmap 11: 733 (len: 825)
[1;94m[*] [0mFuzzing test case #1004 (1417 total, 0 uniq crashes found)...[0m
scheduled max input!!!!
schedule: 14 level30_3/ijon_max/14
[1;94m[*] [0mFuzzing test case #1005 (1417 total, 0 uniq crashes found)...[0m
scheduled max input!!!!
schedule: 13 level30_3/ijon_max/13
[1;94m[*] [0mFuzzing test case #1006 (1417 total, 0 uniq crashes found)...[0m
scheduled max input!!!!
schedule: 9 level30_3/ijon_max/9
updated maxmap 9: 745 (len: 834)
updated maxmap 9: 748 (len: 834)
updated maxmap 9: 74a (len: 834)
[1;94m[*] [0mFuzzing test case #1007 (1417 total, 0 uniq crashes found)...[0m
scheduled max input!!!!
schedule: 0 level30_3/ijon_max/0
[1;94m[*] [0mFuzzing test case #1008 (1417 total, 0 uniq crashes found)...[0m
scheduled max input!!!!
schedule: 8 level30_3/ijon_max/8
updated maxmap 9: 74e (len: 837)
updated maxmap 8: 745 (len: 833)
updated maxmap 8: 74a (len: 838)
updated maxmap 9: 751 (len: 838)
[1;94m[*] [0mFuzzing test case #1009 (1418 total, 0 uniq crashes found)...[0m
scheduled max input!!!!
schedule: 10 level30_3/ijon_max/10
[1;94m[*] [0mFuzzing test case #1010 (1418 total, 0 uniq crashes found)...[0m
scheduled max input!!!!
schedule: 3 level30_3/ijon_max/3
[1;94m[*] [0mFuzzing test case #1011 (1418 total, 0 uniq crashes found)...[0m
scheduled max input!!!!
schedule: 11 level30_3/ijon_max/11
updated maxmap 11: 734 (len: 825)
[1;94m[*] [0mFuzzing test case #1012 (1418 total, 0 uniq crashes found)...[0m
scheduled max input!!!!
schedule: 7 level30_3/ijon_max/7
updated maxmap 7: 742 (len: 832)
updated maxmap 7: 746 (len: 832)
[1;94m[*] [0mFuzzing test case #1013 (1418 total, 0 uniq crashes found)...[0m
scheduled max input!!!!
schedule: 15 level30_3/ijon_max/15
[1;94m[*] [0mFuzzing test case #1014 (1418 total, 0 uniq crashes found)...[0m
scheduled max input!!!!
schedule: 2 level30_3/ijon_max/2
[1;94m[*] [0mFuzzing test case #1015 (1418 total, 0 uniq crashes found)...[0m
scheduled max input!!!!
schedule: 7 level30_3/ijon_max/7
[1;94m[*] [0mFuzzing test case #1016 (1418 total, 0 uniq crashes found)...[0m
[1;94m[*] [0mFuzzing test case #1017 (1418 total, 0 uniq crashes found)...[0m
scheduled max input!!!!
schedule: 3 level30_3/ijon_max/3
[1;94m[*] [0mFuzzing test case #1018 (1418 total, 0 uniq crashes found)...[0m
scheduled max input!!!!
schedule: 5 level30_3/ijon_max/5
[1;94m[*] [0mFuzzing test case #1019 (1418 total, 0 uniq crashes found)...[0m
[1;94m[*] [0mFuzzing test case #1020 (1418 total, 0 uniq crashes found)...[0m
scheduled max input!!!!
schedule: 4 level30_3/ijon_max/4
[1;94m[*] [0mFuzzing test case #1021 (1418 total, 0 uniq crashes found)...[0m
scheduled max input!!!!
schedule: 12 level30_3/ijon_max/12
[1;94m[*] [0mFuzzing test case #1022 (1418 total, 0 uniq crashes found)...[0m
scheduled max input!!!!
schedule: 2 level30_3/ijon_max/2
[1;94m[*] [0mFuzzing test case #1023 (1418 total, 0 uniq crashes found)...[0m
scheduled max input!!!!
schedule: 0 level30_3/ijon_max/0
[1;94m[*] [0mFuzzing test case #1024 (1418 total, 0 uniq crashes found)...[0m
scheduled max input!!!!
schedule: 15 level30_3/ijon_max/15
[1;94m[*] [0mFuzzing test case #1025 (1418 total, 0 uniq crashes found)...[0m
scheduled max input!!!!
schedule: 15 level30_3/ijon_max/15
[1;94m[*] [0mFuzzing test case #1026 (1418 total, 0 uniq crashes found)...[0m
scheduled max input!!!!
schedule: 4 level30_3/ijon_max/4
[1;94m[*] [0mFuzzing test case #1027 (1418 total, 0 uniq crashes found)...[0m
[1;94m[*] [0mFuzzing test case #1028 (1418 total, 0 uniq crashes found)...[0m
scheduled max input!!!!
schedule: 4 level30_3/ijon_max/4
[1;94m[*] [0mFuzzing test case #1029 (1419 total, 0 uniq crashes found)...[0m
scheduled max input!!!!
schedule: 7 level30_3/ijon_max/7
[1;94m[*] [0mFuzzing test case #1030 (1419 total, 0 uniq crashes found)...[0m
[1;94m[*] [0mFuzzing test case #1031 (1419 total, 0 uniq crashes found)...[0m
[1;94m[*] [0mFuzzing test case #1032 (1419 total, 0 uniq crashes found)...[0m
scheduled max input!!!!
schedule: 2 level30_3/ijon_max/2
[1;94m[*] [0mFuzzing test case #1033 (1419 total, 0 uniq crashes found)...[0m
scheduled max input!!!!
schedule: 9 level30_3/ijon_max/9
updated maxmap 10: 74c (len: 838)
updated maxmap 11: 751 (len: 838)
updated maxmap 8: 74b (len: 838)
updated maxmap 9: 752 (len: 838)
[1;94m[*] [0mFuzzing test case #1034 (1419 total, 0 uniq crashes found)...[0m
scheduled max input!!!!
schedule: 14 level30_3/ijon_max/14
[1;94m[*] [0mFuzzing test case #1035 (1419 total, 0 uniq crashes found)...[0m
scheduled max input!!!!
schedule: 14 level30_3/ijon_max/14
[1;94m[*] [0mFuzzing test case #1036 (1419 total, 0 uniq crashes found)...[0m
scheduled max input!!!!
schedule: 3 level30_3/ijon_max/3
updated maxmap 2: 6e9 (len: 809)
updated maxmap 3: 6f0 (len: 809)
updated maxmap 4: 6f9 (len: 809)
updated maxmap 5: 703 (len: 809)
updated maxmap 6: 70d (len: 809)
[1;94m[*] [0mFuzzing test case #1037 (1419 total, 0 uniq crashes found)...[0m
[1;94m[*] [0mFuzzing test case #1038 (1419 total, 0 uniq crashes found)...[0m
scheduled max input!!!!
schedule: 2 level30_3/ijon_max/2
[1;94m[*] [0mFuzzing test case #1039 (1419 total, 0 uniq crashes found)...[0m
[1;94m[*] [0mFuzzing test case #1040 (1419 total, 0 uniq crashes found)...[0m
[1;94m[*] [0mFuzzing test case #1041 (1419 total, 0 uniq crashes found)...[0m
scheduled normal input!!!!
[1;94m[*] [0mFuzzing test case #1042 (1419 total, 0 uniq crashes found)...[0m
scheduled max input!!!!
schedule: 6 level30_3/ijon_max/6
[1;94m[*] [0mFuzzing test case #1043 (1419 total, 0 uniq crashes found)...[0m
[1;94m[*] [0mFuzzing test case #1044 (1419 total, 0 uniq crashes found)...[0m
scheduled max input!!!!
schedule: 12 level30_3/ijon_max/12
[1;94m[*] [0mFuzzing test case #1045 (1419 total, 0 uniq crashes found)...[0m
scheduled max input!!!!
schedule: 4 level30_3/ijon_max/4
[1;94m[*] [0mFuzzing test case #1046 (1419 total, 0 uniq crashes found)...[0m
scheduled max input!!!!
schedule: 12 level30_3/ijon_max/12
[1;94m[*] [0mFuzzing test case #1047 (1419 total, 0 uniq crashes found)...[0m
scheduled max input!!!!
schedule: 5 level30_3/ijon_max/5
[1;94m[*] [0mFuzzing test case #1048 (1419 total, 0 uniq crashes found)...[0m
scheduled max input!!!!
schedule: 4 level30_3/ijon_max/4
[1;94m[*] [0mFuzzing test case #1049 (1419 total, 0 uniq crashes found)...[0m
scheduled max input!!!!
schedule: 9 level30_3/ijon_max/9
[1;94m[*] [0mFuzzing test case #1050 (1420 total, 0 uniq crashes found)...[0m
scheduled max input!!!!
schedule: 12 level30_3/ijon_max/12
[1;94m[*] [0mFuzzing test case #1051 (1420 total, 0 uniq crashes found)...[0m
scheduled max input!!!!
schedule: 11 level30_3/ijon_max/11
updated maxmap 10: 74e (len: 839)
updated maxmap 11: 753 (len: 839)
minimized maxmap 10: 74e (len: 838)
updated maxmap 10: 74f (len: 838)
updated maxmap 11: 758 (len: 842)
[1;94m[*] [0mFuzzing test case #1052 (1421 total, 0 uniq crashes found)...[0m
scheduled max input!!!!
schedule: 8 level30_3/ijon_max/8
updated maxmap 9: 754 (len: 842)
updated maxmap 10: 75b (len: 842)
[1;94m[*] [0mFuzzing test case #1053 (1421 total, 0 uniq crashes found)...[0m
scheduled max input!!!!
schedule: 12 level30_3/ijon_max/12
minimized maxmap 0: 711 (len: 813)
minimized maxmap 15: 70e (len: 813)
[1;94m[*] [0mFuzzing test case #1054 (1421 total, 0 uniq crashes found)...[0m
scheduled max input!!!!
schedule: 2 level30_3/ijon_max/2
[1;94m[*] [0mFuzzing test case #1055 (1421 total, 0 uniq crashes found)...[0m
scheduled max input!!!!
schedule: 6 level30_3/ijon_max/6
[1;94m[*] [0mFuzzing test case #1056 (1421 total, 0 uniq crashes found)...[0m
scheduled max input!!!!
schedule: 9 level30_3/ijon_max/9
updated maxmap 10: 75c (len: 842)
[1;94m[*] [0mFuzzing test case #1057 (1421 total, 0 uniq crashes found)...[0m
[1;94m[*] [0mFuzzing test case #1058 (1421 total, 0 uniq crashes found)...[0m
scheduled max input!!!!
schedule: 3 level30_3/ijon_max/3
[1;94m[*] [0mFuzzing test case #1059 (1421 total, 0 uniq crashes found)...[0m
scheduled max input!!!!
schedule: 10 level30_3/ijon_max/10
updated maxmap 9: 755 (len: 842)
[1;94m[*] [0mFuzzing test case #1060 (1421 total, 0 uniq crashes found)...[0m
scheduled max input!!!!
schedule: 13 level30_3/ijon_max/13
[1;94m[*] [0mFuzzing test case #1061 (1421 total, 0 uniq crashes found)...[0m
scheduled max input!!!!
schedule: 3 level30_3/ijon_max/3
[1;94m[*] [0mFuzzing test case #1062 (1422 total, 0 uniq crashes found)...[0m
scheduled max input!!!!
schedule: 10 level30_3/ijon_max/10
updated maxmap 11: 763 (len: 848)
[1;94m[*] [0mFuzzing test case #1063 (1422 total, 0 uniq crashes found)...[0m
[1;94m[*] [0mFuzzing test case #1064 (1422 total, 0 uniq crashes found)...[0m
scheduled max input!!!!
schedule: 7 level30_3/ijon_max/7
[1;94m[*] [0mFuzzing test case #1065 (1422 total, 0 uniq crashes found)...[0m
[1;94m[*] [0mFuzzing test case #1066 (1422 total, 0 uniq crashes found)...[0m
[1;94m[*] [0mFuzzing test case #1067 (1422 total, 0 uniq crashes found)...[0m
scheduled max input!!!!
schedule: 5 level30_3/ijon_max/5
[1;94m[*] [0mFuzzing test case #1068 (1422 total, 0 uniq crashes found)...[0m
scheduled max input!!!!
schedule: 10 level30_3/ijon_max/10
updated maxmap 6: 747 (len: 848)
updated maxmap 7: 751 (len: 848)
updated maxmap 8: 75b (len: 848)
updated maxmap 9: 765 (len: 848)
updated maxmap 10: 76a (len: 848)
minimized maxmap 6: 747 (len: 842)
minimized maxmap 7: 751 (len: 842)
minimized maxmap 8: 75b (len: 842)
updated maxmap 6: 748 (len: 842)
updated maxmap 7: 752 (len: 842)
updated maxmap 8: 75c (len: 842)
updated maxmap 10: 76e (len: 852)
[1;94m[*] [0mFuzzing test case #1069 (1424 total, 0 uniq crashes found)...[0m
[1;94m[*] [0mFuzzing test case #1070 (1424 total, 0 uniq crashes found)...[0m
[1;94m[*] [0mFuzzing test case #1071 (1424 total, 0 uniq crashes found)...[0m
[1;94m[*] [0mFuzzing test case #1072 (1424 total, 0 uniq crashes found)...[0m
scheduled max input!!!!
schedule: 7 level30_3/ijon_max/7
[1;94m[*] [0mFuzzing test case #1073 (1424 total, 0 uniq crashes found)...[0m
scheduled max input!!!!
schedule: 10 level30_3/ijon_max/10
updated maxmap 6: 74b (len: 852)
updated maxmap 7: 755 (len: 852)
updated maxmap 8: 75e (len: 852)
updated maxmap 9: 767 (len: 852)
updated maxmap 6: 74f (len: 855)
updated maxmap 7: 759 (len: 855)
updated maxmap 8: 763 (len: 855)
updated maxmap 9: 76c (len: 855)
updated maxmap 10: 774 (len: 855)
minimized maxmap 6: 74f (len: 852)
minimized maxmap 7: 759 (len: 852)
minimized maxmap 8: 763 (len: 852)
minimized maxmap 9: 76c (len: 852)
updated maxmap 11: 76c (len: 852)
[1;94m[*] [0mFuzzing test case #1074 (1425 total, 0 uniq crashes found)...[0m
scheduled max input!!!!
schedule: 11 level30_3/ijon_max/11
updated maxmap 11: 76d (len: 852)
[1;94m[*] [0mFuzzing test case #1075 (1425 total, 0 uniq crashes found)...[0m
scheduled max input!!!!
schedule: 3 level30_3/ijon_max/3
[1;94m[*] [0mFuzzing test case #1076 (1425 total, 0 uniq crashes found)...[0m
scheduled max input!!!!
schedule: 5 level30_3/ijon_max/5
[1;94m[*] [0mFuzzing test case #1077 (1425 total, 0 uniq crashes found)...[0m
[1;94m[*] [0mFuzzing test case #1078 (1425 total, 0 uniq crashes found)...[0m
scheduled max input!!!!
schedule: 5 level30_3/ijon_max/5
[1;94m[*] [0mFuzzing test case #1079 (1425 total, 0 uniq crashes found)...[0m
[1;94m[*] [0mFuzzing test case #1080 (1425 total, 0 uniq crashes found)...[0m
[1;94m[*] [0mFuzzing test case #1081 (1425 total, 0 uniq crashes found)...[0m
[1;94m[*] [0mFuzzing test case #1082 (1425 total, 0 uniq crashes found)...[0m
scheduled max input!!!!
schedule: 5 level30_3/ijon_max/5
updated maxmap 2: 6eb (len: 810)
updated maxmap 3: 6f2 (len: 810)
updated maxmap 4: 6fb (len: 810)
updated maxmap 5: 705 (len: 810)
minimized maxmap 2: 6eb (len: 809)
minimized maxmap 3: 6f2 (len: 809)
minimized maxmap 4: 6fb (len: 809)
minimized maxmap 5: 705 (len: 809)
updated maxmap 3: 6f5 (len: 820)
updated maxmap 4: 6fe (len: 820)
updated maxmap 5: 708 (len: 820)
minimized maxmap 3: 6f5 (len: 809)
[1;94m[*] [0mFuzzing test case #1083 (1425 total, 0 uniq crashes found)...[0m
scheduled max input!!!!
schedule: 8 level30_3/ijon_max/8
[1;94m[*] [0mFuzzing test case #1084 (1425 total, 0 uniq crashes found)...[0m
scheduled max input!!!!
schedule: 6 level30_3/ijon_max/6
updated maxmap 6: 755 (len: 856)
updated maxmap 7: 75f (len: 856)
updated maxmap 8: 769 (len: 856)
updated maxmap 9: 773 (len: 856)
updated maxmap 10: 775 (len: 856)
minimized maxmap 6: 755 (len: 852)
minimized maxmap 7: 75f (len: 852)
minimized maxmap 8: 769 (len: 852)
updated maxmap 6: 756 (len: 852)
updated maxmap 7: 760 (len: 852)
updated maxmap 8: 76a (len: 852)
[1;94m[*] [0mFuzzing test case #1085 (1425 total, 0 uniq crashes found)...[0m
scheduled max input!!!!
schedule: 9 level30_3/ijon_max/9
updated maxmap 11: 774 (len: 856)
updated maxmap 6: 758 (len: 856)
updated maxmap 7: 762 (len: 856)
updated maxmap 8: 76c (len: 856)
updated maxmap 9: 775 (len: 856)
updated maxmap 10: 777 (len: 856)
[1;94m[*] [0mFuzzing test case #1086 (1425 total, 0 uniq crashes found)...[0m
[1;94m[*] [0mFuzzing test case #1087 (1425 total, 0 uniq crashes found)...[0m
scheduled max input!!!!
schedule: 0 level30_3/ijon_max/0
[1;94m[*] [0mFuzzing test case #1088 (1425 total, 0 uniq crashes found)...[0m
scheduled max input!!!!
schedule: 12 level30_3/ijon_max/12
[1;94m[*] [0mFuzzing test case #1089 (1425 total, 0 uniq crashes found)...[0m
scheduled max input!!!!
schedule: 0 level30_3/ijon_max/0
[1;94m[*] [0mFuzzing test case #1090 (1425 total, 0 uniq crashes found)...[0m
[1;94m[*] [0mFuzzing test case #1091 (1425 total, 0 uniq crashes found)...[0m
scheduled max input!!!!
schedule: 9 level30_3/ijon_max/9
updated maxmap 10: 778 (len: 856)
updated maxmap 6: 759 (len: 856)
updated maxmap 7: 763 (len: 856)
updated maxmap 8: 76d (len: 856)
updated maxmap 9: 776 (len: 856)
updated maxmap 11: 775 (len: 856)
[1;94m[*] [0mFuzzing test case #1092 (1426 total, 0 uniq crashes found)...[0m
scheduled max input!!!!
schedule: 2 level30_3/ijon_max/2
[1;94m[*] [0mFuzzing test case #1093 (1426 total, 0 uniq crashes found)...[0m
[1;94m[*] [0mFuzzing test case #1094 (1426 total, 0 uniq crashes found)...[0m
scheduled max input!!!!
schedule: 11 level30_3/ijon_max/11
updated maxmap 9: 777 (len: 856)
updated maxmap 11: 777 (len: 856)
[1;94m[*] [0mFuzzing test case #1095 (1426 total, 0 uniq crashes found)...[0m
[1;94m[*] [0mFuzzing test case #1096 (1426 total, 0 uniq crashes found)...[0m
scheduled max input!!!!
schedule: 3 level30_3/ijon_max/3
[1;94m[*] [0mFuzzing test case #1097 (1426 total, 0 uniq crashes found)...[0m
[1;94m[*] [0mFuzzing test case #1098 (1426 total, 0 uniq crashes found)...[0m
scheduled max input!!!!
schedule: 0 level30_3/ijon_max/0
[1;94m[*] [0mFuzzing test case #1099 (1426 total, 0 uniq crashes found)...[0m
scheduled max input!!!!
schedule: 9 level30_3/ijon_max/9
[1;94m[*] [0mFuzzing test case #1100 (1426 total, 0 uniq crashes found)...[0m
scheduled max input!!!!
schedule: 0 level30_3/ijon_max/0
[1;94m[*] [0mFuzzing test case #1101 (1426 total, 0 uniq crashes found)...[0m
scheduled max input!!!!
schedule: 6 level30_3/ijon_max/6
[1;94m[*] [0mFuzzing test case #1102 (1427 total, 0 uniq crashes found)...[0m
scheduled max input!!!!
schedule: 12 level30_3/ijon_max/12
[1;94m[*] [0mFuzzing test case #1103 (1427 total, 0 uniq crashes found)...[0m
scheduled max input!!!!
schedule: 8 level30_3/ijon_max/8
updated maxmap 8: 777 (len: 856)
updated maxmap 8: 778 (len: 856)
[1;94m[*] [0mFuzzing test case #1104 (1427 total, 0 uniq crashes found)...[0m
scheduled max input!!!!
schedule: 8 level30_3/ijon_max/8
[1;94m[*] [0mFuzzing test case #1105 (1427 total, 0 uniq crashes found)...[0m
scheduled max input!!!!
schedule: 15 level30_3/ijon_max/15
[1;94m[*] [0mFuzzing test case #1106 (1427 total, 0 uniq crashes found)...[0m
scheduled max input!!!!
schedule: 9 level30_3/ijon_max/9
updated maxmap 9: 778 (len: 856)
updated maxmap 9: 77f (len: 860)
[1;94m[*] [0mFuzzing test case #1107 (1427 total, 0 uniq crashes found)...[0m
scheduled max input!!!!
schedule: 2 level30_3/ijon_max/2
[1;94m[*] [0mFuzzing test case #1108 (1427 total, 0 uniq crashes found)...[0m
scheduled max input!!!!
schedule: 9 level30_3/ijon_max/9
[1;94m[*] [0mFuzzing test case #1109 (1427 total, 0 uniq crashes found)...[0m
scheduled max input!!!!
schedule: 14 level30_3/ijon_max/14
[1;94m[*] [0mFuzzing test case #1110 (1427 total, 0 uniq crashes found)...[0m
scheduled max input!!!!
schedule: 7 level30_3/ijon_max/7
[1;94m[*] [0mFuzzing test case #1111 (1427 total, 0 uniq crashes found)...[0m
scheduled max input!!!!
schedule: 3 level30_3/ijon_max/3
updated maxmap 2: 6ed (len: 809)
updated maxmap 3: 6f7 (len: 809)
minimized maxmap 4: 6fe (len: 809)
updated maxmap 2: 6ee (len: 809)
updated maxmap 3: 6f8 (len: 809)
updated maxmap 2: 6f0 (len: 809)
updated maxmap 3: 6f9 (len: 809)
updated maxmap 4: 700 (len: 809)
[1;94m[*] [0mFuzzing test case #1112 (1427 total, 0 uniq crashes found)...[0m
scheduled max input!!!!
schedule: 11 level30_3/ijon_max/11
[1;94m[*] [0mFuzzing test case #1113 (1427 total, 0 uniq crashes found)...[0m
[1;94m[*] [0mFuzzing test case #1114 (1427 total, 0 uniq crashes found)...[0m
scheduled max input!!!!
schedule: 9 level30_3/ijon_max/9
updated maxmap 9: 780 (len: 860)
updated maxmap 9: 784 (len: 866)
updated maxmap 10: 78e (len: 866)
[1;94m[*] [0mFuzzing test case #1115 (1428 total, 0 uniq crashes found)...[0m
scheduled max input!!!!
schedule: 6 level30_3/ijon_max/6
updated maxmap 11: 780 (len: 863)
updated maxmap 12: 787 (len: 863)
updated maxmap 8: 782 (len: 860)
[1;94m[*] [0mFuzzing test case #1116 (1428 total, 0 uniq crashes found)...[0m
scheduled max input!!!!
schedule: 6 level30_3/ijon_max/6
[1;94m[*] [0mFuzzing test case #1117 (1428 total, 0 uniq crashes found)...[0m
scheduled max input!!!!
schedule: 7 level30_3/ijon_max/7
minimized maxmap 9: 784 (len: 862)
[1;94m[*] [0mFuzzing test case #1118 (1428 total, 0 uniq crashes found)...[0m
[1;94m[*] [0mFuzzing test case #1119 (1428 total, 0 uniq crashes found)...[0m
scheduled max input!!!!
schedule: 3 level30_3/ijon_max/3
updated maxmap 2: 6f1 (len: 809)
updated maxmap 3: 6fa (len: 809)
updated maxmap 4: 702 (len: 809)
[1;94m[*] [0mFuzzing test case #1120 (1428 total, 0 uniq crashes found)...[0m
scheduled max input!!!!
schedule: 11 level30_3/ijon_max/11
updated maxmap 11: 781 (len: 863)
updated maxmap 11: 785 (len: 863)
updated maxmap 12: 78c (len: 863)
[1;94m[*] [0mFuzzing test case #1121 (1428 total, 0 uniq crashes found)...[0m
scheduled max input!!!!
schedule: 13 level30_3/ijon_max/13
[1;94m[*] [0mFuzzing test case #1122 (1428 total, 0 uniq crashes found)...[0m
[1;94m[*] [0mFuzzing test case #1123 (1428 total, 0 uniq crashes found)...[0m
[1;94m[*] [0mFuzzing test case #1124 (1428 total, 0 uniq crashes found)...[0m
[1;94m[*] [0mFuzzing test case #1125 (1428 total, 0 uniq crashes found)...[0m
scheduled max input!!!!
schedule: 10 level30_3/ijon_max/10
updated maxmap 9: 786 (len: 866)
updated maxmap 10: 78f (len: 866)
updated maxmap 11: 78c (len: 866)
updated maxmap 12: 78e (len: 866)
[1;94m[*] [0mFuzzing test case #1126 (1428 total, 0 uniq crashes found)...[0m
[1;94m[*] [0mFuzzing test case #1127 (1428 total, 0 uniq crashes found)...[0m
scheduled max input!!!!
schedule: 9 level30_3/ijon_max/9
updated maxmap 10: 790 (len: 866)
[1;94m[*] [0mFuzzing test case #1128 (1428 total, 0 uniq crashes found)...[0m
scheduled max input!!!!
schedule: 11 level30_3/ijon_max/11
updated maxmap 11: 78e (len: 866)
updated maxmap 12: 791 (len: 866)
updated maxmap 11: 78f (len: 866)
[1;94m[*] [0mFuzzing test case #1129 (1428 total, 0 uniq crashes found)...[0m
scheduled max input!!!!
schedule: 11 level30_3/ijon_max/11
updated maxmap 13: 791 (len: 869)
updated maxmap 14: 79b (len: 869)
updated maxmap 15: 79e (len: 869)
updated maxmap 12: 792 (len: 866)
updated maxmap 12: 799 (len: 873)
updated maxmap 13: 7a3 (len: 873)
[1;94m[*] [0mFuzzing test case #1130 (1429 total, 0 uniq crashes found)...[0m
scheduled max input!!!!
schedule: 3 level30_3/ijon_max/3
updated maxmap 2: 6f2 (len: 809)
updated maxmap 3: 6fb (len: 809)
updated maxmap 4: 703 (len: 809)
[1;94m[*] [0mFuzzing test case #1131 (1429 total, 0 uniq crashes found)...[0m
scheduled max input!!!!
schedule: 4 level30_3/ijon_max/4
updated maxmap 2: 6f3 (len: 809)
updated maxmap 3: 6fc (len: 809)
updated maxmap 4: 706 (len: 809)
updated maxmap 2: 6f4 (len: 809)
updated maxmap 3: 6fd (len: 809)
updated maxmap 4: 707 (len: 809)
[1;94m[*] [0mFuzzing test case #1132 (1430 total, 0 uniq crashes found)...[0m
scheduled max input!!!!
schedule: 6 level30_3/ijon_max/6
[1;94m[*] [0mFuzzing test case #1133 (1430 total, 0 uniq crashes found)...[0m
[1;94m[*] [0mFuzzing test case #1134 (1430 total, 0 uniq crashes found)...[0m
scheduled max input!!!!
schedule: 15 level30_3/ijon_max/15
updated maxmap 9: 78c (len: 874)
[1;94m[*] [0mFuzzing test case #1135 (1430 total, 0 uniq crashes found)...[0m
scheduled max input!!!!
schedule: 5 level30_3/ijon_max/5
[1;94m[*] [0mFuzzing test case #1136 (1430 total, 0 uniq crashes found)...[0m
scheduled max input!!!!
schedule: 10 level30_3/ijon_max/10
[1;94m[*] [0mFuzzing test case #1137 (1430 total, 0 uniq crashes found)...[0m
scheduled max input!!!!
schedule: 11 level30_3/ijon_max/11
[1;94m[*] [0mFuzzing test case #1138 (1430 total, 0 uniq crashes found)...[0m
scheduled max input!!!!
schedule: 0 level30_3/ijon_max/0
[1;94m[*] [0mFuzzing test case #1139 (1430 total, 0 uniq crashes found)...[0m
scheduled max input!!!!
schedule: 4 level30_3/ijon_max/4
[1;94m[*] [0mFuzzing test case #1140 (1430 total, 0 uniq crashes found)...[0m
[1;94m[*] [0mFuzzing test case #1141 (1430 total, 0 uniq crashes found)...[0m
scheduled max input!!!!
schedule: 4 level30_3/ijon_max/4
[1;94m[*] [0mFuzzing test case #1142 (1430 total, 0 uniq crashes found)...[0m
scheduled max input!!!!
schedule: 3 level30_3/ijon_max/3
[1;94m[*] [0mFuzzing test case #1143 (1430 total, 0 uniq crashes found)...[0m
[1;94m[*] [0mFuzzing test case #1144 (1430 total, 0 uniq crashes found)...[0m
scheduled max input!!!!
schedule: 3 level30_3/ijon_max/3
[1;94m[*] [0mFuzzing test case #1145 (1430 total, 0 uniq crashes found)...[0m
[1;94m[*] [0mFuzzing test case #1146 (1430 total, 0 uniq crashes found)...[0m
[1;94m[*] [0mFuzzing test case #1147 (1430 total, 0 uniq crashes found)...[0m
scheduled max input!!!!
schedule: 8 level30_3/ijon_max/8
updated maxmap 8: 787 (len: 862)
[1;94m[*] [0mFuzzing test case #1148 (1430 total, 0 uniq crashes found)...[0m
scheduled max input!!!!
schedule: 13 level30_3/ijon_max/13
updated maxmap 11: 797 (len: 873)
updated maxmap 12: 7a1 (len: 873)
updated maxmap 13: 7a8 (len: 880)
updated maxmap 14: 7b1 (len: 880)
[1;94m[*] [0mFuzzing test case #1149 (1431 total, 0 uniq crashes found)...[0m
scheduled max input!!!!
schedule: 5 level30_3/ijon_max/5
[1;94m[*] [0mFuzzing test case #1150 (1431 total, 0 uniq crashes found)...[0m
scheduled max input!!!!
schedule: 8 level30_3/ijon_max/8
[1;94m[*] [0mFuzzing test case #1151 (1431 total, 0 uniq crashes found)...[0m
[1;94m[*] [0mFuzzing test case #1152 (1431 total, 0 uniq crashes found)...[0m
scheduled max input!!!!
schedule: 6 level30_3/ijon_max/6
updated maxmap 6: 75b (len: 857)
updated maxmap 7: 765 (len: 857)
[1;94m[*] [0mFuzzing test case #1153 (1431 total, 0 uniq crashes found)...[0m
scheduled max input!!!!
schedule: 8 level30_3/ijon_max/8
[1;94m[*] [0mFuzzing test case #1154 (1431 total, 0 uniq crashes found)...[0m
scheduled max input!!!!
schedule: 12 level30_3/ijon_max/12
updated maxmap 13: 7aa (len: 876)
updated maxmap 11: 799 (len: 873)
[1;94m[*] [0mFuzzing test case #1155 (1431 total, 0 uniq crashes found)...[0m
scheduled max input!!!!
schedule: 2 level30_3/ijon_max/2
[1;94m[*] [0mFuzzing test case #1156 (1431 total, 0 uniq crashes found)...[0m
scheduled max input!!!!
schedule: 3 level30_3/ijon_max/3
updated maxmap 5: 70c (len: 811)
[1;94m[*] [0mFuzzing test case #1157 (1431 total, 0 uniq crashes found)...[0m
scheduled max input!!!!
schedule: 8 level30_3/ijon_max/8
updated maxmap 8: 788 (len: 862)
[1;94m[*] [0mFuzzing test case #1158 (1431 total, 0 uniq crashes found)...[0m
scheduled max input!!!!
schedule: 12 level30_3/ijon_max/12
[1;94m[*] [0mFuzzing test case #1159 (1431 total, 0 uniq crashes found)...[0m
[1;94m[*] [0mFuzzing test case #1160 (1431 total, 0 uniq crashes found)...[0m
scheduled max input!!!!
schedule: 12 level30_3/ijon_max/12
[1;94m[*] [0mFuzzing test case #1161 (1431 total, 0 uniq crashes found)...[0m
[1;94m[*] [0mFuzzing test case #1162 (1431 total, 0 uniq crashes found)...[0m
scheduled max input!!!!
schedule: 13 level30_3/ijon_max/13
updated maxmap 13: 7ab (len: 876)
[1;94m[*] [0mFuzzing test case #1163 (1431 total, 0 uniq crashes found)...[0m
scheduled max input!!!!
schedule: 5 level30_3/ijon_max/5
[1;94m[*] [0mFuzzing test case #1164 (1431 total, 0 uniq crashes found)...[0m
scheduled max input!!!!
schedule: 10 level30_3/ijon_max/10
[1;94m[*] [0mFuzzing test case #1165 (1431 total, 0 uniq crashes found)...[0m
scheduled max input!!!!
schedule: 14 level30_3/ijon_max/14
updated maxmap 14: 7b2 (len: 880)
updated maxmap 9: 78e (len: 880)
updated maxmap 10: 798 (len: 880)
updated maxmap 11: 7a2 (len: 880)
updated maxmap 12: 7ac (len: 880)
updated maxmap 13: 7b5 (len: 880)
updated maxmap 14: 7b3 (len: 880)
updated maxmap 0: 7ba (len: 887)
updated maxmap 15: 7b8 (len: 887)
updated maxmap 14: 7b6 (len: 884)
updated maxmap 14: 7b7 (len: 887)
updated maxmap 15: 7be (len: 887)
updated maxmap 0: 7bb (len: 888)
updated maxmap 14: 7be (len: 885)
updated maxmap 15: 7c1 (len: 885)
[1;94m[*] [0mFuzzing test case #1166 (1435 total, 0 uniq crashes found)...[0m
scheduled max input!!!!
schedule: 13 level30_3/ijon_max/13
updated maxmap 13: 7b6 (len: 880)
[1;94m[*] [0mFuzzing test case #1167 (1435 total, 0 uniq crashes found)...[0m
[1;94m[*] [0mFuzzing test case #1168 (1435 total, 0 uniq crashes found)...[0m
[1;94m[*] [0mFuzzing test case #1169 (1435 total, 0 uniq crashes found)...[0m
scheduled max input!!!!
schedule: 11 level30_3/ijon_max/11
updated maxmap 8: 790 (len: 880)
updated maxmap 9: 78f (len: 880)
[1;94m[*] [0mFuzzing test case #1170 (1435 total, 0 uniq crashes found)...[0m
scheduled max input!!!!
schedule: 0 level30_3/ijon_max/0
[1;94m[*] [0mFuzzing test case #1171 (1435 total, 0 uniq crashes found)...[0m
[1;94m[*] [0mFuzzing test case #1172 (1435 total, 0 uniq crashes found)...[0m
scheduled max input!!!!
schedule: 13 level30_3/ijon_max/13
updated maxmap 9: 790 (len: 888)
updated maxmap 14: 7bf (len: 887)
updated maxmap 15: 7c7 (len: 887)
updated maxmap 14: 7c0 (len: 884)
minimized maxmap 9: 790 (len: 880)
updated maxmap 10: 79a (len: 880)
updated maxmap 11: 7a4 (len: 880)
updated maxmap 12: 7ae (len: 880)
updated maxmap 13: 7b7 (len: 883)
[1;94m[*] [0mFuzzing test case #1173 (1438 total, 0 uniq crashes found)...[0m
scheduled max input!!!!
schedule: 13 level30_3/ijon_max/13
updated maxmap 13: 7b8 (len: 883)
[1;94m[*] [0mFuzzing test case #1174 (1438 total, 0 uniq crashes found)...[0m
scheduled max input!!!!
schedule: 13 level30_3/ijon_max/13
[1;94m[*] [0mFuzzing test case #1175 (1438 total, 0 uniq crashes found)...[0m
scheduled max input!!!!
schedule: 11 level30_3/ijon_max/11
[1;94m[*] [0mFuzzing test case #1176 (1439 total, 0 uniq crashes found)...[0m
scheduled max input!!!!
schedule: 6 level30_3/ijon_max/6
[1;94m[*] [0mFuzzing test case #1177 (1439 total, 0 uniq crashes found)...[0m
scheduled max input!!!!
schedule: 14 level30_3/ijon_max/14
updated maxmap 14: 7c2 (len: 892)
updated maxmap 15: 7cc (len: 892)
[1;94m[*] [0mFuzzing test case #1178 (1440 total, 0 uniq crashes found)...[0m
scheduled max input!!!!
schedule: 2 level30_3/ijon_max/2
[1;94m[*] [0mFuzzing test case #1179 (1440 total, 0 uniq crashes found)...[0m
scheduled max input!!!!
schedule: 9 level30_3/ijon_max/9
[1;94m[*] [0mFuzzing test case #1180 (1440 total, 0 uniq crashes found)...[0m
scheduled max input!!!!
schedule: 4 level30_3/ijon_max/4
updated maxmap 2: 6f5 (len: 809)
updated maxmap 3: 6fe (len: 809)
updated maxmap 4: 708 (len: 809)
[1;94m[*] [0mFuzzing test case #1181 (1440 total, 0 uniq crashes found)...[0m
scheduled max input!!!!
schedule: 6 level30_3/ijon_max/6
[1;94m[*] [0mFuzzing test case #1182 (1440 total, 0 uniq crashes found)...[0m
scheduled max input!!!!
schedule: 14 level30_3/ijon_max/14
[1;94m[*] [0mFuzzing test case #1183 (1440 total, 0 uniq crashes found)...[0m
scheduled max input!!!!
schedule: 12 level30_3/ijon_max/12
[1;94m[*] [0mFuzzing test case #1184 (1441 total, 0 uniq crashes found)...[0m
scheduled max input!!!!
schedule: 3 level30_3/ijon_max/3
[1;94m[*] [0mFuzzing test case #1185 (1441 total, 0 uniq crashes found)...[0m
scheduled max input!!!!
schedule: 15 level30_3/ijon_max/15
[1;94m[*] [0mFuzzing test case #1186 (1441 total, 0 uniq crashes found)...[0m
scheduled max input!!!!
schedule: 7 level30_3/ijon_max/7
updated maxmap 6: 75d (len: 858)
updated maxmap 7: 767 (len: 858)
updated maxmap 6: 761 (len: 859)
updated maxmap 7: 76b (len: 859)
minimized maxmap 6: 761 (len: 857)
minimized maxmap 7: 76b (len: 857)
[1;94m[*] [0mFuzzing test case #1187 (1441 total, 0 uniq crashes found)...[0m
scheduled max input!!!!
schedule: 2 level30_3/ijon_max/2
[1;94m[*] [0mFuzzing test case #1188 (1441 total, 0 uniq crashes found)...[0m
scheduled max input!!!!
schedule: 11 level30_3/ijon_max/11
[1;94m[*] [0mFuzzing test case #1189 (1441 total, 0 uniq crashes found)...[0m
scheduled max input!!!!
schedule: 14 level30_3/ijon_max/14
updated maxmap 0: 7c6 (len: 902)
updated maxmap 0: 7cb (len: 892)
[1;94m[*] [0mFuzzing test case #1190 (1442 total, 0 uniq crashes found)...[0m
[1;94m[*] [0mFuzzing test case #1191 (1442 total, 0 uniq crashes found)...[0m
scheduled max input!!!!
schedule: 4 level30_3/ijon_max/4
[1;94m[*] [0mFuzzing test case #1192 (1442 total, 0 uniq crashes found)...[0m
scheduled max input!!!!
schedule: 6 level30_3/ijon_max/6
updated maxmap 6: 762 (len: 857)
updated maxmap 7: 76c (len: 857)
updated maxmap 6: 763 (len: 858)
updated maxmap 7: 76d (len: 858)
minimized maxmap 6: 763 (len: 857)
minimized maxmap 7: 76d (len: 857)
[1;94m[*] [0mFuzzing test case #1193 (1442 total, 0 uniq crashes found)...[0m
[1;94m[*] [0mFuzzing test case #1194 (1442 total, 0 uniq crashes found)...[0m
[1;94m[*] [0mFuzzing test case #1195 (1442 total, 0 uniq crashes found)...[0m
scheduled max input!!!!
schedule: 10 level30_3/ijon_max/10
[1;94m[*] [0mFuzzing test case #1196 (1442 total, 0 uniq crashes found)...[0m
scheduled max input!!!!
schedule: 7 level30_3/ijon_max/7
updated maxmap 6: 767 (len: 857)
updated maxmap 7: 771 (len: 857)
updated maxmap 6: 768 (len: 857)
updated maxmap 7: 772 (len: 857)
updated maxmap 6: 769 (len: 857)
updated maxmap 7: 773 (len: 857)
[1;94m[*] [0mFuzzing test case #1197 (1442 total, 0 uniq crashes found)...[0m
scheduled max input!!!!
schedule: 0 level30_3/ijon_max/0
[1;94m[*] [0mFuzzing test case #1198 (1442 total, 0 uniq crashes found)...[0m
[1;94m[*] [0mFuzzing test case #1199 (1442 total, 0 uniq crashes found)...[0m
scheduled max input!!!!
schedule: 8 level30_3/ijon_max/8
[1;94m[*] [0mFuzzing test case #1200 (1442 total, 0 uniq crashes found)...[0m
scheduled max input!!!!
schedule: 7 level30_3/ijon_max/7
[1;94m[*] [0mFuzzing test case #1201 (1442 total, 0 uniq crashes found)...[0m
scheduled max input!!!!
schedule: 11 level30_3/ijon_max/11
[1;94m[*] [0mFuzzing test case #1202 (1442 total, 0 uniq crashes found)...[0m
scheduled max input!!!!
schedule: 10 level30_3/ijon_max/10
[1;94m[*] [0mFuzzing test case #1203 (1442 total, 0 uniq crashes found)...[0m
scheduled max input!!!!
schedule: 6 level30_3/ijon_max/6
updated maxmap 6: 76e (len: 860)
updated maxmap 7: 778 (len: 860)
minimized maxmap 6: 76e (len: 857)
minimized maxmap 7: 778 (len: 857)
updated maxmap 6: 76f (len: 857)
updated maxmap 7: 779 (len: 857)
[1;94m[*] [0mFuzzing test case #1204 (1442 total, 0 uniq crashes found)...[0m
scheduled max input!!!!
schedule: 15 level30_3/ijon_max/15
updated maxmap 0: 7ce (len: 894)
[1;94m[*] [0mFuzzing test case #1205 (1442 total, 0 uniq crashes found)...[0m
scheduled max input!!!!
schedule: 7 level30_3/ijon_max/7
[1;94m[*] [0mFuzzing test case #1206 (1442 total, 0 uniq crashes found)...[0m
[1;94m[*] [0mFuzzing test case #1207 (1442 total, 0 uniq crashes found)...[0m
scheduled max input!!!!
schedule: 13 level30_3/ijon_max/13
[1;94m[*] [0mFuzzing test case #1208 (1442 total, 0 uniq crashes found)...[0m
scheduled max input!!!!
schedule: 15 level30_3/ijon_max/15
[1;94m[*] [0mFuzzing test case #1209 (1442 total, 0 uniq crashes found)...[0m
scheduled max input!!!!
schedule: 0 level30_3/ijon_max/0
updated maxmap 0: 7cf (len: 894)
[1;94m[*] [0mFuzzing test case #1210 (1442 total, 0 uniq crashes found)...[0m
scheduled max input!!!!
schedule: 0 level30_3/ijon_max/0
[1;94m[*] [0mFuzzing test case #1211 (1442 total, 0 uniq crashes found)...[0m
scheduled max input!!!!
schedule: 6 level30_3/ijon_max/6
[1;94m[*] [0mFuzzing test case #1212 (1442 total, 0 uniq crashes found)...[0m
scheduled max input!!!!
schedule: 13 level30_3/ijon_max/13
[1;94m[*] [0mFuzzing test case #1213 (1442 total, 0 uniq crashes found)...[0m
scheduled max input!!!!
schedule: 9 level30_3/ijon_max/9
updated maxmap 9: 791 (len: 886)
minimized maxmap 9: 791 (len: 880)
[1;94m[*] [0mFuzzing test case #1214 (1442 total, 0 uniq crashes found)...[0m
scheduled max input!!!!
schedule: 10 level30_3/ijon_max/10
[1;94m[*] [0mFuzzing test case #1215 (1442 total, 0 uniq crashes found)...[0m
scheduled max input!!!!
schedule: 6 level30_3/ijon_max/6
[1;94m[*] [0mFuzzing test case #1216 (1442 total, 0 uniq crashes found)...[0m
scheduled max input!!!!
schedule: 7 level30_3/ijon_max/7
updated maxmap 6: 770 (len: 857)
updated maxmap 7: 77a (len: 857)
updated maxmap 6: 771 (len: 857)
updated maxmap 7: 77b (len: 857)
updated maxmap 6: 77b (len: 862)
updated maxmap 7: 785 (len: 862)
minimized maxmap 6: 77b (len: 857)
updated maxmap 6: 77c (len: 858)
[1;94m[*] [0mFuzzing test case #1217 (1442 total, 0 uniq crashes found)...[0m
[1;94m[*] [0mFuzzing test case #1218 (1442 total, 0 uniq crashes found)...[0m
[1;94m[*] [0mFuzzing test case #1219 (1442 total, 0 uniq crashes found)...[0m
scheduled max input!!!!
schedule: 7 level30_3/ijon_max/7
updated maxmap 7: 786 (len: 862)
[1;94m[*] [0mFuzzing test case #1220 (1442 total, 0 uniq crashes found)...[0m
scheduled max input!!!!
schedule: 9 level30_3/ijon_max/9
[1;94m[*] [0mFuzzing test case #1221 (1442 total, 0 uniq crashes found)...[0m
scheduled max input!!!!
schedule: 5 level30_3/ijon_max/5
updated maxmap 5: 711 (len: 816)
[1;94m[*] [0mFuzzing test case #1222 (1442 total, 0 uniq crashes found)...[0m
scheduled normal input!!!!
[?25h[1;91m

+++ Testing aborted by user +++
[0m
[1;93m[!] [0mStopped during the first cycle, results may be incomplete.
    (For info on resuming, see docs/README.)
[1;92m[+] [0mWe're done here. Have a nice day!
[0m
srun: error: ubuntu-test: task 0: Exited with exit code 124
