srun: error: NodeNames=ubuntu-test CPUs=90 match no Sockets, Sockets*CoresPerSocket or Sockets*CoresPerSocket*ThreadsPerCore. Resetting CPUs.
[0;36mafl-fuzz [1;97m2.51b-ijon[0m by <lcamtuf@google.com>
[1;92m[+] [0mLooks like we're not running on a tty, so I'll be a bit less verbose.[0m
[1;92m[+] [0mYou have 96 CPU cores and 80 runnable tasks (utilization: 83%).[0m
[1;92m[+] [0mTry parallel jobs - see docs/parallel_fuzzing.txt.[0m
[1;93m[!] [1;97mWARNING: [0mNot binding to a CPU core (AFL_NO_AFFINITY set).[0m
[1;94m[*] [0mChecking core_pattern...[0m
[1;94m[*] [0mSetting up output directories...[0m
importdir: level30_2/importsmax_dir: level30_2/ijon_max[1;94m[*] [0mScanning 'seeds'...[0m
[1;92m[+] [0mNo auto-generated dictionary tokens to reuse.[0m
[1;94m[*] [0mCreating hard links for all input files...[0m
[1;94m[*] [0mValidating target binary...[0m
[1;94m[*] [0mAttempting dry run with 'id:000000,orig:a'...[0m
[1;94m[*] [0mSpinning up the fork server...[0m
[1;92m[+] [0mAll right - fork server is up.[0m
[1;90m    len = 1, map size = 2477, exec speed = 15548 us
[0m[1;92m[+] [0mAll test cases processed.[0m

[1;93m[!] [1;97mWARNING: [0m[1;91mThe target binary is pretty slow! See docs/perf_tips.txt.[0m
[1;92m[+] [0mHere are some useful stats:

[1;90m    Test case count : [0m1 favored, 0 variable, 1 total
[1;90m       Bitmap range : [0m2477 to 2477 bits (average: 2477.00 bits)
[1;90m        Exec timing : [0m15.5k to 15.5k us (average: 15.5k us)
[0m
[1;92m[+] [0mAll set and ready to roll![0m
[1;94m[*] [0mEntering queue cycle 1.[0m
[1;94m[*] [0mFuzzing test case #0 (1 total, 0 uniq crashes found)...[0m
scheduled normal input!!!!
updated maxmap 11: 28 (len: 1)
updated maxmap 9: 29 (len: 51)
updated maxmap 10: 2a (len: 51)
updated maxmap 9: 2b (len: 68)
updated maxmap 10: 2b (len: 68)
updated maxmap 11: 2b (len: 68)
updated maxmap 8: 2a (len: 40)
updated maxmap 8: 2b (len: 65)
updated maxmap 9: 2e (len: 65)
updated maxmap 10: 31 (len: 65)
updated maxmap 11: 33 (len: 65)
updated maxmap 8: 2d (len: 48)
updated maxmap 10: 35 (len: 57)
updated maxmap 9: 33 (len: 48)
updated maxmap 9: 35 (len: 67)
updated maxmap 7: 29 (len: 55)
updated maxmap 8: 32 (len: 59)
updated maxmap 9: 36 (len: 59)
updated maxmap 10: 37 (len: 59)
updated maxmap 9: 4a (len: 81)
updated maxmap 10: 44 (len: 81)
updated maxmap 11: 40 (len: 81)
updated maxmap 8: 34 (len: 66)
updated maxmap 7: 2b (len: 48)
[1;94m[*] [0mFuzzing test case #1 (241 total, 0 uniq crashes found)...[0m
scheduled max input!!!!
schedule: 9 level30_2/ijon_max/9
updated maxmap 10: 49 (len: 100)
updated maxmap 10: 51 (len: 86)
updated maxmap 11: 4d (len: 86)
updated maxmap 9: 4b (len: 83)
updated maxmap 9: 52 (len: 89)
updated maxmap 10: 53 (len: 89)
updated maxmap 8: 3d (len: 95)
updated maxmap 9: 70 (len: 124)
updated maxmap 10: 71 (len: 124)
updated maxmap 11: 57 (len: 124)
updated maxmap 8: 50 (len: 97)
updated maxmap 8: 6d (len: 98)
updated maxmap 9: 73 (len: 98)
updated maxmap 11: 59 (len: 81)
updated maxmap 8: 84 (len: 146)
updated maxmap 9: 8b (len: 146)
updated maxmap 11: 63 (len: 146)
updated maxmap 10: 7b (len: 105)
updated maxmap 11: 68 (len: 120)
updated maxmap 10: 82 (len: 105)
updated maxmap 11: 73 (len: 112)
updated maxmap 12: 72 (len: 112)
updated maxmap 9: 98 (len: 145)
updated maxmap 10: 84 (len: 145)
updated maxmap 11: 7f (len: 145)
updated maxmap 7: 3e (len: 117)
updated maxmap 11: 84 (len: 130)
updated maxmap 9: 9e (len: 136)
updated maxmap 10: 98 (len: 136)
updated maxmap 12: 73 (len: 143)
updated maxmap 0: 74 (len: 128)
updated maxmap 13: 72 (len: 128)
updated maxmap 14: 73 (len: 128)
updated maxmap 15: 74 (len: 128)
updated maxmap 0: 75 (len: 131)
updated maxmap 13: 73 (len: 131)
updated maxmap 14: 74 (len: 131)
updated maxmap 15: 75 (len: 131)
updated maxmap 11: 93 (len: 134)
updated maxmap 9: a4 (len: 160)
updated maxmap 10: 9e (len: 160)
updated maxmap 7: b9 (len: 149)
updated maxmap 8: ac (len: 149)
updated maxmap 9: a6 (len: 149)
updated maxmap 12: 76 (len: 125)
updated maxmap 13: 75 (len: 125)
updated maxmap 14: 75 (len: 125)
updated maxmap 10: a2 (len: 166)
[1;94m[*] [0mFuzzing test case #2 (389 total, 0 uniq crashes found)...[0m
scheduled max input!!!!
schedule: 10 level30_2/ijon_max/10
updated maxmap 10: a3 (len: 166)
updated maxmap 8: b0 (len: 168)
updated maxmap 9: ab (len: 168)
updated maxmap 8: b2 (len: 166)
updated maxmap 8: b3 (len: 175)
updated maxmap 9: b2 (len: 175)
updated maxmap 0: 76 (len: 173)
updated maxmap 0: 78 (len: 166)
updated maxmap 15: 77 (len: 166)
updated maxmap 6: 117 (len: 231)
updated maxmap 7: 10e (len: 231)
updated maxmap 8: 108 (len: 231)
updated maxmap 0: 81 (len: 205)
updated maxmap 13: 77 (len: 205)
updated maxmap 14: 7a (len: 205)
updated maxmap 15: 7f (len: 205)
updated maxmap 9: b3 (len: 172)
updated maxmap 11: 94 (len: 221)
updated maxmap 11: 95 (len: 213)
updated maxmap 5: f0 (len: 236)
updated maxmap 6: 119 (len: 236)
updated maxmap 10: a4 (len: 209)
updated maxmap 5: 112 (len: 241)
updated maxmap 13: 7a (len: 174)
updated maxmap 14: 80 (len: 174)
updated maxmap 15: 82 (len: 174)
updated maxmap 0: 84 (len: 236)
updated maxmap 15: 83 (len: 236)
updated maxmap 13: 7b (len: 166)
updated maxmap 14: 81 (len: 166)
[1;94m[*] [0mFuzzing test case #3 (627 total, 0 uniq crashes found)...[0m
scheduled max input!!!!
schedule: 12 level30_2/ijon_max/12
[1;94m[*] [0mFuzzing test case #4 (630 total, 0 uniq crashes found)...[0m
scheduled max input!!!!
schedule: 9 level30_2/ijon_max/9
updated maxmap 6: 11b (len: 231)
updated maxmap 7: 119 (len: 231)
updated maxmap 8: 114 (len: 231)
updated maxmap 9: b6 (len: 172)
updated maxmap 9: b7 (len: 172)
updated maxmap 6: 12c (len: 252)
updated maxmap 7: 132 (len: 252)
updated maxmap 10: a6 (len: 189)
updated maxmap 10: a7 (len: 172)
[1;94m[*] [0mFuzzing test case #5 (693 total, 0 uniq crashes found)...[0m
scheduled max input!!!!
schedule: 13 level30_2/ijon_max/13
updated maxmap 0: 86 (len: 172)
updated maxmap 15: 84 (len: 172)
[1;94m[*] [0mFuzzing test case #6 (693 total, 0 uniq crashes found)...[0m
scheduled max input!!!!
schedule: 6 level30_2/ijon_max/6
updated maxmap 6: 12f (len: 300)
updated maxmap 7: 135 (len: 300)
updated maxmap 8: 13c (len: 300)
updated maxmap 6: 148 (len: 286)
updated maxmap 7: 141 (len: 286)
updated maxmap 6: 16f (len: 293)
updated maxmap 7: 16b (len: 293)
updated maxmap 8: 165 (len: 293)
updated maxmap 5: 125 (len: 286)
updated maxmap 5: 12c (len: 259)
updated maxmap 5: 18d (len: 292)
updated maxmap 6: 190 (len: 292)
updated maxmap 7: 17b (len: 292)
updated maxmap 8: 175 (len: 292)
updated maxmap 4: 101 (len: 279)
updated maxmap 7: 192 (len: 319)
updated maxmap 8: 195 (len: 319)
updated maxmap 6: 196 (len: 288)
updated maxmap 7: 193 (len: 288)
updated maxmap 6: 19b (len: 282)
updated maxmap 7: 196 (len: 282)
updated maxmap 6: 1a4 (len: 262)
updated maxmap 7: 1a3 (len: 260)
updated maxmap 6: 1b4 (len: 297)
updated maxmap 7: 1bb (len: 297)
updated maxmap 8: 197 (len: 305)
[1;94m[*] [0mFuzzing test case #7 (841 total, 0 uniq crashes found)...[0m
scheduled max input!!!!
schedule: 14 level30_2/ijon_max/14
[1;94m[*] [0mFuzzing test case #8 (841 total, 0 uniq crashes found)...[0m
scheduled max input!!!!
schedule: 5 level30_2/ijon_max/5
updated maxmap 5: 18f (len: 292)
updated maxmap 5: 19a (len: 298)
updated maxmap 8: 1b9 (len: 304)
updated maxmap 5: 19b (len: 292)
updated maxmap 7: 1bc (len: 300)
updated maxmap 6: 1ca (len: 304)
updated maxmap 7: 1c1 (len: 304)
updated maxmap 8: 1ba (len: 304)
updated maxmap 5: 19d (len: 293)
updated maxmap 5: 1a0 (len: 295)
updated maxmap 5: 1a6 (len: 292)
updated maxmap 5: 1a8 (len: 292)
updated maxmap 5: 1ab (len: 292)
updated maxmap 5: 1ac (len: 292)
updated maxmap 7: 1cc (len: 305)
updated maxmap 5: 1dd (len: 317)
updated maxmap 6: 1e7 (len: 317)
updated maxmap 7: 1e9 (len: 317)
updated maxmap 0: 87 (len: 300)
updated maxmap 15: 86 (len: 300)
updated maxmap 8: 1bb (len: 320)
updated maxmap 8: 1db (len: 346)
updated maxmap 4: 1a0 (len: 298)
updated maxmap 4: 1b9 (len: 340)
updated maxmap 6: 203 (len: 305)
updated maxmap 7: 1ed (len: 305)
updated maxmap 8: 1e7 (len: 305)
updated maxmap 7: 1f7 (len: 299)
[1;94m[*] [0mFuzzing test case #9 (916 total, 0 uniq crashes found)...[0m
scheduled max input!!!!
schedule: 9 level30_2/ijon_max/9
[1;94m[*] [0mFuzzing test case #10 (916 total, 0 uniq crashes found)...[0m
[1;94m[*] [0mFuzzing test case #11 (916 total, 0 uniq crashes found)...[0m
scheduled max input!!!!
schedule: 7 level30_2/ijon_max/7
updated maxmap 7: 1fe (len: 304)
updated maxmap 8: 1ff (len: 303)
updated maxmap 5: 1ea (len: 322)
updated maxmap 5: 1ed (len: 299)
updated maxmap 7: 1ff (len: 304)
updated maxmap 6: 20d (len: 345)
updated maxmap 7: 201 (len: 345)
updated maxmap 6: 20e (len: 306)
updated maxmap 7: 207 (len: 306)
updated maxmap 8: 201 (len: 316)
updated maxmap 7: 20a (len: 301)
updated maxmap 8: 207 (len: 301)
updated maxmap 6: 211 (len: 304)
updated maxmap 5: 203 (len: 299)
updated maxmap 6: 236 (len: 342)
updated maxmap 7: 21d (len: 342)
updated maxmap 8: 216 (len: 342)
updated maxmap 3: 18f (len: 299)
[1;94m[*] [0mFuzzing test case #12 (947 total, 0 uniq crashes found)...[0m
scheduled max input!!!!
schedule: 11 level30_2/ijon_max/11
[1;94m[*] [0mFuzzing test case #13 (947 total, 0 uniq crashes found)...[0m
scheduled max input!!!!
schedule: 14 level30_2/ijon_max/14
[1;94m[*] [0mFuzzing test case #14 (947 total, 0 uniq crashes found)...[0m
scheduled max input!!!!
schedule: 4 level30_2/ijon_max/4
updated maxmap 4: 1bc (len: 340)
updated maxmap 4: 1bd (len: 340)
updated maxmap 4: 1c0 (len: 342)
updated maxmap 4: 1c3 (len: 343)
updated maxmap 4: 1c4 (len: 345)
updated maxmap 4: 1ca (len: 348)
[1;94m[*] [0mFuzzing test case #15 (987 total, 0 uniq crashes found)...[0m
scheduled max input!!!!
schedule: 3 level30_2/ijon_max/3
updated maxmap 3: 190 (len: 299)
updated maxmap 3: 1a6 (len: 299)
updated maxmap 3: 1af (len: 303)
updated maxmap 3: 1b0 (len: 299)
updated maxmap 3: 1ca (len: 311)
updated maxmap 4: 1d4 (len: 311)
updated maxmap 4: 1fe (len: 316)
updated maxmap 5: 206 (len: 316)
updated maxmap 3: 1cb (len: 299)
updated maxmap 3: 1e3 (len: 307)
updated maxmap 6: 23e (len: 373)
updated maxmap 7: 248 (len: 373)
updated maxmap 8: 257 (len: 373)
[1;94m[*] [0mFuzzing test case #16 (996 total, 0 uniq crashes found)...[0m
scheduled max input!!!!
schedule: 10 level30_2/ijon_max/10
[1;94m[*] [0mFuzzing test case #17 (996 total, 0 uniq crashes found)...[0m
scheduled max input!!!!
schedule: 10 level30_2/ijon_max/10
[1;94m[*] [0mFuzzing test case #18 (996 total, 0 uniq crashes found)...[0m
[1;94m[*] [0mFuzzing test case #19 (996 total, 0 uniq crashes found)...[0m
scheduled max input!!!!
schedule: 7 level30_2/ijon_max/7
updated maxmap 5: 261 (len: 378)
updated maxmap 6: 25a (len: 378)
updated maxmap 7: 250 (len: 378)
updated maxmap 7: 251 (len: 373)
updated maxmap 7: 252 (len: 373)
updated maxmap 6: 263 (len: 383)
updated maxmap 7: 25e (len: 383)
updated maxmap 5: 270 (len: 385)
updated maxmap 6: 27a (len: 385)
updated maxmap 7: 27f (len: 385)
updated maxmap 8: 26f (len: 391)
updated maxmap 5: 272 (len: 378)
updated maxmap 4: 261 (len: 373)
updated maxmap 5: 27c (len: 381)
updated maxmap 5: 28c (len: 386)
updated maxmap 6: 27b (len: 386)
updated maxmap 8: 273 (len: 380)
updated maxmap 7: 283 (len: 387)
updated maxmap 8: 288 (len: 387)
updated maxmap 6: 280 (len: 383)
updated maxmap 5: 2a6 (len: 408)
updated maxmap 6: 29c (len: 408)
updated maxmap 7: 292 (len: 408)
updated maxmap 8: 28b (len: 408)
updated maxmap 6: 2e9 (len: 389)
updated maxmap 7: 2fd (len: 389)
updated maxmap 8: 2f6 (len: 389)
updated maxmap 6: 2ea (len: 381)
updated maxmap 5: 2b1 (len: 373)
updated maxmap 6: 2f0 (len: 384)
updated maxmap 6: 2f4 (len: 387)
[1;94m[*] [0mFuzzing test case #20 (1030 total, 0 uniq crashes found)...[0m
scheduled normal input!!!!
[1;94m[*] [0mFuzzing test case #21 (1030 total, 0 uniq crashes found)...[0m
[1;94m[*] [0mFuzzing test case #22 (1030 total, 0 uniq crashes found)...[0m
scheduled max input!!!!
schedule: 7 level30_2/ijon_max/7
updated maxmap 7: 301 (len: 392)
updated maxmap 8: 2fa (len: 392)
updated maxmap 8: 2fb (len: 389)
updated maxmap 8: 2fd (len: 389)
updated maxmap 6: 2f8 (len: 395)
updated maxmap 8: 303 (len: 395)
updated maxmap 8: 308 (len: 397)
updated maxmap 5: 2e7 (len: 389)
updated maxmap 5: 2fc (len: 389)
updated maxmap 5: 33c (len: 410)
updated maxmap 6: 321 (len: 410)
updated maxmap 7: 318 (len: 410)
updated maxmap 8: 311 (len: 410)
updated maxmap 8: 317 (len: 397)
updated maxmap 7: 319 (len: 395)
updated maxmap 8: 31c (len: 395)
updated maxmap 6: 325 (len: 404)
updated maxmap 7: 32d (len: 404)
updated maxmap 4: 271 (len: 397)
updated maxmap 6: 32b (len: 407)
updated maxmap 4: 272 (len: 397)
updated maxmap 0: 88 (len: 394)
updated maxmap 15: 87 (len: 394)
updated maxmap 4: 273 (len: 403)
[1;94m[*] [0mFuzzing test case #23 (1054 total, 0 uniq crashes found)...[0m
scheduled max input!!!!
schedule: 6 level30_2/ijon_max/6
updated maxmap 6: 32d (len: 408)
updated maxmap 6: 337 (len: 407)
updated maxmap 7: 337 (len: 407)
updated maxmap 8: 330 (len: 407)
updated maxmap 6: 342 (len: 410)
updated maxmap 5: 34a (len: 414)
updated maxmap 6: 34d (len: 414)
updated maxmap 7: 33d (len: 407)
updated maxmap 8: 331 (len: 411)
updated maxmap 8: 334 (len: 411)
updated maxmap 8: 336 (len: 415)
updated maxmap 7: 34a (len: 415)
updated maxmap 8: 34f (len: 415)
updated maxmap 6: 34e (len: 417)
updated maxmap 7: 353 (len: 417)
updated maxmap 6: 352 (len: 419)
updated maxmap 7: 358 (len: 423)
updated maxmap 4: 2b9 (len: 418)
updated maxmap 4: 2be (len: 414)
[1;94m[*] [0mFuzzing test case #24 (1070 total, 0 uniq crashes found)...[0m
scheduled max input!!!!
schedule: 3 level30_2/ijon_max/3
updated maxmap 3: 1e8 (len: 309)
[1;94m[*] [0mFuzzing test case #25 (1070 total, 0 uniq crashes found)...[0m
scheduled max input!!!!
schedule: 6 level30_2/ijon_max/6
updated maxmap 6: 353 (len: 419)
updated maxmap 6: 35f (len: 424)
updated maxmap 6: 362 (len: 425)
[1;94m[*] [0mFuzzing test case #26 (1070 total, 0 uniq crashes found)...[0m
scheduled max input!!!!
schedule: 8 level30_2/ijon_max/8
updated maxmap 6: 37b (len: 434)
updated maxmap 7: 376 (len: 434)
updated maxmap 8: 36f (len: 434)
[1;94m[*] [0mFuzzing test case #27 (1071 total, 0 uniq crashes found)...[0m
scheduled max input!!!!
schedule: 4 level30_2/ijon_max/4
updated maxmap 4: 2c3 (len: 415)
updated maxmap 4: 2c4 (len: 414)
updated maxmap 4: 2c5 (len: 414)
[1;94m[*] [0mFuzzing test case #28 (1072 total, 0 uniq crashes found)...[0m
scheduled max input!!!!
schedule: 7 level30_2/ijon_max/7
updated maxmap 6: 38a (len: 440)
updated maxmap 7: 385 (len: 440)
updated maxmap 8: 37d (len: 440)
updated maxmap 7: 38a (len: 441)
[1;94m[*] [0mFuzzing test case #29 (1072 total, 0 uniq crashes found)...[0m
scheduled max input!!!!
schedule: 3 level30_2/ijon_max/3
[1;94m[*] [0mFuzzing test case #30 (1072 total, 0 uniq crashes found)...[0m
scheduled max input!!!!
schedule: 8 level30_2/ijon_max/8
updated maxmap 8: 37e (len: 440)
updated maxmap 6: 38b (len: 440)
updated maxmap 6: 38c (len: 440)
updated maxmap 8: 380 (len: 440)
updated maxmap 6: 38d (len: 440)
updated maxmap 7: 38d (len: 440)
updated maxmap 8: 385 (len: 440)
updated maxmap 7: 38e (len: 440)
updated maxmap 8: 386 (len: 440)
updated maxmap 6: 399 (len: 447)
updated maxmap 7: 394 (len: 447)
updated maxmap 8: 38d (len: 447)
updated maxmap 8: 394 (len: 445)
updated maxmap 6: 39a (len: 448)
updated maxmap 7: 395 (len: 448)
updated maxmap 5: 37c (len: 440)
updated maxmap 6: 3a0 (len: 451)
updated maxmap 7: 3a8 (len: 451)
updated maxmap 8: 39c (len: 448)
updated maxmap 4: 2cb (len: 445)
updated maxmap 5: 38c (len: 446)
updated maxmap 8: 3ad (len: 455)
updated maxmap 4: 2d8 (len: 440)
updated maxmap 4: 2ef (len: 450)
updated maxmap 6: 3a3 (len: 450)
updated maxmap 6: 3c1 (len: 464)
updated maxmap 7: 3ab (len: 464)
updated maxmap 6: 3da (len: 472)
updated maxmap 7: 3c4 (len: 472)
updated maxmap 8: 3bc (len: 472)
updated maxmap 4: 33d (len: 454)
[1;94m[*] [0mFuzzing test case #31 (1096 total, 0 uniq crashes found)...[0m
scheduled max input!!!!
schedule: 6 level30_2/ijon_max/6
updated maxmap 6: 3db (len: 472)
updated maxmap 8: 3bd (len: 472)
updated maxmap 7: 3c5 (len: 472)
updated maxmap 6: 3e9 (len: 477)
updated maxmap 7: 3d2 (len: 477)
updated maxmap 8: 3cb (len: 477)
updated maxmap 7: 3d4 (len: 472)
updated maxmap 8: 3cd (len: 472)
updated maxmap 7: 3dd (len: 473)
updated maxmap 5: 3c4 (len: 472)
updated maxmap 8: 3dd (len: 472)
updated maxmap 7: 3e5 (len: 476)
updated maxmap 6: 3ee (len: 482)
updated maxmap 5: 3c6 (len: 472)
updated maxmap 5: 3de (len: 472)
updated maxmap 7: 3ea (len: 479)
updated maxmap 8: 3f4 (len: 479)
updated maxmap 5: 3f2 (len: 483)
updated maxmap 6: 403 (len: 488)
updated maxmap 7: 3fa (len: 488)
updated maxmap 8: 3f5 (len: 483)
updated maxmap 8: 3f8 (len: 482)
[1;94m[*] [0mFuzzing test case #32 (1109 total, 0 uniq crashes found)...[0m
[1;94m[*] [0mFuzzing test case #33 (1109 total, 0 uniq crashes found)...[0m
scheduled max input!!!!
schedule: 10 level30_2/ijon_max/10
[1;94m[*] [0mFuzzing test case #34 (1109 total, 0 uniq crashes found)...[0m
scheduled max input!!!!
schedule: 9 level30_2/ijon_max/9
[1;94m[*] [0mFuzzing test case #35 (1109 total, 0 uniq crashes found)...[0m
scheduled max input!!!!
schedule: 15 level30_2/ijon_max/15
updated maxmap 0: 89 (len: 406)
[1;94m[*] [0mFuzzing test case #36 (1109 total, 0 uniq crashes found)...[0m
[1;94m[*] [0mFuzzing test case #37 (1109 total, 0 uniq crashes found)...[0m
scheduled max input!!!!
schedule: 13 level30_2/ijon_max/13
[1;94m[*] [0mFuzzing test case #38 (1109 total, 0 uniq crashes found)...[0m
scheduled max input!!!!
schedule: 6 level30_2/ijon_max/6
updated maxmap 6: 404 (len: 494)
updated maxmap 6: 410 (len: 492)
updated maxmap 7: 3fb (len: 490)
updated maxmap 5: 3f3 (len: 500)
updated maxmap 7: 406 (len: 500)
updated maxmap 8: 410 (len: 500)
updated maxmap 9: 419 (len: 500)
updated maxmap 10: 423 (len: 500)
updated maxmap 11: 426 (len: 500)
updated maxmap 7: 415 (len: 494)
updated maxmap 4: 3cd (len: 489)
updated maxmap 4: 418 (len: 495)
updated maxmap 5: 409 (len: 495)
updated maxmap 12: 428 (len: 510)
updated maxmap 13: 432 (len: 510)
updated maxmap 14: 434 (len: 510)
updated maxmap 6: 411 (len: 495)
updated maxmap 7: 416 (len: 495)
updated maxmap 6: 412 (len: 496)
updated maxmap 5: 40d (len: 493)
updated maxmap 5: 40f (len: 494)
updated maxmap 3: 221 (len: 496)
updated maxmap 6: 414 (len: 496)
updated maxmap 5: 41b (len: 499)
[1;94m[*] [0mFuzzing test case #39 (1120 total, 0 uniq crashes found)...[0m
scheduled max input!!!!
schedule: 13 level30_2/ijon_max/13
updated maxmap 12: 42a (len: 510)
updated maxmap 13: 434 (len: 510)
updated maxmap 14: 437 (len: 510)
updated maxmap 12: 42d (len: 510)
updated maxmap 13: 437 (len: 510)
updated maxmap 14: 439 (len: 510)
updated maxmap 11: 429 (len: 513)
updated maxmap 12: 42f (len: 513)
updated maxmap 14: 43a (len: 510)
updated maxmap 7: 41a (len: 510)
updated maxmap 8: 42e (len: 510)
updated maxmap 9: 42e (len: 510)
updated maxmap 10: 42f (len: 510)
updated maxmap 0: 42e (len: 518)
updated maxmap 11: 42a (len: 518)
updated maxmap 15: 42e (len: 518)
updated maxmap 11: 42c (len: 515)
updated maxmap 14: 43d (len: 512)
updated maxmap 0: 44d (len: 518)
updated maxmap 14: 440 (len: 518)
updated maxmap 15: 44a (len: 518)
updated maxmap 11: 42e (len: 514)
updated maxmap 5: 420 (len: 518)
updated maxmap 6: 452 (len: 518)
updated maxmap 7: 442 (len: 518)
updated maxmap 8: 43b (len: 518)
minimized maxmap 11: 42e (len: 513)
updated maxmap 13: 438 (len: 510)
updated maxmap 12: 430 (len: 513)
updated maxmap 5: 422 (len: 518)
updated maxmap 6: 455 (len: 518)
updated maxmap 7: 444 (len: 518)
updated maxmap 8: 43d (len: 518)
updated maxmap 11: 42f (len: 518)
minimized maxmap 11: 42f (len: 515)
updated maxmap 14: 442 (len: 515)
updated maxmap 4: 41a (len: 510)
updated maxmap 10: 432 (len: 514)
updated maxmap 11: 431 (len: 514)
updated maxmap 15: 44b (len: 517)
updated maxmap 4: 41b (len: 516)
updated maxmap 5: 427 (len: 516)
updated maxmap 7: 445 (len: 516)
minimized maxmap 8: 43d (len: 516)
updated maxmap 9: 430 (len: 513)
minimized maxmap 14: 442 (len: 513)
updated maxmap 6: 457 (len: 519)
updated maxmap 7: 446 (len: 519)
updated maxmap 8: 43f (len: 519)
updated maxmap 15: 44c (len: 517)
[1;94m[*] [0mFuzzing test case #40 (1136 total, 0 uniq crashes found)...[0m
scheduled max input!!!!
schedule: 14 level30_2/ijon_max/14
[1;94m[*] [0mFuzzing test case #41 (1136 total, 0 uniq crashes found)...[0m
scheduled max input!!!!
schedule: 10 level30_2/ijon_max/10
updated maxmap 9: 432 (len: 516)
[1;94m[*] [0mFuzzing test case #42 (1136 total, 0 uniq crashes found)...[0m
scheduled max input!!!!
schedule: 0 level30_2/ijon_max/0
updated maxmap 0: 44e (len: 526)
minimized maxmap 0: 44e (len: 518)
[1;94m[*] [0mFuzzing test case #43 (1137 total, 0 uniq crashes found)...[0m
scheduled max input!!!!
schedule: 5 level30_2/ijon_max/5
updated maxmap 4: 41d (len: 516)
updated maxmap 5: 42a (len: 516)
updated maxmap 7: 447 (len: 516)
updated maxmap 8: 440 (len: 516)
updated maxmap 4: 41e (len: 516)
updated maxmap 7: 448 (len: 516)
updated maxmap 4: 422 (len: 517)
updated maxmap 5: 42c (len: 517)
updated maxmap 8: 446 (len: 517)
updated maxmap 4: 423 (len: 516)
updated maxmap 5: 42d (len: 516)
minimized maxmap 8: 446 (len: 516)
updated maxmap 4: 425 (len: 516)
updated maxmap 5: 42f (len: 516)
updated maxmap 8: 447 (len: 516)
[1;94m[*] [0mFuzzing test case #44 (1137 total, 0 uniq crashes found)...[0m
scheduled max input!!!!
schedule: 15 level30_2/ijon_max/15
[1;94m[*] [0mFuzzing test case #45 (1137 total, 0 uniq crashes found)...[0m
scheduled max input!!!!
schedule: 0 level30_2/ijon_max/0
[1;94m[*] [0mFuzzing test case #46 (1137 total, 0 uniq crashes found)...[0m
scheduled max input!!!!
schedule: 4 level30_2/ijon_max/4
updated maxmap 8: 448 (len: 516)
updated maxmap 7: 45b (len: 524)
updated maxmap 8: 454 (len: 524)
[1;94m[*] [0mFuzzing test case #47 (1139 total, 0 uniq crashes found)...[0m
scheduled max input!!!!
schedule: 13 level30_2/ijon_max/13
[1;94m[*] [0mFuzzing test case #48 (1139 total, 0 uniq crashes found)...[0m
scheduled max input!!!!
schedule: 7 level30_2/ijon_max/7
updated maxmap 6: 460 (len: 524)
updated maxmap 7: 460 (len: 524)
updated maxmap 7: 461 (len: 524)
updated maxmap 7: 468 (len: 528)
updated maxmap 8: 46b (len: 528)
updated maxmap 4: 426 (len: 524)
updated maxmap 5: 430 (len: 524)
[1;94m[*] [0mFuzzing test case #49 (1139 total, 0 uniq crashes found)...[0m
scheduled max input!!!!
schedule: 3 level30_2/ijon_max/3
updated maxmap 3: 223 (len: 498)
updated maxmap 3: 224 (len: 496)
updated maxmap 3: 225 (len: 509)
updated maxmap 3: 226 (len: 496)
updated maxmap 3: 22d (len: 499)
updated maxmap 3: 22e (len: 497)
updated maxmap 3: 22f (len: 496)
updated maxmap 3: 234 (len: 498)
updated maxmap 3: 236 (len: 497)
[1;94m[*] [0mFuzzing test case #50 (1139 total, 0 uniq crashes found)...[0m
scheduled max input!!!!
schedule: 6 level30_2/ijon_max/6
updated maxmap 6: 462 (len: 524)
updated maxmap 6: 46a (len: 529)
[1;94m[*] [0mFuzzing test case #51 (1139 total, 0 uniq crashes found)...[0m
[1;94m[*] [0mFuzzing test case #52 (1139 total, 0 uniq crashes found)...[0m
scheduled max input!!!!
schedule: 11 level30_2/ijon_max/11
[1;94m[*] [0mFuzzing test case #53 (1139 total, 0 uniq crashes found)...[0m
scheduled max input!!!!
schedule: 15 level30_2/ijon_max/15
[1;94m[*] [0mFuzzing test case #54 (1139 total, 0 uniq crashes found)...[0m
scheduled max input!!!!
schedule: 15 level30_2/ijon_max/15
[1;94m[*] [0mFuzzing test case #55 (1139 total, 0 uniq crashes found)...[0m
scheduled max input!!!!
schedule: 10 level30_2/ijon_max/10
[1;94m[*] [0mFuzzing test case #56 (1140 total, 0 uniq crashes found)...[0m
scheduled max input!!!!
schedule: 3 level30_2/ijon_max/3
updated maxmap 3: 237 (len: 497)
updated maxmap 3: 23f (len: 501)
updated maxmap 3: 240 (len: 502)
updated maxmap 3: 241 (len: 504)
updated maxmap 3: 243 (len: 498)
updated maxmap 3: 244 (len: 497)
updated maxmap 3: 24a (len: 497)
[1;94m[*] [0mFuzzing test case #57 (1142 total, 0 uniq crashes found)...[0m
scheduled max input!!!!
schedule: 7 level30_2/ijon_max/7
updated maxmap 7: 469 (len: 528)
updated maxmap 8: 46c (len: 528)
updated maxmap 7: 486 (len: 543)
updated maxmap 8: 47f (len: 543)
updated maxmap 5: 462 (len: 528)
updated maxmap 5: 46e (len: 534)
updated maxmap 6: 473 (len: 534)
[1;94m[*] [0mFuzzing test case #58 (1145 total, 0 uniq crashes found)...[0m
scheduled max input!!!!
schedule: 14 level30_2/ijon_max/14
[1;94m[*] [0mFuzzing test case #59 (1145 total, 0 uniq crashes found)...[0m
scheduled max input!!!!
schedule: 13 level30_2/ijon_max/13
[1;94m[*] [0mFuzzing test case #60 (1145 total, 0 uniq crashes found)...[0m
[1;94m[*] [0mFuzzing test case #61 (1145 total, 0 uniq crashes found)...[0m
[1;94m[*] [0mFuzzing test case #62 (1145 total, 0 uniq crashes found)...[0m
scheduled max input!!!!
schedule: 11 level30_2/ijon_max/11
updated maxmap 12: 432 (len: 515)
[1;94m[*] [0mFuzzing test case #63 (1145 total, 0 uniq crashes found)...[0m
[1;94m[*] [0mFuzzing test case #64 (1145 total, 0 uniq crashes found)...[0m
scheduled max input!!!!
schedule: 5 level30_2/ijon_max/5
updated maxmap 5: 46f (len: 534)
updated maxmap 6: 474 (len: 534)
[1;94m[*] [0mFuzzing test case #65 (1145 total, 0 uniq crashes found)...[0m
[1;94m[*] [0mFuzzing test case #66 (1145 total, 0 uniq crashes found)...[0m
scheduled max input!!!!
schedule: 9 level30_2/ijon_max/9
[1;94m[*] [0mFuzzing test case #67 (1145 total, 0 uniq crashes found)...[0m
scheduled max input!!!!
schedule: 7 level30_2/ijon_max/7
updated maxmap 7: 488 (len: 545)
updated maxmap 8: 481 (len: 545)
minimized maxmap 8: 481 (len: 543)
updated maxmap 8: 484 (len: 543)
updated maxmap 6: 490 (len: 548)
updated maxmap 5: 474 (len: 551)
updated maxmap 7: 498 (len: 551)
updated maxmap 8: 496 (len: 551)
minimized maxmap 5: 474 (len: 543)
updated maxmap 3: 264 (len: 551)
updated maxmap 5: 475 (len: 543)
updated maxmap 5: 476 (len: 545)
updated maxmap 6: 494 (len: 549)
minimized maxmap 5: 476 (len: 543)
updated maxmap 6: 497 (len: 551)
updated maxmap 4: 467 (len: 543)
updated maxmap 5: 477 (len: 543)
updated maxmap 5: 479 (len: 545)
updated maxmap 8: 498 (len: 551)
updated maxmap 3: 265 (len: 543)
updated maxmap 4: 46a (len: 545)
updated maxmap 4: 479 (len: 543)
updated maxmap 5: 483 (len: 543)
updated maxmap 3: 268 (len: 543)
updated maxmap 6: 499 (len: 551)
[1;94m[*] [0mFuzzing test case #68 (1153 total, 0 uniq crashes found)...[0m
scheduled max input!!!!
schedule: 3 level30_2/ijon_max/3
updated maxmap 3: 269 (len: 543)
updated maxmap 3: 26c (len: 563)
minimized maxmap 3: 26c (len: 549)
updated maxmap 3: 26e (len: 543)
updated maxmap 3: 26f (len: 550)
minimized maxmap 3: 26f (len: 543)
updated maxmap 3: 277 (len: 545)
minimized maxmap 3: 277 (len: 543)
updated maxmap 3: 279 (len: 544)
minimized maxmap 3: 279 (len: 543)
updated maxmap 3: 27a (len: 543)
updated maxmap 3: 27b (len: 543)
updated maxmap 3: 27c (len: 543)
updated maxmap 3: 27d (len: 546)
updated maxmap 3: 27e (len: 543)
updated maxmap 3: 288 (len: 549)
minimized maxmap 3: 288 (len: 543)
updated maxmap 3: 289 (len: 543)
[1;94m[*] [0mFuzzing test case #69 (1155 total, 0 uniq crashes found)...[0m
[1;94m[*] [0mFuzzing test case #70 (1155 total, 0 uniq crashes found)...[0m
scheduled max input!!!!
schedule: 4 level30_2/ijon_max/4
updated maxmap 4: 47a (len: 543)
updated maxmap 5: 484 (len: 543)
updated maxmap 4: 47b (len: 543)
updated maxmap 5: 485 (len: 543)
updated maxmap 4: 47d (len: 544)
updated maxmap 5: 487 (len: 544)
minimized maxmap 4: 47d (len: 543)
updated maxmap 4: 47e (len: 543)
updated maxmap 4: 47f (len: 543)
updated maxmap 4: 488 (len: 547)
updated maxmap 5: 490 (len: 547)
[1;94m[*] [0mFuzzing test case #71 (1155 total, 0 uniq crashes found)...[0m
scheduled max input!!!!
schedule: 10 level30_2/ijon_max/10
[1;94m[*] [0mFuzzing test case #72 (1155 total, 0 uniq crashes found)...[0m
scheduled max input!!!!
schedule: 0 level30_2/ijon_max/0
updated maxmap 0: 44f (len: 522)
minimized maxmap 0: 44f (len: 518)
[1;94m[*] [0mFuzzing test case #73 (1155 total, 0 uniq crashes found)...[0m
scheduled max input!!!!
schedule: 8 level30_2/ijon_max/8
updated maxmap 8: 49a (len: 552)
updated maxmap 6: 4a1 (len: 555)
updated maxmap 7: 49d (len: 555)
[1;94m[*] [0mFuzzing test case #74 (1155 total, 0 uniq crashes found)...[0m
scheduled max input!!!!
schedule: 6 level30_2/ijon_max/6
updated maxmap 6: 4a2 (len: 555)
updated maxmap 6: 4a9 (len: 562)
updated maxmap 7: 4ab (len: 562)
[1;94m[*] [0mFuzzing test case #75 (1156 total, 0 uniq crashes found)...[0m
scheduled max input!!!!
schedule: 15 level30_2/ijon_max/15
[1;94m[*] [0mFuzzing test case #76 (1156 total, 0 uniq crashes found)...[0m
scheduled max input!!!!
schedule: 4 level30_2/ijon_max/4
updated maxmap 4: 489 (len: 547)
[1;94m[*] [0mFuzzing test case #77 (1156 total, 0 uniq crashes found)...[0m
[1;94m[*] [0mFuzzing test case #78 (1156 total, 0 uniq crashes found)...[0m
scheduled max input!!!!
schedule: 6 level30_2/ijon_max/6
updated maxmap 7: 4ac (len: 562)
updated maxmap 6: 4ae (len: 562)
updated maxmap 7: 4b0 (len: 562)
updated maxmap 7: 4b1 (len: 562)
updated maxmap 6: 4af (len: 562)
updated maxmap 7: 4b2 (len: 562)
updated maxmap 8: 4ab (len: 562)
updated maxmap 6: 4b0 (len: 562)
updated maxmap 7: 4b3 (len: 562)
updated maxmap 6: 4b2 (len: 562)
updated maxmap 7: 4b4 (len: 562)
updated maxmap 6: 4b5 (len: 562)
updated maxmap 7: 4b8 (len: 562)
updated maxmap 13: 439 (len: 564)
updated maxmap 14: 443 (len: 564)
updated maxmap 15: 44d (len: 564)
updated maxmap 7: 4ba (len: 565)
updated maxmap 8: 4b7 (len: 565)
updated maxmap 6: 4b7 (len: 563)
minimized maxmap 7: 4ba (len: 563)
updated maxmap 6: 4b8 (len: 562)
updated maxmap 5: 4ad (len: 566)
updated maxmap 6: 4ba (len: 566)
updated maxmap 7: 4c1 (len: 566)
updated maxmap 5: 4ae (len: 562)
updated maxmap 5: 4b0 (len: 563)
minimized maxmap 6: 4ba (len: 563)
minimized maxmap 5: 4b0 (len: 562)
updated maxmap 5: 4b1 (len: 562)
minimized maxmap 8: 4b7 (len: 562)
updated maxmap 8: 4be (len: 565)
updated maxmap 5: 4bd (len: 570)
updated maxmap 6: 4c4 (len: 570)
minimized maxmap 5: 4bd (len: 567)
updated maxmap 4: 4c1 (len: 569)
updated maxmap 0: 450 (len: 565)
updated maxmap 5: 4c7 (len: 569)
minimized maxmap 6: 4c4 (len: 569)
[1;94m[*] [0mFuzzing test case #79 (1168 total, 0 uniq crashes found)...[0m
scheduled max input!!!!
schedule: 8 level30_2/ijon_max/8
updated maxmap 8: 4bf (len: 565)
updated maxmap 8: 4c3 (len: 567)
[1;94m[*] [0mFuzzing test case #80 (1168 total, 0 uniq crashes found)...[0m
scheduled max input!!!!
schedule: 14 level30_2/ijon_max/14
updated maxmap 0: 451 (len: 572)
updated maxmap 13: 43a (len: 572)
updated maxmap 14: 444 (len: 572)
updated maxmap 15: 44e (len: 572)
minimized maxmap 0: 451 (len: 564)
minimized maxmap 13: 43a (len: 564)
minimized maxmap 14: 444 (len: 564)
minimized maxmap 15: 44e (len: 564)
[1;94m[*] [0mFuzzing test case #81 (1168 total, 0 uniq crashes found)...[0m
scheduled max input!!!!
schedule: 13 level30_2/ijon_max/13
updated maxmap 13: 43b (len: 564)
updated maxmap 14: 445 (len: 564)
updated maxmap 15: 44f (len: 564)
[1;94m[*] [0mFuzzing test case #82 (1168 total, 0 uniq crashes found)...[0m
scheduled max input!!!!
schedule: 4 level30_2/ijon_max/4
updated maxmap 4: 4c2 (len: 569)
updated maxmap 7: 4d4 (len: 576)
updated maxmap 8: 4cd (len: 576)
[1;94m[*] [0mFuzzing test case #83 (1169 total, 0 uniq crashes found)...[0m
scheduled max input!!!!
schedule: 7 level30_2/ijon_max/7
updated maxmap 7: 4d5 (len: 576)
updated maxmap 7: 4d6 (len: 576)
updated maxmap 8: 4cf (len: 576)
updated maxmap 8: 4d0 (len: 576)
updated maxmap 7: 4d7 (len: 576)
updated maxmap 6: 4e7 (len: 584)
updated maxmap 7: 4d9 (len: 578)
updated maxmap 8: 4d2 (len: 578)
minimized maxmap 8: 4d2 (len: 576)
updated maxmap 8: 4d3 (len: 576)
updated maxmap 8: 4d5 (len: 578)
updated maxmap 3: 434 (len: 580)
updated maxmap 7: 4df (len: 580)
updated maxmap 8: 4dd (len: 580)
minimized maxmap 3: 434 (len: 576)
updated maxmap 8: 4e3 (len: 584)
updated maxmap 7: 4e7 (len: 584)
updated maxmap 8: 4ea (len: 584)
updated maxmap 5: 4d5 (len: 584)
updated maxmap 7: 4e9 (len: 584)
minimized maxmap 5: 4d5 (len: 576)
updated maxmap 5: 4d6 (len: 577)
updated maxmap 5: 4da (len: 579)
updated maxmap 5: 4e0 (len: 583)
minimized maxmap 6: 4e7 (len: 583)
[1;94m[*] [0mFuzzing test case #84 (1178 total, 0 uniq crashes found)...[0m
scheduled max input!!!!
schedule: 11 level30_2/ijon_max/11
[1;94m[*] [0mFuzzing test case #85 (1178 total, 0 uniq crashes found)...[0m
scheduled max input!!!!
schedule: 7 level30_2/ijon_max/7
updated maxmap 6: 4e9 (len: 587)
updated maxmap 7: 4f0 (len: 587)
minimized maxmap 6: 4e9 (len: 584)
[1;94m[*] [0mFuzzing test case #86 (1179 total, 0 uniq crashes found)...[0m
scheduled max input!!!!
schedule: 4 level30_2/ijon_max/4
[1;94m[*] [0mFuzzing test case #87 (1179 total, 0 uniq crashes found)...[0m
scheduled max input!!!!
schedule: 7 level30_2/ijon_max/7
updated maxmap 7: 4f1 (len: 587)
updated maxmap 6: 4ea (len: 587)
[1;94m[*] [0mFuzzing test case #88 (1179 total, 0 uniq crashes found)...[0m
scheduled max input!!!!
schedule: 11 level30_2/ijon_max/11
minimized maxmap 12: 432 (len: 514)
[1;94m[*] [0mFuzzing test case #89 (1179 total, 0 uniq crashes found)...[0m
scheduled max input!!!!
schedule: 9 level30_2/ijon_max/9
[1;94m[*] [0mFuzzing test case #90 (1179 total, 0 uniq crashes found)...[0m
scheduled max input!!!!
schedule: 13 level30_2/ijon_max/13
[1;94m[*] [0mFuzzing test case #91 (1179 total, 0 uniq crashes found)...[0m
scheduled max input!!!!
schedule: 7 level30_2/ijon_max/7
updated maxmap 5: 4e7 (len: 595)
updated maxmap 6: 4f4 (len: 595)
updated maxmap 7: 4fb (len: 595)
updated maxmap 5: 4e8 (len: 587)
updated maxmap 5: 4ec (len: 587)
updated maxmap 6: 4f5 (len: 595)
updated maxmap 5: 4ef (len: 587)
[1;94m[*] [0mFuzzing test case #92 (1181 total, 0 uniq crashes found)...[0m
scheduled max input!!!!
schedule: 10 level30_2/ijon_max/10
[1;94m[*] [0mFuzzing test case #93 (1181 total, 0 uniq crashes found)...[0m
[1;94m[*] [0mFuzzing test case #94 (1181 total, 0 uniq crashes found)...[0m
scheduled max input!!!!
schedule: 10 level30_2/ijon_max/10
[1;94m[*] [0mFuzzing test case #95 (1181 total, 0 uniq crashes found)...[0m
scheduled max input!!!!
schedule: 8 level30_2/ijon_max/8
updated maxmap 8: 4ee (len: 587)
[1;94m[*] [0mFuzzing test case #96 (1181 total, 0 uniq crashes found)...[0m
[1;94m[*] [0mFuzzing test case #97 (1181 total, 0 uniq crashes found)...[0m
scheduled max input!!!!
schedule: 5 level30_2/ijon_max/5
updated maxmap 6: 4f6 (len: 593)
[1;94m[*] [0mFuzzing test case #98 (1181 total, 0 uniq crashes found)...[0m
[1;94m[*] [0mFuzzing test case #99 (1181 total, 0 uniq crashes found)...[0m
scheduled max input!!!!
schedule: 13 level30_2/ijon_max/13
[1;94m[*] [0mFuzzing test case #100 (1181 total, 0 uniq crashes found)...[0m
scheduled max input!!!!
schedule: 11 level30_2/ijon_max/11
[1;94m[*] [0mFuzzing test case #101 (1181 total, 0 uniq crashes found)...[0m
scheduled max input!!!!
schedule: 14 level30_2/ijon_max/14
[1;94m[*] [0mFuzzing test case #102 (1181 total, 0 uniq crashes found)...[0m
scheduled max input!!!!
schedule: 6 level30_2/ijon_max/6
updated maxmap 6: 4f7 (len: 593)
[1;94m[*] [0mFuzzing test case #103 (1181 total, 0 uniq crashes found)...[0m
[1;94m[*] [0mFuzzing test case #104 (1181 total, 0 uniq crashes found)...[0m
scheduled max input!!!!
schedule: 6 level30_2/ijon_max/6
updated maxmap 8: 50a (len: 599)
updated maxmap 6: 4f8 (len: 600)
updated maxmap 7: 4ff (len: 600)
updated maxmap 5: 4f0 (len: 593)
minimized maxmap 6: 4f8 (len: 593)
updated maxmap 6: 4f9 (len: 593)
updated maxmap 5: 4f2 (len: 593)
updated maxmap 6: 4fb (len: 593)
updated maxmap 5: 506 (len: 601)
updated maxmap 6: 50f (len: 601)
updated maxmap 5: 50b (len: 602)
updated maxmap 6: 513 (len: 602)
[1;94m[*] [0mFuzzing test case #105 (1183 total, 0 uniq crashes found)...[0m
scheduled max input!!!!
schedule: 11 level30_2/ijon_max/11
[1;94m[*] [0mFuzzing test case #106 (1183 total, 0 uniq crashes found)...[0m
scheduled max input!!!!
schedule: 11 level30_2/ijon_max/11
[1;94m[*] [0mFuzzing test case #107 (1183 total, 0 uniq crashes found)...[0m
scheduled max input!!!!
schedule: 0 level30_2/ijon_max/0
[1;94m[*] [0mFuzzing test case #108 (1183 total, 0 uniq crashes found)...[0m
scheduled max input!!!!
schedule: 3 level30_2/ijon_max/3
[1;94m[*] [0mFuzzing test case #109 (1184 total, 0 uniq crashes found)...[0m
scheduled max input!!!!
schedule: 3 level30_2/ijon_max/3
updated maxmap 11: 432 (len: 583)
[1;94m[*] [0mFuzzing test case #110 (1184 total, 0 uniq crashes found)...[0m
scheduled max input!!!!
schedule: 6 level30_2/ijon_max/6
updated maxmap 5: 50c (len: 602)
updated maxmap 6: 514 (len: 602)
updated maxmap 7: 510 (len: 606)
[1;94m[*] [0mFuzzing test case #111 (1185 total, 0 uniq crashes found)...[0m
scheduled max input!!!!
schedule: 5 level30_2/ijon_max/5
[1;94m[*] [0mFuzzing test case #112 (1185 total, 0 uniq crashes found)...[0m
[1;94m[*] [0mFuzzing test case #113 (1185 total, 0 uniq crashes found)...[0m
scheduled max input!!!!
schedule: 14 level30_2/ijon_max/14
[1;94m[*] [0mFuzzing test case #114 (1185 total, 0 uniq crashes found)...[0m
scheduled max input!!!!
schedule: 12 level30_2/ijon_max/12
[1;94m[*] [0mFuzzing test case #115 (1185 total, 0 uniq crashes found)...[0m
scheduled max input!!!!
schedule: 15 level30_2/ijon_max/15
[1;94m[*] [0mFuzzing test case #116 (1185 total, 0 uniq crashes found)...[0m
scheduled max input!!!!
schedule: 14 level30_2/ijon_max/14
[1;94m[*] [0mFuzzing test case #117 (1185 total, 0 uniq crashes found)...[0m
scheduled max input!!!!
schedule: 13 level30_2/ijon_max/13
[1;94m[*] [0mFuzzing test case #118 (1185 total, 0 uniq crashes found)...[0m
scheduled max input!!!!
schedule: 5 level30_2/ijon_max/5
updated maxmap 5: 515 (len: 606)
updated maxmap 6: 51d (len: 606)
updated maxmap 9: 50a (len: 607)
updated maxmap 10: 513 (len: 607)
updated maxmap 11: 51d (len: 607)
updated maxmap 12: 51f (len: 607)
updated maxmap 9: 50f (len: 602)
updated maxmap 5: 518 (len: 604)
updated maxmap 9: 514 (len: 609)
updated maxmap 10: 51d (len: 609)
updated maxmap 11: 524 (len: 609)
[1;94m[*] [0mFuzzing test case #119 (1187 total, 0 uniq crashes found)...[0m
[1;94m[*] [0mFuzzing test case #120 (1187 total, 0 uniq crashes found)...[0m
[1;94m[*] [0mFuzzing test case #121 (1187 total, 0 uniq crashes found)...[0m
scheduled max input!!!!
schedule: 11 level30_2/ijon_max/11
updated maxmap 10: 51e (len: 609)
updated maxmap 11: 525 (len: 609)
updated maxmap 11: 527 (len: 610)
[1;94m[*] [0mFuzzing test case #122 (1187 total, 0 uniq crashes found)...[0m
scheduled max input!!!!
schedule: 5 level30_2/ijon_max/5
updated maxmap 5: 519 (len: 604)
updated maxmap 8: 50b (len: 608)
minimized maxmap 9: 514 (len: 608)
minimized maxmap 10: 51e (len: 608)
[1;94m[*] [0mFuzzing test case #123 (1188 total, 0 uniq crashes found)...[0m
scheduled max input!!!!
schedule: 8 level30_2/ijon_max/8
updated maxmap 9: 515 (len: 608)
updated maxmap 10: 51f (len: 608)
updated maxmap 8: 50c (len: 608)
updated maxmap 9: 516 (len: 608)
[1;94m[*] [0mFuzzing test case #124 (1188 total, 0 uniq crashes found)...[0m
scheduled max input!!!!
schedule: 5 level30_2/ijon_max/5
updated maxmap 5: 51b (len: 605)
[1;94m[*] [0mFuzzing test case #125 (1188 total, 0 uniq crashes found)...[0m
scheduled max input!!!!
schedule: 11 level30_2/ijon_max/11
updated maxmap 11: 528 (len: 617)
updated maxmap 12: 52e (len: 617)
updated maxmap 13: 52d (len: 617)
minimized maxmap 11: 528 (len: 616)
minimized maxmap 12: 52e (len: 616)
minimized maxmap 13: 52d (len: 616)
minimized maxmap 11: 528 (len: 610)
updated maxmap 7: 518 (len: 618)
updated maxmap 8: 51d (len: 618)
updated maxmap 7: 51a (len: 610)
updated maxmap 8: 524 (len: 610)
updated maxmap 9: 529 (len: 610)
[1;94m[*] [0mFuzzing test case #126 (1189 total, 0 uniq crashes found)...[0m
[1;94m[*] [0mFuzzing test case #127 (1189 total, 0 uniq crashes found)...[0m
scheduled max input!!!!
schedule: 10 level30_2/ijon_max/10
updated maxmap 10: 520 (len: 608)
updated maxmap 11: 529 (len: 613)
updated maxmap 4: 4e0 (len: 615)
minimized maxmap 12: 52e (len: 615)
[1;94m[*] [0mFuzzing test case #128 (1191 total, 0 uniq crashes found)...[0m
scheduled max input!!!!
schedule: 7 level30_2/ijon_max/7
updated maxmap 7: 51f (len: 610)
updated maxmap 8: 527 (len: 610)
updated maxmap 7: 520 (len: 610)
updated maxmap 8: 528 (len: 610)
updated maxmap 7: 521 (len: 610)
[1;94m[*] [0mFuzzing test case #129 (1191 total, 0 uniq crashes found)...[0m
scheduled max input!!!!
schedule: 4 level30_2/ijon_max/4
updated maxmap 4: 4e1 (len: 615)
updated maxmap 4: 4e2 (len: 615)
updated maxmap 11: 52a (len: 615)
updated maxmap 12: 530 (len: 615)
updated maxmap 9: 52c (len: 615)
updated maxmap 10: 52d (len: 615)
updated maxmap 4: 4eb (len: 615)
updated maxmap 11: 52f (len: 615)
updated maxmap 4: 4ed (len: 615)
updated maxmap 4: 4f0 (len: 617)
minimized maxmap 4: 4f0 (len: 615)
[1;94m[*] [0mFuzzing test case #130 (1191 total, 0 uniq crashes found)...[0m
scheduled max input!!!!
schedule: 13 level30_2/ijon_max/13
updated maxmap 13: 52e (len: 616)
updated maxmap 7: 526 (len: 616)
updated maxmap 8: 52b (len: 616)
updated maxmap 6: 522 (len: 616)
updated maxmap 7: 534 (len: 616)
updated maxmap 8: 531 (len: 616)
[1;94m[*] [0mFuzzing test case #131 (1191 total, 0 uniq crashes found)...[0m
scheduled max input!!!!
schedule: 10 level30_2/ijon_max/10
updated maxmap 13: 52f (len: 622)
updated maxmap 14: 52f (len: 622)
updated maxmap 10: 52e (len: 615)
updated maxmap 9: 52d (len: 615)
updated maxmap 10: 530 (len: 617)
[1;94m[*] [0mFuzzing test case #132 (1191 total, 0 uniq crashes found)...[0m
scheduled max input!!!!
schedule: 3 level30_2/ijon_max/3
[1;94m[*] [0mFuzzing test case #133 (1191 total, 0 uniq crashes found)...[0m
scheduled max input!!!!
schedule: 14 level30_2/ijon_max/14
updated maxmap 9: 52e (len: 622)
updated maxmap 0: 531 (len: 628)
updated maxmap 14: 530 (len: 628)
updated maxmap 15: 531 (len: 628)
minimized maxmap 14: 530 (len: 622)
updated maxmap 9: 52f (len: 622)
minimized maxmap 15: 531 (len: 625)
[1;94m[*] [0mFuzzing test case #134 (1192 total, 0 uniq crashes found)...[0m
[1;94m[*] [0mFuzzing test case #135 (1192 total, 0 uniq crashes found)...[0m
[1;94m[*] [0mFuzzing test case #136 (1192 total, 0 uniq crashes found)...[0m
scheduled max input!!!!
schedule: 8 level30_2/ijon_max/8
updated maxmap 6: 523 (len: 616)
updated maxmap 7: 535 (len: 616)
updated maxmap 8: 532 (len: 616)
updated maxmap 6: 524 (len: 616)
updated maxmap 7: 536 (len: 616)
updated maxmap 8: 533 (len: 616)
[1;94m[*] [0mFuzzing test case #137 (1192 total, 0 uniq crashes found)...[0m
scheduled max input!!!!
schedule: 6 level30_2/ijon_max/6
updated maxmap 6: 525 (len: 616)
updated maxmap 8: 534 (len: 616)
[1;94m[*] [0mFuzzing test case #138 (1192 total, 0 uniq crashes found)...[0m
scheduled max input!!!!
schedule: 10 level30_2/ijon_max/10
[1;94m[*] [0mFuzzing test case #139 (1192 total, 0 uniq crashes found)...[0m
[1;94m[*] [0mFuzzing test case #140 (1192 total, 0 uniq crashes found)...[0m
scheduled max input!!!!
schedule: 11 level30_2/ijon_max/11
[1;94m[*] [0mFuzzing test case #141 (1192 total, 0 uniq crashes found)...[0m
scheduled max input!!!!
schedule: 12 level30_2/ijon_max/12
[1;94m[*] [0mFuzzing test case #142 (1192 total, 0 uniq crashes found)...[0m
[1;94m[*] [0mFuzzing test case #143 (1192 total, 0 uniq crashes found)...[0m
scheduled max input!!!!
schedule: 7 level30_2/ijon_max/7
[1;94m[*] [0mFuzzing test case #144 (1192 total, 0 uniq crashes found)...[0m
scheduled max input!!!!
schedule: 14 level30_2/ijon_max/14
[1;94m[*] [0mFuzzing test case #145 (1192 total, 0 uniq crashes found)...[0m
scheduled max input!!!!
schedule: 12 level30_2/ijon_max/12
updated maxmap 13: 530 (len: 620)
minimized maxmap 14: 530 (len: 620)
[1;94m[*] [0mFuzzing test case #146 (1192 total, 0 uniq crashes found)...[0m
scheduled max input!!!!
schedule: 15 level30_2/ijon_max/15
[1;94m[*] [0mFuzzing test case #147 (1192 total, 0 uniq crashes found)...[0m
scheduled max input!!!!
schedule: 15 level30_2/ijon_max/15
[1;94m[*] [0mFuzzing test case #148 (1192 total, 0 uniq crashes found)...[0m
scheduled max input!!!!
schedule: 6 level30_2/ijon_max/6
updated maxmap 7: 537 (len: 616)
[1;94m[*] [0mFuzzing test case #149 (1192 total, 0 uniq crashes found)...[0m
scheduled max input!!!!
schedule: 9 level30_2/ijon_max/9
[1;94m[*] [0mFuzzing test case #150 (1193 total, 0 uniq crashes found)...[0m
scheduled max input!!!!
schedule: 12 level30_2/ijon_max/12
updated maxmap 0: 54f (len: 631)
updated maxmap 13: 539 (len: 631)
updated maxmap 14: 543 (len: 631)
updated maxmap 15: 54d (len: 631)
updated maxmap 5: 521 (len: 615)
updated maxmap 6: 52b (len: 615)
minimized maxmap 10: 530 (len: 615)
updated maxmap 4: 4f2 (len: 622)
minimized maxmap 9: 52f (len: 615)
[1;94m[*] [0mFuzzing test case #151 (1198 total, 0 uniq crashes found)...[0m
scheduled max input!!!!
schedule: 4 level30_2/ijon_max/4
updated maxmap 4: 4f3 (len: 622)
[1;94m[*] [0mFuzzing test case #152 (1198 total, 0 uniq crashes found)...[0m
scheduled max input!!!!
schedule: 7 level30_2/ijon_max/7
updated maxmap 8: 535 (len: 616)
updated maxmap 7: 542 (len: 623)
updated maxmap 8: 53c (len: 623)
[1;94m[*] [0mFuzzing test case #153 (1198 total, 0 uniq crashes found)...[0m
scheduled max input!!!!
schedule: 15 level30_2/ijon_max/15
updated maxmap 0: 550 (len: 631)
updated maxmap 13: 53a (len: 631)
[1;94m[*] [0mFuzzing test case #154 (1198 total, 0 uniq crashes found)...[0m
scheduled max input!!!!
schedule: 0 level30_2/ijon_max/0
updated maxmap 14: 544 (len: 631)
updated maxmap 15: 54e (len: 631)
updated maxmap 4: 51e (len: 640)
updated maxmap 5: 56f (len: 640)
updated maxmap 6: 554 (len: 640)
updated maxmap 7: 54a (len: 640)
updated maxmap 8: 543 (len: 640)
updated maxmap 6: 567 (len: 637)
updated maxmap 7: 54b (len: 637)
updated maxmap 8: 544 (len: 637)
updated maxmap 6: 56b (len: 639)
updated maxmap 7: 54f (len: 639)
updated maxmap 8: 548 (len: 639)
[1;94m[*] [0mFuzzing test case #155 (1205 total, 0 uniq crashes found)...[0m
[1;94m[*] [0mFuzzing test case #156 (1205 total, 0 uniq crashes found)...[0m
scheduled max input!!!!
schedule: 3 level30_2/ijon_max/3
[1;94m[*] [0mFuzzing test case #157 (1205 total, 0 uniq crashes found)...[0m
scheduled max input!!!!
schedule: 0 level30_2/ijon_max/0
[1;94m[*] [0mFuzzing test case #158 (1205 total, 0 uniq crashes found)...[0m
scheduled max input!!!!
schedule: 8 level30_2/ijon_max/8
updated maxmap 6: 56c (len: 639)
updated maxmap 7: 550 (len: 639)
updated maxmap 8: 549 (len: 639)
updated maxmap 6: 56d (len: 639)
updated maxmap 4: 521 (len: 641)
updated maxmap 6: 570 (len: 641)
updated maxmap 7: 554 (len: 641)
updated maxmap 8: 54d (len: 641)
minimized maxmap 4: 521 (len: 639)
minimized maxmap 7: 554 (len: 639)
minimized maxmap 8: 54d (len: 639)
updated maxmap 7: 555 (len: 639)
updated maxmap 8: 54e (len: 639)
[1;94m[*] [0mFuzzing test case #159 (1205 total, 0 uniq crashes found)...[0m
scheduled max input!!!!
schedule: 9 level30_2/ijon_max/9
[1;94m[*] [0mFuzzing test case #160 (1205 total, 0 uniq crashes found)...[0m
scheduled max input!!!!
schedule: 5 level30_2/ijon_max/5
updated maxmap 5: 570 (len: 640)
updated maxmap 5: 571 (len: 640)
[1;94m[*] [0mFuzzing test case #161 (1205 total, 0 uniq crashes found)...[0m
[1;94m[*] [0mFuzzing test case #162 (1205 total, 0 uniq crashes found)...[0m
scheduled max input!!!!
schedule: 0 level30_2/ijon_max/0
[1;94m[*] [0mFuzzing test case #163 (1205 total, 0 uniq crashes found)...[0m
scheduled max input!!!!
schedule: 13 level30_2/ijon_max/13
[1;94m[*] [0mFuzzing test case #164 (1205 total, 0 uniq crashes found)...[0m
scheduled max input!!!!
schedule: 6 level30_2/ijon_max/6
updated maxmap 4: 523 (len: 641)
updated maxmap 6: 573 (len: 641)
updated maxmap 7: 556 (len: 641)
updated maxmap 8: 54f (len: 641)
updated maxmap 7: 574 (len: 641)
updated maxmap 7: 575 (len: 641)
updated maxmap 8: 550 (len: 641)
updated maxmap 5: 574 (len: 641)
updated maxmap 8: 558 (len: 646)
updated maxmap 6: 574 (len: 641)
updated maxmap 4: 526 (len: 643)
updated maxmap 6: 577 (len: 643)
minimized maxmap 4: 526 (len: 641)
updated maxmap 5: 575 (len: 649)
updated maxmap 6: 581 (len: 649)
updated maxmap 7: 584 (len: 649)
updated maxmap 8: 564 (len: 641)
updated maxmap 7: 585 (len: 649)
updated maxmap 5: 57a (len: 648)
[1;94m[*] [0mFuzzing test case #165 (1208 total, 0 uniq crashes found)...[0m
scheduled max input!!!!
schedule: 9 level30_2/ijon_max/9
[1;94m[*] [0mFuzzing test case #166 (1208 total, 0 uniq crashes found)...[0m
scheduled max input!!!!
schedule: 8 level30_2/ijon_max/8
updated maxmap 5: 586 (len: 649)
updated maxmap 8: 568 (len: 649)
minimized maxmap 8: 568 (len: 641)
updated maxmap 8: 569 (len: 641)
[1;94m[*] [0mFuzzing test case #167 (1208 total, 0 uniq crashes found)...[0m
scheduled max input!!!!
schedule: 8 level30_2/ijon_max/8
[1;94m[*] [0mFuzzing test case #168 (1208 total, 0 uniq crashes found)...[0m
scheduled max input!!!!
schedule: 13 level30_2/ijon_max/13
[1;94m[*] [0mFuzzing test case #169 (1208 total, 0 uniq crashes found)...[0m
scheduled max input!!!!
schedule: 12 level30_2/ijon_max/12
[1;94m[*] [0mFuzzing test case #170 (1208 total, 0 uniq crashes found)...[0m
scheduled max input!!!!
schedule: 3 level30_2/ijon_max/3
[1;94m[*] [0mFuzzing test case #171 (1208 total, 0 uniq crashes found)...[0m
scheduled max input!!!!
schedule: 9 level30_2/ijon_max/9
[1;94m[*] [0mFuzzing test case #172 (1208 total, 0 uniq crashes found)...[0m
scheduled max input!!!!
schedule: 3 level30_2/ijon_max/3
updated maxmap 3: 436 (len: 576)
updated maxmap 3: 437 (len: 576)
[1;94m[*] [0mFuzzing test case #173 (1209 total, 0 uniq crashes found)...[0m
scheduled max input!!!!
schedule: 14 level30_2/ijon_max/14
[1;94m[*] [0mFuzzing test case #174 (1209 total, 0 uniq crashes found)...[0m
scheduled max input!!!!
schedule: 11 level30_2/ijon_max/11
updated maxmap 3: 4ef (len: 620)
[1;94m[*] [0mFuzzing test case #175 (1209 total, 0 uniq crashes found)...[0m
scheduled max input!!!!
schedule: 5 level30_2/ijon_max/5
updated maxmap 5: 587 (len: 649)
updated maxmap 9: 531 (len: 655)
updated maxmap 8: 56a (len: 649)
updated maxmap 6: 58b (len: 657)
updated maxmap 7: 58e (len: 657)
updated maxmap 5: 599 (len: 657)
updated maxmap 8: 579 (len: 657)
minimized maxmap 8: 579 (len: 649)
updated maxmap 8: 57a (len: 649)
updated maxmap 8: 57b (len: 649)
[1;94m[*] [0mFuzzing test case #176 (1212 total, 0 uniq crashes found)...[0m
scheduled max input!!!!
schedule: 8 level30_2/ijon_max/8
updated maxmap 6: 591 (len: 654)
updated maxmap 8: 585 (len: 654)
minimized maxmap 8: 585 (len: 649)
updated maxmap 8: 586 (len: 649)
[1;94m[*] [0mFuzzing test case #177 (1213 total, 0 uniq crashes found)...[0m
scheduled max input!!!!
schedule: 3 level30_2/ijon_max/3
updated maxmap 3: 4f2 (len: 620)
updated maxmap 10: 531 (len: 620)
updated maxmap 11: 530 (len: 620)
updated maxmap 3: 4f4 (len: 621)
minimized maxmap 3: 4f4 (len: 620)
updated maxmap 3: 4f5 (len: 620)
updated maxmap 3: 4f8 (len: 620)
[1;94m[*] [0mFuzzing test case #178 (1213 total, 0 uniq crashes found)...[0m
scheduled max input!!!!
schedule: 3 level30_2/ijon_max/3
[1;94m[*] [0mFuzzing test case #179 (1213 total, 0 uniq crashes found)...[0m
scheduled max input!!!!
schedule: 14 level30_2/ijon_max/14
[1;94m[*] [0mFuzzing test case #180 (1213 total, 0 uniq crashes found)...[0m
scheduled max input!!!!
schedule: 4 level30_2/ijon_max/4
[1;94m[*] [0mFuzzing test case #181 (1213 total, 0 uniq crashes found)...[0m
scheduled max input!!!!
schedule: 7 level30_2/ijon_max/7
updated maxmap 7: 590 (len: 657)
updated maxmap 7: 591 (len: 657)
updated maxmap 7: 592 (len: 658)
[1;94m[*] [0mFuzzing test case #182 (1214 total, 0 uniq crashes found)...[0m
scheduled max input!!!!
schedule: 13 level30_2/ijon_max/13
[1;94m[*] [0mFuzzing test case #183 (1214 total, 0 uniq crashes found)...[0m
scheduled max input!!!!
schedule: 12 level30_2/ijon_max/12
[1;94m[*] [0mFuzzing test case #184 (1214 total, 0 uniq crashes found)...[0m
[1;94m[*] [0mFuzzing test case #185 (1214 total, 0 uniq crashes found)...[0m
scheduled max input!!!!
schedule: 0 level30_2/ijon_max/0
[1;94m[*] [0mFuzzing test case #186 (1214 total, 0 uniq crashes found)...[0m
scheduled max input!!!!
schedule: 9 level30_2/ijon_max/9
updated maxmap 6: 593 (len: 655)
updated maxmap 7: 595 (len: 655)
[1;94m[*] [0mFuzzing test case #187 (1214 total, 0 uniq crashes found)...[0m
[1;94m[*] [0mFuzzing test case #188 (1214 total, 0 uniq crashes found)...[0m
scheduled max input!!!!
schedule: 10 level30_2/ijon_max/10
[1;94m[*] [0mFuzzing test case #189 (1214 total, 0 uniq crashes found)...[0m
scheduled max input!!!!
schedule: 13 level30_2/ijon_max/13
[1;94m[*] [0mFuzzing test case #190 (1214 total, 0 uniq crashes found)...[0m
scheduled max input!!!!
schedule: 8 level30_2/ijon_max/8
[1;94m[*] [0mFuzzing test case #191 (1214 total, 0 uniq crashes found)...[0m
[1;94m[*] [0mFuzzing test case #192 (1214 total, 0 uniq crashes found)...[0m
[1;94m[*] [0mFuzzing test case #193 (1214 total, 0 uniq crashes found)...[0m
[1;94m[*] [0mFuzzing test case #194 (1214 total, 0 uniq crashes found)...[0m
[1;94m[*] [0mFuzzing test case #195 (1214 total, 0 uniq crashes found)...[0m
[1;94m[*] [0mFuzzing test case #196 (1214 total, 0 uniq crashes found)...[0m
scheduled max input!!!!
schedule: 8 level30_2/ijon_max/8
[1;94m[*] [0mFuzzing test case #197 (1214 total, 0 uniq crashes found)...[0m
scheduled max input!!!!
schedule: 9 level30_2/ijon_max/9
[1;94m[*] [0mFuzzing test case #198 (1214 total, 0 uniq crashes found)...[0m
[1;94m[*] [0mFuzzing test case #199 (1214 total, 0 uniq crashes found)...[0m
scheduled max input!!!!
schedule: 12 level30_2/ijon_max/12
[1;94m[*] [0mFuzzing test case #200 (1214 total, 0 uniq crashes found)...[0m
scheduled max input!!!!
schedule: 8 level30_2/ijon_max/8
[1;94m[*] [0mFuzzing test case #201 (1214 total, 0 uniq crashes found)...[0m
[1;94m[*] [0mFuzzing test case #202 (1214 total, 0 uniq crashes found)...[0m
scheduled max input!!!!
schedule: 6 level30_2/ijon_max/6
updated maxmap 7: 596 (len: 655)
updated maxmap 6: 594 (len: 656)
updated maxmap 7: 597 (len: 656)
minimized maxmap 6: 594 (len: 655)
updated maxmap 7: 59e (len: 659)
updated maxmap 6: 5a7 (len: 663)
[1;94m[*] [0mFuzzing test case #203 (1215 total, 0 uniq crashes found)...[0m
scheduled max input!!!!
schedule: 3 level30_2/ijon_max/3
updated maxmap 3: 507 (len: 620)
updated maxmap 3: 508 (len: 620)
updated maxmap 3: 50a (len: 622)
minimized maxmap 3: 50a (len: 620)
[1;94m[*] [0mFuzzing test case #204 (1215 total, 0 uniq crashes found)...[0m
scheduled max input!!!!
schedule: 4 level30_2/ijon_max/4
[1;94m[*] [0mFuzzing test case #205 (1216 total, 0 uniq crashes found)...[0m
scheduled max input!!!!
schedule: 5 level30_2/ijon_max/5
updated maxmap 5: 59a (len: 657)
updated maxmap 5: 5a2 (len: 660)
[1;94m[*] [0mFuzzing test case #206 (1216 total, 0 uniq crashes found)...[0m
scheduled max input!!!!
schedule: 15 level30_2/ijon_max/15
[1;94m[*] [0mFuzzing test case #207 (1216 total, 0 uniq crashes found)...[0m
scheduled max input!!!!
schedule: 8 level30_2/ijon_max/8
[1;94m[*] [0mFuzzing test case #208 (1216 total, 0 uniq crashes found)...[0m
scheduled max input!!!!
schedule: 0 level30_2/ijon_max/0
[1;94m[*] [0mFuzzing test case #209 (1216 total, 0 uniq crashes found)...[0m
scheduled max input!!!!
schedule: 4 level30_2/ijon_max/4
[1;94m[*] [0mFuzzing test case #210 (1217 total, 0 uniq crashes found)...[0m
[1;94m[*] [0mFuzzing test case #211 (1217 total, 0 uniq crashes found)...[0m
[1;94m[*] [0mFuzzing test case #212 (1217 total, 0 uniq crashes found)...[0m
scheduled max input!!!!
schedule: 12 level30_2/ijon_max/12
[1;94m[*] [0mFuzzing test case #213 (1217 total, 0 uniq crashes found)...[0m
[1;94m[*] [0mFuzzing test case #214 (1217 total, 0 uniq crashes found)...[0m
scheduled max input!!!!
schedule: 7 level30_2/ijon_max/7
updated maxmap 7: 5a0 (len: 659)
updated maxmap 7: 5b1 (len: 666)
updated maxmap 8: 5ac (len: 666)
updated maxmap 8: 5b0 (len: 666)
updated maxmap 6: 5b4 (len: 667)
updated maxmap 4: 595 (len: 659)
updated maxmap 8: 5b2 (len: 667)
[1;94m[*] [0mFuzzing test case #215 (1224 total, 0 uniq crashes found)...[0m
scheduled max input!!!!
schedule: 3 level30_2/ijon_max/3
[1;94m[*] [0mFuzzing test case #216 (1224 total, 0 uniq crashes found)...[0m
scheduled max input!!!!
schedule: 4 level30_2/ijon_max/4
updated maxmap 4: 596 (len: 659)
[1;94m[*] [0mFuzzing test case #217 (1225 total, 0 uniq crashes found)...[0m
scheduled max input!!!!
schedule: 10 level30_2/ijon_max/10
[1;94m[*] [0mFuzzing test case #218 (1225 total, 0 uniq crashes found)...[0m
scheduled max input!!!!
schedule: 7 level30_2/ijon_max/7
[1;94m[*] [0mFuzzing test case #219 (1225 total, 0 uniq crashes found)...[0m
scheduled max input!!!!
schedule: 5 level30_2/ijon_max/5
[1;94m[*] [0mFuzzing test case #220 (1225 total, 0 uniq crashes found)...[0m
scheduled max input!!!!
schedule: 5 level30_2/ijon_max/5
[1;94m[*] [0mFuzzing test case #221 (1225 total, 0 uniq crashes found)...[0m
scheduled max input!!!!
schedule: 3 level30_2/ijon_max/3
updated maxmap 3: 50b (len: 620)
[1;94m[*] [0mFuzzing test case #222 (1225 total, 0 uniq crashes found)...[0m
scheduled max input!!!!
schedule: 10 level30_2/ijon_max/10
[1;94m[*] [0mFuzzing test case #223 (1225 total, 0 uniq crashes found)...[0m
[1;94m[*] [0mFuzzing test case #224 (1225 total, 0 uniq crashes found)...[0m
scheduled max input!!!!
schedule: 7 level30_2/ijon_max/7
[1;94m[*] [0mFuzzing test case #225 (1226 total, 0 uniq crashes found)...[0m
[1;94m[*] [0mFuzzing test case #226 (1226 total, 0 uniq crashes found)...[0m
[1;94m[*] [0mFuzzing test case #227 (1226 total, 0 uniq crashes found)...[0m
scheduled max input!!!!
schedule: 8 level30_2/ijon_max/8
updated maxmap 8: 5b3 (len: 667)
[1;94m[*] [0mFuzzing test case #228 (1226 total, 0 uniq crashes found)...[0m
scheduled max input!!!!
schedule: 0 level30_2/ijon_max/0
[1;94m[*] [0mFuzzing test case #229 (1226 total, 0 uniq crashes found)...[0m
scheduled max input!!!!
schedule: 11 level30_2/ijon_max/11
[1;94m[*] [0mFuzzing test case #230 (1226 total, 0 uniq crashes found)...[0m
[1;94m[*] [0mFuzzing test case #231 (1226 total, 0 uniq crashes found)...[0m
scheduled max input!!!!
schedule: 11 level30_2/ijon_max/11
[1;94m[*] [0mFuzzing test case #232 (1226 total, 0 uniq crashes found)...[0m
scheduled max input!!!!
schedule: 14 level30_2/ijon_max/14
[1;94m[*] [0mFuzzing test case #233 (1226 total, 0 uniq crashes found)...[0m
scheduled max input!!!!
schedule: 3 level30_2/ijon_max/3
[1;94m[*] [0mFuzzing test case #234 (1226 total, 0 uniq crashes found)...[0m
scheduled max input!!!!
schedule: 8 level30_2/ijon_max/8
[1;94m[*] [0mFuzzing test case #235 (1226 total, 0 uniq crashes found)...[0m
[1;94m[*] [0mFuzzing test case #236 (1226 total, 0 uniq crashes found)...[0m
scheduled max input!!!!
schedule: 15 level30_2/ijon_max/15
[1;94m[*] [0mFuzzing test case #237 (1226 total, 0 uniq crashes found)...[0m
scheduled max input!!!!
schedule: 13 level30_2/ijon_max/13
[1;94m[*] [0mFuzzing test case #238 (1226 total, 0 uniq crashes found)...[0m
[1;94m[*] [0mFuzzing test case #239 (1226 total, 0 uniq crashes found)...[0m
scheduled max input!!!!
schedule: 7 level30_2/ijon_max/7
[1;94m[*] [0mFuzzing test case #240 (1226 total, 0 uniq crashes found)...[0m
scheduled max input!!!!
schedule: 0 level30_2/ijon_max/0
[1;94m[*] [0mFuzzing test case #241 (1226 total, 0 uniq crashes found)...[0m
[1;94m[*] [0mFuzzing test case #242 (1226 total, 0 uniq crashes found)...[0m
scheduled max input!!!!
schedule: 9 level30_2/ijon_max/9
[1;94m[*] [0mFuzzing test case #243 (1226 total, 0 uniq crashes found)...[0m
scheduled max input!!!!
schedule: 6 level30_2/ijon_max/6
[1;94m[*] [0mFuzzing test case #244 (1226 total, 0 uniq crashes found)...[0m
scheduled max input!!!!
schedule: 7 level30_2/ijon_max/7
updated maxmap 7: 5b9 (len: 671)
updated maxmap 8: 5b6 (len: 671)
[1;94m[*] [0mFuzzing test case #245 (1227 total, 0 uniq crashes found)...[0m
scheduled max input!!!!
schedule: 13 level30_2/ijon_max/13
[1;94m[*] [0mFuzzing test case #246 (1227 total, 0 uniq crashes found)...[0m
scheduled max input!!!!
schedule: 6 level30_2/ijon_max/6
updated maxmap 6: 5c0 (len: 672)
[1;94m[*] [0mFuzzing test case #247 (1227 total, 0 uniq crashes found)...[0m
scheduled max input!!!!
schedule: 8 level30_2/ijon_max/8
[1;94m[*] [0mFuzzing test case #248 (1227 total, 0 uniq crashes found)...[0m
scheduled max input!!!!
schedule: 7 level30_2/ijon_max/7
[1;94m[*] [0mFuzzing test case #249 (1227 total, 0 uniq crashes found)...[0m
scheduled max input!!!!
schedule: 5 level30_2/ijon_max/5
updated maxmap 5: 5a3 (len: 660)
[1;94m[*] [0mFuzzing test case #250 (1227 total, 0 uniq crashes found)...[0m
scheduled max input!!!!
schedule: 7 level30_2/ijon_max/7
[1;94m[*] [0mFuzzing test case #251 (1227 total, 0 uniq crashes found)...[0m
scheduled max input!!!!
schedule: 4 level30_2/ijon_max/4
[1;94m[*] [0mFuzzing test case #252 (1227 total, 0 uniq crashes found)...[0m
scheduled max input!!!!
schedule: 12 level30_2/ijon_max/12
[1;94m[*] [0mFuzzing test case #253 (1227 total, 0 uniq crashes found)...[0m
scheduled max input!!!!
schedule: 14 level30_2/ijon_max/14
[1;94m[*] [0mFuzzing test case #254 (1227 total, 0 uniq crashes found)...[0m
scheduled max input!!!!
schedule: 7 level30_2/ijon_max/7
[1;94m[*] [0mFuzzing test case #255 (1227 total, 0 uniq crashes found)...[0m
scheduled max input!!!!
schedule: 3 level30_2/ijon_max/3
[1;94m[*] [0mFuzzing test case #256 (1227 total, 0 uniq crashes found)...[0m
scheduled max input!!!!
schedule: 9 level30_2/ijon_max/9
[1;94m[*] [0mFuzzing test case #257 (1227 total, 0 uniq crashes found)...[0m
[1;94m[*] [0mFuzzing test case #258 (1227 total, 0 uniq crashes found)...[0m
scheduled max input!!!!
schedule: 12 level30_2/ijon_max/12
[1;94m[*] [0mFuzzing test case #259 (1227 total, 0 uniq crashes found)...[0m
scheduled max input!!!!
schedule: 0 level30_2/ijon_max/0
[1;94m[*] [0mFuzzing test case #260 (1227 total, 0 uniq crashes found)...[0m
scheduled max input!!!!
schedule: 7 level30_2/ijon_max/7
[1;94m[*] [0mFuzzing test case #261 (1227 total, 0 uniq crashes found)...[0m
scheduled max input!!!!
schedule: 9 level30_2/ijon_max/9
[1;94m[*] [0mFuzzing test case #262 (1227 total, 0 uniq crashes found)...[0m
scheduled max input!!!!
schedule: 0 level30_2/ijon_max/0
[1;94m[*] [0mFuzzing test case #263 (1227 total, 0 uniq crashes found)...[0m
scheduled max input!!!!
schedule: 12 level30_2/ijon_max/12
[1;94m[*] [0mFuzzing test case #264 (1227 total, 0 uniq crashes found)...[0m
scheduled max input!!!!
schedule: 12 level30_2/ijon_max/12
[1;94m[*] [0mFuzzing test case #265 (1227 total, 0 uniq crashes found)...[0m
scheduled max input!!!!
schedule: 15 level30_2/ijon_max/15
[1;94m[*] [0mFuzzing test case #266 (1227 total, 0 uniq crashes found)...[0m
scheduled max input!!!!
schedule: 14 level30_2/ijon_max/14
[1;94m[*] [0mFuzzing test case #267 (1227 total, 0 uniq crashes found)...[0m
[1;94m[*] [0mFuzzing test case #268 (1227 total, 0 uniq crashes found)...[0m
scheduled max input!!!!
schedule: 6 level30_2/ijon_max/6
[1;94m[*] [0mFuzzing test case #269 (1227 total, 0 uniq crashes found)...[0m
scheduled max input!!!!
schedule: 10 level30_2/ijon_max/10
[1;94m[*] [0mFuzzing test case #270 (1227 total, 0 uniq crashes found)...[0m
[1;94m[*] [0mFuzzing test case #271 (1227 total, 0 uniq crashes found)...[0m
scheduled max input!!!!
schedule: 0 level30_2/ijon_max/0
[1;94m[*] [0mFuzzing test case #272 (1227 total, 0 uniq crashes found)...[0m
scheduled max input!!!!
schedule: 4 level30_2/ijon_max/4
[1;94m[*] [0mFuzzing test case #273 (1227 total, 0 uniq crashes found)...[0m
scheduled max input!!!!
schedule: 11 level30_2/ijon_max/11
[1;94m[*] [0mFuzzing test case #274 (1227 total, 0 uniq crashes found)...[0m
scheduled max input!!!!
schedule: 12 level30_2/ijon_max/12
[1;94m[*] [0mFuzzing test case #275 (1227 total, 0 uniq crashes found)...[0m
[1;94m[*] [0mFuzzing test case #276 (1227 total, 0 uniq crashes found)...[0m
[1;94m[*] [0mFuzzing test case #277 (1227 total, 0 uniq crashes found)...[0m
[1;94m[*] [0mFuzzing test case #278 (1227 total, 0 uniq crashes found)...[0m
scheduled max input!!!!
schedule: 13 level30_2/ijon_max/13
[1;94m[*] [0mFuzzing test case #279 (1227 total, 0 uniq crashes found)...[0m
scheduled max input!!!!
schedule: 7 level30_2/ijon_max/7
updated maxmap 8: 5b7 (len: 671)
updated maxmap 8: 5b8 (len: 671)
updated maxmap 7: 5ba (len: 671)
[1;94m[*] [0mFuzzing test case #280 (1227 total, 0 uniq crashes found)...[0m
scheduled max input!!!!
schedule: 9 level30_2/ijon_max/9
[1;94m[*] [0mFuzzing test case #281 (1227 total, 0 uniq crashes found)...[0m
scheduled max input!!!!
schedule: 6 level30_2/ijon_max/6
updated maxmap 6: 5c1 (len: 672)
[1;94m[*] [0mFuzzing test case #282 (1227 total, 0 uniq crashes found)...[0m
scheduled max input!!!!
schedule: 4 level30_2/ijon_max/4
[1;94m[*] [0mFuzzing test case #283 (1227 total, 0 uniq crashes found)...[0m
[1;94m[*] [0mFuzzing test case #284 (1227 total, 0 uniq crashes found)...[0m
scheduled max input!!!!
schedule: 9 level30_2/ijon_max/9
[1;94m[*] [0mFuzzing test case #285 (1227 total, 0 uniq crashes found)...[0m
scheduled max input!!!!
schedule: 10 level30_2/ijon_max/10
minimized maxmap 9: 531 (len: 620)
[1;94m[*] [0mFuzzing test case #286 (1227 total, 0 uniq crashes found)...[0m
scheduled max input!!!!
schedule: 8 level30_2/ijon_max/8
updated maxmap 8: 5b9 (len: 671)
[1;94m[*] [0mFuzzing test case #287 (1227 total, 0 uniq crashes found)...[0m
scheduled max input!!!!
schedule: 11 level30_2/ijon_max/11
[1;94m[*] [0mFuzzing test case #288 (1227 total, 0 uniq crashes found)...[0m
[1;94m[*] [0mFuzzing test case #289 (1227 total, 0 uniq crashes found)...[0m
scheduled max input!!!!
schedule: 13 level30_2/ijon_max/13
[1;94m[*] [0mFuzzing test case #290 (1227 total, 0 uniq crashes found)...[0m
[1;94m[*] [0mFuzzing test case #291 (1227 total, 0 uniq crashes found)...[0m
scheduled max input!!!!
schedule: 0 level30_2/ijon_max/0
[1;94m[*] [0mFuzzing test case #292 (1227 total, 0 uniq crashes found)...[0m
scheduled max input!!!!
schedule: 3 level30_2/ijon_max/3
[1;94m[*] [0mFuzzing test case #293 (1227 total, 0 uniq crashes found)...[0m
scheduled max input!!!!
schedule: 11 level30_2/ijon_max/11
[1;94m[*] [0mFuzzing test case #294 (1227 total, 0 uniq crashes found)...[0m
scheduled max input!!!!
schedule: 15 level30_2/ijon_max/15
[1;94m[*] [0mFuzzing test case #295 (1227 total, 0 uniq crashes found)...[0m
scheduled max input!!!!
schedule: 11 level30_2/ijon_max/11
[1;94m[*] [0mFuzzing test case #296 (1227 total, 0 uniq crashes found)...[0m
scheduled max input!!!!
schedule: 4 level30_2/ijon_max/4
[1;94m[*] [0mFuzzing test case #297 (1227 total, 0 uniq crashes found)...[0m
scheduled max input!!!!
schedule: 5 level30_2/ijon_max/5
[1;94m[*] [0mFuzzing test case #298 (1227 total, 0 uniq crashes found)...[0m
scheduled max input!!!!
schedule: 14 level30_2/ijon_max/14
[1;94m[*] [0mFuzzing test case #299 (1227 total, 0 uniq crashes found)...[0m
scheduled max input!!!!
schedule: 11 level30_2/ijon_max/11
[1;94m[*] [0mFuzzing test case #300 (1227 total, 0 uniq crashes found)...[0m
[1;94m[*] [0mFuzzing test case #301 (1227 total, 0 uniq crashes found)...[0m
scheduled max input!!!!
schedule: 8 level30_2/ijon_max/8
updated maxmap 6: 5c5 (len: 674)
[1;94m[*] [0mFuzzing test case #302 (1227 total, 0 uniq crashes found)...[0m
scheduled max input!!!!
schedule: 7 level30_2/ijon_max/7
[1;94m[*] [0mFuzzing test case #303 (1227 total, 0 uniq crashes found)...[0m
scheduled max input!!!!
schedule: 10 level30_2/ijon_max/10
[1;94m[*] [0mFuzzing test case #304 (1227 total, 0 uniq crashes found)...[0m
scheduled max input!!!!
schedule: 7 level30_2/ijon_max/7
updated maxmap 7: 5bb (len: 673)
[1;94m[*] [0mFuzzing test case #305 (1227 total, 0 uniq crashes found)...[0m
scheduled max input!!!!
schedule: 8 level30_2/ijon_max/8
[1;94m[*] [0mFuzzing test case #306 (1227 total, 0 uniq crashes found)...[0m
scheduled max input!!!!
schedule: 3 level30_2/ijon_max/3
[1;94m[*] [0mFuzzing test case #307 (1227 total, 0 uniq crashes found)...[0m
[1;94m[*] [0mFuzzing test case #308 (1227 total, 0 uniq crashes found)...[0m
scheduled max input!!!!
schedule: 15 level30_2/ijon_max/15
[1;94m[*] [0mFuzzing test case #309 (1227 total, 0 uniq crashes found)...[0m
[1;94m[*] [0mFuzzing test case #310 (1227 total, 0 uniq crashes found)...[0m
scheduled max input!!!!
schedule: 0 level30_2/ijon_max/0
[1;94m[*] [0mFuzzing test case #311 (1227 total, 0 uniq crashes found)...[0m
[1;94m[*] [0mFuzzing test case #312 (1227 total, 0 uniq crashes found)...[0m
scheduled max input!!!!
schedule: 10 level30_2/ijon_max/10
[1;94m[*] [0mFuzzing test case #313 (1227 total, 0 uniq crashes found)...[0m
scheduled max input!!!!
schedule: 3 level30_2/ijon_max/3
[1;94m[*] [0mFuzzing test case #314 (1227 total, 0 uniq crashes found)...[0m
scheduled max input!!!!
schedule: 3 level30_2/ijon_max/3
[1;94m[*] [0mFuzzing test case #315 (1227 total, 0 uniq crashes found)...[0m
scheduled max input!!!!
schedule: 12 level30_2/ijon_max/12
[1;94m[*] [0mFuzzing test case #316 (1227 total, 0 uniq crashes found)...[0m
scheduled max input!!!!
schedule: 8 level30_2/ijon_max/8
updated maxmap 8: 5ba (len: 672)
[1;94m[*] [0mFuzzing test case #317 (1227 total, 0 uniq crashes found)...[0m
[1;94m[*] [0mFuzzing test case #318 (1227 total, 0 uniq crashes found)...[0m
scheduled max input!!!!
schedule: 10 level30_2/ijon_max/10
[1;94m[*] [0mFuzzing test case #319 (1227 total, 0 uniq crashes found)...[0m
scheduled max input!!!!
schedule: 6 level30_2/ijon_max/6
updated maxmap 7: 5bc (len: 682)
updated maxmap 8: 5c0 (len: 674)
updated maxmap 6: 5d4 (len: 680)
[1;94m[*] [0mFuzzing test case #320 (1230 total, 0 uniq crashes found)...[0m
scheduled max input!!!!
schedule: 4 level30_2/ijon_max/4
[1;94m[*] [0mFuzzing test case #321 (1230 total, 0 uniq crashes found)...[0m
scheduled max input!!!!
schedule: 7 level30_2/ijon_max/7
updated maxmap 7: 5bd (len: 682)
updated maxmap 7: 5dc (len: 686)
updated maxmap 8: 5e1 (len: 686)
updated maxmap 5: 5a5 (len: 686)
[1;94m[*] [0mFuzzing test case #322 (1231 total, 0 uniq crashes found)...[0m
scheduled max input!!!!
schedule: 15 level30_2/ijon_max/15
[1;94m[*] [0mFuzzing test case #323 (1231 total, 0 uniq crashes found)...[0m
scheduled max input!!!!
schedule: 15 level30_2/ijon_max/15
[1;94m[*] [0mFuzzing test case #324 (1231 total, 0 uniq crashes found)...[0m
scheduled max input!!!!
schedule: 9 level30_2/ijon_max/9
[1;94m[*] [0mFuzzing test case #325 (1231 total, 0 uniq crashes found)...[0m
scheduled max input!!!!
schedule: 12 level30_2/ijon_max/12
[1;94m[*] [0mFuzzing test case #326 (1231 total, 0 uniq crashes found)...[0m
scheduled max input!!!!
schedule: 3 level30_2/ijon_max/3
[1;94m[*] [0mFuzzing test case #327 (1231 total, 0 uniq crashes found)...[0m
scheduled max input!!!!
schedule: 12 level30_2/ijon_max/12
[1;94m[*] [0mFuzzing test case #328 (1231 total, 0 uniq crashes found)...[0m
scheduled max input!!!!
schedule: 9 level30_2/ijon_max/9
[1;94m[*] [0mFuzzing test case #329 (1231 total, 0 uniq crashes found)...[0m
scheduled max input!!!!
schedule: 10 level30_2/ijon_max/10
[1;94m[*] [0mFuzzing test case #330 (1231 total, 0 uniq crashes found)...[0m
scheduled max input!!!!
schedule: 13 level30_2/ijon_max/13
[1;94m[*] [0mFuzzing test case #331 (1231 total, 0 uniq crashes found)...[0m
scheduled max input!!!!
schedule: 8 level30_2/ijon_max/8
updated maxmap 7: 5dd (len: 686)
updated maxmap 8: 5e4 (len: 689)
[1;94m[*] [0mFuzzing test case #332 (1231 total, 0 uniq crashes found)...[0m
scheduled max input!!!!
schedule: 11 level30_2/ijon_max/11
[1;94m[*] [0mFuzzing test case #333 (1231 total, 0 uniq crashes found)...[0m
scheduled max input!!!!
schedule: 12 level30_2/ijon_max/12
[1;94m[*] [0mFuzzing test case #334 (1231 total, 0 uniq crashes found)...[0m
[1;94m[*] [0mFuzzing test case #335 (1231 total, 0 uniq crashes found)...[0m
scheduled max input!!!!
schedule: 8 level30_2/ijon_max/8
updated maxmap 7: 5e3 (len: 689)
[1;94m[*] [0mFuzzing test case #336 (1231 total, 0 uniq crashes found)...[0m
[1;94m[*] [0mFuzzing test case #337 (1231 total, 0 uniq crashes found)...[0m
scheduled max input!!!!
schedule: 0 level30_2/ijon_max/0
[1;94m[*] [0mFuzzing test case #338 (1231 total, 0 uniq crashes found)...[0m
scheduled max input!!!!
schedule: 7 level30_2/ijon_max/7
updated maxmap 7: 5e4 (len: 689)
updated maxmap 7: 5e5 (len: 689)
updated maxmap 6: 5e8 (len: 700)
updated maxmap 7: 5f2 (len: 700)
updated maxmap 8: 603 (len: 700)
minimized maxmap 6: 5e8 (len: 689)
updated maxmap 6: 5e9 (len: 689)
[1;94m[*] [0mFuzzing test case #339 (1232 total, 0 uniq crashes found)...[0m
scheduled max input!!!!
schedule: 4 level30_2/ijon_max/4
[1;94m[*] [0mFuzzing test case #340 (1232 total, 0 uniq crashes found)...[0m
scheduled max input!!!!
schedule: 8 level30_2/ijon_max/8
updated maxmap 7: 5f3 (len: 700)
updated maxmap 6: 5ea (len: 700)
updated maxmap 7: 5f4 (len: 700)
updated maxmap 8: 604 (len: 700)
[1;94m[*] [0mFuzzing test case #341 (1232 total, 0 uniq crashes found)...[0m
scheduled max input!!!!
schedule: 12 level30_2/ijon_max/12
[1;94m[*] [0mFuzzing test case #342 (1232 total, 0 uniq crashes found)...[0m
scheduled max input!!!!
schedule: 5 level30_2/ijon_max/5
updated maxmap 5: 5a6 (len: 686)
updated maxmap 5: 5ad (len: 686)
updated maxmap 5: 5ae (len: 686)
updated maxmap 6: 5ec (len: 692)
updated maxmap 5: 5b1 (len: 686)
updated maxmap 4: 5ad (len: 691)
[1;94m[*] [0mFuzzing test case #343 (1234 total, 0 uniq crashes found)...[0m
scheduled max input!!!!
schedule: 4 level30_2/ijon_max/4
updated maxmap 4: 5b1 (len: 691)
updated maxmap 5: 5be (len: 691)
updated maxmap 4: 5b5 (len: 692)
updated maxmap 5: 5c1 (len: 692)
minimized maxmap 4: 5b5 (len: 691)
minimized maxmap 5: 5c1 (len: 691)
updated maxmap 4: 5be (len: 693)
updated maxmap 5: 5c8 (len: 693)
minimized maxmap 4: 5be (len: 691)
minimized maxmap 5: 5c8 (len: 691)
[1;94m[*] [0mFuzzing test case #344 (1234 total, 0 uniq crashes found)...[0m
scheduled max input!!!!
schedule: 13 level30_2/ijon_max/13
[1;94m[*] [0mFuzzing test case #345 (1234 total, 0 uniq crashes found)...[0m
scheduled max input!!!!
schedule: 3 level30_2/ijon_max/3
[1;94m[*] [0mFuzzing test case #346 (1234 total, 0 uniq crashes found)...[0m
scheduled max input!!!!
schedule: 12 level30_2/ijon_max/12
[1;94m[*] [0mFuzzing test case #347 (1234 total, 0 uniq crashes found)...[0m
scheduled max input!!!!
schedule: 3 level30_2/ijon_max/3
updated maxmap 2: 50a (len: 626)
updated maxmap 3: 517 (len: 626)
minimized maxmap 2: 50a (len: 620)
minimized maxmap 3: 517 (len: 620)
updated maxmap 2: 50b (len: 620)
[1;94m[*] [0mFuzzing test case #348 (1234 total, 0 uniq crashes found)...[0m
scheduled max input!!!!
schedule: 4 level30_2/ijon_max/4
updated maxmap 4: 5bf (len: 691)
updated maxmap 5: 5c9 (len: 691)
updated maxmap 4: 5c0 (len: 691)
updated maxmap 5: 5ca (len: 691)
updated maxmap 4: 5c1 (len: 691)
updated maxmap 5: 5cb (len: 691)
updated maxmap 6: 5ee (len: 691)
[1;94m[*] [0mFuzzing test case #349 (1234 total, 0 uniq crashes found)...[0m
scheduled max input!!!!
schedule: 13 level30_2/ijon_max/13
[1;94m[*] [0mFuzzing test case #350 (1234 total, 0 uniq crashes found)...[0m
scheduled max input!!!!
schedule: 0 level30_2/ijon_max/0
[1;94m[*] [0mFuzzing test case #351 (1234 total, 0 uniq crashes found)...[0m
scheduled max input!!!!
schedule: 9 level30_2/ijon_max/9
[1;94m[*] [0mFuzzing test case #352 (1234 total, 0 uniq crashes found)...[0m
scheduled max input!!!!
schedule: 12 level30_2/ijon_max/12
[1;94m[*] [0mFuzzing test case #353 (1234 total, 0 uniq crashes found)...[0m
scheduled max input!!!!
schedule: 9 level30_2/ijon_max/9
[1;94m[*] [0mFuzzing test case #354 (1234 total, 0 uniq crashes found)...[0m
scheduled max input!!!!
schedule: 12 level30_2/ijon_max/12
[1;94m[*] [0mFuzzing test case #355 (1234 total, 0 uniq crashes found)...[0m
[1;94m[*] [0mFuzzing test case #356 (1234 total, 0 uniq crashes found)...[0m
scheduled max input!!!!
schedule: 14 level30_2/ijon_max/14
[1;94m[*] [0mFuzzing test case #357 (1234 total, 0 uniq crashes found)...[0m
scheduled max input!!!!
schedule: 7 level30_2/ijon_max/7
[1;94m[*] [0mFuzzing test case #358 (1234 total, 0 uniq crashes found)...[0m
scheduled max input!!!!
schedule: 2 level30_2/ijon_max/2
[1;94m[*] [0mFuzzing test case #359 (1234 total, 0 uniq crashes found)...[0m
[1;94m[*] [0mFuzzing test case #360 (1234 total, 0 uniq crashes found)...[0m
scheduled max input!!!!
schedule: 12 level30_2/ijon_max/12
[1;94m[*] [0mFuzzing test case #361 (1234 total, 0 uniq crashes found)...[0m
scheduled max input!!!!
schedule: 12 level30_2/ijon_max/12
[1;94m[*] [0mFuzzing test case #362 (1234 total, 0 uniq crashes found)...[0m
[1;94m[*] [0mFuzzing test case #363 (1234 total, 0 uniq crashes found)...[0m
scheduled max input!!!!
schedule: 9 level30_2/ijon_max/9
[1;94m[*] [0mFuzzing test case #364 (1234 total, 0 uniq crashes found)...[0m
scheduled max input!!!!
schedule: 6 level30_2/ijon_max/6
updated maxmap 6: 5ef (len: 691)
updated maxmap 6: 5f6 (len: 699)
updated maxmap 7: 5ff (len: 699)
updated maxmap 9: 602 (len: 699)
[1;94m[*] [0mFuzzing test case #365 (1234 total, 0 uniq crashes found)...[0m
scheduled max input!!!!
schedule: 0 level30_2/ijon_max/0
[1;94m[*] [0mFuzzing test case #366 (1234 total, 0 uniq crashes found)...[0m
scheduled max input!!!!
schedule: 15 level30_2/ijon_max/15
[1;94m[*] [0mFuzzing test case #367 (1234 total, 0 uniq crashes found)...[0m
scheduled max input!!!!
schedule: 6 level30_2/ijon_max/6
updated maxmap 6: 5f7 (len: 699)
updated maxmap 7: 600 (len: 699)
updated maxmap 8: 609 (len: 702)
updated maxmap 4: 5c2 (len: 699)
updated maxmap 5: 5cc (len: 699)
[1;94m[*] [0mFuzzing test case #368 (1235 total, 0 uniq crashes found)...[0m
[1;94m[*] [0mFuzzing test case #369 (1235 total, 0 uniq crashes found)...[0m
scheduled max input!!!!
schedule: 14 level30_2/ijon_max/14
[1;94m[*] [0mFuzzing test case #370 (1235 total, 0 uniq crashes found)...[0m
scheduled max input!!!!
schedule: 12 level30_2/ijon_max/12
[1;94m[*] [0mFuzzing test case #371 (1235 total, 0 uniq crashes found)...[0m
scheduled max input!!!!
schedule: 13 level30_2/ijon_max/13
[1;94m[*] [0mFuzzing test case #372 (1235 total, 0 uniq crashes found)...[0m
scheduled max input!!!!
schedule: 14 level30_2/ijon_max/14
[1;94m[*] [0mFuzzing test case #373 (1235 total, 0 uniq crashes found)...[0m
scheduled max input!!!!
schedule: 5 level30_2/ijon_max/5
[1;94m[*] [0mFuzzing test case #374 (1235 total, 0 uniq crashes found)...[0m
[1;94m[*] [0mFuzzing test case #375 (1235 total, 0 uniq crashes found)...[0m
[1;94m[*] [0mFuzzing test case #376 (1235 total, 0 uniq crashes found)...[0m
[1;94m[*] [0mFuzzing test case #377 (1235 total, 0 uniq crashes found)...[0m
scheduled max input!!!!
schedule: 13 level30_2/ijon_max/13
[1;94m[*] [0mFuzzing test case #378 (1235 total, 0 uniq crashes found)...[0m
[1;94m[*] [0mFuzzing test case #379 (1235 total, 0 uniq crashes found)...[0m
scheduled max input!!!!
schedule: 2 level30_2/ijon_max/2
updated maxmap 2: 50c (len: 620)
updated maxmap 3: 518 (len: 620)
[1;94m[*] [0mFuzzing test case #380 (1235 total, 0 uniq crashes found)...[0m
scheduled max input!!!!
schedule: 2 level30_2/ijon_max/2
updated maxmap 3: 519 (len: 620)
[1;94m[*] [0mFuzzing test case #381 (1235 total, 0 uniq crashes found)...[0m
[1;94m[*] [0mFuzzing test case #382 (1235 total, 0 uniq crashes found)...[0m
scheduled max input!!!!
schedule: 7 level30_2/ijon_max/7
[1;94m[*] [0mFuzzing test case #383 (1235 total, 0 uniq crashes found)...[0m
scheduled max input!!!!
schedule: 10 level30_2/ijon_max/10
[1;94m[*] [0mFuzzing test case #384 (1235 total, 0 uniq crashes found)...[0m
scheduled max input!!!!
schedule: 8 level30_2/ijon_max/8
updated maxmap 6: 5fa (len: 702)
updated maxmap 7: 604 (len: 702)
updated maxmap 9: 612 (len: 706)
updated maxmap 3: 52d (len: 709)
updated maxmap 6: 604 (len: 709)
updated maxmap 7: 60e (len: 709)
updated maxmap 8: 618 (len: 709)
minimized maxmap 3: 52d (len: 702)
minimized maxmap 6: 604 (len: 702)
updated maxmap 9: 616 (len: 709)
updated maxmap 10: 618 (len: 709)
updated maxmap 3: 52e (len: 704)
updated maxmap 6: 605 (len: 704)
updated maxmap 9: 617 (len: 710)
updated maxmap 10: 619 (len: 710)
minimized maxmap 3: 52e (len: 703)
updated maxmap 6: 607 (len: 703)
updated maxmap 6: 60a (len: 707)
updated maxmap 7: 612 (len: 707)
minimized maxmap 3: 52e (len: 702)
updated maxmap 5: 5ff (len: 702)
updated maxmap 3: 53c (len: 707)
updated maxmap 6: 610 (len: 707)
updated maxmap 7: 613 (len: 707)
updated maxmap 9: 61a (len: 710)
[1;94m[*] [0mFuzzing test case #385 (1239 total, 0 uniq crashes found)...[0m
scheduled max input!!!!
schedule: 3 level30_2/ijon_max/3
updated maxmap 3: 53e (len: 707)
updated maxmap 6: 613 (len: 707)
updated maxmap 7: 615 (len: 707)
updated maxmap 4: 5e0 (len: 707)
[1;94m[*] [0mFuzzing test case #386 (1239 total, 0 uniq crashes found)...[0m
scheduled max input!!!!
schedule: 12 level30_2/ijon_max/12
[1;94m[*] [0mFuzzing test case #387 (1239 total, 0 uniq crashes found)...[0m
scheduled max input!!!!
schedule: 4 level30_2/ijon_max/4
updated maxmap 6: 61d (len: 715)
updated maxmap 7: 622 (len: 715)
[1;94m[*] [0mFuzzing test case #388 (1239 total, 0 uniq crashes found)...[0m
scheduled max input!!!!
schedule: 12 level30_2/ijon_max/12
[1;94m[*] [0mFuzzing test case #389 (1239 total, 0 uniq crashes found)...[0m
scheduled max input!!!!
schedule: 3 level30_2/ijon_max/3
minimized maxmap 10: 619 (len: 709)
[1;94m[*] [0mFuzzing test case #390 (1239 total, 0 uniq crashes found)...[0m
[1;94m[*] [0mFuzzing test case #391 (1239 total, 0 uniq crashes found)...[0m
scheduled max input!!!!
schedule: 9 level30_2/ijon_max/9
updated maxmap 9: 61b (len: 710)
updated maxmap 8: 619 (len: 710)
[1;94m[*] [0mFuzzing test case #392 (1239 total, 0 uniq crashes found)...[0m
scheduled max input!!!!
schedule: 3 level30_2/ijon_max/3
updated maxmap 9: 61c (len: 714)
updated maxmap 10: 61c (len: 714)
[1;94m[*] [0mFuzzing test case #393 (1239 total, 0 uniq crashes found)...[0m
scheduled max input!!!!
schedule: 2 level30_2/ijon_max/2
[1;94m[*] [0mFuzzing test case #394 (1240 total, 0 uniq crashes found)...[0m
scheduled max input!!!!
schedule: 9 level30_2/ijon_max/9
updated maxmap 11: 61c (len: 721)
updated maxmap 9: 61f (len: 714)
updated maxmap 10: 61e (len: 714)
updated maxmap 6: 61e (len: 714)
[1;94m[*] [0mFuzzing test case #395 (1240 total, 0 uniq crashes found)...[0m
scheduled max input!!!!
schedule: 6 level30_2/ijon_max/6
updated maxmap 11: 61d (len: 714)
updated maxmap 12: 61a (len: 721)
updated maxmap 5: 618 (len: 714)
updated maxmap 6: 620 (len: 714)
updated maxmap 5: 619 (len: 714)
updated maxmap 12: 61e (len: 717)
updated maxmap 11: 61e (len: 714)
updated maxmap 6: 621 (len: 714)
[1;94m[*] [0mFuzzing test case #396 (1241 total, 0 uniq crashes found)...[0m
scheduled max input!!!!
schedule: 10 level30_2/ijon_max/10
updated maxmap 8: 61a (len: 714)
[1;94m[*] [0mFuzzing test case #397 (1241 total, 0 uniq crashes found)...[0m
[1;94m[*] [0mFuzzing test case #398 (1241 total, 0 uniq crashes found)...[0m
scheduled max input!!!!
schedule: 8 level30_2/ijon_max/8
updated maxmap 8: 61b (len: 714)
[1;94m[*] [0mFuzzing test case #399 (1241 total, 0 uniq crashes found)...[0m
[1;94m[*] [0mFuzzing test case #400 (1241 total, 0 uniq crashes found)...[0m
scheduled max input!!!!
schedule: 3 level30_2/ijon_max/3
[1;94m[*] [0mFuzzing test case #401 (1241 total, 0 uniq crashes found)...[0m
scheduled max input!!!!
schedule: 9 level30_2/ijon_max/9
[1;94m[*] [0mFuzzing test case #402 (1241 total, 0 uniq crashes found)...[0m
scheduled max input!!!!
schedule: 15 level30_2/ijon_max/15
[1;94m[*] [0mFuzzing test case #403 (1241 total, 0 uniq crashes found)...[0m
scheduled max input!!!!
schedule: 5 level30_2/ijon_max/5
[1;94m[*] [0mFuzzing test case #404 (1241 total, 0 uniq crashes found)...[0m
scheduled max input!!!!
schedule: 12 level30_2/ijon_max/12
updated maxmap 8: 61c (len: 724)
updated maxmap 13: 61d (len: 725)
[1;94m[*] [0mFuzzing test case #405 (1241 total, 0 uniq crashes found)...[0m
scheduled max input!!!!
schedule: 5 level30_2/ijon_max/5
updated maxmap 6: 625 (len: 716)
updated maxmap 7: 62e (len: 722)
updated maxmap 8: 61e (len: 721)
[1;94m[*] [0mFuzzing test case #406 (1243 total, 0 uniq crashes found)...[0m
scheduled max input!!!!
schedule: 6 level30_2/ijon_max/6
updated maxmap 5: 638 (len: 724)
updated maxmap 6: 631 (len: 724)
[1;94m[*] [0mFuzzing test case #407 (1244 total, 0 uniq crashes found)...[0m
scheduled max input!!!!
schedule: 10 level30_2/ijon_max/10
[1;94m[*] [0mFuzzing test case #408 (1244 total, 0 uniq crashes found)...[0m
scheduled max input!!!!
schedule: 10 level30_2/ijon_max/10
minimized maxmap 12: 61e (len: 714)
[1;94m[*] [0mFuzzing test case #409 (1245 total, 0 uniq crashes found)...[0m
[1;94m[*] [0mFuzzing test case #410 (1245 total, 0 uniq crashes found)...[0m
scheduled max input!!!!
schedule: 0 level30_2/ijon_max/0
[1;94m[*] [0mFuzzing test case #411 (1245 total, 0 uniq crashes found)...[0m
scheduled max input!!!!
schedule: 12 level30_2/ijon_max/12
minimized maxmap 13: 61d (len: 722)
updated maxmap 14: 61d (len: 722)
[1;94m[*] [0mFuzzing test case #412 (1245 total, 0 uniq crashes found)...[0m
scheduled max input!!!!
schedule: 0 level30_2/ijon_max/0
[1;94m[*] [0mFuzzing test case #413 (1245 total, 0 uniq crashes found)...[0m
scheduled max input!!!!
schedule: 9 level30_2/ijon_max/9
[1;94m[*] [0mFuzzing test case #414 (1245 total, 0 uniq crashes found)...[0m
scheduled max input!!!!
schedule: 12 level30_2/ijon_max/12
[1;94m[*] [0mFuzzing test case #415 (1245 total, 0 uniq crashes found)...[0m
scheduled max input!!!!
schedule: 9 level30_2/ijon_max/9
[1;94m[*] [0mFuzzing test case #416 (1245 total, 0 uniq crashes found)...[0m
scheduled max input!!!!
schedule: 9 level30_2/ijon_max/9
[1;94m[*] [0mFuzzing test case #417 (1245 total, 0 uniq crashes found)...[0m
scheduled max input!!!!
schedule: 4 level30_2/ijon_max/4
[1;94m[*] [0mFuzzing test case #418 (1245 total, 0 uniq crashes found)...[0m
scheduled max input!!!!
schedule: 15 level30_2/ijon_max/15
[1;94m[*] [0mFuzzing test case #419 (1245 total, 0 uniq crashes found)...[0m
scheduled max input!!!!
schedule: 15 level30_2/ijon_max/15
[1;94m[*] [0mFuzzing test case #420 (1245 total, 0 uniq crashes found)...[0m
scheduled max input!!!!
schedule: 10 level30_2/ijon_max/10
[1;94m[*] [0mFuzzing test case #421 (1245 total, 0 uniq crashes found)...[0m
scheduled max input!!!!
schedule: 2 level30_2/ijon_max/2
[1;94m[*] [0mFuzzing test case #422 (1245 total, 0 uniq crashes found)...[0m
scheduled max input!!!!
schedule: 14 level30_2/ijon_max/14
[1;94m[*] [0mFuzzing test case #423 (1245 total, 0 uniq crashes found)...[0m
scheduled max input!!!!
schedule: 3 level30_2/ijon_max/3
[1;94m[*] [0mFuzzing test case #424 (1245 total, 0 uniq crashes found)...[0m
scheduled max input!!!!
schedule: 11 level30_2/ijon_max/11
updated maxmap 7: 631 (len: 721)
[1;94m[*] [0mFuzzing test case #425 (1246 total, 0 uniq crashes found)...[0m
scheduled max input!!!!
schedule: 12 level30_2/ijon_max/12
updated maxmap 8: 61f (len: 714)
[1;94m[*] [0mFuzzing test case #426 (1246 total, 0 uniq crashes found)...[0m
scheduled max input!!!!
schedule: 12 level30_2/ijon_max/12
[1;94m[*] [0mFuzzing test case #427 (1246 total, 0 uniq crashes found)...[0m
scheduled max input!!!!
schedule: 8 level30_2/ijon_max/8
[1;94m[*] [0mFuzzing test case #428 (1246 total, 0 uniq crashes found)...[0m
scheduled max input!!!!
schedule: 6 level30_2/ijon_max/6
updated maxmap 5: 63f (len: 728)
updated maxmap 6: 639 (len: 728)
updated maxmap 7: 633 (len: 728)
minimized maxmap 7: 633 (len: 724)
[1;94m[*] [0mFuzzing test case #429 (1247 total, 0 uniq crashes found)...[0m
scheduled max input!!!!
schedule: 11 level30_2/ijon_max/11
[1;94m[*] [0mFuzzing test case #430 (1247 total, 0 uniq crashes found)...[0m
scheduled max input!!!!
schedule: 13 level30_2/ijon_max/13
updated maxmap 14: 61e (len: 722)
[1;94m[*] [0mFuzzing test case #431 (1247 total, 0 uniq crashes found)...[0m
scheduled max input!!!!
schedule: 0 level30_2/ijon_max/0
[1;94m[*] [0mFuzzing test case #432 (1247 total, 0 uniq crashes found)...[0m
scheduled max input!!!!
schedule: 15 level30_2/ijon_max/15
[1;94m[*] [0mFuzzing test case #433 (1247 total, 0 uniq crashes found)...[0m
scheduled max input!!!!
schedule: 9 level30_2/ijon_max/9
[1;94m[*] [0mFuzzing test case #434 (1247 total, 0 uniq crashes found)...[0m
scheduled max input!!!!
schedule: 5 level30_2/ijon_max/5
updated maxmap 5: 640 (len: 728)
updated maxmap 14: 61f (len: 734)
updated maxmap 4: 642 (len: 728)
updated maxmap 15: 61b (len: 728)
updated maxmap 5: 641 (len: 728)
updated maxmap 8: 620 (len: 728)
[1;94m[*] [0mFuzzing test case #435 (1248 total, 0 uniq crashes found)...[0m
scheduled max input!!!!
schedule: 11 level30_2/ijon_max/11
[1;94m[*] [0mFuzzing test case #436 (1248 total, 0 uniq crashes found)...[0m
scheduled max input!!!!
schedule: 9 level30_2/ijon_max/9
updated maxmap 10: 61f (len: 722)
[1;94m[*] [0mFuzzing test case #437 (1248 total, 0 uniq crashes found)...[0m
scheduled max input!!!!
schedule: 14 level30_2/ijon_max/14
updated maxmap 0: 620 (len: 734)
updated maxmap 15: 61f (len: 734)
updated maxmap 13: 620 (len: 734)
updated maxmap 14: 626 (len: 734)
updated maxmap 15: 62c (len: 734)
updated maxmap 0: 622 (len: 734)
[1;94m[*] [0mFuzzing test case #438 (1248 total, 0 uniq crashes found)...[0m
scheduled max input!!!!
schedule: 8 level30_2/ijon_max/8
updated maxmap 5: 642 (len: 728)
[1;94m[*] [0mFuzzing test case #439 (1248 total, 0 uniq crashes found)...[0m
scheduled max input!!!!
schedule: 6 level30_2/ijon_max/6
[1;94m[*] [0mFuzzing test case #440 (1248 total, 0 uniq crashes found)...[0m
scheduled max input!!!!
schedule: 5 level30_2/ijon_max/5
updated maxmap 5: 643 (len: 728)
[1;94m[*] [0mFuzzing test case #441 (1248 total, 0 uniq crashes found)...[0m
scheduled max input!!!!
schedule: 8 level30_2/ijon_max/8
[1;94m[*] [0mFuzzing test case #442 (1248 total, 0 uniq crashes found)...[0m
scheduled max input!!!!
schedule: 15 level30_2/ijon_max/15
[1;94m[*] [0mFuzzing test case #443 (1248 total, 0 uniq crashes found)...[0m
scheduled max input!!!!
schedule: 9 level30_2/ijon_max/9
[1;94m[*] [0mFuzzing test case #444 (1248 total, 0 uniq crashes found)...[0m
scheduled max input!!!!
schedule: 3 level30_2/ijon_max/3
[1;94m[*] [0mFuzzing test case #445 (1248 total, 0 uniq crashes found)...[0m
scheduled max input!!!!
schedule: 12 level30_2/ijon_max/12
[1;94m[*] [0mFuzzing test case #446 (1248 total, 0 uniq crashes found)...[0m
scheduled max input!!!!
schedule: 14 level30_2/ijon_max/14
updated maxmap 0: 623 (len: 734)
[1;94m[*] [0mFuzzing test case #447 (1249 total, 0 uniq crashes found)...[0m
scheduled max input!!!!
schedule: 2 level30_2/ijon_max/2
[1;94m[*] [0mFuzzing test case #448 (1249 total, 0 uniq crashes found)...[0m
scheduled max input!!!!
schedule: 5 level30_2/ijon_max/5
[1;94m[*] [0mFuzzing test case #449 (1249 total, 0 uniq crashes found)...[0m
scheduled max input!!!!
schedule: 4 level30_2/ijon_max/4
updated maxmap 4: 644 (len: 728)
updated maxmap 6: 63d (len: 728)
updated maxmap 7: 637 (len: 728)
[1;94m[*] [0mFuzzing test case #450 (1249 total, 0 uniq crashes found)...[0m
scheduled max input!!!!
schedule: 14 level30_2/ijon_max/14
updated maxmap 0: 62e (len: 742)
[1;94m[*] [0mFuzzing test case #451 (1250 total, 0 uniq crashes found)...[0m
scheduled max input!!!!
schedule: 5 level30_2/ijon_max/5
[1;94m[*] [0mFuzzing test case #452 (1250 total, 0 uniq crashes found)...[0m
[1;94m[*] [0mFuzzing test case #453 (1250 total, 0 uniq crashes found)...[0m
scheduled max input!!!!
schedule: 13 level30_2/ijon_max/13
[1;94m[*] [0mFuzzing test case #454 (1250 total, 0 uniq crashes found)...[0m
scheduled max input!!!!
schedule: 9 level30_2/ijon_max/9
[1;94m[*] [0mFuzzing test case #455 (1250 total, 0 uniq crashes found)...[0m
[1;94m[*] [0mFuzzing test case #456 (1250 total, 0 uniq crashes found)...[0m
scheduled max input!!!!
schedule: 4 level30_2/ijon_max/4
[1;94m[*] [0mFuzzing test case #457 (1250 total, 0 uniq crashes found)...[0m
scheduled max input!!!!
schedule: 11 level30_2/ijon_max/11
[1;94m[*] [0mFuzzing test case #458 (1250 total, 0 uniq crashes found)...[0m
scheduled max input!!!!
schedule: 4 level30_2/ijon_max/4
updated maxmap 4: 646 (len: 729)
[1;94m[*] [0mFuzzing test case #459 (1250 total, 0 uniq crashes found)...[0m
[1;94m[*] [0mFuzzing test case #460 (1250 total, 0 uniq crashes found)...[0m
scheduled max input!!!!
schedule: 0 level30_2/ijon_max/0
[1;94m[*] [0mFuzzing test case #461 (1250 total, 0 uniq crashes found)...[0m
scheduled max input!!!!
schedule: 11 level30_2/ijon_max/11
[1;94m[*] [0mFuzzing test case #462 (1250 total, 0 uniq crashes found)...[0m
scheduled max input!!!!
schedule: 11 level30_2/ijon_max/11
[1;94m[*] [0mFuzzing test case #463 (1250 total, 0 uniq crashes found)...[0m
scheduled max input!!!!
schedule: 2 level30_2/ijon_max/2
[1;94m[*] [0mFuzzing test case #464 (1250 total, 0 uniq crashes found)...[0m
scheduled max input!!!!
schedule: 8 level30_2/ijon_max/8
[1;94m[*] [0mFuzzing test case #465 (1250 total, 0 uniq crashes found)...[0m
scheduled max input!!!!
schedule: 10 level30_2/ijon_max/10
[1;94m[*] [0mFuzzing test case #466 (1250 total, 0 uniq crashes found)...[0m
scheduled max input!!!!
schedule: 12 level30_2/ijon_max/12
[1;94m[*] [0mFuzzing test case #467 (1250 total, 0 uniq crashes found)...[0m
scheduled max input!!!!
schedule: 14 level30_2/ijon_max/14
[1;94m[*] [0mFuzzing test case #468 (1250 total, 0 uniq crashes found)...[0m
[1;94m[*] [0mFuzzing test case #469 (1250 total, 0 uniq crashes found)...[0m
scheduled max input!!!!
schedule: 5 level30_2/ijon_max/5
updated maxmap 5: 645 (len: 736)
[1;94m[*] [0mFuzzing test case #470 (1250 total, 0 uniq crashes found)...[0m
[1;94m[*] [0mFuzzing test case #471 (1250 total, 0 uniq crashes found)...[0m
scheduled max input!!!!
schedule: 14 level30_2/ijon_max/14
[1;94m[*] [0mFuzzing test case #472 (1250 total, 0 uniq crashes found)...[0m
scheduled max input!!!!
schedule: 6 level30_2/ijon_max/6
updated maxmap 7: 640 (len: 728)
updated maxmap 6: 63e (len: 728)
[1;94m[*] [0mFuzzing test case #473 (1250 total, 0 uniq crashes found)...[0m
scheduled max input!!!!
schedule: 12 level30_2/ijon_max/12
[1;94m[*] [0mFuzzing test case #474 (1251 total, 0 uniq crashes found)...[0m
scheduled max input!!!!
schedule: 12 level30_2/ijon_max/12
[1;94m[*] [0mFuzzing test case #475 (1251 total, 0 uniq crashes found)...[0m
[1;94m[*] [0mFuzzing test case #476 (1251 total, 0 uniq crashes found)...[0m
scheduled max input!!!!
schedule: 10 level30_2/ijon_max/10
[1;94m[*] [0mFuzzing test case #477 (1251 total, 0 uniq crashes found)...[0m
[1;94m[*] [0mFuzzing test case #478 (1251 total, 0 uniq crashes found)...[0m
[1;94m[*] [0mFuzzing test case #479 (1251 total, 0 uniq crashes found)...[0m
scheduled max input!!!!
schedule: 3 level30_2/ijon_max/3
[1;94m[*] [0mFuzzing test case #480 (1251 total, 0 uniq crashes found)...[0m
scheduled max input!!!!
schedule: 0 level30_2/ijon_max/0
[1;94m[*] [0mFuzzing test case #481 (1251 total, 0 uniq crashes found)...[0m
scheduled max input!!!!
schedule: 0 level30_2/ijon_max/0
[1;94m[*] [0mFuzzing test case #482 (1251 total, 0 uniq crashes found)...[0m
scheduled max input!!!!
schedule: 4 level30_2/ijon_max/4
[1;94m[*] [0mFuzzing test case #483 (1251 total, 0 uniq crashes found)...[0m
scheduled max input!!!!
schedule: 11 level30_2/ijon_max/11
[1;94m[*] [0mFuzzing test case #484 (1251 total, 0 uniq crashes found)...[0m
scheduled max input!!!!
schedule: 7 level30_2/ijon_max/7
updated maxmap 7: 641 (len: 729)
[1;94m[*] [0mFuzzing test case #485 (1251 total, 0 uniq crashes found)...[0m
scheduled max input!!!!
schedule: 15 level30_2/ijon_max/15
[1;94m[*] [0mFuzzing test case #486 (1251 total, 0 uniq crashes found)...[0m
[1;94m[*] [0mFuzzing test case #487 (1251 total, 0 uniq crashes found)...[0m
scheduled max input!!!!
schedule: 9 level30_2/ijon_max/9
[1;94m[*] [0mFuzzing test case #488 (1251 total, 0 uniq crashes found)...[0m
scheduled max input!!!!
schedule: 5 level30_2/ijon_max/5
updated maxmap 5: 651 (len: 736)
[1;94m[*] [0mFuzzing test case #489 (1251 total, 0 uniq crashes found)...[0m
scheduled max input!!!!
schedule: 8 level30_2/ijon_max/8
[1;94m[*] [0mFuzzing test case #490 (1251 total, 0 uniq crashes found)...[0m
scheduled max input!!!!
schedule: 14 level30_2/ijon_max/14
[1;94m[*] [0mFuzzing test case #491 (1251 total, 0 uniq crashes found)...[0m
[1;94m[*] [0mFuzzing test case #492 (1251 total, 0 uniq crashes found)...[0m
scheduled max input!!!!
schedule: 15 level30_2/ijon_max/15
[1;94m[*] [0mFuzzing test case #493 (1251 total, 0 uniq crashes found)...[0m
[1;94m[*] [0mFuzzing test case #494 (1251 total, 0 uniq crashes found)...[0m
[1;94m[*] [0mFuzzing test case #495 (1251 total, 0 uniq crashes found)...[0m
scheduled max input!!!!
schedule: 10 level30_2/ijon_max/10
[1;94m[*] [0mFuzzing test case #496 (1252 total, 0 uniq crashes found)...[0m
scheduled max input!!!!
schedule: 11 level30_2/ijon_max/11
[1;94m[*] [0mFuzzing test case #497 (1252 total, 0 uniq crashes found)...[0m
scheduled max input!!!!
schedule: 9 level30_2/ijon_max/9
[1;94m[*] [0mFuzzing test case #498 (1252 total, 0 uniq crashes found)...[0m
scheduled max input!!!!
schedule: 15 level30_2/ijon_max/15
[1;94m[*] [0mFuzzing test case #499 (1252 total, 0 uniq crashes found)...[0m
[1;94m[*] [0mFuzzing test case #500 (1252 total, 0 uniq crashes found)...[0m
scheduled max input!!!!
schedule: 6 level30_2/ijon_max/6
minimized maxmap 13: 620 (len: 733)
minimized maxmap 14: 626 (len: 733)
minimized maxmap 15: 62c (len: 733)
[1;94m[*] [0mFuzzing test case #501 (1252 total, 0 uniq crashes found)...[0m
scheduled max input!!!!
schedule: 13 level30_2/ijon_max/13
[1;94m[*] [0mFuzzing test case #502 (1252 total, 0 uniq crashes found)...[0m
scheduled max input!!!!
schedule: 13 level30_2/ijon_max/13
[1;94m[*] [0mFuzzing test case #503 (1252 total, 0 uniq crashes found)...[0m
[1;94m[*] [0mFuzzing test case #504 (1252 total, 0 uniq crashes found)...[0m
scheduled max input!!!!
schedule: 13 level30_2/ijon_max/13
minimized maxmap 0: 62e (len: 735)
[1;94m[*] [0mFuzzing test case #505 (1252 total, 0 uniq crashes found)...[0m
scheduled max input!!!!
schedule: 11 level30_2/ijon_max/11
[1;94m[*] [0mFuzzing test case #506 (1252 total, 0 uniq crashes found)...[0m
scheduled max input!!!!
schedule: 10 level30_2/ijon_max/10
[1;94m[*] [0mFuzzing test case #507 (1252 total, 0 uniq crashes found)...[0m
scheduled max input!!!!
schedule: 5 level30_2/ijon_max/5
updated maxmap 5: 652 (len: 736)
updated maxmap 5: 654 (len: 739)
updated maxmap 6: 659 (len: 739)
updated maxmap 5: 655 (len: 736)
updated maxmap 5: 657 (len: 736)
updated maxmap 4: 64f (len: 736)
updated maxmap 4: 651 (len: 740)
updated maxmap 5: 658 (len: 740)
updated maxmap 4: 652 (len: 736)
updated maxmap 4: 653 (len: 736)
updated maxmap 4: 654 (len: 736)
updated maxmap 4: 655 (len: 741)
updated maxmap 3: 64c (len: 736)
updated maxmap 6: 661 (len: 743)
updated maxmap 7: 665 (len: 743)
minimized maxmap 4: 655 (len: 740)
updated maxmap 4: 656 (len: 742)
[1;94m[*] [0mFuzzing test case #508 (1262 total, 0 uniq crashes found)...[0m
scheduled max input!!!!
schedule: 5 level30_2/ijon_max/5
updated maxmap 5: 65a (len: 740)
updated maxmap 5: 65b (len: 740)
updated maxmap 5: 65c (len: 740)
minimized maxmap 4: 656 (len: 740)
updated maxmap 5: 65d (len: 740)
updated maxmap 5: 65e (len: 748)
updated maxmap 6: 668 (len: 748)
updated maxmap 7: 670 (len: 748)
[1;94m[*] [0mFuzzing test case #509 (1262 total, 0 uniq crashes found)...[0m
scheduled max input!!!!
schedule: 8 level30_2/ijon_max/8
[1;94m[*] [0mFuzzing test case #510 (1262 total, 0 uniq crashes found)...[0m
scheduled max input!!!!
schedule: 4 level30_2/ijon_max/4
updated maxmap 4: 657 (len: 740)
minimized maxmap 5: 65e (len: 740)
updated maxmap 4: 658 (len: 740)
updated maxmap 5: 65f (len: 740)
updated maxmap 5: 660 (len: 740)
updated maxmap 4: 659 (len: 740)
[1;94m[*] [0mFuzzing test case #511 (1262 total, 0 uniq crashes found)...[0m
scheduled max input!!!!
schedule: 6 level30_2/ijon_max/6
updated maxmap 6: 66a (len: 748)
updated maxmap 7: 671 (len: 748)
updated maxmap 6: 674 (len: 748)
updated maxmap 6: 675 (len: 748)
updated maxmap 6: 679 (len: 750)
updated maxmap 7: 672 (len: 750)
updated maxmap 6: 67d (len: 752)
updated maxmap 7: 67b (len: 752)
updated maxmap 5: 675 (len: 748)
updated maxmap 4: 67b (len: 750)
updated maxmap 5: 676 (len: 750)
[1;94m[*] [0mFuzzing test case #512 (1264 total, 0 uniq crashes found)...[0m
scheduled max input!!!!
schedule: 6 level30_2/ijon_max/6
updated maxmap 5: 67c (len: 752)
[1;94m[*] [0mFuzzing test case #513 (1264 total, 0 uniq crashes found)...[0m
scheduled max input!!!!
schedule: 13 level30_2/ijon_max/13
[1;94m[*] [0mFuzzing test case #514 (1264 total, 0 uniq crashes found)...[0m
scheduled max input!!!!
schedule: 13 level30_2/ijon_max/13
[1;94m[*] [0mFuzzing test case #515 (1264 total, 0 uniq crashes found)...[0m
[1;94m[*] [0mFuzzing test case #516 (1264 total, 0 uniq crashes found)...[0m
scheduled max input!!!!
schedule: 7 level30_2/ijon_max/7
updated maxmap 5: 680 (len: 752)
[1;94m[*] [0mFuzzing test case #517 (1264 total, 0 uniq crashes found)...[0m
scheduled max input!!!!
schedule: 9 level30_2/ijon_max/9
[1;94m[*] [0mFuzzing test case #518 (1264 total, 0 uniq crashes found)...[0m
scheduled max input!!!!
schedule: 2 level30_2/ijon_max/2
[1;94m[*] [0mFuzzing test case #519 (1264 total, 0 uniq crashes found)...[0m
scheduled max input!!!!
schedule: 3 level30_2/ijon_max/3
updated maxmap 3: 64e (len: 736)
[1;94m[*] [0mFuzzing test case #520 (1264 total, 0 uniq crashes found)...[0m
scheduled max input!!!!
schedule: 7 level30_2/ijon_max/7
updated maxmap 4: 68c (len: 760)
updated maxmap 5: 694 (len: 760)
[1;94m[*] [0mFuzzing test case #521 (1264 total, 0 uniq crashes found)...[0m
scheduled max input!!!!
schedule: 7 level30_2/ijon_max/7
updated maxmap 6: 67e (len: 752)
updated maxmap 7: 67c (len: 752)
updated maxmap 6: 686 (len: 759)
updated maxmap 7: 684 (len: 759)
[1;94m[*] [0mFuzzing test case #522 (1264 total, 0 uniq crashes found)...[0m
scheduled max input!!!!
schedule: 11 level30_2/ijon_max/11
[1;94m[*] [0mFuzzing test case #523 (1264 total, 0 uniq crashes found)...[0m
[1;94m[*] [0mFuzzing test case #524 (1264 total, 0 uniq crashes found)...[0m
scheduled max input!!!!
schedule: 5 level30_2/ijon_max/5
[1;94m[*] [0mFuzzing test case #525 (1264 total, 0 uniq crashes found)...[0m
scheduled max input!!!!
schedule: 11 level30_2/ijon_max/11
[1;94m[*] [0mFuzzing test case #526 (1264 total, 0 uniq crashes found)...[0m
scheduled max input!!!!
schedule: 0 level30_2/ijon_max/0
[1;94m[*] [0mFuzzing test case #527 (1264 total, 0 uniq crashes found)...[0m
scheduled max input!!!!
schedule: 0 level30_2/ijon_max/0
[1;94m[*] [0mFuzzing test case #528 (1264 total, 0 uniq crashes found)...[0m
[1;94m[*] [0mFuzzing test case #529 (1264 total, 0 uniq crashes found)...[0m
scheduled max input!!!!
schedule: 8 level30_2/ijon_max/8
[1;94m[*] [0mFuzzing test case #530 (1264 total, 0 uniq crashes found)...[0m
scheduled max input!!!!
schedule: 15 level30_2/ijon_max/15
[1;94m[*] [0mFuzzing test case #531 (1264 total, 0 uniq crashes found)...[0m
scheduled max input!!!!
schedule: 3 level30_2/ijon_max/3
[1;94m[*] [0mFuzzing test case #532 (1264 total, 0 uniq crashes found)...[0m
scheduled max input!!!!
schedule: 3 level30_2/ijon_max/3
[1;94m[*] [0mFuzzing test case #533 (1264 total, 0 uniq crashes found)...[0m
scheduled max input!!!!
schedule: 13 level30_2/ijon_max/13
[1;94m[*] [0mFuzzing test case #534 (1264 total, 0 uniq crashes found)...[0m
[1;94m[*] [0mFuzzing test case #535 (1264 total, 0 uniq crashes found)...[0m
scheduled max input!!!!
schedule: 2 level30_2/ijon_max/2
[1;94m[*] [0mFuzzing test case #536 (1264 total, 0 uniq crashes found)...[0m
[1;94m[*] [0mFuzzing test case #537 (1264 total, 0 uniq crashes found)...[0m
scheduled max input!!!!
schedule: 0 level30_2/ijon_max/0
[1;94m[*] [0mFuzzing test case #538 (1264 total, 0 uniq crashes found)...[0m
scheduled max input!!!!
schedule: 6 level30_2/ijon_max/6
updated maxmap 6: 688 (len: 759)
updated maxmap 7: 686 (len: 759)
updated maxmap 6: 689 (len: 759)
updated maxmap 7: 687 (len: 759)
[1;94m[*] [0mFuzzing test case #539 (1265 total, 0 uniq crashes found)...[0m
[1;94m[*] [0mFuzzing test case #540 (1265 total, 0 uniq crashes found)...[0m
scheduled max input!!!!
schedule: 10 level30_2/ijon_max/10
[1;94m[*] [0mFuzzing test case #541 (1265 total, 0 uniq crashes found)...[0m
scheduled max input!!!!
schedule: 3 level30_2/ijon_max/3
[1;94m[*] [0mFuzzing test case #542 (1266 total, 0 uniq crashes found)...[0m
scheduled max input!!!!
schedule: 15 level30_2/ijon_max/15
[1;94m[*] [0mFuzzing test case #543 (1266 total, 0 uniq crashes found)...[0m
scheduled max input!!!!
schedule: 0 level30_2/ijon_max/0
[1;94m[*] [0mFuzzing test case #544 (1266 total, 0 uniq crashes found)...[0m
[1;94m[*] [0mFuzzing test case #545 (1266 total, 0 uniq crashes found)...[0m
scheduled max input!!!!
schedule: 2 level30_2/ijon_max/2
[1;94m[*] [0mFuzzing test case #546 (1266 total, 0 uniq crashes found)...[0m
[1;94m[*] [0mFuzzing test case #547 (1266 total, 0 uniq crashes found)...[0m
scheduled max input!!!!
schedule: 6 level30_2/ijon_max/6
updated maxmap 6: 68e (len: 762)
updated maxmap 7: 68b (len: 762)
updated maxmap 6: 692 (len: 762)
updated maxmap 7: 699 (len: 762)
minimized maxmap 6: 692 (len: 759)
updated maxmap 6: 693 (len: 759)
[1;94m[*] [0mFuzzing test case #548 (1267 total, 0 uniq crashes found)...[0m
[1;94m[*] [0mFuzzing test case #549 (1267 total, 0 uniq crashes found)...[0m
scheduled max input!!!!
schedule: 12 level30_2/ijon_max/12
[1;94m[*] [0mFuzzing test case #550 (1267 total, 0 uniq crashes found)...[0m
scheduled max input!!!!
schedule: 14 level30_2/ijon_max/14
[1;94m[*] [0mFuzzing test case #551 (1267 total, 0 uniq crashes found)...[0m
scheduled max input!!!!
schedule: 2 level30_2/ijon_max/2
[1;94m[*] [0mFuzzing test case #552 (1267 total, 0 uniq crashes found)...[0m
[1;94m[*] [0mFuzzing test case #553 (1267 total, 0 uniq crashes found)...[0m
scheduled max input!!!!
schedule: 5 level30_2/ijon_max/5
updated maxmap 5: 695 (len: 768)
updated maxmap 6: 69f (len: 768)
updated maxmap 7: 6a4 (len: 768)
[1;94m[*] [0mFuzzing test case #554 (1267 total, 0 uniq crashes found)...[0m
scheduled max input!!!!
schedule: 10 level30_2/ijon_max/10
[1;94m[*] [0mFuzzing test case #555 (1267 total, 0 uniq crashes found)...[0m
[1;94m[*] [0mFuzzing test case #556 (1267 total, 0 uniq crashes found)...[0m
[1;94m[*] [0mFuzzing test case #557 (1267 total, 0 uniq crashes found)...[0m
scheduled max input!!!!
schedule: 2 level30_2/ijon_max/2
[1;94m[*] [0mFuzzing test case #558 (1267 total, 0 uniq crashes found)...[0m
scheduled max input!!!!
schedule: 9 level30_2/ijon_max/9
[1;94m[*] [0mFuzzing test case #559 (1267 total, 0 uniq crashes found)...[0m
[1;94m[*] [0mFuzzing test case #560 (1267 total, 0 uniq crashes found)...[0m
scheduled max input!!!!
schedule: 2 level30_2/ijon_max/2
[1;94m[*] [0mFuzzing test case #561 (1267 total, 0 uniq crashes found)...[0m
scheduled max input!!!!
schedule: 6 level30_2/ijon_max/6
updated maxmap 5: 697 (len: 768)
updated maxmap 6: 6a1 (len: 768)
updated maxmap 7: 6a6 (len: 768)
updated maxmap 5: 698 (len: 768)
updated maxmap 6: 6a2 (len: 768)
updated maxmap 7: 6a7 (len: 768)
updated maxmap 7: 6ac (len: 773)
updated maxmap 8: 6b4 (len: 773)
[1;94m[*] [0mFuzzing test case #562 (1267 total, 0 uniq crashes found)...[0m
scheduled max input!!!!
schedule: 9 level30_2/ijon_max/9
[1;94m[*] [0mFuzzing test case #563 (1267 total, 0 uniq crashes found)...[0m
scheduled max input!!!!
schedule: 12 level30_2/ijon_max/12
[1;94m[*] [0mFuzzing test case #564 (1267 total, 0 uniq crashes found)...[0m
scheduled max input!!!!
schedule: 10 level30_2/ijon_max/10
[1;94m[*] [0mFuzzing test case #565 (1267 total, 0 uniq crashes found)...[0m
scheduled max input!!!!
schedule: 12 level30_2/ijon_max/12
[1;94m[*] [0mFuzzing test case #566 (1267 total, 0 uniq crashes found)...[0m
scheduled max input!!!!
schedule: 10 level30_2/ijon_max/10
[1;94m[*] [0mFuzzing test case #567 (1268 total, 0 uniq crashes found)...[0m
scheduled max input!!!!
schedule: 2 level30_2/ijon_max/2
[1;94m[*] [0mFuzzing test case #568 (1268 total, 0 uniq crashes found)...[0m
scheduled max input!!!!
schedule: 15 level30_2/ijon_max/15
[1;94m[*] [0mFuzzing test case #569 (1268 total, 0 uniq crashes found)...[0m
scheduled max input!!!!
schedule: 14 level30_2/ijon_max/14
[1;94m[*] [0mFuzzing test case #570 (1268 total, 0 uniq crashes found)...[0m
scheduled max input!!!!
schedule: 0 level30_2/ijon_max/0
[1;94m[*] [0mFuzzing test case #571 (1268 total, 0 uniq crashes found)...[0m
scheduled max input!!!!
schedule: 15 level30_2/ijon_max/15
[1;94m[*] [0mFuzzing test case #572 (1268 total, 0 uniq crashes found)...[0m
scheduled max input!!!!
schedule: 15 level30_2/ijon_max/15
[1;94m[*] [0mFuzzing test case #573 (1268 total, 0 uniq crashes found)...[0m
scheduled max input!!!!
schedule: 8 level30_2/ijon_max/8
updated maxmap 8: 6b6 (len: 776)
updated maxmap 9: 6bb (len: 776)
updated maxmap 5: 699 (len: 773)
updated maxmap 4: 68e (len: 780)
updated maxmap 5: 69a (len: 780)
updated maxmap 6: 6a4 (len: 780)
updated maxmap 7: 6ae (len: 780)
updated maxmap 8: 6b8 (len: 780)
minimized maxmap 4: 68e (len: 773)
minimized maxmap 5: 69a (len: 773)
minimized maxmap 6: 6a4 (len: 773)
[1;94m[*] [0mFuzzing test case #574 (1269 total, 0 uniq crashes found)...[0m
scheduled max input!!!!
schedule: 7 level30_2/ijon_max/7
updated maxmap 5: 69b (len: 780)
updated maxmap 6: 6a5 (len: 780)
updated maxmap 7: 6af (len: 780)
updated maxmap 8: 6b9 (len: 780)
updated maxmap 4: 68f (len: 780)
updated maxmap 9: 6bc (len: 780)
[1;94m[*] [0mFuzzing test case #575 (1269 total, 0 uniq crashes found)...[0m
scheduled max input!!!!
schedule: 9 level30_2/ijon_max/9
updated maxmap 4: 691 (len: 780)
updated maxmap 5: 69d (len: 780)
updated maxmap 6: 6a7 (len: 780)
updated maxmap 7: 6b1 (len: 780)
updated maxmap 8: 6bb (len: 780)
updated maxmap 9: 6bd (len: 780)
updated maxmap 4: 692 (len: 781)
updated maxmap 5: 69f (len: 781)
updated maxmap 6: 6a9 (len: 781)
updated maxmap 7: 6b3 (len: 781)
updated maxmap 8: 6bd (len: 781)
updated maxmap 9: 6bf (len: 781)
updated maxmap 10: 6c1 (len: 780)
updated maxmap 11: 6c3 (len: 780)
updated maxmap 4: 693 (len: 780)
minimized maxmap 5: 69f (len: 780)
minimized maxmap 6: 6a9 (len: 780)
minimized maxmap 7: 6b3 (len: 780)
minimized maxmap 8: 6bd (len: 780)
[1;94m[*] [0mFuzzing test case #576 (1269 total, 0 uniq crashes found)...[0m
[1;94m[*] [0mFuzzing test case #577 (1269 total, 0 uniq crashes found)...[0m
[1;94m[*] [0mFuzzing test case #578 (1269 total, 0 uniq crashes found)...[0m
scheduled max input!!!!
schedule: 7 level30_2/ijon_max/7
updated maxmap 5: 6a0 (len: 780)
updated maxmap 6: 6aa (len: 780)
updated maxmap 7: 6b4 (len: 780)
updated maxmap 8: 6be (len: 780)
updated maxmap 4: 694 (len: 780)
updated maxmap 5: 6a1 (len: 780)
updated maxmap 6: 6ab (len: 780)
updated maxmap 7: 6b5 (len: 780)
updated maxmap 8: 6bf (len: 780)
[1;94m[*] [0mFuzzing test case #579 (1270 total, 0 uniq crashes found)...[0m
scheduled max input!!!!
schedule: 7 level30_2/ijon_max/7
updated maxmap 9: 6c7 (len: 788)
updated maxmap 10: 6d1 (len: 788)
updated maxmap 4: 695 (len: 780)
updated maxmap 5: 6a2 (len: 780)
updated maxmap 4: 696 (len: 780)
updated maxmap 6: 6ac (len: 780)
updated maxmap 7: 6b6 (len: 780)
updated maxmap 8: 6c0 (len: 780)
[1;94m[*] [0mFuzzing test case #580 (1270 total, 0 uniq crashes found)...[0m
scheduled max input!!!!
schedule: 14 level30_2/ijon_max/14
[1;94m[*] [0mFuzzing test case #581 (1270 total, 0 uniq crashes found)...[0m
[1;94m[*] [0mFuzzing test case #582 (1270 total, 0 uniq crashes found)...[0m
scheduled max input!!!!
schedule: 3 level30_2/ijon_max/3
updated maxmap 2: 64b (len: 745)
[1;94m[*] [0mFuzzing test case #583 (1270 total, 0 uniq crashes found)...[0m
scheduled max input!!!!
schedule: 9 level30_2/ijon_max/9
updated maxmap 9: 6c8 (len: 788)
updated maxmap 10: 6d2 (len: 788)
updated maxmap 9: 6c9 (len: 788)
updated maxmap 10: 6d3 (len: 788)
[1;94m[*] [0mFuzzing test case #584 (1270 total, 0 uniq crashes found)...[0m
scheduled max input!!!!
schedule: 13 level30_2/ijon_max/13
[1;94m[*] [0mFuzzing test case #585 (1270 total, 0 uniq crashes found)...[0m
scheduled max input!!!!
schedule: 14 level30_2/ijon_max/14
[1;94m[*] [0mFuzzing test case #586 (1270 total, 0 uniq crashes found)...[0m
[1;94m[*] [0mFuzzing test case #587 (1270 total, 0 uniq crashes found)...[0m
scheduled max input!!!!
schedule: 15 level30_2/ijon_max/15
[1;94m[*] [0mFuzzing test case #588 (1270 total, 0 uniq crashes found)...[0m
scheduled max input!!!!
schedule: 12 level30_2/ijon_max/12
[1;94m[*] [0mFuzzing test case #589 (1270 total, 0 uniq crashes found)...[0m
scheduled max input!!!!
schedule: 14 level30_2/ijon_max/14
[1;94m[*] [0mFuzzing test case #590 (1270 total, 0 uniq crashes found)...[0m
scheduled max input!!!!
schedule: 11 level30_2/ijon_max/11
updated maxmap 11: 6c4 (len: 780)
[1;94m[*] [0mFuzzing test case #591 (1270 total, 0 uniq crashes found)...[0m
scheduled max input!!!!
schedule: 2 level30_2/ijon_max/2
updated maxmap 2: 64c (len: 745)
updated maxmap 2: 64d (len: 745)
[1;94m[*] [0mFuzzing test case #592 (1270 total, 0 uniq crashes found)...[0m
scheduled max input!!!!
schedule: 13 level30_2/ijon_max/13
[1;94m[*] [0mFuzzing test case #593 (1270 total, 0 uniq crashes found)...[0m
scheduled max input!!!!
schedule: 7 level30_2/ijon_max/7
updated maxmap 5: 6a3 (len: 780)
[1;94m[*] [0mFuzzing test case #594 (1270 total, 0 uniq crashes found)...[0m
[1;94m[*] [0mFuzzing test case #595 (1270 total, 0 uniq crashes found)...[0m
[1;94m[*] [0mFuzzing test case #596 (1270 total, 0 uniq crashes found)...[0m
scheduled max input!!!!
schedule: 15 level30_2/ijon_max/15
[1;94m[*] [0mFuzzing test case #597 (1270 total, 0 uniq crashes found)...[0m
scheduled max input!!!!
schedule: 9 level30_2/ijon_max/9
updated maxmap 11: 6cb (len: 788)
updated maxmap 12: 6d5 (len: 788)
updated maxmap 13: 6d7 (len: 788)
updated maxmap 4: 698 (len: 791)
updated maxmap 5: 6a5 (len: 791)
updated maxmap 6: 6af (len: 791)
updated maxmap 7: 6b9 (len: 791)
updated maxmap 8: 6c3 (len: 791)
updated maxmap 9: 6cd (len: 791)
updated maxmap 10: 6d7 (len: 791)
minimized maxmap 4: 698 (len: 788)
minimized maxmap 5: 6a5 (len: 788)
minimized maxmap 6: 6af (len: 788)
minimized maxmap 7: 6b9 (len: 788)
minimized maxmap 8: 6c3 (len: 788)
minimized maxmap 9: 6cd (len: 788)
updated maxmap 4: 699 (len: 788)
updated maxmap 4: 69b (len: 788)
updated maxmap 5: 6a7 (len: 788)
updated maxmap 6: 6b1 (len: 788)
updated maxmap 7: 6bb (len: 788)
updated maxmap 8: 6c5 (len: 788)
updated maxmap 9: 6cf (len: 788)
updated maxmap 11: 6d2 (len: 788)
updated maxmap 5: 6b2 (len: 788)
updated maxmap 6: 6b8 (len: 788)
updated maxmap 4: 69c (len: 788)
updated maxmap 7: 6bc (len: 788)
updated maxmap 8: 6c6 (len: 788)
updated maxmap 9: 6d0 (len: 788)
updated maxmap 12: 6d6 (len: 788)
updated maxmap 10: 6d9 (len: 795)
updated maxmap 11: 6e3 (len: 795)
updated maxmap 4: 6af (len: 788)
updated maxmap 5: 6b9 (len: 788)
updated maxmap 6: 6c3 (len: 788)
updated maxmap 7: 6cd (len: 788)
updated maxmap 8: 6d4 (len: 788)
updated maxmap 9: 6d2 (len: 788)
updated maxmap 12: 6d8 (len: 788)
updated maxmap 13: 6e2 (len: 793)
updated maxmap 14: 6e7 (len: 793)
updated maxmap 9: 6d3 (len: 788)
updated maxmap 12: 6db (len: 796)
updated maxmap 13: 6e5 (len: 796)
updated maxmap 14: 6ea (len: 796)
updated maxmap 12: 6dc (len: 796)
updated maxmap 13: 6e6 (len: 796)
updated maxmap 10: 6dd (len: 793)
updated maxmap 9: 6d6 (len: 793)
updated maxmap 4: 6b1 (len: 788)
updated maxmap 5: 6bd (len: 788)
updated maxmap 6: 6c5 (len: 788)
updated maxmap 15: 62d (len: 793)
updated maxmap 4: 6b3 (len: 788)
updated maxmap 6: 6c7 (len: 788)
updated maxmap 5: 6c0 (len: 788)
updated maxmap 4: 6bc (len: 789)
updated maxmap 5: 6c6 (len: 789)
updated maxmap 6: 6cb (len: 789)
updated maxmap 10: 6e0 (len: 796)
updated maxmap 0: 62f (len: 794)
updated maxmap 15: 62e (len: 794)
minimized maxmap 0: 62f (len: 788)
[1;94m[*] [0mFuzzing test case #598 (1281 total, 0 uniq crashes found)...[0m
scheduled max input!!!!
schedule: 7 level30_2/ijon_max/7
[1;94m[*] [0mFuzzing test case #599 (1281 total, 0 uniq crashes found)...[0m
scheduled max input!!!!
schedule: 8 level30_2/ijon_max/8
updated maxmap 8: 6d5 (len: 788)
[1;94m[*] [0mFuzzing test case #600 (1281 total, 0 uniq crashes found)...[0m
scheduled max input!!!!
schedule: 9 level30_2/ijon_max/9
updated maxmap 9: 6d8 (len: 793)
[1;94m[*] [0mFuzzing test case #601 (1281 total, 0 uniq crashes found)...[0m
scheduled max input!!!!
schedule: 13 level30_2/ijon_max/13
updated maxmap 12: 6df (len: 796)
updated maxmap 13: 6e9 (len: 796)
updated maxmap 14: 6eb (len: 796)
updated maxmap 14: 6ec (len: 796)
updated maxmap 12: 6e0 (len: 796)
updated maxmap 13: 6ea (len: 796)
updated maxmap 14: 6ed (len: 796)
updated maxmap 12: 6e1 (len: 796)
updated maxmap 13: 6eb (len: 796)
updated maxmap 12: 6e6 (len: 799)
updated maxmap 13: 6f0 (len: 799)
updated maxmap 14: 6f2 (len: 799)
minimized maxmap 12: 6e6 (len: 796)
updated maxmap 12: 6e7 (len: 796)
[1;94m[*] [0mFuzzing test case #602 (1281 total, 0 uniq crashes found)...[0m
scheduled max input!!!!
schedule: 14 level30_2/ijon_max/14
[1;94m[*] [0mFuzzing test case #603 (1281 total, 0 uniq crashes found)...[0m
scheduled max input!!!!
schedule: 11 level30_2/ijon_max/11
updated maxmap 11: 6e4 (len: 795)
updated maxmap 11: 6e5 (len: 795)
updated maxmap 12: 6eb (len: 798)
[1;94m[*] [0mFuzzing test case #604 (1281 total, 0 uniq crashes found)...[0m
scheduled max input!!!!
schedule: 10 level30_2/ijon_max/10
updated maxmap 10: 6e1 (len: 796)
updated maxmap 10: 6e2 (len: 796)
[1;94m[*] [0mFuzzing test case #605 (1281 total, 0 uniq crashes found)...[0m
scheduled max input!!!!
schedule: 7 level30_2/ijon_max/7
[1;94m[*] [0mFuzzing test case #606 (1281 total, 0 uniq crashes found)...[0m
[1;94m[*] [0mFuzzing test case #607 (1281 total, 0 uniq crashes found)...[0m
scheduled max input!!!!
schedule: 7 level30_2/ijon_max/7
updated maxmap 0: 6f4 (len: 801)
updated maxmap 15: 6f2 (len: 801)
[1;94m[*] [0mFuzzing test case #608 (1282 total, 0 uniq crashes found)...[0m
scheduled max input!!!!
schedule: 10 level30_2/ijon_max/10
updated maxmap 3: 687 (len: 800)
updated maxmap 14: 6f3 (len: 800)
[1;94m[*] [0mFuzzing test case #609 (1282 total, 0 uniq crashes found)...[0m
[1;94m[*] [0mFuzzing test case #610 (1282 total, 0 uniq crashes found)...[0m
scheduled max input!!!!
schedule: 2 level30_2/ijon_max/2
[1;94m[*] [0mFuzzing test case #611 (1282 total, 0 uniq crashes found)...[0m
scheduled max input!!!!
schedule: 15 level30_2/ijon_max/15
updated maxmap 0: 6f5 (len: 801)
updated maxmap 15: 6f3 (len: 801)
updated maxmap 0: 6f8 (len: 801)
updated maxmap 15: 6f6 (len: 801)
[1;94m[*] [0mFuzzing test case #612 (1283 total, 0 uniq crashes found)...[0m
scheduled max input!!!!
schedule: 4 level30_2/ijon_max/4
updated maxmap 4: 6bd (len: 789)
updated maxmap 5: 6c7 (len: 789)
updated maxmap 6: 6cc (len: 789)
updated maxmap 4: 6be (len: 789)
updated maxmap 5: 6c8 (len: 789)
updated maxmap 6: 6cd (len: 789)
updated maxmap 4: 6bf (len: 789)
updated maxmap 5: 6c9 (len: 789)
updated maxmap 6: 6ce (len: 789)
[1;94m[*] [0mFuzzing test case #613 (1283 total, 0 uniq crashes found)...[0m
scheduled max input!!!!
schedule: 0 level30_2/ijon_max/0
[1;94m[*] [0mFuzzing test case #614 (1283 total, 0 uniq crashes found)...[0m
scheduled max input!!!!
schedule: 13 level30_2/ijon_max/13
updated maxmap 13: 6f2 (len: 803)
updated maxmap 14: 6f7 (len: 803)
updated maxmap 12: 6ec (len: 805)
updated maxmap 13: 6f6 (len: 805)
updated maxmap 14: 6fa (len: 805)
minimized maxmap 12: 6ec (len: 802)
updated maxmap 11: 6ec (len: 799)
minimized maxmap 12: 6ec (len: 799)
updated maxmap 12: 6ed (len: 799)
updated maxmap 14: 6fc (len: 807)
minimized maxmap 13: 6f6 (len: 804)
updated maxmap 15: 6fe (len: 807)
updated maxmap 14: 6fe (len: 807)
updated maxmap 15: 704 (len: 806)
minimized maxmap 13: 6f6 (len: 803)
updated maxmap 9: 6da (len: 799)
updated maxmap 10: 6e4 (len: 799)
updated maxmap 12: 6f0 (len: 804)
updated maxmap 13: 6f9 (len: 804)
minimized maxmap 12: 6f0 (len: 799)
updated maxmap 12: 6f1 (len: 799)
updated maxmap 8: 6d7 (len: 799)
updated maxmap 9: 6e1 (len: 799)
updated maxmap 10: 6f3 (len: 799)
updated maxmap 11: 6f0 (len: 799)
updated maxmap 7: 6ce (len: 803)
updated maxmap 8: 6d8 (len: 803)
updated maxmap 9: 6e2 (len: 803)
updated maxmap 14: 701 (len: 807)
[1;94m[*] [0mFuzzing test case #615 (1295 total, 0 uniq crashes found)...[0m
scheduled max input!!!!
schedule: 9 level30_2/ijon_max/9
updated maxmap 11: 6f1 (len: 804)
minimized maxmap 11: 6f1 (len: 803)
updated maxmap 7: 6cf (len: 810)
updated maxmap 8: 6d9 (len: 810)
updated maxmap 9: 6e3 (len: 810)
updated maxmap 10: 6f5 (len: 810)
updated maxmap 11: 6f2 (len: 810)
updated maxmap 7: 6d0 (len: 803)
updated maxmap 8: 6da (len: 803)
updated maxmap 9: 6e4 (len: 803)
updated maxmap 7: 6d1 (len: 803)
updated maxmap 8: 6db (len: 803)
updated maxmap 9: 6e5 (len: 803)
[1;94m[*] [0mFuzzing test case #616 (1295 total, 0 uniq crashes found)...[0m
scheduled max input!!!!
schedule: 8 level30_2/ijon_max/8
[1;94m[*] [0mFuzzing test case #617 (1295 total, 0 uniq crashes found)...[0m
scheduled max input!!!!
schedule: 11 level30_2/ijon_max/11
updated maxmap 10: 6f6 (len: 810)
updated maxmap 11: 6f3 (len: 810)
updated maxmap 7: 6d5 (len: 811)
updated maxmap 8: 6df (len: 811)
updated maxmap 9: 6e9 (len: 811)
updated maxmap 10: 6f9 (len: 811)
updated maxmap 11: 6f8 (len: 811)
minimized maxmap 7: 6d5 (len: 810)
minimized maxmap 8: 6df (len: 810)
minimized maxmap 9: 6e9 (len: 810)
minimized maxmap 11: 6f8 (len: 810)
updated maxmap 0: 6ff (len: 810)
[1;94m[*] [0mFuzzing test case #618 (1296 total, 0 uniq crashes found)...[0m
scheduled max input!!!!
schedule: 9 level30_2/ijon_max/9
updated maxmap 11: 6f9 (len: 811)
[1;94m[*] [0mFuzzing test case #619 (1296 total, 0 uniq crashes found)...[0m
[1;94m[*] [0mFuzzing test case #620 (1296 total, 0 uniq crashes found)...[0m
[1;94m[*] [0mFuzzing test case #621 (1296 total, 0 uniq crashes found)...[0m
scheduled max input!!!!
schedule: 4 level30_2/ijon_max/4
[1;94m[*] [0mFuzzing test case #622 (1296 total, 0 uniq crashes found)...[0m
scheduled max input!!!!
schedule: 15 level30_2/ijon_max/15
updated maxmap 0: 701 (len: 806)
updated maxmap 9: 704 (len: 806)
updated maxmap 10: 6ff (len: 806)
minimized maxmap 11: 6f9 (len: 806)
updated maxmap 15: 705 (len: 806)
updated maxmap 0: 70b (len: 810)
updated maxmap 15: 709 (len: 810)
[1;94m[*] [0mFuzzing test case #623 (1296 total, 0 uniq crashes found)...[0m
scheduled max input!!!!
schedule: 9 level30_2/ijon_max/9
updated maxmap 9: 70e (len: 810)
updated maxmap 10: 704 (len: 810)
updated maxmap 11: 6fd (len: 810)
minimized maxmap 10: 704 (len: 806)
minimized maxmap 11: 6fd (len: 806)
minimized maxmap 7: 6d5 (len: 806)
minimized maxmap 8: 6df (len: 806)
updated maxmap 10: 705 (len: 806)
updated maxmap 11: 6fe (len: 806)
updated maxmap 9: 718 (len: 814)
updated maxmap 7: 6d6 (len: 807)
updated maxmap 8: 6e0 (len: 807)
[1;94m[*] [0mFuzzing test case #624 (1296 total, 0 uniq crashes found)...[0m
scheduled max input!!!!
schedule: 13 level30_2/ijon_max/13
updated maxmap 13: 6fa (len: 804)
[1;94m[*] [0mFuzzing test case #625 (1296 total, 0 uniq crashes found)...[0m
scheduled max input!!!!
schedule: 6 level30_2/ijon_max/6
[1;94m[*] [0mFuzzing test case #626 (1296 total, 0 uniq crashes found)...[0m
[1;94m[*] [0mFuzzing test case #627 (1296 total, 0 uniq crashes found)...[0m
scheduled max input!!!!
schedule: 14 level30_2/ijon_max/14
updated maxmap 14: 702 (len: 807)
updated maxmap 0: 70f (len: 814)
updated maxmap 15: 70c (len: 814)
updated maxmap 0: 711 (len: 812)
updated maxmap 14: 704 (len: 812)
updated maxmap 15: 70e (len: 812)
minimized maxmap 14: 704 (len: 807)
[1;94m[*] [0mFuzzing test case #628 (1297 total, 0 uniq crashes found)...[0m
[1;94m[*] [0mFuzzing test case #629 (1297 total, 0 uniq crashes found)...[0m
scheduled max input!!!!
schedule: 9 level30_2/ijon_max/9
updated maxmap 9: 719 (len: 814)
updated maxmap 9: 71a (len: 814)
updated maxmap 7: 6d7 (len: 814)
updated maxmap 8: 6e1 (len: 814)
updated maxmap 9: 71b (len: 814)
[1;94m[*] [0mFuzzing test case #630 (1297 total, 0 uniq crashes found)...[0m
scheduled max input!!!!
schedule: 2 level30_2/ijon_max/2
[1;94m[*] [0mFuzzing test case #631 (1297 total, 0 uniq crashes found)...[0m
scheduled max input!!!!
schedule: 5 level30_2/ijon_max/5
updated maxmap 4: 6c0 (len: 789)
updated maxmap 5: 6ca (len: 789)
updated maxmap 6: 6cf (len: 789)
[1;94m[*] [0mFuzzing test case #632 (1297 total, 0 uniq crashes found)...[0m
scheduled max input!!!!
schedule: 0 level30_2/ijon_max/0
updated maxmap 3: 693 (len: 812)
[1;94m[*] [0mFuzzing test case #633 (1297 total, 0 uniq crashes found)...[0m
scheduled normal input!!!!
[1;94m[*] [0mFuzzing test case #634 (1297 total, 0 uniq crashes found)...[0m
[1;94m[*] [0mFuzzing test case #635 (1297 total, 0 uniq crashes found)...[0m
scheduled max input!!!!
schedule: 9 level30_2/ijon_max/9
[1;94m[*] [0mFuzzing test case #636 (1297 total, 0 uniq crashes found)...[0m
scheduled max input!!!!
schedule: 11 level30_2/ijon_max/11
updated maxmap 10: 706 (len: 806)
updated maxmap 11: 6ff (len: 806)
updated maxmap 10: 707 (len: 806)
minimized maxmap 7: 6d7 (len: 806)
minimized maxmap 8: 6e1 (len: 806)
updated maxmap 11: 700 (len: 806)
[1;94m[*] [0mFuzzing test case #637 (1297 total, 0 uniq crashes found)...[0m
[1;94m[*] [0mFuzzing test case #638 (1297 total, 0 uniq crashes found)...[0m
scheduled max input!!!!
schedule: 7 level30_2/ijon_max/7
[1;94m[*] [0mFuzzing test case #639 (1297 total, 0 uniq crashes found)...[0m
scheduled max input!!!!
schedule: 3 level30_2/ijon_max/3
updated maxmap 3: 694 (len: 812)
[1;94m[*] [0mFuzzing test case #640 (1297 total, 0 uniq crashes found)...[0m
[1;94m[*] [0mFuzzing test case #641 (1297 total, 0 uniq crashes found)...[0m
scheduled max input!!!!
schedule: 0 level30_2/ijon_max/0
[1;94m[*] [0mFuzzing test case #642 (1297 total, 0 uniq crashes found)...[0m
[1;94m[*] [0mFuzzing test case #643 (1297 total, 0 uniq crashes found)...[0m
[1;94m[*] [0mFuzzing test case #644 (1297 total, 0 uniq crashes found)...[0m
scheduled max input!!!!
schedule: 2 level30_2/ijon_max/2
[1;94m[*] [0mFuzzing test case #645 (1297 total, 0 uniq crashes found)...[0m
scheduled max input!!!!
schedule: 5 level30_2/ijon_max/5
updated maxmap 6: 6d4 (len: 797)
updated maxmap 7: 6de (len: 797)
updated maxmap 8: 6e3 (len: 797)
[1;94m[*] [0mFuzzing test case #646 (1297 total, 0 uniq crashes found)...[0m
scheduled max input!!!!
schedule: 8 level30_2/ijon_max/8
updated maxmap 8: 6e6 (len: 803)
[1;94m[*] [0mFuzzing test case #647 (1297 total, 0 uniq crashes found)...[0m
scheduled max input!!!!
schedule: 14 level30_2/ijon_max/14
[1;94m[*] [0mFuzzing test case #648 (1297 total, 0 uniq crashes found)...[0m
[1;94m[*] [0mFuzzing test case #649 (1297 total, 0 uniq crashes found)...[0m
scheduled max input!!!!
schedule: 0 level30_2/ijon_max/0
updated maxmap 3: 6a1 (len: 812)
updated maxmap 3: 6ab (len: 812)
[1;94m[*] [0mFuzzing test case #650 (1297 total, 0 uniq crashes found)...[0m
scheduled max input!!!!
schedule: 0 level30_2/ijon_max/0
[1;94m[*] [0mFuzzing test case #651 (1298 total, 0 uniq crashes found)...[0m
scheduled max input!!!!
schedule: 10 level30_2/ijon_max/10
[1;94m[*] [0mFuzzing test case #652 (1298 total, 0 uniq crashes found)...[0m
scheduled max input!!!!
schedule: 4 level30_2/ijon_max/4
minimized maxmap 6: 6d4 (len: 791)
[1;94m[*] [0mFuzzing test case #653 (1298 total, 0 uniq crashes found)...[0m
[1;94m[*] [0mFuzzing test case #654 (1298 total, 0 uniq crashes found)...[0m
[1;94m[*] [0mFuzzing test case #655 (1298 total, 0 uniq crashes found)...[0m
scheduled max input!!!!
schedule: 12 level30_2/ijon_max/12
[1;94m[*] [0mFuzzing test case #656 (1298 total, 0 uniq crashes found)...[0m
[1;94m[*] [0mFuzzing test case #657 (1298 total, 0 uniq crashes found)...[0m
scheduled max input!!!!
schedule: 12 level30_2/ijon_max/12
[1;94m[*] [0mFuzzing test case #658 (1298 total, 0 uniq crashes found)...[0m
[1;94m[*] [0mFuzzing test case #659 (1298 total, 0 uniq crashes found)...[0m
scheduled max input!!!!
schedule: 6 level30_2/ijon_max/6
[1;94m[*] [0mFuzzing test case #660 (1298 total, 0 uniq crashes found)...[0m
[1;94m[*] [0mFuzzing test case #661 (1298 total, 0 uniq crashes found)...[0m
scheduled max input!!!!
schedule: 9 level30_2/ijon_max/9
[1;94m[*] [0mFuzzing test case #662 (1298 total, 0 uniq crashes found)...[0m
scheduled max input!!!!
schedule: 13 level30_2/ijon_max/13
[1;94m[*] [0mFuzzing test case #663 (1298 total, 0 uniq crashes found)...[0m
scheduled max input!!!!
schedule: 14 level30_2/ijon_max/14
[1;94m[*] [0mFuzzing test case #664 (1298 total, 0 uniq crashes found)...[0m
scheduled max input!!!!
schedule: 13 level30_2/ijon_max/13
[1;94m[*] [0mFuzzing test case #665 (1298 total, 0 uniq crashes found)...[0m
scheduled max input!!!!
schedule: 11 level30_2/ijon_max/11
[1;94m[*] [0mFuzzing test case #666 (1298 total, 0 uniq crashes found)...[0m
[1;94m[*] [0mFuzzing test case #667 (1298 total, 0 uniq crashes found)...[0m
scheduled max input!!!!
schedule: 13 level30_2/ijon_max/13
[1;94m[*] [0mFuzzing test case #668 (1299 total, 0 uniq crashes found)...[0m
scheduled max input!!!!
schedule: 4 level30_2/ijon_max/4
[1;94m[*] [0mFuzzing test case #669 (1299 total, 0 uniq crashes found)...[0m
scheduled max input!!!!
schedule: 10 level30_2/ijon_max/10
updated maxmap 8: 71a (len: 814)
[1;94m[*] [0mFuzzing test case #670 (1299 total, 0 uniq crashes found)...[0m
scheduled max input!!!!
schedule: 13 level30_2/ijon_max/13
[1;94m[*] [0mFuzzing test case #671 (1300 total, 0 uniq crashes found)...[0m
scheduled max input!!!!
schedule: 14 level30_2/ijon_max/14
[1;94m[*] [0mFuzzing test case #672 (1300 total, 0 uniq crashes found)...[0m
scheduled max input!!!!
schedule: 12 level30_2/ijon_max/12
[1;94m[*] [0mFuzzing test case #673 (1300 total, 0 uniq crashes found)...[0m
scheduled max input!!!!
schedule: 4 level30_2/ijon_max/4
[1;94m[*] [0mFuzzing test case #674 (1300 total, 0 uniq crashes found)...[0m
scheduled max input!!!!
schedule: 8 level30_2/ijon_max/8
updated maxmap 8: 71b (len: 814)
updated maxmap 7: 719 (len: 814)
[1;94m[*] [0mFuzzing test case #675 (1300 total, 0 uniq crashes found)...[0m
scheduled max input!!!!
schedule: 14 level30_2/ijon_max/14
[1;94m[*] [0mFuzzing test case #676 (1300 total, 0 uniq crashes found)...[0m
scheduled max input!!!!
schedule: 4 level30_2/ijon_max/4
[1;94m[*] [0mFuzzing test case #677 (1300 total, 0 uniq crashes found)...[0m
[1;94m[*] [0mFuzzing test case #678 (1300 total, 0 uniq crashes found)...[0m
scheduled max input!!!!
schedule: 15 level30_2/ijon_max/15
[1;94m[*] [0mFuzzing test case #679 (1300 total, 0 uniq crashes found)...[0m
scheduled max input!!!!
schedule: 3 level30_2/ijon_max/3
[1;94m[*] [0mFuzzing test case #680 (1300 total, 0 uniq crashes found)...[0m
[1;94m[*] [0mFuzzing test case #681 (1300 total, 0 uniq crashes found)...[0m
scheduled max input!!!!
schedule: 12 level30_2/ijon_max/12
[1;94m[*] [0mFuzzing test case #682 (1300 total, 0 uniq crashes found)...[0m
scheduled max input!!!!
schedule: 13 level30_2/ijon_max/13
[1;94m[*] [0mFuzzing test case #683 (1300 total, 0 uniq crashes found)...[0m
scheduled max input!!!!
schedule: 15 level30_2/ijon_max/15
[1;94m[*] [0mFuzzing test case #684 (1300 total, 0 uniq crashes found)...[0m
scheduled max input!!!!
schedule: 9 level30_2/ijon_max/9
updated maxmap 9: 725 (len: 821)
updated maxmap 10: 72d (len: 821)
[1;94m[*] [0mFuzzing test case #685 (1300 total, 0 uniq crashes found)...[0m
scheduled max input!!!!
schedule: 4 level30_2/ijon_max/4
[1;94m[*] [0mFuzzing test case #686 (1300 total, 0 uniq crashes found)...[0m
scheduled max input!!!!
schedule: 6 level30_2/ijon_max/6
[1;94m[*] [0mFuzzing test case #687 (1300 total, 0 uniq crashes found)...[0m
scheduled max input!!!!
schedule: 0 level30_2/ijon_max/0
[1;94m[*] [0mFuzzing test case #688 (1301 total, 0 uniq crashes found)...[0m
scheduled max input!!!!
schedule: 10 level30_2/ijon_max/10
updated maxmap 9: 726 (len: 821)
updated maxmap 9: 734 (len: 827)
updated maxmap 10: 732 (len: 827)
updated maxmap 11: 72c (len: 827)
[1;94m[*] [0mFuzzing test case #689 (1301 total, 0 uniq crashes found)...[0m
scheduled max input!!!!
schedule: 4 level30_2/ijon_max/4
[1;94m[*] [0mFuzzing test case #690 (1301 total, 0 uniq crashes found)...[0m
scheduled max input!!!!
schedule: 15 level30_2/ijon_max/15
[1;94m[*] [0mFuzzing test case #691 (1301 total, 0 uniq crashes found)...[0m
scheduled max input!!!!
schedule: 4 level30_2/ijon_max/4
[1;94m[*] [0mFuzzing test case #692 (1301 total, 0 uniq crashes found)...[0m
scheduled max input!!!!
schedule: 14 level30_2/ijon_max/14
updated maxmap 3: 6ac (len: 811)
[1;94m[*] [0mFuzzing test case #693 (1301 total, 0 uniq crashes found)...[0m
[1;94m[*] [0mFuzzing test case #694 (1301 total, 0 uniq crashes found)...[0m
scheduled max input!!!!
schedule: 13 level30_2/ijon_max/13
[1;94m[*] [0mFuzzing test case #695 (1301 total, 0 uniq crashes found)...[0m
scheduled max input!!!!
schedule: 11 level30_2/ijon_max/11
updated maxmap 10: 733 (len: 827)
updated maxmap 11: 72d (len: 827)
updated maxmap 9: 735 (len: 827)
updated maxmap 10: 734 (len: 827)
[1;94m[*] [0mFuzzing test case #696 (1301 total, 0 uniq crashes found)...[0m
scheduled max input!!!!
schedule: 10 level30_2/ijon_max/10
updated maxmap 10: 736 (len: 827)
updated maxmap 11: 72f (len: 827)
[1;94m[*] [0mFuzzing test case #697 (1301 total, 0 uniq crashes found)...[0m
scheduled max input!!!!
schedule: 6 level30_2/ijon_max/6
[1;94m[*] [0mFuzzing test case #698 (1301 total, 0 uniq crashes found)...[0m
scheduled max input!!!!
schedule: 11 level30_2/ijon_max/11
updated maxmap 9: 739 (len: 827)
[1;94m[*] [0mFuzzing test case #699 (1301 total, 0 uniq crashes found)...[0m
scheduled max input!!!!
schedule: 5 level30_2/ijon_max/5
[1;94m[*] [0mFuzzing test case #700 (1301 total, 0 uniq crashes found)...[0m
scheduled max input!!!!
schedule: 5 level30_2/ijon_max/5
[1;94m[*] [0mFuzzing test case #701 (1301 total, 0 uniq crashes found)...[0m
scheduled max input!!!!
schedule: 5 level30_2/ijon_max/5
[1;94m[*] [0mFuzzing test case #702 (1301 total, 0 uniq crashes found)...[0m
scheduled max input!!!!
schedule: 10 level30_2/ijon_max/10
updated maxmap 10: 737 (len: 828)
updated maxmap 11: 730 (len: 828)
minimized maxmap 11: 730 (len: 827)
[1;94m[*] [0mFuzzing test case #703 (1301 total, 0 uniq crashes found)...[0m
scheduled max input!!!!
schedule: 5 level30_2/ijon_max/5
[1;94m[*] [0mFuzzing test case #704 (1303 total, 0 uniq crashes found)...[0m
[1;94m[*] [0mFuzzing test case #705 (1303 total, 0 uniq crashes found)...[0m
scheduled max input!!!!
schedule: 0 level30_2/ijon_max/0
[1;94m[*] [0mFuzzing test case #706 (1303 total, 0 uniq crashes found)...[0m
scheduled max input!!!!
schedule: 11 level30_2/ijon_max/11
updated maxmap 9: 747 (len: 834)
updated maxmap 10: 738 (len: 834)
[1;94m[*] [0mFuzzing test case #707 (1303 total, 0 uniq crashes found)...[0m
scheduled max input!!!!
schedule: 3 level30_2/ijon_max/3
updated maxmap 3: 6ad (len: 816)
updated maxmap 3: 6ae (len: 811)
updated maxmap 3: 6af (len: 811)
updated maxmap 3: 6b3 (len: 811)
updated maxmap 3: 6b4 (len: 811)
updated maxmap 3: 6b6 (len: 813)
[1;94m[*] [0mFuzzing test case #708 (1304 total, 0 uniq crashes found)...[0m
scheduled max input!!!!
schedule: 10 level30_2/ijon_max/10
[1;94m[*] [0mFuzzing test case #709 (1304 total, 0 uniq crashes found)...[0m
[1;94m[*] [0mFuzzing test case #710 (1304 total, 0 uniq crashes found)...[0m
scheduled max input!!!!
schedule: 9 level30_2/ijon_max/9
updated maxmap 9: 74b (len: 834)
updated maxmap 9: 74c (len: 835)
[1;94m[*] [0mFuzzing test case #711 (1304 total, 0 uniq crashes found)...[0m
[1;94m[*] [0mFuzzing test case #712 (1304 total, 0 uniq crashes found)...[0m
scheduled max input!!!!
schedule: 7 level30_2/ijon_max/7
updated maxmap 7: 71a (len: 816)
[1;94m[*] [0mFuzzing test case #713 (1304 total, 0 uniq crashes found)...[0m
scheduled max input!!!!
schedule: 13 level30_2/ijon_max/13
[1;94m[*] [0mFuzzing test case #714 (1305 total, 0 uniq crashes found)...[0m
[1;94m[*] [0mFuzzing test case #715 (1305 total, 0 uniq crashes found)...[0m
scheduled max input!!!!
schedule: 9 level30_2/ijon_max/9
updated maxmap 9: 74d (len: 835)
[1;94m[*] [0mFuzzing test case #716 (1305 total, 0 uniq crashes found)...[0m
scheduled max input!!!!
schedule: 0 level30_2/ijon_max/0
[1;94m[*] [0mFuzzing test case #717 (1305 total, 0 uniq crashes found)...[0m
scheduled max input!!!!
schedule: 6 level30_2/ijon_max/6
[1;94m[*] [0mFuzzing test case #718 (1305 total, 0 uniq crashes found)...[0m
scheduled max input!!!!
schedule: 10 level30_2/ijon_max/10
[1;94m[*] [0mFuzzing test case #719 (1305 total, 0 uniq crashes found)...[0m
scheduled max input!!!!
schedule: 0 level30_2/ijon_max/0
[1;94m[*] [0mFuzzing test case #720 (1305 total, 0 uniq crashes found)...[0m
scheduled max input!!!!
schedule: 12 level30_2/ijon_max/12
[1;94m[*] [0mFuzzing test case #721 (1305 total, 0 uniq crashes found)...[0m
scheduled max input!!!!
schedule: 15 level30_2/ijon_max/15
[1;94m[*] [0mFuzzing test case #722 (1305 total, 0 uniq crashes found)...[0m
[1;94m[*] [0mFuzzing test case #723 (1305 total, 0 uniq crashes found)...[0m
scheduled max input!!!!
schedule: 11 level30_2/ijon_max/11
updated maxmap 10: 739 (len: 833)
updated maxmap 11: 731 (len: 833)
minimized maxmap 11: 731 (len: 827)
minimized maxmap 10: 739 (len: 831)
updated maxmap 11: 733 (len: 827)
[1;94m[*] [0mFuzzing test case #724 (1305 total, 0 uniq crashes found)...[0m
scheduled max input!!!!
schedule: 15 level30_2/ijon_max/15
[1;94m[*] [0mFuzzing test case #725 (1305 total, 0 uniq crashes found)...[0m
scheduled max input!!!!
schedule: 8 level30_2/ijon_max/8
updated maxmap 7: 71e (len: 816)
[1;94m[*] [0mFuzzing test case #726 (1305 total, 0 uniq crashes found)...[0m
[1;94m[*] [0mFuzzing test case #727 (1305 total, 0 uniq crashes found)...[0m
scheduled max input!!!!
schedule: 11 level30_2/ijon_max/11
[1;94m[*] [0mFuzzing test case #728 (1305 total, 0 uniq crashes found)...[0m
scheduled max input!!!!
schedule: 5 level30_2/ijon_max/5
[1;94m[*] [0mFuzzing test case #729 (1305 total, 0 uniq crashes found)...[0m
scheduled max input!!!!
schedule: 6 level30_2/ijon_max/6
[1;94m[*] [0mFuzzing test case #730 (1305 total, 0 uniq crashes found)...[0m
scheduled max input!!!!
schedule: 12 level30_2/ijon_max/12
[1;94m[*] [0mFuzzing test case #731 (1305 total, 0 uniq crashes found)...[0m
scheduled max input!!!!
schedule: 4 level30_2/ijon_max/4
[1;94m[*] [0mFuzzing test case #732 (1305 total, 0 uniq crashes found)...[0m
scheduled max input!!!!
schedule: 5 level30_2/ijon_max/5
[1;94m[*] [0mFuzzing test case #733 (1305 total, 0 uniq crashes found)...[0m
scheduled max input!!!!
schedule: 9 level30_2/ijon_max/9
[1;94m[*] [0mFuzzing test case #734 (1305 total, 0 uniq crashes found)...[0m
scheduled max input!!!!
schedule: 10 level30_2/ijon_max/10
updated maxmap 10: 73a (len: 831)
[1;94m[*] [0mFuzzing test case #735 (1305 total, 0 uniq crashes found)...[0m
scheduled max input!!!!
schedule: 9 level30_2/ijon_max/9
updated maxmap 9: 750 (len: 843)
updated maxmap 10: 75f (len: 843)
updated maxmap 11: 75c (len: 843)
updated maxmap 9: 755 (len: 840)
updated maxmap 8: 74d (len: 835)
[1;94m[*] [0mFuzzing test case #736 (1306 total, 0 uniq crashes found)...[0m
scheduled max input!!!!
schedule: 6 level30_2/ijon_max/6
[1;94m[*] [0mFuzzing test case #737 (1306 total, 0 uniq crashes found)...[0m
scheduled max input!!!!
schedule: 5 level30_2/ijon_max/5
[1;94m[*] [0mFuzzing test case #738 (1306 total, 0 uniq crashes found)...[0m
scheduled max input!!!!
schedule: 5 level30_2/ijon_max/5
[1;94m[*] [0mFuzzing test case #739 (1306 total, 0 uniq crashes found)...[0m
scheduled max input!!!!
schedule: 8 level30_2/ijon_max/8
[1;94m[*] [0mFuzzing test case #740 (1306 total, 0 uniq crashes found)...[0m
scheduled max input!!!!
schedule: 0 level30_2/ijon_max/0
[1;94m[*] [0mFuzzing test case #741 (1306 total, 0 uniq crashes found)...[0m
[1;94m[*] [0mFuzzing test case #742 (1306 total, 0 uniq crashes found)...[0m
scheduled max input!!!!
schedule: 12 level30_2/ijon_max/12
[1;94m[*] [0mFuzzing test case #743 (1306 total, 0 uniq crashes found)...[0m
scheduled max input!!!!
schedule: 4 level30_2/ijon_max/4
[1;94m[*] [0mFuzzing test case #744 (1306 total, 0 uniq crashes found)...[0m
[1;94m[*] [0mFuzzing test case #745 (1306 total, 0 uniq crashes found)...[0m
scheduled max input!!!!
schedule: 3 level30_2/ijon_max/3
updated maxmap 3: 6b8 (len: 813)
[1;94m[*] [0mFuzzing test case #746 (1306 total, 0 uniq crashes found)...[0m
scheduled max input!!!!
schedule: 5 level30_2/ijon_max/5
updated maxmap 4: 6c1 (len: 789)
updated maxmap 5: 6cb (len: 789)
[1;94m[*] [0mFuzzing test case #747 (1306 total, 0 uniq crashes found)...[0m
[1;94m[*] [0mFuzzing test case #748 (1306 total, 0 uniq crashes found)...[0m
scheduled max input!!!!
schedule: 15 level30_2/ijon_max/15
[1;94m[*] [0mFuzzing test case #749 (1306 total, 0 uniq crashes found)...[0m
scheduled max input!!!!
schedule: 9 level30_2/ijon_max/9
updated maxmap 9: 758 (len: 840)
updated maxmap 9: 759 (len: 840)
updated maxmap 9: 75a (len: 840)
[1;94m[*] [0mFuzzing test case #750 (1306 total, 0 uniq crashes found)...[0m
scheduled max input!!!!
schedule: 15 level30_2/ijon_max/15
[1;94m[*] [0mFuzzing test case #751 (1307 total, 0 uniq crashes found)...[0m
scheduled max input!!!!
schedule: 7 level30_2/ijon_max/7
[1;94m[*] [0mFuzzing test case #752 (1307 total, 0 uniq crashes found)...[0m
scheduled max input!!!!
schedule: 14 level30_2/ijon_max/14
[1;94m[*] [0mFuzzing test case #753 (1307 total, 0 uniq crashes found)...[0m
scheduled max input!!!!
schedule: 3 level30_2/ijon_max/3
[1;94m[*] [0mFuzzing test case #754 (1307 total, 0 uniq crashes found)...[0m
scheduled max input!!!!
schedule: 8 level30_2/ijon_max/8
[1;94m[*] [0mFuzzing test case #755 (1307 total, 0 uniq crashes found)...[0m
scheduled max input!!!!
schedule: 4 level30_2/ijon_max/4
[1;94m[*] [0mFuzzing test case #756 (1307 total, 0 uniq crashes found)...[0m
scheduled max input!!!!
schedule: 14 level30_2/ijon_max/14
[1;94m[*] [0mFuzzing test case #757 (1307 total, 0 uniq crashes found)...[0m
scheduled max input!!!!
schedule: 3 level30_2/ijon_max/3
[1;94m[*] [0mFuzzing test case #758 (1307 total, 0 uniq crashes found)...[0m
[1;94m[*] [0mFuzzing test case #759 (1307 total, 0 uniq crashes found)...[0m
scheduled max input!!!!
schedule: 11 level30_2/ijon_max/11
updated maxmap 11: 75d (len: 843)
updated maxmap 10: 761 (len: 843)
updated maxmap 11: 75e (len: 843)
updated maxmap 9: 764 (len: 851)
updated maxmap 10: 773 (len: 851)
updated maxmap 11: 771 (len: 851)
updated maxmap 10: 774 (len: 851)
[1;94m[*] [0mFuzzing test case #760 (1308 total, 0 uniq crashes found)...[0m
[1;94m[*] [0mFuzzing test case #761 (1308 total, 0 uniq crashes found)...[0m
scheduled max input!!!!
schedule: 2 level30_2/ijon_max/2
[1;94m[*] [0mFuzzing test case #762 (1308 total, 0 uniq crashes found)...[0m
scheduled max input!!!!
schedule: 3 level30_2/ijon_max/3
[1;94m[*] [0mFuzzing test case #763 (1308 total, 0 uniq crashes found)...[0m
scheduled max input!!!!
schedule: 6 level30_2/ijon_max/6
[1;94m[*] [0mFuzzing test case #764 (1308 total, 0 uniq crashes found)...[0m
scheduled max input!!!!
schedule: 14 level30_2/ijon_max/14
[1;94m[*] [0mFuzzing test case #765 (1308 total, 0 uniq crashes found)...[0m
scheduled max input!!!!
schedule: 3 level30_2/ijon_max/3
[1;94m[*] [0mFuzzing test case #766 (1308 total, 0 uniq crashes found)...[0m
scheduled max input!!!!
schedule: 5 level30_2/ijon_max/5
[1;94m[*] [0mFuzzing test case #767 (1308 total, 0 uniq crashes found)...[0m
[1;94m[*] [0mFuzzing test case #768 (1308 total, 0 uniq crashes found)...[0m
[1;94m[*] [0mFuzzing test case #769 (1308 total, 0 uniq crashes found)...[0m
[1;94m[*] [0mFuzzing test case #770 (1308 total, 0 uniq crashes found)...[0m
[1;94m[*] [0mFuzzing test case #771 (1308 total, 0 uniq crashes found)...[0m
scheduled max input!!!!
schedule: 12 level30_2/ijon_max/12
[1;94m[*] [0mFuzzing test case #772 (1308 total, 0 uniq crashes found)...[0m
scheduled max input!!!!
schedule: 8 level30_2/ijon_max/8
updated maxmap 8: 752 (len: 839)
[1;94m[*] [0mFuzzing test case #773 (1308 total, 0 uniq crashes found)...[0m
scheduled max input!!!!
schedule: 9 level30_2/ijon_max/9
updated maxmap 9: 765 (len: 851)
updated maxmap 11: 772 (len: 851)
updated maxmap 8: 785 (len: 858)
updated maxmap 9: 77d (len: 858)
updated maxmap 10: 775 (len: 851)
updated maxmap 9: 783 (len: 859)
updated maxmap 7: 759 (len: 857)
updated maxmap 10: 779 (len: 857)
updated maxmap 11: 783 (len: 857)
updated maxmap 9: 786 (len: 859)
minimized maxmap 10: 779 (len: 854)
updated maxmap 10: 77b (len: 855)
[1;94m[*] [0mFuzzing test case #774 (1311 total, 0 uniq crashes found)...[0m
[1;94m[*] [0mFuzzing test case #775 (1311 total, 0 uniq crashes found)...[0m
scheduled max input!!!!
schedule: 11 level30_2/ijon_max/11
updated maxmap 7: 75a (len: 857)
updated maxmap 11: 784 (len: 857)
updated maxmap 12: 78e (len: 864)
updated maxmap 13: 795 (len: 864)
updated maxmap 11: 785 (len: 857)
updated maxmap 7: 75b (len: 857)
updated maxmap 7: 769 (len: 864)
updated maxmap 10: 78a (len: 864)
updated maxmap 11: 794 (len: 864)
updated maxmap 7: 76f (len: 862)
minimized maxmap 7: 76f (len: 858)
[1;94m[*] [0mFuzzing test case #776 (1312 total, 0 uniq crashes found)...[0m
scheduled max input!!!!
schedule: 8 level30_2/ijon_max/8
updated maxmap 8: 78c (len: 862)
[1;94m[*] [0mFuzzing test case #777 (1312 total, 0 uniq crashes found)...[0m
scheduled max input!!!!
schedule: 7 level30_2/ijon_max/7
updated maxmap 7: 770 (len: 858)
[1;94m[*] [0mFuzzing test case #778 (1312 total, 0 uniq crashes found)...[0m
scheduled max input!!!!
schedule: 13 level30_2/ijon_max/13
updated maxmap 12: 797 (len: 868)
updated maxmap 13: 79e (len: 868)
updated maxmap 9: 78b (len: 864)
[1;94m[*] [0mFuzzing test case #779 (1313 total, 0 uniq crashes found)...[0m
scheduled max input!!!!
schedule: 11 level30_2/ijon_max/11
updated maxmap 10: 78b (len: 864)
updated maxmap 11: 795 (len: 864)
updated maxmap 10: 78e (len: 866)
updated maxmap 11: 798 (len: 866)
updated maxmap 10: 78f (len: 864)
[1;94m[*] [0mFuzzing test case #780 (1313 total, 0 uniq crashes found)...[0m
scheduled max input!!!!
schedule: 2 level30_2/ijon_max/2
[1;94m[*] [0mFuzzing test case #781 (1313 total, 0 uniq crashes found)...[0m
scheduled max input!!!!
schedule: 12 level30_2/ijon_max/12
updated maxmap 14: 79d (len: 868)
[1;94m[*] [0mFuzzing test case #782 (1313 total, 0 uniq crashes found)...[0m
[1;94m[*] [0mFuzzing test case #783 (1313 total, 0 uniq crashes found)...[0m
scheduled max input!!!!
schedule: 4 level30_2/ijon_max/4
[1;94m[*] [0mFuzzing test case #784 (1313 total, 0 uniq crashes found)...[0m
scheduled max input!!!!
schedule: 0 level30_2/ijon_max/0
[1;94m[*] [0mFuzzing test case #785 (1313 total, 0 uniq crashes found)...[0m
scheduled max input!!!!
schedule: 5 level30_2/ijon_max/5
[1;94m[*] [0mFuzzing test case #786 (1313 total, 0 uniq crashes found)...[0m
[1;94m[*] [0mFuzzing test case #787 (1313 total, 0 uniq crashes found)...[0m
scheduled max input!!!!
schedule: 9 level30_2/ijon_max/9
updated maxmap 9: 78d (len: 864)
updated maxmap 8: 78d (len: 864)
[1;94m[*] [0mFuzzing test case #788 (1313 total, 0 uniq crashes found)...[0m
[1;94m[*] [0mFuzzing test case #789 (1313 total, 0 uniq crashes found)...[0m
scheduled max input!!!!
schedule: 11 level30_2/ijon_max/11
updated maxmap 11: 799 (len: 866)
updated maxmap 7: 775 (len: 871)
updated maxmap 10: 796 (len: 871)
updated maxmap 11: 7a0 (len: 871)
minimized maxmap 7: 775 (len: 866)
updated maxmap 12: 79a (len: 874)
updated maxmap 13: 7a3 (len: 874)
updated maxmap 14: 7a8 (len: 874)
updated maxmap 7: 776 (len: 866)
updated maxmap 12: 7a2 (len: 872)
[1;94m[*] [0mFuzzing test case #790 (1313 total, 0 uniq crashes found)...[0m
[1;94m[*] [0mFuzzing test case #791 (1313 total, 0 uniq crashes found)...[0m
scheduled max input!!!!
schedule: 4 level30_2/ijon_max/4
[1;94m[*] [0mFuzzing test case #792 (1313 total, 0 uniq crashes found)...[0m
[1;94m[*] [0mFuzzing test case #793 (1313 total, 0 uniq crashes found)...[0m
scheduled max input!!!!
schedule: 8 level30_2/ijon_max/8
updated maxmap 8: 78e (len: 864)
updated maxmap 9: 78f (len: 871)
updated maxmap 8: 78f (len: 866)
[1;94m[*] [0mFuzzing test case #794 (1314 total, 0 uniq crashes found)...[0m
scheduled max input!!!!
schedule: 11 level30_2/ijon_max/11
updated maxmap 12: 7a7 (len: 876)
updated maxmap 13: 7aa (len: 876)
updated maxmap 7: 778 (len: 873)
updated maxmap 10: 798 (len: 873)
updated maxmap 11: 7a2 (len: 873)
minimized maxmap 12: 7a7 (len: 873)
minimized maxmap 7: 778 (len: 871)
minimized maxmap 10: 798 (len: 871)
minimized maxmap 11: 7a2 (len: 871)
[1;94m[*] [0mFuzzing test case #795 (1315 total, 0 uniq crashes found)...[0m
scheduled max input!!!!
schedule: 9 level30_2/ijon_max/9
updated maxmap 9: 790 (len: 871)
[1;94m[*] [0mFuzzing test case #796 (1316 total, 0 uniq crashes found)...[0m
scheduled max input!!!!
schedule: 11 level30_2/ijon_max/11
[1;94m[*] [0mFuzzing test case #797 (1316 total, 0 uniq crashes found)...[0m
scheduled max input!!!!
schedule: 5 level30_2/ijon_max/5
updated maxmap 4: 6c2 (len: 789)
updated maxmap 5: 6cc (len: 789)
[1;94m[*] [0mFuzzing test case #798 (1316 total, 0 uniq crashes found)...[0m
scheduled max input!!!!
schedule: 4 level30_2/ijon_max/4
[1;94m[*] [0mFuzzing test case #799 (1316 total, 0 uniq crashes found)...[0m
scheduled max input!!!!
schedule: 15 level30_2/ijon_max/15
[1;94m[*] [0mFuzzing test case #800 (1316 total, 0 uniq crashes found)...[0m
scheduled max input!!!!
schedule: 11 level30_2/ijon_max/11
updated maxmap 13: 7ac (len: 877)
updated maxmap 15: 7a5 (len: 871)
[1;94m[*] [0mFuzzing test case #801 (1316 total, 0 uniq crashes found)...[0m
[1;94m[*] [0mFuzzing test case #802 (1316 total, 0 uniq crashes found)...[0m
scheduled max input!!!!
schedule: 8 level30_2/ijon_max/8
[1;94m[*] [0mFuzzing test case #803 (1316 total, 0 uniq crashes found)...[0m
scheduled max input!!!!
schedule: 12 level30_2/ijon_max/12
updated maxmap 15: 7aa (len: 874)
[1;94m[*] [0mFuzzing test case #804 (1316 total, 0 uniq crashes found)...[0m
scheduled max input!!!!
schedule: 7 level30_2/ijon_max/7
[1;94m[*] [0mFuzzing test case #805 (1316 total, 0 uniq crashes found)...[0m
scheduled max input!!!!
schedule: 8 level30_2/ijon_max/8
updated maxmap 6: 6d5 (len: 866)
[1;94m[*] [0mFuzzing test case #806 (1316 total, 0 uniq crashes found)...[0m
scheduled max input!!!!
schedule: 13 level30_2/ijon_max/13
updated maxmap 12: 7aa (len: 877)
updated maxmap 13: 7af (len: 877)
updated maxmap 13: 7b2 (len: 883)
updated maxmap 14: 7bc (len: 883)
updated maxmap 0: 7b9 (len: 885)
updated maxmap 15: 7b6 (len: 885)
updated maxmap 0: 7bb (len: 886)
updated maxmap 15: 7b8 (len: 886)
updated maxmap 12: 7ab (len: 877)
[1;94m[*] [0mFuzzing test case #807 (1317 total, 0 uniq crashes found)...[0m
[1;94m[*] [0mFuzzing test case #808 (1317 total, 0 uniq crashes found)...[0m
scheduled max input!!!!
schedule: 9 level30_2/ijon_max/9
[1;94m[*] [0mFuzzing test case #809 (1318 total, 0 uniq crashes found)...[0m
scheduled max input!!!!
schedule: 2 level30_2/ijon_max/2
[1;94m[*] [0mFuzzing test case #810 (1318 total, 0 uniq crashes found)...[0m
scheduled max input!!!!
schedule: 2 level30_2/ijon_max/2
[1;94m[*] [0mFuzzing test case #811 (1318 total, 0 uniq crashes found)...[0m
[1;94m[*] [0mFuzzing test case #812 (1318 total, 0 uniq crashes found)...[0m
scheduled max input!!!!
schedule: 9 level30_2/ijon_max/9
[1;94m[*] [0mFuzzing test case #813 (1318 total, 0 uniq crashes found)...[0m
scheduled max input!!!!
schedule: 12 level30_2/ijon_max/12
updated maxmap 4: 6c7 (len: 877)
updated maxmap 5: 6d1 (len: 877)
updated maxmap 6: 6db (len: 877)
updated maxmap 7: 77a (len: 877)
updated maxmap 10: 79a (len: 877)
updated maxmap 11: 7a4 (len: 877)
updated maxmap 12: 7ae (len: 877)
updated maxmap 13: 7b3 (len: 877)
updated maxmap 13: 7b5 (len: 883)
updated maxmap 14: 7bf (len: 883)
updated maxmap 13: 7b8 (len: 885)
updated maxmap 14: 7c1 (len: 885)
updated maxmap 15: 7c6 (len: 885)
updated maxmap 7: 77c (len: 877)
updated maxmap 7: 781 (len: 882)
updated maxmap 0: 7bf (len: 885)
[1;94m[*] [0mFuzzing test case #814 (1318 total, 0 uniq crashes found)...[0m
[1;94m[*] [0mFuzzing test case #815 (1318 total, 0 uniq crashes found)...[0m
scheduled max input!!!!
schedule: 3 level30_2/ijon_max/3
[1;94m[*] [0mFuzzing test case #816 (1318 total, 0 uniq crashes found)...[0m
scheduled max input!!!!
schedule: 11 level30_2/ijon_max/11
updated maxmap 4: 6c8 (len: 877)
updated maxmap 5: 6d2 (len: 877)
updated maxmap 6: 6dc (len: 877)
[1;94m[*] [0mFuzzing test case #817 (1318 total, 0 uniq crashes found)...[0m
scheduled max input!!!!
schedule: 8 level30_2/ijon_max/8
[1;94m[*] [0mFuzzing test case #818 (1318 total, 0 uniq crashes found)...[0m
scheduled max input!!!!
schedule: 6 level30_2/ijon_max/6
updated maxmap 7: 783 (len: 882)
[1;94m[*] [0mFuzzing test case #819 (1318 total, 0 uniq crashes found)...[0m
scheduled max input!!!!
schedule: 15 level30_2/ijon_max/15
updated maxmap 14: 7c2 (len: 885)
updated maxmap 15: 7c7 (len: 885)
updated maxmap 7: 786 (len: 886)
updated maxmap 0: 7cd (len: 888)
updated maxmap 15: 7ca (len: 888)
updated maxmap 0: 7ce (len: 889)
updated maxmap 15: 7cb (len: 889)
updated maxmap 15: 7cc (len: 887)
updated maxmap 6: 7b9 (len: 892)
updated maxmap 7: 7c3 (len: 892)
updated maxmap 8: 7d4 (len: 892)
updated maxmap 3: 6d3 (len: 893)
updated maxmap 4: 6dd (len: 893)
updated maxmap 5: 6e7 (len: 893)
minimized maxmap 0: 7ce (len: 888)
[1;94m[*] [0mFuzzing test case #820 (1325 total, 0 uniq crashes found)...[0m
scheduled max input!!!!
schedule: 0 level30_2/ijon_max/0
[1;94m[*] [0mFuzzing test case #821 (1325 total, 0 uniq crashes found)...[0m
scheduled max input!!!!
schedule: 9 level30_2/ijon_max/9
[1;94m[*] [0mFuzzing test case #822 (1325 total, 0 uniq crashes found)...[0m
[1;94m[*] [0mFuzzing test case #823 (1325 total, 0 uniq crashes found)...[0m
scheduled max input!!!!
schedule: 15 level30_2/ijon_max/15
[1;94m[*] [0mFuzzing test case #824 (1325 total, 0 uniq crashes found)...[0m
scheduled max input!!!!
schedule: 7 level30_2/ijon_max/7
[1;94m[*] [0mFuzzing test case #825 (1325 total, 0 uniq crashes found)...[0m
[1;94m[*] [0mFuzzing test case #826 (1325 total, 0 uniq crashes found)...[0m
scheduled max input!!!!
schedule: 4 level30_2/ijon_max/4
updated maxmap 3: 6e3 (len: 897)
updated maxmap 4: 6ed (len: 897)
updated maxmap 5: 6f7 (len: 897)
updated maxmap 6: 7ca (len: 897)
updated maxmap 7: 7d4 (len: 897)
updated maxmap 8: 7db (len: 897)
updated maxmap 9: 7db (len: 897)
minimized maxmap 3: 6e3 (len: 893)
minimized maxmap 4: 6ed (len: 893)
minimized maxmap 5: 6f7 (len: 893)
minimized maxmap 6: 7ca (len: 893)
minimized maxmap 7: 7d4 (len: 893)
minimized maxmap 8: 7db (len: 893)
updated maxmap 6: 7cb (len: 893)
updated maxmap 7: 7d5 (len: 893)
updated maxmap 8: 7dc (len: 893)
updated maxmap 6: 7cf (len: 895)
updated maxmap 7: 7d9 (len: 895)
updated maxmap 8: 7dd (len: 895)
updated maxmap 3: 6e4 (len: 893)
updated maxmap 4: 6ee (len: 893)
updated maxmap 5: 6f8 (len: 893)
updated maxmap 5: 7be (len: 893)
[1;94m[*] [0mFuzzing test case #827 (1326 total, 0 uniq crashes found)...[0m
[1;94m[*] [0mFuzzing test case #828 (1326 total, 0 uniq crashes found)...[0m
scheduled max input!!!!
schedule: 15 level30_2/ijon_max/15
[1;94m[*] [0mFuzzing test case #829 (1326 total, 0 uniq crashes found)...[0m
scheduled max input!!!!
schedule: 7 level30_2/ijon_max/7
updated maxmap 6: 7d0 (len: 895)
updated maxmap 7: 7da (len: 895)
updated maxmap 8: 7de (len: 895)
updated maxmap 6: 7d1 (len: 895)
updated maxmap 7: 7e2 (len: 895)
updated maxmap 8: 7e0 (len: 895)
updated maxmap 9: 7dd (len: 902)
[1;94m[*] [0mFuzzing test case #830 (1326 total, 0 uniq crashes found)...[0m
scheduled max input!!!!
schedule: 9 level30_2/ijon_max/9
updated maxmap 10: 7db (len: 902)
[1;94m[*] [0mFuzzing test case #831 (1327 total, 0 uniq crashes found)...[0m
scheduled max input!!!!
schedule: 15 level30_2/ijon_max/15
[1;94m[*] [0mFuzzing test case #832 (1327 total, 0 uniq crashes found)...[0m
scheduled max input!!!!
schedule: 4 level30_2/ijon_max/4
updated maxmap 5: 7c1 (len: 894)
[1;94m[*] [0mFuzzing test case #833 (1327 total, 0 uniq crashes found)...[0m
scheduled max input!!!!
schedule: 6 level30_2/ijon_max/6
[1;94m[*] [0mFuzzing test case #834 (1327 total, 0 uniq crashes found)...[0m
scheduled max input!!!!
schedule: 8 level30_2/ijon_max/8
updated maxmap 5: 7c2 (len: 895)
updated maxmap 7: 7e3 (len: 895)
[1;94m[*] [0mFuzzing test case #835 (1327 total, 0 uniq crashes found)...[0m
scheduled max input!!!!
schedule: 6 level30_2/ijon_max/6
[1;94m[*] [0mFuzzing test case #836 (1327 total, 0 uniq crashes found)...[0m
scheduled max input!!!!
schedule: 13 level30_2/ijon_max/13
[1;94m[*] [0mFuzzing test case #837 (1327 total, 0 uniq crashes found)...[0m
scheduled max input!!!!
schedule: 11 level30_2/ijon_max/11
minimized maxmap 13: 7b8 (len: 879)
[1;94m[*] [0mFuzzing test case #838 (1327 total, 0 uniq crashes found)...[0m
scheduled max input!!!!
schedule: 15 level30_2/ijon_max/15
updated maxmap 0: 7cf (len: 892)
[1;94m[*] [0mFuzzing test case #839 (1327 total, 0 uniq crashes found)...[0m
scheduled max input!!!!
schedule: 14 level30_2/ijon_max/14
[1;94m[*] [0mFuzzing test case #840 (1327 total, 0 uniq crashes found)...[0m
scheduled max input!!!!
schedule: 10 level30_2/ijon_max/10
[1;94m[*] [0mFuzzing test case #841 (1327 total, 0 uniq crashes found)...[0m
scheduled max input!!!!
schedule: 2 level30_2/ijon_max/2
[1;94m[*] [0mFuzzing test case #842 (1327 total, 0 uniq crashes found)...[0m
scheduled max input!!!!
schedule: 10 level30_2/ijon_max/10
[1;94m[*] [0mFuzzing test case #843 (1327 total, 0 uniq crashes found)...[0m
[1;94m[*] [0mFuzzing test case #844 (1327 total, 0 uniq crashes found)...[0m
scheduled max input!!!!
schedule: 4 level30_2/ijon_max/4
[1;94m[*] [0mFuzzing test case #845 (1327 total, 0 uniq crashes found)...[0m
scheduled max input!!!!
schedule: 12 level30_2/ijon_max/12
[1;94m[*] [0mFuzzing test case #846 (1327 total, 0 uniq crashes found)...[0m
scheduled max input!!!!
schedule: 4 level30_2/ijon_max/4
minimized maxmap 9: 7dd (len: 900)
updated maxmap 2: 6c7 (len: 897)
[1;94m[*] [0mFuzzing test case #847 (1327 total, 0 uniq crashes found)...[0m
[1;94m[*] [0mFuzzing test case #848 (1327 total, 0 uniq crashes found)...[0m
scheduled max input!!!!
schedule: 14 level30_2/ijon_max/14
[1;94m[*] [0mFuzzing test case #849 (1327 total, 0 uniq crashes found)...[0m
[1;94m[*] [0mFuzzing test case #850 (1327 total, 0 uniq crashes found)...[0m
scheduled max input!!!!
schedule: 9 level30_2/ijon_max/9
minimized maxmap 10: 7db (len: 900)
[1;94m[*] [0mFuzzing test case #851 (1327 total, 0 uniq crashes found)...[0m
scheduled max input!!!!
schedule: 8 level30_2/ijon_max/8
updated maxmap 5: 7c8 (len: 895)
updated maxmap 6: 7d4 (len: 895)
updated maxmap 8: 7e1 (len: 895)
updated maxmap 5: 7c9 (len: 895)
updated maxmap 6: 7d5 (len: 895)
updated maxmap 8: 7e2 (len: 895)
[1;94m[*] [0mFuzzing test case #852 (1327 total, 0 uniq crashes found)...[0m
scheduled max input!!!!
schedule: 7 level30_2/ijon_max/7
[1;94m[*] [0mFuzzing test case #853 (1327 total, 0 uniq crashes found)...[0m
[1;94m[*] [0mFuzzing test case #854 (1327 total, 0 uniq crashes found)...[0m
[1;94m[*] [0mFuzzing test case #855 (1327 total, 0 uniq crashes found)...[0m
scheduled max input!!!!
schedule: 10 level30_2/ijon_max/10
[1;94m[*] [0mFuzzing test case #856 (1327 total, 0 uniq crashes found)...[0m
scheduled max input!!!!
schedule: 8 level30_2/ijon_max/8
[1;94m[*] [0mFuzzing test case #857 (1327 total, 0 uniq crashes found)...[0m
scheduled max input!!!!
schedule: 15 level30_2/ijon_max/15
[1;94m[*] [0mFuzzing test case #858 (1328 total, 0 uniq crashes found)...[0m
scheduled max input!!!!
schedule: 15 level30_2/ijon_max/15
[1;94m[*] [0mFuzzing test case #859 (1328 total, 0 uniq crashes found)...[0m
scheduled max input!!!!
schedule: 14 level30_2/ijon_max/14
[1;94m[*] [0mFuzzing test case #860 (1328 total, 0 uniq crashes found)...[0m
scheduled max input!!!!
schedule: 3 level30_2/ijon_max/3
[1;94m[*] [0mFuzzing test case #861 (1328 total, 0 uniq crashes found)...[0m
scheduled max input!!!!
schedule: 4 level30_2/ijon_max/4
updated maxmap 5: 7d3 (len: 893)
updated maxmap 6: 7dd (len: 893)
[1;94m[*] [0mFuzzing test case #862 (1328 total, 0 uniq crashes found)...[0m
[1;94m[*] [0mFuzzing test case #863 (1328 total, 0 uniq crashes found)...[0m
scheduled max input!!!!
schedule: 9 level30_2/ijon_max/9
updated maxmap 9: 7de (len: 901)
minimized maxmap 9: 7de (len: 900)
[1;94m[*] [0mFuzzing test case #864 (1328 total, 0 uniq crashes found)...[0m
scheduled max input!!!!
schedule: 9 level30_2/ijon_max/9
[1;94m[*] [0mFuzzing test case #865 (1328 total, 0 uniq crashes found)...[0m
scheduled max input!!!!
schedule: 5 level30_2/ijon_max/5
minimized maxmap 10: 7db (len: 895)
[1;94m[*] [0mFuzzing test case #866 (1328 total, 0 uniq crashes found)...[0m
[1;94m[*] [0mFuzzing test case #867 (1328 total, 0 uniq crashes found)...[0m
scheduled max input!!!!
schedule: 8 level30_2/ijon_max/8
[1;94m[*] [0mFuzzing test case #868 (1328 total, 0 uniq crashes found)...[0m
scheduled max input!!!!
schedule: 11 level30_2/ijon_max/11
[1;94m[*] [0mFuzzing test case #869 (1328 total, 0 uniq crashes found)...[0m
scheduled max input!!!!
schedule: 4 level30_2/ijon_max/4
[1;94m[*] [0mFuzzing test case #870 (1328 total, 0 uniq crashes found)...[0m
scheduled max input!!!!
schedule: 13 level30_2/ijon_max/13
[1;94m[*] [0mFuzzing test case #871 (1328 total, 0 uniq crashes found)...[0m
scheduled max input!!!!
schedule: 11 level30_2/ijon_max/11
[1;94m[*] [0mFuzzing test case #872 (1328 total, 0 uniq crashes found)...[0m
scheduled max input!!!!
schedule: 6 level30_2/ijon_max/6
[1;94m[*] [0mFuzzing test case #873 (1328 total, 0 uniq crashes found)...[0m
scheduled max input!!!!
schedule: 6 level30_2/ijon_max/6
[1;94m[*] [0mFuzzing test case #874 (1328 total, 0 uniq crashes found)...[0m
scheduled max input!!!!
schedule: 7 level30_2/ijon_max/7
[1;94m[*] [0mFuzzing test case #875 (1328 total, 0 uniq crashes found)...[0m
scheduled max input!!!!
schedule: 5 level30_2/ijon_max/5
[1;94m[*] [0mFuzzing test case #876 (1328 total, 0 uniq crashes found)...[0m
scheduled max input!!!!
schedule: 8 level30_2/ijon_max/8
[1;94m[*] [0mFuzzing test case #877 (1328 total, 0 uniq crashes found)...[0m
[1;94m[*] [0mFuzzing test case #878 (1328 total, 0 uniq crashes found)...[0m
scheduled max input!!!!
schedule: 15 level30_2/ijon_max/15
[1;94m[*] [0mFuzzing test case #879 (1328 total, 0 uniq crashes found)...[0m
scheduled max input!!!!
schedule: 8 level30_2/ijon_max/8
[1;94m[*] [0mFuzzing test case #880 (1328 total, 0 uniq crashes found)...[0m
scheduled max input!!!!
schedule: 14 level30_2/ijon_max/14
[1;94m[*] [0mFuzzing test case #881 (1328 total, 0 uniq crashes found)...[0m
[1;94m[*] [0mFuzzing test case #882 (1328 total, 0 uniq crashes found)...[0m
scheduled max input!!!!
schedule: 7 level30_2/ijon_max/7
[1;94m[*] [0mFuzzing test case #883 (1328 total, 0 uniq crashes found)...[0m
[1;94m[*] [0mFuzzing test case #884 (1328 total, 0 uniq crashes found)...[0m
[1;94m[*] [0mFuzzing test case #885 (1328 total, 0 uniq crashes found)...[0m
scheduled max input!!!!
schedule: 9 level30_2/ijon_max/9
[1;94m[*] [0mFuzzing test case #886 (1328 total, 0 uniq crashes found)...[0m
scheduled max input!!!!
schedule: 2 level30_2/ijon_max/2
[1;94m[*] [0mFuzzing test case #887 (1328 total, 0 uniq crashes found)...[0m
scheduled max input!!!!
schedule: 8 level30_2/ijon_max/8
[1;94m[*] [0mFuzzing test case #888 (1328 total, 0 uniq crashes found)...[0m
scheduled max input!!!!
schedule: 2 level30_2/ijon_max/2
[1;94m[*] [0mFuzzing test case #889 (1328 total, 0 uniq crashes found)...[0m
scheduled max input!!!!
schedule: 8 level30_2/ijon_max/8
[1;94m[*] [0mFuzzing test case #890 (1328 total, 0 uniq crashes found)...[0m
[1;94m[*] [0mFuzzing test case #891 (1328 total, 0 uniq crashes found)...[0m
scheduled max input!!!!
schedule: 3 level30_2/ijon_max/3
[1;94m[*] [0mFuzzing test case #892 (1328 total, 0 uniq crashes found)...[0m
scheduled max input!!!!
schedule: 2 level30_2/ijon_max/2
updated maxmap 2: 6d0 (len: 899)
updated maxmap 2: 6d1 (len: 897)
[1;94m[*] [0mFuzzing test case #893 (1328 total, 0 uniq crashes found)...[0m
scheduled max input!!!!
schedule: 10 level30_2/ijon_max/10
[1;94m[*] [0mFuzzing test case #894 (1328 total, 0 uniq crashes found)...[0m
scheduled max input!!!!
schedule: 13 level30_2/ijon_max/13
[1;94m[*] [0mFuzzing test case #895 (1328 total, 0 uniq crashes found)...[0m
[1;94m[*] [0mFuzzing test case #896 (1328 total, 0 uniq crashes found)...[0m
scheduled max input!!!!
schedule: 10 level30_2/ijon_max/10
[1;94m[*] [0mFuzzing test case #897 (1328 total, 0 uniq crashes found)...[0m
[1;94m[*] [0mFuzzing test case #898 (1328 total, 0 uniq crashes found)...[0m
scheduled max input!!!!
schedule: 0 level30_2/ijon_max/0
[1;94m[*] [0mFuzzing test case #899 (1328 total, 0 uniq crashes found)...[0m
scheduled max input!!!!
schedule: 4 level30_2/ijon_max/4
[1;94m[*] [0mFuzzing test case #900 (1328 total, 0 uniq crashes found)...[0m
scheduled max input!!!!
schedule: 15 level30_2/ijon_max/15
[1;94m[*] [0mFuzzing test case #901 (1328 total, 0 uniq crashes found)...[0m
scheduled max input!!!!
schedule: 8 level30_2/ijon_max/8
[1;94m[*] [0mFuzzing test case #902 (1328 total, 0 uniq crashes found)...[0m
[1;94m[*] [0mFuzzing test case #903 (1328 total, 0 uniq crashes found)...[0m
scheduled max input!!!!
schedule: 6 level30_2/ijon_max/6
updated maxmap 5: 7d4 (len: 893)
updated maxmap 6: 7de (len: 893)
[1;94m[*] [0mFuzzing test case #904 (1328 total, 0 uniq crashes found)...[0m
scheduled max input!!!!
schedule: 6 level30_2/ijon_max/6
[1;94m[*] [0mFuzzing test case #905 (1328 total, 0 uniq crashes found)...[0m
scheduled max input!!!!
schedule: 4 level30_2/ijon_max/4
[1;94m[*] [0mFuzzing test case #906 (1328 total, 0 uniq crashes found)...[0m
scheduled max input!!!!
schedule: 5 level30_2/ijon_max/5
minimized maxmap 10: 7db (len: 893)
[1;94m[*] [0mFuzzing test case #907 (1328 total, 0 uniq crashes found)...[0m
[1;94m[*] [0mFuzzing test case #908 (1328 total, 0 uniq crashes found)...[0m
scheduled max input!!!!
schedule: 7 level30_2/ijon_max/7
updated maxmap 7: 7e7 (len: 897)
[1;94m[*] [0mFuzzing test case #909 (1328 total, 0 uniq crashes found)...[0m
scheduled max input!!!!
schedule: 9 level30_2/ijon_max/9
updated maxmap 11: 7da (len: 904)
updated maxmap 6: 7f0 (len: 901)
updated maxmap 7: 7e9 (len: 901)
[1;94m[*] [0mFuzzing test case #910 (1329 total, 0 uniq crashes found)...[0m
[1;94m[*] [0mFuzzing test case #911 (1329 total, 0 uniq crashes found)...[0m
scheduled max input!!!!
schedule: 11 level30_2/ijon_max/11
updated maxmap 11: 7db (len: 904)
updated maxmap 12: 7db (len: 904)
updated maxmap 13: 7db (len: 904)
[1;94m[*] [0mFuzzing test case #912 (1329 total, 0 uniq crashes found)...[0m
scheduled max input!!!!
schedule: 12 level30_2/ijon_max/12
updated maxmap 10: 7dc (len: 904)
updated maxmap 11: 7dc (len: 904)
updated maxmap 13: 7dc (len: 904)
[1;94m[*] [0mFuzzing test case #913 (1329 total, 0 uniq crashes found)...[0m
scheduled max input!!!!
schedule: 6 level30_2/ijon_max/6
updated maxmap 6: 7f1 (len: 901)
[1;94m[*] [0mFuzzing test case #914 (1329 total, 0 uniq crashes found)...[0m
scheduled max input!!!!
schedule: 2 level30_2/ijon_max/2
[1;94m[*] [0mFuzzing test case #915 (1329 total, 0 uniq crashes found)...[0m
scheduled max input!!!!
schedule: 9 level30_2/ijon_max/9
[1;94m[*] [0mFuzzing test case #916 (1329 total, 0 uniq crashes found)...[0m
[1;94m[*] [0mFuzzing test case #917 (1329 total, 0 uniq crashes found)...[0m
scheduled max input!!!!
schedule: 11 level30_2/ijon_max/11
[1;94m[*] [0mFuzzing test case #918 (1329 total, 0 uniq crashes found)...[0m
scheduled max input!!!!
schedule: 5 level30_2/ijon_max/5
[1;94m[*] [0mFuzzing test case #919 (1329 total, 0 uniq crashes found)...[0m
scheduled max input!!!!
schedule: 4 level30_2/ijon_max/4
updated maxmap 10: 7dd (len: 893)
[1;94m[*] [0mFuzzing test case #920 (1329 total, 0 uniq crashes found)...[0m
scheduled max input!!!!
schedule: 14 level30_2/ijon_max/14
[1;94m[*] [0mFuzzing test case #921 (1329 total, 0 uniq crashes found)...[0m
[1;94m[*] [0mFuzzing test case #922 (1329 total, 0 uniq crashes found)...[0m
scheduled max input!!!!
schedule: 3 level30_2/ijon_max/3
[1;94m[*] [0mFuzzing test case #923 (1329 total, 0 uniq crashes found)...[0m
scheduled max input!!!!
schedule: 8 level30_2/ijon_max/8
[1;94m[*] [0mFuzzing test case #924 (1329 total, 0 uniq crashes found)...[0m
scheduled max input!!!!
schedule: 2 level30_2/ijon_max/2
[1;94m[*] [0mFuzzing test case #925 (1329 total, 0 uniq crashes found)...[0m
scheduled max input!!!!
schedule: 12 level30_2/ijon_max/12
[1;94m[*] [0mFuzzing test case #926 (1329 total, 0 uniq crashes found)...[0m
scheduled max input!!!!
schedule: 14 level30_2/ijon_max/14
[1;94m[*] [0mFuzzing test case #927 (1329 total, 0 uniq crashes found)...[0m
scheduled max input!!!!
schedule: 4 level30_2/ijon_max/4
[1;94m[*] [0mFuzzing test case #928 (1329 total, 0 uniq crashes found)...[0m
[1;94m[*] [0mFuzzing test case #929 (1329 total, 0 uniq crashes found)...[0m
scheduled max input!!!!
schedule: 4 level30_2/ijon_max/4
[1;94m[*] [0mFuzzing test case #930 (1329 total, 0 uniq crashes found)...[0m
scheduled max input!!!!
schedule: 8 level30_2/ijon_max/8
[1;94m[*] [0mFuzzing test case #931 (1329 total, 0 uniq crashes found)...[0m
scheduled max input!!!!
schedule: 2 level30_2/ijon_max/2
[1;94m[*] [0mFuzzing test case #932 (1329 total, 0 uniq crashes found)...[0m
[1;94m[*] [0mFuzzing test case #933 (1329 total, 0 uniq crashes found)...[0m
scheduled max input!!!!
schedule: 9 level30_2/ijon_max/9
[1;94m[*] [0mFuzzing test case #934 (1329 total, 0 uniq crashes found)...[0m
scheduled max input!!!!
schedule: 8 level30_2/ijon_max/8
[1;94m[*] [0mFuzzing test case #935 (1329 total, 0 uniq crashes found)...[0m
[1;94m[*] [0mFuzzing test case #936 (1329 total, 0 uniq crashes found)...[0m
scheduled max input!!!!
schedule: 15 level30_2/ijon_max/15
[1;94m[*] [0mFuzzing test case #937 (1329 total, 0 uniq crashes found)...[0m
scheduled max input!!!!
schedule: 13 level30_2/ijon_max/13
[1;94m[*] [0mFuzzing test case #938 (1329 total, 0 uniq crashes found)...[0m
[1;94m[*] [0mFuzzing test case #939 (1329 total, 0 uniq crashes found)...[0m
scheduled max input!!!!
schedule: 2 level30_2/ijon_max/2
updated maxmap 2: 6d2 (len: 897)
[1;94m[*] [0mFuzzing test case #940 (1329 total, 0 uniq crashes found)...[0m
scheduled max input!!!!
schedule: 6 level30_2/ijon_max/6
[1;94m[*] [0mFuzzing test case #941 (1329 total, 0 uniq crashes found)...[0m
scheduled max input!!!!
schedule: 10 level30_2/ijon_max/10
[1;94m[*] [0mFuzzing test case #942 (1329 total, 0 uniq crashes found)...[0m
scheduled max input!!!!
schedule: 11 level30_2/ijon_max/11
[1;94m[*] [0mFuzzing test case #943 (1329 total, 0 uniq crashes found)...[0m
scheduled max input!!!!
schedule: 14 level30_2/ijon_max/14
[1;94m[*] [0mFuzzing test case #944 (1329 total, 0 uniq crashes found)...[0m
scheduled max input!!!!
schedule: 7 level30_2/ijon_max/7
updated maxmap 6: 7f3 (len: 903)
updated maxmap 7: 7ec (len: 903)
updated maxmap 8: 7e5 (len: 903)
minimized maxmap 7: 7ec (len: 901)
minimized maxmap 8: 7e5 (len: 901)
updated maxmap 7: 7ed (len: 901)
updated maxmap 8: 7e6 (len: 901)
updated maxmap 8: 7ed (len: 901)
[1;94m[*] [0mFuzzing test case #945 (1331 total, 0 uniq crashes found)...[0m
[1;94m[*] [0mFuzzing test case #946 (1331 total, 0 uniq crashes found)...[0m
scheduled max input!!!!
schedule: 14 level30_2/ijon_max/14
[1;94m[*] [0mFuzzing test case #947 (1331 total, 0 uniq crashes found)...[0m
scheduled max input!!!!
schedule: 14 level30_2/ijon_max/14
[1;94m[*] [0mFuzzing test case #948 (1331 total, 0 uniq crashes found)...[0m
scheduled max input!!!!
schedule: 3 level30_2/ijon_max/3
[1;94m[*] [0mFuzzing test case #949 (1331 total, 0 uniq crashes found)...[0m
scheduled max input!!!!
schedule: 13 level30_2/ijon_max/13
[1;94m[*] [0mFuzzing test case #950 (1331 total, 0 uniq crashes found)...[0m
scheduled max input!!!!
schedule: 15 level30_2/ijon_max/15
[1;94m[*] [0mFuzzing test case #951 (1331 total, 0 uniq crashes found)...[0m
scheduled max input!!!!
schedule: 10 level30_2/ijon_max/10
[1;94m[*] [0mFuzzing test case #952 (1331 total, 0 uniq crashes found)...[0m
scheduled max input!!!!
schedule: 12 level30_2/ijon_max/12
[1;94m[*] [0mFuzzing test case #953 (1331 total, 0 uniq crashes found)...[0m
scheduled max input!!!!
schedule: 11 level30_2/ijon_max/11
[1;94m[*] [0mFuzzing test case #954 (1331 total, 0 uniq crashes found)...[0m
[1;94m[*] [0mFuzzing test case #955 (1331 total, 0 uniq crashes found)...[0m
scheduled max input!!!!
schedule: 3 level30_2/ijon_max/3
[1;94m[*] [0mFuzzing test case #956 (1331 total, 0 uniq crashes found)...[0m
scheduled max input!!!!
schedule: 10 level30_2/ijon_max/10
[1;94m[*] [0mFuzzing test case #957 (1331 total, 0 uniq crashes found)...[0m
[1;94m[*] [0mFuzzing test case #958 (1331 total, 0 uniq crashes found)...[0m
[1;94m[*] [0mFuzzing test case #959 (1331 total, 0 uniq crashes found)...[0m
scheduled max input!!!!
schedule: 13 level30_2/ijon_max/13
[1;94m[*] [0mFuzzing test case #960 (1331 total, 0 uniq crashes found)...[0m
scheduled max input!!!!
schedule: 2 level30_2/ijon_max/2
[1;94m[*] [0mFuzzing test case #961 (1331 total, 0 uniq crashes found)...[0m
scheduled max input!!!!
schedule: 10 level30_2/ijon_max/10
[1;94m[*] [0mFuzzing test case #962 (1331 total, 0 uniq crashes found)...[0m
scheduled max input!!!!
schedule: 10 level30_2/ijon_max/10
[1;94m[*] [0mFuzzing test case #963 (1331 total, 0 uniq crashes found)...[0m
[1;94m[*] [0mFuzzing test case #964 (1331 total, 0 uniq crashes found)...[0m
scheduled max input!!!!
schedule: 11 level30_2/ijon_max/11
[1;94m[*] [0mFuzzing test case #965 (1331 total, 0 uniq crashes found)...[0m
scheduled max input!!!!
schedule: 11 level30_2/ijon_max/11
[1;94m[*] [0mFuzzing test case #966 (1331 total, 0 uniq crashes found)...[0m
scheduled max input!!!!
schedule: 9 level30_2/ijon_max/9
[1;94m[*] [0mFuzzing test case #967 (1331 total, 0 uniq crashes found)...[0m
[1;94m[*] [0mFuzzing test case #968 (1331 total, 0 uniq crashes found)...[0m
scheduled max input!!!!
schedule: 4 level30_2/ijon_max/4
[1;94m[*] [0mFuzzing test case #969 (1331 total, 0 uniq crashes found)...[0m
[1;94m[*] [0mFuzzing test case #970 (1331 total, 0 uniq crashes found)...[0m
[1;94m[*] [0mFuzzing test case #971 (1331 total, 0 uniq crashes found)...[0m
scheduled max input!!!!
schedule: 9 level30_2/ijon_max/9
minimized maxmap 6: 7f3 (len: 902)
[1;94m[*] [0mFuzzing test case #972 (1331 total, 0 uniq crashes found)...[0m
scheduled max input!!!!
schedule: 8 level30_2/ijon_max/8
updated maxmap 8: 7ee (len: 901)
[1;94m[*] [0mFuzzing test case #973 (1331 total, 0 uniq crashes found)...[0m
[1;94m[*] [0mFuzzing test case #974 (1331 total, 0 uniq crashes found)...[0m
scheduled max input!!!!
schedule: 4 level30_2/ijon_max/4
[1;94m[*] [0mFuzzing test case #975 (1331 total, 0 uniq crashes found)...[0m
scheduled max input!!!!
schedule: 4 level30_2/ijon_max/4
[1;94m[*] [0mFuzzing test case #976 (1331 total, 0 uniq crashes found)...[0m
scheduled max input!!!!
schedule: 2 level30_2/ijon_max/2
[1;94m[*] [0mFuzzing test case #977 (1331 total, 0 uniq crashes found)...[0m
[1;94m[*] [0mFuzzing test case #978 (1331 total, 0 uniq crashes found)...[0m
scheduled max input!!!!
schedule: 10 level30_2/ijon_max/10
[1;94m[*] [0mFuzzing test case #979 (1331 total, 0 uniq crashes found)...[0m
scheduled max input!!!!
schedule: 2 level30_2/ijon_max/2
[1;94m[*] [0mFuzzing test case #980 (1332 total, 0 uniq crashes found)...[0m
scheduled max input!!!!
schedule: 8 level30_2/ijon_max/8
[1;94m[*] [0mFuzzing test case #981 (1332 total, 0 uniq crashes found)...[0m
[1;94m[*] [0mFuzzing test case #982 (1332 total, 0 uniq crashes found)...[0m
scheduled max input!!!!
schedule: 8 level30_2/ijon_max/8
updated maxmap 8: 7ef (len: 901)
[1;94m[*] [0mFuzzing test case #983 (1332 total, 0 uniq crashes found)...[0m
scheduled max input!!!!
schedule: 6 level30_2/ijon_max/6
[1;94m[*] [0mFuzzing test case #984 (1332 total, 0 uniq crashes found)...[0m
scheduled max input!!!!
schedule: 11 level30_2/ijon_max/11
[1;94m[*] [0mFuzzing test case #985 (1332 total, 0 uniq crashes found)...[0m
scheduled max input!!!!
schedule: 0 level30_2/ijon_max/0
[1;94m[*] [0mFuzzing test case #986 (1332 total, 0 uniq crashes found)...[0m
scheduled max input!!!!
schedule: 8 level30_2/ijon_max/8
updated maxmap 7: 7ee (len: 903)
[1;94m[*] [0mFuzzing test case #987 (1332 total, 0 uniq crashes found)...[0m
scheduled max input!!!!
schedule: 4 level30_2/ijon_max/4
[1;94m[*] [0mFuzzing test case #988 (1332 total, 0 uniq crashes found)...[0m
scheduled max input!!!!
schedule: 10 level30_2/ijon_max/10
[1;94m[*] [0mFuzzing test case #989 (1332 total, 0 uniq crashes found)...[0m
scheduled max input!!!!
schedule: 3 level30_2/ijon_max/3
[1;94m[*] [0mFuzzing test case #990 (1332 total, 0 uniq crashes found)...[0m
scheduled max input!!!!
schedule: 0 level30_2/ijon_max/0
[1;94m[*] [0mFuzzing test case #991 (1332 total, 0 uniq crashes found)...[0m
scheduled max input!!!!
schedule: 11 level30_2/ijon_max/11
[1;94m[*] [0mFuzzing test case #992 (1332 total, 0 uniq crashes found)...[0m
scheduled max input!!!!
schedule: 7 level30_2/ijon_max/7
updated maxmap 7: 7ef (len: 903)
[1;94m[*] [0mFuzzing test case #993 (1332 total, 0 uniq crashes found)...[0m
scheduled max input!!!!
schedule: 13 level30_2/ijon_max/13
updated maxmap 12: 7dc (len: 904)
[1;94m[*] [0mFuzzing test case #994 (1332 total, 0 uniq crashes found)...[0m
scheduled max input!!!!
schedule: 5 level30_2/ijon_max/5
[1;94m[*] [0mFuzzing test case #995 (1332 total, 0 uniq crashes found)...[0m
scheduled max input!!!!
schedule: 12 level30_2/ijon_max/12
updated maxmap 14: 7d4 (len: 910)
[1;94m[*] [0mFuzzing test case #996 (1332 total, 0 uniq crashes found)...[0m
scheduled max input!!!!
schedule: 10 level30_2/ijon_max/10
[1;94m[*] [0mFuzzing test case #997 (1332 total, 0 uniq crashes found)...[0m
scheduled max input!!!!
schedule: 8 level30_2/ijon_max/8
updated maxmap 8: 7f0 (len: 901)
[1;94m[*] [0mFuzzing test case #998 (1332 total, 0 uniq crashes found)...[0m
scheduled max input!!!!
schedule: 6 level30_2/ijon_max/6
updated maxmap 6: 7f4 (len: 902)
[1;94m[*] [0mFuzzing test case #999 (1332 total, 0 uniq crashes found)...[0m
scheduled max input!!!!
schedule: 10 level30_2/ijon_max/10
[1;94m[*] [0mFuzzing test case #1000 (1332 total, 0 uniq crashes found)...[0m
[1;94m[*] [0mFuzzing test case #1001 (1332 total, 0 uniq crashes found)...[0m
scheduled max input!!!!
schedule: 9 level30_2/ijon_max/9
[1;94m[*] [0mFuzzing test case #1002 (1332 total, 0 uniq crashes found)...[0m
scheduled max input!!!!
schedule: 12 level30_2/ijon_max/12
updated maxmap 10: 7df (len: 904)
updated maxmap 11: 7de (len: 904)
[1;94m[*] [0mFuzzing test case #1003 (1332 total, 0 uniq crashes found)...[0m
scheduled max input!!!!
schedule: 9 level30_2/ijon_max/9
[1;94m[*] [0mFuzzing test case #1004 (1332 total, 0 uniq crashes found)...[0m
scheduled max input!!!!
schedule: 9 level30_2/ijon_max/9
[1;94m[*] [0mFuzzing test case #1005 (1332 total, 0 uniq crashes found)...[0m
scheduled max input!!!!
schedule: 10 level30_2/ijon_max/10
[1;94m[*] [0mFuzzing test case #1006 (1332 total, 0 uniq crashes found)...[0m
scheduled max input!!!!
schedule: 15 level30_2/ijon_max/15
[1;94m[*] [0mFuzzing test case #1007 (1332 total, 0 uniq crashes found)...[0m
scheduled max input!!!!
schedule: 15 level30_2/ijon_max/15
[1;94m[*] [0mFuzzing test case #1008 (1332 total, 0 uniq crashes found)...[0m
scheduled max input!!!!
schedule: 14 level30_2/ijon_max/14
updated maxmap 14: 7d7 (len: 910)
updated maxmap 0: 7d9 (len: 917)
updated maxmap 14: 7da (len: 917)
updated maxmap 15: 7d9 (len: 917)
minimized maxmap 14: 7da (len: 910)
[1;94m[*] [0mFuzzing test case #1009 (1333 total, 0 uniq crashes found)...[0m
[1;94m[*] [0mFuzzing test case #1010 (1333 total, 0 uniq crashes found)...[0m
scheduled max input!!!!
schedule: 6 level30_2/ijon_max/6
[1;94m[*] [0mFuzzing test case #1011 (1333 total, 0 uniq crashes found)...[0m
scheduled max input!!!!
schedule: 11 level30_2/ijon_max/11
[1;94m[*] [0mFuzzing test case #1012 (1333 total, 0 uniq crashes found)...[0m
[1;94m[*] [0mFuzzing test case #1013 (1333 total, 0 uniq crashes found)...[0m
scheduled max input!!!!
schedule: 5 level30_2/ijon_max/5
[1;94m[*] [0mFuzzing test case #1014 (1333 total, 0 uniq crashes found)...[0m
scheduled max input!!!!
schedule: 4 level30_2/ijon_max/4
[1;94m[*] [0mFuzzing test case #1015 (1333 total, 0 uniq crashes found)...[0m
scheduled max input!!!!
schedule: 0 level30_2/ijon_max/0
[1;94m[*] [0mFuzzing test case #1016 (1333 total, 0 uniq crashes found)...[0m
scheduled max input!!!!
schedule: 0 level30_2/ijon_max/0
[1;94m[*] [0mFuzzing test case #1017 (1333 total, 0 uniq crashes found)...[0m
scheduled max input!!!!
schedule: 12 level30_2/ijon_max/12
[1;94m[*] [0mFuzzing test case #1018 (1333 total, 0 uniq crashes found)...[0m
scheduled max input!!!!
schedule: 3 level30_2/ijon_max/3
[1;94m[*] [0mFuzzing test case #1019 (1333 total, 0 uniq crashes found)...[0m
[1;94m[*] [0mFuzzing test case #1020 (1333 total, 0 uniq crashes found)...[0m
scheduled max input!!!!
schedule: 15 level30_2/ijon_max/15
updated maxmap 0: 7db (len: 917)
updated maxmap 15: 7db (len: 917)
[1;94m[*] [0mFuzzing test case #1021 (1333 total, 0 uniq crashes found)...[0m
scheduled max input!!!!
schedule: 5 level30_2/ijon_max/5
[1;94m[*] [0mFuzzing test case #1022 (1333 total, 0 uniq crashes found)...[0m
[1;94m[*] [0mFuzzing test case #1023 (1333 total, 0 uniq crashes found)...[0m
scheduled max input!!!!
schedule: 14 level30_2/ijon_max/14
updated maxmap 7: 7fe (len: 910)
updated maxmap 8: 7f8 (len: 910)
updated maxmap 14: 7db (len: 918)
minimized maxmap 14: 7db (len: 910)
updated maxmap 14: 7dc (len: 910)
[1;94m[*] [0mFuzzing test case #1024 (1334 total, 0 uniq crashes found)...[0m
scheduled max input!!!!
schedule: 7 level30_2/ijon_max/7
updated maxmap 8: 7f9 (len: 910)
updated maxmap 7: 7ff (len: 910)
updated maxmap 7: 800 (len: 910)
updated maxmap 5: 808 (len: 915)
updated maxmap 6: 806 (len: 915)
updated maxmap 8: 7fd (len: 910)
updated maxmap 7: 802 (len: 910)
updated maxmap 7: 803 (len: 910)
updated maxmap 7: 804 (len: 915)
updated maxmap 8: 800 (len: 915)
updated maxmap 5: 812 (len: 916)
updated maxmap 6: 80d (len: 916)
updated maxmap 4: 7b9 (len: 917)
updated maxmap 6: 810 (len: 917)
updated maxmap 7: 815 (len: 917)
minimized maxmap 4: 7b9 (len: 910)
updated maxmap 4: 7bb (len: 910)
updated maxmap 4: 7bc (len: 910)
updated maxmap 4: 7c0 (len: 915)
updated maxmap 9: 7df (len: 910)
updated maxmap 4: 7c5 (len: 910)
[1;94m[*] [0mFuzzing test case #1025 (1341 total, 0 uniq crashes found)...[0m
scheduled max input!!!!
schedule: 13 level30_2/ijon_max/13
[1;94m[*] [0mFuzzing test case #1026 (1341 total, 0 uniq crashes found)...[0m
scheduled max input!!!!
schedule: 5 level30_2/ijon_max/5
minimized maxmap 0: 7db (len: 916)
minimized maxmap 15: 7db (len: 916)
[1;94m[*] [0mFuzzing test case #1027 (1341 total, 0 uniq crashes found)...[0m
[1;94m[*] [0mFuzzing test case #1028 (1341 total, 0 uniq crashes found)...[0m
[1;94m[*] [0mFuzzing test case #1029 (1341 total, 0 uniq crashes found)...[0m
scheduled max input!!!!
schedule: 8 level30_2/ijon_max/8
updated maxmap 15: 7dc (len: 917)
[1;94m[*] [0mFuzzing test case #1030 (1341 total, 0 uniq crashes found)...[0m
scheduled max input!!!!
schedule: 14 level30_2/ijon_max/14
[1;94m[*] [0mFuzzing test case #1031 (1341 total, 0 uniq crashes found)...[0m
scheduled max input!!!!
schedule: 6 level30_2/ijon_max/6
updated maxmap 6: 812 (len: 917)
updated maxmap 7: 817 (len: 917)
[1;94m[*] [0mFuzzing test case #1032 (1341 total, 0 uniq crashes found)...[0m
scheduled max input!!!!
schedule: 11 level30_2/ijon_max/11
[1;94m[*] [0mFuzzing test case #1033 (1341 total, 0 uniq crashes found)...[0m
scheduled max input!!!!
schedule: 8 level30_2/ijon_max/8
[1;94m[*] [0mFuzzing test case #1034 (1341 total, 0 uniq crashes found)...[0m
scheduled max input!!!!
schedule: 5 level30_2/ijon_max/5
updated maxmap 5: 815 (len: 919)
[1;94m[*] [0mFuzzing test case #1035 (1341 total, 0 uniq crashes found)...[0m
scheduled max input!!!!
schedule: 11 level30_2/ijon_max/11
[1;94m[*] [0mFuzzing test case #1036 (1341 total, 0 uniq crashes found)...[0m
scheduled max input!!!!
schedule: 15 level30_2/ijon_max/15
updated maxmap 5: 81e (len: 924)
updated maxmap 6: 820 (len: 924)
[1;94m[*] [0mFuzzing test case #1037 (1341 total, 0 uniq crashes found)...[0m
[1;94m[*] [0mFuzzing test case #1038 (1341 total, 0 uniq crashes found)...[0m
scheduled max input!!!!
schedule: 4 level30_2/ijon_max/4
updated maxmap 4: 7c6 (len: 910)
updated maxmap 4: 7c7 (len: 910)
updated maxmap 4: 7c8 (len: 910)
[1;94m[*] [0mFuzzing test case #1039 (1342 total, 0 uniq crashes found)...[0m
scheduled max input!!!!
schedule: 0 level30_2/ijon_max/0
updated maxmap 0: 7dc (len: 916)
minimized maxmap 15: 7dc (len: 916)
updated maxmap 0: 7dd (len: 919)
updated maxmap 15: 7dd (len: 919)
minimized maxmap 15: 7dd (len: 916)
[1;94m[*] [0mFuzzing test case #1040 (1342 total, 0 uniq crashes found)...[0m
[1;94m[*] [0mFuzzing test case #1041 (1342 total, 0 uniq crashes found)...[0m
scheduled max input!!!!
schedule: 3 level30_2/ijon_max/3
[1;94m[*] [0mFuzzing test case #1042 (1342 total, 0 uniq crashes found)...[0m
scheduled max input!!!!
schedule: 9 level30_2/ijon_max/9
[1;94m[*] [0mFuzzing test case #1043 (1342 total, 0 uniq crashes found)...[0m
[1;94m[*] [0mFuzzing test case #1044 (1342 total, 0 uniq crashes found)...[0m
scheduled max input!!!!
schedule: 5 level30_2/ijon_max/5
updated maxmap 5: 81f (len: 924)
updated maxmap 6: 821 (len: 924)
[1;94m[*] [0mFuzzing test case #1045 (1342 total, 0 uniq crashes found)...[0m
scheduled max input!!!!
schedule: 11 level30_2/ijon_max/11
[1;94m[*] [0mFuzzing test case #1046 (1342 total, 0 uniq crashes found)...[0m
[1;94m[*] [0mFuzzing test case #1047 (1342 total, 0 uniq crashes found)...[0m
scheduled max input!!!!
schedule: 0 level30_2/ijon_max/0
[1;94m[*] [0mFuzzing test case #1048 (1342 total, 0 uniq crashes found)...[0m
scheduled max input!!!!
schedule: 2 level30_2/ijon_max/2
[1;94m[*] [0mFuzzing test case #1049 (1342 total, 0 uniq crashes found)...[0m
scheduled max input!!!!
schedule: 7 level30_2/ijon_max/7
updated maxmap 7: 818 (len: 918)
[1;94m[*] [0mFuzzing test case #1050 (1342 total, 0 uniq crashes found)...[0m
[1;94m[*] [0mFuzzing test case #1051 (1342 total, 0 uniq crashes found)...[0m
scheduled max input!!!!
schedule: 4 level30_2/ijon_max/4
updated maxmap 4: 7ca (len: 910)
[1;94m[*] [0mFuzzing test case #1052 (1342 total, 0 uniq crashes found)...[0m
scheduled max input!!!!
schedule: 14 level30_2/ijon_max/14
[1;94m[*] [0mFuzzing test case #1053 (1342 total, 0 uniq crashes found)...[0m
scheduled max input!!!!
schedule: 0 level30_2/ijon_max/0
[1;94m[*] [0mFuzzing test case #1054 (1342 total, 0 uniq crashes found)...[0m
scheduled max input!!!!
schedule: 10 level30_2/ijon_max/10
[1;94m[*] [0mFuzzing test case #1055 (1342 total, 0 uniq crashes found)...[0m
scheduled max input!!!!
schedule: 15 level30_2/ijon_max/15
updated maxmap 14: 7dd (len: 916)
updated maxmap 15: 7de (len: 916)
[1;94m[*] [0mFuzzing test case #1056 (1342 total, 0 uniq crashes found)...[0m
scheduled max input!!!!
schedule: 3 level30_2/ijon_max/3
[1;94m[*] [0mFuzzing test case #1057 (1342 total, 0 uniq crashes found)...[0m
scheduled max input!!!!
schedule: 4 level30_2/ijon_max/4
updated maxmap 4: 7cb (len: 910)
updated maxmap 4: 7cf (len: 912)
minimized maxmap 4: 7cf (len: 910)
[1;94m[*] [0mFuzzing test case #1058 (1343 total, 0 uniq crashes found)...[0m
scheduled max input!!!!
schedule: 5 level30_2/ijon_max/5
updated maxmap 5: 820 (len: 924)
updated maxmap 6: 822 (len: 924)
[1;94m[*] [0mFuzzing test case #1059 (1343 total, 0 uniq crashes found)...[0m
scheduled max input!!!!
schedule: 11 level30_2/ijon_max/11
[1;94m[*] [0mFuzzing test case #1060 (1343 total, 0 uniq crashes found)...[0m
scheduled max input!!!!
schedule: 9 level30_2/ijon_max/9
[1;94m[*] [0mFuzzing test case #1061 (1343 total, 0 uniq crashes found)...[0m
scheduled max input!!!!
schedule: 9 level30_2/ijon_max/9
[1;94m[*] [0mFuzzing test case #1062 (1343 total, 0 uniq crashes found)...[0m
scheduled max input!!!!
schedule: 11 level30_2/ijon_max/11
[1;94m[*] [0mFuzzing test case #1063 (1343 total, 0 uniq crashes found)...[0m
scheduled max input!!!!
schedule: 8 level30_2/ijon_max/8
[1;94m[*] [0mFuzzing test case #1064 (1343 total, 0 uniq crashes found)...[0m
scheduled max input!!!!
schedule: 9 level30_2/ijon_max/9
[1;94m[*] [0mFuzzing test case #1065 (1343 total, 0 uniq crashes found)...[0m
scheduled max input!!!!
schedule: 11 level30_2/ijon_max/11
[1;94m[*] [0mFuzzing test case #1066 (1343 total, 0 uniq crashes found)...[0m
scheduled max input!!!!
schedule: 12 level30_2/ijon_max/12
[1;94m[*] [0mFuzzing test case #1067 (1343 total, 0 uniq crashes found)...[0m
scheduled max input!!!!
schedule: 12 level30_2/ijon_max/12
[1;94m[*] [0mFuzzing test case #1068 (1343 total, 0 uniq crashes found)...[0m
[1;94m[*] [0mFuzzing test case #1069 (1343 total, 0 uniq crashes found)...[0m
scheduled max input!!!!
schedule: 3 level30_2/ijon_max/3
[1;94m[*] [0mFuzzing test case #1070 (1343 total, 0 uniq crashes found)...[0m
scheduled max input!!!!
schedule: 5 level30_2/ijon_max/5
updated maxmap 5: 82a (len: 928)
updated maxmap 6: 82c (len: 928)
[1;94m[*] [0mFuzzing test case #1071 (1344 total, 0 uniq crashes found)...[0m
scheduled max input!!!!
schedule: 8 level30_2/ijon_max/8
[1;94m[*] [0mFuzzing test case #1072 (1344 total, 0 uniq crashes found)...[0m
scheduled max input!!!!
schedule: 15 level30_2/ijon_max/15
[1;94m[*] [0mFuzzing test case #1073 (1344 total, 0 uniq crashes found)...[0m
scheduled max input!!!!
schedule: 10 level30_2/ijon_max/10
[1;94m[*] [0mFuzzing test case #1074 (1344 total, 0 uniq crashes found)...[0m
scheduled max input!!!!
schedule: 11 level30_2/ijon_max/11
[1;94m[*] [0mFuzzing test case #1075 (1344 total, 0 uniq crashes found)...[0m
scheduled max input!!!!
schedule: 6 level30_2/ijon_max/6
updated maxmap 0: 7de (len: 929)
updated maxmap 6: 82d (len: 928)
[1;94m[*] [0mFuzzing test case #1076 (1344 total, 0 uniq crashes found)...[0m
scheduled max input!!!!
schedule: 2 level30_2/ijon_max/2
[1;94m[*] [0mFuzzing test case #1077 (1344 total, 0 uniq crashes found)...[0m
scheduled max input!!!!
schedule: 6 level30_2/ijon_max/6
updated maxmap 0: 7df (len: 928)
[1;94m[*] [0mFuzzing test case #1078 (1344 total, 0 uniq crashes found)...[0m
scheduled max input!!!!
schedule: 7 level30_2/ijon_max/7
updated maxmap 7: 819 (len: 918)
[1;94m[*] [0mFuzzing test case #1079 (1344 total, 0 uniq crashes found)...[0m
scheduled max input!!!!
schedule: 10 level30_2/ijon_max/10
[1;94m[*] [0mFuzzing test case #1080 (1344 total, 0 uniq crashes found)...[0m
scheduled max input!!!!
schedule: 0 level30_2/ijon_max/0
[1;94m[*] [0mFuzzing test case #1081 (1345 total, 0 uniq crashes found)...[0m
scheduled max input!!!!
schedule: 13 level30_2/ijon_max/13
[1;94m[*] [0mFuzzing test case #1082 (1345 total, 0 uniq crashes found)...[0m
scheduled max input!!!!
schedule: 15 level30_2/ijon_max/15
[1;94m[*] [0mFuzzing test case #1083 (1345 total, 0 uniq crashes found)...[0m
scheduled max input!!!!
schedule: 3 level30_2/ijon_max/3
[1;94m[*] [0mFuzzing test case #1084 (1346 total, 0 uniq crashes found)...[0m
scheduled max input!!!!
schedule: 6 level30_2/ijon_max/6
updated maxmap 7: 829 (len: 928)
updated maxmap 8: 82c (len: 928)
[1;94m[*] [0mFuzzing test case #1085 (1346 total, 0 uniq crashes found)...[0m
scheduled max input!!!!
schedule: 14 level30_2/ijon_max/14
[1;94m[*] [0mFuzzing test case #1086 (1346 total, 0 uniq crashes found)...[0m
[1;94m[*] [0mFuzzing test case #1087 (1346 total, 0 uniq crashes found)...[0m
scheduled max input!!!!
schedule: 3 level30_2/ijon_max/3
[1;94m[*] [0mFuzzing test case #1088 (1346 total, 0 uniq crashes found)...[0m
scheduled max input!!!!
schedule: 12 level30_2/ijon_max/12
[1;94m[*] [0mFuzzing test case #1089 (1346 total, 0 uniq crashes found)...[0m
[1;94m[*] [0mFuzzing test case #1090 (1346 total, 0 uniq crashes found)...[0m
scheduled max input!!!!
schedule: 2 level30_2/ijon_max/2
updated maxmap 2: 6d6 (len: 898)
minimized maxmap 2: 6d6 (len: 897)
[1;94m[*] [0mFuzzing test case #1091 (1347 total, 0 uniq crashes found)...[0m
[1;94m[*] [0mFuzzing test case #1092 (1347 total, 0 uniq crashes found)...[0m
scheduled max input!!!!
schedule: 11 level30_2/ijon_max/11
[1;94m[*] [0mFuzzing test case #1093 (1347 total, 0 uniq crashes found)...[0m
scheduled max input!!!!
schedule: 7 level30_2/ijon_max/7
updated maxmap 7: 82a (len: 928)
updated maxmap 8: 82d (len: 928)
updated maxmap 7: 82b (len: 928)
[1;94m[*] [0mFuzzing test case #1094 (1347 total, 0 uniq crashes found)...[0m
[1;94m[*] [0mFuzzing test case #1095 (1347 total, 0 uniq crashes found)...[0m
scheduled max input!!!!
schedule: 15 level30_2/ijon_max/15
[1;94m[*] [0mFuzzing test case #1096 (1347 total, 0 uniq crashes found)...[0m
scheduled max input!!!!
schedule: 14 level30_2/ijon_max/14
[1;94m[*] [0mFuzzing test case #1097 (1347 total, 0 uniq crashes found)...[0m
scheduled max input!!!!
schedule: 0 level30_2/ijon_max/0
[1;94m[*] [0mFuzzing test case #1098 (1347 total, 0 uniq crashes found)...[0m
scheduled max input!!!!
schedule: 10 level30_2/ijon_max/10
[1;94m[*] [0mFuzzing test case #1099 (1347 total, 0 uniq crashes found)...[0m
scheduled max input!!!!
schedule: 0 level30_2/ijon_max/0
[1;94m[*] [0mFuzzing test case #1100 (1347 total, 0 uniq crashes found)...[0m
[1;94m[*] [0mFuzzing test case #1101 (1347 total, 0 uniq crashes found)...[0m
scheduled max input!!!!
schedule: 9 level30_2/ijon_max/9
[1;94m[*] [0mFuzzing test case #1102 (1347 total, 0 uniq crashes found)...[0m
scheduled max input!!!!
schedule: 3 level30_2/ijon_max/3
[1;94m[*] [0mFuzzing test case #1103 (1347 total, 0 uniq crashes found)...[0m
[1;94m[*] [0mFuzzing test case #1104 (1347 total, 0 uniq crashes found)...[0m
[1;94m[*] [0mFuzzing test case #1105 (1347 total, 0 uniq crashes found)...[0m
scheduled max input!!!!
schedule: 4 level30_2/ijon_max/4
[1;94m[*] [0mFuzzing test case #1106 (1347 total, 0 uniq crashes found)...[0m
scheduled max input!!!!
schedule: 9 level30_2/ijon_max/9
[1;94m[*] [0mFuzzing test case #1107 (1347 total, 0 uniq crashes found)...[0m
scheduled max input!!!!
schedule: 8 level30_2/ijon_max/8
updated maxmap 5: 82c (len: 928)
[1;94m[*] [0mFuzzing test case #1108 (1347 total, 0 uniq crashes found)...[0m
scheduled max input!!!!
schedule: 8 level30_2/ijon_max/8
updated maxmap 15: 7df (len: 928)
[1;94m[*] [0mFuzzing test case #1109 (1347 total, 0 uniq crashes found)...[0m
scheduled max input!!!!
schedule: 9 level30_2/ijon_max/9
[1;94m[*] [0mFuzzing test case #1110 (1347 total, 0 uniq crashes found)...[0m
scheduled max input!!!!
schedule: 7 level30_2/ijon_max/7
updated maxmap 0: 7e0 (len: 928)
updated maxmap 8: 834 (len: 931)
updated maxmap 0: 7e2 (len: 929)
updated maxmap 13: 7dd (len: 929)
updated maxmap 14: 7df (len: 929)
updated maxmap 15: 7e2 (len: 929)
updated maxmap 8: 837 (len: 933)
updated maxmap 7: 831 (len: 935)
updated maxmap 8: 83c (len: 935)
updated maxmap 4: 82e (len: 936)
updated maxmap 5: 838 (len: 936)
updated maxmap 6: 840 (len: 936)
[1;94m[*] [0mFuzzing test case #1111 (1351 total, 0 uniq crashes found)...[0m
[1;94m[*] [0mFuzzing test case #1112 (1351 total, 0 uniq crashes found)...[0m
scheduled max input!!!!
schedule: 11 level30_2/ijon_max/11
[1;94m[*] [0mFuzzing test case #1113 (1352 total, 0 uniq crashes found)...[0m
scheduled max input!!!!
schedule: 8 level30_2/ijon_max/8
updated maxmap 7: 832 (len: 935)
updated maxmap 8: 83d (len: 935)
[1;94m[*] [0mFuzzing test case #1114 (1353 total, 0 uniq crashes found)...[0m
scheduled max input!!!!
schedule: 11 level30_2/ijon_max/11
[1;94m[*] [0mFuzzing test case #1115 (1353 total, 0 uniq crashes found)...[0m
scheduled max input!!!!
schedule: 11 level30_2/ijon_max/11
[1;94m[*] [0mFuzzing test case #1116 (1353 total, 0 uniq crashes found)...[0m
[1;94m[*] [0mFuzzing test case #1117 (1353 total, 0 uniq crashes found)...[0m
[1;94m[*] [0mFuzzing test case #1118 (1353 total, 0 uniq crashes found)...[0m
scheduled max input!!!!
schedule: 4 level30_2/ijon_max/4
updated maxmap 4: 830 (len: 936)
updated maxmap 5: 83a (len: 936)
updated maxmap 6: 841 (len: 936)
[1;94m[*] [0mFuzzing test case #1119 (1354 total, 0 uniq crashes found)...[0m
scheduled max input!!!!
schedule: 7 level30_2/ijon_max/7
[1;94m[*] [0mFuzzing test case #1120 (1354 total, 0 uniq crashes found)...[0m
scheduled max input!!!!
schedule: 15 level30_2/ijon_max/15
[1;94m[*] [0mFuzzing test case #1121 (1354 total, 0 uniq crashes found)...[0m
scheduled max input!!!!
schedule: 11 level30_2/ijon_max/11
[1;94m[*] [0mFuzzing test case #1122 (1354 total, 0 uniq crashes found)...[0m
[1;94m[*] [0mFuzzing test case #1123 (1354 total, 0 uniq crashes found)...[0m
scheduled max input!!!!
schedule: 2 level30_2/ijon_max/2
[1;94m[*] [0mFuzzing test case #1124 (1354 total, 0 uniq crashes found)...[0m
scheduled max input!!!!
schedule: 3 level30_2/ijon_max/3
[1;94m[*] [0mFuzzing test case #1125 (1354 total, 0 uniq crashes found)...[0m
scheduled max input!!!!
schedule: 2 level30_2/ijon_max/2
updated maxmap 2: 6e7 (len: 903)
updated maxmap 3: 6ef (len: 903)
minimized maxmap 2: 6e7 (len: 897)
minimized maxmap 3: 6ef (len: 897)
updated maxmap 2: 6e8 (len: 897)
updated maxmap 3: 6f0 (len: 897)
[1;94m[*] [0mFuzzing test case #1126 (1354 total, 0 uniq crashes found)...[0m
scheduled max input!!!!
schedule: 14 level30_2/ijon_max/14
updated maxmap 0: 7e3 (len: 929)
updated maxmap 15: 7e3 (len: 929)
[1;94m[*] [0mFuzzing test case #1127 (1354 total, 0 uniq crashes found)...[0m
scheduled max input!!!!
schedule: 10 level30_2/ijon_max/10
[1;94m[*] [0mFuzzing test case #1128 (1354 total, 0 uniq crashes found)...[0m
[1;94m[*] [0mFuzzing test case #1129 (1354 total, 0 uniq crashes found)...[0m
scheduled max input!!!!
schedule: 9 level30_2/ijon_max/9
[1;94m[*] [0mFuzzing test case #1130 (1354 total, 0 uniq crashes found)...[0m
scheduled max input!!!!
schedule: 3 level30_2/ijon_max/3
[1;94m[*] [0mFuzzing test case #1131 (1354 total, 0 uniq crashes found)...[0m
scheduled max input!!!!
schedule: 13 level30_2/ijon_max/13
[1;94m[*] [0mFuzzing test case #1132 (1354 total, 0 uniq crashes found)...[0m
scheduled max input!!!!
schedule: 6 level30_2/ijon_max/6
[1;94m[*] [0mFuzzing test case #1133 (1354 total, 0 uniq crashes found)...[0m
[1;94m[*] [0mFuzzing test case #1134 (1354 total, 0 uniq crashes found)...[0m
scheduled max input!!!!
schedule: 12 level30_2/ijon_max/12
[1;94m[*] [0mFuzzing test case #1135 (1354 total, 0 uniq crashes found)...[0m
scheduled max input!!!!
schedule: 5 level30_2/ijon_max/5
[1;94m[*] [0mFuzzing test case #1136 (1354 total, 0 uniq crashes found)...[0m
scheduled max input!!!!
schedule: 15 level30_2/ijon_max/15
[1;94m[*] [0mFuzzing test case #1137 (1354 total, 0 uniq crashes found)...[0m
scheduled max input!!!!
schedule: 6 level30_2/ijon_max/6
[1;94m[*] [0mFuzzing test case #1138 (1355 total, 0 uniq crashes found)...[0m
[1;94m[*] [0mFuzzing test case #1139 (1355 total, 0 uniq crashes found)...[0m
scheduled max input!!!!
schedule: 4 level30_2/ijon_max/4
[1;94m[*] [0mFuzzing test case #1140 (1355 total, 0 uniq crashes found)...[0m
scheduled max input!!!!
schedule: 13 level30_2/ijon_max/13
[1;94m[*] [0mFuzzing test case #1141 (1355 total, 0 uniq crashes found)...[0m
scheduled max input!!!!
schedule: 11 level30_2/ijon_max/11
[1;94m[*] [0mFuzzing test case #1142 (1355 total, 0 uniq crashes found)...[0m
scheduled max input!!!!
schedule: 15 level30_2/ijon_max/15
[1;94m[*] [0mFuzzing test case #1143 (1355 total, 0 uniq crashes found)...[0m
scheduled max input!!!!
schedule: 9 level30_2/ijon_max/9
[1;94m[*] [0mFuzzing test case #1144 (1355 total, 0 uniq crashes found)...[0m
scheduled max input!!!!
schedule: 4 level30_2/ijon_max/4
[1;94m[*] [0mFuzzing test case #1145 (1356 total, 0 uniq crashes found)...[0m
scheduled max input!!!!
schedule: 0 level30_2/ijon_max/0
[1;94m[*] [0mFuzzing test case #1146 (1357 total, 0 uniq crashes found)...[0m
scheduled max input!!!!
schedule: 7 level30_2/ijon_max/7
updated maxmap 8: 83e (len: 935)
updated maxmap 8: 83f (len: 936)
updated maxmap 7: 83b (len: 935)
[1;94m[*] [0mFuzzing test case #1147 (1358 total, 0 uniq crashes found)...[0m
scheduled max input!!!!
schedule: 2 level30_2/ijon_max/2
updated maxmap 2: 6e9 (len: 897)
[1;94m[*] [0mFuzzing test case #1148 (1358 total, 0 uniq crashes found)...[0m
scheduled max input!!!!
schedule: 2 level30_2/ijon_max/2
[1;94m[*] [0mFuzzing test case #1149 (1358 total, 0 uniq crashes found)...[0m
[1;94m[*] [0mFuzzing test case #1150 (1358 total, 0 uniq crashes found)...[0m
scheduled max input!!!!
schedule: 14 level30_2/ijon_max/14
[1;94m[*] [0mFuzzing test case #1151 (1358 total, 0 uniq crashes found)...[0m
scheduled max input!!!!
schedule: 14 level30_2/ijon_max/14
[1;94m[*] [0mFuzzing test case #1152 (1358 total, 0 uniq crashes found)...[0m
scheduled max input!!!!
schedule: 12 level30_2/ijon_max/12
[1;94m[*] [0mFuzzing test case #1153 (1358 total, 0 uniq crashes found)...[0m
scheduled max input!!!!
schedule: 9 level30_2/ijon_max/9
[1;94m[*] [0mFuzzing test case #1154 (1358 total, 0 uniq crashes found)...[0m
scheduled max input!!!!
schedule: 2 level30_2/ijon_max/2
[1;94m[*] [0mFuzzing test case #1155 (1358 total, 0 uniq crashes found)...[0m
[1;94m[*] [0mFuzzing test case #1156 (1358 total, 0 uniq crashes found)...[0m
scheduled max input!!!!
schedule: 14 level30_2/ijon_max/14
[1;94m[*] [0mFuzzing test case #1157 (1358 total, 0 uniq crashes found)...[0m
[1;94m[*] [0mFuzzing test case #1158 (1358 total, 0 uniq crashes found)...[0m
scheduled max input!!!!
schedule: 5 level30_2/ijon_max/5
[1;94m[*] [0mFuzzing test case #1159 (1358 total, 0 uniq crashes found)...[0m
scheduled max input!!!!
schedule: 4 level30_2/ijon_max/4
[1;94m[*] [0mFuzzing test case #1160 (1358 total, 0 uniq crashes found)...[0m
scheduled max input!!!!
schedule: 9 level30_2/ijon_max/9
[1;94m[*] [0mFuzzing test case #1161 (1358 total, 0 uniq crashes found)...[0m
scheduled max input!!!!
schedule: 10 level30_2/ijon_max/10
[1;94m[*] [0mFuzzing test case #1162 (1358 total, 0 uniq crashes found)...[0m
scheduled max input!!!!
schedule: 15 level30_2/ijon_max/15
[1;94m[*] [0mFuzzing test case #1163 (1358 total, 0 uniq crashes found)...[0m
scheduled max input!!!!
schedule: 12 level30_2/ijon_max/12
[1;94m[*] [0mFuzzing test case #1164 (1358 total, 0 uniq crashes found)...[0m
scheduled max input!!!!
schedule: 9 level30_2/ijon_max/9
[1;94m[*] [0mFuzzing test case #1165 (1358 total, 0 uniq crashes found)...[0m
scheduled max input!!!!
schedule: 15 level30_2/ijon_max/15
[1;94m[*] [0mFuzzing test case #1166 (1358 total, 0 uniq crashes found)...[0m
[1;94m[*] [0mFuzzing test case #1167 (1358 total, 0 uniq crashes found)...[0m
scheduled max input!!!!
schedule: 13 level30_2/ijon_max/13
[1;94m[*] [0mFuzzing test case #1168 (1358 total, 0 uniq crashes found)...[0m
[1;94m[*] [0mFuzzing test case #1169 (1358 total, 0 uniq crashes found)...[0m
scheduled max input!!!!
schedule: 6 level30_2/ijon_max/6
[1;94m[*] [0mFuzzing test case #1170 (1358 total, 0 uniq crashes found)...[0m
[1;94m[*] [0mFuzzing test case #1171 (1358 total, 0 uniq crashes found)...[0m
scheduled max input!!!!
schedule: 8 level30_2/ijon_max/8
updated maxmap 7: 840 (len: 936)
updated maxmap 8: 840 (len: 936)
updated maxmap 8: 843 (len: 943)
updated maxmap 8: 845 (len: 942)
updated maxmap 8: 84b (len: 942)
updated maxmap 6: 848 (len: 940)
[1;94m[*] [0mFuzzing test case #1172 (1365 total, 0 uniq crashes found)...[0m
scheduled max input!!!!
schedule: 10 level30_2/ijon_max/10
[1;94m[*] [0mFuzzing test case #1173 (1365 total, 0 uniq crashes found)...[0m
scheduled max input!!!!
schedule: 9 level30_2/ijon_max/9
[1;94m[*] [0mFuzzing test case #1174 (1365 total, 0 uniq crashes found)...[0m
scheduled max input!!!!
schedule: 3 level30_2/ijon_max/3
[1;94m[*] [0mFuzzing test case #1175 (1365 total, 0 uniq crashes found)...[0m
scheduled max input!!!!
schedule: 12 level30_2/ijon_max/12
[1;94m[*] [0mFuzzing test case #1176 (1365 total, 0 uniq crashes found)...[0m
scheduled max input!!!!
schedule: 3 level30_2/ijon_max/3
[1;94m[*] [0mFuzzing test case #1177 (1366 total, 0 uniq crashes found)...[0m
scheduled max input!!!!
schedule: 9 level30_2/ijon_max/9
[1;94m[*] [0mFuzzing test case #1178 (1366 total, 0 uniq crashes found)...[0m
scheduled max input!!!!
schedule: 8 level30_2/ijon_max/8
updated maxmap 8: 84c (len: 942)
updated maxmap 8: 84d (len: 942)
updated maxmap 6: 84f (len: 942)
updated maxmap 7: 84a (len: 942)
updated maxmap 8: 84e (len: 942)
[1;94m[*] [0mFuzzing test case #1179 (1368 total, 0 uniq crashes found)...[0m
scheduled max input!!!!
schedule: 7 level30_2/ijon_max/7
updated maxmap 6: 858 (len: 946)
updated maxmap 7: 84e (len: 942)
updated maxmap 7: 84f (len: 942)
[1;94m[*] [0mFuzzing test case #1180 (1369 total, 0 uniq crashes found)...[0m
scheduled max input!!!!
schedule: 4 level30_2/ijon_max/4
[1;94m[*] [0mFuzzing test case #1181 (1369 total, 0 uniq crashes found)...[0m
scheduled max input!!!!
schedule: 11 level30_2/ijon_max/11
[1;94m[*] [0mFuzzing test case #1182 (1369 total, 0 uniq crashes found)...[0m
scheduled max input!!!!
schedule: 4 level30_2/ijon_max/4
[1;94m[*] [0mFuzzing test case #1183 (1369 total, 0 uniq crashes found)...[0m
scheduled max input!!!!
schedule: 7 level30_2/ijon_max/7
[1;94m[*] [0mFuzzing test case #1184 (1369 total, 0 uniq crashes found)...[0m
scheduled max input!!!!
schedule: 4 level30_2/ijon_max/4
[1;94m[*] [0mFuzzing test case #1185 (1369 total, 0 uniq crashes found)...[0m
scheduled max input!!!!
schedule: 7 level30_2/ijon_max/7
updated maxmap 7: 851 (len: 943)
updated maxmap 6: 860 (len: 949)
[1;94m[*] [0mFuzzing test case #1186 (1370 total, 0 uniq crashes found)...[0m
scheduled max input!!!!
schedule: 12 level30_2/ijon_max/12
[1;94m[*] [0mFuzzing test case #1187 (1370 total, 0 uniq crashes found)...[0m
scheduled max input!!!!
schedule: 11 level30_2/ijon_max/11
[1;94m[*] [0mFuzzing test case #1188 (1370 total, 0 uniq crashes found)...[0m
[1;94m[*] [0mFuzzing test case #1189 (1370 total, 0 uniq crashes found)...[0m
[1;94m[*] [0mFuzzing test case #1190 (1370 total, 0 uniq crashes found)...[0m
[1;94m[*] [0mFuzzing test case #1191 (1370 total, 0 uniq crashes found)...[0m
scheduled max input!!!!
schedule: 12 level30_2/ijon_max/12
[1;94m[*] [0mFuzzing test case #1192 (1370 total, 0 uniq crashes found)...[0m
scheduled max input!!!!
schedule: 7 level30_2/ijon_max/7
[1;94m[*] [0mFuzzing test case #1193 (1370 total, 0 uniq crashes found)...[0m
[1;94m[*] [0mFuzzing test case #1194 (1370 total, 0 uniq crashes found)...[0m
scheduled max input!!!!
schedule: 14 level30_2/ijon_max/14
[1;94m[*] [0mFuzzing test case #1195 (1370 total, 0 uniq crashes found)...[0m
scheduled max input!!!!
schedule: 6 level30_2/ijon_max/6
[1;94m[*] [0mFuzzing test case #1196 (1370 total, 0 uniq crashes found)...[0m
[1;94m[*] [0mFuzzing test case #1197 (1370 total, 0 uniq crashes found)...[0m
[1;94m[*] [0mFuzzing test case #1198 (1370 total, 0 uniq crashes found)...[0m
scheduled max input!!!!
schedule: 2 level30_2/ijon_max/2
[1;94m[*] [0mFuzzing test case #1199 (1370 total, 0 uniq crashes found)...[0m
[1;94m[*] [0mFuzzing test case #1200 (1370 total, 0 uniq crashes found)...[0m
scheduled max input!!!!
schedule: 13 level30_2/ijon_max/13
[1;94m[*] [0mFuzzing test case #1201 (1370 total, 0 uniq crashes found)...[0m
scheduled max input!!!!
schedule: 6 level30_2/ijon_max/6
updated maxmap 7: 867 (len: 953)
[1;94m[*] [0mFuzzing test case #1202 (1372 total, 0 uniq crashes found)...[0m
[1;94m[*] [0mFuzzing test case #1203 (1372 total, 0 uniq crashes found)...[0m
scheduled max input!!!!
schedule: 2 level30_2/ijon_max/2
[1;94m[*] [0mFuzzing test case #1204 (1372 total, 0 uniq crashes found)...[0m
scheduled max input!!!!
schedule: 11 level30_2/ijon_max/11
[1;94m[*] [0mFuzzing test case #1205 (1372 total, 0 uniq crashes found)...[0m
scheduled max input!!!!
schedule: 4 level30_2/ijon_max/4
[1;94m[*] [0mFuzzing test case #1206 (1372 total, 0 uniq crashes found)...[0m
scheduled max input!!!!
schedule: 2 level30_2/ijon_max/2
[1;94m[*] [0mFuzzing test case #1207 (1372 total, 0 uniq crashes found)...[0m
[1;94m[*] [0mFuzzing test case #1208 (1372 total, 0 uniq crashes found)...[0m
scheduled max input!!!!
schedule: 6 level30_2/ijon_max/6
[1;94m[*] [0mFuzzing test case #1209 (1372 total, 0 uniq crashes found)...[0m
[1;94m[*] [0mFuzzing test case #1210 (1372 total, 0 uniq crashes found)...[0m
[1;94m[*] [0mFuzzing test case #1211 (1372 total, 0 uniq crashes found)...[0m
scheduled max input!!!!
schedule: 11 level30_2/ijon_max/11
[1;94m[*] [0mFuzzing test case #1212 (1372 total, 0 uniq crashes found)...[0m
scheduled max input!!!!
schedule: 15 level30_2/ijon_max/15
[1;94m[*] [0mFuzzing test case #1213 (1372 total, 0 uniq crashes found)...[0m
scheduled max input!!!!
schedule: 7 level30_2/ijon_max/7
updated maxmap 0: 7e4 (len: 953)
[1;94m[*] [0mFuzzing test case #1214 (1372 total, 0 uniq crashes found)...[0m
scheduled max input!!!!
schedule: 6 level30_2/ijon_max/6
[1;94m[*] [0mFuzzing test case #1215 (1372 total, 0 uniq crashes found)...[0m
[1;94m[*] [0mFuzzing test case #1216 (1372 total, 0 uniq crashes found)...[0m
scheduled max input!!!!
schedule: 15 level30_2/ijon_max/15
[1;94m[*] [0mFuzzing test case #1217 (1372 total, 0 uniq crashes found)...[0m
scheduled max input!!!!
schedule: 10 level30_2/ijon_max/10
[1;94m[*] [0mFuzzing test case #1218 (1372 total, 0 uniq crashes found)...[0m
scheduled max input!!!!
schedule: 14 level30_2/ijon_max/14
[1;94m[*] [0mFuzzing test case #1219 (1372 total, 0 uniq crashes found)...[0m
scheduled max input!!!!
schedule: 8 level30_2/ijon_max/8
[1;94m[*] [0mFuzzing test case #1220 (1372 total, 0 uniq crashes found)...[0m
scheduled max input!!!!
schedule: 10 level30_2/ijon_max/10
[1;94m[*] [0mFuzzing test case #1221 (1372 total, 0 uniq crashes found)...[0m
scheduled max input!!!!
schedule: 7 level30_2/ijon_max/7
updated maxmap 7: 868 (len: 953)
updated maxmap 6: 861 (len: 953)
updated maxmap 7: 869 (len: 953)
updated maxmap 6: 865 (len: 953)
updated maxmap 14: 7e0 (len: 953)
[1;94m[*] [0mFuzzing test case #1222 (1373 total, 0 uniq crashes found)...[0m
scheduled max input!!!!
schedule: 13 level30_2/ijon_max/13
[1;94m[*] [0mFuzzing test case #1223 (1373 total, 0 uniq crashes found)...[0m
[1;94m[*] [0mFuzzing test case #1224 (1373 total, 0 uniq crashes found)...[0m
scheduled normal input!!!!
[1;94m[*] [0mFuzzing test case #1225 (1373 total, 0 uniq crashes found)...[0m
scheduled max input!!!!
schedule: 10 level30_2/ijon_max/10
[1;94m[*] [0mFuzzing test case #1226 (1373 total, 0 uniq crashes found)...[0m
scheduled max input!!!!
schedule: 12 level30_2/ijon_max/12
[1;94m[*] [0mFuzzing test case #1227 (1373 total, 0 uniq crashes found)...[0m
[1;94m[*] [0mFuzzing test case #1228 (1373 total, 0 uniq crashes found)...[0m
scheduled max input!!!!
schedule: 2 level30_2/ijon_max/2
[1;94m[*] [0mFuzzing test case #1229 (1373 total, 0 uniq crashes found)...[0m
scheduled max input!!!!
schedule: 4 level30_2/ijon_max/4
[1;94m[*] [0mFuzzing test case #1230 (1373 total, 0 uniq crashes found)...[0m
[1;94m[*] [0mFuzzing test case #1231 (1373 total, 0 uniq crashes found)...[0m
scheduled max input!!!!
schedule: 9 level30_2/ijon_max/9
[1;94m[*] [0mFuzzing test case #1232 (1373 total, 0 uniq crashes found)...[0m
scheduled max input!!!!
schedule: 2 level30_2/ijon_max/2
[1;94m[*] [0mFuzzing test case #1233 (1373 total, 0 uniq crashes found)...[0m
scheduled max input!!!!
schedule: 4 level30_2/ijon_max/4
[1;94m[*] [0mFuzzing test case #1234 (1373 total, 0 uniq crashes found)...[0m
scheduled max input!!!!
schedule: 7 level30_2/ijon_max/7
[1;94m[*] [0mFuzzing test case #1235 (1373 total, 0 uniq crashes found)...[0m
scheduled max input!!!!
schedule: 4 level30_2/ijon_max/4
updated maxmap 3: 83f (len: 944)
updated maxmap 4: 849 (len: 944)
updated maxmap 5: 853 (len: 944)
minimized maxmap 3: 83f (len: 936)
[1;94m[*] [0mFuzzing test case #1236 (1373 total, 0 uniq crashes found)...[0m
[1;94m[*] [0mFuzzing test case #1237 (1373 total, 0 uniq crashes found)...[0m
[1;94m[*] [0mFuzzing test case #1238 (1373 total, 0 uniq crashes found)...[0m
scheduled max input!!!!
schedule: 13 level30_2/ijon_max/13
[1;94m[*] [0mFuzzing test case #1239 (1373 total, 0 uniq crashes found)...[0m
scheduled max input!!!!
schedule: 4 level30_2/ijon_max/4
[1;94m[*] [0mFuzzing test case #1240 (1373 total, 0 uniq crashes found)...[0m
scheduled max input!!!!
schedule: 15 level30_2/ijon_max/15
[1;94m[*] [0mFuzzing test case #1241 (1373 total, 0 uniq crashes found)...[0m
scheduled max input!!!!
schedule: 8 level30_2/ijon_max/8
[1;94m[*] [0mFuzzing test case #1242 (1373 total, 0 uniq crashes found)...[0m
[1;94m[*] [0mFuzzing test case #1243 (1373 total, 0 uniq crashes found)...[0m
[1;94m[*] [0mFuzzing test case #1244 (1373 total, 0 uniq crashes found)...[0m
scheduled max input!!!!
schedule: 9 level30_2/ijon_max/9
[1;94m[*] [0mFuzzing test case #1245 (1373 total, 0 uniq crashes found)...[0m
scheduled max input!!!!
schedule: 10 level30_2/ijon_max/10
[1;94m[*] [0mFuzzing test case #1246 (1373 total, 0 uniq crashes found)...[0m
scheduled max input!!!!
schedule: 13 level30_2/ijon_max/13
[1;94m[*] [0mFuzzing test case #1247 (1373 total, 0 uniq crashes found)...[0m
scheduled max input!!!!
schedule: 11 level30_2/ijon_max/11
[1;94m[*] [0mFuzzing test case #1248 (1373 total, 0 uniq crashes found)...[0m
scheduled max input!!!!
schedule: 7 level30_2/ijon_max/7
[1;94m[*] [0mFuzzing test case #1249 (1373 total, 0 uniq crashes found)...[0m
[1;94m[*] [0mFuzzing test case #1250 (1373 total, 0 uniq crashes found)...[0m
scheduled max input!!!!
schedule: 11 level30_2/ijon_max/11
[1;94m[*] [0mFuzzing test case #1251 (1373 total, 0 uniq crashes found)...[0m
scheduled max input!!!!
schedule: 11 level30_2/ijon_max/11
[1;94m[*] [0mFuzzing test case #1252 (1373 total, 0 uniq crashes found)...[0m
scheduled max input!!!!
schedule: 4 level30_2/ijon_max/4
updated maxmap 8: 84f (len: 944)
[1;94m[*] [0mFuzzing test case #1253 (1373 total, 0 uniq crashes found)...[0m
scheduled max input!!!!
schedule: 4 level30_2/ijon_max/4
[1;94m[*] [0mFuzzing test case #1254 (1373 total, 0 uniq crashes found)...[0m
scheduled max input!!!!
schedule: 6 level30_2/ijon_max/6
updated maxmap 6: 866 (len: 953)
[1;94m[*] [0mFuzzing test case #1255 (1373 total, 0 uniq crashes found)...[0m
scheduled max input!!!!
schedule: 5 level30_2/ijon_max/5
[1;94m[*] [0mFuzzing test case #1256 (1373 total, 0 uniq crashes found)...[0m
scheduled max input!!!!
schedule: 0 level30_2/ijon_max/0
updated maxmap 0: 7e5 (len: 953)
updated maxmap 14: 7e1 (len: 953)
updated maxmap 15: 7e4 (len: 953)
[1;94m[*] [0mFuzzing test case #1257 (1373 total, 0 uniq crashes found)...[0m
[1;94m[*] [0mFuzzing test case #1258 (1373 total, 0 uniq crashes found)...[0m
scheduled max input!!!!
schedule: 12 level30_2/ijon_max/12
[1;94m[*] [0mFuzzing test case #1259 (1373 total, 0 uniq crashes found)...[0m
scheduled max input!!!!
schedule: 9 level30_2/ijon_max/9
[1;94m[*] [0mFuzzing test case #1260 (1373 total, 0 uniq crashes found)...[0m
scheduled max input!!!!
schedule: 15 level30_2/ijon_max/15
[1;94m[*] [0mFuzzing test case #1261 (1373 total, 0 uniq crashes found)...[0m
scheduled max input!!!!
schedule: 12 level30_2/ijon_max/12
[1;94m[*] [0mFuzzing test case #1262 (1373 total, 0 uniq crashes found)...[0m
[1;94m[*] [0mFuzzing test case #1263 (1373 total, 0 uniq crashes found)...[0m
scheduled max input!!!!
schedule: 4 level30_2/ijon_max/4
updated maxmap 8: 852 (len: 944)
[1;94m[*] [0mFuzzing test case #1264 (1373 total, 0 uniq crashes found)...[0m
scheduled max input!!!!
schedule: 8 level30_2/ijon_max/8
updated maxmap 8: 853 (len: 944)
[1;94m[*] [0mFuzzing test case #1265 (1373 total, 0 uniq crashes found)...[0m
scheduled max input!!!!
schedule: 13 level30_2/ijon_max/13
[1;94m[*] [0mFuzzing test case #1266 (1373 total, 0 uniq crashes found)...[0m
scheduled max input!!!!
schedule: 4 level30_2/ijon_max/4
[1;94m[*] [0mFuzzing test case #1267 (1373 total, 0 uniq crashes found)...[0m
scheduled max input!!!!
schedule: 12 level30_2/ijon_max/12
[1;94m[*] [0mFuzzing test case #1268 (1373 total, 0 uniq crashes found)...[0m
scheduled max input!!!!
schedule: 15 level30_2/ijon_max/15
[1;94m[*] [0mFuzzing test case #1269 (1373 total, 0 uniq crashes found)...[0m
scheduled max input!!!!
schedule: 6 level30_2/ijon_max/6
updated maxmap 6: 868 (len: 953)
[1;94m[*] [0mFuzzing test case #1270 (1373 total, 0 uniq crashes found)...[0m
[1;94m[*] [0mFuzzing test case #1271 (1373 total, 0 uniq crashes found)...[0m
scheduled max input!!!!
schedule: 5 level30_2/ijon_max/5
[1;94m[*] [0mFuzzing test case #1272 (1373 total, 0 uniq crashes found)...[0m
scheduled max input!!!!
schedule: 2 level30_2/ijon_max/2
[1;94m[*] [0mFuzzing test case #1273 (1373 total, 0 uniq crashes found)...[0m
scheduled max input!!!!
schedule: 9 level30_2/ijon_max/9
[1;94m[*] [0mFuzzing test case #1274 (1373 total, 0 uniq crashes found)...[0m
scheduled max input!!!!
schedule: 14 level30_2/ijon_max/14
[1;94m[*] [0mFuzzing test case #1275 (1373 total, 0 uniq crashes found)...[0m
scheduled max input!!!!
schedule: 11 level30_2/ijon_max/11
[1;94m[*] [0mFuzzing test case #1276 (1373 total, 0 uniq crashes found)...[0m
scheduled max input!!!!
schedule: 3 level30_2/ijon_max/3
[1;94m[*] [0mFuzzing test case #1277 (1373 total, 0 uniq crashes found)...[0m
scheduled max input!!!!
schedule: 7 level30_2/ijon_max/7
updated maxmap 7: 873 (len: 959)
updated maxmap 8: 86e (len: 959)
[1;94m[*] [0mFuzzing test case #1278 (1374 total, 0 uniq crashes found)...[0m
scheduled max input!!!!
schedule: 13 level30_2/ijon_max/13
[1;94m[*] [0mFuzzing test case #1279 (1374 total, 0 uniq crashes found)...[0m
scheduled max input!!!!
schedule: 9 level30_2/ijon_max/9
[1;94m[*] [0mFuzzing test case #1280 (1374 total, 0 uniq crashes found)...[0m
[1;94m[*] [0mFuzzing test case #1281 (1374 total, 0 uniq crashes found)...[0m
scheduled max input!!!!
schedule: 13 level30_2/ijon_max/13
[1;94m[*] [0mFuzzing test case #1282 (1374 total, 0 uniq crashes found)...[0m
scheduled max input!!!!
schedule: 4 level30_2/ijon_max/4
updated maxmap 5: 855 (len: 944)
[1;94m[*] [0mFuzzing test case #1283 (1374 total, 0 uniq crashes found)...[0m
scheduled max input!!!!
schedule: 3 level30_2/ijon_max/3
[1;94m[*] [0mFuzzing test case #1284 (1374 total, 0 uniq crashes found)...[0m
scheduled max input!!!!
schedule: 14 level30_2/ijon_max/14
[1;94m[*] [0mFuzzing test case #1285 (1374 total, 0 uniq crashes found)...[0m
scheduled max input!!!!
schedule: 15 level30_2/ijon_max/15
[1;94m[*] [0mFuzzing test case #1286 (1374 total, 0 uniq crashes found)...[0m
scheduled max input!!!!
schedule: 9 level30_2/ijon_max/9
[1;94m[*] [0mFuzzing test case #1287 (1374 total, 0 uniq crashes found)...[0m
scheduled max input!!!!
schedule: 15 level30_2/ijon_max/15
[1;94m[*] [0mFuzzing test case #1288 (1374 total, 0 uniq crashes found)...[0m
scheduled max input!!!!
schedule: 2 level30_2/ijon_max/2
[1;94m[*] [0mFuzzing test case #1289 (1374 total, 0 uniq crashes found)...[0m
scheduled max input!!!!
schedule: 2 level30_2/ijon_max/2
[1;94m[*] [0mFuzzing test case #1290 (1374 total, 0 uniq crashes found)...[0m
scheduled max input!!!!
schedule: 3 level30_2/ijon_max/3
[1;94m[*] [0mFuzzing test case #1291 (1374 total, 0 uniq crashes found)...[0m
scheduled max input!!!!
schedule: 10 level30_2/ijon_max/10
[1;94m[*] [0mFuzzing test case #1292 (1374 total, 0 uniq crashes found)...[0m
scheduled max input!!!!
schedule: 10 level30_2/ijon_max/10
[1;94m[*] [0mFuzzing test case #1293 (1374 total, 0 uniq crashes found)...[0m
scheduled max input!!!!
schedule: 7 level30_2/ijon_max/7
updated maxmap 5: 866 (len: 959)
updated maxmap 6: 870 (len: 959)
updated maxmap 7: 877 (len: 959)
updated maxmap 8: 872 (len: 959)
updated maxmap 7: 878 (len: 959)
updated maxmap 8: 873 (len: 959)
[1;94m[*] [0mFuzzing test case #1294 (1374 total, 0 uniq crashes found)...[0m
scheduled max input!!!!
schedule: 0 level30_2/ijon_max/0
[1;94m[*] [0mFuzzing test case #1295 (1374 total, 0 uniq crashes found)...[0m
scheduled max input!!!!
schedule: 13 level30_2/ijon_max/13
[1;94m[*] [0mFuzzing test case #1296 (1374 total, 0 uniq crashes found)...[0m
scheduled max input!!!!
schedule: 11 level30_2/ijon_max/11
[1;94m[*] [0mFuzzing test case #1297 (1374 total, 0 uniq crashes found)...[0m
scheduled max input!!!!
schedule: 14 level30_2/ijon_max/14
[1;94m[*] [0mFuzzing test case #1298 (1374 total, 0 uniq crashes found)...[0m
scheduled max input!!!!
schedule: 7 level30_2/ijon_max/7
updated maxmap 7: 87a (len: 962)
updated maxmap 8: 875 (len: 962)
minimized maxmap 8: 875 (len: 959)
updated maxmap 8: 877 (len: 959)
[1;94m[*] [0mFuzzing test case #1299 (1375 total, 0 uniq crashes found)...[0m
scheduled max input!!!!
schedule: 2 level30_2/ijon_max/2
[1;94m[*] [0mFuzzing test case #1300 (1375 total, 0 uniq crashes found)...[0m
[1;94m[*] [0mFuzzing test case #1301 (1375 total, 0 uniq crashes found)...[0m
scheduled max input!!!!
schedule: 4 level30_2/ijon_max/4
[1;94m[*] [0mFuzzing test case #1302 (1375 total, 0 uniq crashes found)...[0m
scheduled max input!!!!
schedule: 2 level30_2/ijon_max/2
[1;94m[*] [0mFuzzing test case #1303 (1375 total, 0 uniq crashes found)...[0m
scheduled max input!!!!
schedule: 2 level30_2/ijon_max/2
updated maxmap 1: 6e5 (len: 905)
updated maxmap 2: 6f2 (len: 905)
minimized maxmap 1: 6e5 (len: 897)
minimized maxmap 2: 6f2 (len: 897)
[1;94m[*] [0mFuzzing test case #1304 (1376 total, 0 uniq crashes found)...[0m
[1;94m[*] [0mFuzzing test case #1305 (1376 total, 0 uniq crashes found)...[0m
scheduled max input!!!!
schedule: 15 level30_2/ijon_max/15
[1;94m[*] [0mFuzzing test case #1306 (1376 total, 0 uniq crashes found)...[0m
[1;94m[*] [0mFuzzing test case #1307 (1376 total, 0 uniq crashes found)...[0m
scheduled max input!!!!
schedule: 7 level30_2/ijon_max/7
updated maxmap 7: 87c (len: 962)
updated maxmap 7: 87e (len: 962)
updated maxmap 8: 87a (len: 962)
updated maxmap 8: 87b (len: 962)
updated maxmap 0: 7e6 (len: 962)
updated maxmap 13: 7de (len: 962)
updated maxmap 15: 7e5 (len: 962)
[1;94m[*] [0mFuzzing test case #1308 (1377 total, 0 uniq crashes found)...[0m
scheduled max input!!!!
schedule: 3 level30_2/ijon_max/3
[1;94m[*] [0mFuzzing test case #1309 (1377 total, 0 uniq crashes found)...[0m
scheduled max input!!!!
schedule: 3 level30_2/ijon_max/3
[1;94m[*] [0mFuzzing test case #1310 (1377 total, 0 uniq crashes found)...[0m
scheduled max input!!!!
schedule: 5 level30_2/ijon_max/5
updated maxmap 5: 867 (len: 959)
updated maxmap 6: 871 (len: 959)
updated maxmap 5: 86b (len: 959)
updated maxmap 6: 875 (len: 959)
updated maxmap 5: 86c (len: 959)
updated maxmap 6: 876 (len: 959)
[1;94m[*] [0mFuzzing test case #1311 (1377 total, 0 uniq crashes found)...[0m
scheduled max input!!!!
schedule: 12 level30_2/ijon_max/12
[1;94m[*] [0mFuzzing test case #1312 (1377 total, 0 uniq crashes found)...[0m
scheduled max input!!!!
schedule: 9 level30_2/ijon_max/9
[1;94m[*] [0mFuzzing test case #1313 (1377 total, 0 uniq crashes found)...[0m
[1;94m[*] [0mFuzzing test case #1314 (1377 total, 0 uniq crashes found)...[0m
[1;94m[*] [0mFuzzing test case #1315 (1377 total, 0 uniq crashes found)...[0m
scheduled max input!!!!
schedule: 6 level30_2/ijon_max/6
[1;94m[*] [0mFuzzing test case #1316 (1377 total, 0 uniq crashes found)...[0m
scheduled max input!!!!
schedule: 1 level30_2/ijon_max/1
updated maxmap 1: 6e8 (len: 897)
updated maxmap 2: 6f4 (len: 897)
updated maxmap 2: 6f5 (len: 897)
updated maxmap 1: 6e9 (len: 897)
[1;94m[*] [0mFuzzing test case #1317 (1377 total, 0 uniq crashes found)...[0m
scheduled max input!!!!
schedule: 6 level30_2/ijon_max/6
updated maxmap 4: 86d (len: 959)
updated maxmap 5: 872 (len: 959)
[1;94m[*] [0mFuzzing test case #1318 (1377 total, 0 uniq crashes found)...[0m
scheduled max input!!!!
schedule: 1 level30_2/ijon_max/1
updated maxmap 2: 6f6 (len: 897)
[1;94m[*] [0mFuzzing test case #1319 (1377 total, 0 uniq crashes found)...[0m
scheduled max input!!!!
schedule: 13 level30_2/ijon_max/13
updated maxmap 0: 7e7 (len: 962)
updated maxmap 14: 7e2 (len: 962)
updated maxmap 15: 7e6 (len: 962)
[1;94m[*] [0mFuzzing test case #1320 (1377 total, 0 uniq crashes found)...[0m
scheduled max input!!!!
schedule: 6 level30_2/ijon_max/6
updated maxmap 6: 877 (len: 959)
[1;94m[*] [0mFuzzing test case #1321 (1377 total, 0 uniq crashes found)...[0m
scheduled max input!!!!
schedule: 11 level30_2/ijon_max/11
[1;94m[*] [0mFuzzing test case #1322 (1377 total, 0 uniq crashes found)...[0m
scheduled max input!!!!
schedule: 10 level30_2/ijon_max/10
[1;94m[*] [0mFuzzing test case #1323 (1377 total, 0 uniq crashes found)...[0m
scheduled max input!!!!
schedule: 8 level30_2/ijon_max/8
[1;94m[*] [0mFuzzing test case #1324 (1377 total, 0 uniq crashes found)...[0m
scheduled max input!!!!
schedule: 1 level30_2/ijon_max/1
[1;94m[*] [0mFuzzing test case #1325 (1377 total, 0 uniq crashes found)...[0m
[1;94m[*] [0mFuzzing test case #1326 (1377 total, 0 uniq crashes found)...[0m
scheduled max input!!!!
schedule: 6 level30_2/ijon_max/6
[1;94m[*] [0mFuzzing test case #1327 (1377 total, 0 uniq crashes found)...[0m
scheduled max input!!!!
schedule: 15 level30_2/ijon_max/15
[1;94m[*] [0mFuzzing test case #1328 (1377 total, 0 uniq crashes found)...[0m
scheduled max input!!!!
schedule: 15 level30_2/ijon_max/15
[1;94m[*] [0mFuzzing test case #1329 (1377 total, 0 uniq crashes found)...[0m
scheduled max input!!!!
schedule: 0 level30_2/ijon_max/0
[1;94m[*] [0mFuzzing test case #1330 (1377 total, 0 uniq crashes found)...[0m
scheduled max input!!!!
schedule: 8 level30_2/ijon_max/8
[1;94m[*] [0mFuzzing test case #1331 (1377 total, 0 uniq crashes found)...[0m
scheduled max input!!!!
schedule: 9 level30_2/ijon_max/9
[1;94m[*] [0mFuzzing test case #1332 (1377 total, 0 uniq crashes found)...[0m
scheduled max input!!!!
schedule: 2 level30_2/ijon_max/2
[1;94m[*] [0mFuzzing test case #1333 (1377 total, 0 uniq crashes found)...[0m
[1;94m[*] [0mFuzzing test case #1334 (1377 total, 0 uniq crashes found)...[0m
scheduled max input!!!!
schedule: 8 level30_2/ijon_max/8
updated maxmap 8: 87e (len: 962)
[1;94m[*] [0mFuzzing test case #1335 (1377 total, 0 uniq crashes found)...[0m
[1;94m[*] [0mFuzzing test case #1336 (1377 total, 0 uniq crashes found)...[0m
scheduled max input!!!!
schedule: 4 level30_2/ijon_max/4
updated maxmap 4: 86e (len: 959)
updated maxmap 5: 873 (len: 959)
updated maxmap 3: 875 (len: 959)
updated maxmap 4: 870 (len: 959)
updated maxmap 5: 875 (len: 959)
updated maxmap 4: 871 (len: 959)
updated maxmap 5: 876 (len: 959)
updated maxmap 4: 872 (len: 959)
updated maxmap 5: 877 (len: 959)
updated maxmap 3: 877 (len: 959)
updated maxmap 6: 87c (len: 961)
updated maxmap 4: 873 (len: 959)
updated maxmap 5: 878 (len: 959)
[1;94m[*] [0mFuzzing test case #1337 (1378 total, 0 uniq crashes found)...[0m
scheduled max input!!!!
schedule: 3 level30_2/ijon_max/3
updated maxmap 3: 879 (len: 959)
[1;94m[*] [0mFuzzing test case #1338 (1378 total, 0 uniq crashes found)...[0m
scheduled max input!!!!
schedule: 8 level30_2/ijon_max/8
[1;94m[*] [0mFuzzing test case #1339 (1378 total, 0 uniq crashes found)...[0m
scheduled max input!!!!
schedule: 15 level30_2/ijon_max/15
[1;94m[*] [0mFuzzing test case #1340 (1378 total, 0 uniq crashes found)...[0m
[1;94m[*] [0mFuzzing test case #1341 (1378 total, 0 uniq crashes found)...[0m
scheduled max input!!!!
schedule: 8 level30_2/ijon_max/8
[1;94m[*] [0mFuzzing test case #1342 (1378 total, 0 uniq crashes found)...[0m
scheduled max input!!!!
schedule: 1 level30_2/ijon_max/1
[1;94m[*] [0mFuzzing test case #1343 (1378 total, 0 uniq crashes found)...[0m
scheduled max input!!!!
schedule: 7 level30_2/ijon_max/7
[1;94m[*] [0mFuzzing test case #1344 (1378 total, 0 uniq crashes found)...[0m
[1;94m[*] [0mFuzzing test case #1345 (1378 total, 0 uniq crashes found)...[0m
scheduled max input!!!!
schedule: 1 level30_2/ijon_max/1
[1;94m[*] [0mFuzzing test case #1346 (1378 total, 0 uniq crashes found)...[0m
scheduled max input!!!!
schedule: 10 level30_2/ijon_max/10
[1;94m[*] [0mFuzzing test case #1347 (1378 total, 0 uniq crashes found)...[0m
scheduled max input!!!!
schedule: 3 level30_2/ijon_max/3
[1;94m[*] [0mFuzzing test case #1348 (1378 total, 0 uniq crashes found)...[0m
scheduled max input!!!!
schedule: 5 level30_2/ijon_max/5
[1;94m[*] [0mFuzzing test case #1349 (1378 total, 0 uniq crashes found)...[0m
scheduled max input!!!!
schedule: 1 level30_2/ijon_max/1
[1;94m[*] [0mFuzzing test case #1350 (1378 total, 0 uniq crashes found)...[0m
[1;94m[*] [0mFuzzing test case #1351 (1378 total, 0 uniq crashes found)...[0m
scheduled max input!!!!
schedule: 10 level30_2/ijon_max/10
[1;94m[*] [0mFuzzing test case #1352 (1378 total, 0 uniq crashes found)...[0m
[1;94m[*] [0mFuzzing test case #1353 (1378 total, 0 uniq crashes found)...[0m
[1;94m[*] [0mFuzzing test case #1354 (1378 total, 0 uniq crashes found)...[0m
[1;94m[*] [0mFuzzing test case #1355 (1378 total, 0 uniq crashes found)...[0m
scheduled max input!!!!
schedule: 6 level30_2/ijon_max/6
updated maxmap 6: 87d (len: 961)
updated maxmap 5: 879 (len: 961)
updated maxmap 6: 87e (len: 961)
[1;94m[*] [0mFuzzing test case #1356 (1378 total, 0 uniq crashes found)...[0m
scheduled max input!!!!
schedule: 14 level30_2/ijon_max/14
updated maxmap 7: 87f (len: 962)
updated maxmap 7: 882 (len: 964)
[1;94m[*] [0mFuzzing test case #1357 (1378 total, 0 uniq crashes found)...[0m
scheduled max input!!!!
schedule: 14 level30_2/ijon_max/14
[1;94m[*] [0mFuzzing test case #1358 (1378 total, 0 uniq crashes found)...[0m
[1;94m[*] [0mFuzzing test case #1359 (1378 total, 0 uniq crashes found)...[0m
scheduled max input!!!!
schedule: 10 level30_2/ijon_max/10
[1;94m[*] [0mFuzzing test case #1360 (1378 total, 0 uniq crashes found)...[0m
scheduled max input!!!!
schedule: 15 level30_2/ijon_max/15
[1;94m[*] [0mFuzzing test case #1361 (1378 total, 0 uniq crashes found)...[0m
scheduled max input!!!!
schedule: 7 level30_2/ijon_max/7
updated maxmap 7: 883 (len: 964)
[1;94m[*] [0mFuzzing test case #1362 (1378 total, 0 uniq crashes found)...[0m
scheduled max input!!!!
schedule: 6 level30_2/ijon_max/6
[1;94m[*] [0mFuzzing test case #1363 (1378 total, 0 uniq crashes found)...[0m
scheduled max input!!!!
schedule: 4 level30_2/ijon_max/4
[1;94m[*] [0mFuzzing test case #1364 (1378 total, 0 uniq crashes found)...[0m
scheduled max input!!!!
schedule: 10 level30_2/ijon_max/10
[1;94m[*] [0mFuzzing test case #1365 (1378 total, 0 uniq crashes found)...[0m
scheduled max input!!!!
schedule: 1 level30_2/ijon_max/1
[1;94m[*] [0mFuzzing test case #1366 (1378 total, 0 uniq crashes found)...[0m
scheduled max input!!!!
schedule: 15 level30_2/ijon_max/15
[1;94m[*] [0mFuzzing test case #1367 (1378 total, 0 uniq crashes found)...[0m
[1;94m[*] [0mFuzzing test case #1368 (1378 total, 0 uniq crashes found)...[0m
scheduled max input!!!!
schedule: 6 level30_2/ijon_max/6
[1;94m[*] [0mFuzzing test case #1369 (1378 total, 0 uniq crashes found)...[0m
[1;94m[*] [0mFuzzing test case #1370 (1378 total, 0 uniq crashes found)...[0m
[1;94m[*] [0mFuzzing test case #1371 (1378 total, 0 uniq crashes found)...[0m
scheduled max input!!!!
schedule: 10 level30_2/ijon_max/10
[1;94m[*] [0mFuzzing test case #1372 (1378 total, 0 uniq crashes found)...[0m
[1;94m[*] [0mFuzzing test case #1373 (1378 total, 0 uniq crashes found)...[0m
[1;94m[*] [0mFuzzing test case #1374 (1378 total, 0 uniq crashes found)...[0m
scheduled max input!!!!
schedule: 15 level30_2/ijon_max/15
[1;94m[*] [0mFuzzing test case #1375 (1378 total, 0 uniq crashes found)...[0m
[1;94m[*] [0mFuzzing test case #1376 (1378 total, 0 uniq crashes found)...[0m
scheduled max input!!!!
schedule: 8 level30_2/ijon_max/8
[1;94m[*] [0mFuzzing test case #1377 (1378 total, 0 uniq crashes found)...[0m
scheduled max input!!!!
schedule: 8 level30_2/ijon_max/8
updated maxmap 8: 87f (len: 962)
[1;94m[*] [0mEntering queue cycle 2.[0m
[1;94m[*] [0mFuzzing test case #0 (1378 total, 0 uniq crashes found)...[0m
scheduled max input!!!!
schedule: 2 level30_2/ijon_max/2
updated maxmap 1: 6ea (len: 897)
updated maxmap 2: 6f7 (len: 897)
[1;94m[*] [0mFuzzing test case #1 (1378 total, 0 uniq crashes found)...[0m
scheduled max input!!!!
schedule: 1 level30_2/ijon_max/1
updated maxmap 1: 6eb (len: 897)
updated maxmap 2: 6f8 (len: 897)
updated maxmap 1: 6ee (len: 897)
updated maxmap 2: 6f9 (len: 897)
[1;94m[*] [0mFuzzing test case #2 (1390 total, 0 uniq crashes found)...[0m
scheduled max input!!!!
schedule: 9 level30_2/ijon_max/9
[1;94m[*] [0mFuzzing test case #3 (1390 total, 0 uniq crashes found)...[0m
scheduled max input!!!!
schedule: 8 level30_2/ijon_max/8
[1;94m[*] [0mFuzzing test case #4 (1390 total, 0 uniq crashes found)...[0m
scheduled max input!!!!
schedule: 2 level30_2/ijon_max/2
[1;94m[*] [0mFuzzing test case #5 (1390 total, 0 uniq crashes found)...[0m
scheduled max input!!!!
schedule: 15 level30_2/ijon_max/15
updated maxmap 0: 7ea (len: 962)
updated maxmap 15: 7e8 (len: 962)
updated maxmap 14: 7e3 (len: 962)
updated maxmap 15: 7e9 (len: 962)
[1;94m[*] [0mFuzzing test case #6 (1392 total, 0 uniq crashes found)...[0m
scheduled max input!!!!
schedule: 12 level30_2/ijon_max/12
[1;94m[*] [0mFuzzing test case #7 (1392 total, 0 uniq crashes found)...[0m
scheduled max input!!!!
schedule: 9 level30_2/ijon_max/9
[1;94m[*] [0mFuzzing test case #8 (1392 total, 0 uniq crashes found)...[0m
[1;94m[*] [0mFuzzing test case #9 (1392 total, 0 uniq crashes found)...[0m
scheduled max input!!!!
schedule: 0 level30_2/ijon_max/0
[1;94m[*] [0mFuzzing test case #10 (1393 total, 0 uniq crashes found)...[0m
scheduled max input!!!!
schedule: 6 level30_2/ijon_max/6
[1;94m[*] [0mFuzzing test case #11 (1394 total, 0 uniq crashes found)...[0m
scheduled max input!!!!
schedule: 14 level30_2/ijon_max/14
[1;94m[*] [0mFuzzing test case #12 (1395 total, 0 uniq crashes found)...[0m
scheduled max input!!!!
schedule: 5 level30_2/ijon_max/5
[1;94m[*] [0mFuzzing test case #13 (1395 total, 0 uniq crashes found)...[0m
scheduled max input!!!!
schedule: 14 level30_2/ijon_max/14
[1;94m[*] [0mFuzzing test case #14 (1395 total, 0 uniq crashes found)...[0m
scheduled max input!!!!
schedule: 4 level30_2/ijon_max/4
[1;94m[*] [0mFuzzing test case #15 (1395 total, 0 uniq crashes found)...[0m
scheduled max input!!!!
schedule: 4 level30_2/ijon_max/4
updated maxmap 4: 874 (len: 959)
minimized maxmap 5: 879 (len: 959)
[1;94m[*] [0mFuzzing test case #16 (1395 total, 0 uniq crashes found)...[0m
scheduled max input!!!!
schedule: 8 level30_2/ijon_max/8
[1;94m[*] [0mFuzzing test case #17 (1395 total, 0 uniq crashes found)...[0m
scheduled max input!!!!
schedule: 0 level30_2/ijon_max/0
[1;94m[*] [0mFuzzing test case #18 (1395 total, 0 uniq crashes found)...[0m
scheduled max input!!!!
schedule: 8 level30_2/ijon_max/8
updated maxmap 8: 880 (len: 962)
updated maxmap 6: 88d (len: 968)
updated maxmap 6: 88f (len: 969)
[1;94m[*] [0mFuzzing test case #19 (1397 total, 0 uniq crashes found)...[0m
scheduled max input!!!!
schedule: 2 level30_2/ijon_max/2
[1;94m[*] [0mFuzzing test case #20 (1397 total, 0 uniq crashes found)...[0m
[1;94m[*] [0mFuzzing test case #21 (1397 total, 0 uniq crashes found)...[0m
scheduled max input!!!!
schedule: 3 level30_2/ijon_max/3
[1;94m[*] [0mFuzzing test case #22 (1397 total, 0 uniq crashes found)...[0m
scheduled max input!!!!
schedule: 12 level30_2/ijon_max/12
[1;94m[*] [0mFuzzing test case #23 (1397 total, 0 uniq crashes found)...[0m
scheduled max input!!!!
schedule: 0 level30_2/ijon_max/0
[1;94m[*] [0mFuzzing test case #24 (1398 total, 0 uniq crashes found)...[0m
scheduled max input!!!!
schedule: 15 level30_2/ijon_max/15
[1;94m[*] [0mFuzzing test case #25 (1398 total, 0 uniq crashes found)...[0m
[1;94m[*] [0mFuzzing test case #26 (1398 total, 0 uniq crashes found)...[0m
[1;94m[*] [0mFuzzing test case #27 (1398 total, 0 uniq crashes found)...[0m
[1;94m[*] [0mFuzzing test case #28 (1398 total, 0 uniq crashes found)...[0m
scheduled max input!!!!
schedule: 1 level30_2/ijon_max/1
[1;94m[*] [0mFuzzing test case #29 (1398 total, 0 uniq crashes found)...[0m
scheduled max input!!!!
schedule: 13 level30_2/ijon_max/13
[1;94m[*] [0mFuzzing test case #30 (1399 total, 0 uniq crashes found)...[0m
[1;94m[*] [0mFuzzing test case #31 (1399 total, 0 uniq crashes found)...[0m
[1;94m[*] [0mFuzzing test case #32 (1399 total, 0 uniq crashes found)...[0m
scheduled max input!!!!
schedule: 12 level30_2/ijon_max/12
[1;94m[*] [0mFuzzing test case #33 (1399 total, 0 uniq crashes found)...[0m
scheduled max input!!!!
schedule: 7 level30_2/ijon_max/7
[1;94m[*] [0mFuzzing test case #34 (1399 total, 0 uniq crashes found)...[0m
scheduled max input!!!!
schedule: 14 level30_2/ijon_max/14
[1;94m[*] [0mFuzzing test case #35 (1414 total, 0 uniq crashes found)...[0m
[1;94m[*] [0mFuzzing test case #36 (1414 total, 0 uniq crashes found)...[0m
scheduled max input!!!!
schedule: 6 level30_2/ijon_max/6
updated maxmap 6: 892 (len: 969)
[1;94m[*] [0mFuzzing test case #37 (1414 total, 0 uniq crashes found)...[0m
[1;94m[*] [0mFuzzing test case #38 (1414 total, 0 uniq crashes found)...[0m
scheduled max input!!!!
schedule: 5 level30_2/ijon_max/5
updated maxmap 3: 87a (len: 959)
updated maxmap 4: 875 (len: 959)
updated maxmap 5: 87a (len: 959)
[1;94m[*] [0mFuzzing test case #39 (1414 total, 0 uniq crashes found)...[0m
[1;94m[*] [0mFuzzing test case #40 (1414 total, 0 uniq crashes found)...[0m
[1;94m[*] [0mFuzzing test case #41 (1414 total, 0 uniq crashes found)...[0m
[1;94m[*] [0mFuzzing test case #42 (1414 total, 0 uniq crashes found)...[0m
scheduled max input!!!!
schedule: 0 level30_2/ijon_max/0
[1;94m[*] [0mFuzzing test case #43 (1414 total, 0 uniq crashes found)...[0m
scheduled max input!!!!
schedule: 11 level30_2/ijon_max/11
[1;94m[*] [0mFuzzing test case #44 (1414 total, 0 uniq crashes found)...[0m
scheduled max input!!!!
schedule: 15 level30_2/ijon_max/15
[1;94m[*] [0mFuzzing test case #45 (1414 total, 0 uniq crashes found)...[0m
scheduled max input!!!!
schedule: 11 level30_2/ijon_max/11
[1;94m[*] [0mFuzzing test case #46 (1414 total, 0 uniq crashes found)...[0m
scheduled max input!!!!
schedule: 7 level30_2/ijon_max/7
[1;94m[*] [0mFuzzing test case #47 (1414 total, 0 uniq crashes found)...[0m
scheduled max input!!!!
schedule: 15 level30_2/ijon_max/15
[1;94m[*] [0mFuzzing test case #48 (1414 total, 0 uniq crashes found)...[0m
scheduled max input!!!!
schedule: 14 level30_2/ijon_max/14
[1;94m[*] [0mFuzzing test case #49 (1414 total, 0 uniq crashes found)...[0m
scheduled max input!!!!
schedule: 13 level30_2/ijon_max/13
updated maxmap 7: 884 (len: 962)
[1;94m[*] [0mFuzzing test case #50 (1414 total, 0 uniq crashes found)...[0m
scheduled max input!!!!
schedule: 1 level30_2/ijon_max/1
[1;94m[*] [0mFuzzing test case #51 (1414 total, 0 uniq crashes found)...[0m
scheduled max input!!!!
schedule: 0 level30_2/ijon_max/0
[1;94m[*] [0mFuzzing test case #52 (1414 total, 0 uniq crashes found)...[0m
scheduled max input!!!!
schedule: 1 level30_2/ijon_max/1
[1;94m[*] [0mFuzzing test case #53 (1414 total, 0 uniq crashes found)...[0m
scheduled max input!!!!
schedule: 4 level30_2/ijon_max/4
[1;94m[*] [0mFuzzing test case #54 (1415 total, 0 uniq crashes found)...[0m
scheduled max input!!!!
schedule: 0 level30_2/ijon_max/0
[1;94m[*] [0mFuzzing test case #55 (1415 total, 0 uniq crashes found)...[0m
scheduled max input!!!!
schedule: 6 level30_2/ijon_max/6
[1;94m[*] [0mFuzzing test case #56 (1415 total, 0 uniq crashes found)...[0m
[1;94m[*] [0mFuzzing test case #57 (1415 total, 0 uniq crashes found)...[0m
scheduled max input!!!!
schedule: 15 level30_2/ijon_max/15
[1;94m[*] [0mFuzzing test case #58 (1415 total, 0 uniq crashes found)...[0m
scheduled max input!!!!
schedule: 12 level30_2/ijon_max/12
[1;94m[*] [0mFuzzing test case #59 (1416 total, 0 uniq crashes found)...[0m
scheduled max input!!!!
schedule: 13 level30_2/ijon_max/13
updated maxmap 6: 89c (len: 980)
updated maxmap 7: 8b0 (len: 980)
updated maxmap 8: 8ab (len: 980)
[1;94m[*] [0mFuzzing test case #60 (1417 total, 0 uniq crashes found)...[0m
scheduled max input!!!!
schedule: 10 level30_2/ijon_max/10
[1;94m[*] [0mFuzzing test case #61 (1417 total, 0 uniq crashes found)...[0m
scheduled max input!!!!
schedule: 15 level30_2/ijon_max/15
[1;94m[*] [0mFuzzing test case #62 (1417 total, 0 uniq crashes found)...[0m
scheduled max input!!!!
schedule: 1 level30_2/ijon_max/1
[1;94m[*] [0mFuzzing test case #63 (1417 total, 0 uniq crashes found)...[0m
scheduled max input!!!!
schedule: 7 level30_2/ijon_max/7
updated maxmap 7: 8b8 (len: 984)
updated maxmap 8: 8b3 (len: 984)
updated maxmap 6: 8b1 (len: 985)
minimized maxmap 8: 8b3 (len: 980)
[1;94m[*] [0mFuzzing test case #64 (1418 total, 0 uniq crashes found)...[0m
scheduled max input!!!!
schedule: 0 level30_2/ijon_max/0
[1;94m[*] [0mFuzzing test case #65 (1418 total, 0 uniq crashes found)...[0m
scheduled max input!!!!
schedule: 9 level30_2/ijon_max/9
[1;94m[*] [0mFuzzing test case #66 (1418 total, 0 uniq crashes found)...[0m
scheduled max input!!!!
schedule: 8 level30_2/ijon_max/8
updated maxmap 8: 8b4 (len: 980)
updated maxmap 6: 8d2 (len: 1000)
updated maxmap 7: 8dc (len: 1000)
updated maxmap 8: 8e6 (len: 1000)
updated maxmap 5: 8ee (len: 1009)
updated maxmap 6: 8ea (len: 1009)
updated maxmap 7: 8e2 (len: 1009)
[1;94m[*] [0mFuzzing test case #67 (1433 total, 0 uniq crashes found)...[0m
scheduled max input!!!!
schedule: 12 level30_2/ijon_max/12
[1;94m[*] [0mFuzzing test case #68 (1433 total, 0 uniq crashes found)...[0m
scheduled max input!!!!
schedule: 12 level30_2/ijon_max/12
[1;94m[*] [0mFuzzing test case #69 (1433 total, 0 uniq crashes found)...[0m
scheduled max input!!!!
schedule: 12 level30_2/ijon_max/12
[1;94m[*] [0mFuzzing test case #70 (1433 total, 0 uniq crashes found)...[0m
scheduled max input!!!!
schedule: 0 level30_2/ijon_max/0
[1;94m[*] [0mFuzzing test case #71 (1433 total, 0 uniq crashes found)...[0m
scheduled max input!!!!
schedule: 1 level30_2/ijon_max/1
[1;94m[*] [0mFuzzing test case #72 (1433 total, 0 uniq crashes found)...[0m
scheduled max input!!!!
schedule: 3 level30_2/ijon_max/3
[1;94m[*] [0mFuzzing test case #73 (1433 total, 0 uniq crashes found)...[0m
scheduled max input!!!!
schedule: 2 level30_2/ijon_max/2
[1;94m[*] [0mFuzzing test case #74 (1433 total, 0 uniq crashes found)...[0m
scheduled max input!!!!
schedule: 1 level30_2/ijon_max/1
[1;94m[*] [0mFuzzing test case #75 (1434 total, 0 uniq crashes found)...[0m
scheduled max input!!!!
schedule: 8 level30_2/ijon_max/8
[1;94m[*] [0mFuzzing test case #76 (1434 total, 0 uniq crashes found)...[0m
scheduled max input!!!!
schedule: 1 level30_2/ijon_max/1
[1;94m[*] [0mFuzzing test case #77 (1434 total, 0 uniq crashes found)...[0m
scheduled max input!!!!
schedule: 14 level30_2/ijon_max/14
[1;94m[*] [0mFuzzing test case #78 (1434 total, 0 uniq crashes found)...[0m
scheduled max input!!!!
schedule: 9 level30_2/ijon_max/9
[1;94m[*] [0mFuzzing test case #79 (1434 total, 0 uniq crashes found)...[0m
scheduled max input!!!!
schedule: 3 level30_2/ijon_max/3
[1;94m[*] [0mFuzzing test case #80 (1434 total, 0 uniq crashes found)...[0m
scheduled max input!!!!
schedule: 3 level30_2/ijon_max/3
[1;94m[*] [0mFuzzing test case #81 (1434 total, 0 uniq crashes found)...[0m
scheduled max input!!!!
schedule: 9 level30_2/ijon_max/9
[1;94m[*] [0mFuzzing test case #82 (1434 total, 0 uniq crashes found)...[0m
[1;94m[*] [0mFuzzing test case #83 (1434 total, 0 uniq crashes found)...[0m
scheduled max input!!!!
schedule: 0 level30_2/ijon_max/0
[1;94m[*] [0mFuzzing test case #84 (1434 total, 0 uniq crashes found)...[0m
scheduled max input!!!!
schedule: 10 level30_2/ijon_max/10
[1;94m[*] [0mFuzzing test case #85 (1434 total, 0 uniq crashes found)...[0m
scheduled max input!!!!
schedule: 13 level30_2/ijon_max/13
[1;94m[*] [0mFuzzing test case #86 (1434 total, 0 uniq crashes found)...[0m
scheduled max input!!!!
schedule: 13 level30_2/ijon_max/13
[1;94m[*] [0mFuzzing test case #87 (1434 total, 0 uniq crashes found)...[0m
[1;94m[*] [0mFuzzing test case #88 (1434 total, 0 uniq crashes found)...[0m
scheduled max input!!!!
schedule: 0 level30_2/ijon_max/0
[1;94m[*] [0mFuzzing test case #89 (1434 total, 0 uniq crashes found)...[0m
scheduled max input!!!!
schedule: 4 level30_2/ijon_max/4
[1;94m[*] [0mFuzzing test case #90 (1436 total, 0 uniq crashes found)...[0m
scheduled max input!!!!
schedule: 10 level30_2/ijon_max/10
[1;94m[*] [0mFuzzing test case #91 (1436 total, 0 uniq crashes found)...[0m
scheduled max input!!!!
schedule: 9 level30_2/ijon_max/9
[1;94m[*] [0mFuzzing test case #92 (1436 total, 0 uniq crashes found)...[0m
scheduled max input!!!!
schedule: 9 level30_2/ijon_max/9
[1;94m[*] [0mFuzzing test case #93 (1436 total, 0 uniq crashes found)...[0m
scheduled max input!!!!
schedule: 11 level30_2/ijon_max/11
[1;94m[*] [0mFuzzing test case #94 (1436 total, 0 uniq crashes found)...[0m
scheduled max input!!!!
schedule: 13 level30_2/ijon_max/13
[1;94m[*] [0mFuzzing test case #95 (1436 total, 0 uniq crashes found)...[0m
[1;94m[*] [0mFuzzing test case #96 (1436 total, 0 uniq crashes found)...[0m
scheduled max input!!!!
schedule: 10 level30_2/ijon_max/10
[1;94m[*] [0mFuzzing test case #97 (1436 total, 0 uniq crashes found)...[0m
[1;94m[*] [0mFuzzing test case #98 (1436 total, 0 uniq crashes found)...[0m
[1;94m[*] [0mFuzzing test case #99 (1436 total, 0 uniq crashes found)...[0m
[1;94m[*] [0mFuzzing test case #100 (1436 total, 0 uniq crashes found)...[0m
scheduled max input!!!!
schedule: 4 level30_2/ijon_max/4
[1;94m[*] [0mFuzzing test case #101 (1436 total, 0 uniq crashes found)...[0m
scheduled max input!!!!
schedule: 9 level30_2/ijon_max/9
[1;94m[*] [0mFuzzing test case #102 (1436 total, 0 uniq crashes found)...[0m
scheduled max input!!!!
schedule: 13 level30_2/ijon_max/13
[1;94m[*] [0mFuzzing test case #103 (1436 total, 0 uniq crashes found)...[0m
scheduled max input!!!!
schedule: 15 level30_2/ijon_max/15
[1;94m[*] [0mFuzzing test case #104 (1436 total, 0 uniq crashes found)...[0m
scheduled max input!!!!
schedule: 1 level30_2/ijon_max/1
[1;94m[*] [0mFuzzing test case #105 (1436 total, 0 uniq crashes found)...[0m
scheduled max input!!!!
schedule: 13 level30_2/ijon_max/13
[1;94m[*] [0mFuzzing test case #106 (1437 total, 0 uniq crashes found)...[0m
scheduled max input!!!!
schedule: 14 level30_2/ijon_max/14
[1;94m[*] [0mFuzzing test case #107 (1437 total, 0 uniq crashes found)...[0m
[1;94m[*] [0mFuzzing test case #108 (1437 total, 0 uniq crashes found)...[0m
scheduled max input!!!!
schedule: 7 level30_2/ijon_max/7
updated maxmap 6: 8fc (len: 1009)
updated maxmap 7: 8f8 (len: 1009)
updated maxmap 8: 8f2 (len: 1009)
updated maxmap 8: 8f3 (len: 1009)
updated maxmap 8: 901 (len: 1012)
updated maxmap 5: 900 (len: 1012)
updated maxmap 7: 8f9 (len: 1009)
updated maxmap 6: 91a (len: 1028)
updated maxmap 7: 8fa (len: 1028)
updated maxmap 4: 8bb (len: 1009)
minimized maxmap 7: 8fa (len: 1017)
updated maxmap 9: 90a (len: 1026)
updated maxmap 10: 90f (len: 1026)
updated maxmap 7: 8fc (len: 1028)
updated maxmap 8: 927 (len: 1028)
updated maxmap 9: 91a (len: 1028)
updated maxmap 10: 913 (len: 1028)
[1;94m[*] [0mFuzzing test case #109 (1452 total, 0 uniq crashes found)...[0m
scheduled max input!!!!
schedule: 2 level30_2/ijon_max/2
[1;94m[*] [0mFuzzing test case #110 (1452 total, 0 uniq crashes found)...[0m
scheduled max input!!!!
schedule: 14 level30_2/ijon_max/14
[1;94m[*] [0mFuzzing test case #111 (1452 total, 0 uniq crashes found)...[0m
scheduled max input!!!!
schedule: 4 level30_2/ijon_max/4
[1;94m[*] [0mFuzzing test case #112 (1452 total, 0 uniq crashes found)...[0m
scheduled max input!!!!
schedule: 6 level30_2/ijon_max/6
updated maxmap 0: 90c (len: 1056)
updated maxmap 11: 909 (len: 1056)
updated maxmap 12: 909 (len: 1056)
updated maxmap 13: 909 (len: 1056)
updated maxmap 14: 90a (len: 1056)
updated maxmap 15: 90c (len: 1056)
updated maxmap 10: 916 (len: 1028)
updated maxmap 7: 91e (len: 1028)
updated maxmap 4: 8bc (len: 1028)
[1;94m[*] [0mFuzzing test case #113 (1453 total, 0 uniq crashes found)...[0m
scheduled max input!!!!
schedule: 11 level30_2/ijon_max/11
updated maxmap 0: 910 (len: 1056)
updated maxmap 13: 90a (len: 1056)
updated maxmap 14: 90c (len: 1056)
updated maxmap 15: 90f (len: 1056)
updated maxmap 0: 913 (len: 1056)
updated maxmap 13: 90c (len: 1056)
updated maxmap 14: 90e (len: 1056)
updated maxmap 15: 912 (len: 1056)
updated maxmap 11: 90a (len: 1056)
updated maxmap 8: 933 (len: 1079)
updated maxmap 9: 941 (len: 1079)
updated maxmap 10: 93f (len: 1079)
updated maxmap 8: 94f (len: 1056)
updated maxmap 9: 94d (len: 1056)
updated maxmap 10: 946 (len: 1056)
updated maxmap 11: 90c (len: 1062)
minimized maxmap 11: 90c (len: 1056)
updated maxmap 6: 943 (len: 1086)
updated maxmap 7: 949 (len: 1086)
updated maxmap 8: 972 (len: 1086)
updated maxmap 9: 95e (len: 1086)
updated maxmap 10: 958 (len: 1086)
updated maxmap 0: 914 (len: 1056)
updated maxmap 14: 90f (len: 1056)
updated maxmap 15: 913 (len: 1056)
updated maxmap 4: 8c0 (len: 1056)
updated maxmap 5: 923 (len: 1056)
updated maxmap 0: 915 (len: 1086)
updated maxmap 8: 97c (len: 1068)
updated maxmap 9: 97f (len: 1068)
updated maxmap 12: 90a (len: 1056)
updated maxmap 10: 95f (len: 1073)
updated maxmap 8: 9a6 (len: 1085)
updated maxmap 9: 9a9 (len: 1085)
updated maxmap 10: 97f (len: 1085)
minimized maxmap 0: 915 (len: 1056)
updated maxmap 15: 914 (len: 1056)
updated maxmap 4: 8fb (len: 1056)
[1;94m[*] [0mFuzzing test case #114 (1465 total, 0 uniq crashes found)...[0m
scheduled max input!!!!
schedule: 5 level30_2/ijon_max/5
[1;94m[*] [0mFuzzing test case #115 (1465 total, 0 uniq crashes found)...[0m
scheduled max input!!!!
schedule: 1 level30_2/ijon_max/1
[1;94m[*] [0mFuzzing test case #116 (1465 total, 0 uniq crashes found)...[0m
scheduled max input!!!!
schedule: 3 level30_2/ijon_max/3
[1;94m[*] [0mFuzzing test case #117 (1465 total, 0 uniq crashes found)...[0m
[1;94m[*] [0mFuzzing test case #118 (1465 total, 0 uniq crashes found)...[0m
scheduled max input!!!!
schedule: 5 level30_2/ijon_max/5
updated maxmap 5: 924 (len: 1056)
[1;94m[*] [0mFuzzing test case #119 (1465 total, 0 uniq crashes found)...[0m
scheduled max input!!!!
schedule: 14 level30_2/ijon_max/14
[1;94m[*] [0mFuzzing test case #120 (1465 total, 0 uniq crashes found)...[0m
scheduled max input!!!!
schedule: 9 level30_2/ijon_max/9
updated maxmap 7: 99f (len: 1085)
updated maxmap 8: 9a7 (len: 1085)
updated maxmap 6: 94b (len: 1116)
[1;94m[*] [0mFuzzing test case #121 (1465 total, 0 uniq crashes found)...[0m
scheduled max input!!!!
schedule: 9 level30_2/ijon_max/9
[1;94m[*] [0mFuzzing test case #122 (1465 total, 0 uniq crashes found)...[0m
scheduled max input!!!!
schedule: 13 level30_2/ijon_max/13
updated maxmap 8: 9b2 (len: 1086)
updated maxmap 9: 9b0 (len: 1086)
updated maxmap 10: 9a9 (len: 1086)
[1;94m[*] [0mFuzzing test case #123 (1465 total, 0 uniq crashes found)...[0m
scheduled max input!!!!
schedule: 11 level30_2/ijon_max/11
[1;94m[*] [0mFuzzing test case #124 (1465 total, 0 uniq crashes found)...[0m
scheduled max input!!!!
schedule: 10 level30_2/ijon_max/10
updated maxmap 8: 9b3 (len: 1086)
updated maxmap 8: 9d1 (len: 1103)
updated maxmap 9: 9da (len: 1103)
updated maxmap 10: 9d9 (len: 1103)
[1;94m[*] [0mFuzzing test case #125 (1465 total, 0 uniq crashes found)...[0m
scheduled max input!!!!
schedule: 9 level30_2/ijon_max/9
updated maxmap 8: 9d2 (len: 1103)
updated maxmap 9: 9db (len: 1103)
updated maxmap 10: 9da (len: 1103)
updated maxmap 10: 9db (len: 1103)
updated maxmap 0: 9db (len: 1126)
updated maxmap 7: 9ad (len: 1126)
updated maxmap 11: 9d5 (len: 1126)
updated maxmap 12: 9d9 (len: 1126)
updated maxmap 13: 9da (len: 1126)
updated maxmap 14: 9da (len: 1126)
updated maxmap 15: 9db (len: 1126)
[1;94m[*] [0mFuzzing test case #126 (1465 total, 0 uniq crashes found)...[0m
scheduled max input!!!!
schedule: 8 level30_2/ijon_max/8
[1;94m[*] [0mFuzzing test case #127 (1465 total, 0 uniq crashes found)...[0m
scheduled max input!!!!
schedule: 13 level30_2/ijon_max/13
updated maxmap 7: 9af (len: 1126)
updated maxmap 11: 9d7 (len: 1126)
updated maxmap 7: 9b2 (len: 1131)
updated maxmap 11: 9d9 (len: 1131)
updated maxmap 12: 9da (len: 1126)
updated maxmap 12: 9db (len: 1126)
updated maxmap 0: 9de (len: 1145)
updated maxmap 14: 9dc (len: 1145)
updated maxmap 15: 9dd (len: 1145)
updated maxmap 0: 9f9 (len: 1154)
updated maxmap 13: 9e3 (len: 1154)
updated maxmap 14: 9ed (len: 1154)
updated maxmap 15: 9f6 (len: 1154)
minimized maxmap 0: 9f9 (len: 1126)
minimized maxmap 13: 9e3 (len: 1126)
minimized maxmap 14: 9ed (len: 1126)
minimized maxmap 15: 9f6 (len: 1126)
updated maxmap 7: 9b9 (len: 1133)
updated maxmap 11: 9da (len: 1133)
updated maxmap 6: 975 (len: 1126)
updated maxmap 6: 9f8 (len: 1126)
updated maxmap 7: 9eb (len: 1126)
updated maxmap 8: 9e6 (len: 1126)
minimized maxmap 11: 9da (len: 1126)
updated maxmap 6: 9fa (len: 1126)
updated maxmap 7: 9ed (len: 1126)
updated maxmap 8: 9e8 (len: 1126)
updated maxmap 12: 9dc (len: 1127)
updated maxmap 6: 9fb (len: 1126)
updated maxmap 7: 9ee (len: 1126)
updated maxmap 8: 9e9 (len: 1126)
updated maxmap 4: 9c9 (len: 1126)
updated maxmap 5: 9d8 (len: 1126)
updated maxmap 6: a01 (len: 1126)
updated maxmap 7: 9f8 (len: 1126)
updated maxmap 8: 9f3 (len: 1126)
[1;94m[*] [0mFuzzing test case #128 (1475 total, 0 uniq crashes found)...[0m
scheduled max input!!!!
schedule: 2 level30_2/ijon_max/2
[1;94m[*] [0mFuzzing test case #129 (1475 total, 0 uniq crashes found)...[0m
scheduled max input!!!!
schedule: 12 level30_2/ijon_max/12
[1;94m[*] [0mFuzzing test case #130 (1475 total, 0 uniq crashes found)...[0m
scheduled max input!!!!
schedule: 14 level30_2/ijon_max/14
[1;94m[*] [0mFuzzing test case #131 (1475 total, 0 uniq crashes found)...[0m
[1;94m[*] [0mFuzzing test case #132 (1475 total, 0 uniq crashes found)...[0m
scheduled max input!!!!
schedule: 8 level30_2/ijon_max/8
updated maxmap 4: 9cd (len: 1128)
updated maxmap 5: 9dc (len: 1128)
updated maxmap 6: a04 (len: 1128)
updated maxmap 7: 9fb (len: 1128)
updated maxmap 8: 9f6 (len: 1128)
minimized maxmap 7: 9fb (len: 1126)
minimized maxmap 8: 9f6 (len: 1126)
updated maxmap 7: 9fd (len: 1126)
updated maxmap 8: 9f9 (len: 1126)
updated maxmap 4: 9ce (len: 1126)
updated maxmap 5: 9dd (len: 1126)
updated maxmap 7: 9ff (len: 1126)
updated maxmap 8: 9fb (len: 1126)
updated maxmap 4: 9cf (len: 1126)
updated maxmap 5: 9de (len: 1126)
[1;94m[*] [0mFuzzing test case #133 (1475 total, 0 uniq crashes found)...[0m
scheduled max input!!!!
schedule: 9 level30_2/ijon_max/9
[1;94m[*] [0mFuzzing test case #134 (1475 total, 0 uniq crashes found)...[0m
[1;94m[*] [0mFuzzing test case #135 (1475 total, 0 uniq crashes found)...[0m
scheduled max input!!!!
schedule: 14 level30_2/ijon_max/14
[1;94m[*] [0mFuzzing test case #136 (1475 total, 0 uniq crashes found)...[0m
scheduled max input!!!!
schedule: 2 level30_2/ijon_max/2
[1;94m[*] [0mFuzzing test case #137 (1475 total, 0 uniq crashes found)...[0m
scheduled max input!!!!
schedule: 0 level30_2/ijon_max/0
updated maxmap 0: 9fa (len: 1126)
updated maxmap 13: 9e5 (len: 1126)
updated maxmap 14: 9ef (len: 1126)
updated maxmap 15: 9f8 (len: 1126)
[1;94m[*] [0mFuzzing test case #138 (1475 total, 0 uniq crashes found)...[0m
scheduled max input!!!!
schedule: 0 level30_2/ijon_max/0
[1;94m[*] [0mFuzzing test case #139 (1475 total, 0 uniq crashes found)...[0m
[1;94m[*] [0mFuzzing test case #140 (1475 total, 0 uniq crashes found)...[0m
scheduled max input!!!!
schedule: 2 level30_2/ijon_max/2
[1;94m[*] [0mFuzzing test case #141 (1475 total, 0 uniq crashes found)...[0m
scheduled max input!!!!
schedule: 12 level30_2/ijon_max/12
updated maxmap 3: 914 (len: 1132)
[1;94m[*] [0mFuzzing test case #142 (1475 total, 0 uniq crashes found)...[0m
scheduled max input!!!!
schedule: 12 level30_2/ijon_max/12
[1;94m[*] [0mFuzzing test case #143 (1475 total, 0 uniq crashes found)...[0m
scheduled max input!!!!
schedule: 2 level30_2/ijon_max/2
[1;94m[*] [0mFuzzing test case #144 (1475 total, 0 uniq crashes found)...[0m
scheduled max input!!!!
schedule: 9 level30_2/ijon_max/9
updated maxmap 2: 84d (len: 1132)
[1;94m[*] [0mFuzzing test case #145 (1477 total, 0 uniq crashes found)...[0m
scheduled max input!!!!
schedule: 13 level30_2/ijon_max/13
[1;94m[*] [0mFuzzing test case #146 (1477 total, 0 uniq crashes found)...[0m
scheduled max input!!!!
schedule: 2 level30_2/ijon_max/2
updated maxmap 2: 84e (len: 1132)
updated maxmap 2: 850 (len: 1140)
minimized maxmap 2: 850 (len: 1132)
[1;94m[*] [0mFuzzing test case #147 (1488 total, 0 uniq crashes found)...[0m
[1;94m[*] [0mFuzzing test case #148 (1488 total, 0 uniq crashes found)...[0m
[1;94m[*] [0mFuzzing test case #149 (1488 total, 0 uniq crashes found)...[0m
scheduled max input!!!!
schedule: 6 level30_2/ijon_max/6
updated maxmap 6: a06 (len: 1128)
updated maxmap 6: a0a (len: 1133)
[1;94m[*] [0mFuzzing test case #150 (1489 total, 0 uniq crashes found)...[0m
scheduled max input!!!!
schedule: 1 level30_2/ijon_max/1
[1;94m[*] [0mFuzzing test case #151 (1489 total, 0 uniq crashes found)...[0m
[1;94m[*] [0mFuzzing test case #152 (1489 total, 0 uniq crashes found)...[0m
scheduled max input!!!!
schedule: 5 level30_2/ijon_max/5
updated maxmap 7: a00 (len: 1126)
updated maxmap 8: 9fc (len: 1126)
updated maxmap 4: 9d0 (len: 1126)
updated maxmap 5: 9df (len: 1126)
updated maxmap 7: a01 (len: 1126)
updated maxmap 8: 9fd (len: 1126)
[1;94m[*] [0mFuzzing test case #153 (1489 total, 0 uniq crashes found)...[0m
[1;94m[*] [0mFuzzing test case #154 (1489 total, 0 uniq crashes found)...[0m
scheduled max input!!!!
schedule: 0 level30_2/ijon_max/0
updated maxmap 0: 9fb (len: 1126)
[1;94m[*] [0mFuzzing test case #155 (1489 total, 0 uniq crashes found)...[0m
scheduled max input!!!!
schedule: 1 level30_2/ijon_max/1
[1;94m[*] [0mFuzzing test case #156 (1489 total, 0 uniq crashes found)...[0m
scheduled max input!!!!
schedule: 1 level30_2/ijon_max/1
[1;94m[*] [0mFuzzing test case #157 (1489 total, 0 uniq crashes found)...[0m
scheduled max input!!!!
schedule: 1 level30_2/ijon_max/1
[1;94m[*] [0mFuzzing test case #158 (1489 total, 0 uniq crashes found)...[0m
scheduled max input!!!!
schedule: 10 level30_2/ijon_max/10
[1;94m[*] [0mFuzzing test case #159 (1489 total, 0 uniq crashes found)...[0m
[1;94m[*] [0mFuzzing test case #160 (1489 total, 0 uniq crashes found)...[0m
scheduled max input!!!!
schedule: 3 level30_2/ijon_max/3
updated maxmap 3: 916 (len: 1132)
updated maxmap 3: 917 (len: 1132)
updated maxmap 3: 918 (len: 1132)
updated maxmap 3: 91a (len: 1132)
[1;94m[*] [0mFuzzing test case #161 (1489 total, 0 uniq crashes found)...[0m
scheduled max input!!!!
schedule: 11 level30_2/ijon_max/11
updated maxmap 11: 9db (len: 1126)
[1;94m[*] [0mFuzzing test case #162 (1489 total, 0 uniq crashes found)...[0m
[1;94m[*] [0mFuzzing test case #163 (1489 total, 0 uniq crashes found)...[0m
[1;94m[*] [0mFuzzing test case #164 (1489 total, 0 uniq crashes found)...[0m
scheduled max input!!!!
schedule: 14 level30_2/ijon_max/14
[1;94m[*] [0mFuzzing test case #165 (1489 total, 0 uniq crashes found)...[0m
scheduled max input!!!!
schedule: 4 level30_2/ijon_max/4
updated maxmap 5: a08 (len: 1141)
updated maxmap 6: a1f (len: 1180)
updated maxmap 7: a13 (len: 1180)
updated maxmap 8: a0d (len: 1180)
[1;94m[*] [0mFuzzing test case #166 (1490 total, 0 uniq crashes found)...[0m
scheduled max input!!!!
schedule: 2 level30_2/ijon_max/2
updated maxmap 7: a1d (len: 1151)
updated maxmap 8: a17 (len: 1151)
[1;94m[*] [0mFuzzing test case #167 (1490 total, 0 uniq crashes found)...[0m
scheduled max input!!!!
schedule: 14 level30_2/ijon_max/14
[1;94m[*] [0mFuzzing test case #168 (1490 total, 0 uniq crashes found)...[0m
scheduled max input!!!!
schedule: 9 level30_2/ijon_max/9
[1;94m[*] [0mFuzzing test case #169 (1490 total, 0 uniq crashes found)...[0m
scheduled max input!!!!
schedule: 5 level30_2/ijon_max/5
updated maxmap 5: a1c (len: 1141)
updated maxmap 6: a26 (len: 1141)
updated maxmap 7: a30 (len: 1141)
updated maxmap 8: a35 (len: 1141)
updated maxmap 5: a22 (len: 1141)
updated maxmap 6: a2c (len: 1141)
updated maxmap 7: a36 (len: 1141)
updated maxmap 8: a3b (len: 1141)
updated maxmap 5: a23 (len: 1141)
updated maxmap 6: a2d (len: 1141)
updated maxmap 7: a37 (len: 1141)
updated maxmap 8: a3c (len: 1141)
updated maxmap 6: a3b (len: 1141)
updated maxmap 5: a24 (len: 1141)
updated maxmap 7: a38 (len: 1141)
updated maxmap 5: a25 (len: 1141)
updated maxmap 7: a39 (len: 1141)
updated maxmap 8: a3e (len: 1141)
updated maxmap 6: a67 (len: 1166)
updated maxmap 7: a71 (len: 1166)
updated maxmap 8: a7b (len: 1166)
updated maxmap 5: a26 (len: 1141)
updated maxmap 9: 9dd (len: 1141)
updated maxmap 10: 9dc (len: 1141)
updated maxmap 5: a2a (len: 1141)
updated maxmap 5: a2b (len: 1141)
updated maxmap 5: a38 (len: 1151)
updated maxmap 11: 9dc (len: 1141)
updated maxmap 5: a6f (len: 1165)
updated maxmap 4: a33 (len: 1141)
updated maxmap 3: a32 (len: 1141)
updated maxmap 8: a88 (len: 1170)
[1;94m[*] [0mFuzzing test case #170 (1497 total, 0 uniq crashes found)...[0m
scheduled max input!!!!
schedule: 10 level30_2/ijon_max/10
[1;94m[*] [0mFuzzing test case #171 (1497 total, 0 uniq crashes found)...[0m
scheduled max input!!!!
schedule: 7 level30_2/ijon_max/7
updated maxmap 6: a68 (len: 1166)
updated maxmap 7: a72 (len: 1166)
updated maxmap 6: a69 (len: 1166)
updated maxmap 7: a73 (len: 1166)
updated maxmap 6: a6a (len: 1171)
updated maxmap 7: a74 (len: 1171)
minimized maxmap 6: a6a (len: 1166)
[1;94m[*] [0mFuzzing test case #172 (1497 total, 0 uniq crashes found)...[0m
scheduled max input!!!!
schedule: 0 level30_2/ijon_max/0
minimized maxmap 12: 9dc (len: 1126)
updated maxmap 13: 9e6 (len: 1126)
updated maxmap 14: 9f0 (len: 1126)
updated maxmap 15: 9f9 (len: 1126)
[1;94m[*] [0mFuzzing test case #173 (1497 total, 0 uniq crashes found)...[0m
scheduled max input!!!!
schedule: 15 level30_2/ijon_max/15
[1;94m[*] [0mFuzzing test case #174 (1497 total, 0 uniq crashes found)...[0m
[1;94m[*] [0mFuzzing test case #175 (1497 total, 0 uniq crashes found)...[0m
scheduled max input!!!!
schedule: 15 level30_2/ijon_max/15
[1;94m[*] [0mFuzzing test case #176 (1499 total, 0 uniq crashes found)...[0m
scheduled max input!!!!
schedule: 10 level30_2/ijon_max/10
[1;94m[*] [0mFuzzing test case #177 (1499 total, 0 uniq crashes found)...[0m
scheduled max input!!!!
schedule: 1 level30_2/ijon_max/1
[1;94m[*] [0mFuzzing test case #178 (1499 total, 0 uniq crashes found)...[0m
scheduled max input!!!!
schedule: 0 level30_2/ijon_max/0
[1;94m[*] [0mFuzzing test case #179 (1499 total, 0 uniq crashes found)...[0m
scheduled max input!!!!
schedule: 13 level30_2/ijon_max/13
[1;94m[*] [0mFuzzing test case #180 (1499 total, 0 uniq crashes found)...[0m
scheduled max input!!!!
schedule: 12 level30_2/ijon_max/12
[1;94m[*] [0mFuzzing test case #181 (1500 total, 0 uniq crashes found)...[0m
scheduled max input!!!!
schedule: 9 level30_2/ijon_max/9
[1;94m[*] [0mFuzzing test case #182 (1500 total, 0 uniq crashes found)...[0m
scheduled max input!!!!
schedule: 10 level30_2/ijon_max/10
[1;94m[*] [0mFuzzing test case #183 (1500 total, 0 uniq crashes found)...[0m
scheduled max input!!!!
schedule: 11 level30_2/ijon_max/11
[1;94m[*] [0mFuzzing test case #184 (1500 total, 0 uniq crashes found)...[0m
scheduled max input!!!!
schedule: 11 level30_2/ijon_max/11
[1;94m[*] [0mFuzzing test case #185 (1500 total, 0 uniq crashes found)...[0m
[1;94m[*] [0mFuzzing test case #186 (1500 total, 0 uniq crashes found)...[0m
scheduled max input!!!!
schedule: 0 level30_2/ijon_max/0
[1;94m[*] [0mFuzzing test case #187 (1500 total, 0 uniq crashes found)...[0m
scheduled max input!!!!
schedule: 9 level30_2/ijon_max/9
[1;94m[*] [0mFuzzing test case #188 (1500 total, 0 uniq crashes found)...[0m
[1;94m[*] [0mFuzzing test case #189 (1500 total, 0 uniq crashes found)...[0m
scheduled max input!!!!
schedule: 0 level30_2/ijon_max/0
[1;94m[*] [0mFuzzing test case #190 (1500 total, 0 uniq crashes found)...[0m
[1;94m[*] [0mFuzzing test case #191 (1500 total, 0 uniq crashes found)...[0m
scheduled max input!!!!
schedule: 1 level30_2/ijon_max/1
[1;94m[*] [0mFuzzing test case #192 (1500 total, 0 uniq crashes found)...[0m
scheduled max input!!!!
schedule: 6 level30_2/ijon_max/6
updated maxmap 6: a6e (len: 1166)
updated maxmap 7: a75 (len: 1166)
[1;94m[*] [0mFuzzing test case #193 (1500 total, 0 uniq crashes found)...[0m
[1;94m[*] [0mFuzzing test case #194 (1500 total, 0 uniq crashes found)...[0m
scheduled max input!!!!
schedule: 12 level30_2/ijon_max/12
[1;94m[*] [0mFuzzing test case #195 (1500 total, 0 uniq crashes found)...[0m
scheduled max input!!!!
schedule: 0 level30_2/ijon_max/0
[1;94m[*] [0mFuzzing test case #196 (1500 total, 0 uniq crashes found)...[0m
scheduled max input!!!!
schedule: 4 level30_2/ijon_max/4
updated maxmap 4: a51 (len: 1148)
[1;94m[*] [0mFuzzing test case #197 (1500 total, 0 uniq crashes found)...[0m
[1;94m[*] [0mFuzzing test case #198 (1500 total, 0 uniq crashes found)...[0m
scheduled max input!!!!
schedule: 11 level30_2/ijon_max/11
[1;94m[*] [0mFuzzing test case #199 (1500 total, 0 uniq crashes found)...[0m
scheduled max input!!!!
schedule: 6 level30_2/ijon_max/6
[1;94m[*] [0mFuzzing test case #200 (1500 total, 0 uniq crashes found)...[0m
scheduled max input!!!!
schedule: 3 level30_2/ijon_max/3
[1;94m[*] [0mFuzzing test case #201 (1500 total, 0 uniq crashes found)...[0m
scheduled max input!!!!
schedule: 2 level30_2/ijon_max/2
[1;94m[*] [0mFuzzing test case #202 (1500 total, 0 uniq crashes found)...[0m
scheduled max input!!!!
schedule: 14 level30_2/ijon_max/14
[1;94m[*] [0mFuzzing test case #203 (1500 total, 0 uniq crashes found)...[0m
[1;94m[*] [0mFuzzing test case #204 (1500 total, 0 uniq crashes found)...[0m
scheduled max input!!!!
schedule: 1 level30_2/ijon_max/1
[1;94m[*] [0mFuzzing test case #205 (1500 total, 0 uniq crashes found)...[0m
scheduled max input!!!!
schedule: 11 level30_2/ijon_max/11
[1;94m[*] [0mFuzzing test case #206 (1501 total, 0 uniq crashes found)...[0m
scheduled max input!!!!
schedule: 9 level30_2/ijon_max/9
[1;94m[*] [0mFuzzing test case #207 (1501 total, 0 uniq crashes found)...[0m
scheduled max input!!!!
schedule: 4 level30_2/ijon_max/4
updated maxmap 4: a52 (len: 1148)
updated maxmap 4: a53 (len: 1148)
updated maxmap 2: 907 (len: 1148)
[1;94m[*] [0mFuzzing test case #208 (1502 total, 0 uniq crashes found)...[0m
scheduled max input!!!!
schedule: 2 level30_2/ijon_max/2
updated maxmap 2: 908 (len: 1148)
[1;94m[*] [0mFuzzing test case #209 (1502 total, 0 uniq crashes found)...[0m
scheduled max input!!!!
schedule: 6 level30_2/ijon_max/6
updated maxmap 6: a71 (len: 1166)
updated maxmap 7: a79 (len: 1166)
[1;94m[*] [0mFuzzing test case #210 (1502 total, 0 uniq crashes found)...[0m
scheduled max input!!!!
schedule: 3 level30_2/ijon_max/3
updated maxmap 3: a34 (len: 1142)
[1;94m[*] [0mFuzzing test case #211 (1502 total, 0 uniq crashes found)...[0m
scheduled max input!!!!
schedule: 2 level30_2/ijon_max/2
updated maxmap 4: a55 (len: 1149)
[1;94m[*] [0mFuzzing test case #212 (1502 total, 0 uniq crashes found)...[0m
scheduled max input!!!!
schedule: 1 level30_2/ijon_max/1
[1;94m[*] [0mFuzzing test case #213 (1502 total, 0 uniq crashes found)...[0m
scheduled max input!!!!
schedule: 13 level30_2/ijon_max/13
[1;94m[*] [0mFuzzing test case #214 (1502 total, 0 uniq crashes found)...[0m
scheduled max input!!!!
schedule: 12 level30_2/ijon_max/12
[1;94m[*] [0mFuzzing test case #215 (1503 total, 0 uniq crashes found)...[0m
scheduled max input!!!!
schedule: 5 level30_2/ijon_max/5
updated maxmap 5: a72 (len: 1169)
updated maxmap 5: a82 (len: 1190)
[1;94m[*] [0mFuzzing test case #216 (1503 total, 0 uniq crashes found)...[0m
scheduled max input!!!!
schedule: 11 level30_2/ijon_max/11
[1;94m[*] [0mFuzzing test case #217 (1504 total, 0 uniq crashes found)...[0m
scheduled max input!!!!
schedule: 1 level30_2/ijon_max/1
[1;94m[*] [0mFuzzing test case #218 (1504 total, 0 uniq crashes found)...[0m
[1;94m[*] [0mFuzzing test case #219 (1504 total, 0 uniq crashes found)...[0m
scheduled max input!!!!
schedule: 1 level30_2/ijon_max/1
[1;94m[*] [0mFuzzing test case #220 (1504 total, 0 uniq crashes found)...[0m
scheduled max input!!!!
schedule: 9 level30_2/ijon_max/9
[1;94m[*] [0mFuzzing test case #221 (1504 total, 0 uniq crashes found)...[0m
[1;94m[*] [0mFuzzing test case #222 (1504 total, 0 uniq crashes found)...[0m
scheduled max input!!!!
schedule: 6 level30_2/ijon_max/6
[1;94m[*] [0mFuzzing test case #223 (1504 total, 0 uniq crashes found)...[0m
[1;94m[*] [0mFuzzing test case #224 (1504 total, 0 uniq crashes found)...[0m
scheduled max input!!!!
schedule: 3 level30_2/ijon_max/3
updated maxmap 3: a35 (len: 1142)
updated maxmap 3: a71 (len: 1166)
updated maxmap 4: a6e (len: 1166)
[1;94m[*] [0mFuzzing test case #225 (1504 total, 0 uniq crashes found)...[0m
scheduled max input!!!!
schedule: 8 level30_2/ijon_max/8
updated maxmap 8: a89 (len: 1170)
[1;94m[*] [0mFuzzing test case #226 (1505 total, 0 uniq crashes found)...[0m
scheduled max input!!!!
schedule: 10 level30_2/ijon_max/10
[1;94m[*] [0mFuzzing test case #227 (1505 total, 0 uniq crashes found)...[0m
scheduled max input!!!!
schedule: 2 level30_2/ijon_max/2
[1;94m[*] [0mFuzzing test case #228 (1505 total, 0 uniq crashes found)...[0m
scheduled max input!!!!
schedule: 11 level30_2/ijon_max/11
[1;94m[*] [0mFuzzing test case #229 (1505 total, 0 uniq crashes found)...[0m
scheduled max input!!!!
schedule: 2 level30_2/ijon_max/2
[1;94m[*] [0mFuzzing test case #230 (1505 total, 0 uniq crashes found)...[0m
scheduled max input!!!!
schedule: 8 level30_2/ijon_max/8
[1;94m[*] [0mFuzzing test case #231 (1505 total, 0 uniq crashes found)...[0m
scheduled max input!!!!
schedule: 0 level30_2/ijon_max/0
[1;94m[*] [0mFuzzing test case #232 (1505 total, 0 uniq crashes found)...[0m
scheduled max input!!!!
schedule: 6 level30_2/ijon_max/6
[1;94m[*] [0mFuzzing test case #233 (1505 total, 0 uniq crashes found)...[0m
scheduled max input!!!!
schedule: 14 level30_2/ijon_max/14
[1;94m[*] [0mFuzzing test case #234 (1505 total, 0 uniq crashes found)...[0m
scheduled max input!!!!
schedule: 6 level30_2/ijon_max/6
updated maxmap 6: a7f (len: 1174)
updated maxmap 6: a81 (len: 1170)
[1;94m[*] [0mFuzzing test case #235 (1505 total, 0 uniq crashes found)...[0m
scheduled max input!!!!
schedule: 1 level30_2/ijon_max/1
[1;94m[*] [0mFuzzing test case #236 (1505 total, 0 uniq crashes found)...[0m
scheduled max input!!!!
schedule: 12 level30_2/ijon_max/12
[1;94m[*] [0mFuzzing test case #237 (1505 total, 0 uniq crashes found)...[0m
scheduled max input!!!!
schedule: 4 level30_2/ijon_max/4
updated maxmap 7: a7d (len: 1173)
[1;94m[*] [0mFuzzing test case #238 (1505 total, 0 uniq crashes found)...[0m
scheduled max input!!!!
schedule: 0 level30_2/ijon_max/0
[1;94m[*] [0mFuzzing test case #239 (1505 total, 0 uniq crashes found)...[0m
scheduled max input!!!!
schedule: 11 level30_2/ijon_max/11
[1;94m[*] [0mFuzzing test case #240 (1505 total, 0 uniq crashes found)...[0m
scheduled max input!!!!
schedule: 13 level30_2/ijon_max/13
[1;94m[*] [0mFuzzing test case #241 (1505 total, 0 uniq crashes found)...[0m
scheduled max input!!!!
schedule: 12 level30_2/ijon_max/12
[1;94m[*] [0mFuzzing test case #242 (1505 total, 0 uniq crashes found)...[0m
scheduled max input!!!!
schedule: 7 level30_2/ijon_max/7
[1;94m[*] [0mFuzzing test case #243 (1505 total, 0 uniq crashes found)...[0m
scheduled max input!!!!
schedule: 0 level30_2/ijon_max/0
[1;94m[*] [0mFuzzing test case #244 (1505 total, 0 uniq crashes found)...[0m
scheduled max input!!!!
schedule: 15 level30_2/ijon_max/15
[1;94m[*] [0mFuzzing test case #245 (1505 total, 0 uniq crashes found)...[0m
scheduled max input!!!!
schedule: 12 level30_2/ijon_max/12
[1;94m[*] [0mFuzzing test case #246 (1505 total, 0 uniq crashes found)...[0m
scheduled max input!!!!
schedule: 0 level30_2/ijon_max/0
[1;94m[*] [0mFuzzing test case #247 (1505 total, 0 uniq crashes found)...[0m
scheduled max input!!!!
schedule: 14 level30_2/ijon_max/14
[1;94m[*] [0mFuzzing test case #248 (1505 total, 0 uniq crashes found)...[0m
scheduled max input!!!!
schedule: 4 level30_2/ijon_max/4
updated maxmap 4: a6f (len: 1166)
updated maxmap 7: a83 (len: 1174)
[1;94m[*] [0mFuzzing test case #249 (1505 total, 0 uniq crashes found)...[0m
scheduled max input!!!!
schedule: 5 level30_2/ijon_max/5
updated maxmap 5: a83 (len: 1190)
updated maxmap 5: a85 (len: 1191)
updated maxmap 8: a94 (len: 1193)
updated maxmap 9: a98 (len: 1193)
updated maxmap 10: a99 (len: 1193)
updated maxmap 11: a9a (len: 1193)
updated maxmap 12: a9d (len: 1193)
updated maxmap 13: a9e (len: 1193)
[1;94m[*] [0mFuzzing test case #250 (1505 total, 0 uniq crashes found)...[0m
scheduled max input!!!!
schedule: 13 level30_2/ijon_max/13
updated maxmap 8: a95 (len: 1193)
updated maxmap 9: a9a (len: 1193)
updated maxmap 10: a9a (len: 1193)
updated maxmap 11: a9c (len: 1193)
updated maxmap 12: a9e (len: 1193)
updated maxmap 13: a9f (len: 1193)
updated maxmap 8: a96 (len: 1193)
updated maxmap 10: a9b (len: 1193)
[1;94m[*] [0mFuzzing test case #251 (1505 total, 0 uniq crashes found)...[0m
scheduled max input!!!!
schedule: 9 level30_2/ijon_max/9
updated maxmap 13: aa0 (len: 1193)
updated maxmap 3: ab3 (len: 1193)
updated maxmap 4: abf (len: 1193)
updated maxmap 5: ac2 (len: 1193)
updated maxmap 6: a8b (len: 1193)
updated maxmap 12: a9f (len: 1193)
updated maxmap 0: aa8 (len: 1211)
updated maxmap 13: aa1 (len: 1211)
updated maxmap 14: aa4 (len: 1211)
updated maxmap 15: aa7 (len: 1211)
updated maxmap 8: a98 (len: 1193)
[1;94m[*] [0mFuzzing test case #252 (1506 total, 0 uniq crashes found)...[0m
scheduled max input!!!!
schedule: 3 level30_2/ijon_max/3
updated maxmap 4: ac0 (len: 1193)
updated maxmap 3: af3 (len: 1219)
updated maxmap 4: aff (len: 1219)
updated maxmap 5: b01 (len: 1219)
updated maxmap 6: acb (len: 1219)
updated maxmap 7: ac1 (len: 1219)
updated maxmap 8: aba (len: 1219)
minimized maxmap 7: ac1 (len: 1193)
minimized maxmap 8: aba (len: 1193)
updated maxmap 7: ac2 (len: 1193)
[1;94m[*] [0mFuzzing test case #253 (1507 total, 0 uniq crashes found)...[0m
scheduled max input!!!!
schedule: 12 level30_2/ijon_max/12
[1;94m[*] [0mFuzzing test case #254 (1508 total, 0 uniq crashes found)...[0m
scheduled max input!!!!
schedule: 5 level30_2/ijon_max/5
updated maxmap 3: af4 (len: 1219)
updated maxmap 4: b00 (len: 1219)
updated maxmap 5: b02 (len: 1219)
updated maxmap 6: acc (len: 1219)
updated maxmap 8: abb (len: 1219)
[1;94m[*] [0mFuzzing test case #255 (1508 total, 0 uniq crashes found)...[0m
scheduled max input!!!!
schedule: 13 level30_2/ijon_max/13
updated maxmap 6: acd (len: 1211)
updated maxmap 7: ae4 (len: 1211)
updated maxmap 8: ae1 (len: 1211)
[?25h[1;91m

+++ Testing aborted by user +++
[0m[1;92m[+] [0mWe're done here. Have a nice day!
[0m
srun: error: ubuntu-test: task 0: Exited with exit code 124
