srun: error: NodeNames=ubuntu-test CPUs=90 match no Sockets, Sockets*CoresPerSocket or Sockets*CoresPerSocket*ThreadsPerCore. Resetting CPUs.
[0;36mafl-fuzz [1;97m2.51b-ijon[0m by <lcamtuf@google.com>
[1;92m[+] [0mLooks like we're not running on a tty, so I'll be a bit less verbose.[0m
[1;92m[+] [0mYou have 96 CPU cores and 116 runnable tasks (utilization: 121%).[0m
[1;93m[!] [1;97mWARNING: [0mNot binding to a CPU core (AFL_NO_AFFINITY set).[0m
[1;94m[*] [0mChecking core_pattern...[0m
[1;94m[*] [0mSetting up output directories...[0m
importdir: level25_3/importsmax_dir: level25_3/ijon_max[1;94m[*] [0mScanning 'seeds'...[0m
[1;92m[+] [0mNo auto-generated dictionary tokens to reuse.[0m
[1;94m[*] [0mCreating hard links for all input files...[0m
[1;94m[*] [0mValidating target binary...[0m
[1;94m[*] [0mAttempting dry run with 'id:000000,orig:a'...[0m
[1;94m[*] [0mSpinning up the fork server...[0m
[1;92m[+] [0mAll right - fork server is up.[0m
[1;90m    len = 1, map size = 2479, exec speed = 17211 us
[0m[1;92m[+] [0mAll test cases processed.[0m

[1;93m[!] [1;97mWARNING: [0m[1;91mThe target binary is pretty slow! See docs/perf_tips.txt.[0m
[1;92m[+] [0mHere are some useful stats:

[1;90m    Test case count : [0m1 favored, 0 variable, 1 total
[1;90m       Bitmap range : [0m2479 to 2479 bits (average: 2479.00 bits)
[1;90m        Exec timing : [0m17.2k to 17.2k us (average: 17.2k us)
[0m
[1;92m[+] [0mAll set and ready to roll![0m
[1;94m[*] [0mEntering queue cycle 1.[0m
[1;94m[*] [0mFuzzing test case #0 (1 total, 0 uniq crashes found)...[0m
scheduled normal input!!!!
updated maxmap 11: 28 (len: 1)
updated maxmap 9: 2a (len: 50)
updated maxmap 10: 2b (len: 50)
updated maxmap 11: 2c (len: 50)
updated maxmap 10: 2c (len: 51)
updated maxmap 8: 29 (len: 43)
updated maxmap 9: 2c (len: 44)
updated maxmap 9: 2e (len: 61)
updated maxmap 10: 2d (len: 61)
updated maxmap 11: 2d (len: 56)
updated maxmap 9: 30 (len: 62)
updated maxmap 10: 2e (len: 62)
updated maxmap 11: 2e (len: 76)
updated maxmap 9: 32 (len: 69)
updated maxmap 10: 33 (len: 69)
updated maxmap 8: 2a (len: 43)
updated maxmap 11: 30 (len: 60)
updated maxmap 11: 31 (len: 59)
updated maxmap 8: 2b (len: 54)
updated maxmap 7: 2c (len: 52)
updated maxmap 8: 2f (len: 52)
updated maxmap 9: 36 (len: 72)
updated maxmap 10: 38 (len: 72)
updated maxmap 8: 32 (len: 61)
updated maxmap 10: 39 (len: 52)
updated maxmap 11: 36 (len: 52)
updated maxmap 11: 38 (len: 71)
updated maxmap 9: 3a (len: 58)
updated maxmap 11: 3b (len: 56)
updated maxmap 8: 39 (len: 64)
updated maxmap 8: 44 (len: 67)
updated maxmap 9: 48 (len: 67)
updated maxmap 7: 3a (len: 62)
updated maxmap 10: 42 (len: 80)
updated maxmap 11: 40 (len: 80)
updated maxmap 10: 4f (len: 82)
updated maxmap 11: 4e (len: 82)
[1;94m[*] [0mFuzzing test case #1 (249 total, 0 uniq crashes found)...[0m
scheduled max input!!!!
schedule: 8 level25_3/ijon_max/8
updated maxmap 8: 4e (len: 76)
updated maxmap 9: 56 (len: 76)
updated maxmap 9: 66 (len: 132)
updated maxmap 10: 6c (len: 132)
updated maxmap 11: 71 (len: 132)
updated maxmap 9: 78 (len: 109)
updated maxmap 10: 73 (len: 109)
updated maxmap 8: 5b (len: 79)
updated maxmap 7: 47 (len: 67)
updated maxmap 8: 64 (len: 91)
updated maxmap 9: 7b (len: 121)
updated maxmap 9: 7d (len: 109)
updated maxmap 10: 89 (len: 109)
updated maxmap 11: 86 (len: 109)
updated maxmap 9: 88 (len: 146)
updated maxmap 10: 8e (len: 146)
updated maxmap 11: 97 (len: 146)
updated maxmap 9: 9d (len: 128)
updated maxmap 10: a1 (len: 128)
updated maxmap 8: 68 (len: 128)
updated maxmap 8: 95 (len: 148)
updated maxmap 9: 9e (len: 148)
updated maxmap 7: 57 (len: 129)
[1;94m[*] [0mFuzzing test case #2 (369 total, 0 uniq crashes found)...[0m
scheduled normal input!!!!
[1;94m[*] [0mFuzzing test case #3 (369 total, 0 uniq crashes found)...[0m
scheduled max input!!!!
schedule: 10 level25_3/ijon_max/10
updated maxmap 9: 9f (len: 135)
updated maxmap 10: af (len: 135)
updated maxmap 11: a9 (len: 135)
updated maxmap 9: a7 (len: 132)
updated maxmap 11: ad (len: 128)
updated maxmap 8: 99 (len: 134)
updated maxmap 8: 9a (len: 141)
updated maxmap 10: b4 (len: 141)
updated maxmap 11: b1 (len: 141)
updated maxmap 9: ac (len: 136)
updated maxmap 9: c4 (len: 156)
updated maxmap 8: a1 (len: 130)
updated maxmap 10: bb (len: 179)
updated maxmap 11: b5 (len: 179)
updated maxmap 9: dd (len: 175)
updated maxmap 10: ce (len: 175)
updated maxmap 11: c8 (len: 175)
updated maxmap 8: d8 (len: 190)
updated maxmap 10: d5 (len: 181)
updated maxmap 7: 76 (len: 141)
updated maxmap 10: dd (len: 183)
updated maxmap 11: de (len: 183)
updated maxmap 9: f3 (len: 209)
updated maxmap 10: f1 (len: 209)
updated maxmap 11: eb (len: 209)
updated maxmap 7: 8d (len: 155)
updated maxmap 10: f6 (len: 168)
updated maxmap 11: f4 (len: 168)
updated maxmap 7: ae (len: 136)
updated maxmap 9: fc (len: 194)
updated maxmap 10: f8 (len: 194)
updated maxmap 8: de (len: 146)
[1;94m[*] [0mFuzzing test case #4 (500 total, 0 uniq crashes found)...[0m
scheduled max input!!!!
schedule: 10 level25_3/ijon_max/10
updated maxmap 9: fe (len: 194)
updated maxmap 10: f9 (len: 194)
updated maxmap 9: 107 (len: 195)
updated maxmap 10: 102 (len: 195)
updated maxmap 11: fc (len: 195)
updated maxmap 11: 109 (len: 220)
updated maxmap 12: 10f (len: 220)
updated maxmap 13: 115 (len: 220)
updated maxmap 14: 117 (len: 220)
updated maxmap 9: 10b (len: 231)
updated maxmap 10: 103 (len: 211)
updated maxmap 9: 10c (len: 224)
updated maxmap 9: 113 (len: 223)
updated maxmap 0: 116 (len: 227)
updated maxmap 10: 10b (len: 227)
updated maxmap 11: 111 (len: 227)
updated maxmap 12: 111 (len: 227)
updated maxmap 15: 115 (len: 227)
updated maxmap 8: e3 (len: 194)
updated maxmap 13: 117 (len: 236)
updated maxmap 0: 11b (len: 204)
updated maxmap 15: 11a (len: 204)
updated maxmap 9: 124 (len: 222)
updated maxmap 10: 11e (len: 222)
updated maxmap 11: 118 (len: 222)
updated maxmap 8: e7 (len: 194)
updated maxmap 8: 104 (len: 230)
updated maxmap 9: 126 (len: 239)
updated maxmap 10: 121 (len: 239)
updated maxmap 11: 11c (len: 239)
updated maxmap 9: 143 (len: 211)
updated maxmap 10: 139 (len: 211)
updated maxmap 11: 131 (len: 211)
updated maxmap 12: 114 (len: 194)
updated maxmap 13: 11d (len: 194)
updated maxmap 14: 125 (len: 194)
updated maxmap 0: 132 (len: 202)
updated maxmap 14: 126 (len: 202)
updated maxmap 15: 130 (len: 202)
updated maxmap 12: 115 (len: 196)
updated maxmap 8: 108 (len: 214)
updated maxmap 9: 14f (len: 261)
updated maxmap 10: 14b (len: 261)
updated maxmap 11: 146 (len: 261)
updated maxmap 7: c8 (len: 204)
updated maxmap 8: 10d (len: 225)
updated maxmap 8: 13d (len: 227)
updated maxmap 10: 153 (len: 227)
updated maxmap 11: 15d (len: 227)
updated maxmap 12: 15f (len: 227)
updated maxmap 8: 14a (len: 214)
updated maxmap 9: 156 (len: 214)
updated maxmap 13: 11e (len: 232)
updated maxmap 14: 128 (len: 232)
updated maxmap 15: 132 (len: 232)
updated maxmap 7: 114 (len: 199)
updated maxmap 0: 133 (len: 200)
updated maxmap 0: 134 (len: 252)
updated maxmap 9: 157 (len: 220)
updated maxmap 10: 161 (len: 220)
updated maxmap 11: 16b (len: 220)
updated maxmap 12: 175 (len: 220)
updated maxmap 13: 17f (len: 220)
updated maxmap 14: 186 (len: 220)
updated maxmap 0: 136 (len: 195)
updated maxmap 15: 134 (len: 195)
updated maxmap 8: 14b (len: 194)
[1;94m[*] [0mFuzzing test case #5 (668 total, 0 uniq crashes found)...[0m
scheduled max input!!!!
schedule: 9 level25_3/ijon_max/9
updated maxmap 8: 14c (len: 220)
updated maxmap 9: 158 (len: 220)
updated maxmap 10: 162 (len: 220)
updated maxmap 11: 16c (len: 220)
updated maxmap 12: 176 (len: 220)
updated maxmap 13: 180 (len: 220)
updated maxmap 14: 188 (len: 220)
updated maxmap 15: 18d (len: 220)
updated maxmap 8: 14e (len: 220)
updated maxmap 9: 15b (len: 220)
updated maxmap 10: 165 (len: 220)
updated maxmap 11: 16f (len: 220)
updated maxmap 8: 151 (len: 220)
updated maxmap 9: 15e (len: 220)
updated maxmap 10: 168 (len: 220)
updated maxmap 11: 171 (len: 220)
updated maxmap 0: 183 (len: 276)
updated maxmap 9: 161 (len: 276)
updated maxmap 0: 18c (len: 244)
updated maxmap 9: 163 (len: 289)
updated maxmap 9: 165 (len: 278)
updated maxmap 10: 169 (len: 294)
updated maxmap 9: 167 (len: 299)
[1;94m[*] [0mFuzzing test case #6 (715 total, 0 uniq crashes found)...[0m
scheduled max input!!!!
schedule: 14 level25_3/ijon_max/14
updated maxmap 0: 192 (len: 228)
updated maxmap 15: 18f (len: 228)
updated maxmap 14: 18a (len: 221)
updated maxmap 15: 190 (len: 226)
updated maxmap 8: 154 (len: 220)
updated maxmap 15: 192 (len: 224)
updated maxmap 10: 16a (len: 228)
updated maxmap 7: 11d (len: 236)
updated maxmap 9: 1a0 (len: 236)
updated maxmap 10: 1aa (len: 236)
updated maxmap 11: 178 (len: 236)
updated maxmap 0: 195 (len: 226)
updated maxmap 15: 193 (len: 226)
updated maxmap 0: 197 (len: 227)
updated maxmap 15: 194 (len: 227)
updated maxmap 8: 15a (len: 263)
updated maxmap 7: 141 (len: 231)
updated maxmap 11: 17b (len: 220)
updated maxmap 7: 142 (len: 220)
[1;94m[*] [0mFuzzing test case #7 (743 total, 0 uniq crashes found)...[0m
scheduled max input!!!!
schedule: 15 level25_3/ijon_max/15
[1;94m[*] [0mFuzzing test case #8 (743 total, 0 uniq crashes found)...[0m
scheduled max input!!!!
schedule: 0 level25_3/ijon_max/0
updated maxmap 8: 15c (len: 276)
updated maxmap 8: 15d (len: 256)
[1;94m[*] [0mFuzzing test case #9 (743 total, 0 uniq crashes found)...[0m
scheduled max input!!!!
schedule: 14 level25_3/ijon_max/14
updated maxmap 8: 15e (len: 276)
[1;94m[*] [0mFuzzing test case #10 (744 total, 0 uniq crashes found)...[0m
scheduled max input!!!!
schedule: 15 level25_3/ijon_max/15
[1;94m[*] [0mFuzzing test case #11 (744 total, 0 uniq crashes found)...[0m
[1;94m[*] [0mFuzzing test case #12 (744 total, 0 uniq crashes found)...[0m
scheduled max input!!!!
schedule: 9 level25_3/ijon_max/9
updated maxmap 9: 1a2 (len: 236)
updated maxmap 10: 1ac (len: 236)
updated maxmap 9: 1a6 (len: 239)
updated maxmap 10: 1b0 (len: 239)
updated maxmap 11: 17e (len: 239)
updated maxmap 9: 1aa (len: 238)
updated maxmap 11: 17f (len: 236)
updated maxmap 11: 1b4 (len: 243)
updated maxmap 12: 1b9 (len: 243)
updated maxmap 8: 162 (len: 236)
updated maxmap 10: 1b1 (len: 241)
updated maxmap 9: 1ab (len: 242)
updated maxmap 10: 1b5 (len: 242)
updated maxmap 11: 1b8 (len: 242)
updated maxmap 11: 1ba (len: 243)
updated maxmap 8: 1a7 (len: 244)
updated maxmap 9: 1b1 (len: 244)
updated maxmap 10: 1bb (len: 244)
updated maxmap 11: 1bd (len: 244)
updated maxmap 8: 1a9 (len: 236)
updated maxmap 7: 1a9 (len: 236)
updated maxmap 12: 1c3 (len: 250)
updated maxmap 13: 1c8 (len: 250)
updated maxmap 8: 1ab (len: 238)
updated maxmap 8: 1ad (len: 239)
updated maxmap 6: 127 (len: 236)
updated maxmap 9: 1b4 (len: 242)
[1;94m[*] [0mFuzzing test case #13 (768 total, 0 uniq crashes found)...[0m
scheduled max input!!!!
schedule: 0 level25_3/ijon_max/0
[1;94m[*] [0mFuzzing test case #14 (768 total, 0 uniq crashes found)...[0m
scheduled max input!!!!
schedule: 11 level25_3/ijon_max/11
updated maxmap 10: 1bc (len: 244)
updated maxmap 11: 1be (len: 244)
updated maxmap 11: 1bf (len: 244)
updated maxmap 10: 1be (len: 244)
updated maxmap 11: 1c0 (len: 244)
updated maxmap 12: 1c7 (len: 255)
updated maxmap 13: 1d1 (len: 255)
updated maxmap 14: 1db (len: 255)
updated maxmap 11: 1c8 (len: 249)
updated maxmap 12: 1cd (len: 249)
updated maxmap 8: 1b1 (len: 244)
updated maxmap 8: 1b2 (len: 244)
updated maxmap 13: 1d2 (len: 252)
updated maxmap 6: 1bf (len: 244)
updated maxmap 7: 1b8 (len: 244)
updated maxmap 12: 1cf (len: 252)
updated maxmap 9: 1b5 (len: 253)
updated maxmap 10: 1bf (len: 253)
updated maxmap 11: 1c9 (len: 253)
updated maxmap 12: 1d0 (len: 253)
updated maxmap 9: 1b6 (len: 244)
updated maxmap 9: 1b9 (len: 252)
updated maxmap 9: 1ba (len: 252)
updated maxmap 7: 1ba (len: 244)
updated maxmap 15: 1d3 (len: 252)
updated maxmap 8: 1b3 (len: 249)
updated maxmap 15: 1d8 (len: 256)
updated maxmap 15: 1d9 (len: 256)
updated maxmap 12: 1d1 (len: 252)
[1;94m[*] [0mFuzzing test case #15 (807 total, 0 uniq crashes found)...[0m
scheduled max input!!!!
schedule: 10 level25_3/ijon_max/10
updated maxmap 10: 1c0 (len: 253)
updated maxmap 11: 1ca (len: 253)
updated maxmap 12: 1d2 (len: 253)
updated maxmap 10: 1c2 (len: 253)
updated maxmap 11: 1cc (len: 253)
updated maxmap 12: 1d3 (len: 253)
updated maxmap 12: 1d4 (len: 253)
updated maxmap 13: 1d3 (len: 253)
updated maxmap 13: 1dd (len: 258)
updated maxmap 0: 1f6 (len: 267)
updated maxmap 12: 1d6 (len: 267)
updated maxmap 13: 1e0 (len: 267)
updated maxmap 14: 1ea (len: 267)
updated maxmap 15: 1f4 (len: 267)
updated maxmap 10: 1c3 (len: 253)
updated maxmap 11: 1cd (len: 253)
updated maxmap 9: 1bd (len: 264)
updated maxmap 8: 1b6 (len: 253)
updated maxmap 10: 1c6 (len: 260)
updated maxmap 11: 1cf (len: 260)
updated maxmap 12: 1d7 (len: 260)
updated maxmap 8: 1b9 (len: 261)
[1;94m[*] [0mFuzzing test case #16 (825 total, 0 uniq crashes found)...[0m
scheduled max input!!!!
schedule: 0 level25_3/ijon_max/0
updated maxmap 0: 1f7 (len: 267)
updated maxmap 13: 1e1 (len: 267)
updated maxmap 14: 1eb (len: 267)
updated maxmap 15: 1f5 (len: 267)
updated maxmap 4: 1e1 (len: 272)
updated maxmap 5: 1f0 (len: 272)
updated maxmap 6: 1fa (len: 272)
updated maxmap 7: 200 (len: 272)
updated maxmap 0: 1f9 (len: 274)
updated maxmap 12: 1d8 (len: 274)
updated maxmap 13: 1e2 (len: 274)
updated maxmap 14: 1ec (len: 274)
updated maxmap 15: 1f6 (len: 274)
updated maxmap 12: 1d9 (len: 267)
updated maxmap 13: 1e3 (len: 267)
updated maxmap 8: 1c4 (len: 275)
updated maxmap 9: 1cc (len: 275)
updated maxmap 10: 1cd (len: 275)
updated maxmap 14: 1ed (len: 269)
updated maxmap 11: 1d0 (len: 267)
updated maxmap 12: 1da (len: 267)
updated maxmap 13: 1e4 (len: 267)
[1;94m[*] [0mFuzzing test case #17 (843 total, 0 uniq crashes found)...[0m
[1;94m[*] [0mFuzzing test case #18 (843 total, 0 uniq crashes found)...[0m
scheduled max input!!!!
schedule: 13 level25_3/ijon_max/13
updated maxmap 14: 1ee (len: 270)
[1;94m[*] [0mFuzzing test case #19 (843 total, 0 uniq crashes found)...[0m
scheduled max input!!!!
schedule: 8 level25_3/ijon_max/8
updated maxmap 10: 1cf (len: 278)
updated maxmap 8: 1c5 (len: 275)
updated maxmap 8: 1c6 (len: 277)
updated maxmap 9: 1ce (len: 277)
updated maxmap 8: 1c7 (len: 275)
updated maxmap 8: 1c9 (len: 275)
updated maxmap 9: 1cf (len: 275)
updated maxmap 10: 1d3 (len: 279)
updated maxmap 8: 1ca (len: 275)
updated maxmap 9: 1d0 (len: 275)
updated maxmap 11: 1d9 (len: 283)
updated maxmap 12: 1dc (len: 283)
updated maxmap 9: 1d1 (len: 282)
updated maxmap 10: 1d7 (len: 282)
updated maxmap 11: 1da (len: 282)
[1;94m[*] [0mFuzzing test case #20 (845 total, 0 uniq crashes found)...[0m
scheduled max input!!!!
schedule: 4 level25_3/ijon_max/4
updated maxmap 5: 1f8 (len: 272)
updated maxmap 6: 1fd (len: 272)
updated maxmap 4: 1e4 (len: 272)
updated maxmap 7: 201 (len: 272)
updated maxmap 3: 1cf (len: 278)
updated maxmap 3: 1f7 (len: 272)
updated maxmap 4: 1f2 (len: 272)
updated maxmap 3: 202 (len: 272)
updated maxmap 4: 1f4 (len: 272)
updated maxmap 3: 203 (len: 272)
updated maxmap 4: 1f5 (len: 272)
updated maxmap 4: 20a (len: 274)
updated maxmap 5: 206 (len: 272)
updated maxmap 3: 205 (len: 273)
updated maxmap 3: 206 (len: 275)
updated maxmap 4: 20e (len: 276)
updated maxmap 4: 211 (len: 278)
updated maxmap 5: 214 (len: 278)
updated maxmap 3: 207 (len: 272)
updated maxmap 5: 215 (len: 278)
updated maxmap 3: 209 (len: 274)
updated maxmap 6: 201 (len: 272)
updated maxmap 7: 204 (len: 272)
updated maxmap 6: 202 (len: 272)
updated maxmap 7: 205 (len: 272)
updated maxmap 5: 216 (len: 279)
updated maxmap 4: 212 (len: 277)
updated maxmap 6: 205 (len: 272)
updated maxmap 6: 206 (len: 275)
updated maxmap 6: 20e (len: 278)
updated maxmap 7: 207 (len: 278)
updated maxmap 4: 216 (len: 280)
updated maxmap 5: 219 (len: 280)
[1;94m[*] [0mFuzzing test case #21 (866 total, 0 uniq crashes found)...[0m
scheduled max input!!!!
schedule: 15 level25_3/ijon_max/15
updated maxmap 0: 1fa (len: 274)
updated maxmap 15: 1f8 (len: 274)
[1;94m[*] [0mFuzzing test case #22 (866 total, 0 uniq crashes found)...[0m
scheduled max input!!!!
schedule: 11 level25_3/ijon_max/11
updated maxmap 8: 1cb (len: 289)
updated maxmap 9: 1d2 (len: 289)
updated maxmap 10: 1d8 (len: 289)
updated maxmap 11: 1de (len: 289)
updated maxmap 12: 1e2 (len: 289)
updated maxmap 9: 1d3 (len: 282)
updated maxmap 8: 1cd (len: 282)
[1;94m[*] [0mFuzzing test case #23 (867 total, 0 uniq crashes found)...[0m
scheduled max input!!!!
schedule: 8 level25_3/ijon_max/8
updated maxmap 8: 1d0 (len: 282)
updated maxmap 9: 1d6 (len: 282)
updated maxmap 10: 1da (len: 282)
updated maxmap 10: 1db (len: 282)
updated maxmap 11: 1e0 (len: 290)
updated maxmap 10: 1dc (len: 288)
updated maxmap 11: 1e1 (len: 288)
updated maxmap 11: 1e2 (len: 289)
updated maxmap 12: 1e5 (len: 289)
[1;94m[*] [0mFuzzing test case #24 (867 total, 0 uniq crashes found)...[0m
[1;94m[*] [0mFuzzing test case #25 (867 total, 0 uniq crashes found)...[0m
scheduled max input!!!!
schedule: 15 level25_3/ijon_max/15
updated maxmap 0: 1fb (len: 274)
updated maxmap 0: 1fc (len: 274)
updated maxmap 13: 1e5 (len: 274)
updated maxmap 14: 1ef (len: 274)
updated maxmap 15: 1f9 (len: 274)
[1;94m[*] [0mFuzzing test case #26 (867 total, 0 uniq crashes found)...[0m
scheduled max input!!!!
schedule: 3 level25_3/ijon_max/3
updated maxmap 7: 20a (len: 274)
[1;94m[*] [0mFuzzing test case #27 (867 total, 0 uniq crashes found)...[0m
scheduled max input!!!!
schedule: 9 level25_3/ijon_max/9
updated maxmap 8: 1d2 (len: 290)
updated maxmap 9: 1d9 (len: 290)
updated maxmap 10: 1de (len: 290)
updated maxmap 11: 1e3 (len: 290)
updated maxmap 12: 1e6 (len: 290)
updated maxmap 9: 1da (len: 282)
updated maxmap 11: 1e4 (len: 289)
updated maxmap 8: 1d6 (len: 285)
updated maxmap 9: 1dc (len: 285)
updated maxmap 8: 1d7 (len: 282)
updated maxmap 0: 20f (len: 288)
updated maxmap 11: 1e6 (len: 288)
updated maxmap 12: 1f0 (len: 288)
updated maxmap 13: 1fa (len: 288)
updated maxmap 14: 203 (len: 288)
updated maxmap 15: 20d (len: 288)
updated maxmap 8: 1d8 (len: 285)
updated maxmap 9: 1de (len: 285)
updated maxmap 10: 1df (len: 285)
updated maxmap 10: 1e3 (len: 290)
updated maxmap 8: 1d9 (len: 282)
updated maxmap 8: 1da (len: 282)
[1;94m[*] [0mFuzzing test case #28 (876 total, 0 uniq crashes found)...[0m
scheduled max input!!!!
schedule: 0 level25_3/ijon_max/0
updated maxmap 0: 210 (len: 288)
updated maxmap 11: 1e7 (len: 288)
updated maxmap 12: 1f1 (len: 288)
updated maxmap 13: 1fb (len: 288)
updated maxmap 14: 204 (len: 288)
updated maxmap 15: 20e (len: 288)
updated maxmap 0: 211 (len: 288)
[1;94m[*] [0mFuzzing test case #29 (876 total, 0 uniq crashes found)...[0m
scheduled max input!!!!
schedule: 6 level25_3/ijon_max/6
updated maxmap 6: 214 (len: 278)
updated maxmap 7: 20f (len: 278)
updated maxmap 5: 21a (len: 280)
updated maxmap 6: 216 (len: 279)
updated maxmap 7: 211 (len: 279)
updated maxmap 7: 213 (len: 278)
updated maxmap 6: 222 (len: 285)
updated maxmap 7: 220 (len: 285)
updated maxmap 2: 1f9 (len: 295)
updated maxmap 5: 228 (len: 286)
updated maxmap 7: 225 (len: 285)
updated maxmap 6: 225 (len: 286)
updated maxmap 7: 228 (len: 286)
updated maxmap 3: 20a (len: 278)
updated maxmap 2: 1fc (len: 279)
updated maxmap 2: 20b (len: 284)
updated maxmap 3: 217 (len: 284)
updated maxmap 4: 221 (len: 284)
[1;94m[*] [0mFuzzing test case #30 (887 total, 0 uniq crashes found)...[0m
scheduled max input!!!!
schedule: 9 level25_3/ijon_max/9
updated maxmap 9: 1df (len: 285)
[1;94m[*] [0mFuzzing test case #31 (887 total, 0 uniq crashes found)...[0m
[1;94m[*] [0mFuzzing test case #32 (887 total, 0 uniq crashes found)...[0m
[1;94m[*] [0mFuzzing test case #33 (887 total, 0 uniq crashes found)...[0m
[1;94m[*] [0mFuzzing test case #34 (887 total, 0 uniq crashes found)...[0m
scheduled max input!!!!
schedule: 5 level25_3/ijon_max/5
updated maxmap 5: 234 (len: 294)
updated maxmap 6: 23c (len: 294)
[1;94m[*] [0mFuzzing test case #35 (888 total, 0 uniq crashes found)...[0m
scheduled max input!!!!
schedule: 7 level25_3/ijon_max/7
[1;94m[*] [0mFuzzing test case #36 (888 total, 0 uniq crashes found)...[0m
scheduled max input!!!!
schedule: 12 level25_3/ijon_max/12
[1;94m[*] [0mFuzzing test case #37 (888 total, 0 uniq crashes found)...[0m
scheduled max input!!!!
schedule: 7 level25_3/ijon_max/7
updated maxmap 5: 236 (len: 292)
updated maxmap 2: 210 (len: 292)
updated maxmap 3: 21a (len: 292)
updated maxmap 4: 224 (len: 292)
updated maxmap 7: 22a (len: 286)
updated maxmap 7: 22f (len: 288)
updated maxmap 7: 236 (len: 291)
updated maxmap 8: 23e (len: 294)
updated maxmap 4: 227 (len: 286)
updated maxmap 4: 231 (len: 290)
updated maxmap 5: 239 (len: 292)
updated maxmap 2: 21b (len: 293)
updated maxmap 3: 225 (len: 293)
updated maxmap 4: 232 (len: 290)
updated maxmap 6: 23d (len: 294)
updated maxmap 7: 23b (len: 293)
updated maxmap 1: 21b (len: 294)
updated maxmap 2: 227 (len: 294)
updated maxmap 3: 231 (len: 294)
updated maxmap 4: 23b (len: 294)
updated maxmap 5: 23d (len: 294)
[1;94m[*] [0mFuzzing test case #38 (900 total, 0 uniq crashes found)...[0m
scheduled max input!!!!
schedule: 3 level25_3/ijon_max/3
updated maxmap 5: 245 (len: 297)
updated maxmap 2: 228 (len: 294)
updated maxmap 6: 24f (len: 301)
updated maxmap 7: 23d (len: 294)
updated maxmap 7: 24d (len: 301)
updated maxmap 7: 251 (len: 302)
updated maxmap 4: 242 (len: 299)
updated maxmap 5: 247 (len: 299)
updated maxmap 3: 232 (len: 294)
updated maxmap 1: 21c (len: 294)
updated maxmap 1: 21e (len: 294)
updated maxmap 2: 22a (len: 294)
updated maxmap 3: 234 (len: 294)
updated maxmap 2: 22b (len: 294)
updated maxmap 1: 222 (len: 294)
updated maxmap 2: 22c (len: 294)
updated maxmap 3: 235 (len: 294)
updated maxmap 5: 249 (len: 300)
updated maxmap 3: 236 (len: 294)
updated maxmap 1: 224 (len: 294)
updated maxmap 2: 22e (len: 294)
updated maxmap 3: 238 (len: 294)
updated maxmap 1: 225 (len: 294)
updated maxmap 2: 22f (len: 294)
updated maxmap 3: 239 (len: 294)
updated maxmap 1: 226 (len: 294)
updated maxmap 2: 230 (len: 294)
updated maxmap 3: 23a (len: 294)
updated maxmap 1: 227 (len: 294)
updated maxmap 4: 244 (len: 297)
updated maxmap 1: 230 (len: 299)
updated maxmap 2: 23a (len: 299)
updated maxmap 3: 244 (len: 299)
updated maxmap 4: 249 (len: 299)
updated maxmap 1: 231 (len: 295)
updated maxmap 2: 23b (len: 295)
updated maxmap 0: 228 (len: 299)
updated maxmap 1: 239 (len: 299)
updated maxmap 2: 243 (len: 299)
updated maxmap 3: 248 (len: 299)
updated maxmap 0: 22f (len: 296)
updated maxmap 1: 23e (len: 296)
updated maxmap 0: 231 (len: 294)
updated maxmap 1: 240 (len: 294)
updated maxmap 8: 247 (len: 299)
updated maxmap 2: 246 (len: 301)
updated maxmap 3: 24d (len: 301)
updated maxmap 0: 232 (len: 297)
updated maxmap 1: 241 (len: 297)
updated maxmap 8: 24a (len: 302)
updated maxmap 9: 250 (len: 302)
updated maxmap 4: 24b (len: 301)
updated maxmap 5: 250 (len: 301)
updated maxmap 1: 242 (len: 297)
updated maxmap 2: 247 (len: 297)
updated maxmap 3: 24e (len: 301)
updated maxmap 2: 24f (len: 302)
updated maxmap 10: 249 (len: 299)
[1;94m[*] [0mFuzzing test case #39 (927 total, 0 uniq crashes found)...[0m
scheduled max input!!!!
schedule: 0 level25_3/ijon_max/0
updated maxmap 1: 243 (len: 305)
updated maxmap 3: 255 (len: 305)
updated maxmap 0: 237 (len: 297)
updated maxmap 0: 239 (len: 297)
updated maxmap 9: 251 (len: 305)
updated maxmap 0: 23a (len: 297)
updated maxmap 0: 23e (len: 297)
updated maxmap 0: 23f (len: 299)
updated maxmap 5: 251 (len: 305)
updated maxmap 1: 244 (len: 300)
[1;94m[*] [0mFuzzing test case #40 (943 total, 0 uniq crashes found)...[0m
scheduled max input!!!!
schedule: 4 level25_3/ijon_max/4
updated maxmap 4: 254 (len: 311)
updated maxmap 5: 25c (len: 311)
updated maxmap 8: 24c (len: 305)
[1;94m[*] [0mFuzzing test case #41 (946 total, 0 uniq crashes found)...[0m
[1;94m[*] [0mFuzzing test case #42 (946 total, 0 uniq crashes found)...[0m
scheduled max input!!!!
schedule: 6 level25_3/ijon_max/6
updated maxmap 6: 25b (len: 306)
updated maxmap 8: 24e (len: 301)
updated maxmap 6: 25c (len: 307)
updated maxmap 7: 25e (len: 307)
updated maxmap 7: 263 (len: 309)
updated maxmap 8: 259 (len: 306)
[1;94m[*] [0mFuzzing test case #43 (948 total, 0 uniq crashes found)...[0m
[1;94m[*] [0mFuzzing test case #44 (948 total, 0 uniq crashes found)...[0m
scheduled max input!!!!
schedule: 0 level25_3/ijon_max/0
updated maxmap 0: 240 (len: 299)
updated maxmap 0: 241 (len: 299)
updated maxmap 10: 250 (len: 307)
[1;94m[*] [0mFuzzing test case #45 (949 total, 0 uniq crashes found)...[0m
scheduled max input!!!!
schedule: 14 level25_3/ijon_max/14
[1;94m[*] [0mFuzzing test case #46 (949 total, 0 uniq crashes found)...[0m
scheduled max input!!!!
schedule: 12 level25_3/ijon_max/12
[1;94m[*] [0mFuzzing test case #47 (949 total, 0 uniq crashes found)...[0m
scheduled max input!!!!
schedule: 2 level25_3/ijon_max/2
updated maxmap 2: 250 (len: 303)
updated maxmap 2: 251 (len: 302)
[1;94m[*] [0mFuzzing test case #48 (950 total, 0 uniq crashes found)...[0m
scheduled max input!!!!
schedule: 1 level25_3/ijon_max/1
updated maxmap 1: 245 (len: 300)
updated maxmap 0: 243 (len: 300)
updated maxmap 1: 246 (len: 300)
updated maxmap 10: 251 (len: 306)
updated maxmap 1: 247 (len: 300)
updated maxmap 0: 244 (len: 300)
[1;94m[*] [0mFuzzing test case #49 (952 total, 0 uniq crashes found)...[0m
scheduled max input!!!!
schedule: 2 level25_3/ijon_max/2
updated maxmap 2: 25b (len: 309)
[1;94m[*] [0mFuzzing test case #50 (952 total, 0 uniq crashes found)...[0m
[1;94m[*] [0mFuzzing test case #51 (952 total, 0 uniq crashes found)...[0m
[1;94m[*] [0mFuzzing test case #52 (952 total, 0 uniq crashes found)...[0m
scheduled max input!!!!
schedule: 2 level25_3/ijon_max/2
updated maxmap 2: 25c (len: 309)
updated maxmap 8: 266 (len: 313)
updated maxmap 9: 268 (len: 313)
updated maxmap 6: 265 (len: 312)
updated maxmap 7: 26a (len: 312)
updated maxmap 10: 264 (len: 322)
updated maxmap 6: 266 (len: 313)
updated maxmap 7: 26b (len: 313)
updated maxmap 2: 25d (len: 309)
updated maxmap 2: 25e (len: 309)
updated maxmap 2: 261 (len: 316)
updated maxmap 3: 26d (len: 316)
updated maxmap 4: 270 (len: 316)
updated maxmap 11: 250 (len: 309)
updated maxmap 5: 26d (len: 315)
updated maxmap 2: 26d (len: 315)
updated maxmap 6: 269 (len: 314)
updated maxmap 7: 26e (len: 314)
updated maxmap 1: 26d (len: 315)
updated maxmap 1: 270 (len: 317)
updated maxmap 6: 26b (len: 323)
updated maxmap 7: 275 (len: 323)
updated maxmap 8: 27f (len: 323)
updated maxmap 9: 286 (len: 323)
updated maxmap 11: 253 (len: 315)
updated maxmap 6: 26f (len: 316)
updated maxmap 5: 272 (len: 317)
[1;94m[*] [0mFuzzing test case #53 (983 total, 0 uniq crashes found)...[0m
scheduled max input!!!!
schedule: 0 level25_3/ijon_max/0
updated maxmap 0: 245 (len: 300)
[1;94m[*] [0mFuzzing test case #54 (983 total, 0 uniq crashes found)...[0m
scheduled max input!!!!
schedule: 1 level25_3/ijon_max/1
updated maxmap 2: 275 (len: 320)
updated maxmap 3: 278 (len: 320)
updated maxmap 1: 271 (len: 317)
updated maxmap 1: 274 (len: 317)
updated maxmap 1: 275 (len: 317)
updated maxmap 6: 272 (len: 317)
updated maxmap 1: 276 (len: 317)
updated maxmap 2: 276 (len: 317)
updated maxmap 1: 277 (len: 317)
updated maxmap 6: 277 (len: 317)
updated maxmap 4: 271 (len: 317)
updated maxmap 10: 265 (len: 318)
updated maxmap 10: 277 (len: 317)
updated maxmap 7: 277 (len: 317)
updated maxmap 4: 277 (len: 317)
updated maxmap 10: 27e (len: 321)
updated maxmap 11: 281 (len: 321)
updated maxmap 1: 27f (len: 324)
updated maxmap 2: 287 (len: 324)
updated maxmap 10: 27f (len: 331)
updated maxmap 5: 275 (len: 317)
updated maxmap 7: 278 (len: 321)
updated maxmap 7: 27c (len: 325)
updated maxmap 8: 286 (len: 325)
updated maxmap 9: 28b (len: 325)
updated maxmap 4: 27a (len: 320)
updated maxmap 11: 289 (len: 324)
updated maxmap 4: 27f (len: 321)
updated maxmap 12: 28b (len: 326)
updated maxmap 10: 28a (len: 326)
[1;94m[*] [0mFuzzing test case #55 (1004 total, 0 uniq crashes found)...[0m
[1;94m[*] [0mFuzzing test case #56 (1004 total, 0 uniq crashes found)...[0m
scheduled max input!!!!
schedule: 7 level25_3/ijon_max/7
updated maxmap 7: 27d (len: 325)
updated maxmap 8: 287 (len: 325)
updated maxmap 9: 28c (len: 325)
updated maxmap 11: 28c (len: 332)
updated maxmap 12: 296 (len: 332)
updated maxmap 13: 29e (len: 332)
updated maxmap 9: 28f (len: 330)
updated maxmap 10: 296 (len: 330)
[1;94m[*] [0mFuzzing test case #57 (1005 total, 0 uniq crashes found)...[0m
scheduled max input!!!!
schedule: 2 level25_3/ijon_max/2
updated maxmap 3: 279 (len: 324)
updated maxmap 4: 283 (len: 324)
updated maxmap 5: 286 (len: 324)
updated maxmap 11: 298 (len: 334)
updated maxmap 6: 27d (len: 324)
updated maxmap 7: 285 (len: 324)
updated maxmap 1: 280 (len: 324)
updated maxmap 2: 28b (len: 331)
updated maxmap 3: 293 (len: 331)
updated maxmap 1: 281 (len: 324)
updated maxmap 6: 285 (len: 327)
updated maxmap 7: 28f (len: 327)
updated maxmap 4: 285 (len: 324)
updated maxmap 4: 286 (len: 328)
updated maxmap 5: 290 (len: 328)
updated maxmap 2: 28c (len: 326)
updated maxmap 4: 287 (len: 324)
updated maxmap 6: 28c (len: 327)
updated maxmap 8: 28b (len: 327)
updated maxmap 7: 291 (len: 330)
updated maxmap 10: 299 (len: 332)
updated maxmap 11: 29b (len: 332)
updated maxmap 11: 2a0 (len: 334)
updated maxmap 12: 29b (len: 331)
updated maxmap 6: 293 (len: 332)
updated maxmap 7: 29b (len: 332)
updated maxmap 13: 2a1 (len: 340)
updated maxmap 14: 2ab (len: 340)
updated maxmap 15: 2b0 (len: 340)
updated maxmap 9: 292 (len: 328)
[1;94m[*] [0mFuzzing test case #58 (1022 total, 0 uniq crashes found)...[0m
scheduled max input!!!!
schedule: 2 level25_3/ijon_max/2
updated maxmap 8: 28f (len: 332)
updated maxmap 9: 297 (len: 332)
updated maxmap 10: 29c (len: 333)
updated maxmap 2: 28d (len: 326)
[1;94m[*] [0mFuzzing test case #59 (1022 total, 0 uniq crashes found)...[0m
scheduled max input!!!!
schedule: 7 level25_3/ijon_max/7
updated maxmap 7: 29c (len: 335)
updated maxmap 8: 2a1 (len: 335)
updated maxmap 12: 2a0 (len: 338)
updated maxmap 12: 2a2 (len: 338)
updated maxmap 9: 299 (len: 332)
updated maxmap 6: 294 (len: 335)
updated maxmap 6: 295 (len: 333)
updated maxmap 9: 29a (len: 332)
updated maxmap 8: 2a6 (len: 338)
updated maxmap 9: 2a9 (len: 338)
updated maxmap 9: 2ae (len: 340)
updated maxmap 11: 2a1 (len: 340)
updated maxmap 4: 28e (len: 339)
updated maxmap 13: 2a4 (len: 337)
updated maxmap 12: 2a4 (len: 338)
updated maxmap 13: 2a9 (len: 338)
updated maxmap 1: 289 (len: 348)
updated maxmap 10: 2a8 (len: 338)
updated maxmap 11: 2aa (len: 339)
updated maxmap 6: 29a (len: 335)
updated maxmap 7: 2a1 (len: 335)
updated maxmap 5: 291 (len: 332)
updated maxmap 6: 29b (len: 332)
updated maxmap 7: 2a4 (len: 338)
updated maxmap 8: 2a9 (len: 338)
updated maxmap 1: 28d (len: 340)
updated maxmap 7: 2a5 (len: 341)
updated maxmap 8: 2af (len: 341)
updated maxmap 9: 2b1 (len: 341)
[1;94m[*] [0mFuzzing test case #60 (1038 total, 0 uniq crashes found)...[0m
[1;94m[*] [0mFuzzing test case #61 (1038 total, 0 uniq crashes found)...[0m
scheduled max input!!!!
schedule: 13 level25_3/ijon_max/13
updated maxmap 14: 2ac (len: 339)
updated maxmap 13: 2ad (len: 346)
updated maxmap 14: 2b7 (len: 346)
updated maxmap 15: 2bc (len: 346)
updated maxmap 13: 2ae (len: 340)
[1;94m[*] [0mFuzzing test case #62 (1040 total, 0 uniq crashes found)...[0m
scheduled max input!!!!
schedule: 1 level25_3/ijon_max/1
[1;94m[*] [0mFuzzing test case #63 (1040 total, 0 uniq crashes found)...[0m
scheduled max input!!!!
schedule: 3 level25_3/ijon_max/3
updated maxmap 3: 295 (len: 331)
updated maxmap 2: 298 (len: 331)
[1;94m[*] [0mFuzzing test case #64 (1042 total, 0 uniq crashes found)...[0m
[1;94m[*] [0mFuzzing test case #65 (1042 total, 0 uniq crashes found)...[0m
scheduled max input!!!!
schedule: 12 level25_3/ijon_max/12
updated maxmap 1: 29f (len: 354)
updated maxmap 2: 2a9 (len: 354)
updated maxmap 3: 2ac (len: 354)
updated maxmap 5: 298 (len: 345)
updated maxmap 6: 29d (len: 345)
updated maxmap 12: 2a5 (len: 338)
updated maxmap 1: 2a7 (len: 358)
updated maxmap 13: 2af (len: 341)
updated maxmap 0: 2b7 (len: 346)
updated maxmap 14: 2b9 (len: 344)
updated maxmap 0: 2c2 (len: 361)
updated maxmap 15: 2bf (len: 361)
updated maxmap 10: 2ad (len: 340)
updated maxmap 15: 2c0 (len: 347)
updated maxmap 9: 2b3 (len: 342)
[1;94m[*] [0mFuzzing test case #66 (1053 total, 0 uniq crashes found)...[0m
[1;94m[*] [0mFuzzing test case #67 (1053 total, 0 uniq crashes found)...[0m
[1;94m[*] [0mFuzzing test case #68 (1053 total, 0 uniq crashes found)...[0m
[1;94m[*] [0mFuzzing test case #69 (1053 total, 0 uniq crashes found)...[0m
scheduled max input!!!!
schedule: 15 level25_3/ijon_max/15
updated maxmap 15: 2c1 (len: 347)
updated maxmap 0: 2c5 (len: 353)
updated maxmap 15: 2c2 (len: 353)
[1;94m[*] [0mFuzzing test case #70 (1054 total, 0 uniq crashes found)...[0m
[1;94m[*] [0mFuzzing test case #71 (1054 total, 0 uniq crashes found)...[0m
scheduled max input!!!!
schedule: 11 level25_3/ijon_max/11
updated maxmap 10: 2b3 (len: 346)
updated maxmap 11: 2bb (len: 346)
[1;94m[*] [0mFuzzing test case #72 (1055 total, 0 uniq crashes found)...[0m
scheduled max input!!!!
schedule: 10 level25_3/ijon_max/10
updated maxmap 0: 2c6 (len: 351)
updated maxmap 15: 2c3 (len: 351)
updated maxmap 11: 2c3 (len: 351)
updated maxmap 10: 2b4 (len: 346)
updated maxmap 10: 2b9 (len: 346)
[1;94m[*] [0mFuzzing test case #73 (1056 total, 0 uniq crashes found)...[0m
scheduled max input!!!!
schedule: 14 level25_3/ijon_max/14
[1;94m[*] [0mFuzzing test case #74 (1056 total, 0 uniq crashes found)...[0m
scheduled max input!!!!
schedule: 4 level25_3/ijon_max/4
updated maxmap 4: 28f (len: 339)
[1;94m[*] [0mFuzzing test case #75 (1056 total, 0 uniq crashes found)...[0m
scheduled max input!!!!
schedule: 15 level25_3/ijon_max/15
[1;94m[*] [0mFuzzing test case #76 (1057 total, 0 uniq crashes found)...[0m
scheduled max input!!!!
schedule: 6 level25_3/ijon_max/6
updated maxmap 5: 299 (len: 345)
updated maxmap 6: 29e (len: 345)
updated maxmap 5: 29f (len: 348)
updated maxmap 6: 2a4 (len: 348)
updated maxmap 5: 2a0 (len: 353)
updated maxmap 6: 2aa (len: 353)
updated maxmap 7: 2b1 (len: 353)
updated maxmap 5: 2a4 (len: 348)
updated maxmap 2: 2ac (len: 353)
updated maxmap 5: 2a6 (len: 353)
updated maxmap 6: 2ad (len: 353)
updated maxmap 4: 2a0 (len: 349)
updated maxmap 2: 2b1 (len: 358)
updated maxmap 3: 2b8 (len: 358)
updated maxmap 4: 2a3 (len: 349)
[1;94m[*] [0mFuzzing test case #77 (1067 total, 0 uniq crashes found)...[0m
scheduled max input!!!!
schedule: 11 level25_3/ijon_max/11
updated maxmap 9: 2c5 (len: 351)
updated maxmap 10: 2c0 (len: 351)
updated maxmap 11: 2c4 (len: 351)
[1;94m[*] [0mFuzzing test case #78 (1067 total, 0 uniq crashes found)...[0m
scheduled max input!!!!
schedule: 14 level25_3/ijon_max/14
[1;94m[*] [0mFuzzing test case #79 (1067 total, 0 uniq crashes found)...[0m
scheduled max input!!!!
schedule: 2 level25_3/ijon_max/2
updated maxmap 3: 2ba (len: 359)
updated maxmap 1: 2a8 (len: 358)
updated maxmap 2: 2b2 (len: 358)
updated maxmap 3: 2bc (len: 359)
updated maxmap 4: 2be (len: 360)
updated maxmap 1: 2a9 (len: 361)
updated maxmap 2: 2b3 (len: 361)
updated maxmap 3: 2bd (len: 361)
updated maxmap 4: 2c2 (len: 361)
updated maxmap 4: 2c6 (len: 363)
updated maxmap 10: 2c9 (len: 366)
updated maxmap 11: 2c6 (len: 366)
updated maxmap 5: 2cc (len: 366)
[1;94m[*] [0mFuzzing test case #80 (1090 total, 0 uniq crashes found)...[0m
[1;94m[*] [0mFuzzing test case #81 (1090 total, 0 uniq crashes found)...[0m
scheduled max input!!!!
schedule: 0 level25_3/ijon_max/0
[1;94m[*] [0mFuzzing test case #82 (1090 total, 0 uniq crashes found)...[0m
scheduled max input!!!!
schedule: 13 level25_3/ijon_max/13
[1;94m[*] [0mFuzzing test case #83 (1090 total, 0 uniq crashes found)...[0m
scheduled max input!!!!
schedule: 5 level25_3/ijon_max/5
updated maxmap 6: 2cb (len: 366)
updated maxmap 5: 2cd (len: 366)
updated maxmap 0: 2cb (len: 367)
updated maxmap 1: 2bd (len: 367)
updated maxmap 4: 2c7 (len: 366)
updated maxmap 3: 2c0 (len: 366)
updated maxmap 4: 2ca (len: 366)
updated maxmap 7: 2ca (len: 373)
updated maxmap 9: 2ce (len: 366)
updated maxmap 6: 2cd (len: 366)
updated maxmap 7: 2cc (len: 373)
updated maxmap 8: 2cc (len: 377)
updated maxmap 9: 2d1 (len: 370)
updated maxmap 10: 2d4 (len: 370)
updated maxmap 5: 2ce (len: 367)
updated maxmap 9: 2d5 (len: 369)
updated maxmap 8: 2e2 (len: 373)
updated maxmap 9: 2d6 (len: 373)
updated maxmap 6: 2ce (len: 373)
updated maxmap 7: 2cd (len: 373)
[1;94m[*] [0mFuzzing test case #84 (1106 total, 0 uniq crashes found)...[0m
scheduled max input!!!!
schedule: 9 level25_3/ijon_max/9
updated maxmap 8: 2e3 (len: 373)
updated maxmap 9: 2ea (len: 377)
updated maxmap 11: 2c8 (len: 377)
updated maxmap 9: 2ec (len: 378)
updated maxmap 4: 2d1 (len: 373)
updated maxmap 11: 2cb (len: 378)
updated maxmap 0: 2da (len: 378)
updated maxmap 10: 2dc (len: 373)
updated maxmap 11: 2e1 (len: 373)
updated maxmap 8: 2e6 (len: 378)
updated maxmap 9: 2ed (len: 381)
updated maxmap 3: 2d5 (len: 380)
updated maxmap 3: 2da (len: 375)
updated maxmap 4: 2d5 (len: 375)
updated maxmap 3: 2df (len: 379)
updated maxmap 4: 2da (len: 379)
updated maxmap 5: 2d4 (len: 379)
updated maxmap 10: 2eb (len: 383)
updated maxmap 9: 2ee (len: 379)
updated maxmap 3: 2e9 (len: 380)
updated maxmap 8: 2ec (len: 385)
updated maxmap 1: 2d0 (len: 375)
updated maxmap 2: 2da (len: 375)
[1;94m[*] [0mFuzzing test case #85 (1121 total, 0 uniq crashes found)...[0m
scheduled max input!!!!
schedule: 1 level25_3/ijon_max/1
updated maxmap 1: 2d1 (len: 382)
updated maxmap 2: 2db (len: 382)
[1;94m[*] [0mFuzzing test case #86 (1121 total, 0 uniq crashes found)...[0m
scheduled max input!!!!
schedule: 10 level25_3/ijon_max/10
updated maxmap 9: 2f4 (len: 385)
updated maxmap 10: 2f6 (len: 385)
updated maxmap 1: 2f4 (len: 384)
updated maxmap 2: 2ed (len: 384)
updated maxmap 10: 2f9 (len: 391)
updated maxmap 11: 302 (len: 391)
updated maxmap 12: 309 (len: 391)
updated maxmap 4: 2e6 (len: 383)
updated maxmap 5: 2ed (len: 383)
updated maxmap 4: 2ef (len: 391)
updated maxmap 5: 2fa (len: 391)
updated maxmap 8: 2f3 (len: 389)
updated maxmap 9: 2fd (len: 389)
updated maxmap 10: 300 (len: 389)
updated maxmap 8: 2f4 (len: 383)
updated maxmap 8: 2f6 (len: 383)
updated maxmap 3: 2ed (len: 386)
updated maxmap 8: 2fd (len: 390)
updated maxmap 9: 300 (len: 390)
updated maxmap 7: 304 (len: 391)
updated maxmap 8: 309 (len: 391)
updated maxmap 13: 2fa (len: 389)
updated maxmap 10: 301 (len: 389)
updated maxmap 2: 2ee (len: 388)
updated maxmap 10: 303 (len: 391)
updated maxmap 11: 305 (len: 391)
[1;94m[*] [0mFuzzing test case #87 (1139 total, 0 uniq crashes found)...[0m
scheduled max input!!!!
schedule: 15 level25_3/ijon_max/15
[1;94m[*] [0mFuzzing test case #88 (1139 total, 0 uniq crashes found)...[0m
scheduled max input!!!!
schedule: 7 level25_3/ijon_max/7
updated maxmap 7: 305 (len: 391)
updated maxmap 8: 30a (len: 391)
updated maxmap 12: 30c (len: 409)
updated maxmap 13: 316 (len: 409)
updated maxmap 14: 320 (len: 409)
updated maxmap 7: 306 (len: 391)
updated maxmap 8: 30b (len: 391)
updated maxmap 7: 307 (len: 391)
updated maxmap 8: 30c (len: 391)
updated maxmap 11: 30c (len: 391)
updated maxmap 10: 304 (len: 391)
updated maxmap 3: 2fa (len: 391)
updated maxmap 15: 30f (len: 393)
updated maxmap 3: 2fd (len: 396)
updated maxmap 4: 2f7 (len: 396)
updated maxmap 4: 2fa (len: 391)
updated maxmap 12: 312 (len: 399)
updated maxmap 13: 31c (len: 399)
updated maxmap 8: 30e (len: 393)
updated maxmap 9: 311 (len: 393)
updated maxmap 0: 316 (len: 399)
updated maxmap 15: 313 (len: 399)
updated maxmap 8: 31d (len: 398)
updated maxmap 9: 315 (len: 398)
updated maxmap 7: 309 (len: 392)
updated maxmap 2: 2fd (len: 391)
updated maxmap 7: 314 (len: 397)
updated maxmap 1: 2fe (len: 394)
updated maxmap 5: 30b (len: 403)
updated maxmap 6: 310 (len: 403)
updated maxmap 5: 30c (len: 399)
updated maxmap 6: 311 (len: 399)
updated maxmap 1: 301 (len: 396)
updated maxmap 15: 314 (len: 397)
updated maxmap 7: 316 (len: 397)
[1;94m[*] [0mFuzzing test case #89 (1152 total, 0 uniq crashes found)...[0m
scheduled max input!!!!
schedule: 11 level25_3/ijon_max/11
updated maxmap 12: 316 (len: 398)
updated maxmap 13: 31d (len: 398)
updated maxmap 11: 30d (len: 391)
updated maxmap 4: 2fb (len: 397)
[1;94m[*] [0mFuzzing test case #90 (1153 total, 0 uniq crashes found)...[0m
scheduled max input!!!!
schedule: 3 level25_3/ijon_max/3
updated maxmap 6: 314 (len: 404)
updated maxmap 7: 319 (len: 404)
updated maxmap 1: 304 (len: 398)
updated maxmap 2: 309 (len: 398)
updated maxmap 4: 303 (len: 410)
updated maxmap 5: 30d (len: 410)
updated maxmap 6: 317 (len: 410)
updated maxmap 7: 321 (len: 410)
updated maxmap 8: 32b (len: 410)
updated maxmap 3: 305 (len: 396)
updated maxmap 3: 314 (len: 401)
updated maxmap 3: 318 (len: 403)
updated maxmap 4: 309 (len: 404)
updated maxmap 5: 312 (len: 404)
updated maxmap 2: 30c (len: 404)
updated maxmap 4: 31b (len: 404)
updated maxmap 5: 316 (len: 403)
updated maxmap 6: 318 (len: 403)
[1;94m[*] [0mFuzzing test case #91 (1166 total, 0 uniq crashes found)...[0m
scheduled max input!!!!
schedule: 11 level25_3/ijon_max/11
updated maxmap 15: 31f (len: 398)
[1;94m[*] [0mFuzzing test case #92 (1166 total, 0 uniq crashes found)...[0m
scheduled max input!!!!
schedule: 6 level25_3/ijon_max/6
updated maxmap 6: 319 (len: 403)
updated maxmap 5: 317 (len: 403)
updated maxmap 7: 322 (len: 411)
updated maxmap 9: 32e (len: 411)
updated maxmap 6: 31d (len: 408)
updated maxmap 2: 310 (len: 403)
updated maxmap 3: 31c (len: 404)
updated maxmap 3: 325 (len: 410)
updated maxmap 4: 327 (len: 410)
updated maxmap 5: 318 (len: 403)
updated maxmap 6: 31f (len: 408)
updated maxmap 7: 324 (len: 408)
updated maxmap 5: 31a (len: 409)
updated maxmap 6: 324 (len: 409)
updated maxmap 7: 329 (len: 409)
updated maxmap 5: 31b (len: 403)
updated maxmap 5: 31c (len: 404)
updated maxmap 5: 31d (len: 404)
updated maxmap 0: 318 (len: 403)
updated maxmap 8: 32c (len: 411)
updated maxmap 9: 32f (len: 411)
updated maxmap 5: 31e (len: 406)
updated maxmap 1: 307 (len: 403)
updated maxmap 6: 325 (len: 409)
updated maxmap 7: 32a (len: 409)
[1;94m[*] [0mFuzzing test case #93 (1176 total, 0 uniq crashes found)...[0m
scheduled max input!!!!
schedule: 4 level25_3/ijon_max/4
updated maxmap 4: 328 (len: 410)
updated maxmap 5: 32b (len: 415)
updated maxmap 6: 330 (len: 415)
updated maxmap 3: 326 (len: 410)
updated maxmap 4: 329 (len: 410)
updated maxmap 4: 32a (len: 412)
updated maxmap 5: 32c (len: 412)
updated maxmap 9: 337 (len: 418)
updated maxmap 2: 315 (len: 410)
updated maxmap 6: 336 (len: 423)
updated maxmap 7: 340 (len: 423)
updated maxmap 0: 32b (len: 411)
updated maxmap 15: 329 (len: 411)
updated maxmap 2: 316 (len: 410)
updated maxmap 5: 334 (len: 416)
updated maxmap 6: 337 (len: 416)
updated maxmap 1: 326 (len: 418)
updated maxmap 2: 330 (len: 418)
updated maxmap 3: 33a (len: 418)
updated maxmap 4: 332 (len: 416)
updated maxmap 5: 33a (len: 416)
updated maxmap 8: 32d (len: 414)
updated maxmap 5: 33b (len: 417)
updated maxmap 8: 332 (len: 418)
updated maxmap 1: 32d (len: 418)
updated maxmap 2: 337 (len: 418)
updated maxmap 3: 33c (len: 418)
updated maxmap 6: 33a (len: 418)
[1;94m[*] [0mFuzzing test case #94 (1188 total, 0 uniq crashes found)...[0m
scheduled max input!!!!
schedule: 0 level25_3/ijon_max/0
updated maxmap 0: 32c (len: 411)
[1;94m[*] [0mFuzzing test case #95 (1188 total, 0 uniq crashes found)...[0m
scheduled max input!!!!
schedule: 3 level25_3/ijon_max/3
updated maxmap 1: 32e (len: 418)
updated maxmap 2: 338 (len: 418)
updated maxmap 3: 33d (len: 418)
updated maxmap 1: 32f (len: 418)
updated maxmap 2: 339 (len: 418)
updated maxmap 3: 33e (len: 418)
updated maxmap 8: 333 (len: 418)
updated maxmap 8: 334 (len: 418)
updated maxmap 1: 330 (len: 418)
updated maxmap 2: 33a (len: 418)
updated maxmap 3: 33f (len: 418)
updated maxmap 8: 341 (len: 426)
updated maxmap 4: 33f (len: 418)
updated maxmap 1: 331 (len: 418)
updated maxmap 2: 33b (len: 418)
updated maxmap 3: 340 (len: 418)
updated maxmap 5: 340 (len: 422)
updated maxmap 6: 347 (len: 422)
updated maxmap 1: 336 (len: 418)
updated maxmap 2: 340 (len: 418)
updated maxmap 7: 345 (len: 421)
updated maxmap 8: 344 (len: 421)
updated maxmap 7: 348 (len: 422)
updated maxmap 6: 348 (len: 422)
updated maxmap 8: 34a (len: 423)
updated maxmap 4: 344 (len: 423)
updated maxmap 2: 353 (len: 426)
updated maxmap 3: 34e (len: 426)
updated maxmap 4: 347 (len: 426)
updated maxmap 9: 339 (len: 418)
updated maxmap 6: 34a (len: 423)
updated maxmap 4: 34a (len: 426)
updated maxmap 8: 34b (len: 425)
updated maxmap 4: 34b (len: 425)
updated maxmap 8: 34c (len: 428)
updated maxmap 9: 350 (len: 428)
updated maxmap 9: 352 (len: 428)
updated maxmap 0: 336 (len: 423)
updated maxmap 1: 33f (len: 423)
updated maxmap 7: 353 (len: 426)
updated maxmap 6: 34e (len: 425)
updated maxmap 5: 347 (len: 421)
updated maxmap 9: 353 (len: 426)
updated maxmap 6: 34f (len: 425)
[1;94m[*] [0mFuzzing test case #96 (1199 total, 0 uniq crashes found)...[0m
scheduled max input!!!!
schedule: 12 level25_3/ijon_max/12
[1;94m[*] [0mFuzzing test case #97 (1199 total, 0 uniq crashes found)...[0m
scheduled max input!!!!
schedule: 14 level25_3/ijon_max/14
updated maxmap 14: 323 (len: 410)
updated maxmap 15: 32d (len: 417)
[1;94m[*] [0mFuzzing test case #98 (1200 total, 0 uniq crashes found)...[0m
[1;94m[*] [0mFuzzing test case #99 (1200 total, 0 uniq crashes found)...[0m
scheduled max input!!!!
schedule: 10 level25_3/ijon_max/10
updated maxmap 11: 30e (len: 394)
[1;94m[*] [0mFuzzing test case #100 (1200 total, 0 uniq crashes found)...[0m
scheduled max input!!!!
schedule: 8 level25_3/ijon_max/8
updated maxmap 8: 34d (len: 428)
updated maxmap 6: 353 (len: 428)
[1;94m[*] [0mFuzzing test case #101 (1200 total, 0 uniq crashes found)...[0m
[1;94m[*] [0mFuzzing test case #102 (1200 total, 0 uniq crashes found)...[0m
scheduled max input!!!!
schedule: 12 level25_3/ijon_max/12
[1;94m[*] [0mFuzzing test case #103 (1200 total, 0 uniq crashes found)...[0m
scheduled max input!!!!
schedule: 9 level25_3/ijon_max/9
updated maxmap 8: 357 (len: 433)
updated maxmap 9: 360 (len: 433)
updated maxmap 10: 35e (len: 433)
updated maxmap 9: 361 (len: 434)
updated maxmap 10: 363 (len: 434)
updated maxmap 8: 358 (len: 430)
updated maxmap 7: 354 (len: 429)
updated maxmap 9: 362 (len: 433)
updated maxmap 8: 35a (len: 431)
updated maxmap 10: 365 (len: 434)
updated maxmap 7: 356 (len: 430)
updated maxmap 8: 35e (len: 430)
[1;94m[*] [0mFuzzing test case #104 (1206 total, 0 uniq crashes found)...[0m
scheduled max input!!!!
schedule: 7 level25_3/ijon_max/7
updated maxmap 7: 357 (len: 431)
updated maxmap 7: 35c (len: 433)
updated maxmap 8: 361 (len: 433)
updated maxmap 9: 368 (len: 438)
updated maxmap 10: 36a (len: 438)
updated maxmap 11: 367 (len: 437)
updated maxmap 6: 35c (len: 437)
updated maxmap 7: 366 (len: 437)
updated maxmap 8: 369 (len: 437)
updated maxmap 9: 369 (len: 437)
updated maxmap 10: 36c (len: 440)
updated maxmap 11: 36f (len: 440)
updated maxmap 5: 358 (len: 430)
updated maxmap 6: 35d (len: 436)
updated maxmap 5: 359 (len: 432)
[1;94m[*] [0mFuzzing test case #105 (1216 total, 0 uniq crashes found)...[0m
scheduled max input!!!!
schedule: 7 level25_3/ijon_max/7
updated maxmap 7: 367 (len: 437)
updated maxmap 8: 371 (len: 441)
updated maxmap 9: 373 (len: 441)
[1;94m[*] [0mFuzzing test case #106 (1216 total, 0 uniq crashes found)...[0m
scheduled max input!!!!
schedule: 12 level25_3/ijon_max/12
[1;94m[*] [0mFuzzing test case #107 (1216 total, 0 uniq crashes found)...[0m
scheduled max input!!!!
schedule: 10 level25_3/ijon_max/10
updated maxmap 10: 36d (len: 445)
updated maxmap 11: 375 (len: 445)
updated maxmap 10: 36f (len: 440)
updated maxmap 10: 379 (len: 447)
updated maxmap 11: 37c (len: 447)
updated maxmap 9: 374 (len: 448)
updated maxmap 10: 37e (len: 448)
[1;94m[*] [0mFuzzing test case #108 (1218 total, 0 uniq crashes found)...[0m
scheduled max input!!!!
schedule: 12 level25_3/ijon_max/12
updated maxmap 13: 31e (len: 399)
[1;94m[*] [0mFuzzing test case #109 (1218 total, 0 uniq crashes found)...[0m
[1;94m[*] [0mFuzzing test case #110 (1218 total, 0 uniq crashes found)...[0m
scheduled max input!!!!
schedule: 4 level25_3/ijon_max/4
updated maxmap 5: 35a (len: 431)
[1;94m[*] [0mFuzzing test case #111 (1218 total, 0 uniq crashes found)...[0m
scheduled max input!!!!
schedule: 1 level25_3/ijon_max/1
updated maxmap 3: 34f (len: 426)
updated maxmap 4: 350 (len: 426)
[1;94m[*] [0mFuzzing test case #112 (1218 total, 0 uniq crashes found)...[0m
scheduled max input!!!!
schedule: 0 level25_3/ijon_max/0
[1;94m[*] [0mFuzzing test case #113 (1218 total, 0 uniq crashes found)...[0m
scheduled max input!!!!
schedule: 1 level25_3/ijon_max/1
updated maxmap 1: 340 (len: 423)
[1;94m[*] [0mFuzzing test case #114 (1218 total, 0 uniq crashes found)...[0m
scheduled max input!!!!
schedule: 1 level25_3/ijon_max/1
[1;94m[*] [0mFuzzing test case #115 (1218 total, 0 uniq crashes found)...[0m
scheduled max input!!!!
schedule: 15 level25_3/ijon_max/15
updated maxmap 14: 326 (len: 417)
updated maxmap 15: 330 (len: 417)
updated maxmap 14: 327 (len: 417)
updated maxmap 15: 331 (len: 417)
[1;94m[*] [0mFuzzing test case #116 (1218 total, 0 uniq crashes found)...[0m
scheduled max input!!!!
schedule: 15 level25_3/ijon_max/15
[1;94m[*] [0mFuzzing test case #117 (1218 total, 0 uniq crashes found)...[0m
scheduled max input!!!!
schedule: 7 level25_3/ijon_max/7
updated maxmap 12: 378 (len: 443)
[1;94m[*] [0mFuzzing test case #118 (1219 total, 0 uniq crashes found)...[0m
scheduled max input!!!!
schedule: 14 level25_3/ijon_max/14
updated maxmap 13: 321 (len: 417)
updated maxmap 14: 32b (len: 417)
updated maxmap 15: 332 (len: 417)
updated maxmap 15: 333 (len: 417)
updated maxmap 13: 322 (len: 417)
updated maxmap 14: 32c (len: 417)
[1;94m[*] [0mFuzzing test case #119 (1219 total, 0 uniq crashes found)...[0m
scheduled max input!!!!
schedule: 15 level25_3/ijon_max/15
[1;94m[*] [0mFuzzing test case #120 (1219 total, 0 uniq crashes found)...[0m
scheduled max input!!!!
schedule: 15 level25_3/ijon_max/15
[1;94m[*] [0mFuzzing test case #121 (1219 total, 0 uniq crashes found)...[0m
scheduled max input!!!!
schedule: 7 level25_3/ijon_max/7
updated maxmap 9: 37b (len: 445)
updated maxmap 12: 382 (len: 451)
updated maxmap 13: 387 (len: 451)
[1;94m[*] [0mFuzzing test case #122 (1220 total, 0 uniq crashes found)...[0m
scheduled max input!!!!
schedule: 3 level25_3/ijon_max/3
updated maxmap 4: 351 (len: 426)
updated maxmap 3: 350 (len: 426)
[1;94m[*] [0mFuzzing test case #123 (1220 total, 0 uniq crashes found)...[0m
scheduled max input!!!!
schedule: 12 level25_3/ijon_max/12
updated maxmap 11: 386 (len: 459)
updated maxmap 12: 390 (len: 459)
updated maxmap 13: 395 (len: 459)
updated maxmap 10: 37f (len: 451)
updated maxmap 10: 380 (len: 451)
updated maxmap 14: 38b (len: 453)
updated maxmap 6: 35f (len: 457)
updated maxmap 7: 369 (len: 457)
updated maxmap 8: 373 (len: 457)
updated maxmap 9: 37c (len: 457)
updated maxmap 10: 386 (len: 457)
updated maxmap 11: 390 (len: 457)
updated maxmap 15: 390 (len: 455)
updated maxmap 6: 361 (len: 458)
updated maxmap 7: 36b (len: 458)
updated maxmap 8: 375 (len: 458)
updated maxmap 9: 37e (len: 458)
updated maxmap 10: 388 (len: 458)
updated maxmap 11: 392 (len: 458)
updated maxmap 6: 367 (len: 451)
updated maxmap 7: 371 (len: 451)
updated maxmap 8: 37b (len: 451)
updated maxmap 9: 382 (len: 451)
updated maxmap 14: 38f (len: 459)
updated maxmap 15: 396 (len: 459)
updated maxmap 10: 389 (len: 459)
updated maxmap 14: 391 (len: 455)
updated maxmap 5: 362 (len: 451)
updated maxmap 6: 36f (len: 451)
updated maxmap 7: 379 (len: 451)
updated maxmap 8: 380 (len: 451)
updated maxmap 12: 393 (len: 459)
updated maxmap 13: 398 (len: 459)
[1;94m[*] [0mFuzzing test case #124 (1230 total, 0 uniq crashes found)...[0m
[1;94m[*] [0mFuzzing test case #125 (1230 total, 0 uniq crashes found)...[0m
scheduled max input!!!!
schedule: 11 level25_3/ijon_max/11
updated maxmap 10: 38a (len: 458)
updated maxmap 11: 394 (len: 458)
updated maxmap 14: 399 (len: 458)
updated maxmap 12: 39c (len: 465)
updated maxmap 13: 3a4 (len: 465)
updated maxmap 9: 384 (len: 462)
updated maxmap 10: 38e (len: 462)
updated maxmap 11: 398 (len: 462)
updated maxmap 12: 39d (len: 462)
updated maxmap 0: 393 (len: 460)
updated maxmap 14: 39c (len: 462)
updated maxmap 9: 385 (len: 458)
updated maxmap 10: 38f (len: 458)
updated maxmap 12: 39e (len: 464)
updated maxmap 11: 399 (len: 460)
updated maxmap 12: 3a2 (len: 466)
updated maxmap 13: 3a7 (len: 466)
updated maxmap 9: 386 (len: 458)
updated maxmap 15: 3a3 (len: 463)
updated maxmap 10: 390 (len: 458)
updated maxmap 14: 39f (len: 463)
updated maxmap 15: 3a5 (len: 465)
updated maxmap 5: 363 (len: 458)
updated maxmap 6: 370 (len: 458)
updated maxmap 7: 37a (len: 458)
updated maxmap 8: 384 (len: 458)
updated maxmap 9: 38e (len: 458)
updated maxmap 10: 393 (len: 458)
updated maxmap 5: 364 (len: 458)
updated maxmap 0: 398 (len: 462)
updated maxmap 14: 3a1 (len: 467)
updated maxmap 15: 3ab (len: 467)
updated maxmap 0: 3aa (len: 472)
updated maxmap 14: 3a4 (len: 465)
[1;94m[*] [0mFuzzing test case #126 (1237 total, 0 uniq crashes found)...[0m
scheduled max input!!!!
schedule: 3 level25_3/ijon_max/3
[1;94m[*] [0mFuzzing test case #127 (1237 total, 0 uniq crashes found)...[0m
scheduled max input!!!!
schedule: 5 level25_3/ijon_max/5
updated maxmap 6: 371 (len: 458)
updated maxmap 7: 37b (len: 458)
updated maxmap 8: 385 (len: 458)
updated maxmap 9: 38f (len: 458)
updated maxmap 10: 394 (len: 458)
[1;94m[*] [0mFuzzing test case #128 (1237 total, 0 uniq crashes found)...[0m
scheduled max input!!!!
schedule: 2 level25_3/ijon_max/2
[1;94m[*] [0mFuzzing test case #129 (1237 total, 0 uniq crashes found)...[0m
scheduled max input!!!!
schedule: 4 level25_3/ijon_max/4
updated maxmap 4: 352 (len: 426)
updated maxmap 3: 351 (len: 430)
updated maxmap 4: 358 (len: 430)
[1;94m[*] [0mFuzzing test case #130 (1238 total, 0 uniq crashes found)...[0m
scheduled max input!!!!
schedule: 5 level25_3/ijon_max/5
updated maxmap 10: 395 (len: 466)
updated maxmap 11: 39f (len: 466)
updated maxmap 12: 3a6 (len: 466)
updated maxmap 5: 365 (len: 458)
updated maxmap 6: 372 (len: 458)
updated maxmap 7: 37c (len: 458)
updated maxmap 8: 386 (len: 458)
updated maxmap 9: 390 (len: 458)
[1;94m[*] [0mFuzzing test case #131 (1238 total, 0 uniq crashes found)...[0m
[1;94m[*] [0mFuzzing test case #132 (1238 total, 0 uniq crashes found)...[0m
[1;94m[*] [0mFuzzing test case #133 (1238 total, 0 uniq crashes found)...[0m
scheduled max input!!!!
schedule: 10 level25_3/ijon_max/10
updated maxmap 12: 3a7 (len: 466)
updated maxmap 12: 3a9 (len: 469)
updated maxmap 13: 3ae (len: 469)
updated maxmap 10: 396 (len: 466)
updated maxmap 11: 3a0 (len: 466)
updated maxmap 10: 397 (len: 466)
updated maxmap 11: 3a1 (len: 466)
updated maxmap 14: 3a7 (len: 466)
[1;94m[*] [0mFuzzing test case #134 (1239 total, 0 uniq crashes found)...[0m
scheduled max input!!!!
schedule: 0 level25_3/ijon_max/0
updated maxmap 0: 3ad (len: 472)
updated maxmap 0: 3ae (len: 472)
updated maxmap 14: 3ac (len: 472)
updated maxmap 15: 3b4 (len: 472)
updated maxmap 14: 3ae (len: 472)
updated maxmap 15: 3b5 (len: 472)
updated maxmap 0: 3b0 (len: 478)
updated maxmap 0: 3b2 (len: 476)
updated maxmap 0: 3b3 (len: 472)
updated maxmap 0: 3b7 (len: 472)
updated maxmap 0: 3b8 (len: 472)
updated maxmap 0: 3b9 (len: 472)
updated maxmap 15: 3b6 (len: 472)
updated maxmap 15: 3b7 (len: 472)
updated maxmap 0: 3ba (len: 472)
updated maxmap 15: 3b8 (len: 472)
updated maxmap 0: 3bb (len: 472)
updated maxmap 14: 3af (len: 472)
updated maxmap 0: 3bc (len: 474)
updated maxmap 15: 3b9 (len: 474)
updated maxmap 14: 3b0 (len: 472)
updated maxmap 15: 3ba (len: 472)
updated maxmap 13: 3af (len: 472)
updated maxmap 14: 3b9 (len: 472)
updated maxmap 15: 3bb (len: 475)
updated maxmap 0: 3c3 (len: 477)
updated maxmap 15: 3c1 (len: 477)
updated maxmap 13: 3b0 (len: 474)
updated maxmap 14: 3ba (len: 474)
updated maxmap 0: 3c6 (len: 483)
updated maxmap 15: 3c4 (len: 483)
updated maxmap 10: 398 (len: 474)
updated maxmap 11: 3a2 (len: 474)
updated maxmap 12: 3ac (len: 474)
updated maxmap 13: 3b1 (len: 474)
[1;94m[*] [0mFuzzing test case #135 (1250 total, 0 uniq crashes found)...[0m
scheduled max input!!!!
schedule: 9 level25_3/ijon_max/9
[1;94m[*] [0mFuzzing test case #136 (1250 total, 0 uniq crashes found)...[0m
scheduled max input!!!!
schedule: 0 level25_3/ijon_max/0
updated maxmap 13: 3b2 (len: 483)
updated maxmap 14: 3bc (len: 483)
updated maxmap 15: 3c6 (len: 483)
[1;94m[*] [0mFuzzing test case #137 (1250 total, 0 uniq crashes found)...[0m
scheduled max input!!!!
schedule: 2 level25_3/ijon_max/2
[1;94m[*] [0mFuzzing test case #138 (1250 total, 0 uniq crashes found)...[0m
[1;94m[*] [0mFuzzing test case #139 (1250 total, 0 uniq crashes found)...[0m
[1;94m[*] [0mFuzzing test case #140 (1250 total, 0 uniq crashes found)...[0m
[1;94m[*] [0mFuzzing test case #141 (1250 total, 0 uniq crashes found)...[0m
[1;94m[*] [0mFuzzing test case #142 (1250 total, 0 uniq crashes found)...[0m
scheduled max input!!!!
schedule: 11 level25_3/ijon_max/11
updated maxmap 5: 367 (len: 474)
updated maxmap 6: 373 (len: 474)
updated maxmap 7: 37d (len: 474)
updated maxmap 8: 387 (len: 474)
updated maxmap 9: 391 (len: 474)
updated maxmap 10: 39b (len: 474)
updated maxmap 11: 3a5 (len: 474)
updated maxmap 12: 3af (len: 474)
updated maxmap 13: 3b4 (len: 474)
updated maxmap 5: 36a (len: 475)
updated maxmap 6: 376 (len: 475)
updated maxmap 7: 380 (len: 475)
updated maxmap 8: 38a (len: 475)
updated maxmap 9: 393 (len: 475)
updated maxmap 10: 39d (len: 475)
updated maxmap 11: 3a7 (len: 475)
updated maxmap 12: 3b1 (len: 475)
updated maxmap 13: 3b6 (len: 475)
updated maxmap 5: 36c (len: 474)
[1;94m[*] [0mFuzzing test case #143 (1251 total, 0 uniq crashes found)...[0m
scheduled max input!!!!
schedule: 2 level25_3/ijon_max/2
[1;94m[*] [0mFuzzing test case #144 (1251 total, 0 uniq crashes found)...[0m
scheduled max input!!!!
schedule: 15 level25_3/ijon_max/15
updated maxmap 14: 3bd (len: 483)
updated maxmap 15: 3c7 (len: 483)
updated maxmap 0: 3ca (len: 489)
updated maxmap 14: 3bf (len: 483)
updated maxmap 15: 3c9 (len: 483)
[1;94m[*] [0mFuzzing test case #145 (1253 total, 0 uniq crashes found)...[0m
scheduled max input!!!!
schedule: 8 level25_3/ijon_max/8
updated maxmap 6: 378 (len: 475)
updated maxmap 7: 382 (len: 475)
updated maxmap 8: 38c (len: 475)
updated maxmap 9: 396 (len: 475)
updated maxmap 10: 3a0 (len: 475)
updated maxmap 11: 3aa (len: 475)
updated maxmap 12: 3b4 (len: 475)
updated maxmap 13: 3b7 (len: 475)
[1;94m[*] [0mFuzzing test case #146 (1254 total, 0 uniq crashes found)...[0m
scheduled max input!!!!
schedule: 11 level25_3/ijon_max/11
updated maxmap 6: 379 (len: 475)
updated maxmap 7: 383 (len: 475)
updated maxmap 8: 38d (len: 475)
[1;94m[*] [0mFuzzing test case #147 (1254 total, 0 uniq crashes found)...[0m
scheduled max input!!!!
schedule: 5 level25_3/ijon_max/5
[1;94m[*] [0mFuzzing test case #148 (1254 total, 0 uniq crashes found)...[0m
scheduled max input!!!!
schedule: 11 level25_3/ijon_max/11
updated maxmap 9: 397 (len: 475)
updated maxmap 10: 3a1 (len: 475)
updated maxmap 11: 3ab (len: 475)
updated maxmap 12: 3b5 (len: 475)
[1;94m[*] [0mFuzzing test case #149 (1254 total, 0 uniq crashes found)...[0m
scheduled max input!!!!
schedule: 2 level25_3/ijon_max/2
[1;94m[*] [0mFuzzing test case #150 (1254 total, 0 uniq crashes found)...[0m
scheduled max input!!!!
schedule: 5 level25_3/ijon_max/5
[1;94m[*] [0mFuzzing test case #151 (1254 total, 0 uniq crashes found)...[0m
scheduled max input!!!!
schedule: 15 level25_3/ijon_max/15
updated maxmap 14: 3c0 (len: 484)
updated maxmap 15: 3ca (len: 484)
updated maxmap 13: 3be (len: 483)
updated maxmap 14: 3c8 (len: 483)
updated maxmap 15: 3cf (len: 483)
updated maxmap 5: 36f (len: 483)
updated maxmap 6: 37d (len: 483)
updated maxmap 7: 387 (len: 483)
updated maxmap 8: 391 (len: 483)
updated maxmap 9: 39b (len: 483)
updated maxmap 10: 3a5 (len: 483)
updated maxmap 11: 3af (len: 483)
updated maxmap 12: 3b9 (len: 483)
updated maxmap 13: 3c3 (len: 483)
updated maxmap 14: 3cd (len: 483)
updated maxmap 15: 3d5 (len: 483)
updated maxmap 0: 3d9 (len: 486)
updated maxmap 15: 3d6 (len: 486)
updated maxmap 5: 371 (len: 486)
updated maxmap 6: 380 (len: 486)
updated maxmap 7: 38a (len: 486)
updated maxmap 8: 394 (len: 486)
updated maxmap 9: 39e (len: 486)
updated maxmap 10: 3a8 (len: 486)
updated maxmap 11: 3b2 (len: 486)
updated maxmap 12: 3bc (len: 486)
updated maxmap 13: 3c6 (len: 486)
updated maxmap 14: 3d0 (len: 486)
updated maxmap 15: 3d7 (len: 486)
updated maxmap 5: 372 (len: 483)
updated maxmap 6: 381 (len: 483)
updated maxmap 7: 38b (len: 483)
updated maxmap 8: 395 (len: 483)
updated maxmap 9: 39f (len: 483)
updated maxmap 10: 3a9 (len: 483)
updated maxmap 11: 3b3 (len: 483)
updated maxmap 12: 3bd (len: 483)
updated maxmap 13: 3c7 (len: 483)
updated maxmap 14: 3d1 (len: 483)
updated maxmap 5: 373 (len: 484)
updated maxmap 6: 382 (len: 483)
updated maxmap 7: 38c (len: 483)
updated maxmap 8: 396 (len: 483)
updated maxmap 9: 3a0 (len: 483)
updated maxmap 10: 3aa (len: 483)
updated maxmap 11: 3b4 (len: 483)
updated maxmap 12: 3be (len: 483)
updated maxmap 13: 3c8 (len: 483)
updated maxmap 14: 3d2 (len: 483)
updated maxmap 0: 3dd (len: 489)
updated maxmap 15: 3db (len: 489)
[1;94m[*] [0mFuzzing test case #152 (1256 total, 0 uniq crashes found)...[0m
scheduled max input!!!!
schedule: 12 level25_3/ijon_max/12
[1;94m[*] [0mFuzzing test case #153 (1256 total, 0 uniq crashes found)...[0m
scheduled max input!!!!
schedule: 9 level25_3/ijon_max/9
updated maxmap 5: 376 (len: 486)
updated maxmap 0: 3de (len: 490)
updated maxmap 15: 3dc (len: 490)
[1;94m[*] [0mFuzzing test case #154 (1259 total, 0 uniq crashes found)...[0m
scheduled max input!!!!
schedule: 11 level25_3/ijon_max/11
[1;94m[*] [0mFuzzing test case #155 (1259 total, 0 uniq crashes found)...[0m
scheduled max input!!!!
schedule: 13 level25_3/ijon_max/13
[1;94m[*] [0mFuzzing test case #156 (1259 total, 0 uniq crashes found)...[0m
scheduled max input!!!!
schedule: 12 level25_3/ijon_max/12
[1;94m[*] [0mFuzzing test case #157 (1259 total, 0 uniq crashes found)...[0m
scheduled max input!!!!
schedule: 11 level25_3/ijon_max/11
[1;94m[*] [0mFuzzing test case #158 (1259 total, 0 uniq crashes found)...[0m
scheduled max input!!!!
schedule: 4 level25_3/ijon_max/4
updated maxmap 1: 358 (len: 430)
updated maxmap 2: 356 (len: 430)
[1;94m[*] [0mFuzzing test case #159 (1259 total, 0 uniq crashes found)...[0m
scheduled max input!!!!
schedule: 0 level25_3/ijon_max/0
[1;94m[*] [0mFuzzing test case #160 (1260 total, 0 uniq crashes found)...[0m
scheduled max input!!!!
schedule: 12 level25_3/ijon_max/12
[1;94m[*] [0mFuzzing test case #161 (1260 total, 0 uniq crashes found)...[0m
scheduled max input!!!!
schedule: 15 level25_3/ijon_max/15
[1;94m[*] [0mFuzzing test case #162 (1260 total, 0 uniq crashes found)...[0m
scheduled max input!!!!
schedule: 2 level25_3/ijon_max/2
updated maxmap 1: 35a (len: 430)
updated maxmap 2: 357 (len: 430)
updated maxmap 1: 35c (len: 432)
updated maxmap 2: 35a (len: 432)
[1;94m[*] [0mFuzzing test case #163 (1260 total, 0 uniq crashes found)...[0m
[1;94m[*] [0mFuzzing test case #164 (1260 total, 0 uniq crashes found)...[0m
scheduled max input!!!!
schedule: 2 level25_3/ijon_max/2
updated maxmap 1: 35e (len: 437)
updated maxmap 2: 35c (len: 437)
updated maxmap 3: 355 (len: 437)
updated maxmap 3: 356 (len: 432)
[1;94m[*] [0mFuzzing test case #165 (1260 total, 0 uniq crashes found)...[0m
scheduled max input!!!!
schedule: 7 level25_3/ijon_max/7
[1;94m[*] [0mFuzzing test case #166 (1260 total, 0 uniq crashes found)...[0m
scheduled max input!!!!
schedule: 4 level25_3/ijon_max/4
[1;94m[*] [0mFuzzing test case #167 (1260 total, 0 uniq crashes found)...[0m
scheduled max input!!!!
schedule: 14 level25_3/ijon_max/14
[1;94m[*] [0mFuzzing test case #168 (1260 total, 0 uniq crashes found)...[0m
[1;94m[*] [0mFuzzing test case #169 (1260 total, 0 uniq crashes found)...[0m
scheduled max input!!!!
schedule: 9 level25_3/ijon_max/9
[1;94m[*] [0mFuzzing test case #170 (1260 total, 0 uniq crashes found)...[0m
scheduled max input!!!!
schedule: 0 level25_3/ijon_max/0
[1;94m[*] [0mFuzzing test case #171 (1260 total, 0 uniq crashes found)...[0m
scheduled max input!!!!
schedule: 15 level25_3/ijon_max/15
[1;94m[*] [0mFuzzing test case #172 (1260 total, 0 uniq crashes found)...[0m
scheduled max input!!!!
schedule: 5 level25_3/ijon_max/5
[1;94m[*] [0mFuzzing test case #173 (1260 total, 0 uniq crashes found)...[0m
scheduled max input!!!!
schedule: 6 level25_3/ijon_max/6
[1;94m[*] [0mFuzzing test case #174 (1260 total, 0 uniq crashes found)...[0m
[1;94m[*] [0mFuzzing test case #175 (1260 total, 0 uniq crashes found)...[0m
scheduled max input!!!!
schedule: 14 level25_3/ijon_max/14
updated maxmap 5: 378 (len: 483)
updated maxmap 6: 385 (len: 483)
updated maxmap 7: 38f (len: 483)
updated maxmap 8: 398 (len: 483)
updated maxmap 9: 3a2 (len: 483)
updated maxmap 10: 3ac (len: 483)
updated maxmap 11: 3b6 (len: 483)
updated maxmap 12: 3c0 (len: 483)
updated maxmap 13: 3ca (len: 483)
[1;94m[*] [0mFuzzing test case #176 (1261 total, 0 uniq crashes found)...[0m
scheduled max input!!!!
schedule: 11 level25_3/ijon_max/11
updated maxmap 8: 399 (len: 483)
[1;94m[*] [0mFuzzing test case #177 (1261 total, 0 uniq crashes found)...[0m
[1;94m[*] [0mFuzzing test case #178 (1261 total, 0 uniq crashes found)...[0m
scheduled max input!!!!
schedule: 7 level25_3/ijon_max/7
[1;94m[*] [0mFuzzing test case #179 (1261 total, 0 uniq crashes found)...[0m
scheduled max input!!!!
schedule: 15 level25_3/ijon_max/15
[1;94m[*] [0mFuzzing test case #180 (1261 total, 0 uniq crashes found)...[0m
scheduled max input!!!!
schedule: 8 level25_3/ijon_max/8
updated maxmap 9: 3a3 (len: 483)
updated maxmap 14: 3d4 (len: 484)
updated maxmap 0: 3e1 (len: 490)
updated maxmap 10: 3ad (len: 490)
updated maxmap 15: 3de (len: 490)
updated maxmap 11: 3b7 (len: 483)
updated maxmap 12: 3c1 (len: 483)
updated maxmap 13: 3cb (len: 483)
[1;94m[*] [0mFuzzing test case #181 (1262 total, 0 uniq crashes found)...[0m
scheduled max input!!!!
schedule: 2 level25_3/ijon_max/2
updated maxmap 3: 361 (len: 437)
updated maxmap 4: 36a (len: 437)
updated maxmap 2: 35d (len: 437)
updated maxmap 2: 35f (len: 437)
[1;94m[*] [0mFuzzing test case #182 (1262 total, 0 uniq crashes found)...[0m
[1;94m[*] [0mFuzzing test case #183 (1262 total, 0 uniq crashes found)...[0m
scheduled max input!!!!
schedule: 3 level25_3/ijon_max/3
updated maxmap 3: 362 (len: 437)
[1;94m[*] [0mFuzzing test case #184 (1262 total, 0 uniq crashes found)...[0m
[1;94m[*] [0mFuzzing test case #185 (1262 total, 0 uniq crashes found)...[0m
scheduled max input!!!!
schedule: 14 level25_3/ijon_max/14
updated maxmap 14: 3d5 (len: 484)
[1;94m[*] [0mFuzzing test case #186 (1262 total, 0 uniq crashes found)...[0m
scheduled max input!!!!
schedule: 9 level25_3/ijon_max/9
[1;94m[*] [0mFuzzing test case #187 (1262 total, 0 uniq crashes found)...[0m
scheduled max input!!!!
schedule: 3 level25_3/ijon_max/3
updated maxmap 1: 35f (len: 437)
updated maxmap 2: 360 (len: 437)
[1;94m[*] [0mFuzzing test case #188 (1262 total, 0 uniq crashes found)...[0m
scheduled max input!!!!
schedule: 7 level25_3/ijon_max/7
[1;94m[*] [0mFuzzing test case #189 (1262 total, 0 uniq crashes found)...[0m
scheduled max input!!!!
schedule: 10 level25_3/ijon_max/10
updated maxmap 15: 3df (len: 490)
updated maxmap 5: 379 (len: 490)
[1;94m[*] [0mFuzzing test case #190 (1262 total, 0 uniq crashes found)...[0m
scheduled max input!!!!
schedule: 10 level25_3/ijon_max/10
[1;94m[*] [0mFuzzing test case #191 (1262 total, 0 uniq crashes found)...[0m
scheduled max input!!!!
schedule: 4 level25_3/ijon_max/4
updated maxmap 2: 372 (len: 444)
updated maxmap 3: 376 (len: 444)
updated maxmap 1: 36c (len: 437)
updated maxmap 4: 36b (len: 438)
updated maxmap 2: 375 (len: 443)
updated maxmap 3: 377 (len: 443)
updated maxmap 4: 36e (len: 439)
updated maxmap 2: 377 (len: 443)
updated maxmap 2: 379 (len: 444)
updated maxmap 4: 36f (len: 444)
updated maxmap 4: 371 (len: 440)
updated maxmap 3: 380 (len: 445)
updated maxmap 4: 374 (len: 449)
[1;94m[*] [0mFuzzing test case #192 (1268 total, 0 uniq crashes found)...[0m
scheduled max input!!!!
schedule: 8 level25_3/ijon_max/8
[1;94m[*] [0mFuzzing test case #193 (1269 total, 0 uniq crashes found)...[0m
scheduled max input!!!!
schedule: 13 level25_3/ijon_max/13
[1;94m[*] [0mFuzzing test case #194 (1269 total, 0 uniq crashes found)...[0m
scheduled max input!!!!
schedule: 6 level25_3/ijon_max/6
[1;94m[*] [0mFuzzing test case #195 (1269 total, 0 uniq crashes found)...[0m
scheduled max input!!!!
schedule: 6 level25_3/ijon_max/6
[1;94m[*] [0mFuzzing test case #196 (1269 total, 0 uniq crashes found)...[0m
scheduled max input!!!!
schedule: 6 level25_3/ijon_max/6
[1;94m[*] [0mFuzzing test case #197 (1269 total, 0 uniq crashes found)...[0m
scheduled max input!!!!
schedule: 8 level25_3/ijon_max/8
[1;94m[*] [0mFuzzing test case #198 (1269 total, 0 uniq crashes found)...[0m
scheduled max input!!!!
schedule: 4 level25_3/ijon_max/4
updated maxmap 2: 386 (len: 456)
[1;94m[*] [0mFuzzing test case #199 (1270 total, 0 uniq crashes found)...[0m
scheduled max input!!!!
schedule: 5 level25_3/ijon_max/5
[1;94m[*] [0mFuzzing test case #200 (1270 total, 0 uniq crashes found)...[0m
scheduled max input!!!!
schedule: 14 level25_3/ijon_max/14
[1;94m[*] [0mFuzzing test case #201 (1270 total, 0 uniq crashes found)...[0m
scheduled max input!!!!
schedule: 3 level25_3/ijon_max/3
updated maxmap 3: 383 (len: 449)
updated maxmap 4: 38a (len: 449)
updated maxmap 1: 385 (len: 445)
updated maxmap 4: 38d (len: 451)
updated maxmap 5: 38f (len: 451)
[1;94m[*] [0mFuzzing test case #202 (1272 total, 0 uniq crashes found)...[0m
scheduled max input!!!!
schedule: 6 level25_3/ijon_max/6
[1;94m[*] [0mFuzzing test case #203 (1272 total, 0 uniq crashes found)...[0m
scheduled max input!!!!
schedule: 9 level25_3/ijon_max/9
[1;94m[*] [0mFuzzing test case #204 (1272 total, 0 uniq crashes found)...[0m
scheduled max input!!!!
schedule: 0 level25_3/ijon_max/0
[1;94m[*] [0mFuzzing test case #205 (1272 total, 0 uniq crashes found)...[0m
[1;94m[*] [0mFuzzing test case #206 (1272 total, 0 uniq crashes found)...[0m
scheduled max input!!!!
schedule: 10 level25_3/ijon_max/10
[1;94m[*] [0mFuzzing test case #207 (1272 total, 0 uniq crashes found)...[0m
scheduled max input!!!!
schedule: 6 level25_3/ijon_max/6
[1;94m[*] [0mFuzzing test case #208 (1272 total, 0 uniq crashes found)...[0m
scheduled max input!!!!
schedule: 4 level25_3/ijon_max/4
updated maxmap 3: 384 (len: 456)
updated maxmap 4: 38e (len: 456)
updated maxmap 5: 391 (len: 456)
updated maxmap 3: 385 (len: 451)
[1;94m[*] [0mFuzzing test case #209 (1273 total, 0 uniq crashes found)...[0m
scheduled max input!!!!
schedule: 6 level25_3/ijon_max/6
[1;94m[*] [0mFuzzing test case #210 (1273 total, 0 uniq crashes found)...[0m
scheduled max input!!!!
schedule: 0 level25_3/ijon_max/0
[1;94m[*] [0mFuzzing test case #211 (1273 total, 0 uniq crashes found)...[0m
scheduled max input!!!!
schedule: 7 level25_3/ijon_max/7
[1;94m[*] [0mFuzzing test case #212 (1273 total, 0 uniq crashes found)...[0m
scheduled max input!!!!
schedule: 6 level25_3/ijon_max/6
[1;94m[*] [0mFuzzing test case #213 (1273 total, 0 uniq crashes found)...[0m
scheduled max input!!!!
schedule: 4 level25_3/ijon_max/4
updated maxmap 4: 38f (len: 456)
[1;94m[*] [0mFuzzing test case #214 (1275 total, 0 uniq crashes found)...[0m
scheduled max input!!!!
schedule: 14 level25_3/ijon_max/14
[1;94m[*] [0mFuzzing test case #215 (1275 total, 0 uniq crashes found)...[0m
[1;94m[*] [0mFuzzing test case #216 (1275 total, 0 uniq crashes found)...[0m
scheduled max input!!!!
schedule: 13 level25_3/ijon_max/13
[1;94m[*] [0mFuzzing test case #217 (1275 total, 0 uniq crashes found)...[0m
scheduled max input!!!!
schedule: 0 level25_3/ijon_max/0
[1;94m[*] [0mFuzzing test case #218 (1275 total, 0 uniq crashes found)...[0m
[1;94m[*] [0mFuzzing test case #219 (1275 total, 0 uniq crashes found)...[0m
scheduled max input!!!!
schedule: 3 level25_3/ijon_max/3
[1;94m[*] [0mFuzzing test case #220 (1275 total, 0 uniq crashes found)...[0m
scheduled max input!!!!
schedule: 1 level25_3/ijon_max/1
[1;94m[*] [0mFuzzing test case #221 (1275 total, 0 uniq crashes found)...[0m
scheduled max input!!!!
schedule: 0 level25_3/ijon_max/0
[1;94m[*] [0mFuzzing test case #222 (1275 total, 0 uniq crashes found)...[0m
scheduled max input!!!!
schedule: 15 level25_3/ijon_max/15
[1;94m[*] [0mFuzzing test case #223 (1275 total, 0 uniq crashes found)...[0m
[1;94m[*] [0mFuzzing test case #224 (1275 total, 0 uniq crashes found)...[0m
scheduled max input!!!!
schedule: 11 level25_3/ijon_max/11
[1;94m[*] [0mFuzzing test case #225 (1276 total, 0 uniq crashes found)...[0m
scheduled max input!!!!
schedule: 6 level25_3/ijon_max/6
[1;94m[*] [0mFuzzing test case #226 (1276 total, 0 uniq crashes found)...[0m
scheduled max input!!!!
schedule: 4 level25_3/ijon_max/4
[1;94m[*] [0mFuzzing test case #227 (1276 total, 0 uniq crashes found)...[0m
[1;94m[*] [0mFuzzing test case #228 (1276 total, 0 uniq crashes found)...[0m
scheduled max input!!!!
schedule: 0 level25_3/ijon_max/0
[1;94m[*] [0mFuzzing test case #229 (1276 total, 0 uniq crashes found)...[0m
scheduled max input!!!!
schedule: 3 level25_3/ijon_max/3
[1;94m[*] [0mFuzzing test case #230 (1276 total, 0 uniq crashes found)...[0m
scheduled max input!!!!
schedule: 13 level25_3/ijon_max/13
[1;94m[*] [0mFuzzing test case #231 (1276 total, 0 uniq crashes found)...[0m
scheduled max input!!!!
schedule: 1 level25_3/ijon_max/1
[1;94m[*] [0mFuzzing test case #232 (1276 total, 0 uniq crashes found)...[0m
scheduled max input!!!!
schedule: 4 level25_3/ijon_max/4
updated maxmap 5: 398 (len: 463)
updated maxmap 6: 3a2 (len: 463)
updated maxmap 1: 393 (len: 457)
[1;94m[*] [0mFuzzing test case #233 (1277 total, 0 uniq crashes found)...[0m
scheduled max input!!!!
schedule: 7 level25_3/ijon_max/7
[1;94m[*] [0mFuzzing test case #234 (1277 total, 0 uniq crashes found)...[0m
scheduled max input!!!!
schedule: 11 level25_3/ijon_max/11
[1;94m[*] [0mFuzzing test case #235 (1277 total, 0 uniq crashes found)...[0m
scheduled max input!!!!
schedule: 4 level25_3/ijon_max/4
[1;94m[*] [0mFuzzing test case #236 (1277 total, 0 uniq crashes found)...[0m
scheduled max input!!!!
schedule: 4 level25_3/ijon_max/4
updated maxmap 3: 386 (len: 456)
updated maxmap 4: 390 (len: 456)
updated maxmap 3: 387 (len: 456)
updated maxmap 4: 391 (len: 456)
updated maxmap 5: 39b (len: 460)
updated maxmap 2: 38d (len: 456)
updated maxmap 2: 398 (len: 458)
[1;94m[*] [0mFuzzing test case #237 (1277 total, 0 uniq crashes found)...[0m
[1;94m[*] [0mFuzzing test case #238 (1277 total, 0 uniq crashes found)...[0m
scheduled max input!!!!
schedule: 1 level25_3/ijon_max/1
[1;94m[*] [0mFuzzing test case #239 (1277 total, 0 uniq crashes found)...[0m
scheduled max input!!!!
schedule: 12 level25_3/ijon_max/12
[1;94m[*] [0mFuzzing test case #240 (1277 total, 0 uniq crashes found)...[0m
scheduled max input!!!!
schedule: 13 level25_3/ijon_max/13
[1;94m[*] [0mFuzzing test case #241 (1277 total, 0 uniq crashes found)...[0m
[1;94m[*] [0mFuzzing test case #242 (1277 total, 0 uniq crashes found)...[0m
scheduled max input!!!!
schedule: 12 level25_3/ijon_max/12
[1;94m[*] [0mFuzzing test case #243 (1277 total, 0 uniq crashes found)...[0m
scheduled max input!!!!
schedule: 10 level25_3/ijon_max/10
[1;94m[*] [0mFuzzing test case #244 (1277 total, 0 uniq crashes found)...[0m
scheduled max input!!!!
schedule: 4 level25_3/ijon_max/4
[1;94m[*] [0mFuzzing test case #245 (1277 total, 0 uniq crashes found)...[0m
scheduled max input!!!!
schedule: 4 level25_3/ijon_max/4
[1;94m[*] [0mFuzzing test case #246 (1277 total, 0 uniq crashes found)...[0m
scheduled max input!!!!
schedule: 12 level25_3/ijon_max/12
[1;94m[*] [0mFuzzing test case #247 (1277 total, 0 uniq crashes found)...[0m
[1;94m[*] [0mFuzzing test case #248 (1277 total, 0 uniq crashes found)...[0m
scheduled max input!!!!
schedule: 6 level25_3/ijon_max/6
updated maxmap 3: 39b (len: 470)
updated maxmap 4: 3a5 (len: 470)
updated maxmap 5: 3aa (len: 470)
[1;94m[*] [0mFuzzing test case #249 (1277 total, 0 uniq crashes found)...[0m
scheduled max input!!!!
schedule: 10 level25_3/ijon_max/10
[1;94m[*] [0mFuzzing test case #250 (1277 total, 0 uniq crashes found)...[0m
scheduled max input!!!!
schedule: 10 level25_3/ijon_max/10
[1;94m[*] [0mFuzzing test case #251 (1277 total, 0 uniq crashes found)...[0m
[1;94m[*] [0mFuzzing test case #252 (1277 total, 0 uniq crashes found)...[0m
scheduled max input!!!!
schedule: 10 level25_3/ijon_max/10
[1;94m[*] [0mFuzzing test case #253 (1277 total, 0 uniq crashes found)...[0m
scheduled max input!!!!
schedule: 3 level25_3/ijon_max/3
updated maxmap 3: 3a2 (len: 476)
updated maxmap 4: 3ac (len: 476)
updated maxmap 5: 3b6 (len: 476)
updated maxmap 6: 3bb (len: 478)
updated maxmap 2: 399 (len: 470)
updated maxmap 3: 3a3 (len: 470)
updated maxmap 7: 3a5 (len: 470)
updated maxmap 7: 3a8 (len: 481)
updated maxmap 8: 3b2 (len: 481)
updated maxmap 9: 3ba (len: 481)
updated maxmap 7: 3aa (len: 470)
updated maxmap 2: 39a (len: 470)
updated maxmap 3: 3a4 (len: 470)
[1;94m[*] [0mFuzzing test case #254 (1279 total, 0 uniq crashes found)...[0m
[1;94m[*] [0mFuzzing test case #255 (1279 total, 0 uniq crashes found)...[0m
scheduled max input!!!!
schedule: 6 level25_3/ijon_max/6
updated maxmap 4: 3ad (len: 481)
updated maxmap 5: 3c3 (len: 481)
updated maxmap 6: 3bc (len: 481)
[1;94m[*] [0mFuzzing test case #256 (1279 total, 0 uniq crashes found)...[0m
scheduled max input!!!!
schedule: 2 level25_3/ijon_max/2
[1;94m[*] [0mFuzzing test case #257 (1279 total, 0 uniq crashes found)...[0m
[1;94m[*] [0mFuzzing test case #258 (1279 total, 0 uniq crashes found)...[0m
scheduled max input!!!!
schedule: 10 level25_3/ijon_max/10
[1;94m[*] [0mFuzzing test case #259 (1279 total, 0 uniq crashes found)...[0m
scheduled max input!!!!
schedule: 10 level25_3/ijon_max/10
[1;94m[*] [0mFuzzing test case #260 (1279 total, 0 uniq crashes found)...[0m
scheduled max input!!!!
schedule: 5 level25_3/ijon_max/5
updated maxmap 6: 3bd (len: 481)
updated maxmap 6: 3be (len: 481)
updated maxmap 7: 3ac (len: 481)
updated maxmap 8: 3b6 (len: 481)
updated maxmap 9: 3c0 (len: 481)
updated maxmap 10: 3b7 (len: 481)
updated maxmap 11: 3be (len: 481)
updated maxmap 6: 3bf (len: 481)
updated maxmap 7: 3ad (len: 482)
updated maxmap 8: 3b7 (len: 482)
updated maxmap 9: 3c1 (len: 482)
updated maxmap 3: 3d0 (len: 486)
updated maxmap 4: 3cd (len: 486)
[1;94m[*] [0mFuzzing test case #261 (1280 total, 0 uniq crashes found)...[0m
scheduled max input!!!!
schedule: 10 level25_3/ijon_max/10
updated maxmap 11: 3c1 (len: 481)
updated maxmap 10: 3bb (len: 481)
updated maxmap 11: 3c2 (len: 481)
updated maxmap 11: 3c4 (len: 481)
[1;94m[*] [0mFuzzing test case #262 (1280 total, 0 uniq crashes found)...[0m
scheduled max input!!!!
schedule: 7 level25_3/ijon_max/7
updated maxmap 10: 3c6 (len: 485)
[1;94m[*] [0mFuzzing test case #263 (1280 total, 0 uniq crashes found)...[0m
[1;94m[*] [0mFuzzing test case #264 (1280 total, 0 uniq crashes found)...[0m
scheduled max input!!!!
schedule: 7 level25_3/ijon_max/7
updated maxmap 11: 3cd (len: 488)
updated maxmap 12: 3d4 (len: 488)
updated maxmap 13: 3dc (len: 492)
updated maxmap 14: 3e6 (len: 492)
updated maxmap 11: 3ce (len: 483)
updated maxmap 10: 3ca (len: 490)
updated maxmap 11: 3d4 (len: 490)
updated maxmap 4: 3ce (len: 487)
updated maxmap 7: 3ae (len: 482)
[1;94m[*] [0mFuzzing test case #265 (1282 total, 0 uniq crashes found)...[0m
[1;94m[*] [0mFuzzing test case #266 (1282 total, 0 uniq crashes found)...[0m
[1;94m[*] [0mFuzzing test case #267 (1282 total, 0 uniq crashes found)...[0m
scheduled max input!!!!
schedule: 11 level25_3/ijon_max/11
updated maxmap 12: 3dc (len: 493)
updated maxmap 10: 3cb (len: 490)
updated maxmap 11: 3d5 (len: 490)
updated maxmap 3: 3d5 (len: 490)
updated maxmap 4: 3d0 (len: 490)
updated maxmap 5: 3c6 (len: 490)
updated maxmap 13: 3df (len: 490)
updated maxmap 12: 3df (len: 498)
updated maxmap 13: 3e9 (len: 498)
updated maxmap 15: 3e1 (len: 496)
updated maxmap 14: 3eb (len: 497)
updated maxmap 15: 3f3 (len: 497)
updated maxmap 3: 3d6 (len: 490)
updated maxmap 4: 3d1 (len: 490)
updated maxmap 5: 3c7 (len: 490)
updated maxmap 7: 3af (len: 490)
updated maxmap 2: 39d (len: 490)
updated maxmap 14: 3ec (len: 497)
updated maxmap 4: 3d4 (len: 490)
updated maxmap 5: 3cf (len: 490)
updated maxmap 3: 3d7 (len: 490)
updated maxmap 4: 3e8 (len: 496)
[1;94m[*] [0mFuzzing test case #268 (1293 total, 0 uniq crashes found)...[0m
[1;94m[*] [0mFuzzing test case #269 (1293 total, 0 uniq crashes found)...[0m
scheduled max input!!!!
schedule: 10 level25_3/ijon_max/10
[1;94m[*] [0mFuzzing test case #270 (1293 total, 0 uniq crashes found)...[0m
scheduled max input!!!!
schedule: 2 level25_3/ijon_max/2
updated maxmap 1: 394 (len: 490)
updated maxmap 2: 39e (len: 490)
[1;94m[*] [0mFuzzing test case #271 (1293 total, 0 uniq crashes found)...[0m
[1;94m[*] [0mFuzzing test case #272 (1293 total, 0 uniq crashes found)...[0m
[1;94m[*] [0mFuzzing test case #273 (1293 total, 0 uniq crashes found)...[0m
scheduled max input!!!!
schedule: 3 level25_3/ijon_max/3
updated maxmap 3: 3d9 (len: 491)
[1;94m[*] [0mFuzzing test case #274 (1293 total, 0 uniq crashes found)...[0m
[1;94m[*] [0mFuzzing test case #275 (1293 total, 0 uniq crashes found)...[0m
scheduled max input!!!!
schedule: 9 level25_3/ijon_max/9
[1;94m[*] [0mFuzzing test case #276 (1293 total, 0 uniq crashes found)...[0m
scheduled max input!!!!
schedule: 1 level25_3/ijon_max/1
[1;94m[*] [0mFuzzing test case #277 (1293 total, 0 uniq crashes found)...[0m
scheduled max input!!!!
schedule: 2 level25_3/ijon_max/2
[1;94m[*] [0mFuzzing test case #278 (1293 total, 0 uniq crashes found)...[0m
scheduled max input!!!!
schedule: 0 level25_3/ijon_max/0
[1;94m[*] [0mFuzzing test case #279 (1293 total, 0 uniq crashes found)...[0m
scheduled max input!!!!
schedule: 14 level25_3/ijon_max/14
updated maxmap 14: 3ed (len: 497)
updated maxmap 14: 3ef (len: 497)
updated maxmap 0: 3fb (len: 504)
updated maxmap 15: 3f9 (len: 504)
updated maxmap 14: 3f0 (len: 497)
updated maxmap 14: 3f1 (len: 503)
updated maxmap 1: 39d (len: 497)
updated maxmap 2: 3a7 (len: 497)
updated maxmap 3: 3e3 (len: 497)
[1;94m[*] [0mFuzzing test case #280 (1295 total, 0 uniq crashes found)...[0m
scheduled max input!!!!
schedule: 12 level25_3/ijon_max/12
updated maxmap 4: 3e9 (len: 498)
updated maxmap 2: 3f6 (len: 504)
updated maxmap 3: 3ef (len: 504)
updated maxmap 0: 3fc (len: 506)
updated maxmap 15: 3fa (len: 506)
updated maxmap 14: 3f2 (len: 502)
updated maxmap 15: 3fc (len: 506)
updated maxmap 4: 3ec (len: 499)
updated maxmap 4: 3ee (len: 500)
[1;94m[*] [0mFuzzing test case #281 (1300 total, 0 uniq crashes found)...[0m
scheduled max input!!!!
schedule: 5 level25_3/ijon_max/5
updated maxmap 5: 3d0 (len: 490)
updated maxmap 5: 3da (len: 490)
updated maxmap 5: 3db (len: 490)
[1;94m[*] [0mFuzzing test case #282 (1300 total, 0 uniq crashes found)...[0m
[1;94m[*] [0mFuzzing test case #283 (1300 total, 0 uniq crashes found)...[0m
scheduled max input!!!!
schedule: 10 level25_3/ijon_max/10
[1;94m[*] [0mFuzzing test case #284 (1300 total, 0 uniq crashes found)...[0m
scheduled max input!!!!
schedule: 1 level25_3/ijon_max/1
updated maxmap 1: 39e (len: 497)
[1;94m[*] [0mFuzzing test case #285 (1300 total, 0 uniq crashes found)...[0m
[1;94m[*] [0mFuzzing test case #286 (1300 total, 0 uniq crashes found)...[0m
scheduled max input!!!!
schedule: 6 level25_3/ijon_max/6
[1;94m[*] [0mFuzzing test case #287 (1300 total, 0 uniq crashes found)...[0m
scheduled max input!!!!
schedule: 13 level25_3/ijon_max/13
[1;94m[*] [0mFuzzing test case #288 (1300 total, 0 uniq crashes found)...[0m
scheduled max input!!!!
schedule: 15 level25_3/ijon_max/15
updated maxmap 0: 3fd (len: 514)
updated maxmap 14: 3f3 (len: 506)
updated maxmap 2: 3fc (len: 506)
updated maxmap 3: 3f3 (len: 506)
updated maxmap 0: 3fe (len: 506)
updated maxmap 2: 3fd (len: 506)
updated maxmap 3: 3f4 (len: 506)
[1;94m[*] [0mFuzzing test case #289 (1304 total, 0 uniq crashes found)...[0m
scheduled max input!!!!
schedule: 8 level25_3/ijon_max/8
[1;94m[*] [0mFuzzing test case #290 (1304 total, 0 uniq crashes found)...[0m
scheduled max input!!!!
schedule: 0 level25_3/ijon_max/0
[1;94m[*] [0mFuzzing test case #291 (1305 total, 0 uniq crashes found)...[0m
scheduled max input!!!!
schedule: 5 level25_3/ijon_max/5
[1;94m[*] [0mFuzzing test case #292 (1305 total, 0 uniq crashes found)...[0m
[1;94m[*] [0mFuzzing test case #293 (1305 total, 0 uniq crashes found)...[0m
scheduled max input!!!!
schedule: 12 level25_3/ijon_max/12
[1;94m[*] [0mFuzzing test case #294 (1305 total, 0 uniq crashes found)...[0m
scheduled max input!!!!
schedule: 6 level25_3/ijon_max/6
[1;94m[*] [0mFuzzing test case #295 (1305 total, 0 uniq crashes found)...[0m
scheduled max input!!!!
schedule: 4 level25_3/ijon_max/4
updated maxmap 4: 3f0 (len: 508)
updated maxmap 5: 3f8 (len: 508)
updated maxmap 6: 401 (len: 508)
[1;94m[*] [0mFuzzing test case #296 (1305 total, 0 uniq crashes found)...[0m
[1;94m[*] [0mFuzzing test case #297 (1305 total, 0 uniq crashes found)...[0m
[1;94m[*] [0mFuzzing test case #298 (1305 total, 0 uniq crashes found)...[0m
scheduled max input!!!!
schedule: 3 level25_3/ijon_max/3
updated maxmap 4: 3fa (len: 506)
updated maxmap 5: 3fe (len: 506)
[1;94m[*] [0mFuzzing test case #299 (1305 total, 0 uniq crashes found)...[0m
scheduled max input!!!!
schedule: 9 level25_3/ijon_max/9
[1;94m[*] [0mFuzzing test case #300 (1305 total, 0 uniq crashes found)...[0m
scheduled max input!!!!
schedule: 5 level25_3/ijon_max/5
[1;94m[*] [0mFuzzing test case #301 (1305 total, 0 uniq crashes found)...[0m
scheduled max input!!!!
schedule: 0 level25_3/ijon_max/0
[1;94m[*] [0mFuzzing test case #302 (1305 total, 0 uniq crashes found)...[0m
scheduled max input!!!!
schedule: 13 level25_3/ijon_max/13
[1;94m[*] [0mFuzzing test case #303 (1305 total, 0 uniq crashes found)...[0m
scheduled max input!!!!
schedule: 2 level25_3/ijon_max/2
updated maxmap 4: 3fb (len: 512)
updated maxmap 5: 404 (len: 512)
updated maxmap 6: 40c (len: 512)
[1;94m[*] [0mFuzzing test case #304 (1306 total, 0 uniq crashes found)...[0m
scheduled max input!!!!
schedule: 15 level25_3/ijon_max/15
[1;94m[*] [0mFuzzing test case #305 (1306 total, 0 uniq crashes found)...[0m
scheduled max input!!!!
schedule: 2 level25_3/ijon_max/2
[1;94m[*] [0mFuzzing test case #306 (1306 total, 0 uniq crashes found)...[0m
[1;94m[*] [0mFuzzing test case #307 (1306 total, 0 uniq crashes found)...[0m
[1;94m[*] [0mFuzzing test case #308 (1306 total, 0 uniq crashes found)...[0m
scheduled max input!!!!
schedule: 6 level25_3/ijon_max/6
updated maxmap 6: 40d (len: 512)
updated maxmap 6: 40e (len: 520)
updated maxmap 7: 41b (len: 520)
updated maxmap 0: 410 (len: 514)
updated maxmap 1: 406 (len: 514)
updated maxmap 4: 3fc (len: 512)
updated maxmap 5: 405 (len: 512)
minimized maxmap 6: 40e (len: 513)
updated maxmap 6: 412 (len: 515)
updated maxmap 2: 40f (len: 516)
updated maxmap 3: 414 (len: 516)
updated maxmap 2: 413 (len: 520)
updated maxmap 3: 41d (len: 520)
updated maxmap 4: 420 (len: 520)
updated maxmap 1: 408 (len: 512)
[1;94m[*] [0mFuzzing test case #309 (1311 total, 0 uniq crashes found)...[0m
scheduled max input!!!!
schedule: 3 level25_3/ijon_max/3
updated maxmap 2: 414 (len: 520)
updated maxmap 3: 41e (len: 520)
updated maxmap 4: 421 (len: 520)
updated maxmap 7: 42a (len: 526)
updated maxmap 2: 415 (len: 520)
updated maxmap 3: 41f (len: 520)
updated maxmap 4: 422 (len: 520)
updated maxmap 2: 416 (len: 520)
updated maxmap 3: 420 (len: 520)
[1;94m[*] [0mFuzzing test case #310 (1312 total, 0 uniq crashes found)...[0m
scheduled max input!!!!
schedule: 7 level25_3/ijon_max/7
updated maxmap 7: 42b (len: 526)
updated maxmap 5: 42c (len: 526)
updated maxmap 3: 434 (len: 528)
updated maxmap 4: 42a (len: 528)
updated maxmap 6: 416 (len: 528)
updated maxmap 6: 428 (len: 526)
updated maxmap 6: 42e (len: 526)
updated maxmap 5: 42d (len: 534)
updated maxmap 6: 437 (len: 534)
updated maxmap 7: 443 (len: 534)
minimized maxmap 5: 42d (len: 526)
updated maxmap 5: 42e (len: 526)
updated maxmap 5: 42f (len: 526)
updated maxmap 4: 42d (len: 526)
updated maxmap 5: 430 (len: 526)
minimized maxmap 6: 437 (len: 531)
updated maxmap 5: 431 (len: 526)
updated maxmap 5: 436 (len: 532)
updated maxmap 6: 43e (len: 532)
updated maxmap 4: 436 (len: 530)
updated maxmap 5: 438 (len: 530)
[1;94m[*] [0mFuzzing test case #311 (1320 total, 0 uniq crashes found)...[0m
scheduled max input!!!!
schedule: 11 level25_3/ijon_max/11
[1;94m[*] [0mFuzzing test case #312 (1320 total, 0 uniq crashes found)...[0m
[1;94m[*] [0mFuzzing test case #313 (1320 total, 0 uniq crashes found)...[0m
scheduled max input!!!!
schedule: 13 level25_3/ijon_max/13
[1;94m[*] [0mFuzzing test case #314 (1320 total, 0 uniq crashes found)...[0m
scheduled max input!!!!
schedule: 5 level25_3/ijon_max/5
updated maxmap 5: 439 (len: 530)
[1;94m[*] [0mFuzzing test case #315 (1320 total, 0 uniq crashes found)...[0m
scheduled max input!!!!
schedule: 8 level25_3/ijon_max/8
[1;94m[*] [0mFuzzing test case #316 (1320 total, 0 uniq crashes found)...[0m
[1;94m[*] [0mFuzzing test case #317 (1320 total, 0 uniq crashes found)...[0m
[1;94m[*] [0mFuzzing test case #318 (1320 total, 0 uniq crashes found)...[0m
scheduled max input!!!!
schedule: 9 level25_3/ijon_max/9
[1;94m[*] [0mFuzzing test case #319 (1320 total, 0 uniq crashes found)...[0m
[1;94m[*] [0mFuzzing test case #320 (1320 total, 0 uniq crashes found)...[0m
scheduled max input!!!!
schedule: 15 level25_3/ijon_max/15
[1;94m[*] [0mFuzzing test case #321 (1320 total, 0 uniq crashes found)...[0m
scheduled max input!!!!
schedule: 0 level25_3/ijon_max/0
updated maxmap 0: 411 (len: 514)
updated maxmap 0: 412 (len: 514)
[1;94m[*] [0mFuzzing test case #322 (1320 total, 0 uniq crashes found)...[0m
scheduled max input!!!!
schedule: 6 level25_3/ijon_max/6
updated maxmap 6: 43f (len: 533)
updated maxmap 5: 43a (len: 532)
minimized maxmap 6: 43f (len: 532)
updated maxmap 5: 43e (len: 534)
updated maxmap 6: 443 (len: 534)
[1;94m[*] [0mFuzzing test case #323 (1321 total, 0 uniq crashes found)...[0m
scheduled max input!!!!
schedule: 11 level25_3/ijon_max/11
[1;94m[*] [0mFuzzing test case #324 (1321 total, 0 uniq crashes found)...[0m
scheduled max input!!!!
schedule: 1 level25_3/ijon_max/1
updated maxmap 1: 409 (len: 512)
updated maxmap 1: 40a (len: 512)
[1;94m[*] [0mFuzzing test case #325 (1321 total, 0 uniq crashes found)...[0m
scheduled max input!!!!
schedule: 4 level25_3/ijon_max/4
[1;94m[*] [0mFuzzing test case #326 (1321 total, 0 uniq crashes found)...[0m
[1;94m[*] [0mFuzzing test case #327 (1321 total, 0 uniq crashes found)...[0m
[1;94m[*] [0mFuzzing test case #328 (1321 total, 0 uniq crashes found)...[0m
[1;94m[*] [0mFuzzing test case #329 (1321 total, 0 uniq crashes found)...[0m
scheduled max input!!!!
schedule: 1 level25_3/ijon_max/1
[1;94m[*] [0mFuzzing test case #330 (1321 total, 0 uniq crashes found)...[0m
scheduled max input!!!!
schedule: 13 level25_3/ijon_max/13
[1;94m[*] [0mFuzzing test case #331 (1322 total, 0 uniq crashes found)...[0m
scheduled max input!!!!
schedule: 1 level25_3/ijon_max/1
updated maxmap 1: 40b (len: 512)
updated maxmap 1: 40c (len: 512)
[1;94m[*] [0mFuzzing test case #332 (1322 total, 0 uniq crashes found)...[0m
scheduled max input!!!!
schedule: 6 level25_3/ijon_max/6
updated maxmap 5: 43f (len: 534)
updated maxmap 6: 444 (len: 534)
[1;94m[*] [0mFuzzing test case #333 (1322 total, 0 uniq crashes found)...[0m
scheduled max input!!!!
schedule: 5 level25_3/ijon_max/5
updated maxmap 5: 444 (len: 542)
updated maxmap 6: 457 (len: 542)
updated maxmap 7: 455 (len: 542)
minimized maxmap 5: 444 (len: 534)
updated maxmap 5: 446 (len: 535)
[1;94m[*] [0mFuzzing test case #334 (1323 total, 0 uniq crashes found)...[0m
scheduled max input!!!!
schedule: 6 level25_3/ijon_max/6
updated maxmap 6: 458 (len: 542)
updated maxmap 5: 448 (len: 544)
updated maxmap 7: 45b (len: 544)
updated maxmap 5: 468 (len: 549)
updated maxmap 6: 459 (len: 549)
updated maxmap 6: 45a (len: 543)
updated maxmap 4: 438 (len: 542)
updated maxmap 6: 45f (len: 552)
updated maxmap 7: 469 (len: 552)
[1;94m[*] [0mFuzzing test case #335 (1324 total, 0 uniq crashes found)...[0m
[1;94m[*] [0mFuzzing test case #336 (1324 total, 0 uniq crashes found)...[0m
scheduled max input!!!!
schedule: 13 level25_3/ijon_max/13
[1;94m[*] [0mFuzzing test case #337 (1324 total, 0 uniq crashes found)...[0m
scheduled max input!!!!
schedule: 11 level25_3/ijon_max/11
[1;94m[*] [0mFuzzing test case #338 (1324 total, 0 uniq crashes found)...[0m
scheduled max input!!!!
schedule: 1 level25_3/ijon_max/1
[1;94m[*] [0mFuzzing test case #339 (1324 total, 0 uniq crashes found)...[0m
[1;94m[*] [0mFuzzing test case #340 (1324 total, 0 uniq crashes found)...[0m
scheduled max input!!!!
schedule: 13 level25_3/ijon_max/13
[1;94m[*] [0mFuzzing test case #341 (1324 total, 0 uniq crashes found)...[0m
scheduled max input!!!!
schedule: 13 level25_3/ijon_max/13
[1;94m[*] [0mFuzzing test case #342 (1324 total, 0 uniq crashes found)...[0m
scheduled max input!!!!
schedule: 14 level25_3/ijon_max/14
[1;94m[*] [0mFuzzing test case #343 (1324 total, 0 uniq crashes found)...[0m
scheduled max input!!!!
schedule: 7 level25_3/ijon_max/7
updated maxmap 6: 460 (len: 552)
updated maxmap 7: 46a (len: 552)
updated maxmap 6: 46b (len: 554)
updated maxmap 8: 46c (len: 553)
updated maxmap 7: 46c (len: 553)
[1;94m[*] [0mFuzzing test case #344 (1326 total, 0 uniq crashes found)...[0m
[1;94m[*] [0mFuzzing test case #345 (1326 total, 0 uniq crashes found)...[0m
scheduled max input!!!!
schedule: 5 level25_3/ijon_max/5
updated maxmap 5: 469 (len: 549)
updated maxmap 5: 46a (len: 549)
[1;94m[*] [0mFuzzing test case #346 (1326 total, 0 uniq crashes found)...[0m
[1;94m[*] [0mFuzzing test case #347 (1326 total, 0 uniq crashes found)...[0m
scheduled max input!!!!
schedule: 2 level25_3/ijon_max/2
[1;94m[*] [0mFuzzing test case #348 (1326 total, 0 uniq crashes found)...[0m
[1;94m[*] [0mFuzzing test case #349 (1326 total, 0 uniq crashes found)...[0m
scheduled max input!!!!
schedule: 9 level25_3/ijon_max/9
[1;94m[*] [0mFuzzing test case #350 (1326 total, 0 uniq crashes found)...[0m
scheduled max input!!!!
schedule: 6 level25_3/ijon_max/6
updated maxmap 4: 459 (len: 554)
updated maxmap 6: 46d (len: 554)
updated maxmap 4: 45d (len: 554)
updated maxmap 6: 46e (len: 554)
updated maxmap 7: 46d (len: 554)
updated maxmap 4: 462 (len: 557)
updated maxmap 5: 46e (len: 557)
updated maxmap 6: 476 (len: 557)
minimized maxmap 4: 462 (len: 554)
updated maxmap 5: 46f (len: 554)
updated maxmap 4: 463 (len: 554)
[1;94m[*] [0mFuzzing test case #351 (1327 total, 0 uniq crashes found)...[0m
scheduled max input!!!!
schedule: 5 level25_3/ijon_max/5
updated maxmap 6: 477 (len: 557)
updated maxmap 5: 470 (len: 554)
updated maxmap 7: 46e (len: 554)
updated maxmap 0: 414 (len: 557)
updated maxmap 9: 400 (len: 557)
updated maxmap 10: 402 (len: 557)
updated maxmap 11: 405 (len: 557)
updated maxmap 12: 407 (len: 557)
updated maxmap 13: 40b (len: 557)
updated maxmap 14: 40f (len: 557)
updated maxmap 15: 413 (len: 557)
[1;94m[*] [0mFuzzing test case #352 (1328 total, 0 uniq crashes found)...[0m
scheduled max input!!!!
schedule: 10 level25_3/ijon_max/10
updated maxmap 0: 415 (len: 557)
updated maxmap 10: 403 (len: 557)
updated maxmap 9: 401 (len: 557)
updated maxmap 15: 414 (len: 557)
updated maxmap 0: 417 (len: 557)
updated maxmap 12: 408 (len: 557)
updated maxmap 13: 40c (len: 557)
updated maxmap 14: 411 (len: 557)
updated maxmap 15: 416 (len: 557)
updated maxmap 2: 418 (len: 561)
updated maxmap 5: 472 (len: 561)
updated maxmap 6: 47c (len: 561)
updated maxmap 7: 47e (len: 561)
updated maxmap 0: 418 (len: 557)
updated maxmap 11: 406 (len: 557)
updated maxmap 12: 409 (len: 557)
updated maxmap 13: 40d (len: 557)
updated maxmap 1: 415 (len: 563)
updated maxmap 2: 421 (len: 563)
updated maxmap 5: 479 (len: 563)
updated maxmap 6: 483 (len: 563)
updated maxmap 7: 485 (len: 563)
[1;94m[*] [0mFuzzing test case #353 (1330 total, 0 uniq crashes found)...[0m
scheduled max input!!!!
schedule: 10 level25_3/ijon_max/10
[1;94m[*] [0mFuzzing test case #354 (1330 total, 0 uniq crashes found)...[0m
[1;94m[*] [0mFuzzing test case #355 (1330 total, 0 uniq crashes found)...[0m
scheduled max input!!!!
schedule: 11 level25_3/ijon_max/11
updated maxmap 14: 412 (len: 557)
updated maxmap 15: 417 (len: 557)
[1;94m[*] [0mFuzzing test case #356 (1330 total, 0 uniq crashes found)...[0m
scheduled max input!!!!
schedule: 1 level25_3/ijon_max/1
updated maxmap 1: 416 (len: 563)
updated maxmap 2: 422 (len: 563)
updated maxmap 5: 47a (len: 563)
updated maxmap 6: 484 (len: 563)
updated maxmap 7: 486 (len: 563)
updated maxmap 1: 418 (len: 563)
updated maxmap 4: 477 (len: 563)
updated maxmap 5: 481 (len: 563)
updated maxmap 6: 486 (len: 563)
updated maxmap 6: 48b (len: 566)
updated maxmap 7: 48d (len: 566)
updated maxmap 8: 48e (len: 567)
updated maxmap 8: 492 (len: 570)
updated maxmap 9: 497 (len: 570)
[1;94m[*] [0mFuzzing test case #357 (1332 total, 0 uniq crashes found)...[0m
scheduled max input!!!!
schedule: 10 level25_3/ijon_max/10
[1;94m[*] [0mFuzzing test case #358 (1333 total, 0 uniq crashes found)...[0m
scheduled max input!!!!
schedule: 7 level25_3/ijon_max/7
updated maxmap 7: 48f (len: 573)
updated maxmap 0: 424 (len: 573)
updated maxmap 1: 42e (len: 573)
updated maxmap 2: 438 (len: 573)
updated maxmap 3: 442 (len: 573)
updated maxmap 10: 488 (len: 573)
updated maxmap 11: 492 (len: 573)
updated maxmap 12: 49c (len: 573)
updated maxmap 13: 49f (len: 573)
[1;94m[*] [0mFuzzing test case #359 (1333 total, 0 uniq crashes found)...[0m
[1;94m[*] [0mFuzzing test case #360 (1333 total, 0 uniq crashes found)...[0m
scheduled max input!!!!
schedule: 11 level25_3/ijon_max/11
updated maxmap 0: 425 (len: 573)
updated maxmap 1: 42f (len: 573)
updated maxmap 2: 439 (len: 573)
updated maxmap 3: 443 (len: 573)
updated maxmap 13: 4a1 (len: 574)
updated maxmap 10: 489 (len: 573)
updated maxmap 11: 493 (len: 573)
updated maxmap 12: 49d (len: 573)
updated maxmap 10: 498 (len: 573)
updated maxmap 11: 49d (len: 573)
updated maxmap 10: 499 (len: 573)
updated maxmap 11: 49e (len: 573)
updated maxmap 11: 4a3 (len: 578)
updated maxmap 12: 4ab (len: 578)
updated maxmap 13: 4a9 (len: 580)
updated maxmap 14: 4ae (len: 580)
updated maxmap 10: 49a (len: 573)
updated maxmap 13: 4aa (len: 578)
updated maxmap 10: 49c (len: 581)
updated maxmap 11: 4a6 (len: 581)
updated maxmap 12: 4b0 (len: 581)
updated maxmap 13: 4b2 (len: 581)
minimized maxmap 10: 49c (len: 573)
updated maxmap 10: 49d (len: 573)
updated maxmap 15: 418 (len: 573)
minimized maxmap 11: 4a6 (len: 579)
minimized maxmap 11: 4a6 (len: 576)
updated maxmap 9: 498 (len: 573)
minimized maxmap 12: 4b0 (len: 580)
updated maxmap 13: 4b3 (len: 581)
[1;94m[*] [0mFuzzing test case #361 (1343 total, 0 uniq crashes found)...[0m
[1;94m[*] [0mFuzzing test case #362 (1343 total, 0 uniq crashes found)...[0m
scheduled max input!!!!
schedule: 9 level25_3/ijon_max/9
updated maxmap 9: 499 (len: 573)
updated maxmap 10: 49e (len: 573)
[1;94m[*] [0mFuzzing test case #363 (1343 total, 0 uniq crashes found)...[0m
scheduled max input!!!!
schedule: 4 level25_3/ijon_max/4
[1;94m[*] [0mFuzzing test case #364 (1343 total, 0 uniq crashes found)...[0m
scheduled max input!!!!
schedule: 0 level25_3/ijon_max/0
[1;94m[*] [0mFuzzing test case #365 (1344 total, 0 uniq crashes found)...[0m
scheduled max input!!!!
schedule: 6 level25_3/ijon_max/6
[1;94m[*] [0mFuzzing test case #366 (1344 total, 0 uniq crashes found)...[0m
scheduled max input!!!!
schedule: 15 level25_3/ijon_max/15
updated maxmap 15: 41b (len: 573)
updated maxmap 15: 41c (len: 573)
[1;94m[*] [0mFuzzing test case #367 (1344 total, 0 uniq crashes found)...[0m
[1;94m[*] [0mFuzzing test case #368 (1344 total, 0 uniq crashes found)...[0m
scheduled max input!!!!
schedule: 8 level25_3/ijon_max/8
updated maxmap 9: 49a (len: 574)
updated maxmap 10: 49f (len: 574)
[1;94m[*] [0mFuzzing test case #369 (1344 total, 0 uniq crashes found)...[0m
scheduled max input!!!!
schedule: 4 level25_3/ijon_max/4
[1;94m[*] [0mFuzzing test case #370 (1344 total, 0 uniq crashes found)...[0m
scheduled max input!!!!
schedule: 10 level25_3/ijon_max/10
updated maxmap 9: 49b (len: 574)
updated maxmap 10: 4a0 (len: 574)
updated maxmap 9: 49c (len: 576)
updated maxmap 10: 4a1 (len: 576)
[1;94m[*] [0mFuzzing test case #371 (1344 total, 0 uniq crashes found)...[0m
scheduled max input!!!!
schedule: 14 level25_3/ijon_max/14
updated maxmap 14: 4af (len: 580)
updated maxmap 0: 4ba (len: 584)
updated maxmap 15: 4b7 (len: 584)
updated maxmap 14: 4b0 (len: 580)
updated maxmap 0: 4c0 (len: 588)
updated maxmap 14: 4b3 (len: 588)
updated maxmap 15: 4bd (len: 588)
updated maxmap 14: 4b4 (len: 586)
updated maxmap 15: 4be (len: 586)
minimized maxmap 0: 4c0 (len: 587)
minimized maxmap 14: 4b4 (len: 582)
updated maxmap 14: 4b9 (len: 584)
updated maxmap 15: 4c2 (len: 588)
updated maxmap 3: 44f (len: 583)
[1;94m[*] [0mFuzzing test case #372 (1352 total, 0 uniq crashes found)...[0m
[1;94m[*] [0mFuzzing test case #373 (1352 total, 0 uniq crashes found)...[0m
scheduled max input!!!!
schedule: 13 level25_3/ijon_max/13
[1;94m[*] [0mFuzzing test case #374 (1352 total, 0 uniq crashes found)...[0m
[1;94m[*] [0mFuzzing test case #375 (1352 total, 0 uniq crashes found)...[0m
scheduled max input!!!!
schedule: 7 level25_3/ijon_max/7
updated maxmap 4: 478 (len: 575)
updated maxmap 5: 482 (len: 575)
updated maxmap 6: 48c (len: 575)
updated maxmap 7: 490 (len: 575)
minimized maxmap 4: 478 (len: 573)
minimized maxmap 5: 482 (len: 573)
minimized maxmap 6: 48c (len: 573)
minimized maxmap 7: 490 (len: 573)
[1;94m[*] [0mFuzzing test case #376 (1352 total, 0 uniq crashes found)...[0m
scheduled max input!!!!
schedule: 8 level25_3/ijon_max/8
updated maxmap 10: 4a3 (len: 578)
updated maxmap 11: 4a8 (len: 578)
[1;94m[*] [0mFuzzing test case #377 (1352 total, 0 uniq crashes found)...[0m
scheduled max input!!!!
schedule: 2 level25_3/ijon_max/2
[1;94m[*] [0mFuzzing test case #378 (1352 total, 0 uniq crashes found)...[0m
scheduled max input!!!!
schedule: 5 level25_3/ijon_max/5
[1;94m[*] [0mFuzzing test case #379 (1352 total, 0 uniq crashes found)...[0m
[1;94m[*] [0mFuzzing test case #380 (1352 total, 0 uniq crashes found)...[0m
[1;94m[*] [0mFuzzing test case #381 (1352 total, 0 uniq crashes found)...[0m
scheduled max input!!!!
schedule: 5 level25_3/ijon_max/5
[1;94m[*] [0mFuzzing test case #382 (1352 total, 0 uniq crashes found)...[0m
scheduled max input!!!!
schedule: 7 level25_3/ijon_max/7
[1;94m[*] [0mFuzzing test case #383 (1352 total, 0 uniq crashes found)...[0m
scheduled max input!!!!
schedule: 7 level25_3/ijon_max/7
[1;94m[*] [0mFuzzing test case #384 (1352 total, 0 uniq crashes found)...[0m
scheduled max input!!!!
schedule: 2 level25_3/ijon_max/2
[1;94m[*] [0mFuzzing test case #385 (1352 total, 0 uniq crashes found)...[0m
[1;94m[*] [0mFuzzing test case #386 (1352 total, 0 uniq crashes found)...[0m
scheduled max input!!!!
schedule: 15 level25_3/ijon_max/15
updated maxmap 15: 4c3 (len: 588)
[1;94m[*] [0mFuzzing test case #387 (1352 total, 0 uniq crashes found)...[0m
scheduled max input!!!!
schedule: 9 level25_3/ijon_max/9
[1;94m[*] [0mFuzzing test case #388 (1352 total, 0 uniq crashes found)...[0m
scheduled max input!!!!
schedule: 1 level25_3/ijon_max/1
[1;94m[*] [0mFuzzing test case #389 (1352 total, 0 uniq crashes found)...[0m
scheduled max input!!!!
schedule: 2 level25_3/ijon_max/2
[1;94m[*] [0mFuzzing test case #390 (1352 total, 0 uniq crashes found)...[0m
scheduled max input!!!!
schedule: 9 level25_3/ijon_max/9
updated maxmap 10: 4a5 (len: 583)
updated maxmap 11: 4af (len: 583)
updated maxmap 12: 4b4 (len: 583)
[1;94m[*] [0mFuzzing test case #391 (1352 total, 0 uniq crashes found)...[0m
scheduled max input!!!!
schedule: 3 level25_3/ijon_max/3
[1;94m[*] [0mFuzzing test case #392 (1352 total, 0 uniq crashes found)...[0m
[1;94m[*] [0mFuzzing test case #393 (1352 total, 0 uniq crashes found)...[0m
scheduled max input!!!!
schedule: 4 level25_3/ijon_max/4
[1;94m[*] [0mFuzzing test case #394 (1352 total, 0 uniq crashes found)...[0m
scheduled max input!!!!
schedule: 6 level25_3/ijon_max/6
[1;94m[*] [0mFuzzing test case #395 (1352 total, 0 uniq crashes found)...[0m
scheduled max input!!!!
schedule: 4 level25_3/ijon_max/4
[1;94m[*] [0mFuzzing test case #396 (1352 total, 0 uniq crashes found)...[0m
scheduled max input!!!!
schedule: 7 level25_3/ijon_max/7
[1;94m[*] [0mFuzzing test case #397 (1352 total, 0 uniq crashes found)...[0m
scheduled max input!!!!
schedule: 13 level25_3/ijon_max/13
updated maxmap 13: 4b9 (len: 587)
updated maxmap 14: 4c1 (len: 587)
[1;94m[*] [0mFuzzing test case #398 (1352 total, 0 uniq crashes found)...[0m
[1;94m[*] [0mFuzzing test case #399 (1352 total, 0 uniq crashes found)...[0m
scheduled max input!!!!
schedule: 0 level25_3/ijon_max/0
updated maxmap 0: 4c1 (len: 587)
[1;94m[*] [0mFuzzing test case #400 (1352 total, 0 uniq crashes found)...[0m
scheduled max input!!!!
schedule: 12 level25_3/ijon_max/12
[1;94m[*] [0mFuzzing test case #401 (1352 total, 0 uniq crashes found)...[0m
scheduled max input!!!!
schedule: 6 level25_3/ijon_max/6
[1;94m[*] [0mFuzzing test case #402 (1352 total, 0 uniq crashes found)...[0m
scheduled max input!!!!
schedule: 8 level25_3/ijon_max/8
updated maxmap 8: 493 (len: 572)
minimized maxmap 8: 493 (len: 570)
[1;94m[*] [0mFuzzing test case #403 (1352 total, 0 uniq crashes found)...[0m
[1;94m[*] [0mFuzzing test case #404 (1352 total, 0 uniq crashes found)...[0m
[1;94m[*] [0mFuzzing test case #405 (1352 total, 0 uniq crashes found)...[0m
scheduled max input!!!!
schedule: 8 level25_3/ijon_max/8
updated maxmap 9: 49d (len: 574)
[1;94m[*] [0mFuzzing test case #406 (1352 total, 0 uniq crashes found)...[0m
scheduled max input!!!!
schedule: 8 level25_3/ijon_max/8
[1;94m[*] [0mFuzzing test case #407 (1352 total, 0 uniq crashes found)...[0m
[1;94m[*] [0mFuzzing test case #408 (1352 total, 0 uniq crashes found)...[0m
scheduled max input!!!!
schedule: 15 level25_3/ijon_max/15
[1;94m[*] [0mFuzzing test case #409 (1352 total, 0 uniq crashes found)...[0m
[1;94m[*] [0mFuzzing test case #410 (1352 total, 0 uniq crashes found)...[0m
scheduled max input!!!!
schedule: 0 level25_3/ijon_max/0
updated maxmap 0: 4c2 (len: 587)
[1;94m[*] [0mFuzzing test case #411 (1353 total, 0 uniq crashes found)...[0m
[1;94m[*] [0mFuzzing test case #412 (1353 total, 0 uniq crashes found)...[0m
[1;94m[*] [0mFuzzing test case #413 (1353 total, 0 uniq crashes found)...[0m
[1;94m[*] [0mFuzzing test case #414 (1353 total, 0 uniq crashes found)...[0m
[1;94m[*] [0mFuzzing test case #415 (1353 total, 0 uniq crashes found)...[0m
scheduled max input!!!!
schedule: 4 level25_3/ijon_max/4
[1;94m[*] [0mFuzzing test case #416 (1353 total, 0 uniq crashes found)...[0m
scheduled max input!!!!
schedule: 5 level25_3/ijon_max/5
[1;94m[*] [0mFuzzing test case #417 (1353 total, 0 uniq crashes found)...[0m
scheduled max input!!!!
schedule: 14 level25_3/ijon_max/14
updated maxmap 13: 4ba (len: 587)
updated maxmap 0: 4d0 (len: 595)
updated maxmap 14: 4c4 (len: 595)
updated maxmap 15: 4ce (len: 595)
minimized maxmap 14: 4c4 (len: 588)
[1;94m[*] [0mFuzzing test case #418 (1354 total, 0 uniq crashes found)...[0m
[1;94m[*] [0mFuzzing test case #419 (1354 total, 0 uniq crashes found)...[0m
scheduled max input!!!!
schedule: 4 level25_3/ijon_max/4
[1;94m[*] [0mFuzzing test case #420 (1355 total, 0 uniq crashes found)...[0m
scheduled max input!!!!
schedule: 5 level25_3/ijon_max/5
[1;94m[*] [0mFuzzing test case #421 (1355 total, 0 uniq crashes found)...[0m
scheduled max input!!!!
schedule: 12 level25_3/ijon_max/12
updated maxmap 12: 4b8 (len: 590)
updated maxmap 13: 4c2 (len: 590)
updated maxmap 10: 4a6 (len: 584)
updated maxmap 11: 4b0 (len: 584)
[1;94m[*] [0mFuzzing test case #422 (1355 total, 0 uniq crashes found)...[0m
scheduled max input!!!!
schedule: 6 level25_3/ijon_max/6
[1;94m[*] [0mFuzzing test case #423 (1355 total, 0 uniq crashes found)...[0m
[1;94m[*] [0mFuzzing test case #424 (1355 total, 0 uniq crashes found)...[0m
scheduled max input!!!!
schedule: 4 level25_3/ijon_max/4
[1;94m[*] [0mFuzzing test case #425 (1355 total, 0 uniq crashes found)...[0m
scheduled max input!!!!
schedule: 14 level25_3/ijon_max/14
[1;94m[*] [0mFuzzing test case #426 (1356 total, 0 uniq crashes found)...[0m
scheduled max input!!!!
schedule: 0 level25_3/ijon_max/0
[1;94m[*] [0mFuzzing test case #427 (1356 total, 0 uniq crashes found)...[0m
scheduled max input!!!!
schedule: 15 level25_3/ijon_max/15
[1;94m[*] [0mFuzzing test case #428 (1356 total, 0 uniq crashes found)...[0m
scheduled max input!!!!
schedule: 15 level25_3/ijon_max/15
updated maxmap 14: 4cb (len: 595)
updated maxmap 15: 4d5 (len: 595)
[1;94m[*] [0mFuzzing test case #429 (1356 total, 0 uniq crashes found)...[0m
scheduled max input!!!!
schedule: 11 level25_3/ijon_max/11
updated maxmap 10: 4a7 (len: 584)
updated maxmap 11: 4b1 (len: 584)
[1;94m[*] [0mFuzzing test case #430 (1356 total, 0 uniq crashes found)...[0m
scheduled max input!!!!
schedule: 5 level25_3/ijon_max/5
[1;94m[*] [0mFuzzing test case #431 (1356 total, 0 uniq crashes found)...[0m
[1;94m[*] [0mFuzzing test case #432 (1356 total, 0 uniq crashes found)...[0m
[1;94m[*] [0mFuzzing test case #433 (1356 total, 0 uniq crashes found)...[0m
scheduled max input!!!!
schedule: 6 level25_3/ijon_max/6
[1;94m[*] [0mFuzzing test case #434 (1356 total, 0 uniq crashes found)...[0m
scheduled max input!!!!
schedule: 10 level25_3/ijon_max/10
updated maxmap 12: 4ba (len: 592)
updated maxmap 13: 4c4 (len: 592)
[1;94m[*] [0mFuzzing test case #435 (1356 total, 0 uniq crashes found)...[0m
scheduled max input!!!!
schedule: 10 level25_3/ijon_max/10
[1;94m[*] [0mFuzzing test case #436 (1357 total, 0 uniq crashes found)...[0m
scheduled max input!!!!
schedule: 5 level25_3/ijon_max/5
[1;94m[*] [0mFuzzing test case #437 (1357 total, 0 uniq crashes found)...[0m
[1;94m[*] [0mFuzzing test case #438 (1357 total, 0 uniq crashes found)...[0m
scheduled max input!!!!
schedule: 14 level25_3/ijon_max/14
updated maxmap 0: 4d7 (len: 600)
[1;94m[*] [0mFuzzing test case #439 (1359 total, 0 uniq crashes found)...[0m
scheduled max input!!!!
schedule: 14 level25_3/ijon_max/14
updated maxmap 14: 4cc (len: 595)
updated maxmap 15: 4d6 (len: 595)
updated maxmap 0: 4d8 (len: 600)
[1;94m[*] [0mFuzzing test case #440 (1359 total, 0 uniq crashes found)...[0m
scheduled max input!!!!
schedule: 14 level25_3/ijon_max/14
updated maxmap 14: 4ce (len: 595)
updated maxmap 12: 4bb (len: 595)
updated maxmap 13: 4c5 (len: 595)
updated maxmap 14: 4cf (len: 595)
[1;94m[*] [0mFuzzing test case #441 (1359 total, 0 uniq crashes found)...[0m
scheduled max input!!!!
schedule: 6 level25_3/ijon_max/6
[1;94m[*] [0mFuzzing test case #442 (1359 total, 0 uniq crashes found)...[0m
[1;94m[*] [0mFuzzing test case #443 (1359 total, 0 uniq crashes found)...[0m
[1;94m[*] [0mFuzzing test case #444 (1359 total, 0 uniq crashes found)...[0m
[1;94m[*] [0mFuzzing test case #445 (1359 total, 0 uniq crashes found)...[0m
scheduled max input!!!!
schedule: 3 level25_3/ijon_max/3
updated maxmap 1: 456 (len: 588)
updated maxmap 2: 456 (len: 588)
updated maxmap 3: 456 (len: 588)
minimized maxmap 2: 456 (len: 583)
minimized maxmap 3: 456 (len: 583)
updated maxmap 2: 45d (len: 583)
updated maxmap 3: 45c (len: 583)
updated maxmap 1: 463 (len: 592)
updated maxmap 1: 465 (len: 585)
updated maxmap 2: 45f (len: 585)
updated maxmap 2: 465 (len: 583)
updated maxmap 3: 464 (len: 583)
updated maxmap 2: 467 (len: 584)
updated maxmap 3: 466 (len: 584)
minimized maxmap 3: 466 (len: 583)
minimized maxmap 2: 467 (len: 583)
updated maxmap 3: 468 (len: 589)
updated maxmap 1: 46e (len: 587)
updated maxmap 2: 474 (len: 587)
updated maxmap 3: 476 (len: 587)
minimized maxmap 1: 46e (len: 583)
updated maxmap 1: 471 (len: 583)
updated maxmap 1: 472 (len: 583)
updated maxmap 2: 476 (len: 583)
updated maxmap 1: 473 (len: 583)
updated maxmap 2: 479 (len: 591)
[1;94m[*] [0mFuzzing test case #446 (1368 total, 0 uniq crashes found)...[0m
scheduled max input!!!!
schedule: 5 level25_3/ijon_max/5
minimized maxmap 10: 4a7 (len: 580)
[1;94m[*] [0mFuzzing test case #447 (1368 total, 0 uniq crashes found)...[0m
[1;94m[*] [0mFuzzing test case #448 (1368 total, 0 uniq crashes found)...[0m
scheduled max input!!!!
schedule: 0 level25_3/ijon_max/0
updated maxmap 0: 4d9 (len: 600)
[1;94m[*] [0mFuzzing test case #449 (1369 total, 0 uniq crashes found)...[0m
scheduled max input!!!!
schedule: 12 level25_3/ijon_max/12
[1;94m[*] [0mFuzzing test case #450 (1369 total, 0 uniq crashes found)...[0m
scheduled max input!!!!
schedule: 10 level25_3/ijon_max/10
[1;94m[*] [0mFuzzing test case #451 (1369 total, 0 uniq crashes found)...[0m
scheduled max input!!!!
schedule: 12 level25_3/ijon_max/12
updated maxmap 0: 4db (len: 600)
updated maxmap 15: 4d9 (len: 600)
[1;94m[*] [0mFuzzing test case #452 (1369 total, 0 uniq crashes found)...[0m
[1;94m[*] [0mFuzzing test case #453 (1369 total, 0 uniq crashes found)...[0m
[1;94m[*] [0mFuzzing test case #454 (1369 total, 0 uniq crashes found)...[0m
scheduled max input!!!!
schedule: 1 level25_3/ijon_max/1
updated maxmap 1: 475 (len: 583)
[1;94m[*] [0mFuzzing test case #455 (1369 total, 0 uniq crashes found)...[0m
scheduled max input!!!!
schedule: 10 level25_3/ijon_max/10
[1;94m[*] [0mFuzzing test case #456 (1369 total, 0 uniq crashes found)...[0m
scheduled max input!!!!
schedule: 7 level25_3/ijon_max/7
[1;94m[*] [0mFuzzing test case #457 (1369 total, 0 uniq crashes found)...[0m
scheduled max input!!!!
schedule: 1 level25_3/ijon_max/1
updated maxmap 1: 476 (len: 583)
[1;94m[*] [0mFuzzing test case #458 (1369 total, 0 uniq crashes found)...[0m
[1;94m[*] [0mFuzzing test case #459 (1369 total, 0 uniq crashes found)...[0m
scheduled max input!!!!
schedule: 3 level25_3/ijon_max/3
updated maxmap 3: 477 (len: 587)
updated maxmap 3: 478 (len: 587)
updated maxmap 2: 480 (len: 594)
updated maxmap 3: 47e (len: 594)
[1;94m[*] [0mFuzzing test case #460 (1369 total, 0 uniq crashes found)...[0m
scheduled max input!!!!
schedule: 5 level25_3/ijon_max/5
[1;94m[*] [0mFuzzing test case #461 (1369 total, 0 uniq crashes found)...[0m
scheduled max input!!!!
schedule: 2 level25_3/ijon_max/2
updated maxmap 2: 483 (len: 594)
updated maxmap 3: 481 (len: 594)
updated maxmap 1: 489 (len: 597)
updated maxmap 2: 484 (len: 595)
updated maxmap 3: 482 (len: 594)
minimized maxmap 2: 484 (len: 594)
updated maxmap 2: 485 (len: 594)
updated maxmap 1: 48e (len: 601)
updated maxmap 2: 488 (len: 601)
updated maxmap 2: 489 (len: 601)
[1;94m[*] [0mFuzzing test case #462 (1371 total, 0 uniq crashes found)...[0m
scheduled max input!!!!
schedule: 6 level25_3/ijon_max/6
[1;94m[*] [0mFuzzing test case #463 (1371 total, 0 uniq crashes found)...[0m
scheduled max input!!!!
schedule: 1 level25_3/ijon_max/1
updated maxmap 1: 48f (len: 601)
updated maxmap 2: 48b (len: 601)
updated maxmap 3: 486 (len: 601)
updated maxmap 1: 490 (len: 601)
updated maxmap 3: 494 (len: 606)
updated maxmap 2: 48c (len: 606)
updated maxmap 3: 495 (len: 606)
minimized maxmap 2: 48c (len: 602)
updated maxmap 1: 492 (len: 601)
updated maxmap 1: 495 (len: 605)
updated maxmap 2: 497 (len: 604)
updated maxmap 4: 497 (len: 608)
updated maxmap 5: 49d (len: 608)
updated maxmap 1: 499 (len: 606)
[1;94m[*] [0mFuzzing test case #464 (1382 total, 0 uniq crashes found)...[0m
scheduled max input!!!!
schedule: 0 level25_3/ijon_max/0
updated maxmap 0: 4dc (len: 600)
[1;94m[*] [0mFuzzing test case #465 (1382 total, 0 uniq crashes found)...[0m
scheduled max input!!!!
schedule: 8 level25_3/ijon_max/8
[1;94m[*] [0mFuzzing test case #466 (1382 total, 0 uniq crashes found)...[0m
scheduled max input!!!!
schedule: 3 level25_3/ijon_max/3
[1;94m[*] [0mFuzzing test case #467 (1382 total, 0 uniq crashes found)...[0m
[1;94m[*] [0mFuzzing test case #468 (1382 total, 0 uniq crashes found)...[0m
scheduled max input!!!!
schedule: 8 level25_3/ijon_max/8
[1;94m[*] [0mFuzzing test case #469 (1382 total, 0 uniq crashes found)...[0m
scheduled max input!!!!
schedule: 14 level25_3/ijon_max/14
[1;94m[*] [0mFuzzing test case #470 (1382 total, 0 uniq crashes found)...[0m
scheduled max input!!!!
schedule: 15 level25_3/ijon_max/15
[1;94m[*] [0mFuzzing test case #471 (1382 total, 0 uniq crashes found)...[0m
scheduled max input!!!!
schedule: 12 level25_3/ijon_max/12
[1;94m[*] [0mFuzzing test case #472 (1382 total, 0 uniq crashes found)...[0m
scheduled max input!!!!
schedule: 9 level25_3/ijon_max/9
[1;94m[*] [0mFuzzing test case #473 (1382 total, 0 uniq crashes found)...[0m
[1;94m[*] [0mFuzzing test case #474 (1382 total, 0 uniq crashes found)...[0m
scheduled max input!!!!
schedule: 2 level25_3/ijon_max/2
[1;94m[*] [0mFuzzing test case #475 (1382 total, 0 uniq crashes found)...[0m
[1;94m[*] [0mFuzzing test case #476 (1382 total, 0 uniq crashes found)...[0m
[1;94m[*] [0mFuzzing test case #477 (1382 total, 0 uniq crashes found)...[0m
[1;94m[*] [0mFuzzing test case #478 (1382 total, 0 uniq crashes found)...[0m
scheduled max input!!!!
schedule: 8 level25_3/ijon_max/8
[1;94m[*] [0mFuzzing test case #479 (1382 total, 0 uniq crashes found)...[0m
scheduled max input!!!!
schedule: 1 level25_3/ijon_max/1
updated maxmap 3: 49a (len: 606)
updated maxmap 1: 49c (len: 608)
updated maxmap 2: 499 (len: 606)
[1;94m[*] [0mFuzzing test case #480 (1382 total, 0 uniq crashes found)...[0m
scheduled max input!!!!
schedule: 4 level25_3/ijon_max/4
updated maxmap 2: 49a (len: 612)
updated maxmap 3: 49f (len: 612)
updated maxmap 4: 4a3 (len: 612)
minimized maxmap 2: 49a (len: 608)
[1;94m[*] [0mFuzzing test case #481 (1384 total, 0 uniq crashes found)...[0m
scheduled max input!!!!
schedule: 14 level25_3/ijon_max/14
[1;94m[*] [0mFuzzing test case #482 (1384 total, 0 uniq crashes found)...[0m
[1;94m[*] [0mFuzzing test case #483 (1384 total, 0 uniq crashes found)...[0m
scheduled max input!!!!
schedule: 6 level25_3/ijon_max/6
[1;94m[*] [0mFuzzing test case #484 (1384 total, 0 uniq crashes found)...[0m
[1;94m[*] [0mFuzzing test case #485 (1384 total, 0 uniq crashes found)...[0m
scheduled max input!!!!
schedule: 15 level25_3/ijon_max/15
[1;94m[*] [0mFuzzing test case #486 (1384 total, 0 uniq crashes found)...[0m
scheduled max input!!!!
schedule: 10 level25_3/ijon_max/10
[1;94m[*] [0mFuzzing test case #487 (1384 total, 0 uniq crashes found)...[0m
scheduled max input!!!!
schedule: 10 level25_3/ijon_max/10
[1;94m[*] [0mFuzzing test case #488 (1384 total, 0 uniq crashes found)...[0m
scheduled max input!!!!
schedule: 11 level25_3/ijon_max/11
[1;94m[*] [0mFuzzing test case #489 (1384 total, 0 uniq crashes found)...[0m
scheduled max input!!!!
schedule: 6 level25_3/ijon_max/6
[1;94m[*] [0mFuzzing test case #490 (1384 total, 0 uniq crashes found)...[0m
scheduled max input!!!!
schedule: 13 level25_3/ijon_max/13
minimized maxmap 0: 4dc (len: 599)
minimized maxmap 15: 4d9 (len: 599)
[1;94m[*] [0mFuzzing test case #491 (1384 total, 0 uniq crashes found)...[0m
scheduled max input!!!!
schedule: 1 level25_3/ijon_max/1
updated maxmap 5: 49f (len: 615)
updated maxmap 1: 49d (len: 608)
[1;94m[*] [0mFuzzing test case #492 (1384 total, 0 uniq crashes found)...[0m
[1;94m[*] [0mFuzzing test case #493 (1384 total, 0 uniq crashes found)...[0m
[1;94m[*] [0mFuzzing test case #494 (1384 total, 0 uniq crashes found)...[0m
scheduled max input!!!!
schedule: 9 level25_3/ijon_max/9
[1;94m[*] [0mFuzzing test case #495 (1384 total, 0 uniq crashes found)...[0m
scheduled max input!!!!
schedule: 13 level25_3/ijon_max/13
[1;94m[*] [0mFuzzing test case #496 (1384 total, 0 uniq crashes found)...[0m
scheduled max input!!!!
schedule: 14 level25_3/ijon_max/14
minimized maxmap 0: 4dc (len: 598)
minimized maxmap 15: 4d9 (len: 598)
[1;94m[*] [0mFuzzing test case #497 (1384 total, 0 uniq crashes found)...[0m
[1;94m[*] [0mFuzzing test case #498 (1384 total, 0 uniq crashes found)...[0m
scheduled max input!!!!
schedule: 4 level25_3/ijon_max/4
updated maxmap 2: 49b (len: 612)
updated maxmap 4: 4a4 (len: 612)
[1;94m[*] [0mFuzzing test case #499 (1384 total, 0 uniq crashes found)...[0m
[1;94m[*] [0mFuzzing test case #500 (1384 total, 0 uniq crashes found)...[0m
scheduled max input!!!!
schedule: 7 level25_3/ijon_max/7
[1;94m[*] [0mFuzzing test case #501 (1384 total, 0 uniq crashes found)...[0m
scheduled max input!!!!
schedule: 8 level25_3/ijon_max/8
[1;94m[*] [0mFuzzing test case #502 (1384 total, 0 uniq crashes found)...[0m
scheduled max input!!!!
schedule: 4 level25_3/ijon_max/4
updated maxmap 2: 49d (len: 612)
updated maxmap 3: 4a3 (len: 612)
[1;94m[*] [0mFuzzing test case #503 (1384 total, 0 uniq crashes found)...[0m
scheduled max input!!!!
schedule: 4 level25_3/ijon_max/4
minimized maxmap 5: 49f (len: 612)
[1;94m[*] [0mFuzzing test case #504 (1384 total, 0 uniq crashes found)...[0m
[1;94m[*] [0mFuzzing test case #505 (1384 total, 0 uniq crashes found)...[0m
scheduled max input!!!!
schedule: 10 level25_3/ijon_max/10
[1;94m[*] [0mFuzzing test case #506 (1384 total, 0 uniq crashes found)...[0m
scheduled max input!!!!
schedule: 15 level25_3/ijon_max/15
[1;94m[*] [0mFuzzing test case #507 (1384 total, 0 uniq crashes found)...[0m
scheduled max input!!!!
schedule: 15 level25_3/ijon_max/15
updated maxmap 4: 4b0 (len: 600)
updated maxmap 5: 4bc (len: 600)
updated maxmap 6: 4d0 (len: 600)
updated maxmap 7: 4df (len: 600)
updated maxmap 4: 4b1 (len: 600)
updated maxmap 5: 4bd (len: 600)
updated maxmap 8: 4db (len: 600)
updated maxmap 9: 4e0 (len: 600)
[1;94m[*] [0mFuzzing test case #508 (1386 total, 0 uniq crashes found)...[0m
scheduled max input!!!!
schedule: 0 level25_3/ijon_max/0
[1;94m[*] [0mFuzzing test case #509 (1386 total, 0 uniq crashes found)...[0m
scheduled max input!!!!
schedule: 7 level25_3/ijon_max/7
updated maxmap 4: 4b7 (len: 606)
updated maxmap 5: 4c4 (len: 606)
updated maxmap 8: 4e1 (len: 606)
updated maxmap 9: 4eb (len: 606)
updated maxmap 10: 4ee (len: 606)
updated maxmap 6: 4d1 (len: 600)
updated maxmap 7: 4e0 (len: 600)
updated maxmap 4: 4e0 (len: 600)
updated maxmap 5: 4d8 (len: 600)
updated maxmap 4: 4e2 (len: 601)
updated maxmap 5: 4db (len: 601)
[1;94m[*] [0mFuzzing test case #510 (1388 total, 0 uniq crashes found)...[0m
[1;94m[*] [0mFuzzing test case #511 (1388 total, 0 uniq crashes found)...[0m
[1;94m[*] [0mFuzzing test case #512 (1388 total, 0 uniq crashes found)...[0m
scheduled max input!!!!
schedule: 5 level25_3/ijon_max/5
[1;94m[*] [0mFuzzing test case #513 (1388 total, 0 uniq crashes found)...[0m
scheduled max input!!!!
schedule: 14 level25_3/ijon_max/14
[1;94m[*] [0mFuzzing test case #514 (1388 total, 0 uniq crashes found)...[0m
[1;94m[*] [0mFuzzing test case #515 (1388 total, 0 uniq crashes found)...[0m
scheduled max input!!!!
schedule: 13 level25_3/ijon_max/13
[1;94m[*] [0mFuzzing test case #516 (1388 total, 0 uniq crashes found)...[0m
scheduled max input!!!!
schedule: 6 level25_3/ijon_max/6
updated maxmap 5: 4dd (len: 600)
updated maxmap 8: 4e9 (len: 608)
updated maxmap 9: 4f3 (len: 608)
[1;94m[*] [0mFuzzing test case #517 (1389 total, 0 uniq crashes found)...[0m
scheduled max input!!!!
schedule: 0 level25_3/ijon_max/0
[1;94m[*] [0mFuzzing test case #518 (1389 total, 0 uniq crashes found)...[0m
[1;94m[*] [0mFuzzing test case #519 (1389 total, 0 uniq crashes found)...[0m
scheduled max input!!!!
schedule: 3 level25_3/ijon_max/3
[1;94m[*] [0mFuzzing test case #520 (1389 total, 0 uniq crashes found)...[0m
scheduled max input!!!!
schedule: 9 level25_3/ijon_max/9
updated maxmap 10: 4ef (len: 608)
updated maxmap 11: 4f4 (len: 608)
[1;94m[*] [0mFuzzing test case #521 (1389 total, 0 uniq crashes found)...[0m
scheduled max input!!!!
schedule: 7 level25_3/ijon_max/7
updated maxmap 5: 4f1 (len: 607)
[1;94m[*] [0mFuzzing test case #522 (1391 total, 0 uniq crashes found)...[0m
scheduled max input!!!!
schedule: 2 level25_3/ijon_max/2
[1;94m[*] [0mFuzzing test case #523 (1391 total, 0 uniq crashes found)...[0m
scheduled max input!!!!
schedule: 2 level25_3/ijon_max/2
[1;94m[*] [0mFuzzing test case #524 (1391 total, 0 uniq crashes found)...[0m
scheduled max input!!!!
schedule: 2 level25_3/ijon_max/2
updated maxmap 2: 4a1 (len: 612)
[1;94m[*] [0mFuzzing test case #525 (1391 total, 0 uniq crashes found)...[0m
[1;94m[*] [0mFuzzing test case #526 (1391 total, 0 uniq crashes found)...[0m
scheduled max input!!!!
schedule: 10 level25_3/ijon_max/10
updated maxmap 8: 4ea (len: 608)
updated maxmap 9: 4f4 (len: 608)
updated maxmap 10: 4f9 (len: 615)
updated maxmap 11: 502 (len: 615)
updated maxmap 12: 504 (len: 615)
updated maxmap 6: 4d3 (len: 608)
updated maxmap 6: 4d7 (len: 608)
updated maxmap 7: 4e1 (len: 608)
updated maxmap 8: 4eb (len: 608)
[1;94m[*] [0mFuzzing test case #527 (1393 total, 0 uniq crashes found)...[0m
scheduled max input!!!!
schedule: 2 level25_3/ijon_max/2
[1;94m[*] [0mFuzzing test case #528 (1394 total, 0 uniq crashes found)...[0m
scheduled max input!!!!
schedule: 9 level25_3/ijon_max/9
[1;94m[*] [0mFuzzing test case #529 (1394 total, 0 uniq crashes found)...[0m
scheduled max input!!!!
schedule: 0 level25_3/ijon_max/0
[1;94m[*] [0mFuzzing test case #530 (1394 total, 0 uniq crashes found)...[0m
scheduled max input!!!!
schedule: 9 level25_3/ijon_max/9
[1;94m[*] [0mFuzzing test case #531 (1395 total, 0 uniq crashes found)...[0m
scheduled max input!!!!
schedule: 12 level25_3/ijon_max/12
updated maxmap 12: 507 (len: 620)
updated maxmap 13: 50f (len: 620)
updated maxmap 10: 4fb (len: 616)
updated maxmap 11: 504 (len: 616)
minimized maxmap 12: 507 (len: 616)
minimized maxmap 10: 4fb (len: 615)
minimized maxmap 11: 504 (len: 615)
updated maxmap 11: 505 (len: 615)
[1;94m[*] [0mFuzzing test case #532 (1397 total, 0 uniq crashes found)...[0m
scheduled max input!!!!
schedule: 3 level25_3/ijon_max/3
[1;94m[*] [0mFuzzing test case #533 (1397 total, 0 uniq crashes found)...[0m
scheduled max input!!!!
schedule: 3 level25_3/ijon_max/3
[1;94m[*] [0mFuzzing test case #534 (1397 total, 0 uniq crashes found)...[0m
[1;94m[*] [0mFuzzing test case #535 (1397 total, 0 uniq crashes found)...[0m
scheduled max input!!!!
schedule: 7 level25_3/ijon_max/7
[1;94m[*] [0mFuzzing test case #536 (1397 total, 0 uniq crashes found)...[0m
scheduled max input!!!!
schedule: 8 level25_3/ijon_max/8
updated maxmap 6: 4dc (len: 608)
updated maxmap 7: 4e6 (len: 608)
updated maxmap 8: 4f0 (len: 608)
[1;94m[*] [0mFuzzing test case #537 (1397 total, 0 uniq crashes found)...[0m
scheduled max input!!!!
schedule: 10 level25_3/ijon_max/10
updated maxmap 10: 4fc (len: 621)
updated maxmap 11: 506 (len: 621)
updated maxmap 12: 50f (len: 621)
updated maxmap 13: 512 (len: 621)
minimized maxmap 10: 4fc (len: 615)
[1;94m[*] [0mFuzzing test case #538 (1397 total, 0 uniq crashes found)...[0m
scheduled max input!!!!
schedule: 11 level25_3/ijon_max/11
updated maxmap 12: 510 (len: 621)
updated maxmap 13: 513 (len: 621)
updated maxmap 14: 4fc (len: 627)
[1;94m[*] [0mFuzzing test case #539 (1397 total, 0 uniq crashes found)...[0m
scheduled max input!!!!
schedule: 3 level25_3/ijon_max/3
[1;94m[*] [0mFuzzing test case #540 (1397 total, 0 uniq crashes found)...[0m
[1;94m[*] [0mFuzzing test case #541 (1397 total, 0 uniq crashes found)...[0m
scheduled max input!!!!
schedule: 2 level25_3/ijon_max/2
[1;94m[*] [0mFuzzing test case #542 (1397 total, 0 uniq crashes found)...[0m
scheduled max input!!!!
schedule: 7 level25_3/ijon_max/7
updated maxmap 9: 4fa (len: 615)
updated maxmap 10: 503 (len: 615)
[1;94m[*] [0mFuzzing test case #543 (1397 total, 0 uniq crashes found)...[0m
scheduled max input!!!!
schedule: 2 level25_3/ijon_max/2
[1;94m[*] [0mFuzzing test case #544 (1397 total, 0 uniq crashes found)...[0m
scheduled max input!!!!
schedule: 15 level25_3/ijon_max/15
[1;94m[*] [0mFuzzing test case #545 (1397 total, 0 uniq crashes found)...[0m
scheduled max input!!!!
schedule: 7 level25_3/ijon_max/7
minimized maxmap 9: 4fa (len: 611)
[1;94m[*] [0mFuzzing test case #546 (1397 total, 0 uniq crashes found)...[0m
scheduled max input!!!!
schedule: 8 level25_3/ijon_max/8
[1;94m[*] [0mFuzzing test case #547 (1398 total, 0 uniq crashes found)...[0m
scheduled max input!!!!
schedule: 12 level25_3/ijon_max/12
updated maxmap 13: 517 (len: 623)
updated maxmap 11: 507 (len: 621)
updated maxmap 12: 511 (len: 621)
[1;94m[*] [0mFuzzing test case #548 (1399 total, 0 uniq crashes found)...[0m
[1;94m[*] [0mFuzzing test case #549 (1399 total, 0 uniq crashes found)...[0m
scheduled max input!!!!
schedule: 8 level25_3/ijon_max/8
[1;94m[*] [0mFuzzing test case #550 (1399 total, 0 uniq crashes found)...[0m
scheduled max input!!!!
schedule: 11 level25_3/ijon_max/11
updated maxmap 13: 51b (len: 627)
updated maxmap 14: 522 (len: 627)
[1;94m[*] [0mFuzzing test case #551 (1399 total, 0 uniq crashes found)...[0m
scheduled max input!!!!
schedule: 6 level25_3/ijon_max/6
[1;94m[*] [0mFuzzing test case #552 (1399 total, 0 uniq crashes found)...[0m
[1;94m[*] [0mFuzzing test case #553 (1399 total, 0 uniq crashes found)...[0m
scheduled max input!!!!
schedule: 5 level25_3/ijon_max/5
[1;94m[*] [0mFuzzing test case #554 (1399 total, 0 uniq crashes found)...[0m
scheduled max input!!!!
schedule: 10 level25_3/ijon_max/10
updated maxmap 6: 4e4 (len: 621)
updated maxmap 7: 4ee (len: 621)
updated maxmap 8: 4f8 (len: 621)
updated maxmap 9: 501 (len: 621)
updated maxmap 10: 50b (len: 621)
updated maxmap 11: 50d (len: 621)
updated maxmap 6: 4e5 (len: 615)
minimized maxmap 7: 4ee (len: 615)
minimized maxmap 8: 4f8 (len: 615)
[1;94m[*] [0mFuzzing test case #555 (1399 total, 0 uniq crashes found)...[0m
scheduled max input!!!!
schedule: 15 level25_3/ijon_max/15
[1;94m[*] [0mFuzzing test case #556 (1399 total, 0 uniq crashes found)...[0m
scheduled max input!!!!
schedule: 11 level25_3/ijon_max/11
updated maxmap 11: 50e (len: 621)
updated maxmap 7: 4ef (len: 621)
updated maxmap 8: 4f9 (len: 621)
updated maxmap 9: 502 (len: 621)
updated maxmap 10: 50c (len: 621)
[1;94m[*] [0mFuzzing test case #557 (1399 total, 0 uniq crashes found)...[0m
scheduled max input!!!!
schedule: 12 level25_3/ijon_max/12
updated maxmap 14: 524 (len: 629)
updated maxmap 15: 527 (len: 629)
[1;94m[*] [0mFuzzing test case #558 (1399 total, 0 uniq crashes found)...[0m
scheduled max input!!!!
schedule: 12 level25_3/ijon_max/12
[1;94m[*] [0mFuzzing test case #559 (1399 total, 0 uniq crashes found)...[0m
scheduled max input!!!!
schedule: 1 level25_3/ijon_max/1
[1;94m[*] [0mFuzzing test case #560 (1399 total, 0 uniq crashes found)...[0m
scheduled max input!!!!
schedule: 5 level25_3/ijon_max/5
[1;94m[*] [0mFuzzing test case #561 (1399 total, 0 uniq crashes found)...[0m
scheduled max input!!!!
schedule: 14 level25_3/ijon_max/14
[1;94m[*] [0mFuzzing test case #562 (1399 total, 0 uniq crashes found)...[0m
scheduled max input!!!!
schedule: 2 level25_3/ijon_max/2
updated maxmap 3: 4a6 (len: 616)
[1;94m[*] [0mFuzzing test case #563 (1399 total, 0 uniq crashes found)...[0m
scheduled max input!!!!
schedule: 0 level25_3/ijon_max/0
[1;94m[*] [0mFuzzing test case #564 (1399 total, 0 uniq crashes found)...[0m
[1;94m[*] [0mFuzzing test case #565 (1399 total, 0 uniq crashes found)...[0m
scheduled max input!!!!
schedule: 14 level25_3/ijon_max/14
updated maxmap 4: 530 (len: 633)
updated maxmap 5: 51a (len: 633)
updated maxmap 6: 510 (len: 633)
updated maxmap 15: 528 (len: 629)
[1;94m[*] [0mFuzzing test case #566 (1401 total, 0 uniq crashes found)...[0m
scheduled max input!!!!
schedule: 12 level25_3/ijon_max/12
[1;94m[*] [0mFuzzing test case #567 (1401 total, 0 uniq crashes found)...[0m
scheduled max input!!!!
schedule: 5 level25_3/ijon_max/5
updated maxmap 0: 52f (len: 633)
updated maxmap 15: 52c (len: 633)
updated maxmap 5: 51e (len: 633)
updated maxmap 6: 512 (len: 633)
updated maxmap 7: 4fe (len: 633)
updated maxmap 8: 4fd (len: 633)
updated maxmap 15: 52d (len: 633)
updated maxmap 5: 52e (len: 635)
updated maxmap 6: 536 (len: 635)
minimized maxmap 5: 52e (len: 633)
[1;94m[*] [0mFuzzing test case #568 (1402 total, 0 uniq crashes found)...[0m
scheduled max input!!!!
schedule: 15 level25_3/ijon_max/15
[1;94m[*] [0mFuzzing test case #569 (1402 total, 0 uniq crashes found)...[0m
scheduled max input!!!!
schedule: 4 level25_3/ijon_max/4
[1;94m[*] [0mFuzzing test case #570 (1402 total, 0 uniq crashes found)...[0m
[1;94m[*] [0mFuzzing test case #571 (1402 total, 0 uniq crashes found)...[0m
scheduled max input!!!!
schedule: 7 level25_3/ijon_max/7
updated maxmap 8: 4fe (len: 633)
[1;94m[*] [0mFuzzing test case #572 (1402 total, 0 uniq crashes found)...[0m
scheduled max input!!!!
schedule: 6 level25_3/ijon_max/6
updated maxmap 6: 538 (len: 640)
updated maxmap 7: 542 (len: 640)
[1;94m[*] [0mFuzzing test case #573 (1402 total, 0 uniq crashes found)...[0m
scheduled max input!!!!
schedule: 2 level25_3/ijon_max/2
updated maxmap 3: 4a7 (len: 619)
[1;94m[*] [0mFuzzing test case #574 (1402 total, 0 uniq crashes found)...[0m
scheduled max input!!!!
schedule: 3 level25_3/ijon_max/3
[1;94m[*] [0mFuzzing test case #575 (1402 total, 0 uniq crashes found)...[0m
scheduled max input!!!!
schedule: 6 level25_3/ijon_max/6
updated maxmap 0: 530 (len: 644)
[1;94m[*] [0mFuzzing test case #576 (1402 total, 0 uniq crashes found)...[0m
scheduled max input!!!!
schedule: 3 level25_3/ijon_max/3
[1;94m[*] [0mFuzzing test case #577 (1402 total, 0 uniq crashes found)...[0m
scheduled max input!!!!
schedule: 9 level25_3/ijon_max/9
updated maxmap 3: 4cf (len: 624)
[1;94m[*] [0mFuzzing test case #578 (1402 total, 0 uniq crashes found)...[0m
[1;94m[*] [0mFuzzing test case #579 (1402 total, 0 uniq crashes found)...[0m
[1;94m[*] [0mFuzzing test case #580 (1402 total, 0 uniq crashes found)...[0m
scheduled max input!!!!
schedule: 1 level25_3/ijon_max/1
updated maxmap 1: 4a0 (len: 616)
updated maxmap 2: 4a6 (len: 616)
[1;94m[*] [0mFuzzing test case #581 (1402 total, 0 uniq crashes found)...[0m
scheduled max input!!!!
schedule: 10 level25_3/ijon_max/10
updated maxmap 9: 504 (len: 622)
updated maxmap 10: 50e (len: 622)
updated maxmap 11: 513 (len: 622)
minimized maxmap 9: 504 (len: 621)
minimized maxmap 10: 50e (len: 621)
updated maxmap 11: 518 (len: 625)
updated maxmap 12: 51b (len: 625)
[1;94m[*] [0mFuzzing test case #582 (1404 total, 0 uniq crashes found)...[0m
scheduled max input!!!!
schedule: 9 level25_3/ijon_max/9
[1;94m[*] [0mFuzzing test case #583 (1404 total, 0 uniq crashes found)...[0m
scheduled max input!!!!
schedule: 5 level25_3/ijon_max/5
updated maxmap 8: 4ff (len: 633)
[1;94m[*] [0mFuzzing test case #584 (1404 total, 0 uniq crashes found)...[0m
scheduled max input!!!!
schedule: 5 level25_3/ijon_max/5
[1;94m[*] [0mFuzzing test case #585 (1404 total, 0 uniq crashes found)...[0m
scheduled max input!!!!
schedule: 5 level25_3/ijon_max/5
[1;94m[*] [0mFuzzing test case #586 (1404 total, 0 uniq crashes found)...[0m
scheduled max input!!!!
schedule: 7 level25_3/ijon_max/7
[1;94m[*] [0mFuzzing test case #587 (1405 total, 0 uniq crashes found)...[0m
scheduled max input!!!!
schedule: 4 level25_3/ijon_max/4
updated maxmap 4: 531 (len: 633)
[1;94m[*] [0mFuzzing test case #588 (1405 total, 0 uniq crashes found)...[0m
scheduled max input!!!!
schedule: 9 level25_3/ijon_max/9
[1;94m[*] [0mFuzzing test case #589 (1405 total, 0 uniq crashes found)...[0m
[1;94m[*] [0mFuzzing test case #590 (1405 total, 0 uniq crashes found)...[0m
scheduled max input!!!!
schedule: 14 level25_3/ijon_max/14
updated maxmap 0: 531 (len: 633)
updated maxmap 15: 52e (len: 633)
[1;94m[*] [0mFuzzing test case #591 (1405 total, 0 uniq crashes found)...[0m
scheduled max input!!!!
schedule: 11 level25_3/ijon_max/11
[1;94m[*] [0mFuzzing test case #592 (1405 total, 0 uniq crashes found)...[0m
scheduled max input!!!!
schedule: 9 level25_3/ijon_max/9
[1;94m[*] [0mFuzzing test case #593 (1405 total, 0 uniq crashes found)...[0m
scheduled max input!!!!
schedule: 10 level25_3/ijon_max/10
[1;94m[*] [0mFuzzing test case #594 (1405 total, 0 uniq crashes found)...[0m
scheduled max input!!!!
schedule: 11 level25_3/ijon_max/11
[1;94m[*] [0mFuzzing test case #595 (1405 total, 0 uniq crashes found)...[0m
scheduled max input!!!!
schedule: 13 level25_3/ijon_max/13
[1;94m[*] [0mFuzzing test case #596 (1405 total, 0 uniq crashes found)...[0m
scheduled max input!!!!
schedule: 4 level25_3/ijon_max/4
updated maxmap 14: 525 (len: 641)
updated maxmap 15: 52f (len: 641)
[1;94m[*] [0mFuzzing test case #597 (1406 total, 0 uniq crashes found)...[0m
scheduled max input!!!!
schedule: 8 level25_3/ijon_max/8
[1;94m[*] [0mFuzzing test case #598 (1406 total, 0 uniq crashes found)...[0m
scheduled max input!!!!
schedule: 7 level25_3/ijon_max/7
[1;94m[*] [0mFuzzing test case #599 (1406 total, 0 uniq crashes found)...[0m
scheduled max input!!!!
schedule: 3 level25_3/ijon_max/3
updated maxmap 3: 4d0 (len: 624)
[1;94m[*] [0mFuzzing test case #600 (1406 total, 0 uniq crashes found)...[0m
scheduled max input!!!!
schedule: 1 level25_3/ijon_max/1
updated maxmap 1: 4a1 (len: 616)
updated maxmap 2: 4a7 (len: 616)
updated maxmap 1: 4a7 (len: 624)
updated maxmap 2: 4ad (len: 624)
[1;94m[*] [0mFuzzing test case #601 (1406 total, 0 uniq crashes found)...[0m
scheduled max input!!!!
schedule: 11 level25_3/ijon_max/11
[1;94m[*] [0mFuzzing test case #602 (1406 total, 0 uniq crashes found)...[0m
scheduled max input!!!!
schedule: 12 level25_3/ijon_max/12
[1;94m[*] [0mFuzzing test case #603 (1406 total, 0 uniq crashes found)...[0m
scheduled max input!!!!
schedule: 6 level25_3/ijon_max/6
updated maxmap 4: 535 (len: 640)
updated maxmap 5: 53f (len: 640)
[1;94m[*] [0mFuzzing test case #604 (1406 total, 0 uniq crashes found)...[0m
scheduled max input!!!!
schedule: 4 level25_3/ijon_max/4
[1;94m[*] [0mFuzzing test case #605 (1406 total, 0 uniq crashes found)...[0m
scheduled max input!!!!
schedule: 0 level25_3/ijon_max/0
minimized maxmap 14: 525 (len: 633)
minimized maxmap 15: 52f (len: 633)
[1;94m[*] [0mFuzzing test case #606 (1407 total, 0 uniq crashes found)...[0m
scheduled max input!!!!
schedule: 0 level25_3/ijon_max/0
[1;94m[*] [0mFuzzing test case #607 (1407 total, 0 uniq crashes found)...[0m
scheduled max input!!!!
schedule: 3 level25_3/ijon_max/3
[1;94m[*] [0mFuzzing test case #608 (1407 total, 0 uniq crashes found)...[0m
[1;94m[*] [0mFuzzing test case #609 (1407 total, 0 uniq crashes found)...[0m
scheduled max input!!!!
schedule: 15 level25_3/ijon_max/15
[1;94m[*] [0mFuzzing test case #610 (1407 total, 0 uniq crashes found)...[0m
scheduled max input!!!!
schedule: 7 level25_3/ijon_max/7
updated maxmap 6: 540 (len: 640)
[1;94m[*] [0mFuzzing test case #611 (1407 total, 0 uniq crashes found)...[0m
scheduled max input!!!!
schedule: 9 level25_3/ijon_max/9
[1;94m[*] [0mFuzzing test case #612 (1407 total, 0 uniq crashes found)...[0m
[1;94m[*] [0mFuzzing test case #613 (1407 total, 0 uniq crashes found)...[0m
scheduled max input!!!!
schedule: 2 level25_3/ijon_max/2
updated maxmap 1: 4a8 (len: 624)
updated maxmap 2: 4ae (len: 624)
updated maxmap 1: 4a9 (len: 624)
updated maxmap 2: 4af (len: 624)
[1;94m[*] [0mFuzzing test case #614 (1408 total, 0 uniq crashes found)...[0m
scheduled max input!!!!
schedule: 0 level25_3/ijon_max/0
[1;94m[*] [0mFuzzing test case #615 (1408 total, 0 uniq crashes found)...[0m
scheduled max input!!!!
schedule: 13 level25_3/ijon_max/13
[1;94m[*] [0mFuzzing test case #616 (1408 total, 0 uniq crashes found)...[0m
scheduled max input!!!!
schedule: 11 level25_3/ijon_max/11
[1;94m[*] [0mFuzzing test case #617 (1408 total, 0 uniq crashes found)...[0m
scheduled max input!!!!
schedule: 6 level25_3/ijon_max/6
updated maxmap 6: 542 (len: 640)
updated maxmap 5: 548 (len: 648)
updated maxmap 7: 54e (len: 648)
updated maxmap 8: 555 (len: 648)
[1;94m[*] [0mFuzzing test case #618 (1410 total, 0 uniq crashes found)...[0m
[1;94m[*] [0mFuzzing test case #619 (1410 total, 0 uniq crashes found)...[0m
[1;94m[*] [0mFuzzing test case #620 (1410 total, 0 uniq crashes found)...[0m
scheduled max input!!!!
schedule: 12 level25_3/ijon_max/12
[1;94m[*] [0mFuzzing test case #621 (1410 total, 0 uniq crashes found)...[0m
[1;94m[*] [0mFuzzing test case #622 (1410 total, 0 uniq crashes found)...[0m
scheduled max input!!!!
schedule: 1 level25_3/ijon_max/1
updated maxmap 1: 4aa (len: 624)
updated maxmap 2: 4b0 (len: 624)
[1;94m[*] [0mFuzzing test case #623 (1410 total, 0 uniq crashes found)...[0m
scheduled max input!!!!
schedule: 10 level25_3/ijon_max/10
updated maxmap 12: 51d (len: 626)
[1;94m[*] [0mFuzzing test case #624 (1410 total, 0 uniq crashes found)...[0m
[1;94m[*] [0mFuzzing test case #625 (1410 total, 0 uniq crashes found)...[0m
scheduled max input!!!!
schedule: 15 level25_3/ijon_max/15
[1;94m[*] [0mFuzzing test case #626 (1410 total, 0 uniq crashes found)...[0m
scheduled max input!!!!
schedule: 6 level25_3/ijon_max/6
[1;94m[*] [0mFuzzing test case #627 (1410 total, 0 uniq crashes found)...[0m
scheduled max input!!!!
schedule: 10 level25_3/ijon_max/10
[1;94m[*] [0mFuzzing test case #628 (1410 total, 0 uniq crashes found)...[0m
[1;94m[*] [0mFuzzing test case #629 (1410 total, 0 uniq crashes found)...[0m
scheduled max input!!!!
schedule: 14 level25_3/ijon_max/14
[1;94m[*] [0mFuzzing test case #630 (1410 total, 0 uniq crashes found)...[0m
scheduled max input!!!!
schedule: 2 level25_3/ijon_max/2
updated maxmap 1: 4ab (len: 624)
[1;94m[*] [0mFuzzing test case #631 (1410 total, 0 uniq crashes found)...[0m
scheduled max input!!!!
schedule: 3 level25_3/ijon_max/3
[1;94m[*] [0mFuzzing test case #632 (1410 total, 0 uniq crashes found)...[0m
scheduled max input!!!!
schedule: 2 level25_3/ijon_max/2
[1;94m[*] [0mFuzzing test case #633 (1410 total, 0 uniq crashes found)...[0m
scheduled max input!!!!
schedule: 14 level25_3/ijon_max/14
[1;94m[*] [0mFuzzing test case #634 (1410 total, 0 uniq crashes found)...[0m
scheduled max input!!!!
schedule: 1 level25_3/ijon_max/1
updated maxmap 2: 4b1 (len: 626)
updated maxmap 1: 4ac (len: 624)
[1;94m[*] [0mFuzzing test case #635 (1410 total, 0 uniq crashes found)...[0m
[1;94m[*] [0mFuzzing test case #636 (1410 total, 0 uniq crashes found)...[0m
scheduled max input!!!!
schedule: 0 level25_3/ijon_max/0
[1;94m[*] [0mFuzzing test case #637 (1410 total, 0 uniq crashes found)...[0m
[1;94m[*] [0mFuzzing test case #638 (1410 total, 0 uniq crashes found)...[0m
scheduled max input!!!!
schedule: 4 level25_3/ijon_max/4
updated maxmap 4: 539 (len: 640)
[1;94m[*] [0mFuzzing test case #639 (1410 total, 0 uniq crashes found)...[0m
scheduled max input!!!!
schedule: 7 level25_3/ijon_max/7
updated maxmap 7: 54f (len: 648)
updated maxmap 8: 556 (len: 648)
updated maxmap 4: 556 (len: 649)
updated maxmap 5: 549 (len: 649)
[1;94m[*] [0mFuzzing test case #640 (1411 total, 0 uniq crashes found)...[0m
scheduled max input!!!!
schedule: 11 level25_3/ijon_max/11
[1;94m[*] [0mFuzzing test case #641 (1411 total, 0 uniq crashes found)...[0m
scheduled max input!!!!
schedule: 2 level25_3/ijon_max/2
[1;94m[*] [0mFuzzing test case #642 (1411 total, 0 uniq crashes found)...[0m
scheduled max input!!!!
schedule: 3 level25_3/ijon_max/3
[1;94m[*] [0mFuzzing test case #643 (1411 total, 0 uniq crashes found)...[0m
scheduled max input!!!!
schedule: 4 level25_3/ijon_max/4
updated maxmap 5: 54a (len: 649)
updated maxmap 7: 55d (len: 652)
[1;94m[*] [0mFuzzing test case #644 (1411 total, 0 uniq crashes found)...[0m
scheduled max input!!!!
schedule: 6 level25_3/ijon_max/6
[1;94m[*] [0mFuzzing test case #645 (1411 total, 0 uniq crashes found)...[0m
scheduled max input!!!!
schedule: 7 level25_3/ijon_max/7
updated maxmap 4: 558 (len: 652)
updated maxmap 5: 55d (len: 652)
updated maxmap 8: 55a (len: 652)
[1;94m[*] [0mFuzzing test case #646 (1411 total, 0 uniq crashes found)...[0m
scheduled max input!!!!
schedule: 12 level25_3/ijon_max/12
updated maxmap 12: 522 (len: 628)
[1;94m[*] [0mFuzzing test case #647 (1411 total, 0 uniq crashes found)...[0m
scheduled max input!!!!
schedule: 12 level25_3/ijon_max/12
[1;94m[*] [0mFuzzing test case #648 (1411 total, 0 uniq crashes found)...[0m
scheduled max input!!!!
schedule: 0 level25_3/ijon_max/0
[1;94m[*] [0mFuzzing test case #649 (1411 total, 0 uniq crashes found)...[0m
scheduled max input!!!!
schedule: 4 level25_3/ijon_max/4
updated maxmap 4: 559 (len: 652)
updated maxmap 5: 55e (len: 652)
[1;94m[*] [0mFuzzing test case #650 (1412 total, 0 uniq crashes found)...[0m
scheduled max input!!!!
schedule: 14 level25_3/ijon_max/14
[1;94m[*] [0mFuzzing test case #651 (1412 total, 0 uniq crashes found)...[0m
scheduled max input!!!!
schedule: 3 level25_3/ijon_max/3
[1;94m[*] [0mFuzzing test case #652 (1412 total, 0 uniq crashes found)...[0m
scheduled max input!!!!
schedule: 7 level25_3/ijon_max/7
updated maxmap 6: 55c (len: 652)
updated maxmap 6: 563 (len: 654)
updated maxmap 7: 566 (len: 658)
updated maxmap 8: 561 (len: 658)
[1;94m[*] [0mFuzzing test case #653 (1414 total, 0 uniq crashes found)...[0m
scheduled max input!!!!
schedule: 1 level25_3/ijon_max/1
[1;94m[*] [0mFuzzing test case #654 (1414 total, 0 uniq crashes found)...[0m
[1;94m[*] [0mFuzzing test case #655 (1414 total, 0 uniq crashes found)...[0m
scheduled max input!!!!
schedule: 3 level25_3/ijon_max/3
[1;94m[*] [0mFuzzing test case #656 (1414 total, 0 uniq crashes found)...[0m
[1;94m[*] [0mFuzzing test case #657 (1414 total, 0 uniq crashes found)...[0m
[1;94m[*] [0mFuzzing test case #658 (1414 total, 0 uniq crashes found)...[0m
scheduled normal input!!!!
[1;94m[*] [0mFuzzing test case #659 (1414 total, 0 uniq crashes found)...[0m
scheduled max input!!!!
schedule: 15 level25_3/ijon_max/15
[1;94m[*] [0mFuzzing test case #660 (1414 total, 0 uniq crashes found)...[0m
scheduled max input!!!!
schedule: 2 level25_3/ijon_max/2
updated maxmap 2: 4b2 (len: 626)
[1;94m[*] [0mFuzzing test case #661 (1414 total, 0 uniq crashes found)...[0m
scheduled max input!!!!
schedule: 7 level25_3/ijon_max/7
updated maxmap 7: 568 (len: 658)
updated maxmap 8: 562 (len: 658)
[1;94m[*] [0mFuzzing test case #662 (1414 total, 0 uniq crashes found)...[0m
scheduled max input!!!!
schedule: 10 level25_3/ijon_max/10
[1;94m[*] [0mFuzzing test case #663 (1414 total, 0 uniq crashes found)...[0m
scheduled max input!!!!
schedule: 12 level25_3/ijon_max/12
[1;94m[*] [0mFuzzing test case #664 (1414 total, 0 uniq crashes found)...[0m
scheduled max input!!!!
schedule: 12 level25_3/ijon_max/12
updated maxmap 13: 522 (len: 628)
[1;94m[*] [0mFuzzing test case #665 (1414 total, 0 uniq crashes found)...[0m
scheduled max input!!!!
schedule: 11 level25_3/ijon_max/11
[1;94m[*] [0mFuzzing test case #666 (1414 total, 0 uniq crashes found)...[0m
scheduled max input!!!!
schedule: 0 level25_3/ijon_max/0
[1;94m[*] [0mFuzzing test case #667 (1414 total, 0 uniq crashes found)...[0m
scheduled max input!!!!
schedule: 14 level25_3/ijon_max/14
[1;94m[*] [0mFuzzing test case #668 (1414 total, 0 uniq crashes found)...[0m
scheduled max input!!!!
schedule: 7 level25_3/ijon_max/7
updated maxmap 5: 56b (len: 658)
updated maxmap 6: 56d (len: 658)
updated maxmap 8: 566 (len: 658)
[1;94m[*] [0mFuzzing test case #669 (1416 total, 0 uniq crashes found)...[0m
scheduled max input!!!!
schedule: 11 level25_3/ijon_max/11
[1;94m[*] [0mFuzzing test case #670 (1416 total, 0 uniq crashes found)...[0m
scheduled max input!!!!
schedule: 4 level25_3/ijon_max/4
[1;94m[*] [0mFuzzing test case #671 (1416 total, 0 uniq crashes found)...[0m
scheduled max input!!!!
schedule: 1 level25_3/ijon_max/1
[1;94m[*] [0mFuzzing test case #672 (1417 total, 0 uniq crashes found)...[0m
scheduled max input!!!!
schedule: 6 level25_3/ijon_max/6
[1;94m[*] [0mFuzzing test case #673 (1417 total, 0 uniq crashes found)...[0m
scheduled max input!!!!
schedule: 14 level25_3/ijon_max/14
[1;94m[*] [0mFuzzing test case #674 (1417 total, 0 uniq crashes found)...[0m
scheduled max input!!!!
schedule: 1 level25_3/ijon_max/1
[1;94m[*] [0mFuzzing test case #675 (1417 total, 0 uniq crashes found)...[0m
[1;94m[*] [0mFuzzing test case #676 (1417 total, 0 uniq crashes found)...[0m
[1;94m[*] [0mFuzzing test case #677 (1417 total, 0 uniq crashes found)...[0m
scheduled max input!!!!
schedule: 9 level25_3/ijon_max/9
[1;94m[*] [0mFuzzing test case #678 (1417 total, 0 uniq crashes found)...[0m
[1;94m[*] [0mFuzzing test case #679 (1417 total, 0 uniq crashes found)...[0m
scheduled max input!!!!
schedule: 3 level25_3/ijon_max/3
[1;94m[*] [0mFuzzing test case #680 (1417 total, 0 uniq crashes found)...[0m
scheduled max input!!!!
schedule: 0 level25_3/ijon_max/0
[1;94m[*] [0mFuzzing test case #681 (1417 total, 0 uniq crashes found)...[0m
[1;94m[*] [0mFuzzing test case #682 (1417 total, 0 uniq crashes found)...[0m
scheduled max input!!!!
schedule: 5 level25_3/ijon_max/5
updated maxmap 5: 56c (len: 658)
[1;94m[*] [0mFuzzing test case #683 (1418 total, 0 uniq crashes found)...[0m
scheduled max input!!!!
schedule: 8 level25_3/ijon_max/8
updated maxmap 8: 567 (len: 658)
[1;94m[*] [0mFuzzing test case #684 (1418 total, 0 uniq crashes found)...[0m
scheduled max input!!!!
schedule: 14 level25_3/ijon_max/14
[1;94m[*] [0mFuzzing test case #685 (1418 total, 0 uniq crashes found)...[0m
scheduled max input!!!!
schedule: 1 level25_3/ijon_max/1
[1;94m[*] [0mFuzzing test case #686 (1418 total, 0 uniq crashes found)...[0m
scheduled max input!!!!
schedule: 7 level25_3/ijon_max/7
updated maxmap 7: 574 (len: 661)
updated maxmap 3: 563 (len: 658)
updated maxmap 4: 56a (len: 658)
[1;94m[*] [0mFuzzing test case #687 (1419 total, 0 uniq crashes found)...[0m
[1;94m[*] [0mFuzzing test case #688 (1419 total, 0 uniq crashes found)...[0m
scheduled max input!!!!
schedule: 12 level25_3/ijon_max/12
updated maxmap 13: 52c (len: 632)
updated maxmap 14: 52f (len: 633)
[1;94m[*] [0mFuzzing test case #689 (1420 total, 0 uniq crashes found)...[0m
scheduled max input!!!!
schedule: 4 level25_3/ijon_max/4
updated maxmap 3: 564 (len: 658)
updated maxmap 4: 56b (len: 658)
[1;94m[*] [0mFuzzing test case #690 (1420 total, 0 uniq crashes found)...[0m
scheduled max input!!!!
schedule: 15 level25_3/ijon_max/15
[1;94m[*] [0mFuzzing test case #691 (1420 total, 0 uniq crashes found)...[0m
scheduled max input!!!!
schedule: 6 level25_3/ijon_max/6
[1;94m[*] [0mFuzzing test case #692 (1420 total, 0 uniq crashes found)...[0m
scheduled max input!!!!
schedule: 6 level25_3/ijon_max/6
updated maxmap 5: 571 (len: 662)
updated maxmap 6: 576 (len: 662)
updated maxmap 7: 579 (len: 663)
updated maxmap 6: 577 (len: 666)
updated maxmap 7: 581 (len: 666)
updated maxmap 6: 57c (len: 665)
minimized maxmap 5: 571 (len: 661)
[1;94m[*] [0mFuzzing test case #693 (1429 total, 0 uniq crashes found)...[0m
[1;94m[*] [0mFuzzing test case #694 (1429 total, 0 uniq crashes found)...[0m
scheduled max input!!!!
schedule: 12 level25_3/ijon_max/12
[1;94m[*] [0mFuzzing test case #695 (1429 total, 0 uniq crashes found)...[0m
scheduled max input!!!!
schedule: 6 level25_3/ijon_max/6
updated maxmap 6: 57d (len: 665)
[1;94m[*] [0mFuzzing test case #696 (1429 total, 0 uniq crashes found)...[0m
scheduled max input!!!!
schedule: 2 level25_3/ijon_max/2
[1;94m[*] [0mFuzzing test case #697 (1429 total, 0 uniq crashes found)...[0m
scheduled max input!!!!
schedule: 15 level25_3/ijon_max/15
[1;94m[*] [0mFuzzing test case #698 (1429 total, 0 uniq crashes found)...[0m
scheduled max input!!!!
schedule: 2 level25_3/ijon_max/2
[1;94m[*] [0mFuzzing test case #699 (1429 total, 0 uniq crashes found)...[0m
scheduled max input!!!!
schedule: 5 level25_3/ijon_max/5
updated maxmap 5: 572 (len: 661)
[1;94m[*] [0mFuzzing test case #700 (1429 total, 0 uniq crashes found)...[0m
scheduled max input!!!!
schedule: 7 level25_3/ijon_max/7
updated maxmap 6: 57e (len: 666)
updated maxmap 7: 585 (len: 668)
updated maxmap 7: 58f (len: 673)
updated maxmap 8: 58c (len: 673)
updated maxmap 6: 587 (len: 673)
updated maxmap 7: 591 (len: 673)
[1;94m[*] [0mFuzzing test case #701 (1431 total, 0 uniq crashes found)...[0m
scheduled max input!!!!
schedule: 4 level25_3/ijon_max/4
updated maxmap 4: 56c (len: 658)
updated maxmap 3: 565 (len: 658)
[1;94m[*] [0mFuzzing test case #702 (1431 total, 0 uniq crashes found)...[0m
scheduled max input!!!!
schedule: 9 level25_3/ijon_max/9
[1;94m[*] [0mFuzzing test case #703 (1431 total, 0 uniq crashes found)...[0m
scheduled max input!!!!
schedule: 12 level25_3/ijon_max/12
[1;94m[*] [0mFuzzing test case #704 (1431 total, 0 uniq crashes found)...[0m
scheduled max input!!!!
schedule: 15 level25_3/ijon_max/15
[1;94m[*] [0mFuzzing test case #705 (1431 total, 0 uniq crashes found)...[0m
scheduled max input!!!!
schedule: 12 level25_3/ijon_max/12
[1;94m[*] [0mFuzzing test case #706 (1431 total, 0 uniq crashes found)...[0m
scheduled max input!!!!
schedule: 0 level25_3/ijon_max/0
[1;94m[*] [0mFuzzing test case #707 (1431 total, 0 uniq crashes found)...[0m
scheduled max input!!!!
schedule: 8 level25_3/ijon_max/8
[1;94m[*] [0mFuzzing test case #708 (1432 total, 0 uniq crashes found)...[0m
scheduled max input!!!!
schedule: 10 level25_3/ijon_max/10
[1;94m[*] [0mFuzzing test case #709 (1432 total, 0 uniq crashes found)...[0m
[1;94m[*] [0mFuzzing test case #710 (1432 total, 0 uniq crashes found)...[0m
scheduled max input!!!!
schedule: 11 level25_3/ijon_max/11
[1;94m[*] [0mFuzzing test case #711 (1432 total, 0 uniq crashes found)...[0m
scheduled max input!!!!
schedule: 7 level25_3/ijon_max/7
updated maxmap 6: 58e (len: 673)
updated maxmap 8: 58e (len: 673)
[1;94m[*] [0mFuzzing test case #712 (1432 total, 0 uniq crashes found)...[0m
scheduled max input!!!!
schedule: 2 level25_3/ijon_max/2
[1;94m[*] [0mFuzzing test case #713 (1432 total, 0 uniq crashes found)...[0m
[1;94m[*] [0mFuzzing test case #714 (1432 total, 0 uniq crashes found)...[0m
scheduled max input!!!!
schedule: 12 level25_3/ijon_max/12
[1;94m[*] [0mFuzzing test case #715 (1432 total, 0 uniq crashes found)...[0m
scheduled max input!!!!
schedule: 15 level25_3/ijon_max/15
[1;94m[*] [0mFuzzing test case #716 (1432 total, 0 uniq crashes found)...[0m
scheduled max input!!!!
schedule: 0 level25_3/ijon_max/0
[1;94m[*] [0mFuzzing test case #717 (1432 total, 0 uniq crashes found)...[0m
scheduled max input!!!!
schedule: 7 level25_3/ijon_max/7
[1;94m[*] [0mFuzzing test case #718 (1432 total, 0 uniq crashes found)...[0m
scheduled max input!!!!
schedule: 7 level25_3/ijon_max/7
updated maxmap 8: 591 (len: 673)
[1;94m[*] [0mFuzzing test case #719 (1432 total, 0 uniq crashes found)...[0m
scheduled max input!!!!
schedule: 11 level25_3/ijon_max/11
[1;94m[*] [0mFuzzing test case #720 (1432 total, 0 uniq crashes found)...[0m
[1;94m[*] [0mFuzzing test case #721 (1432 total, 0 uniq crashes found)...[0m
scheduled max input!!!!
schedule: 3 level25_3/ijon_max/3
updated maxmap 4: 571 (len: 666)
updated maxmap 5: 57b (len: 666)
[1;94m[*] [0mFuzzing test case #722 (1432 total, 0 uniq crashes found)...[0m
scheduled max input!!!!
schedule: 11 level25_3/ijon_max/11
[1;94m[*] [0mFuzzing test case #723 (1433 total, 0 uniq crashes found)...[0m
[1;94m[*] [0mFuzzing test case #724 (1433 total, 0 uniq crashes found)...[0m
scheduled max input!!!!
schedule: 12 level25_3/ijon_max/12
[1;94m[*] [0mFuzzing test case #725 (1433 total, 0 uniq crashes found)...[0m
scheduled max input!!!!
schedule: 11 level25_3/ijon_max/11
[1;94m[*] [0mFuzzing test case #726 (1433 total, 0 uniq crashes found)...[0m
scheduled max input!!!!
schedule: 12 level25_3/ijon_max/12
[1;94m[*] [0mFuzzing test case #727 (1433 total, 0 uniq crashes found)...[0m
scheduled max input!!!!
schedule: 4 level25_3/ijon_max/4
[1;94m[*] [0mFuzzing test case #728 (1433 total, 0 uniq crashes found)...[0m
scheduled max input!!!!
schedule: 0 level25_3/ijon_max/0
[1;94m[*] [0mFuzzing test case #729 (1433 total, 0 uniq crashes found)...[0m
[1;94m[*] [0mFuzzing test case #730 (1433 total, 0 uniq crashes found)...[0m
scheduled max input!!!!
schedule: 13 level25_3/ijon_max/13
[1;94m[*] [0mFuzzing test case #731 (1433 total, 0 uniq crashes found)...[0m
scheduled max input!!!!
schedule: 15 level25_3/ijon_max/15
[1;94m[*] [0mFuzzing test case #732 (1433 total, 0 uniq crashes found)...[0m
scheduled max input!!!!
schedule: 14 level25_3/ijon_max/14
[1;94m[*] [0mFuzzing test case #733 (1433 total, 0 uniq crashes found)...[0m
scheduled max input!!!!
schedule: 10 level25_3/ijon_max/10
[1;94m[*] [0mFuzzing test case #734 (1433 total, 0 uniq crashes found)...[0m
scheduled max input!!!!
schedule: 8 level25_3/ijon_max/8
updated maxmap 8: 594 (len: 674)
updated maxmap 5: 57c (len: 677)
updated maxmap 8: 59a (len: 677)
minimized maxmap 5: 57c (len: 676)
updated maxmap 7: 59a (len: 676)
minimized maxmap 5: 57c (len: 673)
updated maxmap 4: 588 (len: 681)
updated maxmap 5: 5a0 (len: 681)
updated maxmap 6: 59b (len: 681)
updated maxmap 7: 59c (len: 677)
[1;94m[*] [0mFuzzing test case #735 (1440 total, 0 uniq crashes found)...[0m
scheduled max input!!!!
schedule: 5 level25_3/ijon_max/5
updated maxmap 4: 58a (len: 681)
updated maxmap 6: 59d (len: 681)
[1;94m[*] [0mFuzzing test case #736 (1440 total, 0 uniq crashes found)...[0m
scheduled max input!!!!
schedule: 2 level25_3/ijon_max/2
[1;94m[*] [0mFuzzing test case #737 (1440 total, 0 uniq crashes found)...[0m
scheduled max input!!!!
schedule: 12 level25_3/ijon_max/12
updated maxmap 14: 531 (len: 634)
[1;94m[*] [0mFuzzing test case #738 (1440 total, 0 uniq crashes found)...[0m
scheduled max input!!!!
schedule: 0 level25_3/ijon_max/0
[1;94m[*] [0mFuzzing test case #739 (1440 total, 0 uniq crashes found)...[0m
scheduled max input!!!!
schedule: 8 level25_3/ijon_max/8
[1;94m[*] [0mFuzzing test case #740 (1440 total, 0 uniq crashes found)...[0m
scheduled max input!!!!
schedule: 0 level25_3/ijon_max/0
[1;94m[*] [0mFuzzing test case #741 (1440 total, 0 uniq crashes found)...[0m
scheduled max input!!!!
schedule: 10 level25_3/ijon_max/10
[1;94m[*] [0mFuzzing test case #742 (1440 total, 0 uniq crashes found)...[0m
[1;94m[*] [0mFuzzing test case #743 (1440 total, 0 uniq crashes found)...[0m
[1;94m[*] [0mFuzzing test case #744 (1440 total, 0 uniq crashes found)...[0m
[1;94m[*] [0mFuzzing test case #745 (1440 total, 0 uniq crashes found)...[0m
scheduled max input!!!!
schedule: 12 level25_3/ijon_max/12
[1;94m[*] [0mFuzzing test case #746 (1440 total, 0 uniq crashes found)...[0m
scheduled max input!!!!
schedule: 12 level25_3/ijon_max/12
[1;94m[*] [0mFuzzing test case #747 (1440 total, 0 uniq crashes found)...[0m
scheduled max input!!!!
schedule: 3 level25_3/ijon_max/3
updated maxmap 2: 561 (len: 658)
updated maxmap 3: 56b (len: 658)
updated maxmap 2: 562 (len: 658)
updated maxmap 3: 56c (len: 658)
[1;94m[*] [0mFuzzing test case #748 (1441 total, 0 uniq crashes found)...[0m
scheduled max input!!!!
schedule: 15 level25_3/ijon_max/15
[1;94m[*] [0mFuzzing test case #749 (1441 total, 0 uniq crashes found)...[0m
scheduled max input!!!!
schedule: 5 level25_3/ijon_max/5
updated maxmap 8: 5a5 (len: 681)
[1;94m[*] [0mFuzzing test case #750 (1441 total, 0 uniq crashes found)...[0m
scheduled max input!!!!
schedule: 1 level25_3/ijon_max/1
[1;94m[*] [0mFuzzing test case #751 (1441 total, 0 uniq crashes found)...[0m
scheduled max input!!!!
schedule: 5 level25_3/ijon_max/5
updated maxmap 5: 5a3 (len: 681)
updated maxmap 6: 5a2 (len: 681)
[1;94m[*] [0mFuzzing test case #752 (1441 total, 0 uniq crashes found)...[0m
[1;94m[*] [0mFuzzing test case #753 (1441 total, 0 uniq crashes found)...[0m
scheduled max input!!!!
schedule: 14 level25_3/ijon_max/14
[1;94m[*] [0mFuzzing test case #754 (1441 total, 0 uniq crashes found)...[0m
scheduled max input!!!!
schedule: 11 level25_3/ijon_max/11
[1;94m[*] [0mFuzzing test case #755 (1441 total, 0 uniq crashes found)...[0m
scheduled max input!!!!
schedule: 9 level25_3/ijon_max/9
minimized maxmap 11: 518 (len: 624)
[1;94m[*] [0mFuzzing test case #756 (1441 total, 0 uniq crashes found)...[0m
scheduled max input!!!!
schedule: 13 level25_3/ijon_max/13
[1;94m[*] [0mFuzzing test case #757 (1441 total, 0 uniq crashes found)...[0m
scheduled max input!!!!
schedule: 15 level25_3/ijon_max/15
[1;94m[*] [0mFuzzing test case #758 (1441 total, 0 uniq crashes found)...[0m
scheduled max input!!!!
schedule: 15 level25_3/ijon_max/15
[1;94m[*] [0mFuzzing test case #759 (1441 total, 0 uniq crashes found)...[0m
[1;94m[*] [0mFuzzing test case #760 (1441 total, 0 uniq crashes found)...[0m
scheduled max input!!!!
schedule: 15 level25_3/ijon_max/15
[1;94m[*] [0mFuzzing test case #761 (1441 total, 0 uniq crashes found)...[0m
scheduled max input!!!!
schedule: 7 level25_3/ijon_max/7
[1;94m[*] [0mFuzzing test case #762 (1441 total, 0 uniq crashes found)...[0m
scheduled max input!!!!
schedule: 2 level25_3/ijon_max/2
[1;94m[*] [0mFuzzing test case #763 (1441 total, 0 uniq crashes found)...[0m
scheduled max input!!!!
schedule: 8 level25_3/ijon_max/8
updated maxmap 3: 5ab (len: 683)
updated maxmap 4: 5a8 (len: 683)
updated maxmap 9: 5ac (len: 684)
updated maxmap 8: 5a6 (len: 693)
updated maxmap 9: 5af (len: 693)
updated maxmap 10: 5b9 (len: 693)
updated maxmap 11: 5be (len: 693)
updated maxmap 8: 5a7 (len: 689)
updated maxmap 9: 5b0 (len: 689)
updated maxmap 6: 5b3 (len: 689)
updated maxmap 8: 5a9 (len: 685)
updated maxmap 9: 5b1 (len: 688)
updated maxmap 7: 59d (len: 681)
[1;94m[*] [0mFuzzing test case #764 (1447 total, 0 uniq crashes found)...[0m
scheduled max input!!!!
schedule: 10 level25_3/ijon_max/10
updated maxmap 10: 5ba (len: 693)
updated maxmap 10: 5bb (len: 693)
updated maxmap 11: 5bf (len: 693)
updated maxmap 9: 5b2 (len: 693)
updated maxmap 10: 5bc (len: 693)
updated maxmap 11: 5c0 (len: 693)
[1;94m[*] [0mFuzzing test case #765 (1450 total, 0 uniq crashes found)...[0m
[1;94m[*] [0mFuzzing test case #766 (1450 total, 0 uniq crashes found)...[0m
scheduled max input!!!!
schedule: 2 level25_3/ijon_max/2
[1;94m[*] [0mFuzzing test case #767 (1450 total, 0 uniq crashes found)...[0m
scheduled max input!!!!
schedule: 2 level25_3/ijon_max/2
[1;94m[*] [0mFuzzing test case #768 (1450 total, 0 uniq crashes found)...[0m
scheduled max input!!!!
schedule: 14 level25_3/ijon_max/14
[1;94m[*] [0mFuzzing test case #769 (1450 total, 0 uniq crashes found)...[0m
[1;94m[*] [0mFuzzing test case #770 (1450 total, 0 uniq crashes found)...[0m
scheduled max input!!!!
schedule: 10 level25_3/ijon_max/10
updated maxmap 10: 5c1 (len: 694)
updated maxmap 7: 59e (len: 693)
updated maxmap 12: 5be (len: 698)
updated maxmap 9: 5b3 (len: 693)
[1;94m[*] [0mFuzzing test case #771 (1451 total, 0 uniq crashes found)...[0m
scheduled max input!!!!
schedule: 12 level25_3/ijon_max/12
updated maxmap 4: 5bd (len: 698)
updated maxmap 5: 5c7 (len: 698)
updated maxmap 6: 5ca (len: 698)
updated maxmap 12: 5bf (len: 698)
[1;94m[*] [0mFuzzing test case #772 (1451 total, 0 uniq crashes found)...[0m
scheduled max input!!!!
schedule: 15 level25_3/ijon_max/15
[1;94m[*] [0mFuzzing test case #773 (1451 total, 0 uniq crashes found)...[0m
scheduled max input!!!!
schedule: 9 level25_3/ijon_max/9
[1;94m[*] [0mFuzzing test case #774 (1451 total, 0 uniq crashes found)...[0m
[1;94m[*] [0mFuzzing test case #775 (1451 total, 0 uniq crashes found)...[0m
scheduled max input!!!!
schedule: 10 level25_3/ijon_max/10
updated maxmap 10: 5ca (len: 697)
updated maxmap 11: 5c2 (len: 697)
minimized maxmap 11: 5c2 (len: 694)
updated maxmap 4: 5c3 (len: 698)
updated maxmap 9: 5d3 (len: 701)
updated maxmap 11: 5c3 (len: 694)
updated maxmap 13: 5be (len: 702)
updated maxmap 11: 5c4 (len: 695)
updated maxmap 11: 5c6 (len: 695)
updated maxmap 4: 5c7 (len: 697)
[1;94m[*] [0mFuzzing test case #776 (1454 total, 0 uniq crashes found)...[0m
scheduled max input!!!!
schedule: 1 level25_3/ijon_max/1
[1;94m[*] [0mFuzzing test case #777 (1454 total, 0 uniq crashes found)...[0m
scheduled normal input!!!!
[1;94m[*] [0mFuzzing test case #778 (1454 total, 0 uniq crashes found)...[0m
scheduled max input!!!!
schedule: 4 level25_3/ijon_max/4
updated maxmap 5: 5d0 (len: 702)
updated maxmap 6: 5d3 (len: 702)
updated maxmap 4: 5cd (len: 699)
[1;94m[*] [0mFuzzing test case #779 (1454 total, 0 uniq crashes found)...[0m
scheduled max input!!!!
schedule: 12 level25_3/ijon_max/12
updated maxmap 14: 5bf (len: 706)
updated maxmap 12: 5c0 (len: 698)
[1;94m[*] [0mFuzzing test case #780 (1455 total, 0 uniq crashes found)...[0m
scheduled max input!!!!
schedule: 13 level25_3/ijon_max/13
updated maxmap 13: 5bf (len: 708)
updated maxmap 14: 5c0 (len: 708)
updated maxmap 15: 5c1 (len: 708)
minimized maxmap 13: 5bf (len: 702)
[1;94m[*] [0mFuzzing test case #781 (1456 total, 0 uniq crashes found)...[0m
scheduled max input!!!!
schedule: 5 level25_3/ijon_max/5
updated maxmap 5: 5d1 (len: 702)
[1;94m[*] [0mFuzzing test case #782 (1456 total, 0 uniq crashes found)...[0m
[1;94m[*] [0mFuzzing test case #783 (1456 total, 0 uniq crashes found)...[0m
scheduled max input!!!!
schedule: 8 level25_3/ijon_max/8
[1;94m[*] [0mFuzzing test case #784 (1456 total, 0 uniq crashes found)...[0m
scheduled max input!!!!
schedule: 9 level25_3/ijon_max/9
updated maxmap 9: 5d4 (len: 701)
[1;94m[*] [0mFuzzing test case #785 (1456 total, 0 uniq crashes found)...[0m
scheduled max input!!!!
schedule: 5 level25_3/ijon_max/5
updated maxmap 5: 5d2 (len: 702)
updated maxmap 6: 5d4 (len: 702)
updated maxmap 7: 5d5 (len: 702)
[1;94m[*] [0mFuzzing test case #786 (1456 total, 0 uniq crashes found)...[0m
[1;94m[*] [0mFuzzing test case #787 (1456 total, 0 uniq crashes found)...[0m
scheduled max input!!!!
schedule: 3 level25_3/ijon_max/3
[1;94m[*] [0mFuzzing test case #788 (1456 total, 0 uniq crashes found)...[0m
scheduled max input!!!!
schedule: 14 level25_3/ijon_max/14
updated maxmap 14: 5c1 (len: 708)
updated maxmap 7: 5db (len: 708)
updated maxmap 8: 5de (len: 708)
updated maxmap 6: 5d5 (len: 708)
updated maxmap 7: 5de (len: 708)
updated maxmap 8: 5e1 (len: 708)
updated maxmap 6: 5d9 (len: 708)
updated maxmap 0: 5c2 (len: 714)
updated maxmap 15: 5c2 (len: 708)
updated maxmap 9: 5e4 (len: 708)
updated maxmap 0: 5c4 (len: 713)
updated maxmap 15: 5c3 (len: 713)
[1;94m[*] [0mFuzzing test case #789 (1471 total, 0 uniq crashes found)...[0m
scheduled max input!!!!
schedule: 9 level25_3/ijon_max/9
updated maxmap 10: 5cc (len: 708)
updated maxmap 11: 5c7 (len: 708)
[1;94m[*] [0mFuzzing test case #790 (1472 total, 0 uniq crashes found)...[0m
[1;94m[*] [0mFuzzing test case #791 (1472 total, 0 uniq crashes found)...[0m
[1;94m[*] [0mFuzzing test case #792 (1472 total, 0 uniq crashes found)...[0m
scheduled max input!!!!
schedule: 8 level25_3/ijon_max/8
updated maxmap 7: 5e1 (len: 708)
updated maxmap 8: 5e3 (len: 708)
[1;94m[*] [0mFuzzing test case #793 (1472 total, 0 uniq crashes found)...[0m
scheduled max input!!!!
schedule: 4 level25_3/ijon_max/4
updated maxmap 4: 5ce (len: 699)
updated maxmap 4: 5cf (len: 699)
[1;94m[*] [0mFuzzing test case #794 (1473 total, 0 uniq crashes found)...[0m
scheduled max input!!!!
schedule: 14 level25_3/ijon_max/14
[1;94m[*] [0mFuzzing test case #795 (1473 total, 0 uniq crashes found)...[0m
scheduled max input!!!!
schedule: 2 level25_3/ijon_max/2
[1;94m[*] [0mFuzzing test case #796 (1473 total, 0 uniq crashes found)...[0m
scheduled max input!!!!
schedule: 7 level25_3/ijon_max/7
[1;94m[*] [0mFuzzing test case #797 (1473 total, 0 uniq crashes found)...[0m
scheduled max input!!!!
schedule: 3 level25_3/ijon_max/3
[1;94m[*] [0mFuzzing test case #798 (1473 total, 0 uniq crashes found)...[0m
[1;94m[*] [0mFuzzing test case #799 (1473 total, 0 uniq crashes found)...[0m
scheduled max input!!!!
schedule: 13 level25_3/ijon_max/13
updated maxmap 12: 5c1 (len: 702)
updated maxmap 13: 5c7 (len: 702)
[1;94m[*] [0mFuzzing test case #800 (1473 total, 0 uniq crashes found)...[0m
[1;94m[*] [0mFuzzing test case #801 (1473 total, 0 uniq crashes found)...[0m
scheduled max input!!!!
schedule: 1 level25_3/ijon_max/1
[1;94m[*] [0mFuzzing test case #802 (1473 total, 0 uniq crashes found)...[0m
scheduled max input!!!!
schedule: 1 level25_3/ijon_max/1
[1;94m[*] [0mFuzzing test case #803 (1473 total, 0 uniq crashes found)...[0m
scheduled max input!!!!
schedule: 7 level25_3/ijon_max/7
[1;94m[*] [0mFuzzing test case #804 (1473 total, 0 uniq crashes found)...[0m
scheduled max input!!!!
schedule: 6 level25_3/ijon_max/6
[1;94m[*] [0mFuzzing test case #805 (1473 total, 0 uniq crashes found)...[0m
[1;94m[*] [0mFuzzing test case #806 (1473 total, 0 uniq crashes found)...[0m
scheduled max input!!!!
schedule: 5 level25_3/ijon_max/5
updated maxmap 4: 5d1 (len: 702)
[1;94m[*] [0mFuzzing test case #807 (1473 total, 0 uniq crashes found)...[0m
scheduled max input!!!!
schedule: 15 level25_3/ijon_max/15
updated maxmap 8: 5e5 (len: 713)
updated maxmap 9: 5ea (len: 713)
updated maxmap 8: 5e8 (len: 713)
updated maxmap 9: 5ed (len: 713)
updated maxmap 0: 5c5 (len: 713)
updated maxmap 15: 5c4 (len: 713)
updated maxmap 15: 5c5 (len: 713)
[1;94m[*] [0mFuzzing test case #808 (1475 total, 0 uniq crashes found)...[0m
scheduled max input!!!!
schedule: 4 level25_3/ijon_max/4
updated maxmap 4: 5d2 (len: 702)
updated maxmap 4: 5d7 (len: 702)
updated maxmap 3: 5cb (len: 714)
updated maxmap 5: 5de (len: 714)
updated maxmap 6: 5e8 (len: 714)
updated maxmap 7: 5f2 (len: 714)
updated maxmap 4: 5d8 (len: 702)
[1;94m[*] [0mFuzzing test case #809 (1477 total, 0 uniq crashes found)...[0m
scheduled max input!!!!
schedule: 11 level25_3/ijon_max/11
updated maxmap 10: 5cd (len: 708)
[1;94m[*] [0mFuzzing test case #810 (1477 total, 0 uniq crashes found)...[0m
scheduled max input!!!!
schedule: 10 level25_3/ijon_max/10
updated maxmap 11: 5c8 (len: 708)
updated maxmap 10: 5ce (len: 708)
updated maxmap 10: 5d2 (len: 708)
updated maxmap 11: 5cf (len: 708)
[1;94m[*] [0mFuzzing test case #811 (1477 total, 0 uniq crashes found)...[0m
scheduled max input!!!!
schedule: 7 level25_3/ijon_max/7
updated maxmap 4: 5f1 (len: 714)
updated maxmap 3: 5cc (len: 714)
updated maxmap 5: 5e0 (len: 714)
updated maxmap 6: 5ea (len: 714)
updated maxmap 7: 5f4 (len: 714)
updated maxmap 3: 5ce (len: 715)
updated maxmap 5: 5e1 (len: 715)
updated maxmap 6: 5eb (len: 715)
updated maxmap 7: 5f5 (len: 715)
minimized maxmap 3: 5ce (len: 714)
minimized maxmap 5: 5e1 (len: 714)
minimized maxmap 6: 5eb (len: 714)
updated maxmap 3: 5cf (len: 714)
updated maxmap 5: 5e2 (len: 714)
updated maxmap 6: 5ec (len: 714)
updated maxmap 8: 5eb (len: 714)
updated maxmap 9: 5f3 (len: 714)
updated maxmap 5: 5e3 (len: 714)
updated maxmap 6: 5ed (len: 714)
updated maxmap 3: 5d1 (len: 719)
updated maxmap 5: 5e4 (len: 719)
updated maxmap 6: 5ee (len: 719)
updated maxmap 7: 5f8 (len: 719)
updated maxmap 8: 5fe (len: 719)
minimized maxmap 3: 5d1 (len: 714)
minimized maxmap 5: 5e4 (len: 714)
minimized maxmap 6: 5ee (len: 714)
updated maxmap 3: 5d2 (len: 714)
updated maxmap 5: 5e5 (len: 714)
updated maxmap 6: 5ef (len: 714)
updated maxmap 10: 5f4 (len: 714)
updated maxmap 10: 5f7 (len: 715)
updated maxmap 9: 5f6 (len: 715)
updated maxmap 3: 5d3 (len: 715)
updated maxmap 9: 605 (len: 722)
updated maxmap 2: 5c8 (len: 714)
updated maxmap 3: 5d6 (len: 714)
updated maxmap 5: 5e9 (len: 714)
updated maxmap 6: 5f3 (len: 714)
updated maxmap 5: 5f3 (len: 714)
updated maxmap 7: 5fa (len: 717)
[1;94m[*] [0mFuzzing test case #812 (1494 total, 0 uniq crashes found)...[0m
scheduled max input!!!!
schedule: 6 level25_3/ijon_max/6
updated maxmap 2: 5c9 (len: 714)
updated maxmap 3: 5d7 (len: 714)
updated maxmap 6: 5f4 (len: 714)
updated maxmap 2: 5db (len: 714)
updated maxmap 3: 5e5 (len: 714)
updated maxmap 5: 5f4 (len: 714)
updated maxmap 6: 5f5 (len: 714)
[1;94m[*] [0mFuzzing test case #813 (1494 total, 0 uniq crashes found)...[0m
scheduled max input!!!!
schedule: 13 level25_3/ijon_max/13
[1;94m[*] [0mFuzzing test case #814 (1494 total, 0 uniq crashes found)...[0m
scheduled max input!!!!
schedule: 0 level25_3/ijon_max/0
updated maxmap 0: 5c7 (len: 713)
updated maxmap 14: 5c2 (len: 713)
updated maxmap 15: 5c6 (len: 713)
[1;94m[*] [0mFuzzing test case #815 (1495 total, 0 uniq crashes found)...[0m
scheduled max input!!!!
schedule: 10 level25_3/ijon_max/10
updated maxmap 10: 5fb (len: 717)
updated maxmap 11: 5fc (len: 718)
[1;94m[*] [0mFuzzing test case #816 (1495 total, 0 uniq crashes found)...[0m
scheduled max input!!!!
schedule: 0 level25_3/ijon_max/0
[1;94m[*] [0mFuzzing test case #817 (1495 total, 0 uniq crashes found)...[0m
scheduled max input!!!!
schedule: 10 level25_3/ijon_max/10
updated maxmap 11: 5ff (len: 724)
updated maxmap 12: 5fc (len: 724)
updated maxmap 10: 5fc (len: 717)
[1;94m[*] [0mFuzzing test case #818 (1495 total, 0 uniq crashes found)...[0m
[1;94m[*] [0mFuzzing test case #819 (1495 total, 0 uniq crashes found)...[0m
scheduled max input!!!!
schedule: 7 level25_3/ijon_max/7
[1;94m[*] [0mFuzzing test case #820 (1495 total, 0 uniq crashes found)...[0m
scheduled max input!!!!
schedule: 0 level25_3/ijon_max/0
[1;94m[*] [0mFuzzing test case #821 (1495 total, 0 uniq crashes found)...[0m
[1;94m[*] [0mFuzzing test case #822 (1495 total, 0 uniq crashes found)...[0m
[1;94m[*] [0mFuzzing test case #823 (1495 total, 0 uniq crashes found)...[0m
scheduled max input!!!!
schedule: 0 level25_3/ijon_max/0
[1;94m[*] [0mFuzzing test case #824 (1495 total, 0 uniq crashes found)...[0m
scheduled max input!!!!
schedule: 11 level25_3/ijon_max/11
updated maxmap 13: 5fc (len: 731)
updated maxmap 14: 5fc (len: 731)
updated maxmap 10: 60c (len: 724)
updated maxmap 11: 608 (len: 724)
updated maxmap 10: 60d (len: 724)
[1;94m[*] [0mFuzzing test case #825 (1495 total, 0 uniq crashes found)...[0m
scheduled max input!!!!
schedule: 10 level25_3/ijon_max/10
updated maxmap 11: 609 (len: 724)
updated maxmap 9: 613 (len: 728)
updated maxmap 10: 618 (len: 728)
minimized maxmap 9: 613 (len: 726)
updated maxmap 10: 61a (len: 729)
updated maxmap 10: 61f (len: 731)
updated maxmap 9: 618 (len: 728)
updated maxmap 12: 5fd (len: 724)
[1;94m[*] [0mFuzzing test case #826 (1505 total, 0 uniq crashes found)...[0m
scheduled max input!!!!
schedule: 9 level25_3/ijon_max/9
updated maxmap 9: 62b (len: 736)
[1;94m[*] [0mFuzzing test case #827 (1505 total, 0 uniq crashes found)...[0m
scheduled max input!!!!
schedule: 4 level25_3/ijon_max/4
updated maxmap 4: 5f2 (len: 714)
updated maxmap 3: 5f0 (len: 714)
updated maxmap 4: 5f3 (len: 714)
updated maxmap 3: 5f1 (len: 715)
minimized maxmap 3: 5f1 (len: 714)
[1;94m[*] [0mFuzzing test case #828 (1506 total, 0 uniq crashes found)...[0m
scheduled max input!!!!
schedule: 6 level25_3/ijon_max/6
[1;94m[*] [0mFuzzing test case #829 (1506 total, 0 uniq crashes found)...[0m
scheduled max input!!!!
schedule: 8 level25_3/ijon_max/8
updated maxmap 8: 5ff (len: 719)
updated maxmap 8: 600 (len: 719)
[1;94m[*] [0mFuzzing test case #830 (1506 total, 0 uniq crashes found)...[0m
scheduled max input!!!!
schedule: 13 level25_3/ijon_max/13
updated maxmap 14: 5fd (len: 731)
updated maxmap 13: 5fd (len: 731)
updated maxmap 10: 629 (len: 736)
updated maxmap 11: 624 (len: 736)
[1;94m[*] [0mFuzzing test case #831 (1507 total, 0 uniq crashes found)...[0m
scheduled max input!!!!
schedule: 4 level25_3/ijon_max/4
[1;94m[*] [0mFuzzing test case #832 (1507 total, 0 uniq crashes found)...[0m
scheduled max input!!!!
schedule: 4 level25_3/ijon_max/4
[1;94m[*] [0mFuzzing test case #833 (1507 total, 0 uniq crashes found)...[0m
[1;94m[*] [0mFuzzing test case #834 (1507 total, 0 uniq crashes found)...[0m
[1;94m[*] [0mFuzzing test case #835 (1507 total, 0 uniq crashes found)...[0m
scheduled max input!!!!
schedule: 14 level25_3/ijon_max/14
updated maxmap 12: 5ff (len: 731)
updated maxmap 13: 5fe (len: 731)
updated maxmap 14: 5ff (len: 731)
updated maxmap 13: 5ff (len: 731)
updated maxmap 12: 600 (len: 736)
updated maxmap 14: 600 (len: 736)
updated maxmap 15: 601 (len: 736)
minimized maxmap 14: 600 (len: 731)
updated maxmap 0: 5ff (len: 739)
minimized maxmap 12: 600 (len: 731)
updated maxmap 13: 600 (len: 731)
[1;94m[*] [0mFuzzing test case #836 (1509 total, 0 uniq crashes found)...[0m
scheduled max input!!!!
schedule: 1 level25_3/ijon_max/1
[1;94m[*] [0mFuzzing test case #837 (1509 total, 0 uniq crashes found)...[0m
scheduled max input!!!!
schedule: 9 level25_3/ijon_max/9
[1;94m[*] [0mFuzzing test case #838 (1510 total, 0 uniq crashes found)...[0m
scheduled max input!!!!
schedule: 3 level25_3/ijon_max/3
[1;94m[*] [0mFuzzing test case #839 (1510 total, 0 uniq crashes found)...[0m
scheduled max input!!!!
schedule: 5 level25_3/ijon_max/5
updated maxmap 2: 5dc (len: 714)
updated maxmap 5: 5f5 (len: 714)
[1;94m[*] [0mFuzzing test case #840 (1511 total, 0 uniq crashes found)...[0m
scheduled max input!!!!
schedule: 4 level25_3/ijon_max/4
[1;94m[*] [0mFuzzing test case #841 (1511 total, 0 uniq crashes found)...[0m
scheduled max input!!!!
schedule: 14 level25_3/ijon_max/14
[1;94m[*] [0mFuzzing test case #842 (1511 total, 0 uniq crashes found)...[0m
scheduled max input!!!!
schedule: 15 level25_3/ijon_max/15
updated maxmap 10: 62b (len: 736)
updated maxmap 14: 601 (len: 736)
updated maxmap 15: 602 (len: 736)
updated maxmap 10: 62c (len: 736)
updated maxmap 0: 602 (len: 740)
updated maxmap 8: 610 (len: 736)
updated maxmap 11: 629 (len: 736)
updated maxmap 10: 62d (len: 738)
updated maxmap 8: 621 (len: 736)
updated maxmap 6: 5f9 (len: 736)
updated maxmap 7: 602 (len: 736)
updated maxmap 10: 63e (len: 744)
updated maxmap 11: 639 (len: 744)
updated maxmap 14: 602 (len: 736)
updated maxmap 15: 603 (len: 736)
updated maxmap 13: 601 (len: 736)
updated maxmap 9: 62e (len: 739)
updated maxmap 9: 630 (len: 742)
updated maxmap 4: 5f4 (len: 742)
updated maxmap 5: 5fd (len: 742)
updated maxmap 6: 607 (len: 742)
updated maxmap 7: 611 (len: 742)
[1;94m[*] [0mFuzzing test case #843 (1524 total, 0 uniq crashes found)...[0m
scheduled max input!!!!
schedule: 15 level25_3/ijon_max/15
[1;94m[*] [0mFuzzing test case #844 (1524 total, 0 uniq crashes found)...[0m
scheduled max input!!!!
schedule: 10 level25_3/ijon_max/10
updated maxmap 0: 604 (len: 744)
updated maxmap 10: 63f (len: 744)
updated maxmap 11: 63a (len: 744)
[1;94m[*] [0mFuzzing test case #845 (1524 total, 0 uniq crashes found)...[0m
scheduled max input!!!!
schedule: 11 level25_3/ijon_max/11
[1;94m[*] [0mFuzzing test case #846 (1525 total, 0 uniq crashes found)...[0m
scheduled max input!!!!
schedule: 9 level25_3/ijon_max/9
updated maxmap 9: 631 (len: 742)
updated maxmap 10: 640 (len: 745)
updated maxmap 11: 63b (len: 745)
[1;94m[*] [0mFuzzing test case #847 (1525 total, 0 uniq crashes found)...[0m
scheduled max input!!!!
schedule: 7 level25_3/ijon_max/7
updated maxmap 4: 5f5 (len: 742)
updated maxmap 5: 5fe (len: 742)
updated maxmap 6: 608 (len: 742)
updated maxmap 7: 612 (len: 742)
updated maxmap 9: 647 (len: 750)
updated maxmap 10: 64c (len: 750)
updated maxmap 11: 63f (len: 747)
[1;94m[*] [0mFuzzing test case #848 (1526 total, 0 uniq crashes found)...[0m
scheduled max input!!!!
schedule: 12 level25_3/ijon_max/12
[1;94m[*] [0mFuzzing test case #849 (1526 total, 0 uniq crashes found)...[0m
scheduled max input!!!!
schedule: 8 level25_3/ijon_max/8
updated maxmap 8: 622 (len: 736)
[1;94m[*] [0mFuzzing test case #850 (1526 total, 0 uniq crashes found)...[0m
scheduled max input!!!!
schedule: 4 level25_3/ijon_max/4
[1;94m[*] [0mFuzzing test case #851 (1526 total, 0 uniq crashes found)...[0m
scheduled max input!!!!
schedule: 4 level25_3/ijon_max/4
[1;94m[*] [0mFuzzing test case #852 (1527 total, 0 uniq crashes found)...[0m
scheduled max input!!!!
schedule: 13 level25_3/ijon_max/13
[1;94m[*] [0mFuzzing test case #853 (1527 total, 0 uniq crashes found)...[0m
[1;94m[*] [0mFuzzing test case #854 (1527 total, 0 uniq crashes found)...[0m
scheduled max input!!!!
schedule: 1 level25_3/ijon_max/1
[1;94m[*] [0mFuzzing test case #855 (1527 total, 0 uniq crashes found)...[0m
scheduled max input!!!!
schedule: 5 level25_3/ijon_max/5
[1;94m[*] [0mFuzzing test case #856 (1527 total, 0 uniq crashes found)...[0m
scheduled max input!!!!
schedule: 6 level25_3/ijon_max/6
updated maxmap 8: 638 (len: 742)
[1;94m[*] [0mFuzzing test case #857 (1527 total, 0 uniq crashes found)...[0m
scheduled max input!!!!
schedule: 1 level25_3/ijon_max/1
[1;94m[*] [0mFuzzing test case #858 (1527 total, 0 uniq crashes found)...[0m
[1;94m[*] [0mFuzzing test case #859 (1527 total, 0 uniq crashes found)...[0m
scheduled max input!!!!
schedule: 14 level25_3/ijon_max/14
[1;94m[*] [0mFuzzing test case #860 (1527 total, 0 uniq crashes found)...[0m
scheduled max input!!!!
schedule: 3 level25_3/ijon_max/3
[1;94m[*] [0mFuzzing test case #861 (1527 total, 0 uniq crashes found)...[0m
scheduled max input!!!!
schedule: 12 level25_3/ijon_max/12
[1;94m[*] [0mFuzzing test case #862 (1527 total, 0 uniq crashes found)...[0m
scheduled max input!!!!
schedule: 12 level25_3/ijon_max/12
[1;94m[*] [0mFuzzing test case #863 (1527 total, 0 uniq crashes found)...[0m
scheduled max input!!!!
schedule: 9 level25_3/ijon_max/9
updated maxmap 9: 648 (len: 750)
updated maxmap 10: 64d (len: 750)
updated maxmap 9: 649 (len: 750)
updated maxmap 10: 64e (len: 750)
[1;94m[*] [0mFuzzing test case #864 (1527 total, 0 uniq crashes found)...[0m
[1;94m[*] [0mFuzzing test case #865 (1527 total, 0 uniq crashes found)...[0m
scheduled max input!!!!
schedule: 12 level25_3/ijon_max/12
[1;94m[*] [0mFuzzing test case #866 (1528 total, 0 uniq crashes found)...[0m
scheduled max input!!!!
schedule: 12 level25_3/ijon_max/12
[1;94m[*] [0mFuzzing test case #867 (1528 total, 0 uniq crashes found)...[0m
scheduled max input!!!!
schedule: 11 level25_3/ijon_max/11
updated maxmap 8: 654 (len: 753)
updated maxmap 9: 656 (len: 754)
updated maxmap 4: 5f6 (len: 747)
updated maxmap 11: 640 (len: 747)
updated maxmap 5: 5ff (len: 747)
[1;94m[*] [0mFuzzing test case #868 (1529 total, 0 uniq crashes found)...[0m
scheduled max input!!!!
schedule: 8 level25_3/ijon_max/8
updated maxmap 8: 655 (len: 753)
updated maxmap 6: 609 (len: 753)
updated maxmap 10: 655 (len: 753)
[1;94m[*] [0mFuzzing test case #869 (1529 total, 0 uniq crashes found)...[0m
[1;94m[*] [0mFuzzing test case #870 (1529 total, 0 uniq crashes found)...[0m
scheduled max input!!!!
schedule: 13 level25_3/ijon_max/13
[1;94m[*] [0mFuzzing test case #871 (1529 total, 0 uniq crashes found)...[0m
scheduled max input!!!!
schedule: 3 level25_3/ijon_max/3
[1;94m[*] [0mFuzzing test case #872 (1529 total, 0 uniq crashes found)...[0m
scheduled max input!!!!
schedule: 1 level25_3/ijon_max/1
[1;94m[*] [0mFuzzing test case #873 (1529 total, 0 uniq crashes found)...[0m
scheduled max input!!!!
schedule: 12 level25_3/ijon_max/12
[1;94m[*] [0mFuzzing test case #874 (1529 total, 0 uniq crashes found)...[0m
scheduled max input!!!!
schedule: 11 level25_3/ijon_max/11
updated maxmap 11: 641 (len: 747)
[1;94m[*] [0mFuzzing test case #875 (1529 total, 0 uniq crashes found)...[0m
scheduled max input!!!!
schedule: 12 level25_3/ijon_max/12
[1;94m[*] [0mFuzzing test case #876 (1529 total, 0 uniq crashes found)...[0m
scheduled max input!!!!
schedule: 0 level25_3/ijon_max/0
updated maxmap 11: 64b (len: 750)
[1;94m[*] [0mFuzzing test case #877 (1529 total, 0 uniq crashes found)...[0m
scheduled max input!!!!
schedule: 14 level25_3/ijon_max/14
[1;94m[*] [0mFuzzing test case #878 (1529 total, 0 uniq crashes found)...[0m
scheduled max input!!!!
schedule: 11 level25_3/ijon_max/11
[1;94m[*] [0mFuzzing test case #879 (1529 total, 0 uniq crashes found)...[0m
scheduled max input!!!!
schedule: 4 level25_3/ijon_max/4
minimized maxmap 6: 609 (len: 747)
updated maxmap 7: 613 (len: 747)
[1;94m[*] [0mFuzzing test case #880 (1529 total, 0 uniq crashes found)...[0m
scheduled max input!!!!
schedule: 8 level25_3/ijon_max/8
updated maxmap 9: 65a (len: 758)
updated maxmap 10: 661 (len: 758)
[1;94m[*] [0mFuzzing test case #881 (1529 total, 0 uniq crashes found)...[0m
scheduled max input!!!!
schedule: 0 level25_3/ijon_max/0
[1;94m[*] [0mFuzzing test case #882 (1529 total, 0 uniq crashes found)...[0m
scheduled max input!!!!
schedule: 1 level25_3/ijon_max/1
[1;94m[*] [0mFuzzing test case #883 (1529 total, 0 uniq crashes found)...[0m
scheduled max input!!!!
schedule: 11 level25_3/ijon_max/11
updated maxmap 11: 651 (len: 753)
updated maxmap 9: 65e (len: 758)
updated maxmap 11: 659 (len: 756)
updated maxmap 8: 65c (len: 756)
updated maxmap 8: 65f (len: 757)
minimized maxmap 11: 659 (len: 755)
updated maxmap 12: 65a (len: 758)
updated maxmap 7: 637 (len: 758)
updated maxmap 11: 65c (len: 758)
updated maxmap 12: 65c (len: 758)
minimized maxmap 7: 637 (len: 750)
updated maxmap 7: 638 (len: 750)
[1;94m[*] [0mFuzzing test case #884 (1542 total, 0 uniq crashes found)...[0m
scheduled max input!!!!
schedule: 15 level25_3/ijon_max/15
[1;94m[*] [0mFuzzing test case #885 (1542 total, 0 uniq crashes found)...[0m
scheduled max input!!!!
schedule: 12 level25_3/ijon_max/12
updated maxmap 11: 65e (len: 758)
updated maxmap 12: 65d (len: 758)
updated maxmap 13: 662 (len: 758)
updated maxmap 8: 661 (len: 758)
updated maxmap 11: 66d (len: 764)
updated maxmap 12: 660 (len: 758)
updated maxmap 13: 669 (len: 766)
updated maxmap 14: 673 (len: 766)
updated maxmap 15: 676 (len: 766)
updated maxmap 11: 66e (len: 764)
updated maxmap 8: 662 (len: 758)
updated maxmap 11: 672 (len: 765)
updated maxmap 9: 666 (len: 762)
updated maxmap 10: 66b (len: 762)
updated maxmap 12: 661 (len: 758)
updated maxmap 13: 66a (len: 761)
updated maxmap 9: 668 (len: 762)
updated maxmap 10: 66d (len: 762)
updated maxmap 7: 639 (len: 762)
updated maxmap 8: 663 (len: 758)
[1;94m[*] [0mFuzzing test case #886 (1552 total, 0 uniq crashes found)...[0m
scheduled max input!!!!
schedule: 5 level25_3/ijon_max/5
updated maxmap 2: 5f6 (len: 747)
updated maxmap 3: 5ff (len: 747)
updated maxmap 4: 608 (len: 747)
updated maxmap 5: 612 (len: 747)
updated maxmap 6: 61c (len: 747)
[1;94m[*] [0mFuzzing test case #887 (1552 total, 0 uniq crashes found)...[0m
scheduled max input!!!!
schedule: 13 level25_3/ijon_max/13
updated maxmap 11: 677 (len: 767)
updated maxmap 8: 669 (len: 761)
[1;94m[*] [0mFuzzing test case #888 (1553 total, 0 uniq crashes found)...[0m
scheduled max input!!!!
schedule: 0 level25_3/ijon_max/0
[1;94m[*] [0mFuzzing test case #889 (1553 total, 0 uniq crashes found)...[0m
scheduled max input!!!!
schedule: 6 level25_3/ijon_max/6
updated maxmap 4: 609 (len: 747)
updated maxmap 5: 613 (len: 747)
updated maxmap 6: 61d (len: 747)
[1;94m[*] [0mFuzzing test case #890 (1553 total, 0 uniq crashes found)...[0m
scheduled max input!!!!
schedule: 8 level25_3/ijon_max/8
updated maxmap 8: 66a (len: 761)
[1;94m[*] [0mFuzzing test case #891 (1553 total, 0 uniq crashes found)...[0m
scheduled max input!!!!
schedule: 5 level25_3/ijon_max/5
updated maxmap 4: 621 (len: 747)
updated maxmap 5: 62b (len: 747)
updated maxmap 6: 635 (len: 747)
updated maxmap 7: 63f (len: 747)
updated maxmap 4: 622 (len: 747)
updated maxmap 5: 62c (len: 747)
updated maxmap 6: 636 (len: 747)
updated maxmap 7: 640 (len: 747)
updated maxmap 1: 5f3 (len: 747)
updated maxmap 2: 5fe (len: 747)
updated maxmap 3: 607 (len: 747)
updated maxmap 4: 623 (len: 747)
updated maxmap 5: 62d (len: 747)
updated maxmap 6: 637 (len: 747)
updated maxmap 7: 641 (len: 747)
updated maxmap 4: 624 (len: 747)
updated maxmap 5: 62e (len: 747)
updated maxmap 6: 638 (len: 747)
updated maxmap 7: 642 (len: 747)
updated maxmap 4: 625 (len: 747)
updated maxmap 5: 62f (len: 747)
updated maxmap 6: 639 (len: 747)
updated maxmap 7: 643 (len: 747)
updated maxmap 1: 5f5 (len: 747)
updated maxmap 2: 600 (len: 747)
updated maxmap 3: 60a (len: 747)
[1;94m[*] [0mFuzzing test case #892 (1560 total, 0 uniq crashes found)...[0m
scheduled max input!!!!
schedule: 0 level25_3/ijon_max/0
[1;94m[*] [0mFuzzing test case #893 (1560 total, 0 uniq crashes found)...[0m
[1;94m[*] [0mFuzzing test case #894 (1560 total, 0 uniq crashes found)...[0m
scheduled max input!!!!
schedule: 0 level25_3/ijon_max/0
[1;94m[*] [0mFuzzing test case #895 (1560 total, 0 uniq crashes found)...[0m
scheduled max input!!!!
schedule: 8 level25_3/ijon_max/8
updated maxmap 8: 66b (len: 761)
[1;94m[*] [0mFuzzing test case #896 (1560 total, 0 uniq crashes found)...[0m
scheduled max input!!!!
schedule: 5 level25_3/ijon_max/5
updated maxmap 3: 612 (len: 747)
[1;94m[*] [0mFuzzing test case #897 (1560 total, 0 uniq crashes found)...[0m
[1;94m[*] [0mFuzzing test case #898 (1560 total, 0 uniq crashes found)...[0m
scheduled max input!!!!
schedule: 10 level25_3/ijon_max/10
updated maxmap 7: 664 (len: 770)
updated maxmap 8: 673 (len: 770)
updated maxmap 9: 67d (len: 770)
[1;94m[*] [0mFuzzing test case #899 (1560 total, 0 uniq crashes found)...[0m
scheduled max input!!!!
schedule: 6 level25_3/ijon_max/6
[1;94m[*] [0mFuzzing test case #900 (1560 total, 0 uniq crashes found)...[0m
scheduled max input!!!!
schedule: 8 level25_3/ijon_max/8
updated maxmap 7: 665 (len: 770)
updated maxmap 8: 68f (len: 778)
updated maxmap 10: 672 (len: 778)
minimized maxmap 10: 672 (len: 770)
updated maxmap 9: 68d (len: 777)
updated maxmap 10: 67d (len: 777)
updated maxmap 10: 67e (len: 775)
updated maxmap 10: 67f (len: 777)
updated maxmap 11: 679 (len: 777)
updated maxmap 9: 692 (len: 779)
updated maxmap 10: 682 (len: 779)
updated maxmap 11: 67c (len: 779)
updated maxmap 10: 683 (len: 777)
updated maxmap 11: 67d (len: 777)
updated maxmap 7: 684 (len: 775)
updated maxmap 15: 67a (len: 770)
[1;94m[*] [0mFuzzing test case #901 (1571 total, 0 uniq crashes found)...[0m
scheduled max input!!!!
schedule: 14 level25_3/ijon_max/14
updated maxmap 14: 674 (len: 766)
[1;94m[*] [0mFuzzing test case #902 (1571 total, 0 uniq crashes found)...[0m
[1;94m[*] [0mFuzzing test case #903 (1571 total, 0 uniq crashes found)...[0m
scheduled max input!!!!
schedule: 3 level25_3/ijon_max/3
updated maxmap 3: 613 (len: 747)
updated maxmap 3: 617 (len: 749)
minimized maxmap 3: 617 (len: 747)
[1;94m[*] [0mFuzzing test case #904 (1571 total, 0 uniq crashes found)...[0m
scheduled max input!!!!
schedule: 0 level25_3/ijon_max/0
[1;94m[*] [0mFuzzing test case #905 (1571 total, 0 uniq crashes found)...[0m
scheduled max input!!!!
schedule: 6 level25_3/ijon_max/6
[1;94m[*] [0mFuzzing test case #906 (1571 total, 0 uniq crashes found)...[0m
[1;94m[*] [0mFuzzing test case #907 (1571 total, 0 uniq crashes found)...[0m
[1;94m[*] [0mFuzzing test case #908 (1571 total, 0 uniq crashes found)...[0m
scheduled max input!!!!
schedule: 6 level25_3/ijon_max/6
[1;94m[*] [0mFuzzing test case #909 (1571 total, 0 uniq crashes found)...[0m
scheduled max input!!!!
schedule: 7 level25_3/ijon_max/7
updated maxmap 7: 685 (len: 775)
updated maxmap 7: 688 (len: 775)
updated maxmap 8: 690 (len: 779)
updated maxmap 7: 689 (len: 775)
updated maxmap 7: 695 (len: 781)
updated maxmap 8: 694 (len: 781)
updated maxmap 0: 679 (len: 776)
updated maxmap 10: 697 (len: 783)
updated maxmap 11: 699 (len: 783)
minimized maxmap 11: 699 (len: 782)
updated maxmap 0: 67a (len: 775)
updated maxmap 9: 694 (len: 781)
[1;94m[*] [0mFuzzing test case #910 (1581 total, 0 uniq crashes found)...[0m
scheduled max input!!!!
schedule: 13 level25_3/ijon_max/13
updated maxmap 13: 66b (len: 761)
[1;94m[*] [0mFuzzing test case #911 (1581 total, 0 uniq crashes found)...[0m
[1;94m[*] [0mFuzzing test case #912 (1581 total, 0 uniq crashes found)...[0m
[1;94m[*] [0mFuzzing test case #913 (1581 total, 0 uniq crashes found)...[0m
scheduled max input!!!!
schedule: 12 level25_3/ijon_max/12
[1;94m[*] [0mFuzzing test case #914 (1581 total, 0 uniq crashes found)...[0m
[1;94m[*] [0mFuzzing test case #915 (1581 total, 0 uniq crashes found)...[0m
scheduled max input!!!!
schedule: 14 level25_3/ijon_max/14
updated maxmap 0: 67f (len: 774)
updated maxmap 15: 67d (len: 774)
[1;94m[*] [0mFuzzing test case #916 (1583 total, 0 uniq crashes found)...[0m
scheduled max input!!!!
schedule: 6 level25_3/ijon_max/6
[1;94m[*] [0mFuzzing test case #917 (1583 total, 0 uniq crashes found)...[0m
scheduled max input!!!!
schedule: 6 level25_3/ijon_max/6
[1;94m[*] [0mFuzzing test case #918 (1583 total, 0 uniq crashes found)...[0m
scheduled max input!!!!
schedule: 6 level25_3/ijon_max/6
[1;94m[*] [0mFuzzing test case #919 (1583 total, 0 uniq crashes found)...[0m
scheduled max input!!!!
schedule: 3 level25_3/ijon_max/3
[1;94m[*] [0mFuzzing test case #920 (1583 total, 0 uniq crashes found)...[0m
[1;94m[*] [0mFuzzing test case #921 (1583 total, 0 uniq crashes found)...[0m
scheduled max input!!!!
schedule: 8 level25_3/ijon_max/8
updated maxmap 8: 695 (len: 781)
updated maxmap 8: 696 (len: 781)
updated maxmap 7: 697 (len: 785)
updated maxmap 8: 69b (len: 785)
updated maxmap 9: 698 (len: 787)
updated maxmap 11: 6a1 (len: 785)
minimized maxmap 7: 697 (len: 784)
updated maxmap 8: 69e (len: 787)
updated maxmap 9: 6a0 (len: 787)
updated maxmap 10: 69e (len: 786)
updated maxmap 11: 6a4 (len: 786)
updated maxmap 11: 6a8 (len: 788)
updated maxmap 9: 6a1 (len: 789)
updated maxmap 10: 6a6 (len: 789)
[1;94m[*] [0mFuzzing test case #922 (1590 total, 0 uniq crashes found)...[0m
[1;94m[*] [0mFuzzing test case #923 (1590 total, 0 uniq crashes found)...[0m
scheduled max input!!!!
schedule: 15 level25_3/ijon_max/15
updated maxmap 0: 681 (len: 774)
updated maxmap 15: 67e (len: 774)
updated maxmap 14: 675 (len: 774)
updated maxmap 15: 67f (len: 774)
[1;94m[*] [0mFuzzing test case #924 (1590 total, 0 uniq crashes found)...[0m
[1;94m[*] [0mFuzzing test case #925 (1590 total, 0 uniq crashes found)...[0m
scheduled max input!!!!
schedule: 5 level25_3/ijon_max/5
[1;94m[*] [0mFuzzing test case #926 (1590 total, 0 uniq crashes found)...[0m
[1;94m[*] [0mFuzzing test case #927 (1590 total, 0 uniq crashes found)...[0m
scheduled max input!!!!
schedule: 3 level25_3/ijon_max/3
updated maxmap 3: 618 (len: 747)
[1;94m[*] [0mFuzzing test case #928 (1590 total, 0 uniq crashes found)...[0m
[1;94m[*] [0mFuzzing test case #929 (1590 total, 0 uniq crashes found)...[0m
scheduled max input!!!!
schedule: 12 level25_3/ijon_max/12
[1;94m[*] [0mFuzzing test case #930 (1590 total, 0 uniq crashes found)...[0m
scheduled max input!!!!
schedule: 7 level25_3/ijon_max/7
updated maxmap 7: 698 (len: 784)
updated maxmap 7: 69a (len: 788)
[1;94m[*] [0mFuzzing test case #931 (1590 total, 0 uniq crashes found)...[0m
scheduled max input!!!!
schedule: 8 level25_3/ijon_max/8
[1;94m[*] [0mFuzzing test case #932 (1590 total, 0 uniq crashes found)...[0m
scheduled max input!!!!
schedule: 5 level25_3/ijon_max/5
[1;94m[*] [0mFuzzing test case #933 (1590 total, 0 uniq crashes found)...[0m
scheduled max input!!!!
schedule: 6 level25_3/ijon_max/6
[1;94m[*] [0mFuzzing test case #934 (1590 total, 0 uniq crashes found)...[0m
scheduled max input!!!!
schedule: 12 level25_3/ijon_max/12
[1;94m[*] [0mFuzzing test case #935 (1590 total, 0 uniq crashes found)...[0m
scheduled max input!!!!
schedule: 8 level25_3/ijon_max/8
updated maxmap 11: 6a9 (len: 793)
updated maxmap 12: 6af (len: 793)
minimized maxmap 9: 6a1 (len: 787)
updated maxmap 8: 69f (len: 787)
updated maxmap 9: 6a2 (len: 787)
updated maxmap 9: 6a3 (len: 787)
updated maxmap 8: 6a0 (len: 787)
[1;94m[*] [0mFuzzing test case #936 (1592 total, 0 uniq crashes found)...[0m
scheduled max input!!!!
schedule: 4 level25_3/ijon_max/4
[1;94m[*] [0mFuzzing test case #937 (1592 total, 0 uniq crashes found)...[0m
scheduled max input!!!!
schedule: 14 level25_3/ijon_max/14
[1;94m[*] [0mFuzzing test case #938 (1592 total, 0 uniq crashes found)...[0m
scheduled max input!!!!
schedule: 15 level25_3/ijon_max/15
[1;94m[*] [0mFuzzing test case #939 (1592 total, 0 uniq crashes found)...[0m
scheduled max input!!!!
schedule: 11 level25_3/ijon_max/11
updated maxmap 11: 6ab (len: 793)
updated maxmap 12: 6b2 (len: 793)
updated maxmap 12: 6b3 (len: 793)
updated maxmap 11: 6ac (len: 793)
updated maxmap 13: 6b2 (len: 793)
updated maxmap 11: 6ad (len: 797)
updated maxmap 12: 6b4 (len: 797)
updated maxmap 10: 6a9 (len: 801)
updated maxmap 11: 6b1 (len: 801)
updated maxmap 12: 6ba (len: 801)
updated maxmap 13: 6c4 (len: 801)
updated maxmap 14: 6c9 (len: 801)
minimized maxmap 10: 6a9 (len: 793)
minimized maxmap 11: 6b1 (len: 793)
updated maxmap 11: 6b2 (len: 793)
minimized maxmap 12: 6ba (len: 796)
updated maxmap 10: 6aa (len: 793)
updated maxmap 11: 6b3 (len: 793)
minimized maxmap 12: 6ba (len: 794)
updated maxmap 11: 6b4 (len: 793)
updated maxmap 10: 6ac (len: 794)
updated maxmap 11: 6b5 (len: 794)
minimized maxmap 10: 6ac (len: 793)
minimized maxmap 11: 6b5 (len: 793)
updated maxmap 11: 6b6 (len: 793)
updated maxmap 10: 6ad (len: 799)
updated maxmap 11: 6b7 (len: 799)
updated maxmap 12: 6c0 (len: 799)
updated maxmap 13: 6c6 (len: 799)
minimized maxmap 10: 6ad (len: 793)
minimized maxmap 11: 6b7 (len: 793)
updated maxmap 9: 6a5 (len: 794)
updated maxmap 10: 6af (len: 794)
updated maxmap 11: 6b9 (len: 794)
minimized maxmap 9: 6a5 (len: 793)
minimized maxmap 10: 6af (len: 793)
minimized maxmap 11: 6b9 (len: 793)
updated maxmap 9: 6a7 (len: 793)
updated maxmap 10: 6b1 (len: 793)
updated maxmap 9: 6a8 (len: 793)
updated maxmap 10: 6b2 (len: 793)
updated maxmap 8: 6a2 (len: 793)
updated maxmap 9: 6ac (len: 793)
updated maxmap 10: 6b6 (len: 793)
updated maxmap 12: 6c3 (len: 799)
updated maxmap 13: 6c8 (len: 799)
updated maxmap 11: 6be (len: 796)
updated maxmap 0: 6d7 (len: 807)
updated maxmap 14: 6cb (len: 807)
updated maxmap 15: 6d5 (len: 807)
[1;94m[*] [0mFuzzing test case #940 (1607 total, 0 uniq crashes found)...[0m
scheduled max input!!!!
schedule: 6 level25_3/ijon_max/6
[1;94m[*] [0mFuzzing test case #941 (1607 total, 0 uniq crashes found)...[0m
scheduled max input!!!!
schedule: 10 level25_3/ijon_max/10
[1;94m[*] [0mFuzzing test case #942 (1607 total, 0 uniq crashes found)...[0m
[1;94m[*] [0mFuzzing test case #943 (1607 total, 0 uniq crashes found)...[0m
scheduled max input!!!!
schedule: 5 level25_3/ijon_max/5
[1;94m[*] [0mFuzzing test case #944 (1607 total, 0 uniq crashes found)...[0m
scheduled max input!!!!
schedule: 1 level25_3/ijon_max/1
[1;94m[*] [0mFuzzing test case #945 (1607 total, 0 uniq crashes found)...[0m
scheduled max input!!!!
schedule: 7 level25_3/ijon_max/7
[1;94m[*] [0mFuzzing test case #946 (1607 total, 0 uniq crashes found)...[0m
scheduled max input!!!!
schedule: 9 level25_3/ijon_max/9
updated maxmap 8: 6a3 (len: 793)
updated maxmap 9: 6ad (len: 793)
updated maxmap 10: 6b7 (len: 793)
[1;94m[*] [0mFuzzing test case #947 (1607 total, 0 uniq crashes found)...[0m
scheduled max input!!!!
schedule: 13 level25_3/ijon_max/13
updated maxmap 11: 6bf (len: 807)
updated maxmap 12: 6c9 (len: 807)
updated maxmap 13: 6d3 (len: 807)
updated maxmap 14: 6d8 (len: 807)
minimized maxmap 11: 6bf (len: 799)
updated maxmap 9: 6af (len: 799)
updated maxmap 10: 6b9 (len: 799)
updated maxmap 11: 6c3 (len: 799)
updated maxmap 9: 6b3 (len: 799)
updated maxmap 10: 6bd (len: 799)
[1;94m[*] [0mFuzzing test case #948 (1608 total, 0 uniq crashes found)...[0m
[1;94m[*] [0mFuzzing test case #949 (1608 total, 0 uniq crashes found)...[0m
scheduled max input!!!!
schedule: 2 level25_3/ijon_max/2
updated maxmap 1: 600 (len: 747)
updated maxmap 2: 60a (len: 747)
[1;94m[*] [0mFuzzing test case #950 (1608 total, 0 uniq crashes found)...[0m
scheduled max input!!!!
schedule: 2 level25_3/ijon_max/2
[1;94m[*] [0mFuzzing test case #951 (1608 total, 0 uniq crashes found)...[0m
scheduled max input!!!!
schedule: 7 level25_3/ijon_max/7
updated maxmap 7: 69b (len: 795)
minimized maxmap 7: 69b (len: 788)
updated maxmap 7: 69c (len: 788)
[1;94m[*] [0mFuzzing test case #952 (1609 total, 0 uniq crashes found)...[0m
[1;94m[*] [0mFuzzing test case #953 (1609 total, 0 uniq crashes found)...[0m
[1;94m[*] [0mFuzzing test case #954 (1609 total, 0 uniq crashes found)...[0m
scheduled max input!!!!
schedule: 15 level25_3/ijon_max/15
[1;94m[*] [0mFuzzing test case #955 (1609 total, 0 uniq crashes found)...[0m
[1;94m[*] [0mFuzzing test case #956 (1609 total, 0 uniq crashes found)...[0m
scheduled max input!!!!
schedule: 13 level25_3/ijon_max/13
updated maxmap 15: 6db (len: 807)
updated maxmap 0: 6da (len: 809)
updated maxmap 12: 6ca (len: 807)
updated maxmap 13: 6d4 (len: 807)
updated maxmap 14: 6d9 (len: 807)
updated maxmap 12: 6cb (len: 807)
updated maxmap 13: 6d5 (len: 807)
updated maxmap 14: 6da (len: 807)
updated maxmap 8: 6a4 (len: 811)
updated maxmap 12: 6cc (len: 811)
updated maxmap 13: 6d6 (len: 811)
updated maxmap 14: 6e0 (len: 811)
updated maxmap 15: 6e5 (len: 811)
minimized maxmap 8: 6a4 (len: 807)
minimized maxmap 12: 6cc (len: 807)
minimized maxmap 13: 6d6 (len: 807)
updated maxmap 8: 6a9 (len: 807)
updated maxmap 9: 6b5 (len: 807)
updated maxmap 10: 6bf (len: 807)
updated maxmap 11: 6c9 (len: 807)
updated maxmap 12: 6d3 (len: 807)
updated maxmap 13: 6da (len: 807)
[1;94m[*] [0mFuzzing test case #957 (1610 total, 0 uniq crashes found)...[0m
scheduled max input!!!!
schedule: 15 level25_3/ijon_max/15
updated maxmap 13: 6dc (len: 811)
updated maxmap 14: 6e4 (len: 811)
updated maxmap 13: 6dd (len: 811)
[1;94m[*] [0mFuzzing test case #958 (1610 total, 0 uniq crashes found)...[0m
scheduled max input!!!!
schedule: 10 level25_3/ijon_max/10
[1;94m[*] [0mFuzzing test case #959 (1610 total, 0 uniq crashes found)...[0m
[1;94m[*] [0mFuzzing test case #960 (1610 total, 0 uniq crashes found)...[0m
scheduled max input!!!!
schedule: 2 level25_3/ijon_max/2
[1;94m[*] [0mFuzzing test case #961 (1610 total, 0 uniq crashes found)...[0m
scheduled max input!!!!
schedule: 12 level25_3/ijon_max/12
updated maxmap 8: 6ae (len: 807)
updated maxmap 9: 6b8 (len: 807)
updated maxmap 10: 6c2 (len: 807)
updated maxmap 11: 6cc (len: 807)
updated maxmap 12: 6d6 (len: 807)
[1;94m[*] [0mFuzzing test case #962 (1610 total, 0 uniq crashes found)...[0m
scheduled max input!!!!
schedule: 1 level25_3/ijon_max/1
updated maxmap 1: 605 (len: 747)
updated maxmap 2: 60c (len: 747)
[1;94m[*] [0mFuzzing test case #963 (1610 total, 0 uniq crashes found)...[0m
[1;94m[*] [0mFuzzing test case #964 (1610 total, 0 uniq crashes found)...[0m
scheduled max input!!!!
schedule: 2 level25_3/ijon_max/2
[1;94m[*] [0mFuzzing test case #965 (1610 total, 0 uniq crashes found)...[0m
scheduled max input!!!!
schedule: 0 level25_3/ijon_max/0
updated maxmap 0: 6db (len: 809)
updated maxmap 0: 6dd (len: 811)
minimized maxmap 0: 6dd (len: 809)
updated maxmap 0: 6de (len: 809)
updated maxmap 0: 6e1 (len: 810)
[1;94m[*] [0mFuzzing test case #966 (1612 total, 0 uniq crashes found)...[0m
scheduled max input!!!!
schedule: 8 level25_3/ijon_max/8
updated maxmap 8: 6b0 (len: 808)
updated maxmap 9: 6ba (len: 808)
updated maxmap 10: 6c4 (len: 808)
updated maxmap 11: 6cd (len: 808)
updated maxmap 12: 6d7 (len: 808)
minimized maxmap 8: 6b0 (len: 807)
minimized maxmap 9: 6ba (len: 807)
minimized maxmap 10: 6c4 (len: 807)
updated maxmap 11: 6ce (len: 807)
minimized maxmap 12: 6d7 (len: 807)
[1;94m[*] [0mFuzzing test case #967 (1612 total, 0 uniq crashes found)...[0m
[1;94m[*] [0mFuzzing test case #968 (1612 total, 0 uniq crashes found)...[0m
scheduled max input!!!!
schedule: 2 level25_3/ijon_max/2
updated maxmap 1: 606 (len: 747)
updated maxmap 2: 610 (len: 747)
updated maxmap 3: 61a (len: 747)
updated maxmap 1: 607 (len: 747)
updated maxmap 2: 611 (len: 747)
updated maxmap 3: 61b (len: 747)
[1;94m[*] [0mFuzzing test case #969 (1613 total, 0 uniq crashes found)...[0m
scheduled max input!!!!
schedule: 7 level25_3/ijon_max/7
[1;94m[*] [0mFuzzing test case #970 (1614 total, 0 uniq crashes found)...[0m
[1;94m[*] [0mFuzzing test case #971 (1614 total, 0 uniq crashes found)...[0m
scheduled max input!!!!
schedule: 11 level25_3/ijon_max/11
updated maxmap 12: 6d8 (len: 807)
[1;94m[*] [0mFuzzing test case #972 (1614 total, 0 uniq crashes found)...[0m
[1;94m[*] [0mFuzzing test case #973 (1614 total, 0 uniq crashes found)...[0m
scheduled max input!!!!
schedule: 12 level25_3/ijon_max/12
[1;94m[*] [0mFuzzing test case #974 (1614 total, 0 uniq crashes found)...[0m
[1;94m[*] [0mFuzzing test case #975 (1614 total, 0 uniq crashes found)...[0m
scheduled max input!!!!
schedule: 9 level25_3/ijon_max/9
[1;94m[*] [0mFuzzing test case #976 (1614 total, 0 uniq crashes found)...[0m
[1;94m[*] [0mFuzzing test case #977 (1614 total, 0 uniq crashes found)...[0m
[1;94m[*] [0mFuzzing test case #978 (1614 total, 0 uniq crashes found)...[0m
scheduled max input!!!!
schedule: 12 level25_3/ijon_max/12
[1;94m[*] [0mFuzzing test case #979 (1614 total, 0 uniq crashes found)...[0m
scheduled max input!!!!
schedule: 11 level25_3/ijon_max/11
[1;94m[*] [0mFuzzing test case #980 (1614 total, 0 uniq crashes found)...[0m
scheduled max input!!!!
schedule: 14 level25_3/ijon_max/14
updated maxmap 15: 6e8 (len: 813)
[1;94m[*] [0mFuzzing test case #981 (1614 total, 0 uniq crashes found)...[0m
scheduled max input!!!!
schedule: 12 level25_3/ijon_max/12
updated maxmap 13: 6e2 (len: 812)
updated maxmap 14: 6e7 (len: 812)
[1;94m[*] [0mFuzzing test case #982 (1614 total, 0 uniq crashes found)...[0m
scheduled max input!!!!
schedule: 0 level25_3/ijon_max/0
[1;94m[*] [0mFuzzing test case #983 (1614 total, 0 uniq crashes found)...[0m
scheduled max input!!!!
schedule: 3 level25_3/ijon_max/3
updated maxmap 1: 608 (len: 747)
updated maxmap 2: 612 (len: 747)
updated maxmap 3: 61c (len: 747)
updated maxmap 4: 626 (len: 747)
updated maxmap 5: 630 (len: 747)
updated maxmap 6: 63a (len: 747)
[1;94m[*] [0mFuzzing test case #984 (1614 total, 0 uniq crashes found)...[0m
[1;94m[*] [0mFuzzing test case #985 (1614 total, 0 uniq crashes found)...[0m
scheduled max input!!!!
schedule: 8 level25_3/ijon_max/8
[1;94m[*] [0mFuzzing test case #986 (1614 total, 0 uniq crashes found)...[0m
scheduled max input!!!!
schedule: 0 level25_3/ijon_max/0
[1;94m[*] [0mFuzzing test case #987 (1614 total, 0 uniq crashes found)...[0m
scheduled max input!!!!
schedule: 14 level25_3/ijon_max/14
updated maxmap 14: 6e9 (len: 813)
updated maxmap 0: 6e2 (len: 820)
updated maxmap 0: 6f1 (len: 816)
updated maxmap 15: 6ee (len: 816)
updated maxmap 14: 6eb (len: 817)
updated maxmap 15: 6f3 (len: 817)
updated maxmap 14: 6ec (len: 818)
updated maxmap 15: 6f5 (len: 818)
updated maxmap 7: 69d (len: 812)
minimized maxmap 14: 6ec (len: 814)
updated maxmap 0: 6f8 (len: 820)
minimized maxmap 0: 6f8 (len: 819)
updated maxmap 15: 6f6 (len: 819)
minimized maxmap 15: 6f6 (len: 818)
[1;94m[*] [0mFuzzing test case #988 (1621 total, 0 uniq crashes found)...[0m
scheduled max input!!!!
schedule: 6 level25_3/ijon_max/6
[1;94m[*] [0mFuzzing test case #989 (1621 total, 0 uniq crashes found)...[0m
scheduled max input!!!!
schedule: 14 level25_3/ijon_max/14
[1;94m[*] [0mFuzzing test case #990 (1621 total, 0 uniq crashes found)...[0m
scheduled max input!!!!
schedule: 8 level25_3/ijon_max/8
[1;94m[*] [0mFuzzing test case #991 (1621 total, 0 uniq crashes found)...[0m
scheduled max input!!!!
schedule: 11 level25_3/ijon_max/11
[1;94m[*] [0mFuzzing test case #992 (1621 total, 0 uniq crashes found)...[0m
scheduled max input!!!!
schedule: 14 level25_3/ijon_max/14
[1;94m[*] [0mFuzzing test case #993 (1621 total, 0 uniq crashes found)...[0m
scheduled max input!!!!
schedule: 15 level25_3/ijon_max/15
updated maxmap 6: 663 (len: 825)
[1;94m[*] [0mFuzzing test case #994 (1621 total, 0 uniq crashes found)...[0m
scheduled max input!!!!
schedule: 7 level25_3/ijon_max/7
updated maxmap 7: 69e (len: 812)
[1;94m[*] [0mFuzzing test case #995 (1621 total, 0 uniq crashes found)...[0m
[1;94m[*] [0mFuzzing test case #996 (1621 total, 0 uniq crashes found)...[0m
scheduled max input!!!!
schedule: 15 level25_3/ijon_max/15
[1;94m[*] [0mFuzzing test case #997 (1622 total, 0 uniq crashes found)...[0m
scheduled max input!!!!
schedule: 4 level25_3/ijon_max/4
updated maxmap 1: 609 (len: 748)
updated maxmap 2: 613 (len: 748)
updated maxmap 3: 61d (len: 748)
updated maxmap 4: 627 (len: 748)
updated maxmap 5: 631 (len: 748)
minimized maxmap 1: 609 (len: 747)
minimized maxmap 2: 613 (len: 747)
minimized maxmap 3: 61d (len: 747)
minimized maxmap 4: 627 (len: 747)
minimized maxmap 5: 631 (len: 747)
updated maxmap 1: 60a (len: 747)
updated maxmap 2: 614 (len: 747)
updated maxmap 3: 61e (len: 747)
updated maxmap 4: 628 (len: 747)
updated maxmap 5: 632 (len: 747)
[1;94m[*] [0mFuzzing test case #998 (1623 total, 0 uniq crashes found)...[0m
scheduled max input!!!!
schedule: 14 level25_3/ijon_max/14
[1;94m[*] [0mFuzzing test case #999 (1623 total, 0 uniq crashes found)...[0m
scheduled max input!!!!
schedule: 12 level25_3/ijon_max/12
[1;94m[*] [0mFuzzing test case #1000 (1623 total, 0 uniq crashes found)...[0m
[1;94m[*] [0mFuzzing test case #1001 (1623 total, 0 uniq crashes found)...[0m
[1;94m[*] [0mFuzzing test case #1002 (1623 total, 0 uniq crashes found)...[0m
scheduled max input!!!!
schedule: 5 level25_3/ijon_max/5
[1;94m[*] [0mFuzzing test case #1003 (1623 total, 0 uniq crashes found)...[0m
scheduled max input!!!!
schedule: 14 level25_3/ijon_max/14
[1;94m[*] [0mFuzzing test case #1004 (1623 total, 0 uniq crashes found)...[0m
scheduled max input!!!!
schedule: 14 level25_3/ijon_max/14
[1;94m[*] [0mFuzzing test case #1005 (1623 total, 0 uniq crashes found)...[0m
scheduled max input!!!!
schedule: 8 level25_3/ijon_max/8
[1;94m[*] [0mFuzzing test case #1006 (1623 total, 0 uniq crashes found)...[0m
scheduled max input!!!!
schedule: 9 level25_3/ijon_max/9
[1;94m[*] [0mFuzzing test case #1007 (1623 total, 0 uniq crashes found)...[0m
scheduled max input!!!!
schedule: 9 level25_3/ijon_max/9
[1;94m[*] [0mFuzzing test case #1008 (1623 total, 0 uniq crashes found)...[0m
scheduled max input!!!!
schedule: 1 level25_3/ijon_max/1
[1;94m[*] [0mFuzzing test case #1009 (1623 total, 0 uniq crashes found)...[0m
scheduled max input!!!!
schedule: 5 level25_3/ijon_max/5
[1;94m[*] [0mFuzzing test case #1010 (1623 total, 0 uniq crashes found)...[0m
scheduled max input!!!!
schedule: 11 level25_3/ijon_max/11
[1;94m[*] [0mFuzzing test case #1011 (1623 total, 0 uniq crashes found)...[0m
scheduled max input!!!!
schedule: 8 level25_3/ijon_max/8
[1;94m[*] [0mFuzzing test case #1012 (1624 total, 0 uniq crashes found)...[0m
scheduled max input!!!!
schedule: 6 level25_3/ijon_max/6
updated maxmap 6: 664 (len: 825)
[1;94m[*] [0mFuzzing test case #1013 (1624 total, 0 uniq crashes found)...[0m
[1;94m[*] [0mFuzzing test case #1014 (1624 total, 0 uniq crashes found)...[0m
scheduled max input!!!!
schedule: 14 level25_3/ijon_max/14
[1;94m[*] [0mFuzzing test case #1015 (1624 total, 0 uniq crashes found)...[0m
scheduled max input!!!!
schedule: 4 level25_3/ijon_max/4
[1;94m[*] [0mFuzzing test case #1016 (1624 total, 0 uniq crashes found)...[0m
scheduled max input!!!!
schedule: 2 level25_3/ijon_max/2
updated maxmap 1: 60c (len: 747)
[1;94m[*] [0mFuzzing test case #1017 (1624 total, 0 uniq crashes found)...[0m
[1;94m[*] [0mFuzzing test case #1018 (1624 total, 0 uniq crashes found)...[0m
scheduled max input!!!!
schedule: 11 level25_3/ijon_max/11
[1;94m[*] [0mFuzzing test case #1019 (1624 total, 0 uniq crashes found)...[0m
scheduled max input!!!!
schedule: 9 level25_3/ijon_max/9
[1;94m[*] [0mFuzzing test case #1020 (1624 total, 0 uniq crashes found)...[0m
scheduled max input!!!!
schedule: 10 level25_3/ijon_max/10
[1;94m[*] [0mFuzzing test case #1021 (1624 total, 0 uniq crashes found)...[0m
scheduled max input!!!!
schedule: 2 level25_3/ijon_max/2
updated maxmap 2: 616 (len: 747)
updated maxmap 3: 620 (len: 747)
updated maxmap 4: 62a (len: 747)
updated maxmap 5: 634 (len: 747)
[1;94m[*] [0mFuzzing test case #1022 (1624 total, 0 uniq crashes found)...[0m
scheduled max input!!!!
schedule: 11 level25_3/ijon_max/11
[1;94m[*] [0mFuzzing test case #1023 (1625 total, 0 uniq crashes found)...[0m
scheduled max input!!!!
schedule: 13 level25_3/ijon_max/13
[1;94m[*] [0mFuzzing test case #1024 (1627 total, 0 uniq crashes found)...[0m
scheduled max input!!!!
schedule: 3 level25_3/ijon_max/3
[1;94m[*] [0mFuzzing test case #1025 (1627 total, 0 uniq crashes found)...[0m
[1;94m[*] [0mFuzzing test case #1026 (1627 total, 0 uniq crashes found)...[0m
scheduled max input!!!!
schedule: 7 level25_3/ijon_max/7
updated maxmap 7: 69f (len: 812)
[1;94m[*] [0mFuzzing test case #1027 (1627 total, 0 uniq crashes found)...[0m
scheduled max input!!!!
schedule: 0 level25_3/ijon_max/0
updated maxmap 0: 6f9 (len: 819)
[1;94m[*] [0mFuzzing test case #1028 (1627 total, 0 uniq crashes found)...[0m
[1;94m[*] [0mFuzzing test case #1029 (1627 total, 0 uniq crashes found)...[0m
scheduled max input!!!!
schedule: 7 level25_3/ijon_max/7
[1;94m[*] [0mFuzzing test case #1030 (1627 total, 0 uniq crashes found)...[0m
scheduled max input!!!!
schedule: 10 level25_3/ijon_max/10
[1;94m[*] [0mFuzzing test case #1031 (1627 total, 0 uniq crashes found)...[0m
[1;94m[*] [0mFuzzing test case #1032 (1627 total, 0 uniq crashes found)...[0m
[1;94m[*] [0mFuzzing test case #1033 (1627 total, 0 uniq crashes found)...[0m
scheduled max input!!!!
schedule: 3 level25_3/ijon_max/3
[1;94m[*] [0mFuzzing test case #1034 (1627 total, 0 uniq crashes found)...[0m
[1;94m[*] [0mFuzzing test case #1035 (1627 total, 0 uniq crashes found)...[0m
scheduled max input!!!!
schedule: 7 level25_3/ijon_max/7
[1;94m[*] [0mFuzzing test case #1036 (1627 total, 0 uniq crashes found)...[0m
scheduled max input!!!!
schedule: 12 level25_3/ijon_max/12
[1;94m[*] [0mFuzzing test case #1037 (1627 total, 0 uniq crashes found)...[0m
scheduled max input!!!!
schedule: 13 level25_3/ijon_max/13
[1;94m[*] [0mFuzzing test case #1038 (1627 total, 0 uniq crashes found)...[0m
scheduled max input!!!!
schedule: 2 level25_3/ijon_max/2
[1;94m[*] [0mFuzzing test case #1039 (1627 total, 0 uniq crashes found)...[0m
scheduled max input!!!!
schedule: 8 level25_3/ijon_max/8
[1;94m[*] [0mFuzzing test case #1040 (1627 total, 0 uniq crashes found)...[0m
scheduled max input!!!!
schedule: 4 level25_3/ijon_max/4
updated maxmap 1: 610 (len: 749)
updated maxmap 2: 61a (len: 749)
updated maxmap 3: 624 (len: 749)
updated maxmap 4: 62e (len: 749)
updated maxmap 5: 638 (len: 749)
minimized maxmap 1: 610 (len: 747)
minimized maxmap 2: 61a (len: 747)
minimized maxmap 3: 624 (len: 747)
minimized maxmap 4: 62e (len: 747)
minimized maxmap 5: 638 (len: 747)
[1;94m[*] [0mFuzzing test case #1041 (1627 total, 0 uniq crashes found)...[0m
scheduled max input!!!!
schedule: 3 level25_3/ijon_max/3
updated maxmap 1: 618 (len: 747)
updated maxmap 2: 622 (len: 747)
updated maxmap 3: 62c (len: 747)
updated maxmap 4: 636 (len: 747)
updated maxmap 5: 640 (len: 747)
[1;94m[*] [0mFuzzing test case #1042 (1627 total, 0 uniq crashes found)...[0m
scheduled max input!!!!
schedule: 0 level25_3/ijon_max/0
[1;94m[*] [0mFuzzing test case #1043 (1627 total, 0 uniq crashes found)...[0m
scheduled max input!!!!
schedule: 7 level25_3/ijon_max/7
[1;94m[*] [0mFuzzing test case #1044 (1627 total, 0 uniq crashes found)...[0m
scheduled max input!!!!
schedule: 14 level25_3/ijon_max/14
[1;94m[*] [0mFuzzing test case #1045 (1627 total, 0 uniq crashes found)...[0m
scheduled max input!!!!
schedule: 1 level25_3/ijon_max/1
[1;94m[*] [0mFuzzing test case #1046 (1627 total, 0 uniq crashes found)...[0m
scheduled max input!!!!
schedule: 15 level25_3/ijon_max/15
[1;94m[*] [0mFuzzing test case #1047 (1628 total, 0 uniq crashes found)...[0m
scheduled max input!!!!
schedule: 3 level25_3/ijon_max/3
[1;94m[*] [0mFuzzing test case #1048 (1628 total, 0 uniq crashes found)...[0m
[1;94m[*] [0mFuzzing test case #1049 (1628 total, 0 uniq crashes found)...[0m
scheduled max input!!!!
schedule: 10 level25_3/ijon_max/10
[1;94m[*] [0mFuzzing test case #1050 (1628 total, 0 uniq crashes found)...[0m
scheduled max input!!!!
schedule: 14 level25_3/ijon_max/14
[1;94m[*] [0mFuzzing test case #1051 (1628 total, 0 uniq crashes found)...[0m
scheduled max input!!!!
schedule: 8 level25_3/ijon_max/8
[1;94m[*] [0mFuzzing test case #1052 (1629 total, 0 uniq crashes found)...[0m
scheduled max input!!!!
schedule: 11 level25_3/ijon_max/11
[1;94m[*] [0mFuzzing test case #1053 (1629 total, 0 uniq crashes found)...[0m
scheduled max input!!!!
schedule: 7 level25_3/ijon_max/7
[1;94m[*] [0mFuzzing test case #1054 (1629 total, 0 uniq crashes found)...[0m
[1;94m[*] [0mFuzzing test case #1055 (1629 total, 0 uniq crashes found)...[0m
scheduled max input!!!!
schedule: 9 level25_3/ijon_max/9
[1;94m[*] [0mFuzzing test case #1056 (1629 total, 0 uniq crashes found)...[0m
scheduled max input!!!!
schedule: 9 level25_3/ijon_max/9
[1;94m[*] [0mFuzzing test case #1057 (1629 total, 0 uniq crashes found)...[0m
[1;94m[*] [0mFuzzing test case #1058 (1629 total, 0 uniq crashes found)...[0m
scheduled max input!!!!
schedule: 7 level25_3/ijon_max/7
[1;94m[*] [0mFuzzing test case #1059 (1629 total, 0 uniq crashes found)...[0m
scheduled max input!!!!
schedule: 13 level25_3/ijon_max/13
[1;94m[*] [0mFuzzing test case #1060 (1629 total, 0 uniq crashes found)...[0m
[1;94m[*] [0mFuzzing test case #1061 (1629 total, 0 uniq crashes found)...[0m
scheduled max input!!!!
schedule: 13 level25_3/ijon_max/13
[1;94m[*] [0mFuzzing test case #1062 (1629 total, 0 uniq crashes found)...[0m
scheduled max input!!!!
schedule: 7 level25_3/ijon_max/7
[1;94m[*] [0mFuzzing test case #1063 (1629 total, 0 uniq crashes found)...[0m
scheduled max input!!!!
schedule: 12 level25_3/ijon_max/12
[1;94m[*] [0mFuzzing test case #1064 (1629 total, 0 uniq crashes found)...[0m
scheduled max input!!!!
schedule: 7 level25_3/ijon_max/7
updated maxmap 7: 6a2 (len: 812)
[1;94m[*] [0mFuzzing test case #1065 (1629 total, 0 uniq crashes found)...[0m
[1;94m[*] [0mFuzzing test case #1066 (1629 total, 0 uniq crashes found)...[0m
scheduled max input!!!!
schedule: 0 level25_3/ijon_max/0
[1;94m[*] [0mFuzzing test case #1067 (1630 total, 0 uniq crashes found)...[0m
scheduled max input!!!!
schedule: 2 level25_3/ijon_max/2
[1;94m[*] [0mFuzzing test case #1068 (1630 total, 0 uniq crashes found)...[0m
[1;94m[*] [0mFuzzing test case #1069 (1630 total, 0 uniq crashes found)...[0m
scheduled max input!!!!
schedule: 13 level25_3/ijon_max/13
[1;94m[*] [0mFuzzing test case #1070 (1630 total, 0 uniq crashes found)...[0m
[1;94m[*] [0mFuzzing test case #1071 (1630 total, 0 uniq crashes found)...[0m
scheduled max input!!!!
schedule: 13 level25_3/ijon_max/13
[1;94m[*] [0mFuzzing test case #1072 (1630 total, 0 uniq crashes found)...[0m
[1;94m[*] [0mFuzzing test case #1073 (1630 total, 0 uniq crashes found)...[0m
scheduled max input!!!!
schedule: 0 level25_3/ijon_max/0
[1;94m[*] [0mFuzzing test case #1074 (1630 total, 0 uniq crashes found)...[0m
scheduled max input!!!!
schedule: 13 level25_3/ijon_max/13
[1;94m[*] [0mFuzzing test case #1075 (1630 total, 0 uniq crashes found)...[0m
scheduled max input!!!!
schedule: 11 level25_3/ijon_max/11
[1;94m[*] [0mFuzzing test case #1076 (1630 total, 0 uniq crashes found)...[0m
scheduled max input!!!!
schedule: 6 level25_3/ijon_max/6
[1;94m[*] [0mFuzzing test case #1077 (1630 total, 0 uniq crashes found)...[0m
[1;94m[*] [0mFuzzing test case #1078 (1630 total, 0 uniq crashes found)...[0m
[1;94m[*] [0mFuzzing test case #1079 (1630 total, 0 uniq crashes found)...[0m
scheduled max input!!!!
schedule: 4 level25_3/ijon_max/4
[1;94m[*] [0mFuzzing test case #1080 (1631 total, 0 uniq crashes found)...[0m
scheduled max input!!!!
schedule: 8 level25_3/ijon_max/8
[1;94m[*] [0mFuzzing test case #1081 (1631 total, 0 uniq crashes found)...[0m
scheduled max input!!!!
schedule: 8 level25_3/ijon_max/8
[1;94m[*] [0mFuzzing test case #1082 (1632 total, 0 uniq crashes found)...[0m
[1;94m[*] [0mFuzzing test case #1083 (1632 total, 0 uniq crashes found)...[0m
scheduled max input!!!!
schedule: 1 level25_3/ijon_max/1
[1;94m[*] [0mFuzzing test case #1084 (1632 total, 0 uniq crashes found)...[0m
[1;94m[*] [0mFuzzing test case #1085 (1632 total, 0 uniq crashes found)...[0m
[1;94m[*] [0mFuzzing test case #1086 (1632 total, 0 uniq crashes found)...[0m
scheduled max input!!!!
schedule: 6 level25_3/ijon_max/6
updated maxmap 9: 6bb (len: 825)
updated maxmap 10: 6c5 (len: 825)
updated maxmap 11: 6cf (len: 825)
updated maxmap 12: 6d9 (len: 825)
updated maxmap 13: 6e3 (len: 825)
updated maxmap 14: 6ed (len: 825)
updated maxmap 15: 6f7 (len: 825)
updated maxmap 6: 678 (len: 830)
[1;94m[*] [0mFuzzing test case #1087 (1632 total, 0 uniq crashes found)...[0m
[1;94m[*] [0mFuzzing test case #1088 (1632 total, 0 uniq crashes found)...[0m
scheduled max input!!!!
schedule: 1 level25_3/ijon_max/1
updated maxmap 1: 619 (len: 748)
updated maxmap 2: 623 (len: 748)
updated maxmap 3: 62d (len: 748)
updated maxmap 4: 637 (len: 748)
updated maxmap 5: 641 (len: 748)
minimized maxmap 1: 619 (len: 747)
minimized maxmap 2: 623 (len: 747)
minimized maxmap 3: 62d (len: 747)
minimized maxmap 4: 637 (len: 747)
minimized maxmap 5: 641 (len: 747)
updated maxmap 1: 61a (len: 747)
updated maxmap 2: 624 (len: 747)
updated maxmap 3: 62e (len: 747)
updated maxmap 4: 638 (len: 747)
updated maxmap 5: 642 (len: 747)
[1;94m[*] [0mFuzzing test case #1089 (1632 total, 0 uniq crashes found)...[0m
scheduled max input!!!!
schedule: 2 level25_3/ijon_max/2
updated maxmap 1: 61b (len: 747)
updated maxmap 2: 625 (len: 747)
updated maxmap 3: 62f (len: 747)
updated maxmap 4: 639 (len: 747)
updated maxmap 5: 643 (len: 747)
[1;94m[*] [0mFuzzing test case #1090 (1632 total, 0 uniq crashes found)...[0m
scheduled max input!!!!
schedule: 2 level25_3/ijon_max/2
updated maxmap 1: 624 (len: 747)
updated maxmap 2: 62e (len: 747)
updated maxmap 3: 638 (len: 747)
updated maxmap 4: 642 (len: 747)
updated maxmap 5: 647 (len: 747)
[1;94m[*] [0mFuzzing test case #1091 (1632 total, 0 uniq crashes found)...[0m
scheduled max input!!!!
schedule: 13 level25_3/ijon_max/13
updated maxmap 9: 6bc (len: 825)
updated maxmap 10: 6c6 (len: 825)
updated maxmap 11: 6d0 (len: 825)
updated maxmap 12: 6da (len: 825)
updated maxmap 13: 6e4 (len: 825)
updated maxmap 14: 6ee (len: 825)
updated maxmap 15: 6f8 (len: 825)
[1;94m[*] [0mFuzzing test case #1092 (1632 total, 0 uniq crashes found)...[0m
[1;94m[*] [0mFuzzing test case #1093 (1632 total, 0 uniq crashes found)...[0m
scheduled max input!!!!
schedule: 8 level25_3/ijon_max/8
[1;94m[*] [0mFuzzing test case #1094 (1632 total, 0 uniq crashes found)...[0m
scheduled max input!!!!
schedule: 4 level25_3/ijon_max/4
[1;94m[*] [0mFuzzing test case #1095 (1632 total, 0 uniq crashes found)...[0m
scheduled max input!!!!
schedule: 8 level25_3/ijon_max/8
[1;94m[*] [0mFuzzing test case #1096 (1632 total, 0 uniq crashes found)...[0m
scheduled max input!!!!
schedule: 15 level25_3/ijon_max/15
[1;94m[*] [0mFuzzing test case #1097 (1632 total, 0 uniq crashes found)...[0m
scheduled max input!!!!
schedule: 15 level25_3/ijon_max/15
[1;94m[*] [0mFuzzing test case #1098 (1632 total, 0 uniq crashes found)...[0m
scheduled max input!!!!
schedule: 7 level25_3/ijon_max/7
[1;94m[*] [0mFuzzing test case #1099 (1632 total, 0 uniq crashes found)...[0m
[1;94m[*] [0mFuzzing test case #1100 (1632 total, 0 uniq crashes found)...[0m
scheduled max input!!!!
schedule: 12 level25_3/ijon_max/12
[1;94m[*] [0mFuzzing test case #1101 (1632 total, 0 uniq crashes found)...[0m
scheduled max input!!!!
schedule: 11 level25_3/ijon_max/11
[1;94m[*] [0mFuzzing test case #1102 (1632 total, 0 uniq crashes found)...[0m
[1;94m[*] [0mFuzzing test case #1103 (1632 total, 0 uniq crashes found)...[0m
scheduled max input!!!!
schedule: 15 level25_3/ijon_max/15
[1;94m[*] [0mFuzzing test case #1104 (1634 total, 0 uniq crashes found)...[0m
scheduled max input!!!!
schedule: 5 level25_3/ijon_max/5
[1;94m[*] [0mFuzzing test case #1105 (1634 total, 0 uniq crashes found)...[0m
scheduled max input!!!!
schedule: 15 level25_3/ijon_max/15
[1;94m[*] [0mFuzzing test case #1106 (1634 total, 0 uniq crashes found)...[0m
[1;94m[*] [0mFuzzing test case #1107 (1634 total, 0 uniq crashes found)...[0m
scheduled max input!!!!
schedule: 15 level25_3/ijon_max/15
[1;94m[*] [0mFuzzing test case #1108 (1634 total, 0 uniq crashes found)...[0m
scheduled max input!!!!
schedule: 10 level25_3/ijon_max/10
[1;94m[*] [0mFuzzing test case #1109 (1634 total, 0 uniq crashes found)...[0m
scheduled max input!!!!
schedule: 2 level25_3/ijon_max/2
updated maxmap 5: 64a (len: 749)
[1;94m[*] [0mFuzzing test case #1110 (1634 total, 0 uniq crashes found)...[0m
scheduled max input!!!!
schedule: 10 level25_3/ijon_max/10
[1;94m[*] [0mFuzzing test case #1111 (1634 total, 0 uniq crashes found)...[0m
scheduled max input!!!!
schedule: 15 level25_3/ijon_max/15
[1;94m[*] [0mFuzzing test case #1112 (1634 total, 0 uniq crashes found)...[0m
scheduled max input!!!!
schedule: 8 level25_3/ijon_max/8
[1;94m[*] [0mFuzzing test case #1113 (1634 total, 0 uniq crashes found)...[0m
scheduled max input!!!!
schedule: 10 level25_3/ijon_max/10
[1;94m[*] [0mFuzzing test case #1114 (1634 total, 0 uniq crashes found)...[0m
scheduled max input!!!!
schedule: 13 level25_3/ijon_max/13
[1;94m[*] [0mFuzzing test case #1115 (1634 total, 0 uniq crashes found)...[0m
[1;94m[*] [0mFuzzing test case #1116 (1634 total, 0 uniq crashes found)...[0m
scheduled max input!!!!
schedule: 13 level25_3/ijon_max/13
[1;94m[*] [0mFuzzing test case #1117 (1634 total, 0 uniq crashes found)...[0m
scheduled max input!!!!
schedule: 10 level25_3/ijon_max/10
[1;94m[*] [0mFuzzing test case #1118 (1634 total, 0 uniq crashes found)...[0m
scheduled max input!!!!
schedule: 13 level25_3/ijon_max/13
updated maxmap 0: 700 (len: 833)
updated maxmap 9: 6c3 (len: 833)
updated maxmap 10: 6cd (len: 833)
updated maxmap 11: 6d7 (len: 833)
updated maxmap 12: 6e1 (len: 833)
updated maxmap 13: 6eb (len: 833)
updated maxmap 14: 6f5 (len: 833)
updated maxmap 15: 6fe (len: 833)
minimized maxmap 0: 700 (len: 825)
minimized maxmap 9: 6c3 (len: 825)
minimized maxmap 10: 6cd (len: 825)
minimized maxmap 11: 6d7 (len: 825)
minimized maxmap 12: 6e1 (len: 825)
minimized maxmap 13: 6eb (len: 825)
minimized maxmap 14: 6f5 (len: 825)
minimized maxmap 15: 6fe (len: 825)
[1;94m[*] [0mFuzzing test case #1119 (1634 total, 0 uniq crashes found)...[0m
scheduled max input!!!!
schedule: 6 level25_3/ijon_max/6
[1;94m[*] [0mFuzzing test case #1120 (1635 total, 0 uniq crashes found)...[0m
scheduled max input!!!!
schedule: 4 level25_3/ijon_max/4
updated maxmap 1: 625 (len: 747)
updated maxmap 2: 62f (len: 747)
updated maxmap 3: 639 (len: 747)
updated maxmap 4: 643 (len: 747)
[1;94m[*] [0mFuzzing test case #1121 (1635 total, 0 uniq crashes found)...[0m
scheduled max input!!!!
schedule: 11 level25_3/ijon_max/11
updated maxmap 0: 701 (len: 825)
[1;94m[*] [0mFuzzing test case #1122 (1635 total, 0 uniq crashes found)...[0m
scheduled max input!!!!
schedule: 13 level25_3/ijon_max/13
[1;94m[*] [0mFuzzing test case #1123 (1635 total, 0 uniq crashes found)...[0m
scheduled max input!!!!
schedule: 11 level25_3/ijon_max/11
[1;94m[*] [0mFuzzing test case #1124 (1635 total, 0 uniq crashes found)...[0m
scheduled max input!!!!
schedule: 0 level25_3/ijon_max/0
[1;94m[*] [0mFuzzing test case #1125 (1635 total, 0 uniq crashes found)...[0m
scheduled max input!!!!
schedule: 5 level25_3/ijon_max/5
[1;94m[*] [0mFuzzing test case #1126 (1636 total, 0 uniq crashes found)...[0m
scheduled max input!!!!
schedule: 6 level25_3/ijon_max/6
[1;94m[*] [0mFuzzing test case #1127 (1636 total, 0 uniq crashes found)...[0m
scheduled max input!!!!
schedule: 15 level25_3/ijon_max/15
[1;94m[*] [0mFuzzing test case #1128 (1636 total, 0 uniq crashes found)...[0m
[1;94m[*] [0mFuzzing test case #1129 (1636 total, 0 uniq crashes found)...[0m
scheduled max input!!!!
schedule: 12 level25_3/ijon_max/12
[1;94m[*] [0mFuzzing test case #1130 (1636 total, 0 uniq crashes found)...[0m
scheduled max input!!!!
schedule: 4 level25_3/ijon_max/4
[1;94m[*] [0mFuzzing test case #1131 (1636 total, 0 uniq crashes found)...[0m
[1;94m[*] [0mFuzzing test case #1132 (1636 total, 0 uniq crashes found)...[0m
[1;94m[*] [0mFuzzing test case #1133 (1636 total, 0 uniq crashes found)...[0m
[1;94m[*] [0mFuzzing test case #1134 (1636 total, 0 uniq crashes found)...[0m
scheduled normal input!!!!
[1;94m[*] [0mFuzzing test case #1135 (1637 total, 0 uniq crashes found)...[0m
[1;94m[*] [0mFuzzing test case #1136 (1637 total, 0 uniq crashes found)...[0m
scheduled max input!!!!
schedule: 3 level25_3/ijon_max/3
[1;94m[*] [0mFuzzing test case #1137 (1637 total, 0 uniq crashes found)...[0m
scheduled max input!!!!
schedule: 6 level25_3/ijon_max/6
updated maxmap 6: 67c (len: 832)
minimized maxmap 6: 67c (len: 830)
[1;94m[*] [0mFuzzing test case #1138 (1638 total, 0 uniq crashes found)...[0m
scheduled max input!!!!
schedule: 9 level25_3/ijon_max/9
[1;94m[*] [0mFuzzing test case #1139 (1638 total, 0 uniq crashes found)...[0m
scheduled max input!!!!
schedule: 15 level25_3/ijon_max/15
[1;94m[*] [0mFuzzing test case #1140 (1638 total, 0 uniq crashes found)...[0m
[1;94m[*] [0mFuzzing test case #1141 (1638 total, 0 uniq crashes found)...[0m
scheduled max input!!!!
schedule: 1 level25_3/ijon_max/1
updated maxmap 1: 62a (len: 747)
updated maxmap 2: 634 (len: 747)
updated maxmap 3: 63e (len: 747)
updated maxmap 4: 648 (len: 747)
[1;94m[*] [0mFuzzing test case #1142 (1638 total, 0 uniq crashes found)...[0m
scheduled max input!!!!
schedule: 8 level25_3/ijon_max/8
[1;94m[*] [0mFuzzing test case #1143 (1638 total, 0 uniq crashes found)...[0m
[1;94m[*] [0mFuzzing test case #1144 (1638 total, 0 uniq crashes found)...[0m
scheduled max input!!!!
schedule: 15 level25_3/ijon_max/15
[1;94m[*] [0mFuzzing test case #1145 (1639 total, 0 uniq crashes found)...[0m
scheduled max input!!!!
schedule: 15 level25_3/ijon_max/15
[1;94m[*] [0mFuzzing test case #1146 (1639 total, 0 uniq crashes found)...[0m
scheduled max input!!!!
schedule: 12 level25_3/ijon_max/12
[1;94m[*] [0mFuzzing test case #1147 (1639 total, 0 uniq crashes found)...[0m
scheduled max input!!!!
schedule: 11 level25_3/ijon_max/11
[1;94m[*] [0mFuzzing test case #1148 (1639 total, 0 uniq crashes found)...[0m
scheduled max input!!!!
schedule: 13 level25_3/ijon_max/13
[1;94m[*] [0mFuzzing test case #1149 (1639 total, 0 uniq crashes found)...[0m
[1;94m[*] [0mFuzzing test case #1150 (1639 total, 0 uniq crashes found)...[0m
scheduled max input!!!!
schedule: 4 level25_3/ijon_max/4
[1;94m[*] [0mFuzzing test case #1151 (1639 total, 0 uniq crashes found)...[0m
[1;94m[*] [0mFuzzing test case #1152 (1639 total, 0 uniq crashes found)...[0m
scheduled max input!!!!
schedule: 3 level25_3/ijon_max/3
[1;94m[*] [0mFuzzing test case #1153 (1639 total, 0 uniq crashes found)...[0m
scheduled max input!!!!
schedule: 12 level25_3/ijon_max/12
[1;94m[*] [0mFuzzing test case #1154 (1639 total, 0 uniq crashes found)...[0m
scheduled max input!!!!
schedule: 0 level25_3/ijon_max/0
[1;94m[*] [0mFuzzing test case #1155 (1639 total, 0 uniq crashes found)...[0m
[1;94m[*] [0mFuzzing test case #1156 (1639 total, 0 uniq crashes found)...[0m
scheduled max input!!!!
schedule: 12 level25_3/ijon_max/12
[1;94m[*] [0mFuzzing test case #1157 (1639 total, 0 uniq crashes found)...[0m
scheduled max input!!!!
schedule: 7 level25_3/ijon_max/7
[1;94m[*] [0mFuzzing test case #1158 (1640 total, 0 uniq crashes found)...[0m
scheduled max input!!!!
schedule: 3 level25_3/ijon_max/3
[1;94m[*] [0mFuzzing test case #1159 (1640 total, 0 uniq crashes found)...[0m
scheduled max input!!!!
schedule: 1 level25_3/ijon_max/1
[1;94m[*] [0mFuzzing test case #1160 (1640 total, 0 uniq crashes found)...[0m
scheduled max input!!!!
schedule: 2 level25_3/ijon_max/2
[1;94m[*] [0mFuzzing test case #1161 (1640 total, 0 uniq crashes found)...[0m
scheduled max input!!!!
schedule: 3 level25_3/ijon_max/3
[1;94m[*] [0mFuzzing test case #1162 (1640 total, 0 uniq crashes found)...[0m
scheduled max input!!!!
schedule: 8 level25_3/ijon_max/8
[1;94m[*] [0mFuzzing test case #1163 (1640 total, 0 uniq crashes found)...[0m
scheduled max input!!!!
schedule: 11 level25_3/ijon_max/11
[1;94m[*] [0mFuzzing test case #1164 (1640 total, 0 uniq crashes found)...[0m
scheduled max input!!!!
schedule: 0 level25_3/ijon_max/0
[1;94m[*] [0mFuzzing test case #1165 (1640 total, 0 uniq crashes found)...[0m
[1;94m[*] [0mFuzzing test case #1166 (1640 total, 0 uniq crashes found)...[0m
scheduled max input!!!!
schedule: 2 level25_3/ijon_max/2
[1;94m[*] [0mFuzzing test case #1167 (1641 total, 0 uniq crashes found)...[0m
scheduled max input!!!!
schedule: 6 level25_3/ijon_max/6
[1;94m[*] [0mFuzzing test case #1168 (1641 total, 0 uniq crashes found)...[0m
[1;94m[*] [0mFuzzing test case #1169 (1641 total, 0 uniq crashes found)...[0m
scheduled max input!!!!
schedule: 7 level25_3/ijon_max/7
[1;94m[*] [0mFuzzing test case #1170 (1641 total, 0 uniq crashes found)...[0m
scheduled max input!!!!
schedule: 2 level25_3/ijon_max/2
updated maxmap 1: 62c (len: 748)
updated maxmap 2: 636 (len: 748)
updated maxmap 3: 640 (len: 748)
updated maxmap 4: 64a (len: 748)
minimized maxmap 1: 62c (len: 747)
minimized maxmap 2: 636 (len: 747)
minimized maxmap 3: 640 (len: 747)
[1;94m[*] [0mFuzzing test case #1171 (1641 total, 0 uniq crashes found)...[0m
scheduled max input!!!!
schedule: 7 level25_3/ijon_max/7
[1;94m[*] [0mFuzzing test case #1172 (1641 total, 0 uniq crashes found)...[0m
[1;94m[*] [0mFuzzing test case #1173 (1641 total, 0 uniq crashes found)...[0m
scheduled max input!!!!
schedule: 8 level25_3/ijon_max/8
[1;94m[*] [0mFuzzing test case #1174 (1641 total, 0 uniq crashes found)...[0m
scheduled max input!!!!
schedule: 14 level25_3/ijon_max/14
[1;94m[*] [0mFuzzing test case #1175 (1641 total, 0 uniq crashes found)...[0m
scheduled max input!!!!
schedule: 9 level25_3/ijon_max/9
[1;94m[*] [0mFuzzing test case #1176 (1641 total, 0 uniq crashes found)...[0m
scheduled max input!!!!
schedule: 7 level25_3/ijon_max/7
[1;94m[*] [0mFuzzing test case #1177 (1641 total, 0 uniq crashes found)...[0m
scheduled max input!!!!
schedule: 10 level25_3/ijon_max/10
[1;94m[*] [0mFuzzing test case #1178 (1641 total, 0 uniq crashes found)...[0m
scheduled max input!!!!
schedule: 0 level25_3/ijon_max/0
[1;94m[*] [0mFuzzing test case #1179 (1641 total, 0 uniq crashes found)...[0m
scheduled max input!!!!
schedule: 11 level25_3/ijon_max/11
[1;94m[*] [0mFuzzing test case #1180 (1642 total, 0 uniq crashes found)...[0m
[1;94m[*] [0mFuzzing test case #1181 (1642 total, 0 uniq crashes found)...[0m
scheduled max input!!!!
schedule: 7 level25_3/ijon_max/7
[1;94m[*] [0mFuzzing test case #1182 (1643 total, 0 uniq crashes found)...[0m
scheduled max input!!!!
schedule: 4 level25_3/ijon_max/4
minimized maxmap 5: 64a (len: 748)
updated maxmap 5: 64c (len: 749)
updated maxmap 5: 654 (len: 754)
[1;94m[*] [0mFuzzing test case #1183 (1643 total, 0 uniq crashes found)...[0m
scheduled max input!!!!
schedule: 4 level25_3/ijon_max/4
[1;94m[*] [0mFuzzing test case #1184 (1643 total, 0 uniq crashes found)...[0m
scheduled max input!!!!
schedule: 8 level25_3/ijon_max/8
[1;94m[*] [0mFuzzing test case #1185 (1643 total, 0 uniq crashes found)...[0m
scheduled max input!!!!
schedule: 8 level25_3/ijon_max/8
[1;94m[*] [0mFuzzing test case #1186 (1644 total, 0 uniq crashes found)...[0m
scheduled max input!!!!
schedule: 0 level25_3/ijon_max/0
[1;94m[*] [0mFuzzing test case #1187 (1645 total, 0 uniq crashes found)...[0m
scheduled max input!!!!
schedule: 1 level25_3/ijon_max/1
[1;94m[*] [0mFuzzing test case #1188 (1646 total, 0 uniq crashes found)...[0m
scheduled max input!!!!
schedule: 10 level25_3/ijon_max/10
[1;94m[*] [0mFuzzing test case #1189 (1646 total, 0 uniq crashes found)...[0m
[1;94m[*] [0mFuzzing test case #1190 (1646 total, 0 uniq crashes found)...[0m
[1;94m[*] [0mFuzzing test case #1191 (1646 total, 0 uniq crashes found)...[0m
scheduled max input!!!!
schedule: 1 level25_3/ijon_max/1
[1;94m[*] [0mFuzzing test case #1192 (1646 total, 0 uniq crashes found)...[0m
scheduled max input!!!!
schedule: 6 level25_3/ijon_max/6
[1;94m[*] [0mFuzzing test case #1193 (1646 total, 0 uniq crashes found)...[0m
scheduled max input!!!!
schedule: 3 level25_3/ijon_max/3
[1;94m[*] [0mFuzzing test case #1194 (1646 total, 0 uniq crashes found)...[0m
scheduled max input!!!!
schedule: 5 level25_3/ijon_max/5
[1;94m[*] [0mFuzzing test case #1195 (1646 total, 0 uniq crashes found)...[0m
scheduled max input!!!!
schedule: 14 level25_3/ijon_max/14
[1;94m[*] [0mFuzzing test case #1196 (1646 total, 0 uniq crashes found)...[0m
[1;94m[*] [0mFuzzing test case #1197 (1646 total, 0 uniq crashes found)...[0m
scheduled max input!!!!
schedule: 8 level25_3/ijon_max/8
[1;94m[*] [0mFuzzing test case #1198 (1646 total, 0 uniq crashes found)...[0m
scheduled max input!!!!
schedule: 7 level25_3/ijon_max/7
[1;94m[*] [0mFuzzing test case #1199 (1646 total, 0 uniq crashes found)...[0m
scheduled max input!!!!
schedule: 6 level25_3/ijon_max/6
[1;94m[*] [0mFuzzing test case #1200 (1646 total, 0 uniq crashes found)...[0m
scheduled max input!!!!
schedule: 15 level25_3/ijon_max/15
[1;94m[*] [0mFuzzing test case #1201 (1646 total, 0 uniq crashes found)...[0m
[1;94m[*] [0mFuzzing test case #1202 (1646 total, 0 uniq crashes found)...[0m
[1;94m[*] [0mFuzzing test case #1203 (1646 total, 0 uniq crashes found)...[0m
[1;94m[*] [0mFuzzing test case #1204 (1646 total, 0 uniq crashes found)...[0m
scheduled max input!!!!
schedule: 10 level25_3/ijon_max/10
[1;94m[*] [0mFuzzing test case #1205 (1646 total, 0 uniq crashes found)...[0m
scheduled max input!!!!
schedule: 4 level25_3/ijon_max/4
[1;94m[*] [0mFuzzing test case #1206 (1646 total, 0 uniq crashes found)...[0m
scheduled max input!!!!
schedule: 8 level25_3/ijon_max/8
[1;94m[*] [0mFuzzing test case #1207 (1646 total, 0 uniq crashes found)...[0m
scheduled max input!!!!
schedule: 11 level25_3/ijon_max/11
[1;94m[*] [0mFuzzing test case #1208 (1646 total, 0 uniq crashes found)...[0m
scheduled max input!!!!
schedule: 4 level25_3/ijon_max/4
[1;94m[*] [0mFuzzing test case #1209 (1646 total, 0 uniq crashes found)...[0m
scheduled max input!!!!
schedule: 2 level25_3/ijon_max/2
[1;94m[*] [0mFuzzing test case #1210 (1646 total, 0 uniq crashes found)...[0m
scheduled max input!!!!
schedule: 8 level25_3/ijon_max/8
[1;94m[*] [0mFuzzing test case #1211 (1646 total, 0 uniq crashes found)...[0m
scheduled max input!!!!
schedule: 13 level25_3/ijon_max/13
[1;94m[*] [0mFuzzing test case #1212 (1646 total, 0 uniq crashes found)...[0m
scheduled max input!!!!
schedule: 1 level25_3/ijon_max/1
[1;94m[*] [0mFuzzing test case #1213 (1646 total, 0 uniq crashes found)...[0m
scheduled max input!!!!
schedule: 5 level25_3/ijon_max/5
[1;94m[*] [0mFuzzing test case #1214 (1646 total, 0 uniq crashes found)...[0m
[1;94m[*] [0mFuzzing test case #1215 (1646 total, 0 uniq crashes found)...[0m
scheduled max input!!!!
schedule: 1 level25_3/ijon_max/1
[1;94m[*] [0mFuzzing test case #1216 (1646 total, 0 uniq crashes found)...[0m
scheduled max input!!!!
schedule: 11 level25_3/ijon_max/11
[1;94m[*] [0mFuzzing test case #1217 (1646 total, 0 uniq crashes found)...[0m
[1;94m[*] [0mFuzzing test case #1218 (1646 total, 0 uniq crashes found)...[0m
scheduled max input!!!!
schedule: 0 level25_3/ijon_max/0
[1;94m[*] [0mFuzzing test case #1219 (1646 total, 0 uniq crashes found)...[0m
[1;94m[*] [0mFuzzing test case #1220 (1646 total, 0 uniq crashes found)...[0m
scheduled max input!!!!
schedule: 13 level25_3/ijon_max/13
[1;94m[*] [0mFuzzing test case #1221 (1646 total, 0 uniq crashes found)...[0m
scheduled max input!!!!
schedule: 10 level25_3/ijon_max/10
[1;94m[*] [0mFuzzing test case #1222 (1646 total, 0 uniq crashes found)...[0m
[1;94m[*] [0mFuzzing test case #1223 (1646 total, 0 uniq crashes found)...[0m
scheduled max input!!!!
schedule: 7 level25_3/ijon_max/7
[1;94m[*] [0mFuzzing test case #1224 (1646 total, 0 uniq crashes found)...[0m
scheduled max input!!!!
schedule: 12 level25_3/ijon_max/12
[1;94m[*] [0mFuzzing test case #1225 (1646 total, 0 uniq crashes found)...[0m
scheduled max input!!!!
schedule: 1 level25_3/ijon_max/1
[1;94m[*] [0mFuzzing test case #1226 (1646 total, 0 uniq crashes found)...[0m
[1;94m[*] [0mFuzzing test case #1227 (1646 total, 0 uniq crashes found)...[0m
[1;94m[*] [0mFuzzing test case #1228 (1646 total, 0 uniq crashes found)...[0m
scheduled max input!!!!
schedule: 8 level25_3/ijon_max/8
[1;94m[*] [0mFuzzing test case #1229 (1646 total, 0 uniq crashes found)...[0m
scheduled max input!!!!
schedule: 10 level25_3/ijon_max/10
[1;94m[*] [0mFuzzing test case #1230 (1646 total, 0 uniq crashes found)...[0m
[1;94m[*] [0mFuzzing test case #1231 (1646 total, 0 uniq crashes found)...[0m
scheduled max input!!!!
schedule: 3 level25_3/ijon_max/3
[1;94m[*] [0mFuzzing test case #1232 (1646 total, 0 uniq crashes found)...[0m
scheduled max input!!!!
schedule: 7 level25_3/ijon_max/7
[1;94m[*] [0mFuzzing test case #1233 (1646 total, 0 uniq crashes found)...[0m
scheduled max input!!!!
schedule: 6 level25_3/ijon_max/6
[1;94m[*] [0mFuzzing test case #1234 (1646 total, 0 uniq crashes found)...[0m
scheduled max input!!!!
schedule: 1 level25_3/ijon_max/1
[1;94m[*] [0mFuzzing test case #1235 (1646 total, 0 uniq crashes found)...[0m
scheduled max input!!!!
schedule: 3 level25_3/ijon_max/3
[1;94m[*] [0mFuzzing test case #1236 (1646 total, 0 uniq crashes found)...[0m
[1;94m[*] [0mFuzzing test case #1237 (1646 total, 0 uniq crashes found)...[0m
scheduled max input!!!!
schedule: 15 level25_3/ijon_max/15
[1;94m[*] [0mFuzzing test case #1238 (1646 total, 0 uniq crashes found)...[0m
scheduled max input!!!!
schedule: 5 level25_3/ijon_max/5
[1;94m[*] [0mFuzzing test case #1239 (1646 total, 0 uniq crashes found)...[0m
scheduled max input!!!!
schedule: 3 level25_3/ijon_max/3
updated maxmap 1: 638 (len: 747)
updated maxmap 2: 642 (len: 747)
updated maxmap 3: 647 (len: 747)
updated maxmap 1: 63b (len: 748)
updated maxmap 2: 645 (len: 748)
updated maxmap 3: 64a (len: 748)
[1;94m[*] [0mFuzzing test case #1240 (1646 total, 0 uniq crashes found)...[0m
scheduled max input!!!!
schedule: 11 level25_3/ijon_max/11
[1;94m[*] [0mFuzzing test case #1241 (1646 total, 0 uniq crashes found)...[0m
scheduled max input!!!!
schedule: 1 level25_3/ijon_max/1
[1;94m[*] [0mFuzzing test case #1242 (1647 total, 0 uniq crashes found)...[0m
scheduled max input!!!!
schedule: 9 level25_3/ijon_max/9
[1;94m[*] [0mFuzzing test case #1243 (1647 total, 0 uniq crashes found)...[0m
scheduled max input!!!!
schedule: 13 level25_3/ijon_max/13
[1;94m[*] [0mFuzzing test case #1244 (1647 total, 0 uniq crashes found)...[0m
scheduled max input!!!!
schedule: 9 level25_3/ijon_max/9
[1;94m[*] [0mFuzzing test case #1245 (1647 total, 0 uniq crashes found)...[0m
scheduled max input!!!!
schedule: 5 level25_3/ijon_max/5
[1;94m[*] [0mFuzzing test case #1246 (1647 total, 0 uniq crashes found)...[0m
scheduled max input!!!!
schedule: 15 level25_3/ijon_max/15
[1;94m[*] [0mFuzzing test case #1247 (1647 total, 0 uniq crashes found)...[0m
scheduled max input!!!!
schedule: 0 level25_3/ijon_max/0
[1;94m[*] [0mFuzzing test case #1248 (1648 total, 0 uniq crashes found)...[0m
scheduled max input!!!!
schedule: 9 level25_3/ijon_max/9
[1;94m[*] [0mFuzzing test case #1249 (1648 total, 0 uniq crashes found)...[0m
scheduled max input!!!!
schedule: 8 level25_3/ijon_max/8
[1;94m[*] [0mFuzzing test case #1250 (1648 total, 0 uniq crashes found)...[0m
[1;94m[*] [0mFuzzing test case #1251 (1648 total, 0 uniq crashes found)...[0m
scheduled max input!!!!
schedule: 11 level25_3/ijon_max/11
[1;94m[*] [0mFuzzing test case #1252 (1648 total, 0 uniq crashes found)...[0m
scheduled max input!!!!
schedule: 10 level25_3/ijon_max/10
[1;94m[*] [0mFuzzing test case #1253 (1648 total, 0 uniq crashes found)...[0m
scheduled max input!!!!
schedule: 13 level25_3/ijon_max/13
[1;94m[*] [0mFuzzing test case #1254 (1648 total, 0 uniq crashes found)...[0m
[1;94m[*] [0mFuzzing test case #1255 (1648 total, 0 uniq crashes found)...[0m
scheduled max input!!!!
schedule: 1 level25_3/ijon_max/1
[1;94m[*] [0mFuzzing test case #1256 (1648 total, 0 uniq crashes found)...[0m
scheduled max input!!!!
schedule: 7 level25_3/ijon_max/7
[1;94m[*] [0mFuzzing test case #1257 (1648 total, 0 uniq crashes found)...[0m
scheduled max input!!!!
schedule: 4 level25_3/ijon_max/4
[1;94m[*] [0mFuzzing test case #1258 (1648 total, 0 uniq crashes found)...[0m
scheduled max input!!!!
schedule: 9 level25_3/ijon_max/9
[1;94m[*] [0mFuzzing test case #1259 (1648 total, 0 uniq crashes found)...[0m
scheduled max input!!!!
schedule: 9 level25_3/ijon_max/9
[1;94m[*] [0mFuzzing test case #1260 (1648 total, 0 uniq crashes found)...[0m
scheduled max input!!!!
schedule: 1 level25_3/ijon_max/1
[1;94m[*] [0mFuzzing test case #1261 (1648 total, 0 uniq crashes found)...[0m
[1;94m[*] [0mFuzzing test case #1262 (1648 total, 0 uniq crashes found)...[0m
[1;94m[*] [0mFuzzing test case #1263 (1648 total, 0 uniq crashes found)...[0m
scheduled max input!!!!
schedule: 2 level25_3/ijon_max/2
[1;94m[*] [0mFuzzing test case #1264 (1648 total, 0 uniq crashes found)...[0m
[1;94m[*] [0mFuzzing test case #1265 (1648 total, 0 uniq crashes found)...[0m
scheduled max input!!!!
schedule: 10 level25_3/ijon_max/10
[1;94m[*] [0mFuzzing test case #1266 (1648 total, 0 uniq crashes found)...[0m
[1;94m[*] [0mFuzzing test case #1267 (1648 total, 0 uniq crashes found)...[0m
scheduled max input!!!!
schedule: 5 level25_3/ijon_max/5
[1;94m[*] [0mFuzzing test case #1268 (1648 total, 0 uniq crashes found)...[0m
scheduled max input!!!!
schedule: 8 level25_3/ijon_max/8
[1;94m[*] [0mFuzzing test case #1269 (1648 total, 0 uniq crashes found)...[0m
scheduled max input!!!!
schedule: 2 level25_3/ijon_max/2
[1;94m[*] [0mFuzzing test case #1270 (1648 total, 0 uniq crashes found)...[0m
scheduled max input!!!!
schedule: 6 level25_3/ijon_max/6
updated maxmap 6: 67d (len: 830)
[1;94m[*] [0mFuzzing test case #1271 (1648 total, 0 uniq crashes found)...[0m
scheduled max input!!!!
schedule: 7 level25_3/ijon_max/7
[1;94m[*] [0mFuzzing test case #1272 (1648 total, 0 uniq crashes found)...[0m
[1;94m[*] [0mFuzzing test case #1273 (1648 total, 0 uniq crashes found)...[0m
scheduled max input!!!!
schedule: 7 level25_3/ijon_max/7
[1;94m[*] [0mFuzzing test case #1274 (1648 total, 0 uniq crashes found)...[0m
scheduled max input!!!!
schedule: 6 level25_3/ijon_max/6
[1;94m[*] [0mFuzzing test case #1275 (1648 total, 0 uniq crashes found)...[0m
scheduled max input!!!!
schedule: 6 level25_3/ijon_max/6
[1;94m[*] [0mFuzzing test case #1276 (1648 total, 0 uniq crashes found)...[0m
scheduled max input!!!!
schedule: 11 level25_3/ijon_max/11
[1;94m[*] [0mFuzzing test case #1277 (1648 total, 0 uniq crashes found)...[0m
scheduled max input!!!!
schedule: 3 level25_3/ijon_max/3
[1;94m[*] [0mFuzzing test case #1278 (1648 total, 0 uniq crashes found)...[0m
[1;94m[*] [0mFuzzing test case #1279 (1648 total, 0 uniq crashes found)...[0m
scheduled max input!!!!
schedule: 12 level25_3/ijon_max/12
[1;94m[*] [0mFuzzing test case #1280 (1648 total, 0 uniq crashes found)...[0m
scheduled max input!!!!
schedule: 3 level25_3/ijon_max/3
[1;94m[*] [0mFuzzing test case #1281 (1648 total, 0 uniq crashes found)...[0m
scheduled max input!!!!
schedule: 6 level25_3/ijon_max/6
[1;94m[*] [0mFuzzing test case #1282 (1648 total, 0 uniq crashes found)...[0m
scheduled max input!!!!
schedule: 5 level25_3/ijon_max/5
[1;94m[*] [0mFuzzing test case #1283 (1648 total, 0 uniq crashes found)...[0m
scheduled max input!!!!
schedule: 12 level25_3/ijon_max/12
[1;94m[*] [0mFuzzing test case #1284 (1648 total, 0 uniq crashes found)...[0m
scheduled max input!!!!
schedule: 0 level25_3/ijon_max/0
[1;94m[*] [0mFuzzing test case #1285 (1648 total, 0 uniq crashes found)...[0m
scheduled max input!!!!
schedule: 14 level25_3/ijon_max/14
updated maxmap 6: 680 (len: 825)
[1;94m[*] [0mFuzzing test case #1286 (1648 total, 0 uniq crashes found)...[0m
scheduled max input!!!!
schedule: 7 level25_3/ijon_max/7
[1;94m[*] [0mFuzzing test case #1287 (1648 total, 0 uniq crashes found)...[0m
scheduled max input!!!!
schedule: 8 level25_3/ijon_max/8
[1;94m[*] [0mFuzzing test case #1288 (1648 total, 0 uniq crashes found)...[0m
scheduled max input!!!!
schedule: 5 level25_3/ijon_max/5
[1;94m[*] [0mFuzzing test case #1289 (1648 total, 0 uniq crashes found)...[0m
scheduled max input!!!!
schedule: 11 level25_3/ijon_max/11
updated maxmap 8: 6b1 (len: 825)
[1;94m[*] [0mFuzzing test case #1290 (1649 total, 0 uniq crashes found)...[0m
[1;94m[*] [0mFuzzing test case #1291 (1649 total, 0 uniq crashes found)...[0m
scheduled max input!!!!
schedule: 1 level25_3/ijon_max/1
[1;94m[*] [0mFuzzing test case #1292 (1649 total, 0 uniq crashes found)...[0m
scheduled max input!!!!
schedule: 12 level25_3/ijon_max/12
[1;94m[*] [0mFuzzing test case #1293 (1649 total, 0 uniq crashes found)...[0m
scheduled max input!!!!
schedule: 5 level25_3/ijon_max/5
[1;94m[*] [0mFuzzing test case #1294 (1649 total, 0 uniq crashes found)...[0m
scheduled max input!!!!
schedule: 12 level25_3/ijon_max/12
[1;94m[*] [0mFuzzing test case #1295 (1649 total, 0 uniq crashes found)...[0m
scheduled max input!!!!
schedule: 12 level25_3/ijon_max/12
[1;94m[*] [0mFuzzing test case #1296 (1649 total, 0 uniq crashes found)...[0m
scheduled max input!!!!
schedule: 6 level25_3/ijon_max/6
updated maxmap 6: 681 (len: 825)
updated maxmap 6: 682 (len: 825)
[1;94m[*] [0mFuzzing test case #1297 (1649 total, 0 uniq crashes found)...[0m
[1;94m[*] [0mFuzzing test case #1298 (1649 total, 0 uniq crashes found)...[0m
scheduled max input!!!!
schedule: 9 level25_3/ijon_max/9
[1;94m[*] [0mFuzzing test case #1299 (1649 total, 0 uniq crashes found)...[0m
scheduled max input!!!!
schedule: 0 level25_3/ijon_max/0
[1;94m[*] [0mFuzzing test case #1300 (1649 total, 0 uniq crashes found)...[0m
scheduled max input!!!!
schedule: 14 level25_3/ijon_max/14
[1;94m[*] [0mFuzzing test case #1301 (1649 total, 0 uniq crashes found)...[0m
scheduled max input!!!!
schedule: 2 level25_3/ijon_max/2
[1;94m[*] [0mFuzzing test case #1302 (1649 total, 0 uniq crashes found)...[0m
scheduled max input!!!!
schedule: 10 level25_3/ijon_max/10
[1;94m[*] [0mFuzzing test case #1303 (1649 total, 0 uniq crashes found)...[0m
scheduled max input!!!!
schedule: 3 level25_3/ijon_max/3
[1;94m[*] [0mFuzzing test case #1304 (1649 total, 0 uniq crashes found)...[0m
scheduled max input!!!!
schedule: 6 level25_3/ijon_max/6
[1;94m[*] [0mFuzzing test case #1305 (1649 total, 0 uniq crashes found)...[0m
scheduled max input!!!!
schedule: 0 level25_3/ijon_max/0
[1;94m[*] [0mFuzzing test case #1306 (1649 total, 0 uniq crashes found)...[0m
[1;94m[*] [0mFuzzing test case #1307 (1649 total, 0 uniq crashes found)...[0m
scheduled max input!!!!
schedule: 14 level25_3/ijon_max/14
[1;94m[*] [0mFuzzing test case #1308 (1649 total, 0 uniq crashes found)...[0m
scheduled max input!!!!
schedule: 4 level25_3/ijon_max/4
[1;94m[*] [0mFuzzing test case #1309 (1650 total, 0 uniq crashes found)...[0m
scheduled max input!!!!
schedule: 10 level25_3/ijon_max/10
[1;94m[*] [0mFuzzing test case #1310 (1650 total, 0 uniq crashes found)...[0m
scheduled max input!!!!
schedule: 5 level25_3/ijon_max/5
[1;94m[*] [0mFuzzing test case #1311 (1650 total, 0 uniq crashes found)...[0m
scheduled max input!!!!
schedule: 1 level25_3/ijon_max/1
[1;94m[*] [0mFuzzing test case #1312 (1651 total, 0 uniq crashes found)...[0m
scheduled max input!!!!
schedule: 0 level25_3/ijon_max/0
[1;94m[*] [0mFuzzing test case #1313 (1652 total, 0 uniq crashes found)...[0m
scheduled max input!!!!
schedule: 4 level25_3/ijon_max/4
[1;94m[*] [0mFuzzing test case #1314 (1652 total, 0 uniq crashes found)...[0m
scheduled max input!!!!
schedule: 5 level25_3/ijon_max/5
[1;94m[*] [0mFuzzing test case #1315 (1652 total, 0 uniq crashes found)...[0m
[1;94m[*] [0mFuzzing test case #1316 (1652 total, 0 uniq crashes found)...[0m
[1;94m[*] [0mFuzzing test case #1317 (1652 total, 0 uniq crashes found)...[0m
scheduled max input!!!!
schedule: 0 level25_3/ijon_max/0
[1;94m[*] [0mFuzzing test case #1318 (1652 total, 0 uniq crashes found)...[0m
scheduled max input!!!!
schedule: 5 level25_3/ijon_max/5
[1;94m[*] [0mFuzzing test case #1319 (1652 total, 0 uniq crashes found)...[0m
scheduled max input!!!!
schedule: 8 level25_3/ijon_max/8
[1;94m[*] [0mFuzzing test case #1320 (1652 total, 0 uniq crashes found)...[0m
scheduled max input!!!!
schedule: 9 level25_3/ijon_max/9
[1;94m[*] [0mFuzzing test case #1321 (1652 total, 0 uniq crashes found)...[0m
scheduled max input!!!!
schedule: 5 level25_3/ijon_max/5
[1;94m[*] [0mFuzzing test case #1322 (1652 total, 0 uniq crashes found)...[0m
scheduled max input!!!!
schedule: 4 level25_3/ijon_max/4
[1;94m[*] [0mFuzzing test case #1323 (1652 total, 0 uniq crashes found)...[0m
scheduled max input!!!!
schedule: 11 level25_3/ijon_max/11
[1;94m[*] [0mFuzzing test case #1324 (1652 total, 0 uniq crashes found)...[0m
scheduled max input!!!!
schedule: 4 level25_3/ijon_max/4
[1;94m[*] [0mFuzzing test case #1325 (1653 total, 0 uniq crashes found)...[0m
scheduled max input!!!!
schedule: 13 level25_3/ijon_max/13
[1;94m[*] [0mFuzzing test case #1326 (1653 total, 0 uniq crashes found)...[0m
scheduled max input!!!!
schedule: 8 level25_3/ijon_max/8
[1;94m[*] [0mFuzzing test case #1327 (1653 total, 0 uniq crashes found)...[0m
scheduled max input!!!!
schedule: 1 level25_3/ijon_max/1
[1;94m[*] [0mFuzzing test case #1328 (1653 total, 0 uniq crashes found)...[0m
scheduled max input!!!!
schedule: 15 level25_3/ijon_max/15
[1;94m[*] [0mFuzzing test case #1329 (1653 total, 0 uniq crashes found)...[0m
scheduled max input!!!!
schedule: 8 level25_3/ijon_max/8
[1;94m[*] [0mFuzzing test case #1330 (1653 total, 0 uniq crashes found)...[0m
scheduled max input!!!!
schedule: 0 level25_3/ijon_max/0
[1;94m[*] [0mFuzzing test case #1331 (1653 total, 0 uniq crashes found)...[0m
scheduled max input!!!!
schedule: 8 level25_3/ijon_max/8
[1;94m[*] [0mFuzzing test case #1332 (1653 total, 0 uniq crashes found)...[0m
scheduled max input!!!!
schedule: 8 level25_3/ijon_max/8
[1;94m[*] [0mFuzzing test case #1333 (1653 total, 0 uniq crashes found)...[0m
scheduled max input!!!!
schedule: 13 level25_3/ijon_max/13
[1;94m[*] [0mFuzzing test case #1334 (1653 total, 0 uniq crashes found)...[0m
scheduled max input!!!!
schedule: 1 level25_3/ijon_max/1
updated maxmap 3: 64f (len: 752)
updated maxmap 4: 654 (len: 752)
[1;94m[*] [0mFuzzing test case #1335 (1653 total, 0 uniq crashes found)...[0m
[1;94m[*] [0mFuzzing test case #1336 (1653 total, 0 uniq crashes found)...[0m
[1;94m[*] [0mFuzzing test case #1337 (1653 total, 0 uniq crashes found)...[0m
scheduled max input!!!!
schedule: 3 level25_3/ijon_max/3
[1;94m[*] [0mFuzzing test case #1338 (1653 total, 0 uniq crashes found)...[0m
scheduled max input!!!!
schedule: 4 level25_3/ijon_max/4
[1;94m[*] [0mFuzzing test case #1339 (1653 total, 0 uniq crashes found)...[0m
[1;94m[*] [0mFuzzing test case #1340 (1653 total, 0 uniq crashes found)...[0m
[1;94m[*] [0mFuzzing test case #1341 (1653 total, 0 uniq crashes found)...[0m
scheduled max input!!!!
schedule: 7 level25_3/ijon_max/7
[1;94m[*] [0mFuzzing test case #1342 (1653 total, 0 uniq crashes found)...[0m
scheduled max input!!!!
schedule: 5 level25_3/ijon_max/5
[1;94m[*] [0mFuzzing test case #1343 (1653 total, 0 uniq crashes found)...[0m
[1;94m[*] [0mFuzzing test case #1344 (1653 total, 0 uniq crashes found)...[0m
scheduled max input!!!!
schedule: 14 level25_3/ijon_max/14
[1;94m[*] [0mFuzzing test case #1345 (1653 total, 0 uniq crashes found)...[0m
scheduled max input!!!!
schedule: 12 level25_3/ijon_max/12
[1;94m[*] [0mFuzzing test case #1346 (1653 total, 0 uniq crashes found)...[0m
scheduled max input!!!!
schedule: 13 level25_3/ijon_max/13
[1;94m[*] [0mFuzzing test case #1347 (1653 total, 0 uniq crashes found)...[0m
scheduled max input!!!!
schedule: 9 level25_3/ijon_max/9
[1;94m[*] [0mFuzzing test case #1348 (1653 total, 0 uniq crashes found)...[0m
scheduled max input!!!!
schedule: 9 level25_3/ijon_max/9
[1;94m[*] [0mFuzzing test case #1349 (1653 total, 0 uniq crashes found)...[0m
scheduled max input!!!!
schedule: 8 level25_3/ijon_max/8
[1;94m[*] [0mFuzzing test case #1350 (1653 total, 0 uniq crashes found)...[0m
scheduled max input!!!!
schedule: 15 level25_3/ijon_max/15
[1;94m[*] [0mFuzzing test case #1351 (1653 total, 0 uniq crashes found)...[0m
scheduled max input!!!!
schedule: 0 level25_3/ijon_max/0
[1;94m[*] [0mFuzzing test case #1352 (1653 total, 0 uniq crashes found)...[0m
scheduled max input!!!!
schedule: 0 level25_3/ijon_max/0
[1;94m[*] [0mFuzzing test case #1353 (1653 total, 0 uniq crashes found)...[0m
scheduled max input!!!!
schedule: 0 level25_3/ijon_max/0
[1;94m[*] [0mFuzzing test case #1354 (1653 total, 0 uniq crashes found)...[0m
scheduled max input!!!!
schedule: 1 level25_3/ijon_max/1
updated maxmap 5: 659 (len: 754)
[1;94m[*] [0mFuzzing test case #1355 (1653 total, 0 uniq crashes found)...[0m
scheduled max input!!!!
schedule: 7 level25_3/ijon_max/7
[1;94m[*] [0mFuzzing test case #1356 (1653 total, 0 uniq crashes found)...[0m
scheduled max input!!!!
schedule: 11 level25_3/ijon_max/11
[1;94m[*] [0mFuzzing test case #1357 (1653 total, 0 uniq crashes found)...[0m
scheduled max input!!!!
schedule: 9 level25_3/ijon_max/9
[1;94m[*] [0mFuzzing test case #1358 (1653 total, 0 uniq crashes found)...[0m
[1;94m[*] [0mFuzzing test case #1359 (1653 total, 0 uniq crashes found)...[0m
scheduled max input!!!!
schedule: 1 level25_3/ijon_max/1
[1;94m[*] [0mFuzzing test case #1360 (1653 total, 0 uniq crashes found)...[0m
scheduled max input!!!!
schedule: 9 level25_3/ijon_max/9
[1;94m[*] [0mFuzzing test case #1361 (1653 total, 0 uniq crashes found)...[0m
scheduled max input!!!!
schedule: 15 level25_3/ijon_max/15
[1;94m[*] [0mFuzzing test case #1362 (1653 total, 0 uniq crashes found)...[0m
scheduled max input!!!!
schedule: 14 level25_3/ijon_max/14
[1;94m[*] [0mFuzzing test case #1363 (1653 total, 0 uniq crashes found)...[0m
scheduled max input!!!!
schedule: 15 level25_3/ijon_max/15
[1;94m[*] [0mFuzzing test case #1364 (1653 total, 0 uniq crashes found)...[0m
scheduled max input!!!!
schedule: 13 level25_3/ijon_max/13
[1;94m[*] [0mFuzzing test case #1365 (1653 total, 0 uniq crashes found)...[0m
scheduled max input!!!!
schedule: 3 level25_3/ijon_max/3
[1;94m[*] [0mFuzzing test case #1366 (1653 total, 0 uniq crashes found)...[0m
scheduled max input!!!!
schedule: 6 level25_3/ijon_max/6
[1;94m[*] [0mFuzzing test case #1367 (1653 total, 0 uniq crashes found)...[0m
scheduled max input!!!!
schedule: 13 level25_3/ijon_max/13
[1;94m[*] [0mFuzzing test case #1368 (1653 total, 0 uniq crashes found)...[0m
scheduled max input!!!!
schedule: 3 level25_3/ijon_max/3
[1;94m[*] [0mFuzzing test case #1369 (1653 total, 0 uniq crashes found)...[0m
scheduled max input!!!!
schedule: 1 level25_3/ijon_max/1
[1;94m[*] [0mFuzzing test case #1370 (1653 total, 0 uniq crashes found)...[0m
scheduled max input!!!!
schedule: 14 level25_3/ijon_max/14
[1;94m[*] [0mFuzzing test case #1371 (1653 total, 0 uniq crashes found)...[0m
scheduled max input!!!!
schedule: 0 level25_3/ijon_max/0
[1;94m[*] [0mFuzzing test case #1372 (1653 total, 0 uniq crashes found)...[0m
scheduled max input!!!!
schedule: 15 level25_3/ijon_max/15
[1;94m[*] [0mFuzzing test case #1373 (1653 total, 0 uniq crashes found)...[0m
[1;94m[*] [0mFuzzing test case #1374 (1653 total, 0 uniq crashes found)...[0m
scheduled max input!!!!
schedule: 4 level25_3/ijon_max/4
[1;94m[*] [0mFuzzing test case #1375 (1653 total, 0 uniq crashes found)...[0m
scheduled normal input!!!!
[?25h[1;91m

+++ Testing aborted by user +++
[0m
[1;93m[!] [0mStopped during the first cycle, results may be incomplete.
    (For info on resuming, see docs/README.)
[1;92m[+] [0mWe're done here. Have a nice day!
[0m
srun: error: ubuntu-test: task 0: Exited with exit code 124
