srun: error: NodeNames=ubuntu-test CPUs=90 match no Sockets, Sockets*CoresPerSocket or Sockets*CoresPerSocket*ThreadsPerCore. Resetting CPUs.
[0;36mafl-fuzz [1;97m2.51b-ijon[0m by <lcamtuf@google.com>
[1;92m[+] [0mLooks like we're not running on a tty, so I'll be a bit less verbose.[0m
[1;92m[+] [0mYou have 96 CPU cores and 97 runnable tasks (utilization: 101%).[0m
[1;93m[!] [1;97mWARNING: [0mNot binding to a CPU core (AFL_NO_AFFINITY set).[0m
[1;94m[*] [0mChecking core_pattern...[0m
[1;94m[*] [0mSetting up output directories...[0m
importdir: level24_1/importsmax_dir: level24_1/ijon_max[1;94m[*] [0mScanning 'seeds'...[0m
[1;92m[+] [0mNo auto-generated dictionary tokens to reuse.[0m
[1;94m[*] [0mCreating hard links for all input files...[0m
[1;94m[*] [0mValidating target binary...[0m
[1;94m[*] [0mAttempting dry run with 'id:000000,orig:a'...[0m
[1;94m[*] [0mSpinning up the fork server...[0m
[1;92m[+] [0mAll right - fork server is up.[0m
[1;90m    len = 1, map size = 2479, exec speed = 17301 us
[0m[1;92m[+] [0mAll test cases processed.[0m

[1;93m[!] [1;97mWARNING: [0m[1;91mThe target binary is pretty slow! See docs/perf_tips.txt.[0m
[1;92m[+] [0mHere are some useful stats:

[1;90m    Test case count : [0m1 favored, 0 variable, 1 total
[1;90m       Bitmap range : [0m2479 to 2479 bits (average: 2479.00 bits)
[1;90m        Exec timing : [0m17.3k to 17.3k us (average: 17.3k us)
[0m
[1;92m[+] [0mAll set and ready to roll![0m
[1;94m[*] [0mEntering queue cycle 1.[0m
[1;94m[*] [0mFuzzing test case #0 (1 total, 0 uniq crashes found)...[0m
scheduled normal input!!!!
updated maxmap 11: 28 (len: 1)
updated maxmap 9: 29 (len: 41)
updated maxmap 10: 28 (len: 41)
updated maxmap 10: 29 (len: 46)
updated maxmap 9: 2d (len: 53)
updated maxmap 10: 2f (len: 53)
updated maxmap 11: 30 (len: 53)
updated maxmap 9: 30 (len: 58)
updated maxmap 10: 3c (len: 58)
updated maxmap 11: 38 (len: 58)
updated maxmap 8: 29 (len: 39)
updated maxmap 8: 2f (len: 73)
updated maxmap 9: 33 (len: 73)
updated maxmap 9: 34 (len: 62)
updated maxmap 8: 30 (len: 69)
updated maxmap 11: 39 (len: 56)
updated maxmap 9: 38 (len: 65)
updated maxmap 7: 2c (len: 49)
updated maxmap 8: 35 (len: 64)
updated maxmap 9: 4f (len: 74)
updated maxmap 11: 3b (len: 58)
updated maxmap 10: 3e (len: 68)
updated maxmap 10: 46 (len: 88)
updated maxmap 11: 46 (len: 88)
updated maxmap 7: 32 (len: 57)
[1;94m[*] [0mFuzzing test case #1 (248 total, 0 uniq crashes found)...[0m
scheduled max input!!!!
schedule: 8 level24_1/ijon_max/8
updated maxmap 8: 39 (len: 104)
updated maxmap 9: 59 (len: 104)
updated maxmap 10: 5a (len: 104)
updated maxmap 8: 3e (len: 113)
updated maxmap 8: 3f (len: 94)
updated maxmap 11: 4c (len: 94)
updated maxmap 9: 63 (len: 104)
updated maxmap 10: 65 (len: 104)
updated maxmap 11: 56 (len: 81)
updated maxmap 9: 67 (len: 111)
updated maxmap 9: 68 (len: 122)
updated maxmap 11: 57 (len: 122)
updated maxmap 10: 66 (len: 108)
updated maxmap 8: 4c (len: 90)
updated maxmap 8: 63 (len: 113)
updated maxmap 9: 6a (len: 113)
updated maxmap 10: 70 (len: 113)
updated maxmap 11: 76 (len: 113)
updated maxmap 9: 70 (len: 99)
updated maxmap 10: 71 (len: 99)
updated maxmap 8: 7c (len: 126)
updated maxmap 9: 76 (len: 126)
updated maxmap 8: 86 (len: 158)
updated maxmap 9: 8c (len: 158)
updated maxmap 10: 8f (len: 158)
updated maxmap 11: 79 (len: 135)
updated maxmap 11: 82 (len: 141)
updated maxmap 9: 91 (len: 136)
updated maxmap 11: 86 (len: 136)
[1;94m[*] [0mFuzzing test case #2 (352 total, 0 uniq crashes found)...[0m
scheduled max input!!!!
schedule: 10 level24_1/ijon_max/10
updated maxmap 9: c4 (len: 174)
updated maxmap 10: c5 (len: 174)
updated maxmap 11: a9 (len: 174)
updated maxmap 11: ad (len: 172)
updated maxmap 8: 93 (len: 204)
updated maxmap 11: c1 (len: 158)
updated maxmap 8: b3 (len: 187)
updated maxmap 9: e0 (len: 195)
updated maxmap 10: e1 (len: 195)
updated maxmap 11: c3 (len: 195)
updated maxmap 9: e5 (len: 210)
updated maxmap 10: e2 (len: 210)
updated maxmap 11: dc (len: 210)
updated maxmap 8: b8 (len: 205)
updated maxmap 8: e0 (len: 180)
updated maxmap 9: 121 (len: 228)
updated maxmap 10: 121 (len: 228)
updated maxmap 11: 11d (len: 228)
updated maxmap 7: 7c (len: 170)
updated maxmap 8: 106 (len: 223)
updated maxmap 7: 94 (len: 167)
updated maxmap 11: 121 (len: 229)
updated maxmap 7: e1 (len: 208)
[1;94m[*] [0mFuzzing test case #3 (589 total, 0 uniq crashes found)...[0m
scheduled max input!!!!
schedule: 8 level24_1/ijon_max/8
updated maxmap 8: 107 (len: 223)
updated maxmap 9: 122 (len: 229)
updated maxmap 9: 123 (len: 253)
updated maxmap 8: 117 (len: 244)
updated maxmap 10: 122 (len: 223)
updated maxmap 8: 118 (len: 223)
updated maxmap 8: 121 (len: 223)
updated maxmap 11: 122 (len: 235)
updated maxmap 8: 122 (len: 229)
updated maxmap 7: 121 (len: 254)
updated maxmap 6: 62 (len: 223)
updated maxmap 6: 64 (len: 223)
updated maxmap 6: 122 (len: 239)
updated maxmap 7: 123 (len: 239)
updated maxmap 10: 124 (len: 227)
updated maxmap 11: 123 (len: 227)
updated maxmap 8: 123 (len: 223)
updated maxmap 8: 126 (len: 223)
updated maxmap 9: 125 (len: 223)
updated maxmap 6: 125 (len: 227)
updated maxmap 7: 125 (len: 227)
[1;94m[*] [0mFuzzing test case #4 (733 total, 0 uniq crashes found)...[0m
scheduled max input!!!!
schedule: 11 level24_1/ijon_max/11
[1;94m[*] [0mFuzzing test case #5 (734 total, 0 uniq crashes found)...[0m
scheduled max input!!!!
schedule: 9 level24_1/ijon_max/9
[1;94m[*] [0mFuzzing test case #6 (734 total, 0 uniq crashes found)...[0m
[1;94m[*] [0mFuzzing test case #7 (734 total, 0 uniq crashes found)...[0m
scheduled max input!!!!
schedule: 6 level24_1/ijon_max/6
updated maxmap 6: 127 (len: 227)
updated maxmap 7: 126 (len: 227)
updated maxmap 6: 129 (len: 227)
updated maxmap 7: 127 (len: 227)
updated maxmap 6: 12a (len: 227)
updated maxmap 7: 128 (len: 227)
updated maxmap 4: 12e (len: 234)
updated maxmap 5: 12c (len: 234)
updated maxmap 4: 134 (len: 234)
updated maxmap 6: 12b (len: 227)
updated maxmap 7: 12c (len: 227)
updated maxmap 6: 12d (len: 227)
updated maxmap 6: 12e (len: 227)
updated maxmap 5: 12d (len: 234)
updated maxmap 6: 12f (len: 227)
updated maxmap 6: 134 (len: 233)
updated maxmap 7: 132 (len: 233)
updated maxmap 5: 12e (len: 227)
updated maxmap 5: 134 (len: 231)
updated maxmap 10: 125 (len: 227)
updated maxmap 11: 124 (len: 227)
[1;94m[*] [0mFuzzing test case #8 (754 total, 0 uniq crashes found)...[0m
scheduled max input!!!!
schedule: 7 level24_1/ijon_max/7
updated maxmap 5: 135 (len: 233)
updated maxmap 5: 136 (len: 233)
updated maxmap 6: 135 (len: 233)
updated maxmap 7: 133 (len: 233)
updated maxmap 5: 13a (len: 239)
updated maxmap 6: 136 (len: 233)
updated maxmap 7: 134 (len: 233)
updated maxmap 6: 137 (len: 234)
updated maxmap 7: 135 (len: 234)
updated maxmap 7: 136 (len: 233)
updated maxmap 6: 13b (len: 240)
updated maxmap 7: 13a (len: 240)
updated maxmap 5: 13b (len: 239)
[1;94m[*] [0mFuzzing test case #9 (773 total, 0 uniq crashes found)...[0m
scheduled max input!!!!
schedule: 10 level24_1/ijon_max/10
[1;94m[*] [0mFuzzing test case #10 (773 total, 0 uniq crashes found)...[0m
scheduled max input!!!!
schedule: 11 level24_1/ijon_max/11
[1;94m[*] [0mFuzzing test case #11 (773 total, 0 uniq crashes found)...[0m
scheduled max input!!!!
schedule: 6 level24_1/ijon_max/6
updated maxmap 6: 13f (len: 240)
updated maxmap 7: 13d (len: 240)
updated maxmap 5: 140 (len: 240)
updated maxmap 7: 13e (len: 240)
updated maxmap 7: 13f (len: 240)
updated maxmap 4: 143 (len: 240)
updated maxmap 6: 140 (len: 240)
updated maxmap 6: 141 (len: 240)
updated maxmap 7: 140 (len: 240)
updated maxmap 5: 143 (len: 240)
updated maxmap 6: 143 (len: 242)
updated maxmap 7: 141 (len: 242)
updated maxmap 8: 133 (len: 246)
updated maxmap 4: 144 (len: 240)
updated maxmap 5: 147 (len: 243)
updated maxmap 4: 148 (len: 244)
updated maxmap 6: 144 (len: 243)
updated maxmap 7: 142 (len: 243)
[1;94m[*] [0mFuzzing test case #12 (791 total, 0 uniq crashes found)...[0m
[1;94m[*] [0mFuzzing test case #13 (791 total, 0 uniq crashes found)...[0m
scheduled max input!!!!
schedule: 7 level24_1/ijon_max/7
updated maxmap 7: 143 (len: 243)
updated maxmap 5: 14d (len: 250)
updated maxmap 6: 145 (len: 243)
updated maxmap 7: 144 (len: 243)
updated maxmap 4: 14d (len: 247)
updated maxmap 6: 146 (len: 243)
updated maxmap 7: 145 (len: 243)
updated maxmap 6: 147 (len: 243)
updated maxmap 7: 146 (len: 243)
updated maxmap 6: 148 (len: 243)
updated maxmap 4: 155 (len: 251)
updated maxmap 5: 14f (len: 251)
updated maxmap 8: 139 (len: 250)
updated maxmap 6: 14f (len: 254)
updated maxmap 7: 153 (len: 254)
updated maxmap 5: 152 (len: 251)
updated maxmap 6: 153 (len: 251)
[1;94m[*] [0mFuzzing test case #14 (803 total, 0 uniq crashes found)...[0m
scheduled max input!!!!
schedule: 4 level24_1/ijon_max/4
updated maxmap 5: 154 (len: 251)
updated maxmap 5: 155 (len: 251)
[1;94m[*] [0mFuzzing test case #15 (803 total, 0 uniq crashes found)...[0m
scheduled max input!!!!
schedule: 10 level24_1/ijon_max/10
[1;94m[*] [0mFuzzing test case #16 (803 total, 0 uniq crashes found)...[0m
scheduled max input!!!!
schedule: 11 level24_1/ijon_max/11
[1;94m[*] [0mFuzzing test case #17 (803 total, 0 uniq crashes found)...[0m
scheduled max input!!!!
schedule: 7 level24_1/ijon_max/7
updated maxmap 7: 154 (len: 260)
updated maxmap 8: 15a (len: 260)
updated maxmap 9: 15c (len: 260)
updated maxmap 6: 154 (len: 254)
updated maxmap 7: 159 (len: 254)
updated maxmap 7: 15a (len: 262)
updated maxmap 8: 160 (len: 262)
updated maxmap 9: 165 (len: 262)
updated maxmap 6: 155 (len: 255)
updated maxmap 6: 158 (len: 255)
updated maxmap 7: 162 (len: 255)
updated maxmap 8: 167 (len: 255)
updated maxmap 6: 159 (len: 254)
updated maxmap 7: 163 (len: 254)
updated maxmap 8: 16c (len: 257)
updated maxmap 5: 160 (len: 308)
updated maxmap 6: 15b (len: 254)
updated maxmap 7: 165 (len: 254)
updated maxmap 6: 15d (len: 254)
updated maxmap 8: 16d (len: 256)
updated maxmap 10: 160 (len: 266)
updated maxmap 8: 16f (len: 260)
updated maxmap 9: 177 (len: 260)
updated maxmap 6: 15e (len: 262)
updated maxmap 9: 178 (len: 262)
updated maxmap 10: 17b (len: 262)
updated maxmap 7: 166 (len: 261)
updated maxmap 8: 170 (len: 261)
updated maxmap 7: 167 (len: 259)
updated maxmap 6: 164 (len: 254)
updated maxmap 7: 168 (len: 258)
[1;94m[*] [0mFuzzing test case #18 (820 total, 0 uniq crashes found)...[0m
scheduled max input!!!!
schedule: 4 level24_1/ijon_max/4
updated maxmap 4: 157 (len: 251)
updated maxmap 4: 15a (len: 251)
[1;94m[*] [0mFuzzing test case #19 (820 total, 0 uniq crashes found)...[0m
[1;94m[*] [0mFuzzing test case #20 (820 total, 0 uniq crashes found)...[0m
scheduled max input!!!!
schedule: 11 level24_1/ijon_max/11
[1;94m[*] [0mFuzzing test case #21 (820 total, 0 uniq crashes found)...[0m
scheduled max input!!!!
schedule: 11 level24_1/ijon_max/11
[1;94m[*] [0mFuzzing test case #22 (820 total, 0 uniq crashes found)...[0m
[1;94m[*] [0mFuzzing test case #23 (820 total, 0 uniq crashes found)...[0m
scheduled max input!!!!
schedule: 8 level24_1/ijon_max/8
updated maxmap 9: 179 (len: 265)
updated maxmap 10: 17e (len: 265)
updated maxmap 6: 167 (len: 261)
updated maxmap 7: 171 (len: 261)
updated maxmap 8: 176 (len: 261)
updated maxmap 6: 168 (len: 261)
updated maxmap 7: 172 (len: 261)
updated maxmap 8: 177 (len: 261)
updated maxmap 6: 169 (len: 261)
updated maxmap 7: 173 (len: 261)
updated maxmap 8: 178 (len: 261)
updated maxmap 5: 162 (len: 261)
updated maxmap 6: 16c (len: 261)
updated maxmap 7: 176 (len: 261)
updated maxmap 8: 17b (len: 261)
updated maxmap 8: 180 (len: 267)
updated maxmap 9: 18a (len: 267)
updated maxmap 10: 18f (len: 269)
updated maxmap 5: 163 (len: 270)
updated maxmap 6: 16d (len: 270)
updated maxmap 7: 177 (len: 270)
updated maxmap 8: 181 (len: 270)
updated maxmap 9: 18b (len: 270)
updated maxmap 10: 192 (len: 270)
updated maxmap 4: 15e (len: 261)
updated maxmap 4: 164 (len: 269)
updated maxmap 5: 165 (len: 269)
updated maxmap 2: 166 (len: 261)
updated maxmap 3: 173 (len: 261)
updated maxmap 6: 16e (len: 261)
updated maxmap 7: 178 (len: 261)
updated maxmap 5: 168 (len: 261)
updated maxmap 6: 172 (len: 261)
updated maxmap 7: 17c (len: 261)
[1;94m[*] [0mFuzzing test case #24 (840 total, 0 uniq crashes found)...[0m
scheduled max input!!!!
schedule: 5 level24_1/ijon_max/5
[1;94m[*] [0mFuzzing test case #25 (841 total, 0 uniq crashes found)...[0m
scheduled max input!!!!
schedule: 9 level24_1/ijon_max/9
updated maxmap 11: 192 (len: 270)
updated maxmap 9: 1a3 (len: 277)
updated maxmap 10: 1a1 (len: 277)
updated maxmap 11: 199 (len: 277)
updated maxmap 11: 19f (len: 276)
updated maxmap 8: 185 (len: 270)
updated maxmap 8: 186 (len: 270)
updated maxmap 9: 1a6 (len: 278)
[1;94m[*] [0mFuzzing test case #26 (869 total, 0 uniq crashes found)...[0m
scheduled max input!!!!
schedule: 3 level24_1/ijon_max/3
updated maxmap 2: 174 (len: 261)
updated maxmap 3: 174 (len: 261)
updated maxmap 4: 165 (len: 274)
updated maxmap 5: 16f (len: 274)
updated maxmap 6: 179 (len: 274)
[1;94m[*] [0mFuzzing test case #27 (869 total, 0 uniq crashes found)...[0m
scheduled max input!!!!
schedule: 5 level24_1/ijon_max/5
updated maxmap 7: 183 (len: 282)
updated maxmap 8: 18d (len: 282)
[1;94m[*] [0mFuzzing test case #28 (869 total, 0 uniq crashes found)...[0m
scheduled max input!!!!
schedule: 3 level24_1/ijon_max/3
updated maxmap 1: 175 (len: 261)
updated maxmap 3: 175 (len: 261)
updated maxmap 1: 17c (len: 261)
updated maxmap 2: 177 (len: 261)
updated maxmap 3: 177 (len: 263)
updated maxmap 0: 17d (len: 261)
updated maxmap 2: 178 (len: 264)
updated maxmap 1: 18e (len: 268)
updated maxmap 2: 179 (len: 264)
[1;94m[*] [0mFuzzing test case #29 (877 total, 0 uniq crashes found)...[0m
scheduled max input!!!!
schedule: 4 level24_1/ijon_max/4
[1;94m[*] [0mFuzzing test case #30 (877 total, 0 uniq crashes found)...[0m
scheduled max input!!!!
schedule: 0 level24_1/ijon_max/0
[1;94m[*] [0mFuzzing test case #31 (877 total, 0 uniq crashes found)...[0m
scheduled max input!!!!
schedule: 1 level24_1/ijon_max/1
updated maxmap 0: 19e (len: 276)
updated maxmap 2: 198 (len: 274)
updated maxmap 3: 19d (len: 274)
updated maxmap 1: 19d (len: 274)
updated maxmap 4: 166 (len: 268)
updated maxmap 5: 170 (len: 268)
updated maxmap 6: 17a (len: 268)
updated maxmap 7: 184 (len: 268)
updated maxmap 8: 18e (len: 268)
[1;94m[*] [0mFuzzing test case #32 (899 total, 0 uniq crashes found)...[0m
scheduled max input!!!!
schedule: 6 level24_1/ijon_max/6
[1;94m[*] [0mFuzzing test case #33 (899 total, 0 uniq crashes found)...[0m
scheduled max input!!!!
schedule: 1 level24_1/ijon_max/1
updated maxmap 1: 1a5 (len: 291)
updated maxmap 2: 1af (len: 291)
updated maxmap 3: 1b1 (len: 291)
updated maxmap 8: 1b1 (len: 286)
updated maxmap 9: 1b1 (len: 286)
updated maxmap 10: 1b1 (len: 286)
updated maxmap 11: 1ad (len: 286)
updated maxmap 4: 1b7 (len: 289)
updated maxmap 5: 1b6 (len: 289)
updated maxmap 6: 1b4 (len: 289)
updated maxmap 7: 1b3 (len: 289)
updated maxmap 9: 1b3 (len: 289)
[1;94m[*] [0mFuzzing test case #34 (911 total, 0 uniq crashes found)...[0m
[1;94m[*] [0mFuzzing test case #35 (911 total, 0 uniq crashes found)...[0m
scheduled max input!!!!
schedule: 0 level24_1/ijon_max/0
[1;94m[*] [0mFuzzing test case #36 (911 total, 0 uniq crashes found)...[0m
scheduled max input!!!!
schedule: 9 level24_1/ijon_max/9
updated maxmap 11: 1b1 (len: 289)
updated maxmap 11: 1b2 (len: 296)
updated maxmap 10: 1b2 (len: 289)
updated maxmap 8: 1b2 (len: 293)
updated maxmap 8: 1b3 (len: 289)
updated maxmap 4: 1b8 (len: 289)
updated maxmap 8: 1b4 (len: 293)
updated maxmap 5: 1b7 (len: 289)
updated maxmap 5: 1b8 (len: 292)
updated maxmap 6: 1b9 (len: 292)
updated maxmap 10: 1b3 (len: 292)
updated maxmap 7: 1b4 (len: 289)
updated maxmap 11: 1b3 (len: 289)
updated maxmap 4: 1bb (len: 289)
updated maxmap 5: 1ba (len: 292)
updated maxmap 7: 1b5 (len: 292)
updated maxmap 8: 1b6 (len: 291)
updated maxmap 9: 1b5 (len: 291)
updated maxmap 9: 1b6 (len: 289)
updated maxmap 10: 1b5 (len: 289)
updated maxmap 7: 1b7 (len: 289)
[1;94m[*] [0mFuzzing test case #37 (949 total, 0 uniq crashes found)...[0m
scheduled max input!!!!
schedule: 3 level24_1/ijon_max/3
[1;94m[*] [0mFuzzing test case #38 (949 total, 0 uniq crashes found)...[0m
scheduled max input!!!!
schedule: 8 level24_1/ijon_max/8
[1;94m[*] [0mFuzzing test case #39 (950 total, 0 uniq crashes found)...[0m
scheduled max input!!!!
schedule: 1 level24_1/ijon_max/1
updated maxmap 1: 1a7 (len: 292)
updated maxmap 2: 1b1 (len: 292)
updated maxmap 3: 1b3 (len: 292)
updated maxmap 1: 1a8 (len: 291)
updated maxmap 2: 1b2 (len: 291)
[1;94m[*] [0mFuzzing test case #40 (951 total, 0 uniq crashes found)...[0m
scheduled max input!!!!
schedule: 2 level24_1/ijon_max/2
updated maxmap 0: 1b2 (len: 291)
updated maxmap 3: 1bc (len: 296)
updated maxmap 4: 1be (len: 296)
updated maxmap 1: 1ad (len: 291)
updated maxmap 4: 1c6 (len: 299)
updated maxmap 1: 1af (len: 291)
updated maxmap 5: 1bf (len: 297)
updated maxmap 1: 1b9 (len: 296)
updated maxmap 2: 1be (len: 296)
updated maxmap 0: 1b4 (len: 293)
updated maxmap 0: 1c0 (len: 297)
[1;94m[*] [0mFuzzing test case #41 (966 total, 0 uniq crashes found)...[0m
[1;94m[*] [0mFuzzing test case #42 (966 total, 0 uniq crashes found)...[0m
scheduled max input!!!!
schedule: 2 level24_1/ijon_max/2
updated maxmap 5: 1c3 (len: 304)
updated maxmap 6: 1cd (len: 304)
updated maxmap 7: 1d0 (len: 304)
updated maxmap 2: 1c0 (len: 297)
updated maxmap 2: 1c2 (len: 304)
updated maxmap 3: 1cc (len: 304)
updated maxmap 4: 1d1 (len: 304)
updated maxmap 1: 1ca (len: 302)
updated maxmap 2: 1cd (len: 302)
updated maxmap 3: 1cf (len: 303)
updated maxmap 2: 1cf (len: 303)
updated maxmap 5: 1d2 (len: 304)
[1;94m[*] [0mFuzzing test case #43 (978 total, 0 uniq crashes found)...[0m
scheduled max input!!!!
schedule: 8 level24_1/ijon_max/8
[1;94m[*] [0mFuzzing test case #44 (978 total, 0 uniq crashes found)...[0m
scheduled max input!!!!
schedule: 4 level24_1/ijon_max/4
[1;94m[*] [0mFuzzing test case #45 (978 total, 0 uniq crashes found)...[0m
scheduled max input!!!!
schedule: 7 level24_1/ijon_max/7
updated maxmap 7: 1d1 (len: 307)
updated maxmap 7: 1d9 (len: 310)
updated maxmap 6: 1ce (len: 308)
updated maxmap 6: 1dc (len: 311)
[1;94m[*] [0mFuzzing test case #46 (995 total, 0 uniq crashes found)...[0m
scheduled max input!!!!
schedule: 0 level24_1/ijon_max/0
updated maxmap 0: 1c1 (len: 297)
updated maxmap 1: 1cb (len: 301)
[1;94m[*] [0mFuzzing test case #47 (995 total, 0 uniq crashes found)...[0m
scheduled max input!!!!
schedule: 11 level24_1/ijon_max/11
[1;94m[*] [0mFuzzing test case #48 (995 total, 0 uniq crashes found)...[0m
scheduled max input!!!!
schedule: 4 level24_1/ijon_max/4
updated maxmap 4: 1d2 (len: 304)
updated maxmap 4: 1d7 (len: 309)
updated maxmap 5: 1de (len: 309)
[1;94m[*] [0mFuzzing test case #49 (997 total, 0 uniq crashes found)...[0m
scheduled max input!!!!
schedule: 6 level24_1/ijon_max/6
updated maxmap 6: 1dd (len: 314)
updated maxmap 5: 1e1 (len: 317)
updated maxmap 6: 1e0 (len: 317)
updated maxmap 7: 1da (len: 317)
updated maxmap 0: 1dc (len: 311)
updated maxmap 5: 1e3 (len: 318)
updated maxmap 2: 1d2 (len: 317)
updated maxmap 3: 1dc (len: 317)
updated maxmap 4: 1e6 (len: 317)
updated maxmap 5: 1eb (len: 317)
updated maxmap 7: 1dc (len: 314)
updated maxmap 1: 1dc (len: 311)
updated maxmap 0: 1e1 (len: 313)
updated maxmap 6: 1e6 (len: 315)
updated maxmap 7: 1e5 (len: 371)
updated maxmap 8: 1eb (len: 371)
updated maxmap 9: 1f1 (len: 371)
updated maxmap 10: 1f4 (len: 371)
updated maxmap 6: 1ed (len: 318)
[1;94m[*] [0mFuzzing test case #50 (1008 total, 0 uniq crashes found)...[0m
scheduled max input!!!!
schedule: 2 level24_1/ijon_max/2
updated maxmap 7: 1ea (len: 317)
updated maxmap 2: 1d3 (len: 317)
updated maxmap 3: 1dd (len: 317)
updated maxmap 4: 1e7 (len: 317)
updated maxmap 5: 1ec (len: 317)
[1;94m[*] [0mFuzzing test case #51 (1008 total, 0 uniq crashes found)...[0m
[1;94m[*] [0mFuzzing test case #52 (1008 total, 0 uniq crashes found)...[0m
scheduled max input!!!!
schedule: 9 level24_1/ijon_max/9
updated maxmap 10: 1fc (len: 377)
updated maxmap 11: 1f9 (len: 377)
updated maxmap 8: 1ec (len: 371)
updated maxmap 9: 1f2 (len: 371)
updated maxmap 8: 1ed (len: 371)
updated maxmap 9: 1f3 (len: 371)
updated maxmap 4: 1ee (len: 371)
updated maxmap 10: 1ff (len: 378)
updated maxmap 11: 1fa (len: 378)
updated maxmap 7: 1ef (len: 377)
updated maxmap 8: 1f5 (len: 377)
updated maxmap 9: 1fb (len: 377)
updated maxmap 5: 1f1 (len: 371)
updated maxmap 6: 1f1 (len: 371)
updated maxmap 7: 1f1 (len: 371)
updated maxmap 8: 1f6 (len: 376)
[1;94m[*] [0mFuzzing test case #53 (1076 total, 0 uniq crashes found)...[0m
scheduled max input!!!!
schedule: 4 level24_1/ijon_max/4
updated maxmap 4: 1f1 (len: 379)
[1;94m[*] [0mFuzzing test case #54 (1076 total, 0 uniq crashes found)...[0m
scheduled max input!!!!
schedule: 8 level24_1/ijon_max/8
updated maxmap 7: 1f4 (len: 380)
updated maxmap 8: 1f9 (len: 380)
updated maxmap 9: 1fd (len: 380)
updated maxmap 9: 1fe (len: 381)
updated maxmap 3: 1e5 (len: 384)
updated maxmap 5: 1f2 (len: 384)
updated maxmap 10: 200 (len: 384)
updated maxmap 11: 202 (len: 384)
updated maxmap 9: 202 (len: 384)
[1;94m[*] [0mFuzzing test case #55 (1093 total, 0 uniq crashes found)...[0m
scheduled max input!!!!
schedule: 11 level24_1/ijon_max/11
updated maxmap 10: 205 (len: 387)
updated maxmap 11: 203 (len: 385)
updated maxmap 9: 20e (len: 392)
updated maxmap 10: 209 (len: 392)
updated maxmap 11: 205 (len: 386)
updated maxmap 11: 20b (len: 392)
updated maxmap 8: 1fa (len: 384)
updated maxmap 10: 20a (len: 391)
[1;94m[*] [0mFuzzing test case #56 (1102 total, 0 uniq crashes found)...[0m
scheduled max input!!!!
schedule: 2 level24_1/ijon_max/2
[1;94m[*] [0mFuzzing test case #57 (1102 total, 0 uniq crashes found)...[0m
scheduled max input!!!!
schedule: 9 level24_1/ijon_max/9
updated maxmap 10: 20d (len: 392)
updated maxmap 9: 21a (len: 400)
updated maxmap 6: 1f2 (len: 392)
updated maxmap 10: 20f (len: 396)
[1;94m[*] [0mFuzzing test case #58 (1106 total, 0 uniq crashes found)...[0m
[1;94m[*] [0mFuzzing test case #59 (1106 total, 0 uniq crashes found)...[0m
scheduled max input!!!!
schedule: 5 level24_1/ijon_max/5
updated maxmap 3: 1e8 (len: 387)
updated maxmap 4: 1f2 (len: 387)
[1;94m[*] [0mFuzzing test case #60 (1109 total, 0 uniq crashes found)...[0m
scheduled max input!!!!
schedule: 0 level24_1/ijon_max/0
updated maxmap 0: 1f2 (len: 320)
updated maxmap 1: 1e0 (len: 313)
updated maxmap 1: 1e1 (len: 313)
updated maxmap 2: 1e1 (len: 313)
[1;94m[*] [0mFuzzing test case #61 (1113 total, 0 uniq crashes found)...[0m
scheduled max input!!!!
schedule: 1 level24_1/ijon_max/1
[1;94m[*] [0mFuzzing test case #62 (1113 total, 0 uniq crashes found)...[0m
scheduled max input!!!!
schedule: 10 level24_1/ijon_max/10
updated maxmap 10: 210 (len: 397)
updated maxmap 9: 21d (len: 404)
updated maxmap 9: 220 (len: 404)
updated maxmap 10: 211 (len: 396)
updated maxmap 10: 217 (len: 399)
updated maxmap 11: 211 (len: 399)
updated maxmap 10: 218 (len: 397)
updated maxmap 11: 212 (len: 397)
updated maxmap 11: 213 (len: 396)
updated maxmap 11: 214 (len: 396)
updated maxmap 9: 221 (len: 405)
updated maxmap 11: 216 (len: 396)
updated maxmap 10: 21a (len: 400)
updated maxmap 11: 217 (len: 400)
updated maxmap 8: 220 (len: 404)
[1;94m[*] [0mFuzzing test case #63 (1125 total, 0 uniq crashes found)...[0m
[1;94m[*] [0mFuzzing test case #64 (1125 total, 0 uniq crashes found)...[0m
scheduled max input!!!!
schedule: 8 level24_1/ijon_max/8
updated maxmap 9: 223 (len: 406)
updated maxmap 10: 220 (len: 411)
updated maxmap 9: 228 (len: 409)
updated maxmap 11: 220 (len: 404)
updated maxmap 8: 221 (len: 412)
updated maxmap 9: 22c (len: 412)
updated maxmap 8: 225 (len: 408)
[1;94m[*] [0mFuzzing test case #65 (1128 total, 0 uniq crashes found)...[0m
scheduled max input!!!!
schedule: 5 level24_1/ijon_max/5
[1;94m[*] [0mFuzzing test case #66 (1128 total, 0 uniq crashes found)...[0m
[1;94m[*] [0mFuzzing test case #67 (1128 total, 0 uniq crashes found)...[0m
[1;94m[*] [0mFuzzing test case #68 (1128 total, 0 uniq crashes found)...[0m
scheduled max input!!!!
schedule: 0 level24_1/ijon_max/0
updated maxmap 1: 1f2 (len: 320)
[1;94m[*] [0mFuzzing test case #69 (1128 total, 0 uniq crashes found)...[0m
scheduled max input!!!!
schedule: 6 level24_1/ijon_max/6
[1;94m[*] [0mFuzzing test case #70 (1128 total, 0 uniq crashes found)...[0m
scheduled max input!!!!
schedule: 1 level24_1/ijon_max/1
[1;94m[*] [0mFuzzing test case #71 (1128 total, 0 uniq crashes found)...[0m
scheduled max input!!!!
schedule: 5 level24_1/ijon_max/5
[1;94m[*] [0mFuzzing test case #72 (1128 total, 0 uniq crashes found)...[0m
[1;94m[*] [0mFuzzing test case #73 (1128 total, 0 uniq crashes found)...[0m
[1;94m[*] [0mFuzzing test case #74 (1128 total, 0 uniq crashes found)...[0m
scheduled max input!!!!
schedule: 6 level24_1/ijon_max/6
[1;94m[*] [0mFuzzing test case #75 (1129 total, 0 uniq crashes found)...[0m
scheduled max input!!!!
schedule: 6 level24_1/ijon_max/6
[1;94m[*] [0mFuzzing test case #76 (1130 total, 0 uniq crashes found)...[0m
scheduled max input!!!!
schedule: 1 level24_1/ijon_max/1
updated maxmap 2: 1eb (len: 320)
updated maxmap 3: 1f2 (len: 320)
[1;94m[*] [0mFuzzing test case #77 (1130 total, 0 uniq crashes found)...[0m
scheduled max input!!!!
schedule: 3 level24_1/ijon_max/3
updated maxmap 3: 1f4 (len: 328)
updated maxmap 4: 1ff (len: 328)
[1;94m[*] [0mFuzzing test case #78 (1131 total, 0 uniq crashes found)...[0m
[1;94m[*] [0mFuzzing test case #79 (1131 total, 0 uniq crashes found)...[0m
scheduled max input!!!!
schedule: 3 level24_1/ijon_max/3
[1;94m[*] [0mFuzzing test case #80 (1131 total, 0 uniq crashes found)...[0m
[1;94m[*] [0mFuzzing test case #81 (1131 total, 0 uniq crashes found)...[0m
scheduled max input!!!!
schedule: 9 level24_1/ijon_max/9
updated maxmap 9: 22d (len: 412)
updated maxmap 8: 22c (len: 412)
updated maxmap 7: 22c (len: 412)
updated maxmap 11: 221 (len: 412)
[1;94m[*] [0mFuzzing test case #82 (1133 total, 0 uniq crashes found)...[0m
scheduled max input!!!!
schedule: 9 level24_1/ijon_max/9
updated maxmap 7: 233 (len: 417)
updated maxmap 10: 221 (len: 415)
updated maxmap 8: 22d (len: 412)
updated maxmap 9: 22f (len: 413)
updated maxmap 8: 22e (len: 413)
updated maxmap 8: 232 (len: 420)
updated maxmap 9: 238 (len: 420)
updated maxmap 2: 21a (len: 412)
updated maxmap 3: 220 (len: 412)
updated maxmap 4: 226 (len: 412)
updated maxmap 5: 22c (len: 412)
updated maxmap 6: 232 (len: 412)
updated maxmap 7: 249 (len: 412)
updated maxmap 8: 244 (len: 412)
updated maxmap 9: 23e (len: 412)
updated maxmap 2: 228 (len: 412)
updated maxmap 3: 232 (len: 412)
updated maxmap 4: 23c (len: 412)
updated maxmap 5: 246 (len: 412)
updated maxmap 6: 250 (len: 412)
updated maxmap 7: 275 (len: 412)
updated maxmap 8: 270 (len: 412)
updated maxmap 9: 26a (len: 412)
updated maxmap 9: 27f (len: 419)
updated maxmap 10: 28e (len: 419)
updated maxmap 7: 27c (len: 412)
updated maxmap 6: 27d (len: 412)
updated maxmap 5: 267 (len: 412)
updated maxmap 2: 229 (len: 412)
updated maxmap 3: 233 (len: 412)
updated maxmap 4: 23d (len: 412)
updated maxmap 1: 21e (len: 412)
updated maxmap 2: 22b (len: 412)
updated maxmap 3: 235 (len: 412)
updated maxmap 4: 23f (len: 412)
updated maxmap 2: 230 (len: 412)
updated maxmap 3: 23a (len: 412)
updated maxmap 4: 244 (len: 412)
[1;94m[*] [0mFuzzing test case #83 (1154 total, 0 uniq crashes found)...[0m
scheduled max input!!!!
schedule: 2 level24_1/ijon_max/2
updated maxmap 1: 224 (len: 412)
updated maxmap 9: 28d (len: 419)
updated maxmap 11: 283 (len: 419)
updated maxmap 1: 245 (len: 412)
updated maxmap 2: 24f (len: 412)
updated maxmap 3: 259 (len: 412)
updated maxmap 4: 263 (len: 412)
updated maxmap 5: 26d (len: 412)
updated maxmap 1: 246 (len: 412)
updated maxmap 2: 250 (len: 412)
updated maxmap 3: 25a (len: 412)
updated maxmap 4: 264 (len: 412)
updated maxmap 5: 26e (len: 412)
updated maxmap 0: 246 (len: 412)
updated maxmap 1: 250 (len: 412)
updated maxmap 2: 25a (len: 412)
updated maxmap 3: 264 (len: 412)
updated maxmap 4: 26e (len: 412)
updated maxmap 5: 278 (len: 412)
updated maxmap 7: 282 (len: 419)
updated maxmap 8: 289 (len: 419)
updated maxmap 0: 24b (len: 412)
updated maxmap 1: 255 (len: 412)
updated maxmap 2: 25f (len: 412)
updated maxmap 3: 269 (len: 412)
updated maxmap 4: 273 (len: 412)
updated maxmap 5: 27d (len: 416)
updated maxmap 6: 282 (len: 416)
updated maxmap 0: 255 (len: 415)
updated maxmap 1: 25f (len: 415)
updated maxmap 2: 269 (len: 415)
updated maxmap 3: 273 (len: 415)
updated maxmap 4: 27d (len: 415)
updated maxmap 5: 280 (len: 415)
updated maxmap 0: 256 (len: 412)
updated maxmap 1: 260 (len: 412)
updated maxmap 2: 26a (len: 412)
updated maxmap 3: 274 (len: 412)
updated maxmap 4: 27e (len: 414)
updated maxmap 0: 258 (len: 412)
updated maxmap 1: 262 (len: 412)
updated maxmap 2: 26c (len: 412)
updated maxmap 3: 276 (len: 412)
updated maxmap 0: 25f (len: 415)
updated maxmap 1: 269 (len: 415)
updated maxmap 2: 273 (len: 415)
updated maxmap 3: 27d (len: 415)
updated maxmap 4: 280 (len: 415)
updated maxmap 0: 260 (len: 412)
updated maxmap 1: 26a (len: 412)
updated maxmap 2: 274 (len: 412)
updated maxmap 0: 265 (len: 416)
updated maxmap 1: 26f (len: 416)
updated maxmap 2: 279 (len: 416)
updated maxmap 3: 27e (len: 416)
updated maxmap 3: 283 (len: 420)
updated maxmap 4: 288 (len: 420)
updated maxmap 0: 271 (len: 412)
updated maxmap 1: 274 (len: 412)
updated maxmap 11: 284 (len: 417)
updated maxmap 1: 279 (len: 415)
updated maxmap 2: 27b (len: 415)
updated maxmap 0: 273 (len: 412)
[1;94m[*] [0mFuzzing test case #84 (1164 total, 0 uniq crashes found)...[0m
scheduled max input!!!!
schedule: 11 level24_1/ijon_max/11
updated maxmap 11: 28f (len: 422)
[1;94m[*] [0mFuzzing test case #85 (1164 total, 0 uniq crashes found)...[0m
scheduled max input!!!!
schedule: 7 level24_1/ijon_max/7
updated maxmap 8: 28a (len: 419)
[1;94m[*] [0mFuzzing test case #86 (1165 total, 0 uniq crashes found)...[0m
[1;94m[*] [0mFuzzing test case #87 (1165 total, 0 uniq crashes found)...[0m
scheduled max input!!!!
schedule: 4 level24_1/ijon_max/4
updated maxmap 7: 287 (len: 420)
updated maxmap 5: 287 (len: 420)
[1;94m[*] [0mFuzzing test case #88 (1165 total, 0 uniq crashes found)...[0m
scheduled max input!!!!
schedule: 8 level24_1/ijon_max/8
[1;94m[*] [0mFuzzing test case #89 (1165 total, 0 uniq crashes found)...[0m
scheduled max input!!!!
schedule: 5 level24_1/ijon_max/5
updated maxmap 5: 28c (len: 422)
[1;94m[*] [0mFuzzing test case #90 (1165 total, 0 uniq crashes found)...[0m
[1;94m[*] [0mFuzzing test case #91 (1165 total, 0 uniq crashes found)...[0m
scheduled max input!!!!
schedule: 5 level24_1/ijon_max/5
updated maxmap 5: 28e (len: 426)
updated maxmap 6: 296 (len: 426)
[1;94m[*] [0mFuzzing test case #92 (1165 total, 0 uniq crashes found)...[0m
scheduled max input!!!!
schedule: 1 level24_1/ijon_max/1
[1;94m[*] [0mFuzzing test case #93 (1165 total, 0 uniq crashes found)...[0m
scheduled max input!!!!
schedule: 1 level24_1/ijon_max/1
[1;94m[*] [0mFuzzing test case #94 (1165 total, 0 uniq crashes found)...[0m
scheduled max input!!!!
schedule: 6 level24_1/ijon_max/6
[1;94m[*] [0mFuzzing test case #95 (1166 total, 0 uniq crashes found)...[0m
[1;94m[*] [0mFuzzing test case #96 (1166 total, 0 uniq crashes found)...[0m
[1;94m[*] [0mFuzzing test case #97 (1166 total, 0 uniq crashes found)...[0m
scheduled max input!!!!
schedule: 11 level24_1/ijon_max/11
updated maxmap 10: 28f (len: 422)
updated maxmap 11: 298 (len: 426)
updated maxmap 9: 297 (len: 427)
updated maxmap 10: 292 (len: 427)
updated maxmap 9: 29a (len: 430)
updated maxmap 10: 297 (len: 430)
[1;94m[*] [0mFuzzing test case #98 (1169 total, 0 uniq crashes found)...[0m
[1;94m[*] [0mFuzzing test case #99 (1169 total, 0 uniq crashes found)...[0m
scheduled max input!!!!
schedule: 11 level24_1/ijon_max/11
updated maxmap 7: 297 (len: 426)
updated maxmap 9: 29c (len: 430)
updated maxmap 11: 299 (len: 426)
updated maxmap 10: 299 (len: 426)
[1;94m[*] [0mFuzzing test case #100 (1171 total, 0 uniq crashes found)...[0m
scheduled max input!!!!
schedule: 5 level24_1/ijon_max/5
[1;94m[*] [0mFuzzing test case #101 (1171 total, 0 uniq crashes found)...[0m
scheduled max input!!!!
schedule: 9 level24_1/ijon_max/9
updated maxmap 9: 2a2 (len: 430)
updated maxmap 9: 2a5 (len: 430)
updated maxmap 9: 2a6 (len: 430)
updated maxmap 10: 2a7 (len: 430)
updated maxmap 9: 2a7 (len: 430)
updated maxmap 8: 294 (len: 430)
updated maxmap 8: 295 (len: 437)
updated maxmap 8: 2a7 (len: 430)
updated maxmap 9: 2a8 (len: 430)
updated maxmap 10: 2a8 (len: 430)
updated maxmap 9: 2a9 (len: 430)
updated maxmap 9: 2aa (len: 430)
updated maxmap 10: 2aa (len: 430)
updated maxmap 8: 2a8 (len: 430)
updated maxmap 10: 2b1 (len: 435)
updated maxmap 11: 2b6 (len: 435)
updated maxmap 9: 2af (len: 437)
updated maxmap 10: 2b9 (len: 437)
updated maxmap 11: 2bb (len: 437)
[1;94m[*] [0mFuzzing test case #102 (1180 total, 0 uniq crashes found)...[0m
scheduled max input!!!!
schedule: 0 level24_1/ijon_max/0
updated maxmap 0: 274 (len: 412)
updated maxmap 0: 278 (len: 417)
updated maxmap 1: 27f (len: 417)
[1;94m[*] [0mFuzzing test case #103 (1180 total, 0 uniq crashes found)...[0m
scheduled max input!!!!
schedule: 4 level24_1/ijon_max/4
[1;94m[*] [0mFuzzing test case #104 (1180 total, 0 uniq crashes found)...[0m
scheduled max input!!!!
schedule: 11 level24_1/ijon_max/11
[1;94m[*] [0mFuzzing test case #105 (1180 total, 0 uniq crashes found)...[0m
scheduled max input!!!!
schedule: 8 level24_1/ijon_max/8
[1;94m[*] [0mFuzzing test case #106 (1180 total, 0 uniq crashes found)...[0m
scheduled max input!!!!
schedule: 4 level24_1/ijon_max/4
updated maxmap 4: 28d (len: 422)
[1;94m[*] [0mFuzzing test case #107 (1181 total, 0 uniq crashes found)...[0m
scheduled max input!!!!
schedule: 3 level24_1/ijon_max/3
[1;94m[*] [0mFuzzing test case #108 (1181 total, 0 uniq crashes found)...[0m
scheduled max input!!!!
schedule: 11 level24_1/ijon_max/11
[1;94m[*] [0mFuzzing test case #109 (1182 total, 0 uniq crashes found)...[0m
scheduled max input!!!!
schedule: 5 level24_1/ijon_max/5
updated maxmap 5: 28f (len: 426)
[1;94m[*] [0mFuzzing test case #110 (1182 total, 0 uniq crashes found)...[0m
[1;94m[*] [0mFuzzing test case #111 (1182 total, 0 uniq crashes found)...[0m
scheduled max input!!!!
schedule: 11 level24_1/ijon_max/11
updated maxmap 9: 2b1 (len: 437)
updated maxmap 10: 2bb (len: 437)
[1;94m[*] [0mFuzzing test case #112 (1182 total, 0 uniq crashes found)...[0m
scheduled max input!!!!
schedule: 2 level24_1/ijon_max/2
[1;94m[*] [0mFuzzing test case #113 (1182 total, 0 uniq crashes found)...[0m
scheduled max input!!!!
schedule: 8 level24_1/ijon_max/8
[1;94m[*] [0mFuzzing test case #114 (1182 total, 0 uniq crashes found)...[0m
scheduled max input!!!!
schedule: 4 level24_1/ijon_max/4
[1;94m[*] [0mFuzzing test case #115 (1182 total, 0 uniq crashes found)...[0m
[1;94m[*] [0mFuzzing test case #116 (1182 total, 0 uniq crashes found)...[0m
scheduled max input!!!!
schedule: 5 level24_1/ijon_max/5
updated maxmap 6: 297 (len: 426)
updated maxmap 6: 298 (len: 433)
updated maxmap 7: 2a2 (len: 433)
updated maxmap 7: 2a8 (len: 434)
updated maxmap 6: 299 (len: 428)
[1;94m[*] [0mFuzzing test case #117 (1182 total, 0 uniq crashes found)...[0m
scheduled max input!!!!
schedule: 2 level24_1/ijon_max/2
[1;94m[*] [0mFuzzing test case #118 (1182 total, 0 uniq crashes found)...[0m
scheduled max input!!!!
schedule: 0 level24_1/ijon_max/0
[1;94m[*] [0mFuzzing test case #119 (1182 total, 0 uniq crashes found)...[0m
scheduled max input!!!!
schedule: 6 level24_1/ijon_max/6
[1;94m[*] [0mFuzzing test case #120 (1182 total, 0 uniq crashes found)...[0m
scheduled max input!!!!
schedule: 11 level24_1/ijon_max/11
updated maxmap 11: 2c0 (len: 439)
[1;94m[*] [0mFuzzing test case #121 (1182 total, 0 uniq crashes found)...[0m
scheduled max input!!!!
schedule: 11 level24_1/ijon_max/11
[1;94m[*] [0mFuzzing test case #122 (1182 total, 0 uniq crashes found)...[0m
scheduled max input!!!!
schedule: 4 level24_1/ijon_max/4
updated maxmap 5: 297 (len: 426)
[1;94m[*] [0mFuzzing test case #123 (1183 total, 0 uniq crashes found)...[0m
scheduled max input!!!!
schedule: 1 level24_1/ijon_max/1
updated maxmap 1: 282 (len: 424)
updated maxmap 2: 28c (len: 424)
updated maxmap 3: 291 (len: 424)
[1;94m[*] [0mFuzzing test case #124 (1183 total, 0 uniq crashes found)...[0m
scheduled max input!!!!
schedule: 3 level24_1/ijon_max/3
[1;94m[*] [0mFuzzing test case #125 (1184 total, 0 uniq crashes found)...[0m
scheduled max input!!!!
schedule: 9 level24_1/ijon_max/9
[1;94m[*] [0mFuzzing test case #126 (1184 total, 0 uniq crashes found)...[0m
scheduled max input!!!!
schedule: 3 level24_1/ijon_max/3
[1;94m[*] [0mFuzzing test case #127 (1184 total, 0 uniq crashes found)...[0m
[1;94m[*] [0mFuzzing test case #128 (1184 total, 0 uniq crashes found)...[0m
scheduled max input!!!!
schedule: 11 level24_1/ijon_max/11
[1;94m[*] [0mFuzzing test case #129 (1184 total, 0 uniq crashes found)...[0m
scheduled max input!!!!
schedule: 11 level24_1/ijon_max/11
[1;94m[*] [0mFuzzing test case #130 (1184 total, 0 uniq crashes found)...[0m
scheduled max input!!!!
schedule: 6 level24_1/ijon_max/6
updated maxmap 8: 2a9 (len: 436)
updated maxmap 6: 29b (len: 428)
[1;94m[*] [0mFuzzing test case #131 (1186 total, 0 uniq crashes found)...[0m
scheduled max input!!!!
schedule: 7 level24_1/ijon_max/7
updated maxmap 7: 2a9 (len: 434)
updated maxmap 7: 2b8 (len: 440)
[1;94m[*] [0mFuzzing test case #132 (1187 total, 0 uniq crashes found)...[0m
scheduled max input!!!!
schedule: 0 level24_1/ijon_max/0
[1;94m[*] [0mFuzzing test case #133 (1187 total, 0 uniq crashes found)...[0m
scheduled max input!!!!
schedule: 10 level24_1/ijon_max/10
[1;94m[*] [0mFuzzing test case #134 (1187 total, 0 uniq crashes found)...[0m
[1;94m[*] [0mFuzzing test case #135 (1187 total, 0 uniq crashes found)...[0m
scheduled max input!!!!
schedule: 5 level24_1/ijon_max/5
[1;94m[*] [0mFuzzing test case #136 (1187 total, 0 uniq crashes found)...[0m
scheduled max input!!!!
schedule: 2 level24_1/ijon_max/2
updated maxmap 0: 279 (len: 424)
updated maxmap 1: 283 (len: 424)
updated maxmap 2: 28d (len: 424)
updated maxmap 3: 292 (len: 424)
[1;94m[*] [0mFuzzing test case #137 (1188 total, 0 uniq crashes found)...[0m
scheduled max input!!!!
schedule: 7 level24_1/ijon_max/7
updated maxmap 6: 2aa (len: 440)
updated maxmap 8: 2bb (len: 440)
updated maxmap 8: 2c2 (len: 444)
updated maxmap 9: 2ca (len: 446)
updated maxmap 7: 2b9 (len: 440)
updated maxmap 7: 2ba (len: 440)
updated maxmap 7: 2bb (len: 440)
updated maxmap 10: 2c0 (len: 444)
updated maxmap 6: 2ab (len: 440)
updated maxmap 6: 2ac (len: 440)
updated maxmap 8: 2c5 (len: 446)
updated maxmap 7: 2be (len: 440)
updated maxmap 9: 2cd (len: 448)
updated maxmap 8: 2c6 (len: 443)
updated maxmap 10: 2c4 (len: 442)
updated maxmap 11: 2c1 (len: 442)
[1;94m[*] [0mFuzzing test case #138 (1199 total, 0 uniq crashes found)...[0m
scheduled max input!!!!
schedule: 10 level24_1/ijon_max/10
[1;94m[*] [0mFuzzing test case #139 (1199 total, 0 uniq crashes found)...[0m
[1;94m[*] [0mFuzzing test case #140 (1199 total, 0 uniq crashes found)...[0m
[1;94m[*] [0mFuzzing test case #141 (1199 total, 0 uniq crashes found)...[0m
scheduled max input!!!!
schedule: 8 level24_1/ijon_max/8
updated maxmap 7: 2bf (len: 443)
[1;94m[*] [0mFuzzing test case #142 (1199 total, 0 uniq crashes found)...[0m
scheduled max input!!!!
schedule: 6 level24_1/ijon_max/6
updated maxmap 6: 2ad (len: 440)
[1;94m[*] [0mFuzzing test case #143 (1199 total, 0 uniq crashes found)...[0m
scheduled max input!!!!
schedule: 5 level24_1/ijon_max/5
[1;94m[*] [0mFuzzing test case #144 (1199 total, 0 uniq crashes found)...[0m
scheduled max input!!!!
schedule: 0 level24_1/ijon_max/0
updated maxmap 4: 291 (len: 424)
updated maxmap 3: 297 (len: 428)
updated maxmap 4: 29c (len: 428)
[1;94m[*] [0mFuzzing test case #145 (1199 total, 0 uniq crashes found)...[0m
scheduled max input!!!!
schedule: 11 level24_1/ijon_max/11
[1;94m[*] [0mFuzzing test case #146 (1199 total, 0 uniq crashes found)...[0m
scheduled max input!!!!
schedule: 11 level24_1/ijon_max/11
updated maxmap 10: 2c8 (len: 445)
updated maxmap 11: 2c5 (len: 445)
updated maxmap 11: 2ca (len: 445)
[1;94m[*] [0mFuzzing test case #147 (1200 total, 0 uniq crashes found)...[0m
scheduled max input!!!!
schedule: 6 level24_1/ijon_max/6
[1;94m[*] [0mFuzzing test case #148 (1200 total, 0 uniq crashes found)...[0m
scheduled max input!!!!
schedule: 4 level24_1/ijon_max/4
updated maxmap 0: 27a (len: 428)
updated maxmap 1: 284 (len: 428)
updated maxmap 2: 28e (len: 428)
updated maxmap 3: 298 (len: 428)
[1;94m[*] [0mFuzzing test case #149 (1201 total, 0 uniq crashes found)...[0m
scheduled max input!!!!
schedule: 10 level24_1/ijon_max/10
updated maxmap 10: 2c9 (len: 445)
updated maxmap 10: 2cc (len: 445)
[1;94m[*] [0mFuzzing test case #150 (1201 total, 0 uniq crashes found)...[0m
[1;94m[*] [0mFuzzing test case #151 (1201 total, 0 uniq crashes found)...[0m
scheduled max input!!!!
schedule: 10 level24_1/ijon_max/10
updated maxmap 9: 2d0 (len: 452)
updated maxmap 10: 2ce (len: 446)
updated maxmap 10: 2d0 (len: 447)
[1;94m[*] [0mFuzzing test case #152 (1202 total, 0 uniq crashes found)...[0m
[1;94m[*] [0mFuzzing test case #153 (1202 total, 0 uniq crashes found)...[0m
scheduled max input!!!!
schedule: 10 level24_1/ijon_max/10
updated maxmap 11: 2d2 (len: 453)
updated maxmap 9: 2d2 (len: 455)
[1;94m[*] [0mFuzzing test case #154 (1203 total, 0 uniq crashes found)...[0m
[1;94m[*] [0mFuzzing test case #155 (1203 total, 0 uniq crashes found)...[0m
[1;94m[*] [0mFuzzing test case #156 (1203 total, 0 uniq crashes found)...[0m
scheduled max input!!!!
schedule: 0 level24_1/ijon_max/0
updated maxmap 5: 29b (len: 428)
[1;94m[*] [0mFuzzing test case #157 (1203 total, 0 uniq crashes found)...[0m
scheduled max input!!!!
schedule: 8 level24_1/ijon_max/8
[1;94m[*] [0mFuzzing test case #158 (1203 total, 0 uniq crashes found)...[0m
scheduled max input!!!!
schedule: 10 level24_1/ijon_max/10
updated maxmap 10: 2d2 (len: 450)
[1;94m[*] [0mFuzzing test case #159 (1203 total, 0 uniq crashes found)...[0m
scheduled max input!!!!
schedule: 9 level24_1/ijon_max/9
[1;94m[*] [0mFuzzing test case #160 (1203 total, 0 uniq crashes found)...[0m
scheduled max input!!!!
schedule: 6 level24_1/ijon_max/6
[1;94m[*] [0mFuzzing test case #161 (1203 total, 0 uniq crashes found)...[0m
scheduled max input!!!!
schedule: 1 level24_1/ijon_max/1
updated maxmap 4: 2a1 (len: 433)
updated maxmap 5: 2a6 (len: 433)
[1;94m[*] [0mFuzzing test case #162 (1203 total, 0 uniq crashes found)...[0m
scheduled max input!!!!
schedule: 3 level24_1/ijon_max/3
updated maxmap 0: 27b (len: 428)
updated maxmap 1: 285 (len: 428)
updated maxmap 2: 28f (len: 428)
updated maxmap 3: 299 (len: 428)
[1;94m[*] [0mFuzzing test case #163 (1203 total, 0 uniq crashes found)...[0m
scheduled max input!!!!
schedule: 4 level24_1/ijon_max/4
[1;94m[*] [0mFuzzing test case #164 (1203 total, 0 uniq crashes found)...[0m
scheduled max input!!!!
schedule: 1 level24_1/ijon_max/1
updated maxmap 0: 27d (len: 428)
updated maxmap 1: 287 (len: 428)
updated maxmap 2: 291 (len: 428)
updated maxmap 3: 29b (len: 428)
[1;94m[*] [0mFuzzing test case #165 (1204 total, 0 uniq crashes found)...[0m
scheduled max input!!!!
schedule: 7 level24_1/ijon_max/7
[1;94m[*] [0mFuzzing test case #166 (1204 total, 0 uniq crashes found)...[0m
scheduled max input!!!!
schedule: 1 level24_1/ijon_max/1
[1;94m[*] [0mFuzzing test case #167 (1204 total, 0 uniq crashes found)...[0m
scheduled max input!!!!
schedule: 6 level24_1/ijon_max/6
[1;94m[*] [0mFuzzing test case #168 (1204 total, 0 uniq crashes found)...[0m
scheduled max input!!!!
schedule: 4 level24_1/ijon_max/4
updated maxmap 4: 2a2 (len: 433)
updated maxmap 5: 2a7 (len: 433)
updated maxmap 4: 2a4 (len: 441)
updated maxmap 5: 2ae (len: 441)
updated maxmap 6: 2b8 (len: 441)
[1;94m[*] [0mFuzzing test case #169 (1204 total, 0 uniq crashes found)...[0m
scheduled max input!!!!
schedule: 1 level24_1/ijon_max/1
updated maxmap 0: 285 (len: 433)
updated maxmap 1: 28f (len: 433)
updated maxmap 2: 299 (len: 433)
updated maxmap 3: 2a3 (len: 433)
updated maxmap 4: 2aa (len: 433)
[1;94m[*] [0mFuzzing test case #170 (1204 total, 0 uniq crashes found)...[0m
scheduled max input!!!!
schedule: 4 level24_1/ijon_max/4
[1;94m[*] [0mFuzzing test case #171 (1204 total, 0 uniq crashes found)...[0m
scheduled max input!!!!
schedule: 5 level24_1/ijon_max/5
updated maxmap 5: 2af (len: 441)
updated maxmap 6: 2b9 (len: 441)
[1;94m[*] [0mFuzzing test case #172 (1204 total, 0 uniq crashes found)...[0m
scheduled max input!!!!
schedule: 6 level24_1/ijon_max/6
updated maxmap 7: 2c3 (len: 445)
updated maxmap 8: 2c8 (len: 445)
[1;94m[*] [0mFuzzing test case #173 (1204 total, 0 uniq crashes found)...[0m
[1;94m[*] [0mFuzzing test case #174 (1204 total, 0 uniq crashes found)...[0m
scheduled max input!!!!
schedule: 1 level24_1/ijon_max/1
[1;94m[*] [0mFuzzing test case #175 (1204 total, 0 uniq crashes found)...[0m
scheduled max input!!!!
schedule: 6 level24_1/ijon_max/6
[1;94m[*] [0mFuzzing test case #176 (1204 total, 0 uniq crashes found)...[0m
[1;94m[*] [0mFuzzing test case #177 (1204 total, 0 uniq crashes found)...[0m
[1;94m[*] [0mFuzzing test case #178 (1204 total, 0 uniq crashes found)...[0m
scheduled max input!!!!
schedule: 8 level24_1/ijon_max/8
updated maxmap 5: 2b3 (len: 445)
updated maxmap 6: 2bd (len: 445)
updated maxmap 7: 2c7 (len: 445)
updated maxmap 8: 2cc (len: 445)
updated maxmap 8: 2d0 (len: 447)
updated maxmap 0: 286 (len: 448)
updated maxmap 4: 2ad (len: 448)
updated maxmap 5: 2b7 (len: 448)
updated maxmap 6: 2c1 (len: 448)
updated maxmap 7: 2cb (len: 448)
updated maxmap 8: 2d2 (len: 448)
updated maxmap 0: 287 (len: 445)
updated maxmap 1: 291 (len: 445)
updated maxmap 2: 29b (len: 445)
updated maxmap 3: 2a5 (len: 445)
updated maxmap 4: 2af (len: 445)
updated maxmap 5: 2b9 (len: 445)
updated maxmap 6: 2c3 (len: 445)
updated maxmap 7: 2cd (len: 445)
[1;94m[*] [0mFuzzing test case #179 (1205 total, 0 uniq crashes found)...[0m
scheduled max input!!!!
schedule: 2 level24_1/ijon_max/2
[1;94m[*] [0mFuzzing test case #180 (1205 total, 0 uniq crashes found)...[0m
[1;94m[*] [0mFuzzing test case #181 (1205 total, 0 uniq crashes found)...[0m
scheduled max input!!!!
schedule: 11 level24_1/ijon_max/11
updated maxmap 7: 2d0 (len: 455)
[1;94m[*] [0mFuzzing test case #182 (1218 total, 0 uniq crashes found)...[0m
[1;94m[*] [0mFuzzing test case #183 (1218 total, 0 uniq crashes found)...[0m
scheduled max input!!!!
schedule: 3 level24_1/ijon_max/3
[1;94m[*] [0mFuzzing test case #184 (1218 total, 0 uniq crashes found)...[0m
scheduled max input!!!!
schedule: 0 level24_1/ijon_max/0
[1;94m[*] [0mFuzzing test case #185 (1218 total, 0 uniq crashes found)...[0m
[1;94m[*] [0mFuzzing test case #186 (1218 total, 0 uniq crashes found)...[0m
scheduled max input!!!!
schedule: 8 level24_1/ijon_max/8
updated maxmap 8: 2d3 (len: 453)
[1;94m[*] [0mFuzzing test case #187 (1230 total, 0 uniq crashes found)...[0m
scheduled max input!!!!
schedule: 0 level24_1/ijon_max/0
[1;94m[*] [0mFuzzing test case #188 (1230 total, 0 uniq crashes found)...[0m
scheduled max input!!!!
schedule: 7 level24_1/ijon_max/7
updated maxmap 6: 2d0 (len: 456)
updated maxmap 7: 2d1 (len: 456)
[1;94m[*] [0mFuzzing test case #189 (1230 total, 0 uniq crashes found)...[0m
scheduled max input!!!!
schedule: 9 level24_1/ijon_max/9
[1;94m[*] [0mFuzzing test case #190 (1230 total, 0 uniq crashes found)...[0m
[1;94m[*] [0mFuzzing test case #191 (1230 total, 0 uniq crashes found)...[0m
[1;94m[*] [0mFuzzing test case #192 (1230 total, 0 uniq crashes found)...[0m
[1;94m[*] [0mFuzzing test case #193 (1230 total, 0 uniq crashes found)...[0m
scheduled max input!!!!
schedule: 1 level24_1/ijon_max/1
[1;94m[*] [0mFuzzing test case #194 (1230 total, 0 uniq crashes found)...[0m
[1;94m[*] [0mFuzzing test case #195 (1230 total, 0 uniq crashes found)...[0m
scheduled max input!!!!
schedule: 10 level24_1/ijon_max/10
[1;94m[*] [0mFuzzing test case #196 (1230 total, 0 uniq crashes found)...[0m
scheduled max input!!!!
schedule: 6 level24_1/ijon_max/6
[1;94m[*] [0mFuzzing test case #197 (1230 total, 0 uniq crashes found)...[0m
[1;94m[*] [0mFuzzing test case #198 (1230 total, 0 uniq crashes found)...[0m
scheduled max input!!!!
schedule: 10 level24_1/ijon_max/10
[1;94m[*] [0mFuzzing test case #199 (1230 total, 0 uniq crashes found)...[0m
scheduled max input!!!!
schedule: 9 level24_1/ijon_max/9
[1;94m[*] [0mFuzzing test case #200 (1230 total, 0 uniq crashes found)...[0m
scheduled max input!!!!
schedule: 10 level24_1/ijon_max/10
[1;94m[*] [0mFuzzing test case #201 (1230 total, 0 uniq crashes found)...[0m
scheduled max input!!!!
schedule: 1 level24_1/ijon_max/1
[1;94m[*] [0mFuzzing test case #202 (1230 total, 0 uniq crashes found)...[0m
scheduled max input!!!!
schedule: 2 level24_1/ijon_max/2
[1;94m[*] [0mFuzzing test case #203 (1230 total, 0 uniq crashes found)...[0m
scheduled max input!!!!
schedule: 2 level24_1/ijon_max/2
[1;94m[*] [0mFuzzing test case #204 (1230 total, 0 uniq crashes found)...[0m
scheduled max input!!!!
schedule: 8 level24_1/ijon_max/8
[1;94m[*] [0mFuzzing test case #205 (1230 total, 0 uniq crashes found)...[0m
scheduled max input!!!!
schedule: 2 level24_1/ijon_max/2
[1;94m[*] [0mFuzzing test case #206 (1231 total, 0 uniq crashes found)...[0m
scheduled max input!!!!
schedule: 6 level24_1/ijon_max/6
[1;94m[*] [0mFuzzing test case #207 (1231 total, 0 uniq crashes found)...[0m
scheduled max input!!!!
schedule: 2 level24_1/ijon_max/2
[1;94m[*] [0mFuzzing test case #208 (1231 total, 0 uniq crashes found)...[0m
scheduled max input!!!!
schedule: 5 level24_1/ijon_max/5
[1;94m[*] [0mFuzzing test case #209 (1231 total, 0 uniq crashes found)...[0m
scheduled max input!!!!
schedule: 3 level24_1/ijon_max/3
[1;94m[*] [0mFuzzing test case #210 (1231 total, 0 uniq crashes found)...[0m
scheduled max input!!!!
schedule: 9 level24_1/ijon_max/9
[1;94m[*] [0mFuzzing test case #211 (1231 total, 0 uniq crashes found)...[0m
scheduled max input!!!!
schedule: 2 level24_1/ijon_max/2
[1;94m[*] [0mFuzzing test case #212 (1231 total, 0 uniq crashes found)...[0m
scheduled max input!!!!
schedule: 3 level24_1/ijon_max/3
[1;94m[*] [0mFuzzing test case #213 (1231 total, 0 uniq crashes found)...[0m
scheduled max input!!!!
schedule: 0 level24_1/ijon_max/0
[1;94m[*] [0mFuzzing test case #214 (1231 total, 0 uniq crashes found)...[0m
scheduled max input!!!!
schedule: 5 level24_1/ijon_max/5
[1;94m[*] [0mFuzzing test case #215 (1231 total, 0 uniq crashes found)...[0m
scheduled max input!!!!
schedule: 0 level24_1/ijon_max/0
[1;94m[*] [0mFuzzing test case #216 (1232 total, 0 uniq crashes found)...[0m
[1;94m[*] [0mFuzzing test case #217 (1232 total, 0 uniq crashes found)...[0m
scheduled max input!!!!
schedule: 2 level24_1/ijon_max/2
[1;94m[*] [0mFuzzing test case #218 (1232 total, 0 uniq crashes found)...[0m
scheduled max input!!!!
schedule: 0 level24_1/ijon_max/0
[1;94m[*] [0mFuzzing test case #219 (1232 total, 0 uniq crashes found)...[0m
[1;94m[*] [0mFuzzing test case #220 (1232 total, 0 uniq crashes found)...[0m
scheduled max input!!!!
schedule: 6 level24_1/ijon_max/6
updated maxmap 6: 2d1 (len: 456)
[1;94m[*] [0mFuzzing test case #221 (1232 total, 0 uniq crashes found)...[0m
scheduled max input!!!!
schedule: 1 level24_1/ijon_max/1
[1;94m[*] [0mFuzzing test case #222 (1232 total, 0 uniq crashes found)...[0m
scheduled max input!!!!
schedule: 0 level24_1/ijon_max/0
[1;94m[*] [0mFuzzing test case #223 (1232 total, 0 uniq crashes found)...[0m
scheduled max input!!!!
schedule: 6 level24_1/ijon_max/6
[1;94m[*] [0mFuzzing test case #224 (1233 total, 0 uniq crashes found)...[0m
scheduled max input!!!!
schedule: 0 level24_1/ijon_max/0
[1;94m[*] [0mFuzzing test case #225 (1233 total, 0 uniq crashes found)...[0m
[1;94m[*] [0mFuzzing test case #226 (1233 total, 0 uniq crashes found)...[0m
[1;94m[*] [0mFuzzing test case #227 (1233 total, 0 uniq crashes found)...[0m
scheduled max input!!!!
schedule: 1 level24_1/ijon_max/1
[1;94m[*] [0mFuzzing test case #228 (1233 total, 0 uniq crashes found)...[0m
scheduled max input!!!!
schedule: 9 level24_1/ijon_max/9
[1;94m[*] [0mFuzzing test case #229 (1233 total, 0 uniq crashes found)...[0m
scheduled max input!!!!
schedule: 11 level24_1/ijon_max/11
[1;94m[*] [0mFuzzing test case #230 (1233 total, 0 uniq crashes found)...[0m
[1;94m[*] [0mFuzzing test case #231 (1233 total, 0 uniq crashes found)...[0m
scheduled max input!!!!
schedule: 10 level24_1/ijon_max/10
[1;94m[*] [0mFuzzing test case #232 (1233 total, 0 uniq crashes found)...[0m
[1;94m[*] [0mFuzzing test case #233 (1233 total, 0 uniq crashes found)...[0m
scheduled max input!!!!
schedule: 5 level24_1/ijon_max/5
[1;94m[*] [0mFuzzing test case #234 (1233 total, 0 uniq crashes found)...[0m
[1;94m[*] [0mFuzzing test case #235 (1233 total, 0 uniq crashes found)...[0m
scheduled max input!!!!
schedule: 11 level24_1/ijon_max/11
[1;94m[*] [0mFuzzing test case #236 (1233 total, 0 uniq crashes found)...[0m
[1;94m[*] [0mFuzzing test case #237 (1233 total, 0 uniq crashes found)...[0m
[1;94m[*] [0mFuzzing test case #238 (1233 total, 0 uniq crashes found)...[0m
[1;94m[*] [0mFuzzing test case #239 (1233 total, 0 uniq crashes found)...[0m
scheduled max input!!!!
schedule: 4 level24_1/ijon_max/4
[1;94m[*] [0mFuzzing test case #240 (1233 total, 0 uniq crashes found)...[0m
scheduled max input!!!!
schedule: 10 level24_1/ijon_max/10
[1;94m[*] [0mFuzzing test case #241 (1233 total, 0 uniq crashes found)...[0m
[1;94m[*] [0mFuzzing test case #242 (1233 total, 0 uniq crashes found)...[0m
scheduled max input!!!!
schedule: 3 level24_1/ijon_max/3
[1;94m[*] [0mFuzzing test case #243 (1233 total, 0 uniq crashes found)...[0m
scheduled max input!!!!
schedule: 11 level24_1/ijon_max/11
[1;94m[*] [0mFuzzing test case #244 (1233 total, 0 uniq crashes found)...[0m
scheduled max input!!!!
schedule: 3 level24_1/ijon_max/3
[1;94m[*] [0mFuzzing test case #245 (1233 total, 0 uniq crashes found)...[0m
[1;94m[*] [0mFuzzing test case #246 (1233 total, 0 uniq crashes found)...[0m
scheduled max input!!!!
schedule: 7 level24_1/ijon_max/7
[1;94m[*] [0mFuzzing test case #247 (1233 total, 0 uniq crashes found)...[0m
[1;94m[*] [0mFuzzing test case #248 (1233 total, 0 uniq crashes found)...[0m
[1;94m[*] [0mFuzzing test case #249 (1233 total, 0 uniq crashes found)...[0m
scheduled max input!!!!
schedule: 4 level24_1/ijon_max/4
[1;94m[*] [0mFuzzing test case #250 (1233 total, 0 uniq crashes found)...[0m
scheduled max input!!!!
schedule: 8 level24_1/ijon_max/8
[1;94m[*] [0mFuzzing test case #251 (1233 total, 0 uniq crashes found)...[0m
scheduled max input!!!!
schedule: 8 level24_1/ijon_max/8
updated maxmap 10: 2d3 (len: 453)
[1;94m[*] [0mFuzzing test case #252 (1237 total, 0 uniq crashes found)...[0m
scheduled max input!!!!
schedule: 0 level24_1/ijon_max/0
[1;94m[*] [0mFuzzing test case #253 (1237 total, 0 uniq crashes found)...[0m
[1;94m[*] [0mFuzzing test case #254 (1237 total, 0 uniq crashes found)...[0m
scheduled max input!!!!
schedule: 4 level24_1/ijon_max/4
[1;94m[*] [0mFuzzing test case #255 (1237 total, 0 uniq crashes found)...[0m
scheduled max input!!!!
schedule: 0 level24_1/ijon_max/0
[1;94m[*] [0mFuzzing test case #256 (1237 total, 0 uniq crashes found)...[0m
[1;94m[*] [0mFuzzing test case #257 (1237 total, 0 uniq crashes found)...[0m
scheduled max input!!!!
schedule: 7 level24_1/ijon_max/7
[1;94m[*] [0mFuzzing test case #258 (1237 total, 0 uniq crashes found)...[0m
scheduled max input!!!!
schedule: 5 level24_1/ijon_max/5
[1;94m[*] [0mFuzzing test case #259 (1237 total, 0 uniq crashes found)...[0m
scheduled max input!!!!
schedule: 6 level24_1/ijon_max/6
[1;94m[*] [0mFuzzing test case #260 (1237 total, 0 uniq crashes found)...[0m
scheduled max input!!!!
schedule: 10 level24_1/ijon_max/10
[1;94m[*] [0mFuzzing test case #261 (1237 total, 0 uniq crashes found)...[0m
scheduled max input!!!!
schedule: 0 level24_1/ijon_max/0
[1;94m[*] [0mFuzzing test case #262 (1237 total, 0 uniq crashes found)...[0m
scheduled max input!!!!
schedule: 0 level24_1/ijon_max/0
[1;94m[*] [0mFuzzing test case #263 (1237 total, 0 uniq crashes found)...[0m
scheduled max input!!!!
schedule: 0 level24_1/ijon_max/0
[1;94m[*] [0mFuzzing test case #264 (1238 total, 0 uniq crashes found)...[0m
scheduled max input!!!!
schedule: 9 level24_1/ijon_max/9
[1;94m[*] [0mFuzzing test case #265 (1238 total, 0 uniq crashes found)...[0m
scheduled max input!!!!
schedule: 7 level24_1/ijon_max/7
[1;94m[*] [0mFuzzing test case #266 (1238 total, 0 uniq crashes found)...[0m
[1;94m[*] [0mFuzzing test case #267 (1238 total, 0 uniq crashes found)...[0m
scheduled max input!!!!
schedule: 4 level24_1/ijon_max/4
[1;94m[*] [0mFuzzing test case #268 (1238 total, 0 uniq crashes found)...[0m
scheduled max input!!!!
schedule: 3 level24_1/ijon_max/3
[1;94m[*] [0mFuzzing test case #269 (1238 total, 0 uniq crashes found)...[0m
scheduled max input!!!!
schedule: 3 level24_1/ijon_max/3
[1;94m[*] [0mFuzzing test case #270 (1238 total, 0 uniq crashes found)...[0m
scheduled max input!!!!
schedule: 8 level24_1/ijon_max/8
[1;94m[*] [0mFuzzing test case #271 (1238 total, 0 uniq crashes found)...[0m
scheduled max input!!!!
schedule: 9 level24_1/ijon_max/9
[1;94m[*] [0mFuzzing test case #272 (1238 total, 0 uniq crashes found)...[0m
scheduled max input!!!!
schedule: 0 level24_1/ijon_max/0
[1;94m[*] [0mFuzzing test case #273 (1239 total, 0 uniq crashes found)...[0m
scheduled max input!!!!
schedule: 4 level24_1/ijon_max/4
[1;94m[*] [0mFuzzing test case #274 (1239 total, 0 uniq crashes found)...[0m
scheduled max input!!!!
schedule: 11 level24_1/ijon_max/11
[1;94m[*] [0mFuzzing test case #275 (1239 total, 0 uniq crashes found)...[0m
scheduled max input!!!!
schedule: 8 level24_1/ijon_max/8
[1;94m[*] [0mFuzzing test case #276 (1239 total, 0 uniq crashes found)...[0m
scheduled max input!!!!
schedule: 11 level24_1/ijon_max/11
[1;94m[*] [0mFuzzing test case #277 (1239 total, 0 uniq crashes found)...[0m
scheduled max input!!!!
schedule: 7 level24_1/ijon_max/7
updated maxmap 9: 2d3 (len: 456)
[1;94m[*] [0mFuzzing test case #278 (1239 total, 0 uniq crashes found)...[0m
scheduled max input!!!!
schedule: 9 level24_1/ijon_max/9
updated maxmap 9: 2d4 (len: 456)
[1;94m[*] [0mFuzzing test case #279 (1240 total, 0 uniq crashes found)...[0m
scheduled max input!!!!
schedule: 4 level24_1/ijon_max/4
[1;94m[*] [0mFuzzing test case #280 (1240 total, 0 uniq crashes found)...[0m
scheduled max input!!!!
schedule: 9 level24_1/ijon_max/9
[1;94m[*] [0mFuzzing test case #281 (1240 total, 0 uniq crashes found)...[0m
scheduled max input!!!!
schedule: 6 level24_1/ijon_max/6
[1;94m[*] [0mFuzzing test case #282 (1240 total, 0 uniq crashes found)...[0m
[1;94m[*] [0mFuzzing test case #283 (1240 total, 0 uniq crashes found)...[0m
scheduled max input!!!!
schedule: 0 level24_1/ijon_max/0
[1;94m[*] [0mFuzzing test case #284 (1240 total, 0 uniq crashes found)...[0m
scheduled max input!!!!
schedule: 5 level24_1/ijon_max/5
[1;94m[*] [0mFuzzing test case #285 (1240 total, 0 uniq crashes found)...[0m
[1;94m[*] [0mFuzzing test case #286 (1240 total, 0 uniq crashes found)...[0m
scheduled max input!!!!
schedule: 11 level24_1/ijon_max/11
[1;94m[*] [0mFuzzing test case #287 (1240 total, 0 uniq crashes found)...[0m
[1;94m[*] [0mFuzzing test case #288 (1240 total, 0 uniq crashes found)...[0m
scheduled max input!!!!
schedule: 9 level24_1/ijon_max/9
[1;94m[*] [0mFuzzing test case #289 (1240 total, 0 uniq crashes found)...[0m
scheduled max input!!!!
schedule: 4 level24_1/ijon_max/4
[1;94m[*] [0mFuzzing test case #290 (1240 total, 0 uniq crashes found)...[0m
scheduled max input!!!!
schedule: 8 level24_1/ijon_max/8
[1;94m[*] [0mFuzzing test case #291 (1240 total, 0 uniq crashes found)...[0m
scheduled max input!!!!
schedule: 10 level24_1/ijon_max/10
[1;94m[*] [0mFuzzing test case #292 (1240 total, 0 uniq crashes found)...[0m
scheduled max input!!!!
schedule: 7 level24_1/ijon_max/7
[1;94m[*] [0mFuzzing test case #293 (1240 total, 0 uniq crashes found)...[0m
scheduled max input!!!!
schedule: 0 level24_1/ijon_max/0
[1;94m[*] [0mFuzzing test case #294 (1240 total, 0 uniq crashes found)...[0m
scheduled max input!!!!
schedule: 8 level24_1/ijon_max/8
[1;94m[*] [0mFuzzing test case #295 (1240 total, 0 uniq crashes found)...[0m
[1;94m[*] [0mFuzzing test case #296 (1240 total, 0 uniq crashes found)...[0m
scheduled max input!!!!
schedule: 7 level24_1/ijon_max/7
[1;94m[*] [0mFuzzing test case #297 (1240 total, 0 uniq crashes found)...[0m
scheduled max input!!!!
schedule: 8 level24_1/ijon_max/8
[1;94m[*] [0mFuzzing test case #298 (1240 total, 0 uniq crashes found)...[0m
scheduled max input!!!!
schedule: 7 level24_1/ijon_max/7
[1;94m[*] [0mFuzzing test case #299 (1240 total, 0 uniq crashes found)...[0m
scheduled max input!!!!
schedule: 4 level24_1/ijon_max/4
[1;94m[*] [0mFuzzing test case #300 (1240 total, 0 uniq crashes found)...[0m
scheduled max input!!!!
schedule: 1 level24_1/ijon_max/1
[1;94m[*] [0mFuzzing test case #301 (1240 total, 0 uniq crashes found)...[0m
scheduled max input!!!!
schedule: 4 level24_1/ijon_max/4
[1;94m[*] [0mFuzzing test case #302 (1240 total, 0 uniq crashes found)...[0m
scheduled max input!!!!
schedule: 4 level24_1/ijon_max/4
[1;94m[*] [0mFuzzing test case #303 (1240 total, 0 uniq crashes found)...[0m
scheduled max input!!!!
schedule: 4 level24_1/ijon_max/4
[1;94m[*] [0mFuzzing test case #304 (1240 total, 0 uniq crashes found)...[0m
scheduled max input!!!!
schedule: 5 level24_1/ijon_max/5
[1;94m[*] [0mFuzzing test case #305 (1240 total, 0 uniq crashes found)...[0m
scheduled max input!!!!
schedule: 0 level24_1/ijon_max/0
[1;94m[*] [0mFuzzing test case #306 (1240 total, 0 uniq crashes found)...[0m
scheduled max input!!!!
schedule: 0 level24_1/ijon_max/0
[1;94m[*] [0mFuzzing test case #307 (1240 total, 0 uniq crashes found)...[0m
[1;94m[*] [0mFuzzing test case #308 (1240 total, 0 uniq crashes found)...[0m
[1;94m[*] [0mFuzzing test case #309 (1240 total, 0 uniq crashes found)...[0m
scheduled max input!!!!
schedule: 8 level24_1/ijon_max/8
[1;94m[*] [0mFuzzing test case #310 (1240 total, 0 uniq crashes found)...[0m
scheduled max input!!!!
schedule: 10 level24_1/ijon_max/10
[1;94m[*] [0mFuzzing test case #311 (1241 total, 0 uniq crashes found)...[0m
scheduled max input!!!!
schedule: 3 level24_1/ijon_max/3
[1;94m[*] [0mFuzzing test case #312 (1241 total, 0 uniq crashes found)...[0m
[1;94m[*] [0mFuzzing test case #313 (1241 total, 0 uniq crashes found)...[0m
scheduled max input!!!!
schedule: 11 level24_1/ijon_max/11
[1;94m[*] [0mFuzzing test case #314 (1241 total, 0 uniq crashes found)...[0m
[1;94m[*] [0mFuzzing test case #315 (1241 total, 0 uniq crashes found)...[0m
scheduled max input!!!!
schedule: 2 level24_1/ijon_max/2
[1;94m[*] [0mFuzzing test case #316 (1241 total, 0 uniq crashes found)...[0m
scheduled max input!!!!
schedule: 9 level24_1/ijon_max/9
[1;94m[*] [0mFuzzing test case #317 (1241 total, 0 uniq crashes found)...[0m
scheduled max input!!!!
schedule: 1 level24_1/ijon_max/1
[1;94m[*] [0mFuzzing test case #318 (1241 total, 0 uniq crashes found)...[0m
scheduled max input!!!!
schedule: 11 level24_1/ijon_max/11
[1;94m[*] [0mFuzzing test case #319 (1241 total, 0 uniq crashes found)...[0m
[1;94m[*] [0mFuzzing test case #320 (1241 total, 0 uniq crashes found)...[0m
[1;94m[*] [0mFuzzing test case #321 (1241 total, 0 uniq crashes found)...[0m
scheduled max input!!!!
schedule: 8 level24_1/ijon_max/8
[1;94m[*] [0mFuzzing test case #322 (1241 total, 0 uniq crashes found)...[0m
scheduled max input!!!!
schedule: 6 level24_1/ijon_max/6
[1;94m[*] [0mFuzzing test case #323 (1241 total, 0 uniq crashes found)...[0m
scheduled max input!!!!
schedule: 6 level24_1/ijon_max/6
[1;94m[*] [0mFuzzing test case #324 (1241 total, 0 uniq crashes found)...[0m
scheduled max input!!!!
schedule: 8 level24_1/ijon_max/8
[1;94m[*] [0mFuzzing test case #325 (1241 total, 0 uniq crashes found)...[0m
scheduled max input!!!!
schedule: 5 level24_1/ijon_max/5
[1;94m[*] [0mFuzzing test case #326 (1241 total, 0 uniq crashes found)...[0m
[1;94m[*] [0mFuzzing test case #327 (1241 total, 0 uniq crashes found)...[0m
[1;94m[*] [0mFuzzing test case #328 (1241 total, 0 uniq crashes found)...[0m
scheduled max input!!!!
schedule: 7 level24_1/ijon_max/7
[1;94m[*] [0mFuzzing test case #329 (1243 total, 0 uniq crashes found)...[0m
scheduled max input!!!!
schedule: 9 level24_1/ijon_max/9
[1;94m[*] [0mFuzzing test case #330 (1243 total, 0 uniq crashes found)...[0m
[1;94m[*] [0mFuzzing test case #331 (1243 total, 0 uniq crashes found)...[0m
scheduled max input!!!!
schedule: 2 level24_1/ijon_max/2
[1;94m[*] [0mFuzzing test case #332 (1243 total, 0 uniq crashes found)...[0m
scheduled max input!!!!
schedule: 4 level24_1/ijon_max/4
[1;94m[*] [0mFuzzing test case #333 (1243 total, 0 uniq crashes found)...[0m
[1;94m[*] [0mFuzzing test case #334 (1243 total, 0 uniq crashes found)...[0m
scheduled max input!!!!
schedule: 5 level24_1/ijon_max/5
[1;94m[*] [0mFuzzing test case #335 (1243 total, 0 uniq crashes found)...[0m
scheduled max input!!!!
schedule: 2 level24_1/ijon_max/2
[1;94m[*] [0mFuzzing test case #336 (1243 total, 0 uniq crashes found)...[0m
scheduled max input!!!!
schedule: 10 level24_1/ijon_max/10
[1;94m[*] [0mFuzzing test case #337 (1243 total, 0 uniq crashes found)...[0m
scheduled max input!!!!
schedule: 3 level24_1/ijon_max/3
[1;94m[*] [0mFuzzing test case #338 (1243 total, 0 uniq crashes found)...[0m
[1;94m[*] [0mFuzzing test case #339 (1243 total, 0 uniq crashes found)...[0m
scheduled max input!!!!
schedule: 0 level24_1/ijon_max/0
[1;94m[*] [0mFuzzing test case #340 (1243 total, 0 uniq crashes found)...[0m
scheduled max input!!!!
schedule: 4 level24_1/ijon_max/4
[1;94m[*] [0mFuzzing test case #341 (1243 total, 0 uniq crashes found)...[0m
scheduled max input!!!!
schedule: 4 level24_1/ijon_max/4
[1;94m[*] [0mFuzzing test case #342 (1243 total, 0 uniq crashes found)...[0m
[1;94m[*] [0mFuzzing test case #343 (1243 total, 0 uniq crashes found)...[0m
scheduled max input!!!!
schedule: 5 level24_1/ijon_max/5
[1;94m[*] [0mFuzzing test case #344 (1243 total, 0 uniq crashes found)...[0m
scheduled max input!!!!
schedule: 2 level24_1/ijon_max/2
[1;94m[*] [0mFuzzing test case #345 (1243 total, 0 uniq crashes found)...[0m
scheduled max input!!!!
schedule: 3 level24_1/ijon_max/3
[1;94m[*] [0mFuzzing test case #346 (1243 total, 0 uniq crashes found)...[0m
scheduled max input!!!!
schedule: 2 level24_1/ijon_max/2
[1;94m[*] [0mFuzzing test case #347 (1243 total, 0 uniq crashes found)...[0m
scheduled max input!!!!
schedule: 0 level24_1/ijon_max/0
[1;94m[*] [0mFuzzing test case #348 (1243 total, 0 uniq crashes found)...[0m
scheduled max input!!!!
schedule: 7 level24_1/ijon_max/7
[1;94m[*] [0mFuzzing test case #349 (1244 total, 0 uniq crashes found)...[0m
scheduled max input!!!!
schedule: 4 level24_1/ijon_max/4
[1;94m[*] [0mFuzzing test case #350 (1244 total, 0 uniq crashes found)...[0m
scheduled max input!!!!
schedule: 7 level24_1/ijon_max/7
[1;94m[*] [0mFuzzing test case #351 (1244 total, 0 uniq crashes found)...[0m
[1;94m[*] [0mFuzzing test case #352 (1244 total, 0 uniq crashes found)...[0m
scheduled max input!!!!
schedule: 9 level24_1/ijon_max/9
[1;94m[*] [0mFuzzing test case #353 (1244 total, 0 uniq crashes found)...[0m
scheduled max input!!!!
schedule: 3 level24_1/ijon_max/3
[1;94m[*] [0mFuzzing test case #354 (1245 total, 0 uniq crashes found)...[0m
scheduled max input!!!!
schedule: 2 level24_1/ijon_max/2
[1;94m[*] [0mFuzzing test case #355 (1245 total, 0 uniq crashes found)...[0m
scheduled max input!!!!
schedule: 7 level24_1/ijon_max/7
[1;94m[*] [0mFuzzing test case #356 (1245 total, 0 uniq crashes found)...[0m
scheduled max input!!!!
schedule: 4 level24_1/ijon_max/4
[1;94m[*] [0mFuzzing test case #357 (1245 total, 0 uniq crashes found)...[0m
scheduled max input!!!!
schedule: 2 level24_1/ijon_max/2
[1;94m[*] [0mFuzzing test case #358 (1245 total, 0 uniq crashes found)...[0m
scheduled max input!!!!
schedule: 11 level24_1/ijon_max/11
[1;94m[*] [0mFuzzing test case #359 (1245 total, 0 uniq crashes found)...[0m
scheduled max input!!!!
schedule: 2 level24_1/ijon_max/2
[1;94m[*] [0mFuzzing test case #360 (1245 total, 0 uniq crashes found)...[0m
scheduled max input!!!!
schedule: 2 level24_1/ijon_max/2
[1;94m[*] [0mFuzzing test case #361 (1245 total, 0 uniq crashes found)...[0m
scheduled max input!!!!
schedule: 7 level24_1/ijon_max/7
[1;94m[*] [0mFuzzing test case #362 (1245 total, 0 uniq crashes found)...[0m
[1;94m[*] [0mFuzzing test case #363 (1245 total, 0 uniq crashes found)...[0m
scheduled max input!!!!
schedule: 4 level24_1/ijon_max/4
[1;94m[*] [0mFuzzing test case #364 (1245 total, 0 uniq crashes found)...[0m
scheduled max input!!!!
schedule: 7 level24_1/ijon_max/7
[1;94m[*] [0mFuzzing test case #365 (1245 total, 0 uniq crashes found)...[0m
scheduled max input!!!!
schedule: 3 level24_1/ijon_max/3
[1;94m[*] [0mFuzzing test case #366 (1245 total, 0 uniq crashes found)...[0m
scheduled max input!!!!
schedule: 1 level24_1/ijon_max/1
[1;94m[*] [0mFuzzing test case #367 (1245 total, 0 uniq crashes found)...[0m
scheduled max input!!!!
schedule: 10 level24_1/ijon_max/10
[1;94m[*] [0mFuzzing test case #368 (1245 total, 0 uniq crashes found)...[0m
[1;94m[*] [0mFuzzing test case #369 (1245 total, 0 uniq crashes found)...[0m
scheduled max input!!!!
schedule: 7 level24_1/ijon_max/7
[1;94m[*] [0mFuzzing test case #370 (1245 total, 0 uniq crashes found)...[0m
[1;94m[*] [0mFuzzing test case #371 (1245 total, 0 uniq crashes found)...[0m
scheduled max input!!!!
schedule: 10 level24_1/ijon_max/10
[1;94m[*] [0mFuzzing test case #372 (1245 total, 0 uniq crashes found)...[0m
scheduled max input!!!!
schedule: 4 level24_1/ijon_max/4
[1;94m[*] [0mFuzzing test case #373 (1245 total, 0 uniq crashes found)...[0m
scheduled max input!!!!
schedule: 0 level24_1/ijon_max/0
[1;94m[*] [0mFuzzing test case #374 (1245 total, 0 uniq crashes found)...[0m
scheduled max input!!!!
schedule: 9 level24_1/ijon_max/9
[1;94m[*] [0mFuzzing test case #375 (1245 total, 0 uniq crashes found)...[0m
[1;94m[*] [0mFuzzing test case #376 (1245 total, 0 uniq crashes found)...[0m
scheduled max input!!!!
schedule: 4 level24_1/ijon_max/4
[1;94m[*] [0mFuzzing test case #377 (1245 total, 0 uniq crashes found)...[0m
scheduled max input!!!!
schedule: 11 level24_1/ijon_max/11
[1;94m[*] [0mFuzzing test case #378 (1245 total, 0 uniq crashes found)...[0m
scheduled max input!!!!
schedule: 11 level24_1/ijon_max/11
updated maxmap 9: 2d5 (len: 453)
updated maxmap 10: 2d4 (len: 453)
[1;94m[*] [0mFuzzing test case #379 (1245 total, 0 uniq crashes found)...[0m
scheduled max input!!!!
schedule: 3 level24_1/ijon_max/3
[1;94m[*] [0mFuzzing test case #380 (1245 total, 0 uniq crashes found)...[0m
scheduled max input!!!!
schedule: 0 level24_1/ijon_max/0
[1;94m[*] [0mFuzzing test case #381 (1245 total, 0 uniq crashes found)...[0m
scheduled max input!!!!
schedule: 8 level24_1/ijon_max/8
[1;94m[*] [0mFuzzing test case #382 (1246 total, 0 uniq crashes found)...[0m
[1;94m[*] [0mFuzzing test case #383 (1246 total, 0 uniq crashes found)...[0m
scheduled max input!!!!
schedule: 2 level24_1/ijon_max/2
[1;94m[*] [0mFuzzing test case #384 (1246 total, 0 uniq crashes found)...[0m
[1;94m[*] [0mFuzzing test case #385 (1246 total, 0 uniq crashes found)...[0m
[1;94m[*] [0mFuzzing test case #386 (1246 total, 0 uniq crashes found)...[0m
scheduled max input!!!!
schedule: 9 level24_1/ijon_max/9
[1;94m[*] [0mFuzzing test case #387 (1246 total, 0 uniq crashes found)...[0m
scheduled max input!!!!
schedule: 11 level24_1/ijon_max/11
[1;94m[*] [0mFuzzing test case #388 (1246 total, 0 uniq crashes found)...[0m
scheduled max input!!!!
schedule: 3 level24_1/ijon_max/3
[1;94m[*] [0mFuzzing test case #389 (1246 total, 0 uniq crashes found)...[0m
scheduled max input!!!!
schedule: 6 level24_1/ijon_max/6
[1;94m[*] [0mFuzzing test case #390 (1246 total, 0 uniq crashes found)...[0m
scheduled max input!!!!
schedule: 4 level24_1/ijon_max/4
[1;94m[*] [0mFuzzing test case #391 (1246 total, 0 uniq crashes found)...[0m
scheduled max input!!!!
schedule: 4 level24_1/ijon_max/4
[1;94m[*] [0mFuzzing test case #392 (1246 total, 0 uniq crashes found)...[0m
scheduled max input!!!!
schedule: 6 level24_1/ijon_max/6
[1;94m[*] [0mFuzzing test case #393 (1246 total, 0 uniq crashes found)...[0m
[1;94m[*] [0mFuzzing test case #394 (1246 total, 0 uniq crashes found)...[0m
scheduled max input!!!!
schedule: 0 level24_1/ijon_max/0
[1;94m[*] [0mFuzzing test case #395 (1246 total, 0 uniq crashes found)...[0m
scheduled max input!!!!
schedule: 5 level24_1/ijon_max/5
[1;94m[*] [0mFuzzing test case #396 (1246 total, 0 uniq crashes found)...[0m
scheduled max input!!!!
schedule: 1 level24_1/ijon_max/1
[1;94m[*] [0mFuzzing test case #397 (1246 total, 0 uniq crashes found)...[0m
scheduled max input!!!!
schedule: 8 level24_1/ijon_max/8
[1;94m[*] [0mFuzzing test case #398 (1247 total, 0 uniq crashes found)...[0m
scheduled max input!!!!
schedule: 9 level24_1/ijon_max/9
[1;94m[*] [0mFuzzing test case #399 (1247 total, 0 uniq crashes found)...[0m
[1;94m[*] [0mFuzzing test case #400 (1247 total, 0 uniq crashes found)...[0m
[1;94m[*] [0mFuzzing test case #401 (1247 total, 0 uniq crashes found)...[0m
scheduled max input!!!!
schedule: 9 level24_1/ijon_max/9
[1;94m[*] [0mFuzzing test case #402 (1247 total, 0 uniq crashes found)...[0m
[1;94m[*] [0mFuzzing test case #403 (1247 total, 0 uniq crashes found)...[0m
scheduled max input!!!!
schedule: 7 level24_1/ijon_max/7
[1;94m[*] [0mFuzzing test case #404 (1248 total, 0 uniq crashes found)...[0m
scheduled max input!!!!
schedule: 8 level24_1/ijon_max/8
[1;94m[*] [0mFuzzing test case #405 (1248 total, 0 uniq crashes found)...[0m
scheduled max input!!!!
schedule: 10 level24_1/ijon_max/10
[1;94m[*] [0mFuzzing test case #406 (1248 total, 0 uniq crashes found)...[0m
scheduled max input!!!!
schedule: 1 level24_1/ijon_max/1
[1;94m[*] [0mFuzzing test case #407 (1248 total, 0 uniq crashes found)...[0m
[1;94m[*] [0mFuzzing test case #408 (1248 total, 0 uniq crashes found)...[0m
scheduled max input!!!!
schedule: 4 level24_1/ijon_max/4
[1;94m[*] [0mFuzzing test case #409 (1248 total, 0 uniq crashes found)...[0m
[1;94m[*] [0mFuzzing test case #410 (1248 total, 0 uniq crashes found)...[0m
[1;94m[*] [0mFuzzing test case #411 (1248 total, 0 uniq crashes found)...[0m
scheduled max input!!!!
schedule: 2 level24_1/ijon_max/2
[1;94m[*] [0mFuzzing test case #412 (1248 total, 0 uniq crashes found)...[0m
scheduled max input!!!!
schedule: 10 level24_1/ijon_max/10
[1;94m[*] [0mFuzzing test case #413 (1248 total, 0 uniq crashes found)...[0m
[1;94m[*] [0mFuzzing test case #414 (1248 total, 0 uniq crashes found)...[0m
scheduled max input!!!!
schedule: 1 level24_1/ijon_max/1
[1;94m[*] [0mFuzzing test case #415 (1248 total, 0 uniq crashes found)...[0m
scheduled max input!!!!
schedule: 8 level24_1/ijon_max/8
[1;94m[*] [0mFuzzing test case #416 (1248 total, 0 uniq crashes found)...[0m
scheduled max input!!!!
schedule: 10 level24_1/ijon_max/10
[1;94m[*] [0mFuzzing test case #417 (1248 total, 0 uniq crashes found)...[0m
scheduled max input!!!!
schedule: 9 level24_1/ijon_max/9
[1;94m[*] [0mFuzzing test case #418 (1248 total, 0 uniq crashes found)...[0m
scheduled max input!!!!
schedule: 4 level24_1/ijon_max/4
[1;94m[*] [0mFuzzing test case #419 (1248 total, 0 uniq crashes found)...[0m
scheduled max input!!!!
schedule: 3 level24_1/ijon_max/3
[1;94m[*] [0mFuzzing test case #420 (1248 total, 0 uniq crashes found)...[0m
scheduled max input!!!!
schedule: 8 level24_1/ijon_max/8
[1;94m[*] [0mFuzzing test case #421 (1248 total, 0 uniq crashes found)...[0m
[1;94m[*] [0mFuzzing test case #422 (1248 total, 0 uniq crashes found)...[0m
scheduled max input!!!!
schedule: 1 level24_1/ijon_max/1
[1;94m[*] [0mFuzzing test case #423 (1248 total, 0 uniq crashes found)...[0m
scheduled max input!!!!
schedule: 11 level24_1/ijon_max/11
[1;94m[*] [0mFuzzing test case #424 (1248 total, 0 uniq crashes found)...[0m
scheduled max input!!!!
schedule: 0 level24_1/ijon_max/0
[1;94m[*] [0mFuzzing test case #425 (1248 total, 0 uniq crashes found)...[0m
scheduled max input!!!!
schedule: 2 level24_1/ijon_max/2
[1;94m[*] [0mFuzzing test case #426 (1248 total, 0 uniq crashes found)...[0m
scheduled max input!!!!
schedule: 10 level24_1/ijon_max/10
[1;94m[*] [0mFuzzing test case #427 (1248 total, 0 uniq crashes found)...[0m
scheduled max input!!!!
schedule: 9 level24_1/ijon_max/9
[1;94m[*] [0mFuzzing test case #428 (1248 total, 0 uniq crashes found)...[0m
scheduled max input!!!!
schedule: 4 level24_1/ijon_max/4
[1;94m[*] [0mFuzzing test case #429 (1248 total, 0 uniq crashes found)...[0m
scheduled max input!!!!
schedule: 1 level24_1/ijon_max/1
[1;94m[*] [0mFuzzing test case #430 (1248 total, 0 uniq crashes found)...[0m
scheduled max input!!!!
schedule: 3 level24_1/ijon_max/3
[1;94m[*] [0mFuzzing test case #431 (1248 total, 0 uniq crashes found)...[0m
scheduled max input!!!!
schedule: 0 level24_1/ijon_max/0
[1;94m[*] [0mFuzzing test case #432 (1248 total, 0 uniq crashes found)...[0m
scheduled max input!!!!
schedule: 11 level24_1/ijon_max/11
[1;94m[*] [0mFuzzing test case #433 (1248 total, 0 uniq crashes found)...[0m
[1;94m[*] [0mFuzzing test case #434 (1248 total, 0 uniq crashes found)...[0m
scheduled max input!!!!
schedule: 5 level24_1/ijon_max/5
[1;94m[*] [0mFuzzing test case #435 (1248 total, 0 uniq crashes found)...[0m
scheduled max input!!!!
schedule: 11 level24_1/ijon_max/11
[1;94m[*] [0mFuzzing test case #436 (1248 total, 0 uniq crashes found)...[0m
[1;94m[*] [0mFuzzing test case #437 (1248 total, 0 uniq crashes found)...[0m
scheduled max input!!!!
schedule: 3 level24_1/ijon_max/3
[1;94m[*] [0mFuzzing test case #438 (1248 total, 0 uniq crashes found)...[0m
scheduled max input!!!!
schedule: 8 level24_1/ijon_max/8
[1;94m[*] [0mFuzzing test case #439 (1248 total, 0 uniq crashes found)...[0m
scheduled max input!!!!
schedule: 9 level24_1/ijon_max/9
[1;94m[*] [0mFuzzing test case #440 (1249 total, 0 uniq crashes found)...[0m
scheduled max input!!!!
schedule: 3 level24_1/ijon_max/3
[1;94m[*] [0mFuzzing test case #441 (1249 total, 0 uniq crashes found)...[0m
scheduled max input!!!!
schedule: 4 level24_1/ijon_max/4
[1;94m[*] [0mFuzzing test case #442 (1249 total, 0 uniq crashes found)...[0m
scheduled max input!!!!
schedule: 1 level24_1/ijon_max/1
[1;94m[*] [0mFuzzing test case #443 (1249 total, 0 uniq crashes found)...[0m
scheduled max input!!!!
schedule: 5 level24_1/ijon_max/5
[1;94m[*] [0mFuzzing test case #444 (1249 total, 0 uniq crashes found)...[0m
scheduled max input!!!!
schedule: 8 level24_1/ijon_max/8
[1;94m[*] [0mFuzzing test case #445 (1249 total, 0 uniq crashes found)...[0m
scheduled max input!!!!
schedule: 4 level24_1/ijon_max/4
[1;94m[*] [0mFuzzing test case #446 (1249 total, 0 uniq crashes found)...[0m
[1;94m[*] [0mFuzzing test case #447 (1249 total, 0 uniq crashes found)...[0m
scheduled max input!!!!
schedule: 0 level24_1/ijon_max/0
[1;94m[*] [0mFuzzing test case #448 (1249 total, 0 uniq crashes found)...[0m
scheduled max input!!!!
schedule: 0 level24_1/ijon_max/0
[1;94m[*] [0mFuzzing test case #449 (1249 total, 0 uniq crashes found)...[0m
scheduled max input!!!!
schedule: 1 level24_1/ijon_max/1
[1;94m[*] [0mFuzzing test case #450 (1249 total, 0 uniq crashes found)...[0m
[1;94m[*] [0mFuzzing test case #451 (1249 total, 0 uniq crashes found)...[0m
[1;94m[*] [0mFuzzing test case #452 (1249 total, 0 uniq crashes found)...[0m
[1;94m[*] [0mFuzzing test case #453 (1249 total, 0 uniq crashes found)...[0m
scheduled max input!!!!
schedule: 8 level24_1/ijon_max/8
[1;94m[*] [0mFuzzing test case #454 (1249 total, 0 uniq crashes found)...[0m
scheduled max input!!!!
schedule: 4 level24_1/ijon_max/4
[1;94m[*] [0mFuzzing test case #455 (1249 total, 0 uniq crashes found)...[0m
[1;94m[*] [0mFuzzing test case #456 (1249 total, 0 uniq crashes found)...[0m
[1;94m[*] [0mFuzzing test case #457 (1249 total, 0 uniq crashes found)...[0m
[1;94m[*] [0mFuzzing test case #458 (1249 total, 0 uniq crashes found)...[0m
scheduled max input!!!!
schedule: 5 level24_1/ijon_max/5
[1;94m[*] [0mFuzzing test case #459 (1249 total, 0 uniq crashes found)...[0m
[1;94m[*] [0mFuzzing test case #460 (1249 total, 0 uniq crashes found)...[0m
scheduled max input!!!!
schedule: 2 level24_1/ijon_max/2
[1;94m[*] [0mFuzzing test case #461 (1249 total, 0 uniq crashes found)...[0m
scheduled max input!!!!
schedule: 3 level24_1/ijon_max/3
[1;94m[*] [0mFuzzing test case #462 (1249 total, 0 uniq crashes found)...[0m
scheduled max input!!!!
schedule: 2 level24_1/ijon_max/2
[1;94m[*] [0mFuzzing test case #463 (1249 total, 0 uniq crashes found)...[0m
scheduled max input!!!!
schedule: 0 level24_1/ijon_max/0
[1;94m[*] [0mFuzzing test case #464 (1249 total, 0 uniq crashes found)...[0m
[1;94m[*] [0mFuzzing test case #465 (1249 total, 0 uniq crashes found)...[0m
[1;94m[*] [0mFuzzing test case #466 (1249 total, 0 uniq crashes found)...[0m
scheduled max input!!!!
schedule: 2 level24_1/ijon_max/2
[1;94m[*] [0mFuzzing test case #467 (1249 total, 0 uniq crashes found)...[0m
scheduled max input!!!!
schedule: 9 level24_1/ijon_max/9
[1;94m[*] [0mFuzzing test case #468 (1249 total, 0 uniq crashes found)...[0m
scheduled max input!!!!
schedule: 5 level24_1/ijon_max/5
[1;94m[*] [0mFuzzing test case #469 (1249 total, 0 uniq crashes found)...[0m
scheduled max input!!!!
schedule: 0 level24_1/ijon_max/0
[1;94m[*] [0mFuzzing test case #470 (1249 total, 0 uniq crashes found)...[0m
scheduled max input!!!!
schedule: 6 level24_1/ijon_max/6
[1;94m[*] [0mFuzzing test case #471 (1249 total, 0 uniq crashes found)...[0m
scheduled max input!!!!
schedule: 5 level24_1/ijon_max/5
[1;94m[*] [0mFuzzing test case #472 (1249 total, 0 uniq crashes found)...[0m
scheduled max input!!!!
schedule: 6 level24_1/ijon_max/6
[1;94m[*] [0mFuzzing test case #473 (1249 total, 0 uniq crashes found)...[0m
scheduled max input!!!!
schedule: 1 level24_1/ijon_max/1
[1;94m[*] [0mFuzzing test case #474 (1249 total, 0 uniq crashes found)...[0m
[1;94m[*] [0mFuzzing test case #475 (1249 total, 0 uniq crashes found)...[0m
scheduled max input!!!!
schedule: 5 level24_1/ijon_max/5
[1;94m[*] [0mFuzzing test case #476 (1249 total, 0 uniq crashes found)...[0m
[1;94m[*] [0mFuzzing test case #477 (1249 total, 0 uniq crashes found)...[0m
[1;94m[*] [0mFuzzing test case #478 (1249 total, 0 uniq crashes found)...[0m
scheduled max input!!!!
schedule: 11 level24_1/ijon_max/11
[1;94m[*] [0mFuzzing test case #479 (1249 total, 0 uniq crashes found)...[0m
[1;94m[*] [0mFuzzing test case #480 (1249 total, 0 uniq crashes found)...[0m
scheduled max input!!!!
schedule: 0 level24_1/ijon_max/0
[1;94m[*] [0mFuzzing test case #481 (1249 total, 0 uniq crashes found)...[0m
scheduled max input!!!!
schedule: 1 level24_1/ijon_max/1
[1;94m[*] [0mFuzzing test case #482 (1249 total, 0 uniq crashes found)...[0m
scheduled max input!!!!
schedule: 1 level24_1/ijon_max/1
[1;94m[*] [0mFuzzing test case #483 (1249 total, 0 uniq crashes found)...[0m
scheduled max input!!!!
schedule: 6 level24_1/ijon_max/6
[1;94m[*] [0mFuzzing test case #484 (1249 total, 0 uniq crashes found)...[0m
scheduled max input!!!!
schedule: 11 level24_1/ijon_max/11
[1;94m[*] [0mFuzzing test case #485 (1249 total, 0 uniq crashes found)...[0m
scheduled max input!!!!
schedule: 8 level24_1/ijon_max/8
[1;94m[*] [0mFuzzing test case #486 (1249 total, 0 uniq crashes found)...[0m
scheduled max input!!!!
schedule: 2 level24_1/ijon_max/2
[1;94m[*] [0mFuzzing test case #487 (1249 total, 0 uniq crashes found)...[0m
scheduled max input!!!!
schedule: 2 level24_1/ijon_max/2
[1;94m[*] [0mFuzzing test case #488 (1249 total, 0 uniq crashes found)...[0m
scheduled max input!!!!
schedule: 10 level24_1/ijon_max/10
[1;94m[*] [0mFuzzing test case #489 (1249 total, 0 uniq crashes found)...[0m
[1;94m[*] [0mFuzzing test case #490 (1249 total, 0 uniq crashes found)...[0m
[1;94m[*] [0mFuzzing test case #491 (1249 total, 0 uniq crashes found)...[0m
[1;94m[*] [0mFuzzing test case #492 (1249 total, 0 uniq crashes found)...[0m
scheduled max input!!!!
schedule: 5 level24_1/ijon_max/5
[1;94m[*] [0mFuzzing test case #493 (1249 total, 0 uniq crashes found)...[0m
scheduled max input!!!!
schedule: 6 level24_1/ijon_max/6
[1;94m[*] [0mFuzzing test case #494 (1249 total, 0 uniq crashes found)...[0m
scheduled max input!!!!
schedule: 6 level24_1/ijon_max/6
[1;94m[*] [0mFuzzing test case #495 (1249 total, 0 uniq crashes found)...[0m
scheduled max input!!!!
schedule: 1 level24_1/ijon_max/1
[1;94m[*] [0mFuzzing test case #496 (1249 total, 0 uniq crashes found)...[0m
scheduled max input!!!!
schedule: 8 level24_1/ijon_max/8
[1;94m[*] [0mFuzzing test case #497 (1249 total, 0 uniq crashes found)...[0m
scheduled max input!!!!
schedule: 5 level24_1/ijon_max/5
[1;94m[*] [0mFuzzing test case #498 (1249 total, 0 uniq crashes found)...[0m
scheduled max input!!!!
schedule: 7 level24_1/ijon_max/7
[1;94m[*] [0mFuzzing test case #499 (1249 total, 0 uniq crashes found)...[0m
scheduled max input!!!!
schedule: 7 level24_1/ijon_max/7
[1;94m[*] [0mFuzzing test case #500 (1249 total, 0 uniq crashes found)...[0m
scheduled max input!!!!
schedule: 7 level24_1/ijon_max/7
[1;94m[*] [0mFuzzing test case #501 (1249 total, 0 uniq crashes found)...[0m
scheduled max input!!!!
schedule: 9 level24_1/ijon_max/9
[1;94m[*] [0mFuzzing test case #502 (1249 total, 0 uniq crashes found)...[0m
scheduled max input!!!!
schedule: 4 level24_1/ijon_max/4
[1;94m[*] [0mFuzzing test case #503 (1249 total, 0 uniq crashes found)...[0m
scheduled max input!!!!
schedule: 9 level24_1/ijon_max/9
[1;94m[*] [0mFuzzing test case #504 (1249 total, 0 uniq crashes found)...[0m
scheduled max input!!!!
schedule: 2 level24_1/ijon_max/2
[1;94m[*] [0mFuzzing test case #505 (1249 total, 0 uniq crashes found)...[0m
scheduled max input!!!!
schedule: 5 level24_1/ijon_max/5
[1;94m[*] [0mFuzzing test case #506 (1249 total, 0 uniq crashes found)...[0m
scheduled max input!!!!
schedule: 11 level24_1/ijon_max/11
[1;94m[*] [0mFuzzing test case #507 (1249 total, 0 uniq crashes found)...[0m
scheduled max input!!!!
schedule: 4 level24_1/ijon_max/4
[1;94m[*] [0mFuzzing test case #508 (1249 total, 0 uniq crashes found)...[0m
scheduled max input!!!!
schedule: 6 level24_1/ijon_max/6
[1;94m[*] [0mFuzzing test case #509 (1249 total, 0 uniq crashes found)...[0m
scheduled max input!!!!
schedule: 7 level24_1/ijon_max/7
[1;94m[*] [0mFuzzing test case #510 (1249 total, 0 uniq crashes found)...[0m
scheduled max input!!!!
schedule: 9 level24_1/ijon_max/9
[1;94m[*] [0mFuzzing test case #511 (1249 total, 0 uniq crashes found)...[0m
scheduled max input!!!!
schedule: 10 level24_1/ijon_max/10
[1;94m[*] [0mFuzzing test case #512 (1249 total, 0 uniq crashes found)...[0m
scheduled max input!!!!
schedule: 1 level24_1/ijon_max/1
[1;94m[*] [0mFuzzing test case #513 (1249 total, 0 uniq crashes found)...[0m
scheduled normal input!!!!
[1;94m[*] [0mFuzzing test case #514 (1249 total, 0 uniq crashes found)...[0m
scheduled max input!!!!
schedule: 9 level24_1/ijon_max/9
[1;94m[*] [0mFuzzing test case #515 (1249 total, 0 uniq crashes found)...[0m
scheduled max input!!!!
schedule: 8 level24_1/ijon_max/8
[1;94m[*] [0mFuzzing test case #516 (1249 total, 0 uniq crashes found)...[0m
scheduled max input!!!!
schedule: 4 level24_1/ijon_max/4
[1;94m[*] [0mFuzzing test case #517 (1249 total, 0 uniq crashes found)...[0m
scheduled max input!!!!
schedule: 5 level24_1/ijon_max/5
[1;94m[*] [0mFuzzing test case #518 (1249 total, 0 uniq crashes found)...[0m
scheduled max input!!!!
schedule: 11 level24_1/ijon_max/11
[1;94m[*] [0mFuzzing test case #519 (1250 total, 0 uniq crashes found)...[0m
scheduled max input!!!!
schedule: 4 level24_1/ijon_max/4
[1;94m[*] [0mFuzzing test case #520 (1250 total, 0 uniq crashes found)...[0m
scheduled max input!!!!
schedule: 3 level24_1/ijon_max/3
[1;94m[*] [0mFuzzing test case #521 (1250 total, 0 uniq crashes found)...[0m
scheduled max input!!!!
schedule: 10 level24_1/ijon_max/10
[1;94m[*] [0mFuzzing test case #522 (1250 total, 0 uniq crashes found)...[0m
[1;94m[*] [0mFuzzing test case #523 (1250 total, 0 uniq crashes found)...[0m
[1;94m[*] [0mFuzzing test case #524 (1250 total, 0 uniq crashes found)...[0m
[1;94m[*] [0mFuzzing test case #525 (1250 total, 0 uniq crashes found)...[0m
[1;94m[*] [0mFuzzing test case #526 (1250 total, 0 uniq crashes found)...[0m
[1;94m[*] [0mFuzzing test case #527 (1250 total, 0 uniq crashes found)...[0m
scheduled max input!!!!
schedule: 7 level24_1/ijon_max/7
[1;94m[*] [0mFuzzing test case #528 (1250 total, 0 uniq crashes found)...[0m
[1;94m[*] [0mFuzzing test case #529 (1250 total, 0 uniq crashes found)...[0m
scheduled max input!!!!
schedule: 11 level24_1/ijon_max/11
[1;94m[*] [0mFuzzing test case #530 (1250 total, 0 uniq crashes found)...[0m
scheduled max input!!!!
schedule: 4 level24_1/ijon_max/4
[1;94m[*] [0mFuzzing test case #531 (1250 total, 0 uniq crashes found)...[0m
scheduled max input!!!!
schedule: 6 level24_1/ijon_max/6
[1;94m[*] [0mFuzzing test case #532 (1250 total, 0 uniq crashes found)...[0m
[1;94m[*] [0mFuzzing test case #533 (1250 total, 0 uniq crashes found)...[0m
scheduled max input!!!!
schedule: 6 level24_1/ijon_max/6
[1;94m[*] [0mFuzzing test case #534 (1250 total, 0 uniq crashes found)...[0m
[1;94m[*] [0mFuzzing test case #535 (1250 total, 0 uniq crashes found)...[0m
scheduled max input!!!!
schedule: 5 level24_1/ijon_max/5
[1;94m[*] [0mFuzzing test case #536 (1250 total, 0 uniq crashes found)...[0m
[1;94m[*] [0mFuzzing test case #537 (1250 total, 0 uniq crashes found)...[0m
[1;94m[*] [0mFuzzing test case #538 (1250 total, 0 uniq crashes found)...[0m
scheduled max input!!!!
schedule: 11 level24_1/ijon_max/11
[1;94m[*] [0mFuzzing test case #539 (1250 total, 0 uniq crashes found)...[0m
scheduled max input!!!!
schedule: 7 level24_1/ijon_max/7
[1;94m[*] [0mFuzzing test case #540 (1250 total, 0 uniq crashes found)...[0m
[1;94m[*] [0mFuzzing test case #541 (1250 total, 0 uniq crashes found)...[0m
scheduled max input!!!!
schedule: 1 level24_1/ijon_max/1
[1;94m[*] [0mFuzzing test case #542 (1250 total, 0 uniq crashes found)...[0m
scheduled max input!!!!
schedule: 5 level24_1/ijon_max/5
[1;94m[*] [0mFuzzing test case #543 (1250 total, 0 uniq crashes found)...[0m
scheduled max input!!!!
schedule: 2 level24_1/ijon_max/2
[1;94m[*] [0mFuzzing test case #544 (1250 total, 0 uniq crashes found)...[0m
scheduled max input!!!!
schedule: 9 level24_1/ijon_max/9
[1;94m[*] [0mFuzzing test case #545 (1250 total, 0 uniq crashes found)...[0m
[1;94m[*] [0mFuzzing test case #546 (1250 total, 0 uniq crashes found)...[0m
scheduled max input!!!!
schedule: 2 level24_1/ijon_max/2
[1;94m[*] [0mFuzzing test case #547 (1250 total, 0 uniq crashes found)...[0m
scheduled max input!!!!
schedule: 5 level24_1/ijon_max/5
[1;94m[*] [0mFuzzing test case #548 (1250 total, 0 uniq crashes found)...[0m
scheduled max input!!!!
schedule: 2 level24_1/ijon_max/2
[1;94m[*] [0mFuzzing test case #549 (1250 total, 0 uniq crashes found)...[0m
scheduled max input!!!!
schedule: 1 level24_1/ijon_max/1
[1;94m[*] [0mFuzzing test case #550 (1250 total, 0 uniq crashes found)...[0m
[1;94m[*] [0mFuzzing test case #551 (1250 total, 0 uniq crashes found)...[0m
scheduled max input!!!!
schedule: 11 level24_1/ijon_max/11
[1;94m[*] [0mFuzzing test case #552 (1250 total, 0 uniq crashes found)...[0m
scheduled max input!!!!
schedule: 0 level24_1/ijon_max/0
[1;94m[*] [0mFuzzing test case #553 (1250 total, 0 uniq crashes found)...[0m
scheduled max input!!!!
schedule: 6 level24_1/ijon_max/6
[1;94m[*] [0mFuzzing test case #554 (1250 total, 0 uniq crashes found)...[0m
scheduled max input!!!!
schedule: 2 level24_1/ijon_max/2
[1;94m[*] [0mFuzzing test case #555 (1250 total, 0 uniq crashes found)...[0m
scheduled max input!!!!
schedule: 3 level24_1/ijon_max/3
[1;94m[*] [0mFuzzing test case #556 (1250 total, 0 uniq crashes found)...[0m
[1;94m[*] [0mFuzzing test case #557 (1250 total, 0 uniq crashes found)...[0m
[1;94m[*] [0mFuzzing test case #558 (1250 total, 0 uniq crashes found)...[0m
[1;94m[*] [0mFuzzing test case #559 (1250 total, 0 uniq crashes found)...[0m
scheduled normal input!!!!
[1;94m[*] [0mFuzzing test case #560 (1250 total, 0 uniq crashes found)...[0m
scheduled max input!!!!
schedule: 6 level24_1/ijon_max/6
[1;94m[*] [0mFuzzing test case #561 (1250 total, 0 uniq crashes found)...[0m
scheduled max input!!!!
schedule: 6 level24_1/ijon_max/6
[1;94m[*] [0mFuzzing test case #562 (1250 total, 0 uniq crashes found)...[0m
scheduled max input!!!!
schedule: 1 level24_1/ijon_max/1
[1;94m[*] [0mFuzzing test case #563 (1250 total, 0 uniq crashes found)...[0m
scheduled max input!!!!
schedule: 9 level24_1/ijon_max/9
[1;94m[*] [0mFuzzing test case #564 (1250 total, 0 uniq crashes found)...[0m
scheduled max input!!!!
schedule: 5 level24_1/ijon_max/5
[1;94m[*] [0mFuzzing test case #565 (1250 total, 0 uniq crashes found)...[0m
scheduled max input!!!!
schedule: 11 level24_1/ijon_max/11
[1;94m[*] [0mFuzzing test case #566 (1250 total, 0 uniq crashes found)...[0m
[1;94m[*] [0mFuzzing test case #567 (1250 total, 0 uniq crashes found)...[0m
scheduled max input!!!!
schedule: 6 level24_1/ijon_max/6
[1;94m[*] [0mFuzzing test case #568 (1250 total, 0 uniq crashes found)...[0m
scheduled max input!!!!
schedule: 5 level24_1/ijon_max/5
[1;94m[*] [0mFuzzing test case #569 (1250 total, 0 uniq crashes found)...[0m
scheduled max input!!!!
schedule: 4 level24_1/ijon_max/4
[1;94m[*] [0mFuzzing test case #570 (1250 total, 0 uniq crashes found)...[0m
scheduled max input!!!!
schedule: 4 level24_1/ijon_max/4
[1;94m[*] [0mFuzzing test case #571 (1250 total, 0 uniq crashes found)...[0m
scheduled max input!!!!
schedule: 10 level24_1/ijon_max/10
[1;94m[*] [0mFuzzing test case #572 (1250 total, 0 uniq crashes found)...[0m
scheduled max input!!!!
schedule: 6 level24_1/ijon_max/6
[1;94m[*] [0mFuzzing test case #573 (1250 total, 0 uniq crashes found)...[0m
scheduled max input!!!!
schedule: 2 level24_1/ijon_max/2
[1;94m[*] [0mFuzzing test case #574 (1250 total, 0 uniq crashes found)...[0m
scheduled max input!!!!
schedule: 3 level24_1/ijon_max/3
[1;94m[*] [0mFuzzing test case #575 (1250 total, 0 uniq crashes found)...[0m
scheduled max input!!!!
schedule: 6 level24_1/ijon_max/6
[1;94m[*] [0mFuzzing test case #576 (1251 total, 0 uniq crashes found)...[0m
scheduled max input!!!!
schedule: 9 level24_1/ijon_max/9
[1;94m[*] [0mFuzzing test case #577 (1251 total, 0 uniq crashes found)...[0m
scheduled max input!!!!
schedule: 7 level24_1/ijon_max/7
[1;94m[*] [0mFuzzing test case #578 (1251 total, 0 uniq crashes found)...[0m
scheduled max input!!!!
schedule: 4 level24_1/ijon_max/4
[1;94m[*] [0mFuzzing test case #579 (1251 total, 0 uniq crashes found)...[0m
scheduled max input!!!!
schedule: 0 level24_1/ijon_max/0
[1;94m[*] [0mFuzzing test case #580 (1251 total, 0 uniq crashes found)...[0m
scheduled max input!!!!
schedule: 8 level24_1/ijon_max/8
[1;94m[*] [0mFuzzing test case #581 (1252 total, 0 uniq crashes found)...[0m
[1;94m[*] [0mFuzzing test case #582 (1252 total, 0 uniq crashes found)...[0m
scheduled max input!!!!
schedule: 5 level24_1/ijon_max/5
[1;94m[*] [0mFuzzing test case #583 (1252 total, 0 uniq crashes found)...[0m
[1;94m[*] [0mFuzzing test case #584 (1252 total, 0 uniq crashes found)...[0m
scheduled max input!!!!
schedule: 9 level24_1/ijon_max/9
[1;94m[*] [0mFuzzing test case #585 (1252 total, 0 uniq crashes found)...[0m
scheduled max input!!!!
schedule: 8 level24_1/ijon_max/8
[1;94m[*] [0mFuzzing test case #586 (1252 total, 0 uniq crashes found)...[0m
scheduled max input!!!!
schedule: 9 level24_1/ijon_max/9
[1;94m[*] [0mFuzzing test case #587 (1252 total, 0 uniq crashes found)...[0m
scheduled max input!!!!
schedule: 2 level24_1/ijon_max/2
[1;94m[*] [0mFuzzing test case #588 (1252 total, 0 uniq crashes found)...[0m
scheduled max input!!!!
schedule: 8 level24_1/ijon_max/8
[1;94m[*] [0mFuzzing test case #589 (1252 total, 0 uniq crashes found)...[0m
scheduled max input!!!!
schedule: 4 level24_1/ijon_max/4
[1;94m[*] [0mFuzzing test case #590 (1252 total, 0 uniq crashes found)...[0m
scheduled max input!!!!
schedule: 1 level24_1/ijon_max/1
[1;94m[*] [0mFuzzing test case #591 (1252 total, 0 uniq crashes found)...[0m
scheduled max input!!!!
schedule: 2 level24_1/ijon_max/2
[1;94m[*] [0mFuzzing test case #592 (1252 total, 0 uniq crashes found)...[0m
scheduled max input!!!!
schedule: 3 level24_1/ijon_max/3
[1;94m[*] [0mFuzzing test case #593 (1252 total, 0 uniq crashes found)...[0m
scheduled max input!!!!
schedule: 5 level24_1/ijon_max/5
[1;94m[*] [0mFuzzing test case #594 (1252 total, 0 uniq crashes found)...[0m
scheduled max input!!!!
schedule: 10 level24_1/ijon_max/10
[1;94m[*] [0mFuzzing test case #595 (1253 total, 0 uniq crashes found)...[0m
scheduled max input!!!!
schedule: 6 level24_1/ijon_max/6
updated maxmap 6: 2d3 (len: 460)
[1;94m[*] [0mFuzzing test case #596 (1253 total, 0 uniq crashes found)...[0m
scheduled max input!!!!
schedule: 8 level24_1/ijon_max/8
[1;94m[*] [0mFuzzing test case #597 (1253 total, 0 uniq crashes found)...[0m
scheduled max input!!!!
schedule: 1 level24_1/ijon_max/1
[1;94m[*] [0mFuzzing test case #598 (1253 total, 0 uniq crashes found)...[0m
scheduled max input!!!!
schedule: 11 level24_1/ijon_max/11
[1;94m[*] [0mFuzzing test case #599 (1253 total, 0 uniq crashes found)...[0m
scheduled max input!!!!
schedule: 5 level24_1/ijon_max/5
[1;94m[*] [0mFuzzing test case #600 (1253 total, 0 uniq crashes found)...[0m
scheduled max input!!!!
schedule: 0 level24_1/ijon_max/0
[1;94m[*] [0mFuzzing test case #601 (1253 total, 0 uniq crashes found)...[0m
scheduled max input!!!!
schedule: 5 level24_1/ijon_max/5
[1;94m[*] [0mFuzzing test case #602 (1253 total, 0 uniq crashes found)...[0m
scheduled max input!!!!
schedule: 4 level24_1/ijon_max/4
[1;94m[*] [0mFuzzing test case #603 (1253 total, 0 uniq crashes found)...[0m
[1;94m[*] [0mFuzzing test case #604 (1253 total, 0 uniq crashes found)...[0m
scheduled max input!!!!
schedule: 6 level24_1/ijon_max/6
[1;94m[*] [0mFuzzing test case #605 (1253 total, 0 uniq crashes found)...[0m
scheduled max input!!!!
schedule: 4 level24_1/ijon_max/4
[1;94m[*] [0mFuzzing test case #606 (1253 total, 0 uniq crashes found)...[0m
[1;94m[*] [0mFuzzing test case #607 (1253 total, 0 uniq crashes found)...[0m
[1;94m[*] [0mFuzzing test case #608 (1253 total, 0 uniq crashes found)...[0m
[1;94m[*] [0mFuzzing test case #609 (1253 total, 0 uniq crashes found)...[0m
scheduled max input!!!!
schedule: 2 level24_1/ijon_max/2
[1;94m[*] [0mFuzzing test case #610 (1253 total, 0 uniq crashes found)...[0m
[1;94m[*] [0mFuzzing test case #611 (1253 total, 0 uniq crashes found)...[0m
scheduled max input!!!!
schedule: 7 level24_1/ijon_max/7
[1;94m[*] [0mFuzzing test case #612 (1253 total, 0 uniq crashes found)...[0m
scheduled max input!!!!
schedule: 5 level24_1/ijon_max/5
[1;94m[*] [0mFuzzing test case #613 (1253 total, 0 uniq crashes found)...[0m
scheduled max input!!!!
schedule: 3 level24_1/ijon_max/3
[1;94m[*] [0mFuzzing test case #614 (1253 total, 0 uniq crashes found)...[0m
scheduled max input!!!!
schedule: 8 level24_1/ijon_max/8
[1;94m[*] [0mFuzzing test case #615 (1253 total, 0 uniq crashes found)...[0m
scheduled max input!!!!
schedule: 1 level24_1/ijon_max/1
[1;94m[*] [0mFuzzing test case #616 (1253 total, 0 uniq crashes found)...[0m
scheduled max input!!!!
schedule: 1 level24_1/ijon_max/1
[1;94m[*] [0mFuzzing test case #617 (1253 total, 0 uniq crashes found)...[0m
scheduled max input!!!!
schedule: 3 level24_1/ijon_max/3
[1;94m[*] [0mFuzzing test case #618 (1253 total, 0 uniq crashes found)...[0m
scheduled max input!!!!
schedule: 0 level24_1/ijon_max/0
[1;94m[*] [0mFuzzing test case #619 (1253 total, 0 uniq crashes found)...[0m
[1;94m[*] [0mFuzzing test case #620 (1253 total, 0 uniq crashes found)...[0m
scheduled max input!!!!
schedule: 4 level24_1/ijon_max/4
[1;94m[*] [0mFuzzing test case #621 (1253 total, 0 uniq crashes found)...[0m
scheduled max input!!!!
schedule: 5 level24_1/ijon_max/5
[1;94m[*] [0mFuzzing test case #622 (1253 total, 0 uniq crashes found)...[0m
scheduled max input!!!!
schedule: 6 level24_1/ijon_max/6
[1;94m[*] [0mFuzzing test case #623 (1254 total, 0 uniq crashes found)...[0m
scheduled max input!!!!
schedule: 9 level24_1/ijon_max/9
[1;94m[*] [0mFuzzing test case #624 (1254 total, 0 uniq crashes found)...[0m
scheduled max input!!!!
schedule: 4 level24_1/ijon_max/4
[1;94m[*] [0mFuzzing test case #625 (1254 total, 0 uniq crashes found)...[0m
scheduled max input!!!!
schedule: 5 level24_1/ijon_max/5
[1;94m[*] [0mFuzzing test case #626 (1254 total, 0 uniq crashes found)...[0m
scheduled max input!!!!
schedule: 0 level24_1/ijon_max/0
[1;94m[*] [0mFuzzing test case #627 (1254 total, 0 uniq crashes found)...[0m
scheduled max input!!!!
schedule: 2 level24_1/ijon_max/2
[1;94m[*] [0mFuzzing test case #628 (1254 total, 0 uniq crashes found)...[0m
scheduled max input!!!!
schedule: 9 level24_1/ijon_max/9
[1;94m[*] [0mFuzzing test case #629 (1254 total, 0 uniq crashes found)...[0m
scheduled max input!!!!
schedule: 3 level24_1/ijon_max/3
[1;94m[*] [0mFuzzing test case #630 (1254 total, 0 uniq crashes found)...[0m
scheduled max input!!!!
schedule: 5 level24_1/ijon_max/5
[1;94m[*] [0mFuzzing test case #631 (1254 total, 0 uniq crashes found)...[0m
scheduled max input!!!!
schedule: 8 level24_1/ijon_max/8
[1;94m[*] [0mFuzzing test case #632 (1254 total, 0 uniq crashes found)...[0m
scheduled max input!!!!
schedule: 5 level24_1/ijon_max/5
[1;94m[*] [0mFuzzing test case #633 (1254 total, 0 uniq crashes found)...[0m
[1;94m[*] [0mFuzzing test case #634 (1254 total, 0 uniq crashes found)...[0m
[1;94m[*] [0mFuzzing test case #635 (1254 total, 0 uniq crashes found)...[0m
scheduled max input!!!!
schedule: 11 level24_1/ijon_max/11
[1;94m[*] [0mFuzzing test case #636 (1254 total, 0 uniq crashes found)...[0m
[1;94m[*] [0mFuzzing test case #637 (1254 total, 0 uniq crashes found)...[0m
scheduled max input!!!!
schedule: 4 level24_1/ijon_max/4
[1;94m[*] [0mFuzzing test case #638 (1254 total, 0 uniq crashes found)...[0m
[1;94m[*] [0mFuzzing test case #639 (1254 total, 0 uniq crashes found)...[0m
[1;94m[*] [0mFuzzing test case #640 (1254 total, 0 uniq crashes found)...[0m
scheduled max input!!!!
schedule: 9 level24_1/ijon_max/9
[1;94m[*] [0mFuzzing test case #641 (1254 total, 0 uniq crashes found)...[0m
[1;94m[*] [0mFuzzing test case #642 (1254 total, 0 uniq crashes found)...[0m
[1;94m[*] [0mFuzzing test case #643 (1254 total, 0 uniq crashes found)...[0m
scheduled max input!!!!
schedule: 10 level24_1/ijon_max/10
[1;94m[*] [0mFuzzing test case #644 (1254 total, 0 uniq crashes found)...[0m
scheduled max input!!!!
schedule: 4 level24_1/ijon_max/4
[1;94m[*] [0mFuzzing test case #645 (1254 total, 0 uniq crashes found)...[0m
scheduled max input!!!!
schedule: 3 level24_1/ijon_max/3
[1;94m[*] [0mFuzzing test case #646 (1254 total, 0 uniq crashes found)...[0m
[1;94m[*] [0mFuzzing test case #647 (1254 total, 0 uniq crashes found)...[0m
scheduled max input!!!!
schedule: 3 level24_1/ijon_max/3
[1;94m[*] [0mFuzzing test case #648 (1254 total, 0 uniq crashes found)...[0m
scheduled max input!!!!
schedule: 2 level24_1/ijon_max/2
[1;94m[*] [0mFuzzing test case #649 (1254 total, 0 uniq crashes found)...[0m
[1;94m[*] [0mFuzzing test case #650 (1254 total, 0 uniq crashes found)...[0m
scheduled max input!!!!
schedule: 11 level24_1/ijon_max/11
[1;94m[*] [0mFuzzing test case #651 (1254 total, 0 uniq crashes found)...[0m
[1;94m[*] [0mFuzzing test case #652 (1254 total, 0 uniq crashes found)...[0m
scheduled max input!!!!
schedule: 6 level24_1/ijon_max/6
[1;94m[*] [0mFuzzing test case #653 (1254 total, 0 uniq crashes found)...[0m
scheduled max input!!!!
schedule: 6 level24_1/ijon_max/6
[1;94m[*] [0mFuzzing test case #654 (1254 total, 0 uniq crashes found)...[0m
[1;94m[*] [0mFuzzing test case #655 (1254 total, 0 uniq crashes found)...[0m
scheduled max input!!!!
schedule: 2 level24_1/ijon_max/2
[1;94m[*] [0mFuzzing test case #656 (1254 total, 0 uniq crashes found)...[0m
scheduled max input!!!!
schedule: 2 level24_1/ijon_max/2
[1;94m[*] [0mFuzzing test case #657 (1254 total, 0 uniq crashes found)...[0m
scheduled max input!!!!
schedule: 11 level24_1/ijon_max/11
[1;94m[*] [0mFuzzing test case #658 (1254 total, 0 uniq crashes found)...[0m
[1;94m[*] [0mFuzzing test case #659 (1254 total, 0 uniq crashes found)...[0m
[1;94m[*] [0mFuzzing test case #660 (1254 total, 0 uniq crashes found)...[0m
scheduled max input!!!!
schedule: 10 level24_1/ijon_max/10
[1;94m[*] [0mFuzzing test case #661 (1254 total, 0 uniq crashes found)...[0m
scheduled max input!!!!
schedule: 4 level24_1/ijon_max/4
[1;94m[*] [0mFuzzing test case #662 (1254 total, 0 uniq crashes found)...[0m
scheduled max input!!!!
schedule: 3 level24_1/ijon_max/3
[1;94m[*] [0mFuzzing test case #663 (1254 total, 0 uniq crashes found)...[0m
[1;94m[*] [0mFuzzing test case #664 (1254 total, 0 uniq crashes found)...[0m
[1;94m[*] [0mFuzzing test case #665 (1254 total, 0 uniq crashes found)...[0m
scheduled max input!!!!
schedule: 0 level24_1/ijon_max/0
[1;94m[*] [0mFuzzing test case #666 (1254 total, 0 uniq crashes found)...[0m
scheduled max input!!!!
schedule: 10 level24_1/ijon_max/10
[1;94m[*] [0mFuzzing test case #667 (1254 total, 0 uniq crashes found)...[0m
[1;94m[*] [0mFuzzing test case #668 (1254 total, 0 uniq crashes found)...[0m
[1;94m[*] [0mFuzzing test case #669 (1254 total, 0 uniq crashes found)...[0m
scheduled max input!!!!
schedule: 0 level24_1/ijon_max/0
[1;94m[*] [0mFuzzing test case #670 (1254 total, 0 uniq crashes found)...[0m
scheduled max input!!!!
schedule: 9 level24_1/ijon_max/9
[1;94m[*] [0mFuzzing test case #671 (1254 total, 0 uniq crashes found)...[0m
scheduled max input!!!!
schedule: 2 level24_1/ijon_max/2
[1;94m[*] [0mFuzzing test case #672 (1254 total, 0 uniq crashes found)...[0m
scheduled max input!!!!
schedule: 0 level24_1/ijon_max/0
[1;94m[*] [0mFuzzing test case #673 (1254 total, 0 uniq crashes found)...[0m
scheduled max input!!!!
schedule: 3 level24_1/ijon_max/3
[1;94m[*] [0mFuzzing test case #674 (1254 total, 0 uniq crashes found)...[0m
scheduled max input!!!!
schedule: 8 level24_1/ijon_max/8
[1;94m[*] [0mFuzzing test case #675 (1254 total, 0 uniq crashes found)...[0m
scheduled max input!!!!
schedule: 8 level24_1/ijon_max/8
[1;94m[*] [0mFuzzing test case #676 (1254 total, 0 uniq crashes found)...[0m
scheduled max input!!!!
schedule: 1 level24_1/ijon_max/1
[1;94m[*] [0mFuzzing test case #677 (1254 total, 0 uniq crashes found)...[0m
scheduled max input!!!!
schedule: 1 level24_1/ijon_max/1
[1;94m[*] [0mFuzzing test case #678 (1254 total, 0 uniq crashes found)...[0m
[1;94m[*] [0mFuzzing test case #679 (1254 total, 0 uniq crashes found)...[0m
scheduled max input!!!!
schedule: 2 level24_1/ijon_max/2
[1;94m[*] [0mFuzzing test case #680 (1254 total, 0 uniq crashes found)...[0m
[1;94m[*] [0mFuzzing test case #681 (1254 total, 0 uniq crashes found)...[0m
scheduled max input!!!!
schedule: 6 level24_1/ijon_max/6
[1;94m[*] [0mFuzzing test case #682 (1254 total, 0 uniq crashes found)...[0m
scheduled max input!!!!
schedule: 5 level24_1/ijon_max/5
[1;94m[*] [0mFuzzing test case #683 (1255 total, 0 uniq crashes found)...[0m
scheduled max input!!!!
schedule: 6 level24_1/ijon_max/6
[1;94m[*] [0mFuzzing test case #684 (1255 total, 0 uniq crashes found)...[0m
scheduled max input!!!!
schedule: 1 level24_1/ijon_max/1
[1;94m[*] [0mFuzzing test case #685 (1255 total, 0 uniq crashes found)...[0m
scheduled max input!!!!
schedule: 6 level24_1/ijon_max/6
[1;94m[*] [0mFuzzing test case #686 (1255 total, 0 uniq crashes found)...[0m
scheduled max input!!!!
schedule: 1 level24_1/ijon_max/1
[1;94m[*] [0mFuzzing test case #687 (1255 total, 0 uniq crashes found)...[0m
scheduled max input!!!!
schedule: 0 level24_1/ijon_max/0
[1;94m[*] [0mFuzzing test case #688 (1255 total, 0 uniq crashes found)...[0m
scheduled max input!!!!
schedule: 3 level24_1/ijon_max/3
[1;94m[*] [0mFuzzing test case #689 (1255 total, 0 uniq crashes found)...[0m
scheduled max input!!!!
schedule: 5 level24_1/ijon_max/5
[1;94m[*] [0mFuzzing test case #690 (1255 total, 0 uniq crashes found)...[0m
[1;94m[*] [0mFuzzing test case #691 (1255 total, 0 uniq crashes found)...[0m
scheduled max input!!!!
schedule: 6 level24_1/ijon_max/6
[1;94m[*] [0mFuzzing test case #692 (1255 total, 0 uniq crashes found)...[0m
scheduled max input!!!!
schedule: 0 level24_1/ijon_max/0
[1;94m[*] [0mFuzzing test case #693 (1255 total, 0 uniq crashes found)...[0m
scheduled max input!!!!
schedule: 5 level24_1/ijon_max/5
updated maxmap 0: 288 (len: 445)
updated maxmap 1: 292 (len: 445)
updated maxmap 2: 29c (len: 445)
updated maxmap 3: 2a6 (len: 445)
updated maxmap 4: 2b0 (len: 445)
updated maxmap 5: 2ba (len: 445)
[1;94m[*] [0mFuzzing test case #694 (1255 total, 0 uniq crashes found)...[0m
[1;94m[*] [0mFuzzing test case #695 (1255 total, 0 uniq crashes found)...[0m
scheduled max input!!!!
schedule: 1 level24_1/ijon_max/1
[1;94m[*] [0mFuzzing test case #696 (1255 total, 0 uniq crashes found)...[0m
[1;94m[*] [0mFuzzing test case #697 (1255 total, 0 uniq crashes found)...[0m
scheduled max input!!!!
schedule: 1 level24_1/ijon_max/1
[1;94m[*] [0mFuzzing test case #698 (1255 total, 0 uniq crashes found)...[0m
scheduled max input!!!!
schedule: 11 level24_1/ijon_max/11
[1;94m[*] [0mFuzzing test case #699 (1255 total, 0 uniq crashes found)...[0m
scheduled max input!!!!
schedule: 9 level24_1/ijon_max/9
[1;94m[*] [0mFuzzing test case #700 (1255 total, 0 uniq crashes found)...[0m
scheduled max input!!!!
schedule: 4 level24_1/ijon_max/4
[1;94m[*] [0mFuzzing test case #701 (1255 total, 0 uniq crashes found)...[0m
scheduled max input!!!!
schedule: 8 level24_1/ijon_max/8
[1;94m[*] [0mFuzzing test case #702 (1255 total, 0 uniq crashes found)...[0m
scheduled max input!!!!
schedule: 8 level24_1/ijon_max/8
[1;94m[*] [0mFuzzing test case #703 (1255 total, 0 uniq crashes found)...[0m
scheduled max input!!!!
schedule: 4 level24_1/ijon_max/4
[1;94m[*] [0mFuzzing test case #704 (1255 total, 0 uniq crashes found)...[0m
scheduled max input!!!!
schedule: 1 level24_1/ijon_max/1
[1;94m[*] [0mFuzzing test case #705 (1255 total, 0 uniq crashes found)...[0m
scheduled max input!!!!
schedule: 4 level24_1/ijon_max/4
[1;94m[*] [0mFuzzing test case #706 (1255 total, 0 uniq crashes found)...[0m
scheduled max input!!!!
schedule: 10 level24_1/ijon_max/10
[1;94m[*] [0mFuzzing test case #707 (1255 total, 0 uniq crashes found)...[0m
scheduled max input!!!!
schedule: 10 level24_1/ijon_max/10
[1;94m[*] [0mFuzzing test case #708 (1255 total, 0 uniq crashes found)...[0m
scheduled max input!!!!
schedule: 3 level24_1/ijon_max/3
[1;94m[*] [0mFuzzing test case #709 (1255 total, 0 uniq crashes found)...[0m
scheduled max input!!!!
schedule: 4 level24_1/ijon_max/4
[1;94m[*] [0mFuzzing test case #710 (1255 total, 0 uniq crashes found)...[0m
scheduled max input!!!!
schedule: 4 level24_1/ijon_max/4
[1;94m[*] [0mFuzzing test case #711 (1255 total, 0 uniq crashes found)...[0m
scheduled max input!!!!
schedule: 7 level24_1/ijon_max/7
[1;94m[*] [0mFuzzing test case #712 (1255 total, 0 uniq crashes found)...[0m
scheduled max input!!!!
schedule: 5 level24_1/ijon_max/5
[1;94m[*] [0mFuzzing test case #713 (1255 total, 0 uniq crashes found)...[0m
scheduled max input!!!!
schedule: 8 level24_1/ijon_max/8
[1;94m[*] [0mFuzzing test case #714 (1255 total, 0 uniq crashes found)...[0m
scheduled max input!!!!
schedule: 8 level24_1/ijon_max/8
[1;94m[*] [0mFuzzing test case #715 (1255 total, 0 uniq crashes found)...[0m
scheduled max input!!!!
schedule: 8 level24_1/ijon_max/8
[1;94m[*] [0mFuzzing test case #716 (1255 total, 0 uniq crashes found)...[0m
scheduled max input!!!!
schedule: 8 level24_1/ijon_max/8
[1;94m[*] [0mFuzzing test case #717 (1255 total, 0 uniq crashes found)...[0m
scheduled max input!!!!
schedule: 9 level24_1/ijon_max/9
[1;94m[*] [0mFuzzing test case #718 (1255 total, 0 uniq crashes found)...[0m
scheduled max input!!!!
schedule: 3 level24_1/ijon_max/3
[1;94m[*] [0mFuzzing test case #719 (1256 total, 0 uniq crashes found)...[0m
[1;94m[*] [0mFuzzing test case #720 (1256 total, 0 uniq crashes found)...[0m
scheduled max input!!!!
schedule: 8 level24_1/ijon_max/8
[1;94m[*] [0mFuzzing test case #721 (1256 total, 0 uniq crashes found)...[0m
scheduled max input!!!!
schedule: 3 level24_1/ijon_max/3
[1;94m[*] [0mFuzzing test case #722 (1256 total, 0 uniq crashes found)...[0m
scheduled max input!!!!
schedule: 6 level24_1/ijon_max/6
[1;94m[*] [0mFuzzing test case #723 (1256 total, 0 uniq crashes found)...[0m
scheduled max input!!!!
schedule: 0 level24_1/ijon_max/0
[1;94m[*] [0mFuzzing test case #724 (1256 total, 0 uniq crashes found)...[0m
scheduled max input!!!!
schedule: 9 level24_1/ijon_max/9
[1;94m[*] [0mFuzzing test case #725 (1256 total, 0 uniq crashes found)...[0m
scheduled max input!!!!
schedule: 4 level24_1/ijon_max/4
[1;94m[*] [0mFuzzing test case #726 (1256 total, 0 uniq crashes found)...[0m
scheduled max input!!!!
schedule: 5 level24_1/ijon_max/5
[1;94m[*] [0mFuzzing test case #727 (1256 total, 0 uniq crashes found)...[0m
scheduled max input!!!!
schedule: 9 level24_1/ijon_max/9
[1;94m[*] [0mFuzzing test case #728 (1256 total, 0 uniq crashes found)...[0m
scheduled max input!!!!
schedule: 6 level24_1/ijon_max/6
[1;94m[*] [0mFuzzing test case #729 (1256 total, 0 uniq crashes found)...[0m
scheduled max input!!!!
schedule: 9 level24_1/ijon_max/9
[1;94m[*] [0mFuzzing test case #730 (1256 total, 0 uniq crashes found)...[0m
scheduled max input!!!!
schedule: 1 level24_1/ijon_max/1
[1;94m[*] [0mFuzzing test case #731 (1256 total, 0 uniq crashes found)...[0m
scheduled max input!!!!
schedule: 3 level24_1/ijon_max/3
[1;94m[*] [0mFuzzing test case #732 (1256 total, 0 uniq crashes found)...[0m
scheduled max input!!!!
schedule: 4 level24_1/ijon_max/4
[1;94m[*] [0mFuzzing test case #733 (1256 total, 0 uniq crashes found)...[0m
[1;94m[*] [0mFuzzing test case #734 (1256 total, 0 uniq crashes found)...[0m
scheduled max input!!!!
schedule: 3 level24_1/ijon_max/3
[1;94m[*] [0mFuzzing test case #735 (1256 total, 0 uniq crashes found)...[0m
scheduled max input!!!!
schedule: 5 level24_1/ijon_max/5
[1;94m[*] [0mFuzzing test case #736 (1256 total, 0 uniq crashes found)...[0m
[1;94m[*] [0mFuzzing test case #737 (1256 total, 0 uniq crashes found)...[0m
scheduled max input!!!!
schedule: 3 level24_1/ijon_max/3
[1;94m[*] [0mFuzzing test case #738 (1256 total, 0 uniq crashes found)...[0m
[1;94m[*] [0mFuzzing test case #739 (1256 total, 0 uniq crashes found)...[0m
[1;94m[*] [0mFuzzing test case #740 (1256 total, 0 uniq crashes found)...[0m
scheduled max input!!!!
schedule: 1 level24_1/ijon_max/1
[1;94m[*] [0mFuzzing test case #741 (1256 total, 0 uniq crashes found)...[0m
[1;94m[*] [0mFuzzing test case #742 (1256 total, 0 uniq crashes found)...[0m
scheduled max input!!!!
schedule: 8 level24_1/ijon_max/8
[1;94m[*] [0mFuzzing test case #743 (1257 total, 0 uniq crashes found)...[0m
scheduled max input!!!!
schedule: 1 level24_1/ijon_max/1
[1;94m[*] [0mFuzzing test case #744 (1257 total, 0 uniq crashes found)...[0m
[1;94m[*] [0mFuzzing test case #745 (1257 total, 0 uniq crashes found)...[0m
scheduled max input!!!!
schedule: 10 level24_1/ijon_max/10
[1;94m[*] [0mFuzzing test case #746 (1257 total, 0 uniq crashes found)...[0m
scheduled max input!!!!
schedule: 5 level24_1/ijon_max/5
[1;94m[*] [0mFuzzing test case #747 (1257 total, 0 uniq crashes found)...[0m
scheduled max input!!!!
schedule: 6 level24_1/ijon_max/6
[1;94m[*] [0mFuzzing test case #748 (1257 total, 0 uniq crashes found)...[0m
scheduled max input!!!!
schedule: 3 level24_1/ijon_max/3
[1;94m[*] [0mFuzzing test case #749 (1257 total, 0 uniq crashes found)...[0m
[1;94m[*] [0mFuzzing test case #750 (1257 total, 0 uniq crashes found)...[0m
scheduled max input!!!!
schedule: 11 level24_1/ijon_max/11
[1;94m[*] [0mFuzzing test case #751 (1257 total, 0 uniq crashes found)...[0m
scheduled max input!!!!
schedule: 10 level24_1/ijon_max/10
[1;94m[*] [0mFuzzing test case #752 (1258 total, 0 uniq crashes found)...[0m
scheduled max input!!!!
schedule: 0 level24_1/ijon_max/0
[1;94m[*] [0mFuzzing test case #753 (1258 total, 0 uniq crashes found)...[0m
scheduled max input!!!!
schedule: 3 level24_1/ijon_max/3
[1;94m[*] [0mFuzzing test case #754 (1258 total, 0 uniq crashes found)...[0m
scheduled max input!!!!
schedule: 1 level24_1/ijon_max/1
[1;94m[*] [0mFuzzing test case #755 (1258 total, 0 uniq crashes found)...[0m
scheduled max input!!!!
schedule: 6 level24_1/ijon_max/6
[1;94m[*] [0mFuzzing test case #756 (1258 total, 0 uniq crashes found)...[0m
scheduled max input!!!!
schedule: 9 level24_1/ijon_max/9
[1;94m[*] [0mFuzzing test case #757 (1258 total, 0 uniq crashes found)...[0m
[1;94m[*] [0mFuzzing test case #758 (1258 total, 0 uniq crashes found)...[0m
scheduled max input!!!!
schedule: 11 level24_1/ijon_max/11
[1;94m[*] [0mFuzzing test case #759 (1258 total, 0 uniq crashes found)...[0m
scheduled max input!!!!
schedule: 4 level24_1/ijon_max/4
[1;94m[*] [0mFuzzing test case #760 (1258 total, 0 uniq crashes found)...[0m
scheduled max input!!!!
schedule: 7 level24_1/ijon_max/7
[1;94m[*] [0mFuzzing test case #761 (1258 total, 0 uniq crashes found)...[0m
scheduled max input!!!!
schedule: 9 level24_1/ijon_max/9
[1;94m[*] [0mFuzzing test case #762 (1258 total, 0 uniq crashes found)...[0m
[1;94m[*] [0mFuzzing test case #763 (1258 total, 0 uniq crashes found)...[0m
[1;94m[*] [0mFuzzing test case #764 (1258 total, 0 uniq crashes found)...[0m
scheduled max input!!!!
schedule: 0 level24_1/ijon_max/0
[1;94m[*] [0mFuzzing test case #765 (1258 total, 0 uniq crashes found)...[0m
scheduled max input!!!!
schedule: 4 level24_1/ijon_max/4
[1;94m[*] [0mFuzzing test case #766 (1258 total, 0 uniq crashes found)...[0m
scheduled max input!!!!
schedule: 6 level24_1/ijon_max/6
[1;94m[*] [0mFuzzing test case #767 (1258 total, 0 uniq crashes found)...[0m
[1;94m[*] [0mFuzzing test case #768 (1258 total, 0 uniq crashes found)...[0m
scheduled max input!!!!
schedule: 6 level24_1/ijon_max/6
[1;94m[*] [0mFuzzing test case #769 (1258 total, 0 uniq crashes found)...[0m
scheduled max input!!!!
schedule: 8 level24_1/ijon_max/8
[1;94m[*] [0mFuzzing test case #770 (1258 total, 0 uniq crashes found)...[0m
scheduled max input!!!!
schedule: 7 level24_1/ijon_max/7
updated maxmap 7: 2d2 (len: 460)
[1;94m[*] [0mFuzzing test case #771 (1258 total, 0 uniq crashes found)...[0m
[1;94m[*] [0mFuzzing test case #772 (1258 total, 0 uniq crashes found)...[0m
scheduled max input!!!!
schedule: 1 level24_1/ijon_max/1
[1;94m[*] [0mFuzzing test case #773 (1258 total, 0 uniq crashes found)...[0m
scheduled max input!!!!
schedule: 11 level24_1/ijon_max/11
[1;94m[*] [0mFuzzing test case #774 (1258 total, 0 uniq crashes found)...[0m
[1;94m[*] [0mFuzzing test case #775 (1258 total, 0 uniq crashes found)...[0m
scheduled max input!!!!
schedule: 8 level24_1/ijon_max/8
[1;94m[*] [0mFuzzing test case #776 (1258 total, 0 uniq crashes found)...[0m
scheduled max input!!!!
schedule: 7 level24_1/ijon_max/7
[1;94m[*] [0mFuzzing test case #777 (1258 total, 0 uniq crashes found)...[0m
scheduled max input!!!!
schedule: 9 level24_1/ijon_max/9
[1;94m[*] [0mFuzzing test case #778 (1258 total, 0 uniq crashes found)...[0m
scheduled normal input!!!!
[1;94m[*] [0mFuzzing test case #779 (1258 total, 0 uniq crashes found)...[0m
scheduled max input!!!!
schedule: 10 level24_1/ijon_max/10
[1;94m[*] [0mFuzzing test case #780 (1258 total, 0 uniq crashes found)...[0m
scheduled max input!!!!
schedule: 10 level24_1/ijon_max/10
[1;94m[*] [0mFuzzing test case #781 (1258 total, 0 uniq crashes found)...[0m
scheduled max input!!!!
schedule: 4 level24_1/ijon_max/4
[1;94m[*] [0mFuzzing test case #782 (1258 total, 0 uniq crashes found)...[0m
scheduled max input!!!!
schedule: 11 level24_1/ijon_max/11
[1;94m[*] [0mFuzzing test case #783 (1258 total, 0 uniq crashes found)...[0m
scheduled max input!!!!
schedule: 1 level24_1/ijon_max/1
[1;94m[*] [0mFuzzing test case #784 (1258 total, 0 uniq crashes found)...[0m
[1;94m[*] [0mFuzzing test case #785 (1258 total, 0 uniq crashes found)...[0m
scheduled max input!!!!
schedule: 7 level24_1/ijon_max/7
[1;94m[*] [0mFuzzing test case #786 (1258 total, 0 uniq crashes found)...[0m
scheduled max input!!!!
schedule: 7 level24_1/ijon_max/7
updated maxmap 7: 2d3 (len: 464)
[1;94m[*] [0mFuzzing test case #787 (1258 total, 0 uniq crashes found)...[0m
scheduled max input!!!!
schedule: 1 level24_1/ijon_max/1
[1;94m[*] [0mFuzzing test case #788 (1258 total, 0 uniq crashes found)...[0m
scheduled max input!!!!
schedule: 0 level24_1/ijon_max/0
[1;94m[*] [0mFuzzing test case #789 (1258 total, 0 uniq crashes found)...[0m
scheduled max input!!!!
schedule: 4 level24_1/ijon_max/4
[1;94m[*] [0mFuzzing test case #790 (1258 total, 0 uniq crashes found)...[0m
scheduled max input!!!!
schedule: 1 level24_1/ijon_max/1
[1;94m[*] [0mFuzzing test case #791 (1258 total, 0 uniq crashes found)...[0m
scheduled max input!!!!
schedule: 8 level24_1/ijon_max/8
[1;94m[*] [0mFuzzing test case #792 (1258 total, 0 uniq crashes found)...[0m
scheduled max input!!!!
schedule: 8 level24_1/ijon_max/8
[1;94m[*] [0mFuzzing test case #793 (1259 total, 0 uniq crashes found)...[0m
scheduled max input!!!!
schedule: 5 level24_1/ijon_max/5
[1;94m[*] [0mFuzzing test case #794 (1259 total, 0 uniq crashes found)...[0m
scheduled max input!!!!
schedule: 6 level24_1/ijon_max/6
[1;94m[*] [0mFuzzing test case #795 (1259 total, 0 uniq crashes found)...[0m
scheduled max input!!!!
schedule: 0 level24_1/ijon_max/0
[1;94m[*] [0mFuzzing test case #796 (1260 total, 0 uniq crashes found)...[0m
[1;94m[*] [0mFuzzing test case #797 (1260 total, 0 uniq crashes found)...[0m
[1;94m[*] [0mFuzzing test case #798 (1260 total, 0 uniq crashes found)...[0m
scheduled max input!!!!
schedule: 7 level24_1/ijon_max/7
updated maxmap 5: 2d3 (len: 471)
[1;94m[*] [0mFuzzing test case #799 (1262 total, 0 uniq crashes found)...[0m
[1;94m[*] [0mFuzzing test case #800 (1262 total, 0 uniq crashes found)...[0m
scheduled max input!!!!
schedule: 7 level24_1/ijon_max/7
[1;94m[*] [0mFuzzing test case #801 (1262 total, 0 uniq crashes found)...[0m
scheduled max input!!!!
schedule: 6 level24_1/ijon_max/6
[1;94m[*] [0mFuzzing test case #802 (1262 total, 0 uniq crashes found)...[0m
scheduled max input!!!!
schedule: 2 level24_1/ijon_max/2
[1;94m[*] [0mFuzzing test case #803 (1262 total, 0 uniq crashes found)...[0m
scheduled max input!!!!
schedule: 10 level24_1/ijon_max/10
[1;94m[*] [0mFuzzing test case #804 (1262 total, 0 uniq crashes found)...[0m
[1;94m[*] [0mFuzzing test case #805 (1262 total, 0 uniq crashes found)...[0m
scheduled max input!!!!
schedule: 4 level24_1/ijon_max/4
[1;94m[*] [0mFuzzing test case #806 (1262 total, 0 uniq crashes found)...[0m
scheduled max input!!!!
schedule: 11 level24_1/ijon_max/11
[1;94m[*] [0mFuzzing test case #807 (1262 total, 0 uniq crashes found)...[0m
scheduled max input!!!!
schedule: 4 level24_1/ijon_max/4
[1;94m[*] [0mFuzzing test case #808 (1262 total, 0 uniq crashes found)...[0m
scheduled max input!!!!
schedule: 9 level24_1/ijon_max/9
[1;94m[*] [0mFuzzing test case #809 (1262 total, 0 uniq crashes found)...[0m
scheduled max input!!!!
schedule: 8 level24_1/ijon_max/8
[1;94m[*] [0mFuzzing test case #810 (1262 total, 0 uniq crashes found)...[0m
scheduled max input!!!!
schedule: 7 level24_1/ijon_max/7
[1;94m[*] [0mFuzzing test case #811 (1262 total, 0 uniq crashes found)...[0m
[1;94m[*] [0mFuzzing test case #812 (1262 total, 0 uniq crashes found)...[0m
[1;94m[*] [0mFuzzing test case #813 (1262 total, 0 uniq crashes found)...[0m
scheduled max input!!!!
schedule: 10 level24_1/ijon_max/10
[1;94m[*] [0mFuzzing test case #814 (1262 total, 0 uniq crashes found)...[0m
scheduled max input!!!!
schedule: 9 level24_1/ijon_max/9
[1;94m[*] [0mFuzzing test case #815 (1262 total, 0 uniq crashes found)...[0m
scheduled max input!!!!
schedule: 10 level24_1/ijon_max/10
[1;94m[*] [0mFuzzing test case #816 (1262 total, 0 uniq crashes found)...[0m
[1;94m[*] [0mFuzzing test case #817 (1262 total, 0 uniq crashes found)...[0m
scheduled max input!!!!
schedule: 0 level24_1/ijon_max/0
[1;94m[*] [0mFuzzing test case #818 (1262 total, 0 uniq crashes found)...[0m
scheduled max input!!!!
schedule: 2 level24_1/ijon_max/2
[1;94m[*] [0mFuzzing test case #819 (1262 total, 0 uniq crashes found)...[0m
scheduled max input!!!!
schedule: 8 level24_1/ijon_max/8
[1;94m[*] [0mFuzzing test case #820 (1262 total, 0 uniq crashes found)...[0m
scheduled max input!!!!
schedule: 3 level24_1/ijon_max/3
[1;94m[*] [0mFuzzing test case #821 (1262 total, 0 uniq crashes found)...[0m
scheduled max input!!!!
schedule: 3 level24_1/ijon_max/3
[1;94m[*] [0mFuzzing test case #822 (1262 total, 0 uniq crashes found)...[0m
scheduled max input!!!!
schedule: 0 level24_1/ijon_max/0
[1;94m[*] [0mFuzzing test case #823 (1262 total, 0 uniq crashes found)...[0m
scheduled max input!!!!
schedule: 1 level24_1/ijon_max/1
[1;94m[*] [0mFuzzing test case #824 (1262 total, 0 uniq crashes found)...[0m
scheduled max input!!!!
schedule: 1 level24_1/ijon_max/1
[1;94m[*] [0mFuzzing test case #825 (1262 total, 0 uniq crashes found)...[0m
scheduled max input!!!!
schedule: 2 level24_1/ijon_max/2
[1;94m[*] [0mFuzzing test case #826 (1262 total, 0 uniq crashes found)...[0m
scheduled max input!!!!
schedule: 5 level24_1/ijon_max/5
updated maxmap 5: 2d8 (len: 471)
[1;94m[*] [0mFuzzing test case #827 (1262 total, 0 uniq crashes found)...[0m
scheduled max input!!!!
schedule: 11 level24_1/ijon_max/11
[1;94m[*] [0mFuzzing test case #828 (1262 total, 0 uniq crashes found)...[0m
scheduled max input!!!!
schedule: 11 level24_1/ijon_max/11
[1;94m[*] [0mFuzzing test case #829 (1262 total, 0 uniq crashes found)...[0m
scheduled max input!!!!
schedule: 6 level24_1/ijon_max/6
[1;94m[*] [0mFuzzing test case #830 (1262 total, 0 uniq crashes found)...[0m
scheduled max input!!!!
schedule: 8 level24_1/ijon_max/8
[1;94m[*] [0mFuzzing test case #831 (1262 total, 0 uniq crashes found)...[0m
scheduled max input!!!!
schedule: 0 level24_1/ijon_max/0
[1;94m[*] [0mFuzzing test case #832 (1262 total, 0 uniq crashes found)...[0m
scheduled max input!!!!
schedule: 5 level24_1/ijon_max/5
[1;94m[*] [0mFuzzing test case #833 (1262 total, 0 uniq crashes found)...[0m
scheduled max input!!!!
schedule: 9 level24_1/ijon_max/9
[1;94m[*] [0mFuzzing test case #834 (1262 total, 0 uniq crashes found)...[0m
scheduled max input!!!!
schedule: 3 level24_1/ijon_max/3
[1;94m[*] [0mFuzzing test case #835 (1262 total, 0 uniq crashes found)...[0m
scheduled max input!!!!
schedule: 6 level24_1/ijon_max/6
[1;94m[*] [0mFuzzing test case #836 (1262 total, 0 uniq crashes found)...[0m
scheduled max input!!!!
schedule: 0 level24_1/ijon_max/0
[1;94m[*] [0mFuzzing test case #837 (1262 total, 0 uniq crashes found)...[0m
scheduled max input!!!!
schedule: 7 level24_1/ijon_max/7
[1;94m[*] [0mFuzzing test case #838 (1262 total, 0 uniq crashes found)...[0m
scheduled max input!!!!
schedule: 10 level24_1/ijon_max/10
[1;94m[*] [0mFuzzing test case #839 (1263 total, 0 uniq crashes found)...[0m
scheduled max input!!!!
schedule: 3 level24_1/ijon_max/3
[1;94m[*] [0mFuzzing test case #840 (1263 total, 0 uniq crashes found)...[0m
scheduled max input!!!!
schedule: 11 level24_1/ijon_max/11
[1;94m[*] [0mFuzzing test case #841 (1263 total, 0 uniq crashes found)...[0m
scheduled max input!!!!
schedule: 7 level24_1/ijon_max/7
[1;94m[*] [0mFuzzing test case #842 (1263 total, 0 uniq crashes found)...[0m
scheduled max input!!!!
schedule: 4 level24_1/ijon_max/4
[1;94m[*] [0mFuzzing test case #843 (1263 total, 0 uniq crashes found)...[0m
scheduled max input!!!!
schedule: 10 level24_1/ijon_max/10
[1;94m[*] [0mFuzzing test case #844 (1263 total, 0 uniq crashes found)...[0m
scheduled max input!!!!
schedule: 3 level24_1/ijon_max/3
[1;94m[*] [0mFuzzing test case #845 (1263 total, 0 uniq crashes found)...[0m
scheduled max input!!!!
schedule: 8 level24_1/ijon_max/8
[1;94m[*] [0mFuzzing test case #846 (1264 total, 0 uniq crashes found)...[0m
[1;94m[*] [0mFuzzing test case #847 (1264 total, 0 uniq crashes found)...[0m
scheduled max input!!!!
schedule: 5 level24_1/ijon_max/5
[1;94m[*] [0mFuzzing test case #848 (1264 total, 0 uniq crashes found)...[0m
scheduled max input!!!!
schedule: 8 level24_1/ijon_max/8
[1;94m[*] [0mFuzzing test case #849 (1264 total, 0 uniq crashes found)...[0m
scheduled max input!!!!
schedule: 9 level24_1/ijon_max/9
[1;94m[*] [0mFuzzing test case #850 (1264 total, 0 uniq crashes found)...[0m
scheduled max input!!!!
schedule: 7 level24_1/ijon_max/7
updated maxmap 6: 2d4 (len: 464)
[1;94m[*] [0mFuzzing test case #851 (1264 total, 0 uniq crashes found)...[0m
scheduled max input!!!!
schedule: 11 level24_1/ijon_max/11
[1;94m[*] [0mFuzzing test case #852 (1264 total, 0 uniq crashes found)...[0m
scheduled max input!!!!
schedule: 9 level24_1/ijon_max/9
[1;94m[*] [0mFuzzing test case #853 (1264 total, 0 uniq crashes found)...[0m
[1;94m[*] [0mFuzzing test case #854 (1264 total, 0 uniq crashes found)...[0m
scheduled max input!!!!
schedule: 10 level24_1/ijon_max/10
[1;94m[*] [0mFuzzing test case #855 (1264 total, 0 uniq crashes found)...[0m
scheduled max input!!!!
schedule: 0 level24_1/ijon_max/0
[1;94m[*] [0mFuzzing test case #856 (1264 total, 0 uniq crashes found)...[0m
scheduled max input!!!!
schedule: 11 level24_1/ijon_max/11
[1;94m[*] [0mFuzzing test case #857 (1264 total, 0 uniq crashes found)...[0m
scheduled max input!!!!
schedule: 11 level24_1/ijon_max/11
[1;94m[*] [0mFuzzing test case #858 (1264 total, 0 uniq crashes found)...[0m
scheduled max input!!!!
schedule: 9 level24_1/ijon_max/9
[1;94m[*] [0mFuzzing test case #859 (1264 total, 0 uniq crashes found)...[0m
scheduled max input!!!!
schedule: 6 level24_1/ijon_max/6
[1;94m[*] [0mFuzzing test case #860 (1264 total, 0 uniq crashes found)...[0m
[1;94m[*] [0mFuzzing test case #861 (1264 total, 0 uniq crashes found)...[0m
scheduled max input!!!!
schedule: 6 level24_1/ijon_max/6
[1;94m[*] [0mFuzzing test case #862 (1264 total, 0 uniq crashes found)...[0m
[1;94m[*] [0mFuzzing test case #863 (1264 total, 0 uniq crashes found)...[0m
scheduled max input!!!!
schedule: 8 level24_1/ijon_max/8
[1;94m[*] [0mFuzzing test case #864 (1264 total, 0 uniq crashes found)...[0m
scheduled max input!!!!
schedule: 2 level24_1/ijon_max/2
[1;94m[*] [0mFuzzing test case #865 (1264 total, 0 uniq crashes found)...[0m
[1;94m[*] [0mFuzzing test case #866 (1264 total, 0 uniq crashes found)...[0m
[1;94m[*] [0mFuzzing test case #867 (1264 total, 0 uniq crashes found)...[0m
scheduled max input!!!!
schedule: 8 level24_1/ijon_max/8
[1;94m[*] [0mFuzzing test case #868 (1264 total, 0 uniq crashes found)...[0m
scheduled max input!!!!
schedule: 5 level24_1/ijon_max/5
[1;94m[*] [0mFuzzing test case #869 (1264 total, 0 uniq crashes found)...[0m
scheduled max input!!!!
schedule: 11 level24_1/ijon_max/11
[1;94m[*] [0mFuzzing test case #870 (1264 total, 0 uniq crashes found)...[0m
scheduled max input!!!!
schedule: 3 level24_1/ijon_max/3
[1;94m[*] [0mFuzzing test case #871 (1264 total, 0 uniq crashes found)...[0m
scheduled max input!!!!
schedule: 0 level24_1/ijon_max/0
[1;94m[*] [0mFuzzing test case #872 (1264 total, 0 uniq crashes found)...[0m
scheduled max input!!!!
schedule: 9 level24_1/ijon_max/9
[1;94m[*] [0mFuzzing test case #873 (1264 total, 0 uniq crashes found)...[0m
scheduled max input!!!!
schedule: 11 level24_1/ijon_max/11
[1;94m[*] [0mFuzzing test case #874 (1264 total, 0 uniq crashes found)...[0m
scheduled max input!!!!
schedule: 3 level24_1/ijon_max/3
[1;94m[*] [0mFuzzing test case #875 (1264 total, 0 uniq crashes found)...[0m
[1;94m[*] [0mFuzzing test case #876 (1264 total, 0 uniq crashes found)...[0m
scheduled max input!!!!
schedule: 4 level24_1/ijon_max/4
[1;94m[*] [0mFuzzing test case #877 (1264 total, 0 uniq crashes found)...[0m
scheduled max input!!!!
schedule: 2 level24_1/ijon_max/2
[1;94m[*] [0mFuzzing test case #878 (1264 total, 0 uniq crashes found)...[0m
scheduled max input!!!!
schedule: 7 level24_1/ijon_max/7
[1;94m[*] [0mFuzzing test case #879 (1264 total, 0 uniq crashes found)...[0m
scheduled max input!!!!
schedule: 4 level24_1/ijon_max/4
[1;94m[*] [0mFuzzing test case #880 (1264 total, 0 uniq crashes found)...[0m
scheduled max input!!!!
schedule: 1 level24_1/ijon_max/1
[1;94m[*] [0mFuzzing test case #881 (1264 total, 0 uniq crashes found)...[0m
scheduled max input!!!!
schedule: 3 level24_1/ijon_max/3
[1;94m[*] [0mFuzzing test case #882 (1264 total, 0 uniq crashes found)...[0m
scheduled max input!!!!
schedule: 4 level24_1/ijon_max/4
[1;94m[*] [0mFuzzing test case #883 (1264 total, 0 uniq crashes found)...[0m
scheduled max input!!!!
schedule: 0 level24_1/ijon_max/0
updated maxmap 8: 2d4 (len: 452)
[1;94m[*] [0mFuzzing test case #884 (1264 total, 0 uniq crashes found)...[0m
scheduled max input!!!!
schedule: 4 level24_1/ijon_max/4
[1;94m[*] [0mFuzzing test case #885 (1264 total, 0 uniq crashes found)...[0m
scheduled max input!!!!
schedule: 1 level24_1/ijon_max/1
[1;94m[*] [0mFuzzing test case #886 (1264 total, 0 uniq crashes found)...[0m
scheduled max input!!!!
schedule: 5 level24_1/ijon_max/5
[1;94m[*] [0mFuzzing test case #887 (1264 total, 0 uniq crashes found)...[0m
scheduled max input!!!!
schedule: 8 level24_1/ijon_max/8
[1;94m[*] [0mFuzzing test case #888 (1264 total, 0 uniq crashes found)...[0m
[1;94m[*] [0mFuzzing test case #889 (1264 total, 0 uniq crashes found)...[0m
scheduled max input!!!!
schedule: 6 level24_1/ijon_max/6
[1;94m[*] [0mFuzzing test case #890 (1264 total, 0 uniq crashes found)...[0m
scheduled max input!!!!
schedule: 1 level24_1/ijon_max/1
[1;94m[*] [0mFuzzing test case #891 (1264 total, 0 uniq crashes found)...[0m
scheduled max input!!!!
schedule: 7 level24_1/ijon_max/7
updated maxmap 6: 2d5 (len: 464)
updated maxmap 7: 2d5 (len: 464)
[1;94m[*] [0mFuzzing test case #892 (1264 total, 0 uniq crashes found)...[0m
scheduled max input!!!!
schedule: 5 level24_1/ijon_max/5
[1;94m[*] [0mFuzzing test case #893 (1264 total, 0 uniq crashes found)...[0m
scheduled max input!!!!
schedule: 2 level24_1/ijon_max/2
[1;94m[*] [0mFuzzing test case #894 (1264 total, 0 uniq crashes found)...[0m
scheduled max input!!!!
schedule: 4 level24_1/ijon_max/4
[1;94m[*] [0mFuzzing test case #895 (1264 total, 0 uniq crashes found)...[0m
scheduled max input!!!!
schedule: 10 level24_1/ijon_max/10
[1;94m[*] [0mFuzzing test case #896 (1264 total, 0 uniq crashes found)...[0m
[1;94m[*] [0mFuzzing test case #897 (1264 total, 0 uniq crashes found)...[0m
scheduled max input!!!!
schedule: 1 level24_1/ijon_max/1
[1;94m[*] [0mFuzzing test case #898 (1264 total, 0 uniq crashes found)...[0m
[1;94m[*] [0mFuzzing test case #899 (1264 total, 0 uniq crashes found)...[0m
scheduled max input!!!!
schedule: 6 level24_1/ijon_max/6
[1;94m[*] [0mFuzzing test case #900 (1264 total, 0 uniq crashes found)...[0m
scheduled max input!!!!
schedule: 2 level24_1/ijon_max/2
[1;94m[*] [0mFuzzing test case #901 (1264 total, 0 uniq crashes found)...[0m
scheduled max input!!!!
schedule: 6 level24_1/ijon_max/6
[1;94m[*] [0mFuzzing test case #902 (1264 total, 0 uniq crashes found)...[0m
scheduled max input!!!!
schedule: 1 level24_1/ijon_max/1
[1;94m[*] [0mFuzzing test case #903 (1264 total, 0 uniq crashes found)...[0m
scheduled max input!!!!
schedule: 9 level24_1/ijon_max/9
[1;94m[*] [0mFuzzing test case #904 (1264 total, 0 uniq crashes found)...[0m
scheduled max input!!!!
schedule: 10 level24_1/ijon_max/10
[1;94m[*] [0mFuzzing test case #905 (1264 total, 0 uniq crashes found)...[0m
scheduled max input!!!!
schedule: 6 level24_1/ijon_max/6
[1;94m[*] [0mFuzzing test case #906 (1264 total, 0 uniq crashes found)...[0m
[1;94m[*] [0mFuzzing test case #907 (1264 total, 0 uniq crashes found)...[0m
scheduled max input!!!!
schedule: 3 level24_1/ijon_max/3
[1;94m[*] [0mFuzzing test case #908 (1264 total, 0 uniq crashes found)...[0m
scheduled max input!!!!
schedule: 7 level24_1/ijon_max/7
[1;94m[*] [0mFuzzing test case #909 (1264 total, 0 uniq crashes found)...[0m
scheduled max input!!!!
schedule: 9 level24_1/ijon_max/9
[1;94m[*] [0mFuzzing test case #910 (1264 total, 0 uniq crashes found)...[0m
scheduled max input!!!!
schedule: 4 level24_1/ijon_max/4
[1;94m[*] [0mFuzzing test case #911 (1264 total, 0 uniq crashes found)...[0m
scheduled max input!!!!
schedule: 11 level24_1/ijon_max/11
[1;94m[*] [0mFuzzing test case #912 (1264 total, 0 uniq crashes found)...[0m
scheduled max input!!!!
schedule: 9 level24_1/ijon_max/9
[1;94m[*] [0mFuzzing test case #913 (1264 total, 0 uniq crashes found)...[0m
scheduled max input!!!!
schedule: 9 level24_1/ijon_max/9
[1;94m[*] [0mFuzzing test case #914 (1264 total, 0 uniq crashes found)...[0m
scheduled max input!!!!
schedule: 8 level24_1/ijon_max/8
updated maxmap 11: 2d3 (len: 452)
[1;94m[*] [0mFuzzing test case #915 (1264 total, 0 uniq crashes found)...[0m
[1;94m[*] [0mFuzzing test case #916 (1264 total, 0 uniq crashes found)...[0m
scheduled max input!!!!
schedule: 4 level24_1/ijon_max/4
[1;94m[*] [0mFuzzing test case #917 (1264 total, 0 uniq crashes found)...[0m
scheduled max input!!!!
schedule: 0 level24_1/ijon_max/0
[1;94m[*] [0mFuzzing test case #918 (1264 total, 0 uniq crashes found)...[0m
scheduled max input!!!!
schedule: 9 level24_1/ijon_max/9
[1;94m[*] [0mFuzzing test case #919 (1264 total, 0 uniq crashes found)...[0m
scheduled max input!!!!
schedule: 10 level24_1/ijon_max/10
[1;94m[*] [0mFuzzing test case #920 (1264 total, 0 uniq crashes found)...[0m
scheduled max input!!!!
schedule: 11 level24_1/ijon_max/11
[1;94m[*] [0mFuzzing test case #921 (1264 total, 0 uniq crashes found)...[0m
[1;94m[*] [0mFuzzing test case #922 (1264 total, 0 uniq crashes found)...[0m
scheduled max input!!!!
schedule: 3 level24_1/ijon_max/3
[1;94m[*] [0mFuzzing test case #923 (1264 total, 0 uniq crashes found)...[0m
scheduled max input!!!!
schedule: 4 level24_1/ijon_max/4
[1;94m[*] [0mFuzzing test case #924 (1264 total, 0 uniq crashes found)...[0m
scheduled max input!!!!
schedule: 3 level24_1/ijon_max/3
[1;94m[*] [0mFuzzing test case #925 (1264 total, 0 uniq crashes found)...[0m
scheduled max input!!!!
schedule: 8 level24_1/ijon_max/8
[1;94m[*] [0mFuzzing test case #926 (1264 total, 0 uniq crashes found)...[0m
scheduled max input!!!!
schedule: 6 level24_1/ijon_max/6
updated maxmap 6: 2d6 (len: 464)
[1;94m[*] [0mFuzzing test case #927 (1264 total, 0 uniq crashes found)...[0m
[1;94m[*] [0mFuzzing test case #928 (1264 total, 0 uniq crashes found)...[0m
[1;94m[*] [0mFuzzing test case #929 (1264 total, 0 uniq crashes found)...[0m
scheduled max input!!!!
schedule: 2 level24_1/ijon_max/2
[1;94m[*] [0mFuzzing test case #930 (1264 total, 0 uniq crashes found)...[0m
scheduled max input!!!!
schedule: 5 level24_1/ijon_max/5
updated maxmap 5: 2d9 (len: 471)
[1;94m[*] [0mFuzzing test case #931 (1264 total, 0 uniq crashes found)...[0m
scheduled max input!!!!
schedule: 2 level24_1/ijon_max/2
[1;94m[*] [0mFuzzing test case #932 (1264 total, 0 uniq crashes found)...[0m
[1;94m[*] [0mFuzzing test case #933 (1264 total, 0 uniq crashes found)...[0m
scheduled max input!!!!
schedule: 9 level24_1/ijon_max/9
[1;94m[*] [0mFuzzing test case #934 (1264 total, 0 uniq crashes found)...[0m
scheduled max input!!!!
schedule: 5 level24_1/ijon_max/5
[1;94m[*] [0mFuzzing test case #935 (1264 total, 0 uniq crashes found)...[0m
scheduled max input!!!!
schedule: 4 level24_1/ijon_max/4
[1;94m[*] [0mFuzzing test case #936 (1265 total, 0 uniq crashes found)...[0m
scheduled max input!!!!
schedule: 5 level24_1/ijon_max/5
[1;94m[*] [0mFuzzing test case #937 (1265 total, 0 uniq crashes found)...[0m
scheduled max input!!!!
schedule: 0 level24_1/ijon_max/0
[1;94m[*] [0mFuzzing test case #938 (1265 total, 0 uniq crashes found)...[0m
scheduled max input!!!!
schedule: 4 level24_1/ijon_max/4
[1;94m[*] [0mFuzzing test case #939 (1265 total, 0 uniq crashes found)...[0m
[1;94m[*] [0mFuzzing test case #940 (1265 total, 0 uniq crashes found)...[0m
scheduled max input!!!!
schedule: 11 level24_1/ijon_max/11
[1;94m[*] [0mFuzzing test case #941 (1265 total, 0 uniq crashes found)...[0m
scheduled max input!!!!
schedule: 6 level24_1/ijon_max/6
[1;94m[*] [0mFuzzing test case #942 (1265 total, 0 uniq crashes found)...[0m
scheduled max input!!!!
schedule: 7 level24_1/ijon_max/7
[1;94m[*] [0mFuzzing test case #943 (1265 total, 0 uniq crashes found)...[0m
scheduled max input!!!!
schedule: 6 level24_1/ijon_max/6
[1;94m[*] [0mFuzzing test case #944 (1265 total, 0 uniq crashes found)...[0m
scheduled max input!!!!
schedule: 5 level24_1/ijon_max/5
[1;94m[*] [0mFuzzing test case #945 (1265 total, 0 uniq crashes found)...[0m
scheduled max input!!!!
schedule: 10 level24_1/ijon_max/10
[1;94m[*] [0mFuzzing test case #946 (1265 total, 0 uniq crashes found)...[0m
scheduled max input!!!!
schedule: 11 level24_1/ijon_max/11
[1;94m[*] [0mFuzzing test case #947 (1265 total, 0 uniq crashes found)...[0m
scheduled max input!!!!
schedule: 4 level24_1/ijon_max/4
[1;94m[*] [0mFuzzing test case #948 (1265 total, 0 uniq crashes found)...[0m
scheduled max input!!!!
schedule: 5 level24_1/ijon_max/5
[1;94m[*] [0mFuzzing test case #949 (1265 total, 0 uniq crashes found)...[0m
scheduled max input!!!!
schedule: 2 level24_1/ijon_max/2
[1;94m[*] [0mFuzzing test case #950 (1265 total, 0 uniq crashes found)...[0m
scheduled max input!!!!
schedule: 0 level24_1/ijon_max/0
[1;94m[*] [0mFuzzing test case #951 (1265 total, 0 uniq crashes found)...[0m
scheduled max input!!!!
schedule: 10 level24_1/ijon_max/10
[1;94m[*] [0mFuzzing test case #952 (1265 total, 0 uniq crashes found)...[0m
scheduled max input!!!!
schedule: 7 level24_1/ijon_max/7
[1;94m[*] [0mFuzzing test case #953 (1265 total, 0 uniq crashes found)...[0m
scheduled max input!!!!
schedule: 6 level24_1/ijon_max/6
[1;94m[*] [0mFuzzing test case #954 (1265 total, 0 uniq crashes found)...[0m
scheduled max input!!!!
schedule: 6 level24_1/ijon_max/6
[1;94m[*] [0mFuzzing test case #955 (1265 total, 0 uniq crashes found)...[0m
scheduled max input!!!!
schedule: 9 level24_1/ijon_max/9
[1;94m[*] [0mFuzzing test case #956 (1265 total, 0 uniq crashes found)...[0m
scheduled max input!!!!
schedule: 0 level24_1/ijon_max/0
[1;94m[*] [0mFuzzing test case #957 (1265 total, 0 uniq crashes found)...[0m
scheduled max input!!!!
schedule: 4 level24_1/ijon_max/4
[1;94m[*] [0mFuzzing test case #958 (1265 total, 0 uniq crashes found)...[0m
scheduled max input!!!!
schedule: 5 level24_1/ijon_max/5
[1;94m[*] [0mFuzzing test case #959 (1265 total, 0 uniq crashes found)...[0m
scheduled max input!!!!
schedule: 10 level24_1/ijon_max/10
[1;94m[*] [0mFuzzing test case #960 (1265 total, 0 uniq crashes found)...[0m
scheduled max input!!!!
schedule: 8 level24_1/ijon_max/8
[1;94m[*] [0mFuzzing test case #961 (1265 total, 0 uniq crashes found)...[0m
scheduled max input!!!!
schedule: 7 level24_1/ijon_max/7
[1;94m[*] [0mFuzzing test case #962 (1265 total, 0 uniq crashes found)...[0m
scheduled max input!!!!
schedule: 9 level24_1/ijon_max/9
[1;94m[*] [0mFuzzing test case #963 (1265 total, 0 uniq crashes found)...[0m
scheduled max input!!!!
schedule: 9 level24_1/ijon_max/9
[1;94m[*] [0mFuzzing test case #964 (1265 total, 0 uniq crashes found)...[0m
scheduled max input!!!!
schedule: 8 level24_1/ijon_max/8
[1;94m[*] [0mFuzzing test case #965 (1265 total, 0 uniq crashes found)...[0m
scheduled max input!!!!
schedule: 8 level24_1/ijon_max/8
[1;94m[*] [0mFuzzing test case #966 (1265 total, 0 uniq crashes found)...[0m
scheduled max input!!!!
schedule: 4 level24_1/ijon_max/4
[1;94m[*] [0mFuzzing test case #967 (1265 total, 0 uniq crashes found)...[0m
[1;94m[*] [0mFuzzing test case #968 (1265 total, 0 uniq crashes found)...[0m
scheduled max input!!!!
schedule: 6 level24_1/ijon_max/6
[1;94m[*] [0mFuzzing test case #969 (1265 total, 0 uniq crashes found)...[0m
scheduled max input!!!!
schedule: 8 level24_1/ijon_max/8
[1;94m[*] [0mFuzzing test case #970 (1265 total, 0 uniq crashes found)...[0m
scheduled max input!!!!
schedule: 8 level24_1/ijon_max/8
[1;94m[*] [0mFuzzing test case #971 (1265 total, 0 uniq crashes found)...[0m
[1;94m[*] [0mFuzzing test case #972 (1265 total, 0 uniq crashes found)...[0m
scheduled max input!!!!
schedule: 2 level24_1/ijon_max/2
[1;94m[*] [0mFuzzing test case #973 (1265 total, 0 uniq crashes found)...[0m
scheduled normal input!!!!
[1;94m[*] [0mFuzzing test case #974 (1266 total, 0 uniq crashes found)...[0m
scheduled max input!!!!
schedule: 7 level24_1/ijon_max/7
[1;94m[*] [0mFuzzing test case #975 (1266 total, 0 uniq crashes found)...[0m
scheduled max input!!!!
schedule: 10 level24_1/ijon_max/10
[1;94m[*] [0mFuzzing test case #976 (1266 total, 0 uniq crashes found)...[0m
scheduled max input!!!!
schedule: 11 level24_1/ijon_max/11
[1;94m[*] [0mFuzzing test case #977 (1266 total, 0 uniq crashes found)...[0m
scheduled max input!!!!
schedule: 6 level24_1/ijon_max/6
[1;94m[*] [0mFuzzing test case #978 (1266 total, 0 uniq crashes found)...[0m
scheduled max input!!!!
schedule: 1 level24_1/ijon_max/1
[1;94m[*] [0mFuzzing test case #979 (1266 total, 0 uniq crashes found)...[0m
[1;94m[*] [0mFuzzing test case #980 (1266 total, 0 uniq crashes found)...[0m
[1;94m[*] [0mFuzzing test case #981 (1266 total, 0 uniq crashes found)...[0m
scheduled max input!!!!
schedule: 10 level24_1/ijon_max/10
[1;94m[*] [0mFuzzing test case #982 (1266 total, 0 uniq crashes found)...[0m
scheduled max input!!!!
schedule: 7 level24_1/ijon_max/7
[1;94m[*] [0mFuzzing test case #983 (1266 total, 0 uniq crashes found)...[0m
scheduled max input!!!!
schedule: 7 level24_1/ijon_max/7
[1;94m[*] [0mFuzzing test case #984 (1266 total, 0 uniq crashes found)...[0m
scheduled max input!!!!
schedule: 9 level24_1/ijon_max/9
[1;94m[*] [0mFuzzing test case #985 (1266 total, 0 uniq crashes found)...[0m
scheduled max input!!!!
schedule: 11 level24_1/ijon_max/11
[1;94m[*] [0mFuzzing test case #986 (1266 total, 0 uniq crashes found)...[0m
scheduled max input!!!!
schedule: 7 level24_1/ijon_max/7
[1;94m[*] [0mFuzzing test case #987 (1267 total, 0 uniq crashes found)...[0m
scheduled max input!!!!
schedule: 7 level24_1/ijon_max/7
[1;94m[*] [0mFuzzing test case #988 (1267 total, 0 uniq crashes found)...[0m
scheduled max input!!!!
schedule: 9 level24_1/ijon_max/9
[1;94m[*] [0mFuzzing test case #989 (1267 total, 0 uniq crashes found)...[0m
scheduled max input!!!!
schedule: 0 level24_1/ijon_max/0
[1;94m[*] [0mFuzzing test case #990 (1267 total, 0 uniq crashes found)...[0m
scheduled max input!!!!
schedule: 6 level24_1/ijon_max/6
[1;94m[*] [0mFuzzing test case #991 (1267 total, 0 uniq crashes found)...[0m
scheduled max input!!!!
schedule: 10 level24_1/ijon_max/10
[1;94m[*] [0mFuzzing test case #992 (1267 total, 0 uniq crashes found)...[0m
scheduled max input!!!!
schedule: 2 level24_1/ijon_max/2
[1;94m[*] [0mFuzzing test case #993 (1267 total, 0 uniq crashes found)...[0m
scheduled max input!!!!
schedule: 2 level24_1/ijon_max/2
[1;94m[*] [0mFuzzing test case #994 (1267 total, 0 uniq crashes found)...[0m
scheduled max input!!!!
schedule: 4 level24_1/ijon_max/4
[1;94m[*] [0mFuzzing test case #995 (1267 total, 0 uniq crashes found)...[0m
scheduled max input!!!!
schedule: 4 level24_1/ijon_max/4
[1;94m[*] [0mFuzzing test case #996 (1267 total, 0 uniq crashes found)...[0m
scheduled max input!!!!
schedule: 11 level24_1/ijon_max/11
[1;94m[*] [0mFuzzing test case #997 (1267 total, 0 uniq crashes found)...[0m
scheduled max input!!!!
schedule: 9 level24_1/ijon_max/9
[1;94m[*] [0mFuzzing test case #998 (1267 total, 0 uniq crashes found)...[0m
scheduled max input!!!!
schedule: 0 level24_1/ijon_max/0
[1;94m[*] [0mFuzzing test case #999 (1267 total, 0 uniq crashes found)...[0m
scheduled max input!!!!
schedule: 2 level24_1/ijon_max/2
[1;94m[*] [0mFuzzing test case #1000 (1267 total, 0 uniq crashes found)...[0m
scheduled max input!!!!
schedule: 5 level24_1/ijon_max/5
[1;94m[*] [0mFuzzing test case #1001 (1267 total, 0 uniq crashes found)...[0m
[1;94m[*] [0mFuzzing test case #1002 (1267 total, 0 uniq crashes found)...[0m
scheduled max input!!!!
schedule: 10 level24_1/ijon_max/10
[1;94m[*] [0mFuzzing test case #1003 (1268 total, 0 uniq crashes found)...[0m
scheduled max input!!!!
schedule: 4 level24_1/ijon_max/4
[1;94m[*] [0mFuzzing test case #1004 (1268 total, 0 uniq crashes found)...[0m
scheduled max input!!!!
schedule: 5 level24_1/ijon_max/5
[1;94m[*] [0mFuzzing test case #1005 (1268 total, 0 uniq crashes found)...[0m
scheduled max input!!!!
schedule: 3 level24_1/ijon_max/3
[1;94m[*] [0mFuzzing test case #1006 (1268 total, 0 uniq crashes found)...[0m
scheduled max input!!!!
schedule: 7 level24_1/ijon_max/7
[1;94m[*] [0mFuzzing test case #1007 (1268 total, 0 uniq crashes found)...[0m
scheduled max input!!!!
schedule: 11 level24_1/ijon_max/11
[1;94m[*] [0mFuzzing test case #1008 (1268 total, 0 uniq crashes found)...[0m
scheduled max input!!!!
schedule: 4 level24_1/ijon_max/4
[1;94m[*] [0mFuzzing test case #1009 (1268 total, 0 uniq crashes found)...[0m
scheduled max input!!!!
schedule: 4 level24_1/ijon_max/4
[1;94m[*] [0mFuzzing test case #1010 (1268 total, 0 uniq crashes found)...[0m
scheduled max input!!!!
schedule: 10 level24_1/ijon_max/10
[1;94m[*] [0mFuzzing test case #1011 (1268 total, 0 uniq crashes found)...[0m
scheduled max input!!!!
schedule: 9 level24_1/ijon_max/9
[1;94m[*] [0mFuzzing test case #1012 (1268 total, 0 uniq crashes found)...[0m
scheduled max input!!!!
schedule: 1 level24_1/ijon_max/1
[1;94m[*] [0mFuzzing test case #1013 (1268 total, 0 uniq crashes found)...[0m
[1;94m[*] [0mFuzzing test case #1014 (1268 total, 0 uniq crashes found)...[0m
scheduled max input!!!!
schedule: 4 level24_1/ijon_max/4
[1;94m[*] [0mFuzzing test case #1015 (1268 total, 0 uniq crashes found)...[0m
scheduled max input!!!!
schedule: 11 level24_1/ijon_max/11
[1;94m[*] [0mFuzzing test case #1016 (1268 total, 0 uniq crashes found)...[0m
[1;94m[*] [0mFuzzing test case #1017 (1268 total, 0 uniq crashes found)...[0m
scheduled max input!!!!
schedule: 10 level24_1/ijon_max/10
[1;94m[*] [0mFuzzing test case #1018 (1268 total, 0 uniq crashes found)...[0m
[1;94m[*] [0mFuzzing test case #1019 (1268 total, 0 uniq crashes found)...[0m
scheduled max input!!!!
schedule: 7 level24_1/ijon_max/7
[1;94m[*] [0mFuzzing test case #1020 (1268 total, 0 uniq crashes found)...[0m
scheduled max input!!!!
schedule: 7 level24_1/ijon_max/7
[1;94m[*] [0mFuzzing test case #1021 (1268 total, 0 uniq crashes found)...[0m
scheduled max input!!!!
schedule: 0 level24_1/ijon_max/0
[1;94m[*] [0mFuzzing test case #1022 (1268 total, 0 uniq crashes found)...[0m
scheduled max input!!!!
schedule: 8 level24_1/ijon_max/8
[1;94m[*] [0mFuzzing test case #1023 (1268 total, 0 uniq crashes found)...[0m
scheduled max input!!!!
schedule: 1 level24_1/ijon_max/1
[1;94m[*] [0mFuzzing test case #1024 (1268 total, 0 uniq crashes found)...[0m
scheduled max input!!!!
schedule: 2 level24_1/ijon_max/2
[1;94m[*] [0mFuzzing test case #1025 (1268 total, 0 uniq crashes found)...[0m
scheduled max input!!!!
schedule: 1 level24_1/ijon_max/1
[1;94m[*] [0mFuzzing test case #1026 (1268 total, 0 uniq crashes found)...[0m
[1;94m[*] [0mFuzzing test case #1027 (1268 total, 0 uniq crashes found)...[0m
scheduled max input!!!!
schedule: 11 level24_1/ijon_max/11
[1;94m[*] [0mFuzzing test case #1028 (1268 total, 0 uniq crashes found)...[0m
scheduled max input!!!!
schedule: 6 level24_1/ijon_max/6
[1;94m[*] [0mFuzzing test case #1029 (1268 total, 0 uniq crashes found)...[0m
scheduled max input!!!!
schedule: 7 level24_1/ijon_max/7
[1;94m[*] [0mFuzzing test case #1030 (1268 total, 0 uniq crashes found)...[0m
scheduled max input!!!!
schedule: 5 level24_1/ijon_max/5
[1;94m[*] [0mFuzzing test case #1031 (1268 total, 0 uniq crashes found)...[0m
scheduled max input!!!!
schedule: 3 level24_1/ijon_max/3
[1;94m[*] [0mFuzzing test case #1032 (1268 total, 0 uniq crashes found)...[0m
[1;94m[*] [0mFuzzing test case #1033 (1268 total, 0 uniq crashes found)...[0m
[1;94m[*] [0mFuzzing test case #1034 (1268 total, 0 uniq crashes found)...[0m
scheduled max input!!!!
schedule: 10 level24_1/ijon_max/10
[1;94m[*] [0mFuzzing test case #1035 (1268 total, 0 uniq crashes found)...[0m
[1;94m[*] [0mFuzzing test case #1036 (1268 total, 0 uniq crashes found)...[0m
[1;94m[*] [0mFuzzing test case #1037 (1268 total, 0 uniq crashes found)...[0m
scheduled max input!!!!
schedule: 5 level24_1/ijon_max/5
[1;94m[*] [0mFuzzing test case #1038 (1268 total, 0 uniq crashes found)...[0m
scheduled max input!!!!
schedule: 2 level24_1/ijon_max/2
[1;94m[*] [0mFuzzing test case #1039 (1268 total, 0 uniq crashes found)...[0m
scheduled max input!!!!
schedule: 10 level24_1/ijon_max/10
[1;94m[*] [0mFuzzing test case #1040 (1268 total, 0 uniq crashes found)...[0m
scheduled max input!!!!
schedule: 0 level24_1/ijon_max/0
[1;94m[*] [0mFuzzing test case #1041 (1268 total, 0 uniq crashes found)...[0m
scheduled max input!!!!
schedule: 3 level24_1/ijon_max/3
[1;94m[*] [0mFuzzing test case #1042 (1268 total, 0 uniq crashes found)...[0m
scheduled max input!!!!
schedule: 2 level24_1/ijon_max/2
[1;94m[*] [0mFuzzing test case #1043 (1268 total, 0 uniq crashes found)...[0m
[1;94m[*] [0mFuzzing test case #1044 (1268 total, 0 uniq crashes found)...[0m
scheduled max input!!!!
schedule: 1 level24_1/ijon_max/1
[1;94m[*] [0mFuzzing test case #1045 (1268 total, 0 uniq crashes found)...[0m
scheduled max input!!!!
schedule: 3 level24_1/ijon_max/3
[1;94m[*] [0mFuzzing test case #1046 (1268 total, 0 uniq crashes found)...[0m
scheduled max input!!!!
schedule: 4 level24_1/ijon_max/4
[1;94m[*] [0mFuzzing test case #1047 (1268 total, 0 uniq crashes found)...[0m
scheduled max input!!!!
schedule: 8 level24_1/ijon_max/8
[1;94m[*] [0mFuzzing test case #1048 (1268 total, 0 uniq crashes found)...[0m
scheduled max input!!!!
schedule: 6 level24_1/ijon_max/6
updated maxmap 6: 2d7 (len: 464)
[1;94m[*] [0mFuzzing test case #1049 (1268 total, 0 uniq crashes found)...[0m
scheduled max input!!!!
schedule: 2 level24_1/ijon_max/2
[1;94m[*] [0mFuzzing test case #1050 (1268 total, 0 uniq crashes found)...[0m
scheduled max input!!!!
schedule: 2 level24_1/ijon_max/2
[1;94m[*] [0mFuzzing test case #1051 (1268 total, 0 uniq crashes found)...[0m
[1;94m[*] [0mFuzzing test case #1052 (1268 total, 0 uniq crashes found)...[0m
scheduled max input!!!!
schedule: 5 level24_1/ijon_max/5
[1;94m[*] [0mFuzzing test case #1053 (1268 total, 0 uniq crashes found)...[0m
[1;94m[*] [0mFuzzing test case #1054 (1268 total, 0 uniq crashes found)...[0m
scheduled max input!!!!
schedule: 11 level24_1/ijon_max/11
[1;94m[*] [0mFuzzing test case #1055 (1268 total, 0 uniq crashes found)...[0m
scheduled max input!!!!
schedule: 0 level24_1/ijon_max/0
[1;94m[*] [0mFuzzing test case #1056 (1268 total, 0 uniq crashes found)...[0m
scheduled max input!!!!
schedule: 7 level24_1/ijon_max/7
[1;94m[*] [0mFuzzing test case #1057 (1268 total, 0 uniq crashes found)...[0m
scheduled max input!!!!
schedule: 6 level24_1/ijon_max/6
[1;94m[*] [0mFuzzing test case #1058 (1268 total, 0 uniq crashes found)...[0m
scheduled max input!!!!
schedule: 5 level24_1/ijon_max/5
updated maxmap 6: 2e0 (len: 471)
updated maxmap 7: 2de (len: 471)
[1;94m[*] [0mFuzzing test case #1059 (1268 total, 0 uniq crashes found)...[0m
scheduled max input!!!!
schedule: 3 level24_1/ijon_max/3
[1;94m[*] [0mFuzzing test case #1060 (1268 total, 0 uniq crashes found)...[0m
scheduled max input!!!!
schedule: 3 level24_1/ijon_max/3
[1;94m[*] [0mFuzzing test case #1061 (1268 total, 0 uniq crashes found)...[0m
scheduled max input!!!!
schedule: 1 level24_1/ijon_max/1
[1;94m[*] [0mFuzzing test case #1062 (1268 total, 0 uniq crashes found)...[0m
[1;94m[*] [0mFuzzing test case #1063 (1268 total, 0 uniq crashes found)...[0m
scheduled max input!!!!
schedule: 3 level24_1/ijon_max/3
[1;94m[*] [0mFuzzing test case #1064 (1268 total, 0 uniq crashes found)...[0m
scheduled max input!!!!
schedule: 1 level24_1/ijon_max/1
[1;94m[*] [0mFuzzing test case #1065 (1268 total, 0 uniq crashes found)...[0m
scheduled max input!!!!
schedule: 3 level24_1/ijon_max/3
[1;94m[*] [0mFuzzing test case #1066 (1268 total, 0 uniq crashes found)...[0m
scheduled max input!!!!
schedule: 4 level24_1/ijon_max/4
[1;94m[*] [0mFuzzing test case #1067 (1268 total, 0 uniq crashes found)...[0m
[1;94m[*] [0mFuzzing test case #1068 (1268 total, 0 uniq crashes found)...[0m
scheduled max input!!!!
schedule: 9 level24_1/ijon_max/9
[1;94m[*] [0mFuzzing test case #1069 (1268 total, 0 uniq crashes found)...[0m
scheduled max input!!!!
schedule: 0 level24_1/ijon_max/0
[1;94m[*] [0mFuzzing test case #1070 (1268 total, 0 uniq crashes found)...[0m
scheduled max input!!!!
schedule: 1 level24_1/ijon_max/1
[1;94m[*] [0mFuzzing test case #1071 (1268 total, 0 uniq crashes found)...[0m
[1;94m[*] [0mFuzzing test case #1072 (1268 total, 0 uniq crashes found)...[0m
scheduled max input!!!!
schedule: 7 level24_1/ijon_max/7
updated maxmap 7: 2df (len: 471)
[1;94m[*] [0mFuzzing test case #1073 (1268 total, 0 uniq crashes found)...[0m
scheduled max input!!!!
schedule: 6 level24_1/ijon_max/6
[1;94m[*] [0mFuzzing test case #1074 (1268 total, 0 uniq crashes found)...[0m
scheduled max input!!!!
schedule: 1 level24_1/ijon_max/1
[1;94m[*] [0mFuzzing test case #1075 (1268 total, 0 uniq crashes found)...[0m
[1;94m[*] [0mFuzzing test case #1076 (1268 total, 0 uniq crashes found)...[0m
scheduled max input!!!!
schedule: 4 level24_1/ijon_max/4
[1;94m[*] [0mFuzzing test case #1077 (1268 total, 0 uniq crashes found)...[0m
[1;94m[*] [0mFuzzing test case #1078 (1268 total, 0 uniq crashes found)...[0m
scheduled max input!!!!
schedule: 8 level24_1/ijon_max/8
[1;94m[*] [0mFuzzing test case #1079 (1268 total, 0 uniq crashes found)...[0m
scheduled max input!!!!
schedule: 0 level24_1/ijon_max/0
[1;94m[*] [0mFuzzing test case #1080 (1268 total, 0 uniq crashes found)...[0m
scheduled max input!!!!
schedule: 5 level24_1/ijon_max/5
[1;94m[*] [0mFuzzing test case #1081 (1268 total, 0 uniq crashes found)...[0m
scheduled max input!!!!
schedule: 6 level24_1/ijon_max/6
[1;94m[*] [0mFuzzing test case #1082 (1268 total, 0 uniq crashes found)...[0m
scheduled max input!!!!
schedule: 1 level24_1/ijon_max/1
[1;94m[*] [0mFuzzing test case #1083 (1268 total, 0 uniq crashes found)...[0m
scheduled max input!!!!
schedule: 7 level24_1/ijon_max/7
[1;94m[*] [0mFuzzing test case #1084 (1268 total, 0 uniq crashes found)...[0m
scheduled max input!!!!
schedule: 3 level24_1/ijon_max/3
[1;94m[*] [0mFuzzing test case #1085 (1268 total, 0 uniq crashes found)...[0m
[1;94m[*] [0mFuzzing test case #1086 (1268 total, 0 uniq crashes found)...[0m
scheduled max input!!!!
schedule: 0 level24_1/ijon_max/0
[1;94m[*] [0mFuzzing test case #1087 (1268 total, 0 uniq crashes found)...[0m
scheduled max input!!!!
schedule: 11 level24_1/ijon_max/11
[1;94m[*] [0mFuzzing test case #1088 (1268 total, 0 uniq crashes found)...[0m
scheduled max input!!!!
schedule: 11 level24_1/ijon_max/11
[1;94m[*] [0mFuzzing test case #1089 (1268 total, 0 uniq crashes found)...[0m
[1;94m[*] [0mFuzzing test case #1090 (1268 total, 0 uniq crashes found)...[0m
scheduled max input!!!!
schedule: 8 level24_1/ijon_max/8
[1;94m[*] [0mFuzzing test case #1091 (1268 total, 0 uniq crashes found)...[0m
scheduled max input!!!!
schedule: 0 level24_1/ijon_max/0
[1;94m[*] [0mFuzzing test case #1092 (1268 total, 0 uniq crashes found)...[0m
scheduled max input!!!!
schedule: 1 level24_1/ijon_max/1
[1;94m[*] [0mFuzzing test case #1093 (1268 total, 0 uniq crashes found)...[0m
[1;94m[*] [0mFuzzing test case #1094 (1268 total, 0 uniq crashes found)...[0m
[1;94m[*] [0mFuzzing test case #1095 (1268 total, 0 uniq crashes found)...[0m
scheduled max input!!!!
schedule: 8 level24_1/ijon_max/8
[1;94m[*] [0mFuzzing test case #1096 (1268 total, 0 uniq crashes found)...[0m
scheduled max input!!!!
schedule: 11 level24_1/ijon_max/11
[1;94m[*] [0mFuzzing test case #1097 (1268 total, 0 uniq crashes found)...[0m
scheduled max input!!!!
schedule: 3 level24_1/ijon_max/3
[1;94m[*] [0mFuzzing test case #1098 (1268 total, 0 uniq crashes found)...[0m
scheduled max input!!!!
schedule: 9 level24_1/ijon_max/9
[1;94m[*] [0mFuzzing test case #1099 (1268 total, 0 uniq crashes found)...[0m
scheduled max input!!!!
schedule: 3 level24_1/ijon_max/3
[1;94m[*] [0mFuzzing test case #1100 (1268 total, 0 uniq crashes found)...[0m
scheduled max input!!!!
schedule: 1 level24_1/ijon_max/1
[1;94m[*] [0mFuzzing test case #1101 (1268 total, 0 uniq crashes found)...[0m
scheduled max input!!!!
schedule: 1 level24_1/ijon_max/1
[1;94m[*] [0mFuzzing test case #1102 (1268 total, 0 uniq crashes found)...[0m
scheduled max input!!!!
schedule: 11 level24_1/ijon_max/11
[1;94m[*] [0mFuzzing test case #1103 (1268 total, 0 uniq crashes found)...[0m
scheduled max input!!!!
schedule: 7 level24_1/ijon_max/7
updated maxmap 6: 2e1 (len: 471)
updated maxmap 7: 2e0 (len: 471)
[1;94m[*] [0mFuzzing test case #1104 (1268 total, 0 uniq crashes found)...[0m
scheduled max input!!!!
schedule: 10 level24_1/ijon_max/10
[1;94m[*] [0mFuzzing test case #1105 (1268 total, 0 uniq crashes found)...[0m
[1;94m[*] [0mFuzzing test case #1106 (1268 total, 0 uniq crashes found)...[0m
scheduled max input!!!!
schedule: 2 level24_1/ijon_max/2
[1;94m[*] [0mFuzzing test case #1107 (1268 total, 0 uniq crashes found)...[0m
scheduled max input!!!!
schedule: 4 level24_1/ijon_max/4
[1;94m[*] [0mFuzzing test case #1108 (1268 total, 0 uniq crashes found)...[0m
scheduled max input!!!!
schedule: 4 level24_1/ijon_max/4
[1;94m[*] [0mFuzzing test case #1109 (1268 total, 0 uniq crashes found)...[0m
scheduled max input!!!!
schedule: 11 level24_1/ijon_max/11
[1;94m[*] [0mFuzzing test case #1110 (1268 total, 0 uniq crashes found)...[0m
scheduled max input!!!!
schedule: 1 level24_1/ijon_max/1
[1;94m[*] [0mFuzzing test case #1111 (1268 total, 0 uniq crashes found)...[0m
[1;94m[*] [0mFuzzing test case #1112 (1268 total, 0 uniq crashes found)...[0m
scheduled max input!!!!
schedule: 8 level24_1/ijon_max/8
[1;94m[*] [0mFuzzing test case #1113 (1268 total, 0 uniq crashes found)...[0m
scheduled max input!!!!
schedule: 3 level24_1/ijon_max/3
[1;94m[*] [0mFuzzing test case #1114 (1268 total, 0 uniq crashes found)...[0m
scheduled max input!!!!
schedule: 6 level24_1/ijon_max/6
[1;94m[*] [0mFuzzing test case #1115 (1268 total, 0 uniq crashes found)...[0m
scheduled max input!!!!
schedule: 6 level24_1/ijon_max/6
[1;94m[*] [0mFuzzing test case #1116 (1268 total, 0 uniq crashes found)...[0m
[1;94m[*] [0mFuzzing test case #1117 (1268 total, 0 uniq crashes found)...[0m
scheduled max input!!!!
schedule: 9 level24_1/ijon_max/9
[1;94m[*] [0mFuzzing test case #1118 (1268 total, 0 uniq crashes found)...[0m
scheduled max input!!!!
schedule: 7 level24_1/ijon_max/7
[1;94m[*] [0mFuzzing test case #1119 (1268 total, 0 uniq crashes found)...[0m
scheduled max input!!!!
schedule: 5 level24_1/ijon_max/5
[1;94m[*] [0mFuzzing test case #1120 (1268 total, 0 uniq crashes found)...[0m
scheduled max input!!!!
schedule: 9 level24_1/ijon_max/9
[1;94m[*] [0mFuzzing test case #1121 (1268 total, 0 uniq crashes found)...[0m
scheduled max input!!!!
schedule: 0 level24_1/ijon_max/0
[1;94m[*] [0mFuzzing test case #1122 (1268 total, 0 uniq crashes found)...[0m
scheduled max input!!!!
schedule: 8 level24_1/ijon_max/8
[1;94m[*] [0mFuzzing test case #1123 (1268 total, 0 uniq crashes found)...[0m
scheduled max input!!!!
schedule: 1 level24_1/ijon_max/1
[1;94m[*] [0mFuzzing test case #1124 (1268 total, 0 uniq crashes found)...[0m
scheduled max input!!!!
schedule: 1 level24_1/ijon_max/1
[1;94m[*] [0mFuzzing test case #1125 (1268 total, 0 uniq crashes found)...[0m
scheduled max input!!!!
schedule: 7 level24_1/ijon_max/7
[1;94m[*] [0mFuzzing test case #1126 (1268 total, 0 uniq crashes found)...[0m
scheduled max input!!!!
schedule: 9 level24_1/ijon_max/9
[1;94m[*] [0mFuzzing test case #1127 (1268 total, 0 uniq crashes found)...[0m
scheduled max input!!!!
schedule: 6 level24_1/ijon_max/6
[1;94m[*] [0mFuzzing test case #1128 (1268 total, 0 uniq crashes found)...[0m
scheduled normal input!!!!
[1;94m[*] [0mFuzzing test case #1129 (1268 total, 0 uniq crashes found)...[0m
scheduled max input!!!!
schedule: 8 level24_1/ijon_max/8
[1;94m[*] [0mFuzzing test case #1130 (1268 total, 0 uniq crashes found)...[0m
scheduled max input!!!!
schedule: 7 level24_1/ijon_max/7
updated maxmap 5: 2e0 (len: 471)
updated maxmap 6: 2e3 (len: 471)
updated maxmap 7: 2e1 (len: 471)
[1;94m[*] [0mFuzzing test case #1131 (1268 total, 0 uniq crashes found)...[0m
[1;94m[*] [0mFuzzing test case #1132 (1268 total, 0 uniq crashes found)...[0m
scheduled max input!!!!
schedule: 3 level24_1/ijon_max/3
[1;94m[*] [0mFuzzing test case #1133 (1268 total, 0 uniq crashes found)...[0m
scheduled max input!!!!
schedule: 9 level24_1/ijon_max/9
[1;94m[*] [0mFuzzing test case #1134 (1268 total, 0 uniq crashes found)...[0m
scheduled max input!!!!
schedule: 10 level24_1/ijon_max/10
[1;94m[*] [0mFuzzing test case #1135 (1268 total, 0 uniq crashes found)...[0m
scheduled max input!!!!
schedule: 10 level24_1/ijon_max/10
[1;94m[*] [0mFuzzing test case #1136 (1268 total, 0 uniq crashes found)...[0m
scheduled max input!!!!
schedule: 11 level24_1/ijon_max/11
[1;94m[*] [0mFuzzing test case #1137 (1268 total, 0 uniq crashes found)...[0m
scheduled max input!!!!
schedule: 11 level24_1/ijon_max/11
[1;94m[*] [0mFuzzing test case #1138 (1268 total, 0 uniq crashes found)...[0m
scheduled max input!!!!
schedule: 5 level24_1/ijon_max/5
[1;94m[*] [0mFuzzing test case #1139 (1268 total, 0 uniq crashes found)...[0m
[1;94m[*] [0mFuzzing test case #1140 (1268 total, 0 uniq crashes found)...[0m
scheduled max input!!!!
schedule: 9 level24_1/ijon_max/9
[1;94m[*] [0mFuzzing test case #1141 (1268 total, 0 uniq crashes found)...[0m
scheduled max input!!!!
schedule: 7 level24_1/ijon_max/7
[1;94m[*] [0mFuzzing test case #1142 (1268 total, 0 uniq crashes found)...[0m
scheduled max input!!!!
schedule: 2 level24_1/ijon_max/2
[1;94m[*] [0mFuzzing test case #1143 (1268 total, 0 uniq crashes found)...[0m
scheduled max input!!!!
schedule: 1 level24_1/ijon_max/1
[1;94m[*] [0mFuzzing test case #1144 (1268 total, 0 uniq crashes found)...[0m
scheduled max input!!!!
schedule: 4 level24_1/ijon_max/4
[1;94m[*] [0mFuzzing test case #1145 (1268 total, 0 uniq crashes found)...[0m
scheduled max input!!!!
schedule: 3 level24_1/ijon_max/3
[1;94m[*] [0mFuzzing test case #1146 (1268 total, 0 uniq crashes found)...[0m
scheduled max input!!!!
schedule: 6 level24_1/ijon_max/6
[1;94m[*] [0mFuzzing test case #1147 (1268 total, 0 uniq crashes found)...[0m
scheduled max input!!!!
schedule: 0 level24_1/ijon_max/0
[1;94m[*] [0mFuzzing test case #1148 (1268 total, 0 uniq crashes found)...[0m
[1;94m[*] [0mFuzzing test case #1149 (1268 total, 0 uniq crashes found)...[0m
scheduled max input!!!!
schedule: 4 level24_1/ijon_max/4
[1;94m[*] [0mFuzzing test case #1150 (1268 total, 0 uniq crashes found)...[0m
scheduled max input!!!!
schedule: 1 level24_1/ijon_max/1
[1;94m[*] [0mFuzzing test case #1151 (1268 total, 0 uniq crashes found)...[0m
scheduled max input!!!!
schedule: 4 level24_1/ijon_max/4
[1;94m[*] [0mFuzzing test case #1152 (1268 total, 0 uniq crashes found)...[0m
scheduled max input!!!!
schedule: 2 level24_1/ijon_max/2
[1;94m[*] [0mFuzzing test case #1153 (1268 total, 0 uniq crashes found)...[0m
[1;94m[*] [0mFuzzing test case #1154 (1268 total, 0 uniq crashes found)...[0m
scheduled max input!!!!
schedule: 11 level24_1/ijon_max/11
[1;94m[*] [0mFuzzing test case #1155 (1268 total, 0 uniq crashes found)...[0m
scheduled normal input!!!!
[?25h[1;91m

+++ Testing aborted by user +++
[0m
[1;93m[!] [0mStopped during the first cycle, results may be incomplete.
    (For info on resuming, see docs/README.)
[1;92m[+] [0mWe're done here. Have a nice day!
[0m
srun: error: ubuntu-test: task 0: Exited with exit code 124
