srun: error: NodeNames=ubuntu-test CPUs=90 match no Sockets, Sockets*CoresPerSocket or Sockets*CoresPerSocket*ThreadsPerCore. Resetting CPUs.
[0;36mafl-fuzz [1;97m2.51b-ijon[0m by <lcamtuf@google.com>
[1;92m[+] [0mLooks like we're not running on a tty, so I'll be a bit less verbose.[0m
[1;92m[+] [0mYou have 96 CPU cores and 117 runnable tasks (utilization: 122%).[0m
[1;93m[!] [1;97mWARNING: [0mNot binding to a CPU core (AFL_NO_AFFINITY set).[0m
[1;94m[*] [0mChecking core_pattern...[0m
[1;94m[*] [0mSetting up output directories...[0m
importdir: level18_3/importsmax_dir: level18_3/ijon_max[1;94m[*] [0mScanning 'seeds'...[0m
[1;92m[+] [0mNo auto-generated dictionary tokens to reuse.[0m
[1;94m[*] [0mCreating hard links for all input files...[0m
[1;94m[*] [0mValidating target binary...[0m
[1;94m[*] [0mAttempting dry run with 'id:000000,orig:a'...[0m
[1;94m[*] [0mSpinning up the fork server...[0m
[1;92m[+] [0mAll right - fork server is up.[0m
[1;90m    len = 1, map size = 2477, exec speed = 17214 us
[0m[1;92m[+] [0mAll test cases processed.[0m

[1;93m[!] [1;97mWARNING: [0m[1;91mThe target binary is pretty slow! See docs/perf_tips.txt.[0m
[1;92m[+] [0mHere are some useful stats:

[1;90m    Test case count : [0m1 favored, 0 variable, 1 total
[1;90m       Bitmap range : [0m2477 to 2477 bits (average: 2477.00 bits)
[1;90m        Exec timing : [0m17.2k to 17.2k us (average: 17.2k us)
[0m
[1;92m[+] [0mAll set and ready to roll![0m
[1;94m[*] [0mEntering queue cycle 1.[0m
[1;94m[*] [0mFuzzing test case #0 (1 total, 0 uniq crashes found)...[0m
scheduled normal input!!!!
updated maxmap 11: 28 (len: 1)
updated maxmap 3: 28 (len: 32)
updated maxmap 4: 28 (len: 32)
updated maxmap 5: 28 (len: 32)
updated maxmap 4: 29 (len: 38)
updated maxmap 3: 29 (len: 36)
updated maxmap 3: 2b (len: 64)
updated maxmap 4: 2b (len: 64)
updated maxmap 5: 2b (len: 64)
updated maxmap 3: 2c (len: 65)
updated maxmap 4: 2c (len: 65)
updated maxmap 3: 2d (len: 62)
updated maxmap 4: 2e (len: 69)
updated maxmap 5: 33 (len: 69)
updated maxmap 6: 31 (len: 69)
updated maxmap 3: 2e (len: 74)
updated maxmap 4: 33 (len: 74)
updated maxmap 5: 37 (len: 74)
updated maxmap 6: 3a (len: 74)
updated maxmap 4: 3b (len: 56)
updated maxmap 5: 3a (len: 56)
updated maxmap 3: 2f (len: 69)
updated maxmap 4: 42 (len: 69)
updated maxmap 5: 40 (len: 69)
updated maxmap 6: 3b (len: 69)
updated maxmap 3: 30 (len: 48)
[1;94m[*] [0mFuzzing test case #1 (246 total, 0 uniq crashes found)...[0m
scheduled max input!!!!
schedule: 3 level18_3/ijon_max/3
updated maxmap 5: 45 (len: 94)
updated maxmap 6: 43 (len: 87)
updated maxmap 5: 47 (len: 97)
updated maxmap 6: 4c (len: 97)
updated maxmap 7: 4f (len: 97)
updated maxmap 3: 31 (len: 49)
updated maxmap 7: 50 (len: 79)
updated maxmap 3: 34 (len: 81)
updated maxmap 4: 51 (len: 70)
updated maxmap 3: 3f (len: 71)
updated maxmap 7: 51 (len: 77)
updated maxmap 5: 53 (len: 108)
updated maxmap 6: 6e (len: 108)
updated maxmap 7: 66 (len: 108)
updated maxmap 8: 61 (len: 108)
updated maxmap 5: 59 (len: 106)
updated maxmap 4: 56 (len: 121)
updated maxmap 4: 57 (len: 88)
updated maxmap 5: 5d (len: 88)
updated maxmap 5: 65 (len: 112)
updated maxmap 7: 71 (len: 112)
updated maxmap 8: 77 (len: 112)
updated maxmap 9: 7d (len: 112)
updated maxmap 10: 80 (len: 112)
updated maxmap 3: 4b (len: 104)
updated maxmap 6: 7d (len: 125)
[1;94m[*] [0mFuzzing test case #2 (355 total, 0 uniq crashes found)...[0m
[1;94m[*] [0mFuzzing test case #3 (355 total, 0 uniq crashes found)...[0m
scheduled max input!!!!
schedule: 5 level18_3/ijon_max/5
updated maxmap 11: 82 (len: 116)
updated maxmap 10: 81 (len: 116)
updated maxmap 4: 58 (len: 112)
updated maxmap 7: 72 (len: 112)
updated maxmap 5: 67 (len: 112)
updated maxmap 7: 73 (len: 112)
updated maxmap 8: 79 (len: 112)
updated maxmap 9: 7f (len: 112)
updated maxmap 10: 82 (len: 112)
updated maxmap 12: 82 (len: 116)
updated maxmap 13: 82 (len: 116)
updated maxmap 14: 83 (len: 116)
updated maxmap 8: 7a (len: 116)
updated maxmap 9: 80 (len: 116)
updated maxmap 5: 68 (len: 112)
updated maxmap 7: 74 (len: 112)
updated maxmap 13: 85 (len: 152)
updated maxmap 14: 8a (len: 152)
updated maxmap 15: 8d (len: 152)
updated maxmap 0: 86 (len: 171)
updated maxmap 7: 7a (len: 171)
updated maxmap 8: 80 (len: 171)
updated maxmap 9: 82 (len: 171)
updated maxmap 5: 6c (len: 129)
updated maxmap 10: 83 (len: 129)
updated maxmap 6: 86 (len: 120)
updated maxmap 6: 9a (len: 126)
updated maxmap 7: 95 (len: 126)
updated maxmap 8: 90 (len: 126)
updated maxmap 4: 60 (len: 159)
updated maxmap 5: 74 (len: 157)
updated maxmap 6: a8 (len: 157)
updated maxmap 7: ae (len: 157)
updated maxmap 8: b0 (len: 157)
updated maxmap 5: 77 (len: 120)
updated maxmap 6: c2 (len: 141)
updated maxmap 7: ca (len: 141)
updated maxmap 9: 83 (len: 146)
updated maxmap 5: 7b (len: 165)
updated maxmap 3: 4d (len: 119)
updated maxmap 4: 63 (len: 138)
updated maxmap 11: 83 (len: 130)
updated maxmap 8: b2 (len: 168)
updated maxmap 9: b8 (len: 168)
updated maxmap 10: bd (len: 168)
updated maxmap 3: 4f (len: 112)
updated maxmap 4: 67 (len: 116)
updated maxmap 12: 83 (len: 154)
updated maxmap 5: 7d (len: 143)
updated maxmap 5: 9c (len: 156)
updated maxmap 8: b5 (len: 190)
updated maxmap 9: bb (len: 190)
updated maxmap 10: c1 (len: 190)
updated maxmap 11: c2 (len: 190)
updated maxmap 12: c2 (len: 190)
updated maxmap 13: c2 (len: 190)
updated maxmap 14: c3 (len: 190)
updated maxmap 8: c1 (len: 166)
updated maxmap 4: 7e (len: 176)
updated maxmap 5: a1 (len: 160)
updated maxmap 0: 87 (len: 153)
updated maxmap 9: bf (len: 180)
updated maxmap 10: c3 (len: 180)
updated maxmap 11: c3 (len: 180)
updated maxmap 12: c3 (len: 180)
updated maxmap 13: c3 (len: 180)
updated maxmap 0: 88 (len: 200)
updated maxmap 9: c1 (len: 183)
updated maxmap 8: c4 (len: 157)
updated maxmap 3: 52 (len: 119)
updated maxmap 5: a7 (len: 145)
updated maxmap 4: 80 (len: 118)
[1;94m[*] [0mFuzzing test case #4 (497 total, 0 uniq crashes found)...[0m
scheduled max input!!!!
schedule: 14 level18_3/ijon_max/14
updated maxmap 0: c7 (len: 224)
updated maxmap 14: c4 (len: 224)
updated maxmap 15: c6 (len: 224)
updated maxmap 5: aa (len: 190)
updated maxmap 9: c2 (len: 190)
updated maxmap 6: c9 (len: 198)
updated maxmap 8: c5 (len: 211)
updated maxmap 5: b1 (len: 218)
updated maxmap 14: c5 (len: 212)
updated maxmap 13: c4 (len: 190)
updated maxmap 6: ff (len: 228)
updated maxmap 7: fa (len: 228)
updated maxmap 8: f4 (len: 228)
updated maxmap 0: c8 (len: 210)
updated maxmap 15: c7 (len: 210)
updated maxmap 9: c3 (len: 190)
updated maxmap 5: e7 (len: 200)
updated maxmap 6: 102 (len: 244)
updated maxmap 7: ff (len: 244)
updated maxmap 8: fa (len: 244)
updated maxmap 14: c6 (len: 190)
updated maxmap 15: c8 (len: 190)
updated maxmap 0: c9 (len: 193)
updated maxmap 15: c9 (len: 196)
updated maxmap 5: f1 (len: 207)
updated maxmap 3: 6b (len: 193)
updated maxmap 4: 81 (len: 218)
updated maxmap 8: 109 (len: 231)
updated maxmap 9: 10b (len: 231)
updated maxmap 13: c5 (len: 197)
updated maxmap 6: 111 (len: 215)
updated maxmap 5: f3 (len: 227)
updated maxmap 0: ca (len: 222)
updated maxmap 6: 112 (len: 233)
updated maxmap 7: 111 (len: 233)
updated maxmap 8: 111 (len: 233)
updated maxmap 9: 112 (len: 233)
updated maxmap 10: 11b (len: 213)
updated maxmap 11: 116 (len: 213)
updated maxmap 5: f6 (len: 204)
updated maxmap 4: a5 (len: 196)
updated maxmap 9: 131 (len: 247)
updated maxmap 10: 11d (len: 247)
updated maxmap 11: 117 (len: 247)
updated maxmap 14: c7 (len: 207)
updated maxmap 0: cb (len: 190)
updated maxmap 15: ca (len: 190)
updated maxmap 4: ab (len: 205)
updated maxmap 3: 6d (len: 226)
updated maxmap 4: bb (len: 223)
[1;94m[*] [0mFuzzing test case #5 (636 total, 0 uniq crashes found)...[0m
scheduled max input!!!!
schedule: 13 level18_3/ijon_max/13
[1;94m[*] [0mFuzzing test case #6 (636 total, 0 uniq crashes found)...[0m
scheduled max input!!!!
schedule: 0 level18_3/ijon_max/0
[1;94m[*] [0mFuzzing test case #7 (636 total, 0 uniq crashes found)...[0m
[1;94m[*] [0mFuzzing test case #8 (636 total, 0 uniq crashes found)...[0m
[1;94m[*] [0mFuzzing test case #9 (636 total, 0 uniq crashes found)...[0m
scheduled max input!!!!
schedule: 9 level18_3/ijon_max/9
updated maxmap 10: 11e (len: 247)
updated maxmap 11: 118 (len: 247)
updated maxmap 8: 112 (len: 265)
updated maxmap 10: 11f (len: 265)
updated maxmap 11: 11c (len: 265)
updated maxmap 9: 136 (len: 254)
updated maxmap 10: 139 (len: 254)
updated maxmap 11: 139 (len: 250)
updated maxmap 9: 142 (len: 249)
updated maxmap 10: 13c (len: 249)
updated maxmap 9: 143 (len: 252)
updated maxmap 10: 13e (len: 252)
updated maxmap 10: 13f (len: 250)
updated maxmap 11: 13b (len: 250)
updated maxmap 9: 14a (len: 254)
updated maxmap 11: 13d (len: 247)
updated maxmap 11: 13e (len: 247)
updated maxmap 11: 141 (len: 252)
updated maxmap 7: 112 (len: 252)
updated maxmap 10: 140 (len: 255)
updated maxmap 10: 142 (len: 259)
updated maxmap 10: 143 (len: 255)
updated maxmap 8: 11d (len: 255)
updated maxmap 9: 14e (len: 261)
updated maxmap 10: 154 (len: 261)
updated maxmap 9: 157 (len: 272)
updated maxmap 10: 15d (len: 272)
updated maxmap 5: f9 (len: 273)
updated maxmap 5: 111 (len: 283)
updated maxmap 0: cc (len: 255)
updated maxmap 15: cb (len: 255)
updated maxmap 8: 133 (len: 255)
updated maxmap 9: 16c (len: 255)
updated maxmap 11: 147 (len: 255)
updated maxmap 11: 148 (len: 247)
updated maxmap 8: 134 (len: 247)
updated maxmap 8: 135 (len: 247)
updated maxmap 11: 14a (len: 247)
updated maxmap 11: 150 (len: 248)
updated maxmap 8: 136 (len: 247)
updated maxmap 4: bd (len: 247)
updated maxmap 10: 16e (len: 247)
updated maxmap 11: 16d (len: 247)
updated maxmap 9: 16d (len: 255)
updated maxmap 8: 13b (len: 254)
updated maxmap 8: 14b (len: 255)
updated maxmap 8: 167 (len: 252)
updated maxmap 9: 16f (len: 257)
updated maxmap 3: 72 (len: 252)
updated maxmap 5: 112 (len: 261)
updated maxmap 7: 113 (len: 254)
updated maxmap 8: 18b (len: 248)
updated maxmap 9: 1d3 (len: 248)
updated maxmap 10: 1e9 (len: 248)
updated maxmap 11: 1e2 (len: 248)
updated maxmap 4: c7 (len: 262)
updated maxmap 8: 1a4 (len: 247)
updated maxmap 8: 1a6 (len: 247)
updated maxmap 7: 181 (len: 253)
updated maxmap 9: 1d4 (len: 247)
updated maxmap 8: 1ca (len: 247)
updated maxmap 9: 1d7 (len: 247)
updated maxmap 11: 1e6 (len: 247)
updated maxmap 8: 1ce (len: 247)
updated maxmap 9: 1d8 (len: 247)
updated maxmap 8: 1cf (len: 252)
updated maxmap 9: 1db (len: 252)
updated maxmap 11: 1ea (len: 252)
[1;94m[*] [0mFuzzing test case #10 (716 total, 0 uniq crashes found)...[0m
scheduled max input!!!!
schedule: 4 level18_3/ijon_max/4
updated maxmap 4: ca (len: 262)
updated maxmap 4: cb (len: 262)
updated maxmap 4: 112 (len: 269)
updated maxmap 4: 113 (len: 262)
updated maxmap 5: 113 (len: 262)
updated maxmap 6: 113 (len: 262)
updated maxmap 2: 18d (len: 264)
updated maxmap 3: 1ab (len: 264)
updated maxmap 4: 1a9 (len: 264)
updated maxmap 5: 114 (len: 262)
updated maxmap 2: 1b2 (len: 269)
updated maxmap 5: 1a1 (len: 270)
updated maxmap 6: 1a1 (len: 270)
updated maxmap 7: 1a1 (len: 270)
updated maxmap 1: 18a (len: 265)
updated maxmap 1: 1b2 (len: 262)
updated maxmap 2: 1f3 (len: 262)
updated maxmap 3: 1fd (len: 262)
updated maxmap 4: 203 (len: 262)
updated maxmap 5: 202 (len: 262)
updated maxmap 6: 1c1 (len: 269)
updated maxmap 7: 1c1 (len: 269)
updated maxmap 1: 1b6 (len: 264)
updated maxmap 2: 1f7 (len: 264)
updated maxmap 3: 200 (len: 264)
updated maxmap 4: 211 (len: 264)
updated maxmap 9: 1f4 (len: 262)
updated maxmap 10: 1fe (len: 262)
updated maxmap 11: 209 (len: 262)
updated maxmap 5: 204 (len: 262)
updated maxmap 1: 1fe (len: 262)
updated maxmap 2: 208 (len: 262)
updated maxmap 3: 20b (len: 262)
updated maxmap 1: 200 (len: 262)
updated maxmap 2: 20a (len: 262)
updated maxmap 3: 20c (len: 262)
updated maxmap 4: 213 (len: 270)
updated maxmap 9: 1f9 (len: 262)
updated maxmap 10: 202 (len: 262)
updated maxmap 11: 20a (len: 262)
updated maxmap 2: 219 (len: 267)
updated maxmap 3: 20f (len: 267)
updated maxmap 14: c8 (len: 269)
updated maxmap 2: 21c (len: 269)
updated maxmap 3: 212 (len: 269)
updated maxmap 2: 21e (len: 270)
updated maxmap 3: 214 (len: 270)
updated maxmap 9: 1fe (len: 262)
updated maxmap 10: 207 (len: 262)
updated maxmap 11: 20d (len: 262)
updated maxmap 9: 228 (len: 273)
updated maxmap 10: 22b (len: 273)
updated maxmap 2: 221 (len: 270)
updated maxmap 3: 223 (len: 270)
updated maxmap 6: 200 (len: 270)
updated maxmap 7: 200 (len: 270)
updated maxmap 4: 222 (len: 271)
updated maxmap 5: 222 (len: 271)
updated maxmap 8: 1e1 (len: 268)
updated maxmap 2: 222 (len: 270)
updated maxmap 4: 223 (len: 270)
updated maxmap 0: cd (len: 265)
updated maxmap 1: 205 (len: 271)
updated maxmap 1: 209 (len: 269)
updated maxmap 15: cc (len: 267)
[1;94m[*] [0mFuzzing test case #11 (792 total, 0 uniq crashes found)...[0m
scheduled max input!!!!
schedule: 10 level18_3/ijon_max/10
updated maxmap 9: 229 (len: 273)
updated maxmap 10: 22c (len: 273)
updated maxmap 9: 22a (len: 273)
updated maxmap 9: 22b (len: 274)
updated maxmap 10: 22e (len: 274)
updated maxmap 9: 22c (len: 274)
updated maxmap 8: 1f1 (len: 273)
updated maxmap 11: 21a (len: 273)
updated maxmap 9: 230 (len: 275)
updated maxmap 9: 233 (len: 277)
updated maxmap 9: 236 (len: 287)
updated maxmap 10: 23f (len: 287)
updated maxmap 11: 246 (len: 287)
updated maxmap 9: 237 (len: 292)
updated maxmap 10: 24b (len: 292)
updated maxmap 8: 21f (len: 275)
updated maxmap 8: 220 (len: 273)
updated maxmap 8: 22a (len: 285)
updated maxmap 8: 22b (len: 281)
updated maxmap 8: 22d (len: 288)
updated maxmap 0: ce (len: 273)
updated maxmap 15: cd (len: 273)
updated maxmap 9: 241 (len: 289)
updated maxmap 8: 25f (len: 301)
updated maxmap 9: 255 (len: 301)
[1;94m[*] [0mFuzzing test case #12 (818 total, 0 uniq crashes found)...[0m
scheduled max input!!!!
schedule: 8 level18_3/ijon_max/8
updated maxmap 9: 25c (len: 301)
updated maxmap 10: 257 (len: 301)
updated maxmap 11: 251 (len: 301)
updated maxmap 8: 264 (len: 301)
updated maxmap 8: 266 (len: 303)
updated maxmap 9: 262 (len: 301)
updated maxmap 9: 26b (len: 306)
updated maxmap 10: 26e (len: 306)
updated maxmap 11: 256 (len: 301)
updated maxmap 11: 259 (len: 301)
updated maxmap 8: 26c (len: 305)
updated maxmap 9: 26e (len: 305)
updated maxmap 8: 26f (len: 305)
updated maxmap 11: 25d (len: 303)
updated maxmap 9: 270 (len: 308)
updated maxmap 9: 271 (len: 310)
updated maxmap 10: 270 (len: 310)
updated maxmap 11: 268 (len: 310)
updated maxmap 8: 270 (len: 306)
updated maxmap 0: d5 (len: 316)
updated maxmap 13: c7 (len: 316)
updated maxmap 14: cd (len: 316)
updated maxmap 15: d3 (len: 316)
updated maxmap 8: 271 (len: 311)
[1;94m[*] [0mFuzzing test case #13 (849 total, 0 uniq crashes found)...[0m
scheduled max input!!!!
schedule: 3 level18_3/ijon_max/3
updated maxmap 3: 224 (len: 270)
updated maxmap 3: 225 (len: 270)
updated maxmap 2: 223 (len: 270)
[1;94m[*] [0mFuzzing test case #14 (850 total, 0 uniq crashes found)...[0m
[1;94m[*] [0mFuzzing test case #15 (850 total, 0 uniq crashes found)...[0m
scheduled max input!!!!
schedule: 9 level18_3/ijon_max/9
updated maxmap 9: 272 (len: 310)
updated maxmap 8: 272 (len: 312)
updated maxmap 11: 26d (len: 312)
updated maxmap 11: 270 (len: 317)
updated maxmap 10: 271 (len: 317)
updated maxmap 7: 270 (len: 317)
[1;94m[*] [0mFuzzing test case #16 (860 total, 0 uniq crashes found)...[0m
scheduled max input!!!!
schedule: 8 level18_3/ijon_max/8
[1;94m[*] [0mFuzzing test case #17 (860 total, 0 uniq crashes found)...[0m
scheduled max input!!!!
schedule: 12 level18_3/ijon_max/12
[1;94m[*] [0mFuzzing test case #18 (860 total, 0 uniq crashes found)...[0m
[1;94m[*] [0mFuzzing test case #19 (860 total, 0 uniq crashes found)...[0m
scheduled max input!!!!
schedule: 0 level18_3/ijon_max/0
updated maxmap 0: d6 (len: 316)
updated maxmap 13: c8 (len: 316)
updated maxmap 14: ce (len: 316)
updated maxmap 15: d4 (len: 316)
[1;94m[*] [0mFuzzing test case #20 (860 total, 0 uniq crashes found)...[0m
scheduled max input!!!!
schedule: 0 level18_3/ijon_max/0
[1;94m[*] [0mFuzzing test case #21 (861 total, 0 uniq crashes found)...[0m
scheduled max input!!!!
schedule: 15 level18_3/ijon_max/15
[1;94m[*] [0mFuzzing test case #22 (862 total, 0 uniq crashes found)...[0m
[1;94m[*] [0mFuzzing test case #23 (862 total, 0 uniq crashes found)...[0m
scheduled max input!!!!
schedule: 8 level18_3/ijon_max/8
[1;94m[*] [0mFuzzing test case #24 (862 total, 0 uniq crashes found)...[0m
scheduled max input!!!!
schedule: 3 level18_3/ijon_max/3
updated maxmap 2: 224 (len: 271)
updated maxmap 1: 211 (len: 270)
[1;94m[*] [0mFuzzing test case #25 (862 total, 0 uniq crashes found)...[0m
scheduled max input!!!!
schedule: 14 level18_3/ijon_max/14
[1;94m[*] [0mFuzzing test case #26 (862 total, 0 uniq crashes found)...[0m
scheduled max input!!!!
schedule: 5 level18_3/ijon_max/5
[1;94m[*] [0mFuzzing test case #27 (862 total, 0 uniq crashes found)...[0m
scheduled max input!!!!
schedule: 3 level18_3/ijon_max/3
updated maxmap 6: 201 (len: 270)
updated maxmap 2: 227 (len: 272)
updated maxmap 3: 22c (len: 278)
updated maxmap 4: 235 (len: 278)
[1;94m[*] [0mFuzzing test case #28 (862 total, 0 uniq crashes found)...[0m
scheduled max input!!!!
schedule: 4 level18_3/ijon_max/4
updated maxmap 2: 231 (len: 284)
updated maxmap 3: 23b (len: 284)
updated maxmap 4: 243 (len: 284)
[1;94m[*] [0mFuzzing test case #29 (862 total, 0 uniq crashes found)...[0m
scheduled max input!!!!
schedule: 5 level18_3/ijon_max/5
[1;94m[*] [0mFuzzing test case #30 (862 total, 0 uniq crashes found)...[0m
scheduled max input!!!!
schedule: 5 level18_3/ijon_max/5
[1;94m[*] [0mFuzzing test case #31 (862 total, 0 uniq crashes found)...[0m
scheduled max input!!!!
schedule: 6 level18_3/ijon_max/6
updated maxmap 2: 234 (len: 277)
[1;94m[*] [0mFuzzing test case #32 (862 total, 0 uniq crashes found)...[0m
scheduled max input!!!!
schedule: 3 level18_3/ijon_max/3
updated maxmap 4: 24b (len: 289)
updated maxmap 2: 236 (len: 300)
updated maxmap 3: 240 (len: 300)
[1;94m[*] [0mFuzzing test case #33 (862 total, 0 uniq crashes found)...[0m
scheduled max input!!!!
schedule: 13 level18_3/ijon_max/13
[1;94m[*] [0mFuzzing test case #34 (862 total, 0 uniq crashes found)...[0m
scheduled max input!!!!
schedule: 6 level18_3/ijon_max/6
[1;94m[*] [0mFuzzing test case #35 (862 total, 0 uniq crashes found)...[0m
scheduled max input!!!!
schedule: 4 level18_3/ijon_max/4
updated maxmap 4: 250 (len: 291)
updated maxmap 1: 21d (len: 289)
updated maxmap 2: 251 (len: 294)
updated maxmap 3: 24e (len: 294)
[1;94m[*] [0mFuzzing test case #36 (862 total, 0 uniq crashes found)...[0m
scheduled max input!!!!
schedule: 13 level18_3/ijon_max/13
[1;94m[*] [0mFuzzing test case #37 (862 total, 0 uniq crashes found)...[0m
scheduled max input!!!!
schedule: 13 level18_3/ijon_max/13
[1;94m[*] [0mFuzzing test case #38 (862 total, 0 uniq crashes found)...[0m
scheduled max input!!!!
schedule: 1 level18_3/ijon_max/1
updated maxmap 6: 220 (len: 289)
updated maxmap 1: 21f (len: 289)
updated maxmap 1: 220 (len: 289)
updated maxmap 1: 25b (len: 294)
updated maxmap 2: 253 (len: 294)
[1;94m[*] [0mFuzzing test case #39 (862 total, 0 uniq crashes found)...[0m
[1;94m[*] [0mFuzzing test case #40 (862 total, 0 uniq crashes found)...[0m
scheduled max input!!!!
schedule: 4 level18_3/ijon_max/4
updated maxmap 4: 25b (len: 297)
updated maxmap 2: 260 (len: 295)
updated maxmap 3: 258 (len: 295)
updated maxmap 2: 264 (len: 298)
updated maxmap 3: 25d (len: 298)
[1;94m[*] [0mFuzzing test case #41 (862 total, 0 uniq crashes found)...[0m
scheduled max input!!!!
schedule: 11 level18_3/ijon_max/11
updated maxmap 7: 271 (len: 318)
[1;94m[*] [0mFuzzing test case #42 (862 total, 0 uniq crashes found)...[0m
scheduled max input!!!!
schedule: 2 level18_3/ijon_max/2
updated maxmap 2: 266 (len: 298)
updated maxmap 3: 25f (len: 298)
updated maxmap 2: 267 (len: 298)
updated maxmap 3: 260 (len: 298)
updated maxmap 3: 270 (len: 304)
updated maxmap 4: 277 (len: 304)
updated maxmap 1: 265 (len: 298)
updated maxmap 2: 26a (len: 300)
[1;94m[*] [0mFuzzing test case #43 (864 total, 0 uniq crashes found)...[0m
scheduled max input!!!!
schedule: 15 level18_3/ijon_max/15
[1;94m[*] [0mFuzzing test case #44 (864 total, 0 uniq crashes found)...[0m
scheduled max input!!!!
schedule: 0 level18_3/ijon_max/0
[1;94m[*] [0mFuzzing test case #45 (864 total, 0 uniq crashes found)...[0m
scheduled max input!!!!
schedule: 2 level18_3/ijon_max/2
updated maxmap 2: 26b (len: 300)
updated maxmap 1: 271 (len: 306)
updated maxmap 2: 278 (len: 306)
updated maxmap 5: 223 (len: 302)
updated maxmap 3: 276 (len: 307)
updated maxmap 4: 27d (len: 307)
updated maxmap 3: 278 (len: 309)
updated maxmap 4: 27f (len: 309)
updated maxmap 3: 27b (len: 305)
updated maxmap 3: 27c (len: 306)
updated maxmap 3: 27e (len: 308)
updated maxmap 1: 273 (len: 308)
updated maxmap 2: 27d (len: 308)
updated maxmap 3: 27f (len: 307)
updated maxmap 4: 280 (len: 307)
updated maxmap 4: 282 (len: 308)
[1;94m[*] [0mFuzzing test case #46 (882 total, 0 uniq crashes found)...[0m
scheduled max input!!!!
schedule: 2 level18_3/ijon_max/2
updated maxmap 3: 287 (len: 312)
updated maxmap 1: 274 (len: 308)
updated maxmap 2: 27e (len: 308)
updated maxmap 8: 27b (len: 308)
updated maxmap 2: 27f (len: 308)
updated maxmap 2: 280 (len: 309)
updated maxmap 1: 276 (len: 308)
updated maxmap 2: 288 (len: 316)
updated maxmap 2: 289 (len: 311)
updated maxmap 2: 297 (len: 316)
updated maxmap 2: 29b (len: 322)
updated maxmap 9: 273 (len: 308)
updated maxmap 10: 272 (len: 308)
updated maxmap 3: 289 (len: 316)
updated maxmap 4: 286 (len: 312)
[1;94m[*] [0mFuzzing test case #47 (892 total, 0 uniq crashes found)...[0m
scheduled max input!!!!
schedule: 10 level18_3/ijon_max/10
[1;94m[*] [0mFuzzing test case #48 (892 total, 0 uniq crashes found)...[0m
scheduled max input!!!!
schedule: 8 level18_3/ijon_max/8
updated maxmap 8: 27c (len: 308)
updated maxmap 7: 280 (len: 308)
[1;94m[*] [0mFuzzing test case #49 (892 total, 0 uniq crashes found)...[0m
scheduled max input!!!!
schedule: 5 level18_3/ijon_max/5
updated maxmap 6: 221 (len: 302)
[1;94m[*] [0mFuzzing test case #50 (892 total, 0 uniq crashes found)...[0m
[1;94m[*] [0mFuzzing test case #51 (892 total, 0 uniq crashes found)...[0m
[1;94m[*] [0mFuzzing test case #52 (892 total, 0 uniq crashes found)...[0m
scheduled max input!!!!
schedule: 12 level18_3/ijon_max/12
[1;94m[*] [0mFuzzing test case #53 (892 total, 0 uniq crashes found)...[0m
scheduled max input!!!!
schedule: 14 level18_3/ijon_max/14
[1;94m[*] [0mFuzzing test case #54 (892 total, 0 uniq crashes found)...[0m
scheduled max input!!!!
schedule: 11 level18_3/ijon_max/11
updated maxmap 9: 274 (len: 317)
[1;94m[*] [0mFuzzing test case #55 (892 total, 0 uniq crashes found)...[0m
scheduled max input!!!!
schedule: 2 level18_3/ijon_max/2
updated maxmap 3: 28e (len: 322)
updated maxmap 4: 288 (len: 322)
updated maxmap 2: 29d (len: 323)
updated maxmap 4: 289 (len: 322)
updated maxmap 2: 2a0 (len: 322)
updated maxmap 2: 2a4 (len: 324)
updated maxmap 3: 290 (len: 324)
updated maxmap 2: 2a9 (len: 326)
updated maxmap 3: 29a (len: 326)
updated maxmap 4: 292 (len: 326)
updated maxmap 3: 29b (len: 322)
updated maxmap 4: 293 (len: 322)
updated maxmap 3: 29d (len: 324)
updated maxmap 4: 296 (len: 324)
updated maxmap 3: 2a3 (len: 328)
updated maxmap 4: 29b (len: 328)
updated maxmap 2: 2ae (len: 328)
updated maxmap 1: 27d (len: 322)
updated maxmap 4: 29c (len: 322)
updated maxmap 2: 2cc (len: 346)
updated maxmap 3: 2d3 (len: 346)
updated maxmap 4: 29f (len: 346)
updated maxmap 1: 27e (len: 322)
updated maxmap 4: 2a8 (len: 336)
updated maxmap 4: 2ac (len: 330)
[1;94m[*] [0mFuzzing test case #56 (909 total, 0 uniq crashes found)...[0m
[1;94m[*] [0mFuzzing test case #57 (909 total, 0 uniq crashes found)...[0m
scheduled max input!!!!
schedule: 7 level18_3/ijon_max/7
updated maxmap 7: 283 (len: 310)
[1;94m[*] [0mFuzzing test case #58 (909 total, 0 uniq crashes found)...[0m
scheduled max input!!!!
schedule: 9 level18_3/ijon_max/9
[1;94m[*] [0mFuzzing test case #59 (909 total, 0 uniq crashes found)...[0m
[1;94m[*] [0mFuzzing test case #60 (909 total, 0 uniq crashes found)...[0m
scheduled max input!!!!
schedule: 14 level18_3/ijon_max/14
[1;94m[*] [0mFuzzing test case #61 (909 total, 0 uniq crashes found)...[0m
scheduled max input!!!!
schedule: 0 level18_3/ijon_max/0
[1;94m[*] [0mFuzzing test case #62 (910 total, 0 uniq crashes found)...[0m
scheduled max input!!!!
schedule: 13 level18_3/ijon_max/13
[1;94m[*] [0mFuzzing test case #63 (910 total, 0 uniq crashes found)...[0m
[1;94m[*] [0mFuzzing test case #64 (910 total, 0 uniq crashes found)...[0m
scheduled max input!!!!
schedule: 1 level18_3/ijon_max/1
updated maxmap 1: 27f (len: 322)
updated maxmap 1: 28d (len: 329)
updated maxmap 1: 28e (len: 322)
updated maxmap 1: 297 (len: 326)
updated maxmap 1: 2a1 (len: 331)
[1;94m[*] [0mFuzzing test case #65 (911 total, 0 uniq crashes found)...[0m
scheduled max input!!!!
schedule: 7 level18_3/ijon_max/7
updated maxmap 7: 284 (len: 310)
updated maxmap 7: 286 (len: 312)
updated maxmap 11: 271 (len: 310)
updated maxmap 8: 27d (len: 310)
[1;94m[*] [0mFuzzing test case #66 (912 total, 0 uniq crashes found)...[0m
[1;94m[*] [0mFuzzing test case #67 (912 total, 0 uniq crashes found)...[0m
[1;94m[*] [0mFuzzing test case #68 (912 total, 0 uniq crashes found)...[0m
scheduled max input!!!!
schedule: 3 level18_3/ijon_max/3
updated maxmap 2: 2ce (len: 346)
updated maxmap 3: 2d6 (len: 346)
updated maxmap 1: 2ba (len: 346)
updated maxmap 4: 2d2 (len: 346)
updated maxmap 2: 2de (len: 354)
updated maxmap 3: 2e6 (len: 354)
updated maxmap 4: 2d5 (len: 346)
updated maxmap 1: 2cd (len: 346)
updated maxmap 2: 2e3 (len: 356)
updated maxmap 4: 2d8 (len: 356)
updated maxmap 4: 2de (len: 352)
updated maxmap 4: 2e2 (len: 355)
updated maxmap 3: 2f0 (len: 359)
updated maxmap 4: 2ee (len: 359)
updated maxmap 1: 2cf (len: 348)
[1;94m[*] [0mFuzzing test case #69 (944 total, 0 uniq crashes found)...[0m
scheduled max input!!!!
schedule: 5 level18_3/ijon_max/5
[1;94m[*] [0mFuzzing test case #70 (944 total, 0 uniq crashes found)...[0m
[1;94m[*] [0mFuzzing test case #71 (944 total, 0 uniq crashes found)...[0m
[1;94m[*] [0mFuzzing test case #72 (944 total, 0 uniq crashes found)...[0m
scheduled max input!!!!
schedule: 7 level18_3/ijon_max/7
updated maxmap 8: 27e (len: 312)
[1;94m[*] [0mFuzzing test case #73 (944 total, 0 uniq crashes found)...[0m
scheduled max input!!!!
schedule: 12 level18_3/ijon_max/12
[1;94m[*] [0mFuzzing test case #74 (944 total, 0 uniq crashes found)...[0m
scheduled max input!!!!
schedule: 15 level18_3/ijon_max/15
[1;94m[*] [0mFuzzing test case #75 (944 total, 0 uniq crashes found)...[0m
scheduled max input!!!!
schedule: 8 level18_3/ijon_max/8
updated maxmap 8: 280 (len: 312)
updated maxmap 6: 283 (len: 312)
[1;94m[*] [0mFuzzing test case #76 (944 total, 0 uniq crashes found)...[0m
scheduled max input!!!!
schedule: 6 level18_3/ijon_max/6
updated maxmap 6: 284 (len: 312)
updated maxmap 6: 285 (len: 312)
updated maxmap 6: 286 (len: 312)
updated maxmap 6: 28a (len: 320)
[1;94m[*] [0mFuzzing test case #77 (944 total, 0 uniq crashes found)...[0m
scheduled max input!!!!
schedule: 6 level18_3/ijon_max/6
updated maxmap 6: 28c (len: 321)
[1;94m[*] [0mFuzzing test case #78 (944 total, 0 uniq crashes found)...[0m
scheduled max input!!!!
schedule: 11 level18_3/ijon_max/11
updated maxmap 11: 272 (len: 310)
[1;94m[*] [0mFuzzing test case #79 (944 total, 0 uniq crashes found)...[0m
scheduled max input!!!!
schedule: 4 level18_3/ijon_max/4
updated maxmap 10: 273 (len: 359)
updated maxmap 3: 2f1 (len: 360)
updated maxmap 4: 2f0 (len: 360)
updated maxmap 4: 2f1 (len: 360)
updated maxmap 2: 302 (len: 366)
updated maxmap 3: 2fb (len: 366)
updated maxmap 4: 2f4 (len: 366)
updated maxmap 3: 2fd (len: 369)
updated maxmap 4: 307 (len: 369)
updated maxmap 1: 2e8 (len: 365)
updated maxmap 3: 302 (len: 367)
updated maxmap 2: 308 (len: 370)
updated maxmap 1: 2ee (len: 359)
[1;94m[*] [0mFuzzing test case #80 (964 total, 0 uniq crashes found)...[0m
[1;94m[*] [0mFuzzing test case #81 (964 total, 0 uniq crashes found)...[0m
scheduled max input!!!!
schedule: 1 level18_3/ijon_max/1
updated maxmap 1: 2f5 (len: 363)
[1;94m[*] [0mFuzzing test case #82 (964 total, 0 uniq crashes found)...[0m
[1;94m[*] [0mFuzzing test case #83 (964 total, 0 uniq crashes found)...[0m
scheduled max input!!!!
schedule: 10 level18_3/ijon_max/10
[1;94m[*] [0mFuzzing test case #84 (964 total, 0 uniq crashes found)...[0m
scheduled max input!!!!
schedule: 13 level18_3/ijon_max/13
[1;94m[*] [0mFuzzing test case #85 (964 total, 0 uniq crashes found)...[0m
scheduled max input!!!!
schedule: 9 level18_3/ijon_max/9
[1;94m[*] [0mFuzzing test case #86 (964 total, 0 uniq crashes found)...[0m
[1;94m[*] [0mFuzzing test case #87 (964 total, 0 uniq crashes found)...[0m
scheduled max input!!!!
schedule: 12 level18_3/ijon_max/12
[1;94m[*] [0mFuzzing test case #88 (964 total, 0 uniq crashes found)...[0m
scheduled max input!!!!
schedule: 13 level18_3/ijon_max/13
[1;94m[*] [0mFuzzing test case #89 (964 total, 0 uniq crashes found)...[0m
[1;94m[*] [0mFuzzing test case #90 (964 total, 0 uniq crashes found)...[0m
scheduled max input!!!!
schedule: 2 level18_3/ijon_max/2
updated maxmap 3: 307 (len: 370)
updated maxmap 2: 310 (len: 375)
updated maxmap 3: 317 (len: 375)
updated maxmap 4: 31f (len: 378)
updated maxmap 1: 301 (len: 370)
updated maxmap 2: 314 (len: 375)
updated maxmap 2: 318 (len: 378)
updated maxmap 3: 31b (len: 378)
updated maxmap 1: 308 (len: 370)
updated maxmap 2: 329 (len: 393)
[1;94m[*] [0mFuzzing test case #91 (983 total, 0 uniq crashes found)...[0m
scheduled max input!!!!
schedule: 9 level18_3/ijon_max/9
[1;94m[*] [0mFuzzing test case #92 (983 total, 0 uniq crashes found)...[0m
[1;94m[*] [0mFuzzing test case #93 (983 total, 0 uniq crashes found)...[0m
scheduled max input!!!!
schedule: 14 level18_3/ijon_max/14
[1;94m[*] [0mFuzzing test case #94 (983 total, 0 uniq crashes found)...[0m
scheduled max input!!!!
schedule: 15 level18_3/ijon_max/15
[1;94m[*] [0mFuzzing test case #95 (983 total, 0 uniq crashes found)...[0m
[1;94m[*] [0mFuzzing test case #96 (983 total, 0 uniq crashes found)...[0m
[1;94m[*] [0mFuzzing test case #97 (983 total, 0 uniq crashes found)...[0m
scheduled max input!!!!
schedule: 8 level18_3/ijon_max/8
[1;94m[*] [0mFuzzing test case #98 (983 total, 0 uniq crashes found)...[0m
scheduled max input!!!!
schedule: 13 level18_3/ijon_max/13
[1;94m[*] [0mFuzzing test case #99 (983 total, 0 uniq crashes found)...[0m
scheduled max input!!!!
schedule: 0 level18_3/ijon_max/0
[1;94m[*] [0mFuzzing test case #100 (983 total, 0 uniq crashes found)...[0m
scheduled max input!!!!
schedule: 8 level18_3/ijon_max/8
[1;94m[*] [0mFuzzing test case #101 (984 total, 0 uniq crashes found)...[0m
scheduled max input!!!!
schedule: 1 level18_3/ijon_max/1
updated maxmap 1: 309 (len: 370)
[1;94m[*] [0mFuzzing test case #102 (984 total, 0 uniq crashes found)...[0m
scheduled max input!!!!
schedule: 5 level18_3/ijon_max/5
[1;94m[*] [0mFuzzing test case #103 (984 total, 0 uniq crashes found)...[0m
scheduled max input!!!!
schedule: 10 level18_3/ijon_max/10
updated maxmap 6: 299 (len: 359)
updated maxmap 7: 2a3 (len: 359)
updated maxmap 8: 2ac (len: 359)
updated maxmap 9: 2f0 (len: 359)
updated maxmap 10: 2d8 (len: 359)
updated maxmap 11: 2d2 (len: 359)
updated maxmap 6: 29a (len: 359)
updated maxmap 8: 2ad (len: 359)
updated maxmap 9: 2f1 (len: 359)
updated maxmap 10: 2d9 (len: 359)
updated maxmap 11: 2d3 (len: 359)
updated maxmap 7: 2a4 (len: 367)
updated maxmap 8: 2ae (len: 367)
updated maxmap 10: 303 (len: 367)
updated maxmap 11: 301 (len: 367)
updated maxmap 6: 29c (len: 359)
updated maxmap 7: 2a6 (len: 359)
updated maxmap 8: 2b0 (len: 359)
updated maxmap 9: 2f2 (len: 359)
[1;94m[*] [0mFuzzing test case #104 (985 total, 0 uniq crashes found)...[0m
[1;94m[*] [0mFuzzing test case #105 (985 total, 0 uniq crashes found)...[0m
scheduled max input!!!!
schedule: 13 level18_3/ijon_max/13
[1;94m[*] [0mFuzzing test case #106 (985 total, 0 uniq crashes found)...[0m
[1;94m[*] [0mFuzzing test case #107 (985 total, 0 uniq crashes found)...[0m
[1;94m[*] [0mFuzzing test case #108 (985 total, 0 uniq crashes found)...[0m
scheduled max input!!!!
schedule: 3 level18_3/ijon_max/3
updated maxmap 3: 31c (len: 378)
updated maxmap 3: 323 (len: 383)
updated maxmap 4: 328 (len: 383)
[1;94m[*] [0mFuzzing test case #109 (986 total, 0 uniq crashes found)...[0m
[1;94m[*] [0mFuzzing test case #110 (986 total, 0 uniq crashes found)...[0m
scheduled max input!!!!
schedule: 11 level18_3/ijon_max/11
updated maxmap 10: 307 (len: 367)
updated maxmap 11: 305 (len: 367)
[1;94m[*] [0mFuzzing test case #111 (986 total, 0 uniq crashes found)...[0m
scheduled max input!!!!
schedule: 10 level18_3/ijon_max/10
[1;94m[*] [0mFuzzing test case #112 (986 total, 0 uniq crashes found)...[0m
[1;94m[*] [0mFuzzing test case #113 (986 total, 0 uniq crashes found)...[0m
scheduled max input!!!!
schedule: 4 level18_3/ijon_max/4
updated maxmap 3: 326 (len: 383)
updated maxmap 4: 32b (len: 383)
updated maxmap 3: 32a (len: 383)
updated maxmap 2: 33e (len: 391)
updated maxmap 3: 32d (len: 391)
updated maxmap 3: 334 (len: 387)
updated maxmap 4: 32d (len: 387)
updated maxmap 2: 34a (len: 396)
updated maxmap 1: 30b (len: 383)
updated maxmap 3: 335 (len: 388)
updated maxmap 4: 332 (len: 388)
updated maxmap 3: 337 (len: 390)
updated maxmap 4: 33a (len: 390)
updated maxmap 1: 31b (len: 383)
updated maxmap 3: 339 (len: 390)
updated maxmap 4: 33b (len: 391)
[1;94m[*] [0mFuzzing test case #114 (1000 total, 0 uniq crashes found)...[0m
[1;94m[*] [0mFuzzing test case #115 (1000 total, 0 uniq crashes found)...[0m
scheduled max input!!!!
schedule: 14 level18_3/ijon_max/14
[1;94m[*] [0mFuzzing test case #116 (1000 total, 0 uniq crashes found)...[0m
scheduled max input!!!!
schedule: 0 level18_3/ijon_max/0
[1;94m[*] [0mFuzzing test case #117 (1000 total, 0 uniq crashes found)...[0m
scheduled max input!!!!
schedule: 1 level18_3/ijon_max/1
updated maxmap 1: 327 (len: 390)
[1;94m[*] [0mFuzzing test case #118 (1001 total, 0 uniq crashes found)...[0m
scheduled max input!!!!
schedule: 4 level18_3/ijon_max/4
updated maxmap 4: 33c (len: 391)
updated maxmap 3: 344 (len: 399)
updated maxmap 4: 34a (len: 399)
updated maxmap 3: 34c (len: 399)
updated maxmap 4: 34c (len: 398)
updated maxmap 3: 352 (len: 404)
updated maxmap 1: 328 (len: 391)
updated maxmap 1: 32e (len: 394)
updated maxmap 4: 34d (len: 399)
updated maxmap 5: 299 (len: 391)
updated maxmap 6: 2a0 (len: 391)
[1;94m[*] [0mFuzzing test case #119 (1017 total, 0 uniq crashes found)...[0m
scheduled max input!!!!
schedule: 4 level18_3/ijon_max/4
updated maxmap 4: 34e (len: 399)
updated maxmap 4: 34f (len: 399)
[1;94m[*] [0mFuzzing test case #120 (1017 total, 0 uniq crashes found)...[0m
scheduled max input!!!!
schedule: 0 level18_3/ijon_max/0
[1;94m[*] [0mFuzzing test case #121 (1017 total, 0 uniq crashes found)...[0m
scheduled max input!!!!
schedule: 0 level18_3/ijon_max/0
[1;94m[*] [0mFuzzing test case #122 (1017 total, 0 uniq crashes found)...[0m
scheduled max input!!!!
schedule: 5 level18_3/ijon_max/5
[1;94m[*] [0mFuzzing test case #123 (1017 total, 0 uniq crashes found)...[0m
[1;94m[*] [0mFuzzing test case #124 (1017 total, 0 uniq crashes found)...[0m
scheduled max input!!!!
schedule: 11 level18_3/ijon_max/11
updated maxmap 9: 2f4 (len: 367)
updated maxmap 10: 308 (len: 368)
updated maxmap 11: 306 (len: 368)
updated maxmap 7: 2a7 (len: 367)
updated maxmap 11: 307 (len: 367)
updated maxmap 7: 2a8 (len: 367)
updated maxmap 8: 2b2 (len: 367)
updated maxmap 11: 309 (len: 367)
updated maxmap 9: 306 (len: 374)
[1;94m[*] [0mFuzzing test case #125 (1017 total, 0 uniq crashes found)...[0m
[1;94m[*] [0mFuzzing test case #126 (1017 total, 0 uniq crashes found)...[0m
scheduled max input!!!!
schedule: 2 level18_3/ijon_max/2
updated maxmap 4: 355 (len: 400)
[1;94m[*] [0mFuzzing test case #127 (1017 total, 0 uniq crashes found)...[0m
scheduled max input!!!!
schedule: 6 level18_3/ijon_max/6
updated maxmap 5: 29f (len: 391)
updated maxmap 6: 2a6 (len: 391)
updated maxmap 7: 2ac (len: 391)
updated maxmap 6: 2a7 (len: 391)
updated maxmap 7: 2ad (len: 391)
updated maxmap 8: 2b3 (len: 391)
[1;94m[*] [0mFuzzing test case #128 (1017 total, 0 uniq crashes found)...[0m
scheduled max input!!!!
schedule: 11 level18_3/ijon_max/11
updated maxmap 11: 30d (len: 373)
updated maxmap 9: 314 (len: 374)
updated maxmap 10: 30e (len: 374)
updated maxmap 8: 2b4 (len: 370)
updated maxmap 9: 315 (len: 375)
[1;94m[*] [0mFuzzing test case #129 (1017 total, 0 uniq crashes found)...[0m
scheduled max input!!!!
schedule: 15 level18_3/ijon_max/15
[1;94m[*] [0mFuzzing test case #130 (1017 total, 0 uniq crashes found)...[0m
scheduled max input!!!!
schedule: 15 level18_3/ijon_max/15
[1;94m[*] [0mFuzzing test case #131 (1017 total, 0 uniq crashes found)...[0m
scheduled max input!!!!
schedule: 8 level18_3/ijon_max/8
updated maxmap 8: 2b5 (len: 370)
updated maxmap 9: 319 (len: 376)
updated maxmap 10: 312 (len: 376)
[1;94m[*] [0mFuzzing test case #132 (1017 total, 0 uniq crashes found)...[0m
scheduled max input!!!!
schedule: 4 level18_3/ijon_max/4
updated maxmap 4: 356 (len: 400)
updated maxmap 4: 357 (len: 400)
updated maxmap 2: 355 (len: 400)
updated maxmap 3: 35c (len: 406)
updated maxmap 3: 360 (len: 408)
updated maxmap 4: 35a (len: 408)
updated maxmap 2: 35e (len: 404)
updated maxmap 2: 365 (len: 407)
updated maxmap 1: 331 (len: 400)
updated maxmap 4: 362 (len: 408)
updated maxmap 1: 342 (len: 403)
[1;94m[*] [0mFuzzing test case #133 (1020 total, 0 uniq crashes found)...[0m
scheduled normal input!!!!
[1;94m[*] [0mFuzzing test case #134 (1020 total, 0 uniq crashes found)...[0m
scheduled max input!!!!
schedule: 3 level18_3/ijon_max/3
updated maxmap 3: 363 (len: 414)
updated maxmap 4: 370 (len: 414)
updated maxmap 3: 365 (len: 410)
updated maxmap 3: 366 (len: 411)
updated maxmap 2: 373 (len: 415)
updated maxmap 3: 36c (len: 415)
[1;94m[*] [0mFuzzing test case #135 (1021 total, 0 uniq crashes found)...[0m
[1;94m[*] [0mFuzzing test case #136 (1021 total, 0 uniq crashes found)...[0m
scheduled max input!!!!
schedule: 13 level18_3/ijon_max/13
[1;94m[*] [0mFuzzing test case #137 (1021 total, 0 uniq crashes found)...[0m
scheduled max input!!!!
schedule: 4 level18_3/ijon_max/4
updated maxmap 2: 385 (len: 422)
updated maxmap 3: 36f (len: 422)
updated maxmap 1: 378 (len: 414)
updated maxmap 4: 372 (len: 414)
updated maxmap 4: 373 (len: 414)
updated maxmap 4: 374 (len: 414)
updated maxmap 3: 371 (len: 414)
updated maxmap 1: 379 (len: 414)
updated maxmap 4: 375 (len: 414)
updated maxmap 1: 37d (len: 416)
updated maxmap 4: 376 (len: 414)
updated maxmap 3: 376 (len: 414)
updated maxmap 3: 37b (len: 420)
updated maxmap 4: 383 (len: 420)
updated maxmap 3: 37c (len: 416)
updated maxmap 3: 37d (len: 417)
updated maxmap 3: 382 (len: 419)
updated maxmap 2: 393 (len: 429)
updated maxmap 3: 398 (len: 429)
updated maxmap 4: 387 (len: 421)
[1;94m[*] [0mFuzzing test case #138 (1041 total, 0 uniq crashes found)...[0m
scheduled max input!!!!
schedule: 4 level18_3/ijon_max/4
updated maxmap 4: 388 (len: 421)
[1;94m[*] [0mFuzzing test case #139 (1041 total, 0 uniq crashes found)...[0m
scheduled max input!!!!
schedule: 0 level18_3/ijon_max/0
[1;94m[*] [0mFuzzing test case #140 (1041 total, 0 uniq crashes found)...[0m
[1;94m[*] [0mFuzzing test case #141 (1041 total, 0 uniq crashes found)...[0m
scheduled max input!!!!
schedule: 10 level18_3/ijon_max/10
updated maxmap 9: 31a (len: 376)
updated maxmap 10: 313 (len: 376)
updated maxmap 11: 312 (len: 376)
[1;94m[*] [0mFuzzing test case #142 (1041 total, 0 uniq crashes found)...[0m
scheduled max input!!!!
schedule: 0 level18_3/ijon_max/0
[1;94m[*] [0mFuzzing test case #143 (1041 total, 0 uniq crashes found)...[0m
[1;94m[*] [0mFuzzing test case #144 (1041 total, 0 uniq crashes found)...[0m
scheduled max input!!!!
schedule: 2 level18_3/ijon_max/2
updated maxmap 2: 397 (len: 430)
updated maxmap 3: 39c (len: 430)
updated maxmap 2: 3b7 (len: 441)
updated maxmap 3: 3ab (len: 441)
updated maxmap 4: 3a3 (len: 441)
updated maxmap 4: 3a7 (len: 435)
updated maxmap 8: 398 (len: 440)
updated maxmap 9: 3a4 (len: 440)
updated maxmap 10: 3ae (len: 440)
updated maxmap 11: 381 (len: 440)
updated maxmap 1: 382 (len: 429)
updated maxmap 1: 383 (len: 429)
updated maxmap 1: 384 (len: 429)
[1;94m[*] [0mFuzzing test case #145 (1065 total, 0 uniq crashes found)...[0m
scheduled max input!!!!
schedule: 7 level18_3/ijon_max/7
updated maxmap 5: 2a0 (len: 391)
[1;94m[*] [0mFuzzing test case #146 (1065 total, 0 uniq crashes found)...[0m
scheduled max input!!!!
schedule: 2 level18_3/ijon_max/2
updated maxmap 2: 3ba (len: 441)
updated maxmap 3: 3ad (len: 441)
updated maxmap 2: 3bb (len: 441)
updated maxmap 3: 3ae (len: 441)
updated maxmap 2: 3bf (len: 445)
updated maxmap 3: 3b3 (len: 445)
updated maxmap 4: 3ac (len: 445)
updated maxmap 2: 3c6 (len: 448)
updated maxmap 3: 3c8 (len: 448)
updated maxmap 2: 3c8 (len: 448)
updated maxmap 4: 3ae (len: 441)
updated maxmap 2: 3ca (len: 449)
updated maxmap 1: 385 (len: 441)
updated maxmap 3: 3cd (len: 453)
updated maxmap 4: 3d4 (len: 453)
updated maxmap 2: 3ce (len: 450)
updated maxmap 1: 388 (len: 441)
updated maxmap 1: 3c2 (len: 448)
updated maxmap 2: 3eb (len: 463)
updated maxmap 3: 3e1 (len: 463)
updated maxmap 4: 3d9 (len: 463)
[1;94m[*] [0mFuzzing test case #147 (1081 total, 0 uniq crashes found)...[0m
scheduled max input!!!!
schedule: 12 level18_3/ijon_max/12
[1;94m[*] [0mFuzzing test case #148 (1081 total, 0 uniq crashes found)...[0m
scheduled max input!!!!
schedule: 1 level18_3/ijon_max/1
updated maxmap 1: 3c5 (len: 451)
updated maxmap 1: 3c7 (len: 448)
[1;94m[*] [0mFuzzing test case #149 (1082 total, 0 uniq crashes found)...[0m
scheduled max input!!!!
schedule: 1 level18_3/ijon_max/1
updated maxmap 1: 3c8 (len: 448)
updated maxmap 1: 3c9 (len: 448)
updated maxmap 1: 3ca (len: 449)
updated maxmap 1: 3cb (len: 452)
updated maxmap 1: 3d9 (len: 454)
updated maxmap 4: 3dc (len: 455)
updated maxmap 4: 3e0 (len: 456)
updated maxmap 3: 3eb (len: 461)
updated maxmap 4: 3e4 (len: 461)
updated maxmap 1: 3db (len: 455)
updated maxmap 6: 2ab (len: 448)
updated maxmap 7: 2b0 (len: 448)
[1;94m[*] [0mFuzzing test case #150 (1095 total, 0 uniq crashes found)...[0m
scheduled max input!!!!
schedule: 7 level18_3/ijon_max/7
updated maxmap 6: 2ae (len: 448)
updated maxmap 6: 2b0 (len: 448)
updated maxmap 6: 2b1 (len: 448)
updated maxmap 5: 2ac (len: 455)
[1;94m[*] [0mFuzzing test case #151 (1095 total, 0 uniq crashes found)...[0m
scheduled max input!!!!
schedule: 4 level18_3/ijon_max/4
updated maxmap 4: 3f1 (len: 464)
updated maxmap 4: 3fc (len: 469)
updated maxmap 3: 3ec (len: 462)
updated maxmap 3: 3f3 (len: 467)
updated maxmap 1: 3f1 (len: 473)
updated maxmap 2: 3fc (len: 473)
updated maxmap 3: 406 (len: 473)
updated maxmap 2: 3fd (len: 469)
updated maxmap 4: 3fd (len: 469)
updated maxmap 1: 3fa (len: 469)
[1;94m[*] [0mFuzzing test case #152 (1111 total, 0 uniq crashes found)...[0m
scheduled max input!!!!
schedule: 11 level18_3/ijon_max/11
updated maxmap 9: 3b4 (len: 441)
updated maxmap 11: 3a5 (len: 441)
updated maxmap 8: 3c0 (len: 449)
updated maxmap 9: 3c5 (len: 449)
[1;94m[*] [0mFuzzing test case #153 (1113 total, 0 uniq crashes found)...[0m
scheduled max input!!!!
schedule: 10 level18_3/ijon_max/10
[1;94m[*] [0mFuzzing test case #154 (1113 total, 0 uniq crashes found)...[0m
scheduled max input!!!!
schedule: 3 level18_3/ijon_max/3
updated maxmap 3: 407 (len: 473)
updated maxmap 2: 3fe (len: 473)
updated maxmap 3: 408 (len: 473)
updated maxmap 2: 41c (len: 485)
updated maxmap 3: 41e (len: 485)
updated maxmap 4: 401 (len: 482)
updated maxmap 1: 408 (len: 481)
updated maxmap 4: 40d (len: 481)
[1;94m[*] [0mFuzzing test case #155 (1125 total, 0 uniq crashes found)...[0m
scheduled max input!!!!
schedule: 3 level18_3/ijon_max/3
updated maxmap 4: 41e (len: 485)
updated maxmap 3: 41f (len: 485)
updated maxmap 3: 424 (len: 489)
updated maxmap 4: 429 (len: 489)
updated maxmap 2: 41e (len: 485)
updated maxmap 3: 425 (len: 489)
updated maxmap 4: 42a (len: 489)
updated maxmap 1: 409 (len: 492)
updated maxmap 2: 433 (len: 492)
updated maxmap 3: 42b (len: 492)
updated maxmap 1: 40b (len: 485)
updated maxmap 1: 423 (len: 497)
updated maxmap 3: 43e (len: 497)
updated maxmap 4: 43b (len: 497)
updated maxmap 1: 428 (len: 487)
updated maxmap 1: 42e (len: 491)
updated maxmap 2: 436 (len: 493)
updated maxmap 1: 435 (len: 492)
updated maxmap 2: 437 (len: 496)
updated maxmap 3: 442 (len: 497)
[1;94m[*] [0mFuzzing test case #156 (1139 total, 0 uniq crashes found)...[0m
scheduled max input!!!!
schedule: 1 level18_3/ijon_max/1
updated maxmap 1: 444 (len: 500)
updated maxmap 2: 43d (len: 500)
updated maxmap 2: 445 (len: 500)
updated maxmap 5: 2af (len: 501)
updated maxmap 7: 2b1 (len: 501)
updated maxmap 3: 443 (len: 501)
updated maxmap 4: 43f (len: 501)
updated maxmap 3: 452 (len: 505)
updated maxmap 4: 44e (len: 505)
[1;94m[*] [0mFuzzing test case #157 (1148 total, 0 uniq crashes found)...[0m
scheduled max input!!!!
schedule: 11 level18_3/ijon_max/11
[1;94m[*] [0mFuzzing test case #158 (1148 total, 0 uniq crashes found)...[0m
[1;94m[*] [0mFuzzing test case #159 (1148 total, 0 uniq crashes found)...[0m
scheduled max input!!!!
schedule: 13 level18_3/ijon_max/13
[1;94m[*] [0mFuzzing test case #160 (1148 total, 0 uniq crashes found)...[0m
[1;94m[*] [0mFuzzing test case #161 (1148 total, 0 uniq crashes found)...[0m
scheduled max input!!!!
schedule: 2 level18_3/ijon_max/2
updated maxmap 2: 446 (len: 500)
updated maxmap 2: 44a (len: 504)
[1;94m[*] [0mFuzzing test case #162 (1148 total, 0 uniq crashes found)...[0m
scheduled max input!!!!
schedule: 1 level18_3/ijon_max/1
updated maxmap 1: 445 (len: 500)
updated maxmap 2: 44c (len: 503)
updated maxmap 1: 447 (len: 500)
updated maxmap 1: 44f (len: 505)
[1;94m[*] [0mFuzzing test case #163 (1148 total, 0 uniq crashes found)...[0m
scheduled max input!!!!
schedule: 8 level18_3/ijon_max/8
updated maxmap 8: 3c2 (len: 450)
updated maxmap 9: 3c7 (len: 450)
updated maxmap 11: 3a6 (len: 450)
[1;94m[*] [0mFuzzing test case #164 (1148 total, 0 uniq crashes found)...[0m
[1;94m[*] [0mFuzzing test case #165 (1148 total, 0 uniq crashes found)...[0m
scheduled max input!!!!
schedule: 13 level18_3/ijon_max/13
[1;94m[*] [0mFuzzing test case #166 (1148 total, 0 uniq crashes found)...[0m
scheduled max input!!!!
schedule: 0 level18_3/ijon_max/0
[1;94m[*] [0mFuzzing test case #167 (1148 total, 0 uniq crashes found)...[0m
scheduled max input!!!!
schedule: 10 level18_3/ijon_max/10
updated maxmap 9: 3c8 (len: 450)
updated maxmap 10: 3b9 (len: 450)
updated maxmap 11: 3b2 (len: 450)
updated maxmap 11: 3b4 (len: 442)
[1;94m[*] [0mFuzzing test case #168 (1148 total, 0 uniq crashes found)...[0m
scheduled max input!!!!
schedule: 12 level18_3/ijon_max/12
[1;94m[*] [0mFuzzing test case #169 (1148 total, 0 uniq crashes found)...[0m
scheduled max input!!!!
schedule: 2 level18_3/ijon_max/2
updated maxmap 2: 44d (len: 503)
[1;94m[*] [0mFuzzing test case #170 (1148 total, 0 uniq crashes found)...[0m
[1;94m[*] [0mFuzzing test case #171 (1148 total, 0 uniq crashes found)...[0m
scheduled max input!!!!
schedule: 11 level18_3/ijon_max/11
updated maxmap 8: 3c4 (len: 450)
updated maxmap 9: 3c9 (len: 450)
updated maxmap 11: 3b5 (len: 442)
[1;94m[*] [0mFuzzing test case #172 (1148 total, 0 uniq crashes found)...[0m
scheduled max input!!!!
schedule: 3 level18_3/ijon_max/3
updated maxmap 3: 453 (len: 505)
updated maxmap 2: 467 (len: 518)
updated maxmap 3: 456 (len: 506)
updated maxmap 4: 451 (len: 506)
updated maxmap 4: 452 (len: 505)
updated maxmap 3: 460 (len: 511)
updated maxmap 4: 45d (len: 511)
[1;94m[*] [0mFuzzing test case #173 (1149 total, 0 uniq crashes found)...[0m
scheduled max input!!!!
schedule: 15 level18_3/ijon_max/15
[1;94m[*] [0mFuzzing test case #174 (1149 total, 0 uniq crashes found)...[0m
scheduled max input!!!!
schedule: 6 level18_3/ijon_max/6
[1;94m[*] [0mFuzzing test case #175 (1150 total, 0 uniq crashes found)...[0m
[1;94m[*] [0mFuzzing test case #176 (1150 total, 0 uniq crashes found)...[0m
scheduled max input!!!!
schedule: 10 level18_3/ijon_max/10
[1;94m[*] [0mFuzzing test case #177 (1150 total, 0 uniq crashes found)...[0m
[1;94m[*] [0mFuzzing test case #178 (1150 total, 0 uniq crashes found)...[0m
scheduled max input!!!!
schedule: 0 level18_3/ijon_max/0
[1;94m[*] [0mFuzzing test case #179 (1150 total, 0 uniq crashes found)...[0m
scheduled max input!!!!
schedule: 0 level18_3/ijon_max/0
[1;94m[*] [0mFuzzing test case #180 (1150 total, 0 uniq crashes found)...[0m
scheduled max input!!!!
schedule: 1 level18_3/ijon_max/1
updated maxmap 1: 451 (len: 505)
updated maxmap 1: 458 (len: 510)
[1;94m[*] [0mFuzzing test case #181 (1150 total, 0 uniq crashes found)...[0m
scheduled max input!!!!
schedule: 14 level18_3/ijon_max/14
[1;94m[*] [0mFuzzing test case #182 (1150 total, 0 uniq crashes found)...[0m
scheduled max input!!!!
schedule: 2 level18_3/ijon_max/2
updated maxmap 3: 463 (len: 530)
updated maxmap 4: 461 (len: 530)
updated maxmap 2: 470 (len: 523)
updated maxmap 3: 476 (len: 525)
updated maxmap 2: 472 (len: 524)
updated maxmap 2: 474 (len: 524)
updated maxmap 2: 487 (len: 531)
updated maxmap 4: 469 (len: 531)
updated maxmap 4: 46c (len: 523)
updated maxmap 4: 46f (len: 521)
updated maxmap 4: 476 (len: 526)
updated maxmap 1: 45a (len: 532)
updated maxmap 4: 478 (len: 532)
updated maxmap 3: 47d (len: 524)
updated maxmap 4: 480 (len: 524)
[1;94m[*] [0mFuzzing test case #183 (1164 total, 0 uniq crashes found)...[0m
scheduled max input!!!!
schedule: 1 level18_3/ijon_max/1
updated maxmap 1: 45b (len: 532)
updated maxmap 1: 461 (len: 532)
updated maxmap 1: 462 (len: 532)
updated maxmap 1: 467 (len: 535)
updated maxmap 3: 47e (len: 535)
updated maxmap 1: 468 (len: 532)
updated maxmap 1: 46b (len: 532)
[1;94m[*] [0mFuzzing test case #184 (1164 total, 0 uniq crashes found)...[0m
scheduled max input!!!!
schedule: 3 level18_3/ijon_max/3
updated maxmap 1: 477 (len: 536)
updated maxmap 3: 48d (len: 536)
updated maxmap 4: 490 (len: 536)
updated maxmap 1: 479 (len: 535)
updated maxmap 3: 48f (len: 535)
updated maxmap 3: 490 (len: 535)
updated maxmap 1: 47a (len: 535)
updated maxmap 3: 491 (len: 535)
updated maxmap 1: 47c (len: 535)
updated maxmap 2: 488 (len: 535)
updated maxmap 3: 492 (len: 535)
updated maxmap 2: 489 (len: 535)
updated maxmap 3: 493 (len: 535)
updated maxmap 2: 490 (len: 535)
updated maxmap 1: 480 (len: 537)
updated maxmap 3: 497 (len: 537)
updated maxmap 1: 481 (len: 535)
updated maxmap 1: 482 (len: 535)
updated maxmap 2: 49f (len: 539)
updated maxmap 1: 484 (len: 537)
updated maxmap 3: 4a0 (len: 541)
updated maxmap 4: 49d (len: 541)
updated maxmap 1: 48d (len: 535)
updated maxmap 2: 4a2 (len: 543)
updated maxmap 4: 4a0 (len: 541)
[1;94m[*] [0mFuzzing test case #185 (1168 total, 0 uniq crashes found)...[0m
[1;94m[*] [0mFuzzing test case #186 (1168 total, 0 uniq crashes found)...[0m
scheduled max input!!!!
schedule: 7 level18_3/ijon_max/7
[1;94m[*] [0mFuzzing test case #187 (1168 total, 0 uniq crashes found)...[0m
scheduled max input!!!!
schedule: 2 level18_3/ijon_max/2
updated maxmap 1: 4ab (len: 546)
updated maxmap 2: 4ad (len: 546)
minimized maxmap 1: 4ab (len: 545)
updated maxmap 1: 4b5 (len: 551)
updated maxmap 2: 4b3 (len: 551)
updated maxmap 3: 4a9 (len: 551)
updated maxmap 4: 4a2 (len: 551)
minimized maxmap 4: 4a2 (len: 543)
updated maxmap 4: 4a4 (len: 551)
updated maxmap 4: 4ab (len: 545)
updated maxmap 4: 4bb (len: 551)
updated maxmap 5: 4bf (len: 551)
updated maxmap 3: 4aa (len: 549)
updated maxmap 3: 4ab (len: 548)
updated maxmap 3: 4af (len: 549)
updated maxmap 3: 4b9 (len: 554)
updated maxmap 4: 4c2 (len: 554)
minimized maxmap 2: 4b3 (len: 549)
minimized maxmap 3: 4b9 (len: 550)
[1;94m[*] [0mFuzzing test case #188 (1182 total, 0 uniq crashes found)...[0m
[1;94m[*] [0mFuzzing test case #189 (1182 total, 0 uniq crashes found)...[0m
scheduled max input!!!!
schedule: 6 level18_3/ijon_max/6
[1;94m[*] [0mFuzzing test case #190 (1185 total, 0 uniq crashes found)...[0m
scheduled max input!!!!
schedule: 1 level18_3/ijon_max/1
updated maxmap 5: 4c0 (len: 553)
updated maxmap 2: 4b4 (len: 558)
[1;94m[*] [0mFuzzing test case #191 (1185 total, 0 uniq crashes found)...[0m
scheduled max input!!!!
schedule: 15 level18_3/ijon_max/15
[1;94m[*] [0mFuzzing test case #192 (1185 total, 0 uniq crashes found)...[0m
scheduled normal input!!!!
[1;94m[*] [0mFuzzing test case #193 (1185 total, 0 uniq crashes found)...[0m
scheduled max input!!!!
schedule: 11 level18_3/ijon_max/11
updated maxmap 11: 3b6 (len: 442)
[1;94m[*] [0mFuzzing test case #194 (1185 total, 0 uniq crashes found)...[0m
[1;94m[*] [0mFuzzing test case #195 (1185 total, 0 uniq crashes found)...[0m
scheduled max input!!!!
schedule: 5 level18_3/ijon_max/5
updated maxmap 5: 4c2 (len: 553)
updated maxmap 6: 4c6 (len: 558)
updated maxmap 7: 4cd (len: 558)
updated maxmap 6: 4cc (len: 561)
updated maxmap 3: 4ba (len: 562)
updated maxmap 1: 4bc (len: 564)
updated maxmap 2: 4b9 (len: 564)
updated maxmap 5: 4c4 (len: 559)
updated maxmap 6: 4ce (len: 559)
updated maxmap 3: 4bc (len: 562)
updated maxmap 2: 4bf (len: 560)
updated maxmap 3: 4bf (len: 560)
minimized maxmap 5: 4c4 (len: 556)
updated maxmap 5: 4c6 (len: 557)
[1;94m[*] [0mFuzzing test case #196 (1188 total, 0 uniq crashes found)...[0m
scheduled max input!!!!
schedule: 14 level18_3/ijon_max/14
[1;94m[*] [0mFuzzing test case #197 (1188 total, 0 uniq crashes found)...[0m
scheduled max input!!!!
schedule: 4 level18_3/ijon_max/4
updated maxmap 4: 4c3 (len: 554)
updated maxmap 5: 4cb (len: 560)
updated maxmap 6: 4d0 (len: 560)
[1;94m[*] [0mFuzzing test case #198 (1188 total, 0 uniq crashes found)...[0m
scheduled max input!!!!
schedule: 4 level18_3/ijon_max/4
[1;94m[*] [0mFuzzing test case #199 (1189 total, 0 uniq crashes found)...[0m
scheduled max input!!!!
schedule: 3 level18_3/ijon_max/3
updated maxmap 1: 4bf (len: 568)
updated maxmap 2: 4c0 (len: 568)
updated maxmap 3: 4c0 (len: 560)
updated maxmap 6: 4ef (len: 575)
updated maxmap 7: 4e5 (len: 575)
updated maxmap 8: 4de (len: 575)
minimized maxmap 2: 4c0 (len: 561)
minimized maxmap 2: 4c0 (len: 560)
updated maxmap 2: 4c1 (len: 574)
updated maxmap 3: 4c1 (len: 560)
updated maxmap 3: 4c2 (len: 560)
minimized maxmap 1: 4bf (len: 560)
minimized maxmap 2: 4c1 (len: 564)
updated maxmap 5: 4cc (len: 574)
[1;94m[*] [0mFuzzing test case #200 (1200 total, 0 uniq crashes found)...[0m
scheduled max input!!!!
schedule: 9 level18_3/ijon_max/9
updated maxmap 9: 3cb (len: 450)
updated maxmap 10: 3bf (len: 450)
updated maxmap 11: 3b8 (len: 450)
updated maxmap 10: 3ca (len: 450)
[1;94m[*] [0mFuzzing test case #201 (1200 total, 0 uniq crashes found)...[0m
[1;94m[*] [0mFuzzing test case #202 (1200 total, 0 uniq crashes found)...[0m
scheduled max input!!!!
schedule: 7 level18_3/ijon_max/7
updated maxmap 6: 4f0 (len: 575)
updated maxmap 7: 4e6 (len: 575)
updated maxmap 8: 4df (len: 575)
updated maxmap 7: 4e7 (len: 575)
updated maxmap 6: 4f2 (len: 575)
updated maxmap 7: 4e9 (len: 575)
updated maxmap 8: 4e1 (len: 575)
updated maxmap 6: 4f4 (len: 575)
updated maxmap 6: 4f9 (len: 582)
updated maxmap 8: 4e2 (len: 575)
updated maxmap 6: 4fd (len: 582)
updated maxmap 7: 4ea (len: 576)
updated maxmap 8: 4e6 (len: 576)
updated maxmap 8: 4e7 (len: 575)
minimized maxmap 7: 4ea (len: 575)
updated maxmap 8: 4e8 (len: 575)
updated maxmap 5: 4cd (len: 578)
updated maxmap 7: 4ec (len: 578)
updated maxmap 8: 4ea (len: 578)
updated maxmap 7: 4ed (len: 578)
minimized maxmap 5: 4cd (len: 575)
[1;94m[*] [0mFuzzing test case #203 (1202 total, 0 uniq crashes found)...[0m
[1;94m[*] [0mFuzzing test case #204 (1202 total, 0 uniq crashes found)...[0m
scheduled max input!!!!
schedule: 0 level18_3/ijon_max/0
[1;94m[*] [0mFuzzing test case #205 (1202 total, 0 uniq crashes found)...[0m
scheduled max input!!!!
schedule: 4 level18_3/ijon_max/4
[1;94m[*] [0mFuzzing test case #206 (1202 total, 0 uniq crashes found)...[0m
scheduled max input!!!!
schedule: 12 level18_3/ijon_max/12
[1;94m[*] [0mFuzzing test case #207 (1202 total, 0 uniq crashes found)...[0m
scheduled max input!!!!
schedule: 15 level18_3/ijon_max/15
[1;94m[*] [0mFuzzing test case #208 (1202 total, 0 uniq crashes found)...[0m
scheduled max input!!!!
schedule: 13 level18_3/ijon_max/13
[1;94m[*] [0mFuzzing test case #209 (1202 total, 0 uniq crashes found)...[0m
scheduled max input!!!!
schedule: 2 level18_3/ijon_max/2
[1;94m[*] [0mFuzzing test case #210 (1202 total, 0 uniq crashes found)...[0m
scheduled max input!!!!
schedule: 15 level18_3/ijon_max/15
[1;94m[*] [0mFuzzing test case #211 (1202 total, 0 uniq crashes found)...[0m
scheduled max input!!!!
schedule: 6 level18_3/ijon_max/6
updated maxmap 6: 4fe (len: 582)
updated maxmap 6: 500 (len: 582)
updated maxmap 6: 501 (len: 582)
[1;94m[*] [0mFuzzing test case #212 (1202 total, 0 uniq crashes found)...[0m
scheduled max input!!!!
schedule: 10 level18_3/ijon_max/10
updated maxmap 11: 3c4 (len: 450)
updated maxmap 9: 3ce (len: 455)
updated maxmap 10: 3d3 (len: 455)
[1;94m[*] [0mFuzzing test case #213 (1202 total, 0 uniq crashes found)...[0m
scheduled max input!!!!
schedule: 2 level18_3/ijon_max/2
[1;94m[*] [0mFuzzing test case #214 (1202 total, 0 uniq crashes found)...[0m
scheduled max input!!!!
schedule: 8 level18_3/ijon_max/8
[1;94m[*] [0mFuzzing test case #215 (1202 total, 0 uniq crashes found)...[0m
scheduled max input!!!!
schedule: 12 level18_3/ijon_max/12
[1;94m[*] [0mFuzzing test case #216 (1202 total, 0 uniq crashes found)...[0m
scheduled max input!!!!
schedule: 6 level18_3/ijon_max/6
[1;94m[*] [0mFuzzing test case #217 (1202 total, 0 uniq crashes found)...[0m
scheduled max input!!!!
schedule: 14 level18_3/ijon_max/14
[1;94m[*] [0mFuzzing test case #218 (1202 total, 0 uniq crashes found)...[0m
scheduled max input!!!!
schedule: 5 level18_3/ijon_max/5
updated maxmap 8: 4ee (len: 579)
[1;94m[*] [0mFuzzing test case #219 (1202 total, 0 uniq crashes found)...[0m
scheduled max input!!!!
schedule: 10 level18_3/ijon_max/10
updated maxmap 9: 3d0 (len: 455)
updated maxmap 10: 3d5 (len: 455)
updated maxmap 9: 3d1 (len: 455)
updated maxmap 10: 3d6 (len: 455)
updated maxmap 9: 3d2 (len: 455)
updated maxmap 10: 3d7 (len: 455)
[1;94m[*] [0mFuzzing test case #220 (1202 total, 0 uniq crashes found)...[0m
scheduled max input!!!!
schedule: 6 level18_3/ijon_max/6
updated maxmap 7: 4f0 (len: 582)
updated maxmap 6: 502 (len: 582)
updated maxmap 6: 50a (len: 587)
updated maxmap 5: 506 (len: 587)
updated maxmap 6: 50b (len: 587)
updated maxmap 4: 4ff (len: 582)
updated maxmap 5: 507 (len: 586)
updated maxmap 7: 512 (len: 590)
updated maxmap 5: 50d (len: 589)
updated maxmap 5: 50e (len: 589)
updated maxmap 9: 4be (len: 587)
updated maxmap 10: 4be (len: 587)
updated maxmap 11: 4bd (len: 587)
updated maxmap 9: 4bf (len: 590)
updated maxmap 11: 4be (len: 590)
[1;94m[*] [0mFuzzing test case #221 (1213 total, 0 uniq crashes found)...[0m
scheduled max input!!!!
schedule: 2 level18_3/ijon_max/2
[1;94m[*] [0mFuzzing test case #222 (1213 total, 0 uniq crashes found)...[0m
scheduled max input!!!!
schedule: 4 level18_3/ijon_max/4
updated maxmap 4: 507 (len: 586)
updated maxmap 7: 514 (len: 594)
[1;94m[*] [0mFuzzing test case #223 (1214 total, 0 uniq crashes found)...[0m
scheduled max input!!!!
schedule: 3 level18_3/ijon_max/3
[1;94m[*] [0mFuzzing test case #224 (1214 total, 0 uniq crashes found)...[0m
scheduled max input!!!!
schedule: 8 level18_3/ijon_max/8
[1;94m[*] [0mFuzzing test case #225 (1214 total, 0 uniq crashes found)...[0m
scheduled max input!!!!
schedule: 4 level18_3/ijon_max/4
updated maxmap 4: 508 (len: 586)
[1;94m[*] [0mFuzzing test case #226 (1214 total, 0 uniq crashes found)...[0m
scheduled normal input!!!!
[1;94m[*] [0mFuzzing test case #227 (1214 total, 0 uniq crashes found)...[0m
[1;94m[*] [0mFuzzing test case #228 (1214 total, 0 uniq crashes found)...[0m
scheduled max input!!!!
schedule: 9 level18_3/ijon_max/9
[1;94m[*] [0mFuzzing test case #229 (1214 total, 0 uniq crashes found)...[0m
scheduled max input!!!!
schedule: 7 level18_3/ijon_max/7
updated maxmap 7: 515 (len: 594)
updated maxmap 6: 50d (len: 603)
updated maxmap 7: 517 (len: 603)
updated maxmap 6: 50e (len: 599)
updated maxmap 8: 4f1 (len: 599)
updated maxmap 5: 514 (len: 602)
updated maxmap 8: 4f6 (len: 599)
[1;94m[*] [0mFuzzing test case #230 (1220 total, 0 uniq crashes found)...[0m
scheduled max input!!!!
schedule: 2 level18_3/ijon_max/2
[1;94m[*] [0mFuzzing test case #231 (1220 total, 0 uniq crashes found)...[0m
scheduled max input!!!!
schedule: 13 level18_3/ijon_max/13
[1;94m[*] [0mFuzzing test case #232 (1220 total, 0 uniq crashes found)...[0m
[1;94m[*] [0mFuzzing test case #233 (1220 total, 0 uniq crashes found)...[0m
scheduled max input!!!!
schedule: 10 level18_3/ijon_max/10
minimized maxmap 9: 4bf (len: 587)
minimized maxmap 11: 4be (len: 587)
[1;94m[*] [0mFuzzing test case #234 (1220 total, 0 uniq crashes found)...[0m
scheduled max input!!!!
schedule: 14 level18_3/ijon_max/14
[1;94m[*] [0mFuzzing test case #235 (1220 total, 0 uniq crashes found)...[0m
scheduled max input!!!!
schedule: 12 level18_3/ijon_max/12
[1;94m[*] [0mFuzzing test case #236 (1220 total, 0 uniq crashes found)...[0m
scheduled max input!!!!
schedule: 6 level18_3/ijon_max/6
updated maxmap 6: 513 (len: 599)
updated maxmap 5: 515 (len: 601)
updated maxmap 6: 518 (len: 601)
[1;94m[*] [0mFuzzing test case #237 (1220 total, 0 uniq crashes found)...[0m
scheduled max input!!!!
schedule: 9 level18_3/ijon_max/9
[1;94m[*] [0mFuzzing test case #238 (1220 total, 0 uniq crashes found)...[0m
scheduled max input!!!!
schedule: 5 level18_3/ijon_max/5
updated maxmap 5: 517 (len: 601)
updated maxmap 6: 519 (len: 601)
updated maxmap 6: 51a (len: 601)
updated maxmap 5: 51c (len: 604)
updated maxmap 6: 51f (len: 604)
updated maxmap 1: 4c3 (len: 606)
updated maxmap 2: 4c2 (len: 606)
[1;94m[*] [0mFuzzing test case #239 (1220 total, 0 uniq crashes found)...[0m
scheduled normal input!!!!
[1;94m[*] [0mFuzzing test case #240 (1220 total, 0 uniq crashes found)...[0m
scheduled max input!!!!
schedule: 6 level18_3/ijon_max/6
updated maxmap 5: 51d (len: 604)
updated maxmap 6: 520 (len: 604)
updated maxmap 8: 50c (len: 609)
[1;94m[*] [0mFuzzing test case #241 (1220 total, 0 uniq crashes found)...[0m
scheduled max input!!!!
schedule: 1 level18_3/ijon_max/1
updated maxmap 8: 50e (len: 606)
updated maxmap 9: 53c (len: 606)
updated maxmap 10: 530 (len: 606)
updated maxmap 11: 529 (len: 606)
updated maxmap 8: 516 (len: 611)
updated maxmap 9: 545 (len: 611)
updated maxmap 10: 538 (len: 611)
updated maxmap 11: 531 (len: 611)
minimized maxmap 10: 538 (len: 609)
minimized maxmap 11: 531 (len: 609)
updated maxmap 7: 51f (len: 606)
updated maxmap 8: 529 (len: 606)
updated maxmap 10: 53b (len: 606)
updated maxmap 11: 537 (len: 608)
updated maxmap 1: 4c6 (len: 606)
updated maxmap 2: 4c5 (len: 606)
updated maxmap 9: 54a (len: 611)
updated maxmap 10: 53d (len: 611)
updated maxmap 7: 521 (len: 606)
updated maxmap 8: 52b (len: 606)
updated maxmap 7: 527 (len: 609)
updated maxmap 8: 531 (len: 609)
updated maxmap 10: 543 (len: 609)
updated maxmap 11: 53a (len: 606)
updated maxmap 9: 54d (len: 615)
updated maxmap 11: 540 (len: 610)
updated maxmap 7: 52a (len: 611)
updated maxmap 8: 534 (len: 611)
updated maxmap 10: 546 (len: 611)
updated maxmap 1: 4c7 (len: 606)
updated maxmap 2: 4c6 (len: 606)
minimized maxmap 9: 54d (len: 611)
[1;94m[*] [0mFuzzing test case #242 (1233 total, 0 uniq crashes found)...[0m
scheduled max input!!!!
schedule: 2 level18_3/ijon_max/2
updated maxmap 8: 545 (len: 613)
[1;94m[*] [0mFuzzing test case #243 (1233 total, 0 uniq crashes found)...[0m
scheduled max input!!!!
schedule: 0 level18_3/ijon_max/0
[1;94m[*] [0mFuzzing test case #244 (1233 total, 0 uniq crashes found)...[0m
scheduled max input!!!!
schedule: 5 level18_3/ijon_max/5
updated maxmap 4: 517 (len: 604)
updated maxmap 5: 521 (len: 604)
updated maxmap 6: 527 (len: 609)
minimized maxmap 7: 52a (len: 609)
updated maxmap 4: 51b (len: 607)
updated maxmap 5: 525 (len: 607)
minimized maxmap 4: 51b (len: 604)
[1;94m[*] [0mFuzzing test case #245 (1233 total, 0 uniq crashes found)...[0m
scheduled max input!!!!
schedule: 6 level18_3/ijon_max/6
updated maxmap 6: 528 (len: 609)
[1;94m[*] [0mFuzzing test case #246 (1233 total, 0 uniq crashes found)...[0m
scheduled max input!!!!
schedule: 4 level18_3/ijon_max/4
[1;94m[*] [0mFuzzing test case #247 (1233 total, 0 uniq crashes found)...[0m
[1;94m[*] [0mFuzzing test case #248 (1233 total, 0 uniq crashes found)...[0m
scheduled max input!!!!
schedule: 0 level18_3/ijon_max/0
[1;94m[*] [0mFuzzing test case #249 (1233 total, 0 uniq crashes found)...[0m
[1;94m[*] [0mFuzzing test case #250 (1233 total, 0 uniq crashes found)...[0m
scheduled max input!!!!
schedule: 7 level18_3/ijon_max/7
updated maxmap 7: 531 (len: 615)
[1;94m[*] [0mFuzzing test case #251 (1233 total, 0 uniq crashes found)...[0m
scheduled max input!!!!
schedule: 6 level18_3/ijon_max/6
updated maxmap 6: 529 (len: 609)
updated maxmap 6: 52a (len: 610)
[1;94m[*] [0mFuzzing test case #252 (1233 total, 0 uniq crashes found)...[0m
[1;94m[*] [0mFuzzing test case #253 (1233 total, 0 uniq crashes found)...[0m
scheduled max input!!!!
schedule: 15 level18_3/ijon_max/15
[1;94m[*] [0mFuzzing test case #254 (1233 total, 0 uniq crashes found)...[0m
scheduled max input!!!!
schedule: 2 level18_3/ijon_max/2
updated maxmap 10: 548 (len: 618)
updated maxmap 11: 542 (len: 618)
[1;94m[*] [0mFuzzing test case #255 (1234 total, 0 uniq crashes found)...[0m
[1;94m[*] [0mFuzzing test case #256 (1234 total, 0 uniq crashes found)...[0m
scheduled max input!!!!
schedule: 1 level18_3/ijon_max/1
[1;94m[*] [0mFuzzing test case #257 (1234 total, 0 uniq crashes found)...[0m
scheduled max input!!!!
schedule: 3 level18_3/ijon_max/3
[1;94m[*] [0mFuzzing test case #258 (1234 total, 0 uniq crashes found)...[0m
scheduled max input!!!!
schedule: 11 level18_3/ijon_max/11
updated maxmap 9: 54e (len: 618)
updated maxmap 10: 549 (len: 618)
updated maxmap 11: 543 (len: 618)
updated maxmap 8: 54e (len: 625)
updated maxmap 7: 533 (len: 618)
updated maxmap 10: 54f (len: 618)
updated maxmap 9: 550 (len: 618)
updated maxmap 11: 544 (len: 618)
updated maxmap 8: 54f (len: 618)
updated maxmap 9: 551 (len: 618)
[1;94m[*] [0mFuzzing test case #259 (1234 total, 0 uniq crashes found)...[0m
scheduled max input!!!!
schedule: 3 level18_3/ijon_max/3
[1;94m[*] [0mFuzzing test case #260 (1234 total, 0 uniq crashes found)...[0m
scheduled max input!!!!
schedule: 10 level18_3/ijon_max/10
updated maxmap 7: 534 (len: 618)
updated maxmap 6: 52b (len: 618)
updated maxmap 7: 535 (len: 618)
updated maxmap 10: 550 (len: 618)
updated maxmap 10: 551 (len: 618)
[1;94m[*] [0mFuzzing test case #261 (1234 total, 0 uniq crashes found)...[0m
[1;94m[*] [0mFuzzing test case #262 (1234 total, 0 uniq crashes found)...[0m
scheduled max input!!!!
schedule: 8 level18_3/ijon_max/8
updated maxmap 9: 55c (len: 626)
updated maxmap 10: 569 (len: 626)
updated maxmap 11: 56b (len: 626)
updated maxmap 9: 55d (len: 626)
updated maxmap 10: 56a (len: 626)
updated maxmap 11: 56c (len: 626)
[1;94m[*] [0mFuzzing test case #263 (1236 total, 0 uniq crashes found)...[0m
scheduled max input!!!!
schedule: 12 level18_3/ijon_max/12
[1;94m[*] [0mFuzzing test case #264 (1236 total, 0 uniq crashes found)...[0m
scheduled max input!!!!
schedule: 6 level18_3/ijon_max/6
updated maxmap 6: 52c (len: 618)
updated maxmap 7: 536 (len: 618)
[1;94m[*] [0mFuzzing test case #265 (1236 total, 0 uniq crashes found)...[0m
scheduled max input!!!!
schedule: 2 level18_3/ijon_max/2
[1;94m[*] [0mFuzzing test case #266 (1236 total, 0 uniq crashes found)...[0m
[1;94m[*] [0mFuzzing test case #267 (1236 total, 0 uniq crashes found)...[0m
scheduled max input!!!!
schedule: 15 level18_3/ijon_max/15
[1;94m[*] [0mFuzzing test case #268 (1236 total, 0 uniq crashes found)...[0m
scheduled max input!!!!
schedule: 7 level18_3/ijon_max/7
[1;94m[*] [0mFuzzing test case #269 (1236 total, 0 uniq crashes found)...[0m
scheduled max input!!!!
schedule: 0 level18_3/ijon_max/0
[1;94m[*] [0mFuzzing test case #270 (1236 total, 0 uniq crashes found)...[0m
[1;94m[*] [0mFuzzing test case #271 (1236 total, 0 uniq crashes found)...[0m
[1;94m[*] [0mFuzzing test case #272 (1236 total, 0 uniq crashes found)...[0m
scheduled max input!!!!
schedule: 11 level18_3/ijon_max/11
[1;94m[*] [0mFuzzing test case #273 (1236 total, 0 uniq crashes found)...[0m
scheduled max input!!!!
schedule: 2 level18_3/ijon_max/2
[1;94m[*] [0mFuzzing test case #274 (1236 total, 0 uniq crashes found)...[0m
scheduled max input!!!!
schedule: 0 level18_3/ijon_max/0
[1;94m[*] [0mFuzzing test case #275 (1236 total, 0 uniq crashes found)...[0m
scheduled max input!!!!
schedule: 9 level18_3/ijon_max/9
updated maxmap 9: 55e (len: 626)
updated maxmap 11: 56d (len: 626)
updated maxmap 5: 578 (len: 631)
updated maxmap 6: 56e (len: 631)
updated maxmap 7: 565 (len: 631)
updated maxmap 8: 55e (len: 631)
updated maxmap 10: 56b (len: 626)
updated maxmap 9: 57c (len: 633)
updated maxmap 10: 575 (len: 633)
updated maxmap 11: 56e (len: 633)
minimized maxmap 11: 56e (len: 628)
updated maxmap 11: 58a (len: 642)
minimized maxmap 10: 575 (len: 631)
updated maxmap 9: 57d (len: 634)
updated maxmap 10: 57a (len: 634)
updated maxmap 6: 57d (len: 634)
updated maxmap 7: 57c (len: 634)
updated maxmap 8: 575 (len: 634)
updated maxmap 3: 51d (len: 626)
updated maxmap 4: 529 (len: 626)
updated maxmap 6: 57e (len: 635)
updated maxmap 8: 57f (len: 637)
updated maxmap 9: 582 (len: 637)
[1;94m[*] [0mFuzzing test case #276 (1247 total, 0 uniq crashes found)...[0m
scheduled max input!!!!
schedule: 15 level18_3/ijon_max/15
[1;94m[*] [0mFuzzing test case #277 (1247 total, 0 uniq crashes found)...[0m
scheduled max input!!!!
schedule: 12 level18_3/ijon_max/12
[1;94m[*] [0mFuzzing test case #278 (1247 total, 0 uniq crashes found)...[0m
scheduled max input!!!!
schedule: 1 level18_3/ijon_max/1
[1;94m[*] [0mFuzzing test case #279 (1247 total, 0 uniq crashes found)...[0m
scheduled max input!!!!
schedule: 15 level18_3/ijon_max/15
[1;94m[*] [0mFuzzing test case #280 (1247 total, 0 uniq crashes found)...[0m
scheduled max input!!!!
schedule: 12 level18_3/ijon_max/12
[1;94m[*] [0mFuzzing test case #281 (1247 total, 0 uniq crashes found)...[0m
[1;94m[*] [0mFuzzing test case #282 (1247 total, 0 uniq crashes found)...[0m
scheduled max input!!!!
schedule: 0 level18_3/ijon_max/0
[1;94m[*] [0mFuzzing test case #283 (1247 total, 0 uniq crashes found)...[0m
scheduled max input!!!!
schedule: 12 level18_3/ijon_max/12
[1;94m[*] [0mFuzzing test case #284 (1247 total, 0 uniq crashes found)...[0m
scheduled max input!!!!
schedule: 7 level18_3/ijon_max/7
minimized maxmap 6: 57e (len: 634)
updated maxmap 6: 57f (len: 634)
updated maxmap 7: 57d (len: 634)
updated maxmap 8: 582 (len: 641)
updated maxmap 9: 585 (len: 641)
[1;94m[*] [0mFuzzing test case #285 (1247 total, 0 uniq crashes found)...[0m
scheduled max input!!!!
schedule: 9 level18_3/ijon_max/9
updated maxmap 8: 583 (len: 641)
updated maxmap 9: 586 (len: 641)
updated maxmap 9: 587 (len: 641)
updated maxmap 8: 589 (len: 643)
updated maxmap 9: 58d (len: 643)
minimized maxmap 8: 589 (len: 641)
updated maxmap 4: 593 (len: 641)
updated maxmap 5: 584 (len: 641)
[1;94m[*] [0mFuzzing test case #286 (1248 total, 0 uniq crashes found)...[0m
scheduled max input!!!!
schedule: 7 level18_3/ijon_max/7
updated maxmap 7: 57e (len: 634)
[1;94m[*] [0mFuzzing test case #287 (1248 total, 0 uniq crashes found)...[0m
scheduled max input!!!!
schedule: 15 level18_3/ijon_max/15
[1;94m[*] [0mFuzzing test case #288 (1248 total, 0 uniq crashes found)...[0m
[1;94m[*] [0mFuzzing test case #289 (1248 total, 0 uniq crashes found)...[0m
[1;94m[*] [0mFuzzing test case #290 (1248 total, 0 uniq crashes found)...[0m
[1;94m[*] [0mFuzzing test case #291 (1248 total, 0 uniq crashes found)...[0m
scheduled max input!!!!
schedule: 5 level18_3/ijon_max/5
updated maxmap 5: 58c (len: 641)
updated maxmap 6: 58a (len: 641)
updated maxmap 5: 58d (len: 641)
updated maxmap 5: 593 (len: 641)
updated maxmap 6: 58e (len: 641)
[1;94m[*] [0mFuzzing test case #292 (1249 total, 0 uniq crashes found)...[0m
scheduled max input!!!!
schedule: 8 level18_3/ijon_max/8
updated maxmap 8: 58a (len: 642)
[1;94m[*] [0mFuzzing test case #293 (1249 total, 0 uniq crashes found)...[0m
scheduled max input!!!!
schedule: 3 level18_3/ijon_max/3
[1;94m[*] [0mFuzzing test case #294 (1249 total, 0 uniq crashes found)...[0m
scheduled max input!!!!
schedule: 7 level18_3/ijon_max/7
[1;94m[*] [0mFuzzing test case #295 (1249 total, 0 uniq crashes found)...[0m
scheduled max input!!!!
schedule: 1 level18_3/ijon_max/1
[1;94m[*] [0mFuzzing test case #296 (1249 total, 0 uniq crashes found)...[0m
scheduled max input!!!!
schedule: 13 level18_3/ijon_max/13
[1;94m[*] [0mFuzzing test case #297 (1249 total, 0 uniq crashes found)...[0m
scheduled max input!!!!
schedule: 4 level18_3/ijon_max/4
[1;94m[*] [0mFuzzing test case #298 (1249 total, 0 uniq crashes found)...[0m
scheduled max input!!!!
schedule: 12 level18_3/ijon_max/12
[1;94m[*] [0mFuzzing test case #299 (1249 total, 0 uniq crashes found)...[0m
scheduled max input!!!!
schedule: 15 level18_3/ijon_max/15
[1;94m[*] [0mFuzzing test case #300 (1249 total, 0 uniq crashes found)...[0m
scheduled max input!!!!
schedule: 14 level18_3/ijon_max/14
[1;94m[*] [0mFuzzing test case #301 (1249 total, 0 uniq crashes found)...[0m
scheduled max input!!!!
schedule: 6 level18_3/ijon_max/6
[1;94m[*] [0mFuzzing test case #302 (1249 total, 0 uniq crashes found)...[0m
[1;94m[*] [0mFuzzing test case #303 (1249 total, 0 uniq crashes found)...[0m
[1;94m[*] [0mFuzzing test case #304 (1249 total, 0 uniq crashes found)...[0m
scheduled max input!!!!
schedule: 6 level18_3/ijon_max/6
updated maxmap 9: 58e (len: 647)
updated maxmap 10: 58d (len: 647)
updated maxmap 11: 58d (len: 647)
updated maxmap 6: 591 (len: 641)
minimized maxmap 10: 58d (len: 646)
minimized maxmap 11: 58d (len: 646)
[1;94m[*] [0mFuzzing test case #305 (1250 total, 0 uniq crashes found)...[0m
[1;94m[*] [0mFuzzing test case #306 (1250 total, 0 uniq crashes found)...[0m
scheduled max input!!!!
schedule: 12 level18_3/ijon_max/12
[1;94m[*] [0mFuzzing test case #307 (1250 total, 0 uniq crashes found)...[0m
scheduled max input!!!!
schedule: 1 level18_3/ijon_max/1
[1;94m[*] [0mFuzzing test case #308 (1250 total, 0 uniq crashes found)...[0m
scheduled max input!!!!
schedule: 14 level18_3/ijon_max/14
[1;94m[*] [0mFuzzing test case #309 (1250 total, 0 uniq crashes found)...[0m
scheduled max input!!!!
schedule: 9 level18_3/ijon_max/9
updated maxmap 10: 58e (len: 647)
updated maxmap 11: 58e (len: 647)
[1;94m[*] [0mFuzzing test case #310 (1250 total, 0 uniq crashes found)...[0m
scheduled max input!!!!
schedule: 3 level18_3/ijon_max/3
updated maxmap 3: 51e (len: 626)
[1;94m[*] [0mFuzzing test case #311 (1250 total, 0 uniq crashes found)...[0m
scheduled max input!!!!
schedule: 9 level18_3/ijon_max/9
updated maxmap 12: 586 (len: 649)
updated maxmap 13: 58a (len: 649)
updated maxmap 14: 58c (len: 649)
[1;94m[*] [0mFuzzing test case #312 (1250 total, 0 uniq crashes found)...[0m
scheduled max input!!!!
schedule: 13 level18_3/ijon_max/13
updated maxmap 9: 58f (len: 649)
updated maxmap 10: 58f (len: 649)
updated maxmap 12: 587 (len: 649)
updated maxmap 13: 58c (len: 649)
updated maxmap 14: 58d (len: 649)
[1;94m[*] [0mFuzzing test case #313 (1250 total, 0 uniq crashes found)...[0m
scheduled max input!!!!
schedule: 12 level18_3/ijon_max/12
updated maxmap 12: 58e (len: 649)
updated maxmap 13: 58e (len: 649)
updated maxmap 14: 590 (len: 649)
updated maxmap 13: 58f (len: 649)
updated maxmap 14: 591 (len: 649)
updated maxmap 12: 58f (len: 649)
updated maxmap 12: 590 (len: 649)
updated maxmap 13: 590 (len: 649)
updated maxmap 14: 592 (len: 649)
[1;94m[*] [0mFuzzing test case #314 (1250 total, 0 uniq crashes found)...[0m
scheduled max input!!!!
schedule: 3 level18_3/ijon_max/3
[1;94m[*] [0mFuzzing test case #315 (1250 total, 0 uniq crashes found)...[0m
scheduled max input!!!!
schedule: 11 level18_3/ijon_max/11
[1;94m[*] [0mFuzzing test case #316 (1250 total, 0 uniq crashes found)...[0m
scheduled max input!!!!
schedule: 12 level18_3/ijon_max/12
updated maxmap 9: 591 (len: 649)
updated maxmap 10: 590 (len: 649)
updated maxmap 15: 593 (len: 651)
[1;94m[*] [0mFuzzing test case #317 (1250 total, 0 uniq crashes found)...[0m
scheduled max input!!!!
schedule: 10 level18_3/ijon_max/10
[1;94m[*] [0mFuzzing test case #318 (1250 total, 0 uniq crashes found)...[0m
scheduled max input!!!!
schedule: 10 level18_3/ijon_max/10
[1;94m[*] [0mFuzzing test case #319 (1250 total, 0 uniq crashes found)...[0m
[1;94m[*] [0mFuzzing test case #320 (1250 total, 0 uniq crashes found)...[0m
scheduled max input!!!!
schedule: 2 level18_3/ijon_max/2
[1;94m[*] [0mFuzzing test case #321 (1250 total, 0 uniq crashes found)...[0m
[1;94m[*] [0mFuzzing test case #322 (1250 total, 0 uniq crashes found)...[0m
[1;94m[*] [0mFuzzing test case #323 (1250 total, 0 uniq crashes found)...[0m
scheduled max input!!!!
schedule: 7 level18_3/ijon_max/7
[1;94m[*] [0mFuzzing test case #324 (1250 total, 0 uniq crashes found)...[0m
scheduled max input!!!!
schedule: 1 level18_3/ijon_max/1
[1;94m[*] [0mFuzzing test case #325 (1250 total, 0 uniq crashes found)...[0m
scheduled max input!!!!
schedule: 7 level18_3/ijon_max/7
[1;94m[*] [0mFuzzing test case #326 (1250 total, 0 uniq crashes found)...[0m
[1;94m[*] [0mFuzzing test case #327 (1250 total, 0 uniq crashes found)...[0m
[1;94m[*] [0mFuzzing test case #328 (1250 total, 0 uniq crashes found)...[0m
scheduled max input!!!!
schedule: 10 level18_3/ijon_max/10
updated maxmap 8: 58d (len: 653)
[1;94m[*] [0mFuzzing test case #329 (1250 total, 0 uniq crashes found)...[0m
scheduled max input!!!!
schedule: 0 level18_3/ijon_max/0
[1;94m[*] [0mFuzzing test case #330 (1250 total, 0 uniq crashes found)...[0m
scheduled max input!!!!
schedule: 6 level18_3/ijon_max/6
[1;94m[*] [0mFuzzing test case #331 (1250 total, 0 uniq crashes found)...[0m
scheduled max input!!!!
schedule: 1 level18_3/ijon_max/1
[1;94m[*] [0mFuzzing test case #332 (1250 total, 0 uniq crashes found)...[0m
scheduled max input!!!!
schedule: 12 level18_3/ijon_max/12
updated maxmap 4: 5bc (len: 656)
updated maxmap 5: 5a6 (len: 656)
updated maxmap 6: 59e (len: 656)
[1;94m[*] [0mFuzzing test case #333 (1251 total, 0 uniq crashes found)...[0m
scheduled max input!!!!
schedule: 6 level18_3/ijon_max/6
updated maxmap 4: 5bd (len: 656)
updated maxmap 6: 59f (len: 656)
updated maxmap 5: 5a7 (len: 656)
updated maxmap 5: 5b7 (len: 656)
updated maxmap 6: 5bc (len: 656)
updated maxmap 5: 5be (len: 660)
updated maxmap 6: 5bd (len: 660)
updated maxmap 3: 5bb (len: 656)
updated maxmap 6: 5be (len: 663)
updated maxmap 7: 5be (len: 663)
updated maxmap 4: 5c3 (len: 663)
updated maxmap 5: 5ca (len: 663)
[1;94m[*] [0mFuzzing test case #334 (1253 total, 0 uniq crashes found)...[0m
scheduled max input!!!!
schedule: 4 level18_3/ijon_max/4
updated maxmap 4: 5c4 (len: 663)
updated maxmap 5: 5cb (len: 663)
updated maxmap 0: 59d (len: 671)
updated maxmap 14: 596 (len: 671)
updated maxmap 15: 59c (len: 671)
updated maxmap 7: 5c0 (len: 670)
[1;94m[*] [0mFuzzing test case #335 (1253 total, 0 uniq crashes found)...[0m
[1;94m[*] [0mFuzzing test case #336 (1253 total, 0 uniq crashes found)...[0m
scheduled max input!!!!
schedule: 4 level18_3/ijon_max/4
updated maxmap 8: 591 (len: 672)
[1;94m[*] [0mFuzzing test case #337 (1253 total, 0 uniq crashes found)...[0m
scheduled max input!!!!
schedule: 15 level18_3/ijon_max/15
updated maxmap 0: 59e (len: 671)
updated maxmap 2: 5ea (len: 678)
updated maxmap 3: 5dd (len: 678)
updated maxmap 4: 5d1 (len: 678)
updated maxmap 6: 5c0 (len: 673)
updated maxmap 8: 5c0 (len: 673)
updated maxmap 13: 591 (len: 671)
updated maxmap 14: 597 (len: 671)
updated maxmap 15: 59d (len: 671)
updated maxmap 0: 59f (len: 671)
updated maxmap 13: 592 (len: 671)
updated maxmap 14: 598 (len: 671)
updated maxmap 15: 59e (len: 671)
updated maxmap 0: 5a1 (len: 671)
updated maxmap 13: 593 (len: 671)
updated maxmap 14: 599 (len: 671)
updated maxmap 15: 59f (len: 671)
updated maxmap 5: 5dd (len: 679)
[1;94m[*] [0mFuzzing test case #338 (1260 total, 0 uniq crashes found)...[0m
scheduled max input!!!!
schedule: 7 level18_3/ijon_max/7
[1;94m[*] [0mFuzzing test case #339 (1260 total, 0 uniq crashes found)...[0m
[1;94m[*] [0mFuzzing test case #340 (1260 total, 0 uniq crashes found)...[0m
scheduled max input!!!!
schedule: 12 level18_3/ijon_max/12
[1;94m[*] [0mFuzzing test case #341 (1260 total, 0 uniq crashes found)...[0m
scheduled max input!!!!
schedule: 14 level18_3/ijon_max/14
[1;94m[*] [0mFuzzing test case #342 (1260 total, 0 uniq crashes found)...[0m
scheduled max input!!!!
schedule: 14 level18_3/ijon_max/14
[1;94m[*] [0mFuzzing test case #343 (1260 total, 0 uniq crashes found)...[0m
scheduled max input!!!!
schedule: 15 level18_3/ijon_max/15
[1;94m[*] [0mFuzzing test case #344 (1260 total, 0 uniq crashes found)...[0m
[1;94m[*] [0mFuzzing test case #345 (1260 total, 0 uniq crashes found)...[0m
scheduled max input!!!!
schedule: 3 level18_3/ijon_max/3
updated maxmap 2: 5eb (len: 678)
updated maxmap 3: 5de (len: 678)
updated maxmap 4: 5d2 (len: 678)
updated maxmap 2: 5ec (len: 680)
updated maxmap 3: 5e0 (len: 680)
updated maxmap 4: 5d3 (len: 680)
minimized maxmap 3: 5e0 (len: 678)
minimized maxmap 4: 5d3 (len: 678)
updated maxmap 4: 5d4 (len: 678)
updated maxmap 3: 5e1 (len: 678)
updated maxmap 4: 5d7 (len: 678)
updated maxmap 3: 5e2 (len: 678)
updated maxmap 4: 5d8 (len: 678)
updated maxmap 6: 5dd (len: 684)
updated maxmap 3: 5e3 (len: 678)
updated maxmap 3: 5fe (len: 685)
updated maxmap 4: 5de (len: 685)
minimized maxmap 4: 5de (len: 678)
updated maxmap 5: 5de (len: 679)
minimized maxmap 5: 5de (len: 678)
minimized maxmap 6: 5dd (len: 678)
updated maxmap 0: 5ad (len: 678)
updated maxmap 13: 596 (len: 678)
updated maxmap 14: 5a0 (len: 678)
updated maxmap 15: 5aa (len: 678)
updated maxmap 7: 5cd (len: 683)
updated maxmap 8: 5cd (len: 683)
updated maxmap 7: 5ce (len: 682)
updated maxmap 2: 5f3 (len: 680)
updated maxmap 5: 5df (len: 679)
[1;94m[*] [0mFuzzing test case #346 (1270 total, 0 uniq crashes found)...[0m
scheduled max input!!!!
schedule: 13 level18_3/ijon_max/13
updated maxmap 13: 597 (len: 678)
updated maxmap 14: 5a1 (len: 678)
updated maxmap 15: 5ab (len: 678)
updated maxmap 0: 5ae (len: 678)
[1;94m[*] [0mFuzzing test case #347 (1270 total, 0 uniq crashes found)...[0m
[1;94m[*] [0mFuzzing test case #348 (1270 total, 0 uniq crashes found)...[0m
scheduled max input!!!!
schedule: 2 level18_3/ijon_max/2
[1;94m[*] [0mFuzzing test case #349 (1270 total, 0 uniq crashes found)...[0m
[1;94m[*] [0mFuzzing test case #350 (1270 total, 0 uniq crashes found)...[0m
[1;94m[*] [0mFuzzing test case #351 (1270 total, 0 uniq crashes found)...[0m
scheduled max input!!!!
schedule: 14 level18_3/ijon_max/14
[1;94m[*] [0mFuzzing test case #352 (1270 total, 0 uniq crashes found)...[0m
[1;94m[*] [0mFuzzing test case #353 (1270 total, 0 uniq crashes found)...[0m
scheduled max input!!!!
schedule: 3 level18_3/ijon_max/3
updated maxmap 2: 606 (len: 692)
updated maxmap 3: 603 (len: 692)
updated maxmap 4: 5fc (len: 692)
[1;94m[*] [0mFuzzing test case #354 (1270 total, 0 uniq crashes found)...[0m
[1;94m[*] [0mFuzzing test case #355 (1270 total, 0 uniq crashes found)...[0m
scheduled max input!!!!
schedule: 15 level18_3/ijon_max/15
[1;94m[*] [0mFuzzing test case #356 (1270 total, 0 uniq crashes found)...[0m
scheduled max input!!!!
schedule: 11 level18_3/ijon_max/11
[1;94m[*] [0mFuzzing test case #357 (1270 total, 0 uniq crashes found)...[0m
scheduled max input!!!!
schedule: 4 level18_3/ijon_max/4
updated maxmap 3: 605 (len: 692)
updated maxmap 4: 5fe (len: 692)
updated maxmap 3: 608 (len: 693)
updated maxmap 4: 601 (len: 693)
updated maxmap 4: 603 (len: 692)
updated maxmap 4: 604 (len: 692)
updated maxmap 4: 605 (len: 692)
[1;94m[*] [0mFuzzing test case #358 (1270 total, 0 uniq crashes found)...[0m
scheduled max input!!!!
schedule: 6 level18_3/ijon_max/6
[1;94m[*] [0mFuzzing test case #359 (1270 total, 0 uniq crashes found)...[0m
scheduled max input!!!!
schedule: 8 level18_3/ijon_max/8
updated maxmap 8: 5cf (len: 683)
[1;94m[*] [0mFuzzing test case #360 (1270 total, 0 uniq crashes found)...[0m
scheduled max input!!!!
schedule: 9 level18_3/ijon_max/9
[1;94m[*] [0mFuzzing test case #361 (1270 total, 0 uniq crashes found)...[0m
scheduled max input!!!!
schedule: 12 level18_3/ijon_max/12
[1;94m[*] [0mFuzzing test case #362 (1270 total, 0 uniq crashes found)...[0m
scheduled max input!!!!
schedule: 15 level18_3/ijon_max/15
[1;94m[*] [0mFuzzing test case #363 (1270 total, 0 uniq crashes found)...[0m
scheduled max input!!!!
schedule: 8 level18_3/ijon_max/8
[1;94m[*] [0mFuzzing test case #364 (1270 total, 0 uniq crashes found)...[0m
scheduled max input!!!!
schedule: 11 level18_3/ijon_max/11
[1;94m[*] [0mFuzzing test case #365 (1270 total, 0 uniq crashes found)...[0m
scheduled max input!!!!
schedule: 12 level18_3/ijon_max/12
[1;94m[*] [0mFuzzing test case #366 (1270 total, 0 uniq crashes found)...[0m
scheduled max input!!!!
schedule: 3 level18_3/ijon_max/3
updated maxmap 3: 609 (len: 693)
updated maxmap 2: 60c (len: 693)
updated maxmap 2: 60d (len: 693)
updated maxmap 3: 60a (len: 693)
updated maxmap 3: 60b (len: 693)
[1;94m[*] [0mFuzzing test case #367 (1272 total, 0 uniq crashes found)...[0m
scheduled max input!!!!
schedule: 7 level18_3/ijon_max/7
[1;94m[*] [0mFuzzing test case #368 (1272 total, 0 uniq crashes found)...[0m
scheduled max input!!!!
schedule: 3 level18_3/ijon_max/3
[1;94m[*] [0mFuzzing test case #369 (1272 total, 0 uniq crashes found)...[0m
[1;94m[*] [0mFuzzing test case #370 (1272 total, 0 uniq crashes found)...[0m
scheduled max input!!!!
schedule: 7 level18_3/ijon_max/7
[1;94m[*] [0mFuzzing test case #371 (1273 total, 0 uniq crashes found)...[0m
scheduled max input!!!!
schedule: 9 level18_3/ijon_max/9
[1;94m[*] [0mFuzzing test case #372 (1273 total, 0 uniq crashes found)...[0m
scheduled max input!!!!
schedule: 0 level18_3/ijon_max/0
[1;94m[*] [0mFuzzing test case #373 (1273 total, 0 uniq crashes found)...[0m
[1;94m[*] [0mFuzzing test case #374 (1273 total, 0 uniq crashes found)...[0m
scheduled max input!!!!
schedule: 6 level18_3/ijon_max/6
[1;94m[*] [0mFuzzing test case #375 (1273 total, 0 uniq crashes found)...[0m
scheduled max input!!!!
schedule: 5 level18_3/ijon_max/5
[1;94m[*] [0mFuzzing test case #376 (1273 total, 0 uniq crashes found)...[0m
scheduled max input!!!!
schedule: 10 level18_3/ijon_max/10
[1;94m[*] [0mFuzzing test case #377 (1273 total, 0 uniq crashes found)...[0m
scheduled max input!!!!
schedule: 6 level18_3/ijon_max/6
[1;94m[*] [0mFuzzing test case #378 (1273 total, 0 uniq crashes found)...[0m
scheduled max input!!!!
schedule: 8 level18_3/ijon_max/8
[1;94m[*] [0mFuzzing test case #379 (1274 total, 0 uniq crashes found)...[0m
scheduled max input!!!!
schedule: 2 level18_3/ijon_max/2
[1;94m[*] [0mFuzzing test case #380 (1274 total, 0 uniq crashes found)...[0m
[1;94m[*] [0mFuzzing test case #381 (1274 total, 0 uniq crashes found)...[0m
scheduled max input!!!!
schedule: 7 level18_3/ijon_max/7
[1;94m[*] [0mFuzzing test case #382 (1274 total, 0 uniq crashes found)...[0m
[1;94m[*] [0mFuzzing test case #383 (1274 total, 0 uniq crashes found)...[0m
scheduled max input!!!!
schedule: 15 level18_3/ijon_max/15
[1;94m[*] [0mFuzzing test case #384 (1274 total, 0 uniq crashes found)...[0m
scheduled max input!!!!
schedule: 2 level18_3/ijon_max/2
[1;94m[*] [0mFuzzing test case #385 (1274 total, 0 uniq crashes found)...[0m
scheduled max input!!!!
schedule: 3 level18_3/ijon_max/3
updated maxmap 3: 60c (len: 693)
updated maxmap 3: 60f (len: 694)
updated maxmap 4: 607 (len: 694)
updated maxmap 4: 608 (len: 693)
updated maxmap 4: 609 (len: 693)
[1;94m[*] [0mFuzzing test case #386 (1275 total, 0 uniq crashes found)...[0m
[1;94m[*] [0mFuzzing test case #387 (1275 total, 0 uniq crashes found)...[0m
scheduled max input!!!!
schedule: 7 level18_3/ijon_max/7
[1;94m[*] [0mFuzzing test case #388 (1275 total, 0 uniq crashes found)...[0m
scheduled max input!!!!
schedule: 9 level18_3/ijon_max/9
[1;94m[*] [0mFuzzing test case #389 (1275 total, 0 uniq crashes found)...[0m
scheduled max input!!!!
schedule: 3 level18_3/ijon_max/3
updated maxmap 1: 61a (len: 698)
updated maxmap 2: 612 (len: 698)
[1;94m[*] [0mFuzzing test case #390 (1276 total, 0 uniq crashes found)...[0m
scheduled max input!!!!
schedule: 3 level18_3/ijon_max/3
updated maxmap 3: 618 (len: 698)
updated maxmap 4: 611 (len: 698)
updated maxmap 3: 619 (len: 699)
updated maxmap 4: 61c (len: 699)
[1;94m[*] [0mFuzzing test case #391 (1277 total, 0 uniq crashes found)...[0m
scheduled max input!!!!
schedule: 9 level18_3/ijon_max/9
[1;94m[*] [0mFuzzing test case #392 (1277 total, 0 uniq crashes found)...[0m
scheduled max input!!!!
schedule: 2 level18_3/ijon_max/2
updated maxmap 2: 61b (len: 706)
updated maxmap 2: 62e (len: 706)
updated maxmap 3: 625 (len: 710)
[1;94m[*] [0mFuzzing test case #393 (1277 total, 0 uniq crashes found)...[0m
[1;94m[*] [0mFuzzing test case #394 (1277 total, 0 uniq crashes found)...[0m
scheduled max input!!!!
schedule: 0 level18_3/ijon_max/0
[1;94m[*] [0mFuzzing test case #395 (1277 total, 0 uniq crashes found)...[0m
[1;94m[*] [0mFuzzing test case #396 (1277 total, 0 uniq crashes found)...[0m
scheduled max input!!!!
schedule: 3 level18_3/ijon_max/3
updated maxmap 3: 626 (len: 710)
updated maxmap 3: 627 (len: 710)
updated maxmap 3: 628 (len: 710)
updated maxmap 3: 629 (len: 710)
updated maxmap 3: 62b (len: 710)
updated maxmap 3: 62c (len: 710)
[1;94m[*] [0mFuzzing test case #397 (1277 total, 0 uniq crashes found)...[0m
scheduled max input!!!!
schedule: 7 level18_3/ijon_max/7
[1;94m[*] [0mFuzzing test case #398 (1277 total, 0 uniq crashes found)...[0m
scheduled max input!!!!
schedule: 15 level18_3/ijon_max/15
[1;94m[*] [0mFuzzing test case #399 (1277 total, 0 uniq crashes found)...[0m
scheduled max input!!!!
schedule: 3 level18_3/ijon_max/3
updated maxmap 1: 61d (len: 710)
[1;94m[*] [0mFuzzing test case #400 (1277 total, 0 uniq crashes found)...[0m
scheduled max input!!!!
schedule: 4 level18_3/ijon_max/4
[1;94m[*] [0mFuzzing test case #401 (1277 total, 0 uniq crashes found)...[0m
scheduled max input!!!!
schedule: 4 level18_3/ijon_max/4
[1;94m[*] [0mFuzzing test case #402 (1277 total, 0 uniq crashes found)...[0m
scheduled max input!!!!
schedule: 14 level18_3/ijon_max/14
[1;94m[*] [0mFuzzing test case #403 (1277 total, 0 uniq crashes found)...[0m
[1;94m[*] [0mFuzzing test case #404 (1277 total, 0 uniq crashes found)...[0m
scheduled max input!!!!
schedule: 2 level18_3/ijon_max/2
updated maxmap 3: 63e (len: 713)
updated maxmap 4: 637 (len: 713)
updated maxmap 3: 641 (len: 714)
updated maxmap 4: 63a (len: 714)
[1;94m[*] [0mFuzzing test case #405 (1278 total, 0 uniq crashes found)...[0m
scheduled max input!!!!
schedule: 5 level18_3/ijon_max/5
[1;94m[*] [0mFuzzing test case #406 (1278 total, 0 uniq crashes found)...[0m
scheduled max input!!!!
schedule: 9 level18_3/ijon_max/9
[1;94m[*] [0mFuzzing test case #407 (1278 total, 0 uniq crashes found)...[0m
[1;94m[*] [0mFuzzing test case #408 (1278 total, 0 uniq crashes found)...[0m
scheduled max input!!!!
schedule: 6 level18_3/ijon_max/6
[1;94m[*] [0mFuzzing test case #409 (1278 total, 0 uniq crashes found)...[0m
scheduled max input!!!!
schedule: 14 level18_3/ijon_max/14
[1;94m[*] [0mFuzzing test case #410 (1278 total, 0 uniq crashes found)...[0m
scheduled max input!!!!
schedule: 15 level18_3/ijon_max/15
[1;94m[*] [0mFuzzing test case #411 (1278 total, 0 uniq crashes found)...[0m
scheduled max input!!!!
schedule: 8 level18_3/ijon_max/8
[1;94m[*] [0mFuzzing test case #412 (1278 total, 0 uniq crashes found)...[0m
scheduled max input!!!!
schedule: 3 level18_3/ijon_max/3
updated maxmap 3: 642 (len: 714)
updated maxmap 2: 634 (len: 717)
updated maxmap 3: 648 (len: 717)
updated maxmap 4: 640 (len: 717)
minimized maxmap 4: 640 (len: 714)
minimized maxmap 2: 634 (len: 714)
[1;94m[*] [0mFuzzing test case #413 (1278 total, 0 uniq crashes found)...[0m
scheduled max input!!!!
schedule: 5 level18_3/ijon_max/5
[1;94m[*] [0mFuzzing test case #414 (1278 total, 0 uniq crashes found)...[0m
scheduled max input!!!!
schedule: 1 level18_3/ijon_max/1
updated maxmap 1: 622 (len: 713)
minimized maxmap 1: 622 (len: 710)
[1;94m[*] [0mFuzzing test case #415 (1279 total, 0 uniq crashes found)...[0m
scheduled max input!!!!
schedule: 15 level18_3/ijon_max/15
updated maxmap 0: 5b0 (len: 678)
updated maxmap 13: 59a (len: 678)
updated maxmap 14: 5a4 (len: 678)
updated maxmap 15: 5ae (len: 678)
[1;94m[*] [0mFuzzing test case #416 (1279 total, 0 uniq crashes found)...[0m
scheduled max input!!!!
schedule: 0 level18_3/ijon_max/0
[1;94m[*] [0mFuzzing test case #417 (1279 total, 0 uniq crashes found)...[0m
scheduled max input!!!!
schedule: 7 level18_3/ijon_max/7
[1;94m[*] [0mFuzzing test case #418 (1279 total, 0 uniq crashes found)...[0m
scheduled max input!!!!
schedule: 7 level18_3/ijon_max/7
[1;94m[*] [0mFuzzing test case #419 (1279 total, 0 uniq crashes found)...[0m
scheduled max input!!!!
schedule: 4 level18_3/ijon_max/4
updated maxmap 4: 641 (len: 714)
updated maxmap 2: 648 (len: 717)
[1;94m[*] [0mFuzzing test case #420 (1279 total, 0 uniq crashes found)...[0m
scheduled max input!!!!
schedule: 1 level18_3/ijon_max/1
updated maxmap 1: 623 (len: 710)
updated maxmap 1: 624 (len: 710)
updated maxmap 1: 625 (len: 711)
[1;94m[*] [0mFuzzing test case #421 (1280 total, 0 uniq crashes found)...[0m
scheduled max input!!!!
schedule: 2 level18_3/ijon_max/2
updated maxmap 5: 62d (len: 717)
updated maxmap 6: 62c (len: 717)
updated maxmap 2: 64e (len: 721)
[1;94m[*] [0mFuzzing test case #422 (1280 total, 0 uniq crashes found)...[0m
scheduled max input!!!!
schedule: 6 level18_3/ijon_max/6
updated maxmap 5: 62e (len: 717)
updated maxmap 6: 62d (len: 717)
updated maxmap 6: 62e (len: 717)
updated maxmap 5: 62f (len: 717)
[1;94m[*] [0mFuzzing test case #423 (1280 total, 0 uniq crashes found)...[0m
scheduled max input!!!!
schedule: 0 level18_3/ijon_max/0
[1;94m[*] [0mFuzzing test case #424 (1280 total, 0 uniq crashes found)...[0m
scheduled max input!!!!
schedule: 11 level18_3/ijon_max/11
[1;94m[*] [0mFuzzing test case #425 (1280 total, 0 uniq crashes found)...[0m
[1;94m[*] [0mFuzzing test case #426 (1280 total, 0 uniq crashes found)...[0m
[1;94m[*] [0mFuzzing test case #427 (1280 total, 0 uniq crashes found)...[0m
scheduled max input!!!!
schedule: 13 level18_3/ijon_max/13
[1;94m[*] [0mFuzzing test case #428 (1280 total, 0 uniq crashes found)...[0m
[1;94m[*] [0mFuzzing test case #429 (1280 total, 0 uniq crashes found)...[0m
scheduled max input!!!!
schedule: 3 level18_3/ijon_max/3
[1;94m[*] [0mFuzzing test case #430 (1280 total, 0 uniq crashes found)...[0m
[1;94m[*] [0mFuzzing test case #431 (1280 total, 0 uniq crashes found)...[0m
scheduled max input!!!!
schedule: 1 level18_3/ijon_max/1
[1;94m[*] [0mFuzzing test case #432 (1280 total, 0 uniq crashes found)...[0m
scheduled max input!!!!
schedule: 11 level18_3/ijon_max/11
[1;94m[*] [0mFuzzing test case #433 (1280 total, 0 uniq crashes found)...[0m
scheduled max input!!!!
schedule: 0 level18_3/ijon_max/0
[1;94m[*] [0mFuzzing test case #434 (1280 total, 0 uniq crashes found)...[0m
[1;94m[*] [0mFuzzing test case #435 (1280 total, 0 uniq crashes found)...[0m
[1;94m[*] [0mFuzzing test case #436 (1280 total, 0 uniq crashes found)...[0m
[1;94m[*] [0mFuzzing test case #437 (1280 total, 0 uniq crashes found)...[0m
scheduled max input!!!!
schedule: 1 level18_3/ijon_max/1
[1;94m[*] [0mFuzzing test case #438 (1280 total, 0 uniq crashes found)...[0m
[1;94m[*] [0mFuzzing test case #439 (1280 total, 0 uniq crashes found)...[0m
scheduled max input!!!!
schedule: 4 level18_3/ijon_max/4
[1;94m[*] [0mFuzzing test case #440 (1280 total, 0 uniq crashes found)...[0m
scheduled max input!!!!
schedule: 7 level18_3/ijon_max/7
[1;94m[*] [0mFuzzing test case #441 (1280 total, 0 uniq crashes found)...[0m
scheduled max input!!!!
schedule: 12 level18_3/ijon_max/12
[1;94m[*] [0mFuzzing test case #442 (1280 total, 0 uniq crashes found)...[0m
scheduled max input!!!!
schedule: 0 level18_3/ijon_max/0
[1;94m[*] [0mFuzzing test case #443 (1280 total, 0 uniq crashes found)...[0m
scheduled max input!!!!
schedule: 12 level18_3/ijon_max/12
[1;94m[*] [0mFuzzing test case #444 (1281 total, 0 uniq crashes found)...[0m
[1;94m[*] [0mFuzzing test case #445 (1281 total, 0 uniq crashes found)...[0m
[1;94m[*] [0mFuzzing test case #446 (1281 total, 0 uniq crashes found)...[0m
scheduled max input!!!!
schedule: 11 level18_3/ijon_max/11
[1;94m[*] [0mFuzzing test case #447 (1282 total, 0 uniq crashes found)...[0m
[1;94m[*] [0mFuzzing test case #448 (1282 total, 0 uniq crashes found)...[0m
scheduled max input!!!!
schedule: 7 level18_3/ijon_max/7
[1;94m[*] [0mFuzzing test case #449 (1282 total, 0 uniq crashes found)...[0m
scheduled max input!!!!
schedule: 11 level18_3/ijon_max/11
[1;94m[*] [0mFuzzing test case #450 (1282 total, 0 uniq crashes found)...[0m
scheduled max input!!!!
schedule: 9 level18_3/ijon_max/9
[1;94m[*] [0mFuzzing test case #451 (1282 total, 0 uniq crashes found)...[0m
scheduled max input!!!!
schedule: 15 level18_3/ijon_max/15
[1;94m[*] [0mFuzzing test case #452 (1282 total, 0 uniq crashes found)...[0m
scheduled max input!!!!
schedule: 0 level18_3/ijon_max/0
[1;94m[*] [0mFuzzing test case #453 (1282 total, 0 uniq crashes found)...[0m
scheduled max input!!!!
schedule: 6 level18_3/ijon_max/6
[1;94m[*] [0mFuzzing test case #454 (1282 total, 0 uniq crashes found)...[0m
scheduled max input!!!!
schedule: 7 level18_3/ijon_max/7
[1;94m[*] [0mFuzzing test case #455 (1282 total, 0 uniq crashes found)...[0m
[1;94m[*] [0mFuzzing test case #456 (1282 total, 0 uniq crashes found)...[0m
scheduled max input!!!!
schedule: 14 level18_3/ijon_max/14
[1;94m[*] [0mFuzzing test case #457 (1282 total, 0 uniq crashes found)...[0m
scheduled max input!!!!
schedule: 0 level18_3/ijon_max/0
[1;94m[*] [0mFuzzing test case #458 (1282 total, 0 uniq crashes found)...[0m
scheduled max input!!!!
schedule: 0 level18_3/ijon_max/0
[1;94m[*] [0mFuzzing test case #459 (1282 total, 0 uniq crashes found)...[0m
scheduled max input!!!!
schedule: 2 level18_3/ijon_max/2
updated maxmap 2: 650 (len: 725)
updated maxmap 1: 656 (len: 727)
updated maxmap 2: 659 (len: 727)
updated maxmap 3: 649 (len: 721)
[1;94m[*] [0mFuzzing test case #460 (1283 total, 0 uniq crashes found)...[0m
[1;94m[*] [0mFuzzing test case #461 (1283 total, 0 uniq crashes found)...[0m
[1;94m[*] [0mFuzzing test case #462 (1283 total, 0 uniq crashes found)...[0m
scheduled max input!!!!
schedule: 11 level18_3/ijon_max/11
[1;94m[*] [0mFuzzing test case #463 (1283 total, 0 uniq crashes found)...[0m
scheduled max input!!!!
schedule: 11 level18_3/ijon_max/11
[1;94m[*] [0mFuzzing test case #464 (1283 total, 0 uniq crashes found)...[0m
scheduled max input!!!!
schedule: 6 level18_3/ijon_max/6
[1;94m[*] [0mFuzzing test case #465 (1283 total, 0 uniq crashes found)...[0m
scheduled normal input!!!!
[1;94m[*] [0mFuzzing test case #466 (1283 total, 0 uniq crashes found)...[0m
scheduled max input!!!!
schedule: 10 level18_3/ijon_max/10
[1;94m[*] [0mFuzzing test case #467 (1283 total, 0 uniq crashes found)...[0m
scheduled max input!!!!
schedule: 15 level18_3/ijon_max/15
[1;94m[*] [0mFuzzing test case #468 (1283 total, 0 uniq crashes found)...[0m
scheduled max input!!!!
schedule: 0 level18_3/ijon_max/0
[1;94m[*] [0mFuzzing test case #469 (1283 total, 0 uniq crashes found)...[0m
[1;94m[*] [0mFuzzing test case #470 (1283 total, 0 uniq crashes found)...[0m
scheduled max input!!!!
schedule: 4 level18_3/ijon_max/4
updated maxmap 4: 642 (len: 715)
[1;94m[*] [0mFuzzing test case #471 (1283 total, 0 uniq crashes found)...[0m
[1;94m[*] [0mFuzzing test case #472 (1283 total, 0 uniq crashes found)...[0m
scheduled max input!!!!
schedule: 9 level18_3/ijon_max/9
[1;94m[*] [0mFuzzing test case #473 (1283 total, 0 uniq crashes found)...[0m
scheduled max input!!!!
schedule: 5 level18_3/ijon_max/5
[1;94m[*] [0mFuzzing test case #474 (1284 total, 0 uniq crashes found)...[0m
scheduled max input!!!!
schedule: 4 level18_3/ijon_max/4
updated maxmap 4: 643 (len: 715)
[1;94m[*] [0mFuzzing test case #475 (1284 total, 0 uniq crashes found)...[0m
scheduled max input!!!!
schedule: 5 level18_3/ijon_max/5
[1;94m[*] [0mFuzzing test case #476 (1284 total, 0 uniq crashes found)...[0m
scheduled max input!!!!
schedule: 0 level18_3/ijon_max/0
[1;94m[*] [0mFuzzing test case #477 (1284 total, 0 uniq crashes found)...[0m
[1;94m[*] [0mFuzzing test case #478 (1284 total, 0 uniq crashes found)...[0m
scheduled max input!!!!
schedule: 9 level18_3/ijon_max/9
[1;94m[*] [0mFuzzing test case #479 (1284 total, 0 uniq crashes found)...[0m
scheduled max input!!!!
schedule: 8 level18_3/ijon_max/8
[1;94m[*] [0mFuzzing test case #480 (1284 total, 0 uniq crashes found)...[0m
scheduled max input!!!!
schedule: 14 level18_3/ijon_max/14
[1;94m[*] [0mFuzzing test case #481 (1284 total, 0 uniq crashes found)...[0m
scheduled max input!!!!
schedule: 8 level18_3/ijon_max/8
[1;94m[*] [0mFuzzing test case #482 (1284 total, 0 uniq crashes found)...[0m
scheduled max input!!!!
schedule: 9 level18_3/ijon_max/9
[1;94m[*] [0mFuzzing test case #483 (1284 total, 0 uniq crashes found)...[0m
[1;94m[*] [0mFuzzing test case #484 (1284 total, 0 uniq crashes found)...[0m
scheduled max input!!!!
schedule: 6 level18_3/ijon_max/6
[1;94m[*] [0mFuzzing test case #485 (1284 total, 0 uniq crashes found)...[0m
scheduled max input!!!!
schedule: 12 level18_3/ijon_max/12
[1;94m[*] [0mFuzzing test case #486 (1284 total, 0 uniq crashes found)...[0m
[1;94m[*] [0mFuzzing test case #487 (1284 total, 0 uniq crashes found)...[0m
scheduled max input!!!!
schedule: 8 level18_3/ijon_max/8
[1;94m[*] [0mFuzzing test case #488 (1284 total, 0 uniq crashes found)...[0m
scheduled max input!!!!
schedule: 4 level18_3/ijon_max/4
[1;94m[*] [0mFuzzing test case #489 (1284 total, 0 uniq crashes found)...[0m
scheduled max input!!!!
schedule: 5 level18_3/ijon_max/5
updated maxmap 7: 62e (len: 721)
[1;94m[*] [0mFuzzing test case #490 (1284 total, 0 uniq crashes found)...[0m
[1;94m[*] [0mFuzzing test case #491 (1284 total, 0 uniq crashes found)...[0m
scheduled max input!!!!
schedule: 7 level18_3/ijon_max/7
updated maxmap 7: 62f (len: 721)
[1;94m[*] [0mFuzzing test case #492 (1284 total, 0 uniq crashes found)...[0m
scheduled max input!!!!
schedule: 1 level18_3/ijon_max/1
updated maxmap 1: 657 (len: 727)
updated maxmap 2: 65a (len: 727)
updated maxmap 1: 658 (len: 727)
[1;94m[*] [0mFuzzing test case #493 (1284 total, 0 uniq crashes found)...[0m
scheduled max input!!!!
schedule: 13 level18_3/ijon_max/13
[1;94m[*] [0mFuzzing test case #494 (1284 total, 0 uniq crashes found)...[0m
[1;94m[*] [0mFuzzing test case #495 (1284 total, 0 uniq crashes found)...[0m
scheduled max input!!!!
schedule: 5 level18_3/ijon_max/5
[1;94m[*] [0mFuzzing test case #496 (1284 total, 0 uniq crashes found)...[0m
scheduled max input!!!!
schedule: 5 level18_3/ijon_max/5
[1;94m[*] [0mFuzzing test case #497 (1284 total, 0 uniq crashes found)...[0m
[1;94m[*] [0mFuzzing test case #498 (1284 total, 0 uniq crashes found)...[0m
scheduled max input!!!!
schedule: 10 level18_3/ijon_max/10
[1;94m[*] [0mFuzzing test case #499 (1284 total, 0 uniq crashes found)...[0m
scheduled max input!!!!
schedule: 4 level18_3/ijon_max/4
[1;94m[*] [0mFuzzing test case #500 (1284 total, 0 uniq crashes found)...[0m
[1;94m[*] [0mFuzzing test case #501 (1284 total, 0 uniq crashes found)...[0m
[1;94m[*] [0mFuzzing test case #502 (1284 total, 0 uniq crashes found)...[0m
scheduled max input!!!!
schedule: 12 level18_3/ijon_max/12
[1;94m[*] [0mFuzzing test case #503 (1284 total, 0 uniq crashes found)...[0m
scheduled max input!!!!
schedule: 11 level18_3/ijon_max/11
minimized maxmap 9: 591 (len: 647)
minimized maxmap 10: 590 (len: 647)
[1;94m[*] [0mFuzzing test case #504 (1284 total, 0 uniq crashes found)...[0m
[1;94m[*] [0mFuzzing test case #505 (1284 total, 0 uniq crashes found)...[0m
[1;94m[*] [0mFuzzing test case #506 (1284 total, 0 uniq crashes found)...[0m
scheduled max input!!!!
schedule: 12 level18_3/ijon_max/12
[1;94m[*] [0mFuzzing test case #507 (1284 total, 0 uniq crashes found)...[0m
scheduled max input!!!!
schedule: 9 level18_3/ijon_max/9
[1;94m[*] [0mFuzzing test case #508 (1284 total, 0 uniq crashes found)...[0m
scheduled max input!!!!
schedule: 10 level18_3/ijon_max/10
[1;94m[*] [0mFuzzing test case #509 (1284 total, 0 uniq crashes found)...[0m
scheduled max input!!!!
schedule: 12 level18_3/ijon_max/12
[1;94m[*] [0mFuzzing test case #510 (1284 total, 0 uniq crashes found)...[0m
[1;94m[*] [0mFuzzing test case #511 (1284 total, 0 uniq crashes found)...[0m
scheduled max input!!!!
schedule: 7 level18_3/ijon_max/7
updated maxmap 3: 64a (len: 729)
updated maxmap 4: 646 (len: 729)
updated maxmap 6: 62f (len: 721)
updated maxmap 8: 62f (len: 727)
[1;94m[*] [0mFuzzing test case #512 (1284 total, 0 uniq crashes found)...[0m
scheduled max input!!!!
schedule: 6 level18_3/ijon_max/6
[1;94m[*] [0mFuzzing test case #513 (1284 total, 0 uniq crashes found)...[0m
scheduled max input!!!!
schedule: 3 level18_3/ijon_max/3
updated maxmap 3: 64b (len: 729)
updated maxmap 4: 647 (len: 729)
updated maxmap 3: 64c (len: 729)
updated maxmap 4: 648 (len: 729)
updated maxmap 3: 64d (len: 729)
updated maxmap 4: 649 (len: 729)
updated maxmap 5: 631 (len: 739)
updated maxmap 6: 670 (len: 739)
updated maxmap 7: 67a (len: 739)
updated maxmap 8: 67c (len: 739)
updated maxmap 2: 661 (len: 729)
updated maxmap 3: 658 (len: 729)
updated maxmap 4: 651 (len: 729)
updated maxmap 2: 662 (len: 729)
updated maxmap 3: 659 (len: 729)
updated maxmap 4: 652 (len: 729)
updated maxmap 2: 663 (len: 729)
updated maxmap 3: 65a (len: 729)
updated maxmap 4: 653 (len: 729)
updated maxmap 2: 664 (len: 729)
minimized maxmap 5: 631 (len: 731)
updated maxmap 3: 666 (len: 729)
updated maxmap 4: 668 (len: 729)
updated maxmap 3: 667 (len: 729)
updated maxmap 4: 66a (len: 729)
updated maxmap 4: 66b (len: 730)
updated maxmap 3: 668 (len: 729)
updated maxmap 2: 666 (len: 729)
updated maxmap 3: 669 (len: 729)
updated maxmap 2: 668 (len: 729)
updated maxmap 3: 66a (len: 729)
updated maxmap 2: 669 (len: 730)
updated maxmap 3: 66b (len: 730)
minimized maxmap 2: 669 (len: 729)
updated maxmap 2: 66a (len: 729)
updated maxmap 1: 65d (len: 729)
updated maxmap 3: 66f (len: 733)
updated maxmap 4: 670 (len: 734)
updated maxmap 3: 676 (len: 736)
updated maxmap 4: 671 (len: 736)
updated maxmap 4: 673 (len: 736)
[1;94m[*] [0mFuzzing test case #514 (1289 total, 0 uniq crashes found)...[0m
scheduled max input!!!!
schedule: 14 level18_3/ijon_max/14
[1;94m[*] [0mFuzzing test case #515 (1289 total, 0 uniq crashes found)...[0m
scheduled max input!!!!
schedule: 15 level18_3/ijon_max/15
[1;94m[*] [0mFuzzing test case #516 (1289 total, 0 uniq crashes found)...[0m
[1;94m[*] [0mFuzzing test case #517 (1289 total, 0 uniq crashes found)...[0m
scheduled max input!!!!
schedule: 11 level18_3/ijon_max/11
[1;94m[*] [0mFuzzing test case #518 (1289 total, 0 uniq crashes found)...[0m
scheduled max input!!!!
schedule: 11 level18_3/ijon_max/11
[1;94m[*] [0mFuzzing test case #519 (1289 total, 0 uniq crashes found)...[0m
scheduled max input!!!!
schedule: 1 level18_3/ijon_max/1
updated maxmap 1: 65e (len: 729)
[1;94m[*] [0mFuzzing test case #520 (1290 total, 0 uniq crashes found)...[0m
scheduled max input!!!!
schedule: 2 level18_3/ijon_max/2
[1;94m[*] [0mFuzzing test case #521 (1290 total, 0 uniq crashes found)...[0m
scheduled max input!!!!
schedule: 7 level18_3/ijon_max/7
updated maxmap 2: 66b (len: 739)
updated maxmap 4: 678 (len: 739)
updated maxmap 2: 66e (len: 739)
updated maxmap 3: 678 (len: 739)
updated maxmap 4: 67a (len: 739)
updated maxmap 4: 685 (len: 744)
updated maxmap 2: 66f (len: 739)
updated maxmap 3: 679 (len: 739)
[1;94m[*] [0mFuzzing test case #522 (1290 total, 0 uniq crashes found)...[0m
[1;94m[*] [0mFuzzing test case #523 (1290 total, 0 uniq crashes found)...[0m
scheduled max input!!!!
schedule: 14 level18_3/ijon_max/14
[1;94m[*] [0mFuzzing test case #524 (1290 total, 0 uniq crashes found)...[0m
[1;94m[*] [0mFuzzing test case #525 (1290 total, 0 uniq crashes found)...[0m
scheduled max input!!!!
schedule: 14 level18_3/ijon_max/14
[1;94m[*] [0mFuzzing test case #526 (1290 total, 0 uniq crashes found)...[0m
scheduled max input!!!!
schedule: 6 level18_3/ijon_max/6
[1;94m[*] [0mFuzzing test case #527 (1290 total, 0 uniq crashes found)...[0m
[1;94m[*] [0mFuzzing test case #528 (1290 total, 0 uniq crashes found)...[0m
scheduled max input!!!!
schedule: 9 level18_3/ijon_max/9
[1;94m[*] [0mFuzzing test case #529 (1290 total, 0 uniq crashes found)...[0m
scheduled max input!!!!
schedule: 0 level18_3/ijon_max/0
updated maxmap 11: 58f (len: 682)
[1;94m[*] [0mFuzzing test case #530 (1290 total, 0 uniq crashes found)...[0m
scheduled max input!!!!
schedule: 2 level18_3/ijon_max/2
updated maxmap 2: 670 (len: 739)
updated maxmap 3: 67a (len: 739)
updated maxmap 2: 671 (len: 739)
updated maxmap 3: 67b (len: 739)
[1;94m[*] [0mFuzzing test case #531 (1290 total, 0 uniq crashes found)...[0m
scheduled max input!!!!
schedule: 12 level18_3/ijon_max/12
[1;94m[*] [0mFuzzing test case #532 (1290 total, 0 uniq crashes found)...[0m
scheduled max input!!!!
schedule: 9 level18_3/ijon_max/9
[1;94m[*] [0mFuzzing test case #533 (1290 total, 0 uniq crashes found)...[0m
scheduled max input!!!!
schedule: 12 level18_3/ijon_max/12
[1;94m[*] [0mFuzzing test case #534 (1290 total, 0 uniq crashes found)...[0m
scheduled max input!!!!
schedule: 5 level18_3/ijon_max/5
[1;94m[*] [0mFuzzing test case #535 (1290 total, 0 uniq crashes found)...[0m
scheduled max input!!!!
schedule: 3 level18_3/ijon_max/3
[1;94m[*] [0mFuzzing test case #536 (1290 total, 0 uniq crashes found)...[0m
scheduled max input!!!!
schedule: 11 level18_3/ijon_max/11
[1;94m[*] [0mFuzzing test case #537 (1290 total, 0 uniq crashes found)...[0m
scheduled max input!!!!
schedule: 3 level18_3/ijon_max/3
updated maxmap 2: 678 (len: 743)
updated maxmap 3: 67c (len: 739)
[1;94m[*] [0mFuzzing test case #538 (1290 total, 0 uniq crashes found)...[0m
scheduled max input!!!!
schedule: 1 level18_3/ijon_max/1
updated maxmap 1: 65f (len: 729)
[1;94m[*] [0mFuzzing test case #539 (1290 total, 0 uniq crashes found)...[0m
scheduled max input!!!!
schedule: 10 level18_3/ijon_max/10
[1;94m[*] [0mFuzzing test case #540 (1290 total, 0 uniq crashes found)...[0m
[1;94m[*] [0mFuzzing test case #541 (1290 total, 0 uniq crashes found)...[0m
[1;94m[*] [0mFuzzing test case #542 (1290 total, 0 uniq crashes found)...[0m
scheduled max input!!!!
schedule: 0 level18_3/ijon_max/0
[1;94m[*] [0mFuzzing test case #543 (1290 total, 0 uniq crashes found)...[0m
scheduled max input!!!!
schedule: 14 level18_3/ijon_max/14
[1;94m[*] [0mFuzzing test case #544 (1290 total, 0 uniq crashes found)...[0m
scheduled max input!!!!
schedule: 8 level18_3/ijon_max/8
updated maxmap 4: 688 (len: 745)
updated maxmap 2: 683 (len: 742)
[1;94m[*] [0mFuzzing test case #545 (1290 total, 0 uniq crashes found)...[0m
scheduled max input!!!!
schedule: 8 level18_3/ijon_max/8
updated maxmap 6: 672 (len: 739)
updated maxmap 7: 67c (len: 739)
updated maxmap 8: 67e (len: 739)
[1;94m[*] [0mFuzzing test case #546 (1290 total, 0 uniq crashes found)...[0m
[1;94m[*] [0mFuzzing test case #547 (1290 total, 0 uniq crashes found)...[0m
scheduled max input!!!!
schedule: 7 level18_3/ijon_max/7
[1;94m[*] [0mFuzzing test case #548 (1290 total, 0 uniq crashes found)...[0m
[1;94m[*] [0mFuzzing test case #549 (1290 total, 0 uniq crashes found)...[0m
scheduled max input!!!!
schedule: 13 level18_3/ijon_max/13
[1;94m[*] [0mFuzzing test case #550 (1290 total, 0 uniq crashes found)...[0m
scheduled max input!!!!
schedule: 1 level18_3/ijon_max/1
[1;94m[*] [0mFuzzing test case #551 (1290 total, 0 uniq crashes found)...[0m
scheduled normal input!!!!
[1;94m[*] [0mFuzzing test case #552 (1290 total, 0 uniq crashes found)...[0m
[1;94m[*] [0mFuzzing test case #553 (1290 total, 0 uniq crashes found)...[0m
scheduled max input!!!!
schedule: 5 level18_3/ijon_max/5
[1;94m[*] [0mFuzzing test case #554 (1290 total, 0 uniq crashes found)...[0m
scheduled max input!!!!
schedule: 10 level18_3/ijon_max/10
[1;94m[*] [0mFuzzing test case #555 (1290 total, 0 uniq crashes found)...[0m
scheduled max input!!!!
schedule: 2 level18_3/ijon_max/2
updated maxmap 2: 686 (len: 742)
updated maxmap 1: 68b (len: 745)
updated maxmap 2: 68d (len: 745)
updated maxmap 3: 67d (len: 743)
[1;94m[*] [0mFuzzing test case #556 (1291 total, 0 uniq crashes found)...[0m
scheduled max input!!!!
schedule: 3 level18_3/ijon_max/3
updated maxmap 3: 684 (len: 743)
[1;94m[*] [0mFuzzing test case #557 (1291 total, 0 uniq crashes found)...[0m
[1;94m[*] [0mFuzzing test case #558 (1291 total, 0 uniq crashes found)...[0m
[1;94m[*] [0mFuzzing test case #559 (1291 total, 0 uniq crashes found)...[0m
scheduled max input!!!!
schedule: 6 level18_3/ijon_max/6
updated maxmap 2: 690 (len: 747)
updated maxmap 3: 687 (len: 747)
[1;94m[*] [0mFuzzing test case #560 (1291 total, 0 uniq crashes found)...[0m
scheduled max input!!!!
schedule: 13 level18_3/ijon_max/13
[1;94m[*] [0mFuzzing test case #561 (1291 total, 0 uniq crashes found)...[0m
scheduled max input!!!!
schedule: 4 level18_3/ijon_max/4
minimized maxmap 2: 690 (len: 745)
updated maxmap 4: 68a (len: 745)
updated maxmap 3: 689 (len: 745)
[1;94m[*] [0mFuzzing test case #562 (1292 total, 0 uniq crashes found)...[0m
scheduled max input!!!!
schedule: 4 level18_3/ijon_max/4
[1;94m[*] [0mFuzzing test case #563 (1292 total, 0 uniq crashes found)...[0m
scheduled max input!!!!
schedule: 7 level18_3/ijon_max/7
[1;94m[*] [0mFuzzing test case #564 (1292 total, 0 uniq crashes found)...[0m
scheduled max input!!!!
schedule: 9 level18_3/ijon_max/9
[1;94m[*] [0mFuzzing test case #565 (1292 total, 0 uniq crashes found)...[0m
[1;94m[*] [0mFuzzing test case #566 (1292 total, 0 uniq crashes found)...[0m
scheduled max input!!!!
schedule: 4 level18_3/ijon_max/4
[1;94m[*] [0mFuzzing test case #567 (1293 total, 0 uniq crashes found)...[0m
scheduled max input!!!!
schedule: 5 level18_3/ijon_max/5
[1;94m[*] [0mFuzzing test case #568 (1293 total, 0 uniq crashes found)...[0m
scheduled max input!!!!
schedule: 9 level18_3/ijon_max/9
[1;94m[*] [0mFuzzing test case #569 (1293 total, 0 uniq crashes found)...[0m
[1;94m[*] [0mFuzzing test case #570 (1293 total, 0 uniq crashes found)...[0m
scheduled max input!!!!
schedule: 13 level18_3/ijon_max/13
[1;94m[*] [0mFuzzing test case #571 (1293 total, 0 uniq crashes found)...[0m
scheduled max input!!!!
schedule: 11 level18_3/ijon_max/11
[1;94m[*] [0mFuzzing test case #572 (1293 total, 0 uniq crashes found)...[0m
scheduled max input!!!!
schedule: 10 level18_3/ijon_max/10
[1;94m[*] [0mFuzzing test case #573 (1293 total, 0 uniq crashes found)...[0m
scheduled max input!!!!
schedule: 10 level18_3/ijon_max/10
[1;94m[*] [0mFuzzing test case #574 (1293 total, 0 uniq crashes found)...[0m
[1;94m[*] [0mFuzzing test case #575 (1293 total, 0 uniq crashes found)...[0m
scheduled max input!!!!
schedule: 5 level18_3/ijon_max/5
[1;94m[*] [0mFuzzing test case #576 (1293 total, 0 uniq crashes found)...[0m
scheduled max input!!!!
schedule: 15 level18_3/ijon_max/15
[1;94m[*] [0mFuzzing test case #577 (1293 total, 0 uniq crashes found)...[0m
scheduled max input!!!!
schedule: 15 level18_3/ijon_max/15
[1;94m[*] [0mFuzzing test case #578 (1293 total, 0 uniq crashes found)...[0m
[1;94m[*] [0mFuzzing test case #579 (1293 total, 0 uniq crashes found)...[0m
[1;94m[*] [0mFuzzing test case #580 (1293 total, 0 uniq crashes found)...[0m
scheduled max input!!!!
schedule: 6 level18_3/ijon_max/6
updated maxmap 6: 679 (len: 739)
updated maxmap 5: 664 (len: 747)
updated maxmap 6: 67c (len: 747)
minimized maxmap 5: 664 (len: 739)
[1;94m[*] [0mFuzzing test case #581 (1293 total, 0 uniq crashes found)...[0m
scheduled max input!!!!
schedule: 15 level18_3/ijon_max/15
[1;94m[*] [0mFuzzing test case #582 (1293 total, 0 uniq crashes found)...[0m
[1;94m[*] [0mFuzzing test case #583 (1293 total, 0 uniq crashes found)...[0m
[1;94m[*] [0mFuzzing test case #584 (1293 total, 0 uniq crashes found)...[0m
scheduled max input!!!!
schedule: 13 level18_3/ijon_max/13
[1;94m[*] [0mFuzzing test case #585 (1293 total, 0 uniq crashes found)...[0m
scheduled max input!!!!
schedule: 14 level18_3/ijon_max/14
[1;94m[*] [0mFuzzing test case #586 (1293 total, 0 uniq crashes found)...[0m
scheduled max input!!!!
schedule: 8 level18_3/ijon_max/8
[1;94m[*] [0mFuzzing test case #587 (1293 total, 0 uniq crashes found)...[0m
scheduled max input!!!!
schedule: 13 level18_3/ijon_max/13
[1;94m[*] [0mFuzzing test case #588 (1293 total, 0 uniq crashes found)...[0m
scheduled max input!!!!
schedule: 14 level18_3/ijon_max/14
[1;94m[*] [0mFuzzing test case #589 (1293 total, 0 uniq crashes found)...[0m
scheduled max input!!!!
schedule: 3 level18_3/ijon_max/3
updated maxmap 3: 68a (len: 745)
updated maxmap 2: 697 (len: 751)
updated maxmap 3: 69a (len: 751)
updated maxmap 5: 67e (len: 751)
updated maxmap 3: 69c (len: 752)
updated maxmap 3: 6a0 (len: 752)
updated maxmap 4: 6a3 (len: 753)
updated maxmap 4: 6a5 (len: 754)
updated maxmap 3: 6a2 (len: 753)
updated maxmap 2: 69d (len: 751)
updated maxmap 2: 69f (len: 752)
[1;94m[*] [0mFuzzing test case #590 (1299 total, 0 uniq crashes found)...[0m
[1;94m[*] [0mFuzzing test case #591 (1299 total, 0 uniq crashes found)...[0m
scheduled max input!!!!
schedule: 14 level18_3/ijon_max/14
[1;94m[*] [0mFuzzing test case #592 (1299 total, 0 uniq crashes found)...[0m
scheduled max input!!!!
schedule: 15 level18_3/ijon_max/15
[1;94m[*] [0mFuzzing test case #593 (1299 total, 0 uniq crashes found)...[0m
scheduled max input!!!!
schedule: 9 level18_3/ijon_max/9
[1;94m[*] [0mFuzzing test case #594 (1299 total, 0 uniq crashes found)...[0m
[1;94m[*] [0mFuzzing test case #595 (1299 total, 0 uniq crashes found)...[0m
[1;94m[*] [0mFuzzing test case #596 (1299 total, 0 uniq crashes found)...[0m
scheduled max input!!!!
schedule: 4 level18_3/ijon_max/4
updated maxmap 3: 6a3 (len: 754)
updated maxmap 4: 6a8 (len: 754)
updated maxmap 6: 67e (len: 754)
updated maxmap 7: 67e (len: 754)
[1;94m[*] [0mFuzzing test case #597 (1299 total, 0 uniq crashes found)...[0m
[1;94m[*] [0mFuzzing test case #598 (1299 total, 0 uniq crashes found)...[0m
scheduled max input!!!!
schedule: 5 level18_3/ijon_max/5
updated maxmap 5: 67f (len: 751)
[1;94m[*] [0mFuzzing test case #599 (1299 total, 0 uniq crashes found)...[0m
scheduled max input!!!!
schedule: 0 level18_3/ijon_max/0
[1;94m[*] [0mFuzzing test case #600 (1299 total, 0 uniq crashes found)...[0m
[1;94m[*] [0mFuzzing test case #601 (1299 total, 0 uniq crashes found)...[0m
scheduled max input!!!!
schedule: 11 level18_3/ijon_max/11
[1;94m[*] [0mFuzzing test case #602 (1300 total, 0 uniq crashes found)...[0m
scheduled max input!!!!
schedule: 14 level18_3/ijon_max/14
[1;94m[*] [0mFuzzing test case #603 (1300 total, 0 uniq crashes found)...[0m
[1;94m[*] [0mFuzzing test case #604 (1300 total, 0 uniq crashes found)...[0m
scheduled max input!!!!
schedule: 3 level18_3/ijon_max/3
updated maxmap 3: 6a4 (len: 754)
updated maxmap 4: 6a9 (len: 754)
[1;94m[*] [0mFuzzing test case #605 (1300 total, 0 uniq crashes found)...[0m
scheduled max input!!!!
schedule: 4 level18_3/ijon_max/4
updated maxmap 3: 6ae (len: 757)
updated maxmap 3: 6b2 (len: 759)
updated maxmap 4: 6ad (len: 759)
[1;94m[*] [0mFuzzing test case #606 (1300 total, 0 uniq crashes found)...[0m
scheduled max input!!!!
schedule: 1 level18_3/ijon_max/1
[1;94m[*] [0mFuzzing test case #607 (1300 total, 0 uniq crashes found)...[0m
scheduled max input!!!!
schedule: 1 level18_3/ijon_max/1
[1;94m[*] [0mFuzzing test case #608 (1300 total, 0 uniq crashes found)...[0m
scheduled max input!!!!
schedule: 9 level18_3/ijon_max/9
[1;94m[*] [0mFuzzing test case #609 (1300 total, 0 uniq crashes found)...[0m
scheduled max input!!!!
schedule: 15 level18_3/ijon_max/15
[1;94m[*] [0mFuzzing test case #610 (1300 total, 0 uniq crashes found)...[0m
scheduled max input!!!!
schedule: 11 level18_3/ijon_max/11
[1;94m[*] [0mFuzzing test case #611 (1300 total, 0 uniq crashes found)...[0m
scheduled max input!!!!
schedule: 9 level18_3/ijon_max/9
[1;94m[*] [0mFuzzing test case #612 (1300 total, 0 uniq crashes found)...[0m
scheduled max input!!!!
schedule: 13 level18_3/ijon_max/13
[1;94m[*] [0mFuzzing test case #613 (1300 total, 0 uniq crashes found)...[0m
scheduled max input!!!!
schedule: 0 level18_3/ijon_max/0
[1;94m[*] [0mFuzzing test case #614 (1300 total, 0 uniq crashes found)...[0m
scheduled max input!!!!
schedule: 0 level18_3/ijon_max/0
[1;94m[*] [0mFuzzing test case #615 (1300 total, 0 uniq crashes found)...[0m
scheduled max input!!!!
schedule: 2 level18_3/ijon_max/2
updated maxmap 2: 6a0 (len: 752)
updated maxmap 2: 6b2 (len: 760)
[1;94m[*] [0mFuzzing test case #616 (1300 total, 0 uniq crashes found)...[0m
scheduled max input!!!!
schedule: 5 level18_3/ijon_max/5
[1;94m[*] [0mFuzzing test case #617 (1300 total, 0 uniq crashes found)...[0m
[1;94m[*] [0mFuzzing test case #618 (1300 total, 0 uniq crashes found)...[0m
scheduled max input!!!!
schedule: 0 level18_3/ijon_max/0
[1;94m[*] [0mFuzzing test case #619 (1300 total, 0 uniq crashes found)...[0m
scheduled max input!!!!
schedule: 3 level18_3/ijon_max/3
updated maxmap 3: 6b3 (len: 759)
updated maxmap 4: 6af (len: 759)
updated maxmap 3: 6b4 (len: 759)
updated maxmap 4: 6be (len: 767)
updated maxmap 5: 6c6 (len: 767)
[1;94m[*] [0mFuzzing test case #620 (1302 total, 0 uniq crashes found)...[0m
scheduled max input!!!!
schedule: 1 level18_3/ijon_max/1
[1;94m[*] [0mFuzzing test case #621 (1302 total, 0 uniq crashes found)...[0m
scheduled max input!!!!
schedule: 13 level18_3/ijon_max/13
[1;94m[*] [0mFuzzing test case #622 (1302 total, 0 uniq crashes found)...[0m
scheduled max input!!!!
schedule: 8 level18_3/ijon_max/8
[1;94m[*] [0mFuzzing test case #623 (1303 total, 0 uniq crashes found)...[0m
scheduled max input!!!!
schedule: 0 level18_3/ijon_max/0
[1;94m[*] [0mFuzzing test case #624 (1303 total, 0 uniq crashes found)...[0m
scheduled max input!!!!
schedule: 7 level18_3/ijon_max/7
[1;94m[*] [0mFuzzing test case #625 (1303 total, 0 uniq crashes found)...[0m
[1;94m[*] [0mFuzzing test case #626 (1303 total, 0 uniq crashes found)...[0m
[1;94m[*] [0mFuzzing test case #627 (1303 total, 0 uniq crashes found)...[0m
scheduled max input!!!!
schedule: 13 level18_3/ijon_max/13
[1;94m[*] [0mFuzzing test case #628 (1303 total, 0 uniq crashes found)...[0m
[1;94m[*] [0mFuzzing test case #629 (1303 total, 0 uniq crashes found)...[0m
scheduled max input!!!!
schedule: 9 level18_3/ijon_max/9
[1;94m[*] [0mFuzzing test case #630 (1303 total, 0 uniq crashes found)...[0m
scheduled max input!!!!
schedule: 2 level18_3/ijon_max/2
updated maxmap 2: 6b3 (len: 760)
updated maxmap 2: 6b4 (len: 760)
updated maxmap 2: 6b5 (len: 760)
updated maxmap 1: 69f (len: 762)
updated maxmap 3: 6b5 (len: 762)
[1;94m[*] [0mFuzzing test case #631 (1303 total, 0 uniq crashes found)...[0m
scheduled max input!!!!
schedule: 3 level18_3/ijon_max/3
updated maxmap 4: 6bf (len: 764)
updated maxmap 2: 6b7 (len: 762)
updated maxmap 1: 6a0 (len: 762)
updated maxmap 2: 6b8 (len: 762)
[1;94m[*] [0mFuzzing test case #632 (1303 total, 0 uniq crashes found)...[0m
scheduled max input!!!!
schedule: 3 level18_3/ijon_max/3
updated maxmap 2: 6b9 (len: 762)
[1;94m[*] [0mFuzzing test case #633 (1303 total, 0 uniq crashes found)...[0m
scheduled max input!!!!
schedule: 2 level18_3/ijon_max/2
updated maxmap 2: 6c1 (len: 766)
updated maxmap 3: 6bc (len: 766)
[1;94m[*] [0mFuzzing test case #634 (1303 total, 0 uniq crashes found)...[0m
scheduled max input!!!!
schedule: 0 level18_3/ijon_max/0
[1;94m[*] [0mFuzzing test case #635 (1303 total, 0 uniq crashes found)...[0m
scheduled max input!!!!
schedule: 1 level18_3/ijon_max/1
updated maxmap 2: 6cc (len: 769)
updated maxmap 1: 6a1 (len: 762)
[1;94m[*] [0mFuzzing test case #636 (1304 total, 0 uniq crashes found)...[0m
scheduled max input!!!!
schedule: 14 level18_3/ijon_max/14
[1;94m[*] [0mFuzzing test case #637 (1304 total, 0 uniq crashes found)...[0m
scheduled max input!!!!
schedule: 13 level18_3/ijon_max/13
[1;94m[*] [0mFuzzing test case #638 (1304 total, 0 uniq crashes found)...[0m
scheduled max input!!!!
schedule: 2 level18_3/ijon_max/2
updated maxmap 2: 6cd (len: 769)
[1;94m[*] [0mFuzzing test case #639 (1304 total, 0 uniq crashes found)...[0m
[1;94m[*] [0mFuzzing test case #640 (1304 total, 0 uniq crashes found)...[0m
scheduled max input!!!!
schedule: 7 level18_3/ijon_max/7
[1;94m[*] [0mFuzzing test case #641 (1304 total, 0 uniq crashes found)...[0m
scheduled max input!!!!
schedule: 0 level18_3/ijon_max/0
[1;94m[*] [0mFuzzing test case #642 (1304 total, 0 uniq crashes found)...[0m
[1;94m[*] [0mFuzzing test case #643 (1304 total, 0 uniq crashes found)...[0m
[1;94m[*] [0mFuzzing test case #644 (1304 total, 0 uniq crashes found)...[0m
scheduled max input!!!!
schedule: 3 level18_3/ijon_max/3
updated maxmap 4: 6c2 (len: 766)
updated maxmap 3: 6bd (len: 766)
updated maxmap 3: 6d2 (len: 772)
[1;94m[*] [0mFuzzing test case #645 (1304 total, 0 uniq crashes found)...[0m
scheduled max input!!!!
schedule: 2 level18_3/ijon_max/2
[1;94m[*] [0mFuzzing test case #646 (1304 total, 0 uniq crashes found)...[0m
[1;94m[*] [0mFuzzing test case #647 (1304 total, 0 uniq crashes found)...[0m
scheduled max input!!!!
schedule: 7 level18_3/ijon_max/7
[1;94m[*] [0mFuzzing test case #648 (1304 total, 0 uniq crashes found)...[0m
scheduled max input!!!!
schedule: 7 level18_3/ijon_max/7
[1;94m[*] [0mFuzzing test case #649 (1304 total, 0 uniq crashes found)...[0m
scheduled max input!!!!
schedule: 12 level18_3/ijon_max/12
[1;94m[*] [0mFuzzing test case #650 (1304 total, 0 uniq crashes found)...[0m
[1;94m[*] [0mFuzzing test case #651 (1304 total, 0 uniq crashes found)...[0m
scheduled max input!!!!
schedule: 7 level18_3/ijon_max/7
[1;94m[*] [0mFuzzing test case #652 (1304 total, 0 uniq crashes found)...[0m
scheduled max input!!!!
schedule: 1 level18_3/ijon_max/1
updated maxmap 5: 6c8 (len: 768)
[1;94m[*] [0mFuzzing test case #653 (1304 total, 0 uniq crashes found)...[0m
scheduled max input!!!!
schedule: 12 level18_3/ijon_max/12
[1;94m[*] [0mFuzzing test case #654 (1304 total, 0 uniq crashes found)...[0m
scheduled max input!!!!
schedule: 15 level18_3/ijon_max/15
[1;94m[*] [0mFuzzing test case #655 (1304 total, 0 uniq crashes found)...[0m
scheduled max input!!!!
schedule: 6 level18_3/ijon_max/6
[1;94m[*] [0mFuzzing test case #656 (1304 total, 0 uniq crashes found)...[0m
scheduled max input!!!!
schedule: 0 level18_3/ijon_max/0
[1;94m[*] [0mFuzzing test case #657 (1304 total, 0 uniq crashes found)...[0m
[1;94m[*] [0mFuzzing test case #658 (1304 total, 0 uniq crashes found)...[0m
[1;94m[*] [0mFuzzing test case #659 (1304 total, 0 uniq crashes found)...[0m
scheduled max input!!!!
schedule: 15 level18_3/ijon_max/15
[1;94m[*] [0mFuzzing test case #660 (1304 total, 0 uniq crashes found)...[0m
scheduled max input!!!!
schedule: 2 level18_3/ijon_max/2
updated maxmap 4: 6c3 (len: 769)
updated maxmap 5: 6cb (len: 769)
[1;94m[*] [0mFuzzing test case #661 (1304 total, 0 uniq crashes found)...[0m
[1;94m[*] [0mFuzzing test case #662 (1304 total, 0 uniq crashes found)...[0m
[1;94m[*] [0mFuzzing test case #663 (1304 total, 0 uniq crashes found)...[0m
scheduled max input!!!!
schedule: 0 level18_3/ijon_max/0
[1;94m[*] [0mFuzzing test case #664 (1304 total, 0 uniq crashes found)...[0m
scheduled max input!!!!
schedule: 7 level18_3/ijon_max/7
[1;94m[*] [0mFuzzing test case #665 (1304 total, 0 uniq crashes found)...[0m
scheduled max input!!!!
schedule: 9 level18_3/ijon_max/9
[1;94m[*] [0mFuzzing test case #666 (1304 total, 0 uniq crashes found)...[0m
scheduled max input!!!!
schedule: 2 level18_3/ijon_max/2
[1;94m[*] [0mFuzzing test case #667 (1304 total, 0 uniq crashes found)...[0m
[1;94m[*] [0mFuzzing test case #668 (1304 total, 0 uniq crashes found)...[0m
scheduled max input!!!!
schedule: 2 level18_3/ijon_max/2
updated maxmap 6: 6cb (len: 769)
[1;94m[*] [0mFuzzing test case #669 (1304 total, 0 uniq crashes found)...[0m
scheduled max input!!!!
schedule: 2 level18_3/ijon_max/2
[1;94m[*] [0mFuzzing test case #670 (1304 total, 0 uniq crashes found)...[0m
scheduled max input!!!!
schedule: 5 level18_3/ijon_max/5
updated maxmap 4: 6c4 (len: 769)
updated maxmap 5: 6cc (len: 769)
updated maxmap 6: 6cc (len: 769)
updated maxmap 4: 6c5 (len: 769)
[1;94m[*] [0mFuzzing test case #671 (1304 total, 0 uniq crashes found)...[0m
scheduled max input!!!!
schedule: 13 level18_3/ijon_max/13
[1;94m[*] [0mFuzzing test case #672 (1304 total, 0 uniq crashes found)...[0m
[1;94m[*] [0mFuzzing test case #673 (1304 total, 0 uniq crashes found)...[0m
scheduled max input!!!!
schedule: 4 level18_3/ijon_max/4
[1;94m[*] [0mFuzzing test case #674 (1305 total, 0 uniq crashes found)...[0m
scheduled max input!!!!
schedule: 11 level18_3/ijon_max/11
[1;94m[*] [0mFuzzing test case #675 (1305 total, 0 uniq crashes found)...[0m
[1;94m[*] [0mFuzzing test case #676 (1305 total, 0 uniq crashes found)...[0m
scheduled max input!!!!
schedule: 12 level18_3/ijon_max/12
[1;94m[*] [0mFuzzing test case #677 (1305 total, 0 uniq crashes found)...[0m
scheduled max input!!!!
schedule: 9 level18_3/ijon_max/9
[1;94m[*] [0mFuzzing test case #678 (1305 total, 0 uniq crashes found)...[0m
scheduled max input!!!!
schedule: 4 level18_3/ijon_max/4
[1;94m[*] [0mFuzzing test case #679 (1305 total, 0 uniq crashes found)...[0m
scheduled max input!!!!
schedule: 10 level18_3/ijon_max/10
[1;94m[*] [0mFuzzing test case #680 (1305 total, 0 uniq crashes found)...[0m
[1;94m[*] [0mFuzzing test case #681 (1305 total, 0 uniq crashes found)...[0m
[1;94m[*] [0mFuzzing test case #682 (1305 total, 0 uniq crashes found)...[0m
[1;94m[*] [0mFuzzing test case #683 (1305 total, 0 uniq crashes found)...[0m
scheduled max input!!!!
schedule: 6 level18_3/ijon_max/6
updated maxmap 4: 6ca (len: 769)
updated maxmap 6: 6cf (len: 771)
updated maxmap 5: 6cd (len: 771)
[1;94m[*] [0mFuzzing test case #684 (1306 total, 0 uniq crashes found)...[0m
scheduled max input!!!!
schedule: 4 level18_3/ijon_max/4
updated maxmap 2: 6d7 (len: 774)
updated maxmap 2: 6e0 (len: 777)
[1;94m[*] [0mFuzzing test case #685 (1307 total, 0 uniq crashes found)...[0m
scheduled max input!!!!
schedule: 0 level18_3/ijon_max/0
[1;94m[*] [0mFuzzing test case #686 (1307 total, 0 uniq crashes found)...[0m
[1;94m[*] [0mFuzzing test case #687 (1307 total, 0 uniq crashes found)...[0m
scheduled max input!!!!
schedule: 11 level18_3/ijon_max/11
[1;94m[*] [0mFuzzing test case #688 (1307 total, 0 uniq crashes found)...[0m
scheduled max input!!!!
schedule: 4 level18_3/ijon_max/4
[1;94m[*] [0mFuzzing test case #689 (1307 total, 0 uniq crashes found)...[0m
scheduled max input!!!!
schedule: 5 level18_3/ijon_max/5
updated maxmap 5: 6ce (len: 778)
updated maxmap 7: 6cd (len: 778)
minimized maxmap 5: 6ce (len: 771)
updated maxmap 6: 6d0 (len: 771)
[1;94m[*] [0mFuzzing test case #690 (1307 total, 0 uniq crashes found)...[0m
scheduled max input!!!!
schedule: 6 level18_3/ijon_max/6
updated maxmap 1: 6c9 (len: 791)
updated maxmap 2: 6f9 (len: 791)
updated maxmap 3: 6ec (len: 791)
updated maxmap 4: 6e4 (len: 791)
updated maxmap 6: 6d2 (len: 774)
updated maxmap 7: 6d7 (len: 774)
[1;94m[*] [0mFuzzing test case #691 (1310 total, 0 uniq crashes found)...[0m
scheduled max input!!!!
schedule: 1 level18_3/ijon_max/1
updated maxmap 1: 6ca (len: 791)
updated maxmap 2: 6fa (len: 791)
updated maxmap 4: 6e5 (len: 791)
updated maxmap 1: 6f9 (len: 791)
updated maxmap 1: 6fc (len: 791)
updated maxmap 3: 6ee (len: 791)
updated maxmap 4: 6e6 (len: 791)
updated maxmap 4: 6e7 (len: 791)
[1;94m[*] [0mFuzzing test case #692 (1310 total, 0 uniq crashes found)...[0m
scheduled max input!!!!
schedule: 9 level18_3/ijon_max/9
[1;94m[*] [0mFuzzing test case #693 (1310 total, 0 uniq crashes found)...[0m
scheduled max input!!!!
schedule: 9 level18_3/ijon_max/9
[1;94m[*] [0mFuzzing test case #694 (1310 total, 0 uniq crashes found)...[0m
scheduled max input!!!!
schedule: 15 level18_3/ijon_max/15
[1;94m[*] [0mFuzzing test case #695 (1310 total, 0 uniq crashes found)...[0m
scheduled max input!!!!
schedule: 4 level18_3/ijon_max/4
updated maxmap 3: 6ef (len: 791)
[1;94m[*] [0mFuzzing test case #696 (1310 total, 0 uniq crashes found)...[0m
scheduled max input!!!!
schedule: 7 level18_3/ijon_max/7
[1;94m[*] [0mFuzzing test case #697 (1311 total, 0 uniq crashes found)...[0m
scheduled max input!!!!
schedule: 9 level18_3/ijon_max/9
[1;94m[*] [0mFuzzing test case #698 (1311 total, 0 uniq crashes found)...[0m
[1;94m[*] [0mFuzzing test case #699 (1311 total, 0 uniq crashes found)...[0m
scheduled max input!!!!
schedule: 5 level18_3/ijon_max/5
[1;94m[*] [0mFuzzing test case #700 (1311 total, 0 uniq crashes found)...[0m
scheduled max input!!!!
schedule: 12 level18_3/ijon_max/12
[1;94m[*] [0mFuzzing test case #701 (1311 total, 0 uniq crashes found)...[0m
scheduled max input!!!!
schedule: 14 level18_3/ijon_max/14
[1;94m[*] [0mFuzzing test case #702 (1311 total, 0 uniq crashes found)...[0m
scheduled max input!!!!
schedule: 11 level18_3/ijon_max/11
[1;94m[*] [0mFuzzing test case #703 (1311 total, 0 uniq crashes found)...[0m
scheduled max input!!!!
schedule: 2 level18_3/ijon_max/2
updated maxmap 2: 6fb (len: 791)
updated maxmap 2: 6fd (len: 791)
updated maxmap 4: 6e8 (len: 791)
updated maxmap 6: 6f3 (len: 792)
updated maxmap 7: 6eb (len: 792)
updated maxmap 8: 6e6 (len: 792)
updated maxmap 2: 70c (len: 798)
updated maxmap 3: 6f1 (len: 791)
updated maxmap 4: 6ea (len: 791)
updated maxmap 3: 6f6 (len: 791)
updated maxmap 4: 6f0 (len: 791)
updated maxmap 1: 6ff (len: 799)
updated maxmap 3: 70e (len: 799)
updated maxmap 4: 6f7 (len: 792)
updated maxmap 1: 701 (len: 799)
updated maxmap 3: 710 (len: 799)
[1;94m[*] [0mFuzzing test case #704 (1321 total, 0 uniq crashes found)...[0m
scheduled max input!!!!
schedule: 15 level18_3/ijon_max/15
[1;94m[*] [0mFuzzing test case #705 (1321 total, 0 uniq crashes found)...[0m
[1;94m[*] [0mFuzzing test case #706 (1321 total, 0 uniq crashes found)...[0m
scheduled max input!!!!
schedule: 2 level18_3/ijon_max/2
updated maxmap 2: 70e (len: 798)
updated maxmap 3: 71c (len: 806)
updated maxmap 4: 71a (len: 806)
[1;94m[*] [0mFuzzing test case #707 (1322 total, 0 uniq crashes found)...[0m
scheduled max input!!!!
schedule: 4 level18_3/ijon_max/4
updated maxmap 3: 71e (len: 806)
updated maxmap 4: 71c (len: 806)
updated maxmap 3: 71f (len: 806)
updated maxmap 4: 71d (len: 806)
updated maxmap 3: 720 (len: 806)
updated maxmap 4: 71e (len: 806)
updated maxmap 3: 721 (len: 806)
updated maxmap 4: 71f (len: 806)
updated maxmap 1: 702 (len: 806)
updated maxmap 3: 722 (len: 806)
updated maxmap 4: 720 (len: 806)
[1;94m[*] [0mFuzzing test case #708 (1322 total, 0 uniq crashes found)...[0m
scheduled max input!!!!
schedule: 7 level18_3/ijon_max/7
updated maxmap 6: 6f4 (len: 792)
updated maxmap 7: 6ed (len: 792)
updated maxmap 8: 6e7 (len: 792)
[1;94m[*] [0mFuzzing test case #709 (1322 total, 0 uniq crashes found)...[0m
scheduled max input!!!!
schedule: 3 level18_3/ijon_max/3
updated maxmap 1: 704 (len: 806)
updated maxmap 3: 724 (len: 806)
updated maxmap 4: 722 (len: 806)
[1;94m[*] [0mFuzzing test case #710 (1322 total, 0 uniq crashes found)...[0m
scheduled max input!!!!
schedule: 9 level18_3/ijon_max/9
[1;94m[*] [0mFuzzing test case #711 (1322 total, 0 uniq crashes found)...[0m
scheduled max input!!!!
schedule: 11 level18_3/ijon_max/11
[1;94m[*] [0mFuzzing test case #712 (1322 total, 0 uniq crashes found)...[0m
scheduled max input!!!!
schedule: 5 level18_3/ijon_max/5
[1;94m[*] [0mFuzzing test case #713 (1322 total, 0 uniq crashes found)...[0m
scheduled max input!!!!
schedule: 2 level18_3/ijon_max/2
minimized maxmap 1: 704 (len: 803)
updated maxmap 2: 710 (len: 803)
minimized maxmap 1: 704 (len: 798)
updated maxmap 1: 705 (len: 798)
updated maxmap 2: 711 (len: 799)
[1;94m[*] [0mFuzzing test case #714 (1322 total, 0 uniq crashes found)...[0m
[1;94m[*] [0mFuzzing test case #715 (1322 total, 0 uniq crashes found)...[0m
scheduled max input!!!!
schedule: 15 level18_3/ijon_max/15
[1;94m[*] [0mFuzzing test case #716 (1322 total, 0 uniq crashes found)...[0m
scheduled max input!!!!
schedule: 10 level18_3/ijon_max/10
[1;94m[*] [0mFuzzing test case #717 (1322 total, 0 uniq crashes found)...[0m
[1;94m[*] [0mFuzzing test case #718 (1322 total, 0 uniq crashes found)...[0m
scheduled max input!!!!
schedule: 8 level18_3/ijon_max/8
updated maxmap 6: 6f5 (len: 792)
[1;94m[*] [0mFuzzing test case #719 (1322 total, 0 uniq crashes found)...[0m
scheduled max input!!!!
schedule: 8 level18_3/ijon_max/8
[1;94m[*] [0mFuzzing test case #720 (1322 total, 0 uniq crashes found)...[0m
scheduled max input!!!!
schedule: 0 level18_3/ijon_max/0
[1;94m[*] [0mFuzzing test case #721 (1322 total, 0 uniq crashes found)...[0m
scheduled max input!!!!
schedule: 5 level18_3/ijon_max/5
[1;94m[*] [0mFuzzing test case #722 (1322 total, 0 uniq crashes found)...[0m
scheduled max input!!!!
schedule: 9 level18_3/ijon_max/9
[1;94m[*] [0mFuzzing test case #723 (1322 total, 0 uniq crashes found)...[0m
scheduled max input!!!!
schedule: 15 level18_3/ijon_max/15
[1;94m[*] [0mFuzzing test case #724 (1322 total, 0 uniq crashes found)...[0m
scheduled max input!!!!
schedule: 12 level18_3/ijon_max/12
[1;94m[*] [0mFuzzing test case #725 (1322 total, 0 uniq crashes found)...[0m
scheduled max input!!!!
schedule: 0 level18_3/ijon_max/0
[1;94m[*] [0mFuzzing test case #726 (1322 total, 0 uniq crashes found)...[0m
scheduled max input!!!!
schedule: 6 level18_3/ijon_max/6
[1;94m[*] [0mFuzzing test case #727 (1322 total, 0 uniq crashes found)...[0m
[1;94m[*] [0mFuzzing test case #728 (1322 total, 0 uniq crashes found)...[0m
scheduled max input!!!!
schedule: 4 level18_3/ijon_max/4
updated maxmap 2: 725 (len: 806)
updated maxmap 3: 731 (len: 813)
updated maxmap 4: 72f (len: 813)
updated maxmap 6: 709 (len: 806)
updated maxmap 7: 724 (len: 806)
updated maxmap 8: 71d (len: 806)
updated maxmap 6: 70f (len: 812)
updated maxmap 5: 6ec (len: 808)
minimized maxmap 3: 731 (len: 812)
updated maxmap 1: 708 (len: 806)
updated maxmap 3: 733 (len: 813)
[1;94m[*] [0mFuzzing test case #729 (1334 total, 0 uniq crashes found)...[0m
scheduled max input!!!!
schedule: 10 level18_3/ijon_max/10
[1;94m[*] [0mFuzzing test case #730 (1334 total, 0 uniq crashes found)...[0m
scheduled max input!!!!
schedule: 4 level18_3/ijon_max/4
updated maxmap 2: 732 (len: 813)
updated maxmap 6: 733 (len: 813)
[1;94m[*] [0mFuzzing test case #731 (1334 total, 0 uniq crashes found)...[0m
scheduled max input!!!!
schedule: 14 level18_3/ijon_max/14
[1;94m[*] [0mFuzzing test case #732 (1334 total, 0 uniq crashes found)...[0m
scheduled max input!!!!
schedule: 4 level18_3/ijon_max/4
[1;94m[*] [0mFuzzing test case #733 (1334 total, 0 uniq crashes found)...[0m
[1;94m[*] [0mFuzzing test case #734 (1334 total, 0 uniq crashes found)...[0m
scheduled max input!!!!
schedule: 10 level18_3/ijon_max/10
[1;94m[*] [0mFuzzing test case #735 (1334 total, 0 uniq crashes found)...[0m
scheduled max input!!!!
schedule: 9 level18_3/ijon_max/9
[1;94m[*] [0mFuzzing test case #736 (1334 total, 0 uniq crashes found)...[0m
scheduled max input!!!!
schedule: 14 level18_3/ijon_max/14
[1;94m[*] [0mFuzzing test case #737 (1334 total, 0 uniq crashes found)...[0m
[1;94m[*] [0mFuzzing test case #738 (1334 total, 0 uniq crashes found)...[0m
scheduled max input!!!!
schedule: 6 level18_3/ijon_max/6
updated maxmap 6: 737 (len: 815)
updated maxmap 7: 727 (len: 815)
updated maxmap 8: 720 (len: 815)
minimized maxmap 7: 727 (len: 813)
minimized maxmap 8: 720 (len: 813)
updated maxmap 8: 721 (len: 813)
[1;94m[*] [0mFuzzing test case #739 (1334 total, 0 uniq crashes found)...[0m
[1;94m[*] [0mFuzzing test case #740 (1334 total, 0 uniq crashes found)...[0m
scheduled max input!!!!
schedule: 15 level18_3/ijon_max/15
[1;94m[*] [0mFuzzing test case #741 (1334 total, 0 uniq crashes found)...[0m
scheduled max input!!!!
schedule: 10 level18_3/ijon_max/10
[1;94m[*] [0mFuzzing test case #742 (1334 total, 0 uniq crashes found)...[0m
scheduled max input!!!!
schedule: 9 level18_3/ijon_max/9
[1;94m[*] [0mFuzzing test case #743 (1334 total, 0 uniq crashes found)...[0m
[1;94m[*] [0mFuzzing test case #744 (1334 total, 0 uniq crashes found)...[0m
scheduled max input!!!!
schedule: 10 level18_3/ijon_max/10
[1;94m[*] [0mFuzzing test case #745 (1334 total, 0 uniq crashes found)...[0m
[1;94m[*] [0mFuzzing test case #746 (1334 total, 0 uniq crashes found)...[0m
[1;94m[*] [0mFuzzing test case #747 (1334 total, 0 uniq crashes found)...[0m
scheduled max input!!!!
schedule: 9 level18_3/ijon_max/9
[1;94m[*] [0mFuzzing test case #748 (1334 total, 0 uniq crashes found)...[0m
scheduled max input!!!!
schedule: 13 level18_3/ijon_max/13
[1;94m[*] [0mFuzzing test case #749 (1334 total, 0 uniq crashes found)...[0m
scheduled max input!!!!
schedule: 15 level18_3/ijon_max/15
[1;94m[*] [0mFuzzing test case #750 (1334 total, 0 uniq crashes found)...[0m
scheduled max input!!!!
schedule: 8 level18_3/ijon_max/8
updated maxmap 2: 734 (len: 813)
[1;94m[*] [0mFuzzing test case #751 (1334 total, 0 uniq crashes found)...[0m
scheduled max input!!!!
schedule: 11 level18_3/ijon_max/11
[1;94m[*] [0mFuzzing test case #752 (1334 total, 0 uniq crashes found)...[0m
scheduled max input!!!!
schedule: 7 level18_3/ijon_max/7
updated maxmap 6: 739 (len: 816)
[1;94m[*] [0mFuzzing test case #753 (1334 total, 0 uniq crashes found)...[0m
scheduled max input!!!!
schedule: 11 level18_3/ijon_max/11
[1;94m[*] [0mFuzzing test case #754 (1334 total, 0 uniq crashes found)...[0m
scheduled max input!!!!
schedule: 3 level18_3/ijon_max/3
updated maxmap 3: 734 (len: 813)
[1;94m[*] [0mFuzzing test case #755 (1334 total, 0 uniq crashes found)...[0m
scheduled max input!!!!
schedule: 4 level18_3/ijon_max/4
updated maxmap 2: 736 (len: 813)
[1;94m[*] [0mFuzzing test case #756 (1334 total, 0 uniq crashes found)...[0m
scheduled max input!!!!
schedule: 15 level18_3/ijon_max/15
[1;94m[*] [0mFuzzing test case #757 (1334 total, 0 uniq crashes found)...[0m
scheduled max input!!!!
schedule: 11 level18_3/ijon_max/11
[1;94m[*] [0mFuzzing test case #758 (1334 total, 0 uniq crashes found)...[0m
scheduled max input!!!!
schedule: 6 level18_3/ijon_max/6
updated maxmap 7: 72a (len: 816)
updated maxmap 8: 723 (len: 816)
updated maxmap 6: 73a (len: 816)
updated maxmap 5: 730 (len: 821)
updated maxmap 6: 73d (len: 821)
updated maxmap 7: 747 (len: 821)
updated maxmap 8: 749 (len: 821)
minimized maxmap 5: 730 (len: 816)
minimized maxmap 6: 73d (len: 816)
updated maxmap 5: 731 (len: 816)
updated maxmap 6: 73e (len: 816)
updated maxmap 5: 738 (len: 822)
updated maxmap 1: 72f (len: 816)
updated maxmap 2: 73b (len: 816)
updated maxmap 2: 73c (len: 816)
updated maxmap 5: 739 (len: 821)
updated maxmap 1: 730 (len: 816)
updated maxmap 2: 73d (len: 816)
updated maxmap 6: 742 (len: 818)
updated maxmap 5: 73b (len: 819)
updated maxmap 1: 731 (len: 816)
updated maxmap 7: 74c (len: 823)
updated maxmap 8: 74e (len: 823)
[1;94m[*] [0mFuzzing test case #759 (1340 total, 0 uniq crashes found)...[0m
scheduled max input!!!!
schedule: 13 level18_3/ijon_max/13
[1;94m[*] [0mFuzzing test case #760 (1340 total, 0 uniq crashes found)...[0m
[1;94m[*] [0mFuzzing test case #761 (1340 total, 0 uniq crashes found)...[0m
scheduled max input!!!!
schedule: 0 level18_3/ijon_max/0
[1;94m[*] [0mFuzzing test case #762 (1340 total, 0 uniq crashes found)...[0m
scheduled max input!!!!
schedule: 3 level18_3/ijon_max/3
updated maxmap 4: 731 (len: 813)
[1;94m[*] [0mFuzzing test case #763 (1340 total, 0 uniq crashes found)...[0m
scheduled max input!!!!
schedule: 13 level18_3/ijon_max/13
[1;94m[*] [0mFuzzing test case #764 (1340 total, 0 uniq crashes found)...[0m
scheduled max input!!!!
schedule: 9 level18_3/ijon_max/9
[1;94m[*] [0mFuzzing test case #765 (1340 total, 0 uniq crashes found)...[0m
scheduled max input!!!!
schedule: 12 level18_3/ijon_max/12
[1;94m[*] [0mFuzzing test case #766 (1340 total, 0 uniq crashes found)...[0m
scheduled max input!!!!
schedule: 7 level18_3/ijon_max/7
updated maxmap 8: 74f (len: 823)
updated maxmap 7: 74f (len: 823)
[1;94m[*] [0mFuzzing test case #767 (1340 total, 0 uniq crashes found)...[0m
scheduled max input!!!!
schedule: 1 level18_3/ijon_max/1
[1;94m[*] [0mFuzzing test case #768 (1340 total, 0 uniq crashes found)...[0m
scheduled max input!!!!
schedule: 9 level18_3/ijon_max/9
[1;94m[*] [0mFuzzing test case #769 (1340 total, 0 uniq crashes found)...[0m
scheduled max input!!!!
schedule: 0 level18_3/ijon_max/0
[1;94m[*] [0mFuzzing test case #770 (1340 total, 0 uniq crashes found)...[0m
scheduled max input!!!!
schedule: 13 level18_3/ijon_max/13
[1;94m[*] [0mFuzzing test case #771 (1340 total, 0 uniq crashes found)...[0m
scheduled max input!!!!
schedule: 11 level18_3/ijon_max/11
[1;94m[*] [0mFuzzing test case #772 (1340 total, 0 uniq crashes found)...[0m
[1;94m[*] [0mFuzzing test case #773 (1340 total, 0 uniq crashes found)...[0m
scheduled max input!!!!
schedule: 1 level18_3/ijon_max/1
updated maxmap 1: 73a (len: 821)
updated maxmap 2: 742 (len: 821)
[1;94m[*] [0mFuzzing test case #774 (1340 total, 0 uniq crashes found)...[0m
scheduled max input!!!!
schedule: 0 level18_3/ijon_max/0
[1;94m[*] [0mFuzzing test case #775 (1340 total, 0 uniq crashes found)...[0m
scheduled max input!!!!
schedule: 7 level18_3/ijon_max/7
updated maxmap 7: 751 (len: 824)
updated maxmap 3: 750 (len: 827)
updated maxmap 4: 74d (len: 827)
[1;94m[*] [0mFuzzing test case #776 (1341 total, 0 uniq crashes found)...[0m
scheduled max input!!!!
schedule: 7 level18_3/ijon_max/7
updated maxmap 7: 752 (len: 824)
[1;94m[*] [0mFuzzing test case #777 (1341 total, 0 uniq crashes found)...[0m
scheduled max input!!!!
schedule: 9 level18_3/ijon_max/9
[1;94m[*] [0mFuzzing test case #778 (1341 total, 0 uniq crashes found)...[0m
scheduled max input!!!!
schedule: 4 level18_3/ijon_max/4
updated maxmap 3: 751 (len: 827)
updated maxmap 4: 74e (len: 827)
updated maxmap 2: 744 (len: 827)
updated maxmap 3: 753 (len: 827)
updated maxmap 4: 750 (len: 827)
updated maxmap 2: 746 (len: 827)
updated maxmap 3: 755 (len: 827)
updated maxmap 4: 752 (len: 827)
[1;94m[*] [0mFuzzing test case #779 (1341 total, 0 uniq crashes found)...[0m
scheduled max input!!!!
schedule: 4 level18_3/ijon_max/4
updated maxmap 4: 753 (len: 827)
updated maxmap 1: 73b (len: 827)
updated maxmap 2: 747 (len: 827)
updated maxmap 3: 756 (len: 827)
updated maxmap 4: 754 (len: 827)
updated maxmap 3: 75c (len: 830)
updated maxmap 4: 755 (len: 830)
minimized maxmap 4: 755 (len: 827)
updated maxmap 4: 756 (len: 827)
updated maxmap 2: 748 (len: 827)
updated maxmap 4: 757 (len: 827)
updated maxmap 1: 73c (len: 827)
updated maxmap 2: 74a (len: 827)
[1;94m[*] [0mFuzzing test case #780 (1342 total, 0 uniq crashes found)...[0m
scheduled max input!!!!
schedule: 14 level18_3/ijon_max/14
[1;94m[*] [0mFuzzing test case #781 (1342 total, 0 uniq crashes found)...[0m
scheduled max input!!!!
schedule: 5 level18_3/ijon_max/5
[1;94m[*] [0mFuzzing test case #782 (1342 total, 0 uniq crashes found)...[0m
scheduled max input!!!!
schedule: 1 level18_3/ijon_max/1
updated maxmap 1: 73d (len: 827)
updated maxmap 4: 758 (len: 827)
updated maxmap 2: 751 (len: 827)
[1;94m[*] [0mFuzzing test case #783 (1342 total, 0 uniq crashes found)...[0m
scheduled max input!!!!
schedule: 10 level18_3/ijon_max/10
[1;94m[*] [0mFuzzing test case #784 (1342 total, 0 uniq crashes found)...[0m
[1;94m[*] [0mFuzzing test case #785 (1342 total, 0 uniq crashes found)...[0m
scheduled max input!!!!
schedule: 3 level18_3/ijon_max/3
updated maxmap 3: 75e (len: 832)
updated maxmap 4: 75a (len: 831)
updated maxmap 1: 73f (len: 836)
updated maxmap 4: 75c (len: 836)
[1;94m[*] [0mFuzzing test case #786 (1342 total, 0 uniq crashes found)...[0m
scheduled max input!!!!
schedule: 11 level18_3/ijon_max/11
[1;94m[*] [0mFuzzing test case #787 (1342 total, 0 uniq crashes found)...[0m
scheduled max input!!!!
schedule: 12 level18_3/ijon_max/12
[1;94m[*] [0mFuzzing test case #788 (1342 total, 0 uniq crashes found)...[0m
scheduled max input!!!!
schedule: 7 level18_3/ijon_max/7
updated maxmap 6: 76a (len: 834)
updated maxmap 7: 759 (len: 834)
updated maxmap 8: 752 (len: 834)
minimized maxmap 8: 752 (len: 824)
updated maxmap 8: 757 (len: 827)
[1;94m[*] [0mFuzzing test case #789 (1344 total, 0 uniq crashes found)...[0m
scheduled max input!!!!
schedule: 6 level18_3/ijon_max/6
[1;94m[*] [0mFuzzing test case #790 (1344 total, 0 uniq crashes found)...[0m
scheduled max input!!!!
schedule: 11 level18_3/ijon_max/11
[1;94m[*] [0mFuzzing test case #791 (1344 total, 0 uniq crashes found)...[0m
scheduled max input!!!!
schedule: 3 level18_3/ijon_max/3
updated maxmap 3: 760 (len: 832)
updated maxmap 3: 761 (len: 832)
[1;94m[*] [0mFuzzing test case #792 (1344 total, 0 uniq crashes found)...[0m
scheduled max input!!!!
schedule: 14 level18_3/ijon_max/14
[1;94m[*] [0mFuzzing test case #793 (1344 total, 0 uniq crashes found)...[0m
scheduled max input!!!!
schedule: 0 level18_3/ijon_max/0
[1;94m[*] [0mFuzzing test case #794 (1344 total, 0 uniq crashes found)...[0m
scheduled max input!!!!
schedule: 8 level18_3/ijon_max/8
updated maxmap 8: 758 (len: 827)
updated maxmap 8: 759 (len: 827)
[1;94m[*] [0mFuzzing test case #795 (1344 total, 0 uniq crashes found)...[0m
scheduled max input!!!!
schedule: 6 level18_3/ijon_max/6
[1;94m[*] [0mFuzzing test case #796 (1344 total, 0 uniq crashes found)...[0m
[1;94m[*] [0mFuzzing test case #797 (1344 total, 0 uniq crashes found)...[0m
scheduled max input!!!!
schedule: 15 level18_3/ijon_max/15
[1;94m[*] [0mFuzzing test case #798 (1344 total, 0 uniq crashes found)...[0m
scheduled max input!!!!
schedule: 2 level18_3/ijon_max/2
updated maxmap 2: 762 (len: 835)
[1;94m[*] [0mFuzzing test case #799 (1344 total, 0 uniq crashes found)...[0m
[1;94m[*] [0mFuzzing test case #800 (1344 total, 0 uniq crashes found)...[0m
scheduled max input!!!!
schedule: 6 level18_3/ijon_max/6
updated maxmap 6: 76b (len: 834)
updated maxmap 2: 76f (len: 836)
[1;94m[*] [0mFuzzing test case #801 (1345 total, 0 uniq crashes found)...[0m
scheduled max input!!!!
schedule: 1 level18_3/ijon_max/1
updated maxmap 4: 75e (len: 836)
updated maxmap 1: 741 (len: 836)
[1;94m[*] [0mFuzzing test case #802 (1345 total, 0 uniq crashes found)...[0m
scheduled max input!!!!
schedule: 9 level18_3/ijon_max/9
[1;94m[*] [0mFuzzing test case #803 (1345 total, 0 uniq crashes found)...[0m
[1;94m[*] [0mFuzzing test case #804 (1345 total, 0 uniq crashes found)...[0m
[1;94m[*] [0mFuzzing test case #805 (1345 total, 0 uniq crashes found)...[0m
scheduled max input!!!!
schedule: 2 level18_3/ijon_max/2
updated maxmap 2: 777 (len: 841)
updated maxmap 3: 762 (len: 841)
updated maxmap 3: 764 (len: 836)
updated maxmap 7: 75f (len: 836)
updated maxmap 7: 760 (len: 836)
[1;94m[*] [0mFuzzing test case #806 (1346 total, 0 uniq crashes found)...[0m
scheduled max input!!!!
schedule: 15 level18_3/ijon_max/15
[1;94m[*] [0mFuzzing test case #807 (1346 total, 0 uniq crashes found)...[0m
scheduled max input!!!!
schedule: 11 level18_3/ijon_max/11
[1;94m[*] [0mFuzzing test case #808 (1346 total, 0 uniq crashes found)...[0m
scheduled max input!!!!
schedule: 2 level18_3/ijon_max/2
updated maxmap 2: 778 (len: 841)
updated maxmap 2: 779 (len: 842)
updated maxmap 3: 765 (len: 842)
minimized maxmap 3: 765 (len: 841)
[1;94m[*] [0mFuzzing test case #809 (1346 total, 0 uniq crashes found)...[0m
scheduled max input!!!!
schedule: 12 level18_3/ijon_max/12
[1;94m[*] [0mFuzzing test case #810 (1346 total, 0 uniq crashes found)...[0m
scheduled max input!!!!
schedule: 12 level18_3/ijon_max/12
[1;94m[*] [0mFuzzing test case #811 (1346 total, 0 uniq crashes found)...[0m
scheduled max input!!!!
schedule: 4 level18_3/ijon_max/4
updated maxmap 4: 760 (len: 836)
updated maxmap 1: 743 (len: 836)
minimized maxmap 3: 765 (len: 836)
updated maxmap 4: 763 (len: 836)
updated maxmap 1: 746 (len: 838)
updated maxmap 3: 767 (len: 836)
updated maxmap 4: 765 (len: 836)
updated maxmap 1: 747 (len: 836)
updated maxmap 3: 769 (len: 836)
updated maxmap 4: 767 (len: 836)
updated maxmap 3: 76a (len: 836)
[1;94m[*] [0mFuzzing test case #812 (1347 total, 0 uniq crashes found)...[0m
[1;94m[*] [0mFuzzing test case #813 (1347 total, 0 uniq crashes found)...[0m
scheduled max input!!!!
schedule: 7 level18_3/ijon_max/7
[1;94m[*] [0mFuzzing test case #814 (1347 total, 0 uniq crashes found)...[0m
[1;94m[*] [0mFuzzing test case #815 (1347 total, 0 uniq crashes found)...[0m
scheduled max input!!!!
schedule: 7 level18_3/ijon_max/7
updated maxmap 7: 761 (len: 836)
updated maxmap 8: 75a (len: 836)
updated maxmap 8: 75b (len: 836)
[1;94m[*] [0mFuzzing test case #816 (1348 total, 0 uniq crashes found)...[0m
scheduled max input!!!!
schedule: 7 level18_3/ijon_max/7
updated maxmap 5: 764 (len: 840)
updated maxmap 6: 770 (len: 840)
updated maxmap 7: 775 (len: 840)
minimized maxmap 5: 764 (len: 836)
[1;94m[*] [0mFuzzing test case #817 (1348 total, 0 uniq crashes found)...[0m
scheduled max input!!!!
schedule: 8 level18_3/ijon_max/8
updated maxmap 5: 767 (len: 840)
updated maxmap 6: 773 (len: 840)
updated maxmap 7: 778 (len: 840)
[1;94m[*] [0mFuzzing test case #818 (1349 total, 0 uniq crashes found)...[0m
scheduled max input!!!!
schedule: 7 level18_3/ijon_max/7
updated maxmap 7: 77d (len: 845)
updated maxmap 8: 784 (len: 845)
updated maxmap 5: 769 (len: 844)
updated maxmap 6: 778 (len: 840)
minimized maxmap 5: 769 (len: 840)
[1;94m[*] [0mFuzzing test case #819 (1352 total, 0 uniq crashes found)...[0m
scheduled max input!!!!
schedule: 7 level18_3/ijon_max/7
updated maxmap 7: 782 (len: 845)
updated maxmap 7: 784 (len: 845)
updated maxmap 6: 77c (len: 850)
updated maxmap 7: 78f (len: 850)
updated maxmap 8: 78a (len: 850)
minimized maxmap 6: 77c (len: 845)
updated maxmap 2: 77e (len: 845)
updated maxmap 3: 785 (len: 845)
updated maxmap 6: 77d (len: 847)
updated maxmap 6: 780 (len: 847)
updated maxmap 5: 76c (len: 845)
updated maxmap 7: 791 (len: 851)
updated maxmap 8: 78c (len: 851)
updated maxmap 8: 78f (len: 851)
updated maxmap 6: 781 (len: 845)
[1;94m[*] [0mFuzzing test case #820 (1360 total, 0 uniq crashes found)...[0m
scheduled max input!!!!
schedule: 11 level18_3/ijon_max/11
[1;94m[*] [0mFuzzing test case #821 (1360 total, 0 uniq crashes found)...[0m
scheduled max input!!!!
schedule: 6 level18_3/ijon_max/6
updated maxmap 6: 783 (len: 847)
[1;94m[*] [0mFuzzing test case #822 (1360 total, 0 uniq crashes found)...[0m
scheduled max input!!!!
schedule: 1 level18_3/ijon_max/1
[1;94m[*] [0mFuzzing test case #823 (1360 total, 0 uniq crashes found)...[0m
scheduled max input!!!!
schedule: 10 level18_3/ijon_max/10
[1;94m[*] [0mFuzzing test case #824 (1360 total, 0 uniq crashes found)...[0m
scheduled max input!!!!
schedule: 10 level18_3/ijon_max/10
[1;94m[*] [0mFuzzing test case #825 (1360 total, 0 uniq crashes found)...[0m
scheduled max input!!!!
schedule: 5 level18_3/ijon_max/5
updated maxmap 5: 76d (len: 845)
updated maxmap 5: 76e (len: 845)
[1;94m[*] [0mFuzzing test case #826 (1360 total, 0 uniq crashes found)...[0m
[1;94m[*] [0mFuzzing test case #827 (1360 total, 0 uniq crashes found)...[0m
[1;94m[*] [0mFuzzing test case #828 (1360 total, 0 uniq crashes found)...[0m
scheduled max input!!!!
schedule: 11 level18_3/ijon_max/11
[1;94m[*] [0mFuzzing test case #829 (1360 total, 0 uniq crashes found)...[0m
scheduled max input!!!!
schedule: 6 level18_3/ijon_max/6
[1;94m[*] [0mFuzzing test case #830 (1360 total, 0 uniq crashes found)...[0m
scheduled max input!!!!
schedule: 9 level18_3/ijon_max/9
[1;94m[*] [0mFuzzing test case #831 (1360 total, 0 uniq crashes found)...[0m
[1;94m[*] [0mFuzzing test case #832 (1360 total, 0 uniq crashes found)...[0m
scheduled max input!!!!
schedule: 9 level18_3/ijon_max/9
[1;94m[*] [0mFuzzing test case #833 (1360 total, 0 uniq crashes found)...[0m
scheduled max input!!!!
schedule: 15 level18_3/ijon_max/15
[1;94m[*] [0mFuzzing test case #834 (1360 total, 0 uniq crashes found)...[0m
scheduled max input!!!!
schedule: 0 level18_3/ijon_max/0
[1;94m[*] [0mFuzzing test case #835 (1360 total, 0 uniq crashes found)...[0m
[1;94m[*] [0mFuzzing test case #836 (1360 total, 0 uniq crashes found)...[0m
scheduled max input!!!!
schedule: 11 level18_3/ijon_max/11
[1;94m[*] [0mFuzzing test case #837 (1360 total, 0 uniq crashes found)...[0m
scheduled max input!!!!
schedule: 7 level18_3/ijon_max/7
updated maxmap 6: 79d (len: 858)
updated maxmap 7: 794 (len: 858)
updated maxmap 5: 799 (len: 855)
updated maxmap 5: 7a1 (len: 859)
updated maxmap 6: 79f (len: 859)
updated maxmap 7: 795 (len: 859)
updated maxmap 8: 796 (len: 855)
minimized maxmap 6: 79f (len: 858)
updated maxmap 2: 780 (len: 851)
updated maxmap 3: 78a (len: 851)
updated maxmap 4: 790 (len: 851)
[1;94m[*] [0mFuzzing test case #838 (1376 total, 0 uniq crashes found)...[0m
scheduled max input!!!!
schedule: 3 level18_3/ijon_max/3
updated maxmap 4: 791 (len: 851)
[1;94m[*] [0mFuzzing test case #839 (1376 total, 0 uniq crashes found)...[0m
[1;94m[*] [0mFuzzing test case #840 (1376 total, 0 uniq crashes found)...[0m
scheduled max input!!!!
schedule: 10 level18_3/ijon_max/10
[1;94m[*] [0mFuzzing test case #841 (1376 total, 0 uniq crashes found)...[0m
scheduled max input!!!!
schedule: 12 level18_3/ijon_max/12
[1;94m[*] [0mFuzzing test case #842 (1376 total, 0 uniq crashes found)...[0m
scheduled max input!!!!
schedule: 11 level18_3/ijon_max/11
[1;94m[*] [0mFuzzing test case #843 (1376 total, 0 uniq crashes found)...[0m
scheduled max input!!!!
schedule: 7 level18_3/ijon_max/7
updated maxmap 1: 7a2 (len: 859)
updated maxmap 2: 7a0 (len: 859)
updated maxmap 3: 796 (len: 859)
updated maxmap 5: 7a2 (len: 859)
updated maxmap 5: 7a3 (len: 859)
updated maxmap 6: 7a1 (len: 859)
updated maxmap 7: 797 (len: 859)
updated maxmap 5: 7a4 (len: 859)
updated maxmap 6: 7a3 (len: 859)
updated maxmap 6: 7b2 (len: 867)
updated maxmap 7: 7b7 (len: 867)
updated maxmap 5: 7a5 (len: 867)
updated maxmap 2: 7a8 (len: 859)
updated maxmap 3: 797 (len: 859)
minimized maxmap 6: 7b2 (len: 865)
updated maxmap 6: 7b3 (len: 865)
[1;94m[*] [0mFuzzing test case #844 (1382 total, 0 uniq crashes found)...[0m
scheduled max input!!!!
schedule: 5 level18_3/ijon_max/5
updated maxmap 5: 7a7 (len: 867)
updated maxmap 6: 7b4 (len: 867)
updated maxmap 7: 7b9 (len: 867)
updated maxmap 5: 7a8 (len: 867)
updated maxmap 8: 798 (len: 873)
updated maxmap 6: 7b5 (len: 867)
updated maxmap 7: 7ba (len: 867)
[1;94m[*] [0mFuzzing test case #845 (1383 total, 0 uniq crashes found)...[0m
scheduled max input!!!!
schedule: 8 level18_3/ijon_max/8
updated maxmap 6: 7b6 (len: 873)
updated maxmap 2: 7b8 (len: 873)
updated maxmap 3: 7a2 (len: 873)
updated maxmap 4: 79b (len: 873)
updated maxmap 8: 799 (len: 873)
[1;94m[*] [0mFuzzing test case #846 (1384 total, 0 uniq crashes found)...[0m
scheduled max input!!!!
schedule: 14 level18_3/ijon_max/14
[1;94m[*] [0mFuzzing test case #847 (1384 total, 0 uniq crashes found)...[0m
[1;94m[*] [0mFuzzing test case #848 (1384 total, 0 uniq crashes found)...[0m
scheduled max input!!!!
schedule: 6 level18_3/ijon_max/6
updated maxmap 6: 7b8 (len: 875)
updated maxmap 5: 7ad (len: 878)
updated maxmap 7: 7c1 (len: 878)
updated maxmap 6: 7bb (len: 880)
updated maxmap 7: 7c9 (len: 880)
updated maxmap 8: 7c7 (len: 880)
updated maxmap 6: 7bf (len: 877)
updated maxmap 12: 591 (len: 880)
updated maxmap 5: 7b1 (len: 873)
updated maxmap 6: 7c2 (len: 880)
[1;94m[*] [0mFuzzing test case #849 (1388 total, 0 uniq crashes found)...[0m
scheduled max input!!!!
schedule: 13 level18_3/ijon_max/13
[1;94m[*] [0mFuzzing test case #850 (1388 total, 0 uniq crashes found)...[0m
scheduled max input!!!!
schedule: 14 level18_3/ijon_max/14
[1;94m[*] [0mFuzzing test case #851 (1388 total, 0 uniq crashes found)...[0m
scheduled max input!!!!
schedule: 15 level18_3/ijon_max/15
[1;94m[*] [0mFuzzing test case #852 (1388 total, 0 uniq crashes found)...[0m
scheduled max input!!!!
schedule: 15 level18_3/ijon_max/15
[1;94m[*] [0mFuzzing test case #853 (1388 total, 0 uniq crashes found)...[0m
[1;94m[*] [0mFuzzing test case #854 (1388 total, 0 uniq crashes found)...[0m
scheduled max input!!!!
schedule: 11 level18_3/ijon_max/11
[1;94m[*] [0mFuzzing test case #855 (1388 total, 0 uniq crashes found)...[0m
scheduled max input!!!!
schedule: 13 level18_3/ijon_max/13
[1;94m[*] [0mFuzzing test case #856 (1388 total, 0 uniq crashes found)...[0m
scheduled max input!!!!
schedule: 6 level18_3/ijon_max/6
updated maxmap 7: 7cc (len: 881)
updated maxmap 8: 7c8 (len: 881)
updated maxmap 6: 7c3 (len: 880)
updated maxmap 6: 7c4 (len: 887)
updated maxmap 7: 7da (len: 887)
updated maxmap 8: 7d5 (len: 887)
minimized maxmap 6: 7c4 (len: 880)
updated maxmap 6: 7d9 (len: 886)
updated maxmap 8: 7d6 (len: 886)
updated maxmap 5: 7de (len: 888)
updated maxmap 3: 7ca (len: 880)
updated maxmap 4: 7c8 (len: 880)
updated maxmap 3: 7cc (len: 880)
updated maxmap 4: 7ca (len: 880)
updated maxmap 3: 7cd (len: 881)
[1;94m[*] [0mFuzzing test case #857 (1397 total, 0 uniq crashes found)...[0m
scheduled max input!!!!
schedule: 1 level18_3/ijon_max/1
updated maxmap 1: 7a3 (len: 859)
updated maxmap 1: 7a5 (len: 859)
updated maxmap 1: 7a6 (len: 860)
[1;94m[*] [0mFuzzing test case #858 (1397 total, 0 uniq crashes found)...[0m
[1;94m[*] [0mFuzzing test case #859 (1397 total, 0 uniq crashes found)...[0m
scheduled max input!!!!
schedule: 9 level18_3/ijon_max/9
[1;94m[*] [0mFuzzing test case #860 (1397 total, 0 uniq crashes found)...[0m
scheduled max input!!!!
schedule: 0 level18_3/ijon_max/0
[1;94m[*] [0mFuzzing test case #861 (1397 total, 0 uniq crashes found)...[0m
scheduled max input!!!!
schedule: 4 level18_3/ijon_max/4
updated maxmap 3: 7ce (len: 881)
updated maxmap 4: 7cb (len: 881)
minimized maxmap 4: 7cb (len: 880)
updated maxmap 4: 7cc (len: 880)
updated maxmap 2: 7b9 (len: 880)
[1;94m[*] [0mFuzzing test case #862 (1397 total, 0 uniq crashes found)...[0m
scheduled max input!!!!
schedule: 9 level18_3/ijon_max/9
[1;94m[*] [0mFuzzing test case #863 (1397 total, 0 uniq crashes found)...[0m
scheduled max input!!!!
schedule: 0 level18_3/ijon_max/0
[1;94m[*] [0mFuzzing test case #864 (1397 total, 0 uniq crashes found)...[0m
scheduled max input!!!!
schedule: 14 level18_3/ijon_max/14
[1;94m[*] [0mFuzzing test case #865 (1397 total, 0 uniq crashes found)...[0m
scheduled max input!!!!
schedule: 5 level18_3/ijon_max/5
updated maxmap 5: 7e0 (len: 888)
updated maxmap 6: 7db (len: 888)
[1;94m[*] [0mFuzzing test case #866 (1398 total, 0 uniq crashes found)...[0m
scheduled max input!!!!
schedule: 4 level18_3/ijon_max/4
[1;94m[*] [0mFuzzing test case #867 (1398 total, 0 uniq crashes found)...[0m
scheduled max input!!!!
schedule: 11 level18_3/ijon_max/11
[1;94m[*] [0mFuzzing test case #868 (1398 total, 0 uniq crashes found)...[0m
scheduled max input!!!!
schedule: 4 level18_3/ijon_max/4
[1;94m[*] [0mFuzzing test case #869 (1398 total, 0 uniq crashes found)...[0m
[1;94m[*] [0mFuzzing test case #870 (1398 total, 0 uniq crashes found)...[0m
scheduled max input!!!!
schedule: 13 level18_3/ijon_max/13
[1;94m[*] [0mFuzzing test case #871 (1398 total, 0 uniq crashes found)...[0m
scheduled max input!!!!
schedule: 11 level18_3/ijon_max/11
[1;94m[*] [0mFuzzing test case #872 (1398 total, 0 uniq crashes found)...[0m
scheduled max input!!!!
schedule: 5 level18_3/ijon_max/5
updated maxmap 5: 7e4 (len: 891)
updated maxmap 6: 7dc (len: 891)
minimized maxmap 6: 7dc (len: 888)
updated maxmap 6: 7dd (len: 888)
updated maxmap 6: 7de (len: 888)
[1;94m[*] [0mFuzzing test case #873 (1399 total, 0 uniq crashes found)...[0m
scheduled max input!!!!
schedule: 13 level18_3/ijon_max/13
[1;94m[*] [0mFuzzing test case #874 (1399 total, 0 uniq crashes found)...[0m
scheduled max input!!!!
schedule: 12 level18_3/ijon_max/12
updated maxmap 9: 592 (len: 880)
[1;94m[*] [0mFuzzing test case #875 (1399 total, 0 uniq crashes found)...[0m
scheduled max input!!!!
schedule: 5 level18_3/ijon_max/5
updated maxmap 5: 7e6 (len: 891)
updated maxmap 6: 7df (len: 891)
updated maxmap 6: 7e6 (len: 891)
updated maxmap 5: 7e9 (len: 893)
updated maxmap 6: 7ed (len: 897)
updated maxmap 7: 7db (len: 893)
updated maxmap 7: 7f7 (len: 898)
updated maxmap 10: 591 (len: 891)
updated maxmap 5: 7ec (len: 896)
updated maxmap 8: 7db (len: 896)
minimized maxmap 8: 7db (len: 891)
updated maxmap 8: 7dc (len: 891)
updated maxmap 8: 7de (len: 892)
updated maxmap 6: 7ef (len: 898)
updated maxmap 2: 7be (len: 891)
updated maxmap 3: 7e4 (len: 891)
updated maxmap 4: 7de (len: 891)
minimized maxmap 6: 7ef (len: 897)
[1;94m[*] [0mFuzzing test case #876 (1407 total, 0 uniq crashes found)...[0m
scheduled max input!!!!
schedule: 14 level18_3/ijon_max/14
[1;94m[*] [0mFuzzing test case #877 (1407 total, 0 uniq crashes found)...[0m
scheduled max input!!!!
schedule: 13 level18_3/ijon_max/13
[1;94m[*] [0mFuzzing test case #878 (1407 total, 0 uniq crashes found)...[0m
[1;94m[*] [0mFuzzing test case #879 (1407 total, 0 uniq crashes found)...[0m
scheduled max input!!!!
schedule: 9 level18_3/ijon_max/9
[1;94m[*] [0mFuzzing test case #880 (1407 total, 0 uniq crashes found)...[0m
scheduled max input!!!!
schedule: 14 level18_3/ijon_max/14
[1;94m[*] [0mFuzzing test case #881 (1407 total, 0 uniq crashes found)...[0m
[1;94m[*] [0mFuzzing test case #882 (1407 total, 0 uniq crashes found)...[0m
scheduled max input!!!!
schedule: 13 level18_3/ijon_max/13
[1;94m[*] [0mFuzzing test case #883 (1407 total, 0 uniq crashes found)...[0m
scheduled max input!!!!
schedule: 11 level18_3/ijon_max/11
[1;94m[*] [0mFuzzing test case #884 (1407 total, 0 uniq crashes found)...[0m
scheduled max input!!!!
schedule: 4 level18_3/ijon_max/4
updated maxmap 2: 7bf (len: 891)
updated maxmap 3: 7e5 (len: 891)
updated maxmap 4: 7df (len: 891)
updated maxmap 1: 7e1 (len: 893)
updated maxmap 2: 7eb (len: 893)
updated maxmap 3: 7ed (len: 893)
[1;94m[*] [0mFuzzing test case #885 (1407 total, 0 uniq crashes found)...[0m
scheduled max input!!!!
schedule: 1 level18_3/ijon_max/1
[1;94m[*] [0mFuzzing test case #886 (1407 total, 0 uniq crashes found)...[0m
scheduled max input!!!!
schedule: 6 level18_3/ijon_max/6
updated maxmap 6: 7f0 (len: 897)
updated maxmap 6: 7f9 (len: 906)
updated maxmap 7: 803 (len: 906)
[1;94m[*] [0mFuzzing test case #887 (1408 total, 0 uniq crashes found)...[0m
scheduled max input!!!!
schedule: 6 level18_3/ijon_max/6
updated maxmap 6: 7fb (len: 906)
updated maxmap 7: 805 (len: 906)
updated maxmap 6: 7fd (len: 910)
updated maxmap 7: 807 (len: 910)
minimized maxmap 6: 7fd (len: 906)
updated maxmap 8: 800 (len: 910)
[1;94m[*] [0mFuzzing test case #888 (1409 total, 0 uniq crashes found)...[0m
[1;94m[*] [0mFuzzing test case #889 (1409 total, 0 uniq crashes found)...[0m
scheduled max input!!!!
schedule: 10 level18_3/ijon_max/10
[1;94m[*] [0mFuzzing test case #890 (1409 total, 0 uniq crashes found)...[0m
scheduled max input!!!!
schedule: 4 level18_3/ijon_max/4
[1;94m[*] [0mFuzzing test case #891 (1409 total, 0 uniq crashes found)...[0m
scheduled max input!!!!
schedule: 14 level18_3/ijon_max/14
[1;94m[*] [0mFuzzing test case #892 (1409 total, 0 uniq crashes found)...[0m
[1;94m[*] [0mFuzzing test case #893 (1409 total, 0 uniq crashes found)...[0m
[1;94m[*] [0mFuzzing test case #894 (1409 total, 0 uniq crashes found)...[0m
scheduled max input!!!!
schedule: 4 level18_3/ijon_max/4
updated maxmap 2: 7f2 (len: 899)
updated maxmap 3: 7fb (len: 899)
[1;94m[*] [0mFuzzing test case #895 (1409 total, 0 uniq crashes found)...[0m
scheduled max input!!!!
schedule: 3 level18_3/ijon_max/3
updated maxmap 2: 7f3 (len: 899)
updated maxmap 3: 7fc (len: 899)
[1;94m[*] [0mFuzzing test case #896 (1409 total, 0 uniq crashes found)...[0m
scheduled max input!!!!
schedule: 0 level18_3/ijon_max/0
[1;94m[*] [0mFuzzing test case #897 (1409 total, 0 uniq crashes found)...[0m
scheduled max input!!!!
schedule: 5 level18_3/ijon_max/5
updated maxmap 5: 7ed (len: 896)
[1;94m[*] [0mFuzzing test case #898 (1409 total, 0 uniq crashes found)...[0m
scheduled max input!!!!
schedule: 12 level18_3/ijon_max/12
[1;94m[*] [0mFuzzing test case #899 (1410 total, 0 uniq crashes found)...[0m
scheduled max input!!!!
schedule: 14 level18_3/ijon_max/14
[1;94m[*] [0mFuzzing test case #900 (1410 total, 0 uniq crashes found)...[0m
scheduled max input!!!!
schedule: 9 level18_3/ijon_max/9
[1;94m[*] [0mFuzzing test case #901 (1410 total, 0 uniq crashes found)...[0m
scheduled max input!!!!
schedule: 4 level18_3/ijon_max/4
updated maxmap 1: 7ec (len: 898)
updated maxmap 2: 7f6 (len: 898)
[1;94m[*] [0mFuzzing test case #902 (1410 total, 0 uniq crashes found)...[0m
scheduled max input!!!!
schedule: 3 level18_3/ijon_max/3
[1;94m[*] [0mFuzzing test case #903 (1410 total, 0 uniq crashes found)...[0m
scheduled max input!!!!
schedule: 15 level18_3/ijon_max/15
[1;94m[*] [0mFuzzing test case #904 (1410 total, 0 uniq crashes found)...[0m
scheduled max input!!!!
schedule: 14 level18_3/ijon_max/14
[1;94m[*] [0mFuzzing test case #905 (1410 total, 0 uniq crashes found)...[0m
scheduled max input!!!!
schedule: 6 level18_3/ijon_max/6
updated maxmap 6: 7fe (len: 906)
[1;94m[*] [0mFuzzing test case #906 (1410 total, 0 uniq crashes found)...[0m
scheduled max input!!!!
schedule: 3 level18_3/ijon_max/3
updated maxmap 4: 7fa (len: 899)
[1;94m[*] [0mFuzzing test case #907 (1410 total, 0 uniq crashes found)...[0m
scheduled max input!!!!
schedule: 6 level18_3/ijon_max/6
[1;94m[*] [0mFuzzing test case #908 (1410 total, 0 uniq crashes found)...[0m
scheduled max input!!!!
schedule: 1 level18_3/ijon_max/1
[1;94m[*] [0mFuzzing test case #909 (1410 total, 0 uniq crashes found)...[0m
scheduled max input!!!!
schedule: 13 level18_3/ijon_max/13
[1;94m[*] [0mFuzzing test case #910 (1410 total, 0 uniq crashes found)...[0m
scheduled max input!!!!
schedule: 4 level18_3/ijon_max/4
updated maxmap 4: 7fb (len: 899)
updated maxmap 4: 7fd (len: 899)
[1;94m[*] [0mFuzzing test case #911 (1410 total, 0 uniq crashes found)...[0m
scheduled max input!!!!
schedule: 14 level18_3/ijon_max/14
[1;94m[*] [0mFuzzing test case #912 (1410 total, 0 uniq crashes found)...[0m
scheduled max input!!!!
schedule: 7 level18_3/ijon_max/7
updated maxmap 7: 808 (len: 910)
updated maxmap 6: 7ff (len: 910)
updated maxmap 7: 809 (len: 910)
updated maxmap 6: 800 (len: 910)
updated maxmap 7: 80a (len: 910)
updated maxmap 6: 802 (len: 910)
updated maxmap 7: 80c (len: 910)
updated maxmap 8: 80e (len: 911)
[1;94m[*] [0mFuzzing test case #913 (1411 total, 0 uniq crashes found)...[0m
scheduled max input!!!!
schedule: 13 level18_3/ijon_max/13
[1;94m[*] [0mFuzzing test case #914 (1411 total, 0 uniq crashes found)...[0m
scheduled max input!!!!
schedule: 5 level18_3/ijon_max/5
[1;94m[*] [0mFuzzing test case #915 (1411 total, 0 uniq crashes found)...[0m
scheduled max input!!!!
schedule: 11 level18_3/ijon_max/11
[1;94m[*] [0mFuzzing test case #916 (1411 total, 0 uniq crashes found)...[0m
scheduled max input!!!!
schedule: 8 level18_3/ijon_max/8
updated maxmap 8: 80f (len: 911)
[1;94m[*] [0mFuzzing test case #917 (1411 total, 0 uniq crashes found)...[0m
scheduled max input!!!!
schedule: 7 level18_3/ijon_max/7
[1;94m[*] [0mFuzzing test case #918 (1411 total, 0 uniq crashes found)...[0m
scheduled max input!!!!
schedule: 1 level18_3/ijon_max/1
updated maxmap 1: 7ed (len: 898)
updated maxmap 2: 7f7 (len: 898)
[1;94m[*] [0mFuzzing test case #919 (1411 total, 0 uniq crashes found)...[0m
scheduled max input!!!!
schedule: 13 level18_3/ijon_max/13
[1;94m[*] [0mFuzzing test case #920 (1411 total, 0 uniq crashes found)...[0m
[1;94m[*] [0mFuzzing test case #921 (1411 total, 0 uniq crashes found)...[0m
scheduled max input!!!!
schedule: 0 level18_3/ijon_max/0
[1;94m[*] [0mFuzzing test case #922 (1411 total, 0 uniq crashes found)...[0m
scheduled max input!!!!
schedule: 11 level18_3/ijon_max/11
[1;94m[*] [0mFuzzing test case #923 (1411 total, 0 uniq crashes found)...[0m
scheduled max input!!!!
schedule: 8 level18_3/ijon_max/8
updated maxmap 2: 804 (len: 911)
updated maxmap 3: 80e (len: 911)
updated maxmap 4: 811 (len: 911)
[1;94m[*] [0mFuzzing test case #924 (1412 total, 0 uniq crashes found)...[0m
scheduled max input!!!!
schedule: 8 level18_3/ijon_max/8
updated maxmap 6: 81b (len: 919)
updated maxmap 7: 813 (len: 919)
minimized maxmap 6: 81b (len: 918)
updated maxmap 7: 814 (len: 918)
updated maxmap 5: 7f0 (len: 911)
updated maxmap 6: 81d (len: 917)
updated maxmap 7: 816 (len: 917)
updated maxmap 6: 821 (len: 918)
updated maxmap 7: 819 (len: 918)
updated maxmap 8: 813 (len: 918)
updated maxmap 6: 825 (len: 919)
updated maxmap 8: 816 (len: 918)
minimized maxmap 7: 819 (len: 916)
minimized maxmap 8: 816 (len: 916)
updated maxmap 5: 7f2 (len: 911)
[1;94m[*] [0mFuzzing test case #925 (1416 total, 0 uniq crashes found)...[0m
scheduled max input!!!!
schedule: 13 level18_3/ijon_max/13
[1;94m[*] [0mFuzzing test case #926 (1416 total, 0 uniq crashes found)...[0m
[1;94m[*] [0mFuzzing test case #927 (1416 total, 0 uniq crashes found)...[0m
scheduled max input!!!!
schedule: 9 level18_3/ijon_max/9
[1;94m[*] [0mFuzzing test case #928 (1416 total, 0 uniq crashes found)...[0m
[1;94m[*] [0mFuzzing test case #929 (1416 total, 0 uniq crashes found)...[0m
scheduled max input!!!!
schedule: 3 level18_3/ijon_max/3
updated maxmap 2: 805 (len: 911)
updated maxmap 3: 80f (len: 911)
updated maxmap 3: 818 (len: 914)
updated maxmap 2: 80b (len: 914)
updated maxmap 4: 812 (len: 912)
[1;94m[*] [0mFuzzing test case #930 (1417 total, 0 uniq crashes found)...[0m
scheduled max input!!!!
schedule: 11 level18_3/ijon_max/11
[1;94m[*] [0mFuzzing test case #931 (1417 total, 0 uniq crashes found)...[0m
[1;94m[*] [0mFuzzing test case #932 (1417 total, 0 uniq crashes found)...[0m
scheduled max input!!!!
schedule: 0 level18_3/ijon_max/0
[1;94m[*] [0mFuzzing test case #933 (1417 total, 0 uniq crashes found)...[0m
scheduled max input!!!!
schedule: 0 level18_3/ijon_max/0
[1;94m[*] [0mFuzzing test case #934 (1417 total, 0 uniq crashes found)...[0m
scheduled max input!!!!
schedule: 11 level18_3/ijon_max/11
[1;94m[*] [0mFuzzing test case #935 (1417 total, 0 uniq crashes found)...[0m
scheduled max input!!!!
schedule: 13 level18_3/ijon_max/13
[1;94m[*] [0mFuzzing test case #936 (1417 total, 0 uniq crashes found)...[0m
scheduled max input!!!!
schedule: 5 level18_3/ijon_max/5
updated maxmap 5: 7f3 (len: 911)
updated maxmap 5: 7f4 (len: 911)
[1;94m[*] [0mFuzzing test case #937 (1419 total, 0 uniq crashes found)...[0m
scheduled max input!!!!
schedule: 12 level18_3/ijon_max/12
[1;94m[*] [0mFuzzing test case #938 (1419 total, 0 uniq crashes found)...[0m
scheduled max input!!!!
schedule: 7 level18_3/ijon_max/7
updated maxmap 8: 817 (len: 916)
updated maxmap 7: 81a (len: 916)
updated maxmap 8: 818 (len: 916)
[1;94m[*] [0mFuzzing test case #939 (1420 total, 0 uniq crashes found)...[0m
scheduled max input!!!!
schedule: 7 level18_3/ijon_max/7
[1;94m[*] [0mFuzzing test case #940 (1420 total, 0 uniq crashes found)...[0m
[1;94m[*] [0mFuzzing test case #941 (1420 total, 0 uniq crashes found)...[0m
[1;94m[*] [0mFuzzing test case #942 (1420 total, 0 uniq crashes found)...[0m
scheduled max input!!!!
schedule: 9 level18_3/ijon_max/9
[1;94m[*] [0mFuzzing test case #943 (1420 total, 0 uniq crashes found)...[0m
[1;94m[*] [0mFuzzing test case #944 (1420 total, 0 uniq crashes found)...[0m
scheduled max input!!!!
schedule: 4 level18_3/ijon_max/4
updated maxmap 4: 813 (len: 912)
updated maxmap 2: 814 (len: 914)
updated maxmap 4: 814 (len: 912)
[1;94m[*] [0mFuzzing test case #945 (1420 total, 0 uniq crashes found)...[0m
scheduled max input!!!!
schedule: 1 level18_3/ijon_max/1
updated maxmap 1: 7ee (len: 898)
[1;94m[*] [0mFuzzing test case #946 (1420 total, 0 uniq crashes found)...[0m
scheduled max input!!!!
schedule: 3 level18_3/ijon_max/3
updated maxmap 3: 819 (len: 914)
updated maxmap 2: 82e (len: 922)
updated maxmap 3: 81f (len: 922)
updated maxmap 4: 819 (len: 922)
minimized maxmap 4: 819 (len: 914)
updated maxmap 4: 81a (len: 914)
[1;94m[*] [0mFuzzing test case #947 (1421 total, 0 uniq crashes found)...[0m
scheduled max input!!!!
schedule: 12 level18_3/ijon_max/12
[1;94m[*] [0mFuzzing test case #948 (1421 total, 0 uniq crashes found)...[0m
[1;94m[*] [0mFuzzing test case #949 (1421 total, 0 uniq crashes found)...[0m
scheduled max input!!!!
schedule: 14 level18_3/ijon_max/14
[1;94m[*] [0mFuzzing test case #950 (1421 total, 0 uniq crashes found)...[0m
[1;94m[*] [0mFuzzing test case #951 (1421 total, 0 uniq crashes found)...[0m
scheduled max input!!!!
schedule: 7 level18_3/ijon_max/7
[1;94m[*] [0mFuzzing test case #952 (1421 total, 0 uniq crashes found)...[0m
scheduled max input!!!!
schedule: 12 level18_3/ijon_max/12
[1;94m[*] [0mFuzzing test case #953 (1421 total, 0 uniq crashes found)...[0m
[1;94m[*] [0mFuzzing test case #954 (1421 total, 0 uniq crashes found)...[0m
[1;94m[*] [0mFuzzing test case #955 (1421 total, 0 uniq crashes found)...[0m
scheduled max input!!!!
schedule: 8 level18_3/ijon_max/8
updated maxmap 7: 81b (len: 916)
updated maxmap 5: 82a (len: 923)
updated maxmap 6: 827 (len: 923)
updated maxmap 7: 81d (len: 923)
[1;94m[*] [0mFuzzing test case #956 (1421 total, 0 uniq crashes found)...[0m
scheduled max input!!!!
schedule: 2 level18_3/ijon_max/2
updated maxmap 2: 833 (len: 930)
updated maxmap 3: 824 (len: 930)
updated maxmap 4: 81e (len: 930)
updated maxmap 1: 822 (len: 924)
updated maxmap 3: 832 (len: 924)
minimized maxmap 4: 81e (len: 922)
minimized maxmap 7: 81d (len: 922)
updated maxmap 4: 824 (len: 927)
updated maxmap 4: 826 (len: 922)
updated maxmap 1: 831 (len: 930)
updated maxmap 2: 83a (len: 930)
updated maxmap 3: 842 (len: 930)
minimized maxmap 1: 831 (len: 922)
updated maxmap 1: 832 (len: 922)
updated maxmap 5: 82c (len: 922)
[1;94m[*] [0mFuzzing test case #957 (1424 total, 0 uniq crashes found)...[0m
scheduled max input!!!!
schedule: 14 level18_3/ijon_max/14
[1;94m[*] [0mFuzzing test case #958 (1424 total, 0 uniq crashes found)...[0m
scheduled max input!!!!
schedule: 9 level18_3/ijon_max/9
[1;94m[*] [0mFuzzing test case #959 (1424 total, 0 uniq crashes found)...[0m
[1;94m[*] [0mFuzzing test case #960 (1424 total, 0 uniq crashes found)...[0m
[1;94m[*] [0mFuzzing test case #961 (1424 total, 0 uniq crashes found)...[0m
scheduled max input!!!!
schedule: 14 level18_3/ijon_max/14
[1;94m[*] [0mFuzzing test case #962 (1424 total, 0 uniq crashes found)...[0m
scheduled max input!!!!
schedule: 2 level18_3/ijon_max/2
updated maxmap 2: 83c (len: 936)
updated maxmap 3: 849 (len: 936)
updated maxmap 4: 848 (len: 936)
minimized maxmap 2: 83c (len: 930)
updated maxmap 2: 83d (len: 930)
updated maxmap 2: 840 (len: 934)
updated maxmap 2: 842 (len: 933)
updated maxmap 2: 844 (len: 937)
updated maxmap 3: 84e (len: 937)
updated maxmap 4: 853 (len: 937)
[1;94m[*] [0mFuzzing test case #963 (1427 total, 0 uniq crashes found)...[0m
[1;94m[*] [0mFuzzing test case #964 (1427 total, 0 uniq crashes found)...[0m
scheduled max input!!!!
schedule: 10 level18_3/ijon_max/10
[1;94m[*] [0mFuzzing test case #965 (1427 total, 0 uniq crashes found)...[0m
scheduled max input!!!!
schedule: 15 level18_3/ijon_max/15
[1;94m[*] [0mFuzzing test case #966 (1427 total, 0 uniq crashes found)...[0m
[1;94m[*] [0mFuzzing test case #967 (1427 total, 0 uniq crashes found)...[0m
scheduled max input!!!!
schedule: 6 level18_3/ijon_max/6
updated maxmap 6: 829 (len: 923)
updated maxmap 7: 81f (len: 923)
updated maxmap 5: 82e (len: 923)
updated maxmap 6: 82b (len: 923)
updated maxmap 7: 821 (len: 923)
updated maxmap 8: 81a (len: 923)
updated maxmap 6: 82c (len: 923)
updated maxmap 7: 822 (len: 923)
updated maxmap 5: 82f (len: 923)
updated maxmap 6: 82d (len: 923)
updated maxmap 7: 823 (len: 923)
updated maxmap 8: 81b (len: 923)
updated maxmap 5: 830 (len: 923)
updated maxmap 8: 81c (len: 923)
updated maxmap 5: 834 (len: 926)
updated maxmap 6: 837 (len: 926)
[1;94m[*] [0mFuzzing test case #968 (1427 total, 0 uniq crashes found)...[0m
[1;94m[*] [0mFuzzing test case #969 (1427 total, 0 uniq crashes found)...[0m
scheduled max input!!!!
schedule: 0 level18_3/ijon_max/0
[1;94m[*] [0mFuzzing test case #970 (1427 total, 0 uniq crashes found)...[0m
scheduled max input!!!!
schedule: 9 level18_3/ijon_max/9
[1;94m[*] [0mFuzzing test case #971 (1427 total, 0 uniq crashes found)...[0m
scheduled max input!!!!
schedule: 8 level18_3/ijon_max/8
updated maxmap 7: 824 (len: 928)
updated maxmap 7: 82a (len: 923)
updated maxmap 8: 823 (len: 923)
[1;94m[*] [0mFuzzing test case #972 (1428 total, 0 uniq crashes found)...[0m
[1;94m[*] [0mFuzzing test case #973 (1428 total, 0 uniq crashes found)...[0m
scheduled max input!!!!
schedule: 10 level18_3/ijon_max/10
[1;94m[*] [0mFuzzing test case #974 (1428 total, 0 uniq crashes found)...[0m
scheduled max input!!!!
schedule: 5 level18_3/ijon_max/5
updated maxmap 5: 837 (len: 928)
updated maxmap 6: 83a (len: 928)
[1;94m[*] [0mFuzzing test case #975 (1428 total, 0 uniq crashes found)...[0m
scheduled max input!!!!
schedule: 12 level18_3/ijon_max/12
[1;94m[*] [0mFuzzing test case #976 (1428 total, 0 uniq crashes found)...[0m
[1;94m[*] [0mFuzzing test case #977 (1428 total, 0 uniq crashes found)...[0m
[1;94m[*] [0mFuzzing test case #978 (1428 total, 0 uniq crashes found)...[0m
scheduled max input!!!!
schedule: 8 level18_3/ijon_max/8
[1;94m[*] [0mFuzzing test case #979 (1428 total, 0 uniq crashes found)...[0m
scheduled max input!!!!
schedule: 10 level18_3/ijon_max/10
[1;94m[*] [0mFuzzing test case #980 (1428 total, 0 uniq crashes found)...[0m
scheduled max input!!!!
schedule: 12 level18_3/ijon_max/12
[1;94m[*] [0mFuzzing test case #981 (1428 total, 0 uniq crashes found)...[0m
scheduled max input!!!!
schedule: 12 level18_3/ijon_max/12
[1;94m[*] [0mFuzzing test case #982 (1428 total, 0 uniq crashes found)...[0m
scheduled max input!!!!
schedule: 7 level18_3/ijon_max/7
[1;94m[*] [0mFuzzing test case #983 (1428 total, 0 uniq crashes found)...[0m
scheduled max input!!!!
schedule: 9 level18_3/ijon_max/9
[1;94m[*] [0mFuzzing test case #984 (1428 total, 0 uniq crashes found)...[0m
scheduled max input!!!!
schedule: 2 level18_3/ijon_max/2
updated maxmap 2: 845 (len: 939)
updated maxmap 3: 84f (len: 939)
updated maxmap 4: 854 (len: 939)
updated maxmap 2: 847 (len: 937)
updated maxmap 3: 851 (len: 937)
[1;94m[*] [0mFuzzing test case #985 (1428 total, 0 uniq crashes found)...[0m
[1;94m[*] [0mFuzzing test case #986 (1428 total, 0 uniq crashes found)...[0m
scheduled max input!!!!
schedule: 15 level18_3/ijon_max/15
[1;94m[*] [0mFuzzing test case #987 (1428 total, 0 uniq crashes found)...[0m
scheduled max input!!!!
schedule: 5 level18_3/ijon_max/5
updated maxmap 5: 838 (len: 928)
updated maxmap 5: 846 (len: 936)
updated maxmap 6: 848 (len: 936)
updated maxmap 7: 836 (len: 936)
updated maxmap 8: 830 (len: 936)
minimized maxmap 7: 836 (len: 928)
minimized maxmap 8: 830 (len: 928)
[1;94m[*] [0mFuzzing test case #988 (1428 total, 0 uniq crashes found)...[0m
scheduled max input!!!!
schedule: 12 level18_3/ijon_max/12
[1;94m[*] [0mFuzzing test case #989 (1428 total, 0 uniq crashes found)...[0m
[1;94m[*] [0mFuzzing test case #990 (1428 total, 0 uniq crashes found)...[0m
scheduled max input!!!!
schedule: 8 level18_3/ijon_max/8
updated maxmap 7: 837 (len: 928)
updated maxmap 8: 831 (len: 928)
updated maxmap 7: 842 (len: 935)
[1;94m[*] [0mFuzzing test case #991 (1428 total, 0 uniq crashes found)...[0m
scheduled max input!!!!
schedule: 9 level18_3/ijon_max/9
[1;94m[*] [0mFuzzing test case #992 (1428 total, 0 uniq crashes found)...[0m
[1;94m[*] [0mFuzzing test case #993 (1428 total, 0 uniq crashes found)...[0m
scheduled max input!!!!
schedule: 0 level18_3/ijon_max/0
[1;94m[*] [0mFuzzing test case #994 (1428 total, 0 uniq crashes found)...[0m
scheduled max input!!!!
schedule: 14 level18_3/ijon_max/14
[1;94m[*] [0mFuzzing test case #995 (1428 total, 0 uniq crashes found)...[0m
scheduled max input!!!!
schedule: 14 level18_3/ijon_max/14
[1;94m[*] [0mFuzzing test case #996 (1428 total, 0 uniq crashes found)...[0m
scheduled max input!!!!
schedule: 8 level18_3/ijon_max/8
[1;94m[*] [0mFuzzing test case #997 (1428 total, 0 uniq crashes found)...[0m
scheduled max input!!!!
schedule: 2 level18_3/ijon_max/2
updated maxmap 2: 848 (len: 937)
updated maxmap 3: 852 (len: 937)
updated maxmap 2: 849 (len: 937)
updated maxmap 3: 853 (len: 937)
[1;94m[*] [0mFuzzing test case #998 (1428 total, 0 uniq crashes found)...[0m
[1;94m[*] [0mFuzzing test case #999 (1428 total, 0 uniq crashes found)...[0m
scheduled max input!!!!
schedule: 15 level18_3/ijon_max/15
[1;94m[*] [0mFuzzing test case #1000 (1428 total, 0 uniq crashes found)...[0m
[1;94m[*] [0mFuzzing test case #1001 (1428 total, 0 uniq crashes found)...[0m
scheduled max input!!!!
schedule: 11 level18_3/ijon_max/11
[1;94m[*] [0mFuzzing test case #1002 (1428 total, 0 uniq crashes found)...[0m
scheduled max input!!!!
schedule: 7 level18_3/ijon_max/7
updated maxmap 7: 844 (len: 935)
updated maxmap 8: 838 (len: 941)
[1;94m[*] [0mFuzzing test case #1003 (1428 total, 0 uniq crashes found)...[0m
scheduled max input!!!!
schedule: 2 level18_3/ijon_max/2
updated maxmap 2: 84a (len: 937)
updated maxmap 3: 854 (len: 937)
[1;94m[*] [0mFuzzing test case #1004 (1428 total, 0 uniq crashes found)...[0m
scheduled max input!!!!
schedule: 5 level18_3/ijon_max/5
updated maxmap 7: 84d (len: 938)
updated maxmap 8: 852 (len: 938)
updated maxmap 5: 847 (len: 936)
updated maxmap 6: 849 (len: 936)
[1;94m[*] [0mFuzzing test case #1005 (1428 total, 0 uniq crashes found)...[0m
scheduled max input!!!!
schedule: 12 level18_3/ijon_max/12
[1;94m[*] [0mFuzzing test case #1006 (1428 total, 0 uniq crashes found)...[0m
scheduled max input!!!!
schedule: 13 level18_3/ijon_max/13
[1;94m[*] [0mFuzzing test case #1007 (1428 total, 0 uniq crashes found)...[0m
scheduled max input!!!!
schedule: 4 level18_3/ijon_max/4
updated maxmap 4: 855 (len: 939)
updated maxmap 4: 856 (len: 939)
updated maxmap 4: 857 (len: 939)
updated maxmap 2: 86c (len: 947)
updated maxmap 3: 85b (len: 947)
updated maxmap 4: 858 (len: 940)
[1;94m[*] [0mFuzzing test case #1008 (1429 total, 0 uniq crashes found)...[0m
scheduled max input!!!!
schedule: 3 level18_3/ijon_max/3
updated maxmap 2: 86e (len: 948)
updated maxmap 3: 85d (len: 948)
minimized maxmap 3: 85d (len: 947)
updated maxmap 3: 85e (len: 947)
minimized maxmap 2: 86e (len: 947)
updated maxmap 3: 85f (len: 947)
updated maxmap 2: 871 (len: 948)
updated maxmap 3: 862 (len: 948)
updated maxmap 4: 85a (len: 948)
minimized maxmap 3: 862 (len: 947)
minimized maxmap 4: 85a (len: 947)
[1;94m[*] [0mFuzzing test case #1009 (1431 total, 0 uniq crashes found)...[0m
scheduled max input!!!!
schedule: 14 level18_3/ijon_max/14
[1;94m[*] [0mFuzzing test case #1010 (1431 total, 0 uniq crashes found)...[0m
scheduled max input!!!!
schedule: 5 level18_3/ijon_max/5
updated maxmap 6: 850 (len: 944)
updated maxmap 7: 85a (len: 944)
updated maxmap 8: 85c (len: 944)
[1;94m[*] [0mFuzzing test case #1011 (1431 total, 0 uniq crashes found)...[0m
scheduled max input!!!!
schedule: 8 level18_3/ijon_max/8
updated maxmap 6: 851 (len: 944)
updated maxmap 7: 85b (len: 944)
updated maxmap 8: 85d (len: 944)
updated maxmap 8: 85e (len: 944)
updated maxmap 6: 854 (len: 944)
updated maxmap 7: 85e (len: 944)
updated maxmap 8: 860 (len: 944)
updated maxmap 8: 861 (len: 944)
updated maxmap 4: 861 (len: 944)
updated maxmap 8: 869 (len: 952)
updated maxmap 6: 85f (len: 945)
updated maxmap 5: 861 (len: 944)
updated maxmap 6: 863 (len: 944)
updated maxmap 6: 864 (len: 948)
updated maxmap 7: 861 (len: 948)
[1;94m[*] [0mFuzzing test case #1012 (1434 total, 0 uniq crashes found)...[0m
scheduled max input!!!!
schedule: 11 level18_3/ijon_max/11
[1;94m[*] [0mFuzzing test case #1013 (1434 total, 0 uniq crashes found)...[0m
scheduled max input!!!!
schedule: 4 level18_3/ijon_max/4
updated maxmap 4: 863 (len: 946)
[1;94m[*] [0mFuzzing test case #1014 (1434 total, 0 uniq crashes found)...[0m
scheduled max input!!!!
schedule: 3 level18_3/ijon_max/3
updated maxmap 2: 882 (len: 957)
updated maxmap 3: 871 (len: 957)
updated maxmap 4: 869 (len: 957)
minimized maxmap 4: 869 (len: 947)
updated maxmap 4: 86a (len: 947)
[1;94m[*] [0mFuzzing test case #1015 (1435 total, 0 uniq crashes found)...[0m
scheduled max input!!!!
schedule: 15 level18_3/ijon_max/15
[1;94m[*] [0mFuzzing test case #1016 (1435 total, 0 uniq crashes found)...[0m
[1;94m[*] [0mFuzzing test case #1017 (1435 total, 0 uniq crashes found)...[0m
scheduled max input!!!!
schedule: 10 level18_3/ijon_max/10
[1;94m[*] [0mFuzzing test case #1018 (1436 total, 0 uniq crashes found)...[0m
scheduled max input!!!!
schedule: 3 level18_3/ijon_max/3
updated maxmap 2: 891 (len: 964)
updated maxmap 3: 894 (len: 964)
updated maxmap 4: 86b (len: 957)
updated maxmap 1: 868 (len: 957)
updated maxmap 4: 886 (len: 957)
updated maxmap 1: 871 (len: 962)
updated maxmap 4: 88f (len: 962)
[1;94m[*] [0mFuzzing test case #1019 (1438 total, 0 uniq crashes found)...[0m
scheduled max input!!!!
schedule: 10 level18_3/ijon_max/10
[1;94m[*] [0mFuzzing test case #1020 (1438 total, 0 uniq crashes found)...[0m
[1;94m[*] [0mFuzzing test case #1021 (1438 total, 0 uniq crashes found)...[0m
scheduled max input!!!!
schedule: 7 level18_3/ijon_max/7
updated maxmap 6: 86b (len: 953)
updated maxmap 7: 868 (len: 953)
[1;94m[*] [0mFuzzing test case #1022 (1438 total, 0 uniq crashes found)...[0m
scheduled max input!!!!
schedule: 3 level18_3/ijon_max/3
[1;94m[*] [0mFuzzing test case #1023 (1438 total, 0 uniq crashes found)...[0m
[1;94m[*] [0mFuzzing test case #1024 (1438 total, 0 uniq crashes found)...[0m
[1;94m[*] [0mFuzzing test case #1025 (1438 total, 0 uniq crashes found)...[0m
scheduled max input!!!!
schedule: 9 level18_3/ijon_max/9
[1;94m[*] [0mFuzzing test case #1026 (1438 total, 0 uniq crashes found)...[0m
scheduled max input!!!!
schedule: 0 level18_3/ijon_max/0
[1;94m[*] [0mFuzzing test case #1027 (1438 total, 0 uniq crashes found)...[0m
scheduled max input!!!!
schedule: 2 level18_3/ijon_max/2
[1;94m[*] [0mFuzzing test case #1028 (1438 total, 0 uniq crashes found)...[0m
[1;94m[*] [0mFuzzing test case #1029 (1438 total, 0 uniq crashes found)...[0m
scheduled max input!!!!
schedule: 15 level18_3/ijon_max/15
[1;94m[*] [0mFuzzing test case #1030 (1438 total, 0 uniq crashes found)...[0m
[1;94m[*] [0mFuzzing test case #1031 (1438 total, 0 uniq crashes found)...[0m
scheduled max input!!!!
schedule: 1 level18_3/ijon_max/1
updated maxmap 1: 873 (len: 962)
updated maxmap 4: 891 (len: 962)
updated maxmap 1: 874 (len: 962)
updated maxmap 1: 875 (len: 962)
updated maxmap 4: 892 (len: 962)
[1;94m[*] [0mFuzzing test case #1032 (1438 total, 0 uniq crashes found)...[0m
scheduled max input!!!!
schedule: 7 level18_3/ijon_max/7
updated maxmap 6: 86c (len: 953)
updated maxmap 7: 869 (len: 953)
[1;94m[*] [0mFuzzing test case #1033 (1438 total, 0 uniq crashes found)...[0m
scheduled max input!!!!
schedule: 11 level18_3/ijon_max/11
[1;94m[*] [0mFuzzing test case #1034 (1438 total, 0 uniq crashes found)...[0m
scheduled max input!!!!
schedule: 0 level18_3/ijon_max/0
[1;94m[*] [0mFuzzing test case #1035 (1438 total, 0 uniq crashes found)...[0m
scheduled max input!!!!
schedule: 6 level18_3/ijon_max/6
[1;94m[*] [0mFuzzing test case #1036 (1438 total, 0 uniq crashes found)...[0m
[1;94m[*] [0mFuzzing test case #1037 (1438 total, 0 uniq crashes found)...[0m
scheduled max input!!!!
schedule: 6 level18_3/ijon_max/6
updated maxmap 6: 876 (len: 957)
[1;94m[*] [0mFuzzing test case #1038 (1438 total, 0 uniq crashes found)...[0m
scheduled max input!!!!
schedule: 1 level18_3/ijon_max/1
updated maxmap 4: 893 (len: 962)
[1;94m[*] [0mFuzzing test case #1039 (1438 total, 0 uniq crashes found)...[0m
scheduled max input!!!!
schedule: 0 level18_3/ijon_max/0
[1;94m[*] [0mFuzzing test case #1040 (1438 total, 0 uniq crashes found)...[0m
scheduled max input!!!!
schedule: 11 level18_3/ijon_max/11
[1;94m[*] [0mFuzzing test case #1041 (1438 total, 0 uniq crashes found)...[0m
scheduled max input!!!!
schedule: 1 level18_3/ijon_max/1
updated maxmap 4: 897 (len: 964)
updated maxmap 1: 876 (len: 967)
updated maxmap 2: 89d (len: 967)
updated maxmap 3: 896 (len: 967)
minimized maxmap 1: 876 (len: 962)
updated maxmap 1: 87e (len: 965)
updated maxmap 1: 87f (len: 962)
updated maxmap 1: 880 (len: 962)
[1;94m[*] [0mFuzzing test case #1042 (1439 total, 0 uniq crashes found)...[0m
scheduled max input!!!!
schedule: 13 level18_3/ijon_max/13
[1;94m[*] [0mFuzzing test case #1043 (1439 total, 0 uniq crashes found)...[0m
scheduled max input!!!!
schedule: 1 level18_3/ijon_max/1
updated maxmap 1: 881 (len: 963)
[1;94m[*] [0mFuzzing test case #1044 (1439 total, 0 uniq crashes found)...[0m
scheduled max input!!!!
schedule: 12 level18_3/ijon_max/12
[1;94m[*] [0mFuzzing test case #1045 (1439 total, 0 uniq crashes found)...[0m
scheduled max input!!!!
schedule: 0 level18_3/ijon_max/0
[1;94m[*] [0mFuzzing test case #1046 (1439 total, 0 uniq crashes found)...[0m
scheduled max input!!!!
schedule: 0 level18_3/ijon_max/0
[1;94m[*] [0mFuzzing test case #1047 (1439 total, 0 uniq crashes found)...[0m
scheduled max input!!!!
schedule: 10 level18_3/ijon_max/10
[1;94m[*] [0mFuzzing test case #1048 (1439 total, 0 uniq crashes found)...[0m
scheduled max input!!!!
schedule: 0 level18_3/ijon_max/0
[1;94m[*] [0mFuzzing test case #1049 (1439 total, 0 uniq crashes found)...[0m
scheduled max input!!!!
schedule: 11 level18_3/ijon_max/11
[1;94m[*] [0mFuzzing test case #1050 (1439 total, 0 uniq crashes found)...[0m
scheduled max input!!!!
schedule: 11 level18_3/ijon_max/11
[1;94m[*] [0mFuzzing test case #1051 (1439 total, 0 uniq crashes found)...[0m
[1;94m[*] [0mFuzzing test case #1052 (1439 total, 0 uniq crashes found)...[0m
[1;94m[*] [0mFuzzing test case #1053 (1439 total, 0 uniq crashes found)...[0m
scheduled max input!!!!
schedule: 15 level18_3/ijon_max/15
[1;94m[*] [0mFuzzing test case #1054 (1439 total, 0 uniq crashes found)...[0m
scheduled max input!!!!
schedule: 14 level18_3/ijon_max/14
[1;94m[*] [0mFuzzing test case #1055 (1439 total, 0 uniq crashes found)...[0m
scheduled max input!!!!
schedule: 1 level18_3/ijon_max/1
minimized maxmap 3: 896 (len: 965)
updated maxmap 1: 882 (len: 963)
[1;94m[*] [0mFuzzing test case #1056 (1439 total, 0 uniq crashes found)...[0m
scheduled max input!!!!
schedule: 7 level18_3/ijon_max/7
updated maxmap 6: 888 (len: 961)
updated maxmap 7: 88b (len: 961)
[1;94m[*] [0mFuzzing test case #1057 (1440 total, 0 uniq crashes found)...[0m
scheduled max input!!!!
schedule: 12 level18_3/ijon_max/12
[1;94m[*] [0mFuzzing test case #1058 (1440 total, 0 uniq crashes found)...[0m
[1;94m[*] [0mFuzzing test case #1059 (1440 total, 0 uniq crashes found)...[0m
scheduled max input!!!!
schedule: 3 level18_3/ijon_max/3
updated maxmap 3: 897 (len: 965)
updated maxmap 7: 88e (len: 965)
[1;94m[*] [0mFuzzing test case #1060 (1440 total, 0 uniq crashes found)...[0m
scheduled max input!!!!
schedule: 14 level18_3/ijon_max/14
[1;94m[*] [0mFuzzing test case #1061 (1440 total, 0 uniq crashes found)...[0m
[1;94m[*] [0mFuzzing test case #1062 (1440 total, 0 uniq crashes found)...[0m
scheduled max input!!!!
schedule: 10 level18_3/ijon_max/10
[1;94m[*] [0mFuzzing test case #1063 (1440 total, 0 uniq crashes found)...[0m
[1;94m[*] [0mFuzzing test case #1064 (1440 total, 0 uniq crashes found)...[0m
[1;94m[*] [0mFuzzing test case #1065 (1440 total, 0 uniq crashes found)...[0m
scheduled max input!!!!
schedule: 5 level18_3/ijon_max/5
[1;94m[*] [0mFuzzing test case #1066 (1440 total, 0 uniq crashes found)...[0m
scheduled max input!!!!
schedule: 4 level18_3/ijon_max/4
updated maxmap 4: 898 (len: 964)
[1;94m[*] [0mFuzzing test case #1067 (1440 total, 0 uniq crashes found)...[0m
scheduled max input!!!!
schedule: 15 level18_3/ijon_max/15
[1;94m[*] [0mFuzzing test case #1068 (1440 total, 0 uniq crashes found)...[0m
scheduled max input!!!!
schedule: 2 level18_3/ijon_max/2
updated maxmap 2: 89e (len: 967)
[1;94m[*] [0mFuzzing test case #1069 (1440 total, 0 uniq crashes found)...[0m
scheduled max input!!!!
schedule: 15 level18_3/ijon_max/15
[1;94m[*] [0mFuzzing test case #1070 (1440 total, 0 uniq crashes found)...[0m
scheduled max input!!!!
schedule: 1 level18_3/ijon_max/1
[1;94m[*] [0mFuzzing test case #1071 (1440 total, 0 uniq crashes found)...[0m
scheduled max input!!!!
schedule: 13 level18_3/ijon_max/13
[1;94m[*] [0mFuzzing test case #1072 (1440 total, 0 uniq crashes found)...[0m
scheduled max input!!!!
schedule: 13 level18_3/ijon_max/13
[1;94m[*] [0mFuzzing test case #1073 (1440 total, 0 uniq crashes found)...[0m
scheduled max input!!!!
schedule: 5 level18_3/ijon_max/5
[1;94m[*] [0mFuzzing test case #1074 (1440 total, 0 uniq crashes found)...[0m
scheduled max input!!!!
schedule: 11 level18_3/ijon_max/11
[1;94m[*] [0mFuzzing test case #1075 (1440 total, 0 uniq crashes found)...[0m
scheduled max input!!!!
schedule: 3 level18_3/ijon_max/3
updated maxmap 3: 89b (len: 967)
[1;94m[*] [0mFuzzing test case #1076 (1440 total, 0 uniq crashes found)...[0m
[1;94m[*] [0mFuzzing test case #1077 (1440 total, 0 uniq crashes found)...[0m
scheduled max input!!!!
schedule: 5 level18_3/ijon_max/5
[1;94m[*] [0mFuzzing test case #1078 (1440 total, 0 uniq crashes found)...[0m
[1;94m[*] [0mFuzzing test case #1079 (1440 total, 0 uniq crashes found)...[0m
scheduled max input!!!!
schedule: 4 level18_3/ijon_max/4
updated maxmap 4: 89a (len: 966)
[1;94m[*] [0mFuzzing test case #1080 (1440 total, 0 uniq crashes found)...[0m
scheduled max input!!!!
schedule: 10 level18_3/ijon_max/10
[1;94m[*] [0mFuzzing test case #1081 (1440 total, 0 uniq crashes found)...[0m
[1;94m[*] [0mFuzzing test case #1082 (1440 total, 0 uniq crashes found)...[0m
scheduled max input!!!!
schedule: 12 level18_3/ijon_max/12
[1;94m[*] [0mFuzzing test case #1083 (1440 total, 0 uniq crashes found)...[0m
[1;94m[*] [0mFuzzing test case #1084 (1440 total, 0 uniq crashes found)...[0m
scheduled max input!!!!
schedule: 8 level18_3/ijon_max/8
[1;94m[*] [0mFuzzing test case #1085 (1440 total, 0 uniq crashes found)...[0m
scheduled max input!!!!
schedule: 6 level18_3/ijon_max/6
updated maxmap 5: 875 (len: 961)
updated maxmap 6: 889 (len: 961)
[1;94m[*] [0mFuzzing test case #1086 (1440 total, 0 uniq crashes found)...[0m
scheduled max input!!!!
schedule: 11 level18_3/ijon_max/11
[1;94m[*] [0mFuzzing test case #1087 (1440 total, 0 uniq crashes found)...[0m
scheduled max input!!!!
schedule: 3 level18_3/ijon_max/3
updated maxmap 2: 8aa (len: 973)
updated maxmap 3: 89d (len: 967)
updated maxmap 3: 89e (len: 967)
[1;94m[*] [0mFuzzing test case #1088 (1440 total, 0 uniq crashes found)...[0m
scheduled max input!!!!
schedule: 15 level18_3/ijon_max/15
[1;94m[*] [0mFuzzing test case #1089 (1440 total, 0 uniq crashes found)...[0m
scheduled max input!!!!
schedule: 8 level18_3/ijon_max/8
[1;94m[*] [0mFuzzing test case #1090 (1440 total, 0 uniq crashes found)...[0m
scheduled max input!!!!
schedule: 13 level18_3/ijon_max/13
[1;94m[*] [0mFuzzing test case #1091 (1440 total, 0 uniq crashes found)...[0m
scheduled max input!!!!
schedule: 2 level18_3/ijon_max/2
updated maxmap 2: 8ab (len: 973)
updated maxmap 2: 8ac (len: 973)
updated maxmap 2: 8ad (len: 973)
updated maxmap 2: 8b1 (len: 976)
[1;94m[*] [0mFuzzing test case #1092 (1440 total, 0 uniq crashes found)...[0m
[1;94m[*] [0mFuzzing test case #1093 (1440 total, 0 uniq crashes found)...[0m
scheduled max input!!!!
schedule: 4 level18_3/ijon_max/4
[1;94m[*] [0mFuzzing test case #1094 (1440 total, 0 uniq crashes found)...[0m
[1;94m[*] [0mFuzzing test case #1095 (1440 total, 0 uniq crashes found)...[0m
scheduled max input!!!!
schedule: 7 level18_3/ijon_max/7
updated maxmap 7: 88f (len: 965)
[1;94m[*] [0mFuzzing test case #1096 (1440 total, 0 uniq crashes found)...[0m
scheduled max input!!!!
schedule: 10 level18_3/ijon_max/10
[1;94m[*] [0mFuzzing test case #1097 (1440 total, 0 uniq crashes found)...[0m
scheduled max input!!!!
schedule: 15 level18_3/ijon_max/15
[1;94m[*] [0mFuzzing test case #1098 (1440 total, 0 uniq crashes found)...[0m
scheduled max input!!!!
schedule: 6 level18_3/ijon_max/6
[1;94m[*] [0mFuzzing test case #1099 (1441 total, 0 uniq crashes found)...[0m
scheduled max input!!!!
schedule: 15 level18_3/ijon_max/15
[1;94m[*] [0mFuzzing test case #1100 (1441 total, 0 uniq crashes found)...[0m
scheduled max input!!!!
schedule: 7 level18_3/ijon_max/7
updated maxmap 7: 890 (len: 966)
updated maxmap 8: 88b (len: 966)
minimized maxmap 8: 88b (len: 965)
updated maxmap 8: 88e (len: 966)
[1;94m[*] [0mFuzzing test case #1101 (1442 total, 0 uniq crashes found)...[0m
scheduled max input!!!!
schedule: 8 level18_3/ijon_max/8
updated maxmap 7: 894 (len: 966)
updated maxmap 8: 892 (len: 966)
[1;94m[*] [0mFuzzing test case #1102 (1442 total, 0 uniq crashes found)...[0m
scheduled max input!!!!
schedule: 14 level18_3/ijon_max/14
[1;94m[*] [0mFuzzing test case #1103 (1442 total, 0 uniq crashes found)...[0m
scheduled max input!!!!
schedule: 0 level18_3/ijon_max/0
[1;94m[*] [0mFuzzing test case #1104 (1442 total, 0 uniq crashes found)...[0m
scheduled max input!!!!
schedule: 3 level18_3/ijon_max/3
[1;94m[*] [0mFuzzing test case #1105 (1442 total, 0 uniq crashes found)...[0m
scheduled max input!!!!
schedule: 11 level18_3/ijon_max/11
[1;94m[*] [0mFuzzing test case #1106 (1442 total, 0 uniq crashes found)...[0m
scheduled max input!!!!
schedule: 12 level18_3/ijon_max/12
[1;94m[*] [0mFuzzing test case #1107 (1442 total, 0 uniq crashes found)...[0m
scheduled max input!!!!
schedule: 14 level18_3/ijon_max/14
[1;94m[*] [0mFuzzing test case #1108 (1442 total, 0 uniq crashes found)...[0m
scheduled max input!!!!
schedule: 10 level18_3/ijon_max/10
[1;94m[*] [0mFuzzing test case #1109 (1442 total, 0 uniq crashes found)...[0m
scheduled max input!!!!
schedule: 13 level18_3/ijon_max/13
[1;94m[*] [0mFuzzing test case #1110 (1442 total, 0 uniq crashes found)...[0m
[1;94m[*] [0mFuzzing test case #1111 (1442 total, 0 uniq crashes found)...[0m
scheduled max input!!!!
schedule: 11 level18_3/ijon_max/11
[1;94m[*] [0mFuzzing test case #1112 (1442 total, 0 uniq crashes found)...[0m
[1;94m[*] [0mFuzzing test case #1113 (1442 total, 0 uniq crashes found)...[0m
scheduled max input!!!!
schedule: 7 level18_3/ijon_max/7
updated maxmap 6: 890 (len: 970)
[1;94m[*] [0mFuzzing test case #1114 (1442 total, 0 uniq crashes found)...[0m
scheduled max input!!!!
schedule: 9 level18_3/ijon_max/9
[1;94m[*] [0mFuzzing test case #1115 (1442 total, 0 uniq crashes found)...[0m
scheduled max input!!!!
schedule: 15 level18_3/ijon_max/15
[1;94m[*] [0mFuzzing test case #1116 (1442 total, 0 uniq crashes found)...[0m
scheduled max input!!!!
schedule: 9 level18_3/ijon_max/9
[1;94m[*] [0mFuzzing test case #1117 (1442 total, 0 uniq crashes found)...[0m
scheduled max input!!!!
schedule: 9 level18_3/ijon_max/9
[1;94m[*] [0mFuzzing test case #1118 (1442 total, 0 uniq crashes found)...[0m
scheduled max input!!!!
schedule: 1 level18_3/ijon_max/1
updated maxmap 1: 883 (len: 963)
[1;94m[*] [0mFuzzing test case #1119 (1442 total, 0 uniq crashes found)...[0m
scheduled max input!!!!
schedule: 1 level18_3/ijon_max/1
[1;94m[*] [0mFuzzing test case #1120 (1442 total, 0 uniq crashes found)...[0m
scheduled max input!!!!
schedule: 2 level18_3/ijon_max/2
updated maxmap 2: 8b2 (len: 976)
updated maxmap 1: 8ad (len: 981)
updated maxmap 2: 8ba (len: 981)
updated maxmap 3: 8bf (len: 981)
minimized maxmap 1: 8ad (len: 976)
updated maxmap 1: 8ae (len: 977)
[1;94m[*] [0mFuzzing test case #1121 (1443 total, 0 uniq crashes found)...[0m
scheduled max input!!!!
schedule: 8 level18_3/ijon_max/8
[1;94m[*] [0mFuzzing test case #1122 (1444 total, 0 uniq crashes found)...[0m
[1;94m[*] [0mFuzzing test case #1123 (1444 total, 0 uniq crashes found)...[0m
scheduled max input!!!!
schedule: 10 level18_3/ijon_max/10
[1;94m[*] [0mFuzzing test case #1124 (1444 total, 0 uniq crashes found)...[0m
scheduled max input!!!!
schedule: 14 level18_3/ijon_max/14
[1;94m[*] [0mFuzzing test case #1125 (1444 total, 0 uniq crashes found)...[0m
[1;94m[*] [0mFuzzing test case #1126 (1444 total, 0 uniq crashes found)...[0m
scheduled max input!!!!
schedule: 10 level18_3/ijon_max/10
[1;94m[*] [0mFuzzing test case #1127 (1444 total, 0 uniq crashes found)...[0m
scheduled max input!!!!
schedule: 8 level18_3/ijon_max/8
updated maxmap 7: 895 (len: 966)
[1;94m[*] [0mFuzzing test case #1128 (1444 total, 0 uniq crashes found)...[0m
scheduled max input!!!!
schedule: 14 level18_3/ijon_max/14
[1;94m[*] [0mFuzzing test case #1129 (1444 total, 0 uniq crashes found)...[0m
scheduled max input!!!!
schedule: 14 level18_3/ijon_max/14
[1;94m[*] [0mFuzzing test case #1130 (1444 total, 0 uniq crashes found)...[0m
scheduled max input!!!!
schedule: 14 level18_3/ijon_max/14
[1;94m[*] [0mFuzzing test case #1131 (1444 total, 0 uniq crashes found)...[0m
[1;94m[*] [0mFuzzing test case #1132 (1444 total, 0 uniq crashes found)...[0m
scheduled max input!!!!
schedule: 12 level18_3/ijon_max/12
[1;94m[*] [0mFuzzing test case #1133 (1444 total, 0 uniq crashes found)...[0m
scheduled max input!!!!
schedule: 6 level18_3/ijon_max/6
updated maxmap 6: 891 (len: 970)
updated maxmap 6: 89a (len: 975)
[1;94m[*] [0mFuzzing test case #1134 (1444 total, 0 uniq crashes found)...[0m
scheduled max input!!!!
schedule: 12 level18_3/ijon_max/12
[1;94m[*] [0mFuzzing test case #1135 (1444 total, 0 uniq crashes found)...[0m
scheduled max input!!!!
schedule: 11 level18_3/ijon_max/11
[1;94m[*] [0mFuzzing test case #1136 (1444 total, 0 uniq crashes found)...[0m
scheduled max input!!!!
schedule: 0 level18_3/ijon_max/0
[1;94m[*] [0mFuzzing test case #1137 (1444 total, 0 uniq crashes found)...[0m
scheduled max input!!!!
schedule: 2 level18_3/ijon_max/2
[1;94m[*] [0mFuzzing test case #1138 (1445 total, 0 uniq crashes found)...[0m
scheduled max input!!!!
schedule: 14 level18_3/ijon_max/14
[1;94m[*] [0mFuzzing test case #1139 (1445 total, 0 uniq crashes found)...[0m
scheduled max input!!!!
schedule: 4 level18_3/ijon_max/4
updated maxmap 4: 89b (len: 966)
[1;94m[*] [0mFuzzing test case #1140 (1445 total, 0 uniq crashes found)...[0m
scheduled max input!!!!
schedule: 13 level18_3/ijon_max/13
[1;94m[*] [0mFuzzing test case #1141 (1445 total, 0 uniq crashes found)...[0m
scheduled max input!!!!
schedule: 3 level18_3/ijon_max/3
updated maxmap 5: 8a4 (len: 981)
updated maxmap 6: 8b1 (len: 981)
updated maxmap 7: 8b6 (len: 981)
[1;94m[*] [0mFuzzing test case #1142 (1445 total, 0 uniq crashes found)...[0m
scheduled max input!!!!
schedule: 5 level18_3/ijon_max/5
updated maxmap 7: 8b9 (len: 984)
updated maxmap 8: 8bc (len: 984)
[1;94m[*] [0mFuzzing test case #1143 (1445 total, 0 uniq crashes found)...[0m
scheduled max input!!!!
schedule: 15 level18_3/ijon_max/15
[1;94m[*] [0mFuzzing test case #1144 (1445 total, 0 uniq crashes found)...[0m
[1;94m[*] [0mFuzzing test case #1145 (1445 total, 0 uniq crashes found)...[0m
scheduled max input!!!!
schedule: 2 level18_3/ijon_max/2
updated maxmap 2: 8c7 (len: 989)
updated maxmap 3: 8d1 (len: 989)
updated maxmap 4: 8a0 (len: 989)
minimized maxmap 4: 8a0 (len: 981)
[1;94m[*] [0mFuzzing test case #1146 (1445 total, 0 uniq crashes found)...[0m
scheduled max input!!!!
schedule: 14 level18_3/ijon_max/14
[1;94m[*] [0mFuzzing test case #1147 (1445 total, 0 uniq crashes found)...[0m
scheduled max input!!!!
schedule: 4 level18_3/ijon_max/4
updated maxmap 4: 8a6 (len: 987)
updated maxmap 4: 8a7 (len: 981)
updated maxmap 1: 8af (len: 981)
updated maxmap 4: 8bf (len: 981)
updated maxmap 1: 8b1 (len: 989)
updated maxmap 4: 8ca (len: 989)
minimized maxmap 1: 8b1 (len: 981)
updated maxmap 1: 8b2 (len: 981)
updated maxmap 1: 8b3 (len: 981)
[1;94m[*] [0mFuzzing test case #1148 (1445 total, 0 uniq crashes found)...[0m
[1;94m[*] [0mFuzzing test case #1149 (1445 total, 0 uniq crashes found)...[0m
scheduled max input!!!!
schedule: 9 level18_3/ijon_max/9
minimized maxmap 10: 591 (len: 880)
[1;94m[*] [0mFuzzing test case #1150 (1445 total, 0 uniq crashes found)...[0m
scheduled max input!!!!
schedule: 13 level18_3/ijon_max/13
[1;94m[*] [0mFuzzing test case #1151 (1445 total, 0 uniq crashes found)...[0m
[1;94m[*] [0mFuzzing test case #1152 (1445 total, 0 uniq crashes found)...[0m
scheduled max input!!!!
schedule: 3 level18_3/ijon_max/3
[1;94m[*] [0mFuzzing test case #1153 (1445 total, 0 uniq crashes found)...[0m
[1;94m[*] [0mFuzzing test case #1154 (1445 total, 0 uniq crashes found)...[0m
scheduled max input!!!!
schedule: 9 level18_3/ijon_max/9
[1;94m[*] [0mFuzzing test case #1155 (1445 total, 0 uniq crashes found)...[0m
[1;94m[*] [0mFuzzing test case #1156 (1445 total, 0 uniq crashes found)...[0m
scheduled max input!!!!
schedule: 7 level18_3/ijon_max/7
updated maxmap 7: 8ba (len: 984)
[1;94m[*] [0mFuzzing test case #1157 (1445 total, 0 uniq crashes found)...[0m
scheduled max input!!!!
schedule: 9 level18_3/ijon_max/9
[1;94m[*] [0mFuzzing test case #1158 (1445 total, 0 uniq crashes found)...[0m
[1;94m[*] [0mFuzzing test case #1159 (1445 total, 0 uniq crashes found)...[0m
scheduled max input!!!!
schedule: 13 level18_3/ijon_max/13
[1;94m[*] [0mFuzzing test case #1160 (1445 total, 0 uniq crashes found)...[0m
scheduled max input!!!!
schedule: 13 level18_3/ijon_max/13
[1;94m[*] [0mFuzzing test case #1161 (1445 total, 0 uniq crashes found)...[0m
scheduled max input!!!!
schedule: 2 level18_3/ijon_max/2
updated maxmap 2: 8c8 (len: 991)
updated maxmap 3: 8d2 (len: 991)
minimized maxmap 2: 8c8 (len: 989)
updated maxmap 4: 8d8 (len: 994)
updated maxmap 6: 8cd (len: 989)
updated maxmap 7: 8d2 (len: 989)
[1;94m[*] [0mFuzzing test case #1162 (1447 total, 0 uniq crashes found)...[0m
scheduled max input!!!!
schedule: 3 level18_3/ijon_max/3
updated maxmap 2: 8c9 (len: 991)
updated maxmap 3: 8d3 (len: 991)
[1;94m[*] [0mFuzzing test case #1163 (1447 total, 0 uniq crashes found)...[0m
[1;94m[*] [0mFuzzing test case #1164 (1447 total, 0 uniq crashes found)...[0m
scheduled max input!!!!
schedule: 11 level18_3/ijon_max/11
[1;94m[*] [0mFuzzing test case #1165 (1447 total, 0 uniq crashes found)...[0m
scheduled max input!!!!
schedule: 7 level18_3/ijon_max/7
updated maxmap 6: 8d0 (len: 989)
updated maxmap 7: 8d5 (len: 989)
updated maxmap 6: 8d2 (len: 990)
updated maxmap 7: 8d7 (len: 990)
minimized maxmap 6: 8d2 (len: 989)
[1;94m[*] [0mFuzzing test case #1166 (1447 total, 0 uniq crashes found)...[0m
[1;94m[*] [0mFuzzing test case #1167 (1447 total, 0 uniq crashes found)...[0m
scheduled max input!!!!
schedule: 7 level18_3/ijon_max/7
updated maxmap 5: 8bb (len: 990)
updated maxmap 8: 8d9 (len: 990)
[1;94m[*] [0mFuzzing test case #1168 (1447 total, 0 uniq crashes found)...[0m
scheduled max input!!!!
schedule: 4 level18_3/ijon_max/4
updated maxmap 1: 8b4 (len: 994)
updated maxmap 4: 8d9 (len: 994)
updated maxmap 2: 8d9 (len: 999)
updated maxmap 1: 8b7 (len: 995)
updated maxmap 4: 8dc (len: 995)
minimized maxmap 1: 8b7 (len: 994)
[1;94m[*] [0mFuzzing test case #1169 (1447 total, 0 uniq crashes found)...[0m
scheduled max input!!!!
schedule: 13 level18_3/ijon_max/13
[1;94m[*] [0mFuzzing test case #1170 (1447 total, 0 uniq crashes found)...[0m
scheduled max input!!!!
schedule: 11 level18_3/ijon_max/11
[1;94m[*] [0mFuzzing test case #1171 (1447 total, 0 uniq crashes found)...[0m
scheduled max input!!!!
schedule: 11 level18_3/ijon_max/11
[1;94m[*] [0mFuzzing test case #1172 (1447 total, 0 uniq crashes found)...[0m
scheduled max input!!!!
schedule: 4 level18_3/ijon_max/4
updated maxmap 1: 8b8 (len: 995)
updated maxmap 4: 8dd (len: 995)
updated maxmap 4: 8de (len: 995)
[1;94m[*] [0mFuzzing test case #1173 (1447 total, 0 uniq crashes found)...[0m
scheduled max input!!!!
schedule: 4 level18_3/ijon_max/4
updated maxmap 3: 8d9 (len: 995)
updated maxmap 4: 8e0 (len: 995)
[1;94m[*] [0mFuzzing test case #1174 (1447 total, 0 uniq crashes found)...[0m
[1;94m[*] [0mFuzzing test case #1175 (1447 total, 0 uniq crashes found)...[0m
scheduled max input!!!!
schedule: 6 level18_3/ijon_max/6
[1;94m[*] [0mFuzzing test case #1176 (1447 total, 0 uniq crashes found)...[0m
scheduled max input!!!!
schedule: 5 level18_3/ijon_max/5
updated maxmap 8: 8e0 (len: 993)
updated maxmap 5: 8bc (len: 990)
[1;94m[*] [0mFuzzing test case #1177 (1447 total, 0 uniq crashes found)...[0m
scheduled max input!!!!
schedule: 4 level18_3/ijon_max/4
updated maxmap 3: 8de (len: 995)
[1;94m[*] [0mFuzzing test case #1178 (1447 total, 0 uniq crashes found)...[0m
scheduled max input!!!!
schedule: 10 level18_3/ijon_max/10
[1;94m[*] [0mFuzzing test case #1179 (1447 total, 0 uniq crashes found)...[0m
[1;94m[*] [0mFuzzing test case #1180 (1447 total, 0 uniq crashes found)...[0m
scheduled max input!!!!
schedule: 10 level18_3/ijon_max/10
[1;94m[*] [0mFuzzing test case #1181 (1447 total, 0 uniq crashes found)...[0m
scheduled max input!!!!
schedule: 14 level18_3/ijon_max/14
[1;94m[*] [0mFuzzing test case #1182 (1447 total, 0 uniq crashes found)...[0m
scheduled max input!!!!
schedule: 4 level18_3/ijon_max/4
updated maxmap 4: 8e4 (len: 997)
updated maxmap 1: 8ca (len: 999)
[1;94m[*] [0mFuzzing test case #1183 (1448 total, 0 uniq crashes found)...[0m
[1;94m[*] [0mFuzzing test case #1184 (1448 total, 0 uniq crashes found)...[0m
scheduled max input!!!!
schedule: 0 level18_3/ijon_max/0
[1;94m[*] [0mFuzzing test case #1185 (1448 total, 0 uniq crashes found)...[0m
scheduled max input!!!!
schedule: 12 level18_3/ijon_max/12
[1;94m[*] [0mFuzzing test case #1186 (1448 total, 0 uniq crashes found)...[0m
scheduled max input!!!!
schedule: 13 level18_3/ijon_max/13
[1;94m[*] [0mFuzzing test case #1187 (1448 total, 0 uniq crashes found)...[0m
[1;94m[*] [0mFuzzing test case #1188 (1448 total, 0 uniq crashes found)...[0m
scheduled max input!!!!
schedule: 7 level18_3/ijon_max/7
updated maxmap 7: 8d8 (len: 990)
[1;94m[*] [0mFuzzing test case #1189 (1448 total, 0 uniq crashes found)...[0m
[1;94m[*] [0mFuzzing test case #1190 (1448 total, 0 uniq crashes found)...[0m
[1;94m[*] [0mFuzzing test case #1191 (1448 total, 0 uniq crashes found)...[0m
scheduled max input!!!!
schedule: 14 level18_3/ijon_max/14
[1;94m[*] [0mFuzzing test case #1192 (1448 total, 0 uniq crashes found)...[0m
scheduled max input!!!!
schedule: 3 level18_3/ijon_max/3
updated maxmap 3: 8e8 (len: 995)
updated maxmap 2: 8e0 (len: 1000)
updated maxmap 3: 8eb (len: 1000)
updated maxmap 4: 8ec (len: 1000)
minimized maxmap 2: 8e0 (len: 995)
updated maxmap 2: 8e1 (len: 995)
updated maxmap 1: 8f7 (len: 1002)
updated maxmap 2: 8f0 (len: 1002)
updated maxmap 3: 8f2 (len: 1003)
[1;94m[*] [0mFuzzing test case #1193 (1451 total, 0 uniq crashes found)...[0m
scheduled max input!!!!
schedule: 15 level18_3/ijon_max/15
[1;94m[*] [0mFuzzing test case #1194 (1451 total, 0 uniq crashes found)...[0m
scheduled max input!!!!
schedule: 7 level18_3/ijon_max/7
updated maxmap 7: 8da (len: 990)
updated maxmap 6: 8dd (len: 997)
updated maxmap 7: 8e7 (len: 997)
[1;94m[*] [0mFuzzing test case #1195 (1451 total, 0 uniq crashes found)...[0m
[1;94m[*] [0mFuzzing test case #1196 (1451 total, 0 uniq crashes found)...[0m
scheduled max input!!!!
schedule: 13 level18_3/ijon_max/13
[1;94m[*] [0mFuzzing test case #1197 (1451 total, 0 uniq crashes found)...[0m
scheduled max input!!!!
schedule: 5 level18_3/ijon_max/5
updated maxmap 8: 8e5 (len: 995)
[1;94m[*] [0mFuzzing test case #1198 (1452 total, 0 uniq crashes found)...[0m
scheduled max input!!!!
schedule: 12 level18_3/ijon_max/12
[1;94m[*] [0mFuzzing test case #1199 (1452 total, 0 uniq crashes found)...[0m
scheduled max input!!!!
schedule: 3 level18_3/ijon_max/3
updated maxmap 3: 8f7 (len: 1006)
updated maxmap 2: 8f9 (len: 1010)
updated maxmap 3: 8fa (len: 1010)
[1;94m[*] [0mFuzzing test case #1200 (1453 total, 0 uniq crashes found)...[0m
scheduled max input!!!!
schedule: 11 level18_3/ijon_max/11
[1;94m[*] [0mFuzzing test case #1201 (1453 total, 0 uniq crashes found)...[0m
scheduled max input!!!!
schedule: 3 level18_3/ijon_max/3
updated maxmap 3: 8fb (len: 1010)
updated maxmap 1: 8f9 (len: 1021)
updated maxmap 2: 8fc (len: 1017)
updated maxmap 6: 8e0 (len: 1015)
updated maxmap 6: 8e8 (len: 1012)
updated maxmap 7: 8ec (len: 1012)
minimized maxmap 1: 8f9 (len: 1018)
minimized maxmap 2: 8fc (len: 1011)
updated maxmap 1: 8fa (len: 1018)
[1;94m[*] [0mFuzzing test case #1202 (1463 total, 0 uniq crashes found)...[0m
scheduled max input!!!!
schedule: 14 level18_3/ijon_max/14
[1;94m[*] [0mFuzzing test case #1203 (1463 total, 0 uniq crashes found)...[0m
scheduled max input!!!!
schedule: 13 level18_3/ijon_max/13
[1;94m[*] [0mFuzzing test case #1204 (1463 total, 0 uniq crashes found)...[0m
scheduled max input!!!!
schedule: 8 level18_3/ijon_max/8
[1;94m[*] [0mFuzzing test case #1205 (1463 total, 0 uniq crashes found)...[0m
scheduled max input!!!!
schedule: 12 level18_3/ijon_max/12
[1;94m[*] [0mFuzzing test case #1206 (1463 total, 0 uniq crashes found)...[0m
scheduled max input!!!!
schedule: 1 level18_3/ijon_max/1
updated maxmap 1: 8fc (len: 1018)
[1;94m[*] [0mFuzzing test case #1207 (1463 total, 0 uniq crashes found)...[0m
[1;94m[*] [0mFuzzing test case #1208 (1463 total, 0 uniq crashes found)...[0m
scheduled max input!!!!
schedule: 6 level18_3/ijon_max/6
updated maxmap 6: 8e9 (len: 1012)
updated maxmap 6: 8ea (len: 1013)
minimized maxmap 6: 8ea (len: 1012)
updated maxmap 6: 8eb (len: 1012)
[1;94m[*] [0mFuzzing test case #1209 (1463 total, 0 uniq crashes found)...[0m
[1;94m[*] [0mFuzzing test case #1210 (1463 total, 0 uniq crashes found)...[0m
scheduled max input!!!!
schedule: 13 level18_3/ijon_max/13
[1;94m[*] [0mFuzzing test case #1211 (1463 total, 0 uniq crashes found)...[0m
[1;94m[*] [0mFuzzing test case #1212 (1463 total, 0 uniq crashes found)...[0m
scheduled max input!!!!
schedule: 4 level18_3/ijon_max/4
[1;94m[*] [0mFuzzing test case #1213 (1463 total, 0 uniq crashes found)...[0m
scheduled max input!!!!
schedule: 4 level18_3/ijon_max/4
[1;94m[*] [0mFuzzing test case #1214 (1463 total, 0 uniq crashes found)...[0m
scheduled max input!!!!
schedule: 0 level18_3/ijon_max/0
[1;94m[*] [0mFuzzing test case #1215 (1463 total, 0 uniq crashes found)...[0m
scheduled max input!!!!
schedule: 9 level18_3/ijon_max/9
[1;94m[*] [0mFuzzing test case #1216 (1463 total, 0 uniq crashes found)...[0m
scheduled max input!!!!
schedule: 12 level18_3/ijon_max/12
[1;94m[*] [0mFuzzing test case #1217 (1463 total, 0 uniq crashes found)...[0m
scheduled max input!!!!
schedule: 13 level18_3/ijon_max/13
[1;94m[*] [0mFuzzing test case #1218 (1463 total, 0 uniq crashes found)...[0m
scheduled max input!!!!
schedule: 6 level18_3/ijon_max/6
updated maxmap 5: 8da (len: 1012)
updated maxmap 6: 8ec (len: 1012)
[1;94m[*] [0mFuzzing test case #1219 (1463 total, 0 uniq crashes found)...[0m
scheduled max input!!!!
schedule: 0 level18_3/ijon_max/0
[1;94m[*] [0mFuzzing test case #1220 (1463 total, 0 uniq crashes found)...[0m
scheduled max input!!!!
schedule: 3 level18_3/ijon_max/3
[1;94m[*] [0mFuzzing test case #1221 (1463 total, 0 uniq crashes found)...[0m
scheduled max input!!!!
schedule: 13 level18_3/ijon_max/13
[1;94m[*] [0mFuzzing test case #1222 (1463 total, 0 uniq crashes found)...[0m
scheduled max input!!!!
schedule: 15 level18_3/ijon_max/15
[1;94m[*] [0mFuzzing test case #1223 (1463 total, 0 uniq crashes found)...[0m
scheduled max input!!!!
schedule: 4 level18_3/ijon_max/4
[1;94m[*] [0mFuzzing test case #1224 (1463 total, 0 uniq crashes found)...[0m
scheduled max input!!!!
schedule: 7 level18_3/ijon_max/7
[1;94m[*] [0mFuzzing test case #1225 (1463 total, 0 uniq crashes found)...[0m
[1;94m[*] [0mFuzzing test case #1226 (1463 total, 0 uniq crashes found)...[0m
[1;94m[*] [0mFuzzing test case #1227 (1463 total, 0 uniq crashes found)...[0m
scheduled max input!!!!
schedule: 0 level18_3/ijon_max/0
[1;94m[*] [0mFuzzing test case #1228 (1463 total, 0 uniq crashes found)...[0m
scheduled max input!!!!
schedule: 3 level18_3/ijon_max/3
[1;94m[*] [0mFuzzing test case #1229 (1463 total, 0 uniq crashes found)...[0m
scheduled max input!!!!
schedule: 10 level18_3/ijon_max/10
[1;94m[*] [0mFuzzing test case #1230 (1463 total, 0 uniq crashes found)...[0m
scheduled max input!!!!
schedule: 0 level18_3/ijon_max/0
[1;94m[*] [0mFuzzing test case #1231 (1463 total, 0 uniq crashes found)...[0m
scheduled max input!!!!
schedule: 10 level18_3/ijon_max/10
[1;94m[*] [0mFuzzing test case #1232 (1463 total, 0 uniq crashes found)...[0m
scheduled max input!!!!
schedule: 9 level18_3/ijon_max/9
[1;94m[*] [0mFuzzing test case #1233 (1463 total, 0 uniq crashes found)...[0m
scheduled max input!!!!
schedule: 0 level18_3/ijon_max/0
[1;94m[*] [0mFuzzing test case #1234 (1463 total, 0 uniq crashes found)...[0m
scheduled max input!!!!
schedule: 6 level18_3/ijon_max/6
updated maxmap 8: 8eb (len: 1012)
[1;94m[*] [0mFuzzing test case #1235 (1463 total, 0 uniq crashes found)...[0m
[1;94m[*] [0mFuzzing test case #1236 (1463 total, 0 uniq crashes found)...[0m
scheduled max input!!!!
schedule: 3 level18_3/ijon_max/3
[1;94m[*] [0mFuzzing test case #1237 (1463 total, 0 uniq crashes found)...[0m
scheduled max input!!!!
schedule: 9 level18_3/ijon_max/9
[1;94m[*] [0mFuzzing test case #1238 (1463 total, 0 uniq crashes found)...[0m
scheduled max input!!!!
schedule: 12 level18_3/ijon_max/12
[1;94m[*] [0mFuzzing test case #1239 (1463 total, 0 uniq crashes found)...[0m
scheduled max input!!!!
schedule: 2 level18_3/ijon_max/2
[1;94m[*] [0mFuzzing test case #1240 (1463 total, 0 uniq crashes found)...[0m
[1;94m[*] [0mFuzzing test case #1241 (1463 total, 0 uniq crashes found)...[0m
scheduled max input!!!!
schedule: 1 level18_3/ijon_max/1
[1;94m[*] [0mFuzzing test case #1242 (1463 total, 0 uniq crashes found)...[0m
scheduled max input!!!!
schedule: 6 level18_3/ijon_max/6
[1;94m[*] [0mFuzzing test case #1243 (1463 total, 0 uniq crashes found)...[0m
scheduled max input!!!!
schedule: 2 level18_3/ijon_max/2
[1;94m[*] [0mFuzzing test case #1244 (1463 total, 0 uniq crashes found)...[0m
scheduled max input!!!!
schedule: 4 level18_3/ijon_max/4
[1;94m[*] [0mFuzzing test case #1245 (1463 total, 0 uniq crashes found)...[0m
scheduled max input!!!!
schedule: 12 level18_3/ijon_max/12
[1;94m[*] [0mFuzzing test case #1246 (1463 total, 0 uniq crashes found)...[0m
scheduled max input!!!!
schedule: 9 level18_3/ijon_max/9
[1;94m[*] [0mFuzzing test case #1247 (1463 total, 0 uniq crashes found)...[0m
[1;94m[*] [0mFuzzing test case #1248 (1463 total, 0 uniq crashes found)...[0m
[1;94m[*] [0mFuzzing test case #1249 (1463 total, 0 uniq crashes found)...[0m
scheduled max input!!!!
schedule: 13 level18_3/ijon_max/13
[1;94m[*] [0mFuzzing test case #1250 (1463 total, 0 uniq crashes found)...[0m
[1;94m[*] [0mFuzzing test case #1251 (1463 total, 0 uniq crashes found)...[0m
[1;94m[*] [0mFuzzing test case #1252 (1463 total, 0 uniq crashes found)...[0m
scheduled max input!!!!
schedule: 6 level18_3/ijon_max/6
[1;94m[*] [0mFuzzing test case #1253 (1463 total, 0 uniq crashes found)...[0m
scheduled max input!!!!
schedule: 6 level18_3/ijon_max/6
[1;94m[*] [0mFuzzing test case #1254 (1463 total, 0 uniq crashes found)...[0m
scheduled max input!!!!
schedule: 13 level18_3/ijon_max/13
[1;94m[*] [0mFuzzing test case #1255 (1463 total, 0 uniq crashes found)...[0m
scheduled max input!!!!
schedule: 9 level18_3/ijon_max/9
[1;94m[*] [0mFuzzing test case #1256 (1463 total, 0 uniq crashes found)...[0m
scheduled max input!!!!
schedule: 0 level18_3/ijon_max/0
[1;94m[*] [0mFuzzing test case #1257 (1463 total, 0 uniq crashes found)...[0m
[1;94m[*] [0mFuzzing test case #1258 (1463 total, 0 uniq crashes found)...[0m
scheduled max input!!!!
schedule: 0 level18_3/ijon_max/0
[1;94m[*] [0mFuzzing test case #1259 (1463 total, 0 uniq crashes found)...[0m
[1;94m[*] [0mFuzzing test case #1260 (1463 total, 0 uniq crashes found)...[0m
scheduled max input!!!!
schedule: 8 level18_3/ijon_max/8
[1;94m[*] [0mFuzzing test case #1261 (1463 total, 0 uniq crashes found)...[0m
[1;94m[*] [0mFuzzing test case #1262 (1463 total, 0 uniq crashes found)...[0m
scheduled max input!!!!
schedule: 9 level18_3/ijon_max/9
[1;94m[*] [0mFuzzing test case #1263 (1463 total, 0 uniq crashes found)...[0m
[1;94m[*] [0mFuzzing test case #1264 (1463 total, 0 uniq crashes found)...[0m
scheduled max input!!!!
schedule: 8 level18_3/ijon_max/8
updated maxmap 8: 8ec (len: 1012)
[1;94m[*] [0mFuzzing test case #1265 (1463 total, 0 uniq crashes found)...[0m
scheduled max input!!!!
schedule: 14 level18_3/ijon_max/14
[1;94m[*] [0mFuzzing test case #1266 (1463 total, 0 uniq crashes found)...[0m
scheduled max input!!!!
schedule: 9 level18_3/ijon_max/9
[1;94m[*] [0mFuzzing test case #1267 (1463 total, 0 uniq crashes found)...[0m
[1;94m[*] [0mFuzzing test case #1268 (1463 total, 0 uniq crashes found)...[0m
scheduled max input!!!!
schedule: 13 level18_3/ijon_max/13
[1;94m[*] [0mFuzzing test case #1269 (1463 total, 0 uniq crashes found)...[0m
scheduled max input!!!!
schedule: 0 level18_3/ijon_max/0
[1;94m[*] [0mFuzzing test case #1270 (1463 total, 0 uniq crashes found)...[0m
scheduled max input!!!!
schedule: 2 level18_3/ijon_max/2
[1;94m[*] [0mFuzzing test case #1271 (1463 total, 0 uniq crashes found)...[0m
scheduled max input!!!!
schedule: 15 level18_3/ijon_max/15
[1;94m[*] [0mFuzzing test case #1272 (1464 total, 0 uniq crashes found)...[0m
[1;94m[*] [0mFuzzing test case #1273 (1464 total, 0 uniq crashes found)...[0m
scheduled max input!!!!
schedule: 9 level18_3/ijon_max/9
[1;94m[*] [0mFuzzing test case #1274 (1464 total, 0 uniq crashes found)...[0m
scheduled max input!!!!
schedule: 3 level18_3/ijon_max/3
[1;94m[*] [0mFuzzing test case #1275 (1464 total, 0 uniq crashes found)...[0m
scheduled max input!!!!
schedule: 8 level18_3/ijon_max/8
[1;94m[*] [0mFuzzing test case #1276 (1464 total, 0 uniq crashes found)...[0m
scheduled max input!!!!
schedule: 5 level18_3/ijon_max/5
[1;94m[*] [0mFuzzing test case #1277 (1464 total, 0 uniq crashes found)...[0m
scheduled max input!!!!
schedule: 10 level18_3/ijon_max/10
[1;94m[*] [0mFuzzing test case #1278 (1464 total, 0 uniq crashes found)...[0m
[1;94m[*] [0mFuzzing test case #1279 (1464 total, 0 uniq crashes found)...[0m
scheduled max input!!!!
schedule: 7 level18_3/ijon_max/7
[1;94m[*] [0mFuzzing test case #1280 (1464 total, 0 uniq crashes found)...[0m
scheduled max input!!!!
schedule: 5 level18_3/ijon_max/5
[1;94m[*] [0mFuzzing test case #1281 (1464 total, 0 uniq crashes found)...[0m
scheduled max input!!!!
schedule: 13 level18_3/ijon_max/13
[1;94m[*] [0mFuzzing test case #1282 (1464 total, 0 uniq crashes found)...[0m
scheduled max input!!!!
schedule: 15 level18_3/ijon_max/15
[1;94m[*] [0mFuzzing test case #1283 (1464 total, 0 uniq crashes found)...[0m
scheduled max input!!!!
schedule: 0 level18_3/ijon_max/0
[1;94m[*] [0mFuzzing test case #1284 (1464 total, 0 uniq crashes found)...[0m
scheduled max input!!!!
schedule: 2 level18_3/ijon_max/2
[1;94m[*] [0mFuzzing test case #1285 (1464 total, 0 uniq crashes found)...[0m
scheduled max input!!!!
schedule: 7 level18_3/ijon_max/7
[1;94m[*] [0mFuzzing test case #1286 (1464 total, 0 uniq crashes found)...[0m
scheduled max input!!!!
schedule: 14 level18_3/ijon_max/14
[1;94m[*] [0mFuzzing test case #1287 (1464 total, 0 uniq crashes found)...[0m
scheduled max input!!!!
schedule: 10 level18_3/ijon_max/10
[1;94m[*] [0mFuzzing test case #1288 (1464 total, 0 uniq crashes found)...[0m
scheduled max input!!!!
schedule: 12 level18_3/ijon_max/12
[1;94m[*] [0mFuzzing test case #1289 (1464 total, 0 uniq crashes found)...[0m
scheduled max input!!!!
schedule: 10 level18_3/ijon_max/10
[1;94m[*] [0mFuzzing test case #1290 (1464 total, 0 uniq crashes found)...[0m
scheduled max input!!!!
schedule: 15 level18_3/ijon_max/15
[1;94m[*] [0mFuzzing test case #1291 (1464 total, 0 uniq crashes found)...[0m
scheduled max input!!!!
schedule: 7 level18_3/ijon_max/7
[1;94m[*] [0mFuzzing test case #1292 (1464 total, 0 uniq crashes found)...[0m
[1;94m[*] [0mFuzzing test case #1293 (1464 total, 0 uniq crashes found)...[0m
[1;94m[*] [0mFuzzing test case #1294 (1464 total, 0 uniq crashes found)...[0m
scheduled max input!!!!
schedule: 4 level18_3/ijon_max/4
[1;94m[*] [0mFuzzing test case #1295 (1464 total, 0 uniq crashes found)...[0m
scheduled max input!!!!
schedule: 8 level18_3/ijon_max/8
[1;94m[*] [0mFuzzing test case #1296 (1465 total, 0 uniq crashes found)...[0m
scheduled max input!!!!
schedule: 5 level18_3/ijon_max/5
[1;94m[*] [0mFuzzing test case #1297 (1465 total, 0 uniq crashes found)...[0m
scheduled max input!!!!
schedule: 8 level18_3/ijon_max/8
[1;94m[*] [0mFuzzing test case #1298 (1465 total, 0 uniq crashes found)...[0m
scheduled max input!!!!
schedule: 4 level18_3/ijon_max/4
[1;94m[*] [0mFuzzing test case #1299 (1465 total, 0 uniq crashes found)...[0m
scheduled max input!!!!
schedule: 0 level18_3/ijon_max/0
[1;94m[*] [0mFuzzing test case #1300 (1465 total, 0 uniq crashes found)...[0m
scheduled max input!!!!
schedule: 3 level18_3/ijon_max/3
[1;94m[*] [0mFuzzing test case #1301 (1465 total, 0 uniq crashes found)...[0m
scheduled max input!!!!
schedule: 13 level18_3/ijon_max/13
[1;94m[*] [0mFuzzing test case #1302 (1465 total, 0 uniq crashes found)...[0m
[1;94m[*] [0mFuzzing test case #1303 (1465 total, 0 uniq crashes found)...[0m
scheduled max input!!!!
schedule: 6 level18_3/ijon_max/6
[1;94m[*] [0mFuzzing test case #1304 (1465 total, 0 uniq crashes found)...[0m
scheduled max input!!!!
schedule: 12 level18_3/ijon_max/12
[1;94m[*] [0mFuzzing test case #1305 (1465 total, 0 uniq crashes found)...[0m
scheduled max input!!!!
schedule: 15 level18_3/ijon_max/15
[1;94m[*] [0mFuzzing test case #1306 (1465 total, 0 uniq crashes found)...[0m
scheduled max input!!!!
schedule: 10 level18_3/ijon_max/10
[1;94m[*] [0mFuzzing test case #1307 (1465 total, 0 uniq crashes found)...[0m
scheduled max input!!!!
schedule: 14 level18_3/ijon_max/14
[1;94m[*] [0mFuzzing test case #1308 (1465 total, 0 uniq crashes found)...[0m
scheduled max input!!!!
schedule: 6 level18_3/ijon_max/6
[1;94m[*] [0mFuzzing test case #1309 (1465 total, 0 uniq crashes found)...[0m
scheduled max input!!!!
schedule: 3 level18_3/ijon_max/3
[1;94m[*] [0mFuzzing test case #1310 (1465 total, 0 uniq crashes found)...[0m
[1;94m[*] [0mFuzzing test case #1311 (1465 total, 0 uniq crashes found)...[0m
scheduled max input!!!!
schedule: 0 level18_3/ijon_max/0
[1;94m[*] [0mFuzzing test case #1312 (1465 total, 0 uniq crashes found)...[0m
[1;94m[*] [0mFuzzing test case #1313 (1465 total, 0 uniq crashes found)...[0m
scheduled max input!!!!
schedule: 4 level18_3/ijon_max/4
[1;94m[*] [0mFuzzing test case #1314 (1465 total, 0 uniq crashes found)...[0m
scheduled max input!!!!
schedule: 7 level18_3/ijon_max/7
[1;94m[*] [0mFuzzing test case #1315 (1465 total, 0 uniq crashes found)...[0m
scheduled max input!!!!
schedule: 13 level18_3/ijon_max/13
[1;94m[*] [0mFuzzing test case #1316 (1465 total, 0 uniq crashes found)...[0m
scheduled max input!!!!
schedule: 1 level18_3/ijon_max/1
[1;94m[*] [0mFuzzing test case #1317 (1465 total, 0 uniq crashes found)...[0m
scheduled max input!!!!
schedule: 0 level18_3/ijon_max/0
[1;94m[*] [0mFuzzing test case #1318 (1465 total, 0 uniq crashes found)...[0m
scheduled max input!!!!
schedule: 3 level18_3/ijon_max/3
[1;94m[*] [0mFuzzing test case #1319 (1465 total, 0 uniq crashes found)...[0m
scheduled max input!!!!
schedule: 0 level18_3/ijon_max/0
[1;94m[*] [0mFuzzing test case #1320 (1465 total, 0 uniq crashes found)...[0m
scheduled max input!!!!
schedule: 9 level18_3/ijon_max/9
[1;94m[*] [0mFuzzing test case #1321 (1465 total, 0 uniq crashes found)...[0m
scheduled max input!!!!
schedule: 0 level18_3/ijon_max/0
[1;94m[*] [0mFuzzing test case #1322 (1465 total, 0 uniq crashes found)...[0m
scheduled max input!!!!
schedule: 1 level18_3/ijon_max/1
[1;94m[*] [0mFuzzing test case #1323 (1465 total, 0 uniq crashes found)...[0m
scheduled max input!!!!
schedule: 14 level18_3/ijon_max/14
[1;94m[*] [0mFuzzing test case #1324 (1465 total, 0 uniq crashes found)...[0m
[1;94m[*] [0mFuzzing test case #1325 (1465 total, 0 uniq crashes found)...[0m
[1;94m[*] [0mFuzzing test case #1326 (1465 total, 0 uniq crashes found)...[0m
scheduled max input!!!!
schedule: 13 level18_3/ijon_max/13
[1;94m[*] [0mFuzzing test case #1327 (1465 total, 0 uniq crashes found)...[0m
scheduled max input!!!!
schedule: 12 level18_3/ijon_max/12
[1;94m[*] [0mFuzzing test case #1328 (1465 total, 0 uniq crashes found)...[0m
scheduled max input!!!!
schedule: 12 level18_3/ijon_max/12
[1;94m[*] [0mFuzzing test case #1329 (1465 total, 0 uniq crashes found)...[0m
scheduled max input!!!!
schedule: 11 level18_3/ijon_max/11
[1;94m[*] [0mFuzzing test case #1330 (1465 total, 0 uniq crashes found)...[0m
scheduled max input!!!!
schedule: 13 level18_3/ijon_max/13
[1;94m[*] [0mFuzzing test case #1331 (1465 total, 0 uniq crashes found)...[0m
scheduled max input!!!!
schedule: 4 level18_3/ijon_max/4
[1;94m[*] [0mFuzzing test case #1332 (1465 total, 0 uniq crashes found)...[0m
[1;94m[*] [0mFuzzing test case #1333 (1465 total, 0 uniq crashes found)...[0m
scheduled max input!!!!
schedule: 1 level18_3/ijon_max/1
[1;94m[*] [0mFuzzing test case #1334 (1465 total, 0 uniq crashes found)...[0m
[1;94m[*] [0mFuzzing test case #1335 (1465 total, 0 uniq crashes found)...[0m
scheduled max input!!!!
schedule: 13 level18_3/ijon_max/13
[1;94m[*] [0mFuzzing test case #1336 (1465 total, 0 uniq crashes found)...[0m
scheduled max input!!!!
schedule: 3 level18_3/ijon_max/3
[1;94m[*] [0mFuzzing test case #1337 (1465 total, 0 uniq crashes found)...[0m
scheduled max input!!!!
schedule: 12 level18_3/ijon_max/12
[1;94m[*] [0mFuzzing test case #1338 (1465 total, 0 uniq crashes found)...[0m
scheduled max input!!!!
schedule: 0 level18_3/ijon_max/0
[1;94m[*] [0mFuzzing test case #1339 (1465 total, 0 uniq crashes found)...[0m
scheduled max input!!!!
schedule: 7 level18_3/ijon_max/7
[1;94m[*] [0mFuzzing test case #1340 (1465 total, 0 uniq crashes found)...[0m
[1;94m[*] [0mFuzzing test case #1341 (1465 total, 0 uniq crashes found)...[0m
scheduled max input!!!!
schedule: 0 level18_3/ijon_max/0
[1;94m[*] [0mFuzzing test case #1342 (1465 total, 0 uniq crashes found)...[0m
scheduled max input!!!!
schedule: 3 level18_3/ijon_max/3
[1;94m[*] [0mFuzzing test case #1343 (1465 total, 0 uniq crashes found)...[0m
[1;94m[*] [0mFuzzing test case #1344 (1465 total, 0 uniq crashes found)...[0m
scheduled max input!!!!
schedule: 0 level18_3/ijon_max/0
[1;94m[*] [0mFuzzing test case #1345 (1465 total, 0 uniq crashes found)...[0m
scheduled max input!!!!
schedule: 0 level18_3/ijon_max/0
[1;94m[*] [0mFuzzing test case #1346 (1465 total, 0 uniq crashes found)...[0m
scheduled max input!!!!
schedule: 14 level18_3/ijon_max/14
[1;94m[*] [0mFuzzing test case #1347 (1465 total, 0 uniq crashes found)...[0m
[1;94m[*] [0mFuzzing test case #1348 (1465 total, 0 uniq crashes found)...[0m
[1;94m[*] [0mFuzzing test case #1349 (1465 total, 0 uniq crashes found)...[0m
scheduled max input!!!!
schedule: 11 level18_3/ijon_max/11
[1;94m[*] [0mFuzzing test case #1350 (1465 total, 0 uniq crashes found)...[0m
[1;94m[*] [0mFuzzing test case #1351 (1465 total, 0 uniq crashes found)...[0m
scheduled max input!!!!
schedule: 5 level18_3/ijon_max/5
[1;94m[*] [0mFuzzing test case #1352 (1465 total, 0 uniq crashes found)...[0m
scheduled max input!!!!
schedule: 4 level18_3/ijon_max/4
[1;94m[*] [0mFuzzing test case #1353 (1465 total, 0 uniq crashes found)...[0m
scheduled max input!!!!
schedule: 7 level18_3/ijon_max/7
[1;94m[*] [0mFuzzing test case #1354 (1465 total, 0 uniq crashes found)...[0m
scheduled max input!!!!
schedule: 4 level18_3/ijon_max/4
[1;94m[*] [0mFuzzing test case #1355 (1465 total, 0 uniq crashes found)...[0m
scheduled max input!!!!
schedule: 15 level18_3/ijon_max/15
[1;94m[*] [0mFuzzing test case #1356 (1465 total, 0 uniq crashes found)...[0m
scheduled max input!!!!
schedule: 10 level18_3/ijon_max/10
[1;94m[*] [0mFuzzing test case #1357 (1466 total, 0 uniq crashes found)...[0m
scheduled max input!!!!
schedule: 15 level18_3/ijon_max/15
[1;94m[*] [0mFuzzing test case #1358 (1466 total, 0 uniq crashes found)...[0m
scheduled max input!!!!
schedule: 13 level18_3/ijon_max/13
[1;94m[*] [0mFuzzing test case #1359 (1466 total, 0 uniq crashes found)...[0m
scheduled max input!!!!
schedule: 5 level18_3/ijon_max/5
updated maxmap 5: 8db (len: 1012)
[1;94m[*] [0mFuzzing test case #1360 (1466 total, 0 uniq crashes found)...[0m
scheduled max input!!!!
schedule: 8 level18_3/ijon_max/8
[1;94m[*] [0mFuzzing test case #1361 (1466 total, 0 uniq crashes found)...[0m
scheduled max input!!!!
schedule: 12 level18_3/ijon_max/12
[1;94m[*] [0mFuzzing test case #1362 (1466 total, 0 uniq crashes found)...[0m
scheduled max input!!!!
schedule: 4 level18_3/ijon_max/4
[1;94m[*] [0mFuzzing test case #1363 (1466 total, 0 uniq crashes found)...[0m
[1;94m[*] [0mFuzzing test case #1364 (1466 total, 0 uniq crashes found)...[0m
scheduled max input!!!!
schedule: 2 level18_3/ijon_max/2
updated maxmap 5: 8eb (len: 1011)
[1;94m[*] [0mFuzzing test case #1365 (1466 total, 0 uniq crashes found)...[0m
scheduled max input!!!!
schedule: 5 level18_3/ijon_max/5
minimized maxmap 6: 8ec (len: 1011)
[1;94m[*] [0mFuzzing test case #1366 (1466 total, 0 uniq crashes found)...[0m
scheduled max input!!!!
schedule: 0 level18_3/ijon_max/0
[1;94m[*] [0mFuzzing test case #1367 (1466 total, 0 uniq crashes found)...[0m
scheduled max input!!!!
schedule: 13 level18_3/ijon_max/13
[1;94m[*] [0mFuzzing test case #1368 (1466 total, 0 uniq crashes found)...[0m
scheduled max input!!!!
schedule: 2 level18_3/ijon_max/2
[1;94m[*] [0mFuzzing test case #1369 (1466 total, 0 uniq crashes found)...[0m
scheduled max input!!!!
schedule: 7 level18_3/ijon_max/7
[1;94m[*] [0mFuzzing test case #1370 (1466 total, 0 uniq crashes found)...[0m
scheduled max input!!!!
schedule: 1 level18_3/ijon_max/1
[1;94m[*] [0mFuzzing test case #1371 (1466 total, 0 uniq crashes found)...[0m
scheduled max input!!!!
schedule: 9 level18_3/ijon_max/9
[1;94m[*] [0mFuzzing test case #1372 (1466 total, 0 uniq crashes found)...[0m
scheduled max input!!!!
schedule: 11 level18_3/ijon_max/11
[1;94m[*] [0mFuzzing test case #1373 (1466 total, 0 uniq crashes found)...[0m
[1;94m[*] [0mFuzzing test case #1374 (1466 total, 0 uniq crashes found)...[0m
scheduled max input!!!!
schedule: 9 level18_3/ijon_max/9
[1;94m[*] [0mFuzzing test case #1375 (1466 total, 0 uniq crashes found)...[0m
scheduled max input!!!!
schedule: 6 level18_3/ijon_max/6
updated maxmap 6: 8ef (len: 1011)
updated maxmap 7: 8ee (len: 1011)
[1;94m[*] [0mFuzzing test case #1376 (1466 total, 0 uniq crashes found)...[0m
scheduled max input!!!!
schedule: 0 level18_3/ijon_max/0
[1;94m[*] [0mFuzzing test case #1377 (1466 total, 0 uniq crashes found)...[0m
scheduled max input!!!!
schedule: 5 level18_3/ijon_max/5
[1;94m[*] [0mFuzzing test case #1378 (1466 total, 0 uniq crashes found)...[0m
scheduled max input!!!!
schedule: 9 level18_3/ijon_max/9
[1;94m[*] [0mFuzzing test case #1379 (1466 total, 0 uniq crashes found)...[0m
scheduled max input!!!!
schedule: 3 level18_3/ijon_max/3
[1;94m[*] [0mFuzzing test case #1380 (1466 total, 0 uniq crashes found)...[0m
[1;94m[*] [0mFuzzing test case #1381 (1466 total, 0 uniq crashes found)...[0m
scheduled max input!!!!
schedule: 9 level18_3/ijon_max/9
[1;94m[*] [0mFuzzing test case #1382 (1466 total, 0 uniq crashes found)...[0m
scheduled max input!!!!
schedule: 12 level18_3/ijon_max/12
[1;94m[*] [0mFuzzing test case #1383 (1466 total, 0 uniq crashes found)...[0m
scheduled max input!!!!
schedule: 1 level18_3/ijon_max/1
[1;94m[*] [0mFuzzing test case #1384 (1467 total, 0 uniq crashes found)...[0m
scheduled max input!!!!
schedule: 0 level18_3/ijon_max/0
[1;94m[*] [0mFuzzing test case #1385 (1467 total, 0 uniq crashes found)...[0m
[1;94m[*] [0mFuzzing test case #1386 (1467 total, 0 uniq crashes found)...[0m
scheduled max input!!!!
schedule: 10 level18_3/ijon_max/10
[1;94m[*] [0mFuzzing test case #1387 (1467 total, 0 uniq crashes found)...[0m
scheduled max input!!!!
schedule: 0 level18_3/ijon_max/0
[1;94m[*] [0mFuzzing test case #1388 (1467 total, 0 uniq crashes found)...[0m
scheduled max input!!!!
schedule: 12 level18_3/ijon_max/12
[1;94m[*] [0mFuzzing test case #1389 (1467 total, 0 uniq crashes found)...[0m
scheduled max input!!!!
schedule: 11 level18_3/ijon_max/11
[1;94m[*] [0mFuzzing test case #1390 (1467 total, 0 uniq crashes found)...[0m
scheduled max input!!!!
schedule: 14 level18_3/ijon_max/14
[1;94m[*] [0mFuzzing test case #1391 (1467 total, 0 uniq crashes found)...[0m
scheduled max input!!!!
schedule: 5 level18_3/ijon_max/5
[1;94m[*] [0mFuzzing test case #1392 (1467 total, 0 uniq crashes found)...[0m
scheduled max input!!!!
schedule: 7 level18_3/ijon_max/7
[1;94m[*] [0mFuzzing test case #1393 (1467 total, 0 uniq crashes found)...[0m
scheduled max input!!!!
schedule: 2 level18_3/ijon_max/2
[1;94m[*] [0mFuzzing test case #1394 (1467 total, 0 uniq crashes found)...[0m
scheduled max input!!!!
schedule: 8 level18_3/ijon_max/8
[1;94m[*] [0mFuzzing test case #1395 (1467 total, 0 uniq crashes found)...[0m
scheduled normal input!!!!
[?25h[1;91m

+++ Testing aborted by user +++
[0m
[1;93m[!] [0mStopped during the first cycle, results may be incomplete.
    (For info on resuming, see docs/README.)
[1;92m[+] [0mWe're done here. Have a nice day!
[0m
srun: error: ubuntu-test: task 0: Exited with exit code 124
