srun: error: NodeNames=ubuntu-test CPUs=90 match no Sockets, Sockets*CoresPerSocket or Sockets*CoresPerSocket*ThreadsPerCore. Resetting CPUs.
[0;36mafl-fuzz [1;97m2.51b-ijon[0m by <lcamtuf@google.com>
[1;92m[+] [0mLooks like we're not running on a tty, so I'll be a bit less verbose.[0m
[1;92m[+] [0mYou have 96 CPU cores and 112 runnable tasks (utilization: 117%).[0m
[1;93m[!] [1;97mWARNING: [0mNot binding to a CPU core (AFL_NO_AFFINITY set).[0m
[1;94m[*] [0mChecking core_pattern...[0m
[1;94m[*] [0mSetting up output directories...[0m
importdir: level26_3/importsmax_dir: level26_3/ijon_max[1;94m[*] [0mScanning 'seeds'...[0m
[1;92m[+] [0mNo auto-generated dictionary tokens to reuse.[0m
[1;94m[*] [0mCreating hard links for all input files...[0m
[1;94m[*] [0mValidating target binary...[0m
[1;94m[*] [0mAttempting dry run with 'id:000000,orig:a'...[0m
[1;94m[*] [0mSpinning up the fork server...[0m
[1;92m[+] [0mAll right - fork server is up.[0m
[1;90m    len = 1, map size = 2477, exec speed = 17170 us
[0m[1;92m[+] [0mAll test cases processed.[0m

[1;93m[!] [1;97mWARNING: [0m[1;91mThe target binary is pretty slow! See docs/perf_tips.txt.[0m
[1;92m[+] [0mHere are some useful stats:

[1;90m    Test case count : [0m1 favored, 0 variable, 1 total
[1;90m       Bitmap range : [0m2477 to 2477 bits (average: 2477.00 bits)
[1;90m        Exec timing : [0m17.2k to 17.2k us (average: 17.2k us)
[0m
[1;92m[+] [0mAll set and ready to roll![0m
[1;94m[*] [0mEntering queue cycle 1.[0m
[1;94m[*] [0mFuzzing test case #0 (1 total, 0 uniq crashes found)...[0m
scheduled normal input!!!!
updated maxmap 11: 28 (len: 1)
updated maxmap 3: 28 (len: 36)
updated maxmap 4: 28 (len: 36)
updated maxmap 5: 28 (len: 36)
updated maxmap 3: 2a (len: 88)
updated maxmap 4: 2a (len: 88)
updated maxmap 5: 2a (len: 88)
updated maxmap 3: 2e (len: 62)
updated maxmap 4: 2d (len: 62)
updated maxmap 5: 2c (len: 62)
updated maxmap 5: 2e (len: 57)
updated maxmap 6: 2e (len: 59)
updated maxmap 4: 2e (len: 60)
updated maxmap 5: 30 (len: 60)
updated maxmap 6: 30 (len: 60)
updated maxmap 3: 2f (len: 45)
updated maxmap 4: 30 (len: 64)
updated maxmap 5: 31 (len: 50)
updated maxmap 4: 42 (len: 73)
updated maxmap 5: 47 (len: 73)
updated maxmap 6: 4b (len: 73)
updated maxmap 7: 46 (len: 86)
updated maxmap 3: 30 (len: 53)
[1;94m[*] [0mFuzzing test case #1 (250 total, 0 uniq crashes found)...[0m
[1;94m[*] [0mFuzzing test case #2 (250 total, 0 uniq crashes found)...[0m
[1;94m[*] [0mFuzzing test case #3 (250 total, 0 uniq crashes found)...[0m
scheduled max input!!!!
schedule: 4 level26_3/ijon_max/4
updated maxmap 6: 4d (len: 81)
updated maxmap 7: 53 (len: 81)
updated maxmap 8: 57 (len: 81)
updated maxmap 4: 50 (len: 94)
updated maxmap 5: 56 (len: 94)
updated maxmap 6: 71 (len: 94)
updated maxmap 7: 69 (len: 94)
updated maxmap 8: 63 (len: 94)
updated maxmap 6: 7e (len: 123)
updated maxmap 7: 8b (len: 123)
updated maxmap 8: 88 (len: 123)
updated maxmap 4: 51 (len: 81)
updated maxmap 5: 57 (len: 81)
updated maxmap 3: 3b (len: 74)
updated maxmap 3: 3f (len: 73)
updated maxmap 4: 55 (len: 88)
updated maxmap 4: 56 (len: 84)
updated maxmap 3: 4c (len: 80)
updated maxmap 3: 4d (len: 81)
updated maxmap 5: 65 (len: 91)
updated maxmap 6: 7f (len: 131)
updated maxmap 8: 8b (len: 131)
updated maxmap 4: 58 (len: 119)
updated maxmap 6: 84 (len: 121)
updated maxmap 6: 95 (len: 139)
updated maxmap 7: 8e (len: 139)
updated maxmap 6: a5 (len: 145)
updated maxmap 7: 90 (len: 145)
updated maxmap 7: 9e (len: 143)
updated maxmap 8: a0 (len: 143)
updated maxmap 4: 5a (len: 102)
updated maxmap 5: 67 (len: 97)
updated maxmap 5: 71 (len: 137)
updated maxmap 7: ad (len: 139)
updated maxmap 8: aa (len: 139)
updated maxmap 4: 66 (len: 133)
updated maxmap 5: 73 (len: 113)
updated maxmap 5: 7a (len: 126)
[1;94m[*] [0mFuzzing test case #4 (375 total, 0 uniq crashes found)...[0m
scheduled max input!!!!
schedule: 11 level26_3/ijon_max/11
[1;94m[*] [0mFuzzing test case #5 (375 total, 0 uniq crashes found)...[0m
scheduled max input!!!!
schedule: 7 level26_3/ijon_max/7
updated maxmap 4: 6b (len: 139)
updated maxmap 4: 6c (len: 139)
updated maxmap 6: c5 (len: 172)
updated maxmap 7: be (len: 172)
updated maxmap 8: b8 (len: 172)
updated maxmap 5: 80 (len: 139)
updated maxmap 5: 84 (len: 147)
updated maxmap 5: 9a (len: 149)
updated maxmap 5: ac (len: 202)
updated maxmap 4: 7f (len: 140)
updated maxmap 5: d1 (len: 148)
updated maxmap 6: 100 (len: 175)
updated maxmap 7: f2 (len: 175)
updated maxmap 8: eb (len: 175)
updated maxmap 9: dd (len: 203)
updated maxmap 10: e2 (len: 203)
updated maxmap 11: e2 (len: 203)
updated maxmap 12: e2 (len: 203)
updated maxmap 11: e3 (len: 208)
updated maxmap 13: e2 (len: 208)
updated maxmap 5: d6 (len: 163)
updated maxmap 4: a9 (len: 139)
updated maxmap 3: 51 (len: 157)
updated maxmap 9: e3 (len: 191)
updated maxmap 5: e4 (len: 161)
updated maxmap 7: f7 (len: 161)
updated maxmap 8: fa (len: 161)
updated maxmap 13: e3 (len: 211)
updated maxmap 0: e3 (len: 209)
updated maxmap 14: e2 (len: 209)
updated maxmap 15: e3 (len: 209)
updated maxmap 7: f8 (len: 208)
updated maxmap 10: e3 (len: 192)
updated maxmap 3: 53 (len: 148)
[1;94m[*] [0mFuzzing test case #6 (535 total, 0 uniq crashes found)...[0m
[1;94m[*] [0mFuzzing test case #7 (535 total, 0 uniq crashes found)...[0m
[1;94m[*] [0mFuzzing test case #8 (535 total, 0 uniq crashes found)...[0m
scheduled max input!!!!
schedule: 11 level26_3/ijon_max/11
updated maxmap 6: 103 (len: 218)
updated maxmap 12: e3 (len: 217)
updated maxmap 5: fe (len: 286)
updated maxmap 6: 11f (len: 286)
updated maxmap 7: 116 (len: 286)
updated maxmap 8: 110 (len: 286)
updated maxmap 0: e4 (len: 260)
updated maxmap 15: e4 (len: 260)
updated maxmap 14: e3 (len: 216)
updated maxmap 5: 108 (len: 222)
updated maxmap 6: 126 (len: 222)
updated maxmap 7: 11d (len: 222)
updated maxmap 8: 117 (len: 222)
updated maxmap 0: e5 (len: 265)
updated maxmap 0: e6 (len: 238)
updated maxmap 14: e4 (len: 238)
updated maxmap 15: e6 (len: 238)
updated maxmap 0: e9 (len: 246)
updated maxmap 14: e5 (len: 246)
updated maxmap 15: e8 (len: 246)
updated maxmap 13: e4 (len: 216)
updated maxmap 14: e6 (len: 216)
updated maxmap 3: 5f (len: 217)
updated maxmap 9: e4 (len: 267)
updated maxmap 6: 135 (len: 259)
updated maxmap 7: 13e (len: 259)
updated maxmap 8: 13c (len: 259)
updated maxmap 6: 137 (len: 246)
updated maxmap 5: 132 (len: 227)
updated maxmap 6: 13c (len: 227)
updated maxmap 7: 142 (len: 227)
updated maxmap 8: 144 (len: 227)
updated maxmap 3: 62 (len: 214)
updated maxmap 0: ea (len: 223)
updated maxmap 15: e9 (len: 223)
updated maxmap 9: e6 (len: 261)
updated maxmap 5: 14b (len: 250)
updated maxmap 6: 141 (len: 250)
updated maxmap 4: de (len: 239)
updated maxmap 6: 159 (len: 263)
updated maxmap 7: 145 (len: 263)
updated maxmap 3: 63 (len: 222)
updated maxmap 0: eb (len: 238)
updated maxmap 14: e7 (len: 238)
updated maxmap 15: ea (len: 238)
updated maxmap 7: 148 (len: 219)
updated maxmap 8: 147 (len: 219)
updated maxmap 3: 66 (len: 226)
updated maxmap 6: 15e (len: 212)
updated maxmap 7: 150 (len: 212)
updated maxmap 8: 149 (len: 212)
updated maxmap 6: 169 (len: 259)
updated maxmap 7: 152 (len: 259)
updated maxmap 8: 14c (len: 259)
updated maxmap 6: 18a (len: 289)
updated maxmap 7: 173 (len: 289)
updated maxmap 8: 16d (len: 289)
updated maxmap 0: ec (len: 232)
updated maxmap 15: eb (len: 232)
updated maxmap 10: e4 (len: 219)
updated maxmap 5: 160 (len: 236)
updated maxmap 7: 180 (len: 236)
updated maxmap 8: 17f (len: 236)
[1;94m[*] [0mFuzzing test case #9 (661 total, 0 uniq crashes found)...[0m
scheduled max input!!!!
schedule: 12 level26_3/ijon_max/12
updated maxmap 6: 18e (len: 244)
updated maxmap 7: 198 (len: 244)
updated maxmap 8: 1a9 (len: 244)
[1;94m[*] [0mFuzzing test case #10 (687 total, 0 uniq crashes found)...[0m
scheduled max input!!!!
schedule: 5 level26_3/ijon_max/5
updated maxmap 5: 161 (len: 236)
updated maxmap 5: 162 (len: 236)
updated maxmap 5: 163 (len: 236)
updated maxmap 5: 169 (len: 241)
updated maxmap 6: 191 (len: 241)
updated maxmap 5: 16d (len: 236)
updated maxmap 5: 16e (len: 236)
updated maxmap 13: e5 (len: 236)
updated maxmap 6: 1a6 (len: 260)
updated maxmap 7: 1b0 (len: 260)
updated maxmap 8: 1b2 (len: 260)
updated maxmap 4: f6 (len: 241)
updated maxmap 5: 16f (len: 241)
updated maxmap 5: 175 (len: 238)
updated maxmap 4: f7 (len: 236)
updated maxmap 4: f8 (len: 236)
updated maxmap 5: 176 (len: 236)
updated maxmap 4: 101 (len: 242)
updated maxmap 5: 1ab (len: 267)
updated maxmap 6: 1b0 (len: 267)
updated maxmap 10: e5 (len: 256)
updated maxmap 4: 119 (len: 263)
updated maxmap 4: 12c (len: 242)
updated maxmap 4: 135 (len: 244)
[1;94m[*] [0mFuzzing test case #11 (729 total, 0 uniq crashes found)...[0m
scheduled max input!!!!
schedule: 14 level26_3/ijon_max/14
[1;94m[*] [0mFuzzing test case #12 (729 total, 0 uniq crashes found)...[0m
scheduled max input!!!!
schedule: 0 level26_3/ijon_max/0
[1;94m[*] [0mFuzzing test case #13 (730 total, 0 uniq crashes found)...[0m
[1;94m[*] [0mFuzzing test case #14 (730 total, 0 uniq crashes found)...[0m
[1;94m[*] [0mFuzzing test case #15 (730 total, 0 uniq crashes found)...[0m
[1;94m[*] [0mFuzzing test case #16 (730 total, 0 uniq crashes found)...[0m
scheduled max input!!!!
schedule: 13 level26_3/ijon_max/13
updated maxmap 0: ed (len: 238)
updated maxmap 14: e8 (len: 238)
updated maxmap 15: ec (len: 238)
updated maxmap 4: 13b (len: 255)
updated maxmap 7: 1b7 (len: 272)
updated maxmap 4: 148 (len: 257)
updated maxmap 0: ee (len: 244)
updated maxmap 9: 1b5 (len: 254)
[1;94m[*] [0mFuzzing test case #17 (740 total, 0 uniq crashes found)...[0m
scheduled max input!!!!
schedule: 8 level26_3/ijon_max/8
updated maxmap 6: 1b5 (len: 281)
updated maxmap 7: 1ba (len: 281)
updated maxmap 8: 1c0 (len: 281)
updated maxmap 9: 1c1 (len: 281)
updated maxmap 10: 1b3 (len: 265)
updated maxmap 7: 1bc (len: 264)
updated maxmap 10: 1bd (len: 271)
updated maxmap 7: 1bf (len: 289)
updated maxmap 8: 1c3 (len: 289)
updated maxmap 6: 1b8 (len: 266)
updated maxmap 4: 164 (len: 265)
updated maxmap 6: 1ba (len: 266)
updated maxmap 5: 1b0 (len: 267)
updated maxmap 6: 1e7 (len: 267)
updated maxmap 7: 1d5 (len: 267)
updated maxmap 8: 1ce (len: 267)
updated maxmap 5: 1bb (len: 260)
updated maxmap 7: 1e0 (len: 260)
updated maxmap 8: 1d9 (len: 260)
updated maxmap 5: 1bc (len: 261)
updated maxmap 7: 1e1 (len: 261)
updated maxmap 8: 1da (len: 261)
updated maxmap 11: 1c1 (len: 260)
updated maxmap 12: 1c1 (len: 260)
updated maxmap 13: 1c0 (len: 260)
updated maxmap 14: 1c1 (len: 260)
updated maxmap 5: 1be (len: 261)
updated maxmap 8: 1dc (len: 261)
updated maxmap 7: 1eb (len: 267)
updated maxmap 8: 1ea (len: 267)
updated maxmap 12: 1c3 (len: 260)
updated maxmap 13: 1c1 (len: 260)
updated maxmap 10: 1c2 (len: 265)
updated maxmap 13: 1c2 (len: 260)
updated maxmap 14: 1c2 (len: 260)
updated maxmap 11: 1c3 (len: 270)
updated maxmap 14: 1c3 (len: 260)
updated maxmap 15: 1c3 (len: 264)
updated maxmap 5: 1c2 (len: 260)
updated maxmap 6: 1e9 (len: 265)
updated maxmap 10: 1c3 (len: 276)
updated maxmap 0: 1c4 (len: 266)
updated maxmap 15: 1c4 (len: 266)
updated maxmap 13: 1c3 (len: 260)
updated maxmap 6: 1f2 (len: 298)
updated maxmap 6: 201 (len: 284)
updated maxmap 7: 208 (len: 284)
updated maxmap 14: 1c4 (len: 298)
updated maxmap 15: 1c5 (len: 298)
updated maxmap 5: 1c6 (len: 260)
updated maxmap 0: 1c6 (len: 275)
updated maxmap 11: 1c4 (len: 260)
updated maxmap 9: 1c2 (len: 284)
[1;94m[*] [0mFuzzing test case #18 (775 total, 0 uniq crashes found)...[0m
scheduled max input!!!!
schedule: 7 level26_3/ijon_max/7
updated maxmap 6: 203 (len: 284)
updated maxmap 7: 20b (len: 284)
updated maxmap 0: 1d3 (len: 288)
updated maxmap 13: 1c6 (len: 288)
updated maxmap 14: 1cc (len: 288)
updated maxmap 15: 1d2 (len: 288)
updated maxmap 8: 215 (len: 290)
updated maxmap 9: 21a (len: 290)
updated maxmap 5: 1f8 (len: 284)
updated maxmap 10: 217 (len: 292)
updated maxmap 7: 20c (len: 285)
updated maxmap 5: 1f9 (len: 284)
updated maxmap 6: 204 (len: 284)
updated maxmap 5: 1fa (len: 284)
updated maxmap 6: 205 (len: 284)
updated maxmap 8: 216 (len: 304)
updated maxmap 9: 220 (len: 304)
updated maxmap 10: 221 (len: 304)
updated maxmap 11: 220 (len: 304)
updated maxmap 7: 20f (len: 290)
updated maxmap 8: 219 (len: 290)
updated maxmap 6: 206 (len: 284)
updated maxmap 6: 208 (len: 297)
updated maxmap 7: 212 (len: 297)
updated maxmap 8: 21c (len: 297)
updated maxmap 5: 1fe (len: 284)
updated maxmap 11: 223 (len: 317)
updated maxmap 12: 222 (len: 317)
updated maxmap 5: 201 (len: 284)
updated maxmap 6: 209 (len: 287)
updated maxmap 9: 221 (len: 297)
updated maxmap 10: 222 (len: 298)
updated maxmap 5: 202 (len: 284)
updated maxmap 13: 221 (len: 310)
updated maxmap 9: 222 (len: 298)
[1;94m[*] [0mFuzzing test case #19 (805 total, 0 uniq crashes found)...[0m
scheduled max input!!!!
schedule: 12 level26_3/ijon_max/12
updated maxmap 14: 220 (len: 322)
updated maxmap 0: 1d5 (len: 332)
updated maxmap 15: 1d3 (len: 332)
updated maxmap 15: 220 (len: 325)
updated maxmap 0: 220 (len: 328)
updated maxmap 11: 224 (len: 318)
updated maxmap 12: 223 (len: 318)
updated maxmap 14: 221 (len: 319)
updated maxmap 14: 223 (len: 328)
updated maxmap 15: 224 (len: 328)
updated maxmap 4: 1b9 (len: 317)
updated maxmap 6: 20a (len: 331)
updated maxmap 0: 228 (len: 340)
updated maxmap 15: 227 (len: 340)
updated maxmap 6: 20b (len: 322)
updated maxmap 6: 20e (len: 324)
[1;94m[*] [0mFuzzing test case #20 (825 total, 0 uniq crashes found)...[0m
scheduled max input!!!!
schedule: 11 level26_3/ijon_max/11
[1;94m[*] [0mFuzzing test case #21 (825 total, 0 uniq crashes found)...[0m
[1;94m[*] [0mFuzzing test case #22 (825 total, 0 uniq crashes found)...[0m
scheduled max input!!!!
schedule: 7 level26_3/ijon_max/7
updated maxmap 7: 213 (len: 297)
updated maxmap 8: 21d (len: 297)
updated maxmap 7: 215 (len: 300)
updated maxmap 8: 21f (len: 300)
updated maxmap 4: 1ff (len: 304)
updated maxmap 5: 20e (len: 304)
updated maxmap 6: 218 (len: 304)
updated maxmap 7: 221 (len: 304)
updated maxmap 8: 220 (len: 304)
updated maxmap 4: 201 (len: 297)
updated maxmap 5: 210 (len: 297)
updated maxmap 6: 21a (len: 297)
updated maxmap 8: 221 (len: 311)
updated maxmap 4: 207 (len: 298)
updated maxmap 5: 215 (len: 298)
updated maxmap 6: 21f (len: 298)
updated maxmap 7: 229 (len: 298)
updated maxmap 5: 216 (len: 297)
updated maxmap 6: 220 (len: 297)
updated maxmap 10: 223 (len: 305)
updated maxmap 4: 20c (len: 297)
updated maxmap 5: 218 (len: 297)
updated maxmap 6: 222 (len: 297)
updated maxmap 4: 213 (len: 318)
updated maxmap 5: 21d (len: 318)
updated maxmap 6: 226 (len: 318)
updated maxmap 7: 22b (len: 318)
updated maxmap 3: 208 (len: 305)
[1;94m[*] [0mFuzzing test case #23 (840 total, 0 uniq crashes found)...[0m
scheduled max input!!!!
schedule: 4 level26_3/ijon_max/4
updated maxmap 6: 227 (len: 318)
updated maxmap 7: 22c (len: 318)
updated maxmap 4: 215 (len: 318)
updated maxmap 5: 21f (len: 318)
updated maxmap 6: 229 (len: 318)
updated maxmap 7: 22e (len: 318)
updated maxmap 4: 21b (len: 321)
updated maxmap 5: 225 (len: 321)
updated maxmap 6: 22f (len: 321)
updated maxmap 7: 234 (len: 321)
updated maxmap 4: 21c (len: 318)
updated maxmap 5: 226 (len: 318)
updated maxmap 4: 21d (len: 318)
updated maxmap 5: 227 (len: 318)
updated maxmap 5: 240 (len: 328)
updated maxmap 6: 239 (len: 328)
updated maxmap 3: 219 (len: 320)
updated maxmap 4: 222 (len: 320)
updated maxmap 4: 223 (len: 323)
updated maxmap 3: 21b (len: 318)
updated maxmap 3: 21c (len: 318)
updated maxmap 4: 224 (len: 318)
updated maxmap 3: 228 (len: 324)
updated maxmap 4: 22f (len: 324)
updated maxmap 8: 222 (len: 320)
updated maxmap 3: 229 (len: 324)
updated maxmap 4: 231 (len: 324)
updated maxmap 3: 22b (len: 324)
updated maxmap 7: 236 (len: 326)
updated maxmap 3: 22f (len: 326)
updated maxmap 2: 231 (len: 326)
updated maxmap 3: 236 (len: 326)
[1;94m[*] [0mFuzzing test case #24 (852 total, 0 uniq crashes found)...[0m
scheduled max input!!!!
schedule: 15 level26_3/ijon_max/15
updated maxmap 0: 229 (len: 340)
updated maxmap 0: 22c (len: 340)
updated maxmap 14: 226 (len: 340)
updated maxmap 15: 22a (len: 340)
updated maxmap 0: 22d (len: 340)
updated maxmap 14: 227 (len: 340)
updated maxmap 15: 22c (len: 340)
updated maxmap 0: 22f (len: 340)
updated maxmap 15: 22d (len: 340)
updated maxmap 0: 231 (len: 341)
updated maxmap 13: 224 (len: 341)
updated maxmap 14: 22a (len: 341)
updated maxmap 15: 230 (len: 341)
updated maxmap 0: 232 (len: 340)
updated maxmap 0: 233 (len: 340)
updated maxmap 13: 226 (len: 340)
updated maxmap 14: 22b (len: 340)
updated maxmap 15: 231 (len: 340)
updated maxmap 14: 22c (len: 340)
updated maxmap 15: 232 (len: 340)
updated maxmap 0: 234 (len: 340)
[1;94m[*] [0mFuzzing test case #25 (853 total, 0 uniq crashes found)...[0m
scheduled max input!!!!
schedule: 10 level26_3/ijon_max/10
[1;94m[*] [0mFuzzing test case #26 (853 total, 0 uniq crashes found)...[0m
scheduled max input!!!!
schedule: 12 level26_3/ijon_max/12
[1;94m[*] [0mFuzzing test case #27 (853 total, 0 uniq crashes found)...[0m
scheduled max input!!!!
schedule: 0 level26_3/ijon_max/0
[1;94m[*] [0mFuzzing test case #28 (853 total, 0 uniq crashes found)...[0m
scheduled max input!!!!
schedule: 2 level26_3/ijon_max/2
updated maxmap 2: 232 (len: 326)
updated maxmap 3: 237 (len: 326)
updated maxmap 2: 233 (len: 326)
updated maxmap 3: 238 (len: 326)
updated maxmap 4: 238 (len: 326)
[1;94m[*] [0mFuzzing test case #29 (853 total, 0 uniq crashes found)...[0m
scheduled max input!!!!
schedule: 12 level26_3/ijon_max/12
[1;94m[*] [0mFuzzing test case #30 (853 total, 0 uniq crashes found)...[0m
[1;94m[*] [0mFuzzing test case #31 (853 total, 0 uniq crashes found)...[0m
scheduled max input!!!!
schedule: 7 level26_3/ijon_max/7
updated maxmap 6: 244 (len: 335)
updated maxmap 7: 23d (len: 335)
[1;94m[*] [0mFuzzing test case #32 (854 total, 0 uniq crashes found)...[0m
scheduled max input!!!!
schedule: 11 level26_3/ijon_max/11
[1;94m[*] [0mFuzzing test case #33 (855 total, 0 uniq crashes found)...[0m
scheduled max input!!!!
schedule: 3 level26_3/ijon_max/3
updated maxmap 2: 234 (len: 328)
[1;94m[*] [0mFuzzing test case #34 (855 total, 0 uniq crashes found)...[0m
[1;94m[*] [0mFuzzing test case #35 (855 total, 0 uniq crashes found)...[0m
scheduled max input!!!!
schedule: 3 level26_3/ijon_max/3
[1;94m[*] [0mFuzzing test case #36 (855 total, 0 uniq crashes found)...[0m
scheduled max input!!!!
schedule: 7 level26_3/ijon_max/7
updated maxmap 6: 249 (len: 335)
updated maxmap 7: 242 (len: 335)
updated maxmap 6: 24a (len: 335)
updated maxmap 7: 243 (len: 335)
updated maxmap 5: 245 (len: 340)
[1;94m[*] [0mFuzzing test case #37 (856 total, 0 uniq crashes found)...[0m
scheduled max input!!!!
schedule: 8 level26_3/ijon_max/8
[1;94m[*] [0mFuzzing test case #38 (856 total, 0 uniq crashes found)...[0m
scheduled max input!!!!
schedule: 5 level26_3/ijon_max/5
updated maxmap 4: 242 (len: 340)
[1;94m[*] [0mFuzzing test case #39 (856 total, 0 uniq crashes found)...[0m
scheduled max input!!!!
schedule: 0 level26_3/ijon_max/0
[1;94m[*] [0mFuzzing test case #40 (856 total, 0 uniq crashes found)...[0m
scheduled max input!!!!
schedule: 14 level26_3/ijon_max/14
[1;94m[*] [0mFuzzing test case #41 (856 total, 0 uniq crashes found)...[0m
scheduled max input!!!!
schedule: 4 level26_3/ijon_max/4
[1;94m[*] [0mFuzzing test case #42 (856 total, 0 uniq crashes found)...[0m
scheduled max input!!!!
schedule: 9 level26_3/ijon_max/9
[1;94m[*] [0mFuzzing test case #43 (856 total, 0 uniq crashes found)...[0m
scheduled max input!!!!
schedule: 13 level26_3/ijon_max/13
[1;94m[*] [0mFuzzing test case #44 (858 total, 0 uniq crashes found)...[0m
[1;94m[*] [0mFuzzing test case #45 (858 total, 0 uniq crashes found)...[0m
scheduled max input!!!!
schedule: 15 level26_3/ijon_max/15
[1;94m[*] [0mFuzzing test case #46 (858 total, 0 uniq crashes found)...[0m
scheduled max input!!!!
schedule: 0 level26_3/ijon_max/0
[1;94m[*] [0mFuzzing test case #47 (858 total, 0 uniq crashes found)...[0m
[1;94m[*] [0mFuzzing test case #48 (858 total, 0 uniq crashes found)...[0m
[1;94m[*] [0mFuzzing test case #49 (858 total, 0 uniq crashes found)...[0m
scheduled max input!!!!
schedule: 4 level26_3/ijon_max/4
updated maxmap 5: 246 (len: 340)
[1;94m[*] [0mFuzzing test case #50 (859 total, 0 uniq crashes found)...[0m
scheduled max input!!!!
schedule: 3 level26_3/ijon_max/3
updated maxmap 2: 235 (len: 326)
updated maxmap 7: 245 (len: 332)
[1;94m[*] [0mFuzzing test case #51 (861 total, 0 uniq crashes found)...[0m
scheduled max input!!!!
schedule: 5 level26_3/ijon_max/5
updated maxmap 5: 24d (len: 340)
updated maxmap 6: 257 (len: 340)
updated maxmap 7: 257 (len: 340)
updated maxmap 5: 24e (len: 340)
updated maxmap 6: 258 (len: 340)
updated maxmap 7: 258 (len: 340)
updated maxmap 6: 260 (len: 345)
updated maxmap 7: 259 (len: 345)
updated maxmap 5: 252 (len: 345)
updated maxmap 5: 259 (len: 343)
updated maxmap 6: 262 (len: 347)
updated maxmap 5: 262 (len: 345)
updated maxmap 7: 25a (len: 343)
updated maxmap 7: 25c (len: 348)
updated maxmap 3: 242 (len: 352)
updated maxmap 7: 25d (len: 343)
updated maxmap 7: 25f (len: 344)
[1;94m[*] [0mFuzzing test case #52 (871 total, 0 uniq crashes found)...[0m
[1;94m[*] [0mFuzzing test case #53 (871 total, 0 uniq crashes found)...[0m
[1;94m[*] [0mFuzzing test case #54 (871 total, 0 uniq crashes found)...[0m
scheduled max input!!!!
schedule: 14 level26_3/ijon_max/14
[1;94m[*] [0mFuzzing test case #55 (871 total, 0 uniq crashes found)...[0m
scheduled max input!!!!
schedule: 8 level26_3/ijon_max/8
[1;94m[*] [0mFuzzing test case #56 (871 total, 0 uniq crashes found)...[0m
scheduled max input!!!!
schedule: 8 level26_3/ijon_max/8
[1;94m[*] [0mFuzzing test case #57 (871 total, 0 uniq crashes found)...[0m
[1;94m[*] [0mFuzzing test case #58 (871 total, 0 uniq crashes found)...[0m
[1;94m[*] [0mFuzzing test case #59 (871 total, 0 uniq crashes found)...[0m
scheduled max input!!!!
schedule: 0 level26_3/ijon_max/0
[1;94m[*] [0mFuzzing test case #60 (871 total, 0 uniq crashes found)...[0m
[1;94m[*] [0mFuzzing test case #61 (871 total, 0 uniq crashes found)...[0m
scheduled max input!!!!
schedule: 8 level26_3/ijon_max/8
[1;94m[*] [0mFuzzing test case #62 (871 total, 0 uniq crashes found)...[0m
scheduled max input!!!!
schedule: 8 level26_3/ijon_max/8
[1;94m[*] [0mFuzzing test case #63 (871 total, 0 uniq crashes found)...[0m
scheduled max input!!!!
schedule: 13 level26_3/ijon_max/13
[1;94m[*] [0mFuzzing test case #64 (871 total, 0 uniq crashes found)...[0m
scheduled max input!!!!
schedule: 6 level26_3/ijon_max/6
updated maxmap 6: 263 (len: 347)
updated maxmap 7: 267 (len: 347)
[1;94m[*] [0mFuzzing test case #65 (871 total, 0 uniq crashes found)...[0m
scheduled max input!!!!
schedule: 5 level26_3/ijon_max/5
updated maxmap 5: 263 (len: 345)
[1;94m[*] [0mFuzzing test case #66 (871 total, 0 uniq crashes found)...[0m
scheduled max input!!!!
schedule: 13 level26_3/ijon_max/13
[1;94m[*] [0mFuzzing test case #67 (871 total, 0 uniq crashes found)...[0m
scheduled max input!!!!
schedule: 5 level26_3/ijon_max/5
updated maxmap 5: 26a (len: 352)
updated maxmap 6: 268 (len: 352)
[1;94m[*] [0mFuzzing test case #68 (871 total, 0 uniq crashes found)...[0m
[1;94m[*] [0mFuzzing test case #69 (871 total, 0 uniq crashes found)...[0m
scheduled max input!!!!
schedule: 14 level26_3/ijon_max/14
[1;94m[*] [0mFuzzing test case #70 (871 total, 0 uniq crashes found)...[0m
scheduled max input!!!!
schedule: 5 level26_3/ijon_max/5
updated maxmap 5: 26b (len: 352)
updated maxmap 6: 269 (len: 352)
updated maxmap 5: 26c (len: 352)
updated maxmap 6: 26a (len: 352)
updated maxmap 4: 276 (len: 354)
updated maxmap 5: 271 (len: 354)
updated maxmap 5: 284 (len: 360)
updated maxmap 6: 289 (len: 360)
updated maxmap 7: 26f (len: 352)
updated maxmap 5: 285 (len: 359)
updated maxmap 7: 275 (len: 359)
[1;94m[*] [0mFuzzing test case #71 (883 total, 0 uniq crashes found)...[0m
scheduled max input!!!!
schedule: 0 level26_3/ijon_max/0
[1;94m[*] [0mFuzzing test case #72 (883 total, 0 uniq crashes found)...[0m
[1;94m[*] [0mFuzzing test case #73 (883 total, 0 uniq crashes found)...[0m
scheduled max input!!!!
schedule: 15 level26_3/ijon_max/15
[1;94m[*] [0mFuzzing test case #74 (883 total, 0 uniq crashes found)...[0m
scheduled max input!!!!
schedule: 15 level26_3/ijon_max/15
[1;94m[*] [0mFuzzing test case #75 (883 total, 0 uniq crashes found)...[0m
scheduled max input!!!!
schedule: 6 level26_3/ijon_max/6
[1;94m[*] [0mFuzzing test case #76 (883 total, 0 uniq crashes found)...[0m
scheduled max input!!!!
schedule: 11 level26_3/ijon_max/11
[1;94m[*] [0mFuzzing test case #77 (883 total, 0 uniq crashes found)...[0m
scheduled max input!!!!
schedule: 10 level26_3/ijon_max/10
updated maxmap 9: 223 (len: 322)
[1;94m[*] [0mFuzzing test case #78 (883 total, 0 uniq crashes found)...[0m
scheduled max input!!!!
schedule: 0 level26_3/ijon_max/0
[1;94m[*] [0mFuzzing test case #79 (883 total, 0 uniq crashes found)...[0m
scheduled max input!!!!
schedule: 12 level26_3/ijon_max/12
[1;94m[*] [0mFuzzing test case #80 (883 total, 0 uniq crashes found)...[0m
scheduled max input!!!!
schedule: 3 level26_3/ijon_max/3
[1;94m[*] [0mFuzzing test case #81 (885 total, 0 uniq crashes found)...[0m
[1;94m[*] [0mFuzzing test case #82 (885 total, 0 uniq crashes found)...[0m
scheduled max input!!!!
schedule: 0 level26_3/ijon_max/0
[1;94m[*] [0mFuzzing test case #83 (885 total, 0 uniq crashes found)...[0m
scheduled max input!!!!
schedule: 4 level26_3/ijon_max/4
[1;94m[*] [0mFuzzing test case #84 (885 total, 0 uniq crashes found)...[0m
scheduled max input!!!!
schedule: 15 level26_3/ijon_max/15
[1;94m[*] [0mFuzzing test case #85 (885 total, 0 uniq crashes found)...[0m
scheduled max input!!!!
schedule: 6 level26_3/ijon_max/6
[1;94m[*] [0mFuzzing test case #86 (885 total, 0 uniq crashes found)...[0m
scheduled max input!!!!
schedule: 8 level26_3/ijon_max/8
[1;94m[*] [0mFuzzing test case #87 (885 total, 0 uniq crashes found)...[0m
scheduled max input!!!!
schedule: 15 level26_3/ijon_max/15
[1;94m[*] [0mFuzzing test case #88 (885 total, 0 uniq crashes found)...[0m
scheduled max input!!!!
schedule: 14 level26_3/ijon_max/14
[1;94m[*] [0mFuzzing test case #89 (885 total, 0 uniq crashes found)...[0m
[1;94m[*] [0mFuzzing test case #90 (885 total, 0 uniq crashes found)...[0m
[1;94m[*] [0mFuzzing test case #91 (885 total, 0 uniq crashes found)...[0m
scheduled max input!!!!
schedule: 11 level26_3/ijon_max/11
[1;94m[*] [0mFuzzing test case #92 (885 total, 0 uniq crashes found)...[0m
scheduled max input!!!!
schedule: 2 level26_3/ijon_max/2
updated maxmap 2: 236 (len: 326)
[1;94m[*] [0mFuzzing test case #93 (885 total, 0 uniq crashes found)...[0m
scheduled max input!!!!
schedule: 2 level26_3/ijon_max/2
updated maxmap 2: 238 (len: 329)
[1;94m[*] [0mFuzzing test case #94 (885 total, 0 uniq crashes found)...[0m
scheduled max input!!!!
schedule: 12 level26_3/ijon_max/12
[1;94m[*] [0mFuzzing test case #95 (885 total, 0 uniq crashes found)...[0m
scheduled max input!!!!
schedule: 5 level26_3/ijon_max/5
updated maxmap 5: 286 (len: 359)
updated maxmap 5: 287 (len: 359)
[1;94m[*] [0mFuzzing test case #96 (886 total, 0 uniq crashes found)...[0m
scheduled max input!!!!
schedule: 12 level26_3/ijon_max/12
[1;94m[*] [0mFuzzing test case #97 (886 total, 0 uniq crashes found)...[0m
scheduled max input!!!!
schedule: 8 level26_3/ijon_max/8
[1;94m[*] [0mFuzzing test case #98 (886 total, 0 uniq crashes found)...[0m
scheduled max input!!!!
schedule: 6 level26_3/ijon_max/6
[1;94m[*] [0mFuzzing test case #99 (886 total, 0 uniq crashes found)...[0m
[1;94m[*] [0mFuzzing test case #100 (886 total, 0 uniq crashes found)...[0m
[1;94m[*] [0mFuzzing test case #101 (886 total, 0 uniq crashes found)...[0m
scheduled max input!!!!
schedule: 8 level26_3/ijon_max/8
[1;94m[*] [0mFuzzing test case #102 (886 total, 0 uniq crashes found)...[0m
scheduled max input!!!!
schedule: 10 level26_3/ijon_max/10
[1;94m[*] [0mFuzzing test case #103 (886 total, 0 uniq crashes found)...[0m
scheduled max input!!!!
schedule: 10 level26_3/ijon_max/10
[1;94m[*] [0mFuzzing test case #104 (886 total, 0 uniq crashes found)...[0m
scheduled max input!!!!
schedule: 14 level26_3/ijon_max/14
[1;94m[*] [0mFuzzing test case #105 (886 total, 0 uniq crashes found)...[0m
scheduled max input!!!!
schedule: 4 level26_3/ijon_max/4
[1;94m[*] [0mFuzzing test case #106 (886 total, 0 uniq crashes found)...[0m
scheduled max input!!!!
schedule: 5 level26_3/ijon_max/5
updated maxmap 5: 288 (len: 359)
[1;94m[*] [0mFuzzing test case #107 (886 total, 0 uniq crashes found)...[0m
[1;94m[*] [0mFuzzing test case #108 (886 total, 0 uniq crashes found)...[0m
[1;94m[*] [0mFuzzing test case #109 (886 total, 0 uniq crashes found)...[0m
scheduled max input!!!!
schedule: 14 level26_3/ijon_max/14
[1;94m[*] [0mFuzzing test case #110 (886 total, 0 uniq crashes found)...[0m
scheduled max input!!!!
schedule: 8 level26_3/ijon_max/8
[1;94m[*] [0mFuzzing test case #111 (886 total, 0 uniq crashes found)...[0m
scheduled max input!!!!
schedule: 9 level26_3/ijon_max/9
[1;94m[*] [0mFuzzing test case #112 (886 total, 0 uniq crashes found)...[0m
scheduled max input!!!!
schedule: 4 level26_3/ijon_max/4
updated maxmap 7: 277 (len: 362)
[1;94m[*] [0mFuzzing test case #113 (886 total, 0 uniq crashes found)...[0m
[1;94m[*] [0mFuzzing test case #114 (886 total, 0 uniq crashes found)...[0m
scheduled max input!!!!
schedule: 10 level26_3/ijon_max/10
[1;94m[*] [0mFuzzing test case #115 (886 total, 0 uniq crashes found)...[0m
scheduled max input!!!!
schedule: 12 level26_3/ijon_max/12
[1;94m[*] [0mFuzzing test case #116 (886 total, 0 uniq crashes found)...[0m
[1;94m[*] [0mFuzzing test case #117 (886 total, 0 uniq crashes found)...[0m
scheduled max input!!!!
schedule: 14 level26_3/ijon_max/14
[1;94m[*] [0mFuzzing test case #118 (886 total, 0 uniq crashes found)...[0m
scheduled max input!!!!
schedule: 11 level26_3/ijon_max/11
[1;94m[*] [0mFuzzing test case #119 (886 total, 0 uniq crashes found)...[0m
scheduled max input!!!!
schedule: 15 level26_3/ijon_max/15
[1;94m[*] [0mFuzzing test case #120 (887 total, 0 uniq crashes found)...[0m
scheduled max input!!!!
schedule: 11 level26_3/ijon_max/11
[1;94m[*] [0mFuzzing test case #121 (887 total, 0 uniq crashes found)...[0m
[1;94m[*] [0mFuzzing test case #122 (887 total, 0 uniq crashes found)...[0m
[1;94m[*] [0mFuzzing test case #123 (887 total, 0 uniq crashes found)...[0m
[1;94m[*] [0mFuzzing test case #124 (887 total, 0 uniq crashes found)...[0m
scheduled max input!!!!
schedule: 7 level26_3/ijon_max/7
updated maxmap 4: 277 (len: 362)
updated maxmap 7: 283 (len: 366)
[1;94m[*] [0mFuzzing test case #125 (887 total, 0 uniq crashes found)...[0m
scheduled max input!!!!
schedule: 12 level26_3/ijon_max/12
[1;94m[*] [0mFuzzing test case #126 (887 total, 0 uniq crashes found)...[0m
[1;94m[*] [0mFuzzing test case #127 (887 total, 0 uniq crashes found)...[0m
scheduled max input!!!!
schedule: 7 level26_3/ijon_max/7
updated maxmap 5: 28b (len: 369)
updated maxmap 6: 29c (len: 369)
updated maxmap 7: 297 (len: 369)
updated maxmap 4: 279 (len: 366)
updated maxmap 5: 28d (len: 366)
updated maxmap 5: 290 (len: 366)
updated maxmap 5: 295 (len: 366)
updated maxmap 5: 299 (len: 374)
updated maxmap 5: 29a (len: 374)
updated maxmap 5: 2a4 (len: 374)
[1;94m[*] [0mFuzzing test case #128 (890 total, 0 uniq crashes found)...[0m
[1;94m[*] [0mFuzzing test case #129 (890 total, 0 uniq crashes found)...[0m
scheduled max input!!!!
schedule: 11 level26_3/ijon_max/11
[1;94m[*] [0mFuzzing test case #130 (890 total, 0 uniq crashes found)...[0m
[1;94m[*] [0mFuzzing test case #131 (890 total, 0 uniq crashes found)...[0m
[1;94m[*] [0mFuzzing test case #132 (890 total, 0 uniq crashes found)...[0m
scheduled max input!!!!
schedule: 3 level26_3/ijon_max/3
[1;94m[*] [0mFuzzing test case #133 (890 total, 0 uniq crashes found)...[0m
scheduled max input!!!!
schedule: 13 level26_3/ijon_max/13
[1;94m[*] [0mFuzzing test case #134 (890 total, 0 uniq crashes found)...[0m
scheduled max input!!!!
schedule: 10 level26_3/ijon_max/10
[1;94m[*] [0mFuzzing test case #135 (890 total, 0 uniq crashes found)...[0m
scheduled max input!!!!
schedule: 12 level26_3/ijon_max/12
[1;94m[*] [0mFuzzing test case #136 (890 total, 0 uniq crashes found)...[0m
[1;94m[*] [0mFuzzing test case #137 (890 total, 0 uniq crashes found)...[0m
[1;94m[*] [0mFuzzing test case #138 (890 total, 0 uniq crashes found)...[0m
scheduled max input!!!!
schedule: 0 level26_3/ijon_max/0
[1;94m[*] [0mFuzzing test case #139 (890 total, 0 uniq crashes found)...[0m
scheduled max input!!!!
schedule: 3 level26_3/ijon_max/3
[1;94m[*] [0mFuzzing test case #140 (890 total, 0 uniq crashes found)...[0m
scheduled max input!!!!
schedule: 9 level26_3/ijon_max/9
[1;94m[*] [0mFuzzing test case #141 (890 total, 0 uniq crashes found)...[0m
scheduled max input!!!!
schedule: 6 level26_3/ijon_max/6
updated maxmap 6: 29e (len: 369)
updated maxmap 7: 299 (len: 369)
updated maxmap 6: 29f (len: 369)
updated maxmap 7: 29a (len: 369)
updated maxmap 7: 29f (len: 369)
[1;94m[*] [0mFuzzing test case #142 (890 total, 0 uniq crashes found)...[0m
[1;94m[*] [0mFuzzing test case #143 (890 total, 0 uniq crashes found)...[0m
scheduled max input!!!!
schedule: 0 level26_3/ijon_max/0
[1;94m[*] [0mFuzzing test case #144 (890 total, 0 uniq crashes found)...[0m
scheduled max input!!!!
schedule: 0 level26_3/ijon_max/0
[1;94m[*] [0mFuzzing test case #145 (890 total, 0 uniq crashes found)...[0m
scheduled max input!!!!
schedule: 8 level26_3/ijon_max/8
[1;94m[*] [0mFuzzing test case #146 (890 total, 0 uniq crashes found)...[0m
scheduled max input!!!!
schedule: 2 level26_3/ijon_max/2
updated maxmap 2: 23a (len: 329)
[1;94m[*] [0mFuzzing test case #147 (890 total, 0 uniq crashes found)...[0m
scheduled max input!!!!
schedule: 13 level26_3/ijon_max/13
[1;94m[*] [0mFuzzing test case #148 (890 total, 0 uniq crashes found)...[0m
scheduled max input!!!!
schedule: 4 level26_3/ijon_max/4
updated maxmap 4: 281 (len: 371)
[1;94m[*] [0mFuzzing test case #149 (890 total, 0 uniq crashes found)...[0m
scheduled max input!!!!
schedule: 9 level26_3/ijon_max/9
[1;94m[*] [0mFuzzing test case #150 (890 total, 0 uniq crashes found)...[0m
[1;94m[*] [0mFuzzing test case #151 (890 total, 0 uniq crashes found)...[0m
scheduled max input!!!!
schedule: 15 level26_3/ijon_max/15
[1;94m[*] [0mFuzzing test case #152 (890 total, 0 uniq crashes found)...[0m
scheduled max input!!!!
schedule: 2 level26_3/ijon_max/2
updated maxmap 2: 23b (len: 329)
[1;94m[*] [0mFuzzing test case #153 (890 total, 0 uniq crashes found)...[0m
[1;94m[*] [0mFuzzing test case #154 (890 total, 0 uniq crashes found)...[0m
scheduled max input!!!!
schedule: 6 level26_3/ijon_max/6
updated maxmap 6: 2a1 (len: 369)
updated maxmap 5: 2a5 (len: 371)
updated maxmap 6: 2a3 (len: 371)
[1;94m[*] [0mFuzzing test case #155 (891 total, 0 uniq crashes found)...[0m
[1;94m[*] [0mFuzzing test case #156 (891 total, 0 uniq crashes found)...[0m
scheduled max input!!!!
schedule: 6 level26_3/ijon_max/6
updated maxmap 7: 2a3 (len: 371)
updated maxmap 5: 2a6 (len: 371)
updated maxmap 6: 2a4 (len: 371)
updated maxmap 5: 2a9 (len: 378)
[1;94m[*] [0mFuzzing test case #157 (891 total, 0 uniq crashes found)...[0m
scheduled max input!!!!
schedule: 11 level26_3/ijon_max/11
[1;94m[*] [0mFuzzing test case #158 (891 total, 0 uniq crashes found)...[0m
scheduled max input!!!!
schedule: 2 level26_3/ijon_max/2
[1;94m[*] [0mFuzzing test case #159 (891 total, 0 uniq crashes found)...[0m
scheduled max input!!!!
schedule: 9 level26_3/ijon_max/9
updated maxmap 9: 224 (len: 322)
[1;94m[*] [0mFuzzing test case #160 (891 total, 0 uniq crashes found)...[0m
scheduled max input!!!!
schedule: 7 level26_3/ijon_max/7
updated maxmap 4: 2b9 (len: 379)
updated maxmap 5: 2b4 (len: 379)
updated maxmap 6: 2a7 (len: 379)
updated maxmap 6: 2ad (len: 376)
updated maxmap 7: 2a6 (len: 376)
[1;94m[*] [0mFuzzing test case #161 (892 total, 0 uniq crashes found)...[0m
[1;94m[*] [0mFuzzing test case #162 (892 total, 0 uniq crashes found)...[0m
scheduled max input!!!!
schedule: 2 level26_3/ijon_max/2
[1;94m[*] [0mFuzzing test case #163 (892 total, 0 uniq crashes found)...[0m
scheduled max input!!!!
schedule: 2 level26_3/ijon_max/2
updated maxmap 2: 241 (len: 336)
[1;94m[*] [0mFuzzing test case #164 (892 total, 0 uniq crashes found)...[0m
scheduled max input!!!!
schedule: 13 level26_3/ijon_max/13
[1;94m[*] [0mFuzzing test case #165 (893 total, 0 uniq crashes found)...[0m
scheduled max input!!!!
schedule: 9 level26_3/ijon_max/9
[1;94m[*] [0mFuzzing test case #166 (893 total, 0 uniq crashes found)...[0m
scheduled max input!!!!
schedule: 14 level26_3/ijon_max/14
[1;94m[*] [0mFuzzing test case #167 (893 total, 0 uniq crashes found)...[0m
scheduled max input!!!!
schedule: 4 level26_3/ijon_max/4
[1;94m[*] [0mFuzzing test case #168 (893 total, 0 uniq crashes found)...[0m
[1;94m[*] [0mFuzzing test case #169 (893 total, 0 uniq crashes found)...[0m
scheduled max input!!!!
schedule: 7 level26_3/ijon_max/7
[1;94m[*] [0mFuzzing test case #170 (893 total, 0 uniq crashes found)...[0m
scheduled max input!!!!
schedule: 3 level26_3/ijon_max/3
[1;94m[*] [0mFuzzing test case #171 (893 total, 0 uniq crashes found)...[0m
scheduled max input!!!!
schedule: 10 level26_3/ijon_max/10
[1;94m[*] [0mFuzzing test case #172 (893 total, 0 uniq crashes found)...[0m
scheduled max input!!!!
schedule: 4 level26_3/ijon_max/4
updated maxmap 5: 2b5 (len: 385)
updated maxmap 7: 2a7 (len: 385)
updated maxmap 5: 2bf (len: 383)
updated maxmap 4: 2bf (len: 382)
updated maxmap 6: 2ae (len: 379)
updated maxmap 6: 2af (len: 379)
updated maxmap 7: 2a8 (len: 379)
updated maxmap 6: 2c1 (len: 384)
updated maxmap 7: 2be (len: 384)
updated maxmap 5: 2c3 (len: 384)
updated maxmap 6: 2c2 (len: 383)
updated maxmap 7: 2bf (len: 383)
updated maxmap 5: 2c4 (len: 384)
updated maxmap 6: 2c7 (len: 384)
updated maxmap 7: 2c0 (len: 386)
updated maxmap 5: 2c8 (len: 394)
updated maxmap 6: 2df (len: 394)
updated maxmap 7: 2dc (len: 394)
updated maxmap 5: 2c9 (len: 387)
updated maxmap 5: 2ca (len: 387)
[1;94m[*] [0mFuzzing test case #173 (908 total, 0 uniq crashes found)...[0m
[1;94m[*] [0mFuzzing test case #174 (908 total, 0 uniq crashes found)...[0m
scheduled max input!!!!
schedule: 13 level26_3/ijon_max/13
[1;94m[*] [0mFuzzing test case #175 (908 total, 0 uniq crashes found)...[0m
scheduled max input!!!!
schedule: 9 level26_3/ijon_max/9
[1;94m[*] [0mFuzzing test case #176 (908 total, 0 uniq crashes found)...[0m
scheduled max input!!!!
schedule: 8 level26_3/ijon_max/8
[1;94m[*] [0mFuzzing test case #177 (908 total, 0 uniq crashes found)...[0m
scheduled max input!!!!
schedule: 13 level26_3/ijon_max/13
[1;94m[*] [0mFuzzing test case #178 (908 total, 0 uniq crashes found)...[0m
[1;94m[*] [0mFuzzing test case #179 (908 total, 0 uniq crashes found)...[0m
scheduled max input!!!!
schedule: 10 level26_3/ijon_max/10
[1;94m[*] [0mFuzzing test case #180 (908 total, 0 uniq crashes found)...[0m
scheduled max input!!!!
schedule: 15 level26_3/ijon_max/15
[1;94m[*] [0mFuzzing test case #181 (908 total, 0 uniq crashes found)...[0m
[1;94m[*] [0mFuzzing test case #182 (908 total, 0 uniq crashes found)...[0m
[1;94m[*] [0mFuzzing test case #183 (908 total, 0 uniq crashes found)...[0m
scheduled max input!!!!
schedule: 14 level26_3/ijon_max/14
[1;94m[*] [0mFuzzing test case #184 (908 total, 0 uniq crashes found)...[0m
scheduled max input!!!!
schedule: 0 level26_3/ijon_max/0
[1;94m[*] [0mFuzzing test case #185 (908 total, 0 uniq crashes found)...[0m
scheduled max input!!!!
schedule: 10 level26_3/ijon_max/10
[1;94m[*] [0mFuzzing test case #186 (908 total, 0 uniq crashes found)...[0m
scheduled max input!!!!
schedule: 7 level26_3/ijon_max/7
updated maxmap 7: 2dd (len: 394)
updated maxmap 6: 2e6 (len: 397)
updated maxmap 7: 2e4 (len: 397)
updated maxmap 4: 2ea (len: 400)
updated maxmap 5: 2e8 (len: 400)
updated maxmap 8: 224 (len: 394)
updated maxmap 7: 2eb (len: 401)
updated maxmap 6: 2ec (len: 402)
updated maxmap 7: 2ec (len: 402)
updated maxmap 5: 2ea (len: 399)
updated maxmap 7: 2ed (len: 403)
[1;94m[*] [0mFuzzing test case #187 (916 total, 0 uniq crashes found)...[0m
scheduled max input!!!!
schedule: 5 level26_3/ijon_max/5
updated maxmap 5: 2ec (len: 399)
[1;94m[*] [0mFuzzing test case #188 (916 total, 0 uniq crashes found)...[0m
scheduled max input!!!!
schedule: 9 level26_3/ijon_max/9
[1;94m[*] [0mFuzzing test case #189 (916 total, 0 uniq crashes found)...[0m
scheduled max input!!!!
schedule: 7 level26_3/ijon_max/7
updated maxmap 7: 2ee (len: 403)
updated maxmap 6: 2ef (len: 406)
updated maxmap 7: 2f4 (len: 406)
updated maxmap 5: 2f1 (len: 405)
updated maxmap 6: 2f4 (len: 408)
updated maxmap 7: 2f6 (len: 407)
updated maxmap 6: 2fe (len: 411)
updated maxmap 7: 2fa (len: 411)
updated maxmap 5: 2fe (len: 411)
updated maxmap 4: 2f1 (len: 411)
updated maxmap 7: 2fc (len: 410)
updated maxmap 7: 2ff (len: 411)
updated maxmap 6: 2ff (len: 410)
[1;94m[*] [0mFuzzing test case #190 (925 total, 0 uniq crashes found)...[0m
scheduled max input!!!!
schedule: 11 level26_3/ijon_max/11
[1;94m[*] [0mFuzzing test case #191 (925 total, 0 uniq crashes found)...[0m
scheduled max input!!!!
schedule: 15 level26_3/ijon_max/15
[1;94m[*] [0mFuzzing test case #192 (925 total, 0 uniq crashes found)...[0m
[1;94m[*] [0mFuzzing test case #193 (925 total, 0 uniq crashes found)...[0m
scheduled max input!!!!
schedule: 3 level26_3/ijon_max/3
[1;94m[*] [0mFuzzing test case #194 (925 total, 0 uniq crashes found)...[0m
scheduled max input!!!!
schedule: 11 level26_3/ijon_max/11
[1;94m[*] [0mFuzzing test case #195 (925 total, 0 uniq crashes found)...[0m
[1;94m[*] [0mFuzzing test case #196 (925 total, 0 uniq crashes found)...[0m
[1;94m[*] [0mFuzzing test case #197 (925 total, 0 uniq crashes found)...[0m
scheduled max input!!!!
schedule: 12 level26_3/ijon_max/12
[1;94m[*] [0mFuzzing test case #198 (925 total, 0 uniq crashes found)...[0m
scheduled max input!!!!
schedule: 15 level26_3/ijon_max/15
[1;94m[*] [0mFuzzing test case #199 (925 total, 0 uniq crashes found)...[0m
[1;94m[*] [0mFuzzing test case #200 (925 total, 0 uniq crashes found)...[0m
scheduled max input!!!!
schedule: 10 level26_3/ijon_max/10
[1;94m[*] [0mFuzzing test case #201 (925 total, 0 uniq crashes found)...[0m
scheduled max input!!!!
schedule: 7 level26_3/ijon_max/7
updated maxmap 6: 303 (len: 413)
updated maxmap 7: 300 (len: 413)
updated maxmap 7: 301 (len: 411)
updated maxmap 7: 302 (len: 411)
[1;94m[*] [0mFuzzing test case #202 (925 total, 0 uniq crashes found)...[0m
scheduled max input!!!!
schedule: 6 level26_3/ijon_max/6
updated maxmap 6: 305 (len: 413)
updated maxmap 5: 30a (len: 419)
updated maxmap 6: 30d (len: 419)
updated maxmap 7: 308 (len: 415)
updated maxmap 5: 311 (len: 421)
updated maxmap 6: 31b (len: 421)
updated maxmap 5: 315 (len: 419)
updated maxmap 6: 31c (len: 421)
updated maxmap 7: 31a (len: 421)
updated maxmap 5: 316 (len: 419)
updated maxmap 6: 323 (len: 427)
updated maxmap 7: 31d (len: 427)
[1;94m[*] [0mFuzzing test case #203 (934 total, 0 uniq crashes found)...[0m
[1;94m[*] [0mFuzzing test case #204 (934 total, 0 uniq crashes found)...[0m
[1;94m[*] [0mFuzzing test case #205 (934 total, 0 uniq crashes found)...[0m
[1;94m[*] [0mFuzzing test case #206 (934 total, 0 uniq crashes found)...[0m
scheduled max input!!!!
schedule: 12 level26_3/ijon_max/12
[1;94m[*] [0mFuzzing test case #207 (934 total, 0 uniq crashes found)...[0m
scheduled max input!!!!
schedule: 10 level26_3/ijon_max/10
[1;94m[*] [0mFuzzing test case #208 (934 total, 0 uniq crashes found)...[0m
scheduled max input!!!!
schedule: 9 level26_3/ijon_max/9
[1;94m[*] [0mFuzzing test case #209 (934 total, 0 uniq crashes found)...[0m
scheduled max input!!!!
schedule: 10 level26_3/ijon_max/10
[1;94m[*] [0mFuzzing test case #210 (934 total, 0 uniq crashes found)...[0m
scheduled max input!!!!
schedule: 6 level26_3/ijon_max/6
updated maxmap 5: 323 (len: 428)
updated maxmap 5: 324 (len: 427)
[1;94m[*] [0mFuzzing test case #211 (934 total, 0 uniq crashes found)...[0m
scheduled max input!!!!
schedule: 4 level26_3/ijon_max/4
[1;94m[*] [0mFuzzing test case #212 (934 total, 0 uniq crashes found)...[0m
[1;94m[*] [0mFuzzing test case #213 (934 total, 0 uniq crashes found)...[0m
scheduled max input!!!!
schedule: 0 level26_3/ijon_max/0
[1;94m[*] [0mFuzzing test case #214 (934 total, 0 uniq crashes found)...[0m
[1;94m[*] [0mFuzzing test case #215 (934 total, 0 uniq crashes found)...[0m
scheduled max input!!!!
schedule: 12 level26_3/ijon_max/12
[1;94m[*] [0mFuzzing test case #216 (934 total, 0 uniq crashes found)...[0m
scheduled max input!!!!
schedule: 14 level26_3/ijon_max/14
[1;94m[*] [0mFuzzing test case #217 (934 total, 0 uniq crashes found)...[0m
scheduled max input!!!!
schedule: 6 level26_3/ijon_max/6
updated maxmap 6: 325 (len: 427)
updated maxmap 7: 31f (len: 427)
updated maxmap 7: 320 (len: 427)
[1;94m[*] [0mFuzzing test case #218 (934 total, 0 uniq crashes found)...[0m
scheduled max input!!!!
schedule: 4 level26_3/ijon_max/4
[1;94m[*] [0mFuzzing test case #219 (936 total, 0 uniq crashes found)...[0m
scheduled max input!!!!
schedule: 12 level26_3/ijon_max/12
[1;94m[*] [0mFuzzing test case #220 (936 total, 0 uniq crashes found)...[0m
scheduled max input!!!!
schedule: 4 level26_3/ijon_max/4
[1;94m[*] [0mFuzzing test case #221 (936 total, 0 uniq crashes found)...[0m
scheduled max input!!!!
schedule: 9 level26_3/ijon_max/9
[1;94m[*] [0mFuzzing test case #222 (936 total, 0 uniq crashes found)...[0m
scheduled max input!!!!
schedule: 14 level26_3/ijon_max/14
[1;94m[*] [0mFuzzing test case #223 (936 total, 0 uniq crashes found)...[0m
scheduled max input!!!!
schedule: 4 level26_3/ijon_max/4
[1;94m[*] [0mFuzzing test case #224 (936 total, 0 uniq crashes found)...[0m
scheduled max input!!!!
schedule: 14 level26_3/ijon_max/14
[1;94m[*] [0mFuzzing test case #225 (936 total, 0 uniq crashes found)...[0m
scheduled max input!!!!
schedule: 4 level26_3/ijon_max/4
[1;94m[*] [0mFuzzing test case #226 (938 total, 0 uniq crashes found)...[0m
scheduled max input!!!!
schedule: 3 level26_3/ijon_max/3
[1;94m[*] [0mFuzzing test case #227 (938 total, 0 uniq crashes found)...[0m
[1;94m[*] [0mFuzzing test case #228 (938 total, 0 uniq crashes found)...[0m
[1;94m[*] [0mFuzzing test case #229 (938 total, 0 uniq crashes found)...[0m
[1;94m[*] [0mFuzzing test case #230 (938 total, 0 uniq crashes found)...[0m
[1;94m[*] [0mFuzzing test case #231 (938 total, 0 uniq crashes found)...[0m
scheduled max input!!!!
schedule: 12 level26_3/ijon_max/12
[1;94m[*] [0mFuzzing test case #232 (938 total, 0 uniq crashes found)...[0m
[1;94m[*] [0mFuzzing test case #233 (938 total, 0 uniq crashes found)...[0m
[1;94m[*] [0mFuzzing test case #234 (938 total, 0 uniq crashes found)...[0m
scheduled max input!!!!
schedule: 12 level26_3/ijon_max/12
[1;94m[*] [0mFuzzing test case #235 (938 total, 0 uniq crashes found)...[0m
scheduled max input!!!!
schedule: 3 level26_3/ijon_max/3
[1;94m[*] [0mFuzzing test case #236 (938 total, 0 uniq crashes found)...[0m
[1;94m[*] [0mFuzzing test case #237 (938 total, 0 uniq crashes found)...[0m
[1;94m[*] [0mFuzzing test case #238 (938 total, 0 uniq crashes found)...[0m
[1;94m[*] [0mFuzzing test case #239 (938 total, 0 uniq crashes found)...[0m
scheduled max input!!!!
schedule: 11 level26_3/ijon_max/11
[1;94m[*] [0mFuzzing test case #240 (938 total, 0 uniq crashes found)...[0m
scheduled max input!!!!
schedule: 6 level26_3/ijon_max/6
updated maxmap 5: 325 (len: 427)
[1;94m[*] [0mFuzzing test case #241 (938 total, 0 uniq crashes found)...[0m
scheduled max input!!!!
schedule: 13 level26_3/ijon_max/13
[1;94m[*] [0mFuzzing test case #242 (938 total, 0 uniq crashes found)...[0m
[1;94m[*] [0mFuzzing test case #243 (938 total, 0 uniq crashes found)...[0m
scheduled max input!!!!
schedule: 8 level26_3/ijon_max/8
[1;94m[*] [0mFuzzing test case #244 (938 total, 0 uniq crashes found)...[0m
scheduled max input!!!!
schedule: 14 level26_3/ijon_max/14
[1;94m[*] [0mFuzzing test case #245 (938 total, 0 uniq crashes found)...[0m
[1;94m[*] [0mFuzzing test case #246 (938 total, 0 uniq crashes found)...[0m
[1;94m[*] [0mFuzzing test case #247 (938 total, 0 uniq crashes found)...[0m
scheduled max input!!!!
schedule: 7 level26_3/ijon_max/7
updated maxmap 6: 327 (len: 428)
updated maxmap 7: 321 (len: 428)
[1;94m[*] [0mFuzzing test case #248 (938 total, 0 uniq crashes found)...[0m
[1;94m[*] [0mFuzzing test case #249 (938 total, 0 uniq crashes found)...[0m
scheduled max input!!!!
schedule: 4 level26_3/ijon_max/4
[1;94m[*] [0mFuzzing test case #250 (938 total, 0 uniq crashes found)...[0m
[1;94m[*] [0mFuzzing test case #251 (938 total, 0 uniq crashes found)...[0m
scheduled max input!!!!
schedule: 9 level26_3/ijon_max/9
[1;94m[*] [0mFuzzing test case #252 (938 total, 0 uniq crashes found)...[0m
[1;94m[*] [0mFuzzing test case #253 (938 total, 0 uniq crashes found)...[0m
scheduled max input!!!!
schedule: 15 level26_3/ijon_max/15
[1;94m[*] [0mFuzzing test case #254 (938 total, 0 uniq crashes found)...[0m
scheduled max input!!!!
schedule: 2 level26_3/ijon_max/2
updated maxmap 2: 242 (len: 336)
[1;94m[*] [0mFuzzing test case #255 (938 total, 0 uniq crashes found)...[0m
scheduled max input!!!!
schedule: 14 level26_3/ijon_max/14
[1;94m[*] [0mFuzzing test case #256 (938 total, 0 uniq crashes found)...[0m
scheduled max input!!!!
schedule: 13 level26_3/ijon_max/13
[1;94m[*] [0mFuzzing test case #257 (938 total, 0 uniq crashes found)...[0m
scheduled max input!!!!
schedule: 7 level26_3/ijon_max/7
updated maxmap 6: 32b (len: 428)
updated maxmap 7: 325 (len: 428)
updated maxmap 7: 326 (len: 428)
updated maxmap 6: 32c (len: 428)
updated maxmap 5: 331 (len: 428)
updated maxmap 6: 32f (len: 428)
updated maxmap 7: 328 (len: 428)
updated maxmap 5: 332 (len: 428)
updated maxmap 4: 322 (len: 428)
updated maxmap 4: 32b (len: 433)
updated maxmap 5: 337 (len: 433)
updated maxmap 6: 33c (len: 433)
updated maxmap 7: 32a (len: 428)
updated maxmap 7: 32b (len: 428)
updated maxmap 4: 32e (len: 434)
updated maxmap 5: 339 (len: 434)
updated maxmap 6: 33e (len: 434)
updated maxmap 7: 32e (len: 429)
updated maxmap 5: 33b (len: 432)
updated maxmap 7: 32f (len: 429)
updated maxmap 5: 33e (len: 434)
updated maxmap 7: 333 (len: 434)
updated maxmap 5: 341 (len: 434)
updated maxmap 6: 340 (len: 437)
updated maxmap 7: 348 (len: 437)
[1;94m[*] [0mFuzzing test case #258 (956 total, 0 uniq crashes found)...[0m
scheduled max input!!!!
schedule: 15 level26_3/ijon_max/15
updated maxmap 13: 227 (len: 340)
[1;94m[*] [0mFuzzing test case #259 (956 total, 0 uniq crashes found)...[0m
scheduled max input!!!!
schedule: 13 level26_3/ijon_max/13
[1;94m[*] [0mFuzzing test case #260 (956 total, 0 uniq crashes found)...[0m
scheduled max input!!!!
schedule: 3 level26_3/ijon_max/3
[1;94m[*] [0mFuzzing test case #261 (956 total, 0 uniq crashes found)...[0m
scheduled max input!!!!
schedule: 15 level26_3/ijon_max/15
[1;94m[*] [0mFuzzing test case #262 (956 total, 0 uniq crashes found)...[0m
scheduled max input!!!!
schedule: 7 level26_3/ijon_max/7
updated maxmap 5: 342 (len: 437)
updated maxmap 6: 341 (len: 437)
[1;94m[*] [0mFuzzing test case #263 (956 total, 0 uniq crashes found)...[0m
scheduled max input!!!!
schedule: 3 level26_3/ijon_max/3
[1;94m[*] [0mFuzzing test case #264 (956 total, 0 uniq crashes found)...[0m
scheduled max input!!!!
schedule: 13 level26_3/ijon_max/13
[1;94m[*] [0mFuzzing test case #265 (956 total, 0 uniq crashes found)...[0m
[1;94m[*] [0mFuzzing test case #266 (956 total, 0 uniq crashes found)...[0m
scheduled max input!!!!
schedule: 15 level26_3/ijon_max/15
[1;94m[*] [0mFuzzing test case #267 (956 total, 0 uniq crashes found)...[0m
[1;94m[*] [0mFuzzing test case #268 (956 total, 0 uniq crashes found)...[0m
scheduled max input!!!!
schedule: 4 level26_3/ijon_max/4
[1;94m[*] [0mFuzzing test case #269 (956 total, 0 uniq crashes found)...[0m
scheduled max input!!!!
schedule: 2 level26_3/ijon_max/2
[1;94m[*] [0mFuzzing test case #270 (956 total, 0 uniq crashes found)...[0m
scheduled max input!!!!
schedule: 7 level26_3/ijon_max/7
updated maxmap 5: 348 (len: 437)
[1;94m[*] [0mFuzzing test case #271 (956 total, 0 uniq crashes found)...[0m
scheduled max input!!!!
schedule: 5 level26_3/ijon_max/5
updated maxmap 5: 34b (len: 438)
[1;94m[*] [0mFuzzing test case #272 (956 total, 0 uniq crashes found)...[0m
scheduled max input!!!!
schedule: 12 level26_3/ijon_max/12
[1;94m[*] [0mFuzzing test case #273 (956 total, 0 uniq crashes found)...[0m
scheduled max input!!!!
schedule: 3 level26_3/ijon_max/3
[1;94m[*] [0mFuzzing test case #274 (956 total, 0 uniq crashes found)...[0m
scheduled max input!!!!
schedule: 5 level26_3/ijon_max/5
[1;94m[*] [0mFuzzing test case #275 (956 total, 0 uniq crashes found)...[0m
scheduled max input!!!!
schedule: 9 level26_3/ijon_max/9
[1;94m[*] [0mFuzzing test case #276 (956 total, 0 uniq crashes found)...[0m
scheduled max input!!!!
schedule: 6 level26_3/ijon_max/6
updated maxmap 5: 351 (len: 443)
updated maxmap 6: 34f (len: 443)
updated maxmap 7: 34a (len: 443)
updated maxmap 5: 355 (len: 443)
[1;94m[*] [0mFuzzing test case #277 (957 total, 0 uniq crashes found)...[0m
[1;94m[*] [0mFuzzing test case #278 (957 total, 0 uniq crashes found)...[0m
[1;94m[*] [0mFuzzing test case #279 (957 total, 0 uniq crashes found)...[0m
scheduled max input!!!!
schedule: 4 level26_3/ijon_max/4
[1;94m[*] [0mFuzzing test case #280 (957 total, 0 uniq crashes found)...[0m
scheduled max input!!!!
schedule: 13 level26_3/ijon_max/13
[1;94m[*] [0mFuzzing test case #281 (957 total, 0 uniq crashes found)...[0m
scheduled max input!!!!
schedule: 15 level26_3/ijon_max/15
[1;94m[*] [0mFuzzing test case #282 (957 total, 0 uniq crashes found)...[0m
scheduled max input!!!!
schedule: 3 level26_3/ijon_max/3
[1;94m[*] [0mFuzzing test case #283 (957 total, 0 uniq crashes found)...[0m
scheduled max input!!!!
schedule: 2 level26_3/ijon_max/2
[1;94m[*] [0mFuzzing test case #284 (957 total, 0 uniq crashes found)...[0m
scheduled max input!!!!
schedule: 2 level26_3/ijon_max/2
[1;94m[*] [0mFuzzing test case #285 (958 total, 0 uniq crashes found)...[0m
scheduled max input!!!!
schedule: 6 level26_3/ijon_max/6
updated maxmap 5: 35e (len: 446)
updated maxmap 6: 350 (len: 443)
[1;94m[*] [0mFuzzing test case #286 (959 total, 0 uniq crashes found)...[0m
scheduled max input!!!!
schedule: 10 level26_3/ijon_max/10
[1;94m[*] [0mFuzzing test case #287 (959 total, 0 uniq crashes found)...[0m
scheduled max input!!!!
schedule: 3 level26_3/ijon_max/3
[1;94m[*] [0mFuzzing test case #288 (959 total, 0 uniq crashes found)...[0m
[1;94m[*] [0mFuzzing test case #289 (959 total, 0 uniq crashes found)...[0m
scheduled max input!!!!
schedule: 14 level26_3/ijon_max/14
[1;94m[*] [0mFuzzing test case #290 (959 total, 0 uniq crashes found)...[0m
scheduled max input!!!!
schedule: 2 level26_3/ijon_max/2
[1;94m[*] [0mFuzzing test case #291 (959 total, 0 uniq crashes found)...[0m
scheduled max input!!!!
schedule: 4 level26_3/ijon_max/4
[1;94m[*] [0mFuzzing test case #292 (959 total, 0 uniq crashes found)...[0m
scheduled max input!!!!
schedule: 8 level26_3/ijon_max/8
[1;94m[*] [0mFuzzing test case #293 (959 total, 0 uniq crashes found)...[0m
scheduled max input!!!!
schedule: 13 level26_3/ijon_max/13
[1;94m[*] [0mFuzzing test case #294 (959 total, 0 uniq crashes found)...[0m
scheduled max input!!!!
schedule: 9 level26_3/ijon_max/9
[1;94m[*] [0mFuzzing test case #295 (959 total, 0 uniq crashes found)...[0m
scheduled max input!!!!
schedule: 2 level26_3/ijon_max/2
updated maxmap 2: 243 (len: 336)
[1;94m[*] [0mFuzzing test case #296 (960 total, 0 uniq crashes found)...[0m
scheduled max input!!!!
schedule: 12 level26_3/ijon_max/12
[1;94m[*] [0mFuzzing test case #297 (960 total, 0 uniq crashes found)...[0m
scheduled max input!!!!
schedule: 15 level26_3/ijon_max/15
[1;94m[*] [0mFuzzing test case #298 (960 total, 0 uniq crashes found)...[0m
scheduled max input!!!!
schedule: 4 level26_3/ijon_max/4
[1;94m[*] [0mFuzzing test case #299 (960 total, 0 uniq crashes found)...[0m
scheduled max input!!!!
schedule: 11 level26_3/ijon_max/11
[1;94m[*] [0mFuzzing test case #300 (960 total, 0 uniq crashes found)...[0m
scheduled max input!!!!
schedule: 0 level26_3/ijon_max/0
[1;94m[*] [0mFuzzing test case #301 (960 total, 0 uniq crashes found)...[0m
scheduled max input!!!!
schedule: 10 level26_3/ijon_max/10
[1;94m[*] [0mFuzzing test case #302 (960 total, 0 uniq crashes found)...[0m
scheduled max input!!!!
schedule: 3 level26_3/ijon_max/3
[1;94m[*] [0mFuzzing test case #303 (960 total, 0 uniq crashes found)...[0m
scheduled max input!!!!
schedule: 2 level26_3/ijon_max/2
updated maxmap 3: 243 (len: 336)
[1;94m[*] [0mFuzzing test case #304 (960 total, 0 uniq crashes found)...[0m
[1;94m[*] [0mFuzzing test case #305 (960 total, 0 uniq crashes found)...[0m
[1;94m[*] [0mFuzzing test case #306 (960 total, 0 uniq crashes found)...[0m
scheduled max input!!!!
schedule: 11 level26_3/ijon_max/11
[1;94m[*] [0mFuzzing test case #307 (960 total, 0 uniq crashes found)...[0m
scheduled max input!!!!
schedule: 10 level26_3/ijon_max/10
[1;94m[*] [0mFuzzing test case #308 (960 total, 0 uniq crashes found)...[0m
scheduled max input!!!!
schedule: 11 level26_3/ijon_max/11
[1;94m[*] [0mFuzzing test case #309 (960 total, 0 uniq crashes found)...[0m
scheduled max input!!!!
schedule: 13 level26_3/ijon_max/13
[1;94m[*] [0mFuzzing test case #310 (960 total, 0 uniq crashes found)...[0m
scheduled max input!!!!
schedule: 10 level26_3/ijon_max/10
[1;94m[*] [0mFuzzing test case #311 (960 total, 0 uniq crashes found)...[0m
scheduled max input!!!!
schedule: 13 level26_3/ijon_max/13
[1;94m[*] [0mFuzzing test case #312 (960 total, 0 uniq crashes found)...[0m
scheduled max input!!!!
schedule: 13 level26_3/ijon_max/13
[1;94m[*] [0mFuzzing test case #313 (960 total, 0 uniq crashes found)...[0m
scheduled max input!!!!
schedule: 10 level26_3/ijon_max/10
[1;94m[*] [0mFuzzing test case #314 (960 total, 0 uniq crashes found)...[0m
scheduled max input!!!!
schedule: 11 level26_3/ijon_max/11
[1;94m[*] [0mFuzzing test case #315 (960 total, 0 uniq crashes found)...[0m
scheduled max input!!!!
schedule: 12 level26_3/ijon_max/12
[1;94m[*] [0mFuzzing test case #316 (960 total, 0 uniq crashes found)...[0m
scheduled max input!!!!
schedule: 15 level26_3/ijon_max/15
[1;94m[*] [0mFuzzing test case #317 (960 total, 0 uniq crashes found)...[0m
[1;94m[*] [0mFuzzing test case #318 (960 total, 0 uniq crashes found)...[0m
scheduled max input!!!!
schedule: 5 level26_3/ijon_max/5
updated maxmap 4: 331 (len: 450)
updated maxmap 5: 365 (len: 450)
updated maxmap 6: 353 (len: 450)
updated maxmap 7: 34c (len: 450)
updated maxmap 6: 356 (len: 450)
updated maxmap 7: 34f (len: 450)
updated maxmap 6: 357 (len: 446)
updated maxmap 7: 359 (len: 446)
updated maxmap 4: 332 (len: 446)
updated maxmap 5: 36d (len: 454)
updated maxmap 6: 35e (len: 454)
updated maxmap 7: 35a (len: 446)
updated maxmap 7: 35b (len: 449)
updated maxmap 4: 334 (len: 446)
updated maxmap 4: 343 (len: 452)
updated maxmap 6: 36d (len: 452)
updated maxmap 7: 36b (len: 452)
[1;94m[*] [0mFuzzing test case #319 (970 total, 0 uniq crashes found)...[0m
scheduled max input!!!!
schedule: 0 level26_3/ijon_max/0
[1;94m[*] [0mFuzzing test case #320 (970 total, 0 uniq crashes found)...[0m
scheduled max input!!!!
schedule: 9 level26_3/ijon_max/9
[1;94m[*] [0mFuzzing test case #321 (970 total, 0 uniq crashes found)...[0m
scheduled max input!!!!
schedule: 8 level26_3/ijon_max/8
[1;94m[*] [0mFuzzing test case #322 (970 total, 0 uniq crashes found)...[0m
[1;94m[*] [0mFuzzing test case #323 (970 total, 0 uniq crashes found)...[0m
scheduled max input!!!!
schedule: 7 level26_3/ijon_max/7
updated maxmap 4: 344 (len: 456)
updated maxmap 5: 377 (len: 456)
updated maxmap 6: 36f (len: 456)
updated maxmap 6: 373 (len: 455)
updated maxmap 7: 376 (len: 455)
updated maxmap 4: 348 (len: 452)
updated maxmap 5: 37a (len: 460)
updated maxmap 6: 37f (len: 460)
[1;94m[*] [0mFuzzing test case #324 (972 total, 0 uniq crashes found)...[0m
scheduled max input!!!!
schedule: 7 level26_3/ijon_max/7
updated maxmap 6: 388 (len: 463)
updated maxmap 7: 386 (len: 463)
[1;94m[*] [0mFuzzing test case #325 (972 total, 0 uniq crashes found)...[0m
scheduled max input!!!!
schedule: 11 level26_3/ijon_max/11
[1;94m[*] [0mFuzzing test case #326 (972 total, 0 uniq crashes found)...[0m
scheduled max input!!!!
schedule: 5 level26_3/ijon_max/5
updated maxmap 7: 388 (len: 468)
updated maxmap 5: 381 (len: 460)
updated maxmap 5: 382 (len: 460)
[1;94m[*] [0mFuzzing test case #327 (972 total, 0 uniq crashes found)...[0m
scheduled max input!!!!
schedule: 15 level26_3/ijon_max/15
[1;94m[*] [0mFuzzing test case #328 (972 total, 0 uniq crashes found)...[0m
scheduled max input!!!!
schedule: 3 level26_3/ijon_max/3
[1;94m[*] [0mFuzzing test case #329 (972 total, 0 uniq crashes found)...[0m
scheduled max input!!!!
schedule: 12 level26_3/ijon_max/12
[1;94m[*] [0mFuzzing test case #330 (972 total, 0 uniq crashes found)...[0m
scheduled max input!!!!
schedule: 2 level26_3/ijon_max/2
[1;94m[*] [0mFuzzing test case #331 (972 total, 0 uniq crashes found)...[0m
scheduled max input!!!!
schedule: 12 level26_3/ijon_max/12
[1;94m[*] [0mFuzzing test case #332 (972 total, 0 uniq crashes found)...[0m
scheduled max input!!!!
schedule: 10 level26_3/ijon_max/10
[1;94m[*] [0mFuzzing test case #333 (972 total, 0 uniq crashes found)...[0m
scheduled max input!!!!
schedule: 14 level26_3/ijon_max/14
[1;94m[*] [0mFuzzing test case #334 (972 total, 0 uniq crashes found)...[0m
scheduled max input!!!!
schedule: 9 level26_3/ijon_max/9
[1;94m[*] [0mFuzzing test case #335 (972 total, 0 uniq crashes found)...[0m
scheduled max input!!!!
schedule: 6 level26_3/ijon_max/6
updated maxmap 5: 388 (len: 463)
[1;94m[*] [0mFuzzing test case #336 (972 total, 0 uniq crashes found)...[0m
scheduled max input!!!!
schedule: 8 level26_3/ijon_max/8
[1;94m[*] [0mFuzzing test case #337 (972 total, 0 uniq crashes found)...[0m
scheduled max input!!!!
schedule: 3 level26_3/ijon_max/3
[1;94m[*] [0mFuzzing test case #338 (972 total, 0 uniq crashes found)...[0m
[1;94m[*] [0mFuzzing test case #339 (972 total, 0 uniq crashes found)...[0m
[1;94m[*] [0mFuzzing test case #340 (972 total, 0 uniq crashes found)...[0m
scheduled max input!!!!
schedule: 15 level26_3/ijon_max/15
[1;94m[*] [0mFuzzing test case #341 (972 total, 0 uniq crashes found)...[0m
scheduled max input!!!!
schedule: 3 level26_3/ijon_max/3
updated maxmap 3: 244 (len: 336)
[1;94m[*] [0mFuzzing test case #342 (972 total, 0 uniq crashes found)...[0m
scheduled max input!!!!
schedule: 3 level26_3/ijon_max/3
[1;94m[*] [0mFuzzing test case #343 (972 total, 0 uniq crashes found)...[0m
[1;94m[*] [0mFuzzing test case #344 (972 total, 0 uniq crashes found)...[0m
scheduled max input!!!!
schedule: 3 level26_3/ijon_max/3
[1;94m[*] [0mFuzzing test case #345 (972 total, 0 uniq crashes found)...[0m
[1;94m[*] [0mFuzzing test case #346 (972 total, 0 uniq crashes found)...[0m
scheduled max input!!!!
schedule: 11 level26_3/ijon_max/11
[1;94m[*] [0mFuzzing test case #347 (972 total, 0 uniq crashes found)...[0m
scheduled max input!!!!
schedule: 0 level26_3/ijon_max/0
[1;94m[*] [0mFuzzing test case #348 (972 total, 0 uniq crashes found)...[0m
scheduled max input!!!!
schedule: 5 level26_3/ijon_max/5
updated maxmap 5: 389 (len: 463)
updated maxmap 4: 349 (len: 463)
updated maxmap 6: 38d (len: 471)
[1;94m[*] [0mFuzzing test case #349 (973 total, 0 uniq crashes found)...[0m
scheduled max input!!!!
schedule: 14 level26_3/ijon_max/14
[1;94m[*] [0mFuzzing test case #350 (973 total, 0 uniq crashes found)...[0m
scheduled max input!!!!
schedule: 9 level26_3/ijon_max/9
[1;94m[*] [0mFuzzing test case #351 (973 total, 0 uniq crashes found)...[0m
scheduled max input!!!!
schedule: 7 level26_3/ijon_max/7
updated maxmap 7: 38f (len: 471)
updated maxmap 5: 392 (len: 474)
updated maxmap 6: 397 (len: 474)
updated maxmap 7: 390 (len: 468)
updated maxmap 7: 391 (len: 468)
updated maxmap 4: 36a (len: 474)
updated maxmap 7: 397 (len: 474)
updated maxmap 4: 375 (len: 472)
updated maxmap 7: 399 (len: 472)
updated maxmap 4: 377 (len: 469)
updated maxmap 4: 37c (len: 471)
updated maxmap 5: 39a (len: 472)
updated maxmap 5: 39d (len: 472)
updated maxmap 7: 39e (len: 473)
updated maxmap 6: 39f (len: 475)
updated maxmap 4: 37f (len: 468)
updated maxmap 6: 3a0 (len: 474)
updated maxmap 6: 3a1 (len: 475)
updated maxmap 6: 3a2 (len: 475)
updated maxmap 6: 3a4 (len: 476)
updated maxmap 6: 3a5 (len: 476)
[1;94m[*] [0mFuzzing test case #352 (983 total, 0 uniq crashes found)...[0m
scheduled max input!!!!
schedule: 7 level26_3/ijon_max/7
updated maxmap 7: 39f (len: 473)
[1;94m[*] [0mFuzzing test case #353 (983 total, 0 uniq crashes found)...[0m
scheduled max input!!!!
schedule: 4 level26_3/ijon_max/4
updated maxmap 4: 380 (len: 468)
[1;94m[*] [0mFuzzing test case #354 (983 total, 0 uniq crashes found)...[0m
[1;94m[*] [0mFuzzing test case #355 (983 total, 0 uniq crashes found)...[0m
scheduled max input!!!!
schedule: 15 level26_3/ijon_max/15
[1;94m[*] [0mFuzzing test case #356 (983 total, 0 uniq crashes found)...[0m
scheduled max input!!!!
schedule: 9 level26_3/ijon_max/9
[1;94m[*] [0mFuzzing test case #357 (983 total, 0 uniq crashes found)...[0m
scheduled max input!!!!
schedule: 8 level26_3/ijon_max/8
[1;94m[*] [0mFuzzing test case #358 (983 total, 0 uniq crashes found)...[0m
scheduled max input!!!!
schedule: 14 level26_3/ijon_max/14
[1;94m[*] [0mFuzzing test case #359 (983 total, 0 uniq crashes found)...[0m
[1;94m[*] [0mFuzzing test case #360 (983 total, 0 uniq crashes found)...[0m
scheduled max input!!!!
schedule: 10 level26_3/ijon_max/10
[1;94m[*] [0mFuzzing test case #361 (983 total, 0 uniq crashes found)...[0m
scheduled max input!!!!
schedule: 9 level26_3/ijon_max/9
[1;94m[*] [0mFuzzing test case #362 (983 total, 0 uniq crashes found)...[0m
scheduled max input!!!!
schedule: 4 level26_3/ijon_max/4
[1;94m[*] [0mFuzzing test case #363 (983 total, 0 uniq crashes found)...[0m
scheduled max input!!!!
schedule: 11 level26_3/ijon_max/11
[1;94m[*] [0mFuzzing test case #364 (983 total, 0 uniq crashes found)...[0m
[1;94m[*] [0mFuzzing test case #365 (983 total, 0 uniq crashes found)...[0m
scheduled normal input!!!!
[1;94m[*] [0mFuzzing test case #366 (983 total, 0 uniq crashes found)...[0m
scheduled max input!!!!
schedule: 8 level26_3/ijon_max/8
[1;94m[*] [0mFuzzing test case #367 (983 total, 0 uniq crashes found)...[0m
scheduled max input!!!!
schedule: 11 level26_3/ijon_max/11
[1;94m[*] [0mFuzzing test case #368 (983 total, 0 uniq crashes found)...[0m
[1;94m[*] [0mFuzzing test case #369 (983 total, 0 uniq crashes found)...[0m
scheduled max input!!!!
schedule: 4 level26_3/ijon_max/4
[1;94m[*] [0mFuzzing test case #370 (983 total, 0 uniq crashes found)...[0m
scheduled max input!!!!
schedule: 0 level26_3/ijon_max/0
[1;94m[*] [0mFuzzing test case #371 (983 total, 0 uniq crashes found)...[0m
scheduled max input!!!!
schedule: 9 level26_3/ijon_max/9
[1;94m[*] [0mFuzzing test case #372 (983 total, 0 uniq crashes found)...[0m
scheduled max input!!!!
schedule: 3 level26_3/ijon_max/3
[1;94m[*] [0mFuzzing test case #373 (983 total, 0 uniq crashes found)...[0m
scheduled max input!!!!
schedule: 7 level26_3/ijon_max/7
updated maxmap 5: 3aa (len: 481)
updated maxmap 7: 3a0 (len: 473)
[1;94m[*] [0mFuzzing test case #374 (984 total, 0 uniq crashes found)...[0m
[1;94m[*] [0mFuzzing test case #375 (984 total, 0 uniq crashes found)...[0m
[1;94m[*] [0mFuzzing test case #376 (984 total, 0 uniq crashes found)...[0m
[1;94m[*] [0mFuzzing test case #377 (984 total, 0 uniq crashes found)...[0m
scheduled max input!!!!
schedule: 6 level26_3/ijon_max/6
updated maxmap 6: 3a6 (len: 477)
[1;94m[*] [0mFuzzing test case #378 (984 total, 0 uniq crashes found)...[0m
scheduled max input!!!!
schedule: 2 level26_3/ijon_max/2
[1;94m[*] [0mFuzzing test case #379 (984 total, 0 uniq crashes found)...[0m
scheduled max input!!!!
schedule: 10 level26_3/ijon_max/10
[1;94m[*] [0mFuzzing test case #380 (984 total, 0 uniq crashes found)...[0m
scheduled max input!!!!
schedule: 11 level26_3/ijon_max/11
[1;94m[*] [0mFuzzing test case #381 (984 total, 0 uniq crashes found)...[0m
[1;94m[*] [0mFuzzing test case #382 (984 total, 0 uniq crashes found)...[0m
scheduled max input!!!!
schedule: 6 level26_3/ijon_max/6
updated maxmap 6: 3ab (len: 479)
updated maxmap 7: 3a3 (len: 479)
updated maxmap 7: 3a4 (len: 477)
updated maxmap 6: 3ad (len: 485)
updated maxmap 7: 3aa (len: 485)
updated maxmap 4: 383 (len: 477)
updated maxmap 4: 388 (len: 477)
updated maxmap 5: 3b3 (len: 485)
updated maxmap 6: 3b8 (len: 485)
updated maxmap 4: 39c (len: 483)
updated maxmap 4: 3a2 (len: 477)
[1;94m[*] [0mFuzzing test case #383 (993 total, 0 uniq crashes found)...[0m
scheduled max input!!!!
schedule: 4 level26_3/ijon_max/4
[1;94m[*] [0mFuzzing test case #384 (993 total, 0 uniq crashes found)...[0m
[1;94m[*] [0mFuzzing test case #385 (993 total, 0 uniq crashes found)...[0m
scheduled max input!!!!
schedule: 4 level26_3/ijon_max/4
[1;94m[*] [0mFuzzing test case #386 (993 total, 0 uniq crashes found)...[0m
scheduled max input!!!!
schedule: 5 level26_3/ijon_max/5
updated maxmap 6: 3c2 (len: 490)
updated maxmap 7: 3bf (len: 490)
updated maxmap 5: 3b4 (len: 485)
[1;94m[*] [0mFuzzing test case #387 (995 total, 0 uniq crashes found)...[0m
[1;94m[*] [0mFuzzing test case #388 (995 total, 0 uniq crashes found)...[0m
scheduled max input!!!!
schedule: 6 level26_3/ijon_max/6
updated maxmap 7: 3c0 (len: 490)
updated maxmap 6: 3c7 (len: 490)
updated maxmap 7: 3c5 (len: 490)
updated maxmap 5: 3bb (len: 490)
updated maxmap 4: 3a6 (len: 490)
[1;94m[*] [0mFuzzing test case #389 (995 total, 0 uniq crashes found)...[0m
scheduled max input!!!!
schedule: 9 level26_3/ijon_max/9
[1;94m[*] [0mFuzzing test case #390 (995 total, 0 uniq crashes found)...[0m
[1;94m[*] [0mFuzzing test case #391 (995 total, 0 uniq crashes found)...[0m
scheduled max input!!!!
schedule: 10 level26_3/ijon_max/10
[1;94m[*] [0mFuzzing test case #392 (995 total, 0 uniq crashes found)...[0m
scheduled max input!!!!
schedule: 7 level26_3/ijon_max/7
[1;94m[*] [0mFuzzing test case #393 (995 total, 0 uniq crashes found)...[0m
scheduled max input!!!!
schedule: 0 level26_3/ijon_max/0
[1;94m[*] [0mFuzzing test case #394 (995 total, 0 uniq crashes found)...[0m
scheduled max input!!!!
schedule: 15 level26_3/ijon_max/15
[1;94m[*] [0mFuzzing test case #395 (995 total, 0 uniq crashes found)...[0m
scheduled max input!!!!
schedule: 3 level26_3/ijon_max/3
[1;94m[*] [0mFuzzing test case #396 (995 total, 0 uniq crashes found)...[0m
scheduled max input!!!!
schedule: 13 level26_3/ijon_max/13
[1;94m[*] [0mFuzzing test case #397 (995 total, 0 uniq crashes found)...[0m
scheduled max input!!!!
schedule: 9 level26_3/ijon_max/9
[1;94m[*] [0mFuzzing test case #398 (995 total, 0 uniq crashes found)...[0m
[1;94m[*] [0mFuzzing test case #399 (995 total, 0 uniq crashes found)...[0m
[1;94m[*] [0mFuzzing test case #400 (995 total, 0 uniq crashes found)...[0m
scheduled max input!!!!
schedule: 2 level26_3/ijon_max/2
[1;94m[*] [0mFuzzing test case #401 (995 total, 0 uniq crashes found)...[0m
[1;94m[*] [0mFuzzing test case #402 (995 total, 0 uniq crashes found)...[0m
scheduled max input!!!!
schedule: 6 level26_3/ijon_max/6
updated maxmap 6: 3c8 (len: 490)
updated maxmap 7: 3c6 (len: 490)
updated maxmap 5: 3d0 (len: 495)
updated maxmap 6: 3c9 (len: 491)
updated maxmap 7: 3c7 (len: 491)
updated maxmap 7: 3c8 (len: 490)
updated maxmap 4: 3a9 (len: 490)
[1;94m[*] [0mFuzzing test case #403 (997 total, 0 uniq crashes found)...[0m
scheduled max input!!!!
schedule: 4 level26_3/ijon_max/4
updated maxmap 4: 3aa (len: 490)
updated maxmap 4: 3ab (len: 491)
updated maxmap 4: 3ac (len: 490)
updated maxmap 4: 3af (len: 494)
updated maxmap 4: 3b0 (len: 490)
updated maxmap 4: 3b2 (len: 490)
[1;94m[*] [0mFuzzing test case #404 (997 total, 0 uniq crashes found)...[0m
scheduled max input!!!!
schedule: 12 level26_3/ijon_max/12
[1;94m[*] [0mFuzzing test case #405 (997 total, 0 uniq crashes found)...[0m
scheduled max input!!!!
schedule: 0 level26_3/ijon_max/0
[1;94m[*] [0mFuzzing test case #406 (997 total, 0 uniq crashes found)...[0m
scheduled max input!!!!
schedule: 6 level26_3/ijon_max/6
updated maxmap 6: 3ca (len: 491)
updated maxmap 6: 3cf (len: 493)
updated maxmap 7: 3cd (len: 493)
[1;94m[*] [0mFuzzing test case #407 (997 total, 0 uniq crashes found)...[0m
scheduled max input!!!!
schedule: 0 level26_3/ijon_max/0
[1;94m[*] [0mFuzzing test case #408 (997 total, 0 uniq crashes found)...[0m
scheduled max input!!!!
schedule: 6 level26_3/ijon_max/6
[1;94m[*] [0mFuzzing test case #409 (997 total, 0 uniq crashes found)...[0m
scheduled max input!!!!
schedule: 14 level26_3/ijon_max/14
[1;94m[*] [0mFuzzing test case #410 (997 total, 0 uniq crashes found)...[0m
scheduled max input!!!!
schedule: 7 level26_3/ijon_max/7
[1;94m[*] [0mFuzzing test case #411 (997 total, 0 uniq crashes found)...[0m
scheduled max input!!!!
schedule: 3 level26_3/ijon_max/3
[1;94m[*] [0mFuzzing test case #412 (997 total, 0 uniq crashes found)...[0m
scheduled max input!!!!
schedule: 11 level26_3/ijon_max/11
[1;94m[*] [0mFuzzing test case #413 (997 total, 0 uniq crashes found)...[0m
scheduled max input!!!!
schedule: 2 level26_3/ijon_max/2
[1;94m[*] [0mFuzzing test case #414 (997 total, 0 uniq crashes found)...[0m
[1;94m[*] [0mFuzzing test case #415 (997 total, 0 uniq crashes found)...[0m
scheduled max input!!!!
schedule: 8 level26_3/ijon_max/8
[1;94m[*] [0mFuzzing test case #416 (997 total, 0 uniq crashes found)...[0m
scheduled max input!!!!
schedule: 10 level26_3/ijon_max/10
[1;94m[*] [0mFuzzing test case #417 (997 total, 0 uniq crashes found)...[0m
[1;94m[*] [0mFuzzing test case #418 (997 total, 0 uniq crashes found)...[0m
[1;94m[*] [0mFuzzing test case #419 (997 total, 0 uniq crashes found)...[0m
scheduled max input!!!!
schedule: 4 level26_3/ijon_max/4
[1;94m[*] [0mFuzzing test case #420 (997 total, 0 uniq crashes found)...[0m
scheduled max input!!!!
schedule: 4 level26_3/ijon_max/4
[1;94m[*] [0mFuzzing test case #421 (997 total, 0 uniq crashes found)...[0m
scheduled max input!!!!
schedule: 9 level26_3/ijon_max/9
[1;94m[*] [0mFuzzing test case #422 (997 total, 0 uniq crashes found)...[0m
scheduled max input!!!!
schedule: 12 level26_3/ijon_max/12
[1;94m[*] [0mFuzzing test case #423 (997 total, 0 uniq crashes found)...[0m
scheduled max input!!!!
schedule: 3 level26_3/ijon_max/3
[1;94m[*] [0mFuzzing test case #424 (997 total, 0 uniq crashes found)...[0m
scheduled max input!!!!
schedule: 10 level26_3/ijon_max/10
[1;94m[*] [0mFuzzing test case #425 (997 total, 0 uniq crashes found)...[0m
scheduled max input!!!!
schedule: 7 level26_3/ijon_max/7
[1;94m[*] [0mFuzzing test case #426 (997 total, 0 uniq crashes found)...[0m
[1;94m[*] [0mFuzzing test case #427 (997 total, 0 uniq crashes found)...[0m
scheduled max input!!!!
schedule: 3 level26_3/ijon_max/3
[1;94m[*] [0mFuzzing test case #428 (997 total, 0 uniq crashes found)...[0m
scheduled max input!!!!
schedule: 12 level26_3/ijon_max/12
[1;94m[*] [0mFuzzing test case #429 (997 total, 0 uniq crashes found)...[0m
scheduled max input!!!!
schedule: 15 level26_3/ijon_max/15
[1;94m[*] [0mFuzzing test case #430 (997 total, 0 uniq crashes found)...[0m
[1;94m[*] [0mFuzzing test case #431 (997 total, 0 uniq crashes found)...[0m
scheduled max input!!!!
schedule: 11 level26_3/ijon_max/11
[1;94m[*] [0mFuzzing test case #432 (997 total, 0 uniq crashes found)...[0m
scheduled max input!!!!
schedule: 11 level26_3/ijon_max/11
[1;94m[*] [0mFuzzing test case #433 (997 total, 0 uniq crashes found)...[0m
scheduled max input!!!!
schedule: 15 level26_3/ijon_max/15
[1;94m[*] [0mFuzzing test case #434 (997 total, 0 uniq crashes found)...[0m
scheduled max input!!!!
schedule: 7 level26_3/ijon_max/7
updated maxmap 4: 3d6 (len: 496)
updated maxmap 5: 3d3 (len: 496)
updated maxmap 4: 3de (len: 499)
updated maxmap 5: 3dc (len: 499)
[1;94m[*] [0mFuzzing test case #435 (998 total, 0 uniq crashes found)...[0m
[1;94m[*] [0mFuzzing test case #436 (998 total, 0 uniq crashes found)...[0m
[1;94m[*] [0mFuzzing test case #437 (998 total, 0 uniq crashes found)...[0m
scheduled max input!!!!
schedule: 12 level26_3/ijon_max/12
[1;94m[*] [0mFuzzing test case #438 (998 total, 0 uniq crashes found)...[0m
scheduled max input!!!!
schedule: 9 level26_3/ijon_max/9
[1;94m[*] [0mFuzzing test case #439 (998 total, 0 uniq crashes found)...[0m
scheduled max input!!!!
schedule: 12 level26_3/ijon_max/12
[1;94m[*] [0mFuzzing test case #440 (998 total, 0 uniq crashes found)...[0m
scheduled max input!!!!
schedule: 2 level26_3/ijon_max/2
[1;94m[*] [0mFuzzing test case #441 (998 total, 0 uniq crashes found)...[0m
scheduled max input!!!!
schedule: 7 level26_3/ijon_max/7
updated maxmap 6: 3df (len: 501)
updated maxmap 7: 3dd (len: 501)
[1;94m[*] [0mFuzzing test case #442 (998 total, 0 uniq crashes found)...[0m
[1;94m[*] [0mFuzzing test case #443 (998 total, 0 uniq crashes found)...[0m
scheduled max input!!!!
schedule: 10 level26_3/ijon_max/10
[1;94m[*] [0mFuzzing test case #444 (998 total, 0 uniq crashes found)...[0m
[1;94m[*] [0mFuzzing test case #445 (998 total, 0 uniq crashes found)...[0m
scheduled max input!!!!
schedule: 3 level26_3/ijon_max/3
[1;94m[*] [0mFuzzing test case #446 (998 total, 0 uniq crashes found)...[0m
[1;94m[*] [0mFuzzing test case #447 (998 total, 0 uniq crashes found)...[0m
scheduled max input!!!!
schedule: 11 level26_3/ijon_max/11
[1;94m[*] [0mFuzzing test case #448 (998 total, 0 uniq crashes found)...[0m
scheduled max input!!!!
schedule: 11 level26_3/ijon_max/11
[1;94m[*] [0mFuzzing test case #449 (998 total, 0 uniq crashes found)...[0m
scheduled max input!!!!
schedule: 5 level26_3/ijon_max/5
updated maxmap 5: 3e5 (len: 502)
[1;94m[*] [0mFuzzing test case #450 (999 total, 0 uniq crashes found)...[0m
scheduled max input!!!!
schedule: 8 level26_3/ijon_max/8
[1;94m[*] [0mFuzzing test case #451 (999 total, 0 uniq crashes found)...[0m
scheduled max input!!!!
schedule: 8 level26_3/ijon_max/8
[1;94m[*] [0mFuzzing test case #452 (999 total, 0 uniq crashes found)...[0m
scheduled max input!!!!
schedule: 2 level26_3/ijon_max/2
[1;94m[*] [0mFuzzing test case #453 (999 total, 0 uniq crashes found)...[0m
scheduled max input!!!!
schedule: 11 level26_3/ijon_max/11
[1;94m[*] [0mFuzzing test case #454 (999 total, 0 uniq crashes found)...[0m
scheduled max input!!!!
schedule: 6 level26_3/ijon_max/6
updated maxmap 6: 3e1 (len: 501)
updated maxmap 7: 3df (len: 501)
updated maxmap 6: 3e8 (len: 508)
[1;94m[*] [0mFuzzing test case #455 (999 total, 0 uniq crashes found)...[0m
scheduled max input!!!!
schedule: 5 level26_3/ijon_max/5
updated maxmap 5: 3e6 (len: 502)
updated maxmap 4: 3e1 (len: 502)
updated maxmap 5: 3e9 (len: 504)
updated maxmap 6: 3eb (len: 504)
[1;94m[*] [0mFuzzing test case #456 (999 total, 0 uniq crashes found)...[0m
[1;94m[*] [0mFuzzing test case #457 (999 total, 0 uniq crashes found)...[0m
scheduled max input!!!!
schedule: 8 level26_3/ijon_max/8
[1;94m[*] [0mFuzzing test case #458 (999 total, 0 uniq crashes found)...[0m
[1;94m[*] [0mFuzzing test case #459 (999 total, 0 uniq crashes found)...[0m
[1;94m[*] [0mFuzzing test case #460 (999 total, 0 uniq crashes found)...[0m
scheduled max input!!!!
schedule: 7 level26_3/ijon_max/7
updated maxmap 7: 3e0 (len: 506)
updated maxmap 4: 3e3 (len: 505)
[1;94m[*] [0mFuzzing test case #461 (1005 total, 0 uniq crashes found)...[0m
scheduled max input!!!!
schedule: 15 level26_3/ijon_max/15
[1;94m[*] [0mFuzzing test case #462 (1005 total, 0 uniq crashes found)...[0m
scheduled max input!!!!
schedule: 15 level26_3/ijon_max/15
[1;94m[*] [0mFuzzing test case #463 (1005 total, 0 uniq crashes found)...[0m
scheduled max input!!!!
schedule: 10 level26_3/ijon_max/10
[1;94m[*] [0mFuzzing test case #464 (1005 total, 0 uniq crashes found)...[0m
scheduled max input!!!!
schedule: 12 level26_3/ijon_max/12
[1;94m[*] [0mFuzzing test case #465 (1005 total, 0 uniq crashes found)...[0m
scheduled max input!!!!
schedule: 7 level26_3/ijon_max/7
updated maxmap 7: 3e1 (len: 506)
updated maxmap 7: 3e2 (len: 506)
[1;94m[*] [0mFuzzing test case #466 (1005 total, 0 uniq crashes found)...[0m
scheduled max input!!!!
schedule: 4 level26_3/ijon_max/4
updated maxmap 5: 3ef (len: 512)
updated maxmap 6: 3f9 (len: 512)
updated maxmap 4: 3e4 (len: 505)
updated maxmap 5: 3f3 (len: 513)
updated maxmap 6: 3fc (len: 513)
[1;94m[*] [0mFuzzing test case #467 (1013 total, 0 uniq crashes found)...[0m
scheduled max input!!!!
schedule: 15 level26_3/ijon_max/15
[1;94m[*] [0mFuzzing test case #468 (1013 total, 0 uniq crashes found)...[0m
scheduled max input!!!!
schedule: 5 level26_3/ijon_max/5
[1;94m[*] [0mFuzzing test case #469 (1013 total, 0 uniq crashes found)...[0m
scheduled max input!!!!
schedule: 9 level26_3/ijon_max/9
[1;94m[*] [0mFuzzing test case #470 (1013 total, 0 uniq crashes found)...[0m
scheduled max input!!!!
schedule: 9 level26_3/ijon_max/9
[1;94m[*] [0mFuzzing test case #471 (1013 total, 0 uniq crashes found)...[0m
[1;94m[*] [0mFuzzing test case #472 (1013 total, 0 uniq crashes found)...[0m
scheduled max input!!!!
schedule: 15 level26_3/ijon_max/15
[1;94m[*] [0mFuzzing test case #473 (1013 total, 0 uniq crashes found)...[0m
scheduled max input!!!!
schedule: 11 level26_3/ijon_max/11
[1;94m[*] [0mFuzzing test case #474 (1013 total, 0 uniq crashes found)...[0m
scheduled max input!!!!
schedule: 15 level26_3/ijon_max/15
[1;94m[*] [0mFuzzing test case #475 (1013 total, 0 uniq crashes found)...[0m
scheduled max input!!!!
schedule: 10 level26_3/ijon_max/10
[1;94m[*] [0mFuzzing test case #476 (1013 total, 0 uniq crashes found)...[0m
[1;94m[*] [0mFuzzing test case #477 (1013 total, 0 uniq crashes found)...[0m
scheduled max input!!!!
schedule: 5 level26_3/ijon_max/5
updated maxmap 5: 40b (len: 519)
updated maxmap 6: 401 (len: 519)
updated maxmap 7: 3fa (len: 519)
minimized maxmap 7: 3fa (len: 513)
[1;94m[*] [0mFuzzing test case #478 (1014 total, 0 uniq crashes found)...[0m
[1;94m[*] [0mFuzzing test case #479 (1014 total, 0 uniq crashes found)...[0m
scheduled max input!!!!
schedule: 12 level26_3/ijon_max/12
[1;94m[*] [0mFuzzing test case #480 (1014 total, 0 uniq crashes found)...[0m
scheduled max input!!!!
schedule: 7 level26_3/ijon_max/7
[1;94m[*] [0mFuzzing test case #481 (1014 total, 0 uniq crashes found)...[0m
scheduled max input!!!!
schedule: 3 level26_3/ijon_max/3
[1;94m[*] [0mFuzzing test case #482 (1014 total, 0 uniq crashes found)...[0m
[1;94m[*] [0mFuzzing test case #483 (1014 total, 0 uniq crashes found)...[0m
scheduled max input!!!!
schedule: 15 level26_3/ijon_max/15
[1;94m[*] [0mFuzzing test case #484 (1014 total, 0 uniq crashes found)...[0m
scheduled max input!!!!
schedule: 0 level26_3/ijon_max/0
[1;94m[*] [0mFuzzing test case #485 (1014 total, 0 uniq crashes found)...[0m
[1;94m[*] [0mFuzzing test case #486 (1014 total, 0 uniq crashes found)...[0m
scheduled max input!!!!
schedule: 13 level26_3/ijon_max/13
[1;94m[*] [0mFuzzing test case #487 (1014 total, 0 uniq crashes found)...[0m
scheduled max input!!!!
schedule: 2 level26_3/ijon_max/2
[1;94m[*] [0mFuzzing test case #488 (1014 total, 0 uniq crashes found)...[0m
scheduled max input!!!!
schedule: 4 level26_3/ijon_max/4
[1;94m[*] [0mFuzzing test case #489 (1014 total, 0 uniq crashes found)...[0m
scheduled max input!!!!
schedule: 8 level26_3/ijon_max/8
[1;94m[*] [0mFuzzing test case #490 (1014 total, 0 uniq crashes found)...[0m
scheduled max input!!!!
schedule: 4 level26_3/ijon_max/4
[1;94m[*] [0mFuzzing test case #491 (1014 total, 0 uniq crashes found)...[0m
[1;94m[*] [0mFuzzing test case #492 (1014 total, 0 uniq crashes found)...[0m
scheduled max input!!!!
schedule: 15 level26_3/ijon_max/15
[1;94m[*] [0mFuzzing test case #493 (1014 total, 0 uniq crashes found)...[0m
scheduled max input!!!!
schedule: 0 level26_3/ijon_max/0
[1;94m[*] [0mFuzzing test case #494 (1014 total, 0 uniq crashes found)...[0m
scheduled max input!!!!
schedule: 2 level26_3/ijon_max/2
[1;94m[*] [0mFuzzing test case #495 (1014 total, 0 uniq crashes found)...[0m
scheduled max input!!!!
schedule: 3 level26_3/ijon_max/3
[1;94m[*] [0mFuzzing test case #496 (1014 total, 0 uniq crashes found)...[0m
scheduled max input!!!!
schedule: 11 level26_3/ijon_max/11
[1;94m[*] [0mFuzzing test case #497 (1014 total, 0 uniq crashes found)...[0m
[1;94m[*] [0mFuzzing test case #498 (1014 total, 0 uniq crashes found)...[0m
scheduled max input!!!!
schedule: 11 level26_3/ijon_max/11
[1;94m[*] [0mFuzzing test case #499 (1014 total, 0 uniq crashes found)...[0m
scheduled max input!!!!
schedule: 0 level26_3/ijon_max/0
[1;94m[*] [0mFuzzing test case #500 (1014 total, 0 uniq crashes found)...[0m
scheduled max input!!!!
schedule: 0 level26_3/ijon_max/0
[1;94m[*] [0mFuzzing test case #501 (1014 total, 0 uniq crashes found)...[0m
scheduled max input!!!!
schedule: 8 level26_3/ijon_max/8
[1;94m[*] [0mFuzzing test case #502 (1014 total, 0 uniq crashes found)...[0m
scheduled max input!!!!
schedule: 8 level26_3/ijon_max/8
[1;94m[*] [0mFuzzing test case #503 (1014 total, 0 uniq crashes found)...[0m
scheduled max input!!!!
schedule: 5 level26_3/ijon_max/5
[1;94m[*] [0mFuzzing test case #504 (1014 total, 0 uniq crashes found)...[0m
scheduled max input!!!!
schedule: 14 level26_3/ijon_max/14
[1;94m[*] [0mFuzzing test case #505 (1014 total, 0 uniq crashes found)...[0m
[1;94m[*] [0mFuzzing test case #506 (1014 total, 0 uniq crashes found)...[0m
scheduled max input!!!!
schedule: 9 level26_3/ijon_max/9
[1;94m[*] [0mFuzzing test case #507 (1014 total, 0 uniq crashes found)...[0m
scheduled max input!!!!
schedule: 15 level26_3/ijon_max/15
[1;94m[*] [0mFuzzing test case #508 (1014 total, 0 uniq crashes found)...[0m
[1;94m[*] [0mFuzzing test case #509 (1014 total, 0 uniq crashes found)...[0m
scheduled max input!!!!
schedule: 8 level26_3/ijon_max/8
[1;94m[*] [0mFuzzing test case #510 (1014 total, 0 uniq crashes found)...[0m
scheduled max input!!!!
schedule: 2 level26_3/ijon_max/2
[1;94m[*] [0mFuzzing test case #511 (1014 total, 0 uniq crashes found)...[0m
scheduled max input!!!!
schedule: 0 level26_3/ijon_max/0
[1;94m[*] [0mFuzzing test case #512 (1014 total, 0 uniq crashes found)...[0m
scheduled max input!!!!
schedule: 11 level26_3/ijon_max/11
[1;94m[*] [0mFuzzing test case #513 (1014 total, 0 uniq crashes found)...[0m
scheduled max input!!!!
schedule: 7 level26_3/ijon_max/7
updated maxmap 7: 3fb (len: 513)
[1;94m[*] [0mFuzzing test case #514 (1014 total, 0 uniq crashes found)...[0m
scheduled max input!!!!
schedule: 13 level26_3/ijon_max/13
[1;94m[*] [0mFuzzing test case #515 (1014 total, 0 uniq crashes found)...[0m
scheduled max input!!!!
schedule: 8 level26_3/ijon_max/8
[1;94m[*] [0mFuzzing test case #516 (1014 total, 0 uniq crashes found)...[0m
scheduled max input!!!!
schedule: 5 level26_3/ijon_max/5
[1;94m[*] [0mFuzzing test case #517 (1014 total, 0 uniq crashes found)...[0m
scheduled max input!!!!
schedule: 14 level26_3/ijon_max/14
[1;94m[*] [0mFuzzing test case #518 (1014 total, 0 uniq crashes found)...[0m
[1;94m[*] [0mFuzzing test case #519 (1014 total, 0 uniq crashes found)...[0m
scheduled max input!!!!
schedule: 6 level26_3/ijon_max/6
updated maxmap 6: 407 (len: 519)
updated maxmap 7: 400 (len: 519)
[1;94m[*] [0mFuzzing test case #520 (1014 total, 0 uniq crashes found)...[0m
[1;94m[*] [0mFuzzing test case #521 (1014 total, 0 uniq crashes found)...[0m
scheduled max input!!!!
schedule: 10 level26_3/ijon_max/10
[1;94m[*] [0mFuzzing test case #522 (1014 total, 0 uniq crashes found)...[0m
[1;94m[*] [0mFuzzing test case #523 (1014 total, 0 uniq crashes found)...[0m
scheduled max input!!!!
schedule: 3 level26_3/ijon_max/3
[1;94m[*] [0mFuzzing test case #524 (1014 total, 0 uniq crashes found)...[0m
[1;94m[*] [0mFuzzing test case #525 (1014 total, 0 uniq crashes found)...[0m
[1;94m[*] [0mFuzzing test case #526 (1014 total, 0 uniq crashes found)...[0m
scheduled max input!!!!
schedule: 5 level26_3/ijon_max/5
[1;94m[*] [0mFuzzing test case #527 (1014 total, 0 uniq crashes found)...[0m
scheduled max input!!!!
schedule: 4 level26_3/ijon_max/4
[1;94m[*] [0mFuzzing test case #528 (1014 total, 0 uniq crashes found)...[0m
scheduled max input!!!!
schedule: 2 level26_3/ijon_max/2
[1;94m[*] [0mFuzzing test case #529 (1014 total, 0 uniq crashes found)...[0m
scheduled max input!!!!
schedule: 2 level26_3/ijon_max/2
[1;94m[*] [0mFuzzing test case #530 (1014 total, 0 uniq crashes found)...[0m
scheduled max input!!!!
schedule: 4 level26_3/ijon_max/4
[1;94m[*] [0mFuzzing test case #531 (1014 total, 0 uniq crashes found)...[0m
[1;94m[*] [0mFuzzing test case #532 (1014 total, 0 uniq crashes found)...[0m
scheduled max input!!!!
schedule: 11 level26_3/ijon_max/11
[1;94m[*] [0mFuzzing test case #533 (1014 total, 0 uniq crashes found)...[0m
[1;94m[*] [0mFuzzing test case #534 (1014 total, 0 uniq crashes found)...[0m
[1;94m[*] [0mFuzzing test case #535 (1014 total, 0 uniq crashes found)...[0m
scheduled max input!!!!
schedule: 0 level26_3/ijon_max/0
[1;94m[*] [0mFuzzing test case #536 (1014 total, 0 uniq crashes found)...[0m
scheduled max input!!!!
schedule: 0 level26_3/ijon_max/0
[1;94m[*] [0mFuzzing test case #537 (1014 total, 0 uniq crashes found)...[0m
scheduled max input!!!!
schedule: 7 level26_3/ijon_max/7
[1;94m[*] [0mFuzzing test case #538 (1014 total, 0 uniq crashes found)...[0m
scheduled max input!!!!
schedule: 14 level26_3/ijon_max/14
[1;94m[*] [0mFuzzing test case #539 (1014 total, 0 uniq crashes found)...[0m
[1;94m[*] [0mFuzzing test case #540 (1014 total, 0 uniq crashes found)...[0m
scheduled max input!!!!
schedule: 9 level26_3/ijon_max/9
[1;94m[*] [0mFuzzing test case #541 (1014 total, 0 uniq crashes found)...[0m
scheduled max input!!!!
schedule: 12 level26_3/ijon_max/12
[1;94m[*] [0mFuzzing test case #542 (1014 total, 0 uniq crashes found)...[0m
scheduled max input!!!!
schedule: 3 level26_3/ijon_max/3
[1;94m[*] [0mFuzzing test case #543 (1014 total, 0 uniq crashes found)...[0m
[1;94m[*] [0mFuzzing test case #544 (1014 total, 0 uniq crashes found)...[0m
scheduled max input!!!!
schedule: 13 level26_3/ijon_max/13
[1;94m[*] [0mFuzzing test case #545 (1014 total, 0 uniq crashes found)...[0m
scheduled max input!!!!
schedule: 11 level26_3/ijon_max/11
[1;94m[*] [0mFuzzing test case #546 (1014 total, 0 uniq crashes found)...[0m
scheduled max input!!!!
schedule: 10 level26_3/ijon_max/10
[1;94m[*] [0mFuzzing test case #547 (1014 total, 0 uniq crashes found)...[0m
[1;94m[*] [0mFuzzing test case #548 (1014 total, 0 uniq crashes found)...[0m
scheduled max input!!!!
schedule: 14 level26_3/ijon_max/14
[1;94m[*] [0mFuzzing test case #549 (1014 total, 0 uniq crashes found)...[0m
[1;94m[*] [0mFuzzing test case #550 (1014 total, 0 uniq crashes found)...[0m
scheduled max input!!!!
schedule: 13 level26_3/ijon_max/13
[1;94m[*] [0mFuzzing test case #551 (1014 total, 0 uniq crashes found)...[0m
scheduled max input!!!!
schedule: 9 level26_3/ijon_max/9
[1;94m[*] [0mFuzzing test case #552 (1014 total, 0 uniq crashes found)...[0m
[1;94m[*] [0mFuzzing test case #553 (1014 total, 0 uniq crashes found)...[0m
[1;94m[*] [0mFuzzing test case #554 (1014 total, 0 uniq crashes found)...[0m
scheduled max input!!!!
schedule: 8 level26_3/ijon_max/8
[1;94m[*] [0mFuzzing test case #555 (1014 total, 0 uniq crashes found)...[0m
scheduled max input!!!!
schedule: 9 level26_3/ijon_max/9
[1;94m[*] [0mFuzzing test case #556 (1014 total, 0 uniq crashes found)...[0m
scheduled max input!!!!
schedule: 10 level26_3/ijon_max/10
[1;94m[*] [0mFuzzing test case #557 (1014 total, 0 uniq crashes found)...[0m
scheduled max input!!!!
schedule: 7 level26_3/ijon_max/7
[1;94m[*] [0mFuzzing test case #558 (1014 total, 0 uniq crashes found)...[0m
scheduled max input!!!!
schedule: 13 level26_3/ijon_max/13
[1;94m[*] [0mFuzzing test case #559 (1014 total, 0 uniq crashes found)...[0m
scheduled max input!!!!
schedule: 12 level26_3/ijon_max/12
[1;94m[*] [0mFuzzing test case #560 (1014 total, 0 uniq crashes found)...[0m
scheduled max input!!!!
schedule: 8 level26_3/ijon_max/8
[1;94m[*] [0mFuzzing test case #561 (1014 total, 0 uniq crashes found)...[0m
[1;94m[*] [0mFuzzing test case #562 (1014 total, 0 uniq crashes found)...[0m
scheduled max input!!!!
schedule: 14 level26_3/ijon_max/14
[1;94m[*] [0mFuzzing test case #563 (1014 total, 0 uniq crashes found)...[0m
[1;94m[*] [0mFuzzing test case #564 (1014 total, 0 uniq crashes found)...[0m
scheduled max input!!!!
schedule: 5 level26_3/ijon_max/5
[1;94m[*] [0mFuzzing test case #565 (1014 total, 0 uniq crashes found)...[0m
scheduled max input!!!!
schedule: 7 level26_3/ijon_max/7
updated maxmap 6: 408 (len: 519)
updated maxmap 7: 401 (len: 519)
[1;94m[*] [0mFuzzing test case #566 (1014 total, 0 uniq crashes found)...[0m
scheduled max input!!!!
schedule: 9 level26_3/ijon_max/9
[1;94m[*] [0mFuzzing test case #567 (1014 total, 0 uniq crashes found)...[0m
[1;94m[*] [0mFuzzing test case #568 (1014 total, 0 uniq crashes found)...[0m
[1;94m[*] [0mFuzzing test case #569 (1014 total, 0 uniq crashes found)...[0m
[1;94m[*] [0mFuzzing test case #570 (1014 total, 0 uniq crashes found)...[0m
scheduled max input!!!!
schedule: 3 level26_3/ijon_max/3
[1;94m[*] [0mFuzzing test case #571 (1014 total, 0 uniq crashes found)...[0m
scheduled max input!!!!
schedule: 11 level26_3/ijon_max/11
[1;94m[*] [0mFuzzing test case #572 (1014 total, 0 uniq crashes found)...[0m
scheduled max input!!!!
schedule: 12 level26_3/ijon_max/12
[1;94m[*] [0mFuzzing test case #573 (1014 total, 0 uniq crashes found)...[0m
[1;94m[*] [0mFuzzing test case #574 (1014 total, 0 uniq crashes found)...[0m
scheduled max input!!!!
schedule: 11 level26_3/ijon_max/11
[1;94m[*] [0mFuzzing test case #575 (1014 total, 0 uniq crashes found)...[0m
scheduled max input!!!!
schedule: 5 level26_3/ijon_max/5
[1;94m[*] [0mFuzzing test case #576 (1014 total, 0 uniq crashes found)...[0m
[1;94m[*] [0mFuzzing test case #577 (1014 total, 0 uniq crashes found)...[0m
scheduled max input!!!!
schedule: 8 level26_3/ijon_max/8
[1;94m[*] [0mFuzzing test case #578 (1015 total, 0 uniq crashes found)...[0m
scheduled max input!!!!
schedule: 14 level26_3/ijon_max/14
[1;94m[*] [0mFuzzing test case #579 (1015 total, 0 uniq crashes found)...[0m
scheduled max input!!!!
schedule: 5 level26_3/ijon_max/5
[1;94m[*] [0mFuzzing test case #580 (1016 total, 0 uniq crashes found)...[0m
scheduled max input!!!!
schedule: 10 level26_3/ijon_max/10
[1;94m[*] [0mFuzzing test case #581 (1016 total, 0 uniq crashes found)...[0m
scheduled max input!!!!
schedule: 7 level26_3/ijon_max/7
[1;94m[*] [0mFuzzing test case #582 (1016 total, 0 uniq crashes found)...[0m
[1;94m[*] [0mFuzzing test case #583 (1016 total, 0 uniq crashes found)...[0m
scheduled max input!!!!
schedule: 9 level26_3/ijon_max/9
[1;94m[*] [0mFuzzing test case #584 (1016 total, 0 uniq crashes found)...[0m
scheduled max input!!!!
schedule: 2 level26_3/ijon_max/2
[1;94m[*] [0mFuzzing test case #585 (1016 total, 0 uniq crashes found)...[0m
[1;94m[*] [0mFuzzing test case #586 (1016 total, 0 uniq crashes found)...[0m
scheduled max input!!!!
schedule: 12 level26_3/ijon_max/12
[1;94m[*] [0mFuzzing test case #587 (1016 total, 0 uniq crashes found)...[0m
scheduled max input!!!!
schedule: 8 level26_3/ijon_max/8
[1;94m[*] [0mFuzzing test case #588 (1016 total, 0 uniq crashes found)...[0m
scheduled max input!!!!
schedule: 14 level26_3/ijon_max/14
[1;94m[*] [0mFuzzing test case #589 (1016 total, 0 uniq crashes found)...[0m
scheduled max input!!!!
schedule: 7 level26_3/ijon_max/7
[1;94m[*] [0mFuzzing test case #590 (1016 total, 0 uniq crashes found)...[0m
scheduled max input!!!!
schedule: 12 level26_3/ijon_max/12
[1;94m[*] [0mFuzzing test case #591 (1016 total, 0 uniq crashes found)...[0m
scheduled max input!!!!
schedule: 4 level26_3/ijon_max/4
[1;94m[*] [0mFuzzing test case #592 (1016 total, 0 uniq crashes found)...[0m
[1;94m[*] [0mFuzzing test case #593 (1016 total, 0 uniq crashes found)...[0m
scheduled max input!!!!
schedule: 14 level26_3/ijon_max/14
[1;94m[*] [0mFuzzing test case #594 (1016 total, 0 uniq crashes found)...[0m
scheduled max input!!!!
schedule: 7 level26_3/ijon_max/7
[1;94m[*] [0mFuzzing test case #595 (1016 total, 0 uniq crashes found)...[0m
scheduled max input!!!!
schedule: 10 level26_3/ijon_max/10
[1;94m[*] [0mFuzzing test case #596 (1016 total, 0 uniq crashes found)...[0m
scheduled max input!!!!
schedule: 11 level26_3/ijon_max/11
[1;94m[*] [0mFuzzing test case #597 (1016 total, 0 uniq crashes found)...[0m
scheduled max input!!!!
schedule: 8 level26_3/ijon_max/8
[1;94m[*] [0mFuzzing test case #598 (1016 total, 0 uniq crashes found)...[0m
scheduled max input!!!!
schedule: 9 level26_3/ijon_max/9
[1;94m[*] [0mFuzzing test case #599 (1016 total, 0 uniq crashes found)...[0m
scheduled max input!!!!
schedule: 10 level26_3/ijon_max/10
[1;94m[*] [0mFuzzing test case #600 (1016 total, 0 uniq crashes found)...[0m
scheduled max input!!!!
schedule: 14 level26_3/ijon_max/14
[1;94m[*] [0mFuzzing test case #601 (1016 total, 0 uniq crashes found)...[0m
scheduled max input!!!!
schedule: 14 level26_3/ijon_max/14
[1;94m[*] [0mFuzzing test case #602 (1016 total, 0 uniq crashes found)...[0m
[1;94m[*] [0mFuzzing test case #603 (1016 total, 0 uniq crashes found)...[0m
scheduled max input!!!!
schedule: 2 level26_3/ijon_max/2
[1;94m[*] [0mFuzzing test case #604 (1016 total, 0 uniq crashes found)...[0m
[1;94m[*] [0mFuzzing test case #605 (1016 total, 0 uniq crashes found)...[0m
scheduled max input!!!!
schedule: 4 level26_3/ijon_max/4
[1;94m[*] [0mFuzzing test case #606 (1016 total, 0 uniq crashes found)...[0m
scheduled max input!!!!
schedule: 12 level26_3/ijon_max/12
[1;94m[*] [0mFuzzing test case #607 (1016 total, 0 uniq crashes found)...[0m
scheduled max input!!!!
schedule: 13 level26_3/ijon_max/13
[1;94m[*] [0mFuzzing test case #608 (1016 total, 0 uniq crashes found)...[0m
scheduled max input!!!!
schedule: 0 level26_3/ijon_max/0
[1;94m[*] [0mFuzzing test case #609 (1016 total, 0 uniq crashes found)...[0m
[1;94m[*] [0mFuzzing test case #610 (1016 total, 0 uniq crashes found)...[0m
scheduled max input!!!!
schedule: 6 level26_3/ijon_max/6
[1;94m[*] [0mFuzzing test case #611 (1016 total, 0 uniq crashes found)...[0m
scheduled max input!!!!
schedule: 8 level26_3/ijon_max/8
[1;94m[*] [0mFuzzing test case #612 (1016 total, 0 uniq crashes found)...[0m
scheduled max input!!!!
schedule: 4 level26_3/ijon_max/4
[1;94m[*] [0mFuzzing test case #613 (1016 total, 0 uniq crashes found)...[0m
scheduled max input!!!!
schedule: 12 level26_3/ijon_max/12
[1;94m[*] [0mFuzzing test case #614 (1016 total, 0 uniq crashes found)...[0m
scheduled max input!!!!
schedule: 0 level26_3/ijon_max/0
[1;94m[*] [0mFuzzing test case #615 (1016 total, 0 uniq crashes found)...[0m
scheduled max input!!!!
schedule: 7 level26_3/ijon_max/7
updated maxmap 5: 410 (len: 522)
updated maxmap 6: 40d (len: 522)
updated maxmap 7: 407 (len: 522)
minimized maxmap 7: 407 (len: 519)
[1;94m[*] [0mFuzzing test case #616 (1017 total, 0 uniq crashes found)...[0m
scheduled max input!!!!
schedule: 10 level26_3/ijon_max/10
[1;94m[*] [0mFuzzing test case #617 (1017 total, 0 uniq crashes found)...[0m
scheduled max input!!!!
schedule: 11 level26_3/ijon_max/11
[1;94m[*] [0mFuzzing test case #618 (1017 total, 0 uniq crashes found)...[0m
scheduled max input!!!!
schedule: 4 level26_3/ijon_max/4
[1;94m[*] [0mFuzzing test case #619 (1017 total, 0 uniq crashes found)...[0m
scheduled max input!!!!
schedule: 9 level26_3/ijon_max/9
[1;94m[*] [0mFuzzing test case #620 (1017 total, 0 uniq crashes found)...[0m
scheduled max input!!!!
schedule: 8 level26_3/ijon_max/8
[1;94m[*] [0mFuzzing test case #621 (1017 total, 0 uniq crashes found)...[0m
scheduled max input!!!!
schedule: 0 level26_3/ijon_max/0
[1;94m[*] [0mFuzzing test case #622 (1017 total, 0 uniq crashes found)...[0m
scheduled max input!!!!
schedule: 14 level26_3/ijon_max/14
[1;94m[*] [0mFuzzing test case #623 (1017 total, 0 uniq crashes found)...[0m
scheduled max input!!!!
schedule: 2 level26_3/ijon_max/2
[1;94m[*] [0mFuzzing test case #624 (1017 total, 0 uniq crashes found)...[0m
scheduled max input!!!!
schedule: 14 level26_3/ijon_max/14
[1;94m[*] [0mFuzzing test case #625 (1017 total, 0 uniq crashes found)...[0m
scheduled max input!!!!
schedule: 3 level26_3/ijon_max/3
[1;94m[*] [0mFuzzing test case #626 (1017 total, 0 uniq crashes found)...[0m
scheduled max input!!!!
schedule: 13 level26_3/ijon_max/13
[1;94m[*] [0mFuzzing test case #627 (1017 total, 0 uniq crashes found)...[0m
[1;94m[*] [0mFuzzing test case #628 (1017 total, 0 uniq crashes found)...[0m
scheduled max input!!!!
schedule: 4 level26_3/ijon_max/4
[1;94m[*] [0mFuzzing test case #629 (1017 total, 0 uniq crashes found)...[0m
scheduled max input!!!!
schedule: 4 level26_3/ijon_max/4
[1;94m[*] [0mFuzzing test case #630 (1017 total, 0 uniq crashes found)...[0m
scheduled max input!!!!
schedule: 4 level26_3/ijon_max/4
[1;94m[*] [0mFuzzing test case #631 (1017 total, 0 uniq crashes found)...[0m
scheduled max input!!!!
schedule: 6 level26_3/ijon_max/6
updated maxmap 6: 40e (len: 522)
[1;94m[*] [0mFuzzing test case #632 (1017 total, 0 uniq crashes found)...[0m
[1;94m[*] [0mFuzzing test case #633 (1017 total, 0 uniq crashes found)...[0m
[1;94m[*] [0mFuzzing test case #634 (1017 total, 0 uniq crashes found)...[0m
[1;94m[*] [0mFuzzing test case #635 (1017 total, 0 uniq crashes found)...[0m
scheduled max input!!!!
schedule: 0 level26_3/ijon_max/0
[1;94m[*] [0mFuzzing test case #636 (1017 total, 0 uniq crashes found)...[0m
scheduled max input!!!!
schedule: 14 level26_3/ijon_max/14
[1;94m[*] [0mFuzzing test case #637 (1017 total, 0 uniq crashes found)...[0m
[1;94m[*] [0mFuzzing test case #638 (1017 total, 0 uniq crashes found)...[0m
scheduled max input!!!!
schedule: 13 level26_3/ijon_max/13
[1;94m[*] [0mFuzzing test case #639 (1017 total, 0 uniq crashes found)...[0m
scheduled max input!!!!
schedule: 3 level26_3/ijon_max/3
[1;94m[*] [0mFuzzing test case #640 (1017 total, 0 uniq crashes found)...[0m
scheduled max input!!!!
schedule: 7 level26_3/ijon_max/7
[1;94m[*] [0mFuzzing test case #641 (1017 total, 0 uniq crashes found)...[0m
scheduled max input!!!!
schedule: 15 level26_3/ijon_max/15
[1;94m[*] [0mFuzzing test case #642 (1017 total, 0 uniq crashes found)...[0m
scheduled max input!!!!
schedule: 2 level26_3/ijon_max/2
[1;94m[*] [0mFuzzing test case #643 (1017 total, 0 uniq crashes found)...[0m
scheduled max input!!!!
schedule: 7 level26_3/ijon_max/7
[1;94m[*] [0mFuzzing test case #644 (1017 total, 0 uniq crashes found)...[0m
[1;94m[*] [0mFuzzing test case #645 (1017 total, 0 uniq crashes found)...[0m
[1;94m[*] [0mFuzzing test case #646 (1017 total, 0 uniq crashes found)...[0m
scheduled max input!!!!
schedule: 14 level26_3/ijon_max/14
[1;94m[*] [0mFuzzing test case #647 (1017 total, 0 uniq crashes found)...[0m
scheduled max input!!!!
schedule: 4 level26_3/ijon_max/4
[1;94m[*] [0mFuzzing test case #648 (1017 total, 0 uniq crashes found)...[0m
[1;94m[*] [0mFuzzing test case #649 (1017 total, 0 uniq crashes found)...[0m
scheduled max input!!!!
schedule: 11 level26_3/ijon_max/11
[1;94m[*] [0mFuzzing test case #650 (1017 total, 0 uniq crashes found)...[0m
scheduled max input!!!!
schedule: 0 level26_3/ijon_max/0
[1;94m[*] [0mFuzzing test case #651 (1017 total, 0 uniq crashes found)...[0m
scheduled max input!!!!
schedule: 13 level26_3/ijon_max/13
[1;94m[*] [0mFuzzing test case #652 (1017 total, 0 uniq crashes found)...[0m
scheduled max input!!!!
schedule: 4 level26_3/ijon_max/4
[1;94m[*] [0mFuzzing test case #653 (1017 total, 0 uniq crashes found)...[0m
scheduled max input!!!!
schedule: 14 level26_3/ijon_max/14
[1;94m[*] [0mFuzzing test case #654 (1017 total, 0 uniq crashes found)...[0m
scheduled max input!!!!
schedule: 11 level26_3/ijon_max/11
[1;94m[*] [0mFuzzing test case #655 (1017 total, 0 uniq crashes found)...[0m
[1;94m[*] [0mFuzzing test case #656 (1017 total, 0 uniq crashes found)...[0m
[1;94m[*] [0mFuzzing test case #657 (1017 total, 0 uniq crashes found)...[0m
scheduled max input!!!!
schedule: 15 level26_3/ijon_max/15
[1;94m[*] [0mFuzzing test case #658 (1017 total, 0 uniq crashes found)...[0m
scheduled max input!!!!
schedule: 14 level26_3/ijon_max/14
[1;94m[*] [0mFuzzing test case #659 (1017 total, 0 uniq crashes found)...[0m
scheduled max input!!!!
schedule: 9 level26_3/ijon_max/9
[1;94m[*] [0mFuzzing test case #660 (1017 total, 0 uniq crashes found)...[0m
scheduled max input!!!!
schedule: 15 level26_3/ijon_max/15
[1;94m[*] [0mFuzzing test case #661 (1017 total, 0 uniq crashes found)...[0m
scheduled max input!!!!
schedule: 4 level26_3/ijon_max/4
[1;94m[*] [0mFuzzing test case #662 (1017 total, 0 uniq crashes found)...[0m
scheduled max input!!!!
schedule: 14 level26_3/ijon_max/14
[1;94m[*] [0mFuzzing test case #663 (1017 total, 0 uniq crashes found)...[0m
scheduled max input!!!!
schedule: 6 level26_3/ijon_max/6
[1;94m[*] [0mFuzzing test case #664 (1017 total, 0 uniq crashes found)...[0m
scheduled max input!!!!
schedule: 2 level26_3/ijon_max/2
[1;94m[*] [0mFuzzing test case #665 (1017 total, 0 uniq crashes found)...[0m
[1;94m[*] [0mFuzzing test case #666 (1017 total, 0 uniq crashes found)...[0m
scheduled max input!!!!
schedule: 13 level26_3/ijon_max/13
[1;94m[*] [0mFuzzing test case #667 (1017 total, 0 uniq crashes found)...[0m
scheduled max input!!!!
schedule: 15 level26_3/ijon_max/15
[1;94m[*] [0mFuzzing test case #668 (1017 total, 0 uniq crashes found)...[0m
scheduled max input!!!!
schedule: 9 level26_3/ijon_max/9
[1;94m[*] [0mFuzzing test case #669 (1017 total, 0 uniq crashes found)...[0m
[1;94m[*] [0mFuzzing test case #670 (1017 total, 0 uniq crashes found)...[0m
scheduled max input!!!!
schedule: 12 level26_3/ijon_max/12
[1;94m[*] [0mFuzzing test case #671 (1017 total, 0 uniq crashes found)...[0m
scheduled max input!!!!
schedule: 6 level26_3/ijon_max/6
[1;94m[*] [0mFuzzing test case #672 (1018 total, 0 uniq crashes found)...[0m
scheduled max input!!!!
schedule: 3 level26_3/ijon_max/3
[1;94m[*] [0mFuzzing test case #673 (1018 total, 0 uniq crashes found)...[0m
scheduled max input!!!!
schedule: 2 level26_3/ijon_max/2
[1;94m[*] [0mFuzzing test case #674 (1018 total, 0 uniq crashes found)...[0m
scheduled max input!!!!
schedule: 11 level26_3/ijon_max/11
[1;94m[*] [0mFuzzing test case #675 (1018 total, 0 uniq crashes found)...[0m
scheduled max input!!!!
schedule: 4 level26_3/ijon_max/4
[1;94m[*] [0mFuzzing test case #676 (1019 total, 0 uniq crashes found)...[0m
[1;94m[*] [0mFuzzing test case #677 (1019 total, 0 uniq crashes found)...[0m
scheduled max input!!!!
schedule: 7 level26_3/ijon_max/7
[1;94m[*] [0mFuzzing test case #678 (1019 total, 0 uniq crashes found)...[0m
scheduled max input!!!!
schedule: 9 level26_3/ijon_max/9
[1;94m[*] [0mFuzzing test case #679 (1019 total, 0 uniq crashes found)...[0m
[1;94m[*] [0mFuzzing test case #680 (1019 total, 0 uniq crashes found)...[0m
scheduled max input!!!!
schedule: 2 level26_3/ijon_max/2
[1;94m[*] [0mFuzzing test case #681 (1019 total, 0 uniq crashes found)...[0m
scheduled max input!!!!
schedule: 3 level26_3/ijon_max/3
[1;94m[*] [0mFuzzing test case #682 (1019 total, 0 uniq crashes found)...[0m
scheduled max input!!!!
schedule: 7 level26_3/ijon_max/7
[1;94m[*] [0mFuzzing test case #683 (1019 total, 0 uniq crashes found)...[0m
[1;94m[*] [0mFuzzing test case #684 (1019 total, 0 uniq crashes found)...[0m
scheduled max input!!!!
schedule: 3 level26_3/ijon_max/3
[1;94m[*] [0mFuzzing test case #685 (1019 total, 0 uniq crashes found)...[0m
[1;94m[*] [0mFuzzing test case #686 (1019 total, 0 uniq crashes found)...[0m
scheduled max input!!!!
schedule: 9 level26_3/ijon_max/9
[1;94m[*] [0mFuzzing test case #687 (1019 total, 0 uniq crashes found)...[0m
[1;94m[*] [0mFuzzing test case #688 (1019 total, 0 uniq crashes found)...[0m
scheduled max input!!!!
schedule: 12 level26_3/ijon_max/12
[1;94m[*] [0mFuzzing test case #689 (1019 total, 0 uniq crashes found)...[0m
scheduled max input!!!!
schedule: 9 level26_3/ijon_max/9
[1;94m[*] [0mFuzzing test case #690 (1019 total, 0 uniq crashes found)...[0m
[1;94m[*] [0mFuzzing test case #691 (1019 total, 0 uniq crashes found)...[0m
scheduled max input!!!!
schedule: 11 level26_3/ijon_max/11
[1;94m[*] [0mFuzzing test case #692 (1019 total, 0 uniq crashes found)...[0m
scheduled max input!!!!
schedule: 9 level26_3/ijon_max/9
[1;94m[*] [0mFuzzing test case #693 (1019 total, 0 uniq crashes found)...[0m
scheduled max input!!!!
schedule: 12 level26_3/ijon_max/12
[1;94m[*] [0mFuzzing test case #694 (1019 total, 0 uniq crashes found)...[0m
[1;94m[*] [0mFuzzing test case #695 (1019 total, 0 uniq crashes found)...[0m
scheduled max input!!!!
schedule: 14 level26_3/ijon_max/14
[1;94m[*] [0mFuzzing test case #696 (1019 total, 0 uniq crashes found)...[0m
scheduled max input!!!!
schedule: 11 level26_3/ijon_max/11
[1;94m[*] [0mFuzzing test case #697 (1019 total, 0 uniq crashes found)...[0m
scheduled max input!!!!
schedule: 5 level26_3/ijon_max/5
updated maxmap 5: 411 (len: 522)
[1;94m[*] [0mFuzzing test case #698 (1019 total, 0 uniq crashes found)...[0m
scheduled max input!!!!
schedule: 0 level26_3/ijon_max/0
[1;94m[*] [0mFuzzing test case #699 (1019 total, 0 uniq crashes found)...[0m
scheduled max input!!!!
schedule: 6 level26_3/ijon_max/6
[1;94m[*] [0mFuzzing test case #700 (1019 total, 0 uniq crashes found)...[0m
scheduled max input!!!!
schedule: 4 level26_3/ijon_max/4
[1;94m[*] [0mFuzzing test case #701 (1020 total, 0 uniq crashes found)...[0m
scheduled max input!!!!
schedule: 5 level26_3/ijon_max/5
updated maxmap 5: 417 (len: 525)
[1;94m[*] [0mFuzzing test case #702 (1021 total, 0 uniq crashes found)...[0m
scheduled max input!!!!
schedule: 8 level26_3/ijon_max/8
[1;94m[*] [0mFuzzing test case #703 (1021 total, 0 uniq crashes found)...[0m
scheduled max input!!!!
schedule: 13 level26_3/ijon_max/13
[1;94m[*] [0mFuzzing test case #704 (1021 total, 0 uniq crashes found)...[0m
scheduled max input!!!!
schedule: 13 level26_3/ijon_max/13
[1;94m[*] [0mFuzzing test case #705 (1021 total, 0 uniq crashes found)...[0m
[1;94m[*] [0mFuzzing test case #706 (1021 total, 0 uniq crashes found)...[0m
[1;94m[*] [0mFuzzing test case #707 (1021 total, 0 uniq crashes found)...[0m
scheduled max input!!!!
schedule: 2 level26_3/ijon_max/2
[1;94m[*] [0mFuzzing test case #708 (1021 total, 0 uniq crashes found)...[0m
scheduled max input!!!!
schedule: 12 level26_3/ijon_max/12
[1;94m[*] [0mFuzzing test case #709 (1021 total, 0 uniq crashes found)...[0m
scheduled max input!!!!
schedule: 11 level26_3/ijon_max/11
[1;94m[*] [0mFuzzing test case #710 (1021 total, 0 uniq crashes found)...[0m
scheduled max input!!!!
schedule: 2 level26_3/ijon_max/2
[1;94m[*] [0mFuzzing test case #711 (1021 total, 0 uniq crashes found)...[0m
scheduled max input!!!!
schedule: 0 level26_3/ijon_max/0
[1;94m[*] [0mFuzzing test case #712 (1021 total, 0 uniq crashes found)...[0m
scheduled max input!!!!
schedule: 12 level26_3/ijon_max/12
[1;94m[*] [0mFuzzing test case #713 (1021 total, 0 uniq crashes found)...[0m
scheduled max input!!!!
schedule: 4 level26_3/ijon_max/4
[1;94m[*] [0mFuzzing test case #714 (1021 total, 0 uniq crashes found)...[0m
scheduled max input!!!!
schedule: 3 level26_3/ijon_max/3
[1;94m[*] [0mFuzzing test case #715 (1021 total, 0 uniq crashes found)...[0m
scheduled max input!!!!
schedule: 3 level26_3/ijon_max/3
[1;94m[*] [0mFuzzing test case #716 (1021 total, 0 uniq crashes found)...[0m
scheduled max input!!!!
schedule: 8 level26_3/ijon_max/8
[1;94m[*] [0mFuzzing test case #717 (1021 total, 0 uniq crashes found)...[0m
scheduled max input!!!!
schedule: 15 level26_3/ijon_max/15
[1;94m[*] [0mFuzzing test case #718 (1021 total, 0 uniq crashes found)...[0m
scheduled max input!!!!
schedule: 2 level26_3/ijon_max/2
[1;94m[*] [0mFuzzing test case #719 (1021 total, 0 uniq crashes found)...[0m
scheduled max input!!!!
schedule: 12 level26_3/ijon_max/12
[1;94m[*] [0mFuzzing test case #720 (1021 total, 0 uniq crashes found)...[0m
scheduled max input!!!!
schedule: 6 level26_3/ijon_max/6
updated maxmap 6: 413 (len: 525)
updated maxmap 7: 40c (len: 525)
updated maxmap 7: 40d (len: 522)
[1;94m[*] [0mFuzzing test case #721 (1021 total, 0 uniq crashes found)...[0m
scheduled max input!!!!
schedule: 0 level26_3/ijon_max/0
[1;94m[*] [0mFuzzing test case #722 (1021 total, 0 uniq crashes found)...[0m
scheduled max input!!!!
schedule: 9 level26_3/ijon_max/9
[1;94m[*] [0mFuzzing test case #723 (1021 total, 0 uniq crashes found)...[0m
scheduled max input!!!!
schedule: 4 level26_3/ijon_max/4
[1;94m[*] [0mFuzzing test case #724 (1021 total, 0 uniq crashes found)...[0m
scheduled max input!!!!
schedule: 12 level26_3/ijon_max/12
[1;94m[*] [0mFuzzing test case #725 (1021 total, 0 uniq crashes found)...[0m
scheduled max input!!!!
schedule: 0 level26_3/ijon_max/0
[1;94m[*] [0mFuzzing test case #726 (1021 total, 0 uniq crashes found)...[0m
scheduled max input!!!!
schedule: 3 level26_3/ijon_max/3
[1;94m[*] [0mFuzzing test case #727 (1021 total, 0 uniq crashes found)...[0m
[1;94m[*] [0mFuzzing test case #728 (1021 total, 0 uniq crashes found)...[0m
[1;94m[*] [0mFuzzing test case #729 (1021 total, 0 uniq crashes found)...[0m
[1;94m[*] [0mFuzzing test case #730 (1021 total, 0 uniq crashes found)...[0m
[1;94m[*] [0mFuzzing test case #731 (1021 total, 0 uniq crashes found)...[0m
scheduled max input!!!!
schedule: 15 level26_3/ijon_max/15
[1;94m[*] [0mFuzzing test case #732 (1021 total, 0 uniq crashes found)...[0m
scheduled max input!!!!
schedule: 8 level26_3/ijon_max/8
[1;94m[*] [0mFuzzing test case #733 (1021 total, 0 uniq crashes found)...[0m
scheduled max input!!!!
schedule: 15 level26_3/ijon_max/15
[1;94m[*] [0mFuzzing test case #734 (1021 total, 0 uniq crashes found)...[0m
scheduled max input!!!!
schedule: 11 level26_3/ijon_max/11
[1;94m[*] [0mFuzzing test case #735 (1021 total, 0 uniq crashes found)...[0m
[1;94m[*] [0mFuzzing test case #736 (1021 total, 0 uniq crashes found)...[0m
[1;94m[*] [0mFuzzing test case #737 (1021 total, 0 uniq crashes found)...[0m
scheduled max input!!!!
schedule: 2 level26_3/ijon_max/2
[1;94m[*] [0mFuzzing test case #738 (1021 total, 0 uniq crashes found)...[0m
scheduled max input!!!!
schedule: 2 level26_3/ijon_max/2
[1;94m[*] [0mFuzzing test case #739 (1021 total, 0 uniq crashes found)...[0m
[1;94m[*] [0mFuzzing test case #740 (1021 total, 0 uniq crashes found)...[0m
scheduled max input!!!!
schedule: 15 level26_3/ijon_max/15
[1;94m[*] [0mFuzzing test case #741 (1021 total, 0 uniq crashes found)...[0m
[1;94m[*] [0mFuzzing test case #742 (1021 total, 0 uniq crashes found)...[0m
scheduled max input!!!!
schedule: 0 level26_3/ijon_max/0
[1;94m[*] [0mFuzzing test case #743 (1021 total, 0 uniq crashes found)...[0m
scheduled max input!!!!
schedule: 15 level26_3/ijon_max/15
[1;94m[*] [0mFuzzing test case #744 (1021 total, 0 uniq crashes found)...[0m
scheduled max input!!!!
schedule: 12 level26_3/ijon_max/12
[1;94m[*] [0mFuzzing test case #745 (1021 total, 0 uniq crashes found)...[0m
scheduled max input!!!!
schedule: 0 level26_3/ijon_max/0
[1;94m[*] [0mFuzzing test case #746 (1021 total, 0 uniq crashes found)...[0m
[1;94m[*] [0mFuzzing test case #747 (1021 total, 0 uniq crashes found)...[0m
scheduled max input!!!!
schedule: 5 level26_3/ijon_max/5
[1;94m[*] [0mFuzzing test case #748 (1022 total, 0 uniq crashes found)...[0m
[1;94m[*] [0mFuzzing test case #749 (1022 total, 0 uniq crashes found)...[0m
scheduled max input!!!!
schedule: 10 level26_3/ijon_max/10
[1;94m[*] [0mFuzzing test case #750 (1022 total, 0 uniq crashes found)...[0m
scheduled max input!!!!
schedule: 8 level26_3/ijon_max/8
[1;94m[*] [0mFuzzing test case #751 (1023 total, 0 uniq crashes found)...[0m
[1;94m[*] [0mFuzzing test case #752 (1023 total, 0 uniq crashes found)...[0m
[1;94m[*] [0mFuzzing test case #753 (1023 total, 0 uniq crashes found)...[0m
scheduled max input!!!!
schedule: 4 level26_3/ijon_max/4
[1;94m[*] [0mFuzzing test case #754 (1023 total, 0 uniq crashes found)...[0m
scheduled max input!!!!
schedule: 0 level26_3/ijon_max/0
[1;94m[*] [0mFuzzing test case #755 (1023 total, 0 uniq crashes found)...[0m
[1;94m[*] [0mFuzzing test case #756 (1023 total, 0 uniq crashes found)...[0m
scheduled max input!!!!
schedule: 12 level26_3/ijon_max/12
[1;94m[*] [0mFuzzing test case #757 (1023 total, 0 uniq crashes found)...[0m
scheduled max input!!!!
schedule: 8 level26_3/ijon_max/8
[1;94m[*] [0mFuzzing test case #758 (1023 total, 0 uniq crashes found)...[0m
scheduled max input!!!!
schedule: 3 level26_3/ijon_max/3
[1;94m[*] [0mFuzzing test case #759 (1023 total, 0 uniq crashes found)...[0m
scheduled max input!!!!
schedule: 11 level26_3/ijon_max/11
[1;94m[*] [0mFuzzing test case #760 (1023 total, 0 uniq crashes found)...[0m
scheduled max input!!!!
schedule: 10 level26_3/ijon_max/10
[1;94m[*] [0mFuzzing test case #761 (1023 total, 0 uniq crashes found)...[0m
scheduled max input!!!!
schedule: 3 level26_3/ijon_max/3
[1;94m[*] [0mFuzzing test case #762 (1023 total, 0 uniq crashes found)...[0m
scheduled max input!!!!
schedule: 6 level26_3/ijon_max/6
[1;94m[*] [0mFuzzing test case #763 (1023 total, 0 uniq crashes found)...[0m
[1;94m[*] [0mFuzzing test case #764 (1023 total, 0 uniq crashes found)...[0m
scheduled max input!!!!
schedule: 12 level26_3/ijon_max/12
[1;94m[*] [0mFuzzing test case #765 (1023 total, 0 uniq crashes found)...[0m
scheduled max input!!!!
schedule: 7 level26_3/ijon_max/7
[1;94m[*] [0mFuzzing test case #766 (1023 total, 0 uniq crashes found)...[0m
scheduled max input!!!!
schedule: 6 level26_3/ijon_max/6
updated maxmap 6: 417 (len: 532)
updated maxmap 7: 413 (len: 532)
updated maxmap 7: 41b (len: 533)
[1;94m[*] [0mFuzzing test case #767 (1024 total, 0 uniq crashes found)...[0m
[1;94m[*] [0mFuzzing test case #768 (1024 total, 0 uniq crashes found)...[0m
scheduled max input!!!!
schedule: 2 level26_3/ijon_max/2
[1;94m[*] [0mFuzzing test case #769 (1024 total, 0 uniq crashes found)...[0m
scheduled max input!!!!
schedule: 5 level26_3/ijon_max/5
[1;94m[*] [0mFuzzing test case #770 (1024 total, 0 uniq crashes found)...[0m
scheduled max input!!!!
schedule: 9 level26_3/ijon_max/9
[1;94m[*] [0mFuzzing test case #771 (1024 total, 0 uniq crashes found)...[0m
scheduled max input!!!!
schedule: 9 level26_3/ijon_max/9
[1;94m[*] [0mFuzzing test case #772 (1024 total, 0 uniq crashes found)...[0m
scheduled max input!!!!
schedule: 3 level26_3/ijon_max/3
[1;94m[*] [0mFuzzing test case #773 (1024 total, 0 uniq crashes found)...[0m
[1;94m[*] [0mFuzzing test case #774 (1024 total, 0 uniq crashes found)...[0m
scheduled max input!!!!
schedule: 8 level26_3/ijon_max/8
[1;94m[*] [0mFuzzing test case #775 (1024 total, 0 uniq crashes found)...[0m
scheduled max input!!!!
schedule: 5 level26_3/ijon_max/5
updated maxmap 5: 41c (len: 533)
[1;94m[*] [0mFuzzing test case #776 (1024 total, 0 uniq crashes found)...[0m
[1;94m[*] [0mFuzzing test case #777 (1024 total, 0 uniq crashes found)...[0m
scheduled max input!!!!
schedule: 5 level26_3/ijon_max/5
[1;94m[*] [0mFuzzing test case #778 (1024 total, 0 uniq crashes found)...[0m
scheduled max input!!!!
schedule: 3 level26_3/ijon_max/3
[1;94m[*] [0mFuzzing test case #779 (1024 total, 0 uniq crashes found)...[0m
scheduled max input!!!!
schedule: 15 level26_3/ijon_max/15
[1;94m[*] [0mFuzzing test case #780 (1024 total, 0 uniq crashes found)...[0m
scheduled max input!!!!
schedule: 13 level26_3/ijon_max/13
[1;94m[*] [0mFuzzing test case #781 (1024 total, 0 uniq crashes found)...[0m
[1;94m[*] [0mFuzzing test case #782 (1024 total, 0 uniq crashes found)...[0m
[1;94m[*] [0mFuzzing test case #783 (1024 total, 0 uniq crashes found)...[0m
scheduled max input!!!!
schedule: 8 level26_3/ijon_max/8
[1;94m[*] [0mFuzzing test case #784 (1025 total, 0 uniq crashes found)...[0m
scheduled max input!!!!
schedule: 0 level26_3/ijon_max/0
[1;94m[*] [0mFuzzing test case #785 (1025 total, 0 uniq crashes found)...[0m
scheduled max input!!!!
schedule: 12 level26_3/ijon_max/12
[1;94m[*] [0mFuzzing test case #786 (1025 total, 0 uniq crashes found)...[0m
scheduled max input!!!!
schedule: 11 level26_3/ijon_max/11
[1;94m[*] [0mFuzzing test case #787 (1025 total, 0 uniq crashes found)...[0m
scheduled max input!!!!
schedule: 14 level26_3/ijon_max/14
[1;94m[*] [0mFuzzing test case #788 (1025 total, 0 uniq crashes found)...[0m
scheduled max input!!!!
schedule: 3 level26_3/ijon_max/3
[1;94m[*] [0mFuzzing test case #789 (1025 total, 0 uniq crashes found)...[0m
scheduled max input!!!!
schedule: 15 level26_3/ijon_max/15
[1;94m[*] [0mFuzzing test case #790 (1025 total, 0 uniq crashes found)...[0m
scheduled max input!!!!
schedule: 14 level26_3/ijon_max/14
[1;94m[*] [0mFuzzing test case #791 (1025 total, 0 uniq crashes found)...[0m
scheduled max input!!!!
schedule: 5 level26_3/ijon_max/5
[1;94m[*] [0mFuzzing test case #792 (1025 total, 0 uniq crashes found)...[0m
scheduled normal input!!!!
[1;94m[*] [0mFuzzing test case #793 (1025 total, 0 uniq crashes found)...[0m
scheduled max input!!!!
schedule: 10 level26_3/ijon_max/10
[1;94m[*] [0mFuzzing test case #794 (1025 total, 0 uniq crashes found)...[0m
scheduled max input!!!!
schedule: 9 level26_3/ijon_max/9
[1;94m[*] [0mFuzzing test case #795 (1025 total, 0 uniq crashes found)...[0m
scheduled max input!!!!
schedule: 6 level26_3/ijon_max/6
[1;94m[*] [0mFuzzing test case #796 (1025 total, 0 uniq crashes found)...[0m
scheduled max input!!!!
schedule: 13 level26_3/ijon_max/13
[1;94m[*] [0mFuzzing test case #797 (1025 total, 0 uniq crashes found)...[0m
scheduled max input!!!!
schedule: 7 level26_3/ijon_max/7
updated maxmap 5: 420 (len: 533)
updated maxmap 6: 419 (len: 533)
[1;94m[*] [0mFuzzing test case #798 (1025 total, 0 uniq crashes found)...[0m
scheduled max input!!!!
schedule: 14 level26_3/ijon_max/14
[1;94m[*] [0mFuzzing test case #799 (1025 total, 0 uniq crashes found)...[0m
scheduled max input!!!!
schedule: 5 level26_3/ijon_max/5
updated maxmap 7: 41f (len: 533)
updated maxmap 6: 41a (len: 533)
updated maxmap 5: 421 (len: 533)
updated maxmap 5: 422 (len: 533)
updated maxmap 6: 41c (len: 533)
updated maxmap 4: 3f1 (len: 533)
updated maxmap 5: 423 (len: 533)
updated maxmap 6: 41d (len: 533)
[1;94m[*] [0mFuzzing test case #800 (1025 total, 0 uniq crashes found)...[0m
scheduled max input!!!!
schedule: 0 level26_3/ijon_max/0
[1;94m[*] [0mFuzzing test case #801 (1025 total, 0 uniq crashes found)...[0m
scheduled max input!!!!
schedule: 4 level26_3/ijon_max/4
updated maxmap 4: 3f2 (len: 534)
updated maxmap 6: 41e (len: 534)
minimized maxmap 4: 3f2 (len: 533)
minimized maxmap 6: 41e (len: 533)
[1;94m[*] [0mFuzzing test case #802 (1025 total, 0 uniq crashes found)...[0m
scheduled max input!!!!
schedule: 3 level26_3/ijon_max/3
[1;94m[*] [0mFuzzing test case #803 (1025 total, 0 uniq crashes found)...[0m
scheduled max input!!!!
schedule: 12 level26_3/ijon_max/12
[1;94m[*] [0mFuzzing test case #804 (1025 total, 0 uniq crashes found)...[0m
scheduled max input!!!!
schedule: 14 level26_3/ijon_max/14
[1;94m[*] [0mFuzzing test case #805 (1025 total, 0 uniq crashes found)...[0m
scheduled max input!!!!
schedule: 13 level26_3/ijon_max/13
[1;94m[*] [0mFuzzing test case #806 (1025 total, 0 uniq crashes found)...[0m
scheduled max input!!!!
schedule: 10 level26_3/ijon_max/10
[1;94m[*] [0mFuzzing test case #807 (1025 total, 0 uniq crashes found)...[0m
scheduled max input!!!!
schedule: 13 level26_3/ijon_max/13
[1;94m[*] [0mFuzzing test case #808 (1025 total, 0 uniq crashes found)...[0m
scheduled max input!!!!
schedule: 6 level26_3/ijon_max/6
[1;94m[*] [0mFuzzing test case #809 (1025 total, 0 uniq crashes found)...[0m
scheduled max input!!!!
schedule: 2 level26_3/ijon_max/2
[1;94m[*] [0mFuzzing test case #810 (1025 total, 0 uniq crashes found)...[0m
scheduled max input!!!!
schedule: 14 level26_3/ijon_max/14
[1;94m[*] [0mFuzzing test case #811 (1025 total, 0 uniq crashes found)...[0m
scheduled max input!!!!
schedule: 6 level26_3/ijon_max/6
[1;94m[*] [0mFuzzing test case #812 (1025 total, 0 uniq crashes found)...[0m
scheduled max input!!!!
schedule: 9 level26_3/ijon_max/9
[1;94m[*] [0mFuzzing test case #813 (1025 total, 0 uniq crashes found)...[0m
scheduled max input!!!!
schedule: 4 level26_3/ijon_max/4
[1;94m[*] [0mFuzzing test case #814 (1025 total, 0 uniq crashes found)...[0m
scheduled normal input!!!!
[1;94m[*] [0mFuzzing test case #815 (1026 total, 0 uniq crashes found)...[0m
scheduled max input!!!!
schedule: 9 level26_3/ijon_max/9
[1;94m[*] [0mFuzzing test case #816 (1026 total, 0 uniq crashes found)...[0m
scheduled max input!!!!
schedule: 8 level26_3/ijon_max/8
[1;94m[*] [0mFuzzing test case #817 (1026 total, 0 uniq crashes found)...[0m
scheduled max input!!!!
schedule: 11 level26_3/ijon_max/11
[1;94m[*] [0mFuzzing test case #818 (1026 total, 0 uniq crashes found)...[0m
scheduled max input!!!!
schedule: 6 level26_3/ijon_max/6
[1;94m[*] [0mFuzzing test case #819 (1026 total, 0 uniq crashes found)...[0m
scheduled max input!!!!
schedule: 3 level26_3/ijon_max/3
[1;94m[*] [0mFuzzing test case #820 (1026 total, 0 uniq crashes found)...[0m
scheduled max input!!!!
schedule: 4 level26_3/ijon_max/4
[1;94m[*] [0mFuzzing test case #821 (1026 total, 0 uniq crashes found)...[0m
scheduled max input!!!!
schedule: 2 level26_3/ijon_max/2
[1;94m[*] [0mFuzzing test case #822 (1026 total, 0 uniq crashes found)...[0m
[1;94m[*] [0mFuzzing test case #823 (1026 total, 0 uniq crashes found)...[0m
[1;94m[*] [0mFuzzing test case #824 (1026 total, 0 uniq crashes found)...[0m
[1;94m[*] [0mFuzzing test case #825 (1026 total, 0 uniq crashes found)...[0m
[1;94m[*] [0mFuzzing test case #826 (1026 total, 0 uniq crashes found)...[0m
scheduled max input!!!!
schedule: 11 level26_3/ijon_max/11
[1;94m[*] [0mFuzzing test case #827 (1026 total, 0 uniq crashes found)...[0m
scheduled max input!!!!
schedule: 12 level26_3/ijon_max/12
[1;94m[*] [0mFuzzing test case #828 (1026 total, 0 uniq crashes found)...[0m
scheduled max input!!!!
schedule: 5 level26_3/ijon_max/5
[1;94m[*] [0mFuzzing test case #829 (1026 total, 0 uniq crashes found)...[0m
scheduled max input!!!!
schedule: 0 level26_3/ijon_max/0
[1;94m[*] [0mFuzzing test case #830 (1026 total, 0 uniq crashes found)...[0m
scheduled max input!!!!
schedule: 9 level26_3/ijon_max/9
[1;94m[*] [0mFuzzing test case #831 (1026 total, 0 uniq crashes found)...[0m
[1;94m[*] [0mFuzzing test case #832 (1026 total, 0 uniq crashes found)...[0m
scheduled max input!!!!
schedule: 11 level26_3/ijon_max/11
[1;94m[*] [0mFuzzing test case #833 (1026 total, 0 uniq crashes found)...[0m
[1;94m[*] [0mFuzzing test case #834 (1026 total, 0 uniq crashes found)...[0m
scheduled max input!!!!
schedule: 11 level26_3/ijon_max/11
[1;94m[*] [0mFuzzing test case #835 (1026 total, 0 uniq crashes found)...[0m
scheduled max input!!!!
schedule: 11 level26_3/ijon_max/11
[1;94m[*] [0mFuzzing test case #836 (1026 total, 0 uniq crashes found)...[0m
scheduled max input!!!!
schedule: 4 level26_3/ijon_max/4
updated maxmap 4: 3f4 (len: 535)
updated maxmap 6: 41f (len: 535)
minimized maxmap 4: 3f4 (len: 533)
minimized maxmap 6: 41f (len: 533)
[1;94m[*] [0mFuzzing test case #837 (1026 total, 0 uniq crashes found)...[0m
scheduled max input!!!!
schedule: 14 level26_3/ijon_max/14
[1;94m[*] [0mFuzzing test case #838 (1026 total, 0 uniq crashes found)...[0m
scheduled max input!!!!
schedule: 12 level26_3/ijon_max/12
[1;94m[*] [0mFuzzing test case #839 (1026 total, 0 uniq crashes found)...[0m
scheduled max input!!!!
schedule: 7 level26_3/ijon_max/7
updated maxmap 7: 420 (len: 533)
[1;94m[*] [0mFuzzing test case #840 (1026 total, 0 uniq crashes found)...[0m
scheduled max input!!!!
schedule: 9 level26_3/ijon_max/9
[1;94m[*] [0mFuzzing test case #841 (1026 total, 0 uniq crashes found)...[0m
[1;94m[*] [0mFuzzing test case #842 (1026 total, 0 uniq crashes found)...[0m
scheduled max input!!!!
schedule: 12 level26_3/ijon_max/12
[1;94m[*] [0mFuzzing test case #843 (1026 total, 0 uniq crashes found)...[0m
scheduled max input!!!!
schedule: 5 level26_3/ijon_max/5
[1;94m[*] [0mFuzzing test case #844 (1026 total, 0 uniq crashes found)...[0m
[1;94m[*] [0mFuzzing test case #845 (1026 total, 0 uniq crashes found)...[0m
scheduled max input!!!!
schedule: 8 level26_3/ijon_max/8
[1;94m[*] [0mFuzzing test case #846 (1026 total, 0 uniq crashes found)...[0m
scheduled normal input!!!!
[1;94m[*] [0mFuzzing test case #847 (1026 total, 0 uniq crashes found)...[0m
scheduled max input!!!!
schedule: 6 level26_3/ijon_max/6
updated maxmap 6: 420 (len: 533)
[1;94m[*] [0mFuzzing test case #848 (1026 total, 0 uniq crashes found)...[0m
[1;94m[*] [0mFuzzing test case #849 (1026 total, 0 uniq crashes found)...[0m
scheduled max input!!!!
schedule: 11 level26_3/ijon_max/11
[1;94m[*] [0mFuzzing test case #850 (1026 total, 0 uniq crashes found)...[0m
scheduled max input!!!!
schedule: 3 level26_3/ijon_max/3
[1;94m[*] [0mFuzzing test case #851 (1026 total, 0 uniq crashes found)...[0m
scheduled max input!!!!
schedule: 13 level26_3/ijon_max/13
[1;94m[*] [0mFuzzing test case #852 (1026 total, 0 uniq crashes found)...[0m
[1;94m[*] [0mFuzzing test case #853 (1026 total, 0 uniq crashes found)...[0m
scheduled max input!!!!
schedule: 3 level26_3/ijon_max/3
[1;94m[*] [0mFuzzing test case #854 (1026 total, 0 uniq crashes found)...[0m
scheduled max input!!!!
schedule: 15 level26_3/ijon_max/15
[1;94m[*] [0mFuzzing test case #855 (1026 total, 0 uniq crashes found)...[0m
[1;94m[*] [0mFuzzing test case #856 (1026 total, 0 uniq crashes found)...[0m
scheduled max input!!!!
schedule: 15 level26_3/ijon_max/15
[1;94m[*] [0mFuzzing test case #857 (1026 total, 0 uniq crashes found)...[0m
[1;94m[*] [0mFuzzing test case #858 (1026 total, 0 uniq crashes found)...[0m
scheduled max input!!!!
schedule: 3 level26_3/ijon_max/3
[1;94m[*] [0mFuzzing test case #859 (1026 total, 0 uniq crashes found)...[0m
[1;94m[*] [0mFuzzing test case #860 (1026 total, 0 uniq crashes found)...[0m
scheduled max input!!!!
schedule: 2 level26_3/ijon_max/2
[1;94m[*] [0mFuzzing test case #861 (1026 total, 0 uniq crashes found)...[0m
scheduled max input!!!!
schedule: 11 level26_3/ijon_max/11
[1;94m[*] [0mFuzzing test case #862 (1026 total, 0 uniq crashes found)...[0m
scheduled max input!!!!
schedule: 5 level26_3/ijon_max/5
updated maxmap 5: 424 (len: 533)
[1;94m[*] [0mFuzzing test case #863 (1026 total, 0 uniq crashes found)...[0m
scheduled max input!!!!
schedule: 4 level26_3/ijon_max/4
updated maxmap 4: 3f5 (len: 533)
updated maxmap 6: 421 (len: 533)
[1;94m[*] [0mFuzzing test case #864 (1026 total, 0 uniq crashes found)...[0m
scheduled max input!!!!
schedule: 2 level26_3/ijon_max/2
[1;94m[*] [0mFuzzing test case #865 (1026 total, 0 uniq crashes found)...[0m
scheduled max input!!!!
schedule: 2 level26_3/ijon_max/2
[1;94m[*] [0mFuzzing test case #866 (1026 total, 0 uniq crashes found)...[0m
scheduled max input!!!!
schedule: 15 level26_3/ijon_max/15
[1;94m[*] [0mFuzzing test case #867 (1026 total, 0 uniq crashes found)...[0m
[1;94m[*] [0mFuzzing test case #868 (1026 total, 0 uniq crashes found)...[0m
scheduled max input!!!!
schedule: 8 level26_3/ijon_max/8
[1;94m[*] [0mFuzzing test case #869 (1026 total, 0 uniq crashes found)...[0m
scheduled max input!!!!
schedule: 5 level26_3/ijon_max/5
[1;94m[*] [0mFuzzing test case #870 (1026 total, 0 uniq crashes found)...[0m
scheduled max input!!!!
schedule: 5 level26_3/ijon_max/5
[1;94m[*] [0mFuzzing test case #871 (1026 total, 0 uniq crashes found)...[0m
scheduled max input!!!!
schedule: 9 level26_3/ijon_max/9
[1;94m[*] [0mFuzzing test case #872 (1026 total, 0 uniq crashes found)...[0m
scheduled max input!!!!
schedule: 15 level26_3/ijon_max/15
[1;94m[*] [0mFuzzing test case #873 (1026 total, 0 uniq crashes found)...[0m
scheduled max input!!!!
schedule: 5 level26_3/ijon_max/5
updated maxmap 4: 407 (len: 540)
updated maxmap 5: 43c (len: 540)
updated maxmap 6: 435 (len: 540)
updated maxmap 7: 42e (len: 540)
updated maxmap 4: 408 (len: 533)
updated maxmap 4: 40c (len: 536)
[1;94m[*] [0mFuzzing test case #874 (1028 total, 0 uniq crashes found)...[0m
[1;94m[*] [0mFuzzing test case #875 (1028 total, 0 uniq crashes found)...[0m
scheduled max input!!!!
schedule: 13 level26_3/ijon_max/13
[1;94m[*] [0mFuzzing test case #876 (1028 total, 0 uniq crashes found)...[0m
scheduled max input!!!!
schedule: 5 level26_3/ijon_max/5
updated maxmap 6: 43e (len: 540)
[1;94m[*] [0mFuzzing test case #877 (1028 total, 0 uniq crashes found)...[0m
scheduled max input!!!!
schedule: 14 level26_3/ijon_max/14
[1;94m[*] [0mFuzzing test case #878 (1028 total, 0 uniq crashes found)...[0m
scheduled max input!!!!
schedule: 6 level26_3/ijon_max/6
updated maxmap 4: 40d (len: 544)
[1;94m[*] [0mFuzzing test case #879 (1028 total, 0 uniq crashes found)...[0m
[1;94m[*] [0mFuzzing test case #880 (1028 total, 0 uniq crashes found)...[0m
scheduled max input!!!!
schedule: 6 level26_3/ijon_max/6
[1;94m[*] [0mFuzzing test case #881 (1028 total, 0 uniq crashes found)...[0m
[1;94m[*] [0mFuzzing test case #882 (1028 total, 0 uniq crashes found)...[0m
scheduled max input!!!!
schedule: 5 level26_3/ijon_max/5
updated maxmap 7: 433 (len: 540)
[1;94m[*] [0mFuzzing test case #883 (1028 total, 0 uniq crashes found)...[0m
[1;94m[*] [0mFuzzing test case #884 (1028 total, 0 uniq crashes found)...[0m
[1;94m[*] [0mFuzzing test case #885 (1028 total, 0 uniq crashes found)...[0m
scheduled max input!!!!
schedule: 7 level26_3/ijon_max/7
updated maxmap 7: 437 (len: 540)
[1;94m[*] [0mFuzzing test case #886 (1028 total, 0 uniq crashes found)...[0m
scheduled max input!!!!
schedule: 14 level26_3/ijon_max/14
[1;94m[*] [0mFuzzing test case #887 (1028 total, 0 uniq crashes found)...[0m
[1;94m[*] [0mFuzzing test case #888 (1028 total, 0 uniq crashes found)...[0m
scheduled max input!!!!
schedule: 11 level26_3/ijon_max/11
[1;94m[*] [0mFuzzing test case #889 (1028 total, 0 uniq crashes found)...[0m
scheduled max input!!!!
schedule: 3 level26_3/ijon_max/3
[1;94m[*] [0mFuzzing test case #890 (1028 total, 0 uniq crashes found)...[0m
scheduled max input!!!!
schedule: 15 level26_3/ijon_max/15
[1;94m[*] [0mFuzzing test case #891 (1028 total, 0 uniq crashes found)...[0m
scheduled max input!!!!
schedule: 14 level26_3/ijon_max/14
[1;94m[*] [0mFuzzing test case #892 (1028 total, 0 uniq crashes found)...[0m
scheduled max input!!!!
schedule: 9 level26_3/ijon_max/9
[1;94m[*] [0mFuzzing test case #893 (1028 total, 0 uniq crashes found)...[0m
scheduled max input!!!!
schedule: 2 level26_3/ijon_max/2
[1;94m[*] [0mFuzzing test case #894 (1028 total, 0 uniq crashes found)...[0m
scheduled max input!!!!
schedule: 2 level26_3/ijon_max/2
[1;94m[*] [0mFuzzing test case #895 (1028 total, 0 uniq crashes found)...[0m
scheduled max input!!!!
schedule: 4 level26_3/ijon_max/4
updated maxmap 4: 40e (len: 544)
[1;94m[*] [0mFuzzing test case #896 (1028 total, 0 uniq crashes found)...[0m
scheduled max input!!!!
schedule: 7 level26_3/ijon_max/7
[1;94m[*] [0mFuzzing test case #897 (1028 total, 0 uniq crashes found)...[0m
scheduled max input!!!!
schedule: 10 level26_3/ijon_max/10
[1;94m[*] [0mFuzzing test case #898 (1028 total, 0 uniq crashes found)...[0m
scheduled max input!!!!
schedule: 5 level26_3/ijon_max/5
[1;94m[*] [0mFuzzing test case #899 (1028 total, 0 uniq crashes found)...[0m
scheduled max input!!!!
schedule: 8 level26_3/ijon_max/8
[1;94m[*] [0mFuzzing test case #900 (1028 total, 0 uniq crashes found)...[0m
scheduled max input!!!!
schedule: 6 level26_3/ijon_max/6
[1;94m[*] [0mFuzzing test case #901 (1028 total, 0 uniq crashes found)...[0m
scheduled max input!!!!
schedule: 6 level26_3/ijon_max/6
[1;94m[*] [0mFuzzing test case #902 (1028 total, 0 uniq crashes found)...[0m
scheduled max input!!!!
schedule: 7 level26_3/ijon_max/7
updated maxmap 7: 44c (len: 548)
[1;94m[*] [0mFuzzing test case #903 (1029 total, 0 uniq crashes found)...[0m
[1;94m[*] [0mFuzzing test case #904 (1029 total, 0 uniq crashes found)...[0m
scheduled max input!!!!
schedule: 9 level26_3/ijon_max/9
[1;94m[*] [0mFuzzing test case #905 (1029 total, 0 uniq crashes found)...[0m
scheduled max input!!!!
schedule: 11 level26_3/ijon_max/11
[1;94m[*] [0mFuzzing test case #906 (1029 total, 0 uniq crashes found)...[0m
scheduled max input!!!!
schedule: 3 level26_3/ijon_max/3
[1;94m[*] [0mFuzzing test case #907 (1029 total, 0 uniq crashes found)...[0m
scheduled max input!!!!
schedule: 4 level26_3/ijon_max/4
updated maxmap 10: 224 (len: 549)
[1;94m[*] [0mFuzzing test case #908 (1029 total, 0 uniq crashes found)...[0m
scheduled max input!!!!
schedule: 7 level26_3/ijon_max/7
updated maxmap 5: 451 (len: 548)
updated maxmap 6: 44c (len: 548)
[1;94m[*] [0mFuzzing test case #909 (1030 total, 0 uniq crashes found)...[0m
scheduled max input!!!!
schedule: 14 level26_3/ijon_max/14
[1;94m[*] [0mFuzzing test case #910 (1030 total, 0 uniq crashes found)...[0m
scheduled max input!!!!
schedule: 15 level26_3/ijon_max/15
[1;94m[*] [0mFuzzing test case #911 (1030 total, 0 uniq crashes found)...[0m
scheduled max input!!!!
schedule: 15 level26_3/ijon_max/15
[1;94m[*] [0mFuzzing test case #912 (1030 total, 0 uniq crashes found)...[0m
scheduled max input!!!!
schedule: 15 level26_3/ijon_max/15
[1;94m[*] [0mFuzzing test case #913 (1030 total, 0 uniq crashes found)...[0m
scheduled max input!!!!
schedule: 14 level26_3/ijon_max/14
[1;94m[*] [0mFuzzing test case #914 (1030 total, 0 uniq crashes found)...[0m
[1;94m[*] [0mFuzzing test case #915 (1030 total, 0 uniq crashes found)...[0m
scheduled max input!!!!
schedule: 15 level26_3/ijon_max/15
[1;94m[*] [0mFuzzing test case #916 (1030 total, 0 uniq crashes found)...[0m
scheduled max input!!!!
schedule: 4 level26_3/ijon_max/4
[1;94m[*] [0mFuzzing test case #917 (1030 total, 0 uniq crashes found)...[0m
scheduled max input!!!!
schedule: 7 level26_3/ijon_max/7
[1;94m[*] [0mFuzzing test case #918 (1031 total, 0 uniq crashes found)...[0m
scheduled max input!!!!
schedule: 13 level26_3/ijon_max/13
[1;94m[*] [0mFuzzing test case #919 (1031 total, 0 uniq crashes found)...[0m
[1;94m[*] [0mFuzzing test case #920 (1031 total, 0 uniq crashes found)...[0m
scheduled max input!!!!
schedule: 3 level26_3/ijon_max/3
[1;94m[*] [0mFuzzing test case #921 (1031 total, 0 uniq crashes found)...[0m
[1;94m[*] [0mFuzzing test case #922 (1031 total, 0 uniq crashes found)...[0m
scheduled max input!!!!
schedule: 14 level26_3/ijon_max/14
[1;94m[*] [0mFuzzing test case #923 (1031 total, 0 uniq crashes found)...[0m
scheduled max input!!!!
schedule: 3 level26_3/ijon_max/3
[1;94m[*] [0mFuzzing test case #924 (1031 total, 0 uniq crashes found)...[0m
scheduled max input!!!!
schedule: 5 level26_3/ijon_max/5
updated maxmap 5: 452 (len: 548)
updated maxmap 6: 44d (len: 548)
[1;94m[*] [0mFuzzing test case #925 (1032 total, 0 uniq crashes found)...[0m
[1;94m[*] [0mFuzzing test case #926 (1032 total, 0 uniq crashes found)...[0m
scheduled max input!!!!
schedule: 5 level26_3/ijon_max/5
[1;94m[*] [0mFuzzing test case #927 (1032 total, 0 uniq crashes found)...[0m
[1;94m[*] [0mFuzzing test case #928 (1032 total, 0 uniq crashes found)...[0m
[1;94m[*] [0mFuzzing test case #929 (1032 total, 0 uniq crashes found)...[0m
[1;94m[*] [0mFuzzing test case #930 (1032 total, 0 uniq crashes found)...[0m
[1;94m[*] [0mFuzzing test case #931 (1032 total, 0 uniq crashes found)...[0m
scheduled max input!!!!
schedule: 9 level26_3/ijon_max/9
[1;94m[*] [0mFuzzing test case #932 (1032 total, 0 uniq crashes found)...[0m
[1;94m[*] [0mFuzzing test case #933 (1032 total, 0 uniq crashes found)...[0m
scheduled max input!!!!
schedule: 12 level26_3/ijon_max/12
[1;94m[*] [0mFuzzing test case #934 (1032 total, 0 uniq crashes found)...[0m
scheduled max input!!!!
schedule: 2 level26_3/ijon_max/2
[1;94m[*] [0mFuzzing test case #935 (1032 total, 0 uniq crashes found)...[0m
scheduled max input!!!!
schedule: 0 level26_3/ijon_max/0
[1;94m[*] [0mFuzzing test case #936 (1032 total, 0 uniq crashes found)...[0m
[1;94m[*] [0mFuzzing test case #937 (1032 total, 0 uniq crashes found)...[0m
[1;94m[*] [0mFuzzing test case #938 (1032 total, 0 uniq crashes found)...[0m
scheduled max input!!!!
schedule: 14 level26_3/ijon_max/14
[1;94m[*] [0mFuzzing test case #939 (1032 total, 0 uniq crashes found)...[0m
scheduled max input!!!!
schedule: 8 level26_3/ijon_max/8
[1;94m[*] [0mFuzzing test case #940 (1032 total, 0 uniq crashes found)...[0m
scheduled max input!!!!
schedule: 14 level26_3/ijon_max/14
[1;94m[*] [0mFuzzing test case #941 (1032 total, 0 uniq crashes found)...[0m
scheduled max input!!!!
schedule: 0 level26_3/ijon_max/0
[1;94m[*] [0mFuzzing test case #942 (1032 total, 0 uniq crashes found)...[0m
scheduled max input!!!!
schedule: 6 level26_3/ijon_max/6
updated maxmap 4: 40f (len: 553)
[1;94m[*] [0mFuzzing test case #943 (1032 total, 0 uniq crashes found)...[0m
scheduled max input!!!!
schedule: 6 level26_3/ijon_max/6
[1;94m[*] [0mFuzzing test case #944 (1032 total, 0 uniq crashes found)...[0m
scheduled max input!!!!
schedule: 4 level26_3/ijon_max/4
[1;94m[*] [0mFuzzing test case #945 (1032 total, 0 uniq crashes found)...[0m
scheduled max input!!!!
schedule: 4 level26_3/ijon_max/4
updated maxmap 4: 45a (len: 560)
updated maxmap 5: 45b (len: 560)
updated maxmap 6: 44e (len: 560)
minimized maxmap 6: 44e (len: 553)
[1;94m[*] [0mFuzzing test case #946 (1033 total, 0 uniq crashes found)...[0m
scheduled max input!!!!
schedule: 8 level26_3/ijon_max/8
[1;94m[*] [0mFuzzing test case #947 (1033 total, 0 uniq crashes found)...[0m
scheduled max input!!!!
schedule: 0 level26_3/ijon_max/0
[1;94m[*] [0mFuzzing test case #948 (1033 total, 0 uniq crashes found)...[0m
scheduled max input!!!!
schedule: 13 level26_3/ijon_max/13
[1;94m[*] [0mFuzzing test case #949 (1033 total, 0 uniq crashes found)...[0m
scheduled max input!!!!
schedule: 6 level26_3/ijon_max/6
updated maxmap 6: 44f (len: 553)
[1;94m[*] [0mFuzzing test case #950 (1033 total, 0 uniq crashes found)...[0m
scheduled max input!!!!
schedule: 0 level26_3/ijon_max/0
[1;94m[*] [0mFuzzing test case #951 (1033 total, 0 uniq crashes found)...[0m
scheduled max input!!!!
schedule: 13 level26_3/ijon_max/13
[1;94m[*] [0mFuzzing test case #952 (1033 total, 0 uniq crashes found)...[0m
scheduled max input!!!!
schedule: 2 level26_3/ijon_max/2
[1;94m[*] [0mFuzzing test case #953 (1033 total, 0 uniq crashes found)...[0m
scheduled max input!!!!
schedule: 8 level26_3/ijon_max/8
[1;94m[*] [0mFuzzing test case #954 (1033 total, 0 uniq crashes found)...[0m
scheduled max input!!!!
schedule: 6 level26_3/ijon_max/6
updated maxmap 6: 450 (len: 553)
updated maxmap 6: 456 (len: 556)
updated maxmap 7: 451 (len: 556)
minimized maxmap 7: 451 (len: 553)
updated maxmap 6: 45c (len: 553)
updated maxmap 6: 45d (len: 553)
[1;94m[*] [0mFuzzing test case #955 (1033 total, 0 uniq crashes found)...[0m
scheduled max input!!!!
schedule: 9 level26_3/ijon_max/9
[1;94m[*] [0mFuzzing test case #956 (1033 total, 0 uniq crashes found)...[0m
scheduled max input!!!!
schedule: 11 level26_3/ijon_max/11
[1;94m[*] [0mFuzzing test case #957 (1033 total, 0 uniq crashes found)...[0m
scheduled max input!!!!
schedule: 10 level26_3/ijon_max/10
[1;94m[*] [0mFuzzing test case #958 (1033 total, 0 uniq crashes found)...[0m
scheduled max input!!!!
schedule: 14 level26_3/ijon_max/14
[1;94m[*] [0mFuzzing test case #959 (1033 total, 0 uniq crashes found)...[0m
scheduled max input!!!!
schedule: 15 level26_3/ijon_max/15
[1;94m[*] [0mFuzzing test case #960 (1033 total, 0 uniq crashes found)...[0m
scheduled max input!!!!
schedule: 2 level26_3/ijon_max/2
[1;94m[*] [0mFuzzing test case #961 (1033 total, 0 uniq crashes found)...[0m
scheduled max input!!!!
schedule: 10 level26_3/ijon_max/10
[1;94m[*] [0mFuzzing test case #962 (1033 total, 0 uniq crashes found)...[0m
scheduled max input!!!!
schedule: 11 level26_3/ijon_max/11
[1;94m[*] [0mFuzzing test case #963 (1033 total, 0 uniq crashes found)...[0m
scheduled max input!!!!
schedule: 2 level26_3/ijon_max/2
[1;94m[*] [0mFuzzing test case #964 (1033 total, 0 uniq crashes found)...[0m
[1;94m[*] [0mFuzzing test case #965 (1033 total, 0 uniq crashes found)...[0m
scheduled max input!!!!
schedule: 6 level26_3/ijon_max/6
updated maxmap 6: 464 (len: 556)
updated maxmap 7: 45d (len: 556)
minimized maxmap 7: 45d (len: 553)
updated maxmap 5: 466 (len: 559)
updated maxmap 7: 461 (len: 555)
[1;94m[*] [0mFuzzing test case #966 (1033 total, 0 uniq crashes found)...[0m
scheduled max input!!!!
schedule: 13 level26_3/ijon_max/13
[1;94m[*] [0mFuzzing test case #967 (1033 total, 0 uniq crashes found)...[0m
scheduled max input!!!!
schedule: 0 level26_3/ijon_max/0
[1;94m[*] [0mFuzzing test case #968 (1033 total, 0 uniq crashes found)...[0m
scheduled max input!!!!
schedule: 6 level26_3/ijon_max/6
updated maxmap 6: 465 (len: 556)
updated maxmap 4: 462 (len: 557)
updated maxmap 6: 466 (len: 556)
[1;94m[*] [0mFuzzing test case #969 (1033 total, 0 uniq crashes found)...[0m
scheduled max input!!!!
schedule: 5 level26_3/ijon_max/5
updated maxmap 5: 46b (len: 559)
[1;94m[*] [0mFuzzing test case #970 (1033 total, 0 uniq crashes found)...[0m
scheduled max input!!!!
schedule: 10 level26_3/ijon_max/10
[1;94m[*] [0mFuzzing test case #971 (1033 total, 0 uniq crashes found)...[0m
scheduled max input!!!!
schedule: 12 level26_3/ijon_max/12
[1;94m[*] [0mFuzzing test case #972 (1033 total, 0 uniq crashes found)...[0m
scheduled max input!!!!
schedule: 5 level26_3/ijon_max/5
updated maxmap 5: 47b (len: 566)
updated maxmap 6: 471 (len: 566)
updated maxmap 7: 46a (len: 566)
minimized maxmap 7: 46a (len: 559)
updated maxmap 6: 473 (len: 564)
updated maxmap 7: 478 (len: 564)
[1;94m[*] [0mFuzzing test case #973 (1035 total, 0 uniq crashes found)...[0m
scheduled max input!!!!
schedule: 0 level26_3/ijon_max/0
[1;94m[*] [0mFuzzing test case #974 (1035 total, 0 uniq crashes found)...[0m
scheduled max input!!!!
schedule: 9 level26_3/ijon_max/9
[1;94m[*] [0mFuzzing test case #975 (1035 total, 0 uniq crashes found)...[0m
scheduled max input!!!!
schedule: 4 level26_3/ijon_max/4
updated maxmap 4: 463 (len: 557)
[1;94m[*] [0mFuzzing test case #976 (1035 total, 0 uniq crashes found)...[0m
[1;94m[*] [0mFuzzing test case #977 (1035 total, 0 uniq crashes found)...[0m
scheduled max input!!!!
schedule: 4 level26_3/ijon_max/4
[1;94m[*] [0mFuzzing test case #978 (1035 total, 0 uniq crashes found)...[0m
scheduled max input!!!!
schedule: 11 level26_3/ijon_max/11
[1;94m[*] [0mFuzzing test case #979 (1035 total, 0 uniq crashes found)...[0m
scheduled max input!!!!
schedule: 5 level26_3/ijon_max/5
updated maxmap 5: 47d (len: 574)
[1;94m[*] [0mFuzzing test case #980 (1035 total, 0 uniq crashes found)...[0m
[1;94m[*] [0mFuzzing test case #981 (1035 total, 0 uniq crashes found)...[0m
scheduled max input!!!!
schedule: 0 level26_3/ijon_max/0
[1;94m[*] [0mFuzzing test case #982 (1035 total, 0 uniq crashes found)...[0m
[1;94m[*] [0mFuzzing test case #983 (1035 total, 0 uniq crashes found)...[0m
scheduled max input!!!!
schedule: 0 level26_3/ijon_max/0
[1;94m[*] [0mFuzzing test case #984 (1035 total, 0 uniq crashes found)...[0m
scheduled max input!!!!
schedule: 4 level26_3/ijon_max/4
[1;94m[*] [0mFuzzing test case #985 (1035 total, 0 uniq crashes found)...[0m
scheduled max input!!!!
schedule: 8 level26_3/ijon_max/8
[1;94m[*] [0mFuzzing test case #986 (1035 total, 0 uniq crashes found)...[0m
[1;94m[*] [0mFuzzing test case #987 (1035 total, 0 uniq crashes found)...[0m
scheduled max input!!!!
schedule: 15 level26_3/ijon_max/15
[1;94m[*] [0mFuzzing test case #988 (1035 total, 0 uniq crashes found)...[0m
scheduled max input!!!!
schedule: 14 level26_3/ijon_max/14
[1;94m[*] [0mFuzzing test case #989 (1035 total, 0 uniq crashes found)...[0m
[1;94m[*] [0mFuzzing test case #990 (1035 total, 0 uniq crashes found)...[0m
[1;94m[*] [0mFuzzing test case #991 (1035 total, 0 uniq crashes found)...[0m
scheduled max input!!!!
schedule: 10 level26_3/ijon_max/10
[1;94m[*] [0mFuzzing test case #992 (1035 total, 0 uniq crashes found)...[0m
[1;94m[*] [0mFuzzing test case #993 (1035 total, 0 uniq crashes found)...[0m
scheduled max input!!!!
schedule: 15 level26_3/ijon_max/15
[1;94m[*] [0mFuzzing test case #994 (1035 total, 0 uniq crashes found)...[0m
scheduled max input!!!!
schedule: 14 level26_3/ijon_max/14
[1;94m[*] [0mFuzzing test case #995 (1035 total, 0 uniq crashes found)...[0m
[1;94m[*] [0mFuzzing test case #996 (1035 total, 0 uniq crashes found)...[0m
[1;94m[*] [0mFuzzing test case #997 (1035 total, 0 uniq crashes found)...[0m
scheduled max input!!!!
schedule: 13 level26_3/ijon_max/13
[1;94m[*] [0mFuzzing test case #998 (1035 total, 0 uniq crashes found)...[0m
scheduled max input!!!!
schedule: 4 level26_3/ijon_max/4
[1;94m[*] [0mFuzzing test case #999 (1035 total, 0 uniq crashes found)...[0m
scheduled max input!!!!
schedule: 9 level26_3/ijon_max/9
[1;94m[*] [0mFuzzing test case #1000 (1035 total, 0 uniq crashes found)...[0m
scheduled max input!!!!
schedule: 6 level26_3/ijon_max/6
updated maxmap 5: 480 (len: 567)
updated maxmap 6: 47d (len: 567)
[1;94m[*] [0mFuzzing test case #1001 (1035 total, 0 uniq crashes found)...[0m
scheduled max input!!!!
schedule: 7 level26_3/ijon_max/7
updated maxmap 4: 464 (len: 569)
updated maxmap 7: 484 (len: 569)
minimized maxmap 4: 464 (len: 564)
[1;94m[*] [0mFuzzing test case #1002 (1035 total, 0 uniq crashes found)...[0m
[1;94m[*] [0mFuzzing test case #1003 (1035 total, 0 uniq crashes found)...[0m
[1;94m[*] [0mFuzzing test case #1004 (1035 total, 0 uniq crashes found)...[0m
[1;94m[*] [0mFuzzing test case #1005 (1035 total, 0 uniq crashes found)...[0m
scheduled max input!!!!
schedule: 10 level26_3/ijon_max/10
[1;94m[*] [0mFuzzing test case #1006 (1035 total, 0 uniq crashes found)...[0m
scheduled max input!!!!
schedule: 7 level26_3/ijon_max/7
updated maxmap 7: 485 (len: 569)
updated maxmap 4: 465 (len: 569)
[1;94m[*] [0mFuzzing test case #1007 (1036 total, 0 uniq crashes found)...[0m
scheduled max input!!!!
schedule: 8 level26_3/ijon_max/8
[1;94m[*] [0mFuzzing test case #1008 (1036 total, 0 uniq crashes found)...[0m
scheduled max input!!!!
schedule: 7 level26_3/ijon_max/7
[1;94m[*] [0mFuzzing test case #1009 (1036 total, 0 uniq crashes found)...[0m
[1;94m[*] [0mFuzzing test case #1010 (1036 total, 0 uniq crashes found)...[0m
scheduled max input!!!!
schedule: 4 level26_3/ijon_max/4
updated maxmap 7: 486 (len: 569)
[1;94m[*] [0mFuzzing test case #1011 (1037 total, 0 uniq crashes found)...[0m
scheduled max input!!!!
schedule: 3 level26_3/ijon_max/3
[1;94m[*] [0mFuzzing test case #1012 (1037 total, 0 uniq crashes found)...[0m
scheduled max input!!!!
schedule: 9 level26_3/ijon_max/9
[1;94m[*] [0mFuzzing test case #1013 (1037 total, 0 uniq crashes found)...[0m
scheduled max input!!!!
schedule: 15 level26_3/ijon_max/15
[1;94m[*] [0mFuzzing test case #1014 (1037 total, 0 uniq crashes found)...[0m
scheduled max input!!!!
schedule: 0 level26_3/ijon_max/0
[1;94m[*] [0mFuzzing test case #1015 (1037 total, 0 uniq crashes found)...[0m
scheduled max input!!!!
schedule: 4 level26_3/ijon_max/4
updated maxmap 7: 48c (len: 576)
updated maxmap 8: 491 (len: 576)
[1;94m[*] [0mFuzzing test case #1016 (1038 total, 0 uniq crashes found)...[0m
scheduled max input!!!!
schedule: 11 level26_3/ijon_max/11
[1;94m[*] [0mFuzzing test case #1017 (1038 total, 0 uniq crashes found)...[0m
scheduled max input!!!!
schedule: 5 level26_3/ijon_max/5
[1;94m[*] [0mFuzzing test case #1018 (1038 total, 0 uniq crashes found)...[0m
scheduled max input!!!!
schedule: 2 level26_3/ijon_max/2
[1;94m[*] [0mFuzzing test case #1019 (1038 total, 0 uniq crashes found)...[0m
scheduled max input!!!!
schedule: 6 level26_3/ijon_max/6
updated maxmap 5: 48c (len: 572)
updated maxmap 6: 47f (len: 568)
minimized maxmap 6: 47f (len: 567)
updated maxmap 6: 480 (len: 567)
updated maxmap 4: 467 (len: 567)
[1;94m[*] [0mFuzzing test case #1020 (1038 total, 0 uniq crashes found)...[0m
scheduled max input!!!!
schedule: 3 level26_3/ijon_max/3
[1;94m[*] [0mFuzzing test case #1021 (1038 total, 0 uniq crashes found)...[0m
[1;94m[*] [0mFuzzing test case #1022 (1038 total, 0 uniq crashes found)...[0m
scheduled max input!!!!
schedule: 8 level26_3/ijon_max/8
updated maxmap 6: 49a (len: 580)
updated maxmap 7: 490 (len: 580)
minimized maxmap 7: 490 (len: 576)
updated maxmap 7: 494 (len: 576)
updated maxmap 4: 496 (len: 578)
[1;94m[*] [0mFuzzing test case #1023 (1039 total, 0 uniq crashes found)...[0m
[1;94m[*] [0mFuzzing test case #1024 (1039 total, 0 uniq crashes found)...[0m
scheduled max input!!!!
schedule: 15 level26_3/ijon_max/15
[1;94m[*] [0mFuzzing test case #1025 (1039 total, 0 uniq crashes found)...[0m
[1;94m[*] [0mFuzzing test case #1026 (1039 total, 0 uniq crashes found)...[0m
scheduled max input!!!!
schedule: 0 level26_3/ijon_max/0
[1;94m[*] [0mFuzzing test case #1027 (1039 total, 0 uniq crashes found)...[0m
[1;94m[*] [0mFuzzing test case #1028 (1039 total, 0 uniq crashes found)...[0m
scheduled max input!!!!
schedule: 4 level26_3/ijon_max/4
updated maxmap 6: 49c (len: 578)
updated maxmap 7: 49a (len: 578)
updated maxmap 8: 492 (len: 578)
[1;94m[*] [0mFuzzing test case #1029 (1039 total, 0 uniq crashes found)...[0m
scheduled max input!!!!
schedule: 3 level26_3/ijon_max/3
[1;94m[*] [0mFuzzing test case #1030 (1039 total, 0 uniq crashes found)...[0m
scheduled max input!!!!
schedule: 14 level26_3/ijon_max/14
[1;94m[*] [0mFuzzing test case #1031 (1039 total, 0 uniq crashes found)...[0m
[1;94m[*] [0mFuzzing test case #1032 (1039 total, 0 uniq crashes found)...[0m
scheduled max input!!!!
schedule: 10 level26_3/ijon_max/10
[1;94m[*] [0mFuzzing test case #1033 (1039 total, 0 uniq crashes found)...[0m
scheduled max input!!!!
schedule: 15 level26_3/ijon_max/15
[1;94m[*] [0mFuzzing test case #1034 (1039 total, 0 uniq crashes found)...[0m
scheduled max input!!!!
schedule: 4 level26_3/ijon_max/4
updated maxmap 4: 497 (len: 578)
updated maxmap 4: 498 (len: 578)
[1;94m[*] [0mFuzzing test case #1035 (1039 total, 0 uniq crashes found)...[0m
scheduled max input!!!!
schedule: 2 level26_3/ijon_max/2
[1;94m[*] [0mFuzzing test case #1036 (1039 total, 0 uniq crashes found)...[0m
scheduled max input!!!!
schedule: 5 level26_3/ijon_max/5
updated maxmap 6: 49d (len: 579)
updated maxmap 5: 48f (len: 573)
[1;94m[*] [0mFuzzing test case #1037 (1039 total, 0 uniq crashes found)...[0m
scheduled max input!!!!
schedule: 14 level26_3/ijon_max/14
[1;94m[*] [0mFuzzing test case #1038 (1039 total, 0 uniq crashes found)...[0m
scheduled max input!!!!
schedule: 14 level26_3/ijon_max/14
[1;94m[*] [0mEntering queue cycle 2.[0m
[1;94m[*] [0mFuzzing test case #0 (1039 total, 0 uniq crashes found)...[0m
scheduled max input!!!!
schedule: 14 level26_3/ijon_max/14
[1;94m[*] [0mFuzzing test case #1 (1040 total, 0 uniq crashes found)...[0m
scheduled max input!!!!
schedule: 2 level26_3/ijon_max/2
updated maxmap 1: 240 (len: 340)
[1;94m[*] [0mFuzzing test case #2 (1053 total, 0 uniq crashes found)...[0m
[1;94m[*] [0mFuzzing test case #3 (1053 total, 0 uniq crashes found)...[0m
scheduled max input!!!!
schedule: 10 level26_3/ijon_max/10
[1;94m[*] [0mFuzzing test case #4 (1053 total, 0 uniq crashes found)...[0m
scheduled max input!!!!
schedule: 10 level26_3/ijon_max/10
[1;94m[*] [0mFuzzing test case #5 (1053 total, 0 uniq crashes found)...[0m
scheduled max input!!!!
schedule: 5 level26_3/ijon_max/5
updated maxmap 5: 49d (len: 604)
updated maxmap 6: 4af (len: 604)
updated maxmap 7: 4ae (len: 604)
updated maxmap 8: 4ae (len: 604)
minimized maxmap 5: 49d (len: 594)
minimized maxmap 7: 4ae (len: 594)
minimized maxmap 8: 4ae (len: 594)
updated maxmap 5: 4d9 (len: 603)
updated maxmap 6: 4c8 (len: 603)
updated maxmap 7: 4c0 (len: 603)
updated maxmap 2: 493 (len: 575)
updated maxmap 3: 48e (len: 575)
updated maxmap 3: 493 (len: 596)
[1;94m[*] [0mFuzzing test case #6 (1066 total, 0 uniq crashes found)...[0m
[1;94m[*] [0mFuzzing test case #7 (1066 total, 0 uniq crashes found)...[0m
scheduled max input!!!!
schedule: 7 level26_3/ijon_max/7
updated maxmap 3: 497 (len: 603)
updated maxmap 4: 4a3 (len: 603)
[1;94m[*] [0mFuzzing test case #8 (1066 total, 0 uniq crashes found)...[0m
[1;94m[*] [0mFuzzing test case #9 (1066 total, 0 uniq crashes found)...[0m
scheduled max input!!!!
schedule: 11 level26_3/ijon_max/11
[1;94m[*] [0mFuzzing test case #10 (1066 total, 0 uniq crashes found)...[0m
scheduled max input!!!!
schedule: 1 level26_3/ijon_max/1
[1;94m[*] [0mFuzzing test case #11 (1066 total, 0 uniq crashes found)...[0m
[1;94m[*] [0mFuzzing test case #12 (1066 total, 0 uniq crashes found)...[0m
[1;94m[*] [0mFuzzing test case #13 (1066 total, 0 uniq crashes found)...[0m
scheduled max input!!!!
schedule: 9 level26_3/ijon_max/9
[1;94m[*] [0mFuzzing test case #14 (1067 total, 0 uniq crashes found)...[0m
scheduled max input!!!!
schedule: 10 level26_3/ijon_max/10
[1;94m[*] [0mFuzzing test case #15 (1067 total, 0 uniq crashes found)...[0m
scheduled max input!!!!
schedule: 3 level26_3/ijon_max/3
[1;94m[*] [0mFuzzing test case #16 (1067 total, 0 uniq crashes found)...[0m
scheduled max input!!!!
schedule: 12 level26_3/ijon_max/12
[1;94m[*] [0mFuzzing test case #17 (1067 total, 0 uniq crashes found)...[0m
scheduled max input!!!!
schedule: 12 level26_3/ijon_max/12
[1;94m[*] [0mFuzzing test case #18 (1067 total, 0 uniq crashes found)...[0m
[1;94m[*] [0mFuzzing test case #19 (1067 total, 0 uniq crashes found)...[0m
scheduled max input!!!!
schedule: 2 level26_3/ijon_max/2
updated maxmap 3: 4a2 (len: 581)
updated maxmap 2: 494 (len: 575)
[1;94m[*] [0mFuzzing test case #20 (1068 total, 0 uniq crashes found)...[0m
scheduled max input!!!!
schedule: 12 level26_3/ijon_max/12
[1;94m[*] [0mFuzzing test case #21 (1068 total, 0 uniq crashes found)...[0m
scheduled max input!!!!
schedule: 10 level26_3/ijon_max/10
[1;94m[*] [0mFuzzing test case #22 (1068 total, 0 uniq crashes found)...[0m
scheduled max input!!!!
schedule: 10 level26_3/ijon_max/10
[1;94m[*] [0mFuzzing test case #23 (1068 total, 0 uniq crashes found)...[0m
scheduled max input!!!!
schedule: 4 level26_3/ijon_max/4
updated maxmap 8: 4af (len: 603)
updated maxmap 6: 4d1 (len: 603)
updated maxmap 4: 4d7 (len: 629)
updated maxmap 5: 4e4 (len: 629)
updated maxmap 6: 516 (len: 629)
updated maxmap 7: 505 (len: 629)
updated maxmap 8: 4fe (len: 629)
minimized maxmap 4: 4d7 (len: 603)
updated maxmap 4: 4d8 (len: 603)
minimized maxmap 5: 4e4 (len: 608)
updated maxmap 3: 4ec (len: 611)
[1;94m[*] [0mFuzzing test case #24 (1082 total, 0 uniq crashes found)...[0m
scheduled max input!!!!
schedule: 10 level26_3/ijon_max/10
[1;94m[*] [0mFuzzing test case #25 (1083 total, 0 uniq crashes found)...[0m
scheduled max input!!!!
schedule: 1 level26_3/ijon_max/1
[1;94m[*] [0mFuzzing test case #26 (1083 total, 0 uniq crashes found)...[0m
[1;94m[*] [0mFuzzing test case #27 (1083 total, 0 uniq crashes found)...[0m
scheduled max input!!!!
schedule: 1 level26_3/ijon_max/1
updated maxmap 1: 241 (len: 340)
[1;94m[*] [0mFuzzing test case #28 (1084 total, 0 uniq crashes found)...[0m
scheduled max input!!!!
schedule: 3 level26_3/ijon_max/3
updated maxmap 4: 4e9 (len: 611)
updated maxmap 5: 4ec (len: 611)
[1;94m[*] [0mFuzzing test case #29 (1084 total, 0 uniq crashes found)...[0m
[1;94m[*] [0mFuzzing test case #30 (1084 total, 0 uniq crashes found)...[0m
scheduled max input!!!!
schedule: 6 level26_3/ijon_max/6
[1;94m[*] [0mFuzzing test case #31 (1084 total, 0 uniq crashes found)...[0m
scheduled max input!!!!
schedule: 14 level26_3/ijon_max/14
[1;94m[*] [0mFuzzing test case #32 (1084 total, 0 uniq crashes found)...[0m
[1;94m[*] [0mFuzzing test case #33 (1084 total, 0 uniq crashes found)...[0m
scheduled max input!!!!
schedule: 4 level26_3/ijon_max/4
[1;94m[*] [0mFuzzing test case #34 (1084 total, 0 uniq crashes found)...[0m
scheduled max input!!!!
schedule: 4 level26_3/ijon_max/4
updated maxmap 4: 4ea (len: 611)
updated maxmap 5: 4ed (len: 611)
[1;94m[*] [0mFuzzing test case #35 (1084 total, 0 uniq crashes found)...[0m
scheduled max input!!!!
schedule: 11 level26_3/ijon_max/11
[1;94m[*] [0mFuzzing test case #36 (1084 total, 0 uniq crashes found)...[0m
scheduled max input!!!!
schedule: 0 level26_3/ijon_max/0
[1;94m[*] [0mFuzzing test case #37 (1084 total, 0 uniq crashes found)...[0m
scheduled max input!!!!
schedule: 4 level26_3/ijon_max/4
updated maxmap 2: 49b (len: 617)
updated maxmap 4: 4eb (len: 611)
[1;94m[*] [0mFuzzing test case #38 (1084 total, 0 uniq crashes found)...[0m
scheduled max input!!!!
schedule: 1 level26_3/ijon_max/1
[1;94m[*] [0mFuzzing test case #39 (1085 total, 0 uniq crashes found)...[0m
scheduled max input!!!!
schedule: 6 level26_3/ijon_max/6
updated maxmap 6: 517 (len: 629)
[1;94m[*] [0mFuzzing test case #40 (1085 total, 0 uniq crashes found)...[0m
scheduled max input!!!!
schedule: 7 level26_3/ijon_max/7
[1;94m[*] [0mFuzzing test case #41 (1085 total, 0 uniq crashes found)...[0m
scheduled max input!!!!
schedule: 3 level26_3/ijon_max/3
[1;94m[*] [0mFuzzing test case #42 (1085 total, 0 uniq crashes found)...[0m
scheduled max input!!!!
schedule: 9 level26_3/ijon_max/9
[1;94m[*] [0mFuzzing test case #43 (1085 total, 0 uniq crashes found)...[0m
scheduled max input!!!!
schedule: 1 level26_3/ijon_max/1
[1;94m[*] [0mFuzzing test case #44 (1085 total, 0 uniq crashes found)...[0m
scheduled max input!!!!
schedule: 8 level26_3/ijon_max/8
[1;94m[*] [0mFuzzing test case #45 (1086 total, 0 uniq crashes found)...[0m
scheduled max input!!!!
schedule: 8 level26_3/ijon_max/8
updated maxmap 6: 52f (len: 655)
updated maxmap 7: 526 (len: 655)
updated maxmap 8: 520 (len: 655)
updated maxmap 7: 52e (len: 654)
[1;94m[*] [0mFuzzing test case #46 (1088 total, 0 uniq crashes found)...[0m
scheduled max input!!!!
schedule: 12 level26_3/ijon_max/12
[1;94m[*] [0mFuzzing test case #47 (1088 total, 0 uniq crashes found)...[0m
scheduled max input!!!!
schedule: 15 level26_3/ijon_max/15
[1;94m[*] [0mFuzzing test case #48 (1088 total, 0 uniq crashes found)...[0m
scheduled max input!!!!
schedule: 2 level26_3/ijon_max/2
updated maxmap 2: 49d (len: 617)
[1;94m[*] [0mFuzzing test case #49 (1089 total, 0 uniq crashes found)...[0m
[1;94m[*] [0mFuzzing test case #50 (1089 total, 0 uniq crashes found)...[0m
scheduled max input!!!!
schedule: 14 level26_3/ijon_max/14
[1;94m[*] [0mFuzzing test case #51 (1089 total, 0 uniq crashes found)...[0m
scheduled max input!!!!
schedule: 4 level26_3/ijon_max/4
[1;94m[*] [0mFuzzing test case #52 (1089 total, 0 uniq crashes found)...[0m
scheduled max input!!!!
schedule: 11 level26_3/ijon_max/11
[1;94m[*] [0mFuzzing test case #53 (1089 total, 0 uniq crashes found)...[0m
scheduled max input!!!!
schedule: 9 level26_3/ijon_max/9
[1;94m[*] [0mFuzzing test case #54 (1089 total, 0 uniq crashes found)...[0m
[1;94m[*] [0mFuzzing test case #55 (1089 total, 0 uniq crashes found)...[0m
[1;94m[*] [0mFuzzing test case #56 (1089 total, 0 uniq crashes found)...[0m
[1;94m[*] [0mFuzzing test case #57 (1089 total, 0 uniq crashes found)...[0m
scheduled max input!!!!
schedule: 1 level26_3/ijon_max/1
[1;94m[*] [0mFuzzing test case #58 (1089 total, 0 uniq crashes found)...[0m
scheduled max input!!!!
schedule: 9 level26_3/ijon_max/9
[1;94m[*] [0mFuzzing test case #59 (1089 total, 0 uniq crashes found)...[0m
scheduled max input!!!!
schedule: 5 level26_3/ijon_max/5
[1;94m[*] [0mFuzzing test case #60 (1089 total, 0 uniq crashes found)...[0m
[1;94m[*] [0mFuzzing test case #61 (1089 total, 0 uniq crashes found)...[0m
scheduled max input!!!!
schedule: 10 level26_3/ijon_max/10
[1;94m[*] [0mFuzzing test case #62 (1089 total, 0 uniq crashes found)...[0m
scheduled max input!!!!
schedule: 3 level26_3/ijon_max/3
updated maxmap 4: 4ec (len: 611)
[1;94m[*] [0mFuzzing test case #63 (1089 total, 0 uniq crashes found)...[0m
scheduled max input!!!!
schedule: 14 level26_3/ijon_max/14
[1;94m[*] [0mFuzzing test case #64 (1089 total, 0 uniq crashes found)...[0m
scheduled max input!!!!
schedule: 11 level26_3/ijon_max/11
[1;94m[*] [0mFuzzing test case #65 (1089 total, 0 uniq crashes found)...[0m
scheduled max input!!!!
schedule: 3 level26_3/ijon_max/3
[1;94m[*] [0mFuzzing test case #66 (1089 total, 0 uniq crashes found)...[0m
scheduled max input!!!!
schedule: 7 level26_3/ijon_max/7
updated maxmap 7: 52f (len: 654)
[1;94m[*] [0mFuzzing test case #67 (1089 total, 0 uniq crashes found)...[0m
[1;94m[*] [0mFuzzing test case #68 (1089 total, 0 uniq crashes found)...[0m
[1;94m[*] [0mFuzzing test case #69 (1089 total, 0 uniq crashes found)...[0m
scheduled max input!!!!
schedule: 8 level26_3/ijon_max/8
updated maxmap 6: 530 (len: 655)
updated maxmap 8: 521 (len: 655)
updated maxmap 8: 522 (len: 655)
updated maxmap 6: 531 (len: 655)
updated maxmap 8: 523 (len: 655)
updated maxmap 5: 54c (len: 655)
updated maxmap 6: 544 (len: 655)
updated maxmap 7: 53e (len: 655)
[1;94m[*] [0mFuzzing test case #70 (1091 total, 0 uniq crashes found)...[0m
scheduled max input!!!!
schedule: 0 level26_3/ijon_max/0
[1;94m[*] [0mFuzzing test case #71 (1091 total, 0 uniq crashes found)...[0m
[1;94m[*] [0mFuzzing test case #72 (1091 total, 0 uniq crashes found)...[0m
scheduled max input!!!!
schedule: 3 level26_3/ijon_max/3
[1;94m[*] [0mFuzzing test case #73 (1091 total, 0 uniq crashes found)...[0m
scheduled max input!!!!
schedule: 1 level26_3/ijon_max/1
[1;94m[*] [0mFuzzing test case #74 (1091 total, 0 uniq crashes found)...[0m
scheduled max input!!!!
schedule: 11 level26_3/ijon_max/11
[1;94m[*] [0mFuzzing test case #75 (1091 total, 0 uniq crashes found)...[0m
scheduled max input!!!!
schedule: 0 level26_3/ijon_max/0
[1;94m[*] [0mFuzzing test case #76 (1091 total, 0 uniq crashes found)...[0m
[1;94m[*] [0mFuzzing test case #77 (1091 total, 0 uniq crashes found)...[0m
scheduled max input!!!!
schedule: 7 level26_3/ijon_max/7
[1;94m[*] [0mFuzzing test case #78 (1091 total, 0 uniq crashes found)...[0m
scheduled max input!!!!
schedule: 7 level26_3/ijon_max/7
updated maxmap 4: 561 (len: 676)
updated maxmap 5: 56b (len: 676)
updated maxmap 6: 58b (len: 676)
updated maxmap 7: 589 (len: 676)
updated maxmap 8: 581 (len: 676)
[1;94m[*] [0mFuzzing test case #79 (1092 total, 0 uniq crashes found)...[0m
scheduled max input!!!!
schedule: 13 level26_3/ijon_max/13
[1;94m[*] [0mFuzzing test case #80 (1092 total, 0 uniq crashes found)...[0m
scheduled max input!!!!
schedule: 13 level26_3/ijon_max/13
[1;94m[*] [0mFuzzing test case #81 (1092 total, 0 uniq crashes found)...[0m
scheduled max input!!!!
schedule: 8 level26_3/ijon_max/8
updated maxmap 4: 562 (len: 676)
updated maxmap 5: 56c (len: 676)
updated maxmap 6: 58d (len: 676)
updated maxmap 7: 58a (len: 676)
updated maxmap 8: 583 (len: 676)
updated maxmap 4: 563 (len: 676)
updated maxmap 5: 56d (len: 676)
updated maxmap 6: 58e (len: 676)
updated maxmap 7: 58b (len: 676)
updated maxmap 8: 584 (len: 676)
updated maxmap 4: 564 (len: 676)
updated maxmap 5: 56e (len: 676)
updated maxmap 7: 58c (len: 676)
updated maxmap 4: 566 (len: 678)
updated maxmap 5: 570 (len: 678)
updated maxmap 6: 590 (len: 678)
updated maxmap 7: 58d (len: 678)
updated maxmap 8: 586 (len: 678)
minimized maxmap 8: 586 (len: 677)
minimized maxmap 8: 586 (len: 676)
minimized maxmap 4: 566 (len: 676)
minimized maxmap 5: 570 (len: 676)
updated maxmap 8: 589 (len: 676)
updated maxmap 4: 567 (len: 676)
updated maxmap 5: 571 (len: 676)
updated maxmap 8: 58a (len: 676)
updated maxmap 6: 5ae (len: 703)
updated maxmap 7: 5b0 (len: 703)
updated maxmap 8: 58e (len: 703)
updated maxmap 5: 5c1 (len: 700)
updated maxmap 6: 5bc (len: 700)
updated maxmap 7: 5b5 (len: 700)
updated maxmap 4: 569 (len: 676)
updated maxmap 8: 5ad (len: 696)
updated maxmap 5: 5ce (len: 704)
updated maxmap 6: 5c9 (len: 704)
updated maxmap 7: 5c2 (len: 704)
updated maxmap 8: 5ae (len: 695)
[1;94m[*] [0mFuzzing test case #82 (1104 total, 0 uniq crashes found)...[0m
scheduled max input!!!!
schedule: 1 level26_3/ijon_max/1
[1;94m[*] [0mFuzzing test case #83 (1104 total, 0 uniq crashes found)...[0m
scheduled max input!!!!
schedule: 10 level26_3/ijon_max/10
[1;94m[*] [0mFuzzing test case #84 (1104 total, 0 uniq crashes found)...[0m
scheduled max input!!!!
schedule: 2 level26_3/ijon_max/2
[1;94m[*] [0mFuzzing test case #85 (1104 total, 0 uniq crashes found)...[0m
scheduled max input!!!!
schedule: 13 level26_3/ijon_max/13
[1;94m[*] [0mFuzzing test case #86 (1104 total, 0 uniq crashes found)...[0m
scheduled max input!!!!
schedule: 10 level26_3/ijon_max/10
[1;94m[*] [0mFuzzing test case #87 (1104 total, 0 uniq crashes found)...[0m
scheduled max input!!!!
schedule: 14 level26_3/ijon_max/14
[1;94m[*] [0mFuzzing test case #88 (1104 total, 0 uniq crashes found)...[0m
scheduled max input!!!!
schedule: 7 level26_3/ijon_max/7
updated maxmap 5: 5cf (len: 704)
updated maxmap 6: 5ca (len: 704)
updated maxmap 7: 5c3 (len: 704)
updated maxmap 8: 5af (len: 704)
[1;94m[*] [0mFuzzing test case #89 (1104 total, 0 uniq crashes found)...[0m
scheduled max input!!!!
schedule: 15 level26_3/ijon_max/15
[1;94m[*] [0mFuzzing test case #90 (1104 total, 0 uniq crashes found)...[0m
scheduled max input!!!!
schedule: 6 level26_3/ijon_max/6
updated maxmap 4: 5b4 (len: 733)
updated maxmap 5: 5e0 (len: 727)
updated maxmap 6: 602 (len: 727)
updated maxmap 7: 5fd (len: 727)
updated maxmap 8: 5f7 (len: 727)
updated maxmap 6: 611 (len: 733)
updated maxmap 4: 5b6 (len: 712)
updated maxmap 4: 5cb (len: 704)
updated maxmap 2: 56d (len: 725)
updated maxmap 3: 56d (len: 725)
updated maxmap 4: 5e3 (len: 733)
updated maxmap 5: 5ed (len: 733)
updated maxmap 6: 612 (len: 733)
updated maxmap 7: 60b (len: 733)
updated maxmap 8: 604 (len: 733)
updated maxmap 3: 5b5 (len: 704)
[1;94m[*] [0mFuzzing test case #91 (1126 total, 0 uniq crashes found)...[0m
scheduled max input!!!!
schedule: 2 level26_3/ijon_max/2
updated maxmap 2: 56e (len: 725)
[1;94m[*] [0mFuzzing test case #92 (1127 total, 0 uniq crashes found)...[0m
scheduled max input!!!!
schedule: 5 level26_3/ijon_max/5
[1;94m[*] [0mFuzzing test case #93 (1127 total, 0 uniq crashes found)...[0m
scheduled max input!!!!
schedule: 9 level26_3/ijon_max/9
[1;94m[*] [0mFuzzing test case #94 (1127 total, 0 uniq crashes found)...[0m
scheduled max input!!!!
schedule: 9 level26_3/ijon_max/9
[1;94m[*] [0mFuzzing test case #95 (1127 total, 0 uniq crashes found)...[0m
[1;94m[*] [0mFuzzing test case #96 (1127 total, 0 uniq crashes found)...[0m
scheduled max input!!!!
schedule: 2 level26_3/ijon_max/2
updated maxmap 1: 56e (len: 729)
updated maxmap 4: 5ef (len: 725)
updated maxmap 5: 5f6 (len: 725)
[1;94m[*] [0mFuzzing test case #97 (1142 total, 0 uniq crashes found)...[0m
scheduled max input!!!!
schedule: 10 level26_3/ijon_max/10
[1;94m[*] [0mFuzzing test case #98 (1142 total, 0 uniq crashes found)...[0m
scheduled max input!!!!
schedule: 1 level26_3/ijon_max/1
[1;94m[*] [0mFuzzing test case #99 (1142 total, 0 uniq crashes found)...[0m
[1;94m[*] [0mFuzzing test case #100 (1142 total, 0 uniq crashes found)...[0m
scheduled max input!!!!
schedule: 3 level26_3/ijon_max/3
updated maxmap 3: 5b6 (len: 704)
updated maxmap 3: 5b8 (len: 708)
updated maxmap 3: 5b9 (len: 704)
updated maxmap 3: 5c0 (len: 704)
updated maxmap 3: 5c1 (len: 704)
[1;94m[*] [0mFuzzing test case #101 (1144 total, 0 uniq crashes found)...[0m
scheduled max input!!!!
schedule: 5 level26_3/ijon_max/5
updated maxmap 5: 5f7 (len: 725)
updated maxmap 4: 5f0 (len: 725)
[1;94m[*] [0mFuzzing test case #102 (1145 total, 0 uniq crashes found)...[0m
[1;94m[*] [0mFuzzing test case #103 (1145 total, 0 uniq crashes found)...[0m
[1;94m[*] [0mFuzzing test case #104 (1145 total, 0 uniq crashes found)...[0m
[1;94m[*] [0mFuzzing test case #105 (1145 total, 0 uniq crashes found)...[0m
scheduled max input!!!!
schedule: 5 level26_3/ijon_max/5
updated maxmap 4: 5f1 (len: 725)
updated maxmap 5: 5f8 (len: 725)
[1;94m[*] [0mFuzzing test case #106 (1145 total, 0 uniq crashes found)...[0m
scheduled max input!!!!
schedule: 9 level26_3/ijon_max/9
[1;94m[*] [0mFuzzing test case #107 (1145 total, 0 uniq crashes found)...[0m
[1;94m[*] [0mFuzzing test case #108 (1145 total, 0 uniq crashes found)...[0m
scheduled max input!!!!
schedule: 9 level26_3/ijon_max/9
[1;94m[*] [0mFuzzing test case #109 (1145 total, 0 uniq crashes found)...[0m
scheduled max input!!!!
schedule: 5 level26_3/ijon_max/5
[1;94m[*] [0mFuzzing test case #110 (1146 total, 0 uniq crashes found)...[0m
scheduled max input!!!!
schedule: 14 level26_3/ijon_max/14
[1;94m[*] [0mFuzzing test case #111 (1146 total, 0 uniq crashes found)...[0m
scheduled max input!!!!
schedule: 1 level26_3/ijon_max/1
[1;94m[*] [0mFuzzing test case #112 (1146 total, 0 uniq crashes found)...[0m
scheduled max input!!!!
schedule: 1 level26_3/ijon_max/1
[1;94m[*] [0mFuzzing test case #113 (1146 total, 0 uniq crashes found)...[0m
scheduled max input!!!!
schedule: 6 level26_3/ijon_max/6
updated maxmap 5: 607 (len: 733)
updated maxmap 7: 611 (len: 733)
updated maxmap 8: 60b (len: 733)
[1;94m[*] [0mFuzzing test case #114 (1147 total, 0 uniq crashes found)...[0m
scheduled max input!!!!
schedule: 9 level26_3/ijon_max/9
[1;94m[*] [0mFuzzing test case #115 (1147 total, 0 uniq crashes found)...[0m
[1;94m[*] [0mFuzzing test case #116 (1147 total, 0 uniq crashes found)...[0m
scheduled max input!!!!
schedule: 4 level26_3/ijon_max/4
[1;94m[*] [0mFuzzing test case #117 (1147 total, 0 uniq crashes found)...[0m
scheduled max input!!!!
schedule: 3 level26_3/ijon_max/3
updated maxmap 3: 5c2 (len: 704)
[1;94m[*] [0mFuzzing test case #118 (1147 total, 0 uniq crashes found)...[0m
[1;94m[*] [0mFuzzing test case #119 (1147 total, 0 uniq crashes found)...[0m
[1;94m[*] [0mFuzzing test case #120 (1147 total, 0 uniq crashes found)...[0m
scheduled max input!!!!
schedule: 11 level26_3/ijon_max/11
[1;94m[*] [0mFuzzing test case #121 (1147 total, 0 uniq crashes found)...[0m
scheduled max input!!!!
schedule: 12 level26_3/ijon_max/12
[1;94m[*] [0mFuzzing test case #122 (1147 total, 0 uniq crashes found)...[0m
scheduled max input!!!!
schedule: 7 level26_3/ijon_max/7
[1;94m[*] [0mFuzzing test case #123 (1147 total, 0 uniq crashes found)...[0m
scheduled max input!!!!
schedule: 9 level26_3/ijon_max/9
[1;94m[*] [0mFuzzing test case #124 (1147 total, 0 uniq crashes found)...[0m
[1;94m[*] [0mFuzzing test case #125 (1147 total, 0 uniq crashes found)...[0m
scheduled max input!!!!
schedule: 4 level26_3/ijon_max/4
[1;94m[*] [0mFuzzing test case #126 (1147 total, 0 uniq crashes found)...[0m
scheduled max input!!!!
schedule: 5 level26_3/ijon_max/5
updated maxmap 6: 613 (len: 733)
updated maxmap 6: 624 (len: 740)
updated maxmap 7: 61a (len: 740)
updated maxmap 8: 612 (len: 740)
updated maxmap 5: 61d (len: 746)
updated maxmap 5: 62a (len: 758)
updated maxmap 6: 645 (len: 764)
updated maxmap 7: 638 (len: 764)
updated maxmap 8: 632 (len: 764)
[1;94m[*] [0mFuzzing test case #127 (1157 total, 0 uniq crashes found)...[0m
scheduled max input!!!!
schedule: 14 level26_3/ijon_max/14
[1;94m[*] [0mFuzzing test case #128 (1157 total, 0 uniq crashes found)...[0m
scheduled max input!!!!
schedule: 13 level26_3/ijon_max/13
[1;94m[*] [0mFuzzing test case #129 (1157 total, 0 uniq crashes found)...[0m
scheduled max input!!!!
schedule: 9 level26_3/ijon_max/9
[1;94m[*] [0mFuzzing test case #130 (1157 total, 0 uniq crashes found)...[0m
scheduled max input!!!!
schedule: 15 level26_3/ijon_max/15
[1;94m[*] [0mFuzzing test case #131 (1157 total, 0 uniq crashes found)...[0m
scheduled max input!!!!
schedule: 8 level26_3/ijon_max/8
updated maxmap 6: 646 (len: 764)
updated maxmap 7: 639 (len: 764)
updated maxmap 8: 633 (len: 764)
updated maxmap 6: 652 (len: 770)
updated maxmap 7: 645 (len: 770)
updated maxmap 8: 63f (len: 770)
minimized maxmap 7: 645 (len: 764)
minimized maxmap 8: 63f (len: 764)
updated maxmap 7: 647 (len: 764)
updated maxmap 8: 641 (len: 764)
updated maxmap 5: 62d (len: 771)
updated maxmap 7: 648 (len: 764)
updated maxmap 8: 642 (len: 764)
updated maxmap 6: 65e (len: 780)
updated maxmap 7: 664 (len: 780)
updated maxmap 5: 63e (len: 764)
updated maxmap 8: 654 (len: 764)
updated maxmap 8: 655 (len: 764)
updated maxmap 4: 638 (len: 764)
updated maxmap 5: 642 (len: 764)
updated maxmap 5: 644 (len: 767)
updated maxmap 8: 65a (len: 767)
minimized maxmap 5: 644 (len: 764)
updated maxmap 5: 646 (len: 765)
updated maxmap 6: 668 (len: 776)
updated maxmap 7: 66f (len: 776)
updated maxmap 4: 641 (len: 764)
updated maxmap 5: 64b (len: 764)
[1;94m[*] [0mFuzzing test case #132 (1169 total, 0 uniq crashes found)...[0m
scheduled max input!!!!
schedule: 9 level26_3/ijon_max/9
[1;94m[*] [0mFuzzing test case #133 (1169 total, 0 uniq crashes found)...[0m
scheduled max input!!!!
schedule: 6 level26_3/ijon_max/6
updated maxmap 8: 671 (len: 776)
[1;94m[*] [0mFuzzing test case #134 (1169 total, 0 uniq crashes found)...[0m
scheduled max input!!!!
schedule: 4 level26_3/ijon_max/4
[1;94m[*] [0mFuzzing test case #135 (1169 total, 0 uniq crashes found)...[0m
scheduled max input!!!!
schedule: 10 level26_3/ijon_max/10
[1;94m[*] [0mFuzzing test case #136 (1169 total, 0 uniq crashes found)...[0m
scheduled max input!!!!
schedule: 4 level26_3/ijon_max/4
[1;94m[*] [0mFuzzing test case #137 (1169 total, 0 uniq crashes found)...[0m
[1;94m[*] [0mFuzzing test case #138 (1169 total, 0 uniq crashes found)...[0m
scheduled max input!!!!
schedule: 7 level26_3/ijon_max/7
[1;94m[*] [0mFuzzing test case #139 (1169 total, 0 uniq crashes found)...[0m
[1;94m[*] [0mFuzzing test case #140 (1169 total, 0 uniq crashes found)...[0m
scheduled max input!!!!
schedule: 3 level26_3/ijon_max/3
updated maxmap 3: 5c3 (len: 704)
[1;94m[*] [0mFuzzing test case #141 (1169 total, 0 uniq crashes found)...[0m
scheduled max input!!!!
schedule: 4 level26_3/ijon_max/4
updated maxmap 4: 643 (len: 764)
updated maxmap 5: 64d (len: 764)
updated maxmap 4: 64a (len: 769)
updated maxmap 5: 654 (len: 769)
minimized maxmap 4: 64a (len: 764)
updated maxmap 4: 64b (len: 764)
[1;94m[*] [0mFuzzing test case #142 (1170 total, 0 uniq crashes found)...[0m
scheduled max input!!!!
schedule: 11 level26_3/ijon_max/11
[1;94m[*] [0mFuzzing test case #143 (1170 total, 0 uniq crashes found)...[0m
scheduled max input!!!!
schedule: 8 level26_3/ijon_max/8
updated maxmap 8: 672 (len: 777)
updated maxmap 6: 669 (len: 778)
updated maxmap 7: 673 (len: 778)
updated maxmap 6: 697 (len: 793)
updated maxmap 7: 69c (len: 793)
updated maxmap 5: 65a (len: 776)
updated maxmap 5: 65c (len: 776)
updated maxmap 5: 65f (len: 776)
updated maxmap 5: 66b (len: 783)
updated maxmap 8: 68a (len: 801)
updated maxmap 9: 6ad (len: 801)
updated maxmap 10: 6a8 (len: 801)
updated maxmap 11: 6a0 (len: 801)
[1;94m[*] [0mFuzzing test case #144 (1183 total, 0 uniq crashes found)...[0m
scheduled max input!!!!
schedule: 4 level26_3/ijon_max/4
[1;94m[*] [0mFuzzing test case #145 (1183 total, 0 uniq crashes found)...[0m
scheduled max input!!!!
schedule: 14 level26_3/ijon_max/14
[1;94m[*] [0mFuzzing test case #146 (1183 total, 0 uniq crashes found)...[0m
scheduled max input!!!!
schedule: 13 level26_3/ijon_max/13
[1;94m[*] [0mFuzzing test case #147 (1183 total, 0 uniq crashes found)...[0m
scheduled max input!!!!
schedule: 15 level26_3/ijon_max/15
[1;94m[*] [0mFuzzing test case #148 (1183 total, 0 uniq crashes found)...[0m
scheduled max input!!!!
schedule: 6 level26_3/ijon_max/6
updated maxmap 8: 6d0 (len: 823)
updated maxmap 9: 6da (len: 823)
updated maxmap 10: 6e4 (len: 823)
updated maxmap 11: 6a4 (len: 823)
updated maxmap 7: 6a0 (len: 811)
updated maxmap 11: 6c0 (len: 811)
updated maxmap 5: 681 (len: 796)
updated maxmap 5: 699 (len: 793)
updated maxmap 6: 69c (len: 793)
updated maxmap 5: 69a (len: 793)
updated maxmap 6: 69d (len: 793)
updated maxmap 6: 6a4 (len: 797)
updated maxmap 7: 6a6 (len: 797)
updated maxmap 11: 6c8 (len: 812)
updated maxmap 7: 6ae (len: 800)
updated maxmap 5: 69b (len: 793)
[1;94m[*] [0mFuzzing test case #149 (1187 total, 0 uniq crashes found)...[0m
scheduled max input!!!!
schedule: 4 level26_3/ijon_max/4
updated maxmap 4: 650 (len: 764)
updated maxmap 3: 5e3 (len: 764)
[1;94m[*] [0mFuzzing test case #150 (1188 total, 0 uniq crashes found)...[0m
scheduled max input!!!!
schedule: 4 level26_3/ijon_max/4
updated maxmap 4: 651 (len: 764)
[1;94m[*] [0mFuzzing test case #151 (1188 total, 0 uniq crashes found)...[0m
scheduled max input!!!!
schedule: 4 level26_3/ijon_max/4
[1;94m[*] [0mFuzzing test case #152 (1188 total, 0 uniq crashes found)...[0m
scheduled max input!!!!
schedule: 0 level26_3/ijon_max/0
[1;94m[*] [0mFuzzing test case #153 (1188 total, 0 uniq crashes found)...[0m
scheduled max input!!!!
schedule: 13 level26_3/ijon_max/13
[1;94m[*] [0mFuzzing test case #154 (1188 total, 0 uniq crashes found)...[0m
scheduled max input!!!!
schedule: 0 level26_3/ijon_max/0
[1;94m[*] [0mFuzzing test case #155 (1188 total, 0 uniq crashes found)...[0m
scheduled max input!!!!
schedule: 12 level26_3/ijon_max/12
[1;94m[*] [0mFuzzing test case #156 (1188 total, 0 uniq crashes found)...[0m
scheduled max input!!!!
schedule: 10 level26_3/ijon_max/10
updated maxmap 11: 6dc (len: 823)
updated maxmap 8: 6fe (len: 842)
updated maxmap 9: 708 (len: 842)
updated maxmap 10: 712 (len: 842)
updated maxmap 9: 728 (len: 850)
updated maxmap 10: 71e (len: 850)
updated maxmap 11: 716 (len: 850)
updated maxmap 10: 72d (len: 854)
updated maxmap 11: 726 (len: 854)
updated maxmap 3: 5e7 (len: 842)
[1;94m[*] [0mFuzzing test case #157 (1201 total, 0 uniq crashes found)...[0m
scheduled max input!!!!
schedule: 10 level26_3/ijon_max/10
updated maxmap 11: 727 (len: 854)
updated maxmap 11: 72b (len: 857)
updated maxmap 9: 72d (len: 859)
minimized maxmap 11: 72b (len: 854)
updated maxmap 8: 700 (len: 858)
minimized maxmap 9: 72d (len: 854)
updated maxmap 8: 710 (len: 854)
updated maxmap 11: 72d (len: 854)
updated maxmap 2: 5e8 (len: 854)
updated maxmap 3: 5f9 (len: 854)
updated maxmap 8: 718 (len: 854)
updated maxmap 8: 72c (len: 883)
[1;94m[*] [0mFuzzing test case #158 (1211 total, 0 uniq crashes found)...[0m
scheduled max input!!!!
schedule: 4 level26_3/ijon_max/4
[1;94m[*] [0mFuzzing test case #159 (1211 total, 0 uniq crashes found)...[0m
scheduled max input!!!!
schedule: 6 level26_3/ijon_max/6
[1;94m[*] [0mFuzzing test case #160 (1211 total, 0 uniq crashes found)...[0m
[1;94m[*] [0mFuzzing test case #161 (1211 total, 0 uniq crashes found)...[0m
scheduled max input!!!!
schedule: 4 level26_3/ijon_max/4
[1;94m[*] [0mFuzzing test case #162 (1211 total, 0 uniq crashes found)...[0m
scheduled max input!!!!
schedule: 6 level26_3/ijon_max/6
[1;94m[*] [0mFuzzing test case #163 (1211 total, 0 uniq crashes found)...[0m
scheduled max input!!!!
schedule: 4 level26_3/ijon_max/4
[1;94m[*] [0mFuzzing test case #164 (1212 total, 0 uniq crashes found)...[0m
[1;94m[*] [0mFuzzing test case #165 (1212 total, 0 uniq crashes found)...[0m
[1;94m[*] [0mFuzzing test case #166 (1212 total, 0 uniq crashes found)...[0m
scheduled max input!!!!
schedule: 4 level26_3/ijon_max/4
[1;94m[*] [0mFuzzing test case #167 (1212 total, 0 uniq crashes found)...[0m
scheduled max input!!!!
schedule: 0 level26_3/ijon_max/0
[1;94m[*] [0mFuzzing test case #168 (1212 total, 0 uniq crashes found)...[0m
scheduled max input!!!!
schedule: 5 level26_3/ijon_max/5
[1;94m[*] [0mFuzzing test case #169 (1212 total, 0 uniq crashes found)...[0m
[1;94m[*] [0mFuzzing test case #170 (1212 total, 0 uniq crashes found)...[0m
[1;94m[*] [0mFuzzing test case #171 (1212 total, 0 uniq crashes found)...[0m
scheduled max input!!!!
schedule: 4 level26_3/ijon_max/4
[1;94m[*] [0mFuzzing test case #172 (1212 total, 0 uniq crashes found)...[0m
scheduled max input!!!!
schedule: 1 level26_3/ijon_max/1
[1;94m[*] [0mFuzzing test case #173 (1213 total, 0 uniq crashes found)...[0m
scheduled max input!!!!
schedule: 5 level26_3/ijon_max/5
[1;94m[*] [0mFuzzing test case #174 (1213 total, 0 uniq crashes found)...[0m
scheduled max input!!!!
schedule: 5 level26_3/ijon_max/5
[1;94m[*] [0mFuzzing test case #175 (1213 total, 0 uniq crashes found)...[0m
scheduled max input!!!!
schedule: 15 level26_3/ijon_max/15
[1;94m[*] [0mFuzzing test case #176 (1213 total, 0 uniq crashes found)...[0m
scheduled max input!!!!
schedule: 7 level26_3/ijon_max/7
[1;94m[*] [0mFuzzing test case #177 (1213 total, 0 uniq crashes found)...[0m
scheduled max input!!!!
schedule: 2 level26_3/ijon_max/2
updated maxmap 3: 5fa (len: 854)
[1;94m[*] [0mFuzzing test case #178 (1213 total, 0 uniq crashes found)...[0m
scheduled max input!!!!
schedule: 6 level26_3/ijon_max/6
[1;94m[*] [0mFuzzing test case #179 (1213 total, 0 uniq crashes found)...[0m
[1;94m[*] [0mFuzzing test case #180 (1213 total, 0 uniq crashes found)...[0m
scheduled max input!!!!
schedule: 7 level26_3/ijon_max/7
[1;94m[*] [0mFuzzing test case #181 (1213 total, 0 uniq crashes found)...[0m
scheduled max input!!!!
schedule: 5 level26_3/ijon_max/5
updated maxmap 5: 69d (len: 801)
updated maxmap 6: 6a7 (len: 801)
updated maxmap 7: 6b1 (len: 801)
[1;94m[*] [0mFuzzing test case #182 (1213 total, 0 uniq crashes found)...[0m
scheduled max input!!!!
schedule: 4 level26_3/ijon_max/4
[1;94m[*] [0mFuzzing test case #183 (1213 total, 0 uniq crashes found)...[0m
[1;94m[*] [0mFuzzing test case #184 (1213 total, 0 uniq crashes found)...[0m
scheduled max input!!!!
schedule: 1 level26_3/ijon_max/1
[1;94m[*] [0mFuzzing test case #185 (1213 total, 0 uniq crashes found)...[0m
[1;94m[*] [0mFuzzing test case #186 (1213 total, 0 uniq crashes found)...[0m
scheduled max input!!!!
schedule: 8 level26_3/ijon_max/8
[1;94m[*] [0mFuzzing test case #187 (1213 total, 0 uniq crashes found)...[0m
scheduled max input!!!!
schedule: 14 level26_3/ijon_max/14
[1;94m[*] [0mFuzzing test case #188 (1213 total, 0 uniq crashes found)...[0m
[1;94m[*] [0mFuzzing test case #189 (1213 total, 0 uniq crashes found)...[0m
scheduled max input!!!!
schedule: 12 level26_3/ijon_max/12
[1;94m[*] [0mFuzzing test case #190 (1213 total, 0 uniq crashes found)...[0m
scheduled max input!!!!
schedule: 7 level26_3/ijon_max/7
[1;94m[*] [0mFuzzing test case #191 (1213 total, 0 uniq crashes found)...[0m
scheduled max input!!!!
schedule: 7 level26_3/ijon_max/7
[1;94m[*] [0mFuzzing test case #192 (1213 total, 0 uniq crashes found)...[0m
scheduled max input!!!!
schedule: 5 level26_3/ijon_max/5
[1;94m[*] [0mFuzzing test case #193 (1213 total, 0 uniq crashes found)...[0m
[1;94m[*] [0mFuzzing test case #194 (1213 total, 0 uniq crashes found)...[0m
[1;94m[*] [0mFuzzing test case #195 (1213 total, 0 uniq crashes found)...[0m
scheduled max input!!!!
schedule: 8 level26_3/ijon_max/8
updated maxmap 6: 735 (len: 883)
updated maxmap 7: 731 (len: 883)
updated maxmap 8: 72f (len: 883)
updated maxmap 8: 730 (len: 908)
updated maxmap 6: 73f (len: 914)
updated maxmap 7: 742 (len: 914)
updated maxmap 8: 732 (len: 914)
updated maxmap 3: 639 (len: 897)
minimized maxmap 8: 732 (len: 913)
updated maxmap 5: 72e (len: 901)
[1;94m[*] [0mFuzzing test case #196 (1221 total, 0 uniq crashes found)...[0m
[1;94m[*] [0mFuzzing test case #197 (1221 total, 0 uniq crashes found)...[0m
scheduled max input!!!!
schedule: 10 level26_3/ijon_max/10
[1;94m[*] [0mFuzzing test case #198 (1221 total, 0 uniq crashes found)...[0m
scheduled max input!!!!
schedule: 15 level26_3/ijon_max/15
[1;94m[*] [0mFuzzing test case #199 (1221 total, 0 uniq crashes found)...[0m
scheduled max input!!!!
schedule: 5 level26_3/ijon_max/5
updated maxmap 5: 72f (len: 901)
[1;94m[*] [0mFuzzing test case #200 (1221 total, 0 uniq crashes found)...[0m
scheduled max input!!!!
schedule: 3 level26_3/ijon_max/3
[1;94m[*] [0mFuzzing test case #201 (1222 total, 0 uniq crashes found)...[0m
scheduled max input!!!!
schedule: 9 level26_3/ijon_max/9
[1;94m[*] [0mFuzzing test case #202 (1222 total, 0 uniq crashes found)...[0m
scheduled max input!!!!
schedule: 8 level26_3/ijon_max/8
updated maxmap 6: 747 (len: 913)
updated maxmap 7: 74c (len: 913)
updated maxmap 8: 738 (len: 913)
updated maxmap 6: 749 (len: 913)
updated maxmap 7: 74f (len: 913)
updated maxmap 8: 73a (len: 913)
updated maxmap 6: 74a (len: 913)
updated maxmap 7: 754 (len: 926)
updated maxmap 8: 751 (len: 926)
updated maxmap 9: 730 (len: 913)
updated maxmap 10: 72f (len: 913)
updated maxmap 6: 760 (len: 945)
updated maxmap 7: 772 (len: 945)
updated maxmap 8: 76d (len: 945)
updated maxmap 5: 791 (len: 913)
updated maxmap 6: 7c5 (len: 913)
updated maxmap 7: 7b1 (len: 913)
updated maxmap 8: 7aa (len: 913)
updated maxmap 6: 7cc (len: 920)
updated maxmap 7: 7d6 (len: 920)
updated maxmap 8: 7b0 (len: 916)
minimized maxmap 8: 7b0 (len: 913)
updated maxmap 5: 792 (len: 913)
updated maxmap 8: 7b1 (len: 913)
updated maxmap 9: 79b (len: 913)
updated maxmap 10: 79b (len: 913)
updated maxmap 11: 79d (len: 913)
updated maxmap 8: 7b2 (len: 913)
updated maxmap 5: 7c8 (len: 939)
updated maxmap 6: 7e3 (len: 939)
updated maxmap 7: 7e2 (len: 939)
updated maxmap 8: 7dc (len: 939)
updated maxmap 1: 5fe (len: 939)
updated maxmap 2: 5fd (len: 939)
updated maxmap 5: 7d1 (len: 921)
[1;94m[*] [0mFuzzing test case #203 (1247 total, 0 uniq crashes found)...[0m
scheduled max input!!!!
schedule: 13 level26_3/ijon_max/13
[1;94m[*] [0mFuzzing test case #204 (1247 total, 0 uniq crashes found)...[0m
[1;94m[*] [0mFuzzing test case #205 (1247 total, 0 uniq crashes found)...[0m
scheduled max input!!!!
schedule: 11 level26_3/ijon_max/11
updated maxmap 10: 79d (len: 913)
[1;94m[*] [0mFuzzing test case #206 (1247 total, 0 uniq crashes found)...[0m
[1;94m[*] [0mFuzzing test case #207 (1247 total, 0 uniq crashes found)...[0m
scheduled max input!!!!
schedule: 13 level26_3/ijon_max/13
[1;94m[*] [0mFuzzing test case #208 (1247 total, 0 uniq crashes found)...[0m
[1;94m[*] [0mFuzzing test case #209 (1247 total, 0 uniq crashes found)...[0m
scheduled max input!!!!
schedule: 5 level26_3/ijon_max/5
updated maxmap 5: 7d2 (len: 921)
[1;94m[*] [0mFuzzing test case #210 (1247 total, 0 uniq crashes found)...[0m
scheduled max input!!!!
schedule: 14 level26_3/ijon_max/14
[1;94m[*] [0mFuzzing test case #211 (1247 total, 0 uniq crashes found)...[0m
scheduled max input!!!!
schedule: 8 level26_3/ijon_max/8
updated maxmap 6: 7e4 (len: 939)
updated maxmap 6: 7f8 (len: 939)
updated maxmap 7: 7ee (len: 939)
updated maxmap 8: 7e8 (len: 939)
updated maxmap 7: 7ef (len: 939)
updated maxmap 8: 7e9 (len: 939)
updated maxmap 5: 819 (len: 947)
updated maxmap 6: 7f9 (len: 939)
updated maxmap 8: 7ea (len: 939)
updated maxmap 4: 813 (len: 947)
updated maxmap 5: 81a (len: 947)
updated maxmap 6: 801 (len: 943)
updated maxmap 7: 7f8 (len: 943)
updated maxmap 8: 7f2 (len: 943)
minimized maxmap 7: 7f8 (len: 939)
minimized maxmap 8: 7f2 (len: 939)
updated maxmap 6: 81f (len: 949)
updated maxmap 7: 81d (len: 949)
updated maxmap 8: 815 (len: 949)
updated maxmap 9: 79c (len: 939)
minimized maxmap 8: 815 (len: 945)
updated maxmap 6: 83a (len: 968)
updated maxmap 7: 844 (len: 968)
updated maxmap 8: 84b (len: 968)
[1;94m[*] [0mFuzzing test case #212 (1270 total, 0 uniq crashes found)...[0m
scheduled max input!!!!
schedule: 4 level26_3/ijon_max/4
updated maxmap 5: 81b (len: 947)
updated maxmap 2: 83b (len: 973)
updated maxmap 3: 847 (len: 973)
updated maxmap 4: 851 (len: 973)
updated maxmap 5: 85b (len: 973)
updated maxmap 3: 860 (len: 975)
updated maxmap 4: 853 (len: 975)
updated maxmap 6: 847 (len: 976)
updated maxmap 7: 85c (len: 976)
updated maxmap 8: 857 (len: 976)
[1;94m[*] [0mFuzzing test case #213 (1289 total, 0 uniq crashes found)...[0m
scheduled max input!!!!
schedule: 10 level26_3/ijon_max/10
[1;94m[*] [0mFuzzing test case #214 (1289 total, 0 uniq crashes found)...[0m
scheduled max input!!!!
schedule: 14 level26_3/ijon_max/14
[1;94m[*] [0mFuzzing test case #215 (1289 total, 0 uniq crashes found)...[0m
scheduled max input!!!!
schedule: 10 level26_3/ijon_max/10
minimized maxmap 9: 79c (len: 913)
[1;94m[*] [0mFuzzing test case #216 (1289 total, 0 uniq crashes found)...[0m
scheduled max input!!!!
schedule: 9 level26_3/ijon_max/9
[1;94m[*] [0mFuzzing test case #217 (1289 total, 0 uniq crashes found)...[0m
[1;94m[*] [0mFuzzing test case #218 (1289 total, 0 uniq crashes found)...[0m
[1;94m[*] [0mFuzzing test case #219 (1289 total, 0 uniq crashes found)...[0m
scheduled max input!!!!
schedule: 4 level26_3/ijon_max/4
[1;94m[*] [0mFuzzing test case #220 (1290 total, 0 uniq crashes found)...[0m
[1;94m[*] [0mFuzzing test case #221 (1290 total, 0 uniq crashes found)...[0m
scheduled max input!!!!
schedule: 15 level26_3/ijon_max/15
[1;94m[*] [0mFuzzing test case #222 (1290 total, 0 uniq crashes found)...[0m
scheduled max input!!!!
schedule: 2 level26_3/ijon_max/2
updated maxmap 4: 85a (len: 989)
updated maxmap 5: 85d (len: 989)
updated maxmap 6: 859 (len: 973)
updated maxmap 8: 859 (len: 973)
updated maxmap 6: 85b (len: 973)
updated maxmap 2: 84a (len: 980)
updated maxmap 4: 861 (len: 980)
updated maxmap 5: 86b (len: 980)
minimized maxmap 2: 84a (len: 973)
updated maxmap 2: 84b (len: 973)
updated maxmap 2: 84c (len: 973)
updated maxmap 3: 889 (len: 1002)
updated maxmap 4: 885 (len: 1002)
updated maxmap 7: 86e (len: 1003)
updated maxmap 8: 869 (len: 1003)
updated maxmap 2: 84d (len: 975)
minimized maxmap 2: 84d (len: 973)
[1;94m[*] [0mFuzzing test case #223 (1305 total, 0 uniq crashes found)...[0m
scheduled max input!!!!
schedule: 12 level26_3/ijon_max/12
[1;94m[*] [0mFuzzing test case #224 (1305 total, 0 uniq crashes found)...[0m
scheduled max input!!!!
schedule: 12 level26_3/ijon_max/12
[1;94m[*] [0mFuzzing test case #225 (1305 total, 0 uniq crashes found)...[0m
scheduled max input!!!!
schedule: 7 level26_3/ijon_max/7
updated maxmap 5: 871 (len: 1003)
updated maxmap 6: 86b (len: 1003)
updated maxmap 8: 86a (len: 1003)
updated maxmap 6: 86d (len: 1003)
updated maxmap 7: 874 (len: 1007)
updated maxmap 8: 86f (len: 1007)
minimized maxmap 8: 86f (len: 1003)
updated maxmap 8: 870 (len: 1003)
updated maxmap 8: 871 (len: 1003)
updated maxmap 8: 872 (len: 1003)
updated maxmap 8: 885 (len: 1003)
updated maxmap 6: 86e (len: 1003)
updated maxmap 6: 871 (len: 1003)
updated maxmap 7: 876 (len: 1035)
updated maxmap 8: 89b (len: 1035)
updated maxmap 6: 88c (len: 1035)
updated maxmap 7: 878 (len: 1009)
updated maxmap 7: 892 (len: 1011)
minimized maxmap 7: 892 (len: 1003)
updated maxmap 7: 893 (len: 1003)
updated maxmap 5: 873 (len: 1003)
updated maxmap 7: 894 (len: 1003)
updated maxmap 5: 880 (len: 1008)
minimized maxmap 5: 880 (len: 1007)
updated maxmap 6: 899 (len: 1035)
updated maxmap 7: 898 (len: 1003)
updated maxmap 7: 89a (len: 1003)
updated maxmap 7: 89c (len: 1003)
updated maxmap 7: 89d (len: 1003)
minimized maxmap 8: 89b (len: 1004)
[1;94m[*] [0mFuzzing test case #226 (1324 total, 0 uniq crashes found)...[0m
scheduled max input!!!!
schedule: 9 level26_3/ijon_max/9
[1;94m[*] [0mFuzzing test case #227 (1324 total, 0 uniq crashes found)...[0m
scheduled max input!!!!
schedule: 0 level26_3/ijon_max/0
[1;94m[*] [0mFuzzing test case #228 (1324 total, 0 uniq crashes found)...[0m
scheduled max input!!!!
schedule: 9 level26_3/ijon_max/9
[1;94m[*] [0mFuzzing test case #229 (1324 total, 0 uniq crashes found)...[0m
[1;94m[*] [0mFuzzing test case #230 (1324 total, 0 uniq crashes found)...[0m
scheduled max input!!!!
schedule: 13 level26_3/ijon_max/13
[1;94m[*] [0mFuzzing test case #231 (1324 total, 0 uniq crashes found)...[0m
scheduled max input!!!!
schedule: 14 level26_3/ijon_max/14
[1;94m[*] [0mFuzzing test case #232 (1324 total, 0 uniq crashes found)...[0m
scheduled max input!!!!
schedule: 2 level26_3/ijon_max/2
[1;94m[*] [0mFuzzing test case #233 (1324 total, 0 uniq crashes found)...[0m
scheduled max input!!!!
schedule: 1 level26_3/ijon_max/1
updated maxmap 1: 5ff (len: 939)
[1;94m[*] [0mFuzzing test case #234 (1324 total, 0 uniq crashes found)...[0m
[1;94m[*] [0mFuzzing test case #235 (1324 total, 0 uniq crashes found)...[0m
scheduled max input!!!!
schedule: 8 level26_3/ijon_max/8
updated maxmap 7: 8a0 (len: 1004)
updated maxmap 8: 89d (len: 1004)
updated maxmap 8: 89e (len: 1004)
[1;94m[*] [0mFuzzing test case #236 (1324 total, 0 uniq crashes found)...[0m
scheduled max input!!!!
schedule: 9 level26_3/ijon_max/9
[1;94m[*] [0mFuzzing test case #237 (1324 total, 0 uniq crashes found)...[0m
scheduled max input!!!!
schedule: 12 level26_3/ijon_max/12
[1;94m[*] [0mFuzzing test case #238 (1324 total, 0 uniq crashes found)...[0m
[1;94m[*] [0mFuzzing test case #239 (1324 total, 0 uniq crashes found)...[0m
scheduled max input!!!!
schedule: 3 level26_3/ijon_max/3
updated maxmap 3: 88a (len: 1002)
updated maxmap 4: 886 (len: 1002)
updated maxmap 5: 888 (len: 1003)
[1;94m[*] [0mFuzzing test case #240 (1325 total, 0 uniq crashes found)...[0m
scheduled max input!!!!
schedule: 10 level26_3/ijon_max/10
[1;94m[*] [0mFuzzing test case #241 (1325 total, 0 uniq crashes found)...[0m
scheduled max input!!!!
schedule: 8 level26_3/ijon_max/8
updated maxmap 7: 8a1 (len: 1004)
[1;94m[*] [0mFuzzing test case #242 (1325 total, 0 uniq crashes found)...[0m
scheduled max input!!!!
schedule: 7 level26_3/ijon_max/7
[1;94m[*] [0mFuzzing test case #243 (1325 total, 0 uniq crashes found)...[0m
scheduled max input!!!!
schedule: 12 level26_3/ijon_max/12
[1;94m[*] [0mFuzzing test case #244 (1325 total, 0 uniq crashes found)...[0m
[1;94m[*] [0mFuzzing test case #245 (1325 total, 0 uniq crashes found)...[0m
scheduled max input!!!!
schedule: 12 level26_3/ijon_max/12
[1;94m[*] [0mFuzzing test case #246 (1325 total, 0 uniq crashes found)...[0m
scheduled max input!!!!
schedule: 12 level26_3/ijon_max/12
[1;94m[*] [0mFuzzing test case #247 (1325 total, 0 uniq crashes found)...[0m
scheduled max input!!!!
schedule: 0 level26_3/ijon_max/0
[1;94m[*] [0mFuzzing test case #248 (1325 total, 0 uniq crashes found)...[0m
[1;94m[*] [0mFuzzing test case #249 (1325 total, 0 uniq crashes found)...[0m
scheduled max input!!!!
schedule: 11 level26_3/ijon_max/11
[1;94m[*] [0mFuzzing test case #250 (1325 total, 0 uniq crashes found)...[0m
scheduled max input!!!!
schedule: 13 level26_3/ijon_max/13
[1;94m[*] [0mFuzzing test case #251 (1325 total, 0 uniq crashes found)...[0m
scheduled max input!!!!
schedule: 2 level26_3/ijon_max/2
[1;94m[*] [0mFuzzing test case #252 (1325 total, 0 uniq crashes found)...[0m
[1;94m[*] [0mFuzzing test case #253 (1325 total, 0 uniq crashes found)...[0m
scheduled max input!!!!
schedule: 0 level26_3/ijon_max/0
[1;94m[*] [0mFuzzing test case #254 (1325 total, 0 uniq crashes found)...[0m
scheduled max input!!!!
schedule: 9 level26_3/ijon_max/9
[1;94m[*] [0mFuzzing test case #255 (1325 total, 0 uniq crashes found)...[0m
scheduled max input!!!!
schedule: 1 level26_3/ijon_max/1
[1;94m[*] [0mFuzzing test case #256 (1325 total, 0 uniq crashes found)...[0m
[1;94m[*] [0mFuzzing test case #257 (1325 total, 0 uniq crashes found)...[0m
scheduled max input!!!!
schedule: 0 level26_3/ijon_max/0
[1;94m[*] [0mFuzzing test case #258 (1325 total, 0 uniq crashes found)...[0m
[1;94m[*] [0mFuzzing test case #259 (1325 total, 0 uniq crashes found)...[0m
scheduled max input!!!!
schedule: 10 level26_3/ijon_max/10
updated maxmap 9: 79e (len: 915)
[1;94m[*] [0mFuzzing test case #260 (1325 total, 0 uniq crashes found)...[0m
scheduled max input!!!!
schedule: 15 level26_3/ijon_max/15
[1;94m[*] [0mFuzzing test case #261 (1325 total, 0 uniq crashes found)...[0m
scheduled max input!!!!
schedule: 5 level26_3/ijon_max/5
updated maxmap 5: 88b (len: 1003)
[1;94m[*] [0mFuzzing test case #262 (1325 total, 0 uniq crashes found)...[0m
scheduled max input!!!!
schedule: 15 level26_3/ijon_max/15
[1;94m[*] [0mFuzzing test case #263 (1325 total, 0 uniq crashes found)...[0m
[1;94m[*] [0mFuzzing test case #264 (1325 total, 0 uniq crashes found)...[0m
scheduled max input!!!!
schedule: 11 level26_3/ijon_max/11
[1;94m[*] [0mFuzzing test case #265 (1325 total, 0 uniq crashes found)...[0m
[1;94m[*] [0mFuzzing test case #266 (1325 total, 0 uniq crashes found)...[0m
scheduled max input!!!!
schedule: 11 level26_3/ijon_max/11
[1;94m[*] [0mFuzzing test case #267 (1325 total, 0 uniq crashes found)...[0m
scheduled max input!!!!
schedule: 12 level26_3/ijon_max/12
[1;94m[*] [0mFuzzing test case #268 (1325 total, 0 uniq crashes found)...[0m
scheduled max input!!!!
schedule: 9 level26_3/ijon_max/9
[1;94m[*] [0mFuzzing test case #269 (1325 total, 0 uniq crashes found)...[0m
scheduled max input!!!!
schedule: 9 level26_3/ijon_max/9
[1;94m[*] [0mFuzzing test case #270 (1325 total, 0 uniq crashes found)...[0m
scheduled max input!!!!
schedule: 0 level26_3/ijon_max/0
[1;94m[*] [0mFuzzing test case #271 (1325 total, 0 uniq crashes found)...[0m
scheduled max input!!!!
schedule: 14 level26_3/ijon_max/14
[1;94m[*] [0mFuzzing test case #272 (1325 total, 0 uniq crashes found)...[0m
scheduled max input!!!!
schedule: 5 level26_3/ijon_max/5
updated maxmap 5: 88c (len: 1008)
minimized maxmap 5: 88c (len: 1003)
updated maxmap 5: 88d (len: 1003)
[1;94m[*] [0mFuzzing test case #273 (1327 total, 0 uniq crashes found)...[0m
scheduled max input!!!!
schedule: 14 level26_3/ijon_max/14
[1;94m[*] [0mFuzzing test case #274 (1327 total, 0 uniq crashes found)...[0m
scheduled max input!!!!
schedule: 1 level26_3/ijon_max/1
[1;94m[*] [0mFuzzing test case #275 (1327 total, 0 uniq crashes found)...[0m
scheduled max input!!!!
schedule: 7 level26_3/ijon_max/7
[1;94m[*] [0mFuzzing test case #276 (1327 total, 0 uniq crashes found)...[0m
scheduled max input!!!!
schedule: 9 level26_3/ijon_max/9
updated maxmap 10: 79f (len: 915)
updated maxmap 11: 79e (len: 915)
[1;94m[*] [0mFuzzing test case #277 (1327 total, 0 uniq crashes found)...[0m
scheduled max input!!!!
schedule: 9 level26_3/ijon_max/9
[1;94m[*] [0mFuzzing test case #278 (1327 total, 0 uniq crashes found)...[0m
scheduled max input!!!!
schedule: 5 level26_3/ijon_max/5
[1;94m[*] [0mFuzzing test case #279 (1327 total, 0 uniq crashes found)...[0m
scheduled max input!!!!
schedule: 1 level26_3/ijon_max/1
[1;94m[*] [0mFuzzing test case #280 (1327 total, 0 uniq crashes found)...[0m
scheduled max input!!!!
schedule: 11 level26_3/ijon_max/11
[1;94m[*] [0mFuzzing test case #281 (1327 total, 0 uniq crashes found)...[0m
[1;94m[*] [0mFuzzing test case #282 (1327 total, 0 uniq crashes found)...[0m
scheduled max input!!!!
schedule: 9 level26_3/ijon_max/9
[1;94m[*] [0mFuzzing test case #283 (1327 total, 0 uniq crashes found)...[0m
scheduled max input!!!!
schedule: 8 level26_3/ijon_max/8
[1;94m[*] [0mFuzzing test case #284 (1327 total, 0 uniq crashes found)...[0m
scheduled max input!!!!
schedule: 7 level26_3/ijon_max/7
[1;94m[*] [0mFuzzing test case #285 (1327 total, 0 uniq crashes found)...[0m
[1;94m[*] [0mFuzzing test case #286 (1327 total, 0 uniq crashes found)...[0m
scheduled max input!!!!
schedule: 13 level26_3/ijon_max/13
[1;94m[*] [0mFuzzing test case #287 (1327 total, 0 uniq crashes found)...[0m
scheduled max input!!!!
schedule: 2 level26_3/ijon_max/2
[1;94m[*] [0mFuzzing test case #288 (1327 total, 0 uniq crashes found)...[0m
[1;94m[*] [0mFuzzing test case #289 (1327 total, 0 uniq crashes found)...[0m
scheduled max input!!!!
schedule: 12 level26_3/ijon_max/12
[1;94m[*] [0mFuzzing test case #290 (1327 total, 0 uniq crashes found)...[0m
scheduled max input!!!!
schedule: 8 level26_3/ijon_max/8
[1;94m[*] [0mFuzzing test case #291 (1327 total, 0 uniq crashes found)...[0m
scheduled max input!!!!
schedule: 6 level26_3/ijon_max/6
updated maxmap 6: 89d (len: 1062)
updated maxmap 6: 89f (len: 1040)
minimized maxmap 6: 89f (len: 1035)
updated maxmap 6: 8a1 (len: 1036)
updated maxmap 5: 89f (len: 1035)
updated maxmap 5: 8a6 (len: 1066)
updated maxmap 6: 8ac (len: 1066)
updated maxmap 5: 8ad (len: 1035)
updated maxmap 6: 8b0 (len: 1035)
updated maxmap 5: 8b0 (len: 1035)
updated maxmap 6: 8b2 (len: 1035)
updated maxmap 8: 89f (len: 1035)
[1;94m[*] [0mFuzzing test case #292 (1352 total, 0 uniq crashes found)...[0m
scheduled max input!!!!
schedule: 7 level26_3/ijon_max/7
[1;94m[*] [0mFuzzing test case #293 (1352 total, 0 uniq crashes found)...[0m
[1;94m[*] [0mFuzzing test case #294 (1352 total, 0 uniq crashes found)...[0m
scheduled max input!!!!
schedule: 0 level26_3/ijon_max/0
[1;94m[*] [0mFuzzing test case #295 (1352 total, 0 uniq crashes found)...[0m
scheduled max input!!!!
schedule: 11 level26_3/ijon_max/11
[1;94m[*] [0mFuzzing test case #296 (1352 total, 0 uniq crashes found)...[0m
scheduled max input!!!!
schedule: 14 level26_3/ijon_max/14
[1;94m[*] [0mFuzzing test case #297 (1352 total, 0 uniq crashes found)...[0m
scheduled max input!!!!
schedule: 15 level26_3/ijon_max/15
[1;94m[*] [0mFuzzing test case #298 (1352 total, 0 uniq crashes found)...[0m
scheduled max input!!!!
schedule: 0 level26_3/ijon_max/0
[1;94m[*] [0mFuzzing test case #299 (1352 total, 0 uniq crashes found)...[0m
scheduled max input!!!!
schedule: 14 level26_3/ijon_max/14
[1;94m[*] [0mFuzzing test case #300 (1352 total, 0 uniq crashes found)...[0m
scheduled max input!!!!
schedule: 10 level26_3/ijon_max/10
[1;94m[*] [0mFuzzing test case #301 (1352 total, 0 uniq crashes found)...[0m
scheduled max input!!!!
schedule: 11 level26_3/ijon_max/11
[1;94m[*] [0mFuzzing test case #302 (1352 total, 0 uniq crashes found)...[0m
scheduled max input!!!!
schedule: 12 level26_3/ijon_max/12
[1;94m[*] [0mFuzzing test case #303 (1352 total, 0 uniq crashes found)...[0m
scheduled max input!!!!
schedule: 11 level26_3/ijon_max/11
[1;94m[*] [0mFuzzing test case #304 (1353 total, 0 uniq crashes found)...[0m
scheduled max input!!!!
schedule: 6 level26_3/ijon_max/6
[1;94m[*] [0mFuzzing test case #305 (1353 total, 0 uniq crashes found)...[0m
scheduled max input!!!!
schedule: 11 level26_3/ijon_max/11
[1;94m[*] [0mFuzzing test case #306 (1353 total, 0 uniq crashes found)...[0m
scheduled max input!!!!
schedule: 10 level26_3/ijon_max/10
[1;94m[*] [0mFuzzing test case #307 (1353 total, 0 uniq crashes found)...[0m
[1;94m[*] [0mFuzzing test case #308 (1353 total, 0 uniq crashes found)...[0m
scheduled max input!!!!
schedule: 11 level26_3/ijon_max/11
[1;94m[*] [0mFuzzing test case #309 (1353 total, 0 uniq crashes found)...[0m
scheduled max input!!!!
schedule: 1 level26_3/ijon_max/1
[1;94m[*] [0mFuzzing test case #310 (1353 total, 0 uniq crashes found)...[0m
[1;94m[*] [0mFuzzing test case #311 (1353 total, 0 uniq crashes found)...[0m
[1;94m[*] [0mFuzzing test case #312 (1353 total, 0 uniq crashes found)...[0m
scheduled max input!!!!
schedule: 1 level26_3/ijon_max/1
updated maxmap 1: 600 (len: 939)
[1;94m[*] [0mFuzzing test case #313 (1354 total, 0 uniq crashes found)...[0m
scheduled max input!!!!
schedule: 5 level26_3/ijon_max/5
[1;94m[*] [0mFuzzing test case #314 (1354 total, 0 uniq crashes found)...[0m
scheduled max input!!!!
schedule: 15 level26_3/ijon_max/15
[1;94m[*] [0mFuzzing test case #315 (1354 total, 0 uniq crashes found)...[0m
scheduled max input!!!!
schedule: 0 level26_3/ijon_max/0
[1;94m[*] [0mFuzzing test case #316 (1354 total, 0 uniq crashes found)...[0m
scheduled max input!!!!
schedule: 8 level26_3/ijon_max/8
updated maxmap 8: 8a0 (len: 1035)
[1;94m[*] [0mFuzzing test case #317 (1354 total, 0 uniq crashes found)...[0m
[1;94m[*] [0mFuzzing test case #318 (1354 total, 0 uniq crashes found)...[0m
scheduled max input!!!!
schedule: 2 level26_3/ijon_max/2
[1;94m[*] [0mFuzzing test case #319 (1354 total, 0 uniq crashes found)...[0m
[1;94m[*] [0mFuzzing test case #320 (1354 total, 0 uniq crashes found)...[0m
scheduled max input!!!!
schedule: 7 level26_3/ijon_max/7
[1;94m[*] [0mFuzzing test case #321 (1354 total, 0 uniq crashes found)...[0m
scheduled max input!!!!
schedule: 7 level26_3/ijon_max/7
[1;94m[*] [0mFuzzing test case #322 (1355 total, 0 uniq crashes found)...[0m
scheduled max input!!!!
schedule: 5 level26_3/ijon_max/5
[1;94m[*] [0mFuzzing test case #323 (1355 total, 0 uniq crashes found)...[0m
scheduled max input!!!!
schedule: 8 level26_3/ijon_max/8
[1;94m[*] [0mFuzzing test case #324 (1355 total, 0 uniq crashes found)...[0m
scheduled max input!!!!
schedule: 0 level26_3/ijon_max/0
[1;94m[*] [0mFuzzing test case #325 (1355 total, 0 uniq crashes found)...[0m
[1;94m[*] [0mFuzzing test case #326 (1355 total, 0 uniq crashes found)...[0m
scheduled max input!!!!
schedule: 8 level26_3/ijon_max/8
updated maxmap 8: 8a1 (len: 1041)
updated maxmap 7: 8a3 (len: 1040)
updated maxmap 7: 8a7 (len: 1067)
updated maxmap 8: 8a2 (len: 1042)
updated maxmap 7: 8ad (len: 1065)
updated maxmap 8: 8a8 (len: 1065)
[1;94m[*] [0mFuzzing test case #327 (1363 total, 0 uniq crashes found)...[0m
scheduled max input!!!!
schedule: 11 level26_3/ijon_max/11
[1;94m[*] [0mFuzzing test case #328 (1363 total, 0 uniq crashes found)...[0m
scheduled max input!!!!
schedule: 8 level26_3/ijon_max/8
updated maxmap 6: 8b3 (len: 1065)
updated maxmap 7: 8ae (len: 1065)
updated maxmap 8: 8a9 (len: 1065)
updated maxmap 6: 8b4 (len: 1065)
[1;94m[*] [0mFuzzing test case #329 (1363 total, 0 uniq crashes found)...[0m
scheduled max input!!!!
schedule: 11 level26_3/ijon_max/11
[1;94m[*] [0mFuzzing test case #330 (1363 total, 0 uniq crashes found)...[0m
scheduled max input!!!!
schedule: 12 level26_3/ijon_max/12
[1;94m[*] [0mFuzzing test case #331 (1363 total, 0 uniq crashes found)...[0m
scheduled max input!!!!
schedule: 12 level26_3/ijon_max/12
[1;94m[*] [0mFuzzing test case #332 (1363 total, 0 uniq crashes found)...[0m
scheduled max input!!!!
schedule: 13 level26_3/ijon_max/13
[1;94m[*] [0mFuzzing test case #333 (1363 total, 0 uniq crashes found)...[0m
[1;94m[*] [0mFuzzing test case #334 (1363 total, 0 uniq crashes found)...[0m
scheduled max input!!!!
schedule: 12 level26_3/ijon_max/12
[1;94m[*] [0mFuzzing test case #335 (1363 total, 0 uniq crashes found)...[0m
scheduled max input!!!!
schedule: 7 level26_3/ijon_max/7
updated maxmap 6: 8b9 (len: 1065)
updated maxmap 7: 8b2 (len: 1065)
updated maxmap 8: 8ac (len: 1065)
updated maxmap 6: 8ba (len: 1065)
updated maxmap 7: 8b8 (len: 1065)
updated maxmap 8: 8b2 (len: 1065)
updated maxmap 6: 8bf (len: 1065)
updated maxmap 7: 8ba (len: 1065)
updated maxmap 8: 8b4 (len: 1065)
[1;94m[*] [0mFuzzing test case #336 (1365 total, 0 uniq crashes found)...[0m
scheduled max input!!!!
schedule: 15 level26_3/ijon_max/15
[1;94m[*] [0mFuzzing test case #337 (1365 total, 0 uniq crashes found)...[0m
scheduled max input!!!!
schedule: 7 level26_3/ijon_max/7
updated maxmap 7: 8bb (len: 1065)
updated maxmap 8: 8b6 (len: 1065)
[1;94m[*] [0mFuzzing test case #338 (1365 total, 0 uniq crashes found)...[0m
[1;94m[*] [0mFuzzing test case #339 (1365 total, 0 uniq crashes found)...[0m
[1;94m[*] [0mFuzzing test case #340 (1365 total, 0 uniq crashes found)...[0m
scheduled max input!!!!
schedule: 7 level26_3/ijon_max/7
[1;94m[*] [0mFuzzing test case #341 (1365 total, 0 uniq crashes found)...[0m
scheduled max input!!!!
schedule: 13 level26_3/ijon_max/13
[1;94m[*] [0mFuzzing test case #342 (1365 total, 0 uniq crashes found)...[0m
scheduled max input!!!!
schedule: 14 level26_3/ijon_max/14
[1;94m[*] [0mFuzzing test case #343 (1365 total, 0 uniq crashes found)...[0m
scheduled max input!!!!
schedule: 2 level26_3/ijon_max/2
[1;94m[*] [0mFuzzing test case #344 (1365 total, 0 uniq crashes found)...[0m
scheduled max input!!!!
schedule: 4 level26_3/ijon_max/4
updated maxmap 3: 88b (len: 1002)
[1;94m[*] [0mFuzzing test case #345 (1366 total, 0 uniq crashes found)...[0m
scheduled max input!!!!
schedule: 4 level26_3/ijon_max/4
[1;94m[*] [0mFuzzing test case #346 (1366 total, 0 uniq crashes found)...[0m
scheduled max input!!!!
schedule: 2 level26_3/ijon_max/2
[1;94m[*] [0mFuzzing test case #347 (1366 total, 0 uniq crashes found)...[0m
scheduled max input!!!!
schedule: 5 level26_3/ijon_max/5
[1;94m[*] [0mFuzzing test case #348 (1366 total, 0 uniq crashes found)...[0m
scheduled max input!!!!
schedule: 0 level26_3/ijon_max/0
[1;94m[*] [0mFuzzing test case #349 (1366 total, 0 uniq crashes found)...[0m
[1;94m[*] [0mFuzzing test case #350 (1366 total, 0 uniq crashes found)...[0m
[1;94m[*] [0mFuzzing test case #351 (1366 total, 0 uniq crashes found)...[0m
scheduled max input!!!!
schedule: 2 level26_3/ijon_max/2
[1;94m[*] [0mFuzzing test case #352 (1366 total, 0 uniq crashes found)...[0m
scheduled max input!!!!
schedule: 15 level26_3/ijon_max/15
[1;94m[*] [0mFuzzing test case #353 (1366 total, 0 uniq crashes found)...[0m
scheduled max input!!!!
schedule: 10 level26_3/ijon_max/10
[1;94m[*] [0mFuzzing test case #354 (1366 total, 0 uniq crashes found)...[0m
scheduled max input!!!!
schedule: 11 level26_3/ijon_max/11
[1;94m[*] [0mFuzzing test case #355 (1366 total, 0 uniq crashes found)...[0m
scheduled max input!!!!
schedule: 11 level26_3/ijon_max/11
[1;94m[*] [0mFuzzing test case #356 (1366 total, 0 uniq crashes found)...[0m
scheduled max input!!!!
schedule: 9 level26_3/ijon_max/9
[1;94m[*] [0mFuzzing test case #357 (1366 total, 0 uniq crashes found)...[0m
scheduled max input!!!!
schedule: 9 level26_3/ijon_max/9
[1;94m[*] [0mFuzzing test case #358 (1366 total, 0 uniq crashes found)...[0m
[1;94m[*] [0mFuzzing test case #359 (1366 total, 0 uniq crashes found)...[0m
[1;94m[*] [0mFuzzing test case #360 (1366 total, 0 uniq crashes found)...[0m
scheduled max input!!!!
schedule: 5 level26_3/ijon_max/5
[1;94m[*] [0mFuzzing test case #361 (1366 total, 0 uniq crashes found)...[0m
scheduled max input!!!!
schedule: 14 level26_3/ijon_max/14
[1;94m[*] [0mFuzzing test case #362 (1366 total, 0 uniq crashes found)...[0m
scheduled max input!!!!
schedule: 9 level26_3/ijon_max/9
[1;94m[*] [0mFuzzing test case #363 (1366 total, 0 uniq crashes found)...[0m
[1;94m[*] [0mFuzzing test case #364 (1366 total, 0 uniq crashes found)...[0m
scheduled max input!!!!
schedule: 3 level26_3/ijon_max/3
updated maxmap 3: 88c (len: 1002)
updated maxmap 4: 887 (len: 1002)
[1;94m[*] [0mFuzzing test case #365 (1367 total, 0 uniq crashes found)...[0m
scheduled max input!!!!
schedule: 12 level26_3/ijon_max/12
[1;94m[*] [0mFuzzing test case #366 (1367 total, 0 uniq crashes found)...[0m
scheduled max input!!!!
schedule: 8 level26_3/ijon_max/8
[1;94m[*] [0mFuzzing test case #367 (1369 total, 0 uniq crashes found)...[0m
[1;94m[*] [0mFuzzing test case #368 (1369 total, 0 uniq crashes found)...[0m
scheduled max input!!!!
schedule: 2 level26_3/ijon_max/2
[1;94m[*] [0mFuzzing test case #369 (1369 total, 0 uniq crashes found)...[0m
scheduled max input!!!!
schedule: 2 level26_3/ijon_max/2
[1;94m[*] [0mFuzzing test case #370 (1369 total, 0 uniq crashes found)...[0m
scheduled max input!!!!
schedule: 3 level26_3/ijon_max/3
updated maxmap 4: 888 (len: 1002)
[1;94m[*] [0mFuzzing test case #371 (1370 total, 0 uniq crashes found)...[0m
scheduled max input!!!!
schedule: 14 level26_3/ijon_max/14
[1;94m[*] [0mFuzzing test case #372 (1370 total, 0 uniq crashes found)...[0m
[1;94m[*] [0mFuzzing test case #373 (1370 total, 0 uniq crashes found)...[0m
scheduled max input!!!!
schedule: 1 level26_3/ijon_max/1
[1;94m[*] [0mFuzzing test case #374 (1370 total, 0 uniq crashes found)...[0m
scheduled max input!!!!
schedule: 15 level26_3/ijon_max/15
[1;94m[*] [0mFuzzing test case #375 (1370 total, 0 uniq crashes found)...[0m
scheduled max input!!!!
schedule: 5 level26_3/ijon_max/5
[1;94m[*] [0mFuzzing test case #376 (1370 total, 0 uniq crashes found)...[0m
scheduled max input!!!!
schedule: 9 level26_3/ijon_max/9
[1;94m[*] [0mFuzzing test case #377 (1370 total, 0 uniq crashes found)...[0m
scheduled max input!!!!
schedule: 14 level26_3/ijon_max/14
[1;94m[*] [0mFuzzing test case #378 (1370 total, 0 uniq crashes found)...[0m
scheduled max input!!!!
schedule: 5 level26_3/ijon_max/5
[1;94m[*] [0mFuzzing test case #379 (1370 total, 0 uniq crashes found)...[0m
[1;94m[*] [0mFuzzing test case #380 (1370 total, 0 uniq crashes found)...[0m
scheduled max input!!!!
schedule: 13 level26_3/ijon_max/13
[1;94m[*] [0mFuzzing test case #381 (1370 total, 0 uniq crashes found)...[0m
scheduled max input!!!!
schedule: 11 level26_3/ijon_max/11
[1;94m[*] [0mFuzzing test case #382 (1370 total, 0 uniq crashes found)...[0m
scheduled max input!!!!
schedule: 0 level26_3/ijon_max/0
[1;94m[*] [0mFuzzing test case #383 (1370 total, 0 uniq crashes found)...[0m
scheduled max input!!!!
schedule: 7 level26_3/ijon_max/7
[1;94m[*] [0mFuzzing test case #384 (1371 total, 0 uniq crashes found)...[0m
scheduled max input!!!!
schedule: 6 level26_3/ijon_max/6
[1;94m[*] [0mFuzzing test case #385 (1371 total, 0 uniq crashes found)...[0m
scheduled max input!!!!
schedule: 7 level26_3/ijon_max/7
[1;94m[*] [0mFuzzing test case #386 (1371 total, 0 uniq crashes found)...[0m
[1;94m[*] [0mFuzzing test case #387 (1371 total, 0 uniq crashes found)...[0m
scheduled max input!!!!
schedule: 11 level26_3/ijon_max/11
[1;94m[*] [0mFuzzing test case #388 (1371 total, 0 uniq crashes found)...[0m
scheduled max input!!!!
schedule: 8 level26_3/ijon_max/8
[1;94m[*] [0mFuzzing test case #389 (1371 total, 0 uniq crashes found)...[0m
scheduled max input!!!!
schedule: 9 level26_3/ijon_max/9
[1;94m[*] [0mFuzzing test case #390 (1371 total, 0 uniq crashes found)...[0m
scheduled max input!!!!
schedule: 9 level26_3/ijon_max/9
[1;94m[*] [0mFuzzing test case #391 (1371 total, 0 uniq crashes found)...[0m
scheduled max input!!!!
schedule: 10 level26_3/ijon_max/10
[1;94m[*] [0mFuzzing test case #392 (1371 total, 0 uniq crashes found)...[0m
[1;94m[*] [0mFuzzing test case #393 (1371 total, 0 uniq crashes found)...[0m
scheduled max input!!!!
schedule: 6 level26_3/ijon_max/6
updated maxmap 8: 8b7 (len: 1071)
[1;94m[*] [0mFuzzing test case #394 (1371 total, 0 uniq crashes found)...[0m
scheduled max input!!!!
schedule: 0 level26_3/ijon_max/0
[1;94m[*] [0mFuzzing test case #395 (1371 total, 0 uniq crashes found)...[0m
scheduled max input!!!!
schedule: 13 level26_3/ijon_max/13
[1;94m[*] [0mFuzzing test case #396 (1371 total, 0 uniq crashes found)...[0m
scheduled max input!!!!
schedule: 11 level26_3/ijon_max/11
[1;94m[*] [0mFuzzing test case #397 (1371 total, 0 uniq crashes found)...[0m
[1;94m[*] [0mFuzzing test case #398 (1371 total, 0 uniq crashes found)...[0m
scheduled max input!!!!
schedule: 1 level26_3/ijon_max/1
[1;94m[*] [0mFuzzing test case #399 (1371 total, 0 uniq crashes found)...[0m
scheduled max input!!!!
schedule: 13 level26_3/ijon_max/13
[1;94m[*] [0mFuzzing test case #400 (1371 total, 0 uniq crashes found)...[0m
[1;94m[*] [0mFuzzing test case #401 (1371 total, 0 uniq crashes found)...[0m
scheduled max input!!!!
schedule: 7 level26_3/ijon_max/7
[1;94m[*] [0mFuzzing test case #402 (1372 total, 0 uniq crashes found)...[0m
scheduled max input!!!!
schedule: 5 level26_3/ijon_max/5
[1;94m[*] [0mFuzzing test case #403 (1374 total, 0 uniq crashes found)...[0m
scheduled max input!!!!
schedule: 8 level26_3/ijon_max/8
updated maxmap 8: 8ba (len: 1071)
[1;94m[*] [0mFuzzing test case #404 (1374 total, 0 uniq crashes found)...[0m
scheduled max input!!!!
schedule: 12 level26_3/ijon_max/12
[1;94m[*] [0mFuzzing test case #405 (1374 total, 0 uniq crashes found)...[0m
scheduled max input!!!!
schedule: 5 level26_3/ijon_max/5
[1;94m[*] [0mFuzzing test case #406 (1374 total, 0 uniq crashes found)...[0m
scheduled max input!!!!
schedule: 11 level26_3/ijon_max/11
[1;94m[*] [0mFuzzing test case #407 (1374 total, 0 uniq crashes found)...[0m
scheduled max input!!!!
schedule: 4 level26_3/ijon_max/4
updated maxmap 4: 88b (len: 1002)
[1;94m[*] [0mFuzzing test case #408 (1374 total, 0 uniq crashes found)...[0m
scheduled max input!!!!
schedule: 3 level26_3/ijon_max/3
updated maxmap 1: 892 (len: 1002)
updated maxmap 2: 88c (len: 1002)
updated maxmap 2: 890 (len: 1002)
updated maxmap 4: 891 (len: 1006)
updated maxmap 3: 88d (len: 1003)
updated maxmap 4: 892 (len: 1004)
updated maxmap 2: 8a0 (len: 1002)
updated maxmap 1: 894 (len: 1002)
updated maxmap 1: 898 (len: 1002)
minimized maxmap 3: 88d (len: 1002)
updated maxmap 3: 88f (len: 1003)
[1;94m[*] [0mFuzzing test case #409 (1382 total, 0 uniq crashes found)...[0m
scheduled max input!!!!
schedule: 6 level26_3/ijon_max/6
[1;94m[*] [0mFuzzing test case #410 (1382 total, 0 uniq crashes found)...[0m
scheduled max input!!!!
schedule: 1 level26_3/ijon_max/1
updated maxmap 1: 899 (len: 1002)
updated maxmap 2: 8aa (len: 1024)
updated maxmap 3: 8b4 (len: 1024)
updated maxmap 4: 8be (len: 1024)
updated maxmap 5: 8c8 (len: 1024)
updated maxmap 6: 8ca (len: 1024)
updated maxmap 1: 89a (len: 1003)
updated maxmap 1: 89b (len: 1002)
updated maxmap 1: 8a0 (len: 1002)
updated maxmap 1: 8a2 (len: 1004)
[1;94m[*] [0mFuzzing test case #411 (1391 total, 0 uniq crashes found)...[0m
scheduled max input!!!!
schedule: 15 level26_3/ijon_max/15
[1;94m[*] [0mFuzzing test case #412 (1391 total, 0 uniq crashes found)...[0m
scheduled max input!!!!
schedule: 4 level26_3/ijon_max/4
[1;94m[*] [0mFuzzing test case #413 (1392 total, 0 uniq crashes found)...[0m
[1;94m[*] [0mFuzzing test case #414 (1392 total, 0 uniq crashes found)...[0m
scheduled max input!!!!
schedule: 10 level26_3/ijon_max/10
[1;94m[*] [0mFuzzing test case #415 (1392 total, 0 uniq crashes found)...[0m
scheduled max input!!!!
schedule: 1 level26_3/ijon_max/1
[1;94m[*] [0mFuzzing test case #416 (1392 total, 0 uniq crashes found)...[0m
[1;94m[*] [0mFuzzing test case #417 (1392 total, 0 uniq crashes found)...[0m
scheduled max input!!!!
schedule: 3 level26_3/ijon_max/3
[1;94m[*] [0mFuzzing test case #418 (1392 total, 0 uniq crashes found)...[0m
[1;94m[*] [0mFuzzing test case #419 (1392 total, 0 uniq crashes found)...[0m
scheduled max input!!!!
schedule: 14 level26_3/ijon_max/14
[1;94m[*] [0mFuzzing test case #420 (1392 total, 0 uniq crashes found)...[0m
scheduled max input!!!!
schedule: 13 level26_3/ijon_max/13
[1;94m[*] [0mFuzzing test case #421 (1392 total, 0 uniq crashes found)...[0m
scheduled max input!!!!
schedule: 13 level26_3/ijon_max/13
[1;94m[*] [0mFuzzing test case #422 (1392 total, 0 uniq crashes found)...[0m
[1;94m[*] [0mFuzzing test case #423 (1392 total, 0 uniq crashes found)...[0m
scheduled max input!!!!
schedule: 11 level26_3/ijon_max/11
[1;94m[*] [0mFuzzing test case #424 (1392 total, 0 uniq crashes found)...[0m
scheduled max input!!!!
schedule: 8 level26_3/ijon_max/8
[1;94m[*] [0mFuzzing test case #425 (1392 total, 0 uniq crashes found)...[0m
scheduled max input!!!!
schedule: 8 level26_3/ijon_max/8
[1;94m[*] [0mFuzzing test case #426 (1392 total, 0 uniq crashes found)...[0m
scheduled max input!!!!
schedule: 10 level26_3/ijon_max/10
[1;94m[*] [0mFuzzing test case #427 (1392 total, 0 uniq crashes found)...[0m
scheduled max input!!!!
schedule: 3 level26_3/ijon_max/3
[1;94m[*] [0mFuzzing test case #428 (1392 total, 0 uniq crashes found)...[0m
scheduled max input!!!!
schedule: 10 level26_3/ijon_max/10
[1;94m[*] [0mFuzzing test case #429 (1392 total, 0 uniq crashes found)...[0m
scheduled max input!!!!
schedule: 12 level26_3/ijon_max/12
[1;94m[*] [0mFuzzing test case #430 (1392 total, 0 uniq crashes found)...[0m
scheduled max input!!!!
schedule: 15 level26_3/ijon_max/15
[1;94m[*] [0mFuzzing test case #431 (1392 total, 0 uniq crashes found)...[0m
scheduled max input!!!!
schedule: 13 level26_3/ijon_max/13
[1;94m[*] [0mFuzzing test case #432 (1392 total, 0 uniq crashes found)...[0m
scheduled max input!!!!
schedule: 7 level26_3/ijon_max/7
[1;94m[*] [0mFuzzing test case #433 (1393 total, 0 uniq crashes found)...[0m
scheduled max input!!!!
schedule: 5 level26_3/ijon_max/5
[1;94m[*] [0mFuzzing test case #434 (1393 total, 0 uniq crashes found)...[0m
scheduled max input!!!!
schedule: 3 level26_3/ijon_max/3
[1;94m[*] [0mFuzzing test case #435 (1393 total, 0 uniq crashes found)...[0m
scheduled max input!!!!
schedule: 0 level26_3/ijon_max/0
[1;94m[*] [0mFuzzing test case #436 (1393 total, 0 uniq crashes found)...[0m
scheduled max input!!!!
schedule: 15 level26_3/ijon_max/15
[1;94m[*] [0mFuzzing test case #437 (1393 total, 0 uniq crashes found)...[0m
[1;94m[*] [0mFuzzing test case #438 (1393 total, 0 uniq crashes found)...[0m
scheduled max input!!!!
schedule: 11 level26_3/ijon_max/11
[1;94m[*] [0mFuzzing test case #439 (1393 total, 0 uniq crashes found)...[0m
scheduled max input!!!!
schedule: 2 level26_3/ijon_max/2
[1;94m[*] [0mFuzzing test case #440 (1393 total, 0 uniq crashes found)...[0m
scheduled max input!!!!
schedule: 9 level26_3/ijon_max/9
[1;94m[*] [0mFuzzing test case #441 (1393 total, 0 uniq crashes found)...[0m
scheduled max input!!!!
schedule: 9 level26_3/ijon_max/9
[1;94m[*] [0mFuzzing test case #442 (1393 total, 0 uniq crashes found)...[0m
scheduled max input!!!!
schedule: 5 level26_3/ijon_max/5
[1;94m[*] [0mFuzzing test case #443 (1394 total, 0 uniq crashes found)...[0m
scheduled max input!!!!
schedule: 13 level26_3/ijon_max/13
[1;94m[*] [0mFuzzing test case #444 (1394 total, 0 uniq crashes found)...[0m
scheduled max input!!!!
schedule: 0 level26_3/ijon_max/0
[1;94m[*] [0mFuzzing test case #445 (1394 total, 0 uniq crashes found)...[0m
scheduled max input!!!!
schedule: 0 level26_3/ijon_max/0
[1;94m[*] [0mFuzzing test case #446 (1394 total, 0 uniq crashes found)...[0m
scheduled max input!!!!
schedule: 13 level26_3/ijon_max/13
[1;94m[*] [0mFuzzing test case #447 (1394 total, 0 uniq crashes found)...[0m
scheduled max input!!!!
schedule: 6 level26_3/ijon_max/6
[1;94m[*] [0mFuzzing test case #448 (1394 total, 0 uniq crashes found)...[0m
scheduled max input!!!!
schedule: 2 level26_3/ijon_max/2
updated maxmap 2: 8ab (len: 1025)
updated maxmap 3: 8b5 (len: 1025)
updated maxmap 6: 8cb (len: 1025)
minimized maxmap 2: 8ab (len: 1024)
minimized maxmap 3: 8b5 (len: 1024)
updated maxmap 2: 8ac (len: 1024)
[1;94m[*] [0mFuzzing test case #449 (1394 total, 0 uniq crashes found)...[0m
scheduled max input!!!!
schedule: 15 level26_3/ijon_max/15
[1;94m[*] [0mFuzzing test case #450 (1394 total, 0 uniq crashes found)...[0m
scheduled max input!!!!
schedule: 3 level26_3/ijon_max/3
[1;94m[*] [0mFuzzing test case #451 (1394 total, 0 uniq crashes found)...[0m
scheduled max input!!!!
schedule: 3 level26_3/ijon_max/3
updated maxmap 2: 8b0 (len: 1026)
updated maxmap 3: 8ba (len: 1026)
updated maxmap 4: 8c3 (len: 1026)
updated maxmap 5: 8cd (len: 1026)
updated maxmap 6: 8cf (len: 1026)
minimized maxmap 2: 8b0 (len: 1024)
minimized maxmap 3: 8ba (len: 1024)
minimized maxmap 4: 8c3 (len: 1024)
minimized maxmap 5: 8cd (len: 1024)
minimized maxmap 6: 8cf (len: 1024)
[1;94m[*] [0mFuzzing test case #452 (1395 total, 0 uniq crashes found)...[0m
scheduled max input!!!!
schedule: 10 level26_3/ijon_max/10
[1;94m[*] [0mFuzzing test case #453 (1395 total, 0 uniq crashes found)...[0m
scheduled max input!!!!
schedule: 14 level26_3/ijon_max/14
[1;94m[*] [0mFuzzing test case #454 (1395 total, 0 uniq crashes found)...[0m
scheduled max input!!!!
schedule: 10 level26_3/ijon_max/10
[1;94m[*] [0mFuzzing test case #455 (1395 total, 0 uniq crashes found)...[0m
scheduled max input!!!!
schedule: 12 level26_3/ijon_max/12
[1;94m[*] [0mFuzzing test case #456 (1395 total, 0 uniq crashes found)...[0m
[1;94m[*] [0mFuzzing test case #457 (1395 total, 0 uniq crashes found)...[0m
scheduled max input!!!!
schedule: 0 level26_3/ijon_max/0
[1;94m[*] [0mFuzzing test case #458 (1395 total, 0 uniq crashes found)...[0m
scheduled max input!!!!
schedule: 7 level26_3/ijon_max/7
[1;94m[*] [0mFuzzing test case #459 (1395 total, 0 uniq crashes found)...[0m
scheduled max input!!!!
schedule: 1 level26_3/ijon_max/1
[1;94m[*] [0mFuzzing test case #460 (1395 total, 0 uniq crashes found)...[0m
scheduled max input!!!!
schedule: 15 level26_3/ijon_max/15
[1;94m[*] [0mFuzzing test case #461 (1395 total, 0 uniq crashes found)...[0m
scheduled max input!!!!
schedule: 15 level26_3/ijon_max/15
[1;94m[*] [0mFuzzing test case #462 (1395 total, 0 uniq crashes found)...[0m
[1;94m[*] [0mFuzzing test case #463 (1395 total, 0 uniq crashes found)...[0m
scheduled max input!!!!
schedule: 13 level26_3/ijon_max/13
[1;94m[*] [0mFuzzing test case #464 (1395 total, 0 uniq crashes found)...[0m
scheduled max input!!!!
schedule: 11 level26_3/ijon_max/11
[1;94m[*] [0mFuzzing test case #465 (1395 total, 0 uniq crashes found)...[0m
[1;94m[*] [0mFuzzing test case #466 (1395 total, 0 uniq crashes found)...[0m
scheduled max input!!!!
schedule: 3 level26_3/ijon_max/3
updated maxmap 2: 8b1 (len: 1024)
updated maxmap 3: 8bb (len: 1024)
updated maxmap 4: 8c4 (len: 1024)
updated maxmap 5: 8ce (len: 1024)
updated maxmap 6: 8d0 (len: 1024)
[1;94m[*] [0mFuzzing test case #467 (1395 total, 0 uniq crashes found)...[0m
scheduled max input!!!!
schedule: 15 level26_3/ijon_max/15
[1;94m[*] [0mFuzzing test case #468 (1395 total, 0 uniq crashes found)...[0m
scheduled max input!!!!
schedule: 3 level26_3/ijon_max/3
updated maxmap 2: 8b2 (len: 1024)
[1;94m[*] [0mFuzzing test case #469 (1395 total, 0 uniq crashes found)...[0m
scheduled max input!!!!
schedule: 7 level26_3/ijon_max/7
[1;94m[*] [0mFuzzing test case #470 (1395 total, 0 uniq crashes found)...[0m
scheduled max input!!!!
schedule: 9 level26_3/ijon_max/9
[1;94m[*] [0mFuzzing test case #471 (1395 total, 0 uniq crashes found)...[0m
[1;94m[*] [0mFuzzing test case #472 (1395 total, 0 uniq crashes found)...[0m
[1;94m[*] [0mFuzzing test case #473 (1395 total, 0 uniq crashes found)...[0m
scheduled max input!!!!
schedule: 12 level26_3/ijon_max/12
[1;94m[*] [0mFuzzing test case #474 (1395 total, 0 uniq crashes found)...[0m
[1;94m[*] [0mFuzzing test case #475 (1395 total, 0 uniq crashes found)...[0m
scheduled max input!!!!
schedule: 10 level26_3/ijon_max/10
[1;94m[*] [0mFuzzing test case #476 (1395 total, 0 uniq crashes found)...[0m
scheduled max input!!!!
schedule: 0 level26_3/ijon_max/0
[1;94m[*] [0mFuzzing test case #477 (1395 total, 0 uniq crashes found)...[0m
scheduled max input!!!!
schedule: 12 level26_3/ijon_max/12
[1;94m[*] [0mFuzzing test case #478 (1395 total, 0 uniq crashes found)...[0m
scheduled max input!!!!
schedule: 5 level26_3/ijon_max/5
updated maxmap 6: 8d1 (len: 1024)
[1;94m[*] [0mFuzzing test case #479 (1395 total, 0 uniq crashes found)...[0m
[1;94m[*] [0mFuzzing test case #480 (1395 total, 0 uniq crashes found)...[0m
[1;94m[*] [0mFuzzing test case #481 (1395 total, 0 uniq crashes found)...[0m
scheduled max input!!!!
schedule: 8 level26_3/ijon_max/8
updated maxmap 8: 8bb (len: 1071)
[1;94m[*] [0mFuzzing test case #482 (1395 total, 0 uniq crashes found)...[0m
scheduled max input!!!!
schedule: 1 level26_3/ijon_max/1
[1;94m[*] [0mFuzzing test case #483 (1395 total, 0 uniq crashes found)...[0m
scheduled max input!!!!
schedule: 5 level26_3/ijon_max/5
[1;94m[*] [0mFuzzing test case #484 (1395 total, 0 uniq crashes found)...[0m
scheduled max input!!!!
schedule: 1 level26_3/ijon_max/1
[1;94m[*] [0mFuzzing test case #485 (1395 total, 0 uniq crashes found)...[0m
[1;94m[*] [0mFuzzing test case #486 (1395 total, 0 uniq crashes found)...[0m
[1;94m[*] [0mFuzzing test case #487 (1395 total, 0 uniq crashes found)...[0m
scheduled max input!!!!
schedule: 7 level26_3/ijon_max/7
[1;94m[*] [0mFuzzing test case #488 (1395 total, 0 uniq crashes found)...[0m
scheduled max input!!!!
schedule: 2 level26_3/ijon_max/2
updated maxmap 4: 8c5 (len: 1024)
updated maxmap 5: 8cf (len: 1024)
updated maxmap 6: 8d2 (len: 1024)
[1;94m[*] [0mFuzzing test case #489 (1395 total, 0 uniq crashes found)...[0m
scheduled max input!!!!
schedule: 1 level26_3/ijon_max/1
[1;94m[*] [0mFuzzing test case #490 (1395 total, 0 uniq crashes found)...[0m
scheduled max input!!!!
schedule: 0 level26_3/ijon_max/0
[1;94m[*] [0mFuzzing test case #491 (1395 total, 0 uniq crashes found)...[0m
[1;94m[*] [0mFuzzing test case #492 (1395 total, 0 uniq crashes found)...[0m
scheduled max input!!!!
schedule: 8 level26_3/ijon_max/8
[1;94m[*] [0mFuzzing test case #493 (1395 total, 0 uniq crashes found)...[0m
[1;94m[*] [0mFuzzing test case #494 (1395 total, 0 uniq crashes found)...[0m
scheduled max input!!!!
schedule: 9 level26_3/ijon_max/9
[1;94m[*] [0mFuzzing test case #495 (1395 total, 0 uniq crashes found)...[0m
scheduled max input!!!!
schedule: 5 level26_3/ijon_max/5
updated maxmap 3: 8bc (len: 1024)
updated maxmap 4: 8c6 (len: 1024)
updated maxmap 5: 8d0 (len: 1024)
updated maxmap 1: 8a3 (len: 1024)
[1;94m[*] [0mFuzzing test case #496 (1396 total, 0 uniq crashes found)...[0m
[1;94m[*] [0mFuzzing test case #497 (1396 total, 0 uniq crashes found)...[0m
[1;94m[*] [0mFuzzing test case #498 (1396 total, 0 uniq crashes found)...[0m
scheduled max input!!!!
schedule: 0 level26_3/ijon_max/0
[1;94m[*] [0mFuzzing test case #499 (1396 total, 0 uniq crashes found)...[0m
scheduled max input!!!!
schedule: 15 level26_3/ijon_max/15
[1;94m[*] [0mFuzzing test case #500 (1396 total, 0 uniq crashes found)...[0m
scheduled max input!!!!
schedule: 1 level26_3/ijon_max/1
[1;94m[*] [0mFuzzing test case #501 (1396 total, 0 uniq crashes found)...[0m
scheduled max input!!!!
schedule: 13 level26_3/ijon_max/13
[1;94m[*] [0mFuzzing test case #502 (1396 total, 0 uniq crashes found)...[0m
scheduled max input!!!!
schedule: 0 level26_3/ijon_max/0
[1;94m[*] [0mFuzzing test case #503 (1396 total, 0 uniq crashes found)...[0m
scheduled max input!!!!
schedule: 2 level26_3/ijon_max/2
[1;94m[*] [0mFuzzing test case #504 (1396 total, 0 uniq crashes found)...[0m
scheduled max input!!!!
schedule: 13 level26_3/ijon_max/13
[1;94m[*] [0mFuzzing test case #505 (1396 total, 0 uniq crashes found)...[0m
scheduled max input!!!!
schedule: 5 level26_3/ijon_max/5
[1;94m[*] [0mFuzzing test case #506 (1396 total, 0 uniq crashes found)...[0m
scheduled max input!!!!
schedule: 5 level26_3/ijon_max/5
[1;94m[*] [0mFuzzing test case #507 (1396 total, 0 uniq crashes found)...[0m
scheduled max input!!!!
schedule: 7 level26_3/ijon_max/7
[1;94m[*] [0mFuzzing test case #508 (1396 total, 0 uniq crashes found)...[0m
scheduled max input!!!!
schedule: 1 level26_3/ijon_max/1
[1;94m[*] [0mFuzzing test case #509 (1397 total, 0 uniq crashes found)...[0m
scheduled max input!!!!
schedule: 9 level26_3/ijon_max/9
[1;94m[*] [0mFuzzing test case #510 (1397 total, 0 uniq crashes found)...[0m
[1;94m[*] [0mFuzzing test case #511 (1397 total, 0 uniq crashes found)...[0m
scheduled max input!!!!
schedule: 4 level26_3/ijon_max/4
minimized maxmap 8: 8bb (len: 1024)
[1;94m[*] [0mFuzzing test case #512 (1398 total, 0 uniq crashes found)...[0m
scheduled max input!!!!
schedule: 4 level26_3/ijon_max/4
[1;94m[*] [0mFuzzing test case #513 (1399 total, 0 uniq crashes found)...[0m
scheduled max input!!!!
schedule: 9 level26_3/ijon_max/9
[1;94m[*] [0mFuzzing test case #514 (1399 total, 0 uniq crashes found)...[0m
scheduled max input!!!!
schedule: 1 level26_3/ijon_max/1
[1;94m[*] [0mFuzzing test case #515 (1400 total, 0 uniq crashes found)...[0m
scheduled max input!!!!
schedule: 8 level26_3/ijon_max/8
updated maxmap 2: 8b4 (len: 1024)
updated maxmap 3: 8be (len: 1024)
updated maxmap 4: 8c8 (len: 1024)
updated maxmap 2: 8b5 (len: 1024)
updated maxmap 3: 8bf (len: 1024)
updated maxmap 4: 8c9 (len: 1024)
[1;94m[*] [0mFuzzing test case #516 (1400 total, 0 uniq crashes found)...[0m
scheduled max input!!!!
schedule: 15 level26_3/ijon_max/15
[1;94m[*] [0mFuzzing test case #517 (1400 total, 0 uniq crashes found)...[0m
scheduled max input!!!!
schedule: 8 level26_3/ijon_max/8
updated maxmap 8: 8bc (len: 1024)
minimized maxmap 7: 8bb (len: 1024)
[1;94m[*] [0mFuzzing test case #518 (1400 total, 0 uniq crashes found)...[0m
scheduled max input!!!!
schedule: 9 level26_3/ijon_max/9
[1;94m[*] [0mFuzzing test case #519 (1400 total, 0 uniq crashes found)...[0m
scheduled max input!!!!
schedule: 4 level26_3/ijon_max/4
[1;94m[*] [0mFuzzing test case #520 (1400 total, 0 uniq crashes found)...[0m
scheduled max input!!!!
schedule: 7 level26_3/ijon_max/7
updated maxmap 7: 8bc (len: 1024)
updated maxmap 2: 8b7 (len: 1024)
updated maxmap 3: 8c1 (len: 1024)
updated maxmap 4: 8cb (len: 1024)
updated maxmap 5: 8d2 (len: 1024)
[1;94m[*] [0mFuzzing test case #521 (1401 total, 0 uniq crashes found)...[0m
scheduled max input!!!!
schedule: 13 level26_3/ijon_max/13
[1;94m[*] [0mFuzzing test case #522 (1401 total, 0 uniq crashes found)...[0m
scheduled max input!!!!
schedule: 0 level26_3/ijon_max/0
[1;94m[*] [0mFuzzing test case #523 (1401 total, 0 uniq crashes found)...[0m
scheduled max input!!!!
schedule: 0 level26_3/ijon_max/0
[1;94m[*] [0mFuzzing test case #524 (1401 total, 0 uniq crashes found)...[0m
scheduled max input!!!!
schedule: 10 level26_3/ijon_max/10
updated maxmap 9: 79f (len: 915)
[1;94m[*] [0mFuzzing test case #525 (1401 total, 0 uniq crashes found)...[0m
scheduled max input!!!!
schedule: 12 level26_3/ijon_max/12
[1;94m[*] [0mFuzzing test case #526 (1401 total, 0 uniq crashes found)...[0m
scheduled max input!!!!
schedule: 1 level26_3/ijon_max/1
[1;94m[*] [0mFuzzing test case #527 (1401 total, 0 uniq crashes found)...[0m
[1;94m[*] [0mFuzzing test case #528 (1401 total, 0 uniq crashes found)...[0m
scheduled max input!!!!
schedule: 0 level26_3/ijon_max/0
[1;94m[*] [0mFuzzing test case #529 (1401 total, 0 uniq crashes found)...[0m
[1;94m[*] [0mFuzzing test case #530 (1401 total, 0 uniq crashes found)...[0m
scheduled max input!!!!
schedule: 1 level26_3/ijon_max/1
[1;94m[*] [0mFuzzing test case #531 (1403 total, 0 uniq crashes found)...[0m
scheduled max input!!!!
schedule: 10 level26_3/ijon_max/10
[1;94m[*] [0mFuzzing test case #532 (1403 total, 0 uniq crashes found)...[0m
[1;94m[*] [0mFuzzing test case #533 (1403 total, 0 uniq crashes found)...[0m
scheduled max input!!!!
schedule: 10 level26_3/ijon_max/10
[1;94m[*] [0mFuzzing test case #534 (1403 total, 0 uniq crashes found)...[0m
[1;94m[*] [0mFuzzing test case #535 (1403 total, 0 uniq crashes found)...[0m
scheduled max input!!!!
schedule: 11 level26_3/ijon_max/11
[1;94m[*] [0mFuzzing test case #536 (1403 total, 0 uniq crashes found)...[0m
scheduled max input!!!!
schedule: 15 level26_3/ijon_max/15
[1;94m[*] [0mFuzzing test case #537 (1403 total, 0 uniq crashes found)...[0m
scheduled max input!!!!
schedule: 11 level26_3/ijon_max/11
[1;94m[*] [0mFuzzing test case #538 (1403 total, 0 uniq crashes found)...[0m
scheduled max input!!!!
schedule: 5 level26_3/ijon_max/5
updated maxmap 2: 8b8 (len: 1024)
updated maxmap 3: 8c2 (len: 1024)
updated maxmap 4: 8cc (len: 1024)
updated maxmap 5: 8d3 (len: 1024)
updated maxmap 2: 8b9 (len: 1024)
updated maxmap 3: 8c3 (len: 1024)
updated maxmap 4: 8cd (len: 1024)
[1;94m[*] [0mFuzzing test case #539 (1403 total, 0 uniq crashes found)...[0m
[1;94m[*] [0mFuzzing test case #540 (1403 total, 0 uniq crashes found)...[0m
scheduled max input!!!!
schedule: 7 level26_3/ijon_max/7
[1;94m[*] [0mFuzzing test case #541 (1403 total, 0 uniq crashes found)...[0m
scheduled max input!!!!
schedule: 6 level26_3/ijon_max/6
[1;94m[*] [0mFuzzing test case #542 (1403 total, 0 uniq crashes found)...[0m
scheduled max input!!!!
schedule: 12 level26_3/ijon_max/12
[1;94m[*] [0mFuzzing test case #543 (1403 total, 0 uniq crashes found)...[0m
[1;94m[*] [0mFuzzing test case #544 (1403 total, 0 uniq crashes found)...[0m
[1;94m[*] [0mFuzzing test case #545 (1403 total, 0 uniq crashes found)...[0m
[1;94m[*] [0mFuzzing test case #546 (1403 total, 0 uniq crashes found)...[0m
scheduled max input!!!!
schedule: 5 level26_3/ijon_max/5
[1;94m[*] [0mFuzzing test case #547 (1403 total, 0 uniq crashes found)...[0m
scheduled max input!!!!
schedule: 4 level26_3/ijon_max/4
[1;94m[*] [0mFuzzing test case #548 (1403 total, 0 uniq crashes found)...[0m
scheduled max input!!!!
schedule: 13 level26_3/ijon_max/13
[1;94m[*] [0mFuzzing test case #549 (1403 total, 0 uniq crashes found)...[0m
scheduled max input!!!!
schedule: 2 level26_3/ijon_max/2
[1;94m[*] [0mFuzzing test case #550 (1403 total, 0 uniq crashes found)...[0m
[1;94m[*] [0mFuzzing test case #551 (1403 total, 0 uniq crashes found)...[0m
scheduled max input!!!!
schedule: 1 level26_3/ijon_max/1
[1;94m[*] [0mFuzzing test case #552 (1403 total, 0 uniq crashes found)...[0m
scheduled max input!!!!
schedule: 14 level26_3/ijon_max/14
[1;94m[*] [0mFuzzing test case #553 (1403 total, 0 uniq crashes found)...[0m
scheduled max input!!!!
schedule: 7 level26_3/ijon_max/7
[1;94m[*] [0mFuzzing test case #554 (1403 total, 0 uniq crashes found)...[0m
scheduled max input!!!!
schedule: 15 level26_3/ijon_max/15
[1;94m[*] [0mFuzzing test case #555 (1403 total, 0 uniq crashes found)...[0m
scheduled max input!!!!
schedule: 6 level26_3/ijon_max/6
[1;94m[*] [0mFuzzing test case #556 (1403 total, 0 uniq crashes found)...[0m
scheduled max input!!!!
schedule: 9 level26_3/ijon_max/9
[1;94m[*] [0mFuzzing test case #557 (1403 total, 0 uniq crashes found)...[0m
scheduled max input!!!!
schedule: 13 level26_3/ijon_max/13
[1;94m[*] [0mFuzzing test case #558 (1403 total, 0 uniq crashes found)...[0m
scheduled max input!!!!
schedule: 11 level26_3/ijon_max/11
[1;94m[*] [0mFuzzing test case #559 (1403 total, 0 uniq crashes found)...[0m
scheduled max input!!!!
schedule: 7 level26_3/ijon_max/7
updated maxmap 1: 8a5 (len: 1024)
[1;94m[*] [0mFuzzing test case #560 (1403 total, 0 uniq crashes found)...[0m
scheduled max input!!!!
schedule: 8 level26_3/ijon_max/8
[1;94m[*] [0mFuzzing test case #561 (1403 total, 0 uniq crashes found)...[0m
scheduled max input!!!!
schedule: 4 level26_3/ijon_max/4
[1;94m[*] [0mFuzzing test case #562 (1403 total, 0 uniq crashes found)...[0m
[1;94m[*] [0mFuzzing test case #563 (1403 total, 0 uniq crashes found)...[0m
scheduled max input!!!!
schedule: 4 level26_3/ijon_max/4
updated maxmap 6: 8d3 (len: 1050)
minimized maxmap 6: 8d3 (len: 1028)
[1;94m[*] [0mFuzzing test case #564 (1404 total, 0 uniq crashes found)...[0m
scheduled max input!!!!
schedule: 0 level26_3/ijon_max/0
[1;94m[*] [0mFuzzing test case #565 (1404 total, 0 uniq crashes found)...[0m
scheduled max input!!!!
schedule: 5 level26_3/ijon_max/5
[1;94m[*] [0mFuzzing test case #566 (1404 total, 0 uniq crashes found)...[0m
scheduled max input!!!!
schedule: 7 level26_3/ijon_max/7
[1;94m[*] [0mFuzzing test case #567 (1406 total, 0 uniq crashes found)...[0m
scheduled max input!!!!
schedule: 7 level26_3/ijon_max/7
minimized maxmap 6: 8d3 (len: 1024)
[1;94m[*] [0mFuzzing test case #568 (1406 total, 0 uniq crashes found)...[0m
[1;94m[*] [0mFuzzing test case #569 (1406 total, 0 uniq crashes found)...[0m
scheduled max input!!!!
schedule: 14 level26_3/ijon_max/14
[1;94m[*] [0mFuzzing test case #570 (1406 total, 0 uniq crashes found)...[0m
[1;94m[*] [0mFuzzing test case #571 (1406 total, 0 uniq crashes found)...[0m
scheduled max input!!!!
schedule: 11 level26_3/ijon_max/11
[1;94m[*] [0mFuzzing test case #572 (1406 total, 0 uniq crashes found)...[0m
[1;94m[*] [0mFuzzing test case #573 (1406 total, 0 uniq crashes found)...[0m
scheduled max input!!!!
schedule: 14 level26_3/ijon_max/14
[1;94m[*] [0mFuzzing test case #574 (1406 total, 0 uniq crashes found)...[0m
scheduled max input!!!!
schedule: 4 level26_3/ijon_max/4
[1;94m[*] [0mFuzzing test case #575 (1406 total, 0 uniq crashes found)...[0m
scheduled max input!!!!
schedule: 9 level26_3/ijon_max/9
[1;94m[*] [0mFuzzing test case #576 (1406 total, 0 uniq crashes found)...[0m
scheduled max input!!!!
schedule: 7 level26_3/ijon_max/7
[1;94m[*] [0mFuzzing test case #577 (1406 total, 0 uniq crashes found)...[0m
scheduled max input!!!!
schedule: 7 level26_3/ijon_max/7
[1;94m[*] [0mFuzzing test case #578 (1406 total, 0 uniq crashes found)...[0m
[1;94m[*] [0mFuzzing test case #579 (1406 total, 0 uniq crashes found)...[0m
scheduled max input!!!!
schedule: 14 level26_3/ijon_max/14
[1;94m[*] [0mFuzzing test case #580 (1406 total, 0 uniq crashes found)...[0m
scheduled max input!!!!
schedule: 10 level26_3/ijon_max/10
[1;94m[*] [0mFuzzing test case #581 (1406 total, 0 uniq crashes found)...[0m
scheduled max input!!!!
schedule: 15 level26_3/ijon_max/15
[1;94m[*] [0mFuzzing test case #582 (1406 total, 0 uniq crashes found)...[0m
scheduled max input!!!!
schedule: 2 level26_3/ijon_max/2
[1;94m[*] [0mFuzzing test case #583 (1406 total, 0 uniq crashes found)...[0m
scheduled max input!!!!
schedule: 2 level26_3/ijon_max/2
[1;94m[*] [0mFuzzing test case #584 (1406 total, 0 uniq crashes found)...[0m
scheduled max input!!!!
schedule: 13 level26_3/ijon_max/13
[1;94m[*] [0mFuzzing test case #585 (1406 total, 0 uniq crashes found)...[0m
scheduled max input!!!!
schedule: 12 level26_3/ijon_max/12
[1;94m[*] [0mFuzzing test case #586 (1406 total, 0 uniq crashes found)...[0m
scheduled max input!!!!
schedule: 1 level26_3/ijon_max/1
updated maxmap 1: 8a6 (len: 1024)
updated maxmap 1: 8a7 (len: 1024)
[1;94m[*] [0mFuzzing test case #587 (1406 total, 0 uniq crashes found)...[0m
scheduled max input!!!!
schedule: 7 level26_3/ijon_max/7
[1;94m[*] [0mFuzzing test case #588 (1406 total, 0 uniq crashes found)...[0m
scheduled max input!!!!
schedule: 7 level26_3/ijon_max/7
[1;94m[*] [0mFuzzing test case #589 (1406 total, 0 uniq crashes found)...[0m
scheduled max input!!!!
schedule: 1 level26_3/ijon_max/1
[1;94m[*] [0mFuzzing test case #590 (1406 total, 0 uniq crashes found)...[0m
[1;94m[*] [0mFuzzing test case #591 (1406 total, 0 uniq crashes found)...[0m
scheduled max input!!!!
schedule: 15 level26_3/ijon_max/15
[1;94m[*] [0mFuzzing test case #592 (1406 total, 0 uniq crashes found)...[0m
scheduled max input!!!!
schedule: 8 level26_3/ijon_max/8
[1;94m[*] [0mFuzzing test case #593 (1406 total, 0 uniq crashes found)...[0m
scheduled max input!!!!
schedule: 6 level26_3/ijon_max/6
[1;94m[*] [0mFuzzing test case #594 (1407 total, 0 uniq crashes found)...[0m
scheduled max input!!!!
schedule: 11 level26_3/ijon_max/11
[1;94m[*] [0mFuzzing test case #595 (1407 total, 0 uniq crashes found)...[0m
scheduled max input!!!!
schedule: 10 level26_3/ijon_max/10
[1;94m[*] [0mFuzzing test case #596 (1407 total, 0 uniq crashes found)...[0m
[1;94m[*] [0mFuzzing test case #597 (1407 total, 0 uniq crashes found)...[0m
scheduled max input!!!!
schedule: 7 level26_3/ijon_max/7
[1;94m[*] [0mFuzzing test case #598 (1407 total, 0 uniq crashes found)...[0m
scheduled max input!!!!
schedule: 15 level26_3/ijon_max/15
[1;94m[*] [0mFuzzing test case #599 (1407 total, 0 uniq crashes found)...[0m
[1;94m[*] [0mFuzzing test case #600 (1407 total, 0 uniq crashes found)...[0m
scheduled max input!!!!
schedule: 15 level26_3/ijon_max/15
[1;94m[*] [0mFuzzing test case #601 (1407 total, 0 uniq crashes found)...[0m
scheduled max input!!!!
schedule: 7 level26_3/ijon_max/7
[1;94m[*] [0mFuzzing test case #602 (1407 total, 0 uniq crashes found)...[0m
scheduled max input!!!!
schedule: 13 level26_3/ijon_max/13
[1;94m[*] [0mFuzzing test case #603 (1407 total, 0 uniq crashes found)...[0m
scheduled max input!!!!
schedule: 5 level26_3/ijon_max/5
[1;94m[*] [0mFuzzing test case #604 (1407 total, 0 uniq crashes found)...[0m
scheduled max input!!!!
schedule: 14 level26_3/ijon_max/14
[1;94m[*] [0mFuzzing test case #605 (1407 total, 0 uniq crashes found)...[0m
scheduled max input!!!!
schedule: 2 level26_3/ijon_max/2
[1;94m[*] [0mFuzzing test case #606 (1408 total, 0 uniq crashes found)...[0m
scheduled max input!!!!
schedule: 13 level26_3/ijon_max/13
[1;94m[*] [0mFuzzing test case #607 (1408 total, 0 uniq crashes found)...[0m
scheduled max input!!!!
schedule: 11 level26_3/ijon_max/11
[1;94m[*] [0mFuzzing test case #608 (1408 total, 0 uniq crashes found)...[0m
scheduled max input!!!!
schedule: 2 level26_3/ijon_max/2
[1;94m[*] [0mFuzzing test case #609 (1408 total, 0 uniq crashes found)...[0m
scheduled max input!!!!
schedule: 0 level26_3/ijon_max/0
[1;94m[*] [0mFuzzing test case #610 (1408 total, 0 uniq crashes found)...[0m
scheduled max input!!!!
schedule: 13 level26_3/ijon_max/13
[1;94m[*] [0mFuzzing test case #611 (1408 total, 0 uniq crashes found)...[0m
[1;94m[*] [0mFuzzing test case #612 (1408 total, 0 uniq crashes found)...[0m
scheduled max input!!!!
schedule: 6 level26_3/ijon_max/6
[1;94m[*] [0mFuzzing test case #613 (1408 total, 0 uniq crashes found)...[0m
scheduled max input!!!!
schedule: 8 level26_3/ijon_max/8
[1;94m[*] [0mFuzzing test case #614 (1408 total, 0 uniq crashes found)...[0m
scheduled max input!!!!
schedule: 0 level26_3/ijon_max/0
[1;94m[*] [0mFuzzing test case #615 (1408 total, 0 uniq crashes found)...[0m
scheduled max input!!!!
schedule: 12 level26_3/ijon_max/12
[1;94m[*] [0mFuzzing test case #616 (1408 total, 0 uniq crashes found)...[0m
scheduled max input!!!!
schedule: 2 level26_3/ijon_max/2
[1;94m[*] [0mFuzzing test case #617 (1408 total, 0 uniq crashes found)...[0m
[1;94m[*] [0mFuzzing test case #618 (1408 total, 0 uniq crashes found)...[0m
scheduled max input!!!!
schedule: 1 level26_3/ijon_max/1
[1;94m[*] [0mFuzzing test case #619 (1408 total, 0 uniq crashes found)...[0m
scheduled max input!!!!
schedule: 13 level26_3/ijon_max/13
[1;94m[*] [0mFuzzing test case #620 (1408 total, 0 uniq crashes found)...[0m
[1;94m[*] [0mFuzzing test case #621 (1408 total, 0 uniq crashes found)...[0m
[1;94m[*] [0mFuzzing test case #622 (1408 total, 0 uniq crashes found)...[0m
scheduled max input!!!!
schedule: 5 level26_3/ijon_max/5
[1;94m[*] [0mFuzzing test case #623 (1408 total, 0 uniq crashes found)...[0m
scheduled max input!!!!
schedule: 10 level26_3/ijon_max/10
[1;94m[*] [0mFuzzing test case #624 (1408 total, 0 uniq crashes found)...[0m
scheduled max input!!!!
schedule: 5 level26_3/ijon_max/5
[1;94m[*] [0mFuzzing test case #625 (1408 total, 0 uniq crashes found)...[0m
scheduled max input!!!!
schedule: 1 level26_3/ijon_max/1
[1;94m[*] [0mFuzzing test case #626 (1408 total, 0 uniq crashes found)...[0m
scheduled max input!!!!
schedule: 4 level26_3/ijon_max/4
[1;94m[*] [0mFuzzing test case #627 (1408 total, 0 uniq crashes found)...[0m
scheduled max input!!!!
schedule: 15 level26_3/ijon_max/15
[1;94m[*] [0mFuzzing test case #628 (1408 total, 0 uniq crashes found)...[0m
scheduled max input!!!!
schedule: 7 level26_3/ijon_max/7
[1;94m[*] [0mFuzzing test case #629 (1408 total, 0 uniq crashes found)...[0m
scheduled max input!!!!
schedule: 6 level26_3/ijon_max/6
[1;94m[*] [0mFuzzing test case #630 (1408 total, 0 uniq crashes found)...[0m
scheduled max input!!!!
schedule: 15 level26_3/ijon_max/15
[1;94m[*] [0mFuzzing test case #631 (1408 total, 0 uniq crashes found)...[0m
scheduled max input!!!!
schedule: 13 level26_3/ijon_max/13
[1;94m[*] [0mFuzzing test case #632 (1408 total, 0 uniq crashes found)...[0m
scheduled max input!!!!
schedule: 11 level26_3/ijon_max/11
[1;94m[*] [0mFuzzing test case #633 (1408 total, 0 uniq crashes found)...[0m
[1;94m[*] [0mFuzzing test case #634 (1408 total, 0 uniq crashes found)...[0m
scheduled max input!!!!
schedule: 15 level26_3/ijon_max/15
[1;94m[*] [0mFuzzing test case #635 (1408 total, 0 uniq crashes found)...[0m
[1;94m[*] [0mFuzzing test case #636 (1408 total, 0 uniq crashes found)...[0m
scheduled max input!!!!
schedule: 14 level26_3/ijon_max/14
[1;94m[*] [0mFuzzing test case #637 (1408 total, 0 uniq crashes found)...[0m
scheduled max input!!!!
schedule: 7 level26_3/ijon_max/7
[1;94m[*] [0mFuzzing test case #638 (1408 total, 0 uniq crashes found)...[0m
scheduled max input!!!!
schedule: 1 level26_3/ijon_max/1
[1;94m[*] [0mFuzzing test case #639 (1408 total, 0 uniq crashes found)...[0m
scheduled max input!!!!
schedule: 0 level26_3/ijon_max/0
[1;94m[*] [0mFuzzing test case #640 (1408 total, 0 uniq crashes found)...[0m
scheduled max input!!!!
schedule: 15 level26_3/ijon_max/15
[1;94m[*] [0mFuzzing test case #641 (1408 total, 0 uniq crashes found)...[0m
scheduled max input!!!!
schedule: 9 level26_3/ijon_max/9
[1;94m[*] [0mFuzzing test case #642 (1408 total, 0 uniq crashes found)...[0m
scheduled max input!!!!
schedule: 4 level26_3/ijon_max/4
[1;94m[*] [0mFuzzing test case #643 (1408 total, 0 uniq crashes found)...[0m
scheduled max input!!!!
schedule: 5 level26_3/ijon_max/5
[1;94m[*] [0mFuzzing test case #644 (1408 total, 0 uniq crashes found)...[0m
[1;94m[*] [0mFuzzing test case #645 (1408 total, 0 uniq crashes found)...[0m
scheduled max input!!!!
schedule: 7 level26_3/ijon_max/7
[1;94m[*] [0mFuzzing test case #646 (1408 total, 0 uniq crashes found)...[0m
scheduled max input!!!!
schedule: 4 level26_3/ijon_max/4
[1;94m[*] [0mFuzzing test case #647 (1408 total, 0 uniq crashes found)...[0m
scheduled max input!!!!
schedule: 13 level26_3/ijon_max/13
[1;94m[*] [0mFuzzing test case #648 (1408 total, 0 uniq crashes found)...[0m
scheduled max input!!!!
schedule: 13 level26_3/ijon_max/13
[1;94m[*] [0mFuzzing test case #649 (1408 total, 0 uniq crashes found)...[0m
scheduled max input!!!!
schedule: 6 level26_3/ijon_max/6
[1;94m[*] [0mFuzzing test case #650 (1408 total, 0 uniq crashes found)...[0m
scheduled max input!!!!
schedule: 2 level26_3/ijon_max/2
updated maxmap 2: 8ba (len: 1024)
updated maxmap 3: 8c4 (len: 1024)
updated maxmap 4: 8ce (len: 1024)
[1;94m[*] [0mFuzzing test case #651 (1408 total, 0 uniq crashes found)...[0m
scheduled max input!!!!
schedule: 14 level26_3/ijon_max/14
[1;94m[*] [0mFuzzing test case #652 (1408 total, 0 uniq crashes found)...[0m
scheduled max input!!!!
schedule: 1 level26_3/ijon_max/1
[1;94m[*] [0mFuzzing test case #653 (1408 total, 0 uniq crashes found)...[0m
scheduled max input!!!!
schedule: 4 level26_3/ijon_max/4
[1;94m[*] [0mFuzzing test case #654 (1408 total, 0 uniq crashes found)...[0m
[1;94m[*] [0mFuzzing test case #655 (1408 total, 0 uniq crashes found)...[0m
scheduled max input!!!!
schedule: 2 level26_3/ijon_max/2
[1;94m[*] [0mFuzzing test case #656 (1408 total, 0 uniq crashes found)...[0m
scheduled max input!!!!
schedule: 2 level26_3/ijon_max/2
[1;94m[*] [0mFuzzing test case #657 (1408 total, 0 uniq crashes found)...[0m
scheduled max input!!!!
schedule: 12 level26_3/ijon_max/12
[1;94m[*] [0mFuzzing test case #658 (1408 total, 0 uniq crashes found)...[0m
[1;94m[*] [0mFuzzing test case #659 (1408 total, 0 uniq crashes found)...[0m
scheduled max input!!!!
schedule: 1 level26_3/ijon_max/1
[1;94m[*] [0mFuzzing test case #660 (1408 total, 0 uniq crashes found)...[0m
scheduled max input!!!!
schedule: 12 level26_3/ijon_max/12
[1;94m[*] [0mFuzzing test case #661 (1408 total, 0 uniq crashes found)...[0m
scheduled max input!!!!
schedule: 7 level26_3/ijon_max/7
[1;94m[*] [0mFuzzing test case #662 (1408 total, 0 uniq crashes found)...[0m
scheduled max input!!!!
schedule: 9 level26_3/ijon_max/9
[1;94m[*] [0mFuzzing test case #663 (1408 total, 0 uniq crashes found)...[0m
scheduled max input!!!!
schedule: 5 level26_3/ijon_max/5
[1;94m[*] [0mFuzzing test case #664 (1408 total, 0 uniq crashes found)...[0m
scheduled max input!!!!
schedule: 11 level26_3/ijon_max/11
[1;94m[*] [0mFuzzing test case #665 (1408 total, 0 uniq crashes found)...[0m
scheduled max input!!!!
schedule: 15 level26_3/ijon_max/15
[1;94m[*] [0mFuzzing test case #666 (1408 total, 0 uniq crashes found)...[0m
scheduled max input!!!!
schedule: 2 level26_3/ijon_max/2
[1;94m[*] [0mFuzzing test case #667 (1408 total, 0 uniq crashes found)...[0m
[1;94m[*] [0mFuzzing test case #668 (1408 total, 0 uniq crashes found)...[0m
scheduled max input!!!!
schedule: 2 level26_3/ijon_max/2
[1;94m[*] [0mFuzzing test case #669 (1408 total, 0 uniq crashes found)...[0m
scheduled max input!!!!
schedule: 9 level26_3/ijon_max/9
[1;94m[*] [0mFuzzing test case #670 (1408 total, 0 uniq crashes found)...[0m
scheduled max input!!!!
schedule: 15 level26_3/ijon_max/15
[1;94m[*] [0mFuzzing test case #671 (1408 total, 0 uniq crashes found)...[0m
scheduled max input!!!!
schedule: 6 level26_3/ijon_max/6
[1;94m[*] [0mFuzzing test case #672 (1408 total, 0 uniq crashes found)...[0m
scheduled max input!!!!
schedule: 8 level26_3/ijon_max/8
[1;94m[*] [0mFuzzing test case #673 (1408 total, 0 uniq crashes found)...[0m
scheduled max input!!!!
schedule: 5 level26_3/ijon_max/5
[1;94m[*] [0mFuzzing test case #674 (1408 total, 0 uniq crashes found)...[0m
scheduled max input!!!!
schedule: 1 level26_3/ijon_max/1
[1;94m[*] [0mFuzzing test case #675 (1408 total, 0 uniq crashes found)...[0m
[1;94m[*] [0mFuzzing test case #676 (1408 total, 0 uniq crashes found)...[0m
scheduled max input!!!!
schedule: 2 level26_3/ijon_max/2
[1;94m[*] [0mFuzzing test case #677 (1408 total, 0 uniq crashes found)...[0m
[1;94m[*] [0mFuzzing test case #678 (1408 total, 0 uniq crashes found)...[0m
[1;94m[*] [0mFuzzing test case #679 (1408 total, 0 uniq crashes found)...[0m
scheduled max input!!!!
schedule: 7 level26_3/ijon_max/7
[1;94m[*] [0mFuzzing test case #680 (1409 total, 0 uniq crashes found)...[0m
scheduled max input!!!!
schedule: 5 level26_3/ijon_max/5
[1;94m[*] [0mFuzzing test case #681 (1409 total, 0 uniq crashes found)...[0m
scheduled max input!!!!
schedule: 10 level26_3/ijon_max/10
[1;94m[*] [0mFuzzing test case #682 (1409 total, 0 uniq crashes found)...[0m
[1;94m[*] [0mFuzzing test case #683 (1409 total, 0 uniq crashes found)...[0m
scheduled max input!!!!
schedule: 3 level26_3/ijon_max/3
[1;94m[*] [0mFuzzing test case #684 (1409 total, 0 uniq crashes found)...[0m
scheduled max input!!!!
schedule: 6 level26_3/ijon_max/6
[1;94m[*] [0mFuzzing test case #685 (1410 total, 0 uniq crashes found)...[0m
scheduled max input!!!!
schedule: 15 level26_3/ijon_max/15
[1;94m[*] [0mFuzzing test case #686 (1410 total, 0 uniq crashes found)...[0m
[1;94m[*] [0mFuzzing test case #687 (1410 total, 0 uniq crashes found)...[0m
scheduled max input!!!!
schedule: 8 level26_3/ijon_max/8
[1;94m[*] [0mFuzzing test case #688 (1410 total, 0 uniq crashes found)...[0m
scheduled max input!!!!
schedule: 8 level26_3/ijon_max/8
[1;94m[*] [0mFuzzing test case #689 (1410 total, 0 uniq crashes found)...[0m
scheduled max input!!!!
schedule: 10 level26_3/ijon_max/10
[1;94m[*] [0mFuzzing test case #690 (1411 total, 0 uniq crashes found)...[0m
scheduled max input!!!!
schedule: 9 level26_3/ijon_max/9
[1;94m[*] [0mFuzzing test case #691 (1411 total, 0 uniq crashes found)...[0m
[1;94m[*] [0mFuzzing test case #692 (1411 total, 0 uniq crashes found)...[0m
scheduled max input!!!!
schedule: 11 level26_3/ijon_max/11
[1;94m[*] [0mFuzzing test case #693 (1411 total, 0 uniq crashes found)...[0m
[1;94m[*] [0mFuzzing test case #694 (1411 total, 0 uniq crashes found)...[0m
scheduled max input!!!!
schedule: 2 level26_3/ijon_max/2
[1;94m[*] [0mFuzzing test case #695 (1411 total, 0 uniq crashes found)...[0m
[1;94m[*] [0mFuzzing test case #696 (1411 total, 0 uniq crashes found)...[0m
[1;94m[*] [0mFuzzing test case #697 (1411 total, 0 uniq crashes found)...[0m
scheduled max input!!!!
schedule: 10 level26_3/ijon_max/10
[1;94m[*] [0mFuzzing test case #698 (1411 total, 0 uniq crashes found)...[0m
scheduled max input!!!!
schedule: 13 level26_3/ijon_max/13
[1;94m[*] [0mFuzzing test case #699 (1411 total, 0 uniq crashes found)...[0m
scheduled max input!!!!
schedule: 4 level26_3/ijon_max/4
[1;94m[*] [0mFuzzing test case #700 (1411 total, 0 uniq crashes found)...[0m
scheduled max input!!!!
schedule: 10 level26_3/ijon_max/10
[1;94m[*] [0mFuzzing test case #701 (1411 total, 0 uniq crashes found)...[0m
scheduled max input!!!!
schedule: 4 level26_3/ijon_max/4
[1;94m[*] [0mFuzzing test case #702 (1411 total, 0 uniq crashes found)...[0m
scheduled max input!!!!
schedule: 12 level26_3/ijon_max/12
[1;94m[*] [0mFuzzing test case #703 (1411 total, 0 uniq crashes found)...[0m
[1;94m[*] [0mFuzzing test case #704 (1411 total, 0 uniq crashes found)...[0m
scheduled max input!!!!
schedule: 6 level26_3/ijon_max/6
[1;94m[*] [0mFuzzing test case #705 (1411 total, 0 uniq crashes found)...[0m
scheduled max input!!!!
schedule: 5 level26_3/ijon_max/5
[1;94m[*] [0mFuzzing test case #706 (1411 total, 0 uniq crashes found)...[0m
scheduled max input!!!!
schedule: 5 level26_3/ijon_max/5
[1;94m[*] [0mFuzzing test case #707 (1411 total, 0 uniq crashes found)...[0m
scheduled max input!!!!
schedule: 12 level26_3/ijon_max/12
[1;94m[*] [0mFuzzing test case #708 (1411 total, 0 uniq crashes found)...[0m
scheduled max input!!!!
schedule: 7 level26_3/ijon_max/7
[1;94m[*] [0mFuzzing test case #709 (1411 total, 0 uniq crashes found)...[0m
scheduled max input!!!!
schedule: 7 level26_3/ijon_max/7
[1;94m[*] [0mFuzzing test case #710 (1412 total, 0 uniq crashes found)...[0m
scheduled max input!!!!
schedule: 13 level26_3/ijon_max/13
[1;94m[*] [0mFuzzing test case #711 (1412 total, 0 uniq crashes found)...[0m
scheduled max input!!!!
schedule: 1 level26_3/ijon_max/1
[1;94m[*] [0mFuzzing test case #712 (1412 total, 0 uniq crashes found)...[0m
scheduled max input!!!!
schedule: 2 level26_3/ijon_max/2
[1;94m[*] [0mFuzzing test case #713 (1412 total, 0 uniq crashes found)...[0m
scheduled max input!!!!
schedule: 7 level26_3/ijon_max/7
[1;94m[*] [0mFuzzing test case #714 (1413 total, 0 uniq crashes found)...[0m
scheduled max input!!!!
schedule: 5 level26_3/ijon_max/5
[1;94m[*] [0mFuzzing test case #715 (1413 total, 0 uniq crashes found)...[0m
scheduled max input!!!!
schedule: 14 level26_3/ijon_max/14
[1;94m[*] [0mFuzzing test case #716 (1413 total, 0 uniq crashes found)...[0m
[1;94m[*] [0mFuzzing test case #717 (1413 total, 0 uniq crashes found)...[0m
scheduled max input!!!!
schedule: 7 level26_3/ijon_max/7
[1;94m[*] [0mFuzzing test case #718 (1413 total, 0 uniq crashes found)...[0m
[1;94m[*] [0mFuzzing test case #719 (1413 total, 0 uniq crashes found)...[0m
[1;94m[*] [0mFuzzing test case #720 (1413 total, 0 uniq crashes found)...[0m
scheduled max input!!!!
schedule: 9 level26_3/ijon_max/9
[1;94m[*] [0mFuzzing test case #721 (1413 total, 0 uniq crashes found)...[0m
scheduled max input!!!!
schedule: 15 level26_3/ijon_max/15
[1;94m[*] [0mFuzzing test case #722 (1413 total, 0 uniq crashes found)...[0m
scheduled max input!!!!
schedule: 4 level26_3/ijon_max/4
[1;94m[*] [0mFuzzing test case #723 (1413 total, 0 uniq crashes found)...[0m
scheduled max input!!!!
schedule: 11 level26_3/ijon_max/11
[1;94m[*] [0mFuzzing test case #724 (1413 total, 0 uniq crashes found)...[0m
[1;94m[*] [0mFuzzing test case #725 (1413 total, 0 uniq crashes found)...[0m
[1;94m[*] [0mFuzzing test case #726 (1413 total, 0 uniq crashes found)...[0m
scheduled max input!!!!
schedule: 1 level26_3/ijon_max/1
[1;94m[*] [0mFuzzing test case #727 (1413 total, 0 uniq crashes found)...[0m
[1;94m[*] [0mFuzzing test case #728 (1413 total, 0 uniq crashes found)...[0m
scheduled max input!!!!
schedule: 15 level26_3/ijon_max/15
[1;94m[*] [0mFuzzing test case #729 (1413 total, 0 uniq crashes found)...[0m
scheduled max input!!!!
schedule: 4 level26_3/ijon_max/4
[1;94m[*] [0mFuzzing test case #730 (1414 total, 0 uniq crashes found)...[0m
scheduled max input!!!!
schedule: 13 level26_3/ijon_max/13
[1;94m[*] [0mFuzzing test case #731 (1414 total, 0 uniq crashes found)...[0m
scheduled normal input!!!!
[1;94m[*] [0mFuzzing test case #732 (1414 total, 0 uniq crashes found)...[0m
scheduled max input!!!!
schedule: 10 level26_3/ijon_max/10
[1;94m[*] [0mFuzzing test case #733 (1414 total, 0 uniq crashes found)...[0m
scheduled max input!!!!
schedule: 14 level26_3/ijon_max/14
[1;94m[*] [0mFuzzing test case #734 (1414 total, 0 uniq crashes found)...[0m
scheduled max input!!!!
schedule: 0 level26_3/ijon_max/0
[1;94m[*] [0mFuzzing test case #735 (1414 total, 0 uniq crashes found)...[0m
[1;94m[*] [0mFuzzing test case #736 (1414 total, 0 uniq crashes found)...[0m
scheduled max input!!!!
schedule: 10 level26_3/ijon_max/10
[1;94m[*] [0mFuzzing test case #737 (1414 total, 0 uniq crashes found)...[0m
scheduled max input!!!!
schedule: 10 level26_3/ijon_max/10
[1;94m[*] [0mFuzzing test case #738 (1414 total, 0 uniq crashes found)...[0m
scheduled max input!!!!
schedule: 7 level26_3/ijon_max/7
[1;94m[*] [0mFuzzing test case #739 (1415 total, 0 uniq crashes found)...[0m
[1;94m[*] [0mFuzzing test case #740 (1415 total, 0 uniq crashes found)...[0m
scheduled max input!!!!
schedule: 7 level26_3/ijon_max/7
[1;94m[*] [0mFuzzing test case #741 (1415 total, 0 uniq crashes found)...[0m
scheduled max input!!!!
schedule: 5 level26_3/ijon_max/5
[1;94m[*] [0mFuzzing test case #742 (1415 total, 0 uniq crashes found)...[0m
scheduled max input!!!!
schedule: 3 level26_3/ijon_max/3
[1;94m[*] [0mFuzzing test case #743 (1415 total, 0 uniq crashes found)...[0m
scheduled max input!!!!
schedule: 6 level26_3/ijon_max/6
[1;94m[*] [0mFuzzing test case #744 (1415 total, 0 uniq crashes found)...[0m
[1;94m[*] [0mFuzzing test case #745 (1415 total, 0 uniq crashes found)...[0m
scheduled max input!!!!
schedule: 10 level26_3/ijon_max/10
[1;94m[*] [0mFuzzing test case #746 (1415 total, 0 uniq crashes found)...[0m
scheduled max input!!!!
schedule: 8 level26_3/ijon_max/8
[1;94m[*] [0mFuzzing test case #747 (1415 total, 0 uniq crashes found)...[0m
scheduled max input!!!!
schedule: 4 level26_3/ijon_max/4
[1;94m[*] [0mFuzzing test case #748 (1415 total, 0 uniq crashes found)...[0m
scheduled max input!!!!
schedule: 2 level26_3/ijon_max/2
[1;94m[*] [0mFuzzing test case #749 (1415 total, 0 uniq crashes found)...[0m
scheduled max input!!!!
schedule: 7 level26_3/ijon_max/7
[1;94m[*] [0mFuzzing test case #750 (1415 total, 0 uniq crashes found)...[0m
scheduled normal input!!!!
[1;94m[*] [0mFuzzing test case #751 (1415 total, 0 uniq crashes found)...[0m
[1;94m[*] [0mFuzzing test case #752 (1415 total, 0 uniq crashes found)...[0m
scheduled max input!!!!
schedule: 6 level26_3/ijon_max/6
[1;94m[*] [0mFuzzing test case #753 (1415 total, 0 uniq crashes found)...[0m
scheduled max input!!!!
schedule: 14 level26_3/ijon_max/14
[1;94m[*] [0mFuzzing test case #754 (1415 total, 0 uniq crashes found)...[0m
scheduled max input!!!!
schedule: 15 level26_3/ijon_max/15
[1;94m[*] [0mFuzzing test case #755 (1415 total, 0 uniq crashes found)...[0m
[1;94m[*] [0mFuzzing test case #756 (1415 total, 0 uniq crashes found)...[0m
scheduled max input!!!!
schedule: 3 level26_3/ijon_max/3
[1;94m[*] [0mFuzzing test case #757 (1416 total, 0 uniq crashes found)...[0m
scheduled max input!!!!
schedule: 6 level26_3/ijon_max/6
[1;94m[*] [0mFuzzing test case #758 (1416 total, 0 uniq crashes found)...[0m
[1;94m[*] [0mFuzzing test case #759 (1416 total, 0 uniq crashes found)...[0m
scheduled max input!!!!
schedule: 1 level26_3/ijon_max/1
[1;94m[*] [0mFuzzing test case #760 (1416 total, 0 uniq crashes found)...[0m
scheduled max input!!!!
schedule: 3 level26_3/ijon_max/3
[1;94m[*] [0mFuzzing test case #761 (1416 total, 0 uniq crashes found)...[0m
scheduled max input!!!!
schedule: 0 level26_3/ijon_max/0
[1;94m[*] [0mFuzzing test case #762 (1416 total, 0 uniq crashes found)...[0m
scheduled max input!!!!
schedule: 14 level26_3/ijon_max/14
[1;94m[*] [0mFuzzing test case #763 (1416 total, 0 uniq crashes found)...[0m
scheduled max input!!!!
schedule: 6 level26_3/ijon_max/6
[1;94m[*] [0mFuzzing test case #764 (1416 total, 0 uniq crashes found)...[0m
scheduled max input!!!!
schedule: 13 level26_3/ijon_max/13
[1;94m[*] [0mFuzzing test case #765 (1416 total, 0 uniq crashes found)...[0m
scheduled max input!!!!
schedule: 8 level26_3/ijon_max/8
[1;94m[*] [0mFuzzing test case #766 (1416 total, 0 uniq crashes found)...[0m
scheduled max input!!!!
schedule: 3 level26_3/ijon_max/3
[1;94m[*] [0mFuzzing test case #767 (1416 total, 0 uniq crashes found)...[0m
scheduled max input!!!!
schedule: 12 level26_3/ijon_max/12
[1;94m[*] [0mFuzzing test case #768 (1416 total, 0 uniq crashes found)...[0m
[1;94m[*] [0mFuzzing test case #769 (1416 total, 0 uniq crashes found)...[0m
scheduled max input!!!!
schedule: 0 level26_3/ijon_max/0
[1;94m[*] [0mFuzzing test case #770 (1416 total, 0 uniq crashes found)...[0m
scheduled max input!!!!
schedule: 5 level26_3/ijon_max/5
[1;94m[*] [0mFuzzing test case #771 (1416 total, 0 uniq crashes found)...[0m
scheduled max input!!!!
schedule: 14 level26_3/ijon_max/14
[1;94m[*] [0mFuzzing test case #772 (1416 total, 0 uniq crashes found)...[0m
scheduled max input!!!!
schedule: 13 level26_3/ijon_max/13
[1;94m[*] [0mFuzzing test case #773 (1416 total, 0 uniq crashes found)...[0m
scheduled max input!!!!
schedule: 13 level26_3/ijon_max/13
[1;94m[*] [0mFuzzing test case #774 (1416 total, 0 uniq crashes found)...[0m
scheduled max input!!!!
schedule: 14 level26_3/ijon_max/14
[1;94m[*] [0mFuzzing test case #775 (1416 total, 0 uniq crashes found)...[0m
[1;94m[*] [0mFuzzing test case #776 (1416 total, 0 uniq crashes found)...[0m
scheduled max input!!!!
schedule: 10 level26_3/ijon_max/10
[1;94m[*] [0mFuzzing test case #777 (1416 total, 0 uniq crashes found)...[0m
scheduled max input!!!!
schedule: 2 level26_3/ijon_max/2
[1;94m[*] [0mFuzzing test case #778 (1416 total, 0 uniq crashes found)...[0m
scheduled max input!!!!
schedule: 0 level26_3/ijon_max/0
[1;94m[*] [0mFuzzing test case #779 (1416 total, 0 uniq crashes found)...[0m
scheduled max input!!!!
schedule: 6 level26_3/ijon_max/6
[1;94m[*] [0mFuzzing test case #780 (1416 total, 0 uniq crashes found)...[0m
scheduled max input!!!!
schedule: 0 level26_3/ijon_max/0
[1;94m[*] [0mFuzzing test case #781 (1416 total, 0 uniq crashes found)...[0m
scheduled max input!!!!
schedule: 5 level26_3/ijon_max/5
[1;94m[*] [0mFuzzing test case #782 (1416 total, 0 uniq crashes found)...[0m
scheduled max input!!!!
schedule: 12 level26_3/ijon_max/12
[1;94m[*] [0mFuzzing test case #783 (1416 total, 0 uniq crashes found)...[0m
scheduled max input!!!!
schedule: 7 level26_3/ijon_max/7
[1;94m[*] [0mFuzzing test case #784 (1416 total, 0 uniq crashes found)...[0m
[1;94m[*] [0mFuzzing test case #785 (1416 total, 0 uniq crashes found)...[0m
[1;94m[*] [0mFuzzing test case #786 (1416 total, 0 uniq crashes found)...[0m
scheduled max input!!!!
schedule: 5 level26_3/ijon_max/5
[1;94m[*] [0mFuzzing test case #787 (1416 total, 0 uniq crashes found)...[0m
[1;94m[*] [0mFuzzing test case #788 (1416 total, 0 uniq crashes found)...[0m
scheduled max input!!!!
schedule: 13 level26_3/ijon_max/13
[1;94m[*] [0mFuzzing test case #789 (1416 total, 0 uniq crashes found)...[0m
scheduled max input!!!!
schedule: 4 level26_3/ijon_max/4
[1;94m[*] [0mFuzzing test case #790 (1416 total, 0 uniq crashes found)...[0m
scheduled max input!!!!
schedule: 1 level26_3/ijon_max/1
[1;94m[*] [0mFuzzing test case #791 (1416 total, 0 uniq crashes found)...[0m
scheduled max input!!!!
schedule: 15 level26_3/ijon_max/15
[1;94m[*] [0mFuzzing test case #792 (1417 total, 0 uniq crashes found)...[0m
scheduled max input!!!!
schedule: 13 level26_3/ijon_max/13
[1;94m[*] [0mFuzzing test case #793 (1417 total, 0 uniq crashes found)...[0m
scheduled max input!!!!
schedule: 4 level26_3/ijon_max/4
[1;94m[*] [0mFuzzing test case #794 (1417 total, 0 uniq crashes found)...[0m
scheduled max input!!!!
schedule: 3 level26_3/ijon_max/3
[1;94m[*] [0mFuzzing test case #795 (1418 total, 0 uniq crashes found)...[0m
[1;94m[*] [0mFuzzing test case #796 (1418 total, 0 uniq crashes found)...[0m
[1;94m[*] [0mFuzzing test case #797 (1418 total, 0 uniq crashes found)...[0m
scheduled max input!!!!
schedule: 9 level26_3/ijon_max/9
[1;94m[*] [0mFuzzing test case #798 (1418 total, 0 uniq crashes found)...[0m
scheduled max input!!!!
schedule: 0 level26_3/ijon_max/0
[1;94m[*] [0mFuzzing test case #799 (1418 total, 0 uniq crashes found)...[0m
scheduled max input!!!!
schedule: 2 level26_3/ijon_max/2
[1;94m[*] [0mFuzzing test case #800 (1418 total, 0 uniq crashes found)...[0m
scheduled max input!!!!
schedule: 2 level26_3/ijon_max/2
[1;94m[*] [0mFuzzing test case #801 (1418 total, 0 uniq crashes found)...[0m
scheduled max input!!!!
schedule: 8 level26_3/ijon_max/8
[1;94m[*] [0mFuzzing test case #802 (1419 total, 0 uniq crashes found)...[0m
scheduled max input!!!!
schedule: 8 level26_3/ijon_max/8
[1;94m[*] [0mFuzzing test case #803 (1419 total, 0 uniq crashes found)...[0m
scheduled max input!!!!
schedule: 15 level26_3/ijon_max/15
[1;94m[*] [0mFuzzing test case #804 (1419 total, 0 uniq crashes found)...[0m
[1;94m[*] [0mFuzzing test case #805 (1419 total, 0 uniq crashes found)...[0m
scheduled max input!!!!
schedule: 5 level26_3/ijon_max/5
[1;94m[*] [0mFuzzing test case #806 (1419 total, 0 uniq crashes found)...[0m
scheduled max input!!!!
schedule: 9 level26_3/ijon_max/9
[1;94m[*] [0mFuzzing test case #807 (1420 total, 0 uniq crashes found)...[0m
scheduled max input!!!!
schedule: 8 level26_3/ijon_max/8
[1;94m[*] [0mFuzzing test case #808 (1420 total, 0 uniq crashes found)...[0m
scheduled max input!!!!
schedule: 2 level26_3/ijon_max/2
[1;94m[*] [0mFuzzing test case #809 (1420 total, 0 uniq crashes found)...[0m
scheduled max input!!!!
schedule: 11 level26_3/ijon_max/11
[1;94m[*] [0mFuzzing test case #810 (1420 total, 0 uniq crashes found)...[0m
scheduled max input!!!!
schedule: 5 level26_3/ijon_max/5
[1;94m[*] [0mFuzzing test case #811 (1420 total, 0 uniq crashes found)...[0m
scheduled max input!!!!
schedule: 8 level26_3/ijon_max/8
[1;94m[*] [0mFuzzing test case #812 (1420 total, 0 uniq crashes found)...[0m
[1;94m[*] [0mFuzzing test case #813 (1420 total, 0 uniq crashes found)...[0m
[1;94m[*] [0mFuzzing test case #814 (1420 total, 0 uniq crashes found)...[0m
[1;94m[*] [0mFuzzing test case #815 (1420 total, 0 uniq crashes found)...[0m
scheduled max input!!!!
schedule: 5 level26_3/ijon_max/5
[1;94m[*] [0mFuzzing test case #816 (1420 total, 0 uniq crashes found)...[0m
scheduled max input!!!!
schedule: 5 level26_3/ijon_max/5
[1;94m[*] [0mFuzzing test case #817 (1420 total, 0 uniq crashes found)...[0m
scheduled max input!!!!
schedule: 4 level26_3/ijon_max/4
[1;94m[*] [0mFuzzing test case #818 (1420 total, 0 uniq crashes found)...[0m
scheduled max input!!!!
schedule: 14 level26_3/ijon_max/14
[1;94m[*] [0mFuzzing test case #819 (1420 total, 0 uniq crashes found)...[0m
[1;94m[*] [0mFuzzing test case #820 (1420 total, 0 uniq crashes found)...[0m
scheduled max input!!!!
schedule: 11 level26_3/ijon_max/11
[1;94m[*] [0mFuzzing test case #821 (1420 total, 0 uniq crashes found)...[0m
scheduled max input!!!!
schedule: 3 level26_3/ijon_max/3
[1;94m[*] [0mFuzzing test case #822 (1420 total, 0 uniq crashes found)...[0m
scheduled max input!!!!
schedule: 11 level26_3/ijon_max/11
[1;94m[*] [0mFuzzing test case #823 (1420 total, 0 uniq crashes found)...[0m
[1;94m[*] [0mFuzzing test case #824 (1420 total, 0 uniq crashes found)...[0m
scheduled max input!!!!
schedule: 14 level26_3/ijon_max/14
[1;94m[*] [0mFuzzing test case #825 (1420 total, 0 uniq crashes found)...[0m
scheduled max input!!!!
schedule: 11 level26_3/ijon_max/11
[1;94m[*] [0mFuzzing test case #826 (1420 total, 0 uniq crashes found)...[0m
scheduled max input!!!!
schedule: 3 level26_3/ijon_max/3
[1;94m[*] [0mFuzzing test case #827 (1420 total, 0 uniq crashes found)...[0m
scheduled max input!!!!
schedule: 2 level26_3/ijon_max/2
[1;94m[*] [0mFuzzing test case #828 (1420 total, 0 uniq crashes found)...[0m
scheduled max input!!!!
schedule: 0 level26_3/ijon_max/0
[1;94m[*] [0mFuzzing test case #829 (1420 total, 0 uniq crashes found)...[0m
scheduled max input!!!!
schedule: 4 level26_3/ijon_max/4
[1;94m[*] [0mFuzzing test case #830 (1420 total, 0 uniq crashes found)...[0m
scheduled max input!!!!
schedule: 5 level26_3/ijon_max/5
[1;94m[*] [0mFuzzing test case #831 (1420 total, 0 uniq crashes found)...[0m
[1;94m[*] [0mFuzzing test case #832 (1420 total, 0 uniq crashes found)...[0m
scheduled max input!!!!
schedule: 10 level26_3/ijon_max/10
[1;94m[*] [0mFuzzing test case #833 (1420 total, 0 uniq crashes found)...[0m
scheduled max input!!!!
schedule: 14 level26_3/ijon_max/14
[1;94m[*] [0mFuzzing test case #834 (1420 total, 0 uniq crashes found)...[0m
[1;94m[*] [0mFuzzing test case #835 (1420 total, 0 uniq crashes found)...[0m
[1;94m[*] [0mFuzzing test case #836 (1420 total, 0 uniq crashes found)...[0m
scheduled max input!!!!
schedule: 2 level26_3/ijon_max/2
[1;94m[*] [0mFuzzing test case #837 (1420 total, 0 uniq crashes found)...[0m
scheduled max input!!!!
schedule: 11 level26_3/ijon_max/11
[1;94m[*] [0mFuzzing test case #838 (1420 total, 0 uniq crashes found)...[0m
[1;94m[*] [0mFuzzing test case #839 (1420 total, 0 uniq crashes found)...[0m
scheduled max input!!!!
schedule: 0 level26_3/ijon_max/0
[1;94m[*] [0mFuzzing test case #840 (1420 total, 0 uniq crashes found)...[0m
scheduled max input!!!!
schedule: 2 level26_3/ijon_max/2
[1;94m[*] [0mFuzzing test case #841 (1420 total, 0 uniq crashes found)...[0m
[1;94m[*] [0mFuzzing test case #842 (1420 total, 0 uniq crashes found)...[0m
scheduled max input!!!!
schedule: 11 level26_3/ijon_max/11
[1;94m[*] [0mFuzzing test case #843 (1420 total, 0 uniq crashes found)...[0m
scheduled max input!!!!
schedule: 10 level26_3/ijon_max/10
[1;94m[*] [0mFuzzing test case #844 (1420 total, 0 uniq crashes found)...[0m
scheduled max input!!!!
schedule: 7 level26_3/ijon_max/7
[1;94m[*] [0mFuzzing test case #845 (1420 total, 0 uniq crashes found)...[0m
scheduled max input!!!!
schedule: 1 level26_3/ijon_max/1
[1;94m[*] [0mFuzzing test case #846 (1420 total, 0 uniq crashes found)...[0m
scheduled max input!!!!
schedule: 7 level26_3/ijon_max/7
[1;94m[*] [0mFuzzing test case #847 (1420 total, 0 uniq crashes found)...[0m
scheduled max input!!!!
schedule: 3 level26_3/ijon_max/3
[1;94m[*] [0mFuzzing test case #848 (1420 total, 0 uniq crashes found)...[0m
scheduled max input!!!!
schedule: 6 level26_3/ijon_max/6
updated maxmap 7: 8bd (len: 1024)
[1;94m[*] [0mFuzzing test case #849 (1420 total, 0 uniq crashes found)...[0m
scheduled max input!!!!
schedule: 2 level26_3/ijon_max/2
[1;94m[*] [0mFuzzing test case #850 (1420 total, 0 uniq crashes found)...[0m
scheduled max input!!!!
schedule: 8 level26_3/ijon_max/8
[1;94m[*] [0mFuzzing test case #851 (1420 total, 0 uniq crashes found)...[0m
scheduled max input!!!!
schedule: 14 level26_3/ijon_max/14
[1;94m[*] [0mFuzzing test case #852 (1420 total, 0 uniq crashes found)...[0m
scheduled max input!!!!
schedule: 7 level26_3/ijon_max/7
[1;94m[*] [0mFuzzing test case #853 (1420 total, 0 uniq crashes found)...[0m
[1;94m[*] [0mFuzzing test case #854 (1420 total, 0 uniq crashes found)...[0m
scheduled max input!!!!
schedule: 6 level26_3/ijon_max/6
[1;94m[*] [0mFuzzing test case #855 (1420 total, 0 uniq crashes found)...[0m
scheduled max input!!!!
schedule: 8 level26_3/ijon_max/8
[1;94m[*] [0mFuzzing test case #856 (1420 total, 0 uniq crashes found)...[0m
scheduled max input!!!!
schedule: 5 level26_3/ijon_max/5
[1;94m[*] [0mFuzzing test case #857 (1420 total, 0 uniq crashes found)...[0m
scheduled max input!!!!
schedule: 5 level26_3/ijon_max/5
[1;94m[*] [0mFuzzing test case #858 (1420 total, 0 uniq crashes found)...[0m
scheduled max input!!!!
schedule: 9 level26_3/ijon_max/9
[1;94m[*] [0mFuzzing test case #859 (1420 total, 0 uniq crashes found)...[0m
[1;94m[*] [0mFuzzing test case #860 (1420 total, 0 uniq crashes found)...[0m
scheduled max input!!!!
schedule: 15 level26_3/ijon_max/15
[1;94m[*] [0mFuzzing test case #861 (1420 total, 0 uniq crashes found)...[0m
scheduled max input!!!!
schedule: 4 level26_3/ijon_max/4
[1;94m[*] [0mFuzzing test case #862 (1420 total, 0 uniq crashes found)...[0m
scheduled max input!!!!
schedule: 13 level26_3/ijon_max/13
[1;94m[*] [0mFuzzing test case #863 (1420 total, 0 uniq crashes found)...[0m
scheduled max input!!!!
schedule: 10 level26_3/ijon_max/10
[1;94m[*] [0mFuzzing test case #864 (1420 total, 0 uniq crashes found)...[0m
scheduled max input!!!!
schedule: 10 level26_3/ijon_max/10
[1;94m[*] [0mFuzzing test case #865 (1420 total, 0 uniq crashes found)...[0m
[1;94m[*] [0mFuzzing test case #866 (1420 total, 0 uniq crashes found)...[0m
scheduled max input!!!!
schedule: 13 level26_3/ijon_max/13
[1;94m[*] [0mFuzzing test case #867 (1420 total, 0 uniq crashes found)...[0m
scheduled max input!!!!
schedule: 11 level26_3/ijon_max/11
[1;94m[*] [0mFuzzing test case #868 (1420 total, 0 uniq crashes found)...[0m
scheduled max input!!!!
schedule: 15 level26_3/ijon_max/15
[1;94m[*] [0mFuzzing test case #869 (1420 total, 0 uniq crashes found)...[0m
scheduled max input!!!!
schedule: 13 level26_3/ijon_max/13
[1;94m[*] [0mFuzzing test case #870 (1420 total, 0 uniq crashes found)...[0m
scheduled max input!!!!
schedule: 10 level26_3/ijon_max/10
[1;94m[*] [0mFuzzing test case #871 (1420 total, 0 uniq crashes found)...[0m
scheduled max input!!!!
schedule: 6 level26_3/ijon_max/6
[1;94m[*] [0mFuzzing test case #872 (1420 total, 0 uniq crashes found)...[0m
scheduled max input!!!!
schedule: 12 level26_3/ijon_max/12
[1;94m[*] [0mFuzzing test case #873 (1420 total, 0 uniq crashes found)...[0m
scheduled max input!!!!
schedule: 7 level26_3/ijon_max/7
[1;94m[*] [0mFuzzing test case #874 (1420 total, 0 uniq crashes found)...[0m
scheduled max input!!!!
schedule: 8 level26_3/ijon_max/8
[1;94m[*] [0mFuzzing test case #875 (1421 total, 0 uniq crashes found)...[0m
scheduled max input!!!!
schedule: 4 level26_3/ijon_max/4
[1;94m[*] [0mFuzzing test case #876 (1421 total, 0 uniq crashes found)...[0m
scheduled max input!!!!
schedule: 9 level26_3/ijon_max/9
[1;94m[*] [0mFuzzing test case #877 (1421 total, 0 uniq crashes found)...[0m
scheduled max input!!!!
schedule: 2 level26_3/ijon_max/2
[1;94m[*] [0mFuzzing test case #878 (1421 total, 0 uniq crashes found)...[0m
scheduled max input!!!!
schedule: 7 level26_3/ijon_max/7
[1;94m[*] [0mFuzzing test case #879 (1421 total, 0 uniq crashes found)...[0m
scheduled max input!!!!
schedule: 7 level26_3/ijon_max/7
[1;94m[*] [0mFuzzing test case #880 (1421 total, 0 uniq crashes found)...[0m
[1;94m[*] [0mFuzzing test case #881 (1421 total, 0 uniq crashes found)...[0m
scheduled max input!!!!
schedule: 5 level26_3/ijon_max/5
[1;94m[*] [0mFuzzing test case #882 (1421 total, 0 uniq crashes found)...[0m
[1;94m[*] [0mFuzzing test case #883 (1421 total, 0 uniq crashes found)...[0m
scheduled max input!!!!
schedule: 14 level26_3/ijon_max/14
[1;94m[*] [0mFuzzing test case #884 (1421 total, 0 uniq crashes found)...[0m
scheduled max input!!!!
schedule: 5 level26_3/ijon_max/5
[1;94m[*] [0mFuzzing test case #885 (1421 total, 0 uniq crashes found)...[0m
scheduled max input!!!!
schedule: 13 level26_3/ijon_max/13
[1;94m[*] [0mFuzzing test case #886 (1421 total, 0 uniq crashes found)...[0m
scheduled max input!!!!
schedule: 10 level26_3/ijon_max/10
[1;94m[*] [0mFuzzing test case #887 (1421 total, 0 uniq crashes found)...[0m
scheduled max input!!!!
schedule: 12 level26_3/ijon_max/12
[1;94m[*] [0mFuzzing test case #888 (1421 total, 0 uniq crashes found)...[0m
scheduled max input!!!!
schedule: 2 level26_3/ijon_max/2
[1;94m[*] [0mFuzzing test case #889 (1421 total, 0 uniq crashes found)...[0m
scheduled max input!!!!
schedule: 14 level26_3/ijon_max/14
[1;94m[*] [0mFuzzing test case #890 (1421 total, 0 uniq crashes found)...[0m
scheduled max input!!!!
schedule: 1 level26_3/ijon_max/1
[1;94m[*] [0mFuzzing test case #891 (1421 total, 0 uniq crashes found)...[0m
scheduled max input!!!!
schedule: 11 level26_3/ijon_max/11
[1;94m[*] [0mFuzzing test case #892 (1421 total, 0 uniq crashes found)...[0m
[1;94m[*] [0mFuzzing test case #893 (1421 total, 0 uniq crashes found)...[0m
[1;94m[*] [0mFuzzing test case #894 (1421 total, 0 uniq crashes found)...[0m
scheduled max input!!!!
schedule: 3 level26_3/ijon_max/3
[1;94m[*] [0mFuzzing test case #895 (1422 total, 0 uniq crashes found)...[0m
scheduled max input!!!!
schedule: 14 level26_3/ijon_max/14
[1;94m[*] [0mFuzzing test case #896 (1422 total, 0 uniq crashes found)...[0m
scheduled max input!!!!
schedule: 8 level26_3/ijon_max/8
[1;94m[*] [0mFuzzing test case #897 (1422 total, 0 uniq crashes found)...[0m
scheduled max input!!!!
schedule: 12 level26_3/ijon_max/12
[1;94m[*] [0mFuzzing test case #898 (1422 total, 0 uniq crashes found)...[0m
scheduled max input!!!!
schedule: 14 level26_3/ijon_max/14
[1;94m[*] [0mFuzzing test case #899 (1422 total, 0 uniq crashes found)...[0m
[1;94m[*] [0mFuzzing test case #900 (1422 total, 0 uniq crashes found)...[0m
scheduled max input!!!!
schedule: 4 level26_3/ijon_max/4
[1;94m[*] [0mFuzzing test case #901 (1422 total, 0 uniq crashes found)...[0m
scheduled max input!!!!
schedule: 13 level26_3/ijon_max/13
[1;94m[*] [0mFuzzing test case #902 (1422 total, 0 uniq crashes found)...[0m
scheduled max input!!!!
schedule: 7 level26_3/ijon_max/7
[1;94m[*] [0mFuzzing test case #903 (1422 total, 0 uniq crashes found)...[0m
scheduled normal input!!!!
[?25h[1;91m

+++ Testing aborted by user +++
[0m[1;92m[+] [0mWe're done here. Have a nice day!
[0m
srun: error: ubuntu-test: task 0: Exited with exit code 124
