srun: error: NodeNames=ubuntu-test CPUs=90 match no Sockets, Sockets*CoresPerSocket or Sockets*CoresPerSocket*ThreadsPerCore. Resetting CPUs.
[0;36mafl-fuzz [1;97m2.51b-ijon[0m by <lcamtuf@google.com>
[1;92m[+] [0mLooks like we're not running on a tty, so I'll be a bit less verbose.[0m
[1;92m[+] [0mYou have 96 CPU cores and 89 runnable tasks (utilization: 93%).[0m
[1;92m[+] [0mTry parallel jobs - see docs/parallel_fuzzing.txt.[0m
[1;93m[!] [1;97mWARNING: [0mNot binding to a CPU core (AFL_NO_AFFINITY set).[0m
[1;94m[*] [0mChecking core_pattern...[0m
[1;94m[*] [0mSetting up output directories...[0m
importdir: level21_2/importsmax_dir: level21_2/ijon_max[1;94m[*] [0mScanning 'seeds'...[0m
[1;92m[+] [0mNo auto-generated dictionary tokens to reuse.[0m
[1;94m[*] [0mCreating hard links for all input files...[0m
[1;94m[*] [0mValidating target binary...[0m
[1;94m[*] [0mAttempting dry run with 'id:000000,orig:a'...[0m
[1;94m[*] [0mSpinning up the fork server...[0m
[1;92m[+] [0mAll right - fork server is up.[0m
[1;90m    len = 1, map size = 2477, exec speed = 16952 us
[0m[1;92m[+] [0mAll test cases processed.[0m

[1;93m[!] [1;97mWARNING: [0m[1;91mThe target binary is pretty slow! See docs/perf_tips.txt.[0m
[1;92m[+] [0mHere are some useful stats:

[1;90m    Test case count : [0m1 favored, 0 variable, 1 total
[1;90m       Bitmap range : [0m2477 to 2477 bits (average: 2477.00 bits)
[1;90m        Exec timing : [0m17.0k to 17.0k us (average: 17.0k us)
[0m
[1;92m[+] [0mAll set and ready to roll![0m
[1;94m[*] [0mEntering queue cycle 1.[0m
[1;94m[*] [0mFuzzing test case #0 (1 total, 0 uniq crashes found)...[0m
scheduled normal input!!!!
updated maxmap 11: 28 (len: 1)
updated maxmap 9: 2b (len: 49)
updated maxmap 10: 2e (len: 49)
updated maxmap 11: 2e (len: 49)
updated maxmap 9: 2c (len: 54)
updated maxmap 10: 2f (len: 54)
updated maxmap 9: 2d (len: 75)
updated maxmap 8: 2b (len: 64)
updated maxmap 9: 32 (len: 64)
updated maxmap 10: 30 (len: 64)
updated maxmap 9: 37 (len: 86)
updated maxmap 10: 37 (len: 86)
updated maxmap 11: 37 (len: 86)
updated maxmap 9: 45 (len: 71)
updated maxmap 8: 32 (len: 68)
updated maxmap 8: 33 (len: 79)
updated maxmap 9: 57 (len: 79)
updated maxmap 10: 41 (len: 79)
updated maxmap 11: 3c (len: 79)
updated maxmap 7: 30 (len: 59)
updated maxmap 8: 35 (len: 59)
updated maxmap 10: 51 (len: 84)
updated maxmap 11: 59 (len: 84)
updated maxmap 8: 37 (len: 80)
[1;94m[*] [0mFuzzing test case #1 (247 total, 0 uniq crashes found)...[0m
scheduled max input!!!!
schedule: 10 level21_2/ijon_max/10
updated maxmap 8: 4b (len: 84)
updated maxmap 10: 56 (len: 84)
updated maxmap 8: 4e (len: 103)
updated maxmap 9: 58 (len: 103)
updated maxmap 10: 5e (len: 103)
updated maxmap 11: 5f (len: 103)
updated maxmap 9: 91 (len: 132)
updated maxmap 10: 8a (len: 132)
updated maxmap 11: 85 (len: 132)
updated maxmap 9: a2 (len: 131)
updated maxmap 10: ac (len: 131)
updated maxmap 11: ab (len: 131)
updated maxmap 8: 5f (len: 132)
updated maxmap 8: 61 (len: 122)
updated maxmap 9: a3 (len: 149)
updated maxmap 9: a4 (len: 141)
updated maxmap 8: 6d (len: 98)
updated maxmap 8: 81 (len: 129)
updated maxmap 7: 3e (len: 113)
updated maxmap 8: 8e (len: 149)
updated maxmap 9: b2 (len: 149)
updated maxmap 8: 94 (len: 141)
updated maxmap 7: 5c (len: 84)
updated maxmap 7: 9e (len: 153)
updated maxmap 8: a9 (len: 153)
updated maxmap 9: b4 (len: 138)
updated maxmap 10: b1 (len: 138)
[1;94m[*] [0mFuzzing test case #2 (382 total, 0 uniq crashes found)...[0m
scheduled max input!!!!
schedule: 9 level21_2/ijon_max/9
updated maxmap 8: be (len: 145)
updated maxmap 9: b9 (len: 145)
updated maxmap 10: b2 (len: 145)
updated maxmap 11: ac (len: 145)
updated maxmap 10: b5 (len: 141)
updated maxmap 11: b0 (len: 141)
updated maxmap 9: cd (len: 201)
updated maxmap 10: b9 (len: 201)
updated maxmap 11: b4 (len: 201)
updated maxmap 10: bd (len: 185)
updated maxmap 11: b7 (len: 185)
updated maxmap 9: fe (len: 205)
updated maxmap 10: e9 (len: 205)
updated maxmap 11: e3 (len: 205)
updated maxmap 10: ed (len: 208)
updated maxmap 11: f1 (len: 208)
updated maxmap 10: f4 (len: 208)
updated maxmap 8: f7 (len: 215)
updated maxmap 6: 28 (len: 182)
[1;94m[*] [0mFuzzing test case #3 (493 total, 0 uniq crashes found)...[0m
scheduled max input!!!!
schedule: 9 level21_2/ijon_max/9
updated maxmap 8: 108 (len: 205)
updated maxmap 9: 112 (len: 205)
updated maxmap 10: 117 (len: 205)
updated maxmap 8: 109 (len: 205)
updated maxmap 9: 113 (len: 205)
updated maxmap 10: 118 (len: 205)
updated maxmap 11: 111 (len: 205)
updated maxmap 12: 111 (len: 216)
updated maxmap 9: 117 (len: 205)
updated maxmap 8: 117 (len: 242)
updated maxmap 9: 11e (len: 242)
updated maxmap 10: 121 (len: 242)
updated maxmap 8: 13d (len: 250)
updated maxmap 9: 143 (len: 250)
updated maxmap 10: 145 (len: 250)
updated maxmap 0: 11a (len: 215)
updated maxmap 13: 10d (len: 215)
updated maxmap 14: 113 (len: 215)
updated maxmap 15: 119 (len: 215)
updated maxmap 13: 110 (len: 205)
updated maxmap 11: 114 (len: 221)
updated maxmap 12: 11a (len: 221)
updated maxmap 13: 120 (len: 221)
updated maxmap 14: 126 (len: 221)
updated maxmap 15: 127 (len: 221)
updated maxmap 0: 121 (len: 270)
updated maxmap 0: 127 (len: 239)
updated maxmap 7: ab (len: 217)
updated maxmap 8: 14f (len: 250)
updated maxmap 7: f3 (len: 232)
updated maxmap 7: f4 (len: 205)
updated maxmap 0: 129 (len: 236)
updated maxmap 0: 135 (len: 235)
updated maxmap 14: 128 (len: 235)
updated maxmap 15: 132 (len: 235)
updated maxmap 7: 127 (len: 227)
updated maxmap 7: 12e (len: 266)
updated maxmap 8: 157 (len: 263)
updated maxmap 9: 15a (len: 263)
updated maxmap 0: 13f (len: 225)
updated maxmap 12: 11e (len: 225)
updated maxmap 13: 128 (len: 225)
updated maxmap 14: 132 (len: 225)
updated maxmap 15: 13c (len: 225)
updated maxmap 7: 135 (len: 249)
updated maxmap 8: 15d (len: 239)
updated maxmap 9: 167 (len: 239)
updated maxmap 10: 171 (len: 239)
updated maxmap 11: 17b (len: 239)
updated maxmap 12: 185 (len: 239)
updated maxmap 13: 18f (len: 239)
updated maxmap 14: 199 (len: 239)
updated maxmap 7: 14f (len: 216)
updated maxmap 7: 150 (len: 210)
updated maxmap 0: 140 (len: 217)
updated maxmap 15: 13d (len: 217)
updated maxmap 7: 15a (len: 221)
updated maxmap 6: 14d (len: 213)
[1;94m[*] [0mFuzzing test case #4 (663 total, 0 uniq crashes found)...[0m
scheduled max input!!!!
schedule: 14 level21_2/ijon_max/14
updated maxmap 15: 19a (len: 239)
updated maxmap 8: 15e (len: 239)
updated maxmap 9: 168 (len: 239)
updated maxmap 10: 172 (len: 239)
updated maxmap 11: 17c (len: 239)
updated maxmap 12: 186 (len: 239)
updated maxmap 13: 190 (len: 239)
updated maxmap 7: 15e (len: 239)
updated maxmap 8: 168 (len: 239)
updated maxmap 9: 172 (len: 239)
updated maxmap 10: 17c (len: 239)
updated maxmap 11: 186 (len: 239)
updated maxmap 12: 190 (len: 239)
updated maxmap 13: 197 (len: 239)
updated maxmap 0: 1a6 (len: 247)
updated maxmap 14: 19a (len: 247)
updated maxmap 15: 1a4 (len: 247)
updated maxmap 14: 19b (len: 239)
updated maxmap 8: 172 (len: 263)
updated maxmap 0: 1a7 (len: 244)
updated maxmap 8: 177 (len: 258)
updated maxmap 9: 17d (len: 258)
updated maxmap 10: 183 (len: 258)
updated maxmap 11: 189 (len: 258)
updated maxmap 0: 1a9 (len: 245)
updated maxmap 14: 19d (len: 245)
updated maxmap 15: 1a7 (len: 245)
updated maxmap 13: 19a (len: 239)
updated maxmap 14: 1a4 (len: 239)
updated maxmap 7: 15f (len: 239)
updated maxmap 12: 191 (len: 239)
updated maxmap 13: 19b (len: 239)
updated maxmap 14: 1a5 (len: 239)
updated maxmap 0: 1ae (len: 247)
updated maxmap 15: 1ab (len: 247)
updated maxmap 7: 172 (len: 264)
updated maxmap 12: 193 (len: 239)
updated maxmap 13: 19d (len: 239)
updated maxmap 0: 1b1 (len: 244)
updated maxmap 15: 1ae (len: 244)
updated maxmap 6: 169 (len: 245)
updated maxmap 14: 1a7 (len: 240)
updated maxmap 11: 18c (len: 239)
updated maxmap 12: 196 (len: 239)
updated maxmap 13: 1a0 (len: 239)
updated maxmap 0: 1b4 (len: 250)
updated maxmap 14: 1a8 (len: 250)
updated maxmap 15: 1b2 (len: 250)
updated maxmap 14: 1a9 (len: 239)
updated maxmap 0: 1b6 (len: 254)
updated maxmap 15: 1b3 (len: 254)
updated maxmap 14: 1aa (len: 239)
updated maxmap 9: 17f (len: 239)
updated maxmap 10: 189 (len: 239)
updated maxmap 11: 193 (len: 239)
updated maxmap 12: 19d (len: 239)
updated maxmap 13: 1a7 (len: 239)
updated maxmap 14: 1ac (len: 239)
updated maxmap 14: 1ae (len: 244)
updated maxmap 15: 1b6 (len: 244)
updated maxmap 7: 179 (len: 244)
updated maxmap 9: 180 (len: 252)
updated maxmap 10: 18a (len: 252)
updated maxmap 11: 194 (len: 252)
updated maxmap 14: 1b1 (len: 252)
updated maxmap 12: 19e (len: 249)
updated maxmap 5: 1a7 (len: 255)
updated maxmap 6: 189 (len: 255)
updated maxmap 7: 181 (len: 255)
[1;94m[*] [0mFuzzing test case #5 (719 total, 0 uniq crashes found)...[0m
scheduled max input!!!!
schedule: 5 level21_2/ijon_max/5
updated maxmap 4: 19f (len: 258)
updated maxmap 5: 1a9 (len: 258)
updated maxmap 6: 1ae (len: 258)
updated maxmap 7: 184 (len: 255)
updated maxmap 7: 185 (len: 255)
updated maxmap 5: 1aa (len: 255)
updated maxmap 7: 187 (len: 255)
updated maxmap 4: 1a0 (len: 255)
updated maxmap 4: 1a2 (len: 255)
updated maxmap 5: 1ac (len: 255)
updated maxmap 7: 189 (len: 255)
updated maxmap 0: 1b7 (len: 263)
updated maxmap 5: 1b1 (len: 257)
updated maxmap 7: 18e (len: 261)
updated maxmap 4: 1a8 (len: 255)
updated maxmap 7: 199 (len: 309)
updated maxmap 5: 1b8 (len: 263)
updated maxmap 6: 1bf (len: 263)
updated maxmap 7: 1b8 (len: 261)
updated maxmap 0: 1b9 (len: 263)
updated maxmap 13: 1a8 (len: 255)
updated maxmap 7: 1b9 (len: 262)
updated maxmap 15: 1bb (len: 261)
updated maxmap 5: 1bf (len: 263)
updated maxmap 4: 1b3 (len: 261)
[1;94m[*] [0mFuzzing test case #6 (757 total, 0 uniq crashes found)...[0m
[1;94m[*] [0mFuzzing test case #7 (757 total, 0 uniq crashes found)...[0m
scheduled max input!!!!
schedule: 7 level21_2/ijon_max/7
updated maxmap 5: 1ca (len: 268)
updated maxmap 6: 1c2 (len: 268)
updated maxmap 7: 1bb (len: 268)
updated maxmap 7: 1bc (len: 262)
updated maxmap 7: 1bd (len: 262)
updated maxmap 7: 1c0 (len: 264)
updated maxmap 0: 1bb (len: 262)
updated maxmap 6: 1c3 (len: 267)
updated maxmap 7: 1c3 (len: 266)
updated maxmap 3: 191 (len: 262)
updated maxmap 6: 1c6 (len: 268)
updated maxmap 5: 1cf (len: 273)
updated maxmap 6: 1ca (len: 273)
updated maxmap 3: 193 (len: 262)
updated maxmap 5: 1db (len: 276)
updated maxmap 6: 1cf (len: 276)
updated maxmap 7: 1c8 (len: 276)
updated maxmap 0: 1bc (len: 262)
updated maxmap 3: 194 (len: 262)
updated maxmap 0: 1be (len: 267)
updated maxmap 14: 1b2 (len: 267)
updated maxmap 15: 1bc (len: 267)
updated maxmap 6: 1d2 (len: 275)
updated maxmap 7: 1cb (len: 275)
updated maxmap 4: 1b4 (len: 262)
updated maxmap 3: 195 (len: 267)
[1;94m[*] [0mFuzzing test case #8 (776 total, 0 uniq crashes found)...[0m
scheduled max input!!!!
schedule: 6 level21_2/ijon_max/6
updated maxmap 5: 1e9 (len: 283)
updated maxmap 6: 1d3 (len: 275)
updated maxmap 7: 1cc (len: 275)
updated maxmap 4: 1e7 (len: 285)
updated maxmap 5: 1f4 (len: 285)
updated maxmap 6: 1db (len: 275)
updated maxmap 7: 1dd (len: 275)
updated maxmap 6: 1df (len: 277)
updated maxmap 7: 1e2 (len: 277)
updated maxmap 6: 1e4 (len: 278)
updated maxmap 6: 1eb (len: 281)
updated maxmap 7: 1e9 (len: 281)
updated maxmap 6: 1f0 (len: 286)
[1;94m[*] [0mFuzzing test case #9 (793 total, 0 uniq crashes found)...[0m
scheduled max input!!!!
schedule: 3 level21_2/ijon_max/3
updated maxmap 2: 192 (len: 274)
[1;94m[*] [0mFuzzing test case #10 (795 total, 0 uniq crashes found)...[0m
scheduled max input!!!!
schedule: 9 level21_2/ijon_max/9
[1;94m[*] [0mFuzzing test case #11 (795 total, 0 uniq crashes found)...[0m
scheduled max input!!!!
schedule: 9 level21_2/ijon_max/9
[1;94m[*] [0mFuzzing test case #12 (795 total, 0 uniq crashes found)...[0m
scheduled max input!!!!
schedule: 13 level21_2/ijon_max/13
[1;94m[*] [0mFuzzing test case #13 (795 total, 0 uniq crashes found)...[0m
scheduled max input!!!!
schedule: 11 level21_2/ijon_max/11
[1;94m[*] [0mFuzzing test case #14 (795 total, 0 uniq crashes found)...[0m
scheduled max input!!!!
schedule: 6 level21_2/ijon_max/6
updated maxmap 6: 1f1 (len: 286)
updated maxmap 6: 1f4 (len: 288)
updated maxmap 7: 1f7 (len: 288)
updated maxmap 6: 1f5 (len: 286)
updated maxmap 6: 1f8 (len: 287)
updated maxmap 7: 204 (len: 293)
updated maxmap 6: 1fb (len: 290)
updated maxmap 5: 1f5 (len: 287)
updated maxmap 4: 1f3 (len: 286)
updated maxmap 6: 1fc (len: 289)
updated maxmap 5: 207 (len: 294)
updated maxmap 6: 200 (len: 294)
updated maxmap 4: 202 (len: 292)
updated maxmap 7: 205 (len: 293)
updated maxmap 4: 212 (len: 301)
updated maxmap 5: 20a (len: 301)
[1;94m[*] [0mFuzzing test case #15 (808 total, 0 uniq crashes found)...[0m
scheduled max input!!!!
schedule: 14 level21_2/ijon_max/14
updated maxmap 0: 1bf (len: 270)
[1;94m[*] [0mFuzzing test case #16 (808 total, 0 uniq crashes found)...[0m
scheduled max input!!!!
schedule: 11 level21_2/ijon_max/11
[1;94m[*] [0mFuzzing test case #17 (808 total, 0 uniq crashes found)...[0m
scheduled max input!!!!
schedule: 0 level21_2/ijon_max/0
[1;94m[*] [0mFuzzing test case #18 (809 total, 0 uniq crashes found)...[0m
scheduled max input!!!!
schedule: 7 level21_2/ijon_max/7
updated maxmap 6: 201 (len: 293)
updated maxmap 7: 206 (len: 293)
updated maxmap 7: 20a (len: 295)
updated maxmap 8: 206 (len: 293)
updated maxmap 6: 203 (len: 294)
updated maxmap 8: 20f (len: 297)
updated maxmap 5: 20b (len: 298)
updated maxmap 6: 208 (len: 299)
updated maxmap 7: 212 (len: 299)
updated maxmap 8: 214 (len: 299)
updated maxmap 6: 20c (len: 301)
updated maxmap 7: 216 (len: 301)
updated maxmap 5: 20f (len: 298)
updated maxmap 3: 204 (len: 300)
updated maxmap 5: 216 (len: 300)
updated maxmap 8: 217 (len: 300)
updated maxmap 8: 218 (len: 303)
updated maxmap 9: 21d (len: 303)
[1;94m[*] [0mFuzzing test case #19 (825 total, 0 uniq crashes found)...[0m
scheduled max input!!!!
schedule: 5 level21_2/ijon_max/5
updated maxmap 3: 205 (len: 300)
updated maxmap 5: 217 (len: 300)
updated maxmap 5: 21c (len: 302)
updated maxmap 10: 21f (len: 303)
updated maxmap 3: 208 (len: 301)
updated maxmap 4: 214 (len: 301)
updated maxmap 6: 222 (len: 308)
updated maxmap 7: 220 (len: 308)
updated maxmap 4: 216 (len: 300)
updated maxmap 8: 21c (len: 307)
updated maxmap 9: 226 (len: 307)
updated maxmap 10: 228 (len: 307)
updated maxmap 10: 229 (len: 307)
updated maxmap 4: 217 (len: 300)
updated maxmap 5: 220 (len: 304)
updated maxmap 5: 221 (len: 304)
updated maxmap 9: 228 (len: 308)
updated maxmap 3: 223 (len: 308)
updated maxmap 4: 22a (len: 308)
updated maxmap 6: 224 (len: 307)
updated maxmap 6: 226 (len: 306)
[1;94m[*] [0mFuzzing test case #20 (841 total, 0 uniq crashes found)...[0m
[1;94m[*] [0mFuzzing test case #21 (841 total, 0 uniq crashes found)...[0m
scheduled max input!!!!
schedule: 8 level21_2/ijon_max/8
updated maxmap 8: 21e (len: 308)
updated maxmap 10: 22b (len: 308)
updated maxmap 10: 232 (len: 312)
updated maxmap 11: 235 (len: 312)
updated maxmap 11: 237 (len: 313)
updated maxmap 11: 23a (len: 314)
updated maxmap 8: 224 (len: 310)
updated maxmap 9: 22e (len: 310)
updated maxmap 8: 226 (len: 307)
updated maxmap 8: 22a (len: 311)
updated maxmap 7: 222 (len: 307)
updated maxmap 7: 224 (len: 307)
updated maxmap 9: 233 (len: 315)
updated maxmap 8: 22e (len: 313)
updated maxmap 4: 239 (len: 320)
updated maxmap 5: 237 (len: 320)
updated maxmap 6: 231 (len: 320)
updated maxmap 7: 225 (len: 307)
updated maxmap 5: 238 (len: 315)
updated maxmap 6: 233 (len: 315)
updated maxmap 9: 236 (len: 314)
updated maxmap 10: 234 (len: 315)
updated maxmap 9: 238 (len: 315)
updated maxmap 10: 239 (len: 315)
updated maxmap 10: 23a (len: 315)
updated maxmap 8: 22f (len: 311)
updated maxmap 9: 239 (len: 320)
updated maxmap 10: 243 (len: 320)
updated maxmap 11: 248 (len: 320)
[1;94m[*] [0mFuzzing test case #22 (860 total, 0 uniq crashes found)...[0m
scheduled max input!!!!
schedule: 11 level21_2/ijon_max/11
updated maxmap 12: 248 (len: 320)
updated maxmap 13: 250 (len: 325)
updated maxmap 11: 24a (len: 326)
updated maxmap 12: 254 (len: 326)
updated maxmap 13: 256 (len: 327)
updated maxmap 7: 241 (len: 327)
updated maxmap 8: 24b (len: 327)
updated maxmap 9: 255 (len: 327)
updated maxmap 3: 252 (len: 327)
updated maxmap 4: 254 (len: 327)
updated maxmap 13: 259 (len: 328)
updated maxmap 14: 253 (len: 326)
updated maxmap 11: 24b (len: 327)
updated maxmap 12: 255 (len: 327)
updated maxmap 14: 25b (len: 328)
updated maxmap 11: 24c (len: 327)
updated maxmap 12: 256 (len: 327)
updated maxmap 13: 25a (len: 328)
[1;94m[*] [0mFuzzing test case #23 (884 total, 0 uniq crashes found)...[0m
scheduled max input!!!!
schedule: 4 level21_2/ijon_max/4
updated maxmap 4: 255 (len: 327)
updated maxmap 5: 25f (len: 333)
updated maxmap 6: 263 (len: 333)
updated maxmap 3: 253 (len: 327)
updated maxmap 7: 242 (len: 335)
updated maxmap 8: 24e (len: 335)
updated maxmap 4: 25c (len: 334)
updated maxmap 5: 266 (len: 334)
updated maxmap 3: 25b (len: 338)
updated maxmap 4: 265 (len: 338)
updated maxmap 5: 26f (len: 338)
updated maxmap 6: 271 (len: 338)
updated maxmap 2: 25b (len: 336)
updated maxmap 3: 260 (len: 336)
updated maxmap 13: 25c (len: 330)
updated maxmap 14: 265 (len: 334)
updated maxmap 15: 269 (len: 334)
updated maxmap 13: 25d (len: 330)
updated maxmap 13: 25f (len: 329)
updated maxmap 11: 24d (len: 327)
updated maxmap 12: 257 (len: 327)
updated maxmap 3: 268 (len: 335)
updated maxmap 0: 268 (len: 341)
updated maxmap 13: 260 (len: 330)
[1;94m[*] [0mFuzzing test case #24 (899 total, 0 uniq crashes found)...[0m
scheduled max input!!!!
schedule: 12 level21_2/ijon_max/12
updated maxmap 10: 258 (len: 327)
updated maxmap 13: 261 (len: 335)
updated maxmap 14: 26b (len: 335)
[1;94m[*] [0mFuzzing test case #25 (900 total, 0 uniq crashes found)...[0m
scheduled max input!!!!
schedule: 5 level21_2/ijon_max/5
updated maxmap 0: 26f (len: 338)
updated maxmap 15: 26d (len: 338)
updated maxmap 4: 266 (len: 338)
updated maxmap 5: 270 (len: 338)
updated maxmap 6: 273 (len: 338)
updated maxmap 0: 271 (len: 338)
updated maxmap 15: 26f (len: 338)
updated maxmap 0: 273 (len: 338)
updated maxmap 15: 270 (len: 338)
updated maxmap 4: 267 (len: 338)
updated maxmap 5: 271 (len: 338)
updated maxmap 4: 268 (len: 338)
updated maxmap 3: 269 (len: 344)
updated maxmap 4: 272 (len: 344)
updated maxmap 5: 27c (len: 344)
updated maxmap 6: 27f (len: 344)
updated maxmap 4: 283 (len: 345)
updated maxmap 5: 280 (len: 345)
updated maxmap 6: 286 (len: 346)
updated maxmap 15: 273 (len: 338)
updated maxmap 3: 26d (len: 342)
updated maxmap 0: 277 (len: 340)
updated maxmap 15: 274 (len: 340)
updated maxmap 8: 24f (len: 343)
updated maxmap 9: 259 (len: 343)
updated maxmap 10: 263 (len: 343)
updated maxmap 11: 26d (len: 343)
updated maxmap 12: 277 (len: 343)
updated maxmap 13: 27c (len: 343)
updated maxmap 15: 275 (len: 346)
updated maxmap 0: 278 (len: 341)
updated maxmap 7: 285 (len: 346)
[1;94m[*] [0mFuzzing test case #26 (919 total, 0 uniq crashes found)...[0m
scheduled max input!!!!
schedule: 0 level21_2/ijon_max/0
[1;94m[*] [0mFuzzing test case #27 (919 total, 0 uniq crashes found)...[0m
[1;94m[*] [0mFuzzing test case #28 (919 total, 0 uniq crashes found)...[0m
scheduled max input!!!!
schedule: 13 level21_2/ijon_max/13
[1;94m[*] [0mFuzzing test case #29 (919 total, 0 uniq crashes found)...[0m
scheduled max input!!!!
schedule: 3 level21_2/ijon_max/3
updated maxmap 3: 271 (len: 344)
updated maxmap 3: 272 (len: 342)
updated maxmap 3: 273 (len: 342)
[1;94m[*] [0mFuzzing test case #30 (919 total, 0 uniq crashes found)...[0m
scheduled max input!!!!
schedule: 14 level21_2/ijon_max/14
updated maxmap 3: 274 (len: 353)
[1;94m[*] [0mFuzzing test case #31 (920 total, 0 uniq crashes found)...[0m
[1;94m[*] [0mFuzzing test case #32 (920 total, 0 uniq crashes found)...[0m
scheduled max input!!!!
schedule: 3 level21_2/ijon_max/3
updated maxmap 4: 28b (len: 360)
updated maxmap 5: 295 (len: 360)
updated maxmap 6: 29d (len: 360)
updated maxmap 3: 27f (len: 353)
updated maxmap 7: 296 (len: 357)
updated maxmap 8: 298 (len: 357)
updated maxmap 7: 2a4 (len: 361)
updated maxmap 14: 26c (len: 361)
updated maxmap 3: 28d (len: 353)
updated maxmap 2: 274 (len: 360)
updated maxmap 4: 28c (len: 353)
updated maxmap 3: 28e (len: 353)
updated maxmap 4: 296 (len: 359)
updated maxmap 5: 2a0 (len: 359)
updated maxmap 3: 28f (len: 353)
updated maxmap 3: 292 (len: 354)
updated maxmap 6: 2a1 (len: 359)
updated maxmap 8: 29c (len: 357)
updated maxmap 6: 2a3 (len: 359)
updated maxmap 13: 27f (len: 353)
updated maxmap 14: 289 (len: 353)
updated maxmap 15: 293 (len: 353)
updated maxmap 0: 293 (len: 357)
updated maxmap 4: 29d (len: 360)
updated maxmap 0: 295 (len: 371)
updated maxmap 4: 29e (len: 361)
updated maxmap 5: 2a3 (len: 361)
updated maxmap 9: 2a0 (len: 360)
updated maxmap 4: 2a2 (len: 361)
updated maxmap 6: 2a4 (len: 360)
[1;94m[*] [0mFuzzing test case #33 (943 total, 0 uniq crashes found)...[0m
scheduled max input!!!!
schedule: 11 level21_2/ijon_max/11
updated maxmap 10: 264 (len: 343)
updated maxmap 11: 26e (len: 343)
updated maxmap 12: 278 (len: 343)
updated maxmap 13: 281 (len: 350)
updated maxmap 14: 28b (len: 350)
updated maxmap 13: 282 (len: 347)
[1;94m[*] [0mFuzzing test case #34 (945 total, 0 uniq crashes found)...[0m
scheduled max input!!!!
schedule: 12 level21_2/ijon_max/12
[1;94m[*] [0mFuzzing test case #35 (945 total, 0 uniq crashes found)...[0m
scheduled max input!!!!
schedule: 12 level21_2/ijon_max/12
[1;94m[*] [0mFuzzing test case #36 (945 total, 0 uniq crashes found)...[0m
scheduled max input!!!!
schedule: 12 level21_2/ijon_max/12
updated maxmap 14: 28c (len: 350)
updated maxmap 10: 265 (len: 343)
updated maxmap 11: 26f (len: 343)
updated maxmap 12: 279 (len: 343)
[1;94m[*] [0mFuzzing test case #37 (945 total, 0 uniq crashes found)...[0m
scheduled max input!!!!
schedule: 13 level21_2/ijon_max/13
[1;94m[*] [0mFuzzing test case #38 (945 total, 0 uniq crashes found)...[0m
scheduled max input!!!!
schedule: 6 level21_2/ijon_max/6
updated maxmap 6: 2a7 (len: 360)
updated maxmap 0: 29f (len: 360)
updated maxmap 10: 26b (len: 360)
updated maxmap 11: 275 (len: 360)
updated maxmap 12: 27f (len: 360)
updated maxmap 13: 289 (len: 360)
updated maxmap 14: 292 (len: 360)
updated maxmap 15: 29c (len: 360)
updated maxmap 8: 29e (len: 360)
updated maxmap 6: 2a8 (len: 360)
updated maxmap 9: 2a3 (len: 360)
updated maxmap 10: 2a8 (len: 360)
[1;94m[*] [0mFuzzing test case #39 (945 total, 0 uniq crashes found)...[0m
scheduled max input!!!!
schedule: 3 level21_2/ijon_max/3
[1;94m[*] [0mFuzzing test case #40 (945 total, 0 uniq crashes found)...[0m
scheduled max input!!!!
schedule: 13 level21_2/ijon_max/13
updated maxmap 14: 293 (len: 360)
updated maxmap 15: 29d (len: 360)
updated maxmap 0: 2a0 (len: 360)
updated maxmap 7: 2ab (len: 362)
[1;94m[*] [0mFuzzing test case #41 (947 total, 0 uniq crashes found)...[0m
scheduled max input!!!!
schedule: 4 level21_2/ijon_max/4
updated maxmap 8: 2a6 (len: 361)
updated maxmap 8: 2af (len: 365)
updated maxmap 4: 2a3 (len: 361)
updated maxmap 9: 2a4 (len: 361)
updated maxmap 5: 2a4 (len: 372)
updated maxmap 6: 2ae (len: 372)
updated maxmap 7: 2b8 (len: 372)
updated maxmap 8: 2c2 (len: 372)
updated maxmap 9: 2c7 (len: 372)
updated maxmap 5: 2aa (len: 365)
updated maxmap 0: 2b0 (len: 367)
updated maxmap 1: 28e (len: 367)
updated maxmap 2: 287 (len: 367)
updated maxmap 4: 2a5 (len: 363)
updated maxmap 4: 2a6 (len: 362)
updated maxmap 3: 293 (len: 361)
updated maxmap 5: 2ad (len: 365)
updated maxmap 5: 2af (len: 367)
updated maxmap 6: 2b2 (len: 367)
updated maxmap 5: 2b0 (len: 367)
updated maxmap 3: 294 (len: 362)
[1;94m[*] [0mFuzzing test case #42 (960 total, 0 uniq crashes found)...[0m
scheduled max input!!!!
schedule: 13 level21_2/ijon_max/13
[1;94m[*] [0mFuzzing test case #43 (960 total, 0 uniq crashes found)...[0m
[1;94m[*] [0mFuzzing test case #44 (960 total, 0 uniq crashes found)...[0m
scheduled max input!!!!
schedule: 4 level21_2/ijon_max/4
[1;94m[*] [0mFuzzing test case #45 (960 total, 0 uniq crashes found)...[0m
scheduled max input!!!!
schedule: 14 level21_2/ijon_max/14
[1;94m[*] [0mFuzzing test case #46 (960 total, 0 uniq crashes found)...[0m
scheduled max input!!!!
schedule: 9 level21_2/ijon_max/9
updated maxmap 6: 2b3 (len: 377)
updated maxmap 7: 2bd (len: 377)
updated maxmap 8: 2c7 (len: 377)
updated maxmap 9: 2d1 (len: 377)
updated maxmap 10: 2d4 (len: 377)
updated maxmap 11: 2a3 (len: 377)
updated maxmap 12: 2a9 (len: 377)
updated maxmap 13: 2ae (len: 377)
updated maxmap 11: 2b5 (len: 372)
updated maxmap 12: 2aa (len: 378)
updated maxmap 13: 2b0 (len: 378)
updated maxmap 11: 2b6 (len: 372)
updated maxmap 6: 2b5 (len: 373)
updated maxmap 7: 2bf (len: 373)
updated maxmap 8: 2c9 (len: 373)
updated maxmap 11: 2d8 (len: 379)
updated maxmap 12: 2c6 (len: 372)
updated maxmap 10: 2d9 (len: 379)
updated maxmap 14: 2b0 (len: 378)
updated maxmap 6: 2b6 (len: 373)
updated maxmap 7: 2c0 (len: 373)
updated maxmap 8: 2ca (len: 373)
updated maxmap 12: 2c7 (len: 379)
updated maxmap 13: 2d1 (len: 379)
updated maxmap 14: 2d6 (len: 379)
updated maxmap 11: 2db (len: 380)
updated maxmap 12: 2c9 (len: 374)
updated maxmap 12: 2cf (len: 379)
updated maxmap 13: 2d9 (len: 379)
updated maxmap 10: 2db (len: 380)
[1;94m[*] [0mFuzzing test case #47 (977 total, 0 uniq crashes found)...[0m
scheduled max input!!!!
schedule: 10 level21_2/ijon_max/10
updated maxmap 0: 2ea (len: 387)
updated maxmap 14: 2dd (len: 387)
updated maxmap 15: 2e7 (len: 387)
updated maxmap 12: 2e0 (len: 387)
updated maxmap 13: 2ea (len: 387)
updated maxmap 12: 2e1 (len: 391)
updated maxmap 13: 2eb (len: 391)
updated maxmap 14: 2f3 (len: 391)
updated maxmap 11: 2e5 (len: 388)
updated maxmap 12: 2ef (len: 388)
updated maxmap 6: 2b7 (len: 380)
updated maxmap 7: 2c1 (len: 380)
updated maxmap 8: 2cb (len: 380)
updated maxmap 9: 2d5 (len: 380)
updated maxmap 13: 2ec (len: 387)
updated maxmap 10: 2dc (len: 382)
updated maxmap 10: 2de (len: 383)
updated maxmap 11: 2e6 (len: 385)
[1;94m[*] [0mFuzzing test case #48 (990 total, 0 uniq crashes found)...[0m
scheduled max input!!!!
schedule: 7 level21_2/ijon_max/7
updated maxmap 6: 2b8 (len: 380)
updated maxmap 7: 2c2 (len: 380)
updated maxmap 8: 2cc (len: 380)
updated maxmap 9: 2d6 (len: 380)
updated maxmap 13: 2ef (len: 388)
updated maxmap 10: 2e0 (len: 382)
[1;94m[*] [0mFuzzing test case #49 (990 total, 0 uniq crashes found)...[0m
scheduled max input!!!!
schedule: 0 level21_2/ijon_max/0
updated maxmap 13: 2f5 (len: 398)
updated maxmap 14: 2fe (len: 398)
updated maxmap 15: 305 (len: 398)
updated maxmap 13: 2f8 (len: 392)
updated maxmap 11: 2e7 (len: 393)
updated maxmap 12: 2f1 (len: 393)
updated maxmap 13: 2fb (len: 393)
updated maxmap 0: 300 (len: 403)
[1;94m[*] [0mFuzzing test case #50 (1002 total, 0 uniq crashes found)...[0m
[1;94m[*] [0mFuzzing test case #51 (1002 total, 0 uniq crashes found)...[0m
scheduled max input!!!!
schedule: 1 level21_2/ijon_max/1
updated maxmap 2: 28a (len: 374)
updated maxmap 1: 290 (len: 367)
updated maxmap 1: 2b5 (len: 367)
updated maxmap 1: 2b6 (len: 368)
updated maxmap 2: 2b3 (len: 367)
updated maxmap 1: 2c0 (len: 372)
updated maxmap 1: 2c2 (len: 373)
updated maxmap 1: 2c7 (len: 375)
updated maxmap 2: 2b7 (len: 371)
updated maxmap 4: 2a7 (len: 372)
updated maxmap 5: 2b1 (len: 372)
updated maxmap 6: 2bb (len: 372)
updated maxmap 2: 2b8 (len: 370)
[1;94m[*] [0mFuzzing test case #52 (1019 total, 0 uniq crashes found)...[0m
scheduled max input!!!!
schedule: 7 level21_2/ijon_max/7
[1;94m[*] [0mFuzzing test case #53 (1019 total, 0 uniq crashes found)...[0m
scheduled max input!!!!
schedule: 13 level21_2/ijon_max/13
updated maxmap 11: 2e8 (len: 393)
updated maxmap 12: 2f2 (len: 393)
updated maxmap 13: 2fc (len: 393)
[1;94m[*] [0mFuzzing test case #54 (1019 total, 0 uniq crashes found)...[0m
scheduled max input!!!!
schedule: 6 level21_2/ijon_max/6
updated maxmap 7: 2c4 (len: 375)
[1;94m[*] [0mFuzzing test case #55 (1019 total, 0 uniq crashes found)...[0m
scheduled max input!!!!
schedule: 1 level21_2/ijon_max/1
updated maxmap 1: 2c8 (len: 375)
updated maxmap 1: 2cb (len: 375)
updated maxmap 7: 2c5 (len: 375)
updated maxmap 1: 2d6 (len: 383)
updated maxmap 2: 2cf (len: 383)
updated maxmap 2: 2d4 (len: 379)
updated maxmap 2: 2d8 (len: 381)
updated maxmap 1: 2de (len: 383)
[1;94m[*] [0mFuzzing test case #56 (1030 total, 0 uniq crashes found)...[0m
scheduled max input!!!!
schedule: 7 level21_2/ijon_max/7
[1;94m[*] [0mFuzzing test case #57 (1030 total, 0 uniq crashes found)...[0m
scheduled max input!!!!
schedule: 1 level21_2/ijon_max/1
updated maxmap 2: 2db (len: 383)
updated maxmap 1: 2df (len: 383)
updated maxmap 1: 2e6 (len: 391)
updated maxmap 2: 2f3 (len: 391)
[1;94m[*] [0mFuzzing test case #58 (1033 total, 0 uniq crashes found)...[0m
[1;94m[*] [0mFuzzing test case #59 (1033 total, 0 uniq crashes found)...[0m
scheduled max input!!!!
schedule: 7 level21_2/ijon_max/7
[1;94m[*] [0mFuzzing test case #60 (1033 total, 0 uniq crashes found)...[0m
scheduled max input!!!!
schedule: 3 level21_2/ijon_max/3
[1;94m[*] [0mFuzzing test case #61 (1033 total, 0 uniq crashes found)...[0m
scheduled max input!!!!
schedule: 13 level21_2/ijon_max/13
[1;94m[*] [0mFuzzing test case #62 (1033 total, 0 uniq crashes found)...[0m
scheduled max input!!!!
schedule: 12 level21_2/ijon_max/12
[1;94m[*] [0mFuzzing test case #63 (1033 total, 0 uniq crashes found)...[0m
scheduled max input!!!!
schedule: 11 level21_2/ijon_max/11
updated maxmap 3: 295 (len: 398)
updated maxmap 14: 305 (len: 398)
updated maxmap 15: 307 (len: 398)
updated maxmap 8: 2cf (len: 393)
updated maxmap 9: 2d9 (len: 393)
updated maxmap 10: 2e3 (len: 393)
updated maxmap 11: 2ed (len: 393)
updated maxmap 12: 2f7 (len: 393)
updated maxmap 13: 2fd (len: 400)
updated maxmap 14: 306 (len: 400)
updated maxmap 15: 308 (len: 400)
updated maxmap 0: 304 (len: 399)
updated maxmap 13: 300 (len: 396)
updated maxmap 14: 309 (len: 400)
updated maxmap 15: 30c (len: 400)
updated maxmap 14: 30a (len: 399)
[1;94m[*] [0mFuzzing test case #64 (1041 total, 0 uniq crashes found)...[0m
[1;94m[*] [0mFuzzing test case #65 (1041 total, 0 uniq crashes found)...[0m
scheduled max input!!!!
schedule: 5 level21_2/ijon_max/5
[1;94m[*] [0mFuzzing test case #66 (1041 total, 0 uniq crashes found)...[0m
scheduled max input!!!!
schedule: 5 level21_2/ijon_max/5
[1;94m[*] [0mFuzzing test case #67 (1041 total, 0 uniq crashes found)...[0m
scheduled max input!!!!
schedule: 0 level21_2/ijon_max/0
updated maxmap 0: 305 (len: 399)
[1;94m[*] [0mFuzzing test case #68 (1042 total, 0 uniq crashes found)...[0m
scheduled max input!!!!
schedule: 13 level21_2/ijon_max/13
[1;94m[*] [0mFuzzing test case #69 (1042 total, 0 uniq crashes found)...[0m
scheduled max input!!!!
schedule: 6 level21_2/ijon_max/6
[1;94m[*] [0mFuzzing test case #70 (1043 total, 0 uniq crashes found)...[0m
[1;94m[*] [0mFuzzing test case #71 (1043 total, 0 uniq crashes found)...[0m
scheduled max input!!!!
schedule: 13 level21_2/ijon_max/13
[1;94m[*] [0mFuzzing test case #72 (1043 total, 0 uniq crashes found)...[0m
[1;94m[*] [0mFuzzing test case #73 (1043 total, 0 uniq crashes found)...[0m
scheduled max input!!!!
schedule: 3 level21_2/ijon_max/3
updated maxmap 0: 310 (len: 402)
updated maxmap 15: 30e (len: 402)
updated maxmap 0: 311 (len: 405)
updated maxmap 15: 30f (len: 405)
[1;94m[*] [0mFuzzing test case #74 (1044 total, 0 uniq crashes found)...[0m
scheduled max input!!!!
schedule: 4 level21_2/ijon_max/4
[1;94m[*] [0mFuzzing test case #75 (1044 total, 0 uniq crashes found)...[0m
scheduled max input!!!!
schedule: 0 level21_2/ijon_max/0
[1;94m[*] [0mFuzzing test case #76 (1044 total, 0 uniq crashes found)...[0m
scheduled max input!!!!
schedule: 2 level21_2/ijon_max/2
updated maxmap 1: 2ef (len: 391)
updated maxmap 2: 2f4 (len: 392)
updated maxmap 1: 2f1 (len: 391)
updated maxmap 2: 2fb (len: 395)
[1;94m[*] [0mFuzzing test case #77 (1055 total, 0 uniq crashes found)...[0m
scheduled max input!!!!
schedule: 2 level21_2/ijon_max/2
updated maxmap 2: 2fd (len: 396)
[1;94m[*] [0mFuzzing test case #78 (1055 total, 0 uniq crashes found)...[0m
scheduled max input!!!!
schedule: 12 level21_2/ijon_max/12
[1;94m[*] [0mFuzzing test case #79 (1055 total, 0 uniq crashes found)...[0m
scheduled max input!!!!
schedule: 2 level21_2/ijon_max/2
updated maxmap 3: 2ff (len: 397)
[1;94m[*] [0mFuzzing test case #80 (1055 total, 0 uniq crashes found)...[0m
scheduled max input!!!!
schedule: 14 level21_2/ijon_max/14
[1;94m[*] [0mFuzzing test case #81 (1055 total, 0 uniq crashes found)...[0m
scheduled max input!!!!
schedule: 12 level21_2/ijon_max/12
[1;94m[*] [0mFuzzing test case #82 (1055 total, 0 uniq crashes found)...[0m
[1;94m[*] [0mFuzzing test case #83 (1055 total, 0 uniq crashes found)...[0m
scheduled max input!!!!
schedule: 1 level21_2/ijon_max/1
[1;94m[*] [0mFuzzing test case #84 (1055 total, 0 uniq crashes found)...[0m
scheduled max input!!!!
schedule: 5 level21_2/ijon_max/5
[1;94m[*] [0mFuzzing test case #85 (1055 total, 0 uniq crashes found)...[0m
scheduled max input!!!!
schedule: 0 level21_2/ijon_max/0
updated maxmap 0: 315 (len: 405)
updated maxmap 15: 312 (len: 405)
updated maxmap 0: 316 (len: 405)
updated maxmap 15: 313 (len: 405)
[1;94m[*] [0mFuzzing test case #86 (1056 total, 0 uniq crashes found)...[0m
scheduled max input!!!!
schedule: 3 level21_2/ijon_max/3
updated maxmap 1: 2f7 (len: 404)
[1;94m[*] [0mFuzzing test case #87 (1058 total, 0 uniq crashes found)...[0m
scheduled max input!!!!
schedule: 7 level21_2/ijon_max/7
[1;94m[*] [0mFuzzing test case #88 (1058 total, 0 uniq crashes found)...[0m
scheduled max input!!!!
schedule: 2 level21_2/ijon_max/2
updated maxmap 4: 2ff (len: 396)
updated maxmap 1: 301 (len: 402)
updated maxmap 2: 30b (len: 402)
updated maxmap 1: 30c (len: 403)
updated maxmap 2: 310 (len: 404)
[1;94m[*] [0mFuzzing test case #89 (1062 total, 0 uniq crashes found)...[0m
scheduled max input!!!!
schedule: 3 level21_2/ijon_max/3
[1;94m[*] [0mFuzzing test case #90 (1062 total, 0 uniq crashes found)...[0m
scheduled max input!!!!
schedule: 15 level21_2/ijon_max/15
updated maxmap 15: 314 (len: 405)
[1;94m[*] [0mFuzzing test case #91 (1062 total, 0 uniq crashes found)...[0m
scheduled max input!!!!
schedule: 6 level21_2/ijon_max/6
[1;94m[*] [0mFuzzing test case #92 (1062 total, 0 uniq crashes found)...[0m
[1;94m[*] [0mFuzzing test case #93 (1062 total, 0 uniq crashes found)...[0m
[1;94m[*] [0mFuzzing test case #94 (1062 total, 0 uniq crashes found)...[0m
scheduled max input!!!!
schedule: 11 level21_2/ijon_max/11
[1;94m[*] [0mFuzzing test case #95 (1062 total, 0 uniq crashes found)...[0m
scheduled max input!!!!
schedule: 2 level21_2/ijon_max/2
updated maxmap 2: 311 (len: 404)
[1;94m[*] [0mFuzzing test case #96 (1062 total, 0 uniq crashes found)...[0m
[1;94m[*] [0mFuzzing test case #97 (1062 total, 0 uniq crashes found)...[0m
scheduled max input!!!!
schedule: 11 level21_2/ijon_max/11
[1;94m[*] [0mFuzzing test case #98 (1062 total, 0 uniq crashes found)...[0m
scheduled max input!!!!
schedule: 8 level21_2/ijon_max/8
[1;94m[*] [0mFuzzing test case #99 (1062 total, 0 uniq crashes found)...[0m
scheduled max input!!!!
schedule: 11 level21_2/ijon_max/11
[1;94m[*] [0mFuzzing test case #100 (1062 total, 0 uniq crashes found)...[0m
[1;94m[*] [0mFuzzing test case #101 (1062 total, 0 uniq crashes found)...[0m
[1;94m[*] [0mFuzzing test case #102 (1062 total, 0 uniq crashes found)...[0m
[1;94m[*] [0mFuzzing test case #103 (1062 total, 0 uniq crashes found)...[0m
scheduled max input!!!!
schedule: 13 level21_2/ijon_max/13
[1;94m[*] [0mFuzzing test case #104 (1062 total, 0 uniq crashes found)...[0m
scheduled max input!!!!
schedule: 8 level21_2/ijon_max/8
[1;94m[*] [0mFuzzing test case #105 (1062 total, 0 uniq crashes found)...[0m
scheduled max input!!!!
schedule: 4 level21_2/ijon_max/4
[1;94m[*] [0mFuzzing test case #106 (1062 total, 0 uniq crashes found)...[0m
scheduled max input!!!!
schedule: 13 level21_2/ijon_max/13
[1;94m[*] [0mFuzzing test case #107 (1062 total, 0 uniq crashes found)...[0m
scheduled max input!!!!
schedule: 14 level21_2/ijon_max/14
[1;94m[*] [0mFuzzing test case #108 (1063 total, 0 uniq crashes found)...[0m
[1;94m[*] [0mFuzzing test case #109 (1063 total, 0 uniq crashes found)...[0m
scheduled max input!!!!
schedule: 0 level21_2/ijon_max/0
[1;94m[*] [0mFuzzing test case #110 (1063 total, 0 uniq crashes found)...[0m
scheduled max input!!!!
schedule: 2 level21_2/ijon_max/2
updated maxmap 3: 300 (len: 404)
updated maxmap 4: 30a (len: 404)
updated maxmap 5: 311 (len: 404)
[1;94m[*] [0mFuzzing test case #111 (1063 total, 0 uniq crashes found)...[0m
[1;94m[*] [0mFuzzing test case #112 (1063 total, 0 uniq crashes found)...[0m
scheduled max input!!!!
schedule: 8 level21_2/ijon_max/8
[1;94m[*] [0mFuzzing test case #113 (1063 total, 0 uniq crashes found)...[0m
scheduled max input!!!!
schedule: 12 level21_2/ijon_max/12
[1;94m[*] [0mFuzzing test case #114 (1063 total, 0 uniq crashes found)...[0m
scheduled max input!!!!
schedule: 13 level21_2/ijon_max/13
[1;94m[*] [0mFuzzing test case #115 (1063 total, 0 uniq crashes found)...[0m
scheduled max input!!!!
schedule: 13 level21_2/ijon_max/13
[1;94m[*] [0mFuzzing test case #116 (1063 total, 0 uniq crashes found)...[0m
[1;94m[*] [0mFuzzing test case #117 (1063 total, 0 uniq crashes found)...[0m
scheduled max input!!!!
schedule: 7 level21_2/ijon_max/7
[1;94m[*] [0mFuzzing test case #118 (1063 total, 0 uniq crashes found)...[0m
[1;94m[*] [0mFuzzing test case #119 (1063 total, 0 uniq crashes found)...[0m
scheduled max input!!!!
schedule: 0 level21_2/ijon_max/0
[1;94m[*] [0mFuzzing test case #120 (1063 total, 0 uniq crashes found)...[0m
scheduled max input!!!!
schedule: 11 level21_2/ijon_max/11
[1;94m[*] [0mFuzzing test case #121 (1063 total, 0 uniq crashes found)...[0m
scheduled max input!!!!
schedule: 7 level21_2/ijon_max/7
[1;94m[*] [0mFuzzing test case #122 (1063 total, 0 uniq crashes found)...[0m
scheduled max input!!!!
schedule: 2 level21_2/ijon_max/2
updated maxmap 1: 311 (len: 404)
updated maxmap 3: 301 (len: 404)
updated maxmap 4: 30b (len: 404)
updated maxmap 5: 312 (len: 404)
updated maxmap 3: 319 (len: 409)
updated maxmap 4: 31c (len: 409)
[1;94m[*] [0mFuzzing test case #123 (1066 total, 0 uniq crashes found)...[0m
scheduled max input!!!!
schedule: 5 level21_2/ijon_max/5
updated maxmap 2: 312 (len: 404)
updated maxmap 5: 313 (len: 404)
[1;94m[*] [0mFuzzing test case #124 (1066 total, 0 uniq crashes found)...[0m
scheduled max input!!!!
schedule: 9 level21_2/ijon_max/9
[1;94m[*] [0mFuzzing test case #125 (1066 total, 0 uniq crashes found)...[0m
scheduled max input!!!!
schedule: 14 level21_2/ijon_max/14
[1;94m[*] [0mFuzzing test case #126 (1066 total, 0 uniq crashes found)...[0m
scheduled max input!!!!
schedule: 9 level21_2/ijon_max/9
[1;94m[*] [0mFuzzing test case #127 (1066 total, 0 uniq crashes found)...[0m
scheduled max input!!!!
schedule: 5 level21_2/ijon_max/5
updated maxmap 1: 313 (len: 404)
[1;94m[*] [0mFuzzing test case #128 (1066 total, 0 uniq crashes found)...[0m
scheduled max input!!!!
schedule: 12 level21_2/ijon_max/12
[1;94m[*] [0mFuzzing test case #129 (1066 total, 0 uniq crashes found)...[0m
[1;94m[*] [0mFuzzing test case #130 (1066 total, 0 uniq crashes found)...[0m
scheduled max input!!!!
schedule: 1 level21_2/ijon_max/1
updated maxmap 6: 317 (len: 406)
updated maxmap 6: 31a (len: 407)
updated maxmap 1: 318 (len: 409)
updated maxmap 2: 31f (len: 409)
updated maxmap 2: 322 (len: 412)
updated maxmap 3: 327 (len: 412)
updated maxmap 5: 31a (len: 407)
updated maxmap 1: 31d (len: 408)
updated maxmap 6: 31d (len: 411)
updated maxmap 7: 324 (len: 411)
updated maxmap 2: 327 (len: 412)
updated maxmap 5: 31b (len: 409)
updated maxmap 0: 317 (len: 406)
updated maxmap 0: 318 (len: 409)
updated maxmap 1: 31f (len: 409)
updated maxmap 7: 325 (len: 412)
[1;94m[*] [0mFuzzing test case #131 (1077 total, 0 uniq crashes found)...[0m
scheduled max input!!!!
schedule: 8 level21_2/ijon_max/8
[1;94m[*] [0mFuzzing test case #132 (1077 total, 0 uniq crashes found)...[0m
[1;94m[*] [0mFuzzing test case #133 (1077 total, 0 uniq crashes found)...[0m
scheduled max input!!!!
schedule: 9 level21_2/ijon_max/9
[1;94m[*] [0mFuzzing test case #134 (1077 total, 0 uniq crashes found)...[0m
[1;94m[*] [0mFuzzing test case #135 (1077 total, 0 uniq crashes found)...[0m
[1;94m[*] [0mFuzzing test case #136 (1077 total, 0 uniq crashes found)...[0m
[1;94m[*] [0mFuzzing test case #137 (1077 total, 0 uniq crashes found)...[0m
[1;94m[*] [0mFuzzing test case #138 (1077 total, 0 uniq crashes found)...[0m
scheduled max input!!!!
schedule: 5 level21_2/ijon_max/5
updated maxmap 5: 31c (len: 409)
updated maxmap 6: 31f (len: 409)
updated maxmap 5: 31d (len: 409)
updated maxmap 6: 324 (len: 416)
updated maxmap 7: 32e (len: 416)
updated maxmap 8: 331 (len: 416)
updated maxmap 4: 31e (len: 409)
updated maxmap 0: 321 (len: 410)
updated maxmap 4: 324 (len: 412)
updated maxmap 5: 323 (len: 411)
updated maxmap 5: 32a (len: 416)
updated maxmap 6: 32f (len: 416)
updated maxmap 4: 325 (len: 413)
updated maxmap 6: 332 (len: 417)
updated maxmap 3: 32a (len: 416)
updated maxmap 4: 32f (len: 416)
[1;94m[*] [0mFuzzing test case #139 (1085 total, 0 uniq crashes found)...[0m
scheduled max input!!!!
schedule: 12 level21_2/ijon_max/12
[1;94m[*] [0mFuzzing test case #140 (1085 total, 0 uniq crashes found)...[0m
scheduled max input!!!!
schedule: 2 level21_2/ijon_max/2
updated maxmap 3: 32c (len: 414)
updated maxmap 1: 322 (len: 415)
updated maxmap 2: 32c (len: 415)
updated maxmap 1: 323 (len: 412)
[1;94m[*] [0mFuzzing test case #141 (1085 total, 0 uniq crashes found)...[0m
[1;94m[*] [0mFuzzing test case #142 (1085 total, 0 uniq crashes found)...[0m
scheduled max input!!!!
schedule: 8 level21_2/ijon_max/8
updated maxmap 5: 32b (len: 416)
updated maxmap 8: 338 (len: 421)
updated maxmap 9: 33d (len: 421)
updated maxmap 3: 32e (len: 416)
updated maxmap 4: 331 (len: 416)
updated maxmap 7: 330 (len: 419)
updated maxmap 8: 339 (len: 420)
updated maxmap 7: 331 (len: 420)
updated maxmap 8: 33b (len: 420)
updated maxmap 5: 332 (len: 423)
updated maxmap 9: 342 (len: 423)
updated maxmap 3: 32f (len: 416)
updated maxmap 4: 339 (len: 422)
updated maxmap 5: 33e (len: 422)
updated maxmap 3: 333 (len: 418)
updated maxmap 9: 343 (len: 434)
updated maxmap 10: 35a (len: 434)
updated maxmap 11: 352 (len: 434)
updated maxmap 3: 334 (len: 418)
updated maxmap 5: 342 (len: 429)
updated maxmap 6: 34c (len: 429)
updated maxmap 7: 351 (len: 429)
[1;94m[*] [0mFuzzing test case #143 (1093 total, 0 uniq crashes found)...[0m
scheduled max input!!!!
schedule: 11 level21_2/ijon_max/11
updated maxmap 3: 336 (len: 434)
updated maxmap 4: 340 (len: 434)
updated maxmap 5: 34a (len: 434)
updated maxmap 6: 354 (len: 434)
updated maxmap 7: 359 (len: 434)
updated maxmap 0: 322 (len: 438)
updated maxmap 1: 32c (len: 438)
updated maxmap 2: 336 (len: 438)
updated maxmap 3: 340 (len: 438)
updated maxmap 4: 34a (len: 438)
updated maxmap 5: 354 (len: 438)
updated maxmap 6: 35e (len: 438)
updated maxmap 7: 360 (len: 438)
updated maxmap 9: 35b (len: 434)
updated maxmap 9: 36b (len: 441)
updated maxmap 11: 353 (len: 437)
[1;94m[*] [0mFuzzing test case #144 (1094 total, 0 uniq crashes found)...[0m
scheduled max input!!!!
schedule: 11 level21_2/ijon_max/11
updated maxmap 10: 35b (len: 439)
updated maxmap 11: 356 (len: 439)
[1;94m[*] [0mFuzzing test case #145 (1094 total, 0 uniq crashes found)...[0m
scheduled max input!!!!
schedule: 6 level21_2/ijon_max/6
updated maxmap 7: 361 (len: 439)
updated maxmap 8: 361 (len: 443)
updated maxmap 5: 36d (len: 443)
updated maxmap 6: 36a (len: 443)
updated maxmap 7: 363 (len: 439)
updated maxmap 11: 35e (len: 438)
updated maxmap 0: 325 (len: 440)
updated maxmap 1: 32f (len: 440)
updated maxmap 2: 339 (len: 440)
updated maxmap 3: 343 (len: 440)
updated maxmap 4: 34d (len: 440)
updated maxmap 10: 35c (len: 438)
updated maxmap 11: 35f (len: 438)
updated maxmap 7: 36e (len: 444)
updated maxmap 5: 371 (len: 445)
updated maxmap 6: 36f (len: 445)
updated maxmap 10: 36b (len: 446)
updated maxmap 11: 375 (len: 446)
updated maxmap 8: 363 (len: 441)
updated maxmap 12: 376 (len: 446)
updated maxmap 8: 366 (len: 438)
updated maxmap 5: 372 (len: 446)
updated maxmap 10: 371 (len: 445)
updated maxmap 8: 36b (len: 445)
updated maxmap 9: 36e (len: 445)
updated maxmap 5: 374 (len: 446)
[1;94m[*] [0mFuzzing test case #146 (1117 total, 0 uniq crashes found)...[0m
[1;94m[*] [0mFuzzing test case #147 (1117 total, 0 uniq crashes found)...[0m
scheduled max input!!!!
schedule: 4 level21_2/ijon_max/4
[1;94m[*] [0mFuzzing test case #148 (1117 total, 0 uniq crashes found)...[0m
scheduled max input!!!!
schedule: 9 level21_2/ijon_max/9
updated maxmap 8: 36e (len: 445)
updated maxmap 9: 370 (len: 446)
updated maxmap 12: 377 (len: 450)
updated maxmap 13: 379 (len: 450)
updated maxmap 9: 378 (len: 451)
updated maxmap 10: 37d (len: 451)
updated maxmap 13: 37f (len: 452)
updated maxmap 7: 371 (len: 449)
updated maxmap 10: 37f (len: 452)
updated maxmap 8: 36f (len: 445)
updated maxmap 11: 377 (len: 449)
updated maxmap 12: 37c (len: 449)
updated maxmap 13: 380 (len: 453)
updated maxmap 12: 380 (len: 451)
updated maxmap 9: 37f (len: 453)
updated maxmap 10: 382 (len: 453)
updated maxmap 13: 389 (len: 456)
updated maxmap 14: 38c (len: 456)
updated maxmap 6: 375 (len: 448)
updated maxmap 11: 37f (len: 452)
updated maxmap 11: 382 (len: 453)
[1;94m[*] [0mFuzzing test case #149 (1142 total, 0 uniq crashes found)...[0m
scheduled max input!!!!
schedule: 15 level21_2/ijon_max/15
[1;94m[*] [0mFuzzing test case #150 (1142 total, 0 uniq crashes found)...[0m
scheduled max input!!!!
schedule: 12 level21_2/ijon_max/12
updated maxmap 12: 381 (len: 453)
[1;94m[*] [0mFuzzing test case #151 (1142 total, 0 uniq crashes found)...[0m
scheduled max input!!!!
schedule: 13 level21_2/ijon_max/13
updated maxmap 11: 388 (len: 456)
updated maxmap 13: 38b (len: 459)
updated maxmap 14: 395 (len: 459)
updated maxmap 12: 382 (len: 456)
updated maxmap 13: 38c (len: 456)
updated maxmap 14: 396 (len: 461)
updated maxmap 15: 39b (len: 461)
updated maxmap 10: 385 (len: 456)
updated maxmap 5: 386 (len: 456)
updated maxmap 6: 37c (len: 456)
updated maxmap 0: 39f (len: 464)
updated maxmap 15: 39d (len: 464)
updated maxmap 11: 389 (len: 463)
updated maxmap 12: 393 (len: 463)
updated maxmap 13: 398 (len: 463)
updated maxmap 14: 397 (len: 463)
updated maxmap 10: 389 (len: 460)
updated maxmap 11: 390 (len: 460)
updated maxmap 9: 380 (len: 461)
updated maxmap 10: 38a (len: 461)
updated maxmap 11: 392 (len: 461)
updated maxmap 14: 398 (len: 462)
updated maxmap 13: 39c (len: 464)
updated maxmap 14: 39e (len: 464)
[1;94m[*] [0mFuzzing test case #152 (1156 total, 0 uniq crashes found)...[0m
scheduled max input!!!!
schedule: 2 level21_2/ijon_max/2
[1;94m[*] [0mFuzzing test case #153 (1156 total, 0 uniq crashes found)...[0m
scheduled max input!!!!
schedule: 9 level21_2/ijon_max/9
updated maxmap 9: 381 (len: 461)
updated maxmap 10: 38b (len: 461)
updated maxmap 11: 393 (len: 461)
updated maxmap 12: 399 (len: 466)
updated maxmap 13: 39e (len: 466)
[1;94m[*] [0mFuzzing test case #154 (1157 total, 0 uniq crashes found)...[0m
[1;94m[*] [0mFuzzing test case #155 (1157 total, 0 uniq crashes found)...[0m
scheduled max input!!!!
schedule: 10 level21_2/ijon_max/10
updated maxmap 13: 3a0 (len: 468)
updated maxmap 14: 3a5 (len: 468)
updated maxmap 15: 3a5 (len: 468)
updated maxmap 0: 3a7 (len: 469)
updated maxmap 11: 395 (len: 466)
updated maxmap 12: 39f (len: 466)
updated maxmap 0: 3a8 (len: 469)
updated maxmap 15: 3a6 (len: 469)
updated maxmap 13: 3a2 (len: 468)
updated maxmap 13: 3a4 (len: 468)
updated maxmap 5: 38a (len: 468)
updated maxmap 6: 394 (len: 468)
updated maxmap 7: 39e (len: 468)
updated maxmap 15: 3a7 (len: 468)
updated maxmap 14: 3a6 (len: 468)
updated maxmap 15: 3a8 (len: 468)
[1;94m[*] [0mFuzzing test case #156 (1163 total, 0 uniq crashes found)...[0m
[1;94m[*] [0mFuzzing test case #157 (1163 total, 0 uniq crashes found)...[0m
scheduled max input!!!!
schedule: 11 level21_2/ijon_max/11
updated maxmap 14: 3ae (len: 472)
updated maxmap 13: 3a7 (len: 470)
updated maxmap 0: 3a9 (len: 474)
updated maxmap 13: 3a8 (len: 470)
updated maxmap 13: 3a9 (len: 474)
updated maxmap 14: 3b3 (len: 474)
updated maxmap 15: 3b1 (len: 473)
updated maxmap 0: 3aa (len: 472)
updated maxmap 8: 393 (len: 474)
updated maxmap 15: 3b3 (len: 474)
[1;94m[*] [0mFuzzing test case #158 (1174 total, 0 uniq crashes found)...[0m
[1;94m[*] [0mFuzzing test case #159 (1174 total, 0 uniq crashes found)...[0m
scheduled max input!!!!
schedule: 12 level21_2/ijon_max/12
[1;94m[*] [0mFuzzing test case #160 (1174 total, 0 uniq crashes found)...[0m
scheduled max input!!!!
schedule: 14 level21_2/ijon_max/14
updated maxmap 0: 3b6 (len: 481)
updated maxmap 0: 3b8 (len: 476)
updated maxmap 15: 3b6 (len: 476)
updated maxmap 0: 3c0 (len: 481)
updated maxmap 15: 3bd (len: 481)
updated maxmap 8: 3a1 (len: 474)
updated maxmap 9: 39f (len: 474)
updated maxmap 10: 39f (len: 474)
[1;94m[*] [0mFuzzing test case #161 (1179 total, 0 uniq crashes found)...[0m
scheduled max input!!!!
schedule: 9 level21_2/ijon_max/9
updated maxmap 8: 3a2 (len: 474)
updated maxmap 5: 38f (len: 474)
updated maxmap 6: 399 (len: 474)
updated maxmap 7: 3b2 (len: 474)
updated maxmap 8: 3aa (len: 474)
updated maxmap 6: 3c5 (len: 482)
updated maxmap 5: 390 (len: 474)
updated maxmap 7: 3b3 (len: 474)
updated maxmap 8: 3ab (len: 474)
updated maxmap 10: 3a0 (len: 474)
updated maxmap 11: 3a0 (len: 482)
[1;94m[*] [0mFuzzing test case #162 (1179 total, 0 uniq crashes found)...[0m
[1;94m[*] [0mFuzzing test case #163 (1179 total, 0 uniq crashes found)...[0m
scheduled max input!!!!
schedule: 5 level21_2/ijon_max/5
updated maxmap 5: 391 (len: 474)
updated maxmap 7: 3b4 (len: 474)
updated maxmap 8: 3ac (len: 474)
[1;94m[*] [0mFuzzing test case #164 (1179 total, 0 uniq crashes found)...[0m
scheduled max input!!!!
schedule: 4 level21_2/ijon_max/4
[1;94m[*] [0mFuzzing test case #165 (1179 total, 0 uniq crashes found)...[0m
scheduled max input!!!!
schedule: 5 level21_2/ijon_max/5
updated maxmap 1: 337 (len: 486)
updated maxmap 2: 341 (len: 486)
updated maxmap 3: 34b (len: 486)
updated maxmap 4: 355 (len: 486)
updated maxmap 7: 3b5 (len: 486)
updated maxmap 8: 3af (len: 486)
updated maxmap 9: 3a0 (len: 474)
[1;94m[*] [0mFuzzing test case #166 (1182 total, 0 uniq crashes found)...[0m
scheduled max input!!!!
schedule: 9 level21_2/ijon_max/9
updated maxmap 1: 352 (len: 474)
updated maxmap 2: 35c (len: 474)
updated maxmap 3: 366 (len: 474)
updated maxmap 4: 370 (len: 474)
updated maxmap 9: 3a2 (len: 474)
updated maxmap 10: 3b1 (len: 474)
updated maxmap 11: 3af (len: 474)
updated maxmap 1: 353 (len: 474)
updated maxmap 2: 35d (len: 474)
updated maxmap 3: 367 (len: 474)
updated maxmap 4: 371 (len: 474)
updated maxmap 9: 3a3 (len: 474)
updated maxmap 10: 3b2 (len: 474)
updated maxmap 11: 3b0 (len: 474)
updated maxmap 1: 354 (len: 474)
updated maxmap 2: 35e (len: 474)
updated maxmap 3: 368 (len: 474)
updated maxmap 4: 372 (len: 474)
updated maxmap 9: 3a4 (len: 474)
updated maxmap 10: 3b3 (len: 474)
updated maxmap 11: 3b1 (len: 474)
updated maxmap 10: 3b5 (len: 475)
updated maxmap 11: 3b3 (len: 475)
updated maxmap 9: 3be (len: 482)
updated maxmap 10: 3b8 (len: 482)
[1;94m[*] [0mFuzzing test case #167 (1184 total, 0 uniq crashes found)...[0m
scheduled max input!!!!
schedule: 12 level21_2/ijon_max/12
[1;94m[*] [0mFuzzing test case #168 (1184 total, 0 uniq crashes found)...[0m
scheduled max input!!!!
schedule: 0 level21_2/ijon_max/0
[1;94m[*] [0mFuzzing test case #169 (1184 total, 0 uniq crashes found)...[0m
scheduled max input!!!!
schedule: 5 level21_2/ijon_max/5
updated maxmap 6: 3c6 (len: 482)
[1;94m[*] [0mFuzzing test case #170 (1184 total, 0 uniq crashes found)...[0m
scheduled max input!!!!
schedule: 4 level21_2/ijon_max/4
updated maxmap 5: 397 (len: 475)
updated maxmap 10: 3c0 (len: 480)
updated maxmap 11: 3b8 (len: 480)
updated maxmap 9: 3c4 (len: 481)
[1;94m[*] [0mFuzzing test case #171 (1184 total, 0 uniq crashes found)...[0m
scheduled max input!!!!
schedule: 0 level21_2/ijon_max/0
[1;94m[*] [0mFuzzing test case #172 (1184 total, 0 uniq crashes found)...[0m
scheduled max input!!!!
schedule: 6 level21_2/ijon_max/6
updated maxmap 7: 3ba (len: 482)
updated maxmap 8: 3b2 (len: 482)
updated maxmap 6: 3c7 (len: 482)
[1;94m[*] [0mFuzzing test case #173 (1184 total, 0 uniq crashes found)...[0m
scheduled max input!!!!
schedule: 3 level21_2/ijon_max/3
[1;94m[*] [0mFuzzing test case #174 (1184 total, 0 uniq crashes found)...[0m
[1;94m[*] [0mFuzzing test case #175 (1184 total, 0 uniq crashes found)...[0m
[1;94m[*] [0mFuzzing test case #176 (1184 total, 0 uniq crashes found)...[0m
[1;94m[*] [0mFuzzing test case #177 (1184 total, 0 uniq crashes found)...[0m
scheduled max input!!!!
schedule: 3 level21_2/ijon_max/3
updated maxmap 1: 355 (len: 474)
updated maxmap 2: 35f (len: 474)
updated maxmap 3: 369 (len: 474)
updated maxmap 4: 373 (len: 474)
[1;94m[*] [0mFuzzing test case #178 (1184 total, 0 uniq crashes found)...[0m
scheduled max input!!!!
schedule: 9 level21_2/ijon_max/9
updated maxmap 9: 3c5 (len: 481)
updated maxmap 5: 3c4 (len: 481)
[1;94m[*] [0mFuzzing test case #179 (1184 total, 0 uniq crashes found)...[0m
scheduled max input!!!!
schedule: 4 level21_2/ijon_max/4
updated maxmap 1: 35b (len: 477)
updated maxmap 2: 365 (len: 477)
updated maxmap 3: 36f (len: 477)
updated maxmap 4: 379 (len: 477)
[1;94m[*] [0mFuzzing test case #180 (1185 total, 0 uniq crashes found)...[0m
scheduled max input!!!!
schedule: 4 level21_2/ijon_max/4
updated maxmap 7: 3be (len: 500)
updated maxmap 8: 3c8 (len: 500)
updated maxmap 9: 3f3 (len: 500)
updated maxmap 10: 3e6 (len: 500)
updated maxmap 11: 3df (len: 500)
updated maxmap 1: 35c (len: 477)
updated maxmap 2: 366 (len: 477)
updated maxmap 3: 370 (len: 477)
updated maxmap 4: 37a (len: 477)
[1;94m[*] [0mFuzzing test case #181 (1187 total, 0 uniq crashes found)...[0m
scheduled max input!!!!
schedule: 10 level21_2/ijon_max/10
updated maxmap 7: 3bf (len: 500)
updated maxmap 8: 3c9 (len: 500)
updated maxmap 10: 3f1 (len: 500)
updated maxmap 11: 3e9 (len: 500)
updated maxmap 11: 3ea (len: 500)
updated maxmap 7: 3c0 (len: 500)
updated maxmap 8: 3ca (len: 500)
updated maxmap 9: 3f5 (len: 507)
updated maxmap 10: 3f2 (len: 500)
updated maxmap 11: 3eb (len: 500)
updated maxmap 7: 3c1 (len: 500)
updated maxmap 8: 3cb (len: 500)
updated maxmap 10: 3f3 (len: 500)
updated maxmap 7: 3c6 (len: 500)
updated maxmap 8: 3d0 (len: 500)
updated maxmap 11: 3ec (len: 500)
updated maxmap 6: 3d4 (len: 500)
updated maxmap 7: 3c7 (len: 506)
updated maxmap 8: 3d1 (len: 506)
updated maxmap 9: 3f6 (len: 506)
updated maxmap 7: 3d2 (len: 507)
updated maxmap 8: 3dc (len: 507)
updated maxmap 10: 403 (len: 507)
updated maxmap 11: 400 (len: 507)
updated maxmap 7: 3d3 (len: 500)
updated maxmap 8: 3dd (len: 500)
updated maxmap 9: 3fc (len: 505)
updated maxmap 9: 3ff (len: 507)
updated maxmap 9: 401 (len: 506)
updated maxmap 4: 3cd (len: 500)
updated maxmap 5: 3da (len: 500)
updated maxmap 6: 3e4 (len: 500)
updated maxmap 7: 3ee (len: 500)
updated maxmap 8: 3f3 (len: 500)
updated maxmap 5: 3dc (len: 508)
updated maxmap 6: 3e6 (len: 508)
updated maxmap 7: 3f0 (len: 508)
updated maxmap 8: 3fa (len: 508)
updated maxmap 9: 403 (len: 508)
updated maxmap 10: 405 (len: 508)
updated maxmap 5: 3de (len: 501)
updated maxmap 6: 3e8 (len: 501)
updated maxmap 7: 3f2 (len: 501)
updated maxmap 4: 3d2 (len: 500)
updated maxmap 5: 3e1 (len: 500)
updated maxmap 6: 3eb (len: 500)
updated maxmap 12: 3a0 (len: 500)
updated maxmap 7: 3f4 (len: 504)
updated maxmap 5: 3e3 (len: 503)
updated maxmap 6: 3ed (len: 503)
updated maxmap 7: 3f7 (len: 503)
updated maxmap 5: 3e6 (len: 505)
updated maxmap 6: 3f0 (len: 505)
updated maxmap 7: 3fa (len: 505)
updated maxmap 8: 3fc (len: 505)
updated maxmap 11: 401 (len: 508)
updated maxmap 5: 3eb (len: 506)
updated maxmap 6: 3f5 (len: 506)
updated maxmap 7: 3fe (len: 506)
updated maxmap 8: 401 (len: 506)
[1;94m[*] [0mFuzzing test case #182 (1202 total, 0 uniq crashes found)...[0m
[1;94m[*] [0mFuzzing test case #183 (1202 total, 0 uniq crashes found)...[0m
scheduled max input!!!!
schedule: 2 level21_2/ijon_max/2
[1;94m[*] [0mFuzzing test case #184 (1203 total, 0 uniq crashes found)...[0m
scheduled max input!!!!
schedule: 15 level21_2/ijon_max/15
[1;94m[*] [0mFuzzing test case #185 (1203 total, 0 uniq crashes found)...[0m
scheduled max input!!!!
schedule: 1 level21_2/ijon_max/1
[1;94m[*] [0mFuzzing test case #186 (1203 total, 0 uniq crashes found)...[0m
scheduled max input!!!!
schedule: 15 level21_2/ijon_max/15
[1;94m[*] [0mFuzzing test case #187 (1203 total, 0 uniq crashes found)...[0m
[1;94m[*] [0mFuzzing test case #188 (1203 total, 0 uniq crashes found)...[0m
scheduled max input!!!!
schedule: 3 level21_2/ijon_max/3
[1;94m[*] [0mFuzzing test case #189 (1203 total, 0 uniq crashes found)...[0m
scheduled max input!!!!
schedule: 5 level21_2/ijon_max/5
updated maxmap 11: 408 (len: 511)
updated maxmap 12: 3ff (len: 513)
updated maxmap 13: 3ff (len: 513)
updated maxmap 5: 3ec (len: 506)
updated maxmap 6: 3f6 (len: 506)
updated maxmap 7: 3ff (len: 506)
updated maxmap 10: 40b (len: 511)
updated maxmap 11: 40d (len: 511)
updated maxmap 10: 40d (len: 512)
updated maxmap 8: 406 (len: 509)
updated maxmap 8: 408 (len: 509)
updated maxmap 9: 40f (len: 512)
updated maxmap 10: 413 (len: 514)
updated maxmap 11: 40e (len: 514)
updated maxmap 4: 3e1 (len: 506)
updated maxmap 5: 3f0 (len: 506)
updated maxmap 6: 3fa (len: 506)
updated maxmap 7: 400 (len: 506)
updated maxmap 7: 401 (len: 506)
updated maxmap 4: 3e3 (len: 507)
updated maxmap 5: 3f2 (len: 507)
updated maxmap 6: 3fc (len: 507)
updated maxmap 7: 403 (len: 507)
updated maxmap 4: 3e4 (len: 506)
updated maxmap 5: 3f3 (len: 506)
updated maxmap 10: 41b (len: 517)
updated maxmap 11: 419 (len: 517)
updated maxmap 9: 412 (len: 514)
[1;94m[*] [0mFuzzing test case #190 (1217 total, 0 uniq crashes found)...[0m
scheduled max input!!!!
schedule: 12 level21_2/ijon_max/12
updated maxmap 13: 401 (len: 519)
updated maxmap 14: 404 (len: 519)
updated maxmap 12: 400 (len: 513)
[1;94m[*] [0mFuzzing test case #191 (1217 total, 0 uniq crashes found)...[0m
scheduled max input!!!!
schedule: 9 level21_2/ijon_max/9
updated maxmap 8: 41a (len: 518)
updated maxmap 9: 41f (len: 518)
[1;94m[*] [0mFuzzing test case #192 (1217 total, 0 uniq crashes found)...[0m
scheduled max input!!!!
schedule: 9 level21_2/ijon_max/9
updated maxmap 0: 400 (len: 525)
updated maxmap 15: 3ff (len: 525)
updated maxmap 0: 401 (len: 525)
updated maxmap 15: 401 (len: 525)
updated maxmap 8: 424 (len: 523)
updated maxmap 9: 42b (len: 523)
updated maxmap 10: 428 (len: 524)
updated maxmap 11: 42d (len: 524)
updated maxmap 9: 42e (len: 526)
updated maxmap 10: 433 (len: 526)
updated maxmap 0: 402 (len: 525)
minimized maxmap 8: 424 (len: 522)
updated maxmap 8: 42b (len: 523)
[1;94m[*] [0mFuzzing test case #193 (1230 total, 0 uniq crashes found)...[0m
scheduled max input!!!!
schedule: 2 level21_2/ijon_max/2
[1;94m[*] [0mFuzzing test case #194 (1230 total, 0 uniq crashes found)...[0m
scheduled max input!!!!
schedule: 13 level21_2/ijon_max/13
updated maxmap 12: 401 (len: 519)
updated maxmap 15: 404 (len: 520)
updated maxmap 15: 405 (len: 520)
updated maxmap 14: 405 (len: 519)
updated maxmap 0: 404 (len: 525)
updated maxmap 9: 433 (len: 527)
updated maxmap 3: 39b (len: 519)
updated maxmap 9: 434 (len: 527)
[1;94m[*] [0mFuzzing test case #195 (1239 total, 0 uniq crashes found)...[0m
scheduled max input!!!!
schedule: 0 level21_2/ijon_max/0
updated maxmap 11: 431 (len: 527)
updated maxmap 0: 405 (len: 525)
updated maxmap 0: 407 (len: 525)
updated maxmap 15: 406 (len: 525)
[1;94m[*] [0mFuzzing test case #196 (1240 total, 0 uniq crashes found)...[0m
[1;94m[*] [0mFuzzing test case #197 (1240 total, 0 uniq crashes found)...[0m
scheduled max input!!!!
schedule: 15 level21_2/ijon_max/15
[1;94m[*] [0mFuzzing test case #198 (1240 total, 0 uniq crashes found)...[0m
scheduled max input!!!!
schedule: 11 level21_2/ijon_max/11
updated maxmap 11: 432 (len: 527)
[1;94m[*] [0mFuzzing test case #199 (1240 total, 0 uniq crashes found)...[0m
scheduled max input!!!!
schedule: 10 level21_2/ijon_max/10
[1;94m[*] [0mFuzzing test case #200 (1240 total, 0 uniq crashes found)...[0m
scheduled max input!!!!
schedule: 0 level21_2/ijon_max/0
[1;94m[*] [0mFuzzing test case #201 (1240 total, 0 uniq crashes found)...[0m
scheduled max input!!!!
schedule: 4 level21_2/ijon_max/4
[1;94m[*] [0mFuzzing test case #202 (1240 total, 0 uniq crashes found)...[0m
scheduled max input!!!!
schedule: 6 level21_2/ijon_max/6
updated maxmap 7: 405 (len: 510)
[1;94m[*] [0mFuzzing test case #203 (1241 total, 0 uniq crashes found)...[0m
scheduled max input!!!!
schedule: 7 level21_2/ijon_max/7
updated maxmap 7: 406 (len: 510)
[1;94m[*] [0mFuzzing test case #204 (1241 total, 0 uniq crashes found)...[0m
scheduled max input!!!!
schedule: 13 level21_2/ijon_max/13
[1;94m[*] [0mFuzzing test case #205 (1241 total, 0 uniq crashes found)...[0m
scheduled max input!!!!
schedule: 0 level21_2/ijon_max/0
[1;94m[*] [0mFuzzing test case #206 (1241 total, 0 uniq crashes found)...[0m
scheduled max input!!!!
schedule: 1 level21_2/ijon_max/1
[1;94m[*] [0mFuzzing test case #207 (1241 total, 0 uniq crashes found)...[0m
scheduled max input!!!!
schedule: 1 level21_2/ijon_max/1
[1;94m[*] [0mFuzzing test case #208 (1241 total, 0 uniq crashes found)...[0m
scheduled max input!!!!
schedule: 11 level21_2/ijon_max/11
updated maxmap 9: 437 (len: 529)
updated maxmap 10: 434 (len: 529)
[1;94m[*] [0mFuzzing test case #209 (1241 total, 0 uniq crashes found)...[0m
scheduled max input!!!!
schedule: 7 level21_2/ijon_max/7
[1;94m[*] [0mFuzzing test case #210 (1241 total, 0 uniq crashes found)...[0m
[1;94m[*] [0mFuzzing test case #211 (1241 total, 0 uniq crashes found)...[0m
[1;94m[*] [0mFuzzing test case #212 (1241 total, 0 uniq crashes found)...[0m
[1;94m[*] [0mFuzzing test case #213 (1241 total, 0 uniq crashes found)...[0m
scheduled max input!!!!
schedule: 13 level21_2/ijon_max/13
[1;94m[*] [0mFuzzing test case #214 (1241 total, 0 uniq crashes found)...[0m
[1;94m[*] [0mFuzzing test case #215 (1241 total, 0 uniq crashes found)...[0m
scheduled max input!!!!
schedule: 0 level21_2/ijon_max/0
[1;94m[*] [0mFuzzing test case #216 (1241 total, 0 uniq crashes found)...[0m
scheduled max input!!!!
schedule: 4 level21_2/ijon_max/4
[1;94m[*] [0mFuzzing test case #217 (1241 total, 0 uniq crashes found)...[0m
scheduled max input!!!!
schedule: 14 level21_2/ijon_max/14
[1;94m[*] [0mFuzzing test case #218 (1242 total, 0 uniq crashes found)...[0m
scheduled max input!!!!
schedule: 10 level21_2/ijon_max/10
updated maxmap 10: 437 (len: 531)
updated maxmap 11: 434 (len: 529)
minimized maxmap 10: 437 (len: 529)
updated maxmap 11: 437 (len: 529)
[1;94m[*] [0mFuzzing test case #219 (1244 total, 0 uniq crashes found)...[0m
scheduled max input!!!!
schedule: 1 level21_2/ijon_max/1
updated maxmap 1: 35d (len: 477)
updated maxmap 2: 367 (len: 477)
updated maxmap 1: 35e (len: 477)
updated maxmap 2: 368 (len: 477)
updated maxmap 1: 35f (len: 477)
updated maxmap 2: 369 (len: 477)
[1;94m[*] [0mFuzzing test case #220 (1245 total, 0 uniq crashes found)...[0m
scheduled max input!!!!
schedule: 13 level21_2/ijon_max/13
[1;94m[*] [0mFuzzing test case #221 (1245 total, 0 uniq crashes found)...[0m
[1;94m[*] [0mFuzzing test case #222 (1245 total, 0 uniq crashes found)...[0m
scheduled max input!!!!
schedule: 10 level21_2/ijon_max/10
updated maxmap 10: 438 (len: 532)
updated maxmap 11: 43d (len: 532)
updated maxmap 9: 449 (len: 537)
updated maxmap 10: 43f (len: 537)
updated maxmap 10: 44d (len: 541)
updated maxmap 11: 447 (len: 541)
[1;94m[*] [0mFuzzing test case #223 (1247 total, 0 uniq crashes found)...[0m
scheduled max input!!!!
schedule: 4 level21_2/ijon_max/4
[1;94m[*] [0mFuzzing test case #224 (1247 total, 0 uniq crashes found)...[0m
scheduled max input!!!!
schedule: 4 level21_2/ijon_max/4
[1;94m[*] [0mFuzzing test case #225 (1248 total, 0 uniq crashes found)...[0m
scheduled max input!!!!
schedule: 12 level21_2/ijon_max/12
[1;94m[*] [0mFuzzing test case #226 (1248 total, 0 uniq crashes found)...[0m
scheduled max input!!!!
schedule: 7 level21_2/ijon_max/7
updated maxmap 12: 402 (len: 515)
[1;94m[*] [0mFuzzing test case #227 (1249 total, 0 uniq crashes found)...[0m
scheduled max input!!!!
schedule: 13 level21_2/ijon_max/13
[1;94m[*] [0mFuzzing test case #228 (1249 total, 0 uniq crashes found)...[0m
[1;94m[*] [0mFuzzing test case #229 (1249 total, 0 uniq crashes found)...[0m
scheduled max input!!!!
schedule: 0 level21_2/ijon_max/0
[1;94m[*] [0mFuzzing test case #230 (1249 total, 0 uniq crashes found)...[0m
scheduled max input!!!!
schedule: 4 level21_2/ijon_max/4
[1;94m[*] [0mFuzzing test case #231 (1249 total, 0 uniq crashes found)...[0m
scheduled max input!!!!
schedule: 8 level21_2/ijon_max/8
[1;94m[*] [0mFuzzing test case #232 (1249 total, 0 uniq crashes found)...[0m
scheduled max input!!!!
schedule: 14 level21_2/ijon_max/14
[1;94m[*] [0mFuzzing test case #233 (1249 total, 0 uniq crashes found)...[0m
[1;94m[*] [0mFuzzing test case #234 (1249 total, 0 uniq crashes found)...[0m
scheduled max input!!!!
schedule: 12 level21_2/ijon_max/12
[1;94m[*] [0mFuzzing test case #235 (1249 total, 0 uniq crashes found)...[0m
[1;94m[*] [0mFuzzing test case #236 (1249 total, 0 uniq crashes found)...[0m
[1;94m[*] [0mFuzzing test case #237 (1249 total, 0 uniq crashes found)...[0m
scheduled max input!!!!
schedule: 15 level21_2/ijon_max/15
[1;94m[*] [0mFuzzing test case #238 (1249 total, 0 uniq crashes found)...[0m
scheduled max input!!!!
schedule: 12 level21_2/ijon_max/12
[1;94m[*] [0mFuzzing test case #239 (1249 total, 0 uniq crashes found)...[0m
scheduled max input!!!!
schedule: 0 level21_2/ijon_max/0
[1;94m[*] [0mFuzzing test case #240 (1249 total, 0 uniq crashes found)...[0m
[1;94m[*] [0mFuzzing test case #241 (1249 total, 0 uniq crashes found)...[0m
scheduled max input!!!!
schedule: 10 level21_2/ijon_max/10
updated maxmap 10: 450 (len: 543)
updated maxmap 11: 44a (len: 543)
minimized maxmap 11: 44a (len: 541)
updated maxmap 9: 450 (len: 541)
updated maxmap 11: 44b (len: 541)
updated maxmap 8: 42d (len: 549)
updated maxmap 11: 45e (len: 549)
updated maxmap 10: 455 (len: 545)
updated maxmap 8: 432 (len: 541)
updated maxmap 8: 44d (len: 541)
updated maxmap 11: 461 (len: 547)
updated maxmap 8: 44e (len: 541)
updated maxmap 9: 45d (len: 548)
updated maxmap 8: 453 (len: 543)
updated maxmap 9: 46d (len: 557)
updated maxmap 10: 45b (len: 557)
updated maxmap 10: 45c (len: 548)
[1;94m[*] [0mFuzzing test case #242 (1259 total, 0 uniq crashes found)...[0m
scheduled max input!!!!
schedule: 13 level21_2/ijon_max/13
[1;94m[*] [0mFuzzing test case #243 (1259 total, 0 uniq crashes found)...[0m
[1;94m[*] [0mFuzzing test case #244 (1259 total, 0 uniq crashes found)...[0m
[1;94m[*] [0mFuzzing test case #245 (1259 total, 0 uniq crashes found)...[0m
scheduled max input!!!!
schedule: 0 level21_2/ijon_max/0
[1;94m[*] [0mFuzzing test case #246 (1259 total, 0 uniq crashes found)...[0m
scheduled max input!!!!
schedule: 4 level21_2/ijon_max/4
[1;94m[*] [0mFuzzing test case #247 (1259 total, 0 uniq crashes found)...[0m
scheduled max input!!!!
schedule: 10 level21_2/ijon_max/10
updated maxmap 10: 45d (len: 548)
updated maxmap 10: 45e (len: 548)
[1;94m[*] [0mFuzzing test case #248 (1259 total, 0 uniq crashes found)...[0m
scheduled max input!!!!
schedule: 2 level21_2/ijon_max/2
[1;94m[*] [0mFuzzing test case #249 (1259 total, 0 uniq crashes found)...[0m
scheduled max input!!!!
schedule: 15 level21_2/ijon_max/15
updated maxmap 0: 40b (len: 525)
updated maxmap 15: 40a (len: 525)
[1;94m[*] [0mFuzzing test case #250 (1260 total, 0 uniq crashes found)...[0m
[1;94m[*] [0mFuzzing test case #251 (1260 total, 0 uniq crashes found)...[0m
scheduled max input!!!!
schedule: 0 level21_2/ijon_max/0
[1;94m[*] [0mFuzzing test case #252 (1260 total, 0 uniq crashes found)...[0m
scheduled max input!!!!
schedule: 8 level21_2/ijon_max/8
updated maxmap 8: 454 (len: 543)
[1;94m[*] [0mFuzzing test case #253 (1260 total, 0 uniq crashes found)...[0m
scheduled max input!!!!
schedule: 5 level21_2/ijon_max/5
[1;94m[*] [0mFuzzing test case #254 (1260 total, 0 uniq crashes found)...[0m
[1;94m[*] [0mFuzzing test case #255 (1260 total, 0 uniq crashes found)...[0m
scheduled max input!!!!
schedule: 2 level21_2/ijon_max/2
updated maxmap 1: 360 (len: 477)
updated maxmap 2: 36a (len: 477)
[1;94m[*] [0mFuzzing test case #256 (1260 total, 0 uniq crashes found)...[0m
[1;94m[*] [0mFuzzing test case #257 (1260 total, 0 uniq crashes found)...[0m
scheduled max input!!!!
schedule: 6 level21_2/ijon_max/6
[1;94m[*] [0mFuzzing test case #258 (1260 total, 0 uniq crashes found)...[0m
scheduled max input!!!!
schedule: 7 level21_2/ijon_max/7
[1;94m[*] [0mFuzzing test case #259 (1260 total, 0 uniq crashes found)...[0m
scheduled max input!!!!
schedule: 15 level21_2/ijon_max/15
[1;94m[*] [0mFuzzing test case #260 (1260 total, 0 uniq crashes found)...[0m
scheduled max input!!!!
schedule: 15 level21_2/ijon_max/15
[1;94m[*] [0mFuzzing test case #261 (1260 total, 0 uniq crashes found)...[0m
scheduled max input!!!!
schedule: 1 level21_2/ijon_max/1
updated maxmap 1: 361 (len: 477)
updated maxmap 2: 36b (len: 477)
[1;94m[*] [0mFuzzing test case #262 (1260 total, 0 uniq crashes found)...[0m
scheduled max input!!!!
schedule: 15 level21_2/ijon_max/15
updated maxmap 0: 40d (len: 533)
updated maxmap 13: 402 (len: 533)
updated maxmap 14: 406 (len: 533)
updated maxmap 15: 40c (len: 533)
minimized maxmap 0: 40d (len: 525)
minimized maxmap 13: 402 (len: 525)
minimized maxmap 14: 406 (len: 525)
minimized maxmap 15: 40c (len: 525)
[1;94m[*] [0mFuzzing test case #263 (1260 total, 0 uniq crashes found)...[0m
scheduled max input!!!!
schedule: 0 level21_2/ijon_max/0
[1;94m[*] [0mFuzzing test case #264 (1260 total, 0 uniq crashes found)...[0m
scheduled max input!!!!
schedule: 0 level21_2/ijon_max/0
[1;94m[*] [0mFuzzing test case #265 (1260 total, 0 uniq crashes found)...[0m
scheduled max input!!!!
schedule: 9 level21_2/ijon_max/9
updated maxmap 9: 46f (len: 557)
updated maxmap 9: 470 (len: 557)
updated maxmap 8: 468 (len: 563)
updated maxmap 9: 474 (len: 563)
updated maxmap 10: 47d (len: 563)
updated maxmap 11: 47f (len: 563)
minimized maxmap 8: 468 (len: 557)
updated maxmap 8: 46a (len: 557)
minimized maxmap 9: 474 (len: 557)
updated maxmap 11: 482 (len: 565)
updated maxmap 12: 484 (len: 565)
updated maxmap 8: 46b (len: 557)
updated maxmap 9: 475 (len: 557)
updated maxmap 8: 470 (len: 557)
updated maxmap 13: 483 (len: 567)
updated maxmap 7: 437 (len: 557)
updated maxmap 9: 477 (len: 562)
updated maxmap 10: 481 (len: 562)
updated maxmap 12: 485 (len: 564)
updated maxmap 9: 47a (len: 564)
updated maxmap 10: 484 (len: 564)
updated maxmap 11: 486 (len: 564)
updated maxmap 9: 47d (len: 565)
updated maxmap 10: 487 (len: 565)
updated maxmap 8: 472 (len: 557)
minimized maxmap 9: 47d (len: 562)
updated maxmap 12: 489 (len: 565)
[1;94m[*] [0mFuzzing test case #266 (1273 total, 0 uniq crashes found)...[0m
scheduled max input!!!!
schedule: 14 level21_2/ijon_max/14
[1;94m[*] [0mFuzzing test case #267 (1273 total, 0 uniq crashes found)...[0m
scheduled max input!!!!
schedule: 0 level21_2/ijon_max/0
[1;94m[*] [0mFuzzing test case #268 (1273 total, 0 uniq crashes found)...[0m
scheduled max input!!!!
schedule: 0 level21_2/ijon_max/0
[1;94m[*] [0mFuzzing test case #269 (1273 total, 0 uniq crashes found)...[0m
[1;94m[*] [0mFuzzing test case #270 (1273 total, 0 uniq crashes found)...[0m
scheduled max input!!!!
schedule: 7 level21_2/ijon_max/7
updated maxmap 7: 438 (len: 557)
updated maxmap 3: 39c (len: 563)
updated maxmap 13: 484 (len: 563)
[1;94m[*] [0mFuzzing test case #271 (1273 total, 0 uniq crashes found)...[0m
[1;94m[*] [0mFuzzing test case #272 (1273 total, 0 uniq crashes found)...[0m
scheduled max input!!!!
schedule: 4 level21_2/ijon_max/4
[1;94m[*] [0mFuzzing test case #273 (1273 total, 0 uniq crashes found)...[0m
scheduled max input!!!!
schedule: 5 level21_2/ijon_max/5
[1;94m[*] [0mFuzzing test case #274 (1273 total, 0 uniq crashes found)...[0m
scheduled max input!!!!
schedule: 8 level21_2/ijon_max/8
[1;94m[*] [0mFuzzing test case #275 (1273 total, 0 uniq crashes found)...[0m
scheduled max input!!!!
schedule: 1 level21_2/ijon_max/1
updated maxmap 1: 363 (len: 478)
updated maxmap 2: 36d (len: 478)
updated maxmap 1: 375 (len: 485)
updated maxmap 2: 37f (len: 485)
[1;94m[*] [0mFuzzing test case #276 (1274 total, 0 uniq crashes found)...[0m
scheduled max input!!!!
schedule: 2 level21_2/ijon_max/2
[1;94m[*] [0mFuzzing test case #277 (1274 total, 0 uniq crashes found)...[0m
[1;94m[*] [0mFuzzing test case #278 (1274 total, 0 uniq crashes found)...[0m
scheduled max input!!!!
schedule: 8 level21_2/ijon_max/8
[1;94m[*] [0mFuzzing test case #279 (1275 total, 0 uniq crashes found)...[0m
scheduled max input!!!!
schedule: 15 level21_2/ijon_max/15
[1;94m[*] [0mFuzzing test case #280 (1275 total, 0 uniq crashes found)...[0m
scheduled max input!!!!
schedule: 4 level21_2/ijon_max/4
[1;94m[*] [0mFuzzing test case #281 (1275 total, 0 uniq crashes found)...[0m
scheduled max input!!!!
schedule: 12 level21_2/ijon_max/12
updated maxmap 12: 48b (len: 567)
updated maxmap 13: 48e (len: 567)
updated maxmap 11: 48d (len: 570)
updated maxmap 12: 495 (len: 570)
[1;94m[*] [0mFuzzing test case #282 (1276 total, 0 uniq crashes found)...[0m
[1;94m[*] [0mFuzzing test case #283 (1276 total, 0 uniq crashes found)...[0m
scheduled max input!!!!
schedule: 15 level21_2/ijon_max/15
[1;94m[*] [0mFuzzing test case #284 (1276 total, 0 uniq crashes found)...[0m
scheduled max input!!!!
schedule: 7 level21_2/ijon_max/7
[1;94m[*] [0mFuzzing test case #285 (1276 total, 0 uniq crashes found)...[0m
[1;94m[*] [0mFuzzing test case #286 (1276 total, 0 uniq crashes found)...[0m
scheduled max input!!!!
schedule: 7 level21_2/ijon_max/7
updated maxmap 14: 47f (len: 561)
[1;94m[*] [0mFuzzing test case #287 (1276 total, 0 uniq crashes found)...[0m
scheduled max input!!!!
schedule: 9 level21_2/ijon_max/9
[1;94m[*] [0mFuzzing test case #288 (1276 total, 0 uniq crashes found)...[0m
scheduled max input!!!!
schedule: 9 level21_2/ijon_max/9
[1;94m[*] [0mFuzzing test case #289 (1277 total, 0 uniq crashes found)...[0m
scheduled max input!!!!
schedule: 2 level21_2/ijon_max/2
[1;94m[*] [0mFuzzing test case #290 (1277 total, 0 uniq crashes found)...[0m
scheduled max input!!!!
schedule: 2 level21_2/ijon_max/2
[1;94m[*] [0mFuzzing test case #291 (1277 total, 0 uniq crashes found)...[0m
[1;94m[*] [0mFuzzing test case #292 (1277 total, 0 uniq crashes found)...[0m
scheduled max input!!!!
schedule: 9 level21_2/ijon_max/9
[1;94m[*] [0mFuzzing test case #293 (1277 total, 0 uniq crashes found)...[0m
[1;94m[*] [0mFuzzing test case #294 (1277 total, 0 uniq crashes found)...[0m
scheduled max input!!!!
schedule: 7 level21_2/ijon_max/7
[1;94m[*] [0mFuzzing test case #295 (1277 total, 0 uniq crashes found)...[0m
scheduled max input!!!!
schedule: 14 level21_2/ijon_max/14
updated maxmap 13: 491 (len: 569)
[1;94m[*] [0mFuzzing test case #296 (1277 total, 0 uniq crashes found)...[0m
scheduled max input!!!!
schedule: 1 level21_2/ijon_max/1
[1;94m[*] [0mFuzzing test case #297 (1277 total, 0 uniq crashes found)...[0m
[1;94m[*] [0mFuzzing test case #298 (1277 total, 0 uniq crashes found)...[0m
scheduled max input!!!!
schedule: 7 level21_2/ijon_max/7
[1;94m[*] [0mFuzzing test case #299 (1277 total, 0 uniq crashes found)...[0m
scheduled max input!!!!
schedule: 5 level21_2/ijon_max/5
[1;94m[*] [0mFuzzing test case #300 (1277 total, 0 uniq crashes found)...[0m
scheduled max input!!!!
schedule: 12 level21_2/ijon_max/12
updated maxmap 13: 498 (len: 575)
updated maxmap 14: 4a2 (len: 575)
updated maxmap 15: 49d (len: 574)
updated maxmap 12: 497 (len: 575)
updated maxmap 13: 4a1 (len: 575)
updated maxmap 11: 48e (len: 570)
updated maxmap 9: 483 (len: 570)
updated maxmap 10: 48d (len: 570)
updated maxmap 11: 495 (len: 570)
updated maxmap 12: 498 (len: 571)
updated maxmap 8: 473 (len: 570)
updated maxmap 12: 49c (len: 572)
updated maxmap 14: 4a5 (len: 576)
updated maxmap 9: 484 (len: 572)
updated maxmap 10: 48e (len: 572)
updated maxmap 11: 498 (len: 572)
updated maxmap 13: 4a3 (len: 580)
updated maxmap 14: 4ad (len: 580)
updated maxmap 15: 4b0 (len: 580)
updated maxmap 0: 48b (len: 578)
updated maxmap 0: 49b (len: 575)
updated maxmap 12: 4a1 (len: 574)
minimized maxmap 9: 484 (len: 571)
minimized maxmap 10: 48e (len: 571)
minimized maxmap 11: 498 (len: 571)
updated maxmap 13: 4a8 (len: 577)
[1;94m[*] [0mFuzzing test case #301 (1288 total, 0 uniq crashes found)...[0m
scheduled max input!!!!
schedule: 8 level21_2/ijon_max/8
[1;94m[*] [0mFuzzing test case #302 (1288 total, 0 uniq crashes found)...[0m
scheduled max input!!!!
schedule: 13 level21_2/ijon_max/13
minimized maxmap 14: 4ad (len: 579)
updated maxmap 14: 4b2 (len: 583)
updated maxmap 15: 4b4 (len: 583)
updated maxmap 0: 4a5 (len: 583)
[1;94m[*] [0mFuzzing test case #303 (1290 total, 0 uniq crashes found)...[0m
[1;94m[*] [0mFuzzing test case #304 (1290 total, 0 uniq crashes found)...[0m
scheduled max input!!!!
schedule: 13 level21_2/ijon_max/13
updated maxmap 15: 4b7 (len: 583)
updated maxmap 0: 4b3 (len: 582)
[1;94m[*] [0mFuzzing test case #305 (1291 total, 0 uniq crashes found)...[0m
scheduled max input!!!!
schedule: 14 level21_2/ijon_max/14
updated maxmap 0: 4ba (len: 590)
[1;94m[*] [0mFuzzing test case #306 (1293 total, 0 uniq crashes found)...[0m
scheduled max input!!!!
schedule: 15 level21_2/ijon_max/15
updated maxmap 9: 485 (len: 583)
updated maxmap 10: 48f (len: 583)
updated maxmap 11: 499 (len: 583)
updated maxmap 12: 4a3 (len: 583)
updated maxmap 13: 4ad (len: 583)
updated maxmap 14: 4b7 (len: 583)
[1;94m[*] [0mFuzzing test case #307 (1293 total, 0 uniq crashes found)...[0m
[1;94m[*] [0mFuzzing test case #308 (1293 total, 0 uniq crashes found)...[0m
scheduled max input!!!!
schedule: 2 level21_2/ijon_max/2
[1;94m[*] [0mFuzzing test case #309 (1293 total, 0 uniq crashes found)...[0m
scheduled max input!!!!
schedule: 6 level21_2/ijon_max/6
[1;94m[*] [0mFuzzing test case #310 (1293 total, 0 uniq crashes found)...[0m
scheduled max input!!!!
schedule: 8 level21_2/ijon_max/8
[1;94m[*] [0mFuzzing test case #311 (1294 total, 0 uniq crashes found)...[0m
scheduled max input!!!!
schedule: 15 level21_2/ijon_max/15
updated maxmap 0: 4be (len: 588)
updated maxmap 15: 4bb (len: 588)
[1;94m[*] [0mFuzzing test case #312 (1294 total, 0 uniq crashes found)...[0m
[1;94m[*] [0mFuzzing test case #313 (1294 total, 0 uniq crashes found)...[0m
[1;94m[*] [0mFuzzing test case #314 (1294 total, 0 uniq crashes found)...[0m
[1;94m[*] [0mFuzzing test case #315 (1294 total, 0 uniq crashes found)...[0m
scheduled max input!!!!
schedule: 12 level21_2/ijon_max/12
[1;94m[*] [0mFuzzing test case #316 (1294 total, 0 uniq crashes found)...[0m
[1;94m[*] [0mFuzzing test case #317 (1294 total, 0 uniq crashes found)...[0m
scheduled max input!!!!
schedule: 15 level21_2/ijon_max/15
updated maxmap 15: 4bc (len: 588)
[1;94m[*] [0mFuzzing test case #318 (1294 total, 0 uniq crashes found)...[0m
scheduled max input!!!!
schedule: 4 level21_2/ijon_max/4
[1;94m[*] [0mFuzzing test case #319 (1294 total, 0 uniq crashes found)...[0m
scheduled max input!!!!
schedule: 4 level21_2/ijon_max/4
[1;94m[*] [0mFuzzing test case #320 (1294 total, 0 uniq crashes found)...[0m
scheduled max input!!!!
schedule: 12 level21_2/ijon_max/12
[1;94m[*] [0mFuzzing test case #321 (1294 total, 0 uniq crashes found)...[0m
scheduled max input!!!!
schedule: 2 level21_2/ijon_max/2
[1;94m[*] [0mFuzzing test case #322 (1294 total, 0 uniq crashes found)...[0m
scheduled max input!!!!
schedule: 6 level21_2/ijon_max/6
[1;94m[*] [0mFuzzing test case #323 (1294 total, 0 uniq crashes found)...[0m
scheduled max input!!!!
schedule: 8 level21_2/ijon_max/8
updated maxmap 8: 474 (len: 570)
[1;94m[*] [0mFuzzing test case #324 (1294 total, 0 uniq crashes found)...[0m
[1;94m[*] [0mFuzzing test case #325 (1294 total, 0 uniq crashes found)...[0m
[1;94m[*] [0mFuzzing test case #326 (1294 total, 0 uniq crashes found)...[0m
scheduled max input!!!!
schedule: 5 level21_2/ijon_max/5
[1;94m[*] [0mFuzzing test case #327 (1294 total, 0 uniq crashes found)...[0m
scheduled max input!!!!
schedule: 8 level21_2/ijon_max/8
[1;94m[*] [0mFuzzing test case #328 (1294 total, 0 uniq crashes found)...[0m
[1;94m[*] [0mFuzzing test case #329 (1294 total, 0 uniq crashes found)...[0m
scheduled max input!!!!
schedule: 11 level21_2/ijon_max/11
[1;94m[*] [0mFuzzing test case #330 (1294 total, 0 uniq crashes found)...[0m
scheduled max input!!!!
schedule: 7 level21_2/ijon_max/7
[1;94m[*] [0mFuzzing test case #331 (1294 total, 0 uniq crashes found)...[0m
scheduled max input!!!!
schedule: 1 level21_2/ijon_max/1
[1;94m[*] [0mFuzzing test case #332 (1294 total, 0 uniq crashes found)...[0m
scheduled max input!!!!
schedule: 11 level21_2/ijon_max/11
updated maxmap 0: 4c3 (len: 590)
updated maxmap 15: 4c1 (len: 590)
updated maxmap 0: 4c4 (len: 590)
[1;94m[*] [0mFuzzing test case #333 (1295 total, 0 uniq crashes found)...[0m
scheduled normal input!!!!
[1;94m[*] [0mFuzzing test case #334 (1295 total, 0 uniq crashes found)...[0m
scheduled max input!!!!
schedule: 4 level21_2/ijon_max/4
[1;94m[*] [0mFuzzing test case #335 (1295 total, 0 uniq crashes found)...[0m
scheduled max input!!!!
schedule: 2 level21_2/ijon_max/2
[1;94m[*] [0mFuzzing test case #336 (1295 total, 0 uniq crashes found)...[0m
scheduled max input!!!!
schedule: 4 level21_2/ijon_max/4
[1;94m[*] [0mFuzzing test case #337 (1295 total, 0 uniq crashes found)...[0m
scheduled max input!!!!
schedule: 7 level21_2/ijon_max/7
[1;94m[*] [0mFuzzing test case #338 (1295 total, 0 uniq crashes found)...[0m
scheduled max input!!!!
schedule: 3 level21_2/ijon_max/3
updated maxmap 3: 39d (len: 563)
updated maxmap 7: 44e (len: 569)
updated maxmap 3: 3a0 (len: 566)
minimized maxmap 3: 3a0 (len: 563)
updated maxmap 3: 3a1 (len: 563)
updated maxmap 3: 3a3 (len: 564)
updated maxmap 3: 3a4 (len: 563)
updated maxmap 3: 3a7 (len: 564)
minimized maxmap 3: 3a7 (len: 563)
[1;94m[*] [0mFuzzing test case #339 (1297 total, 0 uniq crashes found)...[0m
scheduled max input!!!!
schedule: 0 level21_2/ijon_max/0
[1;94m[*] [0mFuzzing test case #340 (1298 total, 0 uniq crashes found)...[0m
scheduled max input!!!!
schedule: 0 level21_2/ijon_max/0
[1;94m[*] [0mFuzzing test case #341 (1298 total, 0 uniq crashes found)...[0m
scheduled max input!!!!
schedule: 1 level21_2/ijon_max/1
[1;94m[*] [0mFuzzing test case #342 (1298 total, 0 uniq crashes found)...[0m
scheduled max input!!!!
schedule: 12 level21_2/ijon_max/12
[1;94m[*] [0mFuzzing test case #343 (1298 total, 0 uniq crashes found)...[0m
scheduled max input!!!!
schedule: 10 level21_2/ijon_max/10
[1;94m[*] [0mFuzzing test case #344 (1298 total, 0 uniq crashes found)...[0m
scheduled max input!!!!
schedule: 9 level21_2/ijon_max/9
minimized maxmap 0: 4c4 (len: 589)
minimized maxmap 15: 4c1 (len: 589)
[1;94m[*] [0mFuzzing test case #345 (1298 total, 0 uniq crashes found)...[0m
[1;94m[*] [0mFuzzing test case #346 (1298 total, 0 uniq crashes found)...[0m
scheduled max input!!!!
schedule: 7 level21_2/ijon_max/7
updated maxmap 7: 450 (len: 569)
[1;94m[*] [0mFuzzing test case #347 (1298 total, 0 uniq crashes found)...[0m
scheduled max input!!!!
schedule: 5 level21_2/ijon_max/5
[1;94m[*] [0mFuzzing test case #348 (1298 total, 0 uniq crashes found)...[0m
[1;94m[*] [0mFuzzing test case #349 (1298 total, 0 uniq crashes found)...[0m
scheduled max input!!!!
schedule: 8 level21_2/ijon_max/8
minimized maxmap 9: 485 (len: 570)
minimized maxmap 10: 48f (len: 570)
[1;94m[*] [0mFuzzing test case #350 (1298 total, 0 uniq crashes found)...[0m
[1;94m[*] [0mFuzzing test case #351 (1298 total, 0 uniq crashes found)...[0m
scheduled max input!!!!
schedule: 10 level21_2/ijon_max/10
[1;94m[*] [0mFuzzing test case #352 (1298 total, 0 uniq crashes found)...[0m
scheduled max input!!!!
schedule: 12 level21_2/ijon_max/12
updated maxmap 2: 39f (len: 589)
updated maxmap 3: 3ab (len: 589)
[1;94m[*] [0mFuzzing test case #353 (1299 total, 0 uniq crashes found)...[0m
[1;94m[*] [0mFuzzing test case #354 (1299 total, 0 uniq crashes found)...[0m
[1;94m[*] [0mFuzzing test case #355 (1299 total, 0 uniq crashes found)...[0m
scheduled max input!!!!
schedule: 4 level21_2/ijon_max/4
[1;94m[*] [0mFuzzing test case #356 (1299 total, 0 uniq crashes found)...[0m
[1;94m[*] [0mFuzzing test case #357 (1299 total, 0 uniq crashes found)...[0m
[1;94m[*] [0mFuzzing test case #358 (1299 total, 0 uniq crashes found)...[0m
scheduled max input!!!!
schedule: 9 level21_2/ijon_max/9
[1;94m[*] [0mFuzzing test case #359 (1299 total, 0 uniq crashes found)...[0m
[1;94m[*] [0mFuzzing test case #360 (1299 total, 0 uniq crashes found)...[0m
scheduled max input!!!!
schedule: 0 level21_2/ijon_max/0
[1;94m[*] [0mFuzzing test case #361 (1299 total, 0 uniq crashes found)...[0m
[1;94m[*] [0mFuzzing test case #362 (1299 total, 0 uniq crashes found)...[0m
[1;94m[*] [0mFuzzing test case #363 (1299 total, 0 uniq crashes found)...[0m
scheduled max input!!!!
schedule: 3 level21_2/ijon_max/3
[1;94m[*] [0mFuzzing test case #364 (1299 total, 0 uniq crashes found)...[0m
scheduled max input!!!!
schedule: 3 level21_2/ijon_max/3
updated maxmap 2: 3a2 (len: 589)
updated maxmap 3: 3ac (len: 589)
updated maxmap 2: 3a3 (len: 589)
[1;94m[*] [0mFuzzing test case #365 (1299 total, 0 uniq crashes found)...[0m
[1;94m[*] [0mFuzzing test case #366 (1299 total, 0 uniq crashes found)...[0m
scheduled max input!!!!
schedule: 6 level21_2/ijon_max/6
[1;94m[*] [0mFuzzing test case #367 (1299 total, 0 uniq crashes found)...[0m
[1;94m[*] [0mFuzzing test case #368 (1299 total, 0 uniq crashes found)...[0m
scheduled max input!!!!
schedule: 1 level21_2/ijon_max/1
[1;94m[*] [0mFuzzing test case #369 (1299 total, 0 uniq crashes found)...[0m
scheduled max input!!!!
schedule: 14 level21_2/ijon_max/14
[1;94m[*] [0mFuzzing test case #370 (1300 total, 0 uniq crashes found)...[0m
scheduled max input!!!!
schedule: 2 level21_2/ijon_max/2
updated maxmap 3: 3ad (len: 589)
[1;94m[*] [0mFuzzing test case #371 (1300 total, 0 uniq crashes found)...[0m
scheduled max input!!!!
schedule: 14 level21_2/ijon_max/14
[1;94m[*] [0mFuzzing test case #372 (1300 total, 0 uniq crashes found)...[0m
scheduled max input!!!!
schedule: 7 level21_2/ijon_max/7
[1;94m[*] [0mFuzzing test case #373 (1300 total, 0 uniq crashes found)...[0m
scheduled max input!!!!
schedule: 8 level21_2/ijon_max/8
[1;94m[*] [0mFuzzing test case #374 (1300 total, 0 uniq crashes found)...[0m
scheduled max input!!!!
schedule: 9 level21_2/ijon_max/9
[1;94m[*] [0mFuzzing test case #375 (1300 total, 0 uniq crashes found)...[0m
scheduled max input!!!!
schedule: 10 level21_2/ijon_max/10
minimized maxmap 11: 499 (len: 575)
minimized maxmap 12: 4a3 (len: 575)
[1;94m[*] [0mFuzzing test case #376 (1300 total, 0 uniq crashes found)...[0m
scheduled max input!!!!
schedule: 1 level21_2/ijon_max/1
[1;94m[*] [0mFuzzing test case #377 (1300 total, 0 uniq crashes found)...[0m
[1;94m[*] [0mFuzzing test case #378 (1300 total, 0 uniq crashes found)...[0m
scheduled max input!!!!
schedule: 1 level21_2/ijon_max/1
[1;94m[*] [0mFuzzing test case #379 (1300 total, 0 uniq crashes found)...[0m
scheduled max input!!!!
schedule: 2 level21_2/ijon_max/2
[1;94m[*] [0mFuzzing test case #380 (1300 total, 0 uniq crashes found)...[0m
scheduled max input!!!!
schedule: 8 level21_2/ijon_max/8
[1;94m[*] [0mFuzzing test case #381 (1300 total, 0 uniq crashes found)...[0m
[1;94m[*] [0mFuzzing test case #382 (1300 total, 0 uniq crashes found)...[0m
scheduled max input!!!!
schedule: 12 level21_2/ijon_max/12
[1;94m[*] [0mFuzzing test case #383 (1300 total, 0 uniq crashes found)...[0m
scheduled max input!!!!
schedule: 8 level21_2/ijon_max/8
[1;94m[*] [0mFuzzing test case #384 (1300 total, 0 uniq crashes found)...[0m
scheduled max input!!!!
schedule: 11 level21_2/ijon_max/11
minimized maxmap 13: 4ad (len: 582)
[1;94m[*] [0mFuzzing test case #385 (1300 total, 0 uniq crashes found)...[0m
scheduled max input!!!!
schedule: 6 level21_2/ijon_max/6
[1;94m[*] [0mFuzzing test case #386 (1300 total, 0 uniq crashes found)...[0m
scheduled max input!!!!
schedule: 1 level21_2/ijon_max/1
[1;94m[*] [0mFuzzing test case #387 (1300 total, 0 uniq crashes found)...[0m
scheduled max input!!!!
schedule: 9 level21_2/ijon_max/9
[1;94m[*] [0mFuzzing test case #388 (1300 total, 0 uniq crashes found)...[0m
scheduled max input!!!!
schedule: 10 level21_2/ijon_max/10
[1;94m[*] [0mFuzzing test case #389 (1300 total, 0 uniq crashes found)...[0m
scheduled max input!!!!
schedule: 14 level21_2/ijon_max/14
minimized maxmap 15: 4c1 (len: 587)
[1;94m[*] [0mFuzzing test case #390 (1300 total, 0 uniq crashes found)...[0m
scheduled max input!!!!
schedule: 5 level21_2/ijon_max/5
[1;94m[*] [0mFuzzing test case #391 (1300 total, 0 uniq crashes found)...[0m
scheduled max input!!!!
schedule: 9 level21_2/ijon_max/9
[1;94m[*] [0mFuzzing test case #392 (1300 total, 0 uniq crashes found)...[0m
scheduled max input!!!!
schedule: 11 level21_2/ijon_max/11
[1;94m[*] [0mFuzzing test case #393 (1300 total, 0 uniq crashes found)...[0m
scheduled max input!!!!
schedule: 14 level21_2/ijon_max/14
[1;94m[*] [0mFuzzing test case #394 (1300 total, 0 uniq crashes found)...[0m
[1;94m[*] [0mFuzzing test case #395 (1300 total, 0 uniq crashes found)...[0m
scheduled max input!!!!
schedule: 10 level21_2/ijon_max/10
[1;94m[*] [0mFuzzing test case #396 (1300 total, 0 uniq crashes found)...[0m
[1;94m[*] [0mFuzzing test case #397 (1300 total, 0 uniq crashes found)...[0m
scheduled max input!!!!
schedule: 13 level21_2/ijon_max/13
[1;94m[*] [0mFuzzing test case #398 (1300 total, 0 uniq crashes found)...[0m
scheduled max input!!!!
schedule: 14 level21_2/ijon_max/14
[1;94m[*] [0mFuzzing test case #399 (1300 total, 0 uniq crashes found)...[0m
scheduled max input!!!!
schedule: 13 level21_2/ijon_max/13
[1;94m[*] [0mFuzzing test case #400 (1300 total, 0 uniq crashes found)...[0m
scheduled max input!!!!
schedule: 2 level21_2/ijon_max/2
[1;94m[*] [0mFuzzing test case #401 (1300 total, 0 uniq crashes found)...[0m
scheduled max input!!!!
schedule: 8 level21_2/ijon_max/8
[1;94m[*] [0mFuzzing test case #402 (1300 total, 0 uniq crashes found)...[0m
scheduled max input!!!!
schedule: 10 level21_2/ijon_max/10
[1;94m[*] [0mFuzzing test case #403 (1300 total, 0 uniq crashes found)...[0m
scheduled max input!!!!
schedule: 4 level21_2/ijon_max/4
[1;94m[*] [0mFuzzing test case #404 (1300 total, 0 uniq crashes found)...[0m
scheduled max input!!!!
schedule: 3 level21_2/ijon_max/3
[1;94m[*] [0mFuzzing test case #405 (1300 total, 0 uniq crashes found)...[0m
[1;94m[*] [0mFuzzing test case #406 (1300 total, 0 uniq crashes found)...[0m
scheduled max input!!!!
schedule: 1 level21_2/ijon_max/1
[1;94m[*] [0mFuzzing test case #407 (1300 total, 0 uniq crashes found)...[0m
scheduled max input!!!!
schedule: 2 level21_2/ijon_max/2
[1;94m[*] [0mFuzzing test case #408 (1300 total, 0 uniq crashes found)...[0m
scheduled max input!!!!
schedule: 15 level21_2/ijon_max/15
[1;94m[*] [0mFuzzing test case #409 (1300 total, 0 uniq crashes found)...[0m
scheduled max input!!!!
schedule: 5 level21_2/ijon_max/5
[1;94m[*] [0mFuzzing test case #410 (1300 total, 0 uniq crashes found)...[0m
scheduled max input!!!!
schedule: 11 level21_2/ijon_max/11
[1;94m[*] [0mFuzzing test case #411 (1301 total, 0 uniq crashes found)...[0m
scheduled max input!!!!
schedule: 12 level21_2/ijon_max/12
[1;94m[*] [0mFuzzing test case #412 (1301 total, 0 uniq crashes found)...[0m
scheduled max input!!!!
schedule: 5 level21_2/ijon_max/5
[1;94m[*] [0mFuzzing test case #413 (1301 total, 0 uniq crashes found)...[0m
scheduled max input!!!!
schedule: 6 level21_2/ijon_max/6
[1;94m[*] [0mFuzzing test case #414 (1301 total, 0 uniq crashes found)...[0m
scheduled max input!!!!
schedule: 15 level21_2/ijon_max/15
minimized maxmap 0: 4c4 (len: 588)
[1;94m[*] [0mFuzzing test case #415 (1302 total, 0 uniq crashes found)...[0m
[1;94m[*] [0mFuzzing test case #416 (1302 total, 0 uniq crashes found)...[0m
scheduled max input!!!!
schedule: 5 level21_2/ijon_max/5
[1;94m[*] [0mFuzzing test case #417 (1302 total, 0 uniq crashes found)...[0m
[1;94m[*] [0mFuzzing test case #418 (1302 total, 0 uniq crashes found)...[0m
[1;94m[*] [0mFuzzing test case #419 (1302 total, 0 uniq crashes found)...[0m
[1;94m[*] [0mFuzzing test case #420 (1302 total, 0 uniq crashes found)...[0m
scheduled max input!!!!
schedule: 3 level21_2/ijon_max/3
[1;94m[*] [0mFuzzing test case #421 (1302 total, 0 uniq crashes found)...[0m
scheduled max input!!!!
schedule: 0 level21_2/ijon_max/0
[1;94m[*] [0mFuzzing test case #422 (1302 total, 0 uniq crashes found)...[0m
[1;94m[*] [0mFuzzing test case #423 (1302 total, 0 uniq crashes found)...[0m
scheduled max input!!!!
schedule: 6 level21_2/ijon_max/6
[1;94m[*] [0mFuzzing test case #424 (1302 total, 0 uniq crashes found)...[0m
scheduled max input!!!!
schedule: 6 level21_2/ijon_max/6
[1;94m[*] [0mFuzzing test case #425 (1302 total, 0 uniq crashes found)...[0m
[1;94m[*] [0mFuzzing test case #426 (1302 total, 0 uniq crashes found)...[0m
scheduled max input!!!!
schedule: 14 level21_2/ijon_max/14
[1;94m[*] [0mFuzzing test case #427 (1302 total, 0 uniq crashes found)...[0m
scheduled max input!!!!
schedule: 7 level21_2/ijon_max/7
[1;94m[*] [0mFuzzing test case #428 (1305 total, 0 uniq crashes found)...[0m
scheduled max input!!!!
schedule: 15 level21_2/ijon_max/15
[1;94m[*] [0mFuzzing test case #429 (1305 total, 0 uniq crashes found)...[0m
[1;94m[*] [0mFuzzing test case #430 (1305 total, 0 uniq crashes found)...[0m
[1;94m[*] [0mFuzzing test case #431 (1305 total, 0 uniq crashes found)...[0m
scheduled max input!!!!
schedule: 1 level21_2/ijon_max/1
[1;94m[*] [0mFuzzing test case #432 (1305 total, 0 uniq crashes found)...[0m
[1;94m[*] [0mFuzzing test case #433 (1305 total, 0 uniq crashes found)...[0m
scheduled max input!!!!
schedule: 1 level21_2/ijon_max/1
[1;94m[*] [0mFuzzing test case #434 (1305 total, 0 uniq crashes found)...[0m
scheduled max input!!!!
schedule: 13 level21_2/ijon_max/13
[1;94m[*] [0mFuzzing test case #435 (1305 total, 0 uniq crashes found)...[0m
scheduled max input!!!!
schedule: 9 level21_2/ijon_max/9
[1;94m[*] [0mFuzzing test case #436 (1305 total, 0 uniq crashes found)...[0m
scheduled max input!!!!
schedule: 12 level21_2/ijon_max/12
[1;94m[*] [0mFuzzing test case #437 (1305 total, 0 uniq crashes found)...[0m
scheduled max input!!!!
schedule: 9 level21_2/ijon_max/9
minimized maxmap 11: 499 (len: 572)
[1;94m[*] [0mFuzzing test case #438 (1305 total, 0 uniq crashes found)...[0m
scheduled max input!!!!
schedule: 8 level21_2/ijon_max/8
[1;94m[*] [0mFuzzing test case #439 (1305 total, 0 uniq crashes found)...[0m
scheduled max input!!!!
schedule: 2 level21_2/ijon_max/2
[1;94m[*] [0mFuzzing test case #440 (1305 total, 0 uniq crashes found)...[0m
scheduled max input!!!!
schedule: 3 level21_2/ijon_max/3
updated maxmap 3: 3af (len: 594)
minimized maxmap 3: 3af (len: 589)
updated maxmap 3: 3b0 (len: 589)
[1;94m[*] [0mFuzzing test case #441 (1305 total, 0 uniq crashes found)...[0m
scheduled max input!!!!
schedule: 4 level21_2/ijon_max/4
[1;94m[*] [0mFuzzing test case #442 (1305 total, 0 uniq crashes found)...[0m
[1;94m[*] [0mFuzzing test case #443 (1305 total, 0 uniq crashes found)...[0m
scheduled max input!!!!
schedule: 2 level21_2/ijon_max/2
[1;94m[*] [0mFuzzing test case #444 (1305 total, 0 uniq crashes found)...[0m
scheduled max input!!!!
schedule: 10 level21_2/ijon_max/10
[1;94m[*] [0mFuzzing test case #445 (1305 total, 0 uniq crashes found)...[0m
[1;94m[*] [0mFuzzing test case #446 (1305 total, 0 uniq crashes found)...[0m
[1;94m[*] [0mFuzzing test case #447 (1305 total, 0 uniq crashes found)...[0m
[1;94m[*] [0mFuzzing test case #448 (1305 total, 0 uniq crashes found)...[0m
[1;94m[*] [0mFuzzing test case #449 (1305 total, 0 uniq crashes found)...[0m
scheduled max input!!!!
schedule: 9 level21_2/ijon_max/9
[1;94m[*] [0mFuzzing test case #450 (1305 total, 0 uniq crashes found)...[0m
scheduled max input!!!!
schedule: 15 level21_2/ijon_max/15
[1;94m[*] [0mFuzzing test case #451 (1306 total, 0 uniq crashes found)...[0m
scheduled max input!!!!
schedule: 3 level21_2/ijon_max/3
updated maxmap 3: 3b1 (len: 589)
[1;94m[*] [0mFuzzing test case #452 (1306 total, 0 uniq crashes found)...[0m
scheduled max input!!!!
schedule: 1 level21_2/ijon_max/1
[1;94m[*] [0mFuzzing test case #453 (1306 total, 0 uniq crashes found)...[0m
scheduled max input!!!!
schedule: 6 level21_2/ijon_max/6
[1;94m[*] [0mFuzzing test case #454 (1306 total, 0 uniq crashes found)...[0m
scheduled max input!!!!
schedule: 2 level21_2/ijon_max/2
[1;94m[*] [0mFuzzing test case #455 (1307 total, 0 uniq crashes found)...[0m
scheduled max input!!!!
schedule: 12 level21_2/ijon_max/12
[1;94m[*] [0mFuzzing test case #456 (1307 total, 0 uniq crashes found)...[0m
scheduled max input!!!!
schedule: 6 level21_2/ijon_max/6
[1;94m[*] [0mFuzzing test case #457 (1307 total, 0 uniq crashes found)...[0m
scheduled max input!!!!
schedule: 10 level21_2/ijon_max/10
[1;94m[*] [0mFuzzing test case #458 (1307 total, 0 uniq crashes found)...[0m
scheduled max input!!!!
schedule: 0 level21_2/ijon_max/0
[1;94m[*] [0mFuzzing test case #459 (1307 total, 0 uniq crashes found)...[0m
scheduled max input!!!!
schedule: 1 level21_2/ijon_max/1
[1;94m[*] [0mFuzzing test case #460 (1307 total, 0 uniq crashes found)...[0m
scheduled max input!!!!
schedule: 9 level21_2/ijon_max/9
[1;94m[*] [0mFuzzing test case #461 (1307 total, 0 uniq crashes found)...[0m
scheduled max input!!!!
schedule: 0 level21_2/ijon_max/0
[1;94m[*] [0mFuzzing test case #462 (1307 total, 0 uniq crashes found)...[0m
[1;94m[*] [0mFuzzing test case #463 (1307 total, 0 uniq crashes found)...[0m
scheduled max input!!!!
schedule: 14 level21_2/ijon_max/14
[1;94m[*] [0mFuzzing test case #464 (1307 total, 0 uniq crashes found)...[0m
[1;94m[*] [0mFuzzing test case #465 (1307 total, 0 uniq crashes found)...[0m
scheduled max input!!!!
schedule: 8 level21_2/ijon_max/8
[1;94m[*] [0mFuzzing test case #466 (1307 total, 0 uniq crashes found)...[0m
[1;94m[*] [0mFuzzing test case #467 (1307 total, 0 uniq crashes found)...[0m
scheduled max input!!!!
schedule: 8 level21_2/ijon_max/8
[1;94m[*] [0mFuzzing test case #468 (1307 total, 0 uniq crashes found)...[0m
scheduled max input!!!!
schedule: 10 level21_2/ijon_max/10
[1;94m[*] [0mFuzzing test case #469 (1307 total, 0 uniq crashes found)...[0m
scheduled max input!!!!
schedule: 12 level21_2/ijon_max/12
[1;94m[*] [0mFuzzing test case #470 (1307 total, 0 uniq crashes found)...[0m
scheduled max input!!!!
schedule: 15 level21_2/ijon_max/15
[1;94m[*] [0mFuzzing test case #471 (1308 total, 0 uniq crashes found)...[0m
scheduled max input!!!!
schedule: 13 level21_2/ijon_max/13
[1;94m[*] [0mFuzzing test case #472 (1308 total, 0 uniq crashes found)...[0m
scheduled max input!!!!
schedule: 4 level21_2/ijon_max/4
[1;94m[*] [0mFuzzing test case #473 (1308 total, 0 uniq crashes found)...[0m
scheduled max input!!!!
schedule: 5 level21_2/ijon_max/5
[1;94m[*] [0mFuzzing test case #474 (1308 total, 0 uniq crashes found)...[0m
scheduled max input!!!!
schedule: 5 level21_2/ijon_max/5
[1;94m[*] [0mFuzzing test case #475 (1308 total, 0 uniq crashes found)...[0m
scheduled max input!!!!
schedule: 2 level21_2/ijon_max/2
[1;94m[*] [0mFuzzing test case #476 (1308 total, 0 uniq crashes found)...[0m
scheduled max input!!!!
schedule: 14 level21_2/ijon_max/14
[1;94m[*] [0mFuzzing test case #477 (1308 total, 0 uniq crashes found)...[0m
scheduled max input!!!!
schedule: 5 level21_2/ijon_max/5
[1;94m[*] [0mFuzzing test case #478 (1308 total, 0 uniq crashes found)...[0m
scheduled max input!!!!
schedule: 5 level21_2/ijon_max/5
[1;94m[*] [0mFuzzing test case #479 (1308 total, 0 uniq crashes found)...[0m
scheduled max input!!!!
schedule: 11 level21_2/ijon_max/11
[1;94m[*] [0mFuzzing test case #480 (1308 total, 0 uniq crashes found)...[0m
scheduled max input!!!!
schedule: 7 level21_2/ijon_max/7
[1;94m[*] [0mFuzzing test case #481 (1308 total, 0 uniq crashes found)...[0m
[1;94m[*] [0mFuzzing test case #482 (1308 total, 0 uniq crashes found)...[0m
[1;94m[*] [0mFuzzing test case #483 (1308 total, 0 uniq crashes found)...[0m
[1;94m[*] [0mFuzzing test case #484 (1308 total, 0 uniq crashes found)...[0m
scheduled max input!!!!
schedule: 5 level21_2/ijon_max/5
[1;94m[*] [0mFuzzing test case #485 (1309 total, 0 uniq crashes found)...[0m
scheduled max input!!!!
schedule: 1 level21_2/ijon_max/1
[1;94m[*] [0mFuzzing test case #486 (1310 total, 0 uniq crashes found)...[0m
scheduled max input!!!!
schedule: 5 level21_2/ijon_max/5
[1;94m[*] [0mFuzzing test case #487 (1310 total, 0 uniq crashes found)...[0m
scheduled max input!!!!
schedule: 12 level21_2/ijon_max/12
[1;94m[*] [0mFuzzing test case #488 (1310 total, 0 uniq crashes found)...[0m
scheduled max input!!!!
schedule: 12 level21_2/ijon_max/12
[1;94m[*] [0mFuzzing test case #489 (1310 total, 0 uniq crashes found)...[0m
scheduled max input!!!!
schedule: 13 level21_2/ijon_max/13
[1;94m[*] [0mFuzzing test case #490 (1310 total, 0 uniq crashes found)...[0m
scheduled max input!!!!
schedule: 13 level21_2/ijon_max/13
[1;94m[*] [0mFuzzing test case #491 (1310 total, 0 uniq crashes found)...[0m
scheduled max input!!!!
schedule: 0 level21_2/ijon_max/0
[1;94m[*] [0mFuzzing test case #492 (1310 total, 0 uniq crashes found)...[0m
[1;94m[*] [0mFuzzing test case #493 (1310 total, 0 uniq crashes found)...[0m
[1;94m[*] [0mFuzzing test case #494 (1310 total, 0 uniq crashes found)...[0m
scheduled max input!!!!
schedule: 15 level21_2/ijon_max/15
[1;94m[*] [0mFuzzing test case #495 (1310 total, 0 uniq crashes found)...[0m
[1;94m[*] [0mFuzzing test case #496 (1310 total, 0 uniq crashes found)...[0m
[1;94m[*] [0mFuzzing test case #497 (1310 total, 0 uniq crashes found)...[0m
[1;94m[*] [0mFuzzing test case #498 (1310 total, 0 uniq crashes found)...[0m
scheduled max input!!!!
schedule: 9 level21_2/ijon_max/9
[1;94m[*] [0mFuzzing test case #499 (1310 total, 0 uniq crashes found)...[0m
scheduled max input!!!!
schedule: 2 level21_2/ijon_max/2
[1;94m[*] [0mFuzzing test case #500 (1310 total, 0 uniq crashes found)...[0m
[1;94m[*] [0mFuzzing test case #501 (1310 total, 0 uniq crashes found)...[0m
scheduled max input!!!!
schedule: 12 level21_2/ijon_max/12
[1;94m[*] [0mFuzzing test case #502 (1310 total, 0 uniq crashes found)...[0m
scheduled max input!!!!
schedule: 4 level21_2/ijon_max/4
[1;94m[*] [0mFuzzing test case #503 (1310 total, 0 uniq crashes found)...[0m
scheduled max input!!!!
schedule: 3 level21_2/ijon_max/3
[1;94m[*] [0mFuzzing test case #504 (1311 total, 0 uniq crashes found)...[0m
scheduled max input!!!!
schedule: 11 level21_2/ijon_max/11
[1;94m[*] [0mFuzzing test case #505 (1311 total, 0 uniq crashes found)...[0m
scheduled max input!!!!
schedule: 2 level21_2/ijon_max/2
[1;94m[*] [0mFuzzing test case #506 (1311 total, 0 uniq crashes found)...[0m
scheduled max input!!!!
schedule: 15 level21_2/ijon_max/15
[1;94m[*] [0mFuzzing test case #507 (1311 total, 0 uniq crashes found)...[0m
[1;94m[*] [0mFuzzing test case #508 (1311 total, 0 uniq crashes found)...[0m
scheduled max input!!!!
schedule: 14 level21_2/ijon_max/14
[1;94m[*] [0mFuzzing test case #509 (1311 total, 0 uniq crashes found)...[0m
scheduled max input!!!!
schedule: 14 level21_2/ijon_max/14
[1;94m[*] [0mFuzzing test case #510 (1311 total, 0 uniq crashes found)...[0m
scheduled max input!!!!
schedule: 2 level21_2/ijon_max/2
[1;94m[*] [0mFuzzing test case #511 (1311 total, 0 uniq crashes found)...[0m
[1;94m[*] [0mFuzzing test case #512 (1311 total, 0 uniq crashes found)...[0m
[1;94m[*] [0mFuzzing test case #513 (1311 total, 0 uniq crashes found)...[0m
scheduled max input!!!!
schedule: 4 level21_2/ijon_max/4
[1;94m[*] [0mFuzzing test case #514 (1311 total, 0 uniq crashes found)...[0m
scheduled max input!!!!
schedule: 15 level21_2/ijon_max/15
[1;94m[*] [0mFuzzing test case #515 (1311 total, 0 uniq crashes found)...[0m
[1;94m[*] [0mFuzzing test case #516 (1311 total, 0 uniq crashes found)...[0m
scheduled max input!!!!
schedule: 9 level21_2/ijon_max/9
[1;94m[*] [0mFuzzing test case #517 (1311 total, 0 uniq crashes found)...[0m
scheduled max input!!!!
schedule: 4 level21_2/ijon_max/4
[1;94m[*] [0mFuzzing test case #518 (1311 total, 0 uniq crashes found)...[0m
scheduled max input!!!!
schedule: 10 level21_2/ijon_max/10
[1;94m[*] [0mFuzzing test case #519 (1311 total, 0 uniq crashes found)...[0m
scheduled max input!!!!
schedule: 15 level21_2/ijon_max/15
[1;94m[*] [0mFuzzing test case #520 (1312 total, 0 uniq crashes found)...[0m
scheduled max input!!!!
schedule: 10 level21_2/ijon_max/10
[1;94m[*] [0mFuzzing test case #521 (1312 total, 0 uniq crashes found)...[0m
[1;94m[*] [0mFuzzing test case #522 (1312 total, 0 uniq crashes found)...[0m
scheduled max input!!!!
schedule: 8 level21_2/ijon_max/8
[1;94m[*] [0mFuzzing test case #523 (1312 total, 0 uniq crashes found)...[0m
[1;94m[*] [0mFuzzing test case #524 (1312 total, 0 uniq crashes found)...[0m
scheduled max input!!!!
schedule: 7 level21_2/ijon_max/7
[1;94m[*] [0mFuzzing test case #525 (1312 total, 0 uniq crashes found)...[0m
[1;94m[*] [0mFuzzing test case #526 (1312 total, 0 uniq crashes found)...[0m
scheduled max input!!!!
schedule: 12 level21_2/ijon_max/12
[1;94m[*] [0mFuzzing test case #527 (1312 total, 0 uniq crashes found)...[0m
scheduled max input!!!!
schedule: 11 level21_2/ijon_max/11
[1;94m[*] [0mFuzzing test case #528 (1312 total, 0 uniq crashes found)...[0m
scheduled max input!!!!
schedule: 14 level21_2/ijon_max/14
[1;94m[*] [0mFuzzing test case #529 (1312 total, 0 uniq crashes found)...[0m
scheduled max input!!!!
schedule: 2 level21_2/ijon_max/2
updated maxmap 1: 411 (len: 593)
updated maxmap 2: 41b (len: 593)
updated maxmap 3: 425 (len: 593)
updated maxmap 4: 42f (len: 593)
updated maxmap 5: 439 (len: 593)
updated maxmap 6: 443 (len: 593)
minimized maxmap 1: 411 (len: 589)
minimized maxmap 2: 41b (len: 589)
minimized maxmap 3: 425 (len: 589)
minimized maxmap 4: 42f (len: 589)
minimized maxmap 5: 439 (len: 589)
minimized maxmap 6: 443 (len: 589)
updated maxmap 1: 412 (len: 589)
updated maxmap 2: 41c (len: 589)
updated maxmap 3: 426 (len: 589)
updated maxmap 4: 430 (len: 589)
updated maxmap 5: 43a (len: 589)
updated maxmap 6: 444 (len: 589)
updated maxmap 1: 417 (len: 589)
updated maxmap 2: 421 (len: 589)
updated maxmap 3: 42b (len: 589)
updated maxmap 4: 435 (len: 589)
updated maxmap 5: 43f (len: 589)
updated maxmap 6: 449 (len: 589)
updated maxmap 7: 451 (len: 589)
updated maxmap 1: 418 (len: 589)
updated maxmap 2: 422 (len: 589)
updated maxmap 3: 42c (len: 589)
updated maxmap 4: 436 (len: 589)
updated maxmap 5: 440 (len: 589)
updated maxmap 6: 44a (len: 589)
updated maxmap 1: 422 (len: 594)
updated maxmap 2: 42c (len: 594)
updated maxmap 3: 436 (len: 594)
updated maxmap 4: 440 (len: 594)
updated maxmap 5: 480 (len: 594)
updated maxmap 6: 48a (len: 594)
updated maxmap 7: 494 (len: 594)
updated maxmap 8: 49e (len: 594)
updated maxmap 9: 4a8 (len: 594)
updated maxmap 10: 4b2 (len: 594)
updated maxmap 11: 4bc (len: 594)
updated maxmap 12: 4c6 (len: 594)
updated maxmap 13: 4d0 (len: 594)
minimized maxmap 1: 422 (len: 589)
minimized maxmap 2: 42c (len: 589)
minimized maxmap 3: 436 (len: 589)
minimized maxmap 4: 440 (len: 589)
minimized maxmap 5: 480 (len: 589)
minimized maxmap 6: 48a (len: 589)
minimized maxmap 7: 494 (len: 589)
minimized maxmap 8: 49e (len: 589)
minimized maxmap 9: 4a8 (len: 589)
minimized maxmap 10: 4b2 (len: 589)
minimized maxmap 11: 4bc (len: 589)
updated maxmap 5: 481 (len: 589)
updated maxmap 6: 48b (len: 589)
updated maxmap 7: 495 (len: 589)
updated maxmap 8: 49f (len: 589)
updated maxmap 9: 4a9 (len: 589)
updated maxmap 10: 4b3 (len: 589)
updated maxmap 11: 4bd (len: 589)
updated maxmap 14: 4d3 (len: 595)
updated maxmap 1: 424 (len: 589)
updated maxmap 2: 42e (len: 589)
updated maxmap 3: 438 (len: 589)
updated maxmap 4: 442 (len: 589)
updated maxmap 5: 482 (len: 589)
updated maxmap 6: 48c (len: 589)
updated maxmap 7: 496 (len: 589)
updated maxmap 8: 4a0 (len: 589)
updated maxmap 9: 4aa (len: 589)
updated maxmap 10: 4b4 (len: 589)
updated maxmap 11: 4be (len: 589)
minimized maxmap 12: 4c6 (len: 589)
updated maxmap 12: 4c8 (len: 591)
updated maxmap 1: 427 (len: 591)
updated maxmap 2: 431 (len: 591)
updated maxmap 3: 43b (len: 591)
updated maxmap 4: 445 (len: 591)
updated maxmap 5: 485 (len: 591)
updated maxmap 6: 48f (len: 591)
updated maxmap 7: 499 (len: 591)
updated maxmap 8: 4a3 (len: 591)
updated maxmap 9: 4ad (len: 591)
updated maxmap 10: 4b7 (len: 591)
updated maxmap 11: 4c1 (len: 591)
updated maxmap 12: 4c9 (len: 591)
minimized maxmap 1: 427 (len: 589)
minimized maxmap 2: 431 (len: 589)
minimized maxmap 3: 43b (len: 589)
minimized maxmap 4: 445 (len: 589)
minimized maxmap 5: 485 (len: 589)
minimized maxmap 6: 48f (len: 589)
minimized maxmap 7: 499 (len: 589)
minimized maxmap 8: 4a3 (len: 589)
minimized maxmap 9: 4ad (len: 589)
minimized maxmap 10: 4b7 (len: 589)
minimized maxmap 11: 4c1 (len: 589)
updated maxmap 5: 491 (len: 595)
updated maxmap 4: 48a (len: 589)
updated maxmap 5: 494 (len: 589)
updated maxmap 6: 49e (len: 589)
updated maxmap 7: 4a8 (len: 589)
updated maxmap 8: 4b2 (len: 589)
updated maxmap 9: 4bc (len: 589)
updated maxmap 10: 4c4 (len: 589)
updated maxmap 12: 4cb (len: 597)
updated maxmap 13: 4d5 (len: 597)
updated maxmap 14: 4d8 (len: 597)
updated maxmap 4: 49e (len: 593)
updated maxmap 11: 4c2 (len: 589)
minimized maxmap 12: 4cb (len: 595)
minimized maxmap 13: 4d5 (len: 596)
updated maxmap 11: 4c6 (len: 596)
updated maxmap 12: 4d0 (len: 596)
updated maxmap 1: 42b (len: 591)
updated maxmap 2: 435 (len: 591)
updated maxmap 3: 43f (len: 591)
minimized maxmap 1: 42b (len: 589)
minimized maxmap 2: 435 (len: 589)
minimized maxmap 3: 43f (len: 589)
updated maxmap 1: 42c (len: 589)
updated maxmap 2: 436 (len: 589)
updated maxmap 3: 440 (len: 589)
updated maxmap 11: 4c8 (len: 596)
updated maxmap 12: 4d2 (len: 596)
updated maxmap 1: 43d (len: 594)
updated maxmap 2: 447 (len: 594)
updated maxmap 3: 451 (len: 594)
minimized maxmap 1: 43d (len: 589)
minimized maxmap 2: 447 (len: 589)
minimized maxmap 3: 451 (len: 589)
updated maxmap 4: 4af (len: 589)
updated maxmap 5: 4ae (len: 589)
updated maxmap 11: 4ce (len: 593)
updated maxmap 4: 4b0 (len: 589)
updated maxmap 1: 440 (len: 589)
updated maxmap 2: 44a (len: 589)
updated maxmap 3: 454 (len: 589)
updated maxmap 1: 441 (len: 589)
updated maxmap 2: 44b (len: 589)
updated maxmap 3: 455 (len: 589)
updated maxmap 1: 446 (len: 589)
updated maxmap 2: 450 (len: 589)
updated maxmap 3: 45a (len: 589)
[1;94m[*] [0mFuzzing test case #530 (1334 total, 0 uniq crashes found)...[0m
scheduled max input!!!!
schedule: 11 level21_2/ijon_max/11
[1;94m[*] [0mFuzzing test case #531 (1334 total, 0 uniq crashes found)...[0m
scheduled max input!!!!
schedule: 2 level21_2/ijon_max/2
updated maxmap 13: 4d6 (len: 596)
[1;94m[*] [0mFuzzing test case #532 (1334 total, 0 uniq crashes found)...[0m
[1;94m[*] [0mFuzzing test case #533 (1334 total, 0 uniq crashes found)...[0m
scheduled max input!!!!
schedule: 8 level21_2/ijon_max/8
updated maxmap 6: 49f (len: 589)
updated maxmap 7: 4a9 (len: 589)
updated maxmap 8: 4b3 (len: 589)
updated maxmap 9: 4bd (len: 589)
[1;94m[*] [0mFuzzing test case #534 (1334 total, 0 uniq crashes found)...[0m
scheduled max input!!!!
schedule: 0 level21_2/ijon_max/0
[1;94m[*] [0mFuzzing test case #535 (1334 total, 0 uniq crashes found)...[0m
scheduled max input!!!!
schedule: 12 level21_2/ijon_max/12
updated maxmap 13: 4dc (len: 603)
updated maxmap 14: 4e6 (len: 603)
updated maxmap 12: 4d3 (len: 596)
[1;94m[*] [0mFuzzing test case #536 (1335 total, 0 uniq crashes found)...[0m
[1;94m[*] [0mFuzzing test case #537 (1335 total, 0 uniq crashes found)...[0m
scheduled max input!!!!
schedule: 8 level21_2/ijon_max/8
[1;94m[*] [0mFuzzing test case #538 (1335 total, 0 uniq crashes found)...[0m
scheduled max input!!!!
schedule: 7 level21_2/ijon_max/7
[1;94m[*] [0mFuzzing test case #539 (1335 total, 0 uniq crashes found)...[0m
scheduled max input!!!!
schedule: 14 level21_2/ijon_max/14
updated maxmap 13: 4dd (len: 603)
updated maxmap 14: 4e7 (len: 603)
updated maxmap 15: 4ea (len: 604)
[1;94m[*] [0mFuzzing test case #540 (1336 total, 0 uniq crashes found)...[0m
[1;94m[*] [0mFuzzing test case #541 (1336 total, 0 uniq crashes found)...[0m
scheduled max input!!!!
schedule: 1 level21_2/ijon_max/1
[1;94m[*] [0mFuzzing test case #542 (1336 total, 0 uniq crashes found)...[0m
scheduled max input!!!!
schedule: 8 level21_2/ijon_max/8
[1;94m[*] [0mFuzzing test case #543 (1336 total, 0 uniq crashes found)...[0m
scheduled max input!!!!
schedule: 9 level21_2/ijon_max/9
[1;94m[*] [0mFuzzing test case #544 (1336 total, 0 uniq crashes found)...[0m
scheduled max input!!!!
schedule: 10 level21_2/ijon_max/10
updated maxmap 5: 4af (len: 589)
updated maxmap 10: 4c6 (len: 597)
updated maxmap 11: 4d0 (len: 597)
updated maxmap 12: 4d7 (len: 597)
[1;94m[*] [0mFuzzing test case #545 (1336 total, 0 uniq crashes found)...[0m
scheduled max input!!!!
schedule: 5 level21_2/ijon_max/5
[1;94m[*] [0mFuzzing test case #546 (1336 total, 0 uniq crashes found)...[0m
scheduled max input!!!!
schedule: 2 level21_2/ijon_max/2
[1;94m[*] [0mFuzzing test case #547 (1336 total, 0 uniq crashes found)...[0m
scheduled max input!!!!
schedule: 2 level21_2/ijon_max/2
updated maxmap 1: 448 (len: 589)
updated maxmap 2: 452 (len: 589)
updated maxmap 3: 45c (len: 589)
[1;94m[*] [0mFuzzing test case #548 (1336 total, 0 uniq crashes found)...[0m
[1;94m[*] [0mFuzzing test case #549 (1336 total, 0 uniq crashes found)...[0m
[1;94m[*] [0mFuzzing test case #550 (1336 total, 0 uniq crashes found)...[0m
scheduled max input!!!!
schedule: 13 level21_2/ijon_max/13
updated maxmap 0: 4f1 (len: 607)
updated maxmap 15: 4ef (len: 607)
updated maxmap 12: 4da (len: 606)
updated maxmap 13: 4e4 (len: 606)
updated maxmap 14: 4ee (len: 606)
minimized maxmap 12: 4da (len: 603)
minimized maxmap 13: 4e4 (len: 603)
[1;94m[*] [0mFuzzing test case #551 (1337 total, 0 uniq crashes found)...[0m
[1;94m[*] [0mFuzzing test case #552 (1337 total, 0 uniq crashes found)...[0m
[1;94m[*] [0mFuzzing test case #553 (1337 total, 0 uniq crashes found)...[0m
[1;94m[*] [0mFuzzing test case #554 (1337 total, 0 uniq crashes found)...[0m
scheduled max input!!!!
schedule: 2 level21_2/ijon_max/2
[1;94m[*] [0mFuzzing test case #555 (1337 total, 0 uniq crashes found)...[0m
[1;94m[*] [0mFuzzing test case #556 (1337 total, 0 uniq crashes found)...[0m
scheduled max input!!!!
schedule: 3 level21_2/ijon_max/3
[1;94m[*] [0mFuzzing test case #557 (1337 total, 0 uniq crashes found)...[0m
scheduled max input!!!!
schedule: 1 level21_2/ijon_max/1
[1;94m[*] [0mFuzzing test case #558 (1337 total, 0 uniq crashes found)...[0m
scheduled max input!!!!
schedule: 12 level21_2/ijon_max/12
[1;94m[*] [0mFuzzing test case #559 (1337 total, 0 uniq crashes found)...[0m
scheduled max input!!!!
schedule: 6 level21_2/ijon_max/6
[1;94m[*] [0mFuzzing test case #560 (1337 total, 0 uniq crashes found)...[0m
scheduled max input!!!!
schedule: 6 level21_2/ijon_max/6
[1;94m[*] [0mFuzzing test case #561 (1337 total, 0 uniq crashes found)...[0m
scheduled max input!!!!
schedule: 7 level21_2/ijon_max/7
[1;94m[*] [0mFuzzing test case #562 (1337 total, 0 uniq crashes found)...[0m
scheduled max input!!!!
schedule: 10 level21_2/ijon_max/10
[1;94m[*] [0mFuzzing test case #563 (1337 total, 0 uniq crashes found)...[0m
scheduled max input!!!!
schedule: 11 level21_2/ijon_max/11
[1;94m[*] [0mFuzzing test case #564 (1338 total, 0 uniq crashes found)...[0m
[1;94m[*] [0mFuzzing test case #565 (1338 total, 0 uniq crashes found)...[0m
[1;94m[*] [0mFuzzing test case #566 (1338 total, 0 uniq crashes found)...[0m
scheduled max input!!!!
schedule: 13 level21_2/ijon_max/13
updated maxmap 10: 4c7 (len: 603)
updated maxmap 11: 4d1 (len: 603)
updated maxmap 12: 4db (len: 603)
updated maxmap 13: 4e5 (len: 603)
updated maxmap 0: 4fb (len: 611)
updated maxmap 14: 4ef (len: 611)
updated maxmap 15: 4f9 (len: 611)
minimized maxmap 14: 4ef (len: 608)
updated maxmap 6: 4a0 (len: 603)
updated maxmap 7: 4aa (len: 603)
updated maxmap 6: 4af (len: 607)
updated maxmap 7: 4b0 (len: 607)
updated maxmap 8: 4b4 (len: 603)
updated maxmap 9: 4be (len: 603)
updated maxmap 10: 4c8 (len: 603)
updated maxmap 11: 4d2 (len: 603)
updated maxmap 12: 4dc (len: 603)
updated maxmap 13: 4e6 (len: 603)
updated maxmap 14: 4f0 (len: 608)
updated maxmap 15: 4fa (len: 610)
updated maxmap 2: 4e8 (len: 603)
updated maxmap 3: 4e6 (len: 603)
updated maxmap 4: 4b1 (len: 603)
updated maxmap 5: 4b0 (len: 610)
updated maxmap 8: 4b5 (len: 603)
updated maxmap 9: 4bf (len: 603)
updated maxmap 10: 4c9 (len: 603)
updated maxmap 11: 4d3 (len: 603)
updated maxmap 12: 4dd (len: 603)
updated maxmap 13: 4e7 (len: 603)
updated maxmap 14: 4f1 (len: 607)
updated maxmap 8: 4b6 (len: 603)
updated maxmap 9: 4c0 (len: 603)
updated maxmap 10: 4ca (len: 603)
updated maxmap 11: 4d4 (len: 603)
updated maxmap 12: 4de (len: 603)
updated maxmap 13: 4e8 (len: 603)
updated maxmap 6: 4b1 (len: 604)
updated maxmap 7: 4b1 (len: 604)
[1;94m[*] [0mFuzzing test case #567 (1349 total, 0 uniq crashes found)...[0m
[1;94m[*] [0mFuzzing test case #568 (1349 total, 0 uniq crashes found)...[0m
scheduled max input!!!!
schedule: 5 level21_2/ijon_max/5
[1;94m[*] [0mFuzzing test case #569 (1349 total, 0 uniq crashes found)...[0m
[1;94m[*] [0mFuzzing test case #570 (1349 total, 0 uniq crashes found)...[0m
scheduled max input!!!!
schedule: 5 level21_2/ijon_max/5
updated maxmap 5: 4b1 (len: 610)
updated maxmap 6: 4b3 (len: 610)
updated maxmap 7: 4b4 (len: 610)
updated maxmap 8: 4b7 (len: 610)
[1;94m[*] [0mFuzzing test case #571 (1349 total, 0 uniq crashes found)...[0m
scheduled max input!!!!
schedule: 0 level21_2/ijon_max/0
updated maxmap 6: 4b4 (len: 611)
updated maxmap 7: 4b6 (len: 611)
[1;94m[*] [0mFuzzing test case #572 (1349 total, 0 uniq crashes found)...[0m
scheduled max input!!!!
schedule: 13 level21_2/ijon_max/13
updated maxmap 14: 4f2 (len: 610)
[1;94m[*] [0mFuzzing test case #573 (1349 total, 0 uniq crashes found)...[0m
scheduled max input!!!!
schedule: 6 level21_2/ijon_max/6
updated maxmap 3: 4f7 (len: 611)
updated maxmap 4: 4f5 (len: 611)
updated maxmap 2: 4fb (len: 611)
updated maxmap 6: 4b6 (len: 611)
updated maxmap 7: 4b8 (len: 611)
updated maxmap 6: 4b7 (len: 619)
updated maxmap 7: 4ba (len: 619)
updated maxmap 8: 4bd (len: 619)
updated maxmap 9: 4c1 (len: 619)
minimized maxmap 6: 4b7 (len: 611)
minimized maxmap 7: 4ba (len: 611)
updated maxmap 4: 4f7 (len: 611)
updated maxmap 4: 4f8 (len: 611)
[1;94m[*] [0mFuzzing test case #574 (1350 total, 0 uniq crashes found)...[0m
scheduled max input!!!!
schedule: 0 level21_2/ijon_max/0
[1;94m[*] [0mFuzzing test case #575 (1350 total, 0 uniq crashes found)...[0m
scheduled max input!!!!
schedule: 13 level21_2/ijon_max/13
[1;94m[*] [0mFuzzing test case #576 (1350 total, 0 uniq crashes found)...[0m
scheduled max input!!!!
schedule: 15 level21_2/ijon_max/15
[1;94m[*] [0mFuzzing test case #577 (1350 total, 0 uniq crashes found)...[0m
scheduled max input!!!!
schedule: 0 level21_2/ijon_max/0
[1;94m[*] [0mFuzzing test case #578 (1350 total, 0 uniq crashes found)...[0m
scheduled max input!!!!
schedule: 7 level21_2/ijon_max/7
updated maxmap 2: 502 (len: 620)
updated maxmap 3: 4fc (len: 620)
updated maxmap 7: 4bb (len: 611)
updated maxmap 6: 4b8 (len: 611)
[1;94m[*] [0mFuzzing test case #579 (1351 total, 0 uniq crashes found)...[0m
scheduled max input!!!!
schedule: 7 level21_2/ijon_max/7
[1;94m[*] [0mFuzzing test case #580 (1351 total, 0 uniq crashes found)...[0m
scheduled max input!!!!
schedule: 1 level21_2/ijon_max/1
[1;94m[*] [0mFuzzing test case #581 (1351 total, 0 uniq crashes found)...[0m
scheduled max input!!!!
schedule: 0 level21_2/ijon_max/0
[1;94m[*] [0mFuzzing test case #582 (1351 total, 0 uniq crashes found)...[0m
scheduled max input!!!!
schedule: 9 level21_2/ijon_max/9
updated maxmap 3: 50b (len: 619)
updated maxmap 4: 50d (len: 619)
updated maxmap 8: 4bf (len: 619)
updated maxmap 9: 4c2 (len: 619)
minimized maxmap 2: 502 (len: 619)
updated maxmap 3: 50c (len: 619)
updated maxmap 4: 50e (len: 619)
[1;94m[*] [0mFuzzing test case #583 (1352 total, 0 uniq crashes found)...[0m
scheduled max input!!!!
schedule: 12 level21_2/ijon_max/12
[1;94m[*] [0mFuzzing test case #584 (1352 total, 0 uniq crashes found)...[0m
scheduled max input!!!!
schedule: 13 level21_2/ijon_max/13
[1;94m[*] [0mFuzzing test case #585 (1352 total, 0 uniq crashes found)...[0m
scheduled max input!!!!
schedule: 1 level21_2/ijon_max/1
[1;94m[*] [0mFuzzing test case #586 (1352 total, 0 uniq crashes found)...[0m
scheduled max input!!!!
schedule: 10 level21_2/ijon_max/10
[1;94m[*] [0mFuzzing test case #587 (1352 total, 0 uniq crashes found)...[0m
scheduled max input!!!!
schedule: 4 level21_2/ijon_max/4
updated maxmap 4: 50f (len: 619)
updated maxmap 2: 503 (len: 619)
updated maxmap 3: 50d (len: 619)
[1;94m[*] [0mFuzzing test case #588 (1352 total, 0 uniq crashes found)...[0m
scheduled max input!!!!
schedule: 10 level21_2/ijon_max/10
[1;94m[*] [0mFuzzing test case #589 (1352 total, 0 uniq crashes found)...[0m
scheduled max input!!!!
schedule: 3 level21_2/ijon_max/3
[1;94m[*] [0mFuzzing test case #590 (1353 total, 0 uniq crashes found)...[0m
scheduled max input!!!!
schedule: 8 level21_2/ijon_max/8
updated maxmap 9: 4c3 (len: 619)
[1;94m[*] [0mFuzzing test case #591 (1353 total, 0 uniq crashes found)...[0m
scheduled max input!!!!
schedule: 0 level21_2/ijon_max/0
[1;94m[*] [0mFuzzing test case #592 (1353 total, 0 uniq crashes found)...[0m
[1;94m[*] [0mFuzzing test case #593 (1353 total, 0 uniq crashes found)...[0m
[1;94m[*] [0mFuzzing test case #594 (1353 total, 0 uniq crashes found)...[0m
scheduled max input!!!!
schedule: 9 level21_2/ijon_max/9
[1;94m[*] [0mFuzzing test case #595 (1353 total, 0 uniq crashes found)...[0m
scheduled max input!!!!
schedule: 10 level21_2/ijon_max/10
[1;94m[*] [0mFuzzing test case #596 (1353 total, 0 uniq crashes found)...[0m
scheduled max input!!!!
schedule: 7 level21_2/ijon_max/7
updated maxmap 8: 4c1 (len: 618)
[1;94m[*] [0mFuzzing test case #597 (1353 total, 0 uniq crashes found)...[0m
[1;94m[*] [0mFuzzing test case #598 (1353 total, 0 uniq crashes found)...[0m
scheduled max input!!!!
schedule: 6 level21_2/ijon_max/6
[1;94m[*] [0mFuzzing test case #599 (1353 total, 0 uniq crashes found)...[0m
scheduled max input!!!!
schedule: 14 level21_2/ijon_max/14
[1;94m[*] [0mFuzzing test case #600 (1353 total, 0 uniq crashes found)...[0m
scheduled max input!!!!
schedule: 2 level21_2/ijon_max/2
[1;94m[*] [0mFuzzing test case #601 (1353 total, 0 uniq crashes found)...[0m
scheduled max input!!!!
schedule: 14 level21_2/ijon_max/14
[1;94m[*] [0mFuzzing test case #602 (1353 total, 0 uniq crashes found)...[0m
scheduled max input!!!!
schedule: 12 level21_2/ijon_max/12
[1;94m[*] [0mFuzzing test case #603 (1353 total, 0 uniq crashes found)...[0m
scheduled max input!!!!
schedule: 6 level21_2/ijon_max/6
updated maxmap 5: 4b4 (len: 611)
updated maxmap 1: 4dd (len: 611)
[1;94m[*] [0mFuzzing test case #604 (1354 total, 0 uniq crashes found)...[0m
scheduled max input!!!!
schedule: 3 level21_2/ijon_max/3
[1;94m[*] [0mFuzzing test case #605 (1354 total, 0 uniq crashes found)...[0m
scheduled max input!!!!
schedule: 10 level21_2/ijon_max/10
[1;94m[*] [0mFuzzing test case #606 (1354 total, 0 uniq crashes found)...[0m
[1;94m[*] [0mFuzzing test case #607 (1354 total, 0 uniq crashes found)...[0m
scheduled max input!!!!
schedule: 1 level21_2/ijon_max/1
[1;94m[*] [0mFuzzing test case #608 (1354 total, 0 uniq crashes found)...[0m
scheduled max input!!!!
schedule: 4 level21_2/ijon_max/4
[1;94m[*] [0mFuzzing test case #609 (1354 total, 0 uniq crashes found)...[0m
scheduled max input!!!!
schedule: 8 level21_2/ijon_max/8
updated maxmap 7: 4bc (len: 618)
updated maxmap 8: 4c2 (len: 618)
minimized maxmap 9: 4c3 (len: 618)
[1;94m[*] [0mFuzzing test case #610 (1355 total, 0 uniq crashes found)...[0m
scheduled max input!!!!
schedule: 13 level21_2/ijon_max/13
[1;94m[*] [0mFuzzing test case #611 (1355 total, 0 uniq crashes found)...[0m
scheduled max input!!!!
schedule: 4 level21_2/ijon_max/4
updated maxmap 3: 518 (len: 623)
updated maxmap 4: 516 (len: 623)
updated maxmap 9: 4c7 (len: 626)
updated maxmap 10: 4cd (len: 626)
updated maxmap 2: 50c (len: 619)
updated maxmap 2: 50e (len: 619)
updated maxmap 0: 4fc (len: 619)
updated maxmap 15: 4fb (len: 619)
updated maxmap 0: 4fd (len: 620)
updated maxmap 1: 4ea (len: 619)
minimized maxmap 0: 4fd (len: 619)
updated maxmap 2: 520 (len: 626)
[1;94m[*] [0mFuzzing test case #612 (1362 total, 0 uniq crashes found)...[0m
scheduled max input!!!!
schedule: 8 level21_2/ijon_max/8
[1;94m[*] [0mFuzzing test case #613 (1362 total, 0 uniq crashes found)...[0m
[1;94m[*] [0mFuzzing test case #614 (1362 total, 0 uniq crashes found)...[0m
scheduled max input!!!!
schedule: 12 level21_2/ijon_max/12
[1;94m[*] [0mFuzzing test case #615 (1363 total, 0 uniq crashes found)...[0m
scheduled max input!!!!
schedule: 9 level21_2/ijon_max/9
[1;94m[*] [0mFuzzing test case #616 (1363 total, 0 uniq crashes found)...[0m
[1;94m[*] [0mFuzzing test case #617 (1363 total, 0 uniq crashes found)...[0m
scheduled max input!!!!
schedule: 8 level21_2/ijon_max/8
minimized maxmap 9: 4c7 (len: 622)
[1;94m[*] [0mFuzzing test case #618 (1364 total, 0 uniq crashes found)...[0m
scheduled max input!!!!
schedule: 5 level21_2/ijon_max/5
[1;94m[*] [0mFuzzing test case #619 (1364 total, 0 uniq crashes found)...[0m
[1;94m[*] [0mFuzzing test case #620 (1364 total, 0 uniq crashes found)...[0m
scheduled max input!!!!
schedule: 1 level21_2/ijon_max/1
[1;94m[*] [0mFuzzing test case #621 (1364 total, 0 uniq crashes found)...[0m
[1;94m[*] [0mFuzzing test case #622 (1364 total, 0 uniq crashes found)...[0m
scheduled max input!!!!
schedule: 5 level21_2/ijon_max/5
[1;94m[*] [0mFuzzing test case #623 (1364 total, 0 uniq crashes found)...[0m
[1;94m[*] [0mFuzzing test case #624 (1364 total, 0 uniq crashes found)...[0m
[1;94m[*] [0mFuzzing test case #625 (1364 total, 0 uniq crashes found)...[0m
[1;94m[*] [0mFuzzing test case #626 (1364 total, 0 uniq crashes found)...[0m
scheduled max input!!!!
schedule: 11 level21_2/ijon_max/11
[1;94m[*] [0mFuzzing test case #627 (1364 total, 0 uniq crashes found)...[0m
scheduled max input!!!!
schedule: 6 level21_2/ijon_max/6
[1;94m[*] [0mFuzzing test case #628 (1365 total, 0 uniq crashes found)...[0m
scheduled max input!!!!
schedule: 8 level21_2/ijon_max/8
[1;94m[*] [0mFuzzing test case #629 (1365 total, 0 uniq crashes found)...[0m
scheduled max input!!!!
schedule: 10 level21_2/ijon_max/10
[1;94m[*] [0mFuzzing test case #630 (1365 total, 0 uniq crashes found)...[0m
scheduled max input!!!!
schedule: 15 level21_2/ijon_max/15
[1;94m[*] [0mFuzzing test case #631 (1365 total, 0 uniq crashes found)...[0m
[1;94m[*] [0mFuzzing test case #632 (1365 total, 0 uniq crashes found)...[0m
scheduled max input!!!!
schedule: 11 level21_2/ijon_max/11
minimized maxmap 14: 4f2 (len: 608)
[1;94m[*] [0mFuzzing test case #633 (1367 total, 0 uniq crashes found)...[0m
scheduled max input!!!!
schedule: 13 level21_2/ijon_max/13
[1;94m[*] [0mFuzzing test case #634 (1367 total, 0 uniq crashes found)...[0m
scheduled max input!!!!
schedule: 15 level21_2/ijon_max/15
updated maxmap 0: 4fe (len: 619)
updated maxmap 11: 4d5 (len: 619)
updated maxmap 12: 4df (len: 619)
updated maxmap 13: 4e9 (len: 619)
updated maxmap 14: 4f3 (len: 619)
[1;94m[*] [0mFuzzing test case #635 (1373 total, 0 uniq crashes found)...[0m
scheduled max input!!!!
schedule: 6 level21_2/ijon_max/6
[1;94m[*] [0mFuzzing test case #636 (1373 total, 0 uniq crashes found)...[0m
scheduled max input!!!!
schedule: 10 level21_2/ijon_max/10
[1;94m[*] [0mFuzzing test case #637 (1373 total, 0 uniq crashes found)...[0m
scheduled max input!!!!
schedule: 0 level21_2/ijon_max/0
updated maxmap 15: 4fc (len: 619)
updated maxmap 0: 4ff (len: 619)
[1;94m[*] [0mFuzzing test case #638 (1374 total, 0 uniq crashes found)...[0m
scheduled max input!!!!
schedule: 13 level21_2/ijon_max/13
[1;94m[*] [0mFuzzing test case #639 (1374 total, 0 uniq crashes found)...[0m
scheduled max input!!!!
schedule: 12 level21_2/ijon_max/12
updated maxmap 11: 4d6 (len: 619)
updated maxmap 12: 4e0 (len: 619)
updated maxmap 13: 4ea (len: 619)
updated maxmap 14: 4f4 (len: 619)
[1;94m[*] [0mFuzzing test case #640 (1374 total, 0 uniq crashes found)...[0m
scheduled max input!!!!
schedule: 14 level21_2/ijon_max/14
[1;94m[*] [0mFuzzing test case #641 (1374 total, 0 uniq crashes found)...[0m
scheduled max input!!!!
schedule: 13 level21_2/ijon_max/13
[1;94m[*] [0mFuzzing test case #642 (1374 total, 0 uniq crashes found)...[0m
scheduled max input!!!!
schedule: 7 level21_2/ijon_max/7
[1;94m[*] [0mFuzzing test case #643 (1374 total, 0 uniq crashes found)...[0m
scheduled max input!!!!
schedule: 15 level21_2/ijon_max/15
[1;94m[*] [0mFuzzing test case #644 (1374 total, 0 uniq crashes found)...[0m
scheduled max input!!!!
schedule: 14 level21_2/ijon_max/14
[1;94m[*] [0mFuzzing test case #645 (1374 total, 0 uniq crashes found)...[0m
[1;94m[*] [0mFuzzing test case #646 (1374 total, 0 uniq crashes found)...[0m
[1;94m[*] [0mFuzzing test case #647 (1374 total, 0 uniq crashes found)...[0m
[1;94m[*] [0mFuzzing test case #648 (1374 total, 0 uniq crashes found)...[0m
scheduled max input!!!!
schedule: 15 level21_2/ijon_max/15
[1;94m[*] [0mFuzzing test case #649 (1374 total, 0 uniq crashes found)...[0m
scheduled max input!!!!
schedule: 8 level21_2/ijon_max/8
[1;94m[*] [0mFuzzing test case #650 (1374 total, 0 uniq crashes found)...[0m
scheduled max input!!!!
schedule: 4 level21_2/ijon_max/4
updated maxmap 3: 519 (len: 623)
updated maxmap 4: 517 (len: 623)
[1;94m[*] [0mFuzzing test case #651 (1375 total, 0 uniq crashes found)...[0m
scheduled max input!!!!
schedule: 1 level21_2/ijon_max/1
updated maxmap 1: 4eb (len: 619)
[1;94m[*] [0mFuzzing test case #652 (1375 total, 0 uniq crashes found)...[0m
scheduled max input!!!!
schedule: 12 level21_2/ijon_max/12
[1;94m[*] [0mFuzzing test case #653 (1376 total, 0 uniq crashes found)...[0m
scheduled max input!!!!
schedule: 0 level21_2/ijon_max/0
[1;94m[*] [0mFuzzing test case #654 (1376 total, 0 uniq crashes found)...[0m
scheduled max input!!!!
schedule: 12 level21_2/ijon_max/12
updated maxmap 15: 4fd (len: 619)
[1;94m[*] [0mFuzzing test case #655 (1377 total, 0 uniq crashes found)...[0m
scheduled max input!!!!
schedule: 12 level21_2/ijon_max/12
[1;94m[*] [0mFuzzing test case #656 (1377 total, 0 uniq crashes found)...[0m
[1;94m[*] [0mFuzzing test case #657 (1377 total, 0 uniq crashes found)...[0m
scheduled max input!!!!
schedule: 2 level21_2/ijon_max/2
[1;94m[*] [0mFuzzing test case #658 (1377 total, 0 uniq crashes found)...[0m
scheduled max input!!!!
schedule: 0 level21_2/ijon_max/0
[1;94m[*] [0mFuzzing test case #659 (1378 total, 0 uniq crashes found)...[0m
scheduled max input!!!!
schedule: 2 level21_2/ijon_max/2
updated maxmap 3: 529 (len: 632)
updated maxmap 2: 52a (len: 631)
updated maxmap 1: 506 (len: 626)
updated maxmap 1: 507 (len: 626)
updated maxmap 1: 509 (len: 626)
updated maxmap 1: 50b (len: 629)
updated maxmap 2: 52f (len: 634)
updated maxmap 3: 532 (len: 634)
[1;94m[*] [0mFuzzing test case #660 (1388 total, 0 uniq crashes found)...[0m
scheduled max input!!!!
schedule: 7 level21_2/ijon_max/7
[1;94m[*] [0mFuzzing test case #661 (1388 total, 0 uniq crashes found)...[0m
[1;94m[*] [0mFuzzing test case #662 (1388 total, 0 uniq crashes found)...[0m
scheduled max input!!!!
schedule: 3 level21_2/ijon_max/3
[1;94m[*] [0mFuzzing test case #663 (1388 total, 0 uniq crashes found)...[0m
scheduled max input!!!!
schedule: 9 level21_2/ijon_max/9
[1;94m[*] [0mFuzzing test case #664 (1388 total, 0 uniq crashes found)...[0m
[1;94m[*] [0mFuzzing test case #665 (1388 total, 0 uniq crashes found)...[0m
scheduled max input!!!!
schedule: 8 level21_2/ijon_max/8
[1;94m[*] [0mFuzzing test case #666 (1389 total, 0 uniq crashes found)...[0m
scheduled max input!!!!
schedule: 3 level21_2/ijon_max/3
updated maxmap 1: 530 (len: 634)
[1;94m[*] [0mFuzzing test case #667 (1389 total, 0 uniq crashes found)...[0m
[1;94m[*] [0mFuzzing test case #668 (1389 total, 0 uniq crashes found)...[0m
scheduled max input!!!!
schedule: 7 level21_2/ijon_max/7
updated maxmap 9: 4c8 (len: 624)
[1;94m[*] [0mFuzzing test case #669 (1389 total, 0 uniq crashes found)...[0m
scheduled max input!!!!
schedule: 9 level21_2/ijon_max/9
[1;94m[*] [0mFuzzing test case #670 (1389 total, 0 uniq crashes found)...[0m
scheduled max input!!!!
schedule: 9 level21_2/ijon_max/9
[1;94m[*] [0mFuzzing test case #671 (1389 total, 0 uniq crashes found)...[0m
scheduled max input!!!!
schedule: 15 level21_2/ijon_max/15
[1;94m[*] [0mFuzzing test case #672 (1389 total, 0 uniq crashes found)...[0m
scheduled max input!!!!
schedule: 14 level21_2/ijon_max/14
[1;94m[*] [0mFuzzing test case #673 (1390 total, 0 uniq crashes found)...[0m
scheduled max input!!!!
schedule: 2 level21_2/ijon_max/2
updated maxmap 6: 4ba (len: 634)
updated maxmap 7: 4c0 (len: 634)
updated maxmap 8: 4c6 (len: 634)
updated maxmap 9: 4cc (len: 634)
updated maxmap 10: 4d2 (len: 634)
updated maxmap 11: 4d7 (len: 634)
[1;94m[*] [0mFuzzing test case #674 (1390 total, 0 uniq crashes found)...[0m
scheduled max input!!!!
schedule: 10 level21_2/ijon_max/10
updated maxmap 11: 4d8 (len: 637)
updated maxmap 6: 4be (len: 634)
updated maxmap 7: 4c4 (len: 634)
updated maxmap 8: 4ca (len: 634)
updated maxmap 9: 4d0 (len: 634)
updated maxmap 10: 4d6 (len: 634)
updated maxmap 11: 4db (len: 634)
updated maxmap 12: 4e1 (len: 634)
updated maxmap 4: 529 (len: 634)
updated maxmap 5: 52e (len: 634)
updated maxmap 2: 531 (len: 634)
updated maxmap 3: 534 (len: 634)
updated maxmap 11: 4dc (len: 634)
[1;94m[*] [0mFuzzing test case #675 (1391 total, 0 uniq crashes found)...[0m
[1;94m[*] [0mFuzzing test case #676 (1391 total, 0 uniq crashes found)...[0m
scheduled max input!!!!
schedule: 14 level21_2/ijon_max/14
[1;94m[*] [0mFuzzing test case #677 (1391 total, 0 uniq crashes found)...[0m
scheduled max input!!!!
schedule: 1 level21_2/ijon_max/1
updated maxmap 1: 531 (len: 634)
[1;94m[*] [0mFuzzing test case #678 (1391 total, 0 uniq crashes found)...[0m
scheduled max input!!!!
schedule: 0 level21_2/ijon_max/0
[1;94m[*] [0mFuzzing test case #679 (1391 total, 0 uniq crashes found)...[0m
[1;94m[*] [0mFuzzing test case #680 (1391 total, 0 uniq crashes found)...[0m
scheduled max input!!!!
schedule: 0 level21_2/ijon_max/0
[1;94m[*] [0mFuzzing test case #681 (1391 total, 0 uniq crashes found)...[0m
scheduled max input!!!!
schedule: 1 level21_2/ijon_max/1
updated maxmap 1: 533 (len: 634)
[1;94m[*] [0mFuzzing test case #682 (1391 total, 0 uniq crashes found)...[0m
scheduled max input!!!!
schedule: 8 level21_2/ijon_max/8
[1;94m[*] [0mFuzzing test case #683 (1391 total, 0 uniq crashes found)...[0m
[1;94m[*] [0mFuzzing test case #684 (1391 total, 0 uniq crashes found)...[0m
scheduled max input!!!!
schedule: 9 level21_2/ijon_max/9
[1;94m[*] [0mFuzzing test case #685 (1391 total, 0 uniq crashes found)...[0m
scheduled max input!!!!
schedule: 7 level21_2/ijon_max/7
[1;94m[*] [0mFuzzing test case #686 (1392 total, 0 uniq crashes found)...[0m
scheduled max input!!!!
schedule: 1 level21_2/ijon_max/1
[1;94m[*] [0mFuzzing test case #687 (1392 total, 0 uniq crashes found)...[0m
scheduled max input!!!!
schedule: 14 level21_2/ijon_max/14
[1;94m[*] [0mFuzzing test case #688 (1392 total, 0 uniq crashes found)...[0m
scheduled max input!!!!
schedule: 0 level21_2/ijon_max/0
[1;94m[*] [0mFuzzing test case #689 (1392 total, 0 uniq crashes found)...[0m
scheduled max input!!!!
schedule: 5 level21_2/ijon_max/5
[1;94m[*] [0mFuzzing test case #690 (1392 total, 0 uniq crashes found)...[0m
[1;94m[*] [0mFuzzing test case #691 (1392 total, 0 uniq crashes found)...[0m
[1;94m[*] [0mFuzzing test case #692 (1392 total, 0 uniq crashes found)...[0m
scheduled max input!!!!
schedule: 10 level21_2/ijon_max/10
updated maxmap 5: 52f (len: 634)
[1;94m[*] [0mFuzzing test case #693 (1392 total, 0 uniq crashes found)...[0m
scheduled max input!!!!
schedule: 7 level21_2/ijon_max/7
[1;94m[*] [0mFuzzing test case #694 (1392 total, 0 uniq crashes found)...[0m
scheduled max input!!!!
schedule: 7 level21_2/ijon_max/7
[1;94m[*] [0mFuzzing test case #695 (1392 total, 0 uniq crashes found)...[0m
[1;94m[*] [0mFuzzing test case #696 (1392 total, 0 uniq crashes found)...[0m
[1;94m[*] [0mFuzzing test case #697 (1392 total, 0 uniq crashes found)...[0m
scheduled max input!!!!
schedule: 8 level21_2/ijon_max/8
[1;94m[*] [0mFuzzing test case #698 (1392 total, 0 uniq crashes found)...[0m
scheduled max input!!!!
schedule: 14 level21_2/ijon_max/14
[1;94m[*] [0mFuzzing test case #699 (1392 total, 0 uniq crashes found)...[0m
scheduled max input!!!!
schedule: 10 level21_2/ijon_max/10
[1;94m[*] [0mFuzzing test case #700 (1392 total, 0 uniq crashes found)...[0m
scheduled max input!!!!
schedule: 2 level21_2/ijon_max/2
[1;94m[*] [0mFuzzing test case #701 (1392 total, 0 uniq crashes found)...[0m
scheduled max input!!!!
schedule: 14 level21_2/ijon_max/14
[1;94m[*] [0mFuzzing test case #702 (1392 total, 0 uniq crashes found)...[0m
scheduled max input!!!!
schedule: 0 level21_2/ijon_max/0
[1;94m[*] [0mFuzzing test case #703 (1392 total, 0 uniq crashes found)...[0m
[1;94m[*] [0mFuzzing test case #704 (1392 total, 0 uniq crashes found)...[0m
scheduled max input!!!!
schedule: 13 level21_2/ijon_max/13
[1;94m[*] [0mFuzzing test case #705 (1392 total, 0 uniq crashes found)...[0m
scheduled max input!!!!
schedule: 6 level21_2/ijon_max/6
[1;94m[*] [0mFuzzing test case #706 (1392 total, 0 uniq crashes found)...[0m
scheduled max input!!!!
schedule: 7 level21_2/ijon_max/7
[1;94m[*] [0mFuzzing test case #707 (1392 total, 0 uniq crashes found)...[0m
scheduled max input!!!!
schedule: 11 level21_2/ijon_max/11
updated maxmap 12: 4e2 (len: 634)
updated maxmap 6: 4c0 (len: 634)
updated maxmap 7: 4c6 (len: 634)
updated maxmap 8: 4cc (len: 634)
updated maxmap 9: 4d2 (len: 634)
updated maxmap 10: 4d7 (len: 634)
updated maxmap 11: 4dd (len: 634)
updated maxmap 12: 4e3 (len: 634)
updated maxmap 10: 4d8 (len: 634)
[1;94m[*] [0mFuzzing test case #708 (1392 total, 0 uniq crashes found)...[0m
scheduled max input!!!!
schedule: 12 level21_2/ijon_max/12
[1;94m[*] [0mFuzzing test case #709 (1392 total, 0 uniq crashes found)...[0m
[1;94m[*] [0mFuzzing test case #710 (1392 total, 0 uniq crashes found)...[0m
scheduled max input!!!!
schedule: 0 level21_2/ijon_max/0
[1;94m[*] [0mFuzzing test case #711 (1392 total, 0 uniq crashes found)...[0m
scheduled max input!!!!
schedule: 4 level21_2/ijon_max/4
updated maxmap 2: 537 (len: 638)
updated maxmap 3: 53a (len: 638)
[1;94m[*] [0mFuzzing test case #712 (1392 total, 0 uniq crashes found)...[0m
scheduled max input!!!!
schedule: 11 level21_2/ijon_max/11
[1;94m[*] [0mFuzzing test case #713 (1393 total, 0 uniq crashes found)...[0m
scheduled max input!!!!
schedule: 15 level21_2/ijon_max/15
[1;94m[*] [0mFuzzing test case #714 (1393 total, 0 uniq crashes found)...[0m
scheduled max input!!!!
schedule: 14 level21_2/ijon_max/14
[1;94m[*] [0mFuzzing test case #715 (1393 total, 0 uniq crashes found)...[0m
scheduled max input!!!!
schedule: 7 level21_2/ijon_max/7
updated maxmap 11: 4de (len: 641)
[1;94m[*] [0mFuzzing test case #716 (1394 total, 0 uniq crashes found)...[0m
scheduled max input!!!!
schedule: 12 level21_2/ijon_max/12
updated maxmap 1: 53e (len: 640)
updated maxmap 2: 541 (len: 640)
[1;94m[*] [0mFuzzing test case #717 (1394 total, 0 uniq crashes found)...[0m
scheduled max input!!!!
schedule: 4 level21_2/ijon_max/4
[1;94m[*] [0mFuzzing test case #718 (1394 total, 0 uniq crashes found)...[0m
[1;94m[*] [0mFuzzing test case #719 (1394 total, 0 uniq crashes found)...[0m
[1;94m[*] [0mFuzzing test case #720 (1394 total, 0 uniq crashes found)...[0m
scheduled normal input!!!!
[1;94m[*] [0mFuzzing test case #721 (1394 total, 0 uniq crashes found)...[0m
scheduled max input!!!!
schedule: 14 level21_2/ijon_max/14
[1;94m[*] [0mFuzzing test case #722 (1394 total, 0 uniq crashes found)...[0m
scheduled max input!!!!
schedule: 12 level21_2/ijon_max/12
[1;94m[*] [0mFuzzing test case #723 (1395 total, 0 uniq crashes found)...[0m
scheduled max input!!!!
schedule: 3 level21_2/ijon_max/3
[1;94m[*] [0mFuzzing test case #724 (1395 total, 0 uniq crashes found)...[0m
scheduled max input!!!!
schedule: 3 level21_2/ijon_max/3
[1;94m[*] [0mFuzzing test case #725 (1395 total, 0 uniq crashes found)...[0m
[1;94m[*] [0mFuzzing test case #726 (1395 total, 0 uniq crashes found)...[0m
scheduled max input!!!!
schedule: 0 level21_2/ijon_max/0
[1;94m[*] [0mFuzzing test case #727 (1395 total, 0 uniq crashes found)...[0m
[1;94m[*] [0mFuzzing test case #728 (1395 total, 0 uniq crashes found)...[0m
scheduled max input!!!!
schedule: 15 level21_2/ijon_max/15
[1;94m[*] [0mFuzzing test case #729 (1395 total, 0 uniq crashes found)...[0m
scheduled max input!!!!
schedule: 15 level21_2/ijon_max/15
[1;94m[*] [0mFuzzing test case #730 (1395 total, 0 uniq crashes found)...[0m
scheduled max input!!!!
schedule: 8 level21_2/ijon_max/8
updated maxmap 5: 538 (len: 639)
updated maxmap 6: 535 (len: 639)
[1;94m[*] [0mFuzzing test case #731 (1397 total, 0 uniq crashes found)...[0m
scheduled max input!!!!
schedule: 13 level21_2/ijon_max/13
[1;94m[*] [0mFuzzing test case #732 (1398 total, 0 uniq crashes found)...[0m
[1;94m[*] [0mFuzzing test case #733 (1398 total, 0 uniq crashes found)...[0m
scheduled max input!!!!
schedule: 0 level21_2/ijon_max/0
[1;94m[*] [0mFuzzing test case #734 (1398 total, 0 uniq crashes found)...[0m
[1;94m[*] [0mFuzzing test case #735 (1398 total, 0 uniq crashes found)...[0m
scheduled max input!!!!
schedule: 11 level21_2/ijon_max/11
[1;94m[*] [0mFuzzing test case #736 (1398 total, 0 uniq crashes found)...[0m
scheduled max input!!!!
schedule: 12 level21_2/ijon_max/12
[1;94m[*] [0mFuzzing test case #737 (1399 total, 0 uniq crashes found)...[0m
scheduled max input!!!!
schedule: 3 level21_2/ijon_max/3
[1;94m[*] [0mFuzzing test case #738 (1399 total, 0 uniq crashes found)...[0m
scheduled max input!!!!
schedule: 10 level21_2/ijon_max/10
updated maxmap 7: 4c8 (len: 634)
updated maxmap 8: 4ce (len: 634)
updated maxmap 9: 4d4 (len: 634)
updated maxmap 10: 4d9 (len: 634)
updated maxmap 11: 4df (len: 634)
updated maxmap 12: 4e5 (len: 634)
updated maxmap 10: 4da (len: 634)
updated maxmap 13: 4eb (len: 636)
updated maxmap 11: 4e0 (len: 634)
[1;94m[*] [0mFuzzing test case #739 (1399 total, 0 uniq crashes found)...[0m
scheduled max input!!!!
schedule: 7 level21_2/ijon_max/7
[1;94m[*] [0mFuzzing test case #740 (1399 total, 0 uniq crashes found)...[0m
scheduled max input!!!!
schedule: 3 level21_2/ijon_max/3
[1;94m[*] [0mFuzzing test case #741 (1399 total, 0 uniq crashes found)...[0m
[1;94m[*] [0mFuzzing test case #742 (1399 total, 0 uniq crashes found)...[0m
scheduled max input!!!!
schedule: 15 level21_2/ijon_max/15
[1;94m[*] [0mFuzzing test case #743 (1399 total, 0 uniq crashes found)...[0m
[1;94m[*] [0mFuzzing test case #744 (1399 total, 0 uniq crashes found)...[0m
scheduled max input!!!!
schedule: 2 level21_2/ijon_max/2
updated maxmap 4: 541 (len: 640)
updated maxmap 1: 53f (len: 640)
updated maxmap 2: 542 (len: 640)
updated maxmap 1: 540 (len: 640)
updated maxmap 3: 53d (len: 640)
updated maxmap 4: 542 (len: 640)
[1;94m[*] [0mFuzzing test case #745 (1400 total, 0 uniq crashes found)...[0m
scheduled max input!!!!
schedule: 12 level21_2/ijon_max/12
[1;94m[*] [0mFuzzing test case #746 (1400 total, 0 uniq crashes found)...[0m
scheduled max input!!!!
schedule: 15 level21_2/ijon_max/15
[1;94m[*] [0mFuzzing test case #747 (1400 total, 0 uniq crashes found)...[0m
scheduled max input!!!!
schedule: 15 level21_2/ijon_max/15
[1;94m[*] [0mFuzzing test case #748 (1400 total, 0 uniq crashes found)...[0m
scheduled max input!!!!
schedule: 6 level21_2/ijon_max/6
updated maxmap 4: 546 (len: 643)
updated maxmap 5: 539 (len: 643)
updated maxmap 6: 536 (len: 639)
[1;94m[*] [0mFuzzing test case #749 (1402 total, 0 uniq crashes found)...[0m
scheduled max input!!!!
schedule: 4 level21_2/ijon_max/4
updated maxmap 4: 548 (len: 643)
updated maxmap 5: 53c (len: 643)
updated maxmap 4: 549 (len: 643)
[1;94m[*] [0mFuzzing test case #750 (1402 total, 0 uniq crashes found)...[0m
[1;94m[*] [0mFuzzing test case #751 (1402 total, 0 uniq crashes found)...[0m
[1;94m[*] [0mFuzzing test case #752 (1402 total, 0 uniq crashes found)...[0m
scheduled max input!!!!
schedule: 2 level21_2/ijon_max/2
updated maxmap 3: 542 (len: 640)
updated maxmap 2: 548 (len: 646)
updated maxmap 3: 550 (len: 646)
updated maxmap 6: 539 (len: 640)
[1;94m[*] [0mFuzzing test case #753 (1404 total, 0 uniq crashes found)...[0m
scheduled max input!!!!
schedule: 11 level21_2/ijon_max/11
[1;94m[*] [0mFuzzing test case #754 (1404 total, 0 uniq crashes found)...[0m
scheduled max input!!!!
schedule: 3 level21_2/ijon_max/3
updated maxmap 2: 549 (len: 646)
updated maxmap 3: 551 (len: 646)
updated maxmap 2: 54a (len: 646)
[1;94m[*] [0mFuzzing test case #755 (1406 total, 0 uniq crashes found)...[0m
[1;94m[*] [0mFuzzing test case #756 (1406 total, 0 uniq crashes found)...[0m
scheduled max input!!!!
schedule: 5 level21_2/ijon_max/5
updated maxmap 4: 557 (len: 649)
updated maxmap 5: 54a (len: 649)
updated maxmap 6: 544 (len: 649)
minimized maxmap 6: 544 (len: 643)
updated maxmap 1: 545 (len: 643)
updated maxmap 5: 554 (len: 649)
updated maxmap 6: 54f (len: 649)
updated maxmap 7: 52c (len: 643)
updated maxmap 0: 510 (len: 643)
updated maxmap 7: 52e (len: 643)
updated maxmap 0: 52a (len: 649)
updated maxmap 5: 559 (len: 649)
minimized maxmap 0: 52a (len: 643)
updated maxmap 3: 554 (len: 651)
[1;94m[*] [0mFuzzing test case #757 (1412 total, 0 uniq crashes found)...[0m
scheduled max input!!!!
schedule: 7 level21_2/ijon_max/7
[1;94m[*] [0mFuzzing test case #758 (1412 total, 0 uniq crashes found)...[0m
scheduled max input!!!!
schedule: 15 level21_2/ijon_max/15
[1;94m[*] [0mFuzzing test case #759 (1412 total, 0 uniq crashes found)...[0m
scheduled max input!!!!
schedule: 6 level21_2/ijon_max/6
updated maxmap 6: 553 (len: 649)
updated maxmap 6: 554 (len: 649)
updated maxmap 8: 52c (len: 649)
updated maxmap 9: 52a (len: 649)
[1;94m[*] [0mFuzzing test case #760 (1413 total, 0 uniq crashes found)...[0m
[1;94m[*] [0mFuzzing test case #761 (1413 total, 0 uniq crashes found)...[0m
[1;94m[*] [0mFuzzing test case #762 (1413 total, 0 uniq crashes found)...[0m
scheduled max input!!!!
schedule: 11 level21_2/ijon_max/11
updated maxmap 12: 4e6 (len: 642)
updated maxmap 13: 4ec (len: 642)
[1;94m[*] [0mFuzzing test case #763 (1414 total, 0 uniq crashes found)...[0m
[1;94m[*] [0mFuzzing test case #764 (1414 total, 0 uniq crashes found)...[0m
scheduled max input!!!!
schedule: 1 level21_2/ijon_max/1
updated maxmap 1: 546 (len: 643)
[1;94m[*] [0mFuzzing test case #765 (1414 total, 0 uniq crashes found)...[0m
[1;94m[*] [0mFuzzing test case #766 (1414 total, 0 uniq crashes found)...[0m
scheduled max input!!!!
schedule: 10 level21_2/ijon_max/10
[1;94m[*] [0mFuzzing test case #767 (1414 total, 0 uniq crashes found)...[0m
scheduled max input!!!!
schedule: 5 level21_2/ijon_max/5
updated maxmap 5: 55c (len: 656)
updated maxmap 6: 56a (len: 656)
[1;94m[*] [0mFuzzing test case #768 (1414 total, 0 uniq crashes found)...[0m
scheduled max input!!!!
schedule: 3 level21_2/ijon_max/3
updated maxmap 3: 557 (len: 653)
updated maxmap 4: 56a (len: 657)
updated maxmap 5: 563 (len: 657)
[1;94m[*] [0mFuzzing test case #769 (1417 total, 0 uniq crashes found)...[0m
scheduled max input!!!!
schedule: 4 level21_2/ijon_max/4
updated maxmap 5: 565 (len: 657)
updated maxmap 4: 56b (len: 657)
updated maxmap 5: 568 (len: 657)
updated maxmap 6: 56b (len: 657)
updated maxmap 3: 584 (len: 668)
updated maxmap 6: 574 (len: 662)
updated maxmap 4: 574 (len: 661)
updated maxmap 5: 56a (len: 657)
updated maxmap 4: 57c (len: 664)
updated maxmap 7: 57c (len: 664)
updated maxmap 0: 532 (len: 657)
updated maxmap 7: 57e (len: 665)
[1;94m[*] [0mFuzzing test case #770 (1428 total, 0 uniq crashes found)...[0m
[1;94m[*] [0mFuzzing test case #771 (1428 total, 0 uniq crashes found)...[0m
scheduled max input!!!!
schedule: 8 level21_2/ijon_max/8
updated maxmap 9: 52b (len: 650)
minimized maxmap 9: 52b (len: 649)
[1;94m[*] [0mFuzzing test case #772 (1428 total, 0 uniq crashes found)...[0m
scheduled max input!!!!
schedule: 10 level21_2/ijon_max/10
[1;94m[*] [0mFuzzing test case #773 (1428 total, 0 uniq crashes found)...[0m
scheduled max input!!!!
schedule: 4 level21_2/ijon_max/4
[1;94m[*] [0mFuzzing test case #774 (1428 total, 0 uniq crashes found)...[0m
scheduled max input!!!!
schedule: 5 level21_2/ijon_max/5
updated maxmap 5: 56b (len: 657)
[1;94m[*] [0mFuzzing test case #775 (1428 total, 0 uniq crashes found)...[0m
[1;94m[*] [0mFuzzing test case #776 (1428 total, 0 uniq crashes found)...[0m
scheduled max input!!!!
schedule: 5 level21_2/ijon_max/5
[1;94m[*] [0mFuzzing test case #777 (1428 total, 0 uniq crashes found)...[0m
scheduled max input!!!!
schedule: 15 level21_2/ijon_max/15
[1;94m[*] [0mFuzzing test case #778 (1428 total, 0 uniq crashes found)...[0m
[1;94m[*] [0mFuzzing test case #779 (1428 total, 0 uniq crashes found)...[0m
[1;94m[*] [0mFuzzing test case #780 (1428 total, 0 uniq crashes found)...[0m
scheduled max input!!!!
schedule: 9 level21_2/ijon_max/9
[1;94m[*] [0mFuzzing test case #781 (1428 total, 0 uniq crashes found)...[0m
scheduled max input!!!!
schedule: 14 level21_2/ijon_max/14
[1;94m[*] [0mFuzzing test case #782 (1428 total, 0 uniq crashes found)...[0m
scheduled max input!!!!
schedule: 1 level21_2/ijon_max/1
[1;94m[*] [0mFuzzing test case #783 (1428 total, 0 uniq crashes found)...[0m
scheduled max input!!!!
schedule: 5 level21_2/ijon_max/5
[1;94m[*] [0mFuzzing test case #784 (1428 total, 0 uniq crashes found)...[0m
scheduled max input!!!!
schedule: 8 level21_2/ijon_max/8
[1;94m[*] [0mFuzzing test case #785 (1428 total, 0 uniq crashes found)...[0m
scheduled max input!!!!
schedule: 5 level21_2/ijon_max/5
updated maxmap 5: 570 (len: 659)
[1;94m[*] [0mFuzzing test case #786 (1428 total, 0 uniq crashes found)...[0m
scheduled max input!!!!
schedule: 0 level21_2/ijon_max/0
updated maxmap 0: 533 (len: 657)
[1;94m[*] [0mFuzzing test case #787 (1428 total, 0 uniq crashes found)...[0m
[1;94m[*] [0mFuzzing test case #788 (1428 total, 0 uniq crashes found)...[0m
scheduled max input!!!!
schedule: 10 level21_2/ijon_max/10
[1;94m[*] [0mFuzzing test case #789 (1428 total, 0 uniq crashes found)...[0m
scheduled max input!!!!
schedule: 5 level21_2/ijon_max/5
updated maxmap 6: 57a (len: 663)
updated maxmap 5: 571 (len: 660)
[1;94m[*] [0mFuzzing test case #790 (1429 total, 0 uniq crashes found)...[0m
[1;94m[*] [0mFuzzing test case #791 (1429 total, 0 uniq crashes found)...[0m
[1;94m[*] [0mFuzzing test case #792 (1429 total, 0 uniq crashes found)...[0m
[1;94m[*] [0mFuzzing test case #793 (1429 total, 0 uniq crashes found)...[0m
[1;94m[*] [0mFuzzing test case #794 (1429 total, 0 uniq crashes found)...[0m
[1;94m[*] [0mFuzzing test case #795 (1429 total, 0 uniq crashes found)...[0m
scheduled max input!!!!
schedule: 8 level21_2/ijon_max/8
[1;94m[*] [0mFuzzing test case #796 (1429 total, 0 uniq crashes found)...[0m
scheduled max input!!!!
schedule: 15 level21_2/ijon_max/15
[1;94m[*] [0mFuzzing test case #797 (1429 total, 0 uniq crashes found)...[0m
scheduled max input!!!!
schedule: 5 level21_2/ijon_max/5
[1;94m[*] [0mFuzzing test case #798 (1429 total, 0 uniq crashes found)...[0m
scheduled max input!!!!
schedule: 10 level21_2/ijon_max/10
[1;94m[*] [0mFuzzing test case #799 (1429 total, 0 uniq crashes found)...[0m
scheduled max input!!!!
schedule: 1 level21_2/ijon_max/1
[1;94m[*] [0mFuzzing test case #800 (1429 total, 0 uniq crashes found)...[0m
scheduled max input!!!!
schedule: 8 level21_2/ijon_max/8
[1;94m[*] [0mFuzzing test case #801 (1429 total, 0 uniq crashes found)...[0m
scheduled max input!!!!
schedule: 13 level21_2/ijon_max/13
[1;94m[*] [0mFuzzing test case #802 (1429 total, 0 uniq crashes found)...[0m
scheduled max input!!!!
schedule: 12 level21_2/ijon_max/12
[1;94m[*] [0mFuzzing test case #803 (1429 total, 0 uniq crashes found)...[0m
[1;94m[*] [0mFuzzing test case #804 (1429 total, 0 uniq crashes found)...[0m
scheduled max input!!!!
schedule: 11 level21_2/ijon_max/11
[1;94m[*] [0mFuzzing test case #805 (1429 total, 0 uniq crashes found)...[0m
scheduled max input!!!!
schedule: 12 level21_2/ijon_max/12
[1;94m[*] [0mFuzzing test case #806 (1429 total, 0 uniq crashes found)...[0m
scheduled max input!!!!
schedule: 8 level21_2/ijon_max/8
[1;94m[*] [0mFuzzing test case #807 (1430 total, 0 uniq crashes found)...[0m
scheduled max input!!!!
schedule: 2 level21_2/ijon_max/2
[1;94m[*] [0mFuzzing test case #808 (1430 total, 0 uniq crashes found)...[0m
scheduled max input!!!!
schedule: 13 level21_2/ijon_max/13
[1;94m[*] [0mFuzzing test case #809 (1430 total, 0 uniq crashes found)...[0m
scheduled max input!!!!
schedule: 10 level21_2/ijon_max/10
[1;94m[*] [0mFuzzing test case #810 (1430 total, 0 uniq crashes found)...[0m
[1;94m[*] [0mFuzzing test case #811 (1430 total, 0 uniq crashes found)...[0m
scheduled max input!!!!
schedule: 11 level21_2/ijon_max/11
[1;94m[*] [0mFuzzing test case #812 (1430 total, 0 uniq crashes found)...[0m
scheduled max input!!!!
schedule: 7 level21_2/ijon_max/7
updated maxmap 10: 52b (len: 670)
updated maxmap 11: 52d (len: 670)
updated maxmap 12: 530 (len: 670)
[1;94m[*] [0mFuzzing test case #813 (1430 total, 0 uniq crashes found)...[0m
[1;94m[*] [0mFuzzing test case #814 (1430 total, 0 uniq crashes found)...[0m
scheduled max input!!!!
schedule: 4 level21_2/ijon_max/4
updated maxmap 5: 576 (len: 664)
updated maxmap 6: 57b (len: 664)
[1;94m[*] [0mFuzzing test case #815 (1430 total, 0 uniq crashes found)...[0m
scheduled max input!!!!
schedule: 4 level21_2/ijon_max/4
updated maxmap 4: 57e (len: 665)
[1;94m[*] [0mFuzzing test case #816 (1430 total, 0 uniq crashes found)...[0m
scheduled max input!!!!
schedule: 11 level21_2/ijon_max/11
[1;94m[*] [0mFuzzing test case #817 (1430 total, 0 uniq crashes found)...[0m
scheduled max input!!!!
schedule: 10 level21_2/ijon_max/10
[1;94m[*] [0mFuzzing test case #818 (1431 total, 0 uniq crashes found)...[0m
scheduled max input!!!!
schedule: 3 level21_2/ijon_max/3
updated maxmap 5: 586 (len: 668)
updated maxmap 3: 585 (len: 668)
updated maxmap 0: 546 (len: 684)
updated maxmap 8: 530 (len: 684)
updated maxmap 9: 531 (len: 684)
updated maxmap 10: 533 (len: 684)
updated maxmap 11: 536 (len: 684)
updated maxmap 12: 538 (len: 684)
updated maxmap 13: 53b (len: 684)
updated maxmap 14: 53f (len: 684)
updated maxmap 15: 545 (len: 684)
updated maxmap 2: 566 (len: 668)
updated maxmap 4: 57f (len: 668)
[1;94m[*] [0mFuzzing test case #819 (1432 total, 0 uniq crashes found)...[0m
scheduled max input!!!!
schedule: 14 level21_2/ijon_max/14
updated maxmap 2: 582 (len: 684)
updated maxmap 3: 591 (len: 684)
updated maxmap 4: 59b (len: 684)
updated maxmap 5: 59e (len: 684)
updated maxmap 2: 584 (len: 684)
updated maxmap 3: 593 (len: 684)
updated maxmap 4: 59d (len: 684)
updated maxmap 5: 5a0 (len: 684)
updated maxmap 8: 57f (len: 684)
updated maxmap 9: 589 (len: 684)
updated maxmap 10: 593 (len: 684)
updated maxmap 11: 59d (len: 684)
updated maxmap 12: 5a7 (len: 684)
updated maxmap 8: 581 (len: 684)
updated maxmap 9: 58b (len: 684)
updated maxmap 10: 595 (len: 684)
updated maxmap 11: 59f (len: 684)
updated maxmap 2: 585 (len: 684)
updated maxmap 3: 594 (len: 684)
updated maxmap 4: 59e (len: 684)
updated maxmap 0: 547 (len: 684)
updated maxmap 13: 53c (len: 684)
updated maxmap 14: 540 (len: 684)
updated maxmap 5: 5a1 (len: 684)
updated maxmap 8: 582 (len: 684)
updated maxmap 9: 58c (len: 684)
updated maxmap 10: 596 (len: 684)
updated maxmap 11: 5a0 (len: 684)
updated maxmap 12: 5aa (len: 684)
updated maxmap 0: 54a (len: 684)
updated maxmap 13: 53e (len: 684)
updated maxmap 14: 542 (len: 684)
updated maxmap 15: 548 (len: 684)
updated maxmap 2: 586 (len: 684)
updated maxmap 3: 595 (len: 684)
updated maxmap 4: 59f (len: 684)
updated maxmap 0: 54b (len: 684)
updated maxmap 14: 543 (len: 684)
updated maxmap 15: 549 (len: 684)
updated maxmap 0: 54c (len: 684)
updated maxmap 13: 53f (len: 684)
updated maxmap 14: 545 (len: 684)
updated maxmap 15: 54b (len: 684)
updated maxmap 0: 551 (len: 684)
updated maxmap 13: 544 (len: 684)
updated maxmap 14: 549 (len: 684)
updated maxmap 15: 54f (len: 684)
updated maxmap 8: 583 (len: 690)
updated maxmap 9: 58d (len: 690)
updated maxmap 10: 597 (len: 690)
updated maxmap 11: 5a1 (len: 690)
updated maxmap 12: 5ab (len: 690)
updated maxmap 13: 5ae (len: 690)
updated maxmap 5: 5a2 (len: 684)
updated maxmap 6: 58b (len: 684)
updated maxmap 7: 595 (len: 684)
updated maxmap 8: 59f (len: 684)
updated maxmap 9: 5a2 (len: 684)
updated maxmap 10: 599 (len: 690)
updated maxmap 11: 5a3 (len: 690)
updated maxmap 12: 5ad (len: 690)
updated maxmap 13: 5af (len: 690)
updated maxmap 0: 552 (len: 684)
updated maxmap 14: 54b (len: 684)
updated maxmap 15: 551 (len: 684)
updated maxmap 10: 59c (len: 690)
updated maxmap 11: 5a6 (len: 690)
updated maxmap 12: 5b0 (len: 690)
updated maxmap 13: 5b3 (len: 690)
updated maxmap 6: 5aa (len: 691)
updated maxmap 7: 5b1 (len: 691)
updated maxmap 0: 554 (len: 684)
updated maxmap 14: 54d (len: 684)
updated maxmap 15: 553 (len: 684)
updated maxmap 8: 5b2 (len: 692)
updated maxmap 9: 5b4 (len: 692)
[1;94m[*] [0mFuzzing test case #820 (1443 total, 0 uniq crashes found)...[0m
scheduled max input!!!!
schedule: 3 level21_2/ijon_max/3
[1;94m[*] [0mFuzzing test case #821 (1444 total, 0 uniq crashes found)...[0m
[1;94m[*] [0mFuzzing test case #822 (1444 total, 0 uniq crashes found)...[0m
scheduled max input!!!!
schedule: 8 level21_2/ijon_max/8
updated maxmap 9: 5ba (len: 700)
updated maxmap 10: 5c4 (len: 700)
updated maxmap 11: 5c7 (len: 700)
updated maxmap 12: 5bb (len: 696)
updated maxmap 13: 5be (len: 696)
updated maxmap 8: 5b4 (len: 692)
updated maxmap 9: 5be (len: 700)
updated maxmap 10: 5c8 (len: 700)
updated maxmap 11: 5ca (len: 700)
minimized maxmap 9: 5be (len: 699)
minimized maxmap 10: 5c8 (len: 699)
updated maxmap 12: 5be (len: 696)
updated maxmap 13: 5c1 (len: 699)
updated maxmap 5: 5bb (len: 697)
updated maxmap 6: 5b9 (len: 697)
updated maxmap 7: 5b3 (len: 697)
minimized maxmap 9: 5be (len: 698)
minimized maxmap 9: 5be (len: 696)
[1;94m[*] [0mFuzzing test case #823 (1454 total, 0 uniq crashes found)...[0m
scheduled max input!!!!
schedule: 10 level21_2/ijon_max/10
updated maxmap 11: 5d2 (len: 707)
updated maxmap 12: 5dc (len: 707)
updated maxmap 14: 5bf (len: 699)
updated maxmap 15: 5c6 (len: 699)
minimized maxmap 11: 5d2 (len: 704)
updated maxmap 13: 5c6 (len: 699)
minimized maxmap 11: 5d2 (len: 703)
updated maxmap 14: 5c7 (len: 704)
updated maxmap 15: 5cf (len: 704)
updated maxmap 13: 5c8 (len: 699)
updated maxmap 14: 5ce (len: 705)
updated maxmap 15: 5d5 (len: 705)
updated maxmap 8: 5b5 (len: 701)
updated maxmap 9: 5bf (len: 701)
updated maxmap 10: 5c9 (len: 701)
minimized maxmap 8: 5b5 (len: 699)
minimized maxmap 9: 5bf (len: 699)
updated maxmap 13: 5ca (len: 707)
updated maxmap 14: 5d4 (len: 707)
updated maxmap 15: 5d7 (len: 707)
updated maxmap 8: 5b6 (len: 699)
updated maxmap 9: 5c0 (len: 699)
[1;94m[*] [0mFuzzing test case #824 (1464 total, 0 uniq crashes found)...[0m
scheduled max input!!!!
schedule: 5 level21_2/ijon_max/5
updated maxmap 5: 5be (len: 697)
updated maxmap 6: 5bd (len: 697)
updated maxmap 7: 5b7 (len: 697)
updated maxmap 5: 5bf (len: 697)
updated maxmap 5: 5c7 (len: 697)
updated maxmap 5: 5c8 (len: 697)
[1;94m[*] [0mFuzzing test case #825 (1464 total, 0 uniq crashes found)...[0m
scheduled max input!!!!
schedule: 12 level21_2/ijon_max/12
updated maxmap 13: 5e1 (len: 709)
updated maxmap 14: 5d5 (len: 707)
updated maxmap 15: 5dc (len: 707)
updated maxmap 14: 5db (len: 707)
[1;94m[*] [0mFuzzing test case #826 (1465 total, 0 uniq crashes found)...[0m
[1;94m[*] [0mFuzzing test case #827 (1465 total, 0 uniq crashes found)...[0m
scheduled max input!!!!
schedule: 12 level21_2/ijon_max/12
updated maxmap 14: 5dc (len: 707)
[1;94m[*] [0mFuzzing test case #828 (1465 total, 0 uniq crashes found)...[0m
scheduled max input!!!!
schedule: 13 level21_2/ijon_max/13
[1;94m[*] [0mFuzzing test case #829 (1465 total, 0 uniq crashes found)...[0m
scheduled max input!!!!
schedule: 8 level21_2/ijon_max/8
[1;94m[*] [0mFuzzing test case #830 (1466 total, 0 uniq crashes found)...[0m
[1;94m[*] [0mFuzzing test case #831 (1466 total, 0 uniq crashes found)...[0m
scheduled max input!!!!
schedule: 0 level21_2/ijon_max/0
[1;94m[*] [0mFuzzing test case #832 (1466 total, 0 uniq crashes found)...[0m
scheduled max input!!!!
schedule: 3 level21_2/ijon_max/3
[1;94m[*] [0mFuzzing test case #833 (1466 total, 0 uniq crashes found)...[0m
scheduled max input!!!!
schedule: 14 level21_2/ijon_max/14
updated maxmap 0: 5cc (len: 707)
updated maxmap 14: 5df (len: 707)
[1;94m[*] [0mFuzzing test case #834 (1466 total, 0 uniq crashes found)...[0m
scheduled max input!!!!
schedule: 13 level21_2/ijon_max/13
[1;94m[*] [0mFuzzing test case #835 (1466 total, 0 uniq crashes found)...[0m
[1;94m[*] [0mFuzzing test case #836 (1466 total, 0 uniq crashes found)...[0m
scheduled max input!!!!
schedule: 0 level21_2/ijon_max/0
updated maxmap 0: 5cd (len: 707)
updated maxmap 0: 5ce (len: 707)
updated maxmap 0: 5d2 (len: 710)
minimized maxmap 0: 5d2 (len: 707)
[1;94m[*] [0mFuzzing test case #837 (1466 total, 0 uniq crashes found)...[0m
scheduled max input!!!!
schedule: 0 level21_2/ijon_max/0
[1;94m[*] [0mFuzzing test case #838 (1466 total, 0 uniq crashes found)...[0m
scheduled max input!!!!
schedule: 0 level21_2/ijon_max/0
updated maxmap 0: 5d3 (len: 707)
updated maxmap 0: 5d5 (len: 714)
updated maxmap 15: 5de (len: 715)
[1;94m[*] [0mFuzzing test case #839 (1468 total, 0 uniq crashes found)...[0m
scheduled max input!!!!
schedule: 3 level21_2/ijon_max/3
[1;94m[*] [0mFuzzing test case #840 (1468 total, 0 uniq crashes found)...[0m
scheduled max input!!!!
schedule: 7 level21_2/ijon_max/7
updated maxmap 6: 5be (len: 697)
updated maxmap 7: 5b8 (len: 697)
[1;94m[*] [0mFuzzing test case #841 (1468 total, 0 uniq crashes found)...[0m
scheduled max input!!!!
schedule: 9 level21_2/ijon_max/9
[1;94m[*] [0mFuzzing test case #842 (1468 total, 0 uniq crashes found)...[0m
scheduled max input!!!!
schedule: 1 level21_2/ijon_max/1
[1;94m[*] [0mFuzzing test case #843 (1468 total, 0 uniq crashes found)...[0m
scheduled max input!!!!
schedule: 2 level21_2/ijon_max/2
updated maxmap 2: 598 (len: 688)
updated maxmap 3: 5a2 (len: 688)
updated maxmap 4: 5ac (len: 688)
minimized maxmap 2: 598 (len: 684)
minimized maxmap 3: 5a2 (len: 684)
[1;94m[*] [0mFuzzing test case #844 (1468 total, 0 uniq crashes found)...[0m
scheduled max input!!!!
schedule: 6 level21_2/ijon_max/6
[1;94m[*] [0mFuzzing test case #845 (1468 total, 0 uniq crashes found)...[0m
scheduled max input!!!!
schedule: 7 level21_2/ijon_max/7
[1;94m[*] [0mFuzzing test case #846 (1468 total, 0 uniq crashes found)...[0m
scheduled max input!!!!
schedule: 11 level21_2/ijon_max/11
[1;94m[*] [0mFuzzing test case #847 (1468 total, 0 uniq crashes found)...[0m
scheduled max input!!!!
schedule: 3 level21_2/ijon_max/3
updated maxmap 2: 599 (len: 684)
updated maxmap 3: 5a3 (len: 684)
[1;94m[*] [0mFuzzing test case #848 (1468 total, 0 uniq crashes found)...[0m
scheduled max input!!!!
schedule: 6 level21_2/ijon_max/6
[1;94m[*] [0mFuzzing test case #849 (1468 total, 0 uniq crashes found)...[0m
scheduled max input!!!!
schedule: 3 level21_2/ijon_max/3
[1;94m[*] [0mFuzzing test case #850 (1468 total, 0 uniq crashes found)...[0m
scheduled max input!!!!
schedule: 12 level21_2/ijon_max/12
updated maxmap 13: 5e3 (len: 714)
updated maxmap 14: 5eb (len: 714)
[1;94m[*] [0mFuzzing test case #851 (1469 total, 0 uniq crashes found)...[0m
scheduled max input!!!!
schedule: 8 level21_2/ijon_max/8
[1;94m[*] [0mFuzzing test case #852 (1469 total, 0 uniq crashes found)...[0m
scheduled max input!!!!
schedule: 12 level21_2/ijon_max/12
updated maxmap 0: 5e3 (len: 713)
updated maxmap 15: 5e1 (len: 713)
[1;94m[*] [0mFuzzing test case #853 (1469 total, 0 uniq crashes found)...[0m
[1;94m[*] [0mFuzzing test case #854 (1469 total, 0 uniq crashes found)...[0m
scheduled max input!!!!
schedule: 13 level21_2/ijon_max/13
updated maxmap 13: 5e4 (len: 714)
updated maxmap 14: 5ec (len: 714)
updated maxmap 15: 5f0 (len: 716)
updated maxmap 15: 5f2 (len: 718)
updated maxmap 13: 5e6 (len: 714)
updated maxmap 14: 5ed (len: 714)
updated maxmap 14: 5ee (len: 714)
updated maxmap 0: 5ed (len: 714)
updated maxmap 14: 5f0 (len: 719)
updated maxmap 15: 5fa (len: 719)
updated maxmap 0: 5fb (len: 722)
minimized maxmap 0: 5fb (len: 720)
minimized maxmap 14: 5f0 (len: 717)
[1;94m[*] [0mFuzzing test case #855 (1476 total, 0 uniq crashes found)...[0m
scheduled max input!!!!
schedule: 4 level21_2/ijon_max/4
[1;94m[*] [0mFuzzing test case #856 (1476 total, 0 uniq crashes found)...[0m
scheduled max input!!!!
schedule: 2 level21_2/ijon_max/2
[1;94m[*] [0mFuzzing test case #857 (1477 total, 0 uniq crashes found)...[0m
[1;94m[*] [0mFuzzing test case #858 (1477 total, 0 uniq crashes found)...[0m
scheduled max input!!!!
schedule: 13 level21_2/ijon_max/13
[1;94m[*] [0mFuzzing test case #859 (1477 total, 0 uniq crashes found)...[0m
scheduled max input!!!!
schedule: 4 level21_2/ijon_max/4
[1;94m[*] [0mFuzzing test case #860 (1477 total, 0 uniq crashes found)...[0m
scheduled max input!!!!
schedule: 15 level21_2/ijon_max/15
updated maxmap 0: 5fc (len: 723)
[1;94m[*] [0mFuzzing test case #861 (1479 total, 0 uniq crashes found)...[0m
scheduled max input!!!!
schedule: 5 level21_2/ijon_max/5
updated maxmap 5: 5c9 (len: 697)
[1;94m[*] [0mFuzzing test case #862 (1479 total, 0 uniq crashes found)...[0m
scheduled max input!!!!
schedule: 3 level21_2/ijon_max/3
[1;94m[*] [0mFuzzing test case #863 (1479 total, 0 uniq crashes found)...[0m
scheduled max input!!!!
schedule: 4 level21_2/ijon_max/4
updated maxmap 4: 5ad (len: 688)
updated maxmap 1: 58f (len: 688)
updated maxmap 2: 5a0 (len: 688)
updated maxmap 3: 5aa (len: 688)
[1;94m[*] [0mFuzzing test case #864 (1479 total, 0 uniq crashes found)...[0m
scheduled max input!!!!
schedule: 11 level21_2/ijon_max/11
minimized maxmap 13: 5e6 (len: 711)
[1;94m[*] [0mFuzzing test case #865 (1479 total, 0 uniq crashes found)...[0m
scheduled max input!!!!
schedule: 15 level21_2/ijon_max/15
updated maxmap 5: 5e7 (len: 727)
updated maxmap 6: 5f1 (len: 727)
updated maxmap 7: 5fa (len: 727)
updated maxmap 8: 604 (len: 727)
updated maxmap 9: 609 (len: 727)
updated maxmap 10: 603 (len: 727)
[1;94m[*] [0mFuzzing test case #866 (1480 total, 0 uniq crashes found)...[0m
[1;94m[*] [0mFuzzing test case #867 (1480 total, 0 uniq crashes found)...[0m
scheduled max input!!!!
schedule: 2 level21_2/ijon_max/2
[1;94m[*] [0mFuzzing test case #868 (1480 total, 0 uniq crashes found)...[0m
scheduled max input!!!!
schedule: 3 level21_2/ijon_max/3
[1;94m[*] [0mFuzzing test case #869 (1480 total, 0 uniq crashes found)...[0m
scheduled max input!!!!
schedule: 9 level21_2/ijon_max/9
updated maxmap 5: 5e8 (len: 727)
updated maxmap 6: 5f2 (len: 727)
updated maxmap 7: 5fb (len: 727)
updated maxmap 8: 605 (len: 727)
updated maxmap 9: 60a (len: 727)
updated maxmap 9: 60d (len: 731)
updated maxmap 10: 60d (len: 731)
updated maxmap 5: 5e9 (len: 733)
updated maxmap 6: 5f3 (len: 733)
updated maxmap 7: 5fc (len: 733)
updated maxmap 8: 606 (len: 733)
minimized maxmap 5: 5e9 (len: 727)
minimized maxmap 6: 5f3 (len: 727)
minimized maxmap 7: 5fc (len: 727)
minimized maxmap 8: 606 (len: 727)
updated maxmap 5: 5ef (len: 727)
updated maxmap 6: 5f9 (len: 727)
updated maxmap 7: 602 (len: 727)
updated maxmap 8: 611 (len: 727)
updated maxmap 9: 60f (len: 727)
updated maxmap 5: 5f0 (len: 727)
updated maxmap 6: 5fa (len: 727)
updated maxmap 7: 603 (len: 727)
updated maxmap 8: 612 (len: 727)
updated maxmap 4: 5ae (len: 727)
updated maxmap 9: 611 (len: 728)
minimized maxmap 9: 611 (len: 727)
updated maxmap 1: 590 (len: 735)
updated maxmap 4: 5b0 (len: 735)
updated maxmap 5: 5f3 (len: 735)
updated maxmap 6: 5fc (len: 735)
updated maxmap 7: 606 (len: 735)
updated maxmap 9: 614 (len: 735)
minimized maxmap 1: 590 (len: 727)
minimized maxmap 4: 5b0 (len: 727)
minimized maxmap 5: 5f3 (len: 727)
minimized maxmap 6: 5fc (len: 727)
updated maxmap 2: 601 (len: 727)
updated maxmap 3: 5f6 (len: 727)
updated maxmap 4: 5e7 (len: 727)
updated maxmap 1: 591 (len: 727)
updated maxmap 5: 5f4 (len: 727)
updated maxmap 6: 5fd (len: 727)
updated maxmap 5: 5f5 (len: 727)
updated maxmap 6: 5fe (len: 727)
minimized maxmap 7: 606 (len: 729)
updated maxmap 1: 595 (len: 727)
updated maxmap 7: 608 (len: 729)
updated maxmap 5: 5f7 (len: 727)
updated maxmap 6: 600 (len: 727)
updated maxmap 1: 59b (len: 731)
updated maxmap 5: 5fc (len: 731)
updated maxmap 6: 606 (len: 731)
updated maxmap 7: 60b (len: 731)
updated maxmap 1: 59c (len: 735)
updated maxmap 5: 600 (len: 735)
updated maxmap 6: 60a (len: 735)
updated maxmap 7: 614 (len: 735)
updated maxmap 8: 616 (len: 735)
updated maxmap 9: 615 (len: 734)
[1;94m[*] [0mFuzzing test case #870 (1492 total, 0 uniq crashes found)...[0m
scheduled max input!!!!
schedule: 10 level21_2/ijon_max/10
[1;94m[*] [0mFuzzing test case #871 (1492 total, 0 uniq crashes found)...[0m
[1;94m[*] [0mFuzzing test case #872 (1492 total, 0 uniq crashes found)...[0m
scheduled max input!!!!
schedule: 9 level21_2/ijon_max/9
updated maxmap 7: 621 (len: 741)
updated maxmap 8: 61f (len: 741)
updated maxmap 9: 61a (len: 741)
[1;94m[*] [0mFuzzing test case #873 (1493 total, 0 uniq crashes found)...[0m
scheduled max input!!!!
schedule: 2 level21_2/ijon_max/2
updated maxmap 2: 602 (len: 727)
updated maxmap 3: 5f7 (len: 727)
updated maxmap 4: 5e8 (len: 727)
updated maxmap 2: 603 (len: 727)
updated maxmap 3: 5f8 (len: 727)
updated maxmap 4: 5e9 (len: 727)
updated maxmap 2: 604 (len: 727)
[1;94m[*] [0mFuzzing test case #874 (1494 total, 0 uniq crashes found)...[0m
scheduled max input!!!!
schedule: 8 level21_2/ijon_max/8
updated maxmap 7: 626 (len: 741)
updated maxmap 8: 621 (len: 741)
updated maxmap 11: 60d (len: 741)
updated maxmap 12: 60e (len: 741)
[1;94m[*] [0mFuzzing test case #875 (1494 total, 0 uniq crashes found)...[0m
scheduled max input!!!!
schedule: 10 level21_2/ijon_max/10
[1;94m[*] [0mFuzzing test case #876 (1494 total, 0 uniq crashes found)...[0m
[1;94m[*] [0mFuzzing test case #877 (1494 total, 0 uniq crashes found)...[0m
[1;94m[*] [0mFuzzing test case #878 (1494 total, 0 uniq crashes found)...[0m
scheduled max input!!!!
schedule: 11 level21_2/ijon_max/11
updated maxmap 10: 60e (len: 741)
updated maxmap 11: 60e (len: 741)
updated maxmap 12: 60f (len: 741)
[1;94m[*] [0mFuzzing test case #879 (1494 total, 0 uniq crashes found)...[0m
[1;94m[*] [0mFuzzing test case #880 (1494 total, 0 uniq crashes found)...[0m
[1;94m[*] [0mFuzzing test case #881 (1494 total, 0 uniq crashes found)...[0m
scheduled max input!!!!
schedule: 6 level21_2/ijon_max/6
updated maxmap 1: 59d (len: 735)
[1;94m[*] [0mFuzzing test case #882 (1494 total, 0 uniq crashes found)...[0m
scheduled max input!!!!
schedule: 10 level21_2/ijon_max/10
updated maxmap 13: 611 (len: 744)
updated maxmap 12: 610 (len: 741)
updated maxmap 10: 611 (len: 741)
updated maxmap 11: 61b (len: 741)
updated maxmap 12: 625 (len: 741)
updated maxmap 7: 62b (len: 745)
updated maxmap 8: 626 (len: 745)
updated maxmap 9: 620 (len: 745)
updated maxmap 13: 62f (len: 749)
updated maxmap 14: 639 (len: 749)
minimized maxmap 13: 62f (len: 746)
[1;94m[*] [0mFuzzing test case #883 (1502 total, 0 uniq crashes found)...[0m
scheduled max input!!!!
schedule: 14 level21_2/ijon_max/14
[1;94m[*] [0mFuzzing test case #884 (1503 total, 0 uniq crashes found)...[0m
scheduled max input!!!!
schedule: 0 level21_2/ijon_max/0
[1;94m[*] [0mFuzzing test case #885 (1503 total, 0 uniq crashes found)...[0m
[1;94m[*] [0mFuzzing test case #886 (1503 total, 0 uniq crashes found)...[0m
scheduled max input!!!!
schedule: 2 level21_2/ijon_max/2
updated maxmap 3: 5f9 (len: 727)
updated maxmap 4: 5ea (len: 727)
updated maxmap 2: 605 (len: 727)
updated maxmap 3: 5fa (len: 727)
updated maxmap 4: 5eb (len: 727)
updated maxmap 4: 5f1 (len: 727)
updated maxmap 4: 5ff (len: 727)
updated maxmap 5: 604 (len: 727)
[1;94m[*] [0mFuzzing test case #887 (1503 total, 0 uniq crashes found)...[0m
scheduled max input!!!!
schedule: 5 level21_2/ijon_max/5
updated maxmap 4: 600 (len: 727)
updated maxmap 5: 605 (len: 727)
updated maxmap 4: 601 (len: 727)
updated maxmap 5: 606 (len: 727)
[1;94m[*] [0mFuzzing test case #888 (1503 total, 0 uniq crashes found)...[0m
scheduled max input!!!!
schedule: 2 level21_2/ijon_max/2
updated maxmap 2: 606 (len: 727)
[1;94m[*] [0mFuzzing test case #889 (1503 total, 0 uniq crashes found)...[0m
scheduled max input!!!!
schedule: 1 level21_2/ijon_max/1
updated maxmap 1: 59e (len: 735)
updated maxmap 6: 60c (len: 735)
updated maxmap 1: 59f (len: 735)
[1;94m[*] [0mFuzzing test case #890 (1503 total, 0 uniq crashes found)...[0m
scheduled max input!!!!
schedule: 14 level21_2/ijon_max/14
[1;94m[*] [0mFuzzing test case #891 (1503 total, 0 uniq crashes found)...[0m
scheduled max input!!!!
schedule: 3 level21_2/ijon_max/3
updated maxmap 3: 602 (len: 727)
updated maxmap 3: 603 (len: 727)
updated maxmap 3: 604 (len: 727)
updated maxmap 3: 605 (len: 727)
[1;94m[*] [0mFuzzing test case #892 (1503 total, 0 uniq crashes found)...[0m
scheduled max input!!!!
schedule: 14 level21_2/ijon_max/14
[1;94m[*] [0mFuzzing test case #893 (1503 total, 0 uniq crashes found)...[0m
[1;94m[*] [0mFuzzing test case #894 (1503 total, 0 uniq crashes found)...[0m
scheduled max input!!!!
schedule: 0 level21_2/ijon_max/0
[1;94m[*] [0mFuzzing test case #895 (1503 total, 0 uniq crashes found)...[0m
[1;94m[*] [0mFuzzing test case #896 (1503 total, 0 uniq crashes found)...[0m
scheduled max input!!!!
schedule: 6 level21_2/ijon_max/6
[1;94m[*] [0mFuzzing test case #897 (1503 total, 0 uniq crashes found)...[0m
scheduled max input!!!!
schedule: 14 level21_2/ijon_max/14
[1;94m[*] [0mFuzzing test case #898 (1503 total, 0 uniq crashes found)...[0m
scheduled max input!!!!
schedule: 10 level21_2/ijon_max/10
[1;94m[*] [0mFuzzing test case #899 (1503 total, 0 uniq crashes found)...[0m
scheduled max input!!!!
schedule: 7 level21_2/ijon_max/7
updated maxmap 7: 631 (len: 745)
updated maxmap 8: 62c (len: 745)
updated maxmap 9: 625 (len: 745)
updated maxmap 7: 632 (len: 745)
updated maxmap 8: 62d (len: 745)
updated maxmap 9: 626 (len: 745)
[1;94m[*] [0mFuzzing test case #900 (1503 total, 0 uniq crashes found)...[0m
[1;94m[*] [0mFuzzing test case #901 (1503 total, 0 uniq crashes found)...[0m
[1;94m[*] [0mFuzzing test case #902 (1503 total, 0 uniq crashes found)...[0m
scheduled max input!!!!
schedule: 1 level21_2/ijon_max/1
[1;94m[*] [0mFuzzing test case #903 (1503 total, 0 uniq crashes found)...[0m
scheduled max input!!!!
schedule: 6 level21_2/ijon_max/6
updated maxmap 1: 5a2 (len: 735)
updated maxmap 6: 60f (len: 735)
updated maxmap 1: 5a9 (len: 735)
updated maxmap 6: 610 (len: 735)
[1;94m[*] [0mFuzzing test case #904 (1504 total, 0 uniq crashes found)...[0m
scheduled max input!!!!
schedule: 14 level21_2/ijon_max/14
[1;94m[*] [0mFuzzing test case #905 (1504 total, 0 uniq crashes found)...[0m
scheduled max input!!!!
schedule: 8 level21_2/ijon_max/8
updated maxmap 6: 63f (len: 750)
[1;94m[*] [0mFuzzing test case #906 (1505 total, 0 uniq crashes found)...[0m
[1;94m[*] [0mFuzzing test case #907 (1505 total, 0 uniq crashes found)...[0m
[1;94m[*] [0mFuzzing test case #908 (1505 total, 0 uniq crashes found)...[0m
scheduled max input!!!!
schedule: 4 level21_2/ijon_max/4
[1;94m[*] [0mFuzzing test case #909 (1505 total, 0 uniq crashes found)...[0m
scheduled max input!!!!
schedule: 15 level21_2/ijon_max/15
[1;94m[*] [0mFuzzing test case #910 (1505 total, 0 uniq crashes found)...[0m
[1;94m[*] [0mFuzzing test case #911 (1505 total, 0 uniq crashes found)...[0m
scheduled max input!!!!
schedule: 14 level21_2/ijon_max/14
[1;94m[*] [0mFuzzing test case #912 (1505 total, 0 uniq crashes found)...[0m
scheduled max input!!!!
schedule: 1 level21_2/ijon_max/1
updated maxmap 1: 5aa (len: 735)
[1;94m[*] [0mFuzzing test case #913 (1505 total, 0 uniq crashes found)...[0m
scheduled max input!!!!
schedule: 7 level21_2/ijon_max/7
updated maxmap 8: 62e (len: 746)
updated maxmap 9: 627 (len: 746)
[1;94m[*] [0mFuzzing test case #914 (1505 total, 0 uniq crashes found)...[0m
scheduled max input!!!!
schedule: 7 level21_2/ijon_max/7
[1;94m[*] [0mFuzzing test case #915 (1505 total, 0 uniq crashes found)...[0m
scheduled max input!!!!
schedule: 9 level21_2/ijon_max/9
[1;94m[*] [0mFuzzing test case #916 (1505 total, 0 uniq crashes found)...[0m
[1;94m[*] [0mFuzzing test case #917 (1505 total, 0 uniq crashes found)...[0m
scheduled max input!!!!
schedule: 8 level21_2/ijon_max/8
updated maxmap 6: 640 (len: 754)
updated maxmap 7: 636 (len: 746)
updated maxmap 8: 631 (len: 746)
updated maxmap 9: 62a (len: 746)
[1;94m[*] [0mFuzzing test case #918 (1505 total, 0 uniq crashes found)...[0m
scheduled max input!!!!
schedule: 9 level21_2/ijon_max/9
[1;94m[*] [0mFuzzing test case #919 (1505 total, 0 uniq crashes found)...[0m
scheduled max input!!!!
schedule: 12 level21_2/ijon_max/12
[1;94m[*] [0mFuzzing test case #920 (1505 total, 0 uniq crashes found)...[0m
scheduled max input!!!!
schedule: 11 level21_2/ijon_max/11
[1;94m[*] [0mFuzzing test case #921 (1506 total, 0 uniq crashes found)...[0m
scheduled max input!!!!
schedule: 13 level21_2/ijon_max/13
[1;94m[*] [0mFuzzing test case #922 (1506 total, 0 uniq crashes found)...[0m
scheduled max input!!!!
schedule: 11 level21_2/ijon_max/11
[1;94m[*] [0mFuzzing test case #923 (1506 total, 0 uniq crashes found)...[0m
scheduled max input!!!!
schedule: 1 level21_2/ijon_max/1
[1;94m[*] [0mFuzzing test case #924 (1506 total, 0 uniq crashes found)...[0m
scheduled max input!!!!
schedule: 14 level21_2/ijon_max/14
updated maxmap 15: 641 (len: 752)
[1;94m[*] [0mFuzzing test case #925 (1506 total, 0 uniq crashes found)...[0m
[1;94m[*] [0mFuzzing test case #926 (1506 total, 0 uniq crashes found)...[0m
scheduled max input!!!!
schedule: 5 level21_2/ijon_max/5
[1;94m[*] [0mFuzzing test case #927 (1506 total, 0 uniq crashes found)...[0m
scheduled max input!!!!
schedule: 11 level21_2/ijon_max/11
[1;94m[*] [0mFuzzing test case #928 (1506 total, 0 uniq crashes found)...[0m
scheduled max input!!!!
schedule: 5 level21_2/ijon_max/5
[1;94m[*] [0mFuzzing test case #929 (1506 total, 0 uniq crashes found)...[0m
[1;94m[*] [0mFuzzing test case #930 (1506 total, 0 uniq crashes found)...[0m
[1;94m[*] [0mFuzzing test case #931 (1506 total, 0 uniq crashes found)...[0m
scheduled max input!!!!
schedule: 7 level21_2/ijon_max/7
updated maxmap 7: 637 (len: 746)
updated maxmap 8: 632 (len: 746)
updated maxmap 9: 62b (len: 746)
[1;94m[*] [0mFuzzing test case #932 (1506 total, 0 uniq crashes found)...[0m
scheduled max input!!!!
schedule: 10 level21_2/ijon_max/10
[1;94m[*] [0mFuzzing test case #933 (1506 total, 0 uniq crashes found)...[0m
[1;94m[*] [0mFuzzing test case #934 (1506 total, 0 uniq crashes found)...[0m
scheduled max input!!!!
schedule: 10 level21_2/ijon_max/10
[1;94m[*] [0mFuzzing test case #935 (1506 total, 0 uniq crashes found)...[0m
scheduled max input!!!!
schedule: 2 level21_2/ijon_max/2
[1;94m[*] [0mFuzzing test case #936 (1506 total, 0 uniq crashes found)...[0m
scheduled max input!!!!
schedule: 14 level21_2/ijon_max/14
[1;94m[*] [0mFuzzing test case #937 (1506 total, 0 uniq crashes found)...[0m
scheduled max input!!!!
schedule: 2 level21_2/ijon_max/2
[1;94m[*] [0mFuzzing test case #938 (1506 total, 0 uniq crashes found)...[0m
scheduled max input!!!!
schedule: 10 level21_2/ijon_max/10
[1;94m[*] [0mFuzzing test case #939 (1506 total, 0 uniq crashes found)...[0m
scheduled max input!!!!
schedule: 0 level21_2/ijon_max/0
[1;94m[*] [0mFuzzing test case #940 (1506 total, 0 uniq crashes found)...[0m
scheduled max input!!!!
schedule: 14 level21_2/ijon_max/14
[1;94m[*] [0mFuzzing test case #941 (1506 total, 0 uniq crashes found)...[0m
scheduled max input!!!!
schedule: 9 level21_2/ijon_max/9
updated maxmap 6: 643 (len: 751)
[1;94m[*] [0mFuzzing test case #942 (1506 total, 0 uniq crashes found)...[0m
[1;94m[*] [0mFuzzing test case #943 (1506 total, 0 uniq crashes found)...[0m
[1;94m[*] [0mFuzzing test case #944 (1506 total, 0 uniq crashes found)...[0m
scheduled max input!!!!
schedule: 2 level21_2/ijon_max/2
updated maxmap 3: 606 (len: 727)
[1;94m[*] [0mFuzzing test case #945 (1507 total, 0 uniq crashes found)...[0m
scheduled max input!!!!
schedule: 3 level21_2/ijon_max/3
[1;94m[*] [0mFuzzing test case #946 (1507 total, 0 uniq crashes found)...[0m
scheduled max input!!!!
schedule: 11 level21_2/ijon_max/11
[1;94m[*] [0mFuzzing test case #947 (1507 total, 0 uniq crashes found)...[0m
scheduled max input!!!!
schedule: 5 level21_2/ijon_max/5
[1;94m[*] [0mFuzzing test case #948 (1507 total, 0 uniq crashes found)...[0m
scheduled max input!!!!
schedule: 7 level21_2/ijon_max/7
updated maxmap 8: 633 (len: 746)
updated maxmap 9: 62c (len: 746)
[1;94m[*] [0mFuzzing test case #949 (1507 total, 0 uniq crashes found)...[0m
scheduled max input!!!!
schedule: 15 level21_2/ijon_max/15
[1;94m[*] [0mFuzzing test case #950 (1507 total, 0 uniq crashes found)...[0m
[1;94m[*] [0mFuzzing test case #951 (1507 total, 0 uniq crashes found)...[0m
scheduled max input!!!!
schedule: 15 level21_2/ijon_max/15
[1;94m[*] [0mFuzzing test case #952 (1507 total, 0 uniq crashes found)...[0m
scheduled max input!!!!
schedule: 12 level21_2/ijon_max/12
[1;94m[*] [0mFuzzing test case #953 (1507 total, 0 uniq crashes found)...[0m
scheduled max input!!!!
schedule: 1 level21_2/ijon_max/1
[1;94m[*] [0mFuzzing test case #954 (1507 total, 0 uniq crashes found)...[0m
scheduled max input!!!!
schedule: 2 level21_2/ijon_max/2
[1;94m[*] [0mFuzzing test case #955 (1508 total, 0 uniq crashes found)...[0m
scheduled max input!!!!
schedule: 10 level21_2/ijon_max/10
[1;94m[*] [0mFuzzing test case #956 (1508 total, 0 uniq crashes found)...[0m
scheduled max input!!!!
schedule: 15 level21_2/ijon_max/15
updated maxmap 0: 646 (len: 755)
updated maxmap 15: 643 (len: 755)
[1;94m[*] [0mFuzzing test case #957 (1508 total, 0 uniq crashes found)...[0m
[1;94m[*] [0mFuzzing test case #958 (1508 total, 0 uniq crashes found)...[0m
scheduled max input!!!!
schedule: 14 level21_2/ijon_max/14
[1;94m[*] [0mFuzzing test case #959 (1508 total, 0 uniq crashes found)...[0m
scheduled max input!!!!
schedule: 4 level21_2/ijon_max/4
[1;94m[*] [0mFuzzing test case #960 (1508 total, 0 uniq crashes found)...[0m
[1;94m[*] [0mFuzzing test case #961 (1508 total, 0 uniq crashes found)...[0m
scheduled max input!!!!
schedule: 2 level21_2/ijon_max/2
updated maxmap 2: 608 (len: 727)
updated maxmap 4: 607 (len: 727)
[1;94m[*] [0mFuzzing test case #962 (1508 total, 0 uniq crashes found)...[0m
[1;94m[*] [0mFuzzing test case #963 (1508 total, 0 uniq crashes found)...[0m
scheduled max input!!!!
schedule: 14 level21_2/ijon_max/14
[1;94m[*] [0mFuzzing test case #964 (1508 total, 0 uniq crashes found)...[0m
scheduled max input!!!!
schedule: 15 level21_2/ijon_max/15
[1;94m[*] [0mFuzzing test case #965 (1508 total, 0 uniq crashes found)...[0m
scheduled max input!!!!
schedule: 0 level21_2/ijon_max/0
updated maxmap 7: 64c (len: 759)
updated maxmap 8: 654 (len: 759)
[1;94m[*] [0mFuzzing test case #966 (1510 total, 0 uniq crashes found)...[0m
scheduled max input!!!!
schedule: 11 level21_2/ijon_max/11
[1;94m[*] [0mFuzzing test case #967 (1510 total, 0 uniq crashes found)...[0m
scheduled max input!!!!
schedule: 14 level21_2/ijon_max/14
[1;94m[*] [0mFuzzing test case #968 (1510 total, 0 uniq crashes found)...[0m
scheduled max input!!!!
schedule: 5 level21_2/ijon_max/5
updated maxmap 5: 607 (len: 727)
[1;94m[*] [0mFuzzing test case #969 (1510 total, 0 uniq crashes found)...[0m
scheduled max input!!!!
schedule: 10 level21_2/ijon_max/10
[1;94m[*] [0mFuzzing test case #970 (1510 total, 0 uniq crashes found)...[0m
scheduled max input!!!!
schedule: 10 level21_2/ijon_max/10
[1;94m[*] [0mFuzzing test case #971 (1510 total, 0 uniq crashes found)...[0m
scheduled max input!!!!
schedule: 2 level21_2/ijon_max/2
[1;94m[*] [0mFuzzing test case #972 (1510 total, 0 uniq crashes found)...[0m
scheduled max input!!!!
schedule: 11 level21_2/ijon_max/11
[1;94m[*] [0mFuzzing test case #973 (1510 total, 0 uniq crashes found)...[0m
scheduled max input!!!!
schedule: 12 level21_2/ijon_max/12
[1;94m[*] [0mFuzzing test case #974 (1510 total, 0 uniq crashes found)...[0m
scheduled max input!!!!
schedule: 3 level21_2/ijon_max/3
[1;94m[*] [0mFuzzing test case #975 (1510 total, 0 uniq crashes found)...[0m
scheduled max input!!!!
schedule: 11 level21_2/ijon_max/11
[1;94m[*] [0mFuzzing test case #976 (1510 total, 0 uniq crashes found)...[0m
scheduled max input!!!!
schedule: 14 level21_2/ijon_max/14
[1;94m[*] [0mFuzzing test case #977 (1510 total, 0 uniq crashes found)...[0m
scheduled max input!!!!
schedule: 2 level21_2/ijon_max/2
updated maxmap 5: 60a (len: 728)
[1;94m[*] [0mFuzzing test case #978 (1511 total, 0 uniq crashes found)...[0m
scheduled max input!!!!
schedule: 13 level21_2/ijon_max/13
[1;94m[*] [0mFuzzing test case #979 (1511 total, 0 uniq crashes found)...[0m
scheduled max input!!!!
schedule: 9 level21_2/ijon_max/9
updated maxmap 9: 62d (len: 746)
[1;94m[*] [0mFuzzing test case #980 (1511 total, 0 uniq crashes found)...[0m
scheduled max input!!!!
schedule: 7 level21_2/ijon_max/7
[1;94m[*] [0mFuzzing test case #981 (1511 total, 0 uniq crashes found)...[0m
scheduled max input!!!!
schedule: 10 level21_2/ijon_max/10
[1;94m[*] [0mFuzzing test case #982 (1511 total, 0 uniq crashes found)...[0m
scheduled max input!!!!
schedule: 2 level21_2/ijon_max/2
[1;94m[*] [0mFuzzing test case #983 (1511 total, 0 uniq crashes found)...[0m
scheduled max input!!!!
schedule: 4 level21_2/ijon_max/4
updated maxmap 4: 608 (len: 727)
[1;94m[*] [0mFuzzing test case #984 (1511 total, 0 uniq crashes found)...[0m
scheduled max input!!!!
schedule: 1 level21_2/ijon_max/1
[1;94m[*] [0mFuzzing test case #985 (1511 total, 0 uniq crashes found)...[0m
scheduled max input!!!!
schedule: 4 level21_2/ijon_max/4
[1;94m[*] [0mFuzzing test case #986 (1511 total, 0 uniq crashes found)...[0m
scheduled max input!!!!
schedule: 14 level21_2/ijon_max/14
[1;94m[*] [0mFuzzing test case #987 (1511 total, 0 uniq crashes found)...[0m
[1;94m[*] [0mFuzzing test case #988 (1511 total, 0 uniq crashes found)...[0m
[1;94m[*] [0mFuzzing test case #989 (1511 total, 0 uniq crashes found)...[0m
scheduled max input!!!!
schedule: 11 level21_2/ijon_max/11
[1;94m[*] [0mFuzzing test case #990 (1511 total, 0 uniq crashes found)...[0m
scheduled normal input!!!!
[1;94m[*] [0mFuzzing test case #991 (1511 total, 0 uniq crashes found)...[0m
scheduled max input!!!!
schedule: 9 level21_2/ijon_max/9
[1;94m[*] [0mFuzzing test case #992 (1511 total, 0 uniq crashes found)...[0m
scheduled max input!!!!
schedule: 3 level21_2/ijon_max/3
[1;94m[*] [0mFuzzing test case #993 (1511 total, 0 uniq crashes found)...[0m
scheduled max input!!!!
schedule: 12 level21_2/ijon_max/12
[1;94m[*] [0mFuzzing test case #994 (1511 total, 0 uniq crashes found)...[0m
scheduled max input!!!!
schedule: 0 level21_2/ijon_max/0
[1;94m[*] [0mFuzzing test case #995 (1512 total, 0 uniq crashes found)...[0m
[1;94m[*] [0mFuzzing test case #996 (1512 total, 0 uniq crashes found)...[0m
scheduled max input!!!!
schedule: 14 level21_2/ijon_max/14
[1;94m[*] [0mFuzzing test case #997 (1512 total, 0 uniq crashes found)...[0m
scheduled max input!!!!
schedule: 7 level21_2/ijon_max/7
updated maxmap 8: 656 (len: 767)
updated maxmap 9: 660 (len: 767)
updated maxmap 10: 668 (len: 767)
updated maxmap 7: 64d (len: 759)
[1;94m[*] [0mFuzzing test case #998 (1513 total, 0 uniq crashes found)...[0m
scheduled max input!!!!
schedule: 7 level21_2/ijon_max/7
updated maxmap 6: 644 (len: 759)
updated maxmap 7: 64e (len: 759)
[1;94m[*] [0mFuzzing test case #999 (1513 total, 0 uniq crashes found)...[0m
scheduled max input!!!!
schedule: 5 level21_2/ijon_max/5
updated maxmap 5: 60b (len: 728)
updated maxmap 2: 60b (len: 728)
[1;94m[*] [0mFuzzing test case #1000 (1514 total, 0 uniq crashes found)...[0m
scheduled max input!!!!
schedule: 8 level21_2/ijon_max/8
updated maxmap 9: 664 (len: 767)
[1;94m[*] [0mFuzzing test case #1001 (1514 total, 0 uniq crashes found)...[0m
scheduled max input!!!!
schedule: 11 level21_2/ijon_max/11
[1;94m[*] [0mFuzzing test case #1002 (1514 total, 0 uniq crashes found)...[0m
scheduled max input!!!!
schedule: 5 level21_2/ijon_max/5
[1;94m[*] [0mFuzzing test case #1003 (1514 total, 0 uniq crashes found)...[0m
scheduled max input!!!!
schedule: 8 level21_2/ijon_max/8
updated maxmap 6: 646 (len: 769)
updated maxmap 7: 650 (len: 769)
updated maxmap 8: 65a (len: 769)
updated maxmap 10: 66b (len: 769)
minimized maxmap 6: 646 (len: 767)
minimized maxmap 7: 650 (len: 767)
minimized maxmap 8: 65a (len: 767)
[1;94m[*] [0mFuzzing test case #1004 (1514 total, 0 uniq crashes found)...[0m
scheduled max input!!!!
schedule: 12 level21_2/ijon_max/12
[1;94m[*] [0mFuzzing test case #1005 (1514 total, 0 uniq crashes found)...[0m
scheduled max input!!!!
schedule: 11 level21_2/ijon_max/11
[1;94m[*] [0mFuzzing test case #1006 (1514 total, 0 uniq crashes found)...[0m
scheduled max input!!!!
schedule: 12 level21_2/ijon_max/12
[1;94m[*] [0mFuzzing test case #1007 (1514 total, 0 uniq crashes found)...[0m
scheduled max input!!!!
schedule: 1 level21_2/ijon_max/1
updated maxmap 1: 5ab (len: 735)
[1;94m[*] [0mFuzzing test case #1008 (1514 total, 0 uniq crashes found)...[0m
scheduled max input!!!!
schedule: 4 level21_2/ijon_max/4
updated maxmap 4: 60d (len: 735)
updated maxmap 5: 617 (len: 735)
[1;94m[*] [0mFuzzing test case #1009 (1514 total, 0 uniq crashes found)...[0m
[1;94m[*] [0mFuzzing test case #1010 (1514 total, 0 uniq crashes found)...[0m
scheduled max input!!!!
schedule: 7 level21_2/ijon_max/7
updated maxmap 9: 665 (len: 767)
updated maxmap 6: 647 (len: 767)
updated maxmap 7: 651 (len: 767)
updated maxmap 8: 65b (len: 767)
[1;94m[*] [0mFuzzing test case #1011 (1514 total, 0 uniq crashes found)...[0m
[1;94m[*] [0mFuzzing test case #1012 (1514 total, 0 uniq crashes found)...[0m
scheduled normal input!!!!
[1;94m[*] [0mFuzzing test case #1013 (1516 total, 0 uniq crashes found)...[0m
[1;94m[*] [0mFuzzing test case #1014 (1516 total, 0 uniq crashes found)...[0m
scheduled max input!!!!
schedule: 14 level21_2/ijon_max/14
[1;94m[*] [0mFuzzing test case #1015 (1516 total, 0 uniq crashes found)...[0m
scheduled normal input!!!!
[1;94m[*] [0mFuzzing test case #1016 (1517 total, 0 uniq crashes found)...[0m
scheduled max input!!!!
schedule: 3 level21_2/ijon_max/3
[1;94m[*] [0mFuzzing test case #1017 (1517 total, 0 uniq crashes found)...[0m
[1;94m[*] [0mFuzzing test case #1018 (1517 total, 0 uniq crashes found)...[0m
scheduled max input!!!!
schedule: 11 level21_2/ijon_max/11
[1;94m[*] [0mFuzzing test case #1019 (1517 total, 0 uniq crashes found)...[0m
scheduled max input!!!!
schedule: 1 level21_2/ijon_max/1
[1;94m[*] [0mFuzzing test case #1020 (1517 total, 0 uniq crashes found)...[0m
scheduled max input!!!!
schedule: 4 level21_2/ijon_max/4
[1;94m[*] [0mFuzzing test case #1021 (1517 total, 0 uniq crashes found)...[0m
scheduled max input!!!!
schedule: 15 level21_2/ijon_max/15
[1;94m[*] [0mFuzzing test case #1022 (1517 total, 0 uniq crashes found)...[0m
[1;94m[*] [0mFuzzing test case #1023 (1517 total, 0 uniq crashes found)...[0m
scheduled max input!!!!
schedule: 9 level21_2/ijon_max/9
updated maxmap 9: 666 (len: 767)
[1;94m[*] [0mFuzzing test case #1024 (1517 total, 0 uniq crashes found)...[0m
scheduled max input!!!!
schedule: 7 level21_2/ijon_max/7
updated maxmap 6: 649 (len: 767)
updated maxmap 7: 653 (len: 767)
updated maxmap 8: 65d (len: 767)
updated maxmap 9: 667 (len: 767)
updated maxmap 5: 643 (len: 775)
updated maxmap 6: 652 (len: 775)
updated maxmap 7: 65c (len: 775)
updated maxmap 8: 666 (len: 775)
updated maxmap 9: 670 (len: 775)
updated maxmap 10: 67a (len: 775)
updated maxmap 11: 67d (len: 775)
minimized maxmap 5: 643 (len: 767)
minimized maxmap 6: 652 (len: 767)
minimized maxmap 7: 65c (len: 767)
minimized maxmap 8: 666 (len: 767)
updated maxmap 5: 644 (len: 768)
updated maxmap 6: 653 (len: 768)
updated maxmap 7: 65d (len: 768)
updated maxmap 8: 667 (len: 768)
minimized maxmap 5: 644 (len: 767)
minimized maxmap 6: 653 (len: 767)
minimized maxmap 7: 65d (len: 767)
minimized maxmap 8: 667 (len: 767)
[1;94m[*] [0mFuzzing test case #1025 (1518 total, 0 uniq crashes found)...[0m
scheduled max input!!!!
schedule: 9 level21_2/ijon_max/9
updated maxmap 9: 671 (len: 775)
updated maxmap 10: 67b (len: 775)
[1;94m[*] [0mFuzzing test case #1026 (1518 total, 0 uniq crashes found)...[0m
scheduled max input!!!!
schedule: 13 level21_2/ijon_max/13
[1;94m[*] [0mFuzzing test case #1027 (1518 total, 0 uniq crashes found)...[0m
scheduled max input!!!!
schedule: 7 level21_2/ijon_max/7
updated maxmap 7: 673 (len: 772)
[1;94m[*] [0mFuzzing test case #1028 (1518 total, 0 uniq crashes found)...[0m
[1;94m[*] [0mFuzzing test case #1029 (1518 total, 0 uniq crashes found)...[0m
scheduled max input!!!!
schedule: 12 level21_2/ijon_max/12
[1;94m[*] [0mFuzzing test case #1030 (1518 total, 0 uniq crashes found)...[0m
scheduled max input!!!!
schedule: 6 level21_2/ijon_max/6
updated maxmap 5: 645 (len: 767)
updated maxmap 6: 654 (len: 767)
updated maxmap 8: 668 (len: 767)
[1;94m[*] [0mFuzzing test case #1031 (1518 total, 0 uniq crashes found)...[0m
[1;94m[*] [0mFuzzing test case #1032 (1518 total, 0 uniq crashes found)...[0m
scheduled max input!!!!
schedule: 15 level21_2/ijon_max/15
[1;94m[*] [0mFuzzing test case #1033 (1518 total, 0 uniq crashes found)...[0m
scheduled max input!!!!
schedule: 6 level21_2/ijon_max/6
[1;94m[*] [0mFuzzing test case #1034 (1518 total, 0 uniq crashes found)...[0m
scheduled max input!!!!
schedule: 4 level21_2/ijon_max/4
[1;94m[*] [0mFuzzing test case #1035 (1518 total, 0 uniq crashes found)...[0m
scheduled max input!!!!
schedule: 11 level21_2/ijon_max/11
[1;94m[*] [0mFuzzing test case #1036 (1518 total, 0 uniq crashes found)...[0m
scheduled max input!!!!
schedule: 6 level21_2/ijon_max/6
[1;94m[*] [0mFuzzing test case #1037 (1518 total, 0 uniq crashes found)...[0m
scheduled max input!!!!
schedule: 3 level21_2/ijon_max/3
updated maxmap 3: 607 (len: 727)
updated maxmap 3: 609 (len: 728)
[1;94m[*] [0mFuzzing test case #1038 (1519 total, 0 uniq crashes found)...[0m
scheduled max input!!!!
schedule: 4 level21_2/ijon_max/4
updated maxmap 4: 60e (len: 735)
[1;94m[*] [0mFuzzing test case #1039 (1519 total, 0 uniq crashes found)...[0m
scheduled max input!!!!
schedule: 6 level21_2/ijon_max/6
[1;94m[*] [0mFuzzing test case #1040 (1520 total, 0 uniq crashes found)...[0m
scheduled max input!!!!
schedule: 5 level21_2/ijon_max/5
[1;94m[*] [0mFuzzing test case #1041 (1520 total, 0 uniq crashes found)...[0m
[1;94m[*] [0mFuzzing test case #1042 (1520 total, 0 uniq crashes found)...[0m
scheduled max input!!!!
schedule: 6 level21_2/ijon_max/6
updated maxmap 9: 672 (len: 773)
[1;94m[*] [0mFuzzing test case #1043 (1520 total, 0 uniq crashes found)...[0m
[1;94m[*] [0mFuzzing test case #1044 (1520 total, 0 uniq crashes found)...[0m
scheduled max input!!!!
schedule: 14 level21_2/ijon_max/14
[1;94m[*] [0mFuzzing test case #1045 (1520 total, 0 uniq crashes found)...[0m
scheduled max input!!!!
schedule: 11 level21_2/ijon_max/11
[1;94m[*] [0mFuzzing test case #1046 (1520 total, 0 uniq crashes found)...[0m
scheduled max input!!!!
schedule: 6 level21_2/ijon_max/6
[1;94m[*] [0mFuzzing test case #1047 (1520 total, 0 uniq crashes found)...[0m
scheduled max input!!!!
schedule: 4 level21_2/ijon_max/4
updated maxmap 4: 60f (len: 735)
[1;94m[*] [0mFuzzing test case #1048 (1520 total, 0 uniq crashes found)...[0m
scheduled max input!!!!
schedule: 2 level21_2/ijon_max/2
[1;94m[*] [0mFuzzing test case #1049 (1520 total, 0 uniq crashes found)...[0m
scheduled max input!!!!
schedule: 9 level21_2/ijon_max/9
[1;94m[*] [0mFuzzing test case #1050 (1520 total, 0 uniq crashes found)...[0m
scheduled max input!!!!
schedule: 14 level21_2/ijon_max/14
[1;94m[*] [0mFuzzing test case #1051 (1520 total, 0 uniq crashes found)...[0m
scheduled max input!!!!
schedule: 13 level21_2/ijon_max/13
minimized maxmap 15: 643 (len: 753)
[1;94m[*] [0mFuzzing test case #1052 (1520 total, 0 uniq crashes found)...[0m
[1;94m[*] [0mFuzzing test case #1053 (1520 total, 0 uniq crashes found)...[0m
[1;94m[*] [0mFuzzing test case #1054 (1520 total, 0 uniq crashes found)...[0m
scheduled max input!!!!
schedule: 3 level21_2/ijon_max/3
[1;94m[*] [0mFuzzing test case #1055 (1520 total, 0 uniq crashes found)...[0m
scheduled max input!!!!
schedule: 3 level21_2/ijon_max/3
[1;94m[*] [0mFuzzing test case #1056 (1520 total, 0 uniq crashes found)...[0m
scheduled max input!!!!
schedule: 8 level21_2/ijon_max/8
[1;94m[*] [0mFuzzing test case #1057 (1520 total, 0 uniq crashes found)...[0m
scheduled max input!!!!
schedule: 10 level21_2/ijon_max/10
updated maxmap 12: 67c (len: 775)
updated maxmap 11: 685 (len: 778)
updated maxmap 5: 649 (len: 775)
updated maxmap 6: 655 (len: 775)
updated maxmap 8: 669 (len: 775)
updated maxmap 9: 673 (len: 775)
updated maxmap 10: 67d (len: 775)
[1;94m[*] [0mFuzzing test case #1058 (1521 total, 0 uniq crashes found)...[0m
[1;94m[*] [0mFuzzing test case #1059 (1521 total, 0 uniq crashes found)...[0m
scheduled max input!!!!
schedule: 0 level21_2/ijon_max/0
[1;94m[*] [0mFuzzing test case #1060 (1521 total, 0 uniq crashes found)...[0m
scheduled max input!!!!
schedule: 12 level21_2/ijon_max/12
updated maxmap 12: 67d (len: 775)
[1;94m[*] [0mFuzzing test case #1061 (1521 total, 0 uniq crashes found)...[0m
scheduled max input!!!!
schedule: 1 level21_2/ijon_max/1
[1;94m[*] [0mFuzzing test case #1062 (1521 total, 0 uniq crashes found)...[0m
[1;94m[*] [0mFuzzing test case #1063 (1521 total, 0 uniq crashes found)...[0m
[1;94m[*] [0mFuzzing test case #1064 (1521 total, 0 uniq crashes found)...[0m
scheduled max input!!!!
schedule: 4 level21_2/ijon_max/4
updated maxmap 4: 610 (len: 735)
[1;94m[*] [0mFuzzing test case #1065 (1521 total, 0 uniq crashes found)...[0m
scheduled max input!!!!
schedule: 10 level21_2/ijon_max/10
updated maxmap 6: 67d (len: 775)
updated maxmap 11: 687 (len: 780)
updated maxmap 12: 68a (len: 780)
[1;94m[*] [0mFuzzing test case #1066 (1521 total, 0 uniq crashes found)...[0m
scheduled max input!!!!
schedule: 13 level21_2/ijon_max/13
[1;94m[*] [0mFuzzing test case #1067 (1521 total, 0 uniq crashes found)...[0m
scheduled max input!!!!
schedule: 9 level21_2/ijon_max/9
updated maxmap 5: 64b (len: 775)
updated maxmap 8: 66b (len: 775)
updated maxmap 9: 675 (len: 775)
updated maxmap 10: 67f (len: 775)
[1;94m[*] [0mFuzzing test case #1068 (1521 total, 0 uniq crashes found)...[0m
scheduled max input!!!!
schedule: 8 level21_2/ijon_max/8
updated maxmap 5: 64c (len: 775)
updated maxmap 8: 66d (len: 775)
updated maxmap 9: 677 (len: 775)
updated maxmap 10: 681 (len: 775)
[1;94m[*] [0mFuzzing test case #1069 (1521 total, 0 uniq crashes found)...[0m
scheduled max input!!!!
schedule: 14 level21_2/ijon_max/14
[1;94m[*] [0mFuzzing test case #1070 (1521 total, 0 uniq crashes found)...[0m
scheduled max input!!!!
schedule: 1 level21_2/ijon_max/1
[1;94m[*] [0mFuzzing test case #1071 (1521 total, 0 uniq crashes found)...[0m
scheduled max input!!!!
schedule: 0 level21_2/ijon_max/0
[1;94m[*] [0mFuzzing test case #1072 (1521 total, 0 uniq crashes found)...[0m
scheduled max input!!!!
schedule: 1 level21_2/ijon_max/1
[1;94m[*] [0mFuzzing test case #1073 (1521 total, 0 uniq crashes found)...[0m
scheduled max input!!!!
schedule: 9 level21_2/ijon_max/9
[1;94m[*] [0mFuzzing test case #1074 (1522 total, 0 uniq crashes found)...[0m
[1;94m[*] [0mFuzzing test case #1075 (1522 total, 0 uniq crashes found)...[0m
scheduled max input!!!!
schedule: 13 level21_2/ijon_max/13
[1;94m[*] [0mFuzzing test case #1076 (1522 total, 0 uniq crashes found)...[0m
scheduled max input!!!!
schedule: 11 level21_2/ijon_max/11
updated maxmap 5: 650 (len: 784)
updated maxmap 8: 670 (len: 784)
updated maxmap 9: 67a (len: 784)
updated maxmap 10: 684 (len: 784)
updated maxmap 11: 68e (len: 784)
updated maxmap 12: 691 (len: 784)
minimized maxmap 8: 670 (len: 780)
minimized maxmap 9: 67a (len: 780)
minimized maxmap 10: 684 (len: 780)
[1;94m[*] [0mFuzzing test case #1077 (1522 total, 0 uniq crashes found)...[0m
scheduled max input!!!!
schedule: 2 level21_2/ijon_max/2
[1;94m[*] [0mFuzzing test case #1078 (1522 total, 0 uniq crashes found)...[0m
scheduled max input!!!!
schedule: 8 level21_2/ijon_max/8
[1;94m[*] [0mFuzzing test case #1079 (1522 total, 0 uniq crashes found)...[0m
scheduled max input!!!!
schedule: 14 level21_2/ijon_max/14
[1;94m[*] [0mFuzzing test case #1080 (1522 total, 0 uniq crashes found)...[0m
scheduled max input!!!!
schedule: 14 level21_2/ijon_max/14
[1;94m[*] [0mFuzzing test case #1081 (1522 total, 0 uniq crashes found)...[0m
scheduled max input!!!!
schedule: 15 level21_2/ijon_max/15
[1;94m[*] [0mFuzzing test case #1082 (1522 total, 0 uniq crashes found)...[0m
scheduled max input!!!!
schedule: 0 level21_2/ijon_max/0
[1;94m[*] [0mFuzzing test case #1083 (1522 total, 0 uniq crashes found)...[0m
[1;94m[*] [0mFuzzing test case #1084 (1522 total, 0 uniq crashes found)...[0m
scheduled max input!!!!
schedule: 12 level21_2/ijon_max/12
updated maxmap 12: 697 (len: 790)
updated maxmap 13: 69f (len: 790)
updated maxmap 14: 696 (len: 787)
updated maxmap 7: 676 (len: 787)
updated maxmap 8: 680 (len: 787)
updated maxmap 9: 68a (len: 787)
updated maxmap 10: 694 (len: 787)
updated maxmap 11: 697 (len: 787)
[1;94m[*] [0mFuzzing test case #1085 (1524 total, 0 uniq crashes found)...[0m
[1;94m[*] [0mFuzzing test case #1086 (1524 total, 0 uniq crashes found)...[0m
scheduled max input!!!!
schedule: 4 level21_2/ijon_max/4
updated maxmap 4: 611 (len: 735)
updated maxmap 3: 618 (len: 740)
updated maxmap 4: 622 (len: 740)
minimized maxmap 3: 618 (len: 735)
[1;94m[*] [0mFuzzing test case #1087 (1525 total, 0 uniq crashes found)...[0m
scheduled max input!!!!
schedule: 8 level21_2/ijon_max/8
updated maxmap 7: 678 (len: 787)
updated maxmap 8: 682 (len: 787)
updated maxmap 9: 68c (len: 787)
updated maxmap 10: 696 (len: 787)
updated maxmap 11: 698 (len: 787)
updated maxmap 11: 699 (len: 787)
updated maxmap 7: 679 (len: 787)
updated maxmap 8: 683 (len: 787)
updated maxmap 9: 68d (len: 787)
updated maxmap 10: 697 (len: 787)
updated maxmap 11: 69a (len: 787)
updated maxmap 14: 69d (len: 787)
updated maxmap 15: 69f (len: 787)
updated maxmap 7: 67a (len: 787)
updated maxmap 8: 684 (len: 787)
updated maxmap 9: 68e (len: 787)
updated maxmap 10: 698 (len: 787)
[1;94m[*] [0mFuzzing test case #1088 (1526 total, 0 uniq crashes found)...[0m
scheduled max input!!!!
schedule: 5 level21_2/ijon_max/5
updated maxmap 5: 652 (len: 784)
updated maxmap 5: 653 (len: 784)
updated maxmap 4: 655 (len: 784)
updated maxmap 5: 667 (len: 784)
updated maxmap 7: 67b (len: 784)
updated maxmap 8: 685 (len: 784)
updated maxmap 9: 68f (len: 784)
[1;94m[*] [0mFuzzing test case #1089 (1526 total, 0 uniq crashes found)...[0m
scheduled max input!!!!
schedule: 5 level21_2/ijon_max/5
[1;94m[*] [0mFuzzing test case #1090 (1526 total, 0 uniq crashes found)...[0m
[1;94m[*] [0mFuzzing test case #1091 (1526 total, 0 uniq crashes found)...[0m
scheduled max input!!!!
schedule: 5 level21_2/ijon_max/5
[1;94m[*] [0mFuzzing test case #1092 (1526 total, 0 uniq crashes found)...[0m
scheduled max input!!!!
schedule: 13 level21_2/ijon_max/13
[1;94m[*] [0mFuzzing test case #1093 (1526 total, 0 uniq crashes found)...[0m
scheduled max input!!!!
schedule: 0 level21_2/ijon_max/0
[1;94m[*] [0mFuzzing test case #1094 (1527 total, 0 uniq crashes found)...[0m
scheduled max input!!!!
schedule: 2 level21_2/ijon_max/2
[1;94m[*] [0mFuzzing test case #1095 (1527 total, 0 uniq crashes found)...[0m
scheduled max input!!!!
schedule: 7 level21_2/ijon_max/7
updated maxmap 4: 656 (len: 784)
[1;94m[*] [0mFuzzing test case #1096 (1527 total, 0 uniq crashes found)...[0m
scheduled max input!!!!
schedule: 1 level21_2/ijon_max/1
[1;94m[*] [0mFuzzing test case #1097 (1527 total, 0 uniq crashes found)...[0m
[1;94m[*] [0mFuzzing test case #1098 (1527 total, 0 uniq crashes found)...[0m
[1;94m[*] [0mFuzzing test case #1099 (1527 total, 0 uniq crashes found)...[0m
scheduled max input!!!!
schedule: 14 level21_2/ijon_max/14
updated maxmap 7: 67e (len: 787)
updated maxmap 8: 688 (len: 787)
updated maxmap 9: 692 (len: 787)
updated maxmap 10: 69c (len: 787)
updated maxmap 11: 69f (len: 787)
updated maxmap 11: 6a3 (len: 789)
updated maxmap 15: 6a0 (len: 787)
updated maxmap 0: 689 (len: 795)
[1;94m[*] [0mFuzzing test case #1100 (1527 total, 0 uniq crashes found)...[0m
scheduled max input!!!!
schedule: 2 level21_2/ijon_max/2
[1;94m[*] [0mFuzzing test case #1101 (1527 total, 0 uniq crashes found)...[0m
scheduled max input!!!!
schedule: 5 level21_2/ijon_max/5
updated maxmap 4: 65e (len: 784)
updated maxmap 5: 66a (len: 784)
[1;94m[*] [0mFuzzing test case #1102 (1528 total, 0 uniq crashes found)...[0m
scheduled max input!!!!
schedule: 11 level21_2/ijon_max/11
updated maxmap 11: 6a4 (len: 789)
updated maxmap 15: 6a4 (len: 789)
updated maxmap 15: 6a5 (len: 789)
[1;94m[*] [0mFuzzing test case #1103 (1528 total, 0 uniq crashes found)...[0m
scheduled max input!!!!
schedule: 2 level21_2/ijon_max/2
updated maxmap 2: 60c (len: 728)
[1;94m[*] [0mFuzzing test case #1104 (1528 total, 0 uniq crashes found)...[0m
[1;94m[*] [0mFuzzing test case #1105 (1528 total, 0 uniq crashes found)...[0m
scheduled max input!!!!
schedule: 9 level21_2/ijon_max/9
updated maxmap 0: 6a6 (len: 793)
updated maxmap 14: 69f (len: 787)
[1;94m[*] [0mFuzzing test case #1106 (1528 total, 0 uniq crashes found)...[0m
[1;94m[*] [0mFuzzing test case #1107 (1528 total, 0 uniq crashes found)...[0m
[1;94m[*] [0mFuzzing test case #1108 (1528 total, 0 uniq crashes found)...[0m
scheduled max input!!!!
schedule: 11 level21_2/ijon_max/11
[1;94m[*] [0mFuzzing test case #1109 (1528 total, 0 uniq crashes found)...[0m
scheduled max input!!!!
schedule: 6 level21_2/ijon_max/6
[1;94m[*] [0mFuzzing test case #1110 (1528 total, 0 uniq crashes found)...[0m
scheduled max input!!!!
schedule: 6 level21_2/ijon_max/6
updated maxmap 6: 67e (len: 775)
[1;94m[*] [0mFuzzing test case #1111 (1528 total, 0 uniq crashes found)...[0m
scheduled max input!!!!
schedule: 11 level21_2/ijon_max/11
updated maxmap 12: 69d (len: 789)
[1;94m[*] [0mFuzzing test case #1112 (1528 total, 0 uniq crashes found)...[0m
scheduled max input!!!!
schedule: 9 level21_2/ijon_max/9
[1;94m[*] [0mFuzzing test case #1113 (1528 total, 0 uniq crashes found)...[0m
scheduled max input!!!!
schedule: 6 level21_2/ijon_max/6
minimized maxmap 7: 67e (len: 775)
[1;94m[*] [0mFuzzing test case #1114 (1528 total, 0 uniq crashes found)...[0m
scheduled max input!!!!
schedule: 1 level21_2/ijon_max/1
[1;94m[*] [0mFuzzing test case #1115 (1528 total, 0 uniq crashes found)...[0m
scheduled max input!!!!
schedule: 1 level21_2/ijon_max/1
[1;94m[*] [0mFuzzing test case #1116 (1528 total, 0 uniq crashes found)...[0m
scheduled max input!!!!
schedule: 10 level21_2/ijon_max/10
updated maxmap 0: 6a9 (len: 791)
updated maxmap 15: 6a7 (len: 791)
[1;94m[*] [0mFuzzing test case #1117 (1529 total, 0 uniq crashes found)...[0m
scheduled max input!!!!
schedule: 6 level21_2/ijon_max/6
[1;94m[*] [0mFuzzing test case #1118 (1529 total, 0 uniq crashes found)...[0m
scheduled max input!!!!
schedule: 8 level21_2/ijon_max/8
updated maxmap 0: 6aa (len: 795)
updated maxmap 15: 6a8 (len: 795)
[1;94m[*] [0mFuzzing test case #1119 (1530 total, 0 uniq crashes found)...[0m
scheduled max input!!!!
schedule: 10 level21_2/ijon_max/10
[1;94m[*] [0mFuzzing test case #1120 (1530 total, 0 uniq crashes found)...[0m
[1;94m[*] [0mFuzzing test case #1121 (1530 total, 0 uniq crashes found)...[0m
scheduled max input!!!!
schedule: 1 level21_2/ijon_max/1
updated maxmap 1: 5ac (len: 735)
[1;94m[*] [0mFuzzing test case #1122 (1530 total, 0 uniq crashes found)...[0m
scheduled max input!!!!
schedule: 8 level21_2/ijon_max/8
updated maxmap 12: 6a0 (len: 787)
[1;94m[*] [0mFuzzing test case #1123 (1530 total, 0 uniq crashes found)...[0m
scheduled max input!!!!
schedule: 2 level21_2/ijon_max/2
updated maxmap 2: 60d (len: 728)
updated maxmap 2: 60e (len: 728)
[1;94m[*] [0mFuzzing test case #1124 (1530 total, 0 uniq crashes found)...[0m
scheduled max input!!!!
schedule: 8 level21_2/ijon_max/8
[1;94m[*] [0mFuzzing test case #1125 (1530 total, 0 uniq crashes found)...[0m
scheduled max input!!!!
schedule: 13 level21_2/ijon_max/13
[1;94m[*] [0mFuzzing test case #1126 (1530 total, 0 uniq crashes found)...[0m
scheduled max input!!!!
schedule: 3 level21_2/ijon_max/3
[1;94m[*] [0mFuzzing test case #1127 (1530 total, 0 uniq crashes found)...[0m
[1;94m[*] [0mFuzzing test case #1128 (1530 total, 0 uniq crashes found)...[0m
scheduled max input!!!!
schedule: 1 level21_2/ijon_max/1
[1;94m[*] [0mFuzzing test case #1129 (1530 total, 0 uniq crashes found)...[0m
[1;94m[*] [0mFuzzing test case #1130 (1530 total, 0 uniq crashes found)...[0m
scheduled max input!!!!
schedule: 8 level21_2/ijon_max/8
[1;94m[*] [0mFuzzing test case #1131 (1530 total, 0 uniq crashes found)...[0m
[1;94m[*] [0mFuzzing test case #1132 (1530 total, 0 uniq crashes found)...[0m
scheduled max input!!!!
schedule: 2 level21_2/ijon_max/2
[1;94m[*] [0mFuzzing test case #1133 (1530 total, 0 uniq crashes found)...[0m
scheduled max input!!!!
schedule: 4 level21_2/ijon_max/4
updated maxmap 4: 664 (len: 788)
updated maxmap 5: 66d (len: 788)
minimized maxmap 4: 664 (len: 784)
minimized maxmap 5: 66d (len: 784)
[1;94m[*] [0mFuzzing test case #1134 (1530 total, 0 uniq crashes found)...[0m
scheduled max input!!!!
schedule: 1 level21_2/ijon_max/1
updated maxmap 1: 5b9 (len: 741)
minimized maxmap 1: 5b9 (len: 735)
updated maxmap 1: 5ba (len: 735)
[1;94m[*] [0mFuzzing test case #1135 (1530 total, 0 uniq crashes found)...[0m
scheduled max input!!!!
schedule: 5 level21_2/ijon_max/5
updated maxmap 4: 667 (len: 784)
updated maxmap 5: 66e (len: 784)
[1;94m[*] [0mFuzzing test case #1136 (1530 total, 0 uniq crashes found)...[0m
scheduled max input!!!!
schedule: 11 level21_2/ijon_max/11
[1;94m[*] [0mFuzzing test case #1137 (1530 total, 0 uniq crashes found)...[0m
scheduled max input!!!!
schedule: 5 level21_2/ijon_max/5
updated maxmap 7: 682 (len: 784)
updated maxmap 8: 68c (len: 784)
[1;94m[*] [0mFuzzing test case #1138 (1530 total, 0 uniq crashes found)...[0m
scheduled max input!!!!
schedule: 13 level21_2/ijon_max/13
[1;94m[*] [0mFuzzing test case #1139 (1530 total, 0 uniq crashes found)...[0m
scheduled max input!!!!
schedule: 9 level21_2/ijon_max/9
[1;94m[*] [0mFuzzing test case #1140 (1530 total, 0 uniq crashes found)...[0m
scheduled max input!!!!
schedule: 7 level21_2/ijon_max/7
updated maxmap 7: 683 (len: 784)
updated maxmap 8: 68d (len: 784)
[1;94m[*] [0mFuzzing test case #1141 (1530 total, 0 uniq crashes found)...[0m
scheduled max input!!!!
schedule: 14 level21_2/ijon_max/14
[1;94m[*] [0mFuzzing test case #1142 (1530 total, 0 uniq crashes found)...[0m
scheduled max input!!!!
schedule: 13 level21_2/ijon_max/13
updated maxmap 13: 6a1 (len: 798)
updated maxmap 14: 6ab (len: 798)
updated maxmap 15: 6b3 (len: 798)
[1;94m[*] [0mFuzzing test case #1143 (1530 total, 0 uniq crashes found)...[0m
scheduled max input!!!!
schedule: 7 level21_2/ijon_max/7
[1;94m[*] [0mFuzzing test case #1144 (1530 total, 0 uniq crashes found)...[0m
scheduled max input!!!!
schedule: 8 level21_2/ijon_max/8
updated maxmap 4: 668 (len: 784)
[1;94m[*] [0mFuzzing test case #1145 (1531 total, 0 uniq crashes found)...[0m
scheduled max input!!!!
schedule: 15 level21_2/ijon_max/15
updated maxmap 0: 6b7 (len: 800)
updated maxmap 15: 6b4 (len: 800)
updated maxmap 13: 6a2 (len: 798)
updated maxmap 14: 6ac (len: 798)
[1;94m[*] [0mFuzzing test case #1146 (1532 total, 0 uniq crashes found)...[0m
scheduled max input!!!!
schedule: 1 level21_2/ijon_max/1
[1;94m[*] [0mFuzzing test case #1147 (1532 total, 0 uniq crashes found)...[0m
scheduled max input!!!!
schedule: 8 level21_2/ijon_max/8
[1;94m[*] [0mFuzzing test case #1148 (1532 total, 0 uniq crashes found)...[0m
scheduled max input!!!!
schedule: 4 level21_2/ijon_max/4
updated maxmap 5: 66f (len: 784)
[1;94m[*] [0mFuzzing test case #1149 (1532 total, 0 uniq crashes found)...[0m
scheduled max input!!!!
schedule: 5 level21_2/ijon_max/5
[1;94m[*] [0mFuzzing test case #1150 (1532 total, 0 uniq crashes found)...[0m
scheduled max input!!!!
schedule: 0 level21_2/ijon_max/0
updated maxmap 0: 6b8 (len: 800)
updated maxmap 15: 6b5 (len: 800)
[1;94m[*] [0mFuzzing test case #1151 (1532 total, 0 uniq crashes found)...[0m
[1;94m[*] [0mFuzzing test case #1152 (1532 total, 0 uniq crashes found)...[0m
scheduled max input!!!!
schedule: 1 level21_2/ijon_max/1
[1;94m[*] [0mFuzzing test case #1153 (1532 total, 0 uniq crashes found)...[0m
scheduled max input!!!!
schedule: 1 level21_2/ijon_max/1
[1;94m[*] [0mFuzzing test case #1154 (1533 total, 0 uniq crashes found)...[0m
[1;94m[*] [0mFuzzing test case #1155 (1533 total, 0 uniq crashes found)...[0m
scheduled max input!!!!
schedule: 7 level21_2/ijon_max/7
[1;94m[*] [0mFuzzing test case #1156 (1533 total, 0 uniq crashes found)...[0m
scheduled max input!!!!
schedule: 13 level21_2/ijon_max/13
[1;94m[*] [0mFuzzing test case #1157 (1533 total, 0 uniq crashes found)...[0m
scheduled max input!!!!
schedule: 6 level21_2/ijon_max/6
[1;94m[*] [0mFuzzing test case #1158 (1533 total, 0 uniq crashes found)...[0m
[1;94m[*] [0mFuzzing test case #1159 (1533 total, 0 uniq crashes found)...[0m
scheduled max input!!!!
schedule: 5 level21_2/ijon_max/5
[1;94m[*] [0mFuzzing test case #1160 (1533 total, 0 uniq crashes found)...[0m
[1;94m[*] [0mFuzzing test case #1161 (1533 total, 0 uniq crashes found)...[0m
scheduled max input!!!!
schedule: 7 level21_2/ijon_max/7
[1;94m[*] [0mFuzzing test case #1162 (1533 total, 0 uniq crashes found)...[0m
scheduled max input!!!!
schedule: 2 level21_2/ijon_max/2
[1;94m[*] [0mFuzzing test case #1163 (1533 total, 0 uniq crashes found)...[0m
scheduled max input!!!!
schedule: 2 level21_2/ijon_max/2
[1;94m[*] [0mFuzzing test case #1164 (1533 total, 0 uniq crashes found)...[0m
scheduled max input!!!!
schedule: 15 level21_2/ijon_max/15
updated maxmap 15: 6b6 (len: 800)
[1;94m[*] [0mFuzzing test case #1165 (1533 total, 0 uniq crashes found)...[0m
[1;94m[*] [0mFuzzing test case #1166 (1533 total, 0 uniq crashes found)...[0m
scheduled max input!!!!
schedule: 11 level21_2/ijon_max/11
[1;94m[*] [0mFuzzing test case #1167 (1533 total, 0 uniq crashes found)...[0m
scheduled max input!!!!
schedule: 13 level21_2/ijon_max/13
[1;94m[*] [0mFuzzing test case #1168 (1533 total, 0 uniq crashes found)...[0m
scheduled max input!!!!
schedule: 9 level21_2/ijon_max/9
[1;94m[*] [0mFuzzing test case #1169 (1533 total, 0 uniq crashes found)...[0m
[1;94m[*] [0mFuzzing test case #1170 (1533 total, 0 uniq crashes found)...[0m
scheduled max input!!!!
schedule: 4 level21_2/ijon_max/4
[1;94m[*] [0mFuzzing test case #1171 (1533 total, 0 uniq crashes found)...[0m
scheduled max input!!!!
schedule: 1 level21_2/ijon_max/1
[1;94m[*] [0mFuzzing test case #1172 (1533 total, 0 uniq crashes found)...[0m
scheduled max input!!!!
schedule: 2 level21_2/ijon_max/2
[1;94m[*] [0mFuzzing test case #1173 (1533 total, 0 uniq crashes found)...[0m
scheduled max input!!!!
schedule: 7 level21_2/ijon_max/7
[1;94m[*] [0mFuzzing test case #1174 (1533 total, 0 uniq crashes found)...[0m
[1;94m[*] [0mFuzzing test case #1175 (1533 total, 0 uniq crashes found)...[0m
scheduled max input!!!!
schedule: 2 level21_2/ijon_max/2
[1;94m[*] [0mFuzzing test case #1176 (1533 total, 0 uniq crashes found)...[0m
[1;94m[*] [0mFuzzing test case #1177 (1533 total, 0 uniq crashes found)...[0m
scheduled max input!!!!
schedule: 10 level21_2/ijon_max/10
[1;94m[*] [0mFuzzing test case #1178 (1533 total, 0 uniq crashes found)...[0m
scheduled max input!!!!
schedule: 14 level21_2/ijon_max/14
[1;94m[*] [0mFuzzing test case #1179 (1533 total, 0 uniq crashes found)...[0m
[1;94m[*] [0mFuzzing test case #1180 (1533 total, 0 uniq crashes found)...[0m
scheduled max input!!!!
schedule: 5 level21_2/ijon_max/5
[1;94m[*] [0mFuzzing test case #1181 (1533 total, 0 uniq crashes found)...[0m
scheduled max input!!!!
schedule: 7 level21_2/ijon_max/7
[1;94m[*] [0mFuzzing test case #1182 (1533 total, 0 uniq crashes found)...[0m
scheduled max input!!!!
schedule: 8 level21_2/ijon_max/8
updated maxmap 9: 694 (len: 790)
[1;94m[*] [0mFuzzing test case #1183 (1533 total, 0 uniq crashes found)...[0m
scheduled max input!!!!
schedule: 15 level21_2/ijon_max/15
updated maxmap 0: 6b9 (len: 800)
[1;94m[*] [0mFuzzing test case #1184 (1533 total, 0 uniq crashes found)...[0m
scheduled max input!!!!
schedule: 7 level21_2/ijon_max/7
[1;94m[*] [0mFuzzing test case #1185 (1533 total, 0 uniq crashes found)...[0m
scheduled max input!!!!
schedule: 3 level21_2/ijon_max/3
[1;94m[*] [0mFuzzing test case #1186 (1533 total, 0 uniq crashes found)...[0m
scheduled max input!!!!
schedule: 10 level21_2/ijon_max/10
[1;94m[*] [0mFuzzing test case #1187 (1533 total, 0 uniq crashes found)...[0m
scheduled max input!!!!
schedule: 10 level21_2/ijon_max/10
[1;94m[*] [0mFuzzing test case #1188 (1533 total, 0 uniq crashes found)...[0m
scheduled max input!!!!
schedule: 14 level21_2/ijon_max/14
[1;94m[*] [0mFuzzing test case #1189 (1533 total, 0 uniq crashes found)...[0m
scheduled max input!!!!
schedule: 0 level21_2/ijon_max/0
[1;94m[*] [0mFuzzing test case #1190 (1533 total, 0 uniq crashes found)...[0m
scheduled max input!!!!
schedule: 8 level21_2/ijon_max/8
[1;94m[*] [0mFuzzing test case #1191 (1533 total, 0 uniq crashes found)...[0m
scheduled max input!!!!
schedule: 2 level21_2/ijon_max/2
[1;94m[*] [0mFuzzing test case #1192 (1533 total, 0 uniq crashes found)...[0m
scheduled max input!!!!
schedule: 0 level21_2/ijon_max/0
[1;94m[*] [0mFuzzing test case #1193 (1533 total, 0 uniq crashes found)...[0m
scheduled max input!!!!
schedule: 4 level21_2/ijon_max/4
[1;94m[*] [0mFuzzing test case #1194 (1533 total, 0 uniq crashes found)...[0m
scheduled max input!!!!
schedule: 1 level21_2/ijon_max/1
[1;94m[*] [0mFuzzing test case #1195 (1533 total, 0 uniq crashes found)...[0m
scheduled max input!!!!
schedule: 1 level21_2/ijon_max/1
updated maxmap 1: 5bd (len: 735)
updated maxmap 1: 5be (len: 740)
minimized maxmap 1: 5be (len: 735)
[1;94m[*] [0mFuzzing test case #1196 (1533 total, 0 uniq crashes found)...[0m
scheduled max input!!!!
schedule: 7 level21_2/ijon_max/7
[1;94m[*] [0mFuzzing test case #1197 (1533 total, 0 uniq crashes found)...[0m
scheduled max input!!!!
schedule: 3 level21_2/ijon_max/3
[1;94m[*] [0mFuzzing test case #1198 (1533 total, 0 uniq crashes found)...[0m
scheduled max input!!!!
schedule: 3 level21_2/ijon_max/3
[1;94m[*] [0mFuzzing test case #1199 (1533 total, 0 uniq crashes found)...[0m
scheduled max input!!!!
schedule: 6 level21_2/ijon_max/6
minimized maxmap 7: 683 (len: 781)
minimized maxmap 8: 68d (len: 781)
[1;94m[*] [0mFuzzing test case #1200 (1533 total, 0 uniq crashes found)...[0m
scheduled max input!!!!
schedule: 15 level21_2/ijon_max/15
updated maxmap 0: 6bf (len: 803)
updated maxmap 13: 6a8 (len: 803)
updated maxmap 14: 6b2 (len: 803)
updated maxmap 15: 6bc (len: 803)
minimized maxmap 13: 6a8 (len: 800)
minimized maxmap 14: 6b2 (len: 800)
updated maxmap 13: 6a9 (len: 808)
updated maxmap 14: 6b3 (len: 808)
[1;94m[*] [0mFuzzing test case #1201 (1534 total, 0 uniq crashes found)...[0m
[1;94m[*] [0mFuzzing test case #1202 (1534 total, 0 uniq crashes found)...[0m
[1;94m[*] [0mFuzzing test case #1203 (1534 total, 0 uniq crashes found)...[0m
scheduled max input!!!!
schedule: 3 level21_2/ijon_max/3
[1;94m[*] [0mFuzzing test case #1204 (1534 total, 0 uniq crashes found)...[0m
scheduled max input!!!!
schedule: 6 level21_2/ijon_max/6
[1;94m[*] [0mFuzzing test case #1205 (1534 total, 0 uniq crashes found)...[0m
scheduled max input!!!!
schedule: 14 level21_2/ijon_max/14
updated maxmap 0: 6c0 (len: 808)
updated maxmap 15: 6bd (len: 808)
[1;94m[*] [0mFuzzing test case #1206 (1534 total, 0 uniq crashes found)...[0m
scheduled max input!!!!
schedule: 5 level21_2/ijon_max/5
[1;94m[*] [0mFuzzing test case #1207 (1534 total, 0 uniq crashes found)...[0m
scheduled max input!!!!
schedule: 13 level21_2/ijon_max/13
updated maxmap 0: 6cd (len: 809)
updated maxmap 12: 6ad (len: 809)
updated maxmap 13: 6b7 (len: 809)
updated maxmap 14: 6c1 (len: 809)
updated maxmap 15: 6cb (len: 809)
minimized maxmap 0: 6cd (len: 808)
minimized maxmap 12: 6ad (len: 808)
minimized maxmap 13: 6b7 (len: 808)
minimized maxmap 14: 6c1 (len: 808)
minimized maxmap 15: 6cb (len: 808)
[1;94m[*] [0mFuzzing test case #1208 (1535 total, 0 uniq crashes found)...[0m
[1;94m[*] [0mFuzzing test case #1209 (1535 total, 0 uniq crashes found)...[0m
scheduled max input!!!!
schedule: 9 level21_2/ijon_max/9
updated maxmap 1: 69b (len: 790)
updated maxmap 2: 68b (len: 790)
updated maxmap 3: 683 (len: 790)
updated maxmap 4: 67b (len: 790)
updated maxmap 5: 673 (len: 790)
[1;94m[*] [0mFuzzing test case #1210 (1535 total, 0 uniq crashes found)...[0m
scheduled max input!!!!
schedule: 3 level21_2/ijon_max/3
updated maxmap 1: 69c (len: 790)
updated maxmap 2: 68c (len: 790)
updated maxmap 3: 684 (len: 790)
updated maxmap 5: 674 (len: 790)
updated maxmap 1: 69e (len: 790)
updated maxmap 2: 68e (len: 790)
updated maxmap 3: 686 (len: 790)
updated maxmap 4: 67d (len: 790)
updated maxmap 5: 676 (len: 790)
updated maxmap 1: 69f (len: 790)
[1;94m[*] [0mFuzzing test case #1211 (1535 total, 0 uniq crashes found)...[0m
scheduled max input!!!!
schedule: 13 level21_2/ijon_max/13
[1;94m[*] [0mFuzzing test case #1212 (1535 total, 0 uniq crashes found)...[0m
scheduled max input!!!!
schedule: 7 level21_2/ijon_max/7
[1;94m[*] [0mFuzzing test case #1213 (1535 total, 0 uniq crashes found)...[0m
scheduled max input!!!!
schedule: 13 level21_2/ijon_max/13
[1;94m[*] [0mFuzzing test case #1214 (1535 total, 0 uniq crashes found)...[0m
scheduled max input!!!!
schedule: 0 level21_2/ijon_max/0
[1;94m[*] [0mFuzzing test case #1215 (1535 total, 0 uniq crashes found)...[0m
scheduled max input!!!!
schedule: 10 level21_2/ijon_max/10
[1;94m[*] [0mFuzzing test case #1216 (1535 total, 0 uniq crashes found)...[0m
scheduled max input!!!!
schedule: 10 level21_2/ijon_max/10
[1;94m[*] [0mFuzzing test case #1217 (1535 total, 0 uniq crashes found)...[0m
scheduled max input!!!!
schedule: 7 level21_2/ijon_max/7
[1;94m[*] [0mFuzzing test case #1218 (1535 total, 0 uniq crashes found)...[0m
scheduled max input!!!!
schedule: 14 level21_2/ijon_max/14
[1;94m[*] [0mFuzzing test case #1219 (1535 total, 0 uniq crashes found)...[0m
scheduled max input!!!!
schedule: 7 level21_2/ijon_max/7
updated maxmap 7: 685 (len: 788)
updated maxmap 8: 68f (len: 788)
updated maxmap 9: 699 (len: 788)
[1;94m[*] [0mFuzzing test case #1220 (1535 total, 0 uniq crashes found)...[0m
scheduled max input!!!!
schedule: 4 level21_2/ijon_max/4
updated maxmap 1: 6a0 (len: 792)
updated maxmap 1: 6b1 (len: 798)
updated maxmap 2: 6a1 (len: 798)
updated maxmap 3: 699 (len: 798)
updated maxmap 4: 690 (len: 798)
updated maxmap 5: 689 (len: 798)
[1;94m[*] [0mFuzzing test case #1221 (1535 total, 0 uniq crashes found)...[0m
scheduled max input!!!!
schedule: 5 level21_2/ijon_max/5
updated maxmap 1: 6b2 (len: 798)
updated maxmap 2: 6a2 (len: 798)
updated maxmap 3: 69a (len: 798)
updated maxmap 4: 691 (len: 798)
updated maxmap 5: 68a (len: 798)
updated maxmap 3: 69b (len: 798)
updated maxmap 4: 6af (len: 798)
updated maxmap 5: 6ac (len: 798)
updated maxmap 3: 6b2 (len: 798)
updated maxmap 4: 6b0 (len: 798)
updated maxmap 5: 6ad (len: 798)
updated maxmap 3: 6b4 (len: 798)
[1;94m[*] [0mFuzzing test case #1222 (1536 total, 0 uniq crashes found)...[0m
scheduled max input!!!!
schedule: 2 level21_2/ijon_max/2
[1;94m[*] [0mFuzzing test case #1223 (1536 total, 0 uniq crashes found)...[0m
scheduled max input!!!!
schedule: 5 level21_2/ijon_max/5
updated maxmap 4: 6b1 (len: 802)
updated maxmap 5: 6af (len: 802)
[1;94m[*] [0mFuzzing test case #1224 (1537 total, 0 uniq crashes found)...[0m
scheduled max input!!!!
schedule: 4 level21_2/ijon_max/4
updated maxmap 5: 6b0 (len: 802)
updated maxmap 2: 6a7 (len: 802)
updated maxmap 4: 6b3 (len: 802)
updated maxmap 2: 6a8 (len: 802)
updated maxmap 4: 6b4 (len: 802)
updated maxmap 2: 6a9 (len: 802)
updated maxmap 4: 6b5 (len: 802)
[1;94m[*] [0mFuzzing test case #1225 (1538 total, 0 uniq crashes found)...[0m
scheduled max input!!!!
schedule: 1 level21_2/ijon_max/1
updated maxmap 1: 6bf (len: 806)
updated maxmap 2: 6af (len: 806)
[1;94m[*] [0mFuzzing test case #1226 (1539 total, 0 uniq crashes found)...[0m
scheduled max input!!!!
schedule: 3 level21_2/ijon_max/3
[1;94m[*] [0mFuzzing test case #1227 (1539 total, 0 uniq crashes found)...[0m
scheduled max input!!!!
schedule: 9 level21_2/ijon_max/9
updated maxmap 7: 686 (len: 788)
updated maxmap 8: 690 (len: 788)
updated maxmap 9: 69a (len: 788)
updated maxmap 10: 69d (len: 788)
[1;94m[*] [0mFuzzing test case #1228 (1540 total, 0 uniq crashes found)...[0m
scheduled normal input!!!!
[?25h[1;91m

+++ Testing aborted by user +++
[0m
[1;93m[!] [0mStopped during the first cycle, results may be incomplete.
    (For info on resuming, see docs/README.)
[1;92m[+] [0mWe're done here. Have a nice day!
[0m
srun: error: ubuntu-test: task 0: Exited with exit code 124
