# unix_time, cycles_done, cur_path, paths_total, pending_total, pending_favs, map_size, unique_crashes, unique_hangs, max_depth, execs_per_sec
1747774254, 0, 0, 1, 1, 1, 4.92%, 0, 0, 1, 39.60
1747774259, 0, 0, 33, 33, 1, 5.56%, 0, 0, 2, 52.62
1747774264, 0, 0, 65, 65, 1, 5.56%, 0, 0, 2, 56.00
1747774269, 0, 0, 93, 93, 1, 5.95%, 0, 0, 2, 51.43
1747774274, 0, 0, 114, 114, 1, 6.01%, 0, 0, 2, 48.09
1747774279, 0, 0, 137, 137, 1, 6.02%, 0, 0, 2, 47.79
1747774284, 0, 0, 150, 150, 1, 6.03%, 0, 0, 2, 41.05
1747774289, 0, 0, 166, 166, 1, 6.03%, 0, 0, 2, 40.56
1747774294, 0, 0, 175, 175, 1, 6.03%, 0, 0, 2, 29.53
1747774300, 0, 0, 185, 185, 1, 6.27%, 0, 0, 2, 21.65
1747774305, 0, 0, 194, 194, 1, 6.27%, 0, 0, 2, 26.24
1747774310, 0, 0, 201, 201, 1, 6.27%, 0, 0, 2, 25.69
1747774315, 0, 0, 207, 207, 1, 6.27%, 0, 0, 2, 23.96
1747774320, 0, 0, 216, 216, 1, 6.27%, 0, 0, 2, 23.85
1747774325, 0, 0, 223, 223, 1, 6.27%, 0, 0, 2, 24.07
1747774330, 0, 0, 228, 228, 1, 6.27%, 0, 0, 2, 24.73
1747774335, 0, 0, 237, 237, 1, 6.27%, 0, 0, 2, 24.77
1747774341, 0, 0, 244, 244, 1, 6.27%, 0, 0, 2, 26.63
1747774346, 0, 0, 252, 252, 1, 6.27%, 0, 0, 2, 26.06
1747774351, 0, 0, 258, 258, 1, 6.27%, 0, 0, 2, 25.64
1747774356, 0, 0, 263, 263, 1, 6.28%, 0, 0, 2, 25.30
1747774361, 0, 0, 270, 270, 1, 6.28%, 0, 0, 2, 26.82
1747774366, 0, 0, 274, 274, 1, 6.28%, 0, 0, 2, 27.13
1747774371, 0, 0, 275, 275, 1, 6.28%, 0, 0, 2, 25.75
1747774376, 0, 0, 279, 279, 1, 6.28%, 0, 0, 2, 24.48
1747774381, 0, 0, 284, 284, 1, 6.28%, 0, 0, 2, 25.28
1747774386, 0, 0, 286, 286, 1, 6.28%, 0, 0, 2, 24.85
1747774391, 0, 0, 288, 288, 1, 6.28%, 0, 0, 2, 24.96
1747774396, 0, 0, 293, 293, 1, 6.28%, 0, 0, 2, 25.67
1747774401, 0, 0, 298, 298, 1, 6.28%, 0, 0, 2, 24.92
1747774407, 0, 0, 302, 302, 1, 6.28%, 0, 0, 2, 24.82
1747774412, 0, 0, 304, 304, 1, 6.28%, 0, 0, 2, 25.38
1747774417, 0, 0, 307, 307, 1, 6.28%, 0, 0, 2, 25.91
1747774422, 0, 0, 309, 309, 1, 6.28%, 0, 0, 2, 25.50
1747774427, 0, 0, 311, 311, 1, 6.28%, 0, 0, 2, 24.62
1747774432, 0, 0, 315, 315, 1, 6.28%, 0, 0, 2, 25.35
1747774437, 0, 0, 318, 318, 1, 6.28%, 0, 0, 2, 24.79
1747774442, 0, 0, 323, 323, 1, 6.28%, 0, 0, 2, 26.04
1747774447, 0, 0, 327, 327, 1, 6.28%, 0, 0, 2, 25.41
1747774452, 0, 0, 330, 330, 1, 6.28%, 0, 0, 2, 25.23
1747774463, 0, 0, 333, 333, 1, 6.28%, 0, 0, 2, 24.60
1747774468, 0, 0, 334, 334, 1, 6.28%, 0, 0, 2, 25.11
1747774473, 0, 0, 336, 336, 1, 6.28%, 0, 0, 2, 23.58
1747774478, 0, 0, 337, 337, 1, 6.28%, 0, 0, 2, 24.66
1747774483, 0, 0, 339, 339, 1, 6.28%, 0, 0, 2, 24.41
1747774488, 0, 0, 342, 342, 1, 6.28%, 0, 0, 2, 25.06
1747774493, 0, 0, 344, 344, 1, 6.28%, 0, 0, 2, 25.51
1747774498, 0, 0, 345, 345, 1, 6.28%, 0, 0, 2, 25.69
1747774503, 0, 0, 347, 347, 1, 6.28%, 0, 0, 2, 24.15
1747774508, 0, 0, 351, 351, 1, 6.28%, 0, 0, 2, 23.40
1747774514, 0, 0, 352, 352, 1, 6.28%, 0, 0, 2, 24.55
1747774524, 0, 0, 353, 353, 1, 6.28%, 0, 0, 2, 25.54
1747774529, 0, 0, 354, 354, 1, 6.28%, 0, 0, 2, 25.78
1747774534, 0, 0, 355, 355, 1, 6.28%, 0, 0, 2, 26.00
1747774539, 0, 0, 356, 356, 1, 6.28%, 0, 0, 2, 26.33
1747774549, 0, 0, 359, 359, 1, 6.29%, 0, 0, 2, 22.93
1747774559, 0, 0, 362, 362, 1, 6.29%, 0, 0, 2, 24.32
1747774564, 0, 0, 363, 363, 1, 6.29%, 0, 0, 2, 24.57
1747774570, 0, 0, 364, 364, 1, 6.29%, 0, 0, 2, 25.47
1747774575, 0, 0, 365, 365, 1, 6.29%, 0, 0, 2, 25.12
1747774580, 0, 0, 368, 368, 1, 6.29%, 0, 0, 2, 25.13
1747774585, 0, 0, 370, 370, 1, 6.29%, 0, 0, 2, 24.86
1747774590, 0, 0, 371, 371, 1, 6.29%, 0, 0, 2, 24.83
1747774595, 0, 0, 373, 373, 1, 6.29%, 0, 0, 2, 25.49
1747774605, 0, 1, 376, 375, 9, 6.29%, 0, 0, 2, 13.21
1747774610, 0, 1, 379, 378, 9, 6.30%, 0, 0, 2, 12.51
1747774616, 0, 1, 385, 384, 9, 6.36%, 0, 0, 2, 16.56
1747774621, 0, 1, 391, 390, 9, 6.36%, 0, 0, 2, 17.53
1747774626, 0, 1, 395, 394, 9, 6.36%, 0, 0, 2, 17.16
1747774631, 0, 1, 399, 398, 9, 6.37%, 0, 0, 2, 16.27
1747774636, 0, 1, 401, 400, 9, 6.56%, 0, 0, 2, 15.82
1747774641, 0, 1, 406, 405, 9, 6.56%, 0, 0, 2, 16.45
1747774646, 0, 1, 409, 408, 9, 6.56%, 0, 0, 2, 16.75
1747774652, 0, 1, 413, 412, 9, 6.56%, 0, 0, 2, 14.75
1747774657, 0, 1, 418, 417, 9, 6.56%, 0, 0, 2, 17.43
1747774662, 0, 1, 422, 421, 9, 6.56%, 0, 0, 2, 16.80
1747774667, 0, 1, 424, 423, 9, 6.56%, 0, 0, 2, 17.90
1747774672, 0, 1, 427, 426, 9, 6.69%, 0, 0, 2, 14.71
1747774677, 0, 1, 429, 428, 9, 6.69%, 0, 0, 2, 16.09
1747774682, 0, 1, 430, 429, 9, 6.69%, 0, 0, 2, 16.53
1747774687, 0, 1, 432, 431, 9, 6.69%, 0, 0, 2, 16.80
1747774692, 0, 1, 437, 436, 9, 6.69%, 0, 0, 2, 17.74
1747774697, 0, 1, 440, 439, 9, 6.72%, 0, 0, 2, 15.65
1747774703, 0, 1, 444, 443, 9, 6.72%, 0, 0, 2, 14.80
1747774708, 0, 1, 446, 445, 9, 6.72%, 0, 0, 2, 18.25
1747774713, 0, 1, 448, 447, 9, 6.72%, 0, 0, 2, 16.39
1747774718, 0, 1, 452, 451, 9, 6.72%, 0, 0, 2, 15.94
1747774723, 0, 1, 454, 453, 9, 6.72%, 0, 0, 2, 17.56
1747774728, 0, 1, 458, 457, 9, 6.72%, 0, 0, 2, 13.75
1747774733, 0, 1, 462, 461, 9, 6.73%, 0, 0, 2, 12.25
1747774738, 0, 1, 466, 465, 9, 6.73%, 0, 0, 2, 13.69
1747774743, 0, 1, 468, 467, 9, 6.73%, 0, 0, 2, 15.29
1747774749, 0, 1, 469, 468, 9, 6.73%, 0, 0, 2, 15.99
1747774754, 0, 1, 472, 471, 9, 6.73%, 0, 0, 2, 15.85
1747774759, 0, 2, 473, 472, 11, 6.73%, 0, 0, 2, 17.00
1747774764, 0, 5, 474, 473, 11, 6.73%, 0, 0, 2, 18.58
1747774769, 0, 5, 479, 478, 11, 6.73%, 0, 0, 2, 13.80
1747774774, 0, 5, 480, 479, 11, 6.73%, 0, 0, 2, 16.80
1747774779, 0, 5, 481, 480, 11, 6.73%, 0, 0, 2, 18.47
1747774784, 0, 5, 483, 482, 11, 6.73%, 0, 0, 2, 16.98
1747774790, 0, 5, 484, 483, 11, 6.73%, 0, 0, 2, 18.70
1747774795, 0, 5, 487, 486, 11, 7.18%, 0, 0, 2, 15.33
1747774800, 0, 5, 489, 488, 11, 7.19%, 0, 0, 2, 13.72
1747774805, 0, 5, 491, 490, 11, 7.19%, 0, 0, 2, 14.50
1747774810, 0, 5, 496, 495, 11, 7.19%, 0, 0, 2, 14.41
1747774815, 0, 5, 498, 497, 11, 7.19%, 0, 0, 2, 14.95
1747774820, 0, 5, 501, 500, 11, 7.19%, 0, 0, 2, 15.38
1747774835, 0, 5, 502, 501, 11, 7.19%, 0, 0, 2, 18.39
1747774841, 0, 5, 504, 503, 11, 7.19%, 0, 0, 2, 15.13
1747774846, 0, 5, 506, 505, 11, 7.19%, 0, 0, 2, 15.13
1747774851, 0, 5, 507, 506, 11, 7.19%, 0, 0, 2, 15.05
1747774856, 0, 5, 508, 507, 11, 7.19%, 0, 0, 2, 17.47
1747774861, 0, 5, 510, 509, 11, 7.19%, 0, 0, 2, 16.38
1747774866, 0, 5, 512, 511, 11, 7.19%, 0, 0, 2, 16.68
1747774872, 0, 5, 513, 512, 11, 7.19%, 0, 0, 2, 14.94
1747774877, 0, 5, 514, 513, 11, 7.19%, 0, 0, 2, 17.77
1747774882, 0, 5, 518, 517, 11, 7.19%, 0, 0, 2, 14.81
1747774887, 0, 5, 520, 519, 11, 7.19%, 0, 0, 2, 13.12
1747774892, 0, 6, 521, 520, 11, 7.19%, 0, 0, 2, 16.75
1747774897, 0, 9, 522, 521, 11, 7.19%, 0, 0, 2, 15.99
1747774902, 0, 9, 523, 522, 11, 7.19%, 0, 0, 2, 18.66
1747774907, 0, 9, 524, 523, 11, 7.41%, 0, 0, 2, 16.83
1747774913, 0, 9, 526, 525, 11, 7.41%, 0, 0, 2, 16.20
1747774918, 0, 9, 528, 527, 11, 7.42%, 0, 0, 2, 15.37
1747774923, 0, 9, 529, 528, 11, 7.42%, 0, 0, 2, 15.49
1747774928, 0, 9, 531, 530, 11, 7.43%, 0, 0, 2, 14.79
1747774933, 0, 9, 534, 533, 11, 7.43%, 0, 0, 2, 12.48
1747774938, 0, 9, 535, 534, 11, 7.43%, 0, 0, 2, 15.50
1747774943, 0, 9, 537, 536, 11, 7.43%, 0, 0, 2, 14.42
1747774948, 0, 9, 539, 538, 11, 7.43%, 0, 0, 2, 12.49
1747774953, 0, 9, 540, 539, 11, 7.43%, 0, 0, 2, 16.53
1747774963, 0, 9, 541, 540, 11, 7.43%, 0, 0, 2, 17.27
1747774969, 0, 9, 545, 544, 11, 7.43%, 0, 0, 2, 14.58
1747774974, 0, 9, 546, 545, 11, 7.53%, 0, 0, 2, 13.99
1747774979, 0, 9, 547, 546, 11, 7.53%, 0, 0, 2, 15.66
1747774984, 0, 9, 549, 548, 11, 7.53%, 0, 0, 2, 14.31
1747774989, 0, 9, 551, 550, 11, 7.53%, 0, 0, 2, 13.59
1747774994, 0, 9, 552, 551, 11, 7.53%, 0, 0, 2, 16.42
1747774999, 0, 9, 553, 552, 11, 7.53%, 0, 0, 2, 17.51
1747775004, 0, 9, 555, 554, 11, 7.53%, 0, 0, 2, 15.61
1747775009, 0, 9, 557, 556, 11, 7.53%, 0, 0, 2, 22.19
1747775015, 0, 10, 557, 556, 14, 7.53%, 0, 0, 2, 27.30
1747775020, 0, 12, 558, 557, 14, 7.53%, 0, 0, 2, 27.04
1747775025, 0, 15, 558, 557, 14, 7.53%, 0, 0, 2, 29.39
1747775030, 0, 18, 558, 557, 14, 7.53%, 0, 0, 2, 28.82
1747775035, 0, 18, 562, 561, 14, 7.53%, 0, 0, 2, 23.53
1747775040, 0, 18, 564, 563, 14, 7.53%, 0, 0, 2, 24.70
1747775045, 0, 18, 566, 565, 14, 7.53%, 0, 0, 2, 25.45
1747775050, 0, 18, 567, 566, 14, 7.53%, 0, 0, 2, 26.19
1747775056, 0, 18, 570, 569, 14, 7.83%, 0, 0, 2, 22.71
1747775061, 0, 18, 573, 572, 14, 7.83%, 0, 0, 2, 22.82
1747775066, 0, 18, 578, 577, 14, 7.94%, 0, 0, 2, 16.89
1747775071, 0, 18, 580, 579, 14, 7.94%, 0, 0, 2, 21.92
1747775076, 0, 18, 583, 582, 14, 7.94%, 0, 0, 2, 27.11
1747775081, 0, 18, 586, 585, 14, 7.94%, 0, 0, 2, 22.73
1747775086, 0, 18, 590, 589, 14, 7.94%, 0, 0, 2, 18.08
1747775091, 0, 18, 593, 592, 14, 7.94%, 0, 0, 2, 21.04
1747775096, 0, 18, 597, 596, 14, 7.94%, 0, 0, 2, 17.98
1747775102, 0, 18, 598, 597, 14, 7.94%, 0, 0, 2, 23.06
1747775107, 0, 18, 601, 600, 14, 7.94%, 0, 0, 2, 21.94
1747775112, 0, 18, 603, 602, 14, 7.94%, 0, 0, 2, 24.03
1747775117, 0, 18, 605, 604, 14, 7.94%, 0, 0, 2, 24.87
1747775122, 0, 20, 608, 607, 12, 7.94%, 0, 0, 2, 28.01
1747775127, 0, 20, 611, 610, 12, 7.94%, 0, 0, 2, 24.44
1747775132, 0, 20, 612, 611, 12, 7.94%, 0, 0, 2, 27.75
1747775137, 0, 20, 613, 612, 12, 7.94%, 0, 0, 2, 27.61
1747775143, 0, 20, 614, 613, 12, 7.94%, 0, 0, 2, 29.63
1747775148, 0, 20, 616, 615, 12, 7.94%, 0, 0, 2, 23.96
1747775153, 0, 20, 617, 616, 12, 7.94%, 0, 0, 2, 24.72
1747775158, 0, 20, 618, 617, 12, 7.94%, 0, 0, 2, 28.38
1747775163, 0, 20, 621, 620, 12, 7.94%, 0, 0, 2, 24.38
1747775168, 0, 20, 623, 622, 12, 7.94%, 0, 0, 2, 22.39
1747775173, 0, 20, 624, 623, 12, 7.94%, 0, 0, 2, 23.80
1747775178, 0, 20, 627, 626, 12, 7.94%, 0, 0, 2, 17.43
1747775184, 0, 20, 630, 629, 12, 7.94%, 0, 0, 2, 16.37
1747775189, 0, 20, 632, 631, 12, 7.94%, 0, 0, 2, 21.20
1747775194, 0, 20, 635, 634, 12, 7.94%, 0, 0, 2, 22.88
1747775199, 0, 20, 638, 637, 12, 8.18%, 0, 0, 2, 22.37
1747775204, 0, 20, 641, 640, 12, 8.18%, 0, 0, 2, 22.40
1747775209, 0, 22, 643, 642, 14, 8.18%, 0, 0, 2, 21.24
1747775214, 0, 22, 645, 644, 14, 8.18%, 0, 0, 2, 16.16
1747775219, 0, 22, 647, 646, 14, 8.18%, 0, 0, 2, 18.40
1747775225, 0, 22, 649, 648, 14, 8.18%, 0, 0, 2, 22.43
1747775230, 0, 22, 651, 650, 14, 8.18%, 0, 0, 2, 21.89
1747775235, 0, 22, 653, 652, 14, 8.18%, 0, 0, 2, 20.98
1747775240, 0, 22, 656, 655, 14, 8.18%, 0, 0, 2, 20.16
1747775245, 0, 22, 659, 658, 14, 8.18%, 0, 0, 2, 18.26
1747775250, 0, 22, 660, 659, 14, 8.18%, 0, 0, 2, 22.58
1747775255, 0, 22, 664, 663, 14, 8.21%, 0, 0, 2, 14.72
1747775261, 0, 22, 667, 666, 14, 8.21%, 0, 0, 2, 19.64
1747775266, 0, 22, 669, 668, 14, 8.21%, 0, 0, 2, 24.73
1747775271, 0, 22, 670, 669, 14, 8.21%, 0, 0, 2, 23.23
1747775276, 0, 22, 672, 671, 14, 8.21%, 0, 0, 2, 24.03
1747775281, 0, 22, 675, 674, 14, 8.21%, 0, 0, 2, 20.15
1747775286, 0, 22, 677, 676, 14, 8.21%, 0, 0, 2, 18.88
1747775291, 0, 22, 680, 679, 14, 8.21%, 0, 0, 2, 22.97
1747775296, 0, 22, 681, 680, 14, 8.21%, 0, 0, 2, 20.62
1747775301, 0, 22, 683, 682, 14, 8.21%, 0, 0, 2, 20.02
1747775307, 0, 22, 686, 685, 14, 8.21%, 0, 0, 2, 18.24
1747775312, 0, 24, 688, 687, 15, 8.21%, 0, 0, 2, 23.10
1747775317, 0, 24, 691, 690, 15, 8.21%, 0, 0, 2, 25.89
1747775322, 0, 24, 693, 692, 15, 8.21%, 0, 0, 2, 25.53
1747775327, 0, 24, 694, 693, 15, 8.21%, 0, 0, 2, 24.81
1747775332, 0, 24, 695, 694, 15, 8.21%, 0, 0, 2, 25.24
1747775338, 0, 24, 696, 695, 15, 8.21%, 0, 0, 2, 25.63
1747775343, 0, 24, 697, 696, 15, 8.21%, 0, 0, 2, 24.34
1747775348, 0, 24, 700, 699, 15, 8.21%, 0, 0, 2, 17.28
1747775358, 0, 24, 701, 700, 15, 8.21%, 0, 0, 2, 27.29
1747775363, 0, 24, 702, 701, 15, 8.21%, 0, 0, 2, 23.41
1747775368, 0, 24, 703, 702, 15, 8.23%, 0, 0, 2, 25.71
1747775374, 0, 24, 704, 703, 15, 8.23%, 0, 0, 2, 26.58
1747775379, 0, 24, 706, 705, 15, 8.23%, 0, 0, 2, 20.73
1747775384, 0, 24, 707, 706, 15, 8.23%, 0, 0, 2, 26.42
1747775389, 0, 25, 708, 707, 17, 8.23%, 0, 0, 2, 23.35
1747775394, 0, 25, 711, 710, 17, 8.23%, 0, 0, 2, 19.23
1747775399, 0, 25, 713, 712, 17, 8.23%, 0, 0, 2, 21.62
1747775404, 0, 25, 714, 713, 17, 8.23%, 0, 0, 2, 24.25
1747775409, 0, 25, 717, 716, 17, 8.23%, 0, 0, 2, 20.43
1747775420, 0, 25, 719, 718, 17, 8.26%, 0, 0, 2, 22.20
1747775425, 0, 25, 720, 719, 17, 8.26%, 0, 0, 2, 23.45
1747775430, 0, 25, 721, 720, 17, 8.26%, 0, 0, 2, 24.59
1747775435, 0, 25, 723, 722, 17, 8.26%, 0, 0, 2, 20.15
1747775440, 0, 25, 724, 723, 17, 8.26%, 0, 0, 2, 20.54
1747775445, 0, 25, 726, 725, 17, 8.26%, 0, 0, 2, 19.90
1747775450, 0, 25, 727, 726, 17, 8.26%, 0, 0, 2, 23.86
1747775455, 0, 25, 728, 727, 17, 8.26%, 0, 0, 2, 23.93
1747775460, 0, 25, 730, 729, 17, 8.26%, 0, 0, 2, 6.66
1747775471, 0, 25, 731, 730, 17, 8.26%, 0, 0, 2, 11.41
1747775481, 0, 25, 732, 731, 17, 8.26%, 0, 0, 2, 12.09
1747775486, 0, 27, 734, 733, 17, 8.26%, 0, 0, 2, 12.92
1747775491, 0, 27, 736, 735, 17, 8.26%, 0, 0, 2, 10.16
1747775496, 0, 27, 737, 736, 17, 8.26%, 0, 0, 2, 12.10
1747775501, 0, 27, 738, 737, 17, 8.26%, 0, 0, 2, 14.47
1747775507, 0, 27, 740, 739, 17, 8.26%, 0, 0, 2, 9.14
1747775512, 0, 27, 741, 740, 17, 8.26%, 0, 0, 2, 9.58
1747775517, 0, 27, 742, 741, 17, 8.26%, 0, 0, 2, 11.34
1747775537, 0, 27, 744, 743, 17, 8.26%, 0, 0, 2, 17.58
1747775543, 0, 27, 746, 745, 17, 8.26%, 0, 0, 2, 15.14
1747775548, 0, 27, 747, 746, 17, 8.26%, 0, 0, 2, 9.48
1747775553, 0, 27, 748, 747, 17, 8.26%, 0, 0, 2, 14.68
1747775568, 0, 27, 749, 748, 17, 8.26%, 0, 0, 2, 11.11
1747775573, 0, 27, 750, 749, 17, 8.26%, 0, 0, 2, 10.94
1747775584, 0, 27, 751, 750, 17, 8.26%, 0, 0, 2, 15.97
1747775589, 0, 27, 752, 751, 17, 8.26%, 0, 0, 2, 13.95
1747775599, 0, 27, 753, 752, 17, 8.26%, 0, 0, 2, 14.65
1747775609, 0, 27, 754, 753, 17, 8.26%, 0, 0, 2, 10.59
1747775614, 0, 27, 755, 754, 17, 8.26%, 0, 0, 2, 15.34
1747775620, 0, 28, 755, 754, 17, 8.26%, 0, 0, 2, 16.14
1747775625, 0, 30, 755, 754, 17, 8.26%, 0, 0, 2, 16.87
1747775630, 0, 32, 757, 756, 17, 8.26%, 0, 0, 2, 11.50
1747775640, 0, 32, 758, 757, 17, 8.26%, 0, 0, 2, 11.71
1747775645, 0, 32, 760, 759, 17, 8.26%, 0, 0, 2, 12.26
1747775650, 0, 32, 761, 760, 17, 8.26%, 0, 0, 2, 14.35
1747775660, 0, 32, 762, 761, 17, 8.26%, 0, 0, 2, 15.63
1747775665, 0, 32, 763, 762, 17, 8.26%, 0, 0, 2, 13.95
1747775676, 0, 32, 765, 764, 17, 8.26%, 0, 0, 2, 10.31
1747775686, 0, 32, 767, 766, 17, 8.26%, 0, 0, 2, 11.29
1747775701, 0, 32, 768, 767, 17, 8.26%, 0, 0, 2, 12.80
1747775706, 0, 32, 769, 768, 17, 8.26%, 0, 0, 2, 13.60
1747775711, 0, 32, 770, 769, 17, 8.26%, 0, 0, 2, 15.78
1747775722, 0, 32, 772, 771, 17, 8.26%, 0, 0, 2, 12.06
1747775742, 0, 32, 773, 772, 17, 8.26%, 0, 0, 2, 12.00
1747775747, 0, 32, 774, 773, 17, 8.26%, 0, 0, 2, 13.77
1747775757, 0, 32, 775, 774, 17, 8.26%, 0, 0, 2, 13.52
1747775762, 0, 33, 776, 775, 18, 8.26%, 0, 0, 2, 10.52
1747775773, 0, 34, 778, 777, 18, 8.26%, 0, 0, 2, 14.48
1747775788, 0, 35, 779, 778, 18, 8.26%, 0, 0, 2, 12.50
1747775793, 0, 35, 780, 779, 18, 8.26%, 0, 0, 2, 12.59
1747775803, 0, 36, 780, 779, 18, 8.26%, 0, 0, 2, 16.51
1747775808, 0, 37, 782, 781, 18, 8.26%, 0, 0, 2, 14.10
1747775813, 0, 37, 783, 782, 18, 8.26%, 0, 0, 2, 14.83
1747775824, 0, 37, 784, 783, 18, 8.26%, 0, 0, 2, 14.30
1747775834, 0, 37, 785, 784, 18, 8.26%, 0, 0, 2, 12.21
1747775844, 0, 37, 786, 785, 18, 8.26%, 0, 0, 2, 17.07
1747775865, 0, 37, 787, 786, 18, 8.26%, 0, 0, 2, 14.32
1747775870, 0, 37, 788, 787, 18, 8.26%, 0, 0, 2, 15.86
1747775875, 0, 37, 789, 788, 18, 8.26%, 0, 0, 2, 11.91
1747775880, 0, 37, 790, 789, 18, 8.26%, 0, 0, 2, 15.43
1747775891, 0, 37, 792, 791, 18, 8.26%, 0, 0, 2, 10.29
1747775916, 0, 37, 793, 792, 18, 8.26%, 0, 0, 2, 17.58
1747775926, 0, 38, 794, 793, 18, 8.26%, 0, 0, 2, 16.87
1747775931, 0, 39, 794, 793, 18, 8.26%, 0, 0, 2, 17.32
1747775936, 0, 40, 795, 794, 18, 8.26%, 0, 0, 2, 11.42
1747775941, 0, 41, 795, 794, 18, 8.26%, 0, 0, 2, 15.31
1747775947, 0, 43, 795, 794, 18, 8.26%, 0, 0, 2, 15.93
1747775952, 0, 46, 795, 794, 18, 8.26%, 0, 0, 2, 16.21
1747775957, 0, 47, 797, 796, 18, 8.26%, 0, 0, 2, 13.21
1747775962, 0, 47, 798, 797, 18, 8.26%, 0, 0, 2, 15.77
1747775968, 0, 47, 800, 799, 18, 8.26%, 0, 0, 2, 13.38
1747775988, 0, 47, 801, 800, 18, 8.26%, 0, 0, 2, 15.17
1747775998, 0, 47, 802, 801, 18, 8.26%, 0, 0, 2, 16.20
1747776019, 0, 47, 803, 802, 18, 8.26%, 0, 0, 2, 15.74
1747776029, 0, 47, 804, 803, 18, 8.26%, 0, 0, 2, 12.41
1747776039, 0, 47, 805, 804, 18, 8.26%, 0, 0, 2, 14.07
1747776044, 0, 47, 806, 805, 18, 8.26%, 0, 0, 2, 12.75
1747776059, 0, 47, 807, 806, 18, 8.26%, 0, 0, 2, 11.08
1747776080, 0, 50, 807, 806, 17, 8.26%, 0, 0, 2, 16.14
1747776085, 0, 51, 808, 807, 17, 8.26%, 0, 0, 2, 10.62
1747776090, 0, 51, 809, 808, 17, 8.26%, 0, 0, 2, 10.82
1747776100, 0, 52, 809, 808, 17, 8.26%, 0, 0, 2, 15.89
1747776105, 0, 53, 810, 809, 17, 8.26%, 0, 0, 2, 13.71
1747776110, 0, 53, 811, 810, 17, 8.26%, 0, 0, 2, 10.12
1747776121, 0, 54, 811, 810, 17, 8.26%, 0, 0, 2, 15.85
1747776126, 0, 57, 811, 810, 17, 8.26%, 0, 0, 2, 15.65
1747776131, 0, 59, 811, 810, 17, 8.26%, 0, 0, 2, 17.34
1747776136, 0, 60, 811, 810, 17, 8.26%, 0, 0, 2, 16.01
1747776141, 0, 63, 811, 810, 17, 8.26%, 0, 0, 2, 16.98
1747776147, 0, 67, 811, 810, 17, 8.26%, 0, 0, 2, 16.81
1747776152, 0, 69, 812, 811, 17, 8.26%, 0, 0, 2, 12.09
1747776162, 0, 72, 812, 811, 17, 8.26%, 0, 0, 2, 15.26
1747776167, 0, 73, 812, 811, 17, 8.26%, 0, 0, 2, 15.31
1747776172, 0, 74, 813, 812, 17, 8.26%, 0, 0, 2, 13.32
1747776177, 0, 75, 814, 813, 17, 8.26%, 0, 0, 2, 13.80
1747776188, 0, 76, 814, 813, 17, 8.26%, 0, 0, 2, 16.35
1747776193, 0, 78, 814, 813, 17, 8.26%, 0, 0, 2, 15.97
1747776198, 0, 80, 814, 813, 17, 8.26%, 0, 0, 2, 16.31
1747776203, 0, 80, 815, 814, 17, 8.26%, 0, 0, 2, 13.34
1747776209, 0, 80, 816, 815, 17, 8.26%, 0, 0, 2, 12.54
1747776214, 0, 80, 817, 816, 17, 8.26%, 0, 0, 2, 14.42
1747776219, 0, 80, 818, 817, 17, 8.26%, 0, 0, 2, 14.17
1747776234, 0, 80, 819, 818, 17, 8.26%, 0, 0, 2, 15.16
1747776239, 0, 80, 820, 819, 17, 8.26%, 0, 0, 2, 11.24
1747776244, 0, 80, 821, 820, 17, 8.26%, 0, 0, 2, 15.39
1747776285, 0, 80, 822, 821, 17, 8.27%, 0, 0, 2, 10.93
1747776290, 0, 80, 823, 822, 17, 8.27%, 0, 0, 2, 9.01
1747776301, 0, 80, 825, 824, 17, 8.27%, 0, 0, 2, 13.23
1747776321, 0, 81, 826, 825, 19, 8.27%, 0, 0, 2, 13.93
1747776332, 0, 83, 826, 825, 19, 8.27%, 0, 0, 2, 16.06
1747776337, 0, 85, 826, 825, 19, 8.27%, 0, 0, 2, 17.01
1747776342, 0, 86, 826, 825, 19, 8.27%, 0, 0, 2, 16.20
1747776347, 0, 87, 827, 826, 19, 8.27%, 0, 0, 2, 11.88
1747776352, 0, 88, 827, 826, 19, 8.27%, 0, 0, 2, 14.18
1747776358, 0, 90, 827, 826, 19, 8.27%, 0, 0, 2, 16.04
1747776363, 0, 92, 827, 826, 19, 8.27%, 0, 0, 2, 17.68
1747776368, 0, 95, 827, 826, 19, 8.27%, 0, 0, 2, 16.30
1747776373, 0, 95, 828, 827, 19, 8.27%, 0, 0, 2, 16.18
1747776379, 0, 97, 828, 827, 19, 8.27%, 0, 0, 2, 13.51
1747776384, 0, 98, 829, 828, 19, 8.27%, 0, 0, 2, 13.42
1747776389, 0, 100, 830, 829, 19, 8.27%, 0, 0, 2, 12.16
1747776399, 0, 102, 830, 829, 19, 8.27%, 0, 0, 2, 15.58
1747776404, 0, 104, 831, 830, 19, 8.27%, 0, 0, 2, 15.03
1747776414, 0, 107, 831, 830, 19, 8.27%, 0, 0, 2, 15.82
1747776419, 0, 109, 831, 830, 19, 8.27%, 0, 0, 2, 15.16
1747776425, 0, 110, 832, 831, 19, 8.27%, 0, 0, 2, 13.51
1747776430, 0, 110, 833, 832, 19, 8.27%, 0, 0, 2, 14.94
1747776440, 0, 114, 833, 832, 19, 8.27%, 0, 0, 2, 15.90
1747776445, 0, 114, 834, 833, 19, 8.27%, 0, 0, 2, 13.41
1747776450, 0, 117, 834, 833, 19, 8.27%, 0, 0, 2, 15.95
1747776455, 0, 118, 834, 833, 19, 8.27%, 0, 0, 2, 14.07
1747776460, 0, 121, 834, 833, 19, 8.27%, 0, 0, 2, 15.85
1747776465, 0, 121, 835, 834, 19, 8.27%, 0, 0, 2, 14.13
1747776470, 0, 122, 836, 835, 19, 8.27%, 0, 0, 2, 10.11
1747776481, 0, 127, 836, 835, 19, 8.27%, 0, 0, 2, 14.88
1747776486, 0, 128, 836, 835, 19, 8.27%, 0, 0, 2, 14.79
1747776491, 0, 130, 836, 835, 19, 8.27%, 0, 0, 2, 14.77
1747776496, 0, 131, 836, 835, 19, 8.27%, 0, 0, 2, 15.42
1747776501, 0, 133, 836, 835, 19, 8.27%, 0, 0, 2, 16.71
1747776506, 0, 133, 837, 836, 19, 8.27%, 0, 0, 2, 14.84
1747776511, 0, 138, 837, 836, 19, 8.27%, 0, 0, 2, 16.11
1747776516, 0, 140, 837, 836, 19, 8.27%, 0, 0, 2, 16.67
1747776522, 0, 142, 837, 836, 19, 8.27%, 0, 0, 2, 16.51
1747776527, 0, 144, 837, 836, 19, 8.27%, 0, 0, 2, 15.73
1747776532, 0, 144, 838, 837, 19, 8.27%, 0, 0, 2, 11.05
1747776537, 0, 145, 838, 837, 19, 8.27%, 0, 0, 2, 14.58
1747776542, 0, 146, 839, 838, 19, 8.27%, 0, 0, 2, 14.39
1747776547, 0, 147, 839, 838, 19, 8.27%, 0, 0, 2, 14.83
1747776552, 0, 148, 840, 839, 19, 8.27%, 0, 0, 2, 11.97
1747776563, 0, 150, 841, 840, 19, 8.27%, 0, 0, 2, 20.41
1747776568, 0, 151, 841, 840, 19, 8.27%, 0, 0, 2, 19.21
1747776573, 0, 151, 842, 841, 19, 8.27%, 0, 0, 2, 12.50
1747776578, 0, 153, 842, 841, 19, 8.27%, 0, 0, 2, 15.61
1747776583, 0, 154, 844, 843, 19, 8.35%, 0, 0, 2, 9.31
1747776594, 0, 154, 845, 844, 19, 8.35%, 0, 0, 2, 11.18
1747776614, 0, 154, 847, 846, 19, 8.35%, 0, 0, 2, 12.07
1747776630, 0, 154, 848, 847, 19, 8.35%, 0, 0, 2, 10.84
1747776635, 0, 154, 849, 848, 19, 8.35%, 0, 0, 2, 10.02
1747776665, 0, 154, 850, 849, 19, 8.35%, 0, 0, 2, 13.53
1747776701, 0, 155, 850, 849, 18, 8.35%, 0, 0, 2, 17.34
1747776707, 0, 157, 850, 849, 18, 8.35%, 0, 0, 2, 15.41
1747776712, 0, 162, 850, 849, 18, 8.35%, 0, 0, 2, 15.51
1747776717, 0, 164, 850, 849, 18, 8.35%, 0, 0, 2, 17.64
1747776722, 0, 165, 850, 849, 18, 8.35%, 0, 0, 2, 14.75
1747776727, 0, 167, 851, 850, 18, 8.35%, 0, 0, 2, 14.81
1747776738, 0, 168, 851, 850, 18, 8.35%, 0, 0, 2, 15.18
1747776743, 0, 169, 852, 851, 18, 8.35%, 0, 0, 2, 12.82
1747776748, 0, 170, 852, 851, 18, 8.35%, 0, 0, 2, 15.93
1747776753, 0, 172, 852, 851, 18, 8.35%, 0, 0, 2, 14.62
1747776758, 0, 174, 852, 851, 18, 8.35%, 0, 0, 2, 15.80
1747776763, 0, 179, 852, 851, 18, 8.35%, 0, 0, 2, 16.45
1747776769, 0, 180, 853, 852, 18, 8.35%, 0, 0, 2, 14.22
1747776774, 0, 181, 853, 852, 18, 8.35%, 0, 0, 2, 17.61
1747776779, 0, 183, 853, 852, 18, 8.35%, 0, 0, 2, 18.16
1747776784, 0, 184, 853, 852, 18, 8.35%, 0, 0, 2, 17.92
1747776789, 0, 186, 854, 853, 18, 8.35%, 0, 0, 2, 14.88
1747776800, 0, 186, 855, 854, 18, 8.35%, 0, 0, 2, 10.24
1747776805, 0, 186, 856, 855, 18, 8.35%, 0, 0, 2, 12.41
1747776810, 0, 186, 857, 856, 18, 8.35%, 0, 0, 2, 15.63
1747776846, 0, 187, 857, 856, 18, 8.35%, 0, 0, 2, 16.47
1747776851, 0, 187, 858, 857, 18, 8.35%, 0, 0, 2, 11.65
1747776856, 0, 188, 858, 857, 18, 8.35%, 0, 0, 2, 15.11
1747776862, 0, 190, 858, 857, 18, 8.35%, 0, 0, 2, 16.25
1747776867, 0, 191, 858, 857, 18, 8.35%, 0, 0, 2, 15.89
1747776872, 0, 193, 858, 857, 18, 8.35%, 0, 0, 2, 17.46
1747776877, 0, 199, 858, 857, 18, 8.35%, 0, 0, 2, 16.18
1747776883, 0, 200, 858, 857, 18, 8.35%, 0, 0, 2, 16.90
1747776888, 0, 202, 858, 857, 18, 8.35%, 0, 0, 2, 14.58
1747776893, 0, 202, 859, 858, 18, 8.35%, 0, 0, 2, 11.78
1747776898, 0, 203, 859, 858, 18, 8.35%, 0, 0, 2, 16.27
1747776903, 0, 206, 859, 858, 18, 8.35%, 0, 0, 2, 15.05
1747776908, 0, 207, 859, 858, 18, 8.35%, 0, 0, 2, 13.36
1747776913, 0, 207, 860, 859, 18, 8.35%, 0, 0, 2, 14.64
1747776918, 0, 209, 860, 859, 18, 8.35%, 0, 0, 2, 15.14
1747776923, 0, 211, 860, 859, 18, 8.35%, 0, 0, 2, 16.98
1747776928, 0, 213, 861, 860, 18, 8.35%, 0, 0, 2, 15.38
1747776939, 0, 215, 861, 860, 18, 8.35%, 0, 0, 2, 16.46
1747776944, 0, 217, 861, 860, 18, 8.35%, 0, 0, 2, 16.55
1747776949, 0, 219, 861, 860, 18, 8.35%, 0, 0, 2, 16.41
1747776954, 0, 220, 861, 860, 18, 8.35%, 0, 0, 2, 16.11
1747776959, 0, 222, 861, 860, 18, 8.35%, 0, 0, 2, 15.91
1747776964, 0, 224, 861, 860, 18, 8.35%, 0, 0, 2, 16.17
1747776970, 0, 225, 861, 860, 18, 8.35%, 0, 0, 2, 15.01
1747776975, 0, 226, 862, 861, 18, 8.35%, 0, 0, 2, 14.88
1747776980, 0, 227, 862, 861, 18, 8.35%, 0, 0, 2, 15.77
1747776985, 0, 228, 862, 861, 18, 8.35%, 0, 0, 2, 15.54
1747776990, 0, 230, 862, 861, 18, 8.35%, 0, 0, 2, 17.26
1747776995, 0, 233, 862, 861, 18, 8.35%, 0, 0, 2, 17.74
1747777000, 0, 234, 862, 861, 18, 8.35%, 0, 0, 2, 15.45
1747777005, 0, 235, 864, 863, 18, 8.35%, 0, 0, 2, 12.29
1747777016, 0, 235, 865, 864, 18, 8.35%, 0, 0, 2, 14.83
1747777031, 0, 236, 865, 864, 18, 8.35%, 0, 0, 2, 16.39
1747777036, 0, 237, 865, 864, 18, 8.35%, 0, 0, 2, 15.73
1747777041, 0, 240, 865, 864, 18, 8.35%, 0, 0, 2, 14.27
1747777046, 0, 241, 865, 864, 18, 8.35%, 0, 0, 2, 14.48
1747777051, 0, 243, 865, 864, 18, 8.35%, 0, 0, 2, 16.46
1747777057, 0, 244, 865, 864, 18, 8.35%, 0, 0, 2, 16.69
1747777062, 0, 246, 865, 864, 18, 8.35%, 0, 0, 2, 16.18
1747777067, 0, 247, 865, 864, 18, 8.35%, 0, 0, 2, 16.02
1747777072, 0, 249, 865, 864, 18, 8.35%, 0, 0, 2, 15.19
1747777077, 0, 251, 865, 864, 18, 8.35%, 0, 0, 2, 15.14
1747777082, 0, 252, 865, 864, 18, 8.35%, 0, 0, 2, 16.28
1747777087, 0, 254, 866, 865, 18, 8.35%, 0, 0, 2, 15.87
1747777093, 0, 255, 866, 865, 18, 8.35%, 0, 0, 2, 14.89
1747777098, 0, 258, 866, 865, 18, 8.35%, 0, 0, 2, 15.62
1747777103, 0, 259, 866, 865, 18, 8.35%, 0, 0, 2, 16.66
1747777108, 0, 259, 867, 866, 18, 8.35%, 0, 0, 2, 13.94
1747777113, 0, 260, 868, 867, 18, 8.38%, 0, 0, 2, 11.70
1747777123, 0, 262, 868, 867, 19, 8.38%, 0, 0, 2, 13.45
1747777128, 0, 264, 869, 868, 19, 8.38%, 0, 0, 2, 14.02
1747777139, 0, 265, 869, 868, 19, 8.38%, 0, 0, 2, 12.25
1747777144, 0, 267, 869, 868, 19, 8.38%, 0, 0, 2, 13.35
1747777149, 0, 268, 869, 868, 19, 8.38%, 0, 0, 2, 15.95
1747777154, 0, 270, 869, 868, 19, 8.38%, 0, 0, 2, 15.12
1747777159, 0, 271, 869, 868, 19, 8.38%, 0, 0, 2, 14.52
1747777164, 0, 274, 869, 868, 19, 8.38%, 0, 0, 2, 13.52
1747777169, 0, 277, 869, 868, 19, 8.38%, 0, 0, 2, 14.19
1747777174, 0, 277, 870, 869, 19, 8.38%, 0, 0, 2, 9.34
1747777179, 0, 278, 870, 869, 20, 8.38%, 0, 0, 2, 13.65
1747777184, 0, 280, 870, 869, 20, 8.38%, 0, 0, 2, 13.53
1747777190, 0, 282, 870, 869, 20, 8.38%, 0, 0, 2, 15.60
1747777195, 0, 283, 871, 870, 20, 8.38%, 0, 0, 2, 10.96
1747777200, 0, 283, 872, 871, 20, 8.38%, 0, 0, 2, 10.74
1747777205, 0, 283, 873, 872, 20, 8.38%, 0, 0, 2, 7.26
1747777215, 0, 283, 874, 873, 20, 8.38%, 0, 0, 2, 12.13
1747777220, 0, 283, 875, 874, 20, 8.38%, 0, 0, 2, 11.77
1747777236, 0, 283, 876, 875, 20, 8.38%, 0, 0, 2, 12.87
1747777241, 0, 283, 877, 876, 20, 8.38%, 0, 0, 2, 10.65
1747777247, 0, 283, 878, 877, 20, 8.38%, 0, 0, 2, 13.44
1747777252, 0, 283, 879, 878, 20, 8.38%, 0, 0, 2, 10.24
1747777267, 0, 283, 881, 880, 20, 8.38%, 0, 0, 2, 11.08
1747777272, 0, 283, 882, 881, 20, 8.38%, 0, 0, 2, 12.07
1747777319, 0, 283, 882, 881, 20, 8.38%, 1, 0, 2, 15.67
1747777324, 0, 283, 883, 882, 20, 8.40%, 1, 0, 2, 10.75
1747777340, 0, 284, 884, 883, 19, 8.40%, 1, 0, 2, 11.09
1747777345, 0, 284, 885, 884, 19, 8.40%, 2, 0, 2, 8.43
1747777350, 0, 284, 886, 885, 19, 8.40%, 2, 0, 2, 11.88
1747777376, 0, 287, 886, 885, 19, 8.40%, 3, 0, 2, 3.77
1747777381, 0, 288, 886, 885, 19, 8.40%, 3, 0, 2, 18.43
1747777386, 0, 290, 887, 886, 19, 8.40%, 3, 0, 2, 10.83
1747777396, 0, 292, 887, 886, 19, 8.40%, 3, 0, 2, 13.11
1747777401, 0, 293, 887, 886, 19, 8.40%, 3, 0, 2, 14.63
1747777406, 0, 294, 888, 887, 19, 8.40%, 3, 0, 2, 10.62
1747777411, 0, 294, 889, 888, 19, 8.40%, 3, 0, 2, 12.55
1747777427, 0, 296, 889, 888, 19, 8.40%, 4, 0, 2, 14.21
1747777432, 0, 297, 889, 888, 19, 8.40%, 4, 0, 2, 14.41
1747777437, 0, 300, 889, 888, 19, 8.40%, 4, 0, 2, 16.15
1747777442, 0, 301, 889, 888, 19, 8.40%, 4, 0, 2, 15.71
1747777447, 0, 302, 889, 888, 19, 8.40%, 4, 0, 2, 14.25
1747777452, 0, 304, 889, 888, 19, 8.40%, 4, 0, 2, 14.76
1747777457, 0, 305, 889, 888, 19, 8.40%, 4, 0, 2, 12.99
1747777462, 0, 306, 889, 888, 19, 8.40%, 4, 0, 2, 13.60
1747777468, 0, 308, 889, 888, 19, 8.40%, 4, 0, 2, 16.06
1747777473, 0, 310, 889, 888, 19, 8.40%, 4, 0, 2, 14.61
1747777478, 0, 312, 890, 889, 19, 8.40%, 4, 0, 2, 13.57
1747777483, 0, 313, 890, 889, 19, 8.40%, 4, 0, 2, 14.41
1747777488, 0, 315, 890, 889, 19, 8.40%, 4, 0, 2, 15.99
1747777493, 0, 316, 890, 889, 19, 8.40%, 4, 0, 2, 14.29
1747777499, 0, 317, 890, 889, 19, 8.40%, 4, 0, 2, 14.01
1747777504, 0, 319, 890, 889, 19, 8.40%, 4, 0, 2, 14.99
1747777509, 0, 321, 890, 889, 19, 8.40%, 4, 0, 2, 16.45
1747777514, 0, 323, 891, 890, 19, 8.40%, 4, 0, 2, 16.70
1747777525, 0, 325, 891, 890, 19, 8.40%, 4, 0, 2, 14.37
1747777530, 0, 326, 891, 890, 19, 8.40%, 4, 0, 2, 14.37
1747777535, 0, 327, 891, 890, 19, 8.40%, 4, 0, 2, 13.73
1747777540, 0, 329, 891, 890, 19, 8.40%, 4, 0, 2, 15.06
1747777545, 0, 330, 891, 890, 19, 8.40%, 4, 0, 2, 13.83
1747777551, 0, 332, 891, 890, 19, 8.40%, 4, 0, 2, 14.59
1747777556, 0, 334, 891, 890, 19, 8.40%, 4, 0, 2, 15.22
1747777561, 0, 337, 891, 890, 19, 8.40%, 4, 0, 2, 14.76
1747777566, 0, 339, 891, 890, 19, 8.40%, 4, 0, 2, 13.85
1747777571, 0, 340, 892, 891, 19, 8.40%, 4, 0, 2, 10.83
1747777581, 0, 342, 892, 891, 19, 8.40%, 4, 0, 2, 16.25
1747777586, 0, 342, 893, 892, 19, 8.40%, 4, 0, 2, 12.31
1747777592, 0, 343, 893, 892, 19, 8.40%, 4, 0, 2, 13.26
1747777597, 0, 346, 893, 892, 19, 8.40%, 4, 0, 2, 13.47
1747777602, 0, 347, 894, 893, 19, 8.40%, 4, 0, 2, 13.62
1747777607, 0, 349, 894, 893, 19, 8.40%, 4, 0, 2, 15.05
1747777612, 0, 351, 894, 893, 19, 8.40%, 4, 0, 2, 16.33
1747777617, 0, 353, 894, 893, 19, 8.40%, 4, 0, 2, 16.81
1747777623, 0, 354, 894, 893, 19, 8.40%, 4, 0, 2, 15.33
1747777628, 0, 355, 894, 893, 19, 8.40%, 4, 0, 2, 13.56
1747777633, 0, 357, 894, 893, 19, 8.40%, 4, 0, 2, 15.08
1747777638, 0, 358, 894, 893, 19, 8.40%, 4, 0, 2, 14.09
1747777643, 0, 358, 895, 894, 19, 8.40%, 4, 0, 2, 11.82
1747777648, 0, 359, 896, 895, 19, 8.40%, 4, 0, 2, 11.04
1747777653, 0, 359, 896, 895, 19, 8.40%, 5, 0, 2, 11.42
1747777658, 0, 361, 896, 895, 19, 8.40%, 6, 0, 2, 15.62
1747777664, 0, 362, 896, 895, 19, 8.40%, 6, 0, 2, 15.92
1747777669, 0, 364, 896, 895, 19, 8.40%, 6, 0, 2, 15.30
1747777674, 0, 365, 896, 895, 19, 8.40%, 6, 0, 2, 13.62
1747777679, 0, 366, 896, 895, 19, 8.40%, 6, 0, 2, 14.78
1747777684, 0, 367, 896, 895, 19, 8.40%, 6, 0, 2, 12.52
1747777690, 0, 371, 897, 896, 19, 8.40%, 6, 0, 2, 11.88
1747777695, 0, 372, 897, 896, 19, 8.40%, 6, 0, 2, 13.77
1747777700, 0, 374, 897, 896, 19, 8.40%, 6, 0, 2, 14.44
1747777705, 0, 376, 897, 896, 19, 8.40%, 6, 0, 2, 16.38
1747777710, 0, 378, 897, 896, 19, 8.40%, 6, 0, 2, 16.99
1747777715, 0, 380, 897, 896, 19, 8.40%, 6, 0, 2, 13.92
1747777720, 0, 381, 897, 896, 19, 8.40%, 6, 0, 2, 13.80
1747777725, 0, 382, 897, 896, 19, 8.40%, 6, 0, 2, 15.14
1747777730, 0, 384, 897, 896, 19, 8.40%, 6, 0, 2, 12.52
1747777736, 0, 385, 897, 896, 19, 8.40%, 6, 0, 2, 15.22
1747777741, 0, 388, 897, 896, 19, 8.40%, 6, 0, 2, 17.48
1747777746, 0, 388, 898, 897, 19, 8.40%, 6, 0, 2, 13.06
1747777751, 0, 388, 899, 898, 19, 8.40%, 6, 0, 2, 12.90
1747777761, 0, 391, 899, 898, 19, 8.40%, 6, 0, 2, 15.30
1747777766, 0, 392, 899, 898, 19, 8.40%, 6, 0, 2, 14.30
1747777772, 0, 393, 899, 898, 19, 8.40%, 7, 0, 2, 14.10
1747777777, 0, 397, 899, 898, 19, 8.40%, 7, 0, 2, 13.58
1747777782, 0, 398, 899, 898, 19, 8.40%, 8, 0, 2, 14.81
1747777787, 0, 399, 899, 898, 19, 8.40%, 8, 0, 2, 14.76
1747777792, 0, 401, 899, 898, 19, 8.40%, 8, 0, 2, 14.59
1747777797, 0, 401, 900, 899, 19, 8.40%, 8, 0, 2, 10.87
1747777803, 0, 402, 900, 899, 19, 8.40%, 8, 0, 2, 13.15
1747777808, 0, 405, 900, 899, 19, 8.40%, 8, 0, 2, 12.39
1747777813, 0, 406, 900, 899, 19, 8.40%, 8, 0, 2, 12.85
1747777818, 0, 408, 900, 899, 19, 8.40%, 8, 0, 2, 13.82
1747777824, 0, 409, 900, 899, 19, 8.40%, 8, 0, 2, 13.41
1747777829, 0, 413, 900, 899, 19, 8.40%, 8, 0, 2, 14.94
1747777834, 0, 414, 900, 899, 19, 8.40%, 8, 0, 2, 15.46
1747777839, 0, 416, 900, 899, 19, 8.40%, 8, 0, 2, 15.40
1747777844, 0, 417, 900, 899, 19, 8.40%, 8, 0, 2, 15.01
1747777849, 0, 418, 900, 899, 19, 8.40%, 8, 0, 2, 14.70
1747777855, 0, 422, 900, 899, 19, 8.40%, 9, 0, 2, 15.75
1747777860, 0, 423, 901, 900, 19, 8.40%, 9, 0, 2, 14.71
1747777865, 0, 424, 901, 900, 19, 8.40%, 9, 0, 2, 14.87
1747777870, 0, 426, 901, 900, 19, 8.40%, 10, 0, 2, 16.12
1747778110, 0, 426, 902, 901, 19, 8.40%, 10, 0, 3, 12.36
1747778115, 0, 426, 903, 902, 19, 8.40%, 10, 0, 3, 11.74
1747778120, 0, 426, 905, 904, 19, 8.40%, 10, 0, 3, 11.36
1747778135, 0, 427, 905, 903, 19, 8.40%, 10, 0, 3, 19.44
1747778140, 0, 428, 905, 903, 19, 8.40%, 10, 0, 3, 9.98
1747778145, 0, 430, 905, 903, 19, 8.40%, 10, 0, 3, 13.14
1747778150, 0, 432, 905, 903, 19, 8.40%, 10, 0, 3, 15.78
1747778155, 0, 434, 905, 903, 19, 8.40%, 10, 0, 3, 14.82
1747778161, 0, 435, 905, 903, 19, 8.40%, 10, 0, 3, 11.74
1747778166, 0, 438, 905, 903, 19, 8.40%, 10, 0, 3, 13.08
1747778171, 0, 439, 905, 903, 19, 8.40%, 10, 0, 3, 12.48
1747778176, 0, 440, 905, 903, 19, 8.40%, 10, 0, 3, 14.61
1747778181, 0, 441, 906, 904, 19, 8.40%, 10, 0, 3, 9.53
1747778186, 0, 441, 907, 905, 19, 8.40%, 10, 0, 3, 10.28
1747778202, 0, 442, 908, 906, 19, 8.40%, 10, 0, 3, 12.58
1747778207, 0, 443, 908, 906, 19, 8.40%, 10, 0, 3, 13.61
1747778212, 0, 444, 908, 906, 19, 8.40%, 10, 0, 3, 13.28
1747778217, 0, 445, 908, 906, 19, 8.40%, 10, 0, 3, 12.43
1747778222, 0, 447, 908, 906, 19, 8.40%, 10, 0, 3, 14.50
1747778227, 0, 450, 908, 906, 19, 8.40%, 10, 0, 3, 13.17
1747778232, 0, 451, 908, 906, 19, 8.40%, 10, 0, 3, 13.27
1747778237, 0, 453, 908, 906, 19, 8.40%, 10, 0, 3, 15.41
1747778243, 0, 453, 909, 907, 19, 8.40%, 11, 0, 3, 13.94
1747778248, 0, 454, 909, 907, 19, 8.40%, 11, 0, 3, 13.58
1747778253, 0, 454, 910, 908, 19, 8.40%, 11, 0, 3, 10.51
1747778258, 0, 454, 911, 909, 19, 8.40%, 11, 0, 3, 10.41
1747778268, 0, 455, 911, 909, 19, 8.40%, 11, 0, 3, 15.04
1747778273, 0, 457, 912, 910, 19, 8.40%, 11, 0, 3, 10.78
1747778278, 0, 458, 912, 910, 19, 8.40%, 11, 0, 3, 14.08
1747778284, 0, 458, 913, 911, 19, 8.40%, 11, 0, 3, 13.06
1747778289, 0, 460, 913, 911, 19, 8.40%, 11, 0, 3, 13.82
1747778294, 0, 461, 913, 911, 19, 8.40%, 11, 0, 3, 13.98
1747778299, 0, 463, 913, 911, 19, 8.40%, 11, 0, 3, 13.10
1747778304, 0, 464, 913, 911, 19, 8.40%, 11, 0, 3, 14.14
1747778309, 0, 468, 913, 911, 19, 8.40%, 11, 0, 3, 15.32
1747778314, 0, 469, 913, 911, 19, 8.40%, 11, 0, 3, 15.00
1747778319, 0, 470, 913, 911, 19, 8.40%, 11, 0, 3, 13.76
1747778325, 0, 472, 913, 911, 19, 8.40%, 11, 0, 3, 14.38
1747778330, 0, 472, 914, 912, 19, 8.40%, 11, 0, 3, 11.61
1747778335, 0, 473, 914, 912, 19, 8.40%, 11, 0, 3, 12.95
1747778340, 0, 475, 914, 912, 19, 8.40%, 11, 0, 3, 13.79
1747778345, 0, 476, 914, 912, 19, 8.40%, 11, 0, 3, 14.03
1747778350, 0, 478, 914, 912, 19, 8.40%, 11, 0, 3, 16.63
1747778355, 0, 479, 914, 912, 19, 8.40%, 11, 0, 3, 15.92
1747778360, 0, 481, 915, 913, 19, 8.40%, 11, 0, 3, 13.43
1747778371, 0, 482, 915, 913, 19, 8.40%, 11, 0, 3, 13.62
1747778376, 0, 482, 916, 914, 19, 8.40%, 11, 0, 3, 15.44
1747778381, 0, 484, 916, 914, 19, 8.40%, 11, 0, 3, 14.32
1747778386, 0, 486, 916, 914, 19, 8.40%, 11, 0, 3, 16.01
1747778391, 0, 489, 916, 914, 19, 8.40%, 11, 0, 3, 15.36
1747778396, 0, 490, 916, 914, 19, 8.40%, 11, 0, 3, 16.03
1747778401, 0, 491, 916, 914, 19, 8.40%, 12, 0, 3, 13.82
1747778406, 0, 496, 917, 915, 19, 8.40%, 12, 0, 3, 11.44
1747778416, 0, 498, 917, 915, 19, 8.40%, 12, 0, 3, 12.65
1747778422, 0, 499, 917, 915, 19, 8.40%, 12, 0, 3, 15.53
1747778427, 0, 502, 917, 915, 19, 8.40%, 12, 0, 3, 15.08
1747778432, 0, 503, 917, 915, 19, 8.40%, 12, 0, 3, 16.16
1747778437, 0, 507, 917, 915, 19, 8.40%, 12, 0, 3, 14.92
1747778442, 0, 511, 917, 915, 19, 8.40%, 12, 0, 3, 15.54
1747778447, 0, 514, 917, 915, 19, 8.40%, 12, 0, 3, 14.53
1747778452, 0, 515, 917, 915, 19, 8.40%, 12, 0, 3, 14.28
1747778457, 0, 517, 917, 915, 19, 8.40%, 12, 0, 3, 13.78
1747778463, 0, 520, 917, 915, 19, 8.40%, 12, 0, 3, 14.07
1747778468, 0, 523, 917, 915, 19, 8.40%, 12, 0, 3, 15.38
1747778473, 0, 524, 917, 915, 19, 8.40%, 12, 0, 3, 13.54
1747778478, 0, 526, 917, 915, 19, 8.40%, 12, 0, 3, 15.21
1747778483, 0, 527, 917, 915, 19, 8.40%, 12, 0, 3, 13.81
1747778489, 0, 529, 917, 915, 19, 8.40%, 12, 0, 3, 14.40
1747778494, 0, 531, 917, 915, 19, 8.40%, 12, 0, 3, 13.40
1747778499, 0, 532, 917, 915, 19, 8.40%, 12, 0, 3, 14.63
1747778504, 0, 534, 917, 915, 19, 8.40%, 13, 0, 3, 15.40
1747778509, 0, 534, 918, 916, 19, 8.40%, 13, 0, 3, 10.82
1747778515, 0, 536, 918, 916, 19, 8.40%, 13, 0, 3, 12.30
1747778520, 0, 537, 918, 916, 19, 8.40%, 13, 0, 3, 14.89
1747778525, 0, 538, 918, 916, 19, 8.40%, 13, 0, 3, 13.57
1747778530, 0, 541, 918, 916, 19, 8.40%, 13, 0, 3, 13.66
1747778535, 0, 542, 918, 916, 19, 8.40%, 13, 0, 3, 14.08
1747778540, 0, 543, 918, 916, 19, 8.40%, 13, 0, 3, 13.68
1747778545, 0, 546, 919, 917, 19, 8.40%, 13, 0, 3, 11.35
1747778551, 0, 547, 919, 917, 19, 8.40%, 13, 0, 3, 14.14
1747778556, 0, 548, 919, 917, 19, 8.40%, 13, 0, 3, 13.12
1747778561, 0, 549, 919, 917, 19, 8.40%, 13, 0, 3, 12.82
1747778566, 0, 551, 919, 917, 19, 8.40%, 13, 0, 3, 15.43
1747778571, 0, 552, 919, 917, 19, 8.40%, 13, 0, 3, 14.42
1747778576, 0, 553, 919, 917, 19, 8.40%, 13, 0, 3, 14.44
1747778581, 0, 556, 919, 917, 19, 8.40%, 13, 0, 3, 13.98
1747778586, 0, 557, 919, 917, 19, 8.40%, 13, 0, 3, 13.26
1747778591, 0, 558, 919, 917, 19, 8.40%, 13, 0, 3, 13.79
1747778596, 0, 560, 919, 917, 19, 8.40%, 13, 0, 3, 14.83
1747778601, 0, 561, 920, 918, 19, 8.40%, 13, 0, 3, 12.45
1747778612, 0, 563, 920, 918, 19, 8.40%, 13, 0, 3, 13.44
1747778617, 0, 564, 920, 918, 19, 8.40%, 13, 0, 3, 14.31
1747778622, 0, 567, 920, 918, 19, 8.40%, 13, 0, 3, 12.33
1747778627, 0, 568, 920, 918, 19, 8.40%, 13, 0, 3, 12.10
1747778632, 0, 569, 920, 918, 19, 8.40%, 13, 0, 3, 14.10
1747778638, 0, 570, 920, 918, 19, 8.40%, 13, 0, 3, 13.53
1747778643, 0, 572, 920, 918, 19, 8.40%, 13, 0, 3, 14.49
1747778648, 0, 574, 920, 918, 19, 8.40%, 13, 0, 3, 15.82
1747778653, 0, 574, 921, 919, 19, 8.40%, 13, 0, 3, 10.48
1747778663, 0, 576, 921, 919, 19, 8.40%, 13, 0, 3, 13.39
1747778668, 0, 577, 922, 920, 19, 8.40%, 13, 0, 3, 13.20
1747778674, 0, 577, 923, 921, 19, 8.40%, 13, 0, 3, 10.14
1747778684, 0, 577, 923, 921, 19, 8.40%, 14, 0, 3, 11.99
1747778689, 0, 578, 923, 921, 19, 8.40%, 14, 0, 3, 13.79
1747778694, 0, 579, 923, 921, 19, 8.40%, 14, 0, 3, 13.95
1747778699, 0, 581, 923, 921, 19, 8.40%, 14, 0, 3, 14.67
1747778704, 0, 582, 923, 921, 19, 8.40%, 14, 0, 3, 14.73
1747778709, 0, 583, 923, 921, 19, 8.40%, 14, 0, 3, 13.69
1747778715, 0, 588, 923, 921, 19, 8.40%, 14, 0, 3, 16.45
1747778720, 0, 591, 923, 921, 19, 8.40%, 14, 0, 3, 12.81
1747778725, 0, 595, 923, 921, 19, 8.40%, 14, 0, 3, 15.80
1747778730, 0, 598, 923, 921, 19, 8.40%, 14, 0, 3, 16.67
1747778735, 0, 600, 923, 921, 19, 8.40%, 14, 0, 3, 13.25
1747778740, 0, 602, 923, 921, 19, 8.40%, 14, 0, 3, 13.12
1747778746, 0, 602, 924, 922, 19, 8.40%, 14, 0, 3, 9.50
1747778751, 0, 603, 924, 922, 19, 8.40%, 14, 0, 3, 12.20
1747778756, 0, 605, 924, 922, 19, 8.40%, 14, 0, 3, 15.73
1747778761, 0, 605, 925, 923, 19, 8.40%, 14, 0, 3, 12.55
1747778766, 0, 606, 926, 924, 19, 8.40%, 14, 0, 3, 10.82
1747778771, 0, 606, 927, 925, 19, 8.40%, 14, 0, 3, 7.68
1747778787, 0, 607, 927, 925, 19, 8.40%, 14, 0, 3, 5.80
1747778792, 0, 609, 927, 925, 19, 8.40%, 14, 0, 3, 12.22
1747778797, 0, 610, 927, 925, 19, 8.40%, 14, 0, 3, 14.92
1747778802, 0, 610, 928, 926, 19, 8.40%, 14, 0, 3, 10.53
1747778807, 0, 611, 928, 926, 19, 8.40%, 14, 0, 3, 13.06
1747778812, 0, 614, 928, 926, 19, 8.40%, 14, 0, 3, 15.40
1747778817, 0, 617, 928, 926, 19, 8.40%, 14, 0, 3, 12.62
1747778823, 0, 619, 928, 926, 19, 8.40%, 14, 0, 3, 12.77
1747778828, 0, 620, 929, 927, 19, 8.40%, 14, 0, 3, 12.82
1747778838, 0, 623, 929, 927, 19, 8.40%, 14, 0, 3, 13.44
1747778843, 0, 625, 929, 927, 19, 8.40%, 14, 0, 3, 14.25
1747778859, 0, 625, 930, 928, 19, 8.40%, 14, 0, 3, 8.70
1747778874, 0, 625, 931, 929, 19, 8.40%, 14, 0, 3, 9.06
1747778950, 0, 625, 932, 930, 19, 8.40%, 14, 0, 3, 9.52
1747778961, 0, 625, 933, 931, 19, 8.40%, 14, 0, 3, 8.74
1747778971, 0, 625, 934, 932, 19, 8.40%, 14, 0, 3, 8.39
1747778991, 0, 625, 935, 933, 19, 8.40%, 14, 0, 3, 8.13
1747779242, 0, 626, 935, 932, 18, 8.40%, 14, 0, 3, 18.02
1747779247, 0, 627, 935, 932, 18, 8.40%, 14, 0, 3, 17.50
1747779253, 0, 628, 935, 932, 18, 8.40%, 14, 0, 3, 16.14
1747779258, 0, 629, 936, 933, 18, 8.40%, 14, 0, 3, 11.43
1747779263, 0, 630, 936, 933, 18, 8.40%, 14, 0, 3, 14.16
1747779268, 0, 630, 937, 934, 18, 8.40%, 14, 0, 3, 9.58
1747779273, 0, 632, 937, 934, 18, 8.40%, 14, 0, 3, 11.93
1747779278, 0, 634, 937, 934, 18, 8.40%, 14, 0, 3, 12.94
1747779283, 0, 635, 937, 934, 18, 8.40%, 14, 0, 3, 14.22
1747779289, 0, 637, 937, 934, 18, 8.40%, 15, 0, 3, 12.75
1747779294, 0, 638, 937, 934, 18, 8.40%, 15, 0, 3, 10.42
1747779299, 0, 639, 938, 935, 18, 8.40%, 15, 0, 3, 11.15
1747779309, 0, 640, 938, 935, 18, 8.40%, 16, 0, 3, 13.98
1747779314, 0, 642, 938, 935, 18, 8.40%, 16, 0, 3, 15.68
1747779319, 0, 643, 938, 935, 18, 8.40%, 16, 0, 3, 13.56
1747779324, 0, 644, 938, 935, 18, 8.40%, 17, 0, 3, 14.47
1747779330, 0, 645, 938, 935, 18, 8.40%, 17, 0, 3, 13.51
1747779335, 0, 647, 938, 935, 18, 8.40%, 18, 0, 3, 13.88
1747779340, 0, 648, 938, 935, 18, 8.40%, 18, 0, 3, 13.92
1747779345, 0, 649, 938, 935, 18, 8.40%, 18, 0, 3, 15.28
1747779350, 0, 651, 938, 935, 18, 8.40%, 18, 0, 3, 14.75
1747779355, 0, 652, 938, 935, 18, 8.40%, 18, 0, 3, 12.59
1747779360, 0, 654, 938, 935, 18, 8.40%, 18, 0, 3, 14.69
1747779365, 0, 656, 938, 935, 18, 8.40%, 18, 0, 3, 14.82
1747779370, 0, 658, 938, 935, 18, 8.40%, 18, 0, 3, 15.92
1747779375, 0, 659, 938, 935, 18, 8.40%, 18, 0, 3, 13.08
1747779381, 0, 662, 938, 935, 18, 8.40%, 18, 0, 3, 14.29
1747779386, 0, 662, 939, 936, 18, 8.40%, 18, 0, 3, 11.89
1747779391, 0, 663, 939, 936, 18, 8.40%, 19, 0, 3, 12.57
1747779396, 0, 664, 939, 936, 18, 8.40%, 19, 0, 3, 12.80
1747779401, 0, 665, 940, 937, 18, 8.40%, 19, 0, 3, 9.65
1747779412, 0, 666, 940, 937, 18, 8.40%, 19, 0, 3, 12.35
1747779417, 0, 668, 940, 937, 18, 8.40%, 19, 0, 3, 14.78
1747779422, 0, 669, 940, 937, 18, 8.40%, 19, 0, 3, 15.30
1747779427, 0, 670, 940, 937, 18, 8.40%, 19, 0, 3, 13.64
1747779432, 0, 672, 940, 937, 18, 8.40%, 19, 0, 3, 13.93
1747779437, 0, 673, 940, 937, 18, 8.40%, 19, 0, 3, 13.90
1747779442, 0, 674, 940, 937, 18, 8.40%, 19, 0, 3, 13.75
1747779447, 0, 676, 940, 937, 18, 8.40%, 19, 0, 3, 13.84
1747779453, 0, 677, 940, 937, 18, 8.40%, 19, 0, 3, 14.66
1747779458, 0, 678, 940, 937, 18, 8.40%, 19, 0, 3, 12.80
1747779463, 0, 679, 941, 938, 18, 8.40%, 19, 0, 3, 9.91
1747779468, 0, 679, 942, 939, 18, 8.40%, 19, 0, 3, 11.31
1747779483, 0, 681, 942, 939, 18, 8.40%, 19, 0, 3, 15.27
1747779493, 0, 681, 943, 940, 18, 8.40%, 19, 0, 3, 9.31
1747779509, 0, 681, 944, 941, 18, 8.40%, 19, 0, 3, 13.24
1747779519, 0, 681, 945, 942, 18, 8.40%, 19, 0, 3, 10.09
1747779591, 0, 681, 946, 943, 18, 8.40%, 19, 0, 3, 8.52
1747779596, 0, 681, 947, 944, 18, 8.40%, 19, 0, 3, 8.49
1747779601, 0, 681, 948, 945, 18, 8.40%, 19, 0, 3, 8.34
1747779606, 0, 681, 950, 947, 18, 8.40%, 19, 0, 3, 8.34
1747779611, 0, 681, 952, 949, 18, 8.40%, 19, 0, 3, 8.33
1747779672, 0, 681, 955, 952, 18, 8.40%, 19, 0, 3, 10.65
1747779703, 0, 681, 956, 953, 18, 8.40%, 19, 0, 3, 9.35
1747779708, 0, 681, 958, 955, 18, 8.40%, 19, 0, 3, 9.12
1747779713, 0, 681, 959, 956, 18, 8.40%, 19, 0, 3, 13.56
1747779754, 0, 681, 960, 957, 18, 8.40%, 19, 0, 3, 10.39
1747779759, 0, 681, 962, 959, 18, 8.40%, 19, 0, 3, 9.86
1747779775, 0, 681, 963, 960, 18, 8.40%, 19, 0, 3, 16.99
1747779790, 0, 682, 963, 959, 17, 8.40%, 19, 0, 3, 16.79
1747779800, 0, 682, 964, 960, 17, 8.40%, 19, 0, 3, 7.62
1747779816, 0, 682, 965, 961, 17, 8.40%, 19, 0, 3, 4.64
1747779852, 0, 682, 966, 962, 17, 8.40%, 19, 0, 3, 6.20
1747779893, 0, 682, 967, 963, 17, 8.40%, 19, 0, 3, 6.57
1747780047, 0, 682, 968, 964, 17, 8.40%, 19, 0, 3, 7.97
1747780052, 0, 682, 969, 965, 17, 8.40%, 19, 0, 3, 7.05
1747780057, 0, 682, 970, 966, 17, 8.40%, 19, 0, 3, 6.83
1747780263, 0, 682, 971, 967, 17, 8.40%, 19, 0, 3, 10.10
1747780273, 0, 682, 972, 968, 17, 8.40%, 19, 0, 3, 8.01
1747780278, 0, 682, 974, 970, 17, 8.40%, 19, 0, 3, 7.12
1747780298, 0, 682, 975, 971, 17, 8.40%, 19, 0, 3, 7.70
1747780304, 0, 682, 976, 972, 17, 8.40%, 19, 0, 3, 16.21
1747780376, 0, 682, 977, 973, 17, 8.40%, 19, 0, 3, 7.37
1747780386, 0, 682, 978, 974, 17, 8.40%, 19, 0, 3, 7.17
1747780391, 0, 682, 979, 975, 17, 8.40%, 19, 0, 3, 6.93
1747780427, 0, 684, 979, 974, 16, 8.40%, 21, 0, 3, 24.23
1747780432, 0, 686, 979, 974, 16, 8.40%, 21, 0, 3, 23.33
1747780437, 0, 689, 979, 974, 16, 8.40%, 21, 0, 3, 21.80
1747780443, 0, 691, 979, 974, 16, 8.40%, 21, 0, 3, 23.78
1747780448, 0, 695, 979, 974, 16, 8.40%, 21, 0, 3, 24.40
1747780453, 0, 696, 980, 975, 16, 8.40%, 21, 0, 3, 22.73
1747780458, 0, 699, 980, 975, 16, 8.40%, 21, 0, 3, 25.01
1747780463, 0, 702, 980, 975, 16, 8.40%, 21, 0, 3, 25.29
1747780473, 0, 702, 981, 976, 16, 8.40%, 21, 0, 3, 11.92
1747780483, 0, 702, 982, 977, 16, 8.40%, 21, 0, 3, 14.71
1747780499, 0, 702, 983, 978, 16, 8.40%, 21, 0, 3, 9.97
1747780504, 0, 702, 984, 979, 16, 8.40%, 21, 0, 3, 19.41
1747780514, 0, 702, 985, 980, 16, 8.40%, 21, 0, 3, 11.89
1747780659, 0, 702, 986, 981, 16, 8.40%, 21, 0, 3, 5.67
1747780695, 0, 702, 987, 982, 16, 8.40%, 21, 0, 3, 5.51
1747780710, 0, 702, 988, 983, 16, 8.40%, 21, 0, 3, 5.57
1747780715, 0, 702, 991, 986, 16, 8.40%, 21, 0, 3, 5.60
1747780721, 0, 702, 993, 988, 16, 8.40%, 21, 0, 3, 5.62
1747780726, 0, 702, 994, 989, 16, 8.40%, 21, 0, 3, 5.61
1747780916, 0, 702, 996, 991, 16, 8.40%, 21, 0, 3, 6.90
1747780921, 0, 702, 998, 993, 16, 8.40%, 21, 0, 3, 6.17
1747780983, 0, 702, 999, 994, 16, 8.40%, 21, 0, 3, 6.22
1747780998, 0, 702, 1000, 995, 16, 8.40%, 21, 0, 3, 5.74
1747781086, 0, 702, 1001, 996, 16, 8.40%, 21, 0, 3, 6.63
1747781096, 0, 702, 1002, 997, 16, 8.40%, 21, 0, 3, 6.58
1747781106, 0, 702, 1003, 998, 16, 8.40%, 21, 0, 3, 6.09
1747781117, 0, 702, 1004, 999, 16, 8.40%, 21, 0, 3, 5.71
1747781122, 0, 702, 1005, 1000, 16, 8.40%, 21, 0, 3, 5.73
1747781143, 0, 702, 1008, 1003, 16, 8.40%, 21, 0, 3, 7.02
1747781158, 0, 704, 1008, 1002, 18, 8.40%, 21, 0, 3, 15.69
1747781163, 0, 705, 1008, 1002, 18, 8.40%, 21, 0, 3, 13.39
1747781169, 0, 708, 1008, 1002, 18, 8.40%, 21, 0, 3, 17.71
1747781286, 0, 708, 1009, 1003, 18, 8.40%, 21, 0, 3, 18.33
1747781292, 0, 708, 1010, 1004, 18, 8.40%, 21, 0, 3, 16.78
1747781317, 0, 708, 1013, 1007, 18, 8.40%, 21, 0, 3, 17.41
1747781322, 0, 708, 1014, 1008, 18, 8.40%, 21, 0, 3, 17.45
1747781327, 0, 708, 1018, 1012, 18, 8.40%, 21, 0, 3, 17.22
1747781348, 0, 711, 1018, 1011, 17, 8.40%, 21, 0, 3, 17.21
1747781353, 0, 715, 1018, 1011, 17, 8.40%, 21, 0, 3, 15.48
1747781359, 0, 716, 1018, 1011, 17, 8.40%, 21, 0, 3, 13.45
1747781364, 0, 717, 1018, 1011, 17, 8.40%, 21, 0, 3, 12.94
1747781369, 0, 718, 1018, 1011, 17, 8.40%, 21, 0, 3, 13.22
1747781374, 0, 720, 1018, 1011, 17, 8.40%, 22, 0, 3, 15.32
1747781379, 0, 722, 1018, 1011, 17, 8.40%, 22, 0, 3, 14.66
1747781385, 0, 725, 1018, 1011, 17, 8.40%, 22, 0, 3, 14.33
1747781390, 0, 726, 1018, 1011, 17, 8.40%, 22, 0, 3, 13.45
1747781395, 0, 727, 1018, 1011, 17, 8.40%, 22, 0, 3, 12.73
1747781400, 0, 729, 1018, 1011, 17, 8.40%, 22, 0, 3, 14.64
1747781405, 0, 730, 1018, 1011, 17, 8.40%, 23, 0, 3, 12.65
1747781411, 0, 731, 1018, 1011, 17, 8.40%, 23, 0, 3, 14.07
1747781416, 0, 732, 1018, 1011, 17, 8.40%, 23, 0, 3, 13.96
1747781421, 0, 734, 1018, 1011, 17, 8.40%, 24, 0, 3, 12.45
1747781426, 0, 735, 1018, 1011, 17, 8.40%, 24, 0, 3, 14.81
1747781431, 0, 736, 1018, 1011, 17, 8.40%, 24, 0, 3, 13.86
1747781436, 0, 738, 1018, 1011, 17, 8.40%, 24, 0, 3, 14.83
1747781441, 0, 739, 1019, 1012, 17, 8.41%, 24, 0, 3, 12.81
1747781447, 0, 739, 1020, 1013, 17, 8.41%, 24, 0, 3, 8.02
1747781462, 0, 741, 1020, 1013, 18, 8.41%, 24, 0, 3, 12.94
1747781467, 0, 744, 1020, 1013, 18, 8.41%, 24, 0, 3, 15.97
1747781472, 0, 745, 1020, 1013, 18, 8.41%, 24, 0, 3, 13.77
1747781478, 0, 748, 1020, 1013, 18, 8.41%, 24, 0, 3, 14.46
1747781483, 0, 750, 1020, 1013, 18, 8.41%, 24, 0, 3, 14.07
1747781488, 0, 751, 1020, 1013, 18, 8.41%, 24, 0, 3, 14.86
1747781493, 0, 753, 1020, 1013, 18, 8.41%, 24, 0, 3, 14.13
1747781498, 0, 754, 1020, 1013, 18, 8.41%, 24, 0, 3, 10.73
1747781503, 0, 755, 1020, 1013, 18, 8.41%, 25, 0, 3, 13.33
1747781508, 0, 756, 1020, 1013, 18, 8.41%, 25, 0, 3, 15.55
1747781513, 0, 759, 1020, 1013, 18, 8.41%, 25, 0, 3, 13.86
1747781519, 0, 760, 1020, 1013, 18, 8.41%, 25, 0, 3, 14.58
1747781524, 0, 762, 1020, 1013, 18, 8.41%, 25, 0, 3, 13.81
1747781529, 0, 764, 1020, 1013, 18, 8.41%, 25, 0, 3, 13.70
1747781534, 0, 768, 1020, 1013, 18, 8.41%, 25, 0, 3, 14.86
1747781539, 0, 770, 1020, 1013, 18, 8.41%, 26, 0, 3, 14.98
1747781544, 0, 771, 1020, 1013, 18, 8.41%, 26, 0, 3, 13.75
1747781550, 0, 774, 1020, 1013, 18, 8.41%, 26, 0, 3, 13.03
1747781555, 0, 775, 1020, 1013, 18, 8.41%, 26, 0, 3, 13.90
1747781560, 0, 776, 1020, 1013, 18, 8.41%, 26, 0, 3, 12.15
1747781565, 0, 778, 1020, 1013, 18, 8.41%, 26, 0, 3, 15.04
1747781570, 0, 779, 1020, 1013, 18, 8.41%, 27, 0, 3, 14.82
1747781575, 0, 780, 1020, 1013, 18, 8.41%, 27, 0, 3, 13.41
1747781580, 0, 782, 1020, 1013, 18, 8.41%, 27, 0, 3, 15.16
1747781585, 0, 783, 1020, 1013, 18, 8.41%, 28, 0, 3, 15.07
1747781591, 0, 785, 1020, 1013, 18, 8.41%, 28, 0, 3, 17.42
1747781596, 0, 786, 1020, 1013, 18, 8.41%, 29, 0, 3, 15.56
1747781601, 0, 788, 1020, 1013, 18, 8.41%, 30, 0, 3, 15.50
1747781606, 0, 789, 1020, 1013, 18, 8.41%, 30, 0, 3, 12.67
1747781611, 0, 791, 1020, 1013, 18, 8.41%, 31, 0, 3, 16.26
1747781616, 0, 794, 1020, 1013, 18, 8.41%, 31, 0, 3, 14.67
1747781621, 0, 795, 1020, 1013, 18, 8.41%, 31, 0, 3, 12.62
1747781627, 0, 796, 1020, 1013, 18, 8.41%, 32, 0, 3, 14.40
1747781632, 0, 801, 1020, 1013, 18, 8.41%, 32, 0, 3, 14.70
1747781637, 0, 802, 1020, 1013, 18, 8.41%, 33, 0, 3, 14.85
1747781642, 0, 803, 1020, 1013, 18, 8.41%, 33, 0, 3, 14.27
1747781647, 0, 806, 1020, 1013, 18, 8.41%, 33, 0, 3, 13.20
1747781652, 0, 807, 1020, 1013, 18, 8.41%, 33, 0, 3, 14.86
1747781657, 0, 808, 1020, 1013, 18, 8.41%, 33, 0, 3, 13.54
1747781662, 0, 809, 1020, 1013, 18, 8.41%, 33, 0, 3, 11.95
1747781668, 0, 811, 1020, 1013, 18, 8.41%, 33, 0, 3, 13.76
1747781673, 0, 812, 1020, 1013, 18, 8.41%, 33, 0, 3, 12.59
1747781678, 0, 813, 1020, 1013, 18, 8.41%, 33, 0, 3, 13.77
1747781683, 0, 815, 1020, 1013, 18, 8.41%, 33, 0, 3, 13.74
1747781688, 0, 816, 1020, 1013, 18, 8.41%, 33, 0, 3, 13.67
1747781694, 0, 821, 1020, 1013, 18, 8.41%, 33, 0, 3, 16.32
1747781699, 0, 822, 1020, 1013, 18, 8.41%, 33, 0, 3, 13.66
1747781704, 0, 823, 1020, 1013, 18, 8.41%, 34, 0, 3, 13.10
1747781709, 0, 824, 1020, 1013, 18, 8.41%, 34, 0, 3, 14.17
1747781714, 0, 826, 1020, 1013, 18, 8.41%, 34, 0, 3, 14.77
1747781719, 0, 827, 1020, 1013, 18, 8.41%, 34, 0, 3, 12.69
1747781724, 0, 828, 1020, 1013, 18, 8.41%, 34, 0, 3, 14.59
1747781729, 0, 830, 1020, 1013, 18, 8.41%, 34, 0, 3, 15.36
1747781735, 0, 830, 1021, 1014, 18, 8.41%, 34, 0, 3, 13.59
1747781740, 0, 832, 1021, 1014, 18, 8.41%, 34, 0, 3, 13.39
1747781745, 0, 833, 1022, 1015, 18, 8.41%, 34, 0, 3, 11.59
1747781755, 0, 834, 1022, 1015, 18, 8.41%, 35, 0, 3, 10.91
1747781760, 0, 836, 1022, 1015, 18, 8.41%, 35, 0, 3, 13.39
1747781765, 0, 838, 1022, 1015, 18, 8.41%, 35, 0, 3, 15.50
1747781770, 0, 840, 1022, 1015, 18, 8.41%, 35, 0, 3, 14.88
1747781776, 0, 841, 1022, 1015, 18, 8.41%, 35, 0, 3, 14.49
1747781781, 0, 842, 1022, 1015, 18, 8.41%, 35, 0, 3, 14.69
1747781812, 0, 842, 1023, 1016, 18, 8.41%, 35, 0, 3, 4.16
1747782104, 0, 842, 1024, 1017, 18, 8.41%, 35, 0, 3, 3.79
1747782186, 0, 842, 1025, 1018, 18, 8.41%, 35, 0, 3, 3.94
1747782335, 0, 842, 1026, 1019, 18, 8.41%, 35, 0, 3, 3.65
1747782438, 0, 842, 1027, 1020, 18, 8.41%, 35, 0, 3, 21.18
1747782505, 0, 842, 1028, 1021, 18, 8.41%, 35, 0, 3, 5.44
1747782576, 0, 842, 1029, 1022, 18, 8.41%, 35, 0, 3, 3.81
1747782664, 0, 842, 1030, 1023, 18, 8.41%, 35, 0, 3, 6.30
1747782674, 0, 842, 1031, 1024, 18, 8.41%, 35, 0, 3, 5.60
1747782700, 0, 842, 1032, 1025, 18, 8.41%, 35, 0, 3, 4.63
1747782715, 0, 842, 1033, 1026, 18, 8.41%, 35, 0, 3, 3.80
1747782802, 0, 842, 1034, 1027, 18, 8.41%, 35, 0, 3, 5.34
1747782812, 0, 843, 1034, 1026, 18, 8.41%, 35, 0, 3, 17.17
1747782817, 0, 844, 1034, 1026, 18, 8.41%, 36, 0, 3, 14.27
1747782823, 0, 846, 1034, 1026, 18, 8.41%, 36, 0, 3, 13.40
1747782828, 0, 847, 1034, 1026, 18, 8.41%, 36, 0, 3, 14.97
1747782833, 0, 850, 1034, 1026, 18, 8.41%, 36, 0, 3, 15.27
1747782838, 0, 851, 1034, 1026, 18, 8.41%, 36, 0, 3, 13.66
1747782843, 0, 854, 1034, 1026, 18, 8.41%, 36, 0, 3, 13.57
1747782848, 0, 855, 1034, 1026, 18, 8.41%, 36, 0, 3, 10.76
1747782853, 0, 857, 1034, 1026, 18, 8.41%, 36, 0, 3, 12.03
1747782859, 0, 860, 1034, 1026, 18, 8.41%, 36, 0, 3, 14.15
1747782864, 0, 861, 1034, 1026, 18, 8.41%, 36, 0, 3, 14.65
1747782869, 0, 862, 1034, 1026, 18, 8.41%, 36, 0, 3, 13.17
1747782874, 0, 864, 1034, 1026, 18, 8.41%, 37, 0, 3, 13.15
1747782880, 0, 865, 1034, 1026, 18, 8.41%, 37, 0, 3, 14.21
1747782885, 0, 866, 1034, 1026, 18, 8.41%, 37, 0, 3, 14.48
1747782890, 0, 868, 1034, 1026, 18, 8.41%, 37, 0, 3, 13.72
1747782895, 0, 868, 1036, 1028, 18, 8.41%, 37, 0, 3, 11.09
1747782910, 0, 870, 1036, 1028, 18, 8.41%, 37, 0, 3, 14.96
1747782915, 0, 871, 1036, 1028, 18, 8.41%, 37, 0, 3, 14.06
1747782921, 0, 873, 1036, 1028, 18, 8.41%, 37, 0, 3, 13.32
1747782926, 0, 874, 1036, 1028, 18, 8.41%, 37, 0, 3, 14.05
1747782931, 0, 875, 1036, 1028, 18, 8.41%, 38, 0, 3, 14.42
1747782936, 0, 876, 1037, 1029, 18, 8.41%, 38, 0, 3, 10.86
1747782946, 0, 878, 1037, 1029, 18, 8.41%, 38, 0, 3, 14.82
1747782951, 0, 879, 1037, 1029, 18, 8.41%, 38, 0, 3, 14.81
1747782957, 0, 881, 1037, 1029, 18, 8.41%, 38, 0, 3, 13.83
1747782962, 0, 882, 1037, 1029, 18, 8.41%, 38, 0, 3, 13.28
1747782967, 0, 883, 1037, 1029, 18, 8.41%, 38, 0, 3, 13.60
1747782972, 0, 884, 1037, 1029, 18, 8.41%, 38, 0, 3, 14.03
1747782977, 0, 887, 1037, 1029, 18, 8.41%, 38, 0, 3, 13.69
1747782982, 0, 889, 1038, 1030, 18, 8.41%, 39, 0, 3, 14.11
1747782992, 0, 890, 1038, 1030, 18, 8.41%, 39, 0, 3, 13.59
1747782998, 0, 891, 1038, 1030, 18, 8.41%, 39, 0, 3, 12.85
1747783003, 0, 893, 1038, 1030, 18, 8.41%, 39, 0, 3, 13.06
1747783008, 0, 894, 1038, 1030, 18, 8.41%, 39, 0, 3, 13.23
1747783013, 0, 895, 1039, 1031, 18, 8.41%, 39, 0, 3, 10.50
1747783023, 0, 897, 1039, 1031, 18, 8.41%, 39, 0, 3, 14.23
1747783029, 0, 898, 1039, 1031, 18, 8.41%, 39, 0, 3, 12.45
1747783034, 0, 899, 1039, 1031, 18, 8.41%, 39, 0, 3, 12.12
1747783039, 0, 902, 1039, 1031, 18, 8.41%, 40, 0, 3, 12.50
1747783044, 0, 903, 1039, 1031, 18, 8.41%, 40, 0, 3, 13.77
1747783049, 0, 904, 1039, 1031, 18, 8.41%, 40, 0, 3, 13.42
1747783054, 0, 905, 1039, 1031, 18, 8.41%, 40, 0, 3, 12.25
1747783060, 0, 909, 1040, 1032, 18, 8.41%, 40, 0, 3, 13.99
1747783065, 0, 909, 1040, 1032, 18, 8.41%, 41, 0, 3, 10.83
1747783070, 0, 911, 1040, 1032, 18, 8.41%, 42, 0, 3, 11.71
1747783075, 0, 912, 1040, 1032, 18, 8.41%, 42, 0, 3, 12.29
1747783080, 0, 914, 1040, 1032, 18, 8.41%, 42, 0, 3, 11.77
1747783085, 0, 915, 1040, 1032, 18, 8.41%, 42, 0, 3, 13.59
1747783091, 0, 916, 1040, 1032, 18, 8.41%, 42, 0, 3, 13.94
1747783096, 0, 920, 1040, 1032, 18, 8.41%, 43, 0, 3, 15.66
1747783101, 0, 921, 1040, 1032, 18, 8.41%, 44, 0, 3, 14.46
1747783106, 0, 923, 1040, 1032, 18, 8.41%, 44, 0, 3, 13.67
1747783111, 0, 923, 1041, 1033, 18, 8.41%, 44, 0, 3, 11.74
1747783116, 0, 924, 1041, 1033, 18, 8.41%, 45, 0, 3, 12.64
1747783121, 0, 926, 1041, 1033, 18, 8.41%, 46, 0, 3, 12.30
1747783127, 0, 928, 1041, 1033, 18, 8.41%, 46, 0, 3, 14.41
1747783132, 0, 929, 1041, 1033, 18, 8.41%, 46, 0, 3, 13.88
1747783137, 0, 932, 1041, 1033, 18, 8.41%, 47, 0, 3, 15.63
1747783142, 0, 933, 1041, 1033, 18, 8.41%, 48, 0, 3, 12.83
1747783147, 0, 934, 1041, 1033, 18, 8.41%, 49, 0, 3, 13.60
1747783152, 0, 936, 1041, 1033, 18, 8.41%, 49, 0, 3, 11.51
1747783157, 0, 937, 1041, 1033, 18, 8.41%, 49, 0, 3, 11.77
1747783162, 0, 938, 1041, 1033, 18, 8.41%, 49, 0, 3, 9.93
1747783168, 0, 939, 1041, 1033, 18, 8.41%, 49, 0, 3, 11.92
1747783173, 0, 941, 1041, 1033, 18, 8.41%, 49, 0, 3, 12.75
1747783178, 0, 942, 1041, 1033, 18, 8.41%, 50, 0, 3, 13.67
1747783183, 0, 945, 1041, 1033, 18, 8.41%, 51, 0, 3, 14.76
1747783188, 0, 947, 1041, 1033, 18, 8.41%, 52, 0, 3, 14.50
1747783193, 0, 948, 1041, 1033, 18, 8.41%, 52, 0, 3, 14.30
1747783199, 0, 952, 1041, 1033, 18, 8.41%, 52, 0, 3, 15.30
1747783204, 0, 953, 1041, 1033, 18, 8.41%, 52, 0, 3, 13.26
1747783209, 0, 954, 1041, 1033, 18, 8.41%, 52, 0, 3, 13.47
1747783214, 0, 957, 1041, 1033, 18, 8.41%, 52, 0, 3, 15.85
1747783219, 0, 958, 1041, 1033, 18, 8.41%, 53, 0, 3, 12.58
1747783224, 0, 959, 1041, 1033, 18, 8.41%, 53, 0, 3, 13.14
1747783229, 0, 962, 1041, 1033, 18, 8.41%, 53, 0, 3, 13.03
1747783234, 0, 964, 1041, 1033, 18, 8.41%, 53, 0, 3, 14.76
1747783240, 0, 964, 1042, 1034, 18, 8.41%, 53, 0, 3, 10.09
1747783250, 0, 965, 1042, 1034, 18, 8.41%, 54, 0, 3, 13.16
1747783255, 0, 968, 1042, 1034, 18, 8.41%, 54, 0, 3, 13.07
1747783260, 0, 969, 1042, 1034, 18, 8.41%, 55, 0, 3, 13.93
1747783265, 0, 970, 1042, 1034, 18, 8.41%, 55, 0, 3, 13.07
1747783270, 0, 973, 1042, 1034, 18, 8.41%, 55, 0, 3, 13.61
1747783276, 0, 975, 1042, 1034, 18, 8.41%, 55, 0, 3, 13.78
1747783281, 0, 977, 1042, 1034, 18, 8.41%, 56, 0, 3, 14.86
1747783286, 0, 978, 1042, 1034, 18, 8.41%, 56, 0, 3, 13.03
1747783291, 0, 980, 1042, 1034, 18, 8.41%, 56, 0, 3, 13.16
1747783768, 0, 980, 1043, 1035, 18, 8.41%, 56, 0, 4, 6.81
1747783947, 0, 980, 1044, 1036, 18, 8.41%, 56, 0, 4, 6.09
1747783993, 0, 981, 1044, 1035, 17, 8.41%, 56, 0, 4, 14.64
1747783998, 0, 982, 1044, 1035, 17, 8.41%, 56, 0, 4, 15.29
1747784013, 0, 982, 1045, 1036, 17, 8.41%, 56, 0, 4, 7.47
1747784018, 0, 982, 1048, 1039, 17, 8.41%, 56, 0, 4, 6.57
1747784024, 0, 982, 1049, 1040, 17, 8.41%, 56, 0, 4, 6.22
1747784029, 0, 982, 1050, 1041, 17, 8.41%, 56, 0, 4, 6.01
1747784054, 0, 982, 1051, 1042, 17, 8.41%, 56, 0, 4, 6.77
1747784059, 0, 982, 1053, 1044, 17, 8.41%, 56, 0, 4, 6.26
1747784085, 0, 982, 1054, 1045, 17, 8.41%, 56, 0, 4, 7.10
1747784090, 0, 982, 1055, 1046, 17, 8.41%, 56, 0, 4, 6.37
1747784245, 0, 982, 1056, 1047, 17, 8.41%, 56, 0, 4, 5.95
1747784255, 0, 982, 1057, 1048, 17, 8.41%, 56, 0, 4, 5.85
1747784493, 0, 982, 1058, 1049, 17, 8.41%, 56, 0, 4, 7.02
1747784498, 0, 982, 1059, 1050, 17, 8.41%, 56, 0, 4, 13.47
1747784621, 0, 982, 1060, 1051, 17, 8.41%, 56, 0, 4, 8.83
1747784683, 0, 982, 1061, 1052, 17, 8.41%, 56, 0, 4, 5.77
1747784688, 0, 982, 1062, 1053, 17, 8.41%, 56, 0, 4, 5.86
1747784709, 0, 982, 1063, 1054, 17, 8.41%, 56, 0, 4, 7.28
1747784724, 0, 983, 1063, 1053, 16, 8.41%, 57, 0, 4, 18.04
1747784729, 0, 985, 1063, 1053, 16, 8.41%, 57, 0, 4, 17.32
1747784734, 0, 985, 1064, 1054, 16, 8.42%, 57, 0, 4, 19.09
1747784739, 0, 986, 1064, 1054, 16, 8.42%, 57, 0, 4, 15.57
1747784744, 0, 987, 1064, 1054, 16, 8.42%, 57, 0, 4, 14.55
1747784750, 0, 988, 1064, 1054, 16, 8.42%, 57, 0, 4, 14.02
1747784755, 0, 989, 1064, 1054, 16, 8.42%, 57, 0, 4, 15.57
1747784806, 0, 989, 1065, 1055, 16, 8.42%, 57, 0, 4, 6.08
1747785012, 0, 989, 1066, 1056, 16, 8.42%, 57, 0, 4, 5.54
1747785048, 0, 989, 1067, 1057, 16, 8.42%, 57, 0, 4, 5.66
1747785395, 0, 989, 1068, 1058, 16, 8.42%, 57, 0, 4, 6.78
1747785406, 0, 989, 1069, 1059, 16, 8.42%, 57, 0, 4, 6.68
1747785463, 0, 990, 1070, 1059, 16, 8.42%, 57, 0, 4, 10.87
1747785473, 0, 992, 1070, 1059, 16, 8.42%, 57, 0, 4, 10.99
1747785478, 0, 994, 1070, 1059, 16, 8.42%, 57, 0, 4, 13.92
1747785483, 0, 997, 1070, 1059, 16, 8.42%, 57, 0, 4, 12.85
1747785488, 0, 998, 1070, 1059, 16, 8.42%, 57, 0, 4, 12.69
1747785493, 0, 999, 1070, 1059, 16, 8.42%, 57, 0, 4, 12.84
1747785498, 0, 1000, 1070, 1059, 16, 8.42%, 57, 0, 4, 11.03
1747785503, 0, 1001, 1070, 1059, 16, 8.42%, 57, 0, 4, 12.37
1747785508, 0, 1002, 1070, 1059, 16, 8.42%, 57, 0, 4, 15.08
1747786198, 0, 1002, 1071, 1060, 16, 8.42%, 57, 0, 4, 7.47
1747786203, 0, 1002, 1072, 1061, 16, 8.42%, 57, 0, 4, 10.38
1747786218, 0, 1003, 1072, 1060, 16, 8.42%, 57, 0, 4, 18.36
1747786224, 0, 1004, 1072, 1060, 16, 8.42%, 58, 0, 4, 7.22
1747786229, 0, 1005, 1072, 1060, 16, 8.42%, 58, 0, 4, 10.43
1747786234, 0, 1006, 1072, 1060, 16, 8.42%, 59, 0, 4, 11.32
1747786239, 0, 1007, 1072, 1060, 16, 8.42%, 59, 0, 4, 11.73
1747786244, 0, 1009, 1072, 1060, 16, 8.42%, 59, 0, 4, 14.95
1747786249, 0, 1010, 1072, 1060, 16, 8.42%, 59, 0, 4, 14.92
1747786254, 0, 1012, 1072, 1060, 16, 8.42%, 59, 0, 4, 14.02
1747786259, 0, 1014, 1072, 1060, 16, 8.42%, 60, 0, 4, 13.86
1747786264, 0, 1014, 1073, 1061, 16, 8.42%, 61, 0, 4, 10.37
1747786269, 0, 1015, 1073, 1061, 16, 8.42%, 61, 0, 4, 14.65
1747786274, 0, 1016, 1073, 1061, 16, 8.42%, 61, 0, 4, 12.89
1747786279, 0, 1017, 1073, 1061, 16, 8.42%, 61, 0, 4, 12.85
1747786285, 0, 1019, 1073, 1061, 16, 8.42%, 62, 0, 4, 13.69
1747786290, 0, 1020, 1073, 1061, 16, 8.42%, 62, 0, 4, 11.50
1747786305, 0, 1020, 1074, 1062, 16, 8.42%, 62, 0, 4, 6.03
1747786310, 0, 1020, 1075, 1063, 16, 8.42%, 62, 0, 4, 4.81
1747786341, 0, 1020, 1076, 1064, 16, 8.42%, 62, 0, 4, 3.47
1747786352, 0, 1020, 1077, 1065, 16, 8.42%, 62, 0, 4, 3.31
1747786367, 0, 1020, 1077, 1065, 16, 8.42%, 63, 0, 4, 3.30
1747786433, 0, 1020, 1077, 1065, 16, 8.42%, 64, 0, 4, 3.36
1747786439, 0, 1020, 1078, 1066, 16, 8.42%, 66, 0, 4, 3.22
1747786469, 0, 1020, 1079, 1067, 16, 8.42%, 66, 0, 4, 5.67
1747786495, 0, 1020, 1080, 1068, 16, 8.42%, 66, 0, 4, 3.49
1747786500, 0, 1020, 1081, 1069, 16, 8.42%, 67, 0, 4, 3.38
1747786521, 0, 1020, 1082, 1070, 16, 8.42%, 68, 0, 4, 3.28
1747786536, 0, 1020, 1082, 1070, 16, 8.42%, 69, 0, 4, 7.71
1747786547, 0, 1020, 1082, 1070, 16, 8.42%, 70, 0, 4, 6.91
1747786676, 0, 1020, 1083, 1071, 16, 8.42%, 70, 0, 4, 5.06
1747786681, 0, 1020, 1084, 1072, 16, 8.42%, 70, 0, 4, 4.82
1747786819, 0, 1020, 1085, 1073, 16, 8.42%, 70, 0, 4, 3.61
1747786866, 0, 1020, 1086, 1074, 16, 8.42%, 70, 0, 4, 3.37
1747786897, 0, 1020, 1087, 1075, 16, 8.42%, 70, 0, 4, 3.26
1747786994, 0, 1020, 1087, 1075, 16, 8.42%, 73, 0, 4, 3.24
1747786999, 0, 1020, 1087, 1075, 16, 8.42%, 77, 0, 4, 3.16
1747787004, 0, 1020, 1087, 1075, 16, 8.42%, 82, 0, 4, 3.13
1747787337, 0, 1020, 1087, 1075, 16, 8.42%, 84, 0, 4, 3.23
1747787342, 0, 1020, 1087, 1075, 16, 8.42%, 90, 0, 4, 3.03
1747787348, 0, 1020, 1087, 1075, 16, 8.42%, 94, 0, 4, 2.95
1747787353, 0, 1020, 1087, 1075, 16, 8.42%, 98, 0, 4, 2.93
1747787358, 0, 1020, 1087, 1075, 16, 8.42%, 102, 0, 4, 2.91
1747787363, 0, 1020, 1087, 1075, 16, 8.42%, 103, 0, 4, 3.16
1747787522, 0, 1020, 1089, 1077, 16, 8.42%, 103, 0, 4, 3.44
1747787614, 0, 1020, 1090, 1078, 16, 8.42%, 103, 0, 4, 4.03
1747787701, 0, 1020, 1090, 1078, 16, 8.42%, 104, 0, 4, 3.27
1747787707, 0, 1020, 1090, 1078, 16, 8.42%, 106, 0, 4, 3.26
1747787856, 0, 1020, 1091, 1079, 16, 8.42%, 106, 0, 4, 3.52
1747787954, 0, 1020, 1091, 1079, 16, 8.42%, 107, 0, 4, 3.36
1747787995, 0, 1020, 1091, 1079, 16, 8.42%, 108, 0, 4, 3.29
1747788000, 0, 1020, 1091, 1079, 16, 8.42%, 111, 0, 4, 3.29
1747788005, 0, 1020, 1091, 1079, 16, 8.42%, 112, 0, 4, 3.33
1747788010, 0, 1020, 1092, 1080, 16, 8.42%, 112, 0, 4, 3.37
1747788015, 0, 1020, 1093, 1081, 16, 8.42%, 112, 0, 4, 3.23
1747788020, 0, 1020, 1094, 1082, 16, 8.42%, 112, 0, 4, 3.22
1747788025, 0, 1020, 1095, 1083, 16, 8.42%, 112, 0, 4, 3.09
1747788077, 0, 1021, 1095, 1082, 16, 8.42%, 113, 0, 4, 13.06
1747788082, 0, 1022, 1095, 1082, 16, 8.42%, 113, 0, 4, 13.77
1747788087, 0, 1023, 1095, 1082, 16, 8.42%, 113, 0, 4, 13.38
1747788092, 0, 1025, 1095, 1082, 16, 8.42%, 113, 0, 4, 13.11
1747788098, 0, 1026, 1095, 1082, 16, 8.42%, 113, 0, 4, 15.50
1747788103, 0, 1029, 1095, 1082, 16, 8.42%, 114, 0, 4, 5.65
1747788108, 0, 1031, 1095, 1082, 16, 8.42%, 115, 0, 4, 11.88
1747788113, 0, 1032, 1095, 1082, 16, 8.42%, 116, 0, 4, 12.05
1747788118, 0, 1034, 1095, 1082, 16, 8.42%, 116, 0, 4, 12.32
1747788123, 0, 1035, 1095, 1082, 16, 8.42%, 116, 0, 4, 14.21
1747788128, 0, 1036, 1095, 1082, 16, 8.42%, 116, 0, 4, 13.31
1747788133, 0, 1040, 1095, 1082, 16, 8.42%, 116, 0, 4, 14.49
1747788139, 0, 1042, 1095, 1082, 16, 8.42%, 116, 0, 4, 14.49
1747788144, 0, 1043, 1095, 1082, 16, 8.42%, 116, 0, 4, 14.34
1747788149, 0, 1045, 1095, 1082, 16, 8.42%, 116, 0, 4, 13.20
1747788154, 0, 1046, 1095, 1082, 16, 8.42%, 116, 0, 4, 13.36
1747788159, 0, 1048, 1095, 1082, 16, 8.42%, 116, 0, 4, 15.87
1747788164, 0, 1049, 1095, 1082, 16, 8.42%, 116, 0, 4, 18.71
1747788169, 0, 1051, 1095, 1082, 16, 8.42%, 117, 0, 4, 15.57
1747788175, 0, 1052, 1095, 1082, 16, 8.42%, 117, 0, 4, 15.74
1747788180, 0, 1053, 1095, 1082, 16, 8.42%, 117, 0, 4, 11.94
1747788185, 0, 1055, 1095, 1082, 16, 8.42%, 118, 0, 4, 12.71
1747788190, 0, 1057, 1095, 1082, 16, 8.42%, 118, 0, 4, 15.27
1747788195, 0, 1058, 1095, 1082, 16, 8.42%, 118, 0, 4, 14.50
1747788200, 0, 1060, 1095, 1082, 16, 8.42%, 118, 0, 4, 14.32
1747788205, 0, 1062, 1095, 1082, 16, 8.42%, 118, 0, 4, 12.62
1747788210, 0, 1064, 1095, 1082, 16, 8.42%, 118, 0, 4, 15.04
1747788215, 0, 1065, 1095, 1082, 16, 8.42%, 118, 0, 4, 13.99
1747788220, 0, 1067, 1095, 1082, 16, 8.42%, 118, 0, 4, 14.16
1747788225, 0, 1068, 1095, 1082, 16, 8.42%, 118, 0, 4, 15.35
1747788231, 0, 1070, 1095, 1082, 16, 8.42%, 118, 0, 4, 14.15
1747788236, 0, 1072, 1095, 1082, 16, 8.42%, 119, 0, 4, 14.54
1747788241, 0, 1073, 1095, 1082, 16, 8.42%, 119, 0, 4, 14.43
1747788246, 0, 1074, 1095, 1082, 16, 8.42%, 119, 0, 4, 13.58
1747788251, 0, 1077, 1095, 1082, 16, 8.42%, 119, 0, 4, 12.06
1747788256, 0, 1078, 1095, 1082, 16, 8.42%, 119, 0, 4, 14.56
1747788261, 0, 1079, 1095, 1082, 16, 8.42%, 119, 0, 4, 12.57
1747788313, 0, 1079, 1095, 1082, 16, 8.42%, 120, 0, 4, 3.40
1747788384, 0, 1079, 1095, 1082, 16, 8.42%, 122, 0, 4, 3.41
1747788399, 0, 1079, 1095, 1082, 16, 8.42%, 123, 0, 4, 3.37
1747788456, 0, 1079, 1095, 1082, 16, 8.42%, 127, 0, 4, 3.38
1747788466, 0, 1079, 1095, 1082, 16, 8.42%, 129, 0, 4, 3.33
1747788487, 0, 1079, 1096, 1083, 16, 8.42%, 129, 0, 5, 5.31
1747788497, 0, 1079, 1096, 1083, 16, 8.42%, 130, 0, 5, 19.55
1747788502, 0, 1079, 1096, 1083, 16, 8.42%, 131, 0, 5, 8.75
1747788831, 0, 1079, 1096, 1083, 16, 8.42%, 133, 0, 5, 3.31
1747788836, 0, 1079, 1096, 1083, 16, 8.42%, 134, 0, 5, 3.24
1747788841, 0, 1079, 1096, 1083, 16, 8.42%, 137, 0, 5, 3.20
1747788847, 0, 1079, 1096, 1083, 16, 8.42%, 139, 0, 5, 3.26
1747789153, 0, 1079, 1096, 1083, 16, 8.42%, 140, 0, 5, 3.28
1747789164, 0, 1079, 1096, 1083, 16, 8.42%, 141, 0, 5, 3.29
1747789169, 0, 1079, 1096, 1083, 16, 8.42%, 145, 0, 5, 3.03
1747789174, 0, 1079, 1096, 1083, 16, 8.42%, 148, 0, 5, 2.90
1747789180, 0, 1079, 1096, 1083, 16, 8.42%, 150, 0, 5, 2.86
1747789185, 0, 1079, 1096, 1083, 16, 8.42%, 151, 0, 5, 2.85
1747789190, 0, 1079, 1096, 1083, 16, 8.42%, 154, 0, 5, 2.97
1747789341, 0, 1079, 1096, 1083, 16, 8.42%, 156, 0, 5, 4.12
1747789347, 0, 1079, 1096, 1083, 16, 8.42%, 158, 0, 5, 3.33
1747789367, 0, 1079, 1096, 1083, 16, 8.42%, 159, 0, 5, 2.95
1747789373, 0, 1079, 1096, 1083, 16, 8.42%, 160, 0, 5, 2.87
1747789618, 0, 1079, 1096, 1083, 16, 8.42%, 163, 0, 5, 3.33
1747789896, 0, 1079, 1096, 1083, 16, 8.42%, 164, 0, 5, 3.21
1747789993, 0, 1079, 1096, 1083, 16, 8.42%, 165, 0, 5, 3.37
1747790008, 0, 1080, 1096, 1082, 15, 8.42%, 165, 0, 5, 15.74
1747790013, 0, 1081, 1096, 1082, 15, 8.42%, 165, 0, 5, 13.17
1747790018, 0, 1083, 1096, 1082, 15, 8.42%, 165, 0, 5, 11.87
1747790024, 0, 1084, 1096, 1082, 15, 8.42%, 166, 0, 5, 15.06
1747790029, 0, 1087, 1096, 1082, 15, 8.42%, 167, 0, 5, 14.80
1747790034, 0, 1088, 1096, 1082, 15, 8.42%, 167, 0, 5, 12.40
1747790039, 0, 1089, 1096, 1082, 15, 8.42%, 167, 0, 5, 13.33
1747790044, 0, 1090, 1096, 1082, 15, 8.42%, 167, 0, 5, 13.76
1747790049, 0, 1093, 1096, 1082, 15, 8.42%, 167, 0, 5, 13.40
1747790055, 0, 1094, 1096, 1082, 15, 8.42%, 167, 0, 5, 14.76
1747790060, 1, 0, 1096, 1082, 15, 8.42%, 167, 0, 5, 14.50
1747790065, 1, 1, 1096, 1082, 15, 8.42%, 168, 0, 5, 13.93
1747790070, 1, 2, 1096, 1082, 15, 8.42%, 168, 0, 5, 13.71
1747790075, 1, 3, 1096, 1082, 15, 8.42%, 168, 0, 5, 13.89
1747790080, 1, 6, 1096, 1082, 15, 8.42%, 168, 0, 5, 14.49
1747790085, 1, 7, 1096, 1082, 15, 8.42%, 168, 0, 5, 11.79
1747790090, 1, 8, 1096, 1082, 15, 8.42%, 168, 0, 5, 14.58
1747790095, 1, 10, 1096, 1082, 15, 8.42%, 168, 0, 5, 14.96
1747790100, 1, 11, 1096, 1082, 15, 8.42%, 169, 0, 5, 14.23
1747790106, 1, 12, 1096, 1082, 15, 8.42%, 169, 0, 5, 15.13
1747790111, 1, 14, 1096, 1082, 15, 8.42%, 169, 0, 5, 21.15
1747790116, 1, 15, 1096, 1082, 15, 8.42%, 170, 0, 5, 19.70
1747790121, 1, 18, 1096, 1082, 15, 8.42%, 170, 0, 5, 17.06
1747790126, 1, 19, 1096, 1082, 15, 8.42%, 170, 0, 5, 14.80
1747790131, 1, 21, 1096, 1082, 15, 8.42%, 170, 0, 5, 14.62
1747790136, 1, 22, 1096, 1082, 15, 8.42%, 170, 0, 5, 13.82
1747790141, 1, 23, 1096, 1082, 15, 8.42%, 170, 0, 5, 14.50
1747790147, 1, 26, 1096, 1082, 15, 8.42%, 170, 0, 5, 14.07
1747790152, 1, 27, 1096, 1082, 15, 8.42%, 171, 0, 5, 14.79
1747790157, 1, 30, 1096, 1082, 15, 8.42%, 171, 0, 5, 13.67
1747790163, 1, 32, 1096, 1082, 15, 8.42%, 171, 0, 5, 13.95
1747790168, 1, 33, 1096, 1082, 15, 8.42%, 171, 0, 5, 13.64
1747790173, 1, 38, 1096, 1082, 15, 8.42%, 171, 0, 5, 13.15
1747790178, 1, 39, 1096, 1082, 15, 8.42%, 171, 0, 5, 15.76
1747790183, 1, 40, 1096, 1082, 15, 8.42%, 171, 0, 5, 13.86
1747790188, 1, 42, 1096, 1082, 15, 8.42%, 171, 0, 5, 16.05
1747790194, 1, 43, 1097, 1083, 15, 8.42%, 171, 0, 5, 10.01
1747790204, 1, 45, 1097, 1083, 15, 8.42%, 171, 0, 5, 14.14
1747790209, 1, 46, 1098, 1084, 15, 8.42%, 171, 0, 5, 12.80
1747790220, 1, 49, 1098, 1084, 15, 8.42%, 171, 0, 5, 15.71
1747790225, 1, 50, 1098, 1084, 15, 8.42%, 171, 0, 5, 13.58
1747790230, 1, 51, 1098, 1084, 15, 8.42%, 171, 0, 5, 14.83
1747790235, 1, 53, 1098, 1084, 15, 8.42%, 171, 0, 5, 12.48
1747790240, 1, 54, 1098, 1084, 15, 8.42%, 171, 0, 5, 12.97
1747790245, 1, 54, 1099, 1085, 15, 8.42%, 171, 0, 5, 14.36
1747790250, 1, 55, 1099, 1085, 15, 8.42%, 171, 0, 5, 14.46
1747790256, 1, 57, 1099, 1085, 15, 8.42%, 171, 0, 5, 12.81
1747790261, 1, 58, 1099, 1085, 15, 8.42%, 171, 0, 5, 13.99
1747790266, 1, 60, 1099, 1085, 15, 8.42%, 171, 0, 5, 14.31
1747790271, 1, 63, 1099, 1085, 15, 8.42%, 171, 0, 5, 14.37
1747790276, 1, 64, 1099, 1085, 15, 8.42%, 171, 0, 5, 13.71
1747790281, 1, 68, 1099, 1085, 15, 8.42%, 172, 0, 5, 12.84
1747790286, 1, 70, 1099, 1085, 15, 8.42%, 172, 0, 5, 15.87
1747790291, 1, 71, 1099, 1085, 15, 8.42%, 172, 0, 5, 15.29
1747790296, 1, 75, 1099, 1085, 15, 8.42%, 172, 0, 5, 14.71
1747790302, 1, 76, 1099, 1085, 15, 8.42%, 172, 0, 5, 15.47
1747790307, 1, 78, 1099, 1085, 15, 8.42%, 172, 0, 5, 15.15
1747790312, 1, 79, 1099, 1085, 15, 8.42%, 172, 0, 5, 14.56
1747790317, 1, 82, 1099, 1085, 15, 8.42%, 172, 0, 5, 14.10
1747790322, 1, 84, 1099, 1085, 15, 8.42%, 172, 0, 5, 13.32
1747790328, 1, 85, 1099, 1085, 15, 8.42%, 172, 0, 5, 14.71
1747790333, 1, 88, 1099, 1085, 15, 8.42%, 172, 0, 5, 13.90
1747790338, 1, 89, 1099, 1085, 15, 8.42%, 173, 0, 5, 12.38
1747790343, 1, 90, 1099, 1085, 15, 8.42%, 173, 0, 5, 13.89
1747790348, 1, 94, 1099, 1085, 15, 8.42%, 173, 0, 5, 14.98
1747790353, 1, 95, 1099, 1085, 15, 8.42%, 173, 0, 5, 15.36
1747790359, 1, 97, 1099, 1085, 15, 8.42%, 173, 0, 5, 15.81
1747790364, 1, 98, 1099, 1085, 15, 8.42%, 173, 0, 5, 14.23
1747790369, 1, 100, 1099, 1085, 15, 8.42%, 173, 0, 5, 15.84
1747790374, 1, 102, 1099, 1085, 15, 8.42%, 174, 0, 5, 14.07
1747790379, 1, 103, 1099, 1085, 15, 8.42%, 174, 0, 5, 14.99
1747790384, 1, 107, 1099, 1085, 15, 8.42%, 174, 0, 5, 13.93
1747790389, 1, 111, 1099, 1085, 15, 8.42%, 174, 0, 5, 13.86
1747790395, 1, 113, 1099, 1085, 15, 8.42%, 175, 0, 5, 15.41
1747790400, 1, 116, 1099, 1085, 15, 8.42%, 175, 0, 5, 13.39
1747790405, 1, 118, 1099, 1085, 15, 8.42%, 175, 0, 5, 14.76
1747790410, 1, 119, 1099, 1085, 15, 8.42%, 175, 0, 5, 13.84
1747790415, 1, 125, 1099, 1085, 15, 8.42%, 175, 0, 5, 14.48
1747790420, 1, 128, 1099, 1085, 15, 8.42%, 175, 0, 5, 15.82
1747790425, 1, 130, 1099, 1085, 15, 8.42%, 176, 0, 5, 14.19
1747790431, 1, 132, 1099, 1085, 15, 8.42%, 176, 0, 5, 15.52
1747790436, 1, 133, 1099, 1085, 15, 8.42%, 176, 0, 5, 13.04
1747790441, 1, 136, 1099, 1085, 15, 8.42%, 176, 0, 5, 15.70
1747790446, 1, 138, 1099, 1085, 15, 8.42%, 176, 0, 5, 15.54
1747790451, 1, 139, 1099, 1085, 15, 8.42%, 176, 0, 5, 14.69
1747790456, 1, 140, 1099, 1085, 15, 8.42%, 177, 0, 5, 13.34
1747790462, 1, 142, 1099, 1085, 15, 8.42%, 177, 0, 5, 13.02
1747790467, 1, 143, 1099, 1085, 15, 8.42%, 177, 0, 5, 13.44
1747790472, 1, 145, 1099, 1085, 15, 8.42%, 177, 0, 5, 14.75
1747790477, 1, 149, 1099, 1085, 15, 8.42%, 178, 0, 5, 15.93
1747790482, 1, 150, 1099, 1085, 15, 8.42%, 178, 0, 5, 13.81
1747790487, 1, 154, 1099, 1085, 15, 8.42%, 178, 0, 5, 14.59
1747790492, 1, 155, 1099, 1085, 15, 8.42%, 178, 0, 5, 14.14
1747790498, 1, 156, 1099, 1085, 15, 8.42%, 178, 0, 5, 13.53
1747790503, 1, 158, 1099, 1085, 15, 8.42%, 178, 0, 5, 15.58
1747790508, 1, 159, 1099, 1085, 15, 8.42%, 178, 0, 5, 15.25
1747790513, 1, 162, 1099, 1085, 15, 8.42%, 178, 0, 5, 15.11
1747790518, 1, 163, 1099, 1085, 15, 8.42%, 178, 0, 5, 16.08
1747790523, 1, 166, 1099, 1085, 15, 8.42%, 178, 0, 5, 10.68
1747790529, 1, 167, 1099, 1085, 15, 8.42%, 179, 0, 5, 13.54
1747790534, 1, 169, 1099, 1085, 15, 8.42%, 179, 0, 5, 15.21
1747790539, 1, 170, 1099, 1085, 15, 8.42%, 179, 0, 5, 14.97
1747790544, 1, 172, 1099, 1085, 15, 8.42%, 179, 0, 5, 14.89
1747790549, 1, 173, 1099, 1085, 15, 8.42%, 179, 0, 5, 13.77
1747790554, 1, 175, 1100, 1086, 15, 8.42%, 179, 0, 5, 13.43
1747790559, 1, 175, 1100, 1086, 15, 8.42%, 180, 0, 5, 13.57
1747790564, 1, 176, 1100, 1086, 15, 8.42%, 180, 0, 5, 12.72
1747790570, 1, 179, 1100, 1086, 15, 8.42%, 180, 0, 5, 13.85
1747790575, 1, 180, 1100, 1086, 15, 8.42%, 181, 0, 5, 14.18
1747790580, 1, 181, 1100, 1086, 15, 8.42%, 181, 0, 5, 13.01
1747790585, 1, 182, 1100, 1086, 15, 8.42%, 181, 0, 5, 12.86
1747790590, 1, 183, 1101, 1087, 15, 8.44%, 181, 0, 5, 11.18
1747790595, 1, 184, 1101, 1087, 15, 8.44%, 181, 0, 5, 14.03
1747790600, 1, 186, 1101, 1087, 15, 8.44%, 181, 0, 5, 15.72
1747790605, 1, 189, 1101, 1087, 15, 8.44%, 181, 0, 5, 13.78
1747790610, 1, 191, 1101, 1087, 15, 8.44%, 181, 0, 5, 15.61
1747790615, 1, 192, 1101, 1087, 15, 8.44%, 181, 0, 5, 14.34
1747790620, 1, 195, 1101, 1087, 15, 8.44%, 181, 0, 5, 15.18
1747790626, 1, 196, 1101, 1087, 15, 8.44%, 181, 0, 5, 14.78
1747790631, 1, 197, 1101, 1087, 15, 8.44%, 181, 0, 5, 13.95
1747790636, 1, 199, 1101, 1087, 15, 8.44%, 181, 0, 5, 13.83
1747790641, 1, 200, 1101, 1087, 15, 8.44%, 181, 0, 5, 13.97
1747790646, 1, 201, 1101, 1087, 15, 8.44%, 181, 0, 5, 15.02
1747790651, 1, 203, 1101, 1087, 15, 8.44%, 181, 0, 5, 14.61
1747790656, 1, 205, 1101, 1087, 15, 8.44%, 181, 0, 5, 14.12
1747790661, 1, 206, 1101, 1087, 15, 8.44%, 182, 0, 5, 13.81
1747790667, 1, 208, 1102, 1088, 15, 8.44%, 182, 0, 5, 11.07
1747790677, 1, 210, 1103, 1089, 15, 8.44%, 182, 0, 5, 11.77
1747790682, 1, 210, 1103, 1089, 15, 8.44%, 183, 0, 5, 12.32
1747790687, 1, 211, 1103, 1089, 15, 8.44%, 183, 0, 5, 13.54
1747790692, 1, 213, 1103, 1089, 15, 8.44%, 183, 0, 5, 15.67
1747790697, 1, 215, 1103, 1089, 15, 8.44%, 184, 0, 5, 9.41
1747790702, 1, 216, 1103, 1089, 15, 8.44%, 184, 0, 5, 13.51
1747790707, 1, 218, 1103, 1089, 15, 8.44%, 184, 0, 5, 13.51
1747790713, 1, 219, 1103, 1089, 15, 8.44%, 184, 0, 5, 14.83
1747790718, 1, 220, 1103, 1089, 15, 8.44%, 185, 0, 5, 13.36
1747790723, 1, 223, 1103, 1089, 15, 8.44%, 185, 0, 5, 14.90
1747790728, 1, 224, 1103, 1089, 15, 8.44%, 185, 0, 5, 13.91
1747790733, 1, 226, 1103, 1089, 15, 8.44%, 185, 0, 5, 14.92
1747790738, 1, 227, 1103, 1089, 15, 8.44%, 187, 0, 5, 13.20
1747790744, 1, 228, 1103, 1089, 15, 8.44%, 187, 0, 5, 16.26
1747790749, 1, 230, 1103, 1089, 15, 8.44%, 187, 0, 5, 15.76
1747790754, 1, 231, 1103, 1089, 15, 8.44%, 187, 0, 5, 18.10
1747790759, 1, 234, 1103, 1089, 15, 8.44%, 188, 0, 5, 3.11
1747790764, 1, 236, 1103, 1089, 15, 8.44%, 188, 0, 5, 19.58
1747790770, 1, 238, 1103, 1089, 15, 8.44%, 188, 0, 5, 20.79
1747790775, 1, 239, 1103, 1089, 15, 8.44%, 188, 0, 5, 15.55
1747790780, 1, 240, 1103, 1089, 15, 8.44%, 188, 0, 5, 13.83
1747790785, 1, 242, 1103, 1089, 15, 8.44%, 188, 0, 5, 14.07
1747790790, 1, 243, 1103, 1089, 15, 8.44%, 188, 0, 5, 15.85
1747790796, 1, 245, 1103, 1089, 15, 8.44%, 188, 0, 5, 14.60
1747790801, 1, 246, 1103, 1089, 15, 8.44%, 188, 0, 5, 14.33
1747790806, 1, 250, 1103, 1089, 15, 8.44%, 188, 0, 5, 15.03
1747790811, 1, 251, 1103, 1089, 15, 8.44%, 188, 0, 5, 15.02
1747790816, 1, 252, 1103, 1089, 15, 8.44%, 188, 0, 5, 13.74
1747790822, 1, 253, 1103, 1089, 15, 8.44%, 188, 0, 5, 13.14
1747790827, 1, 255, 1103, 1089, 15, 8.44%, 188, 0, 5, 12.24
1747790832, 1, 256, 1103, 1089, 15, 8.44%, 188, 0, 5, 12.44
1747790837, 1, 257, 1103, 1089, 15, 8.44%, 188, 0, 5, 13.59
1747790842, 1, 259, 1103, 1089, 15, 8.44%, 188, 0, 5, 15.13
1747790847, 1, 260, 1103, 1089, 15, 8.44%, 188, 0, 5, 14.20
1747790853, 1, 263, 1103, 1089, 15, 8.44%, 188, 0, 5, 17.25
1747790858, 1, 264, 1103, 1089, 15, 8.44%, 188, 0, 5, 15.15
1747790863, 1, 266, 1103, 1089, 15, 8.44%, 188, 0, 5, 14.23
1747790868, 1, 268, 1103, 1089, 15, 8.44%, 188, 0, 5, 15.69
1747790874, 1, 270, 1103, 1089, 15, 8.44%, 188, 0, 5, 14.98
1747790879, 1, 271, 1103, 1089, 15, 8.44%, 188, 0, 5, 16.05
1747790884, 1, 273, 1103, 1089, 15, 8.44%, 188, 0, 5, 3.69
1747790889, 1, 273, 1104, 1090, 15, 8.44%, 188, 0, 5, 6.94
1747790894, 1, 275, 1104, 1090, 15, 8.44%, 188, 0, 5, 11.21
1747790899, 1, 277, 1104, 1090, 15, 8.44%, 188, 0, 5, 14.21
1747790904, 1, 279, 1104, 1090, 15, 8.44%, 188, 0, 5, 14.74
1747790910, 1, 280, 1104, 1090, 15, 8.44%, 188, 0, 5, 16.20
1747790915, 1, 282, 1104, 1090, 15, 8.44%, 188, 0, 5, 14.57
1747790920, 1, 283, 1104, 1090, 15, 8.44%, 189, 0, 5, 14.78
1747790925, 1, 284, 1104, 1090, 15, 8.44%, 190, 0, 5, 12.30
1747790930, 1, 287, 1104, 1090, 15, 8.44%, 190, 0, 5, 14.13
1747790935, 1, 288, 1104, 1090, 15, 8.44%, 190, 0, 5, 14.83
1747790941, 1, 289, 1104, 1090, 15, 8.44%, 190, 0, 5, 13.97
1747790946, 1, 291, 1104, 1090, 15, 8.44%, 190, 0, 5, 15.54
1747790951, 1, 292, 1104, 1090, 15, 8.44%, 190, 0, 5, 12.65
1747790956, 1, 295, 1104, 1090, 15, 8.44%, 190, 0, 5, 13.43
1747790961, 1, 296, 1104, 1090, 15, 8.44%, 190, 0, 5, 12.28
1747790966, 1, 298, 1104, 1090, 15, 8.44%, 190, 0, 5, 12.37
1747790972, 1, 300, 1104, 1090, 15, 8.44%, 190, 0, 5, 15.71
1747790977, 1, 303, 1104, 1090, 15, 8.44%, 190, 0, 5, 14.19
1747790982, 1, 304, 1104, 1090, 15, 8.44%, 190, 0, 5, 15.98
1747790987, 1, 306, 1104, 1090, 15, 8.44%, 190, 0, 5, 15.05
1747790992, 1, 308, 1104, 1090, 15, 8.44%, 190, 0, 5, 14.31
1747790997, 1, 309, 1104, 1090, 15, 8.44%, 192, 0, 5, 13.74
1747791002, 1, 310, 1104, 1090, 15, 8.44%, 192, 0, 5, 12.73
1747791008, 1, 312, 1104, 1090, 15, 8.44%, 192, 0, 5, 14.57
1747791013, 1, 313, 1104, 1090, 15, 8.44%, 192, 0, 5, 14.50
1747791018, 1, 315, 1104, 1090, 15, 8.44%, 192, 0, 5, 13.67
1747791023, 1, 316, 1104, 1090, 15, 8.44%, 193, 0, 5, 13.69
1747791028, 1, 317, 1104, 1090, 15, 8.44%, 193, 0, 5, 15.14
1747791033, 1, 319, 1104, 1090, 15, 8.44%, 193, 0, 5, 15.04
1747791039, 1, 320, 1104, 1090, 15, 8.44%, 193, 0, 5, 13.31
1747791044, 1, 322, 1104, 1090, 15, 8.44%, 193, 0, 5, 13.48
1747791049, 1, 325, 1104, 1090, 15, 8.44%, 193, 0, 5, 14.51
1747791054, 1, 327, 1104, 1090, 15, 8.44%, 194, 0, 5, 12.46
1747791060, 1, 328, 1104, 1090, 15, 8.44%, 194, 0, 5, 13.76
1747791065, 1, 329, 1104, 1090, 15, 8.44%, 194, 0, 5, 11.72
1747791070, 1, 331, 1104, 1090, 15, 8.44%, 194, 0, 5, 15.74
1747791075, 1, 332, 1104, 1090, 15, 8.44%, 194, 0, 5, 14.09
1747791080, 1, 335, 1104, 1090, 15, 8.44%, 194, 0, 5, 4.71
1747791085, 1, 340, 1104, 1090, 15, 8.44%, 194, 0, 5, 11.38
1747791090, 1, 341, 1104, 1090, 15, 8.44%, 194, 0, 5, 14.15
1747791095, 1, 343, 1104, 1090, 15, 8.44%, 194, 0, 5, 15.64
1747791100, 1, 344, 1104, 1090, 15, 8.44%, 194, 0, 5, 16.93
1747791105, 1, 347, 1104, 1090, 15, 8.44%, 196, 0, 5, 8.87
1747791111, 1, 348, 1104, 1090, 15, 8.44%, 196, 0, 5, 11.23
1747791116, 1, 349, 1104, 1090, 15, 8.44%, 196, 0, 5, 13.50
1747791121, 1, 351, 1104, 1090, 15, 8.44%, 196, 0, 5, 15.22
1747791126, 1, 353, 1104, 1090, 15, 8.44%, 197, 0, 5, 15.69
1747791131, 1, 355, 1104, 1090, 15, 8.44%, 197, 0, 5, 15.50
1747791136, 1, 356, 1104, 1090, 15, 8.44%, 197, 0, 5, 13.87
1747791141, 1, 358, 1104, 1090, 15, 8.44%, 197, 0, 5, 14.66
1747791147, 1, 359, 1104, 1090, 15, 8.44%, 197, 0, 5, 14.69
1747791152, 1, 360, 1104, 1090, 15, 8.44%, 197, 0, 5, 13.57
1747791157, 1, 364, 1104, 1090, 15, 8.44%, 197, 0, 5, 15.63
1747791162, 1, 364, 1105, 1091, 15, 8.44%, 197, 0, 5, 11.24
1747791167, 1, 365, 1105, 1091, 15, 8.44%, 197, 0, 5, 12.27
1747791172, 1, 367, 1105, 1091, 15, 8.44%, 198, 0, 5, 13.30
1747791177, 1, 369, 1105, 1091, 15, 8.44%, 198, 0, 5, 14.65
1747791182, 1, 370, 1105, 1091, 15, 8.44%, 198, 0, 5, 13.87
1747791188, 1, 372, 1105, 1091, 15, 8.44%, 198, 0, 5, 14.67
1747791193, 1, 374, 1105, 1091, 15, 8.44%, 198, 0, 5, 14.67
1747791198, 1, 375, 1105, 1091, 15, 8.44%, 199, 0, 5, 13.25
1747791203, 1, 376, 1105, 1091, 15, 8.44%, 199, 0, 5, 12.76
1747791208, 1, 377, 1105, 1091, 15, 8.44%, 199, 0, 5, 14.47
1747791213, 1, 379, 1105, 1091, 15, 8.44%, 199, 0, 5, 12.60
1747791218, 1, 380, 1105, 1091, 15, 8.44%, 199, 0, 5, 14.53
1747791223, 1, 382, 1105, 1091, 15, 8.44%, 199, 0, 5, 13.51
1747791229, 1, 385, 1105, 1091, 15, 8.44%, 199, 0, 5, 13.92
1747791234, 1, 386, 1105, 1091, 15, 8.44%, 199, 0, 5, 14.63
1747791239, 1, 387, 1105, 1091, 15, 8.44%, 199, 0, 5, 15.32
1747791244, 1, 388, 1105, 1091, 15, 8.44%, 199, 0, 5, 12.50
1747791249, 1, 390, 1105, 1091, 15, 8.44%, 200, 0, 5, 12.57
1747791254, 1, 391, 1105, 1091, 15, 8.44%, 200, 0, 5, 14.61
1747791259, 1, 394, 1105, 1091, 15, 8.44%, 200, 0, 5, 15.95
1747791264, 1, 395, 1105, 1091, 15, 8.44%, 200, 0, 5, 14.36
1747791270, 1, 397, 1105, 1091, 15, 8.44%, 200, 0, 5, 14.68
1747791275, 1, 398, 1105, 1091, 15, 8.44%, 200, 0, 5, 15.05
1747791280, 1, 399, 1105, 1091, 15, 8.44%, 200, 0, 5, 14.02
1747791285, 1, 401, 1105, 1091, 15, 8.44%, 200, 0, 5, 16.32
1747791290, 1, 402, 1105, 1091, 15, 8.44%, 201, 0, 5, 14.99
1747791295, 1, 404, 1105, 1091, 15, 8.44%, 201, 0, 5, 14.77
1747791300, 1, 406, 1105, 1091, 15, 8.44%, 201, 0, 5, 12.99
1747791306, 1, 407, 1105, 1091, 15, 8.44%, 201, 0, 5, 12.90
1747791311, 1, 409, 1105, 1091, 15, 8.44%, 201, 0, 5, 13.73
1747791316, 1, 411, 1105, 1091, 15, 8.44%, 202, 0, 5, 14.11
1747791321, 1, 412, 1105, 1091, 15, 8.44%, 203, 0, 5, 13.46
1747791326, 1, 414, 1105, 1091, 15, 8.44%, 203, 0, 5, 16.04
1747791331, 1, 415, 1105, 1091, 15, 8.44%, 203, 0, 5, 21.10
1747791336, 1, 418, 1105, 1091, 15, 8.44%, 203, 0, 5, 16.04
1747791342, 1, 419, 1105, 1091, 15, 8.44%, 203, 0, 5, 15.81
1747791347, 1, 421, 1105, 1091, 15, 8.44%, 203, 0, 5, 13.41
1747791352, 1, 422, 1105, 1091, 15, 8.44%, 203, 0, 5, 14.32
1747791358, 1, 423, 1105, 1091, 15, 8.44%, 203, 0, 5, 14.29
1747791363, 1, 426, 1105, 1091, 15, 8.44%, 203, 0, 5, 14.94
1747791368, 1, 427, 1105, 1091, 15, 8.44%, 203, 0, 5, 14.48
1747791373, 1, 428, 1105, 1091, 15, 8.44%, 203, 0, 5, 14.14
1747791378, 1, 431, 1105, 1091, 15, 8.44%, 203, 0, 5, 14.29
1747791383, 1, 432, 1105, 1091, 15, 8.44%, 203, 0, 5, 14.81
1747791388, 1, 434, 1105, 1091, 15, 8.44%, 203, 0, 5, 15.00
1747791394, 1, 435, 1105, 1091, 15, 8.44%, 203, 0, 5, 14.17
1747791399, 1, 438, 1105, 1091, 15, 8.44%, 203, 0, 5, 12.89
1747791404, 1, 440, 1105, 1091, 15, 8.44%, 203, 0, 5, 14.96
1747791409, 1, 441, 1105, 1091, 15, 8.44%, 203, 0, 5, 14.77
1747791414, 1, 444, 1105, 1091, 15, 8.44%, 203, 0, 5, 15.72
1747791419, 1, 445, 1105, 1091, 15, 8.44%, 203, 0, 5, 14.59
1747791425, 1, 447, 1105, 1091, 15, 8.44%, 204, 0, 5, 15.52
1747791430, 1, 448, 1105, 1091, 15, 8.44%, 204, 0, 5, 14.85
1747791435, 1, 451, 1105, 1091, 15, 8.44%, 204, 0, 5, 13.91
1747791440, 1, 452, 1105, 1091, 15, 8.44%, 206, 0, 5, 13.16
1747791446, 1, 454, 1105, 1091, 15, 8.44%, 206, 0, 5, 13.48
1747791451, 1, 456, 1105, 1091, 15, 8.44%, 206, 0, 5, 14.32
1747791456, 1, 458, 1105, 1091, 15, 8.44%, 206, 0, 5, 13.41
1747791461, 1, 461, 1105, 1091, 15, 8.44%, 206, 0, 5, 13.47
1747791466, 1, 463, 1105, 1091, 15, 8.44%, 206, 0, 5, 14.67
1747791471, 1, 464, 1105, 1091, 15, 8.44%, 206, 0, 5, 14.34
1747791476, 1, 466, 1105, 1091, 15, 8.44%, 207, 0, 5, 15.24
1747791481, 1, 468, 1105, 1091, 15, 8.44%, 207, 0, 5, 14.40
1747791487, 1, 471, 1105, 1091, 15, 8.44%, 207, 0, 5, 14.25
1747791492, 1, 471, 1106, 1092, 15, 8.44%, 207, 0, 5, 12.66
1747791497, 1, 475, 1106, 1092, 15, 8.44%, 207, 0, 5, 15.71
1747791502, 1, 477, 1106, 1092, 15, 8.44%, 207, 0, 5, 16.39
1747791507, 1, 480, 1106, 1092, 15, 8.44%, 207, 0, 5, 15.28
1747791512, 1, 482, 1106, 1092, 15, 8.44%, 208, 0, 5, 13.60
1747791517, 1, 484, 1106, 1092, 15, 8.44%, 208, 0, 5, 16.17
1747791523, 1, 485, 1106, 1092, 15, 8.44%, 209, 0, 5, 12.56
1747791528, 1, 486, 1106, 1092, 15, 8.44%, 209, 0, 5, 14.37
1747791533, 1, 487, 1106, 1092, 15, 8.44%, 209, 0, 5, 13.00
1747791538, 1, 490, 1106, 1092, 15, 8.44%, 210, 0, 5, 14.80
1747791543, 1, 492, 1106, 1092, 15, 8.44%, 210, 0, 5, 14.75
1747791548, 1, 493, 1106, 1092, 15, 8.44%, 210, 0, 5, 13.12
1747791553, 1, 495, 1106, 1092, 15, 8.44%, 210, 0, 5, 14.63
1747791558, 1, 496, 1106, 1092, 15, 8.44%, 210, 0, 5, 15.01
1747791563, 1, 499, 1106, 1092, 15, 8.44%, 210, 0, 5, 15.90
1747791569, 1, 500, 1106, 1092, 15, 8.44%, 210, 0, 5, 15.14
1747791574, 1, 503, 1106, 1092, 15, 8.44%, 210, 0, 5, 14.13
1747791579, 1, 504, 1106, 1092, 15, 8.44%, 210, 0, 5, 13.83
1747791584, 1, 505, 1106, 1092, 15, 8.44%, 210, 0, 5, 15.40
1747791589, 1, 506, 1106, 1092, 15, 8.44%, 210, 0, 5, 16.02
1747791835, 1, 506, 1107, 1093, 15, 8.44%, 210, 0, 5, 15.51
1747791876, 1, 507, 1107, 1092, 15, 8.44%, 210, 0, 5, 16.88
1747791881, 1, 509, 1107, 1092, 15, 8.44%, 210, 0, 5, 13.15
1747791886, 1, 510, 1107, 1092, 15, 8.44%, 210, 0, 5, 13.98
1747791891, 1, 512, 1107, 1092, 15, 8.44%, 210, 0, 5, 15.09
1747791896, 1, 514, 1107, 1092, 15, 8.44%, 210, 0, 5, 15.83
1747791902, 1, 515, 1107, 1092, 15, 8.44%, 210, 0, 5, 13.41
1747791907, 1, 518, 1107, 1092, 15, 8.44%, 211, 0, 5, 13.28
1747791912, 1, 519, 1107, 1092, 15, 8.44%, 211, 0, 5, 11.96
1747791917, 1, 520, 1107, 1092, 15, 8.44%, 211, 0, 5, 11.71
1747791922, 1, 522, 1107, 1092, 15, 8.44%, 211, 0, 5, 14.00
1747791927, 1, 523, 1107, 1092, 15, 8.44%, 211, 0, 5, 14.50
1747791932, 1, 526, 1107, 1092, 15, 8.44%, 211, 0, 5, 15.29
1747791937, 1, 527, 1107, 1092, 15, 8.44%, 211, 0, 5, 14.72
1747791942, 1, 529, 1107, 1092, 15, 8.44%, 211, 0, 5, 14.60
1747791948, 1, 530, 1107, 1092, 15, 8.44%, 211, 0, 5, 13.73
1747791953, 1, 531, 1107, 1092, 15, 8.44%, 211, 0, 5, 14.48
1747791958, 1, 534, 1107, 1092, 15, 8.44%, 211, 0, 5, 15.05
1747791963, 1, 537, 1107, 1092, 15, 8.44%, 211, 0, 5, 12.67
1747791968, 1, 539, 1107, 1092, 15, 8.44%, 211, 0, 5, 13.99
1747791973, 1, 540, 1107, 1092, 15, 8.44%, 211, 0, 5, 13.40
1747791978, 1, 541, 1107, 1092, 15, 8.44%, 211, 0, 5, 14.73
1747791984, 1, 543, 1107, 1092, 15, 8.44%, 211, 0, 5, 15.00
1747791989, 1, 544, 1107, 1092, 15, 8.44%, 211, 0, 5, 13.37
1747791994, 1, 545, 1107, 1092, 15, 8.44%, 211, 0, 5, 14.91
1747791999, 1, 547, 1107, 1092, 15, 8.44%, 211, 0, 5, 15.92
1747792004, 1, 548, 1107, 1092, 15, 8.44%, 211, 0, 5, 13.60
1747792009, 1, 549, 1107, 1092, 15, 8.44%, 211, 0, 5, 9.33
1747792015, 1, 551, 1107, 1092, 15, 8.44%, 211, 0, 5, 12.49
1747792020, 1, 552, 1107, 1092, 15, 8.44%, 211, 0, 5, 14.02
1747792025, 1, 554, 1107, 1092, 15, 8.44%, 211, 0, 5, 15.88
1747792030, 1, 557, 1107, 1092, 15, 8.44%, 211, 0, 5, 15.14
1747792035, 1, 558, 1107, 1092, 15, 8.44%, 211, 0, 5, 13.84
1747792040, 1, 559, 1108, 1093, 15, 8.44%, 211, 0, 5, 9.67
1747792045, 1, 560, 1108, 1093, 15, 8.44%, 211, 0, 5, 13.80
1747792051, 1, 561, 1108, 1093, 15, 8.44%, 211, 0, 5, 15.95
1747792056, 1, 563, 1108, 1093, 15, 8.44%, 211, 0, 5, 15.05
1747792061, 1, 565, 1108, 1093, 15, 8.44%, 211, 0, 5, 12.07
1747792066, 1, 566, 1108, 1093, 15, 8.44%, 211, 0, 5, 13.85
1747792071, 1, 569, 1108, 1093, 15, 8.44%, 211, 0, 5, 12.95
1747792076, 1, 570, 1108, 1093, 15, 8.44%, 212, 0, 5, 13.57
1747792081, 1, 572, 1108, 1093, 15, 8.44%, 212, 0, 5, 13.98
1747792086, 1, 573, 1108, 1093, 15, 8.44%, 212, 0, 5, 14.80
1747792092, 1, 574, 1109, 1094, 15, 8.44%, 212, 0, 5, 11.38
1747792097, 1, 576, 1109, 1094, 15, 8.44%, 212, 0, 5, 15.39
1747792102, 1, 577, 1109, 1094, 15, 8.44%, 213, 0, 5, 15.58
1747792107, 1, 578, 1109, 1094, 15, 8.44%, 213, 0, 5, 14.33
1747792112, 1, 580, 1109, 1094, 15, 8.44%, 214, 0, 5, 14.42
1747792117, 1, 581, 1109, 1094, 15, 8.44%, 214, 0, 5, 15.40
1747792122, 1, 582, 1109, 1094, 15, 8.44%, 214, 0, 5, 16.01
1747792368, 1, 582, 1110, 1095, 15, 8.44%, 214, 0, 5, 10.27
1747792373, 1, 582, 1111, 1096, 15, 8.44%, 214, 0, 5, 10.04
1747792393, 1, 583, 1111, 1095, 13, 8.44%, 214, 0, 5, 18.08
1747792398, 1, 584, 1111, 1095, 13, 8.44%, 214, 0, 5, 10.70
1747792403, 1, 587, 1111, 1095, 13, 8.44%, 214, 0, 5, 14.09
1747792409, 1, 588, 1111, 1095, 13, 8.44%, 214, 0, 5, 14.28
1747792414, 1, 589, 1111, 1095, 13, 8.44%, 214, 0, 5, 14.11
1747792419, 1, 591, 1111, 1095, 13, 8.44%, 214, 0, 5, 13.64
1747792424, 1, 592, 1111, 1095, 13, 8.44%, 214, 0, 5, 15.86
1747792429, 1, 596, 1111, 1095, 13, 8.44%, 214, 0, 5, 15.38
1747792435, 1, 598, 1111, 1095, 13, 8.44%, 214, 0, 5, 15.64
1747792440, 1, 600, 1111, 1095, 13, 8.44%, 214, 0, 5, 14.72
1747792445, 1, 601, 1111, 1095, 13, 8.44%, 214, 0, 5, 16.60
1747792450, 1, 602, 1111, 1095, 13, 8.44%, 215, 0, 5, 14.88
1747792455, 1, 604, 1111, 1095, 13, 8.44%, 215, 0, 5, 14.69
1747792460, 1, 605, 1111, 1095, 13, 8.44%, 215, 0, 5, 15.65
1747792465, 1, 607, 1111, 1095, 13, 8.44%, 215, 0, 5, 15.33
1747792470, 1, 608, 1111, 1095, 13, 8.44%, 215, 0, 5, 14.28
1747792475, 1, 609, 1111, 1095, 13, 8.44%, 215, 0, 5, 13.63
1747792481, 1, 611, 1111, 1095, 13, 8.44%, 215, 0, 5, 12.86
1747792486, 1, 612, 1111, 1095, 13, 8.44%, 215, 0, 5, 15.27
1747792491, 1, 613, 1111, 1095, 13, 8.44%, 216, 0, 5, 12.30
1747792496, 1, 615, 1111, 1095, 13, 8.44%, 216, 0, 5, 15.98
1747792501, 1, 616, 1111, 1095, 13, 8.44%, 216, 0, 5, 14.84
1747792506, 1, 617, 1111, 1095, 13, 8.44%, 216, 0, 5, 13.39
1747792511, 1, 619, 1111, 1095, 13, 8.44%, 216, 0, 5, 12.96
1747792516, 1, 621, 1111, 1095, 13, 8.44%, 216, 0, 5, 11.93
1747792521, 1, 622, 1111, 1095, 13, 8.44%, 216, 0, 5, 13.35
1747792527, 1, 626, 1111, 1095, 13, 8.44%, 216, 0, 5, 14.60
1747792532, 1, 627, 1111, 1095, 13, 8.44%, 216, 0, 5, 15.33
1747792537, 1, 629, 1111, 1095, 13, 8.44%, 216, 0, 5, 14.10
1747792542, 1, 630, 1111, 1095, 13, 8.44%, 216, 0, 5, 14.30
1747792547, 1, 631, 1111, 1095, 13, 8.44%, 216, 0, 5, 15.69
1747792552, 1, 635, 1111, 1095, 13, 8.44%, 216, 0, 5, 14.16
1747792587, 1, 635, 1112, 1096, 13, 8.44%, 216, 0, 5, 4.28
1747793158, 1, 635, 1113, 1097, 13, 8.44%, 216, 0, 5, 9.61
1747793189, 1, 635, 1114, 1098, 13, 8.44%, 216, 0, 5, 8.62
1747793194, 1, 635, 1115, 1099, 13, 8.44%, 216, 0, 5, 7.99
1747793250, 1, 635, 1116, 1100, 13, 8.44%, 216, 0, 5, 4.30
1747793266, 1, 635, 1117, 1101, 13, 8.44%, 216, 0, 5, 4.35
1747793430, 1, 635, 1118, 1102, 13, 8.44%, 216, 0, 5, 4.43
1747793440, 1, 635, 1119, 1103, 13, 8.44%, 216, 0, 5, 4.52
1747793481, 1, 635, 1120, 1104, 13, 8.44%, 216, 0, 5, 4.79
1747793487, 1, 635, 1121, 1105, 13, 8.44%, 216, 0, 5, 8.10
1747793502, 1, 637, 1121, 1104, 12, 8.44%, 216, 0, 5, 13.95
1747793507, 1, 639, 1121, 1104, 12, 8.44%, 216, 0, 5, 15.72
1747793512, 1, 642, 1121, 1104, 12, 8.44%, 216, 0, 5, 14.78
1747793517, 1, 643, 1121, 1104, 12, 8.44%, 216, 0, 5, 13.85
1747793522, 1, 648, 1121, 1104, 12, 8.44%, 216, 0, 5, 16.12
1747793527, 1, 649, 1121, 1104, 12, 8.44%, 216, 0, 5, 15.49
1747793533, 1, 652, 1121, 1104, 12, 8.44%, 216, 0, 5, 16.62
1747793538, 1, 653, 1121, 1104, 12, 8.44%, 216, 0, 5, 13.81
1747793543, 1, 655, 1121, 1104, 12, 8.44%, 216, 0, 5, 14.03
1747793548, 1, 657, 1121, 1104, 12, 8.44%, 216, 0, 5, 14.60
1747793553, 1, 658, 1121, 1104, 12, 8.44%, 216, 0, 5, 14.99
1747793558, 1, 659, 1121, 1104, 12, 8.44%, 216, 0, 5, 15.42
1747793579, 1, 659, 1122, 1105, 12, 8.44%, 216, 0, 5, 4.86
1747793682, 1, 659, 1123, 1106, 12, 8.44%, 216, 0, 5, 3.66
1747794457, 1, 659, 1124, 1107, 12, 8.44%, 216, 0, 5, 3.62
1747794514, 1, 659, 1125, 1108, 12, 8.44%, 216, 0, 5, 3.17
1747794550, 1, 660, 1125, 1107, 11, 8.44%, 216, 0, 5, 16.81
1747794555, 1, 661, 1125, 1107, 11, 8.44%, 217, 0, 5, 16.39
1747794560, 1, 664, 1125, 1107, 11, 8.44%, 217, 0, 5, 15.55
1747794565, 1, 665, 1125, 1107, 11, 8.44%, 217, 0, 5, 14.45
1747794570, 1, 668, 1125, 1107, 11, 8.44%, 217, 0, 5, 14.24
1747794575, 1, 670, 1125, 1107, 11, 8.44%, 217, 0, 5, 15.54
1747794580, 1, 671, 1125, 1107, 11, 8.44%, 217, 0, 5, 13.85
1747794586, 1, 673, 1125, 1107, 11, 8.44%, 217, 0, 5, 14.31
1747794591, 1, 674, 1125, 1107, 11, 8.44%, 217, 0, 5, 14.79
1747794596, 1, 676, 1125, 1107, 11, 8.44%, 217, 0, 5, 15.28
1747794601, 1, 677, 1125, 1107, 11, 8.44%, 217, 0, 5, 13.25
1747794606, 1, 680, 1125, 1107, 11, 8.44%, 217, 0, 5, 16.51
1747794611, 1, 682, 1125, 1107, 11, 8.44%, 217, 0, 5, 13.45
1747794617, 1, 683, 1125, 1107, 11, 8.44%, 217, 0, 5, 12.46
1747794622, 1, 685, 1125, 1107, 11, 8.44%, 217, 0, 5, 13.08
1747794627, 1, 688, 1125, 1107, 11, 8.44%, 217, 0, 5, 12.03
1747794632, 1, 689, 1125, 1107, 11, 8.44%, 217, 0, 5, 14.04
1747794637, 1, 691, 1126, 1108, 11, 8.44%, 217, 0, 5, 15.73
1747794642, 1, 693, 1126, 1108, 11, 8.44%, 217, 0, 5, 16.40
1747794648, 1, 694, 1126, 1108, 11, 8.44%, 217, 0, 5, 13.99
1747794653, 1, 695, 1126, 1108, 11, 8.44%, 217, 0, 5, 13.13
1747794658, 1, 699, 1126, 1108, 11, 8.44%, 217, 0, 5, 15.37
1747794663, 1, 700, 1126, 1108, 11, 8.44%, 217, 0, 5, 15.10
1747794668, 1, 702, 1126, 1108, 11, 8.44%, 217, 0, 5, 6.94
1747794673, 1, 703, 1126, 1108, 11, 8.44%, 217, 0, 5, 11.88
1747794679, 1, 704, 1126, 1108, 11, 8.44%, 217, 0, 5, 15.21
1747794684, 1, 705, 1127, 1109, 11, 8.44%, 217, 0, 5, 13.63
1747794689, 1, 706, 1127, 1109, 11, 8.44%, 217, 0, 5, 14.59
1747794694, 1, 707, 1127, 1109, 11, 8.44%, 217, 0, 5, 16.16
1747794699, 1, 709, 1127, 1109, 11, 8.44%, 218, 0, 5, 15.10
1747794704, 1, 711, 1127, 1109, 11, 8.44%, 218, 0, 5, 15.32
1747794709, 1, 712, 1128, 1110, 11, 8.44%, 218, 0, 5, 10.09
1747794720, 1, 713, 1128, 1110, 11, 8.44%, 218, 0, 5, 13.01
1747794725, 1, 715, 1128, 1110, 11, 8.44%, 218, 0, 5, 13.26
1747794730, 1, 716, 1128, 1110, 11, 8.44%, 219, 0, 5, 15.81
1747794735, 1, 720, 1128, 1110, 11, 8.44%, 219, 0, 5, 17.31
1747794740, 1, 721, 1128, 1110, 11, 8.44%, 219, 0, 5, 14.68
1747794745, 1, 723, 1128, 1110, 11, 8.44%, 219, 0, 5, 13.73
1747794750, 1, 727, 1128, 1110, 11, 8.44%, 219, 0, 5, 12.92
1747794755, 1, 728, 1128, 1110, 11, 8.44%, 219, 0, 5, 13.87
1747794760, 1, 732, 1128, 1110, 11, 8.44%, 219, 0, 5, 15.08
1747794765, 1, 733, 1129, 1111, 11, 8.44%, 219, 0, 5, 3.77
1747794771, 1, 735, 1129, 1111, 11, 8.44%, 219, 0, 5, 20.66
1747794776, 1, 736, 1129, 1111, 11, 8.44%, 219, 0, 5, 5.57
1747794781, 1, 739, 1129, 1111, 11, 8.44%, 219, 0, 5, 13.22
1747794786, 1, 740, 1129, 1111, 11, 8.44%, 219, 0, 5, 14.92
1747794791, 1, 741, 1129, 1111, 11, 8.44%, 219, 0, 5, 14.58
1747794796, 1, 743, 1129, 1111, 11, 8.44%, 219, 0, 5, 15.67
1747794801, 1, 744, 1129, 1111, 11, 8.44%, 219, 0, 5, 14.31
1747794806, 1, 746, 1129, 1111, 11, 8.44%, 219, 0, 5, 15.92
1747794812, 1, 748, 1129, 1111, 11, 8.44%, 219, 0, 5, 15.92
1747794817, 1, 750, 1129, 1111, 11, 8.44%, 219, 0, 5, 14.19
1747794822, 1, 751, 1129, 1111, 11, 8.44%, 219, 0, 5, 15.94
1747794827, 1, 756, 1129, 1111, 11, 8.44%, 219, 0, 5, 16.08
1747794832, 1, 757, 1129, 1111, 11, 8.44%, 219, 0, 5, 13.88
1747794837, 1, 758, 1129, 1111, 11, 8.44%, 219, 0, 5, 14.22
1747794842, 1, 760, 1129, 1111, 11, 8.44%, 219, 0, 5, 13.05
1747794848, 1, 761, 1129, 1111, 11, 8.44%, 220, 0, 5, 12.05
1747794853, 1, 763, 1129, 1111, 11, 8.44%, 220, 0, 5, 13.30
1747794858, 1, 765, 1129, 1111, 11, 8.44%, 220, 0, 5, 13.54
1747794863, 1, 766, 1129, 1111, 11, 8.44%, 220, 0, 5, 14.96
1747794868, 1, 769, 1129, 1111, 11, 8.44%, 220, 0, 5, 15.31
1747794874, 1, 772, 1129, 1111, 11, 8.44%, 220, 0, 5, 15.22
1747794879, 1, 774, 1129, 1111, 11, 8.44%, 220, 0, 5, 15.04
1747794884, 1, 779, 1129, 1111, 11, 8.44%, 220, 0, 5, 18.76
1747794889, 1, 780, 1129, 1111, 11, 8.44%, 220, 0, 5, 15.69
1747794894, 1, 782, 1129, 1111, 11, 8.44%, 220, 0, 5, 15.81
1747794900, 1, 783, 1129, 1111, 11, 8.44%, 220, 0, 5, 14.67
1747794905, 1, 784, 1129, 1111, 11, 8.44%, 220, 0, 5, 12.92
1747794910, 1, 786, 1129, 1111, 11, 8.44%, 220, 0, 5, 14.76
1747794915, 1, 787, 1129, 1111, 11, 8.44%, 220, 0, 5, 14.68
1747794920, 1, 788, 1129, 1111, 11, 8.44%, 220, 0, 5, 12.78
1747794925, 1, 790, 1129, 1111, 11, 8.44%, 220, 0, 5, 12.42
1747794931, 1, 791, 1129, 1111, 11, 8.44%, 220, 0, 5, 11.31
1747794936, 1, 794, 1129, 1111, 11, 8.44%, 220, 0, 5, 16.29
1747794941, 1, 799, 1129, 1111, 11, 8.44%, 220, 0, 5, 15.87
1747794946, 1, 801, 1129, 1111, 11, 8.44%, 220, 0, 5, 14.98
1747794951, 1, 802, 1129, 1111, 11, 8.44%, 220, 0, 5, 14.56
1747794957, 1, 804, 1129, 1111, 11, 8.44%, 220, 0, 5, 13.94
1747794962, 1, 805, 1129, 1111, 11, 8.44%, 220, 0, 5, 12.07
1747794967, 1, 806, 1129, 1111, 11, 8.44%, 220, 0, 5, 14.11
1747794972, 1, 807, 1129, 1111, 11, 8.44%, 220, 0, 5, 13.96
1747794977, 1, 810, 1129, 1111, 11, 8.44%, 220, 0, 5, 14.28
1747794982, 1, 812, 1129, 1111, 11, 8.44%, 221, 0, 5, 15.14
1747794987, 1, 814, 1129, 1111, 11, 8.44%, 221, 0, 5, 13.63
1747794992, 1, 815, 1130, 1112, 11, 8.44%, 221, 0, 5, 9.16
1747795003, 1, 817, 1130, 1112, 11, 8.44%, 221, 0, 5, 13.88
1747795008, 1, 819, 1130, 1112, 11, 8.44%, 221, 0, 5, 16.58
1747795013, 1, 822, 1130, 1112, 11, 8.44%, 221, 0, 5, 13.90
1747795018, 1, 822, 1131, 1113, 11, 8.44%, 221, 0, 5, 10.28
1747795024, 1, 822, 1131, 1113, 11, 8.44%, 222, 0, 5, 11.14
1747795029, 1, 824, 1131, 1113, 11, 8.44%, 223, 0, 5, 13.78
1747795034, 1, 825, 1131, 1113, 11, 8.44%, 223, 0, 5, 14.37
1747795039, 1, 827, 1131, 1113, 11, 8.44%, 223, 0, 5, 15.23
1747795044, 1, 828, 1131, 1113, 11, 8.44%, 223, 0, 5, 15.81
1747795050, 1, 830, 1131, 1113, 11, 8.44%, 223, 0, 5, 14.91
1747795055, 1, 833, 1131, 1113, 11, 8.44%, 223, 0, 5, 16.08
1747795060, 1, 835, 1131, 1113, 11, 8.44%, 223, 0, 5, 15.14
1747795065, 1, 837, 1131, 1113, 11, 8.44%, 223, 0, 5, 13.43
1747795070, 1, 837, 1132, 1114, 11, 8.44%, 223, 0, 5, 11.67
1747795075, 1, 839, 1132, 1114, 11, 8.44%, 224, 0, 5, 12.95
1747795080, 1, 840, 1132, 1114, 11, 8.44%, 224, 0, 5, 14.38
1747795086, 1, 841, 1132, 1114, 11, 8.44%, 224, 0, 5, 13.65
1747795091, 1, 843, 1132, 1114, 11, 8.44%, 224, 0, 5, 13.55
1747795096, 1, 844, 1132, 1114, 11, 8.44%, 224, 0, 5, 11.80
1747795101, 1, 845, 1132, 1114, 11, 8.44%, 224, 0, 5, 14.10
1747795106, 1, 846, 1132, 1114, 11, 8.44%, 224, 0, 5, 14.31
1747795111, 1, 848, 1132, 1114, 11, 8.44%, 224, 0, 5, 16.88
1747795116, 1, 849, 1132, 1114, 11, 8.44%, 224, 0, 5, 13.73
1747795122, 1, 851, 1132, 1114, 11, 8.44%, 224, 0, 5, 13.74
1747795127, 1, 852, 1132, 1114, 11, 8.44%, 224, 0, 5, 15.47
1747795132, 1, 854, 1132, 1114, 11, 8.44%, 224, 0, 5, 15.43
1747795137, 1, 855, 1132, 1114, 11, 8.44%, 225, 0, 5, 14.49
1747795142, 1, 856, 1132, 1114, 11, 8.44%, 225, 0, 5, 14.48
1747795147, 1, 858, 1132, 1114, 11, 8.44%, 225, 0, 5, 15.15
1747795152, 1, 859, 1132, 1114, 11, 8.44%, 225, 0, 5, 13.83
1747795157, 1, 860, 1132, 1114, 11, 8.44%, 225, 0, 5, 14.19
1747795163, 1, 863, 1132, 1114, 11, 8.44%, 225, 0, 5, 15.36
1747795168, 1, 864, 1132, 1114, 11, 8.44%, 225, 0, 5, 13.83
1747795173, 1, 866, 1132, 1114, 11, 8.44%, 225, 0, 5, 15.34
1747795178, 1, 868, 1132, 1114, 11, 8.44%, 225, 0, 5, 16.67
1747795183, 1, 870, 1132, 1114, 11, 8.44%, 225, 0, 5, 14.77
1747795188, 1, 871, 1132, 1114, 11, 8.44%, 225, 0, 5, 13.85
1747795193, 1, 874, 1132, 1114, 11, 8.44%, 225, 0, 5, 12.70
1747795198, 1, 876, 1132, 1114, 11, 8.44%, 225, 0, 5, 14.13
1747795204, 1, 878, 1132, 1114, 11, 8.44%, 225, 0, 5, 13.73
1747795209, 1, 879, 1132, 1114, 11, 8.44%, 225, 0, 5, 15.33
1747795214, 1, 881, 1132, 1114, 11, 8.44%, 225, 0, 5, 14.69
1747795219, 1, 882, 1132, 1114, 11, 8.44%, 225, 0, 5, 11.75
1747795224, 1, 883, 1132, 1114, 11, 8.44%, 225, 0, 5, 12.63
1747795229, 1, 884, 1132, 1114, 11, 8.44%, 225, 0, 5, 11.06
1747795234, 1, 885, 1132, 1114, 11, 8.44%, 225, 0, 5, 12.40
1747795240, 1, 889, 1132, 1114, 11, 8.44%, 225, 0, 5, 15.24
1747795245, 1, 891, 1132, 1114, 11, 8.44%, 225, 0, 5, 15.78
1747795250, 1, 892, 1132, 1114, 11, 8.44%, 225, 0, 5, 13.01
1747795255, 1, 893, 1132, 1114, 11, 8.44%, 226, 0, 5, 11.84
1747795260, 1, 894, 1132, 1114, 11, 8.44%, 226, 0, 5, 13.90
1747795265, 1, 897, 1132, 1114, 11, 8.44%, 226, 0, 5, 14.52
1747795270, 1, 898, 1132, 1114, 11, 8.44%, 226, 0, 5, 11.53
1747795275, 1, 899, 1132, 1114, 11, 8.44%, 226, 0, 5, 14.08
1747795281, 1, 900, 1132, 1114, 11, 8.44%, 226, 0, 5, 13.11
1747795286, 1, 901, 1132, 1114, 11, 8.44%, 226, 0, 5, 12.70
1747795291, 1, 903, 1132, 1114, 11, 8.44%, 226, 0, 5, 15.50
1747795296, 1, 905, 1132, 1114, 11, 8.44%, 226, 0, 5, 15.18
1747795301, 1, 907, 1132, 1114, 11, 8.44%, 226, 0, 5, 13.93
1747795306, 1, 909, 1132, 1114, 11, 8.44%, 226, 0, 5, 13.84
1747795312, 1, 910, 1132, 1114, 11, 8.44%, 226, 0, 5, 2.99
1747795317, 1, 912, 1132, 1114, 11, 8.44%, 226, 0, 5, 8.27
1747795322, 1, 913, 1132, 1114, 11, 8.44%, 226, 0, 5, 13.09
1747795327, 1, 915, 1132, 1114, 11, 8.44%, 226, 0, 5, 14.17
1747795332, 1, 916, 1132, 1114, 11, 8.44%, 226, 0, 5, 14.15
1747795337, 1, 918, 1132, 1114, 11, 8.44%, 226, 0, 5, 16.77
1747795342, 1, 919, 1132, 1114, 11, 8.44%, 226, 0, 5, 13.50
1747795348, 1, 920, 1132, 1114, 11, 8.44%, 226, 0, 5, 13.94
1747795353, 1, 921, 1132, 1114, 11, 8.44%, 228, 0, 5, 12.25
1747795358, 1, 923, 1132, 1114, 11, 8.44%, 228, 0, 5, 13.66
1747795363, 1, 924, 1132, 1114, 11, 8.44%, 228, 0, 5, 14.78
1747795368, 1, 929, 1132, 1114, 11, 8.44%, 228, 0, 5, 14.59
1747795373, 1, 930, 1132, 1114, 11, 8.44%, 229, 0, 5, 12.87
1747795378, 1, 931, 1132, 1114, 11, 8.44%, 229, 0, 5, 15.74
1747795383, 1, 933, 1132, 1114, 11, 8.44%, 229, 0, 5, 15.61
1747795388, 1, 934, 1132, 1114, 11, 8.44%, 229, 0, 5, 14.59
1747795393, 1, 936, 1132, 1114, 11, 8.44%, 229, 0, 5, 15.72
1747795399, 1, 937, 1132, 1114, 11, 8.44%, 229, 0, 5, 15.91
1747795404, 1, 939, 1132, 1114, 11, 8.44%, 229, 0, 5, 14.19
1747795409, 1, 940, 1132, 1114, 11, 8.44%, 229, 0, 5, 13.13
1747795414, 1, 941, 1132, 1114, 11, 8.44%, 229, 0, 5, 12.78
1747795419, 1, 944, 1132, 1114, 11, 8.44%, 229, 0, 5, 14.43
1747795424, 1, 946, 1132, 1114, 11, 8.44%, 229, 0, 5, 14.69
1747795430, 1, 947, 1132, 1114, 11, 8.44%, 229, 0, 5, 14.01
1747795435, 1, 951, 1132, 1114, 11, 8.44%, 229, 0, 5, 14.88
1747795440, 1, 952, 1132, 1114, 11, 8.44%, 229, 0, 5, 13.38
1747795445, 1, 954, 1132, 1114, 11, 8.44%, 229, 0, 5, 15.12
1747795450, 1, 955, 1132, 1114, 11, 8.44%, 229, 0, 5, 12.14
1747795455, 1, 957, 1132, 1114, 11, 8.44%, 229, 0, 5, 13.65
1747795460, 1, 958, 1132, 1114, 11, 8.44%, 229, 0, 5, 15.86
1747795465, 1, 960, 1132, 1114, 11, 8.44%, 229, 0, 5, 16.00
1747795471, 1, 961, 1132, 1114, 11, 8.44%, 229, 0, 5, 15.60
1747795476, 1, 962, 1132, 1114, 11, 8.44%, 229, 0, 5, 9.60
1747795481, 1, 963, 1132, 1114, 11, 8.44%, 229, 0, 5, 11.81
1747795486, 1, 967, 1132, 1114, 11, 8.44%, 229, 0, 5, 13.67
1747795491, 1, 968, 1132, 1114, 11, 8.44%, 229, 0, 5, 14.38
1747795496, 1, 970, 1132, 1114, 11, 8.44%, 229, 0, 5, 14.87
1747795501, 1, 971, 1132, 1114, 11, 8.44%, 229, 0, 5, 16.43
1747795506, 1, 973, 1132, 1114, 11, 8.44%, 229, 0, 5, 16.19
1747795512, 1, 974, 1132, 1114, 11, 8.44%, 229, 0, 5, 15.57
1747795517, 1, 976, 1132, 1114, 11, 8.44%, 229, 0, 5, 15.51
1747795522, 1, 977, 1132, 1114, 11, 8.44%, 229, 0, 5, 14.90
1747795527, 1, 978, 1132, 1114, 11, 8.44%, 229, 0, 5, 13.74
1747795532, 1, 981, 1132, 1114, 11, 8.44%, 229, 0, 5, 12.96
1747795537, 1, 982, 1132, 1114, 11, 8.44%, 229, 0, 5, 14.70
1747795542, 1, 983, 1132, 1114, 11, 8.44%, 229, 0, 5, 15.37
1747795547, 1, 987, 1132, 1114, 11, 8.44%, 229, 0, 5, 18.97
1747795552, 1, 988, 1132, 1114, 11, 8.44%, 229, 0, 5, 6.11
1747795557, 1, 989, 1132, 1114, 11, 8.44%, 229, 0, 5, 10.09
1747795563, 1, 993, 1132, 1114, 11, 8.44%, 229, 0, 5, 11.46
1747795568, 1, 994, 1132, 1114, 11, 8.44%, 229, 0, 5, 11.82
1747795573, 1, 997, 1132, 1114, 11, 8.44%, 229, 0, 5, 12.06
1747795578, 1, 999, 1132, 1114, 11, 8.44%, 229, 0, 5, 14.14
1747795583, 1, 1001, 1132, 1114, 11, 8.44%, 229, 0, 5, 15.54
1747795588, 1, 1002, 1132, 1114, 11, 8.44%, 229, 0, 5, 14.21
1747795593, 1, 1003, 1132, 1114, 11, 8.44%, 229, 0, 5, 13.42
1747795599, 1, 1005, 1132, 1114, 11, 8.44%, 229, 0, 5, 15.70
1747795604, 1, 1005, 1133, 1115, 11, 8.44%, 229, 0, 5, 15.92
1747795609, 1, 1006, 1133, 1115, 11, 8.44%, 229, 0, 5, 14.02
1747795614, 1, 1011, 1133, 1115, 11, 8.44%, 229, 0, 5, 14.36
1747795619, 1, 1012, 1133, 1115, 11, 8.44%, 229, 0, 5, 12.99
1747795625, 1, 1014, 1133, 1115, 11, 8.44%, 229, 0, 5, 15.17
1747795630, 1, 1015, 1133, 1115, 11, 8.44%, 229, 0, 5, 13.39
1747795635, 1, 1016, 1133, 1115, 11, 8.44%, 229, 0, 5, 13.14
1747795640, 1, 1018, 1133, 1115, 11, 8.44%, 229, 0, 5, 14.51
1747795645, 1, 1019, 1133, 1115, 11, 8.44%, 229, 0, 5, 14.14
1747795650, 1, 1020, 1133, 1115, 11, 8.44%, 229, 0, 5, 14.21
1747795655, 1, 1023, 1133, 1115, 11, 8.44%, 229, 0, 5, 3.22
1747795660, 1, 1024, 1133, 1115, 11, 8.44%, 229, 0, 5, 10.70
1747795666, 1, 1025, 1133, 1115, 11, 8.44%, 229, 0, 5, 12.16
1747795671, 1, 1027, 1133, 1115, 11, 8.44%, 230, 0, 5, 13.95
1747795676, 1, 1028, 1133, 1115, 11, 8.44%, 230, 0, 5, 13.49
1747795681, 1, 1029, 1133, 1115, 11, 8.44%, 230, 0, 5, 14.40
1747795686, 1, 1031, 1133, 1115, 11, 8.44%, 230, 0, 5, 14.32
1747795692, 1, 1032, 1133, 1115, 11, 8.44%, 230, 0, 5, 15.35
1747795697, 1, 1035, 1134, 1116, 11, 8.44%, 230, 0, 5, 16.34
1747795707, 1, 1037, 1134, 1116, 11, 8.44%, 230, 0, 5, 16.13
1747795712, 1, 1038, 1134, 1116, 11, 8.44%, 230, 0, 5, 15.92
1747795718, 1, 1040, 1134, 1116, 11, 8.44%, 230, 0, 5, 11.30
1747795723, 1, 1041, 1134, 1116, 11, 8.44%, 231, 0, 5, 14.66
1747795728, 1, 1042, 1135, 1117, 11, 8.44%, 231, 0, 5, 10.03
1747795733, 1, 1043, 1135, 1117, 11, 8.44%, 231, 0, 5, 14.22
1747795738, 1, 1045, 1135, 1117, 11, 8.44%, 231, 0, 5, 13.79
1747795744, 1, 1046, 1135, 1117, 11, 8.44%, 231, 0, 5, 14.19
1747795749, 1, 1048, 1135, 1117, 11, 8.44%, 231, 0, 5, 13.00
1747795754, 1, 1050, 1135, 1117, 11, 8.44%, 231, 0, 5, 12.75
1747795759, 1, 1051, 1135, 1117, 11, 8.44%, 231, 0, 5, 12.98
1747795764, 1, 1052, 1135, 1117, 11, 8.44%, 231, 0, 5, 14.61
1747795769, 1, 1054, 1135, 1117, 11, 8.44%, 231, 0, 5, 13.68
1747795774, 1, 1055, 1135, 1117, 11, 8.44%, 231, 0, 5, 14.02
1747795780, 1, 1056, 1135, 1117, 11, 8.44%, 231, 0, 5, 13.70
1747795785, 1, 1058, 1135, 1117, 11, 8.44%, 231, 0, 5, 13.95
1747795790, 1, 1059, 1135, 1117, 11, 8.44%, 231, 0, 5, 14.65
1747795795, 1, 1061, 1135, 1117, 11, 8.44%, 231, 0, 5, 13.39
1747795800, 1, 1062, 1135, 1117, 11, 8.44%, 231, 0, 5, 14.32
1747795805, 1, 1064, 1135, 1117, 11, 8.44%, 231, 0, 5, 14.81
1747795810, 1, 1066, 1135, 1117, 11, 8.44%, 231, 0, 5, 14.56
1747795816, 1, 1067, 1135, 1117, 11, 8.44%, 231, 0, 5, 15.84
1747795821, 1, 1068, 1135, 1117, 11, 8.44%, 231, 0, 5, 12.97
1747795826, 1, 1069, 1136, 1118, 11, 8.44%, 231, 0, 5, 11.91
1747795831, 1, 1069, 1136, 1118, 11, 8.44%, 232, 0, 5, 9.33
1747795837, 1, 1070, 1136, 1118, 11, 8.44%, 232, 0, 5, 13.68
1747795842, 1, 1072, 1136, 1118, 11, 8.44%, 232, 0, 5, 15.00
1747795847, 1, 1073, 1136, 1118, 11, 8.44%, 232, 0, 5, 15.85
1747795852, 1, 1076, 1136, 1118, 11, 8.44%, 232, 0, 5, 13.66
1747795857, 1, 1077, 1136, 1118, 11, 8.44%, 232, 0, 5, 15.35
1747795862, 1, 1079, 1136, 1118, 11, 8.44%, 233, 0, 5, 14.66
1747795867, 1, 1080, 1136, 1118, 11, 8.44%, 233, 0, 5, 13.86
1747795872, 1, 1081, 1136, 1118, 11, 8.44%, 233, 0, 5, 14.49
1747795877, 1, 1084, 1136, 1118, 11, 8.44%, 233, 0, 5, 16.30
1747795882, 1, 1085, 1136, 1118, 11, 8.44%, 233, 0, 5, 15.65
1747795888, 1, 1088, 1136, 1118, 11, 8.44%, 233, 0, 5, 14.38
1747795893, 1, 1089, 1136, 1118, 11, 8.44%, 233, 0, 5, 15.68
1747795898, 1, 1090, 1136, 1118, 11, 8.44%, 233, 0, 5, 14.95
1747795903, 1, 1092, 1136, 1118, 11, 8.44%, 234, 0, 5, 19.68
1747795908, 1, 1093, 1136, 1118, 11, 8.44%, 234, 0, 5, 15.75
1747795913, 1, 1095, 1136, 1118, 11, 8.44%, 234, 0, 5, 13.59
1747795918, 1, 1097, 1136, 1118, 11, 8.44%, 234, 0, 5, 16.19
1747795923, 1, 1098, 1136, 1118, 11, 8.44%, 234, 0, 5, 14.54
1747795929, 1, 1099, 1136, 1118, 11, 8.44%, 234, 0, 5, 12.49
1747795934, 1, 1101, 1136, 1118, 11, 8.44%, 234, 0, 5, 14.10
1747795939, 1, 1102, 1136, 1118, 11, 8.44%, 234, 0, 5, 13.64
1747795944, 1, 1103, 1136, 1118, 11, 8.44%, 234, 0, 5, 14.51
1747795950, 1, 1105, 1136, 1118, 11, 8.44%, 234, 0, 5, 13.73
1747795955, 1, 1107, 1136, 1118, 11, 8.44%, 234, 0, 5, 14.11
1747795960, 1, 1108, 1137, 1119, 11, 8.44%, 234, 0, 5, 10.35
1747795970, 1, 1112, 1137, 1119, 11, 8.44%, 234, 0, 5, 15.72
1747795975, 1, 1114, 1137, 1119, 11, 8.44%, 234, 0, 5, 16.29
1747795980, 1, 1115, 1137, 1119, 11, 8.44%, 234, 0, 5, 15.71
1747795986, 1, 1116, 1137, 1119, 11, 8.44%, 234, 0, 5, 15.19
1747795991, 1, 1119, 1137, 1119, 11, 8.44%, 234, 0, 5, 15.59
1747795996, 1, 1121, 1137, 1119, 11, 8.44%, 234, 0, 5, 16.45
1747796001, 1, 1122, 1137, 1119, 11, 8.44%, 234, 0, 5, 13.37
1747796006, 1, 1123, 1137, 1119, 11, 8.44%, 234, 0, 5, 15.50
1747796011, 1, 1125, 1137, 1119, 11, 8.44%, 234, 0, 5, 15.23
1747796016, 1, 1126, 1137, 1119, 11, 8.44%, 234, 0, 5, 15.60
1747796022, 1, 1127, 1137, 1119, 11, 8.44%, 234, 0, 5, 12.99
1747796027, 1, 1129, 1137, 1119, 11, 8.44%, 234, 0, 5, 12.77
1747796032, 1, 1130, 1137, 1119, 11, 8.44%, 234, 0, 5, 14.04
1747796037, 1, 1131, 1137, 1119, 11, 8.44%, 234, 0, 5, 14.00
1747796042, 1, 1133, 1137, 1119, 11, 8.44%, 234, 0, 5, 14.03
1747796047, 1, 1134, 1137, 1119, 11, 8.44%, 234, 0, 5, 13.45
1747796052, 1, 1135, 1137, 1119, 11, 8.44%, 234, 0, 5, 14.47
1747796057, 2, 1, 1137, 1119, 11, 8.44%, 234, 0, 5, 13.60
1747796062, 2, 1, 1138, 1120, 11, 8.44%, 234, 0, 5, 14.83
1747796068, 2, 2, 1138, 1120, 11, 8.44%, 234, 0, 5, 14.96
1747796073, 2, 4, 1138, 1120, 11, 8.44%, 234, 0, 5, 12.97
1747796078, 2, 5, 1138, 1120, 11, 8.44%, 234, 0, 5, 15.72
1747796083, 2, 7, 1138, 1120, 11, 8.44%, 234, 0, 5, 14.68
1747796088, 2, 8, 1138, 1120, 11, 8.44%, 234, 0, 5, 14.76
1747796093, 2, 10, 1138, 1120, 11, 8.44%, 234, 0, 5, 13.71
1747796099, 2, 12, 1138, 1120, 11, 8.44%, 234, 0, 5, 14.24
1747796104, 2, 13, 1138, 1120, 11, 8.44%, 234, 0, 5, 14.38
1747796109, 2, 14, 1138, 1120, 11, 8.44%, 234, 0, 5, 13.77
1747796114, 2, 17, 1138, 1120, 11, 8.44%, 234, 0, 5, 15.66
1747796119, 2, 18, 1138, 1120, 11, 8.44%, 234, 0, 5, 15.94
1747796124, 2, 20, 1138, 1120, 11, 8.44%, 234, 0, 5, 15.52
1747796129, 2, 21, 1138, 1120, 11, 8.44%, 234, 0, 5, 15.36
1747796134, 2, 24, 1138, 1120, 11, 8.44%, 234, 0, 5, 15.26
1747796139, 2, 25, 1138, 1120, 11, 8.44%, 234, 0, 5, 14.16
1747796145, 2, 26, 1138, 1120, 11, 8.44%, 234, 0, 5, 14.07
1747796150, 2, 28, 1138, 1120, 11, 8.44%, 234, 0, 5, 3.82
1747796155, 2, 29, 1138, 1120, 11, 8.44%, 234, 0, 5, 12.32
1747796160, 2, 33, 1138, 1120, 11, 8.44%, 234, 0, 5, 12.71
1747796165, 2, 34, 1138, 1120, 11, 8.44%, 234, 0, 5, 16.58
1747796170, 2, 35, 1139, 1121, 11, 8.44%, 234, 0, 5, 15.03
1747796175, 2, 38, 1139, 1121, 11, 8.44%, 234, 0, 5, 14.23
1747796180, 2, 39, 1139, 1121, 11, 8.44%, 234, 0, 5, 13.82
1747796186, 2, 40, 1139, 1121, 11, 8.44%, 234, 0, 5, 15.62
1747796191, 2, 43, 1139, 1121, 11, 8.44%, 235, 0, 5, 13.78
1747796196, 2, 44, 1139, 1121, 11, 8.44%, 235, 0, 5, 13.99
1747796201, 2, 45, 1139, 1121, 11, 8.44%, 235, 0, 5, 13.74
1747796206, 2, 48, 1139, 1121, 11, 8.44%, 235, 0, 5, 14.77
1747796211, 2, 49, 1139, 1121, 11, 8.44%, 235, 0, 5, 15.05
1747796216, 2, 51, 1139, 1121, 11, 8.44%, 235, 0, 5, 12.94
1747796221, 2, 54, 1139, 1121, 11, 8.44%, 235, 0, 5, 15.03
1747796226, 2, 55, 1139, 1121, 11, 8.44%, 235, 0, 5, 16.20
1747796232, 2, 57, 1139, 1121, 11, 8.44%, 235, 0, 5, 20.83
1747796237, 2, 58, 1139, 1121, 11, 8.44%, 235, 0, 5, 18.31
1747796242, 2, 59, 1139, 1121, 11, 8.44%, 235, 0, 5, 14.84
1747796247, 2, 62, 1139, 1121, 11, 8.44%, 235, 0, 5, 15.18
1747796253, 2, 64, 1139, 1121, 11, 8.44%, 235, 0, 5, 15.28
1747796258, 2, 68, 1139, 1121, 11, 8.44%, 236, 0, 5, 17.36
1747796263, 2, 69, 1139, 1121, 11, 8.44%, 236, 0, 5, 16.33
1747796268, 2, 71, 1139, 1121, 11, 8.44%, 236, 0, 5, 16.86
1747796273, 2, 72, 1139, 1121, 11, 8.44%, 236, 0, 5, 14.80
1747796278, 2, 74, 1139, 1121, 11, 8.44%, 236, 0, 5, 15.26
1747796283, 2, 77, 1139, 1121, 11, 8.44%, 236, 0, 5, 15.95
1747796289, 2, 79, 1139, 1121, 11, 8.44%, 236, 0, 5, 14.05
1747796294, 2, 81, 1139, 1121, 11, 8.44%, 236, 0, 5, 13.35
1747796299, 2, 83, 1139, 1121, 11, 8.44%, 236, 0, 5, 13.05
1747796304, 2, 84, 1139, 1121, 11, 8.44%, 236, 0, 5, 14.54
1747796309, 2, 86, 1139, 1121, 11, 8.44%, 236, 0, 5, 15.71
1747796315, 2, 87, 1139, 1121, 11, 8.44%, 236, 0, 5, 17.97
1747796386, 2, 87, 1141, 1123, 11, 8.44%, 236, 0, 5, 21.63
1747796488, 2, 89, 1142, 1123, 11, 8.44%, 236, 0, 5, 17.49
1747796499, 2, 91, 1142, 1123, 11, 8.44%, 236, 0, 5, 13.79
1747796504, 2, 92, 1142, 1123, 11, 8.44%, 236, 0, 5, 14.51
1747796509, 2, 93, 1142, 1123, 11, 8.44%, 236, 0, 5, 13.16
1747796514, 2, 94, 1142, 1123, 11, 8.44%, 236, 0, 5, 13.03
1747796519, 2, 96, 1142, 1123, 11, 8.44%, 236, 0, 5, 13.90
1747796524, 2, 97, 1142, 1123, 11, 8.44%, 236, 0, 5, 11.46
1747796529, 2, 98, 1142, 1123, 11, 8.44%, 236, 0, 5, 12.54
1747796534, 2, 99, 1142, 1123, 11, 8.44%, 236, 0, 5, 11.72
1747796540, 2, 101, 1142, 1123, 11, 8.44%, 236, 0, 5, 13.83
1747796545, 2, 102, 1142, 1123, 11, 8.44%, 236, 0, 5, 13.53
1747796550, 2, 104, 1142, 1123, 11, 8.44%, 236, 0, 5, 13.96
1747796555, 2, 106, 1142, 1123, 11, 8.44%, 236, 0, 5, 14.49
1747796560, 2, 107, 1142, 1123, 11, 8.44%, 236, 0, 5, 15.55
1747796565, 2, 109, 1142, 1123, 11, 8.44%, 236, 0, 5, 3.51
1747796570, 2, 110, 1142, 1123, 11, 8.44%, 236, 0, 5, 17.37
1747796576, 2, 111, 1142, 1123, 11, 8.44%, 236, 0, 5, 16.88
1747796581, 2, 119, 1142, 1123, 11, 8.44%, 236, 0, 5, 14.98
1747796586, 2, 120, 1142, 1123, 11, 8.44%, 236, 0, 5, 15.19
1747796591, 2, 121, 1142, 1123, 11, 8.44%, 236, 0, 5, 14.55
1747796596, 2, 123, 1142, 1123, 11, 8.44%, 236, 0, 5, 16.40
1747796601, 2, 124, 1142, 1123, 11, 8.44%, 236, 0, 5, 14.46
1747796606, 2, 125, 1142, 1123, 11, 8.44%, 236, 0, 5, 13.30
1747796611, 2, 127, 1142, 1123, 11, 8.44%, 236, 0, 5, 13.88
1747796617, 2, 127, 1143, 1124, 11, 8.44%, 237, 0, 5, 9.49
1747796622, 2, 128, 1143, 1124, 11, 8.44%, 237, 0, 5, 12.18
1747796627, 2, 130, 1143, 1124, 11, 8.44%, 237, 0, 5, 14.67
1747796632, 2, 132, 1143, 1124, 11, 8.44%, 237, 0, 5, 14.46
1747796637, 2, 133, 1143, 1124, 11, 8.44%, 237, 0, 5, 16.65
1747796642, 2, 136, 1143, 1124, 11, 8.44%, 237, 0, 5, 16.23
1747796647, 2, 137, 1143, 1124, 11, 8.44%, 237, 0, 5, 14.83
1747796653, 2, 139, 1143, 1124, 11, 8.44%, 237, 0, 5, 15.15
1747796658, 2, 140, 1143, 1124, 11, 8.44%, 237, 0, 5, 13.84
1747796663, 2, 141, 1143, 1124, 11, 8.44%, 237, 0, 5, 14.40
1747796668, 2, 143, 1143, 1124, 11, 8.44%, 237, 0, 5, 14.09
1747796673, 2, 144, 1143, 1124, 11, 8.44%, 237, 0, 5, 15.33
1747796678, 2, 147, 1143, 1124, 11, 8.44%, 237, 0, 5, 15.35
1747796683, 2, 148, 1143, 1124, 11, 8.44%, 237, 0, 5, 17.17
1747796688, 2, 150, 1143, 1124, 11, 8.44%, 237, 0, 5, 15.08
1747796693, 2, 151, 1143, 1124, 11, 8.44%, 237, 0, 5, 19.47
1747796698, 2, 154, 1143, 1124, 11, 8.44%, 237, 0, 5, 16.40
1747796703, 2, 155, 1143, 1124, 11, 8.44%, 237, 0, 5, 14.15
1747796708, 2, 157, 1143, 1124, 11, 8.44%, 237, 0, 5, 14.23
1747796714, 2, 159, 1143, 1124, 11, 8.44%, 237, 0, 5, 15.36
1747796719, 2, 161, 1143, 1124, 11, 8.44%, 238, 0, 5, 12.99
1747796724, 2, 165, 1143, 1124, 11, 8.44%, 238, 0, 5, 16.13
1747796729, 2, 166, 1143, 1124, 11, 8.44%, 238, 0, 5, 14.91
1747796734, 2, 167, 1143, 1124, 11, 8.44%, 239, 0, 5, 13.82
1747796739, 2, 169, 1143, 1124, 11, 8.44%, 239, 0, 5, 13.38
1747796744, 2, 170, 1143, 1124, 11, 8.44%, 239, 0, 5, 12.54
1747796749, 2, 170, 1144, 1125, 11, 8.44%, 239, 0, 5, 13.98
1747796755, 2, 171, 1144, 1125, 11, 8.44%, 239, 0, 5, 14.97
1747796760, 2, 173, 1144, 1125, 11, 8.44%, 239, 0, 5, 3.06
1747796765, 2, 174, 1144, 1125, 11, 8.44%, 239, 0, 5, 18.93
1747796770, 2, 177, 1144, 1125, 11, 8.44%, 239, 0, 5, 14.59
1747796775, 2, 180, 1145, 1126, 11, 8.44%, 239, 0, 5, 16.34
1747796780, 2, 182, 1145, 1126, 11, 8.44%, 239, 0, 5, 14.92
1747796785, 2, 183, 1145, 1126, 11, 8.44%, 239, 0, 5, 13.31
1747796790, 2, 185, 1145, 1126, 11, 8.44%, 239, 0, 5, 14.13
1747796795, 2, 186, 1145, 1126, 11, 8.44%, 239, 0, 5, 13.70
1747796801, 2, 188, 1145, 1126, 11, 8.44%, 239, 0, 5, 15.26
1747796806, 2, 189, 1145, 1126, 11, 8.44%, 239, 0, 5, 14.66
1747796811, 2, 192, 1145, 1126, 11, 8.44%, 239, 0, 5, 14.52
1747796816, 2, 193, 1145, 1126, 11, 8.44%, 239, 0, 5, 13.00
1747796821, 2, 194, 1145, 1126, 11, 8.44%, 239, 0, 5, 14.66
1747796827, 2, 196, 1145, 1126, 11, 8.44%, 239, 0, 5, 14.45
1747796832, 2, 197, 1145, 1126, 11, 8.44%, 239, 0, 5, 13.87
1747796837, 2, 198, 1145, 1126, 11, 8.44%, 239, 0, 5, 13.73
1747796842, 2, 200, 1145, 1126, 11, 8.44%, 239, 0, 5, 13.92
1747796847, 2, 201, 1145, 1126, 11, 8.44%, 239, 0, 5, 14.58
1747796852, 2, 203, 1145, 1126, 11, 8.44%, 239, 0, 5, 15.09
1747796857, 2, 205, 1145, 1126, 11, 8.44%, 239, 0, 5, 13.66
1747796863, 2, 206, 1145, 1126, 11, 8.44%, 239, 0, 5, 14.23
1747796868, 2, 209, 1145, 1126, 11, 8.44%, 239, 0, 5, 14.68
1747796873, 2, 210, 1145, 1126, 11, 8.44%, 239, 0, 5, 15.82
1747796878, 2, 211, 1145, 1126, 11, 8.44%, 239, 0, 5, 12.78
1747796883, 2, 213, 1145, 1126, 11, 8.44%, 239, 0, 5, 14.89
1747796889, 2, 214, 1145, 1126, 11, 8.44%, 239, 0, 5, 13.85
1747796894, 2, 215, 1145, 1126, 11, 8.44%, 239, 0, 5, 13.91
1747796899, 2, 217, 1145, 1126, 11, 8.44%, 239, 0, 5, 12.60
1747796904, 2, 218, 1145, 1126, 11, 8.44%, 239, 0, 5, 13.20
1747796909, 2, 222, 1145, 1126, 11, 8.44%, 239, 0, 5, 14.69
1747796914, 2, 224, 1145, 1126, 11, 8.44%, 239, 0, 5, 13.65
1747796920, 2, 225, 1145, 1126, 11, 8.44%, 240, 0, 5, 13.76
1747796925, 2, 226, 1145, 1126, 11, 8.44%, 240, 0, 5, 13.70
1747796930, 2, 228, 1145, 1126, 11, 8.44%, 240, 0, 5, 14.24
1747796935, 2, 229, 1145, 1126, 11, 8.44%, 241, 0, 5, 15.33
1747796940, 2, 230, 1145, 1126, 11, 8.44%, 241, 0, 5, 15.08
1747796945, 2, 232, 1145, 1126, 11, 8.44%, 242, 0, 5, 14.05
1747796950, 2, 234, 1145, 1126, 11, 8.44%, 242, 0, 5, 13.23
1747796955, 2, 236, 1145, 1126, 11, 8.44%, 242, 0, 5, 15.32
1747796961, 2, 240, 1145, 1126, 11, 8.44%, 242, 0, 5, 15.67
1747796966, 2, 242, 1145, 1126, 11, 8.44%, 242, 0, 5, 15.77
1747796971, 2, 242, 1146, 1127, 11, 8.44%, 242, 0, 5, 13.47
1747796976, 2, 243, 1146, 1127, 11, 8.44%, 242, 0, 5, 12.49
1747796981, 2, 245, 1146, 1127, 11, 8.44%, 242, 0, 5, 13.85
1747796987, 2, 246, 1147, 1128, 11, 8.44%, 242, 0, 5, 10.45
1747796997, 2, 249, 1147, 1128, 11, 8.44%, 242, 0, 5, 13.50
1747797002, 2, 250, 1147, 1128, 11, 8.44%, 242, 0, 5, 13.18
1747797007, 2, 251, 1147, 1128, 11, 8.44%, 242, 0, 5, 14.74
1747797012, 2, 253, 1147, 1128, 11, 8.44%, 242, 0, 5, 14.31
1747797017, 2, 254, 1147, 1128, 11, 8.44%, 242, 0, 5, 14.61
1747797023, 2, 256, 1147, 1128, 11, 8.44%, 242, 0, 5, 15.32
1747797028, 2, 257, 1147, 1128, 11, 8.44%, 242, 0, 5, 16.36
1747797033, 2, 259, 1147, 1128, 11, 8.44%, 242, 0, 5, 14.90
1747797038, 2, 260, 1147, 1128, 11, 8.44%, 242, 0, 5, 16.22
1747797043, 2, 261, 1147, 1128, 11, 8.44%, 242, 0, 5, 13.31
1747797048, 2, 263, 1147, 1128, 11, 8.44%, 242, 0, 5, 13.35
1747797053, 2, 264, 1147, 1128, 11, 8.44%, 242, 0, 5, 13.95
1747797058, 2, 265, 1147, 1128, 11, 8.44%, 242, 0, 5, 14.23
1747797064, 2, 267, 1147, 1128, 11, 8.44%, 242, 0, 5, 14.67
1747797069, 2, 269, 1147, 1128, 11, 8.44%, 242, 0, 5, 15.93
1747797074, 2, 271, 1147, 1128, 11, 8.44%, 242, 0, 5, 14.21
1747797079, 2, 274, 1147, 1128, 11, 8.44%, 242, 0, 5, 12.62
1747797084, 2, 275, 1147, 1128, 11, 8.44%, 242, 0, 5, 11.98
1747797090, 2, 276, 1147, 1128, 11, 8.44%, 242, 0, 5, 13.62
1747797095, 2, 279, 1147, 1128, 11, 8.44%, 243, 0, 5, 13.49
1747797100, 2, 280, 1147, 1128, 11, 8.44%, 243, 0, 5, 13.31
1747797105, 2, 281, 1147, 1128, 11, 8.44%, 243, 0, 5, 14.05
1747797110, 2, 283, 1147, 1128, 11, 8.44%, 243, 0, 5, 14.15
1747797116, 2, 284, 1147, 1128, 11, 8.44%, 243, 0, 5, 15.59
1747797121, 2, 285, 1147, 1128, 11, 8.44%, 244, 0, 5, 13.24
1747797126, 2, 287, 1147, 1128, 11, 8.44%, 244, 0, 5, 13.69
1747797131, 2, 288, 1147, 1128, 11, 8.44%, 244, 0, 5, 15.20
1747797136, 2, 292, 1147, 1128, 11, 8.44%, 244, 0, 5, 15.27
1747797141, 2, 293, 1147, 1128, 11, 8.44%, 244, 0, 5, 13.49
1747797146, 2, 294, 1147, 1128, 11, 8.44%, 245, 0, 5, 12.92
1747797151, 2, 298, 1147, 1128, 11, 8.44%, 245, 0, 5, 16.19
1747797156, 2, 299, 1147, 1128, 11, 8.44%, 245, 0, 5, 14.29
1747797161, 2, 301, 1147, 1128, 11, 8.44%, 245, 0, 5, 16.08
1747797166, 2, 302, 1147, 1128, 11, 8.44%, 245, 0, 5, 14.70
1747797172, 2, 304, 1147, 1128, 11, 8.44%, 245, 0, 5, 16.01
1747797177, 2, 305, 1147, 1128, 11, 8.44%, 245, 0, 5, 16.15
1747797182, 2, 308, 1147, 1128, 11, 8.44%, 245, 0, 5, 12.51
1747797187, 2, 309, 1147, 1128, 11, 8.44%, 245, 0, 5, 13.78
1747797192, 2, 311, 1147, 1128, 11, 8.44%, 245, 0, 5, 13.44
1747797197, 2, 312, 1147, 1128, 11, 8.44%, 246, 0, 5, 13.28
1747797202, 2, 314, 1147, 1128, 11, 8.44%, 246, 0, 5, 15.14
1747797207, 2, 316, 1147, 1128, 11, 8.44%, 246, 0, 5, 16.03
1747797213, 2, 318, 1147, 1128, 11, 8.44%, 246, 0, 5, 11.60
1747797218, 2, 320, 1147, 1128, 11, 8.44%, 247, 0, 5, 12.61
1747797223, 2, 322, 1147, 1128, 11, 8.44%, 247, 0, 5, 14.13
1747797228, 2, 323, 1147, 1128, 11, 8.44%, 247, 0, 5, 13.58
1747797234, 2, 325, 1147, 1128, 11, 8.44%, 247, 0, 5, 12.31
1747797239, 2, 326, 1147, 1128, 11, 8.44%, 247, 0, 5, 13.34
1747797244, 2, 327, 1147, 1128, 11, 8.44%, 247, 0, 5, 13.55
1747797249, 2, 329, 1147, 1128, 11, 8.44%, 247, 0, 5, 13.52
1747797254, 2, 331, 1147, 1128, 11, 8.44%, 247, 0, 5, 12.05
1747797259, 2, 332, 1147, 1128, 11, 8.44%, 247, 0, 5, 15.38
1747797264, 2, 334, 1147, 1128, 11, 8.44%, 248, 0, 5, 15.74
1747797269, 2, 335, 1147, 1128, 11, 8.44%, 248, 0, 5, 15.15
1747797274, 2, 336, 1147, 1128, 11, 8.44%, 248, 0, 5, 13.13
1747797280, 2, 338, 1147, 1128, 11, 8.44%, 248, 0, 5, 14.76
1747797285, 2, 339, 1147, 1128, 11, 8.44%, 248, 0, 5, 13.70
1747797290, 2, 341, 1147, 1128, 11, 8.44%, 249, 0, 5, 13.97
1747797295, 2, 342, 1147, 1128, 11, 8.44%, 249, 0, 5, 12.54
1747797300, 2, 343, 1147, 1128, 11, 8.44%, 250, 0, 5, 13.67
1747797306, 2, 344, 1147, 1128, 11, 8.44%, 250, 0, 5, 13.04
1747797311, 2, 347, 1147, 1128, 11, 8.44%, 250, 0, 5, 14.64
1747797316, 2, 348, 1147, 1128, 11, 8.44%, 250, 0, 5, 13.89
1747797321, 2, 349, 1147, 1128, 11, 8.44%, 250, 0, 5, 13.05
1747797327, 2, 351, 1147, 1128, 11, 8.44%, 250, 0, 5, 15.08
1747797332, 2, 352, 1147, 1128, 11, 8.44%, 250, 0, 5, 14.46
1747797337, 2, 354, 1147, 1128, 11, 8.44%, 250, 0, 5, 15.24
1747797342, 2, 355, 1147, 1128, 11, 8.44%, 250, 0, 5, 13.93
1747797347, 2, 357, 1147, 1128, 11, 8.44%, 250, 0, 5, 14.54
1747797353, 2, 359, 1147, 1128, 11, 8.44%, 250, 0, 5, 13.78
1747797358, 2, 360, 1147, 1128, 11, 8.44%, 250, 0, 5, 14.25
1747797363, 2, 362, 1147, 1128, 11, 8.44%, 250, 0, 5, 13.94
1747797368, 2, 363, 1147, 1128, 11, 8.44%, 250, 0, 5, 14.83
1747797373, 2, 364, 1147, 1128, 11, 8.44%, 250, 0, 5, 12.85
1747797378, 2, 366, 1147, 1128, 11, 8.44%, 250, 0, 5, 14.86
1747797383, 2, 368, 1147, 1128, 11, 8.44%, 250, 0, 5, 15.06
1747797389, 2, 370, 1147, 1128, 11, 8.44%, 250, 0, 5, 14.98
1747797394, 2, 371, 1147, 1128, 11, 8.44%, 250, 0, 5, 14.66
1747797399, 2, 372, 1147, 1128, 11, 8.44%, 250, 0, 5, 12.66
1747797404, 2, 373, 1147, 1128, 11, 8.44%, 250, 0, 5, 12.50
1747797409, 2, 376, 1147, 1128, 11, 8.44%, 250, 0, 5, 14.24
1747797414, 2, 377, 1147, 1128, 11, 8.44%, 250, 0, 5, 13.52
1747797419, 2, 378, 1147, 1128, 11, 8.44%, 250, 0, 5, 15.43
1747797424, 2, 381, 1147, 1128, 11, 8.44%, 250, 0, 5, 14.59
1747797430, 2, 382, 1147, 1128, 11, 8.44%, 250, 0, 5, 14.29
1747797435, 2, 384, 1147, 1128, 11, 8.44%, 250, 0, 5, 14.75
1747797440, 2, 386, 1147, 1128, 11, 8.44%, 250, 0, 5, 11.83
1747797445, 2, 387, 1147, 1128, 11, 8.44%, 250, 0, 5, 14.11
1747797450, 2, 388, 1147, 1128, 11, 8.44%, 250, 0, 5, 15.28
1747797455, 2, 391, 1147, 1128, 11, 8.44%, 250, 0, 5, 14.09
1747797460, 2, 392, 1147, 1128, 11, 8.44%, 250, 0, 5, 15.27
1747797465, 2, 393, 1147, 1128, 11, 8.44%, 251, 0, 5, 13.41
1747797471, 2, 395, 1147, 1128, 11, 8.44%, 251, 0, 5, 14.08
1747797476, 2, 397, 1147, 1128, 11, 8.44%, 251, 0, 5, 15.19
1747797481, 2, 398, 1147, 1128, 11, 8.44%, 251, 0, 5, 13.56
1747797486, 2, 402, 1147, 1128, 11, 8.44%, 251, 0, 5, 14.74
1747797491, 2, 403, 1147, 1128, 11, 8.44%, 251, 0, 5, 15.15
1747797496, 2, 405, 1147, 1128, 11, 8.44%, 251, 0, 5, 14.88
1747797501, 2, 406, 1147, 1128, 11, 8.44%, 251, 0, 5, 14.22
1747797507, 2, 407, 1147, 1128, 11, 8.44%, 251, 0, 5, 14.09
1747797512, 2, 409, 1147, 1128, 11, 8.44%, 251, 0, 5, 14.99
1747797517, 2, 410, 1147, 1128, 11, 8.44%, 251, 0, 5, 15.27
1747797522, 2, 413, 1147, 1128, 11, 8.44%, 251, 0, 5, 14.49
1747797527, 2, 414, 1147, 1128, 11, 8.44%, 251, 0, 5, 13.65
1747797532, 2, 415, 1147, 1128, 11, 8.44%, 251, 0, 5, 15.29
1747797537, 2, 418, 1147, 1128, 11, 8.44%, 251, 0, 5, 10.57
1747797542, 2, 419, 1147, 1128, 11, 8.44%, 251, 0, 5, 13.48
1747797548, 2, 421, 1147, 1128, 11, 8.44%, 251, 0, 5, 15.26
1747797553, 2, 423, 1147, 1128, 11, 8.44%, 251, 0, 5, 14.34
1747797558, 2, 425, 1147, 1128, 11, 8.44%, 251, 0, 5, 12.14
1747797563, 2, 428, 1147, 1128, 11, 8.44%, 251, 0, 5, 13.71
1747797568, 2, 429, 1147, 1128, 11, 8.44%, 251, 0, 5, 15.00
1747797573, 2, 432, 1147, 1128, 11, 8.44%, 251, 0, 5, 16.14
1747797578, 2, 433, 1147, 1128, 11, 8.44%, 251, 0, 5, 13.03
1747797583, 2, 434, 1147, 1128, 11, 8.44%, 251, 0, 5, 14.41
1747797588, 2, 436, 1147, 1128, 11, 8.44%, 251, 0, 5, 14.99
1747797594, 2, 437, 1147, 1128, 11, 8.44%, 252, 0, 5, 13.93
1747797599, 2, 441, 1147, 1128, 11, 8.44%, 252, 0, 5, 14.24
1747797604, 2, 442, 1147, 1128, 11, 8.44%, 252, 0, 5, 13.30
1747797609, 2, 443, 1147, 1128, 11, 8.44%, 252, 0, 5, 14.13
1747797614, 2, 445, 1147, 1128, 11, 8.44%, 252, 0, 5, 14.30
1747797620, 2, 446, 1147, 1128, 11, 8.44%, 252, 0, 5, 14.48
1747797625, 2, 447, 1147, 1128, 11, 8.44%, 252, 0, 5, 13.50
1747797630, 2, 449, 1147, 1128, 11, 8.44%, 252, 0, 5, 14.06
1747797635, 2, 451, 1147, 1128, 11, 8.44%, 252, 0, 5, 12.39
1747797640, 2, 452, 1147, 1128, 11, 8.44%, 252, 0, 5, 15.63
1747797646, 2, 454, 1147, 1128, 11, 8.44%, 252, 0, 5, 14.85
1747797651, 2, 455, 1147, 1128, 11, 8.44%, 252, 0, 5, 14.54
1747797656, 2, 457, 1147, 1128, 11, 8.44%, 252, 0, 5, 16.38
1747797661, 2, 458, 1147, 1128, 11, 8.44%, 252, 0, 5, 14.66
1747797666, 2, 459, 1147, 1128, 11, 8.44%, 252, 0, 5, 13.67
1747797671, 2, 460, 1147, 1128, 11, 8.44%, 252, 0, 5, 13.67
1747797676, 2, 462, 1147, 1128, 11, 8.44%, 252, 0, 5, 14.84
1747797681, 2, 463, 1147, 1128, 11, 8.44%, 252, 0, 5, 13.26
1747797686, 2, 464, 1147, 1128, 11, 8.44%, 253, 0, 5, 14.10
1747797691, 2, 465, 1147, 1128, 11, 8.44%, 253, 0, 5, 12.75
1747797696, 2, 467, 1147, 1128, 11, 8.44%, 253, 0, 5, 12.17
1747797702, 2, 468, 1148, 1129, 11, 8.44%, 253, 0, 5, 11.60
1747797712, 2, 469, 1148, 1129, 11, 8.44%, 253, 0, 5, 13.71
1747797717, 2, 471, 1148, 1129, 11, 8.44%, 253, 0, 5, 16.56
1747797722, 2, 472, 1148, 1129, 11, 8.44%, 253, 0, 5, 13.64
1747797727, 2, 473, 1148, 1129, 11, 8.44%, 253, 0, 5, 13.87
1747797733, 2, 474, 1148, 1129, 11, 8.44%, 253, 0, 5, 12.49
1747797738, 2, 476, 1148, 1129, 11, 8.44%, 253, 0, 5, 14.33
1747797743, 2, 477, 1148, 1129, 11, 8.44%, 253, 0, 5, 12.15
1747797748, 2, 480, 1148, 1129, 11, 8.44%, 253, 0, 5, 12.48
1747797753, 2, 481, 1148, 1129, 11, 8.44%, 254, 0, 5, 13.96
1747797758, 2, 483, 1148, 1129, 11, 8.44%, 254, 0, 5, 15.10
1747797763, 2, 484, 1148, 1129, 11, 8.44%, 254, 0, 5, 15.20
1747797768, 2, 486, 1148, 1129, 11, 8.44%, 254, 0, 5, 13.49
1747797773, 2, 487, 1148, 1129, 11, 8.44%, 254, 0, 5, 13.92
1747797778, 2, 488, 1148, 1129, 11, 8.44%, 254, 0, 5, 15.98
1747797783, 2, 491, 1148, 1129, 11, 8.44%, 254, 0, 5, 16.76
1747797789, 2, 494, 1148, 1129, 11, 8.44%, 254, 0, 5, 3.23
1747797794, 2, 495, 1148, 1129, 11, 8.44%, 254, 0, 5, 3.77
1747797799, 2, 498, 1148, 1129, 11, 8.44%, 254, 0, 5, 12.15
1747797804, 2, 499, 1148, 1129, 11, 8.44%, 254, 0, 5, 14.20
1747797809, 2, 500, 1148, 1129, 11, 8.44%, 254, 0, 5, 13.84
1747797814, 2, 502, 1148, 1129, 11, 8.44%, 254, 0, 5, 15.05
1747797819, 2, 504, 1148, 1129, 11, 8.44%, 254, 0, 5, 15.99
1747797824, 2, 505, 1148, 1129, 11, 8.44%, 254, 0, 5, 12.87
1747797829, 2, 507, 1148, 1129, 11, 8.44%, 254, 0, 5, 12.88
1747797835, 2, 508, 1148, 1129, 11, 8.44%, 254, 0, 5, 15.61
1747797840, 2, 512, 1148, 1129, 11, 8.44%, 254, 0, 5, 16.06
1747797845, 2, 513, 1148, 1129, 11, 8.44%, 254, 0, 5, 15.50
1747797850, 2, 515, 1148, 1129, 11, 8.44%, 254, 0, 5, 14.88
1747797855, 2, 517, 1148, 1129, 11, 8.44%, 254, 0, 5, 13.40
1747797860, 2, 518, 1148, 1129, 11, 8.44%, 254, 0, 5, 15.13
1747797865, 2, 519, 1148, 1129, 11, 8.44%, 254, 0, 5, 14.90
1747797870, 2, 520, 1148, 1129, 11, 8.44%, 254, 0, 5, 15.63
1747798132, 2, 520, 1149, 1130, 11, 8.44%, 254, 0, 5, 9.71
1747798152, 2, 521, 1149, 1129, 11, 8.44%, 254, 0, 5, 17.69
1747798157, 2, 524, 1149, 1129, 11, 8.44%, 254, 0, 5, 15.51
1747798162, 2, 525, 1149, 1129, 11, 8.44%, 254, 0, 5, 14.31
1747798168, 2, 528, 1149, 1129, 11, 8.44%, 254, 0, 5, 15.43
1747798173, 2, 529, 1149, 1129, 11, 8.44%, 254, 0, 5, 12.92
1747798178, 2, 530, 1149, 1129, 11, 8.44%, 254, 0, 5, 13.88
1747798183, 2, 532, 1149, 1129, 11, 8.44%, 254, 0, 5, 15.44
1747798188, 2, 533, 1149, 1129, 11, 8.44%, 254, 0, 5, 14.16
1747798193, 2, 534, 1149, 1129, 11, 8.44%, 254, 0, 5, 13.01
1747798198, 2, 537, 1149, 1129, 11, 8.44%, 254, 0, 5, 13.07
1747798204, 2, 538, 1149, 1129, 11, 8.44%, 254, 0, 5, 12.54
1747798209, 2, 539, 1149, 1129, 11, 8.44%, 254, 0, 5, 13.09
1747798214, 2, 542, 1149, 1129, 11, 8.44%, 254, 0, 5, 14.01
1747798219, 2, 545, 1149, 1129, 11, 8.44%, 254, 0, 5, 13.38
1747798224, 2, 546, 1149, 1129, 11, 8.44%, 254, 0, 5, 15.44
1747798229, 2, 547, 1149, 1129, 11, 8.44%, 254, 0, 5, 13.33
1747798234, 2, 549, 1149, 1129, 11, 8.44%, 254, 0, 5, 14.19
1747798239, 2, 550, 1149, 1129, 11, 8.44%, 254, 0, 5, 15.25
1747798244, 2, 553, 1149, 1129, 11, 8.44%, 254, 0, 5, 15.94
1747798250, 2, 554, 1149, 1129, 11, 8.44%, 255, 0, 5, 13.62
1747798255, 2, 555, 1149, 1129, 11, 8.44%, 255, 0, 5, 13.35
1747798260, 2, 556, 1149, 1129, 11, 8.44%, 255, 0, 5, 11.47
1747798265, 2, 558, 1149, 1129, 11, 8.44%, 255, 0, 5, 14.33
1747798270, 2, 559, 1149, 1129, 11, 8.44%, 255, 0, 5, 12.15
1747798275, 2, 560, 1149, 1129, 11, 8.44%, 255, 0, 5, 14.58
1747798280, 2, 563, 1149, 1129, 11, 8.44%, 255, 0, 5, 14.24
1747798286, 2, 564, 1149, 1129, 11, 8.44%, 255, 0, 5, 14.66
1747798291, 2, 567, 1149, 1129, 11, 8.44%, 255, 0, 5, 14.15
1747798296, 2, 569, 1149, 1129, 11, 8.44%, 255, 0, 5, 13.53
1747798302, 2, 572, 1149, 1129, 11, 8.44%, 255, 0, 5, 14.54
1747798307, 2, 574, 1149, 1129, 11, 8.44%, 255, 0, 5, 15.66
1747798312, 2, 575, 1149, 1129, 11, 8.44%, 255, 0, 5, 15.08
1747798317, 2, 577, 1149, 1129, 11, 8.44%, 255, 0, 5, 14.50
1747798322, 2, 578, 1149, 1129, 11, 8.44%, 255, 0, 5, 15.25
1747798328, 2, 581, 1149, 1129, 11, 8.44%, 255, 0, 5, 13.79
1747798333, 2, 582, 1149, 1129, 11, 8.44%, 255, 0, 5, 14.13
1747798338, 2, 583, 1149, 1129, 11, 8.44%, 255, 0, 5, 13.87
1747798343, 2, 587, 1149, 1129, 11, 8.44%, 255, 0, 5, 15.20
1747798348, 2, 588, 1149, 1129, 11, 8.44%, 255, 0, 5, 14.92
1747798353, 2, 590, 1149, 1129, 11, 8.44%, 255, 0, 5, 16.05
1747798358, 2, 592, 1149, 1129, 11, 8.44%, 255, 0, 5, 14.95
1747798364, 2, 593, 1149, 1129, 11, 8.44%, 255, 0, 5, 15.00
1747798369, 2, 595, 1149, 1129, 11, 8.44%, 255, 0, 5, 15.39
1747798374, 2, 596, 1149, 1129, 11, 8.44%, 255, 0, 5, 13.86
1747798379, 2, 597, 1149, 1129, 11, 8.44%, 255, 0, 5, 13.36
1747798384, 2, 599, 1149, 1129, 11, 8.44%, 255, 0, 5, 12.97
1747798389, 2, 601, 1149, 1129, 11, 8.44%, 255, 0, 5, 15.91
1747798394, 2, 603, 1149, 1129, 11, 8.44%, 255, 0, 5, 2.99
1747798400, 2, 604, 1149, 1129, 11, 8.44%, 255, 0, 5, 9.85
1747798405, 2, 605, 1149, 1129, 11, 8.44%, 255, 0, 5, 11.81
1747798410, 2, 607, 1149, 1129, 11, 8.44%, 255, 0, 5, 13.30
1747798415, 2, 609, 1149, 1129, 11, 8.44%, 256, 0, 5, 13.23
1747798420, 2, 610, 1149, 1129, 11, 8.44%, 256, 0, 5, 13.87
1747798425, 2, 612, 1149, 1129, 11, 8.44%, 256, 0, 5, 13.79
1747798430, 2, 613, 1149, 1129, 11, 8.44%, 256, 0, 5, 12.22
1747798436, 2, 614, 1149, 1129, 11, 8.44%, 256, 0, 5, 14.97
1747798441, 2, 616, 1149, 1129, 11, 8.44%, 256, 0, 5, 13.79
1747798446, 2, 617, 1149, 1129, 11, 8.44%, 256, 0, 5, 15.13
1747798451, 2, 620, 1149, 1129, 11, 8.44%, 256, 0, 5, 14.89
1747798456, 2, 621, 1149, 1129, 11, 8.44%, 256, 0, 5, 16.17
1747798461, 2, 623, 1149, 1129, 11, 8.44%, 256, 0, 5, 15.63
1747798467, 2, 624, 1149, 1129, 11, 8.44%, 256, 0, 5, 14.79
1747798472, 2, 625, 1149, 1129, 11, 8.44%, 257, 0, 5, 14.31
1747798477, 2, 628, 1149, 1129, 11, 8.44%, 257, 0, 5, 14.23
1747798482, 2, 628, 1150, 1130, 11, 8.44%, 257, 0, 5, 11.34
1747798487, 2, 630, 1150, 1130, 11, 8.44%, 257, 0, 5, 15.93
1747798492, 2, 632, 1150, 1130, 11, 8.44%, 257, 0, 5, 14.50
1747798497, 2, 634, 1150, 1130, 11, 8.44%, 257, 0, 5, 13.07
1747798502, 2, 635, 1150, 1130, 11, 8.44%, 257, 0, 5, 14.03
1747798507, 2, 636, 1150, 1130, 11, 8.44%, 257, 0, 5, 15.08
1747798513, 2, 638, 1150, 1130, 11, 8.44%, 257, 0, 5, 14.91
1747798518, 2, 638, 1151, 1131, 11, 8.44%, 257, 0, 5, 10.19
1747798523, 2, 639, 1151, 1131, 11, 8.44%, 257, 0, 5, 12.59
1747798528, 2, 640, 1151, 1131, 11, 8.44%, 257, 0, 5, 13.23
1747798533, 2, 641, 1151, 1131, 11, 8.44%, 257, 0, 5, 13.01
1747798538, 2, 644, 1151, 1131, 11, 8.44%, 257, 0, 5, 15.47
1747798544, 2, 645, 1151, 1131, 11, 8.44%, 257, 0, 5, 13.06
1747798549, 2, 646, 1151, 1131, 11, 8.44%, 257, 0, 5, 10.99
1747798554, 2, 649, 1151, 1131, 11, 8.44%, 258, 0, 5, 14.14
1747798559, 2, 650, 1151, 1131, 11, 8.44%, 260, 0, 5, 12.75
1747798564, 2, 651, 1151, 1131, 11, 8.44%, 260, 0, 5, 13.54
1747798569, 2, 652, 1151, 1131, 11, 8.44%, 260, 0, 5, 14.30
1747798574, 2, 654, 1151, 1131, 11, 8.44%, 260, 0, 5, 15.09
1747798580, 2, 655, 1151, 1131, 11, 8.44%, 260, 0, 5, 14.73
1747798585, 2, 658, 1151, 1131, 11, 8.44%, 260, 0, 5, 15.22
1747798590, 2, 659, 1151, 1131, 11, 8.44%, 260, 0, 5, 15.56
1747798595, 2, 660, 1151, 1131, 11, 8.44%, 260, 0, 5, 15.95
1747799104, 2, 661, 1151, 1130, 10, 8.44%, 260, 0, 5, 17.46
1747799109, 2, 663, 1151, 1130, 10, 8.44%, 260, 0, 5, 16.97
1747799114, 2, 665, 1151, 1130, 10, 8.44%, 260, 0, 5, 2.92
1747799119, 2, 667, 1151, 1130, 10, 8.44%, 260, 0, 5, 7.50
1747799124, 2, 668, 1151, 1130, 10, 8.44%, 260, 0, 5, 12.21
1747799129, 2, 670, 1151, 1130, 10, 8.44%, 260, 0, 5, 12.69
1747799135, 2, 673, 1151, 1130, 10, 8.44%, 260, 0, 5, 12.32
1747799140, 2, 674, 1151, 1130, 10, 8.44%, 260, 0, 5, 13.70
1747799145, 2, 675, 1151, 1130, 10, 8.44%, 260, 0, 5, 14.25
1747799150, 2, 677, 1151, 1130, 10, 8.44%, 260, 0, 5, 14.65
1747799155, 2, 678, 1151, 1130, 10, 8.44%, 260, 0, 5, 14.00
1747799160, 2, 681, 1151, 1130, 10, 8.44%, 260, 0, 5, 14.12
1747799165, 2, 683, 1151, 1130, 10, 8.44%, 260, 0, 5, 15.28
1747799170, 2, 684, 1151, 1130, 10, 8.44%, 260, 0, 5, 12.88
1747799175, 2, 685, 1151, 1130, 10, 8.44%, 260, 0, 5, 11.85
1747799181, 2, 686, 1151, 1130, 10, 8.44%, 260, 0, 5, 13.53
1747799186, 2, 687, 1151, 1130, 10, 8.44%, 260, 0, 5, 13.15
1747799191, 2, 689, 1151, 1130, 10, 8.44%, 260, 0, 5, 14.10
1747799197, 2, 693, 1151, 1130, 10, 8.44%, 260, 0, 5, 13.45
1747799202, 2, 696, 1151, 1130, 10, 8.44%, 261, 0, 5, 14.16
1747799207, 2, 697, 1151, 1130, 10, 8.44%, 261, 0, 5, 14.62
1747799212, 2, 699, 1151, 1130, 10, 8.44%, 261, 0, 5, 14.77
1747799217, 2, 702, 1151, 1130, 10, 8.44%, 261, 0, 5, 13.60
1747799223, 2, 703, 1151, 1130, 10, 8.44%, 261, 0, 5, 12.75
1747799228, 2, 704, 1151, 1130, 10, 8.44%, 261, 0, 5, 14.77
1747799233, 2, 706, 1151, 1130, 10, 8.44%, 261, 0, 5, 15.37
1747799238, 2, 707, 1151, 1130, 10, 8.44%, 261, 0, 5, 14.72
1747799243, 2, 709, 1151, 1130, 10, 8.44%, 261, 0, 5, 16.79
1747799248, 2, 710, 1151, 1130, 10, 8.44%, 261, 0, 5, 18.14
1747799253, 2, 712, 1151, 1130, 10, 8.44%, 261, 0, 5, 15.97
1747799259, 2, 713, 1151, 1130, 10, 8.44%, 261, 0, 5, 14.59
1747799264, 2, 715, 1151, 1130, 10, 8.44%, 261, 0, 5, 13.94
1747799269, 2, 716, 1151, 1130, 10, 8.44%, 261, 0, 5, 15.76
1747799274, 2, 717, 1152, 1131, 10, 8.44%, 261, 0, 5, 10.84
1747799285, 2, 720, 1152, 1131, 10, 8.44%, 261, 0, 5, 11.97
1747799290, 2, 721, 1152, 1131, 10, 8.44%, 261, 0, 5, 14.15
1747799295, 2, 723, 1152, 1131, 10, 8.44%, 261, 0, 5, 13.12
1747799300, 2, 725, 1152, 1131, 10, 8.44%, 261, 0, 5, 13.45
1747799306, 2, 728, 1152, 1131, 10, 8.44%, 261, 0, 5, 14.48
1747799311, 2, 729, 1152, 1131, 10, 8.44%, 261, 0, 5, 12.87
1747799316, 2, 732, 1152, 1131, 10, 8.44%, 261, 0, 5, 15.13
1747799321, 2, 734, 1152, 1131, 10, 8.44%, 261, 0, 5, 14.33
1747799326, 2, 736, 1152, 1131, 10, 8.44%, 261, 0, 5, 14.14
1747799331, 2, 737, 1152, 1131, 10, 8.44%, 261, 0, 5, 14.91
1747799336, 2, 740, 1152, 1131, 10, 8.44%, 261, 0, 5, 13.01
1747799342, 2, 743, 1152, 1131, 10, 8.44%, 261, 0, 5, 13.66
1747799347, 2, 744, 1152, 1131, 10, 8.44%, 261, 0, 5, 14.65
1747799352, 2, 748, 1152, 1131, 10, 8.44%, 261, 0, 5, 15.33
1747799357, 2, 749, 1152, 1131, 10, 8.44%, 261, 0, 5, 14.79
1747799363, 2, 750, 1152, 1131, 10, 8.44%, 261, 0, 5, 15.26
1747799368, 2, 752, 1152, 1131, 10, 8.44%, 261, 0, 5, 14.34
1747799373, 2, 753, 1152, 1131, 10, 8.44%, 261, 0, 5, 14.97
1747799378, 2, 755, 1152, 1131, 10, 8.44%, 261, 0, 5, 15.02
1747799383, 2, 756, 1152, 1131, 10, 8.44%, 261, 0, 5, 14.61
1747799388, 2, 757, 1152, 1131, 10, 8.44%, 261, 0, 5, 13.99
1747799393, 2, 760, 1152, 1131, 10, 8.44%, 261, 0, 5, 16.23
1747799398, 2, 761, 1152, 1131, 10, 8.44%, 261, 0, 5, 16.76
1747799403, 2, 763, 1152, 1131, 10, 8.44%, 261, 0, 5, 17.20
1747799408, 2, 765, 1152, 1131, 10, 8.44%, 261, 0, 5, 13.40
1747799414, 2, 770, 1152, 1131, 10, 8.44%, 261, 0, 5, 14.89
1747799419, 2, 773, 1152, 1131, 10, 8.44%, 261, 0, 5, 14.08
1747799424, 2, 774, 1152, 1131, 10, 8.44%, 261, 0, 5, 14.07
1747799429, 2, 776, 1152, 1131, 10, 8.44%, 261, 0, 5, 15.63
1747799435, 2, 777, 1152, 1131, 10, 8.44%, 261, 0, 5, 13.70
1747799440, 2, 779, 1152, 1131, 10, 8.44%, 261, 0, 5, 3.39
1747799445, 2, 780, 1152, 1131, 10, 8.44%, 261, 0, 5, 19.37
1747799450, 2, 781, 1152, 1131, 10, 8.44%, 261, 0, 5, 16.80
1747799456, 2, 784, 1152, 1131, 10, 8.44%, 261, 0, 5, 15.17
1747799461, 2, 785, 1152, 1131, 10, 8.44%, 261, 0, 5, 14.62
1747799466, 2, 790, 1152, 1131, 10, 8.44%, 261, 0, 5, 16.33
1747799471, 2, 792, 1152, 1131, 10, 8.44%, 261, 0, 5, 14.26
1747799476, 2, 793, 1152, 1131, 10, 8.44%, 261, 0, 5, 14.43
1747799481, 2, 795, 1152, 1131, 10, 8.44%, 261, 0, 5, 15.51
1747799486, 2, 797, 1152, 1131, 10, 8.44%, 261, 0, 5, 13.33
1747799491, 2, 798, 1153, 1132, 10, 8.44%, 261, 0, 5, 12.98
1747799502, 2, 800, 1153, 1132, 10, 8.44%, 261, 0, 5, 12.75
1747799507, 2, 802, 1153, 1132, 10, 8.44%, 261, 0, 5, 14.84
1747799512, 2, 804, 1153, 1132, 10, 8.44%, 261, 0, 5, 3.07
1747799517, 2, 805, 1153, 1132, 10, 8.44%, 261, 0, 5, 8.80
1747799522, 2, 806, 1153, 1132, 10, 8.44%, 261, 0, 5, 12.93
1747799527, 2, 807, 1153, 1132, 10, 8.44%, 261, 0, 5, 13.01
1747799533, 2, 809, 1153, 1132, 10, 8.44%, 261, 0, 5, 12.44
1747799538, 2, 811, 1153, 1132, 10, 8.44%, 261, 0, 5, 13.65
1747799543, 2, 812, 1153, 1132, 10, 8.44%, 261, 0, 5, 13.66
1747799548, 2, 813, 1153, 1132, 10, 8.44%, 261, 0, 5, 12.88
1747799553, 2, 817, 1153, 1132, 10, 8.44%, 261, 0, 5, 14.10
1747799559, 2, 818, 1153, 1132, 10, 8.44%, 261, 0, 5, 13.05
1747799564, 2, 820, 1153, 1132, 10, 8.44%, 261, 0, 5, 12.39
1747799569, 2, 820, 1154, 1133, 10, 8.44%, 261, 0, 5, 8.61
1747799574, 2, 822, 1154, 1133, 10, 8.44%, 261, 0, 5, 9.74
1747799579, 2, 823, 1154, 1133, 10, 8.44%, 261, 0, 5, 13.02
1747799584, 2, 824, 1154, 1133, 10, 8.44%, 261, 0, 5, 14.20
1747799589, 2, 826, 1154, 1133, 10, 8.44%, 261, 0, 5, 15.06
1747799594, 2, 827, 1154, 1133, 10, 8.44%, 261, 0, 5, 14.70
1747799599, 2, 829, 1154, 1133, 10, 8.44%, 262, 0, 5, 15.57
1747799605, 2, 830, 1154, 1133, 10, 8.44%, 262, 0, 5, 13.96
1747799610, 2, 831, 1155, 1134, 10, 8.44%, 262, 0, 5, 12.61
1747799620, 2, 838, 1155, 1134, 10, 8.44%, 262, 0, 5, 15.03
1747799625, 2, 842, 1155, 1134, 10, 8.44%, 262, 0, 5, 13.75
1747799631, 2, 843, 1155, 1134, 10, 8.44%, 262, 0, 5, 13.29
1747799636, 2, 845, 1155, 1134, 10, 8.44%, 262, 0, 5, 14.94
1747799641, 2, 846, 1155, 1134, 10, 8.44%, 262, 0, 5, 15.33
1747799646, 2, 848, 1155, 1134, 10, 8.44%, 262, 0, 5, 15.78
1747799651, 2, 850, 1155, 1134, 10, 8.44%, 262, 0, 5, 14.28
1747799656, 2, 852, 1155, 1134, 10, 8.44%, 262, 0, 5, 14.92
1747799661, 2, 854, 1155, 1134, 10, 8.44%, 262, 0, 5, 15.00
1747799666, 2, 856, 1155, 1134, 10, 8.44%, 262, 0, 5, 14.95
1747799672, 2, 857, 1155, 1134, 10, 8.44%, 262, 0, 5, 16.97
1747799677, 2, 860, 1155, 1134, 10, 8.44%, 262, 0, 5, 15.34
1747799682, 2, 861, 1155, 1134, 10, 8.44%, 262, 0, 5, 14.65
1747799687, 2, 862, 1155, 1134, 10, 8.44%, 262, 0, 5, 14.14
1747799692, 2, 865, 1155, 1134, 10, 8.44%, 262, 0, 5, 14.22
1747799697, 2, 866, 1155, 1134, 10, 8.44%, 262, 0, 5, 15.35
1747799703, 2, 869, 1155, 1134, 10, 8.44%, 262, 0, 5, 15.08
1747799708, 2, 870, 1155, 1134, 10, 8.44%, 262, 0, 5, 14.90
1747799713, 2, 872, 1155, 1134, 10, 8.44%, 262, 0, 5, 15.19
1747799718, 2, 873, 1155, 1134, 10, 8.44%, 262, 0, 5, 15.26
1747799723, 2, 875, 1155, 1134, 10, 8.44%, 262, 0, 5, 14.76
1747799728, 2, 877, 1155, 1134, 10, 8.44%, 262, 0, 5, 12.90
1747799733, 2, 878, 1155, 1134, 10, 8.44%, 262, 0, 5, 11.97
1747799738, 2, 879, 1155, 1134, 10, 8.44%, 262, 0, 5, 15.78
1747799743, 2, 882, 1155, 1134, 10, 8.44%, 262, 0, 5, 19.99
1747799748, 2, 883, 1155, 1134, 10, 8.44%, 262, 0, 5, 19.11
1747799753, 2, 885, 1155, 1134, 10, 8.44%, 262, 0, 5, 15.75
1747799759, 2, 886, 1155, 1134, 10, 8.44%, 262, 0, 5, 15.29
1747799764, 2, 888, 1155, 1134, 10, 8.44%, 262, 0, 5, 15.18
1747799769, 2, 889, 1155, 1134, 10, 8.44%, 262, 0, 5, 14.19
1747799774, 2, 890, 1155, 1134, 10, 8.44%, 262, 0, 5, 11.90
1747799779, 2, 891, 1155, 1134, 10, 8.44%, 262, 0, 5, 13.99
1747799785, 2, 894, 1155, 1134, 10, 8.44%, 262, 0, 5, 15.34
1747799790, 2, 895, 1155, 1134, 10, 8.44%, 262, 0, 5, 12.04
1747799795, 2, 896, 1155, 1134, 10, 8.44%, 262, 0, 5, 13.44
1747799800, 2, 897, 1155, 1134, 10, 8.44%, 262, 0, 5, 13.65
1747799805, 2, 900, 1155, 1134, 10, 8.44%, 262, 0, 5, 14.38
1747799810, 2, 901, 1155, 1134, 10, 8.44%, 262, 0, 5, 13.49
1747799815, 2, 902, 1155, 1134, 10, 8.44%, 262, 0, 5, 13.69
1747799820, 2, 905, 1155, 1134, 10, 8.44%, 262, 0, 5, 13.67
1747799826, 2, 906, 1155, 1134, 10, 8.44%, 262, 0, 5, 14.31
1747799831, 2, 907, 1155, 1134, 10, 8.44%, 262, 0, 5, 13.71
1747799836, 2, 909, 1155, 1134, 10, 8.44%, 262, 0, 5, 15.74
1747799841, 2, 910, 1155, 1134, 10, 8.44%, 262, 0, 5, 14.46
1747799847, 2, 913, 1155, 1134, 10, 8.44%, 262, 0, 5, 15.73
1747799852, 2, 914, 1155, 1134, 10, 8.44%, 262, 0, 5, 15.03
1747799857, 2, 916, 1155, 1134, 10, 8.44%, 262, 0, 5, 14.04
1747799862, 2, 917, 1155, 1134, 10, 8.44%, 262, 0, 5, 14.76
1747799867, 2, 921, 1155, 1134, 10, 8.44%, 262, 0, 5, 12.03
1747799873, 2, 923, 1155, 1134, 10, 8.44%, 262, 0, 5, 14.21
1747799878, 2, 925, 1155, 1134, 10, 8.44%, 262, 0, 5, 12.72
1747799883, 2, 926, 1155, 1134, 10, 8.44%, 262, 0, 5, 15.14
1747799888, 2, 929, 1156, 1135, 10, 8.44%, 263, 0, 5, 13.52
1747799898, 2, 930, 1156, 1135, 10, 8.44%, 263, 0, 5, 14.40
1747799903, 2, 932, 1156, 1135, 10, 8.44%, 263, 0, 5, 15.68
1747799909, 2, 933, 1156, 1135, 10, 8.44%, 263, 0, 5, 15.24
1747799914, 2, 935, 1156, 1135, 10, 8.44%, 263, 0, 5, 14.98
1747799919, 2, 936, 1156, 1135, 10, 8.44%, 263, 0, 5, 15.43
1747799924, 2, 937, 1156, 1135, 10, 8.44%, 263, 0, 5, 13.81
1747799929, 2, 939, 1156, 1135, 10, 8.44%, 263, 0, 5, 13.13
1747799934, 2, 943, 1156, 1135, 10, 8.44%, 263, 0, 5, 14.87
1747799939, 2, 945, 1156, 1135, 10, 8.44%, 263, 0, 5, 12.99
1747799944, 2, 946, 1156, 1135, 10, 8.44%, 263, 0, 5, 12.09
1747799949, 2, 947, 1156, 1135, 10, 8.44%, 264, 0, 5, 12.89
1747799955, 2, 950, 1156, 1135, 10, 8.44%, 264, 0, 5, 12.65
1747799960, 2, 951, 1156, 1135, 10, 8.44%, 264, 0, 5, 14.18
1747799965, 2, 952, 1156, 1135, 10, 8.44%, 264, 0, 5, 11.33
1747799970, 2, 953, 1156, 1135, 10, 8.44%, 264, 0, 5, 14.40
1747799975, 2, 955, 1156, 1135, 10, 8.44%, 264, 0, 5, 13.87
1747799980, 2, 958, 1156, 1135, 10, 8.44%, 264, 0, 5, 14.76
1747799985, 2, 960, 1156, 1135, 10, 8.44%, 264, 0, 5, 15.38
1747799991, 2, 962, 1156, 1135, 10, 8.44%, 265, 0, 5, 13.61
1747799996, 2, 963, 1156, 1135, 10, 8.44%, 265, 0, 5, 14.78
1747800001, 2, 965, 1156, 1135, 10, 8.44%, 265, 0, 5, 13.08
1747800006, 2, 966, 1156, 1135, 10, 8.44%, 265, 0, 5, 12.92
1747800011, 2, 967, 1156, 1135, 10, 8.44%, 265, 0, 5, 13.75
1747800016, 2, 968, 1156, 1135, 10, 8.44%, 265, 0, 5, 13.60
1747800021, 2, 971, 1156, 1135, 10, 8.44%, 265, 0, 5, 14.47
1747800026, 2, 972, 1156, 1135, 10, 8.44%, 265, 0, 5, 14.60
1747800031, 2, 973, 1156, 1135, 10, 8.44%, 265, 0, 5, 12.51
1747800036, 2, 975, 1156, 1135, 10, 8.44%, 265, 0, 5, 13.99
1747800041, 2, 976, 1156, 1135, 10, 8.44%, 265, 0, 5, 12.14
1747800047, 2, 977, 1156, 1135, 10, 8.44%, 265, 0, 5, 14.07
1747800052, 2, 980, 1156, 1135, 10, 8.44%, 265, 0, 5, 16.72
1747800057, 2, 981, 1156, 1135, 10, 8.44%, 265, 0, 5, 15.27
1747800067, 2, 981, 1157, 1136, 10, 8.44%, 265, 0, 5, 9.47
1747800711, 2, 981, 1159, 1138, 10, 8.44%, 265, 0, 5, 7.12
1747800717, 2, 981, 1160, 1139, 10, 8.44%, 265, 0, 5, 7.10
1747800768, 2, 981, 1161, 1140, 10, 8.44%, 265, 0, 5, 7.23
1747800784, 2, 982, 1161, 1139, 9, 8.44%, 265, 0, 5, 15.91
1747800789, 2, 983, 1161, 1139, 9, 8.44%, 265, 0, 5, 14.25
1747800794, 2, 986, 1161, 1139, 9, 8.44%, 265, 0, 5, 14.39
1747800800, 2, 987, 1161, 1139, 9, 8.44%, 266, 0, 5, 13.51
1747800805, 2, 988, 1161, 1139, 9, 8.44%, 266, 0, 5, 14.52
1747800810, 2, 991, 1161, 1139, 9, 8.44%, 266, 0, 5, 12.58
1747800815, 2, 993, 1161, 1139, 9, 8.44%, 266, 0, 5, 13.53
1747800820, 2, 995, 1161, 1139, 9, 8.44%, 267, 0, 5, 11.97
1747800825, 2, 997, 1161, 1139, 9, 8.44%, 267, 0, 5, 15.31
1747800831, 2, 999, 1161, 1139, 9, 8.44%, 267, 0, 5, 15.26
1747800836, 2, 1001, 1161, 1139, 9, 8.44%, 267, 0, 5, 14.21
1747800841, 2, 1003, 1161, 1139, 9, 8.44%, 267, 0, 5, 13.43
1747800846, 2, 1005, 1161, 1139, 9, 8.44%, 267, 0, 5, 13.75
1747800851, 2, 1007, 1161, 1139, 9, 8.44%, 267, 0, 5, 13.01
1747800857, 2, 1010, 1161, 1139, 9, 8.44%, 267, 0, 5, 15.59
1747800862, 2, 1012, 1161, 1139, 9, 8.44%, 267, 0, 5, 14.37
1747800867, 2, 1013, 1161, 1139, 9, 8.44%, 267, 0, 5, 14.50
1747800872, 2, 1015, 1161, 1139, 9, 8.44%, 267, 0, 5, 15.36
1747800877, 2, 1016, 1161, 1139, 9, 8.44%, 267, 0, 5, 6.31
1747800882, 2, 1017, 1161, 1139, 9, 8.44%, 267, 0, 5, 8.69
1747800887, 2, 1018, 1161, 1139, 9, 8.44%, 267, 0, 5, 11.15
1747800893, 2, 1020, 1161, 1139, 9, 8.44%, 267, 0, 5, 13.82
1747800898, 2, 1021, 1161, 1139, 9, 8.44%, 267, 0, 5, 15.11
1747800903, 2, 1024, 1161, 1139, 9, 8.44%, 267, 0, 5, 13.65
1747800908, 2, 1025, 1161, 1139, 9, 8.44%, 267, 0, 5, 14.59
1747800913, 2, 1027, 1161, 1139, 9, 8.44%, 267, 0, 5, 15.43
1747800919, 2, 1028, 1161, 1139, 9, 8.44%, 267, 0, 5, 13.46
1747800924, 2, 1029, 1161, 1139, 9, 8.44%, 268, 0, 5, 12.31
1747800929, 2, 1030, 1161, 1139, 9, 8.44%, 268, 0, 5, 14.36
1747800934, 2, 1032, 1161, 1139, 9, 8.44%, 268, 0, 5, 15.10
1747800939, 2, 1033, 1161, 1139, 9, 8.44%, 268, 0, 5, 15.25
1747800945, 2, 1036, 1161, 1139, 9, 8.44%, 268, 0, 5, 13.93
1747800950, 2, 1037, 1161, 1139, 9, 8.44%, 268, 0, 5, 16.53
1747800955, 2, 1039, 1161, 1139, 9, 8.44%, 269, 0, 5, 15.94
1747800960, 2, 1040, 1161, 1139, 9, 8.44%, 269, 0, 5, 15.02
1747800965, 2, 1041, 1161, 1139, 9, 8.44%, 269, 0, 5, 13.54
1747800970, 2, 1042, 1161, 1139, 9, 8.44%, 269, 0, 5, 12.41
1747800975, 2, 1045, 1161, 1139, 9, 8.44%, 269, 0, 5, 15.09
1747800981, 2, 1046, 1161, 1139, 9, 8.44%, 269, 0, 5, 14.35
1747800986, 2, 1049, 1161, 1139, 9, 8.44%, 270, 0, 5, 14.17
1747800991, 2, 1052, 1161, 1139, 9, 8.44%, 270, 0, 5, 13.43
1747800996, 2, 1056, 1161, 1139, 9, 8.44%, 270, 0, 5, 13.02
1747801001, 2, 1058, 1161, 1139, 9, 8.44%, 270, 0, 5, 15.66
1747801006, 2, 1059, 1161, 1139, 9, 8.44%, 270, 0, 5, 14.78
1747801012, 2, 1060, 1161, 1139, 9, 8.44%, 270, 0, 5, 13.39
1747801017, 2, 1062, 1161, 1139, 9, 8.44%, 270, 0, 5, 14.14
1747801022, 2, 1063, 1161, 1139, 9, 8.44%, 270, 0, 5, 13.81
1747801027, 2, 1064, 1161, 1139, 9, 8.44%, 270, 0, 5, 13.79
1747801032, 2, 1067, 1161, 1139, 9, 8.44%, 270, 0, 5, 13.35
1747801037, 2, 1069, 1161, 1139, 9, 8.44%, 270, 0, 5, 14.27
1747801042, 2, 1070, 1161, 1139, 9, 8.44%, 270, 0, 5, 13.47
1747801048, 2, 1071, 1161, 1139, 9, 8.44%, 270, 0, 5, 15.23
1747801053, 2, 1073, 1161, 1139, 9, 8.44%, 270, 0, 5, 5.69
1747801058, 2, 1075, 1161, 1139, 9, 8.44%, 270, 0, 5, 12.03
1747801063, 2, 1080, 1161, 1139, 9, 8.44%, 270, 0, 5, 14.46
1747801068, 2, 1081, 1161, 1139, 9, 8.44%, 270, 0, 5, 12.22
1747801294, 2, 1081, 1161, 1139, 9, 8.44%, 271, 0, 5, 6.73
1747801700, 2, 1081, 1161, 1139, 9, 8.44%, 272, 0, 5, 5.43
1747801705, 2, 1081, 1162, 1140, 9, 8.44%, 275, 0, 5, 5.22
1747801710, 2, 1081, 1162, 1140, 9, 8.44%, 276, 0, 5, 5.11
1747801915, 2, 1081, 1162, 1140, 9, 8.44%, 278, 0, 5, 5.10
1747801920, 2, 1081, 1162, 1140, 9, 8.44%, 279, 0, 5, 4.85
1747802006, 2, 1081, 1162, 1140, 9, 8.44%, 280, 0, 5, 8.13
1747802340, 2, 1082, 1162, 1139, 9, 8.44%, 280, 0, 5, 26.54
1747802345, 2, 1085, 1162, 1139, 9, 8.44%, 281, 0, 5, 22.89
1747802350, 2, 1089, 1162, 1139, 9, 8.44%, 281, 0, 5, 24.18
1747802355, 2, 1091, 1162, 1139, 9, 8.44%, 281, 0, 5, 21.94
1747802360, 2, 1094, 1162, 1139, 9, 8.44%, 281, 0, 5, 22.47
1747802365, 2, 1096, 1162, 1139, 9, 8.44%, 281, 0, 5, 21.33
1747802370, 2, 1100, 1162, 1139, 9, 8.44%, 281, 0, 5, 22.48
1747802376, 2, 1102, 1162, 1139, 9, 8.44%, 281, 0, 5, 24.11
1747802381, 2, 1104, 1162, 1139, 9, 8.44%, 281, 0, 5, 21.31
1747802386, 2, 1106, 1162, 1139, 9, 8.44%, 281, 0, 5, 21.31
1747802391, 2, 1109, 1162, 1139, 9, 8.44%, 282, 0, 5, 20.77
1747802396, 2, 1111, 1162, 1139, 9, 8.44%, 282, 0, 5, 24.06
1747802401, 2, 1114, 1162, 1139, 9, 8.44%, 282, 0, 5, 21.37
1747802406, 2, 1116, 1162, 1139, 9, 8.44%, 282, 0, 5, 22.77
1747802412, 2, 1119, 1162, 1139, 9, 8.44%, 282, 0, 5, 19.72
1747802417, 2, 1122, 1162, 1139, 9, 8.44%, 282, 0, 5, 22.15
1747802422, 2, 1124, 1162, 1139, 9, 8.44%, 282, 0, 5, 21.58
1747802427, 2, 1125, 1162, 1139, 9, 8.44%, 282, 0, 5, 15.95
1747802432, 2, 1127, 1162, 1139, 9, 8.44%, 282, 0, 5, 15.06
1747802437, 2, 1130, 1162, 1139, 9, 8.44%, 282, 0, 5, 17.10
1747802442, 2, 1131, 1162, 1139, 9, 8.44%, 282, 0, 5, 7.92
1747802447, 2, 1132, 1162, 1139, 9, 8.44%, 282, 0, 5, 12.07
1747802452, 2, 1134, 1162, 1139, 9, 8.44%, 282, 0, 5, 14.19
1747802458, 2, 1136, 1162, 1139, 9, 8.44%, 282, 0, 5, 16.13
1747802463, 2, 1137, 1162, 1139, 9, 8.44%, 282, 0, 5, 15.92
1747802468, 2, 1138, 1162, 1139, 9, 8.44%, 282, 0, 5, 19.20
1747802473, 2, 1140, 1162, 1139, 9, 8.44%, 282, 0, 5, 4.00
1747802478, 2, 1141, 1162, 1139, 9, 8.44%, 282, 0, 5, 12.90
1747802483, 2, 1144, 1162, 1139, 9, 8.44%, 282, 0, 5, 12.84
1747802489, 2, 1145, 1162, 1139, 9, 8.44%, 282, 0, 5, 13.37
1747802494, 2, 1146, 1162, 1139, 9, 8.44%, 282, 0, 5, 12.94
1747802499, 2, 1147, 1162, 1139, 9, 8.44%, 282, 0, 5, 13.37
1747802504, 2, 1149, 1162, 1139, 9, 8.44%, 282, 0, 5, 15.64
1747802509, 2, 1150, 1162, 1139, 9, 8.44%, 282, 0, 5, 16.48
1747802514, 2, 1152, 1162, 1139, 9, 8.44%, 282, 0, 5, 15.36
1747802519, 2, 1153, 1162, 1139, 9, 8.44%, 282, 0, 5, 15.32
1747802525, 2, 1155, 1162, 1139, 9, 8.44%, 282, 0, 5, 14.88
1747802530, 2, 1157, 1162, 1139, 9, 8.44%, 282, 0, 5, 15.39
1747802535, 2, 1160, 1162, 1139, 9, 8.44%, 282, 0, 5, 14.94
1747802540, 2, 1161, 1162, 1139, 9, 8.44%, 282, 0, 5, 14.37
1747802565, 2, 1161, 1162, 1139, 9, 8.44%, 283, 0, 5, 4.35
1747802710, 2, 1161, 1162, 1139, 9, 8.44%, 284, 0, 5, 4.78
1747802932, 2, 1161, 1162, 1139, 9, 8.44%, 285, 0, 5, 4.09
1747802937, 2, 1161, 1162, 1139, 9, 8.44%, 288, 0, 5, 3.86
1747802942, 2, 1161, 1162, 1139, 9, 8.44%, 289, 0, 5, 3.78
1747803670, 2, 1161, 1162, 1139, 9, 8.44%, 290, 0, 5, 5.04
1747804111, 2, 1161, 1162, 1139, 9, 8.44%, 291, 0, 5, 27.77
1747804127, 3, 0, 1162, 1138, 8, 8.44%, 291, 0, 5, 25.22
1747804132, 3, 3, 1162, 1138, 8, 8.44%, 291, 0, 5, 23.91
1747804137, 3, 8, 1162, 1138, 8, 8.44%, 291, 0, 5, 23.58
1747804142, 3, 11, 1162, 1138, 8, 8.44%, 291, 0, 5, 25.15
1747804147, 3, 13, 1162, 1138, 8, 8.44%, 291, 0, 5, 21.35
1747804152, 3, 15, 1163, 1139, 8, 8.44%, 291, 0, 6, 19.10
1747804157, 3, 18, 1163, 1139, 9, 8.44%, 292, 0, 6, 22.17
1747804162, 3, 20, 1163, 1139, 9, 8.44%, 292, 0, 6, 21.66
1747804168, 3, 22, 1163, 1139, 9, 8.44%, 292, 0, 6, 24.11
1747804173, 3, 25, 1163, 1139, 9, 8.44%, 292, 0, 6, 21.24
1747804178, 3, 28, 1163, 1139, 9, 8.44%, 292, 0, 6, 23.99
1747804183, 3, 31, 1163, 1139, 9, 8.44%, 292, 0, 6, 24.62
1747804188, 3, 33, 1163, 1139, 9, 8.44%, 292, 0, 6, 23.07
1747804193, 3, 35, 1163, 1139, 9, 8.44%, 292, 0, 6, 22.73
1747804198, 3, 40, 1163, 1139, 9, 8.44%, 292, 0, 6, 23.60
1747804204, 3, 41, 1164, 1140, 9, 8.44%, 292, 0, 6, 20.76
1747804209, 3, 42, 1165, 1141, 9, 8.44%, 292, 0, 6, 20.14
1747804214, 3, 44, 1165, 1141, 9, 8.44%, 292, 0, 6, 23.86
1747804219, 3, 46, 1165, 1141, 9, 8.44%, 292, 0, 6, 23.40
1747804224, 3, 48, 1165, 1141, 9, 8.44%, 292, 0, 6, 24.25
1747804229, 3, 53, 1165, 1141, 9, 8.44%, 292, 0, 6, 23.04
1747804234, 3, 55, 1165, 1141, 9, 8.44%, 292, 0, 6, 23.12
1747804239, 3, 60, 1165, 1141, 9, 8.44%, 292, 0, 6, 23.24
1747804244, 3, 64, 1165, 1141, 9, 8.44%, 292, 0, 6, 20.80
1747804250, 3, 69, 1165, 1141, 9, 8.44%, 292, 0, 6, 24.44
1747804255, 3, 71, 1165, 1141, 9, 8.44%, 293, 0, 6, 21.18
1747804260, 3, 73, 1165, 1141, 9, 8.44%, 293, 0, 6, 19.73
1747804265, 3, 76, 1165, 1141, 9, 8.44%, 293, 0, 6, 22.19
1747804270, 3, 78, 1165, 1141, 9, 8.44%, 293, 0, 6, 22.59
1747804276, 3, 83, 1165, 1141, 9, 8.44%, 293, 0, 6, 22.75
1747804281, 3, 85, 1165, 1141, 9, 8.44%, 293, 0, 6, 24.58
1747804286, 3, 87, 1165, 1141, 9, 8.44%, 293, 0, 6, 24.56
1747804291, 3, 91, 1165, 1141, 9, 8.44%, 293, 0, 6, 22.30
1747804296, 3, 93, 1165, 1141, 9, 8.44%, 293, 0, 6, 23.96
1747804302, 3, 95, 1165, 1141, 9, 8.44%, 293, 0, 6, 21.53
1747804307, 3, 99, 1165, 1141, 9, 8.44%, 293, 0, 6, 22.51
1747804312, 3, 101, 1165, 1141, 9, 8.44%, 293, 0, 6, 22.85
1747804317, 3, 103, 1165, 1141, 9, 8.44%, 293, 0, 6, 22.59
1747804322, 3, 106, 1165, 1141, 9, 8.44%, 293, 0, 6, 23.76
1747804327, 3, 108, 1165, 1141, 9, 8.44%, 293, 0, 6, 20.00
1747804333, 3, 111, 1165, 1141, 9, 8.44%, 293, 0, 6, 23.18
1747804338, 3, 114, 1165, 1141, 9, 8.44%, 293, 0, 6, 23.58
1747804343, 3, 118, 1165, 1141, 9, 8.44%, 293, 0, 6, 25.48
1747804348, 3, 120, 1165, 1141, 9, 8.44%, 293, 0, 6, 23.90
1747804353, 3, 123, 1165, 1141, 9, 8.44%, 293, 0, 6, 22.45
1747804358, 3, 129, 1165, 1141, 9, 8.44%, 293, 0, 6, 22.59
1747804363, 3, 131, 1165, 1141, 9, 8.44%, 293, 0, 6, 23.72
1747804368, 3, 133, 1165, 1141, 9, 8.44%, 293, 0, 6, 22.33
1747804373, 3, 136, 1165, 1141, 9, 8.44%, 293, 0, 6, 22.43
1747804379, 3, 139, 1165, 1141, 9, 8.44%, 293, 0, 6, 22.19
1747804384, 3, 141, 1165, 1141, 9, 8.44%, 293, 0, 6, 26.03
1747804389, 3, 143, 1165, 1141, 9, 8.44%, 293, 0, 6, 24.16
1747804394, 3, 146, 1165, 1141, 9, 8.44%, 293, 0, 6, 24.27
1747804399, 3, 148, 1165, 1141, 9, 8.44%, 293, 0, 6, 22.75
1747804404, 3, 150, 1165, 1141, 9, 8.44%, 293, 0, 6, 23.13
1747804409, 3, 152, 1165, 1141, 9, 8.44%, 293, 0, 6, 20.78
1747804414, 3, 157, 1165, 1141, 9, 8.44%, 293, 0, 6, 23.44
1747804419, 3, 159, 1165, 1141, 9, 8.44%, 293, 0, 6, 26.48
1747804425, 3, 163, 1165, 1141, 9, 8.44%, 293, 0, 6, 25.01
1747804430, 3, 167, 1165, 1141, 9, 8.44%, 293, 0, 6, 22.74
1747804435, 3, 169, 1165, 1141, 9, 8.44%, 293, 0, 6, 22.68
1747804440, 3, 174, 1165, 1141, 9, 8.44%, 293, 0, 6, 22.61
1747804445, 3, 176, 1165, 1141, 9, 8.44%, 293, 0, 6, 23.23
1747804450, 3, 179, 1165, 1141, 9, 8.44%, 293, 0, 6, 22.46
1747804455, 3, 183, 1165, 1141, 9, 8.44%, 293, 0, 6, 22.25
1747804460, 3, 185, 1165, 1141, 9, 8.44%, 293, 0, 6, 25.63
1747804465, 3, 189, 1165, 1141, 9, 8.44%, 293, 0, 6, 26.98
1747804486, 3, 191, 1165, 1140, 8, 8.44%, 293, 0, 6, 26.13
1747804491, 3, 194, 1165, 1140, 8, 8.44%, 294, 0, 6, 22.93
1747804496, 3, 198, 1165, 1140, 8, 8.44%, 294, 0, 6, 22.98
1747804501, 3, 203, 1165, 1140, 8, 8.44%, 294, 0, 6, 24.16
1747804506, 3, 205, 1165, 1140, 8, 8.44%, 294, 0, 6, 22.87
1747804511, 3, 208, 1165, 1140, 8, 8.44%, 294, 0, 6, 24.61
1747804516, 3, 210, 1165, 1140, 8, 8.44%, 294, 0, 6, 26.01
1747804522, 3, 215, 1165, 1140, 8, 8.44%, 294, 0, 6, 25.24
1747804527, 3, 217, 1165, 1140, 8, 8.44%, 294, 0, 6, 24.92
1747804532, 3, 220, 1165, 1140, 8, 8.44%, 294, 0, 6, 23.78
1747804537, 3, 223, 1165, 1140, 8, 8.44%, 294, 0, 6, 27.23
1747804542, 3, 227, 1165, 1140, 8, 8.44%, 294, 0, 6, 23.94
1747804547, 3, 229, 1165, 1140, 8, 8.44%, 294, 0, 6, 22.20
1747804552, 3, 232, 1165, 1140, 8, 8.44%, 294, 0, 6, 23.65
1747804557, 3, 237, 1165, 1140, 8, 8.44%, 294, 0, 6, 24.10
1747804563, 3, 239, 1165, 1140, 8, 8.44%, 294, 0, 6, 23.77
1747804568, 3, 242, 1165, 1140, 8, 8.44%, 294, 0, 6, 22.50
1747804573, 3, 244, 1165, 1140, 8, 8.44%, 294, 0, 6, 21.69
1747804578, 3, 247, 1165, 1140, 8, 8.44%, 294, 0, 6, 21.60
1747804583, 3, 250, 1165, 1140, 8, 8.44%, 294, 0, 6, 23.44
1747804588, 3, 254, 1165, 1140, 8, 8.44%, 294, 0, 6, 22.96
1747804593, 3, 257, 1165, 1140, 8, 8.44%, 294, 0, 6, 22.44
1747804598, 3, 259, 1165, 1140, 8, 8.44%, 294, 0, 6, 23.17
1747804603, 3, 261, 1165, 1140, 8, 8.44%, 294, 0, 6, 22.40
1747804608, 3, 264, 1165, 1140, 8, 8.44%, 294, 0, 6, 21.76
1747804613, 3, 266, 1165, 1140, 8, 8.44%, 295, 0, 6, 21.78
1747804618, 3, 268, 1165, 1140, 8, 8.44%, 295, 0, 6, 22.35
1747804624, 3, 271, 1165, 1140, 8, 8.44%, 295, 0, 6, 24.33
1747804629, 3, 275, 1165, 1140, 8, 8.44%, 295, 0, 6, 23.56
1747804634, 3, 276, 1165, 1140, 8, 8.44%, 295, 0, 6, 16.20
1747804639, 3, 277, 1165, 1140, 8, 8.44%, 295, 0, 6, 14.88
1747804644, 3, 280, 1165, 1140, 8, 8.44%, 295, 0, 6, 14.67
1747804649, 3, 281, 1165, 1140, 8, 8.44%, 295, 0, 6, 14.74
1747804654, 3, 282, 1165, 1140, 8, 8.44%, 295, 0, 6, 14.68
1747804659, 3, 285, 1165, 1140, 8, 8.44%, 295, 0, 6, 21.93
1747804664, 3, 287, 1165, 1140, 8, 8.44%, 295, 0, 6, 24.66
1747804670, 3, 289, 1165, 1140, 8, 8.44%, 295, 0, 6, 22.10
1747804675, 3, 291, 1165, 1140, 8, 8.44%, 295, 0, 6, 20.81
1747804680, 3, 294, 1165, 1140, 8, 8.44%, 295, 0, 6, 22.80
1747804685, 3, 298, 1165, 1140, 8, 8.44%, 295, 0, 6, 24.74
1747804690, 3, 304, 1165, 1140, 8, 8.44%, 295, 0, 6, 23.64
1747804695, 3, 306, 1165, 1140, 8, 8.44%, 295, 0, 6, 26.71
1747804700, 3, 309, 1165, 1140, 8, 8.44%, 295, 0, 6, 25.45
1747804705, 3, 312, 1165, 1140, 8, 8.44%, 295, 0, 6, 22.07
1747804710, 3, 314, 1165, 1140, 8, 8.44%, 295, 0, 6, 23.58
1747804715, 3, 316, 1165, 1140, 8, 8.44%, 295, 0, 6, 22.18
1747804721, 3, 320, 1165, 1140, 8, 8.44%, 296, 0, 6, 22.91
1747804726, 3, 322, 1165, 1140, 8, 8.44%, 296, 0, 6, 24.94
1747804731, 3, 324, 1165, 1140, 8, 8.44%, 296, 0, 6, 23.86
1747804736, 3, 327, 1165, 1140, 8, 8.44%, 296, 0, 6, 23.42
1747804741, 3, 330, 1165, 1140, 8, 8.44%, 296, 0, 6, 23.70
1747804746, 3, 332, 1165, 1140, 8, 8.44%, 296, 0, 6, 21.81
1747804751, 3, 334, 1165, 1140, 8, 8.44%, 296, 0, 6, 21.35
1747804756, 3, 336, 1165, 1140, 8, 8.44%, 296, 0, 6, 19.41
1747804761, 3, 339, 1165, 1140, 8, 8.44%, 296, 0, 6, 21.66
1747804767, 3, 341, 1165, 1140, 8, 8.44%, 296, 0, 6, 24.03
1747804772, 3, 343, 1165, 1140, 8, 8.44%, 296, 0, 6, 21.61
1747804777, 3, 345, 1165, 1140, 8, 8.44%, 296, 0, 6, 24.23
1747804782, 3, 351, 1165, 1140, 8, 8.44%, 296, 0, 6, 23.37
1747804787, 3, 353, 1165, 1140, 8, 8.44%, 296, 0, 6, 22.04
1747804792, 3, 357, 1165, 1140, 8, 8.44%, 296, 0, 6, 21.07
1747804798, 3, 359, 1165, 1140, 8, 8.44%, 296, 0, 6, 22.02
1747804803, 3, 362, 1165, 1140, 8, 8.44%, 296, 0, 6, 20.33
1747804808, 3, 365, 1165, 1140, 8, 8.44%, 296, 0, 6, 19.45
1747804813, 3, 369, 1165, 1140, 8, 8.44%, 296, 0, 6, 23.05
1747804818, 3, 371, 1165, 1140, 8, 8.44%, 296, 0, 6, 23.38
1747804823, 3, 373, 1165, 1140, 8, 8.44%, 296, 0, 6, 24.09
1747804828, 3, 377, 1165, 1140, 8, 8.44%, 296, 0, 6, 23.53
1747804833, 3, 379, 1165, 1140, 8, 8.44%, 296, 0, 6, 24.44
1747804838, 3, 381, 1165, 1140, 8, 8.44%, 296, 0, 6, 25.04
1747804843, 3, 384, 1165, 1140, 8, 8.44%, 296, 0, 6, 23.07
1747804848, 3, 386, 1165, 1140, 8, 8.44%, 296, 0, 6, 23.36
1747804854, 3, 389, 1165, 1140, 8, 8.44%, 296, 0, 6, 23.58
1747804859, 3, 392, 1165, 1140, 8, 8.44%, 296, 0, 6, 21.54
1747804864, 3, 394, 1165, 1140, 8, 8.44%, 296, 0, 6, 19.55
1747804869, 3, 396, 1165, 1140, 8, 8.44%, 296, 0, 6, 19.88
1747804874, 3, 402, 1165, 1140, 8, 8.44%, 296, 0, 6, 21.95
1747804879, 3, 404, 1165, 1140, 8, 8.44%, 296, 0, 6, 22.61
1747804885, 3, 407, 1165, 1140, 8, 8.44%, 296, 0, 6, 25.07
1747804890, 3, 409, 1165, 1140, 8, 8.44%, 296, 0, 6, 25.39
1747804895, 3, 412, 1165, 1140, 8, 8.44%, 296, 0, 6, 25.02
1747804900, 3, 416, 1165, 1140, 8, 8.44%, 296, 0, 6, 24.71
1747804905, 3, 420, 1165, 1140, 8, 8.44%, 296, 0, 6, 22.09
1747804910, 3, 424, 1165, 1140, 8, 8.44%, 296, 0, 6, 23.65
1747804915, 3, 427, 1165, 1140, 8, 8.44%, 296, 0, 6, 23.97
1747804920, 3, 430, 1165, 1140, 8, 8.44%, 296, 0, 6, 24.20
1747804925, 3, 433, 1165, 1140, 8, 8.44%, 296, 0, 6, 23.84
1747804931, 3, 435, 1165, 1140, 8, 8.44%, 296, 0, 6, 21.11
1747804936, 3, 438, 1165, 1140, 8, 8.44%, 296, 0, 6, 23.18
1747804941, 3, 442, 1165, 1140, 8, 8.44%, 296, 0, 6, 22.79
1747804946, 3, 445, 1165, 1140, 8, 8.44%, 296, 0, 6, 25.31
1747804951, 3, 447, 1165, 1140, 8, 8.44%, 296, 0, 6, 24.72
1747804956, 3, 449, 1165, 1140, 8, 8.44%, 296, 0, 6, 21.30
1747804961, 3, 452, 1165, 1140, 8, 8.44%, 296, 0, 6, 24.06
1747804966, 3, 454, 1165, 1140, 8, 8.44%, 296, 0, 6, 21.76
1747804972, 3, 456, 1165, 1140, 8, 8.44%, 296, 0, 6, 20.70
1747804977, 3, 458, 1165, 1140, 8, 8.44%, 296, 0, 6, 20.01
1747804982, 3, 460, 1165, 1140, 8, 8.44%, 296, 0, 6, 23.14
1747804987, 3, 464, 1165, 1140, 8, 8.44%, 296, 0, 6, 24.28
1747804992, 3, 466, 1165, 1140, 8, 8.44%, 296, 0, 6, 21.95
1747804997, 3, 468, 1165, 1140, 8, 8.44%, 296, 0, 6, 24.41
1747805003, 3, 471, 1165, 1140, 8, 8.44%, 296, 0, 6, 23.16
1747805008, 3, 473, 1165, 1140, 8, 8.44%, 296, 0, 6, 23.08
1747805013, 3, 475, 1165, 1140, 8, 8.44%, 296, 0, 6, 22.51
1747805018, 3, 478, 1166, 1141, 8, 8.44%, 296, 0, 6, 26.94
1747805023, 3, 479, 1166, 1141, 8, 8.44%, 296, 0, 6, 24.01
1747805028, 3, 481, 1166, 1141, 8, 8.44%, 296, 0, 6, 22.82
1747805033, 3, 483, 1166, 1141, 8, 8.44%, 296, 0, 6, 23.37
1747805038, 3, 486, 1166, 1141, 8, 8.44%, 296, 0, 6, 21.87
1747805043, 3, 488, 1166, 1141, 8, 8.44%, 296, 0, 6, 22.93
1747805049, 3, 495, 1166, 1141, 8, 8.44%, 296, 0, 6, 21.19
1747805054, 3, 497, 1166, 1141, 8, 8.44%, 296, 0, 6, 23.31
1747805059, 3, 501, 1166, 1141, 8, 8.44%, 296, 0, 6, 22.10
1747805064, 3, 503, 1166, 1141, 8, 8.44%, 296, 0, 6, 23.85
1747805069, 3, 506, 1166, 1141, 8, 8.44%, 296, 0, 6, 25.45
1747805074, 3, 509, 1166, 1141, 8, 8.44%, 296, 0, 6, 25.53
1747805079, 3, 511, 1166, 1141, 8, 8.44%, 296, 0, 6, 22.74
1747805085, 3, 514, 1166, 1141, 8, 8.44%, 296, 0, 6, 20.60
1747805090, 3, 517, 1166, 1141, 8, 8.44%, 296, 0, 6, 23.32
1747805095, 3, 519, 1166, 1141, 8, 8.44%, 297, 0, 6, 23.02
1747805100, 3, 521, 1166, 1141, 8, 8.44%, 297, 0, 6, 27.75
1747805105, 3, 526, 1166, 1141, 8, 8.44%, 297, 0, 6, 25.18
1747805110, 3, 528, 1166, 1141, 8, 8.44%, 297, 0, 6, 22.85
1747805115, 3, 530, 1166, 1141, 8, 8.44%, 297, 0, 6, 22.91
1747805121, 3, 532, 1166, 1141, 8, 8.44%, 297, 0, 6, 20.57
1747805126, 3, 534, 1166, 1141, 8, 8.44%, 298, 0, 6, 19.84
1747805131, 3, 536, 1166, 1141, 8, 8.44%, 298, 0, 6, 23.66
1747805136, 3, 538, 1166, 1141, 8, 8.44%, 298, 0, 6, 21.55
1747805141, 3, 543, 1166, 1141, 8, 8.44%, 298, 0, 6, 21.48
1747805146, 3, 545, 1166, 1141, 8, 8.44%, 298, 0, 6, 23.75
1747805151, 3, 547, 1166, 1141, 8, 8.44%, 298, 0, 6, 22.78
1747805156, 3, 550, 1166, 1141, 8, 8.44%, 298, 0, 6, 26.33
1747805161, 3, 553, 1166, 1141, 8, 8.44%, 299, 0, 6, 23.99
1747805167, 3, 557, 1166, 1141, 8, 8.44%, 299, 0, 6, 22.53
1747805172, 3, 561, 1166, 1141, 8, 8.44%, 300, 0, 6, 23.85
1747805177, 3, 564, 1166, 1141, 8, 8.44%, 300, 0, 6, 23.91
1747805182, 3, 566, 1166, 1141, 8, 8.44%, 300, 0, 6, 23.26
1747805187, 3, 568, 1166, 1141, 8, 8.44%, 300, 0, 6, 20.42
1747805192, 3, 570, 1166, 1141, 8, 8.44%, 300, 0, 6, 21.26
1747805197, 3, 572, 1166, 1141, 8, 8.44%, 300, 0, 6, 21.09
1747805203, 3, 574, 1166, 1141, 8, 8.44%, 300, 0, 6, 24.38
1747805530, 3, 578, 1166, 1140, 7, 8.44%, 300, 0, 6, 23.66
1747805535, 3, 580, 1166, 1140, 7, 8.44%, 300, 0, 6, 24.71
1747805540, 3, 583, 1166, 1140, 7, 8.44%, 300, 0, 6, 24.63
1747805545, 3, 588, 1166, 1140, 7, 8.44%, 300, 0, 6, 24.56
1747805551, 3, 593, 1166, 1140, 7, 8.44%, 300, 0, 6, 23.38
1747805556, 3, 595, 1166, 1140, 7, 8.44%, 300, 0, 6, 21.00
1747805561, 3, 598, 1166, 1140, 7, 8.44%, 300, 0, 6, 22.05
1747805566, 3, 601, 1166, 1140, 7, 8.44%, 300, 0, 6, 24.88
1747805571, 3, 603, 1166, 1140, 7, 8.44%, 300, 0, 6, 24.26
1747805576, 3, 606, 1166, 1140, 7, 8.44%, 300, 0, 6, 22.94
1747805581, 3, 610, 1166, 1140, 7, 8.44%, 300, 0, 6, 25.33
1747805586, 3, 612, 1166, 1140, 7, 8.44%, 300, 0, 6, 22.74
1747805591, 3, 614, 1166, 1140, 7, 8.44%, 300, 0, 6, 21.74
1747805596, 3, 617, 1166, 1140, 7, 8.44%, 300, 0, 6, 23.18
1747805602, 3, 620, 1166, 1140, 7, 8.44%, 300, 0, 6, 23.62
1747805607, 3, 621, 1166, 1140, 7, 8.44%, 300, 0, 6, 17.70
1747805612, 3, 625, 1166, 1140, 7, 8.44%, 300, 0, 6, 22.43
1747805617, 3, 628, 1166, 1140, 7, 8.44%, 300, 0, 6, 22.15
1747805622, 3, 630, 1166, 1140, 7, 8.44%, 300, 0, 6, 23.34
1747805627, 3, 632, 1166, 1140, 7, 8.44%, 301, 0, 6, 22.72
1747805633, 3, 634, 1166, 1140, 7, 8.44%, 302, 0, 6, 23.39
1747805638, 3, 638, 1166, 1140, 7, 8.44%, 302, 0, 6, 24.07
1747805643, 3, 640, 1166, 1140, 7, 8.44%, 302, 0, 6, 23.82
1747805648, 3, 644, 1166, 1140, 7, 8.44%, 302, 0, 6, 24.88
1747805653, 3, 646, 1166, 1140, 7, 8.44%, 302, 0, 6, 24.25
1747805658, 3, 649, 1166, 1140, 7, 8.44%, 302, 0, 6, 22.29
1747805663, 3, 651, 1166, 1140, 7, 8.44%, 302, 0, 6, 23.79
1747805668, 3, 655, 1166, 1140, 7, 8.44%, 302, 0, 6, 25.09
1747805673, 3, 658, 1166, 1140, 7, 8.44%, 302, 0, 6, 20.78
1747805678, 3, 660, 1166, 1140, 7, 8.44%, 302, 0, 6, 22.02
1747805684, 3, 663, 1166, 1140, 7, 8.44%, 302, 0, 6, 22.34
1747805689, 3, 665, 1166, 1140, 7, 8.44%, 302, 0, 6, 24.81
1747805694, 3, 668, 1166, 1140, 7, 8.44%, 302, 0, 6, 22.13
1747805699, 3, 670, 1166, 1140, 7, 8.44%, 302, 0, 6, 22.04
1747805704, 3, 673, 1166, 1140, 7, 8.44%, 302, 0, 6, 23.80
1747805709, 3, 675, 1166, 1140, 7, 8.44%, 302, 0, 6, 22.42
1747805714, 3, 677, 1166, 1140, 7, 8.44%, 302, 0, 6, 24.40
1747805719, 3, 681, 1166, 1140, 7, 8.44%, 302, 0, 6, 22.27
1747805725, 3, 684, 1166, 1140, 7, 8.44%, 302, 0, 6, 23.03
1747805730, 3, 687, 1166, 1140, 7, 8.44%, 302, 0, 6, 22.12
1747805735, 3, 690, 1166, 1140, 7, 8.44%, 302, 0, 6, 21.96
1747805740, 3, 695, 1166, 1140, 7, 8.44%, 302, 0, 6, 22.68
1747805745, 3, 698, 1166, 1140, 7, 8.44%, 302, 0, 6, 21.35
1747805750, 3, 700, 1166, 1140, 7, 8.44%, 302, 0, 6, 20.65
1747805756, 3, 702, 1166, 1140, 7, 8.44%, 302, 0, 6, 25.40
1747805761, 3, 705, 1166, 1140, 7, 8.44%, 302, 0, 6, 23.69
1747805766, 3, 710, 1166, 1140, 7, 8.44%, 302, 0, 6, 22.67
1747805771, 3, 712, 1166, 1140, 7, 8.44%, 302, 0, 6, 23.34
1747805776, 3, 714, 1166, 1140, 7, 8.44%, 302, 0, 6, 23.99
1747805781, 3, 719, 1166, 1140, 7, 8.44%, 302, 0, 6, 21.83
1747805786, 3, 721, 1166, 1140, 7, 8.44%, 302, 0, 6, 19.49
1747805792, 3, 723, 1166, 1140, 7, 8.44%, 304, 0, 6, 22.77
1747805797, 3, 725, 1166, 1140, 7, 8.44%, 304, 0, 6, 23.46
1747805802, 3, 728, 1166, 1140, 7, 8.44%, 304, 0, 6, 22.29
1747805807, 3, 730, 1166, 1140, 7, 8.44%, 305, 0, 6, 22.87
1747805812, 3, 734, 1166, 1140, 7, 8.44%, 305, 0, 6, 22.94
1747805817, 3, 736, 1166, 1140, 7, 8.44%, 305, 0, 6, 24.03
1747805822, 3, 740, 1166, 1140, 7, 8.44%, 305, 0, 6, 25.94
1747805827, 3, 742, 1166, 1140, 7, 8.44%, 305, 0, 6, 23.35
1747805832, 3, 744, 1166, 1140, 7, 8.44%, 305, 0, 6, 23.29
1747805837, 3, 746, 1166, 1140, 7, 8.44%, 306, 0, 6, 20.09
1747805843, 3, 748, 1166, 1140, 7, 8.44%, 307, 0, 6, 22.66
1747805848, 3, 751, 1166, 1140, 7, 8.44%, 307, 0, 6, 21.36
1747805853, 3, 753, 1166, 1140, 7, 8.44%, 307, 0, 6, 21.54
1747805858, 3, 757, 1166, 1140, 7, 8.44%, 307, 0, 6, 22.59
1747805863, 3, 760, 1166, 1140, 7, 8.44%, 307, 0, 6, 24.94
1747805868, 3, 761, 1167, 1141, 7, 8.44%, 307, 0, 6, 24.64
1747805873, 3, 764, 1167, 1141, 7, 8.44%, 307, 0, 6, 23.36
1747805935, 3, 764, 1168, 1142, 7, 8.44%, 307, 0, 6, 11.07
1747806391, 3, 767, 1168, 1141, 7, 8.44%, 307, 0, 6, 25.50
1747806396, 3, 768, 1168, 1141, 7, 8.44%, 307, 0, 6, 19.65
1747806401, 3, 771, 1168, 1141, 7, 8.44%, 307, 0, 6, 21.83
1747806406, 3, 773, 1168, 1141, 7, 8.44%, 307, 0, 6, 22.59
1747806412, 3, 776, 1168, 1141, 7, 8.44%, 307, 0, 6, 19.98
1747806417, 3, 779, 1168, 1141, 7, 8.44%, 307, 0, 6, 22.40
1747806422, 3, 784, 1168, 1141, 7, 8.44%, 307, 0, 6, 23.39
1747806427, 3, 787, 1168, 1141, 7, 8.44%, 307, 0, 6, 23.46
1747806432, 3, 790, 1168, 1141, 7, 8.44%, 307, 0, 6, 23.38
1747806437, 3, 793, 1168, 1141, 7, 8.44%, 307, 0, 6, 24.83
1747806442, 3, 797, 1168, 1141, 7, 8.44%, 307, 0, 6, 23.12
1747806447, 3, 800, 1168, 1141, 7, 8.44%, 307, 0, 6, 23.19
1747806453, 3, 802, 1168, 1141, 7, 8.44%, 307, 0, 6, 18.93
1747806458, 3, 805, 1168, 1141, 7, 8.44%, 307, 0, 6, 18.90
1747806463, 3, 807, 1168, 1141, 7, 8.44%, 307, 0, 6, 21.11
1747806468, 3, 809, 1168, 1141, 7, 8.44%, 307, 0, 6, 21.17
1747807113, 3, 811, 1168, 1140, 7, 8.44%, 307, 0, 6, 13.35
1747807118, 3, 813, 1168, 1140, 7, 8.44%, 307, 0, 6, 15.62
1747807123, 3, 814, 1168, 1140, 7, 8.44%, 307, 0, 6, 12.63
1747807128, 3, 818, 1168, 1140, 7, 8.44%, 307, 0, 6, 13.07
1747807133, 3, 821, 1168, 1140, 7, 8.44%, 307, 0, 6, 14.31
1747807139, 3, 823, 1168, 1140, 7, 8.44%, 307, 0, 6, 14.89
1747807144, 3, 824, 1168, 1140, 7, 8.44%, 307, 0, 6, 15.01
1747807149, 3, 826, 1168, 1140, 7, 8.44%, 307, 0, 6, 13.81
1747807154, 3, 828, 1168, 1140, 7, 8.44%, 307, 0, 6, 13.80
1747807159, 3, 829, 1168, 1140, 7, 8.44%, 307, 0, 6, 14.66
1747807164, 3, 831, 1168, 1140, 7, 8.44%, 307, 0, 6, 14.90
1747807170, 3, 831, 1169, 1141, 7, 8.45%, 307, 0, 6, 1.82
1747807180, 3, 832, 1169, 1141, 8, 8.45%, 307, 0, 6, 14.00
1747807185, 3, 834, 1169, 1141, 8, 8.45%, 307, 0, 6, 15.01
1747807191, 3, 835, 1169, 1141, 8, 8.45%, 307, 0, 6, 12.26
1747807196, 3, 837, 1169, 1141, 8, 8.45%, 307, 0, 6, 12.62
1747807201, 3, 838, 1169, 1141, 8, 8.45%, 307, 0, 6, 12.72
1747807206, 3, 840, 1169, 1141, 8, 8.45%, 307, 0, 6, 14.00
1747807212, 3, 841, 1169, 1141, 8, 8.45%, 307, 0, 6, 14.86
1747807217, 3, 842, 1169, 1141, 8, 8.45%, 308, 0, 6, 13.12
1747807222, 3, 844, 1169, 1141, 8, 8.45%, 308, 0, 6, 14.49
1747807227, 3, 846, 1169, 1141, 8, 8.45%, 308, 0, 6, 15.45
1747807232, 3, 847, 1169, 1141, 8, 8.45%, 308, 0, 6, 14.72
1747807238, 3, 850, 1169, 1141, 8, 8.45%, 308, 0, 6, 14.45
1747807243, 3, 851, 1169, 1141, 8, 8.45%, 308, 0, 6, 14.42
1747807248, 3, 852, 1169, 1141, 8, 8.45%, 308, 0, 6, 13.11
1747807253, 3, 854, 1169, 1141, 8, 8.45%, 308, 0, 6, 14.07
1747807258, 3, 856, 1169, 1141, 8, 8.45%, 308, 0, 6, 3.49
1747807263, 3, 857, 1169, 1141, 8, 8.45%, 308, 0, 6, 13.06
1747807268, 3, 859, 1169, 1141, 8, 8.45%, 308, 0, 6, 13.85
1747807274, 3, 860, 1169, 1141, 8, 8.45%, 308, 0, 6, 14.53
1747807279, 3, 863, 1169, 1141, 8, 8.45%, 308, 0, 6, 13.15
1747807284, 3, 863, 1170, 1142, 8, 8.45%, 308, 0, 6, 13.89
1747807289, 3, 864, 1170, 1142, 8, 8.45%, 308, 0, 6, 14.26
1747807294, 3, 866, 1170, 1142, 8, 8.45%, 308, 0, 6, 14.72
1747807299, 3, 867, 1170, 1142, 8, 8.45%, 308, 0, 6, 13.37
1747807305, 3, 868, 1170, 1142, 8, 8.45%, 308, 0, 6, 15.24
1747807310, 3, 870, 1170, 1142, 8, 8.45%, 308, 0, 6, 15.37
1747807315, 3, 871, 1170, 1142, 8, 8.45%, 308, 0, 6, 16.18
1747807320, 3, 875, 1170, 1142, 8, 8.45%, 308, 0, 6, 21.32
1747807325, 3, 876, 1170, 1142, 8, 8.45%, 308, 0, 6, 17.25
1747807330, 3, 877, 1170, 1142, 8, 8.45%, 308, 0, 6, 12.66
1747807335, 3, 878, 1170, 1142, 8, 8.45%, 308, 0, 6, 12.48
1747807341, 3, 879, 1170, 1142, 8, 8.45%, 308, 0, 6, 12.04
1747807346, 3, 881, 1170, 1142, 8, 8.45%, 308, 0, 6, 13.35
1747807351, 3, 883, 1170, 1142, 8, 8.45%, 308, 0, 6, 12.83
1747807356, 3, 884, 1170, 1142, 8, 8.45%, 308, 0, 6, 13.91
1747807361, 3, 886, 1170, 1142, 8, 8.45%, 308, 0, 6, 14.61
1747807366, 3, 888, 1170, 1142, 8, 8.45%, 308, 0, 6, 13.05
1747807371, 3, 889, 1170, 1142, 8, 8.45%, 308, 0, 6, 14.75
1747807377, 3, 892, 1170, 1142, 8, 8.45%, 308, 0, 6, 14.27
1747807382, 3, 894, 1170, 1142, 8, 8.45%, 308, 0, 6, 12.96
1747807387, 3, 897, 1170, 1142, 8, 8.45%, 308, 0, 6, 15.01
1747807392, 3, 898, 1170, 1142, 8, 8.45%, 308, 0, 6, 14.03
1747807397, 3, 900, 1170, 1142, 8, 8.45%, 308, 0, 6, 12.92
1747807402, 3, 901, 1170, 1142, 8, 8.45%, 308, 0, 6, 11.65
1747807407, 3, 902, 1170, 1142, 8, 8.45%, 308, 0, 6, 13.67
1747807413, 3, 904, 1170, 1142, 8, 8.45%, 308, 0, 6, 14.68
1747807418, 3, 905, 1170, 1142, 8, 8.45%, 308, 0, 6, 15.11
1747807423, 3, 907, 1170, 1142, 8, 8.45%, 308, 0, 6, 12.78
1747807428, 3, 908, 1170, 1142, 8, 8.45%, 308, 0, 6, 11.28
1747807433, 3, 909, 1170, 1142, 8, 8.45%, 308, 0, 6, 15.01
1747807439, 3, 911, 1170, 1142, 8, 8.45%, 308, 0, 6, 13.90
1747807444, 3, 912, 1170, 1142, 8, 8.45%, 309, 0, 6, 15.28
1747807449, 3, 915, 1170, 1142, 8, 8.45%, 309, 0, 6, 15.47
1747807454, 3, 916, 1170, 1142, 8, 8.45%, 309, 0, 6, 13.29
1747807459, 3, 917, 1170, 1142, 8, 8.45%, 309, 0, 6, 12.46
1747807464, 3, 918, 1170, 1142, 8, 8.45%, 309, 0, 6, 12.50
1747807469, 3, 920, 1170, 1142, 8, 8.45%, 309, 0, 6, 15.35
1747807474, 3, 922, 1170, 1142, 8, 8.45%, 309, 0, 6, 15.68
1747807480, 3, 926, 1170, 1142, 8, 8.45%, 309, 0, 6, 13.89
1747807485, 3, 927, 1170, 1142, 8, 8.45%, 309, 0, 6, 13.18
1747807490, 3, 929, 1170, 1142, 8, 8.45%, 309, 0, 6, 13.11
1747807495, 3, 931, 1170, 1142, 8, 8.45%, 309, 0, 6, 15.55
1747807500, 3, 932, 1170, 1142, 8, 8.45%, 309, 0, 6, 13.47
1747807505, 3, 933, 1170, 1142, 8, 8.45%, 309, 0, 6, 12.84
1747807511, 3, 935, 1170, 1142, 8, 8.45%, 309, 0, 6, 13.99
1747807516, 3, 936, 1170, 1142, 8, 8.45%, 309, 0, 6, 13.22
1747807521, 3, 937, 1170, 1142, 8, 8.45%, 309, 0, 6, 12.48
1747807526, 3, 940, 1170, 1142, 8, 8.45%, 309, 0, 6, 15.41
1747807531, 3, 941, 1170, 1142, 8, 8.45%, 309, 0, 6, 13.73
1747807536, 3, 943, 1170, 1142, 8, 8.45%, 309, 0, 6, 12.28
1747807542, 3, 944, 1170, 1142, 8, 8.45%, 309, 0, 6, 13.82
1747807547, 3, 946, 1170, 1142, 8, 8.45%, 309, 0, 6, 11.72
1747807552, 3, 948, 1170, 1142, 8, 8.45%, 309, 0, 6, 12.58
1747807557, 3, 949, 1170, 1142, 8, 8.45%, 309, 0, 6, 15.19
1747807562, 3, 950, 1170, 1142, 8, 8.45%, 309, 0, 6, 13.98
1747807567, 3, 951, 1170, 1142, 8, 8.45%, 309, 0, 6, 15.93
1747807577, 3, 951, 1171, 1143, 8, 8.45%, 309, 0, 6, 9.25
1747807685, 3, 951, 1172, 1144, 8, 8.45%, 309, 0, 6, 8.55
1747807690, 3, 951, 1173, 1145, 8, 8.45%, 309, 0, 6, 8.39
1747807777, 3, 951, 1174, 1146, 8, 8.45%, 309, 0, 6, 9.98
1747807843, 3, 951, 1176, 1148, 8, 8.45%, 309, 0, 6, 12.22
1747807859, 3, 955, 1176, 1147, 8, 8.45%, 309, 0, 6, 14.06
1747807864, 3, 956, 1176, 1147, 8, 8.45%, 309, 0, 6, 15.10
1747807869, 3, 957, 1176, 1147, 8, 8.45%, 309, 0, 6, 14.87
1747807874, 3, 961, 1176, 1147, 8, 8.45%, 309, 0, 6, 15.52
1747807879, 3, 962, 1176, 1147, 8, 8.45%, 309, 0, 6, 12.25
1747807885, 3, 965, 1176, 1147, 8, 8.45%, 309, 0, 6, 13.96
1747807890, 3, 966, 1176, 1147, 8, 8.45%, 309, 0, 6, 19.04
1747807895, 3, 967, 1176, 1147, 8, 8.45%, 309, 0, 6, 16.18
1747807900, 3, 970, 1176, 1147, 8, 8.45%, 309, 0, 6, 14.06
1747807905, 3, 971, 1176, 1147, 8, 8.45%, 309, 0, 6, 14.31
1747807910, 3, 974, 1176, 1147, 8, 8.45%, 309, 0, 6, 13.55
1747807916, 3, 976, 1176, 1147, 8, 8.45%, 309, 0, 6, 13.66
1747807921, 3, 977, 1176, 1147, 8, 8.45%, 309, 0, 6, 13.22
1747807926, 3, 978, 1176, 1147, 8, 8.45%, 309, 0, 6, 15.31
1747807931, 3, 980, 1176, 1147, 8, 8.45%, 309, 0, 6, 14.10
1747807936, 3, 981, 1176, 1147, 8, 8.45%, 309, 0, 6, 14.41
1747807941, 3, 983, 1176, 1147, 8, 8.45%, 309, 0, 6, 13.70
1747807946, 3, 985, 1176, 1147, 8, 8.45%, 309, 0, 6, 13.61
1747807952, 3, 986, 1176, 1147, 8, 8.45%, 309, 0, 6, 14.83
1747807957, 3, 987, 1176, 1147, 8, 8.45%, 309, 0, 6, 12.54
1747807962, 3, 989, 1176, 1147, 8, 8.45%, 309, 0, 6, 13.55
1747807967, 3, 991, 1176, 1147, 8, 8.45%, 309, 0, 6, 14.62
1747807972, 3, 993, 1176, 1147, 8, 8.45%, 309, 0, 6, 13.75
1747807977, 3, 994, 1176, 1147, 8, 8.45%, 309, 0, 6, 12.27
1747807983, 3, 996, 1176, 1147, 8, 8.45%, 309, 0, 6, 12.25
1747807988, 3, 997, 1176, 1147, 8, 8.45%, 309, 0, 6, 13.25
1747807993, 3, 998, 1176, 1147, 8, 8.45%, 309, 0, 6, 13.35
1747807998, 3, 1000, 1176, 1147, 8, 8.45%, 309, 0, 6, 14.17
1747808003, 3, 1001, 1176, 1147, 8, 8.45%, 309, 0, 6, 14.83
1747808008, 3, 1003, 1176, 1147, 8, 8.45%, 309, 0, 6, 14.23
1747808013, 3, 1006, 1176, 1147, 8, 8.45%, 309, 0, 6, 15.58
1747808018, 3, 1007, 1176, 1147, 8, 8.45%, 309, 0, 6, 14.30
1747808024, 3, 1009, 1176, 1147, 8, 8.45%, 309, 0, 6, 5.67
1747808029, 3, 1011, 1176, 1147, 8, 8.45%, 309, 0, 6, 10.09
1747808034, 3, 1014, 1176, 1147, 8, 8.45%, 309, 0, 6, 12.96
1747808039, 3, 1016, 1176, 1147, 8, 8.45%, 309, 0, 6, 13.96
1747808044, 3, 1018, 1176, 1147, 8, 8.45%, 309, 0, 6, 12.83
1747808049, 3, 1019, 1176, 1147, 8, 8.45%, 309, 0, 6, 15.26
1747808054, 3, 1021, 1176, 1147, 8, 8.45%, 309, 0, 6, 14.51
1747808060, 3, 1022, 1176, 1147, 8, 8.45%, 309, 0, 6, 13.40
1747808065, 3, 1023, 1176, 1147, 8, 8.45%, 309, 0, 6, 14.17
1747808070, 3, 1024, 1176, 1147, 8, 8.45%, 309, 0, 6, 12.57
1747808075, 3, 1027, 1176, 1147, 8, 8.45%, 309, 0, 6, 13.78
1747808080, 3, 1028, 1176, 1147, 8, 8.45%, 309, 0, 6, 13.77
1747808086, 3, 1030, 1176, 1147, 8, 8.45%, 309, 0, 6, 13.56
1747808091, 3, 1031, 1176, 1147, 8, 8.45%, 309, 0, 6, 13.19
1747808096, 3, 1032, 1176, 1147, 8, 8.45%, 309, 0, 6, 14.80
1747808102, 3, 1035, 1176, 1147, 8, 8.45%, 309, 0, 6, 13.66
1747808107, 3, 1036, 1176, 1147, 8, 8.45%, 309, 0, 6, 14.09
1747808112, 3, 1037, 1176, 1147, 8, 8.45%, 309, 0, 6, 13.45
1747808117, 3, 1039, 1176, 1147, 8, 8.45%, 309, 0, 6, 12.83
1747808122, 3, 1041, 1176, 1147, 8, 8.45%, 309, 0, 6, 14.00
1747808127, 3, 1042, 1176, 1147, 8, 8.45%, 309, 0, 6, 14.29
1747808132, 3, 1044, 1176, 1147, 8, 8.45%, 309, 0, 6, 15.12
1747808138, 3, 1045, 1176, 1147, 8, 8.45%, 309, 0, 6, 16.01
1747808143, 3, 1046, 1176, 1147, 8, 8.45%, 309, 0, 6, 3.10
1747808148, 3, 1048, 1176, 1147, 8, 8.45%, 309, 0, 6, 15.56
1747808153, 3, 1049, 1176, 1147, 8, 8.45%, 309, 0, 6, 17.76
1747808158, 3, 1050, 1176, 1147, 8, 8.45%, 309, 0, 6, 20.05
1747808163, 3, 1052, 1176, 1147, 8, 8.45%, 309, 0, 6, 15.43
1747808168, 3, 1053, 1176, 1147, 8, 8.45%, 309, 0, 6, 3.91
1747808174, 3, 1056, 1176, 1147, 8, 8.45%, 309, 0, 6, 10.03
1747808179, 3, 1058, 1176, 1147, 8, 8.45%, 309, 0, 6, 13.65
1747808184, 3, 1059, 1176, 1147, 8, 8.45%, 309, 0, 6, 15.29
1747808189, 3, 1061, 1176, 1147, 8, 8.45%, 309, 0, 6, 15.07
1747808194, 3, 1062, 1176, 1147, 8, 8.45%, 309, 0, 6, 13.24
1747808199, 3, 1064, 1176, 1147, 8, 8.45%, 309, 0, 6, 15.60
1747808204, 3, 1066, 1176, 1147, 8, 8.45%, 309, 0, 6, 15.07
1747808209, 3, 1067, 1176, 1147, 8, 8.45%, 309, 0, 6, 14.48
1747808215, 3, 1068, 1176, 1147, 8, 8.45%, 309, 0, 6, 13.53
1747808220, 3, 1070, 1176, 1147, 8, 8.45%, 309, 0, 6, 14.64
1747808225, 3, 1071, 1176, 1147, 8, 8.45%, 310, 0, 6, 14.06
1747808230, 3, 1072, 1176, 1147, 8, 8.45%, 310, 0, 6, 14.81
1747808235, 3, 1073, 1176, 1147, 8, 8.45%, 310, 0, 6, 12.00
1747808240, 3, 1079, 1176, 1147, 8, 8.45%, 310, 0, 6, 13.60
1747808245, 3, 1080, 1176, 1147, 8, 8.45%, 310, 0, 6, 13.63
1747808250, 3, 1081, 1176, 1147, 8, 8.45%, 310, 0, 6, 13.97
1747808255, 3, 1083, 1176, 1147, 8, 8.45%, 310, 0, 6, 12.27
1747808261, 3, 1084, 1176, 1147, 8, 8.45%, 310, 0, 6, 10.87
1747808266, 3, 1085, 1176, 1147, 8, 8.45%, 310, 0, 6, 14.61
1747808271, 3, 1087, 1176, 1147, 8, 8.45%, 310, 0, 6, 15.32
1747808276, 3, 1088, 1176, 1147, 8, 8.45%, 310, 0, 6, 14.25
1747808281, 3, 1090, 1176, 1147, 8, 8.45%, 310, 0, 6, 13.62
1747808286, 3, 1092, 1176, 1147, 8, 8.45%, 310, 0, 6, 12.86
1747808291, 3, 1094, 1176, 1147, 8, 8.45%, 310, 0, 6, 14.00
1747808296, 3, 1095, 1176, 1147, 8, 8.45%, 310, 0, 6, 13.82
1747808301, 3, 1098, 1176, 1147, 8, 8.45%, 310, 0, 6, 14.92
1747808307, 3, 1100, 1176, 1147, 8, 8.45%, 310, 0, 6, 13.67
1747808312, 3, 1101, 1176, 1147, 8, 8.45%, 310, 0, 6, 6.10
1747808317, 3, 1103, 1176, 1147, 8, 8.45%, 310, 0, 6, 12.32
1747808322, 3, 1104, 1176, 1147, 8, 8.45%, 310, 0, 6, 15.01
1747808328, 3, 1107, 1176, 1147, 8, 8.45%, 310, 0, 6, 13.65
1747808333, 3, 1109, 1176, 1147, 8, 8.45%, 310, 0, 6, 14.21
1747808338, 3, 1110, 1176, 1147, 8, 8.45%, 310, 0, 6, 15.18
1747808343, 3, 1112, 1176, 1147, 8, 8.45%, 310, 0, 6, 14.53
1747808348, 3, 1113, 1176, 1147, 8, 8.45%, 310, 0, 6, 16.19
1747808353, 3, 1116, 1176, 1147, 8, 8.45%, 310, 0, 6, 14.74
1747808358, 3, 1117, 1176, 1147, 8, 8.45%, 310, 0, 6, 14.20
1747808363, 3, 1118, 1176, 1147, 8, 8.45%, 310, 0, 6, 15.09
1747808369, 3, 1121, 1176, 1147, 8, 8.45%, 310, 0, 6, 14.73
1747808374, 3, 1122, 1176, 1147, 8, 8.45%, 310, 0, 6, 13.10
1747808379, 3, 1124, 1176, 1147, 8, 8.45%, 310, 0, 6, 14.37
1747808384, 3, 1127, 1176, 1147, 8, 8.45%, 310, 0, 6, 14.34
1747808389, 3, 1128, 1176, 1147, 8, 8.45%, 310, 0, 6, 15.02
1747808395, 3, 1129, 1176, 1147, 8, 8.45%, 310, 0, 6, 13.52
1747808400, 3, 1130, 1176, 1147, 8, 8.45%, 310, 0, 6, 12.13
1747809054, 3, 1130, 1176, 1147, 8, 8.45%, 312, 0, 6, 3.04
1747809059, 3, 1130, 1176, 1147, 8, 8.45%, 313, 0, 6, 2.99
1747809376, 3, 1130, 1176, 1147, 8, 8.45%, 314, 0, 6, 3.00
1747809516, 3, 1130, 1176, 1147, 8, 8.45%, 315, 0, 6, 2.87
1747810112, 3, 1130, 1176, 1147, 8, 8.45%, 316, 0, 6, 3.37
1747810138, 3, 1131, 1176, 1146, 8, 8.45%, 316, 0, 6, 14.50
1747810143, 3, 1133, 1176, 1146, 8, 8.45%, 316, 0, 6, 14.63
1747810148, 3, 1135, 1176, 1146, 8, 8.45%, 316, 0, 6, 15.39
1747810153, 3, 1136, 1176, 1146, 8, 8.45%, 316, 0, 6, 17.00
1747810159, 3, 1139, 1176, 1146, 8, 8.45%, 316, 0, 6, 17.72
1747810164, 3, 1141, 1176, 1146, 8, 8.45%, 316, 0, 6, 15.61
1747810169, 3, 1142, 1176, 1146, 8, 8.45%, 316, 0, 6, 14.67
1747810174, 3, 1144, 1176, 1146, 8, 8.45%, 316, 0, 6, 15.00
1747810179, 3, 1147, 1176, 1146, 8, 8.45%, 316, 0, 6, 13.25
1747810185, 3, 1148, 1176, 1146, 8, 8.45%, 316, 0, 6, 12.89
1747810190, 3, 1149, 1176, 1146, 8, 8.45%, 316, 0, 6, 12.62
1747810195, 3, 1152, 1176, 1146, 8, 8.45%, 316, 0, 6, 14.68
1747810200, 3, 1153, 1176, 1146, 8, 8.45%, 316, 0, 6, 15.00
1747810205, 3, 1155, 1176, 1146, 8, 8.45%, 316, 0, 6, 13.28
1747810210, 3, 1157, 1176, 1146, 8, 8.45%, 316, 0, 6, 14.09
1747810215, 3, 1158, 1176, 1146, 8, 8.45%, 316, 0, 6, 15.03
1747810220, 3, 1160, 1176, 1146, 8, 8.45%, 316, 0, 6, 14.57
1747810225, 3, 1162, 1176, 1146, 8, 8.45%, 316, 0, 6, 11.64
1747810395, 3, 1162, 1176, 1146, 8, 8.45%, 317, 0, 6, 3.10
1747810406, 3, 1162, 1177, 1147, 8, 8.45%, 317, 0, 7, 3.00
1747810482, 3, 1162, 1177, 1147, 8, 8.45%, 318, 0, 7, 3.10
1747810488, 3, 1162, 1177, 1147, 8, 8.45%, 319, 0, 7, 3.06
1747810514, 3, 1162, 1177, 1147, 8, 8.45%, 320, 0, 7, 6.19
1747810539, 3, 1162, 1177, 1147, 8, 8.45%, 321, 0, 7, 13.79
1747811022, 3, 1162, 1177, 1147, 8, 8.45%, 323, 0, 7, 2.91
1747811433, 3, 1162, 1177, 1147, 8, 8.45%, 324, 0, 7, 2.95
1747811868, 3, 1162, 1177, 1147, 8, 8.45%, 325, 0, 7, 3.05
1747811919, 3, 1162, 1177, 1147, 8, 8.45%, 326, 0, 7, 2.87
1747812219, 3, 1162, 1177, 1147, 8, 8.45%, 327, 0, 7, 5.12
1747812224, 3, 1162, 1177, 1147, 8, 8.45%, 328, 0, 7, 5.08
1747812245, 3, 1162, 1177, 1147, 8, 8.45%, 329, 0, 7, 4.96
1747812327, 3, 1162, 1178, 1148, 8, 8.45%, 329, 0, 7, 5.35
1747812332, 3, 1162, 1178, 1148, 8, 8.45%, 330, 0, 7, 5.23
1747812373, 3, 1163, 1179, 1148, 6, 8.45%, 330, 0, 7, 22.29
1747812378, 3, 1166, 1179, 1148, 6, 8.45%, 330, 0, 7, 23.99
1747812383, 3, 1168, 1179, 1148, 6, 8.45%, 330, 0, 7, 3.22
1747812445, 3, 1168, 1181, 1150, 6, 8.45%, 330, 0, 7, 4.79
1747812450, 3, 1168, 1182, 1151, 6, 8.45%, 330, 0, 7, 3.68
1747812460, 3, 1168, 1184, 1153, 6, 8.45%, 330, 0, 7, 4.36
1747812465, 3, 1168, 1185, 1154, 6, 8.45%, 330, 0, 7, 3.60
1747812471, 3, 1168, 1186, 1155, 6, 8.45%, 330, 0, 7, 3.27
1747812476, 3, 1168, 1187, 1156, 6, 8.45%, 330, 0, 7, 3.52
1747812486, 3, 1168, 1188, 1157, 6, 8.45%, 330, 0, 7, 3.57
1747812497, 3, 1168, 1189, 1158, 6, 8.45%, 330, 0, 7, 3.75
1747812502, 3, 1168, 1190, 1159, 6, 8.45%, 330, 0, 7, 3.93
1747812507, 3, 1168, 1191, 1160, 6, 8.45%, 330, 0, 7, 3.47
1747812533, 3, 1168, 1192, 1161, 6, 8.45%, 330, 0, 7, 3.33
1747812538, 3, 1168, 1193, 1162, 6, 8.45%, 330, 0, 7, 3.48
1747812548, 3, 1168, 1194, 1163, 6, 8.45%, 330, 0, 7, 3.44
1747812559, 3, 1168, 1195, 1164, 6, 8.45%, 330, 0, 7, 3.37
1747812564, 3, 1168, 1196, 1165, 6, 8.45%, 330, 0, 7, 3.24
1747812574, 3, 1168, 1197, 1166, 6, 8.45%, 330, 0, 7, 3.29
1747812584, 3, 1168, 1198, 1167, 6, 8.45%, 330, 0, 7, 3.99
1747812600, 3, 1168, 1199, 1168, 6, 8.45%, 330, 0, 7, 3.24
1747812621, 3, 1168, 1200, 1169, 6, 8.45%, 330, 0, 7, 3.48
1747812636, 3, 1168, 1201, 1170, 6, 8.45%, 330, 0, 7, 3.64
1747812693, 3, 1168, 1202, 1171, 6, 8.45%, 330, 0, 7, 3.35
1747812724, 3, 1168, 1203, 1172, 6, 8.45%, 330, 0, 7, 3.33
1747812859, 3, 1168, 1204, 1173, 6, 8.45%, 330, 0, 7, 3.98
1747812900, 3, 1168, 1205, 1174, 6, 8.45%, 330, 0, 7, 3.50
1747813024, 3, 1168, 1206, 1175, 6, 8.45%, 330, 0, 7, 3.40
1747813034, 3, 1168, 1207, 1176, 6, 8.45%, 330, 0, 7, 3.28
1747813096, 3, 1168, 1208, 1177, 6, 8.45%, 330, 0, 7, 3.14
1747813133, 3, 1168, 1210, 1179, 6, 8.45%, 330, 0, 7, 3.20
1747813169, 3, 1168, 1211, 1180, 6, 8.45%, 330, 0, 7, 3.14
1747813452, 3, 1168, 1212, 1181, 6, 8.45%, 330, 0, 7, 2.64
1747813557, 3, 1168, 1213, 1182, 6, 8.45%, 330, 0, 7, 2.11
1747814095, 3, 1168, 1214, 1183, 6, 8.45%, 330, 0, 7, 2.00
1747814475, 3, 1168, 1215, 1184, 6, 8.45%, 330, 0, 7, 1.87
1747814589, 3, 1168, 1216, 1185, 6, 8.45%, 330, 0, 7, 1.79
1747814909, 3, 1168, 1217, 1186, 6, 8.45%, 330, 0, 7, 3.91
1747814919, 3, 1168, 1218, 1187, 6, 8.45%, 330, 0, 7, 2.87
1747814925, 3, 1168, 1219, 1188, 6, 8.45%, 330, 0, 7, 2.42
1747815167, 3, 1168, 1220, 1189, 6, 8.45%, 330, 0, 7, 3.25
1747815674, 3, 1168, 1221, 1190, 6, 8.45%, 330, 0, 7, 3.01
1747815772, 3, 1168, 1222, 1191, 6, 8.45%, 330, 0, 7, 3.73
1747815940, 3, 1168, 1223, 1192, 6, 8.45%, 330, 0, 7, 2.37
1747815951, 3, 1168, 1224, 1193, 6, 8.45%, 330, 0, 7, 2.20
1747815983, 3, 1168, 1225, 1194, 6, 8.45%, 330, 0, 7, 2.54
1747815988, 3, 1168, 1226, 1195, 6, 8.45%, 330, 0, 7, 2.41
1747816025, 3, 1168, 1227, 1196, 6, 8.45%, 330, 0, 7, 2.19
1747816030, 3, 1168, 1228, 1197, 6, 8.45%, 330, 0, 7, 2.19
1747816035, 3, 1168, 1229, 1198, 6, 8.45%, 330, 0, 7, 2.15
1747816147, 3, 1168, 1230, 1199, 6, 8.45%, 330, 0, 7, 4.42
1747816241, 3, 1168, 1231, 1200, 6, 8.45%, 330, 0, 7, 1.81
1747816267, 3, 1168, 1232, 1201, 6, 8.45%, 330, 0, 7, 1.72
1747817051, 3, 1168, 1233, 1202, 6, 8.45%, 330, 0, 7, 1.91
