# unix_time, cycles_done, cur_path, paths_total, pending_total, pending_favs, map_size, unique_crashes, unique_hangs, max_depth, execs_per_sec
1747817486, 0, 0, 1, 1, 1, 3.78%, 0, 0, 1, 56.34
1747817491, 0, 0, 21, 21, 1, 4.87%, 0, 0, 2, 54.03
1747817496, 0, 0, 39, 39, 1, 4.91%, 0, 0, 2, 51.62
1747817501, 0, 0, 54, 54, 1, 4.93%, 0, 0, 2, 49.82
1747817506, 0, 0, 68, 68, 1, 4.93%, 0, 0, 2, 50.36
1747817511, 0, 0, 80, 80, 1, 4.94%, 0, 0, 2, 49.94
1747817516, 0, 0, 93, 93, 1, 4.95%, 0, 0, 2, 48.48
1747817521, 0, 0, 103, 103, 1, 4.95%, 0, 0, 2, 50.45
1747817527, 0, 0, 114, 114, 1, 4.95%, 0, 0, 2, 49.06
1747817532, 0, 0, 124, 124, 1, 4.95%, 0, 0, 2, 49.18
1747817537, 0, 0, 130, 130, 1, 4.95%, 0, 0, 2, 51.17
1747817542, 0, 0, 137, 137, 1, 4.95%, 0, 0, 2, 52.05
1747817547, 0, 0, 144, 144, 1, 4.95%, 0, 0, 2, 50.44
1747817552, 0, 0, 149, 149, 1, 4.95%, 0, 0, 2, 52.44
1747817557, 0, 0, 156, 156, 1, 4.95%, 0, 0, 2, 52.23
1747817562, 0, 0, 161, 161, 1, 4.95%, 0, 0, 2, 52.39
1747817567, 0, 0, 166, 166, 1, 4.99%, 0, 0, 2, 51.51
1747817572, 0, 0, 168, 168, 1, 4.99%, 0, 0, 2, 53.14
1747817577, 0, 0, 170, 170, 1, 4.99%, 0, 0, 2, 54.18
1747817582, 0, 0, 176, 176, 1, 4.99%, 0, 0, 2, 52.42
1747817587, 0, 0, 178, 178, 1, 4.99%, 0, 0, 2, 53.03
1747817592, 0, 0, 183, 183, 1, 4.99%, 0, 0, 2, 53.14
1747817597, 0, 0, 189, 189, 1, 4.99%, 0, 0, 2, 51.31
1747817603, 0, 0, 192, 192, 1, 4.99%, 0, 0, 2, 53.52
1747817608, 0, 0, 195, 195, 1, 4.99%, 0, 0, 2, 53.77
1747817613, 0, 0, 196, 196, 1, 4.99%, 0, 0, 2, 54.77
1747817618, 0, 0, 198, 198, 1, 4.99%, 0, 0, 2, 53.47
1747817623, 0, 0, 199, 199, 1, 4.99%, 0, 0, 2, 55.15
1747817628, 0, 0, 203, 203, 1, 4.99%, 0, 0, 2, 53.64
1747817633, 0, 0, 209, 209, 1, 4.99%, 0, 0, 2, 50.98
1747817638, 0, 0, 211, 211, 1, 4.99%, 0, 0, 2, 53.46
1747817643, 0, 0, 212, 212, 1, 4.99%, 0, 0, 2, 54.23
1747817648, 0, 0, 214, 214, 1, 4.99%, 0, 0, 2, 53.52
1747817653, 0, 0, 215, 215, 1, 4.99%, 0, 0, 2, 54.08
1747817664, 0, 0, 218, 218, 1, 4.99%, 0, 0, 2, 53.59
1747817669, 0, 0, 220, 220, 1, 4.99%, 0, 0, 2, 54.31
1747817674, 0, 0, 223, 223, 1, 4.99%, 0, 0, 2, 52.75
1747817684, 0, 0, 224, 224, 1, 4.99%, 0, 0, 2, 54.54
1747817689, 0, 0, 225, 225, 1, 4.99%, 0, 0, 2, 54.35
1747817694, 0, 0, 227, 227, 1, 4.99%, 0, 0, 2, 53.28
1747817699, 0, 0, 229, 229, 1, 4.99%, 0, 0, 2, 53.27
1747817704, 0, 0, 231, 231, 1, 4.99%, 0, 0, 2, 53.92
1747817709, 0, 0, 233, 233, 1, 4.99%, 0, 0, 2, 53.03
1747817719, 0, 0, 236, 236, 1, 4.99%, 0, 0, 2, 52.71
1747817724, 0, 0, 238, 238, 1, 4.99%, 0, 0, 2, 53.31
1747817744, 0, 0, 239, 239, 1, 4.99%, 0, 0, 2, 53.88
1747817755, 0, 0, 240, 240, 1, 4.99%, 0, 0, 2, 53.93
1747817770, 0, 0, 241, 241, 1, 4.99%, 0, 0, 2, 54.39
1747817775, 0, 0, 242, 242, 1, 4.99%, 0, 0, 2, 54.15
1747817785, 0, 0, 243, 243, 1, 4.99%, 0, 0, 2, 54.39
1747817795, 0, 0, 244, 244, 1, 4.99%, 0, 0, 2, 54.19
1747817816, 0, 0, 245, 245, 1, 4.99%, 0, 0, 2, 54.24
1747817821, 0, 0, 246, 246, 1, 4.99%, 0, 0, 2, 54.31
1747817826, 0, 0, 247, 247, 1, 4.99%, 0, 0, 2, 54.22
1747817836, 0, 1, 258, 257, 12, 4.99%, 0, 0, 2, 40.30
1747817841, 0, 1, 273, 272, 12, 5.02%, 0, 0, 2, 32.72
1747817846, 0, 1, 284, 283, 12, 5.02%, 0, 0, 2, 31.24
1747817851, 0, 1, 296, 295, 12, 5.03%, 0, 0, 2, 31.39
1747817856, 0, 1, 305, 304, 12, 5.04%, 0, 0, 2, 31.20
1747817862, 0, 1, 311, 310, 12, 5.05%, 0, 0, 2, 31.63
1747817867, 0, 1, 318, 317, 12, 5.06%, 0, 0, 2, 31.82
1747817872, 0, 1, 325, 324, 12, 5.06%, 0, 0, 2, 31.72
1747817877, 0, 1, 328, 327, 12, 5.06%, 0, 0, 2, 32.34
1747817882, 0, 1, 333, 332, 12, 5.06%, 0, 0, 2, 31.87
1747817887, 0, 1, 336, 335, 12, 5.06%, 0, 0, 2, 31.74
1747817892, 0, 1, 339, 338, 12, 5.07%, 0, 0, 2, 31.92
1747817897, 0, 1, 343, 342, 12, 5.07%, 0, 0, 2, 31.69
1747817902, 0, 1, 345, 344, 12, 5.07%, 0, 0, 2, 32.36
1747817908, 0, 1, 347, 346, 12, 5.07%, 0, 0, 2, 32.48
1747817913, 0, 1, 351, 350, 12, 5.07%, 0, 0, 2, 31.62
1747817918, 0, 1, 353, 352, 12, 5.07%, 0, 0, 2, 32.22
1747817923, 0, 1, 356, 355, 12, 5.07%, 0, 0, 2, 32.01
1747817928, 0, 1, 359, 358, 12, 5.07%, 0, 0, 2, 31.96
1747817933, 0, 1, 362, 361, 12, 5.07%, 0, 0, 2, 32.11
1747817938, 0, 1, 365, 364, 12, 5.08%, 0, 0, 2, 31.96
1747817944, 0, 1, 367, 366, 12, 5.08%, 0, 0, 2, 32.24
1747817949, 0, 1, 369, 368, 12, 5.08%, 0, 0, 2, 32.27
1747817954, 0, 1, 372, 371, 12, 5.08%, 0, 0, 2, 31.68
1747817959, 0, 1, 376, 375, 12, 5.08%, 0, 0, 2, 31.47
1747817964, 0, 1, 377, 376, 12, 5.08%, 0, 0, 2, 32.38
1747817969, 0, 1, 378, 377, 12, 5.08%, 0, 0, 2, 32.50
1747817975, 0, 1, 379, 378, 12, 5.08%, 0, 0, 2, 32.40
1747817980, 0, 1, 380, 379, 12, 5.08%, 0, 0, 2, 32.28
1747817985, 0, 1, 381, 380, 12, 5.08%, 0, 0, 2, 32.73
1747817995, 0, 2, 384, 383, 13, 5.08%, 0, 0, 2, 31.40
1747818000, 0, 2, 396, 395, 13, 5.08%, 0, 0, 2, 26.34
1747818005, 0, 2, 403, 402, 13, 5.08%, 0, 0, 2, 25.68
1747818010, 0, 2, 411, 410, 13, 5.08%, 0, 0, 2, 25.99
1747818016, 0, 2, 418, 417, 13, 5.08%, 0, 0, 2, 25.09
1747818021, 0, 2, 423, 422, 13, 5.08%, 0, 0, 2, 25.71
1747818026, 0, 2, 430, 429, 13, 5.08%, 0, 0, 2, 25.81
1747818031, 0, 2, 436, 435, 13, 5.08%, 0, 0, 2, 26.11
1747818036, 0, 2, 442, 441, 13, 5.08%, 0, 0, 2, 25.88
1747818041, 0, 2, 444, 443, 13, 5.08%, 0, 0, 2, 25.93
1747818046, 0, 2, 448, 447, 13, 5.08%, 0, 0, 2, 25.99
1747818051, 0, 2, 451, 450, 13, 5.08%, 0, 0, 2, 25.65
1747818057, 0, 2, 452, 451, 13, 5.08%, 0, 0, 2, 26.34
1747818062, 0, 2, 454, 453, 13, 5.08%, 0, 0, 2, 26.12
1747818067, 0, 2, 457, 456, 13, 5.08%, 0, 0, 2, 25.79
1747818072, 0, 2, 459, 458, 13, 5.09%, 0, 0, 2, 26.09
1747818077, 0, 2, 462, 461, 13, 5.09%, 0, 0, 2, 25.84
1747818082, 0, 2, 463, 462, 13, 5.09%, 0, 0, 2, 26.33
1747818088, 0, 2, 466, 465, 13, 5.09%, 0, 0, 2, 25.90
1747818093, 0, 2, 470, 469, 13, 5.09%, 0, 0, 2, 25.74
1747818098, 0, 2, 474, 473, 13, 5.09%, 0, 0, 2, 25.51
1747818103, 0, 2, 476, 475, 13, 5.09%, 0, 0, 2, 25.87
1747818113, 0, 2, 477, 476, 13, 5.09%, 0, 0, 2, 26.36
1747818119, 0, 2, 479, 478, 13, 5.09%, 0, 0, 2, 26.18
1747818124, 0, 2, 481, 480, 13, 5.09%, 0, 0, 2, 26.12
1747818129, 0, 2, 482, 481, 13, 5.09%, 0, 0, 2, 26.13
1747818134, 0, 2, 484, 483, 13, 5.09%, 0, 0, 2, 26.05
1747818139, 0, 2, 485, 484, 13, 5.09%, 0, 0, 2, 26.14
1747818155, 0, 2, 487, 486, 13, 5.09%, 0, 0, 2, 26.22
1747818160, 0, 2, 488, 487, 13, 5.09%, 0, 0, 2, 25.93
1747818170, 0, 2, 489, 488, 13, 5.09%, 0, 0, 2, 26.39
1747818175, 0, 2, 491, 490, 13, 5.09%, 0, 0, 2, 26.23
1747818186, 0, 2, 493, 492, 13, 5.09%, 0, 0, 2, 26.21
1747818191, 0, 3, 503, 502, 15, 5.18%, 0, 0, 2, 22.22
1747818196, 0, 3, 513, 512, 15, 5.96%, 0, 0, 2, 20.59
1747818201, 0, 3, 524, 523, 15, 6.05%, 0, 0, 2, 20.74
1747818206, 0, 3, 533, 532, 15, 6.06%, 0, 0, 2, 20.36
1747818211, 0, 3, 540, 539, 15, 6.06%, 0, 0, 2, 20.66
1747818216, 0, 3, 547, 546, 15, 6.06%, 0, 0, 2, 20.36
1747818221, 0, 3, 557, 556, 15, 6.06%, 0, 0, 2, 20.42
1747818226, 0, 3, 564, 563, 15, 6.06%, 0, 0, 2, 20.75
1747818232, 0, 3, 570, 569, 15, 6.06%, 0, 0, 2, 20.84
1747818237, 0, 3, 577, 576, 15, 6.07%, 0, 0, 2, 20.62
1747818242, 0, 3, 584, 583, 15, 6.07%, 0, 0, 2, 20.13
1747818247, 0, 3, 590, 589, 15, 6.07%, 0, 0, 2, 20.34
1747818252, 0, 3, 595, 594, 15, 6.07%, 0, 0, 2, 20.47
1747818257, 0, 3, 599, 598, 15, 6.07%, 0, 0, 2, 20.34
1747818262, 0, 3, 601, 600, 15, 6.07%, 0, 0, 2, 20.61
1747818267, 0, 3, 609, 608, 15, 6.07%, 0, 0, 2, 20.26
1747818273, 0, 3, 613, 612, 15, 6.07%, 0, 0, 2, 20.62
1747818278, 0, 3, 618, 617, 15, 6.07%, 0, 0, 2, 20.46
1747818283, 0, 3, 620, 619, 15, 6.08%, 0, 0, 2, 19.97
1747818293, 0, 3, 621, 620, 15, 6.08%, 0, 0, 2, 34.19
1747818298, 0, 3, 625, 624, 15, 6.08%, 0, 0, 2, 35.13
1747818303, 0, 3, 629, 628, 15, 6.08%, 0, 0, 2, 35.50
1747818308, 0, 3, 631, 630, 15, 6.08%, 0, 0, 2, 35.60
1747818313, 0, 3, 633, 632, 15, 6.08%, 0, 0, 2, 35.49
1747818319, 0, 3, 636, 635, 15, 6.08%, 0, 0, 2, 35.54
1747818324, 0, 3, 639, 638, 15, 6.08%, 0, 0, 2, 35.32
1747818329, 0, 3, 642, 641, 15, 6.08%, 0, 0, 2, 35.50
1747818334, 0, 3, 645, 644, 15, 6.08%, 0, 0, 2, 35.23
1747818344, 0, 3, 647, 646, 15, 6.08%, 0, 0, 2, 35.61
1747818365, 0, 3, 649, 648, 15, 6.08%, 0, 0, 2, 35.83
1747818370, 0, 3, 656, 655, 15, 6.08%, 0, 0, 2, 34.94
1747818375, 0, 3, 661, 660, 15, 6.08%, 0, 0, 2, 35.03
1747818380, 0, 3, 663, 662, 15, 6.08%, 0, 0, 2, 35.37
1747818385, 0, 4, 667, 666, 15, 6.08%, 0, 0, 2, 32.96
1747818390, 0, 4, 671, 670, 15, 6.08%, 0, 0, 2, 31.73
1747818395, 0, 4, 674, 673, 15, 6.08%, 0, 0, 2, 25.31
1747818400, 0, 4, 676, 675, 15, 6.08%, 0, 0, 2, 20.43
1747818405, 0, 4, 679, 678, 15, 6.08%, 0, 0, 2, 19.66
1747818410, 0, 4, 682, 681, 15, 6.08%, 0, 0, 2, 19.32
1747818415, 0, 4, 684, 683, 15, 6.08%, 0, 0, 2, 18.81
1747818421, 0, 4, 686, 685, 15, 6.08%, 0, 0, 2, 19.10
1747818426, 0, 4, 688, 687, 15, 6.08%, 0, 0, 2, 19.07
1747818431, 0, 4, 691, 690, 15, 6.08%, 0, 0, 2, 19.05
1747818436, 0, 4, 693, 692, 15, 6.08%, 0, 0, 2, 18.95
1747818441, 0, 4, 694, 693, 15, 6.08%, 0, 0, 2, 19.07
1747818446, 0, 4, 695, 694, 15, 6.08%, 0, 0, 2, 18.91
1747818451, 0, 4, 697, 696, 15, 6.08%, 0, 0, 2, 18.81
1747818456, 0, 4, 698, 697, 15, 6.08%, 0, 0, 2, 19.39
1747818472, 0, 4, 699, 698, 15, 6.08%, 0, 0, 2, 19.40
1747818477, 0, 4, 701, 700, 15, 6.08%, 0, 0, 2, 19.56
1747818487, 0, 4, 703, 702, 15, 6.08%, 0, 0, 2, 19.17
1747818497, 0, 4, 705, 704, 15, 6.08%, 0, 0, 2, 18.96
1747818502, 0, 4, 706, 705, 15, 6.09%, 0, 0, 2, 19.13
1747818507, 0, 4, 707, 706, 15, 6.10%, 0, 0, 2, 19.19
1747818533, 0, 4, 708, 707, 15, 6.11%, 0, 0, 2, 19.09
1747818538, 0, 4, 709, 708, 15, 6.11%, 0, 0, 2, 19.00
1747818543, 0, 4, 710, 709, 15, 6.11%, 0, 0, 2, 18.99
1747818548, 0, 4, 711, 710, 15, 6.11%, 0, 0, 2, 19.16
1747818553, 0, 4, 712, 711, 15, 6.11%, 0, 0, 2, 19.23
1747818568, 0, 4, 714, 713, 15, 6.11%, 0, 0, 2, 19.11
1747818574, 0, 4, 715, 714, 15, 6.11%, 0, 0, 2, 19.26
1747818579, 0, 4, 716, 715, 15, 6.11%, 0, 0, 2, 19.14
1747818584, 0, 4, 717, 716, 15, 6.11%, 0, 0, 2, 19.12
1747818589, 0, 4, 718, 717, 15, 6.11%, 0, 0, 2, 19.00
1747818609, 0, 4, 719, 718, 15, 6.11%, 0, 0, 2, 18.86
1747818614, 0, 5, 721, 720, 14, 6.17%, 0, 0, 2, 18.73
1747818619, 0, 5, 724, 723, 14, 6.17%, 0, 0, 2, 18.45
1747818625, 0, 5, 727, 726, 14, 6.17%, 0, 0, 2, 18.40
1747818630, 0, 5, 729, 728, 14, 6.17%, 0, 0, 2, 18.37
1747818635, 0, 5, 730, 729, 14, 6.17%, 0, 0, 2, 18.56
1747818640, 0, 5, 732, 731, 14, 6.17%, 0, 0, 2, 18.66
1747818645, 0, 5, 733, 732, 14, 6.17%, 0, 0, 2, 18.65
1747818661, 0, 5, 735, 734, 14, 6.20%, 0, 0, 2, 18.77
1747818666, 0, 5, 736, 735, 14, 6.20%, 0, 0, 2, 18.85
1747818671, 0, 5, 738, 737, 14, 6.20%, 0, 0, 2, 18.43
1747818676, 0, 5, 741, 740, 14, 6.20%, 0, 0, 2, 18.21
1747818681, 0, 5, 743, 742, 14, 6.20%, 0, 0, 2, 18.10
1747818686, 0, 5, 744, 743, 14, 6.20%, 0, 0, 2, 18.49
1747818691, 0, 5, 745, 744, 14, 6.20%, 0, 0, 2, 18.66
1747818697, 0, 5, 746, 745, 14, 6.20%, 0, 0, 2, 18.57
1747818707, 0, 5, 747, 746, 14, 6.20%, 0, 0, 2, 18.90
1747818712, 0, 5, 749, 748, 14, 6.20%, 0, 0, 2, 18.73
1747818717, 0, 5, 750, 749, 14, 6.20%, 0, 0, 2, 18.56
1747818733, 0, 5, 751, 750, 14, 6.20%, 0, 0, 2, 18.90
1747818753, 0, 5, 752, 751, 14, 6.20%, 0, 0, 2, 18.57
1747818763, 0, 5, 753, 752, 14, 6.20%, 0, 0, 2, 18.64
1747818784, 0, 5, 754, 753, 14, 6.20%, 0, 0, 2, 18.60
1747818805, 0, 5, 755, 754, 14, 6.20%, 0, 0, 2, 18.61
1747818820, 0, 5, 756, 755, 14, 6.20%, 0, 0, 2, 18.61
1747818845, 0, 5, 757, 756, 14, 6.20%, 0, 0, 2, 18.67
1747818851, 0, 7, 758, 757, 10, 6.20%, 0, 0, 2, 18.54
1747818856, 0, 7, 760, 759, 10, 6.20%, 0, 0, 2, 18.28
1747818861, 0, 7, 761, 760, 10, 6.20%, 0, 0, 2, 18.40
1747818876, 0, 7, 762, 761, 10, 6.20%, 0, 0, 2, 18.66
1747818891, 0, 7, 764, 763, 10, 6.20%, 0, 0, 2, 18.68
1747818897, 0, 7, 765, 764, 10, 6.20%, 0, 0, 2, 18.19
1747818902, 0, 7, 767, 766, 10, 6.20%, 0, 0, 2, 18.17
1747818932, 0, 7, 768, 767, 10, 6.20%, 0, 0, 2, 18.20
1747818947, 0, 7, 769, 768, 10, 6.20%, 0, 0, 2, 18.10
1747818963, 0, 7, 770, 769, 10, 6.20%, 0, 0, 2, 18.11
1747818978, 0, 7, 771, 770, 10, 6.20%, 0, 0, 2, 17.99
1747819004, 0, 7, 772, 771, 10, 6.20%, 0, 0, 2, 18.51
1747819009, 0, 7, 773, 772, 10, 6.20%, 0, 0, 2, 18.07
1747819019, 0, 7, 774, 773, 10, 6.20%, 0, 0, 2, 18.33
1747819059, 0, 7, 775, 774, 10, 6.20%, 0, 0, 2, 18.24
1747819080, 0, 7, 776, 775, 10, 6.20%, 0, 0, 2, 18.06
1747819085, 0, 8, 779, 778, 11, 6.20%, 0, 0, 2, 17.83
1747819090, 0, 8, 780, 779, 11, 6.20%, 0, 0, 2, 17.63
1747819100, 0, 8, 781, 780, 11, 6.20%, 0, 0, 2, 17.84
1747819110, 0, 8, 782, 781, 11, 6.20%, 0, 0, 2, 18.05
1747819116, 0, 8, 783, 782, 11, 6.20%, 0, 0, 2, 17.98
1747819121, 0, 8, 785, 784, 11, 6.20%, 0, 0, 2, 17.74
1747819136, 0, 8, 786, 785, 11, 6.20%, 0, 0, 2, 17.57
1747819141, 0, 8, 787, 786, 11, 6.20%, 0, 0, 2, 17.34
1747819146, 0, 8, 788, 787, 11, 6.20%, 0, 0, 2, 17.34
1747819156, 0, 8, 789, 788, 11, 6.20%, 0, 0, 2, 17.72
1747819162, 0, 8, 790, 789, 11, 6.20%, 0, 0, 2, 17.73
1747819177, 0, 8, 791, 790, 11, 6.20%, 0, 0, 2, 17.83
1747819208, 0, 8, 792, 791, 11, 6.20%, 0, 0, 2, 17.84
1747819321, 0, 9, 794, 793, 11, 6.20%, 0, 0, 2, 17.78
1747819327, 0, 9, 795, 794, 11, 6.20%, 0, 0, 2, 17.83
1747819352, 0, 10, 795, 794, 11, 6.20%, 0, 0, 2, 18.58
1747819357, 0, 11, 795, 794, 11, 6.20%, 0, 0, 2, 18.78
1747819363, 0, 12, 795, 794, 11, 6.20%, 0, 0, 2, 18.81
1747819373, 0, 13, 795, 794, 11, 6.20%, 0, 0, 2, 18.71
1747819378, 0, 14, 795, 794, 11, 6.20%, 0, 0, 2, 18.33
1747819383, 0, 14, 796, 795, 11, 6.20%, 0, 0, 2, 17.51
1747819388, 0, 14, 798, 797, 11, 6.24%, 0, 0, 2, 17.13
1747819404, 0, 14, 800, 799, 11, 6.24%, 0, 0, 2, 17.41
1747819424, 0, 14, 801, 800, 11, 6.24%, 0, 0, 2, 17.55
1747819471, 0, 14, 803, 802, 11, 6.24%, 0, 0, 2, 17.14
1747819491, 0, 14, 804, 803, 11, 6.24%, 0, 0, 2, 17.33
1747819522, 0, 14, 805, 804, 11, 6.24%, 0, 0, 2, 17.48
1747819543, 0, 14, 806, 805, 11, 6.24%, 0, 0, 2, 17.27
1747819558, 0, 14, 807, 806, 11, 6.24%, 0, 0, 2, 17.59
1747819599, 0, 14, 808, 807, 11, 6.25%, 0, 0, 2, 17.51
1747819615, 0, 15, 808, 807, 11, 6.25%, 0, 0, 2, 17.69
1747819625, 0, 16, 808, 807, 11, 6.25%, 0, 0, 2, 18.56
1747819630, 0, 17, 808, 807, 11, 6.25%, 0, 0, 2, 18.68
1747819635, 0, 17, 809, 808, 11, 6.25%, 0, 0, 2, 18.28
1747819645, 0, 18, 810, 809, 11, 6.25%, 0, 0, 2, 17.71
1747819650, 0, 18, 811, 810, 11, 6.25%, 0, 0, 2, 17.34
1747819660, 0, 18, 812, 811, 11, 6.25%, 0, 0, 2, 17.30
1747819665, 0, 18, 814, 813, 11, 6.25%, 0, 0, 2, 17.35
1747819676, 0, 18, 815, 814, 11, 6.25%, 0, 0, 2, 17.52
1747819681, 0, 18, 816, 815, 11, 6.25%, 0, 0, 2, 17.42
1747819722, 0, 18, 817, 816, 11, 6.25%, 0, 0, 2, 17.54
1747819727, 0, 18, 820, 819, 11, 6.25%, 0, 0, 2, 16.98
1747819768, 0, 18, 821, 820, 11, 6.25%, 0, 0, 2, 17.34
1747819773, 0, 18, 822, 821, 11, 6.25%, 0, 0, 2, 17.46
1747819803, 0, 18, 823, 822, 11, 6.25%, 0, 0, 2, 17.20
1747819814, 0, 18, 824, 823, 11, 6.37%, 0, 0, 2, 17.37
1747819824, 0, 18, 825, 824, 11, 6.37%, 0, 0, 2, 17.59
1747819885, 0, 19, 825, 824, 12, 6.37%, 0, 0, 2, 17.76
1747819895, 0, 19, 827, 826, 12, 6.38%, 0, 0, 2, 17.40
1747819900, 0, 19, 828, 827, 12, 6.38%, 0, 0, 2, 17.45
1747819916, 0, 19, 829, 828, 12, 6.39%, 0, 0, 2, 17.19
1747819926, 0, 19, 830, 829, 12, 6.39%, 0, 0, 2, 17.57
1747819936, 0, 19, 831, 830, 12, 6.39%, 0, 0, 2, 17.53
1747819946, 0, 19, 833, 832, 12, 6.39%, 0, 0, 2, 17.24
1747819952, 0, 19, 834, 833, 12, 6.39%, 0, 0, 2, 17.41
1747819967, 0, 19, 835, 834, 12, 6.39%, 0, 0, 2, 17.48
1747819982, 0, 19, 836, 835, 12, 6.39%, 0, 0, 2, 17.38
1747820003, 0, 19, 837, 836, 12, 6.41%, 0, 0, 2, 17.21
1747820008, 0, 19, 838, 837, 12, 6.41%, 0, 0, 2, 17.46
1747820059, 0, 19, 839, 838, 12, 6.41%, 0, 0, 2, 17.61
1747820069, 0, 19, 840, 839, 12, 6.41%, 0, 0, 2, 17.34
1747820084, 0, 19, 841, 840, 12, 6.41%, 0, 0, 2, 17.56
1747820130, 0, 21, 842, 841, 14, 6.41%, 0, 0, 2, 17.43
1747820135, 0, 21, 843, 842, 14, 6.41%, 0, 0, 2, 17.26
1747820140, 0, 21, 844, 843, 14, 6.41%, 0, 0, 2, 16.97
1747820146, 0, 21, 845, 844, 14, 6.41%, 0, 0, 2, 17.07
1747820151, 0, 21, 848, 847, 14, 6.41%, 0, 0, 2, 16.57
1747820156, 0, 21, 849, 848, 14, 6.41%, 0, 0, 2, 16.95
1747820166, 0, 21, 850, 849, 14, 6.41%, 0, 0, 2, 16.78
1747820171, 0, 21, 853, 852, 14, 6.41%, 0, 0, 2, 16.00
1747820192, 0, 21, 854, 853, 14, 6.41%, 0, 0, 2, 16.92
1747820202, 0, 21, 855, 854, 14, 6.41%, 0, 0, 2, 16.89
1747820212, 0, 21, 856, 855, 14, 6.41%, 0, 0, 2, 16.76
1747820233, 0, 21, 857, 856, 14, 6.42%, 0, 0, 2, 16.89
1747820300, 0, 21, 858, 857, 14, 6.42%, 0, 0, 2, 17.09
1747820346, 0, 21, 859, 858, 14, 6.42%, 0, 0, 2, 16.99
1747820371, 0, 21, 860, 859, 14, 6.43%, 0, 0, 2, 17.06
1747820376, 0, 22, 860, 859, 16, 6.43%, 0, 0, 2, 17.00
1747820381, 0, 22, 861, 860, 16, 6.43%, 0, 0, 2, 16.55
1747820387, 0, 22, 863, 862, 16, 6.43%, 0, 0, 2, 15.96
1747820392, 0, 22, 866, 865, 16, 6.43%, 0, 0, 2, 15.99
1747820397, 0, 22, 868, 867, 16, 6.43%, 0, 0, 2, 16.37
1747820402, 0, 22, 869, 868, 16, 6.43%, 0, 0, 2, 16.55
1747820407, 0, 22, 871, 870, 16, 6.43%, 0, 0, 2, 16.30
1747820427, 0, 22, 872, 871, 16, 6.45%, 0, 0, 2, 16.17
1747820433, 0, 22, 873, 872, 16, 6.45%, 0, 0, 2, 16.76
1747820443, 0, 22, 874, 873, 16, 6.45%, 0, 0, 2, 16.57
1747820463, 0, 22, 876, 875, 16, 6.45%, 0, 0, 2, 16.09
1747820494, 0, 22, 877, 876, 16, 6.45%, 0, 0, 2, 17.03
1747820504, 0, 22, 878, 877, 16, 6.45%, 0, 0, 2, 16.84
1747820525, 0, 22, 879, 878, 16, 6.45%, 0, 0, 2, 16.73
1747820540, 0, 22, 880, 879, 16, 6.45%, 0, 0, 2, 16.50
1747820550, 0, 22, 881, 880, 16, 6.45%, 0, 0, 2, 16.79
1747820570, 0, 22, 882, 881, 16, 6.45%, 0, 0, 2, 16.73
1747820601, 0, 22, 884, 883, 16, 6.45%, 0, 0, 2, 16.48
1747820632, 0, 23, 884, 883, 17, 6.45%, 0, 0, 2, 16.90
1747820637, 0, 23, 886, 885, 17, 6.45%, 0, 0, 2, 16.35
1747820642, 0, 23, 887, 886, 17, 6.45%, 0, 0, 2, 16.63
1747820647, 0, 23, 888, 887, 17, 6.45%, 0, 0, 2, 16.63
1747820652, 0, 23, 890, 889, 17, 6.45%, 0, 0, 2, 16.29
1747820662, 0, 23, 892, 891, 17, 6.45%, 0, 0, 2, 16.27
1747820672, 0, 23, 893, 892, 17, 6.45%, 0, 0, 2, 16.23
1747820677, 0, 23, 895, 894, 17, 6.45%, 0, 0, 2, 16.15
1747820728, 0, 23, 896, 895, 17, 6.45%, 0, 0, 2, 16.70
1747820810, 0, 23, 897, 896, 17, 6.45%, 0, 0, 2, 16.64
1747820820, 0, 23, 898, 897, 17, 6.45%, 0, 0, 2, 16.70
1747820887, 0, 24, 899, 898, 17, 6.45%, 0, 0, 2, 16.81
1747820892, 0, 24, 900, 899, 17, 6.45%, 0, 0, 2, 16.47
1747820903, 0, 25, 900, 899, 17, 6.45%, 0, 0, 2, 16.59
1747820908, 0, 25, 901, 900, 17, 6.48%, 0, 0, 2, 16.41
1747820913, 0, 25, 903, 902, 17, 6.48%, 0, 0, 2, 15.63
1747820918, 0, 25, 905, 904, 17, 6.48%, 0, 0, 2, 15.41
1747820923, 0, 25, 906, 905, 17, 6.48%, 0, 0, 2, 15.95
1747820928, 0, 25, 907, 906, 17, 6.48%, 0, 0, 2, 16.39
1747820939, 0, 25, 908, 907, 17, 6.48%, 0, 0, 2, 16.27
1747820944, 0, 25, 909, 908, 17, 6.48%, 0, 0, 2, 16.11
1747820959, 0, 25, 910, 909, 17, 6.48%, 0, 0, 2, 15.84
1747821010, 0, 25, 912, 911, 17, 6.48%, 0, 0, 2, 16.26
1747821046, 0, 25, 913, 912, 17, 6.48%, 0, 0, 2, 16.22
1747821077, 0, 25, 914, 913, 17, 6.48%, 0, 0, 2, 16.47
1747821108, 0, 25, 915, 914, 17, 6.48%, 0, 0, 2, 16.22
1747821113, 0, 25, 917, 916, 17, 6.48%, 0, 0, 2, 16.17
1747821149, 0, 25, 918, 917, 17, 6.48%, 0, 0, 2, 15.82
1747821154, 0, 25, 919, 918, 17, 6.48%, 0, 0, 2, 16.25
1747821159, 0, 26, 919, 918, 16, 6.48%, 0, 0, 2, 16.53
1747821169, 0, 28, 919, 918, 16, 6.48%, 0, 0, 2, 16.75
1747821175, 0, 29, 919, 918, 16, 6.48%, 0, 0, 2, 16.65
1747821185, 0, 30, 919, 918, 16, 6.48%, 0, 0, 2, 16.53
1747821190, 0, 30, 920, 919, 16, 6.48%, 0, 0, 2, 16.07
1747821201, 0, 32, 922, 921, 16, 6.48%, 0, 0, 2, 15.23
1747821206, 0, 32, 924, 923, 16, 6.48%, 0, 0, 2, 15.22
1747821211, 0, 32, 926, 925, 16, 6.48%, 0, 0, 2, 15.26
1747821216, 0, 32, 929, 928, 16, 6.48%, 0, 0, 2, 15.11
1747821221, 0, 32, 930, 929, 16, 6.48%, 0, 0, 2, 15.77
1747821231, 0, 32, 932, 931, 16, 6.48%, 0, 0, 2, 15.29
1747821237, 0, 32, 933, 932, 16, 6.48%, 0, 0, 2, 15.38
1747821242, 0, 32, 934, 933, 16, 6.49%, 0, 0, 2, 15.65
1747821257, 0, 32, 936, 935, 16, 6.49%, 0, 0, 2, 15.84
1747821283, 0, 32, 938, 937, 16, 6.49%, 0, 0, 2, 15.97
1747821298, 0, 32, 939, 938, 16, 6.49%, 0, 0, 2, 15.96
1747821375, 0, 32, 940, 939, 16, 6.49%, 0, 0, 2, 15.82
1747821390, 0, 32, 941, 940, 16, 6.49%, 0, 0, 2, 15.87
1747821416, 0, 32, 942, 941, 16, 6.49%, 0, 0, 2, 16.05
1747821432, 0, 32, 943, 942, 16, 6.49%, 0, 0, 2, 16.20
1747821467, 0, 33, 944, 943, 13, 6.49%, 0, 0, 2, 16.04
1747821477, 0, 33, 945, 944, 13, 6.49%, 0, 0, 2, 15.76
1747821498, 0, 34, 945, 944, 14, 6.49%, 0, 0, 2, 16.47
1747821508, 0, 35, 945, 944, 14, 6.49%, 0, 0, 2, 16.43
1747821518, 0, 36, 945, 944, 14, 6.49%, 0, 0, 2, 16.39
1747821523, 0, 37, 945, 944, 14, 6.49%, 0, 0, 2, 16.48
1747821533, 0, 38, 945, 944, 14, 6.49%, 0, 0, 2, 16.39
1747821538, 0, 39, 945, 944, 14, 6.49%, 0, 0, 2, 16.48
1747821549, 0, 40, 946, 945, 14, 6.49%, 0, 0, 2, 15.94
1747821564, 0, 40, 947, 946, 14, 6.49%, 0, 0, 2, 15.38
1747821579, 0, 41, 948, 947, 14, 6.51%, 0, 0, 2, 15.64
1747821584, 0, 41, 949, 948, 14, 6.75%, 0, 0, 2, 15.61
1747821589, 0, 41, 951, 950, 14, 6.75%, 0, 0, 2, 14.95
1747821600, 0, 41, 952, 951, 14, 6.75%, 0, 0, 2, 16.02
1747821610, 0, 41, 953, 952, 14, 6.75%, 0, 0, 2, 15.85
1747821615, 0, 41, 954, 953, 14, 6.75%, 0, 0, 2, 15.79
1747821635, 0, 41, 955, 954, 14, 6.75%, 0, 0, 2, 15.23
1747821692, 0, 41, 956, 955, 14, 6.75%, 0, 0, 2, 15.88
1747821697, 0, 41, 957, 956, 14, 6.75%, 0, 0, 2, 15.54
1747821727, 0, 41, 958, 957, 14, 6.75%, 0, 0, 2, 15.79
1747821733, 0, 41, 959, 958, 14, 6.75%, 0, 0, 2, 16.07
1747821799, 0, 41, 960, 959, 14, 6.75%, 0, 0, 2, 15.94
1747821846, 0, 42, 960, 959, 17, 6.75%, 0, 0, 2, 16.51
1747821851, 0, 44, 960, 959, 17, 6.75%, 0, 0, 2, 16.67
1747821861, 0, 45, 960, 959, 17, 6.75%, 0, 0, 2, 15.95
1747821866, 0, 46, 961, 960, 17, 6.75%, 0, 0, 2, 15.81
1747821871, 0, 46, 962, 961, 17, 6.75%, 0, 0, 2, 15.66
1747821887, 0, 46, 965, 964, 17, 6.76%, 0, 0, 2, 14.93
1747821897, 0, 46, 966, 965, 17, 6.76%, 0, 0, 2, 16.24
1747821907, 0, 46, 968, 967, 17, 6.76%, 0, 0, 2, 15.76
1747821912, 0, 46, 969, 968, 17, 6.76%, 0, 0, 2, 15.78
1747821923, 0, 46, 970, 969, 17, 6.76%, 0, 0, 2, 15.93
1747821928, 0, 46, 971, 970, 17, 6.76%, 0, 0, 2, 15.83
1747821959, 0, 46, 972, 971, 17, 6.76%, 0, 0, 2, 15.99
1747822031, 0, 46, 973, 972, 17, 6.76%, 0, 0, 2, 16.58
1747822051, 0, 46, 974, 973, 17, 6.76%, 0, 0, 2, 15.95
1747822061, 0, 46, 975, 974, 17, 6.76%, 0, 0, 2, 16.05
1747822087, 0, 46, 976, 975, 17, 6.76%, 0, 0, 2, 16.08
1747822102, 0, 46, 977, 976, 17, 6.76%, 0, 0, 2, 15.76
1747822128, 0, 47, 979, 978, 17, 6.76%, 0, 0, 2, 15.71
1747822133, 0, 47, 980, 979, 17, 6.76%, 0, 0, 2, 15.52
1747822143, 0, 47, 981, 980, 17, 6.77%, 0, 0, 2, 15.70
1747822148, 0, 47, 982, 981, 17, 6.77%, 0, 0, 2, 15.74
1747822163, 0, 47, 984, 983, 17, 6.77%, 0, 0, 2, 15.48
1747822179, 0, 47, 985, 984, 17, 6.77%, 0, 0, 2, 16.02
1747822189, 0, 47, 986, 985, 17, 6.77%, 0, 0, 2, 16.04
1747822194, 0, 47, 988, 987, 17, 6.77%, 0, 0, 2, 15.65
1747822209, 0, 47, 989, 988, 17, 6.77%, 0, 0, 2, 15.91
1747822266, 0, 47, 990, 989, 17, 6.77%, 0, 0, 2, 27.12
1747822317, 0, 48, 990, 989, 17, 6.77%, 0, 0, 2, 28.13
1747822322, 0, 49, 992, 991, 17, 6.77%, 0, 0, 2, 26.22
1747822337, 0, 49, 994, 993, 17, 6.77%, 0, 0, 2, 26.71
1747822352, 0, 49, 995, 994, 17, 6.77%, 0, 0, 2, 26.84
1747822368, 0, 49, 997, 996, 17, 6.77%, 0, 0, 2, 26.82
1747822378, 0, 49, 998, 997, 17, 6.77%, 0, 0, 2, 27.33
1747822383, 0, 49, 999, 998, 17, 6.77%, 0, 0, 2, 26.36
1747822393, 0, 49, 1000, 999, 17, 6.77%, 0, 0, 2, 26.66
1747822429, 0, 49, 1001, 1000, 17, 6.77%, 0, 0, 2, 26.06
1747822465, 0, 49, 1002, 1001, 17, 6.77%, 0, 0, 2, 26.24
1747822480, 0, 51, 1004, 1003, 15, 6.92%, 0, 0, 2, 26.57
1747822485, 0, 51, 1005, 1004, 15, 6.92%, 0, 0, 2, 27.55
1747822490, 0, 51, 1006, 1005, 15, 6.92%, 0, 0, 2, 26.75
1747822505, 0, 51, 1008, 1007, 15, 6.93%, 0, 0, 2, 27.11
1747822515, 0, 51, 1010, 1009, 15, 6.93%, 0, 0, 2, 26.57
1747822520, 0, 51, 1011, 1010, 15, 6.93%, 0, 0, 2, 27.85
1747822525, 0, 51, 1013, 1012, 15, 7.00%, 0, 0, 2, 27.12
1747822541, 0, 51, 1014, 1013, 15, 7.06%, 0, 0, 2, 26.91
1747822546, 0, 51, 1015, 1014, 15, 7.06%, 0, 0, 2, 26.92
1747822551, 0, 51, 1016, 1015, 15, 7.07%, 0, 0, 2, 26.95
1747822577, 0, 51, 1017, 1016, 15, 7.07%, 0, 0, 2, 27.22
1747822592, 0, 51, 1018, 1017, 15, 7.08%, 0, 0, 2, 27.12
1747822612, 0, 51, 1019, 1018, 15, 7.08%, 0, 0, 2, 27.85
1747822633, 0, 52, 1019, 1018, 20, 7.08%, 0, 0, 2, 27.63
1747822638, 0, 53, 1019, 1018, 20, 7.08%, 0, 0, 2, 26.90
1747822643, 0, 54, 1019, 1018, 20, 7.08%, 0, 0, 2, 27.36
1747822648, 0, 55, 1020, 1019, 20, 7.09%, 0, 0, 2, 27.03
1747822653, 0, 55, 1021, 1020, 20, 7.09%, 0, 0, 2, 27.63
1747822663, 0, 55, 1023, 1022, 20, 7.10%, 0, 0, 2, 27.23
1747822679, 0, 55, 1024, 1023, 20, 7.10%, 0, 0, 2, 26.80
1747822704, 0, 55, 1025, 1024, 20, 7.10%, 0, 0, 2, 27.30
1747822709, 0, 55, 1026, 1025, 20, 7.10%, 0, 0, 2, 28.14
1747822714, 0, 55, 1027, 1026, 20, 7.11%, 0, 0, 2, 27.62
1747822719, 0, 55, 1029, 1028, 20, 7.12%, 0, 0, 2, 27.29
1747822800, 0, 56, 1030, 1029, 24, 7.12%, 0, 0, 2, 26.20
1747822806, 0, 57, 1031, 1030, 24, 7.12%, 0, 0, 2, 26.08
1747822811, 0, 57, 1032, 1031, 24, 7.12%, 0, 0, 2, 25.99
1747822816, 0, 57, 1033, 1032, 24, 7.12%, 0, 0, 2, 26.73
1747822846, 0, 59, 1033, 1032, 24, 7.12%, 0, 0, 2, 27.68
1747822851, 0, 60, 1033, 1032, 24, 7.12%, 0, 0, 2, 27.27
1747822856, 0, 61, 1033, 1032, 24, 7.12%, 0, 0, 2, 27.06
1747822861, 0, 63, 1033, 1032, 24, 7.12%, 0, 0, 2, 27.44
1747822866, 0, 63, 1034, 1033, 24, 7.12%, 0, 0, 2, 26.65
1747822871, 0, 63, 1035, 1034, 24, 7.12%, 0, 0, 2, 27.00
1747822882, 0, 63, 1037, 1036, 24, 7.12%, 0, 0, 2, 25.72
1747822892, 0, 63, 1038, 1037, 24, 7.12%, 0, 0, 2, 26.47
1747822917, 0, 63, 1040, 1039, 24, 7.12%, 0, 0, 2, 25.97
1747822948, 0, 63, 1041, 1040, 24, 7.12%, 0, 0, 2, 27.37
1747823015, 0, 65, 1041, 1040, 22, 7.12%, 0, 0, 2, 27.45
1747823020, 0, 66, 1041, 1040, 22, 7.12%, 0, 0, 2, 27.86
1747823025, 0, 67, 1041, 1040, 22, 7.12%, 0, 0, 2, 27.82
1747823030, 0, 67, 1042, 1041, 22, 7.12%, 0, 0, 2, 27.08
1747823035, 0, 68, 1042, 1041, 22, 7.12%, 0, 0, 2, 27.44
1747823040, 0, 69, 1043, 1042, 22, 7.12%, 0, 0, 2, 27.33
1747823050, 0, 71, 1043, 1042, 21, 7.12%, 0, 0, 2, 27.19
1747823056, 0, 73, 1044, 1043, 21, 7.12%, 0, 0, 2, 26.73
1747823066, 0, 74, 1044, 1043, 21, 7.12%, 0, 0, 2, 27.56
1747823071, 0, 76, 1044, 1043, 21, 7.12%, 0, 0, 2, 27.36
1747823076, 0, 76, 1045, 1044, 21, 7.12%, 0, 0, 2, 26.81
1747823081, 0, 76, 1046, 1045, 21, 7.12%, 0, 0, 2, 26.31
1747823091, 0, 76, 1047, 1046, 21, 7.12%, 0, 0, 2, 26.74
1747823096, 0, 76, 1048, 1047, 21, 7.12%, 0, 0, 2, 27.24
1747823127, 0, 76, 1049, 1048, 21, 7.12%, 0, 0, 2, 26.37
1747823132, 0, 76, 1050, 1049, 21, 7.12%, 0, 0, 2, 25.97
1747823137, 0, 76, 1051, 1050, 21, 7.12%, 0, 0, 2, 26.08
1747823178, 0, 76, 1052, 1051, 21, 7.12%, 0, 0, 2, 27.06
1747823188, 0, 76, 1053, 1052, 21, 7.12%, 0, 0, 2, 27.16
1747823198, 0, 76, 1054, 1053, 21, 7.12%, 0, 0, 2, 26.23
1747823219, 0, 76, 1055, 1054, 21, 7.12%, 0, 0, 2, 26.84
1747823229, 0, 77, 1055, 1054, 21, 7.12%, 0, 0, 2, 27.38
1747823234, 0, 78, 1055, 1054, 21, 7.12%, 0, 0, 2, 26.73
1747823239, 0, 80, 1055, 1054, 21, 7.12%, 0, 0, 2, 26.88
1747823244, 0, 81, 1055, 1054, 21, 7.12%, 0, 0, 2, 26.12
1747823249, 0, 83, 1055, 1054, 21, 7.12%, 0, 0, 2, 26.66
1747823254, 0, 84, 1055, 1054, 21, 7.12%, 0, 0, 2, 27.11
1747823260, 0, 85, 1055, 1054, 21, 7.12%, 0, 0, 2, 26.83
1747823265, 0, 85, 1056, 1055, 21, 7.12%, 0, 0, 2, 26.06
1747823270, 0, 86, 1057, 1056, 21, 7.12%, 0, 0, 2, 26.12
1747823280, 0, 86, 1058, 1057, 21, 7.12%, 0, 0, 2, 26.01
1747823290, 0, 87, 1058, 1057, 21, 7.12%, 0, 0, 2, 27.58
1747823295, 0, 88, 1059, 1058, 21, 7.12%, 0, 0, 2, 27.54
1747823300, 0, 88, 1060, 1059, 21, 7.12%, 0, 0, 2, 26.58
1747823306, 0, 88, 1061, 1060, 21, 7.12%, 0, 0, 2, 26.36
1747823321, 0, 88, 1062, 1061, 21, 7.12%, 0, 0, 2, 26.35
1747823372, 0, 89, 1062, 1061, 21, 7.12%, 0, 0, 2, 27.01
1747823377, 0, 90, 1062, 1061, 21, 7.12%, 0, 0, 2, 27.77
1747823382, 0, 91, 1062, 1061, 21, 7.12%, 0, 0, 2, 27.13
1747823388, 0, 94, 1062, 1061, 21, 7.12%, 0, 0, 2, 27.75
1747823393, 0, 95, 1062, 1061, 21, 7.12%, 0, 0, 2, 27.38
1747823398, 0, 97, 1062, 1061, 21, 7.12%, 0, 0, 2, 27.84
1747823403, 0, 98, 1062, 1061, 21, 7.12%, 0, 0, 2, 27.87
1747823408, 0, 103, 1062, 1061, 21, 7.12%, 0, 0, 2, 28.13
1747823413, 0, 104, 1062, 1061, 21, 7.12%, 0, 0, 2, 27.76
1747823418, 0, 105, 1062, 1061, 21, 7.12%, 0, 0, 2, 26.51
1747823429, 0, 106, 1062, 1061, 21, 7.12%, 0, 0, 2, 17.43
1747823434, 0, 107, 1063, 1062, 21, 7.12%, 0, 0, 2, 15.48
1747823449, 0, 109, 1063, 1062, 21, 7.12%, 0, 0, 2, 16.37
1747823459, 0, 110, 1063, 1062, 21, 7.12%, 0, 0, 2, 16.38
1747823465, 0, 112, 1063, 1062, 21, 7.12%, 0, 0, 2, 16.40
1747823475, 0, 113, 1063, 1062, 21, 7.12%, 0, 0, 2, 16.00
1747823480, 0, 114, 1063, 1062, 21, 7.12%, 0, 0, 2, 16.46
1747823490, 0, 115, 1063, 1062, 21, 7.12%, 0, 0, 2, 16.61
1747823495, 0, 117, 1063, 1062, 21, 7.12%, 0, 0, 2, 16.17
1747823506, 0, 119, 1063, 1062, 21, 7.12%, 0, 0, 2, 16.23
1747823516, 0, 120, 1063, 1062, 21, 7.12%, 0, 0, 2, 15.39
1747823521, 0, 121, 1063, 1062, 21, 7.12%, 0, 0, 2, 16.11
1747823531, 0, 122, 1064, 1063, 21, 7.12%, 0, 0, 2, 15.06
1747823536, 0, 122, 1066, 1065, 21, 7.12%, 0, 0, 2, 15.77
1747823598, 0, 123, 1066, 1065, 22, 7.12%, 0, 0, 2, 15.99
1747823603, 0, 124, 1066, 1065, 22, 7.12%, 0, 0, 2, 15.35
1747823613, 0, 125, 1066, 1065, 22, 7.12%, 0, 0, 2, 16.31
1747823618, 0, 126, 1066, 1065, 22, 7.12%, 0, 0, 2, 16.01
1747823629, 0, 127, 1066, 1065, 22, 7.12%, 0, 0, 2, 16.15
1747823634, 0, 128, 1066, 1065, 22, 7.12%, 0, 0, 2, 16.47
1747823644, 0, 130, 1066, 1065, 22, 7.12%, 0, 0, 2, 16.22
1747823649, 0, 130, 1067, 1066, 22, 7.12%, 0, 0, 2, 15.03
1747823654, 0, 130, 1069, 1068, 22, 7.12%, 0, 0, 2, 15.41
1747823670, 0, 130, 1070, 1069, 22, 7.12%, 0, 0, 2, 15.59
1747823710, 0, 130, 1071, 1070, 22, 7.12%, 0, 0, 2, 15.29
1747823721, 0, 130, 1073, 1072, 22, 7.12%, 0, 0, 2, 15.06
1747823731, 0, 130, 1074, 1073, 22, 7.12%, 0, 0, 2, 15.21
1747823741, 0, 130, 1075, 1074, 22, 7.12%, 0, 0, 2, 15.23
1747823813, 0, 130, 1076, 1075, 22, 7.12%, 0, 0, 2, 15.82
1747823884, 0, 130, 1077, 1076, 22, 7.12%, 0, 0, 2, 15.37
1747823909, 0, 131, 1077, 1076, 22, 7.12%, 0, 0, 2, 15.86
1747823920, 0, 133, 1077, 1076, 22, 7.12%, 0, 0, 2, 16.53
1747823925, 0, 138, 1077, 1076, 22, 7.12%, 0, 0, 2, 16.46
1747823930, 0, 138, 1078, 1077, 22, 7.12%, 0, 0, 2, 15.39
1747823940, 0, 138, 1080, 1079, 22, 7.12%, 0, 0, 2, 14.98
1747823955, 0, 138, 1081, 1080, 22, 7.12%, 0, 0, 2, 15.51
1747824017, 0, 138, 1082, 1081, 22, 7.12%, 0, 0, 2, 15.73
1747824027, 0, 138, 1083, 1082, 22, 7.12%, 0, 0, 2, 15.54
1747824160, 0, 138, 1085, 1084, 22, 7.12%, 0, 0, 2, 15.19
1747824191, 0, 139, 1085, 1084, 22, 7.12%, 0, 0, 2, 16.08
1747824196, 0, 140, 1085, 1084, 22, 7.12%, 0, 0, 2, 16.20
1747824206, 0, 142, 1087, 1086, 22, 7.12%, 0, 0, 2, 14.62
1747824211, 0, 142, 1088, 1087, 22, 7.12%, 0, 0, 2, 14.78
1747824232, 0, 142, 1089, 1088, 22, 7.12%, 0, 0, 2, 14.52
1747824288, 0, 142, 1090, 1089, 22, 7.12%, 0, 0, 2, 14.54
1747824354, 0, 142, 1091, 1090, 22, 7.12%, 0, 0, 2, 15.14
1747824390, 0, 142, 1092, 1091, 22, 7.12%, 0, 0, 2, 15.23
1747824431, 0, 142, 1093, 1092, 22, 7.12%, 0, 0, 2, 15.17
1747824472, 0, 143, 1093, 1092, 22, 7.12%, 0, 0, 2, 15.61
1747824477, 0, 143, 1094, 1093, 22, 7.17%, 0, 0, 2, 14.93
1747824487, 0, 144, 1094, 1093, 23, 7.17%, 0, 0, 2, 14.89
1747824497, 0, 145, 1094, 1093, 23, 7.17%, 0, 0, 2, 15.51
1747824503, 0, 145, 1096, 1095, 23, 7.19%, 0, 0, 2, 14.33
1747824508, 0, 145, 1098, 1097, 23, 7.23%, 0, 0, 2, 13.68
1747824513, 0, 145, 1099, 1098, 23, 7.23%, 0, 0, 2, 14.90
1747824523, 0, 145, 1100, 1099, 23, 7.23%, 0, 0, 2, 14.58
1747824528, 0, 145, 1102, 1101, 23, 7.23%, 0, 0, 2, 14.13
1747824533, 0, 145, 1103, 1102, 23, 7.23%, 0, 0, 2, 13.93
1747824539, 0, 145, 1105, 1104, 23, 7.23%, 0, 0, 2, 14.02
1747824554, 0, 145, 1106, 1105, 23, 7.23%, 0, 0, 2, 15.03
1747824559, 0, 145, 1107, 1106, 23, 7.23%, 0, 0, 2, 14.03
1747824575, 0, 145, 1108, 1107, 23, 7.23%, 0, 0, 2, 14.56
1747824605, 0, 145, 1109, 1108, 23, 7.23%, 0, 0, 2, 14.46
1747824610, 0, 145, 1110, 1109, 23, 7.23%, 0, 0, 2, 13.89
1747824621, 0, 145, 1111, 1110, 23, 7.24%, 0, 0, 2, 15.21
1747824641, 0, 145, 1114, 1113, 23, 7.24%, 0, 0, 2, 13.99
1747824662, 0, 145, 1115, 1114, 23, 7.25%, 0, 0, 2, 14.84
1747824672, 0, 145, 1116, 1115, 23, 7.25%, 0, 0, 2, 14.55
1747824677, 0, 145, 1117, 1116, 23, 7.25%, 0, 0, 2, 14.34
1747824784, 0, 147, 1117, 1116, 23, 7.25%, 0, 0, 2, 15.29
1747824795, 0, 148, 1118, 1117, 23, 7.25%, 0, 0, 2, 14.60
1747824800, 0, 148, 1121, 1120, 23, 7.25%, 0, 0, 2, 14.19
1747824810, 0, 148, 1123, 1122, 23, 7.25%, 0, 0, 2, 14.19
1747824826, 0, 148, 1124, 1123, 23, 7.25%, 0, 0, 2, 14.23
1747824831, 0, 148, 1125, 1124, 23, 7.25%, 0, 0, 2, 14.54
1747824836, 0, 148, 1126, 1125, 23, 7.25%, 0, 0, 2, 14.34
1747824841, 0, 148, 1127, 1126, 23, 7.26%, 0, 0, 2, 14.21
1747824846, 0, 148, 1128, 1127, 23, 7.26%, 0, 0, 2, 14.33
1747824867, 0, 148, 1129, 1128, 23, 7.26%, 0, 0, 2, 14.22
1747824872, 0, 148, 1131, 1130, 23, 7.26%, 0, 0, 2, 13.18
1747824892, 0, 148, 1132, 1131, 23, 7.26%, 0, 0, 2, 14.71
1747824933, 0, 148, 1133, 1132, 23, 7.26%, 0, 0, 2, 14.22
1747824938, 0, 148, 1134, 1133, 23, 7.26%, 0, 0, 2, 13.73
1747824954, 0, 148, 1135, 1134, 23, 7.26%, 0, 0, 2, 14.62
1747824959, 0, 148, 1137, 1136, 23, 7.26%, 0, 0, 2, 13.78
1747824964, 0, 148, 1138, 1137, 23, 7.26%, 0, 0, 2, 13.96
1747824979, 0, 148, 1139, 1138, 23, 7.26%, 0, 0, 2, 14.39
1747824989, 0, 148, 1140, 1139, 23, 7.26%, 0, 0, 2, 14.29
1747825000, 0, 148, 1141, 1140, 23, 7.26%, 0, 0, 2, 14.02
1747825076, 0, 148, 1142, 1141, 23, 7.26%, 0, 0, 2, 14.64
1747825092, 0, 149, 1142, 1141, 23, 7.26%, 0, 0, 2, 16.10
1747825097, 0, 150, 1142, 1141, 23, 7.26%, 0, 0, 2, 14.94
1747825107, 0, 151, 1143, 1142, 23, 7.26%, 0, 0, 2, 14.03
1747825112, 0, 151, 1144, 1143, 23, 7.26%, 0, 0, 2, 14.25
1747825128, 0, 151, 1145, 1144, 23, 7.26%, 0, 0, 2, 14.35
1747825138, 0, 151, 1147, 1146, 23, 7.26%, 0, 0, 2, 13.97
1747825148, 0, 151, 1148, 1147, 23, 7.26%, 0, 0, 2, 14.38
1747825153, 0, 151, 1149, 1148, 23, 7.26%, 0, 0, 2, 14.38
1747825195, 0, 151, 1150, 1149, 23, 7.26%, 0, 0, 2, 14.52
1747825205, 0, 151, 1151, 1150, 23, 7.26%, 0, 0, 2, 14.32
1747825225, 0, 151, 1152, 1151, 23, 7.26%, 0, 0, 2, 13.71
1747825277, 0, 151, 1153, 1152, 23, 7.26%, 0, 0, 2, 13.69
1747825297, 0, 151, 1154, 1153, 23, 7.26%, 0, 0, 2, 14.05
1747825353, 0, 151, 1155, 1154, 23, 7.26%, 0, 0, 2, 14.00
1747825364, 0, 151, 1156, 1155, 23, 7.26%, 0, 0, 2, 13.95
1747825400, 0, 152, 1156, 1155, 23, 7.26%, 0, 0, 2, 15.32
1747825405, 0, 153, 1156, 1155, 23, 7.26%, 0, 0, 2, 15.13
1747825410, 0, 153, 1157, 1156, 23, 7.26%, 0, 0, 2, 13.61
1747825425, 0, 155, 1158, 1157, 23, 7.26%, 0, 0, 2, 13.77
1747825430, 0, 155, 1159, 1158, 23, 7.26%, 0, 0, 2, 14.03
1747825440, 0, 155, 1160, 1159, 23, 7.26%, 0, 0, 2, 14.31
1747825466, 0, 155, 1161, 1160, 23, 7.26%, 0, 0, 2, 14.16
1747825554, 0, 155, 1162, 1161, 23, 7.26%, 0, 0, 2, 14.77
1747825564, 0, 155, 1163, 1162, 23, 7.26%, 0, 0, 2, 14.07
1747825712, 0, 157, 1164, 1163, 23, 7.26%, 0, 0, 2, 14.14
1747825717, 0, 157, 1166, 1165, 23, 7.26%, 0, 0, 2, 13.38
1747825748, 0, 157, 1167, 1166, 23, 7.26%, 0, 0, 2, 13.72
1747825753, 0, 157, 1168, 1167, 23, 7.26%, 0, 0, 2, 13.55
1747825794, 0, 157, 1169, 1168, 23, 7.26%, 0, 0, 2, 14.18
1747825809, 0, 157, 1170, 1169, 23, 7.26%, 0, 0, 2, 14.06
1747825825, 0, 157, 1171, 1170, 23, 7.26%, 0, 0, 2, 14.20
1747825835, 0, 157, 1172, 1171, 23, 7.26%, 0, 0, 2, 13.83
1747825887, 0, 157, 1173, 1172, 23, 7.26%, 0, 0, 2, 14.96
1747825918, 0, 157, 1174, 1173, 23, 7.26%, 0, 0, 2, 13.77
1747826005, 0, 159, 1174, 1173, 23, 7.26%, 0, 0, 2, 14.15
1747826010, 0, 160, 1174, 1173, 23, 7.26%, 0, 0, 2, 13.92
1747826015, 0, 160, 1175, 1174, 23, 7.26%, 0, 0, 2, 13.61
1747826025, 0, 160, 1176, 1175, 23, 7.26%, 0, 0, 2, 14.01
1747826035, 0, 160, 1178, 1177, 23, 7.26%, 0, 0, 2, 13.58
1747826081, 0, 160, 1179, 1178, 23, 7.26%, 0, 0, 2, 13.85
1747826302, 0, 161, 1179, 1178, 23, 7.26%, 0, 0, 2, 14.24
1747826312, 0, 163, 1179, 1178, 23, 7.26%, 0, 0, 2, 14.61
1747826317, 0, 164, 1179, 1178, 23, 7.26%, 0, 0, 2, 14.73
1747826327, 0, 165, 1179, 1178, 23, 7.26%, 0, 0, 2, 15.13
1747826338, 0, 165, 1181, 1180, 23, 7.27%, 0, 0, 2, 13.91
1747826348, 0, 165, 1182, 1181, 23, 7.27%, 0, 0, 2, 13.93
1747826399, 0, 166, 1183, 1182, 24, 7.27%, 0, 0, 2, 14.52
1747826409, 0, 166, 1184, 1183, 24, 7.27%, 0, 0, 2, 13.71
1747826440, 0, 167, 1184, 1183, 24, 7.27%, 0, 0, 2, 14.00
1747826450, 0, 168, 1184, 1183, 24, 7.27%, 0, 0, 2, 14.19
1747826455, 0, 169, 1184, 1183, 24, 7.27%, 0, 0, 2, 14.48
1747826465, 0, 170, 1184, 1183, 24, 7.27%, 0, 0, 2, 14.03
1747826476, 0, 171, 1184, 1183, 24, 7.27%, 0, 0, 2, 14.35
1747826486, 0, 172, 1184, 1183, 24, 7.27%, 0, 0, 2, 14.09
1747826491, 0, 173, 1184, 1183, 24, 7.27%, 0, 0, 2, 15.26
1747826501, 0, 177, 1184, 1183, 24, 7.27%, 0, 0, 2, 14.16
1747826511, 0, 178, 1184, 1183, 24, 7.27%, 0, 0, 2, 14.53
1747826522, 0, 179, 1185, 1184, 24, 7.27%, 0, 0, 2, 14.00
1747826537, 0, 180, 1185, 1184, 24, 7.27%, 0, 0, 2, 14.75
1747826542, 0, 180, 1186, 1185, 24, 7.30%, 0, 0, 2, 13.42
1747826548, 0, 180, 1187, 1186, 24, 7.30%, 0, 0, 2, 13.49
1747826573, 0, 181, 1187, 1186, 25, 7.30%, 0, 0, 2, 14.61
1747826578, 0, 181, 1188, 1187, 25, 7.30%, 0, 0, 2, 12.98
1747826583, 0, 181, 1189, 1188, 25, 7.30%, 0, 0, 2, 13.33
1747826594, 0, 181, 1190, 1189, 25, 7.30%, 0, 0, 2, 13.19
1747826629, 0, 181, 1191, 1190, 25, 7.30%, 0, 0, 2, 12.64
1747826634, 0, 181, 1192, 1191, 25, 7.30%, 0, 0, 2, 13.20
1747826645, 0, 181, 1193, 1192, 25, 7.30%, 0, 0, 2, 13.85
1747826650, 0, 181, 1195, 1194, 25, 7.59%, 0, 0, 2, 12.39
1747826675, 0, 181, 1196, 1195, 25, 7.59%, 0, 0, 2, 13.61
1747826680, 0, 181, 1197, 1196, 25, 7.59%, 0, 0, 2, 13.03
1747826706, 0, 181, 1198, 1197, 25, 7.59%, 0, 0, 2, 13.89
1747826711, 0, 181, 1199, 1198, 25, 7.59%, 0, 0, 2, 13.03
1747826727, 0, 181, 1200, 1199, 25, 7.59%, 0, 0, 2, 13.74
1747826732, 0, 181, 1201, 1200, 25, 7.59%, 0, 0, 2, 19.72
1747826778, 0, 181, 1202, 1201, 25, 7.59%, 0, 0, 2, 22.32
1747826819, 0, 183, 1202, 1201, 23, 7.59%, 0, 0, 2, 23.94
1747826824, 0, 183, 1203, 1202, 23, 7.59%, 0, 0, 2, 23.96
1747826829, 0, 184, 1203, 1202, 22, 7.59%, 0, 0, 2, 24.13
1747826834, 0, 185, 1203, 1202, 22, 7.59%, 0, 0, 2, 23.66
1747826839, 0, 186, 1203, 1202, 22, 7.59%, 0, 0, 2, 24.46
1747826844, 0, 188, 1203, 1202, 22, 7.59%, 0, 0, 2, 25.03
1747826849, 0, 189, 1203, 1202, 22, 7.59%, 0, 0, 2, 24.15
1747826854, 0, 189, 1205, 1204, 22, 7.59%, 0, 0, 2, 22.28
1747826860, 0, 189, 1206, 1205, 22, 7.59%, 0, 0, 2, 22.99
1747826870, 0, 189, 1207, 1206, 22, 7.59%, 0, 0, 2, 22.74
1747826895, 0, 189, 1208, 1207, 22, 7.59%, 0, 0, 2, 24.23
1747826952, 0, 189, 1209, 1208, 22, 7.59%, 0, 0, 2, 13.85
1747826967, 0, 189, 1210, 1209, 22, 7.59%, 0, 0, 2, 13.53
1747826973, 0, 189, 1211, 1210, 22, 7.59%, 0, 0, 2, 13.35
1747826988, 0, 189, 1212, 1211, 22, 7.59%, 0, 0, 2, 14.22
1747827004, 0, 189, 1213, 1212, 22, 7.59%, 0, 0, 2, 12.92
1747827019, 0, 189, 1214, 1213, 22, 7.59%, 0, 0, 2, 13.29
1747827050, 0, 189, 1216, 1215, 22, 7.69%, 0, 0, 2, 12.69
1747827055, 0, 189, 1217, 1216, 22, 7.69%, 0, 0, 2, 13.65
1747827116, 0, 190, 1217, 1216, 25, 7.69%, 0, 0, 2, 13.55
1747827126, 0, 191, 1217, 1216, 25, 7.69%, 0, 0, 2, 14.31
1747827131, 0, 192, 1218, 1217, 25, 7.69%, 0, 0, 2, 13.89
1747827152, 0, 192, 1219, 1218, 25, 7.69%, 0, 0, 2, 13.08
1747827172, 0, 192, 1220, 1219, 25, 7.69%, 0, 0, 2, 19.81
1747827182, 0, 192, 1221, 1220, 25, 7.69%, 0, 0, 2, 13.28
1747827187, 0, 192, 1222, 1221, 25, 7.69%, 0, 0, 2, 12.57
1747827192, 0, 192, 1223, 1222, 25, 7.69%, 0, 0, 2, 12.66
1747827269, 0, 192, 1224, 1223, 25, 7.69%, 0, 0, 2, 13.74
1747827279, 0, 192, 1225, 1224, 25, 7.69%, 0, 0, 2, 13.03
1747827289, 0, 192, 1226, 1225, 25, 7.69%, 0, 0, 2, 13.61
1747827294, 0, 192, 1227, 1226, 25, 7.69%, 0, 0, 2, 13.13
1747827299, 0, 192, 1228, 1227, 25, 7.69%, 0, 0, 2, 12.96
1747827356, 0, 192, 1229, 1228, 25, 7.69%, 0, 0, 2, 13.57
1747827402, 0, 192, 1230, 1229, 25, 7.69%, 0, 0, 2, 13.20
1747827432, 0, 193, 1230, 1229, 25, 7.69%, 0, 0, 2, 13.79
1747827443, 0, 194, 1231, 1230, 25, 7.69%, 0, 0, 2, 13.10
1747827458, 0, 194, 1232, 1231, 25, 7.69%, 0, 0, 2, 12.95
1747827469, 0, 194, 1233, 1232, 25, 7.69%, 0, 0, 2, 13.00
1747827484, 0, 194, 1234, 1233, 25, 7.69%, 0, 0, 2, 14.07
1747827535, 0, 194, 1235, 1234, 25, 7.69%, 0, 0, 2, 13.44
1747827545, 0, 194, 1236, 1235, 25, 7.69%, 0, 0, 2, 12.85
1747827657, 0, 194, 1237, 1236, 25, 7.69%, 0, 0, 2, 23.72
1747827673, 0, 194, 1239, 1238, 25, 7.69%, 0, 0, 2, 20.91
1747827688, 0, 195, 1240, 1239, 26, 7.69%, 0, 0, 2, 22.11
1747827698, 0, 197, 1240, 1239, 26, 7.69%, 0, 0, 2, 22.84
1747827703, 0, 198, 1240, 1239, 26, 7.69%, 0, 0, 2, 22.85
1747827709, 0, 199, 1240, 1239, 26, 7.69%, 0, 0, 2, 23.16
1747827714, 0, 200, 1240, 1239, 26, 7.69%, 0, 0, 2, 23.82
1747827724, 0, 201, 1240, 1239, 26, 7.69%, 0, 0, 2, 23.43
1747827729, 0, 202, 1240, 1239, 26, 7.69%, 0, 0, 2, 22.95
1747827734, 0, 202, 1241, 1240, 26, 7.69%, 0, 0, 2, 22.97
1747827739, 0, 203, 1241, 1240, 26, 7.69%, 0, 0, 2, 22.66
1747827744, 0, 204, 1241, 1240, 26, 7.69%, 0, 0, 2, 17.45
1747827755, 0, 205, 1241, 1240, 26, 7.69%, 0, 0, 2, 13.78
1747827765, 0, 206, 1241, 1240, 26, 7.69%, 0, 0, 2, 14.31
1747827775, 0, 207, 1241, 1240, 26, 7.69%, 0, 0, 2, 14.14
1747827780, 0, 208, 1241, 1240, 26, 7.69%, 0, 0, 2, 14.00
1747827790, 0, 209, 1241, 1240, 26, 7.69%, 0, 0, 2, 13.96
1747827801, 0, 213, 1241, 1240, 26, 7.69%, 0, 0, 2, 13.73
1747827811, 0, 215, 1241, 1240, 26, 7.69%, 0, 0, 2, 13.78
1747827821, 0, 216, 1241, 1240, 26, 7.69%, 0, 0, 2, 13.86
1747827826, 0, 217, 1241, 1240, 26, 7.69%, 0, 0, 2, 13.89
1747827831, 0, 217, 1242, 1241, 26, 7.69%, 0, 0, 2, 15.97
1747827847, 0, 218, 1242, 1241, 26, 7.69%, 0, 0, 2, 13.83
1747827852, 0, 218, 1243, 1242, 26, 7.69%, 0, 0, 2, 12.69
1747827857, 0, 218, 1244, 1243, 26, 7.69%, 0, 0, 2, 12.42
1747827883, 0, 219, 1244, 1243, 26, 7.69%, 0, 0, 2, 13.44
1747827893, 0, 219, 1245, 1244, 26, 7.69%, 0, 0, 2, 13.58
1747827903, 0, 220, 1245, 1244, 26, 7.69%, 0, 0, 2, 14.07
1747827913, 0, 222, 1246, 1245, 26, 7.69%, 0, 0, 2, 12.82
1747827928, 0, 222, 1247, 1246, 26, 7.69%, 0, 0, 2, 11.96
1747827954, 0, 223, 1247, 1246, 26, 7.69%, 0, 0, 2, 13.50
1747827964, 0, 224, 1248, 1247, 26, 7.69%, 0, 0, 2, 14.15
1747827980, 0, 225, 1248, 1247, 23, 7.69%, 0, 0, 2, 13.78
1747827990, 0, 226, 1248, 1247, 23, 7.69%, 0, 0, 2, 13.65
1747827995, 0, 226, 1249, 1248, 23, 7.69%, 0, 0, 2, 14.60
1747828010, 0, 227, 1249, 1248, 23, 7.69%, 0, 0, 2, 13.99
1747828020, 0, 229, 1249, 1248, 23, 7.69%, 0, 0, 2, 14.00
1747828025, 0, 230, 1249, 1248, 23, 7.69%, 0, 0, 2, 14.48
1747828036, 0, 231, 1249, 1248, 23, 7.69%, 0, 0, 2, 14.17
1747828046, 0, 232, 1249, 1248, 23, 7.69%, 0, 0, 2, 14.39
1747828056, 0, 234, 1249, 1248, 23, 7.69%, 0, 0, 2, 14.32
1747828061, 0, 237, 1249, 1248, 23, 7.69%, 0, 0, 2, 14.95
1747828072, 0, 238, 1249, 1248, 23, 7.69%, 0, 0, 2, 14.05
1747828082, 0, 239, 1249, 1248, 23, 7.69%, 0, 0, 2, 15.14
1747828092, 0, 241, 1250, 1249, 23, 7.69%, 0, 0, 2, 13.40
1747828102, 0, 241, 1251, 1250, 23, 7.69%, 0, 0, 2, 12.18
1747828123, 0, 241, 1252, 1251, 23, 7.72%, 0, 0, 2, 12.76
1747828143, 0, 241, 1253, 1252, 23, 7.72%, 0, 0, 2, 12.27
1747828153, 0, 241, 1254, 1253, 23, 7.72%, 0, 0, 2, 12.08
1747828189, 0, 241, 1255, 1254, 23, 7.72%, 0, 0, 2, 13.78
1747828230, 0, 241, 1256, 1255, 23, 7.72%, 0, 0, 2, 20.97
1747828245, 0, 241, 1257, 1256, 23, 7.72%, 0, 0, 2, 22.48
1747828271, 0, 241, 1258, 1257, 23, 7.72%, 0, 0, 2, 21.63
1747828322, 0, 241, 1259, 1258, 23, 7.72%, 0, 0, 2, 22.25
1747828327, 0, 242, 1259, 1258, 23, 7.72%, 0, 0, 2, 22.33
1747828332, 0, 245, 1259, 1258, 23, 7.72%, 0, 0, 2, 22.43
1747828338, 0, 246, 1259, 1258, 23, 7.72%, 0, 0, 2, 22.95
1747828348, 0, 247, 1259, 1258, 23, 7.72%, 0, 0, 2, 23.03
1747828353, 0, 248, 1259, 1258, 23, 7.72%, 0, 0, 2, 24.65
1747828358, 0, 249, 1260, 1259, 23, 7.72%, 0, 0, 2, 21.57
1747828368, 0, 251, 1260, 1259, 23, 7.72%, 0, 0, 2, 23.59
1747828373, 0, 252, 1260, 1259, 23, 7.72%, 0, 0, 2, 22.52
1747828379, 0, 253, 1260, 1259, 23, 7.72%, 0, 0, 2, 23.31
1747828384, 0, 255, 1260, 1259, 23, 7.72%, 0, 0, 2, 23.94
1747828389, 0, 257, 1260, 1259, 23, 7.72%, 0, 0, 2, 23.62
1747828394, 0, 258, 1260, 1259, 23, 7.72%, 0, 0, 2, 24.04
1747828399, 0, 259, 1260, 1259, 23, 7.72%, 0, 0, 2, 23.22
1747828404, 0, 260, 1260, 1259, 23, 7.72%, 0, 0, 2, 23.98
1747828409, 0, 261, 1260, 1259, 23, 7.72%, 0, 0, 2, 23.46
1747828414, 0, 262, 1260, 1259, 23, 7.72%, 0, 0, 2, 23.51
1747828425, 0, 263, 1260, 1259, 23, 7.72%, 0, 0, 2, 22.26
1747828430, 0, 264, 1260, 1259, 23, 7.72%, 0, 0, 2, 23.44
1747828435, 0, 265, 1260, 1259, 23, 7.72%, 0, 0, 2, 22.74
1747828440, 0, 265, 1262, 1261, 23, 7.72%, 0, 0, 2, 21.23
1747828450, 0, 265, 1264, 1263, 23, 7.72%, 0, 0, 2, 21.48
1747828455, 0, 265, 1265, 1264, 23, 7.72%, 0, 0, 2, 21.91
1747828460, 0, 265, 1266, 1265, 23, 7.72%, 0, 0, 2, 21.14
1747828481, 0, 265, 1268, 1267, 23, 7.72%, 0, 0, 2, 20.05
1747828527, 0, 265, 1269, 1268, 23, 7.72%, 0, 0, 2, 21.75
1747828583, 0, 265, 1270, 1269, 23, 7.72%, 0, 0, 2, 20.50
1747828593, 0, 265, 1271, 1270, 23, 7.72%, 0, 0, 2, 21.60
1747828603, 0, 265, 1273, 1272, 23, 7.72%, 0, 0, 2, 20.20
1747828624, 0, 266, 1273, 1272, 23, 7.72%, 0, 0, 2, 22.97
1747828629, 0, 267, 1273, 1272, 23, 7.72%, 0, 0, 2, 22.98
1747828634, 0, 268, 1273, 1272, 23, 7.72%, 0, 0, 2, 23.18
1747828639, 0, 270, 1273, 1272, 23, 7.72%, 0, 0, 2, 22.33
1747828644, 0, 272, 1273, 1272, 23, 7.72%, 0, 0, 2, 22.85
1747828649, 0, 273, 1273, 1272, 23, 7.72%, 0, 0, 2, 23.65
1747828654, 0, 274, 1273, 1272, 23, 7.72%, 0, 0, 2, 23.19
1747828659, 0, 275, 1273, 1272, 23, 7.72%, 0, 0, 2, 24.29
1747828665, 0, 275, 1274, 1273, 23, 7.72%, 0, 0, 2, 23.83
1747828670, 0, 276, 1274, 1273, 23, 7.72%, 0, 0, 2, 24.43
1747828680, 0, 278, 1275, 1274, 23, 7.72%, 0, 0, 2, 23.20
1747828690, 0, 279, 1275, 1274, 22, 7.72%, 0, 0, 2, 23.30
1747828695, 0, 280, 1275, 1274, 22, 7.72%, 0, 0, 2, 23.26
1747828700, 0, 281, 1276, 1275, 22, 7.72%, 0, 0, 2, 21.05
1747828710, 0, 283, 1276, 1275, 22, 7.72%, 0, 0, 2, 21.49
1747828721, 0, 284, 1276, 1275, 22, 7.72%, 0, 0, 2, 22.41
1747828726, 0, 286, 1276, 1275, 22, 7.72%, 0, 0, 2, 22.64
1747828731, 0, 287, 1276, 1275, 22, 7.72%, 0, 0, 2, 23.33
1747828736, 0, 288, 1277, 1276, 22, 7.75%, 0, 0, 2, 22.15
1747828746, 0, 289, 1277, 1276, 23, 7.75%, 0, 0, 2, 24.43
1747828751, 0, 290, 1277, 1276, 23, 7.75%, 0, 0, 2, 23.82
1747828756, 0, 292, 1277, 1276, 23, 7.75%, 0, 0, 2, 22.17
1747828761, 0, 294, 1277, 1276, 23, 7.75%, 0, 0, 2, 22.88
1747828767, 0, 295, 1277, 1276, 23, 7.75%, 0, 0, 2, 23.09
1747828772, 0, 296, 1277, 1276, 23, 7.75%, 0, 0, 2, 24.04
1747828777, 0, 298, 1277, 1276, 23, 7.75%, 0, 0, 2, 24.09
1747828782, 0, 299, 1277, 1276, 23, 7.75%, 0, 0, 2, 23.86
1747828792, 0, 300, 1279, 1278, 23, 7.79%, 0, 0, 2, 20.28
1747828802, 0, 300, 1281, 1280, 23, 7.79%, 0, 0, 2, 20.99
1747828818, 0, 300, 1282, 1281, 23, 7.81%, 0, 0, 2, 20.20
1747828838, 0, 300, 1283, 1282, 23, 7.81%, 0, 0, 2, 20.30
1747828843, 0, 300, 1284, 1283, 23, 7.81%, 0, 0, 2, 21.92
1747828853, 0, 300, 1286, 1285, 23, 7.82%, 0, 0, 2, 21.25
1747828925, 0, 300, 1287, 1286, 23, 7.82%, 0, 0, 2, 21.69
1747828955, 0, 300, 1288, 1287, 23, 7.82%, 0, 0, 2, 21.79
1747828981, 0, 301, 1288, 1287, 23, 7.82%, 0, 0, 2, 21.89
1747828991, 0, 302, 1289, 1288, 23, 7.82%, 0, 0, 2, 22.16
1747828996, 0, 302, 1290, 1289, 23, 7.82%, 0, 0, 2, 21.71
1747829011, 0, 304, 1290, 1289, 23, 7.82%, 0, 0, 2, 22.56
1747829017, 0, 304, 1291, 1290, 23, 7.82%, 0, 2, 2, 3.16
1747829022, 0, 304, 1291, 1290, 23, 7.82%, 0, 5, 2, 2.61
1747829028, 0, 304, 1291, 1290, 23, 7.82%, 0, 7, 2, 2.18
1747829033, 0, 304, 1291, 1290, 23, 7.82%, 0, 8, 2, 23.56
1747829039, 0, 305, 1291, 1290, 23, 7.82%, 0, 8, 2, 23.44
1747829044, 0, 305, 1292, 1291, 23, 7.82%, 0, 8, 2, 21.48
1747829049, 0, 305, 1293, 1292, 23, 7.82%, 0, 8, 2, 20.35
1747829064, 0, 306, 1293, 1292, 23, 7.82%, 0, 8, 2, 23.35
1747829069, 0, 308, 1293, 1292, 23, 7.82%, 0, 8, 2, 23.36
1747829074, 0, 309, 1293, 1292, 23, 7.82%, 0, 8, 2, 24.04
1747829079, 0, 310, 1294, 1293, 23, 7.82%, 0, 8, 2, 22.77
1747829094, 0, 311, 1294, 1293, 23, 7.82%, 0, 8, 2, 22.03
1747829100, 0, 315, 1294, 1293, 23, 7.82%, 0, 8, 2, 21.93
1747829105, 0, 317, 1294, 1293, 23, 7.82%, 0, 8, 2, 17.10
1747829115, 0, 318, 1294, 1293, 23, 7.82%, 0, 8, 2, 13.69
1747829120, 0, 319, 1294, 1293, 23, 7.82%, 0, 8, 2, 13.89
1747829130, 0, 320, 1294, 1293, 23, 7.82%, 0, 8, 2, 13.52
1747829141, 0, 321, 1294, 1293, 23, 7.82%, 0, 8, 2, 13.69
1747829151, 0, 322, 1294, 1293, 23, 7.82%, 0, 8, 2, 13.73
1747829161, 0, 323, 1294, 1293, 23, 7.82%, 0, 8, 2, 13.54
1747829171, 0, 326, 1294, 1293, 23, 7.82%, 0, 8, 2, 14.07
1747829176, 0, 327, 1294, 1293, 23, 7.82%, 0, 8, 2, 13.67
1747829187, 0, 329, 1294, 1293, 23, 7.82%, 0, 8, 2, 13.88
1747829197, 0, 330, 1294, 1293, 23, 7.82%, 0, 8, 2, 13.32
1747829207, 0, 331, 1294, 1293, 23, 7.82%, 0, 8, 2, 14.40
1747829213, 0, 332, 1294, 1293, 23, 7.82%, 0, 8, 2, 14.58
1747829218, 0, 332, 1295, 1294, 23, 7.82%, 0, 8, 2, 12.06
1747829238, 0, 333, 1295, 1294, 23, 7.82%, 0, 8, 2, 22.08
1747830071, 0, 334, 1295, 1293, 23, 7.82%, 0, 8, 2, 29.28
1747830076, 0, 335, 1295, 1293, 23, 7.82%, 0, 8, 2, 25.67
1747830081, 0, 336, 1295, 1293, 23, 7.82%, 0, 8, 2, 24.06
1747830086, 0, 337, 1295, 1293, 23, 7.82%, 0, 8, 2, 24.51
1747830091, 0, 338, 1295, 1293, 23, 7.82%, 0, 8, 2, 22.19
1747830096, 0, 338, 1296, 1294, 23, 7.82%, 0, 8, 3, 22.42
1747830102, 0, 338, 1297, 1295, 23, 7.82%, 0, 8, 3, 22.42
1747830117, 0, 339, 1297, 1295, 23, 7.82%, 0, 8, 3, 21.88
1747830122, 0, 339, 1298, 1296, 23, 7.82%, 0, 8, 3, 21.71
1747830127, 0, 340, 1298, 1296, 23, 7.82%, 0, 8, 3, 22.72
1747830132, 0, 341, 1298, 1296, 23, 7.82%, 0, 8, 3, 23.95
1747830137, 0, 342, 1298, 1296, 23, 7.82%, 0, 8, 3, 23.17
1747830143, 0, 343, 1298, 1296, 23, 7.82%, 0, 8, 3, 21.43
1747830148, 0, 344, 1298, 1296, 23, 7.82%, 0, 8, 3, 21.62
1747830153, 0, 346, 1298, 1296, 23, 7.82%, 0, 8, 3, 22.69
1747830163, 0, 347, 1298, 1296, 23, 7.82%, 0, 8, 3, 22.80
1747830168, 0, 349, 1298, 1296, 23, 7.82%, 0, 8, 3, 23.04
1747830173, 0, 351, 1298, 1296, 23, 7.82%, 0, 8, 3, 23.01
1747830178, 0, 352, 1299, 1297, 23, 7.82%, 0, 8, 3, 20.84
1747830189, 0, 355, 1299, 1297, 24, 7.82%, 0, 8, 3, 22.38
1747830194, 0, 358, 1299, 1297, 24, 7.82%, 0, 8, 3, 23.06
1747830199, 0, 360, 1299, 1297, 24, 7.82%, 0, 8, 3, 22.86
1747830209, 0, 363, 1299, 1297, 24, 7.82%, 0, 8, 3, 22.29
1747830214, 0, 364, 1299, 1297, 24, 7.82%, 0, 8, 3, 23.10
1747830219, 0, 366, 1299, 1297, 24, 7.82%, 0, 8, 3, 22.67
1747830224, 0, 368, 1299, 1297, 24, 7.82%, 0, 8, 3, 23.55
1747830229, 0, 369, 1299, 1297, 24, 7.82%, 0, 8, 3, 23.32
1747830235, 0, 369, 1300, 1298, 24, 7.82%, 0, 8, 3, 21.85
1747830240, 0, 370, 1300, 1298, 24, 7.82%, 0, 8, 3, 22.13
1747830245, 0, 371, 1300, 1298, 24, 7.82%, 0, 8, 3, 23.11
1747830250, 0, 372, 1300, 1298, 24, 7.82%, 0, 8, 3, 21.84
1747830260, 0, 373, 1300, 1298, 24, 7.82%, 0, 8, 3, 22.67
1747830265, 0, 374, 1300, 1298, 24, 7.82%, 0, 8, 3, 22.38
1747830270, 0, 375, 1300, 1298, 24, 7.82%, 0, 8, 3, 21.96
1747830275, 0, 376, 1300, 1298, 24, 7.82%, 0, 8, 3, 21.76
1747830281, 0, 378, 1300, 1298, 24, 7.82%, 0, 8, 3, 22.73
1747830286, 0, 379, 1300, 1298, 24, 7.82%, 0, 8, 3, 23.49
1747830291, 0, 380, 1300, 1298, 24, 7.82%, 0, 8, 3, 22.93
1747830301, 0, 382, 1300, 1298, 24, 7.82%, 0, 8, 3, 22.06
1747830306, 0, 383, 1300, 1298, 24, 7.82%, 0, 8, 3, 22.81
1747830311, 0, 384, 1300, 1298, 24, 7.82%, 0, 8, 3, 22.63
1747830316, 0, 385, 1300, 1298, 24, 7.82%, 0, 8, 3, 23.28
1747830321, 0, 386, 1300, 1298, 24, 7.82%, 0, 8, 3, 23.75
1747830326, 0, 387, 1300, 1298, 24, 7.82%, 0, 8, 3, 23.31
1747830331, 0, 388, 1300, 1298, 24, 7.82%, 0, 8, 3, 22.55
1747830337, 0, 389, 1300, 1298, 24, 7.82%, 0, 8, 3, 21.21
1747830342, 0, 390, 1300, 1298, 24, 7.82%, 0, 8, 3, 22.43
1747830347, 0, 391, 1300, 1298, 24, 7.82%, 0, 8, 3, 24.34
1747830352, 0, 392, 1300, 1298, 24, 7.82%, 0, 8, 3, 23.60
1747830362, 0, 393, 1300, 1298, 24, 7.82%, 0, 8, 3, 21.60
1747830367, 0, 395, 1300, 1298, 24, 7.82%, 0, 8, 3, 22.24
1747830373, 0, 397, 1300, 1298, 24, 7.82%, 0, 8, 3, 22.29
1747830378, 0, 398, 1300, 1298, 24, 7.82%, 0, 8, 3, 22.20
1747830383, 0, 399, 1300, 1298, 24, 7.82%, 0, 8, 3, 22.41
1747830388, 0, 400, 1300, 1298, 24, 7.82%, 0, 8, 3, 22.46
1747830393, 0, 401, 1300, 1298, 24, 7.82%, 0, 8, 3, 21.99
1747830398, 0, 402, 1300, 1298, 24, 7.82%, 0, 8, 3, 22.58
1747830403, 0, 403, 1300, 1298, 24, 7.82%, 0, 8, 3, 23.30
1747830408, 0, 404, 1300, 1298, 24, 7.82%, 0, 8, 3, 23.70
1747830419, 0, 406, 1300, 1298, 24, 7.82%, 0, 8, 3, 24.09
1747830424, 0, 407, 1300, 1298, 24, 7.82%, 0, 8, 3, 22.28
1747830429, 0, 408, 1300, 1298, 24, 7.82%, 0, 8, 3, 23.02
1747830434, 0, 409, 1300, 1298, 24, 7.82%, 0, 8, 3, 23.23
1747830439, 0, 410, 1300, 1298, 24, 7.82%, 0, 8, 3, 23.64
1747830444, 0, 410, 1301, 1299, 24, 7.82%, 0, 8, 3, 20.77
1747830450, 0, 411, 1301, 1299, 24, 7.82%, 0, 8, 3, 22.21
1747830455, 0, 412, 1301, 1299, 24, 7.82%, 0, 8, 3, 22.74
1747830460, 0, 413, 1301, 1299, 24, 7.82%, 0, 8, 3, 22.96
1747830465, 0, 414, 1301, 1299, 24, 7.82%, 0, 8, 3, 23.98
1747830470, 0, 414, 1302, 1300, 24, 7.82%, 0, 8, 3, 22.16
1747830481, 0, 416, 1302, 1300, 24, 7.82%, 0, 8, 3, 23.54
1747830486, 0, 420, 1302, 1300, 24, 7.82%, 0, 8, 3, 21.95
1747830491, 0, 421, 1302, 1300, 24, 7.82%, 0, 8, 3, 22.41
1747830496, 0, 423, 1302, 1300, 24, 7.82%, 0, 8, 3, 23.25
1747830501, 0, 424, 1302, 1300, 24, 7.82%, 0, 8, 3, 24.08
1747830506, 0, 426, 1302, 1300, 24, 7.82%, 0, 8, 3, 23.77
1747830511, 0, 427, 1302, 1300, 24, 7.82%, 0, 8, 3, 21.42
1747830517, 0, 427, 1303, 1301, 24, 7.82%, 0, 8, 3, 21.41
1747830522, 0, 427, 1304, 1302, 24, 7.82%, 0, 8, 3, 22.94
1747830527, 0, 427, 1305, 1303, 24, 7.82%, 0, 8, 3, 21.60
1747830557, 0, 428, 1305, 1303, 24, 7.82%, 0, 8, 3, 21.85
1747830562, 0, 431, 1305, 1303, 24, 7.82%, 0, 8, 3, 23.06
1747830573, 0, 433, 1305, 1303, 24, 7.82%, 0, 8, 3, 23.15
1747830578, 0, 434, 1305, 1303, 24, 7.82%, 0, 8, 3, 21.74
1747830583, 0, 435, 1305, 1303, 24, 7.82%, 0, 8, 3, 23.76
1747830588, 0, 436, 1305, 1303, 24, 7.82%, 0, 8, 3, 22.39
1747830593, 0, 437, 1305, 1303, 24, 7.82%, 0, 8, 3, 22.26
1747830598, 0, 438, 1305, 1303, 24, 7.82%, 0, 8, 3, 22.99
1747830603, 0, 439, 1305, 1303, 24, 7.82%, 0, 8, 3, 23.60
1747830608, 0, 440, 1305, 1303, 24, 7.82%, 0, 8, 3, 22.57
1747830614, 0, 441, 1305, 1303, 24, 7.82%, 0, 8, 3, 21.79
1747830624, 0, 443, 1305, 1303, 24, 7.82%, 0, 8, 3, 21.74
1747830629, 0, 444, 1305, 1303, 24, 7.82%, 0, 8, 3, 21.38
1747830634, 0, 449, 1305, 1303, 24, 7.82%, 0, 8, 3, 22.27
1747830639, 0, 450, 1306, 1304, 24, 7.82%, 0, 8, 3, 22.76
1747830650, 0, 451, 1306, 1304, 24, 7.82%, 0, 8, 3, 21.53
1747830655, 0, 452, 1306, 1304, 24, 7.82%, 0, 8, 3, 21.48
1747830660, 0, 453, 1306, 1304, 24, 7.82%, 0, 8, 3, 23.31
1747830670, 0, 454, 1307, 1305, 24, 7.82%, 0, 8, 3, 21.60
1747830681, 0, 455, 1307, 1305, 24, 7.82%, 0, 8, 3, 21.96
1747830686, 0, 456, 1307, 1305, 24, 7.82%, 0, 8, 3, 22.15
1747830691, 0, 457, 1307, 1305, 24, 7.82%, 0, 8, 3, 22.80
1747830696, 0, 458, 1307, 1305, 24, 7.82%, 0, 8, 3, 22.50
1747830701, 0, 459, 1307, 1305, 24, 7.82%, 0, 8, 3, 22.57
1747830706, 0, 460, 1307, 1305, 24, 7.82%, 0, 8, 3, 24.32
1747830711, 0, 461, 1307, 1305, 24, 7.82%, 0, 8, 3, 23.44
1747830721, 0, 463, 1307, 1305, 24, 7.82%, 0, 8, 3, 22.11
1747830726, 0, 465, 1307, 1305, 24, 7.82%, 0, 8, 3, 22.98
1747830731, 0, 467, 1307, 1305, 24, 7.82%, 0, 8, 3, 23.95
1747830736, 0, 468, 1307, 1305, 24, 7.82%, 0, 8, 3, 23.21
1747830741, 0, 469, 1307, 1305, 24, 7.82%, 0, 8, 3, 21.86
1747830746, 0, 470, 1307, 1305, 24, 7.82%, 0, 8, 3, 22.29
1747830752, 0, 470, 1308, 1306, 24, 7.82%, 0, 8, 3, 21.04
1747830762, 0, 471, 1308, 1306, 24, 7.82%, 0, 8, 3, 21.78
1747830767, 0, 472, 1308, 1306, 24, 7.82%, 0, 8, 3, 23.17
1747830772, 0, 473, 1308, 1306, 24, 7.82%, 0, 8, 3, 23.67
1747830778, 0, 474, 1308, 1306, 24, 7.82%, 0, 8, 3, 23.46
1747830783, 0, 475, 1308, 1306, 24, 7.82%, 0, 8, 3, 23.38
1747830788, 0, 476, 1308, 1306, 24, 7.82%, 0, 8, 3, 21.96
1747830793, 0, 477, 1308, 1306, 24, 7.82%, 0, 8, 3, 23.38
1747830798, 0, 478, 1308, 1306, 24, 7.82%, 0, 8, 3, 22.82
1747830803, 0, 479, 1308, 1306, 24, 7.82%, 0, 8, 3, 24.32
1747830808, 0, 480, 1308, 1306, 24, 7.82%, 0, 8, 3, 23.58
1747830814, 0, 484, 1309, 1307, 24, 7.82%, 0, 8, 3, 22.55
1747830824, 0, 485, 1309, 1307, 24, 7.82%, 0, 8, 3, 23.62
1747830829, 0, 485, 1310, 1308, 24, 7.82%, 0, 8, 3, 22.58
1747830839, 0, 486, 1310, 1308, 23, 7.82%, 0, 8, 3, 23.63
1747830845, 0, 487, 1310, 1308, 23, 7.82%, 0, 8, 3, 22.89
1747830850, 0, 488, 1310, 1308, 23, 7.82%, 0, 8, 3, 23.22
1747830855, 0, 489, 1310, 1308, 23, 7.82%, 0, 8, 3, 22.84
1747830860, 0, 490, 1310, 1308, 23, 7.82%, 0, 8, 3, 22.95
1747830865, 0, 491, 1310, 1308, 23, 7.82%, 0, 8, 3, 23.88
1747830870, 0, 494, 1310, 1308, 23, 7.82%, 0, 8, 3, 22.33
1747830875, 0, 498, 1310, 1308, 23, 7.82%, 0, 8, 3, 22.04
1747830880, 0, 499, 1310, 1308, 23, 7.82%, 0, 8, 3, 22.82
1747830890, 0, 501, 1310, 1308, 23, 7.82%, 0, 8, 3, 22.56
1747830895, 0, 502, 1310, 1308, 23, 7.82%, 0, 8, 3, 23.49
1747830901, 0, 503, 1311, 1309, 23, 7.82%, 0, 8, 3, 20.61
1747830911, 0, 504, 1311, 1309, 23, 7.82%, 0, 8, 3, 21.86
1747830916, 0, 505, 1311, 1309, 23, 7.82%, 0, 8, 3, 22.74
1747830921, 0, 506, 1311, 1309, 23, 7.82%, 0, 8, 3, 22.91
1747830931, 0, 508, 1311, 1309, 23, 7.82%, 0, 8, 3, 22.01
1747830936, 0, 509, 1311, 1309, 23, 7.82%, 0, 8, 3, 21.54
1747830941, 0, 510, 1311, 1309, 23, 7.82%, 0, 8, 3, 21.71
1747830946, 0, 513, 1311, 1309, 23, 7.82%, 0, 8, 3, 24.17
1747830952, 0, 514, 1311, 1309, 23, 7.82%, 0, 8, 3, 23.20
1747830957, 0, 516, 1311, 1309, 23, 7.82%, 0, 8, 3, 21.81
1747830962, 0, 517, 1311, 1309, 23, 7.82%, 0, 8, 3, 23.62
1747830967, 0, 518, 1311, 1309, 23, 7.82%, 0, 8, 3, 23.63
1747830972, 0, 519, 1311, 1309, 23, 7.82%, 0, 8, 3, 22.80
1747830977, 0, 519, 1312, 1310, 23, 7.82%, 0, 8, 3, 21.83
1747830987, 0, 520, 1312, 1310, 23, 7.82%, 0, 8, 3, 22.82
1747830992, 0, 522, 1312, 1310, 23, 7.82%, 0, 8, 3, 22.53
1747830998, 0, 524, 1312, 1310, 23, 7.82%, 0, 8, 3, 21.42
1747831003, 0, 526, 1312, 1310, 23, 7.82%, 0, 8, 3, 23.02
1747831008, 0, 527, 1312, 1310, 23, 7.82%, 0, 8, 3, 23.46
1747831013, 0, 528, 1312, 1310, 23, 7.82%, 0, 8, 3, 22.57
1747831023, 0, 529, 1312, 1310, 23, 7.82%, 0, 8, 3, 14.73
1747831034, 0, 529, 1313, 1311, 23, 7.82%, 0, 8, 3, 12.42
1747831044, 0, 529, 1314, 1312, 23, 7.82%, 0, 8, 3, 12.49
1747831054, 0, 529, 1315, 1313, 23, 7.82%, 0, 8, 3, 12.74
1747831059, 0, 529, 1316, 1314, 23, 7.82%, 0, 8, 3, 12.80
1747831085, 0, 529, 1317, 1315, 23, 7.82%, 0, 8, 3, 13.57
1747831121, 0, 529, 1318, 1316, 23, 7.82%, 0, 8, 3, 12.31
1747831126, 0, 529, 1319, 1317, 23, 7.82%, 0, 8, 3, 12.24
1747831131, 0, 529, 1320, 1318, 23, 7.83%, 0, 8, 3, 11.98
1747831141, 0, 529, 1321, 1319, 23, 7.83%, 0, 8, 3, 12.06
1747831151, 0, 529, 1322, 1320, 23, 7.83%, 0, 8, 3, 12.46
1747831156, 0, 529, 1323, 1321, 23, 7.83%, 0, 8, 3, 12.81
1747831167, 0, 529, 1324, 1322, 23, 7.87%, 0, 8, 3, 12.46
1747831182, 0, 529, 1325, 1323, 23, 7.87%, 0, 8, 3, 12.59
1747831213, 0, 529, 1326, 1324, 23, 7.87%, 0, 8, 3, 13.25
1747831233, 0, 529, 1327, 1325, 23, 7.87%, 0, 8, 3, 12.48
1747831269, 0, 529, 1329, 1327, 23, 7.88%, 0, 8, 3, 11.51
1747831279, 0, 529, 1331, 1329, 23, 7.88%, 0, 8, 3, 12.03
1747831305, 0, 529, 1333, 1331, 23, 7.88%, 0, 8, 3, 12.16
1747831320, 0, 529, 1334, 1332, 23, 7.88%, 0, 8, 3, 13.17
1747831351, 0, 530, 1334, 1332, 22, 7.88%, 0, 8, 3, 13.81
1747831361, 0, 531, 1334, 1332, 22, 7.88%, 0, 8, 3, 13.38
1747831371, 0, 533, 1334, 1332, 22, 7.88%, 0, 8, 3, 13.15
1747831382, 0, 534, 1334, 1332, 22, 7.88%, 0, 8, 3, 13.47
1747831392, 0, 535, 1335, 1333, 22, 7.88%, 0, 8, 3, 11.93
1747831412, 0, 537, 1335, 1333, 22, 7.88%, 0, 8, 3, 13.15
1747831423, 0, 538, 1335, 1333, 22, 7.88%, 0, 8, 3, 13.66
1747831433, 0, 539, 1336, 1334, 22, 7.88%, 0, 8, 3, 12.83
1747831453, 0, 541, 1336, 1334, 22, 7.88%, 0, 8, 3, 13.09
1747831464, 0, 542, 1336, 1334, 22, 7.88%, 0, 8, 3, 13.02
1747831469, 0, 543, 1336, 1334, 22, 7.88%, 0, 8, 3, 13.51
1747831479, 0, 544, 1336, 1334, 22, 7.88%, 0, 8, 3, 13.30
1747831489, 0, 545, 1336, 1334, 22, 7.88%, 0, 8, 3, 13.40
1747831499, 0, 546, 1336, 1334, 22, 7.88%, 0, 8, 3, 12.99
1747831510, 0, 547, 1336, 1334, 22, 7.88%, 0, 8, 3, 13.55
1747831520, 0, 550, 1337, 1335, 22, 7.88%, 0, 8, 3, 11.95
1747831541, 0, 554, 1337, 1335, 22, 7.88%, 0, 8, 3, 13.49
1747831551, 0, 556, 1337, 1335, 22, 7.88%, 0, 8, 3, 13.71
1747831562, 0, 557, 1337, 1335, 22, 7.88%, 0, 8, 3, 13.40
1747831567, 0, 558, 1337, 1335, 22, 7.88%, 0, 8, 3, 13.29
1747831577, 0, 559, 1337, 1335, 22, 7.88%, 0, 8, 3, 13.34
1747831587, 0, 560, 1337, 1335, 22, 7.88%, 0, 8, 3, 13.66
1747831597, 0, 561, 1337, 1335, 22, 7.88%, 0, 8, 3, 14.08
1747831607, 0, 562, 1337, 1335, 22, 7.88%, 0, 8, 3, 12.90
1747831618, 0, 563, 1337, 1335, 22, 7.88%, 0, 8, 3, 13.23
1747831623, 0, 563, 1338, 1336, 22, 7.88%, 0, 8, 3, 12.02
1747831638, 0, 566, 1338, 1336, 22, 7.88%, 0, 8, 3, 14.05
1747831649, 0, 566, 1340, 1338, 22, 7.88%, 0, 8, 3, 12.43
1747831654, 0, 566, 1341, 1339, 22, 7.88%, 0, 8, 3, 11.93
1747831669, 0, 566, 1342, 1340, 22, 7.88%, 0, 8, 3, 11.74
1747831690, 0, 566, 1343, 1341, 22, 7.88%, 0, 8, 3, 12.43
1747831700, 0, 566, 1344, 1342, 22, 7.88%, 0, 8, 3, 12.12
1747831716, 0, 566, 1345, 1343, 22, 7.88%, 0, 8, 3, 12.43
1747831757, 0, 566, 1346, 1344, 22, 7.88%, 0, 8, 3, 12.59
1747831787, 0, 566, 1347, 1345, 22, 7.88%, 0, 8, 3, 11.74
1747831823, 0, 566, 1348, 1346, 22, 7.88%, 0, 8, 3, 12.45
1747831946, 0, 566, 1349, 1347, 22, 7.88%, 0, 8, 3, 12.28
1747831962, 0, 568, 1349, 1347, 22, 7.88%, 0, 8, 3, 12.82
1747831972, 0, 570, 1349, 1347, 22, 7.88%, 0, 8, 3, 12.80
1747831982, 0, 571, 1349, 1347, 22, 7.88%, 0, 8, 3, 12.89
1747831992, 0, 572, 1349, 1347, 22, 7.88%, 0, 8, 3, 13.24
1747832003, 0, 573, 1349, 1347, 22, 7.88%, 0, 8, 3, 12.63
1747832013, 0, 573, 1350, 1348, 22, 7.88%, 0, 8, 3, 11.24
1747832023, 0, 574, 1350, 1348, 22, 7.88%, 0, 8, 3, 13.45
1747832034, 0, 575, 1350, 1348, 22, 7.88%, 0, 8, 3, 12.94
1747832044, 0, 576, 1350, 1348, 22, 7.88%, 0, 8, 3, 12.81
1747832055, 0, 577, 1350, 1348, 22, 7.88%, 0, 8, 3, 13.44
1747832065, 0, 578, 1350, 1348, 22, 7.88%, 0, 8, 3, 13.51
1747832070, 0, 578, 1351, 1349, 22, 7.88%, 0, 8, 3, 12.37
1747832085, 0, 579, 1351, 1349, 23, 7.88%, 0, 8, 3, 13.23
1747832096, 0, 580, 1351, 1349, 23, 7.88%, 0, 8, 3, 12.93
1747832101, 0, 581, 1351, 1349, 23, 7.88%, 0, 8, 3, 13.69
1747832111, 0, 582, 1351, 1349, 23, 7.88%, 0, 8, 3, 12.98
1747832116, 0, 582, 1352, 1350, 23, 7.88%, 0, 8, 3, 12.92
1747832132, 0, 583, 1352, 1350, 23, 7.88%, 0, 8, 3, 13.27
1747832142, 0, 584, 1352, 1350, 23, 7.88%, 0, 8, 3, 12.78
1747832152, 0, 585, 1352, 1350, 23, 7.88%, 0, 8, 3, 13.86
1747832162, 0, 586, 1352, 1350, 23, 7.88%, 0, 8, 3, 13.07
1747832173, 0, 587, 1352, 1350, 23, 7.88%, 0, 8, 3, 12.75
1747832183, 0, 588, 1352, 1350, 23, 7.88%, 0, 8, 3, 13.71
1747832193, 0, 589, 1352, 1350, 23, 7.88%, 0, 8, 3, 12.85
1747832198, 0, 589, 1353, 1351, 23, 7.88%, 0, 8, 3, 13.11
1747832214, 0, 590, 1353, 1351, 23, 7.88%, 0, 8, 3, 12.86
1747832224, 0, 591, 1353, 1351, 23, 7.88%, 0, 8, 3, 13.64
1747832229, 0, 594, 1353, 1351, 23, 7.88%, 0, 8, 3, 14.05
1747832239, 0, 595, 1353, 1351, 23, 7.88%, 0, 8, 3, 12.85
1747832250, 0, 596, 1353, 1351, 23, 7.88%, 0, 8, 3, 13.07
1747832260, 0, 598, 1353, 1351, 23, 7.88%, 0, 8, 3, 13.48
1747832270, 0, 599, 1353, 1351, 23, 7.88%, 0, 8, 3, 13.49
1747832280, 0, 600, 1353, 1351, 23, 7.88%, 0, 8, 3, 12.85
1747832291, 0, 601, 1353, 1351, 23, 7.88%, 0, 8, 3, 12.66
1747832301, 0, 602, 1353, 1351, 23, 7.88%, 0, 8, 3, 12.64
1747832311, 0, 603, 1353, 1351, 23, 7.88%, 0, 8, 3, 13.08
1747832322, 0, 603, 1354, 1352, 23, 7.88%, 0, 8, 3, 12.30
1747832332, 0, 604, 1354, 1352, 23, 7.88%, 0, 8, 3, 13.12
1747832342, 0, 605, 1354, 1352, 23, 7.88%, 0, 8, 3, 12.92
1747832352, 0, 607, 1354, 1352, 23, 7.88%, 0, 8, 3, 13.21
1747832362, 0, 608, 1354, 1352, 23, 7.88%, 0, 8, 3, 13.27
1747832373, 0, 609, 1355, 1353, 23, 7.89%, 0, 8, 3, 11.67
1747832393, 0, 610, 1355, 1353, 24, 7.89%, 0, 8, 3, 13.23
1747832404, 0, 611, 1356, 1354, 24, 7.89%, 0, 8, 3, 13.14
1747832409, 0, 611, 1357, 1355, 24, 7.89%, 0, 8, 3, 11.55
1747832419, 0, 611, 1358, 1356, 24, 7.91%, 0, 8, 3, 12.19
1747832440, 0, 611, 1359, 1357, 24, 7.91%, 0, 8, 3, 12.17
1747832567, 0, 611, 1360, 1358, 24, 7.92%, 0, 8, 3, 13.04
1747832613, 0, 611, 1361, 1359, 24, 7.92%, 0, 8, 3, 11.90
1747832716, 0, 611, 1362, 1360, 24, 7.92%, 0, 8, 3, 11.36
1747832731, 0, 612, 1362, 1360, 26, 7.92%, 0, 8, 3, 12.75
1747832742, 0, 614, 1363, 1361, 26, 7.92%, 0, 8, 3, 12.88
1747832762, 0, 615, 1363, 1361, 26, 7.92%, 0, 8, 3, 12.45
1747832772, 0, 617, 1363, 1361, 26, 7.92%, 0, 8, 3, 12.49
1747832777, 0, 617, 1364, 1362, 26, 7.92%, 0, 8, 3, 11.88
1747832793, 0, 618, 1364, 1362, 26, 7.92%, 0, 8, 3, 13.02
1747832803, 0, 620, 1364, 1362, 26, 7.92%, 0, 8, 3, 13.62
1747832808, 0, 622, 1364, 1362, 26, 7.92%, 0, 8, 3, 13.41
1747832818, 0, 626, 1364, 1362, 26, 7.92%, 0, 8, 3, 12.76
1747832828, 0, 627, 1364, 1362, 26, 7.92%, 0, 8, 3, 12.54
1747832839, 0, 627, 1365, 1363, 26, 7.92%, 0, 8, 3, 12.29
1747832854, 0, 628, 1365, 1363, 26, 7.92%, 0, 8, 3, 12.59
1747832859, 0, 629, 1365, 1363, 26, 7.92%, 0, 8, 3, 13.16
1747832869, 0, 630, 1365, 1363, 26, 7.92%, 0, 8, 3, 12.52
1747832880, 0, 632, 1365, 1363, 26, 7.92%, 0, 8, 3, 13.25
1747832885, 0, 632, 1366, 1364, 26, 7.92%, 0, 8, 3, 12.14
1747832900, 0, 632, 1367, 1365, 26, 7.92%, 0, 8, 3, 11.67
1747832921, 0, 633, 1367, 1365, 26, 7.92%, 0, 8, 3, 12.58
1747832931, 0, 634, 1367, 1365, 26, 7.92%, 0, 8, 3, 13.29
1747832941, 0, 634, 1368, 1366, 26, 7.92%, 0, 8, 3, 12.45
1747832946, 0, 634, 1369, 1367, 26, 7.92%, 0, 8, 3, 12.39
1747832967, 0, 634, 1370, 1368, 26, 7.92%, 0, 8, 3, 11.50
1747832998, 0, 634, 1371, 1369, 26, 7.92%, 0, 8, 3, 12.19
1747833054, 0, 634, 1372, 1370, 26, 7.92%, 0, 8, 3, 11.95
1747833120, 0, 634, 1373, 1371, 26, 7.92%, 0, 8, 3, 12.08
1747833258, 0, 635, 1373, 1371, 27, 7.92%, 0, 8, 3, 13.01
1747833269, 0, 636, 1373, 1371, 27, 7.92%, 0, 8, 3, 13.73
1747833279, 0, 637, 1373, 1371, 27, 7.92%, 0, 8, 3, 12.54
1747833290, 0, 637, 1374, 1372, 27, 7.92%, 0, 8, 3, 11.20
1747833300, 0, 638, 1374, 1372, 27, 7.92%, 0, 8, 3, 12.94
1747833310, 0, 639, 1374, 1372, 27, 7.92%, 0, 8, 3, 13.28
1747833320, 0, 640, 1374, 1372, 27, 7.92%, 0, 8, 3, 13.35
1747833330, 0, 641, 1374, 1372, 27, 7.92%, 0, 8, 3, 11.99
1747833341, 0, 642, 1374, 1372, 27, 7.92%, 0, 8, 3, 13.64
1747833351, 0, 643, 1374, 1372, 27, 7.92%, 0, 8, 3, 12.68
1747833361, 0, 644, 1374, 1372, 27, 7.92%, 0, 8, 3, 13.36
1747833372, 0, 648, 1374, 1372, 27, 7.92%, 0, 8, 3, 13.25
1747833382, 0, 649, 1374, 1372, 27, 7.92%, 0, 8, 3, 13.07
1747833392, 0, 650, 1375, 1373, 27, 7.93%, 0, 8, 3, 11.62
1747833413, 0, 651, 1375, 1373, 27, 7.93%, 0, 8, 3, 13.03
1747833423, 0, 652, 1376, 1374, 27, 7.93%, 0, 8, 3, 12.53
1747833443, 0, 653, 1376, 1374, 27, 7.93%, 0, 8, 3, 13.54
1747833449, 0, 654, 1376, 1374, 27, 7.93%, 0, 8, 3, 14.02
1747833459, 0, 654, 1377, 1375, 27, 7.93%, 0, 8, 3, 11.99
1747833474, 0, 655, 1377, 1375, 27, 7.93%, 0, 8, 3, 13.33
1747833484, 0, 657, 1377, 1375, 27, 7.93%, 0, 8, 3, 13.15
1747833490, 0, 658, 1377, 1375, 27, 7.93%, 0, 8, 3, 12.47
1747833500, 0, 658, 1378, 1376, 27, 7.93%, 0, 8, 3, 13.39
1747833510, 0, 659, 1378, 1376, 27, 7.93%, 0, 8, 3, 13.24
1747833515, 0, 659, 1379, 1377, 27, 7.93%, 0, 8, 3, 12.28
1747833526, 0, 659, 1380, 1378, 27, 7.93%, 0, 8, 3, 12.29
1747833531, 0, 659, 1381, 1379, 27, 7.94%, 0, 8, 3, 11.43
1747833541, 0, 659, 1382, 1380, 27, 7.94%, 0, 8, 3, 12.16
1747833566, 0, 659, 1383, 1381, 27, 7.94%, 0, 8, 3, 12.12
1747833608, 0, 659, 1384, 1382, 27, 7.94%, 0, 8, 3, 12.23
1747833628, 0, 659, 1385, 1383, 27, 7.94%, 0, 8, 3, 12.07
1747833659, 0, 659, 1386, 1384, 27, 7.94%, 0, 8, 3, 11.51
1747833751, 0, 659, 1387, 1385, 27, 7.94%, 0, 8, 3, 11.25
1747833827, 0, 659, 1388, 1386, 27, 7.94%, 0, 8, 3, 13.11
1747833843, 0, 660, 1388, 1386, 27, 7.94%, 0, 8, 3, 12.43
1747833853, 0, 662, 1388, 1386, 27, 7.94%, 0, 8, 3, 12.23
1747833863, 0, 663, 1388, 1386, 27, 7.94%, 0, 8, 3, 13.05
1747833873, 0, 665, 1388, 1386, 27, 7.94%, 0, 8, 3, 12.73
1747833878, 0, 665, 1389, 1387, 27, 7.94%, 0, 8, 3, 12.41
1747833894, 0, 666, 1389, 1387, 27, 7.94%, 0, 8, 3, 12.59
1747833904, 0, 668, 1389, 1387, 27, 7.94%, 0, 8, 3, 12.84
1747833914, 0, 669, 1389, 1387, 27, 7.94%, 0, 8, 3, 12.65
1747833925, 0, 670, 1389, 1387, 27, 7.94%, 0, 8, 3, 13.27
1747833935, 0, 671, 1389, 1387, 27, 7.94%, 0, 8, 3, 12.97
1747833945, 0, 672, 1389, 1387, 27, 7.94%, 0, 8, 3, 12.31
1747833950, 0, 672, 1390, 1388, 27, 7.94%, 0, 8, 3, 12.87
1747833966, 0, 673, 1390, 1388, 27, 7.94%, 0, 8, 3, 13.30
1747833976, 0, 674, 1390, 1388, 27, 7.94%, 0, 8, 3, 12.98
1747833981, 0, 674, 1391, 1389, 27, 7.95%, 0, 8, 3, 12.47
1747833997, 0, 676, 1391, 1389, 27, 7.95%, 0, 8, 3, 13.11
1747834007, 0, 677, 1391, 1389, 27, 7.95%, 0, 8, 3, 12.64
1747834017, 0, 678, 1391, 1389, 27, 7.95%, 0, 8, 3, 13.13
1747834027, 0, 680, 1391, 1389, 27, 7.95%, 0, 8, 3, 13.07
1747834038, 0, 681, 1391, 1389, 27, 7.95%, 0, 8, 3, 12.82
1747834048, 0, 682, 1391, 1389, 27, 7.95%, 0, 8, 3, 13.54
1747834058, 0, 684, 1391, 1389, 27, 7.95%, 0, 8, 3, 13.12
1747834068, 0, 685, 1391, 1389, 27, 7.95%, 0, 8, 3, 13.59
1747834073, 0, 685, 1392, 1390, 27, 7.95%, 0, 8, 3, 12.21
1747834089, 0, 686, 1392, 1390, 27, 7.95%, 0, 8, 3, 12.84
1747834099, 0, 687, 1392, 1390, 27, 7.95%, 0, 8, 3, 12.94
1747834104, 0, 688, 1392, 1390, 27, 7.95%, 0, 8, 3, 13.49
1747834114, 0, 689, 1392, 1390, 27, 7.95%, 0, 8, 3, 12.83
1747834124, 0, 692, 1392, 1390, 27, 7.95%, 0, 8, 3, 12.86
1747834134, 0, 693, 1392, 1390, 27, 7.95%, 0, 8, 3, 13.84
1747834144, 0, 694, 1392, 1390, 27, 7.95%, 0, 8, 3, 13.12
1747834154, 0, 697, 1392, 1390, 27, 7.95%, 0, 8, 3, 13.59
1747834165, 0, 698, 1392, 1390, 27, 7.95%, 0, 8, 3, 12.39
1747834175, 0, 699, 1392, 1390, 27, 7.95%, 0, 8, 3, 12.61
1747834185, 0, 700, 1392, 1390, 27, 7.95%, 0, 8, 3, 14.15
1747834196, 0, 701, 1392, 1390, 27, 7.95%, 0, 8, 3, 12.91
1747834206, 0, 702, 1392, 1390, 27, 7.95%, 0, 8, 3, 13.46
1747834216, 0, 704, 1392, 1390, 27, 7.95%, 0, 8, 3, 12.73
1747834226, 0, 705, 1392, 1390, 27, 7.95%, 0, 8, 3, 13.31
1747834237, 0, 706, 1392, 1390, 27, 7.95%, 0, 8, 3, 13.26
1747834242, 0, 707, 1392, 1390, 27, 7.95%, 0, 8, 3, 13.34
1747834252, 0, 708, 1392, 1390, 27, 7.95%, 0, 8, 3, 13.39
1747834262, 0, 710, 1392, 1390, 27, 7.95%, 0, 8, 3, 12.22
1747834273, 0, 711, 1392, 1390, 27, 7.95%, 0, 8, 3, 12.55
1747834283, 0, 712, 1392, 1390, 27, 7.95%, 0, 8, 3, 14.02
1747834288, 0, 712, 1393, 1391, 27, 7.95%, 0, 8, 3, 12.01
1747834303, 0, 713, 1393, 1391, 27, 7.95%, 0, 8, 3, 13.53
1747834314, 0, 714, 1393, 1391, 27, 7.95%, 0, 8, 3, 12.86
1747834324, 0, 715, 1393, 1391, 27, 7.95%, 0, 8, 3, 13.12
1747834334, 0, 715, 1394, 1392, 27, 7.95%, 0, 8, 3, 12.83
1747834344, 0, 716, 1394, 1392, 27, 7.95%, 0, 8, 3, 12.66
1747834355, 0, 717, 1394, 1392, 27, 7.95%, 0, 8, 3, 12.89
1747834365, 0, 720, 1394, 1392, 27, 7.95%, 0, 8, 3, 16.50
1747837145, 0, 721, 1394, 1391, 26, 7.95%, 0, 8, 3, 14.55
1747837155, 0, 722, 1394, 1391, 26, 7.95%, 0, 8, 3, 13.53
1747837160, 0, 722, 1395, 1392, 26, 7.96%, 0, 8, 3, 12.30
1747837176, 0, 723, 1395, 1392, 27, 7.96%, 0, 8, 3, 12.91
1747837186, 0, 724, 1395, 1392, 27, 7.96%, 0, 8, 3, 13.26
1747837191, 0, 726, 1395, 1392, 27, 7.96%, 0, 8, 3, 13.90
1747837201, 0, 728, 1395, 1392, 27, 7.96%, 0, 8, 3, 13.74
1747837212, 0, 729, 1395, 1392, 27, 7.96%, 0, 8, 3, 12.45
1747837222, 0, 730, 1395, 1392, 27, 7.96%, 0, 8, 3, 13.19
1747837232, 0, 730, 1396, 1393, 27, 7.97%, 0, 8, 3, 11.75
1747837238, 0, 730, 1397, 1394, 27, 7.97%, 0, 8, 3, 11.70
1747837263, 0, 731, 1397, 1394, 26, 7.97%, 0, 8, 3, 13.26
1747837268, 0, 731, 1398, 1395, 26, 7.97%, 0, 8, 3, 12.29
1747837284, 0, 733, 1398, 1395, 26, 7.97%, 0, 8, 3, 13.57
1747837294, 0, 735, 1398, 1395, 26, 7.97%, 0, 8, 3, 13.38
1747837304, 0, 736, 1398, 1395, 26, 7.97%, 0, 8, 3, 13.00
1747837314, 0, 736, 1399, 1396, 26, 7.97%, 0, 8, 3, 12.15
1747837324, 0, 737, 1399, 1396, 26, 7.97%, 0, 8, 3, 12.14
1747837335, 0, 738, 1399, 1396, 26, 7.97%, 0, 8, 3, 12.56
1747837345, 0, 739, 1399, 1396, 26, 7.97%, 0, 8, 3, 13.51
1747837355, 0, 740, 1399, 1396, 26, 7.97%, 0, 8, 3, 13.22
1747837366, 0, 742, 1399, 1396, 26, 7.97%, 0, 8, 3, 13.12
1747837376, 0, 744, 1399, 1396, 26, 7.97%, 0, 8, 3, 13.24
1747837381, 0, 744, 1400, 1397, 26, 7.97%, 0, 8, 3, 11.97
1747837396, 0, 745, 1400, 1397, 26, 7.97%, 0, 8, 3, 12.26
1747837407, 0, 746, 1400, 1397, 26, 7.97%, 0, 8, 3, 13.36
1747837417, 0, 747, 1400, 1397, 26, 7.97%, 0, 8, 3, 13.82
1747837427, 0, 748, 1400, 1397, 26, 7.97%, 0, 8, 3, 12.26
1747837432, 0, 748, 1401, 1398, 26, 7.97%, 0, 8, 3, 12.32
1747837437, 0, 748, 1402, 1399, 26, 7.97%, 0, 8, 3, 11.88
1747837468, 0, 749, 1402, 1399, 26, 7.97%, 0, 8, 3, 13.29
1747837478, 0, 752, 1403, 1400, 26, 7.97%, 0, 8, 3, 11.58
1747837494, 0, 752, 1404, 1401, 26, 7.97%, 0, 8, 3, 12.05
1747837519, 0, 753, 1404, 1401, 27, 7.97%, 0, 8, 3, 12.99
1747837530, 0, 754, 1404, 1401, 27, 7.97%, 0, 8, 3, 13.64
1747837540, 0, 754, 1406, 1403, 27, 7.97%, 0, 8, 3, 11.24
1747837576, 0, 756, 1407, 1404, 27, 7.97%, 0, 8, 3, 12.22
1747837581, 0, 756, 1408, 1405, 27, 7.97%, 0, 8, 3, 11.54
1747837601, 0, 756, 1409, 1406, 27, 7.97%, 0, 8, 3, 13.70
1747837627, 0, 756, 1410, 1407, 27, 7.97%, 0, 8, 3, 12.25
1747837653, 0, 756, 1411, 1408, 27, 7.97%, 0, 8, 3, 12.23
1747837663, 0, 756, 1412, 1409, 27, 7.97%, 0, 8, 3, 11.50
1747837899, 0, 757, 1412, 1409, 27, 7.97%, 0, 8, 3, 13.14
1747837909, 0, 758, 1412, 1409, 27, 7.97%, 0, 8, 3, 12.27
1747837919, 0, 759, 1412, 1409, 27, 7.97%, 0, 8, 3, 12.94
1747837924, 0, 759, 1413, 1410, 27, 7.97%, 0, 8, 3, 12.30
1747837939, 0, 762, 1413, 1410, 27, 7.97%, 0, 8, 3, 12.74
1747837945, 0, 762, 1414, 1411, 27, 7.97%, 0, 8, 3, 12.17
1747837960, 0, 764, 1414, 1411, 27, 7.97%, 0, 8, 3, 13.56
1747837970, 0, 766, 1414, 1411, 27, 7.97%, 0, 8, 3, 13.43
1747837980, 0, 767, 1414, 1411, 27, 7.97%, 0, 8, 3, 13.46
1747837990, 0, 768, 1414, 1411, 27, 7.97%, 0, 8, 3, 12.56
1747838001, 0, 768, 1416, 1413, 27, 7.97%, 0, 8, 3, 11.22
1747838011, 0, 768, 1417, 1414, 27, 7.97%, 0, 8, 3, 13.01
1747838077, 0, 769, 1417, 1414, 27, 7.97%, 0, 8, 3, 13.22
1747838082, 0, 769, 1419, 1416, 27, 7.97%, 0, 8, 3, 11.53
1747838093, 0, 769, 1420, 1417, 27, 7.97%, 0, 8, 3, 12.27
1747838103, 0, 769, 1421, 1418, 27, 7.97%, 0, 8, 3, 12.89
1747838118, 0, 769, 1422, 1419, 27, 7.97%, 0, 8, 3, 12.70
1747838134, 0, 769, 1423, 1420, 27, 7.97%, 0, 8, 3, 11.57
1747838154, 0, 769, 1424, 1421, 27, 7.97%, 0, 8, 3, 12.86
1747838190, 0, 769, 1425, 1422, 27, 7.98%, 0, 8, 3, 12.61
1747838200, 0, 769, 1426, 1423, 27, 7.98%, 0, 8, 3, 11.80
1747838303, 0, 769, 1427, 1424, 27, 7.98%, 0, 8, 3, 12.74
1747838395, 0, 769, 1428, 1425, 27, 7.98%, 0, 8, 3, 12.63
1747838400, 0, 771, 1428, 1425, 28, 7.98%, 0, 8, 3, 12.72
1747838405, 0, 772, 1428, 1425, 28, 7.98%, 0, 8, 3, 13.51
1747838415, 0, 773, 1428, 1425, 28, 7.98%, 0, 8, 3, 12.60
1747838425, 0, 774, 1428, 1425, 28, 7.98%, 0, 8, 3, 12.50
1747838436, 0, 776, 1428, 1425, 28, 7.98%, 0, 8, 3, 13.40
1747838446, 0, 777, 1428, 1425, 28, 7.98%, 0, 8, 3, 13.03
1747838457, 0, 780, 1428, 1425, 28, 7.98%, 0, 8, 3, 13.60
1747838467, 0, 781, 1428, 1425, 28, 7.98%, 0, 8, 3, 12.36
1747838477, 0, 782, 1428, 1425, 28, 7.98%, 0, 8, 3, 12.88
1747838487, 0, 783, 1428, 1425, 28, 7.98%, 0, 8, 3, 13.66
1747838498, 0, 784, 1428, 1425, 28, 7.98%, 0, 8, 3, 12.74
1747838508, 0, 785, 1428, 1425, 28, 7.98%, 0, 8, 3, 13.19
1747838513, 0, 786, 1428, 1425, 28, 7.98%, 0, 8, 3, 13.19
1747838523, 0, 788, 1428, 1425, 28, 7.98%, 0, 8, 3, 13.25
1747838534, 0, 789, 1428, 1425, 28, 7.98%, 0, 8, 3, 13.35
1747838539, 0, 789, 1429, 1426, 28, 7.98%, 0, 8, 3, 11.85
1747838554, 0, 795, 1429, 1426, 28, 7.98%, 0, 8, 3, 13.61
1747838565, 0, 796, 1429, 1426, 28, 7.98%, 0, 8, 3, 13.29
1747838575, 0, 797, 1429, 1426, 28, 7.98%, 0, 8, 3, 13.50
1747838585, 0, 798, 1429, 1426, 28, 7.98%, 0, 8, 3, 13.92
1747838595, 0, 799, 1429, 1426, 28, 7.98%, 0, 8, 3, 13.25
1747838606, 0, 800, 1429, 1426, 28, 7.98%, 0, 8, 3, 13.94
1747838611, 0, 801, 1429, 1426, 28, 7.98%, 0, 8, 3, 13.20
1747838621, 0, 802, 1429, 1426, 28, 7.98%, 0, 8, 3, 13.21
1747838631, 0, 804, 1429, 1426, 28, 7.98%, 0, 8, 3, 12.52
1747838642, 0, 805, 1429, 1426, 28, 7.98%, 0, 8, 3, 12.63
1747838652, 0, 806, 1429, 1426, 28, 7.98%, 0, 8, 3, 13.27
1747838657, 0, 806, 1430, 1427, 28, 7.98%, 0, 8, 3, 12.63
1747838673, 0, 807, 1430, 1427, 28, 7.98%, 0, 8, 3, 12.60
1747838683, 0, 808, 1430, 1427, 28, 7.98%, 0, 8, 3, 12.85
1747838693, 0, 809, 1430, 1427, 28, 7.98%, 0, 8, 3, 13.25
1747838703, 0, 811, 1430, 1427, 28, 7.98%, 0, 8, 3, 18.55
1747838708, 0, 812, 1430, 1427, 28, 7.98%, 0, 8, 3, 20.95
1747838714, 0, 814, 1430, 1427, 28, 7.98%, 0, 8, 3, 21.00
1747838719, 0, 815, 1430, 1427, 28, 7.98%, 0, 8, 3, 22.72
1747838724, 0, 816, 1430, 1427, 28, 7.98%, 0, 8, 3, 23.76
1747838734, 0, 817, 1431, 1428, 28, 7.98%, 0, 8, 3, 21.09
1747838744, 0, 818, 1431, 1428, 27, 7.98%, 0, 8, 3, 21.93
1747838749, 0, 818, 1432, 1429, 27, 7.98%, 0, 8, 3, 21.35
1747838755, 0, 819, 1432, 1429, 27, 7.98%, 0, 8, 3, 22.62
1747838760, 0, 819, 1434, 1431, 27, 7.98%, 0, 8, 3, 19.44
1747838765, 0, 819, 1435, 1432, 27, 7.98%, 0, 8, 3, 21.07
1747838790, 0, 819, 1436, 1433, 27, 7.98%, 0, 8, 3, 21.39
1747838801, 0, 819, 1437, 1434, 27, 7.98%, 0, 8, 3, 20.23
1747838821, 0, 819, 1438, 1435, 27, 7.98%, 0, 8, 3, 20.60
1747838826, 0, 819, 1439, 1436, 27, 7.98%, 0, 8, 3, 21.12
1747838831, 0, 819, 1440, 1437, 27, 7.98%, 0, 8, 3, 21.26
1747838846, 0, 819, 1441, 1438, 27, 7.98%, 0, 8, 3, 20.34
1747838893, 0, 819, 1442, 1439, 27, 7.98%, 0, 8, 3, 21.39
1747838903, 0, 819, 1443, 1440, 27, 7.98%, 0, 8, 3, 21.07
1747838949, 0, 820, 1443, 1440, 27, 7.98%, 0, 8, 3, 23.67
1747838954, 0, 820, 1444, 1441, 27, 7.98%, 0, 8, 3, 21.27
1747838959, 0, 822, 1444, 1441, 27, 7.98%, 0, 8, 3, 22.38
1747838965, 0, 822, 1445, 1442, 27, 7.99%, 0, 8, 3, 19.79
1747838970, 0, 822, 1447, 1444, 27, 7.99%, 0, 8, 3, 18.45
1747838975, 0, 822, 1448, 1445, 27, 7.99%, 0, 8, 3, 20.82
1747838980, 0, 822, 1449, 1446, 27, 7.99%, 0, 8, 3, 20.01
1747839062, 0, 822, 1450, 1447, 27, 7.99%, 0, 8, 3, 11.28
1747839093, 0, 822, 1451, 1448, 27, 7.99%, 0, 8, 3, 12.44
1747839139, 0, 822, 1452, 1449, 27, 7.99%, 0, 8, 3, 12.67
1747839170, 0, 822, 1453, 1450, 27, 7.99%, 0, 8, 3, 11.47
1747839220, 0, 822, 1454, 1451, 27, 7.99%, 0, 8, 3, 11.81
1747839262, 0, 823, 1454, 1451, 28, 7.99%, 0, 8, 3, 17.68
1747839267, 0, 823, 1456, 1453, 28, 7.99%, 0, 8, 3, 18.34
1747839282, 0, 823, 1457, 1454, 28, 7.99%, 0, 8, 3, 21.32
1747839292, 0, 823, 1458, 1455, 28, 7.99%, 0, 8, 3, 22.18
1747839339, 0, 823, 1459, 1456, 28, 7.99%, 0, 8, 3, 19.39
1747839369, 0, 823, 1460, 1457, 28, 7.99%, 0, 8, 3, 21.40
1747839379, 0, 823, 1461, 1458, 28, 7.99%, 0, 8, 3, 20.90
1747839415, 0, 823, 1462, 1459, 28, 7.99%, 0, 8, 3, 21.38
1747839425, 0, 823, 1463, 1460, 28, 7.99%, 0, 8, 3, 21.75
1747839431, 0, 823, 1464, 1461, 28, 7.99%, 0, 8, 3, 20.78
1747839456, 0, 824, 1464, 1461, 27, 7.99%, 0, 8, 3, 22.06
1747839461, 0, 825, 1465, 1462, 27, 7.99%, 0, 8, 3, 19.44
1747839472, 0, 827, 1465, 1462, 27, 7.99%, 0, 8, 3, 21.69
1747839477, 0, 828, 1465, 1462, 27, 7.99%, 0, 8, 3, 22.57
1747839482, 0, 829, 1465, 1462, 27, 7.99%, 0, 8, 3, 22.31
1747839487, 0, 829, 1466, 1463, 27, 7.99%, 0, 8, 3, 21.46
1747839497, 0, 831, 1466, 1463, 27, 7.99%, 0, 8, 3, 23.31
1747839502, 0, 832, 1466, 1463, 27, 7.99%, 0, 8, 3, 21.72
1747839507, 0, 833, 1466, 1463, 27, 7.99%, 0, 8, 3, 21.25
1747839512, 0, 834, 1466, 1463, 27, 7.99%, 0, 8, 3, 22.29
1747839518, 0, 836, 1466, 1463, 27, 7.99%, 0, 8, 3, 22.28
1747839523, 0, 837, 1466, 1463, 27, 7.99%, 0, 8, 3, 22.95
1747839533, 0, 838, 1467, 1464, 27, 7.99%, 0, 8, 3, 20.20
1747839538, 0, 838, 1468, 1465, 27, 7.99%, 0, 8, 3, 19.16
1747839553, 0, 839, 1468, 1465, 27, 7.99%, 0, 8, 3, 22.94
1747839563, 0, 840, 1468, 1465, 27, 7.99%, 0, 8, 3, 21.32
1747839568, 0, 841, 1468, 1465, 27, 7.99%, 0, 8, 3, 21.71
1747839573, 0, 842, 1468, 1465, 27, 7.99%, 0, 8, 3, 20.89
1747839579, 0, 843, 1468, 1465, 27, 7.99%, 0, 8, 3, 21.29
1747839584, 0, 844, 1468, 1465, 27, 7.99%, 0, 8, 3, 21.90
1747839589, 0, 845, 1468, 1465, 27, 7.99%, 0, 8, 3, 21.88
1747839599, 0, 846, 1468, 1465, 27, 7.99%, 0, 8, 3, 21.27
1747839604, 0, 847, 1468, 1465, 27, 7.99%, 0, 8, 3, 22.41
1747839609, 0, 848, 1468, 1465, 27, 7.99%, 0, 8, 3, 22.04
1747839615, 0, 849, 1468, 1465, 27, 7.99%, 0, 8, 3, 22.12
1747839620, 0, 850, 1469, 1466, 27, 7.99%, 0, 8, 3, 19.26
1747839635, 0, 851, 1469, 1466, 27, 7.99%, 0, 8, 3, 21.70
1747839640, 0, 852, 1469, 1466, 27, 7.99%, 0, 8, 3, 22.51
1747839645, 0, 854, 1470, 1467, 27, 7.99%, 0, 8, 3, 20.77
1747839650, 0, 854, 1471, 1468, 27, 7.99%, 0, 8, 3, 21.53
1747839655, 0, 854, 1472, 1469, 27, 7.99%, 0, 8, 3, 19.56
1747839681, 0, 854, 1473, 1470, 27, 7.99%, 0, 8, 3, 20.55
1747839722, 0, 854, 1474, 1471, 27, 7.99%, 0, 8, 3, 20.65
1747839727, 0, 854, 1475, 1472, 27, 7.99%, 0, 8, 3, 21.99
1747839788, 0, 854, 1476, 1473, 27, 7.99%, 0, 8, 3, 19.74
1747839839, 0, 855, 1476, 1473, 27, 7.99%, 0, 8, 3, 22.72
1747839844, 0, 856, 1476, 1473, 27, 7.99%, 0, 8, 3, 21.15
1747839849, 0, 856, 1477, 1474, 27, 7.99%, 0, 8, 3, 21.53
1747839854, 0, 858, 1477, 1474, 27, 7.99%, 0, 8, 3, 22.25
1747839860, 0, 859, 1477, 1474, 27, 7.99%, 0, 8, 3, 21.36
1747839870, 0, 860, 1478, 1475, 27, 7.99%, 0, 8, 3, 20.47
1747839875, 0, 860, 1479, 1476, 27, 7.99%, 0, 8, 3, 19.75
1747839901, 0, 861, 1479, 1476, 27, 7.99%, 0, 8, 3, 13.98
1747839911, 0, 862, 1479, 1476, 27, 7.99%, 0, 8, 3, 12.94
1747839921, 0, 863, 1479, 1476, 27, 7.99%, 0, 8, 3, 13.52
1747839931, 0, 864, 1479, 1476, 27, 7.99%, 0, 8, 3, 11.76
1747839942, 0, 865, 1479, 1476, 27, 7.99%, 0, 8, 3, 13.16
1747839952, 0, 865, 1480, 1477, 27, 7.99%, 0, 8, 3, 11.83
1747839962, 0, 867, 1480, 1477, 27, 7.99%, 0, 8, 3, 11.84
1747839972, 0, 868, 1480, 1477, 27, 7.99%, 0, 8, 3, 13.28
1747839983, 0, 869, 1480, 1477, 27, 7.99%, 0, 8, 3, 12.41
1747839988, 0, 869, 1481, 1478, 27, 7.99%, 0, 8, 3, 11.42
1747839993, 0, 869, 1482, 1479, 27, 7.99%, 0, 8, 3, 12.11
1747840024, 0, 869, 1484, 1481, 27, 7.99%, 0, 8, 3, 11.10
1747840034, 0, 869, 1485, 1482, 27, 7.99%, 0, 8, 3, 13.64
1747840039, 0, 869, 1487, 1484, 27, 8.00%, 0, 8, 3, 10.10
1747840050, 0, 869, 1488, 1485, 27, 8.00%, 0, 8, 3, 12.03
1747840060, 0, 869, 1489, 1486, 27, 8.00%, 0, 8, 3, 12.23
1747840116, 0, 869, 1490, 1487, 27, 8.00%, 0, 8, 3, 13.39
1747840153, 0, 869, 1491, 1488, 27, 8.00%, 0, 8, 3, 12.10
1747840168, 0, 869, 1492, 1489, 27, 8.00%, 0, 8, 3, 12.33
1747840316, 0, 870, 1492, 1489, 28, 8.00%, 0, 8, 3, 13.23
1747840326, 0, 872, 1492, 1489, 28, 8.00%, 0, 8, 3, 12.01
1747840331, 0, 872, 1493, 1490, 28, 8.00%, 0, 8, 3, 12.22
1747840347, 0, 873, 1494, 1491, 28, 8.00%, 0, 8, 3, 12.17
1747840368, 0, 874, 1494, 1491, 28, 8.00%, 0, 8, 3, 12.02
1747840378, 0, 875, 1494, 1491, 28, 8.00%, 0, 8, 3, 12.67
1747840388, 0, 878, 1494, 1491, 28, 8.00%, 0, 8, 3, 13.37
1747840398, 0, 881, 1494, 1491, 28, 8.00%, 0, 8, 3, 11.59
1747840409, 0, 882, 1495, 1492, 28, 8.00%, 0, 8, 3, 17.11
1747840424, 0, 882, 1496, 1493, 28, 8.00%, 0, 8, 3, 11.85
1747840440, 0, 882, 1497, 1494, 28, 8.00%, 0, 8, 3, 11.94
1747840455, 0, 882, 1498, 1495, 28, 8.00%, 0, 8, 3, 19.70
1747840470, 0, 882, 1499, 1496, 28, 8.00%, 0, 8, 3, 20.15
1747840481, 0, 882, 1500, 1497, 28, 8.00%, 0, 8, 3, 20.85
1747840496, 0, 882, 1501, 1498, 28, 8.00%, 0, 8, 3, 19.38
1747840547, 0, 882, 1502, 1499, 28, 8.00%, 0, 8, 3, 21.08
1747840619, 0, 883, 1503, 1500, 29, 8.00%, 0, 8, 3, 21.89
1747840630, 0, 884, 1503, 1500, 29, 8.00%, 0, 8, 3, 21.11
1747840635, 0, 886, 1503, 1500, 29, 8.00%, 0, 8, 3, 22.14
1747840645, 0, 887, 1503, 1500, 29, 8.00%, 0, 8, 3, 20.42
1747840650, 0, 888, 1503, 1500, 29, 8.00%, 0, 8, 3, 20.94
1747840655, 0, 889, 1503, 1500, 29, 8.00%, 0, 8, 3, 20.05
1747840660, 0, 890, 1503, 1500, 29, 8.00%, 0, 8, 3, 21.39
1747840665, 0, 891, 1503, 1500, 29, 8.00%, 0, 8, 3, 21.10
1747840676, 0, 892, 1503, 1500, 29, 8.00%, 0, 8, 3, 20.71
1747840681, 0, 894, 1503, 1500, 29, 8.00%, 0, 8, 3, 22.13
1747840686, 0, 896, 1503, 1500, 29, 8.00%, 0, 8, 3, 22.55
1747840691, 0, 897, 1503, 1500, 29, 8.00%, 0, 8, 3, 21.98
1747840696, 0, 898, 1503, 1500, 29, 8.00%, 0, 8, 3, 21.30
1747840701, 0, 899, 1503, 1500, 29, 8.00%, 0, 8, 3, 20.66
1747840711, 0, 902, 1503, 1500, 29, 8.00%, 0, 8, 3, 22.53
1747840717, 0, 903, 1503, 1500, 29, 8.00%, 0, 8, 3, 20.22
1747840722, 0, 903, 1504, 1501, 29, 8.00%, 0, 8, 3, 20.79
1747840727, 0, 904, 1504, 1501, 29, 8.00%, 0, 8, 3, 21.55
1747840737, 0, 905, 1505, 1502, 29, 8.00%, 0, 8, 3, 19.69
1747840747, 0, 908, 1505, 1502, 29, 8.00%, 0, 8, 3, 22.23
1747840752, 0, 909, 1505, 1502, 29, 8.00%, 0, 8, 3, 20.92
1747840757, 0, 911, 1505, 1502, 29, 8.00%, 0, 8, 3, 22.17
1747840763, 0, 912, 1505, 1502, 29, 8.00%, 0, 8, 3, 21.69
1747840773, 0, 913, 1505, 1502, 29, 8.00%, 0, 8, 3, 21.02
1747840778, 0, 914, 1505, 1502, 29, 8.00%, 0, 8, 3, 21.10
1747840783, 0, 915, 1505, 1502, 29, 8.00%, 0, 8, 3, 21.36
1747840788, 0, 917, 1505, 1502, 29, 8.00%, 0, 8, 3, 20.76
1747840794, 0, 918, 1505, 1502, 29, 8.00%, 0, 8, 3, 20.98
1747840799, 0, 919, 1505, 1502, 29, 8.00%, 0, 8, 3, 21.10
1747840809, 0, 920, 1506, 1503, 29, 8.00%, 0, 8, 3, 19.92
1747840819, 0, 921, 1506, 1503, 29, 8.00%, 0, 8, 3, 21.47
1747840824, 0, 922, 1506, 1503, 29, 8.00%, 0, 8, 3, 20.47
1747840835, 0, 923, 1506, 1503, 29, 8.00%, 0, 8, 3, 22.19
1747840840, 0, 924, 1506, 1503, 29, 8.00%, 0, 8, 3, 16.39
1747840850, 0, 926, 1506, 1503, 29, 8.00%, 0, 8, 3, 13.39
1747840855, 0, 927, 1506, 1503, 29, 8.00%, 0, 8, 3, 11.87
1747840865, 0, 928, 1506, 1503, 29, 8.00%, 0, 8, 3, 13.54
1747840875, 0, 931, 1506, 1503, 29, 8.00%, 0, 8, 3, 13.00
1747840886, 0, 932, 1506, 1503, 29, 8.00%, 0, 8, 3, 12.49
1747840896, 0, 934, 1506, 1503, 29, 8.00%, 0, 8, 3, 12.56
1747840906, 0, 935, 1506, 1503, 29, 8.00%, 0, 8, 3, 12.70
1747840916, 0, 936, 1506, 1503, 29, 8.00%, 0, 8, 3, 12.53
1747840926, 0, 937, 1506, 1503, 29, 8.00%, 0, 8, 3, 12.38
1747840937, 0, 938, 1506, 1503, 29, 8.00%, 0, 8, 3, 12.54
1747840952, 0, 939, 1506, 1503, 29, 8.00%, 0, 8, 3, 12.08
1747840962, 0, 940, 1506, 1503, 29, 8.00%, 0, 8, 3, 13.35
1747840973, 0, 941, 1506, 1503, 29, 8.00%, 0, 8, 3, 12.45
1747840983, 0, 944, 1506, 1503, 29, 8.00%, 0, 8, 3, 12.72
1747840993, 0, 944, 1507, 1504, 29, 8.00%, 0, 8, 3, 11.83
1747841003, 0, 945, 1507, 1504, 29, 8.00%, 0, 8, 3, 13.04
1747841013, 0, 946, 1507, 1504, 29, 8.00%, 0, 8, 3, 12.29
1747841024, 0, 947, 1507, 1504, 29, 8.00%, 0, 8, 3, 12.00
1747841034, 0, 948, 1507, 1504, 29, 8.00%, 0, 8, 3, 12.05
1747841044, 0, 949, 1507, 1504, 29, 8.00%, 0, 8, 3, 12.52
1747841054, 0, 951, 1507, 1504, 29, 8.00%, 0, 8, 3, 11.91
1747841064, 0, 952, 1507, 1504, 29, 8.00%, 0, 8, 3, 11.48
1747841074, 0, 953, 1507, 1504, 29, 8.00%, 0, 8, 3, 11.99
1747841085, 0, 954, 1508, 1505, 29, 8.00%, 0, 8, 3, 11.10
1747841105, 0, 955, 1508, 1505, 29, 8.00%, 0, 8, 3, 12.79
1747841115, 0, 956, 1508, 1505, 29, 8.00%, 0, 8, 3, 13.16
1747841126, 0, 958, 1508, 1505, 29, 8.00%, 0, 8, 3, 12.47
1747841136, 0, 959, 1508, 1505, 29, 8.00%, 0, 8, 3, 13.22
1747841146, 0, 961, 1508, 1505, 29, 8.00%, 0, 8, 3, 13.00
1747841161, 0, 963, 1508, 1505, 29, 8.00%, 0, 8, 3, 12.24
1747841171, 0, 964, 1508, 1505, 29, 8.00%, 0, 8, 3, 11.73
1747841182, 0, 965, 1508, 1505, 29, 8.00%, 0, 8, 3, 13.30
1747841187, 0, 965, 1509, 1506, 29, 8.00%, 0, 8, 3, 12.80
1747841197, 0, 965, 1510, 1507, 29, 8.00%, 0, 8, 3, 12.06
1747841223, 0, 966, 1510, 1507, 29, 8.00%, 0, 8, 3, 13.76
1747841233, 0, 967, 1510, 1507, 29, 8.00%, 0, 8, 3, 12.95
1747841243, 0, 968, 1510, 1507, 29, 8.00%, 0, 8, 3, 12.37
1747841253, 0, 969, 1510, 1507, 29, 8.00%, 0, 8, 3, 12.53
1747841264, 0, 970, 1510, 1507, 29, 8.00%, 0, 8, 3, 12.24
1747841274, 0, 971, 1510, 1507, 29, 8.00%, 0, 8, 3, 12.96
1747841284, 0, 972, 1510, 1507, 29, 8.00%, 0, 8, 3, 11.99
1747841295, 0, 973, 1510, 1507, 29, 8.00%, 0, 8, 3, 12.86
1747841305, 0, 974, 1510, 1507, 29, 8.00%, 0, 8, 3, 13.66
1747841315, 0, 975, 1510, 1507, 29, 8.00%, 0, 8, 3, 12.47
1747841325, 0, 976, 1510, 1507, 29, 8.00%, 0, 8, 3, 12.09
1747841336, 0, 977, 1511, 1508, 29, 8.00%, 0, 8, 3, 12.36
1747841356, 0, 978, 1511, 1508, 29, 8.00%, 0, 8, 3, 11.53
1747841366, 0, 979, 1511, 1508, 29, 8.00%, 0, 8, 3, 12.20
1747841377, 0, 980, 1511, 1508, 29, 8.00%, 0, 8, 3, 12.16
1747841387, 0, 981, 1511, 1508, 29, 8.00%, 0, 8, 3, 11.88
1747841397, 0, 982, 1511, 1508, 29, 8.00%, 0, 8, 3, 12.22
1747841407, 0, 983, 1511, 1508, 29, 8.00%, 0, 8, 3, 10.95
1747841423, 0, 984, 1511, 1508, 29, 8.00%, 0, 8, 3, 12.14
1747841433, 0, 985, 1511, 1508, 29, 8.00%, 0, 8, 3, 13.03
1747841438, 0, 986, 1511, 1508, 29, 8.00%, 0, 8, 3, 12.89
1747841453, 0, 989, 1511, 1508, 29, 8.00%, 0, 8, 3, 11.62
1747841464, 0, 990, 1511, 1508, 29, 8.00%, 0, 8, 3, 14.47
1747846394, 0, 991, 1511, 1507, 29, 8.00%, 0, 8, 3, 14.93
1747846405, 0, 992, 1511, 1507, 29, 8.00%, 0, 8, 3, 12.14
1747846415, 0, 993, 1511, 1507, 29, 8.00%, 0, 8, 3, 12.82
1747846425, 0, 994, 1511, 1507, 29, 8.00%, 0, 8, 3, 12.25
1747846430, 0, 994, 1512, 1508, 29, 8.00%, 0, 8, 3, 11.05
1747846451, 0, 996, 1512, 1508, 29, 8.00%, 0, 8, 3, 12.44
1747846461, 0, 997, 1512, 1508, 29, 8.00%, 0, 8, 3, 12.02
1747846466, 0, 997, 1513, 1509, 29, 8.00%, 0, 8, 3, 10.52
1747846482, 0, 998, 1513, 1509, 29, 8.00%, 0, 8, 3, 11.82
1747846492, 0, 999, 1513, 1509, 29, 8.00%, 0, 8, 3, 12.43
1747846502, 0, 999, 1514, 1510, 29, 8.00%, 0, 8, 3, 11.22
1747846518, 0, 1000, 1514, 1510, 29, 8.00%, 0, 8, 3, 13.32
1747846528, 0, 1001, 1514, 1510, 29, 8.00%, 0, 8, 3, 11.19
1747846538, 0, 1002, 1514, 1510, 29, 8.00%, 0, 8, 3, 12.46
1747846548, 0, 1003, 1514, 1510, 29, 8.00%, 0, 8, 3, 13.43
1747846559, 0, 1004, 1514, 1510, 29, 8.00%, 0, 8, 3, 12.35
1747846569, 0, 1005, 1514, 1510, 29, 8.00%, 0, 8, 3, 12.89
1747846579, 0, 1006, 1514, 1510, 29, 8.00%, 0, 8, 3, 13.14
1747846590, 0, 1007, 1514, 1510, 29, 8.00%, 0, 8, 3, 12.71
1747846595, 0, 1008, 1514, 1510, 29, 8.00%, 0, 8, 3, 13.01
1747846605, 0, 1010, 1514, 1510, 29, 8.00%, 0, 8, 3, 11.81
1747846615, 0, 1012, 1514, 1510, 29, 8.00%, 0, 8, 3, 13.05
1747846842, 0, 1012, 1515, 1511, 29, 8.00%, 0, 8, 3, 12.64
1747851363, 0, 1012, 1516, 1512, 29, 8.00%, 0, 8, 3, 12.63
1747851462, 0, 1014, 1516, 1511, 28, 8.00%, 0, 8, 3, 14.74
1747851472, 0, 1015, 1516, 1511, 28, 8.00%, 0, 8, 3, 14.78
1747852246, 0, 1015, 1517, 1512, 28, 8.00%, 0, 8, 3, 12.66
1747855861, 0, 1016, 1517, 1511, 27, 8.00%, 0, 8, 3, 27.13
1747855872, 0, 1018, 1517, 1511, 27, 8.00%, 0, 8, 3, 21.29
1747855877, 0, 1019, 1517, 1511, 27, 8.00%, 0, 8, 3, 22.64
1747855882, 0, 1020, 1517, 1511, 27, 8.00%, 0, 8, 3, 21.50
1747855887, 0, 1021, 1517, 1511, 27, 8.00%, 0, 8, 3, 21.13
1747855892, 0, 1023, 1517, 1511, 27, 8.00%, 0, 8, 3, 20.96
1747855902, 0, 1024, 1518, 1512, 27, 8.00%, 0, 8, 3, 20.69
1747855912, 0, 1025, 1518, 1512, 27, 8.00%, 0, 8, 3, 20.54
1747855917, 0, 1026, 1518, 1512, 27, 8.00%, 0, 8, 3, 22.35
1747855922, 0, 1027, 1518, 1512, 27, 8.00%, 0, 8, 3, 22.02
1747855933, 0, 1029, 1518, 1512, 27, 8.00%, 0, 8, 3, 21.41
1747855938, 0, 1030, 1518, 1512, 27, 8.00%, 0, 8, 3, 21.54
1747855943, 0, 1032, 1518, 1512, 27, 8.00%, 0, 8, 3, 23.25
1747855948, 0, 1033, 1518, 1512, 27, 8.00%, 0, 8, 3, 20.59
1747855953, 0, 1034, 1518, 1512, 27, 8.00%, 0, 8, 3, 21.69
1747855958, 0, 1035, 1518, 1512, 27, 8.00%, 0, 8, 3, 20.43
1747855969, 0, 1036, 1518, 1512, 27, 8.00%, 0, 8, 3, 21.31
1747855974, 0, 1037, 1518, 1512, 27, 8.00%, 0, 8, 3, 21.75
1747855979, 0, 1037, 1519, 1513, 27, 8.00%, 0, 8, 3, 22.08
1747855984, 0, 1038, 1519, 1513, 27, 8.00%, 0, 8, 3, 22.14
1747855989, 0, 1039, 1519, 1513, 27, 8.00%, 0, 8, 3, 22.04
1747855994, 0, 1039, 1520, 1514, 27, 8.00%, 0, 8, 3, 19.57
1747856005, 0, 1040, 1520, 1514, 27, 8.00%, 0, 8, 3, 20.63
1747856010, 0, 1042, 1520, 1514, 27, 8.00%, 0, 8, 3, 20.67
1747856015, 0, 1044, 1520, 1514, 27, 8.00%, 0, 8, 3, 20.56
1747856025, 0, 1045, 1520, 1514, 27, 8.00%, 0, 8, 3, 13.96
1747856035, 0, 1046, 1520, 1514, 27, 8.00%, 0, 8, 3, 11.88
1747856046, 0, 1047, 1520, 1514, 27, 8.00%, 0, 8, 3, 13.09
1747856056, 0, 1048, 1520, 1514, 27, 8.00%, 0, 8, 3, 13.30
1747856066, 0, 1049, 1520, 1514, 27, 8.00%, 0, 8, 3, 12.09
1747856076, 0, 1050, 1520, 1514, 27, 8.00%, 0, 8, 3, 13.04
1747856086, 0, 1051, 1520, 1514, 27, 8.00%, 0, 8, 3, 13.71
1747856097, 0, 1054, 1520, 1514, 27, 8.00%, 0, 8, 3, 12.57
1747856107, 0, 1055, 1520, 1514, 27, 8.00%, 0, 8, 3, 12.69
1747856117, 0, 1056, 1520, 1514, 27, 8.00%, 0, 8, 3, 12.81
1747856127, 0, 1057, 1521, 1515, 27, 8.00%, 0, 8, 3, 11.51
1747856148, 0, 1059, 1521, 1515, 27, 8.00%, 0, 8, 3, 12.62
1747856158, 0, 1060, 1521, 1515, 27, 8.00%, 0, 8, 3, 12.72
1747856169, 0, 1061, 1521, 1515, 27, 8.00%, 0, 8, 3, 11.74
1747856179, 0, 1064, 1521, 1515, 27, 8.00%, 0, 8, 3, 12.77
1747856189, 0, 1065, 1521, 1515, 27, 8.00%, 0, 8, 3, 12.01
1747856199, 0, 1066, 1521, 1515, 27, 8.00%, 0, 8, 3, 12.37
1747856210, 0, 1067, 1521, 1515, 27, 8.00%, 0, 8, 3, 12.78
1747856220, 0, 1068, 1521, 1515, 27, 8.00%, 0, 8, 3, 11.23
1747856230, 0, 1069, 1521, 1515, 27, 8.00%, 0, 8, 3, 13.81
1747856240, 0, 1070, 1521, 1515, 27, 8.00%, 0, 8, 3, 12.36
1747856251, 0, 1071, 1521, 1515, 27, 8.00%, 0, 8, 3, 11.81
1747856261, 0, 1072, 1521, 1515, 27, 8.00%, 0, 8, 3, 13.18
1747856271, 0, 1073, 1521, 1515, 27, 8.00%, 0, 8, 3, 12.02
1747856282, 0, 1073, 1522, 1516, 27, 8.00%, 0, 8, 3, 10.71
1747856297, 0, 1075, 1522, 1516, 27, 8.00%, 0, 8, 3, 12.44
1747856307, 0, 1076, 1522, 1516, 27, 8.00%, 0, 8, 3, 11.80
1747856317, 0, 1077, 1522, 1516, 27, 8.00%, 0, 8, 3, 12.01
1747856328, 0, 1078, 1522, 1516, 27, 8.00%, 0, 8, 3, 13.25
1747856338, 0, 1079, 1522, 1516, 27, 8.00%, 0, 8, 3, 13.08
1747856348, 0, 1080, 1522, 1516, 27, 8.00%, 0, 8, 3, 11.64
1747856359, 0, 1081, 1522, 1516, 27, 8.00%, 0, 8, 3, 12.36
1747856369, 0, 1082, 1522, 1516, 27, 8.00%, 0, 8, 3, 11.29
1747856379, 0, 1084, 1523, 1517, 27, 8.00%, 0, 8, 3, 10.84
1747856394, 0, 1084, 1524, 1518, 27, 8.00%, 0, 8, 3, 10.36
1747856425, 0, 1086, 1524, 1518, 27, 8.00%, 0, 8, 3, 12.84
1747856435, 0, 1086, 1525, 1519, 27, 8.00%, 0, 8, 3, 11.80
1747856445, 0, 1087, 1525, 1519, 27, 8.00%, 0, 8, 3, 11.49
1747856455, 0, 1087, 1526, 1520, 27, 8.00%, 0, 8, 3, 10.42
1747856471, 0, 1088, 1526, 1520, 27, 8.00%, 0, 8, 3, 11.91
1747856481, 0, 1089, 1526, 1520, 27, 8.00%, 0, 8, 3, 12.10
1747856491, 0, 1091, 1526, 1520, 27, 8.00%, 0, 8, 3, 12.35
1747856501, 0, 1092, 1526, 1520, 27, 8.00%, 0, 8, 3, 11.62
1747856512, 0, 1093, 1526, 1520, 27, 8.00%, 0, 8, 3, 12.20
1747856517, 0, 1093, 1527, 1521, 27, 8.00%, 0, 8, 3, 12.36
1747856537, 0, 1094, 1527, 1521, 27, 8.00%, 0, 8, 3, 12.04
1747856547, 0, 1095, 1527, 1521, 27, 8.00%, 0, 8, 3, 11.90
1747856558, 0, 1096, 1527, 1521, 27, 8.00%, 0, 8, 3, 13.15
1747856568, 0, 1099, 1527, 1521, 27, 8.00%, 0, 8, 3, 12.10
1747856578, 0, 1100, 1527, 1521, 27, 8.00%, 0, 8, 3, 11.11
1747856589, 0, 1101, 1527, 1521, 27, 8.00%, 0, 8, 3, 13.10
1747856594, 0, 1101, 1528, 1522, 27, 8.00%, 0, 8, 3, 10.91
1747856609, 0, 1102, 1528, 1522, 27, 8.00%, 0, 8, 3, 12.83
1747856619, 0, 1103, 1528, 1522, 27, 8.00%, 0, 8, 3, 12.34
1747856630, 0, 1105, 1528, 1522, 27, 8.00%, 0, 8, 3, 11.83
1747856640, 0, 1108, 1528, 1522, 27, 8.00%, 0, 8, 3, 11.91
1747856656, 0, 1109, 1528, 1522, 27, 8.00%, 0, 8, 3, 12.18
1747856666, 0, 1110, 1528, 1522, 27, 8.00%, 0, 8, 3, 11.51
1747856676, 0, 1111, 1528, 1522, 27, 8.00%, 0, 8, 3, 12.69
1747856686, 0, 1112, 1528, 1522, 27, 8.00%, 0, 8, 3, 12.00
1747856697, 0, 1113, 1528, 1522, 27, 8.00%, 0, 8, 3, 12.22
1747856707, 0, 1114, 1528, 1522, 27, 8.00%, 0, 8, 3, 13.07
1747856717, 0, 1115, 1528, 1522, 27, 8.00%, 0, 8, 3, 13.49
1747856727, 0, 1116, 1529, 1523, 27, 8.00%, 0, 8, 3, 11.18
1747856748, 0, 1117, 1529, 1523, 27, 8.00%, 0, 8, 3, 11.53
1747856758, 0, 1118, 1529, 1523, 27, 8.00%, 0, 8, 3, 11.77
1747856769, 0, 1118, 1530, 1524, 27, 8.01%, 0, 8, 3, 10.58
1747856784, 0, 1119, 1530, 1524, 27, 8.01%, 0, 8, 3, 10.32
1747856799, 0, 1121, 1530, 1524, 27, 8.01%, 0, 8, 3, 12.90
1747856809, 0, 1122, 1530, 1524, 27, 8.01%, 0, 8, 3, 11.03
1747856819, 0, 1123, 1530, 1524, 27, 8.01%, 0, 8, 3, 12.29
1747856830, 0, 1124, 1530, 1524, 27, 8.01%, 0, 8, 3, 13.20
1747856840, 0, 1125, 1530, 1524, 27, 8.01%, 0, 8, 3, 11.68
1747856850, 0, 1126, 1530, 1524, 27, 8.01%, 0, 8, 3, 12.93
1747856861, 0, 1128, 1530, 1524, 27, 8.01%, 0, 8, 3, 12.78
1747856871, 0, 1130, 1530, 1524, 27, 8.01%, 0, 8, 3, 11.99
1747856881, 0, 1132, 1530, 1524, 27, 8.01%, 0, 8, 3, 12.12
1747856892, 0, 1133, 1530, 1524, 27, 8.01%, 0, 8, 3, 12.01
1747856902, 0, 1134, 1530, 1524, 27, 8.01%, 0, 8, 3, 11.50
1747856912, 0, 1135, 1530, 1524, 27, 8.01%, 0, 8, 3, 13.82
1747856922, 0, 1136, 1530, 1524, 27, 8.01%, 0, 8, 3, 12.71
1747856933, 0, 1137, 1530, 1524, 27, 8.01%, 0, 8, 3, 11.99
1747856943, 0, 1138, 1530, 1524, 27, 8.01%, 0, 8, 3, 12.38
1747856953, 0, 1139, 1530, 1524, 27, 8.01%, 0, 8, 3, 12.19
1747856963, 0, 1140, 1530, 1524, 27, 8.01%, 0, 8, 3, 11.92
1747856974, 0, 1141, 1530, 1524, 27, 8.01%, 0, 8, 3, 12.18
1747856989, 0, 1142, 1530, 1524, 27, 8.01%, 0, 8, 3, 11.24
1747857000, 0, 1143, 1530, 1524, 27, 8.01%, 0, 8, 3, 12.75
1747857010, 0, 1144, 1530, 1524, 27, 8.01%, 0, 8, 3, 12.25
1747857015, 0, 1144, 1531, 1525, 27, 8.01%, 0, 8, 3, 11.13
1747857030, 0, 1145, 1531, 1525, 27, 8.01%, 0, 8, 3, 12.91
1747857041, 0, 1145, 1532, 1526, 27, 8.01%, 0, 8, 3, 10.81
1747857051, 0, 1146, 1532, 1526, 27, 8.01%, 0, 8, 3, 12.35
1747857061, 0, 1147, 1532, 1526, 27, 8.01%, 0, 8, 3, 11.50
1747857077, 0, 1148, 1532, 1526, 27, 8.01%, 0, 8, 3, 11.50
1747857087, 0, 1149, 1532, 1526, 27, 8.01%, 0, 8, 3, 11.71
1747857097, 0, 1150, 1532, 1526, 27, 8.01%, 0, 8, 3, 11.66
1747857107, 0, 1152, 1532, 1526, 27, 8.01%, 0, 8, 3, 11.56
1747857117, 0, 1153, 1532, 1526, 27, 8.01%, 0, 8, 3, 11.11
1747857123, 0, 1153, 1533, 1527, 27, 8.01%, 0, 8, 3, 11.72
1747857143, 0, 1155, 1533, 1527, 27, 8.01%, 0, 8, 3, 12.21
1747857153, 0, 1156, 1533, 1527, 27, 8.01%, 0, 8, 3, 11.55
1747857164, 0, 1157, 1533, 1527, 27, 8.01%, 0, 8, 3, 12.46
1747857174, 0, 1159, 1533, 1527, 27, 8.01%, 0, 8, 3, 11.67
1747857184, 0, 1161, 1533, 1527, 27, 8.01%, 0, 8, 3, 13.03
1747857194, 0, 1162, 1533, 1527, 27, 8.01%, 0, 8, 3, 11.56
1747857204, 0, 1163, 1533, 1527, 27, 8.01%, 0, 8, 3, 12.62
1747857215, 0, 1164, 1533, 1527, 27, 8.01%, 0, 8, 3, 12.52
1747857225, 0, 1166, 1533, 1527, 27, 8.01%, 0, 8, 3, 11.75
1747857235, 0, 1167, 1533, 1527, 27, 8.01%, 0, 8, 3, 11.21
1747857250, 0, 1168, 1533, 1527, 27, 8.01%, 0, 8, 3, 11.92
1747857260, 0, 1170, 1533, 1527, 27, 8.01%, 0, 8, 3, 10.81
1747857271, 0, 1171, 1533, 1527, 27, 8.01%, 0, 8, 3, 11.89
1747857281, 0, 1172, 1533, 1527, 27, 8.01%, 0, 8, 3, 13.31
1747857291, 0, 1173, 1533, 1527, 27, 8.01%, 0, 8, 3, 12.41
1747857301, 0, 1175, 1533, 1527, 27, 8.01%, 0, 8, 3, 13.22
1747857312, 0, 1177, 1533, 1527, 27, 8.01%, 0, 8, 3, 11.81
1747857322, 0, 1178, 1533, 1527, 27, 8.01%, 0, 8, 3, 12.34
1747857338, 0, 1180, 1533, 1527, 27, 8.01%, 0, 8, 3, 12.75
1747857348, 0, 1181, 1533, 1527, 27, 8.01%, 0, 8, 3, 13.06
1747857353, 0, 1182, 1533, 1527, 27, 8.01%, 0, 8, 3, 13.15
1747857368, 0, 1183, 1533, 1527, 27, 8.01%, 0, 8, 3, 11.68
1747857378, 0, 1184, 1533, 1527, 27, 8.01%, 0, 8, 3, 12.80
1747857389, 0, 1185, 1533, 1527, 27, 8.01%, 0, 8, 3, 12.99
1747857399, 0, 1186, 1533, 1527, 27, 8.01%, 0, 8, 3, 11.55
1747857409, 0, 1187, 1533, 1527, 27, 8.01%, 0, 8, 3, 11.34
1747857419, 0, 1188, 1533, 1527, 27, 8.01%, 0, 8, 3, 11.94
1747857429, 0, 1189, 1533, 1527, 27, 8.01%, 0, 8, 3, 11.45
1747857440, 0, 1190, 1533, 1527, 27, 8.01%, 0, 8, 3, 12.57
1747857450, 0, 1191, 1533, 1527, 27, 8.01%, 0, 8, 3, 12.21
1747857460, 0, 1192, 1533, 1527, 27, 8.01%, 0, 8, 3, 12.10
1747857471, 0, 1193, 1533, 1527, 27, 8.01%, 0, 8, 3, 12.16
1747857481, 0, 1194, 1533, 1527, 27, 8.01%, 0, 8, 3, 11.97
1747857491, 0, 1195, 1533, 1527, 27, 8.01%, 0, 8, 3, 12.23
1747857506, 0, 1196, 1533, 1527, 27, 8.01%, 0, 8, 3, 12.18
1747857516, 0, 1197, 1533, 1527, 27, 8.01%, 0, 8, 3, 12.22
1747857527, 0, 1198, 1533, 1527, 27, 8.01%, 0, 8, 3, 13.21
1747857537, 0, 1199, 1533, 1527, 27, 8.01%, 0, 8, 3, 12.70
1747857547, 0, 1200, 1533, 1527, 27, 8.01%, 0, 8, 3, 12.58
1747857552, 0, 1200, 1534, 1528, 27, 8.01%, 0, 8, 3, 10.70
1747857568, 0, 1203, 1534, 1528, 27, 8.01%, 0, 8, 3, 12.16
1747857578, 0, 1204, 1534, 1528, 27, 8.01%, 0, 8, 3, 12.43
1747857588, 0, 1205, 1534, 1528, 27, 8.01%, 0, 8, 3, 12.87
1747857598, 0, 1206, 1534, 1528, 27, 8.01%, 0, 8, 3, 12.59
1747857608, 0, 1207, 1535, 1529, 27, 8.01%, 0, 8, 3, 11.37
1747857634, 0, 1209, 1535, 1529, 27, 8.01%, 0, 8, 3, 12.58
1747857644, 0, 1210, 1535, 1529, 27, 8.01%, 0, 8, 3, 11.69
1747857654, 0, 1211, 1535, 1529, 27, 8.01%, 0, 8, 3, 11.78
1747857665, 0, 1212, 1535, 1529, 27, 8.01%, 0, 8, 3, 13.24
1747857675, 0, 1213, 1535, 1529, 27, 8.01%, 0, 8, 3, 12.21
1747857685, 0, 1214, 1535, 1529, 27, 8.01%, 0, 8, 3, 12.70
1747857695, 0, 1215, 1535, 1529, 27, 8.01%, 0, 8, 3, 11.98
1747857705, 0, 1216, 1535, 1529, 27, 8.01%, 0, 8, 3, 11.28
1747857721, 0, 1217, 1535, 1529, 27, 8.01%, 0, 8, 3, 11.83
1747857731, 0, 1218, 1535, 1529, 27, 8.01%, 0, 8, 3, 12.74
1747857741, 0, 1219, 1535, 1529, 27, 8.01%, 0, 8, 3, 11.95
1747857752, 0, 1220, 1535, 1529, 27, 8.01%, 0, 8, 3, 12.22
1747857762, 0, 1221, 1535, 1529, 27, 8.01%, 0, 8, 3, 12.74
1747857772, 0, 1221, 1536, 1530, 27, 8.01%, 0, 8, 3, 11.13
1747857782, 0, 1222, 1536, 1530, 27, 8.01%, 0, 8, 3, 11.93
1747857793, 0, 1223, 1536, 1530, 27, 8.01%, 0, 8, 3, 12.57
1747857803, 0, 1223, 1537, 1531, 27, 8.01%, 0, 8, 3, 11.64
1747857818, 0, 1224, 1538, 1532, 27, 8.01%, 0, 8, 3, 11.02
1747857839, 0, 1225, 1538, 1532, 27, 8.01%, 0, 8, 3, 12.21
1747857845, 0, 1225, 1539, 1533, 27, 8.01%, 0, 8, 3, 11.78
1747857860, 0, 1226, 1539, 1533, 27, 8.01%, 0, 8, 3, 11.98
1747857871, 0, 1227, 1539, 1533, 27, 8.01%, 0, 8, 3, 12.46
1747857876, 0, 1227, 1540, 1534, 27, 8.05%, 0, 8, 3, 11.76
1747857896, 0, 1228, 1540, 1534, 27, 8.05%, 0, 8, 3, 12.28
