ID;Generation Number;Generation Size;DD Size;Number of DD;Runtime;Tests per Minute;Average Test Execution Time;Average DD Runtime;Total primary score increase;Total secondary increase
0;64;0;0;0;                          0ns;-nan;                          0ns;                          0ns;0.000000;0.000000
1;66;2000;130;10;         7s 572ms 697μs 370ns;18257.142857;                        -11107129258249ns;            655ms 790μs 169ns;0.000000;0.000000
376;300ae4;2000;298;10;        36s 495ms 423μs 420ns;3830.000000;                        -21045333907517ns;         3s 620ms 843μs 517ns;2253.000000;0.000000
748;600dc4;2000;300;10;        41s 144ms 936μs 472ns;3365.853659;                        -19021826825597ns;         3s 824ms 627μs 147ns;2251.000000;0.000000
2;1a73;2000;278;10;        14s 693ms   1μs 669ns;9762.857143;                        -18411149687954ns;         1s 737ms 399μs 673ns;1428.000000;0.000000
377;302b5b;2000;323;10;        36s 819ms 318μs 443ns;3871.666667;                        -18906517377413ns;         4s 350ms 423μs 576ns;2253.000000;0.000000
749;602f0b;2000;238;10;        39s 703ms 916μs  55ns;3443.076923;                        -14337910581987ns;         2s 779ms 306μs 715ns;2251.000000;0.000000
378;304c62;2000;320;10;        36s 579ms 314μs 953ns;3866.666667;                        -19652011973688ns;         4s 157ms 979μs 745ns;2253.000000;0.000000
750;604f05;2000;257;10;        41s 171ms 177μs 244ns;3302.926829;                        -17838890037484ns;         3s 113ms 741μs 427ns;2251.000000;0.000000
3;5670;2000;213;10;        23s 387ms  48μs 264ns;5773.043478;                        -15307968513269ns;         1s 806ms 560μs 476ns;1827.000000;0.000000
379;306d17;2000;352;10;        37s 683ms 988μs  51ns;3814.054054;                        -19623199480705ns;         4s 974ms 499μs 347ns;2253.000000;0.000000
751;606f66;2000;260;10;        40s 700ms 980μs 754ns;3390.000000;                        -24015537608656ns;         3s 512ms 544μs 760ns;2251.000000;0.000000
4;74c1;2000;470;10;        30s 758ms 242μs 724ns;4940.000000;                        -26125687292086ns;         5s 961ms 953μs 189ns;1829.000000;0.000000
380;308e84;2000;301;10;        36s 276ms 474μs 248ns;3835.000000;                        -17160025335220ns;         3s 644ms 316μs 776ns;2253.000000;0.000000
752;608f7f;2000;231;10;        40s 190ms 840μs 109ns;3346.500000;                        -15959246012454ns;         2s 395ms 814μs 305ns;2251.000000;0.000000
5;98ee;2000;471;10;        31s 187ms 421μs 217ns;4782.580645;                        -30469456771160ns;         6s  25ms 823μs 166ns;1829.000000;0.000000
381;30aeec;2000;297;10;        36s 252ms 624μs 237ns;3828.333333;                        -16465350165189ns;         3s 808ms 838μs 637ns;2253.000000;0.000000
753;60af5a;2000;279;10;        41s 408ms 843μs 615ns;3335.121951;                        -20236357848469ns;         3s 473ms   1μs 416ns;2251.000000;0.000000
6;bc81;2000;376;10;        29s 202ms 344μs 441ns;4915.862069;                        -20824526481258ns;         4s 425ms 371μs 312ns;1829.000000;0.000000
382;30cf5f;2000;311;10;        37s  94ms 683μs 859ns;3747.567568;                        -20218600206320ns;         4s  73ms 440μs 266ns;2253.000000;0.000000
754;60cff1;2000;285;10;        41s 127ms 264μs 427ns;3343.902439;                        -20441839305207ns;         3s 475ms 920μs 227ns;2251.000000;0.000000
7;df04;2000;389;10;        29s 375ms 422μs 926ns;4942.758621;                        -21387787422823ns;         4s 642ms 204μs 243ns;1829.000000;0.000000
383;30f070;2000;308;10;        36s 617ms 220μs 385ns;3846.666667;                        -21452311910866ns;         4s  71ms 307μs 521ns;2253.000000;0.000000
755;60f0a0;2000;286;10;        41s 621ms 413μs 657ns;3345.365854;                        -26566929521960ns;         3s 966ms 787μs 723ns;2251.000000;0.000000
8;102f5;2000;373;10;        29s 563ms 984μs 403ns;4909.655172;                        -16319896934360ns;         4s 333ms 966μs 845ns;1829.000000;0.000000
384;311145;2000;349;10;        37s 290ms 976μs  20ns;3809.189189;                        -24396219744588ns;         4s 676ms 811μs 402ns;2253.000000;0.000000
756;611169;2000;286;10;        41s 803ms  98μs 997ns;3345.365854;                        -19928250230787ns;         3s 737ms 475μs 907ns;2251.000000;0.000000
9;12388;2000;185;10;        26s 572ms 870μs 544ns;5042.307692;                        -7877732405545ns;         1s 532ms 740μs 539ns;1829.000000;0.000000
757;613240;2000;291;10;        41s 648ms 858μs 700ns;3352.682927;                        -25752243158934ns;         3s 800ms  82μs   2ns;2251.000000;0.000000
385;3132da;2000;275;10;        36s  78ms 917μs 560ns;3791.666667;                        -22012894406684ns;         3s 396ms 445μs 558ns;2253.000000;0.000000
10;14173;2000;352;10;        26s 978ms 941μs 532ns;5427.692308;                        -21270340329870ns;         3s 832ms 731μs 180ns;1829.000000;0.000000
386;315313;2000;302;10;        36s 785ms 722μs  75ns;3836.666667;                        -20548364148353ns;         3s 669ms 413μs 833ns;2253.000000;0.000000
758;615321;2000;286;10;        41s 146ms 633μs 355ns;3345.365854;                        -23001265924360ns;         3s 833ms 423μs 195ns;2251.000000;0.000000
11;16924;2000;362;10;        29s 806ms 230μs 937ns;4886.896552;                        -29608577784773ns;         4s 700ms 511μs 825ns;1931.000000;0.000000
387;3173d6;2000;323;10;        37s 148ms 889μs 589ns;3767.027027;                        -23479515816454ns;         4s 200ms 410μs 856ns;2253.000000;0.000000
759;6173f8;2000;228;10;        42s 823ms 310μs 874ns;3182.857143;                        -20718820442345ns;         2s 845ms 959μs 535ns;2251.000000;0.000000
12;18d71;2000;366;10;        37s 601ms 658μs 912ns;3836.756757;                        -25467597782711ns;         4s 693ms 165μs 684ns;2221.000000;0.000000
760;6193a7;2000;296;10;        44s  21ms 804μs 902ns;3130.909091;                        -25962778389055ns;         3s 967ms 564μs 323ns;2251.000000;0.000000
388;3194ff;2000;317;10;        36s 757ms 970μs 176ns;3861.666667;                        -24023389152156ns;         4s 170ms 296μs 200ns;2253.000000;0.000000
13;1af10;2000;413;10;        37s 656ms  43μs 639ns;3912.972973;                        -25196295550207ns;         4s 752ms 242μs 282ns;2234.000000;0.000000
761;61b4ee;2000;332;10;        44s 962ms   1μs 182ns;3180.000000;                        -23310210976415ns;         3s 934ms 552μs 734ns;2251.000000;0.000000
389;31b5f5;2000;306;10;        36s 894ms 101μs 205ns;3843.333333;                        -18829678383187ns;         4s  11ms 860μs 365ns;2253.000000;0.000000
14;1d1e7;2000;354;10;        37s 203ms 538μs 183ns;3817.297297;                        -22400976707671ns;         4s 743ms 858μs 284ns;2253.000000;0.000000
762;61d677;2000;256;10;        43s 503ms 368μs 742ns;3147.906977;                        -21248855649853ns;         3s 311ms 360μs 155ns;2251.000000;0.000000
390;31d6c8;2000;291;10;        36s 346ms 349μs 982ns;3818.333333;                        -17739983741676ns;         3s 624ms  60μs 175ns;2253.000000;0.000000
15;1f3a6;2000;380;10;        36s 994ms 818μs 597ns;3966.666667;                        -26453790067700ns;         5s  37ms 764μs 536ns;2253.000000;0.000000
763;61f666;2000;277;10;        44s 113ms 699μs 520ns;3105.000000;                        -22083367648721ns;         3s 424ms 553μs 846ns;2251.000000;0.000000
391;31f73b;2000;343;10;        37s 137ms 317μs 576ns;3799.459459;                        -22101140875475ns;         4s 437ms 101μs 610ns;2253.000000;0.000000
16;215bd;2000;300;10;        36s 376ms 669μs 507ns;3833.333333;                        -19420450460716ns;         3s 845ms       437ns;2253.000000;0.000000
764;6216ff;2000;272;10;        43s 558ms 895μs 778ns;3170.232558;                        -20591154763043ns;         3s 513ms 136μs 787ns;2251.000000;0.000000
392;321906;2000;281;10;        35s 883ms 801μs 119ns;3910.285714;                        -17821687261192ns;         3s 623ms 409μs 773ns;2253.000000;0.000000
17;2360a;2000;320;10;        36s 579ms 739μs  65ns;3866.666667;                        -20646303169290ns;         4s 253ms 913μs  12ns;2253.000000;0.000000
765;62375e;2000;314;10;        43s 484ms  77μs 617ns;3228.837209;                        -22748225134933ns;         4s 134ms 945μs 204ns;2251.000000;0.000000
393;323951;2000;334;10;        36s 879ms 509μs 999ns;3890.000000;                        -18850617945481ns;         4s  28ms 676μs 859ns;2253.000000;0.000000
18;256d7;2000;348;10;        36s 832ms 916μs 526ns;3913.333333;                        -21089238664058ns;         4s 470ms 587μs 272ns;2253.000000;0.000000
766;6258e3;2000;336;10;        45s 351ms 833μs 584ns;3114.666667;                        -27546011564069ns;         4s 358ms 490μs 262ns;2251.000000;0.000000
394;325ab4;2000;318;10;        36s 532ms 376μs 374ns;3863.333333;                        -18261969937645ns;         3s 953ms 126μs 449ns;2253.000000;0.000000
19;27840;2000;319;10;        36s 304ms 324μs 536ns;3865.000000;                        -25996797913362ns;         4s 487ms 275μs 477ns;2253.000000;0.000000
767;627ab6;2000;295;10;        44s 207ms 136μs 974ns;3129.545455;                        -19629789663281ns;         3s 777ms 132μs 518ns;2251.000000;0.000000
395;327b85;2000;310;10;        36s 568ms 990μs 505ns;3850.000000;                        -17844956470449ns;         3s 803ms  50μs 267ns;2253.000000;0.000000
20;29957;2000;329;10;        36s 728ms 785μs 629ns;3881.666667;                        -20802044440620ns;         4s 333ms 900μs 308ns;2253.000000;0.000000
768;629b93;2000;274;10;        43s 655ms 724μs 262ns;3173.023256;                        -23159528274158ns;         3s 536ms 900μs 202ns;2251.000000;0.000000
396;329c92;2000;326;10;        37s 125ms 973μs 421ns;3771.891892;                        -25628265858111ns;         4s 279ms 583μs 698ns;2253.000000;0.000000
21;2ba4c;2000;313;10;        36s 937ms 194μs 696ns;3855.000000;                        -17921692687360ns;         4s  45ms 762μs 753ns;2253.000000;0.000000
769;62bc24;2000;269;10;        43s 512ms 645μs 740ns;3166.046512;                        -22956312264480ns;         3s 572ms 418μs 165ns;2251.000000;0.000000
397;32bdc7;2000;322;10;        36s 994ms 971μs 282ns;3870.000000;                        -23035768209697ns;         4s 319ms 948μs 848ns;2253.000000;0.000000
22;2db15;2000;321;10;        36s 443ms 547μs 112ns;3868.333333;                        -19252992262572ns;         4s 116ms 659μs   4ns;2253.000000;0.000000
770;62dccf;2000;280;10;        43s 460ms 466μs 322ns;3181.395349;                        -17971238317305ns;         3s 563ms 491μs 149ns;2251.000000;0.000000
398;32dee0;2000;337;10;        36s 584ms 925μs 120ns;3895.000000;                        -25990226842998ns;         4s 262ms  78μs 841ns;2253.000000;0.000000
23;2fc12;2000;328;10;        36s 493ms 207μs  73ns;3880.000000;                        -24053456661311ns;         4s 220ms 770μs 618ns;2253.000000;0.000000
771;62fd66;2000;244;10;        42s 986ms 320μs 702ns;3205.714286;                        -18001549088844ns;         3s 161ms 867μs  71ns;2251.000000;0.000000
399;330043;2000;325;10;        36s 633ms 129μs  16ns;3875.000000;                        -21333260761909ns;         4s   5ms 172μs 457ns;2253.000000;0.000000
772;631d55;2000;297;10;        44s 821ms  58μs 731ns;3132.272727;                        -25491408241860ns;         3s 680ms  37μs   8ns;2251.000000;0.000000
24;31d63;2000;330;10;        36s 658ms 464μs 953ns;3883.333333;                        -22879030276759ns;         4s 306ms 201μs 344ns;2253.000000;0.000000
400;33216e;2000;302;10;        36s 777ms 752μs  46ns;3836.666667;                        -22275190742690ns;         4s  67ms 201μs 517ns;2253.000000;0.000000
773;633e4a;2000;326;10;        47s 315ms 307μs 212ns;2969.361702;                        -35500703840040ns;         3s 379ms 330μs 894ns;2251.000000;0.000000
25;33e6e;2000;283;10;        35s 987ms 567μs 657ns;3913.714286;                        -18634171337614ns;         3s 704ms 994μs 802ns;2253.000000;0.000000
401;334241;2000;309;10;        36s 763ms 975μs 582ns;3848.333333;                        -22210142638025ns;         3s 930ms 557μs 481ns;2253.000000;0.000000
26;35eb9;2000;329;10;        36s 716ms 907μs 150ns;3881.666667;                        -21967217090061ns;         4s 503ms 931μs  53ns;2253.000000;0.000000
774;635fd0;2000;319;10;        43s 995ms 152μs 763ns;3235.813953;                        -18690777547063ns;         4s  49ms 715μs 195ns;2251.000000;0.000000
402;3362ee;2000;291;10;        36s 908ms  22μs 669ns;3818.333333;                        -22387171833055ns;         3s 775ms 813μs 624ns;2253.000000;0.000000
27;38018;2000;313;10;        36s 268ms 200μs 287ns;3855.000000;                        -18162287470563ns;         4s  57ms 981μs 888ns;2253.000000;0.000000
775;63819d;2000;323;10;        44s 483ms 549μs 949ns;3167.727273;                        -20174708408597ns;         3s 980ms 289μs 797ns;2251.000000;0.000000
403;338373;2000;310;10;        36s 676ms 629μs 934ns;3850.000000;                        -26550109942407ns;         4s 123ms  89μs 913ns;2234.000000;0.000000
28;3a0a9;2000;319;10;        36s 505ms 333μs 875ns;3865.000000;                        -17884337105854ns;         3s 967ms 643μs 892ns;2253.000000;0.000000
776;63a31c;2000;317;10;        44s 935ms 864μs 665ns;3159.545455;                        -25793599101936ns;         4s 167ms 185μs 386ns;2251.000000;0.000000
404;33a468;2000;329;10;        36s 984ms 899μs 793ns;3881.666667;                        -19393176776030ns;         4s   8ms 134μs 176ns;2234.000000;0.000000
29;3c182;2000;290;10;        36s  72ms 591μs 270ns;3816.666667;                        -19993915788258ns;         3s 671ms 594μs 271ns;2253.000000;0.000000
777;63c4a7;2000;301;10;        44s 517ms  52μs 518ns;3137.727273;                        -20119546154369ns;         3s 974ms 389μs 690ns;2251.000000;0.000000
405;33c5c3;2000;360;10;        37s 575ms 952μs 509ns;3827.027027;                        -26466080361241ns;         4s 831ms 832μs 201ns;2251.000000;0.000000
30;3e1b0;2000;291;10;        36s  31ms  68μs 745ns;3818.333333;                        -18105513517950ns;         3s 833ms 740μs 233ns;2253.000000;0.000000
778;63e594;2000;314;10;        44s 938ms 283μs 452ns;3155.454545;                        -23809125840620ns;         4s  86ms 218μs 455ns;2251.000000;0.000000
406;33e783;2000;326;10;        37s 344ms 562μs 733ns;3771.891892;                        -25896864295710ns;         4s 247ms 827μs 851ns;2251.000000;0.000000
31;401db;2000;314;10;        36s 241ms 475μs 250ns;3856.666667;                        -19323750343569ns;         3s 753ms 231μs 471ns;2253.000000;0.000000
779;640706;2000;340;10;        45s 141ms 372μs 664ns;3120.000000;                        -21544282098282ns;         4s 357ms 889μs 283ns;2251.000000;0.000000
407;3408ae;2000;312;10;        37s  10ms 524μs 358ns;3749.189189;                        -21472565805067ns;         3s 925ms 362μs 501ns;2234.000000;0.000000
32;4229a;2000;285;10;        35s 905ms 396μs 914ns;3917.142857;                        -18863033889813ns;         3s 540ms 933μs 765ns;2253.000000;0.000000
780;6428fd;2000;278;10;        44s 502ms 314μs 758ns;3106.363636;                        -20332640188242ns;         3s 645ms 583μs  65ns;2251.000000;0.000000
408;3429c7;2000;293;10;        36s 709ms 963μs 385ns;3821.666667;                        -22626081393701ns;         3s 872ms 895μs 654ns;2234.000000;0.000000
33;442c3;2000;301;10;        35s 772ms 189μs 373ns;3944.571429;                        -15454873700381ns;         3s 943ms 849μs 411ns;2253.000000;0.000000
781;64496e;2000;314;10;        45s  82ms 252μs 811ns;3085.333333;                        -23060534446601ns;         4s 101ms 602μs 919ns;2251.000000;0.000000
409;344aa0;2000;305;10;        36s 717ms  40μs 508ns;3841.666667;                        -23479026968114ns;         4s  39ms 786μs 247ns;2234.000000;0.000000
34;4630a;2000;308;10;        36s 595ms 701μs 444ns;3846.666667;                        -18677750598297ns;         3s 952ms 919μs 829ns;2253.000000;0.000000
782;646a99;2000;316;10;        43s 644ms 417μs 784ns;3231.627907;                        -18992558109817ns;         3s 762ms  85μs 769ns;2251.000000;0.000000
410;346bbb;2000;326;10;        37s 300ms 632μs 155ns;3771.891892;                        -27108015088619ns;         4s 138ms 371μs 876ns;2234.000000;0.000000
35;483bb;2000;372;10;        37s 172ms 671μs  89ns;3846.486486;                        -28398723333507ns;         4s 679ms 904μs 103ns;2253.000000;0.000000
783;648bfb;2000;307;10;        43s 149ms 707μs 342ns;3219.069767;                        -19578244785595ns;         3s 955ms 912μs 294ns;2251.000000;0.000000
411;348d03;2000;300;10;        36s 692ms 812μs 748ns;3833.333333;                        -21109056346104ns;         4s   3ms 499μs 212ns;2253.000000;0.000000
36;4a5d6;2000;298;10;        36s 378ms  18μs 679ns;3830.000000;                        -21107030394927ns;         3s 770ms 242μs 772ns;2253.000000;0.000000
784;64acf8;2000;257;10;        39s 765ms 513μs 881ns;3472.307692;                        -19495226172757ns;         3s       505μs 162ns;2251.000000;0.000000
412;34adb0;2000;338;10;        36s 982ms 825μs 609ns;3896.666667;                        -21245750825553ns;         4s 403ms 377μs 223ns;2253.000000;0.000000
37;4c669;2000;293;10;        36s 220ms 735μs  29ns;3821.666667;                        -22329856283977ns;         3s 868ms 756μs   0ns;2253.000000;0.000000
785;64ccdf;2000;338;10;        38s 916ms 266μs 684ns;3691.578947;                        -28108644631504ns;         4s 429ms   7μs 987ns;2234.000000;0.000000
413;34cefd;2000;321;10;        36s 933ms 547μs 167ns;3868.333333;                        -22125278545721ns;         4s 259ms 604μs 680ns;2253.000000;0.000000
38;4e6ea;2000;281;10;        36s  94ms 807μs 602ns;3801.666667;                        -21976342847022ns;         3s 590ms 242μs 936ns;2253.000000;0.000000
786;64eede;2000;244;10;        38s 695ms 277μs 246ns;3543.157895;                        -17260482067819ns;         2s 826ms 214μs  21ns;2234.000000;0.000000
414;34f020;2000;325;10;        36s 442ms 212μs 615ns;3875.000000;                        -17287569598849ns;         4s 275ms 929μs  60ns;2253.000000;0.000000
39;50710;2000;292;10;        36s 117ms 411μs 923ns;3820.000000;                        -21402082928469ns;         3s 792ms 342μs 515ns;2253.000000;0.000000
787;650ed9;2000;305;10;        39s 275ms 292μs 562ns;3546.153846;                        -17570196522499ns;         3s 979ms 112μs 139ns;2234.000000;0.000000
415;351127;2000;322;10;        36s 441ms 816μs 690ns;3870.000000;                        -20197183843890ns;         3s 751ms 707μs 686ns;2253.000000;0.000000
40;5279b;2000;299;10;        36s 398ms 873μs 934ns;3831.666667;                        -21103986924405ns;         3s 988ms 118μs 672ns;2253.000000;0.000000
788;653010;2000;275;10;        37s 817ms 752μs 320ns;3689.189189;                        -21933260665926ns;         3s 474ms 730μs 261ns;2234.000000;0.000000
416;3531da;2000;412;10;        38s 530ms 444μs 862ns;3808.421053;                        -25927789377720ns;         5s 238ms 189μs 920ns;2251.000000;0.000000
41;54856;2000;334;10;        37s 267ms 672μs  12ns;3784.864865;                        -22405999396543ns;         4s 317ms 985μs 642ns;2253.000000;0.000000
789;6550a7;2000;343;10;        38s 954ms 778μs 286ns;3699.473684;                        -19295246317756ns;         4s 151ms  27μs 694ns;2234.000000;0.000000
417;355479;2000;425;10;        39s  53ms 971μs 140ns;3730.769231;                        -24410120017744ns;         5s 497ms 514μs  19ns;2251.000000;0.000000
42;569b7;2000;325;10;        36s 953ms 343μs 711ns;3875.000000;                        -20639183112545ns;         4s 141ms 645μs 242ns;2253.000000;0.000000
790;6572d4;2000;315;10;        39s 373ms 903μs 180ns;3561.538462;                        -18009697951325ns;         3s 833ms  93μs 951ns;2234.000000;0.000000
418;3576f0;2000;368;10;        37s 376ms  84μs 921ns;3840.000000;                        -25708160035033ns;         4s 699ms 208μs 749ns;2251.000000;0.000000
43;58ad4;2000;300;10;        36s 210ms 261μs 771ns;3833.333333;                        -19223981958058ns;         3s 908ms 475μs 597ns;2253.000000;0.000000
791;659417;2000;300;10;        39s 125ms 676μs 103ns;3538.461538;                        -18129964567594ns;         3s 740ms 870μs 539ns;2234.000000;0.000000
419;359843;2000;311;10;        36s 630ms 637μs 715ns;3851.666667;                        -21269529193751ns;         3s 975ms 604μs 783ns;2251.000000;0.000000
44;5ab5f;2000;329;10;        36s 786ms 277μs 778ns;3881.666667;                        -18986020788654ns;         4s 179ms 141μs 591ns;2253.000000;0.000000
792;65b4da;2000;314;10;        39s 455ms 865μs 808ns;3560.000000;                        -22592342019341ns;         3s 922ms 727μs 263ns;2234.000000;0.000000
420;35b91c;2000;327;10;        36s 653ms 519μs  61ns;3878.333333;                        -21365743624389ns;         4s 237ms 196μs 206ns;2251.000000;0.000000
45;5cc78;2000;266;10;        35s 738ms 263μs 458ns;3884.571429;                        -19277325705313ns;         3s 253ms 446μs 795ns;2253.000000;0.000000
793;65d61d;2000;294;10;        37s 873ms  54μs  91ns;3720.000000;                        -22536717686822ns;         3s 736ms  42μs 206ns;2234.000000;0.000000
421;35d9f7;2000;337;10;        37s 265ms 392μs 119ns;3789.729730;                        -23189286481163ns;         4s 137ms 521μs 374ns;2251.000000;0.000000
46;5ec43;2000;296;10;        36s 178ms  97μs 221ns;3826.666667;                        -19261748590778ns;         3s 761ms 484μs 969ns;2253.000000;0.000000
794;65f6a0;2000;294;10;        37s 308ms 132μs 727ns;3720.000000;                        -20491022377529ns;         3s 862ms 118μs 696ns;2234.000000;0.000000
422;35fafc;2000;319;10;        37s 564ms 712μs 761ns;3760.540541;                        -21926282384964ns;         4s 165ms 649μs 282ns;2251.000000;0.000000
47;60ccc;2000;315;10;        36s 956ms 764μs 821ns;3858.333333;                        -21434984744565ns;         4s 142ms 563μs 397ns;2253.000000;0.000000
795;6617a5;2000;293;10;        38s 411ms 366μs 777ns;3620.526316;                        -19477935729762ns;         3s 946ms 198μs  86ns;2234.000000;0.000000
423;361bc3;2000;422;10;        38s 801ms 500μs 828ns;3824.210526;                        -27687455301960ns;         5s 354ms 493μs  75ns;2251.000000;0.000000
48;62d8b;2000;269;10;        36s 137ms 170μs 481ns;3781.666667;                        -19731589824181ns;         3s 299ms 552μs  41ns;2253.000000;0.000000
796;6638d6;2000;320;10;        39s 294ms 287μs 483ns;3569.230769;                        -20774322379911ns;         4s  23ms 124μs 259ns;2234.000000;0.000000
424;363eb2;2000;314;10;        37s 242ms 379μs 633ns;3752.432432;                        -21495732781453ns;         3s 954ms 154μs  30ns;2251.000000;0.000000
49;64d86;2000;321;10;        36s 329ms 679μs 506ns;3868.333333;                        -18361250874046ns;         3s 940ms  84μs   8ns;2253.000000;0.000000
797;665a0d;2000;337;10;        38s 615ms 958μs 865ns;3690.000000;                        -20626390598785ns;         4s 442ms 807μs 659ns;2234.000000;0.000000
425;365f2d;2000;382;10;        38s 249ms 921μs 300ns;3761.052632;                        -22527116894455ns;         4s 943ms 484μs 878ns;2251.000000;0.000000
50;66e77;2000;317;10;        36s 715ms  86μs 986ns;3861.666667;                        -20955576759024ns;         3s 992ms 873μs 366ns;2253.000000;0.000000
798;667bb6;2000;329;10;        39s  17ms 655μs 806ns;3583.076923;                        -24992003584130ns;         3s 982ms 235μs 504ns;2234.000000;0.000000
426;36813c;2000;373;10;        37s 505ms  79μs 412ns;3848.108108;                        -23321876724970ns;         4s 730ms 330μs 134ns;2251.000000;0.000000
51;68f30;2000;278;10;        35s 967ms 170μs 208ns;3905.142857;                        -19894857536863ns;         3s 546ms 703μs 753ns;2253.000000;0.000000
799;669d1d;2000;305;10;        39s   9ms 669μs 432ns;3546.153846;                        -21174354437874ns;         3s 920ms 253μs 831ns;2234.000000;0.000000
427;36a323;2000;301;10;        37s 595ms 725μs 351ns;3731.351351;                        -18465991019103ns;         3s 420ms 249μs 284ns;2251.000000;0.000000
52;6af67;2000;309;10;        38s 541ms 163μs 472ns;3645.789474;                        -20563942339364ns;         3s 858ms  16μs 953ns;2253.000000;0.000000
428;36c3a4;2000;307;10;        37s 135ms 252μs 582ns;3741.081081;                        -15996389223825ns;         3s 731ms 745μs 865ns;2251.000000;0.000000
53;6d01a;2000;326;10;        36s 974ms 661μs 485ns;3876.666667;                        -22039209490447ns;         4s 119ms 125μs 172ns;2253.000000;0.000000
429;36e433;2000;354;10;        37s 834ms  47μs 676ns;3817.297297;                        -17579294623807ns;         3s 865ms 779μs 581ns;2251.000000;0.000000
54;6f109;2000;289;10;        36s 193ms 411μs 209ns;3815.000000;                        -18860727232394ns;         3s 436ms 986μs 957ns;2253.000000;0.000000
430;3705d8;2000;352;10;        37s 735ms 504μs 529ns;3814.054054;                        -22589894400401ns;         4s 369ms 578μs 625ns;2251.000000;0.000000
55;71198;2000;268;10;        35s 783ms 164μs  91ns;3888.000000;                        -16181233653774ns;         3s 298ms 237μs 405ns;2234.000000;0.000000
431;37274b;2000;328;10;        37s 600ms 319μs 463ns;3775.135135;                        -21624089414820ns;         3s 817ms 296μs  92ns;2251.000000;0.000000
56;731e5;2000;333;10;        36s 666ms 825μs 156ns;3888.333333;                        -20358565663686ns;         3s 830ms 657μs 752ns;2253.000000;0.000000
432;374838;2000;371;10;        38s 178ms 676μs 339ns;3743.684211;                        -22885985503806ns;         4s 607ms 665μs 602ns;2251.000000;0.000000
57;75370;2000;291;10;        36s 272ms       349ns;3818.333333;                        -17670449517554ns;         3s 835ms 758μs 289ns;2253.000000;0.000000
433;3769ed;2000;309;10;        37s 278ms 502μs  90ns;3744.324324;                        -20837907135678ns;         3s 920ms 518μs 422ns;2251.000000;0.000000
58;773c7;2000;283;10;        36s 269ms 972μs 559ns;3805.000000;                        -21516914489129ns;         3s 696ms 941μs 185ns;2253.000000;0.000000
434;378aba;2000;273;10;        36s 418ms 511μs 431ns;3788.333333;                        -17231678323747ns;         3s 303ms 356μs 455ns;2251.000000;0.000000
59;7944c;2000;306;10;        36s 152ms 483μs 811ns;3843.333333;                        -18260464180895ns;         4s  46ms 365μs 965ns;2253.000000;0.000000
435;37aaa9;2000;277;10;        36s 389ms  26μs 940ns;3795.000000;                        -18677973495536ns;         3s 555ms  25μs  64ns;2251.000000;0.000000
60;7b4fd;2000;310;10;        36s 420ms  49μs 754ns;3850.000000;                        -20099993878902ns;         4s  92ms 265μs 136ns;2253.000000;0.000000
436;37caf1;2000;311;10;        37s 299ms 916μs 532ns;3747.567568;                        -21311428717108ns;         3s 722ms 177μs 589ns;2251.000000;0.000000
61;7d5d1;2000;314;10;        37s 416ms 208μs  54ns;3752.432432;                        -19366782913089ns;         4s  97ms 322μs 485ns;2253.000000;0.000000
437;37ebde;2000;310;10;        36s 886ms 802μs 314ns;3850.000000;                        -15507697302040ns;         3s 339ms 355μs 303ns;2251.000000;0.000000
62;7f6b8;2000;315;10;        36s 346ms 445μs 447ns;3858.333333;                        -22158916918636ns;         4s 361ms 462μs 163ns;2253.000000;0.000000
438;380cff;2000;290;10;        36s 765ms 661μs 265ns;3816.666667;                        -18578398884125ns;         3s 545ms 713μs 452ns;2251.000000;0.000000
63;81789;2000;319;10;        36s 568ms 538μs  32ns;3865.000000;                        -20259436454088ns;         4s 130ms 476μs 417ns;2253.000000;0.000000
439;382d66;2000;283;10;        36s 589ms 821μs 692ns;3805.000000;                        -18147063291180ns;         3s 599ms 930μs 493ns;2251.000000;0.000000
64;8387e;2000;318;10;        36s 928ms 531μs 729ns;3863.333333;                        -19337788924587ns;         3s 993ms  64μs 895ns;2253.000000;0.000000
440;384d2b;2000;342;10;        38s 223ms 628μs  26ns;3697.894737;                        -19365551307617ns;         4s 326ms 385μs 739ns;2251.000000;0.000000
65;8596d;2000;302;10;        36s 272ms 230μs 860ns;3836.666667;                        -20412185064608ns;         4s  89ms 411μs 766ns;2253.000000;0.000000
441;386e6a;2000;280;10;        37s 521ms 851μs 872ns;3697.297297;                        -18666448876548ns;         3s 612ms 157μs 139ns;2251.000000;0.000000
66;87a06;2000;351;10;        37s 656ms 300μs 312ns;3812.432432;                        -21596572799463ns;         4s 645ms 176μs 572ns;2253.000000;0.000000
442;388e67;2000;348;10;        38s 245ms 629μs 653ns;3707.368421;                        -22898550198400ns;         4s 427ms 247μs  46ns;2251.000000;0.000000
67;89b8d;2000;363;10;        36s 893ms 849μs 918ns;3938.333333;                        -23317383748239ns;         4s 899ms 855μs 710ns;2251.000000;0.000000
443;38afe2;2000;327;10;        38s 176ms 807μs 820ns;3674.210526;                        -18775182086986ns;         4s  27ms 530μs 853ns;2251.000000;0.000000
68;8bd62;2000;331;10;        36s 675ms 809μs 558ns;3885.000000;                        -21785239752928ns;         4s 307ms 434μs 851ns;2251.000000;0.000000
444;38d0db;2000;296;10;        38s 224ms 358μs 634ns;3625.263158;                        -18542961061233ns;         3s 454ms  13μs 996ns;2251.000000;0.000000
69;8de73;2000;326;10;        37s 185ms 749μs 172ns;3771.891892;                        -21369214406131ns;         4s  66ms 929μs 358ns;2251.000000;0.000000
445;38f180;2000;299;10;        38s 970ms 941μs  77ns;3630.000000;                        -18764686015942ns;         3s 810ms 659μs 564ns;2251.000000;0.000000
70;8ff7a;2000;376;10;        37s 160ms 933μs 310ns;3852.972973;                        -21148553829070ns;         4s 719ms 501μs 391ns;2251.000000;0.000000
446;39121f;2000;346;10;        39s 135ms 127μs 230ns;3609.230769;                        -22451344266461ns;         4s 255ms 318μs 923ns;2251.000000;0.000000
71;92169;2000;325;10;        37s 191ms  87μs 638ns;3770.270270;                        -22078985187575ns;         4s  37ms  91μs 160ns;2234.000000;0.000000
447;39331c;2000;287;10;        37s 693ms 218μs 638ns;3708.648649;                        -19847819688621ns;         3s 435ms 471μs 304ns;2251.000000;0.000000
72;942e2;2000;332;10;        39s 715ms 817μs 656ns;3587.692308;                        -26185619142551ns;         4s 484ms 723μs 481ns;2234.000000;0.000000
448;395301;2000;308;10;        37s 412ms  55μs 352ns;3742.702703;                        -19426686272772ns;         3s 617ms 556μs 309ns;2251.000000;0.000000
73;9646f;2000;265;10;        35s 606ms 963μs   0ns;3882.857143;                        -22190263541007ns;         3s 575ms 126μs 920ns;2235.000000;0.000000
449;3973c0;2000;281;10;        36s 310ms 994μs 627ns;3801.666667;                        -15481377902347ns;         3s 396ms 585μs  64ns;2251.000000;0.000000
74;98494;2000;342;10;        37s  29ms 905μs 115ns;3797.837838;                        -21231566837858ns;         4s 426ms 215μs  73ns;2237.000000;0.000000
450;399391;2000;280;10;        36s 818ms 460μs  18ns;3800.000000;                        -19423972743326ns;         3s 465ms 949μs 432ns;2251.000000;0.000000
75;9a655;2000;359;10;        37s 671ms 802μs 681ns;3825.405405;                        -20163691823101ns;         4s 518ms 652μs 271ns;2251.000000;0.000000
451;39b3ec;2000;285;10;        36s 852ms 569μs 582ns;3808.333333;                        -19874459044539ns;         3s 545ms 828μs 628ns;2251.000000;0.000000
76;9c7da;2000;324;10;        37s 112ms 712μs 407ns;3768.648649;                        -23725436845187ns;         4s 327ms 488μs 905ns;2251.000000;0.000000
452;39d41f;2000;292;10;        37s 286ms 559μs 544ns;3716.756757;                        -20305368191998ns;         3s 738ms 820μs 803ns;2251.000000;0.000000
77;9e8ed;2000;352;10;        37s 397ms 877μs 737ns;3814.054054;                        -23214986502703ns;         4s 324ms 931μs 518ns;2251.000000;0.000000
453;39f468;2000;384;10;        38s  51ms 160μs 574ns;3764.210526;                        -27286732376717ns;         4s 847ms 882μs 627ns;2251.000000;0.000000
78;a0a72;2000;384;10;        37s 561ms 700μs  37ns;3865.945946;                        -17689116641222ns;         4s 745ms 891μs 577ns;2251.000000;0.000000
79;a2c8d;2000;383;10;        37s 235ms 429μs 287ns;3864.324324;                        -16563456573923ns;         5s  54ms 587μs 172ns;2251.000000;0.000000
80;a4e66;2000;284;10;        35s 934ms 645μs 562ns;3915.428571;                        -18940017754648ns;         3s 492ms 292μs 716ns;2253.000000;0.000000
81;a6e83;2000;317;10;        36s 576ms 795μs 247ns;3861.666667;                        -20305484066842ns;         4s  55ms 480μs  37ns;2253.000000;0.000000
82;a8f6a;2000;291;10;        35s 905ms  74μs 538ns;3927.428571;                        -18648991977215ns;         3s 769ms 688μs 584ns;2234.000000;0.000000
83;aafeb;2000;309;10;        35s 930ms 978μs 458ns;3958.285714;                        -22252922184074ns;         3s 972ms 841μs 196ns;2251.000000;0.000000
84;ad0e0;2000;336;10;        36s 424ms 558μs 495ns;3893.333333;                        -22228991551637ns;         4s 457ms 194μs 492ns;2253.000000;0.000000
85;af245;2000;332;10;        36s 559ms 442μs 459ns;3886.666667;                        -22268870812281ns;         4s 184ms  85μs 282ns;2253.000000;0.000000
86;b1384;2000;298;10;        36s   1ms 603μs 653ns;3830.000000;                        -19304248254147ns;         3s 919ms 703μs 548ns;2234.000000;0.000000
87;b343d;2000;317;10;        36s 610ms 485μs 399ns;3861.666667;                        -22883578228315ns;         4s 161ms 908μs 483ns;2234.000000;0.000000
88;b5548;2000;347;10;        37s 245ms 976μs 415ns;3805.945946;                        -22131786206855ns;         3s 889ms  30μs 457ns;2251.000000;0.000000
89;b76f8;2000;363;10;        37s  22ms 356μs 773ns;3831.891892;                        -20151714895867ns;         4s 633ms 958μs 932ns;2251.000000;0.000000
90;b9905;2000;340;10;        37s 277ms 858μs 938ns;3794.594595;                        -21507763005907ns;         4s 211ms 181μs 845ns;2251.000000;0.000000
91;bbaa4;2000;305;10;        36s 594ms  15μs 948ns;3841.666667;                        -22775283532291ns;         4s 112ms 299μs 433ns;2251.000000;0.000000
92;bdb97;2000;296;10;        36s  93ms 374μs 444ns;3826.666667;                        -19566041052412ns;         3s 902ms 263μs 299ns;2234.000000;0.000000
93;bfc42;2000;281;10;        35s 830ms 484μs 223ns;3910.285714;                        -19221629644933ns;         3s 538ms 300μs 990ns;2251.000000;0.000000
94;c1c59;2000;287;10;        35s 602ms   1μs 726ns;3920.571429;                        -18225879937694ns;         3s 737ms 696μs 302ns;2253.000000;0.000000
95;c3c98;2000;293;10;        36s 191ms 129μs 224ns;3821.666667;                        -20776729289089ns;         3s 506ms 855μs 867ns;2253.000000;0.000000
96;c5cd7;2000;324;10;        36s 583ms 457μs 112ns;3873.333333;                        -23762780962716ns;         4s 193ms 891μs 166ns;2253.000000;0.000000
97;c7dec;2000;341;10;        37s 766ms 750μs 827ns;3796.216216;                        -20585302969162ns;         4s 685ms 278μs 663ns;2253.000000;0.000000
98;c9f13;2000;254;10;        35s 143ms 128μs  62ns;3864.000000;                        -19459581355849ns;         3s 278ms 422μs 161ns;2253.000000;0.000000
99;cbea3;2000;362;10;        36s 969ms  31μs 170ns;3936.666667;                        -22927537623425ns;         4s 768ms 163μs 463ns;2253.000000;0.000000
100;ce07a;2000;274;10;        35s 815ms 177μs 482ns;3898.285714;                        -16909811637806ns;         3s 358ms 483μs 961ns;2253.000000;0.000000
101;d0095;2000;341;10;        36s 502ms 486μs 245ns;3901.666667;                        -19666330726893ns;         4s 304ms 983μs 203ns;2253.000000;0.000000
102;d21e4;2000;362;10;        36s 901ms 217μs 224ns;3936.666667;                        -19493057096171ns;         4s 592ms 296μs 225ns;2253.000000;0.000000
103;d43c9;2000;313;10;        36s 232ms 788μs 943ns;3855.000000;                        -20610235034130ns;         4s  55ms  75μs 735ns;2253.000000;0.000000
104;d6484;2000;324;10;        36s 444ms 573μs 661ns;3873.333333;                        -20281200283650ns;         4s 237ms 579μs 357ns;2234.000000;0.000000
105;d859f;2000;300;10;        36s 127ms 898μs  68ns;3833.333333;                        -18374347043260ns;         3s 808ms 648μs 558ns;2234.000000;0.000000
106;da642;2000;298;10;        36s 537ms 740μs 927ns;3830.000000;                        -22400338963293ns;         3s 953ms 681μs 337ns;2234.000000;0.000000
107;dc6f9;2000;312;10;        36s 607ms 515μs 774ns;3853.333333;                        -20860183142450ns;         4s  81ms 188μs 414ns;2234.000000;0.000000
108;de804;2000;328;10;        36s 526ms 569μs 339ns;3880.000000;                        -22813642365431ns;         4s 259ms 954μs 983ns;2251.000000;0.000000
109;e0985;2000;298;10;        36s 596ms 883μs 706ns;3830.000000;                        -21934094875534ns;         3s 822ms 311μs 247ns;2251.000000;0.000000
110;e2a4c;2000;285;10;        36s 511ms 851μs 622ns;3808.333333;                        -25618881355193ns;         3s 876ms 754μs 770ns;2234.000000;0.000000
111;e4ac9;2000;299;10;        36s 309ms 515μs 837ns;3831.666667;                        -23578627650712ns;         4s  93ms 666μs 150ns;2251.000000;0.000000
112;e6b92;2000;314;10;        36s 992ms 563μs 999ns;3856.666667;                        -19679241702124ns;         4s 167ms 210μs 976ns;2252.000000;0.000000
113;e8cbf;2000;356;10;        37s  15ms 514μs 253ns;3820.540541;                        -20250495679454ns;         4s 636ms  29μs 219ns;2252.000000;0.000000
114;eae7a;2000;346;10;        36s 903ms 545μs 943ns;3910.000000;                        -19414008470787ns;         4s 684ms 415μs  43ns;2252.000000;0.000000
115;ed001;2000;273;10;        35s 885ms 549μs 287ns;3896.571429;                        -15983571390318ns;         3s 463ms 453μs 158ns;2234.000000;0.000000
116;ef00c;2000;269;10;        36s 175ms 201μs   0ns;3781.666667;                        -18881087310975ns;         3s 572ms 108μs 146ns;2234.000000;0.000000
117;f1015;2000;289;10;        36s 216ms 573μs 335ns;3815.000000;                        -20139230854311ns;         3s 760ms 897μs 792ns;2251.000000;0.000000
118;f3094;2000;330;10;        37s 189ms 788μs 298ns;3778.378378;                        -23045451576021ns;         4s 415ms 987μs 693ns;2251.000000;0.000000
119;f51e1;2000;339;10;        37s 453ms 121μs 377ns;3792.972973;                        -23886330877481ns;         4s 523ms 794μs 761ns;2251.000000;0.000000
120;f7354;2000;320;10;        36s 594ms 563μs  51ns;3866.666667;                        -16601506871878ns;         4s 160ms 963μs 656ns;2253.000000;0.000000
121;f9437;2000;261;10;        35s 529ms 962μs 247ns;3876.000000;                        -17755944319623ns;         3s  58ms 212μs 313ns;2253.000000;0.000000
122;fb3d2;2000;330;10;        36s 701ms 243μs 868ns;3883.333333;                        -18628690362890ns;         4s 291ms 426μs 713ns;2253.000000;0.000000
123;fd4cf;2000;288;10;        35s 546ms 389μs  78ns;3922.285714;                        -18497883920173ns;         3s 684ms 955μs 566ns;2253.000000;0.000000
124;ff516;2000;282;10;        35s 590ms 461μs 237ns;3912.000000;                        -17596832434301ns;         3s 494ms  47μs 365ns;2253.000000;0.000000
125;101531;2000;280;10;        35s 489ms  36μs 826ns;3908.571429;                        -17375657821428ns;         3s 604ms 681μs 461ns;2253.000000;0.000000
126;10356e;2000;285;10;        36s  30ms 436μs 270ns;3808.333333;                        -18051639621191ns;         3s 621ms 369μs 358ns;2253.000000;0.000000
127;1055bb;2000;293;10;        35s 744ms 734μs 822ns;3930.857143;                        -19410405621271ns;         3s 809ms 829μs 473ns;2253.000000;0.000000
128;107646;2000;334;10;        36s 642ms  90μs 724ns;3890.000000;                        -19071020690009ns;         4s 134ms 731μs 870ns;2253.000000;0.000000
129;109781;2000;315;10;        36s 415ms  82μs 760ns;3858.333333;                        -20167163099005ns;         4s 106ms 872μs  68ns;2253.000000;0.000000
130;10b884;2000;240;10;        35s 145ms  44μs 247ns;3840.000000;                        -14542363123341ns;         2s 840ms 560μs  68ns;2253.000000;0.000000
131;10d7cf;2000;314;10;        36s 601ms 247μs 927ns;3856.666667;                        -22994927760950ns;         4s 331ms 722μs  94ns;2253.000000;0.000000
132;10f8a4;2000;349;10;        37s 233ms 201μs 978ns;3809.189189;                        -24272368796371ns;         4s 658ms 996μs 425ns;2253.000000;0.000000
133;111a37;2000;324;10;        36s 516ms 370μs  15ns;3873.333333;                        -21965141650524ns;         4s 261ms 324μs 351ns;2253.000000;0.000000
134;113b0c;2000;316;10;        36s 504ms 787μs 867ns;3860.000000;                        -21573859086921ns;         4s  57ms 464μs 201ns;2253.000000;0.000000
135;115bd9;2000;261;10;        35s 284ms 614μs 949ns;3876.000000;                        -14653531379921ns;         3s 312ms 615μs 412ns;2253.000000;0.000000
136;117b9c;2000;275;10;        38s 263ms 609μs 171ns;3592.105263;                        -19101111076991ns;         3s 216ms 116μs 323ns;2253.000000;0.000000
137;119bdb;2000;308;10;        36s 633ms 809μs 598ns;3846.666667;                        -17417429308709ns;         3s 876ms 710μs 423ns;2253.000000;0.000000
138;11bc8a;2000;292;10;        37s 477ms 577μs 788ns;3716.756757;                        -17066453987639ns;         3s 748ms 491μs 575ns;2253.000000;0.000000
139;11dcc1;2000;251;10;        35s 171ms 400μs 138ns;3858.857143;                        -20275230493749ns;         3s 153ms 307μs 959ns;2253.000000;0.000000
140;11fc76;2000;283;10;        35s 771ms 365μs  91ns;3913.714286;                        -21896764108086ns;         3s 842ms 374μs 823ns;2253.000000;0.000000
141;121ce3;2000;315;10;        36s 261ms 106μs 143ns;3858.333333;                        -19013756010532ns;         4s 189ms 331μs 771ns;2253.000000;0.000000
142;123dca;2000;307;10;        36s 508ms  71μs  95ns;3845.000000;                        -21437043900015ns;         3s 980ms 613μs 910ns;2253.000000;0.000000
143;125e7f;2000;307;10;        35s 787ms  97μs 988ns;3954.857143;                        -14842230428519ns;         3s 974ms 863μs 134ns;2253.000000;0.000000
144;127f7a;2000;267;10;        35s 422ms 921μs 949ns;3886.285714;                        -17982622778590ns;         3s 251ms 537μs 535ns;2253.000000;0.000000
145;129f53;2000;268;10;        35s 445ms  85μs 414ns;3888.000000;                        -17496809363451ns;         3s 273ms 469μs 292ns;2253.000000;0.000000
146;12bf55;2000;348;10;        37s 154ms 151μs 894ns;3807.567568;                        -22690538658685ns;         4s 333ms 282μs 664ns;2253.000000;0.000000
147;12e140;2000;310;10;        36s 498ms 692μs 100ns;3850.000000;                        -16946253960446ns;         3s 869ms 159μs 181ns;2253.000000;0.000000
148;130251;2000;323;10;        36s 827ms 424μs 920ns;3871.666667;                        -18491352384755ns;         4s 248ms 789μs  37ns;2253.000000;0.000000
149;13237c;2000;351;10;        37s  20ms  27μs   4ns;3812.432432;                        -21279628059477ns;         4s 543ms 304μs 573ns;2253.000000;0.000000
150;13452f;2000;310;10;        36s 317ms 630μs  17ns;3850.000000;                        -23071730000969ns;         3s 970ms 693μs  51ns;2253.000000;0.000000
151;1365f8;2000;348;10;        37s  26ms 462μs 569ns;3807.567568;                        -24553399787087ns;         4s 426ms 253μs 662ns;2253.000000;0.000000
152;138759;2000;317;10;        36s 636ms 917μs 137ns;3861.666667;                        -20893196416238ns;         3s 842ms 550μs 546ns;2253.000000;0.000000
153;13a830;2000;286;10;        35s 859ms 474μs 417ns;3918.857143;                        -19750569930028ns;         3s 300ms 683μs 387ns;2253.000000;0.000000
154;13c891;2000;302;10;        36s 381ms 668μs 551ns;3836.666667;                        -18433345036030ns;         3s 921ms 553μs 890ns;2251.000000;0.000000
155;13e982;2000;315;10;        36s 434ms 301μs 353ns;3858.333333;                        -17861364580277ns;         4s 220ms 734μs 449ns;2251.000000;0.000000
156;140abd;2000;325;10;        36s 495ms 527μs 302ns;3875.000000;                        -21296512213609ns;         4s  20ms 120μs 263ns;2251.000000;0.000000
157;142c16;2000;294;10;        36s  34ms 875μs  78ns;3823.333333;                        -19925666688826ns;         3s 626ms 550μs 268ns;2251.000000;0.000000
158;144ca9;2000;307;10;        36s 310ms 961μs 158ns;3845.000000;                        -20286892165255ns;         3s 935ms 276μs 261ns;2251.000000;0.000000
159;146d4e;2000;306;10;        35s 926ms 104μs 128ns;3953.142857;                        -23837700294164ns;         4s  90ms 193μs 339ns;2251.000000;0.000000
160;148e3d;2000;299;10;        35s 925ms 243μs 532ns;3941.142857;                        -18466911315815ns;         3s 771ms 384μs 422ns;2251.000000;0.000000
161;14af18;2000;276;10;        35s 817ms 441μs 204ns;3901.714286;                        -20090149634842ns;         3s 621ms   4μs 885ns;2251.000000;0.000000
162;14cf61;2000;303;10;        36s 610ms 395μs 217ns;3838.333333;                        -20565491909799ns;         3s 833ms 109μs 762ns;2251.000000;0.000000
163;14f036;2000;294;10;        35s 590ms 791μs 719ns;3932.571429;                        -17325268326819ns;         3s 256ms 256μs 451ns;2251.000000;0.000000
164;1510f3;2000;292;10;        36s 178ms 718μs 419ns;3820.000000;                        -20667752548455ns;         3s 578ms  81μs 268ns;2251.000000;0.000000
165;15317a;2000;270;10;        35s 793ms 390μs 786ns;3891.428571;                        -19910311395162ns;         3s 431ms 150μs 803ns;2251.000000;0.000000
166;155185;2000;259;10;        35s 664ms 557μs 486ns;3872.571429;                        -17598244867069ns;         3s 150ms 582μs 175ns;2251.000000;0.000000
167;157172;2000;266;10;        35s 276ms 650μs 970ns;3884.571429;                        -21390957112792ns;         3s 148ms 175μs 718ns;2251.000000;0.000000
168;159195;2000;268;10;        35s 594ms  47μs 175ns;3888.000000;                        -19212499515697ns;         3s 510ms 162μs 488ns;2251.000000;0.000000
169;15b1bd;2000;304;10;        36s 455ms 626μs 669ns;3840.000000;                        -21278215404146ns;         3s 977ms 456μs 251ns;2251.000000;0.000000
170;15d284;2000;333;10;        36s 498ms 693μs 542ns;3888.333333;                        -21716080908729ns;         4s 362ms 638μs  55ns;2251.000000;0.000000
171;15f3a7;2000;336;10;        36s 666ms 411μs   6ns;3893.333333;                        -22856254298824ns;         4s 407ms 613μs 608ns;2251.000000;0.000000
172;16155e;2000;312;10;        36s  41ms 702μs 980ns;3853.333333;                        -19796153107627ns;         4s  31ms 922μs 412ns;2251.000000;0.000000
173;16366d;2000;302;10;        36s 181ms  82μs 551ns;3836.666667;                        -18463609375380ns;         3s 952ms 124μs 472ns;2251.000000;0.000000
174;16573c;2000;315;10;        37s 191ms 739μs 550ns;3754.054054;                        -19773999507731ns;         4s  57ms 210μs  88ns;2251.000000;0.000000
175;16785b;2000;353;10;        37s 538ms 364μs 794ns;3815.675676;                        -22467535110943ns;         4s 621ms 178μs 822ns;2251.000000;0.000000
176;169a16;2000;374;10;        37s 758ms 846μs 493ns;3849.729730;                        -20204411618449ns;         4s 523ms  63μs 608ns;2251.000000;0.000000
177;16bc5b;2000;372;10;        37s 415ms 248μs 652ns;3846.486486;                        -22751216619354ns;         4s 843ms 332μs 706ns;2251.000000;0.000000
178;16de64;2000;322;10;        37s 178ms 863μs 831ns;3765.405405;                        -22773644778087ns;         4s  49ms 220μs 228ns;2251.000000;0.000000
179;16ffcd;2000;306;10;        36s 807ms 838μs 801ns;3843.333333;                        -20569392152575ns;         3s 975ms 432μs 485ns;2251.000000;0.000000
180;1720a6;2000;332;10;        36s 824ms 825μs   2ns;3886.666667;                        -19874251203512ns;         4s 289ms 687μs 226ns;2251.000000;0.000000
181;174201;2000;352;10;        36s 955ms 264μs 770ns;3920.000000;                        -22257345589620ns;         4s 370ms 465μs 747ns;2251.000000;0.000000
182;1763c6;2000;340;10;        36s 756ms 166μs 896ns;3900.000000;                        -18178444555802ns;         4s 361ms 804μs 789ns;2251.000000;0.000000
183;17855d;2000;332;10;        36s 297ms  96μs 693ns;3886.666667;                        -18242425697036ns;         4s  98ms  77μs 708ns;2251.000000;0.000000
184;17a6ba;2000;301;10;        36s 168ms 446μs 717ns;3835.000000;                        -23942004860764ns;         3s 840ms 124μs 990ns;2251.000000;0.000000
185;17c74f;2000;322;10;        36s 275ms 437μs  89ns;3870.000000;                        -16444817306643ns;         4s  75ms 607μs 827ns;2251.000000;0.000000
186;17e872;2000;342;10;        36s 823ms 637μs  80ns;3903.333333;                        -22129407118582ns;         4s 108ms 932μs 481ns;2251.000000;0.000000
187;1809f5;2000;288;10;        35s 974ms 280μs 786ns;3922.285714;                        -20269099016733ns;         3s 517ms 201μs 937ns;2251.000000;0.000000
188;182a66;2000;346;10;        36s 725ms 816μs 919ns;3910.000000;                        -22328219120211ns;         4s 680ms 441μs 915ns;2251.000000;0.000000
189;184c0b;2000;354;10;        37s 405ms 613μs 343ns;3817.297297;                        -24340719853818ns;         4s 545ms 454μs 851ns;2251.000000;0.000000
190;186dc8;2000;328;10;        36s 281ms 434μs 179ns;3880.000000;                        -22036078792596ns;         4s 371ms 709μs 677ns;2251.000000;0.000000
191;188ef1;2000;342;10;        37s 423ms 336μs  60ns;3797.837838;                        -21440260279741ns;         4s 324ms 452μs 301ns;2251.000000;0.000000
192;18b092;2000;356;10;        36s 933ms 370μs 251ns;3926.666667;                        -23168266001312ns;         4s 392ms  67μs 447ns;2251.000000;0.000000
193;18d27f;2000;321;10;        36s 376ms  90μs 629ns;3868.333333;                        -19756582595872ns;         4s   8ms  94μs 814ns;2251.000000;0.000000
194;18f3ba;2000;289;10;        36s 215ms 484μs 607ns;3815.000000;                        -17649489202702ns;         3s 653ms 903μs 129ns;2251.000000;0.000000
195;191411;2000;317;10;        36s 215ms 734μs 561ns;3861.666667;                        -18851655709159ns;         3s 923ms 651μs 269ns;2251.000000;0.000000
196;193502;2000;309;10;        36s 535ms 547μs 125ns;3848.333333;                        -24357838702528ns;         4s 211ms 848μs 190ns;2251.000000;0.000000
197;1955b3;2000;282;10;        35s 757ms 847μs 745ns;3912.000000;                        -20101449236161ns;         3s 471ms 104μs 679ns;2253.000000;0.000000
198;197568;2000;297;10;        36s 273ms 298μs 440ns;3828.333333;                        -18545396018892ns;         3s 580ms 937μs 737ns;2253.000000;0.000000
199;1995b5;2000;277;10;        35s 833ms 490μs 622ns;3903.428571;                        -19189723276440ns;         3s 527ms 909μs  56ns;2253.000000;0.000000
200;19b57c;2000;326;10;        36s 966ms 923μs 607ns;3876.666667;                        -21605264599111ns;         3s 925ms  35μs 650ns;2253.000000;0.000000
201;19d67d;2000;341;10;        36s 959ms 525μs 556ns;3901.666667;                        -24735815295776ns;         4s 458ms 113μs 474ns;2253.000000;0.000000
202;19f7b4;2000;302;10;        36s 207ms 292μs 322ns;3836.666667;                        -17562516938101ns;         3s 771ms 462μs 955ns;2253.000000;0.000000
203;1a1807;2000;314;10;        36s 343ms 378μs 849ns;3856.666667;                        -20070390923387ns;         4s 128ms 637μs 268ns;2253.000000;0.000000
204;1a38a2;2000;260;10;        35s 765ms 947μs 975ns;3874.285714;                        -18375722868743ns;         3s 192ms 891μs 508ns;2253.000000;0.000000
205;1a5836;2000;363;10;        36s 606ms 296μs 424ns;3938.333333;                        -22895532039220ns;         4s 596ms 322μs 914ns;2253.000000;0.000000
206;1a79b3;2000;346;10;        36s 272ms 393μs 550ns;3910.000000;                        -20267956209930ns;         4s 597ms 966μs  29ns;2253.000000;0.000000
207;1a9b02;2000;338;10;        36s 591ms 385μs 847ns;3896.666667;                        -20806746575682ns;         4s 294ms 471μs 778ns;2253.000000;0.000000
208;1abc19;2000;320;10;        36s 764ms 518μs 746ns;3866.666667;                        -19556380191633ns;         4s 111ms 205μs 615ns;2253.000000;0.000000
209;1adcd6;2000;313;10;        36s 189ms 999μs 556ns;3855.000000;                        -18671937821401ns;         3s 944ms 448μs 579ns;2253.000000;0.000000
210;1afd6f;2000;351;10;        37s 129ms 867μs 234ns;3812.432432;                        -20929963324794ns;         4s  85ms 217μs 178ns;2253.000000;0.000000
211;1b1efe;2000;273;10;        35s 836ms 527μs 190ns;3896.571429;                        -21169056016570ns;         3s 495ms 607μs 513ns;2253.000000;0.000000
212;1b3ec3;2000;304;10;        36s 104ms 479μs 296ns;3840.000000;                        -18750034311286ns;         3s 872ms 387μs 901ns;2253.000000;0.000000
213;1b5f34;2000;368;10;        37s 494ms 107μs 833ns;3840.000000;                        -23556849799454ns;         4s 821ms 879μs 488ns;2253.000000;0.000000
214;1b8115;2000;289;10;        35s 802ms 608μs 311ns;3924.000000;                        -19115348519413ns;         3s 664ms 855μs 783ns;2253.000000;0.000000
215;1ba168;2000;316;10;        36s 534ms 470μs 414ns;3860.000000;                        -17477170525140ns;         3s 652ms 816μs 970ns;2253.000000;0.000000
747;5fece5;2000;297;10;        41s 359ms 557μs 656ns;3361.463415;                        -21329027750768ns;         3s 812ms  11μs 458ns;2251.000000;0.000000
375;2fe9e5;2000;325;10;        36s 650ms 204μs  74ns;3875.000000;                        -23667479903769ns;         4s 187ms 950μs 708ns;2253.000000;0.000000
746;5fcd4e;2000;232;10;        40s 296ms 269μs  14ns;3348.000000;                        -21685535965890ns;         2s 779ms 887μs 583ns;2251.000000;0.000000
374;2fc942;2000;307;10;        36s 464ms 607μs 429ns;3845.000000;                        -21922285606176ns;         4s 136ms 764μs 373ns;2253.000000;0.000000
745;5fad5b;2000;253;10;        40s 820ms 599μs 663ns;3379.500000;                        -18374558196929ns;         3s  75ms 763μs 816ns;2251.000000;0.000000
373;2fa85f;2000;309;10;        36s 204ms 580μs 581ns;3848.333333;                        -19012887242141ns;         4s  92ms 807μs 765ns;2253.000000;0.000000
744;5f8cb2;2000;268;10;        40s 804ms 887μs 113ns;3402.000000;                        -20820741661816ns;         3s 280ms  62μs 707ns;2251.000000;0.000000
372;2f87ea;2000;300;10;        36s 202ms 622μs 386ns;3833.333333;                        -17877291503096ns;         3s 913ms 370μs 323ns;2253.000000;0.000000
743;5f6c27;2000;268;10;        40s 529ms 147μs 271ns;3402.000000;                        -18761508971127ns;         3s 387ms 317μs 497ns;2251.000000;0.000000
371;2f6719;2000;318;10;        36s 516ms 516μs 661ns;3863.333333;                        -22290551078277ns;         4s 442ms 724μs 783ns;2253.000000;0.000000
742;5f4b48;2000;293;10;        41s 465ms 342μs  63ns;3355.609756;                        -19570823365809ns;         3s 799ms 588μs 960ns;2251.000000;0.000000
370;2f467e;2000;298;10;        35s 947ms 271μs 197ns;3939.428571;                        -23207383297532ns;         3s 897ms 755μs  99ns;2253.000000;0.000000
741;5f2973;2000;338;10;        41s 958ms 343μs 418ns;3421.463415;                        -30157670819583ns;         4s 313ms 770μs 480ns;2251.000000;0.000000
369;2f2547;2000;329;10;        37s 356ms 496μs 133ns;3776.756757;                        -21464997605407ns;         4s 327ms 137μs 134ns;2253.000000;0.000000
740;5f0858;2000;299;10;        41s 400ms 836μs 377ns;3364.390244;                        -21794610560976ns;         3s 900ms 491μs 866ns;2251.000000;0.000000
368;2f0510;2000;285;10;        36s 237ms 306μs 188ns;3808.333333;                        -14826972803657ns;         3s 655ms  38μs 790ns;2253.000000;0.000000
739;5ee67f;2000;325;10;        42s  76ms 288μs 248ns;3321.428571;                        -23050935857436ns;         4s 241ms 829μs 730ns;2251.000000;0.000000
367;2ee4e5;2000;276;10;        36s 283ms 674μs 289ns;3793.333333;                        -17080023635063ns;         4s 167ms 751μs 982ns;2253.000000;0.000000
738;5ec4d6;2000;328;10;        41s 530ms 760μs  92ns;3406.829268;                        -25019242488656ns;         4s 154ms 542μs 861ns;2251.000000;0.000000
366;2ec3fe;2000;311;10;        36s 523ms 916μs 500ns;3851.666667;                        -18982079677372ns;         4s  89ms 541μs 653ns;2253.000000;0.000000
737;5ea3cf;2000;289;10;        41s 177ms   4μs 768ns;3349.756098;                        -22643050146102ns;         3s 816ms 505μs 276ns;2251.000000;0.000000
365;2ea30d;2000;316;10;        36s 926ms 305μs 488ns;3860.000000;                        -21576152788089ns;         3s 886ms 536μs 808ns;2253.000000;0.000000
736;5e82ea;2000;300;10;        41s 267ms 902μs 132ns;3365.853659;                        -19999700137243ns;         3s 754ms 987μs 501ns;2251.000000;0.000000
364;2e822c;2000;320;10;        36s 933ms 511μs 576ns;3866.666667;                        -17229258903950ns;         4s 278ms 898μs 186ns;2253.000000;0.000000
735;5e61f3;2000;272;10;        41s 457ms 177μs 274ns;3324.878049;                        -20499344573514ns;         3s 476ms 931μs 226ns;2251.000000;0.000000
363;2e6144;2000;314;10;        36s 853ms 448μs 401ns;3856.666667;                        -20150779073417ns;         4s 203ms 130μs 609ns;2253.000000;0.000000
362;2e4143;2000;283;10;        36s 486ms 246μs 113ns;3805.000000;                        -17990957594001ns;         3s 598ms 543μs 590ns;2253.000000;0.000000
734;5e4110;2000;291;10;        42s 575ms 354μs 557ns;3272.857143;                        -20326243488273ns;         3s 766ms 412μs 329ns;2251.000000;0.000000
361;2e207c;2000;319;10;        36s 848ms 936μs 713ns;3865.000000;                        -15555849736484ns;         3s 975ms 118μs 300ns;2253.000000;0.000000
733;5e1ffd;2000;284;10;        43s  14ms 912μs 509ns;3186.976744;                        -17582379419568ns;         3s 263ms 431μs 959ns;2251.000000;0.000000
360;2dffdd;2000;304;10;        37s 387ms 913μs 552ns;3736.216216;                        -17341432264552ns;         3s 974ms 664μs 705ns;2253.000000;0.000000
732;5dff4e;2000;284;10;        42s 568ms  11μs 165ns;3262.857143;                        -23439609665331ns;         3s 588ms 218μs 796ns;2251.000000;0.000000
731;5ddeaf;2000;275;10;        41s 150ms 726μs 793ns;3329.268293;                        -17134997504930ns;         3s 478ms  65μs  34ns;2251.000000;0.000000
359;2dde0e;2000;355;10;        37s 309ms 154μs 269ns;3818.918919;                        -22618747340995ns;         4s 588ms 526μs  34ns;2253.000000;0.000000
730;5dbe0a;2000;282;10;        41s 213ms 699μs 751ns;3339.512195;                        -18609393976576ns;         3s 481ms 249μs 285ns;2251.000000;0.000000
358;2dbd47;2000;324;10;        36s 801ms 773μs 301ns;3873.333333;                        -16949712780870ns;         4s 112ms 551μs 115ns;2253.000000;0.000000
729;5d9d95;2000;271;10;        41s 249ms 918μs 263ns;3323.414634;                        -21514041904567ns;         3s 470ms 932μs 726ns;2251.000000;0.000000
357;2d9c32;2000;336;10;        37s 252ms  95μs 857ns;3788.108108;                        -19473089401262ns;         3s 957ms 972μs 867ns;2253.000000;0.000000
356;2d7bbf;2000;302;10;        36s 465ms 294μs 378ns;3836.666667;                        -16144179950230ns;         3s 795ms  10μs 781ns;2253.000000;0.000000
728;5d7b16;2000;352;10;        42s 425ms 342μs 547ns;3360.000000;                        -21264485473314ns;         4s 567ms 152μs 499ns;2251.000000;0.000000
727;5d5b07;2000;251;10;        41s  40ms 152μs 693ns;3294.146341;                        -19115396878498ns;         2s 946ms 732μs 258ns;2251.000000;0.000000
355;2d5a58;2000;341;10;        37s  46ms 659μs 872ns;3796.216216;                        -18005821836062ns;         4s 105ms 374μs 615ns;2253.000000;0.000000
726;5d3a60;2000;281;10;        38s 822ms 572μs 431ns;3601.578947;                        -21664862911551ns;         3s 758ms 395μs 839ns;2251.000000;0.000000
354;2d3873;2000;370;10;        37s 654ms 483μs 267ns;3843.243243;                        -15677606606986ns;         4s 829ms 934μs 159ns;2253.000000;0.000000
725;5d1a37;2000;243;10;        37s 897ms   7μs 315ns;3637.297297;                        -17882079739889ns;         2s 648ms 984μs 613ns;2251.000000;0.000000
353;2d16a4;2000;369;10;        37s 821ms  23μs 533ns;3841.621622;                        -25279354435972ns;         4s 668ms 320μs 211ns;2253.000000;0.000000
724;5cf8de;2000;305;10;        38s 842ms  80μs 250ns;3639.473684;                        -24711040030492ns;         3s 648ms 797μs 288ns;2251.000000;0.000000
352;2cf4a5;2000;370;10;        37s 327ms 544μs 348ns;3843.243243;                        -22926496410151ns;         4s 834ms  19μs 930ns;2253.000000;0.000000
723;5cd881;2000;270;10;        38s 425ms 690μs 568ns;3584.210526;                        -16640195141327ns;         3s 261ms 670μs 973ns;2251.000000;0.000000
351;2cd2f0;2000;362;10;        36s 947ms  29μs 248ns;3936.666667;                        -17133861107317ns;         4s 428ms 386μs 534ns;2253.000000;0.000000
722;5cb6ac;2000;321;10;        39s 361ms 665μs 711ns;3570.769231;                        -21529377913835ns;         4s 182ms 294μs 262ns;2251.000000;0.000000
350;2cb147;2000;364;10;        36s 933ms  73μs  10ns;3940.000000;                        -19462425176915ns;         4s 610ms 275μs 591ns;2253.000000;0.000000
721;5c962f;2000;282;10;        39s 753ms 176μs 426ns;3510.769231;                        -23167013008680ns;         3s 422ms 185μs 682ns;2251.000000;0.000000
349;2c909c;2000;309;10;        36s 851ms 951μs 698ns;3848.333333;                        -17763456087863ns;         4s 485ms 478μs  55ns;2253.000000;0.000000
720;5c753e;2000;282;10;        40s  38ms 250μs 579ns;3423.000000;                        -24181794816334ns;         3s 526ms 875μs 706ns;2251.000000;0.000000
348;2c6f2d;2000;334;10;        37s 498ms 166μs  89ns;3784.864865;                        -20658189381472ns;         4s 137ms 963μs 973ns;2253.000000;0.000000
719;5c552b;2000;260;10;        38s 915ms 449μs 556ns;3568.421053;                        -18245907248403ns;         3s 498ms  14μs 369ns;2251.000000;0.000000
347;2c4d8e;2000;354;10;        37s 386ms 721μs 370ns;3817.297297;                        -22128331456706ns;         4s 479ms 803μs 180ns;2253.000000;0.000000
718;5c3478;2000;292;10;        39s 444ms 736μs 530ns;3526.153846;                        -21788937841096ns;         3s 853ms 350μs 434ns;2251.000000;0.000000
346;2c2d11;2000;298;10;        36s 678ms 595μs 884ns;3830.000000;                        -16637148882379ns;         3s 472ms 285μs 808ns;2253.000000;0.000000
717;5c1321;2000;309;10;        41s 368ms 168μs 280ns;3379.024390;                        -20116557134846ns;         3s 927ms   4μs 956ns;2251.000000;0.000000
345;2c0cd4;2000;291;10;        35s 896ms 132μs 344ns;3927.428571;                        -16686216372164ns;         3s 830ms 241μs 656ns;2253.000000;0.000000
716;5bf210;2000;298;10;        38s 884ms 359μs 238ns;3628.421053;                        -23241354182993ns;         3s 763ms 415μs 967ns;2251.000000;0.000000
344;2bebc3;2000;331;10;        37s 164ms 943μs 497ns;3780.000000;                        -19725342738668ns;         4s 557ms 972μs 449ns;2253.000000;0.000000
715;5bd1a5;2000;273;10;        38s 765ms 905μs 638ns;3588.947368;                        -23493560179119ns;         3s 807ms 210μs 617ns;2251.000000;0.000000
343;2bca5c;2000;354;10;        37s  39ms 717μs 327ns;3817.297297;                        -17412741474295ns;         4s 531ms 372μs 694ns;2253.000000;0.000000
714;5bb050;2000;307;10;        39s  71ms 448μs 464ns;3549.230769;                        -26162725278902ns;         4s 311ms 345μs 756ns;2251.000000;0.000000
342;2baa67;2000;276;10;        35s 682ms 748μs 212ns;3901.714286;                        -13870678186599ns;         3s 331ms 894μs 866ns;2253.000000;0.000000
713;5b8f3b;2000;295;10;        38s 992ms 206μs 186ns;3623.684211;                        -21491645352952ns;         3s 895ms 312μs 235ns;2251.000000;0.000000
341;2b8940;2000;340;10;        37s 137ms 801μs 844ns;3794.594595;                        -19169904274606ns;         4s 793ms 421μs 790ns;2253.000000;0.000000
712;5b6f2a;2000;256;10;        38s  55ms 875μs 112ns;3562.105263;                        -18516685179004ns;         3s  30ms 394μs 103ns;2251.000000;0.000000
340;2b6877;2000;318;10;        36s 271ms 427μs 171ns;3863.333333;                        -14572021211366ns;         3s 935ms 946μs 574ns;2253.000000;0.000000
711;5b4e25;2000;291;10;        38s 775ms   3μs 102ns;3617.368421;                        -22535793162126ns;         3s 942ms 222μs 133ns;2251.000000;0.000000
339;2b46ae;2000;370;10;        37s 247ms 460μs 995ns;3843.243243;                        -19156869137285ns;         4s 612ms 237μs 532ns;2253.000000;0.000000
710;5b2d9c;2000;274;10;        39s 134ms 321μs  47ns;3498.461538;                        -24741508903725ns;         3s 720ms 829μs 369ns;2251.000000;0.000000
338;2b2534;2000;342;10;        37s 869ms 927μs 502ns;3797.837838;                        -16310756197344ns;         4s 677ms 192μs 872ns;2253.000000;0.000000
709;5b0bf3;2000;322;10;        39s  88ms 626μs 396ns;3572.307692;                        -25475323073942ns;         4s 357ms 975μs 297ns;2251.000000;0.000000
337;2b039c;2000;353;10;        37s 963ms 829μs  48ns;3815.675676;                        -20467426080415ns;         4s 329ms 675μs 102ns;2253.000000;0.000000
708;5aea8e;2000;316;10;        39s 137ms 291μs 428ns;3563.076923;                        -22783531470966ns;         4s  64ms 766μs 700ns;2251.000000;0.000000
336;2ae249;2000;351;10;        37s 284ms 771μs 528ns;3812.432432;                        -23543306097940ns;         4s 588ms 999μs 235ns;2253.000000;0.000000
707;5aca93;2000;246;10;        38s 231ms 666μs 717ns;3546.315789;                        -22199533039252ns;         2s 933ms 141μs 691ns;2251.000000;0.000000
335;2ac0a4;2000;332;10;        36s 810ms 106μs 887ns;3886.666667;                        -22308641892084ns;         3s 977ms 756μs 180ns;2253.000000;0.000000
706;5aaa52;2000;261;10;        38s 785ms 680μs 272ns;3570.000000;                        -17434124619343ns;         3s 199ms 694μs 652ns;2251.000000;0.000000
334;2aa075;2000;289;10;        36s 856ms 175μs 526ns;3815.000000;                        -19824217450147ns;         3s 742ms 250μs 847ns;2253.000000;0.000000
705;5a89ef;2000;259;10;        39s  99ms 725μs 828ns;3475.384615;                        -21808833921589ns;         3s 373ms 823μs 553ns;2251.000000;0.000000
333;2a7f72;2000;320;10;        36s 663ms 594μs 306ns;3866.666667;                        -21465288818077ns;         4s  30ms 925μs  59ns;2253.000000;0.000000
704;5a68de;2000;302;10;        39s 577ms 803μs  67ns;3541.538462;                        -23915815797308ns;         3s 647ms 573μs 877ns;2251.000000;0.000000
332;2a5eb5;2000;307;10;        36s 433ms  92μs 228ns;3845.000000;                        -18945941333878ns;         3s 904ms 110μs 473ns;2253.000000;0.000000
703;5a4741;2000;316;10;        39s 969ms 912μs 147ns;3563.076923;                        -30272689810558ns;         4s  88ms 400μs 455ns;2251.000000;0.000000
331;2a3d74;2000;332;10;        37s 588ms   2μs 855ns;3781.621622;                        -26094896320577ns;         4s 615ms 255μs 261ns;2253.000000;0.000000
702;5a24fa;2000;359;10;        40s 888ms 143μs 399ns;3538.500000;                        -20875184684640ns;         4s 583ms 670μs  89ns;2251.000000;0.000000
330;2a1bd5;2000;360;10;        37s 188ms  57μs 161ns;3827.027027;                        -22969924702741ns;         4s 777ms 826μs 451ns;2253.000000;0.000000
701;5a020b;2000;381;10;        40s 140ms 703μs 368ns;3571.500000;                        -20922529395161ns;         4s 843ms 292μs 440ns;2251.000000;0.000000
329;29fb1a;2000;310;10;        36s 856ms 187μs 711ns;3850.000000;                        -19633644510238ns;         4s  81ms 239μs 617ns;2251.000000;0.000000
700;59e0a6;2000;310;10;        40s 274ms  33μs 942ns;3465.000000;                        -22063912063216ns;         3s 792ms 703μs  12ns;2251.000000;0.000000
328;29daf7;2000;279;10;        35s 989ms 693μs   0ns;3906.857143;                        -18927972378315ns;         3s 549ms 466μs 341ns;2253.000000;0.000000
699;59c003;2000;288;10;        39s 723ms 890μs 201ns;3520.000000;                        -18476282550179ns;         3s 682ms 237μs 319ns;2251.000000;0.000000
327;29bb06;2000;273;10;        35s 948ms 339μs 543ns;3896.571429;                        -18732697247882ns;         3s 485ms 514μs 917ns;2253.000000;0.000000
698;599e9c;2000;321;10;        38s 993ms 839μs 836ns;3664.736842;                        -23449742177371ns;         4s 150ms 136μs  89ns;2251.000000;0.000000
326;299a39;2000;318;10;        37s 263ms  52μs 263ns;3758.918919;                        -17412969577014ns;         3s 917ms  44μs 382ns;2253.000000;0.000000
697;597d25;2000;319;10;        39s 625ms 917μs 545ns;3567.692308;                        -20470812714989ns;         3s 922ms 819μs 491ns;2251.000000;0.000000
325;29798c;2000;303;10;        36s 772ms  55μs 496ns;3838.333333;                        -21845711643305ns;         4s   1ms 298μs 941ns;2253.000000;0.000000
696;595baa;2000;325;10;        39s 381ms 288μs  51ns;3576.923077;                        -21410882098135ns;         4s 167ms 252μs  72ns;2251.000000;0.000000
324;295ab5;2000;224;10;        35s 193ms 966μs  11ns;3812.571429;                        -16156657561420ns;         2s 620ms 446μs  15ns;2253.000000;0.000000
695;593a5b;2000;320;10;        40s  65ms 831μs  47ns;3480.000000;                        -21952853250753ns;         4s 241ms 826μs 552ns;2251.000000;0.000000
323;293a1a;2000;287;10;        35s 957ms 854μs 907ns;3920.571429;                        -19093705628859ns;         3s 609ms 627μs 309ns;2253.000000;0.000000
322;2919a4;2000;302;10;        36s 960ms 712μs 144ns;3836.666667;                        -19687607152389ns;         3s 878ms  57μs 703ns;2253.000000;0.000000
694;59190c;2000;306;10;        38s 862ms 399μs  31ns;3641.052632;                        -22333869312238ns;         4s  74ms 458μs 351ns;2251.000000;0.000000
321;28f93f;2000;300;10;        36s 311ms 400μs 819ns;3833.333333;                        -19462409818711ns;         3s 694ms 689μs 843ns;2253.000000;0.000000
693;58f86f;2000;294;10;        39s  43ms 243μs 405ns;3529.230769;                        -24969706523445ns;         3s 985ms 439μs 541ns;2251.000000;0.000000
320;28d93a;2000;282;10;        36s 323ms 205μs 976ns;3803.333333;                        -15739517489645ns;         3s 314ms 445μs 835ns;2253.000000;0.000000
692;58d5e2;2000;372;10;        41s  87ms 898μs 567ns;3471.219512;                        -22681745256273ns;         5s  34ms 702μs 192ns;2251.000000;0.000000
319;28b919;2000;281;10;        36s  14ms  95μs 117ns;3801.666667;                        -17440417292287ns;         3s 475ms 684μs 331ns;2253.000000;0.000000
691;58b419;2000;333;10;        39s 312ms 450μs  84ns;3589.230769;                        -21074096751949ns;         4s  42ms 776μs 425ns;2251.000000;0.000000
318;289857;2000;326;10;        37s 581ms 521μs 726ns;3771.891892;                        -18288821467662ns;         4s 142ms 998μs 486ns;2253.000000;0.000000
690;589156;2000;368;10;        40s 186ms  41μs 510ns;3552.000000;                        -21248055252095ns;         4s 603ms 832μs 331ns;2251.000000;0.000000
317;2877be;2000;315;10;        36s 552ms 497μs 304ns;3858.333333;                        -17657942313259ns;         3s 884ms 666μs 347ns;2253.000000;0.000000
689;586fa1;2000;324;10;        39s 457ms  50μs  90ns;3575.384615;                        -24384234760151ns;         4s 146ms 769μs 877ns;2251.000000;0.000000
316;2856f1;2000;316;10;        36s 397ms 644μs 767ns;3860.000000;                        -17171522681761ns;         3s 854ms 338μs 883ns;2253.000000;0.000000
688;584ebe;2000;288;10;        39s  72ms 152μs 289ns;3520.000000;                        -21984648890425ns;         3s 523ms 441μs 102ns;2251.000000;0.000000
315;2836b2;2000;292;10;        36s 360ms  14μs 236ns;3820.000000;                        -18554398787938ns;         3s 638ms 441μs 983ns;2253.000000;0.000000
687;582dc1;2000;300;10;        38s 689ms 118μs 448ns;3631.578947;                        -24128913499669ns;         4s  32ms 316μs 267ns;2251.000000;0.000000
314;28164d;2000;296;10;        36s  94ms 533μs 146ns;3826.666667;                        -20684881734033ns;         3s 725ms 459μs 655ns;2253.000000;0.000000
686;580c58;2000;320;10;        39s 258ms 991μs 475ns;3569.230769;                        -23419219219836ns;         4s 223ms 958μs 542ns;2251.000000;0.000000
313;27f506;2000;337;10;        36s 462ms 853μs 520ns;3895.000000;                        -22682716771841ns;         4s 256ms 467μs 714ns;2253.000000;0.000000
685;57eb67;2000;287;10;        38s 792ms  77μs 338ns;3611.052632;                        -19710513146824ns;         3s 693ms 328μs 782ns;2251.000000;0.000000
312;27d549;2000;267;10;        35s 835ms 905μs 515ns;3886.285714;                        -17779086105938ns;         3s 176ms 804μs 106ns;2253.000000;0.000000
684;57ca76;2000;286;10;        38s 272ms 495μs 659ns;3609.473684;                        -19463543280042ns;         3s 747ms 740μs 685ns;2251.000000;0.000000
311;27b4da;2000;313;10;        36s 606ms 478μs 119ns;3855.000000;                        -21481334686967ns;         3s 890ms 756μs 204ns;2253.000000;0.000000
683;57a9e1;2000;275;10;        38s 258ms 534μs 602ns;3592.105263;                        -18792990120729ns;         3s 413ms 573μs 730ns;2251.000000;0.000000
310;279441;2000;295;10;        36s 484ms   6μs 535ns;3825.000000;                        -18520697732191ns;         3s 726ms 785μs 882ns;2253.000000;0.000000
682;578938;2000;285;10;        38s 426ms 364μs  89ns;3607.894737;                        -20730612222553ns;         3s 587ms 457μs 127ns;2251.000000;0.000000
309;27735e;2000;318;10;        36s 678ms 730μs 441ns;3863.333333;                        -23097435840305ns;         4s  34ms 694μs 741ns;2253.000000;0.000000
681;5768db;2000;271;10;        38s 365ms 842μs 258ns;3585.789474;                        -22127126931453ns;         3s 459ms 745μs 487ns;2251.000000;0.000000
308;2752b7;2000;299;10;        36s 144ms 781μs 337ns;3831.666667;                        -20405201645932ns;         3s 374ms 254μs  77ns;2253.000000;0.000000
680;5747ea;2000;298;10;        38s 928ms 694μs 538ns;3628.421053;                        -24125853404185ns;         3s 800ms 871μs 247ns;2251.000000;0.000000
307;2731e6;2000;315;10;        36s 362ms  49μs 263ns;3858.333333;                        -21930761353660ns;         3s 846ms 777μs 200ns;2253.000000;0.000000
679;57279b;2000;262;10;        38s 286ms 772μs 697ns;3571.578947;                        -22464129787103ns;         3s  87ms 444μs 284ns;2251.000000;0.000000
306;2711e7;2000;278;10;        35s 215ms 818μs 849ns;3905.142857;                        -15744597310468ns;         3s 441ms 281μs 111ns;2253.000000;0.000000
678;5706ae;2000;283;10;        38s 409ms 814μs  49ns;3604.736842;                        -19978327316405ns;         3s 624ms 420μs  24ns;2251.000000;0.000000
305;26f166;2000;331;10;        36s 441ms 953μs 404ns;3885.000000;                        -18462103393393ns;         4s   3ms 670μs 981ns;2253.000000;0.000000
677;56e655;2000;265;10;        38s 198ms 525μs 400ns;3576.315789;                        -20134262582470ns;         3s 429ms 476μs 494ns;2251.000000;0.000000
304;26d185;2000;291;10;        35s 902ms 790μs  96ns;3927.428571;                        -16856120870236ns;         3s 445ms  85μs 297ns;2253.000000;0.000000
676;56c57a;2000;295;10;        39s 190ms 356μs 468ns;3530.769231;                        -22634744044868ns;         3s 761ms 384μs 540ns;2251.000000;0.000000
303;26b1d2;2000;272;10;        35s 187ms 559μs 519ns;3894.857143;                        -15053040576703ns;         3s 222ms 713μs 579ns;2253.000000;0.000000
675;56a4cd;2000;288;10;        38s 697ms 959μs 489ns;3612.631579;                        -24970849128722ns;         3s 941ms 755μs 684ns;2251.000000;0.000000
302;26915e;2000;311;10;        36s 729ms 630μs 883ns;3851.666667;                        -18138922246418ns;         3s 979ms 995μs 877ns;2253.000000;0.000000
674;568462;2000;271;10;        38s 782ms 101μs 930ns;3585.789474;                        -22613364867204ns;         3s 499ms 113μs 934ns;2251.000000;0.000000
301;2671e1;2000;266;10;        35s  84ms 841μs 744ns;3884.571429;                        -13142767092259ns;         3s 185ms 158μs 125ns;2253.000000;0.000000
673;566343;2000;318;10;        39s 566ms 673μs 199ns;3566.153846;                        -21902788397788ns;         3s 843ms 135μs 861ns;2251.000000;0.000000
300;2650fa;2000;343;10;        36s 577ms 914μs 383ns;3905.000000;                        -19535154920275ns;         4s 185ms 949μs  31ns;2253.000000;0.000000
672;564264;2000;294;10;        39s  23ms 297μs 408ns;3529.230769;                        -18356819457978ns;         3s 831ms 802μs 452ns;2251.000000;0.000000
299;262fcb;2000;335;10;        36s 933ms 808μs 432ns;3891.666667;                        -17474768299812ns;         3s 907ms 198μs 486ns;2253.000000;0.000000
671;5620db;2000;331;10;        39s 488ms 596μs 456ns;3586.153846;                        -21774451396312ns;         4s 340ms 629μs  52ns;2251.000000;0.000000
298;260f46;2000;289;10;        35s 904ms 904μs 205ns;3924.000000;                        -18305890412252ns;         3s 412ms 237μs 828ns;2253.000000;0.000000
670;55fefc;2000;341;10;        40s  13ms 933μs 868ns;3511.500000;                        -23156425183741ns;         4s 571ms 798μs 314ns;2251.000000;0.000000
297;25ef65;2000;273;10;        35s 494ms 702μs  88ns;3896.571429;                        -15764967739278ns;         3s 125ms 225μs 350ns;2253.000000;0.000000
669;55ddcb;2000;303;10;        39s 306ms 902μs 386ns;3543.076923;                        -24035899090250ns;         3s 856ms 212μs 904ns;2251.000000;0.000000
296;25cf3e;2000;300;10;        35s 875ms 952μs 542ns;3942.857143;                        -17495693646436ns;         3s 628ms 159μs 596ns;2252.000000;0.000000
668;55bb5e;2000;353;10;        40s 139ms 781μs 132ns;3529.500000;                        -25726983803256ns;         4s 612ms 880μs  12ns;2251.000000;0.000000
295;25adf7;2000;345;10;        36s 240ms 247μs 686ns;3908.333333;                        -19978799334664ns;         4s 448ms 786μs 352ns;2252.000000;0.000000
667;559a49;2000;293;10;        39s  56ms 621μs 264ns;3527.692308;                        -20362906234411ns;         4s  11ms 969μs 899ns;2251.000000;0.000000
294;258d4b;2000;304;10;        36s  49ms 760μs  28ns;3840.000000;                        -14830577576376ns;         3s  48ms 714μs  99ns;2252.000000;0.000000
666;55787c;2000;324;10;        38s 945ms 973μs 437ns;3669.473684;                        -20088433558004ns;         4s  36ms 151μs  39ns;2251.000000;0.000000
293;256c84;2000;315;10;        36s 504ms 684μs 300ns;3858.333333;                        -22138018673216ns;         4s 124ms 847μs 864ns;2252.000000;0.000000
665;55582b;2000;269;10;        38s 357ms  72μs 751ns;3582.631579;                        -22096376051179ns;         3s 405ms  42μs 855ns;2251.000000;0.000000
292;254b7f;2000;325;10;        36s 212ms 336μs 766ns;3875.000000;                        -21329598312026ns;         3s 962ms 612μs 736ns;2251.000000;0.000000
664;553758;2000;293;10;        38s 863ms 455μs 254ns;3620.526316;                        -19097854213865ns;         3s 800ms 807μs 669ns;2251.000000;0.000000
291;252b78;2000;280;10;        35s 436ms 409μs   1ns;3908.571429;                        -19573555534530ns;         3s 319ms 266μs 674ns;2251.000000;0.000000
663;551756;2000;256;10;        39s 137ms 912μs 574ns;3470.769231;                        -19408343161704ns;         3s 237ms 923μs 330ns;2251.000000;0.000000
290;250b01;2000;289;10;        35s 503ms 783μs 959ns;3924.000000;                        -18772647714956ns;         3s 461ms 113μs 170ns;2251.000000;0.000000
662;54f683;2000;284;10;        38s 954ms 990μs 685ns;3606.315789;                        -19924326660146ns;         3s 554ms       913ns;2251.000000;0.000000
289;24eb94;2000;250;10;        35s 151ms 315μs 770ns;3857.142857;                        -18116870669494ns;         3s 157ms 294μs 612ns;2253.000000;0.000000
661;54d636;2000;262;10;        38s 226ms 132μs 652ns;3571.578947;                        -17823661407743ns;         3s 181ms 520μs 401ns;2251.000000;0.000000
288;24cb51;2000;291;10;        36s 251ms 325μs 449ns;3818.333333;                        -18512143046680ns;         3s 735ms 734μs 309ns;2253.000000;0.000000
660;54b537;2000;307;10;        39s 190ms 389μs 744ns;3549.230769;                        -22715659591480ns;         3s 911ms 548μs 335ns;2251.000000;0.000000
287;24aa66;2000;311;10;        36s 320ms  73μs 511ns;3851.666667;                        -21924830758151ns;         3s 768ms 695μs 514ns;2253.000000;0.000000
659;5494ce;2000;280;10;        38s 982ms 670μs 945ns;3600.000000;                        -16415269018078ns;         3s 505ms 978μs 518ns;2251.000000;0.000000
286;248a6f;2000;276;10;        35s 554ms 147μs 836ns;3901.714286;                        -20324140040878ns;         3s 568ms 934μs 441ns;2253.000000;0.000000
658;5473c6;2000;312;10;        39s 417ms 729μs 913ns;3556.923077;                        -19920993523063ns;         3s 843ms 157μs 183ns;2251.000000;0.000000
285;246a70;2000;282;10;        35s 708ms  87μs  19ns;3912.000000;                        -18579635710387ns;         3s 599ms 761μs 935ns;2253.000000;0.000000
657;54523f;2000;319;10;        39s 670ms 412μs 744ns;3567.692308;                        -21099195187171ns;         4s 209ms 987μs 568ns;2251.000000;0.000000
284;244b47;2000;243;10;        35s 335ms 323μs 722ns;3845.142857;                        -16937101415476ns;         3s 100ms 293μs 301ns;2253.000000;0.000000
656;5431d0;2000;264;10;        38s 329ms 482μs 972ns;3574.736842;                        -15507388412700ns;         3s 245ms 426μs 787ns;2251.000000;0.000000
283;242b04;2000;292;10;        36s 127ms 253μs 121ns;3820.000000;                        -18735127050780ns;         3s 435ms 745μs 507ns;2253.000000;0.000000
655;54100f;2000;329;10;        39s 520ms 984μs 706ns;3583.076923;                        -22979447681231ns;         3s 952ms 224μs 136ns;2251.000000;0.000000
282;240a37;2000;317;10;        36s 510ms 705μs 187ns;3861.666667;                        -23045176923477ns;         3s 850ms 179μs 835ns;2253.000000;0.000000
654;53ef00;2000;292;10;        38s 870ms 818μs 212ns;3618.947368;                        -19581429476987ns;         3s 780ms 706μs 455ns;2251.000000;0.000000
281;23ea34;2000;280;10;        36s 875ms 349μs  92ns;3800.000000;                        -19071403566817ns;         3s 427ms 734μs  88ns;2253.000000;0.000000
653;53ce1b;2000;297;10;        39s 106ms 946μs 728ns;3533.846154;                        -21790251455501ns;         3s 891ms 665μs 809ns;2251.000000;0.000000
280;23c965;2000;320;10;        36s 391ms 621μs 488ns;3866.666667;                        -19215165149927ns;         3s 729ms 844μs 586ns;2253.000000;0.000000
652;53ad04;2000;293;10;        38s 723ms  29μs 598ns;3620.526316;                        -22076068841424ns;         3s 748ms 109μs 964ns;2251.000000;0.000000
279;23aa06;2000;245;10;        34s 956ms 819μs 551ns;3961.764706;                        -16913628468606ns;         2s 954ms 944μs 184ns;2253.000000;0.000000
651;538be1;2000;308;10;        39s 279ms 475μs 867ns;3550.769231;                        -22677140798637ns;         4s 222ms 705μs 713ns;2251.000000;0.000000
278;238a47;2000;272;10;        34s 923ms 363μs 831ns;4009.411765;                        -21554832802076ns;         3s 437ms 583μs 441ns;2253.000000;0.000000
650;536b02;2000;275;10;        38s 184ms 125μs 468ns;3592.105263;                        -19969515429473ns;         3s 562ms 428μs 305ns;2251.000000;0.000000
277;236aee;2000;247;10;        34s 912ms 743μs 465ns;3965.294118;                        -17385045788561ns;         3s   4ms 970μs 301ns;2253.000000;0.000000
649;534a43;2000;278;10;        38s 332ms 555μs 551ns;3596.842105;                        -20192868655523ns;         3s 433ms 641μs 236ns;2251.000000;0.000000
276;2349e7;2000;323;10;        37s 229ms  19μs 631ns;3767.027027;                        -19656532880665ns;         3s 677ms 141μs 383ns;2253.000000;0.000000
275;2329c8;2000;280;10;        35s 724ms 967μs 201ns;3908.571429;                        -19301474870117ns;         3s 621ms 408μs   4ns;2253.000000;0.000000
648;53288e;2000;331;10;        39s 439ms 927μs 328ns;3586.153846;                        -26143618440972ns;         4s 260ms 209μs  90ns;2251.000000;0.000000
274;230aaf;2000;236;10;        34s 797ms 837μs 721ns;3945.882353;                        -17219437129857ns;         3s  12ms 967μs 437ns;2253.000000;0.000000
647;53062d;2000;358;10;        40s  49ms 618μs 426ns;3537.000000;                        -25109270354535ns;         4s 388ms  75μs 580ns;2251.000000;0.000000
273;22ea7c;2000;292;10;        35s 760ms  28μs 119ns;3929.142857;                        -17516978970659ns;         3s 498ms 370μs 603ns;2253.000000;0.000000
646;52e556;2000;293;10;        38s 653ms 453μs 793ns;3620.526316;                        -20052349087661ns;         3s 757ms 790μs 194ns;2251.000000;0.000000
272;22cab9;2000;262;10;        35s 758ms  39μs 175ns;3877.714286;                        -16045750121398ns;         2s 988ms 262μs 380ns;2253.000000;0.000000
645;52c29d;2000;364;10;        39s 804ms 257μs 393ns;3636.923077;                        -20419760198501ns;         4s 707ms 508μs 383ns;2251.000000;0.000000
271;22ab52;2000;250;10;        35s  54ms 736μs 943ns;3857.142857;                        -17107338232220ns;         2s 979ms 499μs 691ns;2253.000000;0.000000
644;52a10e;2000;334;10;        39s 410ms 427μs 840ns;3590.769231;                        -22402612803240ns;         4s 430ms 143μs 272ns;2251.000000;0.000000
270;228b71;2000;265;10;        35s 404ms 298μs 855ns;3882.857143;                        -16749664422461ns;         3s  73ms 814μs 350ns;2253.000000;0.000000
643;52809b;2000;273;10;        38s 566ms 905μs 324ns;3588.947368;                        -18451022089528ns;         3s 132ms 126μs 835ns;2251.000000;0.000000
269;226ba6;2000;274;10;        35s 301ms 894μs 769ns;3898.285714;                        -20308271155025ns;         3s 283ms 886μs 769ns;2253.000000;0.000000
642;526040;2000;269;10;        38s 321ms  73μs 710ns;3582.631579;                        -17468322707799ns;         3s 411ms 690μs 812ns;2251.000000;0.000000
268;224bb3;2000;277;10;        35s 537ms 347μs 913ns;3903.428571;                        -21728111849003ns;         3s 403ms  59μs 548ns;2253.000000;0.000000
641;523e53;2000;340;10;        39s 487ms 291μs 116ns;3600.000000;                        -20863169614351ns;         4s 397ms 234μs 144ns;2251.000000;0.000000
267;222c4a;2000;255;10;        35s 208ms 363μs 562ns;3865.714286;                        -18769143461165ns;         3s 214ms 123μs 723ns;2253.000000;0.000000
640;521bbc;2000;366;10;        40s 694ms 869μs 481ns;3549.000000;                        -28155311738513ns;         5s   8ms 844μs 897ns;2251.000000;0.000000
266;220c55;2000;278;10;        35s 970ms 777μs 417ns;3905.142857;                        -19301667678988ns;         3s 571ms 121μs  45ns;2253.000000;0.000000
639;51f9a7;2000;345;10;        39s 955ms 128μs 237ns;3607.692308;                        -18119418729309ns;         4s 398ms 472μs 162ns;2251.000000;0.000000
265;21ecb8;2000;259;10;        35s 200ms 215μs 961ns;3872.571429;                        -17272624735324ns;         3s  94ms 793μs 582ns;2253.000000;0.000000
638;51d7bc;2000;343;10;        39s 118ms 174μs 509ns;3604.615385;                        -24013155784710ns;         4s 501ms 635μs 627ns;2251.000000;0.000000
264;21cc1f;2000;311;10;        36s  96ms 464μs 306ns;3851.666667;                        -19735739266951ns;         3s 776ms 480μs 460ns;2253.000000;0.000000
637;51b669;2000;309;10;        39s  28ms 900μs 320ns;3552.307692;                        -18894013581655ns;         3s 899ms 136μs 942ns;2251.000000;0.000000
263;21accc;2000;240;10;        34s 988ms 885μs 823ns;3952.941176;                        -14717546563139ns;         2s 768ms 337μs 430ns;2253.000000;0.000000
636;5193b0;2000;390;10;        40s 140ms 295μs 303ns;3585.000000;                        -24735130532504ns;         5s  31ms 955μs 611ns;2251.000000;0.000000
262;218c83;2000;281;10;        35s 814ms 940μs 769ns;3910.285714;                        -18546290915312ns;         3s 379ms 385μs 446ns;2253.000000;0.000000
635;5172ab;2000;292;10;        38s 286ms 132μs 126ns;3618.947368;                        -20531139786599ns;         3s 722ms 245μs 919ns;2251.000000;0.000000
261;216c67;2000;276;10;        35s 546ms 544μs 213ns;3901.714286;                        -19067984916704ns;         3s 764ms 176μs 411ns;2253.000000;0.000000
634;515128;2000;326;10;        39s 443ms 748μs 771ns;3578.461538;                        -23681863713876ns;         3s 883ms 119μs 936ns;2251.000000;0.000000
260;214b92;2000;320;10;        36s 455ms 390μs 273ns;3866.666667;                        -21072217324307ns;         3s 762ms  19μs 177ns;2253.000000;0.000000
633;5130bf;2000;264;10;        38s 344ms 237μs 949ns;3574.736842;                        -17991835589424ns;         3s 364ms 201μs 830ns;2251.000000;0.000000
259;212c27;2000;250;10;        35s  51ms 104μs 348ns;3857.142857;                        -16355290296647ns;         2s 978ms 997μs 741ns;2253.000000;0.000000
632;510e20;2000;373;10;        40s  95ms 205μs 700ns;3559.500000;                        -22239466269249ns;         4s 786ms 332μs 384ns;2251.000000;0.000000
258;210c48;2000;269;10;        35s 492ms 768μs 884ns;3889.714286;                        -18395193205306ns;         3s 104ms  90μs 141ns;2253.000000;0.000000
257;20ec4b;2000;280;10;        35s 772ms 163μs 245ns;3908.571429;                        -19990662980883ns;         3s 415ms 609μs 608ns;2253.000000;0.000000
631;50eba9;2000;367;10;        41s 127ms 389μs 269ns;3463.902439;                        -25200487868563ns;         4s 917ms 227μs 206ns;2251.000000;0.000000
256;20cb30;2000;334;10;        37s 501ms 508μs 166ns;3784.864865;                        -24466684161763ns;         4s 325ms 109μs  22ns;2253.000000;0.000000
630;50ca32;2000;321;10;        39s 177ms 583μs 144ns;3570.769231;                        -17295558528229ns;         4s 163ms 440μs 502ns;2251.000000;0.000000
255;20ab13;2000;278;10;        38s  48ms 420μs 178ns;3596.842105;                        -14460896973957ns;         3s 514ms 452μs 484ns;2251.000000;0.000000
629;50a85b;2000;342;10;        39s 674ms 825μs 409ns;3603.076923;                        -23014104479262ns;         4s 621ms 151μs 659ns;2251.000000;0.000000
254;208bc0;2000;242;10;        35s 999ms  45μs 838ns;3843.428571;                        -17385152720197ns;         3s  95ms 352μs 191ns;2253.000000;0.000000
628;5087d2;2000;283;10;        39s  94ms 929μs 464ns;3512.307692;                        -21094348090314ns;         3s 394ms 949μs 258ns;2251.000000;0.000000
253;206b9f;2000;284;10;        35s 660ms 408μs 795ns;3915.428571;                        -16583156164901ns;         3s 322ms 256μs 247ns;2253.000000;0.000000
627;50676a;2000;260;10;        38s 428ms 501μs 430ns;3568.421053;                        -17501414803723ns;         3s 140ms  16μs 630ns;2251.000000;0.000000
252;2049fe;2000;353;10;        37s 168ms 572μs 508ns;3815.675676;                        -26592354673934ns;         4s 660ms 656μs 975ns;2253.000000;0.000000
626;504639;2000;300;10;        39s 255ms 180μs 267ns;3538.461538;                        -17693086512866ns;         3s 688ms 447μs 197ns;2251.000000;0.000000
251;202955;2000;301;10;        35s 597ms 986μs  75ns;3944.571429;                        -19796679969059ns;         3s 540ms 921μs 213ns;2253.000000;0.000000
625;50251a;2000;309;10;        38s 781ms 376μs 505ns;3645.789474;                        -18366288321974ns;         3s 890ms 316μs 291ns;2251.000000;0.000000
250;2008ca;2000;307;10;        35s 579ms 102μs 264ns;3954.857143;                        -23073551163839ns;         3s 990ms 974μs 244ns;2253.000000;0.000000
624;500419;2000;311;10;        38s 917ms 564μs 917ns;3648.947368;                        -21819146379501ns;         4s 196ms 520μs 339ns;2251.000000;0.000000
249;1fe85d;2000;298;10;        35s 823ms 258μs 777ns;3939.428571;                        -16475828315324ns;         3s 431ms 671μs 146ns;2253.000000;0.000000
623;4fe20a;2000;358;10;        39s 704ms 858μs 868ns;3627.692308;                        -19923469749815ns;         4s 634ms 311μs 472ns;2251.000000;0.000000
248;1fc84a;2000;275;10;        35s 839ms 337μs 688ns;3900.000000;                        -17364354516372ns;         3s  81ms 982μs 495ns;2253.000000;0.000000
622;4fc07f;2000;318;10;        39s 140ms   3μs 786ns;3566.153846;                        -17793180419330ns;         4s 164ms 284μs 976ns;2251.000000;0.000000
247;1fa8ad;2000;255;10;        36s 171ms 217μs 217ns;3758.333333;                        -16056966771272ns;         3s  76ms 979μs 884ns;2253.000000;0.000000
621;4f9ebc;2000;343;10;        39s 430ms 101μs 887ns;3604.615385;                        -23712398742535ns;         4s 566ms 573μs 736ns;2251.000000;0.000000
246;1f86e6;2000;357;10;        36s 719ms 735μs 906ns;3928.333333;                        -25135649844921ns;         4s 474ms 915μs 978ns;2253.000000;0.000000
620;4f7c83;2000;355;10;        40s 438ms 418μs 999ns;3532.500000;                        -24561051359158ns;         4s 543ms 837μs  28ns;2251.000000;0.000000
245;1f6735;2000;263;10;        35s 324ms 714μs 212ns;3879.428571;                        -17451451021178ns;         3s 202ms 607μs 515ns;2253.000000;0.000000
619;4f5bd8;2000;291;10;        38s 672ms 320μs 945ns;3617.368421;                        -20994718837193ns;         3s 719ms 413μs 709ns;2251.000000;0.000000
244;1f479e;2000;257;10;        35s 201ms 432μs 991ns;3869.142857;                        -17739217689822ns;         3s 110ms 696μs  54ns;2253.000000;0.000000
618;4f3a4f;2000;327;10;        39s 382ms 235μs 742ns;3580.000000;                        -21405262169117ns;         4s 333ms 933μs 538ns;2251.000000;0.000000
243;1f27e5;2000;256;10;        35s 281ms 354μs  35ns;3867.428571;                        -19690153493596ns;         3s 222ms 444μs 445ns;2253.000000;0.000000
617;4f178e;2000;379;10;        39s 994ms 227μs 877ns;3660.000000;                        -22137646955636ns;         4s 971ms 985μs 604ns;2251.000000;0.000000
242;1f072e;2000;306;10;        36s 127ms 759μs 253ns;3843.333333;                        -15694457598416ns;         3s 264ms 499μs 894ns;2253.000000;0.000000
616;4ef5c9;2000;336;10;        40s 669ms 611μs 222ns;3504.000000;                        -24502223167934ns;         4s 546ms 557μs 726ns;2251.000000;0.000000
241;1ee6e9;2000;298;10;        35s 956ms  88μs  49ns;3939.428571;                        -18372234147444ns;         3s 631ms 658μs 134ns;2253.000000;0.000000
615;4ed49c;2000;309;10;        40s 823ms 376μs   1ns;3463.500000;                        -23298176864611ns;         3s 753ms 657μs 354ns;2251.000000;0.000000
240;1ec670;2000;304;10;        35s 951ms 393μs 121ns;3949.714286;                        -22129998226322ns;         3s 702ms 303μs 492ns;2253.000000;0.000000
614;4eb3fb;2000;282;10;        37s 918ms 950μs 191ns;3700.540541;                        -21063028650201ns;         3s 564ms 821μs 833ns;2235.000000;0.000000
239;1ea645;2000;290;10;        35s 805ms 943μs 108ns;3925.714286;                        -18193563553010ns;         3s 499ms  12μs 429ns;2253.000000;0.000000
613;4e9252;2000;345;10;        38s 774ms 945μs 580ns;3702.631579;                        -18298540888647ns;         4s 182ms 916μs 417ns;2235.000000;0.000000
238;1e85a6;2000;300;10;        35s 881ms 149μs 472ns;3942.857143;                        -19066080414983ns;         3s 681ms 141μs 476ns;2253.000000;0.000000
612;4e70c7;2000;322;10;        37s 572ms 843μs 657ns;3765.405405;                        -19709149341787ns;         4s 277ms 390μs 461ns;2238.000000;0.000000
237;1e657b;2000;283;10;        35s 369ms 298μs 638ns;3913.714286;                        -13924496757779ns;         3s 408ms 259μs 773ns;2253.000000;0.000000
611;4e5030;2000;283;10;        37s  79ms  76μs 164ns;3702.162162;                        -22047495972262ns;         3s 904ms 898μs 222ns;2238.000000;0.000000
236;1e4578;2000;270;10;        35s 858ms 447μs 932ns;3891.428571;                        -14727229416728ns;         2s 977ms 671μs 889ns;2253.000000;0.000000
610;4e2f47;2000;302;10;        37s 334ms 611μs 238ns;3732.972973;                        -22359499909303ns;         3s 929ms 523μs 705ns;2238.000000;0.000000
235;1e2571;2000;269;10;        35s 614ms 777μs  22ns;3889.714286;                        -15215382954086ns;         3s 129ms 254μs 136ns;2253.000000;0.000000
609;4e0dcf;2000;307;10;        37s 363ms 161μs  54ns;3741.081081;                        -21564470459178ns;         3s 932ms 954μs 652ns;2238.000000;0.000000
234;1e050e;2000;275;10;        35s 859ms 397μs  42ns;3900.000000;                        -15896407797664ns;         3s 461ms 558μs 966ns;2253.000000;0.000000
608;4decb0;2000;298;10;        37s 502ms 546μs 643ns;3726.486486;                        -20899635582354ns;         3s 951ms 584μs 332ns;2238.000000;0.000000
233;1de594;2000;243;10;        35s 157ms 514μs  24ns;3845.142857;                        -14656083220931ns;         2s 823ms 216μs 300ns;2253.000000;0.000000
607;4dcb69;2000;317;10;        36s 935ms 865μs 535ns;3861.666667;                        -21712431277268ns;         3s 943ms 940μs 911ns;2235.000000;0.000000
232;1dc529;2000;276;10;        35s 678ms 141μs  72ns;3901.714286;                        -15645782002920ns;         3s 352ms 264μs 248ns;2253.000000;0.000000
606;4da998;2000;329;10;        38s 408ms 526μs 890ns;3677.368421;                        -20370552333239ns;         4s 396ms 830μs 434ns;2234.000000;0.000000
231;1da510;2000;263;10;        35s 487ms 684μs 673ns;3879.428571;                        -13555597827642ns;         3s   9ms 347μs 710ns;2253.000000;0.000000
605;4d889d;2000;309;10;        36s 653ms 693μs 216ns;3848.333333;                        -20544239852177ns;         4s 109ms 521μs 690ns;2234.000000;0.000000
230;1d8597;2000;259;10;        35s 203ms  75μs 754ns;3872.571429;                        -14790713620275ns;         3s  78ms 974μs 548ns;2253.000000;0.000000
604;4d6692;2000;348;10;        37s 499ms 619μs 757ns;3807.567568;                        -25311301194507ns;         4s 596ms 825μs 781ns;2234.000000;0.000000
229;1d651e;2000;302;10;        35s 695ms 711μs 577ns;3946.285714;                        -18557762682226ns;         3s 618ms 842μs 455ns;2253.000000;0.000000
603;4d4519;2000;325;10;        36s 681ms 879μs 619ns;3875.000000;                        -20889003217193ns;         4s 156ms 301μs 785ns;2234.000000;0.000000
228;1d44c3;2000;309;10;        36s 121ms 821μs 120ns;3848.333333;                        -19211326997205ns;         3s 881ms 353μs 408ns;2253.000000;0.000000
227;1d255c;2000;255;10;        35s 481ms 613μs  66ns;3865.714286;                        -18455380992241ns;         3s        68μs 438ns;2253.000000;0.000000
602;4d23d2;2000;304;10;        36s 768ms  76μs 462ns;3840.000000;                        -21324595923697ns;         4s 205ms 576μs 722ns;2234.000000;0.000000
226;1d05b9;2000;263;10;        35s 377ms 455μs 637ns;3879.428571;                        -16452810964336ns;         3s 169ms 652μs 843ns;2253.000000;0.000000
601;4d01f1;2000;339;10;        37s  80ms 929μs 473ns;3792.972973;                        -23200723239446ns;         4s 451ms 838μs 106ns;2234.000000;0.000000
225;1ce530;2000;295;10;        35s 575ms 693μs 695ns;3934.285714;                        -20038874837460ns;         3s 780ms 106μs 593ns;2253.000000;0.000000
600;4ce052;2000;327;10;        36s 775ms 633μs   1ns;3878.333333;                        -19390175131508ns;         4s 309ms 684μs  51ns;2234.000000;0.000000
224;1cc4f9;2000;295;10;        36s  95ms 271μs 906ns;3825.000000;                        -20991182977789ns;         3s 843ms  90μs 355ns;2253.000000;0.000000
599;4cbf13;2000;307;10;        36s 777ms 429μs 709ns;3845.000000;                        -17822910295485ns;         3s 718ms 650μs 848ns;2234.000000;0.000000
223;1ca4d4;2000;272;10;        35s 418ms 752μs 822ns;3894.857143;                        -15178461534306ns;         2s 872ms 112μs 685ns;2253.000000;0.000000
598;4c9dea;2000;300;10;        36s 665ms 941μs 102ns;3833.333333;                        -22840085283955ns;         3s 898ms 313μs 622ns;2235.000000;0.000000
222;1c84bf;2000;273;10;        35s 752ms 190μs 107ns;3896.571429;                        -16374408162897ns;         3s       891μs 694ns;2253.000000;0.000000
597;4c7c73;2000;322;10;        37s  28ms 990μs 458ns;3765.405405;                        -23358355990837ns;         4s  80ms 717μs 290ns;2235.000000;0.000000
221;1c64e0;2000;268;10;        35s 405ms 753μs 449ns;3888.000000;                        -18339497649994ns;         3s 168ms 684μs 366ns;2253.000000;0.000000
596;4c5a98;2000;341;10;        37s  54ms 278μs  15ns;3796.216216;                        -24141133856345ns;         4s 364ms 181μs 490ns;2234.000000;0.000000
220;1c4405;2000;322;10;        36s 169ms 826μs 391ns;3870.000000;                        -19796774410302ns;         3s 988ms 343μs 828ns;2253.000000;0.000000
595;4c3897;2000;346;10;        37s 467ms 574μs 597ns;3804.324324;                        -20193728849403ns;         4s 427ms 827μs 482ns;2236.000000;0.000000
219;1c23b4;2000;291;10;        35s 917ms 767μs 645ns;3927.428571;                        -17674359392295ns;         3s 543ms 248μs 373ns;2253.000000;0.000000
594;4c1654;2000;358;10;        38s  74ms 811μs 887ns;3723.157895;                        -23960772813278ns;         4s 688ms  85μs  16ns;2234.000000;0.000000
218;1c0411;2000;264;10;        35s 441ms 639μs 381ns;3881.142857;                        -15225129871399ns;         3s 142ms 754μs 909ns;2253.000000;0.000000
593;4bf4cb;2000;330;10;        37s  41ms 518μs 415ns;3778.378378;                        -24735320543303ns;         4s 502ms 361μs 489ns;2234.000000;0.000000
217;1be394;2000;305;10;        35s 456ms 366μs 940ns;3951.428571;                        -16851754569444ns;         3s 800ms 659μs 703ns;2253.000000;0.000000
592;4bd330;2000;340;10;        37s 172ms 887μs 602ns;3794.594595;                        -26576998105938ns;         4s 596ms 600μs 902ns;2234.000000;0.000000
216;1bc25b;2000;334;10;        36s 562ms 125μs 547ns;3890.000000;                        -18515891503301ns;         4s  28ms 582μs 710ns;2253.000000;0.000000
591;4bb0b1;2000;379;10;        37s 810ms 590μs 491ns;3857.837838;                        -23500088538679ns;         4s 769ms 322μs 779ns;2234.000000;0.000000
590;4b8f56;2000;333;10;        37s 123ms 372μs 813ns;3783.243243;                        -19070399915403ns;         4s 189ms 400μs 491ns;2234.000000;0.000000
589;4b6e05;2000;323;10;        36s 948ms 550μs 442ns;3871.666667;                        -22832726272771ns;         4s 255ms 663μs   0ns;2234.000000;0.000000
588;4b4bf0;2000;355;10;        37s 319ms 274μs 477ns;3818.918919;                        -21550946068070ns;         4s 588ms  16μs 207ns;2234.000000;0.000000
587;4b2a7b;2000;334;10;        37s 324ms 504μs 332ns;3784.864865;                        -26872172193561ns;         4s 296ms 531μs 264ns;2234.000000;0.000000
586;4b089a;2000;347;10;        37s 304ms 129μs 572ns;3805.945946;                        -20404200626701ns;         4s 261ms 838μs 731ns;2234.000000;0.000000
585;4ae727;2000;320;10;        37s  40ms 932μs 533ns;3762.162162;                        -25061640751131ns;         4s  80ms 237μs 721ns;2234.000000;0.000000
584;4ac5b6;2000;328;10;        37s  64ms  33μs 653ns;3775.135135;                        -23992965163898ns;         4s 443ms 539μs  16ns;2234.000000;0.000000
583;4aa2c0;2000;385;10;        40s  17ms 456μs 286ns;3577.500000;                        -21265903340038ns;         5s  55ms 939μs 108ns;2234.000000;0.000000
582;4a8081;2000;358;10;        37s 595ms 961μs 696ns;3823.783784;                        -20298326344245ns;         4s 386ms 601μs 465ns;2234.000000;0.000000
581;4a5ea2;2000;352;10;        37s 642ms 527μs 871ns;3814.054054;                        -22285319213750ns;         4s 503ms 864μs  56ns;2234.000000;0.000000
580;4a3d35;2000;326;10;        37s   5ms 316μs 259ns;3771.891892;                        -21062047572747ns;         4s 344ms 456μs 917ns;2234.000000;0.000000
579;4a1c1c;2000;318;10;        36s 668ms 192μs  67ns;3863.333333;                        -18674777547492ns;         4s  13ms 780μs 703ns;2234.000000;0.000000
578;49fa73;2000;328;10;        36s 890ms  11μs 242ns;3880.000000;                        -22995604508828ns;         4s 200ms 348μs 914ns;2234.000000;0.000000
577;49d832;2000;370;10;        37s 824ms 254μs 975ns;3843.243243;                        -23786493200015ns;         4s 749ms 646μs 729ns;2234.000000;0.000000
576;49b529;2000;396;10;        38s   3ms   3μs 178ns;3783.157895;                        -27565019049453ns;         4s 979ms 837μs 827ns;2234.000000;0.000000
575;49935c;2000;347;10;        37s 173ms  55μs 663ns;3805.945946;                        -26924051558617ns;         4s 571ms 561μs 117ns;2234.000000;0.000000
574;497057;2000;400;10;        38s 171ms 475μs 900ns;3789.473684;                        -22056953010403ns;         5s 146ms 682μs 718ns;2234.000000;0.000000
573;494e74;2000;339;10;        37s   6ms 309μs 365ns;3792.972973;                        -22385910864100ns;         4s 247ms 410μs  43ns;2235.000000;0.000000
572;492dbb;2000;298;10;        36s 583ms 687μs 440ns;3830.000000;                        -21544210794713ns;         3s 883ms 360μs 275ns;2235.000000;0.000000
571;490cf2;2000;305;10;        36s 619ms 174μs 866ns;3841.666667;                        -19994916866955ns;         3s 822ms 437μs  81ns;2234.000000;0.000000
570;48ebbd;2000;306;10;        36s 748ms 440μs 731ns;3843.333333;                        -22944261498022ns;         3s 876ms 419μs  70ns;2234.000000;0.000000
569;48cab4;2000;306;10;        36s 761ms 913μs 297ns;3843.333333;                        -21707904906442ns;         4s 144ms 197μs 162ns;2234.000000;0.000000
568;48a9b2;2000;295;10;        36s 300ms 789μs 533ns;3825.000000;                        -20817831979977ns;         3s 831ms 293μs 810ns;2234.000000;0.000000
567;48880f;2000;321;10;        37s 369ms 948μs 589ns;3763.783784;                        -21807115690406ns;         3s 945ms 598μs 877ns;2235.000000;0.000000
566;486776;2000;282;10;        36s 507ms 884μs 466ns;3803.333333;                        -21180241454997ns;         3s 450ms 733μs 171ns;2234.000000;0.000000
565;4846e3;2000;271;10;        36s 484ms 965μs 880ns;3785.000000;                        -19527640024830ns;         2s 897ms 162μs 573ns;2235.000000;0.000000
564;4826e8;2000;248;10;        36s 169ms 846μs 455ns;3746.666667;                        -18713378774884ns;         3s   9ms 962μs 825ns;2235.000000;0.000000
563;4805eb;2000;310;10;        37s  59ms  76μs 485ns;3745.945946;                        -20915540900441ns;         3s 960ms 538μs 280ns;2235.000000;0.000000
562;47e4dc;2000;320;10;        37s 207ms 694μs 502ns;3762.162162;                        -22047621335444ns;         4s 152ms 466μs 350ns;2236.000000;0.000000
561;47c381;2000;316;10;        36s 914ms 534μs  38ns;3860.000000;                        -21592132978698ns;         4s  43ms 118μs 947ns;2234.000000;0.000000
560;47a2f8;2000;275;10;        36s 656ms 929μs  98ns;3791.666667;                        -21478958898261ns;         3s 606ms 730μs 207ns;2234.000000;0.000000
559;47818b;2000;316;10;        37s  58ms  32μs 739ns;3755.675676;                        -23549060473072ns;         3s 972ms 390μs 344ns;2235.000000;0.000000
558;47616c;2000;260;10;        36s 278ms 160μs 870ns;3766.666667;                        -21616009167363ns;         3s 339ms 981μs 250ns;2234.000000;0.000000
557;473fd2;2000;322;10;        38s 378ms 592μs  59ns;3666.315789;                        -21525384593519ns;         3s 729ms 733μs 265ns;2234.000000;0.000000
556;471f1d;2000;287;10;        36s 676ms 770μs 644ns;3811.666667;                        -24583483826360ns;         3s 506ms 424μs 243ns;2234.000000;0.000000
555;46fe7a;2000;272;10;        36s 213ms 330μs 331ns;3786.666667;                        -17494768301456ns;         3s 305ms 604μs 323ns;2234.000000;0.000000
554;46dc9d;2000;361;10;        38s 832ms 902μs 556ns;3727.894737;                        -30299760683087ns;         4s 268ms 282μs 668ns;2234.000000;0.000000
553;46bc80;2000;251;10;        36s 280ms 457μs 746ns;3751.666667;                        -18662252559602ns;         2s 793ms  73μs 864ns;2234.000000;0.000000
552;469c25;2000;281;10;        36s 782ms  76μs 382ns;3801.666667;                        -19907568971183ns;         3s 619ms 773μs 583ns;2234.000000;0.000000
551;467c6d;2000;246;10;        36s 378ms 756μs 502ns;3743.333333;                        -21731391013923ns;         3s  75ms 616μs 654ns;2234.000000;0.000000
550;465bd4;2000;277;10;        36s 975ms 600μs 798ns;3795.000000;                        -22678933828735ns;         3s 731ms 929μs  64ns;2234.000000;0.000000
549;463bbb;2000;268;10;        36s 665ms 895μs  51ns;3780.000000;                        -20514448644048ns;         3s 466ms 413μs  89ns;2234.000000;0.000000
548;461b0c;2000;293;10;        36s 902ms 742μs 715ns;3821.666667;                        -21030483106768ns;         3s 858ms 397μs 220ns;2234.000000;0.000000
547;45fab1;2000;266;10;        36s 673ms 532μs 620ns;3776.666667;                        -19526026423710ns;         3s 492ms 489μs 942ns;2234.000000;0.000000
546;45d9c6;2000;296;10;        36s 853ms 364μs 870ns;3826.666667;                        -21491777871843ns;         3s 827ms 960μs 273ns;2235.000000;0.000000
545;45b87b;2000;318;10;        37s 426ms  79μs 744ns;3758.918919;                        -24465667931037ns;         4s 237ms 577μs 230ns;2234.000000;0.000000
544;45982e;2000;256;10;        36s 276ms 770μs 529ns;3760.000000;                        -18599756059251ns;         3s 127ms 739μs 490ns;2234.000000;0.000000
543;4577e5;2000;259;10;        36s 675ms 297μs 896ns;3765.000000;                        -23341444149792ns;         3s 400ms 645μs 835ns;2234.000000;0.000000
542;4557da;2000;254;10;        36s 123ms 943μs 569ns;3756.666667;                        -21629747689492ns;         3s 434ms 395μs  75ns;2234.000000;0.000000
541;4537df;2000;257;10;        36s 106ms 633μs 836ns;3761.666667;                        -18835712777009ns;         3s 315ms 915μs 974ns;2234.000000;0.000000
540;45177e;2000;268;10;        36s 289ms 706μs 445ns;3780.000000;                        -23240133189286ns;         3s 340ms 195μs 779ns;2234.000000;0.000000
539;44f6c1;2000;275;10;        37s  17ms 576μs 322ns;3689.189189;                        -19927488449082ns;         3s 466ms 511μs 524ns;2234.000000;0.000000
538;44d5b0;2000;294;10;        37s 934ms 708μs  47ns;3720.000000;                        -18771949296924ns;         3s 543ms 529μs 135ns;2234.000000;0.000000
537;44b5b5;2000;245;10;        37s 244ms  97μs 563ns;3640.540541;                        -21702856132602ns;         3s 104ms 283μs 655ns;2234.000000;0.000000
536;4495b2;2000;250;10;        36s 828ms 541μs 182ns;3750.000000;                        -17875387765175ns;         3s 128ms  89μs 578ns;2234.000000;0.000000
535;4475af;2000;251;10;        36s 513ms 430μs 920ns;3751.666667;                        -16858717041308ns;         3s  92ms 804μs 950ns;2234.000000;0.000000
534;445538;2000;268;10;        36s 246ms 401μs 966ns;3780.000000;                        -20226174864378ns;         3s 378ms 838μs 845ns;2234.000000;0.000000
533;4434f1;2000;261;10;        36s 653ms 642μs 838ns;3768.333333;                        -18282670397581ns;         3s 443ms 705μs 669ns;2234.000000;0.000000
532;4413d8;2000;298;10;        37s 169ms 721μs 382ns;3726.486486;                        -20696294292075ns;         3s 864ms 844μs 135ns;2234.000000;0.000000
531;43f389;2000;255;10;        36s 882ms 520μs 738ns;3758.333333;                        -20586203382783ns;         3s 306ms 832μs  56ns;2234.000000;0.000000
530;43d29c;2000;296;10;        37s 287ms 203μs 348ns;3723.243243;                        -26379536891425ns;         3s 904ms 515μs 496ns;2234.000000;0.000000
529;43b251;2000;283;10;        36s 879ms 365μs 985ns;3805.000000;                        -18841151205055ns;         3s 616ms 331μs 304ns;2234.000000;0.000000
528;43916a;2000;295;10;        37s 480ms 660μs 141ns;3721.621622;                        -22439052859081ns;         4s   3ms 776μs 791ns;2234.000000;0.000000
527;4370ab;2000;295;10;        37s 124ms 942μs 821ns;3721.621622;                        -21696586722085ns;         3s 902ms 704μs 162ns;2234.000000;0.000000
526;434f68;2000;315;10;        37s 314ms 706μs 153ns;3754.054054;                        -22239636437544ns;         4s 210ms 231μs 256ns;2234.000000;0.000000
525;432e2f;2000;308;10;        37s 255ms 549μs  35ns;3742.702703;                        -22304310238016ns;         4s   9ms 290μs 838ns;2235.000000;0.000000
524;430d48;2000;298;10;        37s 543ms 642μs  72ns;3726.486486;                        -21906297713108ns;         3s 913ms 769μs 931ns;2238.000000;0.000000
523;42ecd1;2000;280;10;        37s 255ms 249μs 301ns;3697.297297;                        -23068698081655ns;         3s 689ms   7μs 824ns;2238.000000;0.000000
522;42cbf8;2000;285;10;        36s 587ms 796μs 513ns;3808.333333;                        -21530496647599ns;         3s 663ms 214μs 299ns;2234.000000;0.000000
521;42aa3d;2000;329;10;        37s 542ms 258μs 332ns;3776.756757;                        -21606655393378ns;         4s 236ms 765μs 645ns;2238.000000;0.000000
520;428a6a;2000;246;10;        35s 901ms 504μs 812ns;3850.285714;                        -21647214458251ns;         3s  54ms 165μs  66ns;2238.000000;0.000000
519;4268fd;2000;317;10;        37s 112ms 617μs 987ns;3757.297297;                        -17321753797771ns;         3s 838ms 787μs 178ns;2238.000000;0.000000
518;42489e;2000;278;10;        36s 566ms 907μs 725ns;3796.666667;                        -24067165676195ns;         3s 791ms 666μs 647ns;2238.000000;0.000000
517;4227e9;2000;281;10;        36s 538ms 417μs 187ns;3801.666667;                        -19820630946957ns;         3s 761ms 892μs 497ns;2238.000000;0.000000
516;42066c;2000;326;10;        37s 268ms 485μs 579ns;3771.891892;                        -22107092273216ns;         4s  45ms 288μs 103ns;2235.000000;0.000000
515;41e611;2000;268;10;        36s 611ms 143μs 299ns;3780.000000;                        -18683746865712ns;         3s 165ms 373μs 923ns;2234.000000;0.000000
514;41c576;2000;277;10;        37s  25ms 964μs 307ns;3692.432432;                        -24810191630486ns;         3s 522ms 963μs 722ns;2236.000000;0.000000
513;41a3b1;2000;329;10;        37s 680ms 461μs 522ns;3776.756757;                        -26193507786299ns;         4s 516ms 655μs 267ns;2238.000000;0.000000
512;418306;2000;284;10;        36s 761ms  10μs 308ns;3806.666667;                        -21513371220515ns;         3s 773ms  80μs 904ns;2235.000000;0.000000
511;41622d;2000;294;10;        36s 983ms 885μs 941ns;3823.333333;                        -22401648327184ns;         3s 840ms 734μs 151ns;2236.000000;0.000000
510;414102;2000;305;10;        36s 806ms 847μs 180ns;3841.666667;                        -21802048193631ns;         4s  67ms 763μs 958ns;2238.000000;0.000000
509;41204d;2000;295;10;        36s 647ms 462μs 830ns;3825.000000;                        -25338447405754ns;         3s 921ms 309μs 118ns;2236.000000;0.000000
508;40fe8c;2000;323;10;        37s 592ms 650μs 359ns;3767.027027;                        -26002011912407ns;         4s 264ms 602μs 392ns;2234.000000;0.000000
507;40dc8d;2000;344;10;        37s 731ms 212μs 241ns;3801.081081;                        -26969888033874ns;         4s 597ms 767μs  60ns;2238.000000;0.000000
506;40bc12;2000;269;10;        36s 468ms 987μs 493ns;3781.666667;                        -19152286011287ns;         3s  79ms 678μs 394ns;2238.000000;0.000000
505;409b4b;2000;300;10;        36s 890ms 757μs  36ns;3833.333333;                        -23308143081217ns;         4s  15ms 758μs 265ns;2234.000000;0.000000
504;40798a;2000;322;10;        36s 939ms 523μs 157ns;3870.000000;                        -22598490808552ns;         4s 408ms 347μs 596ns;2237.000000;0.000000
503;405887;2000;298;10;        37s 140ms 632μs 399ns;3726.486486;                        -24304748745633ns;         3s 909ms 523μs 486ns;2238.000000;0.000000
502;403832;2000;279;10;        36s 448ms 790μs 623ns;3798.333333;                        -24751902333260ns;         3s 668ms 549μs 400ns;2237.000000;0.000000
501;40177d;2000;291;10;        36s 233ms 825μs 804ns;3818.333333;                        -22157328280668ns;         3s 854ms 959μs 534ns;2238.000000;0.000000
500;3ff69c;2000;308;10;        37s 139ms 697μs 241ns;3742.702703;                        -20525356904003ns;         3s 892ms 550μs 493ns;2237.000000;0.000000
499;3fd5b3;2000;296;10;        36s 603ms 474μs 751ns;3826.666667;                        -20384517374040ns;         3s 945ms 910μs  90ns;2236.000000;0.000000
498;3fb4ce;2000;301;10;        36s 714ms 694μs 447ns;3835.000000;                        -19602648224902ns;         3s 691ms 817μs 589ns;2235.000000;0.000000
497;3f93fb;2000;288;10;        36s 976ms 533μs 652ns;3813.333333;                        -21436416226533ns;         3s 497ms 633μs 357ns;2238.000000;0.000000
496;3f72dc;2000;298;10;        36s 815ms 223μs 740ns;3830.000000;                        -18642293577342ns;         3s 903ms 365μs 638ns;2238.000000;0.000000
495;3f524f;2000;276;10;        36s 697ms 813μs 626ns;3793.333333;                        -22534755293227ns;         3s 548ms 853μs  85ns;2238.000000;0.000000
494;3f31e8;2000;280;10;        37s  79ms 699μs 509ns;3697.297297;                        -24222709011671ns;         3s 636ms   9μs 607ns;2237.000000;0.000000
493;3f11fb;2000;252;10;        37s 786ms 947μs 184ns;3651.891892;                        -20517456254821ns;         3s  68ms  31μs 205ns;2237.000000;0.000000
492;3ef076;2000;323;10;        38s  79ms 648μs 641ns;3667.894737;                        -22070746008909ns;         4s 111ms 219μs 445ns;2237.000000;0.000000
491;3ecf93;2000;294;10;        37s  29ms 595μs 425ns;3720.000000;                        -23329315219275ns;         3s 887ms 657μs 412ns;2234.000000;0.000000
490;3eaeb0;2000;288;10;        36s 855ms  90μs 892ns;3813.333333;                        -21664346344425ns;         3s 765ms 339μs 512ns;2238.000000;0.000000
489;3e8df7;2000;294;10;        36s 952ms 272μs 973ns;3823.333333;                        -22341614592850ns;         3s 826ms 114μs 641ns;2238.000000;0.000000
488;3e6ca4;2000;324;10;        37s 474ms 376μs 782ns;3768.648649;                        -28108420818236ns;         4s 370ms 295μs 800ns;2238.000000;0.000000
487;3e4bdb;2000;278;10;        36s 674ms 371μs  59ns;3796.666667;                        -20268484172338ns;         3s 551ms 443μs 175ns;2238.000000;0.000000
486;3e2ba6;2000;268;10;        37s 325ms 656μs 759ns;3677.837838;                        -20355403585511ns;         3s 328ms 883μs 833ns;2235.000000;0.000000
485;3e0af1;2000;286;10;        36s 802ms 686μs 360ns;3810.000000;                        -20931438595464ns;         3s 849ms 598μs   0ns;2234.000000;0.000000
484;3dea62;2000;289;10;        36s 848ms 128μs 152ns;3815.000000;                        -21639192970640ns;         3s 513ms 684μs 855ns;2251.000000;0.000000
483;3dc98b;2000;291;10;        37s 203ms 131μs 642ns;3715.135135;                        -21126383297091ns;         3s 821ms 321μs 841ns;2251.000000;0.000000
482;3da8be;2000;285;10;        36s 934ms 364μs 923ns;3808.333333;                        -20686760931157ns;         3s 671ms 828μs 625ns;2251.000000;0.000000
481;3d884f;2000;298;10;        36s 986ms  23μs  93ns;3830.000000;                        -20812113269041ns;         3s 733ms 124μs  14ns;2251.000000;0.000000
480;3d6818;2000;289;10;        36s 761ms 894μs 773ns;3815.000000;                        -18925161475822ns;         3s 415ms 196μs 530ns;2251.000000;0.000000
479;3d4751;2000;313;10;        37s 428ms 636μs 375ns;3750.810811;                        -18726544564355ns;         3s 996ms 785μs 362ns;2251.000000;0.000000
478;3d26c8;2000;302;10;        37s  96ms 394μs  42ns;3732.972973;                        -18813748011477ns;         3s 752ms 269μs 483ns;2251.000000;0.000000
477;3d069f;2000;295;10;        36s 951ms 743μs 708ns;3825.000000;                        -15193075057676ns;         3s 315ms 947μs 352ns;2251.000000;0.000000
476;3ce5c5;2000;307;10;        37s 127ms 442μs 340ns;3741.081081;                        -16087235226255ns;         3s 775ms  50μs 393ns;2251.000000;0.000000
475;3cc4ec;2000;312;10;        37s 146ms 561μs 599ns;3749.189189;                        -22616698607562ns;         3s 877ms 863μs 773ns;2251.000000;0.000000
474;3ca431;2000;309;10;        37s 217ms 447μs 422ns;3744.324324;                        -16556404566462ns;         3s 354ms 553μs 438ns;2251.000000;0.000000
473;3c83b6;2000;306;10;        37s  24ms 236μs 120ns;3739.459459;                        -17307257086240ns;         3s 433ms 617μs 742ns;2251.000000;0.000000
472;3c62ed;2000;329;10;        37s 200ms 773μs 938ns;3776.756757;                        -17375619356998ns;         3s 817ms  56μs 493ns;2251.000000;0.000000
471;3c4334;2000;264;10;        36s 310ms 515μs 580ns;3773.333333;                        -15141830836676ns;         3s 107ms 890μs 665ns;2251.000000;0.000000
470;3c2383;2000;282;10;        36s 479ms 540μs 517ns;3803.333333;                        -16498073661271ns;         3s 282ms 264μs 596ns;2251.000000;0.000000
469;3c0276;2000;337;10;        37s 347ms 709μs 441ns;3789.729730;                        -23320435652421ns;         4s 244ms 654μs 306ns;2251.000000;0.000000
468;3be1bf;2000;325;10;        37s 171ms 505μs 310ns;3770.270270;                        -22713112968335ns;         3s 923ms 653μs  40ns;2251.000000;0.000000
467;3bc146;2000;307;10;        36s 859ms 845μs 858ns;3845.000000;                        -18748333507222ns;         3s 666ms 790μs 454ns;2251.000000;0.000000
466;3ba0dd;2000;294;10;        36s 412ms 883μs 856ns;3823.333333;                        -15424622729114ns;         3s 497ms 355μs 588ns;2251.000000;0.000000
465;3b7fbe;2000;347;10;        37s 174ms  39μs 891ns;3805.945946;                        -20099406989649ns;         4s 399ms 150μs 509ns;2251.000000;0.000000
464;3b5f17;2000;317;10;        37s 121ms 574μs 757ns;3757.297297;                        -15510235636173ns;         3s 999ms 203μs 949ns;2251.000000;0.000000
463;3b3e00;2000;331;10;        37s 318ms 705μs 998ns;3780.000000;                        -23845535895360ns;         4s 360ms 457μs 698ns;2251.000000;0.000000
462;3b1d45;2000;308;10;        36s 985ms  49μs 239ns;3846.666667;                        -17512907759475ns;         3s 817ms   8μs 128ns;2251.000000;0.000000
461;3afb4e;2000;366;10;        37s 856ms  26μs 115ns;3836.756757;                        -24198939695003ns;         4s 697ms 873μs 903ns;2251.000000;0.000000
460;3adad1;2000;306;10;        36s 958ms 636μs 134ns;3843.333333;                        -21418152389605ns;         3s 823ms 268μs 886ns;2251.000000;0.000000
459;3ab9ce;2000;338;10;        37s 616ms 954μs 855ns;3791.351351;                        -20882477257188ns;         3s 921ms 241μs 474ns;2251.000000;0.000000
458;3a98d1;2000;329;10;        37s 273ms  12μs 369ns;3776.756757;                        -21683468150590ns;         4s 234ms 641μs 239ns;2251.000000;0.000000
457;3a7840;2000;309;10;        37s 317ms 181μs 939ns;3744.324324;                        -21625713928011ns;         3s 835ms 559μs 810ns;2251.000000;0.000000
456;3a57dd;2000;302;10;        36s 944ms 914μs 987ns;3836.666667;                        -21445203618495ns;         3s 791ms 429μs 128ns;2251.000000;0.000000
455;3a370c;2000;317;10;        37s   4ms 755μs  64ns;3757.297297;                        -22514321297712ns;         3s 855ms 199μs 656ns;2251.000000;0.000000
454;3a1667;2000;315;10;        37s 157ms  27μs 547ns;3754.054054;                        -21319758289330ns;         3s 796ms 568μs 257ns;2251.000000;0.000000
