# unix_time, cycles_done, cur_path, paths_total, pending_total, pending_favs, map_size, unique_crashes, unique_hangs, max_depth, execs_per_sec
1747817486, 0, 0, 1, 1, 1, 3.78%, 0, 0, 1, 85.11
1747817491, 0, 0, 30, 30, 1, 4.95%, 0, 0, 2, 80.55
1747817496, 0, 0, 57, 57, 1, 4.95%, 0, 0, 2, 78.36
1747817501, 0, 0, 78, 78, 1, 4.97%, 0, 0, 2, 78.20
1747817506, 0, 0, 94, 94, 1, 4.97%, 0, 0, 2, 78.70
1747817511, 0, 0, 111, 111, 1, 4.97%, 0, 0, 2, 77.60
1747817517, 0, 0, 125, 125, 1, 4.97%, 0, 0, 2, 74.79
1747817522, 0, 0, 131, 131, 1, 4.97%, 0, 0, 2, 55.16
1747817527, 0, 0, 138, 138, 1, 4.97%, 0, 0, 2, 49.00
1747817532, 0, 0, 141, 141, 1, 4.97%, 0, 0, 2, 50.34
1747817537, 0, 0, 146, 146, 1, 4.97%, 0, 0, 2, 50.16
1747817542, 0, 0, 156, 156, 1, 4.98%, 0, 0, 2, 46.65
1747817547, 0, 0, 160, 160, 1, 4.98%, 0, 0, 2, 50.50
1747817552, 0, 0, 163, 163, 1, 4.98%, 0, 0, 2, 50.63
1747817557, 0, 0, 166, 166, 1, 4.98%, 0, 0, 2, 50.86
1747817562, 0, 0, 172, 172, 1, 4.98%, 0, 0, 2, 49.91
1747817567, 0, 0, 174, 174, 1, 4.98%, 0, 0, 2, 50.41
1747817572, 0, 0, 178, 178, 1, 4.98%, 0, 0, 2, 50.03
1747817577, 0, 0, 180, 180, 1, 4.98%, 0, 0, 2, 50.85
1747817587, 0, 0, 184, 184, 1, 4.98%, 0, 0, 2, 50.54
1747817593, 0, 0, 186, 186, 1, 4.98%, 0, 0, 2, 51.41
1747817598, 0, 0, 190, 190, 1, 4.98%, 0, 0, 2, 51.47
1747817603, 0, 0, 194, 194, 1, 4.98%, 0, 0, 2, 50.52
1747817608, 0, 0, 195, 195, 1, 4.98%, 0, 0, 2, 51.82
1747817613, 0, 0, 198, 198, 1, 4.98%, 0, 0, 2, 51.43
1747817618, 0, 0, 201, 201, 1, 4.98%, 0, 0, 2, 51.62
1747817623, 0, 0, 202, 202, 1, 4.98%, 0, 0, 2, 52.44
1747817628, 0, 0, 204, 204, 1, 4.98%, 0, 0, 2, 51.40
1747817638, 0, 0, 208, 208, 1, 4.98%, 0, 0, 2, 50.81
1747817643, 0, 0, 211, 211, 1, 4.99%, 0, 0, 2, 50.19
1747817653, 0, 0, 213, 213, 1, 4.99%, 0, 0, 2, 51.88
1747817664, 0, 0, 215, 215, 1, 4.99%, 0, 0, 2, 50.22
1747817674, 0, 0, 218, 218, 1, 4.99%, 0, 0, 2, 50.64
1747817684, 0, 0, 221, 221, 1, 4.99%, 0, 0, 2, 50.82
1747817704, 0, 0, 222, 222, 1, 4.99%, 0, 0, 2, 52.12
1747817709, 0, 0, 223, 223, 1, 4.99%, 0, 0, 2, 52.11
1747817719, 0, 0, 225, 225, 1, 4.99%, 0, 0, 2, 50.71
1747817724, 0, 0, 226, 226, 1, 4.99%, 0, 0, 2, 51.77
1747817730, 0, 0, 227, 227, 1, 4.99%, 0, 0, 2, 51.99
1747817735, 0, 0, 228, 228, 1, 4.99%, 0, 0, 2, 52.04
1747817740, 0, 0, 230, 230, 1, 4.99%, 0, 0, 2, 51.60
1747817755, 0, 0, 232, 232, 1, 4.99%, 0, 0, 2, 51.85
1747817770, 0, 0, 233, 233, 1, 4.99%, 0, 0, 2, 52.11
1747817780, 0, 0, 234, 234, 1, 4.99%, 0, 0, 2, 52.46
1747817785, 0, 0, 235, 235, 1, 4.99%, 0, 0, 2, 51.31
1747817795, 0, 0, 236, 236, 1, 4.99%, 0, 0, 2, 52.08
1747817831, 0, 2, 248, 247, 13, 5.01%, 0, 0, 2, 37.64
1747817836, 0, 2, 263, 262, 13, 5.03%, 0, 0, 2, 32.55
1747817842, 0, 2, 275, 274, 13, 5.06%, 0, 0, 2, 30.87
1747817847, 0, 2, 285, 284, 13, 5.06%, 0, 0, 2, 31.61
1747817852, 0, 2, 293, 292, 13, 5.06%, 0, 0, 2, 31.51
1747817857, 0, 2, 302, 301, 13, 5.06%, 0, 0, 2, 30.73
1747817862, 0, 2, 308, 307, 13, 5.06%, 0, 0, 2, 31.76
1747817867, 0, 2, 314, 313, 13, 5.06%, 0, 0, 2, 31.25
1747817872, 0, 2, 319, 318, 13, 5.06%, 0, 0, 2, 31.67
1747817878, 0, 2, 323, 322, 13, 5.06%, 0, 0, 2, 31.13
1747817883, 0, 2, 327, 326, 13, 5.08%, 0, 0, 2, 31.38
1747817888, 0, 2, 332, 331, 13, 5.08%, 0, 0, 2, 30.57
1747817893, 0, 2, 336, 335, 13, 5.08%, 0, 0, 2, 31.13
1747817898, 0, 2, 341, 340, 13, 5.10%, 0, 0, 2, 31.30
1747817903, 0, 2, 342, 341, 13, 5.10%, 0, 0, 2, 32.09
1747817914, 0, 2, 344, 343, 13, 5.10%, 0, 0, 2, 32.17
1747817919, 0, 2, 345, 344, 13, 5.10%, 0, 0, 2, 31.91
1747817924, 0, 2, 346, 345, 13, 5.10%, 0, 0, 2, 32.04
1747817929, 0, 2, 348, 347, 13, 5.10%, 0, 0, 2, 31.93
1747817934, 0, 2, 349, 348, 13, 5.73%, 0, 0, 2, 32.26
1747817939, 0, 2, 352, 351, 13, 5.73%, 0, 0, 2, 31.94
1747817950, 0, 2, 355, 354, 13, 5.73%, 0, 0, 2, 31.41
1747817955, 0, 2, 357, 356, 13, 5.73%, 0, 0, 2, 31.55
1747817965, 0, 2, 358, 357, 13, 5.73%, 0, 0, 2, 32.02
1747817970, 0, 2, 359, 358, 13, 5.73%, 0, 0, 2, 31.88
1747817975, 0, 2, 360, 359, 13, 5.73%, 0, 0, 2, 32.13
1747817986, 0, 2, 362, 361, 13, 5.73%, 0, 0, 2, 31.97
1747817991, 0, 3, 369, 368, 10, 5.74%, 0, 0, 2, 27.84
1747817996, 0, 3, 380, 379, 10, 5.94%, 0, 0, 2, 23.09
1747818001, 0, 3, 392, 391, 10, 5.94%, 0, 0, 2, 22.14
1747818006, 0, 3, 403, 402, 10, 5.94%, 0, 0, 2, 22.32
1747818011, 0, 3, 413, 412, 10, 5.94%, 0, 0, 2, 21.91
1747818016, 0, 3, 423, 422, 10, 5.94%, 0, 0, 2, 22.33
1747818021, 0, 3, 433, 432, 10, 5.95%, 0, 0, 2, 22.09
1747818026, 0, 3, 441, 440, 10, 6.02%, 0, 0, 2, 21.98
1747818031, 0, 3, 451, 450, 10, 6.02%, 0, 0, 2, 22.55
1747818037, 0, 3, 461, 460, 10, 6.02%, 0, 0, 2, 22.54
1747818042, 0, 3, 467, 466, 10, 6.02%, 0, 0, 2, 21.99
1747818047, 0, 3, 473, 472, 10, 6.02%, 0, 0, 2, 22.63
1747818052, 0, 3, 479, 478, 10, 6.02%, 0, 0, 2, 22.13
1747818057, 0, 3, 486, 485, 10, 6.02%, 0, 0, 2, 22.31
1747818062, 0, 3, 490, 489, 10, 6.02%, 0, 0, 2, 22.53
1747818067, 0, 3, 495, 494, 10, 6.02%, 0, 0, 2, 22.20
1747818072, 0, 3, 500, 499, 10, 6.02%, 0, 0, 2, 22.24
1747818077, 0, 3, 504, 503, 10, 6.02%, 0, 0, 2, 22.36
1747818082, 0, 3, 509, 508, 10, 6.02%, 0, 0, 2, 22.43
1747818088, 0, 3, 516, 515, 10, 6.02%, 0, 0, 2, 22.38
1747818093, 0, 3, 521, 520, 10, 6.02%, 0, 0, 2, 21.96
1747818098, 0, 3, 525, 524, 10, 6.02%, 0, 0, 2, 22.00
1747818103, 0, 3, 527, 526, 10, 6.02%, 0, 0, 2, 22.19
1747818108, 0, 3, 529, 528, 10, 6.02%, 0, 0, 2, 22.51
1747818113, 0, 3, 533, 532, 10, 6.02%, 0, 0, 2, 22.55
1747818118, 0, 3, 536, 535, 10, 6.03%, 0, 0, 2, 22.58
1747818123, 0, 3, 540, 539, 10, 6.03%, 0, 0, 2, 22.27
1747818128, 0, 3, 542, 541, 10, 6.30%, 0, 0, 2, 22.78
1747818133, 0, 3, 547, 546, 10, 6.30%, 0, 0, 2, 22.03
1747818138, 0, 3, 551, 550, 10, 6.35%, 0, 0, 2, 22.09
1747818144, 0, 3, 555, 554, 10, 6.48%, 0, 0, 2, 22.11
1747818149, 0, 3, 558, 557, 10, 6.48%, 0, 0, 2, 22.26
1747818154, 0, 3, 560, 559, 10, 6.48%, 0, 0, 2, 22.24
1747818159, 0, 3, 564, 563, 10, 6.64%, 0, 0, 2, 22.08
1747818164, 0, 3, 566, 565, 10, 6.64%, 0, 0, 2, 22.73
1747818169, 0, 3, 569, 568, 10, 6.65%, 0, 0, 2, 21.90
1747818174, 0, 3, 572, 571, 10, 6.88%, 0, 0, 2, 21.83
1747818179, 0, 3, 574, 573, 10, 6.88%, 0, 0, 2, 22.35
1747818200, 0, 3, 575, 574, 10, 6.88%, 0, 0, 2, 22.76
1747818205, 0, 3, 577, 576, 10, 6.91%, 0, 0, 2, 22.14
1747818210, 0, 3, 578, 577, 10, 6.91%, 0, 0, 2, 22.41
1747818215, 0, 3, 579, 578, 10, 6.91%, 0, 0, 2, 22.73
1747818220, 0, 3, 580, 579, 10, 6.91%, 0, 0, 2, 22.68
1747818230, 0, 3, 582, 581, 10, 6.97%, 0, 0, 2, 22.40
1747818240, 0, 3, 584, 583, 10, 6.97%, 0, 0, 2, 22.88
1747818250, 0, 3, 585, 584, 10, 6.97%, 0, 0, 2, 22.54
1747818255, 0, 4, 593, 592, 15, 6.97%, 0, 0, 2, 18.74
1747818260, 0, 4, 602, 601, 15, 6.97%, 0, 0, 2, 17.79
1747818266, 0, 4, 609, 608, 15, 6.98%, 0, 0, 2, 17.50
1747818271, 0, 4, 617, 616, 15, 6.98%, 0, 0, 2, 17.34
1747818276, 0, 4, 625, 624, 15, 6.98%, 0, 0, 2, 17.48
1747818281, 0, 4, 630, 629, 15, 6.98%, 0, 0, 2, 17.32
1747818286, 0, 4, 636, 635, 15, 6.99%, 0, 0, 2, 3.22
1747818291, 0, 4, 641, 640, 15, 6.99%, 0, 0, 2, 17.95
1747818296, 0, 4, 647, 646, 15, 6.99%, 0, 0, 2, 17.32
1747818301, 0, 4, 651, 650, 15, 7.01%, 0, 0, 2, 17.18
1747818306, 0, 4, 654, 653, 15, 7.02%, 0, 0, 2, 17.39
1747818311, 0, 4, 657, 656, 15, 7.02%, 0, 0, 2, 17.60
1747818317, 0, 4, 660, 659, 15, 7.02%, 0, 0, 2, 17.73
1747818322, 0, 4, 665, 664, 15, 7.02%, 0, 0, 2, 17.15
1747818327, 0, 4, 670, 669, 15, 7.02%, 0, 0, 2, 17.73
1747818332, 0, 4, 674, 673, 15, 7.02%, 0, 0, 2, 17.47
1747818337, 0, 4, 677, 676, 15, 7.02%, 0, 0, 2, 17.42
1747818342, 0, 4, 682, 681, 15, 7.02%, 0, 0, 2, 17.42
1747818348, 0, 4, 684, 683, 15, 7.02%, 0, 0, 2, 17.77
1747818353, 0, 4, 688, 687, 15, 7.02%, 0, 0, 2, 17.26
1747818358, 0, 4, 690, 689, 15, 7.07%, 0, 0, 2, 17.53
1747818363, 0, 4, 693, 692, 15, 7.07%, 0, 0, 2, 17.48
1747818368, 0, 4, 696, 695, 15, 7.07%, 0, 0, 2, 17.43
1747818373, 0, 4, 700, 699, 15, 7.08%, 0, 0, 2, 16.80
1747818378, 0, 4, 702, 701, 15, 7.08%, 0, 0, 2, 17.29
1747818383, 0, 4, 706, 705, 15, 7.08%, 0, 0, 2, 17.75
1747818398, 0, 4, 708, 707, 15, 7.09%, 0, 0, 2, 17.30
1747818404, 0, 4, 711, 710, 15, 7.09%, 0, 0, 2, 17.52
1747818409, 0, 4, 712, 711, 15, 7.09%, 0, 0, 2, 17.52
1747818414, 0, 4, 713, 712, 15, 7.09%, 0, 0, 2, 17.67
1747818419, 0, 4, 716, 715, 15, 7.09%, 0, 0, 2, 17.80
1747818424, 0, 4, 717, 716, 15, 7.09%, 0, 0, 2, 17.84
1747818434, 0, 4, 718, 717, 15, 7.09%, 0, 0, 2, 17.94
1747818439, 0, 4, 719, 718, 15, 7.09%, 0, 0, 2, 17.77
1747818445, 0, 4, 722, 721, 15, 7.09%, 0, 0, 2, 17.71
1747818450, 0, 4, 723, 722, 15, 7.09%, 0, 0, 2, 17.65
1747818455, 0, 4, 724, 723, 15, 7.09%, 0, 0, 2, 17.78
1747818460, 0, 4, 726, 725, 15, 7.09%, 0, 0, 2, 17.48
1747818476, 0, 4, 729, 728, 15, 7.09%, 0, 0, 2, 17.96
1747818481, 0, 4, 731, 730, 15, 7.11%, 0, 0, 2, 17.57
1747818491, 0, 4, 733, 732, 15, 7.11%, 0, 0, 2, 17.53
1747818496, 0, 4, 734, 733, 15, 7.11%, 0, 0, 2, 17.83
1747818506, 0, 4, 735, 734, 15, 7.12%, 0, 0, 2, 17.93
1747818511, 0, 4, 736, 735, 15, 7.12%, 0, 0, 2, 17.92
1747818517, 0, 4, 738, 737, 15, 7.12%, 0, 0, 2, 17.92
1747818527, 0, 4, 740, 739, 15, 7.12%, 0, 0, 2, 17.97
1747818542, 0, 4, 742, 741, 15, 7.12%, 0, 0, 2, 17.55
1747818548, 0, 4, 743, 742, 15, 7.12%, 0, 0, 2, 17.65
1747818558, 0, 5, 744, 743, 19, 7.12%, 0, 0, 2, 17.55
1747818563, 0, 5, 746, 745, 19, 7.12%, 0, 0, 2, 17.41
1747818568, 0, 5, 748, 747, 19, 7.12%, 0, 0, 2, 17.29
1747818573, 0, 5, 751, 750, 19, 7.13%, 0, 0, 2, 17.19
1747818578, 0, 5, 754, 753, 19, 7.13%, 0, 0, 2, 17.01
1747818599, 0, 5, 755, 754, 19, 7.13%, 0, 0, 2, 17.21
1747818614, 0, 5, 757, 756, 19, 7.13%, 0, 0, 2, 16.98
1747818624, 0, 5, 758, 757, 19, 7.13%, 0, 0, 2, 17.38
1747818645, 0, 5, 759, 758, 19, 7.13%, 0, 0, 2, 16.99
1747818650, 0, 5, 760, 759, 19, 7.16%, 0, 0, 2, 17.15
1747818655, 0, 5, 761, 760, 19, 7.16%, 0, 0, 2, 17.08
1747818660, 0, 5, 762, 761, 19, 7.16%, 0, 0, 2, 17.17
1747818665, 0, 5, 763, 762, 19, 7.16%, 0, 0, 2, 17.17
1747818675, 0, 5, 765, 764, 19, 7.16%, 0, 0, 2, 17.23
1747818681, 0, 5, 767, 766, 19, 7.16%, 0, 0, 2, 16.92
1747818691, 0, 5, 769, 768, 19, 7.16%, 0, 0, 2, 17.17
1747818701, 0, 5, 770, 769, 19, 7.16%, 0, 0, 2, 17.46
1747818716, 0, 5, 772, 771, 19, 7.16%, 0, 0, 2, 16.81
1747818752, 0, 5, 773, 772, 19, 7.16%, 0, 0, 2, 17.28
1747818757, 0, 5, 774, 773, 19, 7.16%, 0, 0, 2, 17.25
1747818767, 0, 5, 776, 775, 19, 7.16%, 0, 0, 2, 16.96
1747818772, 0, 5, 777, 776, 19, 7.16%, 0, 0, 2, 17.12
1747818777, 0, 5, 778, 777, 19, 7.16%, 0, 0, 2, 17.28
1747818803, 0, 5, 779, 778, 19, 7.16%, 0, 0, 2, 17.02
1747818813, 0, 6, 782, 781, 19, 7.17%, 0, 0, 2, 16.69
1747818818, 0, 6, 784, 783, 19, 7.18%, 0, 0, 2, 16.59
1747818823, 0, 6, 786, 785, 19, 7.18%, 0, 0, 2, 16.56
1747818828, 0, 6, 788, 787, 19, 7.18%, 0, 0, 2, 16.22
1747818833, 0, 6, 790, 789, 19, 7.18%, 0, 0, 2, 16.55
1747818839, 0, 6, 793, 792, 19, 7.18%, 0, 0, 2, 16.33
1747818844, 0, 6, 794, 793, 19, 7.18%, 0, 0, 2, 16.41
1747818849, 0, 6, 797, 796, 19, 7.18%, 0, 0, 2, 16.38
1747818854, 0, 6, 798, 797, 19, 7.18%, 0, 0, 2, 16.63
1747818859, 0, 6, 801, 800, 19, 7.18%, 0, 0, 2, 16.47
1747818864, 0, 6, 803, 802, 19, 7.18%, 0, 0, 2, 16.64
1747818869, 0, 6, 804, 803, 19, 7.18%, 0, 0, 2, 16.59
1747818874, 0, 6, 807, 806, 19, 7.18%, 0, 0, 2, 16.49
1747818879, 0, 6, 810, 809, 19, 7.18%, 0, 0, 2, 16.46
1747818884, 0, 6, 812, 811, 19, 7.18%, 0, 0, 2, 16.31
1747818894, 0, 6, 813, 812, 19, 7.18%, 0, 0, 2, 16.64
1747818899, 0, 6, 814, 813, 19, 7.18%, 0, 0, 2, 16.62
1747818904, 0, 6, 815, 814, 19, 7.18%, 0, 0, 2, 16.63
1747818910, 0, 6, 817, 816, 19, 7.43%, 0, 0, 2, 16.28
1747818915, 0, 6, 818, 817, 19, 7.43%, 0, 0, 2, 16.33
1747818925, 0, 6, 820, 819, 19, 7.43%, 0, 0, 2, 16.53
1747818930, 0, 6, 821, 820, 19, 7.43%, 0, 0, 2, 16.44
1747818935, 0, 6, 822, 821, 19, 7.43%, 0, 0, 2, 16.63
1747818940, 0, 6, 823, 822, 19, 7.43%, 0, 0, 2, 16.51
1747818945, 0, 6, 824, 823, 19, 7.43%, 0, 0, 2, 16.64
1747818956, 0, 6, 825, 824, 19, 7.43%, 0, 0, 2, 16.55
1747818961, 0, 6, 826, 825, 19, 7.43%, 0, 0, 2, 16.47
1747818966, 0, 6, 827, 826, 19, 7.43%, 0, 0, 2, 16.65
1747818971, 0, 6, 828, 827, 19, 7.43%, 0, 0, 2, 16.65
1747818976, 0, 6, 829, 828, 19, 7.43%, 0, 0, 2, 16.33
1747818986, 0, 6, 830, 829, 19, 7.43%, 0, 0, 2, 16.48
1747818996, 0, 6, 831, 830, 19, 7.43%, 0, 0, 2, 16.56
1747819006, 0, 6, 834, 833, 19, 7.43%, 0, 0, 2, 15.98
1747819011, 0, 6, 836, 835, 19, 7.43%, 0, 0, 2, 15.97
1747819027, 0, 6, 838, 837, 19, 7.43%, 0, 0, 2, 16.63
1747819042, 0, 6, 840, 839, 19, 7.43%, 0, 0, 2, 16.60
1747819047, 0, 6, 841, 840, 19, 7.43%, 0, 0, 2, 16.42
1747819052, 0, 6, 842, 841, 19, 7.43%, 0, 0, 2, 16.70
1747819062, 0, 6, 843, 842, 19, 7.43%, 0, 0, 2, 16.74
1747819067, 0, 6, 844, 843, 19, 7.43%, 0, 0, 2, 16.41
1747819092, 0, 7, 844, 843, 22, 7.43%, 0, 0, 2, 16.53
1747819098, 0, 7, 846, 845, 22, 7.43%, 0, 0, 2, 16.16
1747819103, 0, 7, 847, 846, 22, 7.43%, 0, 0, 2, 15.96
1747819108, 0, 7, 848, 847, 22, 7.43%, 0, 0, 2, 15.75
1747819113, 0, 7, 850, 849, 22, 7.43%, 0, 0, 2, 15.67
1747819118, 0, 7, 851, 850, 22, 7.43%, 0, 0, 2, 15.89
1747819123, 0, 7, 852, 851, 22, 7.43%, 0, 0, 2, 16.13
1747819128, 0, 7, 853, 852, 22, 7.43%, 0, 0, 2, 16.01
1747819134, 0, 7, 854, 853, 22, 7.43%, 0, 0, 2, 15.94
1747819144, 0, 7, 855, 854, 22, 7.43%, 0, 0, 2, 15.83
1747819149, 0, 7, 858, 857, 22, 7.43%, 0, 0, 2, 15.90
1747819159, 0, 7, 859, 858, 22, 7.43%, 0, 0, 2, 16.02
1747819164, 0, 7, 860, 859, 22, 7.43%, 0, 0, 2, 15.89
1747819169, 0, 7, 861, 860, 22, 7.43%, 0, 0, 2, 15.93
1747819174, 0, 7, 863, 862, 22, 7.43%, 0, 0, 2, 15.95
1747819180, 0, 7, 864, 863, 22, 7.43%, 0, 0, 2, 16.23
1747819185, 0, 7, 867, 866, 22, 7.43%, 0, 0, 2, 15.85
1747819190, 0, 7, 869, 868, 22, 7.43%, 0, 0, 2, 15.74
1747819200, 0, 7, 870, 869, 22, 7.45%, 0, 0, 2, 15.68
1747819220, 0, 7, 871, 870, 22, 7.45%, 0, 0, 2, 15.85
1747819236, 0, 7, 872, 871, 22, 7.45%, 0, 0, 2, 15.87
1747819241, 0, 7, 873, 872, 22, 7.45%, 0, 0, 2, 15.58
1747819246, 0, 7, 874, 873, 22, 7.45%, 0, 0, 2, 16.05
1747819251, 0, 7, 875, 874, 22, 7.45%, 0, 0, 2, 15.99
1747819267, 0, 7, 877, 876, 22, 7.45%, 0, 0, 2, 15.98
1747819272, 0, 7, 878, 877, 22, 7.45%, 0, 0, 2, 16.00
1747819277, 0, 7, 879, 878, 22, 7.45%, 0, 0, 2, 15.90
1747819282, 0, 7, 880, 879, 22, 7.45%, 0, 0, 2, 15.91
1747819287, 0, 7, 882, 881, 22, 7.45%, 0, 0, 2, 15.80
1747819308, 0, 7, 884, 883, 22, 7.45%, 0, 0, 2, 15.81
1747819344, 0, 7, 885, 884, 22, 7.45%, 0, 0, 2, 15.84
1747819354, 0, 7, 886, 885, 22, 7.45%, 0, 0, 2, 15.94
1747819364, 0, 7, 887, 886, 22, 7.45%, 0, 0, 2, 15.85
1747819370, 0, 8, 887, 886, 23, 7.45%, 0, 0, 2, 16.13
1747819380, 0, 11, 891, 890, 23, 7.45%, 0, 0, 2, 14.58
1747819385, 0, 11, 894, 893, 23, 7.45%, 0, 0, 2, 14.18
1747819390, 0, 11, 899, 898, 23, 7.50%, 0, 0, 2, 13.93
1747819395, 0, 11, 902, 901, 23, 7.50%, 0, 0, 2, 14.13
1747819401, 0, 11, 906, 905, 23, 7.50%, 0, 0, 2, 14.04
1747819406, 0, 11, 908, 907, 23, 7.50%, 0, 0, 2, 14.11
1747819411, 0, 11, 910, 909, 23, 7.51%, 0, 0, 2, 14.20
1747819416, 0, 11, 913, 912, 23, 7.51%, 0, 0, 2, 13.82
1747819421, 0, 11, 915, 914, 23, 7.51%, 0, 0, 2, 14.02
1747819426, 0, 11, 917, 916, 23, 7.51%, 0, 0, 2, 14.07
1747819431, 0, 11, 920, 919, 23, 7.51%, 0, 0, 2, 13.97
1747819437, 0, 11, 922, 921, 23, 7.51%, 0, 0, 2, 14.22
1747819442, 0, 11, 924, 923, 23, 7.51%, 0, 0, 2, 14.22
1747819447, 0, 11, 925, 924, 23, 7.51%, 0, 0, 2, 14.16
1747819452, 0, 11, 927, 926, 23, 7.51%, 0, 0, 2, 14.10
1747819457, 0, 11, 929, 928, 23, 7.51%, 0, 0, 2, 14.57
1747819472, 0, 11, 930, 929, 23, 7.51%, 0, 0, 2, 14.32
1747819488, 0, 11, 932, 931, 23, 7.51%, 0, 0, 2, 14.55
1747819498, 0, 11, 933, 932, 23, 7.51%, 0, 0, 2, 14.35
1747819508, 0, 11, 935, 934, 23, 7.51%, 0, 0, 2, 13.74
1747819519, 0, 11, 936, 935, 23, 7.51%, 0, 0, 2, 14.33
1747819524, 0, 11, 938, 937, 23, 7.51%, 0, 0, 2, 14.35
1747819529, 0, 11, 939, 938, 23, 7.51%, 0, 0, 2, 14.31
1747819534, 0, 11, 941, 940, 23, 7.51%, 0, 0, 2, 14.15
1747819544, 0, 11, 943, 942, 23, 7.51%, 0, 0, 2, 14.41
1747819559, 0, 11, 944, 943, 23, 7.51%, 0, 0, 2, 14.59
1747819565, 0, 11, 946, 945, 23, 7.51%, 0, 0, 2, 14.17
1747819570, 0, 11, 948, 947, 23, 7.51%, 0, 0, 2, 14.40
1747819580, 0, 11, 949, 948, 23, 7.51%, 0, 0, 2, 13.99
1747819585, 0, 11, 950, 949, 23, 7.51%, 0, 0, 2, 14.13
1747819590, 0, 11, 951, 950, 23, 7.51%, 0, 0, 2, 14.23
1747819595, 0, 11, 952, 951, 23, 7.51%, 0, 0, 2, 14.30
1747819611, 0, 11, 953, 952, 23, 7.51%, 0, 0, 2, 14.64
1747819626, 0, 11, 954, 953, 23, 7.51%, 0, 0, 2, 14.34
1747819631, 0, 11, 955, 954, 23, 7.51%, 0, 0, 2, 14.67
1747819657, 0, 11, 956, 955, 23, 7.51%, 0, 0, 2, 14.36
1747819677, 0, 11, 958, 957, 23, 7.51%, 0, 0, 2, 14.20
1747819682, 0, 11, 959, 958, 23, 7.51%, 0, 0, 2, 14.20
1747819692, 0, 11, 961, 960, 23, 7.51%, 0, 0, 2, 13.98
1747819703, 0, 12, 961, 960, 26, 7.51%, 0, 0, 2, 15.07
1747819713, 0, 13, 962, 961, 26, 7.51%, 0, 0, 2, 14.88
1747819718, 0, 13, 963, 962, 26, 7.51%, 0, 0, 2, 14.38
1747819728, 0, 13, 964, 963, 26, 7.51%, 0, 0, 2, 14.62
1747819739, 0, 13, 965, 964, 26, 7.51%, 0, 0, 2, 14.31
1747819754, 0, 13, 966, 965, 26, 7.51%, 0, 0, 2, 13.92
1747819764, 0, 13, 967, 966, 26, 7.51%, 0, 0, 2, 14.43
1747819774, 0, 13, 968, 967, 26, 7.51%, 0, 0, 2, 14.26
1747819785, 0, 13, 969, 968, 26, 7.51%, 0, 0, 2, 14.50
1747819790, 0, 13, 970, 969, 26, 7.51%, 0, 0, 2, 14.43
1747819805, 0, 13, 971, 970, 26, 7.51%, 0, 0, 2, 14.17
1747819841, 0, 13, 972, 971, 26, 7.51%, 0, 0, 2, 14.59
1747819852, 0, 13, 973, 972, 26, 7.51%, 0, 0, 2, 14.35
1747819872, 0, 13, 974, 973, 26, 7.51%, 0, 0, 2, 14.32
1747819877, 0, 13, 975, 974, 26, 7.51%, 0, 0, 2, 13.95
1747819887, 0, 13, 976, 975, 26, 7.51%, 0, 0, 2, 14.29
1747819892, 0, 13, 977, 976, 26, 7.51%, 0, 0, 2, 14.46
1747819908, 0, 13, 978, 977, 26, 7.51%, 0, 0, 2, 14.15
1747819918, 0, 13, 979, 978, 26, 7.51%, 0, 0, 2, 14.39
1747819928, 0, 13, 980, 979, 26, 7.51%, 0, 0, 2, 14.53
1747819934, 0, 13, 983, 982, 26, 7.67%, 0, 0, 2, 14.22
1747819939, 0, 13, 984, 983, 26, 7.67%, 0, 0, 2, 14.50
1747819959, 0, 13, 985, 984, 26, 7.67%, 0, 0, 2, 14.09
1747819974, 0, 13, 987, 986, 26, 7.67%, 0, 0, 2, 14.18
1747819990, 0, 13, 988, 987, 26, 7.67%, 0, 0, 2, 14.45
1747820010, 0, 14, 988, 987, 27, 7.67%, 0, 0, 2, 14.87
1747820020, 0, 16, 988, 987, 27, 7.67%, 0, 0, 2, 15.02
1747820031, 0, 18, 988, 987, 27, 7.67%, 0, 0, 2, 14.49
1747820036, 0, 19, 988, 987, 27, 7.67%, 0, 0, 2, 14.58
1747820046, 0, 20, 988, 987, 27, 7.67%, 0, 0, 2, 14.48
1747820056, 0, 21, 988, 987, 27, 7.67%, 0, 0, 2, 15.64
1747820061, 0, 22, 988, 987, 27, 7.67%, 0, 0, 2, 16.18
1747820072, 0, 23, 988, 987, 27, 7.67%, 0, 0, 2, 15.14
1747820077, 0, 23, 989, 988, 27, 7.67%, 0, 0, 2, 14.60
1747820087, 0, 23, 990, 989, 27, 7.67%, 0, 0, 2, 14.25
1747820107, 0, 24, 992, 991, 28, 7.67%, 0, 0, 2, 14.35
1747820138, 0, 24, 993, 992, 28, 7.67%, 0, 0, 2, 14.04
1747820179, 0, 25, 995, 994, 28, 7.67%, 0, 0, 2, 14.43
1747820189, 0, 25, 996, 995, 28, 7.67%, 0, 0, 2, 13.92
1747820205, 0, 25, 998, 997, 28, 7.67%, 0, 0, 2, 14.19
1747820220, 0, 25, 999, 998, 28, 7.67%, 0, 0, 2, 14.32
1747820231, 0, 25, 1000, 999, 28, 7.67%, 0, 0, 2, 14.08
1747820236, 0, 25, 1001, 1000, 28, 7.67%, 0, 0, 2, 13.97
1747820241, 0, 25, 1002, 1001, 28, 7.67%, 0, 0, 2, 14.42
1747820267, 0, 25, 1003, 1002, 28, 7.67%, 0, 0, 2, 13.98
1747820292, 0, 25, 1004, 1003, 28, 7.67%, 0, 0, 2, 14.06
1747820297, 0, 25, 1005, 1004, 28, 7.67%, 0, 0, 2, 14.10
1747820313, 0, 25, 1006, 1005, 28, 7.67%, 0, 0, 2, 14.03
1747820343, 0, 25, 1007, 1006, 28, 7.67%, 0, 0, 2, 13.63
1747820348, 0, 25, 1009, 1008, 28, 7.67%, 0, 0, 2, 13.56
1747820353, 0, 25, 1010, 1009, 28, 7.67%, 0, 0, 2, 13.84
1747820389, 0, 25, 1011, 1010, 28, 7.67%, 0, 0, 2, 14.11
1747820395, 0, 25, 1012, 1011, 28, 7.67%, 0, 0, 2, 14.15
1747820410, 0, 25, 1013, 1012, 28, 7.67%, 0, 0, 2, 14.05
1747820435, 0, 25, 1014, 1013, 28, 7.67%, 0, 0, 2, 13.83
1747820440, 0, 25, 1015, 1014, 28, 7.67%, 0, 0, 2, 14.16
1747820445, 0, 25, 1016, 1015, 28, 7.67%, 0, 0, 2, 14.13
1747820461, 0, 25, 1017, 1016, 28, 7.67%, 0, 0, 2, 14.10
1747820482, 0, 27, 1017, 1016, 28, 7.67%, 0, 0, 2, 15.73
1747820487, 0, 28, 1017, 1016, 28, 7.67%, 0, 0, 2, 15.08
1747820497, 0, 29, 1017, 1016, 28, 7.67%, 0, 0, 2, 14.15
1747820507, 0, 31, 1017, 1016, 28, 7.67%, 0, 0, 2, 14.33
1747820512, 0, 31, 1018, 1017, 28, 7.67%, 0, 0, 2, 13.98
1747820522, 0, 32, 1018, 1017, 28, 7.67%, 0, 0, 2, 14.70
1747820533, 0, 33, 1018, 1017, 28, 7.67%, 0, 0, 2, 15.38
1747820543, 0, 35, 1019, 1018, 28, 7.67%, 0, 0, 2, 14.62
1747820558, 0, 38, 1019, 1018, 28, 7.67%, 0, 0, 2, 14.19
1747820563, 0, 38, 1020, 1019, 28, 7.67%, 0, 0, 2, 14.20
1747820578, 0, 40, 1020, 1019, 28, 7.67%, 0, 0, 2, 13.63
1747820584, 0, 40, 1021, 1020, 28, 7.67%, 0, 0, 2, 13.36
1747820594, 0, 40, 1022, 1021, 28, 7.67%, 0, 0, 2, 13.55
1747820599, 0, 40, 1023, 1022, 28, 7.67%, 0, 0, 2, 13.79
1747820604, 0, 40, 1024, 1023, 28, 7.67%, 0, 0, 2, 13.69
1747820609, 0, 40, 1026, 1025, 28, 7.70%, 0, 0, 2, 13.15
1747820614, 0, 40, 1027, 1026, 28, 7.70%, 0, 0, 2, 13.74
1747820619, 0, 40, 1029, 1028, 28, 7.70%, 0, 0, 2, 13.25
1747820629, 0, 40, 1030, 1029, 28, 7.70%, 0, 0, 2, 13.36
1747820635, 0, 40, 1031, 1030, 28, 7.70%, 0, 0, 2, 13.49
1747820645, 0, 40, 1032, 1031, 28, 7.70%, 0, 0, 2, 13.44
1747820655, 0, 40, 1033, 1032, 28, 7.70%, 0, 0, 2, 13.88
1747820660, 0, 40, 1034, 1033, 28, 7.70%, 0, 0, 2, 13.64
1747820666, 0, 40, 1035, 1034, 28, 7.73%, 0, 0, 2, 13.39
1747820671, 0, 40, 1036, 1035, 28, 7.73%, 0, 0, 2, 13.42
1747820707, 0, 40, 1037, 1036, 28, 7.73%, 0, 0, 2, 13.23
1747820732, 0, 40, 1038, 1037, 28, 7.73%, 0, 0, 2, 13.62
1747820737, 0, 40, 1039, 1038, 28, 7.73%, 0, 0, 2, 13.39
1747820758, 0, 40, 1040, 1039, 28, 7.73%, 0, 0, 2, 13.68
1747820773, 0, 40, 1041, 1040, 28, 7.73%, 0, 0, 2, 13.43
1747820779, 0, 40, 1042, 1041, 28, 7.73%, 0, 0, 2, 13.17
1747820799, 0, 40, 1043, 1042, 28, 7.73%, 0, 0, 2, 13.68
1747820850, 0, 40, 1044, 1043, 28, 7.73%, 0, 0, 2, 13.52
1747820860, 0, 40, 1045, 1044, 28, 7.73%, 0, 0, 2, 13.45
1747820865, 0, 40, 1046, 1045, 28, 7.73%, 0, 0, 2, 13.72
1747820896, 0, 41, 1046, 1045, 28, 7.73%, 0, 0, 2, 14.37
1747820901, 0, 41, 1047, 1046, 28, 7.73%, 0, 0, 2, 14.46
1747820911, 0, 43, 1047, 1046, 28, 7.73%, 0, 0, 2, 14.40
1747820921, 0, 45, 1047, 1046, 28, 7.73%, 0, 0, 2, 14.16
1747820926, 0, 45, 1048, 1047, 28, 7.76%, 0, 0, 2, 13.56
1747820942, 0, 46, 1048, 1047, 27, 7.76%, 0, 0, 2, 13.91
1747820952, 0, 47, 1049, 1048, 27, 7.76%, 0, 0, 2, 13.64
1747820967, 0, 49, 1049, 1048, 27, 7.76%, 0, 0, 2, 13.14
1747820978, 0, 50, 1049, 1048, 27, 7.76%, 0, 0, 2, 13.30
1747820988, 0, 51, 1049, 1048, 27, 7.76%, 0, 0, 2, 13.42
1747820998, 0, 53, 1050, 1049, 27, 7.76%, 0, 0, 2, 13.06
1747821003, 0, 53, 1051, 1050, 27, 7.76%, 0, 0, 2, 13.21
1747821008, 0, 53, 1052, 1051, 27, 7.76%, 0, 0, 2, 13.32
1747821013, 0, 53, 1053, 1052, 27, 7.76%, 0, 0, 2, 12.84
1747821024, 0, 53, 1054, 1053, 27, 7.76%, 0, 0, 2, 13.04
1747821029, 0, 53, 1055, 1054, 27, 7.77%, 0, 0, 2, 12.91
1747821039, 0, 53, 1056, 1055, 27, 7.77%, 0, 0, 2, 13.21
1747821044, 0, 53, 1057, 1056, 27, 7.77%, 0, 0, 2, 13.00
1747821054, 0, 53, 1058, 1057, 27, 7.77%, 0, 0, 2, 13.80
1747821060, 0, 53, 1060, 1059, 27, 7.77%, 0, 0, 2, 13.20
1747821126, 0, 53, 1061, 1060, 27, 7.77%, 0, 0, 2, 13.46
1747821131, 0, 53, 1062, 1061, 27, 7.77%, 0, 0, 2, 13.18
1747821167, 0, 53, 1063, 1062, 27, 7.77%, 0, 0, 2, 13.20
1747821259, 0, 53, 1064, 1063, 27, 7.77%, 0, 0, 2, 13.02
1747821270, 0, 53, 1066, 1065, 27, 7.77%, 0, 0, 2, 13.09
1747821290, 0, 53, 1068, 1067, 27, 7.77%, 0, 0, 2, 12.86
1747821306, 0, 53, 1070, 1069, 27, 7.77%, 0, 0, 2, 12.78
1747821321, 0, 54, 1070, 1069, 28, 7.77%, 0, 0, 2, 13.38
1747821326, 0, 54, 1072, 1071, 28, 7.78%, 0, 0, 2, 13.00
1747821357, 0, 54, 1073, 1072, 28, 7.78%, 0, 0, 2, 12.82
1747821367, 0, 54, 1074, 1073, 28, 7.78%, 0, 0, 2, 13.28
1747821372, 0, 54, 1075, 1074, 28, 7.78%, 0, 0, 2, 13.27
1747821388, 0, 54, 1076, 1075, 28, 7.78%, 0, 0, 2, 12.75
1747821413, 0, 54, 1078, 1077, 28, 7.78%, 0, 0, 2, 12.75
1747821423, 0, 54, 1079, 1078, 28, 7.78%, 0, 0, 2, 12.82
1747821444, 0, 54, 1080, 1079, 28, 7.78%, 0, 0, 2, 13.49
1747821469, 0, 54, 1081, 1080, 28, 7.78%, 0, 0, 2, 13.14
1747821474, 0, 54, 1082, 1081, 28, 7.78%, 0, 0, 2, 13.22
1747821495, 0, 54, 1083, 1082, 28, 7.78%, 0, 0, 2, 13.20
1747821546, 0, 54, 1084, 1083, 28, 7.78%, 0, 0, 2, 12.95
1747821597, 0, 54, 1085, 1084, 28, 7.78%, 0, 0, 2, 13.24
1747821617, 0, 54, 1086, 1085, 28, 7.78%, 0, 0, 2, 13.19
1747821633, 0, 54, 1087, 1086, 28, 7.78%, 0, 0, 2, 13.01
1747821638, 0, 55, 1087, 1086, 29, 7.78%, 0, 0, 2, 13.15
1747821648, 0, 55, 1088, 1087, 29, 7.78%, 0, 0, 2, 13.49
1747821659, 0, 56, 1088, 1087, 29, 7.78%, 0, 0, 2, 13.27
1747821664, 0, 56, 1089, 1088, 29, 7.78%, 0, 0, 2, 12.97
1747821669, 0, 56, 1090, 1089, 29, 7.78%, 0, 0, 2, 13.12
1747821694, 0, 56, 1091, 1090, 29, 7.78%, 0, 0, 2, 13.35
1747821710, 0, 56, 1092, 1091, 29, 7.79%, 0, 0, 2, 12.59
1747821731, 0, 56, 1093, 1092, 29, 7.79%, 0, 0, 2, 12.99
1747821751, 0, 56, 1094, 1093, 29, 7.79%, 0, 0, 2, 13.42
1747821761, 0, 56, 1095, 1094, 29, 7.90%, 0, 0, 2, 13.04
1747821776, 0, 56, 1096, 1095, 29, 7.90%, 0, 0, 2, 13.12
1747821792, 0, 56, 1097, 1096, 29, 7.90%, 0, 0, 2, 12.99
1747821797, 0, 56, 1098, 1097, 29, 7.90%, 0, 0, 2, 12.64
1747821873, 0, 56, 1099, 1098, 29, 7.90%, 0, 0, 2, 12.96
1747821879, 0, 56, 1100, 1099, 29, 7.90%, 0, 0, 2, 12.54
1747821884, 0, 56, 1101, 1100, 29, 7.90%, 0, 0, 2, 12.77
1747821889, 0, 56, 1102, 1101, 29, 7.90%, 0, 0, 2, 12.87
1747821981, 0, 57, 1102, 1101, 24, 7.90%, 0, 0, 2, 13.31
1747821991, 0, 57, 1103, 1102, 24, 7.90%, 0, 0, 2, 12.86
1747822001, 0, 58, 1103, 1102, 24, 7.90%, 0, 0, 2, 13.14
1747822006, 0, 59, 1103, 1102, 24, 7.90%, 0, 0, 2, 13.53
1747822017, 0, 60, 1103, 1102, 24, 7.90%, 0, 0, 2, 13.04
1747822027, 0, 61, 1103, 1102, 24, 7.90%, 0, 0, 2, 13.45
1747822037, 0, 62, 1103, 1102, 24, 7.90%, 0, 0, 2, 13.92
1747822042, 0, 62, 1104, 1103, 24, 7.90%, 0, 0, 2, 12.80
1747822047, 0, 62, 1105, 1104, 24, 7.90%, 0, 0, 2, 12.16
1747822078, 0, 64, 1105, 1104, 24, 7.90%, 0, 0, 2, 13.82
1747822088, 0, 65, 1105, 1104, 24, 7.90%, 0, 0, 2, 13.49
1747822093, 0, 65, 1106, 1105, 24, 7.90%, 0, 0, 2, 12.91
1747822104, 0, 65, 1107, 1106, 24, 7.90%, 0, 0, 2, 13.42
1747822124, 0, 65, 1108, 1107, 24, 7.90%, 0, 0, 2, 13.23
1747822145, 0, 65, 1109, 1108, 24, 7.90%, 0, 0, 2, 12.82
1747822160, 0, 65, 1110, 1109, 24, 7.90%, 0, 0, 2, 18.14
1747822181, 0, 65, 1111, 1110, 24, 7.90%, 0, 0, 2, 21.13
1747822191, 0, 65, 1112, 1111, 24, 7.90%, 0, 0, 2, 21.57
1747822211, 0, 65, 1113, 1112, 24, 7.90%, 0, 0, 2, 22.03
1747822217, 0, 65, 1114, 1113, 24, 7.90%, 0, 0, 2, 21.27
1747822237, 0, 65, 1115, 1114, 24, 7.90%, 0, 0, 2, 21.50
1747822299, 0, 65, 1116, 1115, 24, 7.90%, 0, 0, 2, 20.93
1747822309, 0, 66, 1118, 1117, 25, 7.90%, 0, 0, 2, 20.94
1747822314, 0, 66, 1119, 1118, 25, 7.90%, 0, 0, 2, 20.51
1747822319, 0, 66, 1120, 1119, 25, 7.90%, 0, 0, 2, 21.74
1747822324, 0, 66, 1121, 1120, 25, 7.90%, 0, 0, 2, 20.74
1747822329, 0, 66, 1123, 1122, 25, 7.90%, 0, 0, 2, 20.11
1747822350, 0, 66, 1124, 1123, 25, 7.90%, 0, 0, 2, 20.83
1747822355, 0, 66, 1126, 1125, 25, 7.90%, 0, 0, 2, 20.50
1747822360, 0, 66, 1127, 1126, 25, 7.90%, 0, 0, 2, 20.00
1747822442, 0, 66, 1128, 1127, 25, 7.90%, 0, 0, 2, 22.29
1747822508, 0, 69, 1128, 1127, 26, 7.90%, 0, 0, 2, 20.91
1747822513, 0, 70, 1128, 1127, 26, 7.90%, 0, 0, 2, 21.14
1747822518, 0, 71, 1128, 1127, 26, 7.90%, 0, 0, 2, 21.13
1747822524, 0, 71, 1129, 1128, 26, 7.90%, 0, 0, 2, 20.31
1747822529, 0, 71, 1130, 1129, 26, 7.90%, 0, 0, 2, 20.85
1747822544, 0, 72, 1130, 1129, 26, 7.90%, 0, 0, 2, 20.98
1747822549, 0, 73, 1130, 1129, 26, 7.90%, 0, 0, 2, 20.36
1747822559, 0, 74, 1130, 1129, 26, 7.90%, 0, 0, 2, 21.19
1747822565, 0, 75, 1130, 1129, 26, 7.90%, 0, 0, 2, 21.10
1747822570, 0, 76, 1130, 1129, 26, 7.90%, 0, 0, 2, 21.41
1747822575, 0, 76, 1131, 1130, 26, 7.90%, 0, 0, 2, 20.83
1747822580, 0, 77, 1132, 1131, 26, 7.90%, 0, 0, 2, 21.45
1747822595, 0, 79, 1132, 1131, 26, 7.90%, 0, 0, 2, 21.21
1747822601, 0, 80, 1132, 1131, 26, 7.90%, 0, 0, 2, 21.15
1747822606, 0, 81, 1132, 1131, 26, 7.90%, 0, 0, 2, 21.05
1747822611, 0, 81, 1134, 1133, 26, 7.90%, 0, 0, 2, 20.48
1747822616, 0, 81, 1135, 1134, 26, 7.91%, 0, 0, 2, 21.40
1747822636, 0, 81, 1137, 1136, 26, 7.92%, 0, 0, 2, 20.57
1747822657, 0, 81, 1138, 1137, 26, 7.92%, 0, 0, 2, 20.92
1747822724, 0, 81, 1139, 1138, 26, 7.92%, 0, 0, 2, 20.98
1747822729, 0, 81, 1140, 1139, 26, 7.92%, 0, 0, 2, 20.16
1747822739, 0, 81, 1141, 1140, 26, 7.92%, 0, 0, 2, 20.85
1747822749, 0, 81, 1142, 1141, 26, 7.92%, 0, 0, 2, 21.06
1747822754, 0, 81, 1143, 1142, 26, 7.92%, 0, 0, 2, 20.48
1747822780, 0, 81, 1144, 1143, 26, 7.92%, 0, 0, 2, 20.49
1747822790, 0, 81, 1145, 1144, 26, 7.97%, 0, 0, 2, 21.17
1747822796, 0, 81, 1146, 1145, 26, 7.97%, 0, 0, 2, 20.85
1747822806, 0, 82, 1146, 1145, 24, 7.97%, 0, 0, 2, 20.40
1747822811, 0, 83, 1146, 1145, 24, 7.97%, 0, 0, 2, 20.73
1747822821, 0, 84, 1146, 1145, 24, 7.97%, 0, 0, 2, 21.10
1747822826, 0, 85, 1146, 1145, 24, 7.97%, 0, 0, 2, 20.99
1747822831, 0, 86, 1146, 1145, 24, 7.97%, 0, 0, 2, 20.59
1747822837, 0, 87, 1146, 1145, 24, 7.97%, 0, 0, 2, 21.12
1747822842, 0, 89, 1146, 1145, 24, 7.97%, 0, 0, 2, 20.71
1747822852, 0, 90, 1147, 1146, 24, 7.97%, 0, 0, 2, 20.40
1747822862, 0, 91, 1147, 1146, 24, 7.97%, 0, 0, 2, 21.09
1747822867, 0, 92, 1147, 1146, 24, 7.97%, 0, 0, 2, 21.07
1747822877, 0, 93, 1147, 1146, 24, 7.97%, 0, 0, 2, 21.67
1747822883, 0, 94, 1147, 1146, 24, 7.97%, 0, 0, 2, 20.73
1747822888, 0, 96, 1147, 1146, 24, 7.97%, 0, 0, 2, 20.56
1747822893, 0, 97, 1147, 1146, 24, 7.97%, 0, 0, 2, 20.83
1747822898, 0, 98, 1147, 1146, 24, 7.97%, 0, 0, 2, 20.70
1747822908, 0, 99, 1148, 1147, 24, 7.97%, 0, 0, 2, 19.63
1747822919, 0, 100, 1148, 1147, 24, 7.97%, 0, 0, 2, 20.45
1747822924, 0, 102, 1148, 1147, 24, 7.97%, 0, 0, 2, 20.85
1747822929, 0, 103, 1148, 1147, 24, 7.97%, 0, 0, 2, 21.88
1747823030, 0, 104, 1148, 1146, 23, 7.97%, 0, 0, 2, 35.48
1747823036, 0, 106, 1148, 1146, 23, 7.97%, 0, 0, 2, 24.37
1747823041, 0, 107, 1148, 1146, 23, 7.97%, 0, 0, 2, 21.14
1747823046, 0, 108, 1148, 1146, 23, 7.97%, 0, 0, 2, 20.22
1747823056, 0, 109, 1148, 1146, 23, 7.97%, 0, 0, 2, 20.65
1747823061, 0, 110, 1148, 1146, 23, 7.97%, 0, 0, 2, 20.47
1747823066, 0, 111, 1148, 1146, 23, 7.97%, 0, 0, 2, 20.71
1747823071, 0, 112, 1148, 1146, 23, 7.97%, 0, 0, 2, 20.51
1747823082, 0, 113, 1148, 1146, 23, 7.97%, 0, 0, 2, 19.72
1747823087, 0, 114, 1148, 1146, 23, 7.97%, 0, 0, 2, 19.87
1747823092, 0, 114, 1149, 1147, 23, 7.97%, 0, 0, 3, 18.78
1747823102, 0, 115, 1149, 1147, 23, 7.97%, 0, 0, 3, 19.52
1747823107, 0, 116, 1150, 1148, 23, 7.97%, 0, 0, 3, 18.62
1747823118, 0, 116, 1151, 1149, 23, 7.97%, 0, 0, 3, 20.01
1747823133, 0, 117, 1151, 1149, 24, 7.97%, 0, 0, 3, 20.95
1747823138, 0, 117, 1152, 1150, 24, 7.97%, 0, 0, 3, 20.86
1747823149, 0, 118, 1152, 1150, 24, 7.97%, 0, 0, 3, 20.90
1747823154, 0, 119, 1152, 1150, 24, 7.97%, 0, 0, 3, 19.60
1747823159, 0, 119, 1153, 1151, 24, 7.97%, 0, 0, 3, 19.29
1747823164, 0, 120, 1153, 1151, 24, 7.97%, 0, 0, 3, 20.04
1747823174, 0, 121, 1153, 1151, 24, 7.97%, 0, 0, 3, 20.81
1747823179, 0, 123, 1153, 1151, 24, 7.97%, 0, 0, 3, 20.46
1747823184, 0, 124, 1154, 1152, 24, 7.97%, 0, 0, 3, 19.55
1747823189, 0, 124, 1155, 1153, 24, 7.97%, 0, 0, 3, 19.70
1747823204, 0, 124, 1156, 1154, 24, 7.97%, 0, 0, 3, 19.53
1747823245, 0, 125, 1156, 1154, 24, 7.97%, 0, 0, 3, 14.17
1747823255, 0, 126, 1156, 1154, 24, 7.97%, 0, 0, 3, 19.89
1747823261, 0, 127, 1156, 1154, 24, 7.97%, 0, 0, 3, 19.94
1747823266, 0, 128, 1156, 1154, 24, 7.97%, 0, 0, 3, 19.60
1747823271, 0, 129, 1156, 1154, 24, 7.97%, 0, 0, 3, 19.99
1747823281, 0, 130, 1156, 1154, 24, 7.97%, 0, 0, 3, 20.48
1747823286, 0, 132, 1156, 1154, 24, 7.97%, 0, 0, 3, 21.45
1747823291, 0, 133, 1156, 1154, 24, 7.97%, 0, 0, 3, 20.63
1747823296, 0, 134, 1156, 1154, 24, 7.97%, 0, 0, 3, 20.44
1747823307, 0, 135, 1156, 1154, 24, 7.97%, 0, 0, 3, 20.60
1747823312, 0, 136, 1156, 1154, 24, 7.97%, 0, 0, 3, 20.61
1747823317, 0, 137, 1156, 1154, 24, 7.97%, 0, 0, 3, 20.80
1747823322, 0, 139, 1156, 1154, 24, 7.97%, 0, 0, 3, 20.86
1747823327, 0, 140, 1156, 1154, 24, 7.97%, 0, 0, 3, 20.34
1747823337, 0, 141, 1156, 1154, 24, 7.97%, 0, 0, 3, 19.89
1747823342, 0, 142, 1156, 1154, 24, 7.97%, 0, 0, 3, 20.17
1747823347, 0, 143, 1156, 1154, 24, 7.97%, 0, 0, 3, 19.69
1747823353, 0, 144, 1156, 1154, 24, 7.97%, 0, 0, 3, 20.69
1747823358, 0, 144, 1157, 1155, 24, 7.97%, 0, 0, 3, 19.33
1747823363, 0, 144, 1158, 1156, 24, 7.97%, 0, 0, 3, 19.64
1747823373, 0, 144, 1159, 1157, 24, 7.97%, 0, 0, 3, 20.15
1747823378, 0, 144, 1160, 1158, 24, 7.97%, 0, 0, 3, 16.33
1747823383, 0, 144, 1161, 1159, 24, 7.97%, 0, 0, 3, 12.97
1747823404, 0, 144, 1162, 1160, 24, 7.97%, 0, 0, 3, 11.65
1747823440, 0, 144, 1163, 1161, 24, 7.97%, 0, 0, 3, 12.24
1747823450, 0, 144, 1164, 1162, 24, 7.97%, 0, 0, 3, 12.28
1747823455, 0, 144, 1165, 1163, 24, 7.97%, 0, 0, 3, 12.27
1747823522, 0, 144, 1166, 1164, 24, 7.97%, 0, 0, 3, 12.24
1747823537, 0, 144, 1167, 1165, 24, 7.97%, 0, 0, 3, 12.05
1747823639, 0, 144, 1168, 1166, 24, 7.97%, 0, 0, 3, 12.31
1747823680, 0, 145, 1168, 1166, 24, 7.97%, 0, 0, 3, 12.67
1747823691, 0, 146, 1168, 1166, 24, 7.97%, 0, 0, 3, 12.27
1747823701, 0, 147, 1168, 1166, 24, 7.97%, 0, 0, 3, 12.35
1747823711, 0, 147, 1169, 1167, 24, 7.97%, 0, 0, 3, 12.20
1747823721, 0, 148, 1169, 1167, 24, 7.97%, 0, 0, 3, 12.38
1747823731, 0, 149, 1169, 1167, 24, 7.97%, 0, 0, 3, 12.69
1747823742, 0, 149, 1170, 1168, 24, 7.97%, 0, 0, 3, 12.96
1747823752, 0, 150, 1170, 1168, 24, 7.97%, 0, 0, 3, 13.24
1747823762, 0, 151, 1170, 1168, 24, 7.97%, 0, 0, 3, 12.79
1747823772, 0, 153, 1170, 1168, 24, 7.97%, 0, 0, 3, 13.78
1747823782, 0, 154, 1170, 1168, 24, 7.97%, 0, 0, 3, 13.11
1747823792, 0, 155, 1170, 1168, 24, 7.97%, 0, 0, 3, 12.37
1747823802, 0, 156, 1170, 1168, 24, 7.97%, 0, 0, 3, 12.05
1747823812, 0, 157, 1170, 1168, 24, 7.97%, 0, 0, 3, 12.21
1747823817, 0, 157, 1171, 1169, 24, 7.97%, 0, 0, 3, 12.37
1747823828, 0, 157, 1173, 1171, 24, 7.98%, 0, 0, 3, 12.16
1747823833, 0, 157, 1174, 1172, 24, 7.98%, 0, 0, 3, 11.57
1747823899, 0, 157, 1175, 1173, 24, 7.98%, 0, 0, 3, 12.25
1747823925, 0, 157, 1176, 1174, 24, 7.98%, 0, 0, 3, 11.92
1747823955, 0, 157, 1177, 1175, 24, 7.98%, 0, 0, 3, 12.39
1747823991, 0, 157, 1178, 1176, 24, 7.98%, 0, 0, 3, 11.97
1747824072, 0, 157, 1179, 1177, 24, 7.98%, 0, 0, 3, 11.69
1747824088, 0, 157, 1180, 1178, 24, 7.98%, 0, 0, 3, 11.21
1747824159, 0, 158, 1180, 1178, 25, 7.98%, 0, 0, 3, 12.48
1747824169, 0, 159, 1180, 1178, 25, 7.98%, 0, 0, 3, 12.74
1747824179, 0, 160, 1180, 1178, 25, 7.98%, 0, 0, 3, 13.02
1747824190, 0, 161, 1180, 1178, 25, 7.98%, 0, 0, 3, 13.35
1747824200, 0, 164, 1180, 1178, 25, 7.98%, 0, 0, 3, 12.49
1747824210, 0, 164, 1181, 1179, 25, 7.98%, 0, 0, 3, 12.15
1747824215, 0, 164, 1182, 1180, 25, 8.00%, 0, 0, 3, 12.08
1747824231, 0, 164, 1184, 1182, 25, 8.00%, 0, 0, 3, 11.89
1747824246, 0, 164, 1185, 1183, 25, 8.00%, 0, 0, 3, 11.74
1747824257, 0, 164, 1186, 1184, 25, 8.00%, 0, 0, 3, 11.80
1747824344, 0, 164, 1187, 1185, 25, 8.00%, 0, 0, 3, 11.16
1747824426, 0, 164, 1188, 1186, 25, 8.00%, 0, 0, 3, 11.13
1747824457, 0, 164, 1189, 1187, 25, 8.00%, 0, 0, 3, 10.95
1747824462, 0, 164, 1191, 1189, 25, 8.00%, 0, 0, 3, 10.64
1747824523, 0, 164, 1192, 1190, 25, 8.00%, 0, 0, 3, 11.42
1747824553, 0, 165, 1192, 1190, 26, 8.00%, 0, 0, 3, 12.50
1747824563, 0, 166, 1192, 1190, 26, 8.00%, 0, 0, 3, 12.96
1747824574, 0, 168, 1192, 1190, 26, 8.00%, 0, 0, 3, 12.26
1747824584, 0, 169, 1192, 1190, 26, 8.00%, 0, 0, 3, 12.86
1747824594, 0, 170, 1192, 1190, 26, 8.00%, 0, 0, 3, 13.16
1747824605, 0, 171, 1193, 1191, 26, 8.00%, 0, 0, 3, 11.93
1747824625, 0, 172, 1193, 1191, 26, 8.00%, 0, 0, 3, 12.44
1747824635, 0, 173, 1193, 1191, 26, 8.00%, 0, 0, 3, 12.56
1747824645, 0, 174, 1193, 1191, 26, 8.00%, 0, 0, 3, 12.30
1747824656, 0, 175, 1193, 1191, 26, 8.00%, 0, 0, 3, 12.71
1747824666, 0, 176, 1193, 1191, 26, 8.00%, 0, 0, 3, 12.38
1747824676, 0, 177, 1193, 1191, 26, 8.00%, 0, 0, 3, 12.86
1747824686, 0, 180, 1193, 1191, 26, 8.00%, 0, 0, 3, 13.04
1747824697, 0, 181, 1193, 1191, 26, 8.00%, 0, 0, 3, 12.89
1747824707, 0, 182, 1193, 1191, 26, 8.00%, 0, 0, 3, 12.46
1747824717, 0, 183, 1193, 1191, 26, 8.00%, 0, 0, 3, 12.79
1747824728, 0, 185, 1193, 1191, 26, 8.00%, 0, 0, 3, 12.29
1747824738, 0, 186, 1193, 1191, 26, 8.00%, 0, 0, 3, 13.06
1747824748, 0, 187, 1193, 1191, 26, 8.00%, 0, 0, 3, 12.64
1747824758, 0, 188, 1193, 1191, 26, 8.00%, 0, 0, 3, 12.79
1747824769, 0, 189, 1193, 1191, 26, 8.00%, 0, 0, 3, 12.49
1747824779, 0, 190, 1193, 1191, 26, 8.00%, 0, 0, 3, 12.08
1747824789, 0, 191, 1194, 1192, 26, 8.21%, 0, 0, 3, 12.14
1747824810, 0, 196, 1194, 1192, 27, 8.21%, 0, 0, 3, 13.11
1747824820, 0, 197, 1194, 1192, 27, 8.21%, 0, 0, 3, 12.27
1747824825, 0, 197, 1195, 1193, 27, 8.21%, 0, 0, 3, 12.08
1747824840, 0, 198, 1195, 1193, 27, 8.21%, 0, 0, 3, 11.65
1747824850, 0, 199, 1195, 1193, 27, 8.21%, 0, 0, 3, 13.19
1747824861, 0, 202, 1195, 1193, 27, 8.21%, 0, 0, 3, 13.01
1747824871, 0, 204, 1195, 1193, 27, 8.21%, 0, 0, 3, 12.97
1747824881, 0, 205, 1195, 1193, 27, 8.21%, 0, 0, 3, 12.57
1747824892, 0, 206, 1195, 1193, 27, 8.21%, 0, 0, 3, 12.96
1747824902, 0, 207, 1195, 1193, 27, 8.21%, 0, 0, 3, 12.48
1747824912, 0, 209, 1195, 1193, 27, 8.21%, 0, 0, 3, 12.52
1747824922, 0, 211, 1195, 1193, 27, 8.21%, 0, 0, 3, 13.03
1747824932, 0, 212, 1195, 1193, 27, 8.21%, 0, 0, 3, 12.08
1747824943, 0, 214, 1195, 1193, 27, 8.21%, 0, 0, 3, 12.66
1747824953, 0, 215, 1195, 1193, 27, 8.21%, 0, 0, 3, 12.46
1747824963, 0, 217, 1195, 1193, 27, 8.21%, 0, 0, 3, 12.71
1747824973, 0, 219, 1195, 1193, 27, 8.21%, 0, 0, 3, 11.38
1747824983, 0, 220, 1195, 1193, 27, 8.21%, 0, 0, 3, 12.09
1747824994, 0, 221, 1195, 1193, 27, 8.21%, 0, 0, 3, 12.54
1747825004, 0, 221, 1196, 1194, 27, 8.21%, 0, 0, 3, 11.26
1747825014, 0, 221, 1197, 1195, 27, 8.21%, 0, 0, 3, 11.62
1747825035, 0, 222, 1197, 1195, 27, 8.21%, 0, 0, 3, 12.25
1747825045, 0, 223, 1197, 1195, 27, 8.21%, 0, 0, 3, 13.30
1747825056, 0, 225, 1197, 1195, 27, 8.21%, 0, 0, 3, 12.73
1747825066, 0, 226, 1197, 1195, 27, 8.21%, 0, 0, 3, 12.66
1747825076, 0, 229, 1197, 1195, 27, 8.21%, 0, 0, 3, 13.14
1747825086, 0, 230, 1197, 1195, 27, 8.21%, 0, 0, 3, 13.05
1747825097, 0, 233, 1197, 1195, 27, 8.21%, 0, 0, 3, 11.81
1747825107, 0, 234, 1197, 1195, 27, 8.21%, 0, 0, 3, 12.78
1747825112, 0, 234, 1198, 1196, 27, 8.22%, 0, 0, 3, 12.48
1747825127, 0, 235, 1198, 1196, 27, 8.22%, 0, 0, 3, 12.35
1747825137, 0, 236, 1198, 1196, 27, 8.22%, 0, 0, 3, 12.37
1747825148, 0, 238, 1198, 1196, 27, 8.22%, 0, 0, 3, 12.92
1747825158, 0, 239, 1198, 1196, 27, 8.22%, 0, 0, 3, 12.75
1747825163, 0, 239, 1199, 1197, 27, 8.22%, 0, 0, 3, 11.53
1747825179, 0, 241, 1199, 1197, 27, 8.22%, 0, 0, 3, 12.46
1747825189, 0, 242, 1199, 1197, 27, 8.22%, 0, 0, 3, 12.55
1747825194, 0, 242, 1201, 1199, 27, 8.22%, 0, 0, 3, 11.29
1747825235, 0, 244, 1201, 1199, 27, 8.22%, 0, 0, 3, 11.92
1747825245, 0, 246, 1201, 1199, 27, 8.22%, 0, 0, 3, 12.26
1747825255, 0, 247, 1201, 1199, 27, 8.22%, 0, 0, 3, 12.03
1747825266, 0, 248, 1201, 1199, 27, 8.22%, 0, 0, 3, 12.63
1747825276, 0, 249, 1201, 1199, 27, 8.22%, 0, 0, 3, 12.58
1747825286, 0, 250, 1201, 1199, 27, 8.22%, 0, 0, 3, 12.22
1747825297, 0, 250, 1202, 1200, 27, 8.22%, 0, 0, 3, 12.45
1747825312, 0, 251, 1202, 1200, 27, 8.22%, 0, 0, 3, 13.23
1747825317, 0, 252, 1202, 1200, 27, 8.22%, 0, 0, 3, 13.16
1747825328, 0, 253, 1202, 1200, 27, 8.22%, 0, 0, 3, 12.82
1747825338, 0, 253, 1203, 1201, 27, 8.22%, 0, 0, 3, 11.11
1747825353, 0, 254, 1203, 1201, 27, 8.22%, 0, 0, 3, 12.29
1747825363, 0, 255, 1203, 1201, 27, 8.22%, 0, 0, 3, 12.35
1747825374, 0, 256, 1203, 1201, 27, 8.22%, 0, 0, 3, 12.96
1747825379, 0, 257, 1203, 1201, 27, 8.22%, 0, 0, 3, 13.24
1747825389, 0, 259, 1203, 1201, 27, 8.22%, 0, 0, 3, 12.34
1747825400, 0, 260, 1203, 1201, 27, 8.22%, 0, 0, 3, 12.64
1747825410, 0, 262, 1203, 1201, 27, 8.22%, 0, 0, 3, 12.59
1747825420, 0, 263, 1203, 1201, 27, 8.22%, 0, 0, 3, 13.22
1747825431, 0, 265, 1203, 1201, 27, 8.22%, 0, 0, 3, 12.81
1747825441, 0, 265, 1204, 1202, 27, 8.22%, 0, 0, 3, 11.53
1747825456, 0, 267, 1204, 1202, 27, 8.22%, 0, 0, 3, 12.25
1747825467, 0, 268, 1204, 1202, 27, 8.22%, 0, 0, 3, 12.17
1747825477, 0, 269, 1204, 1202, 27, 8.22%, 0, 0, 3, 13.21
1747825482, 0, 270, 1204, 1202, 27, 8.22%, 0, 0, 3, 13.30
1747825497, 0, 271, 1204, 1202, 27, 8.22%, 0, 0, 3, 12.58
1747825507, 0, 272, 1204, 1202, 27, 8.22%, 0, 0, 3, 13.17
1747825512, 0, 273, 1204, 1202, 27, 8.22%, 0, 0, 3, 13.39
1747825523, 0, 274, 1204, 1202, 27, 8.22%, 0, 0, 3, 12.49
1747825533, 0, 275, 1204, 1202, 27, 8.22%, 0, 0, 3, 13.32
1747825543, 0, 276, 1204, 1202, 27, 8.22%, 0, 0, 3, 12.95
1747825554, 0, 276, 1205, 1203, 27, 8.22%, 0, 0, 3, 11.92
1747825569, 0, 277, 1205, 1203, 27, 8.22%, 0, 0, 3, 12.66
1747825579, 0, 278, 1205, 1203, 27, 8.22%, 0, 0, 3, 12.73
1747825590, 0, 280, 1205, 1203, 27, 8.22%, 0, 0, 3, 12.97
1747825600, 0, 282, 1205, 1203, 27, 8.22%, 0, 0, 3, 13.15
1747825605, 0, 283, 1205, 1203, 27, 8.22%, 0, 0, 3, 12.99
1747825616, 0, 283, 1206, 1204, 27, 8.22%, 0, 0, 3, 12.10
1747825631, 0, 284, 1206, 1204, 27, 8.22%, 0, 0, 3, 12.26
1747825641, 0, 285, 1206, 1204, 27, 8.22%, 0, 0, 3, 11.84
1747825651, 0, 286, 1206, 1204, 27, 8.22%, 0, 0, 3, 11.96
1747825657, 0, 286, 1207, 1205, 27, 8.22%, 0, 0, 3, 11.84
1747825672, 0, 290, 1207, 1205, 27, 8.22%, 0, 0, 3, 12.58
1747825677, 0, 290, 1208, 1206, 27, 8.22%, 0, 0, 3, 12.65
1747825682, 0, 290, 1209, 1207, 27, 8.22%, 0, 0, 3, 12.62
1747825713, 0, 291, 1209, 1207, 27, 8.22%, 0, 0, 3, 13.02
1747825723, 0, 292, 1209, 1207, 27, 8.22%, 0, 0, 3, 12.38
1747825734, 0, 293, 1209, 1207, 27, 8.22%, 0, 0, 3, 12.73
1747825744, 0, 294, 1209, 1207, 27, 8.22%, 0, 0, 3, 12.92
1747825754, 0, 295, 1209, 1207, 27, 8.22%, 0, 0, 3, 12.29
1747825765, 0, 297, 1209, 1207, 27, 8.22%, 0, 0, 3, 20.62
1747826543, 0, 297, 1210, 1208, 27, 8.22%, 0, 0, 3, 27.45
1747826573, 0, 298, 1210, 1207, 27, 8.22%, 0, 0, 3, 22.25
1747826583, 0, 299, 1210, 1207, 27, 8.22%, 0, 0, 3, 12.83
1747826593, 0, 300, 1210, 1207, 27, 8.22%, 0, 0, 3, 12.92
1747826603, 0, 301, 1210, 1207, 27, 8.22%, 0, 0, 3, 12.33
1747826614, 0, 302, 1210, 1207, 27, 8.22%, 0, 0, 3, 12.11
1747826624, 0, 303, 1210, 1207, 27, 8.22%, 0, 0, 3, 11.93
1747826635, 0, 304, 1210, 1207, 27, 8.22%, 0, 0, 3, 12.80
1747826640, 0, 304, 1211, 1208, 27, 8.22%, 0, 0, 3, 12.34
1747826655, 0, 305, 1211, 1208, 27, 8.22%, 0, 0, 3, 12.69
1747826666, 0, 306, 1211, 1208, 27, 8.22%, 0, 0, 3, 12.98
1747826676, 0, 307, 1211, 1208, 27, 8.22%, 0, 0, 3, 12.40
1747826681, 0, 307, 1212, 1209, 27, 8.22%, 0, 0, 3, 11.47
1747826696, 0, 308, 1212, 1209, 27, 8.22%, 0, 0, 3, 11.39
1747826706, 0, 309, 1212, 1209, 27, 8.22%, 0, 0, 3, 13.43
1747826717, 0, 310, 1212, 1209, 27, 8.22%, 0, 0, 3, 12.93
1747826727, 0, 312, 1212, 1209, 27, 8.22%, 0, 0, 3, 12.65
1747826737, 0, 313, 1212, 1209, 27, 8.22%, 0, 0, 3, 17.56
1747826742, 0, 314, 1212, 1209, 27, 8.22%, 0, 0, 3, 19.70
1747826752, 0, 315, 1212, 1209, 27, 8.22%, 0, 0, 3, 20.08
1747826757, 0, 316, 1212, 1209, 27, 8.22%, 0, 0, 3, 20.53
1747826763, 0, 316, 1213, 1210, 27, 8.22%, 0, 0, 3, 19.44
1747826768, 0, 318, 1213, 1210, 27, 8.22%, 0, 0, 3, 19.21
1747826773, 0, 318, 1214, 1211, 27, 8.22%, 0, 0, 3, 20.64
1747826783, 0, 319, 1214, 1211, 27, 8.22%, 0, 0, 3, 20.89
1747826788, 0, 321, 1214, 1211, 27, 8.22%, 0, 0, 3, 20.94
1747826793, 0, 323, 1214, 1211, 27, 8.22%, 0, 0, 3, 20.31
1747826804, 0, 324, 1214, 1211, 27, 8.22%, 0, 0, 3, 20.72
1747826809, 0, 325, 1214, 1211, 27, 8.22%, 0, 0, 3, 19.91
1747826814, 0, 326, 1214, 1211, 27, 8.22%, 0, 0, 3, 20.11
1747826819, 0, 327, 1214, 1211, 27, 8.22%, 0, 0, 3, 20.48
1747826829, 0, 328, 1214, 1211, 27, 8.22%, 0, 0, 3, 20.34
1747826834, 0, 329, 1214, 1211, 27, 8.22%, 0, 0, 3, 20.59
1747826839, 0, 330, 1214, 1211, 27, 8.22%, 0, 0, 3, 19.70
1747826844, 0, 330, 1215, 1212, 27, 8.22%, 0, 0, 3, 18.66
1747826855, 0, 331, 1215, 1212, 26, 8.22%, 0, 0, 3, 20.02
1747826860, 0, 334, 1215, 1212, 26, 8.22%, 0, 0, 3, 20.76
1747826865, 0, 335, 1215, 1212, 26, 8.22%, 0, 0, 3, 19.89
1747826875, 0, 336, 1216, 1213, 26, 8.23%, 0, 0, 3, 20.21
1747826885, 0, 338, 1216, 1213, 24, 8.23%, 0, 0, 3, 19.66
1747826890, 0, 339, 1216, 1213, 24, 8.23%, 0, 0, 3, 19.98
1747826900, 0, 340, 1216, 1213, 24, 8.23%, 0, 0, 3, 20.58
1747826906, 0, 341, 1216, 1213, 24, 8.23%, 0, 0, 3, 20.33
1747826911, 0, 342, 1216, 1213, 24, 8.23%, 0, 0, 3, 19.84
1747826916, 0, 342, 1218, 1215, 24, 8.23%, 0, 0, 3, 20.31
1747826921, 0, 342, 1219, 1216, 24, 8.23%, 0, 0, 3, 20.83
1747826936, 0, 342, 1220, 1217, 24, 8.23%, 0, 0, 3, 20.10
1747826946, 0, 342, 1221, 1218, 24, 8.23%, 0, 0, 3, 20.45
1747826987, 0, 342, 1222, 1219, 24, 8.23%, 0, 0, 3, 21.20
1747827023, 0, 342, 1223, 1220, 24, 8.23%, 0, 0, 3, 20.23
1747827105, 0, 342, 1224, 1221, 24, 8.23%, 0, 0, 3, 20.27
1747827115, 0, 343, 1225, 1222, 24, 8.23%, 0, 0, 3, 20.49
1747827125, 0, 343, 1226, 1223, 24, 8.23%, 0, 0, 3, 19.52
1747827141, 0, 344, 1226, 1223, 24, 8.23%, 0, 0, 3, 20.34
1747827146, 0, 345, 1226, 1223, 24, 8.23%, 0, 0, 3, 20.97
1747827151, 0, 346, 1226, 1223, 24, 8.23%, 0, 0, 3, 20.22
1747827156, 0, 348, 1226, 1223, 24, 8.23%, 0, 0, 3, 20.42
1747827161, 0, 349, 1226, 1223, 24, 8.23%, 0, 0, 3, 19.85
1747827172, 0, 351, 1226, 1223, 24, 8.23%, 0, 0, 3, 20.36
1747827177, 0, 352, 1226, 1223, 24, 8.23%, 0, 0, 3, 20.68
1747827182, 0, 354, 1226, 1223, 24, 8.23%, 0, 0, 3, 21.27
1747827187, 0, 356, 1226, 1223, 24, 8.23%, 0, 0, 3, 20.40
1747827197, 0, 358, 1226, 1223, 24, 8.23%, 0, 0, 3, 20.08
1747827202, 0, 359, 1226, 1223, 24, 8.23%, 0, 0, 3, 19.63
1747827207, 0, 360, 1226, 1223, 24, 8.23%, 0, 0, 3, 20.27
1747827212, 0, 361, 1226, 1223, 24, 8.23%, 0, 0, 3, 21.12
1747827218, 0, 362, 1226, 1223, 24, 8.23%, 0, 0, 3, 19.68
1747827228, 0, 363, 1226, 1223, 24, 8.23%, 0, 0, 3, 19.74
1747827233, 0, 364, 1226, 1223, 24, 8.23%, 0, 0, 3, 19.92
1747827238, 0, 366, 1226, 1223, 24, 8.23%, 0, 0, 3, 19.39
1747827248, 0, 367, 1226, 1223, 24, 8.23%, 0, 0, 3, 12.86
1747827259, 0, 368, 1226, 1223, 24, 8.23%, 0, 0, 3, 11.92
1747827269, 0, 370, 1226, 1223, 24, 8.23%, 0, 0, 3, 11.66
1747827279, 0, 371, 1226, 1223, 24, 8.23%, 0, 0, 3, 12.22
1747827289, 0, 372, 1226, 1223, 24, 8.23%, 0, 0, 3, 12.25
1747827299, 0, 373, 1226, 1223, 24, 8.23%, 0, 0, 3, 12.14
1747827304, 0, 373, 1227, 1224, 24, 8.23%, 0, 0, 3, 11.18
1747827325, 0, 374, 1227, 1224, 24, 8.23%, 0, 0, 3, 11.60
1747827335, 0, 376, 1227, 1224, 24, 8.23%, 0, 0, 3, 11.38
1747827345, 0, 377, 1227, 1224, 24, 8.23%, 0, 0, 3, 11.42
1747827355, 0, 379, 1227, 1224, 24, 8.23%, 0, 0, 3, 11.45
1747827366, 0, 380, 1227, 1224, 24, 8.23%, 0, 0, 3, 12.42
1747827376, 0, 381, 1227, 1224, 24, 8.23%, 0, 0, 3, 12.05
1747827391, 0, 383, 1227, 1224, 24, 8.23%, 0, 0, 3, 12.51
1747827401, 0, 384, 1227, 1224, 24, 8.23%, 0, 0, 3, 11.81
1747827412, 0, 385, 1227, 1224, 24, 8.23%, 0, 0, 3, 12.65
1747827422, 0, 386, 1227, 1224, 24, 8.23%, 0, 0, 3, 11.99
1747827432, 0, 387, 1227, 1224, 24, 8.23%, 0, 0, 3, 12.29
1747827442, 0, 388, 1227, 1224, 24, 8.23%, 0, 0, 3, 11.69
1747827452, 0, 390, 1227, 1224, 24, 8.23%, 0, 0, 3, 12.37
1747827463, 0, 391, 1227, 1224, 24, 8.23%, 0, 0, 3, 12.54
1747827468, 0, 391, 1228, 1225, 24, 8.23%, 0, 0, 3, 12.32
1747827473, 0, 391, 1229, 1226, 24, 8.24%, 0, 0, 3, 12.29
1747827503, 0, 392, 1229, 1226, 25, 8.24%, 0, 0, 3, 12.38
1747827514, 0, 394, 1229, 1226, 25, 8.24%, 0, 0, 3, 12.90
1747827524, 0, 395, 1229, 1226, 25, 8.24%, 0, 0, 3, 12.04
1747827534, 0, 397, 1229, 1226, 25, 8.24%, 0, 0, 3, 12.81
1747827544, 0, 398, 1229, 1226, 25, 8.24%, 0, 0, 3, 12.54
1747827554, 0, 399, 1229, 1226, 25, 8.24%, 0, 0, 3, 12.51
1747827565, 0, 400, 1230, 1227, 25, 8.24%, 0, 0, 3, 11.91
1747827590, 0, 402, 1230, 1227, 25, 8.24%, 0, 0, 3, 11.84
1747827601, 0, 403, 1230, 1227, 25, 8.24%, 0, 0, 3, 12.24
1747827611, 0, 404, 1230, 1227, 25, 8.24%, 0, 0, 3, 13.10
1747827621, 0, 405, 1230, 1227, 25, 8.24%, 0, 0, 3, 12.34
1747827631, 0, 406, 1230, 1227, 25, 8.24%, 0, 0, 3, 12.62
1747827642, 0, 407, 1230, 1227, 25, 8.24%, 0, 0, 3, 12.32
1747827652, 0, 408, 1230, 1227, 25, 8.24%, 0, 0, 3, 12.30
1747827662, 0, 410, 1230, 1227, 25, 8.24%, 0, 0, 3, 12.59
1747827672, 0, 412, 1230, 1227, 25, 8.24%, 0, 0, 3, 12.13
1747827682, 0, 413, 1230, 1227, 25, 8.24%, 0, 0, 3, 12.36
1747827693, 0, 414, 1230, 1227, 25, 8.24%, 0, 0, 3, 12.31
1747827703, 0, 415, 1230, 1227, 25, 8.24%, 0, 0, 3, 12.01
1747827713, 0, 416, 1230, 1227, 25, 8.24%, 0, 0, 3, 11.66
1747827723, 0, 417, 1230, 1227, 25, 8.24%, 0, 0, 3, 12.56
1747827733, 0, 418, 1230, 1227, 25, 8.24%, 0, 0, 3, 12.68
1747827744, 0, 420, 1230, 1227, 25, 8.24%, 0, 0, 3, 12.14
1747827754, 0, 421, 1230, 1227, 25, 8.24%, 0, 0, 3, 12.49
1747827764, 0, 422, 1230, 1227, 25, 8.24%, 0, 0, 3, 12.94
1747827774, 0, 423, 1230, 1227, 25, 8.24%, 0, 0, 3, 12.03
1747827785, 0, 424, 1230, 1227, 25, 8.24%, 0, 0, 3, 12.37
1747827795, 0, 425, 1230, 1227, 25, 8.24%, 0, 0, 3, 11.80
1747827805, 0, 426, 1230, 1227, 25, 8.24%, 0, 0, 3, 12.41
1747827815, 0, 429, 1230, 1227, 25, 8.24%, 0, 0, 3, 12.26
1747827821, 0, 429, 1231, 1228, 25, 8.24%, 0, 0, 3, 11.85
1747827841, 0, 430, 1231, 1228, 25, 8.24%, 0, 0, 3, 11.91
1747827852, 0, 431, 1231, 1228, 25, 8.24%, 0, 0, 3, 12.54
1747827862, 0, 432, 1231, 1228, 25, 8.24%, 0, 0, 3, 12.48
1747827872, 0, 433, 1232, 1229, 25, 8.24%, 0, 0, 3, 12.38
1747827877, 0, 433, 1233, 1230, 25, 8.24%, 0, 0, 3, 12.52
1747827903, 0, 433, 1234, 1231, 25, 8.24%, 0, 0, 3, 11.89
1747827933, 0, 433, 1235, 1232, 25, 8.24%, 0, 0, 3, 12.07
1747828036, 0, 436, 1235, 1232, 25, 8.24%, 0, 0, 3, 12.12
1747828046, 0, 437, 1235, 1232, 25, 8.24%, 0, 0, 3, 12.66
1747828056, 0, 439, 1235, 1232, 25, 8.24%, 0, 0, 3, 12.24
1747828071, 0, 440, 1235, 1232, 25, 8.24%, 0, 0, 3, 13.62
1747828076, 0, 441, 1235, 1232, 25, 8.24%, 0, 0, 3, 12.93
1747828087, 0, 442, 1235, 1232, 25, 8.24%, 0, 0, 3, 12.65
1747828097, 0, 443, 1235, 1232, 25, 8.24%, 0, 0, 3, 12.69
1747828107, 0, 445, 1235, 1232, 25, 8.24%, 0, 0, 3, 12.84
1747828118, 0, 446, 1235, 1232, 25, 8.24%, 0, 0, 3, 12.04
1747828128, 0, 447, 1235, 1232, 25, 8.24%, 0, 0, 3, 12.13
1747828138, 0, 448, 1235, 1232, 25, 8.24%, 0, 0, 3, 12.38
1747828148, 0, 449, 1235, 1232, 25, 8.24%, 0, 0, 3, 12.75
1747828159, 0, 451, 1235, 1232, 25, 8.24%, 0, 0, 3, 12.60
1747828169, 0, 452, 1235, 1232, 25, 8.24%, 0, 0, 3, 12.22
1747828179, 0, 453, 1235, 1232, 25, 8.24%, 0, 0, 3, 12.97
1747828190, 0, 455, 1235, 1232, 25, 8.24%, 0, 0, 3, 11.98
1747828200, 0, 456, 1235, 1232, 25, 8.24%, 0, 0, 3, 11.53
1747828210, 0, 457, 1235, 1232, 25, 8.24%, 0, 0, 3, 11.98
1747828220, 0, 458, 1235, 1232, 25, 8.24%, 0, 0, 3, 12.71
1747828236, 0, 459, 1235, 1232, 25, 8.24%, 0, 0, 3, 11.88
1747828246, 0, 461, 1235, 1232, 25, 8.24%, 0, 0, 3, 12.41
1747828251, 0, 462, 1235, 1232, 25, 8.24%, 0, 0, 3, 12.99
1747828267, 0, 463, 1235, 1232, 25, 8.24%, 0, 0, 3, 12.27
1747828277, 0, 464, 1235, 1232, 25, 8.24%, 0, 0, 3, 11.78
1747828287, 0, 465, 1235, 1232, 25, 8.24%, 0, 0, 3, 13.00
1747828298, 0, 466, 1235, 1232, 25, 8.24%, 0, 0, 3, 12.32
1747828308, 0, 467, 1235, 1232, 25, 8.24%, 0, 0, 3, 12.43
1747828318, 0, 468, 1235, 1232, 25, 8.24%, 0, 0, 3, 11.89
1747828328, 0, 470, 1236, 1233, 25, 8.24%, 0, 0, 3, 11.88
1747828348, 0, 472, 1236, 1233, 25, 8.24%, 0, 0, 3, 12.56
1747828359, 0, 473, 1236, 1233, 25, 8.24%, 0, 0, 3, 12.90
1747828369, 0, 474, 1236, 1233, 25, 8.24%, 0, 0, 3, 12.40
1747828379, 0, 475, 1236, 1233, 25, 8.24%, 0, 0, 3, 12.39
1747828389, 0, 476, 1236, 1233, 25, 8.24%, 0, 0, 3, 12.23
1747828400, 0, 477, 1236, 1233, 25, 8.24%, 0, 0, 3, 12.26
1747828410, 0, 478, 1236, 1233, 25, 8.24%, 0, 0, 3, 12.95
1747828420, 0, 480, 1236, 1233, 25, 8.24%, 0, 0, 3, 12.70
1747828431, 0, 480, 1237, 1234, 25, 8.24%, 0, 0, 3, 12.22
1747828441, 0, 482, 1237, 1234, 25, 8.24%, 0, 0, 3, 12.33
1747828451, 0, 483, 1237, 1234, 25, 8.24%, 0, 0, 3, 13.43
1747828461, 0, 484, 1237, 1234, 25, 8.24%, 0, 0, 3, 12.70
1747828471, 0, 486, 1237, 1234, 25, 8.24%, 0, 0, 3, 12.42
1747828481, 0, 487, 1237, 1234, 25, 8.24%, 0, 0, 3, 12.43
1747828491, 0, 488, 1237, 1234, 25, 8.24%, 0, 0, 3, 12.11
1747828507, 0, 489, 1237, 1234, 25, 8.24%, 0, 0, 3, 12.08
1747828517, 0, 490, 1237, 1234, 25, 8.24%, 0, 0, 3, 12.35
1747828527, 0, 491, 1237, 1234, 25, 8.24%, 0, 0, 3, 12.62
1747828533, 0, 491, 1238, 1235, 25, 8.24%, 0, 0, 3, 12.55
1747828548, 0, 492, 1238, 1235, 25, 8.24%, 0, 0, 3, 12.51
1747828558, 0, 493, 1238, 1235, 25, 8.24%, 0, 0, 3, 12.27
1747828568, 0, 494, 1238, 1235, 25, 8.24%, 0, 0, 3, 11.89
1747828579, 0, 495, 1238, 1235, 25, 8.24%, 0, 0, 3, 12.20
1747828589, 0, 496, 1238, 1235, 25, 8.24%, 0, 0, 3, 12.06
1747828599, 0, 497, 1238, 1235, 25, 8.24%, 0, 0, 3, 12.43
1747828609, 0, 498, 1238, 1235, 25, 8.24%, 0, 0, 3, 11.71
1747828614, 0, 498, 1239, 1236, 25, 8.24%, 0, 0, 3, 11.82
1747828630, 0, 499, 1239, 1236, 25, 8.24%, 0, 0, 3, 12.56
1747828635, 0, 499, 1240, 1237, 25, 8.24%, 0, 0, 3, 12.42
1747828650, 0, 500, 1240, 1237, 25, 8.24%, 0, 0, 3, 12.67
1747828661, 0, 501, 1240, 1237, 25, 8.24%, 0, 0, 3, 12.24
1747828671, 0, 502, 1240, 1237, 25, 8.24%, 0, 0, 3, 12.59
1747828681, 0, 503, 1240, 1237, 25, 8.24%, 0, 0, 3, 11.96
1747828692, 0, 504, 1240, 1237, 25, 8.24%, 0, 0, 3, 13.05
1747828702, 0, 505, 1240, 1237, 25, 8.24%, 0, 0, 3, 13.01
1747828712, 0, 507, 1240, 1237, 25, 8.24%, 0, 0, 3, 12.41
1747828722, 0, 508, 1240, 1237, 25, 8.24%, 0, 0, 3, 12.68
1747828732, 0, 509, 1240, 1237, 25, 8.24%, 0, 0, 3, 11.83
1747828743, 0, 511, 1240, 1237, 25, 8.24%, 0, 0, 3, 11.62
1747828748, 0, 511, 1241, 1238, 25, 8.24%, 0, 0, 3, 11.56
1747828768, 0, 512, 1241, 1238, 25, 8.24%, 0, 0, 3, 12.61
1747828774, 0, 514, 1241, 1238, 25, 8.24%, 0, 0, 3, 13.04
1747828789, 0, 515, 1241, 1238, 25, 8.24%, 0, 0, 3, 12.12
1747828799, 0, 517, 1241, 1238, 25, 8.24%, 0, 0, 3, 12.03
1747828809, 0, 518, 1241, 1238, 25, 8.24%, 0, 0, 3, 12.13
1747828820, 0, 519, 1241, 1238, 25, 8.24%, 0, 0, 3, 12.55
1747828830, 0, 520, 1241, 1238, 25, 8.24%, 0, 0, 3, 12.52
1747828840, 0, 522, 1241, 1238, 25, 8.24%, 0, 0, 3, 12.82
1747828851, 0, 523, 1241, 1238, 25, 8.24%, 0, 0, 3, 12.07
1747828861, 0, 524, 1241, 1238, 25, 8.24%, 0, 0, 3, 12.54
1747828871, 0, 525, 1241, 1238, 25, 8.24%, 0, 0, 3, 12.57
1747828881, 0, 526, 1241, 1238, 25, 8.24%, 0, 0, 3, 12.54
1747828891, 0, 528, 1241, 1238, 25, 8.24%, 0, 0, 3, 12.61
1747828902, 0, 529, 1241, 1238, 25, 8.24%, 0, 0, 3, 12.60
1747828912, 0, 530, 1241, 1238, 25, 8.24%, 0, 0, 3, 13.06
1747828922, 0, 531, 1241, 1238, 25, 8.24%, 0, 0, 3, 12.25
1747828933, 0, 532, 1241, 1238, 25, 8.24%, 0, 0, 3, 12.02
1747828943, 0, 533, 1241, 1238, 25, 8.24%, 0, 0, 3, 18.05
1747828948, 0, 535, 1241, 1238, 25, 8.24%, 0, 0, 3, 19.11
1747828953, 0, 536, 1241, 1238, 25, 8.24%, 0, 0, 3, 19.40
1747828963, 0, 537, 1241, 1238, 25, 8.24%, 0, 0, 3, 19.75
1747828968, 0, 538, 1241, 1238, 25, 8.24%, 0, 0, 3, 20.16
1747828973, 0, 540, 1241, 1238, 25, 8.24%, 0, 0, 3, 19.73
1747828978, 0, 541, 1241, 1238, 25, 8.24%, 0, 0, 3, 20.45
1747828989, 0, 542, 1241, 1238, 25, 8.24%, 0, 0, 3, 19.60
1747828994, 0, 543, 1241, 1238, 25, 8.24%, 0, 0, 3, 19.82
1747828999, 0, 545, 1241, 1238, 25, 8.24%, 0, 0, 3, 19.83
1747829009, 0, 546, 1241, 1238, 25, 8.24%, 0, 0, 3, 20.32
1747829014, 0, 547, 1241, 1238, 25, 8.24%, 0, 0, 3, 20.24
1747829019, 0, 548, 1241, 1238, 25, 8.24%, 0, 0, 3, 20.99
1747829024, 0, 549, 1241, 1238, 25, 8.24%, 0, 0, 3, 20.37
1747829034, 0, 550, 1241, 1238, 25, 8.24%, 0, 0, 3, 20.12
1747829039, 0, 550, 1242, 1239, 25, 8.24%, 0, 0, 3, 19.63
1747829044, 0, 551, 1242, 1239, 25, 8.24%, 0, 0, 3, 19.81
1747829050, 0, 555, 1242, 1239, 25, 8.24%, 0, 0, 3, 20.41
1747829060, 0, 556, 1242, 1239, 25, 8.24%, 0, 0, 3, 20.19
1747829065, 0, 557, 1242, 1239, 25, 8.24%, 0, 0, 3, 19.87
1747829070, 0, 558, 1242, 1239, 25, 8.24%, 0, 0, 3, 20.23
1747829075, 0, 559, 1242, 1239, 25, 8.24%, 0, 0, 3, 19.88
1747829085, 0, 560, 1242, 1239, 25, 8.24%, 0, 0, 3, 19.61
1747829090, 0, 560, 1243, 1240, 25, 8.24%, 0, 0, 3, 19.69
1747829095, 0, 561, 1243, 1240, 26, 8.24%, 0, 0, 3, 20.15
1747829105, 0, 562, 1243, 1240, 26, 8.24%, 0, 0, 3, 20.17
1747829110, 0, 564, 1243, 1240, 26, 8.24%, 0, 0, 3, 20.23
1747829115, 0, 565, 1243, 1240, 26, 8.24%, 0, 0, 3, 20.51
1747829121, 0, 567, 1243, 1240, 26, 8.24%, 0, 0, 3, 19.83
1747829131, 0, 568, 1243, 1240, 26, 8.24%, 0, 0, 3, 20.13
1747829136, 0, 569, 1243, 1240, 26, 8.24%, 0, 0, 3, 19.64
1747829141, 0, 570, 1243, 1240, 26, 8.24%, 0, 0, 3, 19.83
1747829146, 0, 571, 1243, 1240, 26, 8.24%, 0, 0, 3, 20.43
1747829151, 0, 572, 1243, 1240, 26, 8.24%, 0, 0, 3, 20.38
1747829162, 0, 573, 1243, 1240, 26, 8.24%, 0, 0, 3, 20.49
1747829167, 0, 574, 1243, 1240, 26, 8.24%, 0, 0, 3, 19.82
1747829172, 0, 575, 1243, 1240, 26, 8.24%, 0, 0, 3, 19.89
1747829177, 0, 577, 1243, 1240, 26, 8.24%, 0, 0, 3, 19.85
1747829187, 0, 578, 1243, 1240, 26, 8.24%, 0, 0, 3, 19.70
1747829192, 0, 579, 1243, 1240, 26, 8.24%, 0, 0, 3, 19.87
1747829197, 0, 580, 1243, 1240, 26, 8.24%, 0, 0, 3, 20.17
1747829202, 0, 582, 1243, 1240, 26, 8.24%, 0, 0, 3, 20.61
1747829213, 0, 584, 1243, 1240, 26, 8.24%, 0, 0, 3, 19.73
1747829218, 0, 585, 1243, 1240, 26, 8.24%, 0, 0, 3, 19.94
1747829223, 0, 586, 1243, 1240, 26, 8.24%, 0, 0, 3, 19.77
1747829228, 0, 587, 1243, 1240, 26, 8.24%, 0, 0, 3, 19.06
1747829238, 0, 588, 1243, 1240, 26, 8.24%, 0, 0, 3, 20.11
1747829244, 0, 589, 1243, 1240, 26, 8.24%, 0, 0, 3, 19.96
1747829249, 0, 590, 1243, 1240, 26, 8.24%, 0, 0, 3, 20.31
1747829254, 0, 591, 1243, 1240, 26, 8.24%, 0, 0, 3, 20.03
1747829264, 0, 592, 1244, 1241, 26, 8.24%, 0, 0, 3, 19.68
1747829274, 0, 593, 1244, 1241, 26, 8.24%, 0, 0, 3, 20.88
1747829279, 0, 596, 1244, 1241, 26, 8.24%, 0, 0, 3, 20.66
1747829290, 0, 598, 1244, 1241, 26, 8.24%, 0, 0, 3, 19.97
1747829295, 0, 599, 1244, 1241, 26, 8.24%, 0, 0, 3, 19.75
1747829300, 0, 600, 1244, 1241, 26, 8.24%, 0, 0, 3, 18.79
1747829305, 0, 601, 1244, 1241, 26, 8.24%, 0, 0, 3, 19.60
1747829315, 0, 604, 1244, 1241, 26, 8.24%, 0, 0, 3, 20.58
1747829320, 0, 605, 1244, 1241, 26, 8.24%, 0, 0, 3, 19.99
1747829326, 0, 606, 1244, 1241, 26, 8.24%, 0, 0, 3, 20.55
1747829331, 0, 608, 1244, 1241, 26, 8.24%, 0, 0, 3, 20.30
1747829341, 0, 609, 1244, 1241, 26, 8.24%, 0, 0, 3, 20.55
1747829346, 0, 610, 1244, 1241, 26, 8.24%, 0, 0, 3, 19.94
1747829351, 0, 611, 1244, 1241, 26, 8.24%, 0, 0, 3, 19.57
1747829356, 0, 612, 1244, 1241, 26, 8.24%, 0, 0, 3, 19.77
1747829367, 0, 613, 1244, 1241, 26, 8.24%, 0, 0, 3, 19.75
1747829372, 0, 614, 1244, 1241, 26, 8.24%, 0, 0, 3, 19.65
1747829377, 0, 615, 1244, 1241, 26, 8.24%, 0, 0, 3, 19.75
1747829382, 0, 616, 1245, 1242, 26, 8.24%, 0, 0, 3, 19.85
1747829397, 0, 617, 1245, 1242, 26, 8.24%, 0, 0, 3, 19.87
1747829403, 0, 618, 1245, 1242, 26, 8.24%, 0, 0, 3, 20.60
1747829408, 0, 619, 1245, 1242, 26, 8.24%, 0, 0, 3, 20.55
1747829418, 0, 620, 1245, 1242, 26, 8.24%, 0, 0, 3, 19.62
1747829423, 0, 621, 1245, 1242, 26, 8.24%, 0, 0, 3, 19.70
1747829428, 0, 622, 1245, 1242, 26, 8.24%, 0, 0, 3, 19.84
1747829438, 0, 623, 1245, 1242, 26, 8.24%, 0, 0, 3, 20.12
1747829443, 0, 624, 1245, 1242, 26, 8.24%, 0, 0, 3, 19.93
1747829448, 0, 626, 1245, 1242, 26, 8.24%, 0, 0, 3, 19.52
1747829453, 0, 628, 1245, 1242, 26, 8.24%, 0, 0, 3, 19.21
1747829464, 0, 629, 1245, 1242, 26, 8.24%, 0, 0, 3, 20.48
1747829469, 0, 630, 1246, 1243, 26, 8.24%, 0, 0, 3, 20.40
1747829479, 0, 631, 1246, 1243, 26, 8.24%, 0, 0, 3, 20.33
1747829489, 0, 632, 1246, 1243, 26, 8.24%, 0, 0, 3, 21.11
1747829494, 0, 634, 1246, 1243, 26, 8.24%, 0, 0, 3, 20.40
1747829499, 0, 638, 1246, 1243, 26, 8.24%, 0, 0, 3, 20.67
1747829504, 0, 638, 1247, 1244, 26, 8.24%, 0, 0, 3, 19.59
1747829515, 0, 640, 1247, 1244, 26, 8.24%, 0, 0, 3, 20.16
1747829520, 0, 641, 1247, 1244, 26, 8.24%, 0, 0, 3, 20.04
1747829525, 0, 643, 1247, 1244, 26, 8.24%, 0, 0, 3, 20.61
1747829530, 0, 644, 1247, 1244, 26, 8.24%, 0, 0, 3, 19.29
1747829540, 0, 645, 1247, 1244, 26, 8.24%, 0, 0, 3, 20.71
1747829545, 0, 646, 1247, 1244, 26, 8.24%, 0, 0, 3, 20.11
1747829551, 0, 647, 1247, 1244, 26, 8.24%, 0, 0, 3, 20.07
1747829556, 0, 649, 1247, 1244, 26, 8.24%, 0, 0, 3, 20.12
1747829566, 0, 651, 1247, 1244, 26, 8.24%, 0, 0, 3, 19.22
1747829571, 0, 652, 1247, 1244, 26, 8.24%, 0, 0, 3, 19.51
1747829576, 0, 653, 1247, 1244, 26, 8.24%, 0, 0, 3, 20.10
1747829581, 0, 654, 1247, 1244, 26, 8.24%, 0, 0, 3, 19.28
1747829591, 0, 655, 1247, 1244, 26, 8.24%, 0, 0, 3, 20.19
1747829597, 0, 657, 1247, 1244, 26, 8.24%, 0, 0, 3, 20.92
1747829602, 0, 658, 1247, 1244, 26, 8.24%, 0, 0, 3, 20.91
1747829607, 0, 658, 1248, 1245, 26, 8.24%, 0, 0, 3, 20.01
1747829617, 0, 659, 1248, 1245, 26, 8.24%, 0, 0, 3, 19.77
1747829622, 0, 660, 1248, 1245, 26, 8.24%, 0, 0, 3, 19.53
1747829627, 0, 661, 1248, 1245, 26, 8.24%, 0, 0, 3, 20.24
1747829632, 0, 662, 1248, 1245, 26, 8.24%, 0, 0, 3, 20.64
1747829642, 0, 663, 1248, 1245, 26, 8.24%, 0, 0, 3, 20.67
1747829647, 0, 664, 1248, 1245, 26, 8.24%, 0, 0, 3, 19.83
1747829652, 0, 665, 1248, 1245, 26, 8.24%, 0, 0, 3, 19.28
1747829663, 0, 666, 1248, 1245, 26, 8.24%, 0, 0, 3, 19.86
1747829668, 0, 667, 1248, 1245, 26, 8.24%, 0, 0, 3, 20.21
1747829673, 0, 668, 1248, 1245, 26, 8.24%, 0, 0, 3, 20.97
1747829678, 0, 669, 1248, 1245, 26, 8.24%, 0, 0, 3, 20.92
1747829688, 0, 672, 1248, 1245, 26, 8.24%, 0, 0, 3, 20.04
1747829693, 0, 673, 1248, 1245, 26, 8.24%, 0, 0, 3, 20.13
1747829698, 0, 674, 1248, 1245, 26, 8.24%, 0, 0, 3, 20.21
1747829703, 0, 677, 1248, 1245, 26, 8.24%, 0, 0, 3, 20.35
1747829709, 0, 677, 1249, 1246, 26, 8.24%, 0, 0, 3, 19.70
1747829719, 0, 678, 1249, 1246, 26, 8.24%, 0, 0, 3, 20.60
1747829724, 0, 679, 1249, 1246, 26, 8.24%, 0, 0, 3, 20.40
1747829729, 0, 680, 1249, 1246, 26, 8.24%, 0, 0, 3, 20.37
1747829739, 0, 681, 1249, 1246, 26, 8.24%, 0, 0, 3, 20.20
1747829744, 0, 682, 1249, 1246, 26, 8.24%, 0, 0, 3, 20.11
1747829750, 0, 683, 1249, 1246, 26, 8.24%, 0, 0, 3, 20.12
1747829755, 0, 684, 1249, 1246, 26, 8.24%, 0, 0, 3, 20.77
1747829760, 0, 684, 1250, 1247, 26, 8.24%, 0, 0, 3, 19.82
1747829770, 0, 685, 1250, 1247, 26, 8.24%, 0, 0, 3, 19.81
1747829775, 0, 686, 1250, 1247, 26, 8.24%, 0, 0, 3, 19.48
1747829780, 0, 687, 1250, 1247, 26, 8.24%, 0, 0, 3, 20.07
1747829791, 0, 688, 1250, 1247, 26, 8.24%, 0, 0, 3, 20.04
1747829796, 0, 689, 1250, 1247, 26, 8.24%, 0, 0, 3, 19.36
1747829801, 0, 690, 1250, 1247, 26, 8.24%, 0, 0, 3, 19.40
1747829806, 0, 691, 1250, 1247, 26, 8.24%, 0, 0, 3, 20.04
1747829817, 0, 692, 1250, 1247, 26, 8.24%, 0, 0, 3, 20.06
1747829822, 0, 693, 1250, 1247, 26, 8.24%, 0, 0, 3, 19.91
1747829827, 0, 694, 1250, 1247, 26, 8.24%, 0, 0, 3, 20.33
1747829832, 0, 696, 1250, 1247, 26, 8.24%, 0, 0, 3, 20.08
1747829842, 0, 697, 1250, 1247, 26, 8.24%, 0, 0, 3, 20.47
1747829847, 0, 698, 1250, 1247, 26, 8.24%, 0, 0, 3, 20.42
1747829852, 0, 699, 1250, 1247, 26, 8.24%, 0, 0, 3, 19.35
1747829858, 0, 700, 1250, 1247, 26, 8.24%, 0, 0, 3, 19.41
1747829868, 0, 701, 1250, 1247, 26, 8.24%, 0, 0, 3, 18.73
1747829873, 0, 703, 1250, 1247, 26, 8.24%, 0, 0, 3, 19.93
1747829878, 0, 704, 1250, 1247, 26, 8.24%, 0, 0, 3, 19.86
1747829888, 0, 705, 1250, 1247, 26, 8.24%, 0, 0, 3, 14.14
1747829899, 0, 706, 1250, 1247, 26, 8.24%, 0, 0, 3, 12.44
1747829904, 0, 707, 1250, 1247, 26, 8.24%, 0, 0, 3, 13.33
1747829914, 0, 708, 1250, 1247, 26, 8.24%, 0, 0, 3, 12.91
1747829929, 0, 709, 1250, 1247, 26, 8.24%, 0, 0, 3, 12.56
1747829940, 0, 710, 1250, 1247, 26, 8.24%, 0, 0, 3, 12.10
1747829950, 0, 711, 1250, 1247, 26, 8.24%, 0, 0, 3, 12.82
1747829960, 0, 712, 1250, 1247, 26, 8.24%, 0, 0, 3, 12.16
1747829970, 0, 713, 1250, 1247, 26, 8.24%, 0, 0, 3, 12.30
1747829976, 0, 715, 1250, 1247, 26, 8.24%, 0, 0, 3, 12.69
1747829991, 0, 719, 1250, 1247, 26, 8.24%, 0, 0, 3, 12.76
1747829996, 0, 720, 1250, 1247, 26, 8.24%, 0, 0, 3, 12.79
1747830012, 0, 721, 1250, 1247, 26, 8.24%, 0, 0, 3, 11.91
1747830022, 0, 723, 1250, 1247, 26, 8.24%, 0, 0, 3, 12.34
1747830032, 0, 724, 1250, 1247, 26, 8.24%, 0, 0, 3, 12.43
1747830042, 0, 727, 1250, 1247, 26, 8.24%, 0, 0, 3, 12.88
1747830053, 0, 728, 1250, 1247, 26, 8.24%, 0, 0, 3, 12.80
1747830063, 0, 729, 1250, 1247, 26, 8.24%, 0, 0, 3, 12.19
1747830073, 0, 731, 1250, 1247, 26, 8.24%, 0, 0, 3, 12.20
1747830083, 0, 733, 1250, 1247, 26, 8.24%, 0, 0, 3, 12.26
1747830094, 0, 734, 1250, 1247, 26, 8.24%, 0, 0, 3, 12.45
1747830104, 0, 735, 1250, 1247, 26, 8.24%, 0, 0, 3, 11.74
1747830109, 0, 735, 1251, 1248, 26, 8.24%, 0, 0, 3, 11.27
1747830124, 0, 736, 1251, 1248, 26, 8.24%, 0, 0, 3, 11.76
1747830134, 0, 737, 1251, 1248, 26, 8.24%, 0, 0, 3, 11.79
1747830145, 0, 738, 1251, 1248, 26, 8.24%, 0, 0, 3, 11.97
1747830155, 0, 739, 1251, 1248, 26, 8.24%, 0, 0, 3, 12.77
1747830165, 0, 740, 1251, 1248, 26, 8.24%, 0, 0, 3, 12.35
1747830176, 0, 743, 1251, 1248, 26, 8.24%, 0, 0, 3, 12.20
1747830186, 0, 745, 1251, 1248, 26, 8.24%, 0, 0, 3, 12.05
1747830196, 0, 746, 1251, 1248, 26, 8.24%, 0, 0, 3, 12.23
1747830207, 0, 748, 1251, 1248, 26, 8.24%, 0, 0, 3, 12.11
1747830217, 0, 749, 1251, 1248, 26, 8.24%, 0, 0, 3, 12.45
1747830227, 0, 750, 1251, 1248, 26, 8.24%, 0, 0, 3, 11.91
1747830237, 0, 752, 1251, 1248, 26, 8.24%, 0, 0, 3, 11.88
1747830253, 0, 753, 1251, 1248, 26, 8.24%, 0, 0, 3, 12.35
1747830263, 0, 754, 1251, 1248, 26, 8.24%, 0, 0, 3, 12.33
1747830273, 0, 756, 1251, 1248, 26, 8.24%, 0, 0, 3, 12.53
1747830283, 0, 757, 1251, 1248, 26, 8.24%, 0, 0, 3, 13.10
1747830293, 0, 758, 1251, 1248, 26, 8.24%, 0, 0, 3, 12.43
1747830304, 0, 759, 1251, 1248, 26, 8.24%, 0, 0, 3, 15.77
1747832984, 0, 760, 1251, 1247, 25, 8.24%, 0, 0, 3, 15.40
1747832994, 0, 761, 1251, 1247, 25, 8.24%, 0, 0, 3, 12.80
1747833004, 0, 762, 1251, 1247, 25, 8.24%, 0, 0, 3, 13.23
1747833015, 0, 763, 1251, 1247, 25, 8.24%, 0, 0, 3, 12.68
1747833025, 0, 764, 1251, 1247, 25, 8.24%, 0, 0, 3, 12.45
1747833035, 0, 765, 1251, 1247, 25, 8.24%, 0, 0, 3, 12.30
1747833045, 0, 766, 1251, 1247, 25, 8.24%, 0, 0, 3, 12.49
1747833056, 0, 767, 1251, 1247, 25, 8.24%, 0, 0, 3, 12.72
1747833066, 0, 769, 1251, 1247, 25, 8.24%, 0, 0, 3, 12.96
1747833076, 0, 770, 1251, 1247, 25, 8.24%, 0, 0, 3, 12.70
1747833086, 0, 771, 1251, 1247, 25, 8.24%, 0, 0, 3, 12.18
1747833096, 0, 772, 1251, 1247, 25, 8.24%, 0, 0, 3, 12.73
1747833106, 0, 773, 1251, 1247, 25, 8.24%, 0, 0, 3, 11.72
1747833117, 0, 774, 1251, 1247, 25, 8.24%, 0, 0, 3, 12.06
1747833127, 0, 775, 1251, 1247, 25, 8.24%, 0, 0, 3, 12.04
1747833142, 0, 776, 1251, 1247, 25, 8.24%, 0, 0, 3, 11.84
1747833152, 0, 777, 1251, 1247, 25, 8.24%, 0, 0, 3, 12.68
1747833163, 0, 778, 1251, 1247, 25, 8.24%, 0, 0, 3, 12.83
1747833173, 0, 780, 1251, 1247, 25, 8.24%, 0, 0, 3, 11.97
1747833178, 0, 780, 1252, 1248, 25, 8.24%, 0, 0, 3, 11.79
1747833193, 0, 781, 1252, 1248, 25, 8.24%, 0, 0, 3, 11.99
1747833204, 0, 782, 1252, 1248, 25, 8.24%, 0, 0, 3, 12.19
1747833214, 0, 783, 1252, 1248, 25, 8.24%, 0, 0, 3, 11.79
1747833224, 0, 784, 1252, 1248, 25, 8.24%, 0, 0, 3, 12.65
1747833234, 0, 787, 1252, 1248, 25, 8.24%, 0, 0, 3, 13.29
1747833245, 0, 788, 1252, 1248, 25, 8.24%, 0, 0, 3, 12.02
1747833255, 0, 789, 1252, 1248, 25, 8.24%, 0, 0, 3, 12.89
1747833265, 0, 789, 1253, 1249, 25, 8.24%, 0, 0, 3, 12.08
1747833276, 0, 790, 1253, 1249, 25, 8.24%, 0, 0, 3, 11.93
1747833286, 0, 790, 1254, 1250, 25, 8.24%, 0, 0, 3, 12.05
1747833301, 0, 791, 1254, 1250, 25, 8.24%, 0, 0, 3, 12.08
1747833311, 0, 792, 1254, 1250, 25, 8.24%, 0, 0, 3, 12.04
1747833322, 0, 793, 1254, 1250, 25, 8.24%, 0, 0, 3, 11.76
1747833332, 0, 794, 1254, 1250, 25, 8.24%, 0, 0, 3, 12.51
1747833342, 0, 796, 1254, 1250, 25, 8.24%, 0, 0, 3, 12.41
1747833352, 0, 800, 1254, 1250, 25, 8.24%, 0, 0, 3, 11.90
1747833363, 0, 801, 1254, 1250, 25, 8.24%, 0, 0, 3, 12.61
1747833373, 0, 802, 1254, 1250, 25, 8.24%, 0, 0, 3, 12.32
1747833383, 0, 803, 1255, 1251, 25, 8.24%, 0, 0, 3, 11.70
1747833404, 0, 803, 1256, 1252, 25, 8.24%, 0, 0, 3, 11.99
1747833424, 0, 804, 1256, 1252, 26, 8.24%, 0, 0, 3, 12.03
1747833429, 0, 804, 1257, 1253, 26, 8.24%, 0, 0, 3, 11.12
1747833450, 0, 805, 1257, 1253, 26, 8.24%, 0, 0, 3, 12.35
1747833460, 0, 806, 1257, 1253, 26, 8.24%, 0, 0, 3, 11.70
1747833470, 0, 807, 1257, 1253, 26, 8.24%, 0, 0, 3, 11.92
1747833481, 0, 808, 1257, 1253, 26, 8.24%, 0, 0, 3, 12.90
1747833491, 0, 809, 1257, 1253, 26, 8.24%, 0, 0, 3, 12.00
1747833501, 0, 812, 1257, 1253, 26, 8.24%, 0, 0, 3, 12.04
1747833511, 0, 813, 1257, 1253, 26, 8.24%, 0, 0, 3, 12.56
1747833522, 0, 814, 1257, 1253, 26, 8.24%, 0, 0, 3, 12.14
1747833532, 0, 815, 1257, 1253, 26, 8.24%, 0, 0, 3, 12.61
1747833542, 0, 817, 1257, 1253, 26, 8.24%, 0, 0, 3, 12.29
1747833552, 0, 818, 1257, 1253, 26, 8.24%, 0, 0, 3, 12.52
1747833562, 0, 819, 1257, 1253, 26, 8.24%, 0, 0, 3, 12.32
1747833573, 0, 820, 1257, 1253, 26, 8.24%, 0, 0, 3, 12.54
1747833583, 0, 821, 1257, 1253, 26, 8.24%, 0, 0, 3, 12.37
1747833593, 0, 822, 1257, 1253, 26, 8.24%, 0, 0, 3, 11.34
1747833603, 0, 823, 1257, 1253, 26, 8.24%, 0, 0, 3, 11.73
1747833614, 0, 825, 1257, 1253, 26, 8.24%, 0, 0, 3, 12.53
1747833624, 0, 826, 1257, 1253, 26, 8.24%, 0, 0, 3, 12.56
1747833634, 0, 827, 1257, 1253, 26, 8.24%, 0, 0, 3, 12.29
1747833644, 0, 830, 1257, 1253, 26, 8.24%, 0, 0, 3, 12.90
1747833660, 0, 832, 1257, 1253, 26, 8.24%, 0, 0, 3, 11.72
1747833670, 0, 833, 1257, 1253, 26, 8.24%, 0, 0, 3, 13.31
1747833675, 0, 834, 1257, 1253, 26, 8.24%, 0, 0, 3, 12.46
1747833690, 0, 835, 1257, 1253, 26, 8.24%, 0, 0, 3, 12.53
1747833700, 0, 836, 1257, 1253, 26, 8.24%, 0, 0, 3, 12.60
1747833711, 0, 837, 1257, 1253, 26, 8.24%, 0, 0, 3, 12.15
1747833721, 0, 838, 1257, 1253, 26, 8.24%, 0, 0, 3, 12.13
1747833731, 0, 839, 1258, 1254, 26, 8.24%, 0, 0, 3, 11.20
1747833742, 0, 839, 1259, 1255, 26, 8.24%, 0, 0, 3, 11.49
1747833772, 0, 840, 1259, 1255, 26, 8.24%, 0, 0, 3, 11.11
1747833788, 0, 842, 1259, 1255, 26, 8.24%, 0, 0, 3, 12.51
1747833793, 0, 843, 1259, 1255, 26, 8.24%, 0, 0, 3, 12.78
1747833808, 0, 844, 1259, 1255, 26, 8.24%, 0, 0, 3, 12.98
1747833819, 0, 845, 1259, 1255, 26, 8.24%, 0, 0, 3, 12.19
1747833829, 0, 846, 1259, 1255, 26, 8.24%, 0, 0, 3, 12.65
1747833839, 0, 847, 1259, 1255, 26, 8.24%, 0, 0, 3, 12.20
1747833850, 0, 847, 1260, 1256, 26, 8.24%, 0, 0, 3, 11.34
1747833860, 0, 848, 1260, 1256, 26, 8.24%, 0, 0, 3, 11.71
1747833870, 0, 852, 1260, 1256, 26, 8.24%, 0, 0, 3, 12.18
1747833880, 0, 855, 1260, 1256, 26, 8.24%, 0, 0, 3, 12.47
1747833890, 0, 857, 1260, 1256, 26, 8.24%, 0, 0, 3, 11.95
1747833901, 0, 858, 1260, 1256, 26, 8.24%, 0, 0, 3, 11.33
1747833911, 0, 859, 1260, 1256, 26, 8.24%, 0, 0, 3, 12.68
1747833921, 0, 860, 1260, 1256, 26, 8.24%, 0, 0, 3, 12.25
1747833931, 0, 860, 1261, 1257, 26, 8.24%, 0, 0, 3, 11.43
1747833946, 0, 861, 1261, 1257, 26, 8.24%, 0, 0, 3, 11.91
1747833957, 0, 862, 1261, 1257, 26, 8.24%, 0, 0, 3, 12.41
1747833967, 0, 863, 1261, 1257, 26, 8.24%, 0, 0, 3, 11.71
1747833977, 0, 864, 1261, 1257, 26, 8.24%, 0, 0, 3, 12.21
1747833987, 0, 865, 1261, 1257, 26, 8.24%, 0, 0, 3, 11.61
1747833997, 0, 868, 1261, 1257, 26, 8.24%, 0, 0, 3, 12.13
1747834008, 0, 869, 1261, 1257, 26, 8.24%, 0, 0, 3, 11.62
1747834018, 0, 870, 1261, 1257, 26, 8.24%, 0, 0, 3, 12.42
1747834028, 0, 871, 1261, 1257, 26, 8.24%, 0, 0, 3, 12.07
1747834038, 0, 872, 1261, 1257, 26, 8.24%, 0, 0, 3, 12.02
1747834054, 0, 873, 1261, 1257, 26, 8.24%, 0, 0, 3, 11.63
1747834064, 0, 875, 1261, 1257, 26, 8.24%, 0, 0, 3, 12.38
1747834074, 0, 876, 1261, 1257, 26, 8.24%, 0, 0, 3, 12.01
1747834085, 0, 877, 1261, 1257, 26, 8.24%, 0, 0, 3, 12.14
1747834095, 0, 879, 1261, 1257, 26, 8.24%, 0, 0, 3, 11.26
1747834105, 0, 880, 1261, 1257, 26, 8.24%, 0, 0, 3, 12.05
1747834115, 0, 881, 1261, 1257, 26, 8.24%, 0, 0, 3, 11.87
1747834126, 0, 882, 1261, 1257, 26, 8.24%, 0, 0, 3, 12.41
1747834136, 0, 884, 1261, 1257, 26, 8.24%, 0, 0, 3, 12.60
1747834146, 0, 885, 1261, 1257, 26, 8.24%, 0, 0, 3, 11.87
1747834151, 0, 885, 1262, 1258, 26, 8.24%, 0, 0, 3, 10.98
1747834172, 0, 888, 1262, 1258, 26, 8.24%, 0, 0, 3, 11.80
1747834182, 0, 889, 1262, 1258, 26, 8.24%, 0, 0, 3, 12.56
1747834193, 0, 890, 1262, 1258, 26, 8.24%, 0, 0, 3, 11.76
1747834203, 0, 891, 1262, 1258, 26, 8.24%, 0, 0, 3, 12.40
1747834213, 0, 892, 1262, 1258, 26, 8.24%, 0, 0, 3, 12.33
1747834224, 0, 893, 1262, 1258, 26, 8.24%, 0, 0, 3, 11.84
1747834234, 0, 897, 1263, 1259, 26, 8.24%, 0, 0, 3, 12.36
1747834255, 0, 898, 1263, 1259, 26, 8.24%, 0, 0, 3, 11.85
1747834265, 0, 899, 1263, 1259, 26, 8.24%, 0, 0, 3, 12.25
1747834275, 0, 900, 1263, 1259, 26, 8.24%, 0, 0, 3, 12.39
1747834280, 0, 900, 1264, 1260, 26, 8.24%, 0, 0, 3, 11.11
1747834301, 0, 902, 1264, 1260, 27, 8.24%, 0, 0, 3, 12.01
1747834311, 0, 903, 1264, 1260, 27, 8.24%, 0, 0, 3, 11.54
1747834321, 0, 905, 1264, 1260, 27, 8.24%, 0, 0, 3, 11.60
1747834332, 0, 906, 1264, 1260, 27, 8.24%, 0, 0, 3, 12.37
1747834342, 0, 907, 1265, 1261, 27, 8.24%, 0, 0, 3, 11.59
1747834352, 0, 907, 1266, 1262, 27, 8.24%, 0, 0, 3, 11.18
1747834377, 0, 907, 1267, 1263, 27, 8.24%, 0, 0, 3, 12.01
1747834403, 0, 907, 1268, 1264, 27, 8.24%, 0, 0, 3, 11.17
1747834444, 0, 907, 1269, 1265, 27, 8.24%, 0, 0, 3, 10.78
1747834700, 0, 908, 1269, 1265, 27, 8.24%, 0, 0, 3, 10.96
1747834710, 0, 909, 1269, 1265, 27, 8.24%, 0, 0, 3, 11.49
1747834720, 0, 910, 1269, 1265, 27, 8.24%, 0, 0, 3, 12.18
1747834730, 0, 911, 1269, 1265, 27, 8.24%, 0, 0, 3, 11.30
1747834746, 0, 912, 1269, 1265, 27, 8.24%, 0, 0, 3, 11.20
1747834756, 0, 913, 1269, 1265, 27, 8.24%, 0, 0, 3, 11.47
1747834766, 0, 915, 1269, 1265, 27, 8.24%, 0, 0, 3, 11.35
1747834776, 0, 916, 1269, 1265, 27, 8.24%, 0, 0, 3, 11.70
1747834787, 0, 916, 1270, 1266, 27, 8.24%, 0, 0, 3, 10.86
1747834802, 0, 917, 1270, 1266, 27, 8.24%, 0, 0, 3, 11.23
1747834812, 0, 918, 1270, 1266, 27, 8.24%, 0, 0, 3, 11.71
1747834822, 0, 919, 1270, 1266, 27, 8.24%, 0, 0, 3, 11.07
1747834832, 0, 919, 1271, 1267, 27, 8.24%, 0, 0, 3, 10.24
1747834847, 0, 920, 1271, 1267, 27, 8.24%, 0, 0, 3, 11.38
1747834858, 0, 921, 1271, 1267, 27, 8.24%, 0, 0, 3, 11.39
1747834868, 0, 921, 1272, 1268, 27, 8.24%, 0, 0, 3, 11.57
1747834878, 0, 922, 1272, 1268, 27, 8.24%, 0, 0, 3, 11.96
1747834888, 0, 922, 1273, 1269, 27, 8.25%, 0, 0, 3, 11.01
1747834904, 0, 924, 1273, 1269, 27, 8.25%, 0, 0, 3, 11.62
1747834914, 0, 925, 1273, 1269, 27, 8.25%, 0, 0, 3, 11.15
1747834924, 0, 926, 1273, 1269, 27, 8.25%, 0, 0, 3, 11.22
1747834934, 0, 928, 1273, 1269, 27, 8.25%, 0, 0, 3, 11.82
1747834950, 0, 929, 1273, 1269, 27, 8.25%, 0, 0, 3, 11.08
1747834955, 0, 929, 1274, 1270, 27, 8.25%, 0, 0, 3, 10.87
1747834970, 0, 930, 1274, 1270, 27, 8.25%, 0, 0, 3, 11.86
1747834980, 0, 931, 1274, 1270, 27, 8.25%, 0, 0, 3, 12.62
1747834991, 0, 932, 1274, 1270, 27, 8.25%, 0, 0, 3, 11.54
1747835001, 0, 932, 1275, 1271, 27, 8.25%, 0, 0, 3, 10.82
1747835017, 0, 933, 1275, 1271, 27, 8.25%, 0, 0, 3, 11.30
1747835027, 0, 934, 1275, 1271, 27, 8.25%, 0, 0, 3, 11.29
1747835037, 0, 936, 1275, 1271, 27, 8.25%, 0, 0, 3, 10.47
1747835048, 0, 937, 1275, 1271, 27, 8.25%, 0, 0, 3, 10.84
1747835058, 0, 937, 1276, 1272, 27, 8.27%, 0, 0, 3, 11.37
1747835073, 0, 938, 1276, 1272, 27, 8.27%, 0, 0, 3, 11.52
1747835083, 0, 939, 1276, 1272, 27, 8.27%, 0, 0, 3, 10.75
1747835098, 0, 940, 1276, 1272, 27, 8.27%, 0, 0, 3, 11.50
1747835109, 0, 942, 1276, 1272, 27, 8.27%, 0, 0, 3, 11.51
1747835119, 0, 943, 1276, 1272, 27, 8.27%, 0, 0, 3, 12.38
1747835129, 0, 945, 1276, 1272, 27, 8.27%, 0, 0, 3, 11.29
1747835145, 0, 948, 1276, 1272, 27, 8.27%, 0, 0, 3, 11.65
1747835155, 0, 949, 1276, 1272, 27, 8.27%, 0, 0, 3, 11.10
1747835165, 0, 950, 1276, 1272, 27, 8.27%, 0, 0, 3, 10.56
1747835176, 0, 951, 1276, 1272, 27, 8.27%, 0, 0, 3, 12.05
1747835186, 0, 952, 1276, 1272, 27, 8.27%, 0, 0, 3, 11.31
1747835201, 0, 953, 1276, 1272, 27, 8.27%, 0, 0, 3, 10.94
1747835211, 0, 954, 1276, 1272, 27, 8.27%, 0, 0, 3, 10.91
1747835216, 0, 954, 1277, 1273, 27, 8.27%, 0, 0, 3, 11.01
1747835227, 0, 954, 1278, 1274, 27, 8.27%, 0, 0, 3, 11.47
1747835257, 0, 955, 1278, 1274, 28, 8.27%, 0, 0, 3, 11.27
1747835267, 0, 956, 1278, 1274, 28, 8.27%, 0, 0, 3, 11.49
1747835283, 0, 960, 1279, 1275, 28, 8.27%, 0, 0, 3, 11.01
1747835304, 0, 961, 1279, 1275, 28, 8.27%, 0, 0, 3, 10.80
1747835314, 0, 962, 1279, 1275, 28, 8.27%, 0, 0, 3, 11.27
1747835329, 0, 964, 1279, 1275, 28, 8.27%, 0, 0, 3, 11.65
1747835340, 0, 966, 1279, 1275, 28, 8.27%, 0, 0, 3, 11.09
1747835350, 0, 967, 1279, 1275, 28, 8.27%, 0, 0, 3, 11.16
1747835360, 0, 968, 1279, 1275, 28, 8.27%, 0, 0, 3, 11.13
1747835371, 0, 969, 1279, 1275, 28, 8.27%, 0, 0, 3, 10.69
1747835376, 0, 969, 1281, 1277, 28, 8.27%, 0, 0, 3, 10.49
1747835381, 0, 969, 1282, 1278, 28, 8.27%, 0, 0, 3, 10.13
1747835386, 0, 969, 1283, 1279, 28, 8.27%, 0, 0, 3, 10.04
1747835397, 0, 969, 1284, 1280, 28, 8.27%, 0, 0, 3, 10.93
1747835576, 0, 969, 1285, 1281, 28, 8.27%, 0, 0, 3, 11.13
1747835719, 0, 969, 1286, 1282, 28, 8.27%, 0, 0, 3, 10.25
1747835750, 0, 970, 1287, 1283, 28, 8.27%, 0, 0, 3, 10.98
1747835760, 0, 970, 1288, 1284, 28, 8.27%, 0, 0, 3, 11.44
1747835786, 0, 970, 1289, 1285, 28, 8.27%, 0, 0, 3, 11.00
1747835791, 0, 970, 1290, 1286, 28, 8.27%, 0, 0, 3, 10.08
1747835842, 0, 970, 1291, 1287, 28, 8.27%, 0, 0, 3, 10.39
1747835873, 0, 970, 1292, 1288, 28, 8.27%, 0, 0, 3, 10.58
1747835903, 0, 970, 1293, 1289, 28, 8.27%, 0, 0, 3, 11.06
1747835924, 0, 970, 1294, 1290, 28, 8.27%, 0, 0, 3, 9.48
1747836006, 0, 970, 1295, 1291, 28, 8.27%, 0, 0, 3, 8.33
1747836011, 0, 970, 1296, 1292, 28, 8.27%, 0, 0, 3, 10.27
1747836032, 0, 970, 1297, 1293, 28, 8.27%, 0, 0, 3, 11.29
1747836042, 0, 970, 1298, 1294, 28, 8.27%, 0, 0, 3, 9.76
1747836083, 0, 970, 1299, 1295, 28, 8.27%, 0, 0, 3, 10.44
1747836155, 0, 971, 1299, 1295, 27, 8.27%, 0, 0, 3, 11.49
1747836165, 0, 973, 1300, 1296, 27, 8.27%, 0, 0, 3, 11.20
1747836170, 0, 973, 1301, 1297, 27, 8.27%, 0, 0, 3, 10.58
1747836217, 0, 975, 1301, 1297, 27, 8.27%, 0, 0, 3, 11.37
1747836227, 0, 977, 1301, 1297, 27, 8.27%, 0, 0, 3, 11.21
1747836238, 0, 978, 1301, 1297, 27, 8.27%, 0, 0, 3, 11.07
1747836243, 0, 978, 1302, 1298, 27, 8.27%, 0, 0, 3, 10.49
1747836263, 0, 980, 1302, 1298, 27, 8.27%, 0, 0, 3, 10.78
1747836274, 0, 981, 1302, 1298, 27, 8.27%, 0, 0, 3, 10.95
1747836279, 0, 981, 1303, 1299, 27, 8.27%, 0, 0, 3, 11.39
1747836299, 0, 983, 1303, 1299, 27, 8.27%, 0, 0, 3, 11.13
1747836309, 0, 984, 1303, 1299, 27, 8.27%, 0, 0, 3, 11.39
1747836314, 0, 984, 1304, 1300, 27, 8.29%, 0, 0, 3, 10.03
1747836330, 0, 984, 1305, 1301, 27, 8.29%, 0, 0, 3, 10.97
1747836335, 0, 984, 1307, 1303, 27, 8.30%, 0, 0, 3, 10.41
1747836350, 0, 984, 1308, 1304, 27, 8.30%, 0, 0, 3, 10.46
1747836356, 0, 984, 1309, 1305, 27, 8.30%, 0, 0, 3, 9.88
1747836381, 0, 984, 1311, 1307, 27, 8.31%, 0, 0, 3, 9.57
1747836387, 0, 984, 1312, 1308, 27, 8.31%, 0, 0, 3, 10.20
1747836484, 0, 984, 1314, 1310, 27, 8.32%, 0, 0, 3, 9.37
1747836494, 0, 984, 1315, 1311, 27, 8.32%, 0, 0, 3, 10.87
1747836545, 0, 984, 1317, 1313, 27, 8.33%, 0, 0, 3, 8.20
1747836586, 0, 984, 1318, 1314, 27, 8.33%, 0, 0, 3, 10.35
1747836601, 0, 984, 1319, 1315, 27, 8.33%, 0, 0, 3, 10.41
1747836652, 0, 984, 1320, 1316, 27, 8.33%, 0, 0, 3, 9.86
1747836719, 0, 987, 1320, 1316, 30, 8.33%, 0, 0, 3, 11.09
1747836729, 0, 988, 1320, 1316, 30, 8.33%, 0, 0, 3, 10.86
1747836745, 0, 989, 1320, 1316, 30, 8.33%, 0, 0, 3, 11.78
1747836755, 0, 991, 1320, 1316, 30, 8.33%, 0, 0, 3, 11.45
1747836765, 0, 992, 1320, 1316, 30, 8.33%, 0, 0, 3, 11.34
1747836776, 0, 994, 1320, 1316, 30, 8.33%, 0, 0, 3, 11.21
1747836791, 0, 995, 1320, 1316, 30, 8.33%, 0, 0, 3, 11.06
1747836801, 0, 996, 1320, 1316, 30, 8.33%, 0, 0, 3, 11.66
1747836812, 0, 997, 1320, 1316, 30, 8.33%, 0, 0, 3, 11.50
1747836822, 0, 998, 1320, 1316, 30, 8.33%, 0, 0, 3, 11.41
1747836832, 0, 999, 1320, 1316, 30, 8.33%, 0, 0, 3, 12.21
1747836848, 0, 1000, 1320, 1316, 30, 8.33%, 0, 0, 3, 11.55
1747836858, 0, 1001, 1320, 1316, 30, 8.33%, 0, 0, 3, 11.44
1747836868, 0, 1002, 1320, 1316, 30, 8.33%, 0, 0, 3, 11.63
1747836878, 0, 1003, 1320, 1316, 30, 8.33%, 0, 0, 3, 11.09
1747836894, 0, 1005, 1320, 1316, 30, 8.33%, 0, 0, 3, 11.00
1747836904, 0, 1006, 1320, 1316, 30, 8.33%, 0, 0, 3, 10.93
1747836914, 0, 1007, 1320, 1316, 30, 8.33%, 0, 0, 3, 10.98
1747836924, 0, 1009, 1320, 1316, 30, 8.33%, 0, 0, 3, 11.60
1747836930, 0, 1009, 1321, 1317, 30, 8.33%, 0, 0, 3, 10.52
1747836950, 0, 1010, 1321, 1317, 30, 8.33%, 0, 0, 3, 11.57
1747836966, 0, 1011, 1321, 1317, 30, 8.33%, 0, 0, 3, 10.92
1747836976, 0, 1013, 1321, 1317, 30, 8.33%, 0, 0, 3, 10.74
1747836981, 0, 1013, 1322, 1318, 30, 8.33%, 0, 0, 3, 10.24
1747836986, 0, 1013, 1323, 1319, 30, 8.33%, 0, 0, 3, 10.15
1747836992, 0, 1013, 1324, 1320, 30, 8.33%, 0, 0, 3, 10.11
1747836997, 0, 1013, 1325, 1321, 30, 8.33%, 0, 0, 3, 9.57
1747837038, 0, 1013, 1327, 1323, 30, 8.33%, 0, 0, 3, 9.14
1747837053, 0, 1013, 1328, 1324, 30, 8.33%, 0, 0, 3, 10.08
1747837064, 0, 1013, 1329, 1325, 30, 8.33%, 0, 0, 3, 9.79
1747837074, 0, 1013, 1330, 1326, 30, 8.33%, 0, 0, 3, 9.98
1747837079, 0, 1013, 1331, 1327, 30, 8.33%, 0, 0, 3, 9.52
1747837084, 0, 1013, 1332, 1328, 30, 8.33%, 0, 0, 3, 9.65
1747837115, 0, 1013, 1333, 1329, 30, 8.34%, 0, 0, 3, 10.05
1747837135, 0, 1013, 1334, 1330, 30, 8.34%, 0, 0, 3, 10.54
1747837187, 0, 1013, 1335, 1331, 30, 8.34%, 0, 0, 3, 9.72
1747837202, 0, 1013, 1336, 1332, 30, 8.34%, 0, 0, 3, 9.86
1747837325, 0, 1013, 1337, 1333, 30, 8.34%, 0, 0, 3, 10.56
1747837335, 0, 1013, 1338, 1334, 30, 8.34%, 0, 0, 3, 10.36
1747837351, 0, 1013, 1339, 1335, 30, 8.34%, 0, 0, 3, 10.32
1747837387, 0, 1014, 1339, 1335, 32, 8.34%, 0, 0, 3, 11.31
1747837397, 0, 1016, 1339, 1335, 32, 8.34%, 0, 0, 3, 11.31
1747837408, 0, 1017, 1339, 1335, 32, 8.34%, 0, 0, 3, 10.92
1747837418, 0, 1018, 1339, 1335, 32, 8.34%, 0, 0, 3, 11.47
1747837428, 0, 1019, 1339, 1335, 32, 8.34%, 0, 0, 3, 11.38
1747837433, 0, 1019, 1341, 1337, 32, 8.34%, 0, 0, 3, 9.78
1747837454, 0, 1019, 1342, 1338, 32, 8.34%, 0, 0, 3, 9.54
1747837464, 0, 1019, 1343, 1339, 32, 8.34%, 0, 0, 3, 9.59
1747837474, 0, 1019, 1344, 1340, 32, 8.34%, 0, 0, 3, 9.69
1747837500, 0, 1019, 1345, 1341, 32, 8.34%, 0, 0, 3, 10.82
1747837541, 0, 1019, 1346, 1342, 32, 8.34%, 0, 0, 3, 10.06
1747837567, 0, 1019, 1347, 1343, 32, 8.34%, 0, 0, 3, 9.47
1747837608, 0, 1019, 1348, 1344, 32, 8.34%, 0, 0, 3, 9.64
1747837819, 0, 1019, 1349, 1345, 32, 8.34%, 0, 0, 3, 9.40
1747837834, 0, 1021, 1349, 1345, 32, 8.34%, 0, 0, 3, 10.61
1747837845, 0, 1022, 1349, 1345, 32, 8.34%, 0, 0, 3, 10.71
1747837850, 0, 1022, 1350, 1346, 32, 8.34%, 0, 0, 3, 9.86
1747837860, 0, 1022, 1351, 1347, 32, 8.34%, 0, 0, 3, 9.03
1747837901, 0, 1023, 1351, 1347, 32, 8.34%, 0, 0, 3, 10.03
1747837912, 0, 1024, 1351, 1347, 32, 8.34%, 0, 0, 3, 10.24
1747837927, 0, 1025, 1351, 1347, 32, 8.34%, 0, 0, 3, 10.09
1747837937, 0, 1027, 1351, 1347, 32, 8.34%, 0, 0, 3, 11.52
1747837948, 0, 1028, 1351, 1347, 32, 8.34%, 0, 0, 3, 10.55
1747837958, 0, 1030, 1351, 1347, 32, 8.34%, 0, 0, 3, 11.58
1747837974, 0, 1031, 1351, 1347, 32, 8.34%, 0, 0, 3, 11.33
1747837984, 0, 1032, 1351, 1347, 32, 8.34%, 0, 0, 3, 10.88
1747837994, 0, 1033, 1351, 1347, 32, 8.34%, 0, 0, 3, 11.42
1747838005, 0, 1034, 1351, 1347, 32, 8.34%, 0, 0, 3, 11.12
1747838020, 0, 1035, 1351, 1347, 32, 8.34%, 0, 0, 3, 11.44
1747838030, 0, 1036, 1351, 1347, 32, 8.34%, 0, 0, 3, 10.60
1747838040, 0, 1040, 1351, 1347, 32, 8.34%, 0, 0, 3, 10.78
1747838056, 0, 1041, 1351, 1347, 32, 8.34%, 0, 0, 3, 11.55
1747838066, 0, 1042, 1351, 1347, 32, 8.34%, 0, 0, 3, 10.79
1747838076, 0, 1043, 1351, 1347, 32, 8.34%, 0, 0, 3, 10.95
1747838087, 0, 1044, 1351, 1347, 32, 8.34%, 0, 0, 3, 11.22
1747838102, 0, 1045, 1351, 1347, 32, 8.34%, 0, 0, 3, 10.83
1747838112, 0, 1047, 1351, 1347, 32, 8.34%, 0, 0, 3, 10.70
1747838123, 0, 1048, 1351, 1347, 32, 8.34%, 0, 0, 3, 10.62
1747838138, 0, 1050, 1352, 1348, 32, 8.34%, 0, 0, 3, 11.31
1747838159, 0, 1051, 1352, 1348, 32, 8.34%, 0, 0, 3, 10.81
1747838174, 0, 1052, 1352, 1348, 32, 8.34%, 0, 0, 3, 11.78
1747838185, 0, 1053, 1352, 1348, 32, 8.34%, 0, 0, 3, 10.56
1747838195, 0, 1053, 1353, 1349, 32, 8.34%, 0, 0, 3, 9.59
1747838211, 0, 1055, 1353, 1349, 32, 8.34%, 0, 0, 3, 11.15
1747838221, 0, 1056, 1353, 1349, 32, 8.34%, 0, 0, 3, 10.98
1747838236, 0, 1057, 1353, 1349, 32, 8.34%, 0, 0, 3, 10.59
1747838246, 0, 1058, 1353, 1349, 32, 8.34%, 0, 0, 3, 10.40
1747838257, 0, 1059, 1353, 1349, 32, 8.34%, 0, 0, 3, 10.68
1747838272, 0, 1060, 1353, 1349, 32, 8.34%, 0, 0, 3, 10.80
1747838282, 0, 1061, 1353, 1349, 32, 8.34%, 0, 0, 3, 10.74
1747838287, 0, 1061, 1354, 1350, 32, 8.34%, 0, 0, 3, 9.68
1747838308, 0, 1063, 1354, 1350, 32, 8.34%, 0, 0, 3, 11.01
1747838318, 0, 1065, 1354, 1350, 32, 8.34%, 0, 0, 3, 11.40
1747838333, 0, 1066, 1355, 1351, 32, 8.34%, 0, 0, 3, 10.79
1747838354, 0, 1066, 1356, 1352, 32, 8.34%, 0, 0, 3, 9.56
1747838364, 0, 1066, 1357, 1353, 32, 8.34%, 0, 0, 3, 9.68
1747838431, 0, 1067, 1357, 1353, 31, 8.34%, 0, 0, 3, 10.05
1747838437, 0, 1067, 1359, 1355, 31, 8.34%, 0, 0, 3, 9.05
1747838483, 0, 1068, 1359, 1355, 31, 8.34%, 0, 0, 3, 10.84
1747838498, 0, 1069, 1359, 1355, 31, 8.34%, 0, 0, 3, 10.52
1747838508, 0, 1071, 1359, 1355, 31, 8.34%, 0, 0, 3, 9.78
1747838523, 0, 1072, 1359, 1355, 31, 8.34%, 0, 0, 3, 10.55
1747838533, 0, 1073, 1359, 1355, 31, 8.34%, 0, 0, 3, 10.28
1747838549, 0, 1074, 1359, 1355, 31, 8.34%, 0, 0, 3, 11.05
1747838559, 0, 1076, 1359, 1355, 31, 8.34%, 0, 0, 3, 10.81
1747838569, 0, 1077, 1359, 1355, 31, 8.34%, 0, 0, 3, 10.73
1747838579, 0, 1080, 1359, 1355, 31, 8.34%, 0, 0, 3, 10.83
1747838590, 0, 1080, 1360, 1356, 31, 8.34%, 0, 0, 3, 8.99
1747838600, 0, 1080, 1361, 1357, 31, 8.34%, 0, 0, 3, 9.24
1747838620, 0, 1080, 1362, 1358, 31, 8.34%, 0, 0, 3, 9.04
1747838631, 0, 1080, 1363, 1359, 31, 8.34%, 0, 0, 3, 11.27
1747838651, 0, 1080, 1364, 1360, 31, 8.34%, 0, 0, 3, 10.97
1747838728, 0, 1080, 1365, 1361, 31, 8.34%, 0, 0, 3, 9.61
1747838769, 0, 1080, 1366, 1362, 31, 8.34%, 0, 0, 3, 9.91
1747838779, 0, 1080, 1367, 1363, 31, 8.34%, 0, 0, 3, 10.28
1747838784, 0, 1080, 1368, 1364, 31, 8.34%, 0, 0, 3, 9.86
1747838871, 0, 1080, 1369, 1365, 31, 8.34%, 0, 0, 3, 14.11
1747838948, 0, 1081, 1369, 1365, 31, 8.34%, 0, 0, 3, 16.08
1747838953, 0, 1082, 1369, 1365, 31, 8.34%, 0, 0, 3, 16.29
1747838964, 0, 1083, 1369, 1365, 31, 8.34%, 0, 0, 3, 17.50
1747838969, 0, 1084, 1369, 1365, 31, 8.34%, 0, 0, 3, 16.47
1747838979, 0, 1085, 1369, 1365, 31, 8.34%, 0, 0, 3, 15.64
1747838984, 0, 1086, 1369, 1365, 31, 8.34%, 0, 0, 3, 15.58
1747838994, 0, 1087, 1369, 1365, 31, 8.34%, 0, 0, 3, 17.43
1747838999, 0, 1090, 1369, 1365, 31, 8.34%, 0, 0, 3, 16.35
1747839010, 0, 1091, 1370, 1366, 31, 8.34%, 0, 0, 3, 15.55
1747839015, 0, 1091, 1371, 1367, 31, 8.34%, 0, 0, 3, 15.69
1747839040, 0, 1093, 1371, 1367, 29, 8.34%, 0, 0, 3, 16.55
1747839050, 0, 1094, 1372, 1368, 29, 8.34%, 0, 0, 3, 17.77
1747839066, 0, 1095, 1372, 1368, 29, 8.34%, 0, 0, 3, 16.91
1747839071, 0, 1096, 1372, 1368, 29, 8.34%, 0, 0, 3, 16.78
1747839081, 0, 1097, 1372, 1368, 29, 8.34%, 0, 0, 3, 16.41
1747839086, 0, 1098, 1372, 1368, 29, 8.34%, 0, 0, 3, 17.17
1747839097, 0, 1099, 1372, 1368, 29, 8.34%, 0, 0, 3, 16.58
1747839102, 0, 1100, 1372, 1368, 29, 8.34%, 0, 0, 3, 16.91
1747839112, 0, 1101, 1372, 1368, 29, 8.34%, 0, 0, 3, 16.73
1747839117, 0, 1101, 1374, 1370, 29, 8.34%, 0, 0, 3, 16.14
1747839138, 0, 1102, 1374, 1370, 29, 8.34%, 0, 0, 3, 17.69
1747839148, 0, 1103, 1374, 1370, 29, 8.34%, 0, 0, 3, 16.78
1747839153, 0, 1105, 1374, 1370, 29, 8.34%, 0, 0, 3, 16.87
1747839163, 0, 1106, 1374, 1370, 29, 8.34%, 0, 0, 3, 17.18
1747839168, 0, 1106, 1375, 1371, 29, 8.34%, 0, 0, 3, 16.67
1747839179, 0, 1107, 1376, 1372, 29, 8.34%, 0, 0, 3, 15.53
1747839189, 0, 1107, 1377, 1373, 29, 8.34%, 0, 0, 3, 16.25
1747839194, 0, 1107, 1378, 1374, 29, 8.34%, 0, 0, 3, 15.63
1747839209, 0, 1107, 1379, 1375, 29, 8.34%, 0, 0, 3, 14.72
1747839311, 0, 1108, 1379, 1375, 30, 8.34%, 0, 0, 3, 15.78
1747839316, 0, 1109, 1379, 1375, 30, 8.34%, 0, 0, 3, 15.92
1747839326, 0, 1110, 1380, 1376, 30, 8.34%, 0, 0, 3, 16.03
1747839342, 0, 1110, 1381, 1377, 30, 8.34%, 0, 0, 3, 16.06
1747839352, 0, 1110, 1382, 1378, 30, 8.34%, 0, 0, 3, 15.94
1747839357, 0, 1110, 1383, 1379, 30, 8.34%, 0, 0, 3, 16.36
1747839393, 0, 1110, 1384, 1380, 30, 8.34%, 0, 0, 3, 14.67
1747839403, 0, 1110, 1385, 1381, 30, 8.34%, 0, 0, 3, 16.22
1747839418, 0, 1110, 1386, 1382, 30, 8.34%, 0, 0, 3, 15.50
1747839469, 0, 1110, 1388, 1384, 30, 8.34%, 0, 0, 3, 14.38
1747839505, 0, 1110, 1389, 1385, 30, 8.34%, 0, 0, 3, 16.56
1747839592, 0, 1111, 1390, 1386, 30, 8.34%, 0, 0, 3, 15.79
1747839597, 0, 1111, 1391, 1387, 30, 8.34%, 0, 0, 3, 14.23
1747839602, 0, 1111, 1392, 1388, 30, 8.34%, 0, 0, 3, 15.04
1747839617, 0, 1111, 1393, 1389, 30, 8.34%, 0, 0, 3, 14.93
1747839628, 0, 1111, 1394, 1390, 30, 8.34%, 0, 0, 3, 14.30
1747839689, 0, 1111, 1395, 1391, 30, 8.34%, 0, 0, 3, 15.35
1747839725, 0, 1111, 1396, 1392, 30, 8.34%, 0, 0, 3, 15.46
1747839735, 0, 1111, 1397, 1393, 30, 8.35%, 0, 0, 3, 15.23
1747839756, 0, 1111, 1398, 1394, 30, 8.35%, 0, 0, 3, 14.92
1747839776, 0, 1111, 1399, 1395, 30, 8.35%, 0, 0, 3, 14.58
1747839781, 0, 1111, 1400, 1396, 30, 8.35%, 0, 0, 3, 14.31
1747839853, 0, 1111, 1401, 1397, 30, 8.35%, 0, 0, 3, 14.60
1747839869, 0, 1112, 1401, 1397, 31, 8.35%, 0, 0, 3, 16.48
1747839874, 0, 1113, 1401, 1397, 31, 8.35%, 0, 0, 3, 17.04
1747839884, 0, 1115, 1401, 1397, 31, 8.35%, 0, 0, 3, 16.88
1747839889, 0, 1116, 1402, 1398, 31, 8.35%, 0, 0, 3, 16.04
1747839904, 0, 1117, 1402, 1398, 31, 8.35%, 0, 0, 3, 16.43
1747839915, 0, 1118, 1402, 1398, 31, 8.35%, 0, 0, 3, 16.64
1747839920, 0, 1119, 1402, 1398, 31, 8.35%, 0, 0, 3, 17.15
1747839930, 0, 1120, 1402, 1398, 31, 8.35%, 0, 0, 3, 15.93
1747839935, 0, 1121, 1402, 1398, 31, 8.35%, 0, 0, 3, 16.33
1747839945, 0, 1122, 1402, 1398, 31, 8.35%, 0, 0, 3, 16.48
1747839950, 0, 1123, 1402, 1398, 31, 8.35%, 0, 0, 3, 16.72
1747839961, 0, 1124, 1402, 1398, 31, 8.35%, 0, 0, 3, 15.67
1747839971, 0, 1125, 1402, 1398, 31, 8.35%, 0, 0, 3, 17.53
1747839976, 0, 1126, 1402, 1398, 31, 8.35%, 0, 0, 3, 17.46
1747839981, 0, 1127, 1402, 1398, 31, 8.35%, 0, 0, 3, 18.18
1747839991, 0, 1130, 1402, 1398, 31, 8.35%, 0, 0, 3, 16.80
1747839997, 0, 1131, 1402, 1398, 31, 8.35%, 0, 0, 3, 16.57
1747840007, 0, 1132, 1402, 1398, 31, 8.35%, 0, 0, 3, 17.46
1747840012, 0, 1133, 1402, 1398, 31, 8.35%, 0, 0, 3, 17.59
1747840017, 0, 1133, 1403, 1399, 31, 8.35%, 0, 0, 3, 16.57
1747840032, 0, 1134, 1403, 1399, 31, 8.35%, 0, 0, 3, 16.46
1747840038, 0, 1135, 1403, 1399, 31, 8.35%, 0, 0, 3, 15.87
1747840048, 0, 1136, 1404, 1400, 31, 8.35%, 0, 0, 3, 15.02
1747840063, 0, 1137, 1404, 1400, 31, 8.35%, 0, 0, 3, 17.34
1747846947, 0, 1139, 1405, 1400, 30, 8.35%, 0, 0, 3, 9.99
1747846978, 0, 1140, 1405, 1400, 30, 8.35%, 0, 0, 3, 9.03
1747846988, 0, 1141, 1405, 1400, 30, 8.35%, 0, 0, 3, 9.83
1747847004, 0, 1142, 1405, 1400, 30, 8.35%, 0, 0, 3, 9.82
1747847009, 0, 1142, 1406, 1401, 30, 8.35%, 0, 0, 3, 9.79
1747847014, 0, 1142, 1407, 1402, 30, 8.35%, 0, 0, 3, 8.68
1747847060, 0, 1143, 1407, 1402, 30, 8.35%, 0, 0, 3, 9.26
1747847076, 0, 1144, 1407, 1402, 30, 8.35%, 0, 0, 3, 10.15
1747847091, 0, 1147, 1407, 1402, 30, 8.35%, 0, 0, 3, 8.55
1747847102, 0, 1147, 1408, 1403, 30, 8.35%, 0, 0, 3, 8.38
1747847122, 0, 1149, 1408, 1403, 30, 8.35%, 0, 0, 3, 9.46
1747847137, 0, 1153, 1408, 1403, 30, 8.35%, 0, 0, 3, 8.87
1747847148, 0, 1155, 1408, 1403, 30, 8.35%, 0, 0, 3, 9.00
1747847163, 0, 1156, 1408, 1403, 30, 8.35%, 0, 0, 3, 8.81
1747847178, 0, 1157, 1408, 1403, 30, 8.35%, 0, 0, 3, 9.31
1747847189, 0, 1158, 1408, 1403, 30, 8.35%, 0, 0, 3, 10.02
1747847199, 0, 1158, 1409, 1404, 30, 8.35%, 0, 0, 3, 10.03
1747847219, 0, 1161, 1409, 1404, 30, 8.35%, 0, 0, 3, 10.14
1747847230, 0, 1162, 1409, 1404, 30, 8.35%, 0, 0, 3, 9.65
1747847245, 0, 1163, 1409, 1404, 30, 8.35%, 0, 0, 3, 9.89
1747847255, 0, 1164, 1409, 1404, 30, 8.35%, 0, 0, 3, 9.55
1747847271, 0, 1165, 1409, 1404, 30, 8.35%, 0, 0, 3, 9.87
1747847281, 0, 1166, 1409, 1404, 30, 8.35%, 0, 0, 3, 10.37
1747847296, 0, 1167, 1409, 1404, 30, 8.35%, 0, 0, 3, 10.29
1747847306, 0, 1168, 1409, 1404, 30, 8.35%, 0, 0, 3, 9.55
1747847322, 0, 1169, 1409, 1404, 30, 8.35%, 0, 0, 3, 9.25
1747847337, 0, 1171, 1409, 1404, 30, 8.35%, 0, 0, 3, 9.41
1747847348, 0, 1173, 1409, 1404, 30, 8.35%, 0, 0, 3, 9.53
1747847363, 0, 1174, 1409, 1404, 30, 8.35%, 0, 0, 3, 9.65
1747847374, 0, 1176, 1409, 1404, 30, 8.35%, 0, 0, 3, 10.02
1747847389, 0, 1177, 1409, 1404, 30, 8.35%, 0, 0, 3, 10.89
1747847399, 0, 1178, 1409, 1404, 30, 8.35%, 0, 0, 3, 10.10
1747847415, 0, 1179, 1409, 1404, 30, 8.35%, 0, 0, 3, 8.72
1747847430, 0, 1180, 1409, 1404, 30, 8.35%, 0, 0, 3, 9.31
1747847441, 0, 1181, 1409, 1404, 30, 8.35%, 0, 0, 3, 10.28
1747847456, 0, 1182, 1409, 1404, 30, 8.35%, 0, 0, 3, 9.36
1747847471, 0, 1184, 1410, 1405, 30, 8.35%, 0, 0, 3, 8.23
1747847492, 0, 1184, 1411, 1406, 30, 8.35%, 0, 0, 3, 8.24
1747847502, 0, 1184, 1412, 1407, 30, 8.35%, 0, 0, 3, 9.06
1747847533, 0, 1184, 1413, 1408, 30, 8.35%, 0, 0, 3, 8.67
1747847625, 0, 1184, 1414, 1409, 30, 8.35%, 0, 0, 3, 8.27
1747847744, 0, 1184, 1415, 1410, 30, 8.35%, 0, 0, 3, 8.68
1747847862, 0, 1184, 1416, 1411, 30, 8.45%, 0, 0, 3, 8.70
1747847888, 0, 1184, 1417, 1412, 30, 8.45%, 0, 0, 3, 9.23
1747847939, 0, 1184, 1418, 1413, 30, 8.45%, 0, 0, 3, 8.10
1747847955, 0, 1185, 1418, 1413, 30, 8.45%, 0, 0, 3, 9.53
1747847965, 0, 1186, 1418, 1413, 30, 8.45%, 0, 0, 3, 9.85
1747847980, 0, 1187, 1418, 1413, 30, 8.45%, 0, 0, 3, 9.27
1747847996, 0, 1188, 1418, 1413, 30, 8.45%, 0, 0, 3, 10.73
1747848006, 0, 1189, 1418, 1413, 30, 8.45%, 0, 0, 3, 9.40
1747848022, 0, 1190, 1418, 1413, 30, 8.45%, 0, 0, 3, 9.28
1747848037, 0, 1191, 1418, 1413, 30, 8.45%, 0, 0, 3, 9.78
1747848047, 0, 1191, 1419, 1414, 30, 8.45%, 0, 0, 3, 8.31
1747848068, 0, 1192, 1419, 1414, 30, 8.45%, 0, 0, 3, 8.96
1747848078, 0, 1193, 1419, 1414, 30, 8.45%, 0, 0, 3, 10.29
1747848094, 0, 1194, 1419, 1414, 30, 8.45%, 0, 0, 3, 9.08
1747848109, 0, 1195, 1419, 1414, 30, 8.45%, 0, 0, 3, 10.11
1747848119, 0, 1196, 1419, 1414, 30, 8.45%, 0, 0, 3, 9.54
1747848135, 0, 1197, 1419, 1414, 30, 8.45%, 0, 0, 3, 10.10
1747848145, 0, 1198, 1419, 1414, 30, 8.45%, 0, 0, 3, 9.64
1747848160, 0, 1199, 1419, 1414, 30, 8.45%, 0, 0, 3, 9.39
1747848175, 0, 1200, 1419, 1414, 30, 8.45%, 0, 0, 3, 9.87
1747848186, 0, 1201, 1419, 1414, 30, 8.45%, 0, 0, 3, 8.79
1747848201, 0, 1202, 1419, 1414, 30, 8.45%, 0, 0, 3, 10.23
1747848216, 0, 1203, 1419, 1414, 30, 8.45%, 0, 0, 3, 9.13
1747848227, 0, 1205, 1419, 1414, 30, 8.45%, 0, 0, 3, 9.24
1747848242, 0, 1206, 1419, 1414, 30, 8.45%, 0, 0, 3, 9.24
1747848252, 0, 1207, 1419, 1414, 30, 8.45%, 0, 0, 3, 10.26
1747848268, 0, 1208, 1419, 1414, 30, 8.45%, 0, 0, 3, 9.84
1747848278, 0, 1210, 1419, 1414, 30, 8.45%, 0, 0, 3, 10.38
1747848293, 0, 1212, 1419, 1414, 30, 8.45%, 0, 0, 3, 9.61
1747848309, 0, 1213, 1419, 1414, 30, 8.45%, 0, 0, 3, 9.83
1747848319, 0, 1214, 1419, 1414, 30, 8.45%, 0, 0, 3, 10.30
1747848334, 0, 1215, 1419, 1414, 30, 8.45%, 0, 0, 3, 10.28
1747848344, 0, 1216, 1419, 1414, 30, 8.45%, 0, 0, 3, 9.82
1747848360, 0, 1217, 1419, 1414, 30, 8.45%, 0, 0, 3, 9.51
1747848375, 0, 1218, 1419, 1414, 30, 8.45%, 0, 0, 3, 10.13
1747848385, 0, 1219, 1419, 1414, 30, 8.45%, 0, 0, 3, 10.02
1747848401, 0, 1221, 1419, 1414, 30, 8.45%, 0, 0, 3, 9.88
1747848411, 0, 1222, 1419, 1414, 30, 8.45%, 0, 0, 3, 10.01
1747848427, 0, 1224, 1419, 1414, 30, 8.45%, 0, 0, 3, 10.37
1747848437, 0, 1225, 1419, 1414, 30, 8.45%, 0, 0, 3, 10.36
1747848452, 0, 1226, 1419, 1414, 30, 8.45%, 0, 0, 3, 9.31
1747848462, 0, 1227, 1419, 1414, 30, 8.45%, 0, 0, 3, 9.38
1747848478, 0, 1228, 1419, 1414, 30, 8.45%, 0, 0, 3, 9.78
1747848488, 0, 1229, 1419, 1414, 30, 8.45%, 0, 0, 3, 10.17
1747848503, 0, 1232, 1419, 1414, 30, 8.45%, 0, 0, 3, 10.80
1747848514, 0, 1233, 1419, 1414, 30, 8.45%, 0, 0, 3, 10.60
1747848529, 0, 1234, 1419, 1414, 30, 8.45%, 0, 0, 3, 10.03
1747848539, 0, 1235, 1419, 1414, 30, 8.45%, 0, 0, 3, 9.82
1747848555, 0, 1237, 1419, 1414, 30, 8.45%, 0, 0, 3, 9.55
1747848570, 0, 1238, 1419, 1414, 30, 8.45%, 0, 0, 3, 10.07
1747848581, 0, 1239, 1419, 1414, 30, 8.45%, 0, 0, 3, 9.80
1747848596, 0, 1240, 1419, 1414, 30, 8.45%, 0, 0, 3, 9.42
1747848606, 0, 1242, 1419, 1414, 30, 8.45%, 0, 0, 3, 9.73
1747848621, 0, 1243, 1419, 1414, 30, 8.45%, 0, 0, 3, 9.25
1747848637, 0, 1244, 1419, 1414, 30, 8.45%, 0, 0, 3, 9.19
1747848647, 0, 1245, 1419, 1414, 30, 8.45%, 0, 0, 3, 9.82
1747848662, 0, 1246, 1419, 1414, 30, 8.45%, 0, 0, 3, 9.16
1747848678, 0, 1247, 1419, 1414, 30, 8.45%, 0, 0, 3, 9.68
1747848688, 0, 1248, 1419, 1414, 30, 8.45%, 0, 0, 3, 10.14
1747848703, 0, 1250, 1419, 1414, 30, 8.45%, 0, 0, 3, 10.51
1747848714, 0, 1251, 1419, 1414, 30, 8.45%, 0, 0, 3, 9.93
1747848729, 0, 1253, 1419, 1414, 30, 8.45%, 0, 0, 3, 10.55
1747848739, 0, 1254, 1419, 1414, 30, 8.45%, 0, 0, 3, 10.02
1747848750, 0, 1255, 1419, 1414, 30, 8.45%, 0, 0, 3, 9.78
1747848760, 0, 1255, 1420, 1415, 30, 8.45%, 0, 0, 3, 7.95
1747848786, 0, 1256, 1420, 1415, 30, 8.45%, 0, 0, 3, 9.21
1747848796, 0, 1257, 1420, 1415, 30, 8.45%, 0, 0, 3, 9.54
1747848812, 0, 1258, 1420, 1415, 30, 8.45%, 0, 0, 3, 10.29
1747848822, 0, 1259, 1420, 1415, 30, 8.45%, 0, 0, 3, 9.53
1747848838, 0, 1261, 1420, 1415, 30, 8.45%, 0, 0, 3, 9.71
1747848848, 0, 1263, 1420, 1415, 30, 8.45%, 0, 0, 3, 9.77
1747848863, 0, 1265, 1420, 1415, 30, 8.45%, 0, 0, 3, 9.62
1747848879, 0, 1266, 1420, 1415, 30, 8.45%, 0, 0, 3, 9.40
1747848889, 0, 1267, 1420, 1415, 30, 8.45%, 0, 0, 3, 8.73
1747848904, 0, 1268, 1421, 1416, 30, 8.45%, 0, 0, 3, 9.20
1747848930, 0, 1269, 1421, 1416, 30, 8.45%, 0, 0, 3, 10.24
1747848945, 0, 1270, 1421, 1416, 30, 8.45%, 0, 0, 3, 10.69
1747848955, 0, 1271, 1421, 1416, 30, 8.45%, 0, 0, 3, 10.80
1747848966, 0, 1272, 1421, 1416, 30, 8.45%, 0, 0, 3, 10.18
1747848981, 0, 1273, 1421, 1416, 30, 8.45%, 0, 0, 3, 9.92
1747848997, 0, 1274, 1421, 1416, 30, 8.45%, 0, 0, 3, 8.60
1747849012, 0, 1275, 1421, 1416, 30, 8.45%, 0, 0, 3, 10.19
1747849022, 0, 1277, 1421, 1416, 30, 8.45%, 0, 0, 3, 10.20
1747849038, 0, 1278, 1421, 1416, 30, 8.45%, 0, 0, 3, 9.85
1747849048, 0, 1279, 1421, 1416, 30, 8.45%, 0, 0, 3, 10.31
1747849063, 0, 1280, 1421, 1416, 30, 8.45%, 0, 0, 3, 9.90
1747849074, 0, 1281, 1421, 1416, 30, 8.45%, 0, 0, 3, 10.03
1747849089, 0, 1282, 1421, 1416, 30, 8.45%, 0, 0, 3, 9.71
1747849099, 0, 1283, 1421, 1416, 30, 8.45%, 0, 0, 3, 9.70
1747849115, 0, 1284, 1421, 1416, 30, 8.45%, 0, 0, 3, 10.28
1747849130, 0, 1285, 1421, 1416, 30, 8.45%, 0, 0, 3, 9.53
1747849141, 0, 1287, 1421, 1416, 30, 8.45%, 0, 0, 3, 9.70
1747849156, 0, 1288, 1421, 1416, 30, 8.45%, 0, 0, 3, 9.83
1747849166, 0, 1290, 1421, 1416, 30, 8.45%, 0, 0, 3, 9.94
1747849182, 0, 1291, 1421, 1416, 30, 8.45%, 0, 0, 3, 9.59
1747849197, 0, 1292, 1421, 1416, 30, 8.45%, 0, 0, 3, 9.72
1747849202, 0, 1292, 1422, 1417, 30, 8.45%, 0, 0, 3, 9.29
1747849223, 0, 1294, 1422, 1417, 30, 8.45%, 0, 0, 3, 10.06
1747849238, 0, 1295, 1422, 1417, 30, 8.45%, 0, 0, 3, 9.78
1747849253, 0, 1296, 1422, 1417, 30, 8.45%, 0, 0, 3, 8.93
1747849269, 0, 1297, 1422, 1417, 30, 8.45%, 0, 0, 3, 8.85
1747849279, 0, 1297, 1423, 1418, 30, 8.45%, 0, 0, 3, 8.40
1747849294, 0, 1298, 1423, 1418, 30, 8.45%, 0, 0, 3, 9.04
1747849310, 0, 1299, 1423, 1418, 30, 8.45%, 0, 0, 3, 10.61
1747849320, 0, 1301, 1423, 1418, 30, 8.45%, 0, 0, 3, 10.48
1747849335, 0, 1303, 1423, 1418, 30, 8.45%, 0, 0, 3, 9.36
1747849345, 0, 1304, 1423, 1418, 30, 8.45%, 0, 0, 3, 10.02
1747849361, 0, 1305, 1423, 1418, 30, 8.45%, 0, 0, 3, 9.53
1747849371, 0, 1305, 1424, 1419, 30, 8.45%, 0, 0, 3, 9.20
1747849381, 0, 1305, 1425, 1420, 30, 8.45%, 0, 0, 3, 8.55
1747849417, 0, 1306, 1425, 1420, 30, 8.45%, 0, 0, 3, 10.05
1747849433, 0, 1307, 1425, 1420, 30, 8.45%, 0, 0, 3, 8.96
1747849443, 0, 1308, 1425, 1420, 30, 8.45%, 0, 0, 3, 8.63
1747849459, 0, 1309, 1425, 1420, 30, 8.45%, 0, 0, 3, 9.77
1747849474, 0, 1310, 1425, 1420, 30, 8.45%, 0, 0, 3, 10.03
1747849484, 0, 1311, 1425, 1420, 30, 8.45%, 0, 0, 3, 10.22
1747849500, 0, 1312, 1425, 1420, 30, 8.45%, 0, 0, 3, 9.58
1747849510, 0, 1313, 1425, 1420, 30, 8.45%, 0, 0, 3, 9.19
1747849526, 0, 1314, 1425, 1420, 30, 8.45%, 0, 0, 3, 10.49
1747849536, 0, 1315, 1425, 1420, 30, 8.45%, 0, 0, 3, 9.81
1747849551, 0, 1316, 1425, 1420, 30, 8.45%, 0, 0, 3, 9.90
1747849562, 0, 1316, 1426, 1421, 30, 8.45%, 0, 0, 3, 9.18
1747849577, 0, 1317, 1426, 1421, 30, 8.45%, 0, 0, 3, 10.62
1747849593, 0, 1318, 1427, 1422, 30, 8.45%, 0, 0, 3, 10.18
1747849618, 0, 1319, 1427, 1422, 30, 8.45%, 0, 0, 3, 9.59
1747849634, 0, 1320, 1427, 1422, 30, 8.45%, 0, 0, 3, 8.22
1747849649, 0, 1321, 1427, 1422, 30, 8.45%, 0, 0, 3, 10.53
1747849659, 0, 1323, 1427, 1422, 30, 8.45%, 0, 0, 3, 9.84
1747849665, 0, 1323, 1428, 1423, 30, 8.45%, 0, 0, 3, 9.55
1747849685, 0, 1325, 1428, 1423, 30, 8.45%, 0, 0, 3, 9.06
1747849690, 0, 1325, 1429, 1424, 30, 8.45%, 0, 0, 3, 9.22
1747849716, 0, 1326, 1429, 1424, 30, 8.45%, 0, 0, 3, 9.82
1747849726, 0, 1327, 1429, 1424, 30, 8.45%, 0, 0, 3, 10.13
1747849742, 0, 1329, 1429, 1424, 30, 8.45%, 0, 0, 3, 10.60
1747849752, 0, 1330, 1429, 1424, 30, 8.45%, 0, 0, 3, 10.54
1747849757, 0, 1330, 1430, 1425, 30, 8.45%, 0, 0, 3, 9.90
1747849777, 0, 1331, 1430, 1425, 30, 8.45%, 0, 0, 3, 10.11
1747849793, 0, 1332, 1430, 1425, 30, 8.45%, 0, 0, 3, 9.99
1747849803, 0, 1333, 1430, 1425, 30, 8.45%, 0, 0, 3, 9.93
1747849818, 0, 1334, 1430, 1425, 30, 8.45%, 0, 0, 3, 9.91
1747849829, 0, 1335, 1430, 1425, 30, 8.45%, 0, 0, 3, 9.05
1747849844, 0, 1336, 1430, 1425, 30, 8.45%, 0, 0, 3, 9.22
1747849859, 0, 1337, 1430, 1425, 30, 8.45%, 0, 0, 3, 10.10
1747849869, 0, 1338, 1430, 1425, 30, 8.45%, 0, 0, 3, 9.64
1747849885, 0, 1339, 1430, 1425, 30, 8.45%, 0, 0, 3, 9.65
1747849895, 0, 1340, 1430, 1425, 30, 8.45%, 0, 0, 3, 10.14
1747849910, 0, 1341, 1430, 1425, 30, 8.45%, 0, 0, 3, 9.25
1747849925, 0, 1342, 1430, 1425, 30, 8.45%, 0, 0, 3, 9.60
1747849935, 0, 1343, 1430, 1425, 30, 8.45%, 0, 0, 3, 9.43
1747849950, 0, 1344, 1430, 1425, 30, 8.45%, 0, 0, 3, 8.54
1747849966, 0, 1345, 1430, 1425, 30, 8.45%, 0, 0, 3, 9.27
1747849976, 0, 1346, 1430, 1425, 30, 8.45%, 0, 0, 3, 10.28
1747849992, 0, 1347, 1430, 1425, 30, 8.45%, 0, 0, 3, 9.10
1747850008, 0, 1350, 1430, 1425, 30, 8.45%, 0, 0, 3, 9.83
1747850018, 0, 1351, 1430, 1425, 30, 8.45%, 0, 0, 3, 9.63
1747850033, 0, 1352, 1430, 1425, 30, 8.45%, 0, 0, 3, 9.86
1747850044, 0, 1353, 1430, 1425, 30, 8.45%, 0, 0, 3, 8.95
1747850059, 0, 1354, 1430, 1425, 30, 8.45%, 0, 0, 3, 8.88
1747850074, 0, 1355, 1430, 1425, 30, 8.45%, 0, 0, 3, 9.72
1747850085, 0, 1356, 1430, 1425, 30, 8.45%, 0, 0, 3, 9.24
1747850100, 0, 1357, 1430, 1425, 30, 8.45%, 0, 0, 3, 9.82
1747850116, 0, 1358, 1430, 1425, 30, 8.45%, 0, 0, 3, 9.71
1747850126, 0, 1359, 1430, 1425, 30, 8.45%, 0, 0, 3, 9.92
1747850142, 0, 1361, 1430, 1425, 30, 8.45%, 0, 0, 3, 10.11
1747850152, 0, 1362, 1430, 1425, 30, 8.45%, 0, 0, 3, 9.80
1747850167, 0, 1363, 1430, 1425, 30, 8.45%, 0, 0, 3, 9.35
1747850178, 0, 1364, 1430, 1425, 30, 8.45%, 0, 0, 3, 9.46
1747850193, 0, 1365, 1430, 1425, 30, 8.45%, 0, 0, 3, 9.11
1747850203, 0, 1366, 1430, 1425, 30, 8.45%, 0, 0, 3, 10.29
1747850219, 0, 1367, 1430, 1425, 30, 8.45%, 0, 0, 3, 9.76
1747850234, 0, 1368, 1430, 1425, 30, 8.45%, 0, 0, 3, 10.22
1747850244, 0, 1369, 1430, 1425, 30, 8.45%, 0, 0, 3, 9.55
1747850260, 0, 1370, 1430, 1425, 30, 8.45%, 0, 0, 3, 9.69
1747850270, 0, 1371, 1430, 1425, 30, 8.45%, 0, 0, 3, 9.87
1747850617, 0, 1371, 1432, 1427, 30, 8.45%, 0, 0, 4, 8.66
1747853613, 0, 1371, 1433, 1428, 30, 8.45%, 0, 0, 4, 9.26
