# unix_time, cycles_done, cur_path, paths_total, pending_total, pending_favs, map_size, unique_crashes, unique_hangs, max_depth, execs_per_sec
1747817517, 0, 0, 1, 1, 1, 3.78%, 0, 0, 1, 55.17
1747817523, 0, 0, 21, 21, 1, 4.87%, 0, 0, 2, 52.20
1747817528, 0, 0, 42, 42, 1, 4.90%, 0, 0, 2, 50.18
1747817533, 0, 0, 57, 57, 1, 4.92%, 0, 0, 2, 49.09
1747817538, 0, 0, 73, 73, 1, 4.92%, 0, 0, 2, 49.13
1747817543, 0, 0, 86, 86, 1, 4.93%, 0, 0, 2, 49.59
1747817548, 0, 0, 97, 97, 1, 4.93%, 0, 0, 2, 50.18
1747817553, 0, 0, 105, 105, 1, 4.93%, 0, 0, 2, 50.63
1747817558, 0, 0, 114, 114, 1, 4.93%, 0, 0, 2, 50.20
1747817563, 0, 0, 122, 122, 1, 4.93%, 0, 0, 2, 50.70
1747817568, 0, 0, 130, 130, 1, 4.93%, 0, 0, 2, 50.24
1747817573, 0, 0, 138, 138, 1, 4.94%, 0, 0, 2, 50.06
1747817578, 0, 0, 145, 145, 1, 4.94%, 0, 0, 2, 51.34
1747817583, 0, 0, 149, 149, 1, 4.94%, 0, 0, 2, 52.56
1747817588, 0, 0, 154, 154, 1, 4.94%, 0, 0, 2, 52.10
1747817593, 0, 0, 158, 158, 1, 4.94%, 0, 0, 2, 52.23
1747817598, 0, 0, 164, 164, 1, 4.94%, 0, 0, 2, 52.60
1747817603, 0, 0, 168, 168, 1, 4.94%, 0, 0, 2, 52.02
1747817608, 0, 0, 169, 169, 1, 4.94%, 0, 0, 2, 53.63
1747817613, 0, 0, 177, 177, 1, 4.94%, 0, 0, 2, 50.94
1747817618, 0, 0, 179, 179, 1, 4.94%, 0, 0, 2, 53.71
1747817623, 0, 0, 183, 183, 1, 4.94%, 0, 0, 2, 53.05
1747817629, 0, 0, 187, 187, 1, 4.94%, 0, 0, 2, 52.05
1747817634, 0, 0, 191, 191, 1, 4.94%, 0, 0, 2, 52.23
1747817639, 0, 0, 194, 194, 1, 4.95%, 0, 0, 2, 53.55
1747817649, 0, 0, 196, 196, 1, 4.95%, 0, 0, 2, 52.91
1747817654, 0, 0, 199, 199, 1, 4.95%, 0, 0, 2, 53.01
1747817659, 0, 0, 202, 202, 1, 4.96%, 0, 0, 2, 52.48
1747817664, 0, 0, 203, 203, 1, 4.96%, 0, 0, 2, 53.64
1747817669, 0, 0, 205, 205, 1, 4.96%, 0, 0, 2, 53.08
1747817674, 0, 0, 208, 208, 1, 4.96%, 0, 0, 2, 53.43
1747817680, 0, 0, 212, 212, 1, 4.96%, 0, 0, 2, 52.91
1747817685, 0, 0, 214, 214, 1, 4.96%, 0, 0, 2, 53.49
1747817690, 0, 0, 217, 217, 1, 4.96%, 0, 0, 2, 53.13
1747817695, 0, 0, 219, 219, 1, 4.96%, 0, 0, 2, 53.42
1747817700, 0, 0, 221, 221, 1, 4.96%, 0, 0, 2, 53.29
1747817705, 0, 0, 222, 222, 1, 4.96%, 0, 0, 2, 53.21
1747817710, 0, 0, 223, 223, 1, 4.96%, 0, 0, 2, 53.42
1747817715, 0, 0, 226, 226, 1, 4.96%, 0, 0, 2, 53.64
1747817725, 0, 0, 227, 227, 1, 4.96%, 0, 0, 2, 53.36
1747817730, 0, 0, 229, 229, 1, 4.96%, 0, 0, 2, 53.87
1747817735, 0, 0, 231, 231, 1, 4.96%, 0, 0, 2, 53.22
1747817740, 0, 0, 233, 233, 1, 4.96%, 0, 0, 2, 52.92
1747817745, 0, 0, 235, 235, 1, 4.96%, 0, 0, 2, 53.53
1747817766, 0, 0, 236, 236, 1, 4.96%, 0, 0, 2, 53.81
1747817786, 0, 0, 237, 237, 1, 4.96%, 0, 0, 2, 53.71
1747817791, 0, 0, 239, 239, 1, 4.97%, 0, 0, 2, 53.12
1747817816, 0, 0, 240, 240, 1, 4.97%, 0, 0, 2, 53.67
1747817821, 0, 0, 242, 242, 1, 4.97%, 0, 0, 2, 53.17
1747817832, 0, 0, 245, 245, 1, 4.97%, 0, 0, 2, 53.45
1747817837, 0, 0, 246, 246, 1, 4.97%, 0, 0, 2, 53.09
1747817857, 0, 0, 248, 248, 1, 4.97%, 0, 0, 2, 52.82
1747817862, 0, 0, 249, 249, 1, 4.97%, 0, 0, 2, 53.60
1747817867, 0, 1, 254, 253, 18, 5.00%, 0, 0, 2, 48.37
1747817873, 0, 1, 270, 269, 18, 5.00%, 0, 0, 2, 35.99
1747817878, 0, 1, 285, 284, 18, 5.01%, 0, 0, 2, 34.75
1747817883, 0, 1, 299, 298, 18, 5.02%, 0, 0, 2, 32.97
1747817888, 0, 1, 310, 309, 18, 5.02%, 0, 0, 2, 32.49
1747817893, 0, 1, 316, 315, 18, 5.04%, 0, 0, 2, 34.21
1747817898, 0, 1, 322, 321, 18, 5.04%, 0, 0, 2, 33.11
1747817903, 0, 1, 328, 327, 18, 5.04%, 0, 0, 2, 33.59
1747817909, 0, 1, 329, 328, 18, 5.04%, 0, 0, 2, 34.63
1747817914, 0, 1, 335, 334, 18, 5.04%, 0, 0, 2, 34.14
1747817919, 0, 1, 338, 337, 18, 5.04%, 0, 0, 2, 34.38
1747817924, 0, 1, 340, 339, 18, 5.04%, 0, 0, 2, 34.78
1747817929, 0, 1, 343, 342, 18, 5.04%, 0, 0, 2, 34.28
1747817934, 0, 1, 347, 346, 18, 5.04%, 0, 0, 2, 34.08
1747817939, 0, 1, 350, 349, 18, 5.04%, 0, 0, 2, 34.34
1747817950, 0, 1, 353, 352, 18, 5.04%, 0, 0, 2, 34.07
1747817955, 0, 1, 355, 354, 18, 5.04%, 0, 0, 2, 34.27
1747817960, 0, 1, 356, 355, 18, 5.04%, 0, 0, 2, 35.01
1747817965, 0, 1, 359, 358, 18, 5.04%, 0, 0, 2, 34.52
1747817970, 0, 1, 362, 361, 18, 5.04%, 0, 0, 2, 34.55
1747817975, 0, 1, 363, 362, 18, 5.04%, 0, 0, 2, 34.52
1747817986, 0, 1, 365, 364, 18, 5.04%, 0, 0, 2, 34.77
1747817991, 0, 1, 366, 365, 18, 5.04%, 0, 0, 2, 34.91
1747818001, 0, 1, 367, 366, 18, 5.04%, 0, 0, 2, 34.98
1747818006, 0, 1, 368, 367, 18, 5.04%, 0, 0, 2, 34.88
1747818017, 0, 2, 369, 368, 20, 5.04%, 0, 0, 2, 48.44
1747818027, 0, 3, 377, 375, 19, 5.07%, 0, 0, 3, 39.58
1747818032, 0, 3, 389, 387, 19, 5.07%, 0, 0, 3, 29.52
1747818037, 0, 3, 398, 396, 19, 5.07%, 0, 0, 3, 27.39
1747818042, 0, 3, 408, 406, 19, 5.08%, 0, 0, 3, 25.21
1747818047, 0, 3, 418, 416, 19, 5.08%, 0, 0, 3, 25.65
1747818052, 0, 3, 426, 424, 19, 5.08%, 0, 0, 3, 26.01
1747818057, 0, 3, 434, 432, 19, 5.08%, 0, 0, 3, 25.86
1747818062, 0, 3, 439, 437, 19, 5.09%, 0, 0, 3, 26.36
1747818067, 0, 3, 443, 441, 19, 5.09%, 0, 0, 3, 26.49
1747818072, 0, 3, 446, 444, 19, 5.09%, 0, 0, 3, 26.64
1747818078, 0, 3, 449, 447, 19, 5.09%, 0, 0, 3, 26.56
1747818083, 0, 3, 451, 449, 19, 5.09%, 0, 0, 3, 26.77
1747818088, 0, 3, 457, 455, 19, 5.09%, 0, 0, 3, 26.21
1747818093, 0, 3, 458, 456, 19, 5.09%, 0, 0, 3, 27.04
1747818098, 0, 3, 460, 458, 19, 5.09%, 0, 0, 3, 27.03
1747818103, 0, 3, 464, 462, 19, 5.09%, 0, 0, 3, 26.47
1747818108, 0, 3, 466, 464, 19, 5.09%, 0, 0, 3, 26.68
1747818113, 0, 3, 470, 468, 19, 5.09%, 0, 0, 3, 26.41
1747818118, 0, 3, 471, 469, 19, 5.09%, 0, 0, 3, 26.99
1747818123, 0, 3, 472, 470, 19, 5.09%, 0, 0, 3, 27.12
1747818128, 0, 3, 473, 471, 19, 5.09%, 0, 0, 3, 27.24
1747818133, 0, 3, 479, 477, 19, 5.09%, 0, 0, 3, 26.72
1747818138, 0, 3, 484, 482, 19, 5.09%, 0, 0, 3, 26.12
1747818144, 0, 3, 486, 484, 19, 5.09%, 0, 0, 3, 26.84
1747818149, 0, 3, 487, 485, 19, 5.09%, 0, 0, 3, 26.74
1747818154, 0, 3, 492, 490, 19, 5.09%, 0, 0, 3, 26.82
1747818159, 0, 3, 496, 494, 19, 5.09%, 0, 0, 3, 26.65
1747818194, 0, 3, 498, 496, 19, 5.09%, 0, 0, 3, 26.98
1747818210, 0, 3, 500, 498, 19, 5.09%, 0, 0, 3, 26.87
1747818220, 0, 4, 507, 505, 15, 5.52%, 0, 0, 3, 23.76
1747818225, 0, 4, 519, 517, 15, 5.52%, 0, 0, 3, 21.70
1747818230, 0, 4, 528, 526, 15, 5.66%, 0, 0, 3, 21.15
1747818235, 0, 4, 538, 536, 15, 5.67%, 0, 0, 3, 20.94
1747818240, 0, 4, 546, 544, 15, 5.71%, 0, 0, 3, 20.71
1747818245, 0, 4, 556, 554, 15, 5.71%, 0, 0, 3, 20.85
1747818250, 0, 4, 562, 560, 15, 5.71%, 0, 0, 3, 20.97
1747818256, 0, 4, 569, 567, 15, 5.71%, 0, 0, 3, 20.40
1747818261, 0, 4, 575, 573, 15, 5.71%, 0, 0, 3, 21.02
1747818266, 0, 4, 579, 577, 15, 5.72%, 0, 0, 3, 21.37
1747818271, 0, 4, 581, 579, 15, 5.72%, 0, 0, 3, 21.60
1747818276, 0, 4, 587, 585, 15, 5.72%, 0, 0, 3, 20.83
1747818281, 0, 4, 590, 588, 15, 5.72%, 0, 0, 3, 21.42
1747818286, 0, 4, 595, 593, 15, 5.72%, 0, 0, 3, 20.33
1747818291, 0, 4, 598, 596, 15, 5.72%, 0, 0, 3, 21.19
1747818296, 0, 4, 603, 601, 15, 5.72%, 0, 0, 3, 21.05
1747818302, 0, 4, 607, 605, 15, 5.72%, 0, 0, 3, 20.89
1747818307, 0, 4, 610, 608, 15, 5.73%, 0, 0, 3, 21.28
1747818312, 0, 4, 612, 610, 15, 5.73%, 0, 0, 3, 20.79
1747818317, 0, 4, 615, 613, 15, 5.73%, 0, 0, 3, 19.70
1747818322, 0, 4, 618, 616, 15, 5.80%, 0, 0, 3, 20.71
1747818327, 0, 4, 623, 621, 15, 5.80%, 0, 0, 3, 20.67
1747818332, 0, 4, 624, 622, 15, 5.80%, 0, 0, 3, 21.23
1747818337, 0, 4, 627, 625, 15, 5.80%, 0, 0, 3, 21.20
1747818342, 0, 4, 630, 628, 15, 5.80%, 0, 0, 3, 21.06
1747818347, 0, 4, 631, 629, 15, 5.80%, 0, 0, 3, 21.44
1747818358, 0, 4, 634, 632, 15, 5.80%, 0, 0, 3, 21.14
1747818363, 0, 4, 638, 636, 15, 5.80%, 0, 0, 3, 20.73
1747818368, 0, 4, 640, 638, 15, 5.80%, 0, 0, 3, 20.92
1747818373, 0, 4, 641, 639, 15, 5.80%, 0, 0, 3, 21.34
1747818383, 0, 4, 644, 642, 15, 5.80%, 0, 0, 3, 21.09
1747818393, 0, 4, 648, 646, 15, 5.80%, 0, 0, 3, 20.77
1747818398, 0, 4, 649, 647, 15, 5.81%, 0, 0, 3, 21.37
1747818419, 0, 4, 650, 648, 15, 5.81%, 0, 0, 3, 21.29
1747818424, 0, 4, 652, 650, 15, 5.81%, 0, 0, 3, 21.40
1747818449, 0, 4, 655, 653, 15, 5.81%, 0, 0, 3, 21.51
1747818454, 0, 4, 658, 656, 15, 6.12%, 0, 0, 3, 21.22
1747818460, 0, 4, 664, 662, 15, 6.12%, 0, 0, 3, 21.37
1747818465, 0, 4, 665, 663, 15, 6.12%, 0, 0, 3, 21.13
1747818470, 0, 4, 667, 665, 15, 6.12%, 0, 0, 3, 21.52
1747818475, 0, 5, 670, 668, 10, 6.12%, 0, 0, 3, 20.86
1747818480, 0, 5, 675, 673, 10, 6.13%, 0, 0, 3, 19.35
1747818485, 0, 5, 680, 678, 10, 6.13%, 0, 0, 3, 19.60
1747818490, 0, 5, 684, 682, 10, 6.13%, 0, 0, 3, 19.76
1747818495, 0, 5, 688, 686, 10, 6.13%, 0, 0, 3, 19.64
1747818500, 0, 5, 690, 688, 10, 6.13%, 0, 0, 3, 19.86
1747818505, 0, 5, 691, 689, 10, 6.13%, 0, 0, 3, 19.90
1747818510, 0, 5, 695, 693, 10, 6.13%, 0, 0, 3, 19.38
1747818516, 0, 5, 697, 695, 10, 6.13%, 0, 0, 3, 19.66
1747818521, 0, 5, 698, 696, 10, 6.13%, 0, 0, 3, 19.50
1747818526, 0, 5, 701, 699, 10, 6.13%, 0, 0, 3, 19.55
1747818541, 0, 5, 702, 700, 10, 6.13%, 0, 0, 3, 19.60
1747818546, 0, 5, 703, 701, 10, 6.13%, 0, 0, 3, 19.76
1747818551, 0, 5, 704, 702, 10, 6.13%, 0, 0, 3, 20.00
1747818562, 0, 5, 705, 703, 10, 6.13%, 0, 0, 3, 19.94
1747818572, 0, 5, 706, 704, 10, 6.13%, 0, 0, 3, 19.88
1747818582, 0, 5, 707, 705, 10, 6.13%, 0, 0, 3, 19.84
1747818598, 0, 5, 708, 706, 10, 6.13%, 0, 0, 3, 20.09
1747818603, 0, 5, 709, 707, 10, 6.13%, 0, 0, 3, 19.88
1747818608, 0, 5, 710, 708, 10, 6.13%, 0, 0, 3, 19.72
1747818613, 0, 5, 711, 709, 10, 6.13%, 0, 0, 3, 19.92
1747818623, 0, 5, 712, 710, 10, 6.13%, 0, 0, 3, 19.81
1747818644, 0, 5, 713, 711, 10, 6.13%, 0, 0, 3, 19.92
1747818659, 0, 5, 714, 712, 10, 6.13%, 0, 0, 3, 19.86
1747818664, 0, 5, 715, 713, 10, 6.13%, 0, 0, 3, 19.61
1747818700, 0, 6, 717, 715, 10, 6.13%, 0, 0, 3, 20.20
1747818705, 0, 6, 719, 717, 10, 6.13%, 0, 0, 3, 19.90
1747818710, 0, 6, 720, 718, 10, 6.13%, 0, 0, 3, 19.74
1747818715, 0, 6, 721, 719, 10, 6.13%, 0, 0, 3, 19.83
1747818721, 0, 6, 723, 721, 10, 6.13%, 0, 0, 3, 19.73
1747818731, 0, 6, 724, 722, 10, 6.13%, 0, 0, 3, 19.86
1747818736, 0, 6, 725, 723, 10, 6.13%, 0, 0, 3, 19.79
1747818741, 0, 6, 726, 724, 10, 6.13%, 0, 0, 3, 19.98
1747818751, 0, 6, 727, 725, 10, 6.13%, 0, 0, 3, 19.94
1747818782, 0, 6, 729, 727, 10, 6.13%, 0, 0, 3, 19.81
1747818787, 0, 6, 730, 728, 10, 6.13%, 0, 0, 3, 19.84
1747818792, 0, 6, 731, 729, 10, 6.13%, 0, 0, 3, 19.35
1747818797, 0, 6, 732, 730, 10, 6.13%, 0, 0, 3, 19.90
1747818813, 0, 6, 733, 731, 10, 6.13%, 0, 0, 3, 19.83
1747818828, 0, 6, 734, 732, 10, 6.13%, 0, 0, 3, 19.88
1747818838, 0, 6, 735, 733, 10, 6.13%, 0, 0, 3, 19.91
1747818848, 0, 6, 737, 735, 10, 6.13%, 0, 0, 3, 19.98
1747818854, 0, 6, 738, 736, 10, 6.13%, 0, 0, 3, 19.95
1747818879, 0, 6, 739, 737, 10, 6.13%, 0, 0, 3, 19.93
1747818884, 0, 6, 740, 738, 10, 6.13%, 0, 0, 3, 19.50
1747818910, 0, 6, 741, 739, 10, 6.13%, 0, 0, 3, 19.38
1747818915, 0, 6, 742, 740, 10, 6.13%, 0, 0, 3, 19.46
1747818920, 0, 7, 743, 741, 11, 6.13%, 0, 0, 3, 19.49
1747818925, 0, 8, 743, 741, 11, 6.13%, 0, 0, 3, 19.72
1747818930, 0, 9, 743, 741, 11, 6.13%, 0, 0, 3, 19.58
1747818940, 0, 9, 744, 742, 11, 6.13%, 0, 0, 3, 19.86
1747818945, 0, 10, 744, 742, 11, 6.13%, 0, 0, 3, 19.58
1747818951, 0, 12, 745, 743, 11, 6.14%, 0, 0, 3, 19.34
1747818966, 0, 12, 747, 745, 11, 6.16%, 0, 0, 3, 18.94
1747818971, 0, 12, 749, 747, 11, 6.16%, 0, 0, 3, 18.86
1747818986, 0, 12, 751, 749, 11, 6.16%, 0, 0, 3, 19.02
1747818991, 0, 12, 752, 750, 11, 6.16%, 0, 0, 3, 19.14
1747818996, 0, 12, 753, 751, 11, 6.16%, 0, 0, 3, 19.03
1747819007, 0, 12, 755, 753, 11, 6.16%, 0, 0, 3, 18.88
1747819017, 0, 12, 756, 754, 11, 6.16%, 0, 0, 3, 19.07
1747819022, 0, 12, 757, 755, 11, 6.16%, 0, 0, 3, 19.15
1747819027, 0, 12, 758, 756, 11, 6.16%, 0, 0, 3, 19.02
1747819037, 0, 12, 760, 758, 11, 6.16%, 0, 0, 3, 18.89
1747819052, 0, 12, 761, 759, 11, 6.16%, 0, 0, 3, 19.12
1747819068, 0, 12, 762, 760, 11, 6.16%, 0, 0, 3, 18.99
1747819083, 0, 12, 763, 761, 11, 6.16%, 0, 0, 3, 19.12
1747819113, 0, 12, 764, 762, 11, 6.16%, 0, 0, 3, 19.13
1747819128, 0, 12, 765, 763, 11, 6.16%, 0, 0, 3, 19.22
1747819139, 0, 12, 766, 764, 11, 6.16%, 0, 0, 3, 19.29
1747819154, 0, 12, 767, 765, 11, 6.16%, 0, 0, 3, 19.19
1747819174, 0, 13, 768, 766, 13, 6.16%, 0, 0, 3, 19.36
1747819185, 0, 14, 770, 768, 13, 6.16%, 0, 0, 3, 18.98
1747819190, 0, 14, 773, 771, 13, 6.17%, 0, 0, 3, 18.73
1747819195, 0, 14, 774, 772, 13, 6.17%, 0, 0, 3, 19.02
1747819200, 0, 14, 775, 773, 13, 6.20%, 0, 0, 3, 19.04
1747819205, 0, 14, 777, 775, 13, 6.20%, 0, 0, 3, 18.86
1747819210, 0, 14, 780, 778, 13, 6.21%, 0, 0, 3, 18.60
1747819225, 0, 14, 782, 780, 13, 6.21%, 0, 0, 3, 18.85
1747819230, 0, 14, 784, 782, 13, 6.21%, 0, 0, 3, 18.76
1747819236, 0, 14, 785, 783, 13, 6.21%, 0, 0, 3, 18.94
1747819241, 0, 14, 788, 786, 13, 6.21%, 0, 0, 3, 19.00
1747819246, 0, 14, 790, 788, 13, 6.24%, 0, 0, 3, 18.85
1747819261, 0, 14, 792, 790, 13, 6.24%, 0, 0, 3, 18.62
1747819266, 0, 14, 793, 791, 13, 6.24%, 0, 0, 3, 18.72
1747819271, 0, 14, 794, 792, 13, 6.24%, 0, 0, 3, 18.88
1747819287, 0, 14, 795, 793, 13, 6.24%, 0, 0, 3, 18.89
1747819302, 0, 14, 798, 796, 13, 6.24%, 0, 0, 3, 18.68
1747819307, 0, 14, 799, 797, 13, 6.24%, 0, 0, 3, 18.90
1747819317, 0, 14, 800, 798, 13, 6.24%, 0, 0, 3, 18.83
1747819338, 0, 14, 801, 799, 13, 6.24%, 0, 0, 3, 19.02
1747819343, 0, 14, 803, 801, 13, 6.25%, 0, 0, 3, 18.78
1747819348, 0, 14, 804, 802, 13, 6.25%, 0, 0, 3, 18.62
1747819353, 0, 14, 805, 803, 13, 6.25%, 0, 0, 3, 18.59
1747819359, 0, 14, 806, 804, 13, 6.25%, 0, 0, 3, 18.75
1747819389, 0, 14, 807, 805, 13, 6.25%, 0, 0, 3, 18.91
1747819415, 0, 15, 807, 805, 14, 6.25%, 0, 0, 3, 18.93
1747819420, 0, 15, 808, 806, 14, 6.25%, 0, 0, 3, 18.64
1747819425, 0, 15, 809, 807, 14, 6.25%, 0, 0, 3, 18.55
1747819430, 0, 15, 811, 809, 14, 6.25%, 0, 0, 3, 18.29
1747819435, 0, 15, 814, 812, 14, 6.30%, 0, 0, 3, 18.25
1747819440, 0, 15, 815, 813, 14, 6.30%, 0, 0, 3, 18.53
1747819476, 0, 15, 816, 814, 14, 6.30%, 0, 0, 3, 18.44
1747819481, 0, 15, 817, 815, 14, 6.30%, 0, 0, 3, 18.66
1747819543, 0, 15, 818, 816, 14, 6.30%, 0, 0, 3, 18.67
1747819564, 0, 15, 820, 818, 14, 6.30%, 0, 0, 3, 18.34
1747819569, 0, 15, 822, 820, 14, 6.30%, 0, 0, 3, 18.38
1747819574, 0, 15, 824, 822, 14, 6.30%, 0, 0, 3, 18.59
1747819605, 0, 15, 825, 823, 14, 6.30%, 0, 0, 3, 18.65
1747819646, 0, 16, 826, 824, 14, 6.30%, 0, 0, 3, 18.51
1747819651, 0, 16, 830, 828, 14, 6.30%, 0, 0, 3, 18.11
1747819656, 0, 16, 831, 829, 14, 6.30%, 0, 0, 3, 18.05
1747819661, 0, 16, 832, 830, 14, 6.30%, 0, 0, 3, 18.24
1747819671, 0, 16, 833, 831, 14, 6.31%, 0, 0, 3, 18.34
1747819676, 0, 16, 834, 832, 14, 6.31%, 0, 0, 3, 18.29
1747819681, 0, 16, 835, 833, 14, 6.31%, 0, 0, 3, 17.89
1747819692, 0, 16, 836, 834, 14, 6.31%, 0, 0, 3, 18.32
1747819712, 0, 16, 837, 835, 14, 6.31%, 0, 0, 3, 18.13
1747819717, 0, 16, 839, 837, 14, 6.31%, 0, 0, 3, 18.20
1747819778, 0, 16, 840, 838, 14, 6.31%, 0, 0, 3, 18.17
1747819788, 0, 16, 841, 839, 14, 6.31%, 0, 0, 3, 18.10
1747819834, 0, 16, 842, 840, 14, 6.31%, 0, 0, 3, 18.37
1747819864, 0, 16, 843, 841, 14, 6.31%, 0, 0, 3, 18.56
1747819874, 0, 18, 843, 841, 15, 6.31%, 0, 0, 3, 18.65
1747819885, 0, 19, 843, 841, 15, 6.31%, 0, 0, 3, 18.67
1747819890, 0, 19, 844, 842, 15, 6.31%, 0, 0, 3, 18.52
1747819895, 0, 19, 845, 843, 15, 6.31%, 0, 0, 3, 18.45
1747819910, 0, 20, 845, 843, 15, 6.31%, 0, 0, 3, 18.44
1747819915, 0, 20, 850, 848, 15, 6.32%, 0, 0, 3, 17.71
1747819920, 0, 20, 853, 851, 15, 6.32%, 0, 0, 3, 17.88
1747819930, 0, 20, 855, 853, 15, 6.32%, 0, 0, 3, 17.69
1747819951, 0, 20, 856, 854, 15, 6.32%, 0, 0, 3, 18.22
1747819956, 0, 20, 857, 855, 15, 6.32%, 0, 0, 3, 18.19
1747819966, 0, 20, 858, 856, 15, 6.32%, 0, 0, 3, 17.93
1747819971, 0, 20, 859, 857, 15, 6.32%, 0, 0, 3, 18.32
1747819987, 0, 20, 861, 859, 15, 6.32%, 0, 0, 3, 17.70
1747820022, 0, 20, 862, 860, 15, 6.32%, 0, 0, 3, 18.14
1747820032, 0, 20, 863, 861, 15, 6.32%, 0, 0, 3, 18.17
1747820058, 0, 20, 864, 862, 15, 6.32%, 0, 0, 3, 18.38
1747820098, 0, 20, 865, 863, 15, 6.32%, 0, 0, 3, 18.34
1747820144, 0, 21, 866, 864, 16, 6.32%, 0, 0, 3, 18.33
1747820154, 0, 22, 867, 865, 16, 6.32%, 0, 0, 3, 18.09
1747820165, 0, 23, 867, 865, 16, 6.32%, 0, 0, 3, 18.28
1747820175, 0, 25, 867, 865, 16, 6.32%, 0, 0, 3, 18.09
1747820180, 0, 26, 867, 865, 16, 6.32%, 0, 0, 3, 18.24
1747820190, 0, 27, 868, 866, 16, 6.32%, 0, 0, 3, 18.02
1747820196, 0, 27, 869, 867, 16, 6.32%, 0, 0, 3, 18.15
1747820201, 0, 27, 870, 868, 16, 6.32%, 0, 0, 3, 18.08
1747820221, 0, 27, 871, 869, 16, 6.32%, 0, 0, 3, 17.82
1747820247, 0, 27, 872, 870, 16, 6.32%, 0, 0, 3, 17.65
1747820267, 0, 27, 873, 871, 16, 6.32%, 0, 0, 3, 17.50
1747820298, 0, 27, 874, 872, 16, 6.32%, 0, 0, 3, 17.54
1747820328, 0, 27, 875, 873, 16, 6.32%, 0, 0, 3, 17.71
1747820334, 0, 27, 876, 874, 16, 6.32%, 0, 0, 3, 17.85
1747820421, 0, 28, 876, 874, 16, 6.32%, 0, 0, 3, 17.82
1747820426, 0, 29, 876, 874, 16, 6.32%, 0, 0, 3, 17.96
1747820431, 0, 29, 878, 876, 16, 6.32%, 0, 0, 3, 17.60
1747820451, 0, 29, 879, 877, 16, 6.32%, 0, 0, 3, 17.85
1747820456, 0, 29, 880, 878, 16, 6.32%, 0, 0, 3, 17.93
1747820462, 0, 29, 881, 879, 16, 6.32%, 0, 0, 3, 17.83
1747820472, 0, 29, 882, 880, 16, 6.32%, 0, 0, 3, 18.31
1747820508, 0, 29, 883, 881, 16, 6.32%, 0, 0, 3, 17.81
1747820564, 0, 29, 884, 882, 16, 6.32%, 0, 0, 3, 18.07
1747820579, 0, 29, 885, 883, 16, 6.32%, 0, 0, 3, 18.16
1747820600, 0, 29, 886, 884, 16, 6.32%, 0, 0, 3, 18.22
1747820610, 0, 29, 887, 885, 16, 6.32%, 0, 0, 3, 17.92
1747820656, 0, 30, 887, 885, 16, 6.32%, 0, 0, 3, 18.06
1747820666, 0, 34, 888, 886, 16, 6.34%, 0, 0, 3, 18.06
1747820681, 0, 35, 888, 886, 17, 6.34%, 0, 0, 3, 18.27
1747820686, 0, 36, 888, 886, 17, 6.34%, 0, 0, 3, 18.10
1747820692, 0, 37, 890, 888, 17, 6.34%, 0, 0, 3, 17.32
1747820717, 0, 37, 891, 889, 17, 6.34%, 0, 0, 3, 17.92
1747820722, 0, 37, 892, 890, 17, 6.34%, 0, 0, 3, 17.94
1747820733, 0, 37, 893, 891, 17, 6.34%, 0, 0, 3, 17.99
1747820758, 0, 37, 894, 892, 17, 6.34%, 0, 0, 3, 17.83
1747820784, 0, 37, 895, 893, 17, 6.34%, 0, 0, 3, 17.74
1747820794, 0, 37, 896, 894, 17, 6.34%, 0, 0, 3, 17.88
1747820820, 0, 37, 897, 895, 17, 6.34%, 0, 0, 3, 17.88
1747820855, 0, 37, 898, 896, 17, 6.34%, 0, 0, 3, 17.88
1747820871, 0, 37, 899, 897, 17, 6.34%, 0, 0, 3, 17.58
1747820922, 0, 37, 900, 898, 17, 6.34%, 0, 0, 3, 17.75
1747820927, 0, 38, 902, 900, 17, 6.34%, 0, 0, 3, 17.50
1747820932, 0, 38, 905, 903, 17, 6.34%, 0, 0, 3, 17.27
1747820942, 0, 38, 906, 904, 17, 6.34%, 0, 0, 3, 17.70
1747820947, 0, 38, 907, 905, 17, 6.34%, 0, 0, 3, 17.66
1747820952, 0, 38, 908, 906, 17, 6.34%, 0, 0, 3, 17.96
1747820973, 0, 38, 909, 907, 17, 6.34%, 0, 0, 3, 17.76
1747820978, 0, 38, 910, 908, 17, 6.34%, 0, 0, 3, 17.69
1747820983, 0, 38, 911, 909, 17, 6.34%, 0, 0, 3, 17.64
1747821009, 0, 38, 912, 910, 17, 6.34%, 0, 0, 3, 18.25
1747821024, 0, 38, 913, 911, 17, 6.34%, 0, 0, 3, 16.92
1747821029, 0, 38, 914, 912, 17, 6.34%, 0, 0, 3, 16.99
1747821034, 0, 38, 916, 914, 17, 6.34%, 0, 0, 3, 16.91
1747821039, 0, 38, 918, 916, 17, 6.34%, 0, 0, 3, 16.69
1747821045, 0, 38, 919, 917, 17, 6.34%, 0, 0, 3, 17.08
1747821055, 0, 38, 920, 918, 17, 6.34%, 0, 0, 3, 17.37
1747821065, 0, 38, 921, 919, 17, 6.47%, 0, 0, 3, 17.32
1747821075, 0, 38, 922, 920, 17, 6.47%, 0, 0, 3, 17.33
1747821090, 0, 38, 923, 921, 17, 6.47%, 0, 0, 3, 17.59
1747821101, 0, 38, 925, 923, 17, 6.48%, 0, 0, 3, 17.22
1747821127, 0, 38, 926, 924, 17, 6.48%, 0, 0, 3, 17.43
1747821172, 0, 39, 927, 925, 19, 6.48%, 0, 0, 3, 17.02
1747821177, 0, 39, 928, 926, 19, 6.48%, 0, 0, 3, 17.43
1747821183, 0, 39, 930, 928, 19, 6.48%, 0, 0, 3, 16.97
1747821188, 0, 39, 931, 929, 19, 6.48%, 0, 0, 3, 17.04
1747821223, 0, 39, 932, 930, 19, 6.48%, 0, 0, 3, 17.59
1747821244, 0, 39, 933, 931, 19, 6.48%, 0, 0, 3, 17.05
1747821249, 0, 39, 934, 932, 19, 6.48%, 0, 0, 3, 17.33
1747821259, 0, 39, 935, 933, 19, 6.48%, 0, 0, 3, 17.16
1747821284, 0, 39, 936, 934, 19, 6.48%, 0, 0, 3, 17.01
1747821295, 0, 39, 937, 935, 19, 6.48%, 0, 0, 3, 17.20
1747821341, 0, 39, 938, 936, 19, 6.48%, 0, 0, 3, 17.32
1747821351, 0, 39, 939, 937, 19, 6.48%, 0, 0, 3, 17.06
1747821356, 0, 39, 940, 938, 19, 6.48%, 0, 0, 3, 17.12
1747821381, 0, 39, 941, 939, 19, 6.48%, 0, 0, 3, 17.54
1747821391, 0, 39, 943, 941, 19, 6.48%, 0, 0, 3, 17.07
1747821417, 0, 40, 945, 943, 20, 6.48%, 0, 0, 3, 16.69
1747821422, 0, 40, 946, 944, 20, 6.48%, 0, 0, 3, 16.72
1747821479, 0, 42, 946, 944, 20, 6.48%, 0, 0, 3, 17.45
1747821484, 0, 42, 947, 945, 20, 6.48%, 0, 0, 3, 17.21
1747821489, 0, 42, 948, 946, 20, 6.48%, 0, 0, 3, 16.99
1747821509, 0, 44, 948, 946, 20, 6.48%, 0, 0, 3, 17.76
1747821515, 0, 44, 949, 947, 20, 6.48%, 0, 0, 3, 17.43
1747821525, 0, 45, 949, 947, 19, 6.48%, 0, 0, 3, 17.56
1747821530, 0, 46, 949, 947, 19, 6.48%, 0, 0, 3, 17.62
1747821540, 0, 47, 950, 948, 19, 6.48%, 0, 0, 3, 17.25
1747821556, 0, 48, 951, 949, 19, 6.48%, 0, 0, 3, 16.94
1747821571, 0, 48, 952, 950, 19, 6.49%, 0, 0, 3, 17.02
1747821586, 0, 49, 952, 950, 20, 6.49%, 0, 0, 3, 17.46
1747821592, 0, 52, 954, 952, 20, 6.52%, 0, 0, 3, 16.43
1747821597, 0, 52, 955, 953, 20, 6.56%, 0, 0, 3, 16.81
1747821602, 0, 52, 957, 955, 20, 6.56%, 0, 0, 3, 16.72
1747821607, 0, 52, 958, 956, 20, 6.56%, 0, 0, 3, 16.66
1747821612, 0, 52, 959, 957, 20, 6.56%, 0, 0, 3, 16.45
1747821617, 0, 52, 960, 958, 20, 6.56%, 0, 0, 3, 17.19
1747821632, 0, 52, 961, 959, 20, 6.56%, 0, 0, 3, 16.75
1747821643, 0, 52, 962, 960, 20, 6.56%, 0, 0, 3, 17.07
1747821658, 0, 52, 963, 961, 20, 6.56%, 0, 0, 3, 16.98
1747821663, 0, 52, 964, 962, 20, 6.56%, 0, 0, 3, 17.03
1747821673, 0, 52, 965, 963, 20, 6.56%, 0, 0, 3, 17.30
1747821678, 0, 52, 966, 964, 20, 6.56%, 0, 0, 3, 16.64
1747821684, 0, 52, 968, 966, 20, 6.56%, 0, 0, 3, 16.54
1747821689, 0, 52, 969, 967, 20, 6.57%, 0, 0, 3, 16.61
1747821714, 0, 52, 970, 968, 20, 6.57%, 0, 0, 3, 17.26
1747821720, 0, 52, 971, 969, 20, 6.57%, 0, 0, 3, 17.10
1747821725, 0, 52, 972, 970, 20, 6.57%, 0, 0, 3, 16.45
1747821730, 0, 52, 973, 971, 20, 6.57%, 0, 0, 3, 16.64
1747821735, 0, 52, 975, 973, 20, 6.57%, 0, 0, 3, 16.37
1747821750, 0, 52, 977, 975, 20, 6.57%, 0, 0, 3, 16.88
1747821766, 0, 52, 979, 977, 20, 6.57%, 0, 0, 3, 16.62
1747821771, 0, 52, 980, 978, 20, 6.57%, 0, 0, 3, 16.80
1747821791, 0, 52, 981, 979, 20, 6.57%, 0, 0, 3, 17.31
1747821796, 0, 52, 982, 980, 20, 6.57%, 0, 0, 3, 16.70
1747821842, 0, 52, 983, 981, 20, 6.57%, 0, 0, 3, 16.90
1747821847, 0, 53, 983, 981, 18, 6.57%, 0, 0, 3, 17.47
1747821857, 0, 54, 986, 984, 18, 6.57%, 0, 0, 3, 16.15
1747821863, 0, 54, 987, 985, 18, 6.57%, 0, 0, 3, 16.64
1747821868, 0, 54, 988, 986, 18, 6.57%, 0, 0, 3, 16.93
1747821873, 0, 54, 989, 987, 18, 6.58%, 0, 0, 3, 16.83
1747821878, 0, 54, 991, 989, 18, 6.58%, 0, 0, 3, 16.78
1747821883, 0, 54, 994, 992, 18, 6.58%, 0, 0, 3, 16.19
1747821888, 0, 54, 996, 994, 18, 6.58%, 0, 0, 3, 16.33
1747821893, 0, 54, 997, 995, 18, 6.58%, 0, 0, 3, 16.95
1747821898, 0, 54, 998, 996, 18, 6.58%, 0, 0, 3, 16.77
1747821944, 0, 54, 999, 997, 18, 6.58%, 0, 0, 3, 16.33
1747821949, 0, 54, 1000, 998, 18, 6.58%, 0, 0, 3, 17.17
1747822001, 0, 54, 1001, 999, 18, 6.58%, 0, 0, 3, 16.65
1747822042, 0, 54, 1002, 1000, 18, 6.58%, 0, 0, 3, 16.36
1747822052, 0, 54, 1003, 1001, 18, 6.58%, 0, 0, 3, 16.57
1747822103, 0, 54, 1004, 1002, 18, 6.58%, 0, 0, 3, 16.83
1747822108, 0, 56, 1004, 1002, 17, 6.58%, 0, 0, 3, 16.89
1747822113, 0, 56, 1005, 1003, 17, 6.58%, 0, 0, 3, 16.36
1747822124, 0, 57, 1005, 1003, 17, 6.58%, 0, 0, 3, 16.48
1747822129, 0, 57, 1006, 1004, 17, 6.60%, 0, 0, 3, 16.43
1747822134, 0, 57, 1007, 1005, 17, 6.60%, 0, 0, 3, 16.65
1747822139, 0, 57, 1009, 1007, 17, 6.60%, 0, 0, 3, 16.01
1747822149, 0, 57, 1010, 1008, 17, 6.60%, 0, 0, 3, 16.48
1747822159, 0, 57, 1011, 1009, 17, 6.60%, 0, 0, 3, 16.48
1747822165, 0, 57, 1012, 1010, 17, 6.60%, 0, 0, 3, 16.63
1747822170, 0, 57, 1013, 1011, 17, 6.60%, 0, 0, 3, 16.42
1747822190, 0, 57, 1014, 1012, 17, 6.60%, 0, 0, 3, 16.39
1747822216, 0, 57, 1015, 1013, 17, 6.60%, 0, 0, 3, 16.49
1747822251, 0, 57, 1016, 1014, 17, 6.60%, 0, 0, 3, 15.99
1747822267, 0, 57, 1017, 1015, 17, 6.60%, 0, 0, 3, 16.45
1747822298, 0, 57, 1018, 1016, 17, 6.60%, 0, 0, 3, 15.98
1747822318, 0, 57, 1020, 1018, 17, 6.60%, 0, 0, 3, 16.38
1747822323, 0, 57, 1021, 1019, 17, 6.60%, 0, 0, 3, 16.46
1747822354, 0, 57, 1022, 1020, 17, 6.60%, 0, 0, 3, 16.64
1747822379, 0, 58, 1022, 1020, 18, 6.60%, 0, 0, 3, 17.13
1747822385, 0, 59, 1022, 1020, 18, 6.60%, 0, 0, 3, 17.28
1747822390, 0, 59, 1024, 1022, 18, 6.60%, 0, 0, 3, 16.32
1747822405, 0, 59, 1025, 1023, 18, 6.60%, 0, 0, 3, 16.44
1747822410, 0, 59, 1026, 1024, 18, 6.60%, 0, 0, 3, 16.12
1747822415, 0, 59, 1027, 1025, 18, 6.60%, 0, 0, 3, 16.55
1747822430, 0, 59, 1028, 1026, 18, 6.60%, 0, 0, 3, 16.19
1747822440, 0, 59, 1029, 1027, 18, 6.60%, 0, 0, 3, 16.15
1747822476, 0, 59, 1030, 1028, 18, 6.60%, 0, 0, 3, 16.81
1747822486, 0, 59, 1032, 1030, 18, 6.60%, 0, 0, 3, 16.23
1747822501, 0, 59, 1033, 1031, 18, 6.60%, 0, 0, 3, 16.15
1747822522, 0, 59, 1034, 1032, 18, 6.60%, 0, 0, 3, 16.47
1747822537, 0, 59, 1035, 1033, 18, 6.60%, 0, 0, 3, 16.02
1747822563, 0, 59, 1036, 1034, 18, 6.60%, 0, 0, 3, 16.50
1747822583, 0, 59, 1037, 1035, 18, 6.60%, 0, 0, 3, 16.74
1747822635, 0, 59, 1038, 1036, 18, 6.60%, 0, 0, 3, 16.05
1747822645, 0, 61, 1039, 1037, 18, 6.60%, 0, 0, 3, 16.11
1747822650, 0, 61, 1040, 1038, 18, 6.60%, 0, 0, 3, 16.45
1747822675, 0, 62, 1040, 1038, 18, 6.60%, 0, 0, 3, 16.35
1747822680, 0, 63, 1040, 1038, 18, 6.60%, 0, 0, 3, 16.71
1747822686, 0, 63, 1041, 1039, 18, 6.60%, 0, 0, 3, 16.73
1747822691, 0, 63, 1042, 1040, 18, 6.60%, 0, 0, 3, 16.34
1747822716, 0, 65, 1044, 1042, 18, 6.61%, 0, 0, 3, 15.96
1747822722, 0, 65, 1045, 1043, 18, 6.61%, 0, 0, 3, 15.75
1747822737, 0, 65, 1046, 1044, 18, 6.61%, 0, 0, 3, 15.83
1747822742, 0, 65, 1047, 1045, 18, 6.61%, 0, 0, 3, 16.50
1747822752, 0, 65, 1048, 1046, 18, 6.61%, 0, 0, 3, 16.38
1747822757, 0, 65, 1049, 1047, 18, 6.61%, 0, 0, 3, 16.21
1747822901, 0, 65, 1050, 1048, 18, 6.61%, 0, 0, 3, 16.03
1747822926, 0, 65, 1051, 1049, 18, 6.61%, 0, 0, 3, 16.38
1747822957, 0, 65, 1052, 1050, 18, 6.61%, 0, 0, 3, 16.27
1747822962, 0, 65, 1053, 1051, 18, 6.61%, 0, 0, 3, 16.83
1747822967, 0, 69, 1053, 1051, 19, 6.61%, 0, 0, 3, 16.57
1747822972, 0, 69, 1054, 1052, 19, 6.61%, 0, 0, 3, 16.02
1747822983, 0, 71, 1054, 1052, 19, 6.61%, 0, 0, 3, 16.22
1747822993, 0, 71, 1055, 1053, 19, 6.61%, 0, 0, 3, 16.11
1747822998, 0, 72, 1055, 1053, 19, 6.61%, 0, 0, 3, 16.31
1747823003, 0, 72, 1056, 1054, 19, 6.61%, 0, 0, 3, 15.97
1747823019, 0, 73, 1056, 1054, 19, 6.61%, 0, 0, 3, 16.46
1747823024, 0, 74, 1056, 1054, 19, 6.61%, 0, 0, 3, 16.14
1747823034, 0, 75, 1057, 1055, 19, 6.61%, 0, 0, 3, 15.88
1747823049, 0, 76, 1057, 1055, 19, 6.61%, 0, 0, 3, 16.28
1747823054, 0, 76, 1058, 1056, 19, 6.61%, 0, 0, 3, 16.11
1747823065, 0, 76, 1059, 1057, 19, 6.61%, 0, 0, 3, 16.19
1747823075, 0, 76, 1060, 1058, 19, 6.61%, 0, 0, 3, 16.40
1747823080, 0, 76, 1061, 1059, 19, 6.61%, 0, 0, 3, 16.06
1747823126, 0, 76, 1062, 1060, 19, 6.61%, 0, 0, 3, 16.30
1747823147, 0, 76, 1063, 1061, 19, 6.61%, 0, 0, 3, 15.79
1747823172, 0, 76, 1064, 1062, 19, 6.61%, 0, 0, 3, 16.52
1747823274, 0, 76, 1065, 1063, 19, 6.61%, 0, 0, 3, 16.87
1747823295, 0, 76, 1066, 1064, 19, 6.61%, 0, 0, 3, 16.13
1747823300, 0, 76, 1067, 1065, 19, 6.61%, 0, 0, 3, 16.15
1747823305, 0, 77, 1067, 1065, 19, 6.61%, 0, 0, 3, 16.86
1747823310, 0, 78, 1067, 1065, 19, 6.61%, 0, 0, 3, 16.83
1747823315, 0, 79, 1068, 1066, 19, 6.61%, 0, 0, 3, 16.57
1747823320, 0, 79, 1072, 1070, 19, 6.61%, 0, 0, 3, 14.43
1747823325, 0, 79, 1075, 1073, 19, 6.61%, 0, 0, 3, 14.83
1747823351, 0, 79, 1076, 1074, 19, 6.61%, 0, 0, 3, 16.79
1747823356, 0, 79, 1077, 1075, 19, 6.61%, 0, 0, 3, 16.07
1747823361, 0, 79, 1078, 1076, 19, 6.61%, 0, 0, 3, 15.63
1747823366, 0, 79, 1079, 1077, 19, 6.61%, 0, 0, 3, 16.37
1747823371, 0, 79, 1080, 1078, 19, 6.61%, 0, 0, 3, 16.02
1747823381, 0, 79, 1082, 1080, 19, 6.62%, 0, 0, 3, 15.57
1747823438, 0, 79, 1083, 1081, 19, 6.62%, 0, 0, 3, 16.23
1747823459, 0, 79, 1084, 1082, 19, 6.62%, 0, 0, 3, 15.64
1747823464, 0, 79, 1085, 1083, 19, 6.62%, 0, 0, 3, 15.78
1747823474, 0, 79, 1087, 1085, 19, 6.62%, 0, 0, 3, 15.50
1747823500, 0, 79, 1088, 1086, 19, 6.63%, 0, 0, 3, 15.83
1747823556, 0, 79, 1089, 1087, 19, 6.63%, 0, 0, 3, 15.65
1747823571, 0, 79, 1090, 1088, 19, 6.63%, 0, 0, 3, 16.32
1747823586, 0, 81, 1090, 1088, 20, 6.63%, 0, 0, 3, 16.22
1747823591, 0, 82, 1090, 1088, 20, 6.63%, 0, 0, 3, 16.30
1747823601, 0, 83, 1092, 1090, 20, 6.63%, 0, 0, 3, 15.28
1747823607, 0, 83, 1094, 1092, 20, 6.63%, 0, 0, 3, 14.65
1747823617, 0, 83, 1095, 1093, 20, 6.63%, 0, 0, 3, 16.47
1747823632, 0, 83, 1096, 1094, 20, 6.63%, 0, 0, 3, 15.58
1747823653, 0, 83, 1097, 1095, 20, 6.63%, 0, 0, 3, 15.64
1747823658, 0, 83, 1098, 1096, 20, 6.63%, 0, 0, 3, 15.21
1747823668, 0, 83, 1099, 1097, 20, 6.63%, 0, 0, 3, 15.38
1747823678, 0, 83, 1101, 1099, 20, 6.63%, 0, 0, 3, 15.11
1747823694, 0, 83, 1102, 1100, 20, 6.63%, 0, 0, 3, 15.83
1747823709, 0, 83, 1103, 1101, 20, 6.63%, 0, 0, 3, 14.78
1747823765, 0, 83, 1104, 1102, 20, 6.63%, 0, 0, 3, 15.42
1747823791, 0, 83, 1105, 1103, 20, 6.63%, 0, 0, 3, 15.87
1747823816, 0, 83, 1106, 1104, 20, 6.63%, 0, 0, 3, 16.13
1747823868, 0, 84, 1107, 1105, 20, 6.63%, 0, 0, 3, 15.58
1747823873, 0, 84, 1108, 1106, 20, 6.63%, 0, 0, 3, 15.33
1747823888, 0, 84, 1109, 1107, 20, 6.63%, 0, 0, 3, 15.63
1747823914, 0, 84, 1110, 1108, 20, 6.63%, 0, 0, 3, 15.26
1747823934, 0, 84, 1111, 1109, 20, 6.63%, 0, 0, 3, 16.13
1747823940, 0, 84, 1112, 1110, 20, 6.63%, 0, 0, 3, 15.15
1747823950, 0, 84, 1113, 1111, 20, 6.63%, 0, 0, 3, 15.13
1747823991, 0, 84, 1114, 1112, 20, 6.63%, 0, 0, 3, 14.86
1747823996, 0, 84, 1115, 1113, 20, 6.63%, 0, 0, 3, 15.26
1747824006, 0, 84, 1116, 1114, 20, 6.63%, 0, 0, 3, 15.83
1747824032, 0, 84, 1117, 1115, 20, 6.63%, 0, 0, 3, 15.60
1747824052, 0, 84, 1118, 1116, 20, 6.63%, 0, 0, 3, 15.78
1747824057, 0, 84, 1119, 1117, 20, 6.63%, 0, 0, 3, 14.91
1747824078, 0, 84, 1120, 1118, 20, 6.63%, 0, 0, 3, 15.48
1747824134, 0, 85, 1121, 1119, 18, 6.64%, 0, 0, 3, 15.56
1747824144, 0, 86, 1123, 1121, 18, 6.64%, 0, 0, 3, 14.41
1747824149, 0, 86, 1124, 1122, 18, 6.64%, 0, 0, 3, 15.09
1747824154, 0, 86, 1126, 1124, 18, 6.64%, 0, 0, 3, 14.89
1747824165, 0, 86, 1128, 1126, 18, 6.64%, 0, 0, 3, 14.38
1747824175, 0, 86, 1130, 1128, 18, 6.64%, 0, 0, 3, 15.36
1747824190, 0, 86, 1131, 1129, 18, 6.64%, 0, 0, 3, 14.71
1747824195, 0, 86, 1132, 1130, 18, 6.64%, 0, 0, 3, 15.19
1747824216, 0, 86, 1133, 1131, 18, 6.64%, 0, 0, 3, 14.90
1747824246, 0, 86, 1134, 1132, 18, 6.64%, 0, 0, 3, 23.83
1747824276, 0, 86, 1135, 1133, 18, 6.64%, 0, 0, 3, 27.27
1747824287, 0, 86, 1136, 1134, 18, 6.64%, 0, 0, 3, 26.27
1747824297, 0, 86, 1137, 1135, 18, 6.64%, 0, 0, 3, 26.30
1747824317, 0, 86, 1138, 1136, 18, 6.64%, 0, 0, 3, 26.26
1747824322, 0, 86, 1139, 1137, 18, 6.64%, 0, 0, 3, 25.73
1747824342, 0, 87, 1139, 1137, 16, 6.64%, 0, 0, 3, 27.04
1747824347, 0, 88, 1140, 1138, 16, 6.64%, 0, 0, 3, 26.81
1747824353, 0, 88, 1142, 1140, 16, 6.64%, 0, 0, 3, 25.24
1747824358, 0, 88, 1144, 1142, 16, 6.64%, 0, 0, 3, 24.72
1747824363, 0, 88, 1145, 1143, 16, 6.64%, 0, 0, 3, 26.49
1747824378, 0, 88, 1146, 1144, 16, 6.64%, 0, 0, 3, 24.98
1747824383, 0, 88, 1147, 1145, 16, 6.64%, 0, 0, 3, 25.44
1747824388, 0, 88, 1149, 1147, 16, 6.64%, 0, 0, 3, 25.69
1747824419, 0, 88, 1150, 1148, 16, 6.64%, 0, 0, 3, 25.72
1747824429, 0, 88, 1152, 1150, 16, 6.64%, 0, 0, 3, 25.88
1747824505, 0, 89, 1152, 1150, 16, 6.64%, 0, 0, 3, 26.74
1747824510, 0, 89, 1153, 1151, 16, 6.64%, 0, 0, 3, 25.57
1747824516, 0, 90, 1153, 1151, 16, 6.64%, 0, 0, 3, 26.49
1747824521, 0, 90, 1155, 1153, 16, 6.64%, 0, 0, 3, 24.99
1747824526, 0, 90, 1156, 1154, 16, 6.64%, 0, 0, 3, 25.09
1747824531, 0, 90, 1157, 1155, 16, 6.64%, 0, 0, 3, 25.40
1747824541, 0, 90, 1159, 1157, 16, 6.64%, 0, 0, 3, 24.98
1747824546, 0, 90, 1160, 1158, 16, 6.64%, 0, 0, 3, 25.34
1747824556, 0, 90, 1161, 1159, 16, 6.64%, 0, 0, 3, 25.56
1747824562, 0, 90, 1162, 1160, 16, 6.64%, 0, 0, 3, 23.68
1747824597, 0, 90, 1163, 1161, 16, 6.64%, 0, 0, 3, 15.56
1747824649, 0, 90, 1164, 1162, 16, 6.64%, 0, 0, 3, 14.81
1747824674, 0, 90, 1165, 1163, 16, 6.64%, 0, 0, 3, 15.09
1747824731, 0, 90, 1166, 1164, 16, 6.64%, 0, 0, 3, 15.48
1747824762, 0, 91, 1166, 1164, 16, 6.64%, 0, 0, 3, 15.85
1747824772, 0, 92, 1167, 1165, 16, 6.64%, 0, 0, 3, 14.49
1747824782, 0, 92, 1169, 1167, 16, 6.64%, 0, 0, 3, 14.37
1747824813, 0, 92, 1170, 1168, 16, 6.64%, 0, 0, 3, 14.97
1747824818, 0, 92, 1171, 1169, 16, 6.64%, 0, 0, 3, 15.07
1747824874, 0, 92, 1172, 1170, 16, 6.64%, 0, 0, 3, 15.11
1747824879, 0, 92, 1174, 1172, 16, 6.64%, 0, 0, 3, 14.19
1747824935, 0, 92, 1175, 1173, 16, 6.64%, 0, 0, 3, 14.77
1747824981, 0, 92, 1176, 1174, 16, 6.64%, 0, 0, 3, 15.27
1747825048, 0, 93, 1176, 1174, 16, 6.64%, 0, 0, 3, 15.90
1747825053, 0, 93, 1177, 1175, 16, 6.64%, 0, 0, 3, 14.66
1747825058, 0, 93, 1178, 1176, 16, 6.64%, 0, 0, 3, 14.74
1747825063, 0, 93, 1179, 1177, 16, 6.64%, 0, 0, 3, 14.42
1747825089, 0, 93, 1180, 1178, 16, 6.64%, 0, 0, 3, 15.13
1747825094, 0, 93, 1181, 1179, 16, 6.64%, 0, 0, 3, 14.21
1747825099, 0, 93, 1182, 1180, 16, 6.64%, 0, 0, 3, 14.71
1747825120, 0, 93, 1183, 1181, 16, 6.64%, 0, 0, 3, 15.15
1747825140, 0, 93, 1184, 1182, 16, 6.64%, 0, 0, 3, 15.15
1747825161, 0, 93, 1185, 1183, 16, 6.64%, 0, 0, 3, 15.35
1747825202, 0, 93, 1186, 1184, 16, 6.64%, 0, 0, 3, 15.02
1747825207, 0, 93, 1187, 1185, 16, 6.64%, 0, 0, 3, 15.11
1747825294, 0, 93, 1188, 1186, 16, 6.64%, 0, 0, 3, 14.34
1747825325, 0, 94, 1188, 1186, 16, 6.64%, 0, 0, 3, 15.03
1747825335, 0, 95, 1188, 1186, 16, 6.64%, 0, 0, 3, 14.90
1747825340, 0, 95, 1190, 1188, 16, 6.64%, 0, 0, 3, 14.63
1747825345, 0, 95, 1191, 1189, 16, 6.64%, 0, 0, 3, 14.96
1747825365, 0, 95, 1192, 1190, 16, 6.64%, 0, 0, 3, 14.50
1747825381, 0, 95, 1193, 1191, 16, 6.64%, 0, 0, 3, 14.53
1747825391, 0, 95, 1195, 1193, 16, 6.64%, 0, 0, 3, 13.44
1747825432, 0, 95, 1196, 1194, 16, 6.64%, 0, 0, 3, 15.29
1747825463, 0, 95, 1197, 1195, 16, 6.64%, 0, 0, 3, 15.02
1747825488, 0, 95, 1198, 1196, 16, 6.64%, 0, 0, 3, 14.43
1747825560, 0, 95, 1199, 1197, 16, 6.64%, 0, 0, 3, 25.13
1747825570, 0, 96, 1199, 1197, 16, 6.64%, 0, 0, 3, 25.18
1747825575, 0, 97, 1200, 1198, 16, 6.64%, 0, 0, 3, 24.33
1747825586, 0, 99, 1200, 1198, 16, 6.64%, 0, 0, 3, 23.77
1747825591, 0, 100, 1200, 1198, 16, 6.64%, 0, 0, 3, 25.88
1747825596, 0, 102, 1200, 1198, 16, 6.64%, 0, 0, 3, 24.96
1747825601, 0, 103, 1200, 1198, 16, 6.64%, 0, 0, 3, 25.78
1747825606, 0, 103, 1202, 1200, 16, 6.64%, 0, 0, 3, 24.31
1747825616, 0, 103, 1203, 1201, 16, 6.64%, 0, 0, 3, 25.48
1747825626, 0, 103, 1204, 1202, 16, 6.64%, 0, 0, 3, 25.00
1747825631, 0, 103, 1205, 1203, 16, 6.64%, 0, 0, 3, 23.71
1747825662, 0, 103, 1206, 1204, 16, 6.64%, 0, 0, 3, 14.71
1747825851, 0, 104, 1206, 1204, 15, 6.64%, 0, 0, 3, 14.34
1747825856, 0, 104, 1207, 1205, 15, 6.64%, 0, 0, 3, 14.94
1747825861, 0, 104, 1209, 1207, 15, 6.64%, 0, 0, 3, 13.73
1747825872, 0, 104, 1210, 1208, 15, 6.64%, 0, 0, 3, 14.40
1747825877, 0, 104, 1211, 1209, 15, 6.64%, 0, 0, 3, 14.34
1747825902, 0, 104, 1212, 1210, 15, 6.64%, 0, 0, 3, 14.06
1747825913, 0, 104, 1213, 1211, 15, 6.64%, 0, 0, 3, 14.42
1747825958, 0, 104, 1214, 1212, 15, 6.64%, 0, 0, 3, 14.41
1747825999, 0, 104, 1215, 1213, 15, 6.64%, 0, 0, 3, 14.58
1747826061, 0, 104, 1216, 1214, 15, 6.64%, 0, 0, 3, 14.24
1747826137, 0, 105, 1216, 1214, 15, 6.64%, 0, 0, 3, 14.85
1747826148, 0, 106, 1216, 1214, 15, 6.64%, 0, 0, 3, 15.56
1747826153, 0, 107, 1217, 1215, 15, 6.64%, 0, 0, 3, 14.92
1747826168, 0, 107, 1218, 1216, 15, 6.68%, 0, 0, 3, 14.26
1747826188, 0, 108, 1218, 1216, 13, 6.68%, 0, 0, 3, 14.95
1747826199, 0, 110, 1218, 1216, 13, 6.68%, 0, 0, 3, 14.06
1747826209, 0, 111, 1218, 1216, 13, 6.68%, 0, 0, 3, 15.54
1747826214, 0, 112, 1218, 1216, 13, 6.68%, 0, 0, 3, 14.54
1747826224, 0, 113, 1218, 1216, 13, 6.68%, 0, 0, 3, 15.41
1747826235, 0, 114, 1218, 1216, 13, 6.68%, 0, 0, 3, 15.31
1747826240, 0, 115, 1218, 1216, 13, 6.68%, 0, 0, 3, 15.67
1747826250, 0, 116, 1218, 1216, 13, 6.68%, 0, 0, 3, 15.00
1747826260, 0, 117, 1218, 1216, 13, 6.68%, 0, 0, 3, 14.80
1747826265, 0, 117, 1219, 1217, 13, 6.68%, 0, 0, 3, 15.22
1747826275, 0, 118, 1219, 1217, 13, 6.68%, 0, 0, 3, 15.72
1747826286, 0, 119, 1219, 1217, 13, 6.68%, 0, 0, 3, 14.77
1747826296, 0, 120, 1219, 1217, 13, 6.68%, 0, 0, 3, 15.02
1747826301, 0, 121, 1219, 1217, 13, 6.68%, 0, 0, 3, 15.20
1747826306, 0, 121, 1220, 1218, 13, 6.68%, 0, 0, 3, 14.26
1747826321, 0, 122, 1220, 1218, 13, 6.68%, 0, 0, 3, 14.75
1747826331, 0, 123, 1222, 1220, 13, 6.68%, 0, 0, 3, 13.72
1747826342, 0, 123, 1223, 1221, 13, 6.68%, 0, 0, 3, 13.70
1747826362, 0, 123, 1225, 1223, 13, 6.68%, 0, 0, 3, 13.66
1747826383, 0, 123, 1226, 1224, 13, 6.68%, 0, 0, 3, 14.03
1747826419, 0, 123, 1227, 1225, 13, 6.68%, 0, 0, 3, 13.32
1747826460, 0, 123, 1228, 1226, 13, 6.68%, 0, 0, 3, 14.11
1747826485, 0, 123, 1229, 1227, 13, 6.68%, 0, 0, 3, 14.29
1747826516, 0, 123, 1230, 1228, 13, 6.68%, 0, 0, 3, 14.47
1747826624, 0, 125, 1231, 1229, 14, 6.68%, 0, 0, 3, 13.85
1747826634, 0, 125, 1232, 1230, 14, 6.68%, 0, 0, 3, 13.37
1747826644, 0, 125, 1233, 1231, 14, 6.73%, 0, 0, 3, 13.13
1747826674, 0, 125, 1234, 1232, 14, 6.73%, 0, 0, 3, 13.31
1747826710, 0, 125, 1235, 1233, 14, 6.73%, 0, 0, 3, 13.07
1747826736, 0, 125, 1236, 1234, 14, 6.73%, 0, 0, 3, 14.11
1747826756, 0, 125, 1237, 1235, 14, 6.73%, 0, 0, 3, 14.19
1747826914, 0, 126, 1237, 1235, 13, 6.73%, 0, 0, 3, 14.33
1747826924, 0, 127, 1237, 1235, 13, 6.73%, 0, 0, 3, 14.43
1747826934, 0, 128, 1237, 1235, 13, 6.73%, 0, 0, 3, 15.28
1747826940, 0, 129, 1237, 1235, 13, 6.73%, 0, 0, 3, 14.85
1747826945, 0, 129, 1238, 1236, 13, 6.73%, 0, 0, 3, 14.79
1747826960, 0, 130, 1238, 1236, 13, 6.73%, 0, 0, 3, 14.86
1747826965, 0, 133, 1238, 1236, 13, 6.73%, 0, 0, 3, 14.31
1747826970, 0, 133, 1239, 1237, 13, 6.73%, 0, 0, 3, 13.83
1747826986, 0, 134, 1240, 1238, 13, 6.73%, 0, 0, 3, 13.73
1747826991, 0, 134, 1241, 1239, 13, 6.73%, 0, 0, 3, 14.28
1747826996, 0, 134, 1242, 1240, 13, 6.73%, 0, 0, 3, 19.38
1747827001, 0, 134, 1243, 1241, 13, 6.73%, 0, 0, 3, 22.37
1747827006, 0, 134, 1244, 1242, 13, 6.73%, 0, 0, 3, 23.06
1747827022, 0, 134, 1245, 1243, 13, 6.73%, 0, 0, 3, 24.31
1747827027, 0, 134, 1246, 1244, 13, 6.73%, 0, 0, 3, 24.63
1747827032, 0, 134, 1247, 1245, 13, 6.73%, 0, 0, 3, 24.60
1747827108, 0, 134, 1248, 1246, 13, 6.73%, 0, 0, 3, 13.62
1747827159, 0, 134, 1249, 1247, 13, 6.73%, 0, 0, 3, 12.50
1747827185, 0, 134, 1250, 1248, 13, 6.74%, 0, 0, 3, 13.07
1747827251, 0, 135, 1250, 1248, 14, 6.74%, 0, 0, 3, 14.29
1747827261, 0, 136, 1250, 1248, 14, 6.74%, 0, 0, 3, 14.23
1747827271, 0, 137, 1250, 1248, 14, 6.74%, 0, 0, 3, 14.68
1747827282, 0, 142, 1250, 1248, 14, 6.74%, 0, 0, 3, 15.18
1747827287, 0, 142, 1251, 1249, 14, 6.74%, 0, 0, 3, 14.36
1747827297, 0, 143, 1251, 1249, 14, 6.74%, 0, 0, 3, 15.08
1747827307, 0, 144, 1252, 1250, 14, 6.74%, 0, 0, 3, 14.51
1747827312, 0, 144, 1253, 1251, 14, 6.74%, 0, 0, 3, 13.82
1747827343, 0, 145, 1253, 1251, 14, 6.74%, 0, 0, 3, 13.71
1747827353, 0, 145, 1254, 1252, 14, 6.74%, 0, 0, 3, 13.63
1747827363, 0, 146, 1254, 1252, 14, 6.74%, 0, 0, 3, 13.35
1747827373, 0, 147, 1254, 1252, 14, 6.74%, 0, 0, 3, 14.42
1747827384, 0, 148, 1254, 1252, 14, 6.74%, 0, 0, 3, 13.21
1747827389, 0, 149, 1254, 1252, 14, 6.74%, 0, 0, 3, 14.24
1747827399, 0, 150, 1254, 1252, 14, 6.74%, 0, 0, 3, 14.52
1747827409, 0, 151, 1254, 1252, 14, 6.74%, 0, 0, 3, 13.19
1747827414, 0, 151, 1255, 1253, 14, 6.74%, 0, 0, 3, 12.77
1747827424, 0, 151, 1256, 1254, 14, 6.74%, 0, 0, 3, 13.86
1747827450, 0, 152, 1256, 1254, 14, 6.74%, 0, 0, 3, 13.66
1747827460, 0, 153, 1257, 1255, 14, 6.74%, 0, 0, 3, 13.05
1747827476, 0, 153, 1258, 1256, 14, 6.74%, 0, 0, 3, 12.86
1747827486, 0, 153, 1259, 1257, 14, 6.74%, 0, 0, 3, 13.60
1747827532, 0, 154, 1259, 1257, 14, 6.74%, 0, 0, 3, 14.51
1747827542, 0, 155, 1259, 1257, 14, 6.74%, 0, 0, 3, 14.25
1747827552, 0, 156, 1259, 1257, 14, 6.74%, 0, 0, 3, 14.47
1747827562, 0, 157, 1259, 1257, 14, 6.74%, 0, 0, 3, 13.74
1747827567, 0, 158, 1259, 1257, 14, 6.74%, 0, 0, 3, 14.10
1747827577, 0, 159, 1260, 1258, 14, 6.74%, 0, 0, 3, 13.52
1747827598, 0, 160, 1260, 1258, 15, 6.74%, 0, 0, 3, 14.00
1747827603, 0, 161, 1260, 1258, 15, 6.74%, 0, 0, 3, 15.08
1747827613, 0, 162, 1260, 1258, 15, 6.74%, 0, 0, 3, 14.47
1747827623, 0, 164, 1260, 1258, 15, 6.74%, 0, 0, 3, 14.66
1747827634, 0, 165, 1260, 1258, 15, 6.74%, 0, 0, 3, 15.00
1747827639, 0, 166, 1260, 1258, 15, 6.74%, 0, 0, 3, 14.43
1747827649, 0, 167, 1260, 1258, 15, 6.74%, 0, 0, 3, 14.95
1747827659, 0, 169, 1260, 1258, 15, 6.74%, 0, 0, 3, 14.64
1747827669, 0, 170, 1260, 1258, 15, 6.74%, 0, 0, 3, 14.22
1747827674, 0, 171, 1260, 1258, 15, 6.74%, 0, 0, 3, 13.37
1747827685, 0, 172, 1260, 1258, 15, 6.74%, 0, 0, 3, 14.01
1747827695, 0, 173, 1260, 1258, 15, 6.74%, 0, 0, 3, 14.34
1747827705, 0, 175, 1261, 1259, 15, 6.74%, 0, 0, 3, 13.58
1747827720, 0, 176, 1261, 1259, 15, 6.74%, 0, 0, 3, 14.11
1747827731, 0, 178, 1261, 1259, 15, 6.74%, 0, 0, 3, 14.15
1747827741, 0, 179, 1261, 1259, 15, 6.74%, 0, 0, 3, 14.14
1747827751, 0, 180, 1261, 1259, 15, 6.74%, 0, 0, 3, 14.01
1747827756, 0, 180, 1262, 1260, 15, 6.81%, 0, 0, 3, 13.18
1747827771, 0, 181, 1262, 1260, 15, 6.81%, 0, 0, 3, 14.33
1747827777, 0, 183, 1262, 1260, 15, 6.81%, 0, 0, 3, 15.18
1747827787, 0, 185, 1262, 1260, 15, 6.81%, 0, 0, 3, 15.30
1747827797, 0, 186, 1262, 1260, 15, 6.81%, 0, 0, 3, 14.14
1747827808, 0, 187, 1262, 1260, 15, 6.81%, 0, 0, 3, 14.38
1747827813, 0, 188, 1262, 1260, 15, 6.81%, 0, 0, 3, 14.45
1747827823, 0, 189, 1262, 1260, 15, 6.81%, 0, 0, 3, 14.56
1747827833, 0, 190, 1262, 1260, 15, 6.81%, 0, 0, 3, 14.63
1747827843, 0, 191, 1263, 1261, 15, 7.10%, 0, 0, 3, 13.59
1747827854, 0, 191, 1264, 1262, 15, 7.10%, 0, 0, 3, 14.22
1747827859, 0, 191, 1265, 1263, 15, 7.10%, 0, 0, 3, 14.15
1747827864, 0, 191, 1266, 1264, 15, 7.10%, 0, 0, 3, 14.78
1747827977, 0, 191, 1267, 1265, 15, 7.10%, 0, 0, 3, 15.00
1747828080, 0, 191, 1268, 1266, 15, 7.10%, 0, 0, 3, 14.04
1747828126, 0, 192, 1268, 1266, 16, 7.10%, 0, 0, 3, 14.53
1747828136, 0, 192, 1269, 1267, 16, 7.10%, 0, 0, 3, 13.64
1747828146, 0, 193, 1269, 1267, 16, 7.10%, 0, 0, 3, 13.89
1747828156, 0, 194, 1269, 1267, 16, 7.10%, 0, 0, 3, 13.65
1747828166, 0, 195, 1269, 1267, 16, 7.10%, 0, 0, 3, 14.39
1747828177, 0, 196, 1269, 1267, 16, 7.10%, 0, 0, 3, 13.30
1747828182, 0, 197, 1269, 1267, 16, 7.10%, 0, 0, 3, 14.41
1747828192, 0, 198, 1269, 1267, 16, 7.10%, 0, 0, 3, 14.28
1747828197, 0, 198, 1270, 1268, 16, 7.10%, 0, 0, 3, 13.40
1747828213, 0, 199, 1270, 1268, 16, 7.10%, 0, 0, 3, 13.65
1747828223, 0, 200, 1270, 1268, 16, 7.10%, 0, 0, 3, 13.90
1747828228, 0, 201, 1270, 1268, 16, 7.10%, 0, 0, 3, 14.70
1747828233, 0, 201, 1272, 1270, 16, 7.10%, 0, 0, 3, 12.77
1747828269, 0, 202, 1272, 1270, 16, 7.10%, 0, 0, 3, 14.16
1747828279, 0, 203, 1272, 1270, 16, 7.10%, 0, 0, 3, 13.17
1747828290, 0, 204, 1272, 1270, 16, 7.10%, 0, 0, 3, 14.12
1747828295, 0, 206, 1272, 1270, 16, 7.10%, 0, 0, 3, 14.24
1747828305, 0, 207, 1272, 1270, 16, 7.10%, 0, 0, 3, 13.84
1747828315, 0, 208, 1272, 1270, 16, 7.10%, 0, 0, 3, 14.03
1747828320, 0, 208, 1273, 1271, 16, 7.10%, 0, 0, 3, 13.61
1747828335, 0, 209, 1273, 1271, 16, 7.10%, 0, 0, 3, 14.16
1747828341, 0, 210, 1273, 1271, 16, 7.10%, 0, 0, 3, 14.13
1747828351, 0, 211, 1273, 1271, 16, 7.10%, 0, 0, 3, 13.08
1747828361, 0, 212, 1273, 1271, 16, 7.10%, 0, 0, 3, 14.41
1747828372, 0, 213, 1274, 1272, 16, 7.14%, 0, 0, 3, 13.56
1747828382, 0, 213, 1275, 1273, 16, 7.14%, 0, 0, 3, 13.73
1747828407, 0, 214, 1275, 1273, 16, 7.14%, 0, 0, 3, 13.95
1747828418, 0, 216, 1275, 1273, 16, 7.14%, 0, 0, 3, 13.48
1747828428, 0, 217, 1275, 1273, 16, 7.14%, 0, 0, 3, 13.81
1747828438, 0, 219, 1275, 1273, 16, 7.14%, 0, 0, 3, 14.40
1747828443, 0, 220, 1275, 1273, 16, 7.14%, 0, 0, 3, 14.09
1747828454, 0, 221, 1275, 1273, 16, 7.14%, 0, 0, 3, 14.16
1747828464, 0, 222, 1275, 1273, 16, 7.14%, 0, 0, 3, 14.45
1747828474, 0, 224, 1275, 1273, 16, 7.14%, 0, 0, 3, 14.18
1747828479, 0, 224, 1276, 1274, 16, 7.14%, 0, 0, 3, 13.03
1747828490, 0, 225, 1276, 1274, 16, 7.14%, 0, 0, 3, 14.06
1747828500, 0, 226, 1276, 1274, 16, 7.14%, 0, 0, 3, 13.32
1747828510, 0, 228, 1276, 1274, 16, 7.14%, 0, 0, 3, 14.01
1747828520, 0, 229, 1276, 1274, 16, 7.14%, 0, 0, 3, 14.59
1747828530, 0, 230, 1276, 1274, 16, 7.14%, 0, 0, 3, 13.79
1747828535, 0, 231, 1276, 1274, 16, 7.14%, 0, 0, 3, 13.07
1747828545, 0, 232, 1276, 1274, 16, 7.14%, 0, 0, 3, 14.42
1747828551, 0, 232, 1277, 1275, 16, 7.24%, 0, 0, 3, 13.41
1747828566, 0, 233, 1277, 1275, 15, 7.24%, 0, 0, 3, 14.79
1747828571, 0, 234, 1277, 1275, 15, 7.24%, 0, 0, 3, 14.63
1747828581, 0, 235, 1277, 1275, 15, 7.24%, 0, 0, 3, 14.00
1747828591, 0, 236, 1277, 1275, 15, 7.24%, 0, 0, 3, 13.55
1747828602, 0, 238, 1277, 1275, 15, 7.24%, 0, 0, 3, 14.35
1747828612, 0, 239, 1277, 1275, 15, 7.24%, 0, 0, 3, 14.40
1747828617, 0, 240, 1277, 1275, 15, 7.24%, 0, 0, 3, 14.23
1747828627, 0, 242, 1277, 1275, 15, 7.24%, 0, 0, 3, 14.39
1747828637, 0, 243, 1277, 1275, 15, 7.24%, 0, 0, 3, 14.32
1747828648, 0, 244, 1277, 1275, 15, 7.24%, 0, 0, 3, 14.52
1747828653, 0, 245, 1277, 1275, 15, 7.24%, 0, 0, 3, 14.31
1747828663, 0, 246, 1277, 1275, 15, 7.24%, 0, 0, 3, 13.94
1747828673, 0, 248, 1277, 1275, 15, 7.24%, 0, 0, 3, 15.00
1747828684, 0, 249, 1277, 1275, 15, 7.24%, 0, 0, 3, 14.33
1747828689, 0, 250, 1277, 1275, 15, 7.24%, 0, 0, 3, 13.84
1747828699, 0, 252, 1277, 1275, 15, 7.24%, 0, 0, 3, 13.91
1747828709, 0, 253, 1277, 1275, 15, 7.24%, 0, 0, 3, 14.26
1747828715, 0, 253, 1279, 1277, 15, 7.24%, 0, 0, 3, 13.06
1747828745, 0, 255, 1279, 1277, 15, 7.24%, 0, 0, 3, 13.29
1747828756, 0, 256, 1279, 1277, 15, 7.24%, 0, 0, 3, 14.37
1747828766, 0, 258, 1279, 1277, 15, 7.24%, 0, 0, 3, 13.27
1747828776, 0, 259, 1279, 1277, 15, 7.24%, 0, 0, 3, 13.78
1747828787, 0, 260, 1279, 1277, 15, 7.24%, 0, 0, 3, 13.89
1747828792, 0, 260, 1280, 1278, 15, 7.25%, 0, 0, 3, 13.34
1747828802, 0, 261, 1280, 1278, 16, 7.25%, 0, 0, 3, 13.34
1747828812, 0, 262, 1280, 1278, 16, 7.25%, 0, 0, 3, 13.56
1747828823, 0, 264, 1280, 1278, 16, 7.25%, 0, 0, 3, 14.02
1747828828, 0, 264, 1281, 1279, 16, 7.25%, 0, 0, 3, 13.07
1747828833, 0, 264, 1282, 1280, 16, 7.26%, 0, 0, 3, 12.92
1747828864, 0, 267, 1282, 1280, 16, 7.26%, 0, 0, 3, 13.87
1747828869, 0, 267, 1283, 1281, 16, 7.26%, 0, 0, 3, 13.83
1747828879, 0, 267, 1285, 1283, 16, 7.26%, 0, 0, 3, 12.20
1747828894, 0, 267, 1286, 1284, 16, 7.26%, 0, 0, 3, 12.05
1747828946, 0, 267, 1287, 1285, 16, 7.26%, 0, 0, 3, 13.66
1747828956, 0, 267, 1288, 1286, 16, 7.26%, 0, 0, 3, 12.71
1747828976, 0, 267, 1289, 1287, 16, 7.26%, 0, 0, 3, 13.14
1747828982, 0, 267, 1290, 1288, 16, 7.26%, 0, 0, 3, 12.75
1747829012, 0, 267, 1291, 1289, 16, 7.26%, 0, 0, 3, 12.80
1747829048, 0, 267, 1292, 1290, 16, 7.26%, 0, 0, 3, 13.49
1747829125, 0, 267, 1293, 1291, 16, 7.47%, 0, 0, 3, 21.94
1747829145, 0, 269, 1293, 1291, 17, 7.47%, 0, 0, 3, 22.23
1747829151, 0, 270, 1293, 1291, 17, 7.47%, 0, 0, 3, 23.00
1747829156, 0, 273, 1293, 1291, 17, 7.47%, 0, 0, 3, 22.29
1747829161, 0, 275, 1293, 1291, 17, 7.47%, 0, 0, 3, 22.39
1747829166, 0, 276, 1293, 1291, 17, 7.47%, 0, 0, 3, 22.93
1747829171, 0, 277, 1293, 1291, 17, 7.47%, 0, 0, 3, 22.18
1747829181, 0, 278, 1293, 1291, 17, 7.47%, 0, 0, 3, 22.63
1747829187, 0, 279, 1294, 1292, 17, 7.47%, 0, 0, 3, 22.38
1747829197, 0, 279, 1295, 1293, 17, 7.47%, 0, 0, 3, 23.03
1747829207, 0, 280, 1295, 1293, 16, 7.47%, 0, 0, 3, 23.01
1747829212, 0, 280, 1296, 1294, 16, 7.47%, 0, 0, 3, 22.39
1747829217, 0, 280, 1297, 1295, 16, 7.47%, 0, 0, 3, 22.46
1747829222, 0, 280, 1298, 1296, 16, 7.47%, 0, 0, 3, 22.40
1747829242, 0, 280, 1299, 1297, 16, 7.47%, 0, 0, 3, 22.44
1747829257, 0, 280, 1300, 1298, 16, 7.47%, 0, 0, 3, 21.94
1747829390, 0, 281, 1300, 1298, 16, 7.47%, 0, 0, 3, 23.02
1747829395, 0, 283, 1300, 1298, 16, 7.47%, 0, 0, 3, 24.10
1747829400, 0, 284, 1300, 1298, 16, 7.47%, 0, 0, 3, 23.23
1747829405, 0, 286, 1300, 1298, 16, 7.47%, 0, 0, 3, 24.10
1747829410, 0, 287, 1300, 1298, 16, 7.47%, 0, 0, 3, 23.89
1747829415, 0, 288, 1301, 1299, 16, 7.47%, 0, 0, 3, 22.99
1747829420, 0, 288, 1302, 1300, 16, 7.47%, 0, 0, 3, 22.58
1747829435, 0, 288, 1303, 1301, 16, 7.47%, 0, 0, 3, 22.41
1747829456, 0, 288, 1304, 1302, 16, 7.66%, 0, 0, 3, 21.70
1747829507, 0, 289, 1304, 1302, 17, 7.66%, 0, 0, 3, 22.46
1747829517, 0, 290, 1305, 1303, 17, 7.66%, 0, 0, 3, 21.71
1747829528, 0, 291, 1305, 1303, 17, 7.66%, 0, 0, 3, 23.05
1747829533, 0, 293, 1305, 1303, 17, 7.66%, 0, 0, 3, 22.40
1747829538, 0, 294, 1305, 1303, 17, 7.66%, 0, 0, 3, 21.63
1747829543, 0, 295, 1305, 1303, 17, 7.66%, 0, 0, 3, 22.51
1747829548, 0, 298, 1305, 1303, 17, 7.66%, 0, 0, 3, 22.59
1747829553, 0, 299, 1305, 1303, 17, 7.66%, 0, 0, 3, 23.38
1747829564, 0, 300, 1305, 1303, 17, 7.66%, 0, 0, 3, 22.62
1747829569, 0, 301, 1305, 1303, 17, 7.66%, 0, 0, 3, 23.04
1747829574, 0, 302, 1305, 1303, 17, 7.66%, 0, 0, 3, 22.60
1747829579, 0, 303, 1306, 1304, 17, 7.66%, 0, 0, 3, 21.13
1747829589, 0, 304, 1306, 1304, 17, 7.66%, 0, 0, 3, 23.21
1747829594, 0, 305, 1306, 1304, 17, 7.66%, 0, 0, 3, 23.15
1747829600, 0, 308, 1307, 1305, 17, 7.66%, 0, 0, 3, 22.44
1747829605, 0, 308, 1308, 1306, 17, 7.66%, 0, 0, 3, 21.61
1747829620, 0, 308, 1309, 1307, 17, 7.66%, 0, 0, 3, 22.00
1747829635, 0, 308, 1310, 1308, 17, 7.66%, 0, 0, 3, 22.15
1747829671, 0, 308, 1311, 1309, 17, 7.66%, 0, 0, 3, 21.98
1747829845, 0, 309, 1311, 1309, 17, 7.66%, 0, 0, 3, 13.67
1747829850, 0, 309, 1312, 1310, 17, 7.66%, 0, 0, 3, 12.62
1747829866, 0, 310, 1313, 1311, 17, 7.66%, 0, 0, 3, 12.17
1747829871, 0, 310, 1314, 1312, 17, 7.66%, 0, 0, 3, 12.34
1747829886, 0, 310, 1315, 1313, 17, 7.66%, 0, 0, 3, 13.10
1747829911, 0, 310, 1317, 1315, 17, 7.67%, 0, 0, 3, 12.67
1747829916, 0, 310, 1318, 1316, 17, 7.67%, 0, 0, 3, 13.22
1747829937, 0, 310, 1319, 1317, 17, 7.70%, 0, 0, 3, 13.02
1747830008, 0, 310, 1320, 1318, 17, 7.76%, 0, 0, 3, 13.03
1747830177, 0, 311, 1320, 1318, 18, 7.76%, 0, 0, 3, 13.70
1747830187, 0, 313, 1320, 1318, 18, 7.76%, 0, 0, 3, 12.89
1747830198, 0, 314, 1320, 1318, 18, 7.76%, 0, 0, 3, 13.44
1747830208, 0, 315, 1320, 1318, 18, 7.76%, 0, 0, 3, 14.15
1747830218, 0, 318, 1320, 1318, 18, 7.76%, 0, 0, 3, 13.75
1747830229, 0, 320, 1320, 1318, 18, 7.76%, 0, 0, 3, 13.05
1747830239, 0, 321, 1320, 1318, 18, 7.76%, 0, 0, 3, 12.62
1747830249, 0, 322, 1320, 1318, 18, 7.76%, 0, 0, 3, 13.73
1747830259, 0, 322, 1321, 1319, 18, 7.76%, 0, 0, 3, 12.49
1747830269, 0, 323, 1321, 1319, 18, 7.76%, 0, 0, 3, 13.36
1747830279, 0, 324, 1321, 1319, 18, 7.76%, 0, 0, 3, 13.59
1747830290, 0, 325, 1321, 1319, 18, 7.76%, 0, 0, 3, 13.24
1747830295, 0, 329, 1321, 1319, 18, 7.76%, 0, 0, 3, 13.38
1747830305, 0, 330, 1321, 1319, 18, 7.76%, 0, 0, 3, 14.12
1747830315, 0, 330, 1322, 1320, 18, 7.76%, 0, 0, 3, 13.62
1747830325, 0, 331, 1322, 1320, 18, 7.76%, 0, 0, 3, 13.43
1747830335, 0, 332, 1322, 1320, 18, 7.76%, 0, 0, 3, 13.05
1747830346, 0, 333, 1323, 1321, 18, 7.76%, 0, 0, 3, 12.29
1747830366, 0, 334, 1323, 1321, 18, 7.76%, 0, 0, 3, 12.93
1747830371, 0, 334, 1324, 1322, 18, 7.76%, 0, 0, 3, 11.34
1747830386, 0, 336, 1324, 1322, 18, 7.76%, 0, 0, 3, 13.79
1747830397, 0, 337, 1324, 1322, 18, 7.76%, 0, 0, 3, 14.07
1747830407, 0, 338, 1324, 1322, 18, 7.76%, 0, 0, 3, 13.67
1747830417, 0, 340, 1324, 1322, 18, 7.76%, 0, 0, 3, 13.43
1747830427, 0, 341, 1324, 1322, 18, 7.76%, 0, 0, 3, 13.20
1747830432, 0, 342, 1324, 1322, 18, 7.76%, 0, 0, 3, 13.18
1747830443, 0, 343, 1324, 1322, 18, 7.76%, 0, 0, 3, 12.86
1747830448, 0, 343, 1325, 1323, 18, 7.76%, 0, 0, 3, 11.61
1747830458, 0, 343, 1326, 1324, 18, 7.76%, 0, 0, 3, 12.59
1747830484, 0, 345, 1326, 1324, 18, 7.76%, 0, 0, 3, 13.37
1747830494, 0, 347, 1326, 1324, 18, 7.76%, 0, 0, 3, 13.31
1747830504, 0, 349, 1326, 1324, 18, 7.76%, 0, 0, 3, 13.82
1747830514, 0, 350, 1327, 1325, 18, 7.76%, 0, 0, 3, 11.95
1747830535, 0, 351, 1328, 1326, 18, 7.76%, 0, 0, 3, 12.35
1747830555, 0, 352, 1328, 1326, 18, 7.76%, 0, 0, 3, 12.76
1747830565, 0, 352, 1329, 1327, 18, 7.77%, 0, 0, 3, 12.76
1747830571, 0, 352, 1330, 1328, 18, 7.77%, 0, 0, 3, 12.32
1747830596, 0, 353, 1330, 1328, 19, 7.77%, 0, 0, 3, 13.49
1747830606, 0, 355, 1330, 1328, 19, 7.77%, 0, 0, 3, 13.13
1747830617, 0, 356, 1331, 1329, 19, 7.77%, 0, 0, 3, 12.70
1747830627, 0, 356, 1332, 1330, 19, 7.77%, 0, 0, 3, 12.07
1747830658, 0, 357, 1333, 1331, 20, 7.77%, 0, 0, 3, 12.14
1747830678, 0, 358, 1333, 1331, 20, 7.77%, 0, 0, 3, 12.66
1747830688, 0, 360, 1334, 1332, 20, 7.78%, 0, 0, 3, 12.55
1747830699, 0, 360, 1335, 1333, 20, 7.78%, 0, 0, 3, 12.12
1747830714, 0, 360, 1336, 1334, 20, 7.78%, 0, 0, 3, 12.46
1747830724, 0, 360, 1337, 1335, 20, 7.78%, 0, 0, 3, 12.44
1747830744, 0, 360, 1338, 1336, 20, 7.78%, 0, 0, 3, 12.95
1747830862, 0, 360, 1339, 1337, 20, 7.78%, 0, 0, 3, 12.52
1747830867, 0, 360, 1340, 1338, 20, 7.78%, 0, 0, 3, 12.59
1747830872, 0, 360, 1341, 1339, 20, 7.78%, 0, 0, 3, 11.90
1747830888, 0, 360, 1342, 1340, 20, 7.78%, 0, 0, 3, 12.24
1747830985, 0, 360, 1343, 1341, 20, 7.78%, 0, 0, 3, 12.89
1747831006, 0, 362, 1343, 1341, 20, 7.78%, 0, 0, 3, 12.59
1747831016, 0, 363, 1343, 1341, 20, 7.78%, 0, 0, 3, 13.43
1747831027, 0, 364, 1343, 1341, 20, 7.78%, 0, 0, 3, 13.47
1747831037, 0, 364, 1344, 1342, 20, 7.78%, 0, 0, 3, 12.12
1747831047, 0, 365, 1344, 1342, 20, 7.78%, 0, 0, 3, 13.05
1747831057, 0, 366, 1344, 1342, 20, 7.78%, 0, 0, 3, 12.86
1747831068, 0, 368, 1344, 1342, 20, 7.78%, 0, 0, 3, 12.87
1747831078, 0, 369, 1344, 1342, 20, 7.78%, 0, 0, 3, 14.03
1747831088, 0, 370, 1344, 1342, 20, 7.78%, 0, 0, 3, 13.33
1747831099, 0, 371, 1345, 1343, 20, 7.78%, 0, 0, 3, 12.13
1747831104, 0, 371, 1346, 1344, 20, 7.78%, 0, 0, 3, 11.84
1747831124, 0, 371, 1348, 1346, 20, 7.78%, 0, 0, 3, 11.78
1747831196, 0, 371, 1349, 1347, 20, 7.78%, 0, 0, 3, 12.33
1747831288, 0, 371, 1350, 1348, 20, 7.78%, 0, 0, 3, 12.46
1747831365, 0, 371, 1351, 1349, 20, 7.78%, 0, 0, 3, 12.31
1747831380, 0, 371, 1352, 1350, 20, 7.78%, 0, 0, 3, 12.89
1747831416, 0, 373, 1352, 1350, 20, 7.78%, 0, 0, 3, 13.52
1747831426, 0, 375, 1352, 1350, 20, 7.78%, 0, 0, 3, 12.91
1747831437, 0, 376, 1352, 1350, 20, 7.78%, 0, 0, 3, 12.61
1747831447, 0, 377, 1352, 1350, 20, 7.78%, 0, 0, 3, 12.67
1747831457, 0, 378, 1352, 1350, 20, 7.78%, 0, 0, 3, 12.50
1747831468, 0, 381, 1352, 1350, 20, 7.78%, 0, 0, 3, 13.55
1747831473, 0, 382, 1352, 1350, 20, 7.78%, 0, 0, 3, 13.41
1747831483, 0, 383, 1352, 1350, 20, 7.78%, 0, 0, 3, 13.26
1747831494, 0, 384, 1352, 1350, 20, 7.78%, 0, 0, 3, 12.87
1747831504, 0, 386, 1352, 1350, 20, 7.78%, 0, 0, 3, 13.03
1747831514, 0, 387, 1352, 1350, 20, 7.78%, 0, 0, 3, 13.39
1747831524, 0, 388, 1352, 1350, 20, 7.78%, 0, 0, 3, 12.88
1747831535, 0, 389, 1352, 1350, 20, 7.78%, 0, 0, 3, 13.63
1747831545, 0, 390, 1352, 1350, 20, 7.78%, 0, 0, 3, 12.89
1747831555, 0, 391, 1352, 1350, 20, 7.78%, 0, 0, 3, 12.69
1747831560, 0, 393, 1352, 1350, 20, 7.78%, 0, 0, 3, 14.16
1747831571, 0, 394, 1352, 1350, 20, 7.78%, 0, 0, 3, 13.24
1747831581, 0, 395, 1352, 1350, 20, 7.78%, 0, 0, 3, 13.71
1747831591, 0, 396, 1352, 1350, 20, 7.78%, 0, 0, 3, 13.91
1747831601, 0, 397, 1352, 1350, 20, 7.78%, 0, 0, 3, 13.06
1747831612, 0, 399, 1352, 1350, 20, 7.78%, 0, 0, 3, 14.64
1747831622, 0, 400, 1352, 1350, 20, 7.78%, 0, 0, 3, 13.99
1747831632, 0, 401, 1352, 1350, 20, 7.78%, 0, 0, 3, 12.92
1747831637, 0, 402, 1352, 1350, 20, 7.78%, 0, 0, 3, 13.53
1747831647, 0, 405, 1352, 1350, 20, 7.78%, 0, 0, 3, 12.91
1747831658, 0, 406, 1352, 1350, 20, 7.78%, 0, 0, 3, 13.48
1747831668, 0, 408, 1352, 1350, 20, 7.78%, 0, 0, 3, 13.79
1747831678, 0, 410, 1352, 1350, 20, 7.78%, 0, 0, 3, 13.66
1747831683, 0, 410, 1353, 1351, 20, 7.78%, 0, 0, 3, 12.52
1747831699, 0, 415, 1353, 1351, 20, 7.78%, 0, 0, 3, 14.23
1747831709, 0, 416, 1353, 1351, 20, 7.78%, 0, 0, 3, 13.12
1747831719, 0, 417, 1354, 1352, 20, 7.78%, 0, 0, 3, 11.71
1747831739, 0, 419, 1354, 1352, 20, 7.78%, 0, 0, 3, 12.29
1747831745, 0, 419, 1355, 1353, 20, 7.78%, 0, 0, 3, 12.78
1747831760, 0, 420, 1355, 1353, 20, 7.78%, 0, 0, 3, 13.77
1747831770, 0, 421, 1355, 1353, 20, 7.78%, 0, 0, 3, 12.96
1747831780, 0, 422, 1355, 1353, 20, 7.78%, 0, 0, 3, 13.24
1747831785, 0, 424, 1355, 1353, 20, 7.78%, 0, 0, 3, 14.03
1747831795, 0, 425, 1355, 1353, 20, 7.78%, 0, 0, 3, 14.77
1747831806, 0, 425, 1356, 1354, 20, 7.78%, 0, 0, 3, 12.39
1747831816, 0, 426, 1356, 1354, 20, 7.78%, 0, 0, 3, 12.94
1747831826, 0, 427, 1356, 1354, 20, 7.78%, 0, 0, 3, 13.50
1747831836, 0, 428, 1356, 1354, 20, 7.78%, 0, 0, 3, 12.99
1747831847, 0, 429, 1356, 1354, 20, 7.78%, 0, 0, 3, 12.46
1747831857, 0, 430, 1356, 1354, 20, 7.78%, 0, 0, 3, 13.22
1747831868, 0, 433, 1356, 1354, 20, 7.78%, 0, 0, 3, 13.15
1747831878, 0, 434, 1356, 1354, 20, 7.78%, 0, 0, 3, 12.53
1747831888, 0, 435, 1357, 1355, 20, 7.78%, 0, 0, 3, 13.41
1747831908, 0, 436, 1357, 1355, 20, 7.78%, 0, 0, 3, 12.74
1747831919, 0, 438, 1358, 1356, 20, 7.78%, 0, 0, 3, 12.04
1747831924, 0, 438, 1359, 1357, 20, 7.78%, 0, 0, 3, 11.36
1747831960, 0, 439, 1359, 1357, 20, 7.78%, 0, 0, 3, 12.31
1747831970, 0, 440, 1359, 1357, 20, 7.78%, 0, 0, 3, 12.74
1747831980, 0, 441, 1359, 1357, 20, 7.78%, 0, 0, 3, 13.41
1747831990, 0, 445, 1360, 1358, 20, 7.86%, 0, 0, 3, 11.52
1747832001, 0, 445, 1361, 1359, 20, 7.86%, 0, 0, 3, 11.77
1747832006, 0, 445, 1362, 1360, 20, 7.86%, 0, 0, 3, 11.44
1747832041, 0, 445, 1363, 1361, 20, 7.86%, 0, 0, 3, 13.35
1747832108, 0, 445, 1364, 1362, 20, 7.86%, 0, 0, 3, 11.78
1747832159, 0, 445, 1365, 1363, 20, 7.86%, 0, 0, 3, 12.52
1747832169, 0, 445, 1366, 1364, 20, 7.86%, 0, 0, 3, 11.45
1747832282, 0, 445, 1367, 1365, 20, 7.86%, 0, 0, 3, 13.17
1747832298, 0, 445, 1368, 1366, 20, 7.86%, 0, 0, 3, 11.76
1747832313, 0, 446, 1368, 1366, 19, 7.86%, 0, 0, 3, 12.37
1747832324, 0, 448, 1368, 1366, 19, 7.86%, 0, 0, 3, 13.50
1747832329, 0, 448, 1369, 1367, 19, 7.86%, 0, 0, 3, 11.94
1747832344, 0, 449, 1369, 1367, 19, 7.86%, 0, 0, 3, 12.92
1747832354, 0, 450, 1369, 1367, 19, 7.86%, 0, 0, 3, 13.21
1747832365, 0, 451, 1369, 1367, 19, 7.86%, 0, 0, 3, 13.47
1747832375, 0, 454, 1369, 1367, 19, 7.86%, 0, 0, 3, 12.96
1747832385, 0, 455, 1369, 1367, 19, 7.86%, 0, 0, 3, 13.07
1747832396, 0, 456, 1369, 1367, 19, 7.86%, 0, 0, 3, 13.77
1747832406, 0, 457, 1369, 1367, 19, 7.86%, 0, 0, 3, 13.35
1747832411, 0, 459, 1369, 1367, 19, 7.86%, 0, 0, 3, 13.57
1747832421, 0, 460, 1369, 1367, 19, 7.86%, 0, 0, 3, 13.27
1747832431, 0, 461, 1369, 1367, 19, 7.86%, 0, 0, 3, 13.80
1747832436, 0, 461, 1370, 1368, 19, 7.86%, 0, 0, 3, 13.08
1747832442, 0, 461, 1371, 1369, 19, 7.86%, 0, 0, 3, 11.75
1747832472, 0, 462, 1371, 1369, 19, 7.86%, 0, 0, 3, 13.77
1747832482, 0, 463, 1372, 1370, 19, 7.86%, 0, 0, 3, 13.21
1747832492, 0, 463, 1373, 1371, 19, 7.86%, 0, 0, 3, 11.99
1747832502, 0, 463, 1374, 1372, 19, 7.86%, 0, 0, 3, 11.93
1747832523, 0, 463, 1375, 1373, 19, 7.86%, 0, 0, 3, 13.46
1747832615, 0, 463, 1377, 1375, 19, 7.86%, 0, 0, 3, 11.57
1747832640, 0, 463, 1378, 1376, 19, 7.86%, 0, 0, 3, 12.25
1747832712, 0, 463, 1379, 1377, 19, 7.86%, 0, 0, 3, 12.07
1747832717, 0, 463, 1380, 1378, 19, 7.86%, 0, 0, 3, 18.05
1747832733, 0, 463, 1381, 1379, 19, 7.86%, 0, 0, 3, 19.68
1747832753, 0, 463, 1382, 1380, 19, 7.86%, 0, 0, 3, 22.06
1747832774, 0, 464, 1382, 1380, 19, 7.86%, 0, 0, 3, 21.32
1747832779, 0, 465, 1382, 1380, 19, 7.86%, 0, 0, 3, 22.42
1747832784, 0, 466, 1382, 1380, 19, 7.86%, 0, 0, 3, 23.79
1747832789, 0, 468, 1382, 1380, 19, 7.86%, 0, 0, 3, 21.96
1747832799, 0, 469, 1382, 1380, 19, 7.86%, 0, 0, 3, 21.38
1747832804, 0, 470, 1382, 1380, 19, 7.86%, 0, 0, 3, 20.85
1747832809, 0, 471, 1382, 1380, 19, 7.86%, 0, 0, 3, 21.67
1747832814, 0, 472, 1382, 1380, 19, 7.86%, 0, 0, 3, 22.87
1747832820, 0, 474, 1382, 1380, 19, 7.86%, 0, 0, 3, 21.60
1747832825, 0, 478, 1382, 1380, 19, 7.86%, 0, 0, 3, 21.83
1747832835, 0, 479, 1382, 1380, 19, 7.86%, 0, 0, 3, 20.72
1747832840, 0, 480, 1382, 1380, 19, 7.86%, 0, 0, 3, 14.66
1747832845, 0, 480, 1384, 1382, 19, 7.86%, 0, 0, 3, 11.83
1747832881, 0, 481, 1384, 1382, 19, 7.86%, 0, 0, 3, 12.51
1747832891, 0, 483, 1384, 1382, 19, 7.86%, 0, 0, 3, 11.94
1747832902, 0, 485, 1384, 1382, 19, 7.86%, 0, 0, 3, 12.32
1747832912, 0, 486, 1384, 1382, 19, 7.86%, 0, 0, 3, 13.85
1747832922, 0, 487, 1384, 1382, 19, 7.86%, 0, 0, 3, 13.15
1747832932, 0, 488, 1384, 1382, 19, 7.86%, 0, 0, 3, 12.92
1747832943, 0, 489, 1384, 1382, 19, 7.86%, 0, 0, 3, 13.57
1747832953, 0, 490, 1384, 1382, 19, 7.86%, 0, 0, 3, 12.70
1747832963, 0, 491, 1384, 1382, 19, 7.86%, 0, 0, 3, 13.00
1747832973, 0, 494, 1384, 1382, 19, 7.86%, 0, 0, 3, 12.68
1747832984, 0, 495, 1384, 1382, 19, 7.86%, 0, 0, 3, 12.36
1747832994, 0, 496, 1384, 1382, 19, 7.86%, 0, 0, 3, 12.50
1747833004, 0, 498, 1384, 1382, 19, 7.86%, 0, 0, 3, 12.43
1747833015, 0, 500, 1384, 1382, 19, 7.86%, 0, 0, 3, 12.67
1747833025, 0, 501, 1384, 1382, 19, 7.86%, 0, 0, 3, 13.71
1747833030, 0, 502, 1384, 1382, 19, 7.86%, 0, 0, 3, 13.85
1747833040, 0, 503, 1384, 1382, 19, 7.86%, 0, 0, 3, 13.26
1747833051, 0, 505, 1384, 1382, 19, 7.86%, 0, 0, 3, 13.32
1747833061, 0, 506, 1384, 1382, 19, 7.86%, 0, 0, 3, 13.02
1747833071, 0, 507, 1385, 1383, 19, 7.87%, 0, 0, 3, 11.54
1747833092, 0, 507, 1386, 1384, 19, 7.87%, 0, 0, 3, 11.73
1747833118, 0, 508, 1386, 1384, 20, 7.87%, 0, 0, 3, 12.59
1747833128, 0, 509, 1387, 1385, 20, 7.87%, 0, 0, 3, 12.28
1747833143, 0, 509, 1388, 1386, 20, 7.87%, 0, 0, 3, 12.32
1747833169, 0, 512, 1388, 1386, 20, 7.87%, 0, 0, 3, 13.22
1747833179, 0, 513, 1388, 1386, 20, 7.87%, 0, 0, 3, 12.44
1747833189, 0, 515, 1388, 1386, 20, 7.87%, 0, 0, 3, 13.19
1747833200, 0, 516, 1388, 1386, 20, 7.87%, 0, 0, 3, 12.20
1747833205, 0, 516, 1389, 1387, 20, 7.87%, 0, 0, 3, 12.30
1747833220, 0, 517, 1389, 1387, 20, 7.87%, 0, 0, 3, 12.64
1747833230, 0, 519, 1389, 1387, 20, 7.87%, 0, 0, 3, 12.67
1747833241, 0, 520, 1389, 1387, 20, 7.87%, 0, 0, 3, 12.47
1747833251, 0, 521, 1389, 1387, 20, 7.87%, 0, 0, 3, 12.03
1747833256, 0, 521, 1390, 1388, 20, 7.87%, 0, 0, 3, 12.11
1747833261, 0, 521, 1391, 1389, 20, 7.87%, 0, 0, 3, 12.54
1747833292, 0, 522, 1391, 1389, 20, 7.87%, 0, 0, 3, 12.88
1747833302, 0, 523, 1391, 1389, 20, 7.87%, 0, 0, 3, 13.20
1747833313, 0, 524, 1391, 1389, 20, 7.87%, 0, 0, 3, 12.27
1747833323, 0, 526, 1392, 1390, 20, 7.87%, 0, 0, 3, 11.54
1747833338, 0, 526, 1393, 1391, 20, 7.87%, 0, 0, 3, 11.15
1747833364, 0, 527, 1393, 1391, 20, 7.87%, 0, 0, 3, 13.11
1747833374, 0, 527, 1394, 1392, 20, 7.87%, 0, 0, 3, 10.91
1747833385, 0, 528, 1394, 1392, 20, 7.87%, 0, 0, 3, 11.95
1747833395, 0, 529, 1394, 1392, 20, 7.87%, 0, 0, 3, 12.66
1747833410, 0, 530, 1395, 1393, 20, 7.87%, 0, 0, 3, 11.47
1747833431, 0, 531, 1396, 1394, 20, 7.87%, 0, 0, 3, 12.70
1747833436, 0, 531, 1397, 1395, 20, 7.87%, 0, 0, 3, 11.14
1747833472, 0, 532, 1397, 1395, 20, 7.87%, 0, 0, 3, 12.22
1747833482, 0, 533, 1397, 1395, 20, 7.87%, 0, 0, 3, 14.77
1747833487, 0, 535, 1397, 1395, 20, 7.87%, 0, 0, 3, 20.72
1747833492, 0, 536, 1397, 1395, 20, 7.87%, 0, 0, 3, 22.04
1747833503, 0, 537, 1397, 1395, 20, 7.87%, 0, 0, 3, 22.16
1747833508, 0, 538, 1397, 1395, 20, 7.87%, 0, 0, 3, 21.72
1747833513, 0, 539, 1397, 1395, 20, 7.87%, 0, 0, 3, 22.67
1747833518, 0, 541, 1397, 1395, 20, 7.87%, 0, 0, 3, 22.93
1747833523, 0, 542, 1397, 1395, 20, 7.87%, 0, 0, 3, 21.81
1747833528, 0, 543, 1397, 1395, 20, 7.87%, 0, 0, 3, 20.45
1747833538, 0, 544, 1397, 1395, 20, 7.87%, 0, 0, 3, 21.15
1747833543, 0, 545, 1397, 1395, 20, 7.87%, 0, 0, 3, 21.44
1747833549, 0, 546, 1398, 1396, 20, 7.87%, 0, 0, 3, 19.56
1747833559, 0, 547, 1398, 1396, 20, 7.87%, 0, 0, 3, 20.73
1747833564, 0, 547, 1399, 1397, 20, 7.87%, 0, 0, 3, 21.22
1747833574, 0, 549, 1399, 1397, 20, 7.87%, 0, 0, 3, 22.16
1747833579, 0, 550, 1399, 1397, 20, 7.87%, 0, 0, 3, 21.57
1747833584, 0, 551, 1399, 1397, 20, 7.87%, 0, 0, 3, 22.21
1747833589, 0, 553, 1399, 1397, 20, 7.87%, 0, 0, 3, 21.12
1747833600, 0, 554, 1399, 1397, 20, 7.87%, 0, 0, 3, 21.29
1747833605, 0, 555, 1399, 1397, 20, 7.87%, 0, 0, 3, 22.42
1747833610, 0, 556, 1399, 1397, 20, 7.87%, 0, 0, 3, 22.23
1747833615, 0, 557, 1399, 1397, 20, 7.87%, 0, 0, 3, 21.70
1747833620, 0, 558, 1399, 1397, 20, 7.87%, 0, 0, 3, 22.16
1747833626, 0, 559, 1399, 1397, 20, 7.87%, 0, 0, 3, 21.18
1747833636, 0, 560, 1399, 1397, 20, 7.87%, 0, 0, 3, 21.80
1747833641, 0, 561, 1399, 1397, 20, 7.87%, 0, 0, 3, 21.53
1747833646, 0, 562, 1399, 1397, 20, 7.87%, 0, 0, 3, 21.80
1747833651, 0, 563, 1399, 1397, 20, 7.87%, 0, 0, 3, 21.70
1747833657, 0, 565, 1400, 1398, 20, 7.87%, 0, 0, 3, 19.85
1747833662, 0, 565, 1401, 1399, 20, 7.87%, 0, 0, 3, 19.31
1747833682, 0, 566, 1401, 1399, 20, 7.87%, 0, 0, 3, 20.87
1747833687, 0, 567, 1401, 1399, 20, 7.87%, 0, 0, 3, 20.84
1747833692, 0, 567, 1402, 1400, 20, 7.87%, 0, 0, 3, 20.68
1747833702, 0, 568, 1402, 1400, 20, 7.87%, 0, 0, 3, 21.34
1747833707, 0, 569, 1402, 1400, 20, 7.87%, 0, 0, 3, 22.79
1747833713, 0, 571, 1402, 1400, 20, 7.87%, 0, 0, 3, 23.02
1747833718, 0, 572, 1402, 1400, 20, 7.87%, 0, 0, 3, 22.38
1747833723, 0, 573, 1402, 1400, 20, 7.87%, 0, 0, 3, 20.06
1747833733, 0, 574, 1402, 1400, 20, 7.87%, 0, 0, 3, 22.18
1747833738, 0, 575, 1402, 1400, 20, 7.87%, 0, 0, 3, 19.76
1747833743, 0, 576, 1402, 1400, 20, 7.87%, 0, 0, 3, 21.66
1747833749, 0, 577, 1402, 1400, 20, 7.87%, 0, 0, 3, 21.16
1747833754, 0, 580, 1402, 1400, 20, 7.87%, 0, 0, 3, 22.30
1747833764, 0, 581, 1404, 1402, 20, 7.87%, 0, 0, 3, 19.47
1747833789, 0, 582, 1404, 1402, 20, 7.87%, 0, 0, 3, 21.08
1747833794, 0, 583, 1404, 1402, 20, 7.87%, 0, 0, 3, 20.51
1747833800, 0, 584, 1404, 1402, 20, 7.87%, 0, 0, 3, 20.42
1747833805, 0, 585, 1404, 1402, 20, 7.87%, 0, 0, 3, 20.47
1747833810, 0, 586, 1404, 1402, 20, 7.87%, 0, 0, 3, 20.81
1747833815, 0, 586, 1405, 1403, 20, 7.87%, 0, 0, 3, 18.67
1747833825, 0, 587, 1405, 1403, 20, 7.87%, 0, 0, 3, 19.04
1747833830, 0, 588, 1405, 1403, 20, 7.87%, 0, 0, 3, 19.29
1747833841, 0, 590, 1405, 1403, 20, 7.87%, 0, 0, 3, 19.71
1747833846, 0, 591, 1405, 1403, 20, 7.87%, 0, 0, 3, 19.97
1747833851, 0, 592, 1405, 1403, 20, 7.87%, 0, 0, 3, 21.17
1747833856, 0, 593, 1405, 1403, 20, 7.87%, 0, 0, 3, 21.94
1747833861, 0, 594, 1405, 1403, 20, 7.87%, 0, 0, 3, 23.21
1747833871, 0, 595, 1405, 1403, 20, 7.87%, 0, 0, 3, 22.68
1747833876, 0, 596, 1406, 1404, 20, 7.87%, 0, 0, 3, 21.89
1747833887, 0, 597, 1406, 1404, 20, 7.87%, 0, 0, 3, 21.55
1747833892, 0, 598, 1406, 1404, 20, 7.87%, 0, 0, 3, 21.17
1747833902, 0, 599, 1406, 1404, 20, 7.87%, 0, 0, 3, 21.17
1747833907, 0, 600, 1406, 1404, 20, 7.87%, 0, 0, 3, 21.66
1747833912, 0, 601, 1406, 1404, 20, 7.87%, 0, 0, 3, 20.09
1747833917, 0, 602, 1406, 1404, 20, 7.87%, 0, 0, 3, 20.92
1747833922, 0, 603, 1406, 1404, 20, 7.87%, 0, 0, 3, 21.68
1747833932, 0, 604, 1406, 1404, 20, 7.87%, 0, 0, 3, 20.67
1747833937, 0, 605, 1407, 1405, 20, 7.87%, 0, 0, 3, 21.63
1747833948, 0, 606, 1407, 1405, 20, 7.87%, 0, 0, 3, 20.32
1747833953, 0, 607, 1407, 1405, 20, 7.87%, 0, 0, 3, 19.49
1747833963, 0, 609, 1407, 1405, 20, 7.87%, 0, 0, 3, 21.57
1747833968, 0, 610, 1407, 1405, 20, 7.87%, 0, 0, 3, 19.54
1747833973, 0, 611, 1407, 1405, 20, 7.87%, 0, 0, 3, 20.50
1747833978, 0, 613, 1408, 1406, 20, 7.87%, 0, 0, 3, 19.34
1747833994, 0, 614, 1408, 1406, 20, 7.87%, 0, 0, 3, 20.67
1747833999, 0, 615, 1408, 1406, 20, 7.87%, 0, 0, 3, 20.24
1747834004, 0, 616, 1408, 1406, 20, 7.87%, 0, 0, 3, 20.85
1747834014, 0, 617, 1408, 1406, 20, 7.87%, 0, 0, 3, 20.82
1747834019, 0, 617, 1410, 1408, 20, 7.87%, 0, 0, 3, 19.56
1747834035, 0, 620, 1410, 1408, 20, 7.87%, 0, 0, 3, 21.18
1747834045, 0, 622, 1410, 1408, 20, 7.87%, 0, 0, 3, 21.28
1747834050, 0, 623, 1410, 1408, 20, 7.87%, 0, 0, 3, 21.23
1747834055, 0, 625, 1410, 1408, 20, 7.87%, 0, 0, 3, 20.56
1747834060, 0, 626, 1410, 1408, 20, 7.87%, 0, 0, 3, 20.05
1747834066, 0, 627, 1410, 1408, 20, 7.87%, 0, 0, 3, 22.53
1747834076, 0, 629, 1410, 1408, 20, 7.87%, 0, 0, 3, 21.49
1747834081, 0, 630, 1410, 1408, 20, 7.87%, 0, 0, 3, 16.80
1747834086, 0, 631, 1410, 1408, 20, 7.87%, 0, 0, 3, 20.85
1747834091, 0, 632, 1410, 1408, 20, 7.87%, 0, 0, 3, 20.25
1747834102, 0, 633, 1410, 1408, 20, 7.87%, 0, 0, 3, 22.76
1747834107, 0, 634, 1410, 1408, 20, 7.87%, 0, 0, 3, 22.03
1747834112, 0, 636, 1410, 1408, 20, 7.87%, 0, 0, 3, 21.24
1747834117, 0, 638, 1410, 1408, 20, 7.87%, 0, 0, 3, 21.75
1747834122, 0, 639, 1410, 1408, 20, 7.87%, 0, 0, 3, 21.83
1747834127, 0, 639, 1411, 1409, 20, 7.87%, 0, 0, 3, 20.73
1747834138, 0, 640, 1411, 1409, 20, 7.87%, 0, 0, 3, 20.88
1747834143, 0, 641, 1411, 1409, 20, 7.87%, 0, 0, 3, 20.90
1747834148, 0, 642, 1411, 1409, 20, 7.87%, 0, 0, 3, 21.42
1747834153, 0, 643, 1411, 1409, 20, 7.87%, 0, 0, 3, 21.75
1747834158, 0, 644, 1411, 1409, 20, 7.87%, 0, 0, 3, 21.29
1747834168, 0, 645, 1411, 1409, 20, 7.87%, 0, 0, 3, 21.33
1747834173, 0, 646, 1411, 1409, 20, 7.87%, 0, 0, 3, 22.15
1747834179, 0, 647, 1411, 1409, 20, 7.87%, 0, 0, 3, 21.93
1747834184, 0, 648, 1411, 1409, 20, 7.87%, 0, 0, 3, 21.18
1747834189, 0, 649, 1411, 1409, 20, 7.87%, 0, 0, 3, 21.55
1747834194, 0, 649, 1412, 1410, 20, 7.87%, 0, 0, 3, 19.85
1747834204, 0, 650, 1412, 1410, 20, 7.87%, 0, 0, 3, 20.76
1747834209, 0, 651, 1412, 1410, 20, 7.87%, 0, 0, 3, 20.66
1747834214, 0, 652, 1412, 1410, 20, 7.87%, 0, 0, 3, 20.42
1747834219, 0, 652, 1414, 1412, 20, 7.87%, 0, 0, 3, 18.80
1747834240, 0, 653, 1414, 1412, 20, 7.87%, 0, 0, 3, 21.59
1747834245, 0, 655, 1414, 1412, 20, 7.87%, 0, 0, 3, 21.40
1747834255, 0, 658, 1414, 1412, 20, 7.87%, 0, 0, 3, 33.21
1747835825, 0, 659, 1414, 1411, 19, 7.87%, 0, 0, 3, 29.23
1747835830, 0, 660, 1414, 1411, 19, 7.87%, 0, 0, 3, 23.19
1747835835, 0, 661, 1414, 1411, 19, 7.87%, 0, 0, 3, 21.70
1747835845, 0, 662, 1414, 1411, 19, 7.87%, 0, 0, 3, 21.70
1747835850, 0, 663, 1414, 1411, 19, 7.87%, 0, 0, 3, 20.20
1747835856, 0, 664, 1414, 1411, 19, 7.87%, 0, 0, 3, 20.29
1747835861, 0, 665, 1414, 1411, 19, 7.87%, 0, 0, 3, 21.86
1747835866, 0, 666, 1414, 1411, 19, 7.87%, 0, 0, 3, 21.56
1747835876, 0, 667, 1414, 1411, 19, 7.87%, 0, 0, 3, 15.89
1747835881, 0, 668, 1414, 1411, 19, 7.87%, 0, 0, 3, 13.85
1747835891, 0, 668, 1415, 1412, 19, 7.87%, 0, 0, 4, 11.52
1747835902, 0, 668, 1416, 1413, 19, 7.87%, 0, 0, 4, 14.58
1747835917, 0, 669, 1416, 1413, 19, 7.87%, 0, 0, 4, 21.20
1747835922, 0, 670, 1416, 1413, 19, 7.87%, 0, 0, 4, 20.05
1747835927, 0, 671, 1416, 1413, 19, 7.87%, 0, 0, 4, 20.55
1747835932, 0, 671, 1417, 1414, 19, 7.87%, 0, 0, 4, 19.91
1747835942, 0, 672, 1417, 1414, 19, 7.87%, 0, 0, 4, 21.49
1747835947, 0, 673, 1417, 1414, 19, 7.87%, 0, 0, 4, 19.98
1747835953, 0, 674, 1417, 1414, 19, 7.87%, 0, 0, 4, 18.91
1747835963, 0, 677, 1417, 1414, 19, 7.87%, 0, 0, 4, 21.86
1747835968, 0, 679, 1417, 1414, 19, 7.87%, 0, 0, 4, 20.54
1747835973, 0, 680, 1417, 1414, 19, 7.87%, 0, 0, 4, 21.53
1747835978, 0, 682, 1417, 1414, 19, 7.87%, 0, 0, 4, 21.98
1747835983, 0, 682, 1418, 1415, 19, 7.87%, 0, 0, 4, 20.03
1747835993, 0, 683, 1418, 1415, 19, 7.87%, 0, 0, 4, 20.81
1747835998, 0, 684, 1418, 1415, 19, 7.87%, 0, 0, 4, 21.31
1747836004, 0, 685, 1418, 1415, 19, 7.87%, 0, 0, 4, 21.30
1747836009, 0, 686, 1418, 1415, 19, 7.87%, 0, 0, 4, 20.96
1747836014, 0, 686, 1419, 1416, 19, 7.87%, 0, 0, 4, 21.75
1747836024, 0, 688, 1420, 1417, 19, 7.87%, 0, 0, 4, 21.06
1747836035, 0, 689, 1420, 1417, 19, 7.87%, 0, 0, 4, 20.61
1747836040, 0, 690, 1420, 1417, 19, 7.87%, 0, 0, 4, 20.43
1747836050, 0, 691, 1420, 1417, 19, 7.87%, 0, 0, 4, 22.23
1747836055, 0, 692, 1422, 1419, 19, 7.87%, 0, 0, 4, 19.70
1747836060, 0, 692, 1423, 1420, 19, 7.87%, 0, 0, 4, 19.86
1747836075, 0, 692, 1424, 1421, 19, 7.89%, 0, 0, 4, 19.90
1747836111, 0, 692, 1425, 1422, 19, 7.89%, 0, 0, 4, 21.10
1747836152, 0, 692, 1426, 1423, 19, 7.89%, 0, 0, 4, 20.62
1747836162, 0, 692, 1428, 1425, 19, 7.89%, 0, 0, 4, 19.19
1747836177, 0, 692, 1429, 1426, 19, 7.89%, 0, 0, 4, 20.54
1747836255, 0, 694, 1429, 1426, 21, 7.89%, 0, 0, 4, 20.96
1747836260, 0, 695, 1429, 1426, 21, 7.89%, 0, 0, 4, 20.83
1747836265, 0, 696, 1429, 1426, 21, 7.89%, 0, 0, 4, 20.45
1747836270, 0, 697, 1429, 1426, 21, 7.89%, 0, 0, 4, 20.38
1747836280, 0, 698, 1429, 1426, 21, 7.89%, 0, 0, 4, 21.78
1747836285, 0, 699, 1429, 1426, 21, 7.89%, 0, 0, 4, 21.36
1747836290, 0, 700, 1429, 1426, 21, 7.89%, 0, 0, 4, 21.40
1747836295, 0, 700, 1431, 1428, 21, 7.99%, 0, 0, 4, 18.82
1747836326, 0, 701, 1431, 1428, 19, 7.99%, 0, 0, 4, 11.68
1747836337, 0, 702, 1431, 1428, 19, 7.99%, 0, 0, 4, 11.88
1747836347, 0, 703, 1431, 1428, 19, 7.99%, 0, 0, 4, 12.53
1747836357, 0, 704, 1431, 1428, 19, 7.99%, 0, 0, 4, 12.62
1747836368, 0, 705, 1431, 1428, 19, 7.99%, 0, 0, 4, 11.90
1747836378, 0, 706, 1431, 1428, 19, 7.99%, 0, 0, 4, 11.63
1747836388, 0, 707, 1432, 1429, 19, 7.99%, 0, 0, 4, 11.60
1747836409, 0, 708, 1432, 1429, 19, 7.99%, 0, 0, 4, 12.86
1747836419, 0, 710, 1432, 1429, 19, 7.99%, 0, 0, 4, 12.79
1747836429, 0, 711, 1432, 1429, 19, 7.99%, 0, 0, 4, 11.81
1747836439, 0, 712, 1432, 1429, 19, 7.99%, 0, 0, 4, 12.61
1747836450, 0, 714, 1432, 1429, 19, 7.99%, 0, 0, 4, 12.20
1747836460, 0, 715, 1432, 1429, 19, 7.99%, 0, 0, 4, 11.60
1747836470, 0, 716, 1432, 1429, 19, 7.99%, 0, 0, 4, 13.56
1747836481, 0, 717, 1432, 1429, 19, 7.99%, 0, 0, 4, 12.09
1747836491, 0, 718, 1432, 1429, 19, 7.99%, 0, 0, 4, 12.28
1747836501, 0, 719, 1432, 1429, 19, 7.99%, 0, 0, 4, 13.70
1747836511, 0, 721, 1432, 1429, 19, 7.99%, 0, 0, 4, 12.66
1747836521, 0, 722, 1432, 1429, 19, 7.99%, 0, 0, 4, 12.64
1747836532, 0, 722, 1433, 1430, 19, 7.99%, 0, 0, 4, 11.61
1747836547, 0, 724, 1433, 1430, 19, 7.99%, 0, 0, 4, 12.25
1747836557, 0, 725, 1433, 1430, 19, 7.99%, 0, 0, 4, 12.09
1747836568, 0, 726, 1433, 1430, 19, 7.99%, 0, 0, 4, 11.78
1747836578, 0, 727, 1433, 1430, 19, 7.99%, 0, 0, 4, 12.05
1747836588, 0, 728, 1433, 1430, 19, 7.99%, 0, 0, 4, 11.88
1747836599, 0, 730, 1433, 1430, 19, 7.99%, 0, 0, 4, 11.87
1747836609, 0, 731, 1433, 1430, 19, 7.99%, 0, 0, 4, 12.16
1747836619, 0, 732, 1433, 1430, 19, 7.99%, 0, 0, 4, 12.50
1747836629, 0, 733, 1433, 1430, 19, 7.99%, 0, 0, 4, 12.78
1747836639, 0, 734, 1433, 1430, 19, 7.99%, 0, 0, 4, 13.99
1747836645, 0, 734, 1434, 1431, 19, 8.10%, 0, 0, 4, 11.63
1747836655, 0, 734, 1435, 1432, 19, 8.12%, 0, 0, 4, 10.68
1747836660, 0, 734, 1436, 1433, 19, 8.12%, 0, 0, 4, 11.79
1747836691, 0, 734, 1437, 1434, 19, 8.12%, 0, 0, 4, 11.70
1747836758, 0, 734, 1438, 1435, 19, 8.12%, 0, 0, 4, 11.14
1747836804, 0, 734, 1439, 1436, 19, 8.12%, 0, 0, 4, 10.44
1747836870, 0, 734, 1440, 1437, 19, 8.12%, 0, 0, 4, 11.90
1747836978, 0, 735, 1440, 1437, 21, 8.12%, 0, 0, 4, 12.64
1747836988, 0, 736, 1440, 1437, 21, 8.12%, 0, 0, 4, 13.43
1747836998, 0, 737, 1440, 1437, 21, 8.12%, 0, 0, 4, 12.04
1747837009, 0, 738, 1440, 1437, 21, 8.12%, 0, 0, 4, 12.49
1747837019, 0, 739, 1440, 1437, 21, 8.12%, 0, 0, 4, 12.83
1747837029, 0, 740, 1440, 1437, 21, 8.12%, 0, 0, 4, 13.45
1747837040, 0, 741, 1440, 1437, 21, 8.12%, 0, 0, 4, 12.53
1747837050, 0, 745, 1440, 1437, 21, 8.12%, 0, 0, 4, 12.41
1747837060, 0, 746, 1440, 1437, 21, 8.12%, 0, 0, 4, 11.95
1747837071, 0, 747, 1441, 1438, 21, 8.12%, 0, 0, 4, 11.61
1747837091, 0, 748, 1441, 1438, 21, 8.12%, 0, 0, 4, 11.51
1747837101, 0, 749, 1441, 1438, 21, 8.12%, 0, 0, 4, 12.53
1747837112, 0, 750, 1441, 1438, 21, 8.12%, 0, 0, 4, 12.50
1747837122, 0, 751, 1441, 1438, 21, 8.12%, 0, 0, 4, 12.71
1747837132, 0, 753, 1441, 1438, 21, 8.12%, 0, 0, 4, 12.88
1747837147, 0, 754, 1441, 1438, 21, 8.12%, 0, 0, 4, 13.38
1747837152, 0, 755, 1441, 1438, 21, 8.12%, 0, 0, 4, 13.44
1747837163, 0, 756, 1441, 1438, 21, 8.12%, 0, 0, 4, 12.45
1747837178, 0, 757, 1441, 1438, 21, 8.12%, 0, 0, 4, 12.55
1747837188, 0, 758, 1441, 1438, 21, 8.12%, 0, 0, 4, 12.52
1747837198, 0, 760, 1441, 1438, 21, 8.12%, 0, 0, 4, 12.57
1747837209, 0, 761, 1441, 1438, 21, 8.12%, 0, 0, 4, 12.45
1747837219, 0, 762, 1441, 1438, 21, 8.12%, 0, 0, 4, 11.91
1747837229, 0, 763, 1442, 1439, 21, 8.12%, 0, 0, 4, 11.22
1747837239, 0, 763, 1443, 1440, 21, 8.14%, 0, 0, 4, 12.80
1747837265, 0, 763, 1444, 1441, 21, 8.14%, 0, 0, 4, 11.47
1747837286, 0, 763, 1445, 1442, 21, 8.14%, 0, 0, 4, 12.19
1747837332, 0, 763, 1446, 1443, 21, 8.14%, 0, 0, 4, 11.89
1747837532, 0, 763, 1447, 1444, 21, 8.14%, 0, 0, 4, 11.47
1747837568, 0, 764, 1449, 1446, 22, 8.15%, 0, 0, 4, 10.57
1747837583, 0, 764, 1450, 1447, 22, 8.15%, 0, 0, 4, 11.88
1747837655, 0, 766, 1450, 1447, 23, 8.15%, 0, 0, 4, 12.06
1747837665, 0, 767, 1450, 1447, 23, 8.15%, 0, 0, 4, 12.84
1747837676, 0, 768, 1450, 1447, 23, 8.15%, 0, 0, 4, 11.84
1747837686, 0, 770, 1451, 1448, 23, 8.15%, 0, 0, 4, 10.28
1747837706, 0, 771, 1451, 1448, 23, 8.15%, 0, 0, 4, 11.48
1747837717, 0, 772, 1451, 1448, 23, 8.15%, 0, 0, 4, 12.71
1747837727, 0, 773, 1451, 1448, 23, 8.15%, 0, 0, 4, 12.19
1747837737, 0, 775, 1451, 1448, 23, 8.15%, 0, 0, 4, 12.97
1747837743, 0, 775, 1452, 1449, 23, 8.15%, 0, 0, 4, 12.60
1747837748, 0, 775, 1453, 1450, 23, 8.15%, 0, 0, 4, 10.91
1747837763, 0, 775, 1454, 1451, 23, 8.15%, 0, 0, 4, 10.89
1747837830, 0, 776, 1454, 1451, 23, 8.15%, 0, 0, 4, 12.77
1747837840, 0, 777, 1454, 1451, 23, 8.15%, 0, 0, 4, 17.76
1747840355, 0, 778, 1454, 1450, 22, 8.15%, 0, 0, 4, 13.98
1747840365, 0, 779, 1454, 1450, 22, 8.15%, 0, 0, 4, 13.12
1747840371, 0, 779, 1455, 1451, 22, 8.15%, 0, 0, 4, 11.30
1747840386, 0, 780, 1455, 1451, 23, 8.15%, 0, 0, 4, 12.36
1747840396, 0, 780, 1456, 1452, 23, 8.15%, 0, 0, 4, 11.42
1747840407, 0, 781, 1456, 1452, 23, 8.15%, 0, 0, 4, 12.06
1747840417, 0, 783, 1456, 1452, 23, 8.15%, 0, 0, 4, 12.39
1747840427, 0, 784, 1456, 1452, 23, 8.15%, 0, 0, 4, 13.24
1747840437, 0, 785, 1456, 1452, 23, 8.15%, 0, 0, 4, 11.76
1747840453, 0, 787, 1456, 1452, 23, 8.15%, 0, 0, 4, 13.30
1747840463, 0, 788, 1458, 1454, 23, 8.15%, 0, 0, 4, 9.70
1747840473, 0, 788, 1460, 1456, 23, 8.15%, 0, 0, 4, 11.69
1747840484, 0, 788, 1461, 1457, 23, 8.15%, 0, 0, 4, 10.88
1747840524, 0, 788, 1462, 1458, 23, 8.15%, 0, 0, 4, 11.30
1747840566, 0, 788, 1463, 1459, 23, 8.15%, 0, 0, 4, 10.81
1747840571, 0, 788, 1464, 1460, 23, 8.15%, 0, 0, 4, 11.60
1747840576, 0, 788, 1465, 1461, 23, 8.15%, 0, 0, 4, 11.15
1747840617, 0, 788, 1466, 1462, 23, 8.15%, 0, 0, 4, 11.56
1747840668, 0, 788, 1467, 1463, 23, 8.16%, 0, 0, 4, 10.70
1747840678, 0, 788, 1468, 1464, 23, 8.16%, 0, 0, 4, 10.99
1747840709, 0, 788, 1469, 1465, 23, 8.16%, 0, 0, 4, 11.31
1747840714, 0, 788, 1470, 1466, 23, 8.16%, 0, 0, 4, 10.93
1747840766, 0, 788, 1471, 1467, 23, 8.16%, 0, 0, 4, 12.28
1747840822, 0, 789, 1471, 1467, 24, 8.16%, 0, 0, 4, 12.33
1747840832, 0, 789, 1472, 1468, 24, 8.16%, 0, 0, 4, 10.85
1747840847, 0, 792, 1472, 1468, 24, 8.16%, 0, 0, 4, 12.11
1747840858, 0, 793, 1473, 1469, 24, 8.16%, 0, 0, 4, 10.77
1747840878, 0, 794, 1473, 1469, 24, 8.16%, 0, 0, 4, 12.08
1747840888, 0, 795, 1473, 1469, 24, 8.16%, 0, 0, 4, 13.27
1747840899, 0, 796, 1473, 1469, 24, 8.16%, 0, 0, 4, 11.87
1747840909, 0, 797, 1473, 1469, 24, 8.16%, 0, 0, 4, 12.75
1747840919, 0, 799, 1473, 1469, 24, 8.16%, 0, 0, 4, 11.58
1747840929, 0, 801, 1473, 1469, 24, 8.16%, 0, 0, 4, 12.61
1747840940, 0, 802, 1473, 1469, 24, 8.16%, 0, 0, 4, 13.17
1747840950, 0, 803, 1473, 1469, 24, 8.16%, 0, 0, 4, 13.16
1747840960, 0, 804, 1473, 1469, 24, 8.16%, 0, 0, 4, 13.20
1747840971, 0, 806, 1473, 1469, 24, 8.16%, 0, 0, 4, 11.93
1747840981, 0, 807, 1473, 1469, 24, 8.16%, 0, 0, 4, 11.46
1747840986, 0, 807, 1475, 1471, 24, 8.16%, 0, 0, 4, 11.24
1747841027, 0, 808, 1475, 1471, 24, 8.16%, 0, 0, 4, 11.44
1747841037, 0, 808, 1476, 1472, 24, 8.16%, 0, 0, 4, 11.52
1747841042, 0, 808, 1477, 1473, 24, 8.16%, 0, 0, 4, 11.00
1747841073, 0, 809, 1477, 1473, 24, 8.16%, 0, 0, 4, 11.71
1747841083, 0, 810, 1477, 1473, 24, 8.16%, 0, 0, 4, 11.27
1747841093, 0, 811, 1477, 1473, 24, 8.16%, 0, 0, 4, 12.86
1747841098, 0, 811, 1478, 1474, 24, 8.16%, 0, 0, 4, 10.99
1747841103, 0, 811, 1479, 1475, 24, 8.16%, 0, 0, 4, 11.07
1747841134, 0, 811, 1480, 1476, 24, 8.16%, 0, 0, 4, 11.35
1747841139, 0, 811, 1481, 1477, 24, 8.16%, 0, 0, 4, 10.71
1747841159, 0, 811, 1482, 1478, 24, 8.16%, 0, 0, 4, 10.99
1747841170, 0, 811, 1483, 1479, 24, 8.16%, 0, 0, 4, 11.32
1747841180, 0, 811, 1484, 1480, 24, 8.16%, 0, 0, 4, 11.09
1747841190, 0, 811, 1485, 1481, 24, 8.16%, 0, 0, 4, 10.79
1747841211, 0, 811, 1487, 1483, 24, 8.16%, 0, 0, 4, 11.65
1747841246, 0, 811, 1488, 1484, 24, 8.29%, 0, 0, 4, 12.31
1747841252, 0, 811, 1489, 1485, 24, 8.29%, 0, 0, 4, 11.10
1747841359, 0, 811, 1491, 1487, 24, 8.29%, 0, 0, 4, 11.18
1747841370, 0, 811, 1492, 1488, 24, 8.29%, 0, 0, 4, 10.77
1747841390, 0, 811, 1493, 1489, 24, 8.29%, 0, 0, 4, 12.31
1747841395, 0, 811, 1494, 1490, 24, 8.29%, 0, 0, 4, 11.45
1747841451, 0, 812, 1494, 1490, 22, 8.29%, 0, 0, 4, 11.95
1747841467, 0, 813, 1494, 1490, 22, 8.29%, 0, 0, 4, 11.50
1747841477, 0, 814, 1494, 1490, 22, 8.29%, 0, 0, 4, 10.92
1747841482, 0, 814, 1495, 1491, 22, 8.29%, 0, 0, 4, 10.67
1747841497, 0, 815, 1495, 1491, 22, 8.29%, 0, 0, 4, 12.41
1747841508, 0, 816, 1495, 1491, 22, 8.29%, 0, 0, 4, 12.17
1747841518, 0, 817, 1495, 1491, 22, 8.29%, 0, 0, 4, 12.29
1747841533, 0, 819, 1495, 1491, 22, 8.29%, 0, 0, 4, 12.33
1747841544, 0, 820, 1495, 1491, 22, 8.29%, 0, 0, 4, 12.90
1747841554, 0, 823, 1495, 1491, 22, 8.29%, 0, 0, 4, 12.99
1747841564, 0, 824, 1495, 1491, 22, 8.29%, 0, 0, 4, 12.52
1747841574, 0, 825, 1495, 1491, 22, 8.29%, 0, 0, 4, 11.50
1747841579, 0, 825, 1496, 1492, 22, 8.29%, 0, 0, 4, 10.83
1747841589, 0, 825, 1497, 1493, 22, 8.30%, 0, 0, 4, 10.00
1747841595, 0, 825, 1498, 1494, 22, 8.30%, 0, 0, 4, 10.57
1747841620, 0, 825, 1500, 1496, 22, 8.30%, 0, 0, 4, 9.99
1747841666, 0, 825, 1501, 1497, 22, 8.30%, 0, 0, 4, 11.23
1747841672, 0, 825, 1502, 1498, 22, 8.30%, 0, 0, 4, 10.72
1747841697, 0, 825, 1503, 1499, 22, 8.30%, 0, 0, 4, 10.75
1747841785, 0, 825, 1504, 1500, 22, 8.30%, 0, 0, 4, 10.92
1747841810, 0, 825, 1505, 1501, 22, 8.30%, 0, 0, 4, 10.10
1747841934, 0, 826, 1505, 1501, 23, 8.30%, 0, 0, 4, 10.92
1747841949, 0, 827, 1506, 1502, 23, 8.38%, 0, 0, 4, 10.75
1747841970, 0, 828, 1506, 1502, 24, 8.38%, 0, 0, 4, 11.72
1747841980, 0, 829, 1506, 1502, 24, 8.38%, 0, 0, 4, 12.83
1747841990, 0, 830, 1506, 1502, 24, 8.38%, 0, 0, 4, 11.32
1747842000, 0, 830, 1507, 1503, 24, 8.38%, 0, 0, 4, 11.45
1747842016, 0, 831, 1507, 1503, 24, 8.38%, 0, 0, 4, 11.56
1747842026, 0, 832, 1507, 1503, 24, 8.38%, 0, 0, 4, 11.73
1747842037, 0, 835, 1507, 1503, 24, 8.38%, 0, 0, 4, 12.07
1747842042, 0, 835, 1508, 1504, 24, 8.38%, 0, 0, 4, 11.53
1747842047, 0, 835, 1509, 1505, 24, 8.38%, 0, 0, 4, 11.78
1747842082, 0, 836, 1509, 1505, 24, 8.38%, 0, 0, 4, 11.79
1747842093, 0, 837, 1509, 1505, 24, 8.38%, 0, 0, 4, 12.36
1747842098, 0, 837, 1510, 1506, 24, 8.38%, 0, 0, 4, 11.60
1747842113, 0, 838, 1510, 1506, 24, 8.38%, 0, 0, 4, 11.84
1747842129, 0, 839, 1511, 1507, 24, 8.38%, 0, 0, 4, 11.83
1747842149, 0, 840, 1511, 1507, 24, 8.38%, 0, 0, 4, 12.95
1747842159, 0, 841, 1511, 1507, 24, 8.38%, 0, 0, 4, 12.56
1747842169, 0, 842, 1511, 1507, 24, 8.38%, 0, 0, 4, 12.27
1747842175, 0, 842, 1512, 1508, 24, 8.38%, 0, 0, 4, 10.90
1747842190, 0, 842, 1513, 1509, 24, 8.38%, 0, 0, 4, 10.39
1747842195, 0, 842, 1514, 1510, 24, 8.38%, 0, 0, 4, 9.80
1747842221, 0, 842, 1515, 1511, 24, 8.38%, 0, 0, 4, 10.20
1747842236, 0, 842, 1516, 1512, 24, 8.38%, 0, 0, 4, 12.33
1747842318, 0, 842, 1517, 1513, 24, 8.38%, 0, 0, 4, 10.67
1747842344, 0, 842, 1518, 1514, 24, 8.38%, 0, 0, 4, 10.02
1747842405, 0, 842, 1519, 1515, 24, 8.38%, 0, 0, 4, 11.41
1747842431, 0, 842, 1520, 1516, 24, 8.38%, 0, 0, 4, 10.68
1747842446, 0, 842, 1521, 1517, 24, 8.38%, 0, 0, 4, 11.40
1747842456, 0, 842, 1522, 1518, 24, 8.38%, 0, 0, 4, 10.68
1747842462, 0, 842, 1523, 1519, 24, 8.38%, 0, 0, 4, 10.64
1747842472, 0, 842, 1524, 1520, 24, 8.38%, 0, 0, 4, 9.99
1747842538, 0, 843, 1524, 1520, 23, 8.38%, 0, 0, 4, 12.38
1747842549, 0, 844, 1524, 1520, 23, 8.38%, 0, 0, 4, 11.10
1747842564, 0, 845, 1525, 1521, 23, 8.38%, 0, 0, 4, 10.23
1747842585, 0, 846, 1525, 1521, 23, 8.38%, 0, 0, 4, 11.14
1747842600, 0, 847, 1526, 1522, 23, 8.38%, 0, 0, 4, 11.04
1747842621, 0, 848, 1526, 1522, 23, 8.38%, 0, 0, 4, 11.29
1747842631, 0, 849, 1526, 1522, 23, 8.38%, 0, 0, 4, 11.47
1747842646, 0, 850, 1526, 1522, 23, 8.38%, 0, 0, 4, 11.77
1747842656, 0, 851, 1526, 1522, 23, 8.38%, 0, 0, 4, 11.84
1747842667, 0, 851, 1527, 1523, 23, 8.38%, 0, 0, 4, 11.12
1747842682, 0, 852, 1527, 1523, 23, 8.38%, 0, 0, 4, 11.91
1747842692, 0, 854, 1527, 1523, 23, 8.38%, 0, 0, 4, 13.27
1747842697, 0, 855, 1527, 1523, 23, 8.38%, 0, 0, 4, 13.38
1747842713, 0, 856, 1527, 1523, 23, 8.38%, 0, 0, 4, 12.25
1747842723, 0, 857, 1527, 1523, 23, 8.38%, 0, 0, 4, 13.09
1747842733, 0, 859, 1527, 1523, 23, 8.38%, 0, 0, 4, 11.92
1747842743, 0, 860, 1527, 1523, 23, 8.38%, 0, 0, 4, 13.32
1747842754, 0, 861, 1527, 1523, 23, 8.38%, 0, 0, 4, 11.61
1747842764, 0, 862, 1527, 1523, 23, 8.38%, 0, 0, 4, 11.39
1747842774, 0, 863, 1527, 1523, 23, 8.38%, 0, 0, 4, 10.88
1747842784, 0, 865, 1527, 1523, 23, 8.38%, 0, 0, 4, 11.98
1747842789, 0, 865, 1528, 1524, 23, 8.41%, 0, 0, 4, 11.47
1747842810, 0, 866, 1528, 1524, 24, 8.41%, 0, 0, 4, 12.17
1747842820, 0, 867, 1528, 1524, 24, 8.41%, 0, 0, 4, 11.57
1747842830, 0, 867, 1529, 1525, 24, 8.41%, 0, 0, 4, 10.83
1747842845, 0, 868, 1529, 1525, 24, 8.41%, 0, 0, 4, 11.07
1747842855, 0, 870, 1529, 1525, 24, 8.41%, 0, 0, 4, 11.92
1747842866, 0, 871, 1529, 1525, 24, 8.41%, 0, 0, 4, 12.20
1747842876, 0, 872, 1529, 1525, 24, 8.41%, 0, 0, 4, 13.37
1747842886, 0, 873, 1529, 1525, 24, 8.41%, 0, 0, 4, 12.63
1747842897, 0, 874, 1529, 1525, 24, 8.41%, 0, 0, 4, 11.29
1747842912, 0, 875, 1529, 1525, 24, 8.41%, 0, 0, 4, 11.47
1747842922, 0, 876, 1529, 1525, 24, 8.41%, 0, 0, 4, 11.72
1747842932, 0, 877, 1529, 1525, 24, 8.41%, 0, 0, 4, 11.91
1747842943, 0, 878, 1529, 1525, 24, 8.41%, 0, 0, 4, 10.91
1747842953, 0, 879, 1529, 1525, 24, 8.41%, 0, 0, 4, 11.28
1747842969, 0, 880, 1529, 1525, 24, 8.41%, 0, 0, 4, 12.52
1747842979, 0, 881, 1529, 1525, 24, 8.41%, 0, 0, 4, 10.56
1747842989, 0, 882, 1529, 1525, 24, 8.41%, 0, 0, 4, 11.60
1747842999, 0, 883, 1529, 1525, 24, 8.41%, 0, 0, 4, 12.46
1747843004, 0, 883, 1530, 1526, 24, 8.41%, 0, 0, 4, 10.45
1747843014, 0, 883, 1531, 1527, 24, 8.41%, 0, 0, 4, 11.95
1747843019, 0, 883, 1532, 1528, 24, 8.41%, 0, 0, 4, 10.71
1747843024, 0, 883, 1533, 1529, 24, 8.41%, 0, 0, 4, 11.04
1747843034, 0, 883, 1534, 1530, 24, 8.41%, 0, 0, 4, 11.04
1747843081, 0, 883, 1535, 1531, 24, 8.41%, 0, 0, 4, 11.10
1747843086, 0, 883, 1537, 1533, 24, 8.41%, 0, 0, 4, 9.54
1747843167, 0, 883, 1538, 1534, 24, 8.41%, 0, 0, 4, 10.93
1747843244, 0, 883, 1539, 1535, 24, 8.41%, 0, 0, 4, 10.24
1747843254, 0, 883, 1540, 1536, 24, 8.41%, 0, 0, 4, 10.74
1747843274, 0, 883, 1541, 1537, 24, 8.41%, 0, 0, 4, 10.87
1747843341, 0, 883, 1542, 1538, 24, 8.41%, 0, 0, 4, 11.03
1747843372, 0, 884, 1542, 1538, 24, 8.41%, 0, 0, 4, 12.21
1747843388, 0, 885, 1543, 1539, 24, 8.41%, 0, 0, 4, 11.10
1747843403, 0, 885, 1544, 1540, 24, 8.41%, 0, 0, 4, 11.45
1747843428, 0, 885, 1545, 1541, 24, 8.42%, 0, 0, 4, 11.22
1747843444, 0, 885, 1546, 1542, 24, 8.42%, 0, 0, 4, 9.94
1747843516, 0, 885, 1547, 1543, 24, 8.42%, 0, 0, 4, 10.84
1747843561, 0, 885, 1548, 1544, 24, 8.42%, 0, 0, 4, 9.23
1747843602, 0, 885, 1549, 1545, 24, 8.42%, 0, 0, 4, 10.25
1747843607, 0, 885, 1550, 1546, 24, 8.42%, 0, 0, 4, 10.42
1747843679, 0, 885, 1551, 1547, 24, 8.42%, 0, 0, 4, 10.18
1747843736, 0, 885, 1552, 1548, 24, 8.42%, 0, 0, 4, 11.30
1747843761, 0, 886, 1552, 1548, 24, 8.42%, 0, 0, 4, 11.32
1747843771, 0, 887, 1553, 1549, 24, 8.42%, 0, 0, 4, 10.55
1747843797, 0, 888, 1553, 1549, 24, 8.42%, 0, 0, 4, 11.68
1747843808, 0, 889, 1553, 1549, 24, 8.42%, 0, 0, 4, 10.93
1747843818, 0, 890, 1553, 1549, 24, 8.42%, 0, 0, 4, 10.98
1747843828, 0, 891, 1553, 1549, 24, 8.42%, 0, 0, 4, 11.89
1747843833, 0, 891, 1554, 1550, 24, 8.42%, 0, 0, 4, 11.60
1747843839, 0, 891, 1555, 1551, 24, 8.42%, 0, 0, 4, 10.15
1747843869, 0, 891, 1556, 1552, 24, 8.42%, 0, 0, 4, 10.47
1747843890, 0, 891, 1557, 1553, 24, 8.42%, 0, 0, 4, 10.41
1747843910, 0, 891, 1558, 1554, 24, 8.42%, 0, 0, 4, 10.79
1747843931, 0, 891, 1559, 1555, 24, 8.42%, 0, 0, 4, 11.64
1747843941, 0, 891, 1560, 1556, 24, 8.42%, 0, 0, 4, 11.00
1747844193, 0, 892, 1560, 1556, 24, 8.42%, 0, 0, 4, 11.80
1747844203, 0, 894, 1560, 1556, 24, 8.42%, 0, 0, 4, 12.18
1747844213, 0, 895, 1560, 1556, 24, 8.42%, 0, 0, 4, 10.64
1747844223, 0, 896, 1560, 1556, 24, 8.42%, 0, 0, 4, 12.06
1747844239, 0, 898, 1560, 1556, 24, 8.42%, 0, 0, 4, 12.17
1747844249, 0, 899, 1560, 1556, 24, 8.42%, 0, 0, 4, 12.46
1747844259, 0, 900, 1561, 1557, 24, 8.42%, 0, 0, 4, 10.86
1747844274, 0, 900, 1562, 1558, 24, 8.43%, 0, 0, 4, 11.51
1747844285, 0, 900, 1563, 1559, 24, 8.43%, 0, 0, 4, 11.05
1747844310, 0, 900, 1564, 1560, 24, 8.43%, 0, 0, 4, 10.36
1747844321, 0, 900, 1565, 1561, 24, 8.43%, 0, 0, 4, 10.72
1747844423, 0, 900, 1566, 1562, 24, 8.43%, 0, 0, 4, 10.61
1747844438, 0, 900, 1568, 1564, 24, 8.43%, 0, 0, 4, 9.33
1747844464, 0, 900, 1569, 1565, 24, 8.43%, 0, 0, 4, 10.96
1747844474, 0, 900, 1570, 1566, 24, 8.43%, 0, 0, 4, 11.20
1747844624, 0, 900, 1571, 1567, 24, 8.43%, 0, 0, 4, 10.08
1747844634, 0, 901, 1571, 1567, 25, 8.43%, 0, 0, 4, 12.43
1747844649, 0, 903, 1571, 1567, 25, 8.43%, 0, 0, 4, 10.33
1747844659, 0, 904, 1571, 1567, 25, 8.43%, 0, 0, 4, 11.59
1747844670, 0, 905, 1571, 1567, 25, 8.43%, 0, 0, 4, 12.76
1747844680, 0, 908, 1571, 1567, 25, 8.43%, 0, 0, 4, 12.33
1747844690, 0, 909, 1572, 1568, 25, 8.43%, 0, 0, 4, 10.63
1747844695, 0, 909, 1573, 1569, 25, 8.43%, 0, 0, 4, 11.35
1747844706, 0, 909, 1574, 1570, 25, 8.43%, 0, 0, 4, 10.23
1747844721, 0, 909, 1575, 1571, 25, 8.43%, 0, 0, 4, 10.37
1747844742, 0, 909, 1576, 1572, 25, 8.43%, 0, 0, 4, 9.87
1747844860, 0, 909, 1577, 1573, 25, 8.43%, 0, 0, 4, 10.51
1747844896, 0, 909, 1578, 1574, 25, 8.43%, 0, 0, 4, 10.60
1747844958, 0, 909, 1579, 1575, 25, 8.43%, 0, 0, 4, 10.49
1747845025, 0, 909, 1580, 1576, 25, 8.43%, 0, 0, 4, 10.37
1747845066, 0, 909, 1581, 1577, 25, 8.43%, 0, 0, 4, 10.40
1747845071, 0, 910, 1581, 1577, 25, 8.43%, 0, 0, 4, 10.34
1747845081, 0, 913, 1581, 1577, 25, 8.43%, 0, 0, 4, 11.15
1747845091, 0, 915, 1581, 1577, 25, 8.43%, 0, 0, 4, 10.96
1747845096, 0, 915, 1582, 1578, 25, 8.43%, 0, 0, 4, 10.00
1747845117, 0, 915, 1583, 1579, 25, 8.43%, 0, 0, 4, 10.30
1747845137, 0, 916, 1583, 1579, 25, 8.43%, 0, 0, 4, 11.70
1747845153, 0, 917, 1583, 1579, 25, 8.43%, 0, 0, 4, 11.83
1747845164, 0, 918, 1583, 1579, 25, 8.43%, 0, 0, 4, 11.05
1747845174, 0, 919, 1583, 1579, 25, 8.43%, 0, 0, 4, 12.76
1747845184, 0, 921, 1583, 1579, 25, 8.43%, 0, 0, 4, 11.80
1747845189, 0, 921, 1584, 1580, 25, 8.43%, 0, 0, 4, 10.88
1747845199, 0, 921, 1585, 1581, 25, 8.43%, 0, 0, 4, 10.93
1747845205, 0, 921, 1586, 1582, 25, 8.43%, 0, 0, 4, 10.18
1747845276, 0, 921, 1587, 1583, 25, 8.43%, 0, 0, 4, 10.55
1747845374, 0, 921, 1588, 1584, 25, 8.43%, 0, 0, 4, 9.88
1747845420, 0, 921, 1589, 1585, 25, 8.43%, 0, 0, 4, 10.73
1747845466, 0, 921, 1590, 1586, 25, 8.43%, 0, 0, 4, 10.54
1747845563, 0, 923, 1590, 1586, 26, 8.43%, 0, 0, 4, 11.21
1747845574, 0, 925, 1590, 1586, 26, 8.43%, 0, 0, 4, 10.98
1747845584, 0, 927, 1590, 1586, 26, 8.43%, 0, 0, 4, 10.98
1747845599, 0, 929, 1590, 1586, 26, 8.43%, 0, 0, 4, 12.20
1747845609, 0, 930, 1590, 1586, 26, 8.43%, 0, 0, 4, 11.88
1747845620, 0, 931, 1590, 1586, 26, 8.43%, 0, 0, 4, 11.07
1747845630, 0, 932, 1590, 1586, 26, 8.43%, 0, 0, 4, 11.68
1747845640, 0, 933, 1590, 1586, 26, 8.43%, 0, 0, 4, 12.39
1747845651, 0, 934, 1590, 1586, 26, 8.43%, 0, 0, 4, 11.82
1747845661, 0, 935, 1590, 1586, 26, 8.43%, 0, 0, 4, 12.20
1747845666, 0, 935, 1591, 1587, 26, 8.43%, 0, 0, 4, 10.61
1747845671, 0, 935, 1592, 1588, 26, 8.43%, 0, 0, 4, 9.40
1747845712, 0, 936, 1592, 1588, 26, 8.43%, 0, 0, 4, 12.40
1747845722, 0, 937, 1592, 1588, 26, 8.43%, 0, 0, 4, 10.75
1747845732, 0, 938, 1592, 1588, 26, 8.43%, 0, 0, 4, 11.39
1747845742, 0, 939, 1592, 1588, 26, 8.43%, 0, 0, 4, 11.59
1747845748, 0, 939, 1593, 1589, 26, 8.43%, 0, 0, 4, 10.96
1747845763, 0, 939, 1594, 1590, 26, 8.43%, 0, 0, 4, 11.42
1747845773, 0, 939, 1595, 1591, 26, 8.43%, 0, 0, 4, 10.17
1747845799, 0, 939, 1596, 1592, 26, 8.43%, 0, 0, 4, 11.07
1747845856, 0, 939, 1597, 1593, 26, 8.43%, 0, 0, 4, 10.27
1747845866, 0, 939, 1598, 1594, 26, 8.43%, 0, 0, 4, 11.11
1747845892, 0, 939, 1599, 1595, 26, 8.43%, 0, 0, 4, 10.53
1747845918, 0, 939, 1600, 1596, 26, 8.43%, 0, 0, 4, 10.70
1747845928, 0, 939, 1601, 1597, 26, 8.44%, 0, 0, 4, 10.94
1747845959, 0, 939, 1602, 1598, 26, 8.44%, 0, 0, 4, 10.27
1747845974, 0, 939, 1603, 1599, 26, 8.44%, 0, 0, 4, 11.18
1747845990, 0, 939, 1604, 1600, 26, 8.44%, 0, 0, 4, 10.04
1747846025, 0, 939, 1605, 1601, 26, 8.44%, 0, 0, 4, 9.69
1747846061, 0, 939, 1606, 1602, 26, 8.44%, 0, 0, 4, 10.91
1747846118, 0, 939, 1607, 1603, 26, 8.44%, 0, 0, 4, 10.60
1747846128, 0, 940, 1607, 1603, 28, 8.44%, 0, 0, 4, 11.44
1747846138, 0, 941, 1607, 1603, 28, 8.44%, 0, 0, 4, 11.78
1747846148, 0, 943, 1607, 1603, 28, 8.44%, 0, 0, 4, 12.67
1747846159, 0, 944, 1607, 1603, 28, 8.44%, 0, 0, 4, 11.25
1747846174, 0, 945, 1607, 1603, 28, 8.44%, 0, 0, 4, 11.90
1747846184, 0, 946, 1607, 1603, 28, 8.44%, 0, 0, 4, 10.76
1747846195, 0, 947, 1607, 1603, 28, 8.44%, 0, 0, 4, 11.34
1747846205, 0, 947, 1608, 1604, 28, 8.44%, 0, 0, 4, 11.46
1747846220, 0, 949, 1608, 1604, 28, 8.44%, 0, 0, 4, 10.84
1747846230, 0, 950, 1608, 1604, 28, 8.44%, 0, 0, 4, 11.31
1747846241, 0, 951, 1608, 1604, 28, 8.44%, 0, 0, 4, 10.93
1747846246, 0, 951, 1609, 1605, 28, 8.44%, 0, 0, 4, 9.93
1747846267, 0, 954, 1609, 1605, 28, 8.44%, 0, 0, 4, 10.73
1747846277, 0, 956, 1610, 1606, 28, 8.44%, 0, 0, 4, 10.16
1747846303, 0, 957, 1610, 1606, 28, 8.44%, 0, 0, 4, 11.59
1747846313, 0, 958, 1610, 1606, 28, 8.44%, 0, 0, 4, 11.17
1747846323, 0, 960, 1610, 1606, 28, 8.44%, 0, 0, 4, 11.63
1747846334, 0, 961, 1610, 1606, 28, 8.44%, 0, 0, 4, 11.40
1747846349, 0, 962, 1610, 1606, 28, 8.44%, 0, 0, 4, 11.96
1747846360, 0, 964, 1610, 1606, 28, 8.44%, 0, 0, 4, 11.51
1747846370, 0, 965, 1610, 1606, 28, 8.44%, 0, 0, 4, 11.68
1747846375, 0, 965, 1611, 1607, 28, 8.44%, 0, 0, 4, 10.35
1747846385, 0, 965, 1612, 1608, 28, 8.44%, 0, 0, 4, 10.16
1747846421, 0, 966, 1612, 1608, 28, 8.44%, 0, 0, 4, 11.09
1747846431, 0, 968, 1612, 1608, 28, 8.44%, 0, 0, 4, 11.64
1747846437, 0, 968, 1613, 1609, 28, 8.44%, 0, 0, 4, 11.42
1747846457, 0, 969, 1614, 1610, 28, 8.44%, 0, 0, 4, 9.92
1747846478, 0, 971, 1614, 1610, 28, 8.44%, 0, 0, 4, 11.08
1747846488, 0, 973, 1614, 1610, 28, 8.44%, 0, 0, 4, 11.32
1747846504, 0, 975, 1614, 1610, 28, 8.44%, 0, 0, 4, 11.81
1747846514, 0, 978, 1614, 1610, 28, 8.44%, 0, 0, 4, 11.09
1747846524, 0, 979, 1614, 1610, 28, 8.44%, 0, 0, 4, 11.09
1747846534, 0, 980, 1614, 1610, 28, 8.44%, 0, 0, 4, 11.42
1747846550, 0, 981, 1614, 1610, 28, 8.44%, 0, 0, 4, 12.32
1747846560, 0, 982, 1614, 1610, 28, 8.44%, 0, 0, 4, 10.36
1747846570, 0, 983, 1614, 1610, 28, 8.44%, 0, 0, 4, 11.84
1747846580, 0, 985, 1614, 1610, 28, 8.44%, 0, 0, 4, 11.50
1747846596, 0, 986, 1614, 1610, 28, 8.44%, 0, 0, 4, 12.15
1747846606, 0, 987, 1615, 1611, 28, 8.44%, 0, 0, 4, 10.99
1747846621, 0, 987, 1616, 1612, 28, 8.44%, 0, 0, 4, 9.41
1747846631, 0, 987, 1617, 1613, 28, 8.44%, 0, 0, 4, 10.47
1747846646, 0, 987, 1618, 1614, 28, 8.44%, 0, 0, 4, 10.48
1747846657, 0, 987, 1619, 1615, 28, 8.44%, 0, 0, 4, 10.91
1747846667, 0, 987, 1620, 1616, 28, 8.44%, 0, 0, 4, 11.10
1747846708, 0, 987, 1621, 1617, 28, 8.44%, 0, 0, 4, 9.97
1747846986, 0, 988, 1621, 1617, 28, 8.44%, 0, 0, 4, 12.73
1747846996, 0, 989, 1621, 1617, 28, 8.44%, 0, 0, 4, 11.29
1747847007, 0, 990, 1621, 1617, 28, 8.44%, 0, 0, 4, 10.96
1747847017, 0, 991, 1621, 1617, 28, 8.44%, 0, 0, 4, 11.03
1747847027, 0, 992, 1621, 1617, 28, 8.44%, 0, 0, 4, 10.99
1747847043, 0, 993, 1621, 1617, 28, 8.44%, 0, 0, 4, 10.72
1747847053, 0, 994, 1621, 1617, 28, 8.44%, 0, 0, 4, 10.33
1747847069, 0, 996, 1622, 1618, 28, 8.44%, 0, 0, 4, 11.06
1747847089, 0, 997, 1622, 1618, 28, 8.44%, 0, 0, 4, 10.61
1747847095, 0, 997, 1623, 1619, 28, 8.44%, 0, 0, 4, 9.56
1747847115, 0, 998, 1623, 1619, 29, 8.44%, 0, 0, 4, 11.13
1747847125, 0, 999, 1623, 1619, 29, 8.44%, 0, 0, 4, 11.55
1747847136, 0, 1002, 1623, 1619, 29, 8.44%, 0, 0, 4, 11.43
1747847151, 0, 1003, 1623, 1619, 29, 8.44%, 0, 0, 4, 10.27
1747847162, 0, 1004, 1623, 1619, 29, 8.44%, 0, 0, 4, 11.28
1747847172, 0, 1005, 1623, 1619, 29, 8.44%, 0, 0, 4, 11.00
1747847182, 0, 1006, 1623, 1619, 29, 8.44%, 0, 0, 4, 10.62
1747847198, 0, 1007, 1623, 1619, 29, 8.44%, 0, 0, 4, 11.54
1747847208, 0, 1008, 1623, 1619, 29, 8.44%, 0, 0, 4, 11.25
1747847219, 0, 1009, 1623, 1619, 29, 8.44%, 0, 0, 4, 11.35
1747847229, 0, 1010, 1623, 1619, 29, 8.44%, 0, 0, 4, 12.48
1747847239, 0, 1011, 1623, 1619, 29, 8.44%, 0, 0, 4, 10.57
1747847244, 0, 1011, 1624, 1620, 29, 8.44%, 0, 0, 4, 9.89
1747847265, 0, 1012, 1624, 1620, 29, 8.44%, 0, 0, 4, 11.13
1747847275, 0, 1014, 1624, 1620, 29, 8.44%, 0, 0, 4, 10.81
1747847291, 0, 1015, 1624, 1620, 29, 8.44%, 0, 0, 4, 11.27
1747847301, 0, 1016, 1624, 1620, 29, 8.44%, 0, 0, 4, 12.06
1747847311, 0, 1018, 1624, 1620, 29, 8.44%, 0, 0, 4, 11.82
1747847321, 0, 1019, 1624, 1620, 29, 8.44%, 0, 0, 4, 11.42
1747847331, 0, 1020, 1624, 1620, 29, 8.44%, 0, 0, 4, 12.25
1747847347, 0, 1021, 1624, 1620, 29, 8.44%, 0, 0, 4, 11.87
1747847357, 0, 1022, 1624, 1620, 29, 8.44%, 0, 0, 4, 11.17
1747847367, 0, 1022, 1625, 1621, 29, 8.44%, 0, 0, 4, 10.48
1747847383, 0, 1023, 1625, 1621, 29, 8.44%, 0, 0, 4, 11.02
1747847388, 0, 1023, 1626, 1622, 29, 8.44%, 0, 0, 4, 9.60
1747847398, 0, 1023, 1627, 1623, 29, 8.44%, 0, 0, 4, 9.95
1747847429, 0, 1024, 1627, 1623, 29, 8.44%, 0, 0, 4, 11.45
1747847440, 0, 1026, 1627, 1623, 29, 8.44%, 0, 0, 4, 11.26
1747847455, 0, 1027, 1627, 1623, 29, 8.44%, 0, 0, 4, 11.72
1747847465, 0, 1029, 1627, 1623, 29, 8.44%, 0, 0, 4, 10.67
1747847475, 0, 1030, 1627, 1623, 29, 8.44%, 0, 0, 4, 11.03
1747847491, 0, 1033, 1627, 1623, 29, 8.44%, 0, 0, 4, 12.08
1747847501, 0, 1035, 1627, 1623, 29, 8.44%, 0, 0, 4, 10.95
1747847511, 0, 1036, 1627, 1623, 29, 8.44%, 0, 0, 4, 11.07
1747847521, 0, 1037, 1627, 1623, 29, 8.44%, 0, 0, 4, 11.01
1747847532, 0, 1038, 1627, 1623, 29, 8.44%, 0, 0, 4, 10.99
1747847547, 0, 1039, 1627, 1623, 29, 8.44%, 0, 0, 4, 10.86
1747847558, 0, 1040, 1627, 1623, 29, 8.44%, 0, 0, 4, 11.99
1747847568, 0, 1041, 1627, 1623, 29, 8.44%, 0, 0, 4, 11.82
1747847578, 0, 1042, 1627, 1623, 29, 8.44%, 0, 0, 4, 11.29
1747847588, 0, 1043, 1627, 1623, 29, 8.44%, 0, 0, 4, 11.89
1747847604, 0, 1044, 1627, 1623, 29, 8.44%, 0, 0, 4, 11.92
1747847614, 0, 1045, 1627, 1623, 29, 8.44%, 0, 0, 4, 11.72
1747847624, 0, 1046, 1628, 1624, 29, 8.44%, 0, 0, 4, 10.20
1747847650, 0, 1047, 1628, 1624, 29, 8.44%, 0, 0, 4, 11.51
1747847660, 0, 1049, 1628, 1624, 29, 8.44%, 0, 0, 4, 11.55
1747847675, 0, 1050, 1628, 1624, 29, 8.44%, 0, 0, 4, 11.19
1747847686, 0, 1051, 1629, 1625, 29, 8.44%, 0, 0, 4, 10.05
1747847707, 0, 1052, 1629, 1625, 29, 8.44%, 0, 0, 4, 11.96
1747847722, 0, 1053, 1629, 1625, 29, 8.44%, 0, 0, 4, 10.95
1747847733, 0, 1055, 1629, 1625, 29, 8.44%, 0, 0, 4, 12.41
1747847743, 0, 1056, 1629, 1625, 29, 8.44%, 0, 0, 4, 10.95
1747847753, 0, 1058, 1629, 1625, 29, 8.44%, 0, 0, 4, 11.20
1747847763, 0, 1059, 1629, 1625, 29, 8.44%, 0, 0, 4, 11.39
1747847779, 0, 1061, 1629, 1625, 29, 8.44%, 0, 0, 4, 10.70
1747847789, 0, 1062, 1629, 1625, 29, 8.44%, 0, 0, 4, 11.07
1747847799, 0, 1063, 1629, 1625, 29, 8.44%, 0, 0, 4, 11.32
1747847815, 0, 1064, 1629, 1625, 29, 8.44%, 0, 0, 4, 12.07
1747847825, 0, 1066, 1629, 1625, 29, 8.44%, 0, 0, 4, 11.05
1747847830, 0, 1066, 1630, 1626, 29, 8.44%, 0, 0, 4, 10.47
1747847845, 0, 1067, 1630, 1626, 29, 8.44%, 0, 0, 4, 11.47
1747847861, 0, 1069, 1630, 1626, 29, 8.44%, 0, 0, 4, 11.02
1747847871, 0, 1071, 1630, 1626, 29, 8.44%, 0, 0, 4, 12.31
1747847881, 0, 1073, 1630, 1626, 29, 8.44%, 0, 0, 4, 9.46
1747847897, 0, 1074, 1630, 1626, 29, 8.44%, 0, 0, 4, 11.32
1747847907, 0, 1075, 1630, 1626, 29, 8.44%, 0, 0, 4, 12.81
1747847917, 0, 1076, 1630, 1626, 29, 8.44%, 0, 0, 4, 11.97
1747847927, 0, 1079, 1630, 1626, 29, 8.44%, 0, 0, 4, 11.77
1747847938, 0, 1079, 1631, 1627, 29, 8.44%, 0, 0, 4, 11.08
1747847953, 0, 1080, 1631, 1627, 29, 8.44%, 0, 0, 4, 10.84
1747847963, 0, 1081, 1631, 1627, 29, 8.44%, 0, 0, 4, 11.35
1747847969, 0, 1081, 1632, 1628, 29, 8.44%, 0, 0, 4, 10.95
1747847989, 0, 1083, 1632, 1628, 29, 8.44%, 0, 0, 4, 11.40
1747848000, 0, 1086, 1632, 1628, 29, 8.44%, 0, 0, 4, 10.76
1747848010, 0, 1088, 1632, 1628, 29, 8.44%, 0, 0, 4, 11.92
1747848020, 0, 1089, 1632, 1628, 29, 8.44%, 0, 0, 4, 10.69
1747848036, 0, 1090, 1632, 1628, 29, 8.44%, 0, 0, 4, 11.15
1747848046, 0, 1091, 1632, 1628, 29, 8.44%, 0, 0, 4, 10.58
1747848056, 0, 1093, 1632, 1628, 29, 8.44%, 0, 0, 4, 10.72
1747848071, 0, 1094, 1632, 1628, 29, 8.44%, 0, 0, 4, 11.56
1747848082, 0, 1095, 1632, 1628, 29, 8.44%, 0, 0, 4, 10.62
1747848092, 0, 1096, 1632, 1628, 29, 8.44%, 0, 0, 4, 10.37
1747848107, 0, 1097, 1632, 1628, 29, 8.44%, 0, 0, 4, 11.32
1747848117, 0, 1098, 1632, 1628, 29, 8.44%, 0, 0, 4, 11.81
1747848128, 0, 1100, 1632, 1628, 29, 8.44%, 0, 0, 4, 11.81
1747848138, 0, 1101, 1632, 1628, 29, 8.44%, 0, 0, 4, 10.81
1747848153, 0, 1103, 1632, 1628, 29, 8.44%, 0, 0, 4, 11.25
1747848158, 0, 1103, 1633, 1629, 29, 8.44%, 0, 0, 4, 9.84
1747848169, 0, 1103, 1634, 1630, 29, 8.44%, 0, 0, 4, 9.70
1747848205, 0, 1104, 1634, 1630, 29, 8.44%, 0, 0, 4, 10.67
1747848215, 0, 1105, 1634, 1630, 29, 8.44%, 0, 0, 4, 11.23
1747848226, 0, 1107, 1634, 1630, 29, 8.44%, 0, 0, 4, 10.01
1747848241, 0, 1108, 1634, 1630, 29, 8.44%, 0, 0, 4, 11.06
1747848251, 0, 1109, 1634, 1630, 29, 8.44%, 0, 0, 4, 11.80
1747848262, 0, 1110, 1634, 1630, 29, 8.44%, 0, 0, 4, 11.09
1747848272, 0, 1111, 1634, 1630, 29, 8.44%, 0, 0, 4, 11.81
1747848282, 0, 1112, 1634, 1630, 29, 8.44%, 0, 0, 4, 11.68
1747848298, 0, 1113, 1634, 1630, 29, 8.44%, 0, 0, 4, 11.45
1747848308, 0, 1114, 1634, 1630, 29, 8.44%, 0, 0, 4, 10.74
1747848318, 0, 1116, 1634, 1630, 29, 8.44%, 0, 0, 4, 10.68
1747848334, 0, 1117, 1634, 1630, 29, 8.44%, 0, 0, 4, 11.57
1747848344, 0, 1118, 1634, 1630, 29, 8.44%, 0, 0, 4, 11.11
1747848354, 0, 1119, 1635, 1631, 29, 8.44%, 0, 0, 4, 10.32
1747848380, 0, 1120, 1635, 1631, 29, 8.44%, 0, 0, 4, 11.14
1747848391, 0, 1121, 1635, 1631, 29, 8.44%, 0, 0, 4, 11.74
1747848401, 0, 1122, 1635, 1631, 29, 8.44%, 0, 0, 4, 10.98
1747848416, 0, 1123, 1635, 1631, 29, 8.44%, 0, 0, 4, 10.73
1747848427, 0, 1124, 1635, 1631, 29, 8.44%, 0, 0, 4, 10.91
1747848437, 0, 1125, 1635, 1631, 29, 8.44%, 0, 0, 4, 10.95
1747848442, 0, 1125, 1636, 1632, 29, 8.44%, 0, 0, 4, 11.17
1747848462, 0, 1126, 1636, 1632, 29, 8.44%, 0, 0, 4, 10.79
1747848473, 0, 1127, 1636, 1632, 29, 8.44%, 0, 0, 4, 10.64
1747848483, 0, 1129, 1636, 1632, 29, 8.44%, 0, 0, 4, 10.56
1747848499, 0, 1130, 1636, 1632, 29, 8.44%, 0, 0, 4, 12.10
1747848509, 0, 1134, 1636, 1632, 29, 8.44%, 0, 0, 4, 15.15
1747854116, 0, 1134, 1637, 1633, 29, 8.44%, 0, 0, 4, 15.65
1747854173, 0, 1136, 1637, 1632, 28, 8.44%, 0, 0, 4, 14.62
1747854183, 0, 1137, 1637, 1632, 28, 8.44%, 0, 0, 4, 11.75
1747854193, 0, 1137, 1638, 1633, 28, 8.44%, 0, 0, 4, 11.27
1747854208, 0, 1138, 1638, 1633, 28, 8.44%, 0, 0, 4, 10.62
1747854224, 0, 1139, 1638, 1633, 28, 8.44%, 0, 0, 4, 10.81
1747854234, 0, 1141, 1638, 1633, 28, 8.44%, 0, 0, 4, 11.14
1747854244, 0, 1142, 1638, 1633, 28, 8.44%, 0, 0, 4, 11.12
1747854259, 0, 1144, 1638, 1633, 28, 8.44%, 0, 0, 4, 10.53
1747854269, 0, 1144, 1639, 1634, 28, 8.44%, 0, 0, 4, 10.41
1747854285, 0, 1145, 1639, 1634, 28, 8.44%, 0, 0, 4, 11.44
1747854296, 0, 1146, 1639, 1634, 28, 8.44%, 0, 0, 4, 11.09
1747854306, 0, 1147, 1639, 1634, 28, 8.44%, 0, 0, 4, 10.20
1747854316, 0, 1148, 1639, 1634, 28, 8.44%, 0, 0, 4, 11.31
1747854331, 0, 1150, 1639, 1634, 28, 8.44%, 0, 0, 4, 10.69
1747854341, 0, 1152, 1639, 1634, 28, 8.44%, 0, 0, 4, 11.17
1747854352, 0, 1153, 1639, 1634, 28, 8.44%, 0, 0, 4, 11.31
1747854367, 0, 1154, 1639, 1634, 28, 8.44%, 0, 0, 4, 11.10
1747854377, 0, 1156, 1639, 1634, 28, 8.44%, 0, 0, 4, 11.13
1747854387, 0, 1157, 1639, 1634, 28, 8.44%, 0, 0, 4, 11.99
1747854398, 0, 1157, 1640, 1635, 28, 8.44%, 0, 0, 4, 10.31
1747854413, 0, 1158, 1640, 1635, 28, 8.44%, 0, 0, 4, 11.54
1747854423, 0, 1159, 1640, 1635, 28, 8.44%, 0, 0, 4, 11.74
1747854434, 0, 1160, 1640, 1635, 28, 8.44%, 0, 0, 4, 12.16
1747854444, 0, 1161, 1640, 1635, 28, 8.44%, 0, 0, 4, 11.49
1747854454, 0, 1162, 1640, 1635, 28, 8.44%, 0, 0, 4, 11.31
1747854469, 0, 1163, 1640, 1635, 28, 8.44%, 0, 0, 4, 10.55
1747854480, 0, 1164, 1640, 1635, 28, 8.44%, 0, 0, 4, 10.71
1747854490, 0, 1166, 1640, 1635, 28, 8.44%, 0, 0, 4, 10.80
1747854505, 0, 1166, 1641, 1636, 28, 8.44%, 0, 0, 4, 10.73
1747854515, 0, 1167, 1641, 1636, 28, 8.44%, 0, 0, 4, 11.42
1747854526, 0, 1169, 1641, 1636, 28, 8.44%, 0, 0, 4, 11.52
1747854541, 0, 1170, 1641, 1636, 28, 8.44%, 0, 0, 4, 10.94
1747854551, 0, 1171, 1641, 1636, 28, 8.44%, 0, 0, 4, 10.21
1747854562, 0, 1173, 1641, 1636, 28, 8.44%, 0, 0, 4, 10.06
1747854577, 0, 1174, 1641, 1636, 28, 8.44%, 0, 0, 4, 10.85
1747854587, 0, 1175, 1641, 1636, 28, 8.44%, 0, 0, 4, 11.01
1747854602, 0, 1176, 1641, 1636, 28, 8.44%, 0, 0, 4, 11.56
1747854613, 0, 1177, 1641, 1636, 28, 8.44%, 0, 0, 4, 11.21
1747854623, 0, 1178, 1641, 1636, 28, 8.44%, 0, 0, 4, 10.18
1747854633, 0, 1179, 1642, 1637, 28, 8.44%, 0, 0, 4, 10.62
1747854659, 0, 1181, 1642, 1637, 28, 8.44%, 0, 0, 4, 11.49
1747854664, 0, 1181, 1643, 1638, 28, 8.44%, 0, 0, 4, 10.33
1747854685, 0, 1182, 1643, 1638, 28, 8.44%, 0, 0, 4, 11.09
1747854695, 0, 1183, 1643, 1638, 28, 8.44%, 0, 0, 4, 10.97
1747854710, 0, 1184, 1643, 1638, 28, 8.44%, 0, 0, 4, 11.18
1747854720, 0, 1185, 1644, 1639, 28, 8.44%, 0, 0, 4, 11.36
1747854746, 0, 1186, 1644, 1639, 28, 8.44%, 0, 0, 4, 10.31
1747854756, 0, 1186, 1645, 1640, 28, 8.44%, 0, 0, 4, 9.93
1747854767, 0, 1187, 1645, 1640, 28, 8.44%, 0, 0, 4, 11.88
1747854777, 0, 1187, 1646, 1641, 28, 8.44%, 0, 0, 4, 10.34
1747854792, 0, 1188, 1646, 1641, 28, 8.44%, 0, 0, 4, 11.11
1747854802, 0, 1191, 1646, 1641, 28, 8.44%, 0, 0, 4, 11.05
1747854812, 0, 1192, 1646, 1641, 28, 8.44%, 0, 0, 4, 12.26
1747854828, 0, 1193, 1646, 1641, 28, 8.44%, 0, 0, 4, 11.62
1747854838, 0, 1194, 1646, 1641, 28, 8.44%, 0, 0, 4, 11.28
1747854849, 0, 1195, 1646, 1641, 28, 8.44%, 0, 0, 4, 11.45
1747854859, 0, 1197, 1646, 1641, 28, 8.44%, 0, 0, 4, 11.41
1747854875, 0, 1198, 1646, 1641, 28, 8.44%, 0, 0, 4, 12.15
1747854885, 0, 1199, 1646, 1641, 28, 8.44%, 0, 0, 4, 10.95
1747854895, 0, 1200, 1646, 1641, 28, 8.44%, 0, 0, 4, 10.17
1747854911, 0, 1204, 1646, 1641, 28, 8.44%, 0, 0, 4, 10.31
1747854921, 0, 1205, 1646, 1641, 28, 8.44%, 0, 0, 4, 12.29
1747854931, 0, 1206, 1646, 1641, 28, 8.44%, 0, 0, 4, 10.22
1747854941, 0, 1207, 1646, 1641, 28, 8.44%, 0, 0, 4, 11.17
1747854957, 0, 1208, 1646, 1641, 28, 8.44%, 0, 0, 4, 10.88
1747854967, 0, 1209, 1646, 1641, 28, 8.44%, 0, 0, 4, 11.17
1747854977, 0, 1210, 1646, 1641, 28, 8.44%, 0, 0, 4, 10.66
1747854993, 0, 1211, 1646, 1641, 28, 8.44%, 0, 0, 4, 9.65
1747855003, 0, 1212, 1646, 1641, 28, 8.44%, 0, 0, 4, 12.07
1747855013, 0, 1213, 1646, 1641, 28, 8.44%, 0, 0, 4, 11.23
1747855024, 0, 1215, 1646, 1641, 28, 8.44%, 0, 0, 4, 11.25
1747855039, 0, 1216, 1646, 1641, 28, 8.44%, 0, 0, 4, 11.22
1747855049, 0, 1218, 1646, 1641, 28, 8.44%, 0, 0, 4, 9.98
1747855059, 0, 1220, 1646, 1641, 28, 8.44%, 0, 0, 4, 11.12
1747855075, 0, 1221, 1646, 1641, 28, 8.44%, 0, 0, 4, 10.78
1747855085, 0, 1223, 1646, 1641, 28, 8.44%, 0, 0, 4, 10.60
1747855096, 0, 1224, 1646, 1641, 28, 8.44%, 0, 0, 4, 11.27
1747855111, 0, 1225, 1646, 1641, 28, 8.44%, 0, 0, 4, 12.21
1747855121, 0, 1228, 1646, 1641, 28, 8.44%, 0, 0, 4, 10.38
1747855131, 0, 1229, 1646, 1641, 28, 8.44%, 0, 0, 4, 11.54
1747855142, 0, 1231, 1646, 1641, 28, 8.44%, 0, 0, 4, 10.33
1747855152, 0, 1232, 1646, 1641, 28, 8.44%, 0, 0, 4, 11.43
1747855167, 0, 1233, 1646, 1641, 28, 8.44%, 0, 0, 4, 12.06
1747855177, 0, 1234, 1646, 1641, 28, 8.44%, 0, 0, 4, 12.88
1747855188, 0, 1235, 1646, 1641, 28, 8.44%, 0, 0, 4, 11.40
1747855198, 0, 1237, 1646, 1641, 28, 8.44%, 0, 0, 4, 11.27
1747855214, 0, 1238, 1646, 1641, 28, 8.44%, 0, 0, 4, 12.35
1747855224, 0, 1239, 1646, 1641, 28, 8.44%, 0, 0, 4, 11.91
1747855234, 0, 1240, 1646, 1641, 28, 8.44%, 0, 0, 4, 12.05
1747855245, 0, 1241, 1647, 1642, 28, 8.44%, 0, 0, 4, 11.83
1747855265, 0, 1242, 1647, 1642, 28, 8.44%, 0, 0, 4, 11.33
1747855280, 0, 1243, 1647, 1642, 28, 8.44%, 0, 0, 4, 10.42
1747855290, 0, 1244, 1647, 1642, 28, 8.44%, 0, 0, 4, 10.71
1747855301, 0, 1245, 1647, 1642, 28, 8.44%, 0, 0, 4, 10.74
1747855316, 0, 1246, 1647, 1642, 28, 8.44%, 0, 0, 4, 11.63
1747855327, 0, 1247, 1648, 1643, 28, 8.44%, 0, 0, 4, 11.75
1747855352, 0, 1248, 1648, 1643, 28, 8.44%, 0, 0, 4, 11.42
1747855363, 0, 1249, 1648, 1643, 28, 8.44%, 0, 0, 4, 11.49
1747855373, 0, 1251, 1648, 1643, 28, 8.44%, 0, 0, 4, 10.23
1747855383, 0, 1252, 1648, 1643, 28, 8.44%, 0, 0, 4, 11.33
1747855394, 0, 1253, 1648, 1643, 28, 8.44%, 0, 0, 4, 11.42
1747855409, 0, 1255, 1648, 1643, 28, 8.44%, 0, 0, 4, 10.67
1747855419, 0, 1256, 1648, 1643, 28, 8.44%, 0, 0, 4, 11.55
1747855429, 0, 1257, 1648, 1643, 28, 8.44%, 0, 0, 4, 11.62
1747855439, 0, 1258, 1648, 1643, 28, 8.44%, 0, 0, 4, 11.90
1747855455, 0, 1259, 1648, 1643, 28, 8.44%, 0, 0, 4, 11.87
1747855465, 0, 1260, 1648, 1643, 28, 8.44%, 0, 0, 4, 11.77
1747855476, 0, 1263, 1648, 1643, 28, 8.44%, 0, 0, 4, 10.89
1747855486, 0, 1265, 1648, 1643, 28, 8.44%, 0, 0, 4, 11.34
1747855501, 0, 1267, 1648, 1643, 28, 8.44%, 0, 0, 4, 10.09
1747855511, 0, 1268, 1648, 1643, 28, 8.44%, 0, 0, 4, 11.90
1747855522, 0, 1269, 1648, 1643, 28, 8.44%, 0, 0, 4, 11.24
1747855532, 0, 1270, 1648, 1643, 28, 8.44%, 0, 0, 4, 11.74
1747855547, 0, 1271, 1648, 1643, 28, 8.44%, 0, 0, 4, 11.11
1747855557, 0, 1273, 1648, 1643, 28, 8.44%, 0, 0, 4, 10.50
1747855567, 0, 1274, 1648, 1643, 28, 8.44%, 0, 0, 4, 12.21
1747855583, 0, 1275, 1648, 1643, 28, 8.44%, 0, 0, 4, 11.01
1747855593, 0, 1276, 1648, 1643, 28, 8.44%, 0, 0, 4, 11.84
1747855603, 0, 1277, 1648, 1643, 28, 8.44%, 0, 0, 4, 10.73
1747855619, 0, 1279, 1648, 1643, 28, 8.44%, 0, 0, 4, 10.25
1747855629, 0, 1280, 1648, 1643, 28, 8.44%, 0, 0, 4, 10.61
1747855639, 0, 1281, 1648, 1643, 28, 8.44%, 0, 0, 4, 12.06
1747855649, 0, 1282, 1648, 1643, 28, 8.44%, 0, 0, 4, 11.03
1747855665, 0, 1283, 1648, 1643, 28, 8.44%, 0, 0, 4, 12.05
1747855675, 0, 1284, 1648, 1643, 28, 8.44%, 0, 0, 4, 9.74
1747855685, 0, 1285, 1648, 1643, 28, 8.44%, 0, 0, 4, 10.67
1747855700, 0, 1286, 1648, 1643, 28, 8.44%, 0, 0, 4, 11.45
1747855710, 0, 1287, 1648, 1643, 28, 8.44%, 0, 0, 4, 12.23
1747855721, 0, 1288, 1648, 1643, 28, 8.44%, 0, 0, 4, 11.91
1747855731, 0, 1289, 1648, 1643, 28, 8.44%, 0, 0, 4, 11.47
1747855741, 0, 1289, 1649, 1644, 28, 8.44%, 0, 0, 4, 9.70
1747855757, 0, 1291, 1649, 1644, 28, 8.44%, 0, 0, 4, 10.40
1747855767, 0, 1292, 1649, 1644, 28, 8.44%, 0, 0, 4, 11.99
1747855782, 0, 1293, 1649, 1644, 28, 8.44%, 0, 0, 4, 12.26
1747855793, 0, 1294, 1649, 1644, 28, 8.44%, 0, 0, 4, 10.68
1747855803, 0, 1295, 1649, 1644, 28, 8.44%, 0, 0, 4, 11.22
1747855813, 0, 1296, 1649, 1644, 28, 8.44%, 0, 0, 4, 11.12
1747855828, 0, 1298, 1649, 1644, 28, 8.44%, 0, 0, 4, 10.17
1747855839, 0, 1299, 1649, 1644, 28, 8.44%, 0, 0, 4, 10.50
1747855849, 0, 1300, 1649, 1644, 28, 8.44%, 0, 0, 4, 11.27
1747855859, 0, 1301, 1649, 1644, 28, 8.44%, 0, 0, 4, 11.08
1747855875, 0, 1302, 1649, 1644, 28, 8.44%, 0, 0, 4, 11.96
1747855885, 0, 1303, 1649, 1644, 28, 8.44%, 0, 0, 4, 11.69
1747855895, 0, 1304, 1649, 1644, 28, 8.44%, 0, 0, 4, 11.16
1747855906, 0, 1305, 1649, 1644, 28, 8.44%, 0, 0, 4, 10.54
1747855921, 0, 1307, 1649, 1644, 28, 8.44%, 0, 0, 4, 10.41
1747855931, 0, 1308, 1649, 1644, 28, 8.44%, 0, 0, 4, 11.18
1747855936, 0, 1308, 1650, 1645, 28, 8.44%, 0, 0, 4, 11.16
1747855957, 0, 1309, 1650, 1645, 28, 8.44%, 0, 0, 4, 11.53
1747855967, 0, 1310, 1650, 1645, 28, 8.44%, 0, 0, 4, 11.59
1747855978, 0, 1311, 1650, 1645, 28, 8.44%, 0, 0, 4, 11.40
1747855983, 0, 1311, 1651, 1646, 28, 8.44%, 0, 0, 4, 10.86
1747856004, 0, 1312, 1651, 1646, 28, 8.44%, 0, 0, 4, 11.90
1747856009, 0, 1312, 1652, 1647, 28, 8.44%, 0, 0, 4, 10.57
1747856019, 0, 1313, 1652, 1647, 28, 8.44%, 0, 0, 4, 18.65
1747856030, 0, 1314, 1652, 1647, 28, 8.44%, 0, 0, 4, 19.08
1747856035, 0, 1317, 1652, 1647, 28, 8.44%, 0, 0, 4, 18.93
1747856040, 0, 1318, 1652, 1647, 28, 8.44%, 0, 0, 4, 19.55
1747856050, 0, 1319, 1652, 1647, 28, 8.44%, 0, 0, 4, 18.93
1747856055, 0, 1320, 1652, 1647, 28, 8.44%, 0, 0, 4, 17.05
1747856060, 0, 1321, 1652, 1647, 28, 8.44%, 0, 0, 4, 18.93
1747856071, 0, 1322, 1652, 1647, 28, 8.44%, 0, 0, 4, 18.61
1747856076, 0, 1323, 1652, 1647, 28, 8.44%, 0, 0, 4, 17.78
1747856081, 0, 1324, 1652, 1647, 28, 8.44%, 0, 0, 4, 20.15
1747856086, 0, 1324, 1653, 1648, 28, 8.44%, 0, 0, 4, 19.89
1747856096, 0, 1325, 1653, 1648, 26, 8.44%, 0, 0, 4, 19.02
1747856101, 0, 1326, 1653, 1648, 26, 8.44%, 0, 0, 4, 17.10
1747856111, 0, 1327, 1653, 1648, 26, 8.44%, 0, 0, 4, 19.69
1747856117, 0, 1328, 1653, 1648, 26, 8.44%, 0, 0, 4, 17.74
1747856122, 0, 1329, 1653, 1648, 26, 8.44%, 0, 0, 4, 18.34
1747856132, 0, 1330, 1653, 1648, 26, 8.44%, 0, 0, 4, 17.80
1747856137, 0, 1331, 1653, 1648, 26, 8.44%, 0, 0, 4, 18.49
1747856142, 0, 1332, 1653, 1648, 26, 8.44%, 0, 0, 4, 18.78
1747856152, 0, 1333, 1653, 1648, 26, 8.44%, 0, 0, 4, 18.90
1747856157, 0, 1334, 1653, 1648, 26, 8.44%, 0, 0, 4, 18.75
1747856162, 0, 1337, 1653, 1648, 26, 8.44%, 0, 0, 4, 20.09
1747856173, 0, 1338, 1653, 1648, 26, 8.44%, 0, 0, 4, 20.04
1747856178, 0, 1341, 1653, 1648, 26, 8.44%, 0, 0, 4, 19.08
1747856183, 0, 1342, 1653, 1648, 26, 8.44%, 0, 0, 4, 18.44
1747856193, 0, 1344, 1653, 1648, 26, 8.44%, 0, 0, 4, 18.33
1747856198, 0, 1345, 1653, 1648, 26, 8.44%, 0, 0, 4, 18.98
1747856203, 0, 1346, 1653, 1648, 26, 8.44%, 0, 0, 4, 19.10
1747856214, 0, 1347, 1653, 1648, 26, 8.44%, 0, 0, 4, 18.02
1747856219, 0, 1348, 1653, 1648, 26, 8.44%, 0, 0, 4, 18.64
1747856224, 0, 1349, 1653, 1648, 26, 8.44%, 0, 0, 4, 18.74
1747856234, 0, 1350, 1653, 1648, 26, 8.44%, 0, 0, 4, 19.25
1747856239, 0, 1351, 1653, 1648, 26, 8.44%, 0, 0, 4, 18.03
1747856244, 0, 1352, 1653, 1648, 26, 8.44%, 0, 0, 4, 17.74
1747856254, 0, 1353, 1653, 1648, 26, 8.44%, 0, 0, 4, 19.68
1747856259, 0, 1354, 1653, 1648, 26, 8.44%, 0, 0, 4, 19.29
1747856265, 0, 1355, 1653, 1648, 26, 8.44%, 0, 0, 4, 18.83
1747856275, 0, 1356, 1653, 1648, 26, 8.44%, 0, 0, 4, 18.65
1747856280, 0, 1357, 1653, 1648, 26, 8.44%, 0, 0, 4, 16.56
1747856290, 0, 1359, 1653, 1648, 26, 8.44%, 0, 0, 4, 18.24
1747856295, 0, 1360, 1653, 1648, 26, 8.44%, 0, 0, 4, 17.50
1747856301, 0, 1361, 1653, 1648, 26, 8.44%, 0, 0, 4, 18.28
1747856311, 0, 1362, 1653, 1648, 26, 8.44%, 0, 0, 4, 17.39
1747856316, 0, 1363, 1653, 1648, 26, 8.44%, 0, 0, 4, 18.39
1747856326, 0, 1364, 1653, 1648, 26, 8.44%, 0, 0, 4, 18.49
1747856331, 0, 1365, 1653, 1648, 26, 8.44%, 0, 0, 4, 21.41
1747856336, 0, 1366, 1653, 1648, 26, 8.44%, 0, 0, 4, 20.97
1747856341, 0, 1367, 1653, 1648, 26, 8.44%, 0, 0, 4, 19.22
1747856352, 0, 1368, 1653, 1648, 26, 8.44%, 0, 0, 4, 18.53
1747856357, 0, 1369, 1653, 1648, 26, 8.44%, 0, 0, 4, 19.15
1747856362, 0, 1370, 1653, 1648, 26, 8.44%, 0, 0, 4, 19.42
1747856372, 0, 1371, 1653, 1648, 26, 8.44%, 0, 0, 4, 19.16
1747856377, 0, 1372, 1653, 1648, 26, 8.44%, 0, 0, 4, 18.41
1747856382, 0, 1374, 1653, 1648, 26, 8.44%, 0, 0, 4, 18.65
1747856392, 0, 1375, 1653, 1648, 26, 8.44%, 0, 0, 4, 17.59
1747856709, 0, 1375, 1654, 1649, 26, 8.44%, 0, 0, 4, 12.86
