# unix_time, cycles_done, cur_path, paths_total, pending_total, pending_favs, map_size, unique_crashes, unique_hangs, max_depth, execs_per_sec
1747817515, 0, 0, 1, 1, 1, 3.78%, 0, 0, 1, 55.56
1747817520, 0, 0, 20, 20, 1, 4.76%, 0, 0, 2, 52.88
1747817525, 0, 0, 39, 39, 1, 4.79%, 0, 0, 2, 49.92
1747817530, 0, 0, 55, 55, 1, 4.82%, 0, 0, 2, 48.74
1747817535, 0, 0, 72, 72, 1, 4.82%, 0, 0, 2, 47.24
1747817540, 0, 0, 84, 84, 1, 4.83%, 0, 0, 2, 49.28
1747817545, 0, 0, 93, 93, 1, 4.84%, 0, 0, 2, 49.80
1747817550, 0, 0, 101, 101, 1, 4.84%, 0, 0, 2, 49.27
1747817556, 0, 0, 114, 114, 1, 4.84%, 0, 0, 2, 48.27
1747817561, 0, 0, 124, 124, 1, 4.84%, 0, 0, 2, 48.10
1747817566, 0, 0, 133, 133, 1, 4.84%, 0, 0, 2, 50.46
1747817571, 0, 0, 144, 144, 1, 4.84%, 0, 0, 2, 48.28
1747817576, 0, 0, 152, 152, 1, 4.85%, 0, 0, 2, 50.08
1747817581, 0, 0, 155, 155, 1, 4.85%, 0, 0, 2, 52.67
1747817586, 0, 0, 160, 160, 1, 4.85%, 0, 0, 2, 52.41
1747817591, 0, 0, 168, 168, 1, 4.85%, 0, 0, 2, 49.13
1747817596, 0, 0, 170, 170, 1, 4.85%, 0, 0, 2, 52.52
1747817601, 0, 0, 174, 174, 1, 4.85%, 0, 0, 2, 52.50
1747817606, 0, 0, 179, 179, 1, 4.85%, 0, 0, 2, 51.86
1747817612, 0, 0, 182, 182, 1, 4.85%, 0, 0, 2, 53.44
1747817617, 0, 0, 185, 185, 1, 4.85%, 0, 0, 2, 52.21
1747817622, 0, 0, 190, 190, 1, 4.85%, 0, 0, 2, 51.52
1747817627, 0, 0, 192, 192, 1, 4.85%, 0, 0, 2, 52.73
1747817637, 0, 0, 193, 193, 1, 4.85%, 0, 0, 2, 53.92
1747817642, 0, 0, 194, 194, 1, 4.85%, 0, 0, 2, 54.39
1747817647, 0, 0, 196, 196, 1, 4.85%, 0, 0, 2, 53.62
1747817652, 0, 0, 198, 198, 1, 4.85%, 0, 0, 2, 53.36
1747817657, 0, 0, 199, 199, 1, 4.85%, 0, 0, 2, 54.04
1747817662, 0, 0, 203, 203, 1, 4.85%, 0, 0, 2, 51.99
1747817668, 0, 0, 204, 204, 1, 4.85%, 0, 0, 2, 53.13
1747817673, 0, 0, 205, 205, 1, 4.85%, 0, 0, 2, 53.37
1747817678, 0, 0, 206, 206, 1, 4.85%, 0, 0, 2, 53.53
1747817683, 0, 0, 209, 209, 1, 4.85%, 0, 0, 2, 52.28
1747817688, 0, 0, 210, 210, 1, 4.85%, 0, 0, 2, 54.04
1747817693, 0, 0, 212, 212, 1, 4.85%, 0, 0, 2, 53.59
1747817703, 0, 0, 213, 213, 1, 4.85%, 0, 0, 2, 54.09
1747817718, 0, 0, 214, 214, 1, 4.85%, 0, 0, 2, 53.82
1747817728, 0, 0, 215, 215, 1, 4.85%, 0, 0, 2, 54.15
1747817734, 0, 0, 216, 216, 1, 4.85%, 0, 0, 2, 53.07
1747817744, 0, 0, 217, 217, 1, 4.85%, 0, 0, 2, 53.83
1747817749, 0, 0, 218, 218, 1, 4.85%, 0, 0, 2, 52.84
1747817764, 0, 0, 222, 222, 1, 4.85%, 0, 0, 2, 51.54
1747817769, 0, 0, 224, 224, 1, 4.85%, 0, 0, 2, 53.25
1747817779, 0, 0, 225, 225, 1, 4.85%, 0, 0, 2, 54.14
1747817784, 0, 0, 227, 227, 1, 4.85%, 0, 0, 2, 52.94
1747817800, 0, 0, 230, 230, 1, 4.86%, 0, 0, 2, 53.65
1747817810, 0, 0, 231, 231, 1, 4.86%, 0, 0, 2, 53.54
1747817820, 0, 0, 233, 233, 1, 4.86%, 0, 0, 2, 53.15
1747817840, 0, 0, 234, 234, 1, 4.86%, 0, 0, 2, 53.32
1747817845, 0, 0, 235, 235, 1, 4.86%, 0, 0, 2, 53.00
1747817850, 0, 0, 236, 236, 1, 4.86%, 0, 0, 2, 52.82
1747817855, 0, 0, 237, 237, 1, 4.86%, 0, 0, 2, 53.53
1747817861, 0, 0, 238, 238, 1, 4.86%, 0, 0, 2, 54.16
1747817866, 0, 1, 247, 246, 16, 4.91%, 0, 0, 2, 42.65
1747817871, 0, 1, 262, 261, 16, 5.53%, 0, 0, 2, 33.35
1747817876, 0, 1, 276, 275, 16, 5.53%, 0, 0, 2, 30.94
1747817881, 0, 1, 288, 287, 16, 5.54%, 0, 0, 2, 29.75
1747817886, 0, 1, 298, 297, 16, 5.54%, 0, 0, 2, 30.40
1747817891, 0, 1, 309, 308, 16, 5.54%, 0, 0, 2, 29.11
1747817896, 0, 1, 318, 317, 16, 5.54%, 0, 0, 2, 29.95
1747817902, 0, 1, 322, 321, 16, 5.54%, 0, 0, 2, 29.88
1747817907, 0, 1, 329, 328, 16, 5.54%, 0, 0, 2, 30.08
1747817912, 0, 1, 337, 336, 16, 5.54%, 0, 0, 2, 29.02
1747817917, 0, 1, 345, 344, 16, 5.54%, 0, 0, 2, 29.18
1747817922, 0, 1, 350, 349, 16, 5.54%, 0, 0, 2, 30.25
1747817927, 0, 1, 358, 357, 16, 5.56%, 0, 0, 2, 30.41
1747817932, 0, 1, 363, 362, 16, 5.56%, 0, 0, 2, 30.19
1747817937, 0, 1, 369, 368, 16, 5.56%, 0, 0, 2, 30.55
1747817942, 0, 1, 372, 371, 16, 5.57%, 0, 0, 2, 30.23
1747817947, 0, 1, 377, 376, 16, 5.69%, 0, 0, 2, 29.81
1747817952, 0, 1, 381, 380, 16, 5.69%, 0, 0, 2, 30.44
1747817957, 0, 1, 385, 384, 16, 5.69%, 0, 0, 2, 29.85
1747817962, 0, 1, 389, 388, 16, 5.69%, 0, 0, 2, 30.49
1747817968, 0, 1, 393, 392, 16, 5.69%, 0, 0, 2, 30.39
1747817973, 0, 1, 396, 395, 16, 5.69%, 0, 0, 2, 30.58
1747817978, 0, 1, 400, 399, 16, 5.69%, 0, 0, 2, 29.83
1747817983, 0, 1, 401, 400, 16, 5.69%, 0, 0, 2, 31.06
1747817988, 0, 1, 404, 403, 16, 5.69%, 0, 0, 2, 30.63
1747817993, 0, 1, 405, 404, 16, 5.69%, 0, 0, 2, 30.66
1747817998, 0, 1, 408, 407, 16, 5.69%, 0, 0, 2, 29.54
1747818003, 0, 1, 412, 411, 16, 5.69%, 0, 0, 2, 30.16
1747818008, 0, 1, 414, 413, 16, 5.69%, 0, 0, 2, 30.35
1747818014, 0, 1, 417, 416, 16, 5.69%, 0, 0, 2, 30.64
1747818019, 0, 1, 418, 417, 16, 5.69%, 0, 0, 2, 30.90
1747818024, 0, 1, 419, 418, 16, 5.69%, 0, 0, 2, 30.60
1747818029, 0, 1, 421, 420, 16, 5.69%, 0, 0, 2, 30.69
1747818034, 0, 1, 422, 421, 16, 5.69%, 0, 0, 2, 31.05
1747818039, 0, 1, 424, 423, 16, 5.69%, 0, 0, 2, 30.73
1747818044, 0, 1, 425, 424, 16, 5.69%, 0, 0, 2, 31.13
1747818049, 0, 2, 430, 429, 11, 5.73%, 0, 0, 2, 28.14
1747818054, 0, 2, 441, 440, 11, 5.73%, 0, 0, 2, 24.11
1747818059, 0, 2, 452, 451, 11, 5.73%, 0, 0, 2, 22.94
1747818065, 0, 2, 463, 462, 11, 5.73%, 0, 0, 2, 22.02
1747818070, 0, 2, 473, 472, 11, 5.73%, 0, 0, 2, 22.41
1747818075, 0, 2, 483, 482, 11, 5.73%, 0, 0, 2, 22.35
1747818080, 0, 2, 491, 490, 11, 5.73%, 0, 0, 2, 22.47
1747818085, 0, 2, 500, 499, 11, 5.73%, 0, 0, 2, 22.21
1747818090, 0, 2, 510, 509, 11, 5.74%, 0, 0, 2, 21.79
1747818095, 0, 2, 516, 515, 11, 5.74%, 0, 0, 2, 21.40
1747818100, 0, 2, 523, 522, 11, 5.74%, 0, 0, 2, 21.34
1747818106, 0, 2, 530, 529, 11, 5.74%, 0, 0, 2, 21.37
1747818111, 0, 2, 536, 535, 11, 5.75%, 0, 0, 2, 21.76
1747818116, 0, 2, 543, 542, 11, 5.75%, 0, 0, 2, 22.26
1747818121, 0, 2, 548, 547, 11, 5.75%, 0, 0, 2, 22.26
1747818126, 0, 2, 554, 553, 11, 5.75%, 0, 0, 2, 21.79
1747818131, 0, 2, 560, 559, 11, 5.75%, 0, 0, 2, 22.03
1747818136, 0, 2, 564, 563, 11, 6.21%, 0, 0, 2, 22.51
1747818141, 0, 2, 568, 567, 11, 6.21%, 0, 0, 2, 22.42
1747818147, 0, 2, 573, 572, 11, 6.46%, 0, 0, 2, 21.98
1747818152, 0, 2, 577, 576, 11, 6.46%, 0, 0, 2, 22.45
1747818157, 0, 2, 581, 580, 11, 6.47%, 0, 0, 2, 22.26
1747818162, 0, 2, 582, 581, 11, 6.47%, 0, 0, 2, 22.23
1747818167, 0, 2, 584, 583, 11, 6.47%, 0, 0, 2, 22.71
1747818172, 0, 2, 586, 585, 11, 6.47%, 0, 0, 2, 22.73
1747818177, 0, 2, 587, 586, 11, 6.47%, 0, 0, 2, 22.76
1747818182, 0, 2, 589, 588, 11, 6.53%, 0, 0, 2, 22.69
1747818187, 0, 2, 591, 590, 11, 6.53%, 0, 0, 2, 22.61
1747818197, 0, 2, 592, 591, 11, 6.59%, 0, 0, 2, 22.70
1747818207, 0, 2, 594, 593, 11, 6.59%, 0, 0, 2, 22.77
1747818212, 0, 2, 597, 596, 11, 6.59%, 0, 0, 2, 22.37
1747818218, 0, 2, 598, 597, 11, 6.59%, 0, 0, 2, 22.84
1747818223, 0, 2, 600, 599, 11, 6.59%, 0, 0, 2, 22.80
1747818233, 0, 2, 603, 602, 11, 6.59%, 0, 0, 2, 36.72
1747818238, 0, 2, 605, 604, 11, 6.59%, 0, 0, 2, 37.46
1747818243, 0, 2, 608, 607, 11, 6.59%, 0, 0, 2, 37.93
1747818248, 0, 2, 610, 609, 11, 6.60%, 0, 0, 2, 37.74
1747818253, 0, 2, 611, 610, 11, 6.60%, 0, 0, 2, 38.29
1747818258, 0, 2, 612, 611, 11, 6.60%, 0, 0, 2, 38.52
1747818263, 0, 2, 615, 614, 11, 6.60%, 0, 0, 2, 37.98
1747818269, 0, 3, 617, 616, 9, 6.60%, 0, 0, 2, 38.21
1747818274, 0, 3, 633, 632, 9, 6.74%, 0, 0, 2, 31.25
1747818279, 0, 3, 648, 647, 9, 6.74%, 0, 0, 2, 29.45
1747818284, 0, 3, 660, 659, 9, 6.74%, 0, 0, 2, 29.97
1747818289, 0, 3, 669, 668, 9, 6.74%, 0, 0, 2, 22.29
1747818294, 0, 3, 672, 671, 9, 6.74%, 0, 0, 2, 18.47
1747818299, 0, 3, 676, 675, 9, 6.74%, 0, 0, 2, 17.41
1747818304, 0, 3, 680, 679, 9, 6.76%, 0, 0, 2, 17.48
1747818309, 0, 3, 684, 683, 9, 6.76%, 0, 0, 2, 17.36
1747818315, 0, 3, 687, 686, 9, 6.76%, 0, 0, 2, 17.34
1747818320, 0, 3, 691, 690, 9, 6.76%, 0, 0, 2, 17.59
1747818325, 0, 3, 695, 694, 9, 6.76%, 0, 0, 2, 17.33
1747818330, 0, 3, 697, 696, 9, 6.76%, 0, 0, 2, 17.51
1747818335, 0, 3, 698, 697, 9, 6.76%, 0, 0, 2, 17.52
1747818345, 0, 3, 701, 700, 9, 6.76%, 0, 0, 2, 17.43
1747818350, 0, 3, 703, 702, 9, 6.76%, 0, 0, 2, 17.25
1747818355, 0, 3, 705, 704, 9, 6.76%, 0, 0, 2, 17.73
1747818360, 0, 3, 707, 706, 9, 6.78%, 0, 0, 2, 17.56
1747818365, 0, 3, 709, 708, 9, 6.78%, 0, 0, 2, 17.64
1747818371, 0, 3, 710, 709, 9, 6.78%, 0, 0, 2, 17.80
1747818376, 0, 3, 712, 711, 9, 6.79%, 0, 0, 2, 17.64
1747818381, 0, 3, 715, 714, 9, 6.79%, 0, 0, 2, 17.37
1747818386, 0, 3, 716, 715, 9, 6.79%, 0, 0, 2, 17.70
1747818391, 0, 3, 718, 717, 9, 6.79%, 0, 0, 2, 17.39
1747818396, 0, 3, 719, 718, 9, 6.79%, 0, 0, 2, 17.43
1747818401, 0, 3, 720, 719, 9, 6.79%, 0, 0, 2, 17.62
1747818412, 0, 3, 722, 721, 9, 6.79%, 0, 0, 2, 17.70
1747818417, 0, 3, 727, 726, 9, 6.79%, 0, 0, 2, 17.34
1747818422, 0, 3, 728, 727, 9, 6.79%, 0, 0, 2, 17.68
1747818427, 0, 3, 729, 728, 9, 6.79%, 0, 0, 2, 17.61
1747818432, 0, 3, 730, 729, 9, 6.79%, 0, 0, 2, 17.73
1747818438, 0, 3, 731, 730, 9, 6.79%, 0, 0, 2, 17.68
1747818443, 0, 3, 733, 732, 9, 6.79%, 0, 0, 2, 17.21
1747818453, 0, 3, 735, 734, 9, 6.79%, 0, 0, 2, 29.07
1747818458, 0, 3, 737, 736, 9, 6.79%, 0, 0, 2, 29.51
1747818463, 0, 3, 741, 740, 9, 6.79%, 0, 0, 2, 29.68
1747818468, 0, 3, 745, 744, 9, 6.79%, 0, 0, 2, 29.34
1747818478, 0, 3, 746, 745, 9, 6.79%, 0, 0, 2, 29.61
1747818484, 0, 3, 748, 747, 9, 6.79%, 0, 0, 2, 29.65
1747818489, 0, 3, 751, 750, 9, 6.79%, 0, 0, 2, 30.03
1747818494, 0, 3, 752, 751, 9, 6.79%, 0, 0, 2, 30.08
1747818499, 0, 3, 756, 755, 9, 6.84%, 0, 0, 2, 29.92
1747818504, 0, 3, 758, 757, 9, 6.85%, 0, 0, 2, 29.57
1747818509, 0, 3, 760, 759, 9, 6.86%, 0, 0, 2, 29.68
1747818514, 0, 4, 765, 764, 15, 6.94%, 0, 0, 2, 27.89
1747818519, 0, 4, 772, 771, 15, 6.94%, 0, 0, 2, 28.13
1747818524, 0, 4, 777, 776, 15, 6.95%, 0, 0, 2, 27.23
1747818530, 0, 4, 781, 780, 15, 6.95%, 0, 0, 2, 27.78
1747818535, 0, 4, 785, 784, 15, 6.95%, 0, 0, 2, 27.82
1747818540, 0, 4, 788, 787, 15, 6.95%, 0, 0, 2, 27.78
1747818545, 0, 4, 793, 792, 15, 6.95%, 0, 0, 2, 27.09
1747818550, 0, 4, 795, 794, 15, 6.95%, 0, 0, 2, 27.33
1747818555, 0, 4, 797, 796, 15, 6.97%, 0, 0, 2, 27.62
1747818560, 0, 4, 804, 803, 15, 6.97%, 0, 0, 2, 26.89
1747818566, 0, 4, 808, 807, 15, 6.97%, 0, 0, 2, 26.98
1747818571, 0, 4, 811, 810, 15, 6.97%, 0, 0, 2, 27.18
1747818576, 0, 4, 814, 813, 15, 6.97%, 0, 0, 2, 27.42
1747818581, 0, 4, 816, 815, 15, 6.97%, 0, 0, 2, 27.28
1747818586, 0, 4, 817, 816, 15, 7.02%, 0, 0, 2, 27.60
1747818591, 0, 4, 818, 817, 15, 7.02%, 0, 0, 2, 27.92
1747818596, 0, 4, 819, 818, 15, 7.02%, 0, 0, 2, 28.07
1747818602, 0, 4, 821, 820, 15, 7.02%, 0, 0, 2, 27.93
1747818607, 0, 4, 823, 822, 15, 7.02%, 0, 0, 2, 27.84
1747818612, 0, 4, 826, 825, 15, 7.02%, 0, 0, 2, 27.90
1747818617, 0, 4, 829, 828, 15, 7.02%, 0, 0, 2, 27.57
1747818622, 0, 4, 830, 829, 15, 7.03%, 0, 0, 2, 27.85
1747818627, 0, 4, 831, 830, 15, 7.03%, 0, 0, 2, 27.61
1747818632, 0, 4, 836, 835, 15, 7.03%, 0, 0, 2, 27.70
1747818638, 0, 4, 840, 839, 15, 7.04%, 0, 0, 2, 27.85
1747818643, 0, 4, 841, 840, 15, 7.04%, 0, 0, 2, 28.06
1747818648, 0, 4, 843, 842, 15, 7.04%, 0, 0, 2, 27.91
1747818653, 0, 4, 845, 844, 15, 7.04%, 0, 0, 2, 27.88
1747818658, 0, 4, 849, 848, 15, 7.04%, 0, 0, 2, 27.97
1747818663, 0, 4, 854, 853, 15, 7.04%, 0, 0, 2, 27.32
1747818668, 0, 4, 861, 860, 15, 7.14%, 0, 0, 2, 26.79
1747818673, 0, 4, 863, 862, 15, 7.14%, 0, 0, 2, 27.27
1747818678, 0, 4, 865, 864, 15, 7.14%, 0, 0, 2, 27.32
1747818684, 0, 4, 868, 867, 15, 7.14%, 0, 0, 2, 27.44
1747818689, 0, 4, 869, 868, 15, 7.14%, 0, 0, 2, 27.45
1747818694, 0, 5, 872, 871, 15, 7.14%, 0, 0, 2, 26.97
1747818699, 0, 5, 877, 876, 15, 7.14%, 0, 0, 2, 26.33
1747818704, 0, 5, 880, 879, 15, 7.14%, 0, 0, 2, 26.04
1747818709, 0, 5, 882, 881, 15, 7.14%, 0, 0, 2, 24.09
1747818714, 0, 5, 884, 883, 15, 7.14%, 0, 0, 2, 16.81
1747818724, 0, 5, 887, 886, 15, 7.14%, 0, 0, 2, 14.90
1747818730, 0, 5, 888, 887, 15, 7.14%, 0, 0, 2, 14.96
1747818735, 0, 5, 889, 888, 15, 7.14%, 0, 0, 2, 14.87
1747818740, 0, 5, 891, 890, 15, 7.14%, 0, 0, 2, 14.96
1747818745, 0, 5, 893, 892, 15, 7.14%, 0, 0, 2, 14.65
1747818750, 0, 5, 894, 893, 15, 7.14%, 0, 0, 2, 14.59
1747818755, 0, 5, 895, 894, 15, 7.14%, 0, 0, 2, 14.86
1747818765, 0, 5, 896, 895, 15, 7.14%, 0, 0, 2, 15.22
1747818776, 0, 5, 897, 896, 15, 7.14%, 0, 0, 2, 15.13
1747818791, 0, 5, 898, 897, 15, 7.14%, 0, 0, 2, 14.93
1747818796, 0, 5, 899, 898, 15, 7.14%, 0, 0, 2, 14.76
1747818801, 0, 5, 901, 900, 15, 7.14%, 0, 0, 2, 14.83
1747818806, 0, 5, 902, 901, 15, 7.14%, 0, 0, 2, 14.57
1747818837, 0, 5, 903, 902, 15, 7.14%, 0, 0, 2, 14.92
1747818852, 0, 5, 904, 903, 15, 7.14%, 0, 0, 2, 14.89
1747818862, 0, 5, 905, 904, 15, 7.14%, 0, 0, 2, 14.66
1747818873, 0, 5, 906, 905, 15, 7.14%, 0, 0, 2, 14.82
1747818888, 0, 5, 907, 906, 15, 7.14%, 0, 0, 2, 14.70
1747818898, 0, 5, 908, 907, 15, 7.14%, 0, 0, 2, 14.60
1747818903, 0, 5, 909, 908, 15, 7.14%, 0, 0, 2, 14.70
1747818919, 0, 5, 910, 909, 15, 7.14%, 0, 0, 2, 14.71
1747818949, 0, 5, 911, 910, 15, 7.14%, 0, 0, 2, 14.89
1747818960, 0, 5, 912, 911, 15, 7.14%, 0, 0, 2, 14.75
1747818980, 0, 6, 912, 911, 15, 7.14%, 0, 0, 2, 14.15
1747818985, 0, 6, 915, 914, 15, 7.14%, 0, 0, 2, 13.93
1747818990, 0, 6, 916, 915, 15, 7.14%, 0, 0, 2, 13.96
1747818996, 0, 6, 917, 916, 15, 7.14%, 0, 0, 2, 14.07
1747819001, 0, 6, 919, 918, 15, 7.14%, 0, 0, 2, 14.05
1747819011, 0, 6, 920, 919, 15, 7.14%, 0, 0, 2, 14.12
1747819021, 0, 6, 922, 921, 15, 7.14%, 0, 0, 2, 13.99
1747819026, 0, 6, 925, 924, 15, 7.14%, 0, 0, 2, 13.85
1747819031, 0, 6, 928, 927, 15, 7.14%, 0, 0, 2, 13.82
1747819036, 0, 6, 929, 928, 15, 7.14%, 0, 0, 2, 13.92
1747819042, 0, 6, 930, 929, 15, 7.14%, 0, 0, 2, 14.04
1747819047, 0, 6, 932, 931, 15, 7.14%, 0, 0, 2, 13.73
1747819057, 0, 6, 933, 932, 15, 7.14%, 0, 0, 2, 14.31
1747819067, 0, 6, 934, 933, 15, 7.14%, 0, 0, 2, 13.94
1747819077, 0, 6, 935, 934, 15, 7.14%, 0, 0, 2, 14.06
1747819088, 0, 6, 936, 935, 15, 7.14%, 0, 0, 2, 14.20
1747819103, 0, 6, 937, 936, 15, 7.14%, 0, 0, 2, 14.20
1747819113, 0, 6, 938, 937, 15, 7.14%, 0, 0, 2, 14.22
1747819144, 0, 6, 939, 938, 15, 7.14%, 0, 0, 2, 13.93
1747819159, 0, 6, 940, 939, 15, 7.14%, 0, 0, 2, 14.13
1747819164, 0, 6, 942, 941, 15, 7.14%, 0, 0, 2, 14.04
1747819190, 0, 6, 943, 942, 15, 7.14%, 0, 0, 2, 14.16
1747819210, 0, 6, 944, 943, 15, 7.14%, 0, 0, 2, 14.22
1747819220, 0, 6, 945, 944, 15, 7.14%, 0, 0, 2, 13.85
1747819235, 0, 6, 946, 945, 15, 7.14%, 0, 0, 2, 14.00
1747819266, 0, 6, 947, 946, 15, 7.14%, 0, 0, 2, 14.14
1747819286, 0, 7, 947, 946, 15, 7.14%, 0, 0, 2, 14.40
1747819296, 0, 7, 948, 947, 15, 7.14%, 0, 0, 2, 14.11
1747819307, 0, 8, 949, 948, 15, 7.14%, 0, 0, 2, 14.33
1747819327, 0, 9, 949, 948, 15, 7.14%, 0, 0, 2, 14.01
1747819333, 0, 9, 950, 949, 15, 7.14%, 0, 0, 2, 13.79
1747819338, 0, 9, 951, 950, 15, 7.14%, 0, 0, 2, 13.74
1747819343, 0, 9, 952, 951, 15, 7.14%, 0, 0, 2, 13.76
1747819358, 0, 9, 953, 952, 15, 7.14%, 0, 0, 2, 13.98
1747819363, 0, 9, 955, 954, 15, 7.14%, 0, 0, 2, 13.73
1747819384, 0, 9, 957, 956, 15, 7.14%, 0, 0, 2, 13.59
1747819399, 0, 9, 958, 957, 15, 7.14%, 0, 0, 2, 13.68
1747819409, 0, 9, 959, 958, 15, 7.14%, 0, 0, 2, 13.89
1747819435, 0, 9, 960, 959, 15, 7.14%, 0, 0, 2, 13.77
1747819440, 0, 9, 961, 960, 15, 7.14%, 0, 0, 2, 14.02
1747819445, 0, 9, 962, 961, 15, 7.14%, 0, 0, 2, 13.89
1747819455, 0, 9, 964, 963, 15, 7.14%, 0, 0, 2, 14.00
1747819475, 0, 9, 965, 964, 15, 7.14%, 0, 0, 2, 13.88
1747819522, 0, 9, 966, 965, 15, 7.14%, 0, 0, 2, 13.65
1747819537, 0, 9, 967, 966, 15, 7.14%, 0, 0, 2, 13.68
1747819547, 0, 9, 968, 967, 15, 7.14%, 0, 0, 2, 13.84
1747819553, 0, 9, 970, 969, 15, 7.14%, 0, 0, 2, 13.33
1747819578, 0, 9, 971, 970, 15, 7.14%, 0, 0, 2, 13.73
1747819594, 0, 9, 972, 971, 15, 7.14%, 0, 0, 2, 13.73
1747819604, 0, 9, 973, 972, 15, 7.14%, 0, 0, 2, 13.62
1747819609, 0, 9, 975, 974, 15, 7.14%, 0, 0, 2, 13.71
1747819629, 0, 9, 976, 975, 15, 7.14%, 0, 0, 2, 13.77
1747819639, 0, 10, 977, 976, 15, 7.14%, 0, 0, 2, 13.55
1747819655, 0, 11, 977, 976, 15, 7.14%, 0, 0, 2, 14.20
1747819665, 0, 12, 978, 977, 15, 7.14%, 0, 0, 2, 15.35
1747819675, 0, 12, 981, 980, 15, 7.14%, 0, 0, 2, 15.25
1747819685, 0, 12, 982, 981, 15, 7.16%, 0, 0, 2, 15.14
1747819690, 0, 12, 984, 983, 15, 7.16%, 0, 0, 2, 15.17
1747819701, 0, 12, 985, 984, 15, 7.16%, 0, 0, 2, 15.14
1747819706, 0, 12, 986, 985, 15, 7.16%, 0, 0, 2, 15.14
1747819726, 0, 12, 987, 986, 15, 7.16%, 0, 0, 2, 15.03
1747819736, 0, 12, 988, 987, 15, 7.16%, 0, 0, 2, 15.15
1747819751, 0, 12, 990, 989, 15, 7.16%, 0, 0, 2, 15.03
1747819757, 0, 12, 991, 990, 15, 7.16%, 0, 0, 2, 15.23
1747819762, 0, 12, 992, 991, 15, 7.16%, 0, 0, 2, 15.14
1747819767, 0, 12, 994, 993, 15, 7.16%, 0, 0, 2, 15.23
1747819792, 0, 12, 995, 994, 15, 7.16%, 0, 0, 2, 15.38
1747819808, 0, 12, 996, 995, 15, 7.16%, 0, 0, 2, 15.45
1747819828, 0, 12, 998, 997, 15, 7.16%, 0, 0, 2, 15.20
1747819843, 0, 12, 999, 998, 15, 7.16%, 0, 0, 2, 15.13
1747819869, 0, 12, 1000, 999, 15, 7.16%, 0, 0, 2, 15.38
1747819874, 0, 12, 1001, 1000, 15, 7.16%, 0, 0, 2, 15.19
1747819915, 0, 12, 1002, 1001, 15, 7.16%, 0, 0, 2, 15.09
1747819920, 0, 12, 1003, 1002, 15, 7.16%, 0, 0, 2, 15.15
1747819925, 0, 12, 1004, 1003, 15, 7.16%, 0, 0, 2, 15.44
1747819945, 0, 13, 1004, 1003, 15, 7.16%, 0, 0, 2, 15.17
1747819955, 0, 16, 1004, 1003, 15, 7.16%, 0, 0, 2, 14.56
1747819960, 0, 16, 1005, 1004, 15, 7.16%, 0, 0, 2, 13.88
1747819971, 0, 16, 1006, 1005, 15, 7.16%, 0, 0, 2, 13.37
1747819996, 0, 17, 1006, 1005, 15, 7.16%, 0, 0, 2, 14.10
1747820001, 0, 17, 1007, 1006, 15, 7.16%, 0, 0, 2, 14.01
1747820012, 0, 17, 1008, 1007, 15, 7.16%, 0, 0, 2, 14.18
1747820032, 0, 18, 1008, 1007, 15, 7.16%, 0, 0, 2, 14.10
1747820037, 0, 18, 1011, 1010, 15, 7.16%, 0, 0, 2, 13.48
1747820042, 0, 18, 1012, 1011, 15, 7.16%, 0, 0, 2, 13.51
1747820052, 0, 18, 1013, 1012, 15, 7.16%, 0, 0, 2, 13.77
1747820057, 0, 18, 1014, 1013, 15, 7.16%, 0, 0, 2, 13.69
1747820062, 0, 18, 1015, 1014, 15, 7.22%, 0, 0, 2, 13.62
1747820083, 0, 18, 1016, 1015, 15, 7.22%, 0, 0, 2, 13.60
1747820093, 0, 18, 1017, 1016, 15, 7.22%, 0, 0, 2, 13.41
1747820104, 0, 18, 1018, 1017, 15, 7.22%, 0, 0, 2, 13.71
1747820114, 0, 18, 1019, 1018, 15, 7.22%, 0, 0, 2, 13.61
1747820119, 0, 18, 1020, 1019, 15, 7.22%, 0, 0, 2, 13.63
1747820124, 0, 18, 1021, 1020, 15, 7.22%, 0, 0, 2, 13.60
1747820145, 0, 18, 1022, 1021, 15, 7.22%, 0, 0, 2, 13.39
1747820160, 0, 18, 1023, 1022, 15, 7.22%, 0, 0, 2, 13.64
1747820165, 0, 18, 1025, 1024, 15, 7.24%, 0, 0, 2, 13.76
1747820211, 0, 18, 1026, 1025, 15, 7.24%, 0, 0, 2, 13.68
1747820221, 0, 18, 1027, 1026, 15, 7.24%, 0, 0, 2, 13.58
1747820226, 0, 18, 1028, 1027, 15, 7.24%, 0, 0, 2, 13.61
1747820282, 0, 18, 1029, 1028, 15, 7.24%, 0, 0, 2, 13.53
1747820329, 0, 18, 1030, 1029, 15, 7.24%, 0, 0, 2, 13.46
1747820334, 0, 18, 1032, 1031, 15, 7.24%, 0, 0, 2, 13.66
1747820344, 0, 19, 1032, 1031, 16, 7.24%, 0, 0, 2, 13.59
1747820349, 0, 19, 1035, 1034, 16, 7.25%, 0, 0, 2, 13.20
1747820375, 0, 19, 1036, 1035, 16, 7.28%, 0, 0, 2, 13.81
1747820380, 0, 19, 1037, 1036, 16, 7.28%, 0, 0, 2, 13.82
1747820411, 0, 19, 1038, 1037, 16, 7.28%, 0, 0, 2, 13.34
1747820426, 0, 19, 1039, 1038, 16, 7.28%, 0, 0, 2, 13.54
1747820431, 0, 19, 1040, 1039, 16, 7.28%, 0, 0, 2, 13.30
1747820436, 0, 19, 1041, 1040, 16, 7.28%, 0, 0, 2, 13.20
1747820457, 0, 19, 1042, 1041, 16, 7.29%, 0, 0, 2, 13.05
1747820472, 0, 19, 1043, 1042, 16, 7.29%, 0, 0, 2, 13.25
1747820482, 0, 19, 1044, 1043, 16, 7.29%, 0, 0, 2, 13.27
1747820498, 0, 19, 1045, 1044, 16, 7.29%, 0, 0, 2, 13.12
1747820554, 0, 19, 1046, 1045, 16, 7.29%, 0, 0, 2, 13.54
1747820584, 0, 19, 1047, 1046, 16, 7.29%, 0, 0, 2, 13.18
1747820589, 0, 19, 1048, 1047, 16, 7.29%, 0, 0, 2, 13.31
1747820605, 0, 19, 1049, 1048, 16, 7.29%, 0, 0, 2, 13.26
1747820651, 0, 19, 1050, 1049, 16, 7.29%, 0, 0, 2, 13.39
1747820661, 0, 20, 1050, 1049, 21, 7.29%, 0, 0, 2, 13.51
1747820666, 0, 20, 1052, 1051, 21, 7.29%, 0, 0, 2, 12.96
1747820671, 0, 20, 1053, 1052, 21, 7.29%, 0, 0, 2, 12.93
1747820676, 0, 20, 1054, 1053, 21, 7.29%, 0, 0, 2, 13.05
1747820681, 0, 20, 1055, 1054, 21, 7.29%, 0, 0, 2, 13.11
1747820702, 0, 20, 1056, 1055, 21, 7.29%, 0, 0, 2, 13.09
1747820712, 0, 20, 1057, 1056, 21, 7.29%, 0, 0, 2, 12.95
1747820717, 0, 20, 1058, 1057, 21, 7.29%, 0, 0, 2, 12.77
1747820722, 0, 20, 1060, 1059, 21, 7.29%, 0, 0, 2, 12.55
1747820733, 0, 20, 1061, 1060, 21, 7.29%, 0, 0, 2, 12.92
1747820738, 0, 20, 1062, 1061, 21, 7.29%, 0, 0, 2, 13.03
1747820748, 0, 20, 1063, 1062, 21, 7.29%, 0, 0, 2, 12.83
1747820783, 0, 20, 1064, 1063, 21, 7.29%, 0, 0, 2, 13.09
1747820799, 0, 20, 1065, 1064, 21, 7.29%, 0, 0, 2, 12.75
1747820840, 0, 20, 1066, 1065, 21, 7.29%, 0, 0, 2, 13.13
1747820865, 0, 20, 1067, 1066, 21, 7.30%, 0, 0, 2, 13.02
1747820988, 0, 22, 1068, 1067, 21, 7.30%, 0, 0, 2, 13.16
1747821003, 0, 22, 1069, 1068, 21, 7.30%, 0, 0, 2, 12.70
1747821019, 0, 22, 1070, 1069, 21, 7.30%, 0, 0, 2, 13.00
1747821024, 0, 22, 1071, 1070, 21, 7.30%, 0, 0, 2, 12.78
1747821029, 0, 22, 1072, 1071, 21, 7.30%, 0, 0, 2, 12.61
1747821034, 0, 22, 1073, 1072, 21, 7.30%, 0, 0, 2, 12.72
1747821044, 0, 22, 1075, 1074, 21, 7.30%, 0, 0, 2, 12.79
1747821049, 0, 22, 1076, 1075, 21, 7.30%, 0, 0, 2, 12.67
1747821055, 0, 22, 1077, 1076, 21, 7.30%, 0, 0, 2, 12.65
1747821080, 0, 22, 1078, 1077, 21, 7.30%, 0, 0, 2, 12.96
1747821126, 0, 22, 1079, 1078, 21, 7.30%, 0, 0, 2, 13.07
1747821142, 0, 22, 1080, 1079, 21, 7.30%, 0, 0, 2, 12.78
1747821204, 0, 22, 1081, 1080, 21, 7.30%, 0, 0, 2, 12.91
1747821265, 0, 22, 1082, 1081, 21, 7.30%, 0, 0, 2, 12.97
1747821316, 0, 24, 1082, 1081, 21, 7.30%, 0, 0, 2, 12.82
1747821327, 0, 25, 1082, 1081, 21, 7.30%, 0, 0, 2, 12.90
1747821337, 0, 26, 1082, 1081, 21, 7.30%, 0, 0, 2, 12.80
1747821347, 0, 27, 1082, 1081, 21, 7.30%, 0, 0, 2, 12.79
1747821358, 0, 28, 1083, 1082, 21, 7.30%, 0, 0, 2, 12.93
1747821363, 0, 28, 1084, 1083, 21, 7.44%, 0, 0, 2, 12.72
1747821373, 0, 28, 1085, 1084, 21, 7.44%, 0, 0, 2, 12.39
1747821383, 0, 28, 1086, 1085, 21, 7.44%, 0, 0, 2, 12.45
1747821404, 0, 28, 1087, 1086, 21, 7.44%, 0, 0, 2, 12.94
1747821409, 0, 28, 1088, 1087, 21, 7.44%, 0, 0, 2, 12.61
1747821429, 0, 28, 1089, 1088, 21, 7.44%, 0, 0, 2, 12.80
1747821496, 0, 28, 1090, 1089, 21, 7.44%, 0, 0, 2, 12.63
1747821527, 0, 28, 1091, 1090, 21, 7.44%, 0, 0, 2, 12.79
1747821578, 0, 28, 1092, 1091, 21, 7.44%, 0, 0, 2, 12.61
1747821599, 0, 28, 1093, 1092, 21, 7.44%, 0, 0, 2, 12.91
1747821686, 0, 29, 1093, 1092, 23, 7.44%, 0, 0, 2, 12.77
1747821691, 0, 30, 1093, 1092, 23, 7.44%, 0, 0, 2, 13.00
1747821696, 0, 30, 1094, 1093, 23, 7.44%, 0, 0, 2, 12.72
1747821712, 0, 30, 1096, 1095, 23, 7.44%, 0, 0, 2, 12.56
1747821732, 0, 30, 1097, 1096, 23, 7.44%, 0, 0, 2, 12.67
1747821737, 0, 30, 1098, 1097, 23, 7.44%, 0, 0, 2, 12.49
1747821763, 0, 30, 1099, 1098, 23, 7.44%, 0, 0, 2, 12.43
1747821829, 0, 30, 1100, 1099, 23, 7.44%, 0, 0, 2, 12.87
1747821920, 0, 30, 1101, 1100, 23, 7.44%, 0, 0, 2, 12.69
1747821931, 0, 30, 1102, 1101, 23, 7.44%, 0, 0, 2, 12.40
1747822012, 0, 30, 1103, 1102, 23, 7.44%, 0, 0, 2, 12.49
1747822028, 0, 31, 1104, 1103, 23, 7.44%, 0, 0, 2, 12.41
1747822048, 0, 32, 1104, 1103, 23, 7.44%, 0, 0, 2, 12.69
1747822059, 0, 33, 1104, 1103, 23, 7.44%, 0, 0, 2, 12.82
1747822069, 0, 34, 1104, 1103, 23, 7.44%, 0, 0, 2, 12.68
1747822079, 0, 35, 1104, 1103, 23, 7.44%, 0, 0, 2, 12.86
1747822090, 0, 36, 1104, 1103, 23, 7.44%, 0, 0, 2, 12.49
1747822100, 0, 38, 1104, 1103, 23, 7.44%, 0, 0, 2, 12.37
1747822110, 0, 39, 1105, 1104, 23, 7.44%, 0, 0, 2, 12.72
1747822131, 0, 40, 1105, 1104, 23, 7.44%, 0, 0, 2, 12.61
1747822141, 0, 41, 1105, 1104, 23, 7.44%, 0, 0, 2, 13.10
1747822151, 0, 42, 1105, 1104, 23, 7.44%, 0, 0, 2, 12.64
1747822161, 0, 43, 1105, 1104, 23, 7.44%, 0, 0, 2, 12.50
1747822166, 0, 44, 1105, 1104, 23, 7.44%, 0, 0, 2, 19.73
1747822177, 0, 45, 1106, 1105, 23, 7.44%, 0, 0, 2, 13.41
1747822192, 0, 45, 1107, 1106, 23, 7.47%, 0, 0, 2, 12.64
1747822197, 0, 45, 1108, 1107, 23, 7.47%, 0, 0, 2, 12.50
1747822228, 0, 45, 1109, 1108, 23, 7.47%, 0, 0, 2, 12.72
1747822253, 0, 45, 1110, 1109, 23, 7.47%, 0, 0, 2, 12.26
1747822294, 0, 45, 1111, 1110, 23, 7.47%, 0, 0, 2, 12.36
1747822299, 0, 45, 1112, 1111, 23, 7.47%, 0, 0, 2, 12.58
1747822371, 0, 45, 1113, 1112, 23, 7.47%, 0, 0, 2, 12.84
1747822504, 0, 47, 1113, 1112, 20, 7.47%, 0, 0, 2, 12.71
1747822514, 0, 49, 1114, 1113, 20, 7.47%, 0, 0, 2, 12.57
1747822534, 0, 52, 1114, 1113, 20, 7.47%, 0, 0, 2, 12.50
1747822540, 0, 52, 1115, 1114, 20, 7.48%, 0, 0, 2, 12.31
1747822555, 0, 53, 1115, 1114, 20, 7.48%, 0, 0, 2, 12.61
1747822565, 0, 54, 1115, 1114, 20, 7.48%, 0, 0, 2, 14.09
1747822570, 0, 54, 1116, 1115, 20, 7.48%, 0, 0, 2, 12.83
1747822585, 0, 54, 1117, 1116, 20, 7.48%, 0, 0, 2, 12.21
1747822590, 0, 54, 1119, 1118, 20, 7.48%, 0, 0, 2, 11.97
1747822616, 0, 54, 1120, 1119, 20, 7.48%, 0, 0, 2, 12.55
1747822626, 0, 54, 1121, 1120, 20, 7.48%, 0, 0, 2, 12.21
1747822642, 0, 54, 1123, 1122, 20, 7.48%, 0, 0, 2, 12.31
1747822673, 0, 54, 1125, 1124, 20, 7.48%, 0, 0, 2, 12.09
1747822678, 0, 54, 1126, 1125, 20, 7.48%, 0, 0, 2, 12.05
1747822704, 0, 54, 1127, 1126, 20, 7.48%, 0, 0, 2, 12.10
1747822760, 0, 54, 1128, 1127, 20, 7.48%, 0, 0, 2, 12.23
1747822765, 0, 54, 1129, 1128, 20, 7.48%, 0, 0, 2, 12.67
1747822817, 0, 54, 1130, 1129, 20, 7.48%, 0, 0, 2, 12.12
1747822827, 0, 54, 1132, 1131, 20, 7.55%, 0, 0, 2, 12.84
1747822909, 0, 55, 1132, 1131, 20, 7.55%, 0, 0, 2, 12.20
1747822920, 0, 55, 1134, 1133, 20, 7.55%, 0, 0, 2, 11.92
1747822930, 0, 55, 1135, 1134, 20, 7.55%, 0, 0, 2, 11.84
1747822991, 0, 58, 1135, 1134, 20, 7.55%, 0, 0, 2, 12.58
1747823001, 0, 59, 1135, 1134, 20, 7.55%, 0, 0, 2, 13.10
1747823012, 0, 60, 1135, 1134, 20, 7.55%, 0, 0, 2, 12.42
1747823022, 0, 60, 1136, 1135, 20, 7.55%, 0, 0, 2, 11.88
1747823027, 0, 60, 1137, 1136, 20, 7.55%, 0, 0, 2, 12.26
1747823043, 0, 60, 1138, 1137, 20, 7.55%, 0, 0, 2, 12.12
1747823048, 0, 60, 1139, 1138, 20, 7.55%, 0, 0, 2, 11.82
1747823063, 0, 60, 1140, 1139, 20, 7.55%, 0, 0, 2, 12.12
1747823084, 0, 60, 1141, 1140, 20, 7.55%, 0, 0, 2, 11.82
1747823089, 0, 60, 1142, 1141, 20, 7.55%, 0, 0, 2, 12.25
1747823114, 0, 60, 1143, 1142, 20, 7.55%, 0, 0, 2, 12.28
1747823125, 0, 60, 1144, 1143, 20, 7.55%, 0, 0, 2, 12.07
1747823191, 0, 60, 1145, 1144, 20, 7.55%, 0, 0, 2, 12.17
1747823207, 0, 60, 1146, 1145, 20, 7.55%, 0, 0, 2, 11.86
1747823243, 0, 60, 1147, 1146, 20, 7.55%, 0, 0, 2, 11.85
1747823253, 0, 60, 1148, 1147, 20, 7.55%, 0, 0, 2, 12.08
1747823361, 0, 62, 1149, 1148, 21, 7.55%, 0, 0, 2, 12.00
1747823366, 0, 62, 1150, 1149, 21, 7.55%, 0, 0, 2, 11.82
1747823396, 0, 62, 1151, 1150, 21, 7.55%, 0, 0, 2, 12.02
1747823417, 0, 62, 1152, 1151, 21, 7.55%, 0, 0, 2, 11.65
1747823438, 0, 62, 1153, 1152, 21, 7.55%, 0, 0, 2, 11.81
1747823535, 0, 62, 1154, 1153, 21, 7.55%, 0, 0, 2, 11.83
1747823565, 0, 62, 1155, 1154, 21, 7.57%, 0, 0, 2, 12.12
1747823708, 0, 63, 1155, 1154, 21, 7.57%, 0, 0, 2, 14.56
1747823713, 0, 64, 1155, 1154, 21, 7.57%, 0, 0, 2, 14.14
1747823724, 0, 65, 1155, 1154, 21, 7.57%, 0, 0, 2, 12.21
1747823734, 0, 66, 1155, 1154, 21, 7.57%, 0, 0, 2, 11.66
1747823739, 0, 66, 1156, 1155, 21, 7.57%, 0, 0, 2, 11.59
1747823744, 0, 66, 1157, 1156, 21, 7.57%, 0, 0, 2, 11.75
1747823780, 0, 67, 1157, 1156, 21, 7.57%, 0, 0, 2, 11.97
1747823791, 0, 68, 1157, 1156, 21, 7.57%, 0, 0, 2, 11.86
1747823801, 0, 69, 1157, 1156, 21, 7.57%, 0, 0, 2, 11.59
1747823811, 0, 70, 1157, 1156, 21, 7.57%, 0, 0, 2, 11.94
1747823826, 0, 72, 1157, 1156, 21, 7.57%, 0, 0, 2, 12.03
1747823837, 0, 76, 1157, 1156, 21, 7.57%, 0, 0, 2, 11.82
1747823847, 0, 77, 1157, 1156, 21, 7.57%, 0, 0, 2, 11.75
1747823858, 0, 78, 1157, 1156, 21, 7.57%, 0, 0, 2, 11.66
1747823868, 0, 79, 1157, 1156, 21, 7.57%, 0, 0, 2, 13.74
1747823878, 0, 80, 1157, 1156, 21, 7.57%, 0, 0, 2, 12.97
1747823888, 0, 81, 1157, 1156, 21, 7.57%, 0, 0, 2, 11.72
1747823899, 0, 82, 1157, 1156, 21, 7.57%, 0, 0, 2, 11.74
1747823904, 0, 82, 1158, 1157, 21, 7.57%, 0, 0, 2, 11.62
1747823919, 0, 83, 1158, 1157, 22, 7.57%, 0, 0, 2, 11.68
1747823930, 0, 84, 1158, 1157, 22, 7.57%, 0, 0, 2, 11.69
1747823940, 0, 85, 1158, 1157, 22, 7.57%, 0, 0, 2, 12.14
1747823955, 0, 86, 1158, 1157, 22, 7.57%, 0, 0, 2, 11.93
1747823960, 0, 86, 1159, 1158, 22, 7.57%, 0, 0, 2, 11.82
1747823976, 0, 87, 1159, 1158, 22, 7.57%, 0, 0, 2, 11.81
1747823986, 0, 88, 1159, 1158, 22, 7.57%, 0, 0, 2, 11.91
1747823996, 0, 91, 1159, 1158, 22, 7.57%, 0, 0, 2, 11.99
1747824007, 0, 92, 1159, 1158, 22, 7.57%, 0, 0, 2, 11.65
1747824012, 0, 92, 1161, 1160, 22, 7.57%, 0, 0, 2, 11.27
1747824017, 0, 92, 1162, 1161, 22, 7.57%, 0, 0, 2, 11.40
1747824027, 0, 92, 1163, 1162, 22, 7.57%, 0, 0, 2, 11.76
1747824038, 0, 92, 1164, 1163, 22, 7.57%, 0, 0, 2, 11.40
1747824043, 0, 92, 1165, 1164, 22, 7.57%, 0, 0, 2, 11.65
1747824130, 0, 92, 1166, 1165, 22, 7.57%, 0, 0, 2, 11.50
1747824135, 0, 92, 1167, 1166, 22, 7.57%, 0, 0, 2, 11.76
1747824151, 0, 92, 1169, 1168, 22, 7.57%, 0, 0, 2, 11.70
1747824207, 0, 92, 1170, 1169, 22, 7.57%, 0, 0, 2, 11.55
1747824222, 0, 92, 1171, 1170, 22, 7.57%, 0, 0, 2, 12.04
1747824299, 0, 92, 1172, 1171, 22, 7.57%, 0, 0, 2, 11.77
1747824366, 0, 93, 1172, 1171, 22, 7.57%, 0, 0, 2, 11.58
1747824372, 0, 93, 1173, 1172, 22, 7.57%, 0, 0, 2, 11.33
1747824392, 0, 94, 1173, 1172, 22, 7.57%, 0, 0, 2, 11.64
1747824403, 0, 95, 1173, 1172, 22, 7.57%, 0, 0, 2, 11.67
1747824413, 0, 96, 1173, 1172, 22, 7.57%, 0, 0, 2, 11.55
1747824423, 0, 97, 1173, 1172, 22, 7.57%, 0, 0, 2, 11.73
1747824434, 0, 97, 1174, 1173, 22, 7.57%, 0, 0, 2, 11.67
1747824444, 0, 98, 1174, 1173, 22, 7.57%, 0, 0, 2, 11.69
1747824459, 0, 99, 1174, 1173, 22, 7.57%, 0, 0, 2, 11.18
1747824470, 0, 100, 1174, 1173, 22, 7.57%, 0, 0, 2, 11.43
1747824475, 0, 100, 1175, 1174, 22, 7.57%, 0, 0, 2, 10.86
1747824480, 0, 100, 1176, 1175, 22, 7.57%, 0, 0, 2, 10.89
1747824495, 0, 100, 1177, 1176, 22, 7.57%, 0, 0, 2, 11.43
1747824526, 0, 100, 1178, 1177, 22, 7.57%, 0, 0, 2, 11.50
1747824547, 0, 100, 1179, 1178, 22, 7.61%, 0, 0, 2, 11.10
1747824629, 0, 100, 1180, 1179, 22, 7.61%, 0, 0, 2, 10.95
1747824839, 0, 101, 1180, 1179, 19, 7.61%, 0, 0, 2, 11.33
1747824850, 0, 102, 1180, 1179, 19, 7.61%, 0, 0, 2, 11.62
1747824860, 0, 103, 1180, 1179, 19, 7.61%, 0, 0, 2, 11.78
1747824875, 0, 104, 1180, 1179, 19, 7.61%, 0, 0, 2, 11.73
1747824886, 0, 105, 1181, 1180, 19, 7.61%, 0, 0, 2, 11.27
1747824906, 0, 106, 1181, 1180, 19, 7.61%, 0, 0, 2, 11.46
1747824916, 0, 106, 1182, 1181, 19, 7.61%, 0, 0, 2, 11.25
1747824922, 0, 106, 1183, 1182, 19, 7.61%, 0, 0, 2, 10.95
1747824927, 0, 106, 1184, 1183, 19, 7.61%, 0, 0, 2, 11.33
1747824988, 0, 106, 1185, 1184, 19, 7.61%, 0, 0, 2, 11.32
1747825034, 0, 106, 1186, 1185, 19, 7.61%, 0, 0, 2, 11.18
1747825065, 0, 106, 1187, 1186, 19, 7.61%, 0, 0, 2, 11.24
1747825152, 0, 106, 1188, 1187, 19, 7.61%, 0, 0, 2, 11.20
1747825275, 0, 107, 1188, 1187, 19, 7.61%, 0, 0, 2, 11.67
1747825285, 0, 108, 1188, 1187, 19, 7.61%, 0, 0, 2, 11.67
1747825295, 0, 109, 1188, 1187, 19, 7.61%, 0, 0, 2, 11.28
1747825305, 0, 110, 1188, 1187, 19, 7.61%, 0, 0, 2, 11.42
1747825316, 0, 111, 1188, 1187, 19, 7.61%, 0, 0, 2, 11.37
1747825331, 0, 112, 1189, 1188, 19, 7.61%, 0, 0, 2, 11.40
1747825351, 0, 113, 1189, 1188, 19, 7.61%, 0, 0, 2, 11.52
1747825362, 0, 114, 1189, 1188, 19, 7.61%, 0, 0, 2, 11.42
1747825377, 0, 117, 1189, 1188, 19, 7.61%, 0, 0, 2, 11.03
1747825387, 0, 118, 1189, 1188, 19, 7.61%, 0, 0, 2, 11.42
1747825398, 0, 119, 1189, 1188, 19, 7.61%, 0, 0, 2, 11.23
1747825408, 0, 120, 1189, 1188, 19, 7.61%, 0, 0, 2, 11.24
1747825418, 0, 121, 1189, 1188, 19, 7.61%, 0, 0, 2, 11.51
1747825423, 0, 121, 1190, 1189, 19, 7.61%, 0, 0, 2, 11.21
1747825444, 0, 122, 1190, 1189, 19, 7.61%, 0, 0, 2, 11.46
1747825454, 0, 123, 1190, 1189, 19, 7.61%, 0, 0, 2, 11.79
1747825464, 0, 124, 1190, 1189, 19, 7.61%, 0, 0, 2, 11.37
1747825474, 0, 124, 1191, 1190, 19, 7.61%, 0, 0, 2, 11.08
1747825480, 0, 124, 1192, 1191, 19, 7.61%, 0, 0, 2, 10.92
1747825485, 0, 124, 1193, 1192, 19, 7.61%, 0, 0, 2, 11.14
1747825495, 0, 124, 1194, 1193, 19, 7.61%, 0, 0, 2, 10.89
1747825505, 0, 124, 1195, 1194, 19, 7.61%, 0, 0, 2, 10.91
1747825526, 0, 124, 1196, 1195, 19, 7.61%, 0, 0, 2, 10.81
1747825531, 0, 124, 1197, 1196, 19, 7.61%, 0, 0, 2, 10.78
1747825541, 0, 124, 1198, 1197, 19, 7.61%, 0, 0, 2, 11.06
1747825649, 0, 124, 1199, 1198, 19, 7.61%, 0, 0, 2, 11.22
1747825721, 0, 124, 1200, 1199, 19, 7.61%, 0, 0, 2, 11.14
1747825731, 0, 124, 1201, 1200, 19, 7.61%, 0, 0, 2, 10.72
1747825762, 0, 124, 1202, 1201, 19, 7.61%, 0, 0, 2, 10.77
1747825772, 0, 124, 1203, 1202, 19, 7.61%, 0, 0, 2, 10.82
1747825839, 0, 124, 1204, 1203, 19, 7.61%, 0, 0, 2, 10.84
1747825849, 0, 126, 1204, 1203, 20, 7.61%, 0, 0, 2, 11.39
1747825860, 0, 127, 1204, 1203, 20, 7.61%, 0, 0, 2, 11.72
1747825870, 0, 128, 1204, 1203, 20, 7.61%, 0, 0, 2, 11.94
1747825880, 0, 130, 1204, 1203, 20, 7.61%, 0, 0, 2, 11.50
1747825895, 0, 132, 1204, 1203, 20, 7.61%, 0, 0, 2, 11.21
1747825906, 0, 133, 1204, 1203, 20, 7.61%, 0, 0, 2, 11.55
1747825916, 0, 134, 1204, 1203, 20, 7.61%, 0, 0, 2, 11.78
1747825926, 0, 135, 1204, 1203, 20, 7.61%, 0, 0, 2, 11.43
1747825936, 0, 136, 1204, 1203, 20, 7.61%, 0, 0, 2, 11.24
1747825952, 0, 137, 1204, 1203, 20, 7.61%, 0, 0, 2, 11.65
1747825962, 0, 139, 1205, 1204, 20, 7.61%, 0, 0, 2, 10.85
1747825972, 0, 139, 1206, 1205, 20, 7.61%, 0, 0, 2, 10.66
1747825982, 0, 139, 1208, 1207, 20, 7.61%, 0, 0, 2, 10.54
1747826008, 0, 139, 1209, 1208, 20, 7.61%, 0, 0, 2, 11.33
1747826013, 0, 139, 1210, 1209, 20, 7.61%, 0, 0, 2, 11.06
1747826019, 0, 139, 1211, 1210, 20, 7.61%, 0, 0, 2, 10.88
1747826054, 0, 139, 1212, 1211, 20, 7.69%, 0, 0, 2, 10.60
1747826137, 0, 139, 1213, 1212, 20, 7.69%, 0, 0, 2, 10.75
1747826142, 0, 139, 1214, 1213, 20, 7.69%, 0, 0, 2, 10.82
1747826173, 0, 139, 1215, 1214, 20, 7.69%, 0, 0, 2, 10.52
1747826266, 0, 139, 1216, 1215, 20, 7.69%, 0, 0, 2, 10.54
1747826348, 0, 140, 1216, 1215, 21, 7.69%, 0, 0, 2, 11.16
1747826353, 0, 141, 1216, 1215, 21, 7.69%, 0, 0, 2, 15.37
1747826358, 0, 141, 1217, 1216, 21, 7.69%, 0, 0, 2, 17.64
1747826368, 0, 142, 1217, 1216, 21, 7.69%, 0, 0, 2, 18.39
1747826373, 0, 142, 1218, 1217, 21, 7.69%, 0, 0, 2, 18.17
1747826384, 0, 143, 1218, 1217, 20, 7.69%, 0, 0, 2, 18.26
1747826389, 0, 143, 1219, 1218, 20, 7.69%, 0, 0, 2, 18.09
1747826399, 0, 144, 1219, 1218, 20, 7.69%, 0, 0, 2, 15.51
1747826409, 0, 145, 1219, 1218, 20, 7.69%, 0, 0, 2, 10.94
1747826419, 0, 146, 1219, 1218, 20, 7.69%, 0, 0, 2, 10.49
1747826425, 0, 146, 1220, 1219, 20, 7.69%, 0, 0, 2, 10.59
1747826430, 0, 146, 1221, 1220, 20, 7.69%, 0, 0, 2, 9.94
1747826466, 0, 146, 1222, 1221, 20, 7.69%, 0, 0, 2, 10.35
1747826476, 0, 146, 1223, 1222, 20, 7.70%, 0, 0, 2, 9.72
1747826517, 0, 146, 1224, 1223, 20, 7.70%, 0, 0, 2, 10.10
1747826528, 0, 146, 1225, 1224, 20, 7.70%, 0, 0, 2, 10.36
1747826548, 0, 146, 1226, 1225, 20, 7.70%, 0, 0, 2, 9.92
1747826620, 0, 146, 1227, 1226, 20, 7.70%, 0, 0, 2, 10.50
1747826625, 0, 146, 1228, 1227, 20, 7.70%, 0, 0, 2, 10.92
1747826635, 0, 146, 1229, 1228, 20, 7.70%, 0, 0, 2, 11.00
1747826671, 0, 146, 1230, 1229, 20, 7.70%, 0, 0, 2, 10.52
1747826713, 0, 146, 1231, 1230, 20, 7.70%, 0, 0, 2, 10.56
1747826820, 0, 147, 1231, 1230, 22, 7.70%, 0, 0, 2, 11.11
1747826830, 0, 147, 1232, 1231, 22, 7.70%, 0, 0, 2, 10.41
1747826846, 0, 148, 1232, 1231, 22, 7.70%, 0, 0, 2, 10.67
1747826856, 0, 149, 1232, 1231, 22, 7.70%, 0, 0, 2, 10.41
1747826866, 0, 151, 1232, 1231, 22, 7.70%, 0, 0, 2, 10.62
1747826882, 0, 152, 1232, 1231, 22, 7.70%, 0, 0, 2, 10.62
1747826892, 0, 154, 1232, 1231, 22, 7.70%, 0, 0, 2, 10.51
1747826902, 0, 155, 1232, 1231, 22, 7.70%, 0, 0, 2, 10.85
1747826917, 0, 156, 1232, 1231, 22, 7.70%, 0, 0, 2, 10.83
1747826928, 0, 157, 1232, 1231, 22, 7.70%, 0, 0, 2, 10.81
1747826933, 0, 157, 1233, 1232, 22, 7.70%, 0, 0, 2, 10.23
1747826953, 0, 158, 1234, 1233, 23, 7.70%, 0, 0, 2, 10.46
1747826969, 0, 158, 1235, 1234, 23, 7.70%, 0, 0, 2, 10.09
1747826984, 0, 158, 1236, 1235, 23, 7.70%, 0, 0, 2, 9.86
1747826994, 0, 158, 1237, 1236, 23, 7.70%, 0, 0, 2, 9.96
1747827005, 0, 158, 1238, 1237, 23, 7.70%, 0, 0, 2, 10.07
1747827036, 0, 158, 1239, 1238, 23, 7.70%, 0, 0, 2, 10.08
1747827077, 0, 158, 1240, 1239, 23, 7.71%, 0, 0, 2, 10.19
1747827087, 0, 158, 1241, 1240, 23, 7.75%, 0, 0, 2, 10.66
1747827107, 0, 158, 1242, 1241, 23, 7.75%, 0, 0, 2, 10.11
1747827138, 0, 158, 1243, 1242, 23, 7.75%, 0, 0, 2, 10.16
1747827189, 0, 158, 1245, 1244, 23, 7.75%, 0, 0, 2, 9.98
1747827281, 0, 158, 1246, 1245, 23, 7.75%, 0, 0, 2, 10.30
1747827322, 0, 158, 1247, 1246, 23, 7.75%, 0, 0, 2, 10.29
1747827358, 0, 159, 1247, 1246, 25, 7.75%, 0, 0, 2, 10.39
1747827363, 0, 159, 1248, 1247, 25, 7.75%, 0, 0, 2, 10.13
1747827368, 0, 159, 1249, 1248, 25, 7.75%, 0, 0, 2, 9.91
1747827414, 0, 160, 1250, 1249, 25, 7.76%, 0, 0, 2, 9.75
1747827440, 0, 161, 1250, 1249, 26, 7.76%, 0, 0, 2, 10.33
1747827450, 0, 162, 1250, 1249, 26, 7.76%, 0, 0, 2, 9.93
1747827465, 0, 163, 1251, 1250, 26, 7.76%, 0, 0, 2, 10.35
1747827486, 0, 165, 1251, 1250, 26, 7.76%, 0, 0, 2, 10.29
1747827501, 0, 165, 1252, 1251, 26, 7.77%, 0, 0, 2, 10.25
1747827516, 0, 166, 1253, 1252, 27, 7.77%, 0, 0, 2, 10.12
1747827522, 0, 166, 1254, 1253, 27, 7.77%, 0, 0, 2, 10.44
1747827562, 0, 168, 1254, 1253, 27, 7.77%, 0, 0, 2, 13.41
1747827568, 0, 168, 1255, 1254, 27, 7.77%, 0, 0, 2, 16.54
1747827578, 0, 169, 1255, 1254, 27, 7.77%, 0, 0, 2, 17.26
1747827588, 0, 170, 1255, 1254, 27, 7.77%, 0, 0, 2, 16.73
1747827593, 0, 171, 1255, 1254, 27, 7.77%, 0, 0, 2, 17.61
1747827603, 0, 172, 1256, 1255, 27, 7.77%, 0, 0, 2, 17.51
1747827609, 0, 172, 1257, 1256, 27, 7.77%, 0, 0, 2, 16.91
1747827634, 0, 172, 1258, 1257, 27, 7.77%, 0, 0, 2, 10.92
1747827685, 0, 173, 1258, 1257, 25, 7.77%, 0, 0, 2, 9.86
1747827701, 0, 174, 1259, 1258, 25, 7.78%, 0, 0, 2, 10.33
1747827711, 0, 174, 1260, 1259, 25, 7.78%, 0, 0, 2, 10.78
1747827722, 0, 174, 1261, 1260, 25, 7.78%, 0, 0, 2, 10.75
1747827773, 0, 174, 1262, 1261, 25, 7.78%, 0, 0, 2, 11.01
1747827788, 0, 174, 1263, 1262, 25, 7.78%, 0, 0, 2, 10.45
1747827825, 0, 174, 1264, 1263, 25, 7.78%, 0, 0, 2, 10.51
1747827840, 0, 174, 1265, 1264, 25, 7.78%, 0, 0, 2, 10.52
1747827861, 0, 174, 1266, 1265, 25, 7.78%, 0, 0, 2, 10.46
1747827902, 0, 174, 1267, 1266, 25, 7.78%, 0, 0, 2, 10.57
1747827932, 0, 174, 1268, 1267, 25, 7.78%, 0, 0, 2, 10.29
1747827964, 0, 174, 1269, 1268, 25, 7.78%, 0, 0, 2, 10.22
1747827984, 0, 174, 1270, 1269, 25, 7.78%, 0, 0, 2, 10.80
1747827989, 0, 174, 1271, 1270, 25, 7.78%, 0, 0, 2, 10.70
1747828077, 0, 174, 1272, 1271, 25, 7.78%, 0, 0, 2, 10.65
1747828098, 0, 175, 1272, 1271, 25, 7.78%, 0, 0, 2, 10.59
1747828108, 0, 176, 1272, 1271, 25, 7.78%, 0, 0, 2, 9.85
1747828118, 0, 177, 1272, 1271, 25, 7.78%, 0, 0, 2, 9.97
1747828123, 0, 177, 1273, 1272, 25, 7.78%, 0, 0, 2, 9.52
1747828129, 0, 177, 1274, 1273, 25, 7.78%, 0, 0, 2, 9.53
1747828144, 0, 177, 1275, 1274, 25, 7.78%, 0, 0, 2, 10.06
1747828149, 0, 177, 1276, 1275, 25, 7.78%, 0, 0, 2, 9.66
1747828154, 0, 177, 1277, 1276, 25, 7.78%, 0, 0, 2, 10.00
1747828205, 0, 177, 1279, 1278, 25, 7.88%, 0, 0, 2, 9.41
1747828220, 0, 177, 1280, 1279, 25, 7.88%, 0, 0, 2, 9.83
1747828328, 0, 177, 1281, 1280, 25, 7.88%, 0, 0, 2, 9.87
1747828354, 0, 177, 1282, 1281, 25, 7.88%, 0, 0, 2, 10.18
1747828435, 0, 177, 1283, 1282, 25, 7.88%, 0, 0, 2, 9.80
1747828471, 0, 177, 1284, 1283, 25, 7.88%, 0, 0, 2, 9.83
1747828486, 0, 177, 1285, 1284, 25, 7.88%, 0, 0, 2, 9.68
1747828491, 0, 177, 1286, 1285, 25, 7.88%, 0, 0, 2, 9.73
1747828502, 0, 177, 1287, 1286, 25, 7.88%, 0, 0, 2, 9.97
1747828542, 0, 178, 1288, 1287, 24, 7.88%, 0, 0, 2, 10.02
1747828568, 0, 178, 1289, 1288, 24, 7.89%, 0, 0, 2, 10.67
1747828578, 0, 178, 1290, 1289, 24, 7.89%, 0, 0, 2, 10.51
1747828640, 0, 179, 1290, 1289, 24, 7.89%, 0, 0, 2, 10.48
1747828655, 0, 180, 1290, 1289, 24, 7.89%, 0, 0, 2, 10.09
1747828660, 0, 180, 1291, 1290, 24, 7.89%, 0, 0, 2, 9.72
1747828676, 0, 180, 1292, 1291, 24, 7.89%, 0, 0, 2, 9.89
1747828691, 0, 180, 1293, 1292, 24, 7.89%, 0, 0, 2, 9.79
1747828696, 0, 180, 1294, 1293, 24, 7.89%, 0, 0, 2, 9.89
1747828722, 0, 180, 1295, 1294, 24, 7.89%, 0, 0, 2, 10.22
1747828784, 0, 180, 1296, 1295, 24, 7.89%, 0, 0, 2, 10.10
1747828902, 0, 180, 1298, 1297, 24, 7.89%, 0, 0, 2, 9.79
1747829020, 0, 180, 1299, 1298, 24, 7.89%, 0, 0, 2, 16.54
1747829030, 0, 181, 1299, 1298, 24, 7.89%, 0, 0, 2, 17.15
1747829035, 0, 182, 1299, 1298, 24, 7.89%, 0, 0, 2, 17.01
1747829045, 0, 183, 1300, 1299, 24, 7.89%, 0, 0, 2, 16.95
1747829050, 0, 183, 1303, 1302, 24, 7.89%, 0, 0, 2, 16.34
1747829071, 0, 183, 1304, 1303, 24, 7.90%, 0, 0, 2, 15.90
1747829096, 0, 183, 1305, 1304, 24, 7.91%, 0, 0, 2, 16.47
1747829112, 0, 183, 1306, 1305, 24, 7.91%, 0, 0, 2, 10.84
1747829117, 0, 183, 1307, 1306, 24, 7.92%, 0, 0, 2, 9.63
1747829132, 0, 183, 1308, 1307, 24, 7.92%, 0, 0, 2, 9.90
1747829137, 0, 183, 1309, 1308, 24, 7.92%, 0, 0, 2, 9.74
1747829173, 0, 183, 1310, 1309, 24, 7.95%, 0, 0, 2, 9.94
1747829178, 0, 183, 1311, 1310, 24, 7.95%, 0, 0, 2, 9.74
1747829229, 0, 183, 1312, 1311, 24, 7.95%, 0, 0, 2, 9.50
1747829311, 0, 183, 1314, 1313, 24, 7.95%, 0, 0, 2, 9.13
1747829373, 0, 183, 1315, 1314, 24, 7.95%, 0, 0, 2, 10.33
1747829389, 0, 183, 1316, 1315, 24, 7.95%, 0, 0, 2, 9.66
1747829425, 0, 184, 1316, 1315, 27, 7.95%, 0, 0, 2, 9.80
1747829430, 0, 184, 1317, 1316, 27, 7.95%, 0, 0, 2, 9.96
1747829435, 0, 184, 1318, 1317, 27, 7.95%, 0, 0, 2, 9.68
1747829450, 0, 184, 1319, 1318, 27, 7.95%, 0, 0, 2, 9.58
1747829465, 0, 184, 1320, 1319, 27, 7.95%, 0, 0, 2, 10.03
1747829486, 0, 184, 1321, 1320, 27, 7.95%, 0, 0, 2, 10.04
1747829527, 0, 184, 1323, 1322, 27, 7.95%, 0, 0, 2, 9.69
1747829573, 0, 184, 1324, 1323, 27, 7.95%, 0, 0, 2, 9.65
1747829603, 0, 184, 1325, 1324, 27, 7.95%, 0, 0, 2, 10.37
1747829701, 0, 184, 1326, 1325, 27, 7.95%, 0, 0, 2, 9.65
1747829768, 0, 184, 1327, 1326, 27, 7.95%, 0, 0, 2, 9.78
1747829778, 0, 184, 1328, 1327, 27, 7.95%, 0, 0, 2, 9.54
1747829850, 0, 186, 1328, 1327, 28, 7.95%, 0, 0, 2, 10.05
1747829860, 0, 187, 1328, 1327, 28, 7.95%, 0, 0, 2, 9.62
1747829876, 0, 188, 1328, 1327, 28, 7.95%, 0, 0, 2, 10.26
1747829886, 0, 191, 1328, 1327, 28, 7.95%, 0, 0, 2, 10.32
1747829891, 0, 191, 1329, 1328, 28, 7.95%, 0, 0, 2, 9.73
1747829917, 0, 192, 1329, 1328, 28, 7.95%, 0, 0, 2, 9.85
1747829927, 0, 193, 1329, 1328, 28, 7.95%, 0, 0, 2, 9.84
1747829932, 0, 193, 1330, 1329, 28, 7.95%, 0, 0, 2, 10.10
1747829948, 0, 193, 1331, 1330, 28, 7.95%, 0, 0, 2, 9.93
1747829978, 0, 194, 1331, 1330, 28, 7.95%, 0, 0, 2, 9.82
1747829983, 0, 194, 1333, 1332, 28, 8.00%, 0, 0, 2, 9.16
1747829994, 0, 194, 1334, 1333, 28, 8.00%, 0, 0, 2, 9.13
1747829999, 0, 194, 1335, 1334, 28, 8.00%, 0, 0, 2, 9.52
1747830004, 0, 194, 1336, 1335, 28, 8.00%, 0, 0, 2, 9.56
1747830014, 0, 194, 1337, 1336, 28, 8.00%, 0, 0, 2, 9.32
1747830019, 0, 194, 1338, 1337, 28, 8.00%, 0, 0, 2, 9.43
1747830024, 0, 194, 1339, 1338, 28, 8.00%, 0, 0, 2, 9.40
1747830035, 0, 194, 1340, 1339, 28, 8.00%, 0, 0, 2, 9.39
1747830060, 0, 194, 1341, 1340, 28, 8.00%, 0, 0, 2, 9.21
1747830085, 0, 194, 1342, 1341, 28, 8.00%, 0, 0, 2, 9.28
1747830127, 0, 194, 1344, 1343, 28, 8.00%, 0, 0, 2, 9.16
1747830157, 0, 194, 1345, 1344, 28, 8.00%, 0, 0, 2, 9.28
1747830249, 0, 194, 1346, 1345, 28, 8.00%, 0, 0, 2, 9.77
1747830381, 0, 194, 1347, 1346, 28, 8.00%, 0, 0, 2, 9.22
1747830422, 0, 195, 1347, 1346, 26, 8.00%, 0, 0, 2, 9.60
1747830438, 0, 196, 1347, 1346, 26, 8.00%, 0, 0, 2, 9.52
1747830453, 0, 197, 1347, 1346, 26, 8.00%, 0, 0, 2, 9.66
1747830463, 0, 199, 1347, 1346, 26, 8.00%, 0, 0, 2, 9.89
1747830479, 0, 200, 1347, 1346, 26, 8.00%, 0, 0, 2, 9.34
1747830489, 0, 201, 1347, 1346, 26, 8.00%, 0, 0, 2, 9.85
1747830505, 0, 202, 1347, 1346, 26, 8.00%, 0, 0, 2, 9.62
1747830515, 0, 204, 1348, 1347, 26, 8.00%, 0, 0, 2, 9.33
1747830525, 0, 204, 1349, 1348, 26, 8.00%, 0, 0, 2, 9.41
1747830571, 0, 205, 1349, 1348, 26, 8.00%, 0, 0, 2, 9.45
1747830586, 0, 206, 1349, 1348, 26, 8.00%, 0, 0, 2, 9.77
1747830591, 0, 206, 1350, 1349, 26, 8.00%, 0, 0, 2, 9.39
1747830612, 0, 207, 1350, 1349, 26, 8.00%, 0, 0, 2, 9.55
1747830627, 0, 209, 1350, 1349, 26, 8.00%, 0, 0, 2, 9.54
1747830637, 0, 211, 1350, 1349, 26, 8.00%, 0, 0, 2, 9.83
1747830653, 0, 213, 1350, 1349, 26, 8.00%, 0, 0, 2, 9.55
1747830663, 0, 213, 1351, 1350, 26, 8.00%, 0, 0, 2, 9.78
1747830679, 0, 214, 1351, 1350, 26, 8.00%, 0, 0, 2, 9.98
1747830694, 0, 215, 1351, 1350, 26, 8.00%, 0, 0, 2, 10.11
1747830704, 0, 216, 1351, 1350, 26, 8.00%, 0, 0, 2, 9.91
1747830720, 0, 217, 1351, 1350, 26, 8.00%, 0, 0, 2, 9.45
1747830730, 0, 218, 1351, 1350, 26, 8.00%, 0, 0, 2, 9.67
1747830745, 0, 219, 1351, 1350, 26, 8.00%, 0, 0, 2, 9.46
1747830755, 0, 219, 1352, 1351, 26, 8.00%, 0, 0, 2, 9.78
1747830771, 0, 220, 1352, 1351, 26, 8.00%, 0, 0, 2, 9.93
1747830786, 0, 221, 1352, 1351, 26, 8.00%, 0, 0, 2, 9.86
1747830801, 0, 223, 1352, 1351, 26, 8.00%, 0, 0, 2, 9.50
1747830811, 0, 225, 1352, 1351, 26, 8.00%, 0, 0, 2, 9.57
1747830827, 0, 227, 1352, 1351, 26, 8.00%, 0, 0, 2, 9.85
1747830832, 0, 227, 1353, 1352, 26, 8.00%, 0, 0, 2, 9.78
1747830852, 0, 228, 1353, 1352, 26, 8.00%, 0, 0, 2, 9.94
1747830862, 0, 229, 1353, 1352, 26, 8.00%, 0, 0, 2, 9.92
1747830878, 0, 230, 1353, 1352, 26, 8.00%, 0, 0, 2, 9.64
1747830893, 0, 231, 1353, 1352, 26, 8.00%, 0, 0, 2, 9.41
1747830904, 0, 233, 1353, 1352, 26, 8.00%, 0, 0, 2, 9.82
1747830919, 0, 234, 1353, 1352, 26, 8.00%, 0, 0, 2, 9.75
1747830929, 0, 235, 1353, 1352, 26, 8.00%, 0, 0, 2, 10.02
1747830934, 0, 235, 1354, 1353, 26, 8.00%, 0, 0, 2, 9.89
1747830954, 0, 236, 1354, 1353, 26, 8.00%, 0, 0, 2, 9.81
1747830969, 0, 240, 1354, 1353, 26, 8.00%, 0, 0, 2, 9.67
1747830980, 0, 240, 1355, 1354, 26, 8.00%, 0, 0, 2, 9.11
1747830985, 0, 240, 1356, 1355, 26, 8.02%, 0, 0, 2, 9.15
1747831026, 0, 242, 1356, 1355, 27, 8.02%, 0, 0, 2, 9.50
1747831031, 0, 242, 1357, 1356, 27, 8.02%, 0, 0, 2, 9.54
1747831051, 0, 243, 1357, 1356, 27, 8.02%, 0, 0, 2, 9.82
1747831066, 0, 244, 1357, 1356, 27, 8.02%, 0, 0, 2, 9.78
1747831077, 0, 246, 1357, 1356, 27, 8.02%, 0, 0, 2, 9.72
1747831092, 0, 248, 1357, 1356, 27, 8.02%, 0, 0, 2, 9.93
1747831102, 0, 252, 1357, 1356, 27, 8.02%, 0, 0, 2, 9.98
1747831112, 0, 252, 1358, 1357, 27, 8.02%, 0, 0, 2, 9.13
1747831133, 0, 254, 1358, 1357, 28, 8.02%, 0, 0, 2, 9.14
1747831148, 0, 255, 1358, 1357, 28, 8.02%, 0, 0, 2, 9.67
1747831158, 0, 257, 1358, 1357, 28, 8.02%, 0, 0, 2, 9.87
1747831174, 0, 258, 1358, 1357, 28, 8.02%, 0, 0, 2, 9.34
1747831184, 0, 259, 1358, 1357, 28, 8.02%, 0, 0, 2, 9.72
1747831200, 0, 260, 1358, 1357, 28, 8.02%, 0, 0, 2, 9.23
1747831205, 0, 260, 1359, 1358, 28, 8.02%, 0, 0, 2, 11.92
1747831220, 0, 261, 1359, 1358, 28, 8.02%, 0, 0, 2, 15.64
1747831225, 0, 262, 1359, 1358, 28, 8.02%, 0, 0, 2, 15.59
1747831236, 0, 263, 1359, 1358, 28, 8.02%, 0, 0, 2, 16.17
1747831241, 0, 264, 1359, 1358, 28, 8.02%, 0, 0, 2, 15.83
1747831251, 0, 264, 1361, 1360, 28, 8.02%, 0, 0, 2, 16.50
1747831276, 0, 265, 1361, 1360, 27, 8.02%, 0, 0, 2, 16.23
1747831281, 0, 267, 1361, 1360, 27, 8.02%, 0, 0, 2, 15.64
1747831292, 0, 268, 1361, 1360, 27, 8.02%, 0, 0, 2, 16.30
1747831297, 0, 270, 1361, 1360, 27, 8.02%, 0, 0, 2, 15.95
1747831307, 0, 271, 1361, 1360, 27, 8.02%, 0, 0, 2, 16.80
1747831312, 0, 272, 1361, 1360, 27, 8.02%, 0, 0, 2, 17.15
1747831322, 0, 273, 1361, 1360, 27, 8.02%, 0, 0, 2, 15.68
1747831327, 0, 275, 1361, 1360, 27, 8.02%, 0, 0, 2, 15.37
1747831338, 0, 276, 1362, 1361, 27, 8.02%, 0, 0, 2, 12.44
1747831358, 0, 279, 1363, 1362, 27, 8.02%, 0, 0, 2, 15.46
1747831374, 0, 280, 1363, 1362, 27, 8.02%, 0, 0, 2, 11.47
1747831389, 0, 281, 1363, 1362, 27, 8.02%, 0, 0, 2, 9.65
1747831399, 0, 282, 1363, 1362, 27, 8.02%, 0, 0, 2, 9.46
1747831415, 0, 283, 1363, 1362, 27, 8.02%, 0, 0, 2, 9.54
1747831425, 0, 284, 1363, 1362, 27, 8.02%, 0, 0, 2, 9.69
1747831440, 0, 285, 1363, 1362, 27, 8.02%, 0, 0, 2, 9.74
1747831451, 0, 287, 1363, 1362, 27, 8.02%, 0, 0, 2, 9.38
1747831466, 0, 288, 1363, 1362, 27, 8.02%, 0, 0, 2, 9.52
1747831482, 0, 289, 1363, 1362, 27, 8.02%, 0, 0, 2, 9.65
1747831492, 0, 290, 1363, 1362, 27, 8.02%, 0, 0, 2, 9.58
1747831507, 0, 291, 1363, 1362, 27, 8.02%, 0, 0, 2, 9.28
1747831517, 0, 293, 1363, 1362, 27, 8.02%, 0, 0, 2, 9.48
1747831533, 0, 294, 1363, 1362, 27, 8.02%, 0, 0, 2, 9.43
1747831548, 0, 295, 1364, 1363, 27, 8.02%, 0, 0, 2, 9.30
1747831574, 0, 297, 1364, 1363, 27, 8.02%, 0, 0, 2, 9.87
1747831589, 0, 298, 1364, 1363, 27, 8.02%, 0, 0, 2, 9.46
1747831599, 0, 299, 1364, 1363, 27, 8.02%, 0, 0, 2, 9.44
1747831614, 0, 300, 1364, 1363, 27, 8.02%, 0, 0, 2, 10.00
1747831625, 0, 301, 1364, 1363, 27, 8.02%, 0, 0, 2, 9.98
1747831640, 0, 302, 1364, 1363, 27, 8.02%, 0, 0, 2, 9.05
1747831656, 0, 304, 1364, 1363, 27, 8.02%, 0, 0, 2, 9.39
1747831666, 0, 306, 1364, 1363, 27, 8.02%, 0, 0, 2, 9.47
1747831681, 0, 307, 1364, 1363, 27, 8.02%, 0, 0, 2, 9.55
1747831692, 0, 308, 1364, 1363, 27, 8.02%, 0, 0, 2, 9.48
1747831707, 0, 309, 1364, 1363, 27, 8.02%, 0, 0, 2, 9.94
1747831722, 0, 310, 1364, 1363, 27, 8.02%, 0, 0, 2, 9.40
1747831732, 0, 311, 1364, 1363, 27, 8.02%, 0, 0, 2, 9.32
1747831748, 0, 312, 1364, 1363, 27, 8.02%, 0, 0, 2, 9.76
1747831763, 0, 313, 1364, 1363, 27, 8.02%, 0, 0, 2, 9.50
1747831773, 0, 314, 1364, 1363, 27, 8.02%, 0, 0, 2, 9.08
1747831788, 0, 315, 1365, 1364, 27, 8.02%, 0, 0, 2, 14.15
1747831799, 0, 315, 1366, 1365, 27, 8.02%, 0, 0, 2, 15.77
1747831804, 0, 315, 1367, 1366, 27, 8.02%, 0, 0, 2, 15.42
1747831830, 0, 315, 1368, 1367, 27, 8.02%, 0, 0, 2, 15.26
1747831840, 0, 315, 1370, 1369, 27, 8.02%, 0, 0, 2, 15.32
1747831850, 0, 315, 1371, 1370, 27, 8.02%, 0, 0, 2, 15.22
1747831860, 0, 315, 1372, 1371, 27, 8.02%, 0, 0, 2, 15.09
1747831998, 0, 315, 1373, 1372, 27, 8.02%, 0, 0, 2, 15.21
1747832049, 0, 315, 1374, 1373, 27, 8.02%, 0, 0, 2, 15.32
1747832060, 0, 316, 1374, 1373, 26, 8.02%, 0, 0, 2, 16.45
1747832065, 0, 317, 1374, 1373, 26, 8.02%, 0, 0, 2, 15.75
1747832075, 0, 317, 1375, 1374, 26, 8.02%, 0, 0, 2, 15.77
1747832085, 0, 319, 1375, 1374, 26, 8.02%, 0, 0, 2, 16.55
1747832090, 0, 320, 1375, 1374, 26, 8.02%, 0, 0, 2, 16.49
1747832101, 0, 321, 1376, 1375, 26, 8.02%, 0, 0, 2, 16.24
1747832116, 0, 322, 1376, 1375, 26, 8.02%, 0, 0, 2, 15.70
1747832121, 0, 323, 1376, 1375, 26, 8.02%, 0, 0, 2, 15.53
1747832131, 0, 325, 1376, 1375, 26, 8.02%, 0, 0, 2, 16.23
1747832142, 0, 327, 1376, 1375, 26, 8.02%, 0, 0, 2, 17.06
1747832147, 0, 329, 1376, 1375, 26, 8.02%, 0, 0, 2, 16.56
1747832157, 0, 330, 1376, 1375, 26, 8.02%, 0, 0, 2, 16.15
1747832162, 0, 331, 1376, 1375, 26, 8.02%, 0, 0, 2, 16.76
1747832173, 0, 333, 1376, 1375, 26, 8.02%, 0, 0, 2, 15.88
1747832178, 0, 334, 1376, 1375, 26, 8.02%, 0, 0, 2, 16.02
1747832188, 0, 335, 1377, 1376, 26, 8.02%, 0, 0, 2, 15.61
1747832198, 0, 335, 1378, 1377, 26, 8.02%, 0, 0, 2, 15.77
1747832223, 0, 336, 1378, 1377, 26, 8.02%, 0, 0, 2, 15.11
1747832229, 0, 337, 1378, 1377, 26, 8.02%, 0, 0, 2, 15.57
1747832234, 0, 337, 1379, 1378, 26, 8.09%, 0, 0, 2, 14.58
1747832249, 0, 338, 1379, 1378, 26, 8.09%, 0, 0, 2, 15.57
1747832254, 0, 339, 1379, 1378, 26, 8.09%, 0, 0, 2, 15.46
1747832259, 0, 339, 1380, 1379, 26, 8.09%, 0, 0, 2, 15.06
1747832264, 0, 339, 1381, 1380, 26, 8.09%, 0, 0, 2, 15.18
1747832275, 0, 339, 1382, 1381, 26, 8.09%, 0, 0, 2, 14.85
1747832300, 0, 339, 1384, 1383, 26, 8.15%, 0, 0, 2, 14.89
1747832336, 0, 339, 1385, 1384, 26, 8.15%, 0, 0, 2, 14.87
1747832357, 0, 339, 1386, 1385, 26, 8.15%, 0, 0, 2, 14.50
1747832367, 0, 339, 1387, 1386, 26, 8.15%, 0, 0, 2, 14.84
1747832423, 0, 339, 1389, 1388, 26, 8.15%, 0, 0, 2, 14.62
1747832439, 0, 339, 1390, 1389, 26, 8.15%, 0, 0, 2, 15.69
1747832459, 0, 339, 1391, 1390, 26, 8.15%, 0, 0, 2, 14.67
1747832479, 0, 339, 1392, 1391, 26, 8.15%, 0, 0, 2, 15.17
1747832505, 0, 339, 1393, 1392, 26, 8.15%, 0, 0, 2, 14.97
1747832536, 0, 340, 1393, 1392, 27, 8.15%, 0, 0, 2, 15.63
1747832541, 0, 341, 1393, 1392, 27, 8.15%, 0, 0, 2, 16.55
1747832546, 0, 341, 1394, 1393, 27, 8.15%, 0, 0, 2, 16.50
1747832556, 0, 343, 1394, 1393, 28, 8.15%, 0, 0, 2, 16.85
1747832566, 0, 344, 1394, 1393, 28, 8.15%, 0, 0, 2, 16.86
1747832572, 0, 345, 1394, 1393, 28, 8.15%, 0, 0, 2, 16.98
1747832582, 0, 345, 1395, 1394, 28, 8.15%, 0, 0, 2, 15.23
1747832592, 0, 346, 1395, 1394, 28, 8.15%, 0, 0, 2, 16.12
1747832597, 0, 347, 1395, 1394, 28, 8.15%, 0, 0, 2, 16.42
1747832607, 0, 348, 1395, 1394, 28, 8.15%, 0, 0, 2, 14.53
1747832618, 0, 349, 1395, 1394, 28, 8.15%, 0, 0, 2, 15.07
1747832623, 0, 350, 1395, 1394, 28, 8.15%, 0, 0, 2, 15.88
1747832633, 0, 351, 1395, 1394, 28, 8.15%, 0, 0, 2, 17.00
1747832638, 0, 352, 1395, 1394, 28, 8.15%, 0, 0, 2, 17.19
1747832648, 0, 353, 1395, 1394, 28, 8.15%, 0, 0, 2, 17.07
1747832654, 0, 354, 1395, 1394, 28, 8.15%, 0, 0, 2, 16.52
1747832664, 0, 356, 1395, 1394, 28, 8.15%, 0, 0, 2, 14.89
1747832669, 0, 356, 1396, 1395, 28, 8.15%, 0, 0, 2, 14.49
1747832679, 0, 358, 1396, 1395, 28, 8.15%, 0, 0, 2, 15.13
1747832690, 0, 359, 1396, 1395, 28, 8.15%, 0, 0, 2, 17.13
1747832695, 0, 360, 1396, 1395, 28, 8.15%, 0, 0, 2, 16.71
1747832705, 0, 361, 1396, 1395, 28, 8.15%, 0, 0, 2, 15.71
1747832715, 0, 363, 1396, 1395, 28, 8.15%, 0, 0, 2, 16.31
1747832720, 0, 365, 1396, 1395, 28, 8.15%, 0, 0, 2, 15.69
1747832730, 0, 366, 1396, 1395, 28, 8.15%, 0, 0, 2, 16.12
1747832736, 0, 367, 1396, 1395, 28, 8.15%, 0, 0, 2, 16.72
1747832746, 0, 368, 1396, 1395, 28, 8.15%, 0, 0, 2, 15.93
1747832751, 0, 369, 1396, 1395, 28, 8.15%, 0, 0, 2, 15.81
1747832761, 0, 370, 1396, 1395, 28, 8.15%, 0, 0, 2, 15.47
1747832771, 0, 371, 1396, 1395, 28, 8.15%, 0, 0, 2, 14.51
1747832777, 0, 373, 1396, 1395, 28, 8.15%, 0, 0, 2, 14.82
1747832787, 0, 374, 1396, 1395, 28, 8.15%, 0, 0, 2, 15.57
1747832797, 0, 375, 1396, 1395, 28, 8.15%, 0, 0, 2, 15.92
1747832802, 0, 376, 1396, 1395, 28, 8.15%, 0, 0, 2, 15.82
1747832812, 0, 377, 1396, 1395, 28, 8.15%, 0, 0, 2, 15.16
1747832817, 0, 377, 1397, 1396, 28, 8.15%, 0, 0, 2, 14.97
1747832833, 0, 378, 1397, 1396, 28, 8.15%, 0, 0, 2, 16.54
1747832838, 0, 380, 1397, 1396, 28, 8.15%, 0, 0, 2, 16.94
1747832848, 0, 381, 1397, 1396, 28, 8.15%, 0, 0, 2, 17.41
1747832853, 0, 382, 1398, 1397, 28, 8.15%, 0, 0, 2, 15.54
1747832858, 0, 382, 1399, 1398, 28, 8.15%, 0, 0, 2, 14.70
1747832873, 0, 382, 1400, 1399, 28, 8.15%, 0, 0, 2, 14.49
1747832909, 0, 382, 1401, 1400, 28, 8.15%, 0, 0, 2, 14.62
1747832935, 0, 382, 1402, 1401, 28, 8.15%, 0, 0, 2, 14.43
1747832940, 0, 382, 1403, 1402, 28, 8.15%, 0, 0, 2, 14.13
1747832945, 0, 382, 1404, 1403, 28, 8.15%, 0, 0, 2, 14.03
1747832965, 0, 382, 1406, 1405, 28, 8.15%, 0, 0, 2, 14.35
1747833068, 0, 382, 1407, 1406, 28, 8.15%, 0, 0, 2, 14.63
1747833109, 0, 382, 1408, 1407, 28, 8.15%, 0, 0, 2, 15.03
1747833139, 0, 383, 1408, 1407, 28, 8.15%, 0, 0, 2, 14.17
1747833144, 0, 383, 1409, 1408, 28, 8.15%, 0, 0, 2, 14.85
1747833155, 0, 385, 1409, 1408, 28, 8.15%, 0, 0, 2, 14.65
1747833165, 0, 386, 1409, 1408, 28, 8.15%, 0, 0, 2, 16.41
1747833170, 0, 387, 1409, 1408, 28, 8.15%, 0, 0, 2, 15.82
1747833175, 0, 387, 1410, 1409, 28, 8.15%, 0, 0, 2, 14.74
1747833180, 0, 387, 1411, 1410, 28, 8.15%, 0, 0, 2, 14.54
1747833201, 0, 387, 1412, 1411, 28, 8.15%, 0, 0, 2, 14.69
1747833241, 0, 388, 1412, 1411, 28, 8.15%, 0, 0, 2, 14.85
1747833252, 0, 390, 1412, 1411, 28, 8.15%, 0, 0, 2, 14.42
1747833262, 0, 391, 1412, 1411, 28, 8.15%, 0, 0, 2, 16.42
1747833267, 0, 392, 1412, 1411, 28, 8.15%, 0, 0, 2, 15.85
1747833277, 0, 394, 1412, 1411, 28, 8.15%, 0, 0, 2, 16.21
1747833282, 0, 396, 1412, 1411, 28, 8.15%, 0, 0, 2, 16.00
1747833287, 0, 396, 1413, 1412, 28, 8.15%, 0, 0, 2, 15.43
1747833303, 0, 397, 1413, 1412, 28, 8.15%, 0, 0, 2, 14.55
1747833308, 0, 398, 1413, 1412, 28, 8.15%, 0, 0, 2, 14.56
1747833318, 0, 399, 1413, 1412, 28, 8.15%, 0, 0, 2, 15.46
1747833328, 0, 401, 1413, 1412, 28, 8.15%, 0, 0, 2, 16.32
1747833334, 0, 402, 1413, 1412, 28, 8.15%, 0, 0, 2, 15.61
1747833344, 0, 404, 1413, 1412, 28, 8.15%, 0, 0, 2, 15.86
1747833349, 0, 406, 1413, 1412, 28, 8.15%, 0, 0, 2, 16.72
1747833359, 0, 407, 1413, 1412, 28, 8.15%, 0, 0, 2, 16.67
1747833365, 0, 409, 1413, 1412, 28, 8.15%, 0, 0, 2, 16.80
1747833375, 0, 413, 1413, 1412, 28, 8.15%, 0, 0, 2, 16.08
1747833380, 0, 414, 1413, 1412, 28, 8.15%, 0, 0, 2, 14.92
1747833390, 0, 416, 1413, 1412, 28, 8.15%, 0, 0, 2, 15.10
1747833401, 0, 417, 1413, 1412, 28, 8.15%, 0, 0, 2, 16.36
1747833406, 0, 418, 1413, 1412, 28, 8.15%, 0, 0, 2, 16.47
1747833416, 0, 419, 1413, 1412, 28, 8.15%, 0, 0, 2, 15.10
1747833421, 0, 420, 1413, 1412, 28, 8.15%, 0, 0, 2, 14.70
1747833431, 0, 421, 1413, 1412, 28, 8.15%, 0, 0, 2, 15.48
1747833442, 0, 422, 1413, 1412, 28, 8.15%, 0, 0, 2, 15.30
1747833447, 0, 423, 1413, 1412, 28, 8.15%, 0, 0, 2, 15.56
1747833457, 0, 424, 1413, 1412, 28, 8.15%, 0, 0, 2, 15.33
1747833467, 0, 425, 1414, 1413, 28, 8.15%, 0, 0, 2, 14.63
1747833483, 0, 426, 1414, 1413, 28, 8.15%, 0, 0, 2, 15.75
1747833488, 0, 427, 1414, 1413, 28, 8.15%, 0, 0, 2, 16.94
1747833498, 0, 429, 1414, 1413, 28, 8.15%, 0, 0, 2, 15.83
1747833504, 0, 430, 1414, 1413, 28, 8.15%, 0, 0, 2, 15.07
1747833514, 0, 431, 1414, 1413, 28, 8.15%, 0, 0, 2, 15.06
1747833524, 0, 433, 1414, 1413, 28, 8.15%, 0, 0, 2, 15.38
1747833529, 0, 434, 1414, 1413, 28, 8.15%, 0, 0, 2, 15.33
1747833540, 0, 435, 1414, 1413, 28, 8.15%, 0, 0, 2, 14.60
1747833550, 0, 436, 1414, 1413, 28, 8.15%, 0, 0, 2, 14.71
1747833560, 0, 437, 1415, 1414, 28, 8.15%, 0, 0, 2, 14.75
1747833575, 0, 437, 1416, 1415, 28, 8.19%, 0, 0, 2, 14.44
1747833585, 0, 437, 1417, 1416, 28, 8.19%, 0, 0, 2, 14.09
1747833590, 0, 437, 1418, 1417, 28, 8.19%, 0, 0, 2, 14.36
1747833616, 0, 437, 1419, 1418, 28, 8.19%, 0, 0, 2, 14.03
1747833672, 0, 437, 1420, 1419, 28, 8.19%, 0, 0, 2, 14.10
1747833728, 0, 437, 1421, 1420, 28, 8.19%, 0, 0, 2, 14.59
1747833846, 0, 438, 1421, 1420, 29, 8.19%, 0, 0, 2, 14.46
1747833856, 0, 439, 1421, 1420, 29, 8.19%, 0, 0, 2, 15.85
1747833861, 0, 440, 1421, 1420, 29, 8.19%, 0, 0, 2, 16.75
1747833871, 0, 442, 1421, 1420, 29, 8.19%, 0, 0, 2, 15.17
1747833882, 0, 443, 1421, 1420, 29, 8.19%, 0, 0, 2, 14.52
1747833887, 0, 443, 1422, 1421, 29, 8.19%, 0, 0, 2, 14.49
1747833897, 0, 444, 1422, 1421, 30, 8.19%, 0, 0, 2, 14.27
1747833907, 0, 445, 1422, 1421, 30, 8.19%, 0, 0, 2, 15.63
1747833912, 0, 446, 1422, 1421, 30, 8.19%, 0, 0, 2, 16.98
1747833923, 0, 447, 1422, 1421, 30, 8.19%, 0, 0, 2, 14.96
1747833933, 0, 448, 1422, 1421, 30, 8.19%, 0, 0, 2, 15.72
1747833938, 0, 449, 1422, 1421, 30, 8.19%, 0, 0, 2, 16.31
1747833948, 0, 450, 1422, 1421, 30, 8.19%, 0, 0, 2, 16.19
1747833953, 0, 451, 1422, 1421, 30, 8.19%, 0, 0, 2, 16.31
1747833964, 0, 452, 1422, 1421, 30, 8.19%, 0, 0, 2, 15.75
1747833974, 0, 453, 1422, 1421, 30, 8.19%, 0, 0, 2, 14.45
1747833979, 0, 454, 1422, 1421, 30, 8.19%, 0, 0, 2, 15.15
1747833989, 0, 455, 1422, 1421, 30, 8.19%, 0, 0, 2, 17.17
1747833994, 0, 455, 1423, 1422, 30, 8.19%, 0, 0, 2, 17.33
1747834004, 0, 457, 1423, 1422, 30, 8.19%, 0, 0, 2, 17.24
1747834009, 0, 458, 1423, 1422, 30, 8.19%, 0, 0, 2, 16.61
1747834020, 0, 460, 1423, 1422, 30, 8.19%, 0, 0, 2, 14.75
1747834030, 0, 461, 1423, 1422, 30, 8.19%, 0, 0, 2, 14.13
1747834040, 0, 463, 1423, 1422, 30, 8.19%, 0, 0, 2, 15.21
1747834045, 0, 464, 1423, 1422, 30, 8.19%, 0, 0, 2, 14.70
1747834056, 0, 465, 1423, 1422, 30, 8.19%, 0, 0, 2, 15.17
1747834061, 0, 466, 1423, 1422, 30, 8.19%, 0, 0, 2, 16.27
1747834071, 0, 469, 1424, 1423, 30, 8.19%, 0, 0, 2, 15.07
1747834091, 0, 470, 1424, 1423, 30, 8.19%, 0, 0, 2, 14.46
1747834096, 0, 471, 1424, 1423, 30, 8.19%, 0, 0, 2, 14.90
1747834106, 0, 472, 1424, 1423, 30, 8.19%, 0, 0, 2, 15.34
1747834117, 0, 473, 1424, 1423, 30, 8.19%, 0, 0, 2, 15.31
1747834122, 0, 474, 1424, 1423, 30, 8.19%, 0, 0, 2, 14.89
1747834132, 0, 477, 1424, 1423, 30, 8.19%, 0, 0, 2, 17.29
1747834137, 0, 478, 1424, 1423, 30, 8.19%, 0, 0, 2, 16.04
1747834148, 0, 480, 1424, 1423, 30, 8.19%, 0, 0, 2, 14.05
1747834158, 0, 481, 1424, 1423, 30, 8.19%, 0, 0, 2, 15.10
1747834163, 0, 482, 1424, 1423, 30, 8.19%, 0, 0, 2, 15.64
1747834173, 0, 483, 1424, 1423, 30, 8.19%, 0, 0, 2, 14.80
1747834183, 0, 484, 1424, 1423, 30, 8.19%, 0, 0, 2, 15.05
1747834189, 0, 485, 1424, 1423, 30, 8.19%, 0, 0, 2, 15.46
1747834199, 0, 486, 1424, 1423, 30, 8.19%, 0, 0, 2, 15.28
1747834204, 0, 487, 1424, 1423, 30, 8.19%, 0, 0, 2, 15.12
1747834214, 0, 488, 1424, 1423, 30, 8.19%, 0, 0, 2, 15.63
1747834219, 0, 488, 1425, 1424, 30, 8.19%, 0, 0, 2, 14.91
1747834229, 0, 489, 1425, 1424, 30, 8.19%, 0, 0, 2, 14.83
1747834240, 0, 492, 1425, 1424, 30, 8.19%, 0, 0, 2, 15.28
1747834250, 0, 493, 1425, 1424, 30, 8.19%, 0, 0, 2, 14.70
1747834255, 0, 494, 1425, 1424, 30, 8.19%, 0, 0, 2, 13.69
1747834265, 0, 495, 1425, 1424, 30, 8.19%, 0, 0, 2, 14.20
1747834276, 0, 496, 1425, 1424, 30, 8.19%, 0, 0, 2, 16.14
1747834281, 0, 497, 1425, 1424, 30, 8.19%, 0, 0, 2, 16.05
1747834291, 0, 498, 1425, 1424, 30, 8.19%, 0, 0, 2, 14.51
1747834296, 0, 498, 1426, 1425, 30, 8.19%, 0, 0, 2, 14.09
1747834302, 0, 498, 1427, 1426, 30, 8.19%, 0, 0, 2, 14.32
1747834317, 0, 498, 1429, 1428, 30, 8.19%, 0, 0, 2, 14.25
1747834389, 0, 498, 1430, 1429, 30, 8.19%, 0, 0, 2, 14.56
1747834404, 0, 498, 1431, 1430, 30, 8.20%, 0, 0, 2, 14.10
1747834409, 0, 498, 1432, 1431, 30, 8.20%, 0, 0, 2, 13.49
1747834415, 0, 498, 1433, 1432, 30, 8.20%, 0, 0, 2, 14.60
1747834440, 0, 498, 1434, 1433, 30, 8.20%, 0, 0, 2, 14.06
1747834446, 0, 498, 1435, 1434, 30, 8.20%, 0, 0, 2, 14.42
1747834461, 0, 498, 1436, 1435, 30, 8.20%, 0, 0, 2, 14.87
1747834517, 0, 498, 1437, 1436, 30, 8.21%, 0, 0, 2, 14.10
1747834579, 0, 499, 1437, 1436, 30, 8.21%, 0, 0, 2, 14.68
1747834589, 0, 500, 1437, 1436, 30, 8.21%, 0, 0, 2, 14.72
1747834599, 0, 501, 1437, 1436, 30, 8.21%, 0, 0, 2, 15.81
1747834605, 0, 503, 1437, 1436, 30, 8.21%, 0, 0, 2, 15.74
1747834615, 0, 505, 1437, 1436, 30, 8.21%, 0, 0, 2, 14.04
1747834620, 0, 505, 1438, 1437, 30, 8.21%, 0, 0, 2, 14.14
1747834625, 0, 505, 1439, 1438, 30, 8.21%, 0, 0, 2, 14.59
1747834651, 0, 505, 1440, 1439, 30, 8.22%, 0, 0, 2, 9.52
1747834687, 0, 505, 1442, 1441, 30, 8.22%, 0, 0, 2, 8.65
1747834692, 0, 505, 1443, 1442, 30, 8.22%, 0, 0, 2, 8.00
1747834707, 0, 505, 1444, 1443, 30, 8.22%, 0, 0, 2, 8.34
1747834831, 0, 505, 1445, 1444, 30, 8.22%, 0, 0, 2, 8.13
1747834888, 0, 505, 1447, 1446, 30, 8.22%, 0, 0, 2, 8.39
1747834893, 0, 505, 1448, 1447, 30, 8.22%, 0, 0, 2, 8.22
1747834913, 0, 505, 1449, 1448, 30, 8.22%, 0, 0, 2, 7.83
1747834944, 0, 505, 1450, 1449, 30, 8.22%, 0, 0, 2, 8.81
1747834975, 0, 505, 1451, 1450, 30, 8.22%, 0, 0, 2, 8.15
1747835093, 0, 507, 1451, 1450, 31, 8.22%, 0, 0, 2, 8.34
1747835098, 0, 507, 1452, 1451, 31, 8.22%, 0, 0, 2, 8.16
1747835124, 0, 508, 1452, 1451, 31, 8.22%, 0, 0, 2, 8.91
1747835139, 0, 509, 1452, 1451, 31, 8.22%, 0, 0, 2, 9.12
1747835150, 0, 509, 1453, 1452, 31, 8.22%, 0, 0, 2, 8.84
1747835170, 0, 510, 1453, 1452, 31, 8.22%, 0, 0, 2, 8.37
1747835185, 0, 511, 1454, 1453, 31, 8.22%, 0, 0, 2, 8.46
1747835206, 0, 511, 1455, 1454, 31, 8.22%, 0, 0, 2, 8.15
1747835247, 0, 513, 1455, 1454, 31, 8.22%, 0, 0, 2, 8.57
1747835253, 0, 513, 1456, 1455, 31, 8.22%, 0, 0, 2, 8.52
1747835263, 0, 513, 1458, 1457, 31, 8.22%, 0, 0, 2, 8.68
1747835268, 0, 513, 1459, 1458, 31, 8.22%, 0, 0, 2, 8.16
1747835355, 0, 513, 1460, 1459, 31, 8.22%, 0, 0, 2, 8.60
1747835442, 0, 513, 1461, 1460, 31, 8.22%, 0, 0, 2, 13.34
1747835499, 0, 513, 1462, 1461, 31, 8.22%, 0, 0, 2, 13.70
1747835519, 0, 513, 1463, 1462, 31, 8.22%, 0, 0, 2, 14.63
1747835525, 0, 513, 1464, 1463, 31, 8.22%, 0, 0, 2, 13.70
1747835587, 0, 513, 1465, 1464, 31, 8.22%, 0, 0, 2, 13.59
1747835623, 0, 514, 1465, 1464, 30, 8.22%, 0, 0, 2, 26.78
1747837880, 0, 517, 1466, 1464, 30, 8.22%, 0, 0, 3, 13.47
1747837911, 0, 519, 1466, 1464, 30, 8.22%, 0, 0, 3, 8.02
1747837926, 0, 520, 1466, 1464, 30, 8.22%, 0, 0, 3, 8.61
1747837941, 0, 521, 1466, 1464, 30, 8.22%, 0, 0, 3, 9.08
1747837957, 0, 523, 1466, 1464, 30, 8.22%, 0, 0, 3, 9.22
1747837972, 0, 524, 1466, 1464, 30, 8.22%, 0, 0, 3, 8.63
1747837988, 0, 525, 1466, 1464, 30, 8.22%, 0, 0, 3, 7.81
1747838003, 0, 526, 1466, 1464, 30, 8.22%, 0, 0, 3, 9.21
1747838014, 0, 527, 1466, 1464, 30, 8.22%, 0, 0, 3, 9.34
1747838029, 0, 528, 1466, 1464, 30, 8.22%, 0, 0, 3, 8.73
1747838044, 0, 529, 1466, 1464, 30, 8.22%, 0, 0, 3, 8.65
1747838055, 0, 530, 1466, 1464, 30, 8.22%, 0, 0, 3, 9.40
1747838070, 0, 530, 1467, 1465, 30, 8.22%, 0, 0, 3, 9.52
1747838085, 0, 532, 1467, 1465, 30, 8.22%, 0, 0, 3, 8.94
1747838101, 0, 533, 1467, 1465, 30, 8.22%, 0, 0, 3, 8.48
1747838116, 0, 534, 1467, 1465, 30, 8.22%, 0, 0, 3, 8.42
1747838132, 0, 535, 1467, 1465, 30, 8.22%, 0, 0, 3, 8.50
1747838147, 0, 536, 1467, 1465, 30, 8.22%, 0, 0, 3, 8.41
1747838157, 0, 536, 1468, 1466, 30, 8.22%, 0, 0, 3, 8.00
1747838178, 0, 537, 1468, 1466, 30, 8.22%, 0, 0, 3, 9.42
1747838188, 0, 538, 1468, 1466, 30, 8.22%, 0, 0, 3, 9.86
1747838204, 0, 539, 1468, 1466, 30, 8.22%, 0, 0, 3, 7.88
1747838219, 0, 540, 1468, 1466, 30, 8.22%, 0, 0, 3, 8.64
1747838235, 0, 541, 1468, 1466, 30, 8.22%, 0, 0, 3, 8.38
1747838250, 0, 543, 1468, 1466, 30, 8.22%, 0, 0, 3, 8.64
1747838255, 0, 543, 1469, 1467, 30, 8.24%, 0, 0, 3, 7.81
1747838265, 0, 543, 1470, 1468, 30, 8.24%, 0, 0, 3, 7.63
1747838317, 0, 545, 1470, 1468, 30, 8.24%, 0, 0, 3, 8.21
1747838332, 0, 546, 1470, 1468, 30, 8.24%, 0, 0, 3, 8.21
1747838347, 0, 549, 1470, 1468, 30, 8.24%, 0, 0, 3, 9.29
1747838357, 0, 550, 1470, 1468, 30, 8.24%, 0, 0, 3, 9.83
1747838373, 0, 551, 1470, 1468, 30, 8.24%, 0, 0, 3, 9.37
1747838388, 0, 552, 1470, 1468, 30, 8.24%, 0, 0, 3, 8.61
1747838403, 0, 553, 1470, 1468, 30, 8.24%, 0, 0, 3, 7.64
1747838419, 0, 554, 1470, 1468, 30, 8.24%, 0, 0, 3, 8.45
1747838434, 0, 555, 1470, 1468, 30, 8.24%, 0, 0, 3, 8.70
1747838444, 0, 555, 1471, 1469, 30, 8.24%, 0, 0, 3, 8.77
1747838464, 0, 558, 1471, 1469, 30, 8.24%, 0, 0, 3, 8.86
1747838480, 0, 559, 1471, 1469, 30, 8.24%, 0, 0, 3, 9.47
1747838490, 0, 561, 1471, 1469, 30, 8.24%, 0, 0, 3, 10.02
1747838506, 0, 562, 1471, 1469, 30, 8.24%, 0, 0, 3, 9.18
1747838521, 0, 563, 1471, 1469, 30, 8.24%, 0, 0, 3, 8.90
1747838531, 0, 566, 1471, 1469, 30, 8.24%, 0, 0, 3, 9.25
1747838547, 0, 567, 1471, 1469, 30, 8.24%, 0, 0, 3, 8.28
1747838562, 0, 567, 1472, 1470, 30, 8.24%, 0, 0, 3, 7.57
1747838583, 0, 568, 1472, 1470, 30, 8.24%, 0, 0, 3, 8.69
1747838598, 0, 570, 1472, 1470, 30, 8.24%, 0, 0, 3, 9.16
1747838613, 0, 571, 1472, 1470, 30, 8.24%, 0, 0, 3, 9.26
1747838623, 0, 572, 1472, 1470, 30, 8.24%, 0, 0, 3, 8.73
1747838639, 0, 574, 1472, 1470, 30, 8.24%, 0, 0, 3, 8.73
1747838654, 0, 575, 1472, 1470, 30, 8.24%, 0, 0, 3, 9.39
1747838665, 0, 576, 1472, 1470, 30, 8.24%, 0, 0, 3, 9.71
1747838670, 0, 576, 1473, 1471, 30, 8.24%, 0, 0, 3, 8.20
1747838701, 0, 577, 1473, 1471, 30, 8.24%, 0, 0, 3, 8.03
1747838706, 0, 577, 1474, 1472, 30, 8.24%, 0, 0, 3, 7.97
1747838732, 0, 577, 1475, 1473, 30, 8.24%, 0, 0, 3, 7.76
1747838762, 0, 577, 1476, 1474, 30, 8.24%, 0, 0, 3, 7.77
1747838768, 0, 577, 1477, 1475, 30, 8.24%, 0, 0, 3, 7.67
1747838788, 0, 577, 1479, 1477, 30, 8.25%, 0, 0, 3, 7.95
1747838824, 0, 577, 1480, 1478, 30, 8.27%, 0, 0, 3, 7.44
1747838906, 0, 577, 1481, 1479, 30, 8.29%, 0, 0, 3, 7.71
1747839004, 0, 577, 1482, 1480, 30, 8.29%, 0, 0, 3, 8.07
1747839040, 0, 577, 1483, 1481, 30, 8.29%, 0, 0, 3, 8.37
1747839229, 0, 578, 1483, 1481, 31, 8.29%, 0, 0, 3, 7.74
1747839244, 0, 579, 1483, 1481, 31, 8.29%, 0, 0, 3, 8.60
1747839260, 0, 580, 1483, 1481, 31, 8.29%, 0, 0, 3, 8.38
1747839275, 0, 581, 1483, 1481, 31, 8.29%, 0, 0, 3, 7.77
1747839290, 0, 582, 1483, 1481, 31, 8.29%, 0, 0, 3, 8.16
1747839306, 0, 582, 1484, 1482, 31, 8.29%, 0, 0, 3, 7.63
1747839326, 0, 583, 1484, 1482, 31, 8.29%, 0, 0, 3, 8.52
1747839342, 0, 584, 1484, 1482, 31, 8.29%, 0, 0, 3, 8.30
1747839357, 0, 585, 1484, 1482, 31, 8.29%, 0, 0, 3, 7.98
1747839372, 0, 586, 1484, 1482, 31, 8.29%, 0, 0, 3, 7.62
1747839388, 0, 587, 1484, 1482, 31, 8.29%, 0, 0, 3, 8.45
1747839403, 0, 588, 1484, 1482, 31, 8.29%, 0, 0, 3, 8.83
1747839419, 0, 589, 1484, 1482, 31, 8.29%, 0, 0, 3, 7.81
1747839434, 0, 590, 1485, 1483, 31, 8.29%, 0, 0, 3, 7.48
1747839439, 0, 590, 1486, 1484, 31, 8.29%, 0, 0, 3, 7.13
1747839455, 0, 590, 1487, 1485, 31, 8.29%, 0, 0, 3, 7.61
1747839475, 0, 590, 1488, 1486, 31, 8.29%, 0, 0, 3, 7.30
1747839511, 0, 590, 1489, 1487, 31, 8.29%, 0, 0, 3, 7.65
1747839521, 0, 590, 1490, 1488, 31, 8.31%, 0, 0, 3, 7.75
1747839552, 0, 590, 1491, 1489, 31, 8.31%, 0, 0, 3, 7.71
1747839609, 0, 590, 1492, 1490, 31, 8.31%, 0, 0, 3, 7.41
1747839671, 0, 590, 1493, 1491, 31, 8.31%, 0, 0, 3, 7.45
1747839697, 0, 590, 1494, 1492, 31, 8.31%, 0, 0, 3, 7.67
1747839784, 0, 590, 1495, 1493, 31, 8.31%, 0, 0, 3, 7.66
1747839846, 0, 590, 1496, 1494, 31, 8.31%, 0, 0, 3, 7.30
1747839923, 0, 590, 1497, 1495, 31, 8.47%, 0, 0, 3, 7.54
1747839949, 0, 590, 1498, 1496, 31, 8.47%, 0, 0, 3, 7.72
1747839980, 0, 590, 1499, 1497, 31, 8.47%, 0, 0, 3, 7.52
1747839985, 0, 591, 1499, 1497, 29, 8.47%, 0, 0, 3, 7.85
1747840001, 0, 592, 1499, 1497, 29, 8.47%, 0, 0, 3, 7.92
1747840016, 0, 594, 1499, 1497, 29, 8.47%, 0, 0, 3, 8.85
1747840026, 0, 595, 1499, 1497, 29, 8.47%, 0, 0, 3, 9.14
1747840047, 0, 596, 1499, 1497, 29, 8.47%, 0, 0, 3, 8.53
1747840057, 0, 598, 1499, 1497, 29, 8.47%, 0, 0, 3, 8.77
1747840073, 0, 598, 1500, 1498, 29, 8.47%, 0, 0, 3, 7.93
1747840093, 0, 599, 1500, 1498, 29, 8.47%, 0, 0, 3, 7.97
1747840109, 0, 600, 1500, 1498, 29, 8.47%, 0, 0, 3, 7.37
1747840124, 0, 602, 1500, 1498, 29, 8.47%, 0, 0, 3, 7.90
1747840140, 0, 603, 1500, 1498, 29, 8.47%, 0, 0, 3, 7.98
1747840155, 0, 604, 1500, 1498, 29, 8.47%, 0, 0, 3, 8.96
1747840171, 0, 605, 1500, 1498, 29, 8.47%, 0, 0, 3, 7.82
1747840191, 0, 606, 1500, 1498, 29, 8.47%, 0, 0, 3, 8.28
1747840207, 0, 607, 1500, 1498, 29, 8.47%, 0, 0, 3, 8.48
1747840217, 0, 608, 1501, 1499, 29, 8.47%, 0, 0, 3, 8.87
1747840228, 0, 608, 1502, 1500, 29, 8.47%, 0, 0, 3, 7.44
1747840279, 0, 608, 1503, 1501, 29, 8.47%, 0, 0, 3, 7.40
1747840351, 0, 608, 1504, 1502, 29, 8.47%, 0, 0, 3, 7.39
1747840484, 0, 608, 1505, 1503, 29, 8.47%, 0, 0, 3, 7.65
1747840490, 0, 608, 1506, 1504, 29, 8.47%, 0, 0, 3, 7.57
1747840696, 0, 608, 1507, 1505, 29, 8.47%, 0, 0, 3, 7.82
1747840721, 0, 608, 1508, 1506, 29, 8.47%, 0, 0, 3, 7.80
1747840763, 0, 609, 1508, 1506, 31, 8.47%, 0, 0, 3, 7.60
1747840778, 0, 610, 1508, 1506, 31, 8.47%, 0, 0, 3, 8.03
1747840793, 0, 611, 1508, 1506, 31, 8.47%, 0, 0, 3, 8.22
1747840808, 0, 612, 1508, 1506, 31, 8.47%, 0, 0, 3, 8.04
1747840829, 0, 613, 1508, 1506, 31, 8.47%, 0, 0, 3, 7.62
1747840845, 0, 614, 1508, 1506, 31, 8.47%, 0, 0, 3, 8.21
1747840860, 0, 615, 1508, 1506, 31, 8.47%, 0, 0, 3, 8.93
1747840875, 0, 616, 1508, 1506, 31, 8.47%, 0, 0, 3, 9.59
1747840885, 0, 617, 1508, 1506, 31, 8.47%, 0, 0, 3, 9.89
1747840901, 0, 618, 1508, 1506, 31, 8.47%, 0, 0, 3, 8.61
1747840916, 0, 619, 1508, 1506, 31, 8.47%, 0, 0, 3, 8.66
1747840932, 0, 621, 1508, 1506, 31, 8.47%, 0, 0, 3, 8.41
1747840947, 0, 623, 1508, 1506, 31, 8.47%, 0, 0, 3, 8.54
1747840963, 0, 624, 1508, 1506, 31, 8.47%, 0, 0, 3, 8.64
1747840978, 0, 625, 1508, 1506, 31, 8.47%, 0, 0, 3, 7.83
1747840993, 0, 626, 1508, 1506, 31, 8.47%, 0, 0, 3, 7.67
1747841009, 0, 626, 1509, 1507, 31, 8.47%, 0, 0, 3, 7.30
1747841029, 0, 627, 1510, 1508, 31, 8.47%, 0, 0, 3, 7.69
1747841060, 0, 628, 1510, 1508, 31, 8.47%, 0, 0, 3, 8.09
1747841075, 0, 629, 1510, 1508, 31, 8.47%, 0, 0, 3, 9.06
1747841090, 0, 631, 1510, 1508, 31, 8.47%, 0, 0, 3, 8.63
1747841106, 0, 632, 1510, 1508, 31, 8.47%, 0, 0, 3, 8.48
1747841121, 0, 633, 1510, 1508, 31, 8.47%, 0, 0, 3, 8.18
1747841137, 0, 634, 1510, 1508, 31, 8.47%, 0, 0, 3, 8.15
1747841152, 0, 635, 1510, 1508, 31, 8.47%, 0, 0, 3, 8.94
1747841168, 0, 636, 1510, 1508, 31, 8.47%, 0, 0, 3, 8.36
1747841183, 0, 638, 1510, 1508, 31, 8.47%, 0, 0, 3, 7.92
1747841199, 0, 639, 1510, 1508, 31, 8.47%, 0, 0, 3, 7.68
1747841214, 0, 640, 1510, 1508, 31, 8.47%, 0, 0, 3, 7.58
1747841234, 0, 641, 1510, 1508, 31, 8.47%, 0, 0, 3, 9.26
1747841245, 0, 642, 1510, 1508, 31, 8.47%, 0, 0, 3, 9.38
1747841260, 0, 644, 1510, 1508, 31, 8.47%, 0, 0, 3, 8.23
1747841275, 0, 645, 1510, 1508, 31, 8.47%, 0, 0, 3, 8.15
1747841291, 0, 646, 1510, 1508, 31, 8.47%, 0, 0, 3, 8.70
1747841306, 0, 647, 1510, 1508, 31, 8.47%, 0, 0, 3, 8.99
1747841322, 0, 650, 1510, 1508, 31, 8.47%, 0, 0, 3, 8.55
1747841337, 0, 651, 1510, 1508, 31, 8.47%, 0, 0, 3, 8.50
1747841347, 0, 652, 1510, 1508, 31, 8.47%, 0, 0, 3, 8.81
1747841368, 0, 654, 1510, 1508, 31, 8.47%, 0, 0, 3, 8.07
1747841383, 0, 655, 1510, 1508, 31, 8.47%, 0, 0, 3, 8.16
1747841398, 0, 656, 1510, 1508, 31, 8.47%, 0, 0, 3, 7.82
1747841414, 0, 657, 1510, 1508, 31, 8.47%, 0, 0, 3, 7.58
1747841429, 0, 658, 1510, 1508, 31, 8.47%, 0, 0, 3, 7.71
1747841450, 0, 659, 1510, 1508, 31, 8.47%, 0, 0, 3, 8.83
1747841460, 0, 660, 1510, 1508, 31, 8.47%, 0, 0, 3, 8.54
1747841480, 0, 661, 1510, 1508, 31, 8.47%, 0, 0, 3, 7.73
1747841496, 0, 662, 1511, 1509, 31, 8.47%, 0, 0, 3, 7.94
1747841511, 0, 662, 1512, 1510, 31, 8.47%, 0, 0, 3, 7.60
1747841527, 0, 662, 1513, 1511, 31, 8.47%, 0, 0, 3, 7.61
1747841563, 0, 662, 1514, 1512, 31, 8.47%, 0, 0, 3, 7.70
1747841568, 0, 662, 1515, 1513, 31, 8.47%, 0, 0, 3, 7.86
1747841578, 0, 662, 1516, 1514, 31, 8.47%, 0, 0, 3, 7.66
1747841624, 0, 662, 1517, 1515, 31, 8.47%, 0, 0, 3, 7.95
1747841680, 0, 662, 1518, 1516, 31, 8.47%, 0, 0, 3, 7.62
1747841696, 0, 662, 1519, 1517, 31, 8.47%, 0, 0, 3, 8.11
1747841716, 0, 662, 1521, 1519, 31, 8.48%, 0, 0, 3, 7.66
1747841763, 0, 662, 1522, 1520, 31, 8.48%, 0, 0, 3, 7.82
1747841773, 0, 662, 1523, 1521, 31, 8.48%, 0, 0, 3, 7.75
1747841839, 0, 662, 1524, 1522, 31, 8.48%, 0, 0, 3, 8.18
1747841860, 0, 662, 1525, 1523, 31, 8.48%, 0, 0, 3, 7.99
1747841870, 0, 662, 1526, 1524, 31, 8.48%, 0, 0, 3, 7.85
1747842024, 0, 662, 1527, 1525, 31, 8.48%, 0, 0, 3, 7.90
1747842029, 0, 663, 1527, 1525, 31, 8.48%, 0, 0, 3, 8.03
1747842044, 0, 664, 1527, 1525, 31, 8.48%, 0, 0, 3, 7.74
1747842060, 0, 666, 1527, 1525, 31, 8.48%, 0, 0, 3, 7.77
1747842080, 0, 668, 1527, 1525, 31, 8.48%, 0, 0, 3, 7.37
1747842096, 0, 669, 1527, 1525, 31, 8.48%, 0, 0, 3, 7.24
1747842111, 0, 670, 1527, 1525, 31, 8.48%, 0, 0, 3, 7.62
1747842127, 0, 671, 1527, 1525, 31, 8.48%, 0, 0, 3, 8.30
1747842142, 0, 672, 1527, 1525, 31, 8.48%, 0, 0, 3, 8.79
1747842158, 0, 673, 1528, 1526, 31, 8.48%, 0, 0, 3, 8.12
1747842188, 0, 673, 1529, 1527, 31, 8.48%, 0, 0, 3, 7.76
1747842224, 0, 673, 1530, 1528, 31, 8.48%, 0, 0, 3, 7.73
1747842296, 0, 675, 1530, 1528, 31, 8.48%, 0, 0, 3, 7.85
1747842312, 0, 676, 1530, 1528, 31, 8.48%, 0, 0, 3, 8.23
1747842327, 0, 677, 1530, 1528, 31, 8.48%, 0, 0, 3, 7.73
1747842343, 0, 678, 1530, 1528, 31, 8.48%, 0, 0, 3, 7.63
1747842358, 0, 680, 1530, 1528, 31, 8.48%, 0, 0, 3, 8.04
1747842373, 0, 681, 1530, 1528, 31, 8.48%, 0, 0, 3, 8.03
1747842389, 0, 682, 1530, 1528, 31, 8.48%, 0, 0, 3, 9.16
1747842404, 0, 683, 1530, 1528, 31, 8.48%, 0, 0, 3, 7.76
1747842419, 0, 684, 1530, 1528, 31, 8.48%, 0, 0, 3, 8.13
1747842435, 0, 685, 1530, 1528, 31, 8.48%, 0, 0, 3, 7.93
1747842450, 0, 686, 1530, 1528, 31, 8.48%, 0, 0, 3, 8.71
1747842465, 0, 687, 1531, 1529, 31, 8.48%, 0, 0, 3, 8.48
1747842471, 0, 687, 1532, 1530, 31, 8.48%, 0, 0, 3, 7.83
1747842512, 0, 687, 1533, 1531, 31, 8.48%, 0, 0, 3, 7.78
1747842517, 0, 687, 1534, 1532, 31, 8.48%, 0, 0, 3, 7.47
1747842615, 0, 687, 1535, 1533, 31, 8.48%, 0, 0, 3, 7.37
1747842738, 0, 687, 1536, 1534, 31, 8.48%, 0, 0, 3, 7.62
1747842892, 0, 687, 1537, 1535, 31, 8.48%, 0, 0, 3, 7.53
1747842938, 0, 687, 1538, 1536, 31, 8.48%, 0, 0, 3, 7.55
1747843020, 0, 689, 1538, 1536, 29, 8.48%, 0, 0, 3, 7.65
1747843036, 0, 689, 1539, 1537, 29, 8.48%, 0, 0, 3, 7.51
1747843056, 0, 690, 1539, 1537, 29, 8.48%, 0, 0, 3, 7.75
1747843071, 0, 692, 1539, 1537, 29, 8.48%, 0, 0, 3, 8.30
1747843087, 0, 692, 1540, 1538, 29, 8.48%, 0, 0, 3, 8.52
1747843102, 0, 693, 1540, 1538, 29, 8.48%, 0, 0, 3, 8.58
1747843118, 0, 694, 1540, 1538, 29, 8.48%, 0, 0, 3, 7.87
1747843123, 0, 694, 1541, 1539, 29, 8.48%, 0, 0, 3, 7.72
1747843133, 0, 694, 1542, 1540, 29, 8.48%, 0, 0, 3, 7.59
1747843184, 0, 694, 1543, 1541, 29, 8.48%, 0, 0, 3, 7.08
1747843256, 0, 696, 1543, 1541, 29, 8.48%, 0, 0, 3, 7.67
1747843277, 0, 697, 1543, 1541, 29, 8.48%, 0, 0, 3, 7.48
1747843292, 0, 698, 1543, 1541, 29, 8.48%, 0, 0, 3, 7.64
1747843307, 0, 699, 1543, 1541, 29, 8.48%, 0, 0, 3, 7.23
1747843328, 0, 700, 1543, 1541, 29, 8.48%, 0, 0, 3, 8.12
1747843343, 0, 701, 1543, 1541, 29, 8.48%, 0, 0, 3, 9.22
1747843354, 0, 702, 1543, 1541, 29, 8.48%, 0, 0, 3, 8.61
1747843375, 0, 704, 1543, 1541, 29, 8.48%, 0, 0, 3, 7.52
1747843380, 0, 704, 1544, 1542, 29, 8.48%, 0, 0, 3, 7.04
1747843390, 0, 704, 1545, 1543, 29, 8.48%, 0, 0, 3, 7.21
1747843441, 0, 705, 1545, 1543, 29, 8.48%, 0, 0, 3, 7.62
1747843462, 0, 707, 1545, 1543, 29, 8.48%, 0, 0, 3, 7.59
1747843477, 0, 708, 1545, 1543, 29, 8.48%, 0, 0, 3, 7.93
1747843493, 0, 709, 1545, 1543, 29, 8.48%, 0, 0, 3, 9.28
1747843503, 0, 710, 1545, 1543, 29, 8.48%, 0, 0, 3, 9.56
1747843518, 0, 711, 1545, 1543, 29, 8.48%, 0, 0, 3, 8.26
1747843539, 0, 712, 1545, 1543, 29, 8.48%, 0, 0, 3, 9.82
1747843549, 0, 713, 1545, 1543, 29, 8.48%, 0, 0, 3, 9.95
1747843559, 0, 714, 1545, 1543, 29, 8.48%, 0, 0, 3, 10.13
1747843579, 0, 715, 1545, 1543, 29, 8.48%, 0, 0, 3, 8.62
1747843595, 0, 718, 1545, 1543, 29, 8.48%, 0, 0, 3, 8.59
1747843605, 0, 719, 1545, 1543, 29, 8.48%, 0, 0, 3, 8.51
1747843625, 0, 720, 1545, 1543, 29, 8.48%, 0, 0, 3, 7.82
1747843641, 0, 721, 1545, 1543, 29, 8.48%, 0, 0, 3, 8.73
1747843656, 0, 722, 1545, 1543, 29, 8.48%, 0, 0, 3, 8.01
1747843672, 0, 723, 1545, 1543, 29, 8.48%, 0, 0, 3, 8.35
1747843687, 0, 724, 1545, 1543, 29, 8.48%, 0, 0, 3, 8.99
1747843697, 0, 726, 1545, 1543, 29, 8.48%, 0, 0, 3, 9.02
1747843703, 0, 726, 1546, 1544, 29, 8.48%, 0, 0, 3, 7.89
1747843708, 0, 726, 1547, 1545, 29, 8.48%, 0, 0, 3, 7.45
1747843769, 0, 727, 1547, 1545, 29, 8.48%, 0, 0, 3, 7.85
1747843785, 0, 728, 1547, 1545, 29, 8.48%, 0, 0, 3, 7.86
1747843805, 0, 729, 1547, 1545, 29, 8.48%, 0, 0, 3, 7.18
1747843821, 0, 730, 1547, 1545, 29, 8.48%, 0, 0, 3, 7.21
1747843836, 0, 731, 1547, 1545, 29, 8.48%, 0, 0, 3, 8.59
1747843852, 0, 732, 1547, 1545, 29, 8.48%, 0, 0, 3, 8.15
1747843867, 0, 733, 1547, 1545, 29, 8.48%, 0, 0, 3, 7.90
1747843888, 0, 734, 1547, 1545, 29, 8.48%, 0, 0, 3, 8.63
1747843898, 0, 735, 1547, 1545, 29, 8.48%, 0, 0, 3, 8.78
1747843919, 0, 737, 1547, 1545, 29, 8.48%, 0, 0, 3, 8.29
1747843929, 0, 738, 1547, 1545, 29, 8.48%, 0, 0, 3, 8.85
1747843944, 0, 738, 1548, 1546, 29, 8.49%, 0, 0, 3, 7.41
1747843970, 0, 739, 1548, 1546, 30, 8.49%, 0, 0, 3, 7.59
1747843985, 0, 740, 1548, 1546, 30, 8.49%, 0, 0, 3, 7.78
1747844001, 0, 741, 1548, 1546, 30, 8.49%, 0, 0, 3, 8.90
1747844016, 0, 742, 1549, 1547, 30, 8.49%, 0, 0, 3, 8.15
1747844042, 0, 742, 1550, 1548, 30, 8.49%, 0, 0, 3, 6.80
1747844047, 0, 742, 1552, 1550, 30, 8.50%, 0, 0, 3, 6.59
1747844073, 0, 742, 1553, 1551, 30, 8.50%, 0, 0, 3, 7.64
1747844088, 0, 742, 1554, 1552, 30, 8.50%, 0, 0, 3, 7.18
1747844098, 0, 742, 1555, 1553, 30, 8.50%, 0, 0, 3, 7.16
1747844129, 0, 742, 1556, 1554, 30, 8.50%, 0, 0, 3, 6.99
1747844150, 0, 742, 1557, 1555, 30, 8.50%, 0, 0, 3, 7.22
1747844165, 0, 742, 1558, 1556, 30, 8.50%, 0, 0, 3, 7.11
1747844196, 0, 742, 1559, 1557, 30, 8.50%, 0, 0, 3, 7.35
1747844248, 0, 742, 1560, 1558, 30, 8.50%, 0, 0, 3, 7.23
1747844304, 0, 742, 1561, 1559, 30, 8.50%, 0, 0, 3, 7.31
1747844592, 0, 743, 1561, 1559, 31, 8.50%, 0, 0, 3, 7.72
1747844607, 0, 745, 1561, 1559, 31, 8.50%, 0, 0, 3, 7.80
1747844623, 0, 746, 1561, 1559, 31, 8.50%, 0, 0, 3, 9.20
1747844638, 0, 748, 1561, 1559, 31, 8.50%, 0, 0, 3, 7.86
1747844654, 0, 749, 1561, 1559, 31, 8.50%, 0, 0, 3, 9.10
1747844669, 0, 750, 1561, 1559, 31, 8.50%, 0, 0, 3, 8.81
1747844679, 0, 751, 1561, 1559, 31, 8.50%, 0, 0, 3, 8.62
1747844700, 0, 752, 1561, 1559, 31, 8.50%, 0, 0, 3, 7.37
1747844715, 0, 753, 1561, 1559, 31, 8.50%, 0, 0, 3, 7.57
1747844725, 0, 753, 1562, 1560, 31, 8.50%, 0, 0, 3, 7.02
1747844736, 0, 753, 1563, 1561, 31, 8.50%, 0, 0, 3, 7.13
1747844787, 0, 755, 1563, 1561, 31, 8.50%, 0, 0, 3, 7.28
1747844798, 0, 755, 1564, 1562, 31, 8.50%, 0, 0, 3, 7.23
1747844823, 0, 755, 1565, 1563, 31, 8.50%, 0, 0, 3, 7.15
1747844859, 0, 756, 1565, 1563, 31, 8.50%, 0, 0, 3, 7.59
1747844874, 0, 757, 1565, 1563, 31, 8.50%, 0, 0, 3, 8.45
1747844890, 0, 758, 1565, 1563, 31, 8.50%, 0, 0, 3, 7.99
1747844910, 0, 759, 1565, 1563, 31, 8.50%, 0, 0, 3, 8.47
1747844921, 0, 760, 1565, 1563, 31, 8.50%, 0, 0, 3, 8.79
1747844926, 0, 760, 1566, 1564, 31, 8.50%, 0, 0, 3, 7.88
1747844931, 0, 760, 1567, 1565, 31, 8.50%, 0, 0, 3, 7.04
1747844941, 0, 760, 1568, 1566, 31, 8.50%, 0, 0, 3, 7.31
1747844951, 0, 760, 1569, 1567, 31, 8.50%, 0, 0, 3, 7.58
1747844987, 0, 760, 1571, 1569, 31, 8.50%, 0, 0, 3, 7.01
1747845003, 0, 760, 1572, 1570, 31, 8.50%, 0, 0, 3, 7.47
1747845086, 0, 760, 1573, 1571, 31, 8.50%, 0, 0, 3, 7.87
1747845276, 0, 760, 1574, 1572, 31, 8.50%, 0, 0, 3, 7.09
1747845312, 0, 760, 1575, 1573, 31, 8.50%, 0, 0, 3, 7.46
1747845425, 0, 760, 1576, 1574, 31, 8.50%, 0, 0, 3, 7.08
1747845498, 0, 761, 1576, 1574, 31, 8.50%, 0, 0, 3, 7.94
1747845513, 0, 762, 1576, 1574, 31, 8.50%, 0, 0, 3, 8.28
1747845528, 0, 763, 1576, 1574, 31, 8.50%, 0, 0, 3, 7.96
1747845544, 0, 764, 1576, 1574, 31, 8.50%, 0, 0, 3, 7.64
1747845559, 0, 766, 1576, 1574, 31, 8.50%, 0, 0, 3, 7.91
1747845580, 0, 767, 1576, 1574, 31, 8.50%, 0, 0, 3, 7.70
1747845596, 0, 768, 1576, 1574, 31, 8.50%, 0, 0, 3, 6.99
1747845611, 0, 768, 1577, 1575, 31, 8.50%, 0, 0, 3, 6.98
1747845616, 0, 768, 1578, 1576, 31, 8.50%, 0, 0, 3, 7.10
1747845668, 0, 770, 1578, 1576, 32, 8.50%, 0, 0, 3, 7.50
1747845683, 0, 771, 1578, 1576, 32, 8.50%, 0, 0, 3, 7.97
1747845704, 0, 772, 1578, 1576, 32, 8.50%, 0, 0, 3, 7.35
1747845719, 0, 774, 1578, 1576, 32, 8.50%, 0, 0, 3, 7.20
1747845724, 0, 774, 1579, 1577, 32, 8.50%, 0, 0, 3, 7.99
1747845755, 0, 775, 1579, 1577, 32, 8.50%, 0, 0, 3, 8.02
1747845770, 0, 776, 1579, 1577, 32, 8.50%, 0, 0, 3, 8.47
1747845786, 0, 777, 1579, 1577, 32, 8.50%, 0, 0, 3, 7.52
1747845801, 0, 777, 1580, 1578, 32, 8.50%, 0, 0, 3, 7.27
1747845822, 0, 779, 1580, 1578, 32, 8.50%, 0, 0, 3, 7.60
1747845832, 0, 779, 1581, 1579, 32, 8.50%, 0, 0, 3, 7.47
1747845858, 0, 780, 1581, 1579, 32, 8.50%, 0, 0, 3, 7.14
1747845863, 0, 780, 1582, 1580, 32, 8.50%, 0, 0, 3, 6.83
1747845869, 0, 780, 1583, 1581, 32, 8.50%, 0, 0, 3, 6.84
1747845905, 0, 780, 1584, 1582, 32, 8.50%, 0, 0, 3, 7.21
1747845910, 0, 780, 1585, 1583, 32, 8.50%, 0, 0, 3, 6.77
1747845936, 0, 780, 1588, 1586, 32, 8.54%, 0, 0, 3, 6.50
1747846019, 0, 780, 1589, 1587, 32, 8.54%, 0, 0, 3, 7.10
1747846029, 0, 780, 1590, 1588, 32, 8.54%, 0, 0, 3, 6.97
1747846065, 0, 780, 1591, 1589, 32, 8.54%, 0, 0, 3, 6.98
1747846116, 0, 780, 1592, 1590, 32, 8.54%, 0, 0, 3, 6.87
1747846158, 0, 780, 1593, 1591, 32, 8.54%, 0, 0, 3, 6.72
1747846173, 0, 780, 1594, 1592, 32, 8.54%, 0, 0, 3, 6.83
1747846281, 0, 780, 1595, 1593, 32, 8.54%, 0, 0, 3, 7.32
1747846327, 0, 780, 1596, 1594, 32, 8.54%, 0, 0, 3, 6.80
1747846368, 0, 780, 1597, 1595, 32, 8.54%, 0, 0, 3, 6.71
1747846373, 0, 780, 1598, 1596, 32, 8.54%, 0, 0, 3, 6.81
1747846414, 0, 780, 1599, 1597, 32, 8.54%, 0, 0, 3, 6.92
1747846425, 0, 780, 1600, 1598, 32, 8.54%, 0, 0, 3, 6.96
1747846445, 0, 780, 1601, 1599, 32, 8.54%, 0, 0, 3, 7.05
1747846451, 0, 780, 1602, 1600, 32, 8.54%, 0, 0, 3, 6.83
1747846477, 0, 781, 1602, 1600, 34, 8.54%, 0, 0, 3, 6.85
1747846492, 0, 782, 1602, 1600, 34, 8.54%, 0, 0, 3, 7.19
1747846497, 0, 782, 1603, 1601, 34, 8.54%, 0, 0, 3, 6.92
1747846502, 0, 782, 1604, 1602, 34, 8.54%, 0, 0, 3, 6.81
1747846539, 0, 782, 1605, 1603, 34, 8.54%, 0, 0, 3, 6.51
1747846549, 0, 782, 1606, 1604, 34, 8.55%, 0, 0, 3, 6.72
1747846621, 0, 782, 1607, 1605, 34, 8.55%, 0, 0, 3, 7.26
1747846693, 0, 782, 1608, 1606, 34, 8.55%, 0, 0, 3, 7.23
1747846698, 0, 782, 1609, 1607, 34, 8.55%, 0, 0, 3, 6.84
1747846719, 0, 782, 1610, 1608, 34, 8.55%, 0, 0, 3, 6.79
1747846745, 0, 782, 1611, 1609, 34, 8.55%, 0, 0, 3, 6.73
1747846854, 0, 782, 1612, 1610, 34, 8.55%, 0, 0, 3, 7.09
1747847100, 0, 783, 1612, 1610, 33, 8.55%, 0, 0, 3, 7.18
1747847116, 0, 784, 1612, 1610, 33, 8.55%, 0, 0, 3, 8.20
1747847131, 0, 785, 1612, 1610, 33, 8.55%, 0, 0, 3, 7.59
1747847147, 0, 786, 1612, 1610, 33, 8.55%, 0, 0, 3, 6.94
1747847168, 0, 787, 1613, 1611, 33, 8.56%, 0, 0, 3, 7.17
1747847189, 0, 787, 1614, 1612, 33, 8.56%, 0, 0, 3, 7.00
1747847240, 0, 788, 1614, 1612, 34, 8.56%, 0, 0, 3, 7.16
1747847261, 0, 789, 1614, 1612, 34, 8.56%, 0, 0, 3, 7.43
1747847276, 0, 790, 1614, 1612, 34, 8.56%, 0, 0, 3, 7.33
1747847296, 0, 792, 1614, 1612, 34, 8.56%, 0, 0, 3, 6.96
1747847312, 0, 793, 1614, 1612, 34, 8.56%, 0, 0, 3, 7.05
1747847327, 0, 794, 1614, 1612, 34, 8.56%, 0, 0, 3, 8.46
1747847343, 0, 795, 1614, 1612, 34, 8.56%, 0, 0, 3, 8.30
1747847358, 0, 797, 1614, 1612, 34, 8.56%, 0, 0, 3, 7.32
1747847379, 0, 798, 1614, 1612, 34, 8.56%, 0, 0, 3, 7.78
1747847394, 0, 800, 1615, 1613, 34, 8.56%, 0, 0, 3, 7.31
1747847420, 0, 800, 1616, 1614, 34, 8.56%, 0, 0, 3, 6.88
1747847466, 0, 801, 1616, 1614, 34, 8.56%, 0, 0, 3, 7.03
1747847482, 0, 802, 1616, 1614, 34, 8.56%, 0, 0, 3, 8.38
1747847497, 0, 802, 1617, 1615, 34, 8.56%, 0, 0, 3, 6.63
1747847523, 0, 803, 1617, 1615, 34, 8.56%, 0, 0, 3, 7.87
1747847538, 0, 804, 1617, 1615, 34, 8.56%, 0, 0, 3, 7.51
1747847559, 0, 806, 1617, 1615, 34, 8.56%, 0, 0, 3, 6.96
1747847574, 0, 806, 1619, 1617, 34, 8.56%, 0, 0, 3, 6.33
1747847600, 0, 806, 1620, 1618, 34, 8.56%, 0, 0, 3, 6.97
1747847621, 0, 806, 1621, 1619, 34, 8.56%, 0, 0, 3, 6.65
1747847713, 0, 806, 1622, 1620, 34, 8.58%, 0, 0, 3, 6.93
1747847723, 0, 806, 1623, 1621, 34, 8.58%, 0, 0, 3, 6.81
1747847728, 0, 806, 1624, 1622, 34, 8.58%, 0, 0, 3, 6.83
1747848089, 0, 806, 1625, 1623, 34, 8.58%, 0, 0, 3, 6.96
1747848162, 0, 807, 1625, 1623, 36, 8.58%, 0, 0, 3, 7.76
1747848177, 0, 808, 1625, 1623, 36, 8.58%, 0, 0, 3, 7.30
1747848192, 0, 809, 1625, 1623, 36, 8.58%, 0, 0, 3, 7.45
1747848213, 0, 810, 1625, 1623, 36, 8.58%, 0, 0, 3, 6.97
1747848229, 0, 810, 1626, 1624, 36, 8.58%, 0, 0, 3, 6.61
1747848254, 0, 811, 1626, 1624, 36, 8.58%, 0, 0, 3, 7.19
1747848259, 0, 811, 1627, 1625, 36, 8.60%, 0, 0, 3, 6.71
1747848291, 0, 812, 1627, 1625, 37, 8.60%, 0, 0, 3, 8.05
1747848306, 0, 813, 1627, 1625, 37, 8.60%, 0, 0, 3, 8.69
1747848321, 0, 816, 1627, 1625, 37, 8.60%, 0, 0, 3, 7.82
1747848336, 0, 817, 1627, 1625, 37, 8.60%, 0, 0, 3, 6.79
1747848357, 0, 818, 1627, 1625, 37, 8.60%, 0, 0, 3, 8.10
1747848372, 0, 819, 1627, 1625, 37, 8.60%, 0, 0, 3, 7.99
1747848388, 0, 820, 1627, 1625, 37, 8.60%, 0, 0, 3, 7.47
1747848408, 0, 822, 1627, 1625, 37, 8.60%, 0, 0, 3, 6.87
1747848424, 0, 823, 1627, 1625, 37, 8.60%, 0, 0, 3, 7.32
1747848439, 0, 825, 1627, 1625, 37, 8.60%, 0, 0, 3, 7.58
1747848450, 0, 825, 1628, 1626, 37, 8.60%, 0, 0, 3, 6.89
1747848480, 0, 826, 1628, 1626, 37, 8.60%, 0, 0, 3, 8.80
1747848491, 0, 827, 1628, 1626, 37, 8.60%, 0, 0, 3, 8.72
1747848511, 0, 828, 1628, 1626, 37, 8.60%, 0, 0, 3, 7.84
1747848527, 0, 829, 1628, 1626, 37, 8.60%, 0, 0, 3, 8.53
1747848542, 0, 830, 1628, 1626, 37, 8.60%, 0, 0, 3, 7.51
1747848558, 0, 831, 1628, 1626, 37, 8.60%, 0, 0, 3, 7.27
1747848568, 0, 831, 1629, 1627, 37, 8.62%, 0, 0, 3, 7.17
1747848594, 0, 831, 1630, 1628, 37, 8.62%, 0, 0, 3, 6.85
1747848609, 0, 831, 1631, 1629, 37, 8.62%, 0, 0, 3, 6.95
1747848712, 0, 832, 1631, 1629, 37, 8.62%, 0, 0, 3, 7.36
1747848728, 0, 832, 1632, 1630, 37, 8.62%, 0, 0, 3, 6.60
1747848749, 0, 833, 1632, 1630, 37, 8.62%, 0, 0, 3, 8.00
1747848764, 0, 834, 1632, 1630, 37, 8.62%, 0, 0, 3, 7.43
1747848785, 0, 835, 1632, 1630, 37, 8.62%, 0, 0, 3, 7.82
1747848800, 0, 836, 1632, 1630, 37, 8.62%, 0, 0, 3, 7.62
1747848816, 0, 837, 1632, 1630, 37, 8.62%, 0, 0, 3, 8.19
1747848831, 0, 838, 1632, 1630, 37, 8.62%, 0, 0, 3, 8.55
1747848847, 0, 840, 1632, 1630, 37, 8.62%, 0, 0, 3, 7.89
1747848862, 0, 841, 1632, 1630, 37, 8.62%, 0, 0, 3, 6.99
1747848883, 0, 843, 1632, 1630, 37, 8.62%, 0, 0, 3, 6.90
1747848903, 0, 844, 1632, 1630, 37, 8.62%, 0, 0, 3, 8.08
1747848919, 0, 846, 1632, 1630, 37, 8.62%, 0, 0, 3, 7.29
1747848924, 0, 846, 1633, 1631, 37, 8.62%, 0, 0, 3, 7.40
1747848939, 0, 846, 1634, 1632, 37, 8.62%, 0, 0, 3, 6.62
1747848991, 0, 848, 1634, 1632, 37, 8.62%, 0, 0, 3, 8.30
1747849006, 0, 851, 1636, 1634, 37, 8.62%, 0, 0, 3, 7.77
1747849048, 0, 851, 1637, 1635, 37, 8.62%, 0, 0, 3, 6.74
1747849085, 0, 851, 1638, 1636, 37, 8.62%, 0, 0, 3, 6.64
1747849095, 0, 851, 1639, 1637, 37, 8.62%, 0, 0, 3, 6.84
1747849100, 0, 851, 1640, 1638, 37, 8.62%, 0, 0, 3, 6.65
1747849115, 0, 851, 1641, 1639, 37, 8.62%, 0, 0, 3, 6.74
1747849182, 0, 851, 1642, 1640, 37, 8.62%, 0, 0, 3, 6.61
1747849219, 0, 851, 1643, 1641, 37, 8.62%, 0, 0, 3, 6.82
1747849332, 0, 851, 1644, 1642, 37, 8.62%, 0, 0, 3, 6.74
1747849426, 0, 851, 1645, 1643, 37, 8.62%, 0, 0, 3, 7.32
1747849621, 0, 852, 1645, 1643, 37, 8.62%, 0, 0, 3, 6.92
1747849642, 0, 854, 1645, 1643, 37, 8.62%, 0, 0, 3, 8.94
1747849652, 0, 855, 1645, 1643, 37, 8.62%, 0, 0, 3, 8.93
1747849673, 0, 857, 1645, 1643, 37, 8.62%, 0, 0, 3, 7.07
1747849689, 0, 858, 1645, 1643, 37, 8.62%, 0, 0, 3, 7.29
1747849704, 0, 859, 1645, 1643, 37, 8.62%, 0, 0, 3, 9.20
1747849719, 0, 860, 1645, 1643, 37, 8.62%, 0, 0, 3, 8.85
1747849734, 0, 861, 1645, 1643, 37, 8.62%, 0, 0, 3, 8.19
1747849750, 0, 862, 1645, 1643, 37, 8.62%, 0, 0, 3, 7.26
1747849755, 0, 862, 1646, 1644, 37, 8.62%, 0, 0, 3, 6.96
1747849781, 0, 862, 1647, 1645, 37, 8.63%, 0, 0, 3, 6.62
1747849827, 0, 863, 1647, 1645, 38, 8.63%, 0, 0, 3, 7.81
1747849843, 0, 864, 1647, 1645, 38, 8.63%, 0, 0, 3, 7.18
1747849853, 0, 864, 1648, 1646, 38, 8.63%, 0, 0, 3, 6.41
1747849858, 0, 864, 1649, 1647, 38, 8.63%, 0, 0, 3, 6.37
1747849863, 0, 864, 1650, 1648, 38, 8.63%, 0, 0, 3, 6.33
1747849910, 0, 864, 1651, 1649, 38, 8.63%, 0, 0, 3, 6.78
1747849946, 0, 864, 1652, 1650, 38, 8.63%, 0, 0, 3, 6.56
1747849957, 0, 864, 1653, 1651, 38, 8.63%, 0, 0, 3, 6.76
1747849983, 0, 864, 1654, 1652, 38, 8.63%, 0, 0, 3, 6.48
1747850189, 0, 864, 1655, 1653, 38, 8.63%, 0, 0, 3, 6.60
1747850318, 0, 864, 1656, 1654, 38, 8.63%, 0, 0, 3, 6.54
1747850395, 0, 864, 1657, 1655, 38, 8.63%, 0, 0, 3, 6.83
1747850436, 0, 864, 1658, 1656, 38, 8.63%, 0, 0, 3, 6.31
1747850471, 0, 865, 1658, 1656, 38, 8.63%, 0, 0, 3, 6.82
1747850492, 0, 866, 1658, 1656, 38, 8.63%, 0, 0, 3, 7.94
1747850507, 0, 867, 1658, 1656, 38, 8.63%, 0, 0, 3, 7.70
1747850528, 0, 868, 1658, 1656, 38, 8.63%, 0, 0, 3, 9.18
1747850538, 0, 869, 1658, 1656, 38, 8.63%, 0, 0, 3, 9.05
1747850543, 0, 869, 1659, 1657, 38, 8.63%, 0, 0, 3, 7.53
1747850579, 0, 870, 1659, 1657, 38, 8.63%, 0, 0, 3, 7.51
1747850594, 0, 872, 1659, 1657, 38, 8.63%, 0, 0, 3, 6.50
1747850600, 0, 872, 1660, 1658, 38, 8.63%, 0, 0, 3, 6.49
1747850615, 0, 872, 1661, 1659, 38, 8.63%, 0, 0, 3, 6.71
1747850677, 0, 873, 1661, 1659, 38, 8.63%, 0, 0, 3, 8.23
1747850687, 0, 875, 1661, 1659, 38, 8.63%, 0, 0, 3, 8.58
1747850703, 0, 876, 1661, 1659, 38, 8.63%, 0, 0, 3, 9.03
1747850723, 0, 877, 1661, 1659, 38, 8.63%, 0, 0, 3, 8.20
1747850733, 0, 878, 1661, 1659, 38, 8.63%, 0, 0, 3, 8.45
1747850739, 0, 878, 1662, 1660, 38, 8.63%, 0, 0, 3, 7.04
1747850770, 0, 878, 1663, 1661, 38, 8.63%, 0, 0, 3, 6.64
1747850816, 0, 879, 1663, 1661, 38, 8.63%, 0, 0, 3, 6.70
1747850836, 0, 880, 1663, 1661, 38, 8.63%, 0, 0, 3, 7.34
1747850851, 0, 881, 1663, 1661, 38, 8.63%, 0, 0, 3, 6.90
1747850867, 0, 882, 1663, 1661, 38, 8.63%, 0, 0, 3, 9.26
1747850882, 0, 883, 1663, 1661, 38, 8.63%, 0, 0, 3, 8.01
1747850898, 0, 884, 1663, 1661, 38, 8.63%, 0, 0, 3, 8.82
1747850913, 0, 885, 1663, 1661, 38, 8.63%, 0, 0, 3, 7.86
1747850929, 0, 888, 1663, 1661, 38, 8.63%, 0, 0, 3, 6.85
1747850949, 0, 890, 1663, 1661, 38, 8.63%, 0, 0, 3, 7.44
1747850965, 0, 891, 1663, 1661, 38, 8.63%, 0, 0, 3, 8.53
1747850980, 0, 892, 1663, 1661, 38, 8.63%, 0, 0, 3, 7.12
1747850986, 0, 892, 1664, 1662, 38, 8.63%, 0, 0, 3, 6.99
1747851022, 0, 893, 1664, 1662, 38, 8.63%, 0, 0, 3, 6.96
1747851043, 0, 895, 1665, 1663, 38, 8.63%, 0, 0, 3, 7.25
1747851079, 0, 896, 1665, 1663, 38, 8.63%, 0, 0, 3, 7.42
1747851099, 0, 897, 1665, 1663, 38, 8.63%, 0, 0, 3, 7.21
1747851115, 0, 898, 1665, 1663, 38, 8.63%, 0, 0, 3, 6.91
1747851136, 0, 899, 1665, 1663, 38, 8.63%, 0, 0, 3, 8.28
1747851151, 0, 900, 1665, 1663, 38, 8.63%, 0, 0, 3, 8.01
1747851166, 0, 901, 1665, 1663, 38, 8.63%, 0, 0, 3, 6.67
1747851187, 0, 902, 1665, 1663, 38, 8.63%, 0, 0, 3, 7.57
1747851203, 0, 904, 1665, 1663, 38, 8.63%, 0, 0, 3, 8.51
1747851218, 0, 905, 1665, 1663, 38, 8.63%, 0, 0, 3, 8.76
1747851234, 0, 906, 1665, 1663, 38, 8.63%, 0, 0, 3, 7.84
1747851249, 0, 908, 1665, 1663, 38, 8.63%, 0, 0, 3, 8.26
1747851264, 0, 909, 1665, 1663, 38, 8.63%, 0, 0, 3, 8.46
1747851280, 0, 911, 1665, 1663, 38, 8.63%, 0, 0, 3, 8.07
1747851295, 0, 912, 1665, 1663, 38, 8.63%, 0, 0, 3, 7.27
1747851316, 0, 913, 1665, 1663, 38, 8.63%, 0, 0, 3, 8.27
1747851331, 0, 914, 1665, 1663, 38, 8.63%, 0, 0, 3, 7.55
1747851346, 0, 915, 1665, 1663, 38, 8.63%, 0, 0, 3, 7.48
1747851367, 0, 919, 1665, 1663, 38, 8.63%, 0, 0, 3, 7.12
1747851382, 0, 920, 1665, 1663, 38, 8.63%, 0, 0, 3, 7.46
1747851403, 0, 921, 1665, 1663, 38, 8.63%, 0, 0, 3, 6.99
1747851419, 0, 922, 1665, 1663, 38, 8.63%, 0, 0, 3, 7.05
1747851439, 0, 923, 1665, 1663, 38, 8.63%, 0, 0, 3, 7.53
1747851454, 0, 924, 1665, 1663, 38, 8.63%, 0, 0, 3, 7.07
1747851470, 0, 925, 1665, 1663, 38, 8.63%, 0, 0, 3, 8.17
1747851486, 0, 926, 1665, 1663, 38, 8.63%, 0, 0, 3, 7.75
1747851501, 0, 927, 1665, 1663, 38, 8.63%, 0, 0, 3, 8.54
1747851511, 0, 927, 1666, 1664, 38, 8.64%, 0, 0, 3, 7.36
1747851543, 0, 928, 1666, 1664, 38, 8.64%, 0, 0, 3, 6.99
1747851558, 0, 929, 1666, 1664, 38, 8.64%, 0, 0, 3, 7.09
1747851578, 0, 930, 1666, 1664, 38, 8.64%, 0, 0, 3, 7.40
1747851594, 0, 932, 1666, 1664, 38, 8.64%, 0, 0, 3, 7.04
1747851615, 0, 933, 1666, 1664, 38, 8.64%, 0, 0, 3, 7.29
1747851635, 0, 934, 1666, 1664, 38, 8.64%, 0, 0, 3, 8.21
1747851651, 0, 935, 1666, 1664, 38, 8.64%, 0, 0, 3, 8.03
1747851666, 0, 938, 1666, 1664, 38, 8.64%, 0, 0, 3, 8.32
1747851681, 0, 939, 1666, 1664, 38, 8.64%, 0, 0, 3, 7.97
1747851697, 0, 940, 1666, 1664, 38, 8.64%, 0, 0, 3, 7.67
1747851712, 0, 941, 1666, 1664, 38, 8.64%, 0, 0, 3, 7.73
1747851728, 0, 942, 1666, 1664, 38, 8.64%, 0, 0, 3, 8.84
1747851744, 0, 943, 1666, 1664, 38, 8.64%, 0, 0, 3, 7.96
1747851749, 0, 943, 1667, 1665, 38, 8.65%, 0, 0, 3, 6.97
1747851754, 0, 943, 1668, 1666, 38, 8.65%, 0, 0, 3, 6.82
1747851800, 0, 943, 1669, 1667, 38, 8.65%, 0, 0, 3, 6.56
1747851904, 0, 944, 1669, 1667, 39, 8.65%, 0, 0, 3, 7.55
1747851919, 0, 945, 1669, 1667, 39, 8.65%, 0, 0, 3, 7.52
1747851940, 0, 946, 1669, 1667, 39, 8.65%, 0, 0, 3, 7.31
1747851955, 0, 947, 1669, 1667, 39, 8.65%, 0, 0, 3, 7.75
1747851971, 0, 948, 1669, 1667, 39, 8.65%, 0, 0, 3, 7.58
1747851991, 0, 949, 1669, 1667, 39, 8.65%, 0, 0, 3, 6.80
1747852007, 0, 950, 1669, 1667, 39, 8.65%, 0, 0, 3, 6.50
1747852027, 0, 952, 1669, 1667, 39, 8.65%, 0, 0, 3, 7.18
1747852043, 0, 955, 1669, 1667, 39, 8.65%, 0, 0, 3, 7.55
1747852064, 0, 956, 1669, 1667, 39, 8.65%, 0, 0, 3, 6.61
1747852084, 0, 957, 1669, 1667, 39, 8.65%, 0, 0, 3, 6.91
1747852089, 0, 957, 1670, 1668, 39, 8.65%, 0, 0, 3, 6.46
1747852104, 0, 957, 1671, 1669, 39, 8.65%, 0, 0, 3, 6.54
1747852161, 0, 958, 1671, 1669, 39, 8.65%, 0, 0, 3, 6.78
1747852182, 0, 960, 1671, 1669, 39, 8.65%, 0, 0, 3, 7.89
1747852197, 0, 962, 1671, 1669, 39, 8.65%, 0, 0, 3, 7.55
1747852213, 0, 963, 1671, 1669, 39, 8.65%, 0, 0, 3, 6.98
1747852233, 0, 963, 1672, 1670, 39, 8.65%, 0, 0, 3, 6.56
1747852249, 0, 963, 1673, 1671, 39, 8.65%, 0, 0, 3, 6.20
1747852275, 0, 963, 1674, 1672, 39, 8.65%, 0, 0, 3, 6.34
1747852362, 0, 963, 1675, 1673, 39, 8.65%, 0, 0, 3, 6.27
1747852487, 0, 963, 1676, 1674, 39, 8.65%, 0, 0, 3, 6.48
1747852544, 0, 963, 1677, 1675, 39, 8.65%, 0, 0, 3, 6.16
1747852854, 0, 964, 1677, 1675, 39, 8.65%, 0, 0, 3, 10.80
1747852864, 0, 965, 1677, 1675, 39, 8.65%, 0, 0, 3, 11.77
1747852874, 0, 966, 1677, 1675, 39, 8.65%, 0, 0, 3, 13.27
1747852884, 0, 967, 1677, 1675, 39, 8.65%, 0, 0, 3, 12.76
1747852895, 0, 968, 1677, 1675, 39, 8.65%, 0, 0, 3, 12.96
1747852905, 0, 969, 1677, 1675, 39, 8.65%, 0, 0, 3, 12.89
1747852915, 0, 970, 1677, 1675, 39, 8.65%, 0, 0, 3, 13.98
1747852920, 0, 972, 1677, 1675, 39, 8.65%, 0, 0, 3, 14.38
1747852930, 0, 972, 1678, 1676, 39, 8.65%, 0, 0, 3, 11.04
1747852936, 0, 972, 1679, 1677, 39, 8.67%, 0, 0, 3, 10.47
1747852971, 0, 972, 1680, 1678, 39, 8.67%, 0, 0, 3, 6.93
1747853048, 0, 973, 1680, 1678, 38, 8.67%, 0, 0, 3, 13.06
1747853059, 0, 974, 1680, 1678, 38, 8.67%, 0, 0, 3, 12.11
1747853069, 0, 974, 1681, 1679, 38, 8.67%, 0, 0, 3, 11.14
1747853079, 0, 975, 1681, 1679, 38, 8.67%, 0, 0, 3, 11.34
1747853090, 0, 977, 1681, 1679, 38, 8.67%, 0, 0, 3, 11.13
1747853095, 0, 977, 1682, 1680, 38, 8.67%, 0, 0, 3, 10.10
1747853105, 0, 977, 1683, 1681, 38, 8.67%, 0, 0, 3, 10.17
1747853110, 0, 977, 1685, 1683, 38, 8.67%, 0, 0, 3, 9.94
1747853208, 0, 977, 1686, 1684, 38, 8.67%, 0, 0, 3, 11.18
1747853233, 0, 977, 1687, 1685, 38, 8.67%, 0, 0, 3, 11.01
1747853254, 0, 977, 1688, 1686, 38, 8.67%, 0, 0, 3, 10.77
1747853290, 0, 977, 1689, 1687, 38, 8.67%, 0, 0, 3, 10.44
1747853475, 0, 977, 1690, 1688, 38, 8.67%, 0, 0, 3, 6.37
1747853501, 0, 978, 1690, 1688, 35, 8.67%, 0, 0, 3, 7.12
1747853516, 0, 979, 1690, 1688, 35, 8.67%, 0, 0, 3, 7.17
1747853537, 0, 980, 1690, 1688, 35, 8.67%, 0, 0, 3, 6.61
1747853557, 0, 981, 1690, 1688, 35, 8.67%, 0, 0, 3, 6.38
1747853578, 0, 982, 1690, 1688, 35, 8.67%, 0, 0, 3, 8.22
1747853588, 0, 985, 1690, 1688, 35, 8.67%, 0, 0, 3, 8.92
1747853604, 0, 986, 1690, 1688, 35, 8.67%, 0, 0, 3, 7.84
1747853624, 0, 987, 1690, 1688, 35, 8.67%, 0, 0, 3, 7.28
1747853639, 0, 989, 1690, 1688, 35, 8.67%, 0, 0, 3, 7.94
1747853660, 0, 991, 1690, 1688, 35, 8.67%, 0, 0, 3, 6.77
1747853681, 0, 992, 1690, 1688, 35, 8.67%, 0, 0, 3, 6.82
1747853696, 0, 993, 1690, 1688, 35, 8.67%, 0, 0, 3, 6.75
1747853717, 0, 994, 1690, 1688, 35, 8.67%, 0, 0, 3, 7.18
1747853732, 0, 995, 1690, 1688, 35, 8.67%, 0, 0, 3, 7.17
1747853753, 0, 996, 1690, 1688, 35, 8.67%, 0, 0, 3, 8.07
1747853768, 0, 997, 1690, 1688, 35, 8.67%, 0, 0, 3, 7.62
1747853779, 0, 997, 1691, 1689, 35, 8.67%, 0, 0, 3, 6.43
1747853804, 0, 998, 1691, 1689, 35, 8.67%, 0, 0, 3, 7.02
1747853815, 0, 998, 1692, 1690, 35, 8.67%, 0, 0, 3, 7.80
1747853841, 0, 999, 1692, 1690, 35, 8.67%, 0, 0, 3, 7.16
1747853856, 0, 1001, 1692, 1690, 35, 8.67%, 0, 0, 3, 6.84
1747853877, 0, 1002, 1692, 1690, 35, 8.67%, 0, 0, 3, 6.91
1747853892, 0, 1003, 1692, 1690, 35, 8.67%, 0, 0, 3, 8.04
1747853913, 0, 1004, 1692, 1690, 35, 8.67%, 0, 0, 3, 6.96
1747853933, 0, 1006, 1692, 1690, 35, 8.67%, 0, 0, 3, 6.66
1747853944, 0, 1006, 1693, 1691, 35, 8.67%, 0, 0, 3, 6.41
1747853975, 0, 1007, 1693, 1691, 35, 8.67%, 0, 0, 3, 6.67
1747853995, 0, 1008, 1693, 1691, 35, 8.67%, 0, 0, 3, 8.60
1747854006, 0, 1009, 1693, 1691, 35, 8.67%, 0, 0, 3, 9.14
1747854026, 0, 1011, 1693, 1691, 35, 8.67%, 0, 0, 3, 8.21
1747854042, 0, 1012, 1693, 1691, 35, 8.67%, 0, 0, 3, 7.71
1747854057, 0, 1013, 1693, 1691, 35, 8.67%, 0, 0, 3, 7.15
1747854078, 0, 1014, 1693, 1691, 35, 8.67%, 0, 0, 3, 6.81
1747854099, 0, 1017, 1693, 1691, 35, 8.67%, 0, 0, 3, 6.75
1747854119, 0, 1019, 1693, 1691, 35, 8.67%, 0, 0, 3, 8.82
1747854129, 0, 1020, 1693, 1691, 35, 8.67%, 0, 0, 3, 9.00
1747854150, 0, 1022, 1693, 1691, 35, 8.67%, 0, 0, 3, 6.83
1747854165, 0, 1024, 1693, 1691, 35, 8.67%, 0, 0, 3, 9.01
1747854170, 0, 1024, 1694, 1692, 35, 8.67%, 0, 0, 3, 9.60
1747854191, 0, 1027, 1694, 1692, 35, 8.67%, 0, 0, 3, 9.72
1747854207, 0, 1028, 1694, 1692, 35, 8.67%, 0, 0, 3, 8.95
1747854222, 0, 1029, 1694, 1692, 35, 8.67%, 0, 0, 3, 7.48
1747854243, 0, 1030, 1694, 1692, 35, 8.67%, 0, 0, 3, 6.76
1747854263, 0, 1032, 1694, 1692, 35, 8.67%, 0, 0, 3, 6.51
1747854279, 0, 1034, 1694, 1692, 35, 8.67%, 0, 0, 3, 6.54
1747854300, 0, 1035, 1694, 1692, 35, 8.67%, 0, 0, 3, 8.24
1747858474, 0, 1036, 1694, 1691, 34, 8.67%, 0, 0, 3, 22.55
1747858489, 0, 1037, 1694, 1691, 34, 8.67%, 0, 0, 3, 15.40
1747858494, 0, 1038, 1694, 1691, 34, 8.67%, 0, 0, 3, 14.39
1747858509, 0, 1039, 1694, 1691, 34, 8.67%, 0, 0, 3, 13.47
1747858514, 0, 1040, 1694, 1691, 34, 8.67%, 0, 0, 3, 15.04
1747858525, 0, 1041, 1694, 1691, 34, 8.67%, 0, 0, 3, 13.02
1747858535, 0, 1042, 1694, 1691, 34, 8.67%, 0, 0, 3, 11.15
1747858550, 0, 1043, 1694, 1691, 34, 8.67%, 0, 0, 3, 13.68
1747858555, 0, 1044, 1694, 1691, 34, 8.67%, 0, 0, 3, 14.08
1747858565, 0, 1046, 1694, 1691, 34, 8.67%, 0, 0, 3, 13.07
1747858576, 0, 1047, 1694, 1691, 34, 8.67%, 0, 0, 3, 11.35
1747858586, 0, 1047, 1695, 1692, 34, 8.67%, 0, 0, 3, 8.13
1747858612, 0, 1051, 1695, 1692, 34, 8.67%, 0, 0, 3, 6.78
1747858627, 0, 1051, 1696, 1693, 34, 8.67%, 0, 0, 3, 5.90
1747858633, 0, 1051, 1697, 1694, 34, 8.67%, 0, 0, 3, 5.68
1747858638, 0, 1051, 1698, 1695, 34, 8.67%, 0, 0, 3, 5.73
1747858669, 0, 1051, 1699, 1696, 34, 8.67%, 0, 0, 3, 6.33
1747858705, 0, 1051, 1700, 1697, 34, 8.67%, 0, 0, 3, 10.20
1747858803, 0, 1051, 1701, 1698, 34, 8.67%, 0, 0, 3, 10.71
1747858967, 0, 1051, 1702, 1699, 34, 8.67%, 0, 0, 3, 6.52
1747859008, 0, 1051, 1703, 1700, 34, 8.67%, 0, 0, 3, 6.07
1747859111, 0, 1052, 1703, 1700, 35, 8.67%, 0, 0, 3, 6.44
1747859132, 0, 1053, 1703, 1700, 35, 8.67%, 0, 0, 3, 7.52
1747859147, 0, 1055, 1703, 1700, 35, 8.67%, 0, 0, 3, 8.56
1747859162, 0, 1056, 1703, 1700, 35, 8.67%, 0, 0, 3, 8.11
1747859178, 0, 1057, 1703, 1700, 35, 8.67%, 0, 0, 3, 8.35
1747859193, 0, 1058, 1703, 1700, 35, 8.67%, 0, 0, 3, 7.53
1747859209, 0, 1058, 1704, 1701, 35, 8.67%, 0, 0, 3, 6.23
1747859214, 0, 1058, 1705, 1702, 35, 8.67%, 0, 0, 3, 6.29
1747859240, 0, 1058, 1706, 1703, 35, 8.67%, 0, 0, 3, 6.85
1747859359, 0, 1059, 1706, 1703, 35, 8.67%, 0, 0, 3, 6.08
1747859379, 0, 1061, 1706, 1703, 35, 8.67%, 0, 0, 3, 7.33
1747859394, 0, 1062, 1706, 1703, 35, 8.67%, 0, 0, 3, 8.16
1747859410, 0, 1063, 1706, 1703, 35, 8.67%, 0, 0, 3, 8.32
1747859425, 0, 1066, 1706, 1703, 35, 8.67%, 0, 0, 3, 7.53
1747859446, 0, 1068, 1706, 1703, 35, 8.67%, 0, 0, 3, 6.64
1747859461, 0, 1069, 1706, 1703, 35, 8.67%, 0, 0, 3, 6.83
1747859476, 0, 1070, 1706, 1703, 35, 8.67%, 0, 0, 3, 8.41
1747859497, 0, 1072, 1706, 1703, 35, 8.67%, 0, 0, 3, 6.89
1747859518, 0, 1073, 1707, 1704, 35, 8.67%, 0, 0, 3, 6.80
1747859559, 0, 1074, 1707, 1704, 35, 8.67%, 0, 0, 3, 7.28
1747859574, 0, 1075, 1707, 1704, 35, 8.67%, 0, 0, 3, 7.71
1747859590, 0, 1076, 1707, 1704, 35, 8.67%, 0, 0, 3, 7.93
1747859611, 0, 1077, 1707, 1704, 35, 8.67%, 0, 0, 3, 6.68
1747859631, 0, 1078, 1707, 1704, 35, 8.67%, 0, 0, 3, 7.61
1747859646, 0, 1079, 1707, 1704, 35, 8.67%, 0, 0, 3, 8.21
1747859662, 0, 1081, 1707, 1704, 35, 8.67%, 0, 0, 3, 7.41
1747859682, 0, 1082, 1707, 1704, 35, 8.67%, 0, 0, 3, 6.54
1747859702, 0, 1083, 1707, 1704, 35, 8.67%, 0, 0, 3, 7.50
1747859718, 0, 1085, 1707, 1704, 35, 8.67%, 0, 0, 3, 8.58
1747859733, 0, 1086, 1707, 1704, 35, 8.67%, 0, 0, 3, 8.32
1747859748, 0, 1088, 1707, 1704, 35, 8.67%, 0, 0, 3, 7.34
1747859764, 0, 1090, 1707, 1704, 35, 8.67%, 0, 0, 3, 6.89
1747859784, 0, 1091, 1707, 1704, 35, 8.67%, 0, 0, 3, 6.19
1747859805, 0, 1093, 1707, 1704, 35, 8.67%, 0, 0, 3, 6.53
1747859825, 0, 1094, 1707, 1704, 35, 8.67%, 0, 0, 3, 6.35
1747859841, 0, 1094, 1708, 1705, 35, 8.67%, 0, 0, 3, 5.68
1747859851, 0, 1094, 1709, 1706, 35, 8.67%, 0, 0, 3, 6.11
1747859913, 0, 1095, 1709, 1706, 35, 8.67%, 0, 0, 3, 8.82
1747859923, 0, 1096, 1709, 1706, 35, 8.67%, 0, 0, 3, 9.14
1747859938, 0, 1097, 1709, 1706, 35, 8.67%, 0, 0, 3, 7.61
1747859959, 0, 1098, 1709, 1706, 35, 8.67%, 0, 0, 3, 8.08
1747859974, 0, 1099, 1709, 1706, 35, 8.67%, 0, 0, 3, 7.40
1747859995, 0, 1102, 1709, 1706, 35, 8.67%, 0, 0, 3, 6.42
1747860010, 0, 1103, 1709, 1706, 35, 8.67%, 0, 0, 3, 6.80
1747860026, 0, 1104, 1709, 1706, 35, 8.67%, 0, 0, 3, 8.61
1747860036, 0, 1104, 1710, 1707, 35, 8.67%, 0, 0, 3, 7.16
1747860067, 0, 1105, 1710, 1707, 35, 8.67%, 0, 0, 3, 8.44
1747860083, 0, 1107, 1710, 1707, 35, 8.67%, 0, 0, 3, 8.81
1747860098, 0, 1108, 1710, 1707, 35, 8.67%, 0, 0, 3, 7.18
1747860113, 0, 1109, 1710, 1707, 35, 8.67%, 0, 0, 3, 6.59
1747860134, 0, 1110, 1710, 1707, 35, 8.67%, 0, 0, 3, 7.54
1747860149, 0, 1112, 1710, 1707, 35, 8.67%, 0, 0, 3, 9.92
1747860159, 0, 1114, 1710, 1707, 35, 8.67%, 0, 0, 3, 8.82
1747860165, 0, 1114, 1711, 1708, 35, 8.67%, 0, 0, 3, 6.66
1747860185, 0, 1114, 1712, 1709, 35, 8.67%, 0, 0, 3, 6.33
1747860242, 0, 1116, 1712, 1709, 35, 8.67%, 0, 0, 3, 6.39
1747860257, 0, 1117, 1712, 1709, 35, 8.67%, 0, 0, 3, 7.94
1747860278, 0, 1119, 1712, 1709, 35, 8.67%, 0, 0, 3, 7.05
1747860293, 0, 1120, 1712, 1709, 35, 8.67%, 0, 0, 3, 8.11
1747860314, 0, 1121, 1712, 1709, 35, 8.67%, 0, 0, 3, 6.48
1747860334, 0, 1122, 1712, 1709, 35, 8.67%, 0, 0, 3, 8.33
1747860350, 0, 1123, 1712, 1709, 35, 8.67%, 0, 0, 3, 7.78
1747860365, 0, 1124, 1712, 1709, 35, 8.67%, 0, 0, 3, 6.67
1747860376, 0, 1124, 1713, 1710, 35, 8.67%, 0, 0, 3, 6.46
1747860406, 0, 1125, 1713, 1710, 35, 8.67%, 0, 0, 3, 6.94
1747860422, 0, 1126, 1713, 1710, 35, 8.67%, 0, 0, 3, 8.43
1747860437, 0, 1127, 1713, 1710, 35, 8.67%, 0, 0, 3, 8.39
1747860453, 0, 1128, 1713, 1710, 35, 8.67%, 0, 0, 3, 7.32
1747860473, 0, 1129, 1713, 1710, 35, 8.67%, 0, 0, 3, 6.89
1747860478, 0, 1129, 1714, 1711, 35, 8.67%, 0, 0, 3, 6.21
1747860514, 0, 1130, 1714, 1711, 35, 8.67%, 0, 0, 3, 6.23
1747860534, 0, 1131, 1714, 1711, 35, 8.67%, 0, 0, 3, 8.21
1747860550, 0, 1132, 1714, 1711, 35, 8.67%, 0, 0, 3, 8.85
1747860565, 0, 1133, 1714, 1711, 35, 8.67%, 0, 0, 3, 8.73
1747860575, 0, 1134, 1714, 1711, 35, 8.67%, 0, 0, 3, 8.60
1747860591, 0, 1136, 1714, 1711, 35, 8.67%, 0, 0, 3, 8.55
1747860612, 0, 1137, 1714, 1711, 35, 8.67%, 0, 0, 3, 6.26
1747860627, 0, 1138, 1714, 1711, 35, 8.67%, 0, 0, 3, 8.22
1747860647, 0, 1139, 1714, 1711, 35, 8.67%, 0, 0, 3, 6.74
1747860663, 0, 1139, 1715, 1712, 35, 8.67%, 0, 0, 3, 9.26
1747860679, 0, 1141, 1715, 1712, 35, 8.67%, 0, 0, 3, 11.86
1747860689, 0, 1142, 1715, 1712, 35, 8.67%, 0, 0, 3, 13.31
1747860699, 0, 1143, 1715, 1712, 35, 8.67%, 0, 0, 3, 13.48
1747860709, 0, 1145, 1715, 1712, 35, 8.67%, 0, 0, 3, 11.79
