# unix_time, cycles_done, cur_path, paths_total, pending_total, pending_favs, map_size, unique_crashes, unique_hangs, max_depth, execs_per_sec
1747817456, 0, 0, 1, 1, 1, 3.78%, 0, 0, 1, 30.53
1747817461, 0, 0, 16, 16, 1, 5.43%, 0, 0, 2, 45.13
1747817466, 0, 0, 32, 32, 1, 5.47%, 0, 0, 2, 43.80
1747817471, 0, 0, 46, 46, 1, 5.47%, 0, 0, 2, 45.02
1747817476, 0, 0, 59, 59, 1, 5.58%, 0, 0, 2, 42.86
1747817481, 0, 0, 70, 70, 1, 5.59%, 0, 0, 2, 43.09
1747817486, 0, 0, 87, 87, 1, 5.59%, 0, 0, 2, 56.04
1747817491, 0, 0, 99, 99, 1, 5.60%, 0, 0, 2, 48.61
1747817497, 0, 0, 107, 107, 1, 5.62%, 0, 0, 2, 49.02
1747817502, 0, 0, 114, 114, 1, 5.62%, 0, 0, 2, 47.90
1747817507, 0, 0, 121, 121, 1, 5.62%, 0, 0, 2, 47.63
1747817512, 0, 0, 126, 126, 1, 5.62%, 0, 0, 2, 50.71
1747817517, 0, 0, 133, 133, 1, 5.62%, 0, 0, 2, 48.47
1747817522, 0, 0, 138, 138, 1, 5.62%, 0, 0, 2, 49.53
1747817527, 0, 0, 143, 143, 1, 5.62%, 0, 0, 2, 48.15
1747817532, 0, 0, 152, 152, 1, 5.63%, 0, 0, 2, 46.00
1747817537, 0, 0, 162, 162, 1, 5.64%, 0, 0, 2, 44.41
1747817542, 0, 0, 164, 164, 1, 5.64%, 0, 0, 2, 48.09
1747817547, 0, 0, 165, 165, 1, 5.64%, 0, 0, 2, 50.09
1747817552, 0, 0, 172, 172, 1, 5.64%, 0, 0, 2, 47.68
1747817557, 0, 0, 173, 173, 1, 5.64%, 0, 0, 2, 49.48
1747817562, 0, 0, 175, 175, 1, 5.64%, 0, 0, 2, 49.27
1747817568, 0, 0, 177, 177, 1, 5.64%, 0, 0, 2, 50.02
1747817573, 0, 0, 181, 181, 1, 5.64%, 0, 0, 2, 48.96
1747817578, 0, 0, 184, 184, 1, 5.64%, 0, 0, 2, 48.32
1747817583, 0, 0, 189, 189, 1, 5.64%, 0, 0, 2, 47.30
1747817588, 0, 0, 192, 192, 1, 5.64%, 0, 0, 2, 48.06
1747817593, 0, 0, 196, 196, 1, 5.64%, 0, 0, 2, 48.15
1747817598, 0, 0, 199, 199, 1, 5.64%, 0, 0, 2, 48.14
1747817603, 0, 0, 201, 201, 1, 5.64%, 0, 0, 2, 49.29
1747817608, 0, 0, 203, 203, 1, 5.64%, 0, 0, 2, 49.64
1747817613, 0, 0, 206, 206, 1, 5.64%, 0, 0, 2, 49.06
1747817618, 0, 0, 209, 209, 1, 5.64%, 0, 0, 2, 48.63
1747817623, 0, 0, 210, 210, 1, 5.64%, 0, 0, 2, 49.00
1747817628, 0, 0, 214, 214, 1, 5.64%, 0, 0, 2, 47.95
1747817633, 0, 1, 226, 225, 14, 5.64%, 0, 0, 2, 36.24
1747817638, 0, 1, 238, 237, 14, 5.66%, 0, 0, 2, 32.34
1747817644, 0, 1, 248, 247, 14, 5.66%, 0, 0, 2, 32.58
1747817649, 0, 1, 259, 258, 14, 5.67%, 0, 0, 2, 32.94
1747817654, 0, 1, 269, 268, 14, 5.67%, 0, 0, 2, 33.08
1747817659, 0, 1, 276, 275, 14, 5.67%, 0, 0, 2, 33.15
1747817664, 0, 1, 284, 283, 14, 5.67%, 0, 0, 2, 32.63
1747817669, 0, 1, 289, 288, 14, 5.69%, 0, 0, 2, 33.13
1747817674, 0, 1, 296, 295, 14, 5.69%, 0, 0, 2, 32.52
1747817679, 0, 1, 299, 298, 14, 5.69%, 0, 0, 2, 33.93
1747817685, 0, 1, 303, 302, 14, 5.69%, 0, 0, 2, 34.32
1747817690, 0, 1, 305, 304, 14, 5.69%, 0, 0, 2, 34.81
1747817695, 0, 1, 312, 311, 14, 5.69%, 0, 0, 2, 33.76
1747817700, 0, 1, 314, 313, 14, 5.69%, 0, 0, 2, 34.23
1747817705, 0, 2, 322, 321, 12, 5.70%, 0, 0, 2, 28.24
1747817710, 0, 2, 333, 332, 12, 5.88%, 0, 0, 2, 24.36
1747817715, 0, 2, 345, 344, 12, 5.88%, 0, 0, 2, 23.51
1747817720, 0, 2, 355, 354, 12, 5.88%, 0, 0, 2, 22.91
1747817725, 0, 2, 365, 364, 12, 5.88%, 0, 0, 2, 23.19
1747817731, 0, 2, 375, 374, 12, 6.02%, 0, 0, 2, 22.62
1747817736, 0, 2, 386, 385, 12, 6.32%, 0, 0, 2, 22.84
1747817741, 0, 2, 397, 396, 12, 6.32%, 0, 0, 2, 23.23
1747817746, 0, 2, 406, 405, 12, 6.32%, 0, 0, 2, 22.90
1747817751, 0, 2, 414, 413, 12, 6.32%, 0, 0, 2, 23.43
1747817756, 0, 2, 422, 421, 12, 6.32%, 0, 0, 2, 23.18
1747817761, 0, 2, 430, 429, 12, 6.32%, 0, 0, 2, 21.94
1747817767, 0, 2, 437, 436, 12, 6.32%, 0, 0, 2, 22.47
1747817772, 0, 2, 444, 443, 12, 6.32%, 0, 0, 2, 22.80
1747817777, 0, 2, 448, 447, 12, 6.32%, 0, 0, 2, 23.52
1747817782, 0, 2, 453, 452, 12, 6.32%, 0, 0, 2, 22.95
1747817787, 0, 2, 458, 457, 12, 6.32%, 0, 0, 2, 23.01
1747817792, 0, 2, 461, 460, 12, 6.33%, 0, 0, 2, 23.31
1747817797, 0, 2, 466, 465, 12, 6.33%, 0, 0, 2, 23.12
1747817802, 0, 2, 469, 468, 12, 6.33%, 0, 0, 2, 23.49
1747817808, 0, 2, 472, 471, 12, 6.33%, 0, 0, 2, 23.31
1747817813, 0, 2, 475, 474, 12, 6.33%, 0, 0, 2, 23.05
1747817818, 0, 2, 477, 476, 12, 6.33%, 0, 0, 2, 23.38
1747817823, 0, 2, 479, 478, 12, 6.33%, 0, 0, 2, 23.04
1747817828, 0, 2, 481, 480, 12, 6.33%, 0, 0, 2, 22.79
1747817833, 0, 3, 487, 486, 14, 6.34%, 0, 0, 2, 21.88
1747817838, 0, 3, 495, 494, 14, 6.34%, 0, 0, 2, 20.31
1747817844, 0, 3, 503, 502, 14, 6.34%, 0, 0, 2, 19.79
1747817849, 0, 3, 508, 507, 14, 6.34%, 0, 0, 2, 20.16
1747817854, 0, 3, 515, 514, 14, 6.34%, 0, 0, 2, 19.92
1747817859, 0, 3, 521, 520, 14, 6.34%, 0, 0, 2, 20.13
1747817864, 0, 3, 528, 527, 14, 6.34%, 0, 0, 2, 19.41
1747817869, 0, 3, 532, 531, 14, 6.34%, 0, 0, 2, 19.97
1747817874, 0, 3, 539, 538, 14, 6.34%, 0, 0, 2, 19.57
1747817879, 0, 3, 543, 542, 14, 6.34%, 0, 0, 2, 20.04
1747817884, 0, 3, 549, 548, 14, 6.34%, 0, 0, 2, 19.17
1747817889, 0, 3, 554, 553, 14, 6.35%, 0, 0, 2, 19.57
1747817895, 0, 3, 561, 560, 14, 6.35%, 0, 0, 2, 19.62
1747817900, 0, 3, 565, 564, 14, 6.35%, 0, 0, 2, 19.88
1747817905, 0, 3, 566, 565, 14, 6.35%, 0, 0, 2, 20.00
1747817910, 0, 3, 568, 567, 14, 6.35%, 0, 0, 2, 19.91
1747817915, 0, 3, 572, 571, 14, 6.35%, 0, 0, 2, 19.88
1747817920, 0, 3, 575, 574, 14, 6.35%, 0, 0, 2, 19.81
1747817925, 0, 3, 576, 575, 14, 6.35%, 0, 0, 2, 20.29
1747817930, 0, 3, 578, 577, 14, 6.35%, 0, 0, 2, 20.06
1747817935, 0, 3, 580, 579, 14, 6.35%, 0, 0, 2, 19.85
1747817940, 0, 3, 584, 583, 14, 6.35%, 0, 0, 2, 19.95
1747817945, 0, 3, 588, 587, 14, 6.35%, 0, 0, 2, 20.06
1747817951, 0, 3, 591, 590, 14, 6.35%, 0, 0, 2, 19.65
1747817956, 0, 3, 594, 593, 14, 6.36%, 0, 0, 2, 19.72
1747817961, 0, 4, 596, 595, 18, 6.36%, 0, 0, 2, 19.29
1747817966, 0, 4, 601, 600, 18, 6.37%, 0, 0, 2, 17.87
1747817971, 0, 4, 606, 605, 18, 6.37%, 0, 0, 2, 17.63
1747817976, 0, 4, 611, 610, 18, 6.37%, 0, 0, 2, 17.38
1747817981, 0, 4, 615, 614, 18, 6.37%, 0, 0, 2, 17.56
1747817986, 0, 4, 619, 618, 18, 6.39%, 0, 0, 2, 17.75
1747817991, 0, 4, 622, 621, 18, 6.39%, 0, 0, 2, 17.80
1747817996, 0, 4, 626, 625, 18, 6.39%, 0, 0, 2, 18.04
1747818001, 0, 4, 629, 628, 18, 6.39%, 0, 0, 2, 18.27
1747818007, 0, 4, 632, 631, 18, 6.39%, 0, 0, 2, 18.16
1747818012, 0, 4, 636, 635, 18, 6.39%, 0, 0, 2, 17.59
1747818017, 0, 4, 639, 638, 18, 6.39%, 0, 0, 2, 17.70
1747818022, 0, 4, 641, 640, 18, 6.39%, 0, 0, 2, 18.50
1747818027, 0, 4, 645, 644, 18, 6.39%, 0, 0, 2, 18.24
1747818032, 0, 4, 648, 647, 18, 6.39%, 0, 0, 2, 18.19
1747818037, 0, 4, 649, 648, 18, 6.39%, 0, 0, 2, 18.14
1747818042, 0, 4, 651, 650, 18, 6.41%, 0, 0, 2, 17.69
1747818053, 0, 4, 656, 655, 18, 6.41%, 0, 0, 2, 17.49
1747818058, 0, 4, 659, 658, 18, 6.41%, 0, 0, 2, 17.81
1747818063, 0, 4, 662, 661, 18, 6.41%, 0, 0, 2, 17.63
1747818068, 0, 4, 664, 663, 18, 6.41%, 0, 0, 2, 17.94
1747818073, 0, 4, 667, 666, 18, 6.41%, 0, 0, 2, 18.11
1747818078, 0, 4, 670, 669, 18, 6.41%, 0, 0, 2, 17.86
1747818084, 0, 4, 672, 671, 18, 6.41%, 0, 0, 2, 18.31
1747818089, 0, 5, 677, 676, 17, 6.41%, 0, 0, 2, 16.07
1747818094, 0, 5, 685, 684, 17, 6.41%, 0, 0, 2, 14.97
1747818099, 0, 5, 692, 691, 17, 6.41%, 0, 0, 2, 14.39
1747818104, 0, 5, 698, 697, 17, 6.41%, 0, 0, 2, 14.00
1747818109, 0, 5, 705, 704, 17, 6.41%, 0, 0, 2, 14.34
1747818114, 0, 5, 711, 710, 17, 6.41%, 0, 0, 2, 14.78
1747818119, 0, 5, 716, 715, 17, 6.41%, 0, 0, 2, 14.72
1747818124, 0, 5, 720, 719, 17, 6.41%, 0, 0, 2, 14.29
1747818129, 0, 5, 726, 725, 17, 6.41%, 0, 0, 2, 14.60
1747818134, 0, 5, 729, 728, 17, 6.41%, 0, 0, 2, 15.00
1747818139, 0, 5, 731, 730, 17, 6.41%, 0, 0, 2, 15.17
1747818145, 0, 5, 735, 734, 17, 6.41%, 0, 0, 2, 14.48
1747818150, 0, 5, 737, 736, 17, 6.47%, 0, 0, 2, 14.96
1747818155, 0, 5, 739, 738, 17, 6.47%, 0, 0, 2, 14.74
1747818160, 0, 5, 741, 740, 17, 6.47%, 0, 0, 2, 15.57
1747818165, 0, 5, 743, 742, 17, 6.47%, 0, 0, 2, 15.39
1747818175, 0, 5, 746, 745, 17, 6.47%, 0, 0, 2, 15.10
1747818180, 0, 5, 748, 747, 17, 6.47%, 0, 0, 2, 15.31
1747818186, 0, 5, 752, 751, 17, 6.47%, 0, 0, 2, 14.54
1747818191, 0, 5, 753, 752, 17, 6.47%, 0, 0, 2, 15.06
1747818196, 0, 5, 756, 755, 17, 6.47%, 0, 0, 2, 15.26
1747818201, 0, 5, 758, 757, 17, 6.47%, 0, 0, 2, 15.17
1747818206, 0, 5, 760, 759, 17, 6.48%, 0, 0, 2, 15.23
1747818211, 0, 5, 763, 762, 17, 6.48%, 0, 0, 2, 14.75
1747818216, 0, 5, 764, 763, 17, 6.48%, 0, 0, 2, 14.68
1747818221, 0, 5, 765, 764, 17, 6.48%, 0, 0, 2, 14.58
1747818226, 0, 5, 768, 767, 17, 6.48%, 0, 0, 2, 13.80
1747818231, 0, 5, 770, 769, 17, 6.48%, 0, 0, 2, 14.54
1747818247, 0, 5, 772, 771, 17, 6.48%, 0, 0, 2, 14.68
1747818252, 0, 6, 773, 772, 15, 6.48%, 0, 0, 2, 15.40
1747818257, 0, 7, 776, 775, 15, 6.48%, 0, 0, 2, 14.44
1747818262, 0, 7, 779, 778, 15, 6.48%, 0, 0, 2, 14.39
1747818267, 0, 7, 782, 781, 15, 6.48%, 0, 0, 2, 13.93
1747818272, 0, 7, 784, 783, 15, 6.48%, 0, 0, 2, 14.47
1747818277, 0, 7, 788, 787, 15, 6.48%, 0, 0, 2, 13.75
1747818282, 0, 7, 791, 790, 15, 6.48%, 0, 0, 2, 13.92
1747818287, 0, 7, 792, 791, 15, 6.48%, 0, 0, 2, 14.78
1747818292, 0, 7, 794, 793, 15, 6.48%, 0, 0, 2, 13.99
1747818298, 0, 7, 796, 795, 15, 6.48%, 0, 0, 2, 14.24
1747818303, 0, 7, 797, 796, 15, 6.48%, 0, 0, 2, 14.56
1747818308, 0, 7, 798, 797, 15, 6.48%, 0, 0, 2, 14.45
1747818318, 0, 7, 799, 798, 15, 6.48%, 0, 0, 2, 14.05
1747818329, 0, 7, 801, 800, 15, 6.48%, 0, 0, 2, 14.41
1747818334, 0, 7, 802, 801, 15, 6.48%, 0, 0, 2, 14.02
1747818344, 0, 7, 803, 802, 15, 6.48%, 0, 0, 2, 14.61
1747818349, 0, 7, 805, 804, 15, 6.48%, 0, 0, 2, 14.34
1747818359, 0, 7, 806, 805, 15, 6.48%, 0, 0, 2, 14.35
1747818364, 0, 7, 807, 806, 15, 6.48%, 0, 0, 2, 13.91
1747818370, 0, 7, 808, 807, 15, 6.48%, 0, 0, 2, 14.17
1747818375, 0, 7, 811, 810, 15, 6.48%, 0, 0, 2, 13.72
1747818390, 0, 8, 813, 812, 16, 6.48%, 0, 0, 2, 14.23
1747818395, 0, 8, 815, 814, 16, 6.49%, 0, 0, 2, 13.22
1747818400, 0, 8, 818, 817, 16, 6.49%, 0, 0, 2, 13.05
1747818410, 0, 8, 820, 819, 16, 6.49%, 0, 0, 2, 13.01
1747818426, 0, 8, 821, 820, 16, 6.49%, 0, 0, 2, 13.79
1747818431, 0, 8, 822, 821, 16, 6.49%, 0, 0, 2, 13.70
1747818436, 0, 8, 823, 822, 16, 6.49%, 0, 0, 2, 13.27
1747818441, 0, 8, 824, 823, 16, 6.49%, 0, 0, 2, 13.28
1747818457, 0, 8, 825, 824, 16, 6.49%, 0, 0, 2, 13.54
1747818462, 0, 8, 826, 825, 16, 6.49%, 0, 0, 2, 13.73
1747818467, 0, 8, 827, 826, 16, 6.49%, 0, 0, 2, 13.97
1747818472, 0, 8, 828, 827, 16, 6.49%, 0, 0, 2, 13.67
1747818482, 0, 8, 830, 829, 16, 6.49%, 0, 0, 2, 13.69
1747818488, 0, 8, 831, 830, 16, 6.49%, 0, 0, 2, 13.68
1747818503, 0, 8, 832, 831, 16, 6.49%, 0, 0, 2, 13.43
1747818508, 0, 8, 833, 832, 16, 6.49%, 0, 0, 2, 13.49
1747818518, 0, 8, 834, 833, 16, 6.49%, 0, 0, 2, 14.01
1747818523, 0, 9, 834, 833, 18, 6.49%, 0, 0, 2, 14.52
1747818529, 0, 10, 835, 834, 18, 6.49%, 0, 0, 2, 14.08
1747818534, 0, 10, 836, 835, 18, 6.49%, 0, 0, 2, 13.84
1747818544, 0, 10, 837, 836, 18, 6.49%, 0, 0, 2, 13.48
1747818559, 0, 11, 837, 836, 18, 6.49%, 0, 0, 2, 14.87
1747818564, 0, 12, 839, 838, 18, 6.50%, 0, 0, 2, 13.56
1747818569, 0, 12, 841, 840, 18, 6.50%, 0, 0, 2, 12.56
1747818575, 0, 12, 842, 841, 18, 6.50%, 0, 0, 2, 13.25
1747818580, 0, 12, 843, 842, 18, 6.50%, 0, 0, 2, 13.19
1747818585, 0, 12, 846, 845, 18, 6.50%, 0, 0, 2, 12.83
1747818590, 0, 12, 848, 847, 18, 6.50%, 0, 0, 2, 12.89
1747818595, 0, 12, 849, 848, 18, 6.50%, 0, 0, 2, 13.10
1747818600, 0, 12, 850, 849, 18, 6.50%, 0, 0, 2, 13.32
1747818605, 0, 12, 853, 852, 18, 6.50%, 0, 0, 2, 13.18
1747818610, 0, 12, 855, 854, 18, 6.50%, 0, 0, 2, 13.21
1747818615, 0, 12, 856, 855, 18, 6.50%, 0, 0, 2, 13.13
1747818626, 0, 12, 857, 856, 18, 6.50%, 0, 0, 2, 13.32
1747818636, 0, 12, 859, 858, 18, 6.67%, 0, 0, 2, 12.88
1747818641, 0, 12, 860, 859, 18, 6.67%, 0, 0, 2, 13.44
1747818651, 0, 12, 861, 860, 18, 6.67%, 0, 0, 2, 12.96
1747818667, 0, 12, 862, 861, 18, 6.67%, 0, 0, 2, 12.45
1747818672, 0, 12, 865, 864, 18, 6.67%, 0, 0, 2, 12.44
1747818703, 0, 16, 867, 866, 17, 6.67%, 0, 0, 2, 13.24
1747818708, 0, 16, 869, 868, 17, 6.67%, 0, 0, 2, 12.48
1747818723, 0, 16, 871, 870, 17, 6.67%, 0, 0, 2, 12.20
1747818733, 0, 16, 872, 871, 17, 6.67%, 0, 0, 2, 13.02
1747818744, 0, 16, 874, 873, 17, 6.67%, 0, 0, 2, 12.26
1747818754, 0, 16, 875, 874, 17, 6.67%, 0, 0, 2, 12.43
1747818779, 0, 16, 876, 875, 17, 6.67%, 0, 0, 2, 12.91
1747818784, 0, 16, 878, 877, 17, 6.67%, 0, 0, 2, 12.70
1747818794, 0, 16, 879, 878, 17, 6.67%, 0, 0, 2, 13.02
1747818815, 0, 16, 880, 879, 17, 6.67%, 0, 0, 2, 13.19
1747818820, 0, 16, 882, 881, 17, 6.67%, 0, 0, 2, 12.71
1747818840, 0, 18, 882, 881, 18, 6.67%, 0, 0, 2, 13.36
1747818846, 0, 19, 884, 883, 18, 6.67%, 0, 0, 2, 12.27
1747818851, 0, 19, 887, 886, 18, 6.67%, 0, 0, 2, 11.99
1747818856, 0, 19, 890, 889, 18, 6.67%, 0, 0, 2, 10.98
1747818861, 0, 19, 891, 890, 18, 6.67%, 0, 0, 2, 11.20
1747818866, 0, 19, 894, 893, 18, 6.67%, 0, 0, 2, 11.05
1747818871, 0, 19, 896, 895, 18, 6.67%, 0, 0, 2, 11.08
1747818877, 0, 19, 898, 897, 18, 6.67%, 0, 0, 2, 11.25
1747818882, 0, 19, 899, 898, 18, 6.67%, 0, 0, 2, 11.19
1747818887, 0, 19, 900, 899, 18, 6.67%, 0, 0, 2, 11.39
1747818892, 0, 19, 902, 901, 18, 6.67%, 0, 0, 2, 11.01
1747818897, 0, 19, 903, 902, 18, 6.67%, 0, 0, 2, 11.84
1747818902, 0, 19, 905, 904, 18, 6.68%, 0, 0, 2, 10.95
1747818912, 0, 19, 906, 905, 18, 6.68%, 0, 0, 2, 11.20
1747818918, 0, 19, 908, 907, 18, 6.68%, 0, 0, 2, 11.37
1747818923, 0, 19, 909, 908, 18, 6.70%, 0, 0, 2, 11.64
1747818928, 0, 19, 910, 909, 18, 6.70%, 0, 0, 2, 11.68
1747818943, 0, 19, 911, 910, 18, 6.70%, 0, 0, 2, 11.31
1747818954, 0, 19, 912, 911, 18, 6.75%, 0, 0, 2, 11.22
1747819010, 0, 22, 913, 912, 10, 6.75%, 0, 0, 2, 10.98
1747819021, 0, 22, 914, 913, 10, 6.75%, 0, 0, 2, 10.63
1747819031, 0, 23, 914, 913, 10, 6.75%, 0, 0, 2, 11.41
1747819036, 0, 24, 915, 914, 10, 6.75%, 0, 0, 2, 11.09
1747819046, 0, 24, 917, 916, 10, 6.75%, 0, 0, 2, 10.90
1747819056, 0, 24, 918, 917, 10, 6.75%, 0, 0, 2, 10.94
1747819072, 0, 24, 920, 919, 10, 6.75%, 0, 0, 2, 10.54
1747819077, 0, 24, 921, 920, 10, 6.75%, 0, 0, 2, 10.54
1747819108, 0, 24, 922, 921, 10, 6.75%, 0, 0, 2, 11.15
1747819133, 0, 24, 923, 922, 10, 6.75%, 0, 0, 2, 11.67
1747819185, 0, 25, 923, 922, 10, 6.75%, 0, 0, 2, 11.42
1747819190, 0, 25, 925, 924, 10, 6.75%, 0, 0, 2, 10.70
1747819195, 0, 25, 926, 925, 10, 6.75%, 0, 0, 2, 10.61
1747819200, 0, 25, 928, 927, 10, 6.75%, 0, 0, 2, 10.37
1747819205, 0, 25, 930, 929, 10, 6.75%, 0, 0, 2, 10.17
1747819211, 0, 25, 932, 931, 10, 6.75%, 0, 0, 2, 10.71
1747819226, 0, 25, 933, 932, 10, 6.75%, 0, 0, 2, 10.43
1747819267, 0, 25, 934, 933, 10, 6.76%, 0, 0, 2, 10.31
1747819272, 0, 25, 935, 934, 10, 6.84%, 0, 0, 2, 10.30
1747819277, 0, 25, 936, 935, 10, 6.84%, 0, 0, 2, 10.81
1747819282, 0, 25, 937, 936, 10, 6.84%, 0, 0, 2, 10.83
1747819297, 0, 25, 938, 937, 10, 6.84%, 0, 0, 2, 10.70
1747819302, 0, 25, 939, 938, 10, 6.84%, 0, 0, 2, 11.31
1747819348, 0, 27, 939, 938, 13, 6.84%, 0, 0, 2, 11.11
1747819353, 0, 28, 940, 939, 13, 6.84%, 0, 0, 2, 10.39
1747819359, 0, 28, 942, 941, 13, 6.85%, 0, 0, 2, 9.89
1747819364, 0, 28, 944, 943, 13, 6.86%, 0, 0, 2, 9.90
1747819369, 0, 28, 945, 944, 13, 6.86%, 0, 0, 2, 9.99
1747819374, 0, 28, 947, 946, 13, 6.86%, 0, 0, 2, 10.58
1747819379, 0, 28, 948, 947, 13, 6.86%, 0, 0, 2, 10.43
1747819384, 0, 28, 949, 948, 13, 6.86%, 0, 0, 2, 10.42
1747819389, 0, 28, 951, 950, 13, 6.86%, 0, 0, 2, 10.32
1747819400, 0, 28, 953, 952, 13, 6.86%, 0, 0, 2, 9.97
1747819405, 0, 28, 954, 953, 13, 6.86%, 0, 0, 2, 10.55
1747819410, 0, 28, 955, 954, 13, 6.86%, 0, 0, 2, 10.44
1747819420, 0, 28, 956, 955, 13, 6.87%, 0, 0, 2, 10.40
1747819425, 0, 28, 957, 956, 13, 6.87%, 0, 0, 2, 9.93
1747819430, 0, 28, 958, 957, 13, 6.87%, 0, 0, 2, 9.91
1747819440, 0, 28, 959, 958, 13, 6.88%, 0, 0, 2, 10.72
1747819446, 0, 28, 960, 959, 13, 6.88%, 0, 0, 2, 10.55
1747819456, 0, 28, 961, 960, 13, 6.88%, 0, 0, 2, 10.51
1747819461, 0, 28, 962, 961, 13, 6.89%, 0, 0, 2, 10.56
1747819466, 0, 28, 963, 962, 13, 6.89%, 0, 0, 2, 10.17
1747819471, 0, 28, 965, 964, 13, 6.90%, 0, 0, 2, 9.79
1747819476, 0, 28, 967, 966, 13, 6.91%, 0, 0, 2, 10.62
1747819482, 0, 28, 968, 967, 13, 6.91%, 0, 0, 2, 11.28
1747819487, 0, 28, 969, 968, 13, 6.91%, 0, 0, 2, 11.04
1747819492, 0, 28, 970, 969, 13, 6.91%, 0, 0, 2, 10.79
1747819497, 0, 28, 971, 970, 13, 6.91%, 0, 0, 2, 10.57
1747819528, 0, 28, 972, 971, 13, 6.91%, 0, 0, 2, 11.43
1747819533, 0, 29, 973, 972, 17, 6.91%, 0, 0, 2, 10.71
1747819538, 0, 29, 976, 975, 17, 6.95%, 0, 0, 2, 10.08
1747819543, 0, 29, 977, 976, 17, 6.95%, 0, 0, 2, 10.05
1747819553, 0, 29, 978, 977, 17, 6.95%, 0, 0, 2, 10.30
1747819559, 0, 29, 979, 978, 17, 6.95%, 0, 0, 2, 9.93
1747819564, 0, 29, 981, 980, 17, 7.00%, 0, 0, 2, 9.67
1747819574, 0, 29, 983, 982, 17, 7.05%, 0, 0, 2, 10.76
1747819579, 0, 29, 984, 983, 17, 7.05%, 0, 0, 2, 11.09
1747819590, 0, 29, 985, 984, 17, 7.05%, 0, 0, 2, 10.22
1747819610, 0, 29, 987, 986, 17, 7.05%, 0, 0, 2, 9.86
1747819615, 0, 29, 988, 987, 17, 7.05%, 0, 0, 2, 10.29
1747819630, 0, 29, 989, 988, 17, 7.05%, 0, 0, 2, 10.70
1747819651, 0, 29, 990, 989, 17, 7.05%, 0, 0, 2, 10.58
1747819671, 0, 29, 992, 991, 17, 7.06%, 0, 0, 2, 10.28
1747819676, 0, 29, 994, 993, 17, 7.07%, 0, 0, 2, 10.29
1747819681, 0, 29, 996, 995, 17, 7.07%, 0, 0, 2, 10.21
1747819692, 0, 29, 998, 997, 17, 7.07%, 0, 0, 2, 10.12
1747819697, 0, 29, 999, 998, 17, 7.07%, 0, 0, 2, 10.17
1747819707, 0, 30, 1000, 999, 19, 7.07%, 0, 0, 2, 10.69
1747819712, 0, 30, 1001, 1000, 19, 7.07%, 0, 0, 2, 9.81
1747819723, 0, 31, 1002, 1001, 19, 7.07%, 0, 0, 2, 9.76
1747819733, 0, 32, 1003, 1002, 19, 7.07%, 0, 0, 2, 10.11
1747819738, 0, 32, 1005, 1004, 19, 7.07%, 0, 0, 2, 9.35
1747819764, 0, 32, 1006, 1005, 19, 7.07%, 0, 0, 2, 9.94
1747819769, 0, 32, 1007, 1006, 19, 7.07%, 0, 0, 2, 9.64
1747819779, 0, 32, 1008, 1007, 19, 7.07%, 0, 0, 2, 9.96
1747819784, 0, 32, 1009, 1008, 19, 7.07%, 0, 0, 2, 10.32
1747819800, 0, 32, 1010, 1009, 19, 7.07%, 0, 0, 2, 9.66
1747819805, 0, 32, 1011, 1010, 19, 7.07%, 0, 0, 2, 10.02
1747819810, 0, 32, 1013, 1012, 19, 7.07%, 0, 0, 2, 10.36
1747819820, 0, 32, 1014, 1013, 19, 7.07%, 0, 0, 2, 10.50
1747819825, 0, 32, 1015, 1014, 19, 7.07%, 0, 0, 2, 10.74
1747819830, 0, 32, 1016, 1015, 19, 7.07%, 0, 0, 2, 10.33
1747819892, 0, 32, 1017, 1016, 19, 7.07%, 0, 0, 2, 10.35
1747819897, 0, 33, 1017, 1016, 19, 7.07%, 0, 0, 2, 10.64
1747819903, 0, 34, 1017, 1016, 19, 7.07%, 0, 0, 2, 10.68
1747819908, 0, 35, 1017, 1016, 19, 7.07%, 0, 0, 2, 11.22
1747819913, 0, 36, 1017, 1016, 19, 7.07%, 0, 0, 2, 11.01
1747819918, 0, 37, 1017, 1016, 19, 7.07%, 0, 0, 2, 13.31
1747819923, 0, 38, 1018, 1017, 19, 7.07%, 0, 0, 2, 10.75
1747819928, 0, 38, 1020, 1019, 19, 7.07%, 0, 0, 2, 10.16
1747819934, 0, 38, 1021, 1020, 19, 7.07%, 0, 0, 2, 10.22
1747819944, 0, 38, 1022, 1021, 19, 7.07%, 0, 0, 2, 9.97
1747819964, 0, 38, 1024, 1023, 19, 7.07%, 0, 0, 2, 9.34
1747819974, 0, 38, 1025, 1024, 19, 7.07%, 0, 0, 2, 10.49
1747819990, 0, 38, 1026, 1025, 19, 7.07%, 0, 0, 2, 10.06
1747820010, 0, 38, 1027, 1026, 19, 7.07%, 0, 0, 2, 10.24
1747820020, 0, 38, 1028, 1027, 19, 7.07%, 0, 0, 2, 10.53
1747820031, 0, 38, 1029, 1028, 19, 7.07%, 0, 0, 2, 9.97
1747820066, 0, 38, 1030, 1029, 19, 7.07%, 0, 0, 2, 10.04
1747820087, 0, 39, 1030, 1029, 19, 7.07%, 0, 0, 2, 11.61
1747820092, 0, 40, 1030, 1029, 19, 7.07%, 0, 0, 2, 11.77
1747820097, 0, 40, 1032, 1031, 19, 7.07%, 0, 0, 2, 10.05
1747820102, 0, 40, 1033, 1032, 19, 7.07%, 0, 0, 2, 10.32
1747820107, 0, 40, 1034, 1033, 19, 7.12%, 0, 0, 2, 9.52
1747820112, 0, 40, 1035, 1034, 19, 7.12%, 0, 0, 2, 9.62
1747820128, 0, 40, 1037, 1036, 19, 7.12%, 0, 0, 2, 9.24
1747820133, 0, 40, 1038, 1037, 19, 7.12%, 0, 0, 2, 10.04
1747820143, 0, 40, 1040, 1039, 19, 7.12%, 0, 0, 2, 9.85
1747820148, 0, 40, 1041, 1040, 19, 7.12%, 0, 0, 2, 9.67
1747820159, 0, 40, 1042, 1041, 19, 7.12%, 0, 0, 2, 10.19
1747820174, 0, 40, 1043, 1042, 19, 7.12%, 0, 0, 2, 10.01
1747820195, 0, 40, 1044, 1043, 19, 7.12%, 0, 0, 2, 9.63
1747820200, 0, 40, 1046, 1045, 19, 7.12%, 0, 0, 2, 9.09
1747820215, 0, 40, 1047, 1046, 19, 7.12%, 0, 0, 2, 9.15
1747820220, 0, 40, 1048, 1047, 19, 7.12%, 0, 0, 2, 9.85
1747820225, 0, 40, 1049, 1048, 19, 7.12%, 0, 0, 2, 9.48
1747820241, 0, 40, 1050, 1049, 19, 7.12%, 0, 0, 2, 9.42
1747820246, 0, 40, 1052, 1051, 19, 7.12%, 0, 0, 2, 8.89
1747820256, 0, 40, 1053, 1052, 19, 7.12%, 0, 0, 2, 10.48
1747820271, 0, 40, 1054, 1053, 19, 7.12%, 0, 0, 2, 9.62
1747820276, 0, 43, 1054, 1053, 19, 7.12%, 0, 0, 2, 10.25
1747820281, 0, 45, 1054, 1053, 19, 7.12%, 0, 0, 2, 9.95
1747820286, 0, 46, 1054, 1053, 19, 7.12%, 0, 0, 2, 10.20
1747820291, 0, 47, 1054, 1053, 19, 7.12%, 0, 0, 2, 13.25
1747820296, 0, 48, 1055, 1054, 19, 7.12%, 0, 0, 2, 11.95
1747820302, 0, 49, 1055, 1054, 19, 7.12%, 0, 0, 2, 11.67
1747820307, 0, 50, 1055, 1054, 19, 7.12%, 0, 0, 2, 10.98
1747820312, 0, 50, 1056, 1055, 19, 7.12%, 0, 0, 2, 10.39
1747820317, 0, 51, 1056, 1055, 19, 7.12%, 0, 0, 2, 10.05
1747820322, 0, 52, 1056, 1055, 19, 7.12%, 0, 0, 2, 10.70
1747820327, 0, 53, 1056, 1055, 19, 7.12%, 0, 0, 2, 10.85
1747820332, 0, 54, 1057, 1056, 19, 7.12%, 0, 0, 2, 10.17
1747820342, 0, 55, 1057, 1056, 19, 7.12%, 0, 0, 2, 9.99
1747820348, 0, 56, 1057, 1056, 19, 7.12%, 0, 0, 2, 10.44
1747820353, 0, 56, 1058, 1057, 19, 7.12%, 0, 0, 2, 10.49
1747820358, 0, 58, 1058, 1057, 19, 7.12%, 0, 0, 2, 10.48
1747820363, 0, 59, 1058, 1057, 19, 7.12%, 0, 0, 2, 11.29
1747820368, 0, 60, 1058, 1057, 19, 7.12%, 0, 0, 2, 10.87
1747820373, 0, 61, 1058, 1057, 19, 7.12%, 0, 0, 2, 10.57
1747820378, 0, 61, 1059, 1058, 19, 7.12%, 0, 0, 2, 10.94
1747820383, 0, 62, 1059, 1058, 19, 7.12%, 0, 0, 2, 11.19
1747820388, 0, 63, 1060, 1059, 19, 7.12%, 0, 0, 2, 10.17
1747820399, 0, 68, 1060, 1059, 19, 7.12%, 0, 0, 2, 12.19
1747820404, 0, 69, 1060, 1059, 19, 7.12%, 0, 0, 2, 14.13
1747820409, 0, 71, 1060, 1059, 19, 7.12%, 0, 0, 2, 13.12
1747820414, 0, 72, 1060, 1059, 19, 7.12%, 0, 0, 2, 11.23
1747820419, 0, 74, 1060, 1059, 19, 7.12%, 0, 0, 2, 11.06
1747820424, 0, 75, 1060, 1059, 19, 7.12%, 0, 0, 2, 10.79
1747820429, 0, 75, 1061, 1060, 19, 7.12%, 0, 0, 2, 10.18
1747820434, 0, 76, 1062, 1061, 19, 7.12%, 0, 0, 2, 9.67
1747820440, 0, 76, 1063, 1062, 19, 7.12%, 0, 0, 2, 9.74
1747820455, 0, 76, 1064, 1063, 19, 7.12%, 0, 0, 2, 10.20
1747820465, 0, 76, 1065, 1064, 19, 7.12%, 0, 0, 2, 10.03
1747820517, 0, 77, 1065, 1064, 19, 7.12%, 0, 0, 2, 10.49
1747820522, 0, 78, 1065, 1064, 19, 7.12%, 0, 0, 2, 10.46
1747820527, 0, 80, 1065, 1064, 19, 7.12%, 0, 0, 2, 10.63
1747820532, 0, 81, 1067, 1066, 19, 7.12%, 0, 0, 2, 9.86
1747820548, 0, 81, 1068, 1067, 19, 7.12%, 0, 0, 2, 9.67
1747820558, 0, 81, 1069, 1068, 19, 7.12%, 0, 0, 2, 9.11
1747820574, 0, 81, 1070, 1069, 19, 7.12%, 0, 0, 2, 10.07
1747820579, 0, 81, 1071, 1070, 19, 7.12%, 0, 0, 2, 9.93
1747820630, 0, 81, 1072, 1071, 19, 7.12%, 0, 0, 2, 9.41
1747820635, 0, 81, 1073, 1072, 19, 7.12%, 0, 0, 2, 9.31
1747820656, 0, 81, 1074, 1073, 19, 7.12%, 0, 0, 2, 9.66
1747820666, 0, 81, 1075, 1074, 19, 7.12%, 0, 0, 2, 9.62
1747820681, 0, 81, 1076, 1075, 19, 7.12%, 0, 0, 2, 10.39
1747820707, 0, 82, 1076, 1075, 19, 7.12%, 0, 0, 2, 9.90
1747820712, 0, 83, 1076, 1075, 19, 7.12%, 0, 0, 2, 10.58
1747820718, 0, 84, 1076, 1075, 19, 7.12%, 0, 0, 2, 10.00
1747820723, 0, 85, 1076, 1075, 19, 7.12%, 0, 0, 2, 10.05
1747820728, 0, 86, 1076, 1075, 19, 7.12%, 0, 0, 2, 10.25
1747820733, 0, 88, 1076, 1075, 19, 7.12%, 0, 0, 2, 10.55
1747820738, 0, 90, 1076, 1075, 19, 7.12%, 0, 0, 2, 10.78
1747820743, 0, 91, 1076, 1075, 19, 7.12%, 0, 0, 2, 10.18
1747820748, 0, 92, 1076, 1075, 19, 7.12%, 0, 0, 2, 10.41
1747820753, 0, 93, 1076, 1075, 19, 7.12%, 0, 0, 2, 10.44
1747820758, 0, 94, 1076, 1075, 19, 7.12%, 0, 0, 2, 10.10
1747820764, 0, 96, 1076, 1075, 19, 7.12%, 0, 0, 2, 9.90
1747820769, 0, 96, 1078, 1077, 19, 7.12%, 0, 0, 2, 9.26
1747820789, 0, 97, 1078, 1077, 19, 7.12%, 0, 0, 2, 10.23
1747820794, 0, 98, 1078, 1077, 19, 7.12%, 0, 0, 2, 9.89
1747820799, 0, 99, 1078, 1077, 19, 7.12%, 0, 0, 2, 10.24
1747820804, 0, 100, 1079, 1078, 19, 7.12%, 0, 0, 2, 10.26
1747820814, 0, 103, 1079, 1078, 19, 7.12%, 0, 0, 2, 10.14
1747820820, 0, 103, 1080, 1079, 19, 7.12%, 0, 0, 2, 10.06
1747820825, 0, 104, 1080, 1079, 19, 7.12%, 0, 0, 2, 9.71
1747820830, 0, 105, 1080, 1079, 19, 7.12%, 0, 0, 2, 10.09
1747820835, 0, 107, 1080, 1079, 19, 7.12%, 0, 0, 2, 10.04
1747820840, 0, 107, 1083, 1082, 19, 7.14%, 0, 0, 2, 9.81
1747820850, 0, 107, 1084, 1083, 19, 7.14%, 0, 0, 2, 9.79
1747820861, 0, 107, 1085, 1084, 19, 7.14%, 0, 0, 2, 9.13
1747820866, 0, 107, 1086, 1085, 19, 7.14%, 0, 0, 2, 9.19
1747820896, 0, 107, 1087, 1086, 19, 7.14%, 0, 0, 2, 9.96
1747820937, 0, 107, 1088, 1087, 19, 7.14%, 0, 0, 2, 9.49
1747820984, 0, 107, 1089, 1088, 19, 7.14%, 0, 0, 2, 9.27
1747820999, 0, 107, 1090, 1089, 19, 7.14%, 0, 0, 2, 9.68
1747821004, 0, 107, 1091, 1090, 19, 7.14%, 0, 0, 2, 9.45
1747821009, 0, 108, 1091, 1090, 19, 7.14%, 0, 0, 2, 10.21
1747821014, 0, 110, 1091, 1090, 19, 7.14%, 0, 0, 2, 10.67
1747821019, 0, 110, 1092, 1091, 19, 7.14%, 0, 0, 2, 10.04
1747821025, 0, 112, 1092, 1091, 19, 7.14%, 0, 0, 2, 9.72
1747821030, 0, 113, 1092, 1091, 19, 7.14%, 0, 0, 2, 10.07
1747821035, 0, 114, 1092, 1091, 19, 7.14%, 0, 0, 2, 9.48
1747821040, 0, 114, 1093, 1092, 19, 7.14%, 0, 0, 2, 9.40
1747821050, 0, 114, 1095, 1094, 19, 7.15%, 0, 0, 2, 8.78
1747821081, 0, 115, 1095, 1094, 18, 7.15%, 0, 0, 2, 9.92
1747821086, 0, 116, 1095, 1094, 18, 7.15%, 0, 0, 2, 10.33
1747821091, 0, 118, 1095, 1094, 18, 7.15%, 0, 0, 2, 9.46
1747821096, 0, 119, 1095, 1094, 18, 7.15%, 0, 0, 2, 9.88
1747821101, 0, 120, 1095, 1094, 18, 7.15%, 0, 0, 2, 9.98
1747821107, 0, 121, 1095, 1094, 18, 7.15%, 0, 0, 2, 9.63
1747821112, 0, 122, 1095, 1094, 18, 7.15%, 0, 0, 2, 9.69
1747821117, 0, 123, 1095, 1094, 18, 7.15%, 0, 0, 2, 9.70
1747821122, 0, 125, 1095, 1094, 18, 7.15%, 0, 0, 2, 10.48
1747821127, 0, 126, 1095, 1094, 18, 7.15%, 0, 0, 2, 10.59
1747821132, 0, 127, 1095, 1094, 18, 7.15%, 0, 0, 2, 10.39
1747821137, 0, 128, 1095, 1094, 18, 7.15%, 0, 0, 2, 10.10
1747821143, 0, 129, 1095, 1094, 18, 7.15%, 0, 0, 2, 9.61
1747821148, 0, 131, 1095, 1094, 18, 7.15%, 0, 0, 2, 9.99
1747821153, 0, 133, 1095, 1094, 18, 7.15%, 0, 0, 2, 9.67
1747821158, 0, 134, 1095, 1094, 18, 7.15%, 0, 0, 2, 9.37
1747821163, 0, 135, 1095, 1094, 18, 7.15%, 0, 0, 2, 10.17
1747821169, 0, 136, 1095, 1094, 18, 7.15%, 0, 0, 2, 10.46
1747821174, 0, 137, 1095, 1094, 18, 7.15%, 0, 0, 2, 9.84
1747821179, 0, 138, 1095, 1094, 18, 7.15%, 0, 0, 2, 9.36
1747821184, 0, 139, 1095, 1094, 18, 7.15%, 0, 0, 2, 9.84
1747821189, 0, 140, 1095, 1094, 18, 7.15%, 0, 0, 2, 10.31
1747821194, 0, 140, 1096, 1095, 18, 7.15%, 0, 0, 2, 9.76
1747821204, 0, 141, 1096, 1095, 18, 7.15%, 0, 0, 2, 9.23
1747821209, 0, 142, 1097, 1096, 18, 7.15%, 0, 0, 2, 9.51
1747821220, 0, 143, 1097, 1096, 18, 7.15%, 0, 0, 2, 9.97
1747821225, 0, 144, 1097, 1096, 18, 7.15%, 0, 0, 2, 10.70
1747821230, 0, 145, 1097, 1096, 18, 7.15%, 0, 0, 2, 10.00
1747821235, 0, 146, 1097, 1096, 18, 7.15%, 0, 0, 2, 9.95
1747821241, 0, 148, 1097, 1096, 18, 7.15%, 0, 0, 2, 10.24
1747821246, 0, 150, 1097, 1096, 18, 7.15%, 0, 0, 2, 10.77
1747821251, 0, 151, 1097, 1096, 18, 7.15%, 0, 0, 2, 10.04
1747821256, 0, 152, 1097, 1096, 18, 7.15%, 0, 0, 2, 9.91
1747821261, 0, 152, 1098, 1097, 18, 7.15%, 0, 0, 2, 9.38
1747821266, 0, 154, 1098, 1097, 18, 7.15%, 0, 0, 2, 10.35
1747821271, 0, 155, 1099, 1098, 18, 7.15%, 0, 0, 2, 10.10
1747821281, 0, 156, 1099, 1098, 19, 7.15%, 0, 0, 2, 9.90
1747821287, 0, 157, 1099, 1098, 19, 7.15%, 0, 0, 2, 9.95
1747821292, 0, 158, 1099, 1098, 19, 7.15%, 0, 0, 2, 9.71
1747821297, 0, 160, 1099, 1098, 19, 7.15%, 0, 0, 2, 9.98
1747821302, 0, 161, 1099, 1098, 19, 7.15%, 0, 0, 2, 10.27
1747821307, 0, 163, 1099, 1098, 19, 7.15%, 0, 0, 2, 10.37
1747821313, 0, 164, 1099, 1098, 19, 7.15%, 0, 0, 2, 11.34
1747821318, 0, 164, 1100, 1099, 19, 7.15%, 0, 0, 2, 9.53
1747821323, 0, 167, 1100, 1099, 19, 7.15%, 0, 0, 2, 9.27
1747821328, 0, 168, 1101, 1100, 19, 7.46%, 0, 0, 2, 9.58
1747821333, 0, 168, 1102, 1101, 19, 7.46%, 0, 0, 2, 9.78
1747821338, 0, 168, 1103, 1102, 19, 7.46%, 0, 0, 2, 9.13
1747821374, 0, 169, 1103, 1102, 17, 7.46%, 0, 0, 2, 9.63
1747821379, 0, 170, 1103, 1102, 17, 7.46%, 0, 0, 2, 9.88
1747821385, 0, 170, 1104, 1103, 17, 7.46%, 0, 0, 2, 9.97
1747821390, 0, 171, 1105, 1104, 17, 7.55%, 0, 0, 2, 9.89
1747821395, 0, 171, 1106, 1105, 17, 7.55%, 0, 0, 2, 9.43
1747821410, 0, 171, 1107, 1106, 17, 7.55%, 0, 0, 2, 9.53
1747821420, 0, 171, 1108, 1107, 17, 7.55%, 0, 0, 2, 9.33
1747821446, 0, 171, 1109, 1108, 17, 7.55%, 0, 0, 2, 9.69
1747821466, 0, 171, 1110, 1109, 17, 7.59%, 0, 0, 2, 9.57
1747821471, 0, 171, 1111, 1110, 17, 7.59%, 0, 0, 2, 8.92
1747821533, 0, 171, 1112, 1111, 17, 7.59%, 0, 0, 2, 9.76
1747821543, 0, 171, 1114, 1113, 17, 7.60%, 0, 0, 2, 8.81
1747821564, 0, 173, 1114, 1113, 17, 7.60%, 0, 0, 2, 10.18
1747821574, 0, 174, 1114, 1113, 17, 7.60%, 0, 0, 2, 9.28
1747821579, 0, 175, 1114, 1113, 17, 7.60%, 0, 0, 2, 9.30
1747821584, 0, 177, 1114, 1113, 17, 7.60%, 0, 0, 2, 9.70
1747821589, 0, 178, 1114, 1113, 17, 7.60%, 0, 0, 2, 10.11
1747821595, 0, 179, 1114, 1113, 17, 7.60%, 0, 0, 2, 9.92
1747821600, 0, 180, 1114, 1113, 17, 7.60%, 0, 0, 2, 8.98
1747821605, 0, 184, 1114, 1113, 17, 7.60%, 0, 0, 2, 10.32
1747821610, 0, 185, 1114, 1113, 17, 7.60%, 0, 0, 2, 9.61
1747821615, 0, 187, 1114, 1113, 17, 7.60%, 0, 0, 2, 10.16
1747821621, 0, 189, 1114, 1113, 17, 7.60%, 0, 0, 2, 10.05
1747821626, 0, 190, 1114, 1113, 17, 7.60%, 0, 0, 2, 10.02
1747821631, 0, 191, 1115, 1114, 17, 7.60%, 0, 0, 2, 10.02
1747821636, 0, 191, 1116, 1115, 17, 7.60%, 0, 0, 2, 9.68
1747821646, 0, 191, 1117, 1116, 17, 7.60%, 0, 0, 2, 9.18
1747821662, 0, 191, 1118, 1117, 17, 7.60%, 0, 0, 2, 9.35
1747821719, 0, 192, 1118, 1117, 19, 7.60%, 0, 0, 2, 9.69
1747821724, 0, 193, 1119, 1118, 19, 7.60%, 0, 0, 2, 10.11
1747821729, 0, 193, 1120, 1119, 19, 7.60%, 0, 0, 2, 9.97
1747821734, 0, 193, 1121, 1120, 19, 7.60%, 0, 0, 2, 9.25
1747821744, 0, 193, 1122, 1121, 19, 7.60%, 0, 0, 2, 9.40
1747821765, 0, 193, 1123, 1122, 19, 7.60%, 0, 0, 2, 9.17
1747821770, 0, 193, 1124, 1123, 19, 7.60%, 0, 0, 2, 9.47
1747821780, 0, 193, 1126, 1125, 19, 7.60%, 0, 0, 2, 8.96
1747821791, 0, 193, 1127, 1126, 19, 7.61%, 0, 0, 2, 9.74
1747821796, 0, 193, 1128, 1127, 19, 7.61%, 0, 0, 2, 9.20
1747821832, 0, 193, 1130, 1129, 19, 7.61%, 0, 0, 2, 8.58
1747821842, 0, 193, 1131, 1130, 19, 7.61%, 0, 0, 2, 9.36
1747821893, 0, 193, 1132, 1131, 19, 7.61%, 0, 0, 2, 8.87
1747821904, 0, 194, 1133, 1132, 19, 7.61%, 0, 0, 2, 9.60
1747821909, 0, 194, 1134, 1133, 19, 7.61%, 0, 0, 2, 9.23
1747821919, 0, 195, 1134, 1133, 19, 7.61%, 0, 0, 2, 9.70
1747821924, 0, 196, 1134, 1133, 19, 7.61%, 0, 0, 2, 9.25
1747821929, 0, 196, 1135, 1134, 19, 7.61%, 0, 0, 2, 9.09
1747821935, 0, 197, 1135, 1134, 19, 7.61%, 0, 0, 2, 10.65
1747821940, 0, 198, 1135, 1134, 19, 7.61%, 0, 0, 2, 9.91
1747821945, 0, 199, 1135, 1134, 19, 7.61%, 0, 0, 2, 9.29
1747821950, 0, 200, 1135, 1134, 19, 7.61%, 0, 0, 2, 9.37
1747821955, 0, 202, 1135, 1134, 19, 7.61%, 0, 0, 2, 9.11
1747821960, 0, 203, 1135, 1134, 19, 7.61%, 0, 0, 2, 9.29
1747821965, 0, 204, 1135, 1134, 19, 7.61%, 0, 0, 2, 9.12
1747821970, 0, 205, 1135, 1134, 19, 7.61%, 0, 0, 2, 9.52
1747821975, 0, 206, 1135, 1134, 19, 7.61%, 0, 0, 2, 9.51
1747821981, 0, 206, 1136, 1135, 19, 7.61%, 0, 0, 2, 9.51
1747821991, 0, 208, 1137, 1136, 19, 7.61%, 0, 0, 2, 9.27
1747822001, 0, 209, 1137, 1136, 19, 7.61%, 0, 0, 2, 10.29
1747822006, 0, 210, 1137, 1136, 19, 7.61%, 0, 0, 2, 9.72
1747822011, 0, 211, 1137, 1136, 19, 7.61%, 0, 0, 2, 9.64
1747822017, 0, 212, 1137, 1136, 19, 7.61%, 0, 0, 2, 10.28
1747822022, 0, 214, 1137, 1136, 19, 7.61%, 0, 0, 2, 10.32
1747822027, 0, 216, 1137, 1136, 19, 7.61%, 0, 0, 2, 9.56
1747822032, 0, 217, 1137, 1136, 19, 7.61%, 0, 0, 2, 9.37
1747822037, 0, 218, 1137, 1136, 19, 7.61%, 0, 0, 2, 9.38
1747822042, 0, 219, 1137, 1136, 19, 7.61%, 0, 0, 2, 9.45
1747822047, 0, 220, 1137, 1136, 19, 7.61%, 0, 0, 2, 9.73
1747822052, 0, 221, 1137, 1136, 19, 7.61%, 0, 0, 2, 9.72
1747822058, 0, 222, 1137, 1136, 19, 7.61%, 0, 0, 2, 9.14
1747822063, 0, 223, 1137, 1136, 19, 7.61%, 0, 0, 2, 9.16
1747822068, 0, 224, 1137, 1136, 19, 7.61%, 0, 0, 2, 9.96
1747822073, 0, 225, 1137, 1136, 19, 7.61%, 0, 0, 2, 9.82
1747822078, 0, 228, 1137, 1136, 19, 7.61%, 0, 0, 2, 9.76
1747822083, 0, 229, 1137, 1136, 19, 7.61%, 0, 0, 2, 9.38
1747822089, 0, 230, 1137, 1136, 19, 7.61%, 0, 0, 2, 9.53
1747822094, 0, 231, 1137, 1136, 19, 7.61%, 0, 0, 2, 10.05
1747822099, 0, 231, 1138, 1137, 19, 7.61%, 0, 0, 2, 9.46
1747822109, 0, 232, 1138, 1137, 19, 7.61%, 0, 0, 2, 10.06
1747822114, 0, 233, 1138, 1137, 19, 7.61%, 0, 0, 2, 10.07
1747822119, 0, 234, 1138, 1137, 19, 7.61%, 0, 0, 2, 9.51
1747822125, 0, 235, 1138, 1137, 19, 7.61%, 0, 0, 2, 9.70
1747822130, 0, 236, 1138, 1137, 19, 7.61%, 0, 0, 2, 9.77
1747822135, 0, 237, 1138, 1137, 19, 7.61%, 0, 0, 2, 9.52
1747822140, 0, 239, 1138, 1137, 19, 7.61%, 0, 0, 2, 9.77
1747822145, 0, 241, 1138, 1137, 19, 7.61%, 0, 0, 2, 9.58
1747822150, 0, 243, 1138, 1137, 19, 7.61%, 0, 0, 2, 9.48
1747822156, 0, 244, 1138, 1137, 19, 7.61%, 0, 0, 2, 9.70
1747822161, 0, 246, 1138, 1137, 19, 7.61%, 0, 0, 2, 10.21
1747822166, 0, 247, 1138, 1137, 19, 7.61%, 0, 0, 2, 9.95
1747822171, 0, 248, 1138, 1137, 19, 7.61%, 0, 0, 2, 9.45
1747822176, 0, 248, 1139, 1138, 19, 7.61%, 0, 0, 2, 8.73
1747822181, 0, 249, 1139, 1138, 19, 7.61%, 0, 0, 2, 9.75
1747822186, 0, 249, 1140, 1139, 19, 7.61%, 0, 0, 2, 8.72
1747822197, 0, 250, 1140, 1139, 19, 7.61%, 0, 0, 2, 10.23
1747822202, 0, 251, 1140, 1139, 19, 7.61%, 0, 0, 2, 9.78
1747822207, 0, 252, 1140, 1139, 19, 7.61%, 0, 0, 2, 10.11
1747822212, 0, 254, 1140, 1139, 19, 7.61%, 0, 0, 2, 10.28
1747822217, 0, 255, 1140, 1139, 19, 7.61%, 0, 0, 2, 9.85
1747822222, 0, 255, 1142, 1141, 19, 7.61%, 0, 0, 2, 9.09
1747822238, 0, 256, 1143, 1142, 20, 7.61%, 0, 0, 2, 9.23
1747822248, 0, 256, 1144, 1143, 20, 7.61%, 0, 0, 2, 9.78
1747822264, 0, 257, 1144, 1143, 21, 7.61%, 0, 0, 2, 9.21
1747822269, 0, 258, 1144, 1143, 21, 7.61%, 0, 0, 2, 9.67
1747822274, 0, 260, 1144, 1143, 21, 7.61%, 0, 0, 2, 10.33
1747822279, 0, 261, 1144, 1143, 21, 7.61%, 0, 0, 2, 9.30
1747822284, 0, 261, 1145, 1144, 21, 7.61%, 0, 0, 2, 8.59
1747822289, 0, 262, 1145, 1144, 21, 7.61%, 0, 0, 2, 9.60
1747822294, 0, 263, 1145, 1144, 21, 7.61%, 0, 0, 2, 9.95
1747822299, 0, 264, 1145, 1144, 21, 7.61%, 0, 0, 2, 9.48
1747822305, 0, 265, 1145, 1144, 21, 7.61%, 0, 0, 2, 9.80
1747822310, 0, 266, 1145, 1144, 21, 7.61%, 0, 0, 2, 9.64
1747822315, 0, 268, 1145, 1144, 21, 7.61%, 0, 0, 2, 9.83
1747822320, 0, 269, 1145, 1144, 21, 7.61%, 0, 0, 2, 9.39
1747822325, 0, 270, 1146, 1145, 21, 7.61%, 0, 0, 2, 9.33
1747822340, 0, 272, 1146, 1145, 21, 7.61%, 0, 0, 2, 9.44
1747822345, 0, 273, 1146, 1145, 21, 7.61%, 0, 0, 2, 9.78
1747822351, 0, 274, 1146, 1145, 21, 7.61%, 0, 0, 2, 9.52
1747822356, 0, 275, 1146, 1145, 21, 7.61%, 0, 0, 2, 8.64
1747822361, 0, 276, 1146, 1145, 21, 7.61%, 0, 0, 2, 9.81
1747822366, 0, 277, 1146, 1145, 21, 7.61%, 0, 0, 2, 9.74
1747822371, 0, 278, 1146, 1145, 21, 7.61%, 0, 0, 2, 9.33
1747822376, 0, 279, 1146, 1145, 21, 7.61%, 0, 0, 2, 9.72
1747822382, 0, 280, 1146, 1145, 21, 7.61%, 0, 0, 2, 9.86
1747822387, 0, 281, 1146, 1145, 21, 7.61%, 0, 0, 2, 10.22
1747822392, 0, 282, 1146, 1145, 21, 7.61%, 0, 0, 2, 9.94
1747822397, 0, 283, 1146, 1145, 21, 7.61%, 0, 0, 2, 9.87
1747822402, 0, 285, 1146, 1145, 21, 7.61%, 0, 0, 2, 9.91
1747822407, 0, 290, 1146, 1145, 21, 7.61%, 0, 0, 2, 9.32
1747822412, 0, 291, 1146, 1145, 21, 7.61%, 0, 0, 2, 9.41
1747822417, 0, 291, 1147, 1146, 21, 7.61%, 0, 0, 2, 8.69
1747822428, 0, 292, 1148, 1147, 21, 7.61%, 0, 0, 2, 9.65
1747822438, 0, 293, 1148, 1147, 21, 7.61%, 0, 0, 2, 9.30
1747822443, 0, 294, 1148, 1147, 21, 7.61%, 0, 0, 2, 9.92
1747822448, 0, 295, 1148, 1147, 21, 7.61%, 0, 0, 2, 9.90
1747822454, 0, 296, 1148, 1147, 21, 7.61%, 0, 0, 2, 9.00
1747822459, 0, 298, 1148, 1147, 21, 7.61%, 0, 0, 2, 9.70
1747822464, 0, 299, 1148, 1147, 21, 7.61%, 0, 0, 2, 9.02
1747822469, 0, 300, 1148, 1147, 21, 7.61%, 0, 0, 2, 9.50
1747822474, 0, 301, 1148, 1147, 21, 7.61%, 0, 0, 2, 9.65
1747822479, 0, 301, 1149, 1148, 21, 7.61%, 0, 0, 2, 9.26
1747822484, 0, 304, 1149, 1148, 21, 7.61%, 0, 0, 2, 8.68
1747822489, 0, 308, 1149, 1148, 21, 7.61%, 0, 0, 2, 9.84
1747822495, 0, 309, 1149, 1148, 21, 7.61%, 0, 0, 2, 10.65
1747822500, 0, 310, 1149, 1148, 21, 7.61%, 0, 0, 2, 9.97
1747822505, 0, 310, 1150, 1149, 21, 7.61%, 0, 0, 2, 9.12
1747822515, 0, 312, 1150, 1149, 21, 7.61%, 0, 0, 2, 9.63
1747822520, 0, 314, 1150, 1149, 21, 7.61%, 0, 0, 2, 9.56
1747822525, 0, 316, 1150, 1149, 21, 7.61%, 0, 0, 2, 9.63
1747822530, 0, 317, 1150, 1149, 21, 7.61%, 0, 0, 2, 9.63
1747822535, 0, 319, 1150, 1149, 21, 7.61%, 0, 0, 2, 9.64
1747822540, 0, 320, 1150, 1149, 21, 7.61%, 0, 0, 2, 9.64
1747822545, 0, 321, 1150, 1149, 21, 7.61%, 0, 0, 2, 9.67
1747822551, 0, 322, 1150, 1149, 21, 7.61%, 0, 0, 2, 9.45
1747822556, 0, 322, 1151, 1150, 21, 7.61%, 0, 0, 2, 9.24
1747822561, 0, 323, 1151, 1150, 21, 7.61%, 0, 0, 2, 9.96
1747822566, 0, 324, 1151, 1150, 21, 7.61%, 0, 0, 2, 10.02
1747822571, 0, 325, 1151, 1150, 21, 7.61%, 0, 0, 2, 9.39
1747822581, 0, 326, 1151, 1150, 21, 7.61%, 0, 0, 2, 10.06
1747822587, 0, 327, 1151, 1150, 21, 7.61%, 0, 0, 2, 9.96
1747822592, 0, 328, 1151, 1150, 21, 7.61%, 0, 0, 2, 9.39
1747822597, 0, 329, 1151, 1150, 21, 7.61%, 0, 0, 2, 9.54
1747822602, 0, 330, 1153, 1152, 21, 7.61%, 0, 0, 2, 8.36
1747822617, 0, 330, 1154, 1153, 21, 7.61%, 0, 0, 2, 8.59
1747822648, 0, 330, 1155, 1154, 21, 7.62%, 0, 0, 2, 9.29
1747822653, 0, 330, 1156, 1155, 21, 7.62%, 0, 0, 2, 8.77
1747822720, 0, 330, 1157, 1156, 21, 7.62%, 0, 0, 2, 8.43
1747822735, 0, 330, 1158, 1157, 21, 7.62%, 0, 0, 2, 9.19
1747822756, 0, 330, 1159, 1158, 21, 7.62%, 0, 0, 2, 9.56
1747822786, 0, 331, 1159, 1158, 22, 7.62%, 0, 0, 2, 9.82
1747822792, 0, 332, 1159, 1158, 22, 7.62%, 0, 0, 2, 9.17
1747822797, 0, 333, 1159, 1158, 22, 7.62%, 0, 0, 2, 9.14
1747822802, 0, 334, 1159, 1158, 22, 7.62%, 0, 0, 2, 9.04
1747822807, 0, 335, 1160, 1159, 22, 7.62%, 0, 0, 2, 8.95
1747822823, 0, 338, 1160, 1159, 22, 7.62%, 0, 0, 2, 9.74
1747822828, 0, 339, 1160, 1159, 22, 7.62%, 0, 0, 2, 9.45
1747822833, 0, 340, 1160, 1159, 22, 7.62%, 0, 0, 2, 10.25
1747822838, 0, 341, 1160, 1159, 22, 7.62%, 0, 0, 2, 10.10
1747822843, 0, 342, 1161, 1160, 22, 7.62%, 0, 0, 2, 8.73
1747822854, 0, 343, 1161, 1160, 22, 7.62%, 0, 0, 2, 10.18
1747822859, 0, 344, 1162, 1161, 22, 7.62%, 0, 0, 2, 9.65
1747822869, 0, 345, 1162, 1161, 22, 7.62%, 0, 0, 2, 9.53
1747822874, 0, 346, 1162, 1161, 22, 7.62%, 0, 0, 2, 10.42
1747822879, 0, 347, 1162, 1161, 22, 7.62%, 0, 0, 2, 9.52
1747822885, 0, 349, 1162, 1161, 22, 7.62%, 0, 0, 2, 9.37
1747822890, 0, 350, 1162, 1161, 22, 7.62%, 0, 0, 2, 9.08
1747822895, 0, 351, 1163, 1162, 22, 7.62%, 0, 0, 2, 8.95
1747822910, 0, 352, 1164, 1163, 22, 7.62%, 0, 0, 2, 8.65
1747822920, 0, 353, 1164, 1163, 22, 7.62%, 0, 0, 2, 9.84
1747822926, 0, 355, 1164, 1163, 22, 7.62%, 0, 0, 2, 9.58
1747822931, 0, 356, 1164, 1163, 22, 7.62%, 0, 0, 2, 10.22
1747822936, 0, 357, 1164, 1163, 22, 7.62%, 0, 0, 2, 9.41
1747822941, 0, 358, 1164, 1163, 22, 7.62%, 0, 0, 2, 9.03
1747822946, 0, 359, 1164, 1163, 22, 7.62%, 0, 0, 2, 9.24
1747822957, 0, 361, 1164, 1163, 22, 7.62%, 0, 0, 2, 8.90
1747822962, 0, 362, 1164, 1163, 22, 7.62%, 0, 0, 2, 9.17
1747822967, 0, 363, 1164, 1163, 22, 7.62%, 0, 0, 2, 9.40
1747822972, 0, 364, 1164, 1163, 22, 7.62%, 0, 0, 2, 8.78
1747822977, 0, 366, 1164, 1163, 22, 7.62%, 0, 0, 2, 9.18
1747822982, 0, 367, 1164, 1163, 22, 7.62%, 0, 0, 2, 9.28
1747822987, 0, 368, 1164, 1163, 22, 7.62%, 0, 0, 2, 9.14
1747822993, 0, 370, 1165, 1164, 22, 7.62%, 0, 0, 2, 8.87
1747823008, 0, 372, 1165, 1164, 22, 7.62%, 0, 0, 2, 10.30
1747823013, 0, 373, 1165, 1164, 22, 7.62%, 0, 0, 2, 9.71
1747823018, 0, 374, 1165, 1164, 22, 7.62%, 0, 0, 2, 8.79
1747823024, 0, 374, 1166, 1165, 22, 7.62%, 0, 0, 2, 8.73
1747823029, 0, 375, 1166, 1165, 22, 7.62%, 0, 0, 2, 8.86
1747823034, 0, 376, 1166, 1165, 22, 7.62%, 0, 0, 2, 9.15
1747823039, 0, 377, 1166, 1165, 22, 7.62%, 0, 0, 2, 9.29
1747823044, 0, 379, 1166, 1165, 22, 7.62%, 0, 0, 2, 8.88
1747823050, 0, 381, 1166, 1165, 22, 7.62%, 0, 0, 2, 9.21
1747823060, 0, 383, 1166, 1165, 22, 7.62%, 0, 0, 2, 10.25
1747823070, 0, 384, 1166, 1165, 22, 7.62%, 0, 0, 2, 9.57
1747823075, 0, 385, 1166, 1165, 22, 7.62%, 0, 0, 2, 9.78
1747823080, 0, 387, 1166, 1165, 22, 7.62%, 0, 0, 2, 9.16
1747823085, 0, 389, 1166, 1165, 22, 7.62%, 0, 0, 2, 8.98
1747823091, 0, 390, 1166, 1165, 22, 7.62%, 0, 0, 2, 9.51
1747823096, 0, 393, 1166, 1165, 22, 7.62%, 0, 0, 2, 9.06
1747823101, 0, 394, 1166, 1165, 22, 7.62%, 0, 0, 2, 9.35
1747823106, 0, 396, 1166, 1165, 22, 7.62%, 0, 0, 2, 8.48
1747823111, 0, 397, 1167, 1166, 22, 7.62%, 0, 0, 2, 8.13
1747823127, 0, 398, 1167, 1166, 22, 7.62%, 0, 0, 2, 9.93
1747823132, 0, 399, 1167, 1166, 22, 7.62%, 0, 0, 2, 8.90
1747823137, 0, 400, 1167, 1166, 22, 7.62%, 0, 0, 2, 9.63
1747823142, 0, 401, 1167, 1166, 22, 7.62%, 0, 0, 2, 9.06
1747823147, 0, 402, 1167, 1166, 22, 7.62%, 0, 0, 2, 9.18
1747823153, 0, 402, 1168, 1167, 22, 7.62%, 0, 0, 2, 9.65
1747823158, 0, 403, 1168, 1167, 22, 7.62%, 0, 0, 2, 9.77
1747823163, 0, 404, 1168, 1167, 22, 7.62%, 0, 0, 2, 9.49
1747823168, 0, 405, 1168, 1167, 22, 7.62%, 0, 0, 2, 9.13
1747823173, 0, 406, 1168, 1167, 22, 7.62%, 0, 0, 2, 9.43
1747823183, 0, 407, 1168, 1167, 22, 7.62%, 0, 0, 2, 9.35
1747823188, 0, 408, 1169, 1168, 22, 7.62%, 0, 0, 2, 9.51
1747823198, 0, 409, 1169, 1168, 22, 7.62%, 0, 0, 2, 10.27
1747823203, 0, 410, 1169, 1168, 22, 7.62%, 0, 0, 2, 9.49
1747823209, 0, 411, 1169, 1168, 22, 7.62%, 0, 0, 2, 9.58
1747823214, 0, 412, 1169, 1168, 22, 7.62%, 0, 0, 2, 9.85
1747823219, 0, 414, 1169, 1168, 22, 7.62%, 0, 0, 2, 9.38
1747823224, 0, 415, 1169, 1168, 22, 7.62%, 0, 0, 2, 9.61
1747823229, 0, 418, 1169, 1168, 22, 7.62%, 0, 0, 2, 9.46
1747823234, 0, 419, 1169, 1168, 22, 7.62%, 0, 0, 2, 9.93
1747823240, 0, 423, 1169, 1168, 22, 7.62%, 0, 0, 2, 9.64
1747823245, 0, 425, 1169, 1168, 22, 7.62%, 0, 0, 2, 9.69
1747823250, 0, 427, 1169, 1168, 22, 7.62%, 0, 0, 2, 9.23
1747823260, 0, 428, 1169, 1168, 22, 7.62%, 0, 0, 2, 9.84
1747823265, 0, 429, 1169, 1168, 22, 7.62%, 0, 0, 2, 9.68
1747823270, 0, 430, 1169, 1168, 22, 7.62%, 0, 0, 2, 9.79
1747823276, 0, 431, 1169, 1168, 22, 7.62%, 0, 0, 2, 9.96
1747823281, 0, 432, 1170, 1169, 22, 7.62%, 0, 0, 2, 9.57
1747823291, 0, 434, 1170, 1169, 23, 7.62%, 0, 0, 2, 9.50
1747823296, 0, 434, 1171, 1170, 23, 7.63%, 0, 0, 2, 9.58
1747823301, 0, 435, 1171, 1170, 25, 7.63%, 0, 0, 2, 8.98
1747823306, 0, 436, 1171, 1170, 25, 7.63%, 0, 0, 2, 9.59
1747823311, 0, 437, 1171, 1170, 25, 7.63%, 0, 0, 2, 9.26
1747823316, 0, 437, 1172, 1171, 25, 7.63%, 0, 0, 2, 8.80
1747823327, 0, 438, 1172, 1171, 25, 7.63%, 0, 0, 2, 9.37
1747823332, 0, 439, 1172, 1171, 25, 7.63%, 0, 0, 2, 9.39
1747823337, 0, 440, 1172, 1171, 25, 7.63%, 0, 0, 2, 8.95
1747823342, 0, 441, 1172, 1171, 25, 7.63%, 0, 0, 2, 9.65
1747823347, 0, 443, 1172, 1171, 25, 7.63%, 0, 0, 2, 9.47
1747823353, 0, 444, 1172, 1171, 25, 7.63%, 0, 0, 2, 9.62
1747823358, 0, 445, 1172, 1171, 25, 7.63%, 0, 0, 2, 9.59
1747823363, 0, 446, 1172, 1171, 25, 7.63%, 0, 0, 2, 9.78
1747823368, 0, 447, 1172, 1171, 25, 7.63%, 0, 0, 2, 9.45
1747823373, 0, 448, 1172, 1171, 25, 7.63%, 0, 0, 2, 9.00
1747823378, 0, 448, 1173, 1172, 25, 7.63%, 0, 0, 2, 10.54
1747823383, 0, 450, 1173, 1172, 21, 7.63%, 0, 0, 2, 14.64
1747823388, 0, 453, 1173, 1172, 21, 7.63%, 0, 0, 2, 17.07
1747823394, 0, 455, 1174, 1173, 19, 7.63%, 0, 0, 2, 17.18
1747823399, 0, 456, 1174, 1173, 19, 7.63%, 0, 0, 2, 17.31
1747823404, 0, 458, 1174, 1173, 19, 7.63%, 0, 0, 2, 17.04
1747823409, 0, 462, 1174, 1173, 19, 7.63%, 0, 0, 2, 17.39
1747823414, 0, 463, 1175, 1174, 19, 7.63%, 0, 0, 2, 15.98
1747823419, 0, 464, 1175, 1174, 19, 7.63%, 0, 0, 2, 15.93
1747823425, 0, 466, 1176, 1175, 19, 7.63%, 0, 0, 2, 16.36
1747823430, 0, 467, 1176, 1175, 20, 7.63%, 0, 0, 2, 16.66
1747823435, 0, 468, 1176, 1175, 20, 7.63%, 0, 0, 2, 16.13
1747823440, 0, 470, 1176, 1175, 20, 7.63%, 0, 0, 2, 16.60
1747823445, 0, 472, 1176, 1175, 20, 7.63%, 0, 0, 2, 16.85
1747823450, 0, 475, 1176, 1175, 20, 7.63%, 0, 0, 2, 17.23
1747823455, 0, 477, 1176, 1175, 20, 7.63%, 0, 0, 2, 16.72
1747823460, 0, 479, 1176, 1175, 20, 7.63%, 0, 0, 2, 17.83
1747823465, 0, 482, 1176, 1175, 20, 7.63%, 0, 0, 2, 17.17
1747823470, 0, 483, 1176, 1175, 20, 7.63%, 0, 0, 2, 16.85
1747823476, 0, 486, 1176, 1175, 20, 7.63%, 0, 0, 2, 16.48
1747823481, 0, 486, 1177, 1176, 20, 7.63%, 0, 0, 2, 16.60
1747823486, 0, 488, 1177, 1176, 20, 7.63%, 0, 0, 2, 16.23
1747823491, 0, 491, 1177, 1176, 20, 7.63%, 0, 0, 2, 16.89
1747823496, 0, 492, 1177, 1176, 20, 7.63%, 0, 0, 2, 15.43
1747823501, 0, 495, 1177, 1176, 20, 7.63%, 0, 0, 2, 15.58
1747823506, 0, 496, 1177, 1176, 20, 7.63%, 0, 0, 2, 15.58
1747823512, 0, 498, 1177, 1176, 20, 7.63%, 0, 0, 2, 16.32
1747823517, 0, 499, 1177, 1176, 20, 7.63%, 0, 0, 2, 17.12
1747823522, 0, 501, 1178, 1177, 20, 7.63%, 0, 0, 2, 15.94
1747823527, 0, 502, 1178, 1177, 20, 7.63%, 0, 0, 2, 16.11
1747823532, 0, 503, 1178, 1177, 20, 7.63%, 0, 0, 2, 16.00
1747823537, 0, 505, 1178, 1177, 20, 7.63%, 0, 0, 2, 15.57
1747823542, 0, 506, 1178, 1177, 20, 7.63%, 0, 0, 2, 14.63
1747823547, 0, 508, 1178, 1177, 20, 7.63%, 0, 0, 2, 16.44
1747823552, 0, 511, 1178, 1177, 20, 7.63%, 0, 0, 2, 16.97
1747823557, 0, 511, 1179, 1178, 20, 7.63%, 0, 0, 2, 16.87
1747823562, 0, 512, 1180, 1179, 20, 7.63%, 0, 0, 2, 15.41
1747823568, 0, 513, 1180, 1179, 20, 7.63%, 0, 0, 2, 16.06
1747823573, 0, 515, 1180, 1179, 20, 7.63%, 0, 0, 2, 16.47
1747823578, 0, 516, 1180, 1179, 20, 7.63%, 0, 0, 2, 16.25
1747823583, 0, 518, 1180, 1179, 20, 7.63%, 0, 0, 2, 17.21
1747823588, 0, 519, 1180, 1179, 20, 7.63%, 0, 0, 2, 15.22
1747823593, 0, 522, 1180, 1179, 20, 7.63%, 0, 0, 2, 11.66
1747823604, 0, 523, 1180, 1179, 20, 7.63%, 0, 0, 2, 10.00
1747823609, 0, 524, 1180, 1179, 20, 7.63%, 0, 0, 2, 8.69
1747823614, 0, 525, 1180, 1179, 20, 7.63%, 0, 0, 2, 9.37
1747823619, 0, 526, 1180, 1179, 20, 7.63%, 0, 0, 2, 9.66
1747823624, 0, 527, 1180, 1179, 20, 7.63%, 0, 0, 2, 9.70
1747823630, 0, 528, 1180, 1179, 20, 7.63%, 0, 0, 2, 9.63
1747823635, 0, 529, 1180, 1179, 20, 7.63%, 0, 0, 2, 9.12
1747823640, 0, 530, 1180, 1179, 20, 7.63%, 0, 0, 2, 9.17
1747823645, 0, 531, 1180, 1179, 20, 7.63%, 0, 0, 2, 9.30
1747823650, 0, 531, 1181, 1180, 20, 7.63%, 0, 0, 2, 9.82
1747823656, 0, 532, 1181, 1180, 20, 7.63%, 0, 0, 2, 9.10
1747823661, 0, 533, 1181, 1180, 20, 7.63%, 0, 0, 2, 10.02
1747823666, 0, 534, 1181, 1180, 20, 7.63%, 0, 0, 2, 9.84
1747823671, 0, 536, 1181, 1180, 20, 7.63%, 0, 0, 2, 10.66
1747823676, 0, 537, 1181, 1180, 20, 7.63%, 0, 0, 2, 9.66
1747823681, 0, 538, 1181, 1180, 20, 7.63%, 0, 0, 2, 9.15
1747823687, 0, 540, 1181, 1180, 20, 7.63%, 0, 0, 2, 10.56
1747823692, 0, 540, 1182, 1181, 20, 7.63%, 0, 0, 2, 8.93
1747823702, 0, 542, 1182, 1181, 20, 7.63%, 0, 0, 2, 8.81
1747823707, 0, 543, 1182, 1181, 20, 7.63%, 0, 0, 2, 9.28
1747823712, 0, 546, 1182, 1181, 20, 7.63%, 0, 0, 2, 9.05
1747823717, 0, 549, 1182, 1181, 20, 7.63%, 0, 0, 2, 9.27
1747823723, 0, 550, 1182, 1181, 20, 7.63%, 0, 0, 2, 9.55
1747823728, 0, 551, 1182, 1181, 20, 7.63%, 0, 0, 2, 10.23
1747823733, 0, 553, 1182, 1181, 20, 7.63%, 0, 0, 2, 9.54
1747823738, 0, 554, 1182, 1181, 20, 7.63%, 0, 0, 2, 10.03
1747823743, 0, 555, 1182, 1181, 20, 7.63%, 0, 0, 2, 9.84
1747823748, 0, 556, 1182, 1181, 20, 7.63%, 0, 0, 2, 9.83
1747823753, 0, 557, 1182, 1181, 20, 7.63%, 0, 0, 2, 9.27
1747823759, 0, 559, 1182, 1181, 20, 7.63%, 0, 0, 2, 9.67
1747823764, 0, 562, 1182, 1181, 20, 7.63%, 0, 0, 2, 10.16
1747823769, 0, 563, 1182, 1181, 20, 7.63%, 0, 0, 2, 10.09
1747823774, 0, 565, 1182, 1181, 20, 7.63%, 0, 0, 2, 9.41
1747823779, 0, 566, 1182, 1181, 20, 7.63%, 0, 0, 2, 9.35
1747823784, 0, 567, 1182, 1181, 20, 7.63%, 0, 0, 2, 9.33
1747823794, 0, 569, 1182, 1181, 20, 7.63%, 0, 0, 2, 10.51
1747823799, 0, 570, 1182, 1181, 20, 7.63%, 0, 0, 2, 9.45
1747823810, 0, 571, 1182, 1181, 20, 7.63%, 0, 0, 2, 9.56
1747823815, 0, 572, 1182, 1181, 20, 7.63%, 0, 0, 2, 9.31
1747823820, 0, 574, 1182, 1181, 20, 7.63%, 0, 0, 2, 9.62
1747823825, 0, 575, 1182, 1181, 20, 7.63%, 0, 0, 2, 9.78
1747823830, 0, 576, 1182, 1181, 20, 7.63%, 0, 0, 2, 9.11
1747823835, 0, 578, 1182, 1181, 20, 7.63%, 0, 0, 2, 9.32
1747823841, 0, 580, 1182, 1181, 20, 7.63%, 0, 0, 2, 10.05
1747823846, 0, 582, 1182, 1181, 20, 7.63%, 0, 0, 2, 9.74
1747823851, 0, 585, 1182, 1181, 20, 7.63%, 0, 0, 2, 10.05
1747823856, 0, 586, 1182, 1181, 20, 7.63%, 0, 0, 2, 10.07
1747823861, 0, 587, 1182, 1181, 20, 7.63%, 0, 0, 2, 9.84
1747823866, 0, 588, 1182, 1181, 20, 7.63%, 0, 0, 2, 9.98
1747823871, 0, 589, 1182, 1181, 20, 7.63%, 0, 0, 2, 9.42
1747823876, 0, 590, 1182, 1181, 20, 7.63%, 0, 0, 2, 9.99
1747823881, 0, 592, 1182, 1181, 20, 7.63%, 0, 0, 2, 10.01
1747823887, 0, 593, 1182, 1181, 20, 7.63%, 0, 0, 2, 9.52
1747823892, 0, 594, 1182, 1181, 20, 7.63%, 0, 0, 2, 9.39
1747823897, 0, 595, 1182, 1181, 20, 7.63%, 0, 0, 2, 9.24
1747823902, 0, 596, 1182, 1181, 20, 7.63%, 0, 0, 2, 8.97
1747823907, 0, 597, 1182, 1181, 20, 7.63%, 0, 0, 2, 10.21
1747823912, 0, 599, 1182, 1181, 20, 7.63%, 0, 0, 2, 9.74
1747823917, 0, 600, 1182, 1181, 20, 7.63%, 0, 0, 2, 9.24
1747823922, 0, 601, 1182, 1181, 20, 7.63%, 0, 0, 2, 10.51
1747823927, 0, 602, 1182, 1181, 20, 7.63%, 0, 0, 2, 9.54
1747823938, 0, 603, 1182, 1181, 20, 7.63%, 0, 0, 2, 9.44
1747823943, 0, 604, 1182, 1181, 20, 7.63%, 0, 0, 2, 9.04
1747823948, 0, 606, 1182, 1181, 20, 7.63%, 0, 0, 2, 9.41
1747823953, 0, 607, 1182, 1181, 20, 7.63%, 0, 0, 2, 11.33
1747823958, 0, 608, 1182, 1181, 20, 7.63%, 0, 0, 2, 10.32
1747823963, 0, 609, 1182, 1181, 20, 7.63%, 0, 0, 2, 10.04
1747823969, 0, 612, 1182, 1181, 20, 7.63%, 0, 0, 2, 9.98
1747823974, 0, 613, 1182, 1181, 20, 7.63%, 0, 0, 2, 10.27
1747823979, 0, 615, 1182, 1181, 20, 7.63%, 0, 0, 2, 9.73
1747823984, 0, 616, 1182, 1181, 20, 7.63%, 0, 0, 2, 9.78
1747823989, 0, 617, 1182, 1181, 20, 7.63%, 0, 0, 2, 10.15
1747823994, 0, 618, 1182, 1181, 20, 7.63%, 0, 0, 2, 9.77
1747823999, 0, 620, 1182, 1181, 20, 7.63%, 0, 0, 2, 9.97
1747824004, 0, 621, 1182, 1181, 20, 7.63%, 0, 0, 2, 9.50
1747824010, 0, 622, 1182, 1181, 20, 7.63%, 0, 0, 2, 9.17
1747824015, 0, 624, 1182, 1181, 20, 7.63%, 0, 0, 2, 8.88
1747824020, 0, 625, 1182, 1181, 20, 7.63%, 0, 0, 2, 9.31
1747824025, 0, 628, 1182, 1181, 20, 7.63%, 0, 0, 2, 9.94
1747824030, 0, 629, 1182, 1181, 20, 7.63%, 0, 0, 2, 9.34
1747824035, 0, 630, 1182, 1181, 20, 7.63%, 0, 0, 2, 9.22
1747824040, 0, 631, 1182, 1181, 20, 7.63%, 0, 0, 2, 9.45
1747824045, 0, 632, 1183, 1182, 20, 7.63%, 0, 0, 2, 9.53
1747824056, 0, 633, 1183, 1182, 20, 7.63%, 0, 0, 2, 9.60
1747824061, 0, 633, 1184, 1183, 20, 7.63%, 0, 0, 2, 9.60
1747824066, 0, 635, 1184, 1183, 20, 7.63%, 0, 0, 2, 9.65
1747824076, 0, 636, 1184, 1183, 20, 7.63%, 0, 0, 2, 9.47
1747824081, 0, 638, 1184, 1183, 20, 7.63%, 0, 0, 2, 10.07
1747824086, 0, 639, 1184, 1183, 20, 7.63%, 0, 0, 2, 9.89
1747824092, 0, 640, 1185, 1184, 20, 7.63%, 0, 0, 2, 9.81
1747824102, 0, 641, 1185, 1184, 20, 7.63%, 0, 0, 2, 9.89
1747824107, 0, 642, 1185, 1184, 20, 7.63%, 0, 0, 2, 10.34
1747824112, 0, 645, 1185, 1184, 20, 7.63%, 0, 0, 2, 10.23
1747824117, 0, 646, 1185, 1184, 20, 7.63%, 0, 0, 2, 9.74
1747824123, 0, 647, 1185, 1184, 20, 7.63%, 0, 0, 2, 9.69
1747824128, 0, 648, 1185, 1184, 20, 7.63%, 0, 0, 2, 9.19
1747824133, 0, 649, 1185, 1184, 20, 7.63%, 0, 0, 2, 9.40
1747824138, 0, 650, 1185, 1184, 20, 7.63%, 0, 0, 2, 9.35
1747824143, 0, 652, 1185, 1184, 20, 7.63%, 0, 0, 2, 9.48
1747824148, 0, 653, 1185, 1184, 20, 7.63%, 0, 0, 2, 9.81
1747824153, 0, 654, 1185, 1184, 20, 7.63%, 0, 0, 2, 9.31
1747824159, 0, 655, 1185, 1184, 20, 7.63%, 0, 0, 2, 8.94
1747824164, 0, 656, 1185, 1184, 20, 7.63%, 0, 0, 2, 9.59
1747824169, 0, 657, 1185, 1184, 20, 7.63%, 0, 0, 2, 9.57
1747824174, 0, 658, 1185, 1184, 20, 7.63%, 0, 0, 2, 9.61
1747824180, 0, 660, 1185, 1184, 20, 7.63%, 0, 0, 2, 8.97
1747824185, 0, 661, 1185, 1184, 20, 7.63%, 0, 0, 2, 9.33
1747824190, 0, 662, 1185, 1184, 20, 7.63%, 0, 0, 2, 10.08
1747824195, 0, 663, 1185, 1184, 20, 7.63%, 0, 0, 2, 10.12
1747824200, 0, 665, 1185, 1184, 20, 7.63%, 0, 0, 2, 10.17
1747824206, 0, 667, 1185, 1184, 20, 7.63%, 0, 0, 2, 9.49
1747824211, 0, 668, 1185, 1184, 20, 7.63%, 0, 0, 2, 10.55
1747824216, 0, 669, 1185, 1184, 20, 7.63%, 0, 0, 2, 10.38
1747824221, 0, 671, 1185, 1184, 20, 7.63%, 0, 0, 2, 10.49
1747824226, 0, 672, 1185, 1184, 20, 7.63%, 0, 0, 2, 12.98
1747826505, 0, 673, 1185, 1183, 20, 7.63%, 0, 0, 2, 28.35
1747826511, 0, 675, 1185, 1183, 20, 7.63%, 0, 0, 2, 19.23
1747826516, 0, 676, 1186, 1184, 20, 7.63%, 0, 0, 3, 17.53
1747826521, 0, 679, 1186, 1184, 21, 7.63%, 0, 0, 3, 17.81
1747826526, 0, 680, 1186, 1184, 21, 7.63%, 0, 0, 3, 17.74
1747826531, 0, 682, 1186, 1184, 21, 7.63%, 0, 0, 3, 17.11
1747826536, 0, 686, 1186, 1184, 21, 7.63%, 0, 0, 3, 17.84
1747826541, 0, 688, 1186, 1184, 21, 7.63%, 0, 0, 3, 18.22
1747826546, 0, 689, 1186, 1184, 21, 7.63%, 0, 0, 3, 18.13
1747826551, 0, 691, 1186, 1184, 21, 7.63%, 0, 0, 3, 18.73
1747826557, 0, 693, 1186, 1184, 21, 7.63%, 0, 0, 3, 18.06
1747826562, 0, 696, 1186, 1184, 21, 7.63%, 0, 0, 3, 17.67
1747826567, 0, 697, 1186, 1184, 21, 7.63%, 0, 0, 3, 17.37
1747826572, 0, 698, 1187, 1185, 21, 7.63%, 0, 0, 3, 17.38
1747826577, 0, 700, 1187, 1185, 21, 7.63%, 0, 0, 3, 16.31
1747826582, 0, 700, 1188, 1186, 21, 7.63%, 0, 0, 3, 11.38
1747826592, 0, 702, 1188, 1186, 21, 7.63%, 0, 0, 3, 11.05
1747826597, 0, 703, 1188, 1186, 21, 7.63%, 0, 0, 3, 10.18
1747826602, 0, 706, 1188, 1186, 21, 7.63%, 0, 0, 3, 10.51
1747826607, 0, 707, 1188, 1186, 21, 7.63%, 0, 0, 3, 10.55
1747826613, 0, 712, 1188, 1186, 21, 7.63%, 0, 0, 3, 9.87
1747826618, 0, 713, 1188, 1186, 21, 7.63%, 0, 0, 3, 10.11
1747826623, 0, 714, 1188, 1186, 21, 7.63%, 0, 0, 3, 10.07
1747826628, 0, 715, 1188, 1186, 21, 7.63%, 0, 0, 3, 10.73
1747826633, 0, 716, 1188, 1186, 21, 7.63%, 0, 0, 3, 10.83
1747826638, 0, 717, 1188, 1186, 21, 7.63%, 0, 0, 3, 10.98
1747826643, 0, 718, 1188, 1186, 21, 7.63%, 0, 0, 3, 10.04
1747826648, 0, 720, 1188, 1186, 21, 7.63%, 0, 0, 3, 10.67
1747826653, 0, 721, 1188, 1186, 21, 7.63%, 0, 0, 3, 10.45
1747826659, 0, 722, 1188, 1186, 21, 7.63%, 0, 0, 3, 9.73
1747826664, 0, 723, 1188, 1186, 21, 7.63%, 0, 0, 3, 9.82
1747826669, 0, 724, 1188, 1186, 21, 7.63%, 0, 0, 3, 10.14
1747826674, 0, 725, 1188, 1186, 21, 7.63%, 0, 0, 3, 10.62
1747826679, 0, 726, 1188, 1186, 21, 7.63%, 0, 0, 3, 11.05
1747826684, 0, 727, 1188, 1186, 21, 7.63%, 0, 0, 3, 10.68
1747826689, 0, 729, 1188, 1186, 21, 7.63%, 0, 0, 3, 10.27
1747826695, 0, 730, 1188, 1186, 21, 7.63%, 0, 0, 3, 10.78
1747826700, 0, 731, 1188, 1186, 21, 7.63%, 0, 0, 3, 9.99
1747826705, 0, 732, 1188, 1186, 21, 7.63%, 0, 0, 3, 10.02
1747826710, 0, 733, 1188, 1186, 21, 7.63%, 0, 0, 3, 10.39
1747826715, 0, 735, 1188, 1186, 21, 7.63%, 0, 0, 3, 10.66
1747826720, 0, 737, 1188, 1186, 21, 7.63%, 0, 0, 3, 10.24
1747826725, 0, 739, 1188, 1186, 21, 7.63%, 0, 0, 3, 10.40
1747826730, 0, 740, 1188, 1186, 21, 7.63%, 0, 0, 3, 10.46
1747826735, 0, 741, 1189, 1187, 21, 7.63%, 0, 0, 3, 9.85
1747826746, 0, 742, 1189, 1187, 21, 7.63%, 0, 0, 3, 10.18
1747826751, 0, 744, 1189, 1187, 21, 7.63%, 0, 0, 3, 9.90
1747826756, 0, 745, 1189, 1187, 21, 7.63%, 0, 0, 3, 10.29
1747826761, 0, 746, 1189, 1187, 21, 7.63%, 0, 0, 3, 9.63
1747826766, 0, 747, 1189, 1187, 21, 7.63%, 0, 0, 3, 9.94
1747826771, 0, 748, 1189, 1187, 21, 7.63%, 0, 0, 3, 10.33
1747826776, 0, 749, 1189, 1187, 21, 7.63%, 0, 0, 3, 10.40
1747826781, 0, 751, 1189, 1187, 21, 7.63%, 0, 0, 3, 10.57
1747826787, 0, 752, 1189, 1187, 21, 7.63%, 0, 0, 3, 10.45
1747826792, 0, 753, 1189, 1187, 21, 7.63%, 0, 0, 3, 10.28
1747826797, 0, 754, 1189, 1187, 21, 7.63%, 0, 0, 3, 10.16
1747826802, 0, 755, 1189, 1187, 21, 7.63%, 0, 0, 3, 10.23
1747826807, 0, 757, 1189, 1187, 21, 7.63%, 0, 0, 3, 10.51
1747826812, 0, 758, 1189, 1187, 21, 7.63%, 0, 0, 3, 9.74
1747826818, 0, 759, 1189, 1187, 21, 7.63%, 0, 0, 3, 10.62
1747826823, 0, 760, 1189, 1187, 21, 7.63%, 0, 0, 3, 9.67
1747826828, 0, 762, 1189, 1187, 21, 7.63%, 0, 0, 3, 10.21
1747826833, 0, 763, 1189, 1187, 21, 7.63%, 0, 0, 3, 9.91
1747826838, 0, 764, 1189, 1187, 21, 7.63%, 0, 0, 3, 10.25
1747826843, 0, 765, 1189, 1187, 21, 7.63%, 0, 0, 3, 9.72
1747826849, 0, 766, 1189, 1187, 21, 7.63%, 0, 0, 3, 10.05
1747826854, 0, 767, 1189, 1187, 21, 7.63%, 0, 0, 3, 10.28
1747826859, 0, 768, 1189, 1187, 21, 7.63%, 0, 0, 3, 10.48
1747826864, 0, 769, 1189, 1187, 21, 7.63%, 0, 0, 3, 9.69
1747826869, 0, 770, 1189, 1187, 21, 7.63%, 0, 0, 3, 10.16
1747826874, 0, 771, 1189, 1187, 21, 7.63%, 0, 0, 3, 9.61
1747826879, 0, 771, 1190, 1188, 21, 7.63%, 0, 0, 3, 9.43
1747826884, 0, 772, 1190, 1188, 21, 7.63%, 0, 0, 3, 9.89
1747826889, 0, 773, 1190, 1188, 21, 7.63%, 0, 0, 3, 11.17
1747826895, 0, 776, 1190, 1188, 21, 7.63%, 0, 0, 3, 12.43
1747830335, 0, 778, 1190, 1187, 21, 7.63%, 0, 0, 3, 12.68
1747830340, 0, 779, 1190, 1187, 21, 7.63%, 0, 0, 3, 11.21
1747830345, 0, 780, 1190, 1187, 21, 7.63%, 0, 0, 3, 10.80
1747830351, 0, 781, 1190, 1187, 21, 7.63%, 0, 0, 3, 10.28
1747830356, 0, 782, 1190, 1187, 21, 7.63%, 0, 0, 3, 9.75
1747830361, 0, 783, 1190, 1187, 21, 7.63%, 0, 0, 3, 9.71
1747830366, 0, 784, 1190, 1187, 21, 7.63%, 0, 0, 3, 10.03
1747830371, 0, 785, 1190, 1187, 21, 7.63%, 0, 0, 3, 9.64
1747830376, 0, 786, 1190, 1187, 21, 7.63%, 0, 0, 3, 10.34
1747830381, 0, 788, 1190, 1187, 21, 7.63%, 0, 0, 3, 10.38
1747830386, 0, 789, 1191, 1188, 21, 7.63%, 0, 0, 3, 10.12
1747830397, 0, 791, 1191, 1188, 21, 7.63%, 0, 0, 3, 10.72
1747830402, 0, 793, 1191, 1188, 21, 7.63%, 0, 0, 3, 10.61
1747830407, 0, 794, 1191, 1188, 21, 7.63%, 0, 0, 3, 11.35
1747830412, 0, 795, 1191, 1188, 21, 7.63%, 0, 0, 3, 10.49
1747830417, 0, 796, 1191, 1188, 21, 7.63%, 0, 0, 3, 10.42
1747830422, 0, 797, 1191, 1188, 21, 7.63%, 0, 0, 3, 10.39
1747830427, 0, 799, 1191, 1188, 21, 7.63%, 0, 0, 3, 10.51
1747830433, 0, 801, 1191, 1188, 21, 7.63%, 0, 0, 3, 10.72
1747830438, 0, 801, 1192, 1189, 21, 7.63%, 0, 0, 3, 9.59
1747830448, 0, 803, 1192, 1189, 21, 7.63%, 0, 0, 3, 10.98
1747830453, 0, 804, 1192, 1189, 21, 7.63%, 0, 0, 3, 10.54
1747830459, 0, 805, 1192, 1189, 21, 7.63%, 0, 0, 3, 10.38
1747830464, 0, 806, 1192, 1189, 21, 7.63%, 0, 0, 3, 10.01
1747830469, 0, 807, 1192, 1189, 21, 7.63%, 0, 0, 3, 9.85
1747830474, 0, 810, 1192, 1189, 21, 7.63%, 0, 0, 3, 10.46
1747830479, 0, 811, 1192, 1189, 21, 7.63%, 0, 0, 3, 10.49
1747830484, 0, 813, 1192, 1189, 21, 7.63%, 0, 0, 3, 10.11
1747830489, 0, 814, 1192, 1189, 21, 7.63%, 0, 0, 3, 9.01
1747830495, 0, 815, 1192, 1189, 21, 7.63%, 0, 0, 3, 10.17
1747830500, 0, 816, 1192, 1189, 21, 7.63%, 0, 0, 3, 10.60
1747830505, 0, 817, 1192, 1189, 21, 7.63%, 0, 0, 3, 10.69
1747830510, 0, 818, 1192, 1189, 21, 7.63%, 0, 0, 3, 11.03
1747830515, 0, 819, 1192, 1189, 21, 7.63%, 0, 0, 3, 10.80
1747830520, 0, 820, 1193, 1190, 21, 7.63%, 0, 0, 3, 10.60
1747830530, 0, 821, 1193, 1190, 21, 7.63%, 0, 0, 3, 9.78
1747830535, 0, 822, 1193, 1190, 21, 7.63%, 0, 0, 3, 10.07
1747830541, 0, 823, 1193, 1190, 21, 7.63%, 0, 0, 3, 10.57
1747830546, 0, 824, 1193, 1190, 21, 7.63%, 0, 0, 3, 10.53
1747830551, 0, 826, 1193, 1190, 21, 7.63%, 0, 0, 3, 10.51
1747830556, 0, 827, 1193, 1190, 21, 7.63%, 0, 0, 3, 11.07
1747830561, 0, 828, 1193, 1190, 21, 7.63%, 0, 0, 3, 10.34
1747830566, 0, 831, 1193, 1190, 21, 7.63%, 0, 0, 3, 10.39
1747830572, 0, 832, 1193, 1190, 21, 7.63%, 0, 0, 3, 10.28
1747830577, 0, 833, 1193, 1190, 21, 7.63%, 0, 0, 3, 10.70
1747830582, 0, 834, 1193, 1190, 21, 7.63%, 0, 0, 3, 10.19
1747830587, 0, 835, 1193, 1190, 21, 7.63%, 0, 0, 3, 11.16
1747830592, 0, 837, 1193, 1190, 21, 7.63%, 0, 0, 3, 10.38
1747830598, 0, 838, 1193, 1190, 21, 7.63%, 0, 0, 3, 10.28
1747830603, 0, 839, 1193, 1190, 21, 7.63%, 0, 0, 3, 9.76
1747830608, 0, 840, 1193, 1190, 21, 7.63%, 0, 0, 3, 10.16
1747830613, 0, 842, 1193, 1190, 21, 7.63%, 0, 0, 3, 9.91
1747830618, 0, 843, 1193, 1190, 21, 7.63%, 0, 0, 3, 9.75
1747830623, 0, 844, 1193, 1190, 21, 7.63%, 0, 0, 3, 12.38
1747833612, 0, 845, 1193, 1189, 21, 7.63%, 0, 0, 3, 11.45
1747833617, 0, 846, 1193, 1189, 21, 7.63%, 0, 0, 3, 10.88
1747833622, 0, 847, 1193, 1189, 21, 7.63%, 0, 0, 3, 9.92
1747833628, 0, 849, 1193, 1189, 21, 7.63%, 0, 0, 3, 10.34
1747833633, 0, 850, 1193, 1189, 21, 7.63%, 0, 0, 3, 9.91
1747833638, 0, 851, 1193, 1189, 21, 7.63%, 0, 0, 3, 9.70
1747833643, 0, 854, 1193, 1189, 21, 7.63%, 0, 0, 3, 10.11
1747833648, 0, 855, 1193, 1189, 21, 7.63%, 0, 0, 3, 11.08
1747833653, 0, 856, 1193, 1189, 21, 7.63%, 0, 0, 3, 9.85
1747833658, 0, 857, 1193, 1189, 21, 7.63%, 0, 0, 3, 10.28
1747833664, 0, 859, 1193, 1189, 21, 7.63%, 0, 0, 3, 9.82
1747833669, 0, 860, 1194, 1190, 21, 7.63%, 0, 0, 3, 9.90
1747833679, 0, 862, 1194, 1190, 21, 7.63%, 0, 0, 3, 9.76
1747833684, 0, 863, 1194, 1190, 21, 7.63%, 0, 0, 3, 10.53
1747833689, 0, 864, 1194, 1190, 21, 7.63%, 0, 0, 3, 10.79
1747833694, 0, 865, 1194, 1190, 21, 7.63%, 0, 0, 3, 10.20
1747833699, 0, 867, 1194, 1190, 21, 7.63%, 0, 0, 3, 10.87
1747833704, 0, 868, 1194, 1190, 21, 7.63%, 0, 0, 3, 10.53
1747833710, 0, 869, 1194, 1190, 21, 7.63%, 0, 0, 3, 11.01
1747833715, 0, 870, 1194, 1190, 21, 7.63%, 0, 0, 3, 11.65
1747833720, 0, 871, 1194, 1190, 21, 7.63%, 0, 0, 3, 10.73
1747833725, 0, 876, 1194, 1190, 21, 7.63%, 0, 0, 3, 10.73
1747833730, 0, 877, 1194, 1190, 21, 7.63%, 0, 0, 3, 9.80
1747833735, 0, 878, 1194, 1190, 21, 7.63%, 0, 0, 3, 10.11
1747833741, 0, 881, 1194, 1190, 21, 7.63%, 0, 0, 3, 10.77
1747833746, 0, 882, 1194, 1190, 21, 7.63%, 0, 0, 3, 10.10
1747833751, 0, 884, 1194, 1190, 21, 7.63%, 0, 0, 3, 9.92
1747833756, 0, 885, 1194, 1190, 21, 7.63%, 0, 0, 3, 10.28
1747833761, 0, 886, 1194, 1190, 21, 7.63%, 0, 0, 3, 10.16
1747833766, 0, 887, 1194, 1190, 21, 7.63%, 0, 0, 3, 10.40
1747833771, 0, 888, 1194, 1190, 21, 7.63%, 0, 0, 3, 9.81
1747833776, 0, 889, 1194, 1190, 21, 7.63%, 0, 0, 3, 10.47
1747833781, 0, 890, 1194, 1190, 21, 7.63%, 0, 0, 3, 10.49
1747833787, 0, 891, 1194, 1190, 21, 7.63%, 0, 0, 3, 9.79
1747833792, 0, 892, 1194, 1190, 21, 7.63%, 0, 0, 3, 10.02
1747833797, 0, 893, 1194, 1190, 21, 7.63%, 0, 0, 3, 9.79
1747833802, 0, 895, 1194, 1190, 21, 7.63%, 0, 0, 3, 10.80
1747833807, 0, 897, 1194, 1190, 21, 7.63%, 0, 0, 3, 10.21
1747833812, 0, 898, 1194, 1190, 21, 7.63%, 0, 0, 3, 10.09
1747833818, 0, 899, 1194, 1190, 21, 7.63%, 0, 0, 3, 10.54
1747833823, 0, 900, 1194, 1190, 21, 7.63%, 0, 0, 3, 10.46
1747833828, 0, 901, 1194, 1190, 21, 7.63%, 0, 0, 3, 9.61
1747833833, 0, 903, 1194, 1190, 21, 7.63%, 0, 0, 3, 10.03
1747833838, 0, 904, 1194, 1190, 21, 7.63%, 0, 0, 3, 10.18
1747833843, 0, 906, 1194, 1190, 21, 7.63%, 0, 0, 3, 10.88
1747833849, 0, 908, 1194, 1190, 21, 7.63%, 0, 0, 3, 10.10
1747833854, 0, 909, 1194, 1190, 21, 7.63%, 0, 0, 3, 10.36
1747833859, 0, 910, 1194, 1190, 21, 7.63%, 0, 0, 3, 10.82
1747833864, 0, 911, 1194, 1190, 21, 7.63%, 0, 0, 3, 10.42
1747833869, 0, 912, 1194, 1190, 21, 7.63%, 0, 0, 3, 10.52
1747833874, 0, 915, 1194, 1190, 21, 7.63%, 0, 0, 3, 10.51
1747833880, 0, 916, 1194, 1190, 21, 7.63%, 0, 0, 3, 10.82
1747833885, 0, 918, 1194, 1190, 21, 7.63%, 0, 0, 3, 10.39
1747833890, 0, 919, 1194, 1190, 21, 7.63%, 0, 0, 3, 10.07
1747833895, 0, 920, 1194, 1190, 21, 7.63%, 0, 0, 3, 10.09
1747833900, 0, 921, 1194, 1190, 21, 7.63%, 0, 0, 3, 9.76
1747833905, 0, 922, 1194, 1190, 21, 7.63%, 0, 0, 3, 10.33
1747833911, 0, 923, 1194, 1190, 21, 7.63%, 0, 0, 3, 10.30
1747833916, 0, 924, 1194, 1190, 21, 7.63%, 0, 0, 3, 10.26
1747833921, 0, 926, 1194, 1190, 21, 7.63%, 0, 0, 3, 11.25
1747833926, 0, 927, 1194, 1190, 21, 7.63%, 0, 0, 3, 10.03
1747833931, 0, 928, 1194, 1190, 21, 7.63%, 0, 0, 3, 10.46
1747833936, 0, 929, 1194, 1190, 21, 7.63%, 0, 0, 3, 9.96
1747833942, 0, 930, 1194, 1190, 21, 7.63%, 0, 0, 3, 10.22
1747833947, 0, 931, 1194, 1190, 21, 7.63%, 0, 0, 3, 9.85
1747833952, 0, 933, 1194, 1190, 21, 7.63%, 0, 0, 3, 10.20
1747833957, 0, 934, 1194, 1190, 21, 7.63%, 0, 0, 3, 10.22
1747833962, 0, 936, 1194, 1190, 21, 7.63%, 0, 0, 3, 10.96
1747833967, 0, 938, 1194, 1190, 21, 7.63%, 0, 0, 3, 10.07
1747833972, 0, 939, 1194, 1190, 21, 7.63%, 0, 0, 3, 10.20
1747833977, 0, 940, 1194, 1190, 21, 7.63%, 0, 0, 3, 9.73
1747833982, 0, 941, 1194, 1190, 21, 7.63%, 0, 0, 3, 10.05
1747833987, 0, 942, 1194, 1190, 21, 7.63%, 0, 0, 3, 10.38
1747833992, 0, 943, 1194, 1190, 21, 7.63%, 0, 0, 3, 10.44
1747833998, 0, 945, 1194, 1190, 21, 7.63%, 0, 0, 3, 10.30
1747834003, 0, 949, 1194, 1190, 21, 7.63%, 0, 0, 3, 10.11
1747834008, 0, 950, 1194, 1190, 21, 7.63%, 0, 0, 3, 10.44
1747834013, 0, 951, 1194, 1190, 21, 7.63%, 0, 0, 3, 11.27
1747834018, 0, 952, 1194, 1190, 21, 7.63%, 0, 0, 3, 9.96
1747834024, 0, 954, 1194, 1190, 21, 7.63%, 0, 0, 3, 9.69
1747834029, 0, 955, 1194, 1190, 21, 7.63%, 0, 0, 3, 9.62
1747834034, 0, 956, 1194, 1190, 21, 7.63%, 0, 0, 3, 9.68
1747834039, 0, 957, 1194, 1190, 21, 7.63%, 0, 0, 3, 9.82
1747834044, 0, 958, 1194, 1190, 21, 7.63%, 0, 0, 3, 9.88
1747834049, 0, 959, 1194, 1190, 21, 7.63%, 0, 0, 3, 9.89
1747834055, 0, 960, 1194, 1190, 21, 7.63%, 0, 0, 3, 10.24
1747834060, 0, 961, 1194, 1190, 21, 7.63%, 0, 0, 3, 10.51
1747834065, 0, 962, 1194, 1190, 21, 7.63%, 0, 0, 3, 10.16
1747834070, 0, 963, 1194, 1190, 21, 7.63%, 0, 0, 3, 10.44
1747834075, 0, 964, 1194, 1190, 21, 7.63%, 0, 0, 3, 9.85
1747834080, 0, 965, 1194, 1190, 21, 7.63%, 0, 0, 3, 10.54
1747834085, 0, 966, 1194, 1190, 21, 7.63%, 0, 0, 3, 11.42
1747834090, 0, 967, 1194, 1190, 21, 7.63%, 0, 0, 3, 10.81
1747834095, 0, 969, 1194, 1190, 21, 7.63%, 0, 0, 3, 10.42
1747834100, 0, 970, 1194, 1190, 21, 7.63%, 0, 0, 3, 10.75
1747834106, 0, 971, 1194, 1190, 21, 7.63%, 0, 0, 3, 9.93
1747834111, 0, 972, 1194, 1190, 21, 7.63%, 0, 0, 3, 10.06
1747834116, 0, 974, 1194, 1190, 21, 7.63%, 0, 0, 3, 9.74
1747834121, 0, 975, 1194, 1190, 21, 7.63%, 0, 0, 3, 10.74
1747834126, 0, 976, 1194, 1190, 21, 7.63%, 0, 0, 3, 10.92
1747834131, 0, 977, 1194, 1190, 21, 7.63%, 0, 0, 3, 10.60
1747834136, 0, 978, 1194, 1190, 21, 7.63%, 0, 0, 3, 9.91
1747834141, 0, 980, 1194, 1190, 21, 7.63%, 0, 0, 3, 9.79
1747834146, 0, 981, 1194, 1190, 21, 7.63%, 0, 0, 3, 10.50
1747834152, 0, 982, 1194, 1190, 21, 7.63%, 0, 0, 3, 10.30
1747834157, 0, 983, 1194, 1190, 21, 7.63%, 0, 0, 3, 10.06
1747834162, 0, 984, 1194, 1190, 21, 7.63%, 0, 0, 3, 10.55
1747834167, 0, 985, 1194, 1190, 21, 7.63%, 0, 0, 3, 10.34
1747834172, 0, 986, 1194, 1190, 21, 7.63%, 0, 0, 3, 10.00
1747834177, 0, 987, 1194, 1190, 21, 7.63%, 0, 0, 3, 9.97
1747834182, 0, 988, 1194, 1190, 21, 7.63%, 0, 0, 3, 10.44
1747834187, 0, 990, 1194, 1190, 21, 7.63%, 0, 0, 3, 10.72
1747834193, 0, 991, 1194, 1190, 21, 7.63%, 0, 0, 3, 10.54
1747834198, 0, 992, 1194, 1190, 21, 7.63%, 0, 0, 3, 10.14
1747834203, 0, 993, 1194, 1190, 21, 7.63%, 0, 0, 3, 11.31
1747834208, 0, 994, 1194, 1190, 21, 7.63%, 0, 0, 3, 10.60
1747834213, 0, 995, 1194, 1190, 21, 7.63%, 0, 0, 3, 10.25
1747834218, 0, 996, 1194, 1190, 21, 7.63%, 0, 0, 3, 10.62
1747834223, 0, 997, 1194, 1190, 21, 7.63%, 0, 0, 3, 9.27
1747834228, 0, 998, 1194, 1190, 21, 7.63%, 0, 0, 3, 9.97
1747834234, 0, 1000, 1194, 1190, 21, 7.63%, 0, 0, 3, 10.00
1747834239, 0, 1001, 1194, 1190, 21, 7.63%, 0, 0, 3, 9.80
1747834244, 0, 1002, 1194, 1190, 21, 7.63%, 0, 0, 3, 9.50
1747834249, 0, 1005, 1194, 1190, 21, 7.63%, 0, 0, 3, 10.28
1747834254, 0, 1006, 1194, 1190, 21, 7.63%, 0, 0, 3, 9.58
1747834259, 0, 1007, 1194, 1190, 21, 7.63%, 0, 0, 3, 10.04
1747834264, 0, 1008, 1194, 1190, 21, 7.63%, 0, 0, 3, 11.15
1747834269, 0, 1009, 1194, 1190, 21, 7.63%, 0, 0, 3, 10.11
1747834274, 0, 1010, 1194, 1190, 21, 7.63%, 0, 0, 3, 10.26
1747834279, 0, 1011, 1194, 1190, 21, 7.63%, 0, 0, 3, 10.41
1747834285, 0, 1013, 1194, 1190, 21, 7.63%, 0, 0, 3, 10.16
1747834290, 0, 1014, 1194, 1190, 21, 7.63%, 0, 0, 3, 10.65
1747834295, 0, 1015, 1194, 1190, 21, 7.63%, 0, 0, 3, 10.06
1747834300, 0, 1017, 1194, 1190, 21, 7.63%, 0, 0, 3, 9.94
1747834305, 0, 1017, 1195, 1191, 21, 7.63%, 0, 0, 3, 9.06
1747834316, 0, 1019, 1195, 1191, 21, 7.63%, 0, 0, 3, 9.77
1747834326, 0, 1022, 1195, 1191, 21, 7.63%, 0, 0, 3, 10.76
1747834331, 0, 1023, 1195, 1191, 21, 7.63%, 0, 0, 3, 10.30
1747834336, 0, 1024, 1195, 1191, 21, 7.63%, 0, 0, 3, 10.08
1747834341, 0, 1026, 1195, 1191, 21, 7.63%, 0, 0, 3, 10.96
1747834346, 0, 1027, 1195, 1191, 21, 7.63%, 0, 0, 3, 9.82
1747834352, 0, 1028, 1195, 1191, 21, 7.63%, 0, 0, 3, 9.52
1747834357, 0, 1029, 1195, 1191, 21, 7.63%, 0, 0, 3, 9.79
1747834362, 0, 1030, 1195, 1191, 21, 7.63%, 0, 0, 3, 10.23
1747834367, 0, 1032, 1195, 1191, 21, 7.63%, 0, 0, 3, 10.40
1747834372, 0, 1034, 1195, 1191, 21, 7.63%, 0, 0, 3, 9.25
1747834377, 0, 1036, 1195, 1191, 21, 7.63%, 0, 0, 3, 9.73
1747834382, 0, 1037, 1195, 1191, 21, 7.63%, 0, 0, 3, 10.01
1747834387, 0, 1038, 1195, 1191, 21, 7.63%, 0, 0, 3, 10.92
1747834392, 0, 1038, 1196, 1192, 21, 7.63%, 0, 0, 3, 10.07
1747834403, 0, 1039, 1196, 1192, 21, 7.63%, 0, 0, 3, 9.48
1747834408, 0, 1040, 1196, 1192, 21, 7.63%, 0, 0, 3, 9.29
1747834413, 0, 1041, 1196, 1192, 21, 7.63%, 0, 0, 3, 9.64
1747834418, 0, 1042, 1196, 1192, 21, 7.63%, 0, 0, 3, 10.50
1747834423, 0, 1044, 1196, 1192, 21, 7.63%, 0, 0, 3, 10.36
1747834428, 0, 1045, 1196, 1192, 21, 7.63%, 0, 0, 3, 9.92
1747834434, 0, 1047, 1196, 1192, 21, 7.63%, 0, 0, 3, 9.72
1747834439, 0, 1049, 1196, 1192, 21, 7.63%, 0, 0, 3, 9.91
1747834444, 0, 1050, 1196, 1192, 21, 7.63%, 0, 0, 3, 10.56
1747834449, 0, 1051, 1196, 1192, 21, 7.63%, 0, 0, 3, 10.91
1747834454, 0, 1052, 1196, 1192, 21, 7.63%, 0, 0, 3, 10.86
1747834459, 0, 1054, 1196, 1192, 21, 7.63%, 0, 0, 3, 10.09
1747834464, 0, 1056, 1196, 1192, 21, 7.63%, 0, 0, 3, 11.03
1747834469, 0, 1057, 1196, 1192, 21, 7.63%, 0, 0, 3, 10.31
1747834479, 0, 1059, 1196, 1192, 21, 7.63%, 0, 0, 3, 9.84
1747834484, 0, 1060, 1196, 1192, 21, 7.63%, 0, 0, 3, 10.40
1747834489, 0, 1062, 1196, 1192, 21, 7.63%, 0, 0, 3, 10.35
1747834495, 0, 1063, 1196, 1192, 21, 7.63%, 0, 0, 3, 11.22
1747834500, 0, 1064, 1196, 1192, 21, 7.63%, 0, 0, 3, 11.47
1747834505, 0, 1065, 1196, 1192, 21, 7.63%, 0, 0, 3, 10.78
1747834510, 0, 1066, 1196, 1192, 21, 7.63%, 0, 0, 3, 10.72
1747834515, 0, 1067, 1196, 1192, 21, 7.63%, 0, 0, 3, 10.65
1747834520, 0, 1068, 1196, 1192, 21, 7.63%, 0, 0, 3, 10.20
1747834525, 0, 1070, 1196, 1192, 21, 7.63%, 0, 0, 3, 9.93
1747834530, 0, 1072, 1196, 1192, 21, 7.63%, 0, 0, 3, 9.76
1747834535, 0, 1074, 1196, 1192, 21, 7.63%, 0, 0, 3, 10.46
1747834540, 0, 1075, 1196, 1192, 21, 7.63%, 0, 0, 3, 10.60
1747834546, 0, 1076, 1197, 1193, 21, 7.63%, 0, 0, 3, 9.08
1747834556, 0, 1077, 1197, 1193, 21, 7.63%, 0, 0, 3, 10.23
1747834561, 0, 1079, 1197, 1193, 21, 7.63%, 0, 0, 3, 10.14
1747834566, 0, 1079, 1198, 1194, 21, 7.63%, 0, 0, 3, 9.75
1747834576, 0, 1080, 1198, 1194, 21, 7.63%, 0, 0, 3, 10.00
1747834581, 0, 1081, 1198, 1194, 21, 7.63%, 0, 0, 3, 9.99
1747834586, 0, 1082, 1198, 1194, 21, 7.63%, 0, 0, 3, 10.12
1747834592, 0, 1084, 1198, 1194, 21, 7.63%, 0, 0, 3, 10.44
1747834597, 0, 1085, 1198, 1194, 21, 7.63%, 0, 0, 3, 11.07
1747834602, 0, 1086, 1198, 1194, 21, 7.63%, 0, 0, 3, 9.86
1747834607, 0, 1087, 1198, 1194, 21, 7.63%, 0, 0, 3, 9.91
1747834612, 0, 1088, 1198, 1194, 21, 7.63%, 0, 0, 3, 10.23
1747834617, 0, 1089, 1198, 1194, 21, 7.63%, 0, 0, 3, 11.31
1747834622, 0, 1090, 1198, 1194, 21, 7.63%, 0, 0, 3, 11.08
1747834627, 0, 1092, 1198, 1194, 21, 7.63%, 0, 0, 3, 11.12
1747834632, 0, 1095, 1198, 1194, 21, 7.63%, 0, 0, 3, 10.32
1747834637, 0, 1096, 1199, 1195, 21, 7.63%, 0, 0, 3, 9.26
1747834647, 0, 1098, 1199, 1195, 21, 7.63%, 0, 0, 3, 9.21
1747834653, 0, 1099, 1199, 1195, 21, 7.63%, 0, 0, 3, 10.35
1747834658, 0, 1100, 1199, 1195, 21, 7.63%, 0, 0, 3, 10.14
1747834663, 0, 1101, 1199, 1195, 21, 7.63%, 0, 0, 3, 10.48
1747834668, 0, 1103, 1199, 1195, 21, 7.63%, 0, 0, 3, 10.56
1747834673, 0, 1104, 1199, 1195, 21, 7.63%, 0, 0, 3, 9.83
1747834679, 0, 1106, 1199, 1195, 21, 7.63%, 0, 0, 3, 10.06
1747834684, 0, 1107, 1199, 1195, 21, 7.63%, 0, 0, 3, 10.53
1747834689, 0, 1108, 1199, 1195, 21, 7.63%, 0, 0, 3, 10.71
1747834694, 0, 1109, 1199, 1195, 21, 7.63%, 0, 0, 3, 10.12
1747834699, 0, 1110, 1199, 1195, 21, 7.63%, 0, 0, 3, 9.95
1747834704, 0, 1111, 1199, 1195, 21, 7.63%, 0, 0, 3, 10.24
1747834709, 0, 1112, 1199, 1195, 21, 7.63%, 0, 0, 3, 9.66
1747834714, 0, 1113, 1199, 1195, 21, 7.63%, 0, 0, 3, 10.00
1747834719, 0, 1114, 1199, 1195, 21, 7.63%, 0, 0, 3, 9.57
1747834725, 0, 1115, 1199, 1195, 21, 7.63%, 0, 0, 3, 9.57
1747834730, 0, 1116, 1199, 1195, 21, 7.63%, 0, 0, 3, 11.15
1747834735, 0, 1117, 1199, 1195, 21, 7.63%, 0, 0, 3, 10.19
1747834740, 0, 1118, 1199, 1195, 21, 7.63%, 0, 0, 3, 10.41
1747834745, 0, 1119, 1200, 1196, 21, 7.63%, 0, 0, 3, 9.57
1747834755, 0, 1122, 1200, 1196, 21, 7.63%, 0, 0, 3, 9.42
1747834761, 0, 1123, 1200, 1196, 21, 7.63%, 0, 0, 3, 9.82
1747834766, 0, 1124, 1200, 1196, 21, 7.63%, 0, 0, 3, 10.43
1747834771, 0, 1125, 1200, 1196, 21, 7.63%, 0, 0, 3, 9.97
1747834776, 0, 1125, 1201, 1197, 21, 7.63%, 0, 0, 3, 9.75
1747834781, 0, 1125, 1202, 1198, 21, 7.63%, 0, 0, 3, 9.17
1747834797, 0, 1126, 1202, 1198, 21, 7.63%, 0, 0, 3, 10.36
1747834802, 0, 1128, 1202, 1198, 21, 7.63%, 0, 0, 3, 10.11
1747834807, 0, 1129, 1202, 1198, 21, 7.63%, 0, 0, 3, 9.62
1747834812, 0, 1130, 1202, 1198, 21, 7.63%, 0, 0, 3, 10.11
1747834818, 0, 1131, 1202, 1198, 21, 7.63%, 0, 0, 3, 10.14
1747834823, 0, 1133, 1202, 1198, 21, 7.63%, 0, 0, 3, 9.92
1747834828, 0, 1134, 1202, 1198, 21, 7.63%, 0, 0, 3, 9.47
1747834833, 0, 1137, 1202, 1198, 21, 7.63%, 0, 0, 3, 10.63
1747834838, 0, 1139, 1202, 1198, 21, 7.63%, 0, 0, 3, 10.98
1747834843, 0, 1141, 1202, 1198, 21, 7.63%, 0, 0, 3, 10.29
1747834849, 0, 1142, 1202, 1198, 21, 7.63%, 0, 0, 3, 10.20
1747834854, 0, 1143, 1202, 1198, 21, 7.63%, 0, 0, 3, 9.79
1747834859, 0, 1144, 1202, 1198, 21, 7.63%, 0, 0, 3, 10.16
1747834864, 0, 1145, 1202, 1198, 21, 7.63%, 0, 0, 3, 10.28
1747834869, 0, 1145, 1203, 1199, 21, 7.63%, 0, 0, 3, 10.23
1747834880, 0, 1146, 1203, 1199, 21, 7.63%, 0, 0, 3, 10.32
1747834885, 0, 1147, 1203, 1199, 21, 7.63%, 0, 0, 3, 10.15
1747834890, 0, 1148, 1204, 1200, 21, 7.63%, 0, 0, 3, 9.58
1747834900, 0, 1149, 1205, 1201, 21, 7.63%, 0, 0, 3, 9.60
1747834910, 0, 1150, 1205, 1201, 21, 7.63%, 0, 0, 3, 10.07
1747834915, 0, 1151, 1205, 1201, 21, 7.63%, 0, 0, 3, 10.39
1747834921, 0, 1152, 1205, 1201, 21, 7.63%, 0, 0, 3, 11.24
1747834926, 0, 1154, 1205, 1201, 21, 7.63%, 0, 0, 3, 10.77
1747834931, 0, 1156, 1205, 1201, 21, 7.63%, 0, 0, 3, 10.12
1747834936, 0, 1157, 1205, 1201, 21, 7.63%, 0, 0, 3, 10.15
1747834941, 0, 1159, 1205, 1201, 21, 7.63%, 0, 0, 3, 9.90
1747834946, 0, 1160, 1205, 1201, 21, 7.63%, 0, 0, 3, 10.15
1747834951, 0, 1161, 1205, 1201, 21, 7.63%, 0, 0, 3, 10.48
1747834956, 0, 1162, 1205, 1201, 21, 7.63%, 0, 0, 3, 9.90
1747834962, 0, 1163, 1205, 1201, 21, 7.63%, 0, 0, 3, 10.40
1747834967, 0, 1165, 1205, 1201, 21, 7.63%, 0, 0, 3, 9.37
1747834972, 0, 1166, 1205, 1201, 21, 7.63%, 0, 0, 3, 9.37
1747834977, 0, 1167, 1206, 1202, 21, 7.63%, 0, 0, 3, 10.53
1747834987, 0, 1168, 1206, 1202, 21, 7.63%, 0, 0, 3, 11.28
1747834992, 0, 1169, 1206, 1202, 21, 7.63%, 0, 0, 3, 10.31
1747845455, 0, 1170, 1206, 1201, 20, 7.63%, 0, 0, 3, 10.06
1747845460, 0, 1171, 1206, 1201, 20, 7.63%, 0, 0, 3, 9.69
1747845466, 0, 1172, 1206, 1201, 20, 7.63%, 0, 0, 3, 9.69
1747845471, 0, 1173, 1206, 1201, 20, 7.63%, 0, 0, 3, 10.44
1747845476, 0, 1173, 1208, 1203, 20, 7.67%, 0, 0, 3, 9.09
1747845496, 0, 1174, 1208, 1203, 20, 7.67%, 0, 0, 3, 9.52
1747845502, 0, 1175, 1208, 1203, 20, 7.67%, 0, 0, 3, 10.21
1747845507, 0, 1177, 1208, 1203, 20, 7.67%, 0, 0, 3, 10.77
1747845512, 0, 1178, 1209, 1204, 20, 7.67%, 0, 0, 3, 9.92
1747845522, 0, 1178, 1210, 1205, 20, 7.67%, 0, 0, 3, 10.44
1747845527, 0, 1178, 1211, 1206, 20, 7.67%, 0, 0, 3, 9.68
1747845543, 0, 1178, 1212, 1207, 20, 7.67%, 0, 0, 3, 10.21
1747845568, 0, 1178, 1213, 1208, 20, 7.67%, 0, 0, 3, 9.26
1747845573, 0, 1178, 1214, 1209, 20, 7.67%, 0, 0, 3, 9.79
1747845579, 0, 1178, 1215, 1210, 20, 7.70%, 0, 0, 3, 9.57
1747845615, 0, 1178, 1216, 1211, 20, 7.70%, 0, 0, 3, 8.87
1747845687, 0, 1179, 1216, 1211, 21, 7.70%, 0, 0, 3, 10.09
1747845692, 0, 1179, 1218, 1213, 21, 7.83%, 0, 0, 3, 8.96
1747845702, 0, 1179, 1220, 1215, 21, 7.83%, 0, 0, 3, 9.05
1747845713, 0, 1179, 1221, 1216, 21, 7.83%, 0, 0, 3, 9.67
1747845748, 0, 1179, 1222, 1217, 21, 7.83%, 0, 0, 3, 9.11
1747845774, 0, 1179, 1223, 1218, 21, 7.83%, 0, 0, 3, 9.81
1747845862, 0, 1179, 1224, 1219, 21, 7.83%, 0, 0, 3, 8.23
1747845867, 0, 1180, 1224, 1219, 22, 7.83%, 0, 0, 3, 9.41
1747845872, 0, 1182, 1224, 1219, 22, 7.83%, 0, 0, 3, 9.28
1747845877, 0, 1183, 1224, 1219, 22, 7.83%, 0, 0, 3, 10.03
1747845882, 0, 1184, 1224, 1219, 22, 7.83%, 0, 0, 3, 10.21
1747845888, 0, 1185, 1224, 1219, 22, 7.83%, 0, 0, 3, 9.86
1747845893, 0, 1186, 1224, 1219, 22, 7.83%, 0, 0, 3, 9.73
1747845898, 0, 1187, 1224, 1219, 22, 7.83%, 0, 0, 3, 10.07
1747845903, 0, 1187, 1225, 1220, 22, 7.87%, 0, 0, 3, 9.79
1747845908, 0, 1188, 1225, 1220, 23, 7.87%, 0, 0, 3, 9.24
1747845914, 0, 1189, 1225, 1220, 23, 7.87%, 0, 0, 3, 9.22
1747845919, 0, 1190, 1225, 1220, 23, 7.87%, 0, 0, 3, 8.97
1747845924, 0, 1193, 1225, 1220, 23, 7.87%, 0, 0, 3, 9.97
1747845929, 0, 1194, 1225, 1220, 23, 7.87%, 0, 0, 3, 9.84
1747845934, 0, 1195, 1225, 1220, 23, 7.87%, 0, 0, 3, 10.47
1747845939, 0, 1196, 1225, 1220, 23, 7.87%, 0, 0, 3, 10.14
1747845945, 0, 1198, 1225, 1220, 23, 7.87%, 0, 0, 3, 9.83
1747845950, 0, 1199, 1225, 1220, 23, 7.87%, 0, 0, 3, 9.46
1747845955, 0, 1199, 1226, 1221, 23, 7.87%, 0, 0, 3, 9.01
1747845965, 0, 1200, 1226, 1221, 23, 7.87%, 0, 0, 3, 9.91
1747845970, 0, 1201, 1226, 1221, 23, 7.87%, 0, 0, 3, 10.30
1747845975, 0, 1202, 1226, 1221, 23, 7.87%, 0, 0, 3, 9.54
1747845981, 0, 1202, 1227, 1222, 23, 7.87%, 0, 0, 3, 8.95
1747845986, 0, 1203, 1227, 1222, 23, 7.87%, 0, 0, 3, 9.53
1747845991, 0, 1203, 1228, 1223, 23, 7.87%, 0, 0, 3, 9.90
1747845996, 0, 1204, 1228, 1223, 23, 7.87%, 0, 0, 3, 9.34
1747846001, 0, 1205, 1228, 1223, 23, 7.87%, 0, 0, 3, 9.61
1747846006, 0, 1206, 1228, 1223, 23, 7.87%, 0, 0, 3, 10.14
1747846012, 0, 1207, 1228, 1223, 23, 7.87%, 0, 0, 3, 10.74
1747846017, 0, 1207, 1229, 1224, 23, 7.87%, 0, 0, 3, 9.21
1747846022, 0, 1208, 1229, 1224, 23, 7.87%, 0, 0, 3, 10.21
1747846027, 0, 1210, 1229, 1224, 23, 7.87%, 0, 0, 3, 9.94
1747846032, 0, 1211, 1229, 1224, 23, 7.87%, 0, 0, 3, 9.97
1747846043, 0, 1214, 1229, 1224, 23, 7.87%, 0, 0, 3, 9.42
1747846048, 0, 1215, 1229, 1224, 23, 7.87%, 0, 0, 3, 9.75
1747846053, 0, 1216, 1229, 1224, 23, 7.87%, 0, 0, 3, 9.50
1747846058, 0, 1217, 1229, 1224, 23, 7.87%, 0, 0, 3, 9.70
1747846063, 0, 1218, 1229, 1224, 23, 7.87%, 0, 0, 3, 9.48
1747846068, 0, 1219, 1229, 1224, 23, 7.87%, 0, 0, 3, 9.66
1747846073, 0, 1220, 1230, 1225, 23, 7.87%, 0, 0, 3, 8.39
1747846084, 0, 1222, 1230, 1225, 23, 7.87%, 0, 0, 3, 9.69
1747846089, 0, 1223, 1231, 1226, 23, 7.87%, 0, 0, 3, 10.08
1747846099, 0, 1223, 1232, 1227, 23, 7.89%, 0, 0, 3, 9.23
1747846114, 0, 1224, 1232, 1227, 24, 7.89%, 0, 0, 3, 9.29
1747846120, 0, 1225, 1232, 1227, 24, 7.89%, 0, 0, 3, 9.14
1747846125, 0, 1226, 1232, 1227, 24, 7.89%, 0, 0, 3, 9.29
1747846130, 0, 1226, 1233, 1228, 24, 7.89%, 0, 0, 3, 8.46
1747846140, 0, 1227, 1234, 1229, 25, 7.89%, 0, 0, 3, 8.54
1747846146, 0, 1227, 1235, 1230, 25, 7.89%, 0, 0, 3, 8.69
1747846156, 0, 1227, 1236, 1231, 25, 7.89%, 0, 0, 3, 8.41
1747846186, 0, 1229, 1236, 1231, 25, 7.89%, 0, 0, 3, 10.42
1747846191, 0, 1230, 1236, 1231, 25, 7.89%, 0, 0, 3, 9.54
1747846197, 0, 1231, 1236, 1231, 25, 7.89%, 0, 0, 3, 9.78
1747846202, 0, 1232, 1236, 1231, 25, 7.89%, 0, 0, 3, 9.70
1747846207, 0, 1233, 1236, 1231, 25, 7.89%, 0, 0, 3, 9.86
1747846212, 0, 1234, 1236, 1231, 25, 7.89%, 0, 0, 3, 9.68
1747846217, 1, 0, 1236, 1231, 25, 7.89%, 0, 0, 3, 9.97
1747846222, 1, 2, 1237, 1232, 25, 7.89%, 0, 0, 3, 8.99
1747846227, 1, 2, 1239, 1234, 25, 7.89%, 0, 0, 3, 7.74
1747846233, 1, 2, 1240, 1235, 25, 7.89%, 0, 0, 3, 8.85
1747846238, 1, 2, 1241, 1236, 25, 7.89%, 0, 0, 3, 8.82
1747846253, 1, 2, 1242, 1237, 25, 7.89%, 0, 0, 3, 9.40
1747846258, 1, 2, 1244, 1239, 25, 7.89%, 0, 0, 3, 8.71
1747846263, 1, 2, 1245, 1240, 25, 7.89%, 0, 0, 3, 8.85
1747846269, 1, 2, 1246, 1241, 25, 7.90%, 0, 0, 3, 9.05
1747846274, 1, 2, 1248, 1243, 25, 7.91%, 0, 0, 3, 8.72
1747846289, 1, 2, 1249, 1244, 25, 7.91%, 0, 0, 3, 9.89
1747846304, 1, 2, 1250, 1245, 25, 7.91%, 0, 0, 3, 9.04
1747846310, 1, 2, 1251, 1246, 25, 7.91%, 0, 0, 3, 8.41
1747846320, 1, 2, 1252, 1247, 25, 7.91%, 0, 0, 3, 8.56
1747846341, 1, 2, 1253, 1248, 25, 7.91%, 0, 0, 3, 8.40
1747846346, 1, 2, 1254, 1249, 25, 7.91%, 0, 0, 3, 8.99
1747846351, 1, 2, 1255, 1250, 25, 7.91%, 0, 0, 3, 8.69
1747846356, 1, 2, 1256, 1251, 25, 7.91%, 0, 0, 3, 7.82
1747846361, 1, 2, 1257, 1252, 25, 7.91%, 0, 0, 3, 7.96
1747846377, 1, 2, 1258, 1253, 25, 7.91%, 0, 0, 3, 8.79
1747846387, 1, 2, 1259, 1254, 25, 7.91%, 0, 0, 3, 10.03
1747846392, 1, 2, 1260, 1255, 25, 7.91%, 0, 0, 3, 8.46
1747846423, 1, 2, 1261, 1256, 25, 7.91%, 0, 0, 3, 12.88
1747846428, 1, 3, 1261, 1256, 27, 7.91%, 0, 0, 3, 12.55
1747846433, 1, 4, 1262, 1257, 27, 7.92%, 0, 0, 3, 10.82
1747846444, 1, 5, 1262, 1257, 27, 7.92%, 0, 0, 3, 10.09
1747846449, 1, 6, 1263, 1258, 27, 7.92%, 0, 0, 3, 8.99
1747846454, 1, 6, 1264, 1259, 27, 7.92%, 0, 0, 3, 8.41
1747846459, 1, 6, 1265, 1260, 27, 7.92%, 0, 0, 3, 9.62
1747846480, 1, 6, 1267, 1262, 27, 7.98%, 0, 0, 3, 15.07
1747846485, 1, 6, 1268, 1263, 27, 7.98%, 0, 0, 3, 15.78
1747846496, 1, 6, 1269, 1264, 27, 7.98%, 0, 0, 3, 14.21
1747846501, 1, 6, 1270, 1265, 27, 7.98%, 0, 0, 3, 15.22
1747846511, 1, 6, 1271, 1266, 27, 7.99%, 0, 0, 3, 16.97
1747846516, 1, 6, 1272, 1267, 27, 7.99%, 0, 0, 3, 15.12
1747846521, 1, 6, 1273, 1268, 27, 7.99%, 0, 0, 3, 15.13
1747846526, 1, 6, 1275, 1270, 27, 7.99%, 0, 0, 3, 14.20
1747846537, 1, 6, 1276, 1271, 27, 7.99%, 0, 0, 3, 16.11
1747846547, 1, 6, 1277, 1272, 27, 7.99%, 0, 0, 3, 16.37
1747846567, 1, 6, 1279, 1274, 27, 7.99%, 0, 0, 3, 15.35
1747846573, 1, 8, 1279, 1274, 27, 7.99%, 0, 0, 3, 16.02
1747846578, 1, 8, 1280, 1275, 27, 8.05%, 0, 0, 3, 16.26
1747846583, 1, 10, 1280, 1275, 28, 8.05%, 0, 0, 3, 15.90
1747846588, 1, 10, 1285, 1280, 28, 8.06%, 0, 0, 3, 13.01
1747846593, 1, 10, 1286, 1281, 28, 8.06%, 0, 0, 3, 13.86
1747846598, 1, 10, 1288, 1283, 28, 8.06%, 0, 0, 3, 12.90
1747846604, 1, 10, 1289, 1284, 28, 8.06%, 0, 0, 3, 14.06
1747846609, 1, 10, 1290, 1285, 28, 8.06%, 0, 0, 3, 11.35
1747846614, 1, 10, 1293, 1288, 28, 8.06%, 0, 0, 3, 11.39
1747846619, 1, 10, 1294, 1289, 28, 8.06%, 0, 0, 3, 12.61
1747846629, 1, 10, 1296, 1291, 28, 8.06%, 0, 0, 3, 13.31
1747846634, 1, 10, 1297, 1292, 28, 8.06%, 0, 0, 3, 14.35
1747846644, 1, 10, 1299, 1294, 28, 8.06%, 0, 0, 3, 13.54
1747846649, 1, 10, 1300, 1295, 28, 8.06%, 0, 0, 3, 15.25
1747846655, 1, 10, 1301, 1296, 28, 8.06%, 0, 0, 3, 14.81
1747846660, 1, 10, 1302, 1297, 28, 8.06%, 0, 0, 3, 13.83
1747846665, 1, 10, 1304, 1299, 28, 8.06%, 0, 0, 3, 13.79
1747846670, 1, 10, 1306, 1301, 28, 8.06%, 0, 0, 3, 13.05
1747846680, 1, 10, 1307, 1302, 28, 8.06%, 0, 0, 3, 14.12
1747846685, 1, 10, 1308, 1303, 28, 8.06%, 0, 0, 3, 14.37
1747846701, 1, 10, 1309, 1304, 28, 8.06%, 0, 0, 3, 14.57
1747846706, 1, 10, 1310, 1305, 28, 8.06%, 0, 0, 3, 15.39
1747846716, 1, 11, 1310, 1305, 30, 8.06%, 0, 0, 3, 14.86
1747846721, 1, 13, 1310, 1305, 30, 8.06%, 0, 0, 3, 16.24
1747846727, 1, 13, 1311, 1306, 30, 8.06%, 0, 0, 3, 14.78
1747846732, 1, 14, 1311, 1306, 30, 8.06%, 0, 0, 3, 15.77
1747846737, 1, 16, 1311, 1306, 30, 8.06%, 0, 0, 3, 15.49
1747846742, 1, 16, 1312, 1307, 30, 8.06%, 0, 0, 3, 14.83
1747846747, 1, 19, 1313, 1308, 30, 8.06%, 0, 0, 3, 14.68
1747846757, 1, 23, 1313, 1308, 30, 8.06%, 0, 0, 3, 15.90
1747846762, 1, 24, 1313, 1308, 30, 8.06%, 0, 0, 3, 16.57
1747846767, 1, 26, 1313, 1308, 30, 8.06%, 0, 0, 3, 16.07
1747846772, 1, 29, 1313, 1308, 30, 8.06%, 0, 0, 3, 16.77
1747846778, 1, 30, 1313, 1308, 30, 8.06%, 0, 0, 3, 15.83
1747846783, 1, 31, 1315, 1310, 30, 8.06%, 0, 0, 3, 15.05
1747846793, 1, 31, 1316, 1311, 30, 8.06%, 0, 0, 3, 13.69
1747846808, 1, 32, 1316, 1311, 30, 8.06%, 0, 0, 3, 15.67
1747846814, 1, 33, 1316, 1311, 30, 8.06%, 0, 0, 3, 16.00
1747846819, 1, 35, 1316, 1311, 30, 8.06%, 0, 0, 3, 15.86
1747846824, 1, 36, 1316, 1311, 30, 8.06%, 0, 0, 3, 15.86
1747846829, 1, 38, 1316, 1311, 30, 8.06%, 0, 0, 3, 15.59
1747846834, 1, 39, 1316, 1311, 30, 8.06%, 0, 0, 3, 15.00
1747846839, 1, 41, 1316, 1311, 30, 8.06%, 0, 0, 3, 15.09
1747846844, 1, 41, 1317, 1312, 30, 8.06%, 0, 0, 3, 16.43
1747846849, 1, 42, 1318, 1313, 30, 8.06%, 0, 0, 3, 14.37
1747846855, 1, 45, 1319, 1314, 30, 8.06%, 0, 0, 3, 13.96
1747846860, 1, 45, 1321, 1316, 30, 8.06%, 0, 0, 3, 12.70
1747846865, 1, 45, 1322, 1317, 30, 8.06%, 0, 0, 3, 13.54
1747846870, 1, 45, 1324, 1319, 30, 8.07%, 0, 0, 3, 12.82
1747846875, 1, 45, 1325, 1320, 30, 8.20%, 0, 0, 3, 14.57
1747846885, 1, 45, 1326, 1321, 30, 8.20%, 0, 0, 3, 13.94
1747846896, 1, 45, 1327, 1322, 30, 8.20%, 0, 0, 3, 14.33
1747846901, 1, 45, 1328, 1323, 30, 8.20%, 0, 0, 3, 13.39
1747846911, 1, 45, 1329, 1324, 30, 8.20%, 0, 0, 3, 14.37
1747846921, 1, 45, 1330, 1325, 30, 8.20%, 0, 0, 3, 14.65
1747846952, 1, 45, 1331, 1326, 30, 8.20%, 0, 0, 3, 14.09
1747846957, 1, 45, 1332, 1327, 30, 8.20%, 0, 0, 3, 15.16
1747846962, 1, 45, 1333, 1328, 30, 8.20%, 0, 0, 3, 14.35
1747846978, 1, 48, 1333, 1328, 31, 8.20%, 0, 0, 3, 15.50
1747846983, 1, 48, 1335, 1330, 31, 8.20%, 0, 0, 3, 13.59
1747846988, 1, 48, 1336, 1331, 31, 8.20%, 0, 0, 3, 14.00
1747847009, 1, 49, 1336, 1331, 31, 8.20%, 0, 0, 3, 14.81
1747847014, 1, 50, 1337, 1332, 31, 8.20%, 0, 0, 3, 15.49
1747847019, 1, 50, 1338, 1333, 31, 8.20%, 0, 0, 3, 15.10
1747847029, 1, 52, 1339, 1334, 31, 8.20%, 0, 0, 3, 14.73
1747847035, 1, 52, 1340, 1335, 31, 8.20%, 0, 0, 3, 14.84
1747847045, 1, 53, 1340, 1335, 31, 8.20%, 0, 0, 3, 15.33
1747847050, 1, 54, 1340, 1335, 31, 8.20%, 0, 0, 3, 15.76
1747847055, 1, 54, 1342, 1337, 31, 8.20%, 0, 0, 3, 13.61
1747847065, 1, 55, 1342, 1337, 31, 8.20%, 0, 0, 3, 15.68
1747847070, 1, 56, 1343, 1338, 31, 8.20%, 0, 0, 3, 14.94
1747847076, 1, 58, 1345, 1340, 31, 8.20%, 0, 0, 3, 13.99
1747847086, 1, 58, 1346, 1341, 31, 8.20%, 0, 0, 3, 14.31
1747847091, 1, 58, 1347, 1342, 31, 8.20%, 0, 0, 3, 12.89
1747847121, 1, 58, 1348, 1343, 31, 8.20%, 0, 0, 3, 13.97
1747847188, 1, 59, 1348, 1343, 31, 8.20%, 0, 0, 3, 14.91
1747847194, 1, 59, 1349, 1344, 31, 8.20%, 0, 0, 3, 13.65
1747847199, 1, 59, 1351, 1346, 31, 8.20%, 0, 0, 3, 14.44
1747847209, 1, 59, 1352, 1347, 31, 8.20%, 0, 0, 3, 13.46
1747847214, 1, 59, 1353, 1348, 31, 8.20%, 0, 0, 3, 13.13
1747847219, 1, 59, 1354, 1349, 31, 8.20%, 0, 0, 3, 12.94
1747847234, 1, 59, 1355, 1350, 31, 8.20%, 0, 0, 3, 12.79
1747847250, 1, 59, 1356, 1351, 31, 8.20%, 0, 0, 3, 12.54
1747847260, 1, 59, 1357, 1352, 31, 8.20%, 0, 0, 3, 13.81
1747847265, 1, 59, 1358, 1353, 31, 8.20%, 0, 0, 3, 13.34
1747847286, 1, 59, 1359, 1354, 31, 8.20%, 0, 0, 3, 13.50
1747847291, 1, 59, 1360, 1355, 31, 8.20%, 0, 0, 3, 13.56
1747847301, 1, 59, 1361, 1356, 31, 8.20%, 0, 0, 3, 13.64
1747847316, 1, 60, 1361, 1356, 31, 8.20%, 0, 0, 3, 13.78
1747847321, 1, 60, 1362, 1357, 31, 8.20%, 0, 0, 3, 14.25
1747847326, 1, 60, 1363, 1358, 31, 8.20%, 0, 0, 3, 14.21
1747847332, 1, 61, 1363, 1358, 33, 8.20%, 0, 0, 3, 14.43
1747847337, 1, 62, 1363, 1358, 33, 8.20%, 0, 0, 3, 14.95
1747847342, 1, 64, 1363, 1358, 33, 8.20%, 0, 0, 3, 15.02
1747847347, 1, 65, 1363, 1358, 33, 8.20%, 0, 0, 3, 13.37
1747847352, 1, 66, 1363, 1358, 33, 8.20%, 0, 0, 3, 14.28
1747847357, 1, 68, 1363, 1358, 33, 8.20%, 0, 0, 3, 13.75
1747847362, 1, 70, 1363, 1358, 33, 8.20%, 0, 0, 3, 14.65
1747847367, 1, 72, 1363, 1358, 33, 8.20%, 0, 0, 3, 15.52
1747847372, 1, 73, 1364, 1359, 33, 8.20%, 0, 0, 3, 14.71
1747847383, 1, 75, 1364, 1359, 33, 8.20%, 0, 0, 3, 16.04
1747847388, 1, 77, 1364, 1359, 33, 8.20%, 0, 0, 3, 54.78
1747847479, 1, 77, 1365, 1360, 33, 8.20%, 0, 0, 3, 61.35
1747847494, 1, 78, 1365, 1359, 33, 8.20%, 0, 0, 3, 38.74
1747847499, 1, 81, 1365, 1359, 33, 8.20%, 0, 0, 3, 21.64
1747847504, 1, 82, 1365, 1359, 33, 8.20%, 0, 0, 3, 14.66
1747847509, 1, 84, 1365, 1359, 33, 8.20%, 0, 0, 3, 13.34
1747847514, 1, 86, 1366, 1360, 33, 8.20%, 0, 0, 3, 14.18
1747847525, 1, 89, 1366, 1360, 33, 8.20%, 0, 0, 3, 14.92
1747847530, 1, 90, 1366, 1360, 33, 8.20%, 0, 0, 3, 15.11
1747847535, 1, 92, 1366, 1360, 33, 8.20%, 0, 0, 3, 11.94
1747847540, 1, 94, 1366, 1360, 33, 8.20%, 0, 0, 3, 12.99
1747847545, 1, 95, 1367, 1361, 33, 8.20%, 0, 0, 3, 12.66
1747847550, 1, 95, 1368, 1362, 33, 8.20%, 0, 0, 3, 11.92
1747847556, 1, 95, 1370, 1364, 33, 8.20%, 0, 0, 3, 12.84
1747847576, 1, 95, 1371, 1365, 33, 8.20%, 0, 0, 3, 12.56
1747847581, 1, 95, 1373, 1367, 33, 8.20%, 0, 0, 3, 11.98
1747847592, 1, 95, 1374, 1368, 33, 8.20%, 0, 0, 3, 13.60
1747847597, 1, 95, 1375, 1369, 33, 8.20%, 0, 0, 3, 13.40
1747847643, 1, 95, 1376, 1370, 33, 8.20%, 0, 0, 3, 12.73
1747847653, 1, 95, 1379, 1373, 33, 8.27%, 0, 0, 3, 12.46
1747847668, 1, 95, 1380, 1374, 33, 8.27%, 0, 0, 3, 13.06
1747847678, 1, 96, 1380, 1374, 34, 8.27%, 0, 0, 3, 14.52
1747847683, 1, 100, 1380, 1374, 34, 8.27%, 0, 0, 3, 15.09
1747847688, 1, 100, 1381, 1375, 34, 8.27%, 0, 0, 3, 12.84
1747847693, 1, 101, 1382, 1376, 34, 8.27%, 0, 0, 3, 12.18
1747847704, 1, 103, 1382, 1376, 34, 8.27%, 0, 0, 3, 13.88
1747847709, 1, 105, 1382, 1376, 34, 8.27%, 0, 0, 3, 15.49
1747847714, 1, 107, 1382, 1376, 34, 8.27%, 0, 0, 3, 14.60
1747847719, 1, 109, 1382, 1376, 34, 8.27%, 0, 0, 3, 14.14
1747847724, 1, 111, 1382, 1376, 34, 8.27%, 0, 0, 3, 14.80
1747847730, 1, 111, 1383, 1377, 34, 8.27%, 0, 0, 3, 13.09
1747847735, 1, 112, 1383, 1377, 34, 8.27%, 0, 0, 3, 15.09
1747847740, 1, 113, 1384, 1378, 34, 8.27%, 0, 0, 3, 13.92
1747847745, 1, 116, 1384, 1378, 34, 8.27%, 0, 0, 3, 13.55
1747847750, 1, 117, 1386, 1380, 34, 8.27%, 0, 0, 3, 12.18
1747847755, 1, 117, 1387, 1381, 34, 8.27%, 0, 0, 3, 11.43
1747847770, 1, 117, 1388, 1382, 34, 8.27%, 0, 0, 3, 11.84
1747847781, 1, 117, 1389, 1383, 34, 8.27%, 0, 0, 3, 12.23
1747847786, 1, 117, 1390, 1384, 34, 8.27%, 0, 0, 3, 13.51
1747847811, 1, 117, 1391, 1385, 34, 8.30%, 0, 0, 3, 12.77
1747847837, 1, 117, 1392, 1386, 34, 8.30%, 0, 0, 3, 12.67
1747847878, 1, 118, 1393, 1387, 35, 8.30%, 0, 0, 3, 12.60
1747847883, 1, 119, 1393, 1387, 35, 8.30%, 0, 0, 3, 15.10
1747847888, 1, 120, 1393, 1387, 35, 8.30%, 0, 0, 3, 13.66
1747847893, 1, 121, 1394, 1388, 35, 8.30%, 0, 0, 3, 12.77
1747847898, 1, 121, 1395, 1389, 35, 8.30%, 0, 0, 3, 11.26
1747847903, 1, 121, 1396, 1390, 35, 8.30%, 0, 0, 3, 7.70
1747847914, 1, 121, 1397, 1391, 35, 8.30%, 0, 0, 3, 6.99
1747847935, 1, 121, 1398, 1392, 35, 8.30%, 0, 0, 3, 7.91
1747847950, 1, 121, 1399, 1393, 35, 8.30%, 0, 0, 3, 7.84
1747847955, 1, 121, 1400, 1394, 35, 8.30%, 0, 0, 3, 7.45
1747848037, 1, 121, 1401, 1395, 35, 8.30%, 0, 0, 3, 6.49
1747848042, 1, 121, 1402, 1396, 35, 8.30%, 0, 0, 3, 6.75
1747848114, 1, 122, 1402, 1396, 35, 8.30%, 0, 0, 3, 7.07
1747848119, 1, 122, 1403, 1397, 35, 8.30%, 0, 0, 3, 8.45
1747848130, 1, 123, 1403, 1397, 35, 8.30%, 0, 0, 3, 7.94
1747848135, 1, 123, 1404, 1398, 35, 8.30%, 0, 0, 3, 6.78
1747848145, 1, 124, 1404, 1398, 35, 8.30%, 0, 0, 3, 6.94
1747848151, 1, 124, 1405, 1399, 35, 8.30%, 0, 0, 3, 6.98
1747848161, 1, 125, 1406, 1400, 35, 8.30%, 0, 0, 3, 6.10
1747848176, 1, 127, 1406, 1400, 35, 8.30%, 0, 0, 3, 7.73
1747848181, 1, 128, 1406, 1400, 35, 8.30%, 0, 0, 3, 7.80
1747848192, 1, 129, 1406, 1400, 35, 8.30%, 0, 0, 3, 8.66
1747848197, 1, 130, 1406, 1400, 35, 8.30%, 0, 0, 3, 8.30
1747848202, 1, 131, 1406, 1400, 35, 8.30%, 0, 0, 3, 7.45
1747848207, 1, 131, 1407, 1401, 35, 8.30%, 0, 0, 3, 6.12
1747848212, 1, 131, 1408, 1402, 35, 8.30%, 0, 0, 3, 5.59
1747848233, 1, 133, 1408, 1402, 35, 8.30%, 0, 0, 3, 8.45
1747848238, 1, 134, 1408, 1402, 35, 8.30%, 0, 0, 3, 7.82
1747848248, 1, 136, 1408, 1402, 35, 8.30%, 0, 0, 3, 7.29
1747848253, 1, 136, 1409, 1403, 35, 8.30%, 0, 0, 3, 6.63
1747848263, 1, 138, 1409, 1403, 35, 8.30%, 0, 0, 3, 7.42
1747848268, 1, 138, 1410, 1404, 35, 8.30%, 0, 0, 3, 5.92
1747848278, 1, 139, 1410, 1404, 35, 8.30%, 0, 0, 3, 8.69
1747848283, 1, 140, 1411, 1405, 35, 8.30%, 0, 0, 3, 6.44
1747848289, 1, 140, 1412, 1406, 35, 8.30%, 0, 0, 3, 6.13
1747848314, 1, 141, 1412, 1406, 35, 8.30%, 0, 0, 3, 7.60
1747848319, 1, 142, 1412, 1406, 35, 8.30%, 0, 0, 3, 8.24
1747848329, 1, 143, 1413, 1407, 35, 8.30%, 0, 0, 3, 6.80
1747848345, 1, 144, 1413, 1407, 35, 8.30%, 0, 0, 3, 9.31
1747848350, 1, 145, 1413, 1407, 35, 8.30%, 0, 0, 3, 9.53
1747848355, 1, 146, 1413, 1407, 35, 8.30%, 0, 0, 3, 8.13
1747848360, 1, 147, 1413, 1407, 35, 8.30%, 0, 0, 3, 7.58
1747848365, 1, 148, 1413, 1407, 35, 8.30%, 0, 0, 3, 8.41
1747848370, 1, 149, 1413, 1407, 35, 8.30%, 0, 0, 3, 9.13
1747848375, 1, 151, 1413, 1407, 35, 8.30%, 0, 0, 3, 9.68
1747848386, 1, 152, 1413, 1407, 35, 8.30%, 0, 0, 3, 8.39
1747848391, 1, 153, 1413, 1407, 35, 8.30%, 0, 0, 3, 8.32
1747848396, 1, 154, 1413, 1407, 35, 8.30%, 0, 0, 3, 8.06
1747848401, 1, 156, 1413, 1407, 35, 8.30%, 0, 0, 3, 7.69
1747848411, 1, 157, 1413, 1407, 35, 8.30%, 0, 0, 3, 7.17
1747848416, 1, 158, 1413, 1407, 35, 8.30%, 0, 0, 3, 6.84
1747848427, 1, 159, 1413, 1407, 35, 8.30%, 0, 0, 3, 5.99
1747848432, 1, 160, 1413, 1407, 35, 8.30%, 0, 0, 3, 7.29
1747848437, 1, 161, 1413, 1407, 35, 8.30%, 0, 0, 3, 8.07
1747848448, 1, 162, 1413, 1407, 35, 8.30%, 0, 0, 3, 6.59
1747848453, 1, 163, 1413, 1407, 35, 8.30%, 0, 0, 3, 7.14
1747848463, 1, 165, 1413, 1407, 35, 8.30%, 0, 0, 3, 8.58
1747848469, 1, 166, 1413, 1407, 35, 8.30%, 0, 0, 3, 7.68
1747848474, 1, 167, 1413, 1407, 35, 8.30%, 0, 0, 3, 7.98
1747848479, 1, 169, 1413, 1407, 35, 8.30%, 0, 0, 3, 7.44
1747848489, 1, 170, 1413, 1407, 35, 8.30%, 0, 0, 3, 7.32
1747848494, 1, 170, 1414, 1408, 35, 8.30%, 0, 0, 3, 7.70
1747848505, 1, 171, 1414, 1408, 35, 8.30%, 0, 0, 3, 7.54
1747848510, 1, 172, 1414, 1408, 35, 8.30%, 0, 0, 3, 7.98
1747848515, 1, 173, 1414, 1408, 35, 8.30%, 0, 0, 3, 8.21
1747848520, 1, 174, 1414, 1408, 35, 8.30%, 0, 0, 3, 7.09
1747848530, 1, 175, 1414, 1408, 35, 8.30%, 0, 0, 3, 7.35
1747848535, 1, 176, 1415, 1409, 35, 8.30%, 0, 0, 3, 8.62
1747848546, 1, 176, 1416, 1410, 35, 8.30%, 0, 0, 3, 7.63
1747848556, 1, 176, 1417, 1411, 35, 8.30%, 0, 0, 3, 7.46
1747848566, 1, 176, 1418, 1412, 35, 8.30%, 0, 0, 3, 7.39
1747848582, 1, 176, 1419, 1413, 35, 8.30%, 0, 0, 3, 7.81
1747848592, 1, 176, 1420, 1414, 35, 8.30%, 0, 0, 3, 6.59
1747848628, 1, 176, 1421, 1415, 35, 8.30%, 0, 0, 3, 6.30
1747848700, 1, 176, 1422, 1416, 35, 8.30%, 0, 0, 3, 8.43
1747848720, 1, 176, 1423, 1417, 35, 8.30%, 0, 0, 3, 6.49
1747848767, 1, 177, 1423, 1417, 35, 8.30%, 0, 0, 3, 7.11
1747848777, 1, 180, 1423, 1417, 35, 8.30%, 0, 0, 3, 7.56
1747848783, 1, 180, 1425, 1419, 35, 8.30%, 0, 0, 3, 6.08
1747848788, 1, 180, 1426, 1420, 35, 8.30%, 0, 0, 3, 6.28
1747848839, 1, 181, 1426, 1420, 35, 8.30%, 0, 0, 3, 6.63
1747848844, 1, 183, 1426, 1420, 35, 8.30%, 0, 0, 3, 7.32
1747848849, 1, 185, 1426, 1420, 35, 8.30%, 0, 0, 3, 7.16
1747848859, 1, 186, 1426, 1420, 35, 8.30%, 0, 0, 3, 7.07
1747848864, 1, 187, 1426, 1420, 35, 8.30%, 0, 0, 3, 7.16
1747848870, 1, 188, 1426, 1420, 35, 8.30%, 0, 0, 3, 7.73
1747848880, 1, 189, 1426, 1420, 35, 8.30%, 0, 0, 3, 8.81
1747848885, 1, 190, 1426, 1420, 35, 8.30%, 0, 0, 3, 8.30
1747848890, 1, 191, 1426, 1420, 35, 8.30%, 0, 0, 3, 7.42
1747848900, 1, 192, 1426, 1420, 35, 8.30%, 0, 0, 3, 6.09
1747848905, 1, 192, 1427, 1421, 35, 8.30%, 0, 0, 3, 6.01
1747848915, 1, 193, 1427, 1421, 35, 8.30%, 0, 0, 3, 8.74
1747848921, 1, 194, 1428, 1422, 35, 8.30%, 0, 0, 3, 7.89
1747848931, 1, 194, 1429, 1423, 35, 8.30%, 0, 0, 3, 6.04
1747848952, 1, 196, 1429, 1423, 35, 8.30%, 0, 0, 3, 7.26
1747848957, 1, 196, 1430, 1424, 35, 8.30%, 0, 0, 3, 6.11
1747848972, 1, 197, 1430, 1424, 35, 8.30%, 0, 0, 3, 8.76
1747848977, 1, 198, 1430, 1424, 35, 8.30%, 0, 0, 3, 8.53
1747848982, 1, 199, 1430, 1424, 35, 8.30%, 0, 0, 3, 7.44
1747848988, 1, 199, 1431, 1425, 35, 8.30%, 0, 0, 3, 6.42
1747848998, 1, 199, 1432, 1426, 35, 8.30%, 0, 0, 3, 6.81
1747849013, 1, 200, 1432, 1426, 35, 8.30%, 0, 0, 3, 7.38
1747849018, 1, 200, 1433, 1427, 35, 8.30%, 0, 0, 3, 6.44
1747849029, 1, 202, 1433, 1427, 35, 8.30%, 0, 0, 3, 7.32
1747849034, 1, 203, 1433, 1427, 35, 8.30%, 0, 0, 3, 6.62
1747849044, 1, 204, 1433, 1427, 35, 8.30%, 0, 0, 3, 8.29
1747849049, 1, 205, 1433, 1427, 35, 8.30%, 0, 0, 3, 7.99
1747849054, 1, 206, 1433, 1427, 35, 8.30%, 0, 0, 3, 7.33
1747849065, 1, 207, 1433, 1427, 35, 8.30%, 0, 0, 3, 7.46
1747849070, 1, 208, 1433, 1427, 35, 8.30%, 0, 0, 3, 6.39
1747849075, 1, 209, 1433, 1427, 35, 8.30%, 0, 0, 3, 6.25
1747849085, 1, 211, 1433, 1427, 35, 8.30%, 0, 0, 3, 7.04
1747849090, 1, 212, 1434, 1428, 35, 8.30%, 0, 0, 3, 7.06
1747849106, 1, 213, 1434, 1428, 35, 8.30%, 0, 0, 3, 8.37
1747849116, 1, 214, 1434, 1428, 35, 8.30%, 0, 0, 3, 6.95
1747849121, 1, 215, 1434, 1428, 35, 8.30%, 0, 0, 3, 7.64
1747849126, 1, 216, 1434, 1428, 35, 8.30%, 0, 0, 3, 7.60
1747849132, 1, 217, 1434, 1428, 35, 8.30%, 0, 0, 3, 7.19
1747849142, 1, 218, 1434, 1428, 35, 8.30%, 0, 0, 3, 8.24
1747849147, 1, 221, 1434, 1428, 35, 8.30%, 0, 0, 3, 7.55
1747849152, 1, 222, 1434, 1428, 35, 8.30%, 0, 0, 3, 7.77
1747849162, 1, 223, 1434, 1428, 35, 8.30%, 0, 0, 3, 7.36
1747849168, 1, 224, 1434, 1428, 35, 8.30%, 0, 0, 3, 8.08
1747849173, 1, 225, 1434, 1428, 35, 8.30%, 0, 0, 3, 7.51
1747849178, 1, 226, 1434, 1428, 35, 8.30%, 0, 0, 3, 7.65
1747849188, 1, 227, 1434, 1428, 35, 8.30%, 0, 0, 3, 7.60
1747849193, 1, 228, 1434, 1428, 35, 8.30%, 0, 0, 3, 8.07
1747849198, 1, 230, 1434, 1428, 35, 8.30%, 0, 0, 3, 7.24
1747849209, 1, 231, 1434, 1428, 35, 8.30%, 0, 0, 3, 8.22
1747849214, 1, 232, 1434, 1428, 35, 8.30%, 0, 0, 3, 7.34
1747849219, 1, 232, 1435, 1429, 35, 8.30%, 0, 0, 3, 6.27
1747849229, 1, 233, 1435, 1429, 35, 8.30%, 0, 0, 3, 7.35
1747849234, 1, 235, 1435, 1429, 35, 8.30%, 0, 0, 3, 8.35
1747849244, 1, 235, 1436, 1430, 35, 8.33%, 0, 0, 3, 6.92
1747849250, 1, 236, 1436, 1430, 36, 8.33%, 0, 0, 3, 6.37
1747849255, 1, 236, 1437, 1431, 36, 8.33%, 0, 0, 3, 9.14
1747849265, 1, 238, 1437, 1431, 36, 8.33%, 0, 0, 3, 7.93
1747849270, 1, 239, 1437, 1431, 36, 8.33%, 0, 0, 3, 7.39
1747849275, 1, 240, 1437, 1431, 36, 8.33%, 0, 0, 3, 7.99
1747849286, 1, 241, 1437, 1431, 36, 8.33%, 0, 0, 3, 7.33
1747849291, 1, 242, 1437, 1431, 36, 8.33%, 0, 0, 3, 7.55
1747849296, 1, 243, 1437, 1431, 36, 8.33%, 0, 0, 3, 7.51
1747849306, 1, 244, 1437, 1431, 36, 8.33%, 0, 0, 3, 8.70
1747849311, 1, 245, 1437, 1431, 36, 8.33%, 0, 0, 3, 8.23
1747849316, 1, 246, 1437, 1431, 36, 8.33%, 0, 0, 3, 6.90
1747849327, 1, 247, 1437, 1431, 36, 8.33%, 0, 0, 3, 7.31
1747849332, 1, 248, 1437, 1431, 36, 8.33%, 0, 0, 3, 6.58
1747849337, 1, 250, 1437, 1431, 36, 8.33%, 0, 0, 3, 7.52
1747849347, 1, 252, 1437, 1431, 36, 8.33%, 0, 0, 3, 7.71
1747849352, 1, 253, 1437, 1431, 36, 8.33%, 0, 0, 3, 7.19
1747849357, 1, 254, 1437, 1431, 36, 8.33%, 0, 0, 3, 7.62
1747849367, 1, 255, 1437, 1431, 36, 8.33%, 0, 0, 3, 8.73
1747849372, 1, 256, 1437, 1431, 36, 8.33%, 0, 0, 3, 8.60
1747849378, 1, 257, 1437, 1431, 36, 8.33%, 0, 0, 3, 8.11
1747849383, 1, 258, 1437, 1431, 36, 8.33%, 0, 0, 3, 8.20
1747849393, 1, 259, 1437, 1431, 36, 8.33%, 0, 0, 3, 9.10
1747849398, 1, 260, 1437, 1431, 36, 8.33%, 0, 0, 3, 7.15
1747849403, 1, 261, 1437, 1431, 36, 8.33%, 0, 0, 3, 7.56
1747849408, 1, 262, 1437, 1431, 36, 8.33%, 0, 0, 3, 9.17
1747849418, 1, 263, 1438, 1432, 36, 8.33%, 0, 0, 3, 7.76
1747849434, 1, 264, 1438, 1432, 36, 8.33%, 0, 0, 3, 7.16
1747849439, 1, 265, 1438, 1432, 36, 8.33%, 0, 0, 3, 7.15
1747849444, 1, 266, 1438, 1432, 36, 8.33%, 0, 0, 3, 7.84
1747849455, 1, 267, 1438, 1432, 36, 8.33%, 0, 0, 3, 8.84
1747849460, 1, 269, 1438, 1432, 36, 8.33%, 0, 0, 3, 7.67
1747849465, 1, 270, 1438, 1432, 36, 8.33%, 0, 0, 3, 7.69
1747849470, 1, 271, 1438, 1432, 36, 8.33%, 0, 0, 3, 9.28
1747849475, 1, 272, 1438, 1432, 36, 8.33%, 0, 0, 3, 9.25
1747849485, 1, 273, 1438, 1432, 36, 8.33%, 0, 0, 3, 7.64
1747849491, 1, 274, 1438, 1432, 36, 8.33%, 0, 0, 3, 8.17
1747849496, 1, 275, 1438, 1432, 36, 8.33%, 0, 0, 3, 8.16
1747849501, 1, 276, 1438, 1432, 36, 8.33%, 0, 0, 3, 8.13
1747849506, 1, 277, 1438, 1432, 36, 8.33%, 0, 0, 3, 8.59
1747849517, 1, 278, 1438, 1432, 36, 8.33%, 0, 0, 3, 8.19
1747849522, 1, 280, 1438, 1432, 36, 8.33%, 0, 0, 3, 7.75
1747849527, 1, 281, 1438, 1432, 36, 8.33%, 0, 0, 3, 7.09
1747849537, 1, 282, 1438, 1432, 36, 8.33%, 0, 0, 3, 6.63
1747849542, 1, 282, 1439, 1433, 36, 8.33%, 0, 0, 3, 5.79
1747849552, 1, 283, 1439, 1433, 36, 8.33%, 0, 0, 3, 7.73
1747849557, 1, 284, 1439, 1433, 36, 8.33%, 0, 0, 3, 7.67
1747849568, 1, 285, 1439, 1433, 36, 8.33%, 0, 0, 3, 6.70
1747849573, 1, 285, 1440, 1434, 36, 8.33%, 0, 0, 3, 6.55
1747849583, 1, 286, 1440, 1434, 36, 8.33%, 0, 0, 3, 6.50
1747849588, 1, 287, 1440, 1434, 36, 8.33%, 0, 0, 3, 8.11
1747849599, 1, 290, 1440, 1434, 36, 8.33%, 0, 0, 3, 7.52
1747849604, 1, 291, 1440, 1434, 36, 8.33%, 0, 0, 3, 7.12
1747849609, 1, 292, 1440, 1434, 36, 8.33%, 0, 0, 3, 8.68
1747849614, 1, 293, 1440, 1434, 36, 8.33%, 0, 0, 3, 8.48
1747849619, 1, 293, 1441, 1435, 36, 8.33%, 0, 0, 3, 8.08
1747849630, 1, 294, 1441, 1435, 36, 8.33%, 0, 0, 3, 7.95
1747849635, 1, 296, 1441, 1435, 36, 8.33%, 0, 0, 3, 8.74
1747849640, 1, 297, 1441, 1435, 36, 8.33%, 0, 0, 3, 9.03
1747849650, 1, 297, 1442, 1436, 36, 8.33%, 0, 0, 3, 6.87
1747849655, 1, 297, 1443, 1437, 36, 8.33%, 0, 0, 3, 6.44
1747849666, 1, 297, 1444, 1438, 36, 8.33%, 0, 0, 3, 7.00
1747849702, 1, 299, 1444, 1438, 36, 8.33%, 0, 0, 3, 7.00
1747849712, 1, 300, 1444, 1438, 36, 8.33%, 0, 0, 3, 6.26
1747849717, 1, 301, 1444, 1438, 36, 8.33%, 0, 0, 3, 8.81
1747849723, 1, 302, 1444, 1438, 36, 8.33%, 0, 0, 3, 8.55
1747849733, 1, 303, 1445, 1439, 36, 8.33%, 0, 0, 3, 7.08
1747849738, 1, 303, 1446, 1440, 36, 8.33%, 0, 0, 3, 6.51
1747849748, 1, 303, 1447, 1441, 36, 8.33%, 0, 0, 3, 6.16
1747849794, 1, 305, 1448, 1442, 36, 8.33%, 0, 0, 3, 7.00
1747849799, 1, 305, 1449, 1443, 36, 8.33%, 0, 0, 3, 6.23
1747849804, 1, 305, 1450, 1444, 36, 8.33%, 0, 0, 3, 5.69
1747849856, 1, 306, 1450, 1444, 36, 8.33%, 0, 0, 3, 7.06
1747849866, 1, 307, 1450, 1444, 36, 8.33%, 0, 0, 3, 7.45
1747849871, 1, 311, 1450, 1444, 36, 8.33%, 0, 0, 3, 7.55
1747849876, 1, 312, 1450, 1444, 36, 8.33%, 0, 0, 3, 7.17
1747849881, 1, 312, 1451, 1445, 36, 8.33%, 0, 0, 3, 8.25
1747849892, 1, 313, 1451, 1445, 36, 8.33%, 0, 0, 3, 7.77
1747849897, 1, 314, 1451, 1445, 36, 8.33%, 0, 0, 3, 6.77
1747849907, 1, 315, 1451, 1445, 36, 8.33%, 0, 0, 3, 7.22
1747849912, 1, 316, 1451, 1445, 36, 8.33%, 0, 0, 3, 6.81
1747849923, 1, 317, 1451, 1445, 36, 8.33%, 0, 0, 3, 6.19
1747849928, 1, 317, 1452, 1446, 36, 8.33%, 0, 0, 3, 6.74
1747849938, 1, 318, 1452, 1446, 36, 8.33%, 0, 0, 3, 6.68
1747849943, 1, 319, 1452, 1446, 36, 8.33%, 0, 0, 3, 9.51
1747849948, 1, 320, 1452, 1446, 36, 8.33%, 0, 0, 3, 10.90
1747849953, 1, 321, 1452, 1446, 36, 8.33%, 0, 0, 3, 12.99
1747849958, 1, 323, 1452, 1446, 36, 8.33%, 0, 0, 3, 13.21
1747849964, 1, 324, 1452, 1446, 36, 8.33%, 0, 0, 3, 11.78
1747849969, 1, 325, 1452, 1446, 36, 8.33%, 0, 0, 3, 12.59
1747849974, 1, 326, 1452, 1446, 36, 8.33%, 0, 0, 3, 11.55
1747849979, 1, 327, 1452, 1446, 36, 8.33%, 0, 0, 3, 12.28
1747849984, 1, 329, 1453, 1447, 36, 8.33%, 0, 0, 3, 12.19
1747849994, 1, 329, 1454, 1448, 36, 8.33%, 0, 0, 3, 12.23
1747850005, 1, 330, 1454, 1448, 36, 8.33%, 0, 0, 3, 11.36
1747850010, 1, 331, 1454, 1448, 36, 8.33%, 0, 0, 3, 11.15
1747850015, 1, 333, 1454, 1448, 36, 8.33%, 0, 0, 3, 12.34
1747850020, 1, 335, 1454, 1448, 36, 8.33%, 0, 0, 3, 12.60
1747850025, 1, 335, 1455, 1449, 36, 8.33%, 0, 0, 3, 12.92
1747850031, 1, 337, 1455, 1449, 36, 8.33%, 0, 0, 3, 12.98
1747850036, 1, 338, 1455, 1449, 36, 8.33%, 0, 0, 3, 11.91
1747850041, 1, 339, 1455, 1449, 36, 8.33%, 0, 0, 3, 12.30
1747850046, 1, 342, 1455, 1449, 36, 8.33%, 0, 0, 3, 12.31
1747850051, 1, 344, 1455, 1449, 36, 8.33%, 0, 0, 3, 12.12
1747850056, 1, 345, 1456, 1450, 36, 8.33%, 0, 0, 3, 12.30
1747850066, 1, 346, 1456, 1450, 36, 8.33%, 0, 0, 3, 12.06
1747850072, 1, 347, 1457, 1451, 36, 8.33%, 0, 0, 3, 10.53
1747850077, 1, 348, 1457, 1451, 36, 8.33%, 0, 0, 3, 12.54
1747850082, 1, 349, 1457, 1451, 36, 8.33%, 0, 0, 3, 12.96
1747850087, 1, 350, 1457, 1451, 36, 8.33%, 0, 0, 3, 13.24
1747850092, 1, 351, 1457, 1451, 36, 8.33%, 0, 0, 3, 12.42
1747850097, 1, 353, 1457, 1451, 36, 8.33%, 0, 0, 3, 9.46
1747850102, 1, 354, 1457, 1451, 36, 8.33%, 0, 0, 3, 8.72
1747850107, 1, 355, 1457, 1451, 36, 8.33%, 0, 0, 3, 7.56
1747850112, 1, 356, 1457, 1451, 36, 8.33%, 0, 0, 3, 7.43
1747850123, 1, 357, 1457, 1451, 36, 8.33%, 0, 0, 3, 9.33
1747850128, 1, 358, 1457, 1451, 36, 8.33%, 0, 0, 3, 7.94
1747850133, 1, 359, 1457, 1451, 36, 8.33%, 0, 0, 3, 7.56
1747850138, 1, 360, 1457, 1451, 36, 8.33%, 0, 0, 3, 7.73
1747850143, 1, 360, 1458, 1452, 36, 8.33%, 0, 0, 3, 6.65
1747850159, 1, 361, 1458, 1452, 36, 8.33%, 0, 0, 3, 6.86
1747850164, 1, 362, 1458, 1452, 36, 8.33%, 0, 0, 3, 8.13
1747850169, 1, 363, 1458, 1452, 36, 8.33%, 0, 0, 3, 7.44
1747850179, 1, 364, 1458, 1452, 36, 8.33%, 0, 0, 3, 7.67
1747850184, 1, 366, 1458, 1452, 36, 8.33%, 0, 0, 3, 7.94
1747850190, 1, 369, 1458, 1452, 36, 8.33%, 0, 0, 3, 7.64
1747850200, 1, 370, 1458, 1452, 36, 8.33%, 0, 0, 3, 6.37
1747850205, 1, 371, 1458, 1452, 36, 8.33%, 0, 0, 3, 6.22
1747850210, 1, 371, 1459, 1453, 36, 8.33%, 0, 0, 3, 7.65
1747850220, 1, 373, 1459, 1453, 36, 8.33%, 0, 0, 3, 6.82
1747850230, 1, 374, 1459, 1453, 36, 8.33%, 0, 0, 3, 6.74
1747850236, 1, 375, 1459, 1453, 36, 8.33%, 0, 0, 3, 7.40
1747850241, 1, 376, 1459, 1453, 36, 8.33%, 0, 0, 3, 8.07
1747850251, 1, 377, 1459, 1453, 36, 8.33%, 0, 0, 3, 7.42
1747850256, 1, 378, 1459, 1453, 36, 8.33%, 0, 0, 3, 7.41
1747850261, 1, 379, 1459, 1453, 36, 8.33%, 0, 0, 3, 7.83
1747850267, 1, 380, 1459, 1453, 36, 8.33%, 0, 0, 3, 7.90
1747850277, 1, 381, 1459, 1453, 36, 8.33%, 0, 0, 3, 7.13
1747850282, 1, 382, 1460, 1454, 36, 8.33%, 0, 0, 3, 7.90
1747850298, 1, 383, 1461, 1455, 36, 8.33%, 0, 0, 3, 7.11
1747850313, 1, 384, 1461, 1455, 36, 8.33%, 0, 0, 3, 8.08
1747850318, 1, 385, 1461, 1455, 36, 8.33%, 0, 0, 3, 6.68
1747850324, 1, 386, 1461, 1455, 36, 8.33%, 0, 0, 3, 7.21
1747850334, 1, 387, 1462, 1456, 36, 8.33%, 0, 0, 3, 5.47
1747850349, 1, 388, 1462, 1456, 36, 8.33%, 0, 0, 3, 6.62
1747850355, 1, 389, 1462, 1456, 36, 8.33%, 0, 0, 3, 6.93
1747850365, 1, 390, 1462, 1456, 36, 8.33%, 0, 0, 3, 8.27
1747850370, 1, 391, 1462, 1456, 36, 8.33%, 0, 0, 3, 7.60
1747850375, 1, 394, 1462, 1456, 36, 8.33%, 0, 0, 3, 7.06
1747850385, 1, 395, 1462, 1456, 36, 8.33%, 0, 0, 3, 7.06
1747850390, 1, 398, 1462, 1456, 36, 8.33%, 0, 0, 3, 6.99
1747850400, 1, 399, 1462, 1456, 36, 8.33%, 0, 0, 3, 6.63
1747850405, 1, 400, 1462, 1456, 36, 8.33%, 0, 0, 3, 6.83
1747850411, 1, 401, 1462, 1456, 36, 8.33%, 0, 0, 3, 7.44
1747850421, 1, 402, 1462, 1456, 36, 8.33%, 0, 0, 3, 6.80
1747850426, 1, 403, 1462, 1456, 36, 8.33%, 0, 0, 3, 6.75
1747850436, 1, 403, 1463, 1457, 36, 8.33%, 0, 0, 3, 6.10
1747850447, 1, 404, 1463, 1457, 36, 8.33%, 0, 0, 3, 6.94
1747850452, 1, 405, 1463, 1457, 36, 8.33%, 0, 0, 3, 6.93
1747850457, 1, 407, 1463, 1457, 36, 8.33%, 0, 0, 3, 6.40
1747850468, 1, 408, 1463, 1457, 36, 8.33%, 0, 0, 3, 7.66
1747850473, 1, 409, 1463, 1457, 36, 8.33%, 0, 0, 3, 6.86
1747850483, 1, 410, 1463, 1457, 36, 8.33%, 0, 0, 3, 6.35
1747850488, 1, 410, 1464, 1458, 36, 8.33%, 0, 0, 3, 5.92
1747850499, 1, 411, 1464, 1458, 36, 8.33%, 0, 0, 3, 6.26
1747850504, 1, 412, 1464, 1458, 36, 8.33%, 0, 0, 3, 8.01
1747850514, 1, 413, 1465, 1459, 36, 8.33%, 0, 0, 3, 7.91
1747850530, 1, 414, 1465, 1459, 36, 8.33%, 0, 0, 3, 6.77
1747850535, 1, 415, 1465, 1459, 36, 8.33%, 0, 0, 3, 7.43
1747850540, 1, 416, 1465, 1459, 36, 8.33%, 0, 0, 3, 8.07
1747850550, 1, 417, 1465, 1459, 36, 8.33%, 0, 0, 3, 7.19
1747850555, 1, 418, 1465, 1459, 36, 8.33%, 0, 0, 3, 6.47
1747850561, 1, 419, 1465, 1459, 36, 8.33%, 0, 0, 3, 8.10
1747850571, 1, 420, 1465, 1459, 36, 8.33%, 0, 0, 3, 6.27
1747850576, 1, 421, 1465, 1459, 36, 8.33%, 0, 0, 3, 6.78
1747850586, 1, 422, 1465, 1459, 36, 8.33%, 0, 0, 3, 6.54
1747850592, 1, 423, 1465, 1459, 36, 8.33%, 0, 0, 3, 5.96
1747850602, 1, 427, 1465, 1459, 36, 8.33%, 0, 0, 3, 7.08
1747850607, 1, 429, 1465, 1459, 36, 8.33%, 0, 0, 3, 7.29
1747850612, 1, 430, 1465, 1459, 36, 8.33%, 0, 0, 3, 7.12
1747850622, 1, 431, 1465, 1459, 36, 8.33%, 0, 0, 3, 8.69
1747850628, 1, 433, 1465, 1459, 36, 8.33%, 0, 0, 3, 6.95
1747850633, 1, 434, 1465, 1459, 36, 8.33%, 0, 0, 3, 7.14
1747850638, 1, 434, 1466, 1460, 36, 8.33%, 0, 0, 3, 6.63
1747850648, 1, 435, 1466, 1460, 36, 8.33%, 0, 0, 3, 7.02
1747850658, 1, 436, 1466, 1460, 36, 8.33%, 0, 0, 3, 7.10
1747850663, 1, 437, 1466, 1460, 36, 8.33%, 0, 0, 3, 6.87
1747850674, 1, 438, 1466, 1460, 36, 8.33%, 0, 0, 3, 8.47
1747850679, 1, 440, 1466, 1460, 36, 8.33%, 0, 0, 3, 7.02
1747850684, 1, 440, 1467, 1461, 36, 8.33%, 0, 0, 3, 5.82
1747850694, 1, 441, 1467, 1461, 36, 8.33%, 0, 0, 3, 6.95
1747850699, 1, 442, 1467, 1461, 36, 8.33%, 0, 0, 3, 7.16
1747850709, 1, 444, 1467, 1461, 36, 8.33%, 0, 0, 3, 6.38
1747850715, 1, 445, 1467, 1461, 36, 8.33%, 0, 0, 3, 5.85
1747850725, 1, 446, 1467, 1461, 36, 8.33%, 0, 0, 3, 8.05
1747850730, 1, 447, 1467, 1461, 36, 8.33%, 0, 0, 3, 7.45
1747850735, 1, 448, 1467, 1461, 36, 8.33%, 0, 0, 3, 7.89
1747850745, 1, 449, 1467, 1461, 36, 8.33%, 0, 0, 3, 8.26
1747850750, 1, 450, 1467, 1461, 36, 8.33%, 0, 0, 3, 7.26
1747850755, 1, 450, 1468, 1462, 36, 8.33%, 0, 0, 3, 6.23
1747850760, 1, 450, 1469, 1463, 36, 8.33%, 0, 0, 3, 5.37
1747850776, 1, 450, 1470, 1464, 36, 8.33%, 0, 0, 3, 5.76
1747850791, 1, 450, 1471, 1465, 36, 8.33%, 0, 0, 3, 5.73
1747850807, 1, 450, 1473, 1467, 36, 8.33%, 0, 0, 3, 5.72
1747850833, 1, 450, 1474, 1468, 36, 8.33%, 0, 0, 3, 6.02
1747850843, 1, 450, 1475, 1469, 36, 8.33%, 0, 0, 3, 5.63
1747850848, 1, 450, 1476, 1470, 36, 8.33%, 0, 0, 3, 5.91
1747850894, 1, 450, 1477, 1471, 36, 8.33%, 0, 0, 3, 6.46
1747850919, 1, 450, 1478, 1472, 36, 8.42%, 0, 0, 3, 6.74
1747850930, 1, 450, 1479, 1473, 36, 8.42%, 0, 0, 3, 5.88
1747850945, 1, 450, 1480, 1474, 36, 8.42%, 0, 0, 3, 6.64
1747850996, 1, 450, 1481, 1475, 36, 8.42%, 0, 0, 3, 6.20
1747851007, 1, 451, 1481, 1475, 33, 8.42%, 0, 0, 3, 8.01
1747851017, 1, 452, 1481, 1475, 33, 8.42%, 0, 0, 3, 6.49
1747851022, 1, 453, 1481, 1475, 33, 8.42%, 0, 0, 3, 6.29
1747851032, 1, 454, 1481, 1475, 33, 8.42%, 0, 0, 3, 6.78
1747851037, 1, 455, 1481, 1475, 33, 8.42%, 0, 0, 3, 6.85
1747851047, 1, 459, 1481, 1475, 33, 8.42%, 0, 0, 3, 7.33
1747851053, 1, 460, 1481, 1475, 33, 8.42%, 0, 0, 3, 7.46
1747851058, 1, 461, 1481, 1475, 33, 8.42%, 0, 0, 3, 7.61
1747851063, 1, 462, 1481, 1475, 33, 8.42%, 0, 0, 3, 7.64
1747851073, 1, 463, 1481, 1475, 33, 8.42%, 0, 0, 3, 6.44
1747851078, 1, 464, 1481, 1475, 33, 8.42%, 0, 0, 3, 7.07
1747851088, 1, 465, 1481, 1475, 33, 8.42%, 0, 0, 3, 7.55
1747851093, 1, 466, 1481, 1475, 33, 8.42%, 0, 0, 3, 8.66
1747851099, 1, 467, 1481, 1475, 33, 8.42%, 0, 0, 3, 7.10
1747851109, 1, 468, 1481, 1475, 33, 8.42%, 0, 0, 3, 7.92
1747851114, 1, 470, 1481, 1475, 33, 8.42%, 0, 0, 3, 7.42
1747851119, 1, 471, 1481, 1475, 33, 8.42%, 0, 0, 3, 6.99
1747851130, 1, 472, 1481, 1475, 33, 8.42%, 0, 0, 3, 7.39
1747851135, 1, 473, 1481, 1475, 33, 8.42%, 0, 0, 3, 7.58
1747851145, 1, 474, 1481, 1475, 33, 8.42%, 0, 0, 3, 6.51
1747851150, 1, 476, 1481, 1475, 33, 8.42%, 0, 0, 3, 6.40
1747851155, 1, 477, 1481, 1475, 33, 8.42%, 0, 0, 3, 7.51
1747851165, 1, 478, 1481, 1475, 33, 8.42%, 0, 0, 3, 6.70
1747851171, 1, 478, 1482, 1476, 33, 8.42%, 0, 0, 3, 5.53
1747851181, 1, 482, 1482, 1476, 33, 8.42%, 0, 0, 3, 6.70
1747851186, 1, 483, 1482, 1476, 33, 8.42%, 0, 0, 3, 7.80
1747851196, 1, 484, 1482, 1476, 33, 8.42%, 0, 0, 3, 7.20
1747851201, 1, 485, 1482, 1476, 33, 8.42%, 0, 0, 3, 7.99
1747851211, 1, 486, 1482, 1476, 33, 8.42%, 0, 0, 3, 6.84
1747851217, 1, 487, 1482, 1476, 33, 8.42%, 0, 0, 3, 6.81
1747851222, 1, 488, 1482, 1476, 33, 8.42%, 0, 0, 3, 7.67
1747851232, 1, 489, 1482, 1476, 33, 8.42%, 0, 0, 3, 7.10
1747851237, 1, 490, 1482, 1476, 33, 8.42%, 0, 0, 3, 6.67
1747851242, 1, 491, 1482, 1476, 33, 8.42%, 0, 0, 3, 7.89
1747851253, 1, 492, 1482, 1476, 33, 8.42%, 0, 0, 3, 7.92
1747851258, 1, 493, 1482, 1476, 33, 8.42%, 0, 0, 3, 7.49
1747851263, 1, 495, 1482, 1476, 33, 8.42%, 0, 0, 3, 7.54
1747851268, 1, 495, 1483, 1477, 33, 8.42%, 0, 0, 3, 7.83
1747851279, 1, 496, 1483, 1477, 33, 8.42%, 0, 0, 3, 6.89
1747851289, 1, 498, 1483, 1477, 33, 8.42%, 0, 0, 3, 6.54
1747851294, 1, 498, 1484, 1478, 33, 8.42%, 0, 0, 3, 5.72
1747851304, 1, 499, 1484, 1478, 33, 8.42%, 0, 0, 3, 7.24
1747851309, 1, 502, 1484, 1478, 33, 8.42%, 0, 0, 3, 7.13
1747851315, 1, 502, 1485, 1479, 33, 8.42%, 0, 0, 3, 6.13
1747851325, 1, 503, 1485, 1479, 33, 8.42%, 0, 0, 3, 8.11
1747851335, 1, 504, 1486, 1480, 33, 8.42%, 0, 0, 3, 6.54
1747851340, 1, 504, 1487, 1481, 33, 8.42%, 0, 0, 3, 5.90
1747851366, 1, 505, 1487, 1481, 33, 8.42%, 0, 0, 3, 7.56
1747851371, 1, 506, 1487, 1481, 33, 8.42%, 0, 0, 3, 7.99
1747851381, 1, 507, 1487, 1481, 33, 8.42%, 0, 0, 3, 7.47
1747851387, 1, 508, 1488, 1482, 33, 8.42%, 0, 0, 3, 6.65
1747851397, 1, 508, 1489, 1483, 33, 8.42%, 0, 0, 3, 6.64
1747851417, 1, 510, 1489, 1483, 33, 8.42%, 0, 0, 3, 7.45
1747851423, 1, 511, 1489, 1483, 33, 8.42%, 0, 0, 3, 7.70
1747851433, 1, 512, 1489, 1483, 33, 8.42%, 0, 0, 3, 6.37
1747851438, 1, 515, 1489, 1483, 33, 8.42%, 0, 0, 3, 7.18
1747851449, 1, 516, 1489, 1483, 33, 8.42%, 0, 0, 3, 6.78
1747851454, 1, 518, 1489, 1483, 33, 8.42%, 0, 0, 3, 7.31
1747851459, 1, 520, 1489, 1483, 33, 8.42%, 0, 0, 3, 7.18
1747851469, 1, 522, 1489, 1483, 33, 8.42%, 0, 0, 3, 6.95
1747851474, 1, 523, 1489, 1483, 33, 8.42%, 0, 0, 3, 7.74
1747851479, 1, 524, 1489, 1483, 33, 8.42%, 0, 0, 3, 7.18
1747851490, 1, 525, 1489, 1483, 33, 8.42%, 0, 0, 3, 6.02
1747851495, 1, 526, 1489, 1483, 33, 8.42%, 0, 0, 3, 6.05
1747851505, 1, 527, 1489, 1483, 33, 8.42%, 0, 0, 3, 8.03
1747851511, 1, 528, 1489, 1483, 33, 8.42%, 0, 0, 3, 7.91
1747851516, 1, 529, 1489, 1483, 33, 8.42%, 0, 0, 3, 6.86
1747851526, 1, 530, 1489, 1483, 33, 8.42%, 0, 0, 3, 6.90
1747851536, 1, 531, 1489, 1483, 33, 8.42%, 0, 0, 3, 6.62
1747851541, 1, 532, 1489, 1483, 33, 8.42%, 0, 0, 3, 7.56
1747851546, 1, 533, 1489, 1483, 33, 8.42%, 0, 0, 3, 7.17
1747851557, 1, 534, 1489, 1483, 33, 8.42%, 0, 0, 3, 7.28
1747851562, 1, 534, 1490, 1484, 33, 8.42%, 0, 0, 3, 6.17
1747851572, 1, 535, 1490, 1484, 33, 8.42%, 0, 0, 3, 6.93
1747851577, 1, 536, 1490, 1484, 33, 8.42%, 0, 0, 3, 6.91
1747851583, 1, 537, 1490, 1484, 33, 8.42%, 0, 0, 3, 8.04
1747851588, 1, 537, 1491, 1485, 33, 8.42%, 0, 0, 3, 6.94
1747851603, 1, 539, 1491, 1485, 33, 8.42%, 0, 0, 3, 6.30
1747851608, 1, 542, 1491, 1485, 33, 8.42%, 0, 0, 3, 5.97
1747851613, 1, 544, 1491, 1485, 33, 8.42%, 0, 0, 3, 7.71
1747851623, 1, 545, 1491, 1485, 33, 8.42%, 0, 0, 3, 6.60
1747851628, 1, 545, 1492, 1486, 33, 8.42%, 0, 0, 3, 6.49
1747851639, 1, 545, 1493, 1487, 33, 8.43%, 0, 0, 3, 5.73
1747851655, 1, 546, 1494, 1488, 33, 8.43%, 0, 0, 3, 7.00
1747851670, 1, 547, 1494, 1488, 33, 8.43%, 0, 0, 3, 7.57
1747851675, 1, 547, 1495, 1489, 33, 8.43%, 0, 0, 3, 7.44
1747851685, 1, 547, 1496, 1490, 33, 8.43%, 0, 0, 3, 5.24
1747851701, 1, 547, 1497, 1491, 33, 8.43%, 0, 0, 3, 5.78
1747851721, 1, 547, 1498, 1492, 33, 8.43%, 0, 0, 3, 5.53
1747851732, 1, 547, 1499, 1493, 33, 8.43%, 0, 0, 3, 5.75
1747851768, 1, 547, 1500, 1494, 33, 8.43%, 0, 0, 3, 6.41
1747851788, 1, 547, 1501, 1495, 33, 8.43%, 0, 0, 3, 6.12
1747851824, 1, 547, 1502, 1496, 33, 8.43%, 0, 0, 3, 6.99
1747851834, 1, 547, 1503, 1497, 33, 8.43%, 0, 0, 3, 5.92
1747851854, 1, 547, 1504, 1498, 33, 8.43%, 0, 0, 3, 5.68
1747851860, 1, 547, 1505, 1499, 33, 8.43%, 0, 0, 3, 5.87
1747851885, 1, 547, 1506, 1500, 33, 8.44%, 0, 0, 3, 5.92
1747851901, 1, 547, 1507, 1501, 33, 8.44%, 0, 0, 3, 5.94
1747851906, 1, 547, 1508, 1502, 33, 8.44%, 0, 0, 3, 6.63
1747851926, 1, 547, 1509, 1503, 33, 8.44%, 0, 0, 3, 6.18
1747851937, 1, 549, 1510, 1504, 35, 8.44%, 0, 0, 3, 5.40
1747851947, 1, 550, 1510, 1504, 35, 8.44%, 0, 0, 3, 6.24
1747851952, 1, 551, 1510, 1504, 35, 8.44%, 0, 0, 3, 7.28
1747851963, 1, 552, 1510, 1504, 35, 8.44%, 0, 0, 3, 6.27
1747851968, 1, 553, 1510, 1504, 35, 8.44%, 0, 0, 3, 6.93
1747851978, 1, 554, 1510, 1504, 35, 8.44%, 0, 0, 3, 6.76
1747851983, 1, 555, 1510, 1504, 35, 8.44%, 0, 0, 3, 6.08
1747851993, 1, 556, 1510, 1504, 35, 8.44%, 0, 0, 3, 6.30
1747851998, 1, 556, 1511, 1505, 35, 8.44%, 0, 0, 3, 5.49
1747852014, 1, 556, 1512, 1506, 35, 8.44%, 0, 0, 3, 5.84
1747852029, 1, 557, 1512, 1506, 35, 8.44%, 0, 0, 3, 7.44
1747852034, 1, 558, 1512, 1506, 35, 8.44%, 0, 0, 3, 6.54
1747852044, 1, 559, 1512, 1506, 35, 8.44%, 0, 0, 3, 7.76
1747852050, 1, 560, 1512, 1506, 35, 8.44%, 0, 0, 3, 7.20
1747852060, 1, 561, 1512, 1506, 35, 8.44%, 0, 0, 3, 6.82
1747852065, 1, 563, 1512, 1506, 35, 8.44%, 0, 0, 3, 6.54
1747852071, 1, 564, 1512, 1506, 35, 8.44%, 0, 0, 3, 7.13
1747852076, 1, 564, 1513, 1507, 35, 8.44%, 0, 0, 3, 5.77
1747852091, 1, 565, 1513, 1507, 35, 8.44%, 0, 0, 3, 6.95
1747852096, 1, 566, 1513, 1507, 35, 8.44%, 0, 0, 3, 6.32
1747852107, 1, 567, 1513, 1507, 35, 8.44%, 0, 0, 3, 6.44
1747852112, 1, 568, 1513, 1507, 35, 8.44%, 0, 0, 3, 7.74
1747852117, 1, 572, 1513, 1507, 35, 8.44%, 0, 0, 3, 7.24
1747852127, 1, 574, 1513, 1507, 35, 8.44%, 0, 0, 3, 7.36
1747852133, 1, 575, 1513, 1507, 35, 8.44%, 0, 0, 3, 7.05
1747852143, 1, 576, 1513, 1507, 35, 8.44%, 0, 0, 3, 8.43
1747852148, 1, 578, 1513, 1507, 35, 8.44%, 0, 0, 3, 6.76
1747852153, 1, 579, 1513, 1507, 35, 8.44%, 0, 0, 3, 6.93
1747852164, 1, 581, 1513, 1507, 35, 8.44%, 0, 0, 3, 6.28
1747852169, 1, 583, 1513, 1507, 35, 8.44%, 0, 0, 3, 6.83
1747852179, 1, 586, 1513, 1507, 35, 8.44%, 0, 0, 3, 7.17
1747852184, 1, 587, 1514, 1508, 35, 8.44%, 0, 0, 3, 6.15
1747852195, 1, 587, 1515, 1509, 35, 8.44%, 0, 0, 3, 5.56
1747852200, 1, 587, 1516, 1510, 35, 8.44%, 0, 0, 3, 5.60
1747852226, 1, 587, 1517, 1511, 35, 8.44%, 0, 0, 3, 5.34
1747852246, 1, 587, 1518, 1512, 35, 8.44%, 0, 0, 3, 5.11
1747852257, 1, 587, 1519, 1513, 35, 8.44%, 0, 0, 3, 5.38
1747852282, 1, 587, 1520, 1514, 35, 8.44%, 0, 0, 3, 6.69
1747852293, 1, 587, 1521, 1515, 35, 8.44%, 0, 0, 3, 5.40
1747852323, 1, 587, 1522, 1516, 35, 8.44%, 0, 0, 3, 5.86
1747852339, 1, 587, 1523, 1517, 35, 8.44%, 0, 0, 3, 5.60
1747852349, 1, 587, 1524, 1518, 35, 8.44%, 0, 0, 3, 5.80
1747852385, 1, 587, 1525, 1519, 35, 8.44%, 0, 0, 3, 5.46
1747852396, 1, 587, 1526, 1520, 35, 8.44%, 0, 0, 3, 5.80
1747852401, 1, 587, 1527, 1521, 35, 8.44%, 0, 0, 3, 5.79
1747852422, 1, 587, 1528, 1522, 35, 8.44%, 0, 0, 3, 6.00
1747852427, 1, 587, 1529, 1523, 35, 8.44%, 0, 0, 3, 6.27
1747852447, 1, 587, 1530, 1524, 35, 8.57%, 0, 0, 3, 6.27
1747852463, 1, 587, 1531, 1525, 35, 8.57%, 0, 0, 3, 5.85
1747852468, 1, 588, 1531, 1525, 36, 8.57%, 0, 0, 3, 5.87
1747852479, 1, 589, 1531, 1525, 36, 8.57%, 0, 0, 3, 7.73
1747852484, 1, 591, 1531, 1525, 36, 8.57%, 0, 0, 3, 7.42
1747852489, 1, 592, 1531, 1525, 36, 8.57%, 0, 0, 3, 6.86
1747852500, 1, 593, 1531, 1525, 36, 8.57%, 0, 0, 3, 7.12
1747852505, 1, 594, 1531, 1525, 36, 8.57%, 0, 0, 3, 7.57
1747852510, 1, 594, 1532, 1526, 36, 8.57%, 0, 0, 3, 6.48
1747852521, 1, 595, 1532, 1526, 36, 8.57%, 0, 0, 3, 7.00
1747852526, 1, 596, 1532, 1526, 36, 8.57%, 0, 0, 3, 7.28
1747852536, 1, 597, 1532, 1526, 36, 8.57%, 0, 0, 3, 7.64
1747852541, 1, 600, 1533, 1527, 36, 8.59%, 0, 0, 3, 6.56
1747852562, 1, 601, 1533, 1527, 36, 8.59%, 0, 0, 3, 16.30
1747855035, 1, 603, 1533, 1526, 36, 8.59%, 0, 0, 3, 9.84
1747855041, 1, 604, 1533, 1526, 36, 8.59%, 0, 0, 3, 7.86
1747855046, 1, 604, 1534, 1527, 36, 8.60%, 0, 0, 3, 6.55
1747855056, 1, 604, 1535, 1528, 36, 8.60%, 0, 0, 3, 6.77
1747855071, 1, 604, 1536, 1529, 36, 8.60%, 0, 0, 3, 5.96
1747855092, 1, 604, 1537, 1530, 36, 8.60%, 0, 0, 3, 6.15
1747855097, 1, 604, 1538, 1531, 36, 8.60%, 0, 0, 3, 5.84
1747855107, 1, 604, 1539, 1532, 36, 8.60%, 0, 0, 3, 5.75
1747855117, 1, 604, 1540, 1533, 36, 8.60%, 0, 0, 3, 5.18
1747855138, 1, 604, 1541, 1534, 36, 8.60%, 0, 0, 3, 5.67
1747855184, 1, 604, 1542, 1535, 36, 8.60%, 0, 0, 3, 6.43
1747855225, 1, 604, 1543, 1536, 36, 8.61%, 0, 0, 3, 5.34
1747855235, 1, 604, 1544, 1537, 36, 8.61%, 0, 0, 3, 5.15
1747855240, 1, 604, 1545, 1538, 36, 8.61%, 0, 0, 3, 4.71
1747855251, 1, 604, 1546, 1539, 36, 8.61%, 0, 0, 3, 5.15
1747855281, 1, 604, 1547, 1540, 36, 8.61%, 0, 0, 3, 5.38
1747855297, 1, 604, 1548, 1541, 36, 8.61%, 0, 0, 3, 5.38
1747855323, 1, 605, 1548, 1541, 38, 8.61%, 0, 0, 3, 15.64
1747857740, 1, 606, 1548, 1540, 38, 8.61%, 0, 0, 3, 11.99
1747857745, 1, 607, 1548, 1540, 38, 8.61%, 0, 0, 3, 8.24
1747857755, 1, 608, 1548, 1540, 38, 8.61%, 0, 0, 3, 6.77
1747857760, 1, 610, 1548, 1540, 38, 8.61%, 0, 0, 3, 6.57
1747857770, 1, 612, 1549, 1541, 38, 8.61%, 0, 0, 3, 6.52
1747857786, 1, 614, 1549, 1541, 38, 8.61%, 0, 0, 3, 6.40
1747857791, 1, 616, 1549, 1541, 38, 8.61%, 0, 0, 3, 6.47
1747857802, 1, 617, 1550, 1542, 38, 8.61%, 0, 0, 3, 5.29
1747857807, 1, 617, 1551, 1543, 38, 8.62%, 0, 0, 3, 4.82
1747857838, 1, 618, 1551, 1543, 37, 8.62%, 0, 0, 3, 7.25
1747857843, 1, 619, 1551, 1543, 37, 8.62%, 0, 0, 3, 6.77
1747857848, 1, 621, 1551, 1543, 37, 8.62%, 0, 0, 3, 7.09
1747857859, 1, 621, 1552, 1544, 37, 8.62%, 0, 0, 3, 5.30
1747857869, 1, 622, 1552, 1544, 37, 8.62%, 0, 0, 3, 6.15
1747857874, 1, 622, 1553, 1545, 37, 8.62%, 0, 0, 3, 5.68
1747857884, 1, 622, 1554, 1546, 37, 8.62%, 0, 0, 3, 6.32
1747857905, 1, 623, 1554, 1546, 37, 8.62%, 0, 0, 3, 6.95
1747857910, 1, 624, 1554, 1546, 37, 8.62%, 0, 0, 3, 6.59
1747857915, 1, 624, 1555, 1547, 37, 8.62%, 0, 0, 3, 5.76
1747857931, 1, 625, 1555, 1547, 37, 8.62%, 0, 0, 3, 7.01
1747857936, 1, 626, 1555, 1547, 37, 8.62%, 0, 0, 3, 6.92
1747857946, 1, 627, 1556, 1548, 37, 8.62%, 0, 0, 3, 6.10
1747857957, 1, 627, 1557, 1549, 37, 8.62%, 0, 0, 3, 5.49
1747857962, 1, 627, 1558, 1550, 37, 8.62%, 0, 0, 3, 4.77
1747857998, 1, 627, 1559, 1551, 37, 8.62%, 0, 0, 3, 5.90
1747858013, 1, 627, 1560, 1552, 37, 8.62%, 0, 0, 3, 6.92
1747858050, 1, 627, 1561, 1553, 37, 8.62%, 0, 0, 3, 5.27
1747858070, 1, 627, 1562, 1554, 37, 8.62%, 0, 0, 3, 5.61
1747858101, 1, 627, 1563, 1555, 37, 8.62%, 0, 0, 3, 5.57
1747858126, 1, 627, 1564, 1556, 37, 8.62%, 0, 0, 3, 5.72
1747858203, 1, 627, 1565, 1557, 37, 8.62%, 0, 0, 3, 5.44
1747858229, 1, 627, 1566, 1558, 37, 8.62%, 0, 0, 3, 5.00
1747858235, 1, 628, 1567, 1559, 37, 8.62%, 0, 0, 3, 4.82
1747858240, 1, 628, 1568, 1560, 37, 8.63%, 0, 0, 3, 5.31
1747858256, 1, 628, 1569, 1561, 37, 8.63%, 0, 0, 3, 5.64
1747858302, 1, 628, 1570, 1562, 37, 8.63%, 0, 0, 3, 5.87
1747858323, 1, 628, 1571, 1563, 37, 8.63%, 0, 0, 3, 5.38
1747858333, 1, 628, 1572, 1564, 37, 8.63%, 0, 0, 3, 5.14
1747858349, 1, 628, 1573, 1565, 37, 8.63%, 0, 0, 3, 4.68
1747858379, 1, 628, 1574, 1566, 37, 8.63%, 0, 0, 3, 6.19
1747858390, 1, 628, 1575, 1567, 37, 8.63%, 0, 0, 3, 5.07
1747858405, 1, 628, 1576, 1568, 37, 8.63%, 0, 0, 3, 4.77
1747858415, 1, 628, 1577, 1569, 37, 8.63%, 0, 0, 3, 5.75
1747858436, 1, 628, 1578, 1570, 37, 8.63%, 0, 0, 3, 6.27
1747858467, 1, 628, 1579, 1571, 37, 8.63%, 0, 0, 3, 5.63
1747858472, 1, 628, 1580, 1572, 37, 8.63%, 0, 0, 3, 4.42
1747858518, 1, 629, 1580, 1572, 38, 8.63%, 0, 0, 3, 7.33
1747858529, 1, 630, 1580, 1572, 38, 8.63%, 0, 0, 3, 7.66
1747858534, 1, 631, 1580, 1572, 38, 8.63%, 0, 0, 3, 6.63
1747858539, 1, 633, 1580, 1572, 38, 8.63%, 0, 0, 3, 6.96
1747858549, 1, 634, 1581, 1573, 38, 8.63%, 0, 0, 3, 6.14
1747858565, 1, 635, 1581, 1573, 38, 8.63%, 0, 0, 3, 7.22
1747858570, 1, 637, 1581, 1573, 38, 8.63%, 0, 0, 3, 7.63
1747858580, 1, 638, 1581, 1573, 38, 8.63%, 0, 0, 3, 7.33
1747858585, 1, 639, 1581, 1573, 38, 8.63%, 0, 0, 3, 7.88
1747858590, 1, 640, 1581, 1573, 38, 8.63%, 0, 0, 3, 8.40
1747858601, 1, 641, 1582, 1574, 38, 8.63%, 0, 0, 3, 5.73
1747858616, 1, 642, 1582, 1574, 38, 8.63%, 0, 0, 3, 5.95
1747858627, 1, 643, 1582, 1574, 38, 8.63%, 0, 0, 3, 6.46
1747858632, 1, 644, 1582, 1574, 38, 8.63%, 0, 0, 3, 7.29
1747858637, 1, 645, 1582, 1574, 38, 8.63%, 0, 0, 3, 8.13
1747858642, 1, 645, 1583, 1575, 38, 8.63%, 0, 0, 3, 6.16
1747858658, 1, 646, 1583, 1575, 38, 8.63%, 0, 0, 3, 6.93
1747858663, 1, 647, 1583, 1575, 38, 8.63%, 0, 0, 3, 6.70
1747858673, 1, 649, 1583, 1575, 38, 8.63%, 0, 0, 3, 6.84
1747858678, 1, 650, 1583, 1575, 38, 8.63%, 0, 0, 3, 7.25
1747858683, 1, 651, 1583, 1575, 38, 8.63%, 0, 0, 3, 6.45
1747858694, 1, 652, 1583, 1575, 38, 8.63%, 0, 0, 3, 7.54
1747858699, 1, 653, 1583, 1575, 38, 8.63%, 0, 0, 3, 6.65
1747858709, 1, 654, 1583, 1575, 38, 8.63%, 0, 0, 3, 6.46
1747858714, 1, 655, 1583, 1575, 38, 8.63%, 0, 0, 3, 6.67
1747858725, 1, 657, 1583, 1575, 38, 8.63%, 0, 0, 3, 8.84
1747858730, 1, 658, 1583, 1575, 38, 8.63%, 0, 0, 3, 6.75
1747858735, 1, 659, 1583, 1575, 38, 8.63%, 0, 0, 3, 7.55
1747858745, 1, 660, 1583, 1575, 38, 8.63%, 0, 0, 3, 7.20
1747858750, 1, 661, 1583, 1575, 38, 8.63%, 0, 0, 3, 6.52
1747858761, 1, 662, 1583, 1575, 38, 8.63%, 0, 0, 3, 6.99
1747858766, 1, 663, 1583, 1575, 38, 8.63%, 0, 0, 3, 6.41
1747858776, 1, 664, 1583, 1575, 38, 8.63%, 0, 0, 3, 6.22
1747858781, 1, 666, 1583, 1575, 38, 8.63%, 0, 0, 3, 6.49
1747858791, 1, 667, 1583, 1575, 38, 8.63%, 0, 0, 3, 5.57
1747858802, 1, 668, 1583, 1575, 38, 8.63%, 0, 0, 3, 7.12
1747858807, 1, 669, 1583, 1575, 38, 8.63%, 0, 0, 3, 7.29
1747858812, 1, 672, 1583, 1575, 38, 8.63%, 0, 0, 3, 7.23
1747858822, 1, 673, 1583, 1575, 38, 8.63%, 0, 0, 3, 6.63
1747858827, 1, 674, 1583, 1575, 38, 8.63%, 0, 0, 3, 6.66
1747858832, 1, 674, 1584, 1576, 38, 8.63%, 0, 0, 3, 5.96
1747858848, 1, 675, 1584, 1576, 38, 8.63%, 0, 0, 3, 5.45
1747858858, 1, 677, 1584, 1576, 38, 8.63%, 0, 0, 3, 8.38
1747858863, 1, 678, 1584, 1576, 38, 8.63%, 0, 0, 3, 7.03
1747858868, 1, 680, 1584, 1576, 38, 8.63%, 0, 0, 3, 6.66
1747858879, 1, 681, 1584, 1576, 38, 8.63%, 0, 0, 3, 7.07
1747858884, 1, 682, 1584, 1576, 38, 8.63%, 0, 0, 3, 7.64
1747858894, 1, 685, 1585, 1577, 38, 8.63%, 0, 0, 3, 5.48
1747858910, 1, 686, 1585, 1577, 38, 8.63%, 0, 0, 3, 6.61
1747858920, 1, 688, 1585, 1577, 38, 8.63%, 0, 0, 3, 5.41
1747858930, 1, 689, 1585, 1577, 38, 8.63%, 0, 0, 3, 6.13
1747858935, 1, 690, 1585, 1577, 38, 8.63%, 0, 0, 3, 5.81
1747858946, 1, 690, 1586, 1578, 38, 8.63%, 0, 0, 3, 5.09
1747858956, 1, 693, 1587, 1579, 38, 8.63%, 0, 0, 3, 5.83
1747858971, 1, 694, 1587, 1579, 38, 8.63%, 0, 0, 3, 6.33
1747858977, 1, 694, 1588, 1580, 38, 8.63%, 0, 0, 3, 5.93
1747858982, 1, 694, 1589, 1581, 38, 8.63%, 0, 0, 3, 5.08
1747858992, 1, 694, 1590, 1582, 38, 8.63%, 0, 0, 3, 5.29
1747859033, 1, 694, 1591, 1583, 38, 8.63%, 0, 0, 3, 5.62
1747859038, 1, 694, 1592, 1584, 38, 8.63%, 0, 0, 3, 5.39
1747859049, 1, 694, 1593, 1585, 38, 8.63%, 0, 0, 3, 4.66
1747859080, 1, 694, 1594, 1586, 38, 8.63%, 0, 0, 3, 5.65
1747859090, 1, 694, 1595, 1587, 38, 8.63%, 0, 0, 3, 5.12
1747859111, 1, 694, 1596, 1588, 38, 8.63%, 0, 0, 3, 5.73
1747859137, 1, 694, 1597, 1589, 38, 8.64%, 0, 0, 3, 5.45
1747859214, 1, 694, 1598, 1590, 38, 8.64%, 0, 0, 3, 5.35
1747859219, 1, 694, 1599, 1591, 38, 8.64%, 0, 0, 3, 4.66
1747859240, 1, 694, 1600, 1592, 38, 8.64%, 0, 0, 3, 6.16
1747859265, 1, 695, 1600, 1592, 40, 8.64%, 0, 0, 3, 7.01
1747859276, 1, 696, 1600, 1592, 40, 8.64%, 0, 0, 3, 6.11
1747859281, 1, 698, 1600, 1592, 40, 8.64%, 0, 0, 3, 6.47
1747859291, 1, 699, 1600, 1592, 40, 8.64%, 0, 0, 3, 5.65
1747859301, 1, 700, 1600, 1592, 40, 8.64%, 0, 0, 3, 5.18
1747859306, 1, 700, 1601, 1593, 40, 8.64%, 0, 0, 3, 4.75
1747859317, 1, 700, 1602, 1594, 40, 8.64%, 0, 0, 3, 5.50
1747859322, 1, 700, 1603, 1595, 40, 8.64%, 0, 0, 3, 5.25
1747859332, 1, 700, 1604, 1596, 40, 8.64%, 0, 0, 3, 5.83
1747859357, 1, 700, 1605, 1597, 40, 8.64%, 0, 0, 3, 5.04
1747859378, 1, 700, 1606, 1598, 40, 8.64%, 0, 0, 3, 5.33
1747859435, 1, 700, 1607, 1599, 40, 8.64%, 0, 0, 3, 5.77
1747859440, 1, 700, 1608, 1600, 40, 8.64%, 0, 0, 3, 4.80
1747859450, 1, 700, 1609, 1601, 40, 8.64%, 0, 0, 3, 5.17
1747859476, 1, 700, 1610, 1602, 40, 8.64%, 0, 0, 3, 5.99
1747859481, 1, 700, 1611, 1603, 40, 8.64%, 0, 0, 3, 5.47
1747859543, 1, 700, 1612, 1604, 40, 8.64%, 0, 0, 3, 6.43
1747859554, 1, 700, 1613, 1605, 40, 8.64%, 0, 0, 3, 5.22
1747859559, 1, 700, 1614, 1606, 40, 8.64%, 0, 0, 3, 5.06
1747859569, 1, 700, 1615, 1607, 40, 8.64%, 0, 0, 3, 5.20
1747859580, 1, 700, 1616, 1608, 40, 8.64%, 0, 0, 3, 5.77
1747859600, 1, 700, 1617, 1609, 40, 8.64%, 0, 0, 3, 5.46
1747859606, 1, 702, 1617, 1609, 41, 8.64%, 0, 0, 3, 8.68
1747859611, 1, 703, 1617, 1609, 41, 8.64%, 0, 0, 3, 7.13
1747859616, 1, 704, 1617, 1609, 41, 8.64%, 0, 0, 3, 5.69
1747859621, 1, 704, 1618, 1610, 41, 8.64%, 0, 0, 3, 4.83
1747859637, 1, 705, 1619, 1611, 41, 8.64%, 0, 0, 3, 6.40
1747859652, 1, 706, 1620, 1612, 41, 8.64%, 0, 0, 3, 6.20
1747859657, 1, 706, 1621, 1613, 41, 8.64%, 0, 0, 3, 5.78
1747859673, 1, 706, 1622, 1614, 41, 8.64%, 0, 0, 3, 6.06
1747859688, 1, 706, 1623, 1615, 41, 8.64%, 0, 0, 3, 5.03
1747859693, 1, 706, 1624, 1616, 41, 8.64%, 0, 0, 3, 5.12
1747859699, 1, 706, 1625, 1617, 41, 8.65%, 0, 0, 3, 4.97
1747859745, 1, 706, 1626, 1618, 41, 8.65%, 0, 0, 3, 5.53
1747859781, 1, 706, 1627, 1619, 41, 8.65%, 0, 0, 3, 5.19
1747859791, 1, 706, 1628, 1620, 41, 8.65%, 0, 0, 3, 5.59
1747859879, 1, 706, 1629, 1621, 41, 8.65%, 0, 0, 3, 5.24
1747859895, 1, 706, 1630, 1622, 41, 8.65%, 0, 0, 3, 5.54
1747859931, 1, 706, 1631, 1623, 41, 8.65%, 0, 0, 3, 5.47
1747859936, 1, 706, 1632, 1624, 41, 8.65%, 0, 0, 3, 5.55
1747859947, 1, 707, 1632, 1624, 43, 8.65%, 0, 0, 3, 5.98
1747859957, 1, 708, 1633, 1625, 43, 8.65%, 0, 0, 3, 4.67
1747859972, 1, 708, 1634, 1626, 43, 8.65%, 0, 0, 3, 5.94
1747859993, 1, 709, 1634, 1626, 43, 8.65%, 0, 0, 3, 6.37
1747859998, 1, 710, 1634, 1626, 43, 8.65%, 0, 0, 3, 7.78
1747860009, 1, 712, 1634, 1626, 43, 8.65%, 0, 0, 3, 5.93
1747860019, 1, 713, 1634, 1626, 43, 8.65%, 0, 0, 3, 5.86
1747860024, 1, 714, 1634, 1626, 43, 8.65%, 0, 0, 3, 5.66
1747860034, 1, 716, 1634, 1626, 43, 8.65%, 0, 0, 3, 5.55
1747860045, 1, 718, 1634, 1626, 43, 8.65%, 0, 0, 3, 6.47
1747860050, 1, 719, 1634, 1626, 43, 8.65%, 0, 0, 3, 5.36
1747860060, 1, 720, 1634, 1626, 43, 8.65%, 0, 0, 3, 5.75
1747860070, 1, 721, 1634, 1626, 43, 8.65%, 0, 0, 3, 7.29
1747860075, 1, 722, 1634, 1626, 43, 8.65%, 0, 0, 3, 6.62
1747860085, 1, 722, 1635, 1627, 43, 8.65%, 0, 0, 3, 5.70
1747860095, 1, 723, 1636, 1628, 43, 8.65%, 0, 0, 3, 4.79
1747860116, 1, 724, 1637, 1629, 41, 8.65%, 0, 0, 3, 6.03
1747860126, 1, 725, 1637, 1629, 41, 8.65%, 0, 0, 3, 7.18
1747860136, 1, 726, 1637, 1629, 41, 8.65%, 0, 0, 3, 6.41
1747860141, 1, 726, 1638, 1630, 41, 8.66%, 0, 0, 3, 5.52
1747860152, 1, 727, 1638, 1630, 41, 8.66%, 0, 0, 3, 6.92
1747860162, 1, 728, 1638, 1630, 41, 8.66%, 0, 0, 3, 6.97
1747860167, 1, 730, 1638, 1630, 41, 8.66%, 0, 0, 3, 7.02
1747860173, 1, 730, 1639, 1631, 41, 8.66%, 0, 0, 3, 5.32
1747860178, 1, 730, 1640, 1632, 41, 8.66%, 0, 0, 3, 5.59
1747860188, 1, 730, 1641, 1633, 41, 8.66%, 0, 0, 3, 4.98
1747860224, 1, 730, 1642, 1634, 41, 8.66%, 0, 0, 3, 5.60
1747860307, 1, 731, 1642, 1634, 41, 8.66%, 0, 0, 3, 6.12
1747860317, 1, 733, 1642, 1634, 41, 8.66%, 0, 0, 3, 6.56
1747860322, 1, 733, 1643, 1635, 41, 8.66%, 0, 0, 3, 6.02
1747860333, 1, 735, 1643, 1635, 41, 8.66%, 0, 0, 3, 6.13
1747860343, 1, 736, 1643, 1635, 41, 8.66%, 0, 0, 3, 6.51
1747860348, 1, 737, 1643, 1635, 41, 8.66%, 0, 0, 3, 5.63
1747860359, 1, 738, 1643, 1635, 41, 8.66%, 0, 0, 3, 6.07
1747860370, 1, 739, 1643, 1635, 41, 8.66%, 0, 0, 3, 5.76
1747860375, 1, 740, 1643, 1635, 41, 8.66%, 0, 0, 3, 5.86
1747860385, 1, 740, 1644, 1636, 41, 8.66%, 0, 0, 3, 5.17
1747860395, 1, 741, 1644, 1636, 41, 8.66%, 0, 0, 3, 6.31
1747860406, 1, 742, 1644, 1636, 41, 8.66%, 0, 0, 3, 4.89
1747860416, 1, 743, 1645, 1637, 41, 8.66%, 0, 0, 3, 5.75
1747860432, 1, 744, 1645, 1637, 41, 8.66%, 0, 0, 3, 6.01
1747860437, 1, 745, 1645, 1637, 41, 8.66%, 0, 0, 3, 5.88
1747860447, 1, 746, 1645, 1637, 41, 8.66%, 0, 0, 3, 6.10
1747860458, 1, 747, 1645, 1637, 41, 8.66%, 0, 0, 3, 6.30
1747860463, 1, 748, 1645, 1637, 41, 8.66%, 0, 0, 3, 7.65
1747860473, 1, 749, 1645, 1637, 41, 8.66%, 0, 0, 3, 5.44
1747860483, 1, 751, 1645, 1637, 41, 8.66%, 0, 0, 3, 5.95
1747860488, 1, 753, 1645, 1637, 41, 8.66%, 0, 0, 3, 6.30
1747860498, 1, 754, 1645, 1637, 41, 8.66%, 0, 0, 3, 7.16
1747860503, 1, 755, 1645, 1637, 41, 8.66%, 0, 0, 3, 5.74
1747860514, 1, 756, 1645, 1637, 41, 8.66%, 0, 0, 3, 6.12
1747860519, 1, 757, 1645, 1637, 41, 8.66%, 0, 0, 3, 6.83
1747860524, 1, 757, 1646, 1638, 41, 8.66%, 0, 0, 3, 6.05
1747860529, 1, 757, 1647, 1639, 41, 8.66%, 0, 0, 3, 4.60
1747860550, 1, 757, 1648, 1640, 41, 8.66%, 0, 0, 3, 5.31
1747860596, 1, 758, 1648, 1640, 41, 8.66%, 0, 0, 3, 7.00
1747860601, 1, 759, 1648, 1640, 41, 8.66%, 0, 0, 3, 6.31
1747860611, 1, 760, 1648, 1640, 41, 8.66%, 0, 0, 3, 5.60
1747860617, 1, 762, 1648, 1640, 41, 8.66%, 0, 0, 3, 6.23
1747860627, 1, 763, 1648, 1640, 41, 8.66%, 0, 0, 3, 7.19
1747860632, 1, 766, 1648, 1640, 41, 8.66%, 0, 0, 3, 8.96
1747860637, 1, 767, 1648, 1640, 41, 8.66%, 0, 0, 3, 7.73
1747860647, 1, 768, 1648, 1640, 41, 8.66%, 0, 0, 3, 7.55
1747860653, 1, 769, 1648, 1640, 41, 8.66%, 0, 0, 3, 7.59
