ID;Generation Number;Generation Size;DD Size;Number of DD;Runtime;Tests per Minute;Average Test Execution Time;Average DD Runtime;Total primary score increase;Total secondary increase
0;64;0;0;0;                          0ns;-nan;                          0ns;                          0ns;0.000000;0.000000
1;66;2000;134;10;         7s 604ms  31μs 717ns;18291.428571;                        -17152388980434ns;            653ms 175μs 855ns;0.000000;0.000000
518;600f49;2000;384;10;        45s  28ms 524μs 598ns;3178.666667;                        -42174768393576ns;         5s 148ms 276μs 611ns;2253.000000;0.000000
2;1a8f;2000;203;10;         9s 439ms 438μs 103ns;14686.666667;                        -17893493734424ns;         1s  16ms   5μs 147ns;552.000000;0.000000
519;602fc8;2000;412;10;        44s 758ms 885μs 266ns;3289.090909;                        -47471582411052ns;         5s 841ms 769μs 178ns;2253.000000;0.000000
225;30380d;2000;485;10;        38s 135ms 135μs 520ns;3923.684211;                        -27584812341260ns;         6s 597ms 347μs  51ns;2213.000000;0.000000
3;5006;2000;712;10;        27s 947ms  40μs 197ns;6026.666667;                        -50615272313047ns;         7s 656ms 828μs 397ns;1326.000000;0.000000
520;6050bf;2000;427;10;        45s 475ms  38μs  57ns;3236.000000;                        -43553935006145ns;         5s 982ms 488μs 228ns;2253.000000;0.000000
521;60720e;2000;478;10;        44s 342ms 979μs 480ns;3379.090909;                        -44143559356326ns;         6s 859ms 625μs 335ns;2234.000000;0.000000
226;307b16;2000;533;10;        38s 922ms 260μs 124ns;3999.473684;                        -28473691130952ns;         6s 566ms 724μs 166ns;2213.000000;0.000000
4;8747;2000;679;10;        46s 228ms 453μs 953ns;3494.347826;                        -43358728932488ns;         8s 797ms 499μs 996ns;2234.000000;0.000000
522;609419;2000;402;10;        45s 589ms 943μs 627ns;3202.666667;                        -49824865642556ns;         5s 675ms 718μs  78ns;2253.000000;0.000000
5;add0;2000;540;10;        42s 697ms 185μs  53ns;3628.571429;                        -37973395635802ns;         6s 665ms 317μs 107ns;2234.000000;0.000000
523;60b502;2000;417;10;        45s 933ms 956μs 389ns;3222.666667;                        -45875478033639ns;         5s 983ms  88μs 245ns;2253.000000;0.000000
227;30bf2a;2000;493;10;        38s  39ms 825μs 753ns;3936.315789;                        -32943166782273ns;         6s       291μs 686ns;2213.000000;0.000000
6;d06f;2000;532;10;        44s 585ms 551μs 242ns;3452.727273;                        -35593167120949ns;         6s 556ms 991μs  11ns;2251.000000;0.000000
524;60d607;2000;362;10;        43s 853ms 687μs 398ns;3295.813953;                        -43217819764236ns;         4s 977ms 276μs 785ns;2254.000000;0.000000
7;f2f2;2000;477;10;        43s 184ms 116μs 133ns;3456.279070;                        -31837564926091ns;         6s 102ms 653μs 795ns;2251.000000;0.000000
525;60f63e;2000;405;10;        44s 990ms 820μs 324ns;3279.545455;                        -45198393293481ns;         5s 493ms 180μs  95ns;2254.000000;0.000000
228;3101cd;2000;553;10;        39s  90ms 987μs 870ns;3927.692308;                        -35248600887086ns;         6s 709ms 715μs 208ns;2213.000000;0.000000
8;11497;2000;509;10;        44s 809ms 962μs 648ns;3421.363636;                        -33678803644323ns;         6s 499ms 194μs 746ns;2251.000000;0.000000
526;611749;2000;419;10;        43s 986ms  47μs 366ns;3375.348837;                        -44334429804435ns;         5s 828ms 762μs 643ns;2254.000000;0.000000
9;136ec;2000;460;10;        45s 907ms 827μs 252ns;3280.000000;                        -32061802373836ns;         5s 586ms 531μs 211ns;2253.000000;0.000000
527;613895;2000;416;10;        45s 297ms 275μs 460ns;3221.333333;                        -43482220394007ns;         4s 944ms 760μs 572ns;2254.000000;0.000000
229;314578;2000;448;10;        37s 556ms 970μs 910ns;3969.729730;                        -28885325459330ns;         6s 132ms 968μs 795ns;2213.000000;0.000000
10;1585b;2000;569;10;        42s 483ms 549μs 792ns;3670.000000;                        -24123997565627ns;         6s 477ms 327μs  25ns;2234.000000;0.000000
528;6159c4;2000;436;10;        43s 379ms 321μs 923ns;3399.069767;                        -50368594748300ns;         6s 274ms   6μs 647ns;2234.000000;0.000000
529;617b51;2000;394;10;        42s 238ms 193μs 834ns;3420.000000;                        -42049785440035ns;         5s 439ms 208μs 531ns;2234.000000;0.000000
11;17b5e;2000;587;10;        42s 316ms 316μs   9ns;3695.714286;                        -27769105589949ns;         6s 938ms 704μs 910ns;2234.000000;0.000000
230;318769;2000;467;10;        37s 262ms 740μs 862ns;4000.540541;                        -30402235886547ns;         6s  86ms 400μs  19ns;2213.000000;0.000000
530;619bfc;2000;387;10;        43s 365ms 777μs 459ns;3330.697674;                        -41562003523916ns;         5s 134ms 890μs 293ns;2253.000000;0.000000
12;19ebf;2000;540;10;        41s 396ms 529μs 616ns;3717.073171;                        -29116600158787ns;         6s 496ms 475μs 649ns;2234.000000;0.000000
531;61bc95;2000;346;10;        43s  21ms 752μs 894ns;3273.488372;                        -37593752322903ns;         4s 968ms 556μs 817ns;2253.000000;0.000000
13;1c16c;2000;602;10;        42s  87ms 484μs 851ns;3717.142857;                        -34650919861020ns;         7s 212ms 481μs 198ns;2234.000000;0.000000
231;31c97e;2000;470;10;        37s 617ms 460μs 289ns;4005.405405;                        -22269485143605ns;         6s 182ms 988μs 350ns;2213.000000;0.000000
532;61dc66;2000;437;10;        44s 342ms  11μs 790ns;3323.181818;                        -43432758315732ns;         5s 860ms 695μs 145ns;2231.000000;0.000000
14;1e52d;2000;484;10;        40s 468ms 445μs 782ns;3726.000000;                        -31478194312986ns;         5s 909ms 253μs 758ns;2234.000000;0.000000
533;61fdcc;2000;410;10;        43s 557ms 620μs 102ns;3362.790698;                        -46364449165930ns;         6s 188ms 200μs 640ns;2234.000000;0.000000
15;206d8;2000;541;10;        38s 964ms 559μs 410ns;4012.105263;                        -27724162196037ns;         6s 584ms 954μs 848ns;2234.000000;0.000000
232;320c2d;2000;399;10;        36s 160ms 387μs 187ns;3998.333333;                        -22930220005476ns;         4s 750ms 880μs 361ns;2213.000000;0.000000
534;621e93;2000;415;10;        44s 310ms 569μs 641ns;3293.181818;                        -47491349387796ns;         5s 935ms 922μs 102ns;2234.000000;0.000000
16;22996;2000;524;10;        38s 677ms 318μs  91ns;3985.263158;                        -34890646198461ns;         6s 320ms 650μs 673ns;2234.000000;0.000000
535;623fa7;2000;435;10;        43s 971ms 727μs 238ns;3397.674419;                        -48012404554160ns;         6s  28ms  55μs 671ns;2234.000000;0.000000
17;24beb;2000;505;10;        39s  70ms 373μs 385ns;3853.846154;                        -30094652261913ns;         6s 563ms 219μs 286ns;2234.000000;0.000000
233;324dbf;2000;423;10;        36s 797ms  25μs 673ns;4038.333333;                        -22114993777258ns;         5s 214ms 128μs 994ns;2213.000000;0.000000
536;626123;2000;408;10;        43s 710ms 164μs 165ns;3360.000000;                        -46723782037123ns;         6s 217ms 339μs 815ns;2234.000000;0.000000
18;26df0;2000;508;10;        38s 849ms 672μs 616ns;3960.000000;                        -28655689167783ns;         6s 445ms 838μs 153ns;2234.000000;0.000000
537;62820c;2000;380;10;        43s  73ms 559μs 491ns;3320.930233;                        -43879548569947ns;         5s 530ms 449μs 963ns;2231.000000;0.000000
234;328f4a;2000;477;10;        37s 724ms 982μs 401ns;4016.756757;                        -21922912418377ns;         6s  83ms 148μs 533ns;2213.000000;0.000000
19;29007;2000;473;10;        38s 286ms 930μs 328ns;3904.736842;                        -28208120591386ns;         6s  61ms 821μs  25ns;2234.000000;0.000000
538;62a265;2000;501;10;        49s 435ms 256μs 179ns;3062.448980;                        -57348621929225ns;         6s 520ms 258μs 237ns;2251.000000;0.000000
20;2b190;2000;480;10;        38s 300ms 764μs 721ns;3915.789474;                        -32108112556814ns;         5s 700ms 119μs 547ns;2234.000000;0.000000
539;62c4d6;2000;447;10;        44s 778ms 589μs 372ns;3336.818182;                        -45092867600773ns;         6s 484ms 297μs 340ns;2231.000000;0.000000
235;32d1e7;2000;532;10;        39s 135ms  40μs 346ns;3895.384615;                        -26246001007973ns;         7s  60ms 198μs  75ns;2234.000000;0.000000
21;2d323;2000;488;10;        38s 575ms 802μs 364ns;3928.421053;                        -26341783140859ns;         5s 169ms 319μs 117ns;2234.000000;0.000000
540;62e64d;2000;438;10;        48s 182ms 435μs 121ns;3047.500000;                        -47376978150858ns;         6s  56ms 319μs 694ns;2251.000000;0.000000
22;2f4ea;2000;521;10;        38s 668ms 671μs 270ns;3980.526316;                        -25159819902089ns;         6s 157ms 482μs 210ns;2217.000000;0.000000
541;63078a;2000;486;10;        45s 608ms 345μs 485ns;3314.666667;                        -53570791107206ns;         6s 639ms 650μs 389ns;2231.000000;0.000000
236;3314f8;2000;454;10;        37s 443ms 363μs 998ns;3979.459459;                        -29703113137552ns;         5s 944ms 633μs 264ns;2213.000000;0.000000
23;3175b;2000;530;10;        39s 330ms 165μs 578ns;3892.307692;                        -30086166305020ns;         5s 951ms 677μs 973ns;2234.000000;0.000000
542;63298f;2000;444;10;        45s 421ms 720μs 744ns;3258.666667;                        -52992158920768ns;         5s 843ms 360μs 417ns;2231.000000;0.000000
24;339c2;2000;497;10;        38s 624ms 532μs 439ns;3942.631579;                        -28791910859602ns;         6s 329ms  86μs 694ns;2234.000000;0.000000
543;634b3c;2000;441;10;        44s 667ms 486μs 281ns;3328.636364;                        -48842339313220ns;         6s 435ms 533μs 853ns;2231.000000;0.000000
237;33575e;2000;526;10;        38s 381ms   7μs 436ns;3988.421053;                        -29707404722821ns;         6s 868ms 541μs 271ns;2213.000000;0.000000
25;35b91;2000;478;10;        38s 136ms 886μs 244ns;3912.631579;                        -21334044387765ns;         5s 518ms 286μs  65ns;2234.000000;0.000000
544;636cdd;2000;380;10;        43s 550ms 436μs 995ns;3320.930233;                        -43914624689973ns;         5s 405ms 905μs 579ns;2231.000000;0.000000
26;37d44;2000;495;10;        38s 337ms 576μs 473ns;3939.473684;                        -26558057813624ns;         6s 113ms 291μs 981ns;2234.000000;0.000000
545;638d50;2000;455;10;        44s 695ms 512μs 529ns;3347.727273;                        -56970315505418ns;         6s 865ms 960μs 592ns;2231.000000;0.000000
238;339b4f;2000;520;10;        39s 640ms 744μs  71ns;3876.923077;                        -25526016175224ns;         6s 824ms 868μs  36ns;2234.000000;0.000000
27;39f37;2000;482;10;        38s 152ms 281μs 825ns;3918.947368;                        -29538998005956ns;         5s 801ms 196μs 680ns;2234.000000;0.000000
546;63aeff;2000;483;10;        47s 233ms 391μs 722ns;3169.787234;                        -58113391461773ns;         6s 675ms 508μs 179ns;2234.000000;0.000000
28;3c0d6;2000;472;10;        38s 466ms 334μs 431ns;3903.157895;                        -25667463606097ns;         5s 605ms 495μs  95ns;2234.000000;0.000000
547;63d110;2000;458;10;        46s  54ms 524μs 187ns;3206.086957;                        -46429754361716ns;         6s 685ms 260μs 638ns;2234.000000;0.000000
239;33dee6;2000;411;10;        36s 171ms 921μs 323ns;4018.333333;                        -28460819098632ns;         5s 396ms 669μs 997ns;2213.000000;0.000000
29;3e241;2000;574;10;        39s 879ms 797μs 820ns;3960.000000;                        -30951731998330ns;         6s 683ms 719μs 313ns;2234.000000;0.000000
548;63f29f;2000;442;10;        44s 153ms 710μs 406ns;3330.000000;                        -49754684945706ns;         6s 702ms 642μs 517ns;2234.000000;0.000000
30;4058c;2000;458;10;        38s 219ms 331μs 730ns;3881.052632;                        -21227051221215ns;         5s  68ms 494μs 785ns;2234.000000;0.000000
549;641438;2000;412;10;        44s  16ms 925μs 688ns;3289.090909;                        -41219301959448ns;         6s  17ms 699μs 880ns;2234.000000;0.000000
240;342039;2000;434;10;        36s 967ms 118μs 316ns;4056.666667;                        -23788615921390ns;         5s 491ms 951μs 992ns;2213.000000;0.000000
31;426c3;2000;521;10;        38s 621ms 841μs  37ns;3980.526316;                        -24613613015367ns;         5s 555ms  50μs 463ns;2234.000000;0.000000
550;64350d;2000;482;10;        45s 254ms 425μs 250ns;3309.333333;                        -61130691773765ns;         6s 516ms 990μs 844ns;2234.000000;0.000000
32;4490e;2000;475;10;        38s  32ms 558μs 656ns;3907.894737;                        -21653529513514ns;         5s 810ms 140μs 972ns;2234.000000;0.000000
551;645748;2000;382;10;        46s 353ms 182μs 536ns;3106.956522;                        -43912749946747ns;         5s 221ms 874μs 492ns;2251.000000;0.000000
241;346254;2000;511;10;        38s 543ms 806μs 327ns;3964.736842;                        -28185499499579ns;         6s 748ms 674μs 898ns;2213.000000;0.000000
33;46a8f;2000;558;10;        39s 518ms 963μs 968ns;3935.384615;                        -26190267528090ns;         6s 508ms 681μs 222ns;2234.000000;0.000000
552;6477c3;2000;450;10;        47s  78ms 798μs 362ns;3127.659574;                        -47209359160063ns;         6s 568ms 449μs 893ns;2251.000000;0.000000
34;48dac;2000;536;10;        38s 795ms 307μs 276ns;4004.210526;                        -23081873102682ns;         6s 391ms 480μs 553ns;2234.000000;0.000000
553;64995a;2000;465;10;        46s 431ms 290μs 371ns;3215.217391;                        -55595689349741ns;         6s 372ms 945μs 915ns;2251.000000;0.000000
242;34a5c1;2000;449;10;        39s 130ms 413μs 746ns;3767.692308;                        -26857739831000ns;         5s 570ms 883μs 164ns;2234.000000;0.000000
35;4b04f;2000;531;10;        38s 841ms 998μs 741ns;3996.315789;                        -25636811553753ns;         6s  52ms 165μs   3ns;2234.000000;0.000000
554;64bb46;2000;412;10;        43s 128ms 104μs 536ns;3365.581395;                        -51324625520366ns;         6s 123ms 959μs 657ns;2234.000000;0.000000
36;4d2fb;2000;484;10;        38s 289ms 439μs 570ns;3922.105263;                        -24419704056620ns;         5s 914ms 673μs  66ns;2234.000000;0.000000
555;64dc41;2000;403;10;        42s 105ms 362μs 631ns;3432.857143;                        -40788650572655ns;         5s 881ms 485μs 778ns;2234.000000;0.000000
243;34e8a0;2000;525;10;        37s 622ms 724μs 898ns;4094.594595;                        -27183928770796ns;         6s 565ms 262μs 302ns;2213.000000;0.000000
37;4f4ac;2000;497;10;        38s 190ms 585μs 216ns;3942.631579;                        -23164017547245ns;         6s  69ms  13μs 476ns;2234.000000;0.000000
556;64fd08;2000;413;10;        42s 778ms 386μs 702ns;3447.142857;                        -44289488823668ns;         5s 796ms 418μs 711ns;2234.000000;0.000000
38;516a5;2000;558;10;        39s 351ms 796μs 844ns;3935.384615;                        -26749523227290ns;         6s 889ms 667μs  47ns;2234.000000;0.000000
557;651e1a;2000;402;10;        43s 592ms 198μs 990ns;3351.627907;                        -39280379724608ns;         5s 757ms   8μs 316ns;2250.000000;0.000000
244;352c01;2000;555;10;        37s 905ms 841μs 454ns;4143.243243;                        -33863330250993ns;         7s 309ms 549μs 813ns;2213.000000;0.000000
39;539b4;2000;513;10;        39s  10ms 417μs 585ns;3866.153846;                        -21896368057374ns;         5s 685ms 997μs 944ns;2234.000000;0.000000
558;653ed5;2000;469;10;        43s 322ms 980μs 685ns;3445.116279;                        -50460686385452ns;         6s 914ms 237μs 682ns;2222.000000;0.000000
40;55be6;2000;541;10;        39s 136ms 605μs 682ns;3909.230769;                        -26654064500918ns;         6s 712ms 161μs 188ns;2234.000000;0.000000
559;6560c4;2000;382;10;        41s 642ms 238μs 188ns;3485.853659;                        -44261873995246ns;         5s 168ms 774μs  46ns;2227.000000;0.000000
245;356fca;2000;482;10;        37s 362ms 678μs 877ns;4024.864865;                        -29963920382135ns;         6s 292ms 755μs 743ns;2213.000000;0.000000
41;57ea6;2000;546;10;        38s 832ms 851μs 696ns;4020.000000;                        -24663491039992ns;         6s 338ms 145μs 397ns;2234.000000;0.000000
560;658167;2000;439;10;        43s 227ms 517μs 914ns;3403.255814;                        -48674107679302ns;         6s 378ms 866μs 598ns;2234.000000;0.000000
42;5a18a;2000;488;10;        38s 380ms 282μs 839ns;3928.421053;                        -17582836132215ns;         5s 511ms 482μs 305ns;2234.000000;0.000000
561;65a2c2;2000;388;10;        43s 630ms 381μs 914ns;3332.093023;                        -42925305501611ns;         5s 454ms 217μs 967ns;2252.000000;0.000000
246;35b28b;2000;473;10;        37s 727ms 596μs 630ns;4010.270270;                        -30364419786737ns;         6s 597ms 536μs 913ns;2213.000000;0.000000
43;5c343;2000;556;10;        39s  93ms 517μs 184ns;3932.307692;                        -23741713437707ns;         6s 528ms 522μs 593ns;2234.000000;0.000000
562;65c375;2000;547;10;        46s 413ms 208μs 710ns;3322.173913;                        -60520235696105ns;         7s 899ms 444μs 873ns;2252.000000;0.000000
44;5e61a;2000;399;10;        36s 696ms 806μs 575ns;3998.333333;                        -19413919814223ns;         4s 298ms 962μs  85ns;2234.000000;0.000000
563;65e6bc;2000;533;10;        47s  76ms 466μs   3ns;3233.617021;                        -57076202220439ns;         7s 766ms 437μs 213ns;2252.000000;0.000000
247;35f4e0;2000;455;10;        37s 623ms  57μs 537ns;3981.081081;                        -25345431235479ns;         5s 986ms 498μs 110ns;2213.000000;0.000000
45;60645;2000;524;10;        38s 697ms 857μs 262ns;3985.263158;                        -22088337380654ns;         5s 978ms 267μs 464ns;2234.000000;0.000000
564;6609d9;2000;427;10;        44s  41ms 379μs 861ns;3309.545455;                        -45289813960711ns;         6s 159ms 488μs  69ns;2252.000000;0.000000
46;6289c;2000;561;10;        38s 889ms 656μs 453ns;4043.684211;                        -16810119685811ns;         6s 524ms 218μs 503ns;2234.000000;0.000000
565;662b02;2000;434;10;        44s 121ms 723μs 179ns;3319.090909;                        -48802135848757ns;         6s 622ms 284μs 567ns;2252.000000;0.000000
248;363773;2000;491;10;        37s 752ms 860μs 863ns;4039.459459;                        -33020853750373ns;         6s 654ms  60μs 316ns;2213.000000;0.000000
47;64b8f;2000;546;10;        38s 462ms 144μs 595ns;4020.000000;                        -21068455689355ns;         5s 901ms  67μs 151ns;2234.000000;0.000000
566;664c52;2000;455;10;        44s 421ms 207μs 362ns;3347.727273;                        -51996931991747ns;         6s 765ms  70μs 949ns;2252.000000;0.000000
567;666e05;2000;495;10;        45s 254ms 124μs 724ns;3326.666667;                        -55605867510979ns;         7s  85ms 271μs 235ns;2252.000000;0.000000
48;66e79;2000;437;10;        37s 287ms  40μs 935ns;3951.891892;                        -17667567914971ns;         4s 811ms 615μs 455ns;2234.000000;0.000000
249;367a14;2000;466;10;        37s 638ms 251μs 936ns;3998.918919;                        -22915541310383ns;         5s 737ms 313μs  10ns;2213.000000;0.000000
49;68f5e;2000;431;10;        37s 640ms 184μs 705ns;3942.162162;                        -20615875809252ns;         5s  57ms 868μs 612ns;2234.000000;0.000000
568;66908e;2000;464;10;        44s 131ms 110μs 720ns;3360.000000;                        -61104424230458ns;         6s 705ms 310μs 546ns;2252.000000;0.000000
50;6b017;2000;548;10;        39s 237ms   6μs 880ns;3920.000000;                        -29090108651023ns;         6s 222ms 138μs 252ns;2234.000000;0.000000
569;66b271;2000;460;10;        44s 945ms 479μs 370ns;3354.545455;                        -57310164899343ns;         6s 788ms  18μs 782ns;2252.000000;0.000000
250;36bcc1;2000;435;10;        36s 911ms 640μs 950ns;4058.333333;                        -28497176122254ns;         5s 769ms 888μs  32ns;2213.000000;0.000000
51;6d2ec;2000;507;10;        38s 293ms 921μs  88ns;3958.421053;                        -20838103680557ns;         5s 836ms 775μs 568ns;2234.000000;0.000000
570;66d444;2000;439;10;        43s 788ms 644μs 975ns;3403.255814;                        -45703361966769ns;         5s 867ms 774μs 931ns;2252.000000;0.000000
52;6f517;2000;588;10;        39s 597ms 163μs 541ns;3981.538462;                        -23187941624521ns;         6s 808ms 820μs 562ns;2234.000000;0.000000
571;66f5a3;2000;403;10;        43s 202ms 177μs 483ns;3353.023256;                        -49465755016146ns;         5s 940ms 462μs 166ns;2252.000000;0.000000
251;36fe76;2000;512;10;        38s 196ms  40μs 541ns;3966.315789;                        -28195327733984ns;         6s 704ms 909μs 755ns;2213.000000;0.000000
572;671668;2000;429;10;        43s 821ms 101μs 441ns;3389.302326;                        -46509956741761ns;         6s 150ms 838μs 508ns;2252.000000;0.000000
53;71876;2000;529;10;        38s 938ms       578ns;3993.157895;                        -26801377083521ns;         6s 236ms 272μs  50ns;2234.000000;0.000000
573;6737af;2000;465;10;        44s 657ms 158μs 885ns;3361.363636;                        -48532220488894ns;         6s 293ms 967μs 680ns;2252.000000;0.000000
54;73af3;2000;514;10;        38s 790ms 648μs 417ns;3969.473684;                        -24435151861587ns;         5s 896ms 595μs 291ns;2234.000000;0.000000
252;3741b5;2000;607;10;        38s 976ms 689μs 336ns;4116.315789;                        -37049973031157ns;         8s 306ms 764μs  17ns;2213.000000;0.000000
574;67599e;2000;454;10;        44s 530ms 821μs 564ns;3346.363636;                        -52667877368897ns;         6s 831ms  71μs  79ns;2252.000000;0.000000
55;75d30;2000;505;10;        38s 246ms 365μs 772ns;3955.263158;                        -23960645154779ns;         5s 499ms 623μs 171ns;2234.000000;0.000000
575;677b2f;2000;494;10;        45s 473ms 126μs 144ns;3325.333333;                        -55679320180928ns;         7s  25ms 138μs 180ns;2252.000000;0.000000
56;77f4c;2000;540;10;        38s 720ms 615μs 549ns;4010.526316;                        -23909926587505ns;         6s 380ms 682μs 476ns;2234.000000;0.000000
253;3786e4;2000;558;10;        38s 993ms 537μs 550ns;4038.947368;                        -40280147172003ns;         6s 851ms 226μs 527ns;2213.000000;0.000000
576;679d76;2000;431;10;        46s 506ms 648μs 206ns;3170.869565;                        -51355383386425ns;         6s 493ms 881μs 361ns;2252.000000;0.000000
57;7a1ed;2000;483;10;        38s 134ms 700μs 118ns;3920.526316;                        -25313561016580ns;         5s 509ms 579μs  64ns;2234.000000;0.000000
577;67becd;2000;332;10;        45s 643ms 257μs 457ns;3109.333333;                        -40869192052943ns;         4s 422ms 765μs 815ns;2252.000000;0.000000
58;7c398;2000;490;10;        38s 327ms 778μs 216ns;3931.578947;                        -24676621952365ns;         5s 607ms 250μs 260ns;2234.000000;0.000000
254;37cb2d;2000;462;10;        37s 154ms  88μs 922ns;3992.432432;                        -31681071973993ns;         6s 105ms 774μs 592ns;2213.000000;0.000000
578;67de68;2000;446;10;        43s 515ms 127μs 741ns;3413.023256;                        -49541800647917ns;         6s 598ms 372μs 436ns;2222.000000;0.000000
59;7e57d;2000;559;10;        38s 763ms 567μs 217ns;4040.526316;                        -26220813922083ns;         6s 715ms 956μs 636ns;2234.000000;0.000000
579;67ffdd;2000;410;10;        43s 187ms 843μs 659ns;3362.790698;                        -42315169654917ns;         5s 826ms 697μs 973ns;2222.000000;0.000000
60;80892;2000;474;10;        38s 146ms 128μs 249ns;3906.315789;                        -22840686718282ns;         5s 673ms 918μs 431ns;2234.000000;0.000000
255;380e1c;2000;526;10;        37s 490ms 565μs 615ns;4096.216216;                        -34280423790971ns;         7s  42ms 956μs 129ns;2213.000000;0.000000
580;6820af;2000;436;10;        43s 944ms 375μs 722ns;3399.069767;                        -45509052956253ns;         6s 270ms 274μs  25ns;2222.000000;0.000000
61;82a23;2000;587;10;        39s 305ms 207μs 482ns;3980.000000;                        -32766595854564ns;         6s 977ms 411μs 927ns;2234.000000;0.000000
581;6841f2;2000;476;10;        44s 144ms 248μs 950ns;3376.363636;                        -50749552296439ns;         6s 841ms 195μs 319ns;2222.000000;0.000000
62;84d96;2000;444;10;        39s 754ms 559μs 843ns;3760.000000;                        -15030525409456ns;         4s 780ms 974μs 475ns;2351.000000;0.000000
256;385183;2000;590;10;        38s 836ms 650μs 427ns;4089.473684;                        -33435889801166ns;         7s 660ms  10μs 486ns;2216.000000;0.000000
582;686404;2000;435;10;        43s  49ms 499μs   7ns;3397.674419;                        -51913589634968ns;         6s 623ms 261μs  88ns;2222.000000;0.000000
63;86ec5;2000;461;10;        39s 868ms 534μs 597ns;3786.153846;                        -26984699477653ns;         4s 920ms 889μs 888ns;2351.000000;0.000000
583;688543;2000;415;10;        43s  56ms 941μs 534ns;3369.767442;                        -46838983283033ns;         5s 859ms 650μs 343ns;2222.000000;0.000000
64;89026;2000;463;10;        39s 916ms 969μs 907ns;3789.230769;                        -23522211664293ns;         5s 510ms 805μs 217ns;2351.000000;0.000000
257;3895f4;2000;519;10;        37s 765ms 733μs  71ns;4084.864865;                        -31823691103932ns;         6s 803ms 592μs 297ns;2216.000000;0.000000
584;68a640;2000;488;10;        44s 664ms 906μs 362ns;3392.727273;                        -49036263390821ns;         7s 351ms  22μs 145ns;2222.000000;0.000000
65;8b183;2000;481;10;        39s 795ms 564μs 999ns;3816.923077;                        -25061782461151ns;         5s 220ms 699μs 352ns;2351.000000;0.000000
585;68c881;2000;433;10;        44s 122ms 267μs 899ns;3317.727273;                        -47111171648018ns;         6s 106ms 571μs 720ns;2222.000000;0.000000
66;8d34e;2000;473;10;        40s  45ms 272μs 931ns;3709.500000;                        -26573145004877ns;         5s 711ms 833μs 502ns;2351.000000;0.000000
258;38d9b9;2000;552;10;        37s 907ms 488μs 723ns;4138.378378;                        -37865773753929ns;         7s  23ms 893μs 876ns;2216.000000;0.000000
586;68e9ae;2000;406;10;        42s 542ms 369μs 631ns;3437.142857;                        -43649211095172ns;         5s 564ms 130μs  54ns;2222.000000;0.000000
67;8f4eb;2000;471;10;        39s 765ms 839μs 500ns;3801.538462;                        -21734612818854ns;         5s 725ms  59μs 112ns;2351.000000;0.000000
587;690a9f;2000;378;10;        41s 825ms 308μs 776ns;3480.000000;                        -42301895224452ns;         5s 388ms 298μs 412ns;2222.000000;0.000000
68;91676;2000;455;10;        39s 738ms 437μs 159ns;3776.923077;                        -19862582133092ns;         5s 232ms 123μs 704ns;2351.000000;0.000000
259;391d88;2000;516;10;        39s 606ms 108μs 297ns;3870.769231;                        -36987978452795ns;         6s 399ms 553μs  52ns;2234.000000;0.000000
588;692ae8;2000;437;10;        42s 733ms 215μs 336ns;3481.428571;                        -45228582958376ns;         6s 753ms  30μs  48ns;2222.000000;0.000000
69;937b9;2000;436;10;        39s 856ms 621μs 894ns;3747.692308;                        -26981907086843ns;         5s 128ms 882μs 303ns;2351.000000;0.000000
589;694c41;2000;435;10;        43s  22ms   4μs 876ns;3397.674419;                        -45574767291420ns;         6s 429ms 780μs 518ns;2234.000000;0.000000
70;95882;2000;543;10;        41s 112ms 715μs 666ns;3721.463415;                        -16120377123394ns;         5s 951ms 317μs 822ns;2351.000000;0.000000
260;3960c3;2000;409;10;        38s 475ms 335μs 910ns;3803.684211;                        -21694346728716ns;         5s  34ms 285μs 830ns;2234.000000;0.000000
590;696d8e;2000;452;10;        42s 947ms 447μs 974ns;3502.857143;                        -45565744287509ns;         6s 747ms 146μs 560ns;2222.000000;0.000000
71;97b53;2000;447;10;        39s 465ms 783μs 170ns;3764.615385;                        -16465037935513ns;         5s 121ms 746μs 336ns;2351.000000;0.000000
591;698f2d;2000;392;10;        41s 761ms 550μs 455ns;3500.487805;                        -44239127038608ns;         5s 525ms 499μs 567ns;2222.000000;0.000000
72;99c8e;2000;506;10;        40s 158ms  49μs 671ns;3759.000000;                        -20027526054023ns;         5s 832ms 728μs 153ns;2351.000000;0.000000
261;39a236;2000;482;10;        40s  80ms 503μs 976ns;3723.000000;                        -28846511334077ns;         6s 306ms 482μs 140ns;2234.000000;0.000000
592;69afd6;2000;430;10;        44s 214ms 752μs 703ns;3313.636364;                        -50557305481563ns;         6s 568ms 860μs 968ns;2234.000000;0.000000
73;9be83;2000;478;10;        40s 155ms 586μs 422ns;3717.000000;                        -14264149351284ns;         5s 120ms 416μs 852ns;2351.000000;0.000000
593;69d117;2000;433;10;        44s 728ms 246μs 305ns;3317.727273;                        -45633318463669ns;         6s 548ms 974μs 441ns;2235.000000;0.000000
74;9e052;2000;477;10;        40s 439ms 724μs 450ns;3715.500000;                        -21691739925493ns;         5s 536ms 844μs  60ns;2351.000000;0.000000
262;39e4d9;2000;533;10;        40s 883ms 762μs 191ns;3799.500000;                        -24593142971781ns;         6s 574ms 689μs  79ns;2234.000000;0.000000
594;69f27a;2000;377;10;        46s  94ms 605μs 721ns;3100.434783;                        -43911136945764ns;         5s 649ms 345μs 392ns;2251.000000;0.000000
75;a01e7;2000;529;10;        40s 897ms 176μs 942ns;3793.500000;                        -20967531235325ns;         6s 262ms 973μs 225ns;2351.000000;0.000000
595;6a12d9;2000;433;10;        46s 505ms 539μs 548ns;3173.478261;                        -46252827894910ns;         6s 424ms 272μs  20ns;2253.000000;0.000000
76;a2482;2000;499;10;        40s 795ms 771μs 464ns;3748.500000;                        -22918317124453ns;         5s 667ms 461μs 735ns;2351.000000;0.000000
263;3a286c;2000;487;10;        39s 769ms 649μs 371ns;3826.153846;                        -20155157780517ns;         6s 454ms 909μs 516ns;2251.000000;0.000000
596;6a3450;2000;441;10;        46s 978ms 220μs  51ns;3183.913043;                        -53386832281927ns;         6s 750ms 184μs 529ns;2253.000000;0.000000
77;a4692;2000;490;10;        40s 232ms 181μs 137ns;3735.000000;                        -18174898836902ns;         5s 681ms 521μs 940ns;2351.000000;0.000000
597;6a55e3;2000;414;10;        46s 964ms 925μs 758ns;3148.695652;                        -43560487917148ns;         5s 596ms 231μs 765ns;2257.000000;0.000000
78;a6889;2000;526;10;        41s 164ms 854μs 873ns;3696.585366;                        -27995495840963ns;         5s 855ms 407μs 479ns;2351.000000;0.000000
264;3a6b9b;2000;569;10;        43s 614ms 161μs 563ns;3584.651163;                        -24809998898602ns;         7s 453ms 338μs 200ns;2251.000000;0.000000
598;6a7706;2000;509;10;        49s 794ms 386μs 905ns;3072.244898;                        -55199660645525ns;         7s 864ms 568μs 265ns;2257.000000;0.000000
79;a8b0a;2000;510;10;        40s 422ms 698μs 357ns;3765.000000;                        -30993409455924ns;         6s 149ms 101μs 846ns;2351.000000;0.000000
599;6a99a7;2000;431;10;        49s 389ms 779μs 514ns;2976.734694;                        -49969932119824ns;         6s 758ms 192μs 885ns;2257.000000;0.000000
80;aad47;2000;449;10;        39s 938ms 213μs 699ns;3767.692308;                        -28301912120669ns;         5s 527ms 632μs 600ns;2351.000000;0.000000
265;3ab038;2000;474;10;        41s 759ms 234μs 582ns;3620.487805;                        -20843420856168ns;         6s  60ms 469μs 794ns;2251.000000;0.000000
600;6abb00;2000;430;10;        48s 852ms  79μs 805ns;3037.500000;                        -53350129661184ns;         6s 444ms 661μs  11ns;2257.000000;0.000000
81;ace72;2000;517;10;        40s 925ms 459μs 459ns;3775.500000;                        -29506200664640ns;         6s 131ms 458μs 262ns;2351.000000;0.000000
601;6adc45;2000;473;10;        47s  21ms 520μs 658ns;3157.021277;                        -47335739126467ns;         7s 272ms 254μs  46ns;2257.000000;0.000000
82;af0cd;2000;498;10;        40s  18ms 884μs 835ns;3747.000000;                        -23786038043069ns;         5s 620ms 367μs 521ns;2351.000000;0.000000
266;3af2c4;2000;474;10;        42s 168ms 348μs 505ns;3534.285714;                        -20266117380202ns;         5s 849ms 111μs 618ns;2251.000000;0.000000
602;6afe3e;2000;448;10;        49s 274ms 986μs 163ns;2997.551020;                        -49338562125019ns;         6s 694ms 981μs 992ns;2257.000000;0.000000
83;b12c2;2000;437;10;        39s 642ms 737μs 529ns;3749.230769;                        -17706669438379ns;         4s 823ms  89μs 987ns;2351.000000;0.000000
603;6b1fdd;2000;485;10;        48s 803ms 124μs 489ns;3106.250000;                        -49504621825619ns;         7s 109ms 998μs 454ns;2257.000000;0.000000
84;b3393;2000;561;10;        39s 456ms 512μs 711ns;3940.000000;                        -26518772385548ns;         6s 721ms 779μs 157ns;2234.000000;0.000000
267;3b35b9;2000;457;10;        39s 420ms 673μs 259ns;3780.000000;                        -21574137537175ns;         5s 832ms 120μs 175ns;2251.000000;0.000000
604;6b421a;2000;441;10;        47s 704ms  79μs 394ns;3116.170213;                        -53135871649291ns;         6s 644ms 488μs 937ns;2257.000000;0.000000
85;b568a;2000;475;10;        37s 713ms 686μs 166ns;4013.513514;                        -17722886551358ns;         5s 447ms  98μs 623ns;2234.000000;0.000000
605;6b638b;2000;423;10;        46s 634ms 191μs 123ns;3160.434783;                        -50477840990310ns;         5s 552ms 367μs  87ns;2257.000000;0.000000
268;3b77e8;2000;462;10;        41s 489ms 614μs 278ns;3602.926829;                        -15130594731785ns;         5s 583ms   4μs 203ns;2251.000000;0.000000
86;b7819;2000;464;10;        37s 866ms 596μs 454ns;3995.675676;                        -24981866049527ns;         5s  65ms  14μs 277ns;2234.000000;0.000000
606;6b84ec;2000;464;10;        47s 217ms  90μs 457ns;3145.531915;                        -55059651070049ns;         6s 603ms 394μs 768ns;2257.000000;0.000000
87;b9986;2000;418;10;        37s 123ms 716μs 487ns;3921.081081;                        -14338739509684ns;         4s 330ms 315μs 680ns;2234.000000;0.000000
607;6ba6e5;2000;428;10;        46s 425ms 528μs 775ns;3166.956522;                        -45805577408682ns;         6s 136ms 273μs 529ns;2257.000000;0.000000
88;bba53;2000;515;10;        38s 935ms 253μs 785ns;3971.052632;                        -24196969612198ns;         6s 155ms  99μs 365ns;2234.000000;0.000000
269;3bba6b;2000;451;10;        43s 420ms 613μs 644ns;3420.000000;                        -16953625340879ns;         5s 479ms 974μs 400ns;2251.000000;0.000000
608;6bc82a;2000;411;10;        42s 341ms 262μs 996ns;3444.285714;                        -49517074074570ns;         5s 783ms 690μs 325ns;2222.000000;0.000000
89;bdc96;2000;448;10;        37s 621ms 452μs 314ns;3969.729730;                        -24860800629417ns;         5s 222ms 793μs 995ns;2234.000000;0.000000
609;6be915;2000;536;10;        44s 328ms 897μs 881ns;3458.181818;                        -54100331644605ns;         7s 477ms 343μs 630ns;2234.000000;0.000000
270;3bf227;2000;499;10;        42s 153ms 698μs 875ns;3570.000000;                        -19783229070955ns;         6s 244ms 369μs 587ns;2251.000000;0.000000
90;bfdc1;2000;512;10;        38s 783ms  71μs 510ns;3966.315789;                        -23383738945038ns;         5s 611ms 408μs 735ns;2234.000000;0.000000
610;6c0c32;2000;430;10;        42s 415ms 196μs 818ns;3471.428571;                        -40289809477044ns;         6s 376ms 571μs 548ns;2234.000000;0.000000
91;c2000;2000;479;10;        37s 823ms 373μs 282ns;4020.000000;                        -31119587219016ns;         5s 339ms 924μs 328ns;2234.000000;0.000000
271;3c29ea;2000;487;10;        41s 953ms 864μs 916ns;3639.512195;                        -18151603868963ns;         6s  33ms 517μs 903ns;2251.000000;0.000000
611;6c2d65;2000;396;10;        43s 558ms 747μs 297ns;3343.255814;                        -46129383677045ns;         5s 400ms 679μs 237ns;2234.000000;0.000000
92;c41bf;2000;447;10;        37s 729ms 929μs 971ns;3968.108108;                        -19379867444341ns;         5s 234ms 743μs 359ns;2234.000000;0.000000
612;6c4e18;2000;423;10;        44s 851ms 276μs 149ns;3304.090909;                        -51132010637236ns;         6s 321ms 622μs 928ns;2234.000000;0.000000
272;3c61ac;2000;498;10;        42s 383ms 149μs 520ns;3568.571429;                        -17786317448078ns;         6s 431ms 396μs 893ns;2251.000000;0.000000
93;c62fc;2000;475;10;        37s 745ms  80μs 221ns;4013.513514;                        -26597812470130ns;         5s 621ms 921μs 122ns;2234.000000;0.000000
613;6c6f4f;2000;399;10;        43s 873ms 822μs   3ns;3347.441860;                        -40824865270547ns;         5s 385ms 258μs 120ns;2234.000000;0.000000
94;c84ad;2000;482;10;        38s 389ms 897μs 573ns;3918.947368;                        -33939981798750ns;         5s 885ms 616μs 233ns;2234.000000;0.000000
614;6c902c;2000;405;10;        42s 198ms 782μs  85ns;3435.714286;                        -43196094153158ns;         5s 855ms   9μs 395ns;2234.000000;0.000000
273;3c99e7;2000;445;10;        41s 326ms 175μs 641ns;3578.048780;                        -26967032464794ns;         5s 912ms 425μs 350ns;2251.000000;0.000000
95;ca68c;2000;492;10;        38s 583ms 465μs 509ns;3934.736842;                        -27556064430963ns;         5s 142ms 918μs 132ns;2234.000000;0.000000
615;6cb123;2000;422;10;        44s  43ms 261μs  85ns;3302.727273;                        -51477584130383ns;         6s 249ms  81μs 607ns;2252.000000;0.000000
96;cc879;2000;474;10;        38s 227ms 553μs 875ns;3906.315789;                        -29475366727825ns;         5s 445ms  32μs 545ns;2234.000000;0.000000
274;3cd148;2000;491;10;        42s  78ms  33μs 513ns;3558.571429;                        -26183512185555ns;         6s 633ms 280μs 425ns;2251.000000;0.000000
616;6cd247;2000;434;10;        44s 256ms 535μs 606ns;3319.090909;                        -49400247696365ns;         6s 236ms 371μs 269ns;2252.000000;0.000000
97;cea12;2000;492;10;        38s 333ms 893μs 477ns;3934.736842;                        -28980211304041ns;         5s 930ms 196μs 208ns;2234.000000;0.000000
617;6cf3cd;2000;391;10;        45s 649ms 590μs 123ns;3188.000000;                        -47190124340390ns;         5s 748ms 869μs 538ns;2253.000000;0.000000
275;3d093b;2000;544;10;        43s  78ms 111μs 187ns;3549.767442;                        -20286693252181ns;         6s 539ms 582μs 317ns;2251.000000;0.000000
98;d0c15;2000;412;10;        37s 173ms 878μs 205ns;3911.351351;                        -27301256370639ns;         4s 889ms 519μs 338ns;2234.000000;0.000000
618;6d1492;2000;445;10;        48s  21ms 693μs 778ns;3056.250000;                        -48279078967451ns;         6s 610ms 471μs 605ns;2253.000000;0.000000
99;d2cb0;2000;486;10;        38s 441ms 760μs 124ns;3925.263158;                        -25066059141989ns;         5s 739ms 824μs  59ns;2234.000000;0.000000
619;6d3661;2000;390;10;        49s 487ms 952μs 485ns;2926.530612;                        -46289651871850ns;         5s 173ms  47μs 946ns;2254.000000;0.000000
276;3d424e;2000;484;10;        42s 427ms 312μs 294ns;3548.571429;                        -19624102262313ns;         5s 924ms 914μs 854ns;2251.000000;0.000000
100;d4e69;2000;463;10;        38s  53ms 726μs 949ns;3888.947368;                        -24726728870465ns;         4s 935ms 501μs 880ns;2234.000000;0.000000
620;6d56f7;2000;393;10;        50s 634ms 211μs 792ns;2871.600000;                        -44375594574344ns;         5s 800ms 969μs 372ns;2254.000000;0.000000
101;d6ff7;2000;466;10;        38s 278ms  96μs 788ns;3893.684211;                        -35611489890226ns;         5s 544ms 217μs 793ns;2234.000000;0.000000
621;6d77ae;2000;438;10;        53s 966ms 896μs 340ns;2760.000000;                        -48741027424744ns;         6s 550ms 218μs 980ns;2254.000000;0.000000
277;3d7a45;2000;441;10;        41s 203ms 740μs 799ns;3572.195122;                        -18209269171996ns;         5s 562ms 498μs 361ns;2251.000000;0.000000
102;d9192;2000;427;10;        37s 340ms 909μs 468ns;3935.675676;                        -27139497120099ns;         4s 976ms 203μs 335ns;2234.000000;0.000000
622;6d9938;2000;480;10;        53s 699ms 843μs 687ns;2807.547170;                        -58105333649929ns;         7s 526ms 361μs 288ns;2254.000000;0.000000
278;3db15d;2000;432;10;        42s 897ms 213μs 699ns;3474.285714;                        -19457457631118ns;         5s 355ms 981μs 820ns;2251.000000;0.000000
103;db291;2000;375;10;        36s 741ms 184μs 347ns;3958.333333;                        -26542539093431ns;         4s 467ms 780μs 575ns;2234.000000;0.000000
623;6dbb65;2000;445;10;        49s 392ms 658μs 611ns;2993.877551;                        -48917898151622ns;         6s 244ms 893μs 440ns;2254.000000;0.000000
104;dd292;2000;385;10;        37s 158ms 261μs 294ns;3867.567568;                        -29402920789006ns;         4s 541ms 177μs 485ns;2234.000000;0.000000
624;6ddce2;2000;449;10;        50s 122ms 691μs 171ns;2938.800000;                        -48844267966918ns;         6s 155ms 599μs 831ns;2254.000000;0.000000
279;3de85f;2000;513;10;        42s 442ms 247μs 662ns;3590.000000;                        -19117205391356ns;         6s 530ms 952μs 821ns;2251.000000;0.000000
105;df2c3;2000;454;10;        37s 795ms 917μs 199ns;3979.459459;                        -24247970940777ns;         4s 754ms 735μs 833ns;2234.000000;0.000000
625;6dfe93;2000;428;10;        49s 100ms 921μs 858ns;2973.061224;                        -48048812884231ns;         6s 283ms 461μs 276ns;2254.000000;0.000000
106;e1440;2000;400;10;        37s  61ms 842μs 412ns;3891.891892;                        -23319230687394ns;         4s 294ms 583μs 775ns;2234.000000;0.000000
626;6e1fd2;2000;402;10;        48s 526ms 680μs  63ns;3002.500000;                        -41768310283589ns;         5s 624ms 862μs 155ns;2254.000000;0.000000
280;3e20ac;2000;436;10;        41s 123ms 444μs 636ns;3564.878049;                        -31203884087959ns;         5s 778ms 376μs 458ns;2250.000000;0.000000
107;e34c1;2000;486;10;        38s 479ms 277μs 934ns;3925.263158;                        -27643791367429ns;         5s 570ms  72μs 562ns;2234.000000;0.000000
627;6e40ad;2000;405;10;        48s 887ms 601μs  67ns;3006.250000;                        -43575787990300ns;         5s 819ms 927μs 959ns;2254.000000;0.000000
108;e56be;2000;457;10;        37s 881ms 658μs  58ns;3984.324324;                        -24223049046060ns;         5s 157ms 430μs 789ns;2234.000000;0.000000
281;3e57b6;2000;487;10;        43s 605ms 886μs 944ns;3470.232558;                        -16148307486350ns;         6s  19ms 314μs 277ns;2251.000000;0.000000
628;6e61b2;2000;431;10;        47s 524ms 489μs 847ns;3103.404255;                        -49536517769167ns;         6s 437ms 764μs 886ns;2254.000000;0.000000
109;e7803;2000;427;10;        37s 665ms 487μs 425ns;3935.675676;                        -30363137123654ns;         5s  67ms 556μs 381ns;2234.000000;0.000000
629;6e831b;2000;413;10;        45s 240ms 105μs 918ns;3217.333333;                        -44674394706734ns;         5s 723ms 984μs 654ns;2254.000000;0.000000
282;3e8f87;2000;465;10;        43s 211ms 558μs 414ns;3439.534884;                        -15711914968404ns;         5s 173ms 708μs 539ns;2251.000000;0.000000
110;e98e4;2000;442;10;        37s 611ms 327μs 805ns;3960.000000;                        -21183002769198ns;         4s 775ms 180μs 158ns;2234.000000;0.000000
630;6ea41b;2000;461;10;        44s 667ms   1μs 767ns;3355.909091;                        -51965778270197ns;         6s 472ms  99μs  33ns;2254.000000;0.000000
111;eba1d;2000;456;10;        38s 494ms 794μs 835ns;3877.894737;                        -31451237478217ns;         5s 194ms 216μs 674ns;2234.000000;0.000000
631;6ec61e;2000;443;10;        42s 340ms 100μs 722ns;3490.000000;                        -48093377698193ns;         6s 465ms 484μs 229ns;2222.000000;0.000000
283;3ec70f;2000;503;10;        43s   3ms 439μs 610ns;3492.558140;                        -21206119050647ns;         6s 481ms 439μs 644ns;2251.000000;0.000000
112;edb7f;2000;490;10;        38s 796ms  85μs 657ns;3931.578947;                        -41270283768068ns;         6s 246ms 526μs 731ns;2234.000000;0.000000
632;6ee7a9;2000;382;10;        41s 461ms 438μs 846ns;3485.853659;                        -40588613963595ns;         5s 294ms 731μs 109ns;2234.000000;0.000000
113;efd80;2000;549;10;        39s 502ms 983μs 111ns;3921.538462;                        -40595756679520ns;         7s   7ms 471μs 825ns;2234.000000;0.000000
284;3eff0e;2000;401;10;        40s 955ms 303μs 193ns;3601.500000;                        -28681829766346ns;         5s 272ms 634μs 399ns;2250.000000;0.000000
633;6f084f;2000;414;10;        41s 393ms 220μs 791ns;3532.682927;                        -45293254660878ns;         5s 228ms 903μs 807ns;2234.000000;0.000000
114;f20b7;2000;468;10;        38s 405ms 721μs 291ns;3896.842105;                        -29294165314575ns;         5s 673ms 909μs 391ns;2234.000000;0.000000
634;6f2942;2000;359;10;        40s 766ms  41μs  68ns;3538.500000;                        -39417208094703ns;         4s 860ms 499μs  61ns;2234.000000;0.000000
285;3f35a7;2000;446;10;        41s 426ms 270μs 928ns;3579.512195;                        -29329686298512ns;         5s 322ms 530μs 662ns;2250.000000;0.000000
115;f4238;2000;429;10;        37s 643ms 503μs 310ns;3938.918919;                        -28307312096026ns;         4s 684ms 562μs 281ns;2234.000000;0.000000
635;6f495d;2000;450;10;        42s 523ms 736μs 780ns;3500.000000;                        -50407742430465ns;         6s 541ms 834μs  55ns;2234.000000;0.000000
116;f6333;2000;384;10;        37s 311ms 553μs 770ns;3865.945946;                        -25275235676645ns;         4s 166ms 407μs 733ns;2234.000000;0.000000
636;6f6b04;2000;493;10;        43s 381ms 459μs 983ns;3478.604651;                        -58199543704684ns;         6s 768ms 729μs 544ns;2234.000000;0.000000
286;3f6d16;2000;447;10;        40s 817ms 580μs  95ns;3670.500000;                        -28733739514436ns;         5s 776ms 749μs 754ns;2250.000000;0.000000
117;f8348;2000;409;10;        37s 548ms 382μs 396ns;3906.486486;                        -27663172050858ns;         4s 549ms 617μs 117ns;2234.000000;0.000000
637;6f8d8b;2000;417;10;        41s 680ms 272μs  62ns;3537.073171;                        -43718984140190ns;         6s  17ms 944μs 106ns;2234.000000;0.000000
118;fa3e7;2000;510;10;        39s  21ms 400μs 267ns;3861.538462;                        -33895954391308ns;         6s 452ms 239μs 198ns;2234.000000;0.000000
287;3fa48d;2000;532;10;        42s  66ms 146μs 418ns;3617.142857;                        -39390189091467ns;         7s 491ms 991μs 719ns;2250.000000;0.000000
638;6fae8e;2000;494;10;        42s 782ms 676μs 622ns;3562.857143;                        -46850380310956ns;         7s 432ms 582μs  53ns;2234.000000;0.000000
119;fc63e;2000;476;10;        38s 590ms 673μs 175ns;3909.473684;                        -35222813161507ns;         6s  61ms 149μs  40ns;2234.000000;0.000000
639;6fd0cb;2000;403;10;        41s 828ms 709μs 555ns;3516.585366;                        -47701118933996ns;         5s 707ms 583μs 519ns;2234.000000;0.000000
288;3fdd60;2000;489;10;        40s 863ms 590μs  85ns;3733.500000;                        -22199222544198ns;         6s  15ms 836μs  59ns;2250.000000;0.000000
120;fe7f9;2000;414;10;        37s 780ms 823μs 900ns;3914.594595;                        -35836122847862ns;         4s 950ms 596μs  66ns;2234.000000;0.000000
640;6ff1a0;2000;408;10;        41s 785ms 780μs  22ns;3523.902439;                        -42661427145951ns;         5s 847ms 943μs 972ns;2222.000000;0.000000
121;1008a6;2000;439;10;        38s  24ms 193μs 752ns;3851.052632;                        -31691417673606ns;         5s 373ms 283μs 989ns;2234.000000;0.000000
641;701295;2000;371;10;        40s 769ms 662μs 578ns;3556.500000;                        -41762235844618ns;         5s 136ms 701μs 811ns;2222.000000;0.000000
289;40157f;2000;442;10;        40s 571ms  12μs 137ns;3663.000000;                        -22040626267872ns;         5s 560ms 744μs 393ns;2250.000000;0.000000
122;1029d9;2000;504;10;        39s 268ms 222μs  70ns;3852.307692;                        -40500310934841ns;         6s 109ms 644μs 399ns;2234.000000;0.000000
642;70330a;2000;398;10;        42s 426ms 733μs 795ns;3425.714286;                        -48127995910386ns;         5s 824ms 411μs 972ns;2251.000000;0.000000
123;104c0a;2000;482;10;        38s 746ms  93μs 582ns;3918.947368;                        -36290070052766ns;         6s  94ms 230μs 107ns;2234.000000;0.000000
290;404c8a;2000;541;10;        42s 783ms 396μs 477ns;3630.000000;                        -41237733313482ns;         7s  58ms 162μs 880ns;2250.000000;0.000000
643;7053c1;2000;483;10;        46s 119ms 229μs 990ns;3238.695652;                        -57282919057580ns;         6s 728ms 179μs 740ns;2251.000000;0.000000
224;2ff6f4;2000;420;10;        36s  64ms 844μs 688ns;4033.333333;                        -29208799500741ns;         5s 336ms 487μs 500ns;2213.000000;0.000000
517;5fee22;2000;423;10;        43s 975ms 186μs 414ns;3380.930233;                        -52697026818925ns;         6s 287ms 652μs 210ns;2250.000000;0.000000
516;5fcdcd;2000;370;10;        42s  78ms  32μs 363ns;3385.714286;                        -42724149538832ns;         5s 119ms 737μs 771ns;2234.000000;0.000000
223;2fb471;2000;461;10;        37s 422ms 624μs 311ns;3990.810811;                        -26689416515748ns;         5s 983ms 600μs 519ns;2213.000000;0.000000
515;5fad2a;2000;384;10;        47s  11ms 903μs 148ns;3043.404255;                        -44007434850906ns;         5s 753ms 469μs 936ns;2253.000000;0.000000
514;5f8bb1;2000;444;10;        46s 580ms 175μs 246ns;3187.826087;                        -48925275249235ns;         6s 372ms  84μs 461ns;2253.000000;0.000000
222;2f71ca;2000;479;10;        37s 246ms 131μs 790ns;4020.000000;                        -25053822862899ns;         6s  61ms 158μs 537ns;2213.000000;0.000000
513;5f6b28;2000;382;10;        46s 554ms 471μs 205ns;3106.956522;                        -44650330194047ns;         5s 605ms 395μs 328ns;2253.000000;0.000000
512;5f4923;2000;464;10;        46s 155ms 713μs 655ns;3213.913043;                        -55958582902004ns;         6s 955ms 171μs 787ns;2253.000000;0.000000
221;2f2ea7;2000;489;10;        39s 513ms 965μs 359ns;3829.230769;                        -26098561313926ns;         5s 761ms 792μs 408ns;2234.000000;0.000000
511;5f28ce;2000;371;10;        45s 216ms 520μs 463ns;3161.333333;                        -43919540285474ns;         5s 545ms  72μs 656ns;2253.000000;0.000000
510;5f0829;2000;393;10;        45s  80ms 849μs  61ns;3190.666667;                        -45043030113023ns;         5s 501ms 145μs 538ns;2253.000000;0.000000
220;2eebf0;2000;487;10;        37s 779ms 992μs  23ns;4032.972973;                        -27839649031619ns;         6s 403ms 595μs 896ns;2213.000000;0.000000
509;5ee7a4;2000;377;10;        44s 203ms 919μs 714ns;3241.363636;                        -47500342803877ns;         5s 112ms 974μs 991ns;2253.000000;0.000000
508;5ec5ab;2000;462;10;        43s 832ms 360μs 723ns;3435.348837;                        -48833038620129ns;         6s 797ms 254μs 599ns;2234.000000;0.000000
219;2ea98f;2000;449;10;        36s 987ms 946μs 199ns;4081.666667;                        -21566460242760ns;         5s 728ms 332μs 905ns;2213.000000;0.000000
507;5ea484;2000;420;10;        47s 550ms  34μs 814ns;3089.361702;                        -48766473078848ns;         5s 748ms 896μs 880ns;2253.000000;0.000000
506;5e830d;2000;431;10;        45s 197ms 370μs 114ns;3241.333333;                        -46128389312908ns;         6s 341ms 551μs  20ns;2253.000000;0.000000
218;2e664c;2000;502;10;        38s  29ms 511μs 433ns;3950.526316;                        -31947455464917ns;         6s 479ms 885μs 270ns;2213.000000;0.000000
505;5e60e8;2000;470;10;        47s 663ms 590μs 581ns;3153.191489;                        -56372970660491ns;         7s 192ms 707μs 970ns;2251.000000;0.000000
504;5e40d1;2000;359;10;        43s 122ms 110μs 955ns;3291.627907;                        -40070705710604ns;         5s  43ms 682μs 778ns;2251.000000;0.000000
217;2e22ef;2000;546;10;        38s 398ms  75μs 523ns;4020.000000;                        -30552168249206ns;         6s 940ms 577μs 648ns;2213.000000;0.000000
503;5e1ffe;2000;412;10;        43s 870ms 232μs 436ns;3365.581395;                        -45868933741509ns;         6s 167ms 104μs 963ns;2251.000000;0.000000
502;5dfed1;2000;420;10;        42s 844ms 462μs 242ns;3457.142857;                        -43290522088338ns;         6s 238ms 874μs 643ns;2251.000000;0.000000
216;2de16c;2000;435;10;        36s 819ms 236μs 818ns;4058.333333;                        -21978808553513ns;         5s 532ms 594μs 752ns;2213.000000;0.000000
501;5dddb0;2000;415;10;        43s   4ms 272μs 851ns;3369.767442;                        -39432274818182ns;         5s 578ms 498μs 283ns;2251.000000;0.000000
500;5dbbcb;2000;453;10;        43s  39ms  90μs 192ns;3422.790698;                        -36428530035869ns;         6s  54ms 290μs 296ns;2251.000000;0.000000
215;2d9f4d;2000;454;10;        36s 915ms 782μs 685ns;4090.000000;                        -22097854553728ns;         5s 979ms 158μs 285ns;2213.000000;0.000000
499;5d99fc;2000;460;10;        43s 827ms 704μs 106ns;3432.558140;                        -27687268876630ns;         6s 174ms 910μs 419ns;2251.000000;0.000000
498;5d79f3;2000;350;10;        42s 797ms 722μs 463ns;3357.142857;                        -35835764764807ns;         4s 556ms 339μs 163ns;2251.000000;0.000000
214;2d5c48;2000;497;10;        38s  53ms 785μs 900ns;3942.631579;                        -23430143975574ns;         6s 258ms 689μs 726ns;2213.000000;0.000000
497;5d5967;2000;380;10;        42s 616ms 566μs 778ns;3400.000000;                        -38456882445032ns;         5s 245ms 592μs 320ns;2251.000000;0.000000
496;5d367a;2000;523;10;        44s 782ms 991μs 582ns;3440.454545;                        -42657436844454ns;         7s 222ms 890μs  64ns;2251.000000;0.000000
213;2d19e9;2000;468;10;        39s  12ms 322μs 555ns;3796.923077;                        -22836536000106ns;         5s 860ms 560μs 744ns;2234.000000;0.000000
495;5d1519;2000;428;10;        43s 403ms 349μs 228ns;3387.906977;                        -33768897811841ns;         5s 794ms 712μs 498ns;2251.000000;0.000000
494;5cf3b6;2000;444;10;        43s 774ms 702μs 521ns;3410.232558;                        -32645728775161ns;         5s 522ms 263μs 218ns;2251.000000;0.000000
212;2cd690;2000;546;10;        38s 342ms 792μs 817ns;4020.000000;                        -19333313763631ns;         7s  50ms 779μs 917ns;2213.000000;0.000000
493;5cd219;2000;442;10;        42s 941ms  84μs 690ns;3488.571429;                        -29671857987622ns;         5s 759ms 837μs  84ns;2251.000000;0.000000
492;5cb092;2000;448;10;        43s 438ms 188μs 311ns;3415.813953;                        -37966644955838ns;         5s 410ms 338μs 805ns;2251.000000;0.000000
211;2c94a5;2000;469;10;        37s   7ms  17μs 903ns;4003.783784;                        -18779194292029ns;         5s 868ms 643μs 496ns;2213.000000;0.000000
491;5c8fa4;2000;407;10;        42s 767ms 259μs 253ns;3438.571429;                        -29488932905345ns;         5s 558ms 629μs 276ns;2251.000000;0.000000
490;5c6e75;2000;419;10;        42s 298ms 222μs 530ns;3455.714286;                        -33574149046366ns;         5s 350ms 560μs 572ns;2251.000000;0.000000
210;2c52b1;2000;451;10;        37s   3ms 775μs 742ns;3974.594595;                        -27937241782321ns;         5s 443ms 938μs 568ns;2213.000000;0.000000
489;5c4d7e;2000;394;10;        42s   2ms 878μs 644ns;3420.000000;                        -33921238695586ns;         5s 127ms  11μs 783ns;2251.000000;0.000000
488;5c2c93;2000;403;10;        42s 198ms 535μs 467ns;3432.857143;                        -27093384200387ns;         4s 857ms 628μs 940ns;2251.000000;0.000000
209;2c0f8b;2000;489;10;        37s 873ms 377μs 956ns;4036.216216;                        -32380147239767ns;         6s 234ms 746μs 676ns;2213.000000;0.000000
487;5c0b6c;2000;419;10;        42s 527ms 919μs 101ns;3455.714286;                        -37494545223390ns;         5s 934ms 146μs 963ns;2251.000000;0.000000
486;5be9d7;2000;437;10;        42s 502ms 166μs 221ns;3481.428571;                        -29110695458876ns;         5s 679ms 741μs 380ns;2251.000000;0.000000
208;2bcd08;2000;476;10;        37s 832ms  79μs 968ns;4015.135135;                        -36004275502743ns;         6s 171ms 518μs  73ns;2213.000000;0.000000
485;5bc830;2000;441;10;        42s 913ms 518μs 668ns;3487.142857;                        -34452544713810ns;         5s 648ms  63μs  33ns;2251.000000;0.000000
484;5ba6b1;2000;429;10;        42s 926ms 826μs 123ns;3470.000000;                        -31006685703319ns;         5s 767ms  60μs 413ns;2251.000000;0.000000
207;2b8b21;2000;435;10;        37s   6ms  74μs 345ns;3948.648649;                        -19328917666001ns;         5s 518ms 886μs 109ns;2213.000000;0.000000
483;5b83f6;2000;457;10;        43s 242ms 633μs 778ns;3428.372093;                        -34221016603216ns;         5s 841ms 301μs 664ns;2251.000000;0.000000
482;5b61cf;2000;471;10;        44s 104ms 792μs 998ns;3369.545455;                        -30769081046052ns;         5s 997ms 944μs 688ns;2251.000000;0.000000
206;2b4894;2000;467;10;        37s 375ms 725μs 695ns;4000.540541;                        -22834444478857ns;         6s  48ms 596μs 305ns;2213.000000;0.000000
481;5b3fc8;2000;465;10;        43s 573ms 921μs 432ns;3439.534884;                        -30840723232718ns;         6s 633ms  70μs 104ns;2251.000000;0.000000
480;5b1d98;2000;474;10;        43s 331ms  36μs 627ns;3452.093023;                        -42247354418936ns;         6s 641ms   6μs 188ns;2251.000000;0.000000
205;2b0657;2000;479;10;        37s 368ms 491μs 477ns;4020.000000;                        -25886190934891ns;         6s 158ms 247μs 640ns;2213.000000;0.000000
479;5afc3d;2000;426;10;        42s 909ms 942μs 202ns;3465.714286;                        -37656219471815ns;         5s 885ms  65μs 254ns;2251.000000;0.000000
478;5adc3a;2000;361;10;        42s  24ms 978μs 427ns;3372.857143;                        -32498637905336ns;         4s 811ms 323μs  26ns;2251.000000;0.000000
204;2ac358;2000;470;10;        37s 419ms 850μs 281ns;4005.405405;                        -23958120615141ns;         6s  13ms 516μs 741ns;2213.000000;0.000000
477;5abab0;2000;435;10;        42s 464ms 139μs 414ns;3478.571429;                        -27906843225072ns;         5s 628ms 238μs 572ns;2251.000000;0.000000
476;5a984a;2000;484;10;        44s 156ms 956μs 562ns;3387.272727;                        -33824248007927ns;         5s 838ms 131μs 250ns;2251.000000;0.000000
203;2a8115;2000;470;10;        37s 348ms 520μs 375ns;4005.405405;                        -27708678646989ns;         6s 104ms 582μs 875ns;2213.000000;0.000000
475;5a766f;2000;465;10;        44s 102ms  68μs 198ns;3361.363636;                        -31117758916211ns;         5s 999ms 789μs  59ns;2251.000000;0.000000
474;5a54b8;2000;450;10;        43s 291ms 863μs 109ns;3418.604651;                        -36671582784860ns;         6s 312ms 868μs 910ns;2251.000000;0.000000
202;2a3eb2;2000;462;10;        37s 474ms 827μs 270ns;3992.432432;                        -30402711647639ns;         5s 989ms 599μs 329ns;2213.000000;0.000000
473;5a32ab;2000;460;10;        42s 832ms 894μs 171ns;3514.285714;                        -31174472008994ns;         6s 556ms 600μs 694ns;2251.000000;0.000000
472;5a10b7;2000;462;10;        43s 122ms 402μs 911ns;3435.348837;                        -46867274512535ns;         6s  84ms 709μs 459ns;2251.000000;0.000000
201;29fc57;2000;454;10;        37s 541ms 907μs 117ns;3979.459459;                        -27594945142252ns;         5s 924ms 104μs 264ns;2213.000000;0.000000
471;59ef90;2000;415;10;        41s 651ms 607μs 530ns;3534.146341;                        -32655903928946ns;         5s 853ms 380μs 402ns;2251.000000;0.000000
470;59cdc7;2000;457;10;        43s 475ms 145μs 168ns;3428.372093;                        -35363302865607ns;         6s 214ms 917μs  68ns;2251.000000;0.000000
200;29b91d;2000;471;10;        37s 602ms  66μs 195ns;4007.027027;                        -26537815440857ns;         6s  21ms 512μs 662ns;2213.000000;0.000000
469;59ad90;2000;374;10;        42s 357ms 759μs   2ns;3391.428571;                        -37518497241916ns;         5s  97ms 240μs  37ns;2251.000000;0.000000
468;598af3;2000;517;10;        45s 552ms 581μs 990ns;3356.000000;                        -39443611504399ns;         6s 408ms  81μs 119ns;2251.000000;0.000000
199;2975f8;2000;505;10;        38s 136ms 877μs 153ns;3955.263158;                        -35849483026371ns;         6s 902ms 249μs  30ns;2213.000000;0.000000
467;596a20;2000;401;10;        42s 381ms 941μs 549ns;3430.000000;                        -33136707487403ns;         5s 417ms  37μs 371ns;2251.000000;0.000000
466;5948c5;2000;430;10;        43s 146ms 225μs 995ns;3390.697674;                        -28232641676791ns;         5s 801ms 421μs  25ns;2251.000000;0.000000
198;29333a;2000;467;10;        37s 408ms 622μs 650ns;4000.540541;                        -29177032381997ns;         6s 153ms 807μs 807ns;2213.000000;0.000000
465;5926f2;2000;442;10;        43s 377ms 223μs 821ns;3407.441860;                        -34366699717333ns;         6s 245ms 401μs 848ns;2251.000000;0.000000
464;590529;2000;446;10;        43s 577ms 376μs 269ns;3413.023256;                        -24462298406177ns;         6s 155ms 718μs 318ns;2251.000000;0.000000
197;28f04f;2000;474;10;        37s 608ms 581μs 486ns;4011.891892;                        -30532679499945ns;         5s 898ms  94μs 138ns;2213.000000;0.000000
463;58e3da;2000;418;10;        42s 894ms 933μs 326ns;3454.285714;                        -31381431445481ns;         5s 205ms 487μs  24ns;2251.000000;0.000000
462;58c17b;2000;486;10;        43s 952ms  21μs 745ns;3468.837209;                        -47247198437465ns;         6s 494ms 510μs  85ns;2250.000000;0.000000
196;28ad70;2000;488;10;        37s 473ms 554μs 794ns;4034.594595;                        -24917059608754ns;         6s 401ms 724μs  80ns;2213.000000;0.000000
461;58a084;2000;413;10;        42s 719ms 191μs 185ns;3447.142857;                        -44741519432430ns;         6s 206ms 810μs 650ns;2250.000000;0.000000
460;58800f;2000;389;10;        42s  41ms 669μs 663ns;3412.857143;                        -28088795449618ns;         4s 969ms 370μs 576ns;2251.000000;0.000000
195;286b11;2000;462;10;        38s  68ms 804μs 152ns;3887.368421;                        -32992478309809ns;         6s  87ms 388μs 582ns;2213.000000;0.000000
459;585f3c;2000;418;10;        42s 379ms 835μs 393ns;3454.285714;                        -26240970644941ns;         5s  74ms 626μs 853ns;2251.000000;0.000000
458;583d2d;2000;470;10;        42s 298ms 552μs 670ns;3528.571429;                        -21257277509594ns;         6s  86ms 955μs 870ns;2251.000000;0.000000
194;2827fc;2000;486;10;        37s 844ms 941μs 121ns;4031.351351;                        -30092294419561ns;         5s 997ms  43μs 665ns;2213.000000;0.000000
457;581ba7;2000;432;10;        42s 804ms 141μs 549ns;3474.285714;                        -32680796245392ns;         6s 128ms 412μs 951ns;2251.000000;0.000000
456;57f9d8;2000;458;10;        42s 927ms 438μs 357ns;3511.428571;                        -31145310739435ns;         5s 922ms 411μs 183ns;2251.000000;0.000000
193;27e4c5;2000;508;10;        37s 900ms  12μs 481ns;4067.027027;                        -25565326785201ns;         6s 382ms 916μs 315ns;2213.000000;0.000000
455;57d885;2000;436;10;        42s 323ms 436μs 277ns;3480.000000;                        -32919750778598ns;         5s 626ms 422μs 843ns;2251.000000;0.000000
454;57b7db;2000;392;10;        42s 631ms       724ns;3417.142857;                        -39007341872418ns;         5s 683ms 629μs 159ns;2251.000000;0.000000
192;27a0ea;2000;564;10;        39s 929ms 654μs  39ns;3944.615385;                        -28617069863894ns;         7s  44ms 579μs 379ns;2234.000000;0.000000
453;5796aa;2000;434;10;        42s 596ms 967μs 935ns;3477.142857;                        -21261283481249ns;         5s 650ms 705μs 494ns;2251.000000;0.000000
452;57755f;2000;434;10;        43s 204ms  97μs 774ns;3396.279070;                        -24253386471234ns;         5s 480ms 592μs  42ns;2251.000000;0.000000
191;275e53;2000;479;10;        37s 712ms 426μs 256ns;4020.000000;                        -24136660510010ns;         6s   2ms 634μs 436ns;2213.000000;0.000000
451;575434;2000;416;10;        44s  55ms 933μs 149ns;3294.545455;                        -41925932948656ns;         5s 138ms 237μs 179ns;2251.000000;0.000000
450;5733a7;2000;391;10;        42s 158ms 511μs 109ns;3415.714286;                        -31998468955055ns;         5s  89ms 780μs 231ns;2251.000000;0.000000
190;271d00;2000;433;10;        36s 243ms 541μs  64ns;4055.000000;                        -19907218447308ns;         5s 364ms 605μs 174ns;2213.000000;0.000000
449;5711da;2000;456;10;        43s 239ms 335μs  80ns;3426.976744;                        -19578946039891ns;         5s 536ms 249μs 181ns;2251.000000;0.000000
448;56f15d;2000;391;10;        41s 992ms  31μs 292ns;3499.024390;                        -27421678609224ns;         5s 195ms 248μs 915ns;2251.000000;0.000000
189;26da84;2000;419;10;        36s 909ms 975μs 184ns;4031.666667;                        -23848682501702ns;         4s 935ms 456μs 594ns;2213.000000;0.000000
447;56ce5a;2000;535;10;        43s 657ms 746μs 284ns;3537.209302;                        -22125807404815ns;         6s 890ms 443μs 724ns;2251.000000;0.000000
446;56ac85;2000;466;10;        43s 606ms 568μs 565ns;3440.930233;                        -37510592880681ns;         6s 423ms 351μs 574ns;2251.000000;0.000000
188;26972d;2000;516;10;        38s 750ms 456μs 290ns;3972.631579;                        -38778963718102ns;         6s 528ms 349μs 152ns;2213.000000;0.000000
445;568b0f;2000;442;10;        43s 239ms 603μs 377ns;3407.441860;                        -25946075425932ns;         5s 937ms 802μs 969ns;2251.000000;0.000000
444;566a24;2000;404;10;        42s 626ms 933μs 191ns;3434.285714;                        -23021470000444ns;         5s 357ms  37μs 482ns;2251.000000;0.000000
187;2653fc;2000;499;10;        37s 877ms 242μs 622ns;4052.432432;                        -39894932234918ns;         6s 476ms 754μs 933ns;2213.000000;0.000000
443;5647cb;2000;497;10;        44s 640ms 936μs  12ns;3405.000000;                        -27119045052739ns;         6s 232ms 494μs 900ns;2251.000000;0.000000
442;56268e;2000;431;10;        43s 946ms 932μs 909ns;3392.093023;                        -42228005742838ns;         6s  49ms 865μs 629ns;2251.000000;0.000000
186;26106f;2000;544;10;        40s  43ms  57μs 818ns;3816.000000;                        -20992690639543ns;         7s  93ms 901μs 824ns;2234.000000;0.000000
441;560483;2000;454;10;        43s 450ms 108μs 683ns;3424.186047;                        -29961846040686ns;         6s 122ms 423μs 290ns;2251.000000;0.000000
440;55e34e;2000;423;10;        45s  13ms 814μs 958ns;3230.666667;                        -32144581716117ns;         5s 331ms  72μs 549ns;2346.000000;0.000000
185;25ce60;2000;457;10;        37s 424ms 461μs 303ns;3984.324324;                        -34485463283165ns;         6s  97ms 824μs 768ns;2213.000000;0.000000
439;55c049;2000;529;10;        47s 120ms 549μs 504ns;3228.510638;                        -34535420514473ns;         6s 401ms 124μs 831ns;2346.000000;0.000000
438;559fc7;2000;395;10;        44s 403ms 408μs 957ns;3265.909091;                        -29778786749132ns;         5s 203ms 149μs 716ns;2346.000000;0.000000
184;258bef;2000;478;10;        37s   8ms 800μs 398ns;4018.378378;                        -34190863998688ns;         6s 282ms 610μs 360ns;2213.000000;0.000000
437;557ebc;2000;409;10;        44s 290ms 527μs 127ns;3285.000000;                        -37154439918240ns;         5s 624ms 418μs 335ns;2346.000000;0.000000
436;555d93;2000;412;10;        46s 949ms 411μs 662ns;3146.086957;                        -39819393973852ns;         5s 780ms 735μs 466ns;2346.000000;0.000000
183;25481f;2000;572;10;        38s 739ms 550μs 203ns;4061.052632;                        -37367802527361ns;         7s  10ms 183μs 153ns;2213.000000;0.000000
435;553d0c;2000;390;10;        45s 438ms 140μs 622ns;3186.666667;                        -39268481340769ns;         5s 502ms  40μs 340ns;2346.000000;0.000000
434;551b59;2000;457;10;        45s 531ms 550μs 515ns;3276.000000;                        -42634804163040ns;         6s 435ms 325μs 963ns;2346.000000;0.000000
182;2503e2;2000;566;10;        38s 948ms 680μs 487ns;4051.578947;                        -33013690339033ns;         6s 932ms  29μs  70ns;2213.000000;0.000000
433;54fa22;2000;426;10;        45s 393ms   5μs 472ns;3234.666667;                        -38977564979446ns;         6s 239ms 603μs 976ns;2346.000000;0.000000
432;54da73;2000;335;10;        42s 875ms 411μs 469ns;3335.714286;                        -34574322227679ns;         4s 625ms 780μs 949ns;2346.000000;0.000000
181;24c161;2000;477;10;        37s  89ms 770μs 621ns;4016.756757;                        -23564646086027ns;         5s 438ms 469μs 507ns;2213.000000;0.000000
431;54b970;2000;406;10;        44s 271ms 219μs 498ns;3280.909091;                        -41711675872361ns;         5s 574ms 129μs 850ns;2346.000000;0.000000
430;54981b;2000;423;10;        44s 257ms 538μs 872ns;3304.090909;                        -39013935394914ns;         5s 451ms 149μs 779ns;2346.000000;0.000000
180;247de2;2000;530;10;        38s 379ms 505μs 335ns;3994.736842;                        -31228169757656ns;         6s 375ms 834μs 625ns;2213.000000;0.000000
429;54782c;2000;347;10;        43s 613ms 821μs  12ns;3274.883721;                        -32528332068055ns;         4s 545ms 116μs 461ns;2346.000000;0.000000
428;545611;2000;480;10;        44s 820ms 323μs 670ns;3381.818182;                        -22865638946521ns;         6s 240ms 793μs 819ns;2346.000000;0.000000
179;243bb3;2000;433;10;        37s 148ms 562μs 339ns;3945.405405;                        -31593353990172ns;         5s 551ms 270μs 532ns;2213.000000;0.000000
427;543470;2000;449;10;        44s 526ms 732μs 162ns;3339.545455;                        -23746395402224ns;         5s 917ms 720μs 841ns;2346.000000;0.000000
426;541213;2000;491;10;        45s 423ms 552μs 149ns;3321.333333;                        -39684285301152ns;         6s 151ms 812μs 402ns;2346.000000;0.000000
178;23f93a;2000;465;10;        37s 816ms 802μs 102ns;3997.297297;                        -31469818707321ns;         6s 132ms 909μs 181ns;2213.000000;0.000000
425;53f1c0;2000;378;10;        43s 691ms 400μs 985ns;3318.139535;                        -32702490360781ns;         4s 897ms 516μs 884ns;2346.000000;0.000000
424;53cf9d;2000;469;10;        44s 448ms 269μs 721ns;3366.818182;                        -28550615826163ns;         6s 201ms 671μs 799ns;2346.000000;0.000000
177;23b743;2000;471;10;        37s 485ms 451μs 707ns;4007.027027;                        -29951266073414ns;         6s  79ms 103μs 501ns;2213.000000;0.000000
423;53ad5a;2000;481;10;        45s 211ms 263μs 431ns;3308.000000;                        -28702516326378ns;         6s 285ms 775μs 460ns;2346.000000;0.000000
422;538b9d;2000;443;10;        44s 205ms 984μs 352ns;3331.363636;                        -28253794766391ns;         5s 894ms 927μs 477ns;2346.000000;0.000000
176;237356;2000;537;10;        39s 200ms  86μs 996ns;3903.076923;                        -41511323209547ns;         6s 910ms 591μs 753ns;2213.000000;0.000000
421;536850;2000;557;10;        46s 511ms 525μs  35ns;3335.217391;                        -27843760932500ns;         6s 803ms 607μs  27ns;2346.000000;0.000000
420;5345ed;2000;490;10;        45s 238ms 289μs 606ns;3320.000000;                        -23338753809765ns;         6s 303ms 562μs 959ns;2346.000000;0.000000
175;2330d7;2000;478;10;        44s 481ms 546μs 982ns;3379.090909;                        -35031057477711ns;         6s 252ms 768μs 867ns;2253.000000;0.000000
419;532337;2000;503;10;        44s 640ms 281μs 217ns;3413.181818;                        -16250578436806ns;         5s 731ms 746μs 635ns;2346.000000;0.000000
418;53014e;2000;459;10;        43s 800ms  52μs 610ns;3431.162791;                        -33965621379267ns;         6s 325ms 947μs 250ns;2251.000000;0.000000
174;22eede;2000;465;10;        44s 794ms 697μs 473ns;3361.363636;                        -22224588062963ns;         5s 887ms 841μs 315ns;2253.000000;0.000000
417;52df8f;2000;439;10;        43s 538ms  44μs 462ns;3403.255814;                        -28285796496278ns;         5s 806ms 897μs 346ns;2251.000000;0.000000
416;52bdce;2000;456;10;        44s  54ms 577μs 439ns;3349.090909;                        -33113396526280ns;         5s 378ms 122μs  99ns;2251.000000;0.000000
173;22ac47;2000;496;10;        44s 524ms  44μs 488ns;3403.636364;                        -28217425321969ns;         6s 140ms 845μs 905ns;2253.000000;0.000000
415;529c4d;2000;460;10;        44s 137ms 397μs 623ns;3354.545455;                        -28924185579087ns;         5s 872ms 464μs 952ns;2251.000000;0.000000
414;527b3b;2000;414;10;        42s 160ms 974μs 939ns;3448.571429;                        -31878359996868ns;         5s 595ms 414μs 439ns;2251.000000;0.000000
172;22698e;2000;484;10;        44s 333ms 265μs 538ns;3387.272727;                        -27206038645786ns;         6s  61ms  11μs 383ns;2253.000000;0.000000
413;525b2a;2000;370;10;        41s 547ms 203μs 163ns;3468.292683;                        -30016712118168ns;         4s 868ms 247μs 487ns;2251.000000;0.000000
412;5238f9;2000;468;10;        43s 492ms 932μs 225ns;3443.720930;                        -34115888792498ns;         5s 908ms 579μs 598ns;2251.000000;0.000000
171;222651;2000;506;10;        45s 617ms 331μs 536ns;3341.333333;                        -40589685757864ns;         6s 655ms 265μs 254ns;2253.000000;0.000000
411;52176e;2000;445;10;        42s 706ms 317μs 421ns;3492.857143;                        -25528178669278ns;         5s 662ms 697μs 824ns;2251.000000;0.000000
410;51f50f;2000;474;10;        43s 542ms  66μs 611ns;3452.093023;                        -18479816037780ns;         5s 557ms 980μs 683ns;2251.000000;0.000000
170;21e2e2;2000;537;10;        45s  86ms  35μs 162ns;3382.666667;                        -34483467480389ns;         7s 483ms 465μs 978ns;2253.000000;0.000000
409;51d24e;2000;503;10;        44s 756ms 664μs 147ns;3413.181818;                        -27540889513305ns;         6s 565ms 844μs 371ns;2251.000000;0.000000
408;51af9b;2000;506;10;        43s 982ms 461μs 255ns;3496.744186;                        -33006237301695ns;         7s  91ms 570μs 442ns;2251.000000;0.000000
169;219e9f;2000;592;10;        46s  55ms 529μs   1ns;3380.869565;                        -34297876810330ns;         7s 434ms 983μs 772ns;2253.000000;0.000000
407;518d86;2000;480;10;        43s 546ms  20μs 615ns;3460.465116;                        -22817663816016ns;         6s 399ms 329μs 264ns;2251.000000;0.000000
406;516ba5;2000;451;10;        43s 247ms 757μs  95ns;3420.000000;                        -31668463716876ns;         6s 243ms 951μs 698ns;2252.000000;0.000000
168;215b42;2000;575;10;        45s 814ms 295μs 465ns;3433.333333;                        -35073919025524ns;         7s 266ms 116μs  60ns;2253.000000;0.000000
405;5149d6;2000;461;10;        42s 680ms 464μs 636ns;3515.714286;                        -33010369469364ns;         6s 360ms 383μs 925ns;2251.000000;0.000000
404;51266b;2000;547;10;        44s 426ms 101μs 356ns;3473.181818;                        -38157319136380ns;         7s 548ms 139μs  18ns;2251.000000;0.000000
403;51041d;2000;494;10;        43s 659ms 323μs 631ns;3480.000000;                        -32567187584495ns;         6s 450ms 155μs 356ns;2251.000000;0.000000
167;20f4c5;2000;725;10;        23s 824ms 929μs 112ns;7108.695652;                        -66020450951797ns;         8s 385ms 243μs 944ns;2213.000000;0.000000
402;50e198;2000;489;10;        43s 532ms 600μs 936ns;3473.023256;                        -27968088083152ns;         6s 423ms 452μs 757ns;2251.000000;0.000000
401;50beb6;2000;511;10;        44s 457ms 387μs 642ns;3424.090909;                        -29741606992589ns;         6s 641ms 259μs 971ns;2251.000000;0.000000
400;509c2f;2000;502;10;        44s 717ms 552μs 443ns;3411.818182;                        -35640916329882ns;         6s 835ms 258μs 895ns;2251.000000;0.000000
399;50793e;2000;510;10;        43s 283ms 621μs 880ns;3502.325581;                        -22238413437585ns;         6s 623ms 317μs 418ns;2251.000000;0.000000
166;2075c0;2000;104;10;        16s 101ms 864μs 103ns;7890.000000;                        -13180263543197ns;            457ms 544μs 778ns;2234.000000;0.000000
398;5056c5;2000;494;10;        43s 147ms 426μs 845ns;3480.000000;                        -31679318301367ns;         6s 875ms 290μs 914ns;2251.000000;0.000000
397;50333c;2000;552;10;        44s 775ms 303μs 220ns;3480.000000;                        -37488431287244ns;         7s 544ms 815μs  28ns;2251.000000;0.000000
396;500fa0;2000;560;10;        44s 543ms 886μs  38ns;3490.909091;                        -29441106336748ns;         7s 410ms 501μs 589ns;2251.000000;0.000000
395;4fedad;2000;463;10;        43s 182ms  13μs 176ns;3436.744186;                        -32068617850770ns;         6s 123ms 369μs 285ns;2251.000000;0.000000
394;4fcd50;2000;376;10;        41s 970ms 795μs 735ns;3477.073171;                        -40863507467259ns;         5s 337ms 620μs 752ns;2251.000000;0.000000
393;4fabcf;2000;445;10;        43s 558ms 909μs 217ns;3411.627907;                        -40002824720873ns;         6s 340ms  89μs 503ns;2251.000000;0.000000
392;4f8af6;2000;414;10;        43s  20ms 156μs 550ns;3368.372093;                        -44413856175853ns;         5s 576ms 826μs 424ns;2251.000000;0.000000
391;4f6960;2000;450;10;        43s 557ms 167μs 711ns;3418.604651;                        -37548245642737ns;         6s 215ms 421μs 998ns;2251.000000;0.000000
390;4f47f1;2000;448;10;        43s 374ms 553μs 185ns;3415.813953;                        -36391806247310ns;         5s 909ms 999μs 316ns;2251.000000;0.000000
165;1f311f;2000;118;10;         8s  77ms 493μs 723ns;15885.000000;                        -10407011959985ns;            510ms 615μs 728ns;2234.000000;0.000000
389;4f2725;2000;411;10;        42s 445ms 980μs 417ns;3444.285714;                        -34243304474549ns;         5s 521ms 246μs 401ns;2251.000000;0.000000
388;4f0510;2000;470;10;        43s 260ms 898μs 544ns;3446.511628;                        -39578878134041ns;         6s 603ms 463μs 865ns;2251.000000;0.000000
387;4ee2eb;2000;475;10;        43s 436ms 411μs 462ns;3453.488372;                        -28085383298081ns;         6s 339ms 321μs  86ns;2251.000000;0.000000
386;4ec1e4;2000;416;10;        43s 543ms 715μs 853ns;3371.162791;                        -31765226650295ns;         5s 980ms 140μs 376ns;2251.000000;0.000000
385;4ea0db;2000;415;10;        43s 331ms 491μs 248ns;3369.767442;                        -33274154811362ns;         5s 510ms 186μs  35ns;2251.000000;0.000000
384;4e7ed2;2000;480;10;        44s 943ms  97μs 891ns;3381.818182;                        -40279770239368ns;         6s 475ms 974μs 852ns;2251.000000;0.000000
383;4e5bb6;2000;540;10;        45s 876ms 100μs 578ns;3386.666667;                        -42458966704983ns;         7s  50ms 252μs 439ns;2251.000000;0.000000
382;4e3b02;2000;411;10;        43s 382ms 913μs  30ns;3364.186047;                        -40223664269414ns;         5s 347ms  10μs 648ns;2251.000000;0.000000
381;4e19f1;2000;413;10;        43s 579ms 213μs 585ns;3366.976744;                        -37187461720376ns;         5s 356ms 379μs 512ns;2251.000000;0.000000
380;4df886;2000;449;10;        43s 283ms 395μs 266ns;3417.209302;                        -26296054212515ns;         5s 784ms 298μs 507ns;2251.000000;0.000000
379;4dd5dd;2000;517;10;        45s 142ms 963μs 644ns;3356.000000;                        -41393034837793ns;         6s 879ms 684μs 208ns;2251.000000;0.000000
378;4db45c;2000;443;10;        43s 551ms 554μs  72ns;3408.837209;                        -27540002080432ns;         6s 106ms 601μs 585ns;2251.000000;0.000000
164;1daf88;2000;117;10;         8s 739ms 136μs 924ns;15877.500000;                        -15113721635727ns;            604ms 867μs 403ns;2234.000000;0.000000
377;4d93a8;2000;413;10;        42s 538ms 264μs 286ns;3447.142857;                        -38671940741658ns;         5s 186ms 206μs 570ns;2251.000000;0.000000
376;4d71c6;2000;463;10;        43s 562ms 911μs 792ns;3436.744186;                        -31128840280220ns;         6s 246ms 287μs  78ns;2251.000000;0.000000
743;7d5903;2000;443;10;        42s 922ms 971μs 900ns;3490.000000;                        -53716975261089ns;         6s 356ms 330μs 281ns;2234.000000;0.000000
375;4d509f;2000;416;10;        42s 672ms  53μs 375ns;3451.428571;                        -29935231397415ns;         5s 684ms 513μs 239ns;2251.000000;0.000000
742;7d379a;2000;432;10;        44s 124ms  32μs 636ns;3316.363636;                        -53332848205452ns;         6s 462ms 981μs 901ns;2252.000000;0.000000
374;4d2dc7;2000;525;10;        44s 218ms 984μs 701ns;3443.181818;                        -38950712260692ns;         7s 287ms 825μs 304ns;2251.000000;0.000000
741;7d15ad;2000;461;10;        44s 527ms 984μs 854ns;3355.909091;                        -50552839420999ns;         6s 877ms 577μs 520ns;2252.000000;0.000000
373;4d0ac4;2000;535;10;        44s 925ms 150μs 852ns;3456.818182;                        -53055621828215ns;         7s 412ms 786μs 973ns;2251.000000;0.000000
740;7cf441;2000;432;10;        44s 297ms 910μs 402ns;3316.363636;                        -54248912529162ns;         6s 343ms 797μs 350ns;2252.000000;0.000000
372;4ce8c7;2000;460;10;        42s 935ms 518μs 316ns;3514.285714;                        -29979129077632ns;         5s 748ms 999μs 388ns;2251.000000;0.000000
739;7cd386;2000;399;10;        43s 712ms 647μs 813ns;3347.441860;                        -48703664143924ns;         5s 530ms 724μs 671ns;2252.000000;0.000000
371;4cc65a;2000;497;10;        43s 894ms 843μs  21ns;3484.186047;                        -37059914690719ns;         6s 700ms 867μs 890ns;2251.000000;0.000000
738;7cb197;2000;462;10;        43s 791ms 934μs 222ns;3435.348837;                        -44083715642775ns;         6s 703ms 275μs 201ns;2252.000000;0.000000
370;4ca37b;2000;519;10;        43s 327ms 600μs 553ns;3514.883721;                        -22670925018837ns;         6s 973ms 305μs 894ns;2251.000000;0.000000
737;7c9040;2000;425;10;        43s 996ms 110μs 455ns;3383.720930;                        -49101340037766ns;         6s 519ms 626μs 490ns;2252.000000;0.000000
369;4c81b6;2000;454;10;        42s 956ms 785μs 629ns;3505.714286;                        -40647660903008ns;         6s 109ms 883μs 901ns;2251.000000;0.000000
736;7c6dbb;2000;495;10;        45s  20ms 481μs 754ns;3326.666667;                        -55569789544117ns;         7s  23ms 947μs 894ns;2252.000000;0.000000
368;4c6055;2000;426;10;        42s 367ms 107μs 577ns;3465.714286;                        -36644154577942ns;         5s 538ms 563μs 100ns;2251.000000;0.000000
735;7c4c50;2000;423;10;        44s 303ms 335μs   5ns;3304.090909;                        -47885328416515ns;         6s 508ms 510μs 225ns;2252.000000;0.000000
367;4c3f2a;2000;413;10;        41s 635ms 598μs 799ns;3531.219512;                        -29949684572836ns;         5s 543ms 744μs 586ns;2250.000000;0.000000
163;1c3321;2000;139;10;         8s 813ms 722μs 128ns;16042.500000;                        -15955072797156ns;            532ms 503μs 304ns;2234.000000;0.000000
734;7c2a2a;2000;466;10;        44s 636ms 926μs 832ns;3362.727273;                        -49488006156174ns;         5s 400ms 634μs 845ns;2252.000000;0.000000
366;4c1ce7;2000;486;10;        43s 286ms 658μs 301ns;3468.837209;                        -52612343443328ns;         6s 782ms 134μs 546ns;2250.000000;0.000000
733;7c08ce;2000;432;10;        44s 108ms 542μs  38ns;3316.363636;                        -43669385751246ns;         6s  26ms  58μs 784ns;2252.000000;0.000000
365;4bfbbe;2000;432;10;        42s 677ms 891μs 394ns;3474.285714;                        -34463822953029ns;         6s  83ms 861μs 953ns;2251.000000;0.000000
732;7be775;2000;428;10;        43s 961ms  39μs 152ns;3387.906977;                        -52420819929242ns;         6s 467ms 540μs 328ns;2252.000000;0.000000
364;4bdb72;2000;369;10;        42s 199ms 934μs 694ns;3384.285714;                        -33547207809124ns;         4s 772ms 184μs 850ns;2251.000000;0.000000
731;7bc50a;2000;494;10;        43s 681ms 498μs 729ns;3480.000000;                        -57367647095164ns;         7s 627ms 297μs  44ns;2222.000000;0.000000
363;4bba91;2000;406;10;        42s 785ms 733μs 601ns;3437.142857;                        -41435484255525ns;         5s 616ms 192μs 697ns;2251.000000;0.000000
730;7ba45b;2000;393;10;        41s 452ms 391μs  85ns;3501.951220;                        -45622528192410ns;         5s 255ms  25μs 512ns;2222.000000;0.000000
362;4b9930;2000;431;10;        43s 603ms 995μs 793ns;3392.093023;                        -44571268220095ns;         6s  45ms  41μs 661ns;2251.000000;0.000000
729;7b821c;2000;482;10;        42s 954ms  86μs 115ns;3545.714286;                        -56113793782132ns;         6s 439ms 305μs 277ns;2226.000000;0.000000
361;4b768a;2000;504;10;        44s 734ms  52μs   3ns;3414.545455;                        -34037277410110ns;         6s 509ms 889μs  87ns;2251.000000;0.000000
728;7b6093;2000;439;10;        42s 398ms 435μs 406ns;3484.285714;                        -52775038566022ns;         6s 142ms  26μs 583ns;2222.000000;0.000000
360;4b553b;2000;439;10;        43s 651ms 270μs 540ns;3403.255814;                        -37013839721962ns;         6s  49ms 137μs  30ns;2251.000000;0.000000
727;7b4004;2000;385;10;        43s 883ms 186μs 519ns;3327.906977;                        -50491815628055ns;         5s 721ms 361μs 790ns;2251.000000;0.000000
359;4b33a3;2000;439;10;        43s 240ms 633μs 738ns;3403.255814;                        -39082942205662ns;         6s 213ms 955μs 629ns;2251.000000;0.000000
726;7b1c79;2000;549;10;        47s 146ms 720μs 781ns;3254.042553;                        -70560452481400ns;         7s 435ms 464μs  80ns;2251.000000;0.000000
358;4b11e8;2000;447;10;        43s 415ms 698μs  32ns;3414.418605;                        -37181015145472ns;         6s 572ms 926μs  28ns;2251.000000;0.000000
725;7afc1d;2000;374;10;        43s 652ms 137μs 531ns;3312.558140;                        -48176915518817ns;         5s 493ms 142μs 375ns;2251.000000;0.000000
357;4aefaf;2000;473;10;        44s 619ms 987μs 734ns;3372.272727;                        -34159017150908ns;         6s 514ms 508μs 319ns;2251.000000;0.000000
724;7ad8a0;2000;546;10;        46s  22ms 808μs 262ns;3320.869565;                        -61169063321788ns;         7s 328ms 701μs 598ns;2253.000000;0.000000
356;4accd5;2000;508;10;        44s 223ms 154μs 108ns;3420.000000;                        -21589141732377ns;         6s 106ms 338μs   9ns;2251.000000;0.000000
723;7ab807;2000;385;10;        45s 639ms 331μs  45ns;3180.000000;                        -41318669117073ns;         5s 280ms 118μs 934ns;2253.000000;0.000000
162;1aafd6;2000;94;10;         8s 553ms 595μs 424ns;15705.000000;                        -9846413902588ns;            469ms 275μs 704ns;2234.000000;0.000000
355;4aaa96;2000;500;10;        43s 611ms 654μs 610ns;3488.372093;                        -27431176249559ns;         6s 404ms 327μs 129ns;2251.000000;0.000000
722;7a95d8;2000;480;10;        45s 463ms 372μs 599ns;3306.666667;                        -54895134248366ns;         6s 925ms 507μs 974ns;2252.000000;0.000000
354;4a88bf;2000;465;10;        42s 661ms 431μs  54ns;3521.428571;                        -26061152561748ns;         6s 279ms 223μs 322ns;2251.000000;0.000000
721;7a743d;2000;448;10;        45s  64ms 451μs 481ns;3264.000000;                        -49768407986367ns;         6s 137ms 118μs 354ns;2252.000000;0.000000
353;4a65a1;2000;514;10;        43s 450ms 706μs 761ns;3507.906977;                        -35598958707570ns;         6s 581ms 701μs 332ns;2251.000000;0.000000
720;7a53b0;2000;373;10;        44s 785ms 913μs 408ns;3235.909091;                        -44680219895758ns;         5s 353ms 103μs 368ns;2252.000000;0.000000
352;4a43ed;2000;446;10;        42s 996ms 901μs 378ns;3494.285714;                        -31864565145801ns;         5s 921ms 407μs 606ns;2251.000000;0.000000
719;7a3220;2000;439;10;        45s 601ms  32μs  54ns;3252.000000;                        -51480454614231ns;         6s 434ms 776μs 518ns;2251.000000;0.000000
351;4a233a;2000;403;10;        42s 254ms 491μs  56ns;3432.857143;                        -28227630942765ns;         5s 557ms 609μs 887ns;2251.000000;0.000000
718;7a1067;2000;450;10;        44s 568ms 247μs 179ns;3340.909091;                        -51856333434009ns;         6s 688ms 178μs 256ns;2251.000000;0.000000
350;4a01ad;2000;453;10;        43s  22ms 980μs 715ns;3422.790698;                        -30885348447188ns;         6s 378ms 300μs 305ns;2251.000000;0.000000
717;79eec8;2000;436;10;        42s 916ms 224μs 750ns;3480.000000;                        -51221955688157ns;         6s 613ms 193μs 603ns;2234.000000;0.000000
349;49dd2e;2000;507;10;        43s 990ms 502μs 332ns;3498.139535;                        -33958509725682ns;         6s  14ms 400μs  72ns;2251.000000;0.000000
716;79cd90;2000;412;10;        41s 588ms 971μs 699ns;3529.756098;                        -53283105430340ns;         5s 915ms 505μs  60ns;2229.000000;0.000000
348;49b94f;2000;483;10;        42s  61ms 670μs  41ns;3547.142857;                        -37188945148011ns;         6s 577ms 955μs 822ns;2251.000000;0.000000
715;79abd5;2000;459;10;        42s 408ms 826μs 345ns;3512.857143;                        -44312403307326ns;         6s 510ms 180μs 886ns;2234.000000;0.000000
347;499564;2000;479;10;        42s 660ms 874μs 891ns;3541.428571;                        -28225130436046ns;         6s 337ms 166μs 603ns;2251.000000;0.000000
714;798b34;2000;389;10;        41s 498ms 288μs 920ns;3496.097561;                        -39314732957689ns;         5s 482ms 347μs  81ns;2234.000000;0.000000
346;497121;2000;489;10;        43s  30ms 104μs 709ns;3473.023256;                        -38251705597979ns;         6s 582ms 582μs 742ns;2251.000000;0.000000
713;796ac1;2000;375;10;        41s  66ms 264μs 321ns;3475.609756;                        -44602901166417ns;         5s 602ms 623μs 805ns;2222.000000;0.000000
345;494c1a;2000;434;10;        41s 806ms 556μs 308ns;3561.951220;                        -27260170535005ns;         5s 374ms 544μs 833ns;2251.000000;0.000000
712;794a20;2000;380;10;        44s 809ms 894μs 179ns;3245.454545;                        -48291233274563ns;         5s 491ms 325μs 626ns;2254.000000;0.000000
161;193e6b;2000;97;10;         8s 112ms 242μs 656ns;15727.500000;                        -11866300382453ns;            473ms 487μs 567ns;2234.000000;0.000000
711;79282f;2000;453;10;        46s 289ms 183μs 370ns;3199.565217;                        -42255063031975ns;         5s 641ms 168μs 485ns;2254.000000;0.000000
344;4924ed;2000;544;10;        42s 529ms 509μs 981ns;3634.285714;                        -23244390375946ns;         5s 783ms 475μs 124ns;2251.000000;0.000000
710;7906a3;2000;433;10;        45s 637ms 403μs 517ns;3244.000000;                        -50313710864587ns;         6s 149ms 681μs 798ns;2253.000000;0.000000
343;48ffae;2000;422;10;        41s  46ms 640μs 584ns;3544.390244;                        -18458607195211ns;         5s 142ms 450μs 720ns;2251.000000;0.000000
709;78e5fe;2000;386;10;        45s 389ms 291μs 467ns;3181.333333;                        -43115618907454ns;         5s 192ms 455μs 183ns;2253.000000;0.000000
342;48d99f;2000;492;10;        42s 197ms 677μs 727ns;3560.000000;                        -23725161856570ns;         5s 886ms 989μs 532ns;2251.000000;0.000000
708;78c573;2000;381;10;        47s  49ms 347μs 303ns;3039.574468;                        -48245893421441ns;         5s 645ms 373μs 629ns;2253.000000;0.000000
341;48b4da;2000;406;10;        40s 641ms 349μs 448ns;3609.000000;                        -18578042404474ns;         4s 255ms 711μs 957ns;2251.000000;0.000000
707;78a4b0;2000;390;10;        49s 662ms 676μs 726ns;2926.530612;                        -47115571277918ns;         5s 475ms   4μs 343ns;2253.000000;0.000000
340;488f5d;2000;466;10;        43s 142ms 881μs  84ns;3440.930233;                        -21340045254067ns;         5s 559ms 712μs 354ns;2251.000000;0.000000
706;788377;2000;422;10;        51s 769ms 643μs 913ns;2849.411765;                        -52685051555946ns;         5s 909ms 473μs  86ns;2253.000000;0.000000
339;4869cb;2000;448;10;        42s 776ms 551μs 542ns;3497.142857;                        -19139361118629ns;         5s 126ms 369μs 201ns;2251.000000;0.000000
705;7862b8;2000;392;10;        49s 626ms 233μs 226ns;2928.979592;                        -46122164879982ns;         5s 158ms 801μs 633ns;2253.000000;0.000000
338;48446e;2000;447;10;        43s 195ms 460μs 421ns;3414.418605;                        -22385481968573ns;         5s 685ms 216μs 707ns;2251.000000;0.000000
704;7841cf;2000;401;10;        48s 692ms 393μs 447ns;3001.250000;                        -49381076020715ns;         6s 128ms 166μs 945ns;2253.000000;0.000000
703;782070;2000;417;10;        48s 987ms  10μs 506ns;3021.250000;                        -52772790646818ns;         6s 286ms   8μs 726ns;2253.000000;0.000000
337;481e53;2000;483;10;        42s 854ms 399μs 957ns;3547.142857;                        -23219849801374ns;         5s 814ms 436μs 643ns;2251.000000;0.000000
702;77fffb;2000;371;10;        48s 754ms 914μs 499ns;2963.750000;                        -45879290316777ns;         5s 528ms 748μs 753ns;2254.000000;0.000000
336;47f8a8;2000;457;10;        42s 682ms 748μs   0ns;3510.000000;                        -24636613817015ns;         5s 855ms 166μs 997ns;2250.000000;0.000000
701;77de7e;2000;431;10;        49s 116ms 330μs 912ns;2976.734694;                        -48135150411149ns;         6s 574ms 312μs   1ns;2253.000000;0.000000
335;47d34a;2000;455;10;        43s 187ms  49μs 406ns;3425.581395;                        -26121983306777ns;         5s 386ms 579μs 428ns;2250.000000;0.000000
160;17c9c0;2000;155;10;         9s 564ms 859μs 183ns;14366.666667;                        -14515764466020ns;            576ms 660μs  54ns;2234.000000;0.000000
700;77bd7f;2000;402;10;        47s 769ms 582μs 829ns;3066.382979;                        -46211875419176ns;         5s 463ms 785μs 268ns;2253.000000;0.000000
334;47adf3;2000;450;10;        43s 561ms 533μs 102ns;3418.604651;                        -18232762653547ns;         5s 746ms 844μs 803ns;2251.000000;0.000000
699;779c0e;2000;430;10;        44s 164ms 989μs 856ns;3313.636364;                        -47525041035974ns;         6s 111ms 218μs 508ns;2253.000000;0.000000
333;47897d;2000;393;10;        42s 633ms 488μs 336ns;3418.571429;                        -14751625658262ns;         4s 560ms 749μs 278ns;2251.000000;0.000000
698;777b35;2000;391;10;        44s 754ms 596μs 804ns;3260.454545;                        -50489331331582ns;         5s 258ms 553μs 808ns;2252.000000;0.000000
332;476494;2000;427;10;        42s 753ms 966μs 515ns;3467.142857;                        -16324525449193ns;         5s 410ms 844μs 787ns;2251.000000;0.000000
697;775908;2000;475;10;        45s 214ms 345μs 304ns;3300.000000;                        -56039490955738ns;         6s 975ms  70μs 898ns;2251.000000;0.000000
331;474055;2000;373;10;        42s 575ms 167μs 883ns;3390.000000;                        -11230800180570ns;         4s  88ms 426μs 353ns;2251.000000;0.000000
696;77379b;2000;426;10;        42s 737ms 949μs 645ns;3465.714286;                        -49748213705502ns;         6s 607ms  59μs 700ns;2234.000000;0.000000
330;471b5f;2000;429;10;        44s 155ms 359μs  41ns;3312.272727;                        -16901164906025ns;         5s 114ms 692μs 775ns;2251.000000;0.000000
695;771614;2000;441;10;        42s 689ms 187μs 527ns;3487.142857;                        -49129290538532ns;         6s 599ms 654μs 904ns;2234.000000;0.000000
329;46f658;2000;427;10;        43s 809ms 188μs 538ns;3386.511628;                        -19880868619435ns;         5s 297ms 631μs 245ns;2251.000000;0.000000
694;76f4ab;2000;433;10;        42s 489ms 559μs  56ns;3475.714286;                        -49284708936041ns;         6s 616ms 707μs 554ns;2234.000000;0.000000
693;76d339;2000;432;10;        42s 151ms 989μs 245ns;3474.285714;                        -49915143155074ns;         6s 579ms 594μs 762ns;2234.000000;0.000000
328;46d177;2000;423;10;        44s  11ms 647μs 149ns;3304.090909;                        -21397843260481ns;         5s 507ms 904μs  51ns;2251.000000;0.000000
692;76b168;2000;450;10;        42s 496ms  73μs 678ns;3500.000000;                        -45260924590402ns;         6s 439ms 170μs 783ns;2222.000000;0.000000
327;46ac24;2000;446;10;        44s  46ms 140μs 827ns;3335.454545;                        -22077805260407ns;         5s 962ms 515μs 759ns;2251.000000;0.000000
691;769083;2000;397;10;        45s 468ms 156μs 513ns;3196.000000;                        -43443118594484ns;         4s 947ms 238μs 169ns;2258.000000;0.000000
326;4686c1;2000;456;10;        44s 336ms 780μs 899ns;3349.090909;                        -14657203159397ns;         5s 474ms 320μs 106ns;2251.000000;0.000000
690;766e9e;2000;456;10;        44s 914ms 174μs 358ns;3349.090909;                        -55813811913076ns;         6s 450ms  12μs  39ns;2253.000000;0.000000
325;4662c6;2000;385;10;        42s 269ms 268μs 923ns;3407.142857;                        -15092176892082ns;         4s 687ms 431μs  41ns;2251.000000;0.000000
159;165b1f;2000;88;10;         7s 929ms 915μs 645ns;17897.142857;                        -9192973029339ns;            406ms 344μs 972ns;2234.000000;0.000000
689;764c25;2000;487;10;        45s  90ms 954μs 388ns;3316.000000;                        -56014591099820ns;         7s  58ms  62μs  11ns;2253.000000;0.000000
324;463d98;2000;440;10;        43s 377ms  50μs 636ns;3404.651163;                        -20060957579362ns;         5s 466ms 741μs 975ns;2251.000000;0.000000
688;762a7c;2000;444;10;        44s 463ms 859μs 193ns;3332.727273;                        -48719702966985ns;         6s 644ms 879μs 474ns;2253.000000;0.000000
323;46192a;2000;379;10;        43s 211ms  91μs 931ns;3319.534884;                        -10589219012748ns;         4s 384ms 991μs 668ns;2300.000000;0.000000
687;76089f;2000;462;10;        43s 274ms 946μs 983ns;3435.348837;                        -48053283705132ns;         7s  45ms 659μs 188ns;2234.000000;0.000000
322;45f2e1;2000;507;10;        43s 156ms 600μs 849ns;3498.139535;                        -25262922735914ns;         6s 584ms 744μs 974ns;2251.000000;0.000000
686;75e628;2000;500;10;        43s 747ms 453μs 922ns;3488.372093;                        -52108582209197ns;         7s 199ms 217μs  14ns;2222.000000;0.000000
321;45cdb2;2000;433;10;        41s 337ms 144μs 289ns;3560.487805;                        -21000633181334ns;         4s 901ms 186μs 828ns;2251.000000;0.000000
685;75c585;2000;392;10;        41s 806ms       624ns;3500.487805;                        -46630642403936ns;         5s  45ms 543μs 239ns;2222.000000;0.000000
320;45a817;2000;465;10;        41s 810ms 443μs 768ns;3607.317073;                        -18974656623654ns;         5s 765ms 151μs  11ns;2251.000000;0.000000
684;75a4fe;2000;384;10;        43s 807ms 361μs 998ns;3326.511628;                        -45525516739166ns;         5s 814ms 628μs 480ns;2253.000000;0.000000
683;758307;2000;477;10;        45s 515ms 855μs 422ns;3302.666667;                        -51666461045240ns;         7s 125ms 351μs 337ns;2253.000000;0.000000
319;458242;2000;466;10;        42s 141ms 537μs 972ns;3522.857143;                        -25967960391149ns;         4s 965ms 104μs 367ns;2251.000000;0.000000
682;7560d6;2000;474;10;        45s 400ms 569μs 510ns;3298.666667;                        -55352244959032ns;         6s 579ms 544μs 646ns;2253.000000;0.000000
318;455d6b;2000;422;10;        42s 230ms 192μs 793ns;3460.000000;                        -17822888983766ns;         4s 787ms 744μs 402ns;2251.000000;0.000000
681;753fb3;2000;415;10;        45s 434ms 986μs 292ns;3220.000000;                        -46163407984360ns;         5s 823ms  85μs 156ns;2253.000000;0.000000
317;453860;2000;432;10;        41s 317ms 188μs 788ns;3559.024390;                        -15973229243888ns;         5s 368ms  64μs 642ns;2251.000000;0.000000
680;751ee2;2000;407;10;        45s  54ms 191μs 270ns;3209.333333;                        -46000150329823ns;         5s 946ms  81μs 804ns;2253.000000;0.000000
316;4512c2;2000;459;10;        42s 302ms 951μs 478ns;3512.857143;                        -18721769625390ns;         5s 445ms 931μs  82ns;2251.000000;0.000000
679;74fde1;2000;411;10;        44s 339ms 745μs 226ns;3287.727273;                        -42815525213353ns;         5s 631ms 629μs 972ns;2253.000000;0.000000
315;44e687;2000;496;10;        42s 546ms  27μs 852ns;3565.714286;                        -23629654816237ns;         6s 369ms 212μs 574ns;2251.000000;0.000000
158;14e4a8;2000;1;10;         7s 742ms 782μs 419ns;17151.428571;             34ms 977μs 599ns;             13ms 839μs 881ns;2234.000000;0.000000
678;74dcc6;2000;416;10;        43s 855ms 212μs 469ns;3371.162791;                        -44579069842688ns;         5s 973ms 291μs 547ns;2253.000000;0.000000
157;14c823;2000;13;10;        32s 350ms 533μs 365ns;3774.375000;                        -1412441869461ns;             71ms 870μs 526ns;2234.000000;0.000000
677;74bb13;2000;444;10;        45s 702ms 645μs 123ns;3258.666667;                        -53854614394398ns;         6s 227ms 100μs 413ns;2253.000000;0.000000
314;44b9fc;2000;482;10;        42s 416ms 212μs 960ns;3545.714286;                        -15357559666330ns;         6s 208ms 694μs 392ns;2251.000000;0.000000
156;14a5a2;2000;515;10;        39s 393ms 683μs 285ns;3869.230769;                        -38156466058212ns;         6s 591ms 341μs 684ns;2234.000000;0.000000
676;749a46;2000;399;10;        42s 939ms 543μs 454ns;3427.142857;                        -47377268271068ns;         6s  86ms 289μs 147ns;2234.000000;0.000000
313;448e33;2000;456;10;        43s 229ms 712μs 966ns;3426.976744;                        -14933150753204ns;         5s 292ms  16μs 887ns;2251.000000;0.000000
155;14847d;2000;437;10;        37s 818ms 483μs 469ns;3951.891892;                        -30041601153056ns;         5s 424ms 296μs 405ns;2234.000000;0.000000
675;7478bf;2000;448;10;        44s 223ms 946μs 369ns;3338.181818;                        -44285295009992ns;         6s 858ms 144μs 301ns;2234.000000;0.000000
154;1462e0;2000;466;10;        38s 707ms 157μs 854ns;3893.684211;                        -30550899145177ns;         5s 778ms 533μs 114ns;2234.000000;0.000000
312;4462a8;2000;459;10;        43s 374ms 125μs 600ns;3431.162791;                        -13451468849437ns;         5s 729ms 533μs 594ns;2252.000000;0.000000
674;7456b1;2000;475;10;        43s 911ms 739μs 456ns;3453.488372;                        -49233604087392ns;         6s 602ms 235μs 380ns;2234.000000;0.000000
153;1440c1;2000;495;10;        38s 772ms 774μs  98ns;3939.473684;                        -34181542215512ns;         6s 430ms 471μs 674ns;2234.000000;0.000000
311;443737;2000;451;10;        43s 353ms 403μs 314ns;3420.000000;                        -15547656734525ns;         5s 608ms 253μs  75ns;2252.000000;0.000000
673;743676;2000;367;10;        41s 394ms 344μs  40ns;3463.902439;                        -46736855693071ns;         5s 255ms 626μs 687ns;2222.000000;0.000000
152;141f76;2000;452;10;        38s 295ms 917μs  20ns;3871.578947;                        -32749801457423ns;         5s 992ms 166μs 443ns;2234.000000;0.000000
672;741619;2000;377;10;        42s 126ms 384μs 717ns;3395.714286;                        -45591346742514ns;         5s 222ms 131μs 269ns;2234.000000;0.000000
310;440bb2;2000;454;10;        43s 152ms 826μs 169ns;3424.186047;                        -17871034271364ns;         5s 656ms 524μs 278ns;2251.000000;0.000000
151;13fdf1;2000;458;10;        38s 504ms 985μs  10ns;3881.052632;                        -36425836214322ns;         5s 586ms 828μs 489ns;2234.000000;0.000000
671;73f474;2000;450;10;        45s 698ms 908μs  62ns;3266.666667;                        -50022838001272ns;         6s 307ms 469μs  57ns;2251.000000;0.000000
309;43e090;2000;418;10;        43s  56ms 186μs 201ns;3373.953488;                        -17540883985392ns;         4s 863ms 917μs 859ns;2251.000000;0.000000
150;13dd09;2000;423;10;        37s 672ms  19μs 348ns;3929.189189;                        -31084447896616ns;         4s 811ms 800μs  72ns;2234.000000;0.000000
670;73d2fb;2000;440;10;        43s 405ms 201μs 689ns;3404.651163;                        -48077884312413ns;         5s 876ms 480μs 736ns;2234.000000;0.000000
149;13ba18;2000;554;10;        39s 765ms 133μs 834ns;3929.230769;                        -34495420534090ns;         7s 140ms 244μs 760ns;2234.000000;0.000000
308;43b45f;2000;491;10;        43s 712ms 723μs 358ns;3475.813953;                        -20488163269866ns;         6s 483ms 841μs 373ns;2252.000000;0.000000
669;73b228;2000;406;10;        42s 641ms 521μs 212ns;3437.142857;                        -42230417241796ns;         5s 963ms 242μs 279ns;2234.000000;0.000000
148;139757;2000;525;10;        39s 447ms 788μs 289ns;3884.615385;                        -38828267619748ns;         6s 656ms 965μs 185ns;2234.000000;0.000000
668;738fc1;2000;495;10;        48s  78ms 252μs 185ns;3118.750000;                        -53593418143521ns;         6s 825ms 980μs 201ns;2251.000000;0.000000
307;438886;2000;476;10;        42s 889ms 768μs 985ns;3537.142857;                        -14804630703488ns;         6s 183ms 271μs 538ns;2252.000000;0.000000
147;137700;2000;396;10;        37s 277ms 433μs 914ns;3885.405405;                        -33207098934560ns;         5s  63ms 316μs   7ns;2234.000000;0.000000
667;736d6e;2000;492;10;        45s 728ms  92μs 703ns;3322.666667;                        -51552920239094ns;         5s 880ms 904μs 422ns;2251.000000;0.000000
306;435d2b;2000;441;10;        41s 665ms 598μs 898ns;3572.195122;                        -15310017551383ns;         5s 528ms 940μs 473ns;2251.000000;0.000000
146;135472;2000;515;10;        38s 966ms 272μs 581ns;3971.052632;                        -37282595493289ns;         6s 469ms 421μs 683ns;2234.000000;0.000000
666;734c0e;2000;425;10;        43s 726ms 638μs  56ns;3383.720930;                        -46503312201128ns;         5s 504ms 516μs  51ns;2251.000000;0.000000
145;133217;2000;515;10;        38s 988ms 381μs 255ns;3971.052632;                        -31631482467275ns;         6s 608ms 667μs 664ns;2234.000000;0.000000
305;433216;2000;433;10;        41s 973ms 271μs 612ns;3560.487805;                        -19789562817866ns;         5s 304ms 463μs 716ns;2251.000000;0.000000
665;732ad5;2000;418;10;        42s 972ms 564μs 210ns;3454.285714;                        -46941025337899ns;         5s 966ms 467μs 613ns;2251.000000;0.000000
144;131178;2000;410;10;        37s 525ms 636μs 121ns;3908.108108;                        -35659742504162ns;         4s 518ms 581μs 164ns;2234.000000;0.000000
664;7309f4;2000;394;10;        43s 115ms 764μs 312ns;3340.465116;                        -43039514784421ns;         5s 773ms 725μs 734ns;2234.000000;0.000000
304;430613;2000;483;10;        42s 295ms  65μs 274ns;3547.142857;                        -16784802092990ns;         5s 767ms 300μs 323ns;2251.000000;0.000000
143;12eee9;2000;520;10;        39s 233ms 171μs 231ns;3876.923077;                        -38891867729525ns;         6s 344ms 750μs 124ns;2234.000000;0.000000
663;72e92a;2000;395;10;        43s 504ms 188μs 859ns;3341.860465;                        -43639700103918ns;         5s 354ms 610μs 446ns;2252.000000;0.000000
303;42dac3;2000;421;10;        41s 559ms 851μs 476ns;3542.926829;                        -17213178254489ns;         4s 993ms 547μs 764ns;2251.000000;0.000000
142;12cbba;2000;556;10;        39s 853ms 717μs 564ns;3932.307692;                        -34451668930675ns;         7s 226ms 639μs 407ns;2234.000000;0.000000
662;72c879;2000;390;10;        44s 108ms 799μs 720ns;3259.090909;                        -46848907158082ns;         5s 523ms 716μs 606ns;2252.000000;0.000000
302;42af15;2000;449;10;        43s 643ms 736μs 360ns;3417.209302;                        -27575977748664ns;         5s 432ms 705μs 659ns;2251.000000;0.000000
141;12a99f;2000;494;10;        38s 844ms 835μs 366ns;3937.894737;                        -35590377383005ns;         6s 258ms 573μs 439ns;2234.000000;0.000000
661;72a720;2000;434;10;        45s  44ms 299μs 948ns;3245.333333;                        -47222899125471ns;         6s 344ms 257μs 440ns;2252.000000;0.000000
140;128690;2000;552;10;        39s 568ms 599μs  43ns;3926.153846;                        -31996740895592ns;         7s  53ms 760μs 126ns;2234.000000;0.000000
660;728663;2000;389;10;        44s 443ms 860μs 536ns;3257.727273;                        -37485510655104ns;         5s  36ms 257μs  75ns;2252.000000;0.000000
301;4281f8;2000;542;10;        44s 765ms 563μs 284ns;3466.363636;                        -17521348369788ns;         6s 675ms 558μs 661ns;2251.000000;0.000000
659;726556;2000;408;10;        45s 118ms 353μs 420ns;3210.666667;                        -50509842187729ns;         6s 235ms 832μs 570ns;2234.000000;0.000000
139;12643d;2000;510;10;        39s 275ms 229μs 571ns;3861.538462;                        -32812742098575ns;         6s 164ms  53μs 146ns;2234.000000;0.000000
300;425643;2000;450;10;        42s 879ms 470μs 438ns;3500.000000;                        -18764070111122ns;         5s 464ms  30μs  30ns;2251.000000;0.000000
658;724477;2000;403;10;        46s 819ms 344μs 808ns;3134.347826;                        -44709451131245ns;         5s 429ms 511μs 833ns;2254.000000;0.000000
138;124342;2000;430;10;        38s 261ms  39μs 312ns;3836.842105;                        -35351467226474ns;         5s 433ms 889μs  95ns;2234.000000;0.000000
299;422b00;2000;413;10;        40s 106ms 430μs 761ns;3619.500000;                        -19645456954858ns;         5s 123ms 337μs  78ns;2251.000000;0.000000
657;7223bc;2000;390;10;        48s 987ms 512μs 517ns;2987.500000;                        -43698411643008ns;         5s 567ms  65μs 518ns;2254.000000;0.000000
137;122270;2000;428;10;        37s 858ms 242μs 132ns;3937.297297;                        -34208650665224ns;         5s 263ms 377μs 821ns;2234.000000;0.000000
656;720347;2000;375;10;        48s  35ms  13μs 639ns;2968.750000;                        -42084331678931ns;         5s 418ms 260μs 998ns;2254.000000;0.000000
298;420035;2000;408;10;        41s 598ms 251μs 934ns;3523.902439;                        -21175878358418ns;         5s 328ms 248μs 263ns;2251.000000;0.000000
136;11feeb;2000;574;10;        39s 981ms 212μs 686ns;3960.000000;                        -41642575954710ns;         6s 917ms 194μs 793ns;2234.000000;0.000000
655;71e224;2000;420;10;        47s 318ms  58μs 109ns;3089.361702;                        -54240232881273ns;         6s 456ms 749μs 411ns;2254.000000;0.000000
135;11dce6;2000;493;10;        38s 866ms 240μs 424ns;3936.315789;                        -33596826151899ns;         6s 209ms 190μs 951ns;2234.000000;0.000000
297;41d368;2000;511;10;        42s 853ms 936μs 327ns;3587.142857;                        -24309438161670ns;         6s 716ms 897μs 388ns;2251.000000;0.000000
654;71c14b;2000;392;10;        47s  24ms 967μs  23ns;3053.617021;                        -41462896850915ns;         5s 899ms 653μs 703ns;2254.000000;0.000000
134;11bc21;2000;419;10;        37s 462ms  32μs 147ns;3922.702703;                        -27580408668212ns;         4s 871ms 763μs  68ns;2234.000000;0.000000
653;71a0fc;2000;358;10;        46s  69ms  58μs 751ns;3075.652174;                        -36047507006883ns;         4s 843ms 587μs 889ns;2254.000000;0.000000
296;419b43;2000;490;10;        42s  93ms 455μs 640ns;3557.142857;                        -21628514838721ns;         6s  42ms 225μs 616ns;2251.000000;0.000000
133;1199da;2000;512;10;        39s 296ms 756μs 478ns;3864.615385;                        -27405100193527ns;         6s 211ms 490μs 457ns;2234.000000;0.000000
652;717ec1;2000;481;10;        47s 575ms  13μs 319ns;3167.234043;                        -51985118789754ns;         6s 591ms 253μs 456ns;2253.000000;0.000000
132;1178e9;2000;431;10;        38s 158ms 550μs 718ns;3838.421053;                        -30359754675380ns;         5s 413ms  61μs 367ns;2234.000000;0.000000
295;416368;2000;480;10;        42s  45ms 873μs 436ns;3542.857143;                        -24030040550139ns;         6s 486ms 492μs 645ns;2251.000000;0.000000
651;715e27;2000;390;10;        44s 890ms 973μs 975ns;3259.090909;                        -38051021079489ns;         5s 277ms 456μs 223ns;2253.000000;0.000000
131;115729;2000;476;10;        39s   2ms 388μs 430ns;3809.230769;                        -32958534747842ns;         5s 649ms 994μs 827ns;2234.000000;0.000000
650;713d38;2000;401;10;        44s 868ms 267μs 527ns;3274.090909;                        -44080565577525ns;         5s 400ms  97μs 744ns;2253.000000;0.000000
130;113438;2000;554;10;        40s 368ms 670μs 868ns;3831.000000;                        -34450185334001ns;         6s 968ms 949μs 997ns;2234.000000;0.000000
294;412bf0;2000;450;10;        41s 534ms 903μs 494ns;3585.365854;                        -20512680583304ns;         5s 540ms 154μs 610ns;2251.000000;0.000000
649;711d1b;2000;356;10;        48s 525ms 199μs 601ns;2945.000000;                        -42386471274841ns;         5s 259ms 838μs 415ns;2253.000000;0.000000
129;1113de;2000;402;10;        38s  33ms 590μs 468ns;3792.631579;                        -27175350263982ns;         4s 562ms 549μs 456ns;2234.000000;0.000000
648;70fc50;2000;391;10;        48s 122ms 356μs 508ns;2988.750000;                        -41449023708752ns;         5s 214ms 503μs 362ns;2253.000000;0.000000
293;40f4f7;2000;438;10;        40s 556ms 770μs 248ns;3657.000000;                        -17078408513345ns;         5s 447ms 333μs 675ns;2251.000000;0.000000
128;10f2f1;2000;433;10;        38s 337ms 827μs 413ns;3841.578947;                        -35575362001237ns;         5s 343ms 386μs 897ns;2234.000000;0.000000
647;70db71;2000;395;10;        48s 199ms 466μs 862ns;2993.750000;                        -49462872766023ns;         5s 399ms 693μs 689ns;2253.000000;0.000000
127;10d074;2000;520;10;        39s 136ms 985μs 427ns;3876.923077;                        -40538179757833ns;         6s 593ms 234μs 360ns;2234.000000;0.000000
292;40bd20;2000;492;10;        40s 422ms 684μs 778ns;3738.000000;                        -24484360249404ns;         6s 607ms 593μs 621ns;2251.000000;0.000000
646;70b9b6;2000;442;10;        48s 596ms 254μs 564ns;3052.500000;                        -46369253758842ns;         5s 871ms 235μs 983ns;2253.000000;0.000000
126;10b017;2000;402;10;        37s 661ms 367μs 476ns;3895.135135;                        -30713767808382ns;         5s 213ms 596μs  17ns;2234.000000;0.000000
645;709743;2000;497;10;        46s 929ms 587μs 957ns;3256.956522;                        -52501390185423ns;         7s 290ms 197μs  49ns;2251.000000;0.000000
125;108ec2;2000;452;10;        38s 233ms 400μs 628ns;3871.578947;                        -31242600060103ns;         5s  41ms 154μs 986ns;2234.000000;0.000000
291;408539;2000;475;10;        40s 842ms 344μs 973ns;3712.500000;                        -30740657952979ns;         6s 170ms 328μs 216ns;2250.000000;0.000000
644;7075fc;2000;422;10;        46s 101ms 391μs 220ns;3159.130435;                        -50737890453086ns;         6s 645ms  10μs 937ns;2251.000000;0.000000
124;106dcd;2000;431;10;        38s 246ms 577μs 879ns;3838.421053;                        -37637416537794ns;         5s 594ms 301μs 765ns;2234.000000;0.000000
