# unix_time, cycles_done, cur_path, paths_total, pending_total, pending_favs, map_size, unique_crashes, unique_hangs, max_depth, execs_per_sec
1747774285, 0, 0, 1, 1, 1, 4.73%, 0, 0, 1, 31.13
1747774290, 0, 0, 20, 20, 1, 4.84%, 0, 0, 2, 33.12
1747774295, 0, 0, 38, 38, 1, 4.84%, 0, 0, 2, 32.78
1747774300, 0, 0, 57, 57, 1, 4.84%, 0, 0, 2, 34.96
1747774305, 0, 0, 73, 73, 1, 5.07%, 0, 0, 2, 35.34
1747774310, 0, 0, 84, 84, 1, 5.07%, 0, 0, 2, 34.11
1747774315, 0, 0, 93, 93, 1, 5.08%, 0, 0, 2, 33.45
1747774320, 0, 0, 104, 104, 1, 5.85%, 0, 0, 2, 32.48
1747774325, 0, 0, 114, 114, 1, 5.85%, 0, 0, 2, 34.70
1747774330, 0, 0, 122, 122, 1, 5.85%, 0, 0, 2, 33.33
1747774335, 0, 0, 126, 126, 1, 5.85%, 0, 0, 2, 33.00
1747774341, 0, 0, 131, 131, 1, 5.85%, 0, 0, 2, 32.76
1747774346, 0, 0, 137, 137, 1, 5.85%, 0, 0, 2, 32.29
1747774351, 0, 0, 145, 145, 1, 5.85%, 0, 0, 2, 33.06
1747774356, 0, 0, 152, 152, 1, 5.85%, 0, 0, 2, 30.88
1747774361, 0, 0, 155, 155, 1, 5.85%, 0, 0, 2, 31.01
1747774366, 0, 0, 161, 161, 1, 5.85%, 0, 0, 2, 33.01
1747774371, 0, 0, 164, 164, 1, 5.85%, 0, 0, 2, 33.03
1747774377, 0, 0, 169, 169, 1, 5.85%, 0, 0, 2, 33.24
1747774382, 0, 0, 172, 172, 1, 5.85%, 0, 0, 2, 32.44
1747774387, 0, 0, 176, 176, 1, 5.85%, 0, 0, 2, 32.48
1747774392, 0, 0, 180, 180, 1, 5.85%, 0, 0, 2, 32.48
1747774397, 0, 0, 187, 187, 1, 5.85%, 0, 0, 2, 32.47
1747774402, 0, 0, 189, 189, 1, 5.85%, 0, 0, 2, 31.97
1747774412, 0, 0, 190, 190, 1, 5.85%, 0, 0, 2, 31.40
1747774418, 0, 0, 191, 191, 1, 5.85%, 0, 0, 2, 32.54
1747774423, 0, 0, 194, 194, 1, 5.85%, 0, 0, 2, 31.68
1747774428, 0, 0, 197, 197, 1, 5.85%, 0, 0, 2, 32.23
1747774433, 0, 0, 198, 198, 1, 5.85%, 0, 0, 2, 31.95
1747774438, 0, 0, 199, 199, 1, 5.85%, 0, 0, 2, 32.61
1747774443, 0, 0, 201, 201, 1, 5.85%, 0, 0, 2, 30.74
1747774458, 0, 0, 205, 205, 1, 5.85%, 0, 0, 2, 32.27
1747774463, 0, 0, 207, 207, 1, 5.85%, 0, 0, 2, 32.53
1747774468, 0, 0, 210, 210, 1, 5.85%, 0, 0, 2, 31.59
1747774473, 0, 0, 211, 211, 1, 5.85%, 0, 0, 2, 32.18
1747774478, 0, 0, 214, 214, 1, 5.85%, 0, 0, 2, 31.53
1747774483, 0, 0, 217, 217, 1, 5.85%, 0, 0, 2, 31.32
1747774488, 0, 0, 221, 221, 1, 5.85%, 0, 0, 2, 31.50
1747774493, 0, 0, 223, 223, 1, 5.85%, 0, 0, 2, 32.42
1747774498, 0, 0, 226, 226, 1, 5.85%, 0, 0, 2, 31.60
1747774503, 0, 0, 227, 227, 1, 5.85%, 0, 0, 2, 32.31
1747774508, 0, 0, 230, 230, 1, 5.85%, 0, 0, 2, 31.92
1747774519, 0, 0, 232, 232, 1, 5.85%, 0, 0, 2, 32.13
1747774524, 0, 0, 233, 233, 1, 5.85%, 0, 0, 2, 31.74
1747774529, 0, 0, 234, 234, 1, 5.85%, 0, 0, 2, 31.70
1747774534, 0, 0, 238, 238, 1, 5.86%, 0, 0, 2, 31.35
1747774539, 0, 0, 240, 240, 1, 5.86%, 0, 0, 2, 31.70
1747774544, 0, 0, 241, 241, 1, 6.22%, 0, 0, 2, 29.39
1747774554, 0, 1, 245, 244, 7, 6.22%, 0, 0, 2, 17.25
1747774559, 0, 1, 250, 249, 7, 6.29%, 0, 0, 2, 14.02
1747774564, 0, 1, 254, 253, 7, 6.29%, 0, 0, 2, 11.02
1747774570, 0, 1, 258, 257, 7, 6.29%, 0, 0, 2, 10.98
1747774575, 0, 1, 263, 262, 7, 6.30%, 0, 0, 2, 9.16
1747774580, 0, 1, 266, 265, 7, 6.30%, 0, 0, 2, 8.00
1747774585, 0, 1, 270, 269, 7, 6.30%, 0, 0, 2, 10.29
1747774590, 0, 1, 274, 273, 7, 6.30%, 0, 0, 2, 7.91
1747774595, 0, 1, 278, 277, 7, 6.30%, 0, 0, 2, 10.52
1747774600, 0, 1, 281, 280, 7, 6.30%, 0, 0, 2, 7.74
1747774606, 0, 1, 284, 283, 7, 6.31%, 0, 0, 2, 8.80
1747774611, 0, 1, 288, 287, 7, 6.31%, 0, 0, 2, 8.66
1747774616, 0, 1, 291, 290, 7, 6.33%, 0, 0, 2, 9.75
1747774621, 0, 1, 294, 293, 7, 6.33%, 0, 0, 2, 8.64
1747774626, 0, 1, 297, 296, 7, 6.33%, 0, 0, 2, 9.37
1747774631, 0, 1, 299, 298, 7, 6.33%, 0, 0, 2, 9.41
1747774636, 0, 1, 303, 302, 7, 6.33%, 0, 0, 2, 8.53
1747774642, 0, 1, 305, 304, 7, 6.33%, 0, 0, 2, 9.17
1747774647, 0, 1, 308, 307, 7, 6.33%, 0, 0, 2, 7.53
1747774652, 0, 1, 311, 310, 7, 6.33%, 0, 0, 2, 8.86
1747774657, 0, 1, 314, 313, 7, 6.33%, 0, 0, 2, 7.73
1747774662, 0, 1, 317, 316, 7, 6.33%, 0, 0, 2, 7.63
1747774668, 0, 1, 321, 320, 7, 6.33%, 0, 0, 2, 8.77
1747774673, 0, 1, 324, 323, 7, 6.33%, 0, 0, 2, 8.83
1747774678, 0, 1, 327, 326, 7, 6.33%, 0, 0, 2, 6.77
1747774683, 0, 1, 330, 329, 7, 6.33%, 0, 0, 2, 10.75
1747774688, 0, 1, 332, 331, 7, 6.33%, 0, 0, 2, 7.72
1747774693, 0, 1, 335, 334, 7, 6.34%, 0, 0, 2, 8.76
1747774698, 0, 1, 338, 337, 7, 6.34%, 0, 0, 2, 10.17
1747774703, 0, 1, 340, 339, 7, 6.34%, 0, 0, 2, 10.20
1747774708, 0, 1, 344, 343, 7, 6.34%, 0, 0, 2, 10.34
1747774713, 0, 1, 346, 345, 7, 6.34%, 0, 0, 2, 8.70
1747774718, 0, 1, 349, 348, 7, 6.34%, 0, 0, 2, 8.61
1747774723, 0, 1, 352, 351, 7, 6.34%, 0, 0, 2, 7.09
1747774728, 0, 1, 356, 355, 7, 6.34%, 0, 0, 2, 8.11
1747774733, 0, 1, 359, 358, 7, 6.34%, 0, 0, 2, 7.37
1747774738, 0, 1, 361, 360, 7, 6.34%, 0, 0, 2, 9.89
1747774743, 0, 1, 363, 362, 7, 6.34%, 0, 0, 2, 10.06
1747774749, 0, 1, 366, 365, 7, 6.34%, 0, 0, 2, 8.30
1747774754, 0, 1, 370, 369, 7, 6.34%, 0, 0, 2, 10.89
1747774759, 0, 1, 373, 372, 7, 6.34%, 0, 0, 2, 10.01
1747774764, 0, 1, 376, 375, 7, 6.34%, 0, 0, 2, 11.34
1747774769, 0, 1, 379, 378, 7, 6.34%, 0, 0, 2, 10.46
1747774774, 0, 1, 382, 381, 7, 6.34%, 0, 0, 2, 12.21
1747774779, 0, 1, 384, 383, 7, 6.34%, 0, 0, 2, 10.84
1747774784, 0, 1, 387, 386, 7, 6.34%, 0, 0, 2, 9.50
1747774789, 0, 1, 390, 389, 7, 6.34%, 0, 0, 2, 10.36
1747774795, 0, 1, 393, 392, 7, 6.34%, 0, 0, 2, 12.15
1747774800, 0, 1, 397, 396, 7, 6.34%, 0, 0, 2, 8.76
1747774805, 0, 1, 401, 400, 7, 6.34%, 0, 0, 2, 9.79
1747774810, 0, 1, 404, 403, 7, 6.34%, 0, 0, 2, 8.22
1747774815, 0, 1, 408, 407, 7, 6.34%, 0, 0, 2, 10.95
1747774820, 0, 1, 410, 409, 7, 6.34%, 0, 0, 2, 10.76
1747774826, 0, 1, 413, 412, 7, 6.34%, 0, 0, 2, 9.84
1747774831, 0, 1, 417, 416, 7, 6.34%, 0, 0, 2, 13.27
1747774836, 0, 1, 419, 418, 7, 6.34%, 0, 0, 2, 13.78
1747774841, 0, 1, 420, 419, 7, 6.34%, 0, 0, 2, 12.94
1747774846, 0, 1, 422, 421, 7, 6.34%, 0, 0, 2, 11.01
1747774851, 0, 1, 425, 424, 7, 6.34%, 0, 0, 2, 11.83
1747774856, 0, 1, 428, 427, 7, 6.34%, 0, 0, 2, 9.22
1747774861, 0, 1, 432, 431, 7, 6.34%, 0, 0, 2, 11.57
1747774867, 0, 1, 435, 434, 7, 6.34%, 0, 0, 2, 9.62
1747774872, 0, 1, 438, 437, 7, 6.34%, 0, 0, 2, 7.49
1747774877, 0, 1, 441, 440, 7, 6.34%, 0, 0, 2, 10.35
1747774882, 0, 1, 444, 443, 7, 6.34%, 0, 0, 2, 9.11
1747774887, 0, 1, 447, 446, 7, 6.34%, 0, 0, 2, 9.13
1747774893, 0, 1, 450, 449, 7, 6.34%, 0, 0, 2, 10.17
1747774898, 0, 1, 453, 452, 7, 6.34%, 0, 0, 2, 10.51
1747774903, 0, 1, 455, 454, 7, 6.34%, 0, 0, 2, 10.70
1747774908, 0, 1, 458, 457, 7, 6.34%, 0, 0, 2, 10.14
1747774913, 0, 1, 461, 460, 7, 6.35%, 0, 0, 2, 9.88
1747774918, 0, 2, 463, 462, 16, 6.35%, 0, 0, 2, 10.45
1747774923, 0, 2, 467, 466, 16, 6.35%, 0, 0, 2, 9.57
1747774928, 0, 2, 470, 469, 16, 6.35%, 0, 0, 2, 7.41
1747774933, 0, 2, 473, 472, 16, 6.35%, 0, 0, 2, 7.50
1747774939, 0, 2, 476, 475, 16, 6.35%, 0, 0, 2, 9.70
1747774944, 0, 2, 480, 479, 16, 6.35%, 0, 0, 2, 9.49
1747774949, 0, 2, 482, 481, 16, 6.35%, 0, 0, 2, 9.14
1747774954, 0, 2, 486, 485, 16, 6.35%, 0, 0, 2, 11.87
1747774959, 0, 2, 489, 488, 16, 6.35%, 0, 0, 2, 10.13
1747774965, 0, 2, 491, 490, 16, 6.35%, 0, 0, 2, 9.17
1747774970, 0, 2, 495, 494, 16, 6.35%, 0, 0, 2, 12.43
1747774975, 0, 2, 498, 497, 16, 6.35%, 0, 0, 2, 10.90
1747774980, 0, 2, 500, 499, 16, 6.35%, 0, 0, 2, 10.97
1747774985, 0, 2, 503, 502, 16, 6.35%, 0, 0, 2, 12.45
1747774990, 0, 2, 506, 505, 16, 6.35%, 0, 0, 2, 11.76
1747774996, 0, 2, 509, 508, 16, 6.35%, 0, 0, 2, 11.17
1747775001, 0, 2, 512, 511, 16, 6.35%, 0, 0, 2, 9.88
1747775006, 0, 2, 517, 516, 16, 6.35%, 0, 0, 2, 8.98
1747775011, 0, 2, 518, 517, 16, 6.35%, 0, 0, 2, 10.68
1747775016, 0, 2, 521, 520, 16, 6.35%, 0, 0, 2, 10.64
1747775021, 0, 2, 524, 523, 16, 6.35%, 0, 0, 2, 12.65
1747775027, 0, 2, 527, 526, 16, 6.35%, 0, 0, 2, 9.47
1747775032, 0, 2, 529, 528, 16, 6.35%, 0, 0, 2, 9.14
1747775037, 0, 2, 532, 531, 16, 6.35%, 0, 0, 2, 10.28
1747775042, 0, 2, 535, 534, 16, 6.35%, 0, 0, 2, 8.99
1747775047, 0, 2, 538, 537, 16, 6.35%, 0, 0, 2, 9.76
1747775052, 0, 2, 541, 540, 16, 6.35%, 0, 0, 2, 7.45
1747775057, 0, 2, 544, 543, 16, 6.35%, 0, 0, 2, 7.31
1747775062, 0, 2, 546, 545, 16, 6.35%, 0, 0, 2, 7.13
1747775068, 0, 2, 548, 547, 16, 6.35%, 0, 0, 2, 6.85
1747775073, 0, 2, 552, 551, 16, 6.35%, 0, 0, 2, 10.30
1747775078, 0, 2, 554, 553, 16, 6.35%, 0, 0, 2, 10.41
1747775083, 0, 2, 558, 557, 16, 6.35%, 0, 0, 2, 8.69
1747775088, 0, 2, 561, 560, 16, 6.35%, 0, 0, 2, 8.21
1747775094, 0, 2, 565, 564, 16, 6.35%, 0, 0, 2, 9.84
1747775099, 0, 2, 567, 566, 16, 6.35%, 0, 0, 2, 7.82
1747775104, 0, 2, 569, 568, 16, 6.35%, 0, 0, 2, 9.34
1747775109, 0, 2, 570, 569, 16, 6.35%, 0, 0, 2, 9.46
1747775114, 0, 2, 573, 572, 16, 6.35%, 0, 0, 2, 9.61
1747775120, 0, 2, 575, 574, 16, 6.35%, 0, 0, 2, 13.43
1747775125, 0, 2, 577, 576, 16, 6.35%, 0, 0, 2, 10.48
1747775130, 0, 2, 580, 579, 16, 6.35%, 0, 0, 2, 10.96
1747775135, 0, 2, 582, 581, 16, 6.35%, 0, 0, 2, 9.28
1747775140, 0, 2, 585, 584, 16, 6.35%, 0, 0, 2, 8.95
1747775145, 0, 2, 587, 586, 16, 6.35%, 0, 0, 2, 8.38
1747775151, 0, 2, 589, 588, 16, 6.35%, 0, 0, 2, 8.12
1747775156, 0, 2, 592, 591, 16, 6.35%, 0, 0, 2, 10.20
1747775161, 0, 2, 595, 594, 16, 6.35%, 0, 0, 2, 10.25
1747775166, 0, 2, 597, 596, 16, 6.35%, 0, 0, 2, 12.38
1747775171, 0, 2, 600, 599, 16, 6.35%, 0, 0, 2, 9.86
1747775176, 0, 2, 602, 601, 16, 6.35%, 0, 0, 2, 15.11
1747775181, 0, 2, 604, 603, 16, 6.35%, 0, 0, 2, 14.50
1747775187, 0, 2, 606, 605, 16, 6.35%, 0, 0, 2, 12.30
1747775192, 0, 2, 607, 606, 16, 6.35%, 0, 0, 2, 13.62
1747775197, 0, 2, 610, 609, 16, 6.35%, 0, 0, 2, 8.64
1747775202, 0, 2, 612, 611, 16, 6.35%, 0, 0, 2, 8.21
1747775207, 0, 2, 615, 614, 16, 6.35%, 0, 0, 2, 9.57
1747775212, 0, 2, 616, 615, 16, 6.35%, 0, 0, 2, 10.79
1747775217, 0, 2, 618, 617, 16, 6.35%, 0, 0, 2, 10.97
1747775222, 0, 6, 620, 619, 16, 6.35%, 0, 0, 2, 10.48
1747775227, 0, 6, 622, 621, 16, 6.35%, 0, 0, 2, 11.23
1747775233, 0, 6, 624, 623, 16, 6.35%, 0, 0, 2, 7.73
1747775238, 0, 6, 627, 626, 16, 6.35%, 0, 0, 2, 8.40
1747775243, 0, 6, 628, 627, 16, 6.35%, 0, 0, 2, 1.71
1747775248, 0, 6, 629, 628, 16, 6.35%, 0, 0, 2, 7.07
1747775253, 0, 6, 632, 631, 16, 6.35%, 0, 0, 2, 6.87
1747775258, 0, 6, 634, 633, 16, 6.35%, 0, 0, 2, 9.24
1747775263, 0, 6, 636, 635, 16, 6.35%, 0, 0, 2, 10.18
1747775268, 0, 6, 638, 637, 16, 6.35%, 0, 0, 2, 10.38
1747775273, 0, 6, 639, 638, 16, 6.35%, 0, 0, 2, 12.37
1747775278, 0, 6, 642, 641, 16, 6.35%, 0, 0, 2, 12.27
1747775284, 0, 6, 643, 642, 16, 6.35%, 0, 0, 2, 10.06
1747775289, 0, 6, 645, 644, 16, 6.35%, 0, 0, 2, 8.34
1747775294, 0, 6, 647, 646, 16, 6.35%, 0, 0, 2, 8.31
1747775300, 0, 6, 650, 649, 16, 6.35%, 0, 0, 2, 10.31
1747775305, 0, 6, 651, 650, 16, 6.35%, 0, 0, 2, 12.09
1747775310, 0, 6, 654, 653, 16, 6.35%, 0, 0, 2, 12.40
1747775315, 0, 6, 655, 654, 16, 6.35%, 0, 0, 2, 10.39
1747775320, 0, 6, 656, 655, 16, 6.35%, 0, 0, 2, 13.03
1747775325, 0, 6, 657, 656, 16, 6.35%, 0, 0, 2, 11.13
1747775330, 0, 6, 659, 658, 16, 6.35%, 0, 0, 2, 13.56
1747775335, 0, 6, 662, 661, 16, 6.35%, 0, 0, 2, 12.69
1747775340, 0, 6, 663, 662, 16, 6.35%, 0, 0, 2, 14.43
1747775345, 0, 6, 665, 664, 16, 6.35%, 0, 0, 2, 14.18
1747775350, 0, 6, 666, 665, 16, 6.35%, 0, 0, 2, 11.63
1747775355, 0, 6, 667, 666, 16, 6.35%, 0, 0, 2, 13.45
1747775360, 0, 6, 670, 669, 16, 6.35%, 0, 0, 2, 13.55
1747775365, 0, 6, 672, 671, 16, 6.35%, 0, 0, 2, 10.22
1747775371, 0, 6, 673, 672, 16, 6.35%, 0, 0, 2, 11.38
1747775386, 0, 6, 675, 674, 16, 6.35%, 0, 0, 2, 13.99
1747775391, 0, 6, 676, 675, 16, 6.35%, 0, 0, 2, 14.89
1747775396, 0, 6, 678, 677, 16, 6.35%, 0, 0, 2, 13.73
1747775401, 0, 6, 680, 679, 16, 6.35%, 0, 0, 2, 9.31
1747775406, 0, 6, 681, 680, 16, 6.35%, 0, 0, 2, 13.43
1747775412, 0, 6, 682, 681, 16, 6.35%, 0, 0, 2, 13.12
1747775417, 0, 7, 682, 681, 15, 6.35%, 0, 0, 2, 17.35
1747775422, 0, 7, 684, 683, 15, 6.35%, 0, 0, 2, 1.91
1747775427, 0, 7, 685, 684, 15, 6.35%, 0, 0, 2, 13.89
1747775432, 0, 7, 686, 685, 15, 6.35%, 0, 0, 2, 16.31
1747775437, 0, 7, 688, 687, 15, 6.35%, 0, 0, 2, 13.35
1747775442, 0, 7, 689, 688, 15, 6.35%, 0, 0, 2, 15.92
1747775458, 0, 7, 691, 690, 15, 6.35%, 0, 0, 2, 12.55
1747775463, 0, 7, 692, 691, 15, 6.35%, 0, 0, 2, 9.57
1747775468, 0, 7, 693, 692, 15, 6.35%, 0, 0, 2, 13.08
1747775473, 0, 7, 694, 693, 15, 6.35%, 0, 0, 2, 11.22
1747775478, 0, 7, 695, 694, 15, 6.35%, 0, 0, 2, 13.25
1747775483, 0, 7, 696, 695, 15, 6.36%, 0, 0, 2, 14.24
1747775489, 0, 7, 698, 697, 15, 6.36%, 0, 0, 2, 13.74
1747775494, 0, 7, 701, 700, 15, 6.36%, 0, 0, 2, 15.26
1747775499, 0, 7, 702, 701, 15, 6.36%, 0, 0, 2, 11.05
1747775504, 0, 7, 703, 702, 15, 6.36%, 0, 0, 2, 15.11
1747775519, 0, 7, 704, 703, 15, 6.36%, 0, 0, 2, 17.12
1747775529, 0, 7, 706, 705, 15, 6.36%, 0, 0, 2, 17.10
1747775540, 0, 7, 708, 707, 15, 6.36%, 0, 0, 2, 15.57
1747775545, 0, 7, 709, 708, 15, 6.36%, 0, 0, 2, 16.55
1747775550, 0, 8, 711, 710, 14, 6.36%, 0, 0, 2, 12.23
1747775555, 0, 8, 714, 713, 14, 6.59%, 0, 0, 2, 10.97
1747775560, 0, 8, 716, 715, 14, 6.59%, 0, 0, 2, 7.88
1747775565, 0, 8, 717, 716, 14, 6.59%, 0, 0, 2, 6.26
1747775570, 0, 8, 719, 718, 14, 6.59%, 0, 0, 2, 7.06
1747775575, 0, 8, 720, 719, 14, 6.59%, 0, 0, 2, 7.44
1747775580, 0, 8, 721, 720, 14, 6.59%, 0, 0, 2, 8.35
1747775586, 0, 8, 722, 721, 14, 6.59%, 0, 0, 2, 8.41
1747775591, 0, 8, 723, 722, 14, 6.59%, 0, 0, 2, 11.43
1747775601, 0, 8, 724, 723, 14, 6.59%, 0, 0, 2, 10.37
1747775607, 0, 8, 725, 724, 14, 6.59%, 0, 0, 2, 7.59
1747775612, 0, 8, 728, 727, 14, 6.59%, 0, 0, 2, 6.73
1747775622, 0, 8, 730, 729, 14, 6.59%, 0, 0, 2, 8.13
1747775632, 0, 8, 732, 731, 14, 6.59%, 0, 0, 2, 7.59
1747775643, 0, 8, 733, 732, 14, 6.59%, 0, 0, 2, 11.74
1747775653, 0, 8, 734, 733, 14, 6.59%, 0, 0, 2, 8.97
1747775658, 0, 8, 735, 734, 14, 6.59%, 0, 0, 2, 9.78
1747775663, 0, 8, 736, 735, 14, 6.59%, 0, 0, 2, 9.45
1747775668, 0, 8, 737, 736, 14, 6.59%, 0, 0, 2, 7.87
1747775673, 0, 8, 738, 737, 14, 6.59%, 0, 0, 2, 7.82
1747775678, 0, 8, 739, 738, 14, 6.59%, 0, 0, 2, 8.55
1747775683, 0, 8, 740, 739, 14, 6.59%, 0, 0, 2, 9.39
1747775693, 0, 8, 741, 740, 14, 6.59%, 0, 0, 2, 9.04
1747775699, 0, 8, 742, 741, 14, 6.59%, 0, 0, 2, 8.72
1747775709, 0, 8, 743, 742, 14, 6.59%, 0, 0, 2, 9.99
1747775714, 0, 8, 744, 743, 14, 6.59%, 0, 0, 2, 8.02
1747775724, 0, 8, 745, 744, 14, 6.59%, 0, 0, 2, 8.80
1747775730, 0, 8, 747, 746, 14, 6.59%, 0, 0, 2, 6.77
1747775735, 0, 8, 748, 747, 14, 6.59%, 0, 0, 2, 9.81
1747775740, 0, 8, 749, 748, 14, 6.59%, 0, 0, 2, 12.10
1747775745, 0, 8, 750, 749, 14, 6.59%, 0, 0, 2, 10.62
1747775750, 0, 8, 751, 750, 14, 6.59%, 0, 0, 2, 11.01
1747775755, 0, 8, 752, 751, 14, 6.59%, 0, 0, 2, 10.55
1747775760, 0, 10, 752, 751, 17, 6.59%, 0, 0, 2, 11.92
1747775765, 0, 11, 753, 752, 17, 6.59%, 0, 0, 2, 9.94
1747775770, 0, 11, 754, 753, 17, 6.59%, 0, 0, 2, 10.69
1747775781, 0, 12, 754, 753, 17, 6.59%, 0, 0, 2, 13.00
1747775786, 0, 12, 755, 754, 17, 6.59%, 0, 0, 2, 8.46
1747775791, 0, 12, 757, 756, 17, 6.59%, 0, 0, 2, 6.28
1747775796, 0, 12, 758, 757, 17, 6.59%, 0, 0, 2, 9.53
1747775801, 0, 12, 759, 758, 17, 6.59%, 0, 0, 2, 8.56
1747775807, 0, 12, 761, 760, 17, 6.59%, 0, 0, 2, 7.67
1747775812, 0, 12, 763, 762, 17, 6.59%, 0, 0, 2, 7.43
1747775817, 0, 12, 764, 763, 17, 6.59%, 0, 0, 2, 7.03
1747775822, 0, 12, 766, 765, 17, 6.59%, 0, 0, 2, 6.05
1747775827, 0, 12, 767, 766, 17, 6.59%, 0, 0, 2, 4.93
1747775832, 0, 12, 769, 768, 17, 6.59%, 0, 0, 2, 16.70
1747775838, 0, 12, 771, 770, 17, 6.59%, 0, 0, 2, 2.14
1747775849, 0, 12, 772, 771, 17, 6.60%, 0, 0, 2, 1.21
1747775860, 0, 12, 774, 773, 17, 6.60%, 0, 0, 2, 9.34
1747775865, 0, 12, 775, 774, 17, 6.60%, 0, 0, 2, 5.65
1747775870, 0, 12, 777, 776, 17, 6.60%, 0, 0, 2, 6.52
1747775881, 0, 12, 778, 777, 17, 6.60%, 0, 0, 2, 9.55
1747775886, 0, 12, 779, 778, 17, 6.60%, 0, 0, 2, 8.32
1747775891, 0, 12, 780, 779, 17, 6.60%, 0, 0, 2, 7.23
1747775896, 0, 12, 781, 780, 17, 6.60%, 0, 0, 2, 7.82
1747775901, 0, 12, 782, 781, 17, 6.60%, 0, 0, 2, 7.92
1747775906, 0, 12, 783, 782, 17, 6.60%, 0, 0, 2, 8.40
1747775916, 0, 12, 785, 784, 17, 6.60%, 0, 0, 2, 7.16
1747775927, 0, 12, 786, 785, 17, 6.60%, 0, 0, 2, 9.25
1747775937, 0, 12, 787, 786, 17, 6.60%, 0, 0, 2, 7.98
1747775942, 0, 12, 788, 787, 17, 6.60%, 0, 0, 2, 8.17
1747775947, 0, 12, 789, 788, 17, 6.60%, 0, 0, 2, 9.02
1747775952, 0, 12, 790, 789, 17, 6.60%, 0, 0, 2, 9.51
1747775957, 0, 12, 791, 790, 17, 6.60%, 0, 0, 2, 10.49
1747775962, 0, 12, 792, 791, 17, 6.60%, 0, 0, 2, 6.69
1747775967, 0, 12, 793, 792, 17, 6.60%, 0, 0, 2, 8.79
1747775983, 0, 12, 794, 793, 17, 6.60%, 0, 0, 2, 8.37
1747775993, 0, 12, 795, 794, 17, 6.60%, 0, 0, 2, 12.16
1747775998, 0, 12, 796, 795, 17, 6.60%, 0, 0, 2, 8.78
1747776003, 0, 12, 798, 797, 17, 6.60%, 0, 0, 2, 5.60
1747776009, 0, 12, 799, 798, 17, 6.60%, 0, 0, 2, 5.46
1747776024, 0, 12, 800, 799, 17, 6.60%, 0, 0, 2, 9.87
1747776029, 0, 12, 801, 800, 17, 6.60%, 0, 0, 2, 9.61
1747776034, 0, 12, 802, 801, 17, 6.60%, 0, 0, 2, 7.99
1747776039, 0, 14, 802, 801, 19, 6.60%, 0, 0, 2, 11.71
1747776044, 0, 17, 802, 801, 19, 6.60%, 0, 0, 2, 13.89
1747776049, 0, 17, 803, 802, 19, 6.60%, 0, 0, 2, 13.90
1747776055, 0, 18, 803, 802, 19, 6.60%, 0, 0, 2, 12.31
1747776060, 0, 19, 803, 802, 19, 6.60%, 0, 0, 2, 14.01
1747776065, 0, 20, 804, 803, 19, 6.60%, 0, 0, 2, 10.97
1747776075, 0, 24, 804, 803, 19, 6.60%, 0, 0, 2, 11.31
1747776080, 0, 25, 805, 804, 19, 6.60%, 0, 0, 2, 10.31
1747776091, 0, 26, 805, 804, 19, 6.60%, 0, 0, 2, 12.28
1747776096, 0, 28, 805, 804, 19, 6.60%, 0, 0, 2, 12.72
1747776101, 0, 29, 805, 804, 19, 6.60%, 0, 0, 2, 13.05
1747776106, 0, 30, 806, 805, 19, 6.60%, 0, 0, 2, 10.09
1747776111, 0, 30, 807, 806, 19, 6.60%, 0, 0, 2, 6.15
1747776116, 0, 30, 808, 807, 19, 6.60%, 0, 0, 2, 4.60
1747776121, 0, 30, 809, 808, 19, 6.60%, 0, 0, 2, 5.45
1747776126, 0, 30, 811, 810, 19, 6.60%, 0, 0, 2, 5.17
1747776131, 0, 30, 813, 812, 19, 6.60%, 0, 0, 2, 5.26
1747776136, 0, 30, 815, 814, 19, 6.60%, 0, 0, 2, 8.41
1747776142, 0, 30, 816, 815, 19, 6.60%, 0, 0, 2, 11.04
1747776147, 0, 30, 817, 816, 19, 6.60%, 0, 0, 2, 15.35
1747776152, 0, 30, 819, 818, 19, 6.60%, 0, 0, 2, 12.17
1747776157, 0, 30, 821, 820, 19, 6.60%, 0, 0, 2, 8.50
1747776163, 0, 30, 822, 821, 19, 6.60%, 0, 0, 2, 12.41
1747776168, 0, 30, 824, 823, 19, 6.60%, 0, 0, 2, 11.64
1747776173, 0, 30, 826, 825, 19, 6.60%, 0, 0, 2, 11.57
1747776178, 0, 30, 828, 827, 19, 6.60%, 0, 0, 2, 8.87
1747776183, 0, 30, 829, 828, 19, 6.60%, 0, 0, 2, 10.22
1747776188, 0, 30, 831, 830, 19, 6.60%, 0, 0, 2, 7.72
1747776193, 0, 30, 832, 831, 19, 6.60%, 0, 0, 2, 13.58
1747776204, 0, 30, 833, 832, 19, 6.60%, 0, 0, 2, 11.30
1747776209, 0, 30, 835, 834, 19, 6.60%, 0, 0, 2, 8.55
1747776214, 0, 30, 836, 835, 19, 6.60%, 0, 0, 2, 13.57
1747776224, 0, 30, 839, 838, 19, 6.60%, 0, 0, 2, 7.98
1747776229, 0, 30, 840, 839, 19, 6.60%, 0, 0, 2, 12.71
1747776235, 0, 30, 841, 840, 19, 6.60%, 0, 0, 2, 9.95
1747776240, 0, 30, 842, 841, 19, 6.60%, 0, 0, 2, 11.90
1747776245, 0, 30, 844, 843, 19, 6.60%, 0, 0, 2, 9.05
1747776255, 0, 30, 846, 845, 19, 6.60%, 0, 0, 2, 8.63
1747776261, 0, 30, 848, 847, 19, 6.60%, 0, 0, 2, 9.76
1747776271, 0, 30, 849, 848, 19, 6.60%, 0, 0, 2, 13.18
1747776281, 0, 30, 850, 849, 19, 6.60%, 0, 0, 2, 2.78
1747776286, 0, 30, 851, 850, 19, 6.60%, 0, 0, 2, 14.99
1747776292, 0, 30, 853, 852, 19, 6.60%, 0, 0, 2, 14.07
1747776297, 0, 30, 854, 853, 19, 6.60%, 0, 0, 2, 7.60
1747776302, 0, 31, 855, 854, 18, 6.60%, 0, 0, 2, 13.69
1747776312, 0, 33, 856, 855, 18, 6.60%, 0, 0, 2, 17.34
1747776317, 0, 33, 858, 857, 18, 6.60%, 0, 0, 2, 17.04
1747776332, 0, 34, 860, 859, 18, 6.60%, 0, 0, 2, 16.92
1747776348, 0, 38, 861, 860, 19, 6.60%, 0, 0, 2, 17.69
1747776353, 0, 39, 862, 861, 19, 6.60%, 0, 0, 2, 16.40
1747776358, 0, 41, 862, 861, 19, 6.60%, 0, 0, 2, 18.17
1747776363, 0, 43, 862, 861, 19, 6.60%, 0, 0, 2, 19.18
1747776368, 0, 43, 864, 863, 19, 6.60%, 0, 0, 2, 15.06
1747776379, 0, 46, 864, 863, 19, 6.60%, 0, 0, 2, 20.85
1747776384, 0, 48, 864, 863, 19, 6.60%, 0, 0, 2, 18.64
1747776389, 0, 53, 864, 863, 19, 6.60%, 0, 0, 2, 23.97
1747776394, 0, 55, 864, 863, 19, 6.60%, 0, 0, 2, 22.21
1747776399, 0, 57, 865, 864, 19, 6.60%, 0, 0, 2, 17.86
1747776405, 0, 57, 866, 865, 19, 6.60%, 0, 0, 2, 18.42
1747776415, 0, 60, 866, 865, 19, 6.60%, 0, 0, 2, 19.15
1747776420, 0, 61, 868, 867, 19, 6.60%, 0, 0, 2, 14.84
1747776425, 0, 61, 869, 868, 19, 6.60%, 0, 0, 2, 13.64
1747776430, 0, 61, 870, 869, 19, 6.60%, 0, 0, 2, 11.14
1747776435, 0, 61, 871, 870, 19, 6.60%, 0, 0, 2, 10.29
1747776450, 0, 61, 872, 871, 19, 6.60%, 0, 0, 2, 15.11
1747776466, 0, 61, 873, 872, 19, 6.60%, 0, 0, 2, 17.69
1747776481, 0, 61, 874, 873, 19, 6.60%, 0, 0, 2, 8.69
1747776491, 0, 61, 875, 874, 19, 6.60%, 0, 0, 2, 17.50
1747776502, 0, 61, 877, 876, 19, 6.60%, 0, 0, 2, 13.65
1747776507, 0, 61, 878, 877, 19, 6.60%, 0, 0, 2, 10.44
1747776512, 0, 61, 880, 879, 19, 6.60%, 0, 0, 2, 11.24
1747776522, 0, 61, 881, 880, 19, 6.60%, 0, 0, 2, 10.72
1747776527, 0, 61, 883, 882, 19, 6.60%, 0, 0, 2, 9.90
1747776543, 0, 61, 884, 883, 19, 6.60%, 0, 0, 2, 23.15
1747776548, 0, 61, 885, 884, 19, 6.60%, 0, 0, 2, 34.64
1747776553, 0, 63, 886, 885, 19, 6.60%, 0, 0, 2, 23.86
1747776558, 0, 63, 887, 886, 19, 6.60%, 0, 0, 2, 24.66
1747776563, 0, 63, 889, 888, 19, 6.60%, 0, 0, 2, 25.38
1747776573, 0, 63, 890, 889, 19, 6.60%, 0, 0, 2, 22.73
1747776579, 0, 63, 892, 891, 19, 6.60%, 0, 0, 2, 28.04
1747776599, 0, 63, 893, 892, 19, 6.60%, 0, 0, 2, 24.64
1747776609, 0, 63, 894, 893, 19, 6.60%, 0, 0, 2, 26.36
1747776625, 0, 67, 895, 894, 17, 6.60%, 0, 0, 2, 20.38
1747776630, 0, 69, 895, 894, 17, 6.60%, 0, 0, 2, 18.91
1747776635, 0, 73, 895, 894, 17, 6.60%, 0, 0, 2, 21.64
1747776640, 0, 76, 895, 894, 17, 6.60%, 0, 0, 2, 46.58
1747776645, 0, 78, 895, 894, 17, 6.60%, 0, 0, 2, 27.94
1747776650, 0, 82, 895, 894, 17, 6.60%, 0, 0, 2, 22.39
1747776656, 0, 83, 896, 895, 17, 6.60%, 0, 0, 2, 14.22
1747776661, 0, 85, 896, 895, 17, 6.60%, 0, 0, 2, 21.51
1747776666, 0, 90, 897, 896, 17, 6.60%, 0, 0, 2, 22.56
1747776676, 0, 92, 898, 897, 17, 6.60%, 0, 0, 2, 3.16
1747776687, 0, 92, 899, 898, 17, 6.60%, 0, 0, 2, 13.15
1747776692, 0, 92, 901, 900, 17, 6.60%, 0, 0, 2, 12.72
1747776697, 0, 92, 902, 901, 17, 6.60%, 0, 0, 2, 14.27
1747776702, 0, 92, 903, 902, 17, 6.60%, 0, 0, 2, 11.42
1747776707, 0, 92, 904, 903, 17, 6.60%, 0, 0, 2, 11.69
1747776738, 0, 92, 905, 904, 17, 6.60%, 0, 0, 2, 15.33
1747776754, 0, 92, 906, 905, 17, 6.60%, 0, 0, 2, 15.86
1747776784, 0, 92, 907, 906, 17, 6.60%, 0, 0, 2, 13.67
1747776795, 0, 93, 907, 906, 17, 6.60%, 0, 0, 2, 15.55
1747776800, 0, 94, 907, 906, 17, 6.60%, 0, 0, 2, 18.26
1747776805, 0, 97, 907, 906, 17, 6.60%, 0, 0, 2, 15.82
1747776810, 0, 99, 907, 906, 17, 6.60%, 0, 0, 2, 17.99
1747776816, 0, 102, 907, 906, 17, 6.60%, 0, 0, 2, 19.03
1747776821, 0, 102, 908, 907, 17, 6.60%, 0, 0, 2, 12.85
1747776826, 0, 103, 908, 907, 17, 6.60%, 0, 0, 2, 16.29
1747776831, 0, 107, 908, 907, 17, 6.60%, 0, 0, 2, 20.82
1747776836, 0, 109, 908, 907, 17, 6.60%, 0, 0, 2, 20.57
1747776841, 0, 111, 908, 907, 17, 6.60%, 0, 0, 2, 18.83
1747776846, 0, 113, 909, 908, 17, 6.60%, 0, 0, 2, 15.89
1747776851, 0, 114, 909, 908, 17, 6.60%, 0, 0, 2, 15.11
1747776856, 0, 116, 909, 908, 17, 6.60%, 0, 0, 2, 16.30
1747776862, 0, 122, 909, 908, 17, 6.60%, 0, 0, 2, 23.03
1747776867, 0, 124, 909, 908, 17, 6.60%, 0, 0, 2, 18.62
1747776872, 0, 125, 910, 909, 17, 6.60%, 0, 0, 2, 16.32
1747776877, 0, 125, 911, 910, 17, 6.60%, 0, 0, 2, 15.30
1747776887, 0, 128, 911, 910, 17, 6.60%, 0, 0, 2, 19.17
1747776893, 0, 130, 911, 910, 17, 6.60%, 0, 0, 2, 21.72
1747776898, 0, 133, 911, 910, 17, 6.60%, 0, 0, 2, 19.48
1747776903, 0, 135, 911, 910, 17, 6.60%, 0, 0, 2, 15.28
1747776908, 0, 138, 911, 910, 17, 6.60%, 0, 0, 2, 20.52
1747776914, 0, 140, 911, 910, 17, 6.60%, 0, 0, 2, 21.83
1747776919, 0, 144, 911, 910, 17, 6.60%, 0, 0, 2, 5.54
1747776924, 0, 144, 912, 911, 17, 6.60%, 0, 0, 2, 12.07
1747776929, 0, 146, 913, 912, 17, 6.60%, 0, 0, 2, 17.29
1747776934, 0, 148, 913, 912, 17, 6.60%, 0, 0, 2, 16.30
1747776939, 0, 148, 914, 913, 17, 6.60%, 0, 0, 2, 13.79
1747776944, 0, 149, 914, 913, 17, 6.60%, 0, 0, 2, 16.34
1747776950, 0, 155, 914, 913, 17, 6.60%, 0, 0, 2, 18.41
1747776955, 0, 158, 914, 913, 17, 6.60%, 0, 0, 2, 19.50
1747776960, 0, 161, 914, 913, 17, 6.60%, 0, 0, 2, 17.45
1747776965, 0, 162, 914, 913, 17, 6.60%, 0, 0, 2, 17.85
1747776970, 0, 166, 914, 913, 17, 6.60%, 0, 0, 2, 18.91
1747776975, 0, 169, 914, 913, 17, 6.60%, 0, 0, 2, 19.94
1747776980, 0, 171, 914, 913, 17, 6.60%, 0, 0, 2, 19.26
1747776986, 0, 173, 914, 913, 17, 6.60%, 0, 0, 2, 20.43
1747776991, 0, 174, 915, 914, 17, 6.60%, 0, 0, 2, 19.84
1747776996, 0, 178, 915, 914, 17, 6.60%, 0, 0, 2, 19.34
1747777001, 0, 179, 915, 914, 17, 6.60%, 0, 0, 2, 15.68
1747777006, 0, 181, 915, 914, 17, 6.60%, 0, 0, 2, 18.96
1747777011, 0, 182, 916, 915, 17, 6.60%, 0, 0, 2, 3.09
1747777016, 0, 182, 917, 916, 17, 6.60%, 0, 0, 2, 18.19
1747777026, 0, 184, 917, 916, 17, 6.60%, 0, 0, 2, 21.66
1747777031, 0, 187, 917, 916, 17, 6.60%, 0, 0, 2, 19.24
1747777037, 0, 190, 917, 916, 17, 6.60%, 0, 0, 2, 18.40
1747777042, 0, 192, 917, 916, 17, 6.60%, 0, 0, 2, 17.46
1747777047, 0, 193, 917, 916, 17, 6.60%, 0, 0, 2, 15.84
1747777052, 0, 195, 917, 916, 17, 6.60%, 0, 0, 2, 19.46
1747777057, 0, 197, 917, 916, 17, 6.60%, 0, 0, 2, 19.25
1747777062, 0, 199, 917, 916, 17, 6.60%, 0, 0, 2, 17.38
1747777067, 0, 201, 917, 916, 17, 6.60%, 0, 0, 2, 17.95
1747777072, 0, 202, 917, 916, 17, 6.60%, 0, 0, 2, 16.54
1747777078, 0, 205, 917, 916, 17, 6.60%, 0, 0, 2, 18.25
1747777083, 0, 206, 918, 917, 17, 6.60%, 0, 0, 2, 13.65
1747777088, 0, 207, 918, 917, 17, 6.60%, 0, 0, 2, 15.88
1747777093, 0, 209, 918, 917, 17, 6.60%, 0, 0, 2, 19.90
1747777098, 0, 212, 918, 917, 17, 6.60%, 0, 0, 2, 18.10
1747777103, 0, 213, 919, 918, 17, 6.60%, 0, 0, 2, 17.79
1747777108, 0, 215, 919, 918, 17, 6.60%, 0, 0, 2, 21.89
1747777113, 0, 216, 919, 918, 17, 6.60%, 0, 0, 2, 16.13
1747777119, 0, 217, 919, 918, 17, 6.60%, 0, 0, 2, 14.25
1747777124, 0, 220, 919, 918, 17, 6.60%, 0, 0, 2, 20.80
1747777129, 0, 220, 920, 919, 17, 6.60%, 0, 0, 2, 14.74
1747777134, 0, 222, 920, 919, 17, 6.60%, 0, 0, 2, 18.95
1747777139, 0, 224, 920, 919, 17, 6.60%, 0, 0, 2, 19.27
1747777144, 0, 227, 920, 919, 17, 6.60%, 0, 0, 2, 20.00
1747777149, 0, 233, 920, 919, 17, 6.60%, 0, 0, 2, 21.62
1747777155, 0, 234, 920, 919, 17, 6.60%, 0, 0, 2, 17.01
1747777160, 0, 237, 920, 919, 17, 6.60%, 0, 0, 2, 19.49
1747777165, 0, 241, 921, 920, 17, 6.60%, 0, 0, 2, 18.00
1747777170, 0, 241, 922, 921, 17, 6.60%, 0, 0, 2, 10.76
1747777180, 0, 242, 922, 921, 17, 6.60%, 0, 0, 2, 18.52
1747777185, 0, 242, 923, 922, 17, 6.60%, 0, 0, 2, 25.31
1747777191, 0, 243, 923, 922, 17, 6.60%, 0, 0, 2, 21.30
1747777196, 0, 245, 923, 922, 17, 6.60%, 0, 0, 2, 21.52
1747777201, 0, 250, 924, 923, 17, 6.60%, 0, 0, 2, 4.48
1747777211, 0, 251, 924, 923, 17, 6.60%, 0, 0, 2, 3.00
1747777216, 0, 251, 925, 924, 17, 6.60%, 0, 0, 2, 3.69
1747777226, 0, 253, 925, 924, 17, 6.60%, 0, 0, 2, 10.67
1747777232, 0, 254, 925, 924, 17, 6.60%, 0, 0, 2, 9.11
1747777237, 0, 255, 925, 924, 17, 6.60%, 0, 0, 2, 11.83
1747777242, 0, 257, 925, 924, 17, 6.60%, 0, 0, 2, 10.62
1747777247, 0, 259, 925, 924, 17, 6.60%, 0, 0, 2, 13.34
1747777252, 0, 260, 925, 924, 17, 6.60%, 0, 0, 2, 12.09
1747777258, 0, 261, 925, 924, 17, 6.60%, 0, 0, 2, 13.01
1747777263, 0, 262, 925, 924, 17, 6.60%, 0, 0, 2, 12.33
1747777268, 0, 263, 925, 924, 17, 6.60%, 0, 0, 2, 11.80
1747777273, 0, 265, 925, 924, 17, 6.60%, 0, 0, 2, 11.78
1747777278, 0, 267, 925, 924, 17, 6.60%, 0, 0, 2, 2.46
1747777289, 0, 270, 925, 924, 17, 6.60%, 0, 0, 2, 10.69
1747777294, 0, 271, 925, 924, 17, 6.60%, 0, 0, 2, 12.01
1747777299, 0, 272, 925, 924, 17, 6.60%, 0, 0, 2, 12.59
1747777304, 0, 273, 925, 924, 17, 6.60%, 0, 0, 2, 10.04
1747777309, 0, 274, 925, 924, 17, 6.60%, 0, 0, 2, 8.97
1747777314, 0, 276, 925, 924, 17, 6.60%, 0, 0, 2, 10.01
1747777319, 0, 277, 925, 924, 17, 6.60%, 0, 0, 2, 13.40
1747777324, 0, 280, 925, 924, 17, 6.60%, 0, 0, 2, 11.31
1747777329, 0, 283, 925, 924, 17, 6.60%, 0, 0, 2, 11.99
1747777335, 0, 284, 925, 924, 17, 6.60%, 0, 0, 2, 9.94
1747777340, 0, 285, 925, 924, 17, 6.60%, 0, 0, 2, 11.27
1747777345, 0, 286, 925, 924, 17, 6.60%, 0, 0, 2, 10.55
1747777350, 0, 287, 926, 925, 17, 6.60%, 0, 0, 2, 11.49
1747777360, 0, 288, 926, 925, 17, 6.60%, 0, 0, 2, 11.23
1747777365, 0, 291, 927, 926, 17, 6.60%, 0, 0, 2, 9.02
1747777370, 0, 291, 928, 927, 17, 6.60%, 0, 0, 2, 7.29
1747777397, 0, 292, 929, 928, 17, 6.60%, 0, 0, 2, 9.62
1747777407, 0, 293, 929, 928, 17, 6.60%, 0, 0, 2, 9.29
1747777417, 0, 295, 929, 928, 17, 6.60%, 0, 0, 2, 10.19
1747777423, 0, 297, 929, 928, 17, 6.60%, 0, 0, 2, 9.17
1747777428, 0, 298, 929, 928, 17, 6.60%, 0, 0, 2, 12.36
1747777433, 0, 299, 929, 928, 17, 6.60%, 0, 0, 2, 16.90
1747777438, 0, 300, 929, 928, 17, 6.60%, 0, 0, 2, 15.17
1747777443, 0, 301, 929, 928, 17, 6.60%, 0, 0, 2, 12.37
1747777448, 0, 302, 929, 928, 17, 6.60%, 0, 0, 2, 8.93
1747777453, 0, 303, 929, 928, 17, 6.60%, 0, 0, 2, 10.58
1747777458, 0, 304, 929, 928, 17, 6.60%, 0, 0, 2, 11.65
1747777464, 0, 308, 929, 928, 17, 6.60%, 0, 0, 2, 12.63
1747777474, 0, 309, 929, 928, 17, 6.60%, 0, 0, 2, 9.69
1747777479, 0, 312, 929, 928, 17, 6.60%, 0, 0, 2, 11.70
1747777484, 0, 313, 929, 928, 17, 6.60%, 0, 0, 2, 10.74
1747777489, 0, 314, 929, 928, 17, 6.60%, 0, 0, 2, 9.85
1747777494, 0, 315, 929, 928, 17, 6.60%, 0, 0, 2, 10.74
1747777499, 0, 316, 929, 928, 17, 6.60%, 0, 0, 2, 12.13
1747777505, 0, 317, 929, 928, 17, 6.60%, 0, 0, 2, 14.18
1747777510, 0, 319, 929, 928, 17, 6.60%, 0, 0, 2, 11.64
1747777515, 0, 320, 929, 928, 17, 6.60%, 0, 0, 2, 9.12
1747777520, 0, 321, 929, 928, 17, 6.60%, 0, 0, 2, 11.26
1747777525, 0, 323, 929, 928, 17, 6.60%, 0, 0, 2, 13.89
1747777530, 0, 324, 929, 928, 17, 6.60%, 0, 0, 2, 12.43
1747777535, 0, 325, 929, 928, 17, 6.60%, 0, 0, 2, 11.68
1747777540, 0, 326, 929, 928, 17, 6.60%, 0, 0, 2, 9.77
1747777545, 0, 327, 929, 928, 17, 6.60%, 0, 0, 2, 10.22
1747777551, 0, 328, 929, 928, 17, 6.60%, 0, 0, 2, 12.56
1747777556, 0, 329, 929, 928, 17, 6.60%, 0, 0, 2, 10.16
1747777561, 0, 330, 929, 928, 17, 6.60%, 0, 0, 2, 12.72
1747777566, 0, 332, 929, 928, 17, 6.60%, 0, 0, 2, 11.48
1747777576, 0, 334, 929, 928, 17, 6.60%, 0, 0, 2, 11.67
1747777582, 0, 334, 930, 929, 17, 6.60%, 0, 0, 2, 1.39
1747777587, 0, 334, 931, 930, 17, 6.60%, 0, 0, 2, 9.55
1747777602, 0, 335, 931, 930, 17, 6.60%, 0, 0, 2, 11.43
1747777607, 0, 337, 931, 930, 17, 6.60%, 0, 0, 2, 10.50
1747777612, 0, 338, 931, 930, 17, 6.60%, 0, 0, 2, 8.50
1747777618, 0, 339, 931, 930, 17, 6.60%, 0, 0, 2, 9.93
1747777623, 0, 342, 931, 930, 17, 6.60%, 0, 0, 2, 11.10
1747777628, 0, 344, 931, 930, 17, 6.60%, 0, 0, 2, 9.94
1747777633, 0, 344, 932, 931, 17, 6.60%, 0, 0, 2, 10.25
1747777638, 0, 345, 932, 931, 17, 6.60%, 0, 0, 2, 11.55
1747777649, 0, 346, 932, 931, 17, 6.60%, 0, 0, 2, 9.63
1747777654, 0, 348, 932, 931, 17, 6.60%, 0, 0, 2, 12.96
1747777659, 0, 349, 932, 931, 17, 6.60%, 0, 0, 2, 13.57
1747777664, 0, 350, 932, 931, 17, 6.60%, 0, 0, 2, 12.13
1747777669, 0, 351, 932, 931, 17, 6.60%, 0, 0, 2, 9.22
1747777674, 0, 353, 932, 931, 17, 6.60%, 0, 0, 2, 11.00
1747777679, 0, 357, 932, 931, 17, 6.60%, 0, 0, 2, 13.17
1747777685, 0, 359, 932, 931, 17, 6.60%, 0, 0, 2, 11.62
1747777695, 0, 362, 932, 931, 17, 6.60%, 0, 0, 2, 12.19
1747777700, 0, 363, 932, 931, 17, 6.60%, 0, 0, 2, 10.90
1747777705, 0, 364, 932, 931, 17, 6.60%, 0, 0, 2, 10.32
1747777710, 0, 365, 932, 931, 17, 6.60%, 0, 0, 2, 9.34
1747777715, 0, 366, 932, 931, 17, 6.60%, 0, 0, 2, 11.08
1747777721, 0, 367, 932, 931, 17, 6.60%, 0, 0, 2, 10.06
1747777731, 0, 370, 932, 931, 17, 6.60%, 0, 0, 2, 11.05
1747777736, 0, 371, 932, 931, 17, 6.60%, 0, 0, 2, 11.27
1747777741, 0, 372, 932, 931, 17, 6.60%, 0, 0, 2, 14.58
1747777746, 0, 373, 932, 931, 17, 6.60%, 0, 0, 2, 10.88
1747777751, 0, 373, 933, 932, 17, 6.60%, 0, 0, 2, 7.94
1747777762, 0, 375, 933, 932, 17, 6.60%, 0, 0, 2, 10.00
1747777767, 0, 376, 933, 932, 17, 6.60%, 0, 0, 2, 12.11
1747777772, 0, 377, 933, 932, 17, 6.60%, 0, 0, 2, 11.21
1747777777, 0, 378, 933, 932, 17, 6.60%, 0, 0, 2, 11.94
1747777782, 0, 382, 933, 932, 17, 6.60%, 0, 0, 2, 12.78
1747777787, 0, 384, 933, 932, 17, 6.60%, 0, 0, 2, 15.70
1747777792, 0, 385, 933, 932, 17, 6.60%, 0, 0, 2, 13.32
1747777798, 0, 387, 933, 932, 17, 6.60%, 0, 0, 2, 12.76
1747777803, 0, 390, 933, 932, 17, 6.60%, 0, 0, 2, 13.68
1747777808, 0, 391, 933, 932, 17, 6.60%, 0, 0, 2, 12.11
1747777813, 0, 392, 933, 932, 17, 6.60%, 0, 0, 2, 13.73
1747777818, 0, 393, 933, 932, 17, 6.60%, 0, 0, 2, 11.90
1747777823, 0, 394, 933, 932, 17, 6.60%, 0, 0, 2, 12.41
1747777829, 0, 395, 933, 932, 17, 6.60%, 0, 0, 2, 11.68
1747777834, 0, 397, 933, 932, 17, 6.60%, 0, 0, 2, 10.73
1747777839, 0, 398, 933, 932, 17, 6.60%, 0, 0, 2, 10.13
1747777844, 0, 400, 933, 932, 17, 6.60%, 0, 0, 2, 9.63
1747777849, 0, 402, 933, 932, 17, 6.60%, 0, 0, 2, 11.53
1747777855, 0, 403, 933, 932, 17, 6.60%, 0, 0, 2, 8.77
1747777860, 0, 404, 933, 932, 17, 6.60%, 0, 0, 2, 11.65
1747777865, 0, 407, 933, 932, 17, 6.60%, 0, 0, 2, 13.10
1747777870, 0, 408, 933, 932, 17, 6.60%, 0, 0, 2, 10.91
1747777875, 0, 409, 933, 932, 17, 6.60%, 0, 0, 2, 12.19
1747777880, 0, 410, 933, 932, 17, 6.60%, 0, 0, 2, 10.25
1747777885, 0, 411, 933, 932, 17, 6.60%, 0, 0, 2, 12.16
1747777911, 0, 411, 934, 933, 17, 6.60%, 0, 0, 3, 8.48
1747778071, 0, 411, 935, 934, 17, 6.60%, 0, 0, 3, 6.71
1747778118, 0, 411, 937, 936, 17, 6.60%, 0, 0, 3, 8.13
1747778134, 0, 411, 938, 937, 17, 6.60%, 0, 0, 3, 12.57
1747778155, 0, 412, 938, 936, 17, 6.60%, 0, 0, 3, 15.02
1747778160, 0, 413, 938, 936, 17, 6.60%, 0, 0, 3, 11.46
1747778165, 0, 414, 938, 936, 17, 6.60%, 0, 0, 3, 12.05
1747778170, 0, 416, 938, 936, 17, 6.60%, 0, 0, 3, 14.99
1747778175, 0, 418, 938, 936, 17, 6.60%, 0, 0, 3, 13.82
1747778181, 0, 419, 938, 936, 17, 6.60%, 0, 0, 3, 11.22
1747778186, 0, 420, 938, 936, 17, 6.60%, 0, 0, 3, 10.73
1747778191, 0, 421, 938, 936, 17, 6.60%, 0, 0, 3, 11.85
1747778196, 0, 425, 938, 936, 17, 6.60%, 0, 0, 3, 12.51
1747778206, 0, 426, 939, 937, 17, 6.60%, 0, 0, 3, 8.10
1747778217, 0, 428, 939, 937, 17, 6.60%, 0, 0, 3, 8.46
1747778227, 0, 431, 939, 937, 17, 6.60%, 0, 0, 3, 11.68
1747778232, 0, 432, 939, 937, 17, 6.60%, 0, 0, 3, 11.90
1747778237, 0, 433, 939, 937, 17, 6.60%, 0, 0, 3, 9.36
1747778247, 0, 434, 939, 937, 17, 6.60%, 0, 0, 3, 8.27
1747778252, 0, 436, 939, 937, 17, 6.60%, 0, 0, 3, 10.87
1747778263, 0, 437, 939, 937, 17, 6.60%, 0, 0, 3, 9.69
1747778268, 0, 439, 939, 937, 17, 6.60%, 0, 0, 3, 10.79
1747778273, 0, 441, 939, 937, 17, 6.60%, 0, 0, 3, 10.59
1747778278, 0, 443, 939, 937, 17, 6.60%, 0, 0, 3, 11.84
1747778283, 0, 444, 939, 937, 17, 6.60%, 0, 0, 3, 9.19
1747778293, 0, 445, 939, 937, 17, 6.60%, 0, 0, 3, 11.19
1747778298, 0, 446, 939, 937, 17, 6.60%, 0, 0, 3, 9.99
1747778303, 0, 447, 939, 937, 17, 6.60%, 0, 0, 3, 9.94
1747778308, 0, 448, 939, 937, 17, 6.60%, 0, 0, 3, 10.53
1747778314, 0, 449, 939, 937, 17, 6.60%, 0, 0, 3, 11.35
1747778319, 0, 450, 939, 937, 17, 6.60%, 0, 0, 3, 8.75
1747778324, 0, 451, 939, 937, 17, 6.60%, 0, 0, 3, 10.05
1747778329, 0, 454, 939, 937, 17, 6.60%, 0, 0, 3, 12.32
1747778335, 0, 455, 939, 937, 17, 6.60%, 0, 0, 3, 13.02
1747778340, 0, 455, 940, 938, 17, 6.60%, 0, 0, 3, 10.99
1747778345, 0, 456, 940, 938, 17, 6.60%, 0, 0, 3, 12.02
1747778350, 0, 457, 940, 938, 17, 6.60%, 0, 0, 3, 10.15
1747778355, 0, 458, 940, 938, 17, 6.60%, 0, 0, 3, 10.43
1747778361, 0, 459, 940, 938, 17, 6.60%, 0, 0, 3, 11.28
1747778366, 0, 460, 940, 938, 17, 6.60%, 0, 0, 3, 12.61
1747778371, 0, 461, 940, 938, 17, 6.60%, 0, 0, 3, 9.84
1747778376, 0, 462, 940, 938, 17, 6.60%, 0, 0, 3, 10.55
1747778381, 0, 463, 940, 938, 17, 6.60%, 0, 0, 3, 9.46
1747778387, 0, 464, 940, 938, 17, 6.60%, 0, 0, 3, 10.07
1747778392, 0, 465, 940, 938, 17, 6.60%, 0, 0, 3, 10.22
1747778397, 0, 468, 941, 939, 17, 6.60%, 0, 0, 3, 9.86
1747778408, 0, 470, 941, 939, 17, 6.60%, 0, 0, 3, 9.41
1747778413, 0, 471, 941, 939, 17, 6.60%, 0, 0, 3, 10.72
1747778418, 0, 472, 941, 939, 17, 6.60%, 0, 0, 3, 11.19
1747778423, 0, 473, 941, 939, 17, 6.60%, 0, 0, 3, 11.10
1747778428, 0, 474, 941, 939, 17, 6.60%, 0, 0, 3, 9.28
1747778433, 0, 476, 941, 939, 17, 6.60%, 0, 0, 3, 11.32
1747778623, 0, 476, 942, 940, 17, 6.60%, 0, 0, 3, 7.79
1747778649, 0, 479, 942, 939, 16, 6.60%, 0, 0, 3, 13.55
1747778654, 0, 480, 942, 939, 16, 6.60%, 0, 0, 3, 11.30
1747778664, 0, 481, 942, 939, 16, 6.60%, 0, 0, 3, 9.15
1747778669, 0, 483, 942, 939, 16, 6.60%, 0, 0, 3, 9.13
1747778675, 0, 484, 942, 939, 16, 6.60%, 0, 0, 3, 8.76
1747778680, 0, 486, 942, 939, 16, 6.60%, 0, 0, 3, 12.84
1747778685, 0, 489, 942, 939, 16, 6.60%, 0, 0, 3, 11.89
1747778690, 0, 490, 942, 939, 16, 6.60%, 0, 0, 3, 2.94
1747778695, 0, 491, 942, 939, 16, 6.60%, 0, 0, 3, 12.49
1747778700, 0, 492, 942, 939, 16, 6.60%, 0, 0, 3, 11.23
1747778706, 0, 494, 942, 939, 16, 6.60%, 0, 0, 3, 11.99
1747778711, 0, 497, 942, 939, 16, 6.60%, 0, 0, 3, 12.15
1747778716, 0, 499, 942, 939, 16, 6.60%, 0, 0, 3, 12.91
1747778726, 0, 500, 942, 939, 16, 6.60%, 0, 0, 3, 8.99
1747778731, 0, 502, 942, 939, 16, 6.60%, 0, 0, 3, 12.75
1747778737, 0, 503, 942, 939, 16, 6.60%, 0, 0, 3, 10.79
1747778742, 0, 505, 942, 939, 16, 6.60%, 0, 0, 3, 8.92
1747778747, 0, 506, 942, 939, 16, 6.60%, 0, 0, 3, 10.04
1747778752, 0, 507, 942, 939, 16, 6.60%, 0, 0, 3, 10.21
1747778757, 0, 508, 942, 939, 16, 6.60%, 0, 0, 3, 12.70
1747778762, 0, 510, 942, 939, 16, 6.60%, 0, 0, 3, 14.25
1747778767, 0, 512, 942, 939, 16, 6.60%, 0, 0, 3, 9.66
1747778772, 0, 513, 942, 939, 16, 6.60%, 0, 0, 3, 9.38
1747778778, 0, 514, 942, 939, 16, 6.60%, 0, 0, 3, 9.52
1747778783, 0, 516, 942, 939, 16, 6.60%, 0, 0, 3, 11.30
1747778788, 0, 517, 942, 939, 16, 6.60%, 0, 0, 3, 12.18
1747778793, 0, 518, 943, 940, 16, 6.60%, 0, 0, 3, 8.15
1747778803, 0, 519, 943, 940, 16, 6.60%, 0, 0, 3, 10.05
1747778808, 0, 520, 943, 940, 16, 6.60%, 0, 0, 3, 9.57
1747778814, 0, 521, 943, 940, 16, 6.60%, 0, 0, 3, 8.92
1747778819, 0, 522, 943, 940, 16, 6.60%, 0, 0, 3, 10.16
1747778824, 0, 522, 944, 941, 16, 6.60%, 0, 0, 3, 9.35
1747778829, 0, 523, 944, 941, 16, 6.60%, 0, 0, 3, 9.59
1747778835, 0, 524, 944, 941, 16, 6.60%, 0, 0, 3, 11.77
1747778840, 0, 525, 944, 941, 16, 6.60%, 0, 0, 3, 11.25
1747778845, 0, 526, 944, 941, 16, 6.60%, 0, 1, 3, 12.15
1747778850, 0, 527, 944, 941, 16, 6.60%, 0, 1, 3, 13.10
1747778855, 0, 528, 944, 941, 16, 6.60%, 0, 1, 3, 12.51
1747778861, 0, 529, 944, 941, 16, 6.60%, 0, 1, 3, 12.43
1747778866, 0, 530, 944, 941, 16, 6.60%, 0, 1, 3, 14.51
1747778871, 0, 531, 944, 941, 16, 6.60%, 0, 1, 3, 10.42
1747778876, 0, 532, 944, 941, 16, 6.60%, 0, 1, 3, 10.24
1747778881, 0, 533, 944, 941, 16, 6.60%, 0, 1, 3, 9.31
1747778886, 0, 534, 944, 941, 16, 6.60%, 0, 1, 3, 10.53
1747778891, 0, 536, 944, 941, 16, 6.60%, 0, 1, 3, 11.65
1747778897, 0, 537, 944, 941, 16, 6.60%, 0, 1, 3, 10.66
1747778907, 0, 538, 944, 941, 16, 6.60%, 0, 1, 3, 7.95
1747778912, 0, 539, 944, 941, 16, 6.60%, 0, 1, 3, 7.89
1747778917, 0, 541, 944, 941, 16, 6.60%, 0, 1, 3, 9.15
1747778922, 0, 542, 944, 941, 16, 6.60%, 0, 1, 3, 9.41
1747778927, 0, 543, 944, 941, 16, 6.60%, 0, 1, 3, 10.67
1747778932, 0, 544, 944, 941, 16, 6.60%, 0, 1, 3, 9.74
1747778938, 0, 545, 944, 941, 16, 6.60%, 0, 1, 3, 11.16
1747778943, 0, 546, 944, 941, 16, 6.60%, 0, 1, 3, 10.94
1747778948, 0, 547, 944, 941, 16, 6.60%, 0, 1, 3, 9.48
1747778953, 0, 548, 944, 941, 16, 6.60%, 0, 1, 3, 11.93
1747778958, 0, 549, 944, 941, 16, 6.60%, 0, 1, 3, 11.72
1747778963, 0, 550, 944, 941, 16, 6.60%, 0, 1, 3, 14.10
1747778969, 0, 553, 944, 941, 16, 6.60%, 0, 1, 3, 26.78
1747778974, 0, 553, 944, 941, 16, 6.60%, 0, 2, 3, 14.05
1747778979, 0, 554, 944, 941, 16, 6.60%, 0, 2, 3, 11.81
1747778984, 0, 558, 944, 941, 16, 6.60%, 0, 2, 3, 12.90
1747778989, 0, 560, 944, 941, 16, 6.60%, 0, 2, 3, 11.60
1747778995, 0, 562, 945, 942, 16, 6.60%, 0, 2, 3, 1.01
1747779011, 0, 562, 946, 943, 16, 6.60%, 0, 2, 3, 6.15
1747779032, 0, 563, 946, 943, 16, 6.60%, 0, 2, 3, 8.50
1747779037, 0, 565, 946, 943, 16, 6.60%, 0, 2, 3, 11.62
1747779042, 0, 568, 946, 943, 16, 6.60%, 0, 2, 3, 11.77
1747779047, 0, 569, 946, 943, 16, 6.60%, 0, 2, 3, 9.25
1747779053, 0, 569, 946, 943, 16, 6.60%, 0, 3, 3, 7.42
1747779058, 0, 570, 946, 943, 16, 6.60%, 0, 3, 3, 9.75
1747779063, 0, 571, 946, 943, 16, 6.60%, 0, 3, 3, 3.61
1747779068, 0, 572, 946, 943, 16, 6.60%, 0, 3, 3, 6.80
1747779073, 0, 573, 946, 943, 16, 6.60%, 0, 3, 3, 9.78
1747779078, 0, 575, 946, 943, 16, 6.60%, 0, 3, 3, 11.58
1747779088, 0, 577, 946, 943, 16, 6.60%, 0, 3, 3, 11.86
1747779094, 0, 578, 946, 943, 16, 6.60%, 0, 3, 3, 12.89
1747779099, 0, 579, 946, 943, 16, 6.60%, 0, 3, 3, 13.34
1747779104, 0, 580, 946, 943, 16, 6.60%, 0, 3, 3, 10.74
1747779109, 0, 582, 946, 943, 16, 6.60%, 0, 3, 3, 10.57
1747779114, 0, 586, 946, 943, 16, 6.60%, 0, 3, 3, 12.83
1747779125, 0, 587, 946, 943, 16, 6.60%, 0, 3, 3, 8.58
1747779130, 0, 588, 946, 943, 16, 6.60%, 0, 3, 3, 10.75
1747779135, 0, 590, 946, 943, 16, 6.60%, 0, 3, 3, 11.99
1747779140, 0, 591, 946, 943, 16, 6.60%, 0, 3, 3, 10.09
1747779150, 0, 592, 946, 943, 16, 6.60%, 0, 3, 3, 8.79
1747779155, 0, 593, 946, 943, 16, 6.60%, 0, 3, 3, 10.01
1747779160, 0, 596, 946, 943, 16, 6.60%, 0, 3, 3, 12.90
1747779171, 0, 598, 946, 943, 16, 6.60%, 0, 3, 3, 10.97
1747779182, 0, 600, 946, 943, 16, 6.60%, 0, 3, 3, 12.16
1747779187, 0, 601, 946, 943, 16, 6.60%, 0, 3, 3, 10.17
1747779192, 0, 602, 946, 943, 16, 6.60%, 0, 3, 3, 10.70
1747779197, 0, 606, 946, 943, 16, 6.60%, 0, 3, 3, 9.23
1747779202, 0, 607, 946, 943, 16, 6.60%, 0, 3, 3, 9.55
1747779207, 0, 608, 946, 943, 16, 6.60%, 0, 3, 3, 12.97
1747779212, 0, 609, 946, 943, 16, 6.60%, 0, 3, 3, 12.69
1747779218, 0, 610, 946, 943, 16, 6.60%, 0, 3, 3, 10.25
1747779223, 0, 611, 946, 943, 16, 6.60%, 0, 3, 3, 10.87
1747779228, 0, 612, 946, 943, 16, 6.60%, 0, 3, 3, 11.81
1747779233, 0, 614, 946, 943, 16, 6.60%, 0, 3, 3, 9.54
1747779238, 0, 615, 946, 943, 16, 6.60%, 0, 3, 3, 12.84
1747779244, 0, 616, 946, 943, 16, 6.60%, 0, 3, 3, 12.52
1747779249, 0, 618, 946, 943, 16, 6.60%, 0, 3, 3, 11.22
1747779254, 0, 621, 946, 943, 16, 6.60%, 0, 3, 3, 11.30
1747779259, 0, 622, 946, 943, 16, 6.60%, 0, 3, 3, 11.40
1747779264, 0, 623, 946, 943, 16, 6.60%, 0, 3, 3, 9.28
1747779269, 0, 624, 946, 943, 16, 6.60%, 0, 3, 3, 10.06
1747779274, 0, 625, 946, 943, 16, 6.60%, 0, 3, 3, 11.19
1747779280, 0, 626, 946, 943, 16, 6.60%, 0, 3, 3, 10.43
1747779290, 0, 628, 946, 943, 16, 6.60%, 0, 3, 3, 7.50
1747779295, 0, 629, 946, 943, 16, 6.60%, 0, 3, 3, 7.97
1747779300, 0, 630, 946, 943, 16, 6.60%, 0, 3, 3, 10.10
1747779305, 0, 634, 946, 943, 16, 6.60%, 0, 3, 3, 10.98
1747779311, 0, 635, 946, 943, 16, 6.60%, 0, 3, 3, 9.12
1747779316, 0, 636, 946, 943, 16, 6.60%, 0, 3, 3, 7.73
1747779321, 0, 637, 946, 943, 16, 6.60%, 0, 3, 3, 9.41
1747779326, 0, 638, 946, 943, 16, 6.60%, 0, 3, 3, 8.58
1747779336, 0, 640, 946, 943, 16, 6.60%, 0, 3, 3, 11.59
1747779341, 0, 641, 946, 943, 16, 6.60%, 0, 3, 3, 11.84
1747779347, 0, 642, 946, 943, 16, 6.60%, 0, 3, 3, 10.29
1747779352, 0, 644, 946, 943, 16, 6.60%, 0, 3, 3, 10.25
1747779357, 0, 645, 946, 943, 16, 6.60%, 0, 3, 3, 11.71
1747779362, 0, 646, 946, 943, 16, 6.60%, 0, 3, 3, 12.31
1747779367, 0, 648, 946, 943, 16, 6.60%, 0, 3, 3, 10.58
1747779372, 0, 649, 946, 943, 16, 6.60%, 0, 3, 3, 9.81
1747779377, 0, 650, 946, 943, 16, 6.60%, 0, 3, 3, 10.15
1747779382, 0, 651, 946, 943, 16, 6.60%, 0, 3, 3, 10.52
1747779388, 0, 652, 946, 943, 16, 6.60%, 0, 3, 3, 10.96
1747779393, 0, 653, 946, 943, 16, 6.60%, 0, 3, 3, 9.81
1747779398, 0, 654, 946, 943, 16, 6.60%, 0, 3, 3, 10.36
1747779403, 0, 655, 946, 943, 16, 6.60%, 0, 3, 3, 12.32
1747779408, 0, 658, 946, 943, 16, 6.60%, 0, 3, 3, 11.21
1747779413, 0, 659, 946, 943, 16, 6.60%, 0, 3, 3, 15.55
1747779418, 0, 660, 946, 943, 16, 6.60%, 0, 3, 3, 12.22
1747779423, 0, 662, 946, 943, 16, 6.60%, 0, 3, 3, 12.03
1747779429, 0, 663, 946, 943, 16, 6.60%, 0, 3, 3, 10.25
1747779434, 0, 664, 946, 943, 16, 6.60%, 0, 3, 3, 9.56
1747779439, 0, 665, 946, 943, 16, 6.60%, 0, 3, 3, 10.40
1747779444, 0, 666, 946, 943, 16, 6.60%, 0, 3, 3, 12.29
1747779450, 0, 668, 946, 943, 16, 6.60%, 0, 3, 3, 12.39
1747779455, 0, 670, 946, 943, 16, 6.60%, 0, 3, 3, 10.33
1747779460, 0, 671, 946, 943, 16, 6.60%, 0, 3, 3, 8.27
1747779465, 0, 674, 946, 943, 16, 6.60%, 0, 3, 3, 11.00
1747779470, 0, 675, 946, 943, 16, 6.60%, 0, 3, 3, 10.17
1747779476, 0, 676, 946, 943, 16, 6.60%, 0, 3, 3, 11.26
1747779481, 0, 677, 946, 943, 16, 6.60%, 0, 3, 3, 11.52
1747779486, 0, 678, 946, 943, 16, 6.60%, 0, 3, 3, 8.60
1747779491, 0, 679, 946, 943, 16, 6.60%, 0, 3, 3, 8.55
1747779496, 0, 680, 946, 943, 16, 6.60%, 0, 3, 3, 8.52
1747779501, 0, 681, 946, 943, 16, 6.60%, 0, 3, 3, 9.53
1747779506, 0, 682, 946, 943, 16, 6.60%, 0, 3, 3, 11.17
1747779511, 0, 685, 946, 943, 16, 6.60%, 0, 3, 3, 9.65
1747779517, 0, 687, 946, 943, 16, 6.60%, 0, 3, 3, 11.58
1747779522, 0, 689, 946, 943, 16, 6.60%, 0, 3, 3, 13.15
1747779532, 0, 692, 946, 943, 16, 6.60%, 0, 3, 3, 10.19
1747779542, 0, 693, 946, 943, 16, 6.60%, 0, 3, 3, 15.33
1747779547, 0, 694, 946, 943, 16, 6.60%, 0, 3, 3, 15.68
1747779553, 0, 696, 946, 943, 16, 6.60%, 0, 3, 3, 10.24
1747779558, 0, 697, 946, 943, 16, 6.60%, 0, 3, 3, 10.20
1747779563, 0, 698, 946, 943, 16, 6.60%, 0, 3, 3, 12.09
1747779568, 0, 700, 946, 943, 16, 6.60%, 0, 3, 3, 11.90
1747779573, 0, 701, 946, 943, 16, 6.60%, 0, 3, 3, 10.68
1747779583, 0, 704, 946, 943, 16, 6.60%, 0, 3, 3, 10.61
1747779594, 0, 707, 946, 943, 16, 6.60%, 0, 3, 3, 11.57
1747779599, 0, 708, 946, 943, 16, 6.60%, 0, 3, 3, 12.78
1747779604, 0, 709, 946, 943, 16, 6.60%, 0, 3, 3, 10.45
1747779609, 0, 709, 947, 944, 16, 6.60%, 0, 3, 3, 7.54
1747779619, 0, 711, 947, 944, 16, 6.60%, 0, 3, 3, 9.03
1747779625, 0, 712, 947, 944, 16, 6.60%, 0, 3, 3, 7.18
1747779635, 0, 714, 947, 944, 16, 6.60%, 0, 3, 3, 10.71
1747779640, 0, 716, 947, 944, 16, 6.60%, 0, 3, 3, 9.98
1747779645, 0, 717, 947, 944, 16, 6.60%, 0, 3, 3, 10.68
1747779655, 0, 718, 947, 944, 16, 6.60%, 0, 3, 3, 9.63
1747779660, 0, 719, 947, 944, 16, 6.60%, 0, 3, 3, 12.13
1747779665, 0, 721, 947, 944, 16, 6.60%, 0, 3, 3, 11.70
1747779675, 0, 722, 947, 944, 16, 6.60%, 0, 3, 3, 8.54
1747779680, 0, 724, 947, 944, 16, 6.60%, 0, 3, 3, 9.10
1747779686, 0, 725, 947, 944, 16, 6.60%, 0, 3, 3, 11.63
1747779691, 0, 726, 947, 944, 16, 6.60%, 0, 3, 3, 12.24
1747779696, 0, 727, 947, 944, 16, 6.60%, 0, 3, 3, 9.99
1747779701, 0, 728, 947, 944, 16, 6.60%, 0, 3, 3, 11.24
1747779706, 0, 729, 947, 944, 16, 6.60%, 0, 3, 3, 12.31
1747779711, 0, 730, 947, 944, 16, 6.60%, 0, 3, 3, 11.04
1747779716, 0, 731, 947, 944, 16, 6.60%, 0, 3, 3, 10.08
1747779722, 0, 732, 947, 944, 16, 6.60%, 0, 3, 3, 9.22
1747779727, 0, 734, 947, 944, 16, 6.60%, 0, 3, 3, 10.14
1747779732, 0, 735, 947, 944, 16, 6.60%, 0, 3, 3, 10.01
1747779737, 0, 736, 947, 944, 16, 6.60%, 0, 4, 3, 9.28
1747779742, 0, 738, 947, 944, 16, 6.60%, 0, 4, 3, 8.71
1747779747, 0, 739, 947, 944, 16, 6.60%, 0, 4, 3, 10.93
1747779753, 0, 742, 947, 944, 16, 6.60%, 0, 4, 3, 10.38
1747779758, 0, 743, 947, 944, 16, 6.60%, 0, 4, 3, 9.02
1747779763, 0, 744, 947, 944, 16, 6.60%, 0, 4, 3, 8.07
1747779768, 0, 744, 948, 945, 16, 6.60%, 0, 4, 3, 1.29
1747779784, 0, 745, 948, 945, 16, 6.60%, 0, 4, 3, 10.27
1747779790, 0, 747, 948, 945, 16, 6.60%, 0, 4, 3, 11.63
1747779795, 0, 749, 948, 945, 16, 6.60%, 0, 4, 3, 12.15
1747779805, 0, 750, 948, 945, 16, 6.60%, 0, 4, 3, 9.42
1747779810, 0, 751, 948, 945, 16, 6.60%, 0, 4, 3, 11.54
1747779815, 0, 753, 948, 945, 16, 6.60%, 0, 4, 3, 10.23
1747779821, 0, 754, 948, 945, 16, 6.60%, 0, 4, 3, 8.40
1747779826, 0, 755, 948, 945, 16, 6.60%, 0, 4, 3, 11.60
1747779831, 0, 756, 948, 945, 16, 6.60%, 0, 4, 3, 10.24
1747779836, 0, 759, 948, 945, 16, 6.60%, 0, 4, 3, 12.75
1747779841, 0, 759, 949, 946, 16, 6.60%, 0, 4, 3, 8.93
1747779847, 0, 759, 950, 947, 16, 6.60%, 0, 4, 3, 7.56
1747779867, 0, 760, 950, 947, 16, 6.60%, 0, 4, 3, 10.44
1747779873, 0, 762, 950, 947, 16, 6.60%, 0, 4, 3, 11.08
1747779878, 0, 763, 950, 947, 16, 6.60%, 0, 4, 3, 9.74
1747779883, 0, 765, 950, 947, 16, 6.60%, 0, 4, 3, 10.24
1747779888, 0, 766, 950, 947, 16, 6.60%, 0, 4, 3, 10.24
1747779893, 0, 767, 950, 947, 16, 6.60%, 0, 4, 3, 9.81
1747779899, 0, 767, 951, 948, 16, 6.60%, 0, 4, 3, 7.52
1747779909, 0, 772, 951, 948, 16, 6.60%, 0, 4, 3, 8.67
1747779914, 0, 773, 951, 948, 16, 6.60%, 0, 4, 3, 8.82
1747779920, 0, 775, 952, 949, 16, 6.60%, 0, 4, 3, 9.89
1747779936, 0, 776, 952, 949, 16, 6.60%, 0, 4, 3, 11.74
1747779941, 0, 777, 952, 949, 16, 6.60%, 0, 4, 3, 14.26
1747779946, 0, 778, 952, 949, 16, 6.60%, 0, 4, 3, 10.36
1747779951, 0, 779, 952, 949, 16, 6.60%, 0, 4, 3, 12.49
1747779956, 0, 780, 952, 949, 16, 6.60%, 0, 4, 3, 11.49
1747779962, 0, 782, 952, 949, 16, 6.60%, 0, 4, 3, 12.71
1747779967, 0, 784, 952, 949, 16, 6.60%, 0, 4, 3, 12.42
1747779977, 0, 785, 952, 949, 16, 6.60%, 0, 4, 3, 9.92
1747779982, 0, 788, 952, 949, 16, 6.60%, 0, 4, 3, 14.33
1747779987, 0, 789, 952, 949, 16, 6.60%, 0, 4, 3, 12.48
1747779993, 0, 790, 952, 949, 16, 6.60%, 0, 4, 3, 11.51
1747779998, 0, 792, 953, 950, 16, 6.60%, 0, 4, 3, 1.23
1747780013, 0, 794, 953, 950, 16, 6.60%, 0, 4, 3, 12.03
1747780019, 0, 795, 953, 950, 16, 6.60%, 0, 4, 3, 11.67
1747780024, 0, 798, 953, 950, 16, 6.60%, 0, 4, 3, 12.00
1747780029, 0, 799, 953, 950, 16, 6.60%, 0, 4, 3, 10.51
1747780039, 0, 800, 953, 950, 16, 6.60%, 0, 4, 3, 8.16
1747780044, 0, 802, 953, 950, 16, 6.60%, 0, 4, 3, 11.14
1747780049, 0, 804, 953, 950, 16, 6.60%, 0, 4, 3, 12.37
1747780060, 0, 808, 953, 950, 16, 6.60%, 0, 4, 3, 15.10
1747780070, 0, 810, 953, 950, 16, 6.60%, 0, 4, 3, 12.25
1747780075, 0, 811, 953, 950, 16, 6.60%, 0, 4, 3, 1.86
1747780080, 0, 813, 953, 950, 16, 6.60%, 0, 4, 3, 11.78
1747780086, 0, 814, 953, 950, 16, 6.60%, 0, 4, 3, 12.44
1747780091, 0, 815, 953, 950, 16, 6.60%, 0, 4, 3, 11.13
1747780096, 0, 816, 953, 950, 16, 6.60%, 0, 4, 3, 12.79
1747780101, 0, 817, 953, 950, 16, 6.60%, 0, 4, 3, 9.19
1747780106, 0, 818, 953, 950, 16, 6.60%, 0, 4, 3, 10.51
1747780111, 0, 819, 953, 950, 16, 6.60%, 0, 4, 3, 12.97
1747780116, 0, 819, 954, 951, 16, 6.60%, 0, 4, 3, 2.31
1747780121, 0, 820, 954, 951, 16, 6.60%, 0, 4, 3, 4.05
1747780131, 0, 821, 954, 951, 16, 6.60%, 0, 4, 3, 8.26
1747780137, 0, 821, 955, 952, 16, 6.60%, 0, 4, 3, 6.31
1747780271, 0, 821, 956, 953, 16, 6.60%, 0, 4, 3, 4.31
1747780328, 0, 821, 957, 954, 16, 6.60%, 0, 4, 3, 3.70
1747781132, 0, 821, 958, 955, 16, 6.60%, 0, 4, 3, 3.80
1747781373, 0, 821, 959, 956, 16, 6.60%, 0, 4, 3, 3.28
1747781491, 0, 822, 959, 955, 15, 6.60%, 0, 4, 3, 3.98
1747781496, 0, 824, 959, 955, 15, 6.60%, 0, 4, 3, 22.96
1747781501, 0, 826, 959, 955, 15, 6.60%, 0, 4, 3, 17.06
1747781507, 0, 827, 959, 955, 15, 6.60%, 0, 4, 3, 16.86
1747781512, 0, 829, 959, 955, 15, 6.60%, 0, 4, 3, 18.03
1747781517, 0, 832, 959, 955, 15, 6.60%, 0, 4, 3, 19.47
1747781522, 0, 834, 959, 955, 15, 6.60%, 0, 4, 3, 13.52
1747782876, 0, 834, 960, 956, 15, 6.60%, 0, 4, 3, 2.04
1747782892, 0, 834, 961, 957, 15, 6.66%, 0, 4, 3, 1.63
1747782918, 0, 834, 962, 958, 15, 6.66%, 0, 4, 3, 10.85
1747782928, 0, 834, 963, 959, 15, 6.66%, 0, 4, 3, 13.81
1747782949, 0, 834, 964, 960, 15, 6.66%, 0, 4, 3, 7.21
1747782959, 0, 834, 965, 961, 15, 6.66%, 0, 4, 3, 1.97
1747782975, 0, 834, 966, 962, 15, 6.66%, 0, 4, 3, 8.17
1747783001, 0, 834, 967, 963, 15, 6.66%, 0, 4, 3, 1.79
1747783011, 0, 834, 968, 964, 15, 6.66%, 0, 4, 3, 2.75
1747783084, 0, 834, 969, 965, 15, 6.66%, 0, 4, 3, 14.12
1747783311, 0, 838, 969, 964, 14, 6.66%, 0, 4, 3, 17.15
1747783317, 0, 840, 969, 964, 14, 6.66%, 0, 4, 3, 20.38
1747783322, 0, 843, 969, 964, 14, 6.66%, 0, 4, 3, 20.39
1747783327, 0, 844, 969, 964, 14, 6.66%, 0, 4, 3, 16.10
1747783332, 0, 847, 969, 964, 14, 6.66%, 0, 4, 3, 18.40
1747783337, 0, 850, 969, 964, 14, 6.66%, 0, 4, 3, 15.60
1747783342, 0, 851, 969, 964, 14, 6.66%, 0, 4, 3, 18.77
1747783347, 0, 853, 969, 964, 14, 6.66%, 0, 4, 3, 17.00
1747783352, 0, 856, 969, 964, 14, 6.66%, 0, 4, 3, 15.75
1747783373, 0, 856, 970, 965, 14, 6.66%, 0, 4, 3, 41.20
1747783388, 0, 856, 971, 966, 14, 6.66%, 0, 4, 3, 8.39
1747783409, 0, 856, 973, 968, 14, 6.66%, 0, 4, 3, 8.05
1747783414, 0, 856, 975, 970, 14, 6.66%, 0, 4, 3, 9.10
1747783619, 0, 856, 976, 971, 14, 6.66%, 0, 4, 3, 5.23
1747783624, 0, 856, 977, 972, 14, 6.66%, 0, 4, 3, 4.64
1747783758, 0, 857, 977, 971, 13, 6.66%, 0, 4, 3, 3.28
1747783763, 0, 859, 977, 971, 13, 6.66%, 0, 4, 3, 16.95
1747783769, 0, 861, 977, 971, 13, 6.66%, 0, 4, 3, 17.38
1747783990, 0, 861, 978, 972, 13, 6.66%, 0, 4, 3, 8.24
1747784000, 0, 861, 979, 973, 13, 6.66%, 0, 4, 3, 7.95
1747784305, 0, 861, 980, 974, 13, 6.66%, 0, 4, 3, 6.28
1747784341, 0, 861, 981, 975, 13, 6.66%, 0, 4, 3, 5.31
1747784568, 0, 863, 981, 974, 13, 6.66%, 0, 4, 3, 17.22
1747784573, 0, 865, 981, 974, 13, 6.66%, 0, 4, 3, 15.94
1747784578, 0, 866, 981, 974, 13, 6.66%, 0, 4, 3, 12.97
1747784583, 0, 869, 981, 974, 13, 6.66%, 0, 4, 3, 16.01
1747784589, 0, 874, 981, 974, 13, 6.66%, 0, 4, 3, 20.69
1747784594, 0, 876, 981, 974, 13, 6.66%, 0, 4, 3, 14.85
1747784599, 0, 879, 981, 974, 13, 6.66%, 0, 4, 3, 16.22
1747784604, 0, 880, 981, 974, 13, 6.66%, 0, 4, 3, 15.34
1747784609, 0, 882, 981, 974, 13, 6.66%, 0, 4, 3, 18.30
1747784614, 0, 884, 981, 974, 13, 6.66%, 0, 4, 3, 18.26
1747784619, 0, 886, 981, 974, 13, 6.66%, 0, 4, 3, 16.98
1747784624, 0, 888, 981, 974, 13, 6.66%, 0, 4, 3, 16.62
1747784629, 0, 891, 982, 975, 13, 6.66%, 0, 4, 3, 22.74
1747784634, 0, 891, 988, 981, 13, 6.66%, 0, 4, 3, 27.16
1747784650, 0, 891, 990, 983, 13, 6.66%, 0, 4, 3, 27.90
1747784670, 0, 891, 991, 984, 13, 6.66%, 0, 4, 3, 21.11
1747784675, 0, 891, 994, 987, 13, 6.66%, 0, 4, 3, 24.76
1747784762, 0, 891, 997, 990, 13, 6.66%, 0, 4, 3, 24.54
1747784767, 0, 891, 998, 991, 13, 6.66%, 0, 4, 3, 21.16
1747784773, 0, 891, 999, 992, 13, 6.66%, 0, 4, 3, 22.89
1747784793, 0, 891, 1000, 993, 13, 6.66%, 0, 4, 3, 27.51
1747784829, 0, 892, 1000, 992, 13, 6.66%, 0, 4, 3, 14.17
1747784834, 0, 893, 1000, 992, 13, 6.66%, 0, 4, 3, 13.70
1747784839, 0, 894, 1000, 992, 13, 6.66%, 0, 4, 3, 11.84
1747784844, 0, 895, 1000, 992, 13, 6.66%, 0, 4, 3, 11.64
1747784849, 0, 896, 1000, 992, 13, 6.66%, 0, 4, 3, 9.80
1747784854, 0, 897, 1000, 992, 13, 6.66%, 0, 4, 3, 10.27
1747784860, 0, 898, 1000, 992, 13, 6.66%, 0, 4, 3, 10.71
1747784865, 0, 900, 1000, 992, 13, 6.66%, 0, 4, 3, 10.74
1747784870, 0, 901, 1000, 992, 13, 6.66%, 0, 4, 3, 9.98
1747784875, 0, 903, 1000, 992, 13, 6.66%, 0, 4, 3, 14.83
1747784880, 0, 905, 1000, 992, 13, 6.66%, 0, 4, 3, 3.02
1747784885, 0, 906, 1000, 992, 13, 6.66%, 0, 4, 3, 13.37
1747784895, 0, 907, 1000, 992, 13, 6.66%, 0, 4, 3, 8.54
1747784901, 0, 908, 1000, 992, 13, 6.66%, 0, 4, 3, 11.04
1747784906, 0, 909, 1000, 992, 13, 6.66%, 0, 4, 3, 11.73
1747784911, 0, 910, 1000, 992, 13, 6.66%, 0, 4, 3, 11.22
1747784916, 0, 913, 1000, 992, 13, 6.66%, 0, 4, 3, 11.16
1747784921, 0, 914, 1000, 992, 13, 6.66%, 0, 4, 3, 10.93
1747784926, 0, 915, 1000, 992, 13, 6.66%, 0, 4, 3, 10.94
1747784931, 0, 916, 1000, 992, 13, 6.66%, 0, 4, 3, 11.15
1747784936, 0, 918, 1000, 992, 13, 6.66%, 0, 4, 3, 12.03
1747784941, 0, 920, 1000, 992, 13, 6.66%, 0, 4, 3, 12.26
1747784946, 0, 921, 1000, 992, 13, 6.66%, 0, 4, 3, 12.83
1747784952, 0, 923, 1000, 992, 13, 6.66%, 0, 4, 3, 19.50
1747784957, 0, 926, 1000, 992, 13, 6.66%, 0, 4, 3, 14.79
1747784967, 0, 927, 1000, 992, 13, 6.66%, 0, 4, 3, 13.51
1747784972, 0, 930, 1000, 992, 13, 6.66%, 0, 4, 3, 12.34
1747784977, 0, 932, 1000, 992, 13, 6.66%, 0, 4, 3, 11.72
1747784982, 0, 933, 1000, 992, 13, 6.66%, 0, 4, 3, 13.87
1747785158, 0, 933, 1001, 993, 13, 6.66%, 0, 4, 4, 8.86
1747785235, 0, 933, 1002, 994, 13, 6.66%, 0, 4, 4, 13.01
1747785255, 0, 934, 1002, 993, 13, 6.66%, 0, 4, 4, 14.22
1747785260, 0, 937, 1002, 993, 13, 6.66%, 0, 4, 4, 12.23
1747785271, 0, 938, 1002, 993, 13, 6.66%, 0, 4, 4, 13.60
1747785276, 0, 939, 1002, 993, 13, 6.66%, 0, 4, 4, 12.21
1747785281, 0, 940, 1002, 993, 13, 6.66%, 0, 4, 4, 8.68
1747785286, 0, 941, 1002, 993, 13, 6.66%, 0, 4, 4, 8.59
1747785292, 0, 942, 1002, 993, 13, 6.66%, 0, 4, 4, 8.06
1747785297, 0, 944, 1002, 993, 13, 6.66%, 0, 4, 4, 8.13
1747785302, 0, 947, 1002, 993, 13, 6.66%, 0, 4, 4, 12.43
1747785307, 0, 948, 1002, 993, 13, 6.66%, 0, 4, 4, 13.95
1747785312, 0, 951, 1002, 993, 13, 6.66%, 0, 4, 4, 16.88
1747785317, 0, 952, 1002, 993, 13, 6.66%, 0, 4, 4, 16.41
1747785322, 0, 954, 1002, 993, 13, 6.66%, 0, 4, 4, 2.62
1747785328, 0, 955, 1002, 993, 13, 6.66%, 0, 4, 4, 5.99
1747785333, 0, 956, 1002, 993, 13, 6.66%, 0, 4, 4, 8.96
1747785338, 0, 958, 1002, 993, 13, 6.66%, 0, 4, 4, 8.74
1747785343, 0, 959, 1002, 993, 13, 6.66%, 0, 4, 4, 10.61
1747785348, 0, 960, 1002, 993, 13, 6.66%, 0, 4, 4, 10.15
1747785358, 0, 961, 1002, 993, 13, 6.66%, 0, 4, 4, 8.88
1747785363, 0, 962, 1002, 993, 13, 6.66%, 0, 4, 4, 10.33
1747785369, 0, 964, 1002, 993, 13, 6.66%, 0, 4, 4, 10.26
1747785374, 0, 966, 1002, 993, 13, 6.66%, 0, 4, 4, 11.71
1747785379, 0, 967, 1002, 993, 13, 6.66%, 0, 4, 4, 12.59
1747785384, 0, 968, 1002, 993, 13, 6.66%, 0, 4, 4, 10.25
1747785389, 0, 970, 1002, 993, 13, 6.66%, 0, 4, 4, 8.72
1747785395, 0, 972, 1002, 993, 13, 6.66%, 0, 4, 4, 7.82
1747785405, 0, 974, 1002, 993, 13, 6.66%, 0, 4, 4, 8.90
1747785410, 0, 976, 1002, 993, 13, 6.66%, 0, 4, 4, 10.69
1747785421, 0, 977, 1002, 993, 13, 6.66%, 0, 4, 4, 8.85
1747785426, 0, 978, 1002, 993, 13, 6.66%, 0, 4, 4, 10.50
1747785431, 0, 979, 1002, 993, 13, 6.66%, 0, 4, 4, 10.95
1747785436, 0, 980, 1002, 993, 13, 6.66%, 0, 4, 4, 16.09
1747785441, 0, 981, 1002, 993, 13, 6.66%, 0, 4, 4, 13.35
1747785447, 0, 982, 1002, 993, 13, 6.66%, 0, 4, 4, 11.85
1747785452, 0, 983, 1002, 993, 13, 6.66%, 0, 4, 4, 9.69
1747785457, 0, 985, 1002, 993, 13, 6.66%, 0, 4, 4, 11.04
1747785462, 0, 986, 1002, 993, 13, 6.66%, 0, 4, 4, 11.04
1747785467, 0, 988, 1002, 993, 13, 6.66%, 0, 4, 4, 9.36
1747785472, 0, 990, 1002, 993, 13, 6.66%, 0, 4, 4, 8.57
1747785478, 0, 991, 1002, 993, 13, 6.66%, 0, 4, 4, 10.45
1747785483, 0, 992, 1002, 993, 13, 6.66%, 0, 4, 4, 10.45
1747785488, 0, 993, 1002, 993, 13, 6.66%, 0, 4, 4, 10.21
1747785493, 0, 994, 1002, 993, 13, 6.66%, 0, 4, 4, 10.34
1747785498, 0, 995, 1002, 993, 13, 6.66%, 0, 4, 4, 8.52
1747785503, 0, 997, 1002, 993, 13, 6.66%, 0, 4, 4, 9.45
1747785509, 0, 998, 1002, 993, 13, 6.66%, 0, 4, 4, 11.15
1747785514, 0, 999, 1002, 993, 13, 6.66%, 0, 4, 4, 11.16
1747785519, 0, 1000, 1002, 993, 13, 6.66%, 0, 4, 4, 11.15
1747785524, 0, 1001, 1002, 993, 13, 6.66%, 0, 4, 4, 9.90
1747785529, 1, 0, 1002, 993, 13, 6.66%, 0, 4, 4, 9.84
1747785534, 1, 1, 1002, 993, 13, 6.66%, 0, 4, 4, 16.68
1747785540, 1, 2, 1002, 993, 13, 6.66%, 0, 4, 4, 12.79
1747785545, 1, 3, 1002, 993, 13, 6.66%, 0, 4, 4, 13.52
1747785550, 1, 4, 1002, 993, 13, 6.66%, 0, 4, 4, 11.94
1747785555, 1, 5, 1002, 993, 13, 6.66%, 0, 5, 4, 8.38
1747785560, 1, 6, 1002, 993, 13, 6.66%, 0, 5, 4, 10.85
1747785565, 1, 7, 1002, 993, 13, 6.66%, 0, 5, 4, 9.92
1747785570, 1, 9, 1002, 993, 13, 6.66%, 0, 5, 4, 8.41
1747785581, 1, 11, 1002, 993, 13, 6.66%, 0, 5, 4, 10.07
1747785586, 1, 12, 1002, 993, 13, 6.66%, 0, 5, 4, 8.97
1747785591, 1, 13, 1003, 994, 13, 6.66%, 0, 5, 4, 1.39
1747785606, 1, 14, 1003, 994, 13, 6.66%, 0, 5, 4, 9.05
1747785616, 1, 16, 1003, 994, 13, 6.66%, 0, 5, 4, 9.83
1747785621, 1, 20, 1003, 994, 13, 6.66%, 0, 5, 4, 10.39
1747785632, 1, 21, 1004, 995, 13, 6.66%, 0, 5, 4, 1.31
1747785648, 1, 23, 1004, 995, 13, 6.66%, 0, 6, 4, 7.00
1747785653, 1, 24, 1004, 995, 13, 6.66%, 0, 6, 4, 10.61
1747785658, 1, 24, 1005, 996, 13, 6.66%, 0, 6, 4, 8.56
1747785663, 1, 25, 1005, 996, 13, 6.66%, 0, 6, 4, 10.71
1747785674, 1, 26, 1005, 996, 13, 6.66%, 0, 7, 4, 13.93
1747785679, 1, 27, 1005, 996, 13, 6.66%, 0, 7, 4, 11.28
1747785684, 1, 28, 1005, 996, 13, 6.66%, 0, 7, 4, 9.29
1747785689, 1, 29, 1005, 996, 13, 6.66%, 0, 8, 4, 9.49
1747785694, 1, 30, 1005, 996, 13, 6.66%, 0, 8, 4, 9.93
1747785700, 1, 31, 1005, 996, 13, 6.66%, 0, 8, 4, 14.18
1747785705, 1, 32, 1005, 996, 13, 6.66%, 0, 8, 4, 15.68
1747785710, 1, 33, 1005, 996, 13, 6.66%, 0, 8, 4, 4.11
1747785715, 1, 34, 1005, 996, 13, 6.66%, 0, 8, 4, 8.88
1747785720, 1, 35, 1005, 996, 13, 6.66%, 0, 8, 4, 9.24
1747785730, 1, 38, 1005, 996, 13, 6.66%, 0, 8, 4, 11.73
1747785735, 1, 40, 1005, 996, 13, 6.66%, 0, 8, 4, 12.59
1747785740, 1, 43, 1005, 996, 13, 6.66%, 0, 8, 4, 11.12
1747785746, 1, 44, 1005, 996, 13, 6.66%, 0, 8, 4, 10.21
1747785751, 1, 45, 1005, 996, 13, 6.66%, 0, 8, 4, 10.83
1747785756, 1, 46, 1005, 996, 13, 6.66%, 0, 8, 4, 8.73
1747785761, 1, 48, 1005, 996, 13, 6.66%, 0, 8, 4, 8.46
1747785766, 1, 49, 1005, 996, 13, 6.66%, 0, 8, 4, 1.29
1747785776, 1, 50, 1005, 996, 13, 6.66%, 0, 8, 4, 10.69
1747785782, 1, 51, 1005, 996, 13, 6.66%, 0, 8, 4, 9.09
1747785787, 1, 51, 1006, 997, 13, 6.66%, 0, 8, 4, 7.13
1747785797, 1, 52, 1006, 997, 13, 6.66%, 0, 8, 4, 7.35
1747785802, 1, 54, 1006, 997, 13, 6.66%, 0, 8, 4, 8.68
1747785808, 1, 55, 1006, 997, 13, 6.66%, 0, 9, 4, 8.40
1747785813, 1, 56, 1006, 997, 13, 6.66%, 0, 9, 4, 10.75
1747785818, 1, 57, 1006, 997, 13, 6.66%, 0, 9, 4, 9.84
1747785823, 1, 58, 1006, 997, 13, 6.66%, 0, 10, 4, 3.08
1747785828, 1, 58, 1007, 998, 13, 6.66%, 0, 10, 4, 5.95
1747785839, 1, 59, 1007, 998, 13, 6.66%, 0, 10, 4, 10.43
1747785844, 1, 60, 1007, 998, 13, 6.66%, 0, 10, 4, 9.73
1747785849, 1, 61, 1007, 998, 13, 6.66%, 0, 10, 4, 11.93
1747785854, 1, 62, 1007, 998, 13, 6.66%, 0, 10, 4, 10.49
1747785860, 1, 65, 1007, 998, 13, 6.66%, 0, 10, 4, 11.22
1747785865, 1, 67, 1007, 998, 13, 6.66%, 0, 10, 4, 11.11
1747785870, 1, 67, 1008, 999, 13, 6.66%, 0, 10, 4, 1.61
1747785880, 1, 67, 1009, 1000, 13, 6.66%, 0, 10, 4, 7.51
1747785901, 1, 68, 1009, 1000, 13, 6.66%, 0, 10, 4, 11.09
1747785906, 1, 69, 1009, 1000, 13, 6.66%, 0, 10, 4, 9.66
1747785911, 1, 70, 1009, 1000, 13, 6.66%, 0, 10, 4, 9.20
1747785916, 1, 72, 1009, 1000, 13, 6.66%, 0, 10, 4, 9.80
1747785921, 1, 73, 1009, 1000, 13, 6.66%, 0, 10, 4, 12.04
1747785927, 1, 76, 1009, 1000, 13, 6.66%, 0, 10, 4, 12.88
1747785932, 1, 77, 1009, 1000, 13, 6.66%, 0, 10, 4, 11.99
1747785937, 1, 78, 1009, 1000, 13, 6.66%, 0, 10, 4, 14.58
1747785942, 1, 79, 1009, 1000, 13, 6.66%, 0, 10, 4, 12.27
1747785947, 1, 80, 1009, 1000, 13, 6.66%, 0, 10, 4, 14.47
1747785952, 1, 83, 1009, 1000, 13, 6.66%, 0, 10, 4, 11.61
1747785957, 1, 84, 1009, 1000, 13, 6.66%, 0, 10, 4, 9.70
1747785962, 1, 85, 1009, 1000, 13, 6.66%, 0, 10, 4, 7.68
1747785968, 1, 87, 1009, 1000, 13, 6.66%, 0, 10, 4, 7.37
1747785978, 1, 89, 1009, 1000, 13, 6.66%, 0, 10, 4, 12.92
1747785983, 1, 91, 1009, 1000, 13, 6.66%, 0, 10, 4, 11.20
1747785988, 1, 92, 1009, 1000, 13, 6.66%, 0, 10, 4, 11.30
1747785993, 1, 93, 1009, 1000, 13, 6.66%, 0, 10, 4, 9.97
1747785998, 1, 94, 1009, 1000, 13, 6.66%, 0, 10, 4, 9.21
1747786003, 1, 95, 1009, 1000, 13, 6.66%, 0, 10, 4, 8.94
1747786008, 1, 95, 1009, 1000, 13, 6.66%, 0, 11, 4, 8.54
1747786013, 1, 96, 1009, 1000, 13, 6.66%, 0, 11, 4, 8.62
1747786019, 1, 96, 1010, 1001, 13, 6.66%, 0, 11, 4, 1.26
1747786029, 1, 98, 1010, 1001, 13, 6.66%, 0, 11, 4, 8.81
1747786040, 1, 100, 1010, 1001, 13, 6.66%, 0, 11, 4, 8.48
1747786045, 1, 101, 1010, 1001, 13, 6.66%, 0, 11, 4, 7.74
1747786050, 1, 102, 1010, 1001, 13, 6.66%, 0, 11, 4, 9.45
1747786055, 1, 103, 1010, 1001, 13, 6.66%, 0, 11, 4, 12.01
1747786060, 1, 104, 1010, 1001, 13, 6.66%, 0, 11, 4, 9.52
1747786065, 1, 106, 1010, 1001, 13, 6.66%, 0, 11, 4, 10.56
1747786070, 1, 107, 1010, 1001, 13, 6.66%, 0, 11, 4, 11.16
1747786075, 1, 109, 1010, 1001, 13, 6.66%, 0, 11, 4, 11.55
1747786081, 1, 110, 1010, 1001, 13, 6.66%, 0, 11, 4, 10.38
1747786086, 1, 113, 1010, 1001, 13, 6.66%, 0, 11, 4, 8.33
1747786091, 1, 114, 1010, 1001, 13, 6.66%, 0, 11, 4, 8.89
1747786101, 1, 116, 1010, 1001, 13, 6.66%, 0, 11, 4, 12.08
1747786106, 1, 117, 1010, 1001, 13, 6.66%, 0, 11, 4, 10.79
1747786111, 1, 118, 1010, 1001, 13, 6.66%, 0, 11, 4, 9.50
1747786117, 1, 119, 1010, 1001, 13, 6.66%, 0, 11, 4, 9.41
1747786122, 1, 120, 1010, 1001, 13, 6.66%, 0, 11, 4, 8.17
1747786127, 1, 120, 1011, 1002, 13, 6.66%, 0, 11, 4, 7.99
1747786138, 1, 121, 1011, 1002, 13, 6.66%, 0, 11, 4, 9.15
1747786143, 1, 122, 1011, 1002, 13, 6.66%, 0, 11, 4, 10.98
1747786148, 1, 123, 1011, 1002, 13, 6.66%, 0, 11, 4, 9.67
1747786153, 1, 124, 1011, 1002, 13, 6.66%, 0, 11, 4, 7.73
1747786158, 1, 125, 1011, 1002, 13, 6.66%, 0, 11, 4, 9.25
1747786164, 1, 126, 1011, 1002, 13, 6.66%, 0, 11, 4, 10.76
1747786169, 1, 126, 1012, 1003, 13, 6.66%, 0, 11, 4, 1.80
1747786184, 1, 127, 1012, 1003, 13, 6.66%, 0, 11, 4, 11.38
1747786190, 1, 128, 1012, 1003, 13, 6.66%, 0, 11, 4, 10.46
1747786195, 1, 129, 1012, 1003, 13, 6.66%, 0, 11, 4, 8.60
1747786200, 1, 130, 1012, 1003, 13, 6.66%, 0, 11, 4, 9.17
1747786205, 1, 131, 1012, 1003, 13, 6.66%, 0, 11, 4, 10.00
1747786210, 1, 132, 1012, 1003, 13, 6.66%, 0, 11, 4, 11.54
1747786216, 1, 133, 1012, 1003, 13, 6.66%, 0, 11, 4, 8.90
1747786221, 1, 134, 1012, 1003, 13, 6.66%, 0, 11, 4, 8.11
1747786226, 1, 135, 1012, 1003, 13, 6.66%, 0, 11, 4, 10.40
1747786231, 1, 137, 1012, 1003, 13, 6.66%, 0, 11, 4, 9.89
1747786236, 1, 138, 1012, 1003, 13, 6.66%, 0, 11, 4, 8.79
1747786242, 1, 139, 1012, 1003, 13, 6.66%, 0, 11, 4, 8.15
1747786247, 1, 139, 1013, 1004, 13, 6.66%, 0, 11, 4, 1.26
1747786263, 1, 140, 1013, 1004, 13, 6.66%, 0, 11, 4, 8.66
1747786268, 1, 142, 1013, 1004, 13, 6.66%, 0, 11, 4, 8.07
1747786278, 1, 143, 1013, 1004, 13, 6.66%, 0, 11, 4, 10.08
1747786283, 1, 145, 1013, 1004, 13, 6.66%, 0, 11, 4, 11.80
1747786293, 1, 148, 1013, 1004, 13, 6.66%, 0, 11, 4, 12.35
1747786298, 1, 149, 1013, 1004, 13, 6.66%, 0, 11, 4, 13.90
1747786304, 1, 150, 1013, 1004, 13, 6.66%, 0, 11, 4, 12.01
1747786309, 1, 152, 1013, 1004, 13, 6.66%, 0, 11, 4, 14.57
1747786314, 1, 153, 1013, 1004, 13, 6.66%, 0, 11, 4, 13.94
1747786319, 1, 154, 1013, 1004, 13, 6.66%, 0, 11, 4, 12.02
1747786324, 1, 155, 1013, 1004, 13, 6.66%, 0, 11, 4, 11.58
1747786329, 1, 156, 1013, 1004, 13, 6.66%, 0, 11, 4, 10.83
1747786335, 1, 157, 1013, 1004, 13, 6.66%, 0, 11, 4, 9.29
1747786340, 1, 158, 1013, 1004, 13, 6.66%, 0, 11, 4, 9.27
1747786345, 1, 159, 1013, 1004, 13, 6.66%, 0, 11, 4, 11.27
1747786350, 1, 161, 1013, 1004, 13, 6.66%, 0, 11, 4, 10.79
1747786355, 1, 162, 1013, 1004, 13, 6.66%, 0, 11, 4, 10.55
1747786360, 1, 163, 1013, 1004, 13, 6.66%, 0, 11, 4, 11.00
1747786365, 1, 164, 1013, 1004, 13, 6.66%, 0, 11, 4, 9.47
1747786370, 1, 165, 1013, 1004, 13, 6.66%, 0, 11, 4, 8.96
1747786376, 1, 168, 1013, 1004, 13, 6.66%, 0, 11, 4, 9.29
1747786386, 1, 170, 1013, 1004, 13, 6.66%, 0, 11, 4, 8.15
1747786391, 1, 171, 1013, 1004, 13, 6.66%, 0, 11, 4, 8.92
1747786396, 1, 172, 1013, 1004, 13, 6.66%, 0, 11, 4, 11.92
1747786401, 1, 174, 1013, 1004, 13, 6.66%, 0, 11, 4, 10.46
1747786406, 1, 175, 1013, 1004, 13, 6.66%, 0, 11, 4, 8.49
1747786411, 1, 176, 1013, 1004, 13, 6.66%, 0, 11, 4, 8.72
1747786416, 1, 179, 1013, 1004, 13, 6.66%, 0, 11, 4, 12.41
1747786422, 1, 180, 1013, 1004, 13, 6.66%, 0, 11, 4, 10.57
1747786427, 1, 181, 1013, 1004, 13, 6.66%, 0, 11, 4, 12.43
1747786432, 1, 183, 1013, 1004, 13, 6.66%, 0, 11, 4, 13.95
1747786437, 1, 185, 1013, 1004, 13, 6.66%, 0, 11, 4, 13.18
1747786442, 1, 186, 1013, 1004, 13, 6.66%, 0, 11, 4, 12.41
1747786447, 1, 187, 1013, 1004, 13, 6.66%, 0, 11, 4, 12.53
1747786453, 1, 191, 1013, 1004, 13, 6.66%, 0, 11, 4, 12.16
1747786458, 1, 192, 1013, 1004, 13, 6.66%, 0, 11, 4, 11.85
1747786463, 1, 193, 1013, 1004, 13, 6.66%, 0, 11, 4, 12.01
1747786469, 1, 194, 1013, 1004, 13, 6.66%, 0, 12, 4, 9.97
1747786474, 1, 195, 1013, 1004, 13, 6.66%, 0, 12, 4, 9.70
1747786484, 1, 196, 1013, 1004, 13, 6.66%, 0, 12, 4, 8.37
1747786489, 1, 197, 1013, 1004, 13, 6.66%, 0, 12, 4, 9.54
1747786494, 1, 198, 1013, 1004, 13, 6.66%, 0, 12, 4, 10.20
1747786500, 1, 199, 1013, 1004, 13, 6.66%, 0, 12, 4, 7.30
1747786505, 1, 200, 1013, 1004, 13, 6.66%, 0, 12, 4, 12.52
1747786510, 1, 201, 1013, 1004, 13, 6.66%, 0, 12, 4, 9.43
1747786515, 1, 202, 1013, 1004, 13, 6.66%, 0, 12, 4, 11.64
1747786520, 1, 204, 1013, 1004, 13, 6.66%, 0, 12, 4, 17.50
1747786556, 1, 204, 1014, 1005, 13, 6.66%, 0, 12, 4, 30.03
1747786581, 1, 205, 1014, 1004, 13, 6.66%, 0, 12, 4, 6.58
1747786587, 1, 207, 1014, 1004, 13, 6.66%, 0, 12, 4, 9.32
1747786597, 1, 209, 1014, 1004, 13, 6.66%, 0, 12, 4, 11.34
1747786602, 1, 210, 1014, 1004, 13, 6.66%, 0, 12, 4, 13.00
1747786607, 1, 214, 1014, 1004, 13, 6.66%, 0, 12, 4, 11.04
1747786612, 1, 215, 1014, 1004, 13, 6.66%, 0, 12, 4, 10.16
1747786618, 1, 216, 1014, 1004, 13, 6.66%, 0, 12, 4, 11.28
1747786623, 1, 217, 1014, 1004, 13, 6.66%, 0, 12, 4, 10.89
1747786628, 1, 218, 1014, 1004, 13, 6.66%, 0, 12, 4, 10.09
1747786633, 1, 219, 1014, 1004, 13, 6.66%, 0, 12, 4, 10.09
1747786638, 1, 220, 1014, 1004, 13, 6.66%, 0, 12, 4, 10.28
1747786643, 1, 221, 1014, 1004, 13, 6.66%, 0, 12, 4, 9.80
1747786648, 1, 222, 1014, 1004, 13, 6.66%, 0, 12, 4, 12.56
1747786653, 1, 224, 1014, 1004, 13, 6.66%, 0, 12, 4, 11.36
1747786658, 1, 225, 1014, 1004, 13, 6.66%, 0, 12, 4, 10.40
1747786664, 1, 226, 1014, 1004, 13, 6.66%, 0, 12, 4, 11.79
1747786669, 1, 228, 1014, 1004, 13, 6.66%, 0, 12, 4, 13.62
1747786674, 1, 230, 1014, 1004, 13, 6.66%, 0, 12, 4, 11.86
1747786679, 1, 231, 1014, 1004, 13, 6.66%, 0, 12, 4, 9.31
1747786689, 1, 232, 1014, 1004, 13, 6.66%, 0, 12, 4, 10.13
1747786695, 1, 234, 1014, 1004, 13, 6.66%, 0, 12, 4, 10.91
1747786700, 1, 236, 1014, 1004, 13, 6.66%, 0, 12, 4, 12.66
1747786705, 1, 237, 1014, 1004, 13, 6.66%, 0, 12, 4, 10.85
1747786710, 1, 238, 1014, 1004, 13, 6.66%, 0, 12, 4, 9.76
1747786715, 1, 239, 1014, 1004, 13, 6.66%, 0, 12, 4, 12.72
1747786720, 1, 240, 1014, 1004, 13, 6.66%, 0, 12, 4, 12.36
1747786726, 1, 241, 1014, 1004, 13, 6.66%, 0, 12, 4, 11.35
1747786731, 1, 242, 1014, 1004, 13, 6.66%, 0, 13, 4, 11.36
1747786736, 1, 243, 1014, 1004, 13, 6.66%, 0, 13, 4, 9.71
1747786741, 1, 244, 1014, 1004, 13, 6.66%, 0, 13, 4, 9.46
1747786746, 1, 244, 1014, 1004, 13, 6.66%, 0, 14, 4, 15.50
1747786751, 1, 246, 1014, 1004, 13, 6.66%, 0, 14, 4, 12.42
1747786756, 1, 247, 1014, 1004, 13, 6.66%, 0, 14, 4, 11.70
1747786761, 1, 248, 1014, 1004, 13, 6.66%, 0, 14, 4, 10.00
1747786766, 1, 249, 1014, 1004, 13, 6.66%, 0, 15, 4, 10.44
1747786772, 1, 250, 1014, 1004, 13, 6.66%, 0, 15, 4, 11.10
1747786782, 1, 252, 1014, 1004, 13, 6.66%, 0, 15, 4, 11.32
1747786787, 1, 253, 1014, 1004, 13, 6.66%, 0, 15, 4, 10.89
1747786792, 1, 254, 1014, 1004, 13, 6.66%, 0, 15, 4, 11.31
1747786798, 1, 255, 1014, 1004, 13, 6.66%, 0, 15, 4, 13.49
1747786803, 1, 256, 1014, 1004, 13, 6.66%, 0, 15, 4, 10.32
1747786808, 1, 257, 1014, 1004, 13, 6.66%, 0, 15, 4, 10.55
1747786813, 1, 258, 1014, 1004, 13, 6.66%, 0, 15, 4, 11.32
1747786818, 1, 260, 1014, 1004, 13, 6.66%, 0, 15, 4, 9.77
1747786823, 1, 260, 1015, 1005, 13, 6.66%, 0, 15, 4, 6.75
1747786834, 1, 263, 1015, 1005, 13, 6.66%, 0, 15, 4, 11.07
1747786844, 1, 264, 1015, 1005, 13, 6.66%, 0, 15, 4, 9.24
1747786849, 1, 267, 1015, 1005, 13, 6.66%, 0, 15, 4, 10.05
1747786854, 1, 268, 1015, 1005, 13, 6.66%, 0, 16, 4, 10.78
1747786859, 1, 270, 1015, 1005, 13, 6.66%, 0, 16, 4, 10.10
1747786864, 1, 271, 1015, 1005, 13, 6.66%, 0, 16, 4, 10.65
1747786869, 1, 272, 1015, 1005, 13, 6.66%, 0, 16, 4, 12.71
1747786874, 1, 273, 1015, 1005, 13, 6.66%, 0, 16, 4, 10.81
1747786880, 1, 274, 1015, 1005, 13, 6.66%, 0, 16, 4, 10.96
1747786885, 1, 275, 1015, 1005, 13, 6.66%, 0, 16, 4, 13.30
1747786890, 1, 277, 1015, 1005, 13, 6.66%, 0, 16, 4, 11.46
1747786895, 1, 278, 1016, 1006, 13, 6.66%, 0, 16, 4, 8.54
1747786905, 1, 279, 1016, 1006, 13, 6.66%, 0, 16, 4, 8.81
1747786910, 1, 280, 1016, 1006, 13, 6.66%, 0, 16, 4, 8.79
1747786921, 1, 281, 1016, 1006, 13, 6.66%, 0, 16, 4, 8.75
1747786926, 1, 282, 1016, 1006, 13, 6.66%, 0, 16, 4, 8.70
1747786931, 1, 283, 1016, 1006, 13, 6.66%, 0, 16, 4, 8.18
1747786937, 1, 286, 1016, 1006, 13, 6.66%, 0, 16, 4, 9.92
1747786942, 1, 287, 1016, 1006, 13, 6.66%, 0, 16, 4, 10.90
1747786947, 1, 288, 1016, 1006, 13, 6.66%, 0, 16, 4, 12.23
1747786952, 1, 290, 1016, 1006, 13, 6.66%, 0, 16, 4, 12.67
1747786962, 1, 291, 1016, 1006, 13, 6.66%, 0, 16, 4, 10.18
1747786967, 1, 294, 1016, 1006, 13, 6.66%, 0, 16, 4, 11.98
1747786972, 1, 295, 1016, 1006, 13, 6.66%, 0, 16, 4, 10.97
1747786977, 1, 296, 1016, 1006, 13, 6.66%, 0, 16, 4, 10.12
1747786988, 1, 298, 1016, 1006, 13, 6.66%, 0, 16, 4, 11.88
1747786993, 1, 299, 1016, 1006, 13, 6.66%, 0, 16, 4, 11.04
1747786998, 1, 300, 1016, 1006, 13, 6.66%, 0, 16, 4, 12.42
1747787004, 1, 301, 1016, 1006, 13, 6.66%, 0, 16, 4, 8.81
1747787009, 1, 302, 1016, 1006, 13, 6.66%, 0, 16, 4, 11.96
1747787019, 1, 304, 1016, 1006, 13, 6.66%, 0, 16, 4, 10.55
1747787029, 1, 305, 1016, 1006, 13, 6.66%, 0, 17, 4, 11.28
1747787035, 1, 306, 1016, 1006, 13, 6.66%, 0, 17, 4, 8.60
1747787040, 1, 308, 1016, 1006, 13, 6.66%, 0, 17, 4, 10.35
1747787045, 1, 310, 1016, 1006, 13, 6.66%, 0, 17, 4, 12.47
1747787050, 1, 312, 1016, 1006, 13, 6.66%, 0, 17, 4, 12.04
1747787055, 1, 313, 1016, 1006, 13, 6.66%, 0, 17, 4, 10.35
1747787060, 1, 314, 1016, 1006, 13, 6.66%, 0, 17, 4, 9.25
1747787066, 1, 315, 1017, 1007, 13, 6.66%, 0, 17, 4, 1.15
1747787081, 1, 317, 1017, 1007, 13, 6.66%, 0, 17, 4, 14.42
1747787087, 1, 318, 1017, 1007, 13, 6.66%, 0, 17, 4, 11.13
1747787092, 1, 319, 1017, 1007, 13, 6.66%, 0, 17, 4, 11.26
1747787097, 1, 320, 1017, 1007, 13, 6.66%, 0, 17, 4, 13.46
1747787102, 1, 321, 1017, 1007, 13, 6.66%, 0, 17, 4, 12.43
1747787107, 1, 323, 1017, 1007, 13, 6.66%, 0, 17, 4, 11.42
1747787112, 1, 325, 1017, 1007, 13, 6.66%, 0, 17, 4, 10.41
1747787122, 1, 326, 1017, 1007, 13, 6.66%, 0, 17, 4, 10.29
1747787128, 1, 328, 1017, 1007, 13, 6.66%, 0, 17, 4, 11.85
1747787138, 1, 330, 1017, 1007, 13, 6.66%, 0, 17, 4, 9.01
1747787143, 1, 331, 1017, 1007, 13, 6.66%, 0, 18, 4, 9.76
1747787148, 1, 332, 1017, 1007, 13, 6.66%, 0, 18, 4, 10.84
1747787153, 1, 333, 1017, 1007, 13, 6.66%, 0, 18, 4, 9.17
1747787159, 1, 334, 1017, 1007, 13, 6.66%, 0, 18, 4, 10.00
1747787164, 1, 335, 1017, 1007, 13, 6.66%, 0, 18, 4, 12.19
1747787169, 1, 338, 1017, 1007, 13, 6.66%, 0, 18, 4, 11.93
1747787179, 1, 339, 1017, 1007, 13, 6.66%, 0, 18, 4, 8.95
1747787185, 1, 340, 1017, 1007, 13, 6.66%, 0, 18, 4, 9.31
1747787190, 1, 342, 1017, 1007, 13, 6.66%, 0, 18, 4, 14.59
1747787195, 1, 343, 1017, 1007, 13, 6.66%, 0, 18, 4, 13.41
1747787200, 1, 345, 1017, 1007, 13, 6.66%, 0, 18, 4, 16.32
1747787205, 1, 347, 1017, 1007, 13, 6.66%, 0, 18, 4, 19.71
1747787210, 1, 349, 1017, 1007, 13, 6.66%, 0, 18, 4, 23.30
1747787216, 1, 349, 1018, 1008, 13, 6.67%, 0, 18, 4, 1.30
1747787221, 1, 349, 1019, 1009, 13, 6.67%, 0, 18, 4, 4.20
1747787236, 1, 351, 1019, 1009, 14, 6.67%, 0, 18, 4, 20.32
1747787241, 1, 354, 1019, 1009, 14, 6.67%, 0, 18, 4, 15.50
1747787246, 1, 357, 1019, 1009, 14, 6.67%, 0, 18, 4, 16.98
1747787252, 1, 360, 1019, 1009, 14, 6.67%, 0, 18, 4, 16.42
1747787257, 1, 361, 1019, 1009, 14, 6.67%, 0, 18, 4, 17.94
1747787262, 1, 365, 1019, 1009, 14, 6.67%, 0, 18, 4, 15.96
1747787267, 1, 367, 1019, 1009, 14, 6.67%, 0, 18, 4, 18.31
1747787272, 1, 371, 1019, 1009, 14, 6.67%, 0, 18, 4, 3.49
1747787277, 1, 374, 1019, 1009, 14, 6.67%, 0, 18, 4, 22.63
1747787283, 1, 376, 1019, 1009, 14, 6.67%, 0, 18, 4, 21.25
1747787288, 1, 379, 1019, 1009, 14, 6.67%, 0, 18, 4, 20.02
1747787293, 1, 380, 1019, 1009, 14, 6.67%, 0, 18, 4, 2.11
1747787298, 1, 382, 1019, 1009, 14, 6.67%, 0, 18, 4, 25.26
1747787303, 1, 385, 1019, 1009, 14, 6.67%, 0, 18, 4, 20.74
1747787308, 1, 388, 1019, 1009, 14, 6.67%, 0, 18, 4, 20.75
1747787314, 1, 390, 1019, 1009, 14, 6.67%, 0, 18, 4, 18.38
1747787319, 1, 392, 1019, 1009, 14, 6.67%, 0, 18, 4, 20.51
1747787324, 1, 393, 1019, 1009, 14, 6.67%, 0, 18, 4, 24.70
1747787329, 1, 395, 1019, 1009, 14, 6.67%, 0, 18, 4, 18.93
1747787334, 1, 396, 1019, 1009, 14, 6.67%, 0, 18, 4, 13.24
1747787339, 1, 398, 1019, 1009, 14, 6.67%, 0, 18, 4, 16.64
1747787344, 1, 400, 1019, 1009, 14, 6.67%, 0, 18, 4, 14.67
1747787349, 1, 402, 1019, 1009, 14, 6.67%, 0, 18, 4, 20.41
1747787355, 1, 403, 1020, 1010, 14, 6.67%, 0, 18, 4, 15.64
1747787365, 1, 405, 1020, 1010, 14, 6.67%, 0, 18, 4, 14.08
1747787370, 1, 406, 1021, 1011, 14, 6.67%, 0, 18, 4, 18.79
1747787375, 1, 407, 1021, 1011, 14, 6.67%, 0, 18, 4, 18.66
1747787380, 1, 412, 1021, 1011, 14, 6.67%, 0, 18, 4, 21.40
1747787386, 1, 413, 1021, 1011, 14, 6.67%, 0, 18, 4, 19.87
1747787391, 1, 415, 1021, 1011, 14, 6.67%, 0, 18, 4, 3.23
1747787396, 1, 417, 1021, 1011, 14, 6.67%, 0, 18, 4, 18.70
1747787401, 1, 417, 1022, 1012, 14, 6.67%, 0, 18, 4, 1.80
1747787406, 1, 417, 1023, 1013, 14, 6.67%, 0, 18, 4, 1.80
1747787412, 1, 417, 1024, 1014, 14, 6.67%, 0, 18, 4, 3.10
1747787422, 1, 417, 1025, 1015, 14, 6.67%, 0, 18, 4, 1.92
1747787469, 1, 417, 1026, 1016, 14, 6.67%, 0, 18, 4, 2.67
1747787515, 1, 417, 1027, 1017, 14, 6.67%, 0, 18, 4, 1.31
1747787536, 1, 417, 1028, 1018, 14, 6.67%, 0, 18, 4, 2.23
1747787541, 1, 419, 1028, 1018, 14, 6.67%, 0, 18, 4, 17.09
1747787546, 1, 420, 1028, 1018, 14, 6.67%, 0, 18, 4, 17.18
1747787551, 1, 422, 1028, 1018, 14, 6.67%, 0, 18, 4, 7.32
1747787561, 1, 425, 1028, 1018, 14, 6.67%, 0, 18, 4, 11.39
1747787567, 1, 426, 1028, 1018, 14, 6.67%, 0, 18, 4, 11.29
1747787572, 1, 428, 1028, 1018, 14, 6.67%, 0, 18, 4, 10.14
1747787577, 1, 429, 1028, 1018, 14, 6.67%, 0, 18, 4, 10.04
1747787582, 1, 430, 1028, 1018, 14, 6.67%, 0, 18, 4, 10.90
1747787588, 1, 431, 1028, 1018, 14, 6.67%, 0, 18, 4, 12.80
1747787593, 1, 432, 1028, 1018, 14, 6.67%, 0, 18, 4, 11.17
1747787598, 1, 434, 1028, 1018, 14, 6.67%, 0, 18, 4, 13.98
1747787603, 1, 435, 1028, 1018, 14, 6.67%, 0, 18, 4, 12.00
1747787608, 1, 435, 1029, 1019, 14, 6.67%, 0, 18, 4, 1.79
1747787624, 1, 436, 1029, 1019, 14, 6.67%, 0, 18, 4, 10.14
1747787629, 1, 437, 1029, 1019, 14, 6.67%, 0, 18, 4, 11.01
1747787634, 1, 440, 1029, 1019, 14, 6.67%, 0, 18, 4, 12.16
1747787639, 1, 443, 1029, 1019, 14, 6.67%, 0, 18, 4, 12.38
1747787644, 1, 445, 1029, 1019, 14, 6.67%, 0, 18, 4, 3.19
1747787655, 1, 446, 1029, 1019, 14, 6.67%, 0, 18, 4, 10.29
1747787660, 1, 447, 1029, 1019, 14, 6.67%, 0, 18, 4, 9.28
1747787665, 1, 450, 1029, 1019, 14, 6.67%, 0, 18, 4, 12.33
1747787670, 1, 452, 1029, 1019, 14, 6.67%, 0, 18, 4, 12.28
1747787680, 1, 453, 1029, 1019, 14, 6.67%, 0, 18, 4, 9.13
1747787685, 1, 454, 1029, 1019, 14, 6.67%, 0, 18, 4, 9.39
1747787690, 1, 457, 1029, 1019, 14, 6.67%, 0, 18, 4, 8.81
1747787695, 1, 460, 1029, 1019, 14, 6.67%, 0, 18, 4, 9.83
1747787701, 1, 461, 1029, 1019, 14, 6.67%, 0, 18, 4, 11.20
1747787706, 1, 462, 1029, 1019, 14, 6.67%, 0, 18, 4, 10.71
1747787711, 1, 463, 1029, 1019, 14, 6.67%, 0, 18, 4, 11.18
1747787716, 1, 464, 1029, 1019, 14, 6.67%, 0, 18, 4, 19.61
1747787721, 1, 466, 1029, 1019, 14, 6.67%, 0, 18, 4, 14.32
1747787731, 1, 467, 1029, 1019, 14, 6.67%, 0, 18, 4, 9.04
1747787737, 1, 468, 1029, 1019, 14, 6.67%, 0, 18, 4, 8.64
1747787742, 1, 469, 1029, 1019, 14, 6.67%, 0, 18, 4, 10.08
1747787747, 1, 470, 1029, 1019, 14, 6.67%, 0, 18, 4, 10.99
1747787753, 1, 472, 1030, 1020, 14, 6.67%, 0, 18, 4, 1.06
1747787768, 1, 473, 1030, 1020, 14, 6.67%, 0, 18, 4, 11.05
1747787774, 1, 473, 1031, 1021, 14, 6.67%, 0, 18, 4, 1.21
1747787790, 1, 475, 1032, 1022, 14, 6.67%, 0, 18, 4, 2.70
1747787795, 1, 475, 1033, 1023, 14, 6.67%, 0, 18, 4, 2.30
1747787815, 1, 476, 1033, 1023, 14, 6.67%, 0, 18, 4, 13.94
1747787820, 1, 478, 1033, 1023, 14, 6.67%, 0, 18, 4, 15.58
1747787825, 1, 479, 1033, 1023, 14, 6.67%, 0, 18, 4, 13.88
1747787830, 1, 481, 1033, 1023, 14, 6.67%, 0, 18, 4, 10.79
1747787836, 1, 482, 1033, 1023, 14, 6.67%, 0, 18, 4, 8.71
1747787841, 1, 487, 1033, 1023, 14, 6.67%, 0, 18, 4, 13.28
1747787846, 1, 489, 1033, 1023, 14, 6.67%, 0, 18, 4, 12.38
1747787851, 1, 490, 1033, 1023, 14, 6.67%, 0, 18, 4, 12.55
1747787856, 1, 491, 1033, 1023, 14, 6.67%, 0, 18, 4, 10.76
1747787861, 1, 492, 1033, 1023, 14, 6.67%, 0, 18, 4, 10.25
1747787866, 1, 497, 1033, 1023, 14, 6.67%, 0, 18, 4, 11.57
1747787872, 1, 498, 1033, 1023, 14, 6.67%, 0, 18, 4, 9.89
1747787877, 1, 499, 1033, 1023, 14, 6.67%, 0, 18, 4, 10.38
1747787882, 1, 501, 1033, 1023, 14, 6.67%, 0, 19, 4, 12.65
1747787887, 1, 506, 1033, 1023, 14, 6.67%, 0, 19, 4, 10.27
1747787892, 1, 506, 1033, 1023, 14, 6.67%, 0, 20, 4, 7.93
1747787897, 1, 508, 1033, 1023, 14, 6.67%, 0, 20, 4, 11.52
1747787908, 1, 510, 1033, 1023, 14, 6.67%, 0, 20, 4, 6.96
1747787913, 1, 512, 1033, 1023, 14, 6.67%, 0, 20, 4, 11.71
1747787923, 1, 513, 1033, 1023, 14, 6.67%, 0, 20, 4, 10.88
1747787928, 1, 514, 1033, 1023, 14, 6.67%, 0, 20, 4, 10.42
1747787933, 1, 517, 1033, 1023, 14, 6.67%, 0, 20, 4, 13.07
1747787939, 1, 518, 1033, 1023, 14, 6.67%, 0, 20, 4, 11.32
1747787949, 1, 519, 1033, 1023, 14, 6.67%, 0, 20, 4, 10.62
1747787954, 1, 522, 1033, 1023, 14, 6.67%, 0, 20, 4, 10.73
1747787965, 1, 523, 1033, 1023, 14, 6.67%, 0, 20, 4, 9.80
1747787970, 1, 524, 1033, 1023, 14, 6.67%, 0, 20, 4, 10.84
1747787975, 1, 525, 1033, 1023, 14, 6.67%, 0, 20, 4, 8.80
1747787981, 1, 526, 1033, 1023, 14, 6.67%, 0, 21, 4, 9.72
1747787986, 1, 528, 1033, 1023, 14, 6.67%, 0, 22, 4, 11.24
1747787991, 1, 529, 1033, 1023, 14, 6.67%, 0, 23, 4, 6.86
1747787996, 1, 530, 1033, 1023, 14, 6.67%, 0, 23, 4, 9.85
1747788001, 1, 533, 1033, 1023, 14, 6.67%, 0, 23, 4, 11.14
1747788007, 1, 534, 1033, 1023, 14, 6.67%, 0, 23, 4, 9.89
1747788012, 1, 535, 1033, 1023, 14, 6.67%, 0, 23, 4, 9.93
1747788017, 1, 536, 1033, 1023, 14, 6.67%, 0, 23, 4, 10.37
1747788022, 1, 537, 1033, 1023, 14, 6.67%, 0, 23, 4, 10.24
1747788027, 1, 538, 1033, 1023, 14, 6.67%, 0, 23, 4, 11.38
1747788032, 1, 540, 1033, 1023, 14, 6.67%, 0, 23, 4, 10.50
1747788037, 1, 541, 1033, 1023, 14, 6.67%, 0, 23, 4, 9.62
1747788043, 1, 545, 1033, 1023, 14, 6.67%, 0, 23, 4, 11.07
1747788048, 1, 546, 1033, 1023, 14, 6.67%, 0, 23, 4, 9.22
1747788058, 1, 548, 1033, 1023, 14, 6.67%, 0, 23, 4, 9.83
1747788068, 1, 549, 1033, 1023, 14, 6.67%, 0, 23, 4, 10.09
1747788073, 1, 550, 1033, 1023, 14, 6.67%, 0, 23, 4, 10.16
1747788079, 1, 551, 1033, 1023, 14, 6.67%, 0, 23, 4, 9.86
1747788084, 1, 552, 1033, 1023, 14, 6.67%, 0, 23, 4, 18.10
1747788089, 1, 557, 1033, 1023, 14, 6.67%, 0, 23, 4, 15.29
1747788094, 1, 559, 1033, 1023, 14, 6.67%, 0, 23, 4, 13.21
1747788099, 1, 560, 1033, 1023, 14, 6.67%, 0, 23, 4, 11.31
1747788104, 1, 562, 1033, 1023, 14, 6.67%, 0, 23, 4, 15.80
1747788109, 1, 563, 1033, 1023, 14, 6.67%, 0, 23, 4, 12.24
1747788119, 1, 565, 1033, 1023, 14, 6.67%, 0, 23, 4, 8.77
1747788124, 1, 566, 1033, 1023, 14, 6.67%, 0, 23, 4, 10.21
1747788129, 1, 568, 1033, 1023, 14, 6.67%, 0, 23, 4, 11.12
1747788134, 1, 569, 1033, 1023, 14, 6.67%, 0, 23, 4, 11.26
1747788140, 1, 570, 1033, 1023, 14, 6.67%, 0, 23, 4, 6.04
1747788145, 1, 571, 1033, 1023, 14, 6.67%, 0, 23, 4, 8.79
1747788150, 1, 572, 1033, 1023, 14, 6.67%, 0, 23, 4, 8.82
1747788155, 1, 573, 1033, 1023, 14, 6.67%, 0, 23, 4, 2.09
1747788160, 1, 574, 1033, 1023, 14, 6.67%, 0, 23, 4, 15.24
1747788165, 1, 575, 1033, 1023, 14, 6.67%, 0, 23, 4, 11.83
1747788171, 1, 576, 1033, 1023, 14, 6.67%, 0, 23, 4, 2.68
1747788176, 1, 577, 1033, 1023, 14, 6.67%, 0, 23, 4, 10.58
1747788181, 1, 578, 1033, 1023, 14, 6.67%, 0, 23, 4, 9.94
1747788187, 1, 579, 1033, 1023, 14, 6.67%, 0, 23, 4, 12.46
1747788192, 1, 581, 1033, 1023, 14, 6.67%, 0, 23, 4, 11.76
1747788197, 1, 582, 1033, 1023, 14, 6.67%, 0, 23, 4, 9.54
1747788202, 1, 583, 1033, 1023, 14, 6.67%, 0, 23, 4, 9.92
1747788207, 1, 584, 1033, 1023, 14, 6.67%, 0, 23, 4, 14.16
1747788212, 1, 585, 1033, 1023, 14, 6.67%, 0, 23, 4, 9.77
1747788217, 1, 586, 1033, 1023, 14, 6.67%, 0, 23, 4, 10.06
1747788222, 1, 587, 1033, 1023, 14, 6.67%, 0, 23, 4, 12.33
1747788228, 1, 588, 1033, 1023, 14, 6.67%, 0, 23, 4, 11.24
1747788233, 1, 589, 1033, 1023, 14, 6.67%, 0, 23, 4, 11.37
1747788238, 1, 590, 1033, 1023, 14, 6.67%, 0, 23, 4, 10.56
1747788243, 1, 592, 1033, 1023, 14, 6.67%, 0, 23, 4, 8.08
1747788248, 1, 593, 1033, 1023, 14, 6.67%, 0, 23, 4, 7.56
1747788253, 1, 594, 1034, 1024, 14, 6.67%, 0, 23, 4, 8.35
1747788269, 1, 597, 1034, 1024, 14, 6.67%, 0, 23, 4, 13.15
1747788279, 1, 599, 1034, 1024, 14, 6.67%, 0, 23, 4, 11.92
1747788284, 1, 601, 1034, 1024, 14, 6.67%, 0, 23, 4, 11.16
1747788289, 1, 603, 1034, 1024, 14, 6.67%, 0, 23, 4, 12.19
1747788294, 1, 604, 1034, 1024, 14, 6.67%, 0, 23, 4, 11.14
1747788300, 1, 606, 1034, 1024, 14, 6.67%, 0, 24, 4, 1.00
1747788305, 1, 607, 1034, 1024, 14, 6.67%, 0, 24, 4, 8.19
1747788315, 1, 609, 1034, 1024, 14, 6.67%, 0, 24, 4, 9.13
1747788320, 1, 610, 1034, 1024, 14, 6.67%, 0, 24, 4, 8.71
1747788326, 1, 611, 1034, 1024, 14, 6.67%, 0, 24, 4, 7.76
1747788331, 1, 612, 1034, 1024, 14, 6.67%, 0, 24, 4, 9.30
1747788336, 1, 613, 1034, 1024, 14, 6.67%, 0, 24, 4, 2.60
1747788341, 1, 614, 1034, 1024, 14, 6.67%, 0, 24, 4, 11.13
1747788346, 1, 615, 1034, 1024, 14, 6.67%, 0, 24, 4, 9.62
1747788351, 1, 616, 1034, 1024, 14, 6.67%, 0, 24, 4, 10.29
1747788357, 1, 617, 1034, 1024, 14, 6.67%, 0, 24, 4, 10.67
1747788362, 1, 618, 1034, 1024, 14, 6.67%, 0, 24, 4, 11.39
1747788367, 1, 619, 1034, 1024, 14, 6.67%, 0, 24, 4, 10.65
1747788372, 1, 620, 1034, 1024, 14, 6.67%, 0, 24, 4, 8.85
1747788377, 1, 621, 1034, 1024, 14, 6.67%, 0, 24, 4, 9.49
1747788382, 1, 622, 1034, 1024, 14, 6.67%, 0, 24, 4, 11.73
1747788388, 1, 624, 1034, 1024, 14, 6.67%, 0, 24, 4, 10.82
1747788393, 1, 625, 1034, 1024, 14, 6.67%, 0, 24, 4, 11.44
1747788398, 1, 626, 1034, 1024, 14, 6.67%, 0, 24, 4, 9.70
1747788403, 1, 628, 1034, 1024, 14, 6.67%, 0, 24, 4, 8.60
1747788408, 1, 629, 1034, 1024, 14, 6.67%, 0, 24, 4, 9.30
1747788413, 1, 630, 1034, 1024, 14, 6.67%, 0, 24, 4, 10.70
1747788419, 1, 631, 1034, 1024, 14, 6.67%, 0, 24, 4, 12.32
1747788424, 1, 632, 1034, 1024, 14, 6.67%, 0, 24, 4, 11.16
1747788429, 1, 633, 1034, 1024, 14, 6.67%, 0, 24, 4, 9.50
1747788434, 1, 635, 1034, 1024, 14, 6.67%, 0, 24, 4, 10.19
1747788440, 1, 637, 1034, 1024, 14, 6.67%, 0, 24, 4, 12.27
1747788445, 1, 638, 1034, 1024, 14, 6.67%, 0, 24, 4, 9.62
1747788450, 1, 639, 1034, 1024, 14, 6.67%, 0, 24, 4, 9.87
1747788455, 1, 640, 1034, 1024, 14, 6.67%, 0, 24, 4, 10.98
1747788460, 1, 641, 1034, 1024, 14, 6.67%, 0, 24, 4, 12.07
1747788465, 1, 642, 1034, 1024, 14, 6.67%, 0, 24, 4, 9.88
1747788471, 1, 644, 1034, 1024, 14, 6.67%, 0, 24, 4, 9.55
1747788476, 1, 645, 1034, 1024, 14, 6.67%, 0, 24, 4, 9.17
1747788481, 1, 647, 1034, 1024, 14, 6.67%, 0, 24, 4, 8.92
1747788491, 1, 649, 1034, 1024, 14, 6.67%, 0, 24, 4, 8.24
1747788496, 1, 651, 1034, 1024, 14, 6.67%, 0, 24, 4, 8.14
1747788501, 1, 652, 1034, 1024, 14, 6.67%, 0, 24, 4, 11.20
1747788506, 1, 653, 1034, 1024, 14, 6.67%, 0, 24, 4, 8.35
1747788512, 1, 655, 1034, 1024, 14, 6.67%, 0, 24, 4, 11.32
1747788517, 1, 658, 1034, 1024, 14, 6.67%, 0, 24, 4, 11.76
1747788522, 1, 659, 1034, 1024, 14, 6.67%, 0, 24, 4, 10.38
1747788527, 1, 661, 1034, 1024, 14, 6.67%, 0, 24, 4, 12.27
1747788532, 1, 662, 1034, 1024, 14, 6.67%, 0, 24, 4, 12.92
1747788537, 1, 663, 1034, 1024, 14, 6.67%, 0, 25, 4, 1.93
1747788543, 1, 665, 1034, 1024, 14, 6.67%, 0, 25, 4, 2.78
1747788548, 1, 668, 1034, 1024, 14, 6.67%, 0, 25, 4, 14.42
1747788558, 1, 669, 1034, 1024, 14, 6.67%, 0, 25, 4, 9.49
1747788563, 1, 671, 1034, 1024, 14, 6.67%, 0, 25, 4, 12.39
1747788573, 1, 672, 1034, 1024, 14, 6.67%, 0, 25, 4, 10.11
1747788578, 1, 673, 1034, 1024, 14, 6.67%, 0, 25, 4, 10.49
1747788583, 1, 674, 1034, 1024, 14, 6.67%, 0, 25, 4, 9.37
1747788589, 1, 675, 1034, 1024, 14, 6.67%, 0, 25, 4, 10.63
1747788594, 1, 677, 1034, 1024, 14, 6.67%, 0, 25, 4, 12.02
1747788599, 1, 678, 1034, 1024, 14, 6.67%, 0, 25, 4, 10.02
1747788604, 1, 681, 1034, 1024, 14, 6.67%, 0, 25, 4, 12.40
1747788609, 1, 683, 1034, 1024, 14, 6.67%, 0, 25, 4, 12.21
1747788614, 1, 684, 1034, 1024, 14, 6.67%, 0, 25, 4, 15.90
1747788619, 1, 685, 1034, 1024, 14, 6.67%, 0, 25, 4, 4.66
1747788625, 1, 688, 1034, 1024, 14, 6.67%, 0, 25, 4, 11.96
1747788630, 1, 689, 1034, 1024, 14, 6.67%, 0, 25, 4, 12.62
1747788635, 1, 690, 1034, 1024, 14, 6.67%, 0, 25, 4, 12.67
1747788640, 1, 693, 1034, 1024, 14, 6.67%, 0, 25, 4, 11.63
1747788645, 1, 694, 1034, 1024, 14, 6.67%, 0, 25, 4, 10.27
1747788650, 1, 696, 1034, 1024, 14, 6.67%, 0, 25, 4, 9.53
1747788655, 1, 698, 1034, 1024, 14, 6.67%, 0, 25, 4, 9.38
1747788661, 1, 699, 1034, 1024, 14, 6.67%, 0, 25, 4, 9.58
1747788666, 1, 700, 1034, 1024, 14, 6.67%, 0, 25, 4, 11.38
1747788671, 1, 700, 1035, 1025, 14, 6.67%, 0, 25, 4, 8.45
1747788681, 1, 701, 1035, 1025, 14, 6.67%, 0, 25, 4, 8.44
1747788687, 1, 702, 1035, 1025, 14, 6.67%, 0, 25, 4, 10.05
1747788692, 1, 703, 1035, 1025, 14, 6.67%, 0, 25, 4, 11.56
1747788697, 1, 704, 1035, 1025, 14, 6.67%, 0, 25, 4, 10.48
1747788702, 1, 706, 1035, 1025, 14, 6.67%, 0, 25, 4, 9.25
1747788707, 1, 707, 1035, 1025, 14, 6.67%, 0, 25, 4, 8.76
1747788712, 1, 708, 1035, 1025, 14, 6.67%, 0, 25, 4, 11.01
1747788718, 1, 709, 1035, 1025, 14, 6.67%, 0, 25, 4, 9.21
1747788723, 1, 710, 1035, 1025, 14, 6.67%, 0, 25, 4, 10.12
1747788728, 1, 711, 1035, 1025, 14, 6.67%, 0, 25, 4, 10.98
1747788733, 1, 712, 1035, 1025, 14, 6.67%, 0, 25, 4, 12.13
1747788738, 1, 713, 1035, 1025, 14, 6.67%, 0, 25, 4, 10.54
1747788743, 1, 714, 1035, 1025, 14, 6.67%, 0, 25, 4, 8.21
1747788748, 1, 715, 1035, 1025, 14, 6.67%, 0, 25, 4, 9.51
1747788753, 1, 716, 1035, 1025, 14, 6.67%, 0, 25, 4, 17.75
1747788759, 1, 717, 1035, 1025, 14, 6.67%, 0, 25, 4, 2.60
1747788764, 1, 718, 1035, 1025, 14, 6.67%, 0, 25, 4, 14.08
1747788769, 1, 721, 1035, 1025, 14, 6.67%, 0, 25, 4, 13.43
1747788779, 1, 722, 1035, 1025, 14, 6.67%, 0, 25, 4, 9.58
1747788784, 1, 723, 1035, 1025, 14, 6.67%, 0, 25, 4, 9.92
1747788789, 1, 724, 1035, 1025, 14, 6.67%, 0, 25, 4, 9.63
1747788795, 1, 725, 1035, 1025, 14, 6.67%, 0, 25, 4, 12.49
1747788800, 1, 726, 1035, 1025, 14, 6.67%, 0, 25, 4, 11.00
1747788805, 1, 727, 1035, 1025, 14, 6.67%, 0, 25, 4, 11.04
1747788810, 1, 729, 1035, 1025, 14, 6.67%, 0, 25, 4, 11.32
1747788815, 1, 730, 1035, 1025, 14, 6.67%, 0, 25, 4, 11.35
1747788821, 1, 732, 1035, 1025, 14, 6.67%, 0, 25, 4, 11.86
1747788826, 1, 735, 1035, 1025, 14, 6.67%, 0, 25, 4, 9.61
1747788831, 1, 736, 1035, 1025, 14, 6.67%, 0, 25, 4, 10.82
1747788836, 1, 737, 1035, 1025, 14, 6.67%, 0, 25, 4, 11.89
1747788841, 1, 739, 1035, 1025, 14, 6.67%, 0, 25, 4, 13.73
1747788846, 1, 741, 1035, 1025, 14, 6.67%, 0, 25, 4, 11.31
1747788856, 1, 742, 1036, 1026, 14, 6.67%, 0, 25, 4, 1.01
1747788872, 1, 744, 1036, 1026, 14, 6.67%, 0, 25, 4, 13.24
1747788878, 1, 746, 1036, 1026, 14, 6.67%, 0, 25, 4, 12.84
1747788883, 1, 747, 1036, 1026, 14, 6.67%, 0, 25, 4, 10.72
1747788888, 1, 748, 1036, 1026, 14, 6.67%, 0, 25, 4, 11.32
1747788893, 1, 749, 1036, 1026, 14, 6.67%, 0, 25, 4, 9.03
1747788898, 1, 750, 1036, 1026, 14, 6.67%, 0, 25, 4, 9.43
1747788909, 1, 752, 1036, 1026, 14, 6.67%, 0, 25, 4, 11.00
1747788914, 1, 753, 1036, 1026, 14, 6.67%, 0, 25, 4, 9.22
1747788919, 1, 754, 1036, 1026, 14, 6.67%, 0, 25, 4, 10.27
1747788924, 1, 756, 1036, 1026, 14, 6.67%, 0, 25, 4, 11.02
1747788929, 1, 758, 1036, 1026, 14, 6.67%, 0, 25, 4, 10.39
1747788934, 1, 759, 1036, 1026, 14, 6.67%, 0, 25, 4, 11.37
1747788939, 1, 760, 1036, 1026, 14, 6.67%, 0, 25, 4, 10.46
1747788945, 1, 761, 1036, 1026, 14, 6.67%, 0, 25, 4, 12.15
1747788950, 1, 762, 1036, 1026, 14, 6.67%, 0, 25, 4, 12.07
1747788955, 1, 763, 1036, 1026, 14, 6.67%, 0, 26, 4, 8.98
1747788960, 1, 764, 1036, 1026, 14, 6.67%, 0, 26, 4, 10.05
1747788965, 1, 766, 1036, 1026, 14, 6.67%, 0, 26, 4, 8.73
1747788976, 1, 768, 1036, 1026, 14, 6.67%, 0, 27, 4, 1.93
1747788981, 1, 770, 1036, 1026, 14, 6.67%, 0, 27, 4, 12.45
1747788986, 1, 771, 1036, 1026, 14, 6.67%, 0, 27, 4, 12.70
1747788992, 1, 772, 1036, 1026, 14, 6.67%, 0, 27, 4, 2.95
1747788997, 1, 773, 1037, 1027, 14, 6.67%, 0, 27, 4, 7.52
1747789007, 1, 774, 1037, 1027, 14, 6.67%, 0, 27, 4, 9.99
1747789012, 1, 776, 1037, 1027, 14, 6.67%, 0, 27, 4, 10.70
1747789017, 1, 778, 1037, 1027, 14, 6.67%, 0, 27, 4, 9.44
1747789022, 1, 779, 1037, 1027, 14, 6.67%, 0, 27, 4, 8.96
1747789028, 1, 780, 1037, 1027, 14, 6.67%, 0, 27, 4, 10.03
1747789033, 1, 782, 1037, 1027, 14, 6.67%, 0, 27, 4, 8.18
1747789038, 1, 783, 1037, 1027, 14, 6.67%, 0, 27, 4, 8.27
1747789043, 1, 784, 1037, 1027, 14, 6.67%, 0, 27, 4, 11.22
1747789048, 1, 785, 1037, 1027, 14, 6.67%, 0, 27, 4, 10.22
1747789053, 1, 786, 1037, 1027, 14, 6.67%, 0, 27, 4, 8.88
1747789058, 1, 787, 1037, 1027, 14, 6.67%, 0, 27, 4, 10.30
1747789064, 1, 788, 1037, 1027, 14, 6.67%, 0, 27, 4, 11.82
1747789069, 1, 789, 1037, 1027, 14, 6.67%, 0, 27, 4, 13.11
1747789074, 1, 791, 1037, 1027, 14, 6.67%, 0, 27, 4, 11.93
1747789084, 1, 792, 1037, 1027, 14, 6.67%, 0, 27, 4, 8.29
1747789089, 1, 793, 1037, 1027, 14, 6.67%, 0, 27, 4, 9.02
1747789094, 1, 794, 1037, 1027, 14, 6.67%, 0, 27, 4, 11.96
1747789100, 1, 795, 1037, 1027, 14, 6.67%, 0, 27, 4, 10.80
1747789105, 1, 796, 1037, 1027, 14, 6.67%, 0, 28, 4, 1.00
1747789110, 1, 797, 1037, 1027, 14, 6.67%, 0, 28, 4, 15.64
1747789115, 1, 798, 1037, 1027, 14, 6.67%, 0, 28, 4, 11.50
1747789120, 1, 799, 1037, 1027, 14, 6.67%, 0, 28, 4, 9.91
1747789125, 1, 801, 1037, 1027, 14, 6.67%, 0, 28, 4, 10.15
1747789131, 1, 802, 1037, 1027, 14, 6.67%, 0, 28, 4, 12.23
1747789136, 1, 803, 1037, 1027, 14, 6.67%, 0, 28, 4, 9.91
1747789141, 1, 804, 1037, 1027, 14, 6.67%, 0, 28, 4, 10.60
1747789146, 1, 806, 1037, 1027, 14, 6.67%, 0, 28, 4, 11.01
1747789156, 1, 809, 1037, 1027, 14, 6.67%, 0, 28, 4, 11.16
1747789161, 1, 810, 1037, 1027, 14, 6.67%, 0, 28, 4, 9.55
1747789166, 1, 813, 1037, 1027, 14, 6.67%, 0, 28, 4, 11.77
1747789172, 1, 814, 1037, 1027, 14, 6.67%, 0, 28, 4, 12.16
1747789177, 1, 815, 1037, 1027, 14, 6.67%, 0, 28, 4, 9.14
1747789182, 1, 817, 1037, 1027, 14, 6.67%, 0, 28, 4, 10.63
1747789187, 1, 818, 1037, 1027, 14, 6.67%, 0, 29, 4, 14.10
1747789192, 1, 819, 1037, 1027, 14, 6.67%, 0, 29, 4, 12.21
1747789197, 1, 820, 1037, 1027, 14, 6.67%, 0, 29, 4, 9.66
1747789203, 1, 821, 1037, 1027, 14, 6.67%, 0, 29, 4, 11.55
1747789208, 1, 822, 1037, 1027, 14, 6.67%, 0, 29, 4, 10.64
1747789455, 1, 822, 1038, 1028, 14, 6.67%, 0, 29, 4, 4.72
1747789650, 1, 822, 1040, 1030, 14, 6.67%, 0, 29, 4, 5.64
1747789655, 1, 822, 1042, 1032, 14, 6.67%, 0, 29, 4, 5.67
1747789793, 1, 824, 1042, 1031, 13, 6.67%, 0, 29, 4, 14.10
1747789798, 1, 826, 1042, 1031, 13, 6.67%, 0, 29, 4, 13.37
1747789803, 1, 827, 1042, 1031, 13, 6.67%, 0, 29, 4, 11.64
1747789809, 1, 828, 1042, 1031, 13, 6.67%, 0, 29, 4, 9.58
1747789814, 1, 829, 1042, 1031, 13, 6.67%, 0, 29, 4, 12.91
1747789819, 1, 830, 1042, 1031, 13, 6.67%, 0, 30, 4, 12.19
1747789824, 1, 832, 1042, 1031, 13, 6.67%, 0, 30, 4, 12.55
1747789829, 1, 832, 1042, 1031, 13, 6.67%, 0, 31, 4, 10.28
1747789835, 1, 833, 1042, 1031, 13, 6.67%, 0, 31, 4, 11.75
1747789840, 1, 834, 1042, 1031, 13, 6.67%, 0, 31, 4, 11.50
1747789845, 1, 836, 1042, 1031, 13, 6.67%, 0, 31, 4, 12.06
1747789850, 1, 837, 1042, 1031, 13, 6.67%, 0, 31, 4, 11.94
1747789855, 1, 838, 1042, 1031, 13, 6.67%, 0, 31, 4, 12.28
1747789860, 1, 839, 1042, 1031, 13, 6.67%, 0, 31, 4, 12.31
1747789866, 1, 840, 1042, 1031, 13, 6.67%, 0, 31, 4, 10.16
1747789871, 1, 841, 1042, 1031, 13, 6.67%, 0, 31, 4, 11.05
1747789876, 1, 844, 1042, 1031, 13, 6.67%, 0, 31, 4, 12.52
1747789881, 1, 845, 1042, 1031, 13, 6.67%, 0, 31, 4, 13.04
1747789886, 1, 846, 1042, 1031, 13, 6.67%, 0, 31, 4, 10.49
1747789891, 1, 847, 1042, 1031, 13, 6.67%, 0, 31, 4, 10.95
1747789896, 1, 849, 1042, 1031, 13, 6.67%, 0, 31, 4, 10.13
1747789901, 1, 851, 1042, 1031, 13, 6.67%, 0, 31, 4, 10.89
1747789906, 1, 853, 1042, 1031, 13, 6.67%, 0, 31, 4, 11.81
1747789912, 1, 854, 1042, 1031, 13, 6.67%, 0, 31, 4, 9.90
1747789917, 1, 856, 1042, 1031, 13, 6.67%, 0, 32, 4, 14.07
1747789922, 1, 857, 1042, 1031, 13, 6.67%, 0, 32, 4, 11.32
1747790349, 1, 857, 1043, 1032, 13, 6.67%, 0, 32, 4, 5.93
1747790529, 1, 858, 1043, 1031, 12, 6.67%, 0, 32, 4, 10.62
1747790534, 1, 859, 1043, 1031, 12, 6.67%, 0, 32, 4, 11.50
1747790540, 1, 862, 1043, 1031, 12, 6.67%, 0, 32, 4, 8.79
1747790545, 1, 864, 1043, 1031, 12, 6.67%, 0, 32, 4, 8.57
1747790550, 1, 865, 1043, 1031, 12, 6.67%, 0, 32, 4, 8.90
1747790560, 1, 867, 1043, 1031, 12, 6.67%, 0, 32, 4, 9.47
1747790565, 1, 869, 1043, 1031, 12, 6.67%, 0, 32, 4, 12.35
1747790570, 1, 870, 1043, 1031, 12, 6.67%, 0, 32, 4, 10.05
1747790576, 1, 871, 1043, 1031, 12, 6.67%, 0, 32, 4, 10.69
1747790581, 1, 872, 1043, 1031, 12, 6.67%, 0, 32, 4, 11.20
1747790591, 1, 874, 1043, 1031, 12, 6.67%, 0, 32, 4, 11.12
1747790596, 1, 875, 1043, 1031, 12, 6.67%, 0, 32, 4, 14.31
1747790601, 1, 876, 1043, 1031, 12, 6.67%, 0, 32, 4, 12.78
1747790606, 1, 877, 1043, 1031, 12, 6.67%, 0, 32, 4, 15.81
1747790611, 1, 878, 1043, 1031, 12, 6.67%, 0, 32, 4, 10.97
1747790617, 1, 879, 1043, 1031, 12, 6.67%, 0, 32, 4, 12.24
1747790622, 1, 880, 1043, 1031, 12, 6.67%, 0, 32, 4, 8.83
1747790627, 1, 883, 1043, 1031, 12, 6.67%, 0, 32, 4, 8.45
1747790632, 1, 884, 1043, 1031, 12, 6.67%, 0, 32, 4, 10.16
1747790638, 1, 885, 1043, 1031, 12, 6.67%, 0, 32, 4, 11.19
1747790643, 1, 886, 1043, 1031, 12, 6.67%, 0, 32, 4, 11.37
1747790648, 1, 887, 1043, 1031, 12, 6.67%, 0, 32, 4, 9.71
1747790653, 1, 889, 1043, 1031, 12, 6.67%, 0, 32, 4, 8.48
1747790658, 1, 890, 1043, 1031, 12, 6.67%, 0, 32, 4, 8.46
1747790663, 1, 891, 1043, 1031, 12, 6.67%, 0, 32, 4, 11.68
1747790674, 1, 892, 1043, 1031, 12, 6.67%, 0, 32, 4, 14.32
1747790679, 1, 894, 1043, 1031, 12, 6.67%, 0, 32, 4, 13.06
1747790684, 1, 895, 1043, 1031, 12, 6.67%, 0, 32, 4, 11.60
1747790689, 1, 897, 1043, 1031, 12, 6.67%, 0, 32, 4, 9.46
1747790694, 1, 898, 1043, 1031, 12, 6.67%, 0, 32, 4, 12.35
1747790700, 1, 900, 1043, 1031, 12, 6.67%, 0, 32, 4, 11.56
1747790710, 1, 902, 1043, 1031, 12, 6.67%, 0, 32, 4, 10.63
1747790720, 1, 905, 1043, 1031, 12, 6.67%, 0, 32, 4, 12.59
1747790725, 1, 906, 1043, 1031, 12, 6.67%, 0, 32, 4, 10.86
1747790730, 1, 907, 1043, 1031, 12, 6.67%, 0, 32, 4, 12.08
1747790735, 1, 908, 1043, 1031, 12, 6.67%, 0, 32, 4, 11.40
1747790740, 1, 909, 1043, 1031, 12, 6.67%, 0, 32, 4, 11.11
1747790746, 1, 911, 1043, 1031, 12, 6.67%, 0, 32, 4, 13.01
1747790751, 1, 912, 1043, 1031, 12, 6.67%, 0, 32, 4, 12.83
1747790756, 1, 913, 1043, 1031, 12, 6.67%, 0, 32, 4, 12.49
1747790761, 1, 915, 1043, 1031, 12, 6.67%, 0, 32, 4, 12.25
1747790766, 1, 916, 1043, 1031, 12, 6.67%, 0, 32, 4, 12.21
1747790772, 1, 917, 1043, 1031, 12, 6.67%, 0, 32, 4, 10.87
1747790777, 1, 918, 1043, 1031, 12, 6.67%, 0, 32, 4, 10.06
1747790782, 1, 919, 1043, 1031, 12, 6.67%, 0, 32, 4, 8.33
1747790787, 1, 920, 1043, 1031, 12, 6.67%, 0, 32, 4, 9.92
1747790792, 1, 922, 1043, 1031, 12, 6.67%, 0, 32, 4, 13.15
1747790798, 1, 923, 1043, 1031, 12, 6.67%, 0, 32, 4, 13.28
1747790803, 1, 924, 1043, 1031, 12, 6.67%, 0, 32, 4, 11.38
1747790808, 1, 925, 1043, 1031, 12, 6.67%, 0, 32, 4, 10.42
1747790813, 1, 926, 1043, 1031, 12, 6.67%, 0, 32, 4, 12.42
1747790819, 1, 927, 1043, 1031, 12, 6.67%, 0, 32, 4, 11.41
1747790824, 1, 928, 1043, 1031, 12, 6.67%, 0, 32, 4, 10.92
1747790829, 1, 929, 1043, 1031, 12, 6.67%, 0, 32, 4, 9.41
1747790834, 1, 931, 1043, 1031, 12, 6.67%, 0, 32, 4, 10.03
1747790839, 1, 932, 1043, 1031, 12, 6.67%, 0, 32, 4, 9.19
1747790844, 1, 933, 1043, 1031, 12, 6.67%, 0, 33, 4, 12.18
1747790850, 1, 935, 1043, 1031, 12, 6.67%, 0, 33, 4, 11.93
1747790860, 1, 936, 1043, 1031, 12, 6.67%, 0, 33, 4, 8.56
1747790865, 1, 938, 1043, 1031, 12, 6.67%, 0, 33, 4, 10.06
1747790870, 1, 939, 1043, 1031, 12, 6.67%, 0, 33, 4, 10.75
1747790875, 1, 940, 1043, 1031, 12, 6.67%, 0, 33, 4, 6.11
1747790881, 1, 941, 1043, 1031, 12, 6.67%, 0, 33, 4, 8.44
1747790886, 1, 944, 1043, 1031, 12, 6.67%, 0, 33, 4, 11.39
1747790891, 1, 945, 1043, 1031, 12, 6.67%, 0, 33, 4, 15.53
1747790896, 1, 946, 1043, 1031, 12, 6.67%, 0, 33, 4, 11.29
1747790901, 1, 947, 1043, 1031, 12, 6.67%, 0, 33, 4, 10.51
1747790911, 1, 948, 1043, 1031, 12, 6.67%, 0, 33, 4, 9.34
1747790917, 1, 949, 1043, 1031, 12, 6.67%, 0, 33, 4, 8.18
1747790922, 1, 950, 1043, 1031, 12, 6.67%, 0, 33, 4, 12.93
1747790927, 1, 951, 1043, 1031, 12, 6.67%, 0, 33, 4, 10.91
1747790932, 1, 953, 1043, 1031, 12, 6.67%, 0, 33, 4, 11.43
1747790942, 1, 956, 1043, 1031, 12, 6.67%, 0, 33, 4, 12.79
1747790947, 1, 957, 1043, 1031, 12, 6.67%, 0, 33, 4, 11.03
1747790952, 1, 957, 1043, 1031, 12, 6.67%, 0, 34, 4, 10.56
1747790957, 1, 960, 1043, 1031, 12, 6.67%, 0, 34, 4, 9.25
1747790963, 1, 962, 1043, 1031, 12, 6.67%, 0, 34, 4, 9.44
1747790968, 1, 963, 1043, 1031, 12, 6.67%, 0, 34, 4, 8.89
1747790973, 1, 965, 1043, 1031, 12, 6.67%, 0, 34, 4, 10.35
1747790978, 1, 966, 1043, 1031, 12, 6.67%, 0, 34, 4, 8.87
1747790983, 1, 967, 1043, 1031, 12, 6.67%, 0, 34, 4, 12.26
1747790988, 1, 968, 1043, 1031, 12, 6.67%, 0, 34, 4, 1.81
1747790994, 1, 969, 1043, 1031, 12, 6.67%, 0, 34, 4, 11.64
1747790999, 1, 970, 1043, 1031, 12, 6.67%, 0, 34, 4, 11.04
1747791004, 1, 973, 1043, 1031, 12, 6.67%, 0, 34, 4, 11.83
1747791009, 1, 974, 1043, 1031, 12, 6.67%, 0, 34, 4, 11.42
1747791014, 1, 975, 1043, 1031, 12, 6.67%, 0, 34, 4, 11.23
1747791020, 1, 976, 1043, 1031, 12, 6.67%, 0, 34, 4, 10.85
1747791025, 1, 977, 1043, 1031, 12, 6.67%, 0, 34, 4, 9.54
1747791030, 1, 977, 1044, 1032, 12, 6.67%, 0, 34, 4, 8.12
1747791036, 1, 977, 1045, 1033, 12, 6.67%, 0, 34, 4, 6.83
1747791056, 1, 978, 1045, 1033, 12, 6.67%, 0, 34, 4, 9.29
1747791061, 1, 979, 1045, 1033, 12, 6.67%, 0, 34, 4, 11.03
1747791066, 1, 980, 1045, 1033, 12, 6.67%, 0, 34, 4, 10.74
1747791071, 1, 981, 1045, 1033, 12, 6.67%, 0, 34, 4, 12.62
1747791076, 1, 982, 1045, 1033, 12, 6.67%, 0, 34, 4, 3.29
1747791081, 1, 983, 1045, 1033, 12, 6.67%, 0, 34, 4, 7.20
1747791086, 1, 984, 1045, 1033, 12, 6.67%, 0, 34, 4, 8.06
1747791091, 1, 985, 1045, 1033, 12, 6.67%, 0, 34, 4, 12.78
1747791123, 1, 985, 1046, 1034, 12, 6.67%, 0, 34, 4, 16.11
1747791298, 1, 985, 1047, 1035, 12, 6.67%, 0, 34, 4, 10.37
1747791375, 1, 986, 1047, 1034, 11, 6.67%, 0, 34, 4, 12.71
1747791380, 1, 987, 1047, 1034, 11, 6.67%, 0, 34, 4, 10.75
1747791385, 1, 988, 1047, 1034, 11, 6.67%, 0, 34, 4, 8.89
1747791395, 1, 990, 1047, 1034, 11, 6.67%, 0, 34, 4, 11.55
1747791405, 1, 992, 1047, 1034, 11, 6.67%, 0, 34, 4, 9.84
1747791410, 1, 993, 1047, 1034, 11, 6.67%, 0, 34, 4, 7.83
1747791415, 1, 994, 1047, 1034, 11, 6.67%, 0, 34, 4, 9.59
1747791421, 1, 995, 1047, 1034, 11, 6.67%, 0, 34, 4, 12.00
1747791426, 1, 996, 1047, 1034, 11, 6.67%, 0, 35, 4, 2.03
1747791431, 1, 997, 1047, 1034, 11, 6.67%, 0, 35, 4, 9.02
1747791436, 1, 999, 1047, 1034, 11, 6.67%, 0, 35, 4, 9.01
1747791446, 1, 1000, 1047, 1034, 11, 6.67%, 0, 35, 4, 10.57
1747791683, 1, 1004, 1047, 1033, 10, 6.67%, 0, 35, 4, 29.85
1747791688, 1, 1004, 1048, 1034, 10, 6.67%, 0, 35, 5, 4.45
1747791724, 1, 1004, 1049, 1035, 10, 6.67%, 0, 35, 5, 4.13
1747791771, 1, 1004, 1050, 1036, 10, 6.67%, 0, 35, 5, 30.19
1747792053, 1, 1004, 1051, 1037, 10, 6.67%, 0, 35, 5, 4.11
1747792058, 1, 1004, 1052, 1038, 10, 6.67%, 0, 35, 5, 4.09
1747792376, 1, 1004, 1053, 1039, 10, 6.67%, 0, 35, 5, 4.06
1747792619, 1, 1005, 1053, 1038, 10, 6.67%, 0, 36, 5, 1.11
1747792624, 1, 1006, 1053, 1038, 10, 6.67%, 0, 36, 5, 11.81
1747792629, 1, 1007, 1053, 1038, 10, 6.67%, 0, 36, 5, 9.58
1747792634, 1, 1010, 1053, 1038, 10, 6.67%, 0, 36, 5, 11.88
1747792639, 1, 1011, 1053, 1038, 10, 6.67%, 0, 36, 5, 9.52
1747792645, 1, 1012, 1053, 1038, 10, 6.67%, 0, 36, 5, 10.49
1747792650, 1, 1013, 1053, 1038, 10, 6.67%, 0, 36, 5, 10.38
1747792655, 1, 1016, 1053, 1038, 10, 6.67%, 0, 36, 5, 10.00
1747792660, 1, 1017, 1053, 1038, 10, 6.67%, 0, 36, 5, 10.40
1747792666, 1, 1019, 1053, 1038, 10, 6.67%, 0, 36, 5, 12.98
1747792671, 1, 1021, 1053, 1038, 10, 6.67%, 0, 36, 5, 15.32
1747792676, 1, 1022, 1053, 1038, 10, 6.67%, 0, 36, 5, 11.13
1747792681, 1, 1023, 1053, 1038, 10, 6.67%, 0, 36, 5, 12.21
1747792686, 1, 1024, 1053, 1038, 10, 6.67%, 0, 36, 5, 8.86
1747792692, 1, 1025, 1053, 1038, 10, 6.67%, 0, 36, 5, 10.67
1747792697, 1, 1026, 1053, 1038, 10, 6.67%, 0, 36, 5, 10.04
1747792702, 1, 1027, 1053, 1038, 10, 6.67%, 0, 36, 5, 9.81
1747792707, 1, 1028, 1053, 1038, 10, 6.67%, 0, 36, 5, 11.12
1747792712, 1, 1030, 1053, 1038, 10, 6.67%, 0, 36, 5, 9.39
1747792717, 1, 1031, 1053, 1038, 10, 6.67%, 0, 36, 5, 11.04
1747792723, 1, 1034, 1053, 1038, 10, 6.67%, 0, 36, 5, 11.84
1747792728, 1, 1036, 1053, 1038, 10, 6.67%, 0, 36, 5, 11.25
1747792733, 1, 1037, 1053, 1038, 10, 6.67%, 0, 36, 5, 1.16
1747792738, 1, 1038, 1053, 1038, 10, 6.67%, 0, 36, 5, 11.32
1747792744, 1, 1039, 1053, 1038, 10, 6.67%, 0, 36, 5, 12.24
1747792749, 1, 1040, 1053, 1038, 10, 6.67%, 0, 36, 5, 8.47
1747792754, 1, 1041, 1053, 1038, 10, 6.67%, 0, 36, 5, 9.52
1747792759, 1, 1042, 1053, 1038, 10, 6.67%, 0, 36, 5, 10.42
1747792764, 1, 1043, 1053, 1038, 10, 6.67%, 0, 36, 5, 13.20
1747792770, 1, 1044, 1053, 1038, 10, 6.67%, 0, 36, 5, 10.43
1747792775, 1, 1046, 1053, 1038, 10, 6.67%, 0, 36, 5, 10.09
1747792780, 1, 1046, 1054, 1039, 10, 6.67%, 0, 36, 5, 8.56
1747792785, 1, 1046, 1054, 1039, 10, 6.67%, 0, 37, 5, 10.31
1747792791, 1, 1047, 1054, 1039, 10, 6.67%, 0, 38, 5, 8.10
1747792796, 1, 1049, 1054, 1039, 10, 6.67%, 0, 38, 5, 8.47
1747792801, 1, 1050, 1054, 1039, 10, 6.67%, 0, 38, 5, 12.28
1747792806, 1, 1053, 1054, 1039, 10, 6.67%, 0, 38, 5, 13.32
1747792812, 2, 0, 1054, 1039, 10, 6.67%, 0, 38, 5, 11.65
1747792817, 2, 1, 1054, 1039, 10, 6.67%, 0, 38, 5, 11.89
1747792822, 2, 5, 1054, 1039, 10, 6.67%, 0, 38, 5, 9.20
1747792827, 2, 6, 1054, 1039, 10, 6.67%, 0, 39, 5, 18.11
1747792832, 2, 7, 1054, 1039, 10, 6.67%, 0, 39, 5, 13.40
1747792837, 2, 8, 1054, 1039, 10, 6.67%, 0, 40, 5, 12.22
1747792842, 2, 9, 1054, 1039, 10, 6.67%, 0, 40, 5, 12.88
1747792847, 2, 10, 1054, 1039, 10, 6.67%, 0, 40, 5, 6.01
1747792852, 2, 11, 1054, 1039, 10, 6.67%, 0, 41, 5, 7.17
1747792858, 2, 14, 1054, 1039, 10, 6.67%, 0, 42, 5, 12.58
1747792863, 2, 15, 1054, 1039, 10, 6.67%, 0, 42, 5, 13.00
1747792868, 2, 16, 1054, 1039, 10, 6.67%, 0, 42, 5, 12.62
1747792873, 2, 17, 1054, 1039, 10, 6.67%, 0, 42, 5, 9.91
1747792878, 2, 18, 1054, 1039, 10, 6.67%, 0, 42, 5, 10.64
1747792884, 2, 19, 1054, 1039, 10, 6.67%, 0, 42, 5, 9.16
1747792889, 2, 20, 1054, 1039, 10, 6.67%, 0, 42, 5, 9.03
1747792899, 2, 21, 1054, 1039, 10, 6.67%, 0, 42, 5, 9.50
1747792905, 2, 22, 1054, 1039, 10, 6.67%, 0, 42, 5, 8.60
1747792910, 2, 23, 1054, 1039, 10, 6.67%, 0, 42, 5, 8.89
1747792915, 2, 24, 1055, 1040, 10, 6.67%, 0, 42, 5, 7.83
1747792931, 2, 28, 1055, 1040, 10, 6.67%, 0, 42, 5, 9.56
1747792936, 2, 29, 1055, 1040, 10, 6.67%, 0, 42, 5, 9.47
1747792942, 2, 32, 1055, 1040, 10, 6.67%, 0, 43, 5, 1.00
1747792947, 2, 34, 1055, 1040, 10, 6.67%, 0, 43, 5, 9.87
1747792952, 2, 35, 1055, 1040, 10, 6.67%, 0, 43, 5, 8.73
1747792957, 2, 36, 1055, 1040, 10, 6.67%, 0, 43, 5, 10.90
1747792962, 2, 37, 1055, 1040, 10, 6.67%, 0, 43, 5, 11.15
1747792968, 2, 38, 1055, 1040, 10, 6.67%, 0, 43, 5, 9.25
1747792973, 2, 39, 1055, 1040, 10, 6.67%, 0, 43, 5, 11.84
1747792978, 2, 39, 1055, 1040, 10, 6.67%, 0, 44, 5, 1.51
1747792984, 2, 40, 1055, 1040, 10, 6.67%, 0, 44, 5, 3.72
1747792989, 2, 41, 1055, 1040, 10, 6.67%, 0, 45, 5, 13.10
1747792994, 2, 43, 1055, 1040, 10, 6.67%, 0, 45, 5, 10.58
1747792999, 2, 44, 1055, 1040, 10, 6.67%, 0, 45, 5, 10.83
1747793004, 2, 45, 1055, 1040, 10, 6.67%, 0, 45, 5, 12.66
1747793009, 2, 46, 1055, 1040, 10, 6.67%, 0, 45, 5, 11.81
1747793014, 2, 47, 1055, 1040, 10, 6.67%, 0, 45, 5, 9.01
1747793020, 2, 48, 1056, 1041, 10, 6.67%, 0, 45, 5, 7.13
1747793030, 2, 50, 1056, 1041, 10, 6.67%, 0, 46, 5, 15.94
1747793035, 2, 51, 1056, 1041, 10, 6.67%, 0, 46, 5, 12.42
1747793040, 2, 52, 1056, 1041, 10, 6.67%, 0, 46, 5, 9.25
1747793050, 2, 53, 1056, 1041, 10, 6.67%, 0, 46, 5, 8.15
1747793055, 2, 55, 1056, 1041, 10, 6.67%, 0, 46, 5, 10.95
1747793060, 2, 57, 1056, 1041, 10, 6.67%, 0, 46, 5, 12.40
1747793065, 2, 58, 1056, 1041, 10, 6.67%, 0, 46, 5, 11.34
1747793070, 2, 60, 1056, 1041, 10, 6.67%, 0, 46, 5, 9.46
1747793076, 2, 61, 1056, 1041, 10, 6.67%, 0, 47, 5, 9.73
1747793081, 2, 62, 1056, 1041, 10, 6.67%, 0, 47, 5, 12.40
1747793086, 2, 63, 1056, 1041, 10, 6.67%, 0, 47, 5, 9.27
1747793091, 2, 64, 1056, 1041, 10, 6.67%, 0, 47, 5, 9.97
1747793096, 2, 66, 1056, 1041, 10, 6.67%, 0, 47, 5, 11.02
1747793101, 2, 67, 1056, 1041, 10, 6.67%, 0, 47, 5, 11.34
1747793106, 2, 69, 1056, 1041, 10, 6.67%, 0, 48, 5, 10.05
1747793111, 2, 71, 1056, 1041, 10, 6.67%, 0, 48, 5, 14.02
1747793117, 2, 73, 1056, 1041, 10, 6.67%, 0, 48, 5, 13.65
1747793122, 2, 74, 1056, 1041, 10, 6.67%, 0, 48, 5, 12.47
1747793127, 2, 75, 1056, 1041, 10, 6.67%, 0, 48, 5, 12.57
1747793132, 2, 76, 1056, 1041, 10, 6.67%, 0, 48, 5, 12.31
1747793138, 2, 77, 1056, 1041, 10, 6.67%, 0, 48, 5, 11.21
1747793143, 2, 79, 1056, 1041, 10, 6.67%, 0, 48, 5, 12.46
1747793153, 2, 81, 1056, 1041, 10, 6.67%, 0, 48, 5, 11.97
1747793158, 2, 82, 1056, 1041, 10, 6.67%, 0, 48, 5, 9.84
1747793169, 2, 83, 1056, 1041, 10, 6.67%, 0, 48, 5, 9.48
1747793174, 2, 84, 1056, 1041, 10, 6.67%, 0, 48, 5, 10.06
1747793179, 2, 85, 1056, 1041, 10, 6.67%, 0, 48, 5, 7.91
1747793184, 2, 86, 1056, 1041, 10, 6.67%, 0, 48, 5, 11.54
1747793189, 2, 87, 1056, 1041, 10, 6.67%, 0, 48, 5, 11.77
1747793194, 2, 88, 1056, 1041, 10, 6.67%, 0, 48, 5, 9.95
1747793200, 2, 90, 1056, 1041, 10, 6.67%, 0, 49, 5, 11.92
1747793205, 2, 94, 1056, 1041, 10, 6.67%, 0, 49, 5, 12.25
1747793210, 2, 95, 1056, 1041, 10, 6.67%, 0, 49, 5, 13.05
1747793215, 2, 96, 1056, 1041, 10, 6.67%, 0, 49, 5, 11.67
1747793220, 2, 97, 1056, 1041, 10, 6.67%, 0, 49, 5, 12.61
1747793225, 2, 100, 1056, 1041, 10, 6.67%, 0, 49, 5, 8.95
1747793231, 2, 101, 1056, 1041, 10, 6.67%, 0, 49, 5, 9.78
1747793236, 2, 104, 1056, 1041, 10, 6.67%, 0, 49, 5, 9.71
1747793241, 2, 105, 1056, 1041, 10, 6.67%, 0, 49, 5, 12.13
1747793246, 2, 106, 1056, 1041, 10, 6.67%, 0, 49, 5, 9.85
1747793251, 2, 108, 1056, 1041, 10, 6.67%, 0, 49, 5, 10.30
1747793256, 2, 109, 1056, 1041, 10, 6.67%, 0, 49, 5, 10.72
1747793261, 2, 110, 1056, 1041, 10, 6.67%, 0, 49, 5, 9.88
1747793267, 2, 111, 1057, 1042, 10, 6.67%, 0, 49, 5, 7.72
1747793277, 2, 112, 1057, 1042, 10, 6.67%, 0, 49, 5, 10.50
1747793282, 2, 114, 1057, 1042, 10, 6.67%, 0, 49, 5, 11.58
1747793287, 2, 115, 1057, 1042, 10, 6.67%, 0, 49, 5, 13.23
1747793293, 2, 116, 1057, 1042, 10, 6.67%, 0, 50, 5, 1.77
1747793298, 2, 117, 1057, 1042, 10, 6.67%, 0, 50, 5, 7.70
1747793304, 2, 118, 1057, 1042, 10, 6.67%, 0, 50, 5, 11.81
1747793309, 2, 120, 1057, 1042, 10, 6.67%, 0, 50, 5, 11.89
1747793314, 2, 121, 1057, 1042, 10, 6.67%, 0, 50, 5, 11.64
1747793319, 2, 126, 1057, 1042, 10, 6.67%, 0, 50, 5, 9.82
1747793324, 2, 127, 1057, 1042, 10, 6.67%, 0, 50, 5, 9.48
1747793329, 2, 128, 1057, 1042, 10, 6.67%, 0, 50, 5, 10.69
1747793334, 2, 129, 1057, 1042, 10, 6.67%, 0, 51, 5, 9.63
1747793339, 2, 130, 1057, 1042, 10, 6.67%, 0, 52, 5, 14.12
1747793345, 2, 131, 1057, 1042, 10, 6.67%, 0, 52, 5, 13.79
1747793350, 2, 132, 1057, 1042, 10, 6.67%, 0, 52, 5, 9.92
1747793355, 2, 134, 1057, 1042, 10, 6.67%, 0, 52, 5, 13.78
1747793360, 2, 136, 1057, 1042, 10, 6.67%, 0, 52, 5, 2.95
1747793365, 2, 137, 1057, 1042, 10, 6.67%, 0, 52, 5, 4.59
1747793370, 2, 138, 1057, 1042, 10, 6.67%, 0, 52, 5, 12.66
1747793376, 2, 139, 1057, 1042, 10, 6.67%, 0, 53, 5, 6.73
1747793381, 2, 140, 1057, 1042, 10, 6.67%, 0, 54, 5, 9.92
1747793386, 2, 141, 1057, 1042, 10, 6.67%, 0, 54, 5, 9.70
1747793396, 2, 142, 1057, 1042, 10, 6.67%, 0, 54, 5, 9.38
1747793401, 2, 144, 1057, 1042, 10, 6.67%, 0, 54, 5, 11.94
1747793406, 2, 145, 1057, 1042, 10, 6.67%, 0, 54, 5, 11.70
1747793412, 2, 146, 1057, 1042, 10, 6.67%, 0, 54, 5, 9.47
1747793417, 2, 147, 1057, 1042, 10, 6.67%, 0, 55, 5, 11.15
1747793423, 2, 147, 1058, 1043, 10, 6.67%, 0, 55, 5, 1.04
1747793433, 2, 147, 1058, 1043, 10, 6.67%, 0, 56, 5, 11.53
1747793438, 2, 148, 1058, 1043, 10, 6.67%, 0, 56, 5, 12.82
1747793444, 2, 149, 1058, 1043, 10, 6.67%, 0, 57, 5, 17.38
1747793449, 2, 151, 1058, 1043, 10, 6.67%, 0, 57, 5, 11.76
1747793454, 2, 152, 1058, 1043, 10, 6.67%, 0, 58, 5, 16.08
1747793459, 2, 153, 1058, 1043, 10, 6.67%, 0, 58, 5, 12.28
1747793464, 2, 154, 1058, 1043, 10, 6.67%, 0, 58, 5, 9.27
1747793470, 2, 155, 1058, 1043, 10, 6.67%, 0, 58, 5, 10.41
1747793475, 2, 156, 1058, 1043, 10, 6.67%, 0, 58, 5, 10.13
1747793480, 2, 157, 1058, 1043, 10, 6.67%, 0, 58, 5, 11.09
1747793485, 2, 159, 1058, 1043, 10, 6.67%, 0, 58, 5, 12.48
1747793491, 2, 161, 1058, 1043, 10, 6.67%, 0, 58, 5, 12.45
1747793496, 2, 162, 1058, 1043, 10, 6.67%, 0, 58, 5, 11.40
1747793502, 2, 163, 1058, 1043, 10, 6.67%, 0, 59, 5, 1.00
1747793507, 2, 164, 1058, 1043, 10, 6.67%, 0, 59, 5, 10.90
1747793512, 2, 165, 1058, 1043, 10, 6.67%, 0, 59, 5, 9.16
1747793517, 2, 167, 1058, 1043, 10, 6.67%, 0, 59, 5, 8.43
1747793522, 2, 169, 1058, 1043, 10, 6.67%, 0, 59, 5, 10.96
1747793527, 2, 172, 1058, 1043, 10, 6.67%, 0, 59, 5, 11.27
1747793533, 2, 173, 1058, 1043, 10, 6.67%, 0, 59, 5, 10.30
1747793538, 2, 174, 1058, 1043, 10, 6.67%, 0, 59, 5, 8.85
1747793543, 2, 176, 1058, 1043, 10, 6.67%, 0, 59, 5, 9.57
1747793548, 2, 177, 1058, 1043, 10, 6.67%, 0, 59, 5, 10.53
1747793558, 2, 179, 1058, 1043, 10, 6.67%, 0, 59, 5, 8.89
1747793563, 2, 180, 1058, 1043, 10, 6.67%, 0, 59, 5, 7.53
1747793568, 2, 181, 1058, 1043, 10, 6.67%, 0, 59, 5, 8.51
1747793574, 2, 182, 1058, 1043, 10, 6.67%, 0, 59, 5, 10.05
1747793579, 2, 182, 1058, 1043, 10, 6.67%, 0, 60, 5, 1.45
1747793584, 2, 183, 1058, 1043, 10, 6.67%, 0, 60, 5, 12.44
1747793589, 2, 184, 1058, 1043, 10, 6.67%, 0, 61, 5, 12.17
1747793594, 2, 186, 1058, 1043, 10, 6.67%, 0, 61, 5, 12.37
1747793600, 2, 187, 1058, 1043, 10, 6.67%, 0, 61, 5, 9.48
1747793605, 2, 190, 1058, 1043, 10, 6.67%, 0, 61, 5, 9.84
1747793610, 2, 191, 1058, 1043, 10, 6.67%, 0, 61, 5, 11.61
1747793615, 2, 192, 1058, 1043, 10, 6.67%, 0, 61, 5, 9.28
1747793621, 2, 193, 1058, 1043, 10, 6.67%, 0, 61, 5, 9.57
1747793626, 2, 194, 1058, 1043, 10, 6.67%, 0, 62, 5, 1.00
1747793636, 2, 195, 1058, 1043, 10, 6.67%, 0, 62, 5, 8.03
1747793641, 2, 197, 1058, 1043, 10, 6.67%, 0, 62, 5, 10.49
1747793646, 2, 198, 1058, 1043, 10, 6.67%, 0, 63, 5, 8.58
1747793652, 2, 199, 1058, 1043, 10, 6.67%, 0, 64, 5, 9.72
1747793657, 2, 200, 1058, 1043, 10, 6.67%, 0, 64, 5, 10.26
1747793662, 2, 201, 1058, 1043, 10, 6.67%, 0, 65, 5, 8.34
1747793667, 2, 202, 1058, 1043, 10, 6.67%, 0, 65, 5, 8.24
1747793678, 2, 203, 1058, 1043, 10, 6.67%, 0, 65, 5, 1.00
1747793683, 2, 205, 1058, 1043, 10, 6.67%, 0, 65, 5, 12.27
1747793688, 2, 207, 1058, 1043, 10, 6.67%, 0, 66, 5, 13.27
1747793693, 2, 214, 1058, 1043, 10, 6.67%, 0, 66, 5, 12.71
1747793703, 2, 216, 1058, 1043, 10, 6.67%, 0, 66, 5, 11.43
1747793709, 2, 217, 1058, 1043, 10, 6.67%, 0, 67, 5, 11.81
1747793714, 2, 218, 1058, 1043, 10, 6.67%, 0, 67, 5, 11.21
1747793719, 2, 219, 1058, 1043, 10, 6.67%, 0, 67, 5, 9.97
1747793729, 2, 221, 1058, 1043, 10, 6.67%, 0, 67, 5, 9.18
1747793734, 2, 222, 1058, 1043, 10, 6.67%, 0, 67, 5, 8.49
1747793740, 2, 223, 1058, 1043, 10, 6.67%, 0, 67, 5, 7.68
1747793745, 2, 224, 1059, 1044, 10, 6.67%, 0, 67, 5, 10.61
1747793766, 2, 225, 1059, 1044, 10, 6.67%, 0, 67, 5, 10.23
1747793771, 2, 226, 1059, 1044, 10, 6.67%, 0, 67, 5, 9.25
1747793776, 2, 227, 1059, 1044, 10, 6.67%, 0, 67, 5, 10.88
1747793781, 2, 228, 1059, 1044, 10, 6.67%, 0, 67, 5, 11.78
1747793786, 2, 229, 1059, 1044, 10, 6.67%, 0, 67, 5, 11.45
1747793791, 2, 231, 1059, 1044, 10, 6.67%, 0, 67, 5, 9.24
1747793796, 2, 233, 1059, 1044, 10, 6.67%, 0, 67, 5, 9.63
1747793802, 2, 234, 1059, 1044, 10, 6.67%, 0, 67, 5, 11.59
1747793807, 2, 235, 1059, 1044, 10, 6.67%, 0, 67, 5, 9.48
1747793812, 2, 237, 1059, 1044, 10, 6.67%, 0, 67, 5, 11.38
1747793822, 2, 239, 1060, 1045, 10, 6.67%, 0, 67, 5, 1.75
1747793827, 2, 239, 1061, 1046, 10, 6.67%, 0, 67, 5, 12.91
1747793832, 2, 239, 1061, 1046, 10, 6.67%, 0, 68, 5, 8.07
1747793838, 2, 239, 1061, 1046, 10, 6.67%, 0, 69, 5, 9.23
1747793848, 2, 240, 1061, 1046, 10, 6.67%, 0, 69, 5, 10.26
1747793853, 2, 241, 1061, 1046, 10, 6.67%, 0, 69, 5, 9.26
1747793858, 2, 242, 1061, 1046, 10, 6.67%, 0, 69, 5, 19.90
1747793864, 2, 243, 1062, 1047, 10, 6.67%, 0, 69, 5, 1.05
1747793875, 2, 244, 1062, 1047, 10, 6.67%, 0, 69, 5, 20.54
1747793880, 2, 245, 1062, 1047, 10, 6.67%, 0, 69, 5, 16.16
1747793885, 2, 247, 1062, 1047, 10, 6.67%, 0, 69, 5, 17.89
1747793890, 2, 248, 1062, 1047, 10, 6.67%, 0, 69, 5, 15.84
1747793896, 2, 249, 1063, 1048, 10, 6.67%, 0, 69, 5, 1.32
1747793906, 2, 250, 1063, 1048, 10, 6.67%, 0, 69, 5, 19.58
1747793911, 2, 252, 1063, 1048, 10, 6.67%, 0, 69, 5, 16.67
1747793916, 2, 255, 1063, 1048, 10, 6.67%, 0, 69, 5, 8.66
1747793922, 2, 256, 1064, 1049, 10, 6.67%, 0, 69, 5, 10.86
1747793927, 2, 258, 1064, 1049, 10, 6.67%, 0, 69, 5, 13.75
1747793932, 2, 260, 1064, 1049, 10, 6.67%, 0, 69, 5, 16.05
1747793937, 2, 261, 1064, 1049, 10, 6.67%, 0, 69, 5, 17.99
1747793942, 2, 263, 1064, 1049, 10, 6.67%, 0, 69, 5, 17.48
1747793947, 2, 266, 1064, 1049, 10, 6.67%, 0, 69, 5, 21.18
1747793953, 2, 268, 1064, 1049, 10, 6.67%, 0, 69, 5, 19.78
1747793958, 2, 270, 1064, 1049, 10, 6.67%, 0, 69, 5, 17.71
1747793963, 2, 271, 1064, 1049, 10, 6.67%, 0, 69, 5, 18.01
1747793968, 2, 272, 1065, 1050, 10, 6.67%, 0, 69, 5, 1.38
1747793978, 2, 274, 1065, 1050, 10, 6.67%, 0, 69, 5, 15.83
1747793984, 2, 274, 1066, 1051, 10, 6.67%, 0, 69, 5, 1.32
1747793994, 2, 279, 1066, 1051, 10, 6.67%, 0, 69, 5, 16.54
1747794000, 2, 281, 1066, 1051, 10, 6.67%, 0, 69, 5, 17.89
1747794005, 2, 282, 1066, 1051, 10, 6.67%, 0, 69, 5, 15.26
1747794010, 2, 283, 1066, 1051, 10, 6.67%, 0, 69, 5, 15.78
1747794015, 2, 286, 1066, 1051, 10, 6.67%, 0, 69, 5, 16.59
1747794020, 2, 288, 1066, 1051, 10, 6.67%, 0, 69, 5, 13.06
1747794025, 2, 291, 1067, 1052, 10, 6.67%, 0, 69, 5, 1.72
1747794035, 2, 292, 1067, 1052, 10, 6.67%, 0, 69, 5, 22.34
1747794040, 2, 294, 1067, 1052, 10, 6.67%, 0, 69, 5, 21.07
1747794046, 2, 297, 1067, 1052, 10, 6.67%, 0, 69, 5, 20.30
1747794051, 2, 298, 1067, 1052, 10, 6.67%, 0, 69, 5, 17.28
1747794056, 2, 303, 1067, 1052, 10, 6.67%, 0, 69, 5, 16.00
1747794061, 2, 306, 1067, 1052, 10, 6.67%, 0, 69, 5, 18.69
1747794066, 2, 307, 1067, 1052, 10, 6.67%, 0, 69, 5, 14.59
1747794071, 2, 308, 1067, 1052, 10, 6.67%, 0, 69, 5, 16.66
1747794077, 2, 312, 1067, 1052, 10, 6.67%, 0, 69, 5, 20.00
1747794082, 2, 313, 1067, 1052, 10, 6.67%, 0, 69, 5, 19.51
1747794087, 2, 315, 1068, 1053, 10, 6.67%, 0, 69, 5, 16.41
1747794092, 2, 315, 1069, 1054, 10, 6.67%, 0, 69, 5, 12.22
1747794102, 2, 316, 1069, 1054, 10, 6.67%, 0, 69, 5, 14.95
1747794107, 2, 317, 1069, 1054, 10, 6.67%, 0, 69, 5, 18.90
1747794112, 2, 320, 1069, 1054, 10, 6.67%, 0, 69, 5, 21.76
1747794117, 2, 323, 1069, 1054, 10, 6.67%, 0, 69, 5, 17.20
1747794123, 2, 326, 1069, 1054, 10, 6.67%, 0, 69, 5, 18.21
1747794128, 2, 327, 1069, 1054, 10, 6.67%, 0, 69, 5, 16.75
1747794133, 2, 329, 1069, 1054, 10, 6.67%, 0, 69, 5, 22.59
1747794138, 2, 331, 1069, 1054, 10, 6.67%, 0, 69, 5, 17.54
1747794143, 2, 333, 1069, 1054, 10, 6.67%, 0, 69, 5, 8.09
1747794149, 2, 334, 1069, 1054, 10, 6.67%, 0, 69, 5, 35.25
1747794154, 2, 336, 1069, 1054, 10, 6.67%, 0, 69, 5, 20.81
1747794159, 2, 338, 1069, 1054, 10, 6.67%, 0, 69, 5, 20.12
1747794164, 2, 340, 1069, 1054, 10, 6.67%, 0, 69, 5, 18.88
1747794170, 2, 341, 1069, 1054, 10, 6.67%, 0, 69, 5, 13.11
1747794175, 2, 343, 1069, 1054, 10, 6.67%, 0, 69, 5, 17.78
1747794180, 2, 344, 1069, 1054, 10, 6.67%, 0, 69, 5, 14.29
1747794185, 2, 346, 1069, 1054, 10, 6.67%, 0, 69, 5, 15.92
1747794190, 2, 348, 1069, 1054, 10, 6.67%, 0, 69, 5, 19.62
1747794196, 2, 352, 1069, 1054, 10, 6.67%, 0, 69, 5, 18.90
1747794201, 2, 354, 1069, 1054, 10, 6.67%, 0, 69, 5, 17.80
1747794206, 2, 356, 1069, 1054, 10, 6.67%, 0, 69, 5, 17.72
1747794211, 2, 358, 1069, 1054, 10, 6.67%, 0, 69, 5, 15.73
1747794216, 2, 360, 1069, 1054, 10, 6.67%, 0, 69, 5, 15.59
1747794221, 2, 361, 1069, 1054, 10, 6.67%, 0, 69, 5, 15.53
1747794226, 2, 363, 1069, 1054, 10, 6.67%, 0, 69, 5, 17.77
1747794232, 2, 364, 1069, 1054, 10, 6.67%, 0, 69, 5, 14.01
1747794237, 2, 367, 1069, 1054, 10, 6.67%, 0, 69, 5, 14.43
1747794242, 2, 369, 1070, 1055, 10, 6.67%, 0, 69, 5, 17.71
1747794252, 2, 370, 1070, 1055, 10, 6.67%, 0, 69, 5, 15.14
1747794257, 2, 371, 1070, 1055, 10, 6.67%, 0, 69, 5, 14.18
1747794262, 2, 375, 1070, 1055, 10, 6.67%, 0, 69, 5, 14.85
1747794267, 2, 376, 1070, 1055, 10, 6.67%, 0, 69, 5, 15.14
1747794272, 2, 378, 1070, 1055, 10, 6.67%, 0, 69, 5, 19.36
1747794278, 2, 380, 1070, 1055, 10, 6.67%, 0, 69, 5, 22.82
1747794283, 2, 382, 1070, 1055, 10, 6.67%, 0, 69, 5, 18.12
1747794288, 2, 383, 1071, 1056, 10, 6.67%, 0, 69, 5, 21.44
1747794293, 2, 385, 1071, 1056, 10, 6.67%, 0, 69, 5, 17.49
1747794298, 2, 387, 1071, 1056, 10, 6.67%, 0, 69, 5, 18.51
1747794303, 2, 389, 1071, 1056, 10, 6.67%, 0, 69, 5, 19.00
1747794308, 2, 392, 1071, 1056, 10, 6.67%, 0, 69, 5, 3.37
1747794313, 2, 393, 1071, 1056, 10, 6.67%, 0, 69, 5, 19.59
1747794318, 2, 394, 1071, 1056, 10, 6.67%, 0, 70, 5, 16.17
1747794324, 2, 395, 1071, 1056, 10, 6.67%, 0, 70, 5, 13.40
1747794329, 2, 397, 1071, 1056, 10, 6.67%, 0, 70, 5, 12.18
1747794334, 2, 398, 1071, 1056, 10, 6.67%, 0, 71, 5, 15.72
1747794339, 2, 399, 1071, 1056, 10, 6.67%, 0, 71, 5, 2.33
1747794344, 2, 400, 1071, 1056, 10, 6.67%, 0, 71, 5, 14.23
1747794349, 2, 402, 1071, 1056, 10, 6.67%, 0, 71, 5, 12.43
1747794354, 2, 403, 1071, 1056, 10, 6.67%, 0, 71, 5, 9.66
1747794360, 2, 404, 1071, 1056, 10, 6.67%, 0, 72, 5, 6.04
1747794365, 2, 407, 1071, 1056, 10, 6.67%, 0, 72, 5, 10.79
1747794370, 2, 409, 1071, 1056, 10, 6.67%, 0, 72, 5, 12.81
1747794375, 2, 410, 1071, 1056, 10, 6.67%, 0, 72, 5, 12.83
1747794380, 2, 411, 1072, 1057, 10, 6.67%, 0, 72, 5, 11.31
1747794391, 2, 412, 1072, 1057, 10, 6.67%, 0, 73, 5, 1.00
1747794396, 2, 414, 1072, 1057, 10, 6.67%, 0, 73, 5, 8.61
1747794401, 2, 415, 1072, 1057, 10, 6.67%, 0, 73, 5, 8.86
1747794406, 2, 416, 1072, 1057, 10, 6.67%, 0, 73, 5, 8.44
1747794412, 2, 418, 1072, 1057, 10, 6.67%, 0, 73, 5, 10.01
1747794417, 2, 419, 1072, 1057, 10, 6.67%, 0, 73, 5, 9.43
1747794422, 2, 420, 1072, 1057, 10, 6.67%, 0, 73, 5, 9.81
1747794427, 2, 421, 1072, 1057, 10, 6.67%, 0, 73, 5, 11.58
1747794432, 2, 422, 1072, 1057, 10, 6.67%, 0, 74, 5, 11.01
1747794443, 2, 423, 1072, 1057, 10, 6.67%, 0, 74, 5, 1.78
1747794449, 2, 426, 1072, 1057, 10, 6.67%, 0, 74, 5, 13.23
1747794459, 2, 428, 1072, 1057, 10, 6.67%, 0, 74, 5, 8.94
1747794464, 2, 430, 1072, 1057, 10, 6.67%, 0, 74, 5, 10.13
1747794469, 2, 432, 1072, 1057, 10, 6.67%, 0, 74, 5, 11.45
1747794474, 2, 435, 1072, 1057, 10, 6.67%, 0, 74, 5, 10.21
1747794479, 2, 436, 1072, 1057, 10, 6.67%, 0, 74, 5, 10.87
1747794484, 2, 437, 1072, 1057, 10, 6.67%, 0, 74, 5, 8.80
1747794490, 2, 440, 1072, 1057, 10, 6.67%, 0, 74, 5, 9.39
1747794495, 2, 441, 1072, 1057, 10, 6.67%, 0, 74, 5, 11.08
1747794500, 2, 442, 1072, 1057, 10, 6.67%, 0, 74, 5, 8.58
1747794505, 2, 443, 1072, 1057, 10, 6.67%, 0, 74, 5, 10.61
1747794510, 2, 444, 1072, 1057, 10, 6.67%, 0, 74, 5, 10.44
1747794515, 2, 445, 1072, 1057, 10, 6.67%, 0, 74, 5, 8.60
1747794520, 2, 446, 1072, 1057, 10, 6.67%, 0, 74, 5, 9.36
1747794525, 2, 447, 1072, 1057, 10, 6.67%, 0, 74, 5, 7.76
1747794531, 2, 449, 1072, 1057, 10, 6.67%, 0, 74, 5, 1.67
1747794536, 2, 450, 1072, 1057, 10, 6.67%, 0, 74, 5, 10.49
1747794541, 2, 451, 1072, 1057, 10, 6.67%, 0, 74, 5, 9.77
1747794546, 2, 452, 1072, 1057, 10, 6.67%, 0, 74, 5, 12.31
1747794551, 2, 453, 1072, 1057, 10, 6.67%, 0, 74, 5, 11.91
1747794556, 2, 454, 1072, 1057, 10, 6.67%, 0, 74, 5, 10.87
1747794561, 2, 455, 1072, 1057, 10, 6.67%, 0, 74, 5, 9.49
1747794567, 2, 456, 1072, 1057, 10, 6.67%, 0, 74, 5, 8.74
1747794577, 2, 457, 1072, 1057, 10, 6.67%, 0, 74, 5, 8.03
1747794582, 2, 460, 1072, 1057, 10, 6.67%, 0, 74, 5, 10.08
1747794588, 2, 461, 1072, 1057, 10, 6.67%, 0, 74, 5, 8.89
1747794593, 2, 462, 1072, 1057, 10, 6.67%, 0, 74, 5, 9.85
1747794598, 2, 463, 1072, 1057, 10, 6.67%, 0, 74, 5, 10.05
1747794603, 2, 466, 1072, 1057, 10, 6.67%, 0, 74, 5, 10.85
1747794608, 2, 467, 1072, 1057, 10, 6.67%, 0, 74, 5, 11.13
1747794614, 2, 468, 1072, 1057, 10, 6.67%, 0, 74, 5, 10.41
1747794619, 2, 469, 1072, 1057, 10, 6.67%, 0, 75, 5, 22.23
1747794624, 2, 470, 1072, 1057, 10, 6.67%, 0, 75, 5, 13.18
1747794629, 2, 471, 1072, 1057, 10, 6.67%, 0, 75, 5, 4.35
1747794634, 2, 474, 1072, 1057, 10, 6.67%, 0, 75, 5, 6.35
1747794639, 2, 475, 1072, 1057, 10, 6.67%, 0, 76, 5, 1.00
1747794644, 2, 476, 1072, 1057, 10, 6.67%, 0, 76, 5, 10.44
1747794655, 2, 477, 1072, 1057, 10, 6.67%, 0, 76, 5, 9.26
1747794660, 2, 479, 1072, 1057, 10, 6.67%, 0, 76, 5, 11.64
1747794665, 2, 480, 1072, 1057, 10, 6.67%, 0, 76, 5, 10.94
1747794670, 2, 481, 1072, 1057, 10, 6.67%, 0, 76, 5, 9.34
1747794680, 2, 484, 1072, 1057, 10, 6.67%, 0, 76, 5, 11.04
1747794686, 2, 485, 1072, 1057, 10, 6.67%, 0, 76, 5, 1.65
1747794691, 2, 486, 1072, 1057, 10, 6.67%, 0, 76, 5, 8.87
1747794696, 2, 487, 1072, 1057, 10, 6.67%, 0, 76, 5, 9.67
1747794701, 2, 488, 1072, 1057, 10, 6.67%, 0, 76, 5, 11.23
1747794707, 2, 489, 1072, 1057, 10, 6.67%, 0, 76, 5, 9.93
1747794712, 2, 490, 1072, 1057, 10, 6.67%, 0, 76, 5, 10.57
1747794718, 2, 491, 1072, 1057, 10, 6.67%, 0, 77, 5, 7.96
1747794723, 2, 492, 1072, 1057, 10, 6.67%, 0, 77, 5, 8.16
1747794728, 2, 492, 1072, 1057, 10, 6.67%, 0, 78, 5, 7.93
1747794733, 2, 494, 1072, 1057, 10, 6.67%, 0, 78, 5, 8.58
1747794739, 2, 495, 1072, 1057, 10, 6.67%, 0, 78, 5, 8.76
1747794744, 2, 496, 1072, 1057, 10, 6.67%, 0, 79, 5, 7.25
1747794754, 2, 498, 1072, 1057, 10, 6.67%, 0, 79, 5, 9.90
1747794759, 2, 499, 1072, 1057, 10, 6.67%, 0, 79, 5, 11.01
1747794764, 2, 501, 1072, 1057, 10, 6.67%, 0, 79, 5, 12.95
1747794774, 2, 502, 1072, 1057, 10, 6.67%, 0, 79, 5, 10.19
1747794780, 2, 503, 1072, 1057, 10, 6.67%, 0, 79, 5, 11.07
1747794785, 2, 506, 1072, 1057, 10, 6.67%, 0, 79, 5, 11.25
1747794790, 2, 507, 1072, 1057, 10, 6.67%, 0, 79, 5, 11.14
1747794795, 2, 510, 1072, 1057, 10, 6.67%, 0, 79, 5, 9.65
1747794800, 2, 511, 1072, 1057, 10, 6.67%, 0, 79, 5, 9.63
1747794811, 2, 513, 1072, 1057, 10, 6.67%, 0, 79, 5, 11.02
1747794816, 2, 514, 1072, 1057, 10, 6.67%, 0, 79, 5, 10.58
1747794821, 2, 516, 1072, 1057, 10, 6.67%, 0, 79, 5, 11.30
1747794826, 2, 518, 1072, 1057, 10, 6.67%, 0, 79, 5, 12.01
1747794831, 2, 519, 1072, 1057, 10, 6.67%, 0, 79, 5, 11.63
1747794836, 2, 520, 1072, 1057, 10, 6.67%, 0, 79, 5, 10.31
1747794842, 2, 521, 1072, 1057, 10, 6.67%, 0, 79, 5, 10.40
1747794847, 2, 522, 1072, 1057, 10, 6.67%, 0, 79, 5, 13.97
1747794852, 2, 523, 1072, 1057, 10, 6.67%, 0, 79, 5, 11.06
1747794857, 2, 525, 1072, 1057, 10, 6.67%, 0, 79, 5, 10.89
1747794862, 2, 527, 1072, 1057, 10, 6.67%, 0, 79, 5, 10.66
1747794868, 2, 528, 1072, 1057, 10, 6.67%, 0, 79, 5, 12.13
1747794873, 2, 529, 1072, 1057, 10, 6.67%, 0, 80, 5, 2.95
1747794878, 2, 531, 1072, 1057, 10, 6.67%, 0, 80, 5, 11.99
1747794883, 2, 532, 1072, 1057, 10, 6.67%, 0, 80, 5, 11.40
1747794888, 2, 533, 1072, 1057, 10, 6.67%, 0, 80, 5, 9.11
1747794893, 2, 534, 1072, 1057, 10, 6.67%, 0, 80, 5, 10.53
1747794899, 2, 536, 1072, 1057, 10, 6.67%, 0, 80, 5, 10.43
1747794904, 2, 537, 1072, 1057, 10, 6.67%, 0, 80, 5, 11.56
1747794909, 2, 538, 1072, 1057, 10, 6.67%, 0, 80, 5, 9.94
1747794919, 2, 539, 1072, 1057, 10, 6.67%, 0, 81, 5, 8.95
1747794924, 2, 541, 1072, 1057, 10, 6.67%, 0, 81, 5, 11.36
1747794929, 2, 542, 1072, 1057, 10, 6.67%, 0, 81, 5, 9.26
1747794934, 2, 545, 1072, 1057, 10, 6.67%, 0, 81, 5, 11.68
1747794945, 2, 546, 1072, 1057, 10, 6.67%, 0, 81, 5, 10.09
1747794950, 2, 548, 1072, 1057, 10, 6.67%, 0, 81, 5, 12.93
1747794955, 2, 549, 1072, 1057, 10, 6.67%, 0, 81, 5, 11.72
1747794960, 2, 551, 1072, 1057, 10, 6.67%, 0, 81, 5, 12.44
1747794965, 2, 552, 1072, 1057, 10, 6.67%, 0, 81, 5, 18.10
1747794970, 2, 553, 1072, 1057, 10, 6.67%, 0, 81, 5, 12.64
1747794975, 2, 554, 1072, 1057, 10, 6.67%, 0, 81, 5, 16.38
1747794980, 2, 555, 1072, 1057, 10, 6.67%, 0, 83, 5, 10.45
1747794991, 2, 558, 1072, 1057, 10, 6.67%, 0, 83, 5, 11.48
1747794996, 2, 559, 1072, 1057, 10, 6.67%, 0, 83, 5, 13.46
1747795001, 2, 560, 1072, 1057, 10, 6.67%, 0, 83, 5, 10.74
1747795006, 2, 561, 1072, 1057, 10, 6.67%, 0, 83, 5, 15.52
1747795012, 2, 562, 1072, 1057, 10, 6.67%, 0, 83, 5, 9.77
1747795017, 2, 562, 1073, 1058, 10, 6.67%, 0, 83, 5, 8.10
1747795027, 2, 563, 1073, 1058, 10, 6.67%, 0, 84, 5, 10.88
1747795032, 2, 563, 1074, 1059, 10, 6.67%, 0, 84, 5, 7.13
1747795042, 2, 565, 1074, 1059, 10, 6.67%, 0, 84, 5, 10.33
1747795048, 2, 566, 1074, 1059, 10, 6.67%, 0, 84, 5, 10.61
1747795053, 2, 567, 1074, 1059, 10, 6.67%, 0, 84, 5, 12.36
1747795058, 2, 568, 1074, 1059, 10, 6.67%, 0, 84, 5, 10.70
1747795063, 2, 570, 1074, 1059, 10, 6.67%, 0, 84, 5, 9.86
1747795068, 2, 572, 1074, 1059, 10, 6.67%, 0, 84, 5, 9.15
1747795073, 2, 574, 1074, 1059, 10, 6.67%, 0, 84, 5, 11.80
1747795078, 2, 575, 1074, 1059, 10, 6.67%, 0, 85, 5, 9.91
1747795083, 2, 576, 1074, 1059, 10, 6.67%, 0, 85, 5, 11.85
1747795088, 2, 578, 1074, 1059, 10, 6.67%, 0, 85, 5, 11.66
1747795094, 2, 580, 1074, 1059, 10, 6.67%, 0, 85, 5, 13.16
1747795099, 2, 581, 1074, 1059, 10, 6.67%, 0, 85, 5, 10.03
1747795104, 2, 582, 1074, 1059, 10, 6.67%, 0, 85, 5, 11.48
1747795109, 2, 584, 1074, 1059, 10, 6.67%, 0, 85, 5, 12.13
1747795114, 2, 584, 1074, 1059, 10, 6.67%, 0, 86, 5, 18.69
1747795119, 2, 585, 1074, 1059, 10, 6.67%, 0, 86, 5, 19.96
1747795124, 2, 586, 1074, 1059, 10, 6.67%, 0, 86, 5, 14.25
1747795129, 2, 587, 1074, 1059, 10, 6.67%, 0, 86, 5, 13.46
1747795135, 2, 588, 1074, 1059, 10, 6.67%, 0, 86, 5, 10.56
1747795140, 2, 589, 1074, 1059, 10, 6.67%, 0, 86, 5, 10.20
1747795145, 2, 590, 1074, 1059, 10, 6.67%, 0, 87, 5, 9.50
1747795150, 2, 592, 1074, 1059, 10, 6.67%, 0, 87, 5, 9.49
1747795161, 2, 595, 1074, 1059, 10, 6.67%, 0, 87, 5, 14.85
1747795166, 2, 596, 1074, 1059, 10, 6.67%, 0, 87, 5, 8.03
1747795171, 2, 597, 1074, 1059, 10, 6.67%, 0, 87, 5, 8.45
1747795176, 2, 598, 1074, 1059, 10, 6.67%, 0, 87, 5, 11.77
1747795181, 2, 599, 1074, 1059, 10, 6.67%, 0, 87, 5, 10.40
1747795186, 2, 600, 1074, 1059, 10, 6.67%, 0, 87, 5, 10.03
1747795191, 2, 602, 1074, 1059, 10, 6.67%, 0, 87, 5, 9.87
1747795196, 2, 603, 1074, 1059, 10, 6.67%, 0, 87, 5, 11.81
1747795201, 2, 604, 1074, 1059, 10, 6.67%, 0, 88, 5, 11.14
1747795207, 2, 604, 1074, 1059, 10, 6.67%, 0, 89, 5, 1.00
1747795212, 2, 605, 1074, 1059, 10, 6.67%, 0, 89, 5, 10.65
1747795217, 2, 606, 1074, 1059, 10, 6.67%, 0, 89, 5, 10.56
1747795222, 2, 609, 1074, 1059, 10, 6.67%, 0, 89, 5, 12.26
1747795228, 2, 611, 1074, 1059, 10, 6.67%, 0, 89, 5, 14.87
1747795233, 2, 613, 1074, 1059, 10, 6.67%, 0, 89, 5, 12.53
1747795238, 2, 614, 1074, 1059, 10, 6.67%, 0, 89, 5, 10.48
1747795243, 2, 616, 1074, 1059, 10, 6.67%, 0, 89, 5, 9.13
1747795248, 2, 617, 1074, 1059, 10, 6.67%, 0, 89, 5, 10.78
1747795254, 2, 618, 1074, 1059, 10, 6.67%, 0, 90, 5, 1.00
1747795264, 2, 620, 1074, 1059, 10, 6.67%, 0, 90, 5, 8.93
1747795269, 2, 622, 1074, 1059, 10, 6.67%, 0, 90, 5, 8.89
1747795274, 2, 623, 1074, 1059, 10, 6.67%, 0, 90, 5, 8.76
1747795279, 2, 624, 1074, 1059, 10, 6.67%, 0, 90, 5, 9.18
1747795285, 2, 625, 1074, 1059, 10, 6.67%, 0, 90, 5, 9.31
1747795295, 2, 626, 1074, 1059, 10, 6.67%, 0, 90, 5, 8.81
1747795300, 2, 627, 1074, 1059, 10, 6.67%, 0, 90, 5, 8.90
1747795305, 2, 628, 1074, 1059, 10, 6.67%, 0, 90, 5, 8.10
1747795310, 2, 629, 1074, 1059, 10, 6.67%, 0, 91, 5, 16.75
1747795315, 2, 630, 1074, 1059, 10, 6.67%, 0, 91, 5, 13.86
1747795320, 2, 632, 1074, 1059, 10, 6.67%, 0, 91, 5, 10.38
1747795326, 2, 633, 1074, 1059, 10, 6.67%, 0, 91, 5, 9.41
1747795331, 2, 634, 1074, 1059, 10, 6.67%, 0, 91, 5, 10.24
1747795336, 2, 635, 1074, 1059, 10, 6.67%, 0, 91, 5, 9.04
1747795347, 2, 637, 1074, 1059, 10, 6.67%, 0, 91, 5, 8.89
1747795352, 2, 638, 1074, 1059, 10, 6.67%, 0, 91, 5, 11.61
1747795357, 2, 639, 1074, 1059, 10, 6.67%, 0, 91, 5, 11.90
1747795362, 2, 641, 1074, 1059, 10, 6.67%, 0, 91, 5, 11.22
1747795367, 2, 642, 1074, 1059, 10, 6.67%, 0, 91, 5, 10.61
1747795372, 2, 642, 1074, 1059, 10, 6.67%, 0, 92, 5, 2.40
1747795378, 2, 644, 1074, 1059, 10, 6.67%, 0, 92, 5, 12.76
1747795383, 2, 645, 1074, 1059, 10, 6.67%, 0, 92, 5, 11.36
1747795388, 2, 646, 1074, 1059, 10, 6.67%, 0, 92, 5, 10.60
1747795393, 2, 647, 1074, 1059, 10, 6.67%, 0, 93, 5, 6.88
1747795403, 2, 648, 1074, 1059, 10, 6.67%, 0, 94, 5, 13.75
1747795408, 2, 650, 1074, 1059, 10, 6.67%, 0, 94, 5, 11.53
1747795414, 2, 651, 1074, 1059, 10, 6.67%, 0, 94, 5, 1.00
1747795419, 2, 652, 1074, 1059, 10, 6.67%, 0, 94, 5, 6.41
1747795430, 2, 653, 1074, 1059, 10, 6.67%, 0, 94, 5, 8.72
1747795435, 2, 654, 1074, 1059, 10, 6.67%, 0, 94, 5, 10.36
1747795440, 2, 655, 1074, 1059, 10, 6.67%, 0, 94, 5, 8.82
1747795445, 2, 656, 1074, 1059, 10, 6.67%, 0, 94, 5, 8.60
1747795450, 2, 657, 1074, 1059, 10, 6.67%, 0, 94, 5, 8.54
1747795460, 2, 659, 1074, 1059, 10, 6.67%, 0, 94, 5, 9.00
1747795465, 2, 661, 1074, 1059, 10, 6.67%, 0, 95, 5, 10.71
1747795470, 2, 662, 1074, 1059, 10, 6.67%, 0, 95, 5, 9.81
1747795476, 2, 663, 1074, 1059, 10, 6.67%, 0, 95, 5, 10.74
1747795501, 2, 663, 1075, 1060, 10, 6.67%, 0, 95, 5, 8.82
1747795676, 2, 663, 1076, 1061, 10, 6.67%, 0, 95, 5, 7.82
1747795696, 2, 663, 1076, 1061, 10, 6.67%, 0, 96, 5, 14.27
1747795702, 2, 663, 1076, 1061, 10, 6.67%, 0, 97, 5, 1.79
1747795707, 2, 664, 1076, 1060, 9, 6.67%, 0, 97, 5, 12.07
1747795712, 2, 666, 1077, 1061, 9, 6.67%, 0, 97, 5, 7.49
1747795718, 2, 666, 1077, 1061, 9, 6.67%, 0, 98, 5, 17.27
1747795723, 2, 666, 1077, 1061, 9, 6.67%, 0, 99, 5, 1.93
1747795729, 2, 667, 1077, 1061, 9, 6.67%, 0, 99, 5, 9.38
1747795734, 2, 668, 1077, 1061, 9, 6.67%, 0, 99, 5, 9.50
1747795739, 2, 670, 1077, 1061, 9, 6.67%, 0, 99, 5, 8.75
1747795744, 2, 672, 1077, 1061, 9, 6.67%, 0, 100, 5, 8.76
1747795749, 2, 672, 1078, 1062, 9, 6.67%, 0, 100, 5, 6.96
1747795759, 2, 674, 1078, 1062, 9, 6.67%, 0, 100, 5, 8.50
1747795765, 2, 674, 1079, 1063, 9, 6.67%, 0, 100, 5, 1.54
1747795780, 2, 676, 1079, 1063, 9, 6.67%, 0, 100, 5, 13.91
1747795790, 2, 677, 1079, 1063, 9, 6.67%, 0, 100, 5, 9.15
1747795796, 2, 678, 1079, 1063, 9, 6.67%, 0, 100, 5, 10.33
1747795801, 2, 679, 1079, 1063, 9, 6.67%, 0, 100, 5, 10.49
1747795806, 2, 681, 1079, 1063, 9, 6.67%, 0, 100, 5, 9.54
1747795811, 2, 682, 1079, 1063, 9, 6.67%, 0, 100, 5, 10.76
1747795816, 2, 683, 1079, 1063, 9, 6.67%, 0, 100, 5, 11.14
1747795821, 2, 684, 1079, 1063, 9, 6.67%, 0, 100, 5, 9.57
1747795826, 2, 686, 1079, 1063, 9, 6.67%, 0, 100, 5, 19.46
1747795831, 2, 687, 1079, 1063, 9, 6.67%, 0, 101, 5, 4.88
1747795837, 2, 688, 1079, 1063, 9, 6.67%, 0, 101, 5, 7.96
1747795842, 2, 689, 1079, 1063, 9, 6.67%, 0, 101, 5, 9.38
1747795847, 2, 690, 1079, 1063, 9, 6.67%, 0, 101, 5, 12.69
1747795852, 2, 694, 1079, 1063, 9, 6.67%, 0, 101, 5, 10.73
1747795857, 2, 696, 1079, 1063, 9, 6.67%, 0, 101, 5, 10.84
1747795862, 2, 697, 1079, 1063, 9, 6.67%, 0, 101, 5, 12.72
1747795867, 2, 698, 1079, 1063, 9, 6.67%, 0, 101, 5, 11.42
1747795872, 2, 700, 1079, 1063, 9, 6.67%, 0, 101, 5, 12.23
1747795878, 2, 701, 1079, 1063, 9, 6.67%, 0, 101, 5, 5.15
1747795883, 2, 702, 1079, 1063, 9, 6.67%, 0, 101, 5, 7.98
1747795893, 2, 703, 1079, 1063, 9, 6.67%, 0, 101, 5, 9.97
1747795898, 2, 705, 1079, 1063, 9, 6.67%, 0, 101, 5, 10.28
1747795903, 2, 707, 1079, 1063, 9, 6.67%, 0, 101, 5, 11.80
1747795909, 2, 708, 1079, 1063, 9, 6.67%, 0, 101, 5, 11.84
1747795920, 2, 711, 1079, 1063, 9, 6.67%, 0, 101, 5, 12.36
1747795930, 2, 712, 1079, 1063, 9, 6.67%, 0, 102, 5, 9.47
1747795935, 2, 713, 1079, 1063, 9, 6.67%, 0, 102, 5, 8.81
1747795940, 2, 717, 1079, 1063, 9, 6.67%, 0, 102, 5, 10.28
1747795945, 2, 718, 1079, 1063, 9, 6.67%, 0, 102, 5, 10.56
1747795951, 2, 719, 1079, 1063, 9, 6.67%, 0, 102, 5, 7.87
1747795956, 2, 720, 1079, 1063, 9, 6.67%, 0, 102, 5, 8.99
1747795961, 2, 721, 1079, 1063, 9, 6.67%, 0, 103, 5, 11.57
1747795966, 2, 723, 1079, 1063, 9, 6.67%, 0, 103, 5, 12.04
1747795971, 2, 724, 1079, 1063, 9, 6.67%, 0, 103, 5, 4.57
1747795976, 2, 725, 1079, 1063, 9, 6.67%, 0, 103, 5, 19.23
1747795981, 2, 726, 1079, 1063, 9, 6.67%, 0, 103, 5, 2.75
1747795987, 2, 727, 1079, 1063, 9, 6.67%, 0, 103, 5, 9.20
1747795992, 2, 728, 1079, 1063, 9, 6.67%, 0, 103, 5, 8.24
1747796002, 2, 730, 1079, 1063, 9, 6.67%, 0, 104, 5, 8.35
1747796007, 2, 731, 1079, 1063, 9, 6.67%, 0, 104, 5, 9.20
1747796012, 2, 732, 1079, 1063, 9, 6.67%, 0, 105, 5, 1.99
1747796023, 2, 733, 1079, 1063, 9, 6.67%, 0, 106, 5, 1.00
1747796028, 2, 734, 1079, 1063, 9, 6.67%, 0, 106, 5, 2.67
1747796033, 2, 736, 1079, 1063, 9, 6.67%, 0, 106, 5, 12.18
1747796038, 2, 738, 1079, 1063, 9, 6.67%, 0, 106, 5, 10.70
1747796043, 2, 739, 1079, 1063, 9, 6.67%, 0, 106, 5, 11.70
1747796049, 2, 741, 1079, 1063, 9, 6.67%, 0, 106, 5, 9.04
1747796054, 2, 742, 1079, 1063, 9, 6.67%, 0, 107, 5, 12.17
1747796059, 2, 743, 1079, 1063, 9, 6.67%, 0, 107, 5, 10.40
1747796065, 2, 744, 1079, 1063, 9, 6.67%, 0, 107, 5, 9.46
1747796070, 2, 744, 1079, 1063, 9, 6.67%, 0, 108, 5, 11.81
1747796075, 2, 746, 1079, 1063, 9, 6.67%, 0, 108, 5, 11.41
1747796085, 2, 747, 1079, 1063, 9, 6.67%, 0, 108, 5, 9.65
1747796090, 2, 748, 1079, 1063, 9, 6.67%, 0, 108, 5, 9.94
1747796096, 2, 749, 1079, 1063, 9, 6.67%, 0, 108, 5, 8.41
1747796101, 2, 750, 1079, 1063, 9, 6.67%, 0, 108, 5, 9.86
1747796106, 2, 751, 1079, 1063, 9, 6.67%, 0, 108, 5, 11.11
1747796111, 2, 752, 1079, 1063, 9, 6.67%, 0, 108, 5, 8.51
1747796116, 2, 753, 1079, 1063, 9, 6.67%, 0, 109, 5, 10.73
1747796121, 2, 754, 1079, 1063, 9, 6.67%, 0, 109, 5, 12.90
1747796126, 2, 755, 1079, 1063, 9, 6.67%, 0, 109, 5, 11.12
1747796132, 2, 757, 1079, 1063, 9, 6.67%, 0, 109, 5, 10.00
1747796137, 2, 759, 1079, 1063, 9, 6.67%, 0, 109, 5, 12.36
1747796142, 2, 761, 1079, 1063, 9, 6.67%, 0, 109, 5, 2.86
1747796147, 2, 763, 1079, 1063, 9, 6.67%, 0, 110, 5, 21.04
1747796152, 2, 764, 1079, 1063, 9, 6.67%, 0, 110, 5, 14.05
1747796157, 2, 765, 1079, 1063, 9, 6.67%, 0, 110, 5, 7.14
1747796162, 2, 767, 1079, 1063, 9, 6.67%, 0, 110, 5, 15.54
1747796167, 2, 769, 1079, 1063, 9, 6.67%, 0, 110, 5, 11.53
1747796172, 2, 770, 1079, 1063, 9, 6.67%, 0, 110, 5, 10.92
1747796177, 2, 771, 1079, 1063, 9, 6.67%, 0, 110, 5, 10.68
1747796183, 2, 772, 1079, 1063, 9, 6.67%, 0, 111, 5, 19.39
1747796188, 2, 773, 1079, 1063, 9, 6.67%, 0, 111, 5, 12.81
1747796193, 2, 775, 1079, 1063, 9, 6.67%, 0, 111, 5, 8.73
1747796203, 2, 776, 1079, 1063, 9, 6.67%, 0, 112, 5, 10.97
1747796209, 2, 777, 1079, 1063, 9, 6.67%, 0, 112, 5, 10.43
1747796214, 2, 778, 1079, 1063, 9, 6.67%, 0, 112, 5, 9.24
1747796219, 2, 779, 1079, 1063, 9, 6.67%, 0, 112, 5, 8.96
1747796224, 2, 780, 1079, 1063, 9, 6.67%, 0, 112, 5, 9.89
1747796230, 2, 781, 1079, 1063, 9, 6.67%, 0, 112, 5, 9.25
1747796235, 2, 782, 1079, 1063, 9, 6.67%, 0, 112, 5, 7.99
1747796240, 2, 783, 1079, 1063, 9, 6.67%, 0, 112, 5, 9.96
1747796245, 2, 786, 1079, 1063, 9, 6.67%, 0, 112, 5, 10.53
1747796250, 2, 787, 1079, 1063, 9, 6.67%, 0, 112, 5, 10.07
1747796255, 2, 789, 1079, 1063, 9, 6.67%, 0, 112, 5, 11.15
1747796261, 2, 790, 1079, 1063, 9, 6.67%, 0, 112, 5, 10.46
1747796271, 2, 792, 1079, 1063, 9, 6.67%, 0, 112, 5, 10.89
1747796276, 2, 792, 1079, 1063, 9, 6.67%, 0, 113, 5, 8.62
1747796281, 2, 793, 1079, 1063, 9, 6.67%, 0, 113, 5, 8.69
1747796287, 2, 794, 1079, 1063, 9, 6.67%, 0, 113, 5, 10.66
1747796292, 2, 795, 1079, 1063, 9, 6.67%, 0, 113, 5, 12.04
1747796297, 2, 796, 1079, 1063, 9, 6.67%, 0, 113, 5, 10.30
1747796302, 2, 797, 1079, 1063, 9, 6.67%, 0, 113, 5, 10.10
1747796307, 2, 798, 1079, 1063, 9, 6.67%, 0, 113, 5, 11.68
1747796312, 2, 799, 1079, 1063, 9, 6.67%, 0, 113, 5, 10.70
1747796317, 2, 800, 1079, 1063, 9, 6.67%, 0, 114, 5, 26.54
1747796323, 2, 801, 1079, 1063, 9, 6.67%, 0, 114, 5, 18.84
1747796328, 2, 802, 1079, 1063, 9, 6.67%, 0, 114, 5, 13.66
1747796333, 2, 805, 1079, 1063, 9, 6.67%, 0, 114, 5, 12.62
1747796338, 2, 806, 1079, 1063, 9, 6.67%, 0, 115, 5, 10.22
1747796343, 2, 807, 1079, 1063, 9, 6.67%, 0, 115, 5, 9.59
1747796348, 2, 810, 1079, 1063, 9, 6.67%, 0, 115, 5, 12.37
1747796354, 2, 811, 1079, 1063, 9, 6.67%, 0, 115, 5, 9.91
1747796359, 2, 813, 1079, 1063, 9, 6.67%, 0, 115, 5, 10.02
1747796364, 2, 814, 1079, 1063, 9, 6.67%, 0, 115, 5, 9.54
1747796369, 2, 816, 1079, 1063, 9, 6.67%, 0, 115, 5, 21.79
1747796374, 2, 817, 1079, 1063, 9, 6.67%, 0, 115, 5, 13.97
1747796379, 2, 819, 1079, 1063, 9, 6.67%, 0, 115, 5, 14.17
1747796384, 2, 820, 1079, 1063, 9, 6.67%, 0, 115, 5, 12.34
1747796390, 2, 821, 1079, 1063, 9, 6.67%, 0, 115, 5, 12.10
1747796395, 2, 823, 1079, 1063, 9, 6.67%, 0, 116, 5, 9.34
1747796400, 2, 824, 1079, 1063, 9, 6.67%, 0, 116, 5, 1.93
1747796405, 2, 825, 1079, 1063, 9, 6.67%, 0, 116, 5, 5.49
1747796410, 2, 826, 1079, 1063, 9, 6.67%, 0, 116, 5, 9.32
1747796420, 2, 827, 1079, 1063, 9, 6.67%, 0, 116, 5, 7.78
1747796425, 2, 830, 1079, 1063, 9, 6.67%, 0, 116, 5, 7.82
1747796431, 2, 831, 1079, 1063, 9, 6.67%, 0, 116, 5, 10.29
1747796436, 2, 832, 1079, 1063, 9, 6.67%, 0, 116, 5, 10.96
1747796441, 2, 833, 1079, 1063, 9, 6.67%, 0, 116, 5, 9.85
1747796446, 2, 834, 1079, 1063, 9, 6.67%, 0, 116, 5, 10.42
1747796451, 2, 835, 1079, 1063, 9, 6.67%, 0, 116, 5, 10.29
1747796456, 2, 836, 1079, 1063, 9, 6.67%, 0, 116, 5, 10.11
1747796461, 2, 837, 1079, 1063, 9, 6.67%, 0, 116, 5, 11.10
1747796466, 2, 841, 1079, 1063, 9, 6.67%, 0, 116, 5, 2.59
1747796477, 2, 842, 1079, 1063, 9, 6.67%, 0, 116, 5, 10.61
1747796482, 2, 844, 1079, 1063, 9, 6.67%, 0, 116, 5, 23.39
1747796487, 2, 845, 1079, 1063, 9, 6.67%, 0, 116, 5, 4.88
1747796493, 2, 846, 1079, 1063, 9, 6.67%, 0, 116, 5, 14.92
1747796498, 2, 849, 1079, 1063, 9, 6.67%, 0, 116, 5, 18.61
1747796503, 2, 853, 1079, 1063, 9, 6.67%, 0, 116, 5, 15.22
1747796513, 2, 854, 1079, 1063, 9, 6.67%, 0, 116, 5, 1.45
1747796518, 2, 855, 1079, 1063, 9, 6.67%, 0, 116, 5, 10.89
1747796523, 2, 856, 1079, 1063, 9, 6.67%, 0, 116, 5, 13.02
1747796529, 2, 858, 1079, 1063, 9, 6.67%, 0, 117, 5, 11.49
1747796534, 2, 859, 1079, 1063, 9, 6.67%, 0, 117, 5, 11.37
1747796539, 2, 860, 1079, 1063, 9, 6.67%, 0, 117, 5, 11.30
1747796544, 2, 861, 1079, 1063, 9, 6.67%, 0, 117, 5, 11.56
1747796549, 2, 862, 1079, 1063, 9, 6.67%, 0, 117, 5, 10.28
1747796555, 2, 863, 1079, 1063, 9, 6.67%, 0, 117, 5, 1.00
1747796561, 2, 864, 1079, 1063, 9, 6.67%, 0, 117, 5, 10.46
1747796566, 2, 865, 1079, 1063, 9, 6.67%, 0, 118, 5, 14.04
1747796571, 2, 867, 1079, 1063, 9, 6.67%, 0, 118, 5, 11.26
1747796581, 2, 869, 1079, 1063, 9, 6.67%, 0, 118, 5, 10.50
1747796592, 2, 870, 1079, 1063, 9, 6.67%, 0, 118, 5, 10.16
1747796597, 2, 873, 1079, 1063, 9, 6.67%, 0, 118, 5, 9.33
1747796602, 2, 874, 1079, 1063, 9, 6.67%, 0, 118, 5, 9.29
1747796607, 2, 875, 1079, 1063, 9, 6.67%, 0, 118, 5, 9.64
1747796612, 2, 877, 1079, 1063, 9, 6.67%, 0, 118, 5, 9.36
1747796617, 2, 878, 1079, 1063, 9, 6.67%, 0, 118, 5, 10.18
1747796622, 2, 879, 1079, 1063, 9, 6.67%, 0, 118, 5, 9.53
1747796627, 2, 881, 1079, 1063, 9, 6.67%, 0, 118, 5, 11.90
1747796632, 2, 882, 1079, 1063, 9, 6.67%, 0, 118, 5, 11.06
1747796638, 2, 883, 1079, 1063, 9, 6.67%, 0, 118, 5, 9.58
1747796643, 2, 884, 1079, 1063, 9, 6.67%, 0, 118, 5, 8.70
1747796648, 2, 885, 1079, 1063, 9, 6.67%, 0, 118, 5, 17.25
1747796653, 2, 886, 1079, 1063, 9, 6.67%, 0, 118, 5, 12.16
1747796658, 2, 887, 1079, 1063, 9, 6.67%, 0, 118, 5, 12.24
1747796663, 2, 888, 1079, 1063, 9, 6.67%, 0, 118, 5, 10.22
1747796668, 2, 889, 1079, 1063, 9, 6.67%, 0, 118, 5, 9.96
1747796674, 2, 890, 1079, 1063, 9, 6.67%, 0, 118, 5, 9.30
1747796679, 2, 891, 1079, 1063, 9, 6.67%, 0, 118, 5, 9.94
1747796684, 2, 892, 1079, 1063, 9, 6.67%, 0, 118, 5, 2.90
1747796694, 2, 893, 1079, 1063, 9, 6.67%, 0, 118, 5, 9.17
1747796699, 2, 894, 1079, 1063, 9, 6.67%, 0, 118, 5, 11.53
1747796704, 2, 896, 1079, 1063, 9, 6.67%, 0, 118, 5, 11.80
1747796715, 2, 897, 1079, 1063, 9, 6.67%, 0, 118, 5, 8.10
1747796720, 2, 898, 1079, 1063, 9, 6.67%, 0, 118, 5, 8.25
1747796725, 2, 899, 1079, 1063, 9, 6.67%, 0, 118, 5, 8.35
1747796730, 2, 900, 1079, 1063, 9, 6.67%, 0, 119, 5, 10.77
1747796735, 2, 901, 1079, 1063, 9, 6.67%, 0, 120, 5, 8.13
1747796745, 2, 903, 1079, 1063, 9, 6.67%, 0, 120, 5, 9.37
1747796750, 2, 903, 1079, 1063, 9, 6.67%, 0, 121, 5, 10.66
1747796756, 2, 904, 1079, 1063, 9, 6.67%, 0, 121, 5, 5.90
1747796761, 2, 905, 1079, 1063, 9, 6.67%, 0, 121, 5, 7.31
1747796766, 2, 906, 1079, 1063, 9, 6.67%, 0, 121, 5, 9.75
1747796771, 2, 907, 1079, 1063, 9, 6.67%, 0, 122, 5, 11.30
1747796776, 2, 908, 1079, 1063, 9, 6.67%, 0, 122, 5, 9.48
1747796786, 2, 909, 1079, 1063, 9, 6.67%, 0, 122, 5, 8.61
1747796791, 2, 910, 1079, 1063, 9, 6.67%, 0, 122, 5, 7.66
1747796797, 2, 911, 1079, 1063, 9, 6.67%, 0, 122, 5, 9.58
1747796802, 2, 912, 1079, 1063, 9, 6.67%, 0, 122, 5, 9.19
1747796807, 2, 914, 1079, 1063, 9, 6.67%, 0, 122, 5, 10.52
1747796812, 2, 916, 1079, 1063, 9, 6.67%, 0, 122, 5, 12.09
1747796817, 2, 918, 1079, 1063, 9, 6.67%, 0, 122, 5, 10.34
1747796823, 2, 919, 1079, 1063, 9, 6.67%, 0, 122, 5, 10.12
1747796828, 2, 923, 1079, 1063, 9, 6.67%, 0, 122, 5, 11.96
1747796833, 2, 925, 1079, 1063, 9, 6.67%, 0, 122, 5, 12.86
1747796843, 2, 926, 1079, 1063, 9, 6.67%, 0, 122, 5, 10.45
1747796848, 2, 927, 1079, 1063, 9, 6.67%, 0, 122, 5, 9.52
1747796854, 2, 928, 1079, 1063, 9, 6.67%, 0, 122, 5, 9.74
1747796859, 2, 930, 1079, 1063, 9, 6.67%, 0, 122, 5, 9.64
1747796864, 2, 934, 1079, 1063, 9, 6.67%, 0, 122, 5, 10.88
1747796869, 2, 935, 1079, 1063, 9, 6.67%, 0, 122, 5, 8.93
1747796874, 2, 936, 1079, 1063, 9, 6.67%, 0, 122, 5, 11.97
1747796879, 2, 937, 1079, 1063, 9, 6.67%, 0, 122, 5, 9.39
1747796890, 2, 938, 1079, 1063, 9, 6.67%, 0, 123, 5, 9.21
1747796895, 2, 939, 1079, 1063, 9, 6.67%, 0, 123, 5, 9.28
1747796900, 2, 940, 1079, 1063, 9, 6.67%, 0, 123, 5, 10.33
1747796906, 2, 941, 1079, 1063, 9, 6.67%, 0, 123, 5, 1.05
1747796911, 2, 942, 1079, 1063, 9, 6.67%, 0, 123, 5, 9.38
1747796916, 2, 943, 1079, 1063, 9, 6.67%, 0, 123, 5, 9.07
1747796922, 2, 944, 1079, 1063, 9, 6.67%, 0, 123, 5, 10.63
1747796927, 2, 945, 1079, 1063, 9, 6.67%, 0, 123, 5, 9.89
1747796932, 2, 946, 1079, 1063, 9, 6.67%, 0, 123, 5, 8.62
1747796937, 2, 947, 1079, 1063, 9, 6.67%, 0, 123, 5, 9.88
1747796948, 2, 948, 1079, 1063, 9, 6.67%, 0, 123, 5, 8.43
1747796953, 2, 949, 1079, 1063, 9, 6.67%, 0, 123, 5, 8.94
1747796958, 2, 950, 1079, 1063, 9, 6.67%, 0, 123, 5, 8.17
1747796963, 2, 951, 1079, 1063, 9, 6.67%, 0, 123, 5, 1.79
1747796974, 2, 954, 1079, 1063, 9, 6.67%, 0, 123, 5, 16.83
1747796979, 2, 956, 1079, 1063, 9, 6.67%, 0, 123, 5, 13.02
1747796984, 2, 957, 1079, 1063, 9, 6.67%, 0, 123, 5, 9.88
1747796989, 2, 958, 1079, 1063, 9, 6.67%, 0, 123, 5, 10.72
1747796994, 2, 959, 1079, 1063, 9, 6.67%, 0, 123, 5, 10.17
1747796999, 2, 960, 1079, 1063, 9, 6.67%, 0, 123, 5, 8.92
1747797010, 2, 962, 1079, 1063, 9, 6.67%, 0, 123, 5, 10.43
1747797020, 2, 965, 1079, 1063, 9, 6.67%, 0, 123, 5, 8.48
1747797025, 2, 966, 1079, 1063, 9, 6.67%, 0, 123, 5, 9.38
1747797030, 2, 967, 1079, 1063, 9, 6.67%, 0, 123, 5, 8.35
1747797036, 2, 968, 1079, 1063, 9, 6.67%, 0, 123, 5, 8.19
1747797041, 2, 969, 1079, 1063, 9, 6.67%, 0, 123, 5, 8.70
1747797046, 2, 971, 1079, 1063, 9, 6.67%, 0, 123, 5, 11.11
1747797051, 2, 972, 1079, 1063, 9, 6.67%, 0, 123, 5, 12.65
1747797056, 2, 973, 1079, 1063, 9, 6.67%, 0, 123, 5, 10.85
1747797061, 2, 973, 1079, 1063, 9, 6.67%, 0, 124, 5, 6.80
1747797066, 2, 974, 1079, 1063, 9, 6.67%, 0, 124, 5, 8.28
1747797071, 2, 975, 1080, 1064, 9, 6.67%, 0, 124, 5, 8.90
1747797082, 2, 976, 1080, 1064, 9, 6.67%, 0, 124, 5, 8.01
1747797087, 2, 977, 1080, 1064, 9, 6.67%, 0, 124, 5, 11.20
1747797092, 2, 978, 1080, 1064, 9, 6.67%, 0, 124, 5, 10.41
1747797097, 2, 979, 1080, 1064, 9, 6.67%, 0, 124, 5, 9.86
1747797102, 2, 982, 1080, 1064, 9, 6.67%, 0, 124, 5, 13.66
1747797107, 2, 983, 1080, 1064, 9, 6.67%, 0, 124, 5, 3.44
1747797112, 2, 984, 1080, 1064, 9, 6.67%, 0, 124, 5, 6.88
1747797117, 2, 985, 1080, 1064, 9, 6.67%, 0, 124, 5, 8.97
1747797122, 2, 987, 1080, 1064, 9, 6.67%, 0, 124, 5, 9.71
1747797128, 2, 988, 1080, 1064, 9, 6.67%, 0, 124, 5, 13.74
1747797133, 2, 989, 1080, 1064, 9, 6.67%, 0, 124, 5, 10.65
1747797138, 2, 991, 1080, 1064, 9, 6.67%, 0, 124, 5, 16.00
1747797143, 2, 992, 1080, 1064, 9, 6.67%, 0, 124, 5, 13.75
1747797148, 2, 993, 1080, 1064, 9, 6.67%, 0, 124, 5, 10.43
1747797153, 2, 994, 1080, 1064, 9, 6.67%, 0, 124, 5, 10.90
1747797159, 2, 995, 1080, 1064, 9, 6.67%, 0, 124, 5, 11.53
1747797164, 2, 998, 1080, 1064, 9, 6.67%, 0, 124, 5, 11.48
1747797169, 2, 998, 1080, 1064, 9, 6.67%, 0, 125, 5, 1.16
1747797174, 2, 999, 1080, 1064, 9, 6.67%, 0, 125, 5, 10.13
1747797179, 2, 1001, 1080, 1064, 9, 6.67%, 0, 126, 5, 14.17
1747797184, 2, 1003, 1080, 1064, 9, 6.67%, 0, 126, 5, 13.30
1747797190, 2, 1004, 1080, 1064, 9, 6.67%, 0, 126, 5, 12.66
1747797195, 2, 1005, 1080, 1064, 9, 6.67%, 0, 126, 5, 9.41
1747797200, 2, 1006, 1080, 1064, 9, 6.67%, 0, 126, 5, 11.41
1747797205, 2, 1007, 1080, 1064, 9, 6.67%, 0, 126, 5, 10.44
1747797210, 2, 1008, 1080, 1064, 9, 6.67%, 0, 126, 5, 10.58
1747797215, 2, 1009, 1080, 1064, 9, 6.67%, 0, 126, 5, 10.11
1747797220, 2, 1010, 1080, 1064, 9, 6.67%, 0, 126, 5, 10.83
1747797225, 2, 1012, 1080, 1064, 9, 6.67%, 0, 126, 5, 10.48
1747797231, 2, 1015, 1080, 1064, 9, 6.67%, 0, 126, 5, 14.04
1747797236, 2, 1016, 1080, 1064, 9, 6.67%, 0, 126, 5, 10.70
1747797241, 2, 1017, 1080, 1064, 9, 6.67%, 0, 126, 5, 9.97
1747797246, 2, 1019, 1080, 1064, 9, 6.67%, 0, 127, 5, 9.65
1747797251, 2, 1020, 1080, 1064, 9, 6.67%, 0, 127, 5, 9.51
1747797261, 2, 1021, 1080, 1064, 9, 6.67%, 0, 127, 5, 8.45
1747797267, 2, 1022, 1080, 1064, 9, 6.67%, 0, 127, 5, 9.06
1747797272, 2, 1023, 1080, 1064, 9, 6.67%, 0, 127, 5, 9.36
1747797277, 2, 1024, 1080, 1064, 9, 6.67%, 0, 127, 5, 13.22
1747797282, 2, 1026, 1080, 1064, 9, 6.67%, 0, 127, 5, 9.78
1747797287, 2, 1027, 1080, 1064, 9, 6.67%, 0, 127, 5, 11.26
1747797292, 2, 1028, 1080, 1064, 9, 6.67%, 0, 127, 5, 9.92
1747797297, 2, 1029, 1080, 1064, 9, 6.67%, 0, 127, 5, 10.89
1747797302, 2, 1031, 1080, 1064, 9, 6.67%, 0, 127, 5, 10.72
1747797308, 2, 1032, 1080, 1064, 9, 6.67%, 0, 127, 5, 9.85
1747797313, 2, 1033, 1080, 1064, 9, 6.67%, 0, 127, 5, 9.55
1747797318, 2, 1034, 1080, 1064, 9, 6.67%, 0, 127, 5, 9.28
1747797323, 2, 1035, 1080, 1064, 9, 6.67%, 0, 127, 5, 8.49
1747797328, 2, 1036, 1080, 1064, 9, 6.67%, 0, 127, 5, 13.21
1747797333, 2, 1038, 1080, 1064, 9, 6.67%, 0, 127, 5, 12.92
1747797339, 2, 1039, 1080, 1064, 9, 6.67%, 0, 127, 5, 10.20
1747797344, 2, 1040, 1080, 1064, 9, 6.67%, 0, 127, 5, 11.66
1747797349, 2, 1041, 1080, 1064, 9, 6.67%, 0, 127, 5, 10.00
1747797354, 2, 1042, 1080, 1064, 9, 6.67%, 0, 127, 5, 9.58
1747797359, 2, 1043, 1080, 1064, 9, 6.67%, 0, 127, 5, 11.58
1747797364, 2, 1044, 1080, 1064, 9, 6.67%, 0, 127, 5, 10.20
1747797374, 2, 1045, 1080, 1064, 9, 6.67%, 0, 128, 5, 6.80
1747797379, 2, 1047, 1080, 1064, 9, 6.67%, 0, 128, 5, 9.43
1747797385, 2, 1048, 1080, 1064, 9, 6.67%, 0, 129, 5, 1.00
1747797390, 2, 1049, 1080, 1064, 9, 6.67%, 0, 129, 5, 9.94
1747797396, 2, 1050, 1080, 1064, 9, 6.67%, 0, 129, 5, 10.58
1747797401, 2, 1052, 1080, 1064, 9, 6.67%, 0, 129, 5, 11.12
1747797406, 2, 1053, 1080, 1064, 9, 6.67%, 0, 129, 5, 11.05
1747797412, 2, 1054, 1080, 1064, 9, 6.67%, 0, 129, 5, 8.82
1747797417, 2, 1055, 1080, 1064, 9, 6.67%, 0, 129, 5, 10.88
1747797423, 2, 1056, 1080, 1064, 9, 6.67%, 0, 130, 5, 1.93
1747797428, 2, 1060, 1080, 1064, 9, 6.67%, 0, 130, 5, 10.55
1747797433, 2, 1061, 1080, 1064, 9, 6.67%, 0, 130, 5, 8.87
1747797438, 2, 1063, 1080, 1064, 9, 6.67%, 0, 130, 5, 9.52
1747797448, 2, 1064, 1080, 1064, 9, 6.67%, 0, 130, 5, 10.95
1747797453, 2, 1065, 1080, 1064, 9, 6.67%, 0, 130, 5, 10.13
1747797458, 2, 1066, 1080, 1064, 9, 6.67%, 0, 130, 5, 8.74
1747797464, 2, 1067, 1080, 1064, 9, 6.67%, 0, 130, 5, 11.99
1747797469, 2, 1068, 1080, 1064, 9, 6.67%, 0, 130, 5, 11.15
1747797474, 2, 1073, 1080, 1064, 9, 6.67%, 0, 130, 5, 12.26
1747797484, 2, 1076, 1080, 1064, 9, 6.67%, 0, 130, 5, 10.22
1747797495, 2, 1077, 1080, 1064, 9, 6.67%, 0, 130, 5, 9.36
1747797500, 2, 1078, 1080, 1064, 9, 6.67%, 0, 130, 5, 7.52
1747797505, 2, 1079, 1080, 1064, 9, 6.67%, 0, 130, 5, 8.82
1747797510, 3, 0, 1080, 1064, 9, 6.67%, 0, 130, 5, 9.55
1747797515, 3, 1, 1080, 1064, 9, 6.67%, 0, 130, 5, 12.14
1747797520, 3, 2, 1080, 1064, 9, 6.67%, 0, 130, 5, 17.42
1747797531, 3, 4, 1080, 1064, 9, 6.67%, 0, 130, 5, 10.21
1747797536, 3, 6, 1080, 1064, 9, 6.67%, 0, 130, 5, 8.79
1747797541, 3, 7, 1080, 1064, 9, 6.67%, 0, 130, 5, 9.59
1747797546, 3, 8, 1080, 1064, 9, 6.67%, 0, 130, 5, 11.04
1747797552, 3, 9, 1080, 1064, 9, 6.67%, 0, 130, 5, 1.52
1747797557, 3, 10, 1080, 1064, 9, 6.67%, 0, 130, 5, 4.88
1747797562, 3, 11, 1080, 1064, 9, 6.67%, 0, 130, 5, 8.27
1747797567, 3, 12, 1080, 1064, 9, 6.67%, 0, 130, 5, 10.13
1747797572, 3, 13, 1080, 1064, 9, 6.67%, 0, 130, 5, 12.38
1747797577, 3, 14, 1080, 1064, 9, 6.67%, 0, 130, 5, 9.94
1747797583, 3, 15, 1080, 1064, 9, 6.67%, 0, 130, 5, 9.91
1747797588, 3, 16, 1080, 1064, 9, 6.67%, 0, 130, 5, 5.33
1747797598, 3, 17, 1080, 1064, 9, 6.67%, 0, 130, 5, 11.16
1747797603, 3, 18, 1080, 1064, 9, 6.67%, 0, 130, 5, 9.53
1747797608, 3, 19, 1080, 1064, 9, 6.67%, 0, 130, 5, 9.46
1747797614, 3, 20, 1080, 1064, 9, 6.67%, 0, 131, 5, 10.27
1747797619, 3, 23, 1080, 1064, 9, 6.67%, 0, 131, 5, 9.74
1747797624, 3, 24, 1080, 1064, 9, 6.67%, 0, 132, 5, 12.58
1747797629, 3, 25, 1080, 1064, 9, 6.67%, 0, 133, 5, 11.74
1747797639, 3, 26, 1080, 1064, 9, 6.67%, 0, 133, 5, 8.96
1747797644, 3, 28, 1080, 1064, 9, 6.67%, 0, 134, 5, 8.65
1747797650, 3, 29, 1080, 1064, 9, 6.67%, 0, 135, 5, 9.56
1747797655, 3, 29, 1080, 1064, 9, 6.67%, 0, 136, 5, 7.92
1747797660, 3, 30, 1080, 1064, 9, 6.67%, 0, 136, 5, 8.30
1747797666, 3, 31, 1080, 1064, 9, 6.67%, 0, 136, 5, 9.29
1747797671, 3, 32, 1080, 1064, 9, 6.67%, 0, 136, 5, 11.48
1747797676, 3, 33, 1080, 1064, 9, 6.67%, 0, 136, 5, 5.48
1747797681, 3, 34, 1080, 1064, 9, 6.67%, 0, 137, 5, 10.20
1747797686, 3, 35, 1080, 1064, 9, 6.67%, 0, 137, 5, 12.08
1747797691, 3, 38, 1080, 1064, 9, 6.67%, 0, 137, 5, 11.95
1747797697, 3, 39, 1080, 1064, 9, 6.67%, 0, 137, 5, 11.30
1747797702, 3, 40, 1080, 1064, 9, 6.67%, 0, 137, 5, 10.48
1747797707, 3, 41, 1080, 1064, 9, 6.67%, 0, 137, 5, 9.05
1747797712, 3, 42, 1080, 1064, 9, 6.67%, 0, 137, 5, 10.14
1747797717, 3, 43, 1080, 1064, 9, 6.67%, 0, 137, 5, 11.61
1747797723, 3, 44, 1080, 1064, 9, 6.67%, 0, 137, 5, 10.01
1747797728, 3, 45, 1080, 1064, 9, 6.67%, 0, 137, 5, 10.85
1747797738, 3, 47, 1080, 1064, 9, 6.67%, 0, 137, 5, 10.47
1747797743, 3, 49, 1080, 1064, 9, 6.67%, 0, 138, 5, 10.22
1747797748, 3, 50, 1080, 1064, 9, 6.67%, 0, 138, 5, 11.22
1747797753, 3, 51, 1080, 1064, 9, 6.67%, 0, 138, 5, 11.81
1747797758, 3, 52, 1080, 1064, 9, 6.67%, 0, 138, 5, 8.07
1747797764, 3, 54, 1080, 1064, 9, 6.67%, 0, 138, 5, 9.91
1747797774, 3, 55, 1080, 1064, 9, 6.67%, 0, 138, 5, 10.43
1747797779, 3, 56, 1080, 1064, 9, 6.67%, 0, 138, 5, 10.33
1747797784, 3, 58, 1080, 1064, 9, 6.67%, 0, 138, 5, 12.22
1747797795, 3, 59, 1080, 1064, 9, 6.67%, 0, 139, 5, 9.52
1747797800, 3, 60, 1080, 1064, 9, 6.67%, 0, 141, 5, 9.73
1747797805, 3, 61, 1080, 1064, 9, 6.67%, 0, 141, 5, 10.20
1747797810, 3, 62, 1080, 1064, 9, 6.67%, 0, 141, 5, 11.59
1747797821, 3, 64, 1080, 1064, 9, 6.67%, 0, 141, 5, 10.25
1747797826, 3, 65, 1080, 1064, 9, 6.67%, 0, 141, 5, 12.75
1747797831, 3, 66, 1080, 1064, 9, 6.67%, 0, 141, 5, 11.78
1747797836, 3, 67, 1080, 1064, 9, 6.67%, 0, 141, 5, 10.39
1747797841, 3, 68, 1080, 1064, 9, 6.67%, 0, 141, 5, 10.13
1747797846, 3, 69, 1080, 1064, 9, 6.67%, 0, 141, 5, 9.51
1747797851, 3, 70, 1080, 1064, 9, 6.67%, 0, 141, 5, 11.75
1747797856, 3, 70, 1080, 1064, 9, 6.67%, 0, 142, 5, 2.85
1747797861, 3, 71, 1080, 1064, 9, 6.67%, 0, 142, 5, 7.62
1747797867, 3, 72, 1080, 1064, 9, 6.67%, 0, 142, 5, 7.87
1747797872, 3, 73, 1080, 1064, 9, 6.67%, 0, 142, 5, 9.46
1747797877, 3, 74, 1080, 1064, 9, 6.67%, 0, 142, 5, 8.83
1747797882, 3, 75, 1080, 1064, 9, 6.67%, 0, 142, 5, 8.75
1747797887, 3, 76, 1080, 1064, 9, 6.67%, 0, 142, 5, 10.53
1747797893, 3, 77, 1080, 1064, 9, 6.67%, 0, 143, 5, 12.20
1747797898, 3, 78, 1080, 1064, 9, 6.67%, 0, 143, 5, 5.25
1747797903, 3, 79, 1080, 1064, 9, 6.67%, 0, 143, 5, 9.27
1747797908, 3, 79, 1080, 1064, 9, 6.67%, 0, 144, 5, 6.03
1747797913, 3, 81, 1080, 1064, 9, 6.67%, 0, 145, 5, 6.66
1747797918, 3, 82, 1080, 1064, 9, 6.67%, 0, 146, 5, 7.82
1747797924, 3, 83, 1080, 1064, 9, 6.67%, 0, 146, 5, 9.16
1747797929, 3, 84, 1080, 1064, 9, 6.67%, 0, 146, 5, 10.98
1747797934, 3, 85, 1080, 1064, 9, 6.67%, 0, 146, 5, 11.24
1747797939, 3, 87, 1080, 1064, 9, 6.67%, 0, 146, 5, 10.26
1747797944, 3, 88, 1080, 1064, 9, 6.67%, 0, 146, 5, 11.27
1747797949, 3, 89, 1080, 1064, 9, 6.67%, 0, 146, 5, 8.62
1747797959, 3, 91, 1080, 1064, 9, 6.67%, 0, 146, 5, 10.56
1747797965, 3, 92, 1080, 1064, 9, 6.67%, 0, 146, 5, 9.09
1747797970, 3, 93, 1080, 1064, 9, 6.67%, 0, 146, 5, 10.43
1747797975, 3, 94, 1080, 1064, 9, 6.67%, 0, 146, 5, 10.07
1747797980, 3, 95, 1080, 1064, 9, 6.67%, 0, 146, 5, 9.72
1747797985, 3, 96, 1080, 1064, 9, 6.67%, 0, 146, 5, 9.42
1747797990, 3, 97, 1080, 1064, 9, 6.67%, 0, 146, 5, 10.20
1747797995, 3, 98, 1080, 1064, 9, 6.67%, 0, 146, 5, 6.64
1747798000, 3, 101, 1080, 1064, 9, 6.67%, 0, 146, 5, 9.67
1747798006, 3, 102, 1080, 1064, 9, 6.67%, 0, 146, 5, 11.57
1747798011, 3, 103, 1080, 1064, 9, 6.67%, 0, 146, 5, 11.97
1747798016, 3, 105, 1080, 1064, 9, 6.67%, 0, 146, 5, 12.74
1747798021, 3, 106, 1080, 1064, 9, 6.67%, 0, 146, 5, 13.05
1747798026, 3, 107, 1080, 1064, 9, 6.67%, 0, 146, 5, 11.75
1747798032, 3, 108, 1080, 1064, 9, 6.67%, 0, 146, 5, 11.98
1747798037, 3, 109, 1080, 1064, 9, 6.67%, 0, 146, 5, 11.33
1747798042, 3, 111, 1080, 1064, 9, 6.67%, 0, 146, 5, 10.87
1747798047, 3, 113, 1080, 1064, 9, 6.67%, 0, 146, 5, 12.75
1747798058, 3, 114, 1080, 1064, 9, 6.67%, 0, 146, 5, 1.92
1747798063, 3, 116, 1080, 1064, 9, 6.67%, 0, 146, 5, 6.66
1747798073, 3, 117, 1080, 1064, 9, 6.67%, 0, 147, 5, 5.37
1747798078, 3, 118, 1080, 1064, 9, 6.67%, 0, 147, 5, 8.08
1747798083, 3, 119, 1080, 1064, 9, 6.67%, 0, 147, 5, 11.38
1747798088, 3, 120, 1080, 1064, 9, 6.67%, 0, 147, 5, 9.28
1747798093, 3, 121, 1080, 1064, 9, 6.67%, 0, 147, 5, 9.23
1747798098, 3, 122, 1080, 1064, 9, 6.67%, 0, 147, 5, 13.11
1747798104, 3, 124, 1080, 1064, 9, 6.67%, 0, 147, 5, 12.14
1747798114, 3, 125, 1080, 1064, 9, 6.67%, 0, 147, 5, 9.38
1747798119, 3, 127, 1080, 1064, 9, 6.67%, 0, 147, 5, 14.37
1747798124, 3, 127, 1081, 1065, 9, 6.67%, 0, 147, 5, 24.54
1747798140, 3, 127, 1082, 1066, 9, 6.67%, 0, 147, 5, 22.78
1747798145, 3, 127, 1085, 1069, 9, 6.67%, 0, 147, 5, 28.46
1747798165, 3, 131, 1085, 1068, 9, 6.67%, 0, 147, 5, 25.90
1747798170, 3, 135, 1085, 1068, 9, 6.67%, 0, 147, 5, 6.26
1747798181, 3, 136, 1085, 1068, 9, 6.67%, 0, 147, 5, 6.85
1747798186, 3, 138, 1085, 1068, 9, 6.67%, 0, 147, 5, 8.72
1747798191, 3, 139, 1085, 1068, 9, 6.67%, 0, 147, 5, 8.44
1747798196, 3, 140, 1085, 1068, 9, 6.67%, 0, 147, 5, 13.06
1747798202, 3, 141, 1085, 1068, 9, 6.67%, 0, 147, 5, 12.48
1747798207, 3, 143, 1085, 1068, 9, 6.67%, 0, 147, 5, 11.50
1747798212, 3, 144, 1085, 1068, 9, 6.67%, 0, 148, 5, 10.57
1747798217, 3, 145, 1085, 1068, 9, 6.67%, 0, 148, 5, 13.18
1747798222, 3, 146, 1085, 1068, 9, 6.67%, 0, 148, 5, 2.11
1747798227, 3, 147, 1085, 1068, 9, 6.67%, 0, 148, 5, 6.01
1747798233, 3, 149, 1085, 1068, 9, 6.67%, 0, 148, 5, 8.69
1747798243, 3, 151, 1085, 1068, 9, 6.67%, 0, 148, 5, 15.81
1747798253, 3, 153, 1085, 1068, 9, 6.67%, 0, 148, 5, 9.64
1747798258, 3, 155, 1085, 1068, 9, 6.67%, 0, 148, 5, 9.68
1747798264, 3, 156, 1085, 1068, 9, 6.67%, 0, 148, 5, 10.37
1747798269, 3, 157, 1085, 1068, 9, 6.67%, 0, 148, 5, 8.58
1747798274, 3, 158, 1085, 1068, 9, 6.67%, 0, 148, 5, 11.15
1747798279, 3, 159, 1086, 1069, 9, 6.67%, 0, 148, 5, 2.07
1747798290, 3, 160, 1086, 1069, 9, 6.67%, 0, 148, 5, 4.41
1747798295, 3, 161, 1086, 1069, 9, 6.67%, 0, 148, 5, 8.61
1747798300, 3, 162, 1086, 1069, 9, 6.67%, 0, 148, 5, 10.32
1747798305, 3, 163, 1086, 1069, 9, 6.67%, 0, 148, 5, 10.40
1747798310, 3, 164, 1086, 1069, 9, 6.67%, 0, 148, 5, 9.66
1747798315, 3, 165, 1086, 1069, 9, 6.67%, 0, 148, 5, 11.25
1747798320, 3, 166, 1086, 1069, 9, 6.67%, 0, 148, 5, 13.67
1747798326, 3, 167, 1086, 1069, 9, 6.67%, 0, 148, 5, 11.81
1747798331, 3, 170, 1086, 1069, 9, 6.67%, 0, 149, 5, 12.33
1747798336, 3, 171, 1086, 1069, 9, 6.67%, 0, 149, 5, 11.07
1747798341, 3, 172, 1086, 1069, 9, 6.67%, 0, 149, 5, 16.49
1747798347, 3, 173, 1086, 1069, 9, 6.67%, 0, 149, 5, 5.13
1747798352, 3, 174, 1086, 1069, 9, 6.67%, 0, 149, 5, 5.96
1747798357, 3, 175, 1086, 1069, 9, 6.67%, 0, 149, 5, 9.63
1747798362, 3, 179, 1086, 1069, 9, 6.67%, 0, 149, 5, 10.14
1747798373, 3, 181, 1086, 1069, 9, 6.67%, 0, 150, 5, 8.43
1747798378, 3, 182, 1086, 1069, 9, 6.67%, 0, 150, 5, 9.66
1747798383, 3, 183, 1086, 1069, 9, 6.67%, 0, 150, 5, 10.33
1747798389, 3, 185, 1086, 1069, 9, 6.67%, 0, 150, 5, 9.80
1747798394, 3, 186, 1086, 1069, 9, 6.67%, 0, 150, 5, 9.22
1747798399, 3, 187, 1086, 1069, 9, 6.67%, 0, 150, 5, 10.29
1747798404, 3, 188, 1086, 1069, 9, 6.67%, 0, 150, 5, 12.70
1747798409, 3, 189, 1087, 1070, 9, 6.67%, 0, 150, 5, 2.58
1747798425, 3, 190, 1087, 1070, 9, 6.67%, 0, 151, 5, 9.07
1747798435, 3, 191, 1087, 1070, 9, 6.67%, 0, 151, 5, 9.58
1747798440, 3, 193, 1087, 1070, 9, 6.67%, 0, 151, 5, 12.61
1747798445, 3, 194, 1087, 1070, 9, 6.67%, 0, 151, 5, 11.56
1747798450, 3, 195, 1087, 1070, 9, 6.67%, 0, 151, 5, 13.00
1747798456, 3, 196, 1087, 1070, 9, 6.67%, 0, 151, 5, 13.44
1747798461, 3, 197, 1087, 1070, 9, 6.67%, 0, 151, 5, 13.65
1747798466, 3, 198, 1087, 1070, 9, 6.67%, 0, 151, 5, 12.13
1747798471, 3, 199, 1087, 1070, 9, 6.67%, 0, 151, 5, 12.67
1747798476, 3, 200, 1087, 1070, 9, 6.67%, 0, 151, 5, 13.50
1747798482, 3, 202, 1087, 1070, 9, 6.67%, 0, 151, 5, 12.37
1747798492, 3, 203, 1087, 1070, 9, 6.67%, 0, 151, 5, 9.91
1747798497, 3, 204, 1087, 1070, 9, 6.67%, 0, 151, 5, 9.54
1747798502, 3, 205, 1087, 1070, 9, 6.67%, 0, 151, 5, 8.52
1747798508, 3, 206, 1087, 1070, 9, 6.67%, 0, 151, 5, 9.98
1747798513, 3, 207, 1087, 1070, 9, 6.67%, 0, 151, 5, 9.65
1747798518, 3, 208, 1087, 1070, 9, 6.67%, 0, 151, 5, 8.46
1747798523, 3, 208, 1087, 1070, 9, 6.67%, 0, 152, 5, 8.10
1747798529, 3, 209, 1087, 1070, 9, 6.67%, 0, 152, 5, 9.46
1747798534, 3, 210, 1087, 1070, 9, 6.67%, 0, 152, 5, 11.62
1747798539, 3, 211, 1087, 1070, 9, 6.67%, 0, 152, 5, 9.53
1747798544, 3, 212, 1087, 1070, 9, 6.67%, 0, 152, 5, 4.92
1747798549, 3, 213, 1087, 1070, 9, 6.67%, 0, 152, 5, 9.94
1747798554, 3, 214, 1087, 1070, 9, 6.67%, 0, 152, 5, 8.56
1747798560, 3, 215, 1087, 1070, 9, 6.67%, 0, 152, 5, 9.48
1747798565, 3, 216, 1087, 1070, 9, 6.67%, 0, 152, 5, 11.66
1747798570, 3, 217, 1088, 1071, 9, 6.67%, 0, 153, 5, 8.48
1747798581, 3, 218, 1088, 1071, 9, 6.67%, 0, 153, 5, 9.89
1747798586, 3, 219, 1088, 1071, 9, 6.67%, 0, 153, 5, 10.61
1747798591, 3, 220, 1088, 1071, 9, 6.67%, 0, 154, 5, 9.89
1747798596, 3, 221, 1088, 1071, 9, 6.67%, 0, 154, 5, 13.55
1747798601, 3, 223, 1088, 1071, 9, 6.67%, 0, 154, 5, 2.71
1747798607, 3, 224, 1088, 1071, 9, 6.67%, 0, 154, 5, 6.90
1747798612, 3, 225, 1088, 1071, 9, 6.67%, 0, 154, 5, 10.50
1747798617, 3, 226, 1088, 1071, 9, 6.67%, 0, 154, 5, 10.10
1747798622, 3, 230, 1088, 1071, 9, 6.67%, 0, 154, 5, 11.49
1747798627, 3, 230, 1088, 1071, 9, 6.67%, 0, 155, 5, 8.76
1747798632, 3, 232, 1088, 1071, 9, 6.67%, 0, 155, 5, 10.82
1747798638, 3, 233, 1088, 1071, 9, 6.67%, 0, 155, 5, 10.76
1747798643, 3, 234, 1088, 1071, 9, 6.67%, 0, 155, 5, 10.42
1747798653, 3, 236, 1088, 1071, 9, 6.67%, 0, 155, 5, 8.19
1747798658, 3, 237, 1088, 1071, 9, 6.67%, 0, 155, 5, 8.21
1747798664, 3, 238, 1088, 1071, 9, 6.67%, 0, 155, 5, 8.05
1747798669, 3, 239, 1088, 1071, 9, 6.67%, 0, 155, 5, 9.46
1747798674, 3, 241, 1088, 1071, 9, 6.67%, 0, 155, 5, 8.96
1747798685, 3, 242, 1089, 1072, 9, 6.67%, 0, 155, 5, 1.46
1747798701, 3, 243, 1089, 1072, 9, 6.67%, 0, 156, 5, 1.70
1747798711, 3, 245, 1089, 1072, 9, 6.67%, 0, 156, 5, 13.50
1747798716, 3, 246, 1089, 1072, 9, 6.67%, 0, 156, 5, 12.24
1747798721, 3, 247, 1089, 1072, 9, 6.67%, 0, 156, 5, 12.15
1747798726, 3, 251, 1089, 1072, 9, 6.67%, 0, 157, 5, 10.52
1747798732, 3, 252, 1089, 1072, 9, 6.67%, 0, 157, 5, 9.46
1747798742, 3, 253, 1089, 1072, 9, 6.67%, 0, 158, 5, 9.25
1747798747, 3, 254, 1089, 1072, 9, 6.67%, 0, 158, 5, 7.93
1747798758, 3, 256, 1089, 1072, 9, 6.67%, 0, 158, 5, 10.84
1747798763, 3, 258, 1089, 1072, 9, 6.67%, 0, 158, 5, 10.73
1747798773, 3, 259, 1089, 1072, 9, 6.67%, 0, 158, 5, 8.93
1747798778, 3, 260, 1089, 1072, 9, 6.67%, 0, 158, 5, 9.09
1747798784, 3, 261, 1089, 1072, 9, 6.67%, 0, 158, 5, 10.17
1747798789, 3, 262, 1089, 1072, 9, 6.67%, 0, 158, 5, 9.72
1747798794, 3, 263, 1089, 1072, 9, 6.67%, 0, 158, 5, 9.69
1747798799, 3, 264, 1089, 1072, 9, 6.67%, 0, 158, 5, 9.36
1747798804, 3, 265, 1089, 1072, 9, 6.67%, 0, 158, 5, 8.78
1747798809, 3, 266, 1089, 1072, 9, 6.67%, 0, 158, 5, 7.84
1747798814, 3, 266, 1089, 1072, 9, 6.67%, 0, 159, 5, 7.94
1747798820, 3, 267, 1089, 1072, 9, 6.67%, 0, 159, 5, 7.91
1747798825, 3, 268, 1089, 1072, 9, 6.67%, 0, 159, 5, 7.40
1747798830, 3, 269, 1089, 1072, 9, 6.67%, 0, 159, 5, 10.93
1747798835, 3, 271, 1089, 1072, 9, 6.67%, 0, 160, 5, 16.31
1747798840, 3, 273, 1089, 1072, 9, 6.67%, 0, 160, 5, 12.66
1747798845, 3, 275, 1089, 1072, 9, 6.67%, 0, 160, 5, 12.09
1747798851, 3, 276, 1089, 1072, 9, 6.67%, 0, 160, 5, 12.80
1747798856, 3, 279, 1089, 1072, 9, 6.67%, 0, 160, 5, 10.44
1747798861, 3, 280, 1089, 1072, 9, 6.67%, 0, 160, 5, 11.04
1747798866, 3, 281, 1089, 1072, 9, 6.67%, 0, 160, 5, 1.42
1747798871, 3, 283, 1089, 1072, 9, 6.67%, 0, 160, 5, 13.23
1747798876, 3, 284, 1089, 1072, 9, 6.67%, 0, 160, 5, 2.26
1747798882, 3, 285, 1089, 1072, 9, 6.67%, 0, 160, 5, 7.86
1747798887, 3, 287, 1089, 1072, 9, 6.67%, 0, 160, 5, 8.13
1747798892, 3, 288, 1089, 1072, 9, 6.67%, 0, 160, 5, 7.40
1747798897, 3, 289, 1089, 1072, 9, 6.67%, 0, 160, 5, 9.74
1747798902, 3, 291, 1089, 1072, 9, 6.67%, 0, 160, 5, 12.51
1747799353, 3, 291, 1090, 1073, 9, 6.67%, 0, 160, 5, 15.76
1747799363, 3, 293, 1090, 1072, 9, 6.67%, 0, 160, 5, 18.84
1747799368, 3, 297, 1090, 1072, 9, 6.67%, 0, 160, 5, 22.81
1747799373, 3, 299, 1090, 1072, 9, 6.67%, 0, 160, 5, 17.88
1747799379, 3, 300, 1090, 1072, 9, 6.67%, 0, 160, 5, 15.55
1747799384, 3, 302, 1090, 1072, 9, 6.67%, 0, 160, 5, 15.02
1747799389, 3, 303, 1090, 1072, 9, 6.67%, 0, 160, 5, 17.73
1747799394, 3, 307, 1090, 1072, 9, 6.67%, 0, 160, 5, 20.91
1747799400, 3, 309, 1090, 1072, 9, 6.67%, 0, 160, 5, 15.80
1747799405, 3, 311, 1090, 1072, 9, 6.67%, 0, 160, 5, 21.39
1747799410, 3, 312, 1090, 1072, 9, 6.67%, 0, 160, 5, 19.73
1747799415, 3, 317, 1090, 1072, 9, 6.67%, 0, 160, 5, 18.35
1747799420, 3, 319, 1090, 1072, 9, 6.67%, 0, 160, 5, 18.37
1747799425, 3, 320, 1090, 1072, 9, 6.67%, 0, 160, 5, 17.59
1747799430, 3, 323, 1090, 1072, 9, 6.67%, 0, 160, 5, 16.97
1747799436, 3, 324, 1090, 1072, 9, 6.67%, 0, 160, 5, 14.49
1747799441, 3, 326, 1090, 1072, 9, 6.67%, 0, 160, 5, 18.68
1747799446, 3, 328, 1090, 1072, 9, 6.67%, 0, 160, 5, 22.14
1747799451, 3, 330, 1090, 1072, 9, 6.67%, 0, 160, 5, 19.63
1747799456, 3, 332, 1090, 1072, 9, 6.67%, 0, 160, 5, 19.62
1747799461, 3, 333, 1090, 1072, 9, 6.67%, 0, 160, 5, 18.41
1747799466, 3, 336, 1090, 1072, 9, 6.67%, 0, 160, 5, 18.98
1747799471, 3, 338, 1090, 1072, 9, 6.67%, 0, 160, 5, 15.40
1747799476, 3, 339, 1090, 1072, 9, 6.67%, 0, 160, 5, 16.92
1747799481, 3, 342, 1090, 1072, 9, 6.67%, 0, 160, 5, 16.39
1747799487, 3, 346, 1090, 1072, 9, 6.67%, 0, 160, 5, 19.66
1747799492, 3, 347, 1090, 1072, 9, 6.67%, 0, 160, 5, 6.77
1747799497, 3, 349, 1090, 1072, 9, 6.67%, 0, 160, 5, 16.64
1747799502, 3, 351, 1090, 1072, 9, 6.67%, 0, 160, 5, 18.73
1747799507, 3, 353, 1090, 1072, 9, 6.67%, 0, 160, 5, 16.00
1747799512, 3, 355, 1090, 1072, 9, 6.67%, 0, 160, 5, 16.93
1747799517, 3, 356, 1090, 1072, 9, 6.67%, 0, 160, 5, 9.75
1747799522, 3, 358, 1090, 1072, 9, 6.67%, 0, 160, 5, 13.87
1747799527, 3, 359, 1090, 1072, 9, 6.67%, 0, 160, 5, 16.63
1747799533, 3, 362, 1090, 1072, 9, 6.67%, 0, 160, 5, 17.96
1747799538, 3, 364, 1090, 1072, 9, 6.67%, 0, 160, 5, 20.83
1747799543, 3, 366, 1090, 1072, 9, 6.67%, 0, 160, 5, 19.99
1747799548, 3, 367, 1090, 1072, 9, 6.67%, 0, 160, 5, 17.80
1747799553, 3, 369, 1090, 1072, 9, 6.67%, 0, 160, 5, 20.40
1747799558, 3, 372, 1090, 1072, 9, 6.67%, 0, 160, 5, 17.98
1747799563, 3, 374, 1090, 1072, 9, 6.67%, 0, 160, 5, 16.61
1747799569, 3, 375, 1090, 1072, 9, 6.67%, 0, 160, 5, 15.68
1747799575, 3, 376, 1091, 1073, 9, 6.67%, 0, 160, 5, 2.11
1747799585, 3, 377, 1091, 1073, 9, 6.67%, 0, 160, 5, 16.51
1747799590, 3, 378, 1091, 1073, 9, 6.67%, 0, 160, 5, 14.89
1747799595, 3, 380, 1091, 1073, 9, 6.67%, 0, 160, 5, 10.66
1747799600, 3, 383, 1091, 1073, 9, 6.67%, 0, 160, 5, 11.58
1747799605, 3, 387, 1091, 1073, 9, 6.67%, 0, 160, 5, 12.32
1747799610, 3, 389, 1091, 1073, 9, 6.67%, 0, 160, 5, 12.36
1747799615, 3, 390, 1091, 1073, 9, 6.67%, 0, 160, 5, 10.41
1747799621, 3, 392, 1091, 1073, 9, 6.67%, 0, 160, 5, 9.32
1747799626, 3, 393, 1091, 1073, 9, 6.67%, 0, 160, 5, 18.99
1747799631, 3, 394, 1091, 1073, 9, 6.67%, 0, 160, 5, 12.62
1747799636, 3, 395, 1091, 1073, 9, 6.67%, 0, 160, 5, 10.32
1747799641, 3, 396, 1091, 1073, 9, 6.67%, 0, 160, 5, 11.30
1747799647, 3, 397, 1091, 1073, 9, 6.67%, 0, 160, 5, 15.44
1747799652, 3, 399, 1091, 1073, 9, 6.67%, 0, 160, 5, 11.23
1747799658, 3, 400, 1091, 1073, 9, 6.67%, 0, 160, 5, 8.72
1747799668, 3, 401, 1091, 1073, 9, 6.67%, 0, 160, 5, 1.93
1747799673, 3, 403, 1091, 1073, 9, 6.67%, 0, 160, 5, 11.53
1747799678, 3, 405, 1091, 1073, 9, 6.67%, 0, 160, 5, 9.24
1747799684, 3, 406, 1091, 1073, 9, 6.67%, 0, 160, 5, 9.99
1747799689, 3, 407, 1091, 1073, 9, 6.67%, 0, 160, 5, 10.84
1747799694, 3, 408, 1091, 1073, 9, 6.67%, 0, 160, 5, 11.27
1747799699, 3, 409, 1091, 1073, 9, 6.67%, 0, 160, 5, 10.32
1747799704, 3, 410, 1091, 1073, 9, 6.67%, 0, 161, 5, 8.11
1747799709, 3, 411, 1091, 1073, 9, 6.67%, 0, 161, 5, 10.63
1747799714, 3, 412, 1091, 1073, 9, 6.67%, 0, 161, 5, 10.92
1747799719, 3, 413, 1091, 1073, 9, 6.67%, 0, 161, 5, 11.34
1747799725, 3, 414, 1091, 1073, 9, 6.67%, 0, 161, 5, 9.13
1747799730, 3, 415, 1091, 1073, 9, 6.67%, 0, 161, 5, 9.31
1747799735, 3, 416, 1091, 1073, 9, 6.67%, 0, 161, 5, 10.03
1747799740, 3, 417, 1091, 1073, 9, 6.67%, 0, 161, 5, 9.68
1747799745, 3, 418, 1091, 1073, 9, 6.67%, 0, 162, 5, 10.74
1747799755, 3, 420, 1091, 1073, 9, 6.67%, 0, 162, 5, 9.74
1747799761, 3, 421, 1091, 1073, 9, 6.67%, 0, 162, 5, 10.18
1747799771, 3, 424, 1091, 1073, 9, 6.67%, 0, 162, 5, 11.19
1747799776, 3, 426, 1091, 1073, 9, 6.67%, 0, 162, 5, 9.90
1747799781, 3, 428, 1091, 1073, 9, 6.67%, 0, 162, 5, 10.00
1747799792, 3, 430, 1091, 1073, 9, 6.67%, 0, 162, 5, 10.18
1747799797, 3, 434, 1091, 1073, 9, 6.67%, 0, 162, 5, 11.50
1747799802, 3, 435, 1091, 1073, 9, 6.67%, 0, 162, 5, 10.28
1747799807, 3, 436, 1091, 1073, 9, 6.67%, 0, 162, 5, 8.62
1747799812, 3, 437, 1091, 1073, 9, 6.67%, 0, 162, 5, 11.74
1747799817, 3, 438, 1091, 1073, 9, 6.67%, 0, 162, 5, 10.57
1747799822, 3, 439, 1091, 1073, 9, 6.67%, 0, 162, 5, 10.72
1747799828, 3, 439, 1091, 1073, 9, 6.67%, 0, 163, 5, 9.48
1747799833, 3, 440, 1091, 1073, 9, 6.67%, 0, 163, 5, 11.23
1747799838, 3, 442, 1091, 1073, 9, 6.67%, 0, 163, 5, 11.78
1747799843, 3, 442, 1091, 1073, 9, 6.67%, 0, 164, 5, 8.78
1747799848, 3, 443, 1091, 1073, 9, 6.67%, 0, 164, 5, 11.35
1747799853, 3, 445, 1091, 1073, 9, 6.67%, 0, 164, 5, 9.15
1747799858, 3, 446, 1091, 1073, 9, 6.67%, 0, 164, 5, 8.68
1747799863, 3, 447, 1091, 1073, 9, 6.67%, 0, 164, 5, 11.01
1747799869, 3, 448, 1091, 1073, 9, 6.67%, 0, 164, 5, 9.93
1747799874, 3, 449, 1092, 1074, 9, 6.67%, 0, 165, 5, 5.35
1747799890, 3, 451, 1092, 1074, 9, 6.67%, 0, 165, 5, 9.06
1747799895, 3, 452, 1092, 1074, 9, 6.67%, 0, 165, 5, 10.55
1747799900, 3, 453, 1092, 1074, 9, 6.67%, 0, 165, 5, 10.05
1747799905, 3, 453, 1092, 1074, 9, 6.67%, 0, 166, 5, 1.72
1747799910, 3, 454, 1092, 1074, 9, 6.67%, 0, 166, 5, 6.05
1747799915, 3, 455, 1092, 1074, 9, 6.67%, 0, 166, 5, 10.21
1747799921, 3, 456, 1092, 1074, 9, 6.67%, 0, 166, 5, 7.67
1747799931, 3, 457, 1092, 1074, 9, 6.67%, 0, 166, 5, 9.03
1747799936, 3, 458, 1092, 1074, 9, 6.67%, 0, 166, 5, 7.81
1747799941, 3, 460, 1092, 1074, 9, 6.67%, 0, 166, 5, 9.65
1747799947, 3, 461, 1092, 1074, 9, 6.67%, 0, 167, 5, 17.24
1747799952, 3, 463, 1092, 1074, 9, 6.67%, 0, 167, 5, 12.09
1747799957, 3, 464, 1092, 1074, 9, 6.67%, 0, 168, 5, 10.94
1747799963, 3, 468, 1092, 1074, 9, 6.67%, 0, 168, 5, 10.50
1747799968, 3, 469, 1092, 1074, 9, 6.67%, 0, 168, 5, 8.77
1747799973, 3, 470, 1092, 1074, 9, 6.67%, 0, 168, 5, 8.77
1747799978, 3, 471, 1092, 1074, 9, 6.67%, 0, 170, 5, 8.89
1747799983, 3, 473, 1092, 1074, 9, 6.67%, 0, 170, 5, 10.89
1747799993, 3, 476, 1092, 1074, 9, 6.67%, 0, 170, 5, 13.05
1747799999, 3, 478, 1092, 1074, 9, 6.67%, 0, 170, 5, 12.92
1747800009, 3, 480, 1092, 1074, 9, 6.67%, 0, 170, 5, 13.31
1747800014, 3, 481, 1092, 1074, 9, 6.67%, 0, 170, 5, 12.12
1747800019, 3, 482, 1092, 1074, 9, 6.67%, 0, 170, 5, 9.92
1747800029, 3, 485, 1092, 1074, 9, 6.67%, 0, 170, 5, 10.52
1747800035, 3, 486, 1092, 1074, 9, 6.67%, 0, 170, 5, 11.00
1747800040, 3, 487, 1092, 1074, 9, 6.67%, 0, 170, 5, 9.58
1747800050, 3, 488, 1092, 1074, 9, 6.67%, 0, 170, 5, 8.56
1747800055, 3, 490, 1092, 1074, 9, 6.67%, 0, 170, 5, 10.45
1747800060, 3, 491, 1092, 1074, 9, 6.67%, 0, 170, 5, 9.59
1747800065, 3, 492, 1092, 1074, 9, 6.67%, 0, 170, 5, 10.66
1747800070, 3, 493, 1092, 1074, 9, 6.67%, 0, 170, 5, 8.97
1747800076, 3, 495, 1092, 1074, 9, 6.67%, 0, 170, 5, 10.42
1747800081, 3, 496, 1092, 1074, 9, 6.67%, 0, 170, 5, 1.00
1747800086, 3, 497, 1092, 1074, 9, 6.67%, 0, 170, 5, 9.23
1747800091, 3, 498, 1092, 1074, 9, 6.67%, 0, 170, 5, 9.28
1747800096, 3, 499, 1092, 1074, 9, 6.67%, 0, 171, 5, 8.18
1747800102, 3, 500, 1092, 1074, 9, 6.67%, 0, 171, 5, 8.87
1747800112, 3, 501, 1092, 1074, 9, 6.67%, 0, 171, 5, 7.97
1747800117, 3, 502, 1092, 1074, 9, 6.67%, 0, 171, 5, 7.72
1747800122, 3, 503, 1092, 1074, 9, 6.67%, 0, 171, 5, 8.22
1747800127, 3, 504, 1092, 1074, 9, 6.67%, 0, 171, 5, 9.77
1747800132, 3, 505, 1092, 1074, 9, 6.67%, 0, 171, 5, 10.26
1747800137, 3, 507, 1092, 1074, 9, 6.67%, 0, 171, 5, 10.34
1747800143, 3, 508, 1092, 1074, 9, 6.67%, 0, 171, 5, 11.43
1747800148, 3, 509, 1092, 1074, 9, 6.67%, 0, 171, 5, 11.84
1747800153, 3, 510, 1092, 1074, 9, 6.67%, 0, 172, 5, 9.47
1747800159, 3, 510, 1092, 1074, 9, 6.67%, 0, 173, 5, 7.60
1747800164, 3, 511, 1092, 1074, 9, 6.67%, 0, 173, 5, 9.24
1747800169, 3, 512, 1092, 1074, 9, 6.67%, 0, 173, 5, 8.71
1747800175, 3, 513, 1092, 1074, 9, 6.67%, 0, 173, 5, 7.63
1747800185, 3, 514, 1092, 1074, 9, 6.67%, 0, 173, 5, 8.32
1747800190, 3, 515, 1092, 1074, 9, 6.67%, 0, 173, 5, 9.74
1747800196, 3, 516, 1092, 1074, 9, 6.67%, 0, 173, 5, 9.87
1747800201, 3, 517, 1092, 1074, 9, 6.67%, 0, 173, 5, 11.46
1747800206, 3, 519, 1092, 1074, 9, 6.67%, 0, 173, 5, 11.95
1747800216, 3, 520, 1092, 1074, 9, 6.67%, 0, 173, 5, 9.94
1747800222, 3, 521, 1092, 1074, 9, 6.67%, 0, 173, 5, 10.23
1747800227, 3, 522, 1092, 1074, 9, 6.67%, 0, 173, 5, 8.66
1747800232, 3, 524, 1092, 1074, 9, 6.67%, 0, 173, 5, 8.52
1747800237, 3, 525, 1092, 1074, 9, 6.67%, 0, 173, 5, 11.66
1747800242, 3, 526, 1092, 1074, 9, 6.67%, 0, 173, 5, 11.04
1747800247, 3, 527, 1092, 1074, 9, 6.67%, 0, 173, 5, 2.50
1747800253, 3, 528, 1092, 1074, 9, 6.67%, 0, 173, 5, 10.36
1747800258, 3, 528, 1092, 1074, 9, 6.67%, 0, 174, 5, 9.33
1747800263, 3, 529, 1092, 1074, 9, 6.67%, 0, 174, 5, 8.07
1747800268, 3, 530, 1092, 1074, 9, 6.67%, 0, 175, 5, 8.33
1747800273, 3, 531, 1092, 1074, 9, 6.67%, 0, 175, 5, 9.66
1747800279, 3, 532, 1092, 1074, 9, 6.67%, 0, 175, 5, 10.74
1747800284, 3, 533, 1092, 1074, 9, 6.67%, 0, 175, 5, 8.47
1747800289, 3, 533, 1093, 1075, 9, 6.67%, 0, 175, 5, 8.21
1747800295, 3, 534, 1093, 1075, 9, 6.67%, 0, 175, 5, 8.67
1747800300, 3, 535, 1093, 1075, 9, 6.67%, 0, 175, 5, 10.17
1747800305, 3, 536, 1093, 1075, 9, 6.67%, 0, 175, 5, 8.53
1747800316, 3, 537, 1093, 1075, 9, 6.67%, 0, 175, 5, 9.50
1747800321, 3, 538, 1093, 1075, 9, 6.67%, 0, 175, 5, 8.79
1747800326, 3, 540, 1093, 1075, 9, 6.67%, 0, 175, 5, 8.56
1747800331, 3, 542, 1093, 1075, 9, 6.67%, 0, 175, 5, 7.86
1747800336, 3, 543, 1093, 1075, 9, 6.67%, 0, 175, 5, 8.46
1747800341, 3, 544, 1093, 1075, 9, 6.67%, 0, 175, 5, 10.35
1747800347, 3, 545, 1093, 1075, 9, 6.67%, 0, 175, 5, 12.28
1747800352, 3, 546, 1093, 1075, 9, 6.67%, 0, 175, 5, 10.71
1747800357, 3, 547, 1093, 1075, 9, 6.67%, 0, 175, 5, 10.92
1747800363, 3, 548, 1093, 1075, 9, 6.67%, 0, 175, 5, 10.41
1747800368, 3, 549, 1093, 1075, 9, 6.67%, 0, 175, 5, 9.50
1747800374, 3, 550, 1093, 1075, 9, 6.67%, 0, 175, 5, 8.87
1747800379, 3, 551, 1093, 1075, 9, 6.67%, 0, 175, 5, 9.62
1747800389, 3, 553, 1093, 1075, 9, 6.67%, 0, 175, 5, 10.60
1747800400, 3, 555, 1093, 1075, 9, 6.67%, 0, 175, 5, 11.14
1747800410, 3, 556, 1093, 1075, 9, 6.67%, 0, 175, 5, 10.65
1747800415, 3, 557, 1093, 1075, 9, 6.67%, 0, 176, 5, 4.64
1747800420, 3, 558, 1093, 1075, 9, 6.67%, 0, 176, 5, 7.98
1747800425, 3, 559, 1093, 1075, 9, 6.67%, 0, 176, 5, 8.33
1747800431, 3, 560, 1093, 1075, 9, 6.67%, 0, 176, 5, 12.57
1747800436, 3, 561, 1093, 1075, 9, 6.67%, 0, 176, 5, 12.64
1747800441, 3, 563, 1093, 1075, 9, 6.67%, 0, 177, 5, 1.00
1747800446, 3, 566, 1093, 1075, 9, 6.67%, 0, 177, 5, 11.97
1747800452, 3, 567, 1093, 1075, 9, 6.67%, 0, 177, 5, 12.94
1747800457, 3, 568, 1093, 1075, 9, 6.67%, 0, 177, 5, 10.59
1747800462, 3, 570, 1093, 1075, 9, 6.67%, 0, 177, 5, 10.93
1747800467, 3, 571, 1093, 1075, 9, 6.67%, 0, 177, 5, 11.17
1747800472, 3, 572, 1093, 1075, 9, 6.67%, 0, 178, 5, 13.46
1747800483, 3, 574, 1093, 1075, 9, 6.67%, 0, 178, 5, 10.62
1747800493, 3, 576, 1093, 1075, 9, 6.67%, 0, 178, 5, 12.69
1747800498, 3, 578, 1093, 1075, 9, 6.67%, 0, 178, 5, 12.14
1747800503, 3, 579, 1093, 1075, 9, 6.67%, 0, 178, 5, 11.30
1747800508, 3, 580, 1093, 1075, 9, 6.67%, 0, 178, 5, 12.09
1747800513, 3, 582, 1093, 1075, 9, 6.67%, 0, 178, 5, 13.17
1747800518, 3, 584, 1093, 1075, 9, 6.67%, 0, 178, 5, 11.72
1747800524, 3, 585, 1093, 1075, 9, 6.67%, 0, 178, 5, 10.50
1747800529, 3, 586, 1093, 1075, 9, 6.67%, 0, 178, 5, 9.31
1747800539, 3, 587, 1093, 1075, 9, 6.67%, 0, 178, 5, 9.54
1747800544, 3, 588, 1093, 1075, 9, 6.67%, 0, 178, 5, 10.02
1747800549, 3, 589, 1093, 1075, 9, 6.67%, 0, 178, 5, 10.78
1747800554, 3, 590, 1093, 1075, 9, 6.67%, 0, 178, 5, 7.66
1747800559, 3, 591, 1093, 1075, 9, 6.67%, 0, 178, 5, 8.66
1747800564, 3, 592, 1093, 1075, 9, 6.67%, 0, 178, 5, 10.54
1747800570, 3, 593, 1093, 1075, 9, 6.67%, 0, 178, 5, 11.34
1747800575, 3, 595, 1093, 1075, 9, 6.67%, 0, 178, 5, 11.92
1747800580, 3, 596, 1093, 1075, 9, 6.67%, 0, 178, 5, 10.50
1747800590, 3, 600, 1093, 1075, 9, 6.67%, 0, 178, 5, 9.82
1747800595, 3, 601, 1093, 1075, 9, 6.67%, 0, 178, 5, 8.48
1747800601, 3, 602, 1093, 1075, 9, 6.67%, 0, 179, 5, 13.67
1747800611, 3, 603, 1093, 1075, 9, 6.67%, 0, 179, 5, 1.00
1747800616, 3, 604, 1093, 1075, 9, 6.67%, 0, 179, 5, 5.28
1747800622, 3, 605, 1093, 1075, 9, 6.67%, 0, 179, 5, 8.24
1747800627, 3, 605, 1094, 1076, 9, 6.67%, 0, 179, 5, 10.33
1747800632, 3, 608, 1094, 1076, 9, 6.67%, 0, 179, 5, 10.26
1747800642, 3, 609, 1094, 1076, 9, 6.67%, 0, 179, 5, 7.75
1747800647, 3, 610, 1094, 1076, 9, 6.67%, 0, 179, 5, 10.30
1747800652, 3, 611, 1094, 1076, 9, 6.67%, 0, 179, 5, 10.64
1747800658, 3, 612, 1094, 1076, 9, 6.67%, 0, 180, 5, 1.93
1747800663, 3, 613, 1094, 1076, 9, 6.67%, 0, 180, 5, 4.25
1747800668, 3, 615, 1094, 1076, 9, 6.67%, 0, 180, 5, 7.50
1747800673, 3, 615, 1095, 1077, 9, 6.67%, 0, 180, 5, 5.28
1747800683, 3, 616, 1095, 1077, 9, 6.67%, 0, 180, 5, 8.77
1747800688, 3, 617, 1095, 1077, 9, 6.67%, 0, 180, 5, 11.34
1747800694, 3, 618, 1095, 1077, 9, 6.67%, 0, 180, 5, 11.94
1747800699, 3, 620, 1095, 1077, 9, 6.67%, 0, 180, 5, 9.91
1747800704, 3, 621, 1095, 1077, 9, 6.67%, 0, 180, 5, 11.95
1747800709, 3, 622, 1095, 1077, 9, 6.67%, 0, 180, 5, 11.41
1747800714, 3, 623, 1095, 1077, 9, 6.67%, 0, 180, 5, 12.51
1747800719, 3, 624, 1095, 1077, 9, 6.67%, 0, 180, 5, 11.09
1747800725, 3, 626, 1095, 1077, 9, 6.67%, 0, 180, 5, 8.69
1747800730, 3, 628, 1095, 1077, 9, 6.67%, 0, 180, 5, 9.98
1747800735, 3, 629, 1095, 1077, 9, 6.67%, 0, 180, 5, 10.56
1747800740, 3, 630, 1095, 1077, 9, 6.67%, 0, 180, 5, 10.26
1747800745, 3, 631, 1095, 1077, 9, 6.67%, 0, 180, 5, 3.38
1747800750, 3, 632, 1095, 1077, 9, 6.67%, 0, 180, 5, 8.48
1747800756, 3, 633, 1095, 1077, 9, 6.67%, 0, 180, 5, 11.23
1747800761, 3, 634, 1095, 1077, 9, 6.67%, 0, 180, 5, 10.71
1747800766, 3, 635, 1095, 1077, 9, 6.67%, 0, 180, 5, 12.11
1747800771, 3, 636, 1095, 1077, 9, 6.67%, 0, 180, 5, 11.86
1747800777, 3, 637, 1095, 1077, 9, 6.67%, 0, 180, 5, 10.70
1747800782, 3, 638, 1095, 1077, 9, 6.67%, 0, 180, 5, 15.78
1747800787, 3, 640, 1095, 1077, 9, 6.67%, 0, 180, 5, 12.60
1747800792, 3, 641, 1095, 1077, 9, 6.67%, 0, 181, 5, 1.25
1747800802, 3, 642, 1095, 1077, 9, 6.67%, 0, 181, 5, 10.27
1747800808, 3, 643, 1095, 1077, 9, 6.67%, 0, 181, 5, 10.78
1747800813, 3, 645, 1095, 1077, 9, 6.67%, 0, 181, 5, 14.07
1747800823, 3, 648, 1095, 1077, 9, 6.67%, 0, 181, 5, 10.29
1747800828, 3, 650, 1095, 1077, 9, 6.67%, 0, 181, 5, 10.83
1747800834, 3, 651, 1095, 1077, 9, 6.67%, 0, 181, 5, 11.14
1747800839, 3, 654, 1095, 1077, 9, 6.67%, 0, 181, 5, 12.09
1747800849, 3, 657, 1095, 1077, 9, 6.67%, 0, 181, 5, 9.46
1747800854, 3, 658, 1095, 1077, 9, 6.67%, 0, 181, 5, 9.65
1747800859, 3, 660, 1095, 1077, 9, 6.67%, 0, 181, 5, 8.72
1747800864, 3, 661, 1095, 1077, 9, 6.67%, 0, 181, 5, 15.94
1747800870, 3, 662, 1095, 1077, 9, 6.67%, 0, 181, 5, 10.43
1747800875, 3, 663, 1095, 1077, 9, 6.67%, 0, 181, 5, 10.03
1747800880, 3, 664, 1095, 1077, 9, 6.67%, 0, 181, 5, 10.79
1747800885, 3, 665, 1095, 1077, 9, 6.67%, 0, 181, 5, 9.24
1747800890, 3, 666, 1095, 1077, 9, 6.67%, 0, 181, 5, 9.49
1747800900, 3, 667, 1095, 1077, 9, 6.67%, 0, 181, 5, 8.42
1747800906, 3, 669, 1095, 1077, 9, 6.67%, 0, 181, 5, 1.00
1747800911, 3, 670, 1095, 1077, 9, 6.67%, 0, 181, 5, 9.41
1747800917, 3, 671, 1095, 1077, 9, 6.67%, 0, 181, 5, 8.97
1747800922, 3, 672, 1095, 1077, 9, 6.67%, 0, 181, 5, 10.45
1747800927, 3, 674, 1095, 1077, 9, 6.67%, 0, 181, 5, 8.04
1747800937, 3, 675, 1095, 1077, 9, 6.67%, 0, 181, 5, 10.39
1747800943, 3, 676, 1095, 1077, 9, 6.67%, 0, 182, 5, 18.08
1747800948, 3, 678, 1095, 1077, 9, 6.67%, 0, 182, 5, 14.21
1747800953, 3, 679, 1095, 1077, 9, 6.67%, 0, 182, 5, 12.82
1747800958, 3, 680, 1095, 1077, 9, 6.67%, 0, 182, 5, 10.93
1747800963, 3, 682, 1095, 1077, 9, 6.67%, 0, 182, 5, 11.61
1747800968, 3, 683, 1095, 1077, 9, 6.67%, 0, 182, 5, 1.93
1747800979, 3, 684, 1095, 1077, 9, 6.67%, 0, 182, 5, 10.36
1747800984, 3, 685, 1095, 1077, 9, 6.67%, 0, 182, 5, 9.03
1747800989, 3, 686, 1095, 1077, 9, 6.67%, 0, 182, 5, 8.51
1747800994, 3, 687, 1095, 1077, 9, 6.67%, 0, 182, 5, 7.38
1747801000, 3, 688, 1095, 1077, 9, 6.67%, 0, 182, 5, 8.57
1747801005, 3, 688, 1096, 1078, 9, 6.67%, 0, 182, 5, 10.39
1747801010, 3, 689, 1096, 1078, 9, 6.67%, 0, 182, 5, 27.93
1747801015, 3, 690, 1096, 1078, 9, 6.67%, 0, 182, 5, 9.30
1747801020, 3, 691, 1096, 1078, 9, 6.67%, 0, 182, 5, 12.49
1747801025, 3, 692, 1096, 1078, 9, 6.67%, 0, 182, 5, 11.05
1747801030, 3, 693, 1096, 1078, 9, 6.67%, 0, 182, 5, 13.29
1747801036, 3, 694, 1096, 1078, 9, 6.67%, 0, 182, 5, 9.60
1747801041, 3, 695, 1097, 1079, 9, 6.67%, 0, 182, 5, 9.53
1747801051, 3, 696, 1097, 1079, 9, 6.67%, 0, 182, 5, 8.72
1747801056, 3, 697, 1097, 1079, 9, 6.67%, 0, 182, 5, 10.12
1747801061, 3, 698, 1097, 1079, 9, 6.67%, 0, 182, 5, 9.86
1747801072, 3, 702, 1097, 1079, 9, 6.67%, 0, 182, 5, 11.41
1747801077, 3, 704, 1097, 1079, 9, 6.67%, 0, 182, 5, 10.66
1747801082, 3, 705, 1097, 1079, 9, 6.67%, 0, 182, 5, 12.99
1747801087, 3, 707, 1097, 1079, 9, 6.67%, 0, 182, 5, 12.60
1747801092, 3, 708, 1097, 1079, 9, 6.67%, 0, 183, 5, 11.32
1747801097, 3, 710, 1097, 1079, 9, 6.67%, 0, 183, 5, 10.00
1747801107, 3, 713, 1097, 1079, 9, 6.67%, 0, 183, 5, 11.00
1747801113, 3, 714, 1097, 1079, 9, 6.67%, 0, 183, 5, 12.14
1747801118, 3, 715, 1097, 1079, 9, 6.67%, 0, 184, 5, 11.40
1747801123, 3, 716, 1097, 1079, 9, 6.67%, 0, 184, 5, 12.43
1747801128, 3, 717, 1097, 1079, 9, 6.67%, 0, 184, 5, 13.19
1747801133, 3, 719, 1097, 1079, 9, 6.67%, 0, 184, 5, 11.11
1747801138, 3, 720, 1097, 1079, 9, 6.67%, 0, 184, 5, 9.99
1747801144, 3, 721, 1097, 1079, 9, 6.67%, 0, 184, 5, 8.84
1747801149, 3, 722, 1097, 1079, 9, 6.67%, 0, 184, 5, 11.18
1747801154, 3, 723, 1097, 1079, 9, 6.67%, 0, 184, 5, 10.26
1747801160, 3, 724, 1097, 1079, 9, 6.67%, 0, 184, 5, 11.64
1747801165, 3, 725, 1097, 1079, 9, 6.67%, 0, 184, 5, 6.14
1747801170, 3, 726, 1097, 1079, 9, 6.67%, 0, 184, 5, 14.88
1747801175, 3, 728, 1097, 1079, 9, 6.67%, 0, 184, 5, 13.07
1747801180, 3, 729, 1097, 1079, 9, 6.67%, 0, 184, 5, 11.33
1747801185, 3, 731, 1097, 1079, 9, 6.67%, 0, 184, 5, 9.27
1747801190, 3, 733, 1097, 1079, 9, 6.67%, 0, 184, 5, 10.14
1747801195, 3, 734, 1097, 1079, 9, 6.67%, 0, 184, 5, 11.19
1747801200, 3, 735, 1097, 1079, 9, 6.67%, 0, 184, 5, 17.43
1747801205, 3, 737, 1097, 1079, 9, 6.67%, 0, 184, 5, 13.47
1747801210, 3, 738, 1097, 1079, 9, 6.67%, 0, 184, 5, 11.47
1747801216, 3, 739, 1097, 1079, 9, 6.67%, 0, 184, 5, 12.54
1747801221, 3, 741, 1097, 1079, 9, 6.67%, 0, 184, 5, 10.01
1747801226, 3, 742, 1097, 1079, 9, 6.67%, 0, 184, 5, 9.86
1747801231, 3, 743, 1097, 1079, 9, 6.67%, 0, 184, 5, 8.23
1747801241, 3, 747, 1097, 1079, 9, 6.67%, 0, 184, 5, 11.30
1747801247, 3, 749, 1097, 1079, 9, 6.67%, 0, 184, 5, 13.98
1747801252, 3, 750, 1097, 1079, 9, 6.67%, 0, 184, 5, 13.43
1747801257, 3, 751, 1097, 1079, 9, 6.67%, 0, 184, 5, 11.71
1747801262, 3, 752, 1097, 1079, 9, 6.67%, 0, 184, 5, 9.23
1747801267, 3, 753, 1097, 1079, 9, 6.67%, 0, 184, 5, 9.14
1747801272, 3, 755, 1097, 1079, 9, 6.67%, 0, 184, 5, 9.42
1747801277, 3, 756, 1097, 1079, 9, 6.67%, 0, 184, 5, 10.35
1747801282, 3, 760, 1097, 1079, 9, 6.67%, 0, 184, 5, 8.92
1747801287, 3, 761, 1097, 1079, 9, 6.67%, 0, 184, 5, 11.01
1747801293, 3, 762, 1097, 1079, 9, 6.67%, 0, 184, 5, 1.45
1747801298, 3, 763, 1097, 1079, 9, 6.67%, 0, 184, 5, 18.95
1747801303, 3, 764, 1097, 1079, 9, 6.67%, 0, 184, 5, 5.84
1747801308, 3, 765, 1097, 1079, 9, 6.67%, 0, 184, 5, 10.66
1747801313, 3, 767, 1097, 1079, 9, 6.67%, 0, 184, 5, 13.37
1747801324, 3, 768, 1097, 1079, 9, 6.67%, 0, 184, 5, 12.74
1747801329, 3, 769, 1097, 1079, 9, 6.67%, 0, 184, 5, 10.02
1747801334, 3, 771, 1097, 1079, 9, 6.67%, 0, 184, 5, 8.07
1747801339, 3, 773, 1097, 1079, 9, 6.67%, 0, 184, 5, 11.11
1747801344, 3, 774, 1097, 1079, 9, 6.67%, 0, 184, 5, 11.49
1747801349, 3, 775, 1097, 1079, 9, 6.67%, 0, 184, 5, 10.04
1747801354, 3, 776, 1097, 1079, 9, 6.67%, 0, 184, 5, 10.65
1747801359, 3, 777, 1097, 1079, 9, 6.67%, 0, 184, 5, 9.72
1747801364, 3, 778, 1097, 1079, 9, 6.67%, 0, 184, 5, 7.97
1747801369, 3, 779, 1097, 1079, 9, 6.67%, 0, 184, 5, 11.51
1747801374, 3, 780, 1097, 1079, 9, 6.67%, 0, 184, 5, 9.78
1747801379, 3, 781, 1097, 1079, 9, 6.67%, 0, 184, 5, 10.08
1747801385, 3, 782, 1097, 1079, 9, 6.67%, 0, 185, 5, 7.89
1747801390, 3, 783, 1097, 1079, 9, 6.67%, 0, 185, 5, 10.49
1747801395, 3, 784, 1097, 1079, 9, 6.67%, 0, 185, 5, 10.02
1747801400, 3, 785, 1097, 1079, 9, 6.67%, 0, 186, 5, 9.21
1747801410, 3, 786, 1097, 1079, 9, 6.67%, 0, 186, 5, 8.66
1747801415, 3, 787, 1097, 1079, 9, 6.67%, 0, 186, 5, 8.20
1747801421, 3, 788, 1097, 1079, 9, 6.67%, 0, 186, 5, 8.51
1747801431, 3, 789, 1097, 1079, 9, 6.67%, 0, 187, 5, 8.60
1747801436, 3, 790, 1097, 1079, 9, 6.67%, 0, 188, 5, 6.34
1747801442, 3, 792, 1097, 1079, 9, 6.67%, 0, 188, 5, 10.59
1747801447, 3, 794, 1097, 1079, 9, 6.67%, 0, 188, 5, 8.40
1747801452, 3, 795, 1097, 1079, 9, 6.67%, 0, 188, 5, 9.25
1747801457, 3, 796, 1097, 1079, 9, 6.67%, 0, 189, 5, 11.20
1747801462, 3, 797, 1097, 1079, 9, 6.67%, 0, 189, 5, 10.03
1747801472, 3, 799, 1097, 1079, 9, 6.67%, 0, 189, 5, 7.64
1747801477, 3, 801, 1097, 1079, 9, 6.67%, 0, 189, 5, 8.72
1747801483, 3, 802, 1097, 1079, 9, 6.67%, 0, 189, 5, 9.76
1747801488, 3, 803, 1097, 1079, 9, 6.67%, 0, 189, 5, 9.64
1747801493, 3, 804, 1097, 1079, 9, 6.67%, 0, 189, 5, 10.85
1747801498, 3, 805, 1097, 1079, 9, 6.67%, 0, 189, 5, 10.30
1747801503, 3, 806, 1097, 1079, 9, 6.67%, 0, 190, 5, 10.12
1747801513, 3, 808, 1097, 1079, 9, 6.67%, 0, 190, 5, 9.83
1747801518, 3, 809, 1097, 1079, 9, 6.67%, 0, 190, 5, 9.90
1747801523, 3, 810, 1097, 1079, 9, 6.67%, 0, 190, 5, 10.20
1747801528, 3, 811, 1097, 1079, 9, 6.67%, 0, 190, 5, 11.03
1747801534, 3, 812, 1097, 1079, 9, 6.67%, 0, 190, 5, 1.00
1747801540, 3, 813, 1097, 1079, 9, 6.67%, 0, 190, 5, 7.23
1747801545, 3, 814, 1097, 1079, 9, 6.67%, 0, 190, 5, 9.69
1747801550, 3, 815, 1097, 1079, 9, 6.67%, 0, 190, 5, 11.81
1747801555, 3, 816, 1097, 1079, 9, 6.67%, 0, 190, 5, 9.36
1747801560, 3, 818, 1097, 1079, 9, 6.67%, 0, 190, 5, 11.53
1747801570, 3, 820, 1097, 1079, 9, 6.67%, 0, 190, 5, 8.72
1747801576, 3, 823, 1097, 1079, 9, 6.67%, 0, 190, 5, 9.32
1747801581, 3, 825, 1097, 1079, 9, 6.67%, 0, 190, 5, 2.28
1747801586, 3, 826, 1097, 1079, 9, 6.67%, 0, 190, 5, 12.05
1747801591, 3, 827, 1097, 1079, 9, 6.67%, 0, 190, 5, 11.34
1747801596, 3, 828, 1097, 1079, 9, 6.67%, 0, 190, 5, 9.11
1747801602, 3, 829, 1097, 1079, 9, 6.67%, 0, 190, 5, 8.64
1747801607, 3, 831, 1097, 1079, 9, 6.67%, 0, 190, 5, 12.30
1747801612, 3, 833, 1097, 1079, 9, 6.67%, 0, 190, 5, 9.39
1747801617, 3, 834, 1097, 1079, 9, 6.67%, 0, 190, 5, 9.91
1747801622, 3, 835, 1097, 1079, 9, 6.67%, 0, 190, 5, 9.92
1747801628, 3, 836, 1097, 1079, 9, 6.67%, 0, 190, 5, 10.52
1747801633, 3, 837, 1097, 1079, 9, 6.67%, 0, 190, 5, 11.03
1747801638, 3, 838, 1097, 1079, 9, 6.67%, 0, 190, 5, 15.77
1747801648, 3, 839, 1097, 1079, 9, 6.67%, 0, 190, 5, 8.56
1747801653, 3, 841, 1097, 1079, 9, 6.67%, 0, 190, 5, 7.82
1747801658, 3, 843, 1097, 1079, 9, 6.67%, 0, 190, 5, 13.84
1747801664, 3, 844, 1097, 1079, 9, 6.67%, 0, 190, 5, 1.93
1747801669, 3, 846, 1097, 1079, 9, 6.67%, 0, 190, 5, 13.65
1747801674, 3, 847, 1097, 1079, 9, 6.67%, 0, 190, 5, 11.68
1747801679, 3, 848, 1097, 1079, 9, 6.67%, 0, 190, 5, 10.16
1747801684, 3, 849, 1097, 1079, 9, 6.67%, 0, 190, 5, 9.12
1747801689, 3, 850, 1097, 1079, 9, 6.67%, 0, 190, 5, 7.33
1747801694, 3, 851, 1097, 1079, 9, 6.67%, 0, 190, 5, 8.73
1747801705, 3, 852, 1097, 1079, 9, 6.67%, 0, 190, 5, 10.28
1747801711, 3, 854, 1097, 1079, 9, 6.67%, 0, 190, 5, 10.52
1747801716, 3, 856, 1097, 1079, 9, 6.67%, 0, 190, 5, 11.92
1747801721, 3, 857, 1097, 1079, 9, 6.67%, 0, 191, 5, 10.76
1747801726, 3, 858, 1097, 1079, 9, 6.67%, 0, 191, 5, 10.00
1747801732, 3, 859, 1097, 1079, 9, 6.67%, 0, 191, 5, 9.04
1747801737, 3, 860, 1097, 1079, 9, 6.67%, 0, 191, 5, 9.79
1747801747, 3, 861, 1097, 1079, 9, 6.67%, 0, 191, 5, 9.31
1747801752, 3, 863, 1097, 1079, 9, 6.67%, 0, 191, 5, 10.17
1747801763, 3, 864, 1098, 1080, 9, 6.67%, 0, 191, 5, 10.57
1747801773, 3, 867, 1098, 1080, 9, 6.67%, 0, 191, 5, 10.58
1747801778, 3, 867, 1099, 1081, 9, 6.67%, 0, 191, 5, 8.62
1747801783, 3, 868, 1099, 1081, 9, 6.67%, 0, 191, 5, 9.68
1747801794, 3, 871, 1099, 1081, 9, 6.67%, 0, 191, 5, 9.19
1747801799, 3, 873, 1099, 1081, 9, 6.67%, 0, 191, 5, 8.34
1747801805, 3, 875, 1099, 1081, 9, 6.67%, 0, 192, 5, 6.99
1747801810, 3, 876, 1099, 1081, 9, 6.67%, 0, 192, 5, 8.45
1747801815, 3, 877, 1099, 1081, 9, 6.67%, 0, 192, 5, 9.87
1747801820, 3, 878, 1099, 1081, 9, 6.67%, 0, 192, 5, 9.80
1747801830, 3, 879, 1099, 1081, 9, 6.67%, 0, 192, 5, 7.84
1747801836, 3, 880, 1099, 1081, 9, 6.67%, 0, 192, 5, 10.17
1747801841, 3, 882, 1099, 1081, 9, 6.67%, 0, 193, 5, 2.56
1747801846, 3, 882, 1099, 1081, 9, 6.67%, 0, 194, 5, 3.08
1747801851, 3, 883, 1099, 1081, 9, 6.67%, 0, 194, 5, 7.66
1747801857, 3, 884, 1099, 1081, 9, 6.67%, 0, 194, 5, 8.64
1747801862, 3, 885, 1099, 1081, 9, 6.67%, 0, 194, 5, 8.23
1747801867, 3, 886, 1099, 1081, 9, 6.67%, 0, 194, 5, 9.08
1747801878, 3, 888, 1099, 1081, 9, 6.67%, 0, 194, 5, 10.93
1747801888, 3, 892, 1099, 1081, 9, 6.67%, 0, 194, 5, 9.82
1747801898, 3, 893, 1099, 1081, 9, 6.67%, 0, 194, 5, 10.22
1747801903, 3, 896, 1099, 1081, 9, 6.67%, 0, 194, 5, 13.29
1747801908, 3, 897, 1099, 1081, 9, 6.67%, 0, 194, 5, 12.43
1747801914, 3, 898, 1099, 1081, 9, 6.67%, 0, 194, 5, 10.26
1747801919, 3, 899, 1099, 1081, 9, 6.67%, 0, 194, 5, 11.60
1747801924, 3, 900, 1099, 1081, 9, 6.67%, 0, 194, 5, 11.47
1747801929, 3, 901, 1099, 1081, 9, 6.67%, 0, 194, 5, 12.49
1747801935, 3, 903, 1099, 1081, 9, 6.67%, 0, 194, 5, 11.05
1747801940, 3, 905, 1099, 1081, 9, 6.67%, 0, 194, 5, 10.21
1747801945, 3, 906, 1099, 1081, 9, 6.67%, 0, 194, 5, 11.25
1747801950, 3, 907, 1099, 1081, 9, 6.67%, 0, 194, 5, 9.70
1747801955, 3, 908, 1099, 1081, 9, 6.67%, 0, 194, 5, 10.31
1747801961, 3, 909, 1099, 1081, 9, 6.67%, 0, 194, 5, 11.06
1747801966, 3, 910, 1099, 1081, 9, 6.67%, 0, 194, 5, 8.70
1747801971, 3, 912, 1099, 1081, 9, 6.67%, 0, 194, 5, 9.36
1747801981, 3, 913, 1099, 1081, 9, 6.67%, 0, 194, 5, 9.15
1747801986, 3, 915, 1099, 1081, 9, 6.67%, 0, 194, 5, 8.84
1747801991, 3, 916, 1099, 1081, 9, 6.67%, 0, 194, 5, 10.99
1747801996, 3, 919, 1099, 1081, 9, 6.67%, 0, 194, 5, 12.76
1747802001, 3, 920, 1099, 1081, 9, 6.67%, 0, 194, 5, 11.04
1747802007, 3, 924, 1099, 1081, 9, 6.67%, 0, 194, 5, 11.45
1747802012, 3, 925, 1099, 1081, 9, 6.67%, 0, 194, 5, 12.82
1747802017, 3, 929, 1099, 1081, 9, 6.67%, 0, 194, 5, 12.01
1747802022, 3, 931, 1099, 1081, 9, 6.67%, 0, 194, 5, 7.27
1747802027, 3, 932, 1099, 1081, 9, 6.67%, 0, 194, 5, 9.15
1747802032, 3, 933, 1099, 1081, 9, 6.67%, 0, 194, 5, 9.61
1747802038, 3, 934, 1099, 1081, 9, 6.67%, 0, 194, 5, 12.41
1747802043, 3, 935, 1099, 1081, 9, 6.67%, 0, 194, 5, 12.22
1747802048, 3, 938, 1099, 1081, 9, 6.67%, 0, 194, 5, 12.22
1747802053, 3, 939, 1099, 1081, 9, 6.67%, 0, 194, 5, 10.09
1747802058, 3, 941, 1099, 1081, 9, 6.67%, 0, 195, 5, 1.74
1747802069, 3, 942, 1099, 1081, 9, 6.67%, 0, 195, 5, 9.44
1747802074, 3, 943, 1099, 1081, 9, 6.67%, 0, 195, 5, 9.20
1747802079, 3, 945, 1099, 1081, 9, 6.67%, 0, 195, 5, 10.99
1747802084, 3, 946, 1099, 1081, 9, 6.67%, 0, 195, 5, 11.93
1747802089, 3, 947, 1099, 1081, 9, 6.67%, 0, 195, 5, 11.12
1747802095, 3, 948, 1099, 1081, 9, 6.67%, 0, 195, 5, 12.31
1747802100, 3, 949, 1099, 1081, 9, 6.67%, 0, 195, 5, 9.94
1747802105, 3, 950, 1099, 1081, 9, 6.67%, 0, 195, 5, 7.71
1747802115, 3, 951, 1099, 1081, 9, 6.67%, 0, 195, 5, 8.58
1747802120, 3, 952, 1099, 1081, 9, 6.67%, 0, 195, 5, 11.06
1747802125, 3, 954, 1099, 1081, 9, 6.67%, 0, 195, 5, 12.13
1747802130, 3, 957, 1099, 1081, 9, 6.67%, 0, 195, 5, 10.81
1747802140, 3, 958, 1099, 1081, 9, 6.67%, 0, 195, 5, 16.13
1747802145, 3, 959, 1099, 1081, 9, 6.67%, 0, 195, 5, 3.02
1747802151, 3, 960, 1099, 1081, 9, 6.67%, 0, 195, 5, 10.38
1747802182, 3, 960, 1099, 1081, 9, 6.67%, 0, 197, 5, 2.51
1747802192, 3, 960, 1099, 1081, 9, 6.67%, 0, 198, 5, 1.79
1747802202, 3, 960, 1099, 1081, 9, 6.67%, 0, 199, 5, 1.41
1747802207, 3, 960, 1099, 1081, 9, 6.67%, 0, 200, 5, 1.30
1747802223, 3, 960, 1099, 1081, 9, 6.67%, 0, 201, 5, 1.56
1747802229, 3, 960, 1099, 1081, 9, 6.67%, 0, 202, 5, 2.00
1747802234, 3, 960, 1099, 1081, 9, 6.67%, 0, 203, 5, 2.08
1747802240, 3, 960, 1099, 1081, 9, 6.67%, 0, 205, 5, 1.93
1747802250, 3, 960, 1099, 1081, 9, 6.67%, 0, 207, 5, 1.49
1747802295, 3, 960, 1099, 1081, 9, 6.67%, 0, 208, 5, 1.02
1747802300, 3, 960, 1099, 1081, 9, 6.67%, 0, 209, 5, 1.02
1747802305, 3, 960, 1099, 1081, 9, 6.67%, 0, 210, 5, 1.01
1747802315, 3, 960, 1099, 1081, 9, 6.67%, 0, 212, 5, 1.01
1747802340, 3, 960, 1099, 1081, 9, 6.67%, 0, 213, 5, 1.00
1747802390, 3, 960, 1099, 1081, 9, 6.67%, 0, 214, 5, 1.00
1747802395, 3, 960, 1099, 1081, 9, 6.67%, 0, 215, 5, 1.00
1747802405, 3, 960, 1099, 1081, 9, 6.67%, 0, 216, 5, 1.00
1747802410, 3, 960, 1099, 1081, 9, 6.67%, 0, 218, 5, 1.00
1747802425, 3, 960, 1099, 1081, 9, 6.67%, 0, 219, 5, 1.00
1747802470, 3, 960, 1099, 1081, 9, 6.67%, 0, 220, 5, 1.00
1747802475, 3, 960, 1099, 1081, 9, 6.67%, 0, 222, 5, 1.00
1747802485, 3, 960, 1099, 1081, 9, 6.67%, 0, 223, 5, 1.00
1747802491, 3, 962, 1099, 1080, 8, 6.67%, 0, 223, 5, 11.00
1747802496, 3, 963, 1099, 1080, 8, 6.67%, 0, 223, 5, 8.88
1747802501, 3, 964, 1099, 1080, 8, 6.67%, 0, 223, 5, 10.80
1747802506, 3, 965, 1099, 1080, 8, 6.67%, 0, 223, 5, 9.87
1747802511, 3, 966, 1099, 1080, 8, 6.67%, 0, 223, 5, 9.49
1747802521, 3, 967, 1099, 1080, 8, 6.67%, 0, 223, 5, 8.52
1747802527, 3, 969, 1099, 1080, 8, 6.67%, 0, 224, 5, 9.20
1747802532, 3, 970, 1099, 1080, 8, 6.67%, 0, 224, 5, 17.94
1747802537, 3, 971, 1099, 1080, 8, 6.67%, 0, 224, 5, 6.72
1747802542, 3, 972, 1099, 1080, 8, 6.67%, 0, 224, 5, 10.26
1747802547, 3, 973, 1099, 1080, 8, 6.67%, 0, 224, 5, 8.53
1747802552, 3, 975, 1099, 1080, 8, 6.67%, 0, 224, 5, 9.83
1747802558, 3, 976, 1099, 1080, 8, 6.67%, 0, 224, 5, 9.57
1747802568, 3, 977, 1099, 1080, 8, 6.67%, 0, 224, 5, 7.98
1747802573, 3, 978, 1099, 1080, 8, 6.67%, 0, 224, 5, 8.35
1747802584, 3, 979, 1099, 1080, 8, 6.67%, 0, 224, 5, 9.63
1747802589, 3, 980, 1099, 1080, 8, 6.67%, 0, 224, 5, 8.06
1747802594, 3, 982, 1099, 1080, 8, 6.67%, 0, 224, 5, 11.17
1747802604, 3, 983, 1099, 1080, 8, 6.67%, 0, 224, 5, 7.78
1747802609, 3, 984, 1099, 1080, 8, 6.67%, 0, 224, 5, 10.12
1747802614, 3, 985, 1099, 1080, 8, 6.67%, 0, 225, 5, 12.69
1747802619, 3, 986, 1099, 1080, 8, 6.67%, 0, 225, 5, 17.09
1747802625, 3, 989, 1099, 1080, 8, 6.67%, 0, 225, 5, 11.88
1747802635, 3, 990, 1099, 1080, 8, 6.67%, 0, 225, 5, 10.65
1747802640, 3, 991, 1099, 1080, 8, 6.67%, 0, 225, 5, 11.29
1747802645, 3, 992, 1099, 1080, 8, 6.67%, 0, 225, 5, 8.30
1747802650, 3, 993, 1099, 1080, 8, 6.67%, 0, 225, 5, 17.06
1747802655, 3, 994, 1099, 1080, 8, 6.67%, 0, 225, 5, 13.15
1747802661, 3, 995, 1099, 1080, 8, 6.67%, 0, 225, 5, 12.03
1747802666, 3, 996, 1099, 1080, 8, 6.67%, 0, 225, 5, 2.07
1747802671, 3, 997, 1099, 1080, 8, 6.67%, 0, 225, 5, 14.38
1747802676, 3, 999, 1099, 1080, 8, 6.67%, 0, 225, 5, 15.06
1747802681, 3, 999, 1103, 1084, 8, 6.67%, 0, 225, 5, 18.45
1747802687, 3, 999, 1104, 1085, 8, 6.67%, 0, 225, 5, 18.91
1747802975, 3, 1000, 1104, 1084, 7, 6.67%, 0, 225, 5, 26.35
1747802980, 3, 1001, 1104, 1084, 7, 6.67%, 0, 225, 5, 11.79
1747802985, 3, 1002, 1104, 1084, 7, 6.67%, 0, 225, 5, 15.98
1747802990, 3, 1007, 1104, 1084, 7, 6.67%, 0, 225, 5, 18.95
1747802995, 3, 1008, 1104, 1084, 7, 6.67%, 0, 225, 5, 19.11
1747803001, 3, 1011, 1104, 1084, 7, 6.67%, 0, 225, 5, 19.34
1747803006, 3, 1014, 1104, 1084, 7, 6.67%, 0, 225, 5, 21.52
1747803011, 3, 1015, 1104, 1084, 7, 6.67%, 0, 225, 5, 18.20
1747803016, 3, 1017, 1104, 1084, 7, 6.67%, 0, 225, 5, 20.78
1747803021, 3, 1019, 1104, 1084, 7, 6.67%, 0, 225, 5, 18.52
1747803026, 3, 1020, 1104, 1084, 7, 6.67%, 0, 225, 5, 17.26
1747803031, 3, 1022, 1104, 1084, 7, 6.67%, 0, 225, 5, 15.47
1747803037, 3, 1022, 1105, 1085, 7, 6.67%, 0, 225, 5, 1.88
1747803053, 3, 1025, 1105, 1085, 7, 6.67%, 0, 225, 5, 16.84
1747803058, 3, 1027, 1105, 1085, 7, 6.67%, 0, 225, 5, 19.76
1747803063, 3, 1029, 1105, 1085, 7, 6.67%, 0, 225, 5, 3.57
1747803068, 3, 1030, 1105, 1085, 7, 6.67%, 0, 225, 5, 10.39
1747803073, 3, 1033, 1105, 1085, 7, 6.67%, 0, 225, 5, 14.33
1747803078, 3, 1035, 1105, 1085, 7, 6.67%, 0, 225, 5, 14.20
1747803083, 3, 1037, 1105, 1085, 7, 6.67%, 0, 225, 5, 16.39
1747803089, 3, 1039, 1105, 1085, 7, 6.67%, 0, 225, 5, 16.75
1747803094, 3, 1040, 1105, 1085, 7, 6.67%, 0, 225, 5, 13.26
1747803099, 3, 1043, 1105, 1085, 7, 6.67%, 0, 225, 5, 15.33
1747803104, 3, 1044, 1105, 1085, 7, 6.67%, 0, 225, 5, 14.76
1747803109, 3, 1045, 1105, 1085, 7, 6.67%, 0, 225, 5, 14.36
1747803114, 3, 1047, 1105, 1085, 7, 6.67%, 0, 225, 5, 15.88
1747803119, 3, 1048, 1105, 1085, 7, 6.67%, 0, 225, 5, 15.96
1747803124, 3, 1050, 1105, 1085, 7, 6.67%, 0, 225, 5, 14.94
1747803130, 3, 1053, 1105, 1085, 7, 6.67%, 0, 225, 5, 14.02
1747803135, 3, 1054, 1105, 1085, 7, 6.67%, 0, 225, 5, 13.94
1747803140, 3, 1056, 1105, 1085, 7, 6.67%, 0, 225, 5, 13.33
1747803145, 3, 1057, 1105, 1085, 7, 6.67%, 0, 225, 5, 14.30
1747803150, 3, 1058, 1105, 1085, 7, 6.67%, 0, 225, 5, 11.80
1747803155, 3, 1059, 1105, 1085, 7, 6.67%, 0, 225, 5, 5.90
1747803160, 3, 1060, 1105, 1085, 7, 6.67%, 0, 225, 5, 11.60
1747803166, 3, 1062, 1105, 1085, 7, 6.67%, 0, 225, 5, 12.52
1747803171, 3, 1063, 1105, 1085, 7, 6.67%, 0, 225, 5, 11.83
1747803176, 3, 1064, 1105, 1085, 7, 6.67%, 0, 225, 5, 10.51
1747803181, 3, 1065, 1105, 1085, 7, 6.67%, 0, 225, 5, 1.47
1747803186, 3, 1066, 1105, 1085, 7, 6.67%, 0, 225, 5, 8.84
1747803192, 3, 1067, 1105, 1085, 7, 6.67%, 0, 225, 5, 8.52
1747803202, 3, 1068, 1105, 1085, 7, 6.67%, 0, 225, 5, 7.72
1747803207, 3, 1069, 1105, 1085, 7, 6.67%, 0, 225, 5, 9.34
1747803212, 3, 1070, 1105, 1085, 7, 6.67%, 0, 225, 5, 8.52
1747803217, 3, 1071, 1105, 1085, 7, 6.67%, 0, 225, 5, 8.91
1747803223, 3, 1073, 1105, 1085, 7, 6.67%, 0, 225, 5, 8.33
1747803233, 3, 1074, 1105, 1085, 7, 6.67%, 0, 225, 5, 8.54
1747803239, 3, 1076, 1105, 1085, 7, 6.67%, 0, 225, 5, 9.77
1747803244, 3, 1077, 1105, 1085, 7, 6.67%, 0, 225, 5, 8.73
1747803249, 3, 1078, 1105, 1085, 7, 6.67%, 0, 225, 5, 10.00
1747803254, 3, 1079, 1105, 1085, 7, 6.67%, 0, 225, 5, 12.78
1747803259, 3, 1080, 1105, 1085, 7, 6.67%, 0, 225, 5, 7.12
1747803269, 3, 1081, 1105, 1085, 7, 6.67%, 0, 225, 5, 9.17
1747803274, 3, 1082, 1105, 1085, 7, 6.67%, 0, 225, 5, 9.68
1747803279, 3, 1083, 1105, 1085, 7, 6.67%, 0, 225, 5, 9.20
1747803285, 3, 1086, 1105, 1085, 7, 6.67%, 0, 225, 5, 10.48
1747803290, 3, 1087, 1105, 1085, 7, 6.67%, 0, 225, 5, 9.76
1747803295, 3, 1088, 1105, 1085, 7, 6.67%, 0, 225, 5, 10.53
1747803300, 3, 1090, 1105, 1085, 7, 6.67%, 0, 225, 5, 12.17
1747803305, 3, 1091, 1105, 1085, 7, 6.67%, 0, 225, 5, 11.81
1747803310, 3, 1093, 1105, 1085, 7, 6.67%, 0, 225, 5, 10.70
1747803316, 3, 1094, 1105, 1085, 7, 6.67%, 0, 225, 5, 10.95
1747803321, 3, 1095, 1105, 1085, 7, 6.67%, 0, 225, 5, 10.30
1747803326, 3, 1096, 1105, 1085, 7, 6.67%, 0, 225, 5, 10.07
1747803336, 3, 1097, 1105, 1085, 7, 6.67%, 0, 225, 5, 7.35
1747803342, 3, 1098, 1105, 1085, 7, 6.67%, 0, 225, 5, 6.87
1747803347, 3, 1099, 1105, 1085, 7, 6.67%, 0, 225, 5, 9.17
1747803352, 3, 1100, 1105, 1085, 7, 6.67%, 0, 225, 5, 10.96
1747803357, 3, 1102, 1105, 1085, 7, 6.67%, 0, 225, 5, 9.87
1747803363, 3, 1102, 1105, 1085, 7, 6.67%, 0, 226, 5, 1.73
1747803368, 3, 1104, 1105, 1085, 7, 6.67%, 0, 226, 5, 11.68
1747803373, 4, 0, 1105, 1085, 7, 6.67%, 0, 226, 5, 11.25
1747803379, 4, 1, 1105, 1085, 7, 6.67%, 0, 226, 5, 19.63
1747803404, 4, 2, 1105, 1084, 6, 6.67%, 0, 226, 5, 18.60
1747803409, 4, 3, 1105, 1084, 6, 6.67%, 0, 226, 5, 13.31
1747803414, 4, 4, 1105, 1084, 6, 6.67%, 0, 226, 5, 10.37
1747803419, 4, 6, 1105, 1084, 6, 6.67%, 0, 226, 5, 11.92
1747803424, 4, 8, 1105, 1084, 6, 6.67%, 0, 226, 5, 11.04
1747803435, 4, 9, 1105, 1084, 6, 6.67%, 0, 226, 5, 10.77
1747803440, 4, 10, 1105, 1084, 6, 6.67%, 0, 226, 5, 12.61
1747803445, 4, 11, 1105, 1084, 6, 6.67%, 0, 226, 5, 10.52
1747803451, 4, 12, 1105, 1084, 6, 6.67%, 0, 226, 5, 9.24
1747803456, 4, 14, 1105, 1084, 6, 6.67%, 0, 226, 5, 8.94
1747803461, 4, 14, 1105, 1084, 6, 6.67%, 0, 227, 5, 8.38
1747803466, 4, 15, 1105, 1084, 6, 6.67%, 0, 227, 5, 9.26
1747803471, 4, 16, 1105, 1084, 6, 6.67%, 0, 227, 5, 9.58
1747803476, 4, 17, 1105, 1084, 6, 6.67%, 0, 228, 5, 9.46
1747803481, 4, 18, 1105, 1084, 6, 6.67%, 0, 228, 5, 17.76
1747803487, 4, 20, 1105, 1084, 6, 6.67%, 0, 228, 5, 4.54
1747803497, 4, 23, 1105, 1084, 6, 6.67%, 0, 228, 5, 8.74
1747803507, 4, 25, 1105, 1084, 6, 6.67%, 0, 228, 5, 11.10
1747803512, 4, 26, 1105, 1084, 6, 6.67%, 0, 228, 5, 11.42
1747803517, 4, 27, 1105, 1084, 6, 6.67%, 0, 228, 5, 11.82
1747803523, 4, 29, 1105, 1084, 6, 6.67%, 0, 228, 5, 12.54
1747803528, 4, 30, 1105, 1084, 6, 6.67%, 0, 228, 5, 17.07
1747803533, 4, 32, 1105, 1084, 6, 6.67%, 0, 228, 5, 13.43
1747803538, 4, 33, 1105, 1084, 6, 6.67%, 0, 228, 5, 10.95
1747803543, 4, 34, 1105, 1084, 6, 6.67%, 0, 228, 5, 11.14
1747803549, 4, 35, 1105, 1084, 6, 6.67%, 0, 228, 5, 11.69
1747803554, 4, 36, 1105, 1084, 6, 6.67%, 0, 228, 5, 10.36
1747803559, 4, 38, 1105, 1084, 6, 6.67%, 0, 228, 5, 9.71
1747803564, 4, 39, 1105, 1084, 6, 6.67%, 0, 228, 5, 1.43
1747803569, 4, 42, 1105, 1084, 6, 6.67%, 0, 228, 5, 6.44
1747803574, 4, 43, 1105, 1084, 6, 6.67%, 0, 228, 5, 7.97
1747803579, 4, 44, 1105, 1084, 6, 6.67%, 0, 228, 5, 7.41
1747803590, 4, 45, 1105, 1084, 6, 6.67%, 0, 228, 5, 9.18
1747803595, 4, 46, 1105, 1084, 6, 6.67%, 0, 228, 5, 8.98
1747803600, 4, 47, 1105, 1084, 6, 6.67%, 0, 228, 5, 12.86
1747803606, 4, 49, 1105, 1084, 6, 6.67%, 0, 228, 5, 11.14
1747803611, 4, 50, 1105, 1084, 6, 6.67%, 0, 228, 5, 10.96
1747803616, 4, 52, 1105, 1084, 6, 6.67%, 0, 228, 5, 11.92
1747803622, 4, 55, 1105, 1084, 6, 6.67%, 0, 228, 5, 11.58
1747803627, 4, 56, 1105, 1084, 6, 6.67%, 0, 228, 5, 8.88
1747803632, 4, 57, 1105, 1084, 6, 6.67%, 0, 228, 5, 1.93
1747803637, 4, 58, 1105, 1084, 6, 6.67%, 0, 228, 5, 12.17
1747803642, 4, 60, 1105, 1084, 6, 6.67%, 0, 228, 5, 12.72
1747803652, 4, 61, 1105, 1084, 6, 6.67%, 0, 228, 5, 9.86
1747803658, 4, 62, 1105, 1084, 6, 6.67%, 0, 228, 5, 11.31
1747803663, 4, 66, 1105, 1084, 6, 6.67%, 0, 228, 5, 11.29
1747803668, 4, 67, 1105, 1084, 6, 6.67%, 0, 228, 5, 10.91
1747803673, 4, 68, 1105, 1084, 6, 6.67%, 0, 228, 5, 11.10
1747803678, 4, 70, 1105, 1084, 6, 6.67%, 0, 228, 5, 11.62
1747803683, 4, 71, 1105, 1084, 6, 6.67%, 0, 228, 5, 8.39
1747803693, 4, 73, 1105, 1084, 6, 6.67%, 0, 228, 5, 11.00
1747803704, 4, 75, 1105, 1084, 6, 6.67%, 0, 228, 5, 10.83
1747803714, 4, 76, 1105, 1084, 6, 6.67%, 0, 228, 5, 10.04
1747803719, 4, 78, 1105, 1084, 6, 6.67%, 0, 228, 5, 13.24
1747803724, 4, 80, 1105, 1084, 6, 6.67%, 0, 228, 5, 15.09
1747803730, 4, 83, 1105, 1084, 6, 6.67%, 0, 228, 5, 2.95
1747803736, 4, 84, 1105, 1084, 6, 6.67%, 0, 228, 5, 5.56
1747803746, 4, 85, 1105, 1084, 6, 6.67%, 0, 228, 5, 9.08
1747803751, 4, 86, 1105, 1084, 6, 6.67%, 0, 228, 5, 1.13
1747803757, 4, 87, 1105, 1084, 6, 6.67%, 0, 228, 5, 3.65
1747803762, 4, 88, 1105, 1084, 6, 6.67%, 0, 228, 5, 6.76
1747803772, 4, 89, 1105, 1084, 6, 6.67%, 0, 228, 5, 10.77
1747803777, 4, 92, 1105, 1084, 6, 6.67%, 0, 228, 5, 12.58
1747803782, 4, 93, 1105, 1084, 6, 6.67%, 0, 228, 5, 13.65
1747803787, 4, 94, 1105, 1084, 6, 6.67%, 0, 228, 5, 11.96
1747803793, 4, 95, 1105, 1084, 6, 6.67%, 0, 228, 5, 2.34
1747803798, 4, 96, 1105, 1084, 6, 6.67%, 0, 228, 5, 12.89
1747803804, 4, 97, 1105, 1084, 6, 6.67%, 0, 228, 5, 1.00
1747803809, 4, 98, 1105, 1084, 6, 6.67%, 0, 228, 5, 10.22
1747803814, 4, 101, 1105, 1084, 6, 6.67%, 0, 228, 5, 9.50
1747803819, 4, 102, 1105, 1084, 6, 6.67%, 0, 228, 5, 11.71
1747803824, 4, 102, 1105, 1084, 6, 6.67%, 0, 229, 5, 9.39
1747803830, 4, 103, 1105, 1084, 6, 6.67%, 0, 229, 5, 8.89
1747803835, 4, 105, 1105, 1084, 6, 6.67%, 0, 229, 5, 12.08
1747803840, 4, 106, 1105, 1084, 6, 6.67%, 0, 229, 5, 4.00
1747803845, 4, 107, 1105, 1084, 6, 6.67%, 0, 229, 5, 9.43
1747803855, 4, 110, 1105, 1084, 6, 6.67%, 0, 229, 5, 10.90
1747803860, 4, 111, 1105, 1084, 6, 6.67%, 0, 229, 5, 10.26
1747803866, 4, 112, 1105, 1084, 6, 6.67%, 0, 229, 5, 9.69
1747803871, 4, 114, 1105, 1084, 6, 6.67%, 0, 229, 5, 9.70
1747803876, 4, 115, 1105, 1084, 6, 6.67%, 0, 229, 5, 10.67
1747803881, 4, 117, 1105, 1084, 6, 6.67%, 0, 229, 5, 10.08
1747803886, 4, 118, 1105, 1084, 6, 6.67%, 0, 229, 5, 9.00
1747803891, 4, 118, 1106, 1085, 6, 6.67%, 0, 229, 5, 6.49
1747803902, 4, 119, 1106, 1085, 6, 6.67%, 0, 229, 5, 9.52
1747803907, 4, 120, 1106, 1085, 6, 6.67%, 0, 229, 5, 10.66
1747803912, 4, 122, 1106, 1085, 6, 6.67%, 0, 229, 5, 10.26
1747803917, 4, 123, 1106, 1085, 6, 6.67%, 0, 229, 5, 10.31
1747803922, 4, 124, 1106, 1085, 6, 6.67%, 0, 229, 5, 12.07
1747803927, 4, 125, 1106, 1085, 6, 6.67%, 0, 229, 5, 12.23
1747803932, 4, 126, 1106, 1085, 6, 6.67%, 0, 229, 5, 11.71
1747803938, 4, 127, 1106, 1085, 6, 6.67%, 0, 229, 5, 10.17
1747803943, 4, 128, 1106, 1085, 6, 6.67%, 0, 229, 5, 9.37
1747803948, 4, 129, 1106, 1085, 6, 6.67%, 0, 229, 5, 9.28
1747803958, 4, 130, 1106, 1085, 6, 6.67%, 0, 229, 5, 8.33
1747803964, 4, 131, 1106, 1085, 6, 6.67%, 0, 229, 5, 7.91
1747803969, 4, 132, 1106, 1085, 6, 6.67%, 0, 229, 5, 8.26
1747803974, 4, 133, 1106, 1085, 6, 6.67%, 0, 229, 5, 7.41
1747803979, 4, 134, 1106, 1085, 6, 6.67%, 0, 229, 5, 11.31
1747803984, 4, 135, 1106, 1085, 6, 6.67%, 0, 229, 5, 8.56
1747803989, 4, 136, 1106, 1085, 6, 6.67%, 0, 229, 5, 10.20
1747803999, 4, 137, 1106, 1085, 6, 6.67%, 0, 229, 5, 10.98
1747804004, 4, 138, 1106, 1085, 6, 6.67%, 0, 229, 5, 8.84
1747804010, 4, 139, 1106, 1085, 6, 6.67%, 0, 229, 5, 11.13
1747804015, 4, 140, 1106, 1085, 6, 6.67%, 0, 229, 5, 9.92
1747804020, 4, 141, 1106, 1085, 6, 6.67%, 0, 229, 5, 9.98
1747804025, 4, 142, 1106, 1085, 6, 6.67%, 0, 230, 5, 12.25
1747804030, 4, 142, 1107, 1086, 6, 6.67%, 0, 230, 5, 11.11
1747804035, 4, 143, 1107, 1086, 6, 6.67%, 0, 230, 5, 9.90
1747804041, 4, 145, 1107, 1086, 6, 6.67%, 0, 230, 5, 8.07
1747804046, 4, 146, 1107, 1086, 6, 6.67%, 0, 230, 5, 10.31
1747804051, 4, 147, 1107, 1086, 6, 6.67%, 0, 230, 5, 11.55
1747804056, 4, 149, 1107, 1086, 6, 6.67%, 0, 230, 5, 11.08
1747804061, 4, 150, 1107, 1086, 6, 6.67%, 0, 230, 5, 11.39
1747804066, 4, 152, 1107, 1086, 6, 6.67%, 0, 230, 5, 16.55
1747804071, 4, 154, 1107, 1086, 6, 6.67%, 0, 230, 5, 5.15
1747804076, 4, 155, 1107, 1086, 6, 6.67%, 0, 230, 5, 9.52
1747804081, 4, 156, 1107, 1086, 6, 6.67%, 0, 230, 5, 9.68
1747804087, 4, 157, 1107, 1086, 6, 6.67%, 0, 230, 5, 9.95
1747804092, 4, 158, 1107, 1086, 6, 6.67%, 0, 230, 5, 10.98
1747804097, 4, 159, 1107, 1086, 6, 6.67%, 0, 230, 5, 10.30
1747804102, 4, 160, 1107, 1086, 6, 6.67%, 0, 230, 5, 9.65
1747804107, 4, 161, 1107, 1086, 6, 6.67%, 0, 230, 5, 9.47
1747804112, 4, 163, 1107, 1086, 6, 6.67%, 0, 230, 5, 11.18
1747804117, 4, 164, 1107, 1086, 6, 6.67%, 0, 230, 5, 10.28
1747804122, 4, 165, 1107, 1086, 6, 6.67%, 0, 230, 5, 7.87
1747804128, 4, 166, 1107, 1086, 6, 6.67%, 0, 230, 5, 10.45
1747804133, 4, 167, 1107, 1086, 6, 6.67%, 0, 230, 5, 13.27
1747804138, 4, 169, 1107, 1086, 6, 6.67%, 0, 230, 5, 13.99
1747804143, 4, 170, 1107, 1086, 6, 6.67%, 0, 230, 5, 12.40
1747804148, 4, 170, 1108, 1087, 6, 6.67%, 0, 230, 5, 9.25
1747804159, 4, 171, 1108, 1087, 6, 6.67%, 0, 230, 5, 7.90
1747804164, 4, 172, 1108, 1087, 6, 6.67%, 0, 230, 5, 9.03
1747804169, 4, 173, 1108, 1087, 6, 6.67%, 0, 230, 5, 4.57
1747804174, 4, 174, 1108, 1087, 6, 6.67%, 0, 230, 5, 7.68
1747804179, 4, 175, 1108, 1087, 6, 6.67%, 0, 230, 5, 8.35
1747804184, 4, 176, 1108, 1087, 6, 6.67%, 0, 230, 5, 10.00
1747804194, 4, 178, 1108, 1087, 6, 6.67%, 0, 230, 5, 10.27
1747804200, 4, 179, 1108, 1087, 6, 6.67%, 0, 230, 5, 8.30
1747804205, 4, 180, 1108, 1087, 6, 6.67%, 0, 230, 5, 8.67
1747804210, 4, 182, 1108, 1087, 6, 6.67%, 0, 230, 5, 9.07
1747804215, 4, 183, 1108, 1087, 6, 6.67%, 0, 230, 5, 10.41
1747804220, 4, 184, 1108, 1087, 6, 6.67%, 0, 230, 5, 8.17
1747804225, 4, 186, 1108, 1087, 6, 6.67%, 0, 230, 5, 7.70
1747804236, 4, 187, 1108, 1087, 6, 6.67%, 0, 230, 5, 8.87
1747804241, 4, 188, 1108, 1087, 6, 6.67%, 0, 230, 5, 7.60
1747804246, 4, 191, 1108, 1087, 6, 6.67%, 0, 230, 5, 8.95
1747804251, 4, 192, 1108, 1087, 6, 6.67%, 0, 230, 5, 1.00
1747804256, 4, 194, 1108, 1087, 6, 6.67%, 0, 230, 5, 11.79
1747804262, 4, 196, 1108, 1087, 6, 6.67%, 0, 230, 5, 11.60
1747804267, 4, 198, 1108, 1087, 6, 6.67%, 0, 230, 5, 10.04
1747804272, 4, 199, 1108, 1087, 6, 6.67%, 0, 230, 5, 9.98
1747804277, 4, 200, 1108, 1087, 6, 6.67%, 0, 230, 5, 11.51
1747804282, 4, 201, 1108, 1087, 6, 6.67%, 0, 230, 5, 9.66
1747804287, 4, 202, 1108, 1087, 6, 6.67%, 0, 230, 5, 9.99
1747804293, 4, 203, 1108, 1087, 6, 6.67%, 0, 230, 5, 11.93
1747804298, 4, 204, 1108, 1087, 6, 6.67%, 0, 230, 5, 10.89
1747804303, 4, 205, 1108, 1087, 6, 6.67%, 0, 230, 5, 9.02
1747804309, 4, 206, 1108, 1087, 6, 6.67%, 0, 230, 5, 9.03
1747804314, 4, 207, 1108, 1087, 6, 6.67%, 0, 230, 5, 9.92
1747804319, 4, 208, 1108, 1087, 6, 6.67%, 0, 230, 5, 11.65
1747804324, 4, 209, 1108, 1087, 6, 6.67%, 0, 230, 5, 10.43
1747804330, 4, 210, 1108, 1087, 6, 6.67%, 0, 231, 5, 10.65
1747804335, 4, 211, 1108, 1087, 6, 6.67%, 0, 231, 5, 9.29
1747804340, 4, 212, 1108, 1087, 6, 6.67%, 0, 231, 5, 8.95
1747804345, 4, 215, 1108, 1087, 6, 6.67%, 0, 231, 5, 9.38
1747804350, 4, 217, 1108, 1087, 6, 6.67%, 0, 231, 5, 10.38
1747804355, 4, 219, 1108, 1087, 6, 6.67%, 0, 231, 5, 9.80
1747804365, 4, 220, 1108, 1087, 6, 6.67%, 0, 231, 5, 9.20
1747804370, 4, 221, 1108, 1087, 6, 6.67%, 0, 231, 5, 7.82
1747804375, 4, 224, 1108, 1087, 6, 6.67%, 0, 231, 5, 10.55
1747804381, 4, 225, 1108, 1087, 6, 6.67%, 0, 231, 5, 11.58
1747804386, 4, 226, 1108, 1087, 6, 6.67%, 0, 231, 5, 12.00
1747804391, 4, 228, 1108, 1087, 6, 6.67%, 0, 231, 5, 2.21
1747804396, 4, 229, 1108, 1087, 6, 6.67%, 0, 232, 5, 11.63
1747804401, 4, 230, 1108, 1087, 6, 6.67%, 0, 232, 5, 10.63
1747804407, 4, 231, 1108, 1087, 6, 6.67%, 0, 232, 5, 12.07
1747804412, 4, 232, 1108, 1087, 6, 6.67%, 0, 232, 5, 10.69
1747804417, 4, 234, 1108, 1087, 6, 6.67%, 0, 232, 5, 10.65
1747804422, 4, 235, 1108, 1087, 6, 6.67%, 0, 232, 5, 9.38
1747804427, 4, 236, 1108, 1087, 6, 6.67%, 0, 232, 5, 8.67
1747804432, 4, 237, 1108, 1087, 6, 6.67%, 0, 232, 5, 10.86
1747804437, 4, 238, 1108, 1087, 6, 6.67%, 0, 232, 5, 18.48
1747804443, 4, 240, 1108, 1087, 6, 6.67%, 0, 232, 5, 12.91
1747804448, 4, 242, 1108, 1087, 6, 6.67%, 0, 232, 5, 10.07
1747804453, 4, 243, 1108, 1087, 6, 6.67%, 0, 232, 5, 11.11
1747804463, 4, 244, 1108, 1087, 6, 6.67%, 0, 232, 5, 10.52
1747804468, 4, 245, 1108, 1087, 6, 6.67%, 0, 232, 5, 9.52
1747804473, 4, 246, 1108, 1087, 6, 6.67%, 0, 232, 5, 8.68
1747804479, 4, 247, 1108, 1087, 6, 6.67%, 0, 232, 5, 8.25
1747804484, 4, 248, 1108, 1087, 6, 6.67%, 0, 232, 5, 9.53
1747804489, 4, 249, 1108, 1087, 6, 6.67%, 0, 232, 5, 8.81
1747804495, 4, 250, 1108, 1087, 6, 6.67%, 0, 232, 5, 10.55
1747804500, 4, 251, 1108, 1087, 6, 6.67%, 0, 232, 5, 9.72
1747804505, 4, 252, 1108, 1087, 6, 6.67%, 0, 232, 5, 10.46
1747804510, 4, 253, 1108, 1087, 6, 6.67%, 0, 232, 5, 14.06
1747804515, 4, 254, 1108, 1087, 6, 6.67%, 0, 232, 5, 14.10
1747804521, 4, 255, 1108, 1087, 6, 6.67%, 0, 232, 5, 11.29
1747804526, 4, 256, 1108, 1087, 6, 6.67%, 0, 232, 5, 10.19
1747804531, 4, 257, 1108, 1087, 6, 6.67%, 0, 232, 5, 8.86
1747804536, 4, 258, 1108, 1087, 6, 6.67%, 0, 232, 5, 17.39
1747804541, 4, 259, 1108, 1087, 6, 6.67%, 0, 232, 5, 4.79
1747804546, 4, 260, 1108, 1087, 6, 6.67%, 0, 232, 5, 11.85
1747804552, 4, 261, 1108, 1087, 6, 6.67%, 0, 232, 5, 9.87
1747804557, 4, 262, 1108, 1087, 6, 6.67%, 0, 232, 5, 8.80
1747804562, 4, 263, 1108, 1087, 6, 6.67%, 0, 232, 5, 8.34
1747804567, 4, 264, 1108, 1087, 6, 6.67%, 0, 232, 5, 9.55
1747804572, 4, 264, 1109, 1088, 6, 6.67%, 0, 232, 5, 7.36
1747804582, 4, 265, 1109, 1088, 6, 6.67%, 0, 232, 5, 15.71
1747804587, 4, 267, 1109, 1088, 6, 6.67%, 0, 232, 5, 13.74
1747804592, 4, 268, 1109, 1088, 6, 6.67%, 0, 232, 5, 11.71
1747804597, 4, 269, 1109, 1088, 6, 6.67%, 0, 232, 5, 10.66
1747804603, 4, 270, 1109, 1088, 6, 6.67%, 0, 232, 5, 11.05
1747804608, 4, 271, 1109, 1088, 6, 6.67%, 0, 232, 5, 1.93
1747804613, 4, 272, 1109, 1088, 6, 6.67%, 0, 232, 5, 10.64
1747804623, 4, 273, 1109, 1088, 6, 6.67%, 0, 232, 5, 9.55
1747804628, 4, 274, 1109, 1088, 6, 6.67%, 0, 232, 5, 9.18
1747804634, 4, 276, 1109, 1088, 6, 6.67%, 0, 232, 5, 10.67
1747804639, 4, 277, 1109, 1088, 6, 6.67%, 0, 232, 5, 9.60
1747804644, 4, 278, 1109, 1088, 6, 6.67%, 0, 232, 5, 9.10
1747804649, 4, 279, 1109, 1088, 6, 6.67%, 0, 232, 5, 10.42
1747804654, 4, 280, 1109, 1088, 6, 6.67%, 0, 232, 5, 10.82
1747804659, 4, 282, 1109, 1088, 6, 6.67%, 0, 232, 5, 2.72
1747804669, 4, 283, 1109, 1088, 6, 6.67%, 0, 232, 5, 9.11
1747804674, 4, 285, 1109, 1088, 6, 6.67%, 0, 232, 5, 10.06
1747804679, 4, 286, 1109, 1088, 6, 6.67%, 0, 232, 5, 20.59
1747804685, 4, 288, 1109, 1088, 6, 6.67%, 0, 232, 5, 1.93
1747804690, 4, 289, 1109, 1088, 6, 6.67%, 0, 232, 5, 3.78
1747804695, 4, 291, 1109, 1088, 6, 6.67%, 0, 232, 5, 7.54
1747804700, 4, 292, 1109, 1088, 6, 6.67%, 0, 232, 5, 11.65
1747804705, 4, 293, 1109, 1088, 6, 6.67%, 0, 232, 5, 9.83
1747804710, 4, 294, 1109, 1088, 6, 6.67%, 0, 232, 5, 9.27
1747804721, 4, 295, 1109, 1088, 6, 6.67%, 0, 232, 5, 1.00
1747804726, 4, 296, 1109, 1088, 6, 6.67%, 0, 233, 5, 9.22
1747804731, 4, 297, 1109, 1088, 6, 6.67%, 0, 233, 5, 9.31
1747804742, 4, 298, 1109, 1088, 6, 6.67%, 0, 233, 5, 7.37
1747804747, 4, 299, 1109, 1088, 6, 6.67%, 0, 233, 5, 8.61
1747804752, 4, 300, 1109, 1088, 6, 6.67%, 0, 233, 5, 11.09
1747804757, 4, 302, 1109, 1088, 6, 6.67%, 0, 233, 5, 11.89
1747804762, 4, 303, 1109, 1088, 6, 6.67%, 0, 233, 5, 10.10
1747804767, 4, 304, 1109, 1088, 6, 6.67%, 0, 233, 5, 11.65
1747804773, 4, 305, 1109, 1088, 6, 6.67%, 0, 233, 5, 10.63
1747804778, 4, 306, 1109, 1088, 6, 6.67%, 0, 234, 5, 14.69
1747804784, 4, 307, 1109, 1088, 6, 6.67%, 0, 234, 5, 12.32
1747804789, 4, 308, 1109, 1088, 6, 6.67%, 0, 234, 5, 9.83
1747804794, 4, 309, 1109, 1088, 6, 6.67%, 0, 234, 5, 10.15
1747804799, 4, 310, 1109, 1088, 6, 6.67%, 0, 234, 5, 10.56
1747804804, 4, 311, 1109, 1088, 6, 6.67%, 0, 234, 5, 9.68
1747804809, 4, 312, 1109, 1088, 6, 6.67%, 0, 234, 5, 8.86
1747804814, 4, 313, 1109, 1088, 6, 6.67%, 0, 234, 5, 10.29
1747804820, 4, 314, 1109, 1088, 6, 6.67%, 0, 234, 5, 3.17
1747804825, 4, 315, 1109, 1088, 6, 6.67%, 0, 234, 5, 12.34
1747804830, 4, 317, 1109, 1088, 6, 6.67%, 0, 234, 5, 15.37
1747804835, 4, 318, 1109, 1088, 6, 6.67%, 0, 234, 5, 13.06
1747804840, 4, 320, 1109, 1088, 6, 6.67%, 0, 234, 5, 12.06
1747804851, 4, 321, 1109, 1088, 6, 6.67%, 0, 234, 5, 10.64
1747804856, 4, 324, 1109, 1088, 6, 6.67%, 0, 234, 5, 11.75
1747804866, 4, 325, 1109, 1088, 6, 6.67%, 0, 234, 5, 7.77
1747804872, 4, 327, 1109, 1088, 6, 6.67%, 0, 234, 5, 8.29
1747804877, 4, 329, 1109, 1088, 6, 6.67%, 0, 235, 5, 9.36
1747804882, 4, 331, 1109, 1088, 6, 6.67%, 0, 235, 5, 10.49
1747804887, 4, 332, 1109, 1088, 6, 6.67%, 0, 235, 5, 1.49
1747804892, 4, 333, 1109, 1088, 6, 6.67%, 0, 235, 5, 9.75
1747804898, 4, 333, 1109, 1088, 6, 6.67%, 0, 236, 5, 14.01
1747804903, 4, 336, 1109, 1088, 6, 6.67%, 0, 236, 5, 12.01
1747804913, 4, 337, 1109, 1088, 6, 6.67%, 0, 236, 5, 7.73
1747804918, 4, 339, 1109, 1088, 6, 6.67%, 0, 236, 5, 8.72
1747804924, 4, 341, 1109, 1088, 6, 6.67%, 0, 236, 5, 10.30
1747804929, 4, 342, 1109, 1088, 6, 6.67%, 0, 236, 5, 8.91
1747804934, 4, 345, 1109, 1088, 6, 6.67%, 0, 236, 5, 8.82
1747804939, 4, 347, 1109, 1088, 6, 6.67%, 0, 236, 5, 8.63
1747804945, 4, 348, 1109, 1088, 6, 6.67%, 0, 236, 5, 9.33
1747804950, 4, 349, 1109, 1088, 6, 6.67%, 0, 236, 5, 9.31
1747804960, 4, 350, 1109, 1088, 6, 6.67%, 0, 236, 5, 10.42
1747804965, 4, 351, 1109, 1088, 6, 6.67%, 0, 236, 5, 9.14
1747804971, 4, 352, 1109, 1088, 6, 6.67%, 0, 236, 5, 7.32
1747804976, 4, 353, 1109, 1088, 6, 6.67%, 0, 236, 5, 8.75
1747804986, 4, 354, 1109, 1088, 6, 6.67%, 0, 236, 5, 8.07
1747804991, 4, 356, 1109, 1088, 6, 6.67%, 0, 236, 5, 7.69
1747804996, 4, 357, 1109, 1088, 6, 6.67%, 0, 236, 5, 10.59
1747805001, 4, 358, 1109, 1088, 6, 6.67%, 0, 236, 5, 9.31
1747805007, 4, 359, 1109, 1088, 6, 6.67%, 0, 236, 5, 7.81
1747805012, 4, 360, 1109, 1088, 6, 6.67%, 0, 236, 5, 10.88
1747805017, 4, 361, 1109, 1088, 6, 6.67%, 0, 236, 5, 1.00
1747805023, 4, 362, 1109, 1088, 6, 6.67%, 0, 236, 5, 7.02
1747805028, 4, 363, 1109, 1088, 6, 6.67%, 0, 236, 5, 8.23
1747805033, 4, 364, 1109, 1088, 6, 6.67%, 0, 236, 5, 10.82
1747805043, 4, 368, 1109, 1088, 6, 6.67%, 0, 236, 5, 11.68
1747805048, 4, 369, 1109, 1088, 6, 6.67%, 0, 236, 5, 12.30
1747805053, 4, 370, 1109, 1088, 6, 6.67%, 0, 236, 5, 10.65
1747805059, 4, 371, 1109, 1088, 6, 6.67%, 0, 236, 5, 1.83
1747805064, 4, 372, 1109, 1088, 6, 6.67%, 0, 236, 5, 9.46
1747805074, 4, 373, 1109, 1088, 6, 6.67%, 0, 236, 5, 9.80
1747805080, 4, 374, 1109, 1088, 6, 6.67%, 0, 236, 5, 10.45
1747805085, 4, 376, 1109, 1088, 6, 6.67%, 0, 236, 5, 12.63
1747805090, 4, 377, 1109, 1088, 6, 6.67%, 0, 236, 5, 12.24
1747805095, 4, 378, 1109, 1088, 6, 6.67%, 0, 236, 5, 9.47
1747805100, 4, 379, 1109, 1088, 6, 6.67%, 0, 236, 5, 10.61
1747805105, 4, 380, 1109, 1088, 6, 6.67%, 0, 236, 5, 11.91
1747805110, 4, 381, 1109, 1088, 6, 6.67%, 0, 236, 5, 10.89
1747805115, 4, 382, 1109, 1088, 6, 6.67%, 0, 236, 5, 12.36
1747805121, 4, 383, 1109, 1088, 6, 6.67%, 0, 236, 5, 10.88
1747805126, 4, 384, 1109, 1088, 6, 6.67%, 0, 236, 5, 11.17
1747805131, 4, 385, 1109, 1088, 6, 6.67%, 0, 236, 5, 10.68
1747805136, 4, 386, 1109, 1088, 6, 6.67%, 0, 236, 5, 11.46
1747805141, 4, 387, 1109, 1088, 6, 6.67%, 0, 236, 5, 11.69
1747805146, 4, 388, 1109, 1088, 6, 6.67%, 0, 236, 5, 8.80
1747805157, 4, 390, 1109, 1088, 6, 6.67%, 0, 236, 5, 12.76
1747805162, 4, 391, 1109, 1088, 6, 6.67%, 0, 236, 5, 2.38
1747805172, 4, 392, 1109, 1088, 6, 6.67%, 0, 236, 5, 7.68
1747805177, 4, 393, 1109, 1088, 6, 6.67%, 0, 236, 5, 8.19
1747805182, 4, 394, 1109, 1088, 6, 6.67%, 0, 236, 5, 10.76
1747805187, 4, 395, 1109, 1088, 6, 6.67%, 0, 236, 5, 11.66
1747805192, 4, 396, 1109, 1088, 6, 6.67%, 0, 236, 5, 9.07
1747805198, 4, 399, 1109, 1088, 6, 6.67%, 0, 236, 5, 11.46
1747805208, 4, 403, 1109, 1088, 6, 6.67%, 0, 236, 5, 12.07
1747805219, 4, 404, 1109, 1088, 6, 6.67%, 0, 236, 5, 13.47
1747805224, 4, 407, 1109, 1088, 6, 6.67%, 0, 236, 5, 12.85
1747805234, 4, 408, 1109, 1088, 6, 6.67%, 0, 236, 5, 9.17
1747805239, 4, 409, 1109, 1088, 6, 6.67%, 0, 236, 5, 12.93
1747805244, 4, 410, 1109, 1088, 6, 6.67%, 0, 236, 5, 10.49
1747805250, 4, 411, 1109, 1088, 6, 6.67%, 0, 236, 5, 4.63
1747805255, 4, 414, 1109, 1088, 6, 6.67%, 0, 236, 5, 7.50
1747805260, 4, 415, 1109, 1088, 6, 6.67%, 0, 236, 5, 9.41
1747805265, 4, 416, 1109, 1088, 6, 6.67%, 0, 236, 5, 9.27
1747805270, 4, 417, 1109, 1088, 6, 6.67%, 0, 236, 5, 10.80
1747805275, 4, 418, 1109, 1088, 6, 6.67%, 0, 237, 5, 11.93
1747805280, 4, 419, 1109, 1088, 6, 6.67%, 0, 237, 5, 11.84
1747805285, 4, 420, 1109, 1088, 6, 6.67%, 0, 237, 5, 3.33
1747805291, 4, 421, 1109, 1088, 6, 6.67%, 0, 237, 5, 9.46
1747805296, 4, 422, 1109, 1088, 6, 6.67%, 0, 237, 5, 11.65
1747805301, 4, 424, 1109, 1088, 6, 6.67%, 0, 237, 5, 10.22
1747805306, 4, 425, 1109, 1088, 6, 6.67%, 0, 237, 5, 9.50
1747805311, 4, 426, 1109, 1088, 6, 6.67%, 0, 237, 5, 10.49
1747805316, 4, 427, 1109, 1088, 6, 6.67%, 0, 237, 5, 9.13
1747805322, 4, 429, 1109, 1088, 6, 6.67%, 0, 237, 5, 8.99
1747805327, 4, 430, 1109, 1088, 6, 6.67%, 0, 237, 5, 10.74
1747805332, 4, 431, 1109, 1088, 6, 6.67%, 0, 237, 5, 9.66
1747805337, 4, 432, 1109, 1088, 6, 6.67%, 0, 237, 5, 9.83
1747805342, 4, 433, 1109, 1088, 6, 6.67%, 0, 237, 5, 17.94
1747805347, 4, 434, 1109, 1088, 6, 6.67%, 0, 237, 5, 14.16
1747805353, 4, 436, 1109, 1088, 6, 6.67%, 0, 237, 5, 11.35
1747805358, 4, 437, 1109, 1088, 6, 6.67%, 0, 237, 5, 10.68
1747805363, 4, 438, 1109, 1088, 6, 6.67%, 0, 237, 5, 10.27
1747805368, 4, 439, 1109, 1088, 6, 6.67%, 0, 237, 5, 10.16
1747805373, 4, 440, 1109, 1088, 6, 6.67%, 0, 237, 5, 11.92
1747805379, 4, 441, 1109, 1088, 6, 6.67%, 0, 237, 5, 9.93
1747805384, 4, 442, 1109, 1088, 6, 6.67%, 0, 237, 5, 8.62
1747805389, 4, 443, 1109, 1088, 6, 6.67%, 0, 237, 5, 10.46
1747805394, 4, 444, 1109, 1088, 6, 6.67%, 0, 237, 5, 10.08
1747805400, 4, 445, 1109, 1088, 6, 6.67%, 0, 237, 5, 10.66
1747805405, 4, 448, 1109, 1088, 6, 6.67%, 0, 237, 5, 10.63
1747805410, 4, 450, 1109, 1088, 6, 6.67%, 0, 237, 5, 14.74
1747805415, 4, 451, 1109, 1088, 6, 6.67%, 0, 237, 5, 10.61
1747805420, 4, 452, 1109, 1088, 6, 6.67%, 0, 237, 5, 11.86
1747805425, 4, 454, 1109, 1088, 6, 6.67%, 0, 237, 5, 10.94
1747805430, 4, 455, 1109, 1088, 6, 6.67%, 0, 237, 5, 10.46
1747805436, 4, 456, 1109, 1088, 6, 6.67%, 0, 237, 5, 10.95
1747805441, 4, 457, 1109, 1088, 6, 6.67%, 0, 237, 5, 13.26
1747805446, 4, 458, 1109, 1088, 6, 6.67%, 0, 237, 5, 11.66
1747805452, 4, 459, 1109, 1088, 6, 6.67%, 0, 237, 5, 1.75
1747805457, 4, 460, 1109, 1088, 6, 6.67%, 0, 237, 5, 8.81
1747805462, 4, 462, 1109, 1088, 6, 6.67%, 0, 237, 5, 8.70
1747805472, 4, 463, 1109, 1088, 6, 6.67%, 0, 238, 5, 2.41
1747805477, 4, 464, 1109, 1088, 6, 6.67%, 0, 238, 5, 8.77
1747805482, 4, 467, 1109, 1088, 6, 6.67%, 0, 238, 5, 7.43
1747805488, 4, 467, 1109, 1088, 6, 6.67%, 0, 239, 5, 2.62
1747805493, 4, 469, 1109, 1088, 6, 6.67%, 0, 239, 5, 17.33
1747805504, 4, 470, 1109, 1088, 6, 6.67%, 0, 239, 5, 1.77
1747805509, 4, 471, 1109, 1088, 6, 6.67%, 0, 239, 5, 9.83
1747805514, 4, 472, 1109, 1088, 6, 6.67%, 0, 239, 5, 11.58
1747805519, 4, 475, 1109, 1088, 6, 6.67%, 0, 239, 5, 9.58
1747805524, 4, 476, 1109, 1088, 6, 6.67%, 0, 239, 5, 9.13
1747805530, 4, 477, 1109, 1088, 6, 6.67%, 0, 239, 5, 10.20
1747805535, 4, 478, 1109, 1088, 6, 6.67%, 0, 239, 5, 11.20
1747805540, 4, 479, 1109, 1088, 6, 6.67%, 0, 239, 5, 9.79
1747805545, 4, 480, 1109, 1088, 6, 6.67%, 0, 239, 5, 15.08
1747805550, 4, 481, 1109, 1088, 6, 6.67%, 0, 239, 5, 11.29
1747805555, 4, 483, 1109, 1088, 6, 6.67%, 0, 239, 5, 13.47
1747805560, 4, 485, 1109, 1088, 6, 6.67%, 0, 239, 5, 11.06
1747805566, 4, 486, 1109, 1088, 6, 6.67%, 0, 239, 5, 11.16
1747805571, 4, 487, 1109, 1088, 6, 6.67%, 0, 239, 5, 11.00
1747805577, 4, 488, 1109, 1088, 6, 6.67%, 0, 239, 5, 1.00
1747805582, 4, 490, 1109, 1088, 6, 6.67%, 0, 239, 5, 13.70
1747805587, 4, 491, 1109, 1088, 6, 6.67%, 0, 239, 5, 13.90
1747805592, 4, 492, 1109, 1088, 6, 6.67%, 0, 239, 5, 10.77
1747805597, 4, 493, 1109, 1088, 6, 6.67%, 0, 239, 5, 8.87
1747805602, 4, 494, 1109, 1088, 6, 6.67%, 0, 239, 5, 10.88
1747805607, 4, 495, 1109, 1088, 6, 6.67%, 0, 239, 5, 13.31
1747805613, 4, 496, 1109, 1088, 6, 6.67%, 0, 239, 5, 1.24
1747805618, 4, 497, 1109, 1088, 6, 6.67%, 0, 239, 5, 11.92
1747805623, 4, 500, 1109, 1088, 6, 6.67%, 0, 239, 5, 3.51
1747805629, 4, 501, 1109, 1088, 6, 6.67%, 0, 239, 5, 8.12
1747805634, 4, 503, 1109, 1088, 6, 6.67%, 0, 239, 5, 8.49
1747805644, 4, 504, 1109, 1088, 6, 6.67%, 0, 239, 5, 9.85
1747805649, 4, 505, 1109, 1088, 6, 6.67%, 0, 239, 5, 9.15
1747805655, 4, 506, 1109, 1088, 6, 6.67%, 0, 240, 5, 7.43
1747805660, 4, 507, 1109, 1088, 6, 6.67%, 0, 240, 5, 10.12
1747805665, 4, 509, 1109, 1088, 6, 6.67%, 0, 240, 5, 11.20
1747805671, 4, 510, 1109, 1088, 6, 6.67%, 0, 240, 5, 12.62
1747805676, 4, 511, 1109, 1088, 6, 6.67%, 0, 240, 5, 10.02
1747805681, 4, 512, 1109, 1088, 6, 6.67%, 0, 240, 5, 8.17
1747805686, 4, 513, 1109, 1088, 6, 6.67%, 0, 240, 5, 10.57
1747805691, 4, 515, 1109, 1088, 6, 6.67%, 0, 240, 5, 11.67
1747805696, 4, 517, 1109, 1088, 6, 6.67%, 0, 240, 5, 11.94
1747805701, 4, 518, 1109, 1088, 6, 6.67%, 0, 240, 5, 12.05
1747805706, 4, 519, 1109, 1088, 6, 6.67%, 0, 240, 5, 10.42
1747805711, 4, 520, 1109, 1088, 6, 6.67%, 0, 240, 5, 11.25
1747805717, 4, 521, 1109, 1088, 6, 6.67%, 0, 241, 5, 1.00
1747805722, 4, 522, 1109, 1088, 6, 6.67%, 0, 241, 5, 13.67
1747805732, 4, 523, 1109, 1088, 6, 6.67%, 0, 241, 5, 12.04
1747805737, 4, 524, 1109, 1088, 6, 6.67%, 0, 241, 5, 9.51
1747805743, 4, 525, 1109, 1088, 6, 6.67%, 0, 241, 5, 9.53
1747805748, 4, 528, 1109, 1088, 6, 6.67%, 0, 241, 5, 9.40
1747805753, 4, 529, 1109, 1088, 6, 6.67%, 0, 242, 5, 2.09
1747805758, 4, 530, 1109, 1088, 6, 6.67%, 0, 242, 5, 21.74
1747805763, 4, 531, 1109, 1088, 6, 6.67%, 0, 242, 5, 8.31
1747805768, 4, 532, 1109, 1088, 6, 6.67%, 0, 242, 5, 10.01
1747805773, 4, 533, 1109, 1088, 6, 6.67%, 0, 242, 5, 9.71
1747805779, 4, 534, 1109, 1088, 6, 6.67%, 0, 242, 5, 9.50
1747805784, 4, 535, 1109, 1088, 6, 6.67%, 0, 242, 5, 9.38
1747805789, 4, 536, 1109, 1088, 6, 6.67%, 0, 242, 5, 9.79
1747805794, 4, 537, 1109, 1088, 6, 6.67%, 0, 242, 5, 13.49
1747805799, 4, 540, 1109, 1088, 6, 6.67%, 0, 242, 5, 12.79
1747805805, 4, 541, 1109, 1088, 6, 6.67%, 0, 242, 5, 11.89
1747805810, 4, 542, 1109, 1088, 6, 6.67%, 0, 242, 5, 9.59
1747805816, 4, 544, 1109, 1088, 6, 6.67%, 0, 242, 5, 10.06
1747805821, 4, 545, 1109, 1088, 6, 6.67%, 0, 242, 5, 10.95
1747805826, 4, 546, 1109, 1088, 6, 6.67%, 0, 242, 5, 1.93
1747805831, 4, 547, 1109, 1088, 6, 6.67%, 0, 242, 5, 10.28
1747805837, 4, 549, 1109, 1088, 6, 6.67%, 0, 242, 5, 10.97
1747805842, 4, 550, 1109, 1088, 6, 6.67%, 0, 242, 5, 10.62
1747805847, 4, 551, 1109, 1088, 6, 6.67%, 0, 242, 5, 12.84
1747805852, 4, 552, 1109, 1088, 6, 6.67%, 0, 242, 5, 12.48
1747805857, 4, 554, 1109, 1088, 6, 6.67%, 0, 242, 5, 14.26
1747805867, 4, 555, 1109, 1088, 6, 6.67%, 0, 242, 5, 8.80
1747805873, 4, 556, 1109, 1088, 6, 6.67%, 0, 242, 5, 7.92
1747805878, 4, 557, 1109, 1088, 6, 6.67%, 0, 242, 5, 8.32
1747805883, 4, 558, 1109, 1088, 6, 6.67%, 0, 242, 5, 9.29
1747805888, 4, 559, 1109, 1088, 6, 6.67%, 0, 242, 5, 9.46
1747805899, 4, 560, 1109, 1088, 6, 6.67%, 0, 242, 5, 9.13
1747805904, 4, 561, 1109, 1088, 6, 6.67%, 0, 242, 5, 10.31
1747805909, 4, 564, 1109, 1088, 6, 6.67%, 0, 242, 5, 13.85
1747806062, 4, 564, 1110, 1089, 6, 6.67%, 0, 242, 5, 5.91
1747806218, 4, 565, 1110, 1088, 6, 6.67%, 0, 242, 5, 12.13
1747806229, 4, 566, 1110, 1088, 6, 6.67%, 0, 243, 5, 1.00
1747806234, 4, 567, 1110, 1088, 6, 6.67%, 0, 243, 5, 11.70
1747806240, 4, 568, 1110, 1088, 6, 6.67%, 0, 243, 5, 11.77
1747806245, 4, 569, 1110, 1088, 6, 6.67%, 0, 243, 5, 11.06
1747806250, 4, 571, 1110, 1088, 6, 6.67%, 0, 243, 5, 11.35
1747806255, 4, 572, 1110, 1088, 6, 6.67%, 0, 243, 5, 12.21
1747806260, 4, 573, 1110, 1088, 6, 6.67%, 0, 243, 5, 13.02
1747806265, 4, 576, 1110, 1088, 6, 6.67%, 0, 243, 5, 13.52
1747806270, 4, 577, 1110, 1088, 6, 6.67%, 0, 243, 5, 10.75
1747806275, 4, 577, 1110, 1088, 6, 6.67%, 0, 244, 5, 4.90
1747806280, 4, 580, 1110, 1088, 6, 6.67%, 0, 244, 5, 10.22
1747806286, 4, 581, 1110, 1088, 6, 6.67%, 0, 244, 5, 8.88
1747806291, 4, 582, 1110, 1088, 6, 6.67%, 0, 244, 5, 8.88
1747806301, 4, 583, 1110, 1088, 6, 6.67%, 0, 244, 5, 10.51
1747806306, 4, 585, 1110, 1088, 6, 6.67%, 0, 244, 5, 9.01
1747806311, 4, 586, 1110, 1088, 6, 6.67%, 0, 244, 5, 9.35
1747806316, 4, 587, 1110, 1088, 6, 6.67%, 0, 244, 5, 2.88
1747806321, 4, 588, 1110, 1088, 6, 6.67%, 0, 244, 5, 13.94
1747806333, 4, 590, 1110, 1088, 6, 6.67%, 0, 244, 5, 14.29
1747806338, 4, 591, 1110, 1088, 6, 6.67%, 0, 244, 5, 10.69
1747806343, 4, 592, 1110, 1088, 6, 6.67%, 0, 244, 5, 8.47
1747806348, 4, 594, 1110, 1088, 6, 6.67%, 0, 244, 5, 8.74
1747806353, 4, 595, 1110, 1088, 6, 6.67%, 0, 244, 5, 8.79
1747806358, 4, 597, 1110, 1088, 6, 6.67%, 0, 245, 5, 9.12
1747806369, 4, 598, 1110, 1088, 6, 6.67%, 0, 245, 5, 7.67
1747806374, 4, 599, 1110, 1088, 6, 6.67%, 0, 245, 5, 9.40
1747806379, 4, 600, 1110, 1088, 6, 6.67%, 0, 245, 5, 10.82
1747806384, 4, 601, 1110, 1088, 6, 6.67%, 0, 245, 5, 9.51
1747806389, 4, 603, 1110, 1088, 6, 6.67%, 0, 245, 5, 9.93
1747806394, 4, 605, 1110, 1088, 6, 6.67%, 0, 245, 5, 10.16
1747806399, 4, 608, 1110, 1088, 6, 6.67%, 0, 245, 5, 8.43
1747806405, 4, 609, 1110, 1088, 6, 6.67%, 0, 245, 5, 26.97
1747806410, 4, 610, 1110, 1088, 6, 6.67%, 0, 245, 5, 5.49
1747806415, 4, 612, 1110, 1088, 6, 6.67%, 0, 245, 5, 8.56
1747806420, 4, 613, 1110, 1088, 6, 6.67%, 0, 245, 5, 9.44
1747806425, 4, 615, 1110, 1088, 6, 6.67%, 0, 245, 5, 11.25
1747806430, 4, 616, 1110, 1088, 6, 6.67%, 0, 245, 5, 9.62
1747806436, 4, 617, 1110, 1088, 6, 6.67%, 0, 245, 5, 7.77
1747806441, 4, 618, 1110, 1088, 6, 6.67%, 0, 245, 5, 8.58
1747806447, 4, 619, 1110, 1088, 6, 6.67%, 0, 245, 5, 1.00
1747806452, 4, 620, 1110, 1088, 6, 6.67%, 0, 245, 5, 9.41
1747806462, 4, 621, 1110, 1088, 6, 6.67%, 0, 245, 5, 8.27
1747806467, 4, 623, 1110, 1088, 6, 6.67%, 0, 245, 5, 8.43
1747806472, 4, 624, 1110, 1088, 6, 6.67%, 0, 245, 5, 11.29
1747806478, 4, 625, 1110, 1088, 6, 6.67%, 0, 245, 5, 11.70
1747806483, 4, 627, 1110, 1088, 6, 6.67%, 0, 245, 5, 11.43
1747806488, 4, 629, 1110, 1088, 6, 6.67%, 0, 245, 5, 11.46
1747806493, 4, 630, 1110, 1088, 6, 6.67%, 0, 245, 5, 10.15
1747806498, 4, 631, 1110, 1088, 6, 6.67%, 0, 245, 5, 12.55
1747806503, 4, 635, 1110, 1088, 6, 6.67%, 0, 245, 5, 11.93
1747806508, 4, 636, 1110, 1088, 6, 6.67%, 0, 245, 5, 9.96
1747806519, 4, 637, 1110, 1088, 6, 6.67%, 0, 245, 5, 10.28
1747806524, 4, 640, 1110, 1088, 6, 6.67%, 0, 245, 5, 10.82
1747806529, 4, 641, 1110, 1088, 6, 6.67%, 0, 245, 5, 10.34
1747806539, 4, 642, 1110, 1088, 6, 6.67%, 0, 245, 5, 10.37
1747806544, 4, 643, 1110, 1088, 6, 6.67%, 0, 245, 5, 17.12
1747806549, 4, 644, 1110, 1088, 6, 6.67%, 0, 245, 5, 7.42
1747806554, 4, 645, 1110, 1088, 6, 6.67%, 0, 245, 5, 9.47
1747806559, 4, 646, 1110, 1088, 6, 6.67%, 0, 245, 5, 4.17
1747806565, 4, 647, 1110, 1088, 6, 6.67%, 0, 245, 5, 8.71
1747806570, 4, 648, 1110, 1088, 6, 6.67%, 0, 245, 5, 10.21
1747806575, 4, 649, 1110, 1088, 6, 6.67%, 0, 245, 5, 11.09
1747806580, 4, 650, 1110, 1088, 6, 6.67%, 0, 245, 5, 11.88
1747806585, 4, 651, 1110, 1088, 6, 6.67%, 0, 245, 5, 10.55
1747806590, 4, 652, 1110, 1088, 6, 6.67%, 0, 245, 5, 9.90
1747806596, 4, 653, 1110, 1088, 6, 6.67%, 0, 246, 5, 1.67
1747806602, 4, 654, 1110, 1088, 6, 6.67%, 0, 246, 5, 12.84
1747806607, 4, 655, 1110, 1088, 6, 6.67%, 0, 246, 5, 18.02
1747806612, 4, 656, 1110, 1088, 6, 6.67%, 0, 246, 5, 2.52
1747806623, 4, 657, 1110, 1088, 6, 6.67%, 0, 247, 5, 8.17
1747806628, 4, 660, 1110, 1088, 6, 6.67%, 0, 247, 5, 11.58
1747806633, 4, 663, 1110, 1088, 6, 6.67%, 0, 247, 5, 12.49
1747806638, 4, 664, 1110, 1088, 6, 6.67%, 0, 247, 5, 11.85
1747806643, 4, 666, 1110, 1088, 6, 6.67%, 0, 247, 5, 8.84
1747806648, 4, 667, 1110, 1088, 6, 6.67%, 0, 247, 5, 11.29
1747806654, 4, 668, 1111, 1089, 6, 6.67%, 0, 247, 5, 9.22
1747806670, 4, 670, 1111, 1089, 6, 6.67%, 0, 247, 5, 13.80
1747806680, 4, 671, 1111, 1089, 6, 6.67%, 0, 247, 5, 10.08
1747806685, 4, 673, 1111, 1089, 6, 6.67%, 0, 247, 5, 10.41
1747806691, 4, 674, 1111, 1089, 6, 6.67%, 0, 247, 5, 9.57
1747806696, 4, 676, 1111, 1089, 6, 6.67%, 0, 247, 5, 8.44
1747806701, 4, 678, 1111, 1089, 6, 6.67%, 0, 247, 5, 8.35
1747806706, 4, 680, 1111, 1089, 6, 6.67%, 0, 247, 5, 11.31
1747806711, 4, 681, 1111, 1089, 6, 6.67%, 0, 247, 5, 12.00
1747806716, 4, 682, 1111, 1089, 6, 6.67%, 0, 247, 5, 10.62
1747806722, 4, 683, 1111, 1089, 6, 6.67%, 0, 247, 5, 12.03
1747806727, 4, 684, 1112, 1090, 6, 6.67%, 0, 247, 5, 1.00
1747806744, 4, 685, 1112, 1090, 6, 6.67%, 0, 247, 5, 11.79
1747806749, 4, 686, 1112, 1090, 6, 6.67%, 0, 247, 5, 9.63
1747806754, 4, 687, 1112, 1090, 6, 6.67%, 0, 247, 5, 6.34
1747806759, 4, 688, 1112, 1090, 6, 6.67%, 0, 247, 5, 8.41
1747806764, 4, 689, 1112, 1090, 6, 6.67%, 0, 247, 5, 7.92
1747806774, 4, 691, 1112, 1090, 6, 6.67%, 0, 247, 5, 11.91
1747806780, 4, 692, 1112, 1090, 6, 6.67%, 0, 247, 5, 1.78
1747806785, 4, 693, 1112, 1090, 6, 6.67%, 0, 247, 5, 10.21
1747806790, 4, 694, 1112, 1090, 6, 6.67%, 0, 247, 5, 11.33
1747806795, 4, 695, 1112, 1090, 6, 6.67%, 0, 247, 5, 9.15
1747806801, 4, 697, 1112, 1090, 6, 6.67%, 0, 247, 5, 10.89
1747806806, 4, 698, 1112, 1090, 6, 6.67%, 0, 247, 5, 10.21
1747806811, 4, 699, 1112, 1090, 6, 6.67%, 0, 247, 5, 11.26
1747806816, 4, 701, 1112, 1090, 6, 6.67%, 0, 247, 5, 13.11
1747806821, 4, 702, 1112, 1090, 6, 6.67%, 0, 247, 5, 11.49
1747806826, 4, 704, 1112, 1090, 6, 6.67%, 0, 247, 5, 12.68
1747806832, 4, 705, 1112, 1090, 6, 6.67%, 0, 247, 5, 12.48
1747806837, 4, 706, 1112, 1090, 6, 6.67%, 0, 247, 5, 11.02
1747806842, 4, 708, 1112, 1090, 6, 6.67%, 0, 247, 5, 11.86
1747806847, 4, 709, 1112, 1090, 6, 6.67%, 0, 247, 5, 13.33
1747806852, 4, 710, 1112, 1090, 6, 6.67%, 0, 247, 5, 12.20
1747806858, 4, 712, 1112, 1090, 6, 6.67%, 0, 247, 5, 11.23
1747806863, 4, 713, 1112, 1090, 6, 6.67%, 0, 247, 5, 11.45
1747806868, 4, 714, 1112, 1090, 6, 6.67%, 0, 247, 5, 10.49
1747806873, 4, 716, 1112, 1090, 6, 6.67%, 0, 247, 5, 12.08
1747806879, 4, 717, 1112, 1090, 6, 6.67%, 0, 247, 5, 10.79
1747806884, 4, 718, 1112, 1090, 6, 6.67%, 0, 247, 5, 8.62
1747806889, 4, 719, 1112, 1090, 6, 6.67%, 0, 247, 5, 9.16
1747806894, 4, 720, 1112, 1090, 6, 6.67%, 0, 247, 5, 8.41
1747806905, 4, 721, 1112, 1090, 6, 6.67%, 0, 248, 5, 8.47
1747806910, 4, 722, 1112, 1090, 6, 6.67%, 0, 248, 5, 9.81
1747806915, 4, 724, 1112, 1090, 6, 6.67%, 0, 248, 5, 11.29
1747806920, 4, 725, 1112, 1090, 6, 6.67%, 0, 248, 5, 11.46
1747806925, 4, 726, 1112, 1090, 6, 6.67%, 0, 248, 5, 9.56
1747806930, 4, 727, 1112, 1090, 6, 6.67%, 0, 248, 5, 7.70
1747806935, 4, 728, 1112, 1090, 6, 6.67%, 0, 248, 5, 8.33
1747806940, 4, 729, 1112, 1090, 6, 6.67%, 0, 248, 5, 10.07
1747806951, 4, 730, 1112, 1090, 6, 6.67%, 0, 248, 5, 9.41
1747806956, 4, 731, 1112, 1090, 6, 6.67%, 0, 248, 5, 10.31
1747806961, 4, 732, 1112, 1090, 6, 6.67%, 0, 248, 5, 1.14
1747806971, 4, 733, 1112, 1090, 6, 6.67%, 0, 248, 5, 8.00
1747806977, 4, 735, 1112, 1090, 6, 6.67%, 0, 248, 5, 8.70
1747806982, 4, 736, 1112, 1090, 6, 6.67%, 0, 248, 5, 10.26
1747806987, 4, 737, 1112, 1090, 6, 6.67%, 0, 248, 5, 13.06
1747806997, 4, 739, 1112, 1090, 6, 6.67%, 0, 248, 5, 11.63
1747807002, 4, 740, 1112, 1090, 6, 6.67%, 0, 248, 5, 10.46
1747807008, 4, 741, 1112, 1090, 6, 6.67%, 0, 248, 5, 9.35
1747807013, 4, 743, 1112, 1090, 6, 6.67%, 0, 248, 5, 9.57
1747807018, 4, 744, 1112, 1090, 6, 6.67%, 0, 248, 5, 11.72
1747807023, 4, 745, 1112, 1090, 6, 6.67%, 0, 248, 5, 11.93
1747807028, 4, 746, 1112, 1090, 6, 6.67%, 0, 248, 5, 9.98
1747807033, 4, 747, 1112, 1090, 6, 6.67%, 0, 248, 5, 13.69
1747807038, 4, 749, 1112, 1090, 6, 6.67%, 0, 248, 5, 12.34
1747807044, 4, 750, 1112, 1090, 6, 6.67%, 0, 248, 5, 9.72
1747807049, 4, 752, 1112, 1090, 6, 6.67%, 0, 248, 5, 8.33
1747807059, 4, 753, 1112, 1090, 6, 6.67%, 0, 248, 5, 9.36
1747807066, 4, 754, 1112, 1090, 6, 6.67%, 0, 248, 5, 9.17
1747807071, 4, 755, 1112, 1090, 6, 6.67%, 0, 248, 5, 10.45
1747807076, 4, 756, 1112, 1090, 6, 6.67%, 0, 249, 5, 1.74
1747807081, 4, 757, 1112, 1090, 6, 6.67%, 0, 249, 5, 13.55
1747807086, 4, 758, 1112, 1090, 6, 6.67%, 0, 249, 5, 11.22
1747807091, 4, 761, 1112, 1090, 6, 6.67%, 0, 249, 5, 9.97
1747807096, 4, 762, 1112, 1090, 6, 6.67%, 0, 249, 5, 10.71
1747807101, 4, 763, 1112, 1090, 6, 6.67%, 0, 249, 5, 10.66
1747807106, 4, 764, 1112, 1090, 6, 6.67%, 0, 249, 5, 12.29
1747807112, 4, 765, 1112, 1090, 6, 6.67%, 0, 249, 5, 10.54
1747807117, 4, 766, 1112, 1090, 6, 6.67%, 0, 249, 5, 10.21
1747807127, 4, 767, 1112, 1090, 6, 6.67%, 0, 249, 5, 10.41
1747807132, 4, 768, 1112, 1090, 6, 6.67%, 0, 249, 5, 11.25
1747807137, 4, 769, 1112, 1090, 6, 6.67%, 0, 249, 5, 12.87
1747807142, 4, 770, 1112, 1090, 6, 6.67%, 0, 249, 5, 9.68
1747807147, 4, 772, 1112, 1090, 6, 6.67%, 0, 249, 5, 10.25
1747807153, 4, 775, 1112, 1090, 6, 6.67%, 0, 249, 5, 11.04
1747807158, 4, 777, 1112, 1090, 6, 6.67%, 0, 249, 5, 10.64
1747807163, 4, 777, 1113, 1091, 6, 6.67%, 0, 249, 5, 1.35
1747807179, 4, 779, 1113, 1091, 6, 6.67%, 0, 249, 5, 8.34
1747807184, 4, 780, 1113, 1091, 6, 6.67%, 0, 249, 5, 11.87
1747807189, 4, 781, 1113, 1091, 6, 6.67%, 0, 249, 5, 9.87
1747807195, 4, 781, 1113, 1091, 6, 6.67%, 0, 250, 5, 3.48
1747807200, 4, 782, 1113, 1091, 6, 6.67%, 0, 250, 5, 7.06
1747807205, 4, 784, 1113, 1091, 6, 6.67%, 0, 250, 5, 8.24
1747807211, 4, 785, 1113, 1091, 6, 6.67%, 0, 250, 5, 9.18
1747807216, 4, 786, 1113, 1091, 6, 6.67%, 0, 250, 5, 9.53
1747807221, 4, 787, 1113, 1091, 6, 6.67%, 0, 250, 5, 10.03
1747807226, 4, 789, 1113, 1091, 6, 6.67%, 0, 250, 5, 11.94
1747807231, 4, 791, 1113, 1091, 6, 6.67%, 0, 250, 5, 13.67
1747807236, 4, 793, 1113, 1091, 6, 6.67%, 0, 250, 5, 11.97
1747807242, 4, 794, 1113, 1091, 6, 6.67%, 0, 250, 5, 12.54
1747807252, 4, 795, 1113, 1091, 6, 6.67%, 0, 250, 5, 11.77
1747807257, 4, 797, 1113, 1091, 6, 6.67%, 0, 250, 5, 11.50
1747807262, 4, 799, 1113, 1091, 6, 6.67%, 0, 250, 5, 9.13
1747807267, 4, 801, 1113, 1091, 6, 6.67%, 0, 250, 5, 8.68
1747807273, 4, 802, 1113, 1091, 6, 6.67%, 0, 250, 5, 10.05
1747807278, 4, 804, 1113, 1091, 6, 6.67%, 0, 250, 5, 11.26
1747807283, 4, 805, 1113, 1091, 6, 6.67%, 0, 250, 5, 9.35
1747807288, 4, 806, 1113, 1091, 6, 6.67%, 0, 250, 5, 10.65
1747807293, 4, 807, 1113, 1091, 6, 6.67%, 0, 250, 5, 9.27
1747807298, 4, 809, 1113, 1091, 6, 6.67%, 0, 250, 5, 9.56
1747807303, 4, 811, 1113, 1091, 6, 6.67%, 0, 250, 5, 10.86
1747807309, 4, 812, 1113, 1091, 6, 6.67%, 0, 250, 5, 13.30
1747807314, 4, 813, 1113, 1091, 6, 6.67%, 0, 250, 5, 9.52
1747807319, 4, 814, 1113, 1091, 6, 6.67%, 0, 250, 5, 10.61
1747807324, 4, 815, 1113, 1091, 6, 6.67%, 0, 250, 5, 1.39
1747807329, 4, 816, 1113, 1091, 6, 6.67%, 0, 250, 5, 10.37
1747807334, 4, 817, 1113, 1091, 6, 6.67%, 0, 250, 5, 10.62
1747807339, 4, 818, 1113, 1091, 6, 6.67%, 0, 250, 5, 9.45
1747807344, 4, 820, 1113, 1091, 6, 6.67%, 0, 250, 5, 9.52
1747807355, 4, 821, 1113, 1091, 6, 6.67%, 0, 250, 5, 9.60
1747807360, 4, 822, 1113, 1091, 6, 6.67%, 0, 250, 5, 9.86
1747807365, 4, 823, 1113, 1091, 6, 6.67%, 0, 250, 5, 1.93
1747807370, 4, 825, 1113, 1091, 6, 6.67%, 0, 250, 5, 14.51
1747807375, 4, 827, 1113, 1091, 6, 6.67%, 0, 250, 5, 11.83
1747807381, 4, 828, 1113, 1091, 6, 6.67%, 0, 250, 5, 1.49
1747807386, 4, 829, 1113, 1091, 6, 6.67%, 0, 250, 5, 13.41
1747807391, 4, 830, 1113, 1091, 6, 6.67%, 0, 250, 5, 13.16
1747807397, 4, 831, 1113, 1091, 6, 6.67%, 0, 250, 5, 2.71
1747807402, 4, 832, 1113, 1091, 6, 6.67%, 0, 250, 5, 5.05
1747807407, 4, 833, 1113, 1091, 6, 6.67%, 0, 250, 5, 8.83
1747807412, 4, 835, 1113, 1091, 6, 6.67%, 0, 250, 5, 9.27
1747807417, 4, 837, 1113, 1091, 6, 6.67%, 0, 250, 5, 11.18
1747807422, 4, 838, 1113, 1091, 6, 6.67%, 0, 250, 5, 9.40
1747807427, 4, 839, 1113, 1091, 6, 6.67%, 0, 250, 5, 11.78
1747807433, 4, 840, 1113, 1091, 6, 6.67%, 0, 250, 5, 9.75
1747807438, 4, 841, 1113, 1091, 6, 6.67%, 0, 250, 5, 8.16
1747807443, 4, 842, 1113, 1091, 6, 6.67%, 0, 250, 5, 1.46
1747807449, 4, 843, 1113, 1091, 6, 6.67%, 0, 250, 5, 7.69
1747807454, 4, 844, 1113, 1091, 6, 6.67%, 0, 250, 5, 1.70
1747807459, 4, 845, 1113, 1091, 6, 6.67%, 0, 250, 5, 13.42
1747807465, 4, 846, 1113, 1091, 6, 6.67%, 0, 250, 5, 10.60
1747807470, 4, 847, 1113, 1091, 6, 6.67%, 0, 250, 5, 10.54
1747807475, 4, 848, 1113, 1091, 6, 6.67%, 0, 250, 5, 10.41
1747807480, 4, 850, 1113, 1091, 6, 6.67%, 0, 250, 5, 10.13
1747807485, 4, 851, 1113, 1091, 6, 6.67%, 0, 250, 5, 11.62
1747807490, 4, 852, 1113, 1091, 6, 6.67%, 0, 250, 5, 11.61
1747807496, 4, 853, 1113, 1091, 6, 6.67%, 0, 250, 5, 11.51
1747807501, 4, 854, 1113, 1091, 6, 6.67%, 0, 250, 5, 10.56
1747807506, 4, 855, 1113, 1091, 6, 6.67%, 0, 250, 5, 9.85
1747807511, 4, 856, 1113, 1091, 6, 6.67%, 0, 250, 5, 8.82
1747807516, 4, 857, 1113, 1091, 6, 6.67%, 0, 250, 5, 10.79
1747807521, 4, 858, 1113, 1091, 6, 6.67%, 0, 250, 5, 11.04
1747807526, 4, 859, 1113, 1091, 6, 6.67%, 0, 250, 5, 11.98
1747807532, 4, 860, 1113, 1091, 6, 6.67%, 0, 250, 5, 11.30
1747807537, 4, 861, 1113, 1091, 6, 6.67%, 0, 250, 5, 11.71
1747807542, 4, 862, 1113, 1091, 6, 6.67%, 0, 250, 5, 9.23
1747807547, 4, 864, 1113, 1091, 6, 6.67%, 0, 250, 5, 8.80
1747807552, 4, 866, 1113, 1091, 6, 6.67%, 0, 250, 5, 10.72
1747807557, 4, 867, 1113, 1091, 6, 6.67%, 0, 250, 5, 9.78
1747807562, 4, 869, 1113, 1091, 6, 6.67%, 0, 250, 5, 8.36
1747807567, 4, 870, 1113, 1091, 6, 6.67%, 0, 250, 5, 14.94
1747807573, 4, 872, 1113, 1091, 6, 6.67%, 0, 250, 5, 10.44
1747807583, 4, 873, 1113, 1091, 6, 6.67%, 0, 250, 5, 12.00
1747807588, 4, 875, 1113, 1091, 6, 6.67%, 0, 250, 5, 12.04
1747807599, 4, 876, 1113, 1091, 6, 6.67%, 0, 250, 5, 8.75
1747807604, 4, 877, 1113, 1091, 6, 6.67%, 0, 250, 5, 8.61
1747807610, 4, 880, 1113, 1091, 6, 6.67%, 0, 251, 5, 9.74
1747807615, 4, 881, 1113, 1091, 6, 6.67%, 0, 251, 5, 11.92
1747807620, 4, 883, 1113, 1091, 6, 6.67%, 0, 251, 5, 9.66
1747807625, 4, 884, 1113, 1091, 6, 6.67%, 0, 251, 5, 10.26
1747807630, 4, 885, 1113, 1091, 6, 6.67%, 0, 251, 5, 11.08
1747807635, 4, 886, 1113, 1091, 6, 6.67%, 0, 251, 5, 12.91
1747807641, 4, 889, 1113, 1091, 6, 6.67%, 0, 251, 5, 12.44
1747807651, 4, 890, 1113, 1091, 6, 6.67%, 0, 251, 5, 9.59
1747807656, 4, 891, 1113, 1091, 6, 6.67%, 0, 251, 5, 9.81
1747807661, 4, 892, 1113, 1091, 6, 6.67%, 0, 251, 5, 9.78
1747807666, 4, 893, 1113, 1091, 6, 6.67%, 0, 251, 5, 11.49
1747807672, 4, 896, 1113, 1091, 6, 6.67%, 0, 251, 5, 10.13
1747807677, 4, 897, 1113, 1091, 6, 6.67%, 0, 251, 5, 12.05
1747807682, 4, 899, 1113, 1091, 6, 6.67%, 0, 251, 5, 9.47
1747807687, 4, 900, 1113, 1091, 6, 6.67%, 0, 251, 5, 1.00
1747807693, 4, 901, 1113, 1091, 6, 6.67%, 0, 251, 5, 7.57
1747807698, 4, 904, 1113, 1091, 6, 6.67%, 0, 251, 5, 9.24
1747807703, 4, 905, 1113, 1091, 6, 6.67%, 0, 251, 5, 8.29
1747807713, 4, 906, 1113, 1091, 6, 6.67%, 0, 251, 5, 8.54
1747807719, 4, 908, 1113, 1091, 6, 6.67%, 0, 251, 5, 8.66
1747807724, 4, 909, 1113, 1091, 6, 6.67%, 0, 251, 5, 10.86
1747807729, 4, 910, 1113, 1091, 6, 6.67%, 0, 251, 5, 9.43
1747807734, 4, 911, 1113, 1091, 6, 6.67%, 0, 251, 5, 8.64
1747807739, 4, 912, 1113, 1091, 6, 6.67%, 0, 251, 5, 11.32
1747807744, 4, 914, 1113, 1091, 6, 6.67%, 0, 251, 5, 14.32
1747807750, 4, 915, 1113, 1091, 6, 6.67%, 0, 251, 5, 12.22
1747807755, 4, 917, 1113, 1091, 6, 6.67%, 0, 251, 5, 15.01
1747807760, 4, 918, 1113, 1091, 6, 6.67%, 0, 251, 5, 12.23
1747807765, 4, 919, 1113, 1091, 6, 6.67%, 0, 251, 5, 9.81
1747807771, 4, 920, 1113, 1091, 6, 6.67%, 0, 251, 5, 2.24
1747807776, 4, 921, 1113, 1091, 6, 6.67%, 0, 251, 5, 14.32
1747807782, 4, 922, 1113, 1091, 6, 6.67%, 0, 251, 5, 11.28
1747807787, 4, 923, 1113, 1091, 6, 6.67%, 0, 251, 5, 9.40
1747807792, 4, 924, 1113, 1091, 6, 6.67%, 0, 251, 5, 11.55
1747807797, 4, 925, 1113, 1091, 6, 6.67%, 0, 251, 5, 10.69
1747807802, 4, 926, 1113, 1091, 6, 6.67%, 0, 251, 5, 11.45
1747807808, 4, 927, 1113, 1091, 6, 6.67%, 0, 251, 5, 1.43
1747807813, 4, 928, 1113, 1091, 6, 6.67%, 0, 251, 5, 9.87
1747807818, 4, 929, 1113, 1091, 6, 6.67%, 0, 251, 5, 10.38
1747807823, 4, 930, 1113, 1091, 6, 6.67%, 0, 252, 5, 9.60
1747807828, 4, 931, 1113, 1091, 6, 6.67%, 0, 252, 5, 11.01
1747807833, 4, 932, 1113, 1091, 6, 6.67%, 0, 252, 5, 12.56
1747807838, 4, 933, 1113, 1091, 6, 6.67%, 0, 252, 5, 12.39
1747807843, 4, 934, 1113, 1091, 6, 6.67%, 0, 252, 5, 10.20
1747807849, 4, 935, 1113, 1091, 6, 6.67%, 0, 252, 5, 8.54
1747807859, 4, 936, 1113, 1091, 6, 6.67%, 0, 252, 5, 9.71
1747807864, 4, 937, 1113, 1091, 6, 6.67%, 0, 252, 5, 9.08
1747807869, 4, 939, 1113, 1091, 6, 6.67%, 0, 252, 5, 11.05
1747807880, 4, 940, 1113, 1091, 6, 6.67%, 0, 252, 5, 8.55
1747807885, 4, 942, 1113, 1091, 6, 6.67%, 0, 252, 5, 15.38
1747807890, 4, 944, 1113, 1091, 6, 6.67%, 0, 252, 5, 13.55
1747807895, 4, 945, 1113, 1091, 6, 6.67%, 0, 252, 5, 11.26
1747807900, 4, 946, 1113, 1091, 6, 6.67%, 0, 252, 5, 12.99
1747807906, 4, 947, 1113, 1091, 6, 6.67%, 0, 252, 5, 3.45
1747807911, 4, 948, 1113, 1091, 6, 6.67%, 0, 252, 5, 6.19
1747807916, 4, 949, 1113, 1091, 6, 6.67%, 0, 252, 5, 9.62
1747807921, 4, 950, 1113, 1091, 6, 6.67%, 0, 252, 5, 8.96
1747807926, 4, 951, 1113, 1091, 6, 6.67%, 0, 252, 5, 10.60
1747807931, 4, 952, 1113, 1091, 6, 6.67%, 0, 252, 5, 12.28
1747807936, 4, 953, 1113, 1091, 6, 6.67%, 0, 252, 5, 11.15
1747807941, 4, 954, 1113, 1091, 6, 6.67%, 0, 252, 5, 9.99
1747807946, 4, 955, 1113, 1091, 6, 6.67%, 0, 252, 5, 10.62
1747807952, 4, 957, 1113, 1091, 6, 6.67%, 0, 252, 5, 12.65
1747807957, 4, 958, 1113, 1091, 6, 6.67%, 0, 252, 5, 10.24
1747807962, 4, 959, 1113, 1091, 6, 6.67%, 0, 252, 5, 1.00
1747807967, 4, 960, 1113, 1091, 6, 6.67%, 0, 252, 5, 13.34
1747807973, 4, 961, 1113, 1091, 6, 6.67%, 0, 252, 5, 11.25
1747807978, 4, 962, 1113, 1091, 6, 6.67%, 0, 252, 5, 10.43
1747807983, 4, 963, 1113, 1091, 6, 6.67%, 0, 252, 5, 12.32
1747807988, 4, 964, 1113, 1091, 6, 6.67%, 0, 252, 5, 9.64
1747807993, 4, 965, 1113, 1091, 6, 6.67%, 0, 252, 5, 8.80
1747807998, 4, 968, 1113, 1091, 6, 6.67%, 0, 252, 5, 11.46
1747808003, 4, 969, 1113, 1091, 6, 6.67%, 0, 252, 5, 11.33
1747808008, 4, 970, 1113, 1091, 6, 6.67%, 0, 252, 5, 10.41
1747808013, 4, 971, 1113, 1091, 6, 6.67%, 0, 252, 5, 9.26
1747808019, 4, 972, 1113, 1091, 6, 6.67%, 0, 252, 5, 10.04
1747808024, 4, 972, 1114, 1092, 6, 6.67%, 0, 252, 5, 13.75
1747808029, 4, 973, 1114, 1092, 6, 6.67%, 0, 252, 5, 11.65
1747808034, 4, 974, 1114, 1092, 6, 6.67%, 0, 252, 5, 9.93
1747808039, 4, 977, 1114, 1092, 6, 6.67%, 0, 252, 5, 9.70
1747808050, 4, 978, 1114, 1092, 6, 6.67%, 0, 252, 5, 12.38
1747808055, 4, 979, 1114, 1092, 6, 6.67%, 0, 252, 5, 10.27
1747808060, 4, 980, 1114, 1092, 6, 6.67%, 0, 252, 5, 8.72
1747808065, 4, 982, 1114, 1092, 6, 6.67%, 0, 252, 5, 9.17
1747808070, 4, 983, 1114, 1092, 6, 6.67%, 0, 252, 5, 8.00
1747808075, 4, 984, 1114, 1092, 6, 6.67%, 0, 252, 5, 10.59
1747808080, 4, 985, 1114, 1092, 6, 6.67%, 0, 252, 5, 13.07
1747808085, 4, 986, 1114, 1092, 6, 6.67%, 0, 252, 5, 12.53
1747808090, 4, 988, 1114, 1092, 6, 6.67%, 0, 252, 5, 11.65
1747808100, 4, 992, 1114, 1092, 6, 6.67%, 0, 252, 5, 10.52
1747808111, 4, 993, 1114, 1092, 6, 6.67%, 0, 252, 5, 11.38
1747808116, 4, 995, 1114, 1092, 6, 6.67%, 0, 252, 5, 11.79
1747808121, 4, 996, 1114, 1092, 6, 6.67%, 0, 252, 5, 11.32
1747808126, 4, 997, 1114, 1092, 6, 6.67%, 0, 252, 5, 11.95
1747808131, 4, 998, 1114, 1092, 6, 6.67%, 0, 252, 5, 10.51
1747808137, 4, 999, 1114, 1092, 6, 6.67%, 0, 252, 5, 10.37
1747808142, 4, 1000, 1114, 1092, 6, 6.67%, 0, 252, 5, 12.54
1747808147, 4, 1001, 1114, 1092, 6, 6.67%, 0, 252, 5, 11.50
1747808152, 4, 1002, 1114, 1092, 6, 6.67%, 0, 252, 5, 8.58
1747808157, 4, 1003, 1114, 1092, 6, 6.67%, 0, 252, 5, 8.53
1747808167, 4, 1004, 1114, 1092, 6, 6.67%, 0, 252, 5, 8.68
1747808173, 4, 1006, 1114, 1092, 6, 6.67%, 0, 252, 5, 11.78
1747808178, 4, 1007, 1114, 1092, 6, 6.67%, 0, 252, 5, 10.41
1747808183, 4, 1008, 1114, 1092, 6, 6.67%, 0, 252, 5, 12.06
1747808188, 4, 1012, 1114, 1092, 6, 6.67%, 0, 252, 5, 12.07
1747808193, 4, 1013, 1114, 1092, 6, 6.67%, 0, 252, 5, 14.82
1747808198, 4, 1014, 1114, 1092, 6, 6.67%, 0, 252, 5, 10.19
1747808203, 4, 1019, 1114, 1092, 6, 6.67%, 0, 252, 5, 11.79
1747808214, 4, 1020, 1114, 1092, 6, 6.67%, 0, 252, 5, 10.34
1747808219, 4, 1022, 1114, 1092, 6, 6.67%, 0, 252, 5, 12.15
1747808230, 4, 1024, 1114, 1092, 6, 6.67%, 0, 253, 5, 8.74
1747808241, 4, 1025, 1114, 1092, 6, 6.67%, 0, 253, 5, 7.73
1747808251, 4, 1028, 1114, 1092, 6, 6.67%, 0, 253, 5, 10.63
1747808256, 4, 1029, 1114, 1092, 6, 6.67%, 0, 253, 5, 11.51
1747808261, 4, 1030, 1114, 1092, 6, 6.67%, 0, 253, 5, 11.25
1747808266, 4, 1031, 1114, 1092, 6, 6.67%, 0, 253, 5, 10.87
1747808271, 4, 1032, 1114, 1092, 6, 6.67%, 0, 253, 5, 12.12
1747808277, 4, 1034, 1114, 1092, 6, 6.67%, 0, 253, 5, 12.00
1747808282, 4, 1035, 1114, 1092, 6, 6.67%, 0, 253, 5, 12.96
1747808287, 4, 1037, 1114, 1092, 6, 6.67%, 0, 253, 5, 10.87
1747808292, 4, 1038, 1114, 1092, 6, 6.67%, 0, 253, 5, 8.97
1747808297, 4, 1040, 1114, 1092, 6, 6.67%, 0, 253, 5, 16.94
1747808302, 4, 1042, 1114, 1092, 6, 6.67%, 0, 253, 5, 12.73
1747808307, 4, 1044, 1114, 1092, 6, 6.67%, 0, 253, 5, 12.60
1747808312, 4, 1045, 1114, 1092, 6, 6.67%, 0, 253, 5, 9.26
1747808318, 4, 1047, 1114, 1092, 6, 6.67%, 0, 253, 5, 9.14
1747808328, 4, 1048, 1114, 1092, 6, 6.67%, 0, 253, 5, 9.05
1747808333, 4, 1049, 1114, 1092, 6, 6.67%, 0, 253, 5, 8.48
1747808338, 4, 1050, 1114, 1092, 6, 6.67%, 0, 253, 5, 8.58
1747808343, 4, 1051, 1114, 1092, 6, 6.67%, 0, 253, 5, 11.00
1747808348, 4, 1052, 1114, 1092, 6, 6.67%, 0, 253, 5, 11.22
1747808353, 4, 1053, 1114, 1092, 6, 6.67%, 0, 253, 5, 10.90
1747808359, 4, 1058, 1114, 1092, 6, 6.67%, 0, 253, 5, 10.40
1747808364, 4, 1063, 1114, 1092, 6, 6.67%, 0, 253, 5, 12.41
1747808369, 4, 1064, 1114, 1092, 6, 6.67%, 0, 253, 5, 11.41
1747808374, 4, 1065, 1114, 1092, 6, 6.67%, 0, 253, 5, 10.75
1747808379, 4, 1066, 1114, 1092, 6, 6.67%, 0, 253, 5, 11.45
1747808384, 4, 1067, 1114, 1092, 6, 6.67%, 0, 253, 5, 14.10
1747808390, 4, 1068, 1114, 1092, 6, 6.67%, 0, 254, 5, 15.86
1747808395, 4, 1069, 1114, 1092, 6, 6.67%, 0, 254, 5, 12.64
1747808400, 4, 1070, 1114, 1092, 6, 6.67%, 0, 254, 5, 14.36
1747808410, 4, 1071, 1114, 1092, 6, 6.67%, 0, 254, 5, 8.81
1747808415, 4, 1078, 1114, 1092, 6, 6.67%, 0, 254, 5, 11.32
1747808420, 4, 1080, 1114, 1092, 6, 6.67%, 0, 254, 5, 8.13
1747808425, 4, 1081, 1114, 1092, 6, 6.67%, 0, 254, 5, 10.44
1747808430, 4, 1082, 1114, 1092, 6, 6.67%, 0, 254, 5, 12.55
1747808436, 4, 1083, 1114, 1092, 6, 6.67%, 0, 254, 5, 10.10
1747808441, 4, 1084, 1114, 1092, 6, 6.67%, 0, 254, 5, 9.45
1747808446, 4, 1085, 1114, 1092, 6, 6.67%, 0, 254, 5, 8.66
1747808451, 4, 1086, 1114, 1092, 6, 6.67%, 0, 254, 5, 12.07
1747808456, 4, 1087, 1114, 1092, 6, 6.67%, 0, 254, 5, 11.13
1747808461, 4, 1088, 1114, 1092, 6, 6.67%, 0, 254, 5, 8.97
1747808466, 4, 1091, 1114, 1092, 6, 6.67%, 0, 254, 5, 8.15
1747808471, 4, 1092, 1114, 1092, 6, 6.67%, 0, 254, 5, 9.58
1747808477, 4, 1093, 1114, 1092, 6, 6.67%, 0, 254, 5, 11.28
1747808482, 4, 1096, 1114, 1092, 6, 6.67%, 0, 254, 5, 15.92
1747808487, 4, 1097, 1114, 1092, 6, 6.67%, 0, 254, 5, 12.87
1747808492, 4, 1099, 1114, 1092, 6, 6.67%, 0, 254, 5, 11.77
1747808497, 4, 1100, 1114, 1092, 6, 6.67%, 0, 254, 5, 15.77
1747808502, 4, 1101, 1114, 1092, 6, 6.67%, 0, 254, 5, 14.07
1747808507, 4, 1103, 1114, 1092, 6, 6.67%, 0, 254, 5, 10.92
1747808512, 4, 1104, 1114, 1092, 6, 6.67%, 0, 254, 5, 12.50
1747808517, 4, 1106, 1114, 1092, 6, 6.67%, 0, 254, 5, 13.90
1747808522, 4, 1108, 1114, 1092, 6, 6.67%, 0, 254, 5, 9.74
1747808528, 4, 1109, 1114, 1092, 6, 6.67%, 0, 254, 5, 9.57
1747808533, 4, 1110, 1114, 1092, 6, 6.67%, 0, 254, 5, 9.88
1747808538, 4, 1111, 1114, 1092, 6, 6.67%, 0, 254, 5, 11.57
1747808543, 4, 1112, 1114, 1092, 6, 6.67%, 0, 254, 5, 12.21
1747808548, 4, 1113, 1114, 1092, 6, 6.67%, 0, 254, 5, 10.52
1747808553, 5, 1, 1114, 1092, 6, 6.67%, 0, 254, 5, 10.37
1747808559, 5, 2, 1114, 1092, 6, 6.67%, 0, 254, 5, 9.00
1747808564, 5, 4, 1114, 1092, 6, 6.67%, 0, 254, 5, 8.08
1747808574, 5, 6, 1114, 1092, 6, 6.67%, 0, 254, 5, 8.70
1747808580, 5, 7, 1114, 1092, 6, 6.67%, 0, 254, 5, 9.49
1747808585, 5, 8, 1114, 1092, 6, 6.67%, 0, 254, 5, 9.30
1747808590, 5, 9, 1114, 1092, 6, 6.67%, 0, 254, 5, 10.98
1747808595, 5, 10, 1114, 1092, 6, 6.67%, 0, 254, 5, 10.25
1747808600, 5, 11, 1114, 1092, 6, 6.67%, 0, 254, 5, 11.05
1747808606, 5, 12, 1114, 1092, 6, 6.67%, 0, 254, 5, 11.46
1747808611, 5, 15, 1114, 1092, 6, 6.67%, 0, 254, 5, 11.45
1747808616, 5, 16, 1114, 1092, 6, 6.67%, 0, 254, 5, 10.30
1747808621, 5, 18, 1114, 1092, 6, 6.67%, 0, 254, 5, 12.27
1747808627, 5, 20, 1114, 1092, 6, 6.67%, 0, 254, 5, 12.14
1747808632, 5, 21, 1114, 1092, 6, 6.67%, 0, 254, 5, 9.90
1747808637, 5, 22, 1114, 1092, 6, 6.67%, 0, 254, 5, 10.01
1747808642, 5, 23, 1114, 1092, 6, 6.67%, 0, 254, 5, 9.82
1747808647, 5, 24, 1114, 1092, 6, 6.67%, 0, 254, 5, 8.65
1747808658, 5, 25, 1114, 1092, 6, 6.67%, 0, 254, 5, 8.13
1747808663, 5, 28, 1114, 1092, 6, 6.67%, 0, 254, 5, 11.19
1747808668, 5, 29, 1114, 1092, 6, 6.67%, 0, 254, 5, 12.28
1747808673, 5, 30, 1114, 1092, 6, 6.67%, 0, 254, 5, 3.88
1747808678, 5, 31, 1114, 1092, 6, 6.67%, 0, 254, 5, 16.21
1747808684, 5, 32, 1114, 1092, 6, 6.67%, 0, 254, 5, 7.58
1747808689, 5, 33, 1114, 1092, 6, 6.67%, 0, 254, 5, 8.38
1747808699, 5, 35, 1114, 1092, 6, 6.67%, 0, 254, 5, 8.86
1747808704, 5, 36, 1114, 1092, 6, 6.67%, 0, 254, 5, 9.58
1747808709, 5, 38, 1114, 1092, 6, 6.67%, 0, 254, 5, 7.47
1747808719, 5, 39, 1114, 1092, 6, 6.67%, 0, 254, 5, 8.90
1747808725, 5, 40, 1114, 1092, 6, 6.67%, 0, 254, 5, 17.01
1747808730, 5, 41, 1114, 1092, 6, 6.67%, 0, 254, 5, 2.41
1747808735, 5, 42, 1114, 1092, 6, 6.67%, 0, 254, 5, 14.62
1747808740, 5, 43, 1114, 1092, 6, 6.67%, 0, 254, 5, 13.17
1747808745, 5, 45, 1114, 1092, 6, 6.67%, 0, 254, 5, 13.39
1747808756, 5, 46, 1114, 1092, 6, 6.67%, 0, 254, 5, 8.38
1747808761, 5, 47, 1114, 1092, 6, 6.67%, 0, 254, 5, 11.00
1747808766, 5, 48, 1114, 1092, 6, 6.67%, 0, 254, 5, 8.35
1747808771, 5, 48, 1115, 1093, 6, 6.67%, 0, 254, 5, 5.69
1747808782, 5, 50, 1115, 1093, 6, 6.67%, 0, 254, 5, 12.03
1747808787, 5, 51, 1115, 1093, 6, 6.67%, 0, 254, 5, 11.63
1747808798, 5, 53, 1115, 1093, 6, 6.67%, 0, 254, 5, 10.41
1747808803, 5, 54, 1115, 1093, 6, 6.67%, 0, 254, 5, 9.00
1747808808, 5, 55, 1115, 1093, 6, 6.67%, 0, 254, 5, 3.42
1747808814, 5, 56, 1115, 1093, 6, 6.67%, 0, 254, 5, 22.49
1747808819, 5, 57, 1115, 1093, 6, 6.67%, 0, 254, 5, 9.71
1747808824, 5, 58, 1115, 1093, 6, 6.67%, 0, 254, 5, 8.23
1747808829, 5, 59, 1115, 1093, 6, 6.67%, 0, 254, 5, 11.10
1747808834, 5, 60, 1115, 1093, 6, 6.67%, 0, 254, 5, 10.19
1747808839, 5, 61, 1115, 1093, 6, 6.67%, 0, 254, 5, 9.45
1747808844, 5, 63, 1115, 1093, 6, 6.67%, 0, 254, 5, 11.29
1747808850, 5, 64, 1115, 1093, 6, 6.67%, 0, 254, 5, 16.79
1747808855, 5, 65, 1115, 1093, 6, 6.67%, 0, 254, 5, 14.19
1747808860, 5, 66, 1115, 1093, 6, 6.67%, 0, 254, 5, 9.30
1747808865, 5, 67, 1115, 1093, 6, 6.67%, 0, 254, 5, 9.69
1747808870, 5, 68, 1115, 1093, 6, 6.67%, 0, 254, 5, 10.78
1747808875, 5, 70, 1115, 1093, 6, 6.67%, 0, 254, 5, 5.45
1747808880, 5, 71, 1115, 1093, 6, 6.67%, 0, 254, 5, 8.95
1747808885, 5, 72, 1115, 1093, 6, 6.67%, 0, 254, 5, 10.68
1747808891, 5, 75, 1115, 1093, 6, 6.67%, 0, 254, 5, 4.47
1747808896, 5, 76, 1115, 1093, 6, 6.67%, 0, 254, 5, 21.45
1747808901, 5, 77, 1115, 1093, 6, 6.67%, 0, 254, 5, 14.02
1747808906, 5, 78, 1115, 1093, 6, 6.67%, 0, 254, 5, 12.34
1747808911, 5, 79, 1115, 1093, 6, 6.67%, 0, 254, 5, 8.56
1747808916, 5, 82, 1115, 1093, 6, 6.67%, 0, 254, 5, 9.17
1747808921, 5, 83, 1115, 1093, 6, 6.67%, 0, 254, 5, 16.95
1747808926, 5, 85, 1115, 1093, 6, 6.67%, 0, 254, 5, 14.26
1747808931, 5, 86, 1115, 1093, 6, 6.67%, 0, 254, 5, 11.12
1747808936, 5, 87, 1115, 1093, 6, 6.67%, 0, 254, 5, 11.16
1747808941, 5, 88, 1115, 1093, 6, 6.67%, 0, 254, 5, 11.90
1747808947, 5, 89, 1115, 1093, 6, 6.67%, 0, 254, 5, 12.01
1747808952, 5, 90, 1115, 1093, 6, 6.67%, 0, 254, 5, 9.80
1747808957, 5, 91, 1115, 1093, 6, 6.67%, 0, 254, 5, 10.06
1747808968, 5, 92, 1115, 1093, 6, 6.67%, 0, 254, 5, 8.81
1747808973, 5, 93, 1115, 1093, 6, 6.67%, 0, 254, 5, 7.37
1747808978, 5, 94, 1115, 1093, 6, 6.67%, 0, 254, 5, 7.91
1747808983, 5, 98, 1115, 1093, 6, 6.67%, 0, 254, 5, 8.47
1747808988, 5, 99, 1115, 1093, 6, 6.67%, 0, 254, 5, 10.00
1747808993, 5, 100, 1115, 1093, 6, 6.67%, 0, 254, 5, 8.60
1747808998, 5, 101, 1115, 1093, 6, 6.67%, 0, 254, 5, 10.80
1747809009, 5, 102, 1115, 1093, 6, 6.67%, 0, 254, 5, 11.09
1747809014, 5, 105, 1115, 1093, 6, 6.67%, 0, 254, 5, 10.59
1747809019, 5, 108, 1115, 1093, 6, 6.67%, 0, 254, 5, 11.51
1747809024, 5, 109, 1115, 1093, 6, 6.67%, 0, 255, 5, 6.72
1747809029, 5, 110, 1115, 1093, 6, 6.67%, 0, 255, 5, 9.22
1747809034, 5, 111, 1115, 1093, 6, 6.67%, 0, 255, 5, 8.28
1747809039, 5, 113, 1115, 1093, 6, 6.67%, 0, 255, 5, 2.54
1747809050, 5, 114, 1115, 1093, 6, 6.67%, 0, 255, 5, 6.61
1747809055, 5, 115, 1115, 1093, 6, 6.67%, 0, 255, 5, 7.40
1747809060, 5, 116, 1115, 1093, 6, 6.67%, 0, 255, 5, 9.03
1747809065, 5, 117, 1115, 1093, 6, 6.67%, 0, 255, 5, 10.21
1747809070, 5, 118, 1115, 1093, 6, 6.67%, 0, 255, 5, 10.33
1747809075, 5, 119, 1115, 1093, 6, 6.67%, 0, 255, 5, 12.04
1747809080, 5, 120, 1115, 1093, 6, 6.67%, 0, 255, 5, 11.44
1747809086, 5, 121, 1115, 1093, 6, 6.67%, 0, 255, 5, 13.24
1747809096, 5, 122, 1115, 1093, 6, 6.67%, 0, 255, 5, 8.48
1747809101, 5, 123, 1115, 1093, 6, 6.67%, 0, 255, 5, 7.42
1747809106, 5, 124, 1115, 1093, 6, 6.67%, 0, 255, 5, 9.14
1747809112, 5, 125, 1115, 1093, 6, 6.67%, 0, 255, 5, 11.91
1747809117, 5, 126, 1115, 1093, 6, 6.67%, 0, 255, 5, 12.10
1747809122, 5, 127, 1115, 1093, 6, 6.67%, 0, 255, 5, 11.37
1747809127, 5, 129, 1115, 1093, 6, 6.67%, 0, 255, 5, 13.26
1747809137, 5, 130, 1115, 1093, 6, 6.67%, 0, 255, 5, 8.91
1747809143, 5, 131, 1115, 1093, 6, 6.67%, 0, 255, 5, 1.00
1747809148, 5, 132, 1115, 1093, 6, 6.67%, 0, 255, 5, 9.70
1747809153, 5, 133, 1115, 1093, 6, 6.67%, 0, 255, 5, 10.33
1747809158, 5, 134, 1115, 1093, 6, 6.67%, 0, 255, 5, 12.35
1747809163, 5, 136, 1115, 1093, 6, 6.67%, 0, 255, 5, 9.48
1747809168, 5, 138, 1115, 1093, 6, 6.67%, 0, 255, 5, 10.48
1747809174, 5, 139, 1115, 1093, 6, 6.67%, 0, 255, 5, 10.23
1747809179, 5, 140, 1115, 1093, 6, 6.67%, 0, 255, 5, 11.44
1747809184, 5, 141, 1115, 1093, 6, 6.67%, 0, 255, 5, 10.61
1747809189, 5, 142, 1115, 1093, 6, 6.67%, 0, 256, 5, 12.00
1747809195, 5, 143, 1115, 1093, 6, 6.67%, 0, 256, 5, 12.74
1747809200, 5, 144, 1115, 1093, 6, 6.67%, 0, 256, 5, 12.53
1747809205, 5, 145, 1115, 1093, 6, 6.67%, 0, 256, 5, 10.88
1747809210, 5, 146, 1115, 1093, 6, 6.67%, 0, 256, 5, 10.89
1747809220, 5, 147, 1115, 1093, 6, 6.67%, 0, 256, 5, 8.56
1747809225, 5, 148, 1115, 1093, 6, 6.67%, 0, 256, 5, 7.59
1747809231, 5, 149, 1115, 1093, 6, 6.67%, 0, 256, 5, 8.04
1747809237, 5, 150, 1115, 1093, 6, 6.67%, 0, 256, 5, 9.19
1747809242, 5, 151, 1115, 1093, 6, 6.67%, 0, 256, 5, 8.81
1747809253, 5, 153, 1115, 1093, 6, 6.67%, 0, 256, 5, 8.63
1747809258, 5, 156, 1115, 1093, 6, 6.67%, 0, 256, 5, 8.24
1747809263, 5, 157, 1115, 1093, 6, 6.67%, 0, 256, 5, 14.36
1747809268, 5, 158, 1115, 1093, 6, 6.67%, 0, 256, 5, 10.87
1747809273, 5, 159, 1115, 1093, 6, 6.67%, 0, 256, 5, 9.10
1747809278, 5, 161, 1115, 1093, 6, 6.67%, 0, 256, 5, 8.39
1747809283, 5, 162, 1115, 1093, 6, 6.67%, 0, 256, 5, 9.43
1747809289, 5, 165, 1115, 1093, 6, 6.67%, 0, 257, 5, 11.06
1747809294, 5, 166, 1115, 1093, 6, 6.67%, 0, 257, 5, 12.48
1747809299, 5, 167, 1115, 1093, 6, 6.67%, 0, 257, 5, 15.06
1747809304, 5, 168, 1115, 1093, 6, 6.67%, 0, 257, 5, 14.15
1747809309, 5, 169, 1115, 1093, 6, 6.67%, 0, 257, 5, 13.21
1747809315, 5, 170, 1115, 1093, 6, 6.67%, 0, 257, 5, 11.22
1747809320, 5, 171, 1115, 1093, 6, 6.67%, 0, 257, 5, 10.14
1747809325, 5, 173, 1115, 1093, 6, 6.67%, 0, 257, 5, 18.10
1747809330, 5, 174, 1115, 1093, 6, 6.67%, 0, 257, 5, 11.26
1747809335, 5, 175, 1115, 1093, 6, 6.67%, 0, 257, 5, 12.42
1747809340, 5, 176, 1115, 1093, 6, 6.67%, 0, 257, 5, 10.31
1747809345, 5, 177, 1115, 1093, 6, 6.67%, 0, 257, 5, 8.87
1747809351, 5, 178, 1115, 1093, 6, 6.67%, 0, 257, 5, 9.95
1747809356, 5, 179, 1115, 1093, 6, 6.67%, 0, 257, 5, 20.81
1747809361, 5, 180, 1115, 1093, 6, 6.67%, 0, 257, 5, 15.25
1747809366, 5, 182, 1115, 1093, 6, 6.67%, 0, 257, 5, 10.81
1747809371, 5, 184, 1115, 1093, 6, 6.67%, 0, 257, 5, 11.11
1747809377, 5, 186, 1115, 1093, 6, 6.67%, 0, 257, 5, 13.02
1747809382, 5, 187, 1115, 1093, 6, 6.67%, 0, 257, 5, 12.00
1747809387, 5, 188, 1115, 1093, 6, 6.67%, 0, 257, 5, 9.91
1747809392, 5, 189, 1115, 1093, 6, 6.67%, 0, 257, 5, 10.24
1747809397, 5, 191, 1115, 1093, 6, 6.67%, 0, 257, 5, 10.87
1747809402, 5, 192, 1115, 1093, 6, 6.67%, 0, 257, 5, 10.47
1747809412, 5, 194, 1115, 1093, 6, 6.67%, 0, 257, 5, 9.56
1747809417, 5, 196, 1115, 1093, 6, 6.67%, 0, 257, 5, 11.13
1747809423, 5, 197, 1115, 1093, 6, 6.67%, 0, 257, 5, 10.56
1747809428, 5, 198, 1115, 1093, 6, 6.67%, 0, 257, 5, 10.70
1747809433, 5, 199, 1115, 1093, 6, 6.67%, 0, 257, 5, 10.13
1747809438, 5, 200, 1115, 1093, 6, 6.67%, 0, 257, 5, 10.16
1747809443, 5, 201, 1115, 1093, 6, 6.67%, 0, 257, 5, 11.89
1747809448, 5, 202, 1115, 1093, 6, 6.67%, 0, 257, 5, 10.01
1747809453, 5, 203, 1115, 1093, 6, 6.67%, 0, 257, 5, 14.23
1747809459, 5, 204, 1115, 1093, 6, 6.67%, 0, 257, 5, 12.78
1747809464, 5, 205, 1115, 1093, 6, 6.67%, 0, 257, 5, 11.15
1747809474, 5, 206, 1115, 1093, 6, 6.67%, 0, 257, 5, 9.68
1747809479, 5, 207, 1115, 1093, 6, 6.67%, 0, 257, 5, 9.18
1747809484, 5, 208, 1115, 1093, 6, 6.67%, 0, 257, 5, 10.10
1747809490, 5, 209, 1115, 1093, 6, 6.67%, 0, 257, 5, 10.26
1747809495, 5, 211, 1115, 1093, 6, 6.67%, 0, 257, 5, 9.01
1747809500, 5, 212, 1115, 1093, 6, 6.67%, 0, 257, 5, 8.56
1747809505, 5, 213, 1115, 1093, 6, 6.67%, 0, 257, 5, 12.01
1747809510, 5, 214, 1115, 1093, 6, 6.67%, 0, 257, 5, 3.75
1747809521, 5, 217, 1115, 1093, 6, 6.67%, 0, 257, 5, 10.25
1747809526, 5, 219, 1115, 1093, 6, 6.67%, 0, 257, 5, 10.42
1747809536, 5, 220, 1115, 1093, 6, 6.67%, 0, 257, 5, 10.66
1747809541, 5, 221, 1115, 1093, 6, 6.67%, 0, 257, 5, 11.42
1747809546, 5, 222, 1115, 1093, 6, 6.67%, 0, 257, 5, 10.98
1747809551, 5, 223, 1115, 1093, 6, 6.67%, 0, 257, 5, 18.32
1747809593, 5, 224, 1115, 1092, 6, 6.67%, 0, 257, 5, 5.70
1747809598, 5, 225, 1115, 1092, 6, 6.67%, 0, 257, 5, 11.85
1747809603, 5, 226, 1115, 1092, 6, 6.67%, 0, 257, 5, 12.47
1747809608, 5, 230, 1115, 1092, 6, 6.67%, 0, 257, 5, 11.97
1747809613, 5, 231, 1115, 1092, 6, 6.67%, 0, 257, 5, 10.76
1747809623, 5, 232, 1115, 1092, 6, 6.67%, 0, 257, 5, 8.56
1747809629, 5, 233, 1115, 1092, 6, 6.67%, 0, 257, 5, 8.28
1747809634, 5, 234, 1115, 1092, 6, 6.67%, 0, 257, 5, 7.23
1747809639, 5, 236, 1115, 1092, 6, 6.67%, 0, 257, 5, 8.74
1747809649, 5, 237, 1115, 1092, 6, 6.67%, 0, 257, 5, 8.48
1747809654, 5, 238, 1115, 1092, 6, 6.67%, 0, 257, 5, 10.53
1747809660, 5, 240, 1115, 1092, 6, 6.67%, 0, 257, 5, 9.10
1747809665, 5, 241, 1115, 1092, 6, 6.67%, 0, 257, 5, 10.74
1747809670, 5, 242, 1115, 1092, 6, 6.67%, 0, 257, 5, 11.60
1747809675, 5, 245, 1115, 1092, 6, 6.67%, 0, 257, 5, 11.19
1747809680, 5, 246, 1115, 1092, 6, 6.67%, 0, 257, 5, 11.35
1747809685, 5, 247, 1115, 1092, 6, 6.67%, 0, 257, 5, 10.45
1747809690, 5, 248, 1115, 1092, 6, 6.67%, 0, 257, 5, 10.42
1747809695, 5, 249, 1115, 1092, 6, 6.67%, 0, 257, 5, 7.81
1747809701, 5, 250, 1115, 1092, 6, 6.67%, 0, 257, 5, 9.62
1747809706, 5, 251, 1115, 1092, 6, 6.67%, 0, 257, 5, 8.46
1747809711, 5, 252, 1115, 1092, 6, 6.67%, 0, 257, 5, 9.62
1747809722, 5, 253, 1115, 1092, 6, 6.67%, 0, 257, 5, 10.45
1747809727, 5, 254, 1115, 1092, 6, 6.67%, 0, 257, 5, 8.88
1747809732, 5, 255, 1115, 1092, 6, 6.67%, 0, 257, 5, 8.74
1747809737, 5, 256, 1115, 1092, 6, 6.67%, 0, 257, 5, 7.56
1747809742, 5, 257, 1115, 1092, 6, 6.67%, 0, 257, 5, 8.95
1747809747, 5, 259, 1115, 1092, 6, 6.67%, 0, 257, 5, 11.01
1747809752, 5, 261, 1115, 1092, 6, 6.67%, 0, 257, 5, 11.83
1747809758, 5, 262, 1115, 1092, 6, 6.67%, 0, 257, 5, 11.34
1747809763, 5, 263, 1115, 1092, 6, 6.67%, 0, 257, 5, 9.79
1747809768, 5, 264, 1115, 1092, 6, 6.67%, 0, 257, 5, 10.39
1747809773, 5, 266, 1115, 1092, 6, 6.67%, 0, 257, 5, 10.90
1747809784, 5, 268, 1115, 1092, 6, 6.67%, 0, 257, 5, 11.04
1747809789, 5, 269, 1115, 1092, 6, 6.67%, 0, 257, 5, 12.58
1747809794, 5, 270, 1115, 1092, 6, 6.67%, 0, 257, 5, 13.10
1747809799, 5, 270, 1116, 1093, 6, 6.67%, 0, 257, 5, 1.18
1747809810, 5, 271, 1116, 1093, 6, 6.67%, 0, 257, 5, 14.03
1747809815, 5, 273, 1116, 1093, 6, 6.67%, 0, 257, 5, 9.65
1747809820, 5, 274, 1116, 1093, 6, 6.67%, 0, 257, 5, 4.46
1747809825, 5, 275, 1116, 1093, 6, 6.67%, 0, 257, 5, 4.34
1747809830, 5, 277, 1116, 1093, 6, 6.67%, 0, 257, 5, 6.62
1747809835, 5, 278, 1116, 1093, 6, 6.67%, 0, 257, 5, 9.54
1747809840, 5, 279, 1116, 1093, 6, 6.67%, 0, 257, 5, 11.78
1747809845, 5, 281, 1116, 1093, 6, 6.67%, 0, 257, 5, 11.12
1747809851, 5, 283, 1116, 1093, 6, 6.67%, 0, 257, 5, 12.37
1747809861, 5, 285, 1116, 1093, 6, 6.67%, 0, 257, 5, 8.62
1747809866, 5, 286, 1117, 1094, 6, 6.67%, 0, 257, 5, 12.88
1747809877, 5, 287, 1117, 1094, 6, 6.67%, 0, 257, 5, 8.94
1747809882, 5, 288, 1117, 1094, 6, 6.67%, 0, 257, 5, 11.30
1747809887, 5, 289, 1117, 1094, 6, 6.67%, 0, 257, 5, 12.28
1747809892, 5, 290, 1117, 1094, 6, 6.67%, 0, 258, 5, 1.00
1747809897, 5, 291, 1117, 1094, 6, 6.67%, 0, 258, 5, 11.68
1747809902, 5, 292, 1117, 1094, 6, 6.67%, 0, 258, 5, 9.24
1747809907, 5, 293, 1117, 1094, 6, 6.67%, 0, 258, 5, 14.00
1747809912, 5, 294, 1117, 1094, 6, 6.67%, 0, 258, 5, 10.28
1747809917, 5, 295, 1117, 1094, 6, 6.67%, 0, 258, 5, 8.46
1747809923, 5, 296, 1117, 1094, 6, 6.67%, 0, 258, 5, 9.04
1747809928, 5, 297, 1117, 1094, 6, 6.67%, 0, 258, 5, 9.69
1747809933, 5, 299, 1117, 1094, 6, 6.67%, 0, 258, 5, 8.60
1747809938, 5, 301, 1117, 1094, 6, 6.67%, 0, 258, 5, 9.88
1747809943, 5, 302, 1117, 1094, 6, 6.67%, 0, 258, 5, 9.58
1747809948, 5, 303, 1117, 1094, 6, 6.67%, 0, 258, 5, 7.58
1747809959, 5, 304, 1117, 1094, 6, 6.67%, 0, 258, 5, 9.03
1747809964, 5, 305, 1117, 1094, 6, 6.67%, 0, 258, 5, 8.75
1747809969, 5, 306, 1117, 1094, 6, 6.67%, 0, 258, 5, 1.78
1747809974, 5, 307, 1117, 1094, 6, 6.67%, 0, 258, 5, 14.40
1747809985, 5, 308, 1117, 1094, 6, 6.67%, 0, 258, 5, 8.95
1747809990, 5, 309, 1117, 1094, 6, 6.67%, 0, 258, 5, 7.94
1747809996, 5, 310, 1117, 1094, 6, 6.67%, 0, 259, 5, 8.70
1747810001, 5, 311, 1117, 1094, 6, 6.67%, 0, 259, 5, 10.62
1747810006, 5, 314, 1117, 1094, 6, 6.67%, 0, 259, 5, 11.84
1747810011, 5, 315, 1117, 1094, 6, 6.67%, 0, 259, 5, 10.78
1747810022, 5, 317, 1117, 1094, 6, 6.67%, 0, 259, 5, 13.19
1747810032, 5, 319, 1117, 1094, 6, 6.67%, 0, 259, 5, 10.62
1747810042, 5, 321, 1117, 1094, 6, 6.67%, 0, 259, 5, 12.16
1747810047, 5, 323, 1117, 1094, 6, 6.67%, 0, 259, 5, 9.94
1747810058, 5, 324, 1117, 1094, 6, 6.67%, 0, 259, 5, 8.58
1747810063, 5, 325, 1117, 1094, 6, 6.67%, 0, 259, 5, 9.85
1747810068, 5, 326, 1117, 1094, 6, 6.67%, 0, 259, 5, 9.50
1747810073, 5, 328, 1117, 1094, 6, 6.67%, 0, 259, 5, 12.44
1747810083, 5, 331, 1117, 1094, 6, 6.67%, 0, 259, 5, 12.87
1747810088, 5, 332, 1117, 1094, 6, 6.67%, 0, 259, 5, 11.47
1747810094, 5, 335, 1117, 1094, 6, 6.67%, 0, 259, 5, 10.60
1747810099, 5, 336, 1117, 1094, 6, 6.67%, 0, 259, 5, 10.65
1747810104, 5, 337, 1117, 1094, 6, 6.67%, 0, 259, 5, 11.21
1747810109, 5, 340, 1117, 1094, 6, 6.67%, 0, 259, 5, 12.07
1747810114, 5, 341, 1117, 1094, 6, 6.67%, 0, 259, 5, 12.48
1747810120, 5, 344, 1117, 1094, 6, 6.67%, 0, 259, 5, 14.35
1747810130, 5, 347, 1117, 1094, 6, 6.67%, 0, 260, 5, 9.50
1747810135, 5, 348, 1117, 1094, 6, 6.67%, 0, 260, 5, 10.39
1747810140, 5, 350, 1117, 1094, 6, 6.67%, 0, 260, 5, 9.75
1747810145, 5, 351, 1117, 1094, 6, 6.67%, 0, 260, 5, 8.95
1747810150, 5, 352, 1117, 1094, 6, 6.67%, 0, 260, 5, 10.99
1747810155, 5, 353, 1117, 1094, 6, 6.67%, 0, 260, 5, 11.09
1747810160, 5, 354, 1117, 1094, 6, 6.67%, 0, 260, 5, 9.82
1747810165, 5, 355, 1117, 1094, 6, 6.67%, 0, 260, 5, 11.16
1747810171, 5, 356, 1117, 1094, 6, 6.67%, 0, 260, 5, 10.68
1747810176, 5, 357, 1117, 1094, 6, 6.67%, 0, 260, 5, 3.59
1747810181, 5, 358, 1117, 1094, 6, 6.67%, 0, 260, 5, 3.42
1747810186, 5, 359, 1117, 1094, 6, 6.67%, 0, 260, 5, 13.42
1747810191, 5, 361, 1117, 1094, 6, 6.67%, 0, 260, 5, 11.86
1747810196, 5, 362, 1117, 1094, 6, 6.67%, 0, 260, 5, 10.05
1747810201, 5, 363, 1117, 1094, 6, 6.67%, 0, 260, 5, 10.36
1747810206, 5, 364, 1117, 1094, 6, 6.67%, 0, 260, 5, 9.46
1747810212, 5, 365, 1117, 1094, 6, 6.67%, 0, 260, 5, 9.82
1747810217, 5, 366, 1117, 1094, 6, 6.67%, 0, 260, 5, 11.14
1747810222, 5, 367, 1117, 1094, 6, 6.67%, 0, 260, 5, 16.59
1747810227, 5, 370, 1117, 1094, 6, 6.67%, 0, 260, 5, 11.52
1747810232, 5, 371, 1117, 1094, 6, 6.67%, 0, 260, 5, 9.70
1747810238, 5, 372, 1117, 1094, 6, 6.67%, 0, 260, 5, 1.00
1747810243, 5, 373, 1117, 1094, 6, 6.67%, 0, 260, 5, 13.22
1747810248, 5, 374, 1117, 1094, 6, 6.67%, 0, 260, 5, 11.56
1747810254, 5, 375, 1117, 1094, 6, 6.67%, 0, 260, 5, 17.34
1747810264, 5, 378, 1117, 1094, 6, 6.67%, 0, 260, 5, 10.17
1747810274, 5, 380, 1117, 1094, 6, 6.67%, 0, 260, 5, 11.09
1747810285, 5, 381, 1117, 1094, 6, 6.67%, 0, 260, 5, 9.76
1747810290, 5, 385, 1117, 1094, 6, 6.67%, 0, 260, 5, 11.98
1747810300, 5, 386, 1117, 1094, 6, 6.67%, 0, 260, 5, 1.00
1747810306, 5, 387, 1117, 1094, 6, 6.67%, 0, 260, 5, 8.64
1747810311, 5, 388, 1117, 1094, 6, 6.67%, 0, 260, 5, 9.30
1747810316, 5, 389, 1117, 1094, 6, 6.67%, 0, 260, 5, 8.03
1747810321, 5, 390, 1117, 1094, 6, 6.67%, 0, 260, 5, 10.58
1747810326, 5, 391, 1117, 1094, 6, 6.67%, 0, 260, 5, 10.66
1747810331, 5, 393, 1117, 1094, 6, 6.67%, 0, 260, 5, 10.83
1747810341, 5, 394, 1117, 1094, 6, 6.67%, 0, 260, 5, 9.80
1747810346, 5, 396, 1117, 1094, 6, 6.67%, 0, 260, 5, 12.30
1747810351, 5, 397, 1117, 1094, 6, 6.67%, 0, 260, 5, 15.22
1747810356, 5, 398, 1117, 1094, 6, 6.67%, 0, 260, 5, 13.35
1747810362, 5, 399, 1117, 1094, 6, 6.67%, 0, 260, 5, 10.71
1747810367, 5, 400, 1117, 1094, 6, 6.67%, 0, 260, 5, 9.48
1747810372, 5, 401, 1117, 1094, 6, 6.67%, 0, 260, 5, 11.16
1747810377, 5, 402, 1117, 1094, 6, 6.67%, 0, 260, 5, 11.29
1747810382, 5, 403, 1117, 1094, 6, 6.67%, 0, 260, 5, 9.50
1747810387, 5, 404, 1117, 1094, 6, 6.67%, 0, 260, 5, 9.73
1747810392, 5, 405, 1117, 1094, 6, 6.67%, 0, 260, 5, 9.66
1747810398, 5, 406, 1117, 1094, 6, 6.67%, 0, 260, 5, 11.02
1747810403, 5, 407, 1117, 1094, 6, 6.67%, 0, 260, 5, 10.92
1747810413, 5, 409, 1117, 1094, 6, 6.67%, 0, 260, 5, 11.01
1747810423, 5, 410, 1117, 1094, 6, 6.67%, 0, 260, 5, 13.77
1747810428, 5, 412, 1117, 1094, 6, 6.67%, 0, 260, 5, 14.29
1747810433, 5, 413, 1117, 1094, 6, 6.67%, 0, 260, 5, 12.89
1747810439, 5, 414, 1117, 1094, 6, 6.67%, 0, 260, 5, 14.12
1747810444, 5, 415, 1117, 1094, 6, 6.67%, 0, 260, 5, 13.20
1747810449, 5, 417, 1117, 1094, 6, 6.67%, 0, 260, 5, 2.31
1747810459, 5, 418, 1117, 1094, 6, 6.67%, 0, 260, 5, 1.00
1747810464, 5, 419, 1117, 1094, 6, 6.67%, 0, 260, 5, 14.12
1747810470, 5, 420, 1117, 1094, 6, 6.67%, 0, 260, 5, 10.64
1747810475, 5, 422, 1117, 1094, 6, 6.67%, 0, 260, 5, 12.15
1747810480, 5, 423, 1117, 1094, 6, 6.67%, 0, 260, 5, 3.80
1747810485, 5, 424, 1117, 1094, 6, 6.67%, 0, 260, 5, 7.19
1747810490, 5, 425, 1117, 1094, 6, 6.67%, 0, 260, 5, 10.86
1747810501, 5, 426, 1117, 1094, 6, 6.67%, 0, 260, 5, 8.45
1747810506, 5, 427, 1117, 1094, 6, 6.67%, 0, 260, 5, 10.15
1747810511, 5, 429, 1117, 1094, 6, 6.67%, 0, 260, 5, 11.28
1747810522, 5, 431, 1117, 1094, 6, 6.67%, 0, 260, 5, 11.29
1747810528, 5, 432, 1117, 1094, 6, 6.67%, 0, 260, 5, 10.68
1747810538, 5, 434, 1117, 1094, 6, 6.67%, 0, 260, 5, 8.98
1747810543, 5, 435, 1117, 1094, 6, 6.67%, 0, 260, 5, 9.34
1747810549, 5, 436, 1117, 1094, 6, 6.67%, 0, 260, 5, 9.71
1747810554, 5, 437, 1117, 1094, 6, 6.67%, 0, 260, 5, 12.60
1747810559, 5, 438, 1117, 1094, 6, 6.67%, 0, 260, 5, 10.74
1747810564, 5, 439, 1117, 1094, 6, 6.67%, 0, 260, 5, 10.17
1747810569, 5, 440, 1117, 1094, 6, 6.67%, 0, 260, 5, 9.24
1747810574, 5, 441, 1117, 1094, 6, 6.67%, 0, 260, 5, 10.04
1747810579, 5, 442, 1117, 1094, 6, 6.67%, 0, 260, 5, 10.46
1747810585, 5, 444, 1117, 1094, 6, 6.67%, 0, 260, 5, 11.19
1747810590, 5, 445, 1117, 1094, 6, 6.67%, 0, 260, 5, 9.85
1747810595, 5, 446, 1117, 1094, 6, 6.67%, 0, 260, 5, 9.74
1747810600, 5, 447, 1117, 1094, 6, 6.67%, 0, 260, 5, 10.38
1747810605, 5, 449, 1117, 1094, 6, 6.67%, 0, 260, 5, 13.10
1747810610, 5, 450, 1117, 1094, 6, 6.67%, 0, 260, 5, 13.11
1747810615, 5, 451, 1117, 1094, 6, 6.67%, 0, 260, 5, 10.94
1747810620, 5, 452, 1117, 1094, 6, 6.67%, 0, 260, 5, 9.58
1747810626, 5, 453, 1117, 1094, 6, 6.67%, 0, 260, 5, 12.56
1747810631, 5, 454, 1117, 1094, 6, 6.67%, 0, 260, 5, 1.96
1747810636, 5, 455, 1117, 1094, 6, 6.67%, 0, 260, 5, 9.90
1747810641, 5, 456, 1117, 1094, 6, 6.67%, 0, 260, 5, 10.13
1747810646, 5, 457, 1117, 1094, 6, 6.67%, 0, 260, 5, 11.46
1747810651, 5, 458, 1117, 1094, 6, 6.67%, 0, 260, 5, 15.39
1747810656, 5, 459, 1117, 1094, 6, 6.67%, 0, 260, 5, 2.23
1747810661, 5, 460, 1117, 1094, 6, 6.67%, 0, 260, 5, 5.52
1747810672, 5, 463, 1117, 1094, 6, 6.67%, 0, 260, 5, 9.22
1747810682, 5, 464, 1117, 1094, 6, 6.67%, 0, 260, 5, 9.64
1747810688, 5, 465, 1117, 1094, 6, 6.67%, 0, 260, 5, 9.36
1747810693, 5, 466, 1117, 1094, 6, 6.67%, 0, 260, 5, 10.45
1747810698, 5, 468, 1117, 1094, 6, 6.67%, 0, 260, 5, 5.00
1747810703, 5, 469, 1117, 1094, 6, 6.67%, 0, 260, 5, 10.22
1747810708, 5, 470, 1118, 1095, 6, 6.67%, 0, 260, 5, 1.86
1747810723, 5, 471, 1118, 1095, 6, 6.67%, 0, 260, 5, 4.08
1747810729, 5, 473, 1118, 1095, 6, 6.67%, 0, 260, 5, 9.57
1747810734, 5, 474, 1118, 1095, 6, 6.67%, 0, 260, 5, 9.06
1747810739, 5, 476, 1118, 1095, 6, 6.67%, 0, 260, 5, 8.95
1747810744, 5, 477, 1118, 1095, 6, 6.67%, 0, 260, 5, 7.09
1747810754, 5, 479, 1118, 1095, 6, 6.67%, 0, 260, 5, 6.37
1747810759, 5, 481, 1118, 1095, 6, 6.67%, 0, 260, 5, 11.37
1747810769, 5, 482, 1118, 1095, 6, 6.67%, 0, 260, 5, 10.94
1747810774, 5, 483, 1118, 1095, 6, 6.67%, 0, 260, 5, 8.95
1747810780, 5, 484, 1118, 1095, 6, 6.67%, 0, 260, 5, 9.82
1747810785, 5, 485, 1118, 1095, 6, 6.67%, 0, 260, 5, 9.18
1747810790, 5, 486, 1118, 1095, 6, 6.67%, 0, 260, 5, 10.99
1747810795, 5, 487, 1118, 1095, 6, 6.67%, 0, 260, 5, 8.84
1747810800, 5, 488, 1118, 1095, 6, 6.67%, 0, 260, 5, 10.01
1747810805, 5, 489, 1118, 1095, 6, 6.67%, 0, 260, 5, 12.06
1747810810, 5, 490, 1118, 1095, 6, 6.67%, 0, 260, 5, 9.15
1747810815, 5, 491, 1118, 1095, 6, 6.67%, 0, 260, 5, 9.98
1747810820, 5, 492, 1118, 1095, 6, 6.67%, 0, 260, 5, 9.39
1747810825, 5, 493, 1118, 1095, 6, 6.67%, 0, 260, 5, 8.53
1747810831, 5, 497, 1118, 1095, 6, 6.67%, 0, 260, 5, 1.00
1747810836, 5, 498, 1118, 1095, 6, 6.67%, 0, 260, 5, 10.67
1747810841, 5, 499, 1118, 1095, 6, 6.67%, 0, 260, 5, 9.77
1747810846, 5, 501, 1118, 1095, 6, 6.67%, 0, 260, 5, 9.55
1747810851, 5, 502, 1118, 1095, 6, 6.67%, 0, 260, 5, 9.86
1747810857, 5, 503, 1118, 1095, 6, 6.67%, 0, 260, 5, 9.98
1747810867, 5, 504, 1118, 1095, 6, 6.67%, 0, 260, 5, 1.00
1747810872, 5, 506, 1118, 1095, 6, 6.67%, 0, 260, 5, 9.57
1747810877, 5, 507, 1118, 1095, 6, 6.67%, 0, 260, 5, 10.18
1747810882, 5, 508, 1118, 1095, 6, 6.67%, 0, 260, 5, 9.79
1747810887, 5, 509, 1118, 1095, 6, 6.67%, 0, 260, 5, 10.08
1747810893, 5, 510, 1118, 1095, 6, 6.67%, 0, 260, 5, 17.57
1747810898, 5, 511, 1118, 1095, 6, 6.67%, 0, 260, 5, 6.45
1747810903, 5, 512, 1118, 1095, 6, 6.67%, 0, 260, 5, 9.14
1747810908, 5, 515, 1118, 1095, 6, 6.67%, 0, 260, 5, 10.05
1747810913, 5, 516, 1118, 1095, 6, 6.67%, 0, 260, 5, 11.06
1747810918, 5, 517, 1118, 1095, 6, 6.67%, 0, 260, 5, 12.94
1747810924, 5, 518, 1118, 1095, 6, 6.67%, 0, 260, 5, 12.14
1747810929, 5, 519, 1118, 1095, 6, 6.67%, 0, 260, 5, 11.08
1747810934, 5, 520, 1118, 1095, 6, 6.67%, 0, 260, 5, 9.87
1747810939, 5, 521, 1118, 1095, 6, 6.67%, 0, 260, 5, 10.24
1747810944, 5, 522, 1118, 1095, 6, 6.67%, 0, 260, 5, 9.30
1747810949, 5, 523, 1118, 1095, 6, 6.67%, 0, 260, 5, 11.96
1747810954, 5, 524, 1118, 1095, 6, 6.67%, 0, 260, 5, 10.26
1747810959, 5, 525, 1118, 1095, 6, 6.67%, 0, 260, 5, 9.40
1747810964, 5, 526, 1118, 1095, 6, 6.67%, 0, 260, 5, 12.13
1747810970, 5, 528, 1118, 1095, 6, 6.67%, 0, 260, 5, 10.52
1747810975, 5, 529, 1118, 1095, 6, 6.67%, 0, 260, 5, 10.03
1747810980, 5, 533, 1118, 1095, 6, 6.67%, 0, 260, 5, 1.00
1747810986, 5, 534, 1118, 1095, 6, 6.67%, 0, 260, 5, 8.26
1747810996, 5, 535, 1118, 1095, 6, 6.67%, 0, 260, 5, 9.32
1747811001, 5, 536, 1118, 1095, 6, 6.67%, 0, 260, 5, 4.17
1747811006, 5, 538, 1118, 1095, 6, 6.67%, 0, 260, 5, 6.87
1747811012, 5, 539, 1118, 1095, 6, 6.67%, 0, 260, 5, 8.16
1747811017, 5, 540, 1118, 1095, 6, 6.67%, 0, 260, 5, 10.29
1747811022, 5, 541, 1118, 1095, 6, 6.67%, 0, 260, 5, 10.12
1747811027, 5, 542, 1118, 1095, 6, 6.67%, 0, 260, 5, 10.09
1747811032, 5, 543, 1118, 1095, 6, 6.67%, 0, 260, 5, 11.28
1747811042, 5, 544, 1118, 1095, 6, 6.67%, 0, 260, 5, 8.06
1747811047, 5, 545, 1118, 1095, 6, 6.67%, 0, 260, 5, 9.43
1747811053, 5, 546, 1118, 1095, 6, 6.67%, 0, 260, 5, 9.64
1747811058, 5, 547, 1118, 1095, 6, 6.67%, 0, 260, 5, 9.45
1747811063, 5, 548, 1118, 1095, 6, 6.67%, 0, 260, 5, 12.71
1747811068, 5, 549, 1118, 1095, 6, 6.67%, 0, 260, 5, 1.00
1747811074, 5, 550, 1118, 1095, 6, 6.67%, 0, 260, 5, 13.64
1747811079, 5, 551, 1118, 1095, 6, 6.67%, 0, 261, 5, 13.05
1747811084, 5, 552, 1118, 1095, 6, 6.67%, 0, 261, 5, 11.16
1747811095, 5, 553, 1118, 1095, 6, 6.67%, 0, 261, 5, 6.88
1747811100, 5, 554, 1118, 1095, 6, 6.67%, 0, 261, 5, 15.85
1747811105, 5, 555, 1118, 1095, 6, 6.67%, 0, 261, 5, 17.94
1747811110, 5, 557, 1118, 1095, 6, 6.67%, 0, 261, 5, 13.75
1747811115, 5, 558, 1118, 1095, 6, 6.67%, 0, 261, 5, 10.64
1747811120, 5, 561, 1118, 1095, 6, 6.67%, 0, 261, 5, 10.14
1747811126, 5, 562, 1118, 1095, 6, 6.67%, 0, 261, 5, 10.60
1747811131, 5, 563, 1118, 1095, 6, 6.67%, 0, 261, 5, 9.93
1747811136, 5, 564, 1118, 1095, 6, 6.67%, 0, 261, 5, 8.23
1747811146, 5, 565, 1118, 1095, 6, 6.67%, 0, 261, 5, 7.52
1747811151, 5, 566, 1118, 1095, 6, 6.67%, 0, 261, 5, 10.00
1747811156, 5, 567, 1118, 1095, 6, 6.67%, 0, 261, 5, 11.18
1747811162, 5, 571, 1118, 1095, 6, 6.67%, 0, 261, 5, 8.50
1747811167, 5, 572, 1118, 1095, 6, 6.67%, 0, 261, 5, 9.23
1747811172, 5, 575, 1118, 1095, 6, 6.67%, 0, 261, 5, 10.03
1747811177, 5, 576, 1118, 1095, 6, 6.67%, 0, 261, 5, 7.66
1747811187, 5, 577, 1118, 1095, 6, 6.67%, 0, 261, 5, 10.68
1747811192, 5, 578, 1118, 1095, 6, 6.67%, 0, 261, 5, 10.34
1747811198, 5, 580, 1118, 1095, 6, 6.67%, 0, 261, 5, 9.47
1747811203, 5, 581, 1118, 1095, 6, 6.67%, 0, 261, 5, 9.70
1747811208, 5, 582, 1118, 1095, 6, 6.67%, 0, 262, 5, 9.42
1747811213, 5, 583, 1118, 1095, 6, 6.67%, 0, 262, 5, 8.76
1747811218, 5, 584, 1118, 1095, 6, 6.67%, 0, 262, 5, 9.36
1747811224, 5, 585, 1118, 1095, 6, 6.67%, 0, 262, 5, 9.80
1747811234, 5, 586, 1118, 1095, 6, 6.67%, 0, 262, 5, 8.55
1747811239, 5, 588, 1118, 1095, 6, 6.67%, 0, 262, 5, 9.40
1747811244, 5, 590, 1118, 1095, 6, 6.67%, 0, 262, 5, 10.86
1747811249, 5, 591, 1118, 1095, 6, 6.67%, 0, 262, 5, 9.58
1747811254, 5, 592, 1118, 1095, 6, 6.67%, 0, 262, 5, 10.10
1747811260, 5, 594, 1118, 1095, 6, 6.67%, 0, 262, 5, 11.24
1747811265, 5, 595, 1118, 1095, 6, 6.67%, 0, 262, 5, 10.82
1747811276, 5, 597, 1118, 1095, 6, 6.67%, 0, 263, 5, 11.13
1747811286, 5, 598, 1118, 1095, 6, 6.67%, 0, 263, 5, 11.44
1747811291, 5, 602, 1118, 1095, 6, 6.67%, 0, 263, 5, 11.78
1747811301, 5, 604, 1118, 1095, 6, 6.67%, 0, 263, 5, 11.54
1747811306, 5, 606, 1118, 1095, 6, 6.67%, 0, 263, 5, 11.95
1747811312, 5, 607, 1118, 1095, 6, 6.67%, 0, 263, 5, 1.89
1747811317, 5, 608, 1118, 1095, 6, 6.67%, 0, 263, 5, 8.83
1747811322, 5, 609, 1118, 1095, 6, 6.67%, 0, 263, 5, 8.96
1747811327, 5, 611, 1118, 1095, 6, 6.67%, 0, 263, 5, 10.01
1747811332, 5, 612, 1118, 1095, 6, 6.67%, 0, 263, 5, 10.70
1747811337, 5, 613, 1118, 1095, 6, 6.67%, 0, 263, 5, 11.76
1747811343, 5, 614, 1118, 1095, 6, 6.67%, 0, 263, 5, 11.88
1747811348, 5, 615, 1118, 1095, 6, 6.67%, 0, 263, 5, 11.51
1747811353, 5, 616, 1118, 1095, 6, 6.67%, 0, 263, 5, 10.32
1747811358, 5, 617, 1118, 1095, 6, 6.67%, 0, 263, 5, 12.33
1747811363, 5, 618, 1118, 1095, 6, 6.67%, 0, 263, 5, 11.63
1747811369, 5, 620, 1118, 1095, 6, 6.67%, 0, 263, 5, 13.58
1747811374, 5, 621, 1119, 1096, 6, 6.67%, 0, 263, 5, 7.85
1747811389, 5, 622, 1119, 1096, 6, 6.67%, 0, 263, 5, 13.11
1747811394, 5, 623, 1119, 1096, 6, 6.67%, 0, 263, 5, 10.61
1747811400, 5, 625, 1119, 1096, 6, 6.67%, 0, 263, 5, 10.79
1747811405, 5, 627, 1119, 1096, 6, 6.67%, 0, 263, 5, 12.71
1747811415, 5, 628, 1119, 1096, 6, 6.67%, 0, 263, 5, 9.13
1747811421, 5, 630, 1119, 1096, 6, 6.67%, 0, 263, 5, 11.60
1747811426, 5, 631, 1119, 1096, 6, 6.67%, 0, 263, 5, 12.07
1747811431, 5, 632, 1119, 1096, 6, 6.67%, 0, 263, 5, 11.04
1747811436, 5, 633, 1119, 1096, 6, 6.67%, 0, 263, 5, 10.89
1747811441, 5, 634, 1119, 1096, 6, 6.67%, 0, 263, 5, 10.65
1747811446, 5, 635, 1119, 1096, 6, 6.67%, 0, 263, 5, 10.88
1747811451, 5, 636, 1119, 1096, 6, 6.67%, 0, 263, 5, 3.02
1747811462, 5, 637, 1119, 1096, 6, 6.67%, 0, 263, 5, 9.33
1747811467, 5, 638, 1119, 1096, 6, 6.67%, 0, 263, 5, 17.94
1747811472, 5, 640, 1119, 1096, 6, 6.67%, 0, 263, 5, 10.17
1747811477, 5, 641, 1119, 1096, 6, 6.67%, 0, 263, 5, 13.03
1747811482, 5, 642, 1119, 1096, 6, 6.67%, 0, 263, 5, 12.25
1747811487, 5, 643, 1119, 1096, 6, 6.67%, 0, 263, 5, 10.29
1747811492, 5, 644, 1119, 1096, 6, 6.67%, 0, 263, 5, 13.15
1747811497, 5, 646, 1119, 1096, 6, 6.67%, 0, 263, 5, 12.05
1747811503, 5, 647, 1119, 1096, 6, 6.67%, 0, 263, 5, 11.36
1747811508, 5, 648, 1119, 1096, 6, 6.67%, 0, 263, 5, 12.20
1747811513, 5, 649, 1119, 1096, 6, 6.67%, 0, 263, 5, 11.99
1747811518, 5, 651, 1119, 1096, 6, 6.67%, 0, 263, 5, 11.97
1747811523, 5, 652, 1119, 1096, 6, 6.67%, 0, 263, 5, 9.18
1747811528, 5, 653, 1119, 1096, 6, 6.67%, 0, 263, 5, 12.66
1747811533, 5, 657, 1119, 1096, 6, 6.67%, 0, 263, 5, 12.05
1747811538, 5, 659, 1119, 1096, 6, 6.67%, 0, 263, 5, 10.91
1747811543, 5, 660, 1119, 1096, 6, 6.67%, 0, 263, 5, 9.73
1747811549, 5, 661, 1119, 1096, 6, 6.67%, 0, 263, 5, 7.34
1747811554, 5, 662, 1119, 1096, 6, 6.67%, 0, 263, 5, 9.15
1747811559, 5, 665, 1119, 1096, 6, 6.67%, 0, 263, 5, 10.11
1747811570, 5, 667, 1119, 1096, 6, 6.67%, 0, 263, 5, 11.87
1747811575, 5, 669, 1119, 1096, 6, 6.67%, 0, 263, 5, 9.88
1747811580, 5, 670, 1119, 1096, 6, 6.67%, 0, 263, 5, 8.32
1747811590, 5, 673, 1119, 1096, 6, 6.67%, 0, 263, 5, 11.07
1747811600, 5, 674, 1119, 1096, 6, 6.67%, 0, 263, 5, 7.42
1747811606, 5, 675, 1119, 1096, 6, 6.67%, 0, 263, 5, 7.41
1747811611, 5, 676, 1119, 1096, 6, 6.67%, 0, 263, 5, 9.46
1747811616, 5, 677, 1119, 1096, 6, 6.67%, 0, 263, 5, 1.39
1747811627, 5, 678, 1119, 1096, 6, 6.67%, 0, 263, 5, 13.53
1747811632, 5, 679, 1119, 1096, 6, 6.67%, 0, 263, 5, 10.42
1747811637, 5, 680, 1119, 1096, 6, 6.67%, 0, 263, 5, 11.13
1747811643, 5, 682, 1119, 1096, 6, 6.67%, 0, 263, 5, 12.34
1747811648, 5, 683, 1119, 1096, 6, 6.67%, 0, 263, 5, 10.21
1747811658, 5, 684, 1119, 1096, 6, 6.67%, 0, 263, 5, 9.16
1747811664, 5, 685, 1119, 1096, 6, 6.67%, 0, 263, 5, 1.00
1747811669, 5, 686, 1119, 1096, 6, 6.67%, 0, 263, 5, 9.18
1747811674, 5, 687, 1119, 1096, 6, 6.67%, 0, 263, 5, 9.11
1747811679, 5, 688, 1119, 1096, 6, 6.67%, 0, 263, 5, 9.17
1747811684, 5, 689, 1119, 1096, 6, 6.67%, 0, 263, 5, 9.01
1747811689, 5, 690, 1119, 1096, 6, 6.67%, 0, 263, 5, 9.63
1747811695, 5, 691, 1119, 1096, 6, 6.67%, 0, 263, 5, 8.44
1747811700, 5, 692, 1119, 1096, 6, 6.67%, 0, 263, 5, 10.60
1747811705, 5, 695, 1119, 1096, 6, 6.67%, 0, 263, 5, 9.32
1747811715, 5, 696, 1119, 1096, 6, 6.67%, 0, 263, 5, 9.74
1747811720, 5, 697, 1119, 1096, 6, 6.67%, 0, 263, 5, 8.69
1747811726, 5, 698, 1119, 1096, 6, 6.67%, 0, 263, 5, 10.42
1747811731, 5, 700, 1119, 1096, 6, 6.67%, 0, 263, 5, 13.21
1747811736, 5, 703, 1119, 1096, 6, 6.67%, 0, 263, 5, 13.00
1747811741, 5, 705, 1119, 1096, 6, 6.67%, 0, 263, 5, 12.69
1747811746, 5, 706, 1119, 1096, 6, 6.67%, 0, 263, 5, 10.30
1747811751, 5, 707, 1119, 1096, 6, 6.67%, 0, 263, 5, 8.70
1747811757, 5, 709, 1119, 1096, 6, 6.67%, 0, 263, 5, 9.05
1747811767, 5, 710, 1119, 1096, 6, 6.67%, 0, 263, 5, 9.83
1747811772, 5, 711, 1119, 1096, 6, 6.67%, 0, 263, 5, 10.41
1747811777, 5, 713, 1119, 1096, 6, 6.67%, 0, 263, 5, 10.01
1747811782, 5, 714, 1119, 1096, 6, 6.67%, 0, 263, 5, 10.92
1747811787, 5, 715, 1119, 1096, 6, 6.67%, 0, 263, 5, 11.79
1747811793, 5, 716, 1119, 1096, 6, 6.67%, 0, 263, 5, 9.46
1747811798, 5, 717, 1119, 1096, 6, 6.67%, 0, 263, 5, 10.57
1747811803, 5, 718, 1119, 1096, 6, 6.67%, 0, 263, 5, 3.00
1747811813, 5, 720, 1119, 1096, 6, 6.67%, 0, 263, 5, 10.03
1747811818, 5, 721, 1119, 1096, 6, 6.67%, 0, 263, 5, 11.11
1747811823, 5, 724, 1119, 1096, 6, 6.67%, 0, 263, 5, 9.78
1747811834, 5, 727, 1119, 1096, 6, 6.67%, 0, 263, 5, 11.04
1747811844, 5, 728, 1119, 1096, 6, 6.67%, 0, 263, 5, 8.77
1747811849, 5, 729, 1119, 1096, 6, 6.67%, 0, 263, 5, 8.89
1747811854, 5, 730, 1119, 1096, 6, 6.67%, 0, 263, 5, 8.91
1747811860, 5, 731, 1119, 1096, 6, 6.67%, 0, 263, 5, 10.57
1747811865, 5, 732, 1119, 1096, 6, 6.67%, 0, 263, 5, 17.02
1747811870, 5, 734, 1119, 1096, 6, 6.67%, 0, 263, 5, 14.29
1747811875, 5, 736, 1119, 1096, 6, 6.67%, 0, 263, 5, 13.54
1747811880, 5, 737, 1119, 1096, 6, 6.67%, 0, 263, 5, 13.44
1747811886, 5, 738, 1119, 1096, 6, 6.67%, 0, 263, 5, 11.25
1747811891, 5, 739, 1119, 1096, 6, 6.67%, 0, 263, 5, 1.00
1747811901, 5, 742, 1119, 1096, 6, 6.67%, 0, 263, 5, 11.86
1747811911, 5, 743, 1119, 1096, 6, 6.67%, 0, 263, 5, 4.89
1747811917, 5, 744, 1119, 1096, 6, 6.67%, 0, 263, 5, 2.48
1747811922, 5, 746, 1119, 1096, 6, 6.67%, 0, 263, 5, 12.95
1747811927, 5, 747, 1119, 1096, 6, 6.67%, 0, 263, 5, 12.07
1747811932, 5, 748, 1119, 1096, 6, 6.67%, 0, 263, 5, 10.25
1747811937, 5, 750, 1119, 1096, 6, 6.67%, 0, 263, 5, 10.63
1747811942, 5, 752, 1119, 1096, 6, 6.67%, 0, 263, 5, 10.19
1747811948, 5, 753, 1119, 1096, 6, 6.67%, 0, 263, 5, 10.00
1747811953, 5, 755, 1119, 1096, 6, 6.67%, 0, 263, 5, 10.78
1747811958, 5, 756, 1119, 1096, 6, 6.67%, 0, 263, 5, 11.50
1747811963, 5, 758, 1119, 1096, 6, 6.67%, 0, 263, 5, 9.77
1747811968, 5, 759, 1119, 1096, 6, 6.67%, 0, 263, 5, 8.94
1747811979, 5, 761, 1119, 1096, 6, 6.67%, 0, 263, 5, 11.21
1747811989, 5, 762, 1119, 1096, 6, 6.67%, 0, 263, 5, 5.67
1747811994, 5, 763, 1119, 1096, 6, 6.67%, 0, 263, 5, 8.08
1747811999, 5, 764, 1119, 1096, 6, 6.67%, 0, 263, 5, 8.07
1747812004, 5, 765, 1119, 1096, 6, 6.67%, 0, 263, 5, 9.00
1747812009, 5, 767, 1119, 1096, 6, 6.67%, 0, 263, 5, 10.36
1747812014, 5, 768, 1119, 1096, 6, 6.67%, 0, 263, 5, 10.30
1747812025, 5, 769, 1119, 1096, 6, 6.67%, 0, 263, 5, 10.27
1747812030, 5, 770, 1119, 1096, 6, 6.67%, 0, 263, 5, 10.05
1747812035, 5, 772, 1119, 1096, 6, 6.67%, 0, 263, 5, 8.98
1747812040, 5, 773, 1119, 1096, 6, 6.67%, 0, 263, 5, 9.51
1747812046, 5, 774, 1119, 1096, 6, 6.67%, 0, 263, 5, 9.30
1747812051, 5, 777, 1119, 1096, 6, 6.67%, 0, 263, 5, 10.10
1747812056, 5, 778, 1119, 1096, 6, 6.67%, 0, 263, 5, 10.95
1747812061, 5, 779, 1119, 1096, 6, 6.67%, 0, 263, 5, 11.09
1747812066, 5, 780, 1119, 1096, 6, 6.67%, 0, 263, 5, 9.73
1747812071, 5, 782, 1119, 1096, 6, 6.67%, 0, 263, 5, 10.59
1747812076, 5, 783, 1119, 1096, 6, 6.67%, 0, 263, 5, 15.05
1747812082, 5, 784, 1119, 1096, 6, 6.67%, 0, 263, 5, 12.31
1747812087, 5, 785, 1119, 1096, 6, 6.67%, 0, 263, 5, 11.48
1747812092, 5, 787, 1119, 1096, 6, 6.67%, 0, 263, 5, 11.21
1747812097, 5, 788, 1119, 1096, 6, 6.67%, 0, 263, 5, 12.36
1747812102, 5, 789, 1119, 1096, 6, 6.67%, 0, 263, 5, 18.10
1747812107, 5, 790, 1119, 1096, 6, 6.67%, 0, 263, 5, 13.22
1747812112, 5, 791, 1119, 1096, 6, 6.67%, 0, 263, 5, 10.93
1747812118, 5, 792, 1119, 1096, 6, 6.67%, 0, 263, 5, 11.48
1747812123, 5, 793, 1119, 1096, 6, 6.67%, 0, 263, 5, 10.92
1747812128, 5, 794, 1119, 1096, 6, 6.67%, 0, 263, 5, 9.43
1747812138, 5, 796, 1119, 1096, 6, 6.67%, 0, 263, 5, 7.54
1747812143, 5, 797, 1119, 1096, 6, 6.67%, 0, 263, 5, 8.69
1747812148, 5, 798, 1119, 1096, 6, 6.67%, 0, 263, 5, 11.54
1747812153, 5, 799, 1119, 1096, 6, 6.67%, 0, 263, 5, 11.72
1747812159, 5, 800, 1119, 1096, 6, 6.67%, 0, 263, 5, 10.58
1747812164, 5, 801, 1119, 1096, 6, 6.67%, 0, 263, 5, 10.89
1747812169, 5, 802, 1119, 1096, 6, 6.67%, 0, 263, 5, 9.91
1747812174, 5, 803, 1119, 1096, 6, 6.67%, 0, 263, 5, 8.10
1747812179, 5, 804, 1119, 1096, 6, 6.67%, 0, 263, 5, 10.92
1747812184, 5, 805, 1119, 1096, 6, 6.67%, 0, 263, 5, 8.84
1747812189, 5, 806, 1119, 1096, 6, 6.67%, 0, 263, 5, 7.91
1747812195, 5, 808, 1119, 1096, 6, 6.67%, 0, 263, 5, 8.99
1747812200, 5, 809, 1119, 1096, 6, 6.67%, 0, 263, 5, 11.93
1747812205, 5, 810, 1119, 1096, 6, 6.67%, 0, 263, 5, 14.00
1747812210, 5, 813, 1119, 1096, 6, 6.67%, 0, 263, 5, 18.26
1747812215, 5, 816, 1119, 1096, 6, 6.67%, 0, 263, 5, 11.62
1747812220, 5, 818, 1119, 1096, 6, 6.67%, 0, 263, 5, 13.86
1747812225, 5, 819, 1119, 1096, 6, 6.67%, 0, 263, 5, 11.19
1747812230, 5, 820, 1119, 1096, 6, 6.67%, 0, 263, 5, 10.61
1747812236, 5, 821, 1119, 1096, 6, 6.67%, 0, 263, 5, 11.21
1747812241, 5, 822, 1119, 1096, 6, 6.67%, 0, 263, 5, 10.00
1747812246, 5, 823, 1119, 1096, 6, 6.67%, 0, 263, 5, 13.54
1747812252, 5, 825, 1119, 1096, 6, 6.67%, 0, 263, 5, 13.51
1747812257, 5, 826, 1119, 1096, 6, 6.67%, 0, 263, 5, 2.95
1747812262, 5, 829, 1119, 1096, 6, 6.67%, 0, 263, 5, 13.04
1747812267, 5, 831, 1119, 1096, 6, 6.67%, 0, 263, 5, 11.87
1747812272, 5, 832, 1119, 1096, 6, 6.67%, 0, 263, 5, 12.37
1747812277, 5, 833, 1119, 1096, 6, 6.67%, 0, 263, 5, 14.50
1747812282, 5, 836, 1119, 1096, 6, 6.67%, 0, 263, 5, 12.47
1747812293, 5, 839, 1119, 1096, 6, 6.67%, 0, 263, 5, 9.63
1747812298, 5, 840, 1119, 1096, 6, 6.67%, 0, 263, 5, 9.78
1747812303, 5, 841, 1119, 1096, 6, 6.67%, 0, 263, 5, 10.74
1747812308, 5, 842, 1119, 1096, 6, 6.67%, 0, 263, 5, 8.63
1747812313, 5, 843, 1119, 1096, 6, 6.67%, 0, 263, 5, 9.99
1747812318, 5, 846, 1119, 1096, 6, 6.67%, 0, 263, 5, 29.41
1747812323, 5, 847, 1119, 1096, 6, 6.67%, 0, 263, 5, 13.55
1747812334, 5, 849, 1119, 1096, 6, 6.67%, 0, 263, 5, 11.51
1747812339, 5, 850, 1119, 1096, 6, 6.67%, 0, 263, 5, 10.46
1747812349, 5, 851, 1119, 1096, 6, 6.67%, 0, 263, 5, 9.59
1747812354, 5, 852, 1119, 1096, 6, 6.67%, 0, 263, 5, 10.93
1747812360, 5, 854, 1119, 1096, 6, 6.67%, 0, 263, 5, 13.56
1747812365, 5, 858, 1119, 1096, 6, 6.67%, 0, 263, 5, 9.35
1747812375, 5, 859, 1119, 1096, 6, 6.67%, 0, 263, 5, 9.23
1747813108, 5, 860, 1119, 1095, 5, 6.67%, 0, 263, 5, 10.65
1747813113, 5, 861, 1119, 1095, 5, 6.67%, 0, 263, 5, 9.16
1747813119, 5, 863, 1119, 1095, 5, 6.67%, 0, 263, 5, 9.49
1747813124, 5, 864, 1119, 1095, 5, 6.67%, 0, 263, 5, 8.80
1747813129, 5, 865, 1119, 1095, 5, 6.67%, 0, 263, 5, 10.81
1747813134, 5, 866, 1119, 1095, 5, 6.67%, 0, 263, 5, 10.62
1747813139, 5, 867, 1119, 1095, 5, 6.67%, 0, 263, 5, 9.71
1747813145, 5, 869, 1119, 1095, 5, 6.67%, 0, 263, 5, 8.16
1747813150, 5, 870, 1119, 1095, 5, 6.67%, 0, 263, 5, 9.82
1747813155, 5, 871, 1119, 1095, 5, 6.67%, 0, 263, 5, 10.82
1747813160, 5, 872, 1119, 1095, 5, 6.67%, 0, 263, 5, 10.24
1747813165, 5, 874, 1119, 1095, 5, 6.67%, 0, 264, 5, 9.37
1747813170, 5, 875, 1119, 1095, 5, 6.67%, 0, 264, 5, 10.61
1747813175, 5, 876, 1119, 1095, 5, 6.67%, 0, 264, 5, 10.73
1747813180, 5, 877, 1119, 1095, 5, 6.67%, 0, 264, 5, 10.64
1747813186, 5, 878, 1119, 1095, 5, 6.67%, 0, 264, 5, 9.95
1747813191, 5, 879, 1119, 1095, 5, 6.67%, 0, 264, 5, 10.87
1747813196, 5, 880, 1119, 1095, 5, 6.67%, 0, 264, 5, 6.25
1747813201, 5, 882, 1119, 1095, 5, 6.67%, 0, 264, 5, 8.43
1747813206, 5, 883, 1119, 1095, 5, 6.67%, 0, 264, 5, 10.51
1747813211, 5, 884, 1119, 1095, 5, 6.67%, 0, 264, 5, 11.45
1747813216, 5, 885, 1119, 1095, 5, 6.67%, 0, 264, 5, 11.32
1747813221, 5, 886, 1119, 1095, 5, 6.67%, 0, 264, 5, 9.73
1747813233, 5, 890, 1119, 1095, 5, 6.67%, 0, 264, 5, 1.00
1747813238, 5, 893, 1119, 1095, 5, 6.67%, 0, 265, 5, 1.95
1747813243, 5, 894, 1119, 1095, 5, 6.67%, 0, 265, 5, 11.45
1747813248, 5, 896, 1119, 1095, 5, 6.67%, 0, 265, 5, 11.06
1747813253, 5, 897, 1119, 1095, 5, 6.67%, 0, 265, 5, 9.27
1747813263, 5, 900, 1119, 1095, 5, 6.67%, 0, 265, 5, 10.05
1747813268, 5, 901, 1119, 1095, 5, 6.67%, 0, 265, 5, 9.90
1747813273, 5, 902, 1119, 1095, 5, 6.67%, 0, 265, 5, 10.02
1747813279, 5, 903, 1119, 1095, 5, 6.67%, 0, 265, 5, 11.78
1747813284, 5, 905, 1119, 1095, 5, 6.67%, 0, 265, 5, 14.17
1747813289, 5, 906, 1119, 1095, 5, 6.67%, 0, 265, 5, 11.92
1747813294, 5, 907, 1119, 1095, 5, 6.67%, 0, 265, 5, 10.44
1747813299, 5, 909, 1119, 1095, 5, 6.67%, 0, 265, 5, 10.37
1747813304, 5, 910, 1119, 1095, 5, 6.67%, 0, 265, 5, 11.66
1747813310, 5, 912, 1119, 1095, 5, 6.67%, 0, 265, 5, 12.93
1747813315, 5, 914, 1119, 1095, 5, 6.67%, 0, 265, 5, 9.11
1747813320, 5, 915, 1119, 1095, 5, 6.67%, 0, 265, 5, 8.70
1747813325, 5, 917, 1119, 1095, 5, 6.67%, 0, 265, 5, 9.51
1747813330, 5, 920, 1119, 1095, 5, 6.67%, 0, 265, 5, 6.14
1747813340, 5, 921, 1119, 1095, 5, 6.67%, 0, 265, 5, 9.62
1747813345, 5, 924, 1119, 1095, 5, 6.67%, 0, 265, 5, 11.42
1747813356, 5, 927, 1119, 1095, 5, 6.67%, 0, 265, 5, 10.14
1747813361, 5, 929, 1119, 1095, 5, 6.67%, 0, 265, 5, 9.80
1747813366, 5, 930, 1119, 1095, 5, 6.67%, 0, 265, 5, 10.56
1747813371, 5, 932, 1119, 1095, 5, 6.67%, 0, 265, 5, 10.43
1747813377, 5, 933, 1119, 1095, 5, 6.67%, 0, 265, 5, 10.57
1747813382, 5, 934, 1119, 1095, 5, 6.67%, 0, 265, 5, 9.09
1747813387, 5, 935, 1119, 1095, 5, 6.67%, 0, 265, 5, 10.88
1747813392, 5, 937, 1119, 1095, 5, 6.67%, 0, 265, 5, 12.00
1747813397, 5, 938, 1119, 1095, 5, 6.67%, 0, 265, 5, 5.47
1747813402, 5, 940, 1119, 1095, 5, 6.67%, 0, 265, 5, 8.86
1747813407, 5, 942, 1119, 1095, 5, 6.67%, 0, 265, 5, 9.27
1747813413, 5, 943, 1119, 1095, 5, 6.67%, 0, 265, 5, 1.93
1747813418, 5, 944, 1119, 1095, 5, 6.67%, 0, 265, 5, 6.28
1747813423, 5, 945, 1119, 1095, 5, 6.67%, 0, 265, 5, 9.50
1747813428, 5, 946, 1119, 1095, 5, 6.67%, 0, 265, 5, 10.36
1747813433, 5, 947, 1119, 1095, 5, 6.67%, 0, 265, 5, 11.54
1747813438, 5, 948, 1119, 1095, 5, 6.67%, 0, 265, 5, 11.41
1747813444, 5, 950, 1119, 1095, 5, 6.67%, 0, 265, 5, 7.63
1747813449, 5, 952, 1119, 1095, 5, 6.67%, 0, 265, 5, 8.55
1747813454, 5, 953, 1119, 1095, 5, 6.67%, 0, 265, 5, 8.43
1747813464, 5, 954, 1119, 1095, 5, 6.67%, 0, 265, 5, 7.39
1747813469, 5, 955, 1119, 1095, 5, 6.67%, 0, 265, 5, 8.96
1747813474, 5, 956, 1119, 1095, 5, 6.67%, 0, 266, 5, 1.00
1747813479, 5, 957, 1119, 1095, 5, 6.67%, 0, 266, 5, 12.08
1747813484, 5, 958, 1119, 1095, 5, 6.67%, 0, 266, 5, 10.87
1747813490, 5, 959, 1119, 1095, 5, 6.67%, 0, 266, 5, 11.52
1747813495, 5, 960, 1119, 1095, 5, 6.67%, 0, 266, 5, 18.20
1747813500, 5, 961, 1119, 1095, 5, 6.67%, 0, 266, 5, 10.60
1747813505, 5, 962, 1119, 1095, 5, 6.67%, 0, 266, 5, 10.39
1747813510, 5, 963, 1119, 1095, 5, 6.67%, 0, 266, 5, 9.12
1747813515, 5, 965, 1119, 1095, 5, 6.67%, 0, 266, 5, 9.15
1747813520, 5, 967, 1119, 1095, 5, 6.67%, 0, 266, 5, 15.54
1747813525, 5, 968, 1119, 1095, 5, 6.67%, 0, 266, 5, 11.70
1747813530, 5, 969, 1119, 1095, 5, 6.67%, 0, 266, 5, 12.54
1747813541, 5, 970, 1119, 1095, 5, 6.67%, 0, 266, 5, 9.53
1747813546, 5, 971, 1119, 1095, 5, 6.67%, 0, 266, 5, 10.08
1747813551, 5, 972, 1119, 1095, 5, 6.67%, 0, 266, 5, 8.60
1747813557, 5, 973, 1119, 1095, 5, 6.67%, 0, 266, 5, 10.78
1747813562, 5, 974, 1119, 1095, 5, 6.67%, 0, 266, 5, 10.37
1747813567, 5, 975, 1119, 1095, 5, 6.67%, 0, 266, 5, 9.74
1747813572, 5, 976, 1119, 1095, 5, 6.67%, 0, 266, 5, 12.50
1747813577, 5, 977, 1119, 1095, 5, 6.67%, 0, 266, 5, 12.44
1747813582, 5, 979, 1119, 1095, 5, 6.67%, 0, 266, 5, 10.51
1747813587, 5, 980, 1119, 1095, 5, 6.67%, 0, 266, 5, 9.62
1747813593, 5, 981, 1119, 1095, 5, 6.67%, 0, 266, 5, 9.22
1747813603, 5, 984, 1119, 1095, 5, 6.67%, 0, 266, 5, 8.89
1747813608, 5, 985, 1119, 1095, 5, 6.67%, 0, 266, 5, 10.29
1747813619, 5, 986, 1119, 1095, 5, 6.67%, 0, 266, 5, 9.65
1747813624, 5, 987, 1119, 1095, 5, 6.67%, 0, 266, 5, 10.31
1747813629, 5, 991, 1119, 1095, 5, 6.67%, 0, 266, 5, 8.99
1747813635, 5, 992, 1119, 1095, 5, 6.67%, 0, 266, 5, 12.30
1747813640, 5, 993, 1119, 1095, 5, 6.67%, 0, 266, 5, 10.18
1747813645, 5, 995, 1119, 1095, 5, 6.67%, 0, 266, 5, 6.67
1747813650, 5, 996, 1119, 1095, 5, 6.67%, 0, 266, 5, 10.21
1747813655, 5, 997, 1119, 1095, 5, 6.67%, 0, 266, 5, 8.60
1747813660, 5, 999, 1119, 1095, 5, 6.67%, 0, 266, 5, 8.72
1747813665, 5, 1000, 1119, 1095, 5, 6.67%, 0, 266, 5, 9.06
1747813670, 5, 1001, 1119, 1095, 5, 6.67%, 0, 266, 5, 9.89
1747813676, 5, 1002, 1119, 1095, 5, 6.67%, 0, 266, 5, 9.91
1747813681, 5, 1003, 1119, 1095, 5, 6.67%, 0, 266, 5, 5.11
1747813691, 5, 1004, 1119, 1095, 5, 6.67%, 0, 266, 5, 9.98
1747813696, 5, 1005, 1119, 1095, 5, 6.67%, 0, 266, 5, 10.07
1747813701, 5, 1006, 1119, 1095, 5, 6.67%, 0, 266, 5, 17.16
1747813707, 5, 1007, 1119, 1095, 5, 6.67%, 0, 266, 5, 5.80
1747813712, 5, 1008, 1119, 1095, 5, 6.67%, 0, 266, 5, 8.67
1747813717, 5, 1009, 1119, 1095, 5, 6.67%, 0, 266, 5, 10.78
1747813722, 5, 1010, 1119, 1095, 5, 6.67%, 0, 266, 5, 27.00
1747813727, 5, 1012, 1119, 1095, 5, 6.67%, 0, 266, 5, 14.00
1747813733, 5, 1013, 1119, 1095, 5, 6.67%, 0, 266, 5, 1.00
1747813738, 5, 1014, 1119, 1095, 5, 6.67%, 0, 266, 5, 9.29
1747813743, 5, 1016, 1119, 1095, 5, 6.67%, 0, 266, 5, 11.08
1747813748, 5, 1017, 1119, 1095, 5, 6.67%, 0, 266, 5, 10.41
1747813753, 5, 1018, 1119, 1095, 5, 6.67%, 0, 266, 5, 1.85
1747813764, 5, 1020, 1119, 1095, 5, 6.67%, 0, 266, 5, 13.61
1747813769, 5, 1021, 1119, 1095, 5, 6.67%, 0, 266, 5, 11.29
1747813774, 5, 1022, 1119, 1095, 5, 6.67%, 0, 266, 5, 10.98
1747813779, 5, 1024, 1119, 1095, 5, 6.67%, 0, 266, 5, 10.75
1747813784, 5, 1025, 1119, 1095, 5, 6.67%, 0, 266, 5, 14.42
1747813789, 5, 1026, 1119, 1095, 5, 6.67%, 0, 266, 5, 28.88
1747813795, 5, 1027, 1119, 1095, 5, 6.67%, 0, 266, 5, 1.00
1747813800, 5, 1028, 1119, 1095, 5, 6.67%, 0, 266, 5, 12.70
1747813805, 5, 1029, 1119, 1095, 5, 6.67%, 0, 266, 5, 9.53
1747813810, 5, 1030, 1119, 1095, 5, 6.67%, 0, 266, 5, 8.94
1747813815, 5, 1032, 1119, 1095, 5, 6.67%, 0, 266, 5, 8.82
1747813821, 5, 1035, 1119, 1095, 5, 6.67%, 0, 266, 5, 15.86
1747813826, 5, 1036, 1119, 1095, 5, 6.67%, 0, 266, 5, 12.12
1747813831, 5, 1037, 1119, 1095, 5, 6.67%, 0, 266, 5, 10.78
1747813836, 5, 1038, 1119, 1095, 5, 6.67%, 0, 266, 5, 10.11
1747813841, 5, 1040, 1119, 1095, 5, 6.67%, 0, 266, 5, 9.77
1747813846, 5, 1041, 1119, 1095, 5, 6.67%, 0, 266, 5, 8.69
1747813857, 5, 1042, 1119, 1095, 5, 6.67%, 0, 266, 5, 9.62
1747813862, 5, 1043, 1119, 1095, 5, 6.67%, 0, 266, 5, 9.08
1747813867, 5, 1044, 1119, 1095, 5, 6.67%, 0, 266, 5, 9.15
1747813872, 5, 1045, 1119, 1095, 5, 6.67%, 0, 266, 5, 9.36
1747813877, 5, 1046, 1119, 1095, 5, 6.67%, 0, 266, 5, 8.22
1747813882, 5, 1047, 1119, 1095, 5, 6.67%, 0, 266, 5, 10.84
1747813887, 5, 1048, 1119, 1095, 5, 6.67%, 0, 266, 5, 8.41
1747813898, 5, 1049, 1119, 1095, 5, 6.67%, 0, 266, 5, 8.64
1747813903, 5, 1050, 1119, 1095, 5, 6.67%, 0, 266, 5, 9.56
1747813908, 5, 1051, 1119, 1095, 5, 6.67%, 0, 266, 5, 9.69
1747813913, 5, 1052, 1119, 1095, 5, 6.67%, 0, 266, 5, 11.71
1747813918, 5, 1053, 1119, 1095, 5, 6.67%, 0, 267, 5, 6.41
1747813923, 5, 1054, 1119, 1095, 5, 6.67%, 0, 267, 5, 9.10
1747813928, 5, 1055, 1119, 1095, 5, 6.67%, 0, 267, 5, 8.04
1747813933, 5, 1056, 1119, 1095, 5, 6.67%, 0, 267, 5, 8.43
1747813944, 5, 1057, 1119, 1095, 5, 6.67%, 0, 267, 5, 8.28
1747813949, 5, 1058, 1119, 1095, 5, 6.67%, 0, 267, 5, 11.26
1747813954, 5, 1059, 1119, 1095, 5, 6.67%, 0, 267, 5, 10.68
1747813959, 5, 1060, 1119, 1095, 5, 6.67%, 0, 267, 5, 8.95
1747813964, 5, 1061, 1119, 1095, 5, 6.67%, 0, 267, 5, 17.62
1747813969, 5, 1064, 1119, 1095, 5, 6.67%, 0, 267, 5, 12.51
1747813974, 5, 1065, 1119, 1095, 5, 6.67%, 0, 267, 5, 11.88
1747813980, 5, 1066, 1119, 1095, 5, 6.67%, 0, 267, 5, 11.75
1747813985, 5, 1067, 1119, 1095, 5, 6.67%, 0, 267, 5, 2.35
1747813995, 5, 1069, 1119, 1095, 5, 6.67%, 0, 267, 5, 10.97
1747814000, 5, 1071, 1119, 1095, 5, 6.67%, 0, 267, 5, 11.41
1747814005, 5, 1072, 1119, 1095, 5, 6.67%, 0, 267, 5, 11.62
1747814016, 5, 1073, 1119, 1095, 5, 6.67%, 0, 267, 5, 9.40
1747814021, 5, 1074, 1119, 1095, 5, 6.67%, 0, 267, 5, 9.13
1747814026, 5, 1076, 1119, 1095, 5, 6.67%, 0, 267, 5, 9.71
1747814031, 5, 1077, 1119, 1095, 5, 6.67%, 0, 267, 5, 10.27
1747814037, 5, 1078, 1119, 1095, 5, 6.67%, 0, 267, 5, 11.29
1747814042, 5, 1079, 1119, 1095, 5, 6.67%, 0, 267, 5, 11.39
1747814047, 5, 1080, 1119, 1095, 5, 6.67%, 0, 267, 5, 1.00
1747814053, 5, 1081, 1119, 1095, 5, 6.67%, 0, 267, 5, 9.17
1747814058, 5, 1082, 1119, 1095, 5, 6.67%, 0, 267, 5, 10.15
1747814063, 5, 1083, 1119, 1095, 5, 6.67%, 0, 267, 5, 11.98
1747814068, 5, 1084, 1119, 1095, 5, 6.67%, 0, 267, 5, 11.09
1747814073, 5, 1085, 1119, 1095, 5, 6.67%, 0, 267, 5, 9.63
1747814078, 5, 1086, 1119, 1095, 5, 6.67%, 0, 267, 5, 10.80
1747814083, 5, 1087, 1119, 1095, 5, 6.67%, 0, 267, 5, 12.04
1747814088, 5, 1089, 1119, 1095, 5, 6.67%, 0, 267, 5, 9.93
1747814094, 5, 1090, 1119, 1095, 5, 6.67%, 0, 267, 5, 1.00
1747814100, 5, 1091, 1119, 1095, 5, 6.67%, 0, 267, 5, 11.04
1747814105, 5, 1095, 1119, 1095, 5, 6.67%, 0, 267, 5, 11.10
1747814115, 5, 1096, 1119, 1095, 5, 6.67%, 0, 267, 5, 10.35
1747814120, 5, 1097, 1119, 1095, 5, 6.67%, 0, 267, 5, 9.54
1747814125, 5, 1098, 1119, 1095, 5, 6.67%, 0, 267, 5, 8.28
1747814130, 5, 1100, 1119, 1095, 5, 6.67%, 0, 267, 5, 9.55
1747814135, 5, 1101, 1119, 1095, 5, 6.67%, 0, 267, 5, 28.77
1747814140, 5, 1103, 1119, 1095, 5, 6.67%, 0, 267, 5, 5.75
1747814145, 5, 1105, 1119, 1095, 5, 6.67%, 0, 267, 5, 10.72
1747814151, 5, 1107, 1119, 1095, 5, 6.67%, 0, 267, 5, 12.41
1747814156, 5, 1108, 1119, 1095, 5, 6.67%, 0, 267, 5, 17.14
1747814161, 5, 1109, 1119, 1095, 5, 6.67%, 0, 267, 5, 15.84
1747814166, 5, 1110, 1119, 1095, 5, 6.67%, 0, 267, 5, 12.38
1747814171, 5, 1111, 1119, 1095, 5, 6.67%, 0, 267, 5, 11.28
1747814177, 5, 1113, 1119, 1095, 5, 6.67%, 0, 267, 5, 12.33
1747814182, 5, 1115, 1119, 1095, 5, 6.67%, 0, 267, 5, 11.66
1747814187, 5, 1116, 1119, 1095, 5, 6.67%, 0, 267, 5, 11.36
1747814197, 5, 1117, 1119, 1095, 5, 6.67%, 0, 267, 5, 15.89
1747814202, 5, 1118, 1119, 1095, 5, 6.67%, 0, 267, 5, 6.46
1747814208, 6, 0, 1119, 1095, 5, 6.67%, 0, 267, 5, 1.00
1747814213, 6, 3, 1119, 1095, 5, 6.67%, 0, 267, 5, 7.85
1747814218, 6, 4, 1119, 1095, 5, 6.67%, 0, 267, 5, 10.10
1747814223, 6, 6, 1119, 1095, 5, 6.67%, 0, 267, 5, 9.13
1747814234, 6, 7, 1119, 1095, 5, 6.67%, 0, 267, 5, 3.22
1747814239, 6, 8, 1119, 1095, 5, 6.67%, 0, 267, 5, 8.71
1747814244, 6, 9, 1119, 1095, 5, 6.67%, 0, 267, 5, 10.71
1747814249, 6, 10, 1119, 1095, 5, 6.67%, 0, 267, 5, 9.51
1747814254, 6, 12, 1119, 1095, 5, 6.67%, 0, 267, 5, 11.35
1747814260, 6, 13, 1119, 1095, 5, 6.67%, 0, 267, 5, 3.02
1747814270, 6, 14, 1119, 1095, 5, 6.67%, 0, 268, 5, 1.78
1747814276, 6, 15, 1119, 1095, 5, 6.67%, 0, 268, 5, 10.51
1747814281, 6, 16, 1119, 1095, 5, 6.67%, 0, 268, 5, 5.28
1747814286, 6, 17, 1119, 1095, 5, 6.67%, 0, 268, 5, 8.97
1747814291, 6, 18, 1119, 1095, 5, 6.67%, 0, 268, 5, 10.93
1747814296, 6, 19, 1119, 1095, 5, 6.67%, 0, 268, 5, 12.05
1747814301, 6, 21, 1119, 1095, 5, 6.67%, 0, 268, 5, 12.70
1747814307, 6, 23, 1119, 1095, 5, 6.67%, 0, 268, 5, 11.36
1747814317, 6, 26, 1119, 1095, 5, 6.67%, 0, 268, 5, 11.15
1747814322, 6, 27, 1119, 1095, 5, 6.67%, 0, 268, 5, 10.96
1747814327, 6, 28, 1119, 1095, 5, 6.67%, 0, 268, 5, 11.50
1747814332, 6, 29, 1119, 1095, 5, 6.67%, 0, 268, 5, 11.41
1747814337, 6, 31, 1119, 1095, 5, 6.67%, 0, 268, 5, 9.72
1747814343, 6, 32, 1119, 1095, 5, 6.67%, 0, 268, 5, 8.43
1747814353, 6, 34, 1119, 1095, 5, 6.67%, 0, 268, 5, 11.18
1747814358, 6, 36, 1119, 1095, 5, 6.67%, 0, 268, 5, 10.69
1747814369, 6, 37, 1119, 1095, 5, 6.67%, 0, 268, 5, 7.92
1747814374, 6, 38, 1119, 1095, 5, 6.67%, 0, 268, 5, 7.92
1747814385, 6, 41, 1119, 1095, 5, 6.67%, 0, 268, 5, 10.33
1747814390, 6, 42, 1119, 1095, 5, 6.67%, 0, 268, 5, 10.41
1747814400, 6, 45, 1119, 1095, 5, 6.67%, 0, 268, 5, 11.06
1747814406, 6, 46, 1119, 1095, 5, 6.67%, 0, 268, 5, 12.08
1747814416, 6, 47, 1119, 1095, 5, 6.67%, 0, 268, 5, 1.33
1747814421, 6, 48, 1119, 1095, 5, 6.67%, 0, 268, 5, 8.45
1747814426, 6, 50, 1119, 1095, 5, 6.67%, 0, 268, 5, 8.68
1747814432, 6, 50, 1120, 1096, 5, 6.67%, 0, 268, 5, 1.62
1747814448, 6, 51, 1120, 1096, 5, 6.67%, 0, 268, 5, 8.97
1747814453, 6, 52, 1120, 1096, 5, 6.67%, 0, 268, 5, 10.55
1747814458, 6, 53, 1120, 1096, 5, 6.67%, 0, 268, 5, 1.41
1747814463, 6, 54, 1120, 1096, 5, 6.67%, 0, 268, 5, 9.04
1747814474, 6, 56, 1120, 1096, 5, 6.67%, 0, 268, 5, 11.09
1747814479, 6, 57, 1120, 1096, 5, 6.67%, 0, 268, 5, 11.29
1747814484, 6, 58, 1120, 1096, 5, 6.67%, 0, 268, 5, 10.13
1747814489, 6, 60, 1120, 1096, 5, 6.67%, 0, 268, 5, 17.36
1747814494, 6, 61, 1120, 1096, 5, 6.67%, 0, 268, 5, 11.53
1747814499, 6, 62, 1120, 1096, 5, 6.67%, 0, 268, 5, 2.14
1747814504, 6, 63, 1120, 1096, 5, 6.67%, 0, 268, 5, 7.60
1747814509, 6, 64, 1120, 1096, 5, 6.67%, 0, 268, 5, 8.53
1747814515, 6, 65, 1120, 1096, 5, 6.67%, 0, 268, 5, 10.87
1747814520, 6, 66, 1120, 1096, 5, 6.67%, 0, 268, 5, 11.37
1747814525, 6, 67, 1120, 1096, 5, 6.67%, 0, 268, 5, 12.63
1747814530, 6, 68, 1120, 1096, 5, 6.67%, 0, 268, 5, 11.16
1747814535, 6, 69, 1120, 1096, 5, 6.67%, 0, 268, 5, 14.87
1747814540, 6, 70, 1120, 1096, 5, 6.67%, 0, 268, 5, 11.94
1747814546, 6, 73, 1120, 1096, 5, 6.67%, 0, 268, 5, 1.00
1747814556, 6, 74, 1120, 1096, 5, 6.67%, 0, 268, 5, 8.45
1747814562, 6, 75, 1120, 1096, 5, 6.67%, 0, 268, 5, 11.39
1747814567, 6, 76, 1120, 1096, 5, 6.67%, 0, 268, 5, 12.11
1747814572, 6, 77, 1120, 1096, 5, 6.67%, 0, 268, 5, 12.06
1747814577, 6, 79, 1120, 1096, 5, 6.67%, 0, 268, 5, 10.90
1747814582, 6, 80, 1120, 1096, 5, 6.67%, 0, 268, 5, 9.80
1747814592, 6, 82, 1120, 1096, 5, 6.67%, 0, 268, 5, 11.06
1747814603, 6, 83, 1120, 1096, 5, 6.67%, 0, 268, 5, 11.28
1747814608, 6, 85, 1120, 1096, 5, 6.67%, 0, 268, 5, 13.73
1747814613, 6, 86, 1120, 1096, 5, 6.67%, 0, 268, 5, 13.24
1747814618, 6, 88, 1120, 1096, 5, 6.67%, 0, 268, 5, 11.34
1747814623, 6, 89, 1120, 1096, 5, 6.67%, 0, 268, 5, 10.92
1747814628, 6, 91, 1120, 1096, 5, 6.67%, 0, 268, 5, 10.65
1747814633, 6, 92, 1120, 1096, 5, 6.67%, 0, 268, 5, 9.77
1747814639, 6, 93, 1120, 1096, 5, 6.67%, 0, 268, 5, 10.54
1747814644, 6, 95, 1120, 1096, 5, 6.67%, 0, 268, 5, 10.49
1747814649, 6, 96, 1120, 1096, 5, 6.67%, 0, 268, 5, 11.53
1747814654, 6, 97, 1120, 1096, 5, 6.67%, 0, 268, 5, 10.42
1747814659, 6, 98, 1120, 1096, 5, 6.67%, 0, 268, 5, 10.58
1747814664, 6, 99, 1120, 1096, 5, 6.67%, 0, 268, 5, 10.57
1747814669, 6, 100, 1120, 1096, 5, 6.67%, 0, 268, 5, 11.22
1747814674, 6, 101, 1120, 1096, 5, 6.67%, 0, 268, 5, 8.20
1747814680, 6, 102, 1120, 1096, 5, 6.67%, 0, 268, 5, 7.49
1747814690, 6, 103, 1120, 1096, 5, 6.67%, 0, 268, 5, 9.71
1747814695, 6, 106, 1120, 1096, 5, 6.67%, 0, 268, 5, 11.93
1747814700, 6, 108, 1120, 1096, 5, 6.67%, 0, 268, 5, 9.71
1747814711, 6, 110, 1120, 1096, 5, 6.67%, 0, 268, 5, 7.73
1747814716, 6, 111, 1120, 1096, 5, 6.67%, 0, 268, 5, 10.79
1747814721, 6, 112, 1120, 1096, 5, 6.67%, 0, 268, 5, 9.56
1747814726, 6, 113, 1120, 1096, 5, 6.67%, 0, 268, 5, 9.63
1747814731, 6, 115, 1120, 1096, 5, 6.67%, 0, 268, 5, 10.33
1747814737, 6, 116, 1120, 1096, 5, 6.67%, 0, 268, 5, 9.71
1747814742, 6, 117, 1120, 1096, 5, 6.67%, 0, 268, 5, 8.77
1747814747, 6, 119, 1120, 1096, 5, 6.67%, 0, 268, 5, 10.69
1747814752, 6, 120, 1120, 1096, 5, 6.67%, 0, 268, 5, 9.32
1747814757, 6, 121, 1120, 1096, 5, 6.67%, 0, 268, 5, 11.48
1747814762, 6, 122, 1120, 1096, 5, 6.67%, 0, 268, 5, 10.38
1747814768, 6, 123, 1120, 1096, 5, 6.67%, 0, 268, 5, 12.30
1747814773, 6, 124, 1120, 1096, 5, 6.67%, 0, 268, 5, 8.95
1747814778, 6, 125, 1120, 1096, 5, 6.67%, 0, 268, 5, 8.57
1747814784, 6, 126, 1120, 1096, 5, 6.67%, 0, 268, 5, 11.85
1747814789, 6, 127, 1120, 1096, 5, 6.67%, 0, 268, 5, 11.48
1747814794, 6, 129, 1120, 1096, 5, 6.67%, 0, 268, 5, 12.67
1747814799, 6, 130, 1120, 1096, 5, 6.67%, 0, 268, 5, 12.51
1747814809, 6, 132, 1120, 1096, 5, 6.67%, 0, 268, 5, 17.94
1747814815, 6, 133, 1120, 1096, 5, 6.67%, 0, 268, 5, 14.31
1747814820, 6, 135, 1120, 1096, 5, 6.67%, 0, 268, 5, 13.19
1747814825, 6, 136, 1120, 1096, 5, 6.67%, 0, 268, 5, 5.20
1747814830, 6, 137, 1120, 1096, 5, 6.67%, 0, 268, 5, 11.22
1747814835, 6, 139, 1120, 1096, 5, 6.67%, 0, 269, 5, 10.30
1747814840, 6, 140, 1120, 1096, 5, 6.67%, 0, 269, 5, 11.77
1747814845, 6, 141, 1120, 1096, 5, 6.67%, 0, 269, 5, 9.69
1747814851, 6, 142, 1120, 1096, 5, 6.67%, 0, 269, 5, 10.53
1747814856, 6, 143, 1120, 1096, 5, 6.67%, 0, 269, 5, 10.66
1747814861, 6, 144, 1120, 1096, 5, 6.67%, 0, 269, 5, 11.51
1747814866, 6, 145, 1120, 1096, 5, 6.67%, 0, 270, 5, 10.47
1747814871, 6, 146, 1120, 1096, 5, 6.67%, 0, 270, 5, 10.92
1747814877, 6, 148, 1120, 1096, 5, 6.67%, 0, 270, 5, 12.71
1747814882, 6, 150, 1120, 1096, 5, 6.67%, 0, 270, 5, 12.24
1747814887, 6, 151, 1120, 1096, 5, 6.67%, 0, 270, 5, 8.98
1747814892, 6, 152, 1120, 1096, 5, 6.67%, 0, 270, 5, 8.49
1747814897, 6, 153, 1120, 1096, 5, 6.67%, 0, 270, 5, 7.54
1747814902, 6, 155, 1120, 1096, 5, 6.67%, 0, 270, 5, 9.44
1747814907, 6, 156, 1120, 1096, 5, 6.67%, 0, 270, 5, 9.58
1747814917, 6, 157, 1120, 1096, 5, 6.67%, 0, 270, 5, 9.51
1747814923, 6, 158, 1120, 1096, 5, 6.67%, 0, 270, 5, 9.52
1747814928, 6, 159, 1121, 1097, 5, 6.67%, 0, 270, 5, 7.86
1747814943, 6, 162, 1121, 1097, 5, 6.67%, 0, 270, 5, 12.12
1747814948, 6, 163, 1121, 1097, 5, 6.67%, 0, 270, 5, 10.10
1747814953, 6, 164, 1121, 1097, 5, 6.67%, 0, 270, 5, 9.82
1747814958, 6, 165, 1121, 1097, 5, 6.67%, 0, 270, 5, 10.95
1747814963, 6, 166, 1121, 1097, 5, 6.67%, 0, 270, 5, 10.31
1747814969, 6, 167, 1121, 1097, 5, 6.67%, 0, 270, 5, 9.64
1747814974, 6, 168, 1121, 1097, 5, 6.67%, 0, 270, 5, 10.70
1747814979, 6, 169, 1121, 1097, 5, 6.67%, 0, 270, 5, 9.66
1747814984, 6, 170, 1121, 1097, 5, 6.67%, 0, 270, 5, 9.33
1747814994, 6, 173, 1121, 1097, 5, 6.67%, 0, 270, 5, 12.12
1747814999, 6, 174, 1121, 1097, 5, 6.67%, 0, 270, 5, 10.06
1747815005, 6, 175, 1121, 1097, 5, 6.67%, 0, 270, 5, 11.16
1747815010, 6, 177, 1121, 1097, 5, 6.67%, 0, 270, 5, 10.65
1747815020, 6, 181, 1121, 1097, 5, 6.67%, 0, 270, 5, 12.04
1747815025, 6, 182, 1121, 1097, 5, 6.67%, 0, 270, 5, 10.98
1747815035, 6, 185, 1121, 1097, 5, 6.67%, 0, 270, 5, 8.89
1747815040, 6, 186, 1121, 1097, 5, 6.67%, 0, 270, 5, 8.03
1747815045, 6, 187, 1121, 1097, 5, 6.67%, 0, 270, 5, 8.84
1747815051, 6, 188, 1121, 1097, 5, 6.67%, 0, 270, 5, 10.60
1747815056, 6, 190, 1121, 1097, 5, 6.67%, 0, 270, 5, 10.43
1747815061, 6, 193, 1121, 1097, 5, 6.67%, 0, 270, 5, 9.55
1747815066, 6, 194, 1121, 1097, 5, 6.67%, 0, 270, 5, 11.73
1747815071, 6, 195, 1121, 1097, 5, 6.67%, 0, 270, 5, 27.23
1747815076, 6, 196, 1121, 1097, 5, 6.67%, 0, 270, 5, 9.16
1747815086, 6, 197, 1121, 1097, 5, 6.67%, 0, 270, 5, 9.67
1747815091, 6, 198, 1121, 1097, 5, 6.67%, 0, 270, 5, 9.30
1747815097, 6, 199, 1121, 1097, 5, 6.67%, 0, 270, 5, 1.81
1747815102, 6, 201, 1121, 1097, 5, 6.67%, 0, 270, 5, 12.47
1747815107, 6, 202, 1121, 1097, 5, 6.67%, 0, 270, 5, 13.23
1747815112, 6, 203, 1121, 1097, 5, 6.67%, 0, 270, 5, 10.22
1747815117, 6, 204, 1121, 1097, 5, 6.67%, 0, 270, 5, 11.31
1747815122, 6, 205, 1121, 1097, 5, 6.67%, 0, 270, 5, 11.59
1747815128, 6, 206, 1121, 1097, 5, 6.67%, 0, 270, 5, 11.46
1747815133, 6, 207, 1121, 1097, 5, 6.67%, 0, 270, 5, 9.71
1747815138, 6, 208, 1121, 1097, 5, 6.67%, 0, 270, 5, 13.89
1747815143, 6, 209, 1121, 1097, 5, 6.67%, 0, 270, 5, 11.44
1747815148, 6, 210, 1121, 1097, 5, 6.67%, 0, 270, 5, 9.56
1747815153, 6, 211, 1121, 1097, 5, 6.67%, 0, 270, 5, 12.32
1747815158, 6, 212, 1121, 1097, 5, 6.67%, 0, 270, 5, 9.22
1747815163, 6, 213, 1121, 1097, 5, 6.67%, 0, 270, 5, 10.07
1747815169, 6, 214, 1121, 1097, 5, 6.67%, 0, 270, 5, 11.10
1747815174, 6, 215, 1121, 1097, 5, 6.67%, 0, 270, 5, 12.74
1747815179, 6, 218, 1121, 1097, 5, 6.67%, 0, 270, 5, 11.80
1747815184, 6, 220, 1121, 1097, 5, 6.67%, 0, 270, 5, 11.32
1747815195, 6, 223, 1121, 1097, 5, 6.67%, 0, 270, 5, 12.22
1747815205, 6, 225, 1121, 1097, 5, 6.67%, 0, 270, 5, 10.54
1747815210, 6, 226, 1121, 1097, 5, 6.67%, 0, 270, 5, 11.22
1747815215, 6, 227, 1121, 1097, 5, 6.67%, 0, 270, 5, 8.73
1747815220, 6, 229, 1121, 1097, 5, 6.67%, 0, 270, 5, 11.14
1747815225, 6, 230, 1121, 1097, 5, 6.67%, 0, 270, 5, 11.58
1747815231, 6, 232, 1121, 1097, 5, 6.67%, 0, 270, 5, 11.38
1747815241, 6, 233, 1121, 1097, 5, 6.67%, 0, 270, 5, 12.37
1747815246, 6, 233, 1122, 1098, 5, 6.67%, 0, 270, 5, 1.55
1747815257, 6, 234, 1122, 1098, 5, 6.67%, 0, 270, 5, 8.60
1747815267, 6, 236, 1122, 1098, 5, 6.67%, 0, 270, 5, 17.94
1747815272, 6, 238, 1122, 1098, 5, 6.67%, 0, 270, 5, 14.19
1747815282, 6, 240, 1122, 1098, 5, 6.67%, 0, 270, 5, 11.35
1747815287, 6, 241, 1122, 1098, 5, 6.67%, 0, 270, 5, 12.35
1747815293, 6, 243, 1122, 1098, 5, 6.67%, 0, 270, 5, 11.29
1747815298, 6, 244, 1122, 1098, 5, 6.67%, 0, 270, 5, 11.89
1747815303, 6, 245, 1122, 1098, 5, 6.67%, 0, 270, 5, 12.78
1747815308, 6, 246, 1122, 1098, 5, 6.67%, 0, 270, 5, 14.68
1747815313, 6, 247, 1122, 1098, 5, 6.67%, 0, 270, 5, 9.88
1747815318, 6, 250, 1122, 1098, 5, 6.67%, 0, 270, 5, 12.81
1747815323, 6, 251, 1122, 1098, 5, 6.67%, 0, 270, 5, 11.44
1747815329, 6, 255, 1122, 1098, 5, 6.67%, 0, 270, 5, 12.99
1747815334, 6, 256, 1122, 1098, 5, 6.67%, 0, 270, 5, 10.78
1747815339, 6, 257, 1122, 1098, 5, 6.67%, 0, 270, 5, 1.00
1747815345, 6, 258, 1122, 1098, 5, 6.67%, 0, 270, 5, 8.67
1747815355, 6, 259, 1122, 1098, 5, 6.67%, 0, 270, 5, 12.13
1747815360, 6, 260, 1122, 1098, 5, 6.67%, 0, 270, 5, 10.45
1747815366, 6, 262, 1122, 1098, 5, 6.67%, 0, 270, 5, 10.78
1747815376, 6, 263, 1122, 1098, 5, 6.67%, 0, 270, 5, 5.86
1747815381, 6, 264, 1122, 1098, 5, 6.67%, 0, 270, 5, 9.16
1747815386, 6, 268, 1122, 1098, 5, 6.67%, 0, 270, 5, 11.17
1747815396, 6, 269, 1123, 1099, 5, 6.67%, 0, 270, 5, 25.80
1747815402, 6, 270, 1123, 1099, 5, 6.67%, 0, 270, 5, 16.40
1747815407, 6, 271, 1123, 1099, 5, 6.67%, 0, 270, 5, 20.22
1747815412, 6, 272, 1123, 1099, 5, 6.67%, 0, 270, 5, 8.37
1747815418, 6, 274, 1123, 1099, 5, 6.67%, 0, 270, 5, 1.00
1747815423, 6, 275, 1123, 1099, 5, 6.67%, 0, 270, 5, 9.29
1747815428, 6, 276, 1123, 1099, 5, 6.67%, 0, 270, 5, 15.36
1747815434, 6, 278, 1123, 1099, 5, 6.67%, 0, 270, 5, 12.58
1747815444, 6, 280, 1123, 1099, 5, 6.67%, 0, 270, 5, 8.90
1747815449, 6, 281, 1123, 1099, 5, 6.67%, 0, 270, 5, 11.97
1747815454, 6, 282, 1123, 1099, 5, 6.67%, 0, 270, 5, 11.26
1747815459, 6, 283, 1123, 1099, 5, 6.67%, 0, 270, 5, 9.56
1747815464, 6, 284, 1123, 1099, 5, 6.67%, 0, 270, 5, 9.09
1747815470, 6, 285, 1123, 1099, 5, 6.67%, 0, 270, 5, 9.96
1747815480, 6, 289, 1123, 1099, 5, 6.67%, 0, 270, 5, 16.01
1747815485, 6, 292, 1123, 1099, 5, 6.67%, 0, 270, 5, 4.69
1747815490, 6, 294, 1123, 1099, 5, 6.67%, 0, 270, 5, 7.80
1747815495, 6, 295, 1123, 1099, 5, 6.67%, 0, 270, 5, 10.31
1747815500, 6, 296, 1123, 1099, 5, 6.67%, 0, 270, 5, 11.06
1747815505, 6, 297, 1123, 1099, 5, 6.67%, 0, 270, 5, 9.41
1747815511, 6, 298, 1123, 1099, 5, 6.67%, 0, 270, 5, 3.41
1747815516, 6, 299, 1123, 1099, 5, 6.67%, 0, 270, 5, 14.82
1747815521, 6, 300, 1123, 1099, 5, 6.67%, 0, 270, 5, 12.36
1747815526, 6, 301, 1123, 1099, 5, 6.67%, 0, 270, 5, 11.01
1747815531, 6, 302, 1123, 1099, 5, 6.67%, 0, 270, 5, 8.90
1747815537, 6, 303, 1123, 1099, 5, 6.67%, 0, 270, 5, 8.82
1747815543, 6, 304, 1123, 1099, 5, 6.67%, 0, 270, 5, 9.64
1747815548, 6, 305, 1123, 1099, 5, 6.67%, 0, 270, 5, 8.93
1747815553, 6, 307, 1123, 1099, 5, 6.67%, 0, 270, 5, 11.58
1747815558, 6, 309, 1123, 1099, 5, 6.67%, 0, 270, 5, 9.61
1747815563, 6, 310, 1123, 1099, 5, 6.67%, 0, 270, 5, 11.15
1747815568, 6, 311, 1123, 1099, 5, 6.67%, 0, 270, 5, 10.40
1747815573, 6, 312, 1123, 1099, 5, 6.67%, 0, 270, 5, 8.49
1747815583, 6, 314, 1123, 1099, 5, 6.67%, 0, 270, 5, 9.35
1747815588, 6, 315, 1123, 1099, 5, 6.67%, 0, 270, 5, 9.54
1747815594, 6, 316, 1123, 1099, 5, 6.67%, 0, 270, 5, 1.77
1747815599, 6, 317, 1123, 1099, 5, 6.67%, 0, 270, 5, 15.63
1747815604, 6, 318, 1123, 1099, 5, 6.67%, 0, 270, 5, 11.86
1747815610, 6, 320, 1123, 1099, 5, 6.67%, 0, 270, 5, 11.92
1747815615, 6, 323, 1123, 1099, 5, 6.67%, 0, 270, 5, 2.39
1747815625, 6, 324, 1123, 1099, 5, 6.67%, 0, 270, 5, 7.62
1747815630, 6, 325, 1123, 1099, 5, 6.67%, 0, 270, 5, 8.23
1747815635, 6, 326, 1123, 1099, 5, 6.67%, 0, 270, 5, 10.19
1747815641, 6, 330, 1123, 1099, 5, 6.67%, 0, 270, 5, 11.53
1747815651, 6, 331, 1123, 1099, 5, 6.67%, 0, 270, 5, 9.28
1747815656, 6, 332, 1123, 1099, 5, 6.67%, 0, 270, 5, 9.15
1747815661, 6, 334, 1123, 1099, 5, 6.67%, 0, 270, 5, 9.71
1747815666, 6, 335, 1123, 1099, 5, 6.67%, 0, 270, 5, 11.07
1747815671, 6, 337, 1123, 1099, 5, 6.67%, 0, 270, 5, 9.28
1747815676, 6, 338, 1123, 1099, 5, 6.67%, 0, 270, 5, 10.69
1747815681, 6, 339, 1123, 1099, 5, 6.67%, 0, 270, 5, 9.34
1747815686, 6, 341, 1123, 1099, 5, 6.67%, 0, 270, 5, 9.25
1747815692, 6, 343, 1123, 1099, 5, 6.67%, 0, 270, 5, 14.61
1747815697, 6, 344, 1123, 1099, 5, 6.67%, 0, 270, 5, 11.88
1747815702, 6, 345, 1123, 1099, 5, 6.67%, 0, 270, 5, 11.87
1747815708, 6, 346, 1123, 1099, 5, 6.67%, 0, 270, 5, 13.64
1747815713, 6, 347, 1123, 1099, 5, 6.67%, 0, 270, 5, 10.73
1747815718, 6, 348, 1123, 1099, 5, 6.67%, 0, 270, 5, 11.26
1747815723, 6, 349, 1123, 1099, 5, 6.67%, 0, 270, 5, 10.68
1747815729, 6, 350, 1123, 1099, 5, 6.67%, 0, 270, 5, 10.90
1747815734, 6, 351, 1123, 1099, 5, 6.67%, 0, 270, 5, 10.55
1747815739, 6, 356, 1123, 1099, 5, 6.67%, 0, 270, 5, 13.64
1747815744, 6, 358, 1123, 1099, 5, 6.67%, 0, 270, 5, 11.92
1747815749, 6, 359, 1123, 1099, 5, 6.67%, 0, 270, 5, 9.56
1747815755, 6, 360, 1123, 1099, 5, 6.67%, 0, 270, 5, 8.54
1747815765, 6, 362, 1123, 1099, 5, 6.67%, 0, 270, 5, 11.59
1747815776, 6, 364, 1123, 1099, 5, 6.67%, 0, 270, 5, 1.93
1747815782, 6, 365, 1124, 1100, 5, 6.67%, 0, 270, 5, 11.83
1747815792, 6, 366, 1124, 1100, 5, 6.67%, 0, 270, 5, 10.43
1747815797, 6, 367, 1124, 1100, 5, 6.67%, 0, 270, 5, 11.92
1747815802, 6, 368, 1124, 1100, 5, 6.67%, 0, 270, 5, 11.45
1747815808, 6, 369, 1124, 1100, 5, 6.67%, 0, 270, 5, 10.09
1747815813, 6, 370, 1124, 1100, 5, 6.67%, 0, 270, 5, 10.09
1747815818, 6, 371, 1124, 1100, 5, 6.67%, 0, 270, 5, 9.30
1747815828, 6, 372, 1124, 1100, 5, 6.67%, 0, 270, 5, 12.37
1747815834, 6, 374, 1124, 1100, 5, 6.67%, 0, 270, 5, 13.18
1747815839, 6, 375, 1124, 1100, 5, 6.67%, 0, 270, 5, 9.84
1747815844, 6, 376, 1124, 1100, 5, 6.67%, 0, 270, 5, 10.33
1747815849, 6, 377, 1124, 1100, 5, 6.67%, 0, 270, 5, 10.65
1747815854, 6, 378, 1124, 1100, 5, 6.67%, 0, 270, 5, 12.47
1747815859, 6, 381, 1124, 1100, 5, 6.67%, 0, 270, 5, 10.27
1747815864, 6, 382, 1124, 1100, 5, 6.67%, 0, 270, 5, 9.17
1747815870, 6, 383, 1124, 1100, 5, 6.67%, 0, 270, 5, 7.36
1747815875, 6, 384, 1124, 1100, 5, 6.67%, 0, 270, 5, 11.12
1747815880, 6, 385, 1124, 1100, 5, 6.67%, 0, 270, 5, 11.47
1747815885, 6, 387, 1124, 1100, 5, 6.67%, 0, 270, 5, 9.44
1747815890, 6, 388, 1124, 1100, 5, 6.67%, 0, 270, 5, 12.01
1747815895, 6, 389, 1124, 1100, 5, 6.67%, 0, 270, 5, 10.08
1747815900, 6, 391, 1124, 1100, 5, 6.67%, 0, 270, 5, 9.64
1747815905, 6, 393, 1124, 1100, 5, 6.67%, 0, 270, 5, 11.81
1747815911, 6, 394, 1124, 1100, 5, 6.67%, 0, 270, 5, 10.03
1747815916, 6, 396, 1124, 1100, 5, 6.67%, 0, 270, 5, 12.68
1747815926, 6, 397, 1124, 1100, 5, 6.67%, 0, 270, 5, 9.51
1747815931, 6, 399, 1124, 1100, 5, 6.67%, 0, 270, 5, 9.10
1747815936, 6, 400, 1124, 1100, 5, 6.67%, 0, 270, 5, 9.96
1747816213, 6, 402, 1124, 1099, 5, 6.67%, 0, 270, 5, 20.69
1747816219, 6, 404, 1124, 1099, 5, 6.67%, 0, 270, 5, 20.10
1747816224, 6, 407, 1124, 1099, 5, 6.67%, 0, 270, 5, 20.31
1747816229, 6, 408, 1124, 1099, 5, 6.67%, 0, 270, 5, 17.93
1747816234, 6, 410, 1125, 1100, 5, 6.67%, 0, 270, 5, 18.08
1747816239, 6, 411, 1125, 1100, 5, 6.67%, 0, 270, 5, 17.27
1747816244, 6, 412, 1125, 1100, 5, 6.67%, 0, 270, 5, 17.51
1747816249, 6, 415, 1125, 1100, 5, 6.67%, 0, 270, 5, 16.49
1747816254, 6, 417, 1125, 1100, 5, 6.67%, 0, 270, 5, 18.84
1747816260, 6, 418, 1125, 1100, 5, 6.67%, 0, 270, 5, 18.58
1747816265, 6, 423, 1125, 1100, 5, 6.67%, 0, 270, 5, 15.86
1747816270, 6, 424, 1125, 1100, 5, 6.67%, 0, 270, 5, 15.11
1747816275, 6, 427, 1125, 1100, 5, 6.67%, 0, 270, 5, 14.91
1747816280, 6, 428, 1125, 1100, 5, 6.67%, 0, 270, 5, 21.18
1747816285, 6, 430, 1125, 1100, 5, 6.67%, 0, 270, 5, 20.36
1747816291, 6, 432, 1125, 1100, 5, 6.67%, 0, 270, 5, 16.80
1747816296, 6, 434, 1125, 1100, 5, 6.67%, 0, 270, 5, 1.31
1747816301, 6, 435, 1125, 1100, 5, 6.67%, 0, 270, 5, 15.83
1747816306, 6, 437, 1125, 1100, 5, 6.67%, 0, 270, 5, 17.28
1747816311, 6, 440, 1125, 1100, 5, 6.67%, 0, 270, 5, 16.31
1747816316, 6, 442, 1125, 1100, 5, 6.67%, 0, 270, 5, 17.91
1747816322, 6, 445, 1125, 1100, 5, 6.67%, 0, 270, 5, 19.54
1747816327, 6, 446, 1125, 1100, 5, 6.67%, 0, 270, 5, 16.32
1747816332, 6, 447, 1125, 1100, 5, 6.67%, 0, 270, 5, 24.75
1747816337, 6, 450, 1125, 1100, 5, 6.67%, 0, 270, 5, 17.60
1747816342, 6, 451, 1125, 1100, 5, 6.67%, 0, 270, 5, 17.03
1747816347, 6, 453, 1125, 1100, 5, 6.67%, 0, 270, 5, 16.78
1747816352, 6, 455, 1125, 1100, 5, 6.67%, 0, 270, 5, 28.71
1747816357, 6, 457, 1125, 1100, 5, 6.67%, 0, 270, 5, 18.35
1747816363, 6, 462, 1125, 1100, 5, 6.67%, 0, 270, 5, 20.40
1747816368, 6, 463, 1125, 1100, 5, 6.67%, 0, 270, 5, 17.35
1747816373, 6, 465, 1125, 1100, 5, 6.67%, 0, 270, 5, 19.45
1747816378, 6, 467, 1125, 1100, 5, 6.67%, 0, 270, 5, 17.98
1747816383, 6, 469, 1125, 1100, 5, 6.67%, 0, 270, 5, 18.77
1747816388, 6, 473, 1125, 1100, 5, 6.67%, 0, 270, 5, 19.93
1747816394, 6, 474, 1125, 1100, 5, 6.67%, 0, 270, 5, 18.24
1747816399, 6, 476, 1125, 1100, 5, 6.67%, 0, 270, 5, 17.35
1747816404, 6, 478, 1125, 1100, 5, 6.67%, 0, 270, 5, 16.91
1747816409, 6, 479, 1125, 1100, 5, 6.67%, 0, 270, 5, 15.97
1747816414, 6, 481, 1125, 1100, 5, 6.67%, 0, 270, 5, 18.57
1747816419, 6, 483, 1125, 1100, 5, 6.67%, 0, 270, 5, 14.84
1747816425, 6, 484, 1125, 1100, 5, 6.67%, 0, 270, 5, 16.19
1747816430, 6, 488, 1125, 1100, 5, 6.67%, 0, 270, 5, 17.16
1747816435, 6, 489, 1125, 1100, 5, 6.67%, 0, 270, 5, 15.46
1747816440, 6, 491, 1125, 1100, 5, 6.67%, 0, 270, 5, 19.71
1747816445, 6, 492, 1125, 1100, 5, 6.67%, 0, 270, 5, 15.40
1747816450, 6, 494, 1125, 1100, 5, 6.67%, 0, 270, 5, 15.70
1747816455, 6, 497, 1125, 1100, 5, 6.67%, 0, 270, 5, 18.28
1747816460, 6, 498, 1125, 1100, 5, 6.67%, 0, 270, 5, 14.67
1747816465, 6, 500, 1125, 1100, 5, 6.67%, 0, 270, 5, 16.24
1747816471, 6, 501, 1125, 1100, 5, 6.67%, 0, 270, 5, 17.33
1747816476, 6, 503, 1125, 1100, 5, 6.67%, 0, 270, 5, 18.69
1747816481, 6, 505, 1125, 1100, 5, 6.67%, 0, 270, 5, 17.75
1747816486, 6, 507, 1125, 1100, 5, 6.67%, 0, 270, 5, 18.80
1747816491, 6, 510, 1125, 1100, 5, 6.67%, 0, 270, 5, 16.72
1747816496, 6, 511, 1125, 1100, 5, 6.67%, 0, 270, 5, 17.11
1747816501, 6, 513, 1125, 1100, 5, 6.67%, 0, 270, 5, 12.94
1747816507, 6, 516, 1125, 1100, 5, 6.67%, 0, 270, 5, 18.38
1747816512, 6, 517, 1125, 1100, 5, 6.67%, 0, 270, 5, 24.93
1747816517, 6, 519, 1125, 1100, 5, 6.67%, 0, 270, 5, 25.71
1747816522, 6, 521, 1125, 1100, 5, 6.67%, 0, 270, 5, 21.45
1747816527, 6, 523, 1125, 1100, 5, 6.67%, 0, 270, 5, 16.62
1747816532, 6, 524, 1125, 1100, 5, 6.67%, 0, 270, 5, 17.74
1747816538, 6, 526, 1125, 1100, 5, 6.67%, 0, 270, 5, 19.51
1747816543, 6, 530, 1125, 1100, 5, 6.67%, 0, 270, 5, 18.08
1747816548, 6, 533, 1125, 1100, 5, 6.67%, 0, 270, 5, 27.24
1747816553, 6, 536, 1125, 1100, 5, 6.67%, 0, 270, 5, 21.05
1747816558, 6, 539, 1125, 1100, 5, 6.67%, 0, 270, 5, 18.82
1747816563, 6, 541, 1125, 1100, 5, 6.67%, 0, 270, 5, 20.49
1747816568, 6, 543, 1125, 1100, 5, 6.67%, 0, 270, 5, 20.18
1747816573, 6, 544, 1125, 1100, 5, 6.67%, 0, 270, 5, 18.78
1747816579, 6, 546, 1125, 1100, 5, 6.67%, 0, 270, 5, 16.25
1747816584, 6, 548, 1125, 1100, 5, 6.67%, 0, 270, 5, 18.78
1747816589, 6, 549, 1125, 1100, 5, 6.67%, 0, 270, 5, 17.23
1747816594, 6, 552, 1125, 1100, 5, 6.67%, 0, 270, 5, 17.94
1747816599, 6, 555, 1125, 1100, 5, 6.67%, 0, 270, 5, 16.61
1747816604, 6, 557, 1125, 1100, 5, 6.67%, 0, 270, 5, 18.88
1747816610, 6, 558, 1125, 1100, 5, 6.67%, 0, 270, 5, 15.99
1747816615, 6, 560, 1125, 1100, 5, 6.67%, 0, 270, 5, 15.00
1747816620, 6, 561, 1125, 1100, 5, 6.67%, 0, 270, 5, 14.61
1747816625, 6, 563, 1125, 1100, 5, 6.67%, 0, 270, 5, 21.05
1747816630, 6, 565, 1125, 1100, 5, 6.67%, 0, 270, 5, 22.31
1747816635, 6, 567, 1125, 1100, 5, 6.67%, 0, 270, 5, 19.36
1747816640, 6, 568, 1125, 1100, 5, 6.67%, 0, 270, 5, 15.42
1747816645, 6, 570, 1125, 1100, 5, 6.67%, 0, 270, 5, 19.36
1747816651, 6, 572, 1125, 1100, 5, 6.67%, 0, 270, 5, 18.77
1747816656, 6, 574, 1125, 1100, 5, 6.67%, 0, 270, 5, 19.07
1747816661, 6, 576, 1125, 1100, 5, 6.67%, 0, 270, 5, 16.97
1747816666, 6, 578, 1125, 1100, 5, 6.67%, 0, 270, 5, 17.12
1747816671, 6, 579, 1125, 1100, 5, 6.67%, 0, 270, 5, 15.27
1747816676, 6, 581, 1125, 1100, 5, 6.67%, 0, 270, 5, 16.09
1747816682, 6, 582, 1125, 1100, 5, 6.67%, 0, 270, 5, 13.84
1747816687, 6, 584, 1125, 1100, 5, 6.67%, 0, 270, 5, 17.07
1747816692, 6, 588, 1125, 1100, 5, 6.67%, 0, 270, 5, 16.47
1747816697, 6, 590, 1125, 1100, 5, 6.67%, 0, 270, 5, 17.45
1747816702, 6, 591, 1125, 1100, 5, 6.67%, 0, 270, 5, 18.09
1747816708, 6, 594, 1125, 1100, 5, 6.67%, 0, 270, 5, 21.06
1747816713, 6, 595, 1125, 1100, 5, 6.67%, 0, 270, 5, 16.84
1747816718, 6, 597, 1125, 1100, 5, 6.67%, 0, 270, 5, 17.65
1747816724, 6, 598, 1125, 1100, 5, 6.67%, 0, 270, 5, 22.19
1747816729, 6, 600, 1125, 1100, 5, 6.67%, 0, 270, 5, 20.64
1747816734, 6, 602, 1125, 1100, 5, 6.67%, 0, 270, 5, 11.77
1747816739, 6, 603, 1125, 1100, 5, 6.67%, 0, 270, 5, 14.89
1747816744, 6, 605, 1125, 1100, 5, 6.67%, 0, 270, 5, 15.40
1747816750, 6, 606, 1125, 1100, 5, 6.67%, 0, 270, 5, 16.83
1747816755, 6, 609, 1125, 1100, 5, 6.67%, 0, 270, 5, 15.91
1747816760, 6, 610, 1125, 1100, 5, 6.67%, 0, 270, 5, 14.93
1747816765, 6, 612, 1125, 1100, 5, 6.67%, 0, 270, 5, 13.35
1747816770, 6, 613, 1125, 1100, 5, 6.67%, 0, 270, 5, 16.28
1747816776, 6, 615, 1125, 1100, 5, 6.67%, 0, 270, 5, 17.22
1747816781, 6, 619, 1125, 1100, 5, 6.67%, 0, 270, 5, 19.98
1747816786, 6, 620, 1125, 1100, 5, 6.67%, 0, 270, 5, 16.06
1747816791, 6, 623, 1126, 1101, 5, 6.67%, 0, 270, 5, 2.95
1747816802, 6, 625, 1126, 1101, 5, 6.67%, 0, 270, 5, 16.36
1747816807, 6, 627, 1126, 1101, 5, 6.67%, 0, 270, 5, 19.26
1747816812, 6, 629, 1126, 1101, 5, 6.67%, 0, 270, 5, 18.79
1747816817, 6, 630, 1126, 1101, 5, 6.67%, 0, 270, 5, 16.98
1747816822, 6, 632, 1126, 1101, 5, 6.67%, 0, 270, 5, 20.80
1747816827, 6, 634, 1126, 1101, 5, 6.67%, 0, 270, 5, 7.92
1747816832, 6, 635, 1126, 1101, 5, 6.67%, 0, 270, 5, 15.88
1747816838, 6, 638, 1126, 1101, 5, 6.67%, 0, 270, 5, 13.30
1747816843, 6, 639, 1126, 1101, 5, 6.67%, 0, 270, 5, 12.43
1747816848, 6, 641, 1126, 1101, 5, 6.67%, 0, 270, 5, 10.38
1747816853, 6, 642, 1126, 1101, 5, 6.67%, 0, 270, 5, 11.93
1747816858, 6, 643, 1126, 1101, 5, 6.67%, 0, 270, 5, 10.46
1747816863, 6, 644, 1126, 1101, 5, 6.67%, 0, 270, 5, 9.90
1747816873, 6, 645, 1126, 1101, 5, 6.67%, 0, 270, 5, 11.07
1747816879, 6, 646, 1126, 1101, 5, 6.67%, 0, 270, 5, 5.53
1747816884, 6, 647, 1126, 1101, 5, 6.67%, 0, 270, 5, 10.89
1747816889, 6, 649, 1126, 1101, 5, 6.67%, 0, 270, 5, 12.09
1747816894, 6, 650, 1126, 1101, 5, 6.67%, 0, 270, 5, 12.14
1747816899, 6, 651, 1126, 1101, 5, 6.67%, 0, 270, 5, 13.55
1747816904, 6, 652, 1126, 1101, 5, 6.67%, 0, 270, 5, 11.92
1747816909, 6, 653, 1126, 1101, 5, 6.67%, 0, 270, 5, 15.99
1747816914, 6, 655, 1126, 1101, 5, 6.67%, 0, 270, 5, 5.16
1747816919, 6, 656, 1126, 1101, 5, 6.67%, 0, 270, 5, 10.65
1747816925, 6, 657, 1126, 1101, 5, 6.67%, 0, 270, 5, 12.78
1747816930, 6, 658, 1126, 1101, 5, 6.67%, 0, 270, 5, 10.04
1747816935, 6, 659, 1126, 1101, 5, 6.67%, 0, 270, 5, 11.80
1747816940, 6, 660, 1126, 1101, 5, 6.67%, 0, 270, 5, 11.97
1747816945, 6, 661, 1126, 1101, 5, 6.67%, 0, 270, 5, 9.48
1747816951, 6, 662, 1126, 1101, 5, 6.67%, 0, 270, 5, 1.00
1747816956, 6, 665, 1126, 1101, 5, 6.67%, 0, 270, 5, 13.18
1747816961, 6, 666, 1126, 1101, 5, 6.67%, 0, 270, 5, 12.74
1747816966, 6, 668, 1126, 1101, 5, 6.67%, 0, 270, 5, 11.60
1747816971, 6, 669, 1126, 1101, 5, 6.67%, 0, 270, 5, 12.03
1747816977, 6, 670, 1126, 1101, 5, 6.67%, 0, 270, 5, 13.73
1747816982, 6, 672, 1126, 1101, 5, 6.67%, 0, 270, 5, 10.46
1747816987, 6, 673, 1126, 1101, 5, 6.67%, 0, 270, 5, 9.15
1747816992, 6, 674, 1126, 1101, 5, 6.67%, 0, 270, 5, 10.73
1747817002, 6, 675, 1126, 1101, 5, 6.67%, 0, 270, 5, 11.06
1747817008, 6, 676, 1126, 1101, 5, 6.67%, 0, 270, 5, 13.24
1747817013, 6, 677, 1126, 1101, 5, 6.67%, 0, 270, 5, 11.12
1747817018, 6, 678, 1126, 1101, 5, 6.67%, 0, 270, 5, 11.00
1747817024, 6, 679, 1126, 1101, 5, 6.67%, 0, 270, 5, 12.25
1747817029, 6, 680, 1126, 1101, 5, 6.67%, 0, 270, 5, 1.93
1747817034, 6, 683, 1126, 1101, 5, 6.67%, 0, 270, 5, 11.03
1747817040, 6, 685, 1126, 1101, 5, 6.67%, 0, 270, 5, 10.55
1747817050, 6, 687, 1126, 1101, 5, 6.67%, 0, 270, 5, 8.01
1747817055, 6, 688, 1126, 1101, 5, 6.67%, 0, 270, 5, 9.22
1747817060, 6, 691, 1126, 1101, 5, 6.67%, 0, 270, 5, 12.36
1747817065, 6, 692, 1126, 1101, 5, 6.67%, 0, 270, 5, 11.14
1747817071, 6, 694, 1126, 1101, 5, 6.67%, 0, 270, 5, 1.90
1747817076, 6, 695, 1126, 1101, 5, 6.67%, 0, 270, 5, 15.84
1747817081, 6, 696, 1126, 1101, 5, 6.67%, 0, 270, 5, 10.24
1747817086, 6, 697, 1126, 1101, 5, 6.67%, 0, 270, 5, 11.41
1747817091, 6, 698, 1126, 1101, 5, 6.67%, 0, 270, 5, 9.64
1747817096, 6, 699, 1126, 1101, 5, 6.67%, 0, 270, 5, 11.13
1747817102, 6, 700, 1126, 1101, 5, 6.67%, 0, 270, 5, 13.16
1747817107, 6, 701, 1126, 1101, 5, 6.67%, 0, 270, 5, 11.72
1747817112, 6, 703, 1126, 1101, 5, 6.67%, 0, 270, 5, 10.71
1747817117, 6, 704, 1126, 1101, 5, 6.67%, 0, 270, 5, 10.86
1747817122, 6, 705, 1126, 1101, 5, 6.67%, 0, 270, 5, 11.61
1747817127, 6, 706, 1126, 1101, 5, 6.67%, 0, 270, 5, 10.83
1747817133, 6, 707, 1126, 1101, 5, 6.67%, 0, 270, 5, 12.65
1747817138, 6, 709, 1126, 1101, 5, 6.67%, 0, 270, 5, 12.94
1747817143, 6, 710, 1126, 1101, 5, 6.67%, 0, 270, 5, 11.20
1747817148, 6, 713, 1126, 1101, 5, 6.67%, 0, 270, 5, 9.82
1747817153, 6, 715, 1126, 1101, 5, 6.67%, 0, 270, 5, 8.28
1747817158, 6, 716, 1126, 1101, 5, 6.67%, 0, 270, 5, 9.13
1747817163, 6, 717, 1126, 1101, 5, 6.67%, 0, 270, 5, 1.93
1747817169, 6, 720, 1126, 1101, 5, 6.67%, 0, 270, 5, 1.00
1747817174, 6, 721, 1126, 1101, 5, 6.67%, 0, 270, 5, 11.40
1747817179, 6, 722, 1126, 1101, 5, 6.67%, 0, 270, 5, 10.28
1747817185, 6, 723, 1126, 1101, 5, 6.67%, 0, 270, 5, 9.15
1747817190, 6, 724, 1126, 1101, 5, 6.67%, 0, 270, 5, 7.47
1747817195, 6, 726, 1126, 1101, 5, 6.67%, 0, 270, 5, 8.78
1747817205, 6, 728, 1126, 1101, 5, 6.67%, 0, 270, 5, 11.39
1747817211, 6, 728, 1126, 1101, 5, 6.67%, 0, 271, 5, 10.71
1747817216, 6, 729, 1126, 1101, 5, 6.67%, 0, 271, 5, 10.01
1747817221, 6, 730, 1126, 1101, 5, 6.67%, 0, 271, 5, 9.87
1747817227, 6, 731, 1126, 1101, 5, 6.67%, 0, 271, 5, 9.86
1747817232, 6, 732, 1126, 1101, 5, 6.67%, 0, 271, 5, 10.72
1747817237, 6, 733, 1126, 1101, 5, 6.67%, 0, 271, 5, 11.47
1747817242, 6, 734, 1126, 1101, 5, 6.67%, 0, 271, 5, 9.15
1747817247, 6, 735, 1126, 1101, 5, 6.67%, 0, 271, 5, 10.41
1747817252, 6, 736, 1126, 1101, 5, 6.67%, 0, 271, 5, 8.87
1747817257, 6, 737, 1126, 1101, 5, 6.67%, 0, 271, 5, 12.03
1747817262, 6, 738, 1126, 1101, 5, 6.67%, 0, 271, 5, 11.03
1747817267, 6, 739, 1126, 1101, 5, 6.67%, 0, 271, 5, 9.11
1747817273, 6, 740, 1126, 1101, 5, 6.67%, 0, 271, 5, 8.89
1747817278, 6, 741, 1126, 1101, 5, 6.67%, 0, 271, 5, 10.37
1747817283, 6, 742, 1126, 1101, 5, 6.67%, 0, 271, 5, 9.20
1747817294, 6, 743, 1126, 1101, 5, 6.67%, 0, 271, 5, 1.00
1747817299, 6, 744, 1126, 1101, 5, 6.67%, 0, 271, 5, 10.48
1747817304, 6, 745, 1126, 1101, 5, 6.67%, 0, 271, 5, 9.46
1747817309, 6, 746, 1126, 1101, 5, 6.67%, 0, 271, 5, 9.60
1747817314, 6, 747, 1126, 1101, 5, 6.67%, 0, 271, 5, 10.28
1747817319, 6, 748, 1126, 1101, 5, 6.67%, 0, 271, 5, 8.63
1747817324, 6, 749, 1126, 1101, 5, 6.67%, 0, 271, 5, 9.53
1747817335, 6, 752, 1126, 1101, 5, 6.67%, 0, 271, 5, 8.41
1747817340, 6, 753, 1126, 1101, 5, 6.67%, 0, 271, 5, 7.35
1747817345, 6, 754, 1126, 1101, 5, 6.67%, 0, 271, 5, 9.08
1747817350, 6, 756, 1126, 1101, 5, 6.67%, 0, 271, 5, 9.97
1747817355, 6, 757, 1126, 1101, 5, 6.67%, 0, 271, 5, 10.54
1747817361, 6, 757, 1126, 1101, 5, 6.67%, 0, 272, 5, 7.69
1747817366, 6, 760, 1126, 1101, 5, 6.67%, 0, 272, 5, 7.94
1747817371, 6, 761, 1126, 1101, 5, 6.67%, 0, 272, 5, 10.16
1747817376, 6, 764, 1126, 1101, 5, 6.67%, 0, 272, 5, 13.12
1747817381, 6, 765, 1126, 1101, 5, 6.67%, 0, 272, 5, 10.82
1747817392, 6, 766, 1126, 1101, 5, 6.67%, 0, 272, 5, 9.34
1747817397, 6, 767, 1126, 1101, 5, 6.67%, 0, 272, 5, 8.39
1747817402, 6, 769, 1126, 1101, 5, 6.67%, 0, 272, 5, 9.39
1747817407, 6, 770, 1126, 1101, 5, 6.67%, 0, 272, 5, 10.81
1747817412, 6, 771, 1126, 1101, 5, 6.67%, 0, 272, 5, 14.34
1747817418, 6, 771, 1126, 1101, 5, 6.67%, 0, 273, 5, 1.67
1747817423, 6, 772, 1126, 1101, 5, 6.67%, 0, 273, 5, 11.91
1747817428, 6, 773, 1126, 1101, 5, 6.67%, 0, 273, 5, 9.81
1747817433, 6, 774, 1126, 1101, 5, 6.67%, 0, 273, 5, 11.17
1747817438, 6, 775, 1126, 1101, 5, 6.67%, 0, 273, 5, 10.81
1747817444, 6, 778, 1126, 1101, 5, 6.67%, 0, 273, 5, 9.16
1747817449, 6, 779, 1126, 1101, 5, 6.67%, 0, 273, 5, 9.90
1747817454, 6, 780, 1126, 1101, 5, 6.67%, 0, 273, 5, 11.34
1747817459, 6, 781, 1126, 1101, 5, 6.67%, 0, 274, 5, 20.42
1747817464, 6, 783, 1126, 1101, 5, 6.67%, 0, 274, 5, 12.62
1747817469, 6, 784, 1126, 1101, 5, 6.67%, 0, 274, 5, 2.58
1747817475, 6, 785, 1126, 1101, 5, 6.67%, 0, 274, 5, 14.86
1747817480, 6, 786, 1126, 1101, 5, 6.67%, 0, 274, 5, 2.87
