ID;Parent ID;Generation ID;Derived Inputs;Derived Fails;Flags;Generation Time;Generation Length;Trimmed Length;Execution Time;Primary Score;Relative Primary Score;Secondary Score;Relative Secondary Score;Exit Code;Exit Reason;Result;Individual Primary;Individual Secondary;Retries;Test Number
d39;2c8;a15;0;0;0000000000000030;         1s 153ms 988μs 264ns;173;-1;             12ms 791μs 773ns;20.000000;8.650000;0.000000;inf;4;1;Unfinished;1.000000,2.000000,3.000000,4.000000,4.000000,4.000000,4.000000,4.000000,4.000000,4.000000,4.000000,4.000000,4.000000,4.000000,4.000000,5.000000,5.000000,5.000000,6.000000,7.000000,7.000000,8.000000,9.000000,9.000000,9.000000,9.000000,9.000000,9.000000,9.000000,9.000000,9.000000,9.000000,9.000000,10.000000,11.000000,12.000000,13.000000,14.000000,14.000000,14.000000,14.000000,14.000000,15.000000,16.000000,17.000000,17.000000,18.000000,18.000000,18.000000,18.000000,18.000000,18.000000,18.000000,18.000000,18.000000,18.000000,18.000000,18.000000,18.000000,18.000000,18.000000,18.000000,18.000000,18.000000,18.000000,18.000000,18.000000,18.000000,18.000000,18.000000,18.000000,18.000000,18.000000,18.000000,18.000000,18.000000,18.000000,18.000000,18.000000,18.000000,18.000000,19.000000,19.000000,20.000000,20.000000,20.000000,20.000000,20.000000,20.000000,20.000000,20.000000,20.000000,20.000000,20.000000,20.000000,20.000000,20.000000,20.000000,20.000000,20.000000,20.000000,20.000000,20.000000,20.000000,20.000000,20.000000,20.000000,20.000000,20.000000,20.000000,20.000000,20.000000,20.000000,20.000000,20.000000,20.000000,20.000000,20.000000,20.000000,20.000000,20.000000,20.000000,20.000000,20.000000,20.000000,20.000000,20.000000,20.000000,20.000000,20.000000,20.000000,20.000000,20.000000,20.000000,20.000000,20.000000,20.000000,20.000000,20.000000,20.000000,20.000000,20.000000,20.000000,20.000000,20.000000,20.000000,20.000000,20.000000,20.000000,20.000000,20.000000,20.000000,20.000000,20.000000,20.000000,20.000000,20.000000,20.000000,20.000000,20.000000,20.000000,20.000000,20.000000,20.000000,20.000000,20.000000,20.000000,20.000000,20.000000,20.000000,20.000000,20.000000,20.000000;;0;6153
ddb;2c8;a15;0;0;0000000000000038;         1s 220ms 427μs 873ns;172;-1;              9ms 751μs 345ns;27.000000;6.370370;0.000000;inf;4;1;Unfinished;1.000000,2.000000,3.000000,4.000000,4.000000,4.000000,4.000000,4.000000,4.000000,4.000000,4.000000,4.000000,4.000000,4.000000,4.000000,5.000000,5.000000,5.000000,6.000000,7.000000,7.000000,8.000000,9.000000,9.000000,9.000000,9.000000,9.000000,9.000000,9.000000,9.000000,9.000000,9.000000,9.000000,10.000000,11.000000,12.000000,13.000000,14.000000,14.000000,14.000000,14.000000,14.000000,15.000000,16.000000,17.000000,17.000000,18.000000,18.000000,18.000000,18.000000,18.000000,18.000000,18.000000,18.000000,18.000000,18.000000,18.000000,18.000000,18.000000,18.000000,18.000000,18.000000,18.000000,18.000000,18.000000,18.000000,18.000000,18.000000,18.000000,18.000000,18.000000,18.000000,18.000000,18.000000,18.000000,18.000000,18.000000,18.000000,18.000000,18.000000,18.000000,18.000000,18.000000,18.000000,18.000000,18.000000,18.000000,18.000000,18.000000,18.000000,18.000000,18.000000,18.000000,18.000000,18.000000,18.000000,18.000000,18.000000,18.000000,19.000000,19.000000,19.000000,20.000000,20.000000,20.000000,20.000000,20.000000,20.000000,20.000000,20.000000,20.000000,20.000000,20.000000,20.000000,20.000000,20.000000,20.000000,21.000000,21.000000,22.000000,22.000000,22.000000,23.000000,23.000000,23.000000,24.000000,24.000000,24.000000,24.000000,24.000000,24.000000,24.000000,24.000000,24.000000,24.000000,24.000000,24.000000,24.000000,24.000000,24.000000,24.000000,24.000000,24.000000,24.000000,24.000000,24.000000,24.000000,24.000000,24.000000,24.000000,24.000000,24.000000,24.000000,24.000000,24.000000,25.000000,25.000000,25.000000,25.000000,25.000000,25.000000,25.000000,26.000000,26.000000,27.000000,27.000000,27.000000,27.000000,27.000000,27.000000,27.000000,27.000000;;0;6199
aa9;2c8;a15;0;0;0000000000000030;            861ms 716μs  11ns;172;-1;             10ms 294μs 606ns;21.000000;8.190476;0.000000;inf;4;1;Unfinished;1.000000,2.000000,3.000000,4.000000,4.000000,4.000000,4.000000,4.000000,4.000000,4.000000,4.000000,4.000000,4.000000,4.000000,4.000000,5.000000,5.000000,5.000000,6.000000,7.000000,7.000000,8.000000,9.000000,9.000000,9.000000,9.000000,9.000000,9.000000,9.000000,9.000000,9.000000,9.000000,9.000000,10.000000,11.000000,12.000000,13.000000,14.000000,14.000000,14.000000,14.000000,14.000000,15.000000,16.000000,17.000000,17.000000,18.000000,18.000000,18.000000,18.000000,18.000000,18.000000,18.000000,18.000000,18.000000,18.000000,18.000000,18.000000,18.000000,18.000000,18.000000,18.000000,18.000000,18.000000,18.000000,18.000000,18.000000,18.000000,18.000000,18.000000,18.000000,18.000000,18.000000,18.000000,18.000000,18.000000,18.000000,18.000000,18.000000,19.000000,20.000000,20.000000,20.000000,20.000000,20.000000,20.000000,20.000000,20.000000,20.000000,20.000000,20.000000,20.000000,20.000000,20.000000,20.000000,20.000000,20.000000,20.000000,20.000000,20.000000,20.000000,20.000000,20.000000,20.000000,20.000000,20.000000,20.000000,20.000000,20.000000,20.000000,20.000000,20.000000,20.000000,20.000000,20.000000,20.000000,20.000000,20.000000,20.000000,20.000000,20.000000,20.000000,20.000000,20.000000,20.000000,20.000000,20.000000,20.000000,20.000000,20.000000,20.000000,20.000000,20.000000,20.000000,20.000000,20.000000,20.000000,20.000000,20.000000,20.000000,20.000000,20.000000,20.000000,20.000000,20.000000,20.000000,20.000000,20.000000,20.000000,20.000000,20.000000,20.000000,20.000000,20.000000,20.000000,20.000000,20.000000,20.000000,20.000000,20.000000,20.000000,20.000000,20.000000,20.000000,20.000000,20.000000,20.000000,20.000000,20.000000,20.000000,20.000000,20.000000,21.000000;;0;789
ba6;2c8;a15;0;0;0000000000000030;            982ms 182μs 451ns;172;-1;              9ms 208μs 104ns;18.000000;9.555556;0.000000;inf;4;1;Unfinished;1.000000,2.000000,3.000000,4.000000,4.000000,4.000000,4.000000,4.000000,4.000000,4.000000,4.000000,4.000000,4.000000,4.000000,4.000000,5.000000,5.000000,5.000000,6.000000,7.000000,7.000000,8.000000,9.000000,9.000000,9.000000,9.000000,9.000000,9.000000,9.000000,9.000000,9.000000,9.000000,9.000000,10.000000,11.000000,12.000000,13.000000,14.000000,14.000000,14.000000,14.000000,14.000000,15.000000,16.000000,17.000000,17.000000,18.000000,18.000000,18.000000,18.000000,18.000000,18.000000,18.000000,18.000000,18.000000,18.000000,18.000000,18.000000,18.000000,18.000000,18.000000,18.000000,18.000000,18.000000,18.000000,18.000000,18.000000,18.000000,18.000000,18.000000,18.000000,18.000000,18.000000,18.000000,18.000000,18.000000,18.000000,18.000000,18.000000,18.000000,18.000000,18.000000,18.000000,18.000000,18.000000,18.000000,18.000000,18.000000,18.000000,18.000000,18.000000,18.000000,18.000000,18.000000,18.000000,18.000000,18.000000,18.000000,18.000000,18.000000,18.000000,18.000000,18.000000,18.000000,18.000000,18.000000,18.000000,18.000000,18.000000,18.000000,18.000000,18.000000,18.000000,18.000000,18.000000,18.000000,18.000000,18.000000,18.000000,18.000000,18.000000,18.000000,18.000000,18.000000,18.000000,18.000000,18.000000,18.000000,18.000000,18.000000,18.000000,18.000000,18.000000,18.000000,18.000000,18.000000,18.000000,18.000000,18.000000,18.000000,18.000000,18.000000,18.000000,18.000000,18.000000,18.000000,18.000000,18.000000,18.000000,18.000000,18.000000,18.000000,18.000000,18.000000,18.000000,18.000000,18.000000,18.000000,18.000000,18.000000,18.000000,18.000000,18.000000,18.000000,18.000000,18.000000,18.000000,18.000000,18.000000,18.000000,18.000000,18.000000;;0;1021
8b7a;ddb;a15;0;0;4000000000000080;         6s 144ms  81μs 815ns;171;-1;             11ms  53μs 279ns;27.000000;6.333333;0.000000;inf;4;1;Unfinished;1.000000,2.000000,3.000000,4.000000,4.000000,4.000000,4.000000,4.000000,4.000000,4.000000,4.000000,4.000000,4.000000,4.000000,4.000000,5.000000,5.000000,5.000000,6.000000,7.000000,7.000000,8.000000,9.000000,9.000000,9.000000,9.000000,9.000000,9.000000,9.000000,9.000000,9.000000,9.000000,9.000000,10.000000,11.000000,12.000000,13.000000,14.000000,14.000000,14.000000,14.000000,14.000000,15.000000,16.000000,17.000000,17.000000,17.000000,17.000000,17.000000,17.000000,17.000000,17.000000,17.000000,17.000000,17.000000,17.000000,17.000000,17.000000,17.000000,17.000000,17.000000,17.000000,17.000000,17.000000,17.000000,17.000000,17.000000,17.000000,17.000000,17.000000,17.000000,17.000000,17.000000,18.000000,18.000000,18.000000,18.000000,18.000000,18.000000,18.000000,18.000000,18.000000,18.000000,18.000000,18.000000,18.000000,18.000000,18.000000,18.000000,18.000000,18.000000,18.000000,18.000000,18.000000,18.000000,18.000000,18.000000,18.000000,19.000000,19.000000,19.000000,20.000000,20.000000,20.000000,20.000000,20.000000,20.000000,20.000000,20.000000,20.000000,20.000000,20.000000,20.000000,20.000000,20.000000,20.000000,21.000000,21.000000,22.000000,22.000000,22.000000,23.000000,23.000000,23.000000,24.000000,24.000000,24.000000,24.000000,24.000000,24.000000,24.000000,24.000000,24.000000,24.000000,24.000000,24.000000,24.000000,24.000000,24.000000,24.000000,24.000000,24.000000,24.000000,24.000000,24.000000,24.000000,24.000000,24.000000,24.000000,24.000000,24.000000,24.000000,24.000000,24.000000,25.000000,25.000000,25.000000,25.000000,25.000000,25.000000,25.000000,26.000000,26.000000,27.000000,27.000000,27.000000,27.000000,27.000000,27.000000,27.000000,27.000000;;0;6859
8b79;ddb;a15;0;0;4000000000000080;         6s 144ms  81μs 442ns;171;-1;             10ms 967μs 402ns;27.000000;6.333333;0.000000;inf;4;1;Unfinished;1.000000,2.000000,3.000000,4.000000,4.000000,4.000000,4.000000,4.000000,4.000000,4.000000,4.000000,4.000000,4.000000,4.000000,4.000000,5.000000,5.000000,5.000000,6.000000,7.000000,7.000000,8.000000,9.000000,9.000000,9.000000,9.000000,9.000000,9.000000,9.000000,9.000000,9.000000,9.000000,9.000000,10.000000,11.000000,12.000000,13.000000,14.000000,14.000000,14.000000,14.000000,14.000000,15.000000,16.000000,16.000000,17.000000,17.000000,17.000000,17.000000,17.000000,17.000000,17.000000,17.000000,17.000000,17.000000,17.000000,17.000000,17.000000,17.000000,17.000000,17.000000,17.000000,17.000000,17.000000,17.000000,17.000000,17.000000,17.000000,17.000000,17.000000,17.000000,17.000000,17.000000,18.000000,18.000000,18.000000,18.000000,18.000000,18.000000,18.000000,18.000000,18.000000,18.000000,18.000000,18.000000,18.000000,18.000000,18.000000,18.000000,18.000000,18.000000,18.000000,18.000000,18.000000,18.000000,18.000000,18.000000,18.000000,19.000000,19.000000,19.000000,20.000000,20.000000,20.000000,20.000000,20.000000,20.000000,20.000000,20.000000,20.000000,20.000000,20.000000,20.000000,20.000000,20.000000,20.000000,21.000000,21.000000,22.000000,22.000000,22.000000,23.000000,23.000000,23.000000,24.000000,24.000000,24.000000,24.000000,24.000000,24.000000,24.000000,24.000000,24.000000,24.000000,24.000000,24.000000,24.000000,24.000000,24.000000,24.000000,24.000000,24.000000,24.000000,24.000000,24.000000,24.000000,24.000000,24.000000,24.000000,24.000000,24.000000,24.000000,24.000000,24.000000,25.000000,25.000000,25.000000,25.000000,25.000000,25.000000,25.000000,26.000000,26.000000,27.000000,27.000000,27.000000,27.000000,27.000000,27.000000,27.000000,27.000000;;0;6860
8b80;ddb;a15;0;0;0000000000000080;         6s 144ms 199μs 970ns;171;-1;             10ms 938μs 776ns;27.000000;6.333333;0.000000;inf;4;1;Unfinished;1.000000,2.000000,3.000000,4.000000,4.000000,4.000000,4.000000,4.000000,4.000000,4.000000,4.000000,4.000000,4.000000,4.000000,4.000000,5.000000,5.000000,5.000000,6.000000,7.000000,7.000000,8.000000,9.000000,9.000000,9.000000,9.000000,9.000000,9.000000,9.000000,9.000000,9.000000,9.000000,9.000000,10.000000,11.000000,12.000000,13.000000,14.000000,14.000000,14.000000,14.000000,14.000000,15.000000,16.000000,17.000000,17.000000,18.000000,18.000000,18.000000,18.000000,18.000000,18.000000,18.000000,18.000000,18.000000,18.000000,18.000000,18.000000,18.000000,18.000000,18.000000,18.000000,18.000000,18.000000,18.000000,18.000000,18.000000,18.000000,18.000000,18.000000,18.000000,18.000000,18.000000,18.000000,18.000000,18.000000,18.000000,18.000000,18.000000,18.000000,18.000000,18.000000,18.000000,18.000000,18.000000,18.000000,18.000000,18.000000,18.000000,18.000000,18.000000,18.000000,18.000000,18.000000,18.000000,18.000000,18.000000,18.000000,19.000000,19.000000,19.000000,20.000000,20.000000,20.000000,20.000000,20.000000,20.000000,20.000000,20.000000,20.000000,20.000000,20.000000,20.000000,20.000000,20.000000,20.000000,21.000000,21.000000,22.000000,22.000000,22.000000,23.000000,23.000000,23.000000,24.000000,24.000000,24.000000,24.000000,24.000000,24.000000,24.000000,24.000000,24.000000,24.000000,24.000000,24.000000,24.000000,24.000000,24.000000,24.000000,24.000000,24.000000,24.000000,24.000000,24.000000,24.000000,24.000000,24.000000,24.000000,24.000000,24.000000,24.000000,24.000000,24.000000,25.000000,25.000000,25.000000,25.000000,25.000000,25.000000,25.000000,26.000000,26.000000,27.000000,27.000000,27.000000,27.000000,27.000000,27.000000,27.000000,27.000000;;0;6861
8b7f;ddb;a15;0;0;4000000000000080;         6s 144ms 203μs 520ns;171;-1;             11ms  19μs 732ns;27.000000;6.333333;0.000000;inf;4;1;Unfinished;1.000000,2.000000,3.000000,4.000000,4.000000,4.000000,4.000000,4.000000,4.000000,4.000000,4.000000,4.000000,4.000000,4.000000,4.000000,5.000000,5.000000,5.000000,6.000000,7.000000,7.000000,8.000000,9.000000,9.000000,9.000000,9.000000,9.000000,9.000000,9.000000,9.000000,9.000000,9.000000,9.000000,10.000000,11.000000,12.000000,13.000000,14.000000,14.000000,14.000000,14.000000,14.000000,15.000000,16.000000,17.000000,17.000000,18.000000,18.000000,18.000000,18.000000,18.000000,18.000000,18.000000,18.000000,18.000000,18.000000,18.000000,18.000000,18.000000,18.000000,18.000000,18.000000,18.000000,18.000000,18.000000,18.000000,18.000000,18.000000,18.000000,18.000000,18.000000,18.000000,18.000000,18.000000,18.000000,18.000000,18.000000,18.000000,18.000000,18.000000,18.000000,18.000000,18.000000,18.000000,18.000000,18.000000,18.000000,18.000000,18.000000,18.000000,18.000000,18.000000,18.000000,18.000000,18.000000,18.000000,18.000000,18.000000,19.000000,19.000000,19.000000,20.000000,20.000000,20.000000,20.000000,20.000000,20.000000,20.000000,20.000000,20.000000,20.000000,20.000000,20.000000,20.000000,20.000000,20.000000,21.000000,21.000000,22.000000,22.000000,22.000000,23.000000,23.000000,23.000000,24.000000,24.000000,24.000000,24.000000,24.000000,24.000000,24.000000,24.000000,24.000000,24.000000,24.000000,24.000000,24.000000,24.000000,24.000000,24.000000,24.000000,24.000000,24.000000,24.000000,24.000000,24.000000,24.000000,24.000000,24.000000,24.000000,24.000000,24.000000,24.000000,24.000000,25.000000,25.000000,25.000000,25.000000,25.000000,25.000000,25.000000,26.000000,26.000000,27.000000,27.000000,27.000000,27.000000,27.000000,27.000000,27.000000,27.000000;;0;6862
8b86;ddb;a15;0;0;0000000000000080;         6s 144ms 300μs 450ns;171;-1;             10ms 904μs 964ns;27.000000;6.333333;0.000000;inf;4;1;Unfinished;1.000000,2.000000,3.000000,4.000000,4.000000,4.000000,4.000000,4.000000,4.000000,4.000000,4.000000,4.000000,4.000000,4.000000,4.000000,5.000000,5.000000,5.000000,6.000000,7.000000,7.000000,8.000000,9.000000,9.000000,9.000000,9.000000,9.000000,9.000000,9.000000,9.000000,9.000000,9.000000,9.000000,10.000000,11.000000,12.000000,13.000000,14.000000,14.000000,14.000000,14.000000,14.000000,15.000000,16.000000,17.000000,17.000000,18.000000,18.000000,18.000000,18.000000,18.000000,18.000000,18.000000,18.000000,18.000000,18.000000,18.000000,18.000000,18.000000,18.000000,18.000000,18.000000,18.000000,18.000000,18.000000,18.000000,18.000000,18.000000,18.000000,18.000000,18.000000,18.000000,18.000000,18.000000,18.000000,18.000000,18.000000,18.000000,18.000000,18.000000,18.000000,18.000000,18.000000,18.000000,18.000000,18.000000,18.000000,18.000000,18.000000,18.000000,18.000000,18.000000,18.000000,18.000000,18.000000,18.000000,18.000000,18.000000,19.000000,19.000000,19.000000,20.000000,20.000000,20.000000,20.000000,20.000000,20.000000,20.000000,20.000000,20.000000,20.000000,20.000000,20.000000,20.000000,20.000000,20.000000,21.000000,21.000000,22.000000,22.000000,22.000000,23.000000,23.000000,23.000000,24.000000,24.000000,24.000000,24.000000,24.000000,24.000000,24.000000,24.000000,24.000000,24.000000,24.000000,24.000000,24.000000,24.000000,24.000000,24.000000,24.000000,24.000000,24.000000,24.000000,24.000000,24.000000,24.000000,24.000000,24.000000,24.000000,24.000000,24.000000,24.000000,24.000000,25.000000,25.000000,25.000000,25.000000,25.000000,25.000000,25.000000,26.000000,26.000000,27.000000,27.000000,27.000000,27.000000,27.000000,27.000000,27.000000,27.000000;;0;6863
8b85;ddb;a15;0;0;4000000000000080;         6s 144ms 313μs 251ns;171;-1;             11ms 200μs 987ns;27.000000;6.333333;0.000000;inf;4;1;Unfinished;1.000000,2.000000,3.000000,4.000000,4.000000,4.000000,4.000000,4.000000,4.000000,4.000000,4.000000,4.000000,4.000000,4.000000,4.000000,5.000000,5.000000,5.000000,6.000000,7.000000,7.000000,8.000000,9.000000,9.000000,9.000000,9.000000,9.000000,9.000000,9.000000,9.000000,9.000000,9.000000,9.000000,10.000000,11.000000,12.000000,13.000000,14.000000,14.000000,14.000000,14.000000,14.000000,15.000000,16.000000,17.000000,17.000000,18.000000,18.000000,18.000000,18.000000,18.000000,18.000000,18.000000,18.000000,18.000000,18.000000,18.000000,18.000000,18.000000,18.000000,18.000000,18.000000,18.000000,18.000000,18.000000,18.000000,18.000000,18.000000,18.000000,18.000000,18.000000,18.000000,18.000000,18.000000,18.000000,18.000000,18.000000,18.000000,18.000000,18.000000,18.000000,18.000000,18.000000,18.000000,18.000000,18.000000,18.000000,18.000000,18.000000,18.000000,18.000000,18.000000,18.000000,18.000000,18.000000,18.000000,18.000000,18.000000,19.000000,19.000000,19.000000,20.000000,20.000000,20.000000,20.000000,20.000000,20.000000,20.000000,20.000000,20.000000,20.000000,20.000000,20.000000,20.000000,20.000000,20.000000,21.000000,21.000000,22.000000,22.000000,22.000000,23.000000,23.000000,23.000000,24.000000,24.000000,24.000000,24.000000,24.000000,24.000000,24.000000,24.000000,24.000000,24.000000,24.000000,24.000000,24.000000,24.000000,24.000000,24.000000,24.000000,24.000000,24.000000,24.000000,24.000000,24.000000,24.000000,24.000000,24.000000,24.000000,24.000000,24.000000,24.000000,24.000000,25.000000,25.000000,25.000000,25.000000,25.000000,25.000000,25.000000,26.000000,26.000000,27.000000,27.000000,27.000000,27.000000,27.000000,27.000000,27.000000,27.000000;;0;6864
8b8b;ddb;a15;0;0;4000000000000080;         6s 144ms 421μs 659ns;171;-1;             11ms 108μs 302ns;27.000000;6.333333;0.000000;inf;4;1;Unfinished;1.000000,2.000000,3.000000,4.000000,4.000000,4.000000,4.000000,4.000000,4.000000,4.000000,4.000000,4.000000,4.000000,4.000000,4.000000,5.000000,5.000000,5.000000,6.000000,7.000000,7.000000,8.000000,9.000000,9.000000,9.000000,9.000000,9.000000,9.000000,9.000000,9.000000,9.000000,9.000000,9.000000,10.000000,11.000000,12.000000,13.000000,14.000000,14.000000,14.000000,14.000000,14.000000,15.000000,16.000000,17.000000,17.000000,18.000000,18.000000,18.000000,18.000000,18.000000,18.000000,18.000000,18.000000,18.000000,18.000000,18.000000,18.000000,18.000000,18.000000,18.000000,18.000000,18.000000,18.000000,18.000000,18.000000,18.000000,18.000000,18.000000,18.000000,18.000000,18.000000,18.000000,18.000000,18.000000,18.000000,18.000000,18.000000,18.000000,18.000000,18.000000,18.000000,18.000000,18.000000,18.000000,18.000000,18.000000,18.000000,18.000000,18.000000,18.000000,18.000000,18.000000,18.000000,18.000000,18.000000,18.000000,18.000000,19.000000,19.000000,19.000000,20.000000,20.000000,20.000000,20.000000,20.000000,20.000000,20.000000,20.000000,20.000000,20.000000,20.000000,20.000000,20.000000,20.000000,20.000000,21.000000,21.000000,22.000000,22.000000,22.000000,23.000000,23.000000,23.000000,24.000000,24.000000,24.000000,24.000000,24.000000,24.000000,24.000000,24.000000,24.000000,24.000000,24.000000,24.000000,24.000000,24.000000,24.000000,24.000000,24.000000,24.000000,24.000000,24.000000,24.000000,24.000000,24.000000,24.000000,24.000000,24.000000,24.000000,24.000000,24.000000,24.000000,25.000000,25.000000,25.000000,25.000000,25.000000,25.000000,25.000000,26.000000,26.000000,27.000000,27.000000,27.000000,27.000000,27.000000,27.000000,27.000000,27.000000;;0;6865
8b8c;ddb;a15;0;0;0000000000000080;         6s 144ms 432μs 598ns;171;-1;             11ms 212μs 222ns;27.000000;6.333333;0.000000;inf;4;1;Unfinished;1.000000,2.000000,3.000000,4.000000,4.000000,4.000000,4.000000,4.000000,4.000000,4.000000,4.000000,4.000000,4.000000,4.000000,4.000000,5.000000,5.000000,5.000000,6.000000,7.000000,7.000000,8.000000,9.000000,9.000000,9.000000,9.000000,9.000000,9.000000,9.000000,9.000000,9.000000,9.000000,9.000000,10.000000,11.000000,12.000000,13.000000,14.000000,14.000000,14.000000,14.000000,14.000000,15.000000,16.000000,17.000000,17.000000,18.000000,18.000000,18.000000,18.000000,18.000000,18.000000,18.000000,18.000000,18.000000,18.000000,18.000000,18.000000,18.000000,18.000000,18.000000,18.000000,18.000000,18.000000,18.000000,18.000000,18.000000,18.000000,18.000000,18.000000,18.000000,18.000000,18.000000,18.000000,18.000000,18.000000,18.000000,18.000000,18.000000,18.000000,18.000000,18.000000,18.000000,18.000000,18.000000,18.000000,18.000000,18.000000,18.000000,18.000000,18.000000,18.000000,18.000000,18.000000,18.000000,18.000000,18.000000,18.000000,19.000000,19.000000,19.000000,20.000000,20.000000,20.000000,20.000000,20.000000,20.000000,20.000000,20.000000,20.000000,20.000000,20.000000,20.000000,20.000000,20.000000,20.000000,21.000000,21.000000,22.000000,22.000000,22.000000,23.000000,23.000000,23.000000,24.000000,24.000000,24.000000,24.000000,24.000000,24.000000,24.000000,24.000000,24.000000,24.000000,24.000000,24.000000,24.000000,24.000000,24.000000,24.000000,24.000000,24.000000,24.000000,24.000000,24.000000,24.000000,24.000000,24.000000,24.000000,24.000000,24.000000,24.000000,24.000000,24.000000,25.000000,25.000000,25.000000,25.000000,25.000000,25.000000,25.000000,26.000000,26.000000,27.000000,27.000000,27.000000,27.000000,27.000000,27.000000,27.000000,27.000000;;0;6866
8b91;ddb;a15;0;0;4000000000000080;         6s 144ms 522μs 521ns;171;-1;             11ms 409μs 127ns;27.000000;6.333333;0.000000;inf;4;1;Unfinished;1.000000,2.000000,3.000000,4.000000,4.000000,4.000000,4.000000,4.000000,4.000000,4.000000,4.000000,4.000000,4.000000,4.000000,4.000000,5.000000,5.000000,5.000000,6.000000,7.000000,7.000000,8.000000,9.000000,9.000000,9.000000,9.000000,9.000000,9.000000,9.000000,9.000000,9.000000,9.000000,9.000000,10.000000,11.000000,12.000000,13.000000,14.000000,14.000000,14.000000,14.000000,14.000000,15.000000,16.000000,17.000000,17.000000,18.000000,18.000000,18.000000,18.000000,18.000000,18.000000,18.000000,18.000000,18.000000,18.000000,18.000000,18.000000,18.000000,18.000000,18.000000,18.000000,18.000000,18.000000,18.000000,18.000000,18.000000,18.000000,18.000000,18.000000,18.000000,18.000000,18.000000,18.000000,18.000000,18.000000,18.000000,18.000000,18.000000,18.000000,18.000000,18.000000,18.000000,18.000000,18.000000,18.000000,18.000000,18.000000,18.000000,18.000000,18.000000,18.000000,18.000000,18.000000,18.000000,18.000000,18.000000,18.000000,19.000000,19.000000,19.000000,20.000000,20.000000,20.000000,20.000000,20.000000,20.000000,20.000000,20.000000,20.000000,20.000000,20.000000,20.000000,20.000000,20.000000,20.000000,21.000000,21.000000,22.000000,22.000000,22.000000,23.000000,23.000000,23.000000,24.000000,24.000000,24.000000,24.000000,24.000000,24.000000,24.000000,24.000000,24.000000,24.000000,24.000000,24.000000,24.000000,24.000000,24.000000,24.000000,24.000000,24.000000,24.000000,24.000000,24.000000,24.000000,24.000000,24.000000,24.000000,24.000000,24.000000,24.000000,24.000000,24.000000,25.000000,25.000000,25.000000,25.000000,25.000000,25.000000,25.000000,26.000000,26.000000,27.000000,27.000000,27.000000,27.000000,27.000000,27.000000,27.000000,27.000000;;0;6867
8b94;ddb;a15;0;0;0000000000000080;         6s 144ms 626μs 502ns;171;-1;             11ms 432μs 245ns;27.000000;6.333333;0.000000;inf;4;1;Unfinished;1.000000,2.000000,3.000000,4.000000,4.000000,4.000000,4.000000,4.000000,4.000000,4.000000,4.000000,4.000000,4.000000,4.000000,4.000000,5.000000,5.000000,5.000000,6.000000,7.000000,7.000000,8.000000,9.000000,9.000000,9.000000,9.000000,9.000000,9.000000,9.000000,9.000000,9.000000,9.000000,9.000000,10.000000,11.000000,12.000000,13.000000,14.000000,14.000000,14.000000,14.000000,14.000000,15.000000,16.000000,17.000000,17.000000,18.000000,18.000000,18.000000,18.000000,18.000000,18.000000,18.000000,18.000000,18.000000,18.000000,18.000000,18.000000,18.000000,18.000000,18.000000,18.000000,18.000000,18.000000,18.000000,18.000000,18.000000,18.000000,18.000000,18.000000,18.000000,18.000000,18.000000,18.000000,18.000000,18.000000,18.000000,18.000000,18.000000,18.000000,18.000000,18.000000,18.000000,18.000000,18.000000,18.000000,18.000000,18.000000,18.000000,18.000000,18.000000,18.000000,18.000000,18.000000,18.000000,18.000000,18.000000,18.000000,19.000000,19.000000,19.000000,20.000000,20.000000,20.000000,20.000000,20.000000,20.000000,20.000000,20.000000,20.000000,20.000000,20.000000,20.000000,20.000000,20.000000,20.000000,21.000000,21.000000,22.000000,22.000000,22.000000,23.000000,23.000000,23.000000,24.000000,24.000000,24.000000,24.000000,24.000000,24.000000,24.000000,24.000000,24.000000,24.000000,24.000000,24.000000,24.000000,24.000000,24.000000,24.000000,24.000000,24.000000,24.000000,24.000000,24.000000,24.000000,24.000000,24.000000,24.000000,24.000000,24.000000,24.000000,24.000000,24.000000,25.000000,25.000000,25.000000,25.000000,25.000000,25.000000,25.000000,26.000000,26.000000,27.000000,27.000000,27.000000,27.000000,27.000000,27.000000,27.000000,27.000000;;0;6868
8b97;ddb;a15;0;0;4000000000000080;         6s 144ms 729μs 533ns;171;-1;             11ms 480μs 761ns;27.000000;6.333333;0.000000;inf;4;1;Unfinished;1.000000,2.000000,3.000000,4.000000,4.000000,4.000000,4.000000,4.000000,4.000000,4.000000,4.000000,4.000000,4.000000,4.000000,4.000000,5.000000,5.000000,5.000000,6.000000,7.000000,7.000000,8.000000,9.000000,9.000000,9.000000,9.000000,9.000000,9.000000,9.000000,9.000000,9.000000,9.000000,9.000000,10.000000,11.000000,12.000000,13.000000,14.000000,14.000000,14.000000,14.000000,14.000000,15.000000,16.000000,17.000000,17.000000,18.000000,18.000000,18.000000,18.000000,18.000000,18.000000,18.000000,18.000000,18.000000,18.000000,18.000000,18.000000,18.000000,18.000000,18.000000,18.000000,18.000000,18.000000,18.000000,18.000000,18.000000,18.000000,18.000000,18.000000,18.000000,18.000000,18.000000,18.000000,18.000000,18.000000,18.000000,18.000000,18.000000,18.000000,18.000000,18.000000,18.000000,18.000000,18.000000,18.000000,18.000000,18.000000,18.000000,18.000000,18.000000,18.000000,18.000000,18.000000,18.000000,18.000000,18.000000,18.000000,19.000000,19.000000,19.000000,20.000000,20.000000,20.000000,20.000000,20.000000,20.000000,20.000000,20.000000,20.000000,20.000000,20.000000,20.000000,20.000000,20.000000,20.000000,21.000000,21.000000,22.000000,22.000000,22.000000,23.000000,23.000000,23.000000,24.000000,24.000000,24.000000,24.000000,24.000000,24.000000,24.000000,24.000000,24.000000,24.000000,24.000000,24.000000,24.000000,24.000000,24.000000,24.000000,24.000000,24.000000,24.000000,24.000000,24.000000,24.000000,24.000000,24.000000,24.000000,24.000000,24.000000,24.000000,24.000000,24.000000,25.000000,25.000000,25.000000,25.000000,25.000000,25.000000,25.000000,26.000000,26.000000,27.000000,27.000000,27.000000,27.000000,27.000000,27.000000,27.000000,27.000000;;0;6869
8b9a;ddb;a15;0;0;4000000000000080;         6s 144ms 828μs 457ns;171;-1;             11ms 172μs 139ns;27.000000;6.333333;0.000000;inf;4;1;Unfinished;1.000000,2.000000,3.000000,4.000000,4.000000,4.000000,4.000000,4.000000,4.000000,4.000000,4.000000,4.000000,4.000000,4.000000,4.000000,5.000000,5.000000,5.000000,6.000000,7.000000,7.000000,8.000000,9.000000,9.000000,9.000000,9.000000,9.000000,9.000000,9.000000,9.000000,9.000000,9.000000,9.000000,10.000000,11.000000,12.000000,13.000000,14.000000,14.000000,14.000000,14.000000,14.000000,15.000000,16.000000,17.000000,17.000000,18.000000,18.000000,18.000000,18.000000,18.000000,18.000000,18.000000,18.000000,18.000000,18.000000,18.000000,18.000000,18.000000,18.000000,18.000000,18.000000,18.000000,18.000000,18.000000,18.000000,18.000000,18.000000,18.000000,18.000000,18.000000,18.000000,18.000000,18.000000,18.000000,18.000000,18.000000,18.000000,18.000000,18.000000,18.000000,18.000000,18.000000,18.000000,18.000000,18.000000,18.000000,18.000000,18.000000,18.000000,18.000000,18.000000,18.000000,18.000000,18.000000,18.000000,18.000000,18.000000,19.000000,19.000000,19.000000,20.000000,20.000000,20.000000,20.000000,20.000000,20.000000,20.000000,20.000000,20.000000,20.000000,20.000000,20.000000,20.000000,20.000000,20.000000,21.000000,21.000000,22.000000,22.000000,22.000000,23.000000,23.000000,23.000000,24.000000,24.000000,24.000000,24.000000,24.000000,24.000000,24.000000,24.000000,24.000000,24.000000,24.000000,24.000000,24.000000,24.000000,24.000000,24.000000,24.000000,24.000000,24.000000,24.000000,24.000000,24.000000,24.000000,24.000000,24.000000,24.000000,24.000000,24.000000,24.000000,24.000000,25.000000,25.000000,25.000000,25.000000,25.000000,25.000000,25.000000,26.000000,26.000000,27.000000,27.000000,27.000000,27.000000,27.000000,27.000000,27.000000,27.000000;;0;6870
8b9d;ddb;a15;0;0;4000000000000080;         6s 144ms 924μs  35ns;171;-1;             11ms   4μs 411ns;27.000000;6.333333;0.000000;inf;4;1;Unfinished;1.000000,2.000000,3.000000,4.000000,4.000000,4.000000,4.000000,4.000000,4.000000,4.000000,4.000000,4.000000,4.000000,4.000000,4.000000,5.000000,5.000000,5.000000,6.000000,7.000000,7.000000,8.000000,9.000000,9.000000,9.000000,9.000000,9.000000,9.000000,9.000000,9.000000,9.000000,9.000000,9.000000,10.000000,11.000000,12.000000,13.000000,14.000000,14.000000,14.000000,14.000000,14.000000,15.000000,16.000000,17.000000,17.000000,18.000000,18.000000,18.000000,18.000000,18.000000,18.000000,18.000000,18.000000,18.000000,18.000000,18.000000,18.000000,18.000000,18.000000,18.000000,18.000000,18.000000,18.000000,18.000000,18.000000,18.000000,18.000000,18.000000,18.000000,18.000000,18.000000,18.000000,18.000000,18.000000,18.000000,18.000000,18.000000,18.000000,18.000000,18.000000,18.000000,18.000000,18.000000,18.000000,18.000000,18.000000,18.000000,18.000000,18.000000,18.000000,18.000000,18.000000,18.000000,18.000000,18.000000,18.000000,18.000000,19.000000,19.000000,19.000000,20.000000,20.000000,20.000000,20.000000,20.000000,20.000000,20.000000,20.000000,20.000000,20.000000,20.000000,20.000000,20.000000,20.000000,20.000000,21.000000,21.000000,22.000000,22.000000,22.000000,23.000000,23.000000,23.000000,24.000000,24.000000,24.000000,24.000000,24.000000,24.000000,24.000000,24.000000,24.000000,24.000000,24.000000,24.000000,24.000000,24.000000,24.000000,24.000000,24.000000,24.000000,24.000000,24.000000,24.000000,24.000000,24.000000,24.000000,24.000000,24.000000,24.000000,24.000000,24.000000,24.000000,25.000000,25.000000,25.000000,25.000000,25.000000,25.000000,25.000000,26.000000,26.000000,27.000000,27.000000,27.000000,27.000000,27.000000,27.000000,27.000000,27.000000;;0;6871
8ba0;ddb;a15;0;0;4000000000000080;         6s 145ms  22μs 234ns;171;-1;             11ms 403μs 220ns;27.000000;6.333333;0.000000;inf;4;1;Unfinished;1.000000,2.000000,3.000000,4.000000,4.000000,4.000000,4.000000,4.000000,4.000000,4.000000,4.000000,4.000000,4.000000,4.000000,4.000000,5.000000,5.000000,5.000000,6.000000,7.000000,7.000000,8.000000,9.000000,9.000000,9.000000,9.000000,9.000000,9.000000,9.000000,9.000000,9.000000,9.000000,9.000000,10.000000,11.000000,12.000000,13.000000,14.000000,14.000000,14.000000,14.000000,14.000000,15.000000,16.000000,17.000000,17.000000,18.000000,18.000000,18.000000,18.000000,18.000000,18.000000,18.000000,18.000000,18.000000,18.000000,18.000000,18.000000,18.000000,18.000000,18.000000,18.000000,18.000000,18.000000,18.000000,18.000000,18.000000,18.000000,18.000000,18.000000,18.000000,18.000000,18.000000,18.000000,18.000000,18.000000,18.000000,18.000000,18.000000,18.000000,18.000000,18.000000,18.000000,18.000000,18.000000,18.000000,18.000000,18.000000,18.000000,18.000000,18.000000,18.000000,18.000000,18.000000,18.000000,18.000000,18.000000,18.000000,19.000000,19.000000,19.000000,20.000000,20.000000,20.000000,20.000000,20.000000,20.000000,20.000000,20.000000,20.000000,20.000000,20.000000,20.000000,20.000000,20.000000,20.000000,21.000000,21.000000,22.000000,22.000000,22.000000,23.000000,23.000000,23.000000,24.000000,24.000000,24.000000,24.000000,24.000000,24.000000,24.000000,24.000000,24.000000,24.000000,24.000000,24.000000,24.000000,24.000000,24.000000,24.000000,24.000000,24.000000,24.000000,24.000000,24.000000,24.000000,24.000000,24.000000,24.000000,24.000000,24.000000,24.000000,24.000000,24.000000,25.000000,25.000000,25.000000,25.000000,25.000000,25.000000,25.000000,26.000000,26.000000,27.000000,27.000000,27.000000,27.000000,27.000000,27.000000,27.000000,27.000000;;0;6872
8ba3;ddb;a15;0;0;0000000000000080;         6s 145ms 121μs 609ns;171;-1;             11ms 132μs 280ns;27.000000;6.333333;0.000000;inf;4;1;Unfinished;1.000000,2.000000,3.000000,4.000000,4.000000,4.000000,4.000000,4.000000,4.000000,4.000000,4.000000,4.000000,4.000000,4.000000,4.000000,5.000000,5.000000,5.000000,6.000000,7.000000,7.000000,8.000000,9.000000,9.000000,9.000000,9.000000,9.000000,9.000000,9.000000,9.000000,9.000000,9.000000,9.000000,10.000000,11.000000,12.000000,13.000000,14.000000,14.000000,14.000000,14.000000,14.000000,15.000000,16.000000,17.000000,17.000000,18.000000,18.000000,18.000000,18.000000,18.000000,18.000000,18.000000,18.000000,18.000000,18.000000,18.000000,18.000000,18.000000,18.000000,18.000000,18.000000,18.000000,18.000000,18.000000,18.000000,18.000000,18.000000,18.000000,18.000000,18.000000,18.000000,18.000000,18.000000,18.000000,18.000000,18.000000,18.000000,18.000000,18.000000,18.000000,18.000000,18.000000,18.000000,18.000000,18.000000,18.000000,18.000000,18.000000,18.000000,18.000000,18.000000,18.000000,18.000000,18.000000,18.000000,18.000000,18.000000,19.000000,19.000000,19.000000,20.000000,20.000000,20.000000,20.000000,20.000000,20.000000,20.000000,20.000000,20.000000,20.000000,20.000000,20.000000,20.000000,20.000000,20.000000,21.000000,21.000000,22.000000,22.000000,22.000000,23.000000,23.000000,23.000000,24.000000,24.000000,24.000000,24.000000,24.000000,24.000000,24.000000,24.000000,24.000000,24.000000,24.000000,24.000000,24.000000,24.000000,24.000000,24.000000,24.000000,24.000000,24.000000,24.000000,24.000000,24.000000,24.000000,24.000000,24.000000,24.000000,24.000000,24.000000,24.000000,24.000000,25.000000,25.000000,25.000000,25.000000,25.000000,25.000000,25.000000,26.000000,26.000000,27.000000,27.000000,27.000000,27.000000,27.000000,27.000000,27.000000,27.000000;;0;6873
8ba6;ddb;a15;0;0;4000000000000080;         6s 145ms 196μs 251ns;171;-1;             11ms  13μs 266ns;27.000000;6.333333;0.000000;inf;4;1;Unfinished;1.000000,2.000000,3.000000,4.000000,4.000000,4.000000,4.000000,4.000000,4.000000,4.000000,4.000000,4.000000,4.000000,4.000000,4.000000,5.000000,5.000000,5.000000,6.000000,7.000000,7.000000,8.000000,9.000000,9.000000,9.000000,9.000000,9.000000,9.000000,9.000000,9.000000,9.000000,9.000000,9.000000,10.000000,11.000000,12.000000,13.000000,14.000000,14.000000,14.000000,14.000000,14.000000,15.000000,16.000000,17.000000,17.000000,18.000000,18.000000,18.000000,18.000000,18.000000,18.000000,18.000000,18.000000,18.000000,18.000000,18.000000,18.000000,18.000000,18.000000,18.000000,18.000000,18.000000,18.000000,18.000000,18.000000,18.000000,18.000000,18.000000,18.000000,18.000000,18.000000,18.000000,18.000000,18.000000,18.000000,18.000000,18.000000,18.000000,18.000000,18.000000,18.000000,18.000000,18.000000,18.000000,18.000000,18.000000,18.000000,18.000000,18.000000,18.000000,18.000000,18.000000,18.000000,18.000000,18.000000,18.000000,18.000000,19.000000,19.000000,19.000000,20.000000,20.000000,20.000000,20.000000,20.000000,20.000000,20.000000,20.000000,20.000000,20.000000,20.000000,20.000000,20.000000,20.000000,20.000000,21.000000,21.000000,22.000000,22.000000,22.000000,23.000000,23.000000,23.000000,24.000000,24.000000,24.000000,24.000000,24.000000,24.000000,24.000000,24.000000,24.000000,24.000000,24.000000,24.000000,24.000000,24.000000,24.000000,24.000000,24.000000,24.000000,24.000000,24.000000,24.000000,24.000000,24.000000,24.000000,24.000000,24.000000,24.000000,24.000000,24.000000,24.000000,25.000000,25.000000,25.000000,25.000000,25.000000,25.000000,25.000000,26.000000,26.000000,27.000000,27.000000,27.000000,27.000000,27.000000,27.000000,27.000000,27.000000;;0;6874
8ba8;ddb;a15;0;0;4000000000000080;         6s 145ms 233μs 675ns;171;-1;             10ms 959μs 761ns;27.000000;6.333333;0.000000;inf;4;1;Unfinished;1.000000,2.000000,3.000000,4.000000,4.000000,4.000000,4.000000,4.000000,4.000000,4.000000,4.000000,4.000000,4.000000,4.000000,4.000000,5.000000,5.000000,5.000000,6.000000,7.000000,7.000000,8.000000,9.000000,9.000000,9.000000,9.000000,9.000000,9.000000,9.000000,9.000000,9.000000,9.000000,9.000000,10.000000,11.000000,12.000000,13.000000,14.000000,14.000000,14.000000,14.000000,14.000000,15.000000,16.000000,17.000000,17.000000,18.000000,18.000000,18.000000,18.000000,18.000000,18.000000,18.000000,18.000000,18.000000,18.000000,18.000000,18.000000,18.000000,18.000000,18.000000,18.000000,18.000000,18.000000,18.000000,18.000000,18.000000,18.000000,18.000000,18.000000,18.000000,18.000000,18.000000,18.000000,18.000000,18.000000,18.000000,18.000000,18.000000,18.000000,18.000000,18.000000,18.000000,18.000000,18.000000,18.000000,18.000000,18.000000,18.000000,18.000000,18.000000,18.000000,18.000000,18.000000,18.000000,18.000000,18.000000,18.000000,19.000000,19.000000,19.000000,20.000000,20.000000,20.000000,20.000000,20.000000,20.000000,20.000000,20.000000,20.000000,20.000000,20.000000,20.000000,20.000000,20.000000,20.000000,21.000000,21.000000,22.000000,22.000000,22.000000,23.000000,23.000000,23.000000,24.000000,24.000000,24.000000,24.000000,24.000000,24.000000,24.000000,24.000000,24.000000,24.000000,24.000000,24.000000,24.000000,24.000000,24.000000,24.000000,24.000000,24.000000,24.000000,24.000000,24.000000,24.000000,24.000000,24.000000,24.000000,24.000000,24.000000,24.000000,24.000000,24.000000,25.000000,25.000000,25.000000,25.000000,25.000000,25.000000,25.000000,26.000000,26.000000,27.000000,27.000000,27.000000,27.000000,27.000000,27.000000,27.000000,27.000000;;0;6875
8bab;ddb;a15;0;0;4000000000000080;         6s 145ms 271μs 985ns;171;-1;             11ms 181μs 409ns;27.000000;6.333333;0.000000;inf;4;1;Unfinished;1.000000,2.000000,3.000000,4.000000,4.000000,4.000000,4.000000,4.000000,4.000000,4.000000,4.000000,4.000000,4.000000,4.000000,4.000000,5.000000,5.000000,5.000000,6.000000,7.000000,7.000000,8.000000,9.000000,9.000000,9.000000,9.000000,9.000000,9.000000,9.000000,9.000000,9.000000,9.000000,9.000000,10.000000,11.000000,12.000000,13.000000,14.000000,14.000000,14.000000,14.000000,14.000000,15.000000,16.000000,17.000000,17.000000,18.000000,18.000000,18.000000,18.000000,18.000000,18.000000,18.000000,18.000000,18.000000,18.000000,18.000000,18.000000,18.000000,18.000000,18.000000,18.000000,18.000000,18.000000,18.000000,18.000000,18.000000,18.000000,18.000000,18.000000,18.000000,18.000000,18.000000,18.000000,18.000000,18.000000,18.000000,18.000000,18.000000,18.000000,18.000000,18.000000,18.000000,18.000000,18.000000,18.000000,18.000000,18.000000,18.000000,18.000000,18.000000,18.000000,18.000000,18.000000,18.000000,18.000000,18.000000,18.000000,19.000000,19.000000,19.000000,20.000000,20.000000,20.000000,20.000000,20.000000,20.000000,20.000000,20.000000,20.000000,20.000000,20.000000,20.000000,20.000000,20.000000,20.000000,21.000000,21.000000,22.000000,22.000000,22.000000,23.000000,23.000000,23.000000,24.000000,24.000000,24.000000,24.000000,24.000000,24.000000,24.000000,24.000000,24.000000,24.000000,24.000000,24.000000,24.000000,24.000000,24.000000,24.000000,24.000000,24.000000,24.000000,24.000000,24.000000,24.000000,24.000000,24.000000,24.000000,24.000000,24.000000,24.000000,24.000000,24.000000,25.000000,25.000000,25.000000,25.000000,25.000000,25.000000,25.000000,26.000000,26.000000,27.000000,27.000000,27.000000,27.000000,27.000000,27.000000,27.000000,27.000000;;0;6876
8bae;ddb;a15;0;0;0000000000000080;         6s 145ms 320μs 180ns;171;-1;             11ms 469μs 341ns;27.000000;6.333333;0.000000;inf;4;1;Unfinished;1.000000,2.000000,3.000000,4.000000,4.000000,4.000000,4.000000,4.000000,4.000000,4.000000,4.000000,4.000000,4.000000,4.000000,4.000000,5.000000,5.000000,5.000000,6.000000,7.000000,7.000000,8.000000,9.000000,9.000000,9.000000,9.000000,9.000000,9.000000,9.000000,9.000000,9.000000,9.000000,9.000000,10.000000,11.000000,12.000000,13.000000,14.000000,14.000000,14.000000,14.000000,14.000000,15.000000,16.000000,17.000000,17.000000,18.000000,18.000000,18.000000,18.000000,18.000000,18.000000,18.000000,18.000000,18.000000,18.000000,18.000000,18.000000,18.000000,18.000000,18.000000,18.000000,18.000000,18.000000,18.000000,18.000000,18.000000,18.000000,18.000000,18.000000,18.000000,18.000000,18.000000,18.000000,18.000000,18.000000,18.000000,18.000000,18.000000,18.000000,18.000000,18.000000,18.000000,18.000000,18.000000,18.000000,18.000000,18.000000,18.000000,18.000000,18.000000,18.000000,18.000000,18.000000,18.000000,18.000000,18.000000,18.000000,19.000000,19.000000,19.000000,20.000000,20.000000,20.000000,20.000000,20.000000,20.000000,20.000000,20.000000,20.000000,20.000000,20.000000,20.000000,20.000000,20.000000,20.000000,21.000000,21.000000,22.000000,22.000000,22.000000,23.000000,23.000000,23.000000,24.000000,24.000000,24.000000,24.000000,24.000000,24.000000,24.000000,24.000000,24.000000,24.000000,24.000000,24.000000,24.000000,24.000000,24.000000,24.000000,24.000000,24.000000,24.000000,24.000000,24.000000,24.000000,24.000000,24.000000,24.000000,24.000000,24.000000,24.000000,24.000000,24.000000,25.000000,25.000000,25.000000,25.000000,25.000000,25.000000,25.000000,26.000000,26.000000,27.000000,27.000000,27.000000,27.000000,27.000000,27.000000,27.000000,27.000000;;0;6877
8bb1;ddb;a15;0;0;4000000000000080;         6s 145ms 363μs 584ns;171;-1;             11ms 382μs 741ns;27.000000;6.333333;0.000000;inf;4;1;Unfinished;1.000000,2.000000,3.000000,4.000000,4.000000,4.000000,4.000000,4.000000,4.000000,4.000000,4.000000,4.000000,4.000000,4.000000,4.000000,5.000000,5.000000,5.000000,6.000000,7.000000,7.000000,8.000000,9.000000,9.000000,9.000000,9.000000,9.000000,9.000000,9.000000,9.000000,9.000000,9.000000,9.000000,10.000000,11.000000,12.000000,13.000000,14.000000,14.000000,14.000000,14.000000,14.000000,15.000000,16.000000,17.000000,17.000000,18.000000,18.000000,18.000000,18.000000,18.000000,18.000000,18.000000,18.000000,18.000000,18.000000,18.000000,18.000000,18.000000,18.000000,18.000000,18.000000,18.000000,18.000000,18.000000,18.000000,18.000000,18.000000,18.000000,18.000000,18.000000,18.000000,18.000000,18.000000,18.000000,18.000000,18.000000,18.000000,18.000000,18.000000,18.000000,18.000000,18.000000,18.000000,18.000000,18.000000,18.000000,18.000000,18.000000,18.000000,18.000000,18.000000,18.000000,18.000000,18.000000,18.000000,18.000000,18.000000,19.000000,19.000000,19.000000,20.000000,20.000000,20.000000,20.000000,20.000000,20.000000,20.000000,20.000000,20.000000,20.000000,20.000000,20.000000,20.000000,20.000000,20.000000,21.000000,21.000000,22.000000,22.000000,22.000000,23.000000,23.000000,23.000000,24.000000,24.000000,24.000000,24.000000,24.000000,24.000000,24.000000,24.000000,24.000000,24.000000,24.000000,24.000000,24.000000,24.000000,24.000000,24.000000,24.000000,24.000000,24.000000,24.000000,24.000000,24.000000,24.000000,24.000000,24.000000,24.000000,24.000000,24.000000,24.000000,24.000000,25.000000,25.000000,25.000000,25.000000,25.000000,25.000000,25.000000,26.000000,26.000000,27.000000,27.000000,27.000000,27.000000,27.000000,27.000000,27.000000,27.000000;;0;6878
8bb4;ddb;a15;0;0;4000000000000080;         6s 145ms 417μs  13ns;171;-1;             11ms 259μs  47ns;27.000000;6.333333;0.000000;inf;4;1;Unfinished;1.000000,2.000000,3.000000,4.000000,4.000000,4.000000,4.000000,4.000000,4.000000,4.000000,4.000000,4.000000,4.000000,4.000000,4.000000,5.000000,5.000000,5.000000,6.000000,7.000000,7.000000,8.000000,9.000000,9.000000,9.000000,9.000000,9.000000,9.000000,9.000000,9.000000,9.000000,9.000000,9.000000,10.000000,11.000000,12.000000,13.000000,14.000000,14.000000,14.000000,14.000000,14.000000,15.000000,16.000000,17.000000,17.000000,18.000000,18.000000,18.000000,18.000000,18.000000,18.000000,18.000000,18.000000,18.000000,18.000000,18.000000,18.000000,18.000000,18.000000,18.000000,18.000000,18.000000,18.000000,18.000000,18.000000,18.000000,18.000000,18.000000,18.000000,18.000000,18.000000,18.000000,18.000000,18.000000,18.000000,18.000000,18.000000,18.000000,18.000000,18.000000,18.000000,18.000000,18.000000,18.000000,18.000000,18.000000,18.000000,18.000000,18.000000,18.000000,18.000000,18.000000,18.000000,18.000000,18.000000,18.000000,18.000000,19.000000,19.000000,19.000000,20.000000,20.000000,20.000000,20.000000,20.000000,20.000000,20.000000,20.000000,20.000000,20.000000,20.000000,20.000000,20.000000,20.000000,20.000000,21.000000,21.000000,22.000000,22.000000,22.000000,23.000000,23.000000,23.000000,24.000000,24.000000,24.000000,24.000000,24.000000,24.000000,24.000000,24.000000,24.000000,24.000000,24.000000,24.000000,24.000000,24.000000,24.000000,24.000000,24.000000,24.000000,24.000000,24.000000,24.000000,24.000000,24.000000,24.000000,24.000000,24.000000,24.000000,24.000000,24.000000,24.000000,25.000000,25.000000,25.000000,25.000000,25.000000,25.000000,25.000000,26.000000,26.000000,27.000000,27.000000,27.000000,27.000000,27.000000,27.000000,27.000000,27.000000;;0;6879
8bb7;ddb;a15;0;0;0000000000000080;         6s 145ms 439μs 575ns;171;-1;             11ms  29μs 121ns;27.000000;6.333333;0.000000;inf;4;1;Unfinished;1.000000,2.000000,3.000000,4.000000,4.000000,4.000000,4.000000,4.000000,4.000000,4.000000,4.000000,4.000000,4.000000,4.000000,4.000000,5.000000,5.000000,5.000000,6.000000,7.000000,7.000000,8.000000,9.000000,9.000000,9.000000,9.000000,9.000000,9.000000,9.000000,9.000000,9.000000,9.000000,9.000000,10.000000,11.000000,12.000000,13.000000,14.000000,14.000000,14.000000,14.000000,14.000000,15.000000,16.000000,17.000000,17.000000,18.000000,18.000000,18.000000,18.000000,18.000000,18.000000,18.000000,18.000000,18.000000,18.000000,18.000000,18.000000,18.000000,18.000000,18.000000,18.000000,18.000000,18.000000,18.000000,18.000000,18.000000,18.000000,18.000000,18.000000,18.000000,18.000000,18.000000,19.000000,19.000000,19.000000,19.000000,19.000000,19.000000,19.000000,19.000000,19.000000,19.000000,20.000000,21.000000,22.000000,22.000000,23.000000,23.000000,23.000000,24.000000,24.000000,24.000000,24.000000,24.000000,24.000000,24.000000,25.000000,25.000000,25.000000,26.000000,26.000000,26.000000,26.000000,26.000000,27.000000,27.000000,27.000000,27.000000,27.000000,27.000000,27.000000,27.000000,27.000000,27.000000,27.000000,27.000000,27.000000,27.000000,27.000000,27.000000,27.000000,27.000000,27.000000,27.000000,27.000000,27.000000,27.000000,27.000000,27.000000,27.000000,27.000000,27.000000,27.000000,27.000000,27.000000,27.000000,27.000000,27.000000,27.000000,27.000000,27.000000,27.000000,27.000000,27.000000,27.000000,27.000000,27.000000,27.000000,27.000000,27.000000,27.000000,27.000000,27.000000,27.000000,27.000000,27.000000,27.000000,27.000000,27.000000,27.000000,27.000000,27.000000,27.000000,27.000000,27.000000,27.000000,27.000000,27.000000,27.000000,27.000000;;0;6880
8bba;ddb;a15;0;0;4000000000000080;         6s 145ms 493μs 306ns;171;-1;             10ms 959μs   5ns;27.000000;6.333333;0.000000;inf;4;1;Unfinished;1.000000,2.000000,3.000000,4.000000,4.000000,4.000000,4.000000,4.000000,4.000000,4.000000,4.000000,4.000000,4.000000,4.000000,4.000000,5.000000,5.000000,5.000000,6.000000,7.000000,7.000000,8.000000,9.000000,9.000000,9.000000,9.000000,9.000000,9.000000,9.000000,9.000000,9.000000,9.000000,9.000000,10.000000,11.000000,12.000000,13.000000,14.000000,14.000000,14.000000,14.000000,14.000000,15.000000,16.000000,17.000000,17.000000,18.000000,18.000000,18.000000,18.000000,18.000000,18.000000,18.000000,18.000000,18.000000,18.000000,18.000000,18.000000,18.000000,18.000000,18.000000,18.000000,18.000000,18.000000,18.000000,18.000000,18.000000,18.000000,18.000000,18.000000,18.000000,18.000000,18.000000,19.000000,19.000000,19.000000,19.000000,19.000000,19.000000,19.000000,19.000000,19.000000,19.000000,20.000000,21.000000,22.000000,22.000000,23.000000,23.000000,23.000000,24.000000,24.000000,24.000000,24.000000,24.000000,24.000000,24.000000,25.000000,25.000000,25.000000,26.000000,26.000000,26.000000,26.000000,26.000000,27.000000,27.000000,27.000000,27.000000,27.000000,27.000000,27.000000,27.000000,27.000000,27.000000,27.000000,27.000000,27.000000,27.000000,27.000000,27.000000,27.000000,27.000000,27.000000,27.000000,27.000000,27.000000,27.000000,27.000000,27.000000,27.000000,27.000000,27.000000,27.000000,27.000000,27.000000,27.000000,27.000000,27.000000,27.000000,27.000000,27.000000,27.000000,27.000000,27.000000,27.000000,27.000000,27.000000,27.000000,27.000000,27.000000,27.000000,27.000000,27.000000,27.000000,27.000000,27.000000,27.000000,27.000000,27.000000,27.000000,27.000000,27.000000,27.000000,27.000000,27.000000,27.000000,27.000000,27.000000,27.000000,27.000000;;0;6881
8bbd;ddb;a15;0;0;4000000000000080;         6s 145ms 526μs 636ns;171;-1;             11ms  56μs 957ns;27.000000;6.333333;0.000000;inf;4;1;Unfinished;1.000000,2.000000,3.000000,4.000000,4.000000,4.000000,4.000000,4.000000,4.000000,4.000000,4.000000,4.000000,4.000000,4.000000,4.000000,5.000000,5.000000,5.000000,6.000000,7.000000,7.000000,8.000000,9.000000,9.000000,9.000000,9.000000,9.000000,9.000000,9.000000,9.000000,9.000000,9.000000,9.000000,10.000000,11.000000,12.000000,13.000000,14.000000,14.000000,14.000000,14.000000,14.000000,15.000000,16.000000,17.000000,17.000000,18.000000,18.000000,18.000000,18.000000,18.000000,18.000000,18.000000,18.000000,18.000000,18.000000,18.000000,18.000000,18.000000,18.000000,18.000000,18.000000,18.000000,18.000000,18.000000,18.000000,18.000000,18.000000,18.000000,18.000000,18.000000,18.000000,18.000000,18.000000,18.000000,18.000000,18.000000,18.000000,18.000000,18.000000,18.000000,18.000000,18.000000,18.000000,18.000000,18.000000,18.000000,18.000000,18.000000,18.000000,18.000000,18.000000,18.000000,18.000000,18.000000,18.000000,18.000000,18.000000,19.000000,19.000000,19.000000,20.000000,20.000000,20.000000,20.000000,20.000000,20.000000,20.000000,20.000000,20.000000,20.000000,20.000000,20.000000,20.000000,20.000000,20.000000,21.000000,21.000000,22.000000,22.000000,22.000000,23.000000,23.000000,23.000000,24.000000,24.000000,24.000000,24.000000,24.000000,24.000000,24.000000,24.000000,24.000000,24.000000,24.000000,24.000000,24.000000,24.000000,24.000000,24.000000,24.000000,24.000000,24.000000,24.000000,24.000000,24.000000,24.000000,24.000000,24.000000,24.000000,24.000000,24.000000,24.000000,24.000000,25.000000,25.000000,25.000000,25.000000,25.000000,25.000000,25.000000,26.000000,26.000000,27.000000,27.000000,27.000000,27.000000,27.000000,27.000000,27.000000,27.000000;;0;6882
8bc0;ddb;a15;0;0;4000000000000080;         6s 145ms 584μs  97ns;171;-1;             11ms  66μs  31ns;27.000000;6.333333;0.000000;inf;4;1;Unfinished;1.000000,2.000000,3.000000,4.000000,4.000000,4.000000,4.000000,4.000000,4.000000,4.000000,4.000000,4.000000,4.000000,4.000000,4.000000,5.000000,5.000000,5.000000,6.000000,7.000000,7.000000,8.000000,9.000000,9.000000,9.000000,9.000000,9.000000,9.000000,9.000000,9.000000,9.000000,9.000000,9.000000,10.000000,11.000000,12.000000,13.000000,14.000000,14.000000,14.000000,14.000000,14.000000,15.000000,16.000000,17.000000,17.000000,18.000000,18.000000,18.000000,18.000000,18.000000,18.000000,18.000000,18.000000,18.000000,18.000000,18.000000,18.000000,18.000000,18.000000,18.000000,18.000000,18.000000,18.000000,18.000000,18.000000,18.000000,18.000000,18.000000,18.000000,18.000000,18.000000,18.000000,19.000000,19.000000,19.000000,19.000000,19.000000,19.000000,19.000000,19.000000,19.000000,19.000000,20.000000,21.000000,22.000000,22.000000,23.000000,23.000000,23.000000,24.000000,24.000000,24.000000,24.000000,24.000000,24.000000,24.000000,25.000000,25.000000,25.000000,26.000000,26.000000,26.000000,26.000000,26.000000,27.000000,27.000000,27.000000,27.000000,27.000000,27.000000,27.000000,27.000000,27.000000,27.000000,27.000000,27.000000,27.000000,27.000000,27.000000,27.000000,27.000000,27.000000,27.000000,27.000000,27.000000,27.000000,27.000000,27.000000,27.000000,27.000000,27.000000,27.000000,27.000000,27.000000,27.000000,27.000000,27.000000,27.000000,27.000000,27.000000,27.000000,27.000000,27.000000,27.000000,27.000000,27.000000,27.000000,27.000000,27.000000,27.000000,27.000000,27.000000,27.000000,27.000000,27.000000,27.000000,27.000000,27.000000,27.000000,27.000000,27.000000,27.000000,27.000000,27.000000,27.000000,27.000000,27.000000,27.000000,27.000000,27.000000;;0;6883
8bc3;ddb;a15;0;0;4000000000000080;         6s 145ms 607μs 248ns;171;-1;             10ms 968μs 906ns;27.000000;6.333333;0.000000;inf;4;1;Unfinished;1.000000,2.000000,3.000000,4.000000,4.000000,4.000000,4.000000,4.000000,4.000000,4.000000,4.000000,4.000000,4.000000,4.000000,4.000000,5.000000,5.000000,5.000000,6.000000,7.000000,7.000000,8.000000,9.000000,9.000000,9.000000,9.000000,9.000000,9.000000,9.000000,9.000000,9.000000,9.000000,9.000000,10.000000,11.000000,12.000000,13.000000,14.000000,14.000000,14.000000,14.000000,14.000000,15.000000,16.000000,17.000000,17.000000,18.000000,18.000000,18.000000,18.000000,18.000000,18.000000,18.000000,18.000000,18.000000,18.000000,18.000000,18.000000,18.000000,18.000000,18.000000,18.000000,18.000000,18.000000,18.000000,18.000000,18.000000,18.000000,18.000000,18.000000,18.000000,18.000000,18.000000,18.000000,18.000000,18.000000,18.000000,18.000000,18.000000,18.000000,18.000000,18.000000,18.000000,18.000000,18.000000,18.000000,18.000000,18.000000,18.000000,18.000000,18.000000,18.000000,18.000000,18.000000,18.000000,18.000000,18.000000,18.000000,18.000000,19.000000,19.000000,20.000000,20.000000,20.000000,20.000000,20.000000,20.000000,20.000000,20.000000,20.000000,20.000000,20.000000,20.000000,20.000000,20.000000,20.000000,21.000000,21.000000,22.000000,22.000000,22.000000,23.000000,23.000000,23.000000,24.000000,24.000000,24.000000,24.000000,24.000000,24.000000,24.000000,24.000000,24.000000,24.000000,24.000000,24.000000,24.000000,24.000000,24.000000,24.000000,24.000000,24.000000,24.000000,24.000000,24.000000,24.000000,24.000000,24.000000,24.000000,24.000000,24.000000,24.000000,24.000000,24.000000,25.000000,25.000000,25.000000,25.000000,25.000000,25.000000,25.000000,26.000000,26.000000,27.000000,27.000000,27.000000,27.000000,27.000000,27.000000,27.000000,27.000000;;0;6884
8bc6;ddb;a15;0;0;4000000000000080;         6s 145ms 661μs 863ns;171;-1;             10ms 902μs 315ns;27.000000;6.333333;0.000000;inf;4;1;Unfinished;1.000000,2.000000,3.000000,4.000000,4.000000,4.000000,4.000000,4.000000,4.000000,4.000000,4.000000,4.000000,4.000000,4.000000,4.000000,5.000000,5.000000,5.000000,6.000000,7.000000,7.000000,8.000000,9.000000,9.000000,9.000000,9.000000,9.000000,9.000000,9.000000,9.000000,9.000000,9.000000,9.000000,10.000000,11.000000,12.000000,13.000000,14.000000,14.000000,14.000000,14.000000,14.000000,15.000000,16.000000,17.000000,17.000000,18.000000,18.000000,18.000000,18.000000,18.000000,18.000000,18.000000,18.000000,18.000000,18.000000,18.000000,18.000000,18.000000,18.000000,18.000000,18.000000,18.000000,18.000000,18.000000,18.000000,18.000000,18.000000,18.000000,18.000000,18.000000,18.000000,18.000000,18.000000,18.000000,18.000000,18.000000,18.000000,18.000000,18.000000,18.000000,18.000000,18.000000,18.000000,18.000000,18.000000,18.000000,18.000000,18.000000,18.000000,18.000000,18.000000,18.000000,18.000000,18.000000,18.000000,18.000000,18.000000,19.000000,19.000000,19.000000,20.000000,20.000000,20.000000,20.000000,20.000000,20.000000,20.000000,20.000000,20.000000,20.000000,20.000000,20.000000,20.000000,20.000000,20.000000,21.000000,21.000000,22.000000,22.000000,22.000000,23.000000,23.000000,23.000000,24.000000,24.000000,24.000000,24.000000,24.000000,24.000000,24.000000,24.000000,24.000000,24.000000,24.000000,24.000000,24.000000,24.000000,24.000000,24.000000,24.000000,24.000000,24.000000,24.000000,24.000000,24.000000,24.000000,24.000000,24.000000,24.000000,24.000000,24.000000,24.000000,24.000000,25.000000,25.000000,25.000000,25.000000,25.000000,25.000000,25.000000,26.000000,26.000000,27.000000,27.000000,27.000000,27.000000,27.000000,27.000000,27.000000,27.000000;;0;6885
8bc9;ddb;a15;0;0;4000000000000080;         6s 145ms 684μs 395ns;171;-1;             11ms 784μs 272ns;27.000000;6.333333;0.000000;inf;4;1;Unfinished;1.000000,2.000000,3.000000,4.000000,4.000000,4.000000,4.000000,4.000000,4.000000,4.000000,4.000000,4.000000,4.000000,4.000000,4.000000,5.000000,5.000000,5.000000,6.000000,7.000000,7.000000,8.000000,9.000000,9.000000,9.000000,9.000000,9.000000,9.000000,9.000000,9.000000,9.000000,9.000000,9.000000,10.000000,11.000000,12.000000,13.000000,14.000000,14.000000,14.000000,14.000000,14.000000,15.000000,16.000000,17.000000,17.000000,18.000000,18.000000,18.000000,18.000000,18.000000,18.000000,18.000000,18.000000,18.000000,18.000000,18.000000,18.000000,18.000000,18.000000,18.000000,18.000000,18.000000,18.000000,18.000000,18.000000,18.000000,18.000000,18.000000,18.000000,18.000000,18.000000,18.000000,18.000000,18.000000,18.000000,18.000000,18.000000,18.000000,18.000000,18.000000,18.000000,18.000000,18.000000,18.000000,18.000000,18.000000,18.000000,18.000000,18.000000,18.000000,18.000000,18.000000,18.000000,18.000000,18.000000,18.000000,18.000000,18.000000,19.000000,19.000000,20.000000,20.000000,20.000000,20.000000,20.000000,20.000000,20.000000,20.000000,20.000000,20.000000,20.000000,20.000000,20.000000,20.000000,20.000000,21.000000,21.000000,22.000000,22.000000,22.000000,23.000000,23.000000,23.000000,24.000000,24.000000,24.000000,24.000000,24.000000,24.000000,24.000000,24.000000,24.000000,24.000000,24.000000,24.000000,24.000000,24.000000,24.000000,24.000000,24.000000,24.000000,24.000000,24.000000,24.000000,24.000000,24.000000,24.000000,24.000000,24.000000,24.000000,24.000000,24.000000,24.000000,25.000000,25.000000,25.000000,25.000000,25.000000,25.000000,25.000000,26.000000,26.000000,27.000000,27.000000,27.000000,27.000000,27.000000,27.000000,27.000000,27.000000;;0;6886
8bcc;ddb;a15;0;0;4000000000000080;         6s 145ms 737μs 532ns;171;-1;             11ms 190μs 840ns;27.000000;6.333333;0.000000;inf;4;1;Unfinished;1.000000,2.000000,3.000000,4.000000,4.000000,4.000000,4.000000,4.000000,4.000000,4.000000,4.000000,4.000000,4.000000,4.000000,4.000000,5.000000,5.000000,5.000000,6.000000,7.000000,7.000000,8.000000,9.000000,9.000000,9.000000,9.000000,9.000000,9.000000,9.000000,9.000000,9.000000,9.000000,9.000000,10.000000,11.000000,12.000000,13.000000,14.000000,14.000000,14.000000,14.000000,14.000000,15.000000,16.000000,17.000000,17.000000,18.000000,18.000000,18.000000,18.000000,18.000000,18.000000,18.000000,18.000000,18.000000,18.000000,18.000000,18.000000,18.000000,18.000000,18.000000,18.000000,18.000000,18.000000,18.000000,18.000000,18.000000,18.000000,18.000000,18.000000,18.000000,18.000000,18.000000,18.000000,18.000000,18.000000,18.000000,18.000000,18.000000,18.000000,18.000000,18.000000,18.000000,18.000000,18.000000,18.000000,18.000000,18.000000,18.000000,18.000000,18.000000,18.000000,18.000000,18.000000,18.000000,18.000000,18.000000,18.000000,19.000000,19.000000,19.000000,20.000000,20.000000,20.000000,20.000000,20.000000,20.000000,20.000000,20.000000,20.000000,20.000000,20.000000,20.000000,20.000000,20.000000,20.000000,21.000000,21.000000,22.000000,22.000000,22.000000,23.000000,23.000000,23.000000,24.000000,24.000000,24.000000,24.000000,24.000000,24.000000,24.000000,24.000000,24.000000,24.000000,24.000000,24.000000,24.000000,24.000000,24.000000,24.000000,24.000000,24.000000,24.000000,24.000000,24.000000,24.000000,24.000000,24.000000,24.000000,24.000000,24.000000,24.000000,24.000000,24.000000,25.000000,25.000000,25.000000,25.000000,25.000000,25.000000,25.000000,26.000000,26.000000,27.000000,27.000000,27.000000,27.000000,27.000000,27.000000,27.000000,27.000000;;0;6887
8bcf;ddb;a15;0;0;4000000000000080;         6s 145ms 759μs 640ns;171;-1;             11ms 331μs 881ns;27.000000;6.333333;0.000000;inf;4;1;Unfinished;1.000000,2.000000,3.000000,4.000000,4.000000,4.000000,4.000000,4.000000,4.000000,4.000000,4.000000,4.000000,4.000000,4.000000,4.000000,5.000000,5.000000,5.000000,6.000000,7.000000,7.000000,8.000000,9.000000,9.000000,9.000000,9.000000,9.000000,9.000000,9.000000,9.000000,9.000000,9.000000,9.000000,10.000000,11.000000,12.000000,13.000000,14.000000,14.000000,14.000000,14.000000,14.000000,15.000000,16.000000,17.000000,17.000000,18.000000,18.000000,18.000000,18.000000,18.000000,18.000000,18.000000,18.000000,18.000000,18.000000,18.000000,18.000000,18.000000,18.000000,18.000000,18.000000,18.000000,18.000000,18.000000,18.000000,18.000000,18.000000,18.000000,18.000000,18.000000,18.000000,18.000000,18.000000,18.000000,18.000000,18.000000,18.000000,18.000000,18.000000,18.000000,18.000000,18.000000,18.000000,18.000000,18.000000,18.000000,18.000000,18.000000,18.000000,18.000000,18.000000,18.000000,18.000000,18.000000,18.000000,18.000000,18.000000,18.000000,19.000000,19.000000,20.000000,20.000000,20.000000,20.000000,20.000000,20.000000,20.000000,20.000000,20.000000,20.000000,20.000000,20.000000,20.000000,20.000000,20.000000,21.000000,21.000000,22.000000,22.000000,22.000000,23.000000,23.000000,23.000000,24.000000,24.000000,24.000000,24.000000,24.000000,24.000000,24.000000,24.000000,24.000000,24.000000,24.000000,24.000000,24.000000,24.000000,24.000000,24.000000,24.000000,24.000000,24.000000,24.000000,24.000000,24.000000,24.000000,24.000000,24.000000,24.000000,24.000000,24.000000,24.000000,24.000000,25.000000,25.000000,25.000000,25.000000,25.000000,25.000000,25.000000,26.000000,26.000000,27.000000,27.000000,27.000000,27.000000,27.000000,27.000000,27.000000,27.000000;;0;6888
8bd5;ddb;a15;0;0;4000000000000080;         6s 145ms 831μs  14ns;171;-1;             11ms 366μs 111ns;27.000000;6.333333;0.000000;inf;4;1;Unfinished;1.000000,2.000000,3.000000,4.000000,4.000000,4.000000,4.000000,4.000000,4.000000,4.000000,4.000000,4.000000,4.000000,4.000000,4.000000,5.000000,5.000000,5.000000,6.000000,7.000000,7.000000,8.000000,9.000000,9.000000,9.000000,9.000000,9.000000,9.000000,9.000000,9.000000,9.000000,9.000000,9.000000,10.000000,11.000000,12.000000,13.000000,14.000000,14.000000,14.000000,14.000000,14.000000,15.000000,16.000000,17.000000,17.000000,18.000000,18.000000,18.000000,18.000000,18.000000,18.000000,18.000000,18.000000,18.000000,18.000000,18.000000,18.000000,18.000000,18.000000,18.000000,18.000000,18.000000,18.000000,18.000000,18.000000,18.000000,18.000000,18.000000,18.000000,18.000000,18.000000,18.000000,18.000000,18.000000,18.000000,18.000000,18.000000,18.000000,18.000000,18.000000,18.000000,18.000000,18.000000,18.000000,18.000000,18.000000,18.000000,18.000000,18.000000,18.000000,18.000000,18.000000,18.000000,18.000000,18.000000,18.000000,18.000000,18.000000,19.000000,19.000000,20.000000,20.000000,20.000000,20.000000,20.000000,20.000000,20.000000,20.000000,20.000000,20.000000,20.000000,20.000000,20.000000,20.000000,20.000000,21.000000,21.000000,22.000000,22.000000,22.000000,23.000000,23.000000,23.000000,24.000000,24.000000,24.000000,24.000000,24.000000,24.000000,24.000000,24.000000,24.000000,24.000000,24.000000,24.000000,24.000000,24.000000,24.000000,24.000000,24.000000,24.000000,24.000000,24.000000,24.000000,24.000000,24.000000,24.000000,24.000000,24.000000,24.000000,24.000000,24.000000,24.000000,25.000000,25.000000,25.000000,25.000000,25.000000,25.000000,25.000000,26.000000,26.000000,27.000000,27.000000,27.000000,27.000000,27.000000,27.000000,27.000000,27.000000;;0;6889
8bd2;ddb;a15;0;0;4000000000000080;         6s 145ms 842μs 944ns;171;-1;             11ms 437μs  76ns;27.000000;6.333333;0.000000;inf;4;1;Unfinished;1.000000,2.000000,3.000000,4.000000,4.000000,4.000000,4.000000,4.000000,4.000000,4.000000,4.000000,4.000000,4.000000,4.000000,4.000000,5.000000,5.000000,5.000000,6.000000,7.000000,7.000000,8.000000,9.000000,9.000000,9.000000,9.000000,9.000000,9.000000,9.000000,9.000000,9.000000,9.000000,9.000000,10.000000,11.000000,12.000000,13.000000,14.000000,14.000000,14.000000,14.000000,14.000000,15.000000,16.000000,17.000000,17.000000,18.000000,18.000000,18.000000,18.000000,18.000000,18.000000,18.000000,18.000000,18.000000,18.000000,18.000000,18.000000,18.000000,18.000000,18.000000,18.000000,18.000000,18.000000,18.000000,18.000000,18.000000,18.000000,18.000000,18.000000,18.000000,18.000000,18.000000,18.000000,18.000000,19.000000,19.000000,19.000000,19.000000,19.000000,19.000000,19.000000,19.000000,20.000000,21.000000,22.000000,22.000000,23.000000,23.000000,23.000000,24.000000,24.000000,24.000000,24.000000,24.000000,24.000000,24.000000,25.000000,25.000000,25.000000,26.000000,26.000000,26.000000,26.000000,26.000000,27.000000,27.000000,27.000000,27.000000,27.000000,27.000000,27.000000,27.000000,27.000000,27.000000,27.000000,27.000000,27.000000,27.000000,27.000000,27.000000,27.000000,27.000000,27.000000,27.000000,27.000000,27.000000,27.000000,27.000000,27.000000,27.000000,27.000000,27.000000,27.000000,27.000000,27.000000,27.000000,27.000000,27.000000,27.000000,27.000000,27.000000,27.000000,27.000000,27.000000,27.000000,27.000000,27.000000,27.000000,27.000000,27.000000,27.000000,27.000000,27.000000,27.000000,27.000000,27.000000,27.000000,27.000000,27.000000,27.000000,27.000000,27.000000,27.000000,27.000000,27.000000,27.000000,27.000000,27.000000,27.000000,27.000000;;0;6890
8bd8;ddb;a15;0;0;0000000000000080;         6s 145ms 953μs 799ns;171;-1;             11ms 392μs 286ns;27.000000;6.333333;0.000000;inf;4;1;Unfinished;1.000000,2.000000,3.000000,4.000000,4.000000,4.000000,4.000000,4.000000,4.000000,4.000000,4.000000,4.000000,4.000000,4.000000,4.000000,5.000000,5.000000,5.000000,6.000000,7.000000,7.000000,8.000000,9.000000,9.000000,9.000000,9.000000,9.000000,9.000000,9.000000,9.000000,9.000000,9.000000,9.000000,10.000000,11.000000,12.000000,13.000000,14.000000,14.000000,14.000000,14.000000,14.000000,15.000000,16.000000,17.000000,17.000000,18.000000,18.000000,18.000000,18.000000,18.000000,18.000000,18.000000,18.000000,18.000000,18.000000,18.000000,18.000000,18.000000,18.000000,18.000000,18.000000,18.000000,18.000000,18.000000,18.000000,18.000000,18.000000,18.000000,18.000000,18.000000,18.000000,18.000000,18.000000,18.000000,18.000000,18.000000,18.000000,18.000000,18.000000,18.000000,18.000000,18.000000,18.000000,18.000000,18.000000,18.000000,18.000000,18.000000,18.000000,18.000000,18.000000,18.000000,18.000000,18.000000,18.000000,18.000000,18.000000,19.000000,19.000000,19.000000,20.000000,20.000000,20.000000,20.000000,20.000000,20.000000,20.000000,20.000000,20.000000,20.000000,20.000000,20.000000,20.000000,20.000000,20.000000,21.000000,21.000000,22.000000,22.000000,22.000000,23.000000,23.000000,23.000000,24.000000,24.000000,24.000000,24.000000,24.000000,24.000000,24.000000,24.000000,24.000000,24.000000,24.000000,24.000000,24.000000,24.000000,24.000000,24.000000,24.000000,24.000000,24.000000,24.000000,24.000000,24.000000,24.000000,24.000000,24.000000,24.000000,24.000000,24.000000,24.000000,24.000000,25.000000,25.000000,25.000000,25.000000,25.000000,25.000000,25.000000,26.000000,26.000000,27.000000,27.000000,27.000000,27.000000,27.000000,27.000000,27.000000,27.000000;;0;6891
8bda;ddb;a15;0;0;4000000000000080;         6s 145ms 968μs 283ns;171;-1;             11ms 865μs 321ns;27.000000;6.333333;0.000000;inf;4;1;Unfinished;1.000000,2.000000,3.000000,4.000000,4.000000,4.000000,4.000000,4.000000,4.000000,4.000000,4.000000,4.000000,4.000000,4.000000,4.000000,5.000000,5.000000,5.000000,6.000000,7.000000,7.000000,8.000000,9.000000,9.000000,9.000000,9.000000,9.000000,9.000000,9.000000,9.000000,9.000000,9.000000,9.000000,10.000000,11.000000,12.000000,13.000000,14.000000,14.000000,14.000000,14.000000,14.000000,15.000000,16.000000,17.000000,17.000000,18.000000,18.000000,18.000000,18.000000,18.000000,18.000000,18.000000,18.000000,18.000000,18.000000,18.000000,18.000000,18.000000,18.000000,18.000000,18.000000,18.000000,18.000000,18.000000,18.000000,18.000000,18.000000,18.000000,18.000000,18.000000,18.000000,18.000000,18.000000,18.000000,18.000000,18.000000,18.000000,18.000000,18.000000,18.000000,18.000000,18.000000,18.000000,18.000000,18.000000,18.000000,18.000000,18.000000,18.000000,18.000000,18.000000,18.000000,18.000000,18.000000,18.000000,18.000000,18.000000,19.000000,19.000000,19.000000,20.000000,20.000000,20.000000,20.000000,20.000000,20.000000,20.000000,20.000000,20.000000,20.000000,20.000000,20.000000,20.000000,20.000000,20.000000,21.000000,21.000000,22.000000,22.000000,22.000000,23.000000,23.000000,23.000000,24.000000,24.000000,24.000000,24.000000,24.000000,24.000000,24.000000,24.000000,24.000000,24.000000,24.000000,24.000000,24.000000,24.000000,24.000000,24.000000,24.000000,24.000000,24.000000,24.000000,24.000000,24.000000,24.000000,24.000000,24.000000,24.000000,24.000000,24.000000,24.000000,24.000000,25.000000,25.000000,25.000000,25.000000,25.000000,25.000000,25.000000,26.000000,26.000000,27.000000,27.000000,27.000000,27.000000,27.000000,27.000000,27.000000,27.000000;;0;6892
8bde;ddb;a15;0;0;4000000000000080;         6s 146ms  69μs 975ns;171;-1;             11ms 594μs 475ns;27.000000;6.333333;0.000000;inf;4;1;Unfinished;1.000000,2.000000,3.000000,4.000000,4.000000,4.000000,4.000000,4.000000,4.000000,4.000000,4.000000,4.000000,4.000000,4.000000,4.000000,5.000000,5.000000,5.000000,6.000000,7.000000,7.000000,8.000000,9.000000,9.000000,9.000000,9.000000,9.000000,9.000000,9.000000,9.000000,9.000000,9.000000,9.000000,10.000000,11.000000,12.000000,13.000000,14.000000,14.000000,14.000000,14.000000,14.000000,15.000000,16.000000,17.000000,17.000000,18.000000,18.000000,18.000000,18.000000,18.000000,18.000000,18.000000,18.000000,18.000000,18.000000,18.000000,18.000000,18.000000,18.000000,18.000000,18.000000,18.000000,18.000000,18.000000,18.000000,18.000000,18.000000,18.000000,18.000000,18.000000,18.000000,18.000000,18.000000,18.000000,18.000000,18.000000,18.000000,18.000000,19.000000,19.000000,19.000000,19.000000,20.000000,21.000000,22.000000,22.000000,23.000000,23.000000,23.000000,24.000000,24.000000,24.000000,24.000000,24.000000,24.000000,24.000000,25.000000,25.000000,25.000000,26.000000,26.000000,26.000000,26.000000,26.000000,27.000000,27.000000,27.000000,27.000000,27.000000,27.000000,27.000000,27.000000,27.000000,27.000000,27.000000,27.000000,27.000000,27.000000,27.000000,27.000000,27.000000,27.000000,27.000000,27.000000,27.000000,27.000000,27.000000,27.000000,27.000000,27.000000,27.000000,27.000000,27.000000,27.000000,27.000000,27.000000,27.000000,27.000000,27.000000,27.000000,27.000000,27.000000,27.000000,27.000000,27.000000,27.000000,27.000000,27.000000,27.000000,27.000000,27.000000,27.000000,27.000000,27.000000,27.000000,27.000000,27.000000,27.000000,27.000000,27.000000,27.000000,27.000000,27.000000,27.000000,27.000000,27.000000,27.000000,27.000000,27.000000,27.000000;;0;6893
8be0;ddb;a15;0;0;4000000000000080;         6s 146ms  87μs 114ns;171;-1;             11ms 360μs 991ns;27.000000;6.333333;0.000000;inf;4;1;Unfinished;1.000000,2.000000,3.000000,4.000000,4.000000,4.000000,4.000000,4.000000,4.000000,4.000000,4.000000,4.000000,4.000000,4.000000,4.000000,5.000000,5.000000,5.000000,6.000000,7.000000,7.000000,8.000000,9.000000,9.000000,9.000000,9.000000,9.000000,9.000000,9.000000,9.000000,9.000000,9.000000,9.000000,10.000000,11.000000,12.000000,13.000000,14.000000,14.000000,14.000000,14.000000,14.000000,15.000000,16.000000,17.000000,17.000000,18.000000,18.000000,18.000000,18.000000,18.000000,18.000000,18.000000,18.000000,18.000000,18.000000,18.000000,18.000000,18.000000,18.000000,18.000000,18.000000,18.000000,18.000000,18.000000,18.000000,18.000000,18.000000,18.000000,18.000000,18.000000,18.000000,18.000000,18.000000,18.000000,18.000000,18.000000,18.000000,18.000000,18.000000,18.000000,18.000000,18.000000,18.000000,18.000000,18.000000,18.000000,18.000000,18.000000,18.000000,18.000000,18.000000,18.000000,18.000000,18.000000,18.000000,18.000000,18.000000,18.000000,19.000000,19.000000,20.000000,20.000000,20.000000,20.000000,20.000000,20.000000,20.000000,20.000000,20.000000,20.000000,20.000000,20.000000,20.000000,20.000000,20.000000,21.000000,21.000000,22.000000,22.000000,22.000000,23.000000,23.000000,23.000000,24.000000,24.000000,24.000000,24.000000,24.000000,24.000000,24.000000,24.000000,24.000000,24.000000,24.000000,24.000000,24.000000,24.000000,24.000000,24.000000,24.000000,24.000000,24.000000,24.000000,24.000000,24.000000,24.000000,24.000000,24.000000,24.000000,24.000000,24.000000,24.000000,24.000000,25.000000,25.000000,25.000000,25.000000,25.000000,25.000000,25.000000,26.000000,26.000000,27.000000,27.000000,27.000000,27.000000,27.000000,27.000000,27.000000,27.000000;;0;6894
8be4;ddb;a15;0;0;0000000000000080;         6s 146ms 188μs 257ns;171;-1;             11ms 388μs 706ns;27.000000;6.333333;0.000000;inf;4;1;Unfinished;1.000000,2.000000,3.000000,4.000000,4.000000,4.000000,4.000000,4.000000,4.000000,4.000000,4.000000,4.000000,4.000000,4.000000,4.000000,5.000000,5.000000,5.000000,6.000000,7.000000,7.000000,8.000000,9.000000,9.000000,9.000000,9.000000,9.000000,9.000000,9.000000,9.000000,9.000000,9.000000,9.000000,10.000000,11.000000,12.000000,13.000000,14.000000,14.000000,14.000000,14.000000,14.000000,15.000000,16.000000,17.000000,17.000000,18.000000,18.000000,18.000000,18.000000,18.000000,18.000000,18.000000,18.000000,18.000000,18.000000,18.000000,18.000000,18.000000,18.000000,18.000000,18.000000,18.000000,18.000000,18.000000,18.000000,18.000000,18.000000,18.000000,18.000000,18.000000,18.000000,18.000000,18.000000,18.000000,18.000000,18.000000,18.000000,18.000000,18.000000,18.000000,18.000000,18.000000,18.000000,18.000000,18.000000,18.000000,18.000000,18.000000,18.000000,18.000000,18.000000,18.000000,18.000000,18.000000,18.000000,18.000000,18.000000,19.000000,19.000000,19.000000,20.000000,20.000000,20.000000,20.000000,20.000000,20.000000,20.000000,20.000000,20.000000,20.000000,20.000000,20.000000,20.000000,20.000000,20.000000,21.000000,21.000000,22.000000,22.000000,22.000000,23.000000,23.000000,23.000000,24.000000,24.000000,24.000000,24.000000,24.000000,24.000000,24.000000,24.000000,24.000000,24.000000,24.000000,24.000000,24.000000,24.000000,24.000000,24.000000,24.000000,24.000000,24.000000,24.000000,24.000000,24.000000,24.000000,24.000000,24.000000,24.000000,24.000000,24.000000,24.000000,24.000000,25.000000,25.000000,25.000000,25.000000,25.000000,25.000000,25.000000,26.000000,26.000000,27.000000,27.000000,27.000000,27.000000,27.000000,27.000000,27.000000,27.000000;;0;6895
8be6;ddb;a15;0;0;0000000000000080;         6s 146ms 202μs 143ns;171;-1;             11ms 365μs 510ns;27.000000;6.333333;0.000000;inf;4;1;Unfinished;1.000000,2.000000,3.000000,4.000000,4.000000,4.000000,4.000000,4.000000,4.000000,4.000000,4.000000,4.000000,4.000000,4.000000,4.000000,5.000000,5.000000,5.000000,6.000000,7.000000,7.000000,8.000000,9.000000,9.000000,9.000000,9.000000,9.000000,9.000000,9.000000,9.000000,9.000000,9.000000,9.000000,10.000000,11.000000,12.000000,13.000000,14.000000,14.000000,14.000000,14.000000,14.000000,15.000000,16.000000,17.000000,17.000000,18.000000,18.000000,18.000000,18.000000,18.000000,18.000000,18.000000,18.000000,18.000000,18.000000,18.000000,18.000000,18.000000,18.000000,18.000000,18.000000,18.000000,18.000000,18.000000,18.000000,18.000000,18.000000,18.000000,18.000000,18.000000,18.000000,18.000000,18.000000,18.000000,18.000000,18.000000,18.000000,18.000000,18.000000,18.000000,18.000000,18.000000,18.000000,18.000000,18.000000,18.000000,18.000000,18.000000,18.000000,18.000000,18.000000,18.000000,18.000000,18.000000,18.000000,18.000000,18.000000,19.000000,19.000000,19.000000,20.000000,20.000000,20.000000,20.000000,20.000000,20.000000,20.000000,20.000000,20.000000,20.000000,20.000000,20.000000,20.000000,20.000000,20.000000,21.000000,21.000000,22.000000,22.000000,22.000000,23.000000,23.000000,23.000000,24.000000,24.000000,24.000000,24.000000,24.000000,24.000000,24.000000,24.000000,24.000000,24.000000,24.000000,24.000000,24.000000,24.000000,24.000000,24.000000,24.000000,24.000000,24.000000,24.000000,24.000000,24.000000,24.000000,24.000000,24.000000,24.000000,24.000000,24.000000,24.000000,24.000000,25.000000,25.000000,25.000000,25.000000,25.000000,25.000000,25.000000,26.000000,26.000000,27.000000,27.000000,27.000000,27.000000,27.000000,27.000000,27.000000,27.000000;;0;6896
8bea;ddb;a15;0;0;4000000000000080;         6s 146ms 301μs 367ns;171;-1;             11ms 884μs 978ns;27.000000;6.333333;0.000000;inf;4;1;Unfinished;1.000000,2.000000,3.000000,4.000000,4.000000,4.000000,4.000000,4.000000,4.000000,4.000000,4.000000,4.000000,4.000000,4.000000,4.000000,5.000000,5.000000,5.000000,6.000000,7.000000,7.000000,8.000000,9.000000,9.000000,9.000000,9.000000,9.000000,9.000000,9.000000,9.000000,9.000000,9.000000,9.000000,10.000000,11.000000,12.000000,13.000000,14.000000,14.000000,14.000000,14.000000,14.000000,15.000000,16.000000,17.000000,17.000000,18.000000,18.000000,18.000000,18.000000,18.000000,18.000000,18.000000,18.000000,18.000000,18.000000,18.000000,18.000000,18.000000,18.000000,18.000000,18.000000,18.000000,18.000000,18.000000,18.000000,18.000000,18.000000,18.000000,18.000000,18.000000,18.000000,18.000000,18.000000,18.000000,18.000000,18.000000,18.000000,18.000000,18.000000,18.000000,18.000000,18.000000,18.000000,18.000000,18.000000,18.000000,18.000000,18.000000,18.000000,18.000000,18.000000,18.000000,18.000000,18.000000,18.000000,18.000000,18.000000,19.000000,19.000000,19.000000,20.000000,20.000000,20.000000,20.000000,20.000000,20.000000,20.000000,20.000000,20.000000,20.000000,20.000000,20.000000,20.000000,20.000000,20.000000,21.000000,21.000000,22.000000,22.000000,22.000000,23.000000,23.000000,23.000000,24.000000,24.000000,24.000000,24.000000,24.000000,24.000000,24.000000,24.000000,24.000000,24.000000,24.000000,24.000000,24.000000,24.000000,24.000000,24.000000,24.000000,24.000000,24.000000,24.000000,24.000000,24.000000,24.000000,24.000000,24.000000,24.000000,24.000000,24.000000,24.000000,24.000000,25.000000,25.000000,25.000000,25.000000,25.000000,25.000000,25.000000,26.000000,26.000000,27.000000,27.000000,27.000000,27.000000,27.000000,27.000000,27.000000,27.000000;;0;6897
8bec;ddb;a15;0;0;0000000000000080;         6s 146ms 318μs 646ns;171;-1;             11ms 654μs 356ns;27.000000;6.333333;0.000000;inf;4;1;Unfinished;1.000000,2.000000,3.000000,4.000000,4.000000,4.000000,4.000000,4.000000,4.000000,4.000000,4.000000,4.000000,4.000000,4.000000,4.000000,5.000000,5.000000,5.000000,6.000000,7.000000,7.000000,8.000000,9.000000,9.000000,9.000000,9.000000,9.000000,9.000000,9.000000,9.000000,9.000000,9.000000,9.000000,10.000000,11.000000,12.000000,13.000000,14.000000,14.000000,14.000000,14.000000,14.000000,15.000000,16.000000,17.000000,17.000000,18.000000,18.000000,18.000000,18.000000,18.000000,18.000000,18.000000,18.000000,18.000000,18.000000,18.000000,18.000000,18.000000,18.000000,18.000000,18.000000,18.000000,18.000000,18.000000,18.000000,18.000000,18.000000,18.000000,18.000000,18.000000,18.000000,18.000000,18.000000,18.000000,18.000000,18.000000,18.000000,18.000000,18.000000,18.000000,18.000000,18.000000,18.000000,18.000000,18.000000,18.000000,18.000000,18.000000,18.000000,18.000000,18.000000,18.000000,18.000000,18.000000,18.000000,18.000000,18.000000,19.000000,19.000000,19.000000,20.000000,20.000000,20.000000,20.000000,20.000000,20.000000,20.000000,20.000000,20.000000,20.000000,20.000000,20.000000,20.000000,20.000000,20.000000,21.000000,21.000000,22.000000,22.000000,22.000000,23.000000,23.000000,23.000000,24.000000,24.000000,24.000000,24.000000,24.000000,24.000000,24.000000,24.000000,24.000000,24.000000,24.000000,24.000000,24.000000,24.000000,24.000000,24.000000,24.000000,24.000000,24.000000,24.000000,24.000000,24.000000,24.000000,24.000000,24.000000,24.000000,24.000000,24.000000,24.000000,24.000000,25.000000,25.000000,25.000000,25.000000,25.000000,25.000000,25.000000,26.000000,26.000000,27.000000,27.000000,27.000000,27.000000,27.000000,27.000000,27.000000,27.000000;;0;6897
8bf0;ddb;a15;0;0;0000000000000080;         6s 146ms 433μs 567ns;171;-1;             11ms   2μs 449ns;27.000000;6.333333;0.000000;inf;4;1;Unfinished;1.000000,2.000000,3.000000,4.000000,4.000000,4.000000,4.000000,4.000000,4.000000,4.000000,4.000000,4.000000,4.000000,4.000000,4.000000,5.000000,5.000000,5.000000,6.000000,7.000000,7.000000,8.000000,9.000000,9.000000,9.000000,9.000000,9.000000,9.000000,9.000000,9.000000,9.000000,9.000000,9.000000,10.000000,11.000000,12.000000,13.000000,14.000000,14.000000,14.000000,14.000000,14.000000,15.000000,16.000000,17.000000,17.000000,18.000000,18.000000,18.000000,18.000000,18.000000,18.000000,18.000000,18.000000,18.000000,18.000000,18.000000,18.000000,18.000000,18.000000,18.000000,18.000000,18.000000,18.000000,18.000000,18.000000,18.000000,18.000000,18.000000,18.000000,18.000000,18.000000,18.000000,18.000000,18.000000,18.000000,18.000000,18.000000,18.000000,18.000000,18.000000,18.000000,18.000000,18.000000,18.000000,18.000000,18.000000,18.000000,18.000000,18.000000,18.000000,18.000000,18.000000,18.000000,18.000000,18.000000,18.000000,18.000000,19.000000,19.000000,19.000000,20.000000,20.000000,20.000000,20.000000,20.000000,20.000000,20.000000,20.000000,20.000000,20.000000,20.000000,20.000000,20.000000,20.000000,20.000000,21.000000,21.000000,22.000000,22.000000,22.000000,23.000000,23.000000,23.000000,24.000000,24.000000,24.000000,24.000000,24.000000,24.000000,24.000000,24.000000,24.000000,24.000000,24.000000,24.000000,24.000000,24.000000,24.000000,24.000000,24.000000,24.000000,24.000000,24.000000,24.000000,24.000000,24.000000,24.000000,24.000000,24.000000,24.000000,24.000000,24.000000,24.000000,25.000000,25.000000,25.000000,25.000000,25.000000,25.000000,25.000000,26.000000,26.000000,27.000000,27.000000,27.000000,27.000000,27.000000,27.000000,27.000000,27.000000;;0;6899
8bf2;ddb;a15;0;0;4000000000000080;         6s 146ms 450μs 202ns;171;-1;             11ms 117μs 657ns;27.000000;6.333333;0.000000;inf;4;1;Unfinished;1.000000,2.000000,3.000000,4.000000,4.000000,4.000000,4.000000,4.000000,4.000000,4.000000,4.000000,4.000000,4.000000,4.000000,4.000000,5.000000,5.000000,5.000000,6.000000,7.000000,7.000000,8.000000,9.000000,9.000000,9.000000,9.000000,9.000000,9.000000,9.000000,9.000000,9.000000,9.000000,9.000000,10.000000,11.000000,12.000000,13.000000,14.000000,14.000000,14.000000,14.000000,14.000000,15.000000,16.000000,17.000000,17.000000,18.000000,18.000000,18.000000,18.000000,18.000000,18.000000,18.000000,18.000000,18.000000,18.000000,18.000000,18.000000,18.000000,18.000000,18.000000,18.000000,18.000000,18.000000,18.000000,18.000000,18.000000,18.000000,18.000000,18.000000,18.000000,18.000000,18.000000,18.000000,18.000000,18.000000,18.000000,18.000000,18.000000,18.000000,18.000000,18.000000,18.000000,18.000000,18.000000,18.000000,18.000000,18.000000,18.000000,18.000000,18.000000,18.000000,18.000000,18.000000,18.000000,18.000000,18.000000,18.000000,19.000000,19.000000,19.000000,20.000000,20.000000,20.000000,20.000000,20.000000,20.000000,20.000000,20.000000,20.000000,20.000000,20.000000,20.000000,20.000000,20.000000,20.000000,21.000000,21.000000,22.000000,22.000000,22.000000,23.000000,23.000000,23.000000,24.000000,24.000000,24.000000,24.000000,24.000000,24.000000,24.000000,24.000000,24.000000,24.000000,24.000000,24.000000,24.000000,24.000000,24.000000,24.000000,24.000000,24.000000,24.000000,24.000000,24.000000,24.000000,24.000000,24.000000,24.000000,24.000000,24.000000,24.000000,24.000000,24.000000,25.000000,25.000000,25.000000,25.000000,25.000000,25.000000,25.000000,26.000000,26.000000,27.000000,27.000000,27.000000,27.000000,27.000000,27.000000,27.000000,27.000000;;0;6900
8bf6;ddb;a15;0;0;4000000000000080;         6s 146ms 549μs 250ns;171;-1;             12ms 682μs 581ns;27.000000;6.333333;0.000000;inf;4;1;Unfinished;1.000000,2.000000,3.000000,4.000000,4.000000,4.000000,4.000000,4.000000,4.000000,4.000000,4.000000,4.000000,4.000000,4.000000,4.000000,5.000000,5.000000,5.000000,6.000000,7.000000,7.000000,8.000000,9.000000,9.000000,9.000000,9.000000,9.000000,9.000000,9.000000,9.000000,9.000000,9.000000,9.000000,10.000000,11.000000,12.000000,13.000000,14.000000,14.000000,14.000000,14.000000,14.000000,15.000000,16.000000,17.000000,17.000000,18.000000,18.000000,18.000000,18.000000,18.000000,18.000000,18.000000,18.000000,18.000000,18.000000,18.000000,18.000000,18.000000,18.000000,18.000000,18.000000,18.000000,18.000000,18.000000,18.000000,18.000000,18.000000,18.000000,18.000000,18.000000,18.000000,18.000000,18.000000,18.000000,18.000000,18.000000,18.000000,18.000000,18.000000,18.000000,18.000000,18.000000,18.000000,18.000000,18.000000,18.000000,18.000000,18.000000,18.000000,18.000000,18.000000,18.000000,18.000000,18.000000,18.000000,18.000000,19.000000,19.000000,19.000000,19.000000,20.000000,20.000000,20.000000,20.000000,20.000000,20.000000,20.000000,20.000000,20.000000,20.000000,20.000000,20.000000,20.000000,20.000000,20.000000,21.000000,21.000000,22.000000,22.000000,22.000000,23.000000,23.000000,23.000000,24.000000,24.000000,24.000000,24.000000,24.000000,24.000000,24.000000,24.000000,24.000000,24.000000,24.000000,24.000000,24.000000,24.000000,24.000000,24.000000,24.000000,24.000000,24.000000,24.000000,24.000000,24.000000,24.000000,24.000000,24.000000,24.000000,24.000000,24.000000,24.000000,24.000000,25.000000,25.000000,25.000000,25.000000,25.000000,25.000000,25.000000,26.000000,26.000000,27.000000,27.000000,27.000000,27.000000,27.000000,27.000000,27.000000,27.000000;;0;6901
8bf8;ddb;a15;0;0;0000000000000080;         6s 146ms 570μs 564ns;171;-1;             11ms 617μs 660ns;27.000000;6.333333;0.000000;inf;4;1;Unfinished;1.000000,2.000000,3.000000,4.000000,4.000000,4.000000,4.000000,4.000000,4.000000,4.000000,4.000000,4.000000,4.000000,4.000000,4.000000,5.000000,5.000000,5.000000,6.000000,7.000000,7.000000,8.000000,9.000000,9.000000,9.000000,9.000000,9.000000,9.000000,9.000000,9.000000,9.000000,9.000000,9.000000,10.000000,11.000000,12.000000,13.000000,14.000000,14.000000,14.000000,14.000000,14.000000,15.000000,16.000000,17.000000,17.000000,18.000000,18.000000,18.000000,18.000000,18.000000,18.000000,18.000000,18.000000,18.000000,18.000000,18.000000,18.000000,18.000000,18.000000,18.000000,18.000000,18.000000,18.000000,18.000000,18.000000,18.000000,18.000000,18.000000,18.000000,18.000000,18.000000,18.000000,18.000000,18.000000,18.000000,18.000000,18.000000,18.000000,18.000000,18.000000,18.000000,18.000000,18.000000,18.000000,18.000000,18.000000,18.000000,18.000000,18.000000,18.000000,18.000000,18.000000,18.000000,18.000000,18.000000,18.000000,18.000000,19.000000,19.000000,19.000000,20.000000,20.000000,20.000000,20.000000,20.000000,20.000000,20.000000,20.000000,20.000000,20.000000,20.000000,20.000000,20.000000,20.000000,20.000000,21.000000,21.000000,22.000000,22.000000,22.000000,23.000000,23.000000,23.000000,24.000000,24.000000,24.000000,24.000000,24.000000,24.000000,24.000000,24.000000,24.000000,24.000000,24.000000,24.000000,24.000000,24.000000,24.000000,24.000000,24.000000,24.000000,24.000000,24.000000,24.000000,24.000000,24.000000,24.000000,24.000000,24.000000,24.000000,24.000000,24.000000,24.000000,25.000000,25.000000,25.000000,25.000000,25.000000,25.000000,25.000000,26.000000,26.000000,27.000000,27.000000,27.000000,27.000000,27.000000,27.000000,27.000000,27.000000;;0;6902
8bfc;ddb;a15;0;0;4000000000000080;         6s 146ms 674μs 828ns;171;-1;             11ms 673μs 276ns;27.000000;6.333333;0.000000;inf;4;1;Unfinished;1.000000,2.000000,3.000000,4.000000,4.000000,4.000000,4.000000,4.000000,4.000000,4.000000,4.000000,4.000000,4.000000,4.000000,4.000000,5.000000,5.000000,5.000000,6.000000,7.000000,7.000000,8.000000,9.000000,9.000000,9.000000,9.000000,9.000000,9.000000,9.000000,9.000000,9.000000,9.000000,9.000000,10.000000,11.000000,12.000000,13.000000,14.000000,14.000000,14.000000,14.000000,14.000000,15.000000,16.000000,17.000000,17.000000,18.000000,18.000000,18.000000,18.000000,18.000000,18.000000,18.000000,18.000000,18.000000,18.000000,18.000000,18.000000,18.000000,18.000000,18.000000,18.000000,18.000000,18.000000,18.000000,18.000000,18.000000,18.000000,18.000000,18.000000,18.000000,18.000000,18.000000,18.000000,18.000000,18.000000,18.000000,18.000000,18.000000,18.000000,18.000000,18.000000,18.000000,18.000000,18.000000,18.000000,18.000000,18.000000,18.000000,18.000000,18.000000,18.000000,18.000000,18.000000,18.000000,18.000000,18.000000,18.000000,19.000000,19.000000,19.000000,20.000000,20.000000,20.000000,20.000000,20.000000,20.000000,20.000000,20.000000,20.000000,20.000000,20.000000,20.000000,20.000000,20.000000,20.000000,21.000000,21.000000,22.000000,22.000000,22.000000,23.000000,23.000000,23.000000,24.000000,24.000000,24.000000,24.000000,24.000000,24.000000,24.000000,24.000000,24.000000,24.000000,24.000000,24.000000,24.000000,24.000000,24.000000,24.000000,24.000000,24.000000,24.000000,24.000000,24.000000,24.000000,24.000000,24.000000,24.000000,24.000000,24.000000,24.000000,24.000000,24.000000,25.000000,25.000000,25.000000,25.000000,25.000000,25.000000,25.000000,26.000000,26.000000,27.000000,27.000000,27.000000,27.000000,27.000000,27.000000,27.000000,27.000000;;0;6902
8bfe;ddb;a15;0;0;4000000000000080;         6s 146ms 679μs 157ns;171;-1;             11ms 657μs  72ns;27.000000;6.333333;0.000000;inf;4;1;Unfinished;1.000000,2.000000,3.000000,4.000000,4.000000,4.000000,4.000000,4.000000,4.000000,4.000000,4.000000,4.000000,4.000000,4.000000,4.000000,5.000000,5.000000,5.000000,6.000000,7.000000,7.000000,8.000000,9.000000,9.000000,9.000000,9.000000,9.000000,9.000000,9.000000,9.000000,9.000000,9.000000,9.000000,10.000000,11.000000,12.000000,13.000000,14.000000,14.000000,14.000000,14.000000,14.000000,15.000000,16.000000,17.000000,17.000000,18.000000,18.000000,18.000000,18.000000,18.000000,18.000000,18.000000,18.000000,18.000000,18.000000,18.000000,18.000000,18.000000,18.000000,18.000000,18.000000,18.000000,18.000000,18.000000,18.000000,18.000000,18.000000,18.000000,18.000000,18.000000,18.000000,18.000000,18.000000,18.000000,18.000000,18.000000,18.000000,18.000000,18.000000,18.000000,18.000000,18.000000,18.000000,18.000000,18.000000,18.000000,18.000000,18.000000,18.000000,18.000000,18.000000,18.000000,18.000000,18.000000,18.000000,18.000000,19.000000,19.000000,19.000000,19.000000,20.000000,20.000000,20.000000,20.000000,20.000000,20.000000,20.000000,20.000000,20.000000,20.000000,20.000000,20.000000,20.000000,20.000000,20.000000,21.000000,21.000000,22.000000,22.000000,22.000000,23.000000,23.000000,23.000000,24.000000,24.000000,24.000000,24.000000,24.000000,24.000000,24.000000,24.000000,24.000000,24.000000,24.000000,24.000000,24.000000,24.000000,24.000000,24.000000,24.000000,24.000000,24.000000,24.000000,24.000000,24.000000,24.000000,24.000000,24.000000,24.000000,24.000000,24.000000,24.000000,24.000000,25.000000,25.000000,25.000000,25.000000,25.000000,25.000000,25.000000,26.000000,26.000000,27.000000,27.000000,27.000000,27.000000,27.000000,27.000000,27.000000,27.000000;;0;6904
8c03;ddb;a15;0;0;4000000000000080;         6s 146ms 785μs 585ns;171;-1;             11ms 355μs  49ns;27.000000;6.333333;0.000000;inf;4;1;Unfinished;1.000000,2.000000,3.000000,4.000000,4.000000,4.000000,4.000000,4.000000,4.000000,4.000000,4.000000,4.000000,4.000000,4.000000,4.000000,5.000000,5.000000,5.000000,6.000000,7.000000,7.000000,8.000000,9.000000,9.000000,9.000000,9.000000,9.000000,9.000000,9.000000,9.000000,9.000000,9.000000,9.000000,10.000000,11.000000,12.000000,13.000000,14.000000,14.000000,14.000000,14.000000,14.000000,15.000000,16.000000,17.000000,17.000000,18.000000,18.000000,18.000000,18.000000,18.000000,18.000000,18.000000,18.000000,18.000000,18.000000,18.000000,18.000000,18.000000,18.000000,18.000000,18.000000,18.000000,18.000000,18.000000,18.000000,18.000000,18.000000,18.000000,18.000000,18.000000,18.000000,18.000000,18.000000,18.000000,18.000000,18.000000,18.000000,18.000000,18.000000,18.000000,18.000000,18.000000,18.000000,18.000000,18.000000,18.000000,18.000000,18.000000,18.000000,18.000000,18.000000,18.000000,18.000000,18.000000,18.000000,18.000000,18.000000,18.000000,19.000000,19.000000,20.000000,20.000000,20.000000,20.000000,20.000000,20.000000,20.000000,20.000000,20.000000,20.000000,20.000000,20.000000,20.000000,20.000000,20.000000,21.000000,21.000000,22.000000,22.000000,22.000000,23.000000,23.000000,23.000000,24.000000,24.000000,24.000000,24.000000,24.000000,24.000000,24.000000,24.000000,24.000000,24.000000,24.000000,24.000000,24.000000,24.000000,24.000000,24.000000,24.000000,24.000000,24.000000,24.000000,24.000000,24.000000,24.000000,24.000000,24.000000,24.000000,24.000000,24.000000,24.000000,24.000000,25.000000,25.000000,25.000000,25.000000,25.000000,25.000000,25.000000,26.000000,26.000000,27.000000,27.000000,27.000000,27.000000,27.000000,27.000000,27.000000,27.000000;;0;6905
8c04;ddb;a15;0;0;4000000000000080;         6s 146ms 795μs 189ns;171;-1;             11ms  55μs 360ns;27.000000;6.333333;0.000000;inf;4;1;Unfinished;1.000000,2.000000,3.000000,4.000000,4.000000,4.000000,4.000000,4.000000,4.000000,4.000000,4.000000,4.000000,4.000000,4.000000,4.000000,5.000000,5.000000,5.000000,6.000000,7.000000,7.000000,8.000000,9.000000,9.000000,9.000000,9.000000,9.000000,9.000000,9.000000,9.000000,9.000000,9.000000,9.000000,10.000000,11.000000,12.000000,13.000000,14.000000,14.000000,14.000000,14.000000,14.000000,15.000000,16.000000,17.000000,17.000000,18.000000,18.000000,18.000000,18.000000,18.000000,18.000000,18.000000,18.000000,18.000000,18.000000,18.000000,18.000000,18.000000,18.000000,18.000000,18.000000,18.000000,18.000000,18.000000,18.000000,18.000000,18.000000,18.000000,18.000000,18.000000,18.000000,18.000000,18.000000,18.000000,18.000000,18.000000,18.000000,18.000000,18.000000,18.000000,18.000000,18.000000,18.000000,18.000000,18.000000,18.000000,18.000000,18.000000,18.000000,18.000000,18.000000,18.000000,18.000000,18.000000,18.000000,18.000000,19.000000,19.000000,19.000000,19.000000,20.000000,20.000000,20.000000,20.000000,20.000000,20.000000,20.000000,20.000000,20.000000,20.000000,20.000000,20.000000,20.000000,20.000000,20.000000,21.000000,21.000000,22.000000,22.000000,22.000000,23.000000,23.000000,23.000000,24.000000,24.000000,24.000000,24.000000,24.000000,24.000000,24.000000,24.000000,24.000000,24.000000,24.000000,24.000000,24.000000,24.000000,24.000000,24.000000,24.000000,24.000000,24.000000,24.000000,24.000000,24.000000,24.000000,24.000000,24.000000,24.000000,24.000000,24.000000,24.000000,24.000000,25.000000,25.000000,25.000000,25.000000,25.000000,25.000000,25.000000,26.000000,26.000000,27.000000,27.000000,27.000000,27.000000,27.000000,27.000000,27.000000,27.000000;;0;6906
8c0a;ddb;a15;0;0;4000000000000080;         6s 146ms 909μs 530ns;171;-1;             11ms 577μs 684ns;27.000000;6.333333;0.000000;inf;4;1;Unfinished;1.000000,2.000000,3.000000,4.000000,4.000000,4.000000,4.000000,4.000000,4.000000,4.000000,4.000000,4.000000,4.000000,4.000000,4.000000,5.000000,5.000000,5.000000,6.000000,7.000000,7.000000,8.000000,9.000000,9.000000,9.000000,9.000000,9.000000,9.000000,9.000000,9.000000,9.000000,9.000000,9.000000,10.000000,11.000000,12.000000,13.000000,14.000000,14.000000,14.000000,14.000000,14.000000,15.000000,16.000000,17.000000,17.000000,18.000000,18.000000,18.000000,18.000000,18.000000,18.000000,18.000000,18.000000,18.000000,18.000000,18.000000,18.000000,18.000000,18.000000,18.000000,18.000000,18.000000,18.000000,18.000000,18.000000,18.000000,18.000000,18.000000,18.000000,18.000000,18.000000,18.000000,18.000000,18.000000,18.000000,18.000000,18.000000,18.000000,18.000000,18.000000,18.000000,18.000000,18.000000,18.000000,18.000000,18.000000,18.000000,18.000000,18.000000,18.000000,18.000000,18.000000,18.000000,18.000000,18.000000,18.000000,18.000000,19.000000,19.000000,19.000000,20.000000,20.000000,20.000000,20.000000,20.000000,20.000000,20.000000,20.000000,20.000000,20.000000,20.000000,20.000000,20.000000,20.000000,20.000000,21.000000,21.000000,22.000000,22.000000,22.000000,23.000000,23.000000,23.000000,24.000000,24.000000,24.000000,24.000000,24.000000,24.000000,24.000000,24.000000,24.000000,24.000000,24.000000,24.000000,24.000000,24.000000,24.000000,24.000000,24.000000,24.000000,24.000000,24.000000,24.000000,24.000000,24.000000,24.000000,24.000000,24.000000,24.000000,24.000000,24.000000,24.000000,25.000000,25.000000,25.000000,25.000000,25.000000,25.000000,25.000000,26.000000,26.000000,27.000000,27.000000,27.000000,27.000000,27.000000,27.000000,27.000000,27.000000;;0;6907
8c09;ddb;a15;0;0;4000000000000080;         6s 146ms 899μs 779ns;171;-1;             12ms 390μs 379ns;27.000000;6.333333;0.000000;inf;4;1;Unfinished;1.000000,2.000000,3.000000,4.000000,4.000000,4.000000,4.000000,4.000000,4.000000,4.000000,4.000000,4.000000,4.000000,4.000000,4.000000,5.000000,5.000000,5.000000,6.000000,7.000000,7.000000,8.000000,9.000000,9.000000,9.000000,9.000000,9.000000,9.000000,9.000000,9.000000,9.000000,9.000000,9.000000,10.000000,11.000000,12.000000,13.000000,14.000000,14.000000,14.000000,14.000000,14.000000,15.000000,16.000000,17.000000,17.000000,18.000000,18.000000,18.000000,18.000000,18.000000,18.000000,18.000000,18.000000,18.000000,18.000000,18.000000,18.000000,18.000000,18.000000,18.000000,18.000000,18.000000,18.000000,18.000000,18.000000,18.000000,18.000000,18.000000,18.000000,18.000000,18.000000,18.000000,18.000000,18.000000,18.000000,18.000000,18.000000,18.000000,18.000000,18.000000,18.000000,18.000000,18.000000,18.000000,18.000000,18.000000,18.000000,18.000000,18.000000,18.000000,18.000000,18.000000,18.000000,18.000000,18.000000,18.000000,18.000000,18.000000,19.000000,19.000000,20.000000,20.000000,20.000000,20.000000,20.000000,20.000000,20.000000,20.000000,20.000000,20.000000,20.000000,20.000000,20.000000,20.000000,20.000000,21.000000,21.000000,22.000000,22.000000,22.000000,23.000000,23.000000,23.000000,24.000000,24.000000,24.000000,24.000000,24.000000,24.000000,24.000000,24.000000,24.000000,24.000000,24.000000,24.000000,24.000000,24.000000,24.000000,24.000000,24.000000,24.000000,24.000000,24.000000,24.000000,24.000000,24.000000,24.000000,24.000000,24.000000,24.000000,24.000000,24.000000,24.000000,25.000000,25.000000,25.000000,25.000000,25.000000,25.000000,25.000000,26.000000,26.000000,27.000000,27.000000,27.000000,27.000000,27.000000,27.000000,27.000000,27.000000;;0;6907
8c0f;ddb;a15;0;0;4000000000000080;         6s 147ms  18μs 265ns;171;-1;             11ms 446μs 538ns;27.000000;6.333333;0.000000;inf;4;1;Unfinished;1.000000,2.000000,3.000000,4.000000,4.000000,4.000000,4.000000,4.000000,4.000000,4.000000,4.000000,4.000000,4.000000,4.000000,4.000000,5.000000,5.000000,5.000000,6.000000,7.000000,7.000000,8.000000,9.000000,9.000000,9.000000,9.000000,9.000000,9.000000,9.000000,9.000000,9.000000,9.000000,9.000000,10.000000,11.000000,12.000000,13.000000,14.000000,14.000000,14.000000,14.000000,14.000000,15.000000,16.000000,17.000000,17.000000,18.000000,18.000000,18.000000,18.000000,18.000000,18.000000,18.000000,18.000000,18.000000,18.000000,18.000000,18.000000,18.000000,18.000000,18.000000,18.000000,18.000000,18.000000,18.000000,18.000000,18.000000,18.000000,18.000000,18.000000,18.000000,18.000000,18.000000,18.000000,18.000000,18.000000,18.000000,18.000000,18.000000,18.000000,18.000000,18.000000,18.000000,18.000000,18.000000,18.000000,18.000000,18.000000,18.000000,18.000000,18.000000,18.000000,18.000000,18.000000,18.000000,18.000000,18.000000,18.000000,19.000000,19.000000,19.000000,20.000000,20.000000,20.000000,20.000000,20.000000,20.000000,20.000000,20.000000,20.000000,20.000000,20.000000,20.000000,20.000000,20.000000,20.000000,21.000000,21.000000,22.000000,22.000000,22.000000,23.000000,23.000000,23.000000,24.000000,24.000000,24.000000,24.000000,24.000000,24.000000,24.000000,24.000000,24.000000,24.000000,24.000000,24.000000,24.000000,24.000000,24.000000,24.000000,24.000000,24.000000,24.000000,24.000000,24.000000,24.000000,24.000000,24.000000,24.000000,24.000000,24.000000,24.000000,24.000000,24.000000,25.000000,25.000000,25.000000,25.000000,25.000000,25.000000,25.000000,26.000000,26.000000,27.000000,27.000000,27.000000,27.000000,27.000000,27.000000,27.000000,27.000000;;0;6909
8c10;ddb;a15;0;0;0000000000000080;         6s 147ms  26μs 443ns;171;-1;             11ms 385μs 153ns;27.000000;6.333333;0.000000;inf;4;1;Unfinished;1.000000,2.000000,3.000000,4.000000,4.000000,4.000000,4.000000,4.000000,4.000000,4.000000,4.000000,4.000000,4.000000,4.000000,4.000000,5.000000,5.000000,5.000000,6.000000,7.000000,7.000000,8.000000,9.000000,9.000000,9.000000,9.000000,9.000000,9.000000,9.000000,9.000000,9.000000,9.000000,9.000000,10.000000,11.000000,12.000000,13.000000,14.000000,14.000000,14.000000,14.000000,14.000000,15.000000,16.000000,17.000000,17.000000,18.000000,18.000000,18.000000,18.000000,18.000000,18.000000,18.000000,18.000000,18.000000,18.000000,18.000000,18.000000,18.000000,18.000000,18.000000,18.000000,18.000000,18.000000,18.000000,18.000000,18.000000,18.000000,18.000000,18.000000,18.000000,18.000000,18.000000,18.000000,18.000000,18.000000,18.000000,18.000000,18.000000,18.000000,18.000000,18.000000,18.000000,18.000000,18.000000,18.000000,18.000000,18.000000,18.000000,18.000000,18.000000,18.000000,18.000000,18.000000,18.000000,18.000000,18.000000,18.000000,19.000000,19.000000,19.000000,20.000000,20.000000,20.000000,20.000000,20.000000,20.000000,20.000000,20.000000,20.000000,20.000000,20.000000,20.000000,20.000000,20.000000,20.000000,21.000000,21.000000,22.000000,22.000000,22.000000,23.000000,23.000000,23.000000,24.000000,24.000000,24.000000,24.000000,24.000000,24.000000,24.000000,24.000000,24.000000,24.000000,24.000000,24.000000,24.000000,24.000000,24.000000,24.000000,24.000000,24.000000,24.000000,24.000000,24.000000,24.000000,24.000000,24.000000,24.000000,24.000000,24.000000,24.000000,24.000000,24.000000,25.000000,25.000000,25.000000,25.000000,25.000000,25.000000,25.000000,26.000000,26.000000,27.000000,27.000000,27.000000,27.000000,27.000000,27.000000,27.000000,27.000000;;0;6910
8c16;ddb;a15;0;0;0000000000000080;         6s 147ms 140μs 614ns;171;-1;             11ms 325μs 880ns;27.000000;6.333333;0.000000;inf;4;1;Unfinished;1.000000,2.000000,3.000000,4.000000,4.000000,4.000000,4.000000,4.000000,4.000000,4.000000,4.000000,4.000000,4.000000,4.000000,4.000000,5.000000,5.000000,5.000000,6.000000,7.000000,7.000000,8.000000,9.000000,9.000000,9.000000,9.000000,9.000000,9.000000,9.000000,9.000000,9.000000,9.000000,9.000000,10.000000,11.000000,12.000000,13.000000,14.000000,14.000000,14.000000,14.000000,14.000000,15.000000,16.000000,17.000000,17.000000,18.000000,18.000000,18.000000,18.000000,18.000000,18.000000,18.000000,18.000000,18.000000,18.000000,18.000000,18.000000,18.000000,18.000000,18.000000,18.000000,18.000000,18.000000,18.000000,18.000000,18.000000,18.000000,18.000000,18.000000,18.000000,18.000000,18.000000,18.000000,18.000000,18.000000,18.000000,18.000000,18.000000,18.000000,18.000000,18.000000,18.000000,18.000000,18.000000,18.000000,18.000000,18.000000,18.000000,18.000000,18.000000,18.000000,18.000000,18.000000,18.000000,18.000000,18.000000,18.000000,18.000000,19.000000,19.000000,20.000000,20.000000,20.000000,20.000000,20.000000,20.000000,20.000000,20.000000,20.000000,20.000000,20.000000,20.000000,20.000000,20.000000,20.000000,21.000000,21.000000,22.000000,22.000000,22.000000,23.000000,23.000000,23.000000,24.000000,24.000000,24.000000,24.000000,24.000000,24.000000,24.000000,24.000000,24.000000,24.000000,24.000000,24.000000,24.000000,24.000000,24.000000,24.000000,24.000000,24.000000,24.000000,24.000000,24.000000,24.000000,24.000000,24.000000,24.000000,24.000000,24.000000,24.000000,24.000000,24.000000,25.000000,25.000000,25.000000,25.000000,25.000000,25.000000,25.000000,26.000000,26.000000,27.000000,27.000000,27.000000,27.000000,27.000000,27.000000,27.000000,27.000000;;0;6911
8c15;ddb;a15;0;0;4000000000000080;         6s 147ms 142μs  91ns;171;-1;             11ms 735μs 459ns;27.000000;6.333333;0.000000;inf;4;1;Unfinished;1.000000,2.000000,3.000000,4.000000,4.000000,4.000000,4.000000,4.000000,4.000000,4.000000,4.000000,4.000000,4.000000,4.000000,4.000000,5.000000,5.000000,5.000000,6.000000,7.000000,7.000000,8.000000,9.000000,9.000000,9.000000,9.000000,9.000000,9.000000,9.000000,9.000000,9.000000,9.000000,9.000000,10.000000,11.000000,12.000000,13.000000,14.000000,14.000000,14.000000,14.000000,14.000000,15.000000,16.000000,17.000000,17.000000,18.000000,18.000000,18.000000,18.000000,18.000000,18.000000,18.000000,18.000000,18.000000,18.000000,18.000000,18.000000,18.000000,18.000000,18.000000,18.000000,18.000000,18.000000,18.000000,18.000000,18.000000,18.000000,18.000000,18.000000,18.000000,18.000000,18.000000,18.000000,18.000000,18.000000,18.000000,18.000000,18.000000,18.000000,18.000000,18.000000,18.000000,18.000000,18.000000,18.000000,18.000000,18.000000,18.000000,18.000000,18.000000,18.000000,18.000000,18.000000,18.000000,18.000000,18.000000,18.000000,19.000000,19.000000,19.000000,20.000000,20.000000,20.000000,20.000000,20.000000,20.000000,20.000000,20.000000,20.000000,20.000000,20.000000,20.000000,20.000000,20.000000,20.000000,21.000000,21.000000,22.000000,22.000000,22.000000,23.000000,23.000000,23.000000,24.000000,24.000000,24.000000,24.000000,24.000000,24.000000,24.000000,24.000000,24.000000,24.000000,24.000000,24.000000,24.000000,24.000000,24.000000,24.000000,24.000000,24.000000,24.000000,24.000000,24.000000,24.000000,24.000000,24.000000,24.000000,24.000000,24.000000,24.000000,24.000000,24.000000,25.000000,25.000000,25.000000,25.000000,25.000000,25.000000,25.000000,26.000000,26.000000,27.000000,27.000000,27.000000,27.000000,27.000000,27.000000,27.000000,27.000000;;0;6912
8c1b;ddb;a15;0;0;4000000000000080;         6s 147ms 250μs 126ns;171;-1;             11ms 884μs 754ns;27.000000;6.333333;0.000000;inf;4;1;Unfinished;1.000000,2.000000,3.000000,4.000000,4.000000,4.000000,4.000000,4.000000,4.000000,4.000000,4.000000,4.000000,4.000000,4.000000,4.000000,5.000000,5.000000,5.000000,6.000000,7.000000,7.000000,8.000000,9.000000,9.000000,9.000000,9.000000,9.000000,9.000000,9.000000,9.000000,9.000000,9.000000,9.000000,10.000000,11.000000,12.000000,13.000000,14.000000,14.000000,14.000000,14.000000,14.000000,15.000000,16.000000,17.000000,17.000000,18.000000,18.000000,18.000000,18.000000,18.000000,18.000000,18.000000,18.000000,18.000000,18.000000,18.000000,18.000000,18.000000,18.000000,18.000000,18.000000,18.000000,18.000000,18.000000,18.000000,18.000000,18.000000,18.000000,18.000000,18.000000,18.000000,18.000000,18.000000,18.000000,18.000000,18.000000,18.000000,18.000000,18.000000,18.000000,18.000000,18.000000,18.000000,18.000000,18.000000,18.000000,18.000000,18.000000,18.000000,18.000000,18.000000,18.000000,18.000000,18.000000,18.000000,18.000000,18.000000,18.000000,19.000000,19.000000,20.000000,20.000000,20.000000,20.000000,20.000000,20.000000,20.000000,20.000000,20.000000,20.000000,20.000000,20.000000,20.000000,20.000000,20.000000,21.000000,21.000000,22.000000,22.000000,22.000000,23.000000,23.000000,23.000000,24.000000,24.000000,24.000000,24.000000,24.000000,24.000000,24.000000,24.000000,24.000000,24.000000,24.000000,24.000000,24.000000,24.000000,24.000000,24.000000,24.000000,24.000000,24.000000,24.000000,24.000000,24.000000,24.000000,24.000000,24.000000,24.000000,24.000000,24.000000,24.000000,24.000000,25.000000,25.000000,25.000000,25.000000,25.000000,25.000000,25.000000,26.000000,26.000000,27.000000,27.000000,27.000000,27.000000,27.000000,27.000000,27.000000,27.000000;;0;6912
8c1c;ddb;a15;0;0;4000000000000080;         6s 147ms 253μs 986ns;171;-1;             11ms 568μs  33ns;27.000000;6.333333;0.000000;inf;4;1;Unfinished;1.000000,2.000000,3.000000,4.000000,4.000000,4.000000,4.000000,4.000000,4.000000,4.000000,4.000000,4.000000,4.000000,4.000000,4.000000,5.000000,5.000000,5.000000,6.000000,7.000000,7.000000,8.000000,9.000000,9.000000,9.000000,9.000000,9.000000,9.000000,9.000000,9.000000,9.000000,9.000000,9.000000,10.000000,11.000000,12.000000,13.000000,14.000000,14.000000,14.000000,14.000000,14.000000,15.000000,16.000000,17.000000,17.000000,18.000000,18.000000,18.000000,18.000000,18.000000,18.000000,18.000000,18.000000,18.000000,18.000000,18.000000,18.000000,18.000000,18.000000,18.000000,18.000000,18.000000,18.000000,18.000000,18.000000,18.000000,18.000000,18.000000,18.000000,18.000000,18.000000,18.000000,18.000000,18.000000,18.000000,18.000000,18.000000,18.000000,18.000000,18.000000,18.000000,18.000000,18.000000,18.000000,18.000000,18.000000,18.000000,18.000000,18.000000,18.000000,18.000000,18.000000,18.000000,18.000000,18.000000,18.000000,18.000000,18.000000,19.000000,19.000000,19.000000,19.000000,19.000000,19.000000,19.000000,19.000000,19.000000,19.000000,19.000000,19.000000,19.000000,20.000000,20.000000,20.000000,20.000000,21.000000,21.000000,22.000000,22.000000,22.000000,23.000000,23.000000,23.000000,24.000000,24.000000,24.000000,24.000000,24.000000,24.000000,24.000000,24.000000,24.000000,24.000000,24.000000,24.000000,24.000000,24.000000,24.000000,24.000000,24.000000,24.000000,24.000000,24.000000,24.000000,24.000000,24.000000,24.000000,24.000000,24.000000,24.000000,24.000000,24.000000,24.000000,25.000000,25.000000,25.000000,25.000000,25.000000,25.000000,25.000000,26.000000,26.000000,27.000000,27.000000,27.000000,27.000000,27.000000,27.000000,27.000000,27.000000;;0;6914
8c21;ddb;a15;0;0;4000000000000080;         6s 147ms 372μs 380ns;171;-1;             11ms 349μs 899ns;27.000000;6.333333;0.000000;inf;4;1;Unfinished;1.000000,2.000000,3.000000,4.000000,4.000000,4.000000,4.000000,4.000000,4.000000,4.000000,4.000000,4.000000,4.000000,4.000000,4.000000,5.000000,5.000000,5.000000,6.000000,7.000000,7.000000,8.000000,9.000000,9.000000,9.000000,9.000000,9.000000,9.000000,9.000000,9.000000,9.000000,9.000000,9.000000,10.000000,11.000000,12.000000,13.000000,14.000000,14.000000,14.000000,14.000000,14.000000,15.000000,16.000000,17.000000,17.000000,18.000000,18.000000,18.000000,18.000000,18.000000,18.000000,18.000000,18.000000,18.000000,18.000000,18.000000,18.000000,18.000000,18.000000,18.000000,18.000000,18.000000,18.000000,18.000000,18.000000,18.000000,18.000000,18.000000,18.000000,18.000000,18.000000,18.000000,18.000000,18.000000,18.000000,18.000000,18.000000,18.000000,18.000000,18.000000,18.000000,18.000000,18.000000,18.000000,18.000000,18.000000,18.000000,18.000000,18.000000,18.000000,18.000000,18.000000,18.000000,18.000000,18.000000,18.000000,18.000000,18.000000,19.000000,19.000000,19.000000,20.000000,20.000000,20.000000,20.000000,20.000000,20.000000,20.000000,20.000000,20.000000,20.000000,20.000000,20.000000,20.000000,20.000000,21.000000,21.000000,22.000000,22.000000,22.000000,23.000000,23.000000,23.000000,24.000000,24.000000,24.000000,24.000000,24.000000,24.000000,24.000000,24.000000,24.000000,24.000000,24.000000,24.000000,24.000000,24.000000,24.000000,24.000000,24.000000,24.000000,24.000000,24.000000,24.000000,24.000000,24.000000,24.000000,24.000000,24.000000,24.000000,24.000000,24.000000,24.000000,25.000000,25.000000,25.000000,25.000000,25.000000,25.000000,25.000000,26.000000,26.000000,27.000000,27.000000,27.000000,27.000000,27.000000,27.000000,27.000000,27.000000;;0;6915
8c22;ddb;a15;0;0;4000000000000080;         6s 147ms 377μs 738ns;171;-1;             11ms  80μs 320ns;27.000000;6.333333;0.000000;inf;4;1;Unfinished;1.000000,2.000000,3.000000,4.000000,4.000000,4.000000,4.000000,4.000000,4.000000,4.000000,4.000000,4.000000,4.000000,4.000000,4.000000,5.000000,5.000000,5.000000,6.000000,7.000000,7.000000,8.000000,9.000000,9.000000,9.000000,9.000000,9.000000,9.000000,9.000000,9.000000,9.000000,9.000000,9.000000,10.000000,11.000000,12.000000,13.000000,14.000000,14.000000,14.000000,14.000000,14.000000,15.000000,16.000000,17.000000,17.000000,18.000000,18.000000,18.000000,18.000000,18.000000,18.000000,18.000000,18.000000,18.000000,18.000000,18.000000,18.000000,18.000000,18.000000,18.000000,18.000000,18.000000,18.000000,18.000000,18.000000,18.000000,18.000000,18.000000,18.000000,18.000000,18.000000,18.000000,18.000000,18.000000,18.000000,18.000000,18.000000,18.000000,18.000000,18.000000,18.000000,18.000000,18.000000,18.000000,18.000000,18.000000,18.000000,18.000000,18.000000,18.000000,18.000000,18.000000,18.000000,18.000000,18.000000,18.000000,18.000000,18.000000,19.000000,19.000000,19.000000,20.000000,20.000000,20.000000,20.000000,20.000000,20.000000,20.000000,20.000000,20.000000,20.000000,20.000000,20.000000,20.000000,20.000000,21.000000,21.000000,22.000000,22.000000,22.000000,23.000000,23.000000,23.000000,24.000000,24.000000,24.000000,24.000000,24.000000,24.000000,24.000000,24.000000,24.000000,24.000000,24.000000,24.000000,24.000000,24.000000,24.000000,24.000000,24.000000,24.000000,24.000000,24.000000,24.000000,24.000000,24.000000,24.000000,24.000000,24.000000,24.000000,24.000000,24.000000,24.000000,25.000000,25.000000,25.000000,25.000000,25.000000,25.000000,25.000000,26.000000,26.000000,27.000000,27.000000,27.000000,27.000000,27.000000,27.000000,27.000000,27.000000;;0;6916
8c28;ddb;a15;0;0;4000000000000080;         6s 147ms 492μs 895ns;171;-1;             11ms 701μs 346ns;27.000000;6.333333;0.000000;inf;4;1;Unfinished;1.000000,2.000000,3.000000,4.000000,4.000000,4.000000,4.000000,4.000000,4.000000,4.000000,4.000000,4.000000,4.000000,4.000000,4.000000,5.000000,5.000000,5.000000,6.000000,7.000000,7.000000,8.000000,9.000000,9.000000,9.000000,9.000000,9.000000,9.000000,9.000000,9.000000,9.000000,9.000000,9.000000,10.000000,11.000000,12.000000,13.000000,14.000000,14.000000,14.000000,14.000000,14.000000,15.000000,16.000000,17.000000,17.000000,18.000000,18.000000,18.000000,18.000000,18.000000,18.000000,18.000000,18.000000,18.000000,18.000000,18.000000,18.000000,18.000000,18.000000,18.000000,18.000000,18.000000,18.000000,18.000000,18.000000,18.000000,18.000000,18.000000,18.000000,18.000000,18.000000,18.000000,18.000000,18.000000,18.000000,18.000000,18.000000,18.000000,18.000000,18.000000,18.000000,18.000000,18.000000,18.000000,18.000000,18.000000,18.000000,18.000000,18.000000,18.000000,18.000000,18.000000,18.000000,18.000000,18.000000,18.000000,18.000000,18.000000,19.000000,19.000000,19.000000,20.000000,20.000000,20.000000,20.000000,20.000000,20.000000,20.000000,20.000000,20.000000,20.000000,20.000000,20.000000,20.000000,20.000000,21.000000,21.000000,22.000000,22.000000,22.000000,23.000000,23.000000,23.000000,24.000000,24.000000,24.000000,24.000000,24.000000,24.000000,24.000000,24.000000,24.000000,24.000000,24.000000,24.000000,24.000000,24.000000,24.000000,24.000000,24.000000,24.000000,24.000000,24.000000,24.000000,24.000000,24.000000,24.000000,24.000000,24.000000,24.000000,24.000000,24.000000,24.000000,25.000000,25.000000,25.000000,25.000000,25.000000,25.000000,25.000000,26.000000,26.000000,27.000000,27.000000,27.000000,27.000000,27.000000,27.000000,27.000000,27.000000;;0;6917
8c27;ddb;a15;0;0;4000000000000080;         6s 147ms 513μs  22ns;171;-1;             12ms  50μs 402ns;27.000000;6.333333;0.000000;inf;4;1;Unfinished;1.000000,2.000000,3.000000,4.000000,4.000000,4.000000,4.000000,4.000000,4.000000,4.000000,4.000000,4.000000,4.000000,4.000000,4.000000,5.000000,5.000000,5.000000,6.000000,7.000000,7.000000,8.000000,9.000000,9.000000,9.000000,9.000000,9.000000,9.000000,9.000000,9.000000,9.000000,9.000000,9.000000,10.000000,11.000000,12.000000,13.000000,14.000000,14.000000,14.000000,14.000000,14.000000,15.000000,16.000000,17.000000,17.000000,18.000000,18.000000,18.000000,18.000000,18.000000,18.000000,18.000000,18.000000,18.000000,18.000000,18.000000,18.000000,18.000000,18.000000,18.000000,18.000000,18.000000,18.000000,18.000000,18.000000,18.000000,18.000000,18.000000,18.000000,18.000000,18.000000,18.000000,18.000000,18.000000,18.000000,18.000000,18.000000,18.000000,18.000000,18.000000,18.000000,18.000000,18.000000,18.000000,18.000000,18.000000,18.000000,18.000000,18.000000,18.000000,18.000000,18.000000,18.000000,18.000000,18.000000,18.000000,18.000000,18.000000,19.000000,19.000000,19.000000,20.000000,20.000000,20.000000,20.000000,20.000000,20.000000,20.000000,20.000000,20.000000,20.000000,20.000000,20.000000,20.000000,20.000000,21.000000,21.000000,22.000000,22.000000,22.000000,23.000000,23.000000,23.000000,24.000000,24.000000,24.000000,24.000000,24.000000,24.000000,24.000000,24.000000,24.000000,24.000000,24.000000,24.000000,24.000000,24.000000,24.000000,24.000000,24.000000,24.000000,24.000000,24.000000,24.000000,24.000000,24.000000,24.000000,24.000000,24.000000,24.000000,24.000000,24.000000,24.000000,25.000000,25.000000,25.000000,25.000000,25.000000,25.000000,25.000000,26.000000,26.000000,27.000000,27.000000,27.000000,27.000000,27.000000,27.000000,27.000000,27.000000;;0;6918
8c2c;ddb;a15;0;0;4000000000000080;         6s 147ms 607μs 105ns;171;-1;             11ms 855μs 718ns;27.000000;6.333333;0.000000;inf;4;1;Unfinished;1.000000,2.000000,3.000000,4.000000,4.000000,4.000000,4.000000,4.000000,4.000000,4.000000,4.000000,4.000000,4.000000,4.000000,4.000000,5.000000,5.000000,5.000000,6.000000,7.000000,7.000000,8.000000,9.000000,9.000000,9.000000,9.000000,9.000000,9.000000,9.000000,9.000000,9.000000,9.000000,9.000000,10.000000,11.000000,12.000000,13.000000,14.000000,14.000000,14.000000,14.000000,14.000000,15.000000,16.000000,17.000000,17.000000,18.000000,18.000000,18.000000,18.000000,18.000000,18.000000,18.000000,18.000000,18.000000,18.000000,18.000000,18.000000,18.000000,18.000000,18.000000,18.000000,18.000000,18.000000,18.000000,18.000000,18.000000,18.000000,18.000000,18.000000,18.000000,18.000000,18.000000,18.000000,18.000000,18.000000,18.000000,18.000000,18.000000,18.000000,18.000000,18.000000,18.000000,18.000000,18.000000,18.000000,18.000000,18.000000,18.000000,18.000000,18.000000,18.000000,18.000000,18.000000,18.000000,18.000000,18.000000,18.000000,18.000000,19.000000,19.000000,19.000000,20.000000,20.000000,20.000000,20.000000,20.000000,20.000000,20.000000,20.000000,20.000000,20.000000,20.000000,20.000000,20.000000,20.000000,21.000000,21.000000,22.000000,22.000000,22.000000,23.000000,23.000000,23.000000,24.000000,24.000000,24.000000,24.000000,24.000000,24.000000,24.000000,24.000000,24.000000,24.000000,24.000000,24.000000,24.000000,24.000000,24.000000,24.000000,24.000000,24.000000,24.000000,24.000000,24.000000,24.000000,24.000000,24.000000,24.000000,24.000000,24.000000,24.000000,24.000000,24.000000,25.000000,25.000000,25.000000,25.000000,25.000000,25.000000,25.000000,26.000000,26.000000,27.000000,27.000000,27.000000,27.000000,27.000000,27.000000,27.000000,27.000000;;0;6918
8c2e;ddb;a15;0;0;0000000000000080;         6s 147ms 624μs 814ns;171;-1;             11ms 549μs 527ns;27.000000;6.333333;0.000000;inf;4;1;Unfinished;1.000000,2.000000,3.000000,4.000000,4.000000,4.000000,4.000000,4.000000,4.000000,4.000000,4.000000,4.000000,4.000000,4.000000,4.000000,5.000000,5.000000,5.000000,6.000000,7.000000,7.000000,8.000000,9.000000,9.000000,9.000000,9.000000,9.000000,9.000000,9.000000,9.000000,9.000000,9.000000,9.000000,10.000000,11.000000,12.000000,13.000000,14.000000,14.000000,14.000000,14.000000,14.000000,15.000000,16.000000,17.000000,17.000000,18.000000,18.000000,18.000000,18.000000,18.000000,18.000000,18.000000,18.000000,18.000000,18.000000,18.000000,18.000000,18.000000,18.000000,18.000000,18.000000,18.000000,18.000000,18.000000,18.000000,18.000000,18.000000,18.000000,18.000000,18.000000,18.000000,18.000000,18.000000,18.000000,18.000000,18.000000,18.000000,18.000000,18.000000,18.000000,18.000000,18.000000,18.000000,18.000000,18.000000,18.000000,18.000000,18.000000,18.000000,18.000000,18.000000,18.000000,18.000000,18.000000,18.000000,18.000000,18.000000,18.000000,19.000000,19.000000,19.000000,20.000000,20.000000,20.000000,20.000000,20.000000,20.000000,20.000000,20.000000,20.000000,20.000000,20.000000,20.000000,20.000000,20.000000,21.000000,21.000000,22.000000,22.000000,22.000000,23.000000,23.000000,23.000000,24.000000,24.000000,24.000000,24.000000,24.000000,24.000000,24.000000,24.000000,24.000000,24.000000,24.000000,24.000000,24.000000,24.000000,24.000000,24.000000,24.000000,24.000000,24.000000,24.000000,24.000000,24.000000,24.000000,24.000000,24.000000,24.000000,24.000000,24.000000,24.000000,24.000000,25.000000,25.000000,25.000000,25.000000,25.000000,25.000000,25.000000,26.000000,26.000000,27.000000,27.000000,27.000000,27.000000,27.000000,27.000000,27.000000,27.000000;;0;6920
8c32;ddb;a15;0;0;4000000000000080;         6s 147ms 718μs 609ns;171;-1;             11ms 362μs 845ns;27.000000;6.333333;0.000000;inf;4;1;Unfinished;1.000000,2.000000,3.000000,4.000000,4.000000,4.000000,4.000000,4.000000,4.000000,4.000000,4.000000,4.000000,4.000000,4.000000,4.000000,5.000000,5.000000,5.000000,6.000000,7.000000,7.000000,8.000000,9.000000,9.000000,9.000000,9.000000,9.000000,9.000000,9.000000,9.000000,9.000000,9.000000,9.000000,10.000000,11.000000,12.000000,13.000000,14.000000,14.000000,14.000000,14.000000,14.000000,15.000000,16.000000,17.000000,17.000000,18.000000,18.000000,18.000000,18.000000,18.000000,18.000000,18.000000,18.000000,18.000000,18.000000,18.000000,18.000000,18.000000,18.000000,18.000000,18.000000,18.000000,18.000000,18.000000,18.000000,18.000000,18.000000,18.000000,18.000000,18.000000,18.000000,18.000000,18.000000,18.000000,18.000000,18.000000,18.000000,18.000000,18.000000,18.000000,18.000000,18.000000,18.000000,18.000000,18.000000,18.000000,18.000000,18.000000,18.000000,18.000000,18.000000,18.000000,18.000000,18.000000,18.000000,18.000000,18.000000,18.000000,19.000000,19.000000,19.000000,20.000000,20.000000,20.000000,20.000000,20.000000,20.000000,20.000000,20.000000,20.000000,20.000000,20.000000,20.000000,20.000000,20.000000,21.000000,21.000000,22.000000,22.000000,22.000000,23.000000,23.000000,23.000000,24.000000,24.000000,24.000000,24.000000,24.000000,24.000000,24.000000,24.000000,24.000000,24.000000,24.000000,24.000000,24.000000,24.000000,24.000000,24.000000,24.000000,24.000000,24.000000,24.000000,24.000000,24.000000,24.000000,24.000000,24.000000,24.000000,24.000000,24.000000,24.000000,24.000000,25.000000,25.000000,25.000000,25.000000,25.000000,25.000000,25.000000,26.000000,26.000000,27.000000,27.000000,27.000000,27.000000,27.000000,27.000000,27.000000,27.000000;;0;6921
8c34;ddb;a15;0;0;0000000000000080;         6s 147ms 734μs 141ns;171;-1;             11ms 418μs 549ns;27.000000;6.333333;0.000000;inf;4;1;Unfinished;1.000000,2.000000,3.000000,4.000000,4.000000,4.000000,4.000000,4.000000,4.000000,4.000000,4.000000,4.000000,4.000000,4.000000,4.000000,5.000000,5.000000,5.000000,6.000000,7.000000,7.000000,8.000000,9.000000,9.000000,9.000000,9.000000,9.000000,9.000000,9.000000,9.000000,9.000000,9.000000,9.000000,10.000000,11.000000,12.000000,13.000000,14.000000,14.000000,14.000000,14.000000,14.000000,15.000000,16.000000,17.000000,17.000000,18.000000,18.000000,18.000000,18.000000,18.000000,18.000000,18.000000,18.000000,18.000000,18.000000,18.000000,18.000000,18.000000,18.000000,18.000000,18.000000,18.000000,18.000000,18.000000,18.000000,18.000000,18.000000,18.000000,18.000000,18.000000,18.000000,18.000000,18.000000,18.000000,18.000000,18.000000,18.000000,18.000000,18.000000,18.000000,18.000000,18.000000,18.000000,18.000000,18.000000,18.000000,18.000000,18.000000,18.000000,18.000000,18.000000,18.000000,18.000000,18.000000,18.000000,18.000000,18.000000,18.000000,19.000000,19.000000,19.000000,20.000000,20.000000,20.000000,20.000000,20.000000,20.000000,20.000000,20.000000,20.000000,20.000000,20.000000,20.000000,20.000000,20.000000,21.000000,21.000000,22.000000,22.000000,22.000000,23.000000,23.000000,23.000000,24.000000,24.000000,24.000000,24.000000,24.000000,24.000000,24.000000,24.000000,24.000000,24.000000,24.000000,24.000000,24.000000,24.000000,24.000000,24.000000,24.000000,24.000000,24.000000,24.000000,24.000000,24.000000,24.000000,24.000000,24.000000,24.000000,24.000000,24.000000,24.000000,24.000000,25.000000,25.000000,25.000000,25.000000,25.000000,25.000000,25.000000,26.000000,26.000000,27.000000,27.000000,27.000000,27.000000,27.000000,27.000000,27.000000,27.000000;;0;6922
8c38;ddb;a15;0;0;0000000000000080;         6s 147ms 836μs 381ns;171;-1;             11ms 458μs 425ns;27.000000;6.333333;0.000000;inf;4;1;Unfinished;1.000000,2.000000,3.000000,4.000000,4.000000,4.000000,4.000000,4.000000,4.000000,4.000000,4.000000,4.000000,4.000000,4.000000,4.000000,5.000000,5.000000,5.000000,6.000000,7.000000,7.000000,8.000000,9.000000,9.000000,9.000000,9.000000,9.000000,9.000000,9.000000,9.000000,9.000000,9.000000,9.000000,10.000000,11.000000,12.000000,13.000000,14.000000,14.000000,14.000000,14.000000,14.000000,15.000000,16.000000,17.000000,17.000000,18.000000,18.000000,18.000000,18.000000,18.000000,18.000000,18.000000,18.000000,18.000000,18.000000,18.000000,18.000000,18.000000,18.000000,18.000000,18.000000,18.000000,18.000000,18.000000,18.000000,18.000000,18.000000,18.000000,18.000000,18.000000,18.000000,18.000000,18.000000,18.000000,18.000000,18.000000,18.000000,18.000000,18.000000,18.000000,18.000000,18.000000,18.000000,18.000000,18.000000,18.000000,18.000000,18.000000,18.000000,18.000000,18.000000,18.000000,18.000000,18.000000,18.000000,18.000000,18.000000,18.000000,19.000000,19.000000,19.000000,20.000000,20.000000,20.000000,20.000000,20.000000,20.000000,20.000000,20.000000,20.000000,20.000000,20.000000,20.000000,20.000000,20.000000,21.000000,21.000000,22.000000,22.000000,22.000000,23.000000,23.000000,23.000000,24.000000,24.000000,24.000000,24.000000,24.000000,24.000000,24.000000,24.000000,24.000000,24.000000,24.000000,24.000000,24.000000,24.000000,24.000000,24.000000,24.000000,24.000000,24.000000,24.000000,24.000000,24.000000,24.000000,24.000000,24.000000,24.000000,24.000000,24.000000,24.000000,24.000000,25.000000,25.000000,25.000000,25.000000,25.000000,25.000000,25.000000,26.000000,26.000000,27.000000,27.000000,27.000000,27.000000,27.000000,27.000000,27.000000,27.000000;;0;6923
8c3a;ddb;a15;0;0;4000000000000080;         6s 147ms 846μs 831ns;171;-1;             11ms 491μs 458ns;27.000000;6.333333;0.000000;inf;4;1;Unfinished;1.000000,2.000000,3.000000,4.000000,4.000000,4.000000,4.000000,4.000000,4.000000,4.000000,4.000000,4.000000,4.000000,4.000000,4.000000,5.000000,5.000000,5.000000,6.000000,7.000000,7.000000,8.000000,9.000000,9.000000,9.000000,9.000000,9.000000,9.000000,9.000000,9.000000,9.000000,9.000000,9.000000,10.000000,11.000000,12.000000,13.000000,14.000000,14.000000,14.000000,14.000000,14.000000,15.000000,16.000000,17.000000,17.000000,18.000000,18.000000,18.000000,18.000000,18.000000,18.000000,18.000000,18.000000,18.000000,18.000000,18.000000,18.000000,18.000000,18.000000,18.000000,18.000000,18.000000,18.000000,18.000000,18.000000,18.000000,18.000000,18.000000,18.000000,18.000000,18.000000,18.000000,18.000000,18.000000,18.000000,18.000000,18.000000,18.000000,18.000000,18.000000,18.000000,18.000000,18.000000,18.000000,18.000000,18.000000,18.000000,18.000000,18.000000,18.000000,18.000000,18.000000,18.000000,18.000000,18.000000,18.000000,18.000000,18.000000,19.000000,19.000000,19.000000,20.000000,20.000000,20.000000,20.000000,20.000000,20.000000,20.000000,20.000000,20.000000,20.000000,20.000000,20.000000,20.000000,20.000000,21.000000,21.000000,22.000000,22.000000,22.000000,23.000000,23.000000,23.000000,24.000000,24.000000,24.000000,24.000000,24.000000,24.000000,24.000000,24.000000,24.000000,24.000000,24.000000,24.000000,24.000000,24.000000,24.000000,24.000000,24.000000,24.000000,24.000000,24.000000,24.000000,24.000000,24.000000,24.000000,24.000000,24.000000,24.000000,24.000000,24.000000,24.000000,25.000000,25.000000,25.000000,25.000000,25.000000,25.000000,25.000000,26.000000,26.000000,27.000000,27.000000,27.000000,27.000000,27.000000,27.000000,27.000000,27.000000;;0;6923
8c40;ddb;a15;0;0;0000000000000080;         6s 147ms 961μs 689ns;171;-1;             10ms 928μs 785ns;27.000000;6.333333;0.000000;inf;4;1;Unfinished;1.000000,2.000000,3.000000,4.000000,4.000000,4.000000,4.000000,4.000000,4.000000,4.000000,4.000000,4.000000,4.000000,4.000000,4.000000,5.000000,5.000000,5.000000,6.000000,7.000000,7.000000,8.000000,9.000000,9.000000,9.000000,9.000000,9.000000,9.000000,9.000000,9.000000,9.000000,9.000000,9.000000,10.000000,11.000000,12.000000,13.000000,14.000000,14.000000,14.000000,14.000000,14.000000,15.000000,16.000000,17.000000,17.000000,18.000000,18.000000,18.000000,18.000000,18.000000,18.000000,18.000000,18.000000,18.000000,18.000000,18.000000,18.000000,18.000000,18.000000,18.000000,18.000000,18.000000,18.000000,18.000000,18.000000,18.000000,18.000000,18.000000,18.000000,18.000000,18.000000,18.000000,18.000000,18.000000,18.000000,18.000000,18.000000,18.000000,18.000000,18.000000,18.000000,18.000000,18.000000,18.000000,18.000000,18.000000,18.000000,18.000000,18.000000,18.000000,18.000000,18.000000,18.000000,18.000000,18.000000,18.000000,18.000000,18.000000,19.000000,19.000000,19.000000,20.000000,20.000000,20.000000,20.000000,20.000000,20.000000,20.000000,20.000000,20.000000,20.000000,20.000000,20.000000,20.000000,20.000000,21.000000,21.000000,22.000000,22.000000,22.000000,23.000000,23.000000,23.000000,24.000000,24.000000,24.000000,24.000000,24.000000,24.000000,24.000000,24.000000,24.000000,24.000000,24.000000,24.000000,24.000000,24.000000,24.000000,24.000000,24.000000,24.000000,24.000000,24.000000,24.000000,24.000000,24.000000,24.000000,24.000000,24.000000,24.000000,24.000000,24.000000,24.000000,25.000000,25.000000,25.000000,25.000000,25.000000,25.000000,25.000000,26.000000,26.000000,27.000000,27.000000,27.000000,27.000000,27.000000,27.000000,27.000000,27.000000;;0;6926
8c46;ddb;a15;0;0;4000000000000080;         6s 148ms  71μs 409ns;171;-1;             11ms  60μs 178ns;27.000000;6.333333;0.000000;inf;4;1;Unfinished;1.000000,2.000000,3.000000,4.000000,4.000000,4.000000,4.000000,4.000000,4.000000,4.000000,4.000000,4.000000,4.000000,4.000000,4.000000,5.000000,5.000000,5.000000,6.000000,7.000000,7.000000,8.000000,9.000000,9.000000,9.000000,9.000000,9.000000,9.000000,9.000000,9.000000,9.000000,9.000000,9.000000,10.000000,11.000000,12.000000,13.000000,14.000000,14.000000,14.000000,14.000000,14.000000,15.000000,16.000000,17.000000,17.000000,18.000000,18.000000,18.000000,18.000000,18.000000,18.000000,18.000000,18.000000,18.000000,18.000000,18.000000,18.000000,18.000000,18.000000,18.000000,18.000000,18.000000,18.000000,18.000000,18.000000,18.000000,18.000000,18.000000,18.000000,18.000000,18.000000,18.000000,18.000000,18.000000,18.000000,18.000000,18.000000,18.000000,18.000000,18.000000,18.000000,18.000000,18.000000,18.000000,18.000000,18.000000,18.000000,18.000000,18.000000,18.000000,18.000000,18.000000,18.000000,18.000000,18.000000,18.000000,18.000000,18.000000,19.000000,19.000000,19.000000,20.000000,20.000000,20.000000,20.000000,20.000000,20.000000,20.000000,20.000000,20.000000,20.000000,20.000000,20.000000,20.000000,20.000000,20.000000,20.000000,21.000000,21.000000,21.000000,22.000000,23.000000,23.000000,24.000000,24.000000,24.000000,24.000000,24.000000,24.000000,24.000000,24.000000,24.000000,24.000000,24.000000,24.000000,24.000000,24.000000,24.000000,24.000000,24.000000,24.000000,24.000000,24.000000,24.000000,24.000000,24.000000,24.000000,24.000000,24.000000,24.000000,24.000000,24.000000,24.000000,25.000000,25.000000,25.000000,25.000000,25.000000,25.000000,25.000000,26.000000,26.000000,27.000000,27.000000,27.000000,27.000000,27.000000,27.000000,27.000000,27.000000;;0;6927
8c45;ddb;a15;0;0;4000000000000080;         6s 148ms  72μs 378ns;171;-1;             11ms 895μs 947ns;27.000000;6.333333;0.000000;inf;4;1;Unfinished;1.000000,2.000000,3.000000,4.000000,4.000000,4.000000,4.000000,4.000000,4.000000,4.000000,4.000000,4.000000,4.000000,4.000000,4.000000,5.000000,5.000000,5.000000,6.000000,7.000000,7.000000,8.000000,9.000000,9.000000,9.000000,9.000000,9.000000,9.000000,9.000000,9.000000,9.000000,9.000000,9.000000,10.000000,11.000000,12.000000,13.000000,14.000000,14.000000,14.000000,14.000000,14.000000,15.000000,16.000000,17.000000,17.000000,18.000000,18.000000,18.000000,18.000000,18.000000,18.000000,18.000000,18.000000,18.000000,18.000000,18.000000,18.000000,18.000000,18.000000,18.000000,18.000000,18.000000,18.000000,18.000000,18.000000,18.000000,18.000000,18.000000,18.000000,18.000000,18.000000,18.000000,18.000000,18.000000,18.000000,18.000000,18.000000,18.000000,18.000000,18.000000,18.000000,18.000000,18.000000,18.000000,18.000000,18.000000,18.000000,18.000000,18.000000,18.000000,18.000000,18.000000,18.000000,18.000000,18.000000,18.000000,18.000000,18.000000,19.000000,19.000000,19.000000,20.000000,20.000000,20.000000,20.000000,20.000000,20.000000,20.000000,20.000000,20.000000,20.000000,20.000000,20.000000,20.000000,20.000000,21.000000,21.000000,22.000000,22.000000,22.000000,23.000000,23.000000,23.000000,24.000000,24.000000,24.000000,24.000000,24.000000,24.000000,24.000000,24.000000,24.000000,24.000000,24.000000,24.000000,24.000000,24.000000,24.000000,24.000000,24.000000,24.000000,24.000000,24.000000,24.000000,24.000000,24.000000,24.000000,24.000000,24.000000,24.000000,24.000000,24.000000,24.000000,25.000000,25.000000,25.000000,25.000000,25.000000,25.000000,25.000000,26.000000,26.000000,27.000000,27.000000,27.000000,27.000000,27.000000,27.000000,27.000000,27.000000;;0;6928
8c4b;ddb;a15;0;0;4000000000000080;         6s 148ms 181μs 149ns;171;-1;             10ms 513μs 654ns;27.000000;6.333333;0.000000;inf;4;1;Unfinished;1.000000,2.000000,3.000000,4.000000,4.000000,4.000000,4.000000,4.000000,4.000000,4.000000,4.000000,4.000000,4.000000,4.000000,4.000000,5.000000,5.000000,5.000000,6.000000,7.000000,7.000000,8.000000,9.000000,9.000000,9.000000,9.000000,9.000000,9.000000,9.000000,9.000000,9.000000,9.000000,9.000000,10.000000,11.000000,12.000000,13.000000,14.000000,14.000000,14.000000,14.000000,14.000000,15.000000,16.000000,17.000000,17.000000,18.000000,18.000000,18.000000,18.000000,18.000000,18.000000,18.000000,18.000000,18.000000,18.000000,18.000000,18.000000,18.000000,18.000000,18.000000,18.000000,18.000000,18.000000,18.000000,18.000000,18.000000,18.000000,18.000000,18.000000,18.000000,18.000000,18.000000,18.000000,18.000000,18.000000,18.000000,18.000000,18.000000,18.000000,18.000000,18.000000,18.000000,18.000000,18.000000,18.000000,18.000000,18.000000,18.000000,18.000000,18.000000,18.000000,18.000000,18.000000,18.000000,18.000000,18.000000,18.000000,18.000000,19.000000,19.000000,19.000000,20.000000,20.000000,20.000000,20.000000,20.000000,20.000000,20.000000,20.000000,20.000000,20.000000,20.000000,20.000000,20.000000,20.000000,20.000000,21.000000,21.000000,21.000000,21.000000,22.000000,23.000000,23.000000,24.000000,24.000000,24.000000,24.000000,24.000000,24.000000,24.000000,24.000000,24.000000,24.000000,24.000000,24.000000,24.000000,24.000000,24.000000,24.000000,24.000000,24.000000,24.000000,24.000000,24.000000,24.000000,24.000000,24.000000,24.000000,24.000000,24.000000,24.000000,24.000000,24.000000,25.000000,25.000000,25.000000,25.000000,25.000000,25.000000,25.000000,26.000000,26.000000,27.000000,27.000000,27.000000,27.000000,27.000000,27.000000,27.000000,27.000000;;0;6928
8c4e;ddb;a15;0;0;4000000000000080;         6s 148ms 357μs  68ns;171;-1;             13ms 245μs 462ns;27.000000;6.333333;0.000000;inf;4;1;Unfinished;1.000000,2.000000,3.000000,4.000000,4.000000,4.000000,4.000000,4.000000,4.000000,4.000000,4.000000,4.000000,4.000000,4.000000,4.000000,5.000000,5.000000,5.000000,6.000000,7.000000,7.000000,8.000000,9.000000,9.000000,9.000000,9.000000,9.000000,9.000000,9.000000,9.000000,9.000000,9.000000,9.000000,10.000000,11.000000,12.000000,13.000000,14.000000,14.000000,14.000000,14.000000,14.000000,15.000000,16.000000,17.000000,17.000000,18.000000,18.000000,18.000000,18.000000,18.000000,18.000000,18.000000,18.000000,18.000000,18.000000,18.000000,18.000000,18.000000,18.000000,18.000000,18.000000,18.000000,18.000000,18.000000,18.000000,18.000000,18.000000,18.000000,18.000000,18.000000,18.000000,18.000000,18.000000,18.000000,18.000000,18.000000,18.000000,18.000000,18.000000,18.000000,18.000000,18.000000,18.000000,18.000000,18.000000,18.000000,18.000000,18.000000,18.000000,18.000000,18.000000,18.000000,18.000000,18.000000,18.000000,18.000000,18.000000,18.000000,19.000000,19.000000,19.000000,20.000000,20.000000,20.000000,20.000000,20.000000,20.000000,20.000000,20.000000,20.000000,20.000000,20.000000,20.000000,20.000000,20.000000,20.000000,21.000000,21.000000,22.000000,22.000000,23.000000,23.000000,23.000000,24.000000,24.000000,24.000000,24.000000,24.000000,24.000000,24.000000,24.000000,24.000000,24.000000,24.000000,24.000000,24.000000,24.000000,24.000000,24.000000,24.000000,24.000000,24.000000,24.000000,24.000000,24.000000,24.000000,24.000000,24.000000,24.000000,24.000000,24.000000,24.000000,24.000000,25.000000,25.000000,25.000000,25.000000,25.000000,25.000000,25.000000,26.000000,26.000000,27.000000,27.000000,27.000000,27.000000,27.000000,27.000000,27.000000,27.000000;;0;6930
8c51;ddb;a15;0;0;0000000000000080;         6s 148ms 474μs 621ns;171;-1;             10ms 865μs 153ns;27.000000;6.333333;0.000000;inf;4;1;Unfinished;1.000000,2.000000,3.000000,4.000000,4.000000,4.000000,4.000000,4.000000,4.000000,4.000000,4.000000,4.000000,4.000000,4.000000,4.000000,5.000000,5.000000,5.000000,6.000000,7.000000,7.000000,8.000000,9.000000,9.000000,9.000000,9.000000,9.000000,9.000000,9.000000,9.000000,9.000000,9.000000,9.000000,10.000000,11.000000,12.000000,13.000000,14.000000,14.000000,14.000000,14.000000,14.000000,15.000000,16.000000,17.000000,17.000000,18.000000,18.000000,18.000000,18.000000,18.000000,18.000000,18.000000,18.000000,18.000000,18.000000,18.000000,18.000000,18.000000,18.000000,18.000000,18.000000,18.000000,18.000000,18.000000,18.000000,18.000000,18.000000,18.000000,18.000000,18.000000,18.000000,18.000000,18.000000,18.000000,18.000000,18.000000,18.000000,18.000000,18.000000,18.000000,18.000000,18.000000,18.000000,18.000000,18.000000,18.000000,18.000000,18.000000,18.000000,18.000000,18.000000,18.000000,18.000000,18.000000,18.000000,18.000000,18.000000,18.000000,19.000000,19.000000,19.000000,20.000000,20.000000,20.000000,20.000000,20.000000,20.000000,20.000000,20.000000,20.000000,20.000000,20.000000,20.000000,20.000000,20.000000,20.000000,21.000000,21.000000,22.000000,22.000000,22.000000,23.000000,23.000000,24.000000,24.000000,24.000000,24.000000,24.000000,24.000000,24.000000,24.000000,24.000000,24.000000,24.000000,24.000000,24.000000,24.000000,24.000000,24.000000,24.000000,24.000000,24.000000,24.000000,24.000000,24.000000,24.000000,24.000000,24.000000,24.000000,24.000000,24.000000,24.000000,24.000000,25.000000,25.000000,25.000000,25.000000,25.000000,25.000000,25.000000,26.000000,26.000000,27.000000,27.000000,27.000000,27.000000,27.000000,27.000000,27.000000,27.000000;;0;6931
8c54;ddb;a15;0;0;4000000000000080;         6s 148ms 589μs 140ns;171;-1;             11ms 130μs 488ns;27.000000;6.333333;0.000000;inf;4;1;Unfinished;1.000000,2.000000,3.000000,4.000000,4.000000,4.000000,4.000000,4.000000,4.000000,4.000000,4.000000,4.000000,4.000000,4.000000,4.000000,5.000000,5.000000,5.000000,6.000000,7.000000,7.000000,8.000000,9.000000,9.000000,9.000000,9.000000,9.000000,9.000000,9.000000,9.000000,9.000000,9.000000,9.000000,10.000000,11.000000,12.000000,13.000000,14.000000,14.000000,14.000000,14.000000,14.000000,15.000000,16.000000,17.000000,17.000000,18.000000,18.000000,18.000000,18.000000,18.000000,18.000000,18.000000,18.000000,18.000000,18.000000,18.000000,18.000000,18.000000,18.000000,18.000000,18.000000,18.000000,18.000000,18.000000,18.000000,18.000000,18.000000,18.000000,18.000000,18.000000,18.000000,18.000000,18.000000,18.000000,18.000000,18.000000,18.000000,18.000000,18.000000,18.000000,18.000000,18.000000,18.000000,18.000000,18.000000,18.000000,18.000000,18.000000,18.000000,18.000000,18.000000,18.000000,18.000000,18.000000,18.000000,18.000000,18.000000,18.000000,19.000000,19.000000,19.000000,20.000000,20.000000,20.000000,20.000000,20.000000,20.000000,20.000000,20.000000,20.000000,20.000000,20.000000,20.000000,20.000000,20.000000,20.000000,21.000000,21.000000,22.000000,22.000000,22.000000,23.000000,23.000000,24.000000,24.000000,24.000000,24.000000,24.000000,24.000000,24.000000,24.000000,24.000000,24.000000,24.000000,24.000000,24.000000,24.000000,24.000000,24.000000,24.000000,24.000000,24.000000,24.000000,24.000000,24.000000,24.000000,24.000000,24.000000,24.000000,24.000000,24.000000,24.000000,24.000000,25.000000,25.000000,25.000000,25.000000,25.000000,25.000000,25.000000,26.000000,26.000000,27.000000,27.000000,27.000000,27.000000,27.000000,27.000000,27.000000,27.000000;;0;6932
8c57;ddb;a15;0;0;4000000000000080;         6s 148ms 709μs 729ns;171;-1;             11ms 441μs 277ns;27.000000;6.333333;0.000000;inf;4;1;Unfinished;1.000000,2.000000,3.000000,4.000000,4.000000,4.000000,4.000000,4.000000,4.000000,4.000000,4.000000,4.000000,4.000000,4.000000,4.000000,5.000000,5.000000,5.000000,6.000000,7.000000,7.000000,8.000000,9.000000,9.000000,9.000000,9.000000,9.000000,9.000000,9.000000,9.000000,9.000000,9.000000,9.000000,10.000000,11.000000,12.000000,13.000000,14.000000,14.000000,14.000000,14.000000,14.000000,15.000000,16.000000,17.000000,17.000000,18.000000,18.000000,18.000000,18.000000,18.000000,18.000000,18.000000,18.000000,18.000000,18.000000,18.000000,18.000000,18.000000,18.000000,18.000000,18.000000,18.000000,18.000000,18.000000,18.000000,18.000000,18.000000,18.000000,18.000000,18.000000,18.000000,18.000000,18.000000,18.000000,18.000000,18.000000,18.000000,18.000000,18.000000,18.000000,18.000000,18.000000,18.000000,18.000000,18.000000,18.000000,18.000000,18.000000,18.000000,18.000000,18.000000,18.000000,18.000000,18.000000,18.000000,18.000000,18.000000,18.000000,19.000000,19.000000,19.000000,20.000000,20.000000,20.000000,20.000000,20.000000,20.000000,20.000000,20.000000,20.000000,20.000000,20.000000,20.000000,20.000000,20.000000,20.000000,21.000000,21.000000,22.000000,22.000000,22.000000,23.000000,23.000000,23.000000,23.000000,23.000000,23.000000,23.000000,23.000000,23.000000,23.000000,23.000000,23.000000,23.000000,23.000000,23.000000,23.000000,23.000000,23.000000,23.000000,23.000000,23.000000,23.000000,23.000000,23.000000,23.000000,24.000000,24.000000,24.000000,24.000000,24.000000,24.000000,24.000000,25.000000,25.000000,25.000000,25.000000,25.000000,25.000000,25.000000,26.000000,26.000000,27.000000,27.000000,27.000000,27.000000,27.000000,27.000000,27.000000,27.000000;;0;6933
8c59;ddb;a15;0;0;4000000000000080;         6s 148ms 780μs 450ns;171;-1;             11ms 670μs   1ns;27.000000;6.333333;0.000000;inf;4;1;Unfinished;1.000000,2.000000,3.000000,4.000000,4.000000,4.000000,4.000000,4.000000,4.000000,4.000000,4.000000,4.000000,4.000000,4.000000,4.000000,5.000000,5.000000,5.000000,6.000000,7.000000,7.000000,8.000000,9.000000,9.000000,9.000000,9.000000,9.000000,9.000000,9.000000,9.000000,9.000000,9.000000,9.000000,10.000000,11.000000,12.000000,13.000000,14.000000,14.000000,14.000000,14.000000,14.000000,15.000000,16.000000,17.000000,17.000000,18.000000,18.000000,18.000000,18.000000,18.000000,18.000000,18.000000,18.000000,18.000000,18.000000,18.000000,18.000000,18.000000,18.000000,18.000000,18.000000,18.000000,18.000000,18.000000,18.000000,18.000000,18.000000,18.000000,18.000000,18.000000,18.000000,18.000000,18.000000,18.000000,18.000000,18.000000,18.000000,18.000000,18.000000,18.000000,18.000000,18.000000,18.000000,18.000000,18.000000,18.000000,18.000000,18.000000,18.000000,18.000000,18.000000,18.000000,18.000000,18.000000,18.000000,18.000000,18.000000,18.000000,19.000000,19.000000,19.000000,20.000000,20.000000,20.000000,20.000000,20.000000,20.000000,20.000000,20.000000,20.000000,20.000000,20.000000,20.000000,20.000000,20.000000,20.000000,21.000000,21.000000,22.000000,22.000000,22.000000,23.000000,23.000000,23.000000,24.000000,24.000000,24.000000,24.000000,24.000000,24.000000,24.000000,24.000000,24.000000,24.000000,24.000000,24.000000,24.000000,24.000000,24.000000,24.000000,24.000000,24.000000,24.000000,24.000000,24.000000,24.000000,24.000000,24.000000,24.000000,24.000000,24.000000,24.000000,24.000000,25.000000,25.000000,25.000000,25.000000,25.000000,25.000000,25.000000,26.000000,26.000000,27.000000,27.000000,27.000000,27.000000,27.000000,27.000000,27.000000,27.000000;;0;6933
8c5c;ddb;a15;0;0;0000000000000080;         6s 148ms 835μs  56ns;171;-1;             10ms 890μs 849ns;27.000000;6.333333;0.000000;inf;4;1;Unfinished;1.000000,2.000000,3.000000,4.000000,4.000000,4.000000,4.000000,4.000000,4.000000,4.000000,4.000000,4.000000,4.000000,4.000000,4.000000,5.000000,5.000000,5.000000,6.000000,7.000000,7.000000,8.000000,9.000000,9.000000,9.000000,9.000000,9.000000,9.000000,9.000000,9.000000,9.000000,9.000000,9.000000,10.000000,11.000000,12.000000,13.000000,14.000000,14.000000,14.000000,14.000000,14.000000,15.000000,16.000000,17.000000,17.000000,18.000000,18.000000,18.000000,18.000000,18.000000,18.000000,18.000000,18.000000,18.000000,18.000000,18.000000,18.000000,18.000000,18.000000,18.000000,18.000000,18.000000,18.000000,18.000000,18.000000,18.000000,18.000000,18.000000,18.000000,18.000000,18.000000,18.000000,18.000000,18.000000,18.000000,18.000000,18.000000,18.000000,18.000000,18.000000,18.000000,18.000000,18.000000,18.000000,18.000000,18.000000,18.000000,18.000000,18.000000,18.000000,18.000000,18.000000,18.000000,18.000000,18.000000,18.000000,18.000000,18.000000,19.000000,19.000000,19.000000,20.000000,20.000000,20.000000,20.000000,20.000000,20.000000,20.000000,20.000000,20.000000,20.000000,20.000000,20.000000,20.000000,20.000000,20.000000,21.000000,21.000000,22.000000,22.000000,22.000000,23.000000,23.000000,23.000000,24.000000,24.000000,24.000000,24.000000,24.000000,24.000000,24.000000,24.000000,24.000000,24.000000,24.000000,24.000000,24.000000,24.000000,24.000000,24.000000,24.000000,24.000000,24.000000,24.000000,24.000000,24.000000,24.000000,24.000000,24.000000,24.000000,24.000000,24.000000,24.000000,25.000000,25.000000,25.000000,25.000000,25.000000,25.000000,25.000000,26.000000,26.000000,27.000000,27.000000,27.000000,27.000000,27.000000,27.000000,27.000000,27.000000;;0;6935
8c5f;ddb;a15;0;0;4000000000000080;         6s 148ms 898μs 146ns;171;-1;             12ms 779μs 327ns;27.000000;6.333333;0.000000;inf;4;1;Unfinished;1.000000,2.000000,3.000000,4.000000,4.000000,4.000000,4.000000,4.000000,4.000000,4.000000,4.000000,4.000000,4.000000,4.000000,4.000000,5.000000,5.000000,5.000000,6.000000,7.000000,7.000000,8.000000,9.000000,9.000000,9.000000,9.000000,9.000000,9.000000,9.000000,9.000000,9.000000,9.000000,9.000000,10.000000,11.000000,12.000000,13.000000,14.000000,14.000000,14.000000,14.000000,14.000000,15.000000,16.000000,17.000000,17.000000,18.000000,18.000000,18.000000,18.000000,18.000000,18.000000,18.000000,18.000000,18.000000,18.000000,18.000000,18.000000,18.000000,18.000000,18.000000,18.000000,18.000000,18.000000,18.000000,18.000000,18.000000,18.000000,18.000000,18.000000,18.000000,18.000000,18.000000,18.000000,18.000000,18.000000,18.000000,18.000000,18.000000,18.000000,18.000000,18.000000,18.000000,18.000000,18.000000,18.000000,18.000000,18.000000,18.000000,18.000000,18.000000,18.000000,18.000000,18.000000,18.000000,18.000000,18.000000,18.000000,18.000000,19.000000,19.000000,19.000000,20.000000,20.000000,20.000000,20.000000,20.000000,20.000000,20.000000,20.000000,20.000000,20.000000,20.000000,20.000000,20.000000,20.000000,20.000000,21.000000,21.000000,22.000000,22.000000,22.000000,23.000000,23.000000,23.000000,24.000000,24.000000,24.000000,24.000000,24.000000,24.000000,24.000000,24.000000,24.000000,24.000000,24.000000,24.000000,24.000000,24.000000,24.000000,24.000000,24.000000,24.000000,24.000000,24.000000,24.000000,24.000000,24.000000,24.000000,24.000000,24.000000,24.000000,24.000000,24.000000,25.000000,25.000000,25.000000,25.000000,25.000000,25.000000,25.000000,26.000000,26.000000,27.000000,27.000000,27.000000,27.000000,27.000000,27.000000,27.000000,27.000000;;0;6936
8c62;ddb;a15;0;0;0000000000000080;         6s 148ms 948μs 422ns;171;-1;             10ms 628μs   2ns;27.000000;6.333333;0.000000;inf;4;1;Unfinished;1.000000,2.000000,3.000000,4.000000,4.000000,4.000000,4.000000,4.000000,4.000000,4.000000,4.000000,4.000000,4.000000,4.000000,4.000000,5.000000,5.000000,5.000000,6.000000,7.000000,7.000000,8.000000,9.000000,9.000000,9.000000,9.000000,9.000000,9.000000,9.000000,9.000000,9.000000,9.000000,9.000000,10.000000,11.000000,12.000000,13.000000,14.000000,14.000000,14.000000,14.000000,14.000000,15.000000,16.000000,17.000000,17.000000,18.000000,18.000000,18.000000,18.000000,18.000000,18.000000,18.000000,18.000000,18.000000,18.000000,18.000000,18.000000,18.000000,18.000000,18.000000,18.000000,18.000000,18.000000,18.000000,18.000000,18.000000,18.000000,18.000000,18.000000,18.000000,18.000000,18.000000,18.000000,18.000000,18.000000,18.000000,18.000000,18.000000,18.000000,18.000000,18.000000,18.000000,18.000000,18.000000,18.000000,18.000000,18.000000,18.000000,18.000000,18.000000,18.000000,18.000000,18.000000,18.000000,18.000000,18.000000,18.000000,18.000000,19.000000,19.000000,19.000000,20.000000,20.000000,20.000000,20.000000,20.000000,20.000000,20.000000,20.000000,20.000000,20.000000,20.000000,20.000000,20.000000,20.000000,20.000000,21.000000,21.000000,22.000000,22.000000,22.000000,23.000000,23.000000,23.000000,24.000000,24.000000,24.000000,24.000000,24.000000,24.000000,24.000000,24.000000,24.000000,24.000000,24.000000,24.000000,24.000000,24.000000,24.000000,24.000000,24.000000,24.000000,24.000000,24.000000,24.000000,24.000000,24.000000,24.000000,24.000000,24.000000,24.000000,24.000000,24.000000,25.000000,25.000000,25.000000,25.000000,25.000000,25.000000,25.000000,26.000000,26.000000,27.000000,27.000000,27.000000,27.000000,27.000000,27.000000,27.000000,27.000000;;0;6937
8c65;ddb;a15;0;0;0000000000000080;         6s 149ms   5μs 932ns;171;-1;             11ms 186μs 400ns;27.000000;6.333333;0.000000;inf;4;1;Unfinished;1.000000,2.000000,3.000000,4.000000,4.000000,4.000000,4.000000,4.000000,4.000000,4.000000,4.000000,4.000000,4.000000,4.000000,4.000000,5.000000,5.000000,5.000000,6.000000,7.000000,7.000000,8.000000,9.000000,9.000000,9.000000,9.000000,9.000000,9.000000,9.000000,9.000000,9.000000,9.000000,9.000000,10.000000,11.000000,12.000000,13.000000,14.000000,14.000000,14.000000,14.000000,14.000000,15.000000,16.000000,17.000000,17.000000,18.000000,18.000000,18.000000,18.000000,18.000000,18.000000,18.000000,18.000000,18.000000,18.000000,18.000000,18.000000,18.000000,18.000000,18.000000,18.000000,18.000000,18.000000,18.000000,18.000000,18.000000,18.000000,18.000000,18.000000,18.000000,18.000000,18.000000,18.000000,18.000000,18.000000,18.000000,18.000000,18.000000,18.000000,18.000000,18.000000,18.000000,18.000000,18.000000,18.000000,18.000000,18.000000,18.000000,18.000000,18.000000,18.000000,18.000000,18.000000,18.000000,18.000000,18.000000,18.000000,18.000000,19.000000,19.000000,19.000000,20.000000,20.000000,20.000000,20.000000,20.000000,20.000000,20.000000,20.000000,20.000000,20.000000,20.000000,20.000000,20.000000,20.000000,20.000000,21.000000,21.000000,22.000000,22.000000,22.000000,23.000000,23.000000,23.000000,24.000000,24.000000,24.000000,24.000000,24.000000,24.000000,24.000000,24.000000,24.000000,24.000000,24.000000,24.000000,24.000000,24.000000,24.000000,24.000000,24.000000,24.000000,24.000000,24.000000,24.000000,24.000000,24.000000,24.000000,24.000000,24.000000,24.000000,24.000000,24.000000,25.000000,25.000000,25.000000,25.000000,25.000000,25.000000,25.000000,26.000000,26.000000,27.000000,27.000000,27.000000,27.000000,27.000000,27.000000,27.000000,27.000000;;0;6938
8c68;ddb;a15;0;0;0000000000000080;         6s 149ms  66μs 760ns;171;-1;             11ms 164μs 710ns;27.000000;6.333333;0.000000;inf;4;1;Unfinished;1.000000,2.000000,3.000000,4.000000,4.000000,4.000000,4.000000,4.000000,4.000000,4.000000,4.000000,4.000000,4.000000,4.000000,4.000000,5.000000,5.000000,5.000000,6.000000,7.000000,7.000000,8.000000,9.000000,9.000000,9.000000,9.000000,9.000000,9.000000,9.000000,9.000000,9.000000,9.000000,9.000000,10.000000,11.000000,12.000000,13.000000,14.000000,14.000000,14.000000,14.000000,14.000000,15.000000,16.000000,17.000000,17.000000,18.000000,18.000000,18.000000,18.000000,18.000000,18.000000,18.000000,18.000000,18.000000,18.000000,18.000000,18.000000,18.000000,18.000000,18.000000,18.000000,18.000000,18.000000,18.000000,18.000000,18.000000,18.000000,18.000000,18.000000,18.000000,18.000000,18.000000,18.000000,18.000000,18.000000,18.000000,18.000000,18.000000,18.000000,18.000000,18.000000,18.000000,18.000000,18.000000,18.000000,18.000000,18.000000,18.000000,18.000000,18.000000,18.000000,18.000000,18.000000,18.000000,18.000000,18.000000,18.000000,18.000000,19.000000,19.000000,19.000000,20.000000,20.000000,20.000000,20.000000,20.000000,20.000000,20.000000,20.000000,20.000000,20.000000,20.000000,20.000000,20.000000,20.000000,20.000000,21.000000,21.000000,22.000000,22.000000,22.000000,23.000000,23.000000,23.000000,24.000000,24.000000,24.000000,24.000000,24.000000,24.000000,24.000000,24.000000,24.000000,24.000000,24.000000,24.000000,24.000000,24.000000,24.000000,24.000000,24.000000,24.000000,24.000000,24.000000,24.000000,24.000000,24.000000,24.000000,24.000000,24.000000,24.000000,24.000000,24.000000,25.000000,25.000000,25.000000,25.000000,25.000000,25.000000,25.000000,26.000000,26.000000,27.000000,27.000000,27.000000,27.000000,27.000000,27.000000,27.000000,27.000000;;0;6938
8c6b;ddb;a15;0;0;4000000000000080;         6s 149ms 120μs 268ns;171;-1;             11ms  80μs 486ns;27.000000;6.333333;0.000000;inf;4;1;Unfinished;1.000000,2.000000,3.000000,4.000000,4.000000,4.000000,4.000000,4.000000,4.000000,4.000000,4.000000,4.000000,4.000000,4.000000,4.000000,5.000000,5.000000,5.000000,6.000000,7.000000,7.000000,8.000000,9.000000,9.000000,9.000000,9.000000,9.000000,9.000000,9.000000,9.000000,9.000000,9.000000,9.000000,10.000000,11.000000,12.000000,13.000000,14.000000,14.000000,14.000000,14.000000,14.000000,15.000000,16.000000,17.000000,17.000000,18.000000,18.000000,18.000000,18.000000,18.000000,18.000000,18.000000,18.000000,18.000000,18.000000,18.000000,18.000000,18.000000,18.000000,18.000000,18.000000,18.000000,18.000000,18.000000,18.000000,18.000000,18.000000,18.000000,18.000000,18.000000,18.000000,18.000000,18.000000,18.000000,18.000000,18.000000,18.000000,18.000000,18.000000,18.000000,18.000000,18.000000,18.000000,18.000000,18.000000,18.000000,18.000000,18.000000,18.000000,18.000000,18.000000,18.000000,18.000000,18.000000,18.000000,18.000000,18.000000,18.000000,19.000000,19.000000,19.000000,20.000000,20.000000,20.000000,20.000000,20.000000,20.000000,20.000000,20.000000,20.000000,20.000000,20.000000,20.000000,20.000000,20.000000,20.000000,21.000000,21.000000,22.000000,22.000000,22.000000,23.000000,23.000000,23.000000,24.000000,24.000000,24.000000,24.000000,24.000000,24.000000,24.000000,24.000000,24.000000,24.000000,24.000000,24.000000,24.000000,24.000000,24.000000,24.000000,24.000000,24.000000,24.000000,24.000000,24.000000,24.000000,24.000000,24.000000,24.000000,24.000000,24.000000,24.000000,24.000000,25.000000,25.000000,25.000000,25.000000,25.000000,25.000000,25.000000,26.000000,26.000000,27.000000,27.000000,27.000000,27.000000,27.000000,27.000000,27.000000,27.000000;;0;6940
8c6e;ddb;a15;0;0;4000000000000080;         6s 149ms 181μs 141ns;171;-1;             11ms 314μs 709ns;27.000000;6.333333;0.000000;inf;4;1;Unfinished;1.000000,2.000000,3.000000,4.000000,4.000000,4.000000,4.000000,4.000000,4.000000,4.000000,4.000000,4.000000,4.000000,4.000000,4.000000,5.000000,5.000000,5.000000,6.000000,7.000000,7.000000,8.000000,9.000000,9.000000,9.000000,9.000000,9.000000,9.000000,9.000000,9.000000,9.000000,9.000000,9.000000,10.000000,11.000000,12.000000,13.000000,14.000000,14.000000,14.000000,14.000000,14.000000,15.000000,16.000000,17.000000,17.000000,18.000000,18.000000,18.000000,18.000000,18.000000,18.000000,18.000000,18.000000,18.000000,18.000000,18.000000,18.000000,18.000000,18.000000,18.000000,18.000000,18.000000,18.000000,18.000000,18.000000,18.000000,18.000000,18.000000,18.000000,18.000000,18.000000,18.000000,18.000000,18.000000,18.000000,18.000000,18.000000,18.000000,18.000000,18.000000,18.000000,18.000000,18.000000,18.000000,18.000000,18.000000,18.000000,18.000000,18.000000,18.000000,18.000000,18.000000,18.000000,18.000000,18.000000,18.000000,18.000000,18.000000,19.000000,19.000000,19.000000,20.000000,20.000000,20.000000,20.000000,20.000000,20.000000,20.000000,20.000000,20.000000,20.000000,20.000000,20.000000,20.000000,20.000000,20.000000,21.000000,21.000000,22.000000,22.000000,22.000000,23.000000,23.000000,23.000000,24.000000,24.000000,24.000000,24.000000,24.000000,24.000000,24.000000,24.000000,24.000000,24.000000,24.000000,24.000000,24.000000,24.000000,24.000000,24.000000,24.000000,24.000000,24.000000,24.000000,24.000000,24.000000,24.000000,24.000000,24.000000,24.000000,24.000000,24.000000,24.000000,25.000000,25.000000,25.000000,25.000000,25.000000,25.000000,25.000000,26.000000,26.000000,27.000000,27.000000,27.000000,27.000000,27.000000,27.000000,27.000000,27.000000;;0;6941
8c71;ddb;a15;0;0;4000000000000080;         6s 149ms 236μs 581ns;171;-1;             11ms 206μs 452ns;27.000000;6.333333;0.000000;inf;4;1;Unfinished;1.000000,2.000000,3.000000,4.000000,4.000000,4.000000,4.000000,4.000000,4.000000,4.000000,4.000000,4.000000,4.000000,4.000000,4.000000,5.000000,5.000000,5.000000,6.000000,7.000000,7.000000,8.000000,9.000000,9.000000,9.000000,9.000000,9.000000,9.000000,9.000000,9.000000,9.000000,9.000000,9.000000,10.000000,11.000000,12.000000,13.000000,14.000000,14.000000,14.000000,14.000000,14.000000,15.000000,16.000000,17.000000,17.000000,18.000000,18.000000,18.000000,18.000000,18.000000,18.000000,18.000000,18.000000,18.000000,18.000000,18.000000,18.000000,18.000000,18.000000,18.000000,18.000000,18.000000,18.000000,18.000000,18.000000,18.000000,18.000000,18.000000,18.000000,18.000000,18.000000,18.000000,18.000000,18.000000,18.000000,18.000000,18.000000,18.000000,18.000000,18.000000,18.000000,18.000000,18.000000,18.000000,18.000000,18.000000,18.000000,18.000000,18.000000,18.000000,18.000000,18.000000,18.000000,18.000000,18.000000,18.000000,18.000000,18.000000,19.000000,19.000000,19.000000,20.000000,20.000000,20.000000,20.000000,20.000000,20.000000,20.000000,20.000000,20.000000,20.000000,20.000000,20.000000,20.000000,20.000000,20.000000,21.000000,21.000000,22.000000,22.000000,22.000000,23.000000,23.000000,23.000000,24.000000,24.000000,24.000000,24.000000,24.000000,24.000000,24.000000,24.000000,24.000000,24.000000,24.000000,24.000000,24.000000,24.000000,24.000000,24.000000,24.000000,24.000000,24.000000,24.000000,24.000000,24.000000,24.000000,24.000000,24.000000,24.000000,24.000000,24.000000,24.000000,25.000000,25.000000,25.000000,25.000000,25.000000,25.000000,25.000000,26.000000,26.000000,27.000000,27.000000,27.000000,27.000000,27.000000,27.000000,27.000000,27.000000;;0;6942
8c74;ddb;a15;0;0;4000000000000080;         6s 149ms 316μs 975ns;171;-1;             11ms 379μs 808ns;27.000000;6.333333;0.000000;inf;4;1;Unfinished;1.000000,2.000000,3.000000,4.000000,4.000000,4.000000,4.000000,4.000000,4.000000,4.000000,4.000000,4.000000,4.000000,4.000000,4.000000,5.000000,5.000000,5.000000,6.000000,7.000000,7.000000,8.000000,9.000000,9.000000,9.000000,9.000000,9.000000,9.000000,9.000000,9.000000,9.000000,9.000000,9.000000,10.000000,11.000000,12.000000,13.000000,14.000000,14.000000,14.000000,14.000000,14.000000,15.000000,16.000000,17.000000,17.000000,18.000000,18.000000,18.000000,18.000000,18.000000,18.000000,18.000000,18.000000,18.000000,18.000000,18.000000,18.000000,18.000000,18.000000,18.000000,18.000000,18.000000,18.000000,18.000000,18.000000,18.000000,18.000000,18.000000,18.000000,18.000000,18.000000,18.000000,18.000000,18.000000,18.000000,18.000000,18.000000,18.000000,18.000000,18.000000,18.000000,18.000000,18.000000,18.000000,18.000000,18.000000,18.000000,18.000000,18.000000,18.000000,18.000000,18.000000,18.000000,18.000000,18.000000,18.000000,18.000000,18.000000,19.000000,19.000000,19.000000,20.000000,20.000000,20.000000,20.000000,20.000000,20.000000,20.000000,20.000000,20.000000,20.000000,20.000000,20.000000,20.000000,20.000000,20.000000,21.000000,21.000000,22.000000,22.000000,22.000000,23.000000,23.000000,23.000000,24.000000,24.000000,24.000000,24.000000,24.000000,24.000000,24.000000,24.000000,24.000000,24.000000,24.000000,24.000000,24.000000,24.000000,24.000000,24.000000,24.000000,24.000000,24.000000,24.000000,24.000000,24.000000,24.000000,24.000000,24.000000,24.000000,24.000000,24.000000,24.000000,25.000000,25.000000,25.000000,25.000000,25.000000,25.000000,25.000000,26.000000,26.000000,27.000000,27.000000,27.000000,27.000000,27.000000,27.000000,27.000000,27.000000;;0;6943
8c77;ddb;a15;0;0;0000000000000080;         6s 149ms 364μs 153ns;171;-1;             11ms 468μs 754ns;27.000000;6.333333;0.000000;inf;4;1;Unfinished;1.000000,2.000000,3.000000,4.000000,4.000000,4.000000,4.000000,4.000000,4.000000,4.000000,4.000000,4.000000,4.000000,4.000000,4.000000,5.000000,5.000000,5.000000,6.000000,7.000000,7.000000,8.000000,9.000000,9.000000,9.000000,9.000000,9.000000,9.000000,9.000000,9.000000,9.000000,9.000000,9.000000,10.000000,11.000000,12.000000,13.000000,14.000000,14.000000,14.000000,14.000000,14.000000,15.000000,16.000000,17.000000,17.000000,18.000000,18.000000,18.000000,18.000000,18.000000,18.000000,18.000000,18.000000,18.000000,18.000000,18.000000,18.000000,18.000000,18.000000,18.000000,18.000000,18.000000,18.000000,18.000000,18.000000,18.000000,18.000000,18.000000,18.000000,18.000000,18.000000,18.000000,18.000000,18.000000,18.000000,18.000000,18.000000,18.000000,18.000000,18.000000,18.000000,18.000000,18.000000,18.000000,18.000000,18.000000,18.000000,18.000000,18.000000,18.000000,18.000000,18.000000,18.000000,18.000000,18.000000,18.000000,18.000000,18.000000,19.000000,19.000000,19.000000,20.000000,20.000000,20.000000,20.000000,20.000000,20.000000,20.000000,20.000000,20.000000,20.000000,20.000000,20.000000,20.000000,20.000000,20.000000,21.000000,21.000000,22.000000,22.000000,22.000000,23.000000,23.000000,23.000000,24.000000,24.000000,24.000000,24.000000,24.000000,24.000000,24.000000,24.000000,24.000000,24.000000,24.000000,24.000000,24.000000,24.000000,24.000000,24.000000,24.000000,24.000000,24.000000,24.000000,24.000000,24.000000,24.000000,24.000000,24.000000,24.000000,24.000000,24.000000,24.000000,25.000000,25.000000,25.000000,25.000000,25.000000,25.000000,25.000000,26.000000,26.000000,27.000000,27.000000,27.000000,27.000000,27.000000,27.000000,27.000000,27.000000;;0;6943
8c7a;ddb;a15;0;0;4000000000000080;         6s 149ms 439μs 871ns;171;-1;             11ms 185μs 836ns;27.000000;6.333333;0.000000;inf;4;1;Unfinished;1.000000,2.000000,3.000000,4.000000,4.000000,4.000000,4.000000,4.000000,4.000000,4.000000,4.000000,4.000000,4.000000,4.000000,4.000000,5.000000,5.000000,5.000000,6.000000,7.000000,7.000000,8.000000,9.000000,9.000000,9.000000,9.000000,9.000000,9.000000,9.000000,9.000000,9.000000,9.000000,9.000000,10.000000,11.000000,12.000000,13.000000,14.000000,14.000000,14.000000,14.000000,14.000000,15.000000,16.000000,17.000000,17.000000,18.000000,18.000000,18.000000,18.000000,18.000000,18.000000,18.000000,18.000000,18.000000,18.000000,18.000000,18.000000,18.000000,18.000000,18.000000,18.000000,18.000000,18.000000,18.000000,18.000000,18.000000,18.000000,18.000000,18.000000,18.000000,18.000000,18.000000,18.000000,18.000000,18.000000,18.000000,18.000000,18.000000,18.000000,18.000000,18.000000,18.000000,18.000000,18.000000,18.000000,18.000000,18.000000,18.000000,18.000000,18.000000,18.000000,18.000000,18.000000,18.000000,18.000000,18.000000,18.000000,18.000000,19.000000,19.000000,19.000000,20.000000,20.000000,20.000000,20.000000,20.000000,20.000000,20.000000,20.000000,20.000000,20.000000,20.000000,20.000000,20.000000,20.000000,20.000000,21.000000,21.000000,22.000000,22.000000,22.000000,23.000000,23.000000,23.000000,24.000000,24.000000,24.000000,24.000000,24.000000,24.000000,24.000000,24.000000,24.000000,24.000000,24.000000,24.000000,24.000000,24.000000,24.000000,24.000000,24.000000,24.000000,24.000000,24.000000,24.000000,24.000000,24.000000,24.000000,24.000000,24.000000,24.000000,24.000000,24.000000,25.000000,25.000000,25.000000,25.000000,25.000000,25.000000,25.000000,26.000000,26.000000,27.000000,27.000000,27.000000,27.000000,27.000000,27.000000,27.000000,27.000000;;0;6945
8c7d;ddb;a15;0;0;4000000000000080;         6s 149ms 475μs  58ns;171;-1;             10ms 993μs 527ns;27.000000;6.333333;0.000000;inf;4;1;Unfinished;1.000000,2.000000,3.000000,4.000000,4.000000,4.000000,4.000000,4.000000,4.000000,4.000000,4.000000,4.000000,4.000000,4.000000,4.000000,5.000000,5.000000,5.000000,6.000000,7.000000,7.000000,8.000000,9.000000,9.000000,9.000000,9.000000,9.000000,9.000000,9.000000,9.000000,9.000000,9.000000,9.000000,10.000000,11.000000,12.000000,13.000000,14.000000,14.000000,14.000000,14.000000,14.000000,15.000000,16.000000,17.000000,17.000000,18.000000,18.000000,18.000000,18.000000,18.000000,18.000000,18.000000,18.000000,18.000000,18.000000,18.000000,18.000000,18.000000,18.000000,18.000000,18.000000,18.000000,18.000000,18.000000,18.000000,18.000000,18.000000,18.000000,18.000000,18.000000,18.000000,18.000000,18.000000,18.000000,18.000000,18.000000,18.000000,18.000000,18.000000,18.000000,18.000000,18.000000,18.000000,18.000000,18.000000,18.000000,18.000000,18.000000,18.000000,18.000000,18.000000,18.000000,18.000000,18.000000,18.000000,18.000000,18.000000,18.000000,19.000000,19.000000,19.000000,20.000000,20.000000,20.000000,20.000000,20.000000,20.000000,20.000000,20.000000,20.000000,20.000000,20.000000,20.000000,20.000000,20.000000,20.000000,21.000000,21.000000,22.000000,22.000000,22.000000,23.000000,23.000000,23.000000,24.000000,24.000000,24.000000,24.000000,24.000000,24.000000,24.000000,24.000000,24.000000,24.000000,24.000000,24.000000,24.000000,24.000000,24.000000,24.000000,24.000000,24.000000,24.000000,24.000000,24.000000,24.000000,24.000000,24.000000,24.000000,24.000000,24.000000,24.000000,24.000000,25.000000,25.000000,25.000000,25.000000,25.000000,25.000000,25.000000,26.000000,26.000000,27.000000,27.000000,27.000000,27.000000,27.000000,27.000000,27.000000,27.000000;;0;6946
8c80;ddb;a15;0;0;4000000000000080;         6s 149ms 561μs 485ns;171;-1;             11ms  60μs 117ns;27.000000;6.333333;0.000000;inf;4;1;Unfinished;1.000000,2.000000,3.000000,4.000000,4.000000,4.000000,4.000000,4.000000,4.000000,4.000000,4.000000,4.000000,4.000000,4.000000,4.000000,5.000000,5.000000,5.000000,6.000000,7.000000,7.000000,8.000000,9.000000,9.000000,9.000000,9.000000,9.000000,9.000000,9.000000,9.000000,9.000000,9.000000,9.000000,10.000000,11.000000,12.000000,13.000000,14.000000,14.000000,14.000000,14.000000,14.000000,15.000000,16.000000,17.000000,17.000000,18.000000,18.000000,18.000000,18.000000,18.000000,18.000000,18.000000,18.000000,18.000000,18.000000,18.000000,18.000000,18.000000,18.000000,18.000000,18.000000,18.000000,18.000000,18.000000,18.000000,18.000000,18.000000,18.000000,18.000000,18.000000,18.000000,18.000000,18.000000,18.000000,18.000000,18.000000,18.000000,18.000000,18.000000,18.000000,18.000000,18.000000,18.000000,18.000000,18.000000,18.000000,18.000000,18.000000,18.000000,18.000000,18.000000,18.000000,18.000000,18.000000,18.000000,18.000000,18.000000,18.000000,19.000000,19.000000,19.000000,20.000000,20.000000,20.000000,20.000000,20.000000,20.000000,20.000000,20.000000,20.000000,20.000000,20.000000,20.000000,20.000000,20.000000,20.000000,21.000000,21.000000,22.000000,22.000000,22.000000,23.000000,23.000000,23.000000,24.000000,24.000000,24.000000,24.000000,24.000000,24.000000,24.000000,24.000000,24.000000,24.000000,24.000000,24.000000,24.000000,24.000000,24.000000,24.000000,24.000000,24.000000,24.000000,24.000000,24.000000,24.000000,24.000000,24.000000,24.000000,24.000000,24.000000,24.000000,24.000000,25.000000,25.000000,25.000000,25.000000,25.000000,25.000000,25.000000,26.000000,26.000000,27.000000,27.000000,27.000000,27.000000,27.000000,27.000000,27.000000,27.000000;;0;6947
8c83;ddb;a15;0;0;0000000000000080;         6s 149ms 598μs 308ns;171;-1;             11ms 386μs 582ns;27.000000;6.333333;0.000000;inf;4;1;Unfinished;1.000000,2.000000,3.000000,4.000000,4.000000,4.000000,4.000000,4.000000,4.000000,4.000000,4.000000,4.000000,4.000000,4.000000,4.000000,5.000000,5.000000,5.000000,6.000000,7.000000,7.000000,8.000000,9.000000,9.000000,9.000000,9.000000,9.000000,9.000000,9.000000,9.000000,9.000000,9.000000,9.000000,10.000000,11.000000,12.000000,13.000000,14.000000,14.000000,14.000000,14.000000,14.000000,15.000000,16.000000,17.000000,17.000000,18.000000,18.000000,18.000000,18.000000,18.000000,18.000000,18.000000,18.000000,18.000000,18.000000,18.000000,18.000000,18.000000,18.000000,18.000000,18.000000,18.000000,18.000000,18.000000,18.000000,18.000000,18.000000,18.000000,18.000000,18.000000,18.000000,18.000000,18.000000,18.000000,18.000000,18.000000,18.000000,18.000000,18.000000,18.000000,18.000000,18.000000,18.000000,18.000000,18.000000,18.000000,18.000000,18.000000,18.000000,18.000000,18.000000,18.000000,18.000000,18.000000,18.000000,18.000000,18.000000,18.000000,19.000000,19.000000,19.000000,20.000000,20.000000,20.000000,20.000000,20.000000,20.000000,20.000000,20.000000,20.000000,20.000000,20.000000,20.000000,20.000000,20.000000,20.000000,21.000000,21.000000,22.000000,22.000000,22.000000,23.000000,23.000000,23.000000,24.000000,24.000000,24.000000,24.000000,24.000000,24.000000,24.000000,24.000000,24.000000,24.000000,24.000000,24.000000,24.000000,24.000000,24.000000,24.000000,24.000000,24.000000,24.000000,24.000000,24.000000,24.000000,24.000000,24.000000,24.000000,24.000000,24.000000,24.000000,24.000000,25.000000,25.000000,25.000000,25.000000,25.000000,25.000000,25.000000,26.000000,26.000000,27.000000,27.000000,27.000000,27.000000,27.000000,27.000000,27.000000,27.000000;;0;6948
8c86;ddb;a15;0;0;4000000000000080;         6s 149ms 676μs 591ns;171;-1;             11ms 379μs 625ns;27.000000;6.333333;0.000000;inf;4;1;Unfinished;1.000000,2.000000,3.000000,4.000000,4.000000,4.000000,4.000000,4.000000,4.000000,4.000000,4.000000,4.000000,4.000000,4.000000,4.000000,5.000000,5.000000,5.000000,6.000000,7.000000,7.000000,8.000000,9.000000,9.000000,9.000000,9.000000,9.000000,9.000000,9.000000,9.000000,9.000000,9.000000,9.000000,10.000000,11.000000,12.000000,13.000000,14.000000,14.000000,14.000000,14.000000,14.000000,15.000000,16.000000,17.000000,17.000000,18.000000,18.000000,18.000000,18.000000,18.000000,18.000000,18.000000,18.000000,18.000000,18.000000,18.000000,18.000000,18.000000,18.000000,18.000000,18.000000,18.000000,18.000000,18.000000,18.000000,18.000000,18.000000,18.000000,18.000000,18.000000,18.000000,18.000000,18.000000,18.000000,18.000000,18.000000,18.000000,18.000000,18.000000,18.000000,18.000000,18.000000,18.000000,18.000000,18.000000,18.000000,18.000000,18.000000,18.000000,18.000000,18.000000,18.000000,18.000000,18.000000,18.000000,18.000000,18.000000,18.000000,19.000000,19.000000,19.000000,20.000000,20.000000,20.000000,20.000000,20.000000,20.000000,20.000000,20.000000,20.000000,20.000000,20.000000,20.000000,20.000000,20.000000,20.000000,21.000000,21.000000,22.000000,22.000000,22.000000,23.000000,23.000000,23.000000,24.000000,24.000000,24.000000,24.000000,24.000000,24.000000,24.000000,24.000000,24.000000,24.000000,24.000000,24.000000,24.000000,24.000000,24.000000,24.000000,24.000000,24.000000,24.000000,24.000000,24.000000,24.000000,24.000000,24.000000,24.000000,24.000000,24.000000,24.000000,24.000000,25.000000,25.000000,25.000000,25.000000,25.000000,25.000000,25.000000,26.000000,26.000000,27.000000,27.000000,27.000000,27.000000,27.000000,27.000000,27.000000,27.000000;;0;6948
8c89;ddb;a15;0;0;4000000000000080;         6s 149ms 709μs 862ns;171;-1;             11ms 618μs 455ns;27.000000;6.333333;0.000000;inf;4;1;Unfinished;1.000000,2.000000,3.000000,4.000000,4.000000,4.000000,4.000000,4.000000,4.000000,4.000000,4.000000,4.000000,4.000000,4.000000,4.000000,5.000000,5.000000,5.000000,6.000000,7.000000,7.000000,8.000000,9.000000,9.000000,9.000000,9.000000,9.000000,9.000000,9.000000,9.000000,9.000000,9.000000,9.000000,10.000000,11.000000,12.000000,13.000000,14.000000,14.000000,14.000000,14.000000,14.000000,15.000000,16.000000,17.000000,17.000000,18.000000,18.000000,18.000000,18.000000,18.000000,18.000000,18.000000,18.000000,18.000000,18.000000,18.000000,18.000000,18.000000,18.000000,18.000000,18.000000,18.000000,18.000000,18.000000,18.000000,18.000000,18.000000,18.000000,18.000000,18.000000,18.000000,18.000000,18.000000,18.000000,18.000000,18.000000,18.000000,18.000000,18.000000,18.000000,18.000000,18.000000,18.000000,18.000000,18.000000,18.000000,18.000000,18.000000,18.000000,18.000000,18.000000,18.000000,18.000000,18.000000,18.000000,18.000000,18.000000,18.000000,19.000000,19.000000,19.000000,20.000000,20.000000,20.000000,20.000000,20.000000,20.000000,20.000000,20.000000,20.000000,20.000000,20.000000,20.000000,20.000000,20.000000,20.000000,21.000000,21.000000,22.000000,22.000000,22.000000,23.000000,23.000000,23.000000,24.000000,24.000000,24.000000,24.000000,24.000000,24.000000,24.000000,24.000000,24.000000,24.000000,24.000000,24.000000,24.000000,24.000000,24.000000,24.000000,24.000000,24.000000,24.000000,24.000000,24.000000,24.000000,24.000000,24.000000,24.000000,24.000000,24.000000,24.000000,24.000000,25.000000,25.000000,25.000000,25.000000,25.000000,25.000000,25.000000,26.000000,26.000000,27.000000,27.000000,27.000000,27.000000,27.000000,27.000000,27.000000,27.000000;;0;6950
8c8c;ddb;a15;0;0;4000000000000080;         6s 149ms 789μs 119ns;171;-1;             11ms 143μs 525ns;27.000000;6.333333;0.000000;inf;4;1;Unfinished;1.000000,2.000000,3.000000,4.000000,4.000000,4.000000,4.000000,4.000000,4.000000,4.000000,4.000000,4.000000,4.000000,4.000000,4.000000,5.000000,5.000000,5.000000,6.000000,7.000000,7.000000,8.000000,9.000000,9.000000,9.000000,9.000000,9.000000,9.000000,9.000000,9.000000,9.000000,9.000000,9.000000,10.000000,11.000000,12.000000,13.000000,14.000000,14.000000,14.000000,14.000000,14.000000,15.000000,16.000000,17.000000,17.000000,18.000000,18.000000,18.000000,18.000000,18.000000,18.000000,18.000000,18.000000,18.000000,18.000000,18.000000,18.000000,18.000000,18.000000,18.000000,18.000000,18.000000,18.000000,18.000000,18.000000,18.000000,18.000000,18.000000,18.000000,18.000000,18.000000,18.000000,18.000000,18.000000,18.000000,18.000000,18.000000,18.000000,18.000000,18.000000,18.000000,18.000000,18.000000,18.000000,18.000000,18.000000,18.000000,18.000000,18.000000,18.000000,18.000000,18.000000,18.000000,18.000000,18.000000,18.000000,18.000000,18.000000,19.000000,19.000000,19.000000,20.000000,20.000000,20.000000,20.000000,20.000000,20.000000,20.000000,20.000000,20.000000,20.000000,20.000000,20.000000,20.000000,20.000000,20.000000,21.000000,21.000000,22.000000,22.000000,22.000000,23.000000,23.000000,23.000000,24.000000,24.000000,24.000000,24.000000,24.000000,24.000000,24.000000,24.000000,24.000000,24.000000,24.000000,24.000000,24.000000,24.000000,24.000000,24.000000,24.000000,24.000000,24.000000,24.000000,24.000000,24.000000,24.000000,24.000000,24.000000,24.000000,24.000000,24.000000,24.000000,25.000000,25.000000,25.000000,25.000000,25.000000,25.000000,25.000000,26.000000,26.000000,27.000000,27.000000,27.000000,27.000000,27.000000,27.000000,27.000000,27.000000;;0;6951
8c8f;ddb;a15;0;0;4000000000000080;         6s 149ms 825μs 793ns;171;-1;             11ms 223μs 689ns;27.000000;6.333333;0.000000;inf;4;1;Unfinished;1.000000,2.000000,3.000000,4.000000,4.000000,4.000000,4.000000,4.000000,4.000000,4.000000,4.000000,4.000000,4.000000,4.000000,4.000000,5.000000,5.000000,5.000000,6.000000,7.000000,7.000000,8.000000,9.000000,9.000000,9.000000,9.000000,9.000000,9.000000,9.000000,9.000000,9.000000,9.000000,9.000000,10.000000,11.000000,12.000000,13.000000,14.000000,14.000000,14.000000,14.000000,14.000000,15.000000,16.000000,17.000000,17.000000,18.000000,18.000000,18.000000,18.000000,18.000000,18.000000,18.000000,18.000000,18.000000,18.000000,18.000000,18.000000,18.000000,18.000000,18.000000,18.000000,18.000000,18.000000,18.000000,18.000000,18.000000,18.000000,18.000000,18.000000,18.000000,18.000000,18.000000,18.000000,18.000000,18.000000,18.000000,18.000000,18.000000,18.000000,18.000000,18.000000,18.000000,18.000000,18.000000,18.000000,18.000000,18.000000,18.000000,18.000000,18.000000,18.000000,18.000000,18.000000,18.000000,18.000000,18.000000,18.000000,18.000000,19.000000,19.000000,19.000000,20.000000,20.000000,20.000000,20.000000,20.000000,20.000000,20.000000,20.000000,20.000000,20.000000,20.000000,20.000000,20.000000,20.000000,20.000000,21.000000,21.000000,22.000000,22.000000,22.000000,23.000000,23.000000,23.000000,24.000000,24.000000,24.000000,24.000000,24.000000,24.000000,24.000000,24.000000,24.000000,24.000000,24.000000,24.000000,24.000000,24.000000,24.000000,24.000000,24.000000,24.000000,24.000000,24.000000,24.000000,24.000000,24.000000,24.000000,24.000000,24.000000,24.000000,24.000000,24.000000,25.000000,25.000000,25.000000,25.000000,25.000000,25.000000,25.000000,26.000000,26.000000,27.000000,27.000000,27.000000,27.000000,27.000000,27.000000,27.000000,27.000000;;0;6952
8c92;ddb;a15;0;0;4000000000000080;         6s 149ms 901μs  80ns;171;-1;             11ms 470μs 153ns;27.000000;6.333333;0.000000;inf;4;1;Unfinished;1.000000,2.000000,3.000000,4.000000,4.000000,4.000000,4.000000,4.000000,4.000000,4.000000,4.000000,4.000000,4.000000,4.000000,4.000000,5.000000,5.000000,5.000000,6.000000,7.000000,7.000000,8.000000,9.000000,9.000000,9.000000,9.000000,9.000000,9.000000,9.000000,9.000000,9.000000,9.000000,9.000000,10.000000,11.000000,12.000000,13.000000,14.000000,14.000000,14.000000,14.000000,14.000000,15.000000,16.000000,17.000000,17.000000,18.000000,18.000000,18.000000,18.000000,18.000000,18.000000,18.000000,18.000000,18.000000,18.000000,18.000000,18.000000,18.000000,18.000000,18.000000,18.000000,18.000000,18.000000,18.000000,18.000000,18.000000,18.000000,18.000000,18.000000,18.000000,18.000000,18.000000,18.000000,18.000000,18.000000,18.000000,18.000000,18.000000,18.000000,18.000000,18.000000,18.000000,18.000000,18.000000,18.000000,18.000000,18.000000,18.000000,18.000000,18.000000,18.000000,18.000000,18.000000,18.000000,18.000000,18.000000,18.000000,18.000000,19.000000,19.000000,19.000000,20.000000,20.000000,20.000000,20.000000,20.000000,20.000000,20.000000,20.000000,20.000000,20.000000,20.000000,20.000000,20.000000,20.000000,20.000000,21.000000,21.000000,22.000000,22.000000,22.000000,23.000000,23.000000,23.000000,24.000000,24.000000,24.000000,24.000000,24.000000,24.000000,24.000000,24.000000,24.000000,24.000000,24.000000,24.000000,24.000000,24.000000,24.000000,24.000000,24.000000,24.000000,24.000000,24.000000,24.000000,24.000000,25.000000,26.000000,26.000000,26.000000,26.000000,26.000000,26.000000,26.000000,26.000000,26.000000,26.000000,26.000000,26.000000,26.000000,26.000000,26.000000,27.000000,27.000000,27.000000,27.000000,27.000000,27.000000,27.000000,27.000000;;0;6953
8c95;ddb;a15;0;0;0000000000000080;         6s 149ms 938μs 243ns;171;-1;             11ms 582μs 151ns;27.000000;6.333333;0.000000;inf;4;1;Unfinished;1.000000,2.000000,3.000000,4.000000,4.000000,4.000000,4.000000,4.000000,4.000000,4.000000,4.000000,4.000000,4.000000,4.000000,4.000000,5.000000,5.000000,5.000000,6.000000,7.000000,7.000000,8.000000,9.000000,9.000000,9.000000,9.000000,9.000000,9.000000,9.000000,9.000000,9.000000,9.000000,9.000000,10.000000,11.000000,12.000000,13.000000,14.000000,14.000000,14.000000,14.000000,14.000000,15.000000,16.000000,17.000000,17.000000,18.000000,18.000000,18.000000,18.000000,18.000000,18.000000,18.000000,18.000000,18.000000,18.000000,18.000000,18.000000,18.000000,18.000000,18.000000,18.000000,18.000000,18.000000,18.000000,18.000000,18.000000,18.000000,18.000000,18.000000,18.000000,18.000000,18.000000,18.000000,18.000000,18.000000,18.000000,18.000000,18.000000,18.000000,18.000000,18.000000,18.000000,18.000000,18.000000,18.000000,18.000000,18.000000,18.000000,18.000000,18.000000,18.000000,18.000000,18.000000,18.000000,18.000000,18.000000,18.000000,18.000000,19.000000,19.000000,19.000000,20.000000,20.000000,20.000000,20.000000,20.000000,20.000000,20.000000,20.000000,20.000000,20.000000,20.000000,20.000000,20.000000,20.000000,20.000000,21.000000,21.000000,22.000000,22.000000,22.000000,23.000000,23.000000,23.000000,24.000000,24.000000,24.000000,24.000000,24.000000,24.000000,24.000000,24.000000,24.000000,24.000000,24.000000,24.000000,24.000000,24.000000,24.000000,24.000000,24.000000,24.000000,24.000000,24.000000,24.000000,24.000000,24.000000,24.000000,24.000000,24.000000,24.000000,24.000000,24.000000,25.000000,25.000000,25.000000,25.000000,25.000000,25.000000,25.000000,26.000000,26.000000,27.000000,27.000000,27.000000,27.000000,27.000000,27.000000,27.000000,27.000000;;0;6954
8c98;ddb;a15;0;0;4000000000000080;         6s 150ms  20μs 803ns;171;-1;             11ms 480μs 878ns;27.000000;6.333333;0.000000;inf;4;1;Unfinished;1.000000,2.000000,3.000000,4.000000,4.000000,4.000000,4.000000,4.000000,4.000000,4.000000,4.000000,4.000000,4.000000,4.000000,4.000000,5.000000,5.000000,5.000000,6.000000,7.000000,7.000000,8.000000,9.000000,9.000000,9.000000,9.000000,9.000000,9.000000,9.000000,9.000000,9.000000,9.000000,9.000000,10.000000,11.000000,12.000000,13.000000,14.000000,14.000000,14.000000,14.000000,14.000000,15.000000,16.000000,17.000000,17.000000,18.000000,18.000000,18.000000,18.000000,18.000000,18.000000,18.000000,18.000000,18.000000,18.000000,18.000000,18.000000,18.000000,18.000000,18.000000,18.000000,18.000000,18.000000,18.000000,18.000000,18.000000,18.000000,18.000000,18.000000,18.000000,18.000000,18.000000,18.000000,18.000000,18.000000,18.000000,18.000000,18.000000,18.000000,18.000000,18.000000,18.000000,18.000000,18.000000,18.000000,18.000000,18.000000,18.000000,18.000000,18.000000,18.000000,18.000000,18.000000,18.000000,18.000000,18.000000,18.000000,18.000000,19.000000,19.000000,19.000000,20.000000,20.000000,20.000000,20.000000,20.000000,20.000000,20.000000,20.000000,20.000000,20.000000,20.000000,20.000000,20.000000,20.000000,20.000000,21.000000,21.000000,22.000000,22.000000,22.000000,23.000000,23.000000,23.000000,24.000000,24.000000,24.000000,24.000000,24.000000,24.000000,24.000000,24.000000,24.000000,24.000000,24.000000,24.000000,24.000000,24.000000,24.000000,24.000000,24.000000,24.000000,24.000000,24.000000,24.000000,24.000000,24.000000,24.000000,24.000000,24.000000,24.000000,24.000000,24.000000,25.000000,25.000000,25.000000,25.000000,25.000000,25.000000,25.000000,26.000000,26.000000,27.000000,27.000000,27.000000,27.000000,27.000000,27.000000,27.000000,27.000000;;0;6955
