# unix_time, cycles_done, cur_path, paths_total, pending_total, pending_favs, map_size, unique_crashes, unique_hangs, max_depth, execs_per_sec
1747774284, 0, 0, 1, 1, 1, 4.80%, 0, 0, 1, 50.00
1747774289, 0, 0, 21, 21, 1, 5.78%, 0, 0, 2, 36.32
1747774294, 0, 0, 39, 39, 1, 5.78%, 0, 0, 2, 33.32
1747774299, 0, 0, 57, 57, 1, 5.78%, 0, 0, 2, 32.45
1747774305, 0, 0, 76, 76, 1, 5.78%, 0, 0, 2, 31.80
1747774310, 0, 0, 84, 84, 1, 6.18%, 0, 0, 2, 4.26
1747774315, 0, 0, 95, 95, 1, 6.42%, 0, 0, 2, 26.97
1747774320, 0, 0, 105, 105, 1, 6.97%, 0, 0, 2, 23.91
1747774325, 0, 0, 112, 112, 1, 6.98%, 0, 0, 2, 23.72
1747774330, 0, 0, 121, 121, 1, 7.00%, 0, 0, 2, 22.46
1747774335, 0, 0, 131, 131, 1, 7.07%, 0, 0, 2, 25.09
1747774340, 0, 0, 149, 149, 1, 7.08%, 0, 0, 2, 29.08
1747774345, 0, 0, 165, 165, 1, 7.08%, 0, 0, 2, 36.91
1747774350, 0, 0, 179, 179, 1, 7.23%, 0, 0, 2, 32.73
1747774356, 0, 0, 191, 191, 1, 7.23%, 0, 0, 2, 30.59
1747774361, 0, 0, 202, 202, 1, 7.23%, 0, 0, 2, 6.67
1747774366, 0, 0, 212, 212, 1, 7.24%, 0, 0, 2, 20.75
1747774371, 0, 0, 223, 223, 1, 7.24%, 0, 0, 2, 25.43
1747774377, 0, 0, 232, 232, 1, 7.24%, 0, 0, 2, 26.66
1747774382, 0, 0, 239, 239, 1, 7.24%, 0, 0, 2, 23.91
1747774387, 0, 0, 250, 250, 1, 7.24%, 0, 0, 2, 25.42
1747774392, 0, 0, 260, 260, 1, 7.24%, 0, 0, 2, 30.05
1747774397, 0, 0, 267, 267, 1, 7.24%, 0, 0, 2, 23.30
1747774402, 0, 0, 275, 275, 1, 7.24%, 0, 0, 2, 26.17
1747774407, 0, 0, 284, 284, 1, 7.24%, 0, 0, 2, 33.19
1747774412, 0, 0, 289, 289, 1, 7.24%, 0, 0, 2, 12.79
1747774417, 0, 0, 296, 296, 1, 7.46%, 0, 0, 2, 22.62
1747774423, 0, 0, 300, 300, 1, 7.46%, 0, 0, 2, 17.29
1747774428, 0, 0, 305, 305, 1, 7.46%, 0, 0, 2, 12.85
1747774433, 0, 0, 310, 310, 1, 7.46%, 0, 0, 2, 16.01
1747774438, 0, 0, 315, 315, 1, 7.46%, 0, 0, 2, 16.28
1747774443, 0, 0, 321, 321, 1, 7.46%, 0, 0, 2, 19.13
1747774448, 0, 0, 324, 324, 1, 7.46%, 0, 0, 2, 11.94
1747774453, 0, 0, 329, 329, 1, 7.46%, 0, 0, 2, 14.64
1747774458, 0, 0, 332, 332, 1, 7.46%, 0, 0, 2, 15.90
1747774463, 0, 0, 336, 336, 1, 7.46%, 0, 0, 2, 17.06
1747774468, 0, 0, 339, 339, 1, 7.46%, 0, 0, 2, 15.75
1747774473, 0, 0, 342, 342, 1, 7.46%, 0, 0, 2, 16.14
1747774478, 0, 0, 346, 346, 1, 7.46%, 0, 0, 2, 16.00
1747774484, 0, 0, 350, 350, 1, 7.54%, 0, 0, 2, 18.49
1747774489, 0, 0, 354, 354, 1, 7.54%, 0, 0, 2, 3.72
1747774494, 0, 0, 355, 355, 1, 7.54%, 0, 0, 2, 3.05
1747774499, 0, 0, 357, 357, 1, 7.54%, 0, 0, 2, 22.83
1747774504, 0, 0, 362, 362, 1, 7.54%, 0, 0, 2, 3.46
1747774509, 0, 0, 364, 364, 1, 7.54%, 0, 0, 2, 4.32
1747774514, 0, 0, 369, 369, 1, 7.54%, 0, 0, 2, 19.94
1747774519, 0, 0, 373, 373, 1, 7.54%, 0, 0, 2, 18.94
1747774524, 0, 0, 377, 377, 1, 7.54%, 0, 0, 2, 18.89
1747774530, 0, 0, 380, 380, 1, 7.54%, 0, 0, 2, 13.66
1747774535, 0, 0, 383, 383, 1, 7.54%, 0, 0, 2, 11.19
1747774540, 0, 0, 389, 389, 1, 7.54%, 0, 0, 2, 15.85
1747774545, 0, 0, 393, 393, 1, 7.54%, 0, 0, 2, 17.54
1747774550, 0, 0, 396, 396, 1, 7.54%, 0, 0, 2, 17.17
1747774555, 0, 0, 397, 397, 1, 7.54%, 0, 0, 2, 10.82
1747774561, 0, 0, 401, 401, 1, 7.54%, 0, 0, 2, 16.89
1747774566, 0, 0, 403, 403, 1, 7.54%, 0, 0, 2, 19.33
1747774571, 0, 0, 406, 406, 1, 7.54%, 0, 0, 2, 15.43
1747774576, 0, 0, 409, 409, 1, 7.54%, 0, 0, 2, 19.28
1747774581, 0, 0, 410, 410, 1, 7.54%, 0, 0, 2, 19.07
1747774586, 0, 0, 412, 412, 1, 7.54%, 0, 0, 2, 17.87
1747774591, 0, 0, 414, 414, 1, 7.54%, 0, 0, 2, 9.89
1747774597, 0, 0, 416, 416, 1, 7.54%, 0, 0, 2, 11.55
1747774602, 0, 0, 419, 419, 1, 7.54%, 0, 0, 2, 15.93
1747774607, 0, 0, 423, 423, 1, 7.54%, 0, 0, 2, 3.52
1747774612, 0, 0, 424, 424, 1, 7.54%, 0, 0, 2, 2.59
1747774617, 0, 0, 428, 428, 1, 7.54%, 0, 0, 2, 20.34
1747774622, 0, 0, 432, 432, 1, 7.54%, 0, 0, 2, 18.96
1747774627, 0, 0, 433, 433, 1, 7.54%, 0, 0, 2, 18.95
1747774633, 0, 0, 435, 435, 1, 7.54%, 0, 0, 2, 14.54
1747774638, 0, 0, 437, 437, 1, 7.54%, 0, 0, 2, 16.34
1747774643, 0, 0, 440, 440, 1, 7.54%, 0, 0, 2, 11.78
1747774648, 0, 0, 442, 442, 1, 7.54%, 0, 0, 2, 18.15
1747774653, 0, 0, 444, 444, 1, 7.54%, 0, 0, 2, 18.89
1747774658, 0, 0, 448, 448, 1, 7.54%, 0, 0, 2, 14.24
1747774663, 0, 0, 451, 451, 1, 7.54%, 0, 0, 2, 10.89
1747774668, 0, 0, 455, 455, 1, 7.54%, 0, 0, 2, 21.25
1747774673, 0, 0, 457, 457, 1, 7.54%, 0, 0, 2, 18.09
1747774678, 0, 0, 460, 460, 1, 7.54%, 0, 0, 2, 3.39
1747774683, 0, 0, 461, 461, 1, 7.54%, 0, 0, 2, 26.23
1747774689, 0, 0, 463, 463, 1, 7.54%, 0, 0, 2, 26.87
1747774694, 0, 0, 465, 465, 1, 7.54%, 0, 0, 2, 20.40
1747774699, 0, 0, 468, 468, 1, 7.54%, 0, 0, 2, 14.57
1747774704, 0, 0, 472, 472, 1, 7.54%, 0, 0, 2, 16.59
1747774709, 0, 0, 475, 475, 1, 7.54%, 0, 0, 2, 13.15
1747774714, 0, 0, 477, 477, 1, 7.54%, 0, 0, 2, 14.87
1747774719, 0, 0, 480, 480, 1, 7.54%, 0, 0, 2, 15.35
1747774724, 0, 0, 481, 481, 1, 7.54%, 0, 0, 2, 21.18
1747774730, 0, 0, 483, 483, 1, 7.54%, 0, 0, 2, 22.07
1747774735, 0, 0, 486, 486, 1, 7.54%, 0, 0, 2, 26.63
1747774740, 0, 0, 487, 487, 1, 7.54%, 0, 0, 2, 22.49
1747774745, 0, 0, 489, 489, 1, 7.54%, 0, 0, 2, 19.06
1747774750, 0, 0, 492, 492, 1, 7.54%, 0, 0, 2, 18.38
1747774755, 0, 0, 495, 495, 1, 7.54%, 0, 0, 2, 15.32
1747774760, 0, 0, 500, 500, 1, 7.54%, 0, 0, 2, 16.84
1747774765, 0, 0, 501, 501, 1, 7.54%, 0, 0, 2, 17.82
1747774770, 0, 0, 503, 503, 1, 7.54%, 0, 0, 2, 20.30
1747774776, 0, 0, 505, 505, 1, 7.56%, 0, 0, 2, 3.11
1747774781, 0, 0, 506, 506, 1, 7.56%, 0, 0, 2, 27.35
1747774786, 0, 0, 508, 508, 1, 7.56%, 0, 0, 2, 21.76
1747774791, 0, 0, 509, 509, 1, 7.56%, 0, 0, 2, 20.59
1747774796, 0, 0, 510, 510, 1, 7.56%, 0, 0, 2, 19.32
1747774801, 0, 0, 512, 512, 1, 7.77%, 0, 0, 2, 3.24
1747774806, 0, 0, 513, 513, 1, 7.77%, 0, 0, 2, 17.81
1747774811, 0, 0, 514, 514, 1, 7.77%, 0, 0, 2, 19.80
1747774821, 0, 0, 516, 516, 1, 7.77%, 0, 0, 2, 16.97
1747774826, 0, 0, 518, 518, 1, 7.77%, 0, 0, 2, 10.97
1747774832, 0, 0, 520, 520, 1, 7.77%, 0, 0, 2, 12.95
1747774837, 0, 0, 522, 522, 1, 7.77%, 0, 0, 2, 20.82
1747774842, 0, 0, 523, 523, 1, 7.77%, 0, 0, 2, 23.52
1747774847, 0, 0, 524, 524, 1, 7.77%, 0, 0, 2, 3.13
1747774852, 0, 0, 525, 525, 1, 7.77%, 0, 0, 2, 21.74
1747774857, 0, 0, 527, 527, 1, 7.77%, 0, 0, 2, 20.97
1747774862, 0, 0, 528, 528, 1, 7.77%, 0, 0, 2, 19.91
1747774867, 0, 0, 529, 529, 1, 7.77%, 0, 0, 2, 19.52
1747774873, 0, 0, 530, 530, 1, 7.77%, 0, 0, 2, 23.89
1747774878, 0, 0, 533, 533, 1, 7.77%, 0, 0, 2, 22.91
1747774883, 0, 0, 536, 536, 1, 7.77%, 0, 0, 2, 14.98
1747774888, 0, 0, 537, 537, 1, 7.77%, 0, 0, 2, 15.81
1747774893, 0, 0, 539, 539, 1, 7.77%, 0, 0, 2, 17.81
1747774898, 0, 0, 541, 541, 1, 7.77%, 0, 0, 2, 15.81
1747774903, 0, 0, 543, 543, 1, 7.77%, 0, 0, 2, 21.45
1747774908, 0, 0, 546, 546, 1, 7.77%, 0, 0, 2, 17.10
1747774914, 0, 0, 548, 548, 1, 7.77%, 0, 0, 2, 20.38
1747774919, 0, 0, 550, 550, 1, 7.77%, 0, 0, 2, 18.75
1747774924, 0, 0, 551, 551, 1, 7.77%, 0, 0, 2, 18.60
1747774929, 0, 0, 554, 554, 1, 7.77%, 0, 0, 2, 16.02
1747774939, 0, 0, 556, 556, 1, 7.77%, 0, 0, 2, 10.20
1747774945, 0, 0, 558, 558, 1, 7.77%, 0, 0, 2, 16.19
1747774955, 0, 0, 560, 560, 1, 7.77%, 0, 0, 2, 22.54
1747774965, 0, 0, 562, 562, 1, 7.77%, 0, 0, 2, 21.79
1747774980, 0, 0, 563, 563, 1, 7.77%, 0, 0, 2, 16.39
1747774985, 0, 0, 565, 565, 1, 7.77%, 0, 0, 2, 17.61
1747774991, 0, 0, 568, 568, 1, 7.77%, 0, 0, 2, 18.87
1747774996, 0, 0, 570, 570, 1, 7.77%, 0, 0, 2, 15.76
1747775006, 0, 0, 571, 571, 1, 7.77%, 0, 0, 2, 20.65
1747775011, 0, 0, 572, 572, 1, 7.77%, 0, 0, 2, 22.59
1747775016, 0, 0, 574, 574, 1, 7.77%, 0, 0, 2, 17.38
1747775021, 0, 0, 575, 575, 1, 7.77%, 0, 0, 2, 22.49
1747775031, 0, 0, 577, 577, 1, 7.77%, 0, 0, 2, 15.32
1747775036, 0, 0, 578, 578, 1, 7.77%, 0, 0, 2, 20.66
1747775047, 0, 0, 579, 579, 1, 7.77%, 0, 0, 2, 20.34
1747775052, 0, 0, 580, 580, 1, 7.77%, 0, 0, 2, 21.88
1747775057, 0, 0, 581, 581, 1, 7.77%, 0, 0, 2, 18.65
1747775062, 0, 0, 582, 582, 1, 7.77%, 0, 0, 2, 19.42
1747775067, 0, 0, 583, 583, 1, 7.77%, 0, 0, 2, 3.62
1747775088, 0, 0, 584, 584, 1, 7.77%, 0, 0, 2, 19.98
1747775093, 0, 0, 586, 586, 1, 7.77%, 0, 0, 2, 22.35
1747775098, 0, 0, 587, 587, 1, 7.77%, 0, 0, 2, 16.67
1747775103, 0, 0, 588, 588, 1, 7.77%, 0, 0, 2, 22.12
1747775108, 0, 0, 591, 591, 1, 7.77%, 0, 0, 2, 10.80
1747775113, 0, 0, 592, 592, 1, 7.77%, 0, 0, 2, 18.56
1747775119, 0, 0, 594, 594, 1, 7.77%, 0, 0, 2, 16.01
1747775124, 0, 0, 596, 596, 1, 7.77%, 0, 0, 2, 17.07
1747775129, 0, 0, 599, 599, 1, 7.77%, 0, 0, 2, 11.71
1747775134, 0, 0, 600, 600, 1, 7.77%, 0, 0, 2, 18.04
1747775139, 0, 0, 601, 601, 1, 7.77%, 0, 0, 2, 21.91
1747775160, 0, 0, 602, 602, 1, 7.77%, 0, 0, 2, 23.33
1747775165, 0, 0, 603, 603, 1, 7.77%, 0, 0, 2, 21.71
1747775170, 0, 0, 604, 604, 1, 7.77%, 0, 0, 2, 26.36
1747775175, 0, 0, 606, 606, 1, 7.77%, 0, 0, 2, 3.83
1747775185, 0, 0, 607, 607, 1, 7.77%, 0, 0, 2, 21.53
1747775195, 0, 0, 609, 609, 1, 7.77%, 0, 0, 2, 20.58
1747775201, 0, 0, 610, 610, 1, 7.77%, 0, 0, 2, 4.08
1747775206, 0, 0, 611, 611, 1, 7.77%, 0, 0, 2, 25.63
1747775216, 0, 0, 612, 612, 1, 7.77%, 0, 0, 2, 23.03
1747775221, 0, 0, 613, 613, 1, 7.77%, 0, 0, 2, 24.66
1747775237, 0, 0, 614, 614, 1, 7.77%, 0, 0, 2, 20.11
1747775247, 0, 0, 615, 615, 1, 7.77%, 0, 0, 2, 22.77
1747775252, 0, 0, 616, 616, 1, 7.77%, 0, 0, 2, 24.38
1747775267, 0, 0, 618, 618, 1, 7.77%, 0, 0, 2, 23.05
1747775273, 0, 0, 619, 619, 1, 7.77%, 0, 0, 2, 18.78
1747775278, 0, 0, 620, 620, 1, 7.77%, 0, 0, 2, 18.32
1747775303, 0, 0, 621, 621, 1, 7.77%, 0, 0, 2, 4.22
1747775308, 0, 0, 622, 622, 1, 7.77%, 0, 0, 2, 22.87
1747775324, 0, 0, 623, 623, 1, 7.77%, 0, 0, 2, 23.43
1747775329, 0, 0, 624, 624, 1, 7.77%, 0, 0, 2, 20.43
1747775334, 0, 0, 625, 625, 1, 7.77%, 0, 0, 2, 3.92
1747775344, 0, 0, 627, 627, 1, 7.77%, 0, 0, 2, 22.11
1747775360, 0, 0, 628, 628, 1, 7.77%, 0, 0, 2, 4.39
1747775365, 0, 0, 629, 629, 1, 7.77%, 0, 0, 2, 23.92
1747775380, 0, 0, 630, 630, 1, 7.77%, 0, 0, 2, 23.22
1747775406, 0, 0, 632, 632, 1, 7.77%, 0, 0, 2, 19.79
1747775411, 0, 0, 633, 633, 1, 7.77%, 0, 0, 2, 22.08
1747775416, 0, 0, 634, 634, 1, 7.77%, 0, 0, 2, 27.29
1747775436, 0, 1, 635, 634, 17, 7.77%, 0, 0, 2, 13.07
1747775441, 0, 1, 637, 636, 17, 7.77%, 0, 0, 2, 8.47
1747775457, 0, 1, 638, 637, 17, 7.77%, 0, 0, 2, 9.41
1747775462, 0, 1, 639, 638, 17, 7.77%, 0, 0, 2, 9.46
1747775467, 0, 1, 640, 639, 17, 7.77%, 0, 0, 2, 10.36
1747775478, 0, 1, 641, 640, 17, 7.77%, 0, 0, 2, 8.47
1747775483, 0, 1, 643, 642, 17, 7.77%, 0, 0, 2, 6.56
1747775488, 0, 1, 645, 644, 17, 7.77%, 0, 0, 2, 7.43
1747775498, 0, 1, 646, 645, 17, 7.77%, 0, 0, 2, 6.71
1747775504, 0, 1, 647, 646, 17, 7.77%, 0, 0, 2, 7.76
1747775509, 0, 1, 648, 647, 17, 7.77%, 0, 0, 2, 8.29
1747775519, 0, 1, 649, 648, 17, 7.77%, 0, 0, 2, 7.40
1747775529, 0, 1, 650, 649, 17, 7.77%, 0, 0, 2, 7.26
1747775540, 0, 1, 651, 650, 17, 7.77%, 0, 0, 2, 8.57
1747775545, 0, 1, 652, 651, 17, 7.77%, 0, 0, 2, 8.15
1747775550, 0, 1, 653, 652, 17, 7.77%, 0, 0, 2, 9.30
1747775555, 0, 1, 654, 653, 17, 7.77%, 0, 0, 2, 6.68
1747775560, 0, 1, 655, 654, 17, 7.77%, 0, 0, 2, 7.09
1747775571, 0, 1, 656, 655, 17, 7.77%, 0, 0, 2, 7.26
1747775576, 0, 1, 657, 656, 17, 7.77%, 0, 0, 2, 7.02
1747775586, 0, 1, 658, 657, 17, 7.77%, 0, 0, 2, 6.43
1747775591, 0, 1, 659, 658, 17, 7.77%, 0, 0, 2, 6.54
1747775612, 0, 1, 660, 659, 17, 7.77%, 0, 0, 2, 8.37
1747775617, 0, 1, 661, 660, 17, 7.77%, 0, 0, 2, 8.89
1747775632, 0, 1, 662, 661, 17, 7.77%, 0, 0, 2, 7.67
1747775637, 0, 1, 663, 662, 17, 7.77%, 0, 0, 2, 8.34
1747775643, 0, 1, 664, 663, 17, 7.77%, 0, 0, 2, 8.81
1747775648, 0, 1, 665, 664, 17, 7.77%, 0, 0, 2, 6.39
1747775663, 0, 1, 666, 665, 17, 7.78%, 0, 0, 2, 7.67
1747775678, 0, 1, 667, 666, 17, 7.78%, 0, 0, 2, 7.80
1747775684, 0, 1, 668, 667, 17, 7.78%, 0, 0, 2, 5.43
1747775689, 0, 1, 669, 668, 17, 7.78%, 0, 0, 2, 7.04
1747775704, 0, 1, 670, 669, 17, 7.78%, 0, 0, 2, 8.68
1747775720, 0, 1, 671, 670, 17, 7.78%, 0, 0, 2, 9.17
1747775735, 0, 1, 672, 671, 17, 7.78%, 0, 0, 2, 7.80
1747775766, 0, 1, 673, 672, 17, 7.78%, 0, 0, 2, 6.96
1747775771, 0, 1, 674, 673, 17, 7.78%, 0, 0, 2, 4.96
1747775781, 0, 1, 676, 675, 17, 7.78%, 0, 0, 2, 7.85
1747775786, 0, 1, 677, 676, 17, 7.78%, 0, 0, 2, 6.48
1747775797, 0, 1, 678, 677, 17, 7.78%, 0, 0, 2, 8.12
1747775823, 0, 1, 679, 678, 17, 7.78%, 0, 0, 2, 8.74
1747775828, 0, 1, 680, 679, 17, 7.78%, 0, 0, 2, 6.62
1747775833, 0, 1, 681, 680, 17, 7.78%, 0, 0, 2, 6.56
1747775843, 0, 1, 682, 681, 17, 7.78%, 0, 0, 2, 7.38
1747775869, 0, 1, 683, 682, 17, 7.78%, 0, 0, 2, 8.85
1747775874, 0, 1, 684, 683, 17, 7.78%, 0, 0, 2, 6.56
1747775889, 0, 1, 686, 685, 17, 7.78%, 0, 0, 2, 6.23
1747775915, 0, 1, 687, 686, 17, 7.78%, 0, 0, 2, 9.22
1747775991, 0, 2, 687, 686, 18, 7.78%, 0, 0, 2, 8.62
1747776002, 0, 2, 688, 687, 18, 7.78%, 0, 0, 2, 6.17
1747776007, 0, 2, 689, 688, 18, 7.78%, 0, 0, 2, 4.78
1747776022, 0, 2, 690, 689, 18, 7.82%, 0, 0, 2, 7.14
1747776032, 0, 2, 691, 690, 18, 7.82%, 0, 0, 2, 6.61
1747776037, 0, 2, 692, 691, 18, 7.82%, 0, 0, 2, 5.75
1747776047, 0, 2, 693, 692, 18, 7.82%, 0, 0, 2, 6.02
1747776058, 0, 2, 694, 693, 18, 7.82%, 0, 0, 2, 6.46
1747776094, 0, 2, 695, 694, 18, 7.82%, 0, 0, 2, 7.92
1747776130, 0, 2, 696, 695, 18, 7.82%, 0, 0, 2, 7.66
1747776135, 0, 2, 697, 696, 18, 7.82%, 0, 0, 2, 5.99
1747776171, 0, 2, 698, 697, 18, 7.82%, 0, 0, 2, 5.46
1747776227, 0, 2, 699, 698, 18, 7.82%, 0, 0, 2, 5.86
1747776233, 0, 2, 701, 700, 18, 7.82%, 0, 0, 2, 5.09
1747776248, 0, 2, 702, 701, 18, 7.82%, 0, 0, 2, 6.73
1747776294, 0, 2, 703, 702, 18, 7.82%, 0, 0, 2, 7.05
1747776336, 0, 2, 704, 703, 18, 7.83%, 0, 0, 2, 6.92
1747776346, 0, 2, 705, 704, 18, 7.83%, 0, 0, 2, 5.17
1747776351, 0, 2, 706, 705, 18, 7.83%, 0, 0, 2, 5.55
1747776372, 0, 2, 707, 706, 18, 7.83%, 0, 0, 2, 8.65
1747776393, 0, 2, 708, 707, 18, 7.83%, 0, 0, 2, 7.48
1747776408, 0, 2, 709, 708, 18, 7.83%, 0, 0, 2, 8.90
1747776423, 0, 2, 710, 709, 18, 7.83%, 0, 0, 2, 5.73
1747776439, 0, 2, 711, 710, 18, 7.83%, 0, 0, 2, 6.26
1747776444, 0, 2, 712, 711, 18, 7.83%, 0, 0, 2, 7.83
1747776454, 0, 2, 713, 712, 18, 7.84%, 0, 0, 2, 7.12
1747776459, 0, 2, 714, 713, 18, 7.84%, 0, 0, 2, 5.86
1747776464, 0, 2, 715, 714, 18, 7.84%, 0, 0, 2, 3.29
1747776469, 0, 2, 716, 715, 18, 7.84%, 0, 0, 2, 4.37
1747776475, 0, 2, 717, 716, 18, 7.84%, 0, 0, 2, 5.57
1747776490, 0, 2, 718, 717, 18, 7.84%, 0, 0, 2, 7.32
1747776495, 0, 2, 719, 718, 18, 7.84%, 0, 0, 2, 5.97
1747776542, 0, 2, 720, 719, 18, 7.84%, 0, 0, 2, 5.96
1747776573, 0, 2, 721, 720, 18, 7.84%, 0, 0, 2, 7.98
1747776589, 0, 2, 722, 721, 18, 8.05%, 0, 0, 2, 8.79
1747776610, 0, 3, 724, 723, 17, 8.05%, 0, 0, 2, 6.73
1747776625, 0, 3, 725, 724, 17, 8.05%, 0, 0, 2, 4.81
1747776631, 0, 3, 726, 725, 17, 8.05%, 0, 0, 2, 4.70
1747776636, 0, 3, 727, 726, 17, 8.07%, 0, 0, 2, 5.97
1747776641, 0, 3, 728, 727, 17, 8.07%, 0, 0, 2, 5.69
1747776682, 0, 3, 729, 728, 17, 8.07%, 0, 0, 2, 5.77
1747776687, 0, 3, 730, 729, 17, 8.07%, 0, 0, 2, 5.47
1747776703, 0, 3, 731, 730, 17, 8.07%, 0, 0, 2, 6.13
1747776719, 0, 3, 732, 731, 17, 8.07%, 0, 0, 2, 5.19
1747776734, 0, 3, 733, 732, 17, 8.07%, 0, 0, 2, 5.08
1747776780, 0, 3, 734, 733, 17, 8.07%, 0, 0, 2, 5.66
1747776796, 0, 3, 735, 734, 17, 8.07%, 0, 0, 2, 4.91
1747776806, 0, 3, 736, 735, 17, 8.07%, 0, 0, 2, 5.18
1747776832, 0, 3, 737, 736, 17, 8.07%, 0, 0, 2, 5.71
1747776962, 0, 3, 738, 737, 17, 8.07%, 0, 0, 2, 6.07
1747776993, 0, 3, 739, 738, 17, 8.07%, 0, 0, 2, 5.21
1747777040, 0, 3, 740, 739, 17, 8.07%, 0, 0, 2, 5.93
1747777066, 0, 3, 741, 740, 17, 8.07%, 0, 0, 2, 6.29
1747777153, 0, 3, 742, 741, 17, 8.10%, 0, 0, 2, 6.53
1747777159, 0, 3, 743, 742, 17, 8.10%, 0, 0, 2, 7.18
1747777180, 0, 3, 744, 743, 17, 8.10%, 0, 0, 2, 5.16
1747777242, 0, 3, 745, 744, 17, 8.10%, 0, 0, 2, 6.04
1747777267, 0, 3, 746, 745, 17, 8.10%, 0, 0, 2, 5.74
1747777308, 0, 4, 746, 745, 19, 8.10%, 0, 0, 2, 8.58
1747777319, 0, 5, 746, 745, 19, 8.10%, 0, 0, 2, 8.82
1747777339, 0, 6, 746, 745, 19, 8.10%, 0, 0, 2, 7.11
1747777355, 0, 7, 746, 745, 19, 8.10%, 0, 0, 2, 8.06
1747777376, 0, 8, 746, 745, 19, 8.10%, 0, 0, 2, 9.53
1747777391, 0, 10, 746, 745, 19, 8.10%, 0, 0, 2, 7.56
1747777402, 0, 10, 748, 747, 19, 8.10%, 0, 0, 2, 4.75
1747777438, 0, 10, 749, 748, 19, 8.10%, 0, 0, 2, 5.66
1747777454, 0, 10, 750, 749, 19, 8.10%, 0, 0, 2, 6.48
1747777526, 0, 10, 751, 750, 19, 8.10%, 0, 0, 2, 7.34
1747777563, 0, 10, 752, 751, 19, 8.11%, 0, 0, 2, 6.79
1747777573, 0, 10, 753, 752, 19, 8.11%, 0, 0, 2, 5.59
1747777594, 0, 10, 754, 753, 19, 8.11%, 0, 0, 2, 5.16
1747777625, 0, 10, 755, 754, 19, 8.15%, 0, 0, 2, 7.26
1747777636, 0, 10, 756, 755, 19, 8.15%, 0, 0, 2, 4.00
1747777641, 0, 10, 757, 756, 19, 8.15%, 0, 0, 2, 3.10
1747777647, 0, 10, 758, 757, 19, 8.15%, 0, 0, 2, 2.77
1747777658, 0, 10, 759, 758, 19, 8.15%, 0, 0, 2, 2.11
1747777668, 0, 10, 760, 759, 19, 8.15%, 0, 0, 2, 5.27
1747777678, 0, 10, 761, 760, 19, 8.16%, 0, 0, 2, 5.43
1747777699, 0, 10, 762, 761, 19, 8.16%, 0, 0, 2, 5.28
1747777705, 0, 10, 763, 762, 19, 8.16%, 0, 0, 2, 3.99
1747777736, 0, 10, 764, 763, 19, 8.16%, 0, 0, 2, 6.91
1747777742, 0, 10, 765, 764, 19, 8.16%, 0, 0, 2, 5.28
1747777747, 0, 10, 766, 765, 19, 8.16%, 0, 0, 2, 4.40
1747777763, 0, 10, 767, 766, 19, 8.16%, 0, 0, 2, 4.69
1747777784, 0, 10, 768, 767, 19, 8.17%, 0, 0, 2, 4.92
1747777893, 0, 10, 769, 768, 19, 8.17%, 0, 0, 2, 4.23
1747777898, 0, 10, 770, 769, 19, 8.17%, 0, 0, 2, 5.16
1747777966, 0, 10, 771, 770, 19, 8.17%, 0, 0, 2, 6.15
1747777992, 0, 10, 772, 771, 19, 8.17%, 0, 0, 2, 5.18
1747778023, 0, 10, 773, 772, 19, 8.17%, 0, 0, 2, 5.09
1747778039, 0, 10, 774, 773, 19, 8.17%, 0, 0, 2, 4.76
1747778060, 0, 10, 775, 774, 19, 8.17%, 0, 0, 2, 5.87
1747778107, 0, 10, 776, 775, 19, 8.17%, 0, 0, 2, 4.85
1747778122, 0, 10, 777, 776, 19, 8.17%, 0, 0, 2, 6.37
1747778128, 0, 10, 778, 777, 19, 8.17%, 0, 0, 2, 4.70
1747778149, 0, 10, 779, 778, 19, 8.17%, 0, 0, 2, 6.69
1747778211, 0, 12, 779, 778, 23, 8.17%, 0, 0, 2, 6.60
1747778216, 0, 12, 780, 779, 23, 8.17%, 0, 0, 2, 4.65
1747778221, 0, 12, 781, 780, 23, 8.17%, 0, 0, 2, 3.45
1747778232, 0, 12, 782, 781, 23, 8.17%, 0, 0, 2, 3.85
1747778253, 0, 12, 783, 782, 23, 8.19%, 0, 0, 2, 5.01
1747778333, 0, 12, 784, 783, 23, 8.19%, 0, 0, 2, 5.96
1747778364, 0, 12, 785, 784, 23, 8.21%, 0, 0, 2, 4.43
1747778374, 0, 12, 786, 785, 23, 8.21%, 0, 0, 2, 4.73
1747778395, 0, 12, 787, 786, 23, 8.21%, 0, 0, 2, 3.97
1747778405, 0, 12, 788, 787, 23, 8.21%, 0, 0, 2, 3.72
1747778426, 0, 12, 789, 788, 23, 8.21%, 0, 0, 2, 5.36
1747778437, 0, 12, 790, 789, 23, 8.21%, 0, 0, 2, 4.74
1747778478, 0, 12, 791, 790, 23, 8.21%, 0, 0, 2, 4.28
1747778483, 0, 12, 792, 791, 23, 8.21%, 0, 0, 2, 5.18
1747778504, 0, 12, 793, 792, 23, 8.21%, 0, 0, 2, 4.94
1747778531, 0, 12, 794, 793, 23, 8.21%, 0, 0, 2, 5.34
1747778542, 0, 12, 795, 794, 23, 8.21%, 0, 0, 2, 6.03
1747778588, 0, 12, 796, 795, 23, 8.21%, 0, 0, 2, 5.13
1747778594, 0, 12, 797, 796, 23, 8.21%, 0, 0, 2, 3.68
1747778605, 0, 12, 798, 797, 23, 8.27%, 0, 0, 2, 3.69
1747778621, 0, 12, 799, 798, 23, 8.36%, 0, 0, 2, 4.81
1747778647, 0, 12, 800, 799, 23, 8.36%, 0, 0, 2, 4.90
1747778652, 0, 12, 801, 800, 23, 8.36%, 0, 0, 2, 3.65
1747778693, 0, 12, 802, 801, 23, 8.36%, 0, 0, 2, 5.82
1747778730, 0, 12, 803, 802, 23, 8.36%, 0, 0, 2, 4.47
1747778767, 0, 12, 804, 803, 23, 8.36%, 0, 0, 2, 5.49
1747778987, 0, 12, 805, 804, 23, 8.36%, 0, 0, 2, 5.70
1747778992, 0, 12, 806, 805, 23, 8.36%, 0, 0, 2, 5.21
1747779002, 0, 12, 807, 806, 23, 8.36%, 0, 0, 2, 5.30
1747779080, 0, 12, 808, 807, 23, 8.36%, 0, 0, 2, 5.28
1747779116, 0, 15, 808, 807, 25, 8.36%, 0, 0, 2, 6.45
1747779142, 0, 18, 808, 807, 25, 8.36%, 0, 0, 2, 7.56
1747779163, 0, 19, 809, 808, 25, 8.36%, 0, 0, 2, 1.24
1747779174, 0, 19, 809, 808, 25, 8.36%, 1, 0, 2, 6.67
1747779189, 0, 19, 810, 809, 25, 8.36%, 1, 0, 2, 4.06
1747779211, 0, 19, 810, 809, 25, 8.36%, 2, 0, 2, 6.30
1747779237, 0, 19, 811, 810, 25, 8.36%, 2, 0, 2, 4.28
1747779263, 0, 19, 811, 810, 25, 8.36%, 3, 0, 2, 5.57
1747779268, 0, 19, 812, 811, 25, 8.36%, 3, 0, 2, 1.21
1747779290, 0, 19, 813, 812, 25, 8.36%, 3, 0, 2, 1.28
1747779300, 0, 19, 814, 813, 25, 8.36%, 3, 0, 2, 3.44
1747779306, 0, 19, 815, 814, 25, 8.36%, 3, 0, 2, 2.64
1747779317, 0, 19, 816, 815, 25, 8.36%, 3, 0, 2, 2.73
1747779327, 0, 19, 816, 815, 25, 8.36%, 4, 0, 2, 5.82
1747779332, 0, 19, 816, 815, 25, 8.36%, 5, 0, 2, 5.55
1747779348, 0, 19, 817, 816, 25, 8.36%, 5, 0, 2, 3.31
1747779384, 0, 19, 817, 816, 25, 8.36%, 6, 0, 2, 5.92
1747779416, 0, 19, 818, 817, 25, 8.36%, 6, 0, 2, 5.86
1747779426, 0, 19, 818, 817, 25, 8.36%, 7, 0, 2, 4.41
1747779437, 0, 19, 819, 818, 25, 8.36%, 7, 0, 2, 5.46
1747779501, 0, 19, 819, 818, 25, 8.36%, 9, 0, 2, 5.59
1747779516, 0, 19, 820, 819, 25, 8.36%, 10, 0, 2, 1.21
1747779538, 0, 19, 820, 819, 25, 8.36%, 11, 0, 2, 5.25
1747779549, 0, 19, 820, 819, 25, 8.36%, 12, 0, 2, 4.84
1747779565, 0, 19, 821, 820, 25, 8.36%, 12, 0, 2, 4.61
1747779575, 0, 19, 821, 820, 25, 8.36%, 14, 0, 2, 4.56
1747779601, 0, 19, 821, 820, 25, 8.36%, 15, 0, 2, 5.24
1747779606, 0, 19, 821, 820, 25, 8.36%, 16, 0, 2, 5.06
1747779633, 0, 19, 822, 821, 25, 8.36%, 16, 0, 2, 3.95
1747779665, 0, 19, 822, 821, 25, 8.36%, 17, 0, 2, 5.02
1747779681, 0, 19, 822, 821, 25, 8.36%, 18, 0, 2, 6.35
1747779691, 0, 19, 822, 821, 25, 8.36%, 19, 0, 2, 4.90
1747779708, 0, 19, 822, 821, 25, 8.36%, 20, 0, 2, 7.49
1747779713, 0, 19, 822, 821, 25, 8.36%, 21, 0, 2, 8.51
1747779760, 0, 19, 822, 821, 25, 8.36%, 22, 0, 2, 5.43
1747779765, 0, 19, 823, 822, 25, 8.36%, 22, 0, 2, 4.04
1747779781, 0, 19, 824, 823, 25, 8.37%, 22, 0, 2, 3.52
1747779813, 0, 19, 824, 823, 25, 8.37%, 23, 0, 2, 5.14
1747779830, 0, 19, 824, 823, 25, 8.37%, 24, 0, 2, 1.24
1747779845, 0, 19, 824, 823, 25, 8.37%, 26, 0, 2, 5.74
1747779851, 0, 19, 825, 824, 25, 8.37%, 26, 0, 2, 4.32
1747779877, 0, 19, 825, 824, 25, 8.37%, 28, 0, 2, 2.27
1747779949, 0, 19, 825, 824, 25, 8.37%, 29, 0, 2, 7.14
1747779965, 0, 19, 826, 825, 25, 8.37%, 30, 0, 2, 1.29
1747779982, 0, 19, 826, 825, 25, 8.37%, 31, 0, 2, 3.63
1747780003, 0, 19, 826, 825, 25, 8.37%, 33, 0, 2, 5.36
1747780044, 0, 19, 826, 825, 25, 8.37%, 34, 0, 2, 4.52
1747780080, 0, 19, 826, 825, 25, 8.37%, 35, 0, 2, 5.03
1747780101, 0, 19, 826, 825, 25, 8.37%, 36, 0, 2, 4.52
1747780106, 0, 20, 826, 825, 24, 8.37%, 36, 0, 2, 5.40
1747780128, 0, 21, 826, 825, 24, 8.37%, 37, 0, 2, 7.38
1747780144, 0, 21, 827, 826, 24, 8.37%, 37, 0, 2, 3.73
1747780180, 0, 21, 827, 826, 24, 8.37%, 38, 0, 2, 5.46
1747780185, 0, 22, 827, 826, 24, 8.37%, 39, 0, 2, 5.66
1747780212, 0, 23, 827, 826, 24, 8.37%, 40, 0, 2, 4.43
1747780228, 0, 23, 827, 826, 24, 8.37%, 41, 0, 2, 7.53
1747780238, 0, 24, 827, 826, 24, 8.37%, 41, 0, 2, 1.25
1747780249, 0, 24, 828, 827, 24, 8.37%, 41, 0, 2, 4.77
1747780270, 0, 24, 828, 827, 24, 8.37%, 42, 0, 2, 4.84
1747780297, 0, 24, 829, 828, 24, 8.37%, 42, 0, 2, 4.51
1747780318, 0, 24, 830, 829, 24, 8.37%, 42, 0, 2, 4.42
1747780323, 0, 24, 830, 829, 24, 8.37%, 43, 0, 2, 8.55
1747780328, 0, 24, 831, 830, 24, 8.37%, 44, 0, 2, 4.17
1747780338, 0, 24, 832, 831, 24, 8.37%, 44, 0, 2, 4.40
1747780344, 0, 24, 833, 832, 24, 8.37%, 45, 0, 2, 4.45
1747780359, 0, 24, 833, 832, 24, 8.37%, 46, 0, 2, 3.85
1747780380, 0, 24, 833, 832, 24, 8.37%, 47, 0, 2, 5.59
1747780390, 0, 24, 834, 833, 24, 8.37%, 48, 0, 2, 5.69
1747780405, 0, 24, 835, 834, 24, 8.37%, 48, 0, 2, 6.01
1747780421, 0, 24, 835, 834, 24, 8.37%, 49, 0, 2, 7.52
1747780432, 0, 24, 835, 834, 24, 8.37%, 50, 0, 2, 6.00
1747780485, 0, 24, 836, 835, 24, 8.37%, 50, 0, 2, 3.49
1747780516, 0, 24, 836, 835, 24, 8.37%, 51, 0, 2, 5.02
1747780521, 0, 24, 837, 836, 24, 8.37%, 51, 0, 2, 4.47
1747780553, 0, 24, 837, 836, 24, 8.37%, 52, 0, 2, 7.52
1747780589, 0, 24, 838, 837, 24, 8.37%, 52, 0, 2, 4.17
1747780595, 0, 24, 839, 838, 24, 8.37%, 52, 0, 2, 5.58
1747780611, 0, 24, 840, 839, 24, 8.37%, 52, 0, 2, 5.99
1747780673, 0, 24, 840, 839, 24, 8.37%, 53, 0, 2, 4.67
1747780679, 0, 24, 840, 839, 24, 8.37%, 54, 0, 2, 4.93
1747780689, 0, 24, 840, 839, 24, 8.37%, 55, 0, 2, 7.50
1747780705, 0, 24, 840, 839, 24, 8.37%, 56, 0, 2, 2.57
1747780767, 0, 24, 840, 839, 24, 8.37%, 57, 0, 2, 4.65
1747780808, 0, 24, 841, 840, 24, 8.37%, 57, 0, 2, 5.70
1747780813, 0, 24, 841, 840, 24, 8.37%, 58, 0, 2, 4.70
1747780834, 0, 24, 841, 840, 24, 8.37%, 59, 0, 2, 5.03
1747780839, 0, 24, 842, 841, 24, 8.37%, 59, 0, 2, 4.88
1747780886, 0, 24, 842, 841, 24, 8.37%, 60, 0, 2, 5.63
1747780934, 0, 24, 842, 841, 24, 8.37%, 61, 0, 2, 5.30
1747780960, 0, 24, 843, 842, 24, 8.37%, 61, 0, 2, 6.45
1747780975, 0, 24, 843, 842, 24, 8.37%, 62, 0, 2, 5.58
1747780980, 0, 24, 844, 843, 24, 8.37%, 62, 0, 2, 5.51
1747781006, 0, 24, 845, 844, 24, 8.37%, 62, 0, 2, 5.00
1747781038, 0, 24, 846, 845, 24, 8.37%, 62, 0, 2, 1.40
1747781070, 0, 24, 847, 846, 24, 8.37%, 62, 0, 2, 2.49
1747781091, 0, 24, 847, 846, 24, 8.37%, 64, 0, 2, 5.97
1747781107, 0, 24, 847, 846, 24, 8.37%, 65, 0, 2, 6.02
1747781118, 0, 24, 847, 846, 24, 8.37%, 66, 0, 2, 4.76
1747781139, 0, 25, 847, 846, 25, 8.37%, 66, 0, 2, 4.99
1747781165, 0, 26, 847, 846, 25, 8.37%, 66, 0, 2, 5.11
1747781186, 0, 26, 847, 846, 25, 8.37%, 67, 0, 2, 6.82
1747781197, 0, 29, 847, 846, 25, 8.37%, 68, 0, 2, 1.17
1747781218, 0, 30, 847, 846, 25, 8.37%, 68, 0, 2, 6.85
1747781244, 0, 32, 847, 846, 25, 8.37%, 69, 0, 2, 4.84
1747781270, 0, 33, 847, 846, 25, 8.37%, 69, 0, 2, 4.30
1747781296, 0, 35, 847, 846, 25, 8.37%, 69, 0, 2, 6.76
1747781317, 0, 36, 847, 846, 25, 8.37%, 69, 0, 2, 1.22
1747781342, 0, 37, 847, 846, 25, 8.37%, 69, 0, 2, 5.40
1747781368, 0, 38, 847, 846, 25, 8.37%, 69, 0, 2, 5.60
1747781395, 0, 39, 847, 846, 25, 8.37%, 69, 0, 2, 5.19
1747781416, 0, 41, 847, 846, 25, 8.37%, 69, 0, 2, 16.60
1747781442, 0, 42, 847, 846, 25, 8.37%, 69, 0, 2, 5.47
1747781457, 0, 43, 847, 846, 25, 8.37%, 69, 0, 2, 9.61
1747781467, 0, 43, 848, 847, 25, 8.37%, 69, 0, 2, 11.33
1747781488, 0, 44, 848, 847, 25, 8.37%, 69, 0, 2, 10.83
1747781498, 0, 44, 848, 847, 25, 8.37%, 70, 0, 2, 8.10
1747781503, 0, 45, 848, 847, 25, 8.37%, 71, 0, 2, 8.62
1747781519, 0, 46, 848, 847, 25, 8.37%, 71, 0, 2, 8.15
1747781534, 0, 47, 848, 847, 25, 8.37%, 71, 0, 2, 10.25
1747781545, 0, 48, 848, 847, 25, 8.37%, 71, 0, 2, 11.73
1747781550, 0, 48, 848, 847, 25, 8.37%, 72, 0, 2, 8.60
1747781560, 0, 49, 848, 847, 25, 8.37%, 72, 0, 2, 11.01
1747781571, 0, 49, 849, 848, 25, 8.37%, 72, 0, 2, 2.09
1747781581, 0, 49, 850, 849, 25, 8.37%, 73, 0, 2, 4.03
1747781587, 0, 49, 851, 850, 25, 8.37%, 73, 0, 2, 4.22
1747781597, 0, 49, 851, 850, 25, 8.37%, 75, 0, 2, 9.54
1747781602, 0, 49, 851, 850, 25, 8.37%, 76, 0, 2, 8.96
1747781612, 0, 49, 852, 851, 25, 8.37%, 76, 0, 2, 2.40
1747781623, 0, 49, 853, 852, 25, 8.37%, 76, 0, 2, 6.22
1747781628, 0, 49, 854, 853, 25, 8.37%, 77, 0, 2, 6.42
1747781638, 0, 49, 854, 853, 25, 8.37%, 78, 0, 2, 7.76
1747781643, 0, 49, 855, 854, 25, 8.37%, 78, 0, 2, 6.69
1747781648, 0, 49, 856, 855, 25, 8.37%, 79, 0, 2, 7.06
1747781659, 0, 49, 857, 856, 25, 8.37%, 79, 0, 2, 6.38
1747781664, 0, 49, 857, 856, 25, 8.37%, 80, 0, 2, 8.34
1747781670, 0, 49, 858, 857, 25, 8.37%, 80, 0, 2, 8.27
1747781685, 0, 49, 858, 857, 25, 8.37%, 82, 0, 2, 8.47
1747781705, 0, 49, 858, 857, 25, 8.37%, 84, 0, 2, 10.26
1747781711, 0, 49, 858, 857, 25, 8.37%, 85, 0, 2, 16.03
1747781716, 0, 49, 858, 857, 25, 8.37%, 87, 0, 2, 11.28
1747781721, 0, 49, 858, 857, 25, 8.37%, 88, 0, 2, 17.06
1747781726, 0, 49, 859, 858, 25, 8.37%, 88, 0, 2, 9.02
1747781731, 0, 49, 860, 859, 25, 8.37%, 88, 0, 2, 6.97
1747781737, 0, 49, 860, 859, 25, 8.37%, 89, 0, 2, 8.50
1747781752, 0, 49, 860, 859, 25, 8.37%, 90, 0, 2, 8.73
1747781757, 0, 49, 861, 860, 25, 8.37%, 90, 0, 2, 9.13
1747781783, 0, 49, 862, 861, 25, 8.37%, 90, 0, 2, 9.08
1747781804, 0, 49, 862, 861, 25, 8.37%, 92, 0, 2, 14.27
1747781814, 0, 49, 862, 861, 25, 8.37%, 93, 0, 2, 10.16
1747781819, 0, 49, 863, 862, 25, 8.37%, 93, 0, 2, 7.00
1747781830, 0, 49, 864, 863, 25, 8.37%, 93, 0, 2, 7.24
1747781835, 0, 49, 864, 863, 25, 8.37%, 94, 0, 2, 8.80
1747781886, 0, 49, 864, 863, 25, 8.37%, 96, 0, 2, 2.95
1747781891, 0, 49, 864, 863, 25, 8.37%, 97, 0, 2, 6.80
1747781896, 0, 49, 865, 864, 25, 8.37%, 97, 0, 2, 7.90
1747781907, 0, 49, 865, 864, 25, 8.37%, 98, 0, 2, 9.70
1747781912, 0, 49, 865, 864, 25, 8.37%, 99, 0, 2, 12.49
1747781917, 0, 49, 865, 864, 25, 8.37%, 100, 0, 2, 22.41
1747781933, 0, 49, 865, 864, 25, 8.37%, 102, 0, 2, 8.32
1747781949, 0, 49, 865, 864, 25, 8.37%, 103, 0, 2, 10.29
1747781974, 0, 49, 865, 864, 25, 8.37%, 105, 0, 2, 8.24
1747781990, 0, 49, 865, 864, 25, 8.37%, 106, 0, 2, 9.68
1747782000, 0, 49, 866, 865, 25, 8.37%, 107, 0, 2, 6.93
1747782032, 0, 49, 867, 866, 25, 8.37%, 107, 0, 2, 6.16
1747782037, 0, 49, 867, 866, 25, 8.37%, 109, 0, 2, 7.34
1747782057, 0, 49, 867, 866, 25, 8.37%, 110, 0, 2, 9.83
1747782073, 0, 49, 867, 866, 25, 8.37%, 111, 0, 2, 7.57
1747782078, 0, 50, 867, 866, 25, 8.37%, 113, 0, 2, 8.32
1747782083, 0, 50, 867, 866, 25, 8.37%, 114, 0, 2, 8.57
1747782094, 0, 51, 867, 866, 25, 8.37%, 114, 0, 2, 8.25
1747782109, 0, 52, 867, 866, 25, 8.37%, 114, 0, 2, 9.52
1747782125, 0, 53, 867, 866, 25, 8.37%, 115, 0, 2, 7.64
1747782130, 0, 53, 867, 866, 25, 8.37%, 116, 0, 2, 7.46
1747782140, 0, 56, 867, 866, 25, 8.37%, 117, 0, 2, 8.24
1747782145, 0, 56, 867, 866, 25, 8.37%, 118, 0, 2, 9.36
1747782155, 0, 58, 867, 866, 25, 8.37%, 119, 0, 2, 10.48
1747782166, 0, 58, 868, 867, 25, 8.37%, 119, 0, 2, 6.79
1747782186, 0, 59, 868, 867, 25, 8.37%, 119, 0, 2, 8.47
1747782197, 0, 59, 868, 867, 25, 8.37%, 120, 0, 2, 7.49
1747782202, 0, 61, 868, 867, 25, 8.37%, 120, 0, 2, 7.86
1747782207, 0, 61, 868, 867, 25, 8.37%, 121, 0, 2, 8.82
1747782217, 0, 62, 868, 867, 25, 8.37%, 121, 0, 2, 8.68
1747782232, 0, 63, 868, 867, 25, 8.37%, 121, 0, 2, 9.96
1747782243, 0, 64, 868, 867, 25, 8.37%, 121, 0, 2, 8.53
1747782258, 0, 65, 868, 867, 25, 8.37%, 121, 0, 2, 8.13
1747782274, 0, 66, 868, 867, 25, 8.37%, 121, 0, 2, 9.13
1747782289, 0, 67, 868, 867, 25, 8.37%, 121, 0, 2, 9.23
1747782305, 0, 68, 868, 867, 25, 8.37%, 121, 0, 2, 8.33
1747782320, 0, 69, 868, 867, 25, 8.37%, 121, 0, 2, 11.39
1747782330, 0, 70, 868, 867, 25, 8.37%, 121, 0, 2, 10.42
1747782336, 0, 70, 868, 867, 25, 8.37%, 122, 0, 2, 9.97
1747782346, 0, 72, 868, 867, 25, 8.37%, 122, 0, 2, 9.40
1747782351, 0, 72, 868, 867, 25, 8.37%, 123, 0, 2, 8.02
1747782361, 0, 73, 868, 867, 25, 8.37%, 124, 0, 2, 7.86
1747782377, 0, 74, 868, 867, 25, 8.37%, 124, 0, 2, 9.75
1747782392, 0, 75, 868, 867, 25, 8.37%, 124, 0, 2, 8.83
1747782403, 0, 75, 868, 867, 25, 8.37%, 125, 0, 2, 8.58
1747782408, 0, 76, 868, 867, 25, 8.37%, 125, 0, 2, 9.43
1747782423, 0, 79, 868, 867, 25, 8.37%, 125, 0, 2, 9.82
1747782439, 0, 80, 868, 867, 25, 8.37%, 126, 0, 2, 9.39
1747782449, 0, 81, 868, 867, 25, 8.37%, 126, 0, 2, 8.92
1747782465, 0, 83, 868, 867, 25, 8.37%, 126, 0, 2, 9.27
1747782475, 0, 84, 868, 867, 25, 8.37%, 126, 0, 2, 10.80
1747782480, 0, 84, 868, 867, 25, 8.37%, 127, 0, 2, 11.01
1747782491, 0, 85, 868, 867, 25, 8.37%, 128, 0, 2, 18.18
1747782506, 0, 86, 868, 867, 25, 8.37%, 128, 0, 2, 9.76
1747782517, 0, 87, 868, 867, 25, 8.37%, 128, 0, 2, 11.41
1747782532, 0, 88, 869, 868, 25, 8.37%, 128, 0, 2, 8.54
1747782563, 0, 89, 869, 868, 25, 8.37%, 128, 0, 2, 9.55
1747782578, 0, 90, 869, 868, 25, 8.37%, 128, 0, 2, 9.03
1747782589, 0, 91, 869, 868, 25, 8.37%, 128, 0, 2, 6.04
1747782599, 0, 94, 869, 868, 25, 8.37%, 128, 0, 2, 10.69
1747782614, 0, 95, 869, 868, 25, 8.37%, 128, 0, 2, 10.76
1747782625, 0, 96, 869, 868, 25, 8.37%, 128, 0, 2, 10.26
1747782640, 0, 97, 869, 868, 25, 8.37%, 128, 0, 2, 10.40
1747782645, 0, 97, 869, 868, 25, 8.37%, 129, 0, 2, 9.95
1747782655, 0, 98, 869, 868, 25, 8.37%, 129, 0, 2, 8.48
1747782671, 0, 99, 869, 868, 25, 8.37%, 129, 0, 2, 8.35
1747782676, 0, 99, 870, 869, 25, 8.37%, 129, 0, 2, 9.37
1747782702, 0, 100, 870, 869, 25, 8.37%, 129, 0, 2, 10.10
1747782707, 0, 100, 870, 869, 25, 8.37%, 130, 0, 2, 8.34
1747782713, 0, 100, 871, 870, 25, 8.37%, 131, 0, 2, 6.88
1747782718, 0, 100, 872, 871, 25, 8.37%, 131, 0, 2, 5.60
1747782724, 0, 100, 872, 871, 25, 8.37%, 132, 0, 2, 5.71
1747782744, 0, 100, 872, 871, 25, 8.37%, 133, 0, 2, 9.67
1747782749, 0, 100, 872, 871, 25, 8.37%, 134, 0, 2, 8.62
1747782759, 0, 100, 872, 871, 25, 8.37%, 135, 0, 2, 7.89
1747782770, 0, 101, 872, 871, 25, 8.37%, 136, 0, 2, 9.18
1747782780, 0, 102, 872, 871, 25, 8.37%, 136, 0, 2, 3.27
1747782795, 0, 104, 872, 871, 25, 8.37%, 136, 0, 2, 8.75
1747782811, 0, 105, 872, 871, 25, 8.37%, 136, 0, 2, 9.75
1747782821, 0, 105, 873, 872, 25, 8.37%, 136, 0, 2, 8.20
1747782832, 0, 105, 873, 872, 25, 8.37%, 137, 0, 2, 6.52
1747782847, 0, 106, 873, 872, 26, 8.37%, 137, 0, 2, 9.35
1747782862, 0, 108, 873, 872, 26, 8.37%, 137, 0, 2, 9.55
1747782873, 0, 109, 873, 872, 26, 8.37%, 137, 0, 2, 11.09
1747782888, 0, 110, 873, 872, 26, 8.37%, 137, 0, 2, 9.33
1747782904, 0, 111, 873, 872, 26, 8.37%, 137, 0, 2, 10.24
1747782909, 0, 111, 874, 873, 26, 8.37%, 137, 0, 2, 8.90
1747782930, 0, 112, 874, 873, 27, 8.37%, 137, 0, 2, 11.00
1747782940, 0, 113, 874, 873, 27, 8.37%, 137, 0, 2, 11.15
1747782956, 0, 114, 874, 873, 27, 8.37%, 137, 0, 2, 9.86
1747782966, 0, 115, 874, 873, 27, 8.37%, 138, 0, 2, 9.48
1747782982, 0, 116, 874, 873, 27, 8.37%, 138, 0, 2, 8.09
1747782998, 0, 117, 874, 873, 27, 8.37%, 138, 0, 2, 8.53
1747783008, 0, 117, 874, 873, 27, 8.37%, 139, 0, 2, 10.06
1747783013, 0, 118, 874, 873, 27, 8.37%, 139, 0, 2, 9.84
1747783029, 0, 118, 875, 874, 27, 8.37%, 139, 0, 2, 8.83
1747783044, 0, 119, 875, 874, 27, 8.37%, 140, 0, 2, 10.78
1747783054, 0, 120, 875, 874, 27, 8.37%, 140, 0, 2, 10.13
1747783070, 0, 122, 875, 874, 27, 8.37%, 140, 0, 2, 8.64
1747783086, 0, 123, 875, 874, 27, 8.37%, 140, 0, 2, 8.52
1747783102, 0, 124, 875, 874, 27, 8.37%, 140, 0, 2, 9.20
1747783117, 0, 126, 875, 874, 27, 8.37%, 141, 0, 2, 9.44
1747783127, 0, 126, 875, 874, 27, 8.37%, 142, 0, 2, 8.82
1747783132, 0, 127, 875, 874, 27, 8.37%, 143, 0, 2, 8.51
1747783137, 0, 127, 875, 874, 27, 8.37%, 144, 0, 2, 10.41
1747783143, 0, 128, 875, 874, 27, 8.37%, 144, 0, 2, 9.93
1747783158, 0, 129, 875, 874, 27, 8.37%, 144, 0, 2, 9.05
1747783174, 0, 129, 876, 875, 27, 8.39%, 144, 0, 2, 11.43
1747783189, 0, 131, 876, 875, 28, 8.39%, 144, 0, 2, 10.07
1747783199, 0, 132, 876, 875, 28, 8.39%, 144, 0, 2, 10.94
1747783215, 0, 133, 876, 875, 28, 8.39%, 144, 0, 2, 10.55
1747783230, 0, 134, 876, 875, 28, 8.39%, 145, 0, 2, 9.39
1747783241, 0, 134, 877, 876, 28, 8.39%, 145, 0, 2, 6.45
1747783246, 0, 134, 877, 876, 28, 8.39%, 146, 0, 2, 7.62
1747783256, 0, 134, 877, 876, 28, 8.39%, 147, 0, 2, 9.51
1747783261, 0, 135, 877, 876, 28, 8.39%, 147, 0, 2, 9.25
1747783277, 0, 136, 877, 876, 28, 8.39%, 147, 0, 2, 10.01
1747783292, 0, 137, 877, 876, 28, 8.39%, 147, 0, 2, 8.85
1747783307, 0, 138, 877, 876, 28, 8.39%, 147, 0, 2, 11.06
1747783318, 0, 140, 877, 876, 28, 8.39%, 147, 0, 2, 10.54
1747783334, 0, 141, 877, 876, 28, 8.39%, 147, 0, 2, 8.87
1747783350, 0, 142, 878, 877, 28, 8.39%, 147, 0, 2, 8.35
1747783376, 0, 144, 878, 877, 28, 8.39%, 147, 0, 2, 10.41
1747783391, 0, 146, 878, 877, 28, 8.39%, 147, 0, 2, 9.26
1747783407, 0, 147, 878, 877, 28, 8.39%, 147, 0, 2, 8.76
1747783422, 0, 148, 878, 877, 28, 8.39%, 147, 0, 2, 8.00
1747783432, 0, 149, 878, 877, 28, 8.39%, 147, 0, 2, 10.82
1747783448, 0, 150, 878, 877, 28, 8.39%, 147, 0, 2, 11.49
1747783459, 0, 150, 879, 878, 28, 8.39%, 147, 0, 2, 2.16
1747783464, 0, 150, 879, 878, 28, 8.39%, 148, 0, 2, 5.91
1747783485, 0, 151, 879, 878, 28, 8.39%, 148, 0, 2, 8.03
1747783490, 0, 151, 879, 878, 28, 8.39%, 149, 0, 2, 8.20
1747783500, 0, 152, 879, 878, 28, 8.39%, 149, 0, 2, 8.33
1747783516, 0, 153, 879, 878, 28, 8.39%, 149, 0, 2, 9.88
1747783526, 0, 154, 879, 878, 28, 8.39%, 149, 0, 2, 10.81
1747783542, 0, 155, 880, 879, 28, 8.39%, 149, 0, 2, 9.05
1747783552, 0, 155, 880, 879, 28, 8.39%, 150, 0, 2, 7.80
1747783557, 0, 155, 880, 879, 28, 8.39%, 151, 0, 2, 8.45
1747783562, 0, 155, 880, 879, 28, 8.39%, 152, 0, 2, 7.87
1747783572, 0, 155, 881, 880, 28, 8.39%, 152, 0, 2, 6.08
1747783588, 0, 155, 881, 880, 28, 8.39%, 153, 0, 2, 8.96
1747783613, 0, 156, 881, 880, 27, 8.39%, 153, 0, 2, 8.04
1747783629, 0, 157, 881, 880, 27, 8.39%, 153, 0, 2, 8.48
1747783644, 0, 159, 881, 880, 27, 8.39%, 153, 0, 2, 9.26
1747783660, 0, 160, 881, 880, 27, 8.39%, 153, 0, 2, 8.94
1747783675, 0, 161, 881, 880, 27, 8.39%, 153, 0, 2, 9.62
1747783686, 0, 162, 881, 880, 27, 8.39%, 153, 0, 2, 9.50
1747783702, 0, 164, 881, 880, 27, 8.39%, 153, 0, 2, 9.35
1747783717, 0, 166, 881, 880, 27, 8.39%, 153, 0, 2, 8.99
1747783733, 0, 167, 881, 880, 27, 8.39%, 153, 0, 2, 10.68
1747783743, 0, 167, 881, 880, 27, 8.39%, 154, 0, 2, 7.01
1747783748, 0, 167, 882, 881, 27, 8.39%, 154, 0, 2, 6.37
1747783764, 0, 168, 882, 881, 27, 8.39%, 154, 0, 2, 8.99
1747783769, 0, 168, 882, 881, 27, 8.39%, 156, 0, 2, 9.19
1747783780, 0, 170, 882, 881, 27, 8.39%, 156, 0, 2, 9.00
1747783795, 0, 171, 882, 881, 27, 8.39%, 157, 0, 2, 10.12
1747783800, 0, 171, 882, 881, 27, 8.39%, 159, 0, 2, 9.22
1747783810, 0, 172, 882, 881, 27, 8.39%, 159, 0, 2, 9.06
1747783826, 0, 173, 882, 881, 27, 8.39%, 159, 0, 2, 8.58
1747783842, 0, 174, 882, 881, 27, 8.39%, 159, 0, 2, 8.26
1747783847, 0, 174, 883, 882, 27, 8.39%, 159, 0, 2, 7.49
1747783872, 0, 175, 883, 882, 27, 8.39%, 159, 0, 2, 8.64
1747783888, 0, 176, 883, 882, 27, 8.39%, 160, 0, 2, 9.72
1747783903, 0, 178, 883, 882, 27, 8.39%, 160, 0, 2, 10.81
1747783914, 0, 179, 883, 882, 27, 8.39%, 160, 0, 2, 8.98
1747783919, 0, 179, 883, 882, 27, 8.39%, 161, 0, 2, 8.82
1747783929, 0, 180, 883, 882, 27, 8.39%, 162, 0, 2, 9.73
1747783944, 0, 181, 883, 882, 27, 8.39%, 162, 0, 2, 10.59
1747783960, 0, 182, 883, 882, 27, 8.39%, 162, 0, 2, 8.05
1747783981, 0, 183, 883, 882, 27, 8.39%, 162, 0, 2, 2.23
1747784002, 0, 190, 883, 882, 27, 8.39%, 162, 0, 2, 4.83
1747784029, 0, 191, 883, 882, 27, 8.39%, 163, 0, 2, 5.12
1747784054, 0, 193, 883, 882, 27, 8.39%, 163, 0, 2, 5.47
1747784081, 0, 194, 883, 882, 27, 8.39%, 163, 0, 2, 30.52
1747784111, 0, 194, 884, 883, 27, 8.39%, 163, 0, 3, 22.21
1747784121, 0, 194, 885, 884, 27, 8.39%, 163, 0, 3, 20.02
1747784137, 0, 194, 886, 885, 27, 8.39%, 163, 0, 3, 22.00
1747784152, 0, 194, 887, 886, 27, 8.39%, 163, 0, 3, 16.69
1747784254, 0, 194, 888, 887, 27, 8.39%, 163, 0, 3, 19.02
1747784270, 0, 194, 889, 888, 27, 8.39%, 163, 0, 3, 23.98
1747784285, 0, 194, 890, 889, 27, 8.39%, 163, 0, 3, 20.53
1747784295, 0, 194, 891, 890, 27, 8.39%, 163, 0, 3, 17.92
1747784346, 0, 194, 892, 891, 27, 8.39%, 163, 0, 3, 20.43
1747784351, 0, 194, 893, 892, 27, 8.39%, 163, 0, 3, 24.37
1747784361, 0, 194, 894, 893, 27, 8.39%, 163, 0, 3, 22.23
1747784448, 0, 194, 895, 894, 27, 8.39%, 163, 0, 3, 21.95
1747784484, 0, 194, 896, 895, 27, 8.39%, 163, 0, 3, 14.10
1747784489, 0, 194, 897, 896, 27, 8.39%, 163, 0, 3, 17.87
1747784525, 0, 194, 899, 898, 27, 8.39%, 163, 0, 3, 22.31
1747784581, 0, 194, 900, 899, 27, 8.39%, 163, 0, 3, 21.99
1747784602, 0, 194, 901, 900, 27, 8.39%, 163, 0, 3, 16.21
1747784627, 0, 194, 902, 901, 27, 8.39%, 163, 0, 3, 20.42
1747784632, 0, 194, 903, 902, 27, 8.39%, 163, 0, 3, 19.93
1747784638, 0, 194, 904, 903, 27, 8.39%, 163, 0, 3, 19.94
1747784673, 0, 194, 905, 904, 27, 8.39%, 163, 0, 3, 19.78
1747784719, 0, 195, 905, 903, 28, 8.39%, 163, 0, 3, 11.71
1747784832, 0, 195, 906, 904, 28, 8.39%, 163, 0, 3, 9.43
1747784920, 0, 196, 906, 903, 27, 8.39%, 163, 0, 3, 12.23
1747784945, 0, 197, 906, 903, 27, 8.39%, 163, 0, 3, 7.34
1747784971, 0, 198, 906, 903, 27, 8.39%, 163, 0, 3, 5.46
1747784997, 0, 199, 906, 903, 27, 8.39%, 163, 0, 3, 4.66
1747785018, 0, 200, 906, 903, 27, 8.39%, 163, 0, 3, 7.28
1747785039, 0, 201, 906, 903, 27, 8.39%, 163, 0, 3, 7.02
1747785065, 0, 202, 906, 903, 27, 8.39%, 163, 0, 3, 6.01
1747785091, 0, 203, 906, 903, 27, 8.39%, 163, 0, 3, 5.69
1747785118, 0, 204, 906, 903, 27, 8.39%, 163, 0, 3, 3.22
1747785144, 0, 206, 906, 903, 27, 8.39%, 164, 0, 3, 6.41
1747785170, 0, 207, 906, 903, 27, 8.39%, 164, 0, 3, 6.75
1747785191, 0, 208, 906, 903, 27, 8.39%, 164, 0, 3, 6.65
1747785212, 0, 209, 906, 903, 27, 8.39%, 164, 0, 3, 6.58
1747785222, 0, 209, 906, 903, 27, 8.39%, 165, 0, 3, 9.63
1747785238, 0, 210, 907, 904, 27, 8.39%, 165, 0, 3, 3.46
1747785259, 0, 210, 907, 904, 27, 8.39%, 166, 0, 3, 5.15
1747785280, 0, 210, 907, 904, 27, 8.39%, 167, 0, 3, 6.00
1747785291, 0, 211, 907, 904, 27, 8.39%, 168, 0, 3, 5.31
1747785312, 0, 211, 908, 905, 27, 8.39%, 168, 0, 3, 5.77
1747785344, 0, 212, 908, 905, 27, 8.39%, 168, 0, 3, 19.61
1747785369, 0, 212, 909, 906, 27, 8.39%, 168, 0, 3, 20.08
1747785415, 0, 212, 910, 907, 27, 8.39%, 168, 0, 3, 24.36
1747785574, 0, 212, 911, 908, 27, 8.39%, 168, 0, 3, 23.25
1747785865, 0, 212, 912, 909, 27, 8.39%, 168, 0, 3, 22.48
1747785896, 0, 213, 912, 908, 26, 8.39%, 168, 0, 3, 8.27
1747785912, 0, 213, 913, 909, 26, 8.39%, 168, 0, 3, 5.57
1747785948, 0, 214, 913, 909, 26, 8.39%, 168, 0, 3, 6.89
1747785974, 0, 216, 913, 909, 26, 8.39%, 168, 0, 3, 1.77
1747785996, 0, 216, 913, 909, 26, 8.39%, 169, 0, 3, 1.35
1747786001, 0, 217, 913, 909, 26, 8.39%, 169, 0, 3, 8.34
1747786012, 0, 217, 914, 910, 26, 8.39%, 169, 0, 3, 1.34
1747786028, 0, 217, 914, 910, 26, 8.39%, 170, 0, 3, 5.14
1747786054, 0, 219, 914, 910, 26, 8.39%, 170, 0, 3, 6.53
1747786064, 0, 219, 915, 911, 26, 8.39%, 170, 0, 3, 4.33
1747786106, 0, 220, 915, 911, 26, 8.39%, 170, 0, 3, 31.26
1747786157, 0, 221, 916, 911, 25, 8.39%, 170, 0, 3, 3.02
1747786209, 0, 222, 916, 911, 25, 8.39%, 170, 0, 3, 5.56
1747786235, 0, 224, 916, 911, 25, 8.39%, 170, 0, 3, 7.60
1747786255, 0, 225, 916, 911, 25, 8.39%, 170, 0, 3, 6.00
1747786287, 0, 227, 916, 911, 25, 8.39%, 170, 0, 3, 6.60
1747786308, 0, 228, 916, 911, 25, 8.39%, 170, 0, 3, 1.90
1747786323, 0, 228, 917, 912, 25, 8.39%, 170, 0, 3, 4.30
1747786365, 0, 231, 917, 912, 25, 8.39%, 170, 0, 3, 6.82
1747786371, 0, 231, 918, 913, 25, 8.39%, 170, 0, 3, 4.96
1747786418, 0, 232, 918, 913, 25, 8.39%, 170, 0, 3, 5.31
1747786444, 0, 233, 918, 913, 25, 8.39%, 170, 0, 3, 5.23
1747786469, 0, 236, 918, 913, 25, 8.39%, 170, 0, 3, 6.79
1747786495, 0, 237, 918, 913, 25, 8.39%, 170, 0, 3, 5.20
1747786521, 0, 238, 918, 913, 25, 8.39%, 170, 0, 3, 5.11
1747786552, 0, 239, 918, 913, 25, 8.39%, 170, 0, 3, 5.65
1747786579, 0, 240, 918, 913, 25, 8.39%, 170, 0, 3, 4.87
1747786605, 0, 242, 918, 913, 25, 8.39%, 170, 0, 3, 5.44
1747786630, 0, 242, 918, 913, 25, 8.39%, 171, 0, 3, 5.22
1747786636, 0, 243, 918, 913, 25, 8.39%, 171, 0, 3, 6.20
1747786662, 0, 244, 918, 913, 25, 8.39%, 171, 0, 3, 5.13
1747786689, 0, 246, 918, 913, 25, 8.39%, 171, 0, 3, 5.74
1747786709, 0, 247, 918, 913, 25, 8.39%, 171, 0, 3, 6.39
1747786740, 0, 248, 918, 913, 25, 8.39%, 171, 0, 3, 5.04
1747786745, 0, 248, 918, 913, 25, 8.39%, 172, 0, 3, 4.89
1747786766, 0, 249, 918, 913, 25, 8.39%, 172, 0, 3, 5.58
1747786793, 0, 250, 918, 913, 25, 8.39%, 172, 0, 3, 6.75
1747786808, 0, 250, 918, 913, 25, 8.39%, 173, 0, 3, 5.58
1747786814, 0, 251, 918, 913, 25, 8.39%, 173, 0, 3, 6.07
1747786835, 0, 251, 919, 914, 25, 8.39%, 173, 0, 3, 4.36
1747786877, 0, 252, 919, 914, 25, 8.39%, 173, 0, 3, 5.02
1747786887, 0, 252, 919, 914, 25, 8.39%, 174, 0, 3, 7.54
1747786898, 0, 252, 920, 915, 25, 8.39%, 174, 0, 3, 4.49
1747786934, 0, 254, 920, 915, 25, 8.39%, 174, 0, 3, 5.76
1747786961, 0, 255, 920, 915, 25, 8.39%, 174, 0, 3, 6.46
1747786982, 0, 256, 920, 915, 25, 8.39%, 174, 0, 3, 6.75
1747787004, 0, 257, 920, 915, 25, 8.39%, 174, 0, 3, 7.86
1747787014, 0, 257, 921, 916, 25, 8.39%, 174, 0, 3, 21.53
1747787019, 0, 257, 923, 918, 25, 8.39%, 174, 0, 3, 19.36
1747787066, 0, 257, 924, 919, 25, 8.39%, 174, 0, 3, 18.89
1747787107, 0, 257, 925, 920, 25, 8.39%, 174, 0, 3, 19.67
1747787132, 0, 257, 926, 921, 25, 8.39%, 174, 0, 3, 19.32
1747787148, 0, 257, 927, 922, 25, 8.39%, 174, 0, 3, 20.20
1747787332, 0, 257, 928, 923, 25, 8.39%, 174, 0, 3, 15.61
1747787347, 0, 257, 929, 924, 25, 8.39%, 174, 0, 3, 20.24
1747787357, 0, 257, 930, 925, 25, 8.39%, 174, 0, 3, 18.83
1747787660, 0, 257, 931, 926, 25, 8.39%, 174, 0, 3, 20.55
1747787691, 0, 257, 933, 928, 25, 8.39%, 174, 0, 3, 21.68
1747787706, 0, 258, 933, 927, 24, 8.39%, 174, 0, 3, 3.68
1747787727, 0, 259, 933, 927, 24, 8.39%, 174, 0, 3, 6.07
1747787748, 0, 259, 933, 927, 24, 8.39%, 175, 0, 3, 5.56
1747787754, 0, 260, 933, 927, 24, 8.39%, 175, 0, 3, 5.97
1747787780, 0, 262, 933, 927, 24, 8.39%, 175, 0, 3, 8.82
1747787805, 0, 263, 933, 927, 24, 8.39%, 175, 0, 3, 4.86
1747787826, 0, 265, 933, 927, 24, 8.39%, 175, 0, 3, 5.33
1747787857, 0, 266, 933, 927, 24, 8.39%, 175, 0, 3, 5.34
1747787888, 0, 267, 933, 927, 24, 8.39%, 175, 0, 3, 5.81
1747787893, 0, 267, 933, 927, 24, 8.39%, 176, 0, 3, 5.03
1747787909, 0, 268, 933, 927, 24, 8.39%, 176, 0, 3, 6.19
1747787939, 0, 269, 933, 927, 24, 8.39%, 176, 0, 3, 5.57
1747787960, 0, 270, 933, 927, 24, 8.39%, 176, 0, 3, 6.21
1747787986, 0, 272, 933, 927, 24, 8.39%, 176, 0, 3, 5.40
1747788017, 0, 274, 933, 927, 24, 8.39%, 176, 0, 3, 5.81
1747788038, 0, 275, 933, 927, 24, 8.39%, 176, 0, 3, 5.38
1747788063, 0, 275, 934, 928, 24, 8.39%, 176, 0, 3, 6.69
1747788089, 0, 277, 934, 928, 24, 8.39%, 177, 0, 3, 1.66
1747788115, 0, 280, 934, 928, 24, 8.39%, 177, 0, 3, 5.37
1747788142, 0, 282, 934, 928, 24, 8.39%, 177, 0, 3, 5.83
1747788152, 0, 282, 935, 929, 24, 8.40%, 177, 0, 3, 4.58
1747788173, 0, 282, 935, 929, 24, 8.40%, 178, 0, 3, 5.39
1747788199, 0, 285, 935, 929, 25, 8.40%, 178, 0, 3, 5.51
1747788225, 0, 287, 935, 929, 25, 8.40%, 178, 0, 3, 5.56
1747788236, 0, 287, 935, 929, 25, 8.40%, 179, 0, 3, 8.80
1747788241, 0, 287, 936, 930, 25, 8.40%, 179, 0, 3, 5.51
1747788251, 0, 287, 936, 930, 25, 8.40%, 180, 0, 3, 5.75
1747788277, 0, 288, 936, 930, 25, 8.40%, 180, 0, 3, 6.61
1747788282, 0, 288, 938, 932, 25, 8.40%, 180, 0, 3, 5.17
1747788292, 0, 288, 938, 932, 25, 8.40%, 181, 0, 3, 5.33
1747788314, 0, 288, 938, 932, 25, 8.40%, 183, 0, 3, 6.26
1747788366, 0, 288, 938, 932, 25, 8.40%, 184, 0, 3, 5.34
1747788381, 0, 289, 938, 932, 25, 8.40%, 184, 0, 3, 6.91
1747788407, 0, 290, 938, 932, 25, 8.40%, 184, 0, 3, 6.60
1747788428, 0, 291, 938, 932, 25, 8.40%, 184, 0, 3, 7.43
1747788459, 0, 292, 938, 932, 25, 8.40%, 184, 0, 3, 5.08
1747788480, 0, 292, 939, 933, 25, 8.40%, 184, 0, 3, 4.66
1747788501, 0, 292, 939, 933, 25, 8.40%, 186, 0, 3, 6.06
1747788512, 0, 292, 940, 934, 25, 8.40%, 186, 0, 3, 5.12
1747788532, 0, 292, 940, 934, 25, 8.40%, 187, 0, 3, 6.28
1747788542, 0, 292, 941, 935, 25, 8.40%, 187, 0, 3, 4.47
1747788584, 0, 292, 941, 935, 25, 8.40%, 188, 0, 3, 2.19
1747788637, 0, 292, 941, 935, 25, 8.40%, 189, 0, 3, 6.21
1747788647, 0, 292, 941, 935, 25, 8.40%, 190, 0, 3, 5.87
1747788668, 0, 292, 942, 936, 25, 8.40%, 190, 0, 3, 3.69
1747788683, 0, 292, 942, 936, 25, 8.40%, 191, 0, 3, 1.78
1747788735, 0, 292, 942, 936, 25, 8.40%, 192, 0, 3, 4.35
1747788799, 0, 292, 942, 936, 25, 8.40%, 193, 0, 3, 4.42
1747788846, 0, 292, 943, 937, 25, 8.40%, 193, 0, 3, 4.68
1747788951, 0, 292, 944, 938, 25, 8.40%, 193, 0, 3, 4.96
1747789052, 0, 292, 944, 938, 25, 8.40%, 194, 0, 3, 6.46
1747789130, 0, 292, 945, 939, 25, 8.40%, 194, 0, 3, 4.29
1747789147, 0, 292, 945, 939, 25, 8.40%, 195, 0, 3, 5.30
1747789157, 0, 292, 945, 939, 25, 8.40%, 196, 0, 3, 5.61
1747789172, 0, 292, 946, 940, 25, 8.40%, 196, 0, 3, 4.09
1747789266, 0, 292, 947, 941, 25, 8.40%, 196, 0, 3, 5.85
1747789325, 0, 293, 947, 941, 26, 8.40%, 196, 0, 3, 5.61
1747789350, 0, 295, 947, 941, 26, 8.40%, 196, 0, 3, 6.04
1747789376, 0, 296, 947, 941, 26, 8.40%, 196, 0, 3, 4.60
1747789403, 0, 297, 947, 941, 26, 8.40%, 196, 0, 3, 13.26
1747789429, 0, 299, 947, 941, 26, 8.40%, 196, 0, 3, 5.92
1747789455, 0, 300, 947, 941, 26, 8.40%, 196, 0, 3, 4.86
1747789481, 0, 302, 947, 941, 26, 8.40%, 196, 0, 3, 7.00
1747789507, 0, 303, 947, 941, 26, 8.40%, 196, 0, 3, 4.78
1747789523, 0, 303, 948, 942, 26, 8.40%, 196, 0, 3, 4.86
1747789564, 0, 304, 948, 942, 26, 8.40%, 196, 0, 3, 5.22
1747789591, 0, 305, 948, 942, 26, 8.40%, 196, 0, 3, 4.68
1747789616, 0, 306, 948, 942, 26, 8.40%, 196, 0, 3, 5.86
1747789642, 0, 308, 948, 942, 26, 8.40%, 196, 0, 3, 6.46
1747789653, 0, 308, 948, 942, 26, 8.40%, 197, 0, 3, 5.72
1747789668, 0, 309, 948, 942, 26, 8.40%, 197, 0, 3, 7.36
1747789679, 0, 309, 948, 942, 26, 8.40%, 198, 0, 3, 8.39
1747789689, 0, 310, 948, 942, 26, 8.40%, 198, 0, 3, 2.42
1747789716, 0, 311, 948, 942, 26, 8.40%, 198, 0, 3, 6.29
1747789742, 0, 311, 948, 942, 26, 8.40%, 199, 0, 3, 5.07
1747789748, 0, 312, 948, 942, 26, 8.40%, 199, 0, 3, 4.27
1747789774, 0, 313, 948, 942, 26, 8.40%, 199, 0, 3, 5.89
1747789800, 0, 315, 948, 942, 26, 8.40%, 199, 0, 3, 5.43
1747789822, 0, 315, 949, 943, 26, 8.40%, 199, 0, 3, 4.09
1747789854, 0, 316, 949, 943, 26, 8.40%, 199, 0, 3, 6.73
1747789879, 0, 317, 949, 943, 26, 8.40%, 200, 0, 3, 3.54
1747789885, 0, 317, 949, 943, 26, 8.40%, 201, 0, 3, 4.32
1747789905, 0, 318, 949, 943, 26, 8.40%, 201, 0, 3, 6.62
1747789926, 0, 318, 949, 943, 26, 8.40%, 202, 0, 3, 5.93
1747789931, 0, 319, 949, 943, 26, 8.40%, 202, 0, 3, 6.85
1747789957, 0, 320, 949, 943, 26, 8.40%, 202, 0, 3, 5.66
1747789968, 0, 320, 949, 943, 26, 8.40%, 203, 0, 3, 5.22
1747789984, 0, 322, 949, 943, 26, 8.40%, 203, 0, 3, 5.57
1747789994, 0, 322, 949, 943, 26, 8.40%, 204, 0, 3, 5.01
1747790015, 0, 323, 949, 943, 26, 8.40%, 205, 0, 3, 5.11
1747790040, 0, 325, 949, 943, 26, 8.40%, 205, 0, 3, 5.63
1747790066, 0, 326, 949, 943, 26, 8.40%, 205, 0, 3, 5.23
1747790087, 0, 327, 949, 943, 26, 8.40%, 205, 0, 3, 8.56
1747790113, 0, 328, 949, 943, 26, 8.40%, 205, 0, 3, 5.94
1747790139, 0, 329, 949, 943, 26, 8.40%, 205, 0, 3, 6.13
1747790144, 0, 329, 949, 943, 26, 8.40%, 206, 0, 3, 5.73
1747790165, 0, 330, 949, 943, 26, 8.40%, 206, 0, 3, 5.24
1747790192, 0, 332, 949, 943, 26, 8.40%, 206, 0, 3, 5.89
1747790218, 0, 333, 949, 943, 26, 8.40%, 206, 0, 3, 5.29
1747790239, 0, 335, 949, 943, 26, 8.40%, 206, 0, 3, 5.93
1747790260, 0, 336, 949, 943, 26, 8.40%, 206, 0, 3, 6.24
1747790286, 0, 338, 949, 943, 26, 8.40%, 206, 0, 3, 5.20
1747790312, 0, 339, 949, 943, 26, 8.40%, 206, 0, 3, 6.46
1747790338, 0, 340, 949, 943, 26, 8.40%, 208, 0, 3, 5.33
1747790364, 0, 342, 949, 943, 26, 8.40%, 208, 0, 3, 5.80
1747790369, 0, 342, 950, 944, 26, 8.40%, 208, 0, 3, 5.95
1747790410, 0, 343, 950, 944, 26, 8.40%, 208, 0, 3, 1.56
1747790436, 0, 345, 950, 944, 26, 8.40%, 208, 0, 3, 4.42
1747790467, 0, 345, 951, 945, 26, 8.40%, 208, 0, 3, 4.82
1747790487, 0, 345, 952, 946, 26, 8.40%, 208, 0, 3, 6.11
1747790550, 0, 346, 952, 946, 26, 8.40%, 208, 0, 3, 5.16
1747790570, 0, 347, 952, 946, 26, 8.40%, 208, 0, 3, 5.82
1747790596, 0, 348, 952, 946, 26, 8.40%, 208, 0, 3, 6.32
1747790622, 0, 350, 952, 946, 26, 8.40%, 208, 0, 3, 5.99
1747790648, 0, 352, 952, 946, 26, 8.40%, 208, 0, 3, 5.95
1747790674, 0, 353, 952, 946, 26, 8.40%, 208, 0, 3, 6.35
1747790700, 0, 354, 952, 946, 26, 8.40%, 208, 0, 3, 7.69
1747790721, 0, 356, 952, 946, 26, 8.40%, 208, 0, 3, 5.87
1747790752, 0, 357, 952, 946, 26, 8.40%, 208, 0, 3, 5.22
1747790779, 0, 360, 952, 946, 26, 8.40%, 208, 0, 3, 2.89
1747790800, 0, 361, 952, 946, 26, 8.40%, 208, 0, 3, 5.55
1747790815, 0, 361, 953, 947, 26, 8.40%, 208, 0, 3, 5.60
1747790852, 0, 362, 953, 947, 26, 8.40%, 208, 0, 3, 6.43
1747790873, 0, 365, 953, 947, 26, 8.40%, 208, 0, 3, 7.16
1747790899, 0, 366, 953, 947, 26, 8.40%, 208, 0, 3, 6.28
1747790925, 0, 367, 953, 947, 26, 8.40%, 208, 0, 3, 5.06
1747790941, 0, 367, 953, 947, 26, 8.40%, 209, 0, 3, 5.23
1747790957, 0, 368, 953, 947, 26, 8.40%, 209, 0, 3, 5.83
1747790978, 0, 369, 953, 947, 26, 8.40%, 209, 0, 3, 7.16
1747791005, 0, 372, 953, 947, 26, 8.40%, 209, 0, 3, 5.54
1747791021, 0, 372, 953, 947, 26, 8.40%, 210, 0, 3, 5.61
1747791031, 0, 373, 953, 947, 26, 8.40%, 210, 0, 3, 7.18
1747791052, 0, 374, 953, 947, 26, 8.40%, 210, 0, 3, 3.68
1747791078, 0, 375, 953, 947, 26, 8.40%, 210, 0, 3, 5.64
1747791103, 0, 376, 953, 947, 26, 8.40%, 210, 0, 3, 4.13
1747791108, 0, 376, 953, 947, 26, 8.40%, 211, 0, 3, 4.86
1747791114, 0, 376, 954, 948, 26, 8.40%, 211, 0, 3, 5.82
1747791145, 0, 376, 954, 948, 26, 8.40%, 212, 0, 3, 4.85
1747791156, 0, 377, 954, 948, 26, 8.40%, 212, 0, 3, 4.73
1747791181, 0, 379, 954, 948, 26, 8.40%, 212, 0, 3, 5.16
1747791208, 0, 380, 954, 948, 26, 8.40%, 212, 0, 3, 5.75
1747791213, 0, 380, 955, 949, 26, 8.40%, 212, 0, 3, 5.33
1747791229, 0, 380, 956, 950, 26, 8.40%, 212, 0, 3, 6.29
1747791324, 0, 382, 956, 950, 27, 8.40%, 212, 0, 3, 5.00
1747791350, 0, 383, 956, 950, 27, 8.40%, 212, 0, 3, 4.98
1747791371, 0, 384, 956, 950, 27, 8.40%, 212, 0, 3, 6.41
1747791397, 0, 385, 956, 950, 27, 8.40%, 212, 0, 3, 7.56
1747791419, 0, 386, 956, 950, 27, 8.40%, 212, 0, 3, 5.76
1747791440, 0, 388, 956, 950, 27, 8.40%, 212, 0, 3, 5.48
1747791460, 0, 388, 957, 951, 27, 8.40%, 212, 0, 3, 4.46
1747791492, 0, 389, 957, 951, 27, 8.40%, 212, 0, 3, 7.03
1747791518, 0, 390, 957, 951, 27, 8.40%, 212, 0, 3, 6.46
1747791539, 0, 393, 957, 951, 27, 8.40%, 212, 0, 3, 6.11
1747791565, 0, 394, 957, 951, 27, 8.40%, 212, 0, 3, 7.37
1747791591, 0, 395, 957, 951, 27, 8.40%, 212, 0, 3, 6.46
1747791617, 0, 397, 957, 951, 27, 8.40%, 212, 0, 3, 5.06
1747791643, 0, 398, 957, 951, 27, 8.40%, 212, 0, 3, 2.03
1747791669, 0, 399, 957, 951, 27, 8.40%, 212, 0, 3, 5.03
1747791695, 0, 400, 957, 951, 27, 8.40%, 212, 0, 3, 5.10
1747791721, 0, 402, 957, 951, 27, 8.40%, 212, 0, 3, 5.72
1747791747, 0, 403, 957, 951, 27, 8.40%, 212, 0, 3, 6.09
1747791768, 0, 404, 957, 951, 27, 8.40%, 212, 0, 3, 5.50
1747791788, 0, 404, 959, 953, 27, 8.40%, 212, 0, 3, 4.49
1747791871, 0, 405, 959, 953, 27, 8.40%, 212, 0, 3, 6.13
1747791892, 0, 406, 959, 953, 27, 8.40%, 212, 0, 3, 6.95
1747791897, 0, 406, 959, 953, 27, 8.40%, 213, 0, 3, 5.20
1747791903, 0, 406, 959, 953, 27, 8.40%, 214, 0, 3, 5.87
1747791918, 0, 407, 959, 953, 27, 8.40%, 214, 0, 3, 7.63
1747791939, 0, 408, 959, 953, 27, 8.40%, 214, 0, 3, 6.00
1747791944, 0, 408, 959, 953, 27, 8.40%, 215, 0, 3, 5.57
1747791955, 0, 408, 959, 953, 27, 8.40%, 216, 0, 3, 6.90
1747791965, 0, 409, 959, 953, 27, 8.40%, 216, 0, 3, 7.23
1747791991, 0, 410, 959, 953, 27, 8.40%, 216, 0, 3, 7.32
1747792002, 0, 410, 959, 953, 27, 8.40%, 217, 0, 3, 5.68
1747792013, 0, 411, 959, 953, 27, 8.40%, 217, 0, 3, 6.31
1747792033, 0, 411, 959, 953, 27, 8.40%, 218, 0, 3, 5.57
1747792038, 0, 412, 959, 953, 27, 8.40%, 218, 0, 3, 5.35
1747792064, 0, 413, 959, 953, 27, 8.40%, 218, 0, 3, 6.64
1747792090, 0, 414, 959, 953, 27, 8.40%, 218, 0, 3, 5.36
1747792116, 0, 415, 959, 953, 27, 8.40%, 218, 0, 3, 5.82
1747792142, 0, 417, 959, 953, 27, 8.40%, 218, 0, 3, 6.46
1747792148, 0, 417, 959, 953, 27, 8.40%, 219, 0, 3, 5.98
1747792163, 0, 417, 959, 953, 27, 8.40%, 220, 0, 3, 6.21
1747792169, 0, 418, 959, 953, 27, 8.40%, 220, 0, 3, 5.92
1747792190, 0, 419, 959, 953, 27, 8.40%, 220, 0, 3, 6.12
1747792195, 0, 419, 959, 953, 27, 8.40%, 222, 0, 3, 5.10
1747792216, 0, 420, 959, 953, 27, 8.40%, 222, 0, 3, 8.33
1747792243, 0, 423, 959, 953, 27, 8.40%, 222, 0, 3, 5.68
1747792264, 0, 426, 959, 953, 27, 8.40%, 222, 0, 3, 12.40
1747792274, 0, 426, 959, 953, 27, 8.40%, 223, 0, 3, 6.26
1747792290, 0, 429, 959, 953, 27, 8.40%, 223, 0, 3, 5.58
1747792301, 0, 429, 960, 954, 27, 8.40%, 223, 0, 3, 4.93
1747792321, 0, 429, 961, 955, 27, 8.42%, 223, 0, 3, 6.92
1747792337, 0, 429, 961, 955, 27, 8.42%, 224, 0, 3, 2.48
1747792342, 0, 429, 961, 955, 27, 8.42%, 225, 0, 3, 12.13
1747792385, 0, 429, 961, 955, 27, 8.42%, 226, 0, 3, 5.37
1747792401, 0, 430, 961, 955, 28, 8.42%, 226, 0, 3, 6.83
1747792422, 0, 432, 961, 955, 28, 8.42%, 226, 0, 3, 5.34
1747792438, 0, 432, 962, 956, 28, 8.42%, 226, 0, 3, 1.59
1747792453, 0, 432, 962, 956, 28, 8.42%, 227, 0, 3, 5.28
1747792475, 0, 434, 962, 956, 28, 8.42%, 227, 0, 3, 6.21
1747792496, 0, 435, 962, 956, 28, 8.42%, 227, 0, 3, 6.65
1747792507, 0, 435, 963, 957, 28, 8.42%, 227, 0, 3, 4.99
1747792558, 0, 436, 963, 957, 28, 8.42%, 227, 0, 3, 5.54
1747792584, 0, 437, 963, 957, 28, 8.42%, 227, 0, 3, 5.11
1747792595, 0, 437, 963, 957, 28, 8.42%, 228, 0, 3, 6.70
1747792611, 0, 438, 963, 957, 28, 8.42%, 228, 0, 3, 6.04
1747792626, 0, 438, 963, 957, 28, 8.42%, 229, 0, 3, 5.73
1747792631, 0, 439, 963, 957, 28, 8.42%, 229, 0, 3, 5.63
1747792637, 0, 439, 963, 957, 28, 8.42%, 230, 0, 3, 6.42
1747792663, 0, 440, 963, 957, 28, 8.42%, 230, 0, 3, 4.56
1747792689, 0, 441, 963, 957, 28, 8.42%, 230, 0, 3, 5.53
1747792716, 0, 442, 963, 957, 28, 8.42%, 230, 0, 3, 3.34
1747792742, 0, 443, 963, 957, 28, 8.42%, 230, 0, 3, 5.68
1747792762, 0, 444, 963, 957, 28, 8.42%, 230, 0, 3, 5.91
1747792788, 0, 445, 963, 957, 28, 8.42%, 230, 0, 3, 5.02
1747792814, 0, 446, 963, 957, 28, 8.42%, 230, 0, 3, 5.59
1747792846, 0, 447, 963, 957, 28, 8.42%, 230, 0, 3, 5.47
1747792856, 0, 447, 963, 957, 28, 8.42%, 231, 0, 3, 5.53
1747792871, 0, 448, 963, 957, 28, 8.42%, 231, 0, 3, 5.54
1747792898, 0, 449, 963, 957, 28, 8.42%, 231, 0, 3, 5.70
1747792919, 0, 450, 963, 957, 28, 8.42%, 231, 0, 3, 7.10
1747792941, 0, 451, 963, 957, 28, 8.42%, 231, 0, 3, 6.14
1747792962, 0, 453, 963, 957, 28, 8.42%, 231, 0, 3, 6.24
1747792987, 0, 455, 963, 957, 28, 8.42%, 231, 0, 3, 6.31
1747793014, 0, 456, 963, 957, 28, 8.42%, 231, 0, 3, 6.54
1747793034, 0, 457, 963, 957, 28, 8.42%, 231, 0, 3, 9.05
1747793055, 0, 459, 963, 957, 28, 8.42%, 231, 0, 3, 4.01
1747793070, 0, 459, 963, 957, 28, 8.42%, 232, 0, 3, 5.61
1747793081, 0, 461, 964, 958, 28, 8.42%, 232, 0, 3, 5.25
1747793132, 0, 461, 964, 958, 28, 8.42%, 233, 0, 3, 7.06
1747793137, 0, 462, 964, 958, 28, 8.42%, 233, 0, 3, 2.82
1747793163, 0, 463, 964, 958, 28, 8.42%, 233, 0, 3, 6.92
1747793184, 0, 464, 964, 958, 28, 8.42%, 233, 0, 3, 6.53
1747793210, 0, 465, 964, 958, 28, 8.42%, 233, 0, 3, 5.74
1747793236, 0, 466, 964, 958, 28, 8.42%, 233, 0, 3, 5.42
1747793262, 0, 467, 964, 958, 28, 8.42%, 233, 0, 3, 6.97
1747793288, 0, 469, 964, 958, 28, 8.42%, 233, 0, 3, 5.44
1747793308, 0, 471, 964, 958, 28, 8.42%, 233, 0, 3, 3.13
1747793329, 0, 472, 964, 958, 28, 8.42%, 233, 0, 3, 5.68
1747793349, 0, 473, 964, 958, 28, 8.42%, 233, 0, 3, 6.36
1747793380, 0, 474, 964, 958, 28, 8.42%, 233, 0, 3, 5.15
1747793401, 0, 475, 964, 958, 28, 8.42%, 233, 0, 3, 6.71
1747793433, 0, 476, 964, 958, 28, 8.42%, 233, 0, 3, 4.70
1747793459, 0, 477, 964, 958, 28, 8.42%, 234, 0, 3, 5.65
1747793480, 0, 478, 964, 958, 28, 8.42%, 234, 0, 3, 6.12
1747793506, 0, 480, 964, 958, 28, 8.42%, 234, 0, 3, 5.35
1747793532, 0, 482, 964, 958, 28, 8.42%, 234, 0, 3, 5.32
1747793558, 0, 484, 964, 958, 28, 8.42%, 234, 0, 3, 7.47
1747793579, 0, 485, 964, 958, 28, 8.42%, 234, 0, 3, 5.81
1747793606, 0, 486, 964, 958, 28, 8.42%, 234, 0, 3, 6.13
1747793632, 0, 487, 964, 958, 28, 8.42%, 234, 0, 3, 4.54
1747793663, 0, 488, 964, 958, 28, 8.42%, 234, 0, 3, 5.71
1747793684, 0, 489, 964, 958, 28, 8.42%, 234, 0, 3, 6.47
1747793709, 0, 490, 964, 958, 28, 8.42%, 234, 0, 3, 6.20
1747793715, 0, 490, 964, 958, 28, 8.42%, 235, 0, 3, 1.53
1747793735, 0, 491, 964, 958, 28, 8.42%, 235, 0, 3, 6.24
1747793741, 0, 491, 964, 958, 28, 8.42%, 236, 0, 3, 5.83
1747793762, 0, 492, 964, 958, 28, 8.42%, 236, 0, 3, 6.08
1747793783, 0, 493, 964, 958, 28, 8.42%, 236, 0, 3, 6.27
1747793804, 0, 494, 964, 958, 28, 8.42%, 236, 0, 3, 6.17
1747793831, 0, 495, 964, 958, 28, 8.42%, 236, 0, 3, 5.62
1747793857, 0, 496, 964, 958, 28, 8.42%, 236, 0, 3, 6.10
1747793872, 0, 497, 964, 958, 28, 8.42%, 236, 0, 3, 8.69
1747793888, 0, 498, 964, 958, 28, 8.42%, 236, 0, 3, 11.22
1747793903, 0, 499, 964, 958, 28, 8.42%, 236, 0, 3, 8.64
1747793919, 0, 500, 964, 958, 28, 8.42%, 236, 0, 3, 8.29
1747793929, 0, 501, 964, 958, 28, 8.42%, 236, 0, 3, 9.93
1747793944, 0, 502, 964, 958, 28, 8.42%, 236, 0, 3, 9.28
1747793955, 0, 503, 964, 958, 28, 8.42%, 236, 0, 3, 12.15
1747793970, 0, 504, 964, 958, 28, 8.42%, 236, 0, 3, 9.25
1747793986, 0, 505, 964, 958, 28, 8.42%, 236, 0, 3, 8.50
1747793991, 0, 505, 964, 958, 28, 8.42%, 237, 0, 3, 10.50
1747794001, 0, 507, 964, 958, 28, 8.42%, 237, 0, 3, 9.79
1747794011, 0, 508, 964, 958, 28, 8.42%, 237, 0, 3, 9.11
1747794027, 0, 509, 964, 958, 28, 8.42%, 237, 0, 3, 10.04
1747794042, 0, 510, 964, 958, 28, 8.42%, 237, 0, 3, 9.00
1747794058, 0, 511, 964, 958, 28, 8.42%, 237, 0, 3, 9.11
1747794073, 0, 512, 964, 958, 28, 8.42%, 237, 0, 3, 11.25
1747794083, 0, 514, 964, 958, 28, 8.42%, 237, 0, 3, 9.80
1747794099, 0, 516, 964, 958, 28, 8.42%, 237, 0, 3, 9.56
1747794114, 0, 518, 964, 958, 28, 8.42%, 237, 0, 3, 8.22
1747794130, 0, 521, 964, 958, 28, 8.42%, 238, 0, 3, 9.37
1747794145, 0, 522, 964, 958, 28, 8.42%, 238, 0, 3, 8.16
1747794156, 0, 522, 964, 958, 28, 8.42%, 239, 0, 3, 8.11
1747794161, 0, 523, 964, 958, 28, 8.42%, 239, 0, 3, 8.66
1747794176, 0, 525, 964, 958, 28, 8.42%, 239, 0, 3, 9.41
1747794191, 0, 526, 965, 959, 28, 8.42%, 239, 0, 3, 8.51
1747794207, 0, 526, 965, 959, 28, 8.42%, 240, 0, 3, 8.26
1747794223, 0, 527, 965, 959, 28, 8.42%, 240, 0, 3, 11.19
1747794233, 0, 528, 965, 959, 28, 8.42%, 240, 0, 3, 11.07
1747794248, 0, 529, 965, 959, 28, 8.42%, 240, 0, 3, 10.34
1747794259, 0, 529, 965, 959, 28, 8.42%, 241, 0, 3, 9.47
1747794264, 0, 530, 965, 959, 28, 8.42%, 241, 0, 3, 9.14
1747794285, 0, 531, 965, 959, 28, 8.42%, 241, 0, 3, 6.10
1747794306, 0, 532, 965, 959, 28, 8.42%, 241, 0, 3, 6.17
1747794312, 0, 532, 965, 959, 28, 8.42%, 242, 0, 3, 5.77
1747794333, 0, 533, 965, 959, 28, 8.42%, 243, 0, 3, 5.29
1747794364, 0, 536, 965, 959, 28, 8.42%, 243, 0, 3, 5.93
1747794384, 0, 538, 965, 959, 28, 8.42%, 243, 0, 3, 5.65
1747794411, 0, 539, 965, 959, 28, 8.42%, 243, 0, 3, 5.22
1747794437, 0, 540, 965, 959, 28, 8.42%, 243, 0, 3, 5.61
1747794469, 0, 541, 965, 959, 28, 8.42%, 243, 0, 3, 5.66
1747794474, 0, 541, 966, 960, 28, 8.42%, 243, 0, 3, 5.08
1747794520, 0, 542, 966, 960, 28, 8.42%, 243, 0, 3, 7.84
1747794536, 0, 543, 966, 960, 28, 8.42%, 243, 0, 3, 7.14
1747794562, 0, 545, 966, 960, 28, 8.42%, 243, 0, 3, 6.11
1747794588, 0, 546, 966, 960, 28, 8.42%, 243, 0, 3, 5.75
1747794614, 0, 548, 966, 960, 28, 8.42%, 243, 0, 3, 5.32
1747794635, 0, 549, 966, 960, 28, 8.42%, 243, 0, 3, 9.38
1747794650, 0, 550, 966, 960, 28, 8.42%, 243, 0, 3, 8.14
1747794660, 0, 551, 966, 960, 28, 8.42%, 243, 0, 3, 9.26
1747794671, 0, 551, 966, 960, 28, 8.42%, 244, 0, 3, 7.94
1747794681, 0, 552, 967, 961, 28, 8.42%, 244, 0, 3, 8.91
1747794696, 0, 552, 967, 961, 28, 8.42%, 245, 0, 3, 8.75
1747794706, 0, 553, 967, 961, 28, 8.42%, 245, 0, 3, 11.08
1747794722, 0, 555, 967, 961, 28, 8.42%, 245, 0, 3, 8.72
1747794738, 0, 556, 967, 961, 28, 8.42%, 245, 0, 3, 8.68
1747794753, 0, 557, 967, 961, 28, 8.42%, 245, 0, 3, 9.38
1747794764, 0, 559, 967, 961, 28, 8.42%, 245, 0, 3, 3.44
1747794774, 0, 560, 967, 961, 28, 8.42%, 245, 0, 3, 12.60
1747794790, 0, 561, 967, 961, 28, 8.42%, 245, 0, 3, 10.12
1747794795, 0, 561, 967, 961, 28, 8.42%, 246, 0, 3, 8.93
1747794805, 0, 562, 967, 961, 28, 8.42%, 246, 0, 3, 10.15
1747794816, 0, 563, 967, 961, 28, 8.42%, 246, 0, 3, 9.89
1747794831, 0, 564, 967, 961, 28, 8.42%, 246, 0, 3, 9.77
1747794841, 0, 564, 968, 962, 28, 8.42%, 246, 0, 3, 8.31
1747794862, 0, 565, 968, 962, 28, 8.42%, 246, 0, 3, 7.80
1747794878, 0, 566, 968, 962, 28, 8.42%, 246, 0, 3, 9.37
1747794893, 0, 567, 968, 962, 28, 8.42%, 246, 0, 3, 9.73
1747794908, 0, 568, 968, 962, 28, 8.42%, 247, 0, 3, 10.25
1747794924, 0, 570, 968, 962, 28, 8.42%, 248, 0, 3, 10.22
1747794934, 0, 571, 968, 962, 28, 8.42%, 248, 0, 3, 9.27
1747794950, 0, 572, 968, 962, 28, 8.42%, 249, 0, 3, 9.18
1747794965, 0, 574, 968, 962, 28, 8.42%, 249, 0, 3, 9.87
1747794980, 0, 575, 968, 962, 28, 8.42%, 249, 0, 3, 9.64
1747794991, 0, 576, 968, 962, 28, 8.42%, 249, 0, 3, 9.29
1747795011, 0, 578, 968, 962, 28, 8.42%, 250, 0, 3, 8.65
1747795026, 0, 579, 969, 963, 28, 8.42%, 250, 0, 3, 10.73
1747795047, 0, 579, 969, 963, 28, 8.42%, 251, 0, 3, 9.43
1747795058, 0, 580, 969, 963, 28, 8.42%, 251, 0, 3, 8.54
1747795063, 0, 580, 970, 964, 28, 8.42%, 252, 0, 3, 7.37
1747795089, 0, 582, 970, 964, 28, 8.42%, 252, 0, 3, 11.55
1747795099, 0, 585, 970, 964, 28, 8.42%, 252, 0, 3, 9.37
1747795114, 0, 587, 970, 964, 28, 8.42%, 252, 0, 3, 10.02
1747795125, 0, 588, 970, 964, 28, 8.42%, 252, 0, 3, 9.88
1747795130, 0, 588, 970, 964, 28, 8.42%, 253, 0, 3, 8.83
1747795140, 0, 589, 970, 964, 28, 8.42%, 253, 0, 3, 9.55
1747795161, 0, 590, 970, 964, 28, 8.42%, 253, 0, 3, 7.56
1747795183, 0, 591, 970, 964, 28, 8.42%, 253, 0, 3, 7.11
1747795214, 0, 592, 970, 964, 28, 8.42%, 253, 0, 3, 5.53
1747795240, 0, 593, 970, 964, 28, 8.42%, 253, 0, 3, 5.59
1747795267, 0, 594, 970, 964, 28, 8.42%, 253, 0, 3, 6.28
1747795288, 0, 596, 970, 964, 28, 8.42%, 253, 0, 3, 6.69
1747795314, 0, 597, 970, 964, 28, 8.42%, 253, 0, 3, 4.96
1747795340, 0, 598, 970, 964, 28, 8.42%, 253, 0, 3, 5.30
1747795365, 0, 599, 970, 964, 28, 8.42%, 254, 0, 3, 4.92
1747795396, 0, 600, 970, 964, 28, 8.42%, 254, 0, 3, 5.32
1747795422, 0, 601, 970, 964, 28, 8.42%, 254, 0, 3, 5.07
1747795448, 0, 602, 970, 964, 28, 8.42%, 254, 0, 3, 5.81
1747795474, 0, 603, 970, 964, 28, 8.42%, 254, 0, 3, 4.81
1747795500, 0, 605, 970, 964, 28, 8.42%, 254, 0, 3, 5.75
1747795522, 0, 606, 970, 964, 28, 8.42%, 254, 0, 3, 5.92
1747795538, 0, 606, 970, 964, 28, 8.42%, 255, 0, 3, 13.06
1747795543, 0, 606, 970, 964, 28, 8.42%, 256, 0, 3, 2.70
1747795549, 0, 606, 971, 965, 28, 8.42%, 256, 0, 3, 2.28
1747795575, 0, 607, 971, 965, 28, 8.42%, 256, 0, 3, 6.30
1747795602, 0, 608, 971, 965, 28, 8.42%, 256, 0, 3, 5.18
1747795628, 0, 609, 971, 965, 28, 8.42%, 256, 0, 3, 5.62
1747795649, 0, 610, 971, 965, 28, 8.42%, 256, 0, 3, 6.23
1747795670, 0, 611, 971, 965, 28, 8.42%, 256, 0, 3, 9.26
1747795695, 0, 612, 971, 965, 28, 8.42%, 256, 0, 3, 5.76
1747795722, 0, 615, 971, 965, 28, 8.42%, 256, 0, 3, 4.11
1747795748, 0, 616, 971, 965, 28, 8.42%, 256, 0, 3, 6.14
1747795774, 0, 617, 971, 965, 28, 8.42%, 256, 0, 3, 2.51
1747795795, 0, 618, 971, 965, 28, 8.42%, 256, 0, 3, 6.87
1747795805, 0, 618, 971, 965, 28, 8.42%, 257, 0, 3, 5.62
1747795821, 0, 619, 971, 965, 28, 8.42%, 257, 0, 3, 6.45
1747795847, 0, 620, 971, 965, 28, 8.42%, 257, 0, 3, 6.14
1747795873, 0, 621, 971, 965, 28, 8.42%, 257, 0, 3, 7.32
1747795894, 0, 622, 971, 965, 28, 8.42%, 257, 0, 3, 6.04
1747795921, 0, 623, 971, 965, 28, 8.42%, 257, 0, 3, 5.41
1747795947, 0, 624, 971, 965, 28, 8.42%, 257, 0, 3, 5.92
1747795973, 0, 625, 971, 965, 28, 8.42%, 257, 0, 3, 5.96
1747795994, 0, 626, 971, 965, 28, 8.42%, 257, 0, 3, 5.99
1747796020, 0, 627, 971, 965, 28, 8.42%, 257, 0, 3, 6.32
1747796042, 0, 628, 971, 965, 28, 8.42%, 257, 0, 3, 5.59
1747796068, 0, 630, 971, 965, 28, 8.42%, 257, 0, 3, 7.02
1747796089, 0, 631, 971, 965, 28, 8.42%, 257, 0, 3, 6.48
1747796109, 0, 632, 971, 965, 28, 8.42%, 258, 0, 3, 10.46
1747796114, 0, 632, 971, 965, 28, 8.42%, 259, 0, 3, 9.69
1747796125, 0, 634, 971, 965, 28, 8.42%, 259, 0, 3, 14.02
1747796130, 0, 634, 972, 966, 28, 8.42%, 259, 0, 3, 11.30
1747796161, 0, 635, 972, 966, 28, 8.42%, 259, 0, 3, 4.45
1747796187, 0, 636, 972, 966, 28, 8.42%, 259, 0, 3, 5.83
1747796213, 0, 637, 972, 966, 28, 8.42%, 259, 0, 3, 5.46
1747796224, 0, 637, 973, 967, 28, 8.42%, 259, 0, 3, 6.13
1747796266, 0, 638, 973, 967, 28, 8.42%, 259, 0, 3, 5.90
1747796277, 0, 638, 973, 967, 28, 8.42%, 260, 0, 3, 5.42
1747796293, 0, 639, 973, 967, 28, 8.42%, 260, 0, 3, 5.37
1747796298, 0, 639, 973, 967, 28, 8.42%, 261, 0, 3, 5.96
1747796314, 0, 642, 973, 967, 28, 8.42%, 261, 0, 3, 10.17
1747796324, 0, 643, 973, 967, 28, 8.42%, 261, 0, 3, 9.58
1747796340, 0, 645, 973, 967, 28, 8.42%, 261, 0, 3, 7.62
1747796355, 0, 646, 973, 967, 28, 8.42%, 261, 0, 3, 9.42
1747796360, 0, 646, 973, 967, 28, 8.42%, 262, 0, 3, 8.39
1747796370, 0, 648, 973, 967, 28, 8.42%, 262, 0, 3, 9.28
1747796376, 0, 648, 973, 967, 28, 8.42%, 263, 0, 3, 9.24
1747796386, 0, 649, 973, 967, 28, 8.42%, 263, 0, 3, 9.26
1747796401, 0, 651, 973, 967, 28, 8.42%, 264, 0, 3, 8.81
1747796412, 0, 651, 973, 967, 28, 8.42%, 265, 0, 3, 9.02
1747796417, 0, 652, 973, 967, 28, 8.42%, 265, 0, 3, 8.79
1747796427, 0, 652, 973, 967, 28, 8.42%, 266, 0, 3, 8.98
1747796432, 0, 653, 973, 967, 28, 8.42%, 266, 0, 3, 7.27
1747796448, 0, 654, 973, 967, 28, 8.42%, 267, 0, 3, 9.41
1747796458, 0, 655, 973, 967, 28, 8.42%, 267, 0, 3, 9.77
1747796463, 0, 655, 973, 967, 28, 8.42%, 268, 0, 3, 8.50
1747796474, 0, 656, 973, 967, 28, 8.42%, 268, 0, 3, 8.43
1747796490, 0, 657, 973, 967, 28, 8.42%, 268, 0, 3, 7.71
1747796516, 0, 658, 973, 967, 28, 8.42%, 268, 0, 3, 4.86
1747796537, 0, 659, 973, 967, 28, 8.42%, 268, 0, 3, 6.03
1747796568, 0, 662, 973, 967, 28, 8.42%, 268, 0, 3, 4.81
1747796589, 0, 663, 973, 967, 28, 8.42%, 268, 0, 3, 9.87
1747796599, 0, 664, 973, 967, 28, 8.42%, 268, 0, 3, 10.29
1747796619, 0, 665, 973, 967, 28, 8.42%, 268, 0, 3, 8.63
1747796635, 0, 666, 973, 967, 28, 8.42%, 269, 0, 3, 7.97
1747796650, 0, 667, 973, 967, 28, 8.42%, 269, 0, 3, 10.88
1747796660, 0, 668, 973, 967, 28, 8.42%, 269, 0, 3, 8.26
1747796676, 0, 669, 973, 967, 28, 8.42%, 269, 0, 3, 9.68
1747796691, 0, 670, 973, 967, 28, 8.42%, 269, 0, 3, 8.64
1747796712, 0, 671, 973, 967, 28, 8.42%, 269, 0, 3, 11.28
1747796727, 0, 672, 973, 967, 28, 8.42%, 269, 0, 3, 10.05
1747796737, 0, 672, 974, 968, 28, 8.42%, 269, 0, 3, 9.83
1747796753, 0, 673, 974, 968, 28, 8.42%, 269, 0, 3, 11.08
1747796763, 0, 674, 974, 968, 28, 8.42%, 269, 0, 3, 10.01
1747796768, 0, 674, 974, 968, 28, 8.42%, 270, 0, 3, 9.37
1747796784, 0, 675, 974, 968, 28, 8.42%, 270, 0, 3, 8.27
1747796800, 0, 676, 974, 968, 28, 8.42%, 270, 0, 3, 9.72
1747796810, 0, 677, 974, 968, 28, 8.42%, 270, 0, 3, 8.44
1747796825, 0, 678, 974, 968, 28, 8.42%, 270, 0, 3, 9.08
1747796836, 0, 678, 975, 969, 28, 8.42%, 270, 0, 3, 6.40
1747796851, 0, 678, 975, 969, 28, 8.42%, 271, 0, 3, 8.37
1747796862, 0, 679, 975, 969, 28, 8.42%, 271, 0, 3, 10.06
1747796872, 0, 680, 975, 969, 28, 8.42%, 271, 0, 3, 9.24
1747796893, 0, 681, 975, 969, 28, 8.42%, 272, 0, 3, 8.61
1747796908, 0, 682, 975, 969, 28, 8.42%, 272, 0, 3, 9.94
1747796919, 0, 683, 975, 969, 28, 8.42%, 273, 0, 3, 10.69
1747796934, 0, 684, 975, 969, 28, 8.42%, 273, 0, 3, 8.74
1747796939, 0, 684, 975, 969, 28, 8.42%, 274, 0, 3, 8.57
1747796950, 0, 685, 975, 969, 28, 8.42%, 274, 0, 3, 9.66
1747796960, 0, 686, 975, 969, 28, 8.42%, 275, 0, 3, 10.20
1747796976, 0, 688, 975, 969, 28, 8.42%, 275, 0, 3, 8.13
1747796991, 0, 689, 975, 969, 28, 8.42%, 275, 0, 3, 10.90
1747797007, 0, 691, 975, 969, 28, 8.42%, 275, 0, 3, 9.10
1747797017, 0, 692, 975, 969, 28, 8.42%, 275, 0, 3, 10.33
1747797033, 0, 693, 975, 969, 28, 8.42%, 275, 0, 3, 8.57
1747797048, 0, 694, 975, 969, 28, 8.42%, 275, 0, 3, 9.26
1747797064, 0, 695, 975, 969, 28, 8.42%, 275, 0, 3, 10.97
1747797074, 0, 696, 975, 969, 28, 8.42%, 275, 0, 3, 8.92
1747797084, 0, 696, 975, 969, 28, 8.42%, 276, 0, 3, 7.86
1747797090, 0, 697, 975, 969, 28, 8.42%, 276, 0, 3, 7.89
1747797105, 0, 698, 975, 969, 28, 8.42%, 277, 0, 3, 9.82
1747797120, 0, 699, 975, 969, 28, 8.42%, 277, 0, 3, 8.97
1747797131, 0, 701, 975, 969, 28, 8.42%, 277, 0, 3, 9.90
1747797146, 0, 702, 975, 969, 28, 8.42%, 277, 0, 3, 8.98
1747797162, 0, 706, 975, 969, 28, 8.42%, 278, 0, 3, 10.68
1747797178, 0, 707, 975, 969, 28, 8.42%, 278, 0, 3, 7.57
1747797193, 0, 708, 975, 969, 28, 8.42%, 278, 0, 3, 9.66
1747797209, 0, 709, 975, 969, 28, 8.42%, 278, 0, 3, 8.98
1747797224, 0, 710, 975, 969, 28, 8.42%, 278, 0, 3, 9.31
1747797235, 0, 712, 975, 969, 28, 8.42%, 278, 0, 3, 8.89
1747797251, 0, 714, 975, 969, 28, 8.42%, 278, 0, 3, 8.74
1747797266, 0, 715, 975, 969, 28, 8.42%, 278, 0, 3, 9.29
1747797281, 0, 716, 975, 969, 28, 8.42%, 278, 0, 3, 8.13
1747797297, 0, 717, 975, 969, 28, 8.42%, 278, 0, 3, 11.04
1747797307, 0, 719, 975, 969, 28, 8.42%, 279, 0, 3, 10.86
1747797322, 0, 720, 975, 969, 28, 8.42%, 279, 0, 3, 9.69
1747797338, 0, 721, 975, 969, 28, 8.42%, 279, 0, 3, 11.97
1747797348, 0, 721, 976, 970, 28, 8.42%, 279, 0, 3, 9.24
1747797363, 0, 721, 977, 971, 28, 8.42%, 279, 0, 3, 9.25
1747797383, 0, 721, 978, 972, 28, 8.42%, 279, 0, 3, 9.08
1747797471, 0, 721, 979, 973, 28, 8.42%, 279, 0, 3, 9.00
1747797548, 0, 721, 983, 977, 28, 8.42%, 279, 0, 3, 9.50
1747797583, 0, 721, 984, 978, 28, 8.42%, 279, 0, 3, 9.21
1747797676, 0, 721, 985, 979, 28, 8.42%, 279, 0, 3, 5.70
1747797686, 0, 721, 986, 980, 28, 8.42%, 279, 0, 3, 8.22
1747797702, 0, 721, 987, 981, 28, 8.42%, 279, 0, 3, 11.47
1747797847, 0, 721, 988, 982, 28, 8.42%, 279, 0, 3, 9.17
1747797872, 0, 721, 989, 983, 28, 8.42%, 279, 0, 3, 10.84
1747797970, 0, 721, 990, 984, 28, 8.42%, 279, 0, 3, 9.77
1747797985, 0, 721, 992, 986, 28, 8.42%, 279, 0, 3, 14.62
1747798412, 0, 721, 993, 987, 28, 8.42%, 279, 0, 3, 9.90
1747798807, 0, 721, 994, 988, 28, 8.42%, 279, 0, 3, 9.75
1747799064, 0, 721, 995, 989, 28, 8.42%, 279, 0, 3, 8.67
1747799146, 0, 722, 995, 988, 28, 8.42%, 279, 0, 3, 9.78
1747799173, 0, 723, 995, 988, 28, 8.42%, 279, 0, 3, 6.78
1747799189, 0, 724, 995, 988, 28, 8.42%, 279, 0, 3, 9.36
1747799204, 0, 726, 995, 988, 28, 8.42%, 280, 0, 3, 8.59
1747799220, 0, 727, 995, 988, 28, 8.42%, 281, 0, 3, 9.57
1747799236, 0, 729, 995, 988, 28, 8.42%, 281, 0, 3, 8.61
1747799251, 0, 730, 995, 988, 28, 8.42%, 281, 0, 3, 9.80
1747799267, 0, 731, 995, 988, 28, 8.42%, 281, 0, 3, 10.34
1747799277, 0, 733, 995, 988, 28, 8.42%, 281, 0, 3, 8.57
1747799293, 0, 733, 995, 988, 28, 8.42%, 282, 0, 3, 8.46
1747799298, 0, 734, 995, 988, 28, 8.42%, 282, 0, 3, 9.12
1747799308, 0, 735, 995, 988, 28, 8.42%, 282, 0, 3, 8.62
1747799329, 0, 736, 995, 988, 28, 8.42%, 282, 0, 3, 8.74
1747799344, 0, 736, 996, 989, 28, 8.42%, 282, 0, 3, 6.02
1747799360, 0, 736, 996, 989, 28, 8.42%, 283, 0, 3, 8.54
1747799365, 0, 737, 996, 989, 28, 8.42%, 283, 0, 3, 8.89
1747799380, 0, 738, 996, 989, 28, 8.42%, 283, 0, 3, 9.42
1747799391, 0, 741, 996, 989, 28, 8.42%, 283, 0, 3, 9.78
1747799396, 0, 741, 997, 990, 28, 8.42%, 283, 0, 3, 6.62
1747799401, 0, 741, 998, 991, 28, 8.42%, 283, 0, 3, 5.90
1747799453, 0, 741, 999, 992, 28, 8.42%, 283, 0, 3, 4.01
1747799458, 0, 741, 1000, 993, 28, 8.42%, 283, 0, 3, 4.52
1747799495, 0, 741, 1001, 994, 28, 8.42%, 283, 0, 3, 4.89
1747799505, 0, 741, 1002, 995, 28, 8.42%, 283, 0, 3, 4.86
1747799848, 0, 741, 1003, 996, 28, 8.42%, 283, 0, 3, 4.68
1747800161, 0, 741, 1004, 997, 28, 8.42%, 283, 0, 3, 4.84
1747800171, 0, 741, 1005, 998, 28, 8.42%, 283, 0, 3, 4.87
1747800351, 0, 741, 1006, 999, 28, 8.42%, 283, 0, 3, 4.94
1747800392, 0, 742, 1006, 998, 27, 8.42%, 284, 0, 3, 2.71
1747800402, 0, 744, 1006, 998, 27, 8.42%, 284, 0, 3, 4.73
1747800417, 0, 745, 1006, 998, 27, 8.42%, 285, 0, 3, 7.98
1747800432, 0, 746, 1006, 998, 27, 8.42%, 285, 0, 3, 8.16
1747800448, 0, 747, 1006, 998, 27, 8.42%, 285, 0, 3, 9.27
1747800458, 0, 747, 1006, 998, 27, 8.42%, 286, 0, 3, 9.62
1747800463, 0, 748, 1006, 998, 27, 8.42%, 286, 0, 3, 7.37
1747800479, 0, 751, 1006, 998, 27, 8.42%, 286, 0, 3, 9.75
1747800494, 0, 752, 1006, 998, 27, 8.42%, 286, 0, 3, 9.44
1747800510, 0, 754, 1006, 998, 27, 8.42%, 286, 0, 3, 8.42
1747800525, 0, 755, 1006, 998, 27, 8.42%, 286, 0, 3, 9.58
1747800540, 0, 756, 1006, 998, 27, 8.42%, 286, 0, 3, 8.91
1747800556, 0, 757, 1006, 998, 27, 8.42%, 286, 0, 3, 9.75
1747800566, 0, 758, 1006, 998, 27, 8.42%, 286, 0, 3, 10.24
1747800582, 0, 759, 1006, 998, 27, 8.42%, 286, 0, 3, 8.96
1747800598, 0, 760, 1006, 998, 27, 8.42%, 286, 0, 3, 9.08
1747800613, 0, 761, 1006, 998, 27, 8.42%, 286, 0, 3, 9.32
1747800628, 0, 762, 1007, 999, 27, 8.42%, 286, 0, 3, 7.93
1747800660, 0, 763, 1007, 999, 27, 8.42%, 286, 0, 3, 8.52
1747800675, 0, 764, 1007, 999, 27, 8.42%, 286, 0, 3, 8.34
1747800690, 0, 766, 1007, 999, 27, 8.42%, 286, 0, 3, 8.25
1747800706, 0, 767, 1007, 999, 27, 8.42%, 286, 0, 3, 7.84
1747800711, 0, 767, 1007, 999, 27, 8.42%, 287, 0, 3, 9.83
1747800721, 0, 768, 1007, 999, 27, 8.42%, 287, 0, 3, 9.30
1747800731, 0, 769, 1007, 999, 27, 8.42%, 287, 0, 3, 10.47
1747800747, 0, 769, 1008, 1000, 27, 8.42%, 287, 0, 3, 8.27
1747800762, 0, 771, 1008, 1000, 27, 8.42%, 287, 0, 3, 8.62
1747800778, 0, 772, 1008, 1000, 27, 8.42%, 287, 0, 3, 8.47
1747800793, 0, 773, 1008, 1000, 27, 8.42%, 287, 0, 3, 9.59
1747800809, 0, 774, 1008, 1000, 27, 8.42%, 287, 0, 3, 10.62
1747800819, 0, 775, 1008, 1000, 27, 8.42%, 287, 0, 3, 8.94
1747800834, 0, 776, 1008, 1000, 27, 8.42%, 287, 0, 3, 10.58
1747800850, 0, 777, 1008, 1000, 27, 8.42%, 287, 0, 3, 9.57
1747800865, 0, 778, 1008, 1000, 27, 8.42%, 287, 0, 3, 9.54
1747800875, 0, 779, 1008, 1000, 27, 8.42%, 287, 0, 3, 8.26
1747800896, 0, 780, 1008, 1000, 27, 8.42%, 287, 0, 3, 8.15
1747800906, 0, 781, 1008, 1000, 27, 8.42%, 287, 0, 3, 9.25
1747800922, 0, 782, 1008, 1000, 27, 8.42%, 287, 0, 3, 9.92
1747800937, 0, 783, 1009, 1001, 27, 8.42%, 287, 0, 3, 7.68
1747800943, 0, 783, 1009, 1001, 27, 8.42%, 288, 0, 3, 5.42
1747800985, 0, 784, 1009, 1001, 27, 8.42%, 288, 0, 3, 5.58
1747801010, 0, 786, 1009, 1001, 27, 8.42%, 288, 0, 3, 5.36
1747801052, 0, 786, 1010, 1002, 27, 8.42%, 288, 0, 3, 2.92
1747801190, 0, 786, 1011, 1003, 27, 8.42%, 288, 0, 3, 3.73
1747801355, 0, 786, 1012, 1004, 27, 8.42%, 288, 0, 3, 3.86
1747801679, 0, 786, 1013, 1005, 27, 8.42%, 288, 0, 3, 3.86
1747802420, 0, 786, 1014, 1006, 27, 8.42%, 288, 0, 3, 4.00
1747802663, 0, 786, 1015, 1007, 27, 8.42%, 288, 0, 3, 2.61
1747802912, 0, 786, 1016, 1008, 27, 8.42%, 288, 0, 3, 2.28
1747803030, 0, 786, 1017, 1009, 27, 8.42%, 288, 0, 3, 2.18
1747803081, 0, 786, 1018, 1010, 27, 8.42%, 288, 0, 3, 6.32
1747803132, 0, 788, 1018, 1009, 27, 8.42%, 288, 0, 3, 8.40
1747803158, 0, 789, 1018, 1009, 27, 8.42%, 288, 0, 3, 5.29
1747803184, 0, 790, 1018, 1009, 27, 8.42%, 288, 0, 3, 5.29
1747803210, 0, 791, 1018, 1009, 27, 8.42%, 288, 0, 3, 5.89
1747803231, 0, 792, 1018, 1009, 27, 8.42%, 288, 0, 3, 5.20
1747803246, 0, 792, 1018, 1009, 27, 8.42%, 289, 0, 3, 6.75
1747803257, 0, 793, 1018, 1009, 27, 8.42%, 289, 0, 3, 9.80
1747803283, 0, 795, 1018, 1009, 27, 8.42%, 289, 0, 3, 6.32
1747803293, 0, 795, 1018, 1009, 27, 8.42%, 290, 0, 3, 6.45
1747803304, 0, 796, 1018, 1009, 27, 8.42%, 290, 0, 3, 4.96
1747803334, 0, 798, 1018, 1009, 27, 8.42%, 290, 0, 3, 5.91
1747803361, 0, 799, 1018, 1009, 27, 8.42%, 290, 0, 3, 6.39
1747803382, 0, 801, 1018, 1009, 27, 8.42%, 290, 0, 3, 5.63
1747803403, 0, 802, 1018, 1009, 27, 8.42%, 290, 0, 3, 8.45
1747803408, 0, 802, 1018, 1009, 27, 8.42%, 291, 0, 3, 2.14
1747803434, 0, 804, 1018, 1009, 27, 8.42%, 291, 0, 3, 5.46
1747803460, 0, 805, 1018, 1009, 27, 8.42%, 291, 0, 3, 5.60
1747803486, 0, 807, 1018, 1009, 27, 8.42%, 291, 0, 3, 5.13
1747803512, 0, 808, 1018, 1009, 27, 8.42%, 291, 0, 3, 6.70
1747803544, 0, 809, 1018, 1009, 27, 8.42%, 291, 0, 3, 4.85
1747803569, 0, 810, 1018, 1009, 27, 8.42%, 291, 0, 3, 4.67
1747803595, 0, 811, 1018, 1009, 27, 8.42%, 291, 0, 3, 6.23
1747803621, 0, 812, 1018, 1009, 27, 8.42%, 291, 0, 3, 4.80
1747803648, 0, 814, 1018, 1009, 27, 8.42%, 291, 0, 3, 5.34
1747803674, 0, 815, 1018, 1009, 27, 8.42%, 291, 0, 3, 5.05
1747803679, 0, 815, 1018, 1009, 27, 8.42%, 292, 0, 3, 4.89
1747803695, 0, 817, 1018, 1009, 27, 8.42%, 292, 0, 3, 6.94
1747803700, 0, 817, 1018, 1009, 27, 8.42%, 293, 0, 3, 7.55
1747803721, 0, 818, 1018, 1009, 27, 8.42%, 293, 0, 3, 6.19
1747803741, 0, 819, 1018, 1009, 27, 8.42%, 293, 0, 3, 5.70
1747803767, 0, 820, 1018, 1009, 27, 8.42%, 293, 0, 3, 6.69
1747803788, 0, 821, 1018, 1009, 27, 8.42%, 293, 0, 3, 6.96
1747803820, 0, 822, 1018, 1009, 27, 8.42%, 293, 0, 3, 6.43
1747803840, 0, 823, 1018, 1009, 27, 8.42%, 293, 0, 3, 4.92
1747803862, 0, 824, 1018, 1009, 27, 8.42%, 293, 0, 3, 7.15
1747803883, 0, 825, 1018, 1009, 27, 8.42%, 293, 0, 3, 7.46
1747803909, 0, 826, 1018, 1009, 27, 8.42%, 293, 0, 3, 4.79
1747803935, 0, 827, 1018, 1009, 27, 8.42%, 293, 0, 3, 6.46
1747803956, 0, 828, 1018, 1009, 27, 8.42%, 293, 0, 3, 5.88
1747803961, 0, 828, 1018, 1009, 27, 8.42%, 294, 0, 3, 5.43
1747803987, 0, 829, 1018, 1009, 27, 8.42%, 294, 0, 3, 5.96
1747804008, 0, 831, 1018, 1009, 27, 8.42%, 294, 0, 3, 6.24
1747804034, 0, 832, 1018, 1009, 27, 8.42%, 294, 0, 3, 3.39
1747804060, 0, 834, 1018, 1009, 27, 8.42%, 294, 0, 3, 1.63
1747804065, 0, 834, 1019, 1010, 27, 8.46%, 294, 0, 3, 1.67
1747804112, 0, 835, 1019, 1010, 26, 8.46%, 294, 0, 3, 6.25
1747804139, 0, 836, 1019, 1010, 26, 8.46%, 294, 0, 3, 5.57
1747804166, 0, 837, 1019, 1010, 26, 8.46%, 294, 0, 3, 5.42
1747804191, 0, 838, 1019, 1010, 26, 8.46%, 294, 0, 3, 6.73
1747804212, 0, 839, 1019, 1010, 26, 8.46%, 294, 0, 3, 7.60
1747804238, 0, 840, 1019, 1010, 26, 8.46%, 294, 0, 3, 4.78
1747804264, 0, 841, 1019, 1010, 26, 8.46%, 294, 0, 3, 5.01
1747804290, 0, 842, 1019, 1010, 26, 8.46%, 294, 0, 3, 5.28
1747804311, 0, 843, 1019, 1010, 26, 8.46%, 294, 0, 3, 10.49
1747804343, 0, 846, 1019, 1010, 26, 8.46%, 294, 0, 3, 5.57
1747804364, 0, 847, 1019, 1010, 26, 8.46%, 294, 0, 3, 6.12
1747804390, 0, 848, 1019, 1010, 26, 8.46%, 294, 0, 3, 5.57
1747804411, 0, 850, 1019, 1010, 26, 8.46%, 294, 0, 3, 6.68
1747804437, 0, 851, 1019, 1010, 26, 8.46%, 294, 0, 3, 6.09
1747804447, 0, 851, 1019, 1010, 26, 8.46%, 295, 0, 3, 10.94
1747804453, 0, 851, 1019, 1010, 26, 8.46%, 297, 0, 3, 7.60
1747804463, 0, 852, 1019, 1010, 26, 8.46%, 297, 0, 3, 5.35
1747804490, 0, 854, 1019, 1010, 26, 8.46%, 297, 0, 3, 5.69
1747804511, 0, 854, 1020, 1011, 26, 8.46%, 297, 0, 3, 5.90
1747804542, 0, 855, 1020, 1011, 26, 8.46%, 297, 0, 3, 5.42
1747804569, 0, 858, 1020, 1011, 26, 8.46%, 297, 0, 3, 5.18
1747804600, 0, 859, 1020, 1011, 26, 8.46%, 297, 0, 3, 1.47
1747804622, 0, 860, 1020, 1011, 26, 8.46%, 297, 0, 3, 5.95
1747804653, 0, 861, 1020, 1011, 26, 8.46%, 297, 0, 3, 5.09
1747804679, 0, 863, 1020, 1011, 26, 8.46%, 297, 0, 3, 5.32
1747804700, 0, 864, 1020, 1011, 26, 8.46%, 297, 0, 3, 5.49
1747804726, 0, 867, 1020, 1011, 26, 8.46%, 297, 0, 3, 6.15
1747804736, 0, 867, 1020, 1011, 26, 8.46%, 298, 0, 3, 5.54
1747804758, 0, 868, 1020, 1011, 26, 8.46%, 298, 0, 3, 5.26
1747804779, 0, 869, 1020, 1011, 26, 8.46%, 298, 0, 3, 7.00
1747804804, 0, 871, 1020, 1011, 26, 8.46%, 298, 0, 3, 7.48
1747804826, 0, 872, 1020, 1011, 26, 8.46%, 298, 0, 3, 5.35
1747804852, 0, 873, 1020, 1011, 26, 8.46%, 298, 0, 3, 4.86
1747804878, 0, 874, 1020, 1011, 26, 8.46%, 298, 0, 3, 5.88
1747804904, 0, 875, 1020, 1011, 26, 8.46%, 298, 0, 3, 5.84
1747804931, 0, 876, 1020, 1011, 26, 8.46%, 298, 0, 3, 5.25
1747804957, 0, 877, 1020, 1011, 26, 8.46%, 299, 0, 3, 5.58
1747804983, 0, 878, 1020, 1011, 26, 8.46%, 299, 0, 3, 5.08
1747805014, 0, 880, 1020, 1011, 26, 8.46%, 299, 0, 3, 5.74
1747805040, 0, 883, 1020, 1011, 26, 8.46%, 299, 0, 3, 5.86
1747805066, 0, 884, 1020, 1011, 26, 8.46%, 299, 0, 3, 5.06
1747805093, 0, 886, 1020, 1011, 26, 8.46%, 299, 0, 3, 7.00
1747805817, 0, 887, 1020, 1010, 25, 8.46%, 299, 0, 3, 11.43
1747805839, 0, 887, 1020, 1010, 25, 8.46%, 300, 0, 3, 7.26
1747805844, 0, 888, 1020, 1010, 25, 8.46%, 300, 0, 3, 6.89
1747805870, 0, 889, 1020, 1010, 25, 8.46%, 300, 0, 3, 7.74
1747805897, 0, 890, 1020, 1010, 25, 8.46%, 300, 0, 3, 5.42
1747805923, 0, 891, 1020, 1010, 25, 8.46%, 300, 0, 3, 7.04
1747805949, 0, 892, 1020, 1010, 25, 8.46%, 300, 0, 3, 5.45
1747805975, 0, 893, 1020, 1010, 25, 8.46%, 300, 0, 3, 5.18
1747806001, 0, 894, 1020, 1010, 25, 8.46%, 300, 0, 3, 6.51
1747806022, 0, 895, 1020, 1010, 25, 8.46%, 300, 0, 3, 9.38
1747806027, 0, 895, 1020, 1010, 25, 8.46%, 301, 0, 3, 9.53
1747806038, 0, 896, 1020, 1010, 25, 8.46%, 301, 0, 3, 9.94
1747806053, 0, 897, 1020, 1010, 25, 8.46%, 301, 0, 3, 9.01
1747806068, 0, 898, 1020, 1010, 25, 8.46%, 301, 0, 3, 9.22
1747806079, 0, 899, 1020, 1010, 25, 8.46%, 301, 0, 3, 9.67
1747806084, 0, 899, 1021, 1011, 25, 8.46%, 301, 0, 4, 6.90
1747806115, 0, 900, 1021, 1011, 25, 8.46%, 301, 0, 4, 8.98
1747806120, 0, 900, 1021, 1011, 25, 8.46%, 302, 0, 4, 9.74
1747806125, 0, 900, 1022, 1012, 25, 8.46%, 302, 0, 4, 6.99
1747806151, 0, 901, 1022, 1012, 25, 8.46%, 302, 0, 4, 10.30
1747806161, 0, 902, 1022, 1012, 25, 8.46%, 302, 0, 4, 9.49
1747806177, 0, 904, 1022, 1012, 25, 8.46%, 302, 0, 4, 9.48
1747806192, 0, 905, 1022, 1012, 25, 8.46%, 302, 0, 4, 9.37
1747806203, 0, 906, 1022, 1012, 25, 8.46%, 302, 0, 4, 10.54
1747806223, 0, 907, 1022, 1012, 25, 8.46%, 302, 0, 4, 8.48
1747806239, 0, 908, 1022, 1012, 25, 8.46%, 302, 0, 4, 8.39
1747806254, 0, 909, 1022, 1012, 25, 8.46%, 302, 0, 4, 9.70
1747806264, 0, 910, 1022, 1012, 25, 8.46%, 302, 0, 4, 9.56
1747806280, 0, 912, 1023, 1013, 25, 8.46%, 302, 0, 4, 8.31
1747806306, 0, 912, 1023, 1013, 25, 8.46%, 303, 0, 4, 7.97
1747806316, 0, 913, 1023, 1013, 25, 8.46%, 303, 0, 4, 9.25
1747806326, 0, 914, 1023, 1013, 25, 8.46%, 303, 0, 4, 10.37
1747806342, 0, 915, 1023, 1013, 25, 8.46%, 303, 0, 4, 9.77
1747806353, 0, 916, 1023, 1013, 25, 8.46%, 303, 0, 4, 10.31
1747806368, 0, 918, 1023, 1013, 25, 8.46%, 303, 0, 4, 9.20
1747806384, 0, 919, 1023, 1013, 25, 8.46%, 303, 0, 4, 8.36
1747806399, 0, 921, 1023, 1013, 25, 8.46%, 303, 0, 4, 10.96
1747806415, 0, 922, 1023, 1013, 25, 8.46%, 303, 0, 4, 8.69
1747806430, 0, 924, 1023, 1013, 25, 8.46%, 303, 0, 4, 9.35
1747806440, 0, 925, 1023, 1013, 25, 8.46%, 303, 0, 4, 9.43
1747806456, 0, 926, 1023, 1013, 25, 8.46%, 303, 0, 4, 9.14
1747806472, 0, 927, 1023, 1013, 25, 8.46%, 303, 0, 4, 9.83
1747806487, 0, 930, 1023, 1013, 25, 8.46%, 303, 0, 4, 8.63
1747806497, 0, 931, 1023, 1013, 25, 8.46%, 303, 0, 4, 10.69
1747806513, 0, 934, 1023, 1013, 25, 8.46%, 303, 0, 4, 10.09
1747806528, 0, 936, 1023, 1013, 25, 8.46%, 303, 0, 4, 10.12
1747806538, 0, 937, 1023, 1013, 25, 8.46%, 303, 0, 4, 10.15
1747806554, 0, 938, 1023, 1013, 25, 8.46%, 303, 0, 4, 8.87
1747806569, 0, 939, 1023, 1013, 25, 8.46%, 303, 0, 4, 9.09
1747806574, 0, 939, 1023, 1013, 25, 8.46%, 304, 0, 4, 8.04
1747806585, 0, 940, 1023, 1013, 25, 8.46%, 304, 0, 4, 9.95
1747806600, 0, 942, 1023, 1013, 25, 8.46%, 304, 0, 4, 9.83
1747806615, 0, 943, 1023, 1013, 25, 8.46%, 304, 0, 4, 9.49
1747806631, 0, 944, 1023, 1013, 25, 8.46%, 304, 0, 4, 2.52
1747806646, 0, 944, 1023, 1013, 25, 8.46%, 305, 0, 4, 2.77
1747806657, 0, 947, 1023, 1013, 25, 8.46%, 305, 0, 4, 5.62
1747806683, 0, 948, 1023, 1013, 25, 8.46%, 305, 0, 4, 4.52
1747806715, 0, 950, 1023, 1013, 25, 8.46%, 305, 0, 4, 4.95
1747806740, 0, 951, 1023, 1013, 25, 8.46%, 305, 0, 4, 5.68
1747806756, 0, 953, 1023, 1013, 25, 8.46%, 305, 0, 4, 11.12
1747806771, 0, 955, 1023, 1013, 25, 8.46%, 305, 0, 4, 5.54
1747806787, 0, 956, 1023, 1013, 25, 8.46%, 305, 0, 4, 8.40
1747806803, 0, 957, 1023, 1013, 25, 8.46%, 305, 0, 4, 5.51
1747806829, 0, 958, 1023, 1013, 25, 8.46%, 305, 0, 4, 5.79
1747806855, 0, 960, 1023, 1013, 25, 8.46%, 305, 0, 4, 3.73
1747806882, 0, 962, 1023, 1013, 25, 8.46%, 305, 0, 4, 5.41
1747806902, 0, 963, 1023, 1013, 25, 8.46%, 305, 0, 4, 6.79
1747806913, 0, 963, 1023, 1013, 25, 8.46%, 306, 0, 4, 6.12
1747806928, 0, 964, 1023, 1013, 25, 8.46%, 306, 0, 4, 5.29
1747806954, 0, 966, 1023, 1013, 25, 8.46%, 306, 0, 4, 5.75
1747806980, 0, 967, 1023, 1013, 25, 8.46%, 306, 0, 4, 5.05
1747807006, 0, 971, 1023, 1013, 25, 8.46%, 306, 0, 4, 7.99
1747807021, 0, 972, 1023, 1013, 25, 8.46%, 306, 0, 4, 9.01
1747807037, 0, 973, 1023, 1013, 25, 8.46%, 306, 0, 4, 8.44
1747807042, 0, 973, 1024, 1014, 25, 8.46%, 306, 0, 4, 6.42
1747807067, 0, 974, 1024, 1014, 25, 8.46%, 306, 0, 4, 8.45
1747807078, 0, 975, 1024, 1014, 25, 8.46%, 306, 0, 4, 10.27
1747807093, 0, 976, 1024, 1014, 25, 8.46%, 306, 0, 4, 7.73
1747807109, 0, 977, 1024, 1014, 25, 8.46%, 306, 0, 4, 9.34
1747807124, 0, 978, 1024, 1014, 25, 8.46%, 306, 0, 4, 8.68
1747807139, 0, 981, 1024, 1014, 25, 8.46%, 306, 0, 4, 9.45
1747807155, 0, 982, 1024, 1014, 25, 8.46%, 306, 0, 4, 9.16
1747807165, 0, 983, 1024, 1014, 25, 8.46%, 306, 0, 4, 11.11
1747807181, 0, 984, 1024, 1014, 25, 8.46%, 306, 0, 4, 7.93
1747807196, 0, 985, 1024, 1014, 25, 8.46%, 306, 0, 4, 11.32
1747807211, 0, 986, 1024, 1014, 25, 8.46%, 306, 0, 4, 8.82
1747807227, 0, 987, 1024, 1014, 25, 8.46%, 306, 0, 4, 7.52
1747807243, 0, 988, 1024, 1014, 25, 8.46%, 307, 0, 4, 8.87
1747807253, 0, 989, 1024, 1014, 25, 8.46%, 307, 0, 4, 9.87
1747807269, 0, 990, 1024, 1014, 25, 8.46%, 307, 0, 4, 8.51
1747807284, 0, 991, 1024, 1014, 25, 8.46%, 307, 0, 4, 8.98
1747807300, 0, 992, 1024, 1014, 25, 8.46%, 308, 0, 4, 9.35
1747807315, 0, 993, 1024, 1014, 25, 8.46%, 308, 0, 4, 10.24
1747807330, 0, 994, 1024, 1014, 25, 8.46%, 308, 0, 4, 7.58
1747807345, 0, 995, 1024, 1014, 25, 8.46%, 308, 0, 4, 10.13
1747807356, 0, 996, 1024, 1014, 25, 8.46%, 308, 0, 4, 8.65
1747807371, 0, 998, 1024, 1014, 25, 8.46%, 308, 0, 4, 8.03
1747807386, 0, 999, 1024, 1014, 25, 8.46%, 308, 0, 4, 7.92
1747807402, 0, 1000, 1024, 1014, 25, 8.46%, 308, 0, 4, 8.05
1747807417, 0, 1001, 1024, 1014, 25, 8.46%, 308, 0, 4, 9.66
1747807433, 0, 1002, 1024, 1014, 25, 8.46%, 308, 0, 4, 11.02
1747807443, 0, 1003, 1024, 1014, 25, 8.46%, 308, 0, 4, 10.71
1747807459, 0, 1004, 1024, 1014, 25, 8.46%, 308, 0, 4, 9.36
1747807475, 0, 1005, 1024, 1014, 25, 8.46%, 308, 0, 4, 9.91
1747807490, 0, 1006, 1024, 1014, 25, 8.46%, 308, 0, 4, 10.24
1747807501, 0, 1007, 1024, 1014, 25, 8.46%, 308, 0, 4, 11.58
1747807516, 0, 1008, 1024, 1014, 25, 8.46%, 308, 0, 4, 9.54
1747807527, 0, 1009, 1024, 1014, 25, 8.46%, 308, 0, 4, 10.51
1747807542, 0, 1010, 1024, 1014, 25, 8.46%, 308, 0, 4, 11.33
1747807558, 0, 1011, 1024, 1014, 25, 8.46%, 308, 0, 4, 9.08
1747807574, 0, 1012, 1024, 1014, 25, 8.46%, 308, 0, 4, 8.13
1747807589, 0, 1013, 1024, 1014, 25, 8.46%, 308, 0, 4, 9.55
1747807599, 0, 1015, 1024, 1014, 25, 8.46%, 308, 0, 4, 8.99
1747807615, 0, 1017, 1024, 1014, 25, 8.46%, 308, 0, 4, 8.63
1747807636, 0, 1018, 1024, 1014, 25, 8.46%, 308, 0, 4, 7.67
1747807646, 0, 1019, 1024, 1014, 25, 8.46%, 308, 0, 4, 9.42
1747807662, 0, 1020, 1024, 1014, 25, 8.46%, 308, 0, 4, 10.37
1747807678, 0, 1021, 1024, 1014, 25, 8.46%, 308, 0, 4, 6.34
1747807704, 0, 1022, 1024, 1014, 25, 8.46%, 308, 0, 4, 4.10
1747807821, 0, 1022, 1024, 1014, 25, 8.46%, 309, 0, 4, 2.11
1747807879, 0, 1022, 1024, 1014, 25, 8.46%, 310, 0, 4, 1.45
1747807917, 0, 1022, 1024, 1014, 25, 8.46%, 311, 0, 4, 1.52
1747807949, 0, 1022, 1024, 1014, 25, 8.46%, 312, 0, 4, 1.41
1747807965, 0, 1022, 1024, 1014, 25, 8.46%, 313, 0, 4, 1.35
1747808070, 0, 1022, 1024, 1014, 25, 8.46%, 314, 0, 4, 3.20
1747808096, 0, 1022, 1024, 1014, 25, 8.46%, 315, 0, 4, 2.33
1747808235, 0, 1022, 1024, 1014, 25, 8.46%, 316, 0, 4, 1.45
1747808251, 0, 1022, 1024, 1014, 25, 8.46%, 318, 0, 4, 1.43
1747808319, 0, 1022, 1024, 1014, 25, 8.46%, 319, 0, 4, 1.33
1747808483, 0, 1022, 1024, 1014, 25, 8.46%, 320, 0, 4, 1.51
1747808541, 0, 1022, 1024, 1014, 25, 8.46%, 321, 0, 4, 1.43
1747808567, 0, 1022, 1024, 1014, 25, 8.46%, 322, 0, 4, 2.23
1747808609, 0, 1022, 1025, 1015, 25, 8.46%, 322, 0, 5, 2.49
1747808832, 0, 1022, 1025, 1015, 25, 8.46%, 323, 0, 5, 4.67
1747808848, 0, 1022, 1025, 1015, 25, 8.46%, 324, 0, 5, 4.59
1747808853, 0, 1022, 1025, 1015, 25, 8.46%, 325, 0, 5, 4.71
1747808884, 0, 1022, 1025, 1015, 25, 8.46%, 326, 0, 5, 3.36
1747808915, 0, 1022, 1026, 1016, 25, 8.46%, 326, 0, 5, 3.73
1747809385, 0, 1022, 1026, 1016, 25, 8.46%, 327, 0, 5, 1.42
1747809797, 0, 1022, 1026, 1016, 25, 8.46%, 328, 0, 5, 1.39
1747809854, 0, 1022, 1026, 1016, 25, 8.46%, 329, 0, 5, 1.46
1747809925, 0, 1022, 1026, 1016, 25, 8.46%, 330, 0, 5, 1.34
1747809930, 0, 1022, 1026, 1016, 25, 8.46%, 331, 0, 5, 1.32
1747809941, 0, 1022, 1026, 1016, 25, 8.46%, 332, 0, 5, 1.33
1747810106, 0, 1022, 1026, 1016, 25, 8.46%, 333, 0, 5, 2.23
1747810191, 0, 1022, 1026, 1016, 25, 8.46%, 334, 0, 5, 2.21
1747810689, 0, 1022, 1026, 1016, 25, 8.46%, 335, 0, 5, 2.51
1747810695, 0, 1022, 1026, 1016, 25, 8.46%, 336, 0, 5, 2.45
1747810973, 0, 1022, 1026, 1016, 25, 8.46%, 337, 0, 5, 2.77
1747811403, 0, 1022, 1026, 1016, 25, 8.46%, 338, 0, 5, 1.48
1747811734, 0, 1022, 1027, 1017, 25, 8.46%, 338, 0, 5, 1.32
1747811777, 0, 1022, 1028, 1018, 25, 8.46%, 338, 0, 5, 1.32
1747811798, 0, 1022, 1029, 1019, 25, 8.46%, 338, 0, 5, 1.33
1747812959, 0, 1022, 1029, 1019, 25, 8.46%, 339, 0, 5, 1.31
1747813332, 0, 1023, 1029, 1018, 24, 8.46%, 339, 0, 5, 5.48
1747813358, 0, 1025, 1029, 1018, 24, 8.46%, 339, 0, 5, 5.56
1747813380, 0, 1026, 1029, 1018, 24, 8.46%, 339, 0, 5, 6.35
1747813405, 0, 1027, 1029, 1018, 24, 8.46%, 339, 0, 5, 7.75
1747813432, 0, 1028, 1029, 1018, 24, 8.46%, 339, 0, 5, 4.99
1747813458, 1, 0, 1029, 1018, 24, 8.46%, 339, 0, 5, 6.60
1747813484, 1, 3, 1029, 1018, 24, 8.46%, 339, 0, 5, 5.39
1747813510, 1, 4, 1029, 1018, 24, 8.46%, 339, 0, 5, 6.42
1747813536, 1, 5, 1029, 1018, 24, 8.46%, 339, 0, 5, 4.45
1747813561, 1, 6, 1029, 1018, 24, 8.46%, 339, 0, 5, 4.84
1747813588, 1, 7, 1029, 1018, 24, 8.46%, 339, 0, 5, 5.80
1747813608, 1, 8, 1029, 1018, 24, 8.46%, 339, 0, 5, 7.27
1747813629, 1, 9, 1029, 1018, 24, 8.46%, 339, 0, 5, 5.84
1747813655, 1, 10, 1029, 1018, 24, 8.46%, 339, 0, 5, 6.07
1747813682, 1, 12, 1029, 1018, 24, 8.46%, 339, 0, 5, 5.85
1747813707, 1, 14, 1029, 1018, 24, 8.46%, 339, 0, 5, 5.68
1747813739, 1, 15, 1029, 1018, 24, 8.46%, 339, 0, 5, 5.45
1747813760, 1, 16, 1029, 1018, 24, 8.46%, 339, 0, 5, 4.41
1747813765, 1, 16, 1029, 1018, 24, 8.46%, 340, 0, 5, 5.19
1747813786, 1, 17, 1029, 1018, 24, 8.46%, 340, 0, 5, 6.06
1747813812, 1, 18, 1029, 1018, 24, 8.46%, 340, 0, 5, 5.17
1747813838, 1, 19, 1029, 1018, 24, 8.46%, 340, 0, 5, 8.10
1747813854, 1, 21, 1029, 1018, 24, 8.46%, 340, 0, 5, 7.99
1747813869, 1, 22, 1029, 1018, 24, 8.46%, 340, 0, 5, 10.60
1747813885, 1, 23, 1029, 1018, 24, 8.46%, 340, 0, 5, 7.91
1747813900, 1, 24, 1029, 1018, 24, 8.46%, 340, 0, 5, 9.14
1747813916, 1, 25, 1029, 1018, 24, 8.46%, 340, 0, 5, 9.30
1747813931, 1, 28, 1029, 1018, 24, 8.46%, 340, 0, 5, 9.36
1747813941, 1, 29, 1029, 1018, 24, 8.46%, 340, 0, 5, 10.17
1747813957, 1, 30, 1029, 1018, 24, 8.46%, 340, 0, 5, 10.81
1747813967, 1, 31, 1029, 1018, 24, 8.46%, 340, 0, 5, 8.75
1747813982, 1, 32, 1029, 1018, 24, 8.46%, 340, 0, 5, 10.01
1747813998, 1, 33, 1029, 1018, 24, 8.46%, 340, 0, 5, 8.77
1747814009, 1, 34, 1029, 1018, 24, 8.46%, 340, 0, 5, 10.18
1747814024, 1, 35, 1029, 1018, 24, 8.46%, 340, 0, 5, 9.91
1747814039, 1, 36, 1029, 1018, 24, 8.46%, 340, 0, 5, 11.19
1747814055, 1, 37, 1029, 1018, 24, 8.46%, 340, 0, 5, 9.97
1747814066, 1, 38, 1029, 1018, 24, 8.46%, 340, 0, 5, 9.04
1747814081, 1, 40, 1029, 1018, 24, 8.46%, 340, 0, 5, 10.78
1747814091, 1, 40, 1030, 1019, 24, 8.46%, 340, 0, 5, 6.94
1747814096, 1, 40, 1030, 1019, 24, 8.46%, 341, 0, 5, 6.25
1747814117, 1, 41, 1030, 1019, 24, 8.46%, 341, 0, 5, 9.23
1747814132, 1, 42, 1030, 1019, 24, 8.46%, 341, 0, 5, 7.81
1747814148, 1, 45, 1030, 1019, 24, 8.46%, 341, 0, 5, 8.65
1747814163, 1, 46, 1030, 1019, 24, 8.46%, 341, 0, 5, 10.02
1747814173, 1, 47, 1030, 1019, 24, 8.46%, 341, 0, 5, 10.71
1747814194, 1, 49, 1030, 1019, 24, 8.46%, 341, 0, 5, 8.47
1747814205, 1, 50, 1030, 1019, 24, 8.46%, 341, 0, 5, 8.30
1747814220, 1, 51, 1030, 1019, 24, 8.46%, 341, 0, 5, 9.65
1747814236, 1, 52, 1030, 1019, 24, 8.46%, 341, 0, 5, 7.99
1747814256, 1, 53, 1030, 1019, 24, 8.46%, 341, 0, 5, 7.91
1747814267, 1, 56, 1030, 1019, 24, 8.46%, 341, 0, 5, 10.61
1747814282, 1, 57, 1030, 1019, 24, 8.46%, 341, 0, 5, 8.87
1747814298, 1, 59, 1030, 1019, 24, 8.46%, 341, 0, 5, 9.51
1747814303, 1, 59, 1031, 1020, 24, 8.46%, 341, 0, 5, 9.04
1747814323, 1, 59, 1032, 1021, 24, 8.46%, 341, 0, 5, 8.87
1747814360, 1, 60, 1032, 1021, 23, 8.46%, 341, 0, 5, 10.28
1747814375, 1, 61, 1032, 1021, 23, 8.46%, 341, 0, 5, 8.46
1747814391, 1, 62, 1032, 1021, 23, 8.46%, 341, 0, 5, 9.40
1747814406, 1, 65, 1032, 1021, 23, 8.46%, 341, 0, 5, 8.82
1747814428, 1, 67, 1032, 1021, 23, 8.46%, 341, 0, 5, 3.55
1747814454, 1, 68, 1032, 1021, 23, 8.46%, 341, 0, 5, 5.22
1747814480, 1, 69, 1032, 1021, 23, 8.46%, 341, 0, 5, 6.72
1747814507, 1, 70, 1032, 1021, 23, 8.46%, 341, 0, 5, 5.13
1747814533, 1, 71, 1032, 1021, 23, 8.46%, 341, 0, 5, 5.64
1747814558, 1, 72, 1032, 1021, 23, 8.46%, 341, 0, 5, 6.98
1747814584, 1, 73, 1032, 1021, 23, 8.46%, 341, 0, 5, 6.10
1747814611, 1, 74, 1032, 1021, 23, 8.46%, 341, 0, 5, 5.25
1747814637, 1, 75, 1032, 1021, 23, 8.46%, 341, 0, 5, 6.11
1747814658, 1, 76, 1032, 1021, 23, 8.46%, 341, 0, 5, 5.84
1747814684, 1, 78, 1032, 1021, 23, 8.46%, 341, 0, 5, 6.08
1747814716, 1, 79, 1032, 1021, 23, 8.46%, 341, 0, 5, 5.90
1747814742, 1, 80, 1032, 1021, 23, 8.46%, 341, 0, 5, 5.10
1747814773, 1, 81, 1032, 1021, 23, 8.46%, 341, 0, 5, 5.18
1747814799, 1, 83, 1032, 1021, 23, 8.46%, 341, 0, 5, 6.04
1747814820, 1, 84, 1032, 1021, 23, 8.46%, 341, 0, 5, 6.09
1747814846, 1, 85, 1032, 1021, 23, 8.46%, 341, 0, 5, 5.43
1747814872, 1, 86, 1032, 1021, 23, 8.46%, 341, 0, 5, 5.66
1747814898, 1, 87, 1032, 1021, 23, 8.46%, 341, 0, 5, 5.88
1747814923, 1, 88, 1032, 1021, 23, 8.46%, 341, 0, 5, 5.29
1747814949, 1, 89, 1032, 1021, 23, 8.46%, 341, 0, 5, 4.95
1747814980, 1, 90, 1032, 1021, 23, 8.46%, 341, 0, 5, 5.74
1747815000, 1, 91, 1032, 1021, 23, 8.46%, 341, 0, 5, 4.49
1747815021, 1, 92, 1032, 1021, 23, 8.46%, 341, 0, 5, 6.67
1747815048, 1, 93, 1032, 1021, 23, 8.46%, 341, 0, 5, 7.00
1747815069, 1, 94, 1032, 1021, 23, 8.46%, 341, 0, 5, 4.38
1747815100, 1, 97, 1032, 1021, 23, 8.46%, 341, 0, 5, 6.52
1747815126, 1, 98, 1032, 1021, 23, 8.46%, 341, 0, 5, 5.31
1747815152, 1, 99, 1032, 1021, 23, 8.46%, 341, 0, 5, 4.94
1747815178, 1, 100, 1032, 1021, 23, 8.46%, 341, 0, 5, 6.26
1747815205, 1, 101, 1032, 1021, 23, 8.46%, 341, 0, 5, 6.85
1747815231, 1, 102, 1032, 1021, 23, 8.46%, 341, 0, 5, 4.78
1747815263, 1, 103, 1032, 1021, 23, 8.46%, 341, 0, 5, 5.47
1747815283, 1, 105, 1032, 1021, 23, 8.46%, 341, 0, 5, 5.41
1747815310, 1, 106, 1032, 1021, 23, 8.46%, 341, 0, 5, 6.24
1747815336, 1, 107, 1032, 1021, 23, 8.46%, 341, 0, 5, 2.12
1747815358, 1, 108, 1032, 1021, 23, 8.46%, 341, 0, 5, 6.39
1747815389, 1, 109, 1032, 1021, 23, 8.46%, 341, 0, 5, 4.67
1747815415, 1, 111, 1032, 1021, 23, 8.46%, 341, 0, 5, 5.68
1747815437, 1, 112, 1032, 1021, 23, 8.46%, 341, 0, 5, 5.80
1747815468, 1, 114, 1032, 1021, 23, 8.46%, 341, 0, 5, 5.22
1747815494, 1, 115, 1032, 1021, 23, 8.46%, 341, 0, 5, 5.95
1747815520, 1, 118, 1032, 1021, 23, 8.46%, 341, 0, 5, 5.08
1747815546, 1, 119, 1032, 1021, 23, 8.46%, 341, 0, 5, 5.44
1747815578, 1, 120, 1032, 1021, 23, 8.46%, 341, 0, 5, 3.78
1747815599, 1, 120, 1032, 1021, 23, 8.46%, 342, 0, 5, 5.03
1747815604, 1, 121, 1032, 1021, 23, 8.46%, 342, 0, 5, 5.85
1747815635, 1, 122, 1032, 1021, 23, 8.46%, 342, 0, 5, 6.17
1747815655, 1, 123, 1032, 1021, 23, 8.46%, 342, 0, 5, 5.87
1747815681, 1, 124, 1032, 1021, 23, 8.46%, 342, 0, 5, 4.78
1747815708, 1, 126, 1032, 1021, 23, 8.46%, 342, 0, 5, 5.93
1747815734, 1, 128, 1032, 1021, 23, 8.46%, 342, 0, 5, 5.53
1747815766, 1, 129, 1032, 1021, 23, 8.46%, 342, 0, 5, 4.72
1747815792, 1, 131, 1032, 1021, 23, 8.46%, 342, 0, 5, 4.90
1747815819, 1, 132, 1032, 1021, 23, 8.46%, 342, 0, 5, 6.29
1747815839, 1, 133, 1032, 1021, 23, 8.46%, 342, 0, 5, 6.63
1747815865, 1, 134, 1032, 1021, 23, 8.46%, 342, 0, 5, 5.43
1747815888, 1, 135, 1032, 1021, 23, 8.46%, 342, 0, 5, 6.04
1747815898, 1, 135, 1032, 1021, 23, 8.46%, 343, 0, 5, 5.51
1747815914, 1, 137, 1032, 1021, 23, 8.46%, 343, 0, 5, 5.65
1747815939, 1, 138, 1032, 1021, 23, 8.46%, 343, 0, 5, 6.17
1747815966, 1, 140, 1032, 1021, 23, 8.46%, 343, 0, 5, 6.39
1747815992, 1, 144, 1032, 1021, 23, 8.46%, 343, 0, 5, 6.35
1747816019, 1, 145, 1032, 1021, 23, 8.46%, 343, 0, 5, 5.54
1747816045, 1, 147, 1032, 1021, 23, 8.46%, 343, 0, 5, 6.70
1747816067, 1, 148, 1032, 1021, 23, 8.46%, 343, 0, 5, 6.26
1747816092, 1, 151, 1032, 1021, 23, 8.46%, 343, 0, 5, 5.32
1747816119, 1, 152, 1032, 1021, 23, 8.46%, 343, 0, 5, 4.58
1747816144, 1, 154, 1032, 1021, 23, 8.46%, 343, 0, 5, 6.21
1747816170, 1, 155, 1032, 1021, 23, 8.46%, 343, 0, 5, 5.68
1747816196, 1, 156, 1032, 1021, 23, 8.46%, 343, 0, 5, 6.18
1747816212, 1, 156, 1032, 1021, 23, 8.46%, 344, 0, 5, 5.87
1747816223, 1, 159, 1032, 1021, 23, 8.46%, 344, 0, 5, 6.58
1747816243, 1, 161, 1032, 1021, 23, 8.46%, 344, 0, 5, 5.93
1747816274, 1, 162, 1032, 1021, 23, 8.46%, 344, 0, 5, 5.87
1747816300, 1, 163, 1032, 1021, 23, 8.46%, 344, 0, 5, 5.60
1747816320, 1, 164, 1032, 1021, 23, 8.46%, 344, 0, 5, 6.49
1747816347, 1, 165, 1032, 1021, 23, 8.46%, 344, 0, 5, 5.39
1747816373, 1, 169, 1032, 1021, 23, 8.46%, 344, 0, 5, 5.55
1747816399, 1, 170, 1032, 1021, 23, 8.46%, 344, 0, 5, 3.08
1747816426, 1, 171, 1032, 1021, 23, 8.46%, 344, 0, 5, 7.06
1747816452, 1, 172, 1032, 1021, 23, 8.46%, 344, 0, 5, 5.16
1747816473, 1, 173, 1032, 1021, 23, 8.46%, 344, 0, 5, 9.36
1747816500, 1, 175, 1032, 1021, 23, 8.46%, 344, 0, 5, 4.49
1747816533, 1, 176, 1032, 1021, 23, 8.46%, 344, 0, 5, 5.32
1747816553, 1, 178, 1032, 1021, 23, 8.46%, 344, 0, 5, 6.14
1747816580, 1, 180, 1032, 1021, 23, 8.46%, 344, 0, 5, 4.89
1747816606, 1, 181, 1032, 1021, 23, 8.46%, 344, 0, 5, 4.83
1747816637, 1, 182, 1032, 1021, 23, 8.46%, 344, 0, 5, 5.52
1747816663, 1, 183, 1032, 1021, 23, 8.46%, 344, 0, 5, 5.14
1747816695, 1, 184, 1032, 1021, 23, 8.46%, 344, 0, 5, 5.67
1747816721, 1, 185, 1032, 1021, 23, 8.46%, 344, 0, 5, 5.50
1747816748, 1, 186, 1032, 1021, 23, 8.46%, 344, 0, 5, 5.27
1747816753, 1, 186, 1033, 1022, 23, 8.46%, 344, 0, 5, 3.84
1747816763, 1, 186, 1034, 1023, 23, 8.46%, 344, 0, 5, 6.17
1747816842, 1, 187, 1034, 1023, 23, 8.46%, 344, 0, 5, 6.79
1747816868, 1, 188, 1034, 1023, 23, 8.46%, 344, 0, 5, 4.79
1747816899, 1, 189, 1034, 1023, 23, 8.46%, 344, 0, 5, 5.33
1747816925, 1, 191, 1034, 1023, 23, 8.46%, 344, 0, 5, 4.04
1747816956, 1, 193, 1034, 1023, 23, 8.46%, 344, 0, 5, 4.92
1747816983, 1, 194, 1034, 1023, 23, 8.46%, 344, 0, 5, 5.38
1747817003, 1, 195, 1034, 1023, 23, 8.46%, 344, 0, 5, 5.71
1747817030, 1, 198, 1034, 1023, 23, 8.46%, 344, 0, 5, 6.21
1747817051, 1, 198, 1034, 1023, 23, 8.46%, 345, 0, 5, 6.82
1747817057, 1, 199, 1034, 1023, 23, 8.46%, 345, 0, 5, 5.78
1747817077, 1, 200, 1034, 1023, 23, 8.46%, 345, 0, 5, 6.69
1747817103, 1, 201, 1034, 1023, 23, 8.46%, 345, 0, 5, 7.54
1747817129, 1, 202, 1034, 1023, 23, 8.46%, 345, 0, 5, 5.79
1747817155, 1, 204, 1034, 1023, 23, 8.46%, 345, 0, 5, 5.20
1747817181, 1, 205, 1034, 1023, 23, 8.46%, 345, 0, 5, 5.36
1747817207, 1, 206, 1034, 1023, 23, 8.46%, 345, 0, 5, 5.67
1747817233, 1, 207, 1034, 1023, 23, 8.46%, 345, 0, 5, 7.01
1747817260, 1, 208, 1034, 1023, 23, 8.46%, 345, 0, 5, 5.36
1747817286, 1, 210, 1034, 1023, 23, 8.46%, 345, 0, 5, 5.52
1747817313, 1, 211, 1034, 1023, 23, 8.46%, 345, 0, 5, 6.80
1747817339, 1, 213, 1034, 1023, 23, 8.46%, 345, 0, 5, 4.85
1747817367, 1, 215, 1034, 1023, 23, 8.46%, 345, 0, 5, 5.91
1747817388, 1, 216, 1034, 1023, 23, 8.46%, 345, 0, 5, 5.90
1747817409, 1, 216, 1034, 1023, 23, 8.46%, 346, 0, 5, 5.89
1747817414, 1, 218, 1034, 1023, 23, 8.46%, 346, 0, 5, 5.57
1747817441, 1, 220, 1034, 1023, 23, 8.46%, 346, 0, 5, 6.91
1747817461, 1, 221, 1034, 1023, 23, 8.46%, 346, 0, 5, 6.07
