# unix_time, cycles_done, cur_path, paths_total, pending_total, pending_favs, map_size, unique_crashes, unique_hangs, max_depth, execs_per_sec
1747774285, 0, 0, 1, 1, 1, 5.62%, 0, 0, 1, 29.63
1747774290, 0, 0, 17, 17, 1, 6.36%, 0, 0, 2, 29.00
1747774295, 0, 0, 34, 34, 1, 6.36%, 0, 0, 2, 29.67
1747774300, 0, 0, 51, 51, 1, 6.36%, 0, 0, 2, 30.31
1747774305, 0, 0, 69, 69, 1, 6.36%, 0, 0, 2, 30.57
1747774310, 0, 0, 84, 84, 1, 6.63%, 0, 0, 2, 26.29
1747774315, 0, 0, 92, 92, 1, 6.66%, 0, 0, 2, 18.07
1747774320, 0, 0, 99, 99, 1, 6.74%, 0, 0, 2, 13.62
1747774325, 0, 0, 107, 107, 1, 6.74%, 0, 0, 2, 15.29
1747774331, 0, 0, 114, 114, 1, 6.86%, 0, 0, 2, 14.20
1747774336, 0, 0, 122, 122, 1, 6.86%, 0, 0, 2, 14.60
1747774341, 0, 0, 132, 132, 1, 6.86%, 0, 0, 2, 18.17
1747774346, 0, 0, 139, 139, 1, 6.86%, 0, 0, 2, 15.64
1747774351, 0, 0, 147, 147, 1, 6.86%, 0, 0, 2, 16.80
1747774356, 0, 0, 154, 154, 1, 7.04%, 0, 0, 2, 13.23
1747774361, 0, 0, 161, 161, 1, 7.04%, 0, 0, 2, 15.40
1747774366, 0, 0, 169, 169, 1, 7.04%, 0, 0, 2, 14.78
1747774371, 0, 0, 175, 175, 1, 7.06%, 0, 0, 2, 12.55
1747774376, 0, 0, 181, 181, 1, 7.06%, 0, 0, 2, 13.13
1747774381, 0, 0, 187, 187, 1, 7.06%, 0, 0, 2, 11.28
1747774387, 0, 0, 194, 194, 1, 7.06%, 0, 0, 2, 14.10
1747774392, 0, 0, 201, 201, 1, 7.06%, 0, 0, 2, 14.69
1747774397, 0, 0, 207, 207, 1, 7.06%, 0, 0, 2, 11.16
1747774402, 0, 0, 213, 213, 1, 7.06%, 0, 0, 2, 13.04
1747774407, 0, 0, 221, 221, 1, 7.06%, 0, 0, 2, 14.99
1747774412, 0, 0, 229, 229, 1, 7.06%, 0, 0, 2, 14.64
1747774417, 0, 0, 233, 233, 1, 7.06%, 0, 0, 2, 9.83
1747774422, 0, 0, 241, 241, 1, 7.06%, 0, 0, 2, 12.95
1747774427, 0, 0, 248, 248, 1, 7.06%, 0, 0, 2, 13.71
1747774432, 0, 0, 254, 254, 1, 7.06%, 0, 0, 2, 13.24
1747774438, 0, 0, 260, 260, 1, 7.06%, 0, 0, 2, 14.08
1747774443, 0, 0, 267, 267, 1, 7.06%, 0, 0, 2, 15.34
1747774448, 0, 0, 274, 274, 1, 7.06%, 0, 0, 2, 14.64
1747774453, 0, 0, 280, 280, 1, 7.06%, 0, 0, 2, 12.49
1747774458, 0, 0, 285, 285, 1, 7.06%, 0, 0, 2, 13.28
1747774463, 0, 0, 292, 292, 1, 7.07%, 0, 0, 2, 13.94
1747774468, 0, 0, 300, 300, 1, 7.07%, 0, 0, 2, 15.31
1747774473, 0, 0, 308, 308, 1, 7.07%, 0, 0, 2, 15.93
1747774479, 0, 0, 314, 314, 1, 7.07%, 0, 0, 2, 13.40
1747774484, 0, 0, 321, 321, 1, 7.07%, 0, 0, 2, 14.41
1747774489, 0, 0, 327, 327, 1, 7.07%, 0, 0, 2, 13.49
1747774494, 0, 0, 334, 334, 1, 7.07%, 0, 0, 2, 13.78
1747774499, 0, 0, 339, 339, 1, 7.07%, 0, 0, 2, 12.68
1747774504, 0, 0, 346, 346, 1, 7.07%, 0, 0, 2, 14.62
1747774509, 0, 0, 353, 353, 1, 7.07%, 0, 0, 2, 12.82
1747774514, 0, 0, 362, 362, 1, 7.07%, 0, 0, 2, 18.57
1747774519, 0, 0, 371, 371, 1, 7.07%, 0, 0, 2, 20.87
1747774524, 0, 0, 383, 383, 1, 7.07%, 0, 0, 2, 25.83
1747774530, 0, 0, 392, 392, 1, 7.08%, 0, 0, 2, 21.78
1747774535, 0, 0, 401, 401, 1, 7.08%, 0, 0, 2, 24.53
1747774540, 0, 0, 408, 408, 1, 7.08%, 0, 0, 2, 22.59
1747774545, 0, 0, 418, 418, 1, 7.21%, 0, 0, 2, 23.66
1747774550, 0, 0, 425, 425, 1, 7.33%, 0, 0, 2, 23.60
1747774555, 0, 0, 432, 432, 1, 7.36%, 0, 0, 2, 20.90
1747774560, 0, 0, 441, 441, 1, 7.36%, 0, 0, 2, 21.83
1747774565, 0, 0, 446, 446, 1, 7.36%, 0, 0, 2, 19.30
1747774570, 0, 0, 456, 456, 1, 7.36%, 0, 0, 2, 24.64
1747774575, 0, 0, 463, 463, 1, 7.36%, 0, 0, 2, 26.42
1747774581, 0, 0, 471, 471, 1, 7.36%, 0, 0, 2, 23.19
1747774586, 0, 0, 479, 479, 1, 7.37%, 0, 0, 2, 22.79
1747774591, 0, 0, 487, 487, 1, 7.37%, 0, 0, 2, 20.32
1747774596, 0, 0, 494, 494, 1, 7.37%, 0, 0, 2, 20.80
1747774601, 0, 0, 503, 503, 1, 7.37%, 0, 0, 2, 24.06
1747774606, 0, 0, 508, 508, 1, 7.37%, 0, 0, 2, 21.89
1747774611, 0, 0, 516, 516, 1, 7.37%, 0, 0, 2, 24.25
1747774616, 0, 0, 524, 524, 1, 7.43%, 0, 0, 2, 25.66
1747774621, 0, 0, 531, 531, 1, 7.43%, 0, 0, 2, 23.65
1747774627, 0, 0, 538, 538, 1, 7.43%, 0, 0, 2, 23.67
1747774632, 0, 0, 544, 544, 1, 7.43%, 0, 0, 2, 27.04
1747774637, 0, 0, 550, 550, 1, 7.43%, 0, 0, 2, 27.75
1747774642, 0, 0, 553, 553, 1, 7.43%, 0, 0, 2, 26.43
1747774647, 0, 0, 558, 558, 1, 7.44%, 0, 0, 2, 21.62
1747774652, 0, 0, 560, 560, 1, 7.44%, 0, 0, 2, 25.54
1747774657, 0, 0, 564, 564, 1, 7.44%, 0, 0, 2, 25.85
1747774662, 0, 0, 569, 569, 1, 7.44%, 0, 0, 2, 21.52
1747774668, 0, 0, 574, 574, 1, 7.44%, 0, 0, 2, 25.66
1747774673, 0, 0, 576, 576, 1, 7.44%, 0, 0, 2, 27.14
1747774678, 0, 0, 581, 581, 1, 7.44%, 0, 0, 2, 24.58
1747774683, 0, 0, 585, 585, 1, 7.44%, 0, 0, 2, 27.67
1747774688, 0, 0, 589, 589, 1, 7.44%, 0, 0, 2, 24.93
1747774693, 0, 0, 591, 591, 1, 7.44%, 0, 0, 2, 23.17
1747774698, 0, 0, 595, 595, 1, 7.44%, 0, 0, 2, 25.33
1747774703, 0, 0, 597, 597, 1, 7.44%, 0, 0, 2, 20.63
1747774709, 0, 0, 600, 600, 1, 7.44%, 0, 0, 2, 24.24
1747774714, 0, 0, 603, 603, 1, 7.44%, 0, 0, 2, 25.39
1747774719, 0, 0, 604, 604, 1, 7.45%, 0, 0, 2, 21.57
1747774724, 0, 0, 607, 607, 1, 7.45%, 0, 0, 2, 18.33
1747774729, 0, 0, 609, 609, 1, 7.45%, 0, 0, 2, 21.61
1747774734, 0, 0, 612, 612, 1, 7.45%, 0, 0, 2, 20.06
1747774739, 0, 0, 615, 615, 1, 7.53%, 0, 0, 2, 21.80
1747774744, 0, 0, 617, 617, 1, 7.53%, 0, 0, 2, 21.80
1747774750, 0, 0, 619, 619, 1, 7.53%, 0, 0, 2, 16.64
1747774755, 0, 0, 620, 620, 1, 7.53%, 0, 0, 2, 14.56
1747774760, 0, 0, 621, 621, 1, 7.53%, 0, 0, 2, 15.17
1747774765, 0, 0, 623, 623, 1, 7.53%, 0, 0, 2, 13.23
1747774770, 0, 0, 624, 624, 1, 7.53%, 0, 0, 2, 13.45
1747774775, 0, 0, 625, 625, 1, 7.53%, 0, 0, 2, 15.19
1747774780, 0, 0, 626, 626, 1, 7.53%, 0, 0, 2, 13.93
1747774790, 0, 0, 627, 627, 1, 7.53%, 0, 0, 2, 16.28
1747774796, 0, 0, 628, 628, 1, 7.53%, 0, 0, 2, 13.36
1747774801, 0, 0, 630, 630, 1, 7.53%, 0, 0, 2, 11.54
1747774811, 0, 0, 631, 631, 1, 7.53%, 0, 0, 2, 14.11
1747774826, 0, 0, 634, 634, 1, 7.53%, 0, 0, 2, 12.92
1747774832, 0, 0, 637, 637, 1, 7.53%, 0, 0, 2, 16.60
1747774837, 0, 0, 641, 641, 1, 7.53%, 0, 0, 2, 18.68
1747774842, 0, 0, 642, 642, 1, 7.53%, 0, 0, 2, 15.25
1747774857, 0, 0, 643, 643, 1, 7.53%, 0, 0, 2, 11.53
1747774862, 0, 0, 645, 645, 1, 7.53%, 0, 0, 2, 13.14
1747774867, 0, 0, 646, 646, 1, 7.53%, 0, 0, 2, 13.34
1747774878, 0, 0, 647, 647, 1, 7.53%, 0, 0, 2, 14.38
1747774888, 0, 0, 648, 648, 1, 7.53%, 0, 0, 2, 13.97
1747774898, 0, 0, 650, 650, 1, 7.53%, 0, 0, 2, 15.42
1747774933, 0, 1, 651, 650, 17, 7.53%, 0, 0, 2, 15.88
1747774939, 0, 1, 652, 651, 17, 7.53%, 0, 0, 2, 11.49
1747774949, 0, 1, 653, 652, 17, 7.53%, 0, 0, 2, 9.16
1747774954, 0, 1, 654, 653, 17, 7.53%, 0, 0, 2, 8.85
1747774964, 0, 1, 655, 654, 17, 7.53%, 0, 0, 2, 10.57
1747774969, 0, 1, 656, 655, 17, 7.53%, 0, 0, 2, 10.03
1747774974, 0, 1, 658, 657, 17, 7.53%, 0, 0, 2, 10.63
1747774979, 0, 1, 659, 658, 17, 7.53%, 0, 0, 2, 10.66
1747774990, 0, 1, 661, 660, 17, 7.53%, 0, 0, 2, 10.81
1747774995, 0, 1, 662, 661, 17, 7.53%, 0, 0, 2, 10.30
1747775005, 0, 1, 663, 662, 17, 7.53%, 0, 0, 2, 10.34
1747775010, 0, 1, 664, 663, 17, 7.53%, 0, 0, 2, 10.39
1747775015, 0, 1, 665, 664, 17, 7.53%, 0, 0, 2, 10.71
1747775020, 0, 1, 666, 665, 17, 7.53%, 0, 0, 2, 10.55
1747775025, 0, 1, 667, 666, 17, 7.53%, 0, 0, 2, 6.46
1747775036, 0, 1, 668, 667, 17, 7.53%, 0, 0, 2, 9.35
1747775046, 0, 1, 670, 669, 17, 7.53%, 0, 0, 2, 10.08
1747775051, 0, 1, 671, 670, 17, 7.53%, 0, 0, 2, 10.30
1747775056, 0, 1, 673, 672, 17, 7.99%, 0, 0, 2, 9.25
1747775067, 0, 1, 674, 673, 17, 7.99%, 0, 0, 2, 7.74
1747775072, 0, 1, 675, 674, 17, 7.99%, 0, 0, 2, 9.55
1747775087, 0, 1, 676, 675, 17, 7.99%, 0, 0, 2, 7.78
1747775093, 0, 1, 678, 677, 17, 7.99%, 0, 0, 2, 8.81
1747775103, 0, 1, 680, 679, 17, 8.00%, 0, 0, 2, 7.01
1747775108, 0, 1, 681, 680, 17, 8.00%, 0, 0, 2, 8.72
1747775113, 0, 1, 682, 681, 17, 8.00%, 0, 0, 2, 10.00
1747775118, 0, 1, 683, 682, 17, 8.00%, 0, 0, 2, 10.08
1747775128, 0, 2, 683, 682, 18, 8.00%, 0, 0, 2, 11.00
1747775134, 0, 2, 685, 684, 18, 8.00%, 0, 0, 2, 10.48
1747775139, 0, 2, 686, 685, 18, 8.00%, 0, 0, 2, 10.26
1747775144, 0, 2, 687, 686, 18, 8.00%, 0, 0, 2, 9.60
1747775149, 0, 2, 689, 688, 18, 8.00%, 0, 0, 2, 10.60
1747775154, 0, 2, 690, 689, 18, 8.00%, 0, 0, 2, 10.12
1747775165, 0, 2, 691, 690, 18, 8.00%, 0, 0, 2, 9.26
1747775170, 0, 2, 693, 692, 18, 8.00%, 0, 0, 2, 9.06
1747775175, 0, 2, 694, 693, 18, 8.00%, 0, 0, 2, 9.41
1747775180, 0, 2, 695, 694, 18, 8.00%, 0, 0, 2, 10.36
1747775185, 0, 2, 696, 695, 18, 8.00%, 0, 0, 2, 11.98
1747775190, 0, 2, 697, 696, 18, 8.00%, 0, 0, 2, 10.73
1747775211, 0, 2, 698, 697, 18, 8.00%, 0, 0, 2, 10.10
1747775221, 0, 2, 699, 698, 18, 8.00%, 0, 0, 2, 9.28
1747775226, 0, 2, 701, 700, 18, 8.00%, 0, 0, 2, 9.22
1747775237, 0, 2, 702, 701, 18, 8.00%, 0, 0, 2, 9.97
1747775257, 0, 2, 703, 702, 18, 8.00%, 0, 0, 2, 10.94
1747775273, 0, 2, 704, 703, 18, 8.00%, 0, 0, 2, 10.41
1747775278, 0, 2, 707, 706, 18, 8.00%, 0, 0, 2, 10.57
1747775294, 0, 2, 708, 707, 18, 8.01%, 0, 0, 2, 10.06
1747775299, 0, 2, 710, 709, 18, 8.01%, 0, 0, 2, 8.89
1747775309, 0, 2, 712, 711, 18, 8.01%, 0, 0, 2, 7.67
1747775314, 0, 3, 713, 712, 17, 8.01%, 0, 0, 2, 7.75
1747775320, 0, 3, 714, 713, 17, 8.01%, 0, 0, 2, 7.78
1747775325, 0, 3, 716, 715, 17, 8.01%, 0, 0, 2, 6.31
1747775330, 0, 3, 717, 716, 17, 8.01%, 0, 0, 2, 5.06
1747775335, 0, 3, 719, 718, 17, 8.01%, 0, 0, 2, 4.97
1747775340, 0, 3, 720, 719, 17, 8.01%, 0, 0, 2, 5.77
1747775345, 0, 3, 721, 720, 17, 8.01%, 0, 0, 2, 5.10
1747775350, 0, 3, 722, 721, 17, 8.06%, 0, 0, 2, 4.15
1747775356, 0, 3, 724, 723, 17, 8.06%, 0, 0, 2, 3.97
1747775361, 0, 3, 725, 724, 17, 8.16%, 0, 0, 2, 5.04
1747775366, 0, 3, 727, 726, 17, 8.17%, 0, 0, 2, 4.39
1747775371, 0, 3, 728, 727, 17, 8.17%, 0, 0, 2, 4.70
1747775376, 0, 3, 730, 729, 17, 8.17%, 0, 0, 2, 5.44
1747775381, 0, 3, 732, 731, 17, 8.17%, 0, 0, 2, 4.59
1747775387, 0, 3, 733, 732, 17, 8.17%, 0, 0, 2, 5.56
1747775392, 0, 3, 735, 734, 17, 8.17%, 0, 0, 2, 5.91
1747775397, 0, 3, 736, 735, 17, 8.17%, 0, 0, 2, 6.18
1747775402, 0, 3, 737, 736, 17, 8.17%, 0, 0, 2, 6.63
1747775407, 0, 3, 739, 738, 17, 8.17%, 0, 0, 2, 5.05
1747775413, 0, 3, 740, 739, 17, 8.17%, 0, 0, 2, 4.56
1747775418, 0, 3, 741, 740, 17, 8.17%, 0, 0, 2, 5.19
1747775423, 0, 3, 742, 741, 17, 8.17%, 0, 0, 2, 5.41
1747775428, 0, 3, 743, 742, 17, 8.17%, 0, 0, 2, 5.94
1747775433, 0, 3, 744, 743, 17, 9.00%, 0, 0, 2, 4.43
1747775439, 0, 3, 745, 744, 17, 9.00%, 0, 0, 2, 3.20
1747775444, 0, 3, 747, 746, 17, 9.00%, 0, 0, 2, 3.78
1747775449, 0, 3, 748, 747, 17, 9.00%, 0, 0, 2, 3.01
1747775454, 0, 3, 749, 748, 17, 9.00%, 0, 0, 2, 4.74
1747775459, 0, 3, 751, 750, 17, 9.00%, 0, 0, 2, 4.21
1747775465, 0, 3, 752, 751, 17, 9.02%, 0, 0, 2, 4.26
1747775470, 0, 3, 753, 752, 17, 9.02%, 0, 0, 2, 4.44
1747775481, 0, 3, 754, 753, 17, 9.02%, 0, 0, 2, 4.25
1747775486, 0, 3, 756, 755, 17, 9.03%, 0, 0, 2, 3.79
1747775491, 0, 3, 757, 756, 17, 9.03%, 0, 0, 2, 4.31
1747775501, 0, 3, 758, 757, 17, 9.03%, 0, 0, 2, 3.10
1747775506, 0, 3, 759, 758, 17, 9.03%, 0, 0, 2, 2.47
1747775511, 0, 3, 760, 759, 17, 9.03%, 0, 0, 2, 4.30
1747775517, 0, 3, 761, 760, 17, 9.03%, 0, 0, 2, 3.67
1747775523, 0, 3, 762, 761, 17, 9.03%, 0, 0, 2, 4.07
1747775528, 0, 3, 763, 762, 17, 9.03%, 0, 0, 2, 3.21
1747775539, 0, 3, 765, 764, 17, 9.03%, 0, 0, 2, 2.44
1747775549, 0, 3, 767, 766, 17, 9.05%, 0, 0, 2, 5.12
1747775560, 0, 3, 769, 768, 17, 9.05%, 0, 0, 2, 4.72
1747775565, 0, 3, 771, 770, 17, 9.05%, 0, 0, 2, 4.17
1747775570, 0, 3, 772, 771, 17, 9.05%, 0, 0, 2, 3.44
1747775575, 0, 3, 773, 772, 17, 9.05%, 0, 0, 2, 3.69
1747775581, 0, 3, 774, 773, 17, 9.05%, 0, 0, 2, 4.78
1747775586, 0, 3, 775, 774, 17, 9.05%, 0, 0, 2, 5.53
1747775591, 0, 3, 776, 775, 17, 9.05%, 0, 0, 2, 4.23
1747775596, 0, 3, 777, 776, 17, 9.05%, 0, 0, 2, 3.32
1747775601, 0, 3, 779, 778, 17, 9.05%, 0, 0, 2, 4.86
1747775606, 0, 3, 780, 779, 17, 9.05%, 0, 0, 2, 3.95
1747775617, 0, 3, 781, 780, 17, 9.05%, 0, 0, 2, 4.85
1747775623, 0, 3, 782, 781, 17, 9.05%, 0, 0, 2, 3.48
1747775628, 0, 3, 784, 783, 17, 9.05%, 0, 0, 2, 5.42
1747775639, 0, 3, 785, 784, 17, 9.18%, 0, 0, 2, 3.38
1747775644, 0, 3, 786, 785, 17, 9.18%, 0, 0, 2, 3.69
1747775649, 0, 3, 787, 786, 17, 9.18%, 0, 0, 2, 4.24
1747775666, 0, 3, 788, 787, 17, 9.18%, 0, 0, 2, 3.97
1747775671, 0, 3, 789, 788, 17, 9.18%, 0, 0, 2, 2.94
1747775677, 0, 3, 790, 789, 17, 9.18%, 0, 0, 2, 2.68
1747775682, 0, 3, 792, 791, 17, 9.18%, 0, 0, 2, 3.70
1747775692, 0, 3, 793, 792, 17, 9.18%, 0, 0, 2, 7.02
1747775698, 0, 3, 794, 793, 17, 9.18%, 0, 0, 2, 5.39
1747775703, 0, 3, 795, 794, 17, 9.18%, 0, 0, 2, 5.74
1747775713, 0, 3, 797, 796, 17, 9.18%, 0, 0, 2, 3.92
1747775719, 0, 3, 798, 797, 17, 9.18%, 0, 0, 2, 3.52
1747775734, 0, 3, 799, 798, 17, 9.18%, 0, 0, 2, 1.25
1747775745, 0, 3, 800, 799, 17, 9.18%, 0, 0, 2, 4.59
1747775750, 0, 3, 801, 800, 17, 9.18%, 0, 0, 2, 4.60
1747775755, 0, 3, 802, 801, 17, 9.18%, 0, 0, 2, 4.42
1747775765, 0, 3, 803, 802, 17, 9.18%, 0, 0, 2, 4.76
1747775771, 0, 3, 804, 803, 17, 9.18%, 0, 0, 2, 6.61
1747775781, 0, 3, 805, 804, 17, 9.18%, 0, 0, 2, 5.32
1747775787, 0, 3, 807, 806, 17, 9.18%, 0, 0, 2, 4.26
1747775792, 0, 3, 808, 807, 17, 9.18%, 0, 0, 2, 4.35
1747775797, 0, 3, 809, 808, 17, 9.20%, 0, 0, 2, 4.90
1747775803, 0, 3, 810, 809, 17, 9.20%, 0, 0, 2, 4.09
1747775808, 0, 3, 811, 810, 17, 9.20%, 0, 0, 2, 3.00
1747775819, 0, 3, 812, 811, 17, 9.20%, 0, 0, 2, 5.71
1747775824, 0, 3, 813, 812, 17, 9.20%, 0, 0, 2, 5.68
1747775829, 0, 3, 814, 813, 17, 9.20%, 0, 0, 2, 4.16
1747775834, 0, 3, 815, 814, 17, 9.20%, 0, 0, 2, 3.95
1747775839, 0, 3, 816, 815, 17, 9.20%, 0, 0, 2, 3.34
1747775845, 0, 3, 817, 816, 17, 9.20%, 0, 0, 2, 3.43
1747775850, 0, 3, 818, 817, 17, 9.20%, 0, 0, 2, 3.81
1747775855, 0, 3, 819, 818, 17, 9.20%, 0, 0, 2, 3.52
1747775860, 0, 3, 820, 819, 17, 9.20%, 0, 0, 2, 4.35
1747775871, 0, 3, 822, 821, 17, 9.20%, 0, 0, 2, 4.64
1747775881, 0, 3, 824, 823, 17, 9.20%, 0, 0, 2, 4.01
1747775887, 0, 3, 825, 824, 17, 9.20%, 0, 0, 2, 4.27
1747775892, 0, 3, 827, 826, 17, 9.20%, 0, 0, 2, 5.36
1747775903, 0, 3, 828, 827, 17, 9.20%, 0, 0, 2, 2.89
1747775908, 0, 3, 829, 828, 17, 9.21%, 0, 0, 2, 2.82
1747775913, 0, 3, 830, 829, 17, 9.21%, 0, 0, 2, 3.38
1747775918, 0, 3, 831, 830, 17, 9.21%, 0, 0, 2, 4.08
1747775923, 0, 3, 832, 831, 17, 9.21%, 0, 0, 2, 4.24
1747775934, 0, 3, 833, 832, 17, 9.21%, 0, 0, 2, 4.27
1747775939, 0, 3, 834, 833, 17, 9.27%, 0, 0, 2, 4.51
1747775944, 0, 3, 835, 834, 17, 9.27%, 0, 0, 2, 4.12
1747775960, 0, 3, 836, 835, 17, 9.27%, 0, 0, 2, 5.86
1747775965, 0, 3, 837, 836, 17, 9.27%, 0, 0, 2, 5.32
1747775975, 0, 3, 838, 837, 17, 9.27%, 0, 0, 2, 5.78
1747775981, 0, 3, 839, 838, 17, 9.27%, 0, 0, 2, 4.67
1747775986, 0, 4, 839, 838, 23, 9.27%, 0, 0, 2, 5.97
1747775991, 0, 4, 840, 839, 23, 9.27%, 0, 0, 2, 4.29
1747776002, 0, 4, 841, 840, 23, 9.27%, 0, 0, 2, 5.09
1747776007, 0, 4, 842, 841, 23, 9.27%, 0, 0, 2, 3.91
1747776012, 0, 4, 843, 842, 23, 9.27%, 0, 0, 2, 5.39
1747776017, 0, 4, 844, 843, 23, 9.27%, 0, 0, 2, 4.98
1747776028, 0, 4, 845, 844, 23, 9.27%, 0, 0, 2, 4.04
1747776033, 0, 4, 846, 845, 23, 9.27%, 0, 0, 2, 4.71
1747776039, 0, 4, 847, 846, 23, 9.27%, 0, 0, 2, 3.58
1747776054, 0, 4, 848, 847, 23, 9.27%, 0, 0, 2, 5.65
1747776059, 0, 4, 849, 848, 23, 9.27%, 0, 0, 2, 5.55
1747776064, 0, 4, 850, 849, 23, 9.27%, 0, 0, 2, 5.72
1747776069, 0, 4, 851, 850, 23, 9.27%, 0, 0, 2, 4.86
1747776080, 0, 4, 852, 851, 23, 9.27%, 0, 0, 2, 5.52
1747776085, 0, 4, 853, 852, 23, 9.27%, 0, 0, 2, 4.98
1747776100, 0, 4, 854, 853, 23, 9.27%, 0, 0, 2, 5.94
1747776106, 0, 4, 855, 854, 23, 9.27%, 0, 0, 2, 4.75
1747776122, 0, 4, 856, 855, 23, 9.27%, 0, 0, 2, 4.10
1747776127, 0, 4, 857, 856, 23, 9.27%, 0, 0, 2, 4.05
1747776132, 0, 4, 858, 857, 23, 9.27%, 0, 0, 2, 3.06
1747776137, 0, 4, 859, 858, 23, 9.27%, 0, 0, 2, 4.79
1747776143, 0, 4, 860, 859, 23, 9.27%, 0, 0, 2, 4.40
1747776148, 0, 4, 861, 860, 23, 9.27%, 0, 0, 2, 3.76
1747776153, 0, 4, 862, 861, 23, 9.27%, 0, 0, 2, 3.96
1747776158, 0, 4, 863, 862, 23, 9.27%, 0, 0, 2, 3.59
1747776163, 0, 4, 864, 863, 23, 9.27%, 0, 0, 2, 5.10
1747776169, 0, 4, 865, 864, 23, 9.27%, 0, 0, 2, 3.79
1747776174, 0, 4, 866, 865, 23, 9.27%, 0, 0, 2, 3.64
1747776179, 0, 4, 867, 866, 23, 9.27%, 0, 0, 2, 3.23
1747776184, 0, 4, 868, 867, 23, 9.27%, 0, 0, 2, 2.81
1747776195, 0, 4, 869, 868, 23, 9.27%, 0, 0, 2, 4.62
1747776200, 0, 4, 870, 869, 23, 9.27%, 0, 0, 2, 4.91
1747776210, 0, 4, 871, 870, 23, 9.27%, 0, 0, 2, 4.40
1747776216, 0, 4, 872, 871, 23, 9.27%, 0, 0, 2, 4.00
1747776226, 0, 4, 873, 872, 23, 9.27%, 0, 0, 2, 5.96
1747776231, 0, 4, 874, 873, 23, 9.27%, 0, 0, 2, 4.22
1747776237, 0, 4, 875, 874, 23, 9.27%, 0, 0, 2, 4.29
1747776242, 0, 4, 876, 875, 23, 9.27%, 0, 0, 2, 4.27
1747776252, 0, 4, 877, 876, 23, 9.27%, 0, 0, 2, 5.74
1747776257, 0, 4, 878, 877, 23, 9.27%, 0, 0, 2, 5.66
1747776268, 0, 4, 879, 878, 23, 9.27%, 0, 0, 2, 3.70
1747776278, 0, 4, 880, 879, 23, 9.27%, 0, 0, 2, 5.63
1747776283, 0, 4, 882, 881, 23, 9.27%, 0, 0, 2, 4.57
1747776294, 0, 4, 883, 882, 23, 9.27%, 0, 0, 2, 4.83
1747776299, 0, 4, 884, 883, 23, 9.27%, 0, 0, 2, 4.71
1747776309, 0, 4, 885, 884, 23, 9.27%, 0, 0, 2, 3.99
1747776314, 0, 4, 886, 885, 23, 9.27%, 0, 0, 2, 3.97
1747776325, 0, 4, 887, 886, 23, 9.27%, 0, 0, 2, 7.08
1747776330, 0, 4, 888, 887, 23, 9.27%, 0, 0, 2, 6.86
1747776335, 0, 4, 889, 888, 23, 9.27%, 0, 0, 2, 5.65
1747776351, 0, 4, 890, 889, 23, 9.27%, 0, 0, 2, 5.69
1747776361, 0, 4, 891, 890, 23, 9.27%, 0, 0, 2, 5.68
1747776367, 0, 4, 892, 891, 23, 9.27%, 0, 0, 2, 4.72
1747776388, 0, 4, 893, 892, 23, 9.27%, 0, 0, 2, 4.64
1747776409, 0, 4, 894, 893, 23, 9.27%, 0, 0, 2, 5.14
1747776414, 0, 4, 895, 894, 23, 9.27%, 0, 0, 2, 4.48
1747776419, 0, 4, 896, 895, 23, 9.27%, 0, 0, 2, 5.98
1747776429, 0, 4, 897, 896, 23, 9.27%, 0, 0, 2, 4.27
1747776435, 0, 4, 898, 897, 23, 9.27%, 0, 0, 2, 3.65
1747776445, 0, 4, 899, 898, 23, 9.27%, 0, 0, 2, 5.56
1747776450, 0, 4, 900, 899, 23, 9.27%, 0, 0, 2, 4.52
1747776455, 0, 4, 901, 900, 23, 9.27%, 0, 0, 2, 3.37
1747776466, 0, 4, 903, 902, 23, 9.27%, 0, 0, 2, 5.18
1747776476, 0, 5, 903, 902, 25, 9.27%, 0, 0, 2, 7.15
1747776481, 0, 6, 903, 902, 25, 9.27%, 0, 0, 2, 6.47
1747776492, 0, 7, 904, 903, 25, 9.27%, 0, 0, 2, 6.94
1747776502, 0, 7, 905, 904, 25, 9.27%, 0, 0, 2, 3.96
1747776508, 0, 7, 906, 905, 25, 9.27%, 0, 0, 2, 3.06
1747776513, 0, 7, 907, 906, 25, 9.45%, 0, 0, 2, 4.14
1747776528, 0, 7, 909, 908, 25, 9.45%, 0, 0, 2, 5.13
1747776544, 0, 7, 910, 909, 25, 9.45%, 0, 0, 2, 5.12
1747776550, 0, 7, 911, 910, 25, 9.45%, 0, 0, 2, 3.61
1747776556, 0, 7, 912, 911, 25, 9.45%, 0, 0, 2, 3.79
1747776561, 0, 7, 913, 912, 25, 9.45%, 0, 0, 2, 3.20
1747776567, 0, 7, 914, 913, 25, 9.45%, 0, 0, 2, 2.60
1747776583, 0, 7, 915, 914, 25, 9.45%, 0, 0, 2, 6.22
1747776588, 0, 7, 916, 915, 25, 9.45%, 0, 0, 2, 4.76
1747776603, 0, 7, 917, 916, 25, 9.45%, 0, 0, 2, 4.99
1747776619, 0, 7, 918, 917, 25, 9.45%, 0, 0, 2, 4.77
1747776624, 0, 7, 919, 918, 25, 9.45%, 0, 0, 2, 4.49
1747776630, 0, 7, 920, 919, 25, 9.45%, 0, 0, 2, 3.39
1747776656, 0, 7, 921, 920, 25, 9.45%, 0, 0, 2, 5.35
1747776666, 0, 7, 922, 921, 25, 9.45%, 0, 0, 2, 5.81
1747776677, 0, 7, 923, 922, 25, 9.45%, 0, 0, 2, 4.31
1747776687, 0, 7, 924, 923, 25, 9.45%, 0, 0, 2, 4.19
1747776698, 0, 7, 925, 924, 25, 9.45%, 0, 0, 2, 6.45
1747776703, 0, 7, 926, 925, 25, 9.45%, 0, 0, 2, 4.57
1747776719, 0, 7, 927, 926, 25, 9.45%, 0, 0, 2, 3.94
1747776724, 0, 7, 929, 928, 25, 9.45%, 0, 0, 2, 4.04
1747776734, 0, 7, 930, 929, 25, 9.45%, 0, 0, 2, 4.69
1747776749, 0, 7, 931, 930, 25, 9.45%, 0, 0, 2, 4.58
1747776754, 0, 7, 933, 932, 25, 9.45%, 0, 0, 2, 4.04
1747776765, 0, 7, 934, 933, 25, 9.45%, 0, 0, 2, 3.94
1747776770, 0, 7, 935, 934, 25, 9.46%, 0, 0, 2, 5.82
1747776780, 0, 7, 936, 935, 25, 9.46%, 0, 0, 2, 5.09
1747776785, 0, 7, 937, 936, 25, 9.46%, 0, 0, 2, 6.08
1747776801, 0, 7, 938, 937, 25, 9.46%, 0, 0, 2, 6.24
1747776806, 0, 7, 939, 938, 25, 9.46%, 0, 0, 2, 5.39
1747776816, 0, 7, 940, 939, 25, 9.46%, 0, 0, 2, 3.83
1747776827, 0, 7, 941, 940, 25, 9.46%, 0, 0, 2, 6.47
1747776843, 0, 7, 942, 941, 25, 9.46%, 0, 0, 2, 4.70
1747776853, 0, 7, 943, 942, 25, 9.46%, 0, 0, 2, 4.00
1747776859, 0, 7, 944, 943, 25, 9.46%, 0, 0, 2, 4.19
1747776869, 0, 7, 945, 944, 25, 9.46%, 0, 0, 2, 4.71
1747776879, 0, 7, 946, 945, 25, 9.46%, 0, 0, 2, 3.71
1747776884, 0, 7, 947, 946, 25, 9.46%, 0, 0, 2, 3.83
1747776895, 0, 7, 948, 947, 25, 9.46%, 0, 0, 2, 3.96
1747776910, 0, 7, 949, 948, 25, 9.47%, 0, 0, 2, 5.21
1747776916, 0, 7, 950, 949, 25, 9.47%, 0, 0, 2, 5.29
1747776936, 0, 7, 951, 950, 25, 9.47%, 0, 0, 2, 1.52
1747776979, 0, 8, 952, 951, 30, 9.47%, 0, 0, 2, 1.35
1747776989, 0, 8, 953, 952, 30, 9.47%, 0, 0, 2, 1.47
1747777010, 0, 8, 954, 953, 30, 9.47%, 0, 0, 2, 1.49
1747777015, 0, 8, 955, 954, 30, 9.47%, 0, 0, 2, 6.79
1747777021, 0, 8, 956, 955, 30, 9.47%, 0, 0, 2, 5.43
1747777032, 0, 8, 957, 956, 30, 9.47%, 0, 0, 2, 3.21
1747777042, 0, 8, 958, 957, 30, 9.47%, 0, 0, 2, 5.24
1747777048, 0, 8, 959, 958, 30, 9.47%, 0, 0, 2, 6.46
1747777063, 0, 8, 961, 960, 30, 9.47%, 0, 0, 2, 9.14
1747777068, 0, 8, 962, 961, 30, 9.47%, 0, 0, 2, 7.48
1747777073, 0, 8, 963, 962, 30, 9.47%, 0, 0, 2, 5.67
1747777078, 0, 8, 964, 963, 30, 9.47%, 0, 0, 2, 8.88
1747777089, 0, 8, 965, 964, 30, 9.47%, 0, 0, 2, 10.59
1747777094, 0, 8, 966, 965, 30, 9.47%, 0, 0, 2, 7.89
1747777100, 0, 8, 967, 966, 30, 9.47%, 0, 0, 2, 8.81
1747777105, 0, 8, 968, 967, 30, 9.47%, 0, 0, 2, 9.17
1747777110, 0, 8, 969, 968, 30, 9.47%, 0, 0, 2, 9.39
1747777125, 0, 8, 970, 969, 30, 9.47%, 0, 0, 2, 9.92
1747777131, 0, 8, 972, 971, 30, 9.49%, 0, 0, 2, 9.47
1747777141, 0, 8, 973, 972, 30, 9.49%, 0, 0, 2, 8.37
1747777146, 0, 8, 974, 973, 30, 9.49%, 0, 0, 2, 7.21
1747777151, 0, 8, 975, 974, 30, 9.49%, 0, 0, 2, 7.30
1747777161, 0, 8, 977, 976, 30, 9.50%, 0, 0, 2, 6.13
1747777177, 0, 8, 978, 977, 30, 9.50%, 0, 0, 2, 7.54
1747777213, 0, 8, 979, 978, 30, 9.50%, 0, 0, 2, 11.15
1747777218, 0, 8, 980, 979, 30, 9.50%, 0, 0, 2, 9.89
1747777223, 0, 8, 981, 980, 30, 9.50%, 0, 0, 2, 1.96
1747777233, 0, 9, 981, 980, 30, 9.50%, 0, 0, 2, 13.63
1747777238, 0, 9, 982, 981, 30, 9.50%, 0, 0, 2, 10.12
1747777249, 0, 9, 984, 983, 30, 9.50%, 0, 0, 2, 6.75
1747777264, 0, 9, 985, 984, 30, 9.50%, 0, 0, 2, 6.26
1747777269, 0, 9, 986, 985, 30, 9.50%, 0, 0, 2, 9.11
1747777275, 0, 9, 987, 986, 30, 9.50%, 0, 0, 2, 6.58
1747777290, 0, 9, 988, 987, 30, 9.50%, 0, 0, 2, 9.37
1747777295, 0, 9, 990, 989, 30, 9.50%, 0, 0, 2, 6.98
1747777305, 0, 9, 991, 990, 30, 9.50%, 0, 0, 2, 9.21
1747777316, 0, 9, 992, 991, 30, 9.50%, 0, 0, 2, 7.79
1747777321, 0, 9, 993, 992, 30, 9.50%, 0, 0, 2, 7.24
1747777326, 0, 9, 994, 993, 30, 9.50%, 0, 0, 2, 5.08
1747777347, 0, 9, 995, 994, 30, 9.50%, 0, 0, 2, 8.55
1747777357, 0, 9, 996, 995, 30, 9.50%, 0, 0, 2, 8.55
1747777362, 0, 9, 997, 996, 30, 9.50%, 0, 0, 2, 7.19
1747777367, 0, 9, 998, 997, 30, 9.50%, 0, 0, 2, 7.44
1747777373, 0, 9, 999, 998, 30, 9.50%, 0, 0, 2, 8.92
1747777383, 0, 9, 1000, 999, 30, 9.50%, 0, 0, 2, 7.15
1747777398, 0, 9, 1001, 1000, 30, 9.50%, 0, 0, 2, 7.28
1747777408, 0, 9, 1002, 1001, 30, 9.50%, 0, 0, 2, 2.89
1747777434, 0, 9, 1003, 1002, 30, 9.50%, 0, 0, 2, 9.27
1747777444, 0, 9, 1004, 1003, 30, 9.50%, 0, 0, 2, 9.44
1747777450, 0, 9, 1005, 1004, 30, 9.50%, 0, 0, 2, 6.39
1747777455, 0, 9, 1007, 1006, 30, 9.50%, 0, 0, 2, 6.17
1747777465, 0, 11, 1007, 1006, 33, 9.50%, 0, 0, 2, 11.18
1747777470, 0, 12, 1008, 1007, 33, 9.50%, 0, 0, 2, 8.09
1747777475, 0, 12, 1010, 1009, 33, 9.50%, 0, 0, 2, 6.40
1747777491, 0, 12, 1011, 1010, 33, 9.50%, 0, 0, 2, 7.95
1747777527, 0, 12, 1012, 1011, 33, 9.50%, 0, 0, 2, 7.80
1747777532, 0, 12, 1013, 1012, 33, 9.50%, 0, 0, 2, 6.91
1747777543, 0, 12, 1014, 1013, 33, 9.50%, 0, 0, 2, 8.40
1747777548, 0, 12, 1015, 1014, 33, 9.50%, 0, 0, 2, 9.38
1747777558, 0, 12, 1017, 1016, 33, 9.50%, 0, 0, 2, 6.66
1747777594, 0, 12, 1018, 1017, 33, 9.50%, 0, 0, 2, 8.48
1747777604, 0, 12, 1019, 1018, 33, 9.50%, 0, 0, 2, 6.56
1747777609, 0, 12, 1020, 1019, 33, 9.50%, 0, 0, 2, 8.62
1747777625, 0, 12, 1021, 1020, 33, 9.50%, 0, 0, 2, 7.61
1747777630, 0, 12, 1023, 1022, 33, 9.50%, 0, 0, 2, 6.74
1747777635, 0, 12, 1024, 1023, 33, 9.50%, 0, 0, 2, 6.21
1747777656, 0, 12, 1025, 1024, 33, 9.50%, 0, 0, 2, 9.67
1747777666, 0, 12, 1026, 1025, 33, 9.52%, 0, 0, 2, 11.32
1747777676, 0, 13, 1026, 1025, 33, 9.52%, 0, 0, 2, 10.25
1747777681, 0, 14, 1026, 1025, 33, 9.52%, 0, 0, 2, 11.80
1747777687, 0, 15, 1026, 1025, 33, 9.52%, 0, 0, 2, 11.27
1747777692, 0, 16, 1027, 1026, 33, 9.52%, 0, 0, 2, 11.53
1747777697, 0, 16, 1028, 1027, 33, 9.52%, 0, 0, 2, 7.70
1747777702, 0, 16, 1029, 1028, 33, 9.54%, 0, 0, 2, 8.60
1747777707, 0, 16, 1030, 1029, 33, 9.54%, 0, 0, 2, 6.78
1747777723, 0, 16, 1031, 1030, 33, 9.54%, 0, 0, 2, 7.71
1747777733, 0, 16, 1033, 1032, 33, 9.54%, 0, 0, 2, 8.99
1747777754, 0, 16, 1034, 1033, 33, 9.54%, 0, 0, 2, 9.84
1747777769, 0, 16, 1035, 1034, 33, 9.54%, 0, 0, 2, 6.01
1747777774, 0, 16, 1036, 1035, 33, 9.54%, 0, 0, 2, 6.18
1747777821, 0, 16, 1037, 1036, 33, 9.54%, 0, 0, 2, 4.32
1747777826, 0, 16, 1038, 1037, 33, 9.54%, 0, 0, 2, 5.85
1747777837, 0, 16, 1039, 1038, 33, 9.54%, 0, 0, 2, 5.66
1747777858, 0, 16, 1040, 1039, 33, 9.54%, 0, 0, 2, 4.70
1747777884, 0, 16, 1041, 1040, 33, 9.54%, 0, 0, 2, 5.52
1747777906, 0, 16, 1042, 1041, 33, 9.55%, 0, 0, 2, 5.25
1747777916, 0, 16, 1043, 1042, 33, 9.55%, 0, 0, 2, 4.00
1747777921, 0, 16, 1044, 1043, 33, 9.55%, 0, 0, 2, 4.53
1747777963, 0, 16, 1045, 1044, 33, 9.55%, 0, 0, 2, 4.61
1747777974, 0, 16, 1046, 1045, 33, 9.55%, 0, 0, 2, 5.72
1747777980, 0, 16, 1047, 1046, 33, 9.55%, 0, 0, 2, 4.86
1747777990, 0, 16, 1048, 1047, 33, 9.55%, 0, 0, 2, 3.59
1747778022, 0, 16, 1049, 1048, 33, 9.55%, 0, 0, 2, 8.95
1747778027, 0, 17, 1049, 1048, 35, 9.55%, 0, 0, 2, 1.83
1747778032, 0, 18, 1049, 1048, 35, 9.55%, 0, 0, 2, 1.61
1747778043, 0, 19, 1049, 1048, 35, 9.55%, 0, 0, 2, 5.20
1747778053, 0, 19, 1050, 1049, 35, 9.55%, 0, 0, 2, 4.14
1747778059, 0, 19, 1051, 1050, 35, 9.55%, 0, 0, 2, 4.67
1747778080, 0, 19, 1052, 1051, 35, 9.55%, 0, 0, 2, 5.58
1747778090, 0, 19, 1053, 1052, 35, 9.55%, 0, 0, 2, 5.21
1747778095, 0, 19, 1054, 1053, 35, 9.55%, 0, 0, 2, 4.76
1747778100, 0, 19, 1055, 1054, 35, 9.55%, 0, 0, 2, 5.59
1747778111, 0, 19, 1056, 1055, 35, 9.55%, 0, 0, 2, 5.89
1747778131, 0, 19, 1057, 1056, 35, 9.55%, 0, 0, 2, 1.35
1747778152, 0, 19, 1058, 1057, 35, 9.55%, 0, 0, 2, 7.12
1747778178, 0, 19, 1059, 1058, 35, 9.55%, 0, 0, 2, 4.16
1747778189, 0, 19, 1060, 1059, 35, 9.55%, 0, 0, 2, 3.79
1747778195, 0, 19, 1061, 1060, 35, 9.55%, 0, 0, 2, 4.04
1747778215, 0, 19, 1062, 1061, 35, 9.55%, 0, 0, 2, 4.58
1747778226, 0, 19, 1063, 1062, 35, 9.55%, 0, 0, 2, 4.01
1747778247, 0, 19, 1064, 1063, 35, 9.55%, 0, 0, 2, 6.33
1747778258, 0, 19, 1065, 1064, 35, 9.55%, 0, 0, 2, 5.27
1747778279, 0, 19, 1066, 1065, 35, 9.55%, 0, 0, 2, 4.42
1747778305, 0, 19, 1067, 1066, 35, 9.55%, 0, 0, 2, 5.83
1747778332, 0, 19, 1068, 1067, 35, 9.55%, 0, 0, 2, 6.55
1747778358, 0, 19, 1069, 1068, 35, 9.55%, 0, 0, 2, 6.37
1747778373, 0, 19, 1070, 1069, 35, 9.55%, 0, 0, 2, 1.28
1747778415, 0, 19, 1071, 1070, 35, 9.55%, 0, 0, 2, 5.23
1747778420, 0, 20, 1071, 1070, 35, 9.55%, 0, 0, 2, 5.27
1747778430, 0, 21, 1071, 1070, 35, 9.55%, 0, 0, 2, 5.96
1747778441, 0, 23, 1071, 1070, 35, 9.55%, 0, 0, 2, 6.73
1747778446, 0, 23, 1072, 1071, 35, 9.55%, 0, 0, 2, 5.80
1747778457, 0, 24, 1072, 1071, 35, 9.55%, 0, 0, 2, 6.73
1747778467, 0, 25, 1072, 1071, 35, 9.55%, 0, 0, 2, 6.11
1747778472, 0, 25, 1073, 1072, 35, 9.55%, 0, 0, 2, 6.07
1747778477, 0, 25, 1074, 1073, 35, 9.55%, 0, 0, 2, 6.54
1747778509, 0, 27, 1074, 1073, 35, 9.55%, 0, 0, 2, 6.97
1747778514, 0, 28, 1074, 1073, 35, 9.55%, 0, 0, 2, 7.76
1747778525, 0, 29, 1074, 1073, 35, 9.55%, 0, 0, 2, 6.67
1747778531, 0, 30, 1074, 1073, 35, 9.55%, 0, 0, 2, 6.41
1747778541, 0, 31, 1074, 1073, 35, 9.55%, 0, 0, 2, 9.40
1747778551, 0, 32, 1074, 1073, 35, 9.55%, 0, 0, 2, 6.93
1747778562, 0, 33, 1074, 1073, 35, 9.55%, 0, 0, 2, 7.42
1747778567, 0, 34, 1074, 1073, 35, 9.55%, 0, 0, 2, 6.83
1747778577, 0, 35, 1074, 1073, 35, 9.55%, 0, 0, 2, 7.20
1747778582, 0, 36, 1074, 1073, 35, 9.55%, 0, 0, 2, 6.98
1747778588, 0, 36, 1075, 1074, 35, 9.55%, 0, 0, 2, 5.19
1747778608, 0, 37, 1075, 1074, 35, 9.55%, 0, 0, 2, 6.25
1747778614, 0, 37, 1076, 1075, 35, 9.55%, 0, 0, 2, 4.40
1747778629, 0, 38, 1076, 1075, 35, 9.55%, 0, 0, 2, 7.77
1747778640, 0, 39, 1076, 1075, 35, 9.55%, 0, 0, 2, 10.10
1747778645, 0, 40, 1077, 1076, 35, 9.55%, 0, 0, 2, 1.64
1747778666, 0, 41, 1077, 1076, 35, 9.55%, 0, 0, 2, 6.24
1747778671, 0, 41, 1078, 1077, 35, 9.55%, 0, 0, 2, 5.00
1747778682, 0, 41, 1079, 1078, 35, 9.55%, 0, 0, 2, 4.34
1747778702, 0, 41, 1080, 1079, 35, 9.55%, 0, 0, 2, 5.82
1747778728, 0, 41, 1081, 1080, 35, 9.55%, 0, 0, 2, 5.68
1747778744, 0, 41, 1082, 1081, 35, 9.55%, 0, 0, 2, 6.47
1747778775, 0, 41, 1083, 1082, 35, 9.55%, 0, 0, 2, 5.94
1747778806, 0, 41, 1084, 1083, 35, 9.55%, 0, 0, 2, 4.88
1747778911, 0, 41, 1085, 1084, 35, 9.55%, 0, 0, 2, 6.33
1747778974, 0, 41, 1086, 1085, 35, 9.55%, 0, 0, 2, 4.72
1747778979, 0, 42, 1086, 1085, 35, 9.55%, 0, 0, 2, 5.52
1747778985, 0, 42, 1087, 1086, 35, 9.55%, 0, 0, 2, 5.11
1747779006, 0, 43, 1088, 1087, 35, 9.55%, 0, 0, 2, 5.98
1747779021, 0, 44, 1088, 1087, 35, 9.55%, 0, 0, 2, 7.13
1747779031, 0, 45, 1088, 1087, 35, 9.55%, 0, 0, 2, 6.70
1747779041, 0, 46, 1088, 1087, 35, 9.55%, 0, 0, 2, 6.99
1747779046, 0, 47, 1088, 1087, 35, 9.55%, 0, 0, 2, 6.97
1747779057, 0, 48, 1088, 1087, 35, 9.55%, 0, 0, 2, 5.95
1747779073, 0, 49, 1089, 1088, 35, 9.55%, 0, 0, 2, 5.13
1747779088, 0, 50, 1089, 1088, 35, 9.55%, 0, 0, 2, 6.62
1747779098, 0, 51, 1089, 1088, 35, 9.55%, 0, 0, 2, 7.73
1747779103, 0, 54, 1089, 1088, 35, 9.55%, 0, 0, 2, 7.22
1747779114, 0, 55, 1089, 1088, 35, 9.55%, 0, 0, 2, 6.39
1747779124, 0, 56, 1089, 1088, 35, 9.55%, 0, 0, 2, 6.95
1747779129, 0, 57, 1089, 1088, 35, 9.55%, 0, 0, 2, 6.55
1747779139, 0, 58, 1089, 1088, 35, 9.55%, 0, 0, 2, 5.61
1747779150, 0, 59, 1089, 1088, 35, 9.55%, 0, 0, 2, 7.00
1747779155, 0, 60, 1089, 1088, 35, 9.55%, 0, 0, 2, 10.34
1747779165, 0, 61, 1089, 1088, 35, 9.55%, 0, 0, 2, 9.00
1747779170, 0, 62, 1089, 1088, 35, 9.55%, 0, 0, 2, 7.59
1747779181, 0, 63, 1089, 1088, 35, 9.55%, 0, 0, 2, 7.67
1747779186, 0, 64, 1089, 1088, 35, 9.55%, 0, 0, 2, 8.96
1747779197, 0, 65, 1090, 1089, 35, 9.55%, 0, 0, 2, 5.51
1747779218, 0, 65, 1091, 1090, 35, 9.55%, 0, 0, 2, 5.02
1747779239, 0, 65, 1092, 1091, 35, 9.55%, 0, 0, 2, 5.18
1747779280, 0, 65, 1093, 1092, 35, 9.55%, 0, 0, 2, 1.62
1747779285, 0, 65, 1094, 1093, 35, 9.55%, 0, 0, 2, 12.24
1747779326, 0, 65, 1095, 1094, 35, 9.55%, 0, 0, 2, 3.96
1747779352, 0, 65, 1096, 1095, 35, 9.55%, 0, 0, 2, 5.88
1747779357, 0, 65, 1097, 1096, 35, 9.55%, 0, 0, 2, 7.10
1747779373, 0, 65, 1098, 1097, 35, 9.55%, 0, 0, 2, 5.02
1747779383, 0, 65, 1099, 1098, 35, 9.55%, 0, 0, 2, 4.32
1747779507, 0, 65, 1100, 1099, 35, 9.55%, 0, 0, 2, 5.60
1747779517, 0, 67, 1100, 1099, 35, 9.55%, 0, 0, 2, 5.61
1747779522, 0, 67, 1101, 1100, 35, 9.55%, 0, 0, 2, 6.28
1747779538, 0, 68, 1102, 1101, 36, 9.55%, 0, 0, 2, 7.05
1747779553, 0, 70, 1102, 1101, 36, 9.55%, 0, 0, 2, 6.63
1747779564, 0, 71, 1102, 1101, 36, 9.55%, 0, 0, 2, 6.64
1747779569, 0, 72, 1102, 1101, 36, 9.55%, 0, 0, 2, 7.33
1747779579, 0, 73, 1102, 1101, 36, 9.55%, 0, 0, 2, 5.55
1747779591, 0, 74, 1102, 1101, 36, 9.55%, 0, 0, 2, 6.01
1747779601, 0, 75, 1102, 1101, 36, 9.55%, 0, 0, 2, 6.09
1747779606, 0, 76, 1102, 1101, 36, 9.55%, 0, 0, 2, 5.72
1747779617, 0, 76, 1103, 1102, 36, 9.55%, 0, 0, 2, 4.54
1747779622, 0, 76, 1104, 1103, 36, 9.55%, 0, 0, 2, 4.27
1747779648, 0, 76, 1105, 1104, 36, 9.55%, 0, 0, 2, 5.70
1747779674, 0, 76, 1106, 1105, 36, 9.55%, 0, 0, 2, 6.47
1747779685, 0, 76, 1107, 1106, 36, 9.55%, 0, 0, 2, 5.24
1747779747, 0, 76, 1108, 1107, 36, 9.55%, 0, 0, 2, 6.93
1747779851, 0, 76, 1109, 1108, 36, 9.55%, 0, 0, 2, 5.30
1747779872, 0, 76, 1110, 1109, 36, 9.55%, 0, 0, 2, 5.96
1747779914, 0, 76, 1111, 1110, 36, 9.55%, 0, 0, 2, 5.93
1747779924, 0, 77, 1112, 1111, 36, 9.55%, 0, 0, 2, 5.36
1747779945, 0, 78, 1112, 1111, 36, 9.55%, 0, 0, 2, 5.26
1747779950, 0, 81, 1112, 1111, 36, 9.55%, 0, 0, 2, 6.30
1747779961, 0, 82, 1112, 1111, 36, 9.55%, 0, 0, 2, 5.76
1747779972, 0, 83, 1112, 1111, 36, 9.55%, 0, 0, 2, 6.65
1747779977, 0, 83, 1113, 1112, 36, 9.55%, 0, 0, 2, 5.29
1747779987, 0, 83, 1114, 1113, 36, 9.55%, 0, 0, 2, 5.29
1747779998, 0, 83, 1115, 1114, 36, 9.56%, 0, 0, 2, 3.94
1747780014, 0, 83, 1116, 1115, 36, 9.56%, 0, 0, 2, 6.08
1747780123, 0, 84, 1116, 1115, 34, 9.56%, 0, 0, 2, 6.48
1747780134, 0, 85, 1117, 1116, 34, 9.56%, 0, 0, 2, 5.40
1747780150, 0, 85, 1118, 1117, 34, 9.56%, 0, 0, 2, 5.17
1747780160, 0, 85, 1119, 1118, 34, 9.56%, 0, 0, 2, 5.01
1747780218, 0, 86, 1119, 1118, 34, 9.56%, 0, 0, 2, 4.52
1747780223, 0, 87, 1119, 1118, 34, 9.56%, 0, 0, 2, 5.23
1747780233, 0, 88, 1119, 1118, 34, 9.56%, 0, 0, 2, 6.74
1747780243, 0, 91, 1119, 1118, 34, 9.56%, 0, 0, 2, 5.34
1747780253, 0, 92, 1119, 1118, 34, 9.56%, 0, 0, 2, 6.52
1747780259, 0, 94, 1119, 1118, 34, 9.56%, 0, 0, 2, 7.30
1747780269, 0, 96, 1119, 1118, 34, 9.56%, 0, 0, 2, 6.68
1747780279, 0, 97, 1119, 1118, 34, 9.56%, 0, 0, 2, 6.02
1747780289, 0, 98, 1119, 1118, 34, 9.56%, 0, 0, 2, 6.32
1747780295, 0, 99, 1119, 1118, 34, 9.56%, 0, 0, 2, 1.37
1747780305, 0, 100, 1119, 1118, 34, 9.56%, 0, 0, 2, 7.10
1747780310, 0, 101, 1119, 1118, 34, 9.56%, 0, 0, 2, 9.49
1747780320, 0, 103, 1119, 1118, 34, 9.56%, 0, 0, 2, 7.95
1747780330, 0, 104, 1119, 1118, 34, 9.56%, 0, 0, 2, 6.60
1747780336, 0, 105, 1119, 1118, 34, 9.56%, 0, 0, 2, 6.83
1747780347, 0, 106, 1120, 1119, 34, 9.56%, 0, 0, 2, 4.76
1747780368, 0, 108, 1120, 1119, 34, 9.56%, 0, 0, 2, 10.29
1747780378, 0, 109, 1120, 1119, 34, 9.56%, 0, 0, 2, 5.08
1747780384, 0, 110, 1120, 1119, 34, 9.56%, 0, 0, 2, 6.09
1747780394, 0, 111, 1120, 1119, 34, 9.56%, 0, 0, 2, 7.43
1747780399, 0, 112, 1120, 1119, 34, 9.56%, 0, 0, 2, 7.52
1747780409, 0, 113, 1121, 1120, 34, 9.56%, 0, 0, 2, 6.36
1747780435, 0, 115, 1121, 1120, 34, 9.56%, 0, 0, 2, 1.35
1747780441, 0, 116, 1121, 1120, 34, 9.56%, 0, 0, 2, 1.36
1747780446, 0, 116, 1122, 1121, 34, 9.56%, 0, 0, 2, 6.43
1747780451, 0, 116, 1123, 1122, 34, 9.56%, 0, 0, 2, 5.23
1747780493, 0, 117, 1123, 1122, 34, 9.56%, 0, 0, 2, 6.37
1747780498, 0, 118, 1123, 1122, 34, 9.56%, 0, 0, 2, 6.27
1747780508, 0, 119, 1123, 1122, 34, 9.56%, 0, 0, 2, 6.91
1747780514, 0, 120, 1123, 1122, 34, 9.56%, 0, 0, 2, 7.67
1747780524, 0, 121, 1123, 1122, 34, 9.56%, 0, 0, 2, 7.20
1747780529, 0, 122, 1123, 1122, 34, 9.56%, 0, 0, 2, 7.04
1747780540, 0, 124, 1123, 1122, 34, 9.56%, 0, 0, 2, 6.82
1747780545, 0, 126, 1123, 1122, 34, 9.56%, 0, 0, 2, 6.79
1747780555, 0, 127, 1123, 1122, 34, 9.56%, 0, 0, 2, 6.39
1747780566, 0, 128, 1123, 1122, 34, 9.56%, 0, 0, 2, 7.60
1747780571, 0, 130, 1123, 1122, 34, 9.56%, 0, 0, 2, 7.08
1747780582, 0, 131, 1123, 1122, 34, 9.56%, 0, 0, 2, 7.42
1747780587, 0, 132, 1123, 1122, 34, 9.56%, 0, 0, 2, 7.22
1747780598, 0, 133, 1123, 1122, 34, 9.56%, 0, 0, 2, 6.47
1747780608, 0, 134, 1123, 1122, 34, 9.56%, 0, 0, 2, 6.22
1747780618, 0, 136, 1123, 1122, 34, 9.56%, 0, 0, 2, 5.61
1747780623, 0, 137, 1123, 1122, 34, 9.56%, 0, 0, 2, 6.96
1747780634, 0, 138, 1123, 1122, 34, 9.56%, 0, 0, 2, 6.61
1747780639, 0, 139, 1123, 1122, 34, 9.56%, 0, 0, 2, 7.24
1747780650, 0, 141, 1123, 1122, 34, 9.56%, 0, 0, 2, 6.47
1747780660, 0, 142, 1123, 1122, 34, 9.56%, 0, 0, 2, 6.76
1747780665, 0, 144, 1124, 1123, 34, 9.56%, 0, 0, 2, 6.07
1747780676, 0, 144, 1125, 1124, 34, 9.56%, 0, 0, 2, 7.10
1747780686, 0, 144, 1126, 1125, 34, 9.56%, 0, 0, 2, 4.29
1747780696, 0, 144, 1127, 1126, 34, 9.56%, 0, 0, 2, 5.48
1747780809, 0, 145, 1127, 1126, 35, 9.56%, 0, 0, 2, 6.99
1747780820, 0, 146, 1127, 1126, 35, 9.56%, 0, 0, 2, 8.26
1747780830, 0, 147, 1127, 1126, 35, 9.56%, 0, 0, 2, 6.43
1747780835, 0, 148, 1127, 1126, 35, 9.56%, 0, 0, 2, 5.56
1747780846, 0, 149, 1127, 1126, 35, 9.56%, 0, 0, 2, 5.34
1747780856, 0, 150, 1127, 1126, 35, 9.56%, 0, 0, 2, 6.11
1747780867, 0, 151, 1127, 1126, 35, 9.56%, 0, 0, 2, 5.71
1747780877, 0, 152, 1127, 1126, 35, 9.56%, 0, 0, 2, 5.82
1747780888, 0, 155, 1127, 1126, 35, 9.56%, 0, 0, 2, 6.26
1747780893, 0, 155, 1128, 1127, 35, 9.56%, 0, 0, 2, 4.78
1747780908, 0, 155, 1129, 1128, 35, 9.56%, 0, 0, 2, 4.61
1747780934, 0, 156, 1129, 1128, 35, 9.56%, 0, 0, 2, 7.94
1747780945, 0, 157, 1129, 1128, 35, 9.56%, 0, 0, 2, 6.41
1747780955, 0, 158, 1130, 1129, 35, 9.56%, 0, 0, 2, 6.97
1747780976, 0, 159, 1130, 1129, 35, 9.56%, 0, 0, 2, 6.21
1747780987, 0, 160, 1130, 1129, 35, 9.56%, 0, 0, 2, 6.62
1747780997, 0, 161, 1130, 1129, 35, 9.56%, 0, 0, 2, 9.76
1747781002, 0, 163, 1130, 1129, 35, 9.56%, 0, 0, 2, 8.38
1747781007, 0, 164, 1130, 1129, 35, 9.56%, 0, 0, 2, 7.32
1747781018, 0, 165, 1130, 1129, 35, 9.56%, 0, 0, 2, 18.82
1747781059, 0, 166, 1130, 1128, 35, 9.56%, 0, 0, 2, 14.61
1747781069, 0, 167, 1130, 1128, 35, 9.56%, 0, 0, 2, 6.62
1747781080, 0, 168, 1130, 1128, 35, 9.56%, 0, 0, 2, 5.67
1747781090, 0, 169, 1130, 1128, 35, 9.56%, 0, 0, 2, 6.73
1747781100, 0, 170, 1130, 1128, 35, 9.56%, 0, 0, 2, 6.59
1747781105, 0, 170, 1131, 1129, 35, 9.56%, 0, 0, 3, 4.94
1747781121, 0, 171, 1131, 1129, 35, 9.56%, 0, 0, 3, 6.82
1747781132, 0, 172, 1131, 1129, 35, 9.56%, 0, 0, 3, 5.84
1747781143, 0, 173, 1131, 1129, 35, 9.56%, 0, 0, 3, 8.17
1747781148, 0, 174, 1131, 1129, 35, 9.56%, 0, 0, 3, 7.14
1747781158, 0, 175, 1131, 1129, 35, 9.56%, 0, 0, 3, 7.15
1747781168, 0, 177, 1131, 1129, 35, 9.56%, 0, 0, 3, 6.94
1747781174, 0, 178, 1131, 1129, 35, 9.56%, 0, 0, 3, 6.88
1747781184, 0, 180, 1131, 1129, 35, 9.56%, 0, 0, 3, 5.81
1747781194, 0, 181, 1131, 1129, 35, 9.56%, 0, 0, 3, 6.39
1747781199, 0, 182, 1131, 1129, 35, 9.56%, 0, 0, 3, 6.84
1747781210, 0, 183, 1131, 1129, 35, 9.56%, 0, 0, 3, 8.56
1747781220, 0, 184, 1131, 1129, 35, 9.56%, 0, 0, 3, 7.52
1747781225, 0, 185, 1131, 1129, 35, 9.56%, 0, 0, 3, 10.99
1747781235, 0, 186, 1131, 1129, 35, 9.56%, 0, 0, 3, 6.79
1747781246, 0, 187, 1131, 1129, 35, 9.56%, 0, 0, 3, 5.79
1747781256, 0, 189, 1131, 1129, 35, 9.56%, 0, 0, 3, 2.49
1747781262, 0, 190, 1131, 1129, 35, 9.56%, 0, 0, 3, 4.11
1747781272, 0, 191, 1131, 1129, 35, 9.56%, 0, 0, 3, 6.23
1747781282, 0, 192, 1131, 1129, 35, 9.56%, 0, 0, 3, 6.73
1747781287, 0, 193, 1131, 1129, 35, 9.56%, 0, 0, 3, 7.87
1747781298, 0, 193, 1132, 1130, 35, 9.56%, 0, 0, 3, 2.03
1747781309, 0, 193, 1133, 1131, 35, 9.56%, 0, 0, 3, 4.13
1747781335, 0, 194, 1133, 1131, 35, 9.56%, 0, 0, 3, 8.06
1747781346, 0, 195, 1133, 1131, 35, 9.56%, 0, 0, 3, 7.20
1747781351, 0, 196, 1133, 1131, 35, 9.56%, 0, 0, 3, 6.75
1747781361, 0, 198, 1133, 1131, 35, 9.56%, 0, 0, 3, 5.96
1747781366, 0, 199, 1133, 1131, 35, 9.56%, 0, 0, 3, 7.20
1747781376, 0, 200, 1133, 1131, 35, 9.56%, 0, 0, 3, 7.17
1747781382, 0, 203, 1133, 1131, 35, 9.56%, 0, 0, 3, 8.16
1747781392, 0, 204, 1133, 1131, 35, 9.56%, 0, 0, 3, 8.57
1747781403, 0, 205, 1133, 1131, 35, 9.56%, 0, 0, 3, 6.62
1747781408, 0, 206, 1133, 1131, 35, 9.56%, 0, 0, 3, 7.60
1747781418, 0, 208, 1133, 1131, 35, 9.56%, 0, 0, 3, 7.21
1747781428, 0, 209, 1133, 1131, 35, 9.56%, 0, 0, 3, 7.09
1747781439, 0, 210, 1133, 1131, 35, 9.56%, 0, 0, 3, 10.78
1747781449, 0, 212, 1133, 1131, 35, 9.56%, 0, 0, 3, 2.01
1747781460, 0, 217, 1133, 1131, 35, 9.56%, 0, 0, 3, 5.96
1747781465, 0, 218, 1133, 1131, 35, 9.56%, 0, 0, 3, 6.00
1747781475, 0, 219, 1133, 1131, 35, 9.56%, 0, 0, 3, 7.33
1747781480, 0, 221, 1133, 1131, 35, 9.56%, 0, 0, 3, 6.63
1747781491, 0, 222, 1133, 1131, 35, 9.56%, 0, 0, 3, 7.60
1747781496, 0, 222, 1134, 1132, 35, 9.56%, 0, 0, 3, 5.48
1747781502, 0, 222, 1135, 1133, 35, 9.56%, 0, 0, 3, 4.06
1747781532, 0, 223, 1135, 1133, 35, 9.56%, 0, 0, 3, 6.12
1747781543, 0, 225, 1135, 1133, 35, 9.56%, 0, 0, 3, 6.17
1747781554, 0, 226, 1135, 1133, 35, 9.56%, 0, 0, 3, 6.40
1747781564, 0, 227, 1135, 1133, 35, 9.56%, 0, 0, 3, 6.73
1747781570, 0, 228, 1136, 1134, 35, 9.56%, 0, 0, 3, 6.11
1747781596, 0, 229, 1136, 1134, 35, 9.56%, 0, 0, 3, 6.25
1747781606, 0, 230, 1136, 1134, 35, 9.56%, 0, 0, 3, 6.64
1747781617, 0, 231, 1136, 1134, 35, 9.56%, 0, 0, 3, 4.92
1747781627, 0, 232, 1136, 1134, 35, 9.56%, 0, 0, 3, 5.69
1747781638, 0, 233, 1136, 1134, 35, 9.56%, 0, 0, 3, 6.29
1747781643, 0, 235, 1136, 1134, 35, 9.56%, 0, 0, 3, 5.89
1747781653, 0, 236, 1136, 1134, 35, 9.56%, 0, 0, 3, 6.25
1747781664, 0, 237, 1136, 1134, 35, 9.56%, 0, 0, 3, 5.82
1747781674, 0, 238, 1136, 1134, 35, 9.56%, 0, 0, 3, 7.43
1747781680, 0, 241, 1136, 1134, 35, 9.56%, 0, 0, 3, 6.42
1747781690, 0, 242, 1136, 1134, 35, 9.56%, 0, 0, 3, 1.36
1747781700, 0, 244, 1136, 1134, 35, 9.56%, 0, 0, 3, 6.25
1747781705, 0, 244, 1137, 1135, 35, 9.56%, 0, 0, 3, 7.06
1747781715, 0, 245, 1137, 1135, 35, 9.56%, 0, 0, 3, 6.90
1747781726, 0, 246, 1137, 1135, 35, 9.56%, 0, 0, 3, 2.61
1747781731, 0, 247, 1137, 1135, 35, 9.56%, 0, 0, 3, 5.49
1747781742, 0, 248, 1137, 1135, 35, 9.56%, 0, 0, 3, 5.98
1747781752, 0, 249, 1137, 1135, 35, 9.56%, 0, 0, 3, 7.43
1747781757, 0, 251, 1137, 1135, 35, 9.56%, 0, 0, 3, 7.30
1747781767, 0, 252, 1137, 1135, 35, 9.56%, 0, 0, 3, 6.70
1747781778, 0, 255, 1138, 1136, 35, 9.56%, 0, 0, 3, 6.03
1747781799, 0, 257, 1138, 1136, 35, 9.56%, 0, 0, 3, 5.80
1747781809, 0, 258, 1138, 1136, 35, 9.56%, 0, 0, 3, 6.62
1747781819, 0, 259, 1139, 1137, 35, 9.56%, 0, 0, 3, 7.00
1747781835, 0, 260, 1139, 1137, 35, 9.56%, 0, 0, 3, 6.73
1747781846, 0, 261, 1139, 1137, 35, 9.56%, 0, 0, 3, 6.24
1747781851, 0, 262, 1139, 1137, 35, 9.56%, 0, 0, 3, 7.11
1747781861, 0, 264, 1139, 1137, 35, 9.56%, 0, 0, 3, 11.54
1747781872, 0, 265, 1139, 1137, 35, 9.56%, 0, 0, 3, 6.60
1747781877, 0, 265, 1140, 1138, 35, 9.56%, 0, 0, 3, 4.80
1747781893, 0, 266, 1140, 1138, 35, 9.56%, 0, 0, 3, 6.21
1747781898, 0, 266, 1141, 1139, 35, 9.56%, 0, 0, 3, 4.76
1747781918, 0, 267, 1141, 1139, 35, 9.56%, 0, 0, 3, 6.57
1747781929, 0, 268, 1141, 1139, 35, 9.56%, 0, 0, 3, 6.73
1747781934, 0, 269, 1141, 1139, 35, 9.56%, 0, 0, 3, 6.25
1747781944, 0, 270, 1141, 1139, 35, 9.56%, 0, 0, 3, 6.14
1747781954, 0, 271, 1141, 1139, 35, 9.56%, 0, 0, 3, 6.68
1747781960, 0, 272, 1141, 1139, 35, 9.56%, 0, 0, 3, 6.78
1747781970, 0, 274, 1141, 1139, 35, 9.56%, 0, 0, 3, 6.11
1747781980, 0, 275, 1141, 1139, 35, 9.56%, 0, 0, 3, 5.67
1747781986, 0, 276, 1141, 1139, 35, 9.56%, 0, 0, 3, 5.89
1747781996, 0, 277, 1141, 1139, 35, 9.56%, 0, 0, 3, 6.68
1747782006, 0, 278, 1141, 1139, 35, 9.56%, 0, 0, 3, 6.60
1747782011, 0, 279, 1141, 1139, 35, 9.56%, 0, 0, 3, 6.28
1747782022, 0, 281, 1141, 1139, 35, 9.56%, 0, 0, 3, 6.38
1747782027, 0, 281, 1142, 1140, 35, 9.56%, 0, 0, 3, 5.04
1747782038, 0, 281, 1143, 1141, 35, 9.57%, 0, 0, 3, 5.78
1747782064, 0, 281, 1144, 1142, 35, 9.57%, 0, 0, 3, 5.40
1747782085, 0, 281, 1145, 1143, 35, 9.57%, 0, 0, 3, 6.74
1747782106, 0, 281, 1146, 1144, 35, 9.57%, 0, 0, 3, 5.00
1747782288, 0, 281, 1147, 1145, 35, 9.57%, 0, 0, 3, 1.23
1747782305, 0, 281, 1148, 1146, 35, 9.57%, 0, 0, 3, 4.73
1747782346, 0, 282, 1148, 1146, 35, 9.57%, 0, 0, 3, 6.63
1747782351, 0, 283, 1148, 1146, 35, 9.57%, 0, 0, 3, 6.86
1747782361, 0, 284, 1148, 1146, 35, 9.57%, 0, 0, 3, 6.77
1747782372, 0, 288, 1148, 1146, 35, 9.57%, 0, 0, 3, 5.39
1747782382, 0, 289, 1148, 1146, 35, 9.57%, 0, 0, 3, 6.77
1747782387, 0, 291, 1148, 1146, 35, 9.57%, 0, 0, 3, 6.43
1747782398, 0, 294, 1148, 1146, 35, 9.57%, 0, 0, 3, 6.95
1747782408, 0, 295, 1148, 1146, 35, 9.57%, 0, 0, 3, 6.67
1747782413, 0, 296, 1148, 1146, 35, 9.57%, 0, 0, 3, 13.04
1747782424, 0, 298, 1148, 1146, 35, 9.57%, 0, 0, 3, 7.04
1747782429, 0, 299, 1148, 1146, 35, 9.57%, 0, 0, 3, 7.21
1747782439, 0, 300, 1148, 1146, 35, 9.57%, 0, 0, 3, 5.99
1747782450, 0, 300, 1149, 1147, 35, 9.57%, 0, 0, 3, 4.62
1747782465, 0, 302, 1149, 1147, 35, 9.57%, 0, 0, 3, 5.86
1747782476, 0, 303, 1149, 1147, 35, 9.57%, 0, 0, 3, 5.89
1747782481, 0, 306, 1149, 1147, 35, 9.57%, 0, 0, 3, 5.83
1747782487, 0, 306, 1150, 1148, 35, 9.57%, 0, 0, 3, 5.41
1747782509, 0, 307, 1150, 1148, 35, 9.57%, 0, 0, 3, 12.20
1747782514, 0, 308, 1150, 1148, 35, 9.57%, 0, 0, 3, 8.38
1747782524, 0, 309, 1150, 1148, 35, 9.57%, 0, 0, 3, 6.26
1747782535, 0, 310, 1150, 1148, 35, 9.57%, 0, 0, 3, 7.08
1747782540, 0, 311, 1150, 1148, 35, 9.57%, 0, 0, 3, 7.52
1747782550, 0, 314, 1150, 1148, 35, 9.57%, 0, 0, 3, 2.73
1747782561, 0, 315, 1150, 1148, 35, 9.57%, 0, 0, 3, 5.46
1747782571, 0, 316, 1150, 1148, 35, 9.57%, 0, 0, 3, 5.28
1747782582, 0, 317, 1150, 1148, 35, 9.57%, 0, 0, 3, 6.36
1747782587, 0, 318, 1150, 1148, 35, 9.57%, 0, 0, 3, 6.60
1747782598, 0, 319, 1150, 1148, 35, 9.57%, 0, 0, 3, 6.05
1747782608, 0, 320, 1150, 1148, 35, 9.57%, 0, 0, 3, 6.52
1747782614, 0, 321, 1150, 1148, 35, 9.57%, 0, 0, 3, 6.56
1747782624, 0, 323, 1150, 1148, 35, 9.57%, 0, 0, 3, 10.97
1747782630, 0, 323, 1151, 1149, 35, 9.57%, 0, 0, 3, 1.51
1747782645, 0, 323, 1152, 1150, 35, 9.61%, 0, 0, 3, 1.21
1747782671, 0, 325, 1152, 1150, 35, 9.61%, 0, 0, 3, 6.87
1747782682, 0, 326, 1152, 1150, 35, 9.61%, 0, 0, 3, 6.59
1747782687, 0, 327, 1152, 1150, 35, 9.61%, 0, 0, 3, 7.78
1747782698, 0, 327, 1153, 1151, 35, 9.61%, 0, 0, 3, 1.22
1747782703, 0, 327, 1154, 1152, 35, 9.61%, 0, 0, 3, 1.47
1747782714, 0, 327, 1155, 1153, 35, 9.61%, 0, 0, 3, 10.45
1747782751, 0, 327, 1156, 1154, 35, 9.61%, 0, 0, 3, 1.24
1747782762, 0, 327, 1157, 1155, 35, 9.61%, 0, 0, 3, 1.18
1747782835, 0, 327, 1158, 1156, 35, 9.61%, 0, 0, 3, 2.45
1747782856, 0, 327, 1159, 1157, 35, 9.61%, 0, 0, 3, 4.12
1747782862, 0, 327, 1160, 1158, 35, 9.61%, 0, 0, 3, 3.94
1747782887, 0, 327, 1161, 1159, 35, 9.61%, 0, 0, 3, 1.25
1747782898, 0, 327, 1162, 1160, 35, 9.61%, 0, 0, 3, 1.19
1747782924, 0, 327, 1163, 1161, 35, 9.63%, 0, 0, 3, 5.55
1747782961, 0, 327, 1164, 1162, 35, 9.63%, 0, 0, 3, 7.44
1747783034, 0, 328, 1164, 1162, 36, 9.63%, 0, 0, 3, 6.90
1747783044, 0, 329, 1164, 1162, 36, 9.63%, 0, 0, 3, 6.57
1747783049, 0, 330, 1164, 1162, 36, 9.63%, 0, 0, 3, 7.15
1747783060, 0, 332, 1164, 1162, 36, 9.63%, 0, 0, 3, 8.01
1747783065, 0, 334, 1164, 1162, 36, 9.63%, 0, 0, 3, 7.35
1747783075, 0, 335, 1164, 1162, 36, 9.63%, 0, 0, 3, 6.52
1747783080, 0, 336, 1164, 1162, 36, 9.63%, 0, 0, 3, 6.58
1747783090, 0, 337, 1165, 1163, 36, 9.63%, 0, 0, 3, 6.34
1747783111, 0, 337, 1166, 1164, 36, 9.63%, 0, 0, 3, 5.96
1747783123, 0, 337, 1167, 1165, 36, 9.63%, 0, 0, 3, 4.71
1747783134, 0, 337, 1168, 1166, 36, 9.63%, 0, 0, 3, 4.55
1747783175, 0, 337, 1169, 1167, 36, 9.63%, 0, 0, 3, 5.10
1747783211, 0, 337, 1170, 1168, 36, 9.63%, 0, 0, 3, 1.29
1747783248, 0, 337, 1171, 1169, 36, 9.63%, 0, 0, 3, 4.75
1747783258, 0, 337, 1172, 1170, 36, 9.63%, 0, 0, 3, 4.18
1747783347, 0, 337, 1173, 1171, 36, 9.63%, 0, 0, 3, 1.18
1747783363, 0, 337, 1174, 1172, 36, 9.63%, 0, 0, 3, 2.00
1747783431, 0, 338, 1174, 1172, 36, 9.63%, 0, 0, 3, 6.59
1747783436, 0, 338, 1175, 1173, 36, 9.63%, 0, 0, 3, 1.09
1747783457, 0, 339, 1175, 1173, 36, 9.63%, 0, 0, 3, 6.90
1747783468, 0, 341, 1175, 1173, 36, 9.63%, 0, 0, 3, 6.74
1747783473, 0, 342, 1176, 1174, 36, 9.63%, 0, 0, 3, 5.73
1747783494, 0, 343, 1176, 1174, 36, 9.63%, 0, 0, 3, 12.41
1747783504, 0, 345, 1176, 1174, 36, 9.63%, 0, 0, 3, 6.74
1747783515, 0, 346, 1176, 1174, 36, 9.63%, 0, 0, 3, 6.74
1747783520, 0, 348, 1176, 1174, 36, 9.63%, 0, 0, 3, 7.13
1747783530, 0, 349, 1176, 1174, 36, 9.63%, 0, 0, 3, 6.23
1747783541, 0, 350, 1176, 1174, 36, 9.63%, 0, 0, 3, 6.10
1747783546, 0, 351, 1176, 1174, 36, 9.63%, 0, 0, 3, 6.59
1747783556, 0, 354, 1176, 1174, 36, 9.63%, 0, 0, 3, 7.63
1747783561, 0, 356, 1176, 1174, 36, 9.63%, 0, 0, 3, 6.78
1747783572, 0, 358, 1176, 1174, 36, 9.63%, 0, 0, 3, 1.47
1747783577, 0, 358, 1177, 1175, 36, 9.63%, 0, 0, 3, 2.71
1747783593, 0, 359, 1177, 1175, 36, 9.63%, 0, 0, 3, 6.70
1747783598, 0, 360, 1177, 1175, 36, 9.63%, 0, 0, 3, 9.03
1747783608, 0, 361, 1177, 1175, 36, 9.63%, 0, 0, 3, 6.24
1747783619, 0, 362, 1178, 1176, 36, 9.63%, 0, 0, 3, 1.19
1747783645, 0, 363, 1178, 1176, 36, 9.63%, 0, 0, 3, 5.72
1747783650, 0, 364, 1178, 1176, 36, 9.63%, 0, 0, 3, 6.36
1747783661, 0, 366, 1178, 1176, 36, 9.63%, 0, 0, 3, 5.48
1747783671, 0, 367, 1178, 1176, 36, 9.63%, 0, 0, 3, 7.61
1747783681, 0, 369, 1178, 1176, 36, 9.63%, 0, 0, 3, 6.28
1747783687, 0, 369, 1179, 1177, 36, 9.63%, 0, 0, 3, 1.10
1747783709, 0, 370, 1179, 1177, 36, 9.63%, 0, 0, 3, 11.22
1747783714, 0, 371, 1179, 1177, 36, 9.63%, 0, 0, 3, 7.93
1747783724, 0, 372, 1179, 1177, 36, 9.63%, 0, 0, 3, 6.12
1747783740, 0, 373, 1179, 1177, 36, 9.63%, 0, 0, 3, 6.10
1747783746, 0, 374, 1179, 1177, 36, 9.63%, 0, 0, 3, 6.00
1747783756, 0, 375, 1179, 1177, 36, 9.63%, 0, 0, 3, 6.84
1747783766, 0, 376, 1179, 1177, 36, 9.63%, 0, 0, 3, 7.36
1747783772, 0, 377, 1179, 1177, 36, 9.63%, 0, 0, 3, 5.76
1747783782, 0, 378, 1179, 1177, 36, 9.63%, 0, 0, 3, 6.68
1747783793, 0, 378, 1180, 1178, 36, 9.63%, 0, 0, 3, 4.81
1747783809, 0, 379, 1180, 1178, 36, 9.63%, 0, 0, 3, 7.17
1747783821, 0, 380, 1180, 1178, 36, 9.63%, 0, 0, 3, 6.01
1747783826, 0, 381, 1180, 1178, 36, 9.63%, 0, 0, 3, 6.79
1747783836, 0, 383, 1180, 1178, 36, 9.63%, 0, 0, 3, 2.03
1747783847, 0, 384, 1180, 1178, 36, 9.63%, 0, 0, 3, 6.39
1747783852, 0, 385, 1180, 1178, 36, 9.63%, 0, 0, 3, 6.13
1747783863, 0, 386, 1180, 1178, 36, 9.63%, 0, 0, 3, 7.00
1747783873, 0, 387, 1180, 1178, 36, 9.63%, 0, 0, 3, 6.14
1747783878, 0, 388, 1180, 1178, 36, 9.63%, 0, 0, 3, 6.85
1747783883, 0, 388, 1181, 1179, 36, 9.63%, 0, 0, 3, 5.62
1747783899, 0, 390, 1181, 1179, 36, 9.63%, 0, 0, 3, 7.84
1747783909, 0, 392, 1181, 1179, 36, 9.63%, 0, 0, 3, 5.15
1747783920, 0, 393, 1181, 1179, 36, 9.63%, 0, 0, 3, 1.89
1747783925, 0, 394, 1181, 1179, 36, 9.63%, 0, 0, 3, 5.13
1747783935, 0, 395, 1181, 1179, 36, 9.63%, 0, 0, 3, 6.92
1747783946, 0, 396, 1181, 1179, 36, 9.63%, 0, 0, 3, 4.51
1747783951, 0, 399, 1181, 1179, 36, 9.63%, 0, 0, 3, 6.47
1747783961, 0, 400, 1181, 1179, 36, 9.63%, 0, 0, 3, 5.68
1747783967, 0, 400, 1182, 1180, 36, 9.63%, 0, 0, 3, 1.12
1747783983, 0, 400, 1183, 1181, 36, 9.63%, 0, 0, 3, 4.03
1747784009, 0, 400, 1184, 1182, 36, 9.63%, 0, 0, 3, 5.55
1747784026, 0, 400, 1185, 1183, 36, 9.63%, 0, 0, 3, 1.11
1747784130, 0, 401, 1185, 1183, 36, 9.63%, 0, 0, 3, 6.22
1747784140, 0, 403, 1185, 1183, 36, 9.63%, 0, 0, 3, 6.60
1747784146, 0, 405, 1185, 1183, 36, 9.63%, 0, 0, 3, 7.46
1747784156, 0, 407, 1185, 1183, 36, 9.63%, 0, 0, 3, 6.53
1747784167, 0, 408, 1185, 1183, 36, 9.63%, 0, 0, 3, 6.16
1747784177, 0, 409, 1185, 1183, 36, 9.63%, 0, 0, 3, 6.35
1747784187, 0, 410, 1185, 1183, 36, 9.63%, 0, 0, 3, 5.68
1747784192, 0, 412, 1185, 1183, 36, 9.63%, 0, 0, 3, 6.11
1747784203, 0, 413, 1185, 1183, 36, 9.63%, 0, 0, 3, 4.98
1747784214, 0, 414, 1185, 1183, 36, 9.63%, 0, 0, 3, 5.23
1747784225, 0, 416, 1185, 1183, 36, 9.63%, 0, 0, 3, 5.38
1747784235, 0, 417, 1185, 1183, 36, 9.63%, 0, 0, 3, 5.42
1747784246, 0, 419, 1185, 1183, 36, 9.63%, 0, 0, 3, 5.24
1747784256, 0, 420, 1185, 1183, 36, 9.63%, 0, 0, 3, 6.86
1747784262, 0, 421, 1185, 1183, 36, 9.63%, 0, 0, 3, 6.32
1747784272, 0, 422, 1185, 1183, 36, 9.63%, 0, 0, 3, 5.79
1747784283, 0, 423, 1185, 1183, 36, 9.63%, 0, 0, 3, 8.94
1747784293, 0, 424, 1185, 1183, 36, 9.63%, 0, 0, 3, 6.88
1747784298, 0, 426, 1185, 1183, 36, 9.63%, 0, 0, 3, 6.42
1747784308, 0, 427, 1185, 1183, 36, 9.63%, 0, 0, 3, 6.52
1747784319, 0, 428, 1185, 1183, 36, 9.63%, 0, 0, 3, 6.21
1747784324, 0, 429, 1185, 1183, 36, 9.63%, 0, 0, 3, 5.96
1747784334, 0, 430, 1185, 1183, 36, 9.63%, 0, 0, 3, 5.62
1747784339, 0, 430, 1186, 1184, 36, 9.63%, 0, 0, 3, 4.70
1747784361, 0, 431, 1186, 1184, 36, 9.63%, 0, 0, 3, 6.37
1747784371, 0, 434, 1186, 1184, 36, 9.63%, 0, 0, 3, 7.93
1747784376, 0, 435, 1186, 1184, 36, 9.63%, 0, 0, 3, 6.48
1747784386, 0, 436, 1186, 1184, 36, 9.63%, 0, 0, 3, 6.69
1747784391, 0, 437, 1186, 1184, 36, 9.63%, 0, 0, 3, 6.33
1747784401, 0, 438, 1186, 1184, 36, 9.63%, 0, 0, 3, 5.99
1747784407, 0, 438, 1187, 1185, 36, 9.63%, 0, 0, 3, 1.24
1747784418, 0, 438, 1188, 1186, 36, 9.63%, 0, 0, 3, 2.65
1747784449, 0, 440, 1188, 1186, 34, 9.63%, 0, 0, 3, 6.17
1747784460, 0, 442, 1188, 1186, 34, 9.63%, 0, 0, 3, 6.35
1747784465, 0, 443, 1188, 1186, 34, 9.63%, 0, 0, 3, 6.66
1747784475, 0, 444, 1188, 1186, 34, 9.63%, 0, 0, 3, 7.01
1747784485, 0, 445, 1188, 1186, 34, 9.63%, 0, 0, 3, 1.66
1747784496, 0, 446, 1188, 1186, 34, 9.63%, 0, 0, 3, 5.30
1747784506, 0, 447, 1188, 1186, 34, 9.63%, 0, 0, 3, 8.65
1747784517, 0, 450, 1188, 1186, 34, 9.63%, 0, 0, 3, 10.70
1747784522, 0, 451, 1188, 1186, 34, 9.63%, 0, 0, 3, 8.82
1747784532, 0, 453, 1188, 1186, 34, 9.63%, 0, 0, 3, 7.00
1747784543, 0, 454, 1188, 1186, 34, 9.63%, 0, 0, 3, 5.77
1747784554, 0, 455, 1188, 1186, 34, 9.63%, 0, 0, 3, 5.82
1747784559, 0, 456, 1188, 1186, 34, 9.63%, 0, 0, 3, 6.52
1747784569, 0, 457, 1188, 1186, 34, 9.63%, 0, 0, 3, 6.15
1747784580, 0, 458, 1188, 1186, 34, 9.63%, 0, 0, 3, 6.43
1747784590, 0, 459, 1188, 1186, 34, 9.63%, 0, 0, 3, 6.82
1747784601, 0, 460, 1188, 1186, 34, 9.63%, 0, 0, 3, 5.46
1747784606, 0, 460, 1189, 1187, 34, 9.63%, 0, 0, 3, 4.08
1747784622, 0, 461, 1189, 1187, 34, 9.63%, 0, 0, 3, 6.82
1747784632, 0, 462, 1189, 1187, 34, 9.63%, 0, 0, 3, 6.05
1747784642, 0, 463, 1189, 1187, 34, 9.63%, 0, 0, 3, 5.56
1747784653, 0, 466, 1189, 1187, 34, 9.63%, 0, 0, 3, 5.68
1747784664, 0, 467, 1189, 1187, 34, 9.63%, 0, 0, 3, 6.55
1747784669, 0, 467, 1190, 1188, 34, 9.63%, 0, 0, 3, 4.60
1747784684, 0, 468, 1190, 1188, 34, 9.63%, 0, 0, 3, 1.23
1747784695, 0, 469, 1191, 1189, 34, 9.63%, 0, 0, 3, 6.06
1747784715, 0, 470, 1191, 1189, 34, 9.63%, 0, 0, 3, 6.69
1747784725, 0, 471, 1191, 1189, 34, 9.63%, 0, 0, 3, 6.31
1747784737, 0, 472, 1191, 1189, 34, 9.63%, 0, 0, 3, 9.90
1747784747, 0, 473, 1191, 1189, 34, 9.63%, 0, 0, 3, 9.91
1747784757, 0, 474, 1191, 1189, 34, 9.63%, 0, 0, 3, 6.18
1747784768, 0, 475, 1191, 1189, 34, 9.63%, 0, 0, 3, 6.71
1747784773, 0, 476, 1191, 1189, 34, 9.63%, 0, 0, 3, 6.28
1747784784, 0, 477, 1191, 1189, 34, 9.63%, 0, 0, 3, 3.34
1747784794, 0, 478, 1191, 1189, 34, 9.63%, 0, 0, 3, 5.49
1747784804, 0, 479, 1191, 1189, 34, 9.63%, 0, 0, 3, 6.13
1747784815, 0, 480, 1191, 1189, 34, 9.63%, 0, 0, 3, 6.99
1747784820, 0, 481, 1191, 1189, 34, 9.63%, 0, 0, 3, 8.59
1747784825, 0, 482, 1191, 1189, 34, 9.63%, 0, 0, 3, 10.21
1747784830, 0, 482, 1192, 1190, 34, 9.63%, 0, 0, 3, 1.77
1747784840, 0, 482, 1193, 1191, 34, 9.63%, 0, 0, 3, 6.84
1747784851, 0, 482, 1194, 1192, 34, 9.63%, 0, 0, 3, 6.86
1747784876, 0, 483, 1194, 1192, 34, 9.63%, 0, 0, 3, 10.93
1747784881, 0, 485, 1194, 1192, 34, 9.63%, 0, 0, 3, 2.41
1747784886, 0, 486, 1194, 1192, 34, 9.63%, 0, 0, 3, 7.56
1747784891, 0, 487, 1194, 1192, 34, 9.63%, 0, 0, 3, 9.81
1747784897, 0, 488, 1194, 1192, 34, 9.63%, 0, 0, 3, 10.62
1747784902, 0, 489, 1194, 1192, 34, 9.63%, 0, 0, 3, 12.45
1747784907, 0, 490, 1194, 1192, 34, 9.63%, 0, 0, 3, 11.52
1747784912, 0, 490, 1195, 1193, 34, 9.63%, 0, 0, 3, 9.24
1747784922, 0, 491, 1195, 1193, 34, 9.63%, 0, 0, 3, 10.10
1747784928, 0, 492, 1195, 1193, 34, 9.63%, 0, 0, 3, 12.32
1747784933, 0, 493, 1195, 1193, 34, 9.63%, 0, 0, 3, 2.16
1747784938, 0, 495, 1196, 1194, 34, 9.63%, 0, 0, 3, 8.78
1747784954, 0, 496, 1196, 1194, 34, 9.63%, 0, 0, 3, 10.15
1747784959, 0, 497, 1196, 1194, 34, 9.63%, 0, 0, 3, 11.74
1747784964, 0, 498, 1197, 1195, 34, 9.63%, 0, 0, 3, 11.68
1747784974, 0, 500, 1198, 1196, 34, 9.63%, 0, 0, 3, 7.61
1747784979, 0, 500, 1199, 1197, 34, 9.63%, 0, 0, 3, 9.69
1747784985, 0, 500, 1200, 1198, 34, 9.63%, 0, 0, 3, 8.25
1747785020, 0, 501, 1200, 1198, 34, 9.63%, 0, 0, 3, 8.70
1747785026, 0, 502, 1200, 1198, 34, 9.63%, 0, 0, 3, 7.51
1747785031, 0, 503, 1200, 1198, 34, 9.63%, 0, 0, 3, 7.49
1747785041, 0, 504, 1200, 1198, 34, 9.63%, 0, 0, 3, 7.31
1747785051, 0, 505, 1200, 1198, 34, 9.63%, 0, 0, 3, 7.28
1747785056, 0, 507, 1200, 1198, 34, 9.63%, 0, 0, 3, 6.91
1747785067, 0, 508, 1200, 1198, 34, 9.63%, 0, 0, 3, 6.69
1747785072, 0, 509, 1200, 1198, 34, 9.63%, 0, 0, 3, 7.39
1747785082, 0, 510, 1200, 1198, 34, 9.63%, 0, 0, 3, 6.08
1747785092, 0, 511, 1200, 1198, 34, 9.63%, 0, 0, 3, 5.98
1747785097, 0, 512, 1200, 1198, 34, 9.63%, 0, 0, 3, 6.54
1747785102, 0, 512, 1201, 1199, 34, 9.63%, 0, 0, 3, 5.77
1747785123, 0, 513, 1201, 1199, 34, 9.63%, 0, 0, 3, 7.85
1747785129, 0, 515, 1201, 1199, 34, 9.63%, 0, 0, 3, 1.40
1747785139, 0, 516, 1201, 1199, 34, 9.63%, 0, 0, 3, 7.24
1747785150, 0, 517, 1201, 1199, 34, 9.63%, 0, 0, 3, 6.85
1747785160, 0, 519, 1201, 1199, 34, 9.63%, 0, 0, 3, 6.01
1747785171, 0, 520, 1201, 1199, 34, 9.63%, 0, 0, 3, 5.96
1747785176, 0, 521, 1201, 1199, 34, 9.63%, 0, 0, 3, 6.77
1747785186, 0, 522, 1201, 1199, 34, 9.63%, 0, 0, 3, 5.63
1747785197, 0, 525, 1201, 1199, 34, 9.63%, 0, 0, 3, 6.26
1747785202, 0, 526, 1201, 1199, 34, 9.63%, 0, 0, 3, 7.13
1747785213, 0, 527, 1201, 1199, 34, 9.63%, 0, 0, 3, 6.27
1747785223, 0, 528, 1201, 1199, 34, 9.63%, 0, 0, 3, 5.71
1747785233, 0, 529, 1201, 1199, 34, 9.63%, 0, 0, 3, 6.83
1747785239, 0, 530, 1201, 1199, 34, 9.63%, 0, 0, 3, 6.62
1747785249, 0, 531, 1201, 1199, 34, 9.63%, 0, 0, 3, 6.26
1747785259, 0, 533, 1201, 1199, 34, 9.63%, 0, 0, 3, 6.33
1747785265, 0, 533, 1202, 1200, 34, 9.63%, 0, 0, 3, 4.72
1747785285, 0, 534, 1202, 1200, 34, 9.63%, 0, 0, 3, 6.09
1747785291, 0, 536, 1202, 1200, 34, 9.63%, 0, 0, 3, 6.94
1747785301, 0, 537, 1202, 1200, 34, 9.63%, 0, 0, 3, 7.77
1747785306, 0, 540, 1202, 1200, 34, 9.63%, 0, 0, 3, 7.57
1747785316, 0, 540, 1203, 1201, 34, 9.63%, 0, 0, 3, 5.09
1747785327, 0, 541, 1203, 1201, 34, 9.63%, 0, 0, 3, 1.85
1747785337, 0, 542, 1203, 1201, 34, 9.63%, 0, 0, 3, 5.69
1747785348, 0, 543, 1203, 1201, 34, 9.63%, 0, 0, 3, 6.43
1747785358, 0, 544, 1203, 1201, 34, 9.63%, 0, 0, 3, 6.13
1747785363, 0, 545, 1203, 1201, 34, 9.63%, 0, 0, 3, 7.45
1747785373, 0, 546, 1203, 1201, 34, 9.63%, 0, 0, 3, 7.03
1747785384, 0, 547, 1203, 1201, 34, 9.63%, 0, 0, 3, 8.32
1747785389, 0, 549, 1203, 1201, 34, 9.63%, 0, 0, 3, 6.92
1747785400, 0, 550, 1203, 1201, 34, 9.63%, 0, 0, 3, 7.90
1747785410, 0, 551, 1203, 1201, 34, 9.63%, 0, 0, 3, 5.79
1747785421, 0, 552, 1203, 1201, 34, 9.63%, 0, 0, 3, 1.28
1747785431, 0, 553, 1203, 1201, 34, 9.63%, 0, 0, 3, 7.02
1747785437, 0, 554, 1203, 1201, 34, 9.63%, 0, 0, 3, 7.33
1747785447, 0, 556, 1203, 1201, 34, 9.63%, 0, 0, 3, 7.02
1747785458, 0, 558, 1203, 1201, 34, 9.63%, 0, 0, 3, 10.77
1747785463, 0, 559, 1204, 1202, 34, 9.63%, 0, 0, 3, 9.14
1747785473, 0, 560, 1204, 1202, 36, 9.63%, 0, 0, 3, 10.72
1747785478, 0, 561, 1204, 1202, 36, 9.63%, 0, 0, 3, 11.02
1747785483, 0, 563, 1204, 1202, 36, 9.63%, 0, 0, 3, 9.73
1747785488, 0, 564, 1204, 1202, 36, 9.63%, 0, 0, 3, 11.61
1747785493, 0, 564, 1205, 1203, 36, 9.63%, 0, 0, 3, 9.06
1747785498, 0, 564, 1206, 1204, 36, 9.63%, 0, 0, 3, 8.53
1747785514, 0, 565, 1206, 1204, 36, 9.63%, 0, 0, 3, 9.96
1747785519, 0, 569, 1206, 1204, 36, 9.63%, 0, 0, 3, 16.12
1747785524, 0, 571, 1206, 1204, 36, 9.63%, 0, 0, 3, 13.28
1747785575, 0, 572, 1206, 1203, 35, 9.63%, 0, 0, 3, 28.43
1747785590, 0, 573, 1206, 1202, 34, 9.63%, 0, 0, 3, 25.21
1747785595, 0, 574, 1206, 1202, 34, 9.63%, 0, 0, 3, 6.16
1747785601, 0, 575, 1206, 1202, 34, 9.63%, 0, 0, 3, 10.74
1747785606, 0, 576, 1206, 1202, 34, 9.63%, 0, 0, 3, 10.39
1747785611, 0, 577, 1206, 1202, 34, 9.63%, 0, 0, 3, 10.71
1747785616, 0, 578, 1206, 1202, 34, 9.63%, 0, 0, 3, 10.28
1747785621, 0, 578, 1207, 1203, 34, 9.63%, 0, 0, 3, 8.12
1747785627, 0, 578, 1208, 1204, 34, 9.63%, 0, 0, 3, 6.10
1747785632, 0, 578, 1209, 1205, 34, 9.63%, 0, 0, 3, 7.49
1747785652, 0, 578, 1210, 1206, 34, 9.63%, 0, 0, 3, 8.81
1747785699, 0, 578, 1211, 1207, 34, 9.63%, 0, 0, 3, 8.54
1747785802, 0, 580, 1211, 1207, 31, 9.63%, 0, 0, 3, 10.37
1747785812, 0, 582, 1211, 1207, 31, 9.63%, 0, 0, 3, 10.36
1747785817, 0, 583, 1211, 1207, 31, 9.63%, 0, 0, 3, 8.43
1747785822, 0, 584, 1211, 1207, 31, 9.63%, 0, 0, 3, 10.64
1747785828, 0, 584, 1212, 1208, 31, 9.63%, 0, 0, 3, 2.02
1747785838, 0, 585, 1212, 1208, 31, 9.63%, 0, 0, 3, 10.68
1747785843, 0, 586, 1212, 1208, 31, 9.63%, 0, 0, 3, 10.47
1747785848, 0, 587, 1212, 1208, 31, 9.63%, 0, 0, 3, 10.78
1747785853, 0, 588, 1212, 1208, 31, 9.63%, 0, 0, 3, 9.53
1747785859, 0, 589, 1212, 1208, 31, 9.63%, 0, 0, 3, 10.24
1747785864, 0, 590, 1213, 1209, 31, 9.63%, 0, 0, 3, 9.46
1747785874, 0, 591, 1213, 1209, 31, 9.63%, 0, 0, 3, 11.59
1747785879, 0, 592, 1213, 1209, 31, 9.63%, 0, 0, 3, 11.47
1747785884, 0, 594, 1213, 1209, 31, 9.63%, 0, 0, 3, 9.90
1747785889, 0, 595, 1213, 1209, 31, 9.63%, 0, 0, 3, 11.44
1747785894, 0, 596, 1213, 1209, 31, 9.63%, 0, 0, 3, 10.72
1747785899, 0, 598, 1213, 1209, 31, 9.63%, 0, 0, 3, 9.36
1747785905, 0, 600, 1213, 1209, 31, 9.63%, 0, 0, 3, 11.21
1747785910, 0, 601, 1213, 1209, 31, 9.63%, 0, 0, 3, 12.09
1747785915, 0, 602, 1213, 1209, 31, 9.63%, 0, 0, 3, 10.14
1747785920, 0, 603, 1213, 1209, 31, 9.63%, 0, 0, 3, 12.05
1747785925, 0, 604, 1213, 1209, 31, 9.63%, 0, 0, 3, 11.98
1747785931, 0, 605, 1213, 1209, 31, 9.63%, 0, 0, 3, 9.55
1747785936, 0, 606, 1213, 1209, 31, 9.63%, 0, 0, 3, 9.64
1747785941, 0, 607, 1213, 1209, 31, 9.63%, 0, 0, 3, 7.65
1747785947, 0, 607, 1214, 1210, 31, 9.63%, 0, 0, 3, 4.99
1747785968, 0, 608, 1214, 1210, 31, 9.63%, 0, 0, 3, 6.21
1747785973, 0, 609, 1214, 1210, 31, 9.63%, 0, 0, 3, 5.94
1747785983, 0, 610, 1214, 1210, 31, 9.63%, 0, 0, 3, 1.50
1747785994, 0, 611, 1214, 1210, 31, 9.63%, 0, 0, 3, 7.66
1747785999, 0, 612, 1215, 1211, 31, 9.63%, 0, 0, 3, 7.89
1747786020, 0, 613, 1215, 1211, 31, 9.63%, 0, 0, 3, 6.74
1747786026, 0, 614, 1215, 1211, 31, 9.63%, 0, 0, 3, 8.19
1747786031, 0, 614, 1216, 1212, 31, 9.63%, 0, 0, 3, 6.58
1747786046, 0, 615, 1216, 1212, 31, 9.63%, 0, 0, 3, 7.10
1747786051, 0, 616, 1216, 1212, 31, 9.63%, 0, 0, 3, 6.07
1747786062, 0, 617, 1216, 1212, 31, 9.63%, 0, 0, 3, 6.02
1747786072, 0, 618, 1216, 1212, 31, 9.63%, 0, 0, 3, 6.46
1747786077, 0, 619, 1216, 1212, 31, 9.63%, 0, 0, 3, 6.12
1747786088, 0, 619, 1217, 1213, 31, 9.63%, 0, 0, 3, 4.43
1747786103, 0, 621, 1217, 1213, 31, 9.63%, 0, 0, 3, 7.58
1747786108, 0, 622, 1217, 1213, 31, 9.63%, 0, 0, 3, 7.98
1747786118, 0, 623, 1217, 1213, 31, 9.63%, 0, 0, 3, 6.98
1747786129, 0, 624, 1217, 1213, 31, 9.63%, 0, 0, 3, 6.64
1747786134, 0, 625, 1217, 1213, 31, 9.63%, 0, 0, 3, 6.10
1747786145, 0, 627, 1217, 1213, 31, 9.63%, 0, 0, 3, 5.11
1747786155, 0, 628, 1217, 1213, 31, 9.63%, 0, 0, 3, 6.57
1747786165, 0, 629, 1217, 1213, 31, 9.63%, 0, 0, 3, 6.51
1747786176, 0, 630, 1217, 1213, 31, 9.63%, 0, 0, 3, 6.29
1747786181, 0, 631, 1217, 1213, 31, 9.63%, 0, 0, 3, 7.35
1747786186, 0, 631, 1218, 1214, 31, 9.63%, 0, 0, 3, 6.26
1747786202, 0, 632, 1218, 1214, 31, 9.63%, 0, 0, 3, 7.76
1747786213, 0, 633, 1218, 1214, 31, 9.63%, 0, 0, 3, 6.19
1747786224, 0, 634, 1218, 1214, 31, 9.63%, 0, 0, 3, 5.87
1747786229, 0, 635, 1218, 1214, 31, 9.63%, 0, 0, 3, 6.74
1747786240, 0, 636, 1218, 1214, 31, 9.63%, 0, 0, 3, 9.62
1747786250, 0, 637, 1218, 1214, 31, 9.63%, 0, 0, 3, 6.89
1747786260, 0, 638, 1218, 1214, 31, 9.63%, 0, 0, 3, 5.74
1747786265, 0, 639, 1218, 1214, 31, 9.63%, 0, 0, 3, 6.52
1747786276, 0, 641, 1218, 1214, 31, 9.63%, 0, 0, 3, 6.17
1747786286, 0, 642, 1218, 1214, 31, 9.63%, 0, 0, 3, 7.20
1747786292, 0, 643, 1218, 1214, 31, 9.63%, 0, 0, 3, 8.55
1747786302, 0, 644, 1218, 1214, 31, 9.63%, 0, 0, 3, 9.26
1747786312, 0, 645, 1218, 1214, 31, 9.63%, 0, 0, 3, 8.02
1747786318, 0, 646, 1218, 1214, 31, 9.63%, 0, 0, 3, 9.83
1747786328, 0, 648, 1218, 1214, 31, 9.63%, 0, 0, 3, 6.43
1747786339, 0, 649, 1218, 1214, 31, 9.63%, 0, 0, 3, 6.46
1747786349, 0, 651, 1218, 1214, 31, 9.63%, 0, 0, 3, 7.26
1747786355, 0, 651, 1219, 1215, 31, 9.63%, 0, 0, 3, 1.24
1747786371, 0, 652, 1219, 1215, 31, 9.63%, 0, 0, 3, 10.98
1747786381, 0, 652, 1220, 1216, 31, 9.63%, 0, 0, 3, 5.64
1747786391, 0, 653, 1220, 1216, 31, 9.63%, 0, 0, 3, 6.55
1747786402, 0, 654, 1220, 1216, 31, 9.63%, 0, 0, 3, 6.06
1747786412, 0, 655, 1220, 1216, 31, 9.63%, 0, 0, 3, 5.59
1747786418, 0, 656, 1220, 1216, 31, 9.63%, 0, 0, 3, 5.57
1747786428, 0, 658, 1220, 1216, 31, 9.63%, 0, 0, 3, 5.99
1747786438, 0, 659, 1220, 1216, 31, 9.63%, 0, 0, 3, 5.86
1747786449, 0, 660, 1220, 1216, 31, 9.63%, 0, 0, 3, 6.48
1747786460, 0, 662, 1220, 1216, 31, 9.63%, 0, 0, 3, 8.34
1747786470, 0, 663, 1220, 1216, 31, 9.63%, 0, 0, 3, 5.36
1747786476, 0, 664, 1220, 1216, 31, 9.63%, 0, 0, 3, 5.90
1747786486, 0, 665, 1220, 1216, 31, 9.63%, 0, 0, 3, 6.01
1747786497, 0, 666, 1220, 1216, 31, 9.63%, 0, 0, 3, 8.68
1747786507, 0, 668, 1220, 1216, 31, 9.63%, 0, 0, 3, 6.59
1747786518, 0, 670, 1220, 1216, 31, 9.63%, 0, 0, 3, 6.58
1747786523, 0, 671, 1220, 1216, 31, 9.63%, 0, 0, 3, 7.23
1747786564, 0, 671, 1221, 1217, 31, 9.63%, 0, 0, 3, 8.74
1747786677, 0, 672, 1221, 1216, 30, 9.63%, 0, 0, 3, 1.66
1747786687, 0, 673, 1221, 1216, 30, 9.63%, 0, 0, 3, 8.31
1747786693, 0, 674, 1221, 1216, 30, 9.63%, 0, 0, 3, 8.83
1747786703, 0, 675, 1221, 1216, 30, 9.63%, 0, 0, 3, 5.71
1747786714, 0, 676, 1221, 1216, 30, 9.63%, 0, 0, 3, 5.17
1747786724, 0, 678, 1221, 1216, 30, 9.63%, 0, 0, 3, 5.94
1747786734, 0, 679, 1221, 1216, 30, 9.63%, 0, 0, 3, 6.63
1747786740, 0, 680, 1221, 1216, 30, 9.63%, 0, 0, 3, 6.31
1747786750, 0, 681, 1221, 1216, 30, 9.63%, 0, 0, 3, 5.74
1747786755, 0, 681, 1222, 1217, 30, 9.63%, 0, 0, 3, 4.60
1747786776, 0, 682, 1222, 1217, 30, 9.63%, 0, 0, 3, 6.46
1747786781, 0, 683, 1222, 1217, 30, 9.63%, 0, 0, 3, 5.79
1747786791, 0, 689, 1222, 1217, 30, 9.63%, 0, 0, 3, 6.18
1747786802, 0, 690, 1222, 1217, 30, 9.63%, 0, 0, 3, 5.98
1747786812, 0, 691, 1223, 1218, 30, 9.63%, 0, 0, 3, 5.89
1747786828, 0, 692, 1223, 1218, 30, 9.63%, 0, 0, 3, 7.35
1747786838, 0, 694, 1223, 1218, 30, 9.63%, 0, 0, 3, 6.86
1747786848, 0, 697, 1223, 1218, 30, 9.63%, 0, 0, 3, 6.15
1747786859, 0, 698, 1223, 1218, 30, 9.63%, 0, 0, 3, 6.66
1747786864, 0, 699, 1223, 1218, 30, 9.63%, 0, 0, 3, 6.87
1747786874, 0, 700, 1223, 1218, 30, 9.63%, 0, 0, 3, 7.38
1747786885, 0, 701, 1223, 1218, 30, 9.63%, 0, 0, 3, 7.04
1747786890, 0, 702, 1223, 1218, 30, 9.63%, 0, 0, 3, 6.65
1747786901, 0, 703, 1223, 1218, 30, 9.63%, 0, 0, 3, 6.61
1747786911, 0, 704, 1223, 1218, 30, 9.63%, 0, 0, 3, 6.49
1747786922, 0, 706, 1223, 1218, 30, 9.63%, 0, 0, 3, 6.40
1747786927, 0, 707, 1223, 1218, 30, 9.63%, 0, 0, 3, 7.35
1747786932, 0, 708, 1223, 1218, 30, 9.63%, 0, 0, 3, 6.93
1747786943, 0, 709, 1223, 1218, 30, 9.63%, 0, 0, 3, 10.48
1747786953, 0, 710, 1223, 1218, 30, 9.63%, 0, 0, 3, 6.97
1747786964, 0, 711, 1223, 1218, 30, 9.63%, 0, 0, 3, 6.85
1747786969, 0, 712, 1223, 1218, 30, 9.63%, 0, 0, 3, 7.25
1747786980, 0, 713, 1224, 1219, 30, 9.63%, 0, 0, 3, 6.86
1747787001, 0, 714, 1224, 1219, 30, 9.63%, 0, 0, 3, 5.93
1747787011, 0, 715, 1224, 1219, 30, 9.63%, 0, 0, 3, 6.48
1747787017, 0, 717, 1224, 1219, 30, 9.63%, 0, 0, 3, 7.10
1747787027, 0, 718, 1224, 1219, 30, 9.63%, 0, 0, 3, 7.13
1747787032, 0, 720, 1224, 1219, 30, 9.63%, 0, 0, 3, 7.22
1747787043, 0, 721, 1224, 1219, 30, 9.63%, 0, 0, 3, 6.38
1747787048, 0, 722, 1224, 1219, 30, 9.63%, 0, 0, 3, 5.68
1747787059, 0, 723, 1224, 1219, 30, 9.63%, 0, 0, 3, 6.25
1747787069, 0, 724, 1224, 1219, 30, 9.63%, 0, 0, 3, 8.66
1747787080, 0, 725, 1224, 1219, 30, 9.63%, 0, 0, 3, 7.59
1747787085, 0, 726, 1224, 1219, 30, 9.63%, 0, 0, 3, 7.18
1747787095, 0, 727, 1224, 1219, 30, 9.63%, 0, 0, 3, 6.10
1747787106, 0, 728, 1224, 1219, 30, 9.63%, 0, 0, 3, 6.21
1747787111, 0, 729, 1224, 1219, 30, 9.63%, 0, 0, 3, 5.82
1747787122, 0, 730, 1224, 1219, 30, 9.63%, 0, 0, 3, 6.09
1747787132, 0, 732, 1224, 1219, 30, 9.63%, 0, 0, 3, 6.23
1747787143, 0, 733, 1224, 1219, 30, 9.63%, 0, 0, 3, 5.82
1747787153, 0, 734, 1224, 1219, 30, 9.63%, 0, 0, 3, 6.53
1747787163, 0, 735, 1224, 1219, 30, 9.63%, 0, 0, 3, 6.26
1747787174, 0, 736, 1224, 1219, 30, 9.63%, 0, 0, 3, 6.87
1747787179, 0, 737, 1224, 1219, 30, 9.63%, 0, 0, 3, 6.20
1747787189, 0, 738, 1224, 1219, 30, 9.63%, 0, 0, 3, 13.08
1747787199, 0, 739, 1224, 1219, 30, 9.63%, 0, 0, 3, 7.42
1747787209, 0, 741, 1224, 1219, 30, 9.63%, 0, 0, 3, 1.57
1747787215, 0, 742, 1224, 1219, 30, 9.63%, 0, 0, 3, 9.38
1747787225, 0, 743, 1224, 1219, 30, 9.63%, 0, 0, 3, 6.82
1747787236, 0, 744, 1224, 1219, 30, 9.63%, 0, 0, 3, 5.74
1747787246, 0, 746, 1224, 1219, 30, 9.63%, 0, 0, 3, 6.27
1747787256, 0, 750, 1224, 1219, 30, 9.63%, 0, 0, 3, 8.27
1747787267, 0, 751, 1224, 1219, 30, 9.63%, 0, 0, 3, 7.64
1747787272, 0, 752, 1224, 1219, 30, 9.63%, 0, 0, 3, 9.67
1747787282, 0, 753, 1224, 1219, 30, 9.63%, 0, 0, 3, 6.05
1747787292, 0, 754, 1224, 1219, 30, 9.63%, 0, 0, 3, 5.63
1747787303, 0, 755, 1224, 1219, 30, 9.63%, 0, 0, 3, 7.23
1747787308, 0, 756, 1224, 1219, 30, 9.63%, 0, 0, 3, 7.00
1747787318, 0, 758, 1224, 1219, 30, 9.63%, 0, 0, 3, 6.28
1747787323, 0, 759, 1224, 1219, 30, 9.63%, 0, 0, 3, 6.86
1747787334, 0, 760, 1224, 1219, 30, 9.63%, 0, 0, 3, 6.95
1747787344, 0, 765, 1224, 1219, 30, 9.63%, 0, 0, 3, 7.70
1747787350, 0, 766, 1224, 1219, 30, 9.63%, 0, 0, 3, 6.87
1747787360, 0, 768, 1224, 1219, 30, 9.63%, 0, 0, 3, 5.73
1747787370, 0, 769, 1224, 1219, 30, 9.63%, 0, 0, 3, 6.47
1747787381, 0, 770, 1224, 1219, 30, 9.63%, 0, 0, 3, 7.45
1747787386, 0, 772, 1224, 1219, 30, 9.63%, 0, 0, 3, 9.63
1747787397, 0, 773, 1224, 1219, 30, 9.63%, 0, 0, 3, 6.54
1747787407, 0, 774, 1224, 1219, 30, 9.63%, 0, 0, 3, 6.44
1747787412, 0, 775, 1224, 1219, 30, 9.63%, 0, 0, 3, 7.48
1747787423, 0, 776, 1224, 1219, 30, 9.63%, 0, 0, 3, 7.29
1747787428, 0, 777, 1224, 1219, 30, 9.63%, 0, 0, 3, 7.71
1747787438, 0, 779, 1224, 1219, 30, 9.63%, 0, 0, 3, 6.88
1747787443, 0, 779, 1225, 1220, 30, 9.63%, 0, 0, 3, 5.63
1747787459, 0, 780, 1225, 1220, 30, 9.63%, 0, 0, 3, 6.00
1747787469, 0, 781, 1225, 1220, 30, 9.63%, 0, 0, 3, 6.25
1747787480, 0, 782, 1225, 1220, 30, 9.63%, 0, 0, 3, 5.81
1747787490, 0, 784, 1225, 1220, 30, 9.63%, 0, 0, 3, 6.26
1747787501, 0, 785, 1225, 1220, 30, 9.63%, 0, 0, 3, 7.23
1747787506, 0, 786, 1225, 1220, 30, 9.63%, 0, 0, 3, 6.22
1747787516, 0, 787, 1225, 1220, 30, 9.63%, 0, 0, 3, 7.25
1747787526, 0, 790, 1225, 1220, 30, 9.63%, 0, 0, 3, 6.23
1747787537, 0, 791, 1225, 1220, 30, 9.63%, 0, 0, 3, 5.51
1747787542, 0, 792, 1225, 1220, 30, 9.63%, 0, 0, 3, 6.60
1747787552, 0, 794, 1225, 1220, 30, 9.63%, 0, 0, 3, 6.30
1747787563, 0, 794, 1226, 1221, 30, 9.63%, 0, 0, 3, 1.33
1747787574, 0, 795, 1226, 1221, 30, 9.63%, 0, 0, 3, 1.64
1747787584, 0, 796, 1226, 1221, 30, 9.63%, 0, 0, 3, 6.84
1747787595, 0, 797, 1226, 1221, 30, 9.63%, 0, 0, 3, 6.41
1747787600, 0, 798, 1226, 1221, 30, 9.63%, 0, 0, 3, 6.87
1747787611, 0, 799, 1226, 1221, 30, 9.63%, 0, 0, 3, 5.65
1747787621, 0, 800, 1226, 1221, 30, 9.63%, 0, 0, 3, 6.31
1747787632, 0, 801, 1226, 1221, 30, 9.63%, 0, 0, 3, 7.95
1747787637, 0, 802, 1226, 1221, 30, 9.63%, 0, 0, 3, 7.19
1747787647, 0, 803, 1226, 1221, 30, 9.63%, 0, 0, 3, 7.75
1747787652, 0, 804, 1226, 1221, 30, 9.63%, 0, 0, 3, 1.53
1747787663, 0, 805, 1226, 1221, 30, 9.63%, 0, 0, 3, 7.20
1747787673, 0, 806, 1226, 1221, 30, 9.63%, 0, 0, 3, 6.61
1747787679, 0, 806, 1227, 1222, 30, 9.63%, 0, 0, 3, 5.93
1747787694, 0, 807, 1227, 1222, 30, 9.63%, 0, 0, 3, 5.68
1747787705, 0, 808, 1228, 1223, 30, 9.63%, 0, 0, 3, 4.89
1747787726, 0, 810, 1228, 1223, 30, 9.63%, 0, 0, 3, 6.82
1747787731, 0, 812, 1228, 1223, 30, 9.63%, 0, 0, 3, 6.24
1747787736, 0, 812, 1229, 1224, 30, 9.63%, 0, 0, 3, 5.62
1747787751, 0, 813, 1229, 1224, 30, 9.63%, 0, 0, 3, 7.22
1747787762, 0, 815, 1229, 1224, 30, 9.63%, 0, 0, 3, 6.38
1747787772, 0, 816, 1229, 1224, 30, 9.63%, 0, 0, 3, 7.00
1747787777, 0, 817, 1229, 1224, 30, 9.63%, 0, 0, 3, 7.19
1747787787, 0, 818, 1229, 1224, 30, 9.63%, 0, 0, 3, 7.57
1747787792, 0, 820, 1229, 1224, 30, 9.63%, 0, 0, 3, 6.87
1747787802, 0, 821, 1229, 1224, 30, 9.63%, 0, 0, 3, 6.31
1747787813, 0, 822, 1229, 1224, 30, 9.63%, 0, 0, 3, 6.68
1747787823, 0, 823, 1229, 1224, 30, 9.63%, 0, 0, 3, 6.06
1747787828, 0, 824, 1229, 1224, 30, 9.63%, 0, 0, 3, 7.30
1747787839, 0, 825, 1229, 1224, 30, 9.63%, 0, 0, 3, 5.98
1747787849, 0, 826, 1229, 1224, 30, 9.63%, 0, 0, 3, 5.85
1747787859, 0, 827, 1229, 1224, 30, 9.63%, 0, 0, 3, 7.17
1747787869, 0, 828, 1229, 1224, 30, 9.63%, 0, 0, 3, 6.15
1747787875, 0, 829, 1229, 1224, 30, 9.63%, 0, 0, 3, 7.37
1747787885, 0, 830, 1229, 1224, 30, 9.63%, 0, 0, 3, 5.48
1747787895, 0, 831, 1229, 1224, 30, 9.63%, 0, 0, 3, 6.46
1747787905, 0, 833, 1229, 1224, 30, 9.63%, 0, 0, 3, 6.05
1747787916, 0, 835, 1229, 1224, 30, 9.63%, 0, 0, 3, 6.47
1747787921, 0, 835, 1230, 1225, 30, 9.63%, 0, 0, 3, 4.79
1747787936, 0, 836, 1230, 1225, 30, 9.63%, 0, 0, 3, 6.02
1747787942, 0, 837, 1230, 1225, 30, 9.63%, 0, 0, 3, 6.10
1747787953, 0, 839, 1230, 1225, 30, 9.63%, 0, 0, 3, 6.00
1747787958, 0, 840, 1230, 1225, 30, 9.63%, 0, 0, 3, 1.62
1747787968, 0, 842, 1230, 1225, 30, 9.63%, 0, 0, 3, 5.99
1747787979, 0, 843, 1230, 1225, 30, 9.63%, 0, 0, 3, 5.78
1747787989, 0, 844, 1230, 1225, 30, 9.63%, 0, 0, 3, 6.11
1747787994, 0, 846, 1230, 1225, 30, 9.63%, 0, 0, 3, 5.49
1747788010, 0, 847, 1230, 1225, 30, 9.63%, 0, 0, 3, 7.06
1747788015, 0, 848, 1230, 1225, 30, 9.63%, 0, 0, 3, 7.20
1747788025, 0, 849, 1230, 1225, 30, 9.63%, 0, 0, 3, 7.32
1747788030, 0, 850, 1230, 1225, 30, 9.63%, 0, 0, 3, 6.69
1747788041, 0, 851, 1230, 1225, 30, 9.63%, 0, 0, 3, 5.94
1747788051, 0, 852, 1231, 1226, 30, 9.63%, 0, 0, 3, 5.15
1747788072, 0, 853, 1231, 1226, 30, 9.63%, 0, 0, 3, 6.83
1747788082, 0, 854, 1231, 1226, 30, 9.63%, 0, 0, 3, 7.07
1747788087, 0, 856, 1231, 1226, 30, 9.63%, 0, 0, 3, 6.50
1747788098, 0, 857, 1231, 1226, 30, 9.63%, 0, 0, 3, 6.56
1747788108, 0, 859, 1231, 1226, 30, 9.63%, 0, 0, 3, 6.25
1747788113, 0, 861, 1231, 1226, 30, 9.63%, 0, 0, 3, 7.38
1747788123, 0, 864, 1232, 1227, 30, 9.63%, 0, 0, 3, 5.16
1747788144, 0, 865, 1232, 1227, 30, 9.63%, 0, 0, 3, 6.49
1747788149, 0, 867, 1232, 1227, 30, 9.63%, 0, 0, 3, 6.55
1747788160, 0, 868, 1232, 1227, 30, 9.63%, 0, 0, 3, 6.75
1747788165, 0, 870, 1232, 1227, 30, 9.63%, 0, 0, 3, 6.76
1747788175, 0, 871, 1232, 1227, 30, 9.63%, 0, 0, 3, 8.32
1747788181, 0, 871, 1233, 1228, 30, 9.63%, 0, 0, 3, 5.79
1747788196, 0, 873, 1233, 1228, 30, 9.63%, 0, 0, 3, 5.73
1747788206, 0, 874, 1233, 1228, 30, 9.63%, 0, 0, 3, 5.17
1747788217, 0, 876, 1233, 1228, 30, 9.63%, 0, 0, 3, 4.86
1747788268, 0, 876, 1234, 1229, 30, 9.63%, 0, 0, 3, 4.22
1747788335, 0, 876, 1235, 1230, 30, 9.63%, 0, 0, 3, 4.86
1747788485, 0, 876, 1237, 1232, 30, 9.63%, 0, 0, 3, 4.41
1747788696, 0, 876, 1238, 1233, 30, 9.63%, 0, 0, 3, 4.07
1747788701, 0, 876, 1239, 1234, 30, 9.63%, 0, 0, 3, 5.26
1747788860, 0, 876, 1240, 1235, 30, 9.63%, 0, 0, 3, 6.88
1747788881, 0, 877, 1240, 1234, 30, 9.63%, 0, 0, 3, 11.61
1747788886, 0, 878, 1240, 1234, 30, 9.63%, 0, 0, 3, 10.42
1747788891, 0, 879, 1240, 1234, 30, 9.63%, 0, 0, 3, 9.68
1747788896, 0, 880, 1241, 1235, 30, 9.63%, 0, 0, 3, 9.85
1747788912, 0, 881, 1241, 1235, 30, 9.63%, 0, 0, 3, 11.68
1747788917, 0, 882, 1241, 1235, 30, 9.63%, 0, 0, 3, 10.74
1747788923, 0, 884, 1242, 1236, 30, 9.63%, 0, 0, 3, 9.43
1747788933, 0, 885, 1242, 1236, 30, 9.63%, 0, 0, 3, 8.49
1747788938, 0, 887, 1242, 1236, 30, 9.63%, 0, 0, 3, 10.99
1747788943, 0, 888, 1242, 1236, 30, 9.63%, 0, 0, 3, 10.33
1747788948, 0, 890, 1242, 1236, 30, 9.63%, 0, 0, 3, 10.68
1747788954, 0, 891, 1242, 1236, 30, 9.63%, 0, 0, 3, 12.18
1747788959, 0, 892, 1242, 1236, 30, 9.63%, 0, 0, 3, 11.23
1747788964, 0, 893, 1242, 1236, 30, 9.63%, 0, 0, 3, 10.96
1747788969, 0, 894, 1242, 1236, 30, 9.63%, 0, 0, 3, 10.52
1747788974, 0, 895, 1242, 1236, 30, 9.63%, 0, 0, 3, 11.64
1747788979, 0, 896, 1242, 1236, 30, 9.63%, 0, 0, 3, 10.27
1747788984, 0, 897, 1242, 1236, 30, 9.63%, 0, 0, 3, 10.08
1747788989, 0, 898, 1242, 1236, 30, 9.63%, 0, 0, 3, 9.54
1747788994, 0, 899, 1242, 1236, 30, 9.63%, 0, 0, 3, 10.13
1747789000, 0, 900, 1242, 1236, 30, 9.63%, 0, 0, 3, 11.17
1747789005, 0, 901, 1242, 1236, 30, 9.63%, 0, 0, 3, 2.61
1747789010, 0, 903, 1242, 1236, 30, 9.63%, 0, 0, 3, 14.59
1747789015, 0, 904, 1242, 1236, 30, 9.63%, 0, 0, 3, 11.04
1747789020, 0, 905, 1242, 1236, 30, 9.63%, 0, 0, 3, 11.72
1747789025, 0, 906, 1242, 1236, 30, 9.63%, 0, 0, 3, 11.89
1747789031, 0, 907, 1242, 1236, 30, 9.63%, 0, 0, 3, 10.41
1747789036, 0, 908, 1242, 1236, 30, 9.63%, 0, 0, 3, 10.50
1747789041, 0, 909, 1243, 1237, 30, 9.63%, 0, 0, 3, 7.61
1747789051, 0, 910, 1243, 1237, 30, 9.63%, 0, 0, 3, 9.93
1747789057, 0, 911, 1243, 1237, 30, 9.63%, 0, 0, 3, 10.97
1747789062, 0, 912, 1243, 1237, 30, 9.63%, 0, 0, 3, 11.84
1747789067, 0, 913, 1243, 1237, 30, 9.63%, 0, 0, 3, 9.39
1747789072, 0, 914, 1243, 1237, 30, 9.63%, 0, 0, 3, 11.58
1747789077, 0, 915, 1243, 1237, 30, 9.63%, 0, 0, 3, 11.01
1747789082, 0, 916, 1243, 1237, 30, 9.63%, 0, 0, 3, 11.16
1747789087, 0, 917, 1243, 1237, 30, 9.63%, 0, 0, 3, 11.62
1747789092, 0, 917, 1244, 1238, 30, 9.63%, 0, 0, 3, 10.90
1747789098, 0, 918, 1244, 1238, 30, 9.63%, 0, 0, 3, 8.70
1747789103, 0, 919, 1244, 1238, 30, 9.63%, 0, 0, 3, 9.61
1747789108, 0, 920, 1244, 1238, 30, 9.63%, 0, 0, 3, 10.23
1747789114, 0, 921, 1244, 1238, 30, 9.63%, 0, 0, 3, 10.03
1747789119, 0, 921, 1245, 1239, 30, 9.63%, 0, 0, 3, 7.00
1747789129, 0, 923, 1245, 1239, 30, 9.63%, 0, 0, 3, 11.55
1747789134, 0, 926, 1245, 1239, 30, 9.63%, 0, 0, 3, 10.07
1747789140, 0, 927, 1245, 1239, 30, 9.63%, 0, 0, 3, 8.58
1747789145, 0, 928, 1245, 1239, 30, 9.63%, 0, 0, 3, 9.33
1747789150, 0, 929, 1245, 1239, 30, 9.63%, 0, 0, 3, 9.33
1747789160, 0, 931, 1245, 1239, 30, 9.63%, 0, 0, 3, 11.45
1747789165, 0, 932, 1245, 1239, 30, 9.63%, 0, 0, 3, 10.35
1747789170, 0, 933, 1245, 1239, 30, 9.63%, 0, 0, 3, 17.42
1747789175, 0, 934, 1245, 1239, 30, 9.63%, 0, 0, 3, 6.56
1747789181, 0, 935, 1245, 1239, 30, 9.63%, 0, 0, 3, 17.93
1747789186, 0, 936, 1245, 1239, 30, 9.63%, 0, 0, 3, 13.03
1747789191, 0, 937, 1245, 1239, 30, 9.63%, 0, 0, 3, 11.66
1747789196, 0, 938, 1245, 1239, 30, 9.63%, 0, 0, 3, 11.13
1747789201, 0, 939, 1245, 1239, 30, 9.63%, 0, 0, 3, 9.47
1747789206, 0, 939, 1246, 1240, 30, 9.63%, 0, 0, 3, 6.94
1747789217, 0, 941, 1246, 1240, 31, 9.63%, 0, 0, 3, 10.36
1747789222, 0, 942, 1246, 1240, 31, 9.63%, 0, 0, 3, 9.26
1747789227, 0, 943, 1246, 1240, 31, 9.63%, 0, 0, 3, 8.89
1747789237, 0, 946, 1246, 1240, 31, 9.63%, 0, 0, 3, 10.26
1747789242, 0, 949, 1246, 1240, 31, 9.63%, 0, 0, 3, 10.12
1747789253, 0, 954, 1246, 1240, 31, 9.63%, 0, 0, 3, 11.69
1747789258, 0, 955, 1246, 1240, 31, 9.63%, 0, 0, 3, 10.66
1747789269, 0, 958, 1246, 1240, 31, 9.63%, 0, 0, 3, 2.22
1747789274, 0, 959, 1246, 1240, 31, 9.63%, 0, 0, 3, 6.50
1747789279, 0, 960, 1246, 1240, 31, 9.63%, 0, 0, 3, 9.00
1747789284, 0, 961, 1246, 1240, 31, 9.63%, 0, 0, 3, 10.22
1747789289, 0, 962, 1246, 1240, 31, 9.63%, 0, 0, 3, 10.66
1747789294, 0, 963, 1246, 1240, 31, 9.63%, 0, 0, 3, 9.13
1747789299, 0, 964, 1246, 1240, 31, 9.63%, 0, 0, 3, 9.52
1747789305, 0, 966, 1246, 1240, 31, 9.63%, 0, 0, 3, 9.97
1747789310, 0, 967, 1246, 1240, 31, 9.63%, 0, 0, 3, 11.56
1747789315, 0, 968, 1246, 1240, 31, 9.63%, 0, 0, 3, 11.55
1747789320, 0, 969, 1246, 1240, 31, 9.63%, 0, 0, 3, 10.40
1747789325, 0, 970, 1246, 1240, 31, 9.63%, 0, 0, 3, 10.61
1747789330, 0, 971, 1246, 1240, 31, 9.63%, 0, 0, 3, 7.64
1747789351, 0, 971, 1247, 1241, 31, 9.63%, 0, 0, 3, 5.67
1747789361, 0, 971, 1248, 1242, 31, 9.63%, 0, 0, 3, 4.58
1747789434, 0, 971, 1249, 1243, 31, 9.63%, 0, 0, 3, 3.06
1747789506, 0, 971, 1250, 1244, 31, 9.63%, 0, 0, 3, 3.03
1747789521, 0, 971, 1251, 1245, 31, 9.63%, 0, 0, 3, 2.69
1747789598, 0, 971, 1252, 1246, 31, 9.64%, 0, 0, 3, 4.17
1747789608, 0, 971, 1253, 1247, 31, 9.64%, 0, 0, 3, 3.72
1747789613, 0, 971, 1254, 1248, 31, 9.64%, 0, 0, 3, 4.07
1747790358, 0, 971, 1255, 1249, 31, 9.64%, 0, 0, 3, 3.03
1747790379, 0, 971, 1256, 1250, 31, 9.64%, 0, 0, 3, 2.92
1747790966, 0, 971, 1257, 1251, 31, 9.64%, 0, 0, 3, 3.17
1747791013, 0, 972, 1257, 1250, 31, 9.64%, 0, 0, 3, 7.91
1747791023, 0, 973, 1257, 1250, 31, 9.64%, 0, 0, 3, 5.50
1747791215, 0, 973, 1258, 1251, 31, 9.64%, 0, 0, 3, 3.13
1747791706, 0, 973, 1259, 1252, 31, 9.64%, 0, 0, 3, 3.71
1747791711, 0, 973, 1260, 1253, 31, 9.64%, 0, 0, 3, 3.69
1747791778, 0, 973, 1261, 1254, 31, 9.64%, 0, 0, 3, 4.27
1747792510, 0, 973, 1262, 1255, 31, 9.64%, 0, 0, 3, 2.94
1747792552, 0, 973, 1263, 1256, 31, 9.64%, 0, 0, 3, 6.38
1747792557, 0, 973, 1265, 1258, 31, 9.64%, 0, 0, 3, 5.51
1747792711, 0, 973, 1267, 1260, 31, 9.64%, 0, 0, 3, 3.74
1747792845, 0, 973, 1268, 1261, 31, 9.64%, 0, 0, 3, 6.00
1747792860, 0, 973, 1269, 1262, 31, 9.64%, 0, 0, 3, 5.16
1747792968, 0, 973, 1270, 1263, 31, 9.64%, 0, 0, 3, 3.82
1747792974, 0, 973, 1271, 1264, 31, 9.64%, 0, 0, 3, 3.98
1747792999, 0, 973, 1273, 1266, 31, 9.64%, 0, 0, 3, 4.02
1747793009, 0, 973, 1274, 1267, 31, 9.64%, 0, 0, 3, 3.86
1747793015, 0, 973, 1276, 1269, 31, 9.64%, 0, 0, 3, 3.97
1747793020, 0, 973, 1277, 1270, 31, 9.64%, 0, 0, 3, 4.05
1747793025, 0, 973, 1278, 1271, 31, 9.64%, 0, 0, 3, 4.00
1747793030, 0, 973, 1279, 1272, 31, 9.64%, 0, 0, 3, 3.87
1747793050, 0, 974, 1279, 1271, 31, 9.64%, 0, 0, 3, 11.79
1747793056, 0, 975, 1279, 1271, 31, 9.64%, 0, 0, 3, 11.57
1747793061, 0, 977, 1279, 1271, 31, 9.64%, 0, 0, 3, 10.13
1747793066, 0, 978, 1279, 1271, 31, 9.64%, 0, 0, 3, 11.25
1747793071, 0, 978, 1280, 1272, 31, 9.64%, 0, 0, 3, 8.07
1747793077, 0, 978, 1281, 1273, 31, 9.64%, 0, 0, 3, 9.48
1747793092, 0, 979, 1281, 1273, 32, 9.64%, 0, 0, 3, 11.65
1747793097, 0, 980, 1281, 1273, 32, 9.64%, 0, 0, 3, 10.11
1747793102, 0, 981, 1281, 1273, 32, 9.64%, 0, 0, 3, 4.84
1747793108, 0, 983, 1282, 1274, 32, 9.64%, 0, 0, 3, 6.38
1747793118, 0, 985, 1282, 1274, 33, 9.64%, 0, 0, 3, 11.54
1747793123, 0, 987, 1282, 1274, 33, 9.64%, 0, 0, 3, 10.20
1747793133, 0, 989, 1282, 1274, 33, 9.64%, 0, 0, 3, 11.68
1747793139, 0, 990, 1282, 1274, 33, 9.64%, 0, 0, 3, 11.98
1747793144, 0, 991, 1282, 1274, 33, 9.64%, 0, 0, 3, 11.16
1747793149, 0, 991, 1283, 1275, 33, 9.64%, 0, 0, 3, 7.46
1747793159, 0, 992, 1283, 1275, 33, 9.64%, 0, 0, 3, 10.56
1747793164, 0, 994, 1283, 1275, 33, 9.64%, 0, 0, 3, 11.08
1747793169, 0, 995, 1283, 1275, 33, 9.64%, 0, 0, 3, 11.26
1747793174, 0, 997, 1283, 1275, 33, 9.64%, 0, 0, 3, 11.21
1747793179, 0, 998, 1283, 1275, 33, 9.64%, 0, 0, 3, 10.53
1747793185, 0, 999, 1283, 1275, 33, 9.64%, 0, 0, 3, 10.55
1747793190, 0, 1000, 1283, 1275, 33, 9.64%, 0, 0, 3, 9.77
1747793195, 0, 1001, 1283, 1275, 33, 9.64%, 0, 0, 3, 9.70
1747793200, 0, 1002, 1283, 1275, 33, 9.64%, 0, 0, 3, 11.20
1747793205, 0, 1003, 1283, 1275, 33, 9.64%, 0, 0, 3, 10.77
1747793210, 0, 1005, 1283, 1275, 33, 9.64%, 0, 0, 3, 10.64
1747793216, 0, 1007, 1283, 1275, 33, 9.64%, 0, 0, 3, 10.15
1747793221, 0, 1008, 1283, 1275, 33, 9.64%, 0, 0, 3, 11.92
1747793226, 0, 1009, 1283, 1275, 33, 9.64%, 0, 0, 3, 11.06
1747793231, 0, 1010, 1283, 1275, 33, 9.64%, 0, 0, 3, 10.70
1747793236, 0, 1011, 1283, 1275, 33, 9.64%, 0, 0, 3, 10.77
1747793241, 0, 1012, 1283, 1275, 33, 9.64%, 0, 0, 3, 10.42
1747793247, 0, 1016, 1283, 1275, 33, 9.64%, 0, 0, 3, 8.13
1747793252, 0, 1016, 1284, 1276, 33, 9.64%, 0, 0, 3, 8.74
1747793262, 0, 1017, 1284, 1276, 33, 9.64%, 0, 0, 3, 8.89
1747793267, 0, 1018, 1284, 1276, 33, 9.64%, 0, 0, 3, 9.26
1747793273, 0, 1019, 1284, 1276, 33, 9.64%, 0, 0, 3, 9.76
1747793283, 0, 1020, 1284, 1276, 33, 9.64%, 0, 0, 3, 9.01
1747793288, 0, 1021, 1285, 1277, 33, 9.64%, 0, 0, 3, 8.18
1747793299, 0, 1022, 1285, 1277, 33, 9.64%, 0, 0, 3, 11.01
1747793304, 0, 1023, 1285, 1277, 33, 9.64%, 0, 0, 3, 11.39
1747793309, 0, 1024, 1285, 1277, 33, 9.64%, 0, 0, 3, 5.21
1747793314, 0, 1026, 1285, 1277, 33, 9.64%, 0, 0, 3, 9.52
1747793319, 0, 1027, 1285, 1277, 33, 9.64%, 0, 0, 3, 2.31
1747793324, 0, 1028, 1285, 1277, 33, 9.64%, 0, 0, 3, 13.60
1747793329, 0, 1029, 1285, 1277, 33, 9.64%, 0, 0, 3, 10.75
1747793335, 0, 1031, 1285, 1277, 33, 9.64%, 0, 0, 3, 9.94
1747793340, 0, 1032, 1285, 1277, 33, 9.64%, 0, 0, 3, 10.29
1747793345, 0, 1033, 1285, 1277, 33, 9.64%, 0, 0, 3, 10.88
1747793350, 0, 1035, 1285, 1277, 33, 9.64%, 0, 0, 3, 9.47
1747793355, 0, 1036, 1285, 1277, 33, 9.64%, 0, 0, 3, 8.52
1747793361, 0, 1037, 1285, 1277, 33, 9.64%, 0, 0, 3, 10.01
1747793366, 0, 1038, 1285, 1277, 33, 9.64%, 0, 0, 3, 11.70
1747793371, 0, 1040, 1285, 1277, 33, 9.64%, 0, 0, 3, 10.96
1747793376, 0, 1041, 1285, 1277, 33, 9.64%, 0, 0, 3, 11.78
1747793381, 0, 1042, 1285, 1277, 33, 9.64%, 0, 0, 3, 11.42
1747793386, 0, 1043, 1285, 1277, 33, 9.64%, 0, 0, 3, 10.33
1747793391, 0, 1044, 1285, 1277, 33, 9.64%, 0, 0, 3, 12.04
1747793397, 0, 1048, 1285, 1277, 33, 9.64%, 0, 0, 3, 11.80
1747793402, 0, 1049, 1285, 1277, 33, 9.64%, 0, 0, 3, 10.25
1747793407, 0, 1053, 1285, 1277, 33, 9.64%, 0, 0, 3, 17.96
1747793412, 0, 1054, 1285, 1277, 33, 9.64%, 0, 0, 3, 13.94
1747793417, 0, 1055, 1285, 1277, 33, 9.64%, 0, 0, 3, 11.90
1747793422, 0, 1056, 1285, 1277, 33, 9.64%, 0, 0, 3, 10.95
1747793427, 0, 1057, 1285, 1277, 33, 9.64%, 0, 0, 3, 10.47
1747793432, 0, 1058, 1285, 1277, 33, 9.64%, 0, 0, 3, 10.13
1747793437, 0, 1059, 1285, 1277, 33, 9.64%, 0, 0, 3, 10.20
1747793442, 0, 1061, 1285, 1277, 33, 9.64%, 0, 0, 3, 11.21
1747793447, 0, 1062, 1285, 1277, 33, 9.64%, 0, 0, 3, 9.97
1747793453, 0, 1063, 1285, 1277, 33, 9.64%, 0, 0, 3, 11.21
1747793458, 0, 1064, 1285, 1277, 33, 9.64%, 0, 0, 3, 10.08
1747793463, 0, 1066, 1285, 1277, 33, 9.64%, 0, 0, 3, 10.88
1747793468, 0, 1067, 1285, 1277, 33, 9.64%, 0, 0, 3, 9.38
1747793473, 0, 1069, 1285, 1277, 33, 9.64%, 0, 0, 3, 8.47
1747793478, 0, 1070, 1285, 1277, 33, 9.64%, 0, 0, 3, 10.93
1747793483, 0, 1075, 1285, 1277, 33, 9.64%, 0, 0, 3, 9.93
1747793488, 0, 1076, 1285, 1277, 33, 9.64%, 0, 0, 3, 10.37
1747793493, 0, 1077, 1285, 1277, 33, 9.64%, 0, 0, 3, 11.27
1747793499, 0, 1078, 1285, 1277, 33, 9.64%, 0, 0, 3, 11.79
1747793504, 0, 1079, 1285, 1277, 33, 9.64%, 0, 0, 3, 10.95
1747793509, 0, 1080, 1285, 1277, 33, 9.64%, 0, 0, 3, 12.50
1747793514, 0, 1081, 1285, 1277, 33, 9.64%, 0, 0, 3, 10.92
1747793519, 0, 1082, 1285, 1277, 33, 9.64%, 0, 0, 3, 9.82
1747793525, 0, 1083, 1285, 1277, 33, 9.64%, 0, 0, 3, 10.58
1747793530, 0, 1085, 1285, 1277, 33, 9.64%, 0, 0, 3, 10.58
1747793535, 0, 1085, 1286, 1278, 33, 9.64%, 0, 0, 3, 7.79
1747793545, 0, 1086, 1286, 1278, 32, 9.64%, 0, 0, 3, 10.08
1747793551, 0, 1087, 1286, 1278, 32, 9.64%, 0, 0, 3, 10.41
1747793556, 0, 1088, 1286, 1278, 32, 9.64%, 0, 0, 3, 9.43
1747793561, 0, 1088, 1287, 1279, 32, 9.64%, 0, 0, 3, 7.49
1747793571, 0, 1089, 1287, 1279, 32, 9.64%, 0, 0, 3, 11.12
1747793576, 0, 1090, 1287, 1279, 32, 9.64%, 0, 0, 3, 10.38
1747793581, 0, 1091, 1287, 1279, 32, 9.64%, 0, 0, 3, 11.70
1747793586, 0, 1093, 1287, 1279, 32, 9.64%, 0, 0, 3, 11.13
1747793591, 0, 1095, 1287, 1279, 32, 9.64%, 0, 0, 3, 12.39
1747793597, 0, 1096, 1287, 1279, 32, 9.64%, 0, 0, 3, 11.80
1747793602, 0, 1097, 1287, 1279, 32, 9.64%, 0, 0, 3, 11.54
1747793607, 0, 1098, 1287, 1279, 32, 9.64%, 0, 0, 3, 10.31
1747793612, 0, 1099, 1287, 1279, 32, 9.64%, 0, 0, 3, 11.35
1747793617, 0, 1100, 1287, 1279, 32, 9.64%, 0, 0, 3, 12.70
1747793623, 0, 1101, 1287, 1279, 32, 9.64%, 0, 0, 3, 10.49
1747793628, 0, 1102, 1287, 1279, 32, 9.64%, 0, 0, 3, 17.16
1747793633, 0, 1103, 1287, 1279, 32, 9.64%, 0, 0, 3, 11.41
1747793638, 0, 1104, 1287, 1279, 32, 9.64%, 0, 0, 3, 13.67
1747793643, 0, 1105, 1287, 1279, 32, 9.64%, 0, 0, 3, 11.29
1747793649, 0, 1106, 1287, 1279, 32, 9.64%, 0, 0, 3, 9.90
1747793654, 0, 1107, 1287, 1279, 32, 9.64%, 0, 0, 3, 9.68
1747793659, 0, 1108, 1288, 1280, 32, 9.64%, 0, 0, 3, 9.26
1747793670, 0, 1109, 1288, 1280, 32, 9.64%, 0, 0, 3, 10.69
1747793675, 0, 1110, 1288, 1280, 32, 9.64%, 0, 0, 3, 9.29
1747793680, 0, 1111, 1288, 1280, 32, 9.64%, 0, 0, 3, 11.16
1747793685, 0, 1112, 1288, 1280, 32, 9.64%, 0, 0, 3, 11.82
1747793690, 0, 1113, 1288, 1280, 32, 9.64%, 0, 0, 3, 10.65
1747793695, 0, 1114, 1288, 1280, 32, 9.64%, 0, 0, 3, 9.86
1747793706, 0, 1116, 1288, 1280, 32, 9.64%, 0, 0, 3, 11.03
1747793711, 0, 1117, 1288, 1280, 32, 9.64%, 0, 0, 3, 11.32
1747793716, 0, 1118, 1288, 1280, 32, 9.64%, 0, 0, 3, 10.36
1747793722, 0, 1118, 1289, 1281, 32, 9.64%, 0, 0, 3, 8.62
1747793732, 0, 1119, 1289, 1281, 32, 9.64%, 0, 0, 3, 8.59
1747793737, 0, 1120, 1289, 1281, 32, 9.64%, 0, 0, 3, 11.91
1747793742, 0, 1121, 1289, 1281, 32, 9.64%, 0, 0, 3, 11.65
1747793747, 0, 1122, 1289, 1281, 32, 9.64%, 0, 0, 3, 11.72
1747793753, 0, 1124, 1289, 1281, 32, 9.64%, 0, 0, 3, 8.62
1747793789, 0, 1124, 1290, 1282, 32, 9.64%, 0, 0, 3, 4.07
1747793799, 0, 1124, 1291, 1283, 32, 9.64%, 0, 0, 3, 3.21
1747793851, 0, 1124, 1292, 1284, 32, 9.64%, 0, 0, 3, 2.75
1747793856, 0, 1124, 1293, 1285, 32, 9.64%, 0, 0, 3, 2.78
1747793938, 0, 1124, 1294, 1286, 32, 9.64%, 0, 0, 3, 2.54
1747794591, 0, 1124, 1295, 1287, 32, 9.64%, 0, 0, 3, 3.14
1747795354, 0, 1124, 1296, 1288, 32, 9.64%, 0, 0, 3, 1.58
1747796247, 0, 1124, 1297, 1289, 32, 9.64%, 0, 0, 3, 4.10
1747796355, 0, 1124, 1298, 1290, 32, 9.64%, 0, 0, 3, 3.31
1747796365, 0, 1124, 1299, 1291, 32, 9.64%, 0, 0, 3, 3.19
1747796432, 0, 1124, 1300, 1292, 32, 9.64%, 0, 0, 3, 2.71
1747796452, 0, 1124, 1301, 1293, 32, 9.64%, 0, 0, 3, 2.75
1747796659, 0, 1124, 1302, 1294, 32, 9.64%, 0, 0, 3, 3.19
1747796845, 0, 1124, 1304, 1296, 32, 9.64%, 0, 0, 3, 3.03
1747796850, 0, 1124, 1305, 1297, 32, 9.64%, 0, 0, 3, 3.10
1747796855, 0, 1124, 1306, 1298, 32, 9.64%, 0, 0, 3, 3.07
1747796860, 0, 1124, 1307, 1299, 32, 9.64%, 0, 0, 3, 3.13
1747796881, 0, 1131, 1307, 1298, 36, 9.64%, 0, 0, 3, 11.58
1747796891, 0, 1132, 1307, 1298, 36, 9.64%, 0, 0, 3, 10.32
1747796896, 0, 1133, 1307, 1298, 36, 9.64%, 0, 0, 3, 13.03
1747796901, 0, 1134, 1307, 1298, 36, 9.64%, 0, 0, 3, 3.44
1747796906, 0, 1135, 1307, 1298, 36, 9.64%, 0, 0, 3, 8.58
1747796911, 0, 1136, 1307, 1298, 36, 9.64%, 0, 0, 3, 9.01
1747796917, 0, 1137, 1307, 1298, 36, 9.64%, 0, 0, 3, 9.85
1747796922, 0, 1138, 1307, 1298, 36, 9.64%, 0, 0, 3, 11.34
1747796927, 0, 1140, 1307, 1298, 36, 9.64%, 0, 0, 3, 11.80
1747796932, 0, 1141, 1307, 1298, 36, 9.64%, 0, 0, 3, 10.79
1747796943, 0, 1142, 1307, 1298, 36, 9.64%, 0, 0, 3, 9.05
1747796948, 0, 1143, 1307, 1298, 36, 9.64%, 0, 0, 3, 11.10
1747796953, 0, 1144, 1307, 1298, 36, 9.64%, 0, 0, 3, 10.05
1747796958, 0, 1145, 1307, 1298, 36, 9.64%, 0, 0, 3, 11.23
1747796963, 0, 1146, 1307, 1298, 36, 9.64%, 0, 0, 3, 10.98
1747796968, 0, 1147, 1307, 1298, 36, 9.64%, 0, 0, 3, 10.49
1747796973, 0, 1149, 1307, 1298, 36, 9.64%, 0, 0, 3, 13.31
1747796978, 0, 1150, 1307, 1298, 36, 9.64%, 0, 0, 3, 11.26
1747796984, 0, 1151, 1307, 1298, 36, 9.64%, 0, 0, 3, 9.90
1747796989, 0, 1152, 1307, 1298, 36, 9.64%, 0, 0, 3, 10.01
1747796994, 0, 1153, 1307, 1298, 36, 9.64%, 0, 0, 3, 8.10
1747796999, 0, 1154, 1307, 1298, 36, 9.64%, 0, 0, 3, 10.10
1747797004, 0, 1155, 1307, 1298, 36, 9.64%, 0, 0, 3, 10.72
1747797009, 0, 1157, 1307, 1298, 36, 9.64%, 0, 0, 3, 9.28
1747797015, 0, 1159, 1307, 1298, 36, 9.64%, 0, 0, 3, 9.68
1747797020, 0, 1160, 1307, 1298, 36, 9.64%, 0, 0, 3, 10.92
1747797025, 0, 1161, 1307, 1298, 36, 9.64%, 0, 0, 3, 11.40
1747797030, 0, 1162, 1307, 1298, 36, 9.64%, 0, 0, 3, 11.59
1747797035, 0, 1163, 1307, 1298, 36, 9.64%, 0, 0, 3, 11.54
1747797040, 0, 1164, 1307, 1298, 36, 9.64%, 0, 0, 3, 11.02
1747797045, 0, 1165, 1307, 1298, 36, 9.64%, 0, 0, 3, 11.48
1747797051, 0, 1166, 1307, 1298, 36, 9.64%, 0, 0, 3, 9.80
1747797056, 0, 1168, 1307, 1298, 36, 9.64%, 0, 0, 3, 11.18
1747797061, 0, 1169, 1307, 1298, 36, 9.64%, 0, 0, 3, 10.66
1747797066, 0, 1170, 1307, 1298, 36, 9.64%, 0, 0, 3, 9.73
1747797071, 0, 1171, 1307, 1298, 36, 9.64%, 0, 0, 3, 10.99
1747797077, 0, 1173, 1307, 1298, 36, 9.64%, 0, 0, 3, 10.89
1747797082, 0, 1176, 1307, 1298, 36, 9.64%, 0, 0, 3, 11.78
1747797087, 0, 1177, 1307, 1298, 36, 9.64%, 0, 0, 3, 10.94
1747797092, 0, 1178, 1307, 1298, 36, 9.64%, 0, 0, 3, 10.92
1747797097, 0, 1179, 1307, 1298, 36, 9.64%, 0, 0, 3, 10.59
1747797102, 0, 1181, 1308, 1299, 36, 9.64%, 0, 0, 3, 10.97
1747797117, 0, 1182, 1308, 1299, 36, 9.64%, 0, 0, 3, 10.12
1747797123, 0, 1183, 1308, 1299, 36, 9.64%, 0, 0, 3, 12.35
1747797128, 0, 1184, 1308, 1299, 36, 9.64%, 0, 0, 3, 11.54
1747797133, 0, 1186, 1308, 1299, 36, 9.64%, 0, 0, 3, 12.24
1747797138, 0, 1188, 1308, 1299, 36, 9.64%, 0, 0, 3, 12.28
1747797143, 0, 1191, 1308, 1299, 36, 9.64%, 0, 0, 3, 11.46
1747797148, 0, 1193, 1308, 1299, 36, 9.64%, 0, 0, 3, 12.27
1747797153, 0, 1194, 1308, 1299, 36, 9.64%, 0, 0, 3, 10.14
1747797164, 0, 1195, 1308, 1299, 36, 9.64%, 0, 0, 3, 9.07
1747797169, 0, 1196, 1308, 1299, 36, 9.64%, 0, 0, 3, 10.16
1747797174, 0, 1198, 1308, 1299, 36, 9.64%, 0, 0, 3, 11.17
1747797179, 0, 1201, 1308, 1299, 36, 9.64%, 0, 0, 3, 14.41
1747797184, 0, 1202, 1308, 1299, 36, 9.64%, 0, 0, 3, 11.51
1747797189, 0, 1204, 1308, 1299, 36, 9.64%, 0, 0, 3, 11.21
1747797194, 0, 1205, 1308, 1299, 36, 9.64%, 0, 0, 3, 11.60
1747797200, 0, 1206, 1308, 1299, 36, 9.64%, 0, 0, 3, 9.79
1747797205, 0, 1207, 1308, 1299, 36, 9.64%, 0, 0, 3, 10.59
1747797210, 0, 1211, 1308, 1299, 36, 9.64%, 0, 0, 3, 10.40
1747797215, 0, 1212, 1308, 1299, 36, 9.64%, 0, 0, 3, 10.89
1747797220, 0, 1213, 1308, 1299, 36, 9.64%, 0, 0, 3, 10.06
1747797231, 0, 1214, 1308, 1299, 36, 9.64%, 0, 0, 3, 9.58
1747797236, 0, 1215, 1308, 1299, 36, 9.64%, 0, 0, 3, 9.87
1747797241, 0, 1218, 1308, 1299, 36, 9.64%, 0, 0, 3, 10.01
1747797246, 0, 1221, 1308, 1299, 36, 9.64%, 0, 0, 3, 12.59
1747797256, 0, 1222, 1308, 1299, 36, 9.64%, 0, 0, 3, 10.77
1747797261, 0, 1223, 1308, 1299, 36, 9.64%, 0, 0, 3, 5.22
1747797267, 0, 1224, 1308, 1299, 36, 9.64%, 0, 0, 3, 9.37
1747797272, 0, 1225, 1308, 1299, 36, 9.64%, 0, 0, 3, 19.80
1747797277, 0, 1226, 1308, 1299, 36, 9.64%, 0, 0, 3, 13.59
1747797282, 0, 1227, 1308, 1299, 36, 9.64%, 0, 0, 3, 12.62
1747797287, 0, 1228, 1308, 1299, 36, 9.64%, 0, 0, 3, 11.18
1747797292, 0, 1230, 1308, 1299, 36, 9.64%, 0, 0, 3, 9.81
1747797298, 0, 1231, 1308, 1299, 36, 9.64%, 0, 0, 3, 9.90
1747797303, 0, 1232, 1308, 1299, 36, 9.64%, 0, 0, 3, 10.33
1747797308, 0, 1234, 1308, 1299, 36, 9.64%, 0, 0, 3, 15.33
1747797313, 0, 1235, 1308, 1299, 36, 9.64%, 0, 0, 3, 7.20
1747797318, 0, 1237, 1308, 1299, 36, 9.64%, 0, 0, 3, 7.13
1747797323, 0, 1238, 1308, 1299, 36, 9.64%, 0, 0, 3, 9.92
1747797328, 0, 1239, 1308, 1299, 36, 9.64%, 0, 0, 3, 10.95
1747797334, 0, 1240, 1308, 1299, 36, 9.64%, 0, 0, 3, 8.52
1747797375, 0, 1240, 1309, 1300, 36, 9.64%, 0, 0, 4, 4.00
1747797554, 0, 1240, 1310, 1301, 36, 9.64%, 0, 0, 4, 2.54
1747797906, 0, 1240, 1311, 1302, 36, 9.64%, 0, 0, 4, 4.87
1747798227, 0, 1240, 1312, 1303, 36, 9.64%, 0, 0, 4, 2.56
1747798906, 0, 1240, 1313, 1304, 36, 9.64%, 0, 0, 4, 3.44
1747799424, 0, 1240, 1314, 1305, 36, 9.64%, 0, 0, 4, 3.18
1747799439, 0, 1240, 1315, 1306, 36, 9.64%, 0, 0, 4, 3.68
1747799481, 0, 1240, 1316, 1307, 36, 9.64%, 0, 0, 4, 2.87
1747799925, 0, 1240, 1317, 1308, 36, 9.64%, 0, 0, 4, 3.02
1747800013, 0, 1240, 1318, 1309, 36, 9.64%, 0, 0, 4, 2.68
1747800191, 0, 1241, 1318, 1308, 34, 9.64%, 0, 0, 4, 5.75
1747800202, 0, 1242, 1318, 1308, 34, 9.64%, 0, 0, 4, 5.54
1747800212, 0, 1243, 1318, 1308, 34, 9.64%, 0, 0, 4, 4.89
1747800217, 0, 1243, 1319, 1309, 34, 9.64%, 0, 0, 4, 5.48
1747800234, 0, 1244, 1319, 1309, 34, 9.64%, 0, 0, 4, 6.42
1747800244, 0, 1245, 1319, 1309, 34, 9.64%, 0, 0, 4, 6.76
1747800254, 0, 1246, 1319, 1309, 34, 9.64%, 0, 0, 4, 6.73
1747800260, 0, 1247, 1319, 1309, 34, 9.64%, 0, 0, 4, 6.63
1747800270, 0, 1248, 1319, 1309, 34, 9.64%, 0, 0, 4, 6.03
1747800280, 0, 1249, 1319, 1309, 34, 9.64%, 0, 0, 4, 6.19
1747800290, 0, 1251, 1319, 1309, 34, 9.64%, 0, 0, 4, 6.45
1747800296, 0, 1252, 1319, 1309, 34, 9.64%, 0, 0, 4, 7.45
1747800306, 0, 1253, 1319, 1309, 34, 9.64%, 0, 0, 4, 6.92
1747800316, 0, 1254, 1319, 1309, 34, 9.64%, 0, 0, 4, 6.07
1747800327, 0, 1255, 1319, 1309, 34, 9.64%, 0, 0, 4, 6.68
1747800332, 0, 1256, 1319, 1309, 34, 9.64%, 0, 0, 4, 6.06
1747800342, 0, 1258, 1319, 1309, 34, 9.64%, 0, 0, 4, 6.02
1747800348, 0, 1259, 1319, 1309, 34, 9.64%, 0, 0, 4, 7.61
1747800358, 0, 1260, 1319, 1309, 34, 9.64%, 0, 0, 4, 6.58
1747800394, 0, 1260, 1320, 1310, 34, 9.64%, 0, 0, 4, 5.36
1747800420, 0, 1260, 1321, 1311, 34, 9.64%, 0, 0, 4, 4.37
1747800918, 0, 1260, 1322, 1312, 34, 9.64%, 0, 0, 4, 4.57
1747801878, 0, 1261, 1322, 1311, 34, 9.64%, 0, 0, 4, 11.06
1747801883, 0, 1262, 1322, 1311, 34, 9.64%, 0, 0, 4, 12.16
1747801888, 0, 1263, 1322, 1311, 34, 9.64%, 0, 0, 4, 12.92
1747801893, 0, 1263, 1323, 1312, 34, 9.64%, 0, 0, 4, 9.03
1747801908, 0, 1263, 1324, 1313, 34, 9.64%, 0, 0, 4, 6.41
1747801913, 0, 1263, 1325, 1314, 34, 9.64%, 0, 0, 4, 5.96
1747801918, 0, 1263, 1326, 1315, 34, 9.64%, 0, 0, 4, 5.80
1747801924, 0, 1263, 1327, 1316, 34, 9.64%, 0, 0, 4, 5.41
1747801939, 0, 1263, 1328, 1317, 34, 9.64%, 0, 0, 4, 5.08
1747802031, 0, 1263, 1329, 1318, 34, 9.64%, 0, 0, 4, 6.27
1747802412, 0, 1263, 1330, 1319, 34, 9.64%, 0, 0, 4, 2.90
1747803583, 0, 1263, 1331, 1320, 34, 9.64%, 0, 0, 4, 3.01
1747803620, 0, 1263, 1332, 1321, 34, 9.64%, 0, 0, 4, 3.06
1747803651, 0, 1264, 1332, 1320, 34, 9.64%, 0, 0, 4, 6.73
1747803662, 0, 1266, 1332, 1320, 34, 9.64%, 0, 0, 4, 6.10
1747803672, 0, 1267, 1332, 1320, 34, 9.64%, 0, 0, 4, 7.24
1747803682, 0, 1269, 1332, 1320, 34, 9.64%, 0, 0, 4, 7.70
1747803693, 0, 1270, 1332, 1320, 34, 9.64%, 0, 0, 4, 13.10
1747803699, 0, 1271, 1332, 1320, 34, 9.64%, 0, 0, 4, 3.93
1747803709, 0, 1272, 1332, 1320, 34, 9.64%, 0, 0, 4, 4.96
1747803720, 0, 1273, 1332, 1320, 34, 9.64%, 0, 0, 4, 5.35
1747803730, 0, 1274, 1332, 1320, 34, 9.64%, 0, 0, 4, 7.20
1747803740, 0, 1275, 1332, 1320, 34, 9.64%, 0, 0, 4, 3.32
1747803750, 0, 1276, 1332, 1320, 34, 9.64%, 0, 0, 4, 4.31
1747803766, 0, 1276, 1333, 1321, 34, 9.64%, 0, 0, 4, 3.96
1747803797, 0, 1276, 1334, 1322, 34, 9.64%, 0, 0, 4, 3.07
1747803812, 0, 1276, 1335, 1323, 34, 9.64%, 0, 0, 4, 2.86
1747803817, 0, 1276, 1336, 1324, 34, 9.64%, 0, 0, 4, 2.63
1747803822, 0, 1276, 1337, 1325, 34, 9.64%, 0, 0, 4, 2.50
1747803997, 0, 1276, 1338, 1326, 34, 9.64%, 0, 0, 4, 2.36
1747804111, 0, 1276, 1339, 1327, 34, 9.64%, 0, 0, 4, 2.42
1747804882, 0, 1276, 1340, 1328, 34, 9.64%, 0, 0, 4, 2.36
1747804892, 0, 1276, 1341, 1329, 34, 9.64%, 0, 0, 4, 2.38
1747806289, 0, 1276, 1344, 1332, 34, 9.64%, 0, 0, 4, 4.38
1747806294, 0, 1276, 1345, 1333, 34, 9.64%, 0, 0, 4, 4.37
1747806530, 0, 1276, 1346, 1334, 34, 9.64%, 0, 0, 4, 4.53
1747806540, 0, 1276, 1347, 1335, 34, 9.64%, 0, 0, 4, 4.45
1747806551, 0, 1276, 1348, 1336, 34, 9.64%, 0, 0, 4, 4.22
1747806556, 0, 1276, 1349, 1337, 34, 9.64%, 0, 0, 4, 4.31
1747806617, 0, 1277, 1349, 1336, 33, 9.64%, 0, 0, 4, 10.90
1747806627, 0, 1279, 1349, 1336, 33, 9.64%, 0, 0, 4, 10.40
1747806638, 0, 1281, 1349, 1336, 33, 9.64%, 0, 0, 4, 4.53
1747806643, 0, 1282, 1349, 1336, 33, 9.64%, 0, 0, 4, 8.53
1747806648, 0, 1283, 1349, 1336, 33, 9.64%, 0, 0, 4, 10.11
1747806653, 0, 1284, 1349, 1336, 33, 9.64%, 0, 0, 4, 11.56
1747807800, 0, 1284, 1350, 1337, 33, 9.64%, 0, 0, 4, 4.20
1747808087, 0, 1285, 1350, 1336, 33, 9.64%, 0, 0, 4, 1.45
1747808097, 0, 1286, 1350, 1336, 33, 9.64%, 0, 0, 4, 6.77
1747808102, 0, 1288, 1350, 1336, 33, 9.64%, 0, 0, 4, 7.59
1747808113, 0, 1290, 1350, 1336, 33, 9.64%, 0, 0, 4, 5.36
1747808123, 0, 1291, 1350, 1336, 33, 9.64%, 0, 0, 4, 7.41
1747808128, 0, 1292, 1350, 1336, 33, 9.64%, 0, 0, 4, 8.58
1747808139, 0, 1293, 1350, 1336, 33, 9.64%, 0, 0, 4, 7.82
1747808149, 0, 1294, 1350, 1336, 33, 9.64%, 0, 0, 4, 4.93
1747808155, 0, 1296, 1350, 1336, 33, 9.64%, 0, 0, 4, 5.66
1747808165, 0, 1297, 1350, 1336, 33, 9.64%, 0, 0, 4, 6.25
1747808176, 0, 1299, 1350, 1336, 33, 9.64%, 0, 0, 4, 6.02
1747808181, 0, 1299, 1351, 1337, 33, 9.64%, 0, 0, 4, 5.19
1747808202, 0, 1300, 1351, 1337, 34, 9.64%, 0, 0, 4, 6.46
1747808212, 0, 1301, 1351, 1337, 34, 9.64%, 0, 0, 4, 5.31
1747808223, 0, 1302, 1351, 1337, 34, 9.64%, 0, 0, 4, 4.77
1747808275, 0, 1302, 1352, 1338, 34, 9.64%, 0, 0, 4, 2.69
1747808376, 0, 1302, 1353, 1339, 34, 9.64%, 0, 0, 4, 1.82
1747808491, 0, 1302, 1354, 1340, 34, 9.64%, 0, 0, 4, 2.07
1747808539, 0, 1302, 1355, 1341, 34, 9.64%, 0, 0, 4, 1.81
1747808695, 0, 1302, 1356, 1342, 34, 9.64%, 0, 0, 4, 1.78
1747808732, 0, 1302, 1357, 1343, 34, 9.64%, 0, 0, 4, 2.80
1747809723, 0, 1302, 1358, 1344, 34, 9.64%, 0, 0, 4, 1.83
1747809728, 0, 1302, 1359, 1345, 34, 9.64%, 0, 0, 4, 1.83
1747809733, 0, 1302, 1360, 1346, 34, 9.64%, 0, 0, 4, 1.83
1747809744, 0, 1302, 1361, 1347, 34, 9.64%, 0, 0, 4, 1.84
1747809760, 0, 1302, 1362, 1348, 34, 9.64%, 0, 0, 4, 1.79
1747809766, 0, 1302, 1363, 1349, 34, 9.64%, 0, 0, 4, 1.80
1747810483, 0, 1302, 1364, 1350, 34, 9.64%, 0, 0, 4, 2.21
1747811417, 0, 1302, 1365, 1351, 34, 9.64%, 0, 0, 4, 1.81
1747811427, 0, 1302, 1366, 1352, 34, 9.64%, 0, 0, 4, 1.81
1747812164, 0, 1303, 1366, 1351, 33, 9.64%, 0, 0, 4, 10.04
1747812175, 0, 1304, 1366, 1351, 33, 9.64%, 0, 0, 4, 6.08
1747812185, 0, 1305, 1366, 1351, 33, 9.64%, 0, 0, 4, 4.31
1747815599, 0, 1305, 1367, 1352, 33, 9.64%, 0, 0, 4, 2.16
1747815935, 0, 1306, 1367, 1351, 32, 9.64%, 0, 0, 4, 7.17
1747815946, 0, 1309, 1367, 1351, 32, 9.64%, 0, 0, 4, 10.64
1747815951, 0, 1310, 1367, 1351, 32, 9.64%, 0, 0, 4, 8.25
1747815962, 0, 1311, 1367, 1351, 32, 9.64%, 0, 0, 4, 6.92
1747815972, 0, 1312, 1367, 1351, 32, 9.64%, 0, 0, 4, 2.06
1747815982, 0, 1313, 1367, 1351, 32, 9.64%, 0, 0, 4, 5.26
1747815988, 0, 1314, 1367, 1351, 32, 9.64%, 0, 0, 4, 6.73
1747815998, 0, 1316, 1367, 1351, 32, 9.64%, 0, 0, 4, 6.17
1747816008, 0, 1317, 1367, 1351, 32, 9.64%, 0, 0, 4, 7.49
1747816013, 0, 1318, 1367, 1351, 32, 9.64%, 0, 0, 4, 6.02
1747816024, 0, 1319, 1367, 1351, 32, 9.64%, 0, 0, 4, 6.38
1747816034, 0, 1320, 1367, 1351, 32, 9.64%, 0, 0, 4, 5.64
1747816044, 0, 1321, 1367, 1351, 32, 9.64%, 0, 0, 4, 8.85
1747816049, 0, 1322, 1367, 1351, 32, 9.64%, 0, 0, 4, 7.48
1747816060, 0, 1323, 1367, 1351, 32, 9.64%, 0, 0, 4, 7.85
1747816070, 0, 1324, 1367, 1351, 32, 9.64%, 0, 0, 4, 4.95
1747816075, 0, 1325, 1367, 1351, 32, 9.64%, 0, 0, 4, 6.07
1747816085, 0, 1326, 1367, 1351, 32, 9.64%, 0, 0, 4, 5.76
1747816096, 0, 1327, 1367, 1351, 32, 9.64%, 0, 0, 4, 5.55
1747816106, 0, 1328, 1367, 1351, 32, 9.64%, 0, 0, 4, 6.10
1747816117, 0, 1329, 1367, 1351, 32, 9.64%, 0, 0, 4, 5.24
1747816127, 0, 1330, 1367, 1351, 32, 9.64%, 0, 0, 4, 6.96
1747816132, 0, 1331, 1367, 1351, 32, 9.64%, 0, 0, 4, 6.23
1747816143, 0, 1332, 1367, 1351, 32, 9.64%, 0, 0, 4, 5.60
1747816158, 0, 1333, 1367, 1351, 32, 9.64%, 0, 0, 4, 5.21
1747816169, 0, 1334, 1367, 1351, 32, 9.64%, 0, 0, 4, 1.42
1747816174, 0, 1335, 1367, 1351, 32, 9.64%, 0, 0, 4, 6.78
1747816185, 0, 1336, 1367, 1351, 32, 9.64%, 0, 0, 4, 6.72
1747816195, 0, 1337, 1367, 1351, 32, 9.64%, 0, 0, 4, 6.45
1747816201, 0, 1338, 1367, 1351, 32, 9.64%, 0, 0, 4, 5.72
1747816211, 0, 1341, 1367, 1351, 32, 9.64%, 0, 0, 4, 5.96
1747816221, 0, 1342, 1367, 1351, 32, 9.64%, 0, 0, 4, 5.86
1747816231, 0, 1344, 1367, 1351, 32, 9.64%, 0, 0, 4, 5.36
1747816242, 0, 1345, 1367, 1351, 32, 9.64%, 0, 0, 4, 5.34
1747816253, 0, 1346, 1367, 1351, 32, 9.64%, 0, 0, 4, 4.93
1747816263, 0, 1347, 1367, 1351, 32, 9.64%, 0, 0, 4, 5.98
1747816268, 0, 1348, 1367, 1351, 32, 9.64%, 0, 0, 4, 7.60
1747816278, 0, 1349, 1367, 1351, 32, 9.64%, 0, 0, 4, 5.78
1747816289, 0, 1350, 1367, 1351, 32, 9.64%, 0, 0, 4, 2.43
