# unix_time, cycles_done, cur_path, paths_total, pending_total, pending_favs, map_size, unique_crashes, unique_hangs, max_depth, execs_per_sec
1747774254, 0, 0, 1, 1, 1, 4.92%, 0, 0, 1, 49.08
1747774259, 0, 0, 35, 35, 1, 5.78%, 0, 0, 2, 57.92
1747774264, 0, 0, 70, 70, 1, 5.78%, 0, 0, 2, 60.76
1747774269, 0, 0, 98, 98, 1, 6.00%, 0, 0, 2, 53.78
1747774274, 0, 0, 121, 121, 1, 6.30%, 0, 0, 2, 47.93
1747774279, 0, 0, 144, 144, 1, 6.31%, 0, 0, 2, 49.81
1747774284, 0, 0, 162, 162, 1, 6.31%, 0, 0, 2, 47.24
1747774289, 0, 0, 173, 173, 1, 6.31%, 0, 0, 2, 30.97
1747774294, 0, 0, 181, 181, 1, 6.31%, 0, 0, 2, 28.18
1747774300, 0, 0, 190, 190, 1, 6.31%, 0, 0, 2, 26.27
1747774305, 0, 0, 202, 202, 1, 6.31%, 0, 0, 2, 28.62
1747774310, 0, 0, 211, 211, 1, 6.31%, 0, 0, 2, 26.74
1747774315, 0, 0, 222, 222, 1, 6.31%, 0, 0, 2, 26.41
1747774320, 0, 0, 231, 231, 1, 6.31%, 0, 0, 2, 25.56
1747774325, 0, 0, 238, 238, 1, 6.31%, 0, 0, 2, 25.37
1747774330, 0, 0, 244, 244, 1, 6.31%, 0, 0, 2, 25.30
1747774335, 0, 0, 249, 249, 1, 6.31%, 0, 0, 2, 25.45
1747774340, 0, 0, 256, 256, 1, 6.31%, 0, 0, 2, 24.82
1747774346, 0, 0, 261, 261, 1, 6.31%, 0, 0, 2, 25.13
1747774351, 0, 0, 267, 267, 1, 6.31%, 0, 0, 2, 25.11
1747774356, 0, 0, 275, 275, 1, 6.33%, 0, 0, 2, 23.84
1747774361, 0, 0, 277, 277, 1, 6.33%, 0, 0, 2, 24.35
1747774366, 0, 0, 284, 284, 1, 6.33%, 0, 0, 2, 25.06
1747774371, 0, 0, 286, 286, 1, 6.33%, 0, 0, 2, 25.10
1747774376, 0, 0, 292, 292, 1, 6.33%, 0, 0, 2, 27.98
1747774381, 0, 0, 295, 295, 1, 6.40%, 0, 0, 2, 24.44
1747774386, 0, 0, 296, 296, 1, 6.40%, 0, 0, 2, 24.99
1747774391, 0, 0, 301, 301, 1, 6.40%, 0, 0, 2, 25.29
1747774396, 0, 0, 306, 306, 1, 6.40%, 0, 0, 2, 26.21
1747774401, 0, 0, 312, 312, 1, 6.40%, 0, 0, 2, 26.27
1747774406, 0, 0, 314, 314, 1, 6.40%, 0, 0, 2, 25.78
1747774411, 0, 0, 317, 317, 1, 6.40%, 0, 0, 2, 26.78
1747774417, 0, 0, 320, 320, 1, 6.40%, 0, 0, 2, 25.63
1747774422, 0, 0, 324, 324, 1, 6.40%, 0, 0, 2, 25.99
1747774427, 0, 0, 326, 326, 1, 6.40%, 0, 0, 2, 25.43
1747774432, 0, 0, 333, 333, 1, 6.40%, 0, 0, 2, 25.68
1747774437, 0, 0, 335, 335, 1, 6.40%, 0, 0, 2, 27.04
1747774442, 0, 0, 336, 336, 1, 6.40%, 0, 0, 2, 26.44
1747774447, 0, 0, 340, 340, 1, 6.40%, 0, 0, 2, 27.45
1747774458, 0, 0, 343, 343, 1, 6.40%, 0, 0, 2, 25.47
1747774463, 0, 0, 345, 345, 1, 6.40%, 0, 0, 2, 25.97
1747774468, 0, 0, 346, 346, 1, 6.40%, 0, 0, 2, 26.86
1747774473, 0, 0, 350, 350, 1, 6.40%, 0, 0, 2, 25.07
1747774478, 0, 0, 351, 351, 1, 6.40%, 0, 0, 2, 6.74
1747774483, 0, 0, 352, 352, 1, 6.40%, 0, 0, 2, 23.36
1747774488, 0, 0, 354, 354, 1, 6.40%, 0, 0, 2, 24.14
1747774494, 0, 0, 358, 358, 1, 6.40%, 0, 0, 2, 26.01
1747774504, 0, 0, 360, 360, 1, 6.40%, 0, 0, 2, 25.11
1747774519, 0, 0, 361, 361, 1, 6.40%, 0, 0, 2, 25.84
1747774524, 0, 0, 363, 363, 1, 6.40%, 0, 0, 2, 25.41
1747774529, 0, 0, 364, 364, 1, 6.40%, 0, 0, 2, 26.40
1747774534, 0, 0, 365, 365, 1, 6.40%, 0, 0, 2, 25.49
1747774539, 0, 0, 367, 367, 1, 6.40%, 0, 0, 2, 26.27
1747774544, 0, 0, 368, 368, 1, 6.40%, 0, 0, 2, 26.40
1747774549, 0, 0, 369, 369, 1, 6.40%, 0, 0, 2, 26.87
1747774555, 0, 0, 372, 372, 1, 6.40%, 0, 0, 2, 26.42
1747774560, 0, 0, 375, 375, 1, 6.40%, 0, 0, 2, 25.50
1747774570, 0, 0, 376, 376, 1, 6.40%, 0, 0, 2, 26.82
1747774575, 0, 0, 377, 377, 1, 6.40%, 0, 0, 2, 25.74
1747774580, 0, 0, 378, 378, 1, 6.40%, 0, 0, 2, 25.63
1747774585, 0, 0, 379, 379, 1, 6.67%, 0, 0, 2, 25.70
1747774600, 0, 0, 380, 380, 1, 6.67%, 0, 0, 2, 26.27
1747774606, 0, 0, 381, 381, 1, 6.67%, 0, 0, 2, 26.56
1747774636, 0, 0, 382, 382, 1, 6.67%, 0, 0, 2, 25.21
1747774651, 0, 0, 383, 383, 1, 6.67%, 0, 0, 2, 24.46
1747774661, 0, 0, 384, 384, 1, 6.67%, 0, 0, 2, 26.11
1747774672, 0, 0, 385, 385, 1, 6.67%, 0, 0, 2, 24.99
1747774687, 0, 0, 386, 386, 1, 6.67%, 0, 0, 2, 25.38
1747774697, 0, 0, 387, 387, 1, 6.67%, 0, 0, 2, 26.09
1747774707, 0, 0, 388, 388, 1, 6.67%, 0, 0, 2, 25.07
1747774728, 0, 0, 389, 389, 1, 6.67%, 0, 0, 2, 26.35
1747774738, 0, 0, 391, 391, 1, 6.67%, 0, 0, 2, 26.37
1747774753, 0, 0, 392, 392, 1, 6.67%, 0, 0, 2, 25.73
1747774788, 0, 0, 393, 393, 1, 6.67%, 0, 0, 2, 26.02
1747774814, 0, 0, 394, 394, 1, 6.67%, 0, 0, 2, 26.30
1747774824, 0, 0, 395, 395, 1, 6.67%, 0, 0, 2, 24.94
1747774829, 0, 0, 396, 396, 1, 6.67%, 0, 0, 2, 25.72
1747774839, 0, 0, 397, 397, 1, 6.67%, 0, 0, 2, 25.46
1747774905, 0, 0, 398, 398, 1, 6.67%, 0, 0, 2, 25.92
1747774921, 0, 0, 399, 399, 1, 6.67%, 0, 0, 2, 25.55
1747774931, 0, 0, 402, 402, 1, 6.68%, 0, 0, 2, 24.73
1747774956, 0, 0, 403, 403, 1, 6.68%, 0, 0, 2, 24.23
1747774961, 0, 0, 404, 404, 1, 6.68%, 0, 0, 2, 25.83
1747774971, 0, 0, 405, 405, 1, 6.68%, 0, 0, 2, 25.34
1747774982, 0, 0, 406, 406, 1, 6.68%, 0, 0, 2, 25.64
1747774987, 0, 1, 407, 406, 14, 6.71%, 0, 0, 2, 22.45
1747774992, 0, 1, 411, 410, 14, 6.71%, 0, 0, 2, 18.38
1747774997, 0, 1, 413, 412, 14, 6.71%, 0, 0, 2, 16.85
1747775002, 0, 1, 416, 415, 14, 6.71%, 0, 0, 2, 17.56
1747775007, 0, 1, 418, 417, 14, 6.71%, 0, 0, 2, 16.77
1747775012, 0, 1, 420, 419, 14, 6.71%, 0, 0, 2, 17.78
1747775018, 0, 1, 424, 423, 14, 6.72%, 0, 0, 2, 16.96
1747775023, 0, 1, 426, 425, 14, 6.72%, 0, 0, 2, 17.35
1747775028, 0, 1, 429, 428, 14, 6.84%, 0, 0, 2, 16.57
1747775033, 0, 1, 432, 431, 14, 6.84%, 0, 0, 2, 16.88
1747775038, 0, 1, 436, 435, 14, 6.84%, 0, 0, 2, 16.44
1747775043, 0, 1, 437, 436, 14, 6.84%, 0, 0, 2, 16.41
1747775048, 0, 1, 441, 440, 14, 6.84%, 0, 0, 2, 16.61
1747775054, 0, 1, 443, 442, 14, 6.84%, 0, 0, 2, 17.09
1747775069, 0, 1, 445, 444, 14, 6.84%, 0, 0, 2, 18.67
1747775074, 0, 1, 447, 446, 14, 6.84%, 0, 0, 2, 18.28
1747775079, 0, 1, 449, 448, 14, 6.84%, 0, 0, 2, 17.03
1747775084, 0, 1, 450, 449, 14, 6.84%, 0, 0, 2, 16.62
1747775110, 0, 1, 451, 450, 14, 6.84%, 0, 0, 2, 16.97
1747775120, 0, 1, 453, 452, 14, 6.84%, 0, 0, 2, 18.10
1747775140, 0, 1, 454, 453, 14, 6.84%, 0, 0, 2, 18.29
1747775145, 0, 1, 455, 454, 14, 6.84%, 0, 0, 2, 16.77
1747775161, 0, 1, 456, 455, 14, 6.84%, 0, 0, 2, 16.94
1747775166, 0, 1, 457, 456, 14, 6.84%, 0, 0, 2, 17.60
1747775171, 0, 1, 459, 458, 14, 6.84%, 0, 0, 2, 17.10
1747775191, 0, 1, 460, 459, 14, 6.84%, 0, 0, 2, 17.00
1747775196, 0, 1, 461, 460, 14, 6.84%, 0, 0, 2, 18.12
1747775232, 0, 1, 462, 461, 14, 6.84%, 0, 0, 2, 17.99
1747775247, 0, 2, 462, 461, 16, 6.84%, 0, 0, 2, 17.50
1747775252, 0, 2, 463, 462, 16, 6.84%, 0, 0, 2, 18.09
1747775258, 0, 2, 464, 463, 16, 6.84%, 0, 0, 2, 17.59
1747775263, 0, 2, 465, 464, 16, 6.84%, 0, 0, 2, 17.52
1747775268, 0, 2, 467, 466, 16, 6.85%, 0, 0, 2, 16.39
1747775273, 0, 2, 468, 467, 16, 6.85%, 0, 0, 2, 16.68
1747775278, 0, 2, 471, 470, 16, 6.85%, 0, 0, 2, 16.41
1747775283, 0, 2, 475, 474, 16, 6.85%, 0, 0, 2, 15.83
1747775288, 0, 2, 477, 476, 16, 6.85%, 0, 0, 2, 16.64
1747775293, 0, 2, 481, 480, 16, 6.85%, 0, 0, 2, 15.79
1747775299, 0, 2, 484, 483, 16, 6.85%, 0, 0, 2, 16.05
1747775304, 0, 2, 485, 484, 16, 6.85%, 0, 0, 2, 17.15
1747775309, 0, 2, 487, 486, 16, 6.86%, 0, 0, 2, 16.37
1747775314, 0, 2, 489, 488, 16, 6.86%, 0, 0, 2, 16.55
1747775319, 0, 2, 492, 491, 16, 6.86%, 0, 0, 2, 17.09
1747775329, 0, 2, 493, 492, 16, 6.86%, 0, 0, 2, 16.05
1747775335, 0, 2, 495, 494, 16, 6.86%, 0, 0, 2, 16.36
1747775340, 0, 2, 496, 495, 16, 6.86%, 0, 0, 2, 17.11
1747775350, 0, 2, 497, 496, 16, 6.86%, 0, 0, 2, 16.52
1747775355, 0, 2, 498, 497, 16, 6.86%, 0, 0, 2, 16.22
1747775360, 0, 2, 499, 498, 16, 6.86%, 0, 0, 2, 16.16
1747775381, 0, 2, 500, 499, 16, 6.86%, 0, 0, 2, 17.35
1747775396, 0, 2, 501, 500, 16, 6.86%, 0, 0, 2, 16.08
1747775406, 0, 2, 502, 501, 16, 6.86%, 0, 0, 2, 17.67
1747775416, 0, 2, 503, 502, 16, 6.86%, 0, 0, 2, 16.86
1747775437, 0, 2, 504, 503, 16, 6.86%, 0, 0, 2, 16.70
1747775442, 0, 2, 505, 504, 16, 7.15%, 0, 0, 2, 15.94
1747775447, 0, 2, 508, 507, 16, 7.19%, 0, 0, 2, 14.01
1747775452, 0, 2, 511, 510, 16, 7.24%, 0, 0, 2, 13.47
1747775462, 0, 2, 513, 512, 16, 7.24%, 0, 0, 2, 15.05
1747775467, 0, 2, 515, 514, 16, 7.24%, 0, 0, 2, 14.08
1747775472, 0, 2, 519, 518, 16, 7.24%, 0, 0, 2, 12.17
1747775477, 0, 2, 520, 519, 16, 7.24%, 0, 0, 2, 15.26
1747775483, 0, 2, 524, 523, 16, 7.30%, 0, 0, 2, 11.41
1747775488, 0, 2, 526, 525, 16, 7.30%, 0, 0, 2, 15.08
1747775493, 0, 2, 527, 526, 16, 7.37%, 0, 0, 2, 13.38
1747775498, 0, 2, 530, 529, 16, 7.37%, 0, 0, 2, 15.27
1747775503, 0, 2, 531, 530, 16, 7.82%, 0, 0, 2, 14.01
1747775509, 0, 2, 532, 531, 16, 7.82%, 0, 0, 2, 14.30
1747775514, 0, 2, 534, 533, 16, 7.82%, 0, 0, 2, 12.66
1747775519, 0, 2, 538, 537, 16, 7.82%, 0, 0, 2, 12.20
1747775529, 0, 2, 541, 540, 16, 7.82%, 0, 0, 2, 15.45
1747775534, 0, 2, 543, 542, 16, 7.84%, 0, 0, 2, 14.50
1747775544, 0, 2, 545, 544, 16, 7.84%, 0, 0, 2, 14.02
1747775549, 0, 3, 548, 547, 18, 7.84%, 0, 0, 2, 13.81
1747775554, 0, 3, 549, 548, 18, 7.84%, 0, 0, 2, 14.01
1747775559, 0, 3, 551, 550, 18, 7.84%, 0, 0, 2, 13.41
1747775565, 0, 3, 553, 552, 18, 7.85%, 0, 0, 2, 13.58
1747775570, 0, 3, 556, 555, 18, 7.85%, 0, 0, 2, 12.60
1747775575, 0, 3, 561, 560, 18, 7.85%, 0, 0, 2, 11.46
1747775580, 0, 3, 564, 563, 18, 7.85%, 0, 0, 2, 11.69
1747775585, 0, 3, 567, 566, 18, 7.88%, 0, 0, 2, 10.66
1747775590, 0, 3, 569, 568, 18, 7.88%, 0, 0, 2, 12.09
1747775595, 0, 3, 572, 571, 18, 7.88%, 0, 0, 2, 11.44
1747775600, 0, 3, 573, 572, 18, 7.88%, 0, 0, 2, 12.57
1747775605, 0, 3, 575, 574, 18, 7.88%, 0, 0, 2, 12.67
1747775611, 0, 3, 579, 578, 18, 7.88%, 0, 0, 2, 12.55
1747775616, 0, 3, 580, 579, 18, 7.88%, 0, 0, 2, 12.27
1747775621, 0, 3, 583, 582, 18, 7.88%, 0, 0, 2, 12.19
1747775626, 0, 3, 586, 585, 18, 7.88%, 0, 0, 2, 10.51
1747775631, 0, 3, 589, 588, 18, 7.88%, 0, 0, 2, 9.99
1747775636, 0, 3, 591, 590, 18, 7.89%, 0, 0, 2, 9.91
1747775641, 0, 3, 595, 594, 18, 7.89%, 0, 0, 2, 12.03
1747775646, 0, 3, 597, 596, 18, 7.89%, 0, 0, 2, 11.33
1747775652, 0, 3, 599, 598, 18, 7.89%, 0, 0, 2, 11.07
1747775657, 0, 3, 601, 600, 18, 7.89%, 0, 0, 2, 11.85
1747775662, 0, 3, 604, 603, 18, 7.89%, 0, 0, 2, 11.71
1747775667, 0, 3, 606, 605, 18, 7.89%, 0, 0, 2, 11.19
1747775672, 0, 3, 607, 606, 18, 7.89%, 0, 0, 2, 13.82
1747775677, 0, 3, 608, 607, 18, 7.89%, 0, 0, 2, 14.56
1747775683, 0, 3, 610, 609, 18, 7.89%, 0, 0, 2, 14.95
1747775698, 0, 3, 612, 611, 18, 7.89%, 0, 0, 2, 13.53
1747775703, 0, 3, 613, 612, 18, 7.89%, 0, 0, 2, 13.79
1747775708, 0, 3, 614, 613, 18, 7.89%, 0, 0, 2, 11.34
1747775714, 0, 3, 615, 614, 18, 7.89%, 0, 0, 2, 13.78
1747775719, 0, 3, 617, 616, 18, 7.89%, 0, 0, 2, 14.96
1747775724, 0, 3, 618, 617, 18, 7.89%, 0, 0, 2, 13.27
1747775734, 0, 3, 619, 618, 18, 7.89%, 0, 0, 2, 12.80
1747775744, 0, 3, 621, 620, 18, 7.89%, 0, 0, 2, 13.98
1747775750, 0, 3, 623, 622, 18, 7.89%, 0, 0, 2, 13.82
1747775760, 0, 3, 624, 623, 18, 7.89%, 0, 0, 2, 13.42
1747775765, 0, 3, 626, 625, 18, 7.89%, 0, 0, 2, 13.49
1747775770, 0, 3, 627, 626, 18, 7.89%, 0, 0, 2, 14.16
1747775775, 0, 3, 628, 627, 18, 7.89%, 0, 0, 2, 13.37
1747775781, 0, 3, 631, 630, 18, 7.90%, 0, 0, 2, 10.33
1747775786, 0, 3, 633, 632, 18, 7.90%, 0, 0, 2, 11.77
1747775791, 0, 3, 636, 635, 18, 7.90%, 0, 0, 2, 11.42
1747775796, 0, 3, 638, 637, 18, 7.90%, 0, 0, 2, 14.57
1747775801, 0, 3, 639, 638, 18, 7.90%, 0, 0, 2, 11.57
1747775811, 0, 3, 641, 640, 18, 7.90%, 0, 0, 2, 14.37
1747775816, 0, 3, 643, 642, 18, 7.90%, 0, 0, 2, 14.47
1747775821, 0, 3, 645, 644, 18, 7.90%, 0, 0, 2, 14.49
1747775827, 0, 3, 647, 646, 18, 7.90%, 0, 0, 2, 13.93
1747775832, 0, 3, 649, 648, 18, 7.90%, 0, 0, 2, 14.93
1747775837, 0, 3, 650, 649, 18, 7.90%, 0, 0, 2, 14.35
1747775842, 0, 3, 652, 651, 18, 7.90%, 0, 0, 2, 11.79
1747775852, 0, 3, 653, 652, 18, 7.90%, 0, 0, 2, 14.73
1747775857, 0, 3, 655, 654, 18, 7.90%, 0, 0, 2, 12.87
1747775862, 0, 3, 657, 656, 18, 7.90%, 0, 0, 2, 11.20
1747775867, 0, 3, 660, 659, 18, 7.91%, 0, 0, 2, 11.96
1747775872, 0, 3, 661, 660, 18, 7.91%, 0, 0, 2, 12.65
1747775878, 0, 3, 663, 662, 18, 7.91%, 0, 0, 2, 12.93
1747775883, 0, 3, 664, 663, 18, 7.91%, 0, 0, 2, 13.42
1747775888, 0, 3, 665, 664, 18, 7.91%, 0, 0, 2, 13.06
1747775893, 0, 3, 667, 666, 18, 7.91%, 0, 0, 2, 11.88
1747775903, 0, 3, 669, 668, 18, 7.91%, 0, 0, 2, 12.89
1747775908, 0, 3, 670, 669, 18, 7.91%, 0, 0, 2, 13.36
1747775913, 0, 3, 672, 671, 18, 7.91%, 0, 0, 2, 13.42
1747775924, 0, 3, 674, 673, 18, 7.91%, 0, 0, 2, 13.77
1747775929, 0, 3, 675, 674, 18, 7.91%, 0, 0, 2, 14.87
1747775934, 0, 3, 676, 675, 18, 7.91%, 0, 0, 2, 15.30
1747775939, 0, 3, 677, 676, 18, 7.91%, 0, 0, 2, 14.82
1747775944, 0, 3, 678, 677, 18, 7.91%, 0, 0, 2, 13.95
1747775949, 0, 3, 680, 679, 18, 7.91%, 0, 0, 2, 13.09
1747775954, 0, 4, 680, 679, 24, 7.91%, 0, 0, 2, 14.69
1747775965, 0, 4, 681, 680, 24, 7.91%, 0, 0, 2, 13.97
1747775970, 0, 4, 683, 682, 24, 7.91%, 0, 0, 2, 13.30
1747775975, 0, 4, 684, 683, 24, 7.91%, 0, 0, 2, 13.45
1747775985, 0, 4, 685, 684, 24, 7.91%, 0, 0, 2, 14.36
1747776006, 0, 4, 686, 685, 24, 7.91%, 0, 0, 2, 15.35
1747776011, 0, 4, 687, 686, 24, 7.91%, 0, 0, 2, 13.80
1747776031, 0, 4, 689, 688, 24, 7.91%, 0, 0, 2, 13.58
1747776041, 0, 4, 690, 689, 24, 7.91%, 0, 0, 2, 15.31
1747776046, 0, 4, 691, 690, 24, 7.91%, 0, 0, 2, 15.07
1747776062, 0, 4, 692, 691, 24, 7.91%, 0, 0, 2, 14.79
1747776067, 0, 4, 693, 692, 24, 7.91%, 0, 0, 2, 13.69
1747776072, 0, 4, 694, 693, 24, 7.91%, 0, 0, 2, 13.50
1747776082, 0, 4, 695, 694, 24, 7.93%, 0, 0, 2, 13.67
1747776108, 0, 4, 696, 695, 24, 7.93%, 0, 0, 2, 12.83
1747776113, 0, 4, 697, 696, 24, 7.93%, 0, 0, 2, 13.00
1747776164, 0, 4, 699, 698, 24, 7.93%, 0, 0, 2, 12.04
1747776170, 0, 4, 700, 699, 24, 7.93%, 0, 0, 2, 12.59
1747776175, 0, 4, 701, 700, 24, 7.93%, 0, 0, 2, 11.90
1747776180, 0, 4, 702, 701, 24, 7.93%, 0, 0, 2, 12.36
1747776190, 0, 4, 704, 703, 24, 7.93%, 0, 0, 2, 12.31
1747776196, 0, 4, 705, 704, 24, 7.93%, 0, 0, 2, 14.80
1747776201, 0, 4, 707, 706, 24, 7.93%, 0, 0, 2, 11.87
1747776206, 0, 4, 708, 707, 24, 7.93%, 0, 0, 2, 12.42
1747776216, 0, 4, 709, 708, 24, 7.93%, 0, 0, 2, 14.05
1747776221, 0, 4, 711, 710, 24, 7.93%, 0, 0, 2, 11.76
1747776231, 0, 4, 712, 711, 24, 7.93%, 0, 0, 2, 13.18
1747776236, 0, 4, 713, 712, 24, 7.93%, 0, 0, 2, 13.93
1747776247, 0, 4, 714, 713, 24, 7.93%, 0, 0, 2, 13.54
1747776262, 0, 4, 715, 714, 24, 7.94%, 0, 0, 2, 13.40
1747776267, 0, 5, 715, 714, 23, 7.94%, 0, 0, 2, 15.07
1747776272, 0, 7, 715, 714, 23, 7.94%, 0, 0, 2, 15.24
1747776277, 0, 7, 716, 715, 23, 7.94%, 0, 0, 2, 14.10
1747776287, 0, 7, 717, 716, 23, 7.94%, 0, 0, 2, 14.87
1747776313, 0, 8, 718, 717, 23, 7.94%, 0, 0, 2, 15.22
1747776318, 0, 8, 719, 718, 23, 7.94%, 0, 0, 2, 13.13
1747776333, 0, 8, 720, 719, 23, 7.94%, 0, 0, 2, 13.85
1747776354, 0, 8, 721, 720, 23, 7.94%, 0, 0, 2, 13.73
1747776384, 0, 8, 722, 721, 23, 7.94%, 0, 0, 2, 14.49
1747776395, 0, 8, 724, 723, 23, 7.94%, 0, 0, 2, 15.07
1747776400, 0, 8, 726, 725, 23, 7.94%, 0, 0, 2, 14.13
1747776420, 0, 8, 727, 726, 23, 7.94%, 0, 0, 2, 14.32
1747776425, 0, 8, 728, 727, 23, 7.94%, 0, 0, 2, 15.58
1747776436, 0, 8, 729, 728, 23, 7.94%, 0, 0, 2, 14.71
1747776441, 0, 8, 730, 729, 23, 7.94%, 0, 0, 2, 13.95
1747776446, 0, 8, 731, 730, 23, 7.94%, 0, 0, 2, 12.75
1747776466, 0, 8, 732, 731, 23, 7.94%, 0, 0, 2, 15.00
1747776482, 0, 8, 733, 732, 23, 7.94%, 0, 0, 2, 12.75
1747776487, 0, 8, 735, 734, 23, 7.94%, 0, 0, 2, 12.81
1747776492, 0, 8, 736, 735, 23, 7.94%, 0, 0, 2, 14.17
1747776497, 0, 8, 737, 736, 23, 7.94%, 0, 0, 2, 14.08
1747776512, 0, 8, 738, 737, 23, 7.94%, 0, 0, 2, 12.92
1747776543, 0, 8, 739, 738, 23, 7.94%, 0, 0, 2, 15.25
1747776548, 0, 8, 740, 739, 23, 7.94%, 0, 0, 2, 13.76
1747776574, 0, 8, 741, 740, 23, 7.94%, 0, 0, 2, 14.33
1747776605, 0, 8, 742, 741, 23, 7.94%, 0, 0, 2, 13.95
1747776615, 0, 9, 743, 742, 23, 7.94%, 0, 0, 2, 15.37
1747776625, 0, 9, 744, 743, 23, 7.94%, 0, 0, 2, 15.66
1747776651, 0, 11, 744, 743, 23, 7.94%, 0, 0, 2, 14.41
1747776656, 0, 11, 745, 744, 23, 7.94%, 0, 0, 2, 14.21
1747776666, 0, 11, 747, 746, 23, 7.94%, 0, 0, 2, 15.18
1747776681, 0, 11, 748, 747, 23, 7.94%, 0, 0, 2, 14.93
1747776691, 0, 11, 749, 748, 23, 7.94%, 0, 0, 2, 15.31
1747776707, 0, 11, 750, 749, 23, 7.94%, 0, 0, 2, 14.02
1747776783, 0, 11, 752, 751, 23, 7.94%, 0, 0, 2, 13.62
1747776794, 0, 11, 753, 752, 23, 7.94%, 0, 0, 2, 12.72
1747776937, 0, 13, 753, 752, 23, 7.94%, 0, 0, 2, 15.06
1747776947, 0, 15, 754, 753, 23, 7.94%, 0, 0, 2, 12.59
1747776963, 0, 17, 754, 753, 23, 7.94%, 0, 0, 2, 15.16
1747776973, 0, 18, 754, 753, 23, 7.94%, 0, 0, 2, 14.12
1747776983, 0, 19, 755, 754, 23, 7.94%, 0, 0, 2, 12.77
1747777004, 0, 20, 755, 754, 23, 7.94%, 0, 0, 2, 14.48
1747777009, 0, 21, 755, 754, 23, 7.94%, 0, 0, 2, 15.30
1747777020, 0, 21, 756, 755, 23, 7.94%, 0, 0, 2, 13.44
1747777025, 0, 21, 757, 756, 23, 7.94%, 0, 0, 2, 14.64
1747777030, 0, 21, 758, 757, 23, 7.94%, 0, 0, 2, 14.18
1747777035, 0, 21, 760, 759, 23, 8.00%, 0, 0, 2, 9.64
1747777040, 0, 21, 761, 760, 23, 8.00%, 0, 0, 2, 10.52
1747777045, 0, 21, 762, 761, 23, 8.00%, 0, 0, 2, 12.60
1747777051, 0, 21, 763, 762, 23, 8.00%, 0, 0, 2, 12.46
1747777061, 0, 21, 764, 763, 23, 8.00%, 0, 0, 2, 16.03
1747777066, 0, 21, 766, 765, 23, 8.00%, 0, 0, 2, 9.00
1747777076, 0, 21, 767, 766, 23, 8.00%, 0, 0, 2, 13.25
1747777081, 0, 21, 768, 767, 23, 8.00%, 0, 0, 2, 13.99
1747777097, 0, 21, 769, 768, 23, 8.00%, 0, 0, 2, 13.87
1747777102, 0, 21, 770, 769, 23, 8.00%, 0, 0, 2, 13.78
1747777107, 0, 21, 771, 770, 23, 8.00%, 0, 0, 2, 11.07
1747777112, 0, 21, 772, 771, 23, 8.00%, 0, 0, 2, 13.29
1747777122, 0, 21, 774, 773, 23, 8.00%, 0, 0, 2, 13.38
1747777127, 0, 21, 775, 774, 23, 8.00%, 0, 0, 2, 10.26
1747777133, 0, 21, 776, 775, 23, 8.00%, 0, 0, 2, 11.26
1747777168, 0, 21, 776, 775, 23, 8.00%, 1, 0, 2, 15.31
1747777173, 0, 21, 777, 776, 23, 8.17%, 1, 0, 2, 11.53
1747777179, 0, 21, 778, 777, 23, 8.17%, 2, 0, 2, 12.40
1747777184, 0, 21, 779, 778, 23, 8.17%, 3, 0, 2, 10.55
1747777189, 0, 21, 780, 779, 23, 8.17%, 3, 0, 2, 12.96
1747777194, 0, 21, 781, 780, 23, 8.19%, 4, 0, 2, 10.13
1747777199, 0, 21, 781, 780, 23, 8.19%, 6, 0, 2, 13.09
1747777205, 0, 21, 782, 781, 23, 8.19%, 6, 0, 2, 9.24
1747777210, 0, 21, 783, 782, 23, 8.19%, 8, 0, 2, 10.22
1747777215, 0, 21, 785, 784, 23, 8.19%, 8, 0, 2, 15.23
1747777220, 0, 21, 787, 786, 23, 8.20%, 8, 0, 2, 12.79
1747777225, 0, 21, 789, 788, 23, 8.20%, 10, 0, 2, 16.01
1747777231, 0, 21, 791, 790, 23, 8.20%, 10, 0, 2, 17.72
1747777241, 0, 21, 792, 791, 23, 8.20%, 10, 0, 2, 15.85
1747777246, 0, 21, 794, 793, 23, 8.20%, 10, 0, 2, 18.83
1747777251, 0, 21, 796, 795, 23, 8.20%, 10, 0, 2, 15.59
1747777257, 0, 21, 797, 796, 23, 8.20%, 10, 0, 2, 16.05
1747777262, 0, 21, 799, 798, 23, 8.20%, 10, 0, 2, 15.83
1747777267, 0, 21, 800, 799, 23, 8.20%, 11, 0, 2, 18.31
1747777272, 0, 21, 801, 800, 23, 8.20%, 11, 0, 2, 19.64
1747777277, 0, 21, 802, 801, 23, 8.20%, 12, 0, 2, 19.24
1747777282, 0, 21, 803, 802, 23, 8.20%, 12, 0, 2, 20.54
1747777292, 0, 21, 804, 803, 23, 8.20%, 12, 0, 2, 22.78
1747777302, 0, 21, 805, 804, 23, 8.20%, 13, 0, 2, 20.01
1747777308, 0, 21, 806, 805, 23, 8.20%, 13, 0, 2, 19.78
1747777313, 0, 21, 807, 806, 23, 8.20%, 13, 0, 2, 19.98
1747777318, 0, 21, 808, 807, 23, 8.20%, 14, 0, 2, 20.55
1747777323, 0, 21, 809, 808, 23, 8.20%, 14, 0, 2, 21.41
1747777328, 0, 22, 811, 810, 23, 8.20%, 14, 0, 2, 17.60
1747777338, 0, 22, 812, 811, 23, 8.20%, 14, 0, 2, 25.02
1747777348, 0, 22, 814, 813, 23, 8.20%, 14, 0, 2, 19.92
1747777353, 0, 22, 816, 815, 23, 8.20%, 14, 0, 2, 20.60
1747777358, 0, 22, 816, 815, 23, 8.20%, 15, 0, 2, 24.14
1747777364, 0, 22, 818, 817, 23, 8.20%, 16, 0, 2, 17.63
1747777369, 0, 22, 819, 818, 23, 8.20%, 16, 0, 2, 24.05
1747777374, 0, 22, 821, 820, 23, 8.20%, 16, 0, 2, 18.04
1747777379, 0, 22, 823, 822, 23, 8.20%, 17, 0, 2, 17.34
1747777384, 0, 22, 823, 822, 23, 8.20%, 19, 0, 2, 22.61
1747777389, 0, 22, 824, 823, 23, 8.20%, 20, 0, 2, 19.66
1747777394, 0, 22, 825, 824, 23, 8.20%, 20, 0, 2, 18.03
1747777405, 0, 22, 826, 825, 23, 8.21%, 22, 0, 2, 19.52
1747777410, 0, 22, 827, 826, 23, 8.21%, 22, 0, 2, 17.15
1747777415, 0, 22, 828, 827, 23, 8.21%, 23, 0, 2, 20.69
1747777420, 0, 22, 829, 828, 23, 8.21%, 24, 0, 2, 20.41
1747777430, 0, 22, 830, 829, 23, 8.28%, 24, 0, 2, 20.11
1747777435, 0, 22, 830, 829, 23, 8.28%, 25, 0, 2, 25.90
1747777441, 0, 22, 830, 829, 23, 8.28%, 26, 0, 2, 24.60
1747777446, 0, 22, 831, 830, 23, 8.28%, 26, 0, 2, 21.15
1747777451, 0, 22, 832, 831, 23, 8.28%, 26, 0, 2, 21.41
1747777456, 0, 22, 832, 831, 23, 8.28%, 27, 0, 2, 22.13
1747777461, 0, 22, 833, 832, 23, 8.28%, 27, 0, 2, 23.97
1747777466, 0, 22, 834, 833, 23, 8.29%, 27, 0, 2, 20.15
1747777471, 0, 22, 835, 834, 23, 8.29%, 27, 0, 2, 21.22
1747777476, 0, 22, 836, 835, 23, 8.29%, 27, 0, 2, 20.43
1747777481, 0, 22, 836, 835, 23, 8.29%, 28, 0, 2, 24.18
1747777486, 0, 22, 838, 837, 23, 8.29%, 28, 0, 2, 20.05
1747777491, 0, 22, 838, 837, 23, 8.29%, 30, 0, 2, 23.88
1747777497, 0, 22, 839, 838, 23, 8.29%, 31, 0, 2, 23.22
1747777507, 0, 22, 840, 839, 23, 8.29%, 31, 0, 2, 21.04
1747777512, 0, 22, 840, 839, 23, 8.29%, 32, 0, 2, 24.83
1747777517, 0, 22, 842, 841, 23, 8.29%, 32, 0, 2, 20.97
1747777522, 0, 22, 843, 842, 23, 8.29%, 33, 0, 2, 23.49
1747777533, 0, 22, 843, 842, 23, 8.29%, 34, 0, 2, 24.38
1747777538, 0, 23, 843, 842, 25, 8.29%, 36, 0, 2, 25.10
1747777543, 0, 24, 843, 842, 25, 8.29%, 36, 0, 2, 23.00
1747777548, 0, 25, 843, 842, 25, 8.29%, 37, 0, 2, 23.45
1747777553, 0, 26, 843, 842, 25, 8.29%, 38, 0, 2, 22.85
1747777558, 0, 28, 844, 843, 25, 8.29%, 38, 0, 2, 22.26
1747777563, 0, 28, 846, 845, 25, 8.29%, 38, 0, 2, 22.68
1747777573, 0, 28, 847, 846, 25, 8.29%, 38, 0, 2, 21.51
1747777584, 0, 28, 848, 847, 25, 8.29%, 38, 0, 2, 21.41
1747777604, 0, 28, 849, 848, 25, 8.29%, 38, 0, 2, 21.14
1747777624, 0, 28, 850, 849, 25, 8.29%, 38, 0, 2, 22.79
1747777639, 0, 28, 851, 850, 25, 8.29%, 38, 0, 2, 19.82
1747777680, 0, 28, 852, 851, 25, 8.29%, 38, 0, 2, 22.44
1747777695, 0, 28, 853, 852, 25, 8.29%, 38, 0, 2, 22.01
1747777716, 0, 28, 854, 853, 25, 8.29%, 38, 0, 2, 22.54
1747777721, 0, 28, 855, 854, 25, 8.29%, 38, 0, 2, 22.17
1747777741, 0, 29, 855, 854, 23, 8.29%, 41, 0, 2, 24.19
1747777747, 0, 31, 855, 854, 23, 8.29%, 45, 0, 2, 4.85
1747777752, 0, 32, 856, 855, 23, 8.29%, 45, 0, 2, 25.01
1747777762, 0, 33, 856, 855, 23, 8.29%, 47, 0, 2, 23.48
1747777767, 0, 34, 856, 855, 23, 8.29%, 47, 0, 2, 23.59
1747777772, 0, 35, 856, 855, 23, 8.29%, 48, 0, 2, 25.55
1747777777, 0, 35, 858, 857, 23, 8.29%, 50, 0, 2, 19.51
1747777782, 0, 35, 859, 858, 23, 8.29%, 50, 0, 2, 17.52
1747777788, 0, 35, 860, 859, 23, 8.29%, 52, 0, 2, 22.90
1747777793, 0, 35, 861, 860, 23, 8.29%, 54, 0, 2, 20.25
1747777803, 0, 35, 861, 860, 23, 8.29%, 55, 0, 2, 24.11
1747777808, 0, 35, 861, 860, 23, 8.29%, 58, 0, 2, 24.86
1747777813, 0, 35, 863, 862, 23, 8.29%, 59, 0, 2, 22.37
1747777824, 0, 35, 863, 862, 23, 8.29%, 63, 0, 2, 22.52
1747777829, 0, 35, 863, 862, 23, 8.29%, 64, 0, 2, 25.56
1747777834, 0, 35, 863, 862, 23, 8.29%, 66, 0, 2, 23.92
1747777844, 0, 35, 863, 862, 23, 8.29%, 67, 0, 2, 23.97
1747777849, 0, 35, 863, 862, 23, 8.29%, 68, 0, 2, 25.27
1747777854, 0, 35, 863, 862, 23, 8.29%, 69, 0, 2, 23.78
1747777859, 0, 35, 863, 862, 23, 8.29%, 72, 0, 2, 23.52
1747777864, 0, 35, 863, 862, 23, 8.29%, 76, 0, 2, 23.87
1747777869, 0, 35, 863, 862, 23, 8.29%, 77, 0, 2, 23.15
1747777875, 0, 35, 863, 862, 23, 8.29%, 80, 0, 2, 22.35
1747777880, 0, 35, 865, 864, 23, 8.29%, 80, 0, 2, 15.04
1747777885, 0, 35, 866, 865, 23, 8.29%, 80, 0, 2, 16.83
1747777895, 0, 35, 867, 866, 23, 8.29%, 80, 0, 2, 20.54
1747777900, 0, 35, 868, 867, 23, 8.29%, 80, 0, 2, 21.11
1747777910, 0, 35, 869, 868, 23, 8.29%, 81, 0, 2, 19.21
1747777921, 0, 35, 870, 869, 23, 8.29%, 81, 0, 2, 23.60
1747777926, 0, 35, 870, 869, 23, 8.29%, 84, 0, 2, 22.47
1747777936, 0, 35, 871, 870, 23, 8.29%, 84, 0, 2, 20.14
1747777941, 0, 35, 873, 872, 23, 8.29%, 84, 0, 2, 15.55
1747777951, 0, 35, 875, 874, 23, 8.29%, 84, 0, 2, 17.48
1747777962, 0, 35, 875, 874, 23, 8.29%, 85, 0, 2, 22.19
1747777967, 0, 37, 875, 874, 23, 8.29%, 87, 0, 2, 24.11
1747777972, 0, 38, 875, 874, 23, 8.29%, 88, 0, 2, 25.38
1747777982, 0, 39, 875, 874, 23, 8.29%, 88, 0, 2, 22.83
1747777987, 0, 40, 875, 874, 23, 8.29%, 89, 0, 2, 25.43
1747777992, 0, 43, 875, 874, 23, 8.29%, 89, 0, 2, 24.99
1747777997, 0, 45, 875, 874, 23, 8.29%, 89, 0, 2, 24.89
1747778003, 0, 47, 876, 875, 23, 8.29%, 89, 0, 2, 23.03
1747778013, 0, 48, 878, 877, 24, 8.29%, 89, 0, 2, 20.94
1747778018, 0, 48, 880, 879, 24, 8.29%, 89, 0, 2, 19.61
1747778023, 0, 48, 881, 880, 24, 8.29%, 91, 0, 2, 17.50
1747778028, 0, 48, 881, 880, 24, 8.29%, 92, 0, 2, 23.14
1747778043, 0, 48, 881, 880, 24, 8.29%, 93, 0, 2, 25.02
1747778048, 0, 48, 881, 880, 24, 8.29%, 94, 0, 2, 23.58
1747778059, 0, 48, 881, 880, 24, 8.29%, 96, 0, 2, 22.56
1747778064, 0, 48, 881, 880, 24, 8.29%, 97, 0, 2, 22.72
1747778084, 0, 48, 883, 882, 24, 8.29%, 97, 0, 2, 21.91
1747778089, 0, 48, 883, 882, 24, 8.29%, 100, 0, 2, 22.16
1747778104, 0, 48, 884, 883, 24, 8.29%, 100, 0, 2, 20.47
1747778110, 0, 48, 885, 884, 24, 8.29%, 101, 0, 2, 21.76
1747778115, 0, 48, 886, 885, 24, 8.29%, 101, 0, 2, 20.46
1747778125, 0, 48, 886, 885, 24, 8.29%, 102, 0, 2, 21.99
1747778135, 0, 48, 887, 886, 24, 8.29%, 103, 0, 2, 23.01
1747778140, 0, 48, 888, 887, 24, 8.29%, 104, 0, 2, 22.59
1747778161, 0, 48, 889, 888, 24, 8.29%, 104, 0, 2, 21.29
1747778166, 0, 48, 890, 889, 24, 8.29%, 104, 0, 2, 19.93
1747778171, 0, 48, 890, 889, 24, 8.29%, 106, 0, 2, 23.10
1747778181, 0, 48, 891, 890, 24, 8.29%, 107, 0, 2, 21.17
1747778186, 0, 48, 892, 891, 24, 8.29%, 110, 0, 2, 20.28
1747778191, 0, 48, 892, 891, 24, 8.29%, 111, 0, 2, 20.21
1747778201, 0, 48, 893, 892, 24, 8.29%, 112, 0, 2, 9.98
1747778206, 0, 48, 894, 893, 24, 8.29%, 112, 0, 2, 9.58
1747778217, 0, 49, 894, 893, 23, 8.29%, 113, 0, 2, 12.96
1747778227, 0, 50, 894, 893, 23, 8.29%, 113, 0, 2, 14.73
1747778232, 0, 50, 895, 894, 23, 8.29%, 113, 0, 2, 10.48
1747778237, 0, 50, 896, 895, 23, 8.29%, 113, 0, 2, 10.43
1747778242, 0, 50, 896, 895, 23, 8.29%, 115, 0, 2, 12.30
1747778247, 0, 50, 896, 895, 23, 8.29%, 116, 0, 2, 15.12
1747778263, 0, 50, 896, 895, 23, 8.29%, 118, 0, 2, 14.48
1747778268, 0, 52, 897, 896, 23, 8.29%, 118, 0, 2, 11.45
1747778288, 0, 53, 897, 896, 23, 8.29%, 118, 0, 2, 14.69
1747778294, 0, 55, 897, 896, 23, 8.29%, 118, 0, 2, 14.53
1747778304, 0, 56, 898, 897, 23, 8.29%, 118, 0, 2, 14.49
1747778320, 0, 58, 898, 897, 23, 8.29%, 118, 0, 2, 14.79
1747778330, 0, 59, 898, 897, 23, 8.29%, 118, 0, 2, 14.71
1747778340, 0, 61, 898, 897, 23, 8.29%, 118, 0, 2, 15.56
1747778345, 0, 61, 898, 897, 23, 8.29%, 120, 0, 2, 14.87
1747778350, 0, 63, 898, 897, 23, 8.29%, 120, 0, 2, 14.50
1747778355, 0, 63, 899, 898, 23, 8.29%, 120, 0, 2, 13.09
1747778366, 0, 64, 899, 898, 23, 8.29%, 120, 0, 2, 15.53
1747778376, 0, 65, 899, 898, 23, 8.29%, 120, 0, 2, 14.70
1747778387, 0, 67, 900, 899, 23, 8.29%, 120, 0, 2, 2.22
1747778402, 0, 67, 900, 899, 23, 8.29%, 122, 0, 2, 13.48
1747778407, 0, 68, 900, 899, 23, 8.29%, 123, 0, 2, 14.76
1747778417, 0, 70, 900, 899, 23, 8.29%, 123, 0, 2, 13.94
1747778427, 0, 71, 900, 899, 23, 8.29%, 123, 0, 2, 15.25
1747778433, 0, 72, 900, 899, 23, 8.29%, 123, 0, 2, 16.97
1747778443, 0, 72, 901, 900, 23, 8.29%, 123, 0, 2, 9.45
1747778458, 0, 73, 901, 900, 23, 8.29%, 124, 0, 2, 15.14
1747778463, 0, 74, 901, 900, 23, 8.29%, 124, 0, 2, 14.98
1747778468, 0, 74, 901, 900, 23, 8.29%, 126, 0, 2, 14.21
1747778473, 0, 76, 901, 900, 23, 8.29%, 126, 0, 2, 16.44
1747778478, 0, 76, 902, 901, 23, 8.29%, 126, 0, 2, 14.93
1747778488, 0, 77, 902, 901, 23, 8.29%, 126, 0, 2, 14.44
1747778499, 0, 77, 903, 902, 23, 8.29%, 126, 0, 2, 9.79
1747778504, 0, 77, 904, 903, 23, 8.29%, 126, 0, 2, 10.43
1747778514, 0, 77, 904, 903, 23, 8.29%, 127, 0, 2, 14.34
1747778519, 0, 77, 904, 903, 23, 8.29%, 128, 0, 2, 12.97
1747778524, 0, 77, 904, 903, 23, 8.29%, 129, 0, 2, 14.74
1747778529, 0, 77, 905, 904, 23, 8.29%, 129, 0, 2, 12.66
1747778540, 0, 77, 905, 904, 23, 8.29%, 132, 0, 2, 12.88
1747778545, 0, 77, 905, 904, 23, 8.29%, 133, 0, 2, 15.97
1747778560, 0, 77, 906, 905, 23, 8.29%, 133, 0, 2, 9.13
1747778570, 0, 77, 906, 905, 23, 8.29%, 134, 0, 2, 13.46
1747778576, 0, 77, 906, 905, 23, 8.29%, 135, 0, 2, 14.66
1747778586, 0, 77, 906, 905, 23, 8.29%, 136, 0, 2, 17.84
1747778591, 0, 77, 906, 905, 23, 8.29%, 138, 0, 2, 2.34
1747778596, 0, 77, 906, 905, 23, 8.29%, 139, 0, 2, 13.95
1747778617, 0, 77, 906, 905, 23, 8.29%, 140, 0, 2, 15.62
1747778627, 0, 77, 906, 905, 23, 8.29%, 143, 0, 2, 13.35
1747778637, 0, 77, 907, 906, 23, 8.29%, 143, 0, 2, 9.61
1747778643, 0, 77, 907, 906, 23, 8.29%, 145, 0, 2, 12.16
1747778648, 0, 77, 907, 906, 23, 8.29%, 146, 0, 2, 13.09
1747778658, 0, 77, 908, 907, 23, 8.29%, 146, 0, 2, 12.99
1747778679, 0, 77, 908, 907, 23, 8.29%, 147, 0, 2, 15.87
1747778694, 0, 77, 908, 907, 23, 8.29%, 149, 0, 2, 14.57
1747778699, 0, 77, 909, 908, 23, 8.29%, 149, 0, 2, 9.59
1747778709, 0, 77, 910, 909, 23, 8.29%, 149, 0, 2, 13.26
1747778725, 0, 77, 910, 909, 23, 8.29%, 150, 0, 2, 12.16
1747778730, 0, 77, 910, 909, 23, 8.29%, 151, 0, 2, 13.04
1747778735, 0, 77, 910, 909, 23, 8.29%, 152, 0, 2, 13.92
1747778756, 0, 77, 910, 909, 23, 8.29%, 153, 0, 2, 13.50
1747778771, 0, 77, 910, 909, 23, 8.29%, 154, 0, 2, 14.29
1747778776, 0, 77, 910, 909, 23, 8.29%, 156, 0, 2, 13.81
1747778792, 0, 77, 911, 910, 23, 8.29%, 156, 0, 2, 12.19
1747778812, 0, 78, 911, 910, 23, 8.29%, 157, 0, 2, 15.92
1747778817, 0, 79, 911, 910, 23, 8.29%, 157, 0, 2, 14.90
1747778822, 0, 79, 911, 910, 23, 8.29%, 158, 0, 2, 12.14
1747778828, 0, 80, 911, 910, 23, 8.29%, 159, 0, 2, 12.77
1747778838, 0, 81, 911, 910, 23, 8.29%, 159, 0, 2, 13.69
1747778848, 0, 82, 911, 910, 23, 8.29%, 159, 0, 2, 13.62
1747778853, 0, 82, 911, 910, 23, 8.29%, 160, 0, 2, 14.62
1747778858, 0, 84, 911, 910, 23, 8.29%, 161, 0, 2, 16.13
1747778863, 0, 85, 911, 910, 23, 8.29%, 161, 0, 2, 15.22
1747778874, 0, 85, 912, 911, 23, 8.29%, 161, 0, 2, 11.45
1747778884, 0, 87, 912, 911, 23, 8.29%, 161, 0, 2, 16.05
1747778889, 0, 87, 913, 912, 23, 8.29%, 161, 0, 2, 12.42
1747778904, 0, 87, 914, 913, 23, 8.29%, 161, 0, 2, 13.52
1747778909, 0, 87, 915, 914, 23, 8.29%, 161, 0, 2, 13.57
1747778925, 0, 87, 915, 914, 23, 8.29%, 162, 0, 2, 13.77
1747778935, 0, 87, 916, 915, 23, 8.29%, 162, 0, 2, 2.40
1747778945, 0, 87, 917, 916, 23, 8.29%, 162, 0, 2, 12.46
1747778961, 0, 87, 918, 917, 23, 8.29%, 162, 0, 2, 13.71
1747778966, 0, 87, 919, 918, 23, 8.29%, 162, 0, 2, 12.96
1747778971, 0, 87, 920, 919, 23, 8.29%, 163, 0, 2, 10.91
1747778976, 0, 87, 920, 919, 23, 8.29%, 164, 0, 2, 12.57
1747778991, 0, 87, 921, 920, 23, 8.29%, 164, 0, 2, 10.02
1747778996, 0, 87, 922, 921, 23, 8.29%, 164, 0, 2, 8.79
1747779012, 0, 87, 923, 922, 23, 8.29%, 164, 0, 2, 10.72
1747779032, 0, 87, 924, 923, 23, 8.29%, 164, 0, 2, 13.85
1747779053, 0, 87, 924, 923, 23, 8.29%, 165, 0, 2, 14.50
1747779073, 0, 87, 924, 923, 23, 8.29%, 166, 0, 2, 11.99
1747779089, 0, 87, 925, 924, 23, 8.29%, 166, 0, 2, 15.24
1747779119, 0, 87, 925, 924, 23, 8.29%, 167, 0, 2, 13.57
1747779124, 0, 87, 926, 925, 23, 8.29%, 168, 0, 2, 12.05
1747779145, 0, 87, 927, 926, 23, 8.29%, 168, 0, 2, 13.31
1747779171, 0, 87, 927, 926, 23, 8.29%, 169, 0, 2, 13.44
1747779176, 0, 87, 928, 927, 23, 8.29%, 169, 0, 2, 13.28
1747779181, 0, 87, 929, 928, 23, 8.29%, 169, 0, 2, 3.11
1747779186, 0, 87, 929, 928, 23, 8.29%, 170, 0, 2, 15.10
1747779196, 0, 87, 929, 928, 23, 8.29%, 171, 0, 2, 15.55
1747779202, 0, 87, 930, 929, 23, 8.29%, 171, 0, 2, 13.95
1747779212, 0, 88, 931, 930, 22, 8.29%, 171, 0, 2, 3.10
1747779233, 0, 89, 931, 930, 22, 8.29%, 171, 0, 2, 14.26
1747779243, 0, 90, 931, 930, 22, 8.29%, 171, 0, 2, 16.25
1747779248, 0, 91, 931, 930, 22, 8.29%, 171, 0, 2, 14.81
1747779258, 0, 92, 931, 930, 22, 8.29%, 171, 0, 2, 14.90
1747779268, 0, 96, 931, 930, 22, 8.29%, 171, 0, 2, 14.17
1747779279, 0, 98, 931, 930, 22, 8.29%, 172, 0, 2, 15.08
1747779284, 0, 98, 931, 930, 22, 8.29%, 173, 0, 2, 13.69
1747779289, 0, 100, 931, 930, 22, 8.29%, 173, 0, 2, 13.63
1747779294, 0, 100, 931, 930, 22, 8.29%, 175, 0, 2, 12.20
1747779299, 0, 101, 931, 930, 22, 8.29%, 175, 0, 2, 14.32
1747779309, 0, 102, 931, 930, 22, 8.29%, 175, 0, 2, 15.19
1747779315, 0, 103, 931, 930, 22, 8.29%, 176, 0, 2, 14.91
1747779325, 0, 104, 931, 930, 22, 8.29%, 176, 0, 2, 14.26
1747779335, 0, 105, 931, 930, 22, 8.29%, 176, 0, 2, 14.87
1747779340, 0, 106, 931, 930, 22, 8.29%, 176, 0, 2, 14.60
1747779346, 0, 106, 932, 931, 22, 8.29%, 176, 0, 2, 12.33
1747779361, 0, 107, 932, 931, 22, 8.29%, 176, 0, 2, 14.26
1747779366, 0, 107, 932, 931, 22, 8.29%, 177, 0, 2, 13.40
1747779371, 0, 108, 932, 931, 22, 8.29%, 177, 0, 2, 16.03
1747779381, 0, 109, 932, 931, 22, 8.29%, 177, 0, 2, 13.86
1747779392, 0, 110, 932, 931, 22, 8.29%, 177, 0, 2, 14.34
1747779402, 0, 111, 932, 931, 22, 8.29%, 177, 0, 2, 14.56
1747779407, 0, 112, 932, 931, 22, 8.29%, 177, 0, 2, 15.11
1747779412, 0, 112, 932, 931, 22, 8.29%, 178, 0, 2, 15.49
1747779417, 0, 113, 932, 931, 22, 8.29%, 179, 0, 2, 15.07
1747779422, 0, 113, 932, 931, 22, 8.29%, 180, 0, 2, 16.14
1747779427, 0, 114, 932, 931, 22, 8.29%, 180, 0, 2, 14.86
1747779433, 0, 115, 932, 931, 22, 8.29%, 180, 0, 2, 14.69
1747779443, 0, 116, 932, 931, 22, 8.29%, 180, 0, 2, 14.18
1747779453, 0, 118, 932, 931, 22, 8.29%, 180, 0, 2, 15.04
1747779463, 0, 119, 932, 931, 22, 8.29%, 180, 0, 2, 13.45
1747779469, 0, 120, 932, 931, 22, 8.29%, 180, 0, 2, 14.74
1747779474, 0, 120, 932, 931, 22, 8.29%, 181, 0, 2, 14.07
1747779479, 0, 121, 932, 931, 22, 8.29%, 182, 0, 2, 13.28
1747779489, 0, 122, 932, 931, 22, 8.29%, 182, 0, 2, 15.38
1747779499, 0, 123, 932, 931, 22, 8.29%, 182, 0, 2, 15.14
1747779510, 0, 124, 933, 932, 22, 8.29%, 182, 0, 2, 11.11
1747779530, 0, 125, 933, 932, 22, 8.29%, 182, 0, 2, 14.30
1747779540, 0, 128, 933, 932, 22, 8.29%, 182, 0, 2, 14.15
1747779546, 0, 129, 934, 933, 22, 8.29%, 183, 0, 2, 13.22
1747779566, 0, 129, 935, 934, 22, 8.29%, 183, 0, 2, 11.62
1747779587, 0, 130, 935, 934, 22, 8.29%, 184, 0, 2, 14.56
1747779597, 0, 131, 935, 934, 22, 8.29%, 185, 0, 2, 14.91
1747779603, 0, 132, 935, 934, 22, 8.29%, 185, 0, 2, 13.86
1747779613, 0, 133, 935, 934, 22, 8.29%, 185, 0, 2, 14.58
1747779623, 0, 134, 935, 934, 22, 8.29%, 185, 0, 2, 14.33
1747779634, 0, 135, 935, 934, 22, 8.29%, 186, 0, 2, 15.24
1747779639, 0, 136, 935, 934, 22, 8.29%, 187, 0, 2, 16.57
1747779649, 0, 137, 935, 934, 22, 8.29%, 187, 0, 2, 15.66
1747779659, 0, 138, 935, 934, 22, 8.29%, 187, 0, 2, 14.54
1747779664, 0, 139, 935, 934, 22, 8.29%, 187, 0, 2, 14.46
1747779675, 0, 140, 935, 934, 22, 8.29%, 187, 0, 2, 13.82
1747779685, 0, 141, 935, 934, 22, 8.29%, 187, 0, 2, 14.17
1747779695, 0, 142, 935, 934, 22, 8.29%, 187, 0, 2, 15.66
1747779700, 0, 144, 935, 934, 22, 8.29%, 187, 0, 2, 14.44
1747779711, 0, 145, 935, 934, 22, 8.29%, 187, 0, 2, 15.26
1747779721, 0, 146, 935, 934, 22, 8.29%, 187, 0, 2, 14.40
1747779731, 0, 148, 935, 934, 22, 8.29%, 187, 0, 2, 15.14
1747779737, 0, 149, 936, 935, 22, 8.29%, 187, 0, 2, 10.72
1747779757, 0, 150, 936, 935, 22, 8.29%, 187, 0, 2, 14.53
1747779767, 0, 151, 936, 935, 22, 8.29%, 187, 0, 2, 13.63
1747779777, 0, 152, 936, 935, 22, 8.29%, 187, 0, 2, 15.19
1747779782, 0, 152, 937, 936, 22, 8.29%, 187, 0, 2, 13.25
1747779798, 0, 153, 937, 936, 22, 8.29%, 187, 0, 2, 15.63
1747779808, 0, 154, 937, 936, 22, 8.29%, 188, 0, 2, 15.52
1747779813, 0, 156, 937, 936, 22, 8.29%, 188, 0, 2, 14.76
1747779823, 0, 157, 937, 936, 22, 8.29%, 188, 0, 2, 15.05
1747779828, 0, 157, 937, 936, 22, 8.29%, 190, 0, 2, 14.18
1747779834, 0, 158, 937, 936, 22, 8.29%, 190, 0, 2, 3.63
1747779844, 0, 159, 937, 936, 22, 8.29%, 190, 0, 2, 14.55
1747779849, 0, 160, 937, 936, 22, 8.29%, 191, 0, 2, 14.77
1747779859, 0, 161, 937, 936, 22, 8.29%, 191, 0, 2, 14.89
1747779870, 0, 162, 937, 936, 22, 8.29%, 191, 0, 2, 14.27
1747779880, 0, 164, 937, 936, 22, 8.29%, 191, 0, 2, 14.94
1747779885, 0, 165, 937, 936, 22, 8.29%, 191, 0, 2, 15.15
1747779890, 0, 165, 938, 937, 22, 8.29%, 192, 0, 2, 11.28
1747779906, 0, 167, 938, 937, 22, 8.29%, 192, 0, 2, 14.48
1747779911, 0, 167, 938, 937, 22, 8.29%, 193, 0, 2, 13.52
1747779916, 0, 168, 938, 937, 22, 8.29%, 193, 0, 2, 14.38
1747779926, 0, 169, 938, 937, 22, 8.29%, 193, 0, 2, 14.79
1747779936, 0, 170, 938, 937, 22, 8.29%, 194, 0, 2, 14.59
1747779947, 0, 171, 938, 937, 22, 8.29%, 194, 0, 2, 15.12
1747779952, 0, 172, 938, 937, 22, 8.29%, 195, 0, 2, 14.61
1747779962, 0, 173, 938, 937, 22, 8.29%, 195, 0, 2, 14.87
1747779967, 0, 173, 938, 937, 22, 8.29%, 197, 0, 2, 13.29
1747779972, 0, 174, 938, 937, 22, 8.29%, 197, 0, 2, 14.02
1747779983, 0, 175, 938, 937, 22, 8.29%, 198, 0, 2, 14.97
1747779988, 0, 176, 938, 937, 22, 8.29%, 198, 0, 2, 14.49
1747779998, 0, 177, 938, 937, 22, 8.29%, 198, 0, 2, 14.75
1747780003, 0, 177, 939, 938, 22, 8.29%, 198, 0, 2, 14.71
1747780019, 0, 178, 939, 938, 22, 8.29%, 198, 0, 2, 15.39
1747780024, 0, 178, 940, 939, 22, 8.29%, 198, 0, 2, 11.51
1747780039, 0, 179, 940, 939, 22, 8.29%, 198, 0, 2, 14.40
1747780050, 0, 180, 940, 939, 22, 8.29%, 198, 0, 2, 13.10
1747780060, 0, 181, 940, 939, 22, 8.29%, 198, 0, 2, 13.93
1747780065, 0, 182, 941, 940, 22, 8.29%, 198, 0, 2, 13.80
1747780075, 0, 182, 942, 941, 22, 8.29%, 198, 0, 2, 9.38
1747780096, 0, 182, 942, 941, 22, 8.29%, 199, 0, 2, 15.65
1747780107, 0, 183, 942, 941, 22, 8.29%, 199, 0, 2, 13.81
1747780117, 0, 186, 942, 941, 22, 8.29%, 200, 0, 2, 13.93
1747780127, 0, 187, 942, 941, 22, 8.29%, 200, 0, 2, 15.04
1747780137, 0, 188, 942, 941, 22, 8.29%, 200, 0, 2, 16.51
1747780142, 0, 189, 942, 941, 22, 8.29%, 200, 0, 2, 16.21
1747780148, 0, 189, 942, 941, 22, 8.29%, 202, 0, 2, 13.52
1747780153, 0, 191, 942, 941, 22, 8.29%, 202, 0, 2, 14.50
1747780163, 0, 193, 942, 941, 22, 8.29%, 203, 0, 2, 15.76
1747780173, 0, 194, 942, 941, 22, 8.29%, 203, 0, 2, 13.51
1747780183, 0, 195, 942, 941, 22, 8.29%, 205, 0, 2, 14.17
1747780188, 0, 196, 942, 941, 22, 8.29%, 205, 0, 2, 14.55
1747780199, 0, 197, 942, 941, 22, 8.29%, 205, 0, 2, 14.34
1747780209, 0, 198, 942, 941, 22, 8.29%, 205, 0, 2, 15.18
1747780214, 0, 198, 942, 941, 22, 8.29%, 206, 0, 2, 13.78
1747780220, 0, 200, 942, 941, 22, 8.29%, 207, 0, 2, 15.12
1747780225, 0, 202, 942, 941, 22, 8.29%, 207, 0, 2, 14.72
1747780235, 0, 203, 942, 941, 22, 8.29%, 207, 0, 2, 14.02
1747780245, 0, 204, 942, 941, 22, 8.29%, 207, 0, 2, 14.00
1747780255, 0, 205, 942, 941, 22, 8.29%, 207, 0, 2, 15.16
1747780260, 0, 206, 942, 941, 22, 8.29%, 207, 0, 2, 14.69
1747780271, 0, 207, 942, 941, 22, 8.29%, 208, 0, 2, 13.60
1747780281, 0, 208, 942, 941, 22, 8.29%, 208, 0, 2, 13.50
1747780286, 0, 208, 943, 942, 22, 8.29%, 209, 0, 2, 13.23
1747780301, 0, 209, 943, 942, 22, 8.29%, 209, 0, 2, 14.09
1747780306, 0, 211, 943, 942, 22, 8.29%, 209, 0, 2, 15.03
1747780317, 0, 213, 943, 942, 22, 8.29%, 209, 0, 2, 14.50
1747780327, 0, 214, 943, 942, 22, 8.29%, 209, 0, 2, 14.63
1747780337, 0, 215, 943, 942, 22, 8.29%, 209, 0, 2, 15.81
1747780342, 0, 215, 943, 942, 22, 8.29%, 210, 0, 2, 13.28
1747780347, 0, 217, 943, 942, 22, 8.29%, 210, 0, 2, 14.43
1747780353, 0, 218, 943, 942, 22, 8.29%, 210, 0, 2, 14.73
1747780358, 0, 218, 944, 943, 22, 8.29%, 210, 0, 2, 8.23
1747780373, 0, 220, 944, 943, 22, 8.29%, 211, 0, 2, 13.72
1747780383, 0, 221, 944, 943, 22, 8.29%, 211, 0, 2, 14.70
1747780388, 0, 221, 944, 943, 22, 8.29%, 212, 0, 2, 14.26
1747780393, 0, 223, 944, 943, 22, 8.29%, 212, 0, 2, 14.29
1747780399, 0, 224, 944, 943, 22, 8.29%, 212, 0, 2, 13.91
1747780409, 0, 225, 944, 943, 22, 8.29%, 212, 0, 2, 13.79
1747780419, 0, 226, 944, 943, 22, 8.29%, 212, 0, 2, 14.04
1747780429, 0, 228, 944, 943, 22, 8.29%, 212, 0, 2, 14.47
1747780440, 0, 229, 944, 943, 22, 8.29%, 213, 0, 2, 13.73
1747780445, 0, 230, 944, 943, 22, 8.29%, 214, 0, 2, 14.09
1747780455, 0, 232, 945, 944, 22, 8.29%, 214, 0, 2, 13.64
1747780471, 0, 232, 945, 944, 22, 8.29%, 215, 0, 2, 14.14
1747780476, 0, 233, 945, 944, 22, 8.29%, 215, 0, 2, 14.85
1747780487, 0, 234, 945, 944, 22, 8.29%, 215, 0, 2, 14.86
1747780492, 0, 235, 945, 944, 22, 8.29%, 215, 0, 2, 13.81
1747780503, 0, 236, 945, 944, 22, 8.29%, 216, 0, 2, 13.28
1747780513, 0, 237, 945, 944, 22, 8.29%, 216, 0, 2, 14.43
1747780523, 0, 238, 945, 944, 22, 8.29%, 216, 0, 2, 14.76
1747780528, 0, 239, 945, 944, 22, 8.29%, 216, 0, 2, 14.68
1747780539, 0, 241, 945, 944, 22, 8.29%, 216, 0, 2, 13.49
1747780549, 0, 242, 945, 944, 22, 8.29%, 216, 0, 2, 15.03
1747780560, 0, 243, 945, 944, 22, 8.29%, 216, 0, 2, 16.01
1747780565, 0, 244, 945, 944, 22, 8.29%, 216, 0, 2, 14.58
1747780570, 0, 244, 945, 944, 22, 8.29%, 219, 0, 2, 13.64
1747780575, 0, 245, 945, 944, 22, 8.29%, 220, 0, 2, 13.71
1747780580, 0, 245, 945, 944, 22, 8.29%, 221, 0, 2, 13.75
1747780585, 0, 246, 945, 944, 22, 8.29%, 222, 0, 2, 15.79
1747780595, 0, 247, 945, 944, 22, 8.29%, 222, 0, 2, 14.11
1747780600, 0, 251, 945, 944, 22, 8.29%, 222, 0, 2, 14.91
1747780610, 0, 252, 945, 944, 22, 8.29%, 222, 0, 2, 14.99
1747780615, 0, 252, 946, 945, 22, 8.29%, 222, 0, 2, 11.84
1747780620, 0, 252, 946, 945, 22, 8.29%, 223, 0, 2, 13.88
1747780626, 0, 252, 946, 945, 22, 8.29%, 224, 0, 2, 14.18
1747780631, 0, 253, 946, 945, 22, 8.29%, 224, 0, 2, 14.67
1747780641, 0, 254, 946, 945, 22, 8.29%, 224, 0, 2, 15.11
1747780646, 0, 254, 946, 945, 22, 8.29%, 225, 0, 2, 15.22
1747780651, 0, 255, 946, 945, 22, 8.29%, 225, 0, 2, 15.24
1747780657, 0, 256, 946, 945, 22, 8.29%, 225, 0, 2, 15.61
1747780667, 0, 257, 946, 945, 22, 8.29%, 225, 0, 2, 15.25
1747780677, 0, 258, 946, 945, 22, 8.29%, 225, 0, 2, 14.39
1747780687, 0, 259, 946, 945, 22, 8.29%, 226, 0, 2, 16.24
1747780692, 0, 260, 946, 945, 22, 8.29%, 226, 0, 2, 14.78
1747780703, 0, 261, 946, 945, 22, 8.29%, 226, 0, 2, 16.41
1747780713, 0, 262, 946, 945, 22, 8.29%, 226, 0, 2, 16.08
1747780718, 0, 263, 946, 945, 22, 8.29%, 226, 0, 2, 13.53
1747780728, 0, 264, 946, 945, 22, 8.29%, 228, 0, 2, 13.46
1747780738, 0, 266, 946, 945, 22, 8.29%, 228, 0, 2, 13.69
1747780749, 0, 267, 946, 945, 22, 8.29%, 228, 0, 2, 12.20
1747780759, 0, 269, 946, 945, 22, 8.29%, 229, 0, 2, 12.99
1747780769, 0, 270, 946, 945, 22, 8.29%, 230, 0, 2, 15.12
1747780774, 0, 270, 946, 945, 22, 8.29%, 232, 0, 2, 13.51
1747780779, 0, 271, 946, 945, 22, 8.29%, 232, 0, 2, 13.40
1747780790, 0, 273, 946, 945, 22, 8.29%, 232, 0, 2, 14.04
1747780795, 0, 274, 946, 945, 22, 8.29%, 233, 0, 2, 15.56
1747780800, 0, 274, 947, 946, 22, 8.29%, 233, 0, 2, 9.97
1747780805, 0, 274, 947, 946, 22, 8.29%, 234, 0, 2, 12.99
1747780816, 0, 275, 947, 946, 22, 8.29%, 234, 0, 2, 13.68
1747780826, 0, 276, 947, 946, 22, 8.29%, 235, 0, 2, 12.82
1747780831, 0, 276, 947, 946, 22, 8.29%, 236, 0, 2, 13.47
1747780836, 0, 277, 947, 946, 22, 8.29%, 236, 0, 2, 13.45
1747780841, 0, 277, 947, 946, 22, 8.29%, 237, 0, 2, 14.37
1747780846, 0, 278, 948, 947, 22, 8.29%, 237, 0, 2, 14.07
1747780862, 0, 279, 948, 947, 22, 8.29%, 237, 0, 2, 14.53
1747780872, 0, 280, 948, 947, 22, 8.29%, 237, 0, 2, 14.97
1747780882, 0, 281, 948, 947, 22, 8.29%, 237, 0, 2, 13.54
1747780893, 0, 282, 948, 947, 22, 8.29%, 237, 0, 2, 15.03
1747780903, 0, 283, 948, 947, 22, 8.29%, 237, 0, 2, 14.85
1747780908, 0, 284, 948, 947, 22, 8.29%, 237, 0, 2, 14.41
1747780918, 0, 285, 948, 947, 22, 8.29%, 237, 0, 2, 16.40
1747780928, 0, 286, 948, 947, 22, 8.29%, 237, 0, 2, 14.87
1747780933, 0, 288, 948, 947, 22, 8.29%, 237, 0, 2, 15.40
1747780944, 0, 289, 948, 947, 22, 8.29%, 237, 0, 2, 15.04
1747780949, 0, 289, 948, 947, 22, 8.29%, 238, 0, 2, 14.51
1747780954, 0, 290, 948, 947, 22, 8.29%, 238, 0, 2, 14.50
1747780964, 0, 292, 948, 947, 22, 8.29%, 238, 0, 2, 14.66
1747780969, 0, 293, 948, 947, 22, 8.29%, 238, 0, 2, 13.34
1747780974, 0, 293, 948, 947, 22, 8.29%, 239, 0, 2, 15.52
1747780980, 0, 294, 948, 947, 22, 8.29%, 240, 0, 2, 14.82
1747780990, 0, 296, 949, 948, 22, 8.29%, 240, 0, 2, 14.45
1747780995, 0, 296, 950, 949, 22, 8.29%, 240, 0, 2, 15.56
1747781010, 0, 296, 951, 950, 22, 8.29%, 240, 0, 2, 14.03
1747781062, 0, 297, 951, 950, 23, 8.29%, 241, 0, 2, 13.99
1747781072, 0, 298, 951, 950, 23, 8.29%, 241, 0, 2, 15.02
1747781077, 0, 300, 951, 950, 23, 8.29%, 241, 0, 2, 15.00
1747781082, 0, 300, 952, 951, 23, 8.29%, 241, 0, 2, 13.40
1747781098, 0, 301, 952, 951, 23, 8.29%, 241, 0, 2, 14.82
1747781108, 0, 302, 952, 951, 23, 8.29%, 241, 0, 2, 14.24
1747781113, 0, 303, 952, 951, 23, 8.29%, 241, 0, 2, 15.29
1747781124, 0, 304, 953, 952, 23, 8.29%, 241, 0, 2, 14.47
1747781144, 0, 305, 953, 952, 23, 8.29%, 241, 0, 2, 15.47
1747781149, 0, 305, 953, 952, 23, 8.29%, 242, 0, 2, 13.43
1747781154, 0, 306, 953, 952, 23, 8.29%, 242, 0, 2, 13.96
1747781160, 0, 307, 953, 952, 23, 8.29%, 242, 0, 2, 14.10
1747781165, 0, 307, 954, 953, 23, 8.29%, 242, 0, 2, 10.29
1747781185, 0, 308, 954, 953, 23, 8.29%, 242, 0, 2, 14.37
1747781190, 0, 309, 954, 953, 23, 8.29%, 242, 0, 2, 16.19
1747781196, 0, 309, 956, 955, 23, 8.29%, 242, 0, 2, 9.12
1747781206, 0, 309, 956, 955, 23, 8.29%, 244, 0, 2, 14.50
1747781236, 0, 310, 956, 955, 23, 8.29%, 244, 0, 2, 14.11
1747781242, 0, 311, 956, 955, 23, 8.29%, 244, 0, 2, 14.39
1747781247, 0, 311, 956, 955, 23, 8.29%, 245, 0, 2, 15.61
1747781252, 0, 313, 956, 955, 23, 8.29%, 245, 0, 2, 15.43
1747781257, 0, 313, 956, 955, 23, 8.29%, 246, 0, 2, 14.12
1747781262, 0, 313, 957, 956, 23, 8.29%, 246, 0, 2, 11.88
1747781267, 0, 313, 958, 957, 23, 8.29%, 246, 0, 2, 9.59
1747781293, 0, 314, 958, 957, 23, 8.29%, 247, 0, 2, 14.26
1747781303, 0, 315, 958, 957, 23, 8.29%, 247, 0, 2, 14.78
1747781308, 0, 317, 958, 957, 23, 8.29%, 247, 0, 2, 16.16
1747781318, 0, 317, 959, 958, 23, 8.29%, 248, 0, 2, 13.88
1747781324, 0, 317, 959, 958, 23, 8.29%, 249, 0, 2, 13.76
1747781329, 0, 320, 959, 958, 23, 8.29%, 249, 0, 2, 13.29
1747781339, 0, 321, 959, 958, 23, 8.29%, 249, 0, 2, 12.96
1747781349, 0, 322, 959, 958, 23, 8.29%, 249, 0, 2, 14.76
1747781359, 0, 323, 960, 959, 23, 8.29%, 249, 0, 2, 12.91
1747781380, 0, 325, 961, 960, 23, 8.29%, 249, 0, 2, 13.78
1747781395, 0, 326, 961, 960, 23, 8.29%, 249, 0, 2, 12.69
1747781406, 0, 327, 961, 960, 23, 8.29%, 249, 0, 2, 15.60
1747781416, 0, 328, 961, 960, 23, 8.29%, 249, 0, 2, 14.80
1747781426, 0, 329, 961, 960, 23, 8.29%, 249, 0, 2, 14.57
1747781431, 0, 330, 961, 960, 23, 8.29%, 250, 0, 2, 15.14
1747781437, 0, 330, 962, 961, 23, 8.29%, 250, 0, 2, 15.62
1747781452, 0, 331, 962, 961, 23, 8.29%, 250, 0, 2, 14.47
1747781462, 0, 333, 962, 961, 23, 8.29%, 250, 0, 2, 13.65
1747781472, 0, 334, 962, 961, 23, 8.29%, 252, 0, 2, 13.28
1747781483, 0, 335, 962, 961, 23, 8.29%, 253, 0, 2, 14.40
1747781488, 0, 336, 962, 961, 23, 8.29%, 253, 0, 2, 14.64
1747781498, 0, 337, 962, 961, 23, 8.29%, 253, 0, 2, 15.02
1747781508, 0, 339, 962, 961, 23, 8.29%, 253, 0, 2, 14.78
1747781518, 0, 340, 962, 961, 23, 8.29%, 253, 0, 2, 14.05
1747781523, 0, 341, 962, 961, 23, 8.29%, 254, 0, 2, 15.16
1747781528, 0, 341, 962, 961, 23, 8.29%, 255, 0, 2, 14.04
1747781533, 0, 342, 962, 961, 23, 8.29%, 255, 0, 2, 13.07
1747781544, 0, 343, 962, 961, 23, 8.29%, 255, 0, 2, 15.37
1747781554, 0, 345, 962, 961, 23, 8.29%, 255, 0, 2, 13.71
1747781559, 0, 345, 962, 961, 23, 8.29%, 257, 0, 2, 13.19
1747781564, 0, 346, 962, 961, 23, 8.29%, 257, 0, 2, 13.69
1747781569, 0, 347, 962, 961, 23, 8.29%, 257, 0, 2, 14.96
1747781579, 0, 348, 962, 961, 23, 8.29%, 257, 0, 2, 14.16
1747781590, 0, 350, 962, 961, 23, 8.29%, 257, 0, 2, 13.48
1747781600, 0, 353, 962, 961, 23, 8.29%, 257, 0, 2, 15.58
1747781605, 0, 353, 963, 962, 23, 8.29%, 257, 0, 2, 13.79
1747781615, 0, 353, 963, 962, 23, 8.29%, 258, 0, 2, 14.08
1747781621, 0, 355, 963, 962, 23, 8.29%, 259, 0, 2, 13.25
1747781626, 0, 355, 963, 962, 23, 8.29%, 260, 0, 2, 15.32
1747781631, 0, 356, 963, 962, 23, 8.29%, 260, 0, 2, 15.79
1747781641, 0, 357, 963, 962, 23, 8.29%, 260, 0, 2, 14.06
1747781646, 0, 358, 963, 962, 23, 8.29%, 261, 0, 2, 14.24
1747781657, 0, 360, 963, 962, 23, 8.29%, 261, 0, 2, 16.29
1747781708, 0, 360, 964, 963, 23, 8.29%, 261, 0, 3, 22.34
1747781713, 0, 360, 965, 964, 23, 8.29%, 261, 0, 3, 22.17
1747781743, 0, 363, 965, 963, 23, 8.29%, 261, 0, 3, 20.44
1747781753, 0, 364, 965, 963, 23, 8.29%, 262, 0, 3, 14.43
1747781763, 0, 365, 965, 963, 23, 8.29%, 262, 0, 3, 13.64
1747781774, 0, 366, 965, 963, 23, 8.29%, 263, 0, 3, 13.43
1747781784, 0, 367, 965, 963, 23, 8.29%, 263, 0, 3, 15.30
1747781789, 0, 368, 965, 963, 23, 8.29%, 263, 0, 3, 15.64
1747781799, 0, 369, 965, 963, 23, 8.29%, 263, 0, 3, 15.02
1747781804, 0, 371, 965, 963, 23, 8.29%, 263, 0, 3, 16.34
1747781815, 0, 372, 965, 963, 23, 8.29%, 263, 0, 3, 13.86
1747781825, 0, 374, 965, 963, 23, 8.29%, 263, 0, 3, 14.26
1747781835, 0, 377, 965, 963, 23, 8.29%, 263, 0, 3, 13.97
1747781845, 0, 378, 965, 963, 23, 8.29%, 263, 0, 3, 13.10
1747781856, 0, 379, 965, 963, 23, 8.29%, 263, 0, 3, 14.02
1747781861, 0, 380, 965, 963, 23, 8.29%, 263, 0, 3, 14.67
1747781871, 0, 381, 965, 963, 23, 8.29%, 263, 0, 3, 15.51
1747781881, 0, 381, 966, 964, 23, 8.29%, 264, 0, 3, 12.06
1747781891, 0, 382, 966, 964, 23, 8.29%, 264, 0, 3, 14.30
1747781902, 0, 383, 966, 964, 23, 8.29%, 264, 0, 3, 15.58
1747781912, 0, 384, 966, 964, 23, 8.29%, 265, 0, 3, 13.70
1747781917, 0, 384, 967, 965, 23, 8.29%, 265, 0, 3, 9.98
1747781932, 0, 385, 967, 965, 23, 8.29%, 266, 0, 3, 14.25
1747781938, 0, 386, 967, 965, 23, 8.29%, 266, 0, 3, 14.30
1747781948, 0, 387, 967, 965, 23, 8.29%, 267, 0, 3, 13.71
1747781958, 0, 388, 967, 965, 23, 8.29%, 267, 0, 3, 13.96
1747781968, 0, 389, 967, 965, 23, 8.29%, 269, 0, 3, 13.74
1747781978, 0, 390, 967, 965, 23, 8.29%, 269, 0, 3, 13.71
1747781989, 0, 391, 967, 965, 23, 8.29%, 269, 0, 3, 14.08
1747781994, 0, 392, 967, 965, 23, 8.29%, 269, 0, 3, 15.33
1747782004, 0, 393, 967, 965, 23, 8.29%, 270, 0, 3, 13.81
1747782014, 0, 396, 967, 965, 23, 8.29%, 270, 0, 3, 14.89
1747782020, 0, 396, 968, 966, 23, 8.29%, 270, 0, 3, 13.37
1747782035, 0, 397, 968, 966, 23, 8.29%, 270, 0, 3, 14.68
1747782045, 0, 398, 968, 966, 23, 8.29%, 271, 0, 3, 14.15
1747782056, 0, 399, 968, 966, 23, 8.29%, 271, 0, 3, 14.51
1747782061, 0, 400, 968, 966, 23, 8.29%, 271, 0, 3, 14.80
1747782071, 0, 401, 968, 966, 23, 8.29%, 271, 0, 3, 14.16
1747782081, 0, 403, 968, 966, 23, 8.29%, 271, 0, 3, 13.07
1747782091, 0, 406, 968, 966, 23, 8.29%, 271, 0, 3, 14.95
1747782102, 0, 407, 968, 966, 23, 8.29%, 271, 0, 3, 14.61
1747782107, 0, 408, 968, 966, 23, 8.29%, 271, 0, 3, 14.76
1747782117, 0, 409, 968, 966, 23, 8.29%, 271, 0, 3, 16.18
1747782122, 0, 410, 968, 966, 23, 8.29%, 271, 0, 3, 15.89
1747782127, 0, 410, 969, 967, 23, 8.29%, 271, 0, 3, 12.60
1747782138, 0, 410, 969, 967, 23, 8.29%, 272, 0, 3, 14.12
1747782148, 0, 411, 969, 967, 23, 8.29%, 272, 0, 3, 14.15
1747782153, 0, 412, 969, 967, 23, 8.29%, 272, 0, 3, 16.26
1747782163, 0, 413, 969, 967, 23, 8.29%, 272, 0, 3, 14.76
1747782173, 0, 414, 969, 967, 23, 8.29%, 272, 0, 3, 14.15
1747782183, 0, 416, 969, 967, 23, 8.29%, 272, 0, 3, 14.88
1747782194, 0, 417, 969, 967, 23, 8.29%, 272, 0, 3, 13.89
1747782204, 0, 418, 969, 967, 23, 8.29%, 272, 0, 3, 12.80
1747782209, 0, 419, 969, 967, 23, 8.29%, 272, 0, 3, 14.54
1747782219, 0, 420, 969, 967, 23, 8.29%, 272, 0, 3, 13.66
1747782229, 0, 421, 969, 967, 23, 8.29%, 272, 0, 3, 15.89
1747782240, 0, 422, 969, 967, 23, 8.29%, 272, 0, 3, 14.55
1747782245, 0, 423, 969, 967, 23, 8.29%, 272, 0, 3, 15.22
1747782250, 0, 423, 969, 967, 23, 8.29%, 273, 0, 3, 15.17
1747782255, 0, 424, 969, 967, 23, 8.29%, 273, 0, 3, 13.57
1747782265, 0, 425, 969, 967, 23, 8.29%, 273, 0, 3, 14.41
1747782276, 0, 425, 970, 968, 23, 8.29%, 273, 0, 3, 12.11
1747782281, 0, 425, 970, 968, 23, 8.29%, 274, 0, 3, 12.75
1747782286, 0, 426, 970, 968, 23, 8.29%, 274, 0, 3, 14.06
1747782296, 0, 427, 970, 968, 23, 8.29%, 274, 0, 3, 14.66
1747782306, 0, 428, 970, 968, 23, 8.29%, 274, 0, 3, 14.96
1747782311, 0, 430, 970, 968, 23, 8.29%, 274, 0, 3, 16.53
1747782322, 0, 431, 970, 968, 23, 8.29%, 274, 0, 3, 17.12
1747782332, 0, 432, 970, 968, 23, 8.29%, 274, 0, 3, 15.76
1747782337, 0, 433, 970, 968, 23, 8.29%, 274, 0, 3, 15.06
1747782342, 0, 433, 970, 968, 23, 8.29%, 275, 0, 3, 12.64
1747782347, 0, 434, 970, 968, 23, 8.29%, 275, 0, 3, 15.05
1747782358, 0, 435, 970, 968, 23, 8.29%, 275, 0, 3, 14.88
1747782363, 0, 435, 970, 968, 23, 8.29%, 276, 0, 3, 12.61
1747782368, 0, 436, 970, 968, 23, 8.29%, 276, 0, 3, 14.29
1747782378, 0, 437, 970, 968, 23, 8.29%, 276, 0, 3, 15.19
1747782383, 0, 439, 970, 968, 23, 8.29%, 277, 0, 3, 15.60
1747782394, 0, 440, 970, 968, 23, 8.29%, 277, 0, 3, 13.52
1747782404, 0, 441, 970, 968, 23, 8.29%, 277, 0, 3, 16.17
1747782409, 0, 441, 970, 968, 23, 8.29%, 278, 0, 3, 14.59
1747782414, 0, 442, 970, 968, 23, 8.29%, 278, 0, 3, 13.30
1747782419, 0, 443, 970, 968, 23, 8.29%, 279, 0, 3, 15.10
1747782429, 0, 444, 970, 968, 23, 8.29%, 280, 0, 3, 15.26
1747782439, 0, 445, 970, 968, 23, 8.29%, 280, 0, 3, 16.15
1747782450, 0, 446, 970, 968, 23, 8.29%, 280, 0, 3, 14.49
1747782455, 0, 448, 970, 968, 23, 8.29%, 280, 0, 3, 14.30
1747782465, 0, 450, 970, 968, 23, 8.29%, 281, 0, 3, 13.45
1747782470, 0, 450, 970, 968, 23, 8.29%, 282, 0, 3, 15.46
1747782475, 0, 452, 970, 968, 23, 8.29%, 282, 0, 3, 14.55
1747782485, 0, 454, 970, 968, 23, 8.29%, 282, 0, 3, 14.10
1747782496, 0, 455, 970, 968, 23, 8.29%, 282, 0, 3, 14.49
1747782506, 0, 456, 970, 968, 23, 8.29%, 282, 0, 3, 13.94
1747782511, 0, 458, 970, 968, 23, 8.29%, 282, 0, 3, 15.04
1747782521, 0, 459, 970, 968, 23, 8.29%, 282, 0, 3, 13.12
1747782532, 0, 459, 971, 969, 23, 8.29%, 282, 0, 3, 12.41
1747782542, 0, 460, 971, 969, 23, 8.29%, 282, 0, 3, 13.54
1747782552, 0, 461, 971, 969, 23, 8.29%, 282, 0, 3, 12.83
1747782563, 0, 463, 971, 969, 23, 8.29%, 282, 0, 3, 15.41
1747782573, 0, 464, 971, 969, 23, 8.29%, 282, 0, 3, 14.05
1747782578, 0, 466, 971, 969, 23, 8.29%, 282, 0, 3, 14.91
1747782583, 0, 466, 971, 969, 23, 8.29%, 283, 0, 3, 14.62
1747782588, 0, 467, 971, 969, 23, 8.29%, 283, 0, 3, 16.19
1747782598, 0, 468, 971, 969, 23, 8.29%, 283, 0, 3, 15.73
1747782608, 0, 469, 971, 969, 23, 8.29%, 283, 0, 3, 14.65
1747782614, 0, 470, 971, 969, 23, 8.29%, 283, 0, 3, 15.03
1747782624, 0, 471, 971, 969, 23, 8.29%, 283, 0, 3, 14.49
1747782629, 0, 471, 971, 969, 23, 8.29%, 284, 0, 3, 14.40
1747782634, 0, 472, 971, 969, 23, 8.29%, 284, 0, 3, 15.01
1747782645, 0, 473, 971, 969, 23, 8.29%, 284, 0, 3, 16.17
1747782650, 0, 474, 971, 969, 23, 8.29%, 284, 0, 3, 15.21
1747782660, 0, 475, 971, 969, 23, 8.29%, 284, 0, 3, 15.52
1747782671, 0, 476, 971, 969, 23, 8.29%, 284, 0, 3, 15.41
1747782676, 0, 477, 971, 969, 23, 8.29%, 284, 0, 3, 16.89
1747782686, 0, 478, 971, 969, 23, 8.29%, 284, 0, 3, 15.35
1747782691, 0, 478, 971, 969, 23, 8.29%, 285, 0, 3, 15.31
1747782696, 0, 479, 971, 969, 23, 8.29%, 285, 0, 3, 15.65
1747782702, 0, 480, 971, 969, 23, 8.29%, 285, 0, 3, 15.39
1747782712, 0, 481, 971, 969, 23, 8.29%, 286, 0, 3, 15.73
1747782722, 0, 484, 971, 969, 23, 8.29%, 287, 0, 3, 13.54
1747782727, 0, 485, 971, 969, 23, 8.29%, 287, 0, 3, 13.80
1747782737, 0, 487, 971, 969, 23, 8.29%, 287, 0, 3, 14.07
1747782748, 0, 489, 971, 969, 23, 8.29%, 287, 0, 3, 15.66
1747782758, 0, 490, 971, 969, 23, 8.29%, 287, 0, 3, 13.18
1747782768, 0, 491, 971, 969, 23, 8.29%, 287, 0, 3, 14.14
1747782778, 0, 492, 971, 969, 23, 8.29%, 287, 0, 3, 15.19
1747782783, 0, 493, 971, 969, 23, 8.29%, 287, 0, 3, 13.98
1747782793, 0, 494, 971, 969, 23, 8.29%, 287, 0, 3, 13.80
1747782799, 0, 494, 971, 969, 23, 8.29%, 288, 0, 3, 13.62
1747782804, 0, 495, 971, 969, 23, 8.29%, 288, 0, 3, 13.93
1747782809, 0, 495, 971, 969, 23, 8.29%, 289, 0, 3, 14.59
1747782814, 0, 496, 971, 969, 23, 8.29%, 289, 0, 3, 14.75
1747782819, 0, 496, 972, 970, 23, 8.29%, 289, 0, 3, 13.21
1747782834, 0, 497, 972, 970, 23, 8.29%, 289, 0, 3, 14.73
1747782845, 0, 498, 972, 970, 23, 8.29%, 289, 0, 3, 12.83
1747782855, 0, 500, 972, 970, 23, 8.29%, 289, 0, 3, 13.55
1747782860, 0, 501, 972, 970, 23, 8.29%, 289, 0, 3, 15.90
1747782870, 0, 502, 972, 970, 23, 8.29%, 289, 0, 3, 13.31
1747782880, 0, 503, 972, 970, 23, 8.29%, 289, 0, 3, 14.54
1747782890, 0, 504, 972, 970, 23, 8.29%, 289, 0, 3, 13.72
1747782901, 0, 505, 972, 970, 23, 8.29%, 289, 0, 3, 14.00
1747782911, 0, 507, 972, 970, 23, 8.29%, 289, 0, 3, 16.04
1747782916, 0, 509, 972, 970, 23, 8.29%, 289, 0, 3, 13.81
1747782926, 0, 510, 972, 970, 23, 8.29%, 289, 0, 3, 13.63
1747782937, 0, 511, 972, 970, 23, 8.29%, 289, 0, 3, 13.62
1747782947, 0, 512, 972, 970, 23, 8.29%, 289, 0, 3, 15.68
1747782952, 0, 513, 972, 970, 23, 8.29%, 289, 0, 3, 14.83
1747782962, 0, 514, 972, 970, 23, 8.29%, 289, 0, 3, 14.11
1747782972, 0, 515, 972, 970, 23, 8.29%, 289, 0, 3, 13.25
1747782978, 0, 515, 972, 970, 23, 8.29%, 290, 0, 3, 13.29
1747782983, 0, 516, 972, 970, 23, 8.29%, 291, 0, 3, 13.04
1747782993, 0, 518, 972, 970, 23, 8.29%, 291, 0, 3, 13.96
1747783003, 0, 519, 972, 970, 23, 8.29%, 291, 0, 3, 14.07
1747783013, 0, 520, 972, 970, 23, 8.29%, 291, 0, 3, 14.91
1747783018, 0, 521, 972, 970, 23, 8.29%, 291, 0, 3, 15.30
1747783029, 0, 522, 972, 970, 23, 8.29%, 291, 0, 3, 14.44
1747783039, 0, 523, 972, 970, 23, 8.29%, 291, 0, 3, 14.05
1747783044, 0, 523, 973, 971, 23, 8.29%, 291, 0, 3, 12.97
1747783060, 0, 524, 973, 971, 23, 8.29%, 291, 0, 3, 13.44
1747783070, 0, 525, 973, 971, 23, 8.29%, 291, 0, 3, 15.12
1747783075, 0, 526, 973, 971, 23, 8.29%, 291, 0, 3, 14.80
1747783086, 0, 528, 973, 971, 23, 8.29%, 291, 0, 3, 14.36
1747783096, 0, 529, 973, 971, 23, 8.29%, 291, 0, 3, 14.76
1747783106, 0, 530, 973, 971, 23, 8.29%, 291, 0, 3, 12.40
1747783111, 0, 531, 973, 971, 23, 8.29%, 291, 0, 3, 15.70
1747783116, 0, 531, 974, 972, 23, 8.29%, 291, 0, 3, 18.04
1747783131, 0, 532, 974, 972, 23, 8.29%, 291, 0, 3, 14.69
1747783142, 0, 533, 974, 972, 23, 8.29%, 292, 0, 3, 13.84
1747783152, 0, 534, 974, 972, 23, 8.29%, 292, 0, 3, 14.14
1747783162, 0, 535, 974, 972, 23, 8.29%, 292, 0, 3, 15.02
1747783172, 0, 537, 974, 972, 23, 8.29%, 292, 0, 3, 14.15
1747783177, 0, 539, 974, 972, 23, 8.29%, 292, 0, 3, 16.18
1747783187, 0, 540, 974, 972, 23, 8.29%, 292, 0, 3, 16.88
1747783197, 0, 542, 974, 972, 23, 8.29%, 292, 0, 3, 15.31
1747783203, 0, 543, 974, 972, 23, 8.29%, 292, 0, 3, 15.53
1747783213, 0, 544, 974, 972, 23, 8.29%, 292, 0, 3, 14.86
1747783218, 0, 544, 974, 972, 23, 8.29%, 293, 0, 3, 15.09
1747783223, 0, 545, 974, 972, 23, 8.29%, 293, 0, 3, 14.72
1747783228, 0, 546, 974, 972, 23, 8.29%, 293, 0, 3, 15.25
1747783233, 0, 546, 974, 972, 23, 8.29%, 294, 0, 3, 13.84
1747783238, 0, 547, 974, 972, 23, 8.29%, 294, 0, 3, 15.77
1747783248, 0, 549, 974, 972, 23, 8.29%, 294, 0, 3, 14.63
1747783254, 0, 550, 974, 972, 23, 8.29%, 294, 0, 3, 14.84
1747783264, 0, 551, 974, 972, 23, 8.29%, 295, 0, 3, 14.85
1747783269, 0, 551, 975, 973, 23, 8.29%, 295, 0, 3, 10.84
1747783284, 0, 552, 975, 973, 23, 8.29%, 295, 0, 3, 13.26
1747783294, 0, 554, 975, 973, 23, 8.29%, 295, 0, 3, 14.96
1747783304, 0, 555, 975, 973, 23, 8.29%, 295, 0, 3, 14.29
1747783309, 0, 556, 975, 973, 23, 8.29%, 295, 0, 3, 15.48
1747783320, 0, 557, 975, 973, 23, 8.29%, 295, 0, 3, 13.57
1747783325, 0, 557, 976, 974, 23, 8.29%, 295, 0, 3, 12.80
1747783340, 0, 558, 976, 974, 23, 8.29%, 295, 0, 3, 15.37
1747783351, 0, 560, 976, 974, 23, 8.29%, 295, 0, 3, 15.51
1747783356, 0, 563, 976, 974, 23, 8.29%, 296, 0, 3, 14.55
1747783361, 0, 563, 977, 975, 23, 8.29%, 296, 0, 3, 10.18
1747783371, 0, 563, 978, 976, 23, 8.29%, 297, 0, 3, 10.67
1747783381, 0, 563, 978, 976, 23, 8.29%, 298, 0, 3, 13.18
1747783392, 0, 563, 978, 976, 23, 8.29%, 299, 0, 3, 13.69
1747783402, 0, 564, 978, 976, 23, 8.29%, 299, 0, 3, 12.29
1747783412, 0, 565, 978, 976, 23, 8.29%, 299, 0, 3, 15.64
1747783418, 0, 565, 979, 977, 23, 8.29%, 299, 0, 3, 12.82
1747783428, 0, 566, 979, 977, 23, 8.29%, 299, 0, 3, 14.66
1747783438, 0, 567, 979, 977, 23, 8.29%, 299, 0, 3, 13.76
1747783448, 0, 568, 979, 977, 23, 8.29%, 299, 0, 3, 15.08
1747783459, 0, 569, 979, 977, 23, 8.29%, 299, 0, 3, 15.17
1747783469, 0, 570, 979, 977, 23, 8.29%, 299, 0, 3, 15.88
1747783474, 0, 571, 979, 977, 23, 8.29%, 299, 0, 3, 14.48
1747783484, 0, 573, 979, 977, 23, 8.29%, 299, 0, 3, 13.69
1747783489, 0, 573, 979, 977, 23, 8.29%, 301, 0, 3, 11.82
1747783494, 0, 575, 979, 977, 23, 8.29%, 301, 0, 3, 13.83
1747783505, 0, 576, 979, 977, 23, 8.29%, 301, 0, 3, 16.09
1747783515, 0, 577, 979, 977, 23, 8.29%, 301, 0, 3, 13.13
1747783525, 0, 578, 979, 977, 23, 8.29%, 301, 0, 3, 14.79
1747783530, 0, 579, 980, 978, 23, 8.29%, 301, 0, 3, 2.36
1747783551, 0, 579, 980, 978, 23, 8.29%, 302, 0, 3, 12.48
1747783556, 0, 580, 980, 978, 23, 8.29%, 302, 0, 3, 11.90
1747783561, 0, 580, 980, 978, 23, 8.29%, 303, 0, 3, 13.06
1747783566, 0, 581, 980, 978, 23, 8.29%, 303, 0, 3, 15.07
1747783576, 0, 582, 980, 978, 23, 8.29%, 303, 0, 3, 14.66
1747783581, 0, 583, 980, 978, 23, 8.29%, 303, 0, 3, 15.01
1747783591, 0, 585, 980, 978, 23, 8.29%, 303, 0, 3, 14.12
1747783602, 0, 586, 980, 978, 23, 8.29%, 303, 0, 3, 14.24
1747783607, 0, 586, 980, 978, 23, 8.29%, 304, 0, 3, 14.35
1747783612, 0, 587, 980, 978, 23, 8.29%, 304, 0, 3, 14.69
1747783617, 0, 588, 980, 978, 23, 8.29%, 304, 0, 3, 14.97
1747783627, 0, 589, 980, 978, 23, 8.29%, 304, 0, 3, 15.07
1747783638, 0, 590, 980, 978, 23, 8.29%, 304, 0, 3, 13.47
1747783648, 0, 591, 980, 978, 23, 8.29%, 304, 0, 3, 12.80
1747783658, 0, 593, 980, 978, 23, 8.29%, 304, 0, 3, 15.81
1747783663, 0, 594, 980, 978, 23, 8.29%, 304, 0, 3, 15.51
1747783673, 0, 596, 980, 978, 23, 8.29%, 305, 0, 3, 13.71
1747783679, 0, 596, 980, 978, 23, 8.29%, 306, 0, 3, 12.62
1747783684, 0, 597, 980, 978, 23, 8.29%, 306, 0, 3, 15.68
1747783694, 0, 598, 980, 978, 23, 8.29%, 306, 0, 3, 14.60
1747783699, 0, 599, 980, 978, 23, 8.29%, 306, 0, 3, 15.44
1747783709, 0, 604, 980, 978, 23, 8.29%, 307, 0, 3, 14.26
1747783719, 0, 605, 980, 978, 23, 8.29%, 307, 0, 3, 13.97
1747783730, 0, 606, 980, 978, 23, 8.29%, 307, 0, 3, 14.63
1747783740, 0, 607, 980, 978, 23, 8.29%, 307, 0, 3, 14.57
1747783745, 0, 608, 980, 978, 23, 8.29%, 307, 0, 3, 14.43
1747783750, 0, 608, 980, 978, 23, 8.29%, 308, 0, 3, 14.32
1747783755, 0, 609, 980, 978, 23, 8.29%, 308, 0, 3, 13.08
1747783765, 0, 611, 980, 978, 23, 8.29%, 308, 0, 3, 13.15
1747783776, 0, 612, 980, 978, 23, 8.29%, 308, 0, 3, 12.88
1747783786, 0, 614, 980, 978, 23, 8.29%, 308, 0, 3, 14.12
1747783791, 0, 614, 981, 979, 23, 8.29%, 308, 0, 3, 14.11
1747783807, 0, 615, 981, 979, 23, 8.29%, 308, 0, 3, 14.70
1747783812, 0, 616, 981, 979, 23, 8.29%, 308, 0, 3, 15.72
1747783822, 0, 617, 981, 979, 23, 8.29%, 308, 0, 3, 14.96
1747783832, 0, 618, 981, 979, 23, 8.29%, 308, 0, 3, 13.38
1747783843, 0, 619, 981, 979, 23, 8.29%, 308, 0, 3, 14.63
1747783848, 0, 620, 981, 979, 23, 8.29%, 308, 0, 3, 13.79
1747783858, 0, 621, 981, 979, 23, 8.29%, 308, 0, 3, 14.78
1747783868, 0, 624, 981, 979, 23, 8.29%, 308, 0, 3, 13.67
1747783879, 0, 625, 981, 979, 23, 8.29%, 308, 0, 3, 14.40
1747783889, 0, 627, 981, 979, 23, 8.29%, 308, 0, 3, 15.04
1747783894, 0, 628, 981, 979, 23, 8.29%, 308, 0, 3, 15.08
1747783899, 0, 628, 981, 979, 23, 8.29%, 309, 0, 3, 15.97
1747783904, 0, 629, 981, 979, 23, 8.29%, 309, 0, 3, 16.52
1747783914, 0, 630, 981, 979, 23, 8.29%, 310, 0, 3, 16.08
1747783919, 0, 631, 981, 979, 23, 8.29%, 310, 0, 3, 13.57
1747783930, 0, 632, 981, 979, 23, 8.29%, 310, 0, 3, 15.28
1747783940, 0, 633, 981, 979, 23, 8.29%, 310, 0, 3, 13.96
1747783950, 0, 634, 981, 979, 23, 8.29%, 310, 0, 3, 12.36
1747783960, 0, 636, 982, 980, 23, 8.29%, 310, 0, 3, 2.38
1747783981, 0, 637, 982, 980, 23, 8.29%, 310, 0, 3, 12.82
1747783991, 0, 638, 982, 980, 23, 8.29%, 310, 0, 3, 15.31
1747784001, 0, 639, 982, 980, 23, 8.29%, 310, 0, 3, 15.23
1747784007, 0, 639, 983, 981, 23, 8.29%, 310, 0, 3, 14.68
1747784017, 0, 640, 983, 981, 23, 8.29%, 310, 0, 3, 14.77
1747784027, 0, 641, 983, 981, 23, 8.29%, 310, 0, 3, 16.31
1747784037, 0, 643, 983, 981, 23, 8.29%, 310, 0, 3, 14.80
1747784042, 0, 644, 983, 981, 23, 8.29%, 310, 0, 3, 15.32
1747784048, 0, 644, 984, 982, 23, 8.29%, 310, 0, 3, 12.57
1747784063, 0, 645, 984, 982, 23, 8.29%, 311, 0, 3, 14.26
1747784073, 0, 646, 984, 982, 23, 8.29%, 311, 0, 3, 13.89
1747784083, 0, 648, 984, 982, 23, 8.29%, 311, 0, 3, 14.23
1747784093, 0, 649, 984, 982, 23, 8.29%, 311, 0, 3, 13.52
1747784104, 0, 650, 984, 982, 23, 8.29%, 311, 0, 3, 15.64
1747784109, 0, 651, 984, 982, 23, 8.29%, 311, 0, 3, 16.06
1747784120, 0, 652, 984, 982, 23, 8.29%, 311, 0, 3, 15.15
1747784130, 0, 653, 984, 982, 23, 8.29%, 311, 0, 3, 15.39
1747784140, 0, 654, 984, 982, 23, 8.29%, 311, 0, 3, 15.66
1747784145, 0, 655, 984, 982, 23, 8.29%, 311, 0, 3, 14.35
1747784155, 0, 656, 984, 982, 23, 8.29%, 312, 0, 3, 12.83
1747784166, 0, 656, 985, 983, 23, 8.29%, 312, 0, 3, 13.91
1747784176, 0, 657, 985, 983, 23, 8.29%, 312, 0, 3, 15.11
1747784186, 0, 658, 985, 983, 23, 8.29%, 312, 0, 3, 13.63
1747784191, 0, 659, 985, 983, 23, 8.29%, 312, 0, 3, 15.95
1747784201, 0, 661, 985, 983, 23, 8.29%, 312, 0, 3, 14.54
1747784212, 0, 662, 985, 983, 23, 8.29%, 312, 0, 3, 16.30
1747784217, 0, 663, 985, 983, 23, 8.29%, 312, 0, 3, 15.02
1747784227, 0, 664, 985, 983, 23, 8.29%, 312, 0, 3, 14.32
1747784237, 0, 665, 985, 983, 23, 8.29%, 312, 0, 3, 15.78
1747784248, 0, 667, 985, 983, 23, 8.29%, 312, 0, 3, 15.97
1747784253, 0, 668, 985, 983, 23, 8.29%, 313, 0, 3, 13.85
1747784263, 0, 669, 985, 983, 23, 8.29%, 313, 0, 3, 16.45
1747784273, 0, 670, 985, 983, 23, 8.29%, 314, 0, 3, 14.11
1747784283, 0, 671, 985, 983, 23, 8.29%, 314, 0, 3, 15.74
1747784289, 0, 672, 985, 983, 23, 8.29%, 314, 0, 3, 13.71
1747784299, 0, 674, 985, 983, 23, 8.29%, 315, 0, 3, 19.80
1747784309, 0, 675, 985, 983, 23, 8.29%, 315, 0, 3, 13.56
1747784319, 0, 676, 985, 983, 23, 8.29%, 316, 0, 3, 21.59
1747784324, 0, 677, 985, 983, 23, 8.29%, 316, 0, 3, 24.16
1747784329, 0, 678, 985, 983, 23, 8.29%, 317, 0, 3, 20.90
1747784334, 0, 679, 985, 983, 23, 8.29%, 317, 0, 3, 23.62
1747784339, 0, 680, 985, 983, 23, 8.29%, 318, 0, 3, 24.89
1747784345, 0, 681, 985, 983, 23, 8.29%, 318, 0, 3, 22.26
1747784350, 0, 682, 985, 983, 23, 8.29%, 318, 0, 3, 23.51
1747784355, 0, 683, 985, 983, 23, 8.29%, 318, 0, 3, 25.61
1747784360, 0, 684, 985, 983, 23, 8.29%, 318, 0, 3, 24.54
1747784365, 0, 685, 985, 983, 23, 8.29%, 318, 0, 3, 23.55
1747784370, 0, 686, 985, 983, 23, 8.29%, 318, 0, 3, 25.25
1747784375, 0, 687, 985, 983, 23, 8.29%, 318, 0, 3, 22.98
1747784380, 0, 688, 985, 983, 23, 8.29%, 318, 0, 3, 25.96
1747784385, 0, 689, 985, 983, 23, 8.29%, 318, 0, 3, 25.64
1747784390, 0, 690, 985, 983, 23, 8.29%, 318, 0, 3, 23.56
1747784400, 0, 691, 985, 983, 23, 8.29%, 318, 0, 3, 23.66
1747784406, 0, 692, 985, 983, 23, 8.29%, 318, 0, 3, 22.20
1747784411, 0, 694, 985, 983, 23, 8.29%, 318, 0, 3, 21.75
1747784416, 0, 694, 986, 984, 23, 8.29%, 318, 0, 3, 16.41
1747784502, 0, 694, 987, 985, 23, 8.29%, 318, 0, 3, 16.39
1747784512, 0, 694, 988, 986, 23, 8.29%, 318, 0, 3, 13.73
1747784677, 0, 694, 989, 987, 23, 8.29%, 318, 0, 3, 20.78
1747784790, 0, 695, 989, 986, 23, 8.29%, 318, 0, 3, 25.35
1747784795, 0, 696, 989, 986, 23, 8.29%, 319, 0, 3, 23.69
1747784800, 0, 697, 989, 986, 23, 8.29%, 319, 0, 3, 22.72
1747784805, 0, 698, 989, 986, 23, 8.29%, 319, 0, 3, 24.12
1747784811, 0, 699, 989, 986, 23, 8.29%, 319, 0, 3, 22.99
1747784816, 0, 701, 989, 986, 23, 8.29%, 319, 0, 3, 23.74
1747784821, 0, 702, 989, 986, 23, 8.29%, 320, 0, 3, 24.94
1747784826, 0, 704, 989, 986, 23, 8.29%, 320, 0, 3, 24.40
1747784831, 0, 705, 989, 986, 23, 8.29%, 320, 0, 3, 23.10
1747784836, 0, 707, 989, 986, 23, 8.29%, 320, 0, 3, 24.86
1747784841, 0, 707, 990, 987, 23, 8.29%, 320, 0, 3, 22.29
1747784851, 0, 708, 990, 987, 23, 8.29%, 320, 0, 3, 23.30
1747784857, 0, 709, 990, 987, 23, 8.29%, 322, 0, 3, 25.52
1747784862, 0, 710, 990, 987, 23, 8.29%, 322, 0, 3, 22.39
1747784867, 0, 711, 990, 987, 23, 8.29%, 322, 0, 3, 25.17
1747784872, 0, 712, 990, 987, 23, 8.29%, 322, 0, 3, 24.63
1747784877, 0, 714, 990, 987, 23, 8.29%, 323, 0, 3, 21.18
1747784882, 0, 715, 990, 987, 23, 8.29%, 323, 0, 3, 21.71
1747784888, 0, 716, 990, 987, 23, 8.29%, 323, 0, 3, 21.68
1747784898, 0, 718, 990, 987, 23, 8.29%, 323, 0, 3, 22.53
1747784903, 0, 719, 990, 987, 23, 8.29%, 323, 0, 3, 23.03
1747784908, 0, 720, 990, 987, 23, 8.29%, 324, 0, 3, 22.25
1747784913, 0, 721, 990, 987, 23, 8.29%, 324, 0, 3, 24.49
1747784918, 0, 722, 990, 987, 23, 8.29%, 324, 0, 3, 25.09
1747784923, 0, 723, 990, 987, 23, 8.29%, 324, 0, 3, 22.83
1747784928, 0, 724, 990, 987, 23, 8.29%, 325, 0, 3, 22.24
1747784934, 0, 725, 990, 987, 23, 8.29%, 326, 0, 3, 23.49
1747784939, 0, 726, 990, 987, 23, 8.29%, 326, 0, 3, 23.16
1747784944, 0, 727, 990, 987, 23, 8.29%, 326, 0, 3, 23.42
1747784949, 0, 728, 990, 987, 23, 8.29%, 326, 0, 3, 23.80
1747784959, 0, 730, 990, 987, 23, 8.29%, 327, 0, 3, 24.93
1747784969, 0, 731, 990, 987, 23, 8.29%, 327, 0, 3, 22.89
1747784975, 0, 732, 990, 987, 23, 8.29%, 328, 0, 3, 22.53
1747784980, 0, 733, 990, 987, 23, 8.29%, 328, 0, 3, 23.53
1747784985, 0, 734, 990, 987, 23, 8.29%, 328, 0, 3, 23.02
1747784990, 0, 737, 990, 987, 23, 8.29%, 328, 0, 3, 22.24
1747784995, 0, 739, 990, 987, 23, 8.29%, 328, 0, 3, 23.04
1747785000, 0, 740, 990, 987, 23, 8.29%, 328, 0, 3, 24.41
1747785005, 0, 741, 990, 987, 23, 8.29%, 328, 0, 3, 21.61
1747785010, 0, 742, 990, 987, 23, 8.29%, 328, 0, 3, 23.08
1747785015, 0, 742, 990, 987, 23, 8.29%, 329, 0, 3, 22.37
1747785021, 0, 743, 990, 987, 23, 8.29%, 329, 0, 3, 21.82
1747785026, 0, 744, 990, 987, 23, 8.29%, 329, 0, 3, 24.36
1747785031, 0, 745, 990, 987, 23, 8.29%, 329, 0, 3, 22.95
1747785036, 0, 746, 990, 987, 23, 8.29%, 329, 0, 3, 24.39
1747785041, 0, 747, 990, 987, 23, 8.29%, 329, 0, 3, 25.16
1747785046, 0, 748, 990, 987, 23, 8.29%, 329, 0, 3, 24.50
1747785051, 0, 749, 990, 987, 23, 8.29%, 329, 0, 3, 26.27
1747785056, 0, 750, 990, 987, 23, 8.29%, 329, 0, 3, 23.75
1747785061, 0, 751, 990, 987, 23, 8.29%, 329, 0, 3, 23.31
1747785067, 0, 751, 991, 988, 23, 8.29%, 329, 0, 3, 21.08
1747785072, 0, 755, 991, 988, 24, 8.29%, 329, 0, 3, 24.15
1747785077, 0, 755, 991, 988, 24, 8.29%, 330, 0, 3, 21.55
1747785082, 0, 756, 991, 988, 24, 8.29%, 330, 0, 3, 22.32
1747785087, 0, 758, 991, 988, 24, 8.29%, 330, 0, 3, 23.39
1747785092, 0, 759, 991, 988, 24, 8.29%, 330, 0, 3, 25.02
1747785098, 0, 760, 991, 988, 24, 8.29%, 330, 0, 3, 25.03
1747785103, 0, 760, 992, 989, 24, 8.29%, 330, 0, 3, 23.43
1747785108, 0, 761, 992, 989, 25, 8.29%, 330, 0, 3, 23.23
1747785113, 0, 763, 992, 989, 25, 8.29%, 330, 0, 3, 23.09
1747785118, 0, 764, 992, 989, 25, 8.29%, 330, 0, 3, 24.42
1747785123, 0, 765, 992, 989, 25, 8.29%, 330, 0, 3, 25.16
1747785129, 0, 766, 992, 989, 25, 8.29%, 330, 0, 3, 22.56
1747785134, 0, 767, 992, 989, 25, 8.29%, 330, 0, 3, 24.20
1747785139, 0, 768, 992, 989, 25, 8.29%, 330, 0, 3, 24.09
1747785144, 0, 769, 992, 989, 25, 8.29%, 330, 0, 3, 23.34
1747785149, 0, 770, 992, 989, 25, 8.29%, 330, 0, 3, 23.98
1747785154, 0, 771, 992, 989, 25, 8.29%, 330, 0, 3, 26.08
1747785159, 0, 772, 992, 989, 25, 8.29%, 330, 0, 3, 25.21
1747785164, 0, 773, 992, 989, 25, 8.29%, 330, 0, 3, 23.71
1747785175, 0, 774, 992, 989, 25, 8.29%, 330, 0, 3, 22.91
1747785180, 0, 776, 992, 989, 25, 8.29%, 330, 0, 3, 21.40
1747785185, 0, 777, 992, 989, 25, 8.29%, 330, 0, 3, 24.10
1747785190, 0, 778, 992, 989, 25, 8.29%, 330, 0, 3, 24.39
1747785195, 0, 778, 993, 990, 25, 8.29%, 330, 0, 3, 26.55
1747785200, 0, 779, 993, 990, 25, 8.29%, 330, 0, 3, 26.03
1747785205, 0, 781, 993, 990, 25, 8.29%, 330, 0, 3, 23.39
1747785210, 0, 782, 993, 990, 25, 8.29%, 330, 0, 3, 26.22
1747785215, 0, 783, 993, 990, 25, 8.29%, 330, 0, 3, 27.47
1747785221, 0, 784, 993, 990, 25, 8.29%, 331, 0, 3, 26.19
1747785226, 0, 785, 993, 990, 25, 8.29%, 331, 0, 3, 22.79
1747785231, 0, 786, 993, 990, 25, 8.29%, 331, 0, 3, 22.47
1747785236, 0, 787, 993, 990, 25, 8.29%, 331, 0, 3, 24.03
1747785241, 0, 788, 993, 990, 25, 8.29%, 331, 0, 3, 23.42
1747785251, 0, 789, 993, 990, 25, 8.29%, 331, 0, 3, 24.35
1747785256, 0, 790, 993, 990, 25, 8.29%, 331, 0, 3, 23.72
1747785262, 0, 792, 994, 991, 25, 8.29%, 331, 0, 3, 32.55
1747785272, 0, 793, 994, 991, 25, 8.29%, 331, 0, 3, 23.19
1747785277, 0, 794, 994, 991, 25, 8.29%, 331, 0, 3, 22.83
1747785282, 0, 795, 994, 991, 25, 8.29%, 331, 0, 3, 23.26
1747785293, 0, 798, 994, 991, 25, 8.29%, 331, 0, 3, 25.91
1747785303, 0, 799, 994, 991, 25, 8.29%, 331, 0, 3, 21.61
1747785308, 0, 800, 994, 991, 25, 8.29%, 333, 0, 3, 21.75
1747785313, 0, 801, 994, 991, 25, 8.29%, 333, 0, 3, 20.77
1747785344, 0, 801, 995, 992, 25, 8.29%, 333, 0, 3, 5.98
1747785375, 0, 801, 996, 993, 25, 8.29%, 333, 0, 3, 11.34
1747785401, 0, 801, 996, 993, 25, 8.29%, 334, 0, 3, 5.40
1747785421, 0, 801, 997, 994, 25, 8.29%, 334, 0, 3, 10.58
1747785432, 0, 801, 998, 995, 25, 8.29%, 334, 0, 3, 6.37
1747785447, 0, 801, 998, 995, 25, 8.29%, 335, 0, 3, 5.34
1747785462, 0, 801, 998, 995, 25, 8.29%, 336, 0, 3, 11.70
1747785468, 0, 801, 999, 996, 25, 8.29%, 336, 0, 3, 9.98
1747785580, 0, 801, 1000, 997, 25, 8.29%, 336, 0, 3, 9.38
1747785596, 0, 801, 1002, 999, 25, 8.29%, 336, 0, 3, 8.91
1747785627, 0, 801, 1003, 1000, 25, 8.29%, 336, 0, 3, 5.83
1747785642, 0, 801, 1003, 1000, 25, 8.29%, 337, 0, 3, 5.34
1747785647, 0, 801, 1003, 1000, 25, 8.29%, 338, 0, 3, 5.45
1747785663, 0, 801, 1004, 1001, 25, 8.29%, 338, 0, 3, 5.20
1747785720, 0, 801, 1005, 1002, 25, 8.29%, 338, 0, 3, 5.51
1747785731, 0, 801, 1005, 1002, 25, 8.29%, 339, 0, 3, 5.42
1747785830, 0, 801, 1005, 1002, 25, 8.29%, 341, 0, 3, 5.71
1747785866, 0, 801, 1005, 1002, 25, 8.29%, 342, 0, 3, 5.48
1747785989, 0, 801, 1005, 1002, 25, 8.29%, 343, 0, 3, 5.75
1747785994, 0, 801, 1006, 1003, 25, 8.29%, 343, 0, 3, 5.24
1747786015, 0, 801, 1007, 1004, 25, 8.29%, 343, 0, 3, 5.35
1747786020, 0, 801, 1007, 1004, 25, 8.29%, 344, 0, 3, 5.20
1747786041, 0, 801, 1008, 1005, 25, 8.29%, 344, 0, 3, 5.16
1747786092, 0, 801, 1009, 1006, 25, 8.29%, 344, 0, 3, 13.10
1747786159, 0, 801, 1009, 1006, 25, 8.29%, 345, 0, 3, 7.15
1747786164, 0, 801, 1009, 1006, 25, 8.29%, 346, 0, 3, 6.16
1747786179, 0, 801, 1009, 1006, 25, 8.29%, 347, 0, 3, 5.13
1747786184, 0, 801, 1010, 1007, 25, 8.29%, 347, 0, 3, 5.52
1747786189, 0, 801, 1011, 1008, 25, 8.29%, 347, 0, 3, 5.33
1747786210, 0, 801, 1013, 1010, 25, 8.29%, 347, 0, 3, 4.91
1747786215, 0, 801, 1014, 1011, 25, 8.29%, 347, 0, 3, 4.79
1747786220, 0, 801, 1015, 1012, 25, 8.29%, 347, 0, 3, 4.89
1747786226, 0, 801, 1016, 1013, 25, 8.29%, 348, 0, 3, 4.49
1747786251, 0, 801, 1016, 1013, 25, 8.29%, 349, 0, 3, 5.66
1747786267, 0, 801, 1016, 1013, 25, 8.29%, 350, 0, 3, 10.23
1747786287, 0, 802, 1016, 1012, 25, 8.29%, 350, 0, 3, 22.78
1747786292, 0, 803, 1016, 1012, 25, 8.29%, 351, 0, 3, 24.23
1747786297, 0, 804, 1016, 1012, 25, 8.29%, 351, 0, 3, 24.14
1747786302, 0, 805, 1016, 1012, 25, 8.29%, 351, 0, 3, 25.56
1747786307, 0, 809, 1016, 1012, 25, 8.29%, 351, 0, 3, 26.05
1747786312, 0, 810, 1016, 1012, 25, 8.29%, 351, 0, 3, 23.88
1747786317, 0, 811, 1016, 1012, 25, 8.29%, 351, 0, 3, 22.57
1747786323, 0, 812, 1016, 1012, 25, 8.29%, 351, 0, 3, 23.09
1747786328, 0, 813, 1016, 1012, 25, 8.29%, 351, 0, 3, 24.36
1747786333, 0, 814, 1016, 1012, 25, 8.29%, 351, 0, 3, 25.88
1747786338, 0, 815, 1016, 1012, 25, 8.29%, 351, 0, 3, 26.35
1747786348, 0, 816, 1016, 1012, 25, 8.29%, 351, 0, 3, 24.20
1747786353, 0, 817, 1016, 1012, 25, 8.29%, 351, 0, 3, 26.78
1747786358, 0, 818, 1016, 1012, 25, 8.29%, 352, 0, 3, 22.10
1747786363, 0, 819, 1016, 1012, 25, 8.29%, 352, 0, 3, 21.17
1747786368, 0, 821, 1016, 1012, 25, 8.29%, 352, 0, 3, 23.67
1747786373, 0, 822, 1016, 1012, 25, 8.29%, 352, 0, 3, 24.00
1747786379, 0, 823, 1016, 1012, 25, 8.29%, 352, 0, 3, 22.56
1747786384, 0, 824, 1016, 1012, 25, 8.29%, 352, 0, 3, 23.63
1747786389, 0, 825, 1016, 1012, 25, 8.29%, 352, 0, 3, 22.71
1747786394, 0, 826, 1016, 1012, 25, 8.29%, 352, 0, 3, 24.16
1747786404, 0, 828, 1016, 1012, 25, 8.29%, 352, 0, 3, 25.85
1747786410, 0, 829, 1016, 1012, 25, 8.29%, 352, 0, 3, 26.18
1747786420, 0, 830, 1016, 1012, 25, 8.29%, 352, 0, 3, 19.84
1747786430, 0, 830, 1017, 1013, 25, 8.29%, 352, 0, 3, 10.87
1747786450, 0, 830, 1018, 1014, 25, 8.29%, 352, 0, 3, 6.73
1747786486, 0, 830, 1019, 1015, 25, 8.29%, 352, 0, 3, 7.81
1747786512, 0, 830, 1020, 1016, 25, 8.29%, 352, 0, 3, 13.29
1747786532, 0, 830, 1021, 1017, 25, 8.29%, 352, 0, 3, 6.71
1747786589, 0, 830, 1022, 1018, 25, 8.29%, 352, 0, 3, 18.37
1747786774, 0, 830, 1023, 1019, 25, 8.29%, 352, 0, 3, 6.47
1747786795, 0, 830, 1024, 1020, 25, 8.29%, 352, 0, 3, 6.21
1747787032, 0, 830, 1025, 1021, 25, 8.29%, 352, 0, 3, 8.62
1747787068, 0, 830, 1026, 1022, 25, 8.29%, 352, 0, 3, 6.36
1747787259, 0, 830, 1027, 1023, 25, 8.29%, 352, 0, 3, 5.29
1747787279, 0, 830, 1028, 1024, 25, 8.29%, 352, 0, 3, 6.11
1747787316, 0, 830, 1029, 1025, 25, 8.29%, 352, 0, 3, 21.36
1747787346, 0, 831, 1029, 1024, 25, 8.29%, 352, 0, 3, 23.91
1747787351, 0, 832, 1029, 1024, 25, 8.29%, 352, 0, 3, 21.49
1747787356, 0, 833, 1029, 1024, 25, 8.29%, 352, 0, 3, 21.60
1747787361, 0, 834, 1029, 1024, 25, 8.29%, 352, 0, 3, 23.55
1747787367, 0, 835, 1029, 1024, 25, 8.29%, 352, 0, 3, 23.89
1747787372, 0, 836, 1029, 1024, 25, 8.29%, 352, 0, 3, 24.76
1747787377, 0, 837, 1029, 1024, 25, 8.29%, 352, 0, 3, 25.33
1747787382, 0, 838, 1029, 1024, 25, 8.29%, 352, 0, 3, 21.39
1747787387, 0, 839, 1029, 1024, 25, 8.29%, 352, 0, 3, 23.35
1747787398, 0, 840, 1029, 1024, 25, 8.29%, 352, 0, 3, 25.47
1747787403, 0, 841, 1029, 1024, 25, 8.29%, 352, 0, 3, 22.83
1747787408, 0, 842, 1029, 1024, 25, 8.29%, 352, 0, 3, 25.14
1747787413, 0, 843, 1029, 1024, 25, 8.29%, 352, 0, 3, 24.75
1747787418, 0, 844, 1029, 1024, 25, 8.29%, 352, 0, 3, 23.54
1747787423, 0, 845, 1029, 1024, 25, 8.29%, 352, 0, 3, 23.80
1747787428, 0, 846, 1029, 1024, 25, 8.29%, 352, 0, 3, 25.55
1747787433, 0, 847, 1029, 1024, 25, 8.29%, 352, 0, 3, 24.03
1747787438, 0, 848, 1029, 1024, 25, 8.29%, 352, 0, 3, 22.65
1747787444, 0, 849, 1029, 1024, 25, 8.29%, 352, 0, 3, 21.49
1747787449, 0, 850, 1030, 1025, 25, 8.29%, 352, 0, 3, 20.58
1747787464, 0, 851, 1030, 1025, 24, 8.29%, 354, 0, 3, 23.53
1747787469, 0, 852, 1030, 1025, 24, 8.29%, 354, 0, 3, 24.96
1747787474, 0, 855, 1030, 1025, 24, 8.29%, 354, 0, 3, 23.48
1747787480, 0, 856, 1030, 1025, 24, 8.29%, 354, 0, 3, 23.53
1747787485, 0, 857, 1030, 1025, 24, 8.29%, 354, 0, 3, 23.11
1747787490, 0, 858, 1030, 1025, 24, 8.29%, 354, 0, 3, 22.76
1747787495, 0, 859, 1030, 1025, 24, 8.29%, 354, 0, 3, 22.89
1747787505, 0, 860, 1030, 1025, 24, 8.29%, 354, 0, 3, 24.28
1747787511, 0, 862, 1030, 1025, 24, 8.29%, 354, 0, 3, 23.31
1747787516, 0, 863, 1030, 1025, 24, 8.29%, 354, 0, 3, 25.87
1747787521, 0, 864, 1030, 1025, 24, 8.29%, 354, 0, 3, 25.31
1747787526, 0, 865, 1030, 1025, 24, 8.29%, 354, 0, 3, 24.54
1747787531, 0, 867, 1031, 1026, 24, 8.29%, 354, 0, 3, 20.80
1747787541, 0, 868, 1031, 1026, 24, 8.29%, 354, 0, 3, 23.48
1747787546, 0, 869, 1031, 1026, 24, 8.29%, 354, 0, 3, 21.91
1747787551, 0, 870, 1031, 1026, 24, 8.29%, 354, 0, 3, 13.61
1747787557, 0, 872, 1031, 1026, 24, 8.29%, 354, 0, 3, 19.46
1747787562, 0, 872, 1032, 1027, 24, 8.29%, 354, 0, 3, 20.88
1747787572, 0, 873, 1032, 1027, 24, 8.29%, 354, 0, 3, 22.19
1747787577, 0, 874, 1032, 1027, 24, 8.29%, 354, 0, 3, 21.50
1747787582, 0, 875, 1032, 1027, 24, 8.29%, 354, 0, 3, 22.38
1747787587, 0, 876, 1032, 1027, 24, 8.29%, 354, 0, 3, 21.83
1747787592, 0, 877, 1032, 1027, 24, 8.29%, 354, 0, 3, 23.00
1747787603, 0, 878, 1032, 1027, 24, 8.29%, 354, 0, 3, 24.04
1747787608, 0, 879, 1032, 1027, 24, 8.29%, 354, 0, 3, 22.97
1747787613, 0, 880, 1032, 1027, 24, 8.29%, 354, 0, 3, 22.95
1747787618, 0, 882, 1032, 1027, 24, 8.29%, 355, 0, 3, 25.15
1747787623, 0, 883, 1032, 1027, 24, 8.29%, 355, 0, 3, 24.48
1747787628, 0, 884, 1032, 1027, 24, 8.29%, 355, 0, 3, 21.79
1747787633, 0, 886, 1032, 1027, 24, 8.29%, 355, 0, 3, 23.15
1747787639, 0, 888, 1032, 1027, 24, 8.29%, 355, 0, 3, 24.72
1747787644, 0, 890, 1032, 1027, 24, 8.29%, 355, 0, 3, 22.25
1747787649, 0, 891, 1032, 1027, 24, 8.29%, 355, 0, 3, 24.77
1747787654, 0, 892, 1032, 1027, 24, 8.29%, 356, 0, 3, 23.71
1747787659, 0, 893, 1032, 1027, 24, 8.29%, 356, 0, 3, 24.83
1747787669, 0, 894, 1032, 1027, 24, 8.29%, 356, 0, 3, 14.31
1747787680, 0, 895, 1032, 1027, 24, 8.29%, 356, 0, 3, 14.14
1747787690, 0, 897, 1032, 1027, 24, 8.29%, 356, 0, 3, 14.57
1747787700, 0, 899, 1032, 1027, 24, 8.29%, 356, 0, 3, 15.14
1747787711, 0, 901, 1032, 1027, 24, 8.29%, 356, 0, 3, 13.99
1747787716, 0, 903, 1032, 1027, 24, 8.29%, 356, 0, 3, 14.13
1747787726, 0, 904, 1032, 1027, 24, 8.29%, 356, 0, 3, 13.74
1747787737, 0, 905, 1032, 1027, 24, 8.29%, 356, 0, 3, 14.32
1747787742, 0, 907, 1032, 1027, 24, 8.29%, 356, 0, 3, 16.75
1747787752, 0, 908, 1032, 1027, 24, 8.29%, 356, 0, 3, 14.38
1747787762, 0, 909, 1032, 1027, 24, 8.29%, 356, 0, 3, 16.54
1747787773, 0, 910, 1032, 1027, 24, 8.29%, 356, 0, 3, 16.12
1747787778, 0, 912, 1032, 1027, 24, 8.29%, 356, 0, 3, 13.67
1747787788, 0, 913, 1032, 1027, 24, 8.29%, 356, 0, 3, 15.58
1747787799, 0, 914, 1032, 1027, 24, 8.29%, 356, 0, 3, 14.74
1747787809, 0, 915, 1032, 1027, 24, 8.29%, 356, 0, 3, 12.16
1747787819, 0, 918, 1032, 1027, 24, 8.29%, 356, 0, 3, 13.33
1747787829, 0, 920, 1032, 1027, 24, 8.29%, 356, 0, 3, 14.38
1747787835, 0, 921, 1032, 1027, 24, 8.29%, 356, 0, 3, 13.85
1747787850, 0, 922, 1032, 1027, 24, 8.29%, 356, 0, 3, 13.59
1747787855, 0, 923, 1033, 1028, 24, 8.29%, 356, 0, 3, 12.58
1747787860, 0, 923, 1033, 1028, 24, 8.29%, 358, 0, 3, 11.63
1747787876, 0, 923, 1034, 1029, 24, 8.29%, 358, 0, 3, 12.42
1747787896, 0, 924, 1034, 1029, 24, 8.29%, 358, 0, 3, 15.29
1747787906, 0, 925, 1034, 1029, 24, 8.29%, 358, 0, 3, 14.82
1747787917, 0, 926, 1034, 1029, 24, 8.29%, 358, 0, 3, 13.95
1747787927, 0, 928, 1034, 1029, 24, 8.29%, 358, 0, 3, 14.80
1747787932, 0, 930, 1034, 1029, 24, 8.29%, 358, 0, 3, 15.31
1747787937, 0, 930, 1034, 1029, 24, 8.29%, 359, 0, 3, 14.26
1747787942, 0, 931, 1034, 1029, 24, 8.29%, 359, 0, 3, 14.06
1747787953, 0, 932, 1034, 1029, 24, 8.29%, 359, 0, 3, 14.01
1747787963, 0, 933, 1034, 1029, 24, 8.29%, 359, 0, 3, 14.03
1747787968, 0, 935, 1034, 1029, 24, 8.29%, 359, 0, 3, 13.35
1747787979, 0, 937, 1034, 1029, 24, 8.29%, 359, 0, 3, 15.66
1747787989, 0, 938, 1034, 1029, 24, 8.29%, 359, 0, 3, 14.68
1747787999, 0, 939, 1034, 1029, 24, 8.29%, 359, 0, 3, 14.35
1747788004, 0, 940, 1034, 1029, 24, 8.29%, 359, 0, 3, 16.04
1747788014, 0, 941, 1034, 1029, 24, 8.29%, 359, 0, 3, 14.05
1747788025, 0, 942, 1034, 1029, 24, 8.29%, 359, 0, 3, 14.15
1747788035, 0, 944, 1034, 1029, 24, 8.29%, 359, 0, 3, 14.45
1747788045, 0, 945, 1034, 1029, 24, 8.29%, 359, 0, 3, 15.55
1747788050, 0, 946, 1034, 1029, 24, 8.29%, 359, 0, 3, 14.37
1747788060, 0, 948, 1034, 1029, 24, 8.29%, 359, 0, 3, 14.68
1747788071, 0, 950, 1034, 1029, 24, 8.29%, 360, 0, 3, 17.69
1747788081, 0, 951, 1034, 1029, 24, 8.29%, 360, 0, 3, 15.71
1747788091, 0, 952, 1034, 1029, 24, 8.29%, 360, 0, 3, 12.71
1747788101, 0, 953, 1034, 1029, 24, 8.29%, 360, 0, 3, 14.40
1747788106, 0, 955, 1034, 1029, 24, 8.29%, 360, 0, 3, 14.61
1747788117, 0, 956, 1034, 1029, 24, 8.29%, 360, 0, 3, 14.90
1747788127, 0, 958, 1034, 1029, 24, 8.29%, 361, 0, 3, 13.68
1747788132, 0, 958, 1034, 1029, 24, 8.29%, 362, 0, 3, 12.69
1747788137, 0, 959, 1034, 1029, 24, 8.29%, 362, 0, 3, 14.76
1747788148, 0, 960, 1034, 1029, 24, 8.29%, 362, 0, 3, 14.00
1747788153, 0, 961, 1034, 1029, 24, 8.29%, 362, 0, 3, 13.11
1747788163, 0, 962, 1034, 1029, 24, 8.29%, 362, 0, 3, 14.43
1747788173, 0, 963, 1034, 1029, 24, 8.29%, 362, 0, 3, 14.34
1747788183, 0, 964, 1034, 1029, 24, 8.29%, 362, 0, 3, 15.43
1747788189, 0, 964, 1034, 1029, 24, 8.29%, 363, 0, 3, 13.60
1747788194, 0, 965, 1034, 1029, 24, 8.29%, 363, 0, 3, 13.09
1747788204, 0, 966, 1034, 1029, 24, 8.29%, 363, 0, 3, 12.65
1747788214, 0, 967, 1034, 1029, 24, 8.29%, 363, 0, 3, 13.80
1747788220, 0, 968, 1034, 1029, 24, 8.29%, 363, 0, 3, 13.77
1747788230, 0, 969, 1034, 1029, 24, 8.29%, 363, 0, 3, 13.48
1747788240, 0, 970, 1034, 1029, 24, 8.29%, 363, 0, 3, 16.32
1747788251, 0, 971, 1034, 1029, 24, 8.29%, 363, 0, 3, 14.17
1747788256, 0, 972, 1034, 1029, 24, 8.29%, 363, 0, 3, 14.94
1747788266, 0, 973, 1034, 1029, 24, 8.29%, 363, 0, 3, 13.01
1747788276, 0, 974, 1034, 1029, 24, 8.29%, 363, 0, 3, 15.01
1747788286, 0, 975, 1034, 1029, 24, 8.29%, 363, 0, 3, 13.77
1747788296, 0, 976, 1034, 1029, 24, 8.29%, 363, 0, 3, 13.71
1747788307, 0, 977, 1034, 1029, 24, 8.29%, 363, 0, 3, 13.42
1747788317, 0, 978, 1035, 1030, 24, 8.29%, 363, 0, 3, 11.55
1747788337, 0, 979, 1035, 1030, 24, 8.29%, 363, 0, 3, 13.95
1747788343, 0, 980, 1035, 1030, 24, 8.29%, 363, 0, 3, 12.96
1747788353, 0, 981, 1035, 1030, 24, 8.29%, 363, 0, 3, 14.59
1747788363, 0, 982, 1035, 1030, 24, 8.29%, 363, 0, 3, 13.58
1747788373, 0, 984, 1035, 1030, 24, 8.29%, 363, 0, 3, 15.37
1747788384, 0, 985, 1035, 1030, 24, 8.29%, 363, 0, 3, 13.86
1747788389, 0, 986, 1035, 1030, 24, 8.29%, 363, 0, 3, 13.70
1747788399, 0, 987, 1035, 1030, 24, 8.29%, 363, 0, 3, 14.04
1747788409, 0, 988, 1035, 1030, 24, 8.29%, 363, 0, 3, 15.97
1747788420, 0, 989, 1035, 1030, 24, 8.29%, 363, 0, 3, 15.22
1747788425, 0, 990, 1035, 1030, 24, 8.29%, 363, 0, 3, 14.56
1747788435, 0, 992, 1035, 1030, 24, 8.29%, 363, 0, 3, 12.31
1747788446, 0, 993, 1035, 1030, 24, 8.29%, 363, 0, 3, 14.27
1747788456, 0, 994, 1035, 1030, 24, 8.29%, 363, 0, 3, 14.04
1747788466, 0, 995, 1035, 1030, 24, 8.29%, 363, 0, 3, 13.77
1747788477, 0, 999, 1035, 1030, 24, 8.29%, 363, 0, 3, 14.77
1747788482, 0, 1000, 1035, 1030, 24, 8.29%, 363, 0, 3, 14.60
1747788492, 0, 1001, 1035, 1030, 24, 8.29%, 363, 0, 3, 15.18
1747788502, 0, 1002, 1035, 1030, 24, 8.29%, 363, 0, 3, 14.34
1747788507, 0, 1003, 1035, 1030, 24, 8.29%, 363, 0, 3, 13.87
1747788518, 0, 1004, 1035, 1030, 24, 8.29%, 363, 0, 3, 13.50
1747788528, 0, 1005, 1035, 1030, 24, 8.29%, 363, 0, 3, 14.29
1747788538, 0, 1006, 1035, 1030, 24, 8.29%, 363, 0, 3, 14.85
1747788544, 0, 1007, 1035, 1030, 24, 8.29%, 364, 0, 3, 19.67
1747788549, 0, 1008, 1035, 1030, 24, 8.29%, 364, 0, 3, 21.56
1747788559, 0, 1009, 1035, 1030, 24, 8.29%, 364, 0, 3, 23.37
1747788564, 0, 1010, 1035, 1030, 24, 8.29%, 364, 0, 3, 24.22
1747788569, 0, 1011, 1035, 1030, 24, 8.29%, 364, 0, 3, 21.31
1747788574, 0, 1012, 1035, 1030, 24, 8.29%, 364, 0, 3, 23.10
1747788579, 0, 1014, 1035, 1030, 24, 8.29%, 364, 0, 3, 22.78
1747788585, 0, 1015, 1035, 1030, 24, 8.29%, 364, 0, 3, 22.96
1747788590, 0, 1016, 1035, 1030, 24, 8.29%, 364, 0, 3, 22.51
1747788595, 0, 1018, 1035, 1030, 24, 8.29%, 364, 0, 3, 22.12
1747788605, 0, 1019, 1035, 1030, 24, 8.29%, 364, 0, 3, 25.13
1747788610, 0, 1020, 1035, 1030, 24, 8.29%, 364, 0, 3, 21.32
1747788615, 0, 1021, 1035, 1030, 24, 8.29%, 364, 0, 3, 24.20
1747788620, 0, 1022, 1035, 1030, 24, 8.29%, 364, 0, 3, 23.86
1747788626, 0, 1023, 1035, 1030, 24, 8.29%, 364, 0, 3, 25.26
1747788631, 0, 1024, 1035, 1030, 24, 8.29%, 364, 0, 3, 21.61
1747788657, 0, 1024, 1036, 1031, 24, 8.29%, 364, 0, 4, 7.34
1747788662, 0, 1024, 1039, 1034, 24, 8.29%, 364, 0, 4, 6.91
1747788667, 0, 1024, 1041, 1036, 24, 8.29%, 364, 0, 4, 6.76
1747788672, 0, 1024, 1042, 1037, 24, 8.29%, 364, 0, 4, 6.67
1747788677, 0, 1024, 1043, 1038, 24, 8.29%, 364, 0, 4, 6.67
1747788698, 0, 1024, 1044, 1039, 24, 8.29%, 364, 0, 4, 9.70
1747788708, 0, 1024, 1045, 1040, 24, 8.29%, 364, 0, 4, 6.98
1747788718, 0, 1024, 1046, 1041, 24, 8.29%, 364, 0, 4, 6.55
1747788775, 0, 1024, 1047, 1042, 24, 8.29%, 365, 0, 4, 6.70
1747788928, 0, 1024, 1048, 1043, 24, 8.29%, 365, 0, 4, 7.26
1747789020, 0, 1024, 1048, 1043, 24, 8.29%, 366, 0, 4, 6.70
1747789271, 0, 1024, 1049, 1044, 24, 8.29%, 366, 0, 4, 7.35
1747789292, 0, 1024, 1050, 1045, 24, 8.29%, 366, 0, 4, 6.43
1747789420, 0, 1024, 1051, 1046, 24, 8.29%, 366, 0, 4, 8.44
1747789430, 0, 1024, 1052, 1047, 24, 8.29%, 367, 0, 4, 7.49
1747789461, 0, 1024, 1054, 1049, 24, 8.29%, 367, 0, 4, 6.10
1747789471, 0, 1024, 1055, 1050, 24, 8.29%, 367, 0, 4, 6.17
1747789523, 0, 1024, 1056, 1051, 24, 8.29%, 367, 0, 4, 10.77
1747789548, 0, 1025, 1056, 1050, 23, 8.29%, 367, 0, 4, 14.69
1747789580, 0, 1025, 1057, 1051, 23, 8.29%, 367, 0, 4, 6.80
1747789590, 0, 1025, 1058, 1052, 23, 8.29%, 367, 0, 4, 6.27
1747789595, 0, 1025, 1059, 1053, 23, 8.29%, 367, 0, 4, 6.19
1747789636, 0, 1025, 1060, 1054, 23, 8.29%, 367, 0, 4, 6.17
1747789662, 0, 1025, 1060, 1054, 23, 8.29%, 368, 0, 4, 7.42
1747789667, 0, 1025, 1061, 1055, 23, 8.29%, 368, 0, 4, 6.61
1747789693, 0, 1025, 1062, 1056, 23, 8.29%, 368, 0, 4, 7.48
1747789949, 0, 1025, 1064, 1058, 23, 8.29%, 368, 0, 4, 3.65
1747789954, 0, 1025, 1065, 1059, 23, 8.29%, 368, 0, 4, 3.64
1747789959, 0, 1025, 1066, 1060, 23, 8.29%, 368, 0, 4, 3.63
1747789964, 0, 1025, 1068, 1062, 23, 8.29%, 368, 0, 4, 3.65
1747789970, 0, 1025, 1070, 1064, 23, 8.29%, 368, 0, 4, 3.66
1747789975, 0, 1025, 1072, 1066, 23, 8.29%, 368, 0, 4, 3.66
1747789980, 0, 1025, 1073, 1067, 23, 8.29%, 368, 0, 4, 3.66
1747790289, 0, 1025, 1074, 1068, 23, 8.29%, 368, 0, 4, 3.66
1747790407, 0, 1025, 1075, 1069, 23, 8.29%, 368, 0, 4, 4.14
1747790478, 0, 1025, 1076, 1070, 23, 8.29%, 368, 0, 4, 3.63
1747790756, 0, 1025, 1077, 1071, 23, 8.29%, 368, 0, 4, 3.50
1747790787, 0, 1025, 1078, 1072, 23, 8.29%, 368, 0, 4, 3.17
1747790889, 0, 1026, 1078, 1071, 23, 8.29%, 368, 0, 4, 14.00
1747790899, 0, 1029, 1078, 1071, 23, 8.29%, 368, 0, 4, 14.70
1747790910, 0, 1030, 1078, 1071, 23, 8.29%, 368, 0, 4, 13.98
1747790920, 0, 1031, 1078, 1071, 23, 8.29%, 368, 0, 4, 13.73
1747790930, 0, 1032, 1078, 1071, 23, 8.29%, 368, 0, 4, 15.13
1747790941, 0, 1033, 1078, 1071, 23, 8.29%, 368, 0, 4, 14.79
1747790946, 0, 1036, 1078, 1071, 23, 8.29%, 368, 0, 4, 13.64
1747790956, 0, 1037, 1078, 1071, 23, 8.29%, 368, 0, 4, 15.00
1747790966, 0, 1038, 1078, 1071, 23, 8.29%, 368, 0, 4, 13.77
1747790977, 0, 1040, 1078, 1071, 23, 8.29%, 368, 0, 4, 15.62
1747790982, 0, 1041, 1078, 1071, 23, 8.29%, 368, 0, 4, 13.95
1747790992, 0, 1042, 1078, 1071, 23, 8.29%, 368, 0, 4, 14.19
1747791002, 0, 1045, 1078, 1071, 23, 8.29%, 368, 0, 4, 15.86
1747791013, 0, 1046, 1078, 1071, 23, 8.29%, 368, 0, 4, 14.29
1747791018, 0, 1047, 1078, 1071, 23, 8.29%, 368, 0, 4, 14.55
1747791029, 0, 1048, 1078, 1071, 23, 8.29%, 368, 0, 4, 14.98
1747791039, 0, 1050, 1078, 1071, 23, 8.29%, 368, 0, 4, 13.57
1747791049, 0, 1051, 1078, 1071, 23, 8.29%, 368, 0, 4, 13.86
1747791059, 0, 1052, 1078, 1071, 23, 8.29%, 368, 0, 4, 13.39
1747791070, 0, 1053, 1078, 1071, 23, 8.29%, 368, 0, 4, 13.58
1747791080, 0, 1054, 1078, 1071, 23, 8.29%, 368, 0, 4, 14.32
1747791085, 0, 1055, 1078, 1071, 23, 8.29%, 368, 0, 4, 14.11
1747791091, 0, 1055, 1078, 1071, 23, 8.29%, 369, 0, 4, 14.41
1747791096, 0, 1056, 1078, 1071, 23, 8.29%, 369, 0, 4, 12.66
1747791106, 0, 1057, 1078, 1071, 23, 8.29%, 369, 0, 4, 13.57
1747791116, 0, 1058, 1078, 1071, 23, 8.29%, 369, 0, 4, 14.10
1747791127, 0, 1059, 1078, 1071, 23, 8.29%, 369, 0, 4, 14.36
1747791137, 0, 1060, 1078, 1071, 23, 8.29%, 369, 0, 4, 11.92
1747791204, 0, 1060, 1079, 1072, 23, 8.29%, 369, 0, 5, 3.53
1747791271, 0, 1060, 1080, 1073, 23, 8.29%, 369, 0, 5, 3.54
1747791281, 0, 1060, 1081, 1074, 23, 8.29%, 369, 0, 5, 3.50
1747791781, 0, 1060, 1082, 1075, 23, 8.29%, 369, 0, 5, 3.46
1747791786, 0, 1060, 1083, 1076, 23, 8.29%, 369, 0, 5, 3.51
1747792605, 0, 1060, 1084, 1077, 23, 8.29%, 369, 0, 5, 3.08
1747792615, 0, 1060, 1085, 1078, 23, 8.29%, 369, 0, 5, 3.09
1747792765, 0, 1063, 1085, 1077, 22, 8.29%, 369, 0, 5, 14.39
1747792775, 0, 1064, 1085, 1077, 22, 8.29%, 369, 0, 5, 13.82
1747792786, 0, 1065, 1085, 1077, 22, 8.29%, 369, 0, 5, 14.74
1747792791, 0, 1066, 1085, 1077, 22, 8.29%, 369, 0, 5, 13.24
1747792801, 0, 1067, 1085, 1077, 22, 8.29%, 369, 0, 5, 14.00
1747792811, 0, 1068, 1085, 1077, 22, 8.29%, 369, 0, 5, 15.52
1747792822, 0, 1069, 1085, 1077, 22, 8.29%, 369, 0, 5, 14.88
1747792827, 0, 1072, 1085, 1077, 22, 8.29%, 369, 0, 5, 14.88
1747792837, 0, 1074, 1085, 1077, 22, 8.29%, 369, 0, 5, 12.73
1747792847, 0, 1075, 1085, 1077, 22, 8.29%, 369, 0, 5, 12.52
1747792858, 0, 1076, 1085, 1077, 22, 8.29%, 369, 0, 5, 13.68
1747792868, 0, 1077, 1085, 1077, 22, 8.29%, 369, 0, 5, 13.93
1747792878, 0, 1079, 1085, 1077, 22, 8.29%, 369, 0, 5, 14.87
1747792888, 0, 1081, 1085, 1077, 22, 8.29%, 369, 0, 5, 13.83
1747792898, 0, 1082, 1085, 1077, 22, 8.29%, 369, 0, 5, 15.50
1747792904, 0, 1083, 1085, 1077, 22, 8.29%, 369, 0, 5, 13.93
1747792914, 0, 1084, 1085, 1077, 22, 8.29%, 369, 0, 5, 14.85
1747792924, 1, 1, 1085, 1077, 22, 8.29%, 369, 0, 5, 13.63
1747792934, 1, 2, 1085, 1077, 22, 8.29%, 369, 0, 5, 14.76
1747792939, 1, 3, 1085, 1077, 22, 8.29%, 369, 0, 5, 15.54
1747792949, 1, 5, 1085, 1077, 22, 8.29%, 369, 0, 5, 14.14
1747792960, 1, 6, 1085, 1077, 22, 8.29%, 369, 0, 5, 14.18
1747792970, 1, 7, 1085, 1077, 22, 8.29%, 369, 0, 5, 12.61
1747792980, 1, 8, 1085, 1077, 22, 8.29%, 369, 0, 5, 12.81
1747792990, 1, 11, 1085, 1077, 22, 8.29%, 369, 0, 5, 13.55
1747793000, 1, 12, 1085, 1077, 22, 8.29%, 369, 0, 5, 15.07
1747793006, 1, 13, 1085, 1077, 22, 8.29%, 369, 0, 5, 15.22
1747793016, 1, 14, 1085, 1077, 22, 8.29%, 369, 0, 5, 15.20
1747793026, 1, 15, 1085, 1077, 22, 8.29%, 369, 0, 5, 13.14
1747793037, 1, 16, 1085, 1077, 22, 8.29%, 369, 0, 5, 12.41
1747793047, 1, 17, 1085, 1077, 22, 8.29%, 369, 0, 5, 14.36
1747793052, 1, 19, 1085, 1077, 22, 8.29%, 369, 0, 5, 14.51
1747793062, 1, 20, 1085, 1077, 22, 8.29%, 369, 0, 5, 14.16
1747793072, 1, 21, 1085, 1077, 22, 8.29%, 369, 0, 5, 14.55
1747793083, 1, 22, 1085, 1077, 22, 8.29%, 369, 0, 5, 12.96
1747793093, 1, 23, 1085, 1077, 22, 8.29%, 369, 0, 5, 13.43
1747793098, 1, 24, 1085, 1077, 22, 8.29%, 369, 0, 5, 13.59
1747793108, 1, 25, 1085, 1077, 22, 8.29%, 369, 0, 5, 13.68
1747793119, 1, 27, 1085, 1077, 22, 8.29%, 369, 0, 5, 14.26
1747793129, 1, 28, 1085, 1077, 22, 8.29%, 369, 0, 5, 13.69
1747793139, 1, 30, 1085, 1077, 22, 8.29%, 369, 0, 5, 13.21
1747793150, 1, 31, 1085, 1077, 22, 8.29%, 369, 0, 5, 14.02
1747793155, 1, 32, 1085, 1077, 22, 8.29%, 369, 0, 5, 14.36
1747793165, 1, 33, 1085, 1077, 22, 8.29%, 369, 0, 5, 13.83
1747793175, 1, 34, 1085, 1077, 22, 8.29%, 369, 0, 5, 12.93
1747793186, 1, 38, 1085, 1077, 22, 8.29%, 369, 0, 5, 14.57
1747793196, 1, 42, 1085, 1077, 22, 8.29%, 369, 0, 5, 14.60
1747793201, 1, 45, 1085, 1077, 22, 8.29%, 369, 0, 5, 9.50
1747793236, 1, 45, 1086, 1078, 22, 8.29%, 369, 0, 5, 23.77
1747793308, 1, 45, 1087, 1079, 22, 8.29%, 369, 0, 5, 24.20
1747793333, 1, 45, 1088, 1080, 22, 8.29%, 369, 0, 5, 24.17
1747793338, 1, 45, 1089, 1081, 22, 8.29%, 369, 0, 5, 24.12
1747793415, 1, 45, 1090, 1082, 22, 8.29%, 369, 0, 5, 23.14
1747793466, 1, 45, 1091, 1083, 22, 8.29%, 369, 0, 5, 23.47
1747793527, 1, 45, 1093, 1085, 22, 8.29%, 369, 0, 5, 23.59
1747793558, 1, 45, 1094, 1086, 22, 8.29%, 369, 0, 5, 24.28
1747793568, 1, 45, 1095, 1087, 22, 8.29%, 369, 0, 5, 23.57
1747793670, 1, 45, 1096, 1088, 22, 8.29%, 369, 0, 5, 23.68
1747793675, 1, 45, 1097, 1089, 22, 8.29%, 369, 0, 5, 23.47
1747793721, 1, 46, 1097, 1088, 22, 8.29%, 369, 0, 5, 7.36
1747793732, 1, 48, 1097, 1088, 22, 8.29%, 369, 0, 5, 14.61
1747793742, 1, 50, 1097, 1088, 22, 8.29%, 369, 0, 5, 15.18
1747793752, 1, 51, 1097, 1088, 22, 8.29%, 369, 0, 5, 12.71
1747793757, 1, 52, 1097, 1088, 22, 8.29%, 369, 0, 5, 14.05
1747793768, 1, 54, 1097, 1088, 22, 8.29%, 369, 0, 5, 15.56
1747793778, 1, 56, 1097, 1088, 22, 8.29%, 369, 0, 5, 14.42
1747793788, 1, 57, 1097, 1088, 22, 8.29%, 369, 0, 5, 13.62
1747793799, 1, 59, 1097, 1088, 22, 8.29%, 369, 0, 5, 13.51
1747793804, 1, 60, 1097, 1088, 22, 8.29%, 369, 0, 5, 15.31
1747793814, 1, 63, 1097, 1088, 22, 8.29%, 369, 0, 5, 15.14
1747793824, 1, 65, 1097, 1088, 22, 8.29%, 369, 0, 5, 15.13
1747793830, 1, 66, 1097, 1088, 22, 8.29%, 369, 0, 5, 15.56
1747793840, 1, 67, 1097, 1088, 22, 8.29%, 369, 0, 5, 14.07
1747793850, 1, 68, 1097, 1088, 22, 8.29%, 369, 0, 5, 14.31
1747793860, 1, 69, 1097, 1088, 22, 8.29%, 369, 0, 5, 12.95
1747793870, 1, 70, 1097, 1088, 22, 8.29%, 369, 0, 5, 12.54
1747793881, 1, 72, 1097, 1088, 22, 8.29%, 369, 0, 5, 18.22
1747793886, 1, 73, 1097, 1088, 22, 8.29%, 369, 0, 5, 21.44
1747793891, 1, 74, 1097, 1088, 22, 8.29%, 369, 0, 5, 23.35
1747793896, 1, 76, 1097, 1088, 22, 8.29%, 369, 0, 5, 21.49
1747793901, 1, 77, 1097, 1088, 22, 8.29%, 369, 0, 5, 24.87
1747793907, 1, 78, 1097, 1088, 22, 8.29%, 369, 0, 5, 21.75
1747793912, 1, 79, 1097, 1088, 22, 8.29%, 369, 0, 5, 23.32
1747793917, 1, 80, 1097, 1088, 22, 8.29%, 369, 0, 5, 23.14
1747793922, 1, 81, 1097, 1088, 22, 8.29%, 369, 0, 5, 24.72
1747793927, 1, 82, 1097, 1088, 22, 8.29%, 369, 0, 5, 22.57
1747793932, 1, 83, 1097, 1088, 22, 8.29%, 369, 0, 5, 25.81
1747793943, 1, 84, 1097, 1088, 22, 8.29%, 369, 0, 5, 22.41
1747793948, 1, 85, 1097, 1088, 22, 8.29%, 369, 0, 5, 23.14
1747793953, 1, 86, 1097, 1088, 22, 8.29%, 369, 0, 5, 22.96
1747793958, 1, 87, 1097, 1088, 22, 8.29%, 369, 0, 5, 23.53
1747793963, 1, 89, 1097, 1088, 22, 8.29%, 369, 0, 5, 22.82
1747793968, 1, 90, 1097, 1088, 22, 8.29%, 369, 0, 5, 22.87
1747793973, 1, 92, 1097, 1088, 22, 8.29%, 369, 0, 5, 23.13
1747793978, 1, 92, 1098, 1089, 22, 8.29%, 369, 0, 5, 23.49
1747793989, 1, 95, 1098, 1089, 22, 8.29%, 369, 0, 5, 14.67
1747793999, 1, 96, 1098, 1089, 22, 8.29%, 369, 0, 5, 14.36
1747794004, 1, 97, 1098, 1089, 22, 8.29%, 369, 0, 5, 15.37
1747794014, 1, 98, 1098, 1089, 22, 8.29%, 369, 0, 5, 12.68
1747794025, 1, 99, 1098, 1089, 22, 8.29%, 369, 0, 5, 12.77
1747794035, 1, 100, 1098, 1089, 22, 8.29%, 369, 0, 5, 13.62
1747794045, 1, 101, 1098, 1089, 22, 8.29%, 369, 0, 5, 15.08
1747794051, 1, 103, 1098, 1089, 22, 8.29%, 369, 0, 5, 15.93
1747794061, 1, 104, 1098, 1089, 22, 8.29%, 369, 0, 5, 20.72
1747794066, 1, 106, 1098, 1089, 22, 8.29%, 369, 0, 5, 22.37
1747794071, 1, 107, 1098, 1089, 22, 8.29%, 369, 0, 5, 22.87
1747794076, 1, 109, 1098, 1089, 22, 8.29%, 369, 0, 5, 22.60
1747794086, 1, 110, 1098, 1089, 22, 8.29%, 369, 0, 5, 22.76
1747794091, 1, 111, 1098, 1089, 22, 8.29%, 369, 0, 5, 19.78
1747794097, 1, 112, 1098, 1089, 22, 8.29%, 369, 0, 5, 20.39
1747794102, 1, 113, 1098, 1089, 22, 8.29%, 369, 0, 5, 21.61
1747794107, 1, 113, 1098, 1089, 22, 8.29%, 370, 0, 5, 6.70
1747794112, 1, 114, 1098, 1089, 22, 8.29%, 370, 0, 5, 10.95
1747794122, 1, 115, 1098, 1089, 22, 8.29%, 370, 0, 5, 15.44
1747794127, 1, 118, 1098, 1089, 22, 8.29%, 370, 0, 5, 14.59
1747794138, 1, 119, 1098, 1089, 22, 8.29%, 370, 0, 5, 14.63
1747794148, 1, 120, 1098, 1089, 22, 8.29%, 370, 0, 5, 15.98
1747794214, 1, 120, 1099, 1090, 22, 8.29%, 370, 0, 5, 19.01
1747794220, 1, 120, 1100, 1091, 22, 8.29%, 370, 0, 5, 19.36
1747794266, 1, 121, 1100, 1090, 21, 8.29%, 370, 0, 5, 20.19
1747794281, 1, 122, 1100, 1090, 21, 8.29%, 370, 0, 5, 14.11
1747794286, 1, 123, 1100, 1090, 21, 8.29%, 370, 0, 5, 14.15
1747794296, 1, 125, 1100, 1090, 21, 8.29%, 370, 0, 5, 14.01
1747794307, 1, 126, 1100, 1090, 21, 8.29%, 370, 0, 5, 15.94
1747794317, 1, 127, 1100, 1090, 21, 8.29%, 370, 0, 5, 14.90
1747794322, 1, 129, 1100, 1090, 21, 8.29%, 370, 0, 5, 14.84
1747794332, 1, 130, 1100, 1090, 21, 8.29%, 370, 0, 5, 14.02
1747794342, 1, 131, 1100, 1090, 21, 8.29%, 370, 0, 5, 13.20
1747794352, 1, 132, 1100, 1090, 21, 8.29%, 370, 0, 5, 12.87
1747794363, 1, 133, 1100, 1090, 21, 8.29%, 370, 0, 5, 12.58
1747794373, 1, 134, 1100, 1090, 21, 8.29%, 370, 0, 5, 12.32
1747794388, 1, 137, 1100, 1090, 21, 8.29%, 370, 0, 5, 14.43
1747794399, 1, 138, 1100, 1090, 21, 8.29%, 370, 0, 5, 13.88
1747794404, 1, 140, 1100, 1090, 21, 8.29%, 370, 0, 5, 13.62
1747794414, 1, 141, 1100, 1090, 21, 8.29%, 370, 0, 5, 13.78
1747794429, 1, 142, 1100, 1090, 21, 8.29%, 370, 0, 5, 14.64
1747794434, 1, 143, 1100, 1090, 21, 8.29%, 370, 0, 5, 14.02
1747794444, 1, 144, 1100, 1090, 21, 8.29%, 370, 0, 5, 12.48
1747794455, 1, 145, 1100, 1090, 21, 8.29%, 370, 0, 5, 13.48
1747794465, 1, 146, 1100, 1090, 21, 8.29%, 370, 0, 5, 16.94
1747794475, 1, 147, 1100, 1090, 21, 8.29%, 370, 0, 5, 14.60
1747794485, 1, 148, 1100, 1090, 21, 8.29%, 370, 0, 5, 13.43
1747794495, 1, 149, 1100, 1090, 21, 8.29%, 370, 0, 5, 14.34
1747794506, 1, 150, 1100, 1090, 21, 8.29%, 370, 0, 5, 14.00
1747794516, 1, 151, 1100, 1090, 21, 8.29%, 370, 0, 5, 12.47
1747794526, 1, 152, 1100, 1090, 21, 8.29%, 370, 0, 5, 13.83
1747794531, 1, 153, 1100, 1090, 21, 8.29%, 370, 0, 5, 13.53
1747794542, 1, 153, 1101, 1091, 21, 8.29%, 371, 0, 5, 10.28
1747794557, 1, 155, 1101, 1091, 21, 8.29%, 371, 0, 5, 13.74
1747794562, 1, 158, 1101, 1091, 21, 8.29%, 371, 0, 5, 13.54
1747794572, 1, 161, 1101, 1091, 21, 8.29%, 371, 0, 5, 13.01
1747794583, 1, 163, 1101, 1091, 21, 8.29%, 371, 0, 5, 13.05
1747794593, 1, 164, 1101, 1091, 21, 8.29%, 371, 0, 5, 14.27
1747794603, 1, 165, 1101, 1091, 21, 8.29%, 371, 0, 5, 14.60
1747794613, 1, 166, 1101, 1091, 21, 8.29%, 371, 0, 5, 13.65
1747794624, 1, 167, 1101, 1091, 21, 8.29%, 371, 0, 5, 13.97
1747794634, 1, 168, 1101, 1091, 21, 8.29%, 371, 0, 5, 14.47
1747794639, 1, 170, 1101, 1091, 21, 8.29%, 371, 0, 5, 14.36
1747794649, 1, 172, 1101, 1091, 21, 8.29%, 371, 0, 5, 14.67
1747794660, 1, 173, 1101, 1091, 21, 8.29%, 371, 0, 5, 14.75
1747794670, 1, 174, 1101, 1091, 21, 8.29%, 371, 0, 5, 14.87
1747794680, 1, 175, 1101, 1091, 21, 8.29%, 371, 0, 5, 12.67
1747794691, 1, 176, 1101, 1091, 21, 8.29%, 371, 0, 5, 12.63
1747794701, 1, 178, 1101, 1091, 21, 8.29%, 371, 0, 5, 13.24
1747794711, 1, 179, 1101, 1091, 21, 8.29%, 371, 0, 5, 13.65
1747794721, 1, 180, 1101, 1091, 21, 8.29%, 371, 0, 5, 13.87
1747794726, 1, 181, 1102, 1092, 21, 8.29%, 371, 0, 5, 13.89
1747794747, 1, 183, 1102, 1092, 21, 8.29%, 371, 0, 5, 14.84
1747794757, 1, 184, 1102, 1092, 21, 8.29%, 371, 0, 5, 13.54
1747794768, 1, 186, 1102, 1092, 21, 8.29%, 371, 0, 5, 15.04
1747794778, 1, 188, 1102, 1092, 21, 8.29%, 371, 0, 5, 14.49
1747794783, 1, 191, 1102, 1092, 21, 8.29%, 371, 0, 5, 14.13
1747794794, 1, 192, 1102, 1092, 21, 8.29%, 371, 0, 5, 13.96
1747794804, 1, 193, 1102, 1092, 21, 8.29%, 371, 0, 5, 13.91
1747794814, 1, 194, 1102, 1092, 21, 8.29%, 371, 0, 5, 13.77
1747794824, 1, 196, 1102, 1092, 21, 8.29%, 371, 0, 5, 13.94
1747794835, 1, 197, 1102, 1092, 21, 8.29%, 371, 0, 5, 14.78
1747794840, 1, 198, 1102, 1092, 21, 8.29%, 371, 0, 5, 13.80
1747794850, 1, 200, 1102, 1092, 21, 8.29%, 371, 0, 5, 13.39
1747794860, 1, 201, 1102, 1092, 21, 8.29%, 371, 0, 5, 13.47
1747794871, 1, 202, 1102, 1092, 21, 8.29%, 371, 0, 5, 13.74
1747794881, 1, 203, 1102, 1092, 21, 8.29%, 371, 0, 5, 13.13
1747794891, 1, 204, 1102, 1092, 21, 8.29%, 371, 0, 5, 14.73
1747794901, 1, 205, 1102, 1092, 21, 8.29%, 371, 0, 5, 13.39
1747794906, 1, 206, 1102, 1092, 21, 8.29%, 371, 0, 5, 14.85
1747794917, 1, 208, 1102, 1092, 21, 8.29%, 371, 0, 5, 15.10
1747794927, 1, 209, 1102, 1092, 21, 8.29%, 371, 0, 5, 15.55
1747794932, 1, 210, 1102, 1092, 21, 8.29%, 371, 0, 5, 14.99
1747794942, 1, 211, 1102, 1092, 21, 8.29%, 371, 0, 5, 15.42
1747794948, 1, 211, 1103, 1093, 21, 8.29%, 372, 0, 5, 12.61
1747794963, 1, 213, 1103, 1093, 21, 8.29%, 372, 0, 5, 15.93
1747794973, 1, 215, 1103, 1093, 21, 8.29%, 372, 0, 5, 14.29
1747794983, 1, 216, 1103, 1093, 21, 8.29%, 372, 0, 5, 13.67
1747794994, 1, 218, 1103, 1093, 21, 8.29%, 372, 0, 5, 12.98
1747795004, 1, 220, 1103, 1093, 21, 8.29%, 372, 0, 5, 14.41
1747795009, 1, 221, 1103, 1093, 21, 8.29%, 372, 0, 5, 15.66
1747795019, 1, 223, 1103, 1093, 21, 8.29%, 372, 0, 5, 13.84
1747795029, 1, 224, 1103, 1093, 21, 8.29%, 372, 0, 5, 12.46
1747795039, 1, 225, 1103, 1093, 21, 8.29%, 372, 0, 5, 13.67
1747795050, 1, 226, 1103, 1093, 21, 8.29%, 372, 0, 5, 12.18
1747795060, 1, 227, 1103, 1093, 21, 8.29%, 372, 0, 5, 14.21
1747795070, 1, 228, 1103, 1093, 21, 8.29%, 372, 0, 5, 13.56
1747795076, 1, 230, 1103, 1093, 21, 8.29%, 372, 0, 5, 14.73
1747795086, 1, 231, 1103, 1093, 21, 8.29%, 372, 0, 5, 14.36
1747795096, 1, 232, 1103, 1093, 21, 8.29%, 372, 0, 5, 14.52
1747795107, 1, 234, 1103, 1093, 21, 8.29%, 372, 0, 5, 13.20
1747795112, 1, 236, 1103, 1093, 21, 8.29%, 372, 0, 5, 15.46
1747795122, 1, 237, 1103, 1093, 21, 8.29%, 372, 0, 5, 15.61
1747795132, 1, 238, 1103, 1093, 21, 8.29%, 372, 0, 5, 15.25
1747795142, 1, 239, 1103, 1093, 21, 8.29%, 372, 0, 5, 15.44
1747795148, 1, 240, 1103, 1093, 21, 8.29%, 372, 0, 5, 14.56
1747795158, 1, 242, 1103, 1093, 21, 8.29%, 372, 0, 5, 15.19
1747795168, 1, 243, 1103, 1093, 21, 8.29%, 372, 0, 5, 14.35
1747795178, 1, 244, 1103, 1093, 21, 8.29%, 372, 0, 5, 14.86
1747795184, 1, 246, 1103, 1093, 21, 8.29%, 372, 0, 5, 14.98
1747795194, 1, 247, 1103, 1093, 21, 8.29%, 372, 0, 5, 13.60
1747795204, 1, 251, 1103, 1093, 21, 8.29%, 372, 0, 5, 12.07
1747795215, 1, 252, 1103, 1093, 21, 8.29%, 372, 0, 5, 15.67
1747795225, 1, 253, 1103, 1093, 21, 8.29%, 372, 0, 5, 14.48
1747795230, 1, 254, 1103, 1093, 21, 8.29%, 372, 0, 5, 15.04
1747795240, 1, 255, 1103, 1093, 21, 8.29%, 372, 0, 5, 13.97
1747795251, 1, 256, 1103, 1093, 21, 8.29%, 372, 0, 5, 14.26
1747795261, 1, 257, 1103, 1093, 21, 8.29%, 372, 0, 5, 13.90
1747795271, 1, 258, 1104, 1094, 21, 8.29%, 372, 0, 5, 12.86
1747795292, 1, 259, 1104, 1094, 21, 8.29%, 372, 0, 5, 14.38
1747795297, 1, 260, 1104, 1094, 21, 8.29%, 372, 0, 5, 14.18
1747795308, 1, 261, 1104, 1094, 21, 8.29%, 372, 0, 5, 13.06
1747795318, 1, 262, 1104, 1094, 21, 8.29%, 372, 0, 5, 13.91
1747795328, 1, 263, 1104, 1094, 21, 8.29%, 372, 0, 5, 13.31
1747795339, 1, 264, 1104, 1094, 21, 8.29%, 372, 0, 5, 14.59
1747795344, 1, 265, 1104, 1094, 21, 8.29%, 372, 0, 5, 15.30
1747795354, 1, 266, 1104, 1094, 21, 8.29%, 372, 0, 5, 14.78
1747795364, 1, 267, 1104, 1094, 21, 8.29%, 372, 0, 5, 12.96
1747795374, 1, 268, 1104, 1094, 21, 8.29%, 372, 0, 5, 13.28
1747795384, 1, 269, 1104, 1094, 21, 8.29%, 373, 0, 5, 15.32
1747795395, 1, 270, 1104, 1094, 21, 8.29%, 373, 0, 5, 13.17
1747795400, 1, 271, 1104, 1094, 21, 8.29%, 373, 0, 5, 15.76
1747795410, 1, 272, 1104, 1094, 21, 8.29%, 373, 0, 5, 14.18
1747795420, 1, 273, 1104, 1094, 21, 8.29%, 373, 0, 5, 13.99
1747795431, 1, 274, 1104, 1094, 21, 8.29%, 373, 0, 5, 14.34
1747795436, 1, 275, 1104, 1094, 21, 8.29%, 373, 0, 5, 14.66
1747795446, 1, 277, 1104, 1094, 21, 8.29%, 373, 0, 5, 14.55
1747795456, 1, 279, 1104, 1094, 21, 8.29%, 373, 0, 5, 14.84
1747795467, 1, 280, 1104, 1094, 21, 8.29%, 373, 0, 5, 13.42
1747795472, 1, 281, 1104, 1094, 21, 8.29%, 373, 0, 5, 14.90
1747795482, 1, 282, 1104, 1094, 21, 8.29%, 373, 0, 5, 13.32
1747795492, 1, 283, 1104, 1094, 21, 8.29%, 373, 0, 5, 15.84
1747795502, 1, 284, 1104, 1094, 21, 8.29%, 373, 0, 5, 14.76
1747795508, 1, 285, 1104, 1094, 21, 8.29%, 373, 0, 5, 12.92
1747795518, 1, 286, 1104, 1094, 21, 8.29%, 373, 0, 5, 14.00
1747795523, 1, 286, 1105, 1095, 21, 8.29%, 373, 0, 5, 13.03
1747795538, 1, 287, 1105, 1095, 21, 8.29%, 373, 0, 5, 15.14
1747795548, 1, 288, 1105, 1095, 21, 8.29%, 373, 0, 5, 14.37
1747795559, 1, 289, 1105, 1095, 21, 8.29%, 373, 0, 5, 12.95
1747795569, 1, 290, 1105, 1095, 21, 8.29%, 373, 0, 5, 14.01
1747795574, 1, 291, 1105, 1095, 21, 8.29%, 373, 0, 5, 14.77
1747795584, 1, 292, 1105, 1095, 21, 8.29%, 373, 0, 5, 14.55
1747795594, 1, 293, 1105, 1095, 21, 8.29%, 373, 0, 5, 13.52
1747795605, 1, 294, 1105, 1095, 21, 8.29%, 373, 0, 5, 12.99
1747795615, 1, 295, 1105, 1095, 21, 8.29%, 373, 0, 5, 13.75
1747795625, 1, 296, 1105, 1095, 21, 8.29%, 373, 0, 5, 13.83
1747795635, 1, 298, 1105, 1095, 21, 8.29%, 373, 0, 5, 13.60
1747795646, 1, 299, 1105, 1095, 21, 8.29%, 373, 0, 5, 14.37
1747795651, 1, 302, 1105, 1095, 21, 8.29%, 373, 0, 5, 13.21
1747795661, 1, 304, 1105, 1095, 21, 8.29%, 373, 0, 5, 13.98
1747795672, 1, 305, 1105, 1095, 21, 8.29%, 373, 0, 5, 14.02
1747795682, 1, 306, 1105, 1095, 21, 8.29%, 373, 0, 5, 15.10
1747795687, 1, 307, 1105, 1095, 21, 8.29%, 373, 0, 5, 14.51
1747795698, 1, 308, 1105, 1095, 21, 8.29%, 373, 0, 5, 13.47
1747795708, 1, 309, 1105, 1095, 21, 8.29%, 373, 0, 5, 13.30
1747795718, 1, 310, 1105, 1095, 21, 8.29%, 373, 0, 5, 13.72
1747795728, 1, 312, 1105, 1095, 21, 8.29%, 373, 0, 5, 13.65
1747795738, 1, 314, 1105, 1095, 21, 8.29%, 373, 0, 5, 14.81
1747795749, 1, 315, 1105, 1095, 21, 8.29%, 373, 0, 5, 12.80
1747795754, 1, 316, 1105, 1095, 21, 8.29%, 373, 0, 5, 14.25
1747795764, 1, 317, 1105, 1095, 21, 8.29%, 373, 0, 5, 14.56
1747795774, 1, 318, 1105, 1095, 21, 8.29%, 373, 0, 5, 14.70
1747795784, 1, 319, 1105, 1095, 21, 8.29%, 373, 0, 5, 14.50
1747795790, 1, 321, 1105, 1095, 21, 8.29%, 373, 0, 5, 14.60
1747795800, 1, 322, 1105, 1095, 21, 8.29%, 373, 0, 5, 14.03
1747795810, 1, 323, 1105, 1095, 21, 8.29%, 373, 0, 5, 15.57
1747795820, 1, 324, 1105, 1095, 21, 8.29%, 373, 0, 5, 14.35
1747795826, 1, 325, 1105, 1095, 21, 8.29%, 373, 0, 5, 15.27
1747795836, 1, 326, 1105, 1095, 21, 8.29%, 373, 0, 5, 14.59
1747795846, 1, 328, 1105, 1095, 21, 8.29%, 373, 0, 5, 15.13
1747795856, 1, 330, 1105, 1095, 21, 8.29%, 373, 0, 5, 14.09
1747795867, 1, 331, 1105, 1095, 21, 8.29%, 373, 0, 5, 13.00
1747795877, 1, 332, 1105, 1095, 21, 8.29%, 373, 0, 5, 12.90
1747795887, 1, 333, 1105, 1095, 21, 8.29%, 373, 0, 5, 13.46
1747795892, 1, 334, 1105, 1095, 21, 8.29%, 373, 0, 5, 13.83
1747795903, 1, 335, 1105, 1095, 21, 8.29%, 373, 0, 5, 13.95
1747795908, 1, 335, 1105, 1095, 21, 8.29%, 374, 0, 5, 14.04
1747795913, 1, 336, 1105, 1095, 21, 8.29%, 374, 0, 5, 14.97
1747795923, 1, 337, 1105, 1095, 21, 8.29%, 374, 0, 5, 14.44
1747795933, 1, 338, 1105, 1095, 21, 8.29%, 374, 0, 5, 13.78
1747795944, 1, 339, 1105, 1095, 21, 8.29%, 374, 0, 5, 13.79
1747795954, 1, 340, 1105, 1095, 21, 8.29%, 374, 0, 5, 13.91
1747795964, 1, 342, 1105, 1095, 21, 8.29%, 374, 0, 5, 15.14
1747795969, 1, 343, 1105, 1095, 21, 8.29%, 374, 0, 5, 13.89
1747795979, 1, 344, 1105, 1095, 21, 8.29%, 374, 0, 5, 12.89
1747795990, 1, 345, 1105, 1095, 21, 8.29%, 374, 0, 5, 14.24
1747796000, 1, 346, 1105, 1095, 21, 8.29%, 374, 0, 5, 14.22
1747796010, 1, 347, 1105, 1095, 21, 8.29%, 374, 0, 5, 14.85
1747796020, 1, 348, 1105, 1095, 21, 8.29%, 374, 0, 5, 13.10
1747796026, 1, 349, 1105, 1095, 21, 8.29%, 374, 0, 5, 15.39
1747796031, 1, 349, 1106, 1096, 21, 8.29%, 374, 0, 5, 14.47
1747796046, 1, 350, 1106, 1096, 21, 8.29%, 374, 0, 5, 14.89
1747796056, 1, 351, 1106, 1096, 21, 8.29%, 374, 0, 5, 15.48
1747796067, 1, 352, 1106, 1096, 21, 8.29%, 374, 0, 5, 15.52
1747796072, 1, 353, 1106, 1096, 21, 8.29%, 374, 0, 5, 15.74
1747796082, 1, 354, 1106, 1096, 21, 8.29%, 374, 0, 5, 15.39
1747796092, 1, 355, 1106, 1096, 21, 8.29%, 374, 0, 5, 13.53
1747796102, 1, 357, 1106, 1096, 21, 8.29%, 374, 0, 5, 13.43
1747796107, 1, 359, 1106, 1096, 21, 8.29%, 374, 0, 5, 15.07
1747796118, 1, 360, 1106, 1096, 21, 8.29%, 374, 0, 5, 13.53
1747796128, 1, 361, 1106, 1096, 21, 8.29%, 374, 0, 5, 14.91
1747796138, 1, 362, 1106, 1096, 21, 8.29%, 374, 0, 5, 15.14
1747796148, 1, 363, 1106, 1096, 21, 8.29%, 374, 0, 5, 14.06
1747796158, 1, 364, 1106, 1096, 21, 8.29%, 374, 0, 5, 13.38
1747796168, 1, 365, 1106, 1096, 21, 8.29%, 374, 0, 5, 14.24
1747796174, 1, 367, 1106, 1096, 21, 8.29%, 374, 0, 5, 14.93
1747796184, 1, 369, 1106, 1096, 21, 8.29%, 374, 0, 5, 14.09
1747796194, 1, 370, 1106, 1096, 21, 8.29%, 374, 0, 5, 13.25
1747796205, 1, 372, 1106, 1096, 21, 8.29%, 374, 0, 5, 15.33
1747796215, 1, 373, 1106, 1096, 21, 8.29%, 374, 0, 5, 14.63
1747796225, 1, 374, 1106, 1096, 21, 8.29%, 374, 0, 5, 14.04
1747796230, 1, 376, 1106, 1096, 21, 8.29%, 374, 0, 5, 14.26
1747796240, 1, 377, 1106, 1096, 21, 8.29%, 374, 0, 5, 13.36
1747796251, 1, 378, 1106, 1096, 21, 8.29%, 374, 0, 5, 9.31
1747796261, 1, 380, 1106, 1096, 21, 8.29%, 374, 0, 5, 12.93
1747796271, 1, 381, 1106, 1096, 21, 8.29%, 374, 0, 5, 14.79
1747796281, 1, 382, 1106, 1096, 21, 8.29%, 374, 0, 5, 13.77
1747796287, 1, 383, 1106, 1096, 21, 8.29%, 374, 0, 5, 13.92
1747796297, 1, 384, 1106, 1096, 21, 8.29%, 374, 0, 5, 15.22
1747796307, 1, 385, 1106, 1096, 21, 8.29%, 374, 0, 5, 14.86
1747796318, 1, 386, 1106, 1096, 21, 8.29%, 374, 0, 5, 15.00
1747796323, 1, 387, 1106, 1096, 21, 8.29%, 374, 0, 5, 15.12
1747796333, 1, 388, 1106, 1096, 21, 8.29%, 374, 0, 5, 14.20
1747796343, 1, 389, 1106, 1096, 21, 8.29%, 374, 0, 5, 14.70
1747796353, 1, 391, 1106, 1096, 21, 8.29%, 374, 0, 5, 13.14
1747796364, 1, 393, 1106, 1096, 21, 8.29%, 374, 0, 5, 15.09
1747796374, 1, 394, 1106, 1096, 21, 8.29%, 374, 0, 5, 13.89
1747796379, 1, 395, 1106, 1096, 21, 8.29%, 374, 0, 5, 13.37
1747796389, 1, 396, 1106, 1096, 21, 8.29%, 374, 0, 5, 13.59
1747796400, 1, 400, 1106, 1096, 21, 8.29%, 374, 0, 5, 13.89
1747796410, 1, 401, 1106, 1096, 21, 8.29%, 374, 0, 5, 13.29
1747796420, 1, 402, 1106, 1096, 21, 8.29%, 374, 0, 5, 14.02
1747796430, 1, 403, 1106, 1096, 21, 8.29%, 374, 0, 5, 13.50
1747796441, 1, 405, 1106, 1096, 21, 8.29%, 374, 0, 5, 13.22
1747796446, 1, 406, 1106, 1096, 21, 8.29%, 374, 0, 5, 14.74
1747796456, 1, 408, 1106, 1096, 21, 8.29%, 374, 0, 5, 15.02
1747796466, 1, 410, 1106, 1096, 21, 8.29%, 374, 0, 5, 14.48
1747796476, 1, 411, 1106, 1096, 21, 8.29%, 374, 0, 5, 13.44
1747796487, 1, 412, 1106, 1096, 21, 8.29%, 374, 0, 5, 13.25
1747796492, 1, 413, 1106, 1096, 21, 8.29%, 374, 0, 5, 14.85
1747796502, 1, 414, 1106, 1096, 21, 8.29%, 374, 0, 5, 14.59
1747796512, 1, 416, 1106, 1096, 21, 8.29%, 374, 0, 5, 13.88
1747796523, 1, 417, 1106, 1096, 21, 8.29%, 374, 0, 5, 15.25
1747796533, 1, 418, 1106, 1096, 21, 8.29%, 374, 0, 5, 14.88
1747796538, 1, 419, 1106, 1096, 21, 8.29%, 374, 0, 5, 14.42
1747796548, 1, 420, 1106, 1096, 21, 8.29%, 374, 0, 5, 14.46
1747796559, 1, 421, 1106, 1096, 21, 8.29%, 374, 0, 5, 14.86
1747796569, 1, 422, 1106, 1096, 21, 8.29%, 374, 0, 5, 14.75
1747796574, 1, 423, 1106, 1096, 21, 8.29%, 374, 0, 5, 14.41
1747796584, 1, 424, 1106, 1096, 21, 8.29%, 374, 0, 5, 14.78
1747796595, 1, 425, 1106, 1096, 21, 8.29%, 374, 0, 5, 14.70
1747796605, 1, 426, 1106, 1096, 21, 8.29%, 374, 0, 5, 14.06
1747796615, 1, 427, 1106, 1096, 21, 8.29%, 374, 0, 5, 13.54
1747796620, 1, 429, 1106, 1096, 21, 8.29%, 374, 0, 5, 14.14
1747796631, 1, 430, 1106, 1096, 21, 8.29%, 374, 0, 5, 14.65
1747796641, 1, 431, 1106, 1096, 21, 8.29%, 374, 0, 5, 14.04
1747796646, 1, 431, 1107, 1097, 21, 8.29%, 374, 0, 5, 11.50
1747796661, 1, 432, 1107, 1097, 21, 8.29%, 374, 0, 5, 14.08
1747796672, 1, 433, 1107, 1097, 21, 8.29%, 374, 0, 5, 13.96
1747796682, 1, 434, 1107, 1097, 21, 8.29%, 374, 0, 5, 14.25
1747796692, 1, 435, 1107, 1097, 21, 8.29%, 374, 0, 5, 14.28
1747796697, 1, 436, 1107, 1097, 21, 8.29%, 374, 0, 5, 13.31
1747796707, 1, 437, 1107, 1097, 21, 8.29%, 374, 0, 5, 14.58
1747796717, 1, 439, 1107, 1097, 21, 8.29%, 374, 0, 5, 14.55
1747796728, 1, 440, 1107, 1097, 21, 8.29%, 374, 0, 5, 13.22
1747796738, 1, 441, 1107, 1097, 21, 8.29%, 374, 0, 5, 15.20
1747796743, 1, 443, 1107, 1097, 21, 8.29%, 374, 0, 5, 14.57
1747796753, 1, 444, 1107, 1097, 21, 8.29%, 375, 0, 5, 18.35
1747796763, 1, 446, 1107, 1097, 21, 8.29%, 376, 0, 5, 14.40
1747796774, 1, 447, 1107, 1097, 21, 8.29%, 376, 0, 5, 13.53
1747796784, 1, 448, 1107, 1097, 21, 8.29%, 376, 0, 5, 13.67
1747796794, 1, 449, 1107, 1097, 21, 8.29%, 376, 0, 5, 13.70
1747796805, 1, 451, 1107, 1097, 21, 8.29%, 376, 0, 5, 13.49
1747796815, 1, 454, 1107, 1097, 21, 8.29%, 376, 0, 5, 15.00
1747796820, 1, 455, 1107, 1097, 21, 8.29%, 376, 0, 5, 15.17
1747796831, 1, 456, 1107, 1097, 21, 8.29%, 376, 0, 5, 15.14
1747796836, 1, 457, 1107, 1097, 21, 8.29%, 376, 0, 5, 15.76
1747796846, 1, 458, 1107, 1097, 21, 8.29%, 376, 0, 5, 14.69
1747796856, 1, 460, 1107, 1097, 21, 8.29%, 376, 0, 5, 12.76
1747796867, 1, 461, 1107, 1097, 21, 8.29%, 376, 0, 5, 12.62
1747796877, 1, 462, 1107, 1097, 21, 8.29%, 376, 0, 5, 13.85
1747796887, 1, 463, 1107, 1097, 21, 8.29%, 376, 0, 5, 14.32
1747796898, 1, 464, 1107, 1097, 21, 8.29%, 376, 0, 5, 14.52
1747796908, 1, 466, 1107, 1097, 21, 8.29%, 376, 0, 5, 14.09
1747796913, 1, 468, 1107, 1097, 21, 8.29%, 376, 0, 5, 14.67
1747796923, 1, 469, 1107, 1097, 21, 8.29%, 376, 0, 5, 14.13
1747796933, 1, 470, 1107, 1097, 21, 8.29%, 376, 0, 5, 14.08
1747796944, 1, 472, 1107, 1097, 21, 8.29%, 376, 0, 5, 14.24
1747796954, 1, 473, 1107, 1097, 21, 8.29%, 376, 0, 5, 14.40
1747796964, 1, 476, 1107, 1097, 21, 8.29%, 376, 0, 5, 14.14
1747796974, 1, 477, 1107, 1097, 21, 8.29%, 376, 0, 5, 14.37
1747796980, 1, 478, 1107, 1097, 21, 8.29%, 376, 0, 5, 15.00
1747796990, 1, 479, 1107, 1097, 21, 8.29%, 376, 0, 5, 14.06
1747797000, 1, 480, 1107, 1097, 21, 8.29%, 376, 0, 5, 14.25
1747797010, 1, 481, 1107, 1097, 21, 8.29%, 376, 0, 5, 13.86
1747797016, 1, 482, 1107, 1097, 21, 8.29%, 376, 0, 5, 14.54
1747797026, 1, 483, 1107, 1097, 21, 8.29%, 376, 0, 5, 15.07
1747797036, 1, 484, 1107, 1097, 21, 8.29%, 376, 0, 5, 14.07
1747797046, 1, 485, 1107, 1097, 21, 8.29%, 376, 0, 5, 14.27
1747797057, 1, 486, 1107, 1097, 21, 8.29%, 376, 0, 5, 13.94
1747797067, 1, 487, 1107, 1097, 21, 8.29%, 376, 0, 5, 14.22
1747797072, 1, 488, 1107, 1097, 21, 8.29%, 376, 0, 5, 13.37
1747797082, 1, 490, 1107, 1097, 21, 8.29%, 376, 0, 5, 15.63
1747797092, 1, 491, 1107, 1097, 21, 8.29%, 376, 0, 5, 14.29
1747797102, 1, 492, 1107, 1097, 21, 8.29%, 376, 0, 5, 15.31
1747797112, 1, 493, 1107, 1097, 21, 8.29%, 376, 0, 5, 12.64
1747797123, 1, 494, 1107, 1097, 21, 8.29%, 376, 0, 5, 14.34
1747797128, 1, 495, 1107, 1097, 21, 8.29%, 376, 0, 5, 14.71
1747797138, 1, 496, 1107, 1097, 21, 8.29%, 376, 0, 5, 15.50
1747797148, 1, 497, 1107, 1097, 21, 8.29%, 376, 0, 5, 13.36
1747797159, 1, 498, 1107, 1097, 21, 8.29%, 376, 0, 5, 12.85
1747797169, 1, 499, 1107, 1097, 21, 8.29%, 376, 0, 5, 13.65
1747797179, 1, 500, 1107, 1097, 21, 8.29%, 376, 0, 5, 13.64
1747797190, 1, 501, 1107, 1097, 21, 8.29%, 376, 0, 5, 15.07
1747797195, 1, 502, 1107, 1097, 21, 8.29%, 376, 0, 5, 14.23
1747797200, 1, 502, 1108, 1098, 21, 8.29%, 376, 0, 5, 12.96
1747797216, 1, 503, 1108, 1098, 21, 8.29%, 376, 0, 5, 13.48
1747797226, 1, 505, 1108, 1098, 21, 8.29%, 376, 0, 5, 14.26
1747797236, 1, 506, 1108, 1098, 21, 8.29%, 376, 0, 5, 13.88
1747797246, 1, 508, 1108, 1098, 21, 8.29%, 376, 0, 5, 15.03
1747797252, 1, 509, 1108, 1098, 21, 8.29%, 376, 0, 5, 15.18
1747797262, 1, 510, 1108, 1098, 21, 8.29%, 376, 0, 5, 14.56
1747797272, 1, 511, 1108, 1098, 21, 8.29%, 376, 0, 5, 13.85
1747797282, 1, 512, 1108, 1098, 21, 8.29%, 376, 0, 5, 16.03
1747797287, 1, 514, 1108, 1098, 21, 8.29%, 376, 0, 5, 14.47
1747797298, 1, 516, 1108, 1098, 21, 8.29%, 376, 0, 5, 13.92
1747797308, 1, 517, 1108, 1098, 21, 8.29%, 376, 0, 5, 15.09
1747797318, 1, 518, 1108, 1098, 21, 8.29%, 376, 0, 5, 14.48
1747797323, 1, 519, 1108, 1098, 21, 8.29%, 376, 0, 5, 14.33
1747797333, 1, 521, 1108, 1098, 21, 8.29%, 376, 0, 5, 15.26
1747797343, 1, 522, 1108, 1098, 21, 8.29%, 376, 0, 5, 14.18
1747797354, 1, 523, 1108, 1098, 21, 8.29%, 376, 0, 5, 13.99
1747797364, 1, 524, 1108, 1098, 21, 8.29%, 376, 0, 5, 14.24
1747797369, 1, 525, 1108, 1098, 21, 8.29%, 376, 0, 5, 15.42
1747797380, 1, 526, 1108, 1098, 21, 8.29%, 376, 0, 5, 13.16
1747797390, 1, 527, 1108, 1098, 21, 8.29%, 376, 0, 5, 15.27
1747797400, 1, 528, 1108, 1098, 21, 8.29%, 376, 0, 5, 13.64
1747797405, 1, 529, 1108, 1098, 21, 8.29%, 376, 0, 5, 14.71
1747797415, 1, 530, 1108, 1098, 21, 8.29%, 376, 0, 5, 13.59
1747797421, 1, 530, 1109, 1099, 21, 8.29%, 376, 0, 5, 13.14
1747797436, 1, 530, 1110, 1100, 21, 8.29%, 376, 0, 5, 7.60
1747797457, 1, 530, 1112, 1102, 21, 8.29%, 376, 0, 5, 8.44
1747797559, 1, 530, 1113, 1103, 21, 8.29%, 376, 0, 5, 9.45
1747797605, 1, 530, 1114, 1104, 21, 8.29%, 376, 0, 5, 6.96
1747797615, 1, 530, 1115, 1105, 21, 8.29%, 376, 0, 5, 6.80
1747797770, 1, 530, 1116, 1106, 21, 8.29%, 376, 0, 5, 7.19
1747797878, 1, 530, 1118, 1108, 21, 8.29%, 376, 0, 5, 7.24
1747797883, 1, 530, 1119, 1109, 21, 8.29%, 376, 0, 5, 7.21
1747797924, 1, 531, 1119, 1108, 20, 8.29%, 376, 0, 5, 15.22
1747797929, 1, 532, 1119, 1108, 20, 8.29%, 376, 0, 5, 14.93
1747797939, 1, 533, 1119, 1108, 20, 8.29%, 376, 0, 5, 13.15
1747797950, 1, 534, 1119, 1108, 20, 8.29%, 376, 0, 5, 14.51
1747797960, 1, 535, 1119, 1108, 20, 8.29%, 376, 0, 5, 14.23
1747797970, 1, 536, 1119, 1108, 20, 8.29%, 376, 0, 5, 14.00
1747797975, 1, 537, 1119, 1108, 20, 8.29%, 376, 0, 5, 14.02
1747797986, 1, 538, 1119, 1108, 20, 8.29%, 376, 0, 5, 14.36
1747797996, 1, 540, 1119, 1108, 20, 8.29%, 376, 0, 5, 14.26
1747798006, 1, 541, 1119, 1108, 20, 8.29%, 376, 0, 5, 14.26
1747798011, 1, 542, 1119, 1108, 20, 8.29%, 376, 0, 5, 13.92
1747798021, 1, 543, 1119, 1108, 20, 8.29%, 376, 0, 5, 15.07
1747798032, 1, 544, 1119, 1108, 20, 8.29%, 376, 0, 5, 14.61
1747798042, 1, 545, 1119, 1108, 20, 8.29%, 376, 0, 5, 15.62
1747798047, 1, 546, 1119, 1108, 20, 8.29%, 376, 0, 5, 16.03
1747798057, 1, 547, 1119, 1108, 20, 8.29%, 376, 0, 5, 13.78
1747798067, 1, 548, 1119, 1108, 20, 8.29%, 376, 0, 5, 13.65
1747798078, 1, 549, 1119, 1108, 20, 8.29%, 376, 0, 5, 14.38
1747798088, 1, 550, 1119, 1108, 20, 8.29%, 376, 0, 5, 14.26
1747798099, 1, 551, 1119, 1108, 20, 8.29%, 376, 0, 5, 12.47
1747798109, 1, 552, 1119, 1108, 20, 8.29%, 376, 0, 5, 14.05
1747798119, 1, 553, 1119, 1108, 20, 8.29%, 376, 0, 5, 13.41
1747798129, 1, 554, 1119, 1108, 20, 8.29%, 377, 0, 5, 14.12
1747798140, 1, 555, 1119, 1108, 20, 8.29%, 377, 0, 5, 14.80
1747798145, 1, 556, 1119, 1108, 20, 8.29%, 378, 0, 5, 14.44
1747798155, 1, 558, 1119, 1108, 20, 8.29%, 378, 0, 5, 14.98
1747798165, 1, 559, 1119, 1108, 20, 8.29%, 378, 0, 5, 13.91
1747798175, 1, 560, 1119, 1108, 20, 8.29%, 378, 0, 5, 14.60
1747798186, 1, 561, 1119, 1108, 20, 8.29%, 378, 0, 5, 13.84
1747798191, 1, 562, 1119, 1108, 20, 8.29%, 378, 0, 5, 15.55
1747798201, 1, 563, 1119, 1108, 20, 8.29%, 378, 0, 5, 15.88
1747798211, 1, 565, 1119, 1108, 20, 8.29%, 378, 0, 5, 13.36
1747798221, 1, 566, 1119, 1108, 20, 8.29%, 378, 0, 5, 14.31
1747798227, 1, 567, 1119, 1108, 20, 8.29%, 378, 0, 5, 12.89
1747798237, 1, 569, 1119, 1108, 20, 8.29%, 378, 0, 5, 14.20
1747798247, 1, 571, 1119, 1108, 20, 8.29%, 378, 0, 5, 14.97
1747798258, 1, 572, 1119, 1108, 20, 8.29%, 378, 0, 5, 13.82
1747798263, 1, 573, 1119, 1108, 20, 8.29%, 378, 0, 5, 13.53
1747798273, 1, 574, 1119, 1108, 20, 8.29%, 378, 0, 5, 14.49
1747798283, 1, 575, 1119, 1108, 20, 8.29%, 378, 0, 5, 12.88
1747798293, 1, 576, 1119, 1108, 20, 8.29%, 378, 0, 5, 13.11
1747798304, 1, 579, 1119, 1108, 20, 8.29%, 378, 0, 5, 14.86
1747798314, 1, 580, 1119, 1108, 20, 8.29%, 378, 0, 5, 14.22
1747798324, 1, 581, 1119, 1108, 20, 8.29%, 378, 0, 5, 13.72
1747798334, 1, 582, 1119, 1108, 20, 8.29%, 378, 0, 5, 13.72
1747798345, 1, 584, 1119, 1108, 20, 8.29%, 378, 0, 5, 14.10
1747798355, 1, 587, 1119, 1108, 20, 8.29%, 378, 0, 5, 14.81
1747798360, 1, 588, 1119, 1108, 20, 8.29%, 378, 0, 5, 14.03
1747798370, 1, 589, 1119, 1108, 20, 8.29%, 378, 0, 5, 14.14
1747798380, 1, 590, 1119, 1108, 20, 8.29%, 378, 0, 5, 14.06
1747798390, 1, 591, 1119, 1108, 20, 8.29%, 378, 0, 5, 12.61
1747798400, 1, 592, 1119, 1108, 20, 8.29%, 378, 0, 5, 14.00
1747798411, 1, 593, 1119, 1108, 20, 8.29%, 378, 0, 5, 13.39
1747798421, 1, 594, 1119, 1108, 20, 8.29%, 378, 0, 5, 15.00
1747798426, 1, 595, 1119, 1108, 20, 8.29%, 378, 0, 5, 14.39
1747798437, 1, 596, 1119, 1108, 20, 8.29%, 378, 0, 5, 13.92
1747798447, 1, 598, 1119, 1108, 20, 8.29%, 378, 0, 5, 13.15
1747798457, 1, 599, 1119, 1108, 20, 8.29%, 378, 0, 5, 14.07
1747798467, 1, 600, 1119, 1108, 20, 8.29%, 378, 0, 5, 14.81
1747798477, 1, 603, 1119, 1108, 20, 8.29%, 378, 0, 5, 13.69
1747798488, 1, 604, 1119, 1108, 20, 8.29%, 378, 0, 5, 15.14
1747798493, 1, 605, 1119, 1108, 20, 8.29%, 378, 0, 5, 13.90
1747798503, 1, 606, 1119, 1108, 20, 8.29%, 378, 0, 5, 14.81
1747798513, 1, 607, 1119, 1108, 20, 8.29%, 378, 0, 5, 13.61
1747798524, 1, 609, 1119, 1108, 20, 8.29%, 378, 0, 5, 14.65
1747798534, 1, 610, 1119, 1108, 20, 8.29%, 378, 0, 5, 13.18
1747798544, 1, 611, 1119, 1108, 20, 8.29%, 378, 0, 5, 15.36
1747798554, 1, 615, 1119, 1108, 20, 8.29%, 378, 0, 5, 14.55
1747798559, 1, 616, 1119, 1108, 20, 8.29%, 378, 0, 5, 13.96
1747798570, 1, 617, 1119, 1108, 20, 8.29%, 378, 0, 5, 15.60
1747798580, 1, 618, 1119, 1108, 20, 8.29%, 378, 0, 5, 14.18
1747798590, 1, 619, 1119, 1108, 20, 8.29%, 378, 0, 5, 15.16
1747798595, 1, 620, 1119, 1108, 20, 8.29%, 378, 0, 5, 14.88
1747798606, 1, 621, 1119, 1108, 20, 8.29%, 378, 0, 5, 13.02
1747798616, 1, 624, 1119, 1108, 20, 8.29%, 378, 0, 5, 13.85
1747798626, 1, 626, 1119, 1108, 20, 8.29%, 378, 0, 5, 14.91
1747798637, 1, 627, 1119, 1108, 20, 8.29%, 378, 0, 5, 13.16
1747798647, 1, 628, 1119, 1108, 20, 8.29%, 378, 0, 5, 14.07
1747798657, 1, 630, 1119, 1108, 20, 8.29%, 378, 0, 5, 13.82
1747798667, 1, 631, 1119, 1108, 20, 8.29%, 378, 0, 5, 15.31
1747798678, 1, 632, 1119, 1108, 20, 8.29%, 378, 0, 5, 13.88
1747798683, 1, 633, 1119, 1108, 20, 8.29%, 378, 0, 5, 14.93
1747798693, 1, 634, 1119, 1108, 20, 8.29%, 378, 0, 5, 14.64
1747798704, 1, 635, 1119, 1108, 20, 8.29%, 378, 0, 5, 15.47
1747798709, 1, 636, 1119, 1108, 20, 8.29%, 378, 0, 5, 15.52
1747798719, 1, 637, 1119, 1108, 20, 8.29%, 378, 0, 5, 14.18
1747798724, 1, 637, 1119, 1108, 20, 8.29%, 379, 0, 5, 12.43
1747798729, 1, 638, 1119, 1108, 20, 8.29%, 379, 0, 5, 13.95
1747798739, 1, 639, 1119, 1108, 20, 8.29%, 379, 0, 5, 14.32
1747798749, 1, 640, 1119, 1108, 20, 8.29%, 379, 0, 5, 14.90
1747798759, 1, 641, 1119, 1108, 20, 8.29%, 379, 0, 5, 15.34
1747798769, 1, 642, 1119, 1108, 20, 8.29%, 379, 0, 5, 14.66
1747798775, 1, 643, 1119, 1108, 20, 8.29%, 379, 0, 5, 14.91
1747798785, 1, 644, 1119, 1108, 20, 8.29%, 379, 0, 5, 13.61
1747798795, 1, 646, 1119, 1108, 20, 8.29%, 379, 0, 5, 13.82
1747798806, 1, 650, 1119, 1108, 20, 8.29%, 379, 0, 5, 15.07
1747798816, 1, 651, 1119, 1108, 20, 8.29%, 379, 0, 5, 13.99
1747798826, 1, 652, 1119, 1108, 20, 8.29%, 379, 0, 5, 12.24
1747798837, 1, 653, 1119, 1108, 20, 8.29%, 379, 0, 5, 14.07
1747798847, 1, 654, 1119, 1108, 20, 8.29%, 379, 0, 5, 17.27
1747798852, 1, 655, 1119, 1108, 20, 8.29%, 379, 0, 5, 14.65
1747798862, 1, 656, 1119, 1108, 20, 8.29%, 379, 0, 5, 15.16
1747798873, 1, 657, 1119, 1108, 20, 8.29%, 379, 0, 5, 14.28
1747798883, 1, 658, 1119, 1108, 20, 8.29%, 379, 0, 5, 13.50
1747798888, 1, 659, 1119, 1108, 20, 8.29%, 379, 0, 5, 16.08
1747798898, 1, 660, 1119, 1108, 20, 8.29%, 379, 0, 5, 13.04
1747798909, 1, 661, 1119, 1108, 20, 8.29%, 379, 0, 5, 14.19
1747798919, 1, 662, 1119, 1108, 20, 8.29%, 379, 0, 5, 13.98
1747798929, 1, 663, 1119, 1108, 20, 8.29%, 379, 0, 5, 13.34
1747798939, 1, 664, 1119, 1108, 20, 8.29%, 379, 0, 5, 14.92
1747798944, 1, 668, 1119, 1108, 20, 8.29%, 379, 0, 5, 14.95
1747798949, 1, 668, 1120, 1109, 20, 8.29%, 379, 0, 5, 11.40
1747798965, 1, 669, 1120, 1109, 20, 8.29%, 379, 0, 5, 15.48
1747798975, 1, 670, 1120, 1109, 20, 8.29%, 379, 0, 5, 13.55
1747798985, 1, 671, 1120, 1109, 20, 8.29%, 379, 0, 5, 13.37
1747798996, 1, 672, 1120, 1109, 20, 8.29%, 379, 0, 5, 14.37
1747799006, 1, 673, 1120, 1109, 20, 8.29%, 379, 0, 5, 14.63
1747799011, 1, 674, 1120, 1109, 20, 8.29%, 379, 0, 5, 14.32
1747799021, 1, 675, 1120, 1109, 20, 8.29%, 379, 0, 5, 14.31
1747799032, 1, 676, 1120, 1109, 20, 8.29%, 379, 0, 5, 14.12
1747799042, 1, 677, 1120, 1109, 20, 8.29%, 379, 0, 5, 13.70
1747799052, 1, 678, 1120, 1109, 20, 8.29%, 379, 0, 5, 15.55
1747799057, 1, 681, 1120, 1109, 20, 8.29%, 379, 0, 5, 14.06
1747799067, 1, 682, 1120, 1109, 20, 8.29%, 379, 0, 5, 16.27
1747799077, 1, 683, 1120, 1109, 20, 8.29%, 379, 0, 5, 13.99
1747799083, 1, 683, 1120, 1109, 20, 8.29%, 380, 0, 5, 13.36
1747799088, 1, 684, 1120, 1109, 20, 8.29%, 380, 0, 5, 14.45
1747799098, 1, 685, 1120, 1109, 20, 8.29%, 380, 0, 5, 13.23
1747799108, 1, 686, 1120, 1109, 20, 8.29%, 380, 0, 5, 14.45
1747799119, 1, 687, 1120, 1109, 20, 8.29%, 380, 0, 5, 15.87
1747799124, 1, 688, 1120, 1109, 20, 8.29%, 380, 0, 5, 14.82
1747799134, 1, 689, 1120, 1109, 20, 8.29%, 380, 0, 5, 14.53
1747799144, 1, 690, 1120, 1109, 20, 8.29%, 380, 0, 5, 13.47
1747799154, 1, 691, 1120, 1109, 20, 8.29%, 380, 0, 5, 12.08
1747799165, 1, 692, 1120, 1109, 20, 8.29%, 380, 0, 5, 13.70
1747799175, 1, 694, 1120, 1109, 20, 8.29%, 380, 0, 5, 13.89
1747799185, 1, 696, 1120, 1109, 20, 8.29%, 380, 0, 5, 13.94
1747799190, 1, 697, 1120, 1109, 20, 8.29%, 380, 0, 5, 13.64
1747799201, 1, 698, 1120, 1109, 20, 8.29%, 380, 0, 5, 14.00
1747799211, 1, 699, 1120, 1109, 20, 8.29%, 380, 0, 5, 14.17
1747799221, 1, 700, 1120, 1109, 20, 8.29%, 380, 0, 5, 14.35
1747799231, 1, 701, 1120, 1109, 20, 8.29%, 380, 0, 5, 12.83
1747799242, 1, 702, 1120, 1109, 20, 8.29%, 380, 0, 5, 15.03
1747799252, 1, 703, 1120, 1109, 20, 8.29%, 380, 0, 5, 16.08
1747799257, 1, 704, 1120, 1109, 20, 8.29%, 380, 0, 5, 14.51
1747799267, 1, 706, 1120, 1109, 20, 8.29%, 380, 0, 5, 12.33
1747799277, 1, 707, 1120, 1109, 20, 8.29%, 380, 0, 5, 13.86
1747799288, 1, 708, 1120, 1109, 20, 8.29%, 380, 0, 5, 13.73
1747799298, 1, 709, 1120, 1109, 20, 8.29%, 380, 0, 5, 14.21
1747799308, 1, 710, 1120, 1109, 20, 8.29%, 380, 0, 5, 14.59
1747799319, 1, 711, 1120, 1109, 20, 8.29%, 381, 0, 5, 14.80
1747799324, 1, 714, 1120, 1109, 20, 8.29%, 381, 0, 5, 13.98
1747799334, 1, 715, 1120, 1109, 20, 8.29%, 381, 0, 5, 14.04
1747799344, 1, 716, 1120, 1109, 20, 8.29%, 381, 0, 5, 14.34
1747799354, 1, 717, 1120, 1109, 20, 8.29%, 381, 0, 5, 15.32
1747799365, 1, 718, 1120, 1109, 20, 8.29%, 381, 0, 5, 12.92
1747799375, 1, 719, 1121, 1110, 20, 8.29%, 381, 0, 5, 13.50
1747799396, 1, 720, 1121, 1110, 20, 8.29%, 381, 0, 5, 13.87
1747799406, 1, 721, 1121, 1110, 20, 8.29%, 381, 0, 5, 14.75
1747799411, 1, 722, 1121, 1110, 20, 8.29%, 381, 0, 5, 14.93
1747799421, 1, 723, 1121, 1110, 20, 8.29%, 381, 0, 5, 13.71
1747799431, 1, 724, 1121, 1110, 20, 8.29%, 381, 0, 5, 16.04
1747799442, 1, 725, 1121, 1110, 20, 8.29%, 381, 0, 5, 13.82
1747799452, 1, 726, 1121, 1110, 20, 8.29%, 381, 0, 5, 14.87
1747799457, 1, 727, 1121, 1110, 20, 8.29%, 381, 0, 5, 15.44
1747799467, 1, 728, 1121, 1110, 20, 8.29%, 381, 0, 5, 14.10
1747799477, 1, 729, 1121, 1110, 20, 8.29%, 381, 0, 5, 15.78
1747799487, 1, 730, 1121, 1110, 20, 8.29%, 381, 0, 5, 14.25
1747799493, 1, 731, 1121, 1110, 20, 8.29%, 381, 0, 5, 15.48
1747799503, 1, 732, 1121, 1110, 20, 8.29%, 381, 0, 5, 13.68
1747799513, 1, 733, 1121, 1110, 20, 8.29%, 381, 0, 5, 13.38
1747799524, 1, 734, 1121, 1110, 20, 8.29%, 381, 0, 5, 16.22
1747799534, 1, 735, 1121, 1110, 20, 8.29%, 381, 0, 5, 14.76
1747799539, 1, 736, 1121, 1110, 20, 8.29%, 381, 0, 5, 15.86
1747799549, 1, 739, 1121, 1110, 20, 8.29%, 381, 0, 5, 16.19
1747799559, 1, 740, 1121, 1110, 20, 8.29%, 382, 0, 5, 13.96
1747799569, 1, 741, 1121, 1110, 20, 8.29%, 382, 0, 5, 13.61
1747799575, 1, 744, 1121, 1110, 20, 8.29%, 382, 0, 5, 14.20
1747799585, 1, 746, 1121, 1110, 20, 8.29%, 382, 0, 5, 14.40
1747799595, 1, 747, 1121, 1110, 20, 8.29%, 382, 0, 5, 14.09
1747799605, 1, 748, 1121, 1110, 20, 8.29%, 382, 0, 5, 11.71
1747799616, 1, 749, 1121, 1110, 20, 8.29%, 382, 0, 5, 13.36
1747799626, 1, 751, 1121, 1110, 20, 8.29%, 382, 0, 5, 15.03
1747799631, 1, 752, 1121, 1110, 20, 8.29%, 382, 0, 5, 15.68
1747799641, 1, 753, 1121, 1110, 20, 8.29%, 382, 0, 5, 14.04
1747799652, 1, 754, 1121, 1110, 20, 8.29%, 382, 0, 5, 12.70
1747799662, 1, 755, 1121, 1110, 20, 8.29%, 382, 0, 5, 12.32
1747799672, 1, 757, 1121, 1110, 20, 8.29%, 382, 0, 5, 7.29
1747799682, 1, 758, 1121, 1110, 20, 8.29%, 382, 0, 5, 13.04
1747799693, 1, 759, 1121, 1110, 20, 8.29%, 382, 0, 5, 14.45
1747799703, 1, 761, 1121, 1110, 20, 8.29%, 383, 0, 5, 13.62
1747799713, 1, 763, 1121, 1110, 20, 8.29%, 383, 0, 5, 15.15
1747799724, 1, 765, 1121, 1110, 20, 8.29%, 383, 0, 5, 14.27
1747799729, 1, 767, 1121, 1110, 20, 8.29%, 383, 0, 5, 14.63
1747799739, 1, 768, 1121, 1110, 20, 8.29%, 383, 0, 5, 13.42
1747799749, 1, 769, 1121, 1110, 20, 8.29%, 383, 0, 5, 12.56
1747799760, 1, 770, 1121, 1110, 20, 8.29%, 383, 0, 5, 14.12
1747799770, 1, 771, 1121, 1110, 20, 8.29%, 383, 0, 5, 12.93
1747799780, 1, 773, 1121, 1110, 20, 8.29%, 383, 0, 5, 14.19
1747799791, 1, 774, 1121, 1110, 20, 8.29%, 383, 0, 5, 13.99
1747799801, 1, 775, 1121, 1110, 20, 8.29%, 383, 0, 5, 14.68
1747799811, 1, 776, 1121, 1110, 20, 8.29%, 383, 0, 5, 14.08
1747799816, 1, 777, 1121, 1110, 20, 8.29%, 383, 0, 5, 14.94
1747799826, 1, 778, 1121, 1110, 20, 8.29%, 383, 0, 5, 14.50
1747799837, 1, 779, 1121, 1110, 20, 8.29%, 383, 0, 5, 13.73
1747799847, 1, 781, 1121, 1110, 20, 8.29%, 383, 0, 5, 14.93
1747799852, 1, 782, 1121, 1110, 20, 8.29%, 383, 0, 5, 14.99
1747799862, 1, 784, 1121, 1110, 20, 8.29%, 383, 0, 5, 11.85
1747799873, 1, 787, 1121, 1110, 20, 8.29%, 383, 0, 5, 14.18
1747799883, 1, 788, 1121, 1110, 20, 8.29%, 383, 0, 5, 15.14
1747799893, 1, 791, 1121, 1110, 20, 8.29%, 384, 0, 5, 15.13
1747799904, 1, 792, 1121, 1110, 20, 8.29%, 384, 0, 5, 15.02
1747799909, 1, 793, 1121, 1110, 20, 8.29%, 384, 0, 5, 13.94
1747799919, 1, 795, 1121, 1110, 20, 8.29%, 384, 0, 5, 15.11
1747799929, 1, 796, 1121, 1110, 20, 8.29%, 384, 0, 5, 13.97
1747799940, 1, 797, 1121, 1110, 20, 8.29%, 384, 0, 5, 15.21
1747799945, 1, 798, 1121, 1110, 20, 8.29%, 384, 0, 5, 15.07
1747799955, 1, 799, 1121, 1110, 20, 8.29%, 384, 0, 5, 14.48
1747799966, 1, 800, 1121, 1110, 20, 8.29%, 384, 0, 5, 12.46
1747799976, 1, 801, 1121, 1110, 20, 8.29%, 384, 0, 5, 16.34
1747799981, 1, 802, 1121, 1110, 20, 8.29%, 384, 0, 5, 13.98
1747799991, 1, 804, 1121, 1110, 20, 8.29%, 384, 0, 5, 13.30
1747800002, 1, 805, 1121, 1110, 20, 8.29%, 384, 0, 5, 14.76
1747800012, 1, 807, 1121, 1110, 20, 8.29%, 384, 0, 5, 14.33
1747800022, 1, 808, 1121, 1110, 20, 8.29%, 384, 0, 5, 13.86
1747800032, 1, 809, 1121, 1110, 20, 8.29%, 384, 0, 5, 14.26
1747800037, 1, 810, 1121, 1110, 20, 8.29%, 384, 0, 5, 13.22
1747800048, 1, 811, 1121, 1110, 20, 8.29%, 384, 0, 5, 13.88
1747800058, 1, 813, 1121, 1110, 20, 8.29%, 384, 0, 5, 14.83
1747800068, 1, 814, 1121, 1110, 20, 8.29%, 384, 0, 5, 14.03
1747800079, 1, 815, 1121, 1110, 20, 8.29%, 384, 0, 5, 14.93
1747800084, 1, 816, 1121, 1110, 20, 8.29%, 384, 0, 5, 15.02
1747800094, 1, 818, 1121, 1110, 20, 8.29%, 384, 0, 5, 14.64
1747800104, 1, 819, 1121, 1110, 20, 8.29%, 384, 0, 5, 14.19
1747800115, 1, 820, 1121, 1110, 20, 8.29%, 384, 0, 5, 14.87
1747800120, 1, 823, 1121, 1110, 20, 8.29%, 384, 0, 5, 15.07
1747800130, 1, 825, 1121, 1110, 20, 8.29%, 384, 0, 5, 14.37
1747800140, 1, 826, 1121, 1110, 20, 8.29%, 384, 0, 5, 14.27
1747800150, 1, 827, 1121, 1110, 20, 8.29%, 384, 0, 5, 16.16
1747800156, 1, 828, 1121, 1110, 20, 8.29%, 384, 0, 5, 13.82
1747800171, 1, 829, 1121, 1110, 20, 8.29%, 384, 0, 5, 13.47
1747800176, 1, 830, 1121, 1110, 20, 8.29%, 384, 0, 5, 12.19
1747800187, 1, 831, 1121, 1110, 20, 8.29%, 384, 0, 5, 13.36
1747800197, 1, 832, 1121, 1110, 20, 8.29%, 384, 0, 5, 15.56
1747800207, 1, 833, 1121, 1110, 20, 8.29%, 384, 0, 5, 13.53
1747800218, 1, 834, 1121, 1110, 20, 8.29%, 384, 0, 5, 13.23
1747800228, 1, 836, 1121, 1110, 20, 8.29%, 384, 0, 5, 14.61
1747800361, 1, 836, 1122, 1111, 20, 8.29%, 384, 0, 5, 8.73
1747800478, 1, 836, 1124, 1113, 20, 8.29%, 384, 0, 5, 9.31
1747800535, 1, 836, 1125, 1114, 20, 8.29%, 384, 0, 5, 10.59
1747800601, 1, 837, 1125, 1113, 18, 8.29%, 384, 0, 5, 18.00
1747800611, 1, 838, 1125, 1113, 18, 8.29%, 384, 0, 5, 14.39
1747800622, 1, 840, 1125, 1113, 18, 8.29%, 384, 0, 5, 14.05
1747800632, 1, 841, 1125, 1113, 18, 8.29%, 384, 0, 5, 14.73
1747800643, 1, 843, 1125, 1113, 18, 8.29%, 384, 0, 5, 13.06
1747800648, 1, 845, 1125, 1113, 18, 8.29%, 384, 0, 5, 14.60
1747800658, 1, 846, 1125, 1113, 18, 8.29%, 384, 0, 5, 13.76
1747800668, 1, 848, 1125, 1113, 18, 8.29%, 384, 0, 5, 15.86
1747800678, 1, 849, 1125, 1113, 18, 8.29%, 384, 0, 5, 15.14
1747800689, 1, 850, 1125, 1113, 18, 8.29%, 384, 0, 5, 14.58
1747800699, 1, 851, 1125, 1113, 18, 8.29%, 384, 0, 5, 13.33
1747800709, 1, 852, 1125, 1113, 18, 8.29%, 384, 0, 5, 13.86
1747800719, 1, 853, 1125, 1113, 18, 8.29%, 384, 0, 5, 14.05
1747800729, 1, 854, 1125, 1113, 18, 8.29%, 384, 0, 5, 13.02
1747800735, 1, 855, 1125, 1113, 18, 8.29%, 384, 0, 5, 13.37
1747800745, 1, 856, 1125, 1113, 18, 8.29%, 384, 0, 5, 12.28
1747800755, 1, 857, 1125, 1113, 18, 8.29%, 384, 0, 5, 14.52
1747800765, 1, 858, 1125, 1113, 18, 8.29%, 384, 0, 5, 13.43
1747800775, 1, 859, 1125, 1113, 18, 8.29%, 384, 0, 5, 15.00
1747800786, 1, 861, 1125, 1113, 18, 8.29%, 384, 0, 5, 14.06
1747800791, 1, 862, 1125, 1113, 18, 8.29%, 384, 0, 5, 14.13
1747800801, 1, 863, 1125, 1113, 18, 8.29%, 384, 0, 5, 16.12
1747800811, 1, 865, 1125, 1113, 18, 8.29%, 384, 0, 5, 13.26
1747800822, 1, 866, 1125, 1113, 18, 8.29%, 384, 0, 5, 11.53
1747800827, 1, 866, 1125, 1113, 18, 8.29%, 385, 0, 5, 12.97
1747800832, 1, 867, 1125, 1113, 18, 8.29%, 385, 0, 5, 15.04
1747800842, 1, 868, 1125, 1113, 18, 8.29%, 385, 0, 5, 16.73
1747800847, 1, 869, 1125, 1113, 18, 8.29%, 385, 0, 5, 13.87
1747800857, 1, 871, 1125, 1113, 18, 8.29%, 385, 0, 5, 13.04
1747800868, 1, 873, 1125, 1113, 18, 8.29%, 385, 0, 5, 13.34
1747800878, 1, 874, 1125, 1113, 18, 8.29%, 385, 0, 5, 12.92
1747800888, 1, 875, 1125, 1113, 18, 8.29%, 385, 0, 5, 14.65
1747800894, 1, 876, 1125, 1113, 18, 8.29%, 385, 0, 5, 15.19
1747800904, 1, 878, 1125, 1113, 18, 8.29%, 385, 0, 5, 13.91
1747800914, 1, 879, 1125, 1113, 18, 8.29%, 385, 0, 5, 13.25
1747800924, 1, 880, 1125, 1113, 18, 8.29%, 385, 0, 5, 14.51
1747800935, 1, 882, 1125, 1113, 18, 8.29%, 385, 0, 5, 13.03
1747800945, 1, 884, 1125, 1113, 18, 8.29%, 385, 0, 5, 15.87
1747800950, 1, 885, 1125, 1113, 18, 8.29%, 385, 0, 5, 14.81
1747800960, 1, 886, 1125, 1113, 18, 8.29%, 385, 0, 5, 13.38
1747800971, 1, 887, 1125, 1113, 18, 8.29%, 385, 0, 5, 13.12
1747800981, 1, 888, 1125, 1113, 18, 8.29%, 385, 0, 5, 15.02
1747800986, 1, 891, 1125, 1113, 18, 8.29%, 385, 0, 5, 14.62
1747800996, 1, 892, 1125, 1113, 18, 8.29%, 385, 0, 5, 13.51
1747801007, 1, 893, 1125, 1113, 18, 8.29%, 385, 0, 5, 14.78
1747801017, 1, 894, 1125, 1113, 18, 8.29%, 385, 0, 5, 13.30
1747801027, 1, 895, 1125, 1113, 18, 8.29%, 385, 0, 5, 14.61
1747801038, 1, 896, 1125, 1113, 18, 8.29%, 385, 0, 5, 16.09
1747801048, 1, 897, 1125, 1113, 18, 8.29%, 385, 0, 5, 15.22
1747801053, 1, 898, 1125, 1113, 18, 8.29%, 385, 0, 5, 13.46
1747801063, 1, 899, 1125, 1113, 18, 8.29%, 385, 0, 5, 13.11
1747801074, 1, 901, 1125, 1113, 18, 8.29%, 385, 0, 5, 13.07
1747801079, 1, 901, 1126, 1114, 18, 8.29%, 385, 0, 5, 13.66
1747801094, 1, 902, 1126, 1114, 18, 8.29%, 385, 0, 5, 13.30
1747801105, 1, 904, 1126, 1114, 18, 8.29%, 385, 0, 5, 13.90
1747801115, 1, 905, 1126, 1114, 18, 8.29%, 385, 0, 5, 13.98
1747801125, 1, 906, 1126, 1114, 18, 8.29%, 385, 0, 5, 13.96
1747801135, 1, 907, 1126, 1114, 18, 8.29%, 385, 0, 5, 15.14
1747801140, 1, 908, 1126, 1114, 18, 8.29%, 385, 0, 5, 14.06
1747801151, 1, 911, 1126, 1114, 18, 8.29%, 385, 0, 5, 12.95
1747801161, 1, 913, 1126, 1114, 18, 8.29%, 385, 0, 5, 13.40
1747801171, 1, 914, 1126, 1114, 18, 8.29%, 385, 0, 5, 14.27
1747801182, 1, 915, 1126, 1114, 18, 8.29%, 385, 0, 5, 12.78
1747801187, 1, 916, 1126, 1114, 18, 8.29%, 385, 0, 5, 14.01
1747801197, 1, 917, 1126, 1114, 18, 8.29%, 385, 0, 5, 13.47
1747801208, 1, 918, 1126, 1114, 18, 8.29%, 385, 0, 5, 16.17
1747801218, 1, 919, 1126, 1114, 18, 8.29%, 385, 0, 5, 12.48
1747801228, 1, 920, 1126, 1114, 18, 8.29%, 385, 0, 5, 14.21
1747801239, 1, 921, 1126, 1114, 18, 8.29%, 385, 0, 5, 13.90
1747801249, 1, 922, 1126, 1114, 18, 8.29%, 385, 0, 5, 12.54
1747801259, 1, 925, 1126, 1114, 18, 8.29%, 385, 0, 5, 12.61
1747801270, 1, 927, 1126, 1114, 18, 8.29%, 385, 0, 5, 13.35
1747801280, 1, 928, 1126, 1114, 18, 8.29%, 385, 0, 5, 13.91
1747801290, 1, 929, 1126, 1114, 18, 8.29%, 385, 0, 5, 14.14
1747801295, 1, 930, 1126, 1114, 18, 8.29%, 385, 0, 5, 15.17
1747801305, 1, 931, 1126, 1114, 18, 8.29%, 385, 0, 5, 14.36
1747801316, 1, 933, 1126, 1114, 18, 8.29%, 385, 0, 5, 14.56
1747801326, 1, 936, 1126, 1114, 18, 8.29%, 385, 0, 5, 13.84
1747801336, 1, 937, 1126, 1114, 18, 8.29%, 385, 0, 5, 14.96
1747801341, 1, 938, 1126, 1114, 18, 8.29%, 385, 0, 5, 13.87
1747801352, 1, 939, 1126, 1114, 18, 8.29%, 385, 0, 5, 14.70
1747801362, 1, 940, 1126, 1114, 18, 8.29%, 385, 0, 5, 14.29
1747801372, 1, 942, 1126, 1114, 18, 8.29%, 385, 0, 5, 12.41
1747801382, 1, 943, 1126, 1114, 18, 8.29%, 385, 0, 5, 13.30
1747801393, 1, 945, 1126, 1114, 18, 8.29%, 385, 0, 5, 16.50
1747801398, 1, 947, 1126, 1114, 18, 8.29%, 385, 0, 5, 14.44
1747801408, 1, 948, 1126, 1114, 18, 8.29%, 385, 0, 5, 13.97
1747801418, 1, 949, 1126, 1114, 18, 8.29%, 385, 0, 5, 13.18
1747801429, 1, 950, 1126, 1114, 18, 8.29%, 385, 0, 5, 13.26
1747801444, 1, 950, 1127, 1115, 18, 8.29%, 385, 0, 5, 8.32
1747801886, 1, 950, 1129, 1117, 18, 8.29%, 385, 0, 5, 7.57
1747801927, 1, 953, 1129, 1116, 17, 8.29%, 385, 0, 5, 16.93
1747801937, 1, 954, 1129, 1116, 17, 8.29%, 385, 0, 5, 14.05
1747801947, 1, 955, 1129, 1116, 17, 8.29%, 385, 0, 5, 13.96
1747801957, 1, 957, 1129, 1116, 17, 8.29%, 385, 0, 5, 13.99
1747801968, 1, 959, 1129, 1116, 17, 8.29%, 385, 0, 5, 13.87
1747801973, 1, 961, 1129, 1116, 17, 8.29%, 385, 0, 5, 14.59
1747801983, 1, 962, 1129, 1116, 17, 8.29%, 385, 0, 5, 14.68
1747801993, 1, 963, 1129, 1116, 17, 8.29%, 385, 0, 5, 14.68
1747802003, 1, 964, 1129, 1116, 17, 8.29%, 385, 0, 5, 14.89
1747802014, 1, 965, 1129, 1116, 17, 8.29%, 385, 0, 5, 14.76
1747802019, 1, 966, 1129, 1116, 17, 8.29%, 385, 0, 5, 14.71
1747802029, 1, 967, 1129, 1116, 17, 8.29%, 385, 0, 5, 15.59
1747802039, 1, 968, 1129, 1116, 17, 8.29%, 385, 0, 5, 13.56
1747802049, 1, 970, 1129, 1116, 17, 8.29%, 385, 0, 5, 14.87
1747802060, 1, 971, 1129, 1116, 17, 8.29%, 385, 0, 5, 14.10
1747802065, 1, 973, 1129, 1116, 17, 8.29%, 385, 0, 5, 13.60
1747802080, 1, 974, 1129, 1116, 17, 8.29%, 386, 0, 5, 10.43
1747802091, 1, 975, 1129, 1116, 17, 8.29%, 386, 0, 5, 13.31
1747802101, 1, 976, 1129, 1116, 17, 8.29%, 386, 0, 5, 14.75
1747802106, 1, 980, 1129, 1116, 17, 8.29%, 386, 0, 5, 14.31
1747802116, 1, 981, 1129, 1116, 17, 8.29%, 386, 0, 5, 14.03
1747802127, 1, 982, 1129, 1116, 17, 8.29%, 386, 0, 5, 13.14
1747802137, 1, 984, 1129, 1116, 17, 8.29%, 386, 0, 5, 11.24
1747802147, 1, 985, 1129, 1116, 17, 8.29%, 386, 0, 5, 13.77
1747802157, 1, 986, 1129, 1116, 17, 8.29%, 386, 0, 5, 14.61
1747802168, 1, 988, 1129, 1116, 17, 8.29%, 386, 0, 5, 11.77
1747802183, 1, 989, 1129, 1116, 17, 8.29%, 386, 0, 5, 12.28
1747802188, 1, 990, 1129, 1116, 17, 8.29%, 386, 0, 5, 14.84
1747802198, 1, 991, 1129, 1116, 17, 8.29%, 386, 0, 5, 13.87
1747802209, 1, 992, 1129, 1116, 17, 8.29%, 386, 0, 5, 13.38
1747802219, 1, 993, 1129, 1116, 17, 8.29%, 386, 0, 5, 15.02
1747802230, 1, 994, 1129, 1116, 17, 8.29%, 386, 0, 5, 13.51
1747802240, 1, 995, 1129, 1116, 17, 8.29%, 386, 0, 5, 14.28
1747802250, 1, 997, 1129, 1116, 17, 8.29%, 386, 0, 5, 11.40
1747802260, 1, 998, 1129, 1116, 17, 8.29%, 386, 0, 5, 12.31
1747802271, 1, 999, 1129, 1116, 17, 8.29%, 386, 0, 5, 12.96
1747802281, 1, 1000, 1129, 1116, 17, 8.29%, 386, 0, 5, 14.26
1747802291, 1, 1001, 1129, 1116, 17, 8.29%, 386, 0, 5, 14.07
1747802302, 1, 1002, 1129, 1116, 17, 8.29%, 386, 0, 5, 14.15
1747802307, 1, 1004, 1129, 1116, 17, 8.29%, 386, 0, 5, 14.68
1747802317, 1, 1005, 1129, 1116, 17, 8.29%, 386, 0, 5, 14.12
1747802327, 1, 1006, 1129, 1116, 17, 8.29%, 386, 0, 5, 14.91
1747802338, 1, 1007, 1129, 1116, 17, 8.29%, 386, 0, 5, 12.56
1747802348, 1, 1008, 1129, 1116, 17, 8.29%, 386, 0, 5, 14.03
1747802358, 1, 1009, 1129, 1116, 17, 8.29%, 386, 0, 5, 14.14
1747802363, 1, 1010, 1129, 1116, 17, 8.29%, 386, 0, 5, 13.67
1747802379, 1, 1011, 1129, 1116, 17, 8.29%, 386, 0, 5, 10.95
1747802389, 1, 1012, 1129, 1116, 17, 8.29%, 386, 0, 5, 14.30
1747802394, 1, 1013, 1129, 1116, 17, 8.29%, 386, 0, 5, 14.36
1747802404, 1, 1015, 1129, 1116, 17, 8.29%, 386, 0, 5, 13.05
1747802415, 1, 1016, 1129, 1116, 17, 8.29%, 386, 0, 5, 13.93
1747802425, 1, 1017, 1129, 1116, 17, 8.29%, 386, 0, 5, 15.06
1747802435, 1, 1018, 1129, 1116, 17, 8.29%, 386, 0, 5, 10.13
1747803801, 1, 1018, 1130, 1117, 17, 8.29%, 386, 0, 5, 3.96
1747803957, 1, 1019, 1130, 1116, 17, 8.29%, 386, 0, 5, 14.20
1747803967, 1, 1021, 1130, 1116, 17, 8.29%, 386, 0, 5, 15.46
1747803977, 1, 1022, 1130, 1116, 17, 8.29%, 386, 0, 5, 13.28
1747803987, 1, 1024, 1130, 1116, 17, 8.29%, 386, 0, 5, 15.17
1747803998, 1, 1025, 1130, 1116, 17, 8.29%, 386, 0, 5, 14.24
1747804008, 1, 1026, 1130, 1116, 17, 8.29%, 386, 0, 5, 13.94
1747804013, 1, 1027, 1130, 1116, 17, 8.29%, 386, 0, 5, 14.05
1747804024, 1, 1028, 1130, 1116, 17, 8.29%, 386, 0, 5, 14.01
1747804034, 1, 1029, 1130, 1116, 17, 8.29%, 386, 0, 5, 13.01
1747804044, 1, 1030, 1130, 1116, 17, 8.29%, 386, 0, 5, 13.43
1747804055, 1, 1032, 1130, 1116, 17, 8.29%, 386, 0, 5, 13.48
1747804065, 1, 1033, 1130, 1116, 17, 8.29%, 386, 0, 5, 14.25
1747804076, 1, 1034, 1130, 1116, 17, 8.29%, 386, 0, 5, 15.03
1747804081, 1, 1035, 1130, 1116, 17, 8.29%, 386, 0, 5, 12.72
1747804091, 1, 1037, 1130, 1116, 17, 8.29%, 386, 0, 5, 14.77
1747804101, 1, 1038, 1130, 1116, 17, 8.29%, 386, 0, 5, 15.90
1747804111, 1, 1041, 1130, 1116, 17, 8.29%, 386, 0, 5, 12.92
1747804122, 1, 1043, 1130, 1116, 17, 8.29%, 386, 0, 5, 13.69
1747804132, 1, 1044, 1130, 1116, 17, 8.29%, 386, 0, 5, 15.88
1747804137, 1, 1045, 1130, 1116, 17, 8.29%, 386, 0, 5, 15.04
1747804147, 1, 1046, 1130, 1116, 17, 8.29%, 386, 0, 5, 14.75
1747804158, 1, 1047, 1130, 1116, 17, 8.29%, 386, 0, 5, 14.31
1747804168, 1, 1048, 1130, 1116, 17, 8.29%, 386, 0, 5, 13.32
1747804173, 1, 1049, 1130, 1116, 17, 8.29%, 386, 0, 5, 14.88
1747804183, 1, 1051, 1130, 1116, 17, 8.29%, 386, 0, 5, 14.71
1747804193, 1, 1053, 1130, 1116, 17, 8.29%, 386, 0, 5, 14.17
1747804203, 1, 1054, 1130, 1116, 17, 8.29%, 386, 0, 5, 14.58
1747804214, 1, 1057, 1130, 1116, 17, 8.29%, 386, 0, 5, 14.43
1747804219, 1, 1058, 1130, 1116, 17, 8.29%, 386, 0, 5, 13.89
1747804229, 1, 1059, 1130, 1116, 17, 8.29%, 386, 0, 5, 13.60
1747804239, 1, 1060, 1130, 1116, 17, 8.29%, 386, 0, 5, 13.74
1747804250, 1, 1064, 1130, 1116, 17, 8.29%, 386, 0, 5, 15.98
1747804260, 1, 1065, 1130, 1116, 17, 8.29%, 386, 0, 5, 12.68
1747804270, 1, 1067, 1130, 1116, 17, 8.29%, 386, 0, 5, 14.57
1747804275, 1, 1068, 1130, 1116, 17, 8.29%, 386, 0, 5, 15.18
1747804285, 1, 1070, 1130, 1116, 17, 8.29%, 386, 0, 5, 12.20
1747804296, 1, 1071, 1130, 1116, 17, 8.29%, 386, 0, 5, 13.89
1747804306, 1, 1072, 1130, 1116, 17, 8.29%, 386, 0, 5, 15.43
1747804317, 1, 1074, 1130, 1116, 17, 8.29%, 386, 0, 5, 15.36
1747804322, 1, 1075, 1130, 1116, 17, 8.29%, 386, 0, 5, 14.99
1747804332, 1, 1076, 1130, 1116, 17, 8.29%, 386, 0, 5, 14.76
1747804342, 1, 1077, 1130, 1116, 17, 8.29%, 386, 0, 5, 14.01
1747804353, 1, 1078, 1130, 1116, 17, 8.29%, 386, 0, 5, 13.96
1747804363, 1, 1079, 1130, 1116, 17, 8.29%, 386, 0, 5, 13.87
1747804368, 1, 1081, 1130, 1116, 17, 8.29%, 386, 0, 5, 14.12
1747804378, 1, 1082, 1130, 1116, 17, 8.29%, 386, 0, 5, 14.47
1747804389, 1, 1083, 1130, 1116, 17, 8.29%, 386, 0, 5, 13.10
1747804399, 1, 1086, 1130, 1116, 17, 8.29%, 386, 0, 5, 13.86
1747804409, 1, 1087, 1130, 1116, 17, 8.29%, 386, 0, 5, 14.40
1747804420, 1, 1088, 1130, 1116, 17, 8.29%, 386, 0, 5, 14.19
1747804430, 1, 1089, 1130, 1116, 17, 8.29%, 386, 0, 5, 14.31
1747804435, 1, 1092, 1130, 1116, 17, 8.29%, 386, 0, 5, 13.17
1747804450, 1, 1094, 1130, 1116, 17, 8.29%, 386, 0, 5, 11.95
1747804460, 1, 1095, 1130, 1116, 17, 8.29%, 386, 0, 5, 13.09
1747804465, 1, 1096, 1130, 1116, 17, 8.29%, 386, 0, 5, 15.11
1747804476, 1, 1097, 1130, 1116, 17, 8.29%, 386, 0, 5, 12.00
1747804486, 1, 1098, 1130, 1116, 17, 8.29%, 386, 0, 5, 15.38
1747804496, 1, 1100, 1130, 1116, 17, 8.29%, 386, 0, 5, 15.45
1747804506, 1, 1101, 1130, 1116, 17, 8.29%, 386, 0, 5, 14.40
1747804511, 1, 1102, 1130, 1116, 17, 8.29%, 386, 0, 5, 14.53
1747804522, 1, 1103, 1130, 1116, 17, 8.29%, 386, 0, 5, 14.08
1747804532, 1, 1104, 1130, 1116, 17, 8.29%, 386, 0, 5, 12.86
1747804542, 1, 1105, 1130, 1116, 17, 8.29%, 386, 0, 5, 15.01
1747804552, 1, 1107, 1130, 1116, 17, 8.29%, 386, 0, 5, 16.16
1747804557, 1, 1108, 1130, 1116, 17, 8.29%, 386, 0, 5, 14.30
1747804568, 1, 1109, 1130, 1116, 17, 8.29%, 386, 0, 5, 13.06
1747804578, 1, 1110, 1130, 1116, 17, 8.29%, 386, 0, 5, 14.53
1747804588, 1, 1112, 1130, 1116, 17, 8.29%, 386, 0, 5, 12.14
1747804598, 1, 1113, 1130, 1116, 17, 8.29%, 386, 0, 5, 13.34
1747804609, 1, 1114, 1130, 1116, 17, 8.29%, 386, 0, 5, 15.60
1747804619, 1, 1115, 1130, 1116, 17, 8.29%, 386, 0, 5, 13.54
1747804629, 1, 1116, 1130, 1116, 17, 8.29%, 386, 0, 5, 14.94
1747804634, 1, 1117, 1130, 1116, 17, 8.29%, 386, 0, 5, 14.59
1747804644, 1, 1118, 1130, 1116, 17, 8.29%, 386, 0, 5, 13.58
1747804655, 1, 1119, 1130, 1116, 17, 8.29%, 386, 0, 5, 14.58
1747804665, 1, 1120, 1130, 1116, 17, 8.29%, 386, 0, 5, 13.74
1747804675, 1, 1121, 1130, 1116, 17, 8.29%, 386, 0, 5, 15.16
1747804686, 1, 1123, 1131, 1117, 17, 8.29%, 386, 0, 5, 14.65
1747804691, 1, 1123, 1132, 1118, 17, 8.29%, 386, 0, 5, 12.15
1747804701, 1, 1123, 1135, 1121, 17, 8.29%, 386, 0, 5, 9.08
1747804706, 1, 1123, 1138, 1124, 17, 8.29%, 386, 0, 5, 8.54
1747804721, 1, 1123, 1139, 1125, 17, 8.29%, 386, 0, 5, 9.53
1747804742, 1, 1123, 1140, 1126, 17, 8.29%, 386, 0, 5, 10.33
1747804839, 1, 1123, 1142, 1128, 17, 8.29%, 386, 0, 5, 8.74
1747804844, 1, 1123, 1145, 1131, 17, 8.29%, 386, 0, 5, 8.83
1747804849, 1, 1123, 1146, 1132, 17, 8.29%, 386, 0, 5, 8.91
1747804931, 1, 1123, 1147, 1133, 17, 8.29%, 386, 0, 5, 15.39
1747804976, 1, 1123, 1149, 1135, 17, 8.29%, 386, 0, 5, 8.73
1747805058, 1, 1123, 1150, 1136, 17, 8.29%, 386, 0, 5, 10.23
1747805119, 1, 1124, 1150, 1135, 17, 8.29%, 386, 0, 5, 9.31
1747805130, 1, 1125, 1150, 1135, 17, 8.29%, 386, 0, 5, 13.24
1747805135, 1, 1126, 1150, 1135, 17, 8.29%, 386, 0, 5, 15.34
1747805145, 1, 1127, 1150, 1135, 17, 8.29%, 386, 0, 5, 15.20
1747805155, 1, 1128, 1150, 1135, 17, 8.29%, 386, 0, 5, 14.23
1747805165, 1, 1129, 1150, 1135, 17, 8.29%, 386, 0, 5, 14.77
1747805175, 1, 1131, 1150, 1135, 17, 8.29%, 386, 0, 5, 14.24
1747805181, 1, 1132, 1150, 1135, 17, 8.29%, 386, 0, 5, 15.30
1747805191, 1, 1133, 1150, 1135, 17, 8.29%, 386, 0, 5, 13.83
1747805201, 1, 1134, 1150, 1135, 17, 8.29%, 386, 0, 5, 13.32
1747805211, 1, 1135, 1150, 1135, 17, 8.29%, 386, 0, 5, 13.83
1747805221, 1, 1136, 1150, 1135, 17, 8.29%, 386, 0, 5, 14.13
1747805232, 1, 1137, 1150, 1135, 17, 8.29%, 386, 0, 5, 13.02
1747805242, 1, 1139, 1150, 1135, 17, 8.29%, 386, 0, 5, 14.43
1747805252, 1, 1141, 1150, 1135, 17, 8.29%, 386, 0, 5, 14.42
1747805257, 1, 1142, 1150, 1135, 17, 8.29%, 386, 0, 5, 13.42
1747805267, 1, 1143, 1150, 1135, 17, 8.29%, 386, 0, 5, 16.19
1747805278, 1, 1146, 1150, 1135, 17, 8.29%, 386, 0, 5, 15.39
1747805288, 1, 1147, 1150, 1135, 17, 8.29%, 386, 0, 5, 13.71
1747805298, 1, 1148, 1150, 1135, 17, 8.29%, 386, 0, 5, 14.15
1747805303, 1, 1149, 1150, 1135, 17, 8.29%, 386, 0, 5, 14.52
1747805313, 2, 0, 1150, 1135, 17, 8.29%, 386, 0, 5, 15.36
1747805324, 2, 1, 1150, 1135, 17, 8.29%, 386, 0, 5, 14.45
1747805334, 2, 2, 1150, 1135, 17, 8.29%, 386, 0, 5, 14.50
1747805344, 2, 3, 1150, 1135, 17, 8.29%, 386, 0, 5, 14.15
1747805354, 2, 4, 1150, 1135, 17, 8.29%, 386, 0, 5, 12.93
1747805359, 2, 5, 1150, 1135, 17, 8.29%, 386, 0, 5, 14.36
1747805369, 2, 6, 1150, 1135, 17, 8.29%, 386, 0, 5, 14.11
1747805380, 2, 7, 1150, 1135, 17, 8.29%, 386, 0, 5, 13.24
1747805390, 2, 8, 1151, 1136, 17, 8.29%, 386, 0, 5, 9.73
1747805411, 2, 12, 1151, 1136, 17, 8.29%, 386, 0, 5, 15.58
1747805421, 2, 13, 1151, 1136, 17, 8.29%, 386, 0, 5, 14.29
1747805426, 2, 14, 1151, 1136, 17, 8.29%, 386, 0, 5, 13.70
1747805436, 2, 15, 1151, 1136, 17, 8.29%, 386, 0, 5, 14.09
1747805447, 2, 16, 1151, 1136, 17, 8.29%, 386, 0, 5, 13.70
1747805457, 2, 18, 1151, 1136, 17, 8.29%, 386, 0, 5, 14.46
1747805467, 2, 19, 1151, 1136, 17, 8.29%, 387, 0, 5, 13.45
1747805477, 2, 20, 1151, 1136, 17, 8.29%, 387, 0, 5, 13.24
1747805488, 2, 23, 1151, 1136, 17, 8.29%, 387, 0, 5, 13.79
1747805493, 2, 24, 1151, 1136, 17, 8.29%, 387, 0, 5, 13.91
1747805503, 2, 25, 1151, 1136, 17, 8.29%, 387, 0, 5, 14.18
1747805513, 2, 27, 1151, 1136, 17, 8.29%, 387, 0, 5, 13.51
1747805524, 2, 28, 1151, 1136, 17, 8.29%, 387, 0, 5, 13.64
1747805534, 2, 30, 1151, 1136, 17, 8.29%, 387, 0, 5, 13.65
1747805539, 2, 32, 1151, 1136, 17, 8.29%, 387, 0, 5, 14.78
1747805549, 2, 33, 1151, 1136, 17, 8.29%, 387, 0, 5, 14.01
1747805560, 2, 34, 1151, 1136, 17, 8.29%, 387, 0, 5, 14.66
1747805570, 2, 35, 1151, 1136, 17, 8.29%, 387, 0, 5, 14.25
1747805580, 2, 36, 1151, 1136, 17, 8.29%, 387, 0, 5, 12.78
1747805591, 2, 37, 1151, 1136, 17, 8.29%, 387, 0, 5, 14.91
1747805596, 2, 38, 1151, 1136, 17, 8.29%, 387, 0, 5, 13.60
1747805601, 2, 38, 1152, 1137, 17, 8.29%, 387, 0, 5, 13.87
1747805617, 2, 39, 1152, 1137, 17, 8.29%, 387, 0, 5, 14.19
1747805627, 2, 41, 1152, 1137, 17, 8.29%, 387, 0, 5, 15.44
1747805637, 2, 42, 1152, 1137, 17, 8.29%, 387, 0, 5, 13.97
1747805647, 2, 43, 1152, 1137, 17, 8.29%, 387, 0, 5, 12.83
1747805658, 2, 44, 1152, 1137, 17, 8.29%, 387, 0, 5, 12.81
1747805668, 2, 45, 1152, 1137, 17, 8.29%, 387, 0, 5, 11.66
1747805678, 2, 47, 1152, 1137, 17, 8.29%, 387, 0, 5, 12.55
1747805689, 2, 48, 1152, 1137, 17, 8.29%, 387, 0, 5, 11.96
1747805699, 2, 49, 1152, 1137, 17, 8.29%, 387, 0, 5, 14.08
1747805704, 2, 50, 1152, 1137, 17, 8.29%, 387, 0, 5, 13.95
1747805714, 2, 51, 1152, 1137, 17, 8.29%, 387, 0, 5, 15.02
1747805725, 2, 52, 1152, 1137, 17, 8.29%, 387, 0, 5, 13.01
1747805735, 2, 54, 1153, 1138, 17, 8.29%, 387, 0, 5, 15.04
1747805750, 2, 55, 1153, 1138, 17, 8.29%, 387, 0, 5, 14.87
1747805761, 2, 56, 1153, 1138, 17, 8.29%, 387, 0, 5, 9.87
1747805771, 2, 58, 1153, 1138, 17, 8.29%, 387, 0, 5, 14.13
1747805781, 2, 59, 1153, 1138, 17, 8.29%, 387, 0, 5, 14.04
1747805792, 2, 60, 1153, 1138, 17, 8.29%, 387, 0, 5, 14.61
1747805802, 2, 61, 1153, 1138, 17, 8.29%, 387, 0, 5, 15.55
1747805807, 2, 62, 1153, 1138, 17, 8.29%, 388, 0, 5, 13.44
1747805817, 2, 64, 1153, 1138, 17, 8.29%, 388, 0, 5, 14.09
1747805827, 2, 65, 1153, 1138, 17, 8.29%, 388, 0, 5, 14.95
1747805838, 2, 68, 1153, 1138, 17, 8.29%, 388, 0, 5, 13.75
1747805848, 2, 70, 1153, 1138, 17, 8.29%, 388, 0, 5, 14.45
1747805858, 2, 73, 1153, 1138, 17, 8.29%, 388, 0, 5, 13.39
1747805868, 2, 74, 1153, 1138, 17, 8.29%, 388, 0, 5, 12.97
1747805879, 2, 75, 1153, 1138, 17, 8.29%, 388, 0, 5, 14.64
1747805884, 2, 76, 1153, 1138, 17, 8.29%, 388, 0, 5, 14.40
1747805894, 2, 77, 1153, 1138, 17, 8.29%, 388, 0, 5, 13.61
1747805910, 2, 78, 1153, 1138, 17, 8.29%, 388, 0, 5, 13.18
1747805920, 2, 79, 1153, 1138, 17, 8.29%, 388, 0, 5, 13.07
1747805925, 2, 80, 1153, 1138, 17, 8.29%, 388, 0, 5, 15.05
1747805935, 2, 81, 1153, 1138, 17, 8.29%, 388, 0, 5, 14.58
1747805945, 2, 82, 1153, 1138, 17, 8.29%, 388, 0, 5, 13.63
1747805955, 2, 83, 1153, 1138, 17, 8.29%, 388, 0, 5, 14.68
1747805966, 2, 85, 1153, 1138, 17, 8.29%, 388, 0, 5, 15.09
1747805971, 2, 86, 1153, 1138, 17, 8.29%, 388, 0, 5, 13.70
1747805981, 2, 87, 1153, 1138, 17, 8.29%, 388, 0, 5, 14.31
1747805991, 2, 88, 1153, 1138, 17, 8.29%, 388, 0, 5, 12.56
1747806002, 2, 89, 1153, 1138, 17, 8.29%, 388, 0, 5, 12.10
1747806012, 2, 90, 1153, 1138, 17, 8.29%, 388, 0, 5, 20.16
1747806079, 2, 92, 1153, 1137, 16, 8.29%, 388, 0, 5, 19.30
1747806089, 2, 95, 1153, 1137, 16, 8.29%, 388, 0, 5, 14.49
1747806099, 2, 97, 1153, 1137, 16, 8.29%, 388, 0, 5, 13.82
1747806109, 2, 99, 1153, 1137, 16, 8.29%, 388, 0, 5, 14.86
1747806114, 2, 100, 1153, 1137, 16, 8.29%, 388, 0, 5, 13.76
1747806125, 2, 105, 1153, 1137, 16, 8.29%, 388, 0, 5, 13.75
1747806135, 2, 107, 1153, 1137, 16, 8.29%, 388, 0, 5, 14.13
1747806145, 2, 108, 1153, 1137, 16, 8.29%, 388, 0, 5, 13.94
1747806156, 2, 109, 1153, 1137, 16, 8.29%, 388, 0, 5, 14.26
1747806166, 2, 110, 1153, 1137, 16, 8.29%, 388, 0, 5, 14.00
1747806171, 2, 110, 1153, 1137, 16, 8.29%, 388, 1, 5, 17.29
1747806176, 2, 111, 1153, 1137, 16, 8.29%, 388, 1, 5, 15.35
1747806181, 2, 112, 1153, 1137, 16, 8.29%, 388, 1, 5, 13.94
1747806192, 2, 113, 1153, 1137, 16, 8.29%, 388, 1, 5, 13.52
1747806202, 2, 115, 1153, 1137, 16, 8.29%, 388, 1, 5, 12.95
1747806212, 2, 116, 1153, 1137, 16, 8.29%, 388, 1, 5, 12.92
1747806223, 2, 117, 1153, 1137, 16, 8.29%, 388, 1, 5, 13.73
1747806233, 2, 119, 1153, 1137, 16, 8.29%, 388, 1, 5, 12.27
1747806243, 2, 120, 1153, 1137, 16, 8.29%, 388, 1, 5, 12.32
1747806253, 2, 121, 1153, 1137, 16, 8.29%, 388, 1, 5, 13.10
1747806263, 2, 122, 1153, 1137, 16, 8.29%, 388, 1, 5, 13.58
1747806274, 2, 123, 1153, 1137, 16, 8.29%, 388, 1, 5, 14.86
1747806279, 2, 124, 1153, 1137, 16, 8.29%, 388, 1, 5, 16.17
1747806289, 2, 125, 1153, 1137, 16, 8.29%, 388, 1, 5, 14.35
1747806299, 2, 127, 1153, 1137, 16, 8.29%, 388, 1, 5, 14.95
1747806310, 2, 128, 1153, 1137, 16, 8.29%, 388, 1, 5, 14.49
1747806320, 2, 129, 1153, 1137, 16, 8.29%, 388, 1, 5, 13.77
1747806325, 2, 129, 1154, 1138, 16, 8.29%, 388, 1, 5, 14.84
1747806335, 2, 130, 1154, 1138, 16, 8.29%, 388, 1, 5, 3.49
1747806345, 2, 131, 1154, 1138, 16, 8.29%, 388, 1, 5, 12.62
1747806355, 2, 132, 1154, 1138, 16, 8.29%, 388, 1, 5, 13.45
1747806366, 2, 133, 1154, 1138, 16, 8.29%, 388, 1, 5, 14.29
1747806376, 2, 134, 1154, 1138, 16, 8.29%, 388, 1, 5, 14.62
1747806381, 2, 135, 1154, 1138, 16, 8.29%, 388, 1, 5, 15.17
1747806391, 2, 136, 1154, 1138, 16, 8.29%, 388, 1, 5, 14.27
1747806402, 2, 137, 1154, 1138, 16, 8.29%, 388, 1, 5, 15.52
1747806412, 2, 138, 1154, 1138, 16, 8.29%, 388, 1, 5, 15.17
1747806422, 2, 140, 1154, 1138, 16, 8.29%, 388, 1, 5, 14.05
1747806432, 2, 143, 1154, 1138, 16, 8.29%, 388, 1, 5, 13.73
1747806443, 2, 144, 1154, 1138, 16, 8.29%, 388, 1, 5, 14.56
1747806448, 2, 146, 1154, 1138, 16, 8.29%, 388, 1, 5, 13.88
1747806458, 2, 147, 1154, 1138, 16, 8.29%, 388, 1, 5, 14.58
1747806468, 2, 148, 1154, 1138, 16, 8.29%, 388, 1, 5, 16.78
1747806479, 2, 149, 1154, 1138, 16, 8.29%, 388, 1, 5, 12.78
1747806489, 2, 150, 1154, 1138, 16, 8.29%, 388, 1, 5, 11.55
1747806499, 2, 151, 1154, 1138, 16, 8.29%, 388, 1, 5, 12.22
1747806509, 2, 152, 1154, 1138, 16, 8.29%, 388, 1, 5, 15.57
1747806519, 2, 153, 1154, 1138, 16, 8.29%, 388, 1, 5, 14.41
1747806529, 2, 155, 1154, 1138, 16, 8.29%, 388, 1, 5, 12.92
1747806540, 2, 156, 1154, 1138, 16, 8.29%, 388, 1, 5, 12.10
1747806545, 2, 157, 1154, 1138, 16, 8.29%, 388, 1, 5, 13.64
1747806555, 2, 158, 1154, 1138, 16, 8.29%, 388, 1, 5, 14.02
1747806565, 2, 159, 1154, 1138, 16, 8.29%, 388, 1, 5, 13.60
1747806576, 2, 161, 1154, 1138, 16, 8.29%, 388, 1, 5, 14.76
1747806586, 2, 162, 1154, 1138, 16, 8.29%, 388, 1, 5, 15.05
1747806597, 2, 163, 1154, 1138, 16, 8.29%, 388, 1, 5, 13.00
1747806607, 2, 164, 1154, 1138, 16, 8.29%, 388, 1, 5, 13.42
1747806612, 2, 165, 1154, 1138, 16, 8.29%, 388, 1, 5, 12.44
1747806622, 2, 166, 1154, 1138, 16, 8.29%, 388, 1, 5, 13.41
1747806632, 2, 167, 1154, 1138, 16, 8.29%, 388, 1, 5, 16.16
1747806642, 2, 168, 1154, 1138, 16, 8.29%, 388, 1, 5, 14.52
1747806653, 2, 169, 1154, 1138, 16, 8.29%, 388, 1, 5, 14.47
1747806658, 2, 170, 1154, 1138, 16, 8.29%, 388, 1, 5, 14.98
1747806668, 2, 171, 1154, 1138, 16, 8.29%, 388, 1, 5, 13.96
1747806678, 2, 173, 1154, 1138, 16, 8.29%, 388, 1, 5, 15.14
1747806689, 2, 174, 1154, 1138, 16, 8.29%, 388, 1, 5, 12.63
1747806699, 2, 176, 1154, 1138, 16, 8.29%, 388, 1, 5, 14.93
1747806704, 2, 178, 1154, 1138, 16, 8.29%, 388, 1, 5, 16.12
1747806714, 2, 180, 1154, 1138, 16, 8.29%, 388, 1, 5, 13.73
1747806725, 2, 181, 1154, 1138, 16, 8.29%, 388, 1, 5, 11.23
1747806735, 2, 182, 1154, 1138, 16, 8.29%, 388, 1, 5, 14.61
1747806745, 2, 183, 1154, 1138, 16, 8.29%, 388, 1, 5, 13.92
1747806756, 2, 184, 1154, 1138, 16, 8.29%, 388, 1, 5, 13.31
1747806766, 2, 185, 1154, 1138, 16, 8.29%, 388, 1, 5, 13.31
1747806776, 2, 186, 1154, 1138, 16, 8.29%, 388, 1, 5, 14.31
1747806786, 2, 188, 1154, 1138, 16, 8.29%, 388, 1, 5, 13.14
1747806791, 2, 191, 1154, 1138, 16, 8.29%, 388, 1, 5, 15.34
1747806802, 2, 192, 1154, 1138, 16, 8.29%, 388, 1, 5, 14.83
1747806812, 2, 193, 1154, 1138, 16, 8.29%, 388, 1, 5, 12.78
1747806822, 2, 194, 1155, 1139, 16, 8.29%, 388, 1, 5, 10.62
1747806848, 2, 195, 1155, 1139, 16, 8.29%, 388, 1, 5, 12.36
1747806858, 2, 196, 1155, 1139, 16, 8.29%, 388, 1, 5, 12.91
1747806869, 2, 197, 1155, 1139, 16, 8.29%, 388, 1, 5, 13.66
1747806879, 2, 198, 1155, 1139, 16, 8.29%, 388, 1, 5, 15.70
1747806884, 2, 199, 1155, 1139, 16, 8.29%, 388, 1, 5, 12.84
1747806894, 2, 200, 1155, 1139, 16, 8.29%, 388, 1, 5, 14.95
1747806905, 2, 201, 1155, 1139, 16, 8.29%, 388, 1, 5, 14.25
1747806915, 2, 202, 1155, 1139, 16, 8.29%, 388, 1, 5, 15.01
1747806925, 2, 203, 1155, 1139, 16, 8.29%, 388, 1, 5, 14.46
1747806930, 2, 204, 1155, 1139, 16, 8.29%, 388, 1, 5, 14.09
1747806940, 2, 205, 1155, 1139, 16, 8.29%, 388, 1, 5, 14.32
1747806951, 2, 206, 1155, 1139, 16, 8.29%, 388, 1, 5, 14.85
1747806961, 2, 207, 1155, 1139, 16, 8.29%, 388, 1, 5, 13.72
1747806971, 2, 208, 1155, 1139, 16, 8.29%, 388, 1, 5, 11.83
1747806982, 2, 210, 1155, 1139, 16, 8.29%, 388, 1, 5, 14.45
1747806987, 2, 211, 1155, 1139, 16, 8.29%, 388, 1, 5, 15.23
1747806997, 2, 212, 1155, 1139, 16, 8.29%, 388, 1, 5, 13.29
1747807007, 2, 213, 1155, 1139, 16, 8.29%, 388, 1, 5, 13.83
1747807018, 2, 214, 1155, 1139, 16, 8.29%, 388, 1, 5, 13.10
1747807028, 2, 215, 1155, 1139, 16, 8.29%, 388, 1, 5, 14.23
1747807038, 2, 216, 1155, 1139, 16, 8.29%, 388, 1, 5, 15.65
1747807043, 2, 218, 1155, 1139, 16, 8.29%, 388, 1, 5, 15.09
1747807053, 2, 219, 1155, 1139, 16, 8.29%, 388, 1, 5, 13.57
1747807064, 2, 220, 1155, 1139, 16, 8.29%, 388, 1, 5, 14.42
1747807074, 2, 221, 1155, 1139, 16, 8.29%, 388, 1, 5, 14.35
1747807084, 2, 223, 1155, 1139, 16, 8.29%, 388, 1, 5, 14.63
1747807089, 2, 224, 1155, 1139, 16, 8.29%, 388, 1, 5, 15.10
1747807100, 2, 225, 1155, 1139, 16, 8.29%, 388, 1, 5, 13.14
1747807110, 2, 226, 1155, 1139, 16, 8.29%, 388, 1, 5, 14.00
1747807120, 2, 227, 1155, 1139, 16, 8.29%, 388, 1, 5, 13.25
1747807131, 2, 228, 1155, 1139, 16, 8.29%, 388, 1, 5, 14.21
1747807141, 2, 229, 1155, 1139, 16, 8.29%, 388, 1, 5, 15.21
1747807146, 2, 230, 1155, 1139, 16, 8.29%, 388, 1, 5, 13.16
1747807156, 2, 231, 1155, 1139, 16, 8.29%, 388, 1, 5, 14.65
1747807167, 2, 232, 1155, 1139, 16, 8.29%, 388, 1, 5, 16.18
1747807177, 2, 233, 1155, 1139, 16, 8.29%, 388, 1, 5, 13.58
1747807187, 2, 234, 1155, 1139, 16, 8.29%, 388, 1, 5, 16.44
1747807192, 2, 235, 1155, 1139, 16, 8.29%, 388, 1, 5, 14.76
1747807203, 2, 236, 1155, 1139, 16, 8.29%, 388, 1, 5, 14.26
1747807213, 2, 237, 1155, 1139, 16, 8.29%, 388, 1, 5, 15.21
1747807223, 2, 238, 1155, 1139, 16, 8.29%, 388, 1, 5, 15.05
1747807228, 2, 239, 1155, 1139, 16, 8.29%, 388, 1, 5, 15.75
1747807238, 2, 241, 1155, 1139, 16, 8.29%, 388, 1, 5, 12.67
1747807249, 2, 242, 1155, 1139, 16, 8.29%, 388, 1, 5, 14.27
1747807259, 2, 243, 1155, 1139, 16, 8.29%, 388, 1, 5, 15.37
1747807269, 2, 245, 1155, 1139, 16, 8.29%, 388, 1, 5, 14.56
1747807279, 2, 246, 1155, 1139, 16, 8.29%, 388, 1, 5, 15.81
1747807284, 2, 248, 1155, 1139, 16, 8.29%, 388, 1, 5, 14.35
1747807295, 2, 249, 1155, 1139, 16, 8.29%, 388, 1, 5, 15.03
1747807305, 2, 250, 1155, 1139, 16, 8.29%, 388, 1, 5, 14.07
1747807315, 2, 251, 1155, 1139, 16, 8.29%, 388, 1, 5, 14.28
1747807325, 2, 252, 1155, 1139, 16, 8.29%, 388, 1, 5, 14.27
1747807330, 2, 253, 1155, 1139, 16, 8.29%, 388, 1, 5, 15.20
1747807341, 2, 254, 1155, 1139, 16, 8.29%, 388, 1, 5, 14.20
1747807351, 2, 255, 1155, 1139, 16, 8.29%, 388, 1, 5, 16.04
1747807361, 2, 256, 1155, 1139, 16, 8.29%, 388, 1, 5, 16.12
1747807366, 2, 257, 1155, 1139, 16, 8.29%, 388, 1, 5, 15.29
1747807377, 2, 258, 1155, 1139, 16, 8.29%, 388, 1, 5, 14.40
1747807387, 2, 259, 1155, 1139, 16, 8.29%, 388, 1, 5, 14.90
1747807392, 2, 261, 1155, 1139, 16, 8.29%, 388, 1, 5, 15.23
1747807402, 2, 262, 1155, 1139, 16, 8.29%, 388, 1, 5, 12.69
1747807412, 2, 264, 1155, 1139, 16, 8.29%, 388, 1, 5, 14.47
1747807423, 2, 265, 1155, 1139, 16, 8.29%, 388, 1, 5, 15.07
1747807433, 2, 266, 1155, 1139, 16, 8.29%, 388, 1, 5, 14.41
1747807443, 2, 267, 1155, 1139, 16, 8.29%, 388, 1, 5, 14.28
1747807454, 2, 268, 1155, 1139, 16, 8.29%, 388, 1, 5, 12.25
1747807464, 2, 270, 1155, 1139, 16, 8.29%, 388, 1, 5, 13.99
1747807469, 2, 273, 1155, 1139, 16, 8.29%, 388, 1, 5, 13.43
1747807479, 2, 274, 1155, 1139, 16, 8.29%, 388, 1, 5, 13.82
1747807490, 2, 275, 1155, 1139, 16, 8.29%, 388, 1, 5, 13.16
1747807500, 2, 276, 1155, 1139, 16, 8.29%, 388, 1, 5, 15.19
1747807511, 2, 277, 1155, 1139, 16, 8.29%, 388, 1, 5, 13.73
1747807521, 2, 278, 1155, 1139, 16, 8.29%, 388, 1, 5, 16.41
1747807526, 2, 279, 1155, 1139, 16, 8.29%, 388, 1, 5, 14.22
1747807536, 2, 281, 1155, 1139, 16, 8.29%, 388, 1, 5, 15.09
1747807546, 2, 282, 1155, 1139, 16, 8.29%, 388, 1, 5, 14.03
1747807557, 2, 283, 1155, 1139, 16, 8.29%, 388, 1, 5, 13.19
1747807567, 2, 284, 1155, 1139, 16, 8.29%, 388, 1, 5, 12.89
1747807577, 2, 286, 1155, 1139, 16, 8.29%, 388, 1, 5, 13.13
1747807587, 2, 287, 1155, 1139, 16, 8.29%, 388, 1, 5, 15.38
1747807592, 2, 288, 1155, 1139, 16, 8.29%, 388, 1, 5, 14.08
1747807603, 2, 289, 1155, 1139, 16, 8.29%, 388, 1, 5, 12.81
1747807613, 2, 290, 1155, 1139, 16, 8.29%, 388, 1, 5, 14.09
1747807623, 2, 291, 1155, 1139, 16, 8.29%, 388, 1, 5, 14.17
1747807634, 2, 293, 1156, 1140, 16, 8.29%, 388, 1, 5, 15.11
1747807654, 2, 294, 1156, 1140, 16, 8.29%, 388, 1, 5, 16.21
1747807659, 2, 295, 1156, 1140, 16, 8.29%, 388, 1, 5, 14.39
1747807669, 2, 296, 1156, 1140, 16, 8.29%, 388, 1, 5, 14.67
1747807680, 2, 297, 1156, 1140, 16, 8.29%, 388, 1, 5, 12.67
1747807690, 2, 298, 1156, 1140, 16, 8.29%, 388, 1, 5, 14.76
1747807700, 2, 299, 1156, 1140, 16, 8.29%, 388, 1, 5, 15.58
1747807705, 2, 300, 1156, 1140, 16, 8.29%, 388, 1, 5, 14.79
1747807716, 2, 301, 1156, 1140, 16, 8.29%, 388, 1, 5, 14.39
1747807726, 2, 304, 1156, 1140, 16, 8.29%, 388, 1, 5, 15.71
1747807736, 2, 306, 1156, 1140, 16, 8.29%, 388, 1, 5, 22.42
1747807777, 2, 307, 1156, 1139, 15, 8.29%, 388, 1, 5, 22.98
1747807788, 2, 308, 1156, 1139, 15, 8.29%, 388, 1, 5, 15.74
1747807798, 2, 309, 1156, 1139, 15, 8.29%, 388, 1, 5, 14.75
1747807808, 2, 310, 1156, 1139, 15, 8.29%, 388, 1, 5, 14.27
1747807818, 2, 312, 1156, 1139, 15, 8.29%, 388, 1, 5, 14.88
1747807828, 2, 313, 1156, 1139, 15, 8.29%, 388, 1, 5, 14.62
1747807833, 2, 315, 1156, 1139, 15, 8.29%, 388, 1, 5, 14.41
1747807844, 2, 317, 1156, 1139, 15, 8.29%, 388, 1, 5, 14.62
1747807854, 2, 318, 1156, 1139, 15, 8.29%, 388, 1, 5, 15.63
1747807864, 2, 319, 1156, 1139, 15, 8.29%, 388, 1, 5, 13.40
1747807870, 2, 321, 1156, 1139, 15, 8.29%, 388, 1, 5, 15.35
1747807880, 2, 322, 1156, 1139, 15, 8.29%, 389, 1, 5, 13.64
1747807890, 2, 323, 1156, 1139, 15, 8.29%, 389, 1, 5, 14.22
1747807900, 2, 325, 1156, 1139, 15, 8.29%, 389, 1, 5, 14.76
1747807910, 2, 326, 1156, 1139, 15, 8.29%, 389, 1, 5, 15.24
1747807920, 2, 328, 1156, 1139, 15, 8.29%, 389, 1, 5, 15.03
1747807931, 2, 330, 1156, 1139, 15, 8.29%, 389, 1, 5, 15.48
1747807936, 2, 332, 1156, 1139, 15, 8.29%, 390, 1, 5, 15.50
1747807946, 2, 333, 1156, 1139, 15, 8.29%, 390, 1, 5, 13.42
1747807956, 2, 333, 1157, 1140, 15, 8.29%, 390, 1, 5, 14.35
1747807966, 2, 334, 1157, 1140, 15, 8.29%, 390, 1, 5, 14.53
1747807977, 2, 335, 1157, 1140, 15, 8.29%, 390, 1, 5, 11.06
1747807987, 2, 336, 1157, 1140, 15, 8.29%, 390, 1, 5, 12.87
1747807997, 2, 337, 1157, 1140, 15, 8.29%, 390, 1, 5, 14.14
1747808007, 2, 339, 1157, 1140, 15, 8.29%, 390, 1, 5, 14.40
1747808017, 2, 340, 1157, 1140, 15, 8.29%, 390, 1, 5, 15.58
1747808023, 2, 341, 1157, 1140, 15, 8.29%, 390, 1, 5, 15.76
1747808033, 2, 343, 1157, 1140, 15, 8.29%, 390, 1, 5, 16.01
1747808038, 2, 346, 1157, 1140, 15, 8.29%, 390, 1, 5, 15.26
1747808048, 2, 347, 1157, 1140, 15, 8.29%, 390, 1, 5, 15.20
1747808059, 2, 348, 1157, 1140, 15, 8.29%, 390, 1, 5, 14.10
1747808069, 2, 349, 1157, 1140, 15, 8.29%, 390, 1, 5, 13.75
1747808079, 2, 350, 1157, 1140, 15, 8.29%, 390, 1, 5, 13.49
1747808090, 2, 351, 1157, 1140, 15, 8.29%, 390, 1, 5, 12.03
1747808100, 2, 352, 1157, 1140, 15, 8.29%, 390, 1, 5, 11.86
1747808110, 2, 353, 1157, 1140, 15, 8.29%, 390, 1, 5, 13.13
1747808120, 2, 354, 1157, 1140, 15, 8.29%, 390, 1, 5, 13.90
1747808125, 2, 355, 1157, 1140, 15, 8.29%, 390, 1, 5, 15.27
1747808135, 2, 358, 1157, 1140, 15, 8.29%, 390, 1, 5, 16.21
1747808146, 2, 359, 1157, 1140, 15, 8.29%, 390, 1, 5, 12.91
1747808156, 2, 360, 1157, 1140, 15, 8.29%, 390, 1, 5, 14.65
1747808166, 2, 364, 1157, 1140, 15, 8.29%, 390, 1, 5, 14.53
1747808171, 2, 365, 1157, 1140, 15, 8.29%, 390, 1, 5, 15.50
1747808181, 2, 366, 1157, 1140, 15, 8.29%, 390, 1, 5, 13.86
1747808192, 2, 367, 1157, 1140, 15, 8.29%, 390, 1, 5, 13.19
1747808202, 2, 368, 1157, 1140, 15, 8.29%, 390, 1, 5, 14.58
1747808212, 2, 369, 1157, 1140, 15, 8.29%, 390, 1, 5, 12.99
1747808223, 2, 370, 1157, 1140, 15, 8.29%, 390, 1, 5, 13.17
1747808228, 2, 371, 1157, 1140, 15, 8.29%, 390, 1, 5, 13.44
1747808238, 2, 372, 1157, 1140, 15, 8.29%, 390, 1, 5, 12.48
1747808248, 2, 373, 1157, 1140, 15, 8.29%, 390, 1, 5, 14.11
1747808259, 2, 374, 1157, 1140, 15, 8.29%, 390, 1, 5, 14.02
1747808269, 2, 376, 1157, 1140, 15, 8.29%, 390, 1, 5, 14.14
1747808279, 2, 377, 1157, 1140, 15, 8.29%, 390, 1, 5, 13.58
1747808289, 2, 378, 1157, 1140, 15, 8.29%, 390, 1, 5, 14.50
1747808299, 2, 379, 1157, 1140, 15, 8.29%, 390, 1, 5, 13.09
1747808310, 2, 380, 1157, 1140, 15, 8.29%, 390, 1, 5, 14.32
1747808320, 2, 381, 1157, 1140, 15, 8.29%, 390, 1, 5, 13.76
1747808325, 2, 383, 1157, 1140, 15, 8.29%, 390, 1, 5, 14.39
1747808335, 2, 384, 1157, 1140, 15, 8.29%, 390, 1, 5, 13.47
1747808350, 2, 385, 1157, 1140, 15, 8.29%, 390, 1, 5, 13.65
1747808356, 2, 387, 1157, 1140, 15, 8.29%, 390, 1, 5, 14.22
1747808366, 2, 388, 1157, 1140, 15, 8.29%, 390, 1, 5, 13.40
1747808376, 2, 389, 1157, 1140, 15, 8.29%, 390, 1, 5, 13.37
1747808386, 2, 390, 1157, 1140, 15, 8.29%, 390, 1, 5, 15.71
1747808396, 2, 391, 1157, 1140, 15, 8.29%, 390, 1, 5, 13.85
1747808407, 2, 391, 1158, 1141, 15, 8.29%, 390, 1, 5, 12.75
1747808417, 2, 392, 1158, 1141, 15, 8.29%, 390, 1, 5, 11.94
1747808427, 2, 393, 1158, 1141, 15, 8.29%, 390, 1, 5, 15.38
1747808437, 2, 395, 1158, 1141, 15, 8.29%, 390, 1, 5, 13.51
1747808447, 2, 396, 1158, 1141, 15, 8.29%, 390, 1, 5, 14.32
1747808452, 2, 398, 1158, 1141, 15, 8.29%, 390, 1, 5, 13.78
1747808463, 2, 399, 1158, 1141, 15, 8.29%, 390, 1, 5, 14.50
1747808473, 2, 400, 1158, 1141, 15, 8.29%, 390, 1, 5, 14.53
1747808483, 2, 401, 1158, 1141, 15, 8.29%, 390, 1, 5, 14.94
1747808493, 2, 402, 1158, 1141, 15, 8.29%, 390, 1, 5, 14.05
1747808504, 2, 403, 1158, 1141, 15, 8.29%, 390, 1, 5, 15.44
1747808509, 2, 404, 1158, 1141, 15, 8.29%, 390, 1, 5, 14.15
1747808519, 2, 405, 1158, 1141, 15, 8.29%, 390, 1, 5, 15.37
1747808529, 2, 406, 1158, 1141, 15, 8.29%, 390, 1, 5, 12.88
1747808540, 2, 408, 1158, 1141, 15, 8.29%, 390, 1, 5, 14.85
1747808545, 2, 409, 1158, 1141, 15, 8.29%, 390, 1, 5, 14.64
1747808555, 2, 410, 1158, 1141, 15, 8.29%, 390, 1, 5, 16.93
1747808560, 2, 410, 1158, 1141, 15, 8.29%, 391, 1, 5, 14.36
1747808565, 2, 411, 1158, 1141, 15, 8.29%, 391, 1, 5, 13.43
1747808576, 2, 412, 1158, 1141, 15, 8.29%, 391, 1, 5, 13.14
1747808586, 2, 415, 1158, 1141, 15, 8.29%, 391, 1, 5, 14.71
1747808596, 2, 416, 1158, 1141, 15, 8.29%, 392, 1, 5, 13.88
1747808606, 2, 417, 1158, 1141, 15, 8.29%, 392, 1, 5, 12.85
1747808616, 2, 418, 1158, 1141, 15, 8.29%, 392, 1, 5, 12.69
1747808626, 2, 419, 1158, 1141, 15, 8.29%, 392, 1, 5, 13.67
1747808632, 2, 420, 1158, 1141, 15, 8.29%, 392, 1, 5, 14.74
1747808642, 2, 421, 1158, 1141, 15, 8.29%, 392, 1, 5, 14.80
1747808652, 2, 422, 1158, 1141, 15, 8.29%, 392, 1, 5, 12.54
1747808662, 2, 423, 1158, 1141, 15, 8.29%, 392, 1, 5, 13.33
1747808672, 2, 424, 1158, 1141, 15, 8.29%, 392, 1, 5, 15.47
1747808683, 2, 426, 1158, 1141, 15, 8.29%, 392, 1, 5, 14.05
1747808693, 2, 427, 1158, 1141, 15, 8.29%, 392, 1, 5, 13.59
1747808703, 2, 428, 1158, 1141, 15, 8.29%, 392, 1, 5, 13.51
1747808713, 2, 430, 1158, 1141, 15, 8.29%, 392, 1, 5, 12.72
1747808724, 2, 431, 1158, 1141, 15, 8.29%, 392, 1, 5, 14.48
1747808734, 2, 434, 1158, 1141, 15, 8.29%, 392, 1, 5, 13.10
1747808744, 2, 435, 1158, 1141, 15, 8.29%, 392, 1, 5, 3.04
1747808749, 2, 436, 1158, 1141, 15, 8.29%, 392, 1, 5, 14.61
1747808760, 2, 437, 1158, 1141, 15, 8.29%, 392, 1, 5, 14.03
1747808770, 2, 438, 1158, 1141, 15, 8.29%, 392, 1, 5, 12.97
1747808780, 2, 439, 1158, 1141, 15, 8.29%, 392, 1, 5, 13.05
1747808791, 2, 440, 1158, 1141, 15, 8.29%, 392, 1, 5, 13.48
1747808801, 2, 441, 1158, 1141, 15, 8.29%, 392, 1, 5, 13.07
1747808811, 2, 442, 1158, 1141, 15, 8.29%, 392, 1, 5, 15.08
1747808821, 2, 445, 1158, 1141, 15, 8.29%, 392, 1, 5, 15.24
1747808827, 2, 446, 1158, 1141, 15, 8.29%, 392, 1, 5, 15.46
1747808837, 2, 447, 1158, 1141, 15, 8.29%, 392, 1, 5, 15.03
1747808847, 2, 448, 1158, 1141, 15, 8.29%, 392, 1, 5, 14.96
1747808857, 2, 451, 1158, 1141, 15, 8.29%, 392, 1, 5, 14.74
1747808862, 2, 452, 1158, 1141, 15, 8.29%, 392, 1, 5, 14.69
1747808873, 2, 453, 1158, 1141, 15, 8.29%, 392, 1, 5, 12.20
1747808883, 2, 456, 1158, 1141, 15, 8.29%, 392, 1, 5, 13.99
1747808893, 2, 457, 1158, 1141, 15, 8.29%, 392, 1, 5, 14.29
1747808904, 2, 458, 1158, 1141, 15, 8.29%, 392, 1, 5, 13.87
1747808914, 2, 459, 1158, 1141, 15, 8.29%, 392, 1, 5, 13.32
1747808924, 2, 460, 1158, 1141, 15, 8.29%, 392, 1, 5, 12.93
1747808935, 2, 461, 1158, 1141, 15, 8.29%, 392, 1, 5, 13.47
1747808945, 2, 462, 1158, 1141, 15, 8.29%, 392, 1, 5, 13.03
1747808955, 2, 465, 1158, 1141, 15, 8.29%, 392, 1, 5, 15.83
1747808960, 2, 466, 1158, 1141, 15, 8.29%, 392, 1, 5, 13.83
1747808971, 2, 467, 1158, 1141, 15, 8.29%, 392, 1, 5, 13.98
1747808981, 2, 468, 1158, 1141, 15, 8.29%, 392, 1, 5, 15.74
1747808991, 2, 469, 1158, 1141, 15, 8.29%, 392, 1, 5, 12.63
1747809002, 2, 470, 1158, 1141, 15, 8.29%, 392, 1, 5, 14.59
1747809007, 2, 471, 1158, 1141, 15, 8.29%, 392, 1, 5, 13.49
1747809017, 2, 473, 1158, 1141, 15, 8.29%, 392, 1, 5, 15.08
1747809027, 2, 474, 1158, 1141, 15, 8.29%, 392, 1, 5, 14.52
1747809037, 2, 475, 1158, 1141, 15, 8.29%, 392, 1, 5, 11.93
1747809047, 2, 476, 1158, 1141, 15, 8.29%, 392, 1, 5, 14.21
1747809057, 2, 477, 1158, 1141, 15, 8.29%, 392, 1, 5, 14.04
1747809063, 2, 478, 1158, 1141, 15, 8.29%, 392, 1, 5, 13.39
1747809073, 2, 479, 1158, 1141, 15, 8.29%, 392, 1, 5, 14.02
1747809083, 2, 480, 1158, 1141, 15, 8.29%, 392, 1, 5, 14.57
1747809093, 2, 481, 1158, 1141, 15, 8.29%, 392, 1, 5, 13.24
1747809104, 2, 482, 1158, 1141, 15, 8.29%, 392, 1, 5, 14.05
1747809114, 2, 484, 1158, 1141, 15, 8.29%, 392, 1, 5, 13.24
1747809124, 2, 485, 1158, 1141, 15, 8.29%, 392, 1, 5, 15.59
1747809150, 2, 485, 1159, 1142, 15, 8.29%, 392, 1, 5, 13.54
1747809355, 2, 486, 1159, 1141, 15, 8.29%, 392, 1, 5, 15.94
1747809365, 2, 487, 1159, 1141, 15, 8.29%, 392, 1, 5, 13.97
1747809375, 2, 488, 1159, 1141, 15, 8.29%, 392, 1, 5, 15.48
1747809381, 2, 489, 1159, 1141, 15, 8.29%, 392, 1, 5, 14.34
1747809391, 2, 490, 1159, 1141, 15, 8.29%, 392, 1, 5, 14.20
1747809401, 2, 492, 1159, 1141, 15, 8.29%, 392, 1, 5, 13.77
1747809412, 2, 494, 1159, 1141, 15, 8.29%, 392, 1, 5, 13.97
1747809422, 2, 496, 1159, 1141, 15, 8.29%, 392, 1, 5, 13.20
1747809432, 2, 498, 1159, 1141, 15, 8.29%, 392, 1, 5, 12.86
1747809442, 2, 499, 1159, 1141, 15, 8.29%, 392, 1, 5, 13.03
1747809453, 2, 501, 1159, 1141, 15, 8.29%, 392, 1, 5, 12.60
1747809463, 2, 502, 1159, 1141, 15, 8.29%, 392, 1, 5, 12.62
1747809473, 2, 504, 1159, 1141, 15, 8.29%, 392, 1, 5, 14.59
1747809483, 2, 505, 1159, 1141, 15, 8.29%, 392, 1, 5, 13.26
1747809488, 2, 506, 1159, 1141, 15, 8.29%, 392, 1, 5, 14.51
1747809498, 2, 507, 1159, 1141, 15, 8.29%, 392, 1, 5, 15.46
1747809509, 2, 508, 1159, 1141, 15, 8.29%, 392, 1, 5, 14.22
1747809519, 2, 509, 1159, 1141, 15, 8.29%, 392, 1, 5, 15.63
1747809524, 2, 511, 1159, 1141, 15, 8.29%, 392, 1, 5, 14.81
1747809534, 2, 512, 1159, 1141, 15, 8.29%, 392, 1, 5, 14.63
1747809545, 2, 514, 1159, 1141, 15, 8.29%, 392, 1, 5, 14.45
1747809555, 2, 515, 1159, 1141, 15, 8.29%, 392, 1, 5, 13.64
1747809565, 2, 516, 1159, 1141, 15, 8.29%, 392, 1, 5, 15.16
1747809571, 2, 518, 1159, 1141, 15, 8.29%, 392, 1, 5, 13.44
1747809581, 2, 519, 1159, 1141, 15, 8.29%, 392, 1, 5, 14.64
1747809591, 2, 520, 1159, 1141, 15, 8.29%, 392, 1, 5, 14.29
1747809601, 2, 521, 1159, 1141, 15, 8.29%, 392, 1, 5, 13.82
1747809612, 2, 524, 1159, 1141, 15, 8.29%, 392, 1, 5, 11.18
1747809622, 2, 525, 1159, 1141, 15, 8.29%, 392, 1, 5, 13.16
1747809632, 2, 526, 1159, 1141, 15, 8.29%, 392, 1, 5, 13.98
1747809643, 2, 528, 1159, 1141, 15, 8.29%, 392, 1, 5, 15.02
1747809648, 2, 529, 1159, 1141, 15, 8.29%, 392, 1, 5, 14.17
1747809658, 2, 530, 1159, 1141, 15, 8.29%, 392, 1, 5, 13.03
1747809668, 2, 531, 1159, 1141, 15, 8.29%, 392, 1, 5, 12.86
1747809678, 2, 532, 1159, 1141, 15, 8.29%, 392, 1, 5, 13.35
1747809688, 2, 533, 1159, 1141, 15, 8.29%, 392, 1, 5, 13.21
1747809699, 2, 534, 1159, 1141, 15, 8.29%, 392, 1, 5, 14.66
1747809709, 2, 535, 1159, 1141, 15, 8.29%, 392, 1, 5, 14.61
1747809719, 2, 536, 1159, 1141, 15, 8.29%, 392, 1, 5, 12.97
1747809729, 2, 537, 1159, 1141, 15, 8.29%, 392, 1, 5, 17.08
1747809734, 2, 538, 1159, 1141, 15, 8.29%, 392, 1, 5, 15.02
1747809745, 2, 539, 1159, 1141, 15, 8.29%, 392, 1, 5, 13.92
1747809755, 2, 540, 1159, 1141, 15, 8.29%, 392, 1, 5, 14.00
1747809765, 2, 542, 1159, 1141, 15, 8.29%, 392, 1, 5, 15.50
1747809775, 2, 544, 1159, 1141, 15, 8.29%, 392, 1, 5, 14.76
1747809785, 2, 545, 1159, 1141, 15, 8.29%, 392, 1, 5, 12.94
1747809796, 2, 546, 1159, 1141, 15, 8.29%, 392, 1, 5, 13.70
1747809801, 2, 547, 1159, 1141, 15, 8.29%, 392, 1, 5, 14.63
1747809811, 2, 549, 1159, 1141, 15, 8.29%, 392, 1, 5, 12.37
1747809822, 2, 550, 1159, 1141, 15, 8.29%, 392, 1, 5, 13.41
1747809832, 2, 551, 1159, 1141, 15, 8.29%, 392, 1, 5, 16.06
1747809842, 2, 553, 1159, 1141, 15, 8.29%, 392, 1, 5, 10.21
1747809852, 2, 554, 1159, 1141, 15, 8.29%, 392, 1, 5, 11.65
1747809863, 2, 555, 1159, 1141, 15, 8.29%, 392, 1, 5, 14.27
1747809873, 2, 556, 1159, 1141, 15, 8.29%, 392, 1, 5, 13.28
1747809883, 2, 558, 1159, 1141, 15, 8.29%, 392, 1, 5, 12.01
1747809893, 2, 559, 1160, 1142, 15, 8.29%, 392, 1, 5, 12.46
1747809914, 2, 561, 1160, 1142, 15, 8.29%, 392, 1, 5, 14.26
1747809924, 2, 562, 1160, 1142, 15, 8.29%, 392, 1, 5, 14.57
1747809929, 2, 566, 1160, 1142, 15, 8.29%, 392, 1, 5, 13.41
1747809940, 2, 567, 1160, 1142, 15, 8.29%, 392, 1, 5, 13.08
1747809950, 2, 569, 1160, 1142, 15, 8.29%, 392, 1, 5, 14.53
1747809960, 2, 571, 1160, 1142, 15, 8.29%, 392, 1, 5, 14.34
1747809971, 2, 572, 1160, 1142, 15, 8.29%, 392, 1, 5, 13.68
1747809981, 2, 573, 1160, 1142, 15, 8.29%, 392, 1, 5, 13.33
1747809986, 2, 573, 1161, 1143, 15, 8.29%, 392, 1, 5, 13.92
1747809991, 2, 573, 1161, 1143, 15, 8.29%, 393, 1, 5, 12.78
1747810001, 2, 574, 1161, 1143, 15, 8.29%, 393, 1, 5, 14.64
1747810012, 2, 577, 1161, 1143, 15, 8.29%, 393, 1, 5, 13.26
1747810022, 2, 578, 1161, 1143, 15, 8.29%, 393, 1, 5, 14.09
1747810027, 2, 579, 1161, 1143, 15, 8.29%, 393, 1, 5, 14.66
1747810037, 2, 580, 1161, 1143, 15, 8.29%, 393, 1, 5, 14.97
1747810048, 2, 582, 1161, 1143, 15, 8.29%, 393, 1, 5, 13.15
1747810058, 2, 583, 1161, 1143, 15, 8.29%, 393, 1, 5, 12.13
1747810068, 2, 584, 1161, 1143, 15, 8.29%, 393, 1, 5, 12.94
1747810078, 2, 585, 1161, 1143, 15, 8.29%, 393, 1, 5, 14.37
1747810084, 2, 586, 1161, 1143, 15, 8.29%, 393, 1, 5, 15.89
1747810089, 2, 586, 1162, 1144, 15, 8.29%, 393, 1, 5, 13.47
1747810104, 2, 587, 1162, 1144, 15, 8.29%, 393, 1, 5, 14.10
1747810114, 2, 588, 1162, 1144, 15, 8.29%, 393, 1, 5, 14.68
1747810119, 2, 588, 1162, 1144, 15, 8.29%, 393, 2, 5, 7.75
1747810124, 2, 589, 1162, 1144, 15, 8.29%, 393, 2, 5, 11.03
1747810134, 2, 590, 1162, 1144, 15, 8.29%, 393, 2, 5, 13.44
1747810140, 2, 590, 1162, 1144, 15, 8.29%, 394, 2, 5, 13.03
1747810145, 2, 591, 1162, 1144, 15, 8.29%, 394, 2, 5, 14.97
1747810155, 2, 592, 1162, 1144, 15, 8.29%, 394, 2, 5, 14.43
1747810166, 2, 593, 1162, 1144, 15, 8.29%, 394, 2, 5, 13.71
1747810171, 2, 595, 1162, 1144, 15, 8.29%, 394, 2, 5, 12.76
1747810186, 2, 596, 1162, 1144, 15, 8.29%, 394, 2, 5, 13.29
1747810191, 2, 597, 1162, 1144, 15, 8.29%, 394, 2, 5, 13.25
1747810206, 2, 598, 1162, 1144, 15, 8.29%, 394, 2, 5, 15.24
1747810212, 2, 601, 1162, 1144, 15, 8.29%, 394, 2, 5, 14.72
1747810222, 2, 602, 1162, 1144, 15, 8.29%, 394, 2, 5, 13.72
1747810232, 2, 603, 1162, 1144, 15, 8.29%, 394, 2, 5, 13.98
1747810237, 2, 603, 1162, 1144, 15, 8.29%, 394, 3, 5, 14.41
1747810242, 2, 604, 1162, 1144, 15, 8.29%, 394, 3, 5, 14.21
1747810253, 2, 605, 1162, 1144, 15, 8.29%, 394, 3, 5, 15.50
1747810258, 2, 606, 1162, 1144, 15, 8.29%, 394, 3, 5, 13.71
1747810268, 2, 607, 1162, 1144, 15, 8.29%, 394, 3, 5, 14.94
1747810279, 2, 608, 1162, 1144, 15, 8.29%, 394, 3, 5, 15.90
1747810289, 2, 609, 1162, 1144, 15, 8.29%, 394, 3, 5, 14.59
1747810294, 2, 611, 1162, 1144, 15, 8.29%, 394, 3, 5, 15.18
1747810305, 2, 612, 1162, 1144, 15, 8.29%, 394, 3, 5, 13.62
1747810315, 2, 613, 1162, 1144, 15, 8.29%, 394, 3, 5, 14.15
1747810325, 2, 615, 1162, 1144, 15, 8.29%, 394, 3, 5, 13.81
1747810336, 2, 617, 1162, 1144, 15, 8.29%, 394, 3, 5, 12.94
1747810346, 2, 618, 1162, 1144, 15, 8.29%, 394, 3, 5, 12.86
1747810356, 2, 619, 1162, 1144, 15, 8.29%, 394, 3, 5, 11.69
1747810366, 2, 620, 1162, 1144, 15, 8.29%, 394, 3, 5, 14.23
1747810377, 2, 622, 1162, 1144, 15, 8.29%, 394, 3, 5, 13.78
1747810387, 2, 623, 1162, 1144, 15, 8.29%, 394, 3, 5, 15.49
1747810392, 2, 624, 1162, 1144, 15, 8.29%, 394, 3, 5, 14.80
1747810402, 2, 626, 1162, 1144, 15, 8.29%, 394, 3, 5, 14.39
1747810413, 2, 627, 1162, 1144, 15, 8.29%, 394, 3, 5, 13.27
1747810423, 2, 628, 1162, 1144, 15, 8.29%, 394, 3, 5, 13.31
1747810433, 2, 629, 1162, 1144, 15, 8.29%, 394, 3, 5, 14.23
1747810438, 2, 630, 1162, 1144, 15, 8.29%, 394, 3, 5, 14.32
1747810448, 2, 631, 1162, 1144, 15, 8.29%, 394, 3, 5, 14.10
1747810459, 2, 633, 1162, 1144, 15, 8.29%, 394, 3, 5, 14.78
1747810469, 2, 635, 1162, 1144, 15, 8.29%, 394, 3, 5, 14.71
1747810479, 2, 636, 1162, 1144, 15, 8.29%, 394, 3, 5, 12.89
1747810489, 2, 639, 1162, 1144, 15, 8.29%, 394, 3, 5, 14.66
1747810495, 2, 640, 1162, 1144, 15, 8.29%, 394, 3, 5, 13.70
1747810505, 2, 642, 1162, 1144, 15, 8.29%, 394, 3, 5, 14.25
1747810515, 2, 643, 1162, 1144, 15, 8.29%, 394, 3, 5, 14.01
1747810526, 2, 647, 1162, 1144, 15, 8.29%, 394, 3, 5, 14.84
1747810536, 2, 648, 1162, 1144, 15, 8.29%, 394, 3, 5, 14.11
1747810546, 2, 650, 1162, 1144, 15, 8.29%, 394, 3, 5, 12.64
1747810556, 2, 651, 1162, 1144, 15, 8.29%, 394, 3, 5, 13.94
1747810562, 2, 652, 1162, 1144, 15, 8.29%, 394, 3, 5, 14.97
1747810572, 2, 653, 1162, 1144, 15, 8.29%, 394, 3, 5, 14.06
1747810582, 2, 654, 1162, 1144, 15, 8.29%, 394, 3, 5, 14.25
1747810592, 2, 655, 1162, 1144, 15, 8.29%, 394, 3, 5, 13.39
1747810603, 2, 657, 1162, 1144, 15, 8.29%, 394, 3, 5, 14.12
1747810613, 2, 658, 1162, 1144, 15, 8.29%, 394, 3, 5, 13.46
1747810623, 2, 659, 1162, 1144, 15, 8.29%, 394, 3, 5, 12.63
1747810629, 2, 660, 1162, 1144, 15, 8.29%, 394, 3, 5, 14.04
1747810639, 2, 661, 1162, 1144, 15, 8.29%, 394, 3, 5, 13.33
1747810649, 2, 662, 1162, 1144, 15, 8.29%, 394, 3, 5, 14.00
1747810660, 2, 663, 1162, 1144, 15, 8.29%, 394, 3, 5, 14.30
1747810670, 2, 665, 1162, 1144, 15, 8.29%, 394, 3, 5, 14.34
1747810680, 2, 666, 1162, 1144, 15, 8.29%, 394, 3, 5, 14.60
1747810685, 2, 668, 1162, 1144, 15, 8.29%, 394, 3, 5, 14.21
1747810696, 2, 669, 1162, 1144, 15, 8.29%, 394, 3, 5, 13.92
1747810706, 2, 670, 1162, 1144, 15, 8.29%, 394, 3, 5, 13.72
1747810716, 2, 671, 1162, 1144, 15, 8.29%, 394, 3, 5, 15.37
1747810726, 2, 672, 1162, 1144, 15, 8.29%, 394, 3, 5, 15.33
1747810732, 2, 673, 1162, 1144, 15, 8.29%, 394, 3, 5, 18.60
1747810742, 2, 674, 1162, 1144, 15, 8.29%, 394, 3, 5, 13.65
1747810752, 2, 675, 1162, 1144, 15, 8.29%, 394, 3, 5, 12.29
1747810762, 2, 676, 1162, 1144, 15, 8.29%, 394, 3, 5, 15.01
1747810773, 2, 677, 1162, 1144, 15, 8.29%, 394, 3, 5, 14.42
1747810783, 2, 679, 1162, 1144, 15, 8.29%, 394, 3, 5, 15.09
1747810788, 2, 680, 1162, 1144, 15, 8.29%, 394, 3, 5, 14.48
1747810799, 2, 681, 1162, 1144, 15, 8.29%, 394, 3, 5, 13.41
1747810809, 2, 683, 1162, 1144, 15, 8.29%, 394, 3, 5, 14.24
1747810819, 2, 686, 1162, 1144, 15, 8.29%, 394, 3, 5, 13.22
1747810830, 2, 687, 1162, 1144, 15, 8.29%, 394, 3, 5, 14.13
1747810840, 2, 688, 1162, 1144, 15, 8.29%, 394, 3, 5, 13.85
1747810850, 2, 689, 1162, 1144, 15, 8.29%, 394, 3, 5, 14.68
1747810855, 2, 691, 1162, 1144, 15, 8.29%, 394, 3, 5, 14.46
1747810866, 2, 692, 1162, 1144, 15, 8.29%, 394, 3, 5, 14.19
1747810876, 2, 693, 1162, 1144, 15, 8.29%, 394, 3, 5, 14.30
1747810886, 2, 694, 1162, 1144, 15, 8.29%, 394, 3, 5, 14.03
1747810896, 2, 695, 1162, 1144, 15, 8.29%, 394, 3, 5, 13.97
1747810906, 2, 697, 1162, 1144, 15, 8.29%, 394, 3, 5, 13.76
1747810916, 2, 698, 1162, 1144, 15, 8.29%, 394, 3, 5, 14.80
1747810922, 2, 699, 1162, 1144, 15, 8.29%, 394, 3, 5, 15.11
1747810932, 2, 700, 1162, 1144, 15, 8.29%, 394, 3, 5, 13.44
1747810942, 2, 701, 1162, 1144, 15, 8.29%, 394, 3, 5, 12.42
1747810952, 2, 703, 1162, 1144, 15, 8.29%, 394, 3, 5, 13.43
1747810963, 2, 704, 1162, 1144, 15, 8.29%, 394, 3, 5, 13.85
1747810973, 2, 705, 1162, 1144, 15, 8.29%, 394, 3, 5, 14.92
1747810978, 2, 706, 1162, 1144, 15, 8.29%, 394, 3, 5, 14.39
1747810989, 2, 708, 1162, 1144, 15, 8.29%, 394, 3, 5, 14.07
1747810999, 2, 709, 1162, 1144, 15, 8.29%, 394, 3, 5, 13.66
1747811009, 2, 710, 1162, 1144, 15, 8.29%, 394, 3, 5, 12.71
1747811020, 2, 711, 1162, 1144, 15, 8.29%, 394, 3, 5, 12.97
1747811030, 2, 714, 1162, 1144, 15, 8.29%, 394, 3, 5, 12.67
1747811040, 2, 715, 1162, 1144, 15, 8.29%, 394, 3, 5, 14.84
1747811050, 2, 716, 1162, 1144, 15, 8.29%, 394, 3, 5, 12.26
1747811055, 2, 718, 1162, 1144, 15, 8.29%, 394, 3, 5, 12.54
1747811065, 2, 719, 1162, 1144, 15, 8.29%, 394, 3, 5, 14.57
1747811076, 2, 720, 1162, 1144, 15, 8.29%, 394, 3, 5, 13.73
1747811086, 2, 721, 1162, 1144, 15, 8.29%, 394, 3, 5, 13.37
1747811096, 2, 723, 1162, 1144, 15, 8.29%, 394, 3, 5, 13.21
1747811107, 2, 724, 1162, 1144, 15, 8.29%, 394, 3, 5, 14.36
1747811112, 2, 724, 1162, 1144, 15, 8.29%, 395, 3, 5, 12.70
1747811117, 2, 725, 1162, 1144, 15, 8.29%, 395, 3, 5, 12.01
1747811128, 2, 726, 1162, 1144, 15, 8.29%, 395, 3, 5, 14.04
1747811138, 2, 728, 1162, 1144, 15, 8.29%, 395, 3, 5, 15.10
1747811143, 2, 729, 1162, 1144, 15, 8.29%, 395, 3, 5, 15.25
1747811153, 2, 730, 1162, 1144, 15, 8.29%, 395, 3, 5, 12.10
1747811163, 2, 732, 1162, 1144, 15, 8.29%, 395, 3, 5, 15.39
1747811174, 2, 733, 1162, 1144, 15, 8.29%, 395, 3, 5, 13.46
1747811184, 2, 734, 1162, 1144, 15, 8.29%, 395, 3, 5, 14.14
1747811195, 2, 736, 1162, 1144, 15, 8.29%, 395, 3, 5, 13.57
1747811205, 2, 738, 1162, 1144, 15, 8.29%, 395, 3, 5, 14.58
1747811215, 2, 739, 1162, 1144, 15, 8.29%, 395, 3, 5, 14.18
1747811226, 2, 741, 1162, 1144, 15, 8.29%, 395, 3, 5, 11.09
1747811236, 2, 742, 1162, 1144, 15, 8.29%, 395, 3, 5, 14.12
1747811241, 2, 743, 1162, 1144, 15, 8.29%, 395, 3, 5, 14.87
1747811251, 2, 744, 1162, 1144, 15, 8.29%, 395, 3, 5, 13.77
1747811261, 2, 746, 1162, 1144, 15, 8.29%, 395, 3, 5, 13.44
1747811272, 2, 747, 1162, 1144, 15, 8.29%, 395, 3, 5, 13.82
1747811282, 2, 748, 1162, 1144, 15, 8.29%, 395, 3, 5, 14.51
1747811293, 2, 749, 1162, 1144, 15, 8.29%, 395, 3, 5, 14.15
1747811303, 2, 751, 1162, 1144, 15, 8.29%, 395, 3, 5, 14.01
1747811308, 2, 751, 1163, 1145, 15, 8.29%, 395, 3, 5, 13.15
1747811318, 2, 753, 1163, 1145, 15, 8.29%, 395, 3, 5, 15.12
1747811329, 2, 754, 1163, 1145, 15, 8.29%, 395, 3, 5, 13.68
1747811334, 2, 754, 1164, 1146, 15, 8.29%, 395, 3, 5, 15.90
1747811350, 2, 755, 1164, 1146, 15, 8.29%, 395, 3, 5, 14.10
1747811360, 2, 756, 1164, 1146, 15, 8.29%, 395, 3, 5, 13.29
1747811370, 2, 757, 1164, 1146, 15, 8.29%, 395, 3, 5, 13.52
1747811381, 2, 758, 1164, 1146, 15, 8.29%, 395, 3, 5, 15.03
1747811386, 2, 759, 1164, 1146, 15, 8.29%, 395, 3, 5, 14.96
1747811396, 2, 761, 1164, 1146, 15, 8.29%, 395, 3, 5, 14.19
1747811406, 2, 762, 1164, 1146, 15, 8.29%, 395, 3, 5, 15.32
1747811417, 2, 765, 1164, 1146, 15, 8.29%, 395, 3, 5, 3.30
1747811427, 2, 766, 1164, 1146, 15, 8.29%, 395, 3, 5, 13.20
1747811432, 2, 768, 1164, 1146, 15, 8.29%, 395, 3, 5, 13.89
1747811442, 2, 769, 1164, 1146, 15, 8.29%, 395, 3, 5, 14.10
1747811452, 2, 771, 1164, 1146, 15, 8.29%, 395, 3, 5, 13.78
1747811463, 2, 772, 1164, 1146, 15, 8.29%, 395, 3, 5, 13.21
1747811473, 2, 775, 1164, 1146, 15, 8.29%, 395, 3, 5, 14.23
1747811483, 2, 777, 1164, 1146, 15, 8.29%, 395, 3, 5, 14.20
1747811493, 2, 778, 1164, 1146, 15, 8.29%, 395, 3, 5, 14.65
1747811499, 2, 779, 1164, 1146, 15, 8.29%, 395, 3, 5, 15.70
1747811509, 2, 780, 1164, 1146, 15, 8.29%, 395, 3, 5, 14.51
1747811519, 2, 782, 1164, 1146, 15, 8.29%, 395, 3, 5, 14.97
1747811524, 2, 783, 1164, 1146, 15, 8.29%, 395, 3, 5, 14.90
1747811534, 2, 785, 1164, 1146, 15, 8.29%, 395, 3, 5, 13.38
1747811550, 2, 786, 1164, 1146, 15, 8.29%, 395, 3, 5, 13.95
1747811555, 2, 787, 1164, 1146, 15, 8.29%, 395, 3, 5, 13.40
1747811565, 2, 788, 1164, 1146, 15, 8.29%, 395, 3, 5, 14.35
1747811576, 2, 789, 1164, 1146, 15, 8.29%, 395, 3, 5, 16.02
1747811586, 2, 790, 1164, 1146, 15, 8.29%, 395, 3, 5, 15.51
1747811596, 2, 791, 1164, 1146, 15, 8.29%, 395, 3, 5, 14.59
1747811606, 2, 792, 1164, 1146, 15, 8.29%, 395, 3, 5, 13.10
1747811611, 2, 793, 1164, 1146, 15, 8.29%, 395, 3, 5, 15.00
1747811622, 2, 794, 1164, 1146, 15, 8.29%, 395, 3, 5, 13.92
1747811632, 2, 796, 1164, 1146, 15, 8.29%, 395, 3, 5, 15.89
1747811642, 2, 797, 1164, 1146, 15, 8.29%, 395, 3, 5, 15.22
1747811647, 2, 798, 1164, 1146, 15, 8.29%, 395, 3, 5, 14.09
1747811663, 2, 799, 1164, 1146, 15, 8.29%, 395, 3, 5, 12.71
1747811673, 2, 800, 1164, 1146, 15, 8.29%, 395, 3, 5, 14.86
1747811678, 2, 801, 1164, 1146, 15, 8.29%, 395, 3, 5, 13.46
1747811689, 2, 802, 1164, 1146, 15, 8.29%, 395, 3, 5, 12.60
1747811699, 2, 803, 1164, 1146, 15, 8.29%, 395, 3, 5, 14.97
1747811709, 2, 804, 1164, 1146, 15, 8.29%, 395, 3, 5, 14.62
1747811720, 2, 805, 1164, 1146, 15, 8.29%, 395, 3, 5, 14.06
1747811725, 2, 808, 1164, 1146, 15, 8.29%, 395, 3, 5, 13.46
1747811740, 2, 809, 1164, 1146, 15, 8.29%, 395, 3, 5, 15.20
1747811746, 2, 812, 1164, 1146, 15, 8.29%, 395, 3, 5, 15.98
1747811756, 2, 814, 1164, 1146, 15, 8.29%, 395, 3, 5, 13.92
1747811767, 2, 815, 1164, 1146, 15, 8.29%, 395, 3, 5, 14.04
1747811777, 2, 816, 1164, 1146, 15, 8.29%, 395, 3, 5, 14.60
1747811787, 2, 817, 1164, 1146, 15, 8.29%, 395, 3, 5, 14.18
1747811797, 2, 818, 1164, 1146, 15, 8.29%, 395, 3, 5, 14.73
1747811802, 2, 819, 1164, 1146, 15, 8.29%, 395, 3, 5, 13.91
1747811813, 2, 820, 1164, 1146, 15, 8.29%, 395, 3, 5, 13.67
1747811823, 2, 821, 1164, 1146, 15, 8.29%, 395, 3, 5, 12.93
1747811833, 2, 822, 1164, 1146, 15, 8.29%, 395, 3, 5, 13.10
1747811843, 2, 823, 1164, 1146, 15, 8.29%, 395, 3, 5, 15.50
1747811854, 2, 824, 1164, 1146, 15, 8.29%, 395, 3, 5, 13.77
1747811864, 2, 825, 1164, 1146, 15, 8.29%, 395, 3, 5, 13.25
1747811869, 2, 826, 1164, 1146, 15, 8.29%, 395, 3, 5, 13.18
1747811880, 2, 826, 1165, 1147, 15, 8.29%, 395, 3, 5, 14.45
1747811890, 2, 829, 1165, 1147, 15, 8.29%, 395, 3, 5, 14.12
1747811900, 2, 830, 1165, 1147, 15, 8.29%, 395, 3, 5, 14.88
1747811910, 2, 832, 1165, 1147, 15, 8.29%, 395, 3, 5, 14.05
1747811921, 2, 834, 1165, 1147, 15, 8.29%, 395, 3, 5, 14.87
1747811926, 2, 835, 1165, 1147, 15, 8.29%, 395, 3, 5, 13.40
1747811931, 2, 835, 1165, 1147, 15, 8.29%, 396, 3, 5, 12.33
1747811942, 2, 836, 1165, 1147, 15, 8.29%, 396, 3, 5, 15.97
1747811947, 2, 838, 1165, 1147, 15, 8.29%, 396, 3, 5, 14.59
1747811962, 2, 839, 1165, 1147, 15, 8.29%, 396, 3, 5, 13.92
1747811968, 2, 840, 1165, 1147, 15, 8.29%, 396, 3, 5, 14.87
1747811978, 2, 841, 1165, 1147, 15, 8.29%, 396, 3, 5, 15.95
1747811988, 2, 842, 1165, 1147, 15, 8.29%, 396, 3, 5, 15.00
1747811993, 2, 843, 1165, 1147, 15, 8.29%, 396, 3, 5, 14.87
1747812003, 2, 844, 1165, 1147, 15, 8.29%, 396, 3, 5, 14.90
1747812014, 2, 848, 1165, 1147, 15, 8.29%, 396, 3, 5, 14.48
1747812050, 2, 848, 1166, 1148, 15, 8.30%, 396, 3, 5, 8.76
1747812163, 2, 848, 1167, 1149, 15, 8.30%, 396, 3, 5, 8.14
1747812178, 2, 848, 1168, 1150, 15, 8.30%, 396, 3, 5, 7.69
1747812219, 2, 848, 1169, 1151, 15, 8.30%, 396, 3, 5, 7.50
1747812326, 2, 848, 1170, 1152, 15, 8.30%, 396, 3, 5, 10.20
1747812538, 2, 849, 1170, 1151, 13, 8.30%, 396, 3, 5, 14.42
1747812543, 2, 850, 1170, 1151, 13, 8.30%, 396, 3, 5, 16.42
1747812553, 2, 852, 1170, 1151, 13, 8.30%, 396, 3, 5, 14.40
1747812563, 2, 854, 1170, 1151, 13, 8.30%, 396, 3, 5, 13.67
1747812573, 2, 855, 1170, 1151, 13, 8.30%, 396, 3, 5, 14.28
1747812583, 2, 856, 1170, 1151, 13, 8.30%, 396, 3, 5, 13.63
1747812594, 2, 857, 1170, 1151, 13, 8.30%, 396, 3, 5, 14.28
1747812599, 2, 858, 1170, 1151, 13, 8.30%, 396, 3, 5, 14.54
1747812614, 2, 859, 1170, 1151, 13, 8.30%, 396, 3, 5, 13.65
1747812619, 2, 860, 1170, 1151, 13, 8.30%, 396, 3, 5, 15.18
1747812629, 2, 863, 1170, 1151, 13, 8.30%, 396, 3, 5, 12.87
1747812640, 2, 864, 1170, 1151, 13, 8.30%, 396, 3, 5, 14.85
1747812650, 2, 865, 1170, 1151, 13, 8.30%, 396, 3, 5, 14.47
1747812660, 2, 866, 1170, 1151, 13, 8.30%, 396, 3, 5, 13.48
1747812670, 2, 867, 1170, 1151, 13, 8.30%, 396, 3, 5, 14.33
1747812681, 2, 868, 1170, 1151, 13, 8.30%, 396, 3, 5, 13.58
1747812691, 2, 869, 1170, 1151, 13, 8.30%, 396, 3, 5, 14.65
1747812696, 2, 870, 1170, 1151, 13, 8.30%, 396, 3, 5, 13.24
1747812706, 2, 872, 1170, 1151, 13, 8.30%, 396, 3, 5, 14.37
1747812717, 2, 873, 1170, 1151, 13, 8.30%, 396, 3, 5, 14.10
1747812727, 2, 874, 1170, 1151, 13, 8.30%, 396, 3, 5, 14.06
1747812737, 2, 875, 1170, 1151, 13, 8.30%, 396, 3, 5, 13.62
1747812747, 2, 876, 1170, 1151, 13, 8.30%, 396, 3, 5, 14.09
1747812757, 2, 878, 1170, 1151, 13, 8.30%, 396, 3, 5, 14.07
1747812768, 2, 879, 1170, 1151, 13, 8.30%, 396, 3, 5, 13.95
1747812773, 2, 882, 1170, 1151, 13, 8.30%, 396, 3, 5, 13.76
1747812783, 2, 883, 1170, 1151, 13, 8.30%, 396, 3, 5, 14.01
1747812794, 2, 884, 1170, 1151, 13, 8.30%, 396, 3, 5, 16.43
1747812804, 2, 885, 1170, 1151, 13, 8.30%, 396, 3, 5, 14.77
1747812814, 2, 886, 1170, 1151, 13, 8.30%, 396, 3, 5, 12.98
1747812825, 2, 887, 1170, 1151, 13, 8.30%, 396, 3, 5, 13.07
1747812830, 2, 889, 1170, 1151, 13, 8.30%, 396, 3, 5, 14.55
1747812840, 2, 890, 1170, 1151, 13, 8.30%, 396, 3, 5, 14.78
1747812850, 2, 891, 1170, 1151, 13, 8.30%, 396, 3, 5, 13.94
1747812861, 2, 892, 1170, 1151, 13, 8.30%, 396, 3, 5, 14.54
1747812866, 2, 893, 1170, 1151, 13, 8.30%, 396, 3, 5, 15.15
1747812876, 2, 894, 1170, 1151, 13, 8.30%, 396, 3, 5, 14.33
1747812886, 2, 896, 1170, 1151, 13, 8.30%, 396, 3, 5, 13.55
1747812896, 2, 898, 1170, 1151, 13, 8.30%, 396, 3, 5, 12.72
1747812907, 2, 899, 1170, 1151, 13, 8.30%, 396, 3, 5, 15.01
1747812917, 2, 900, 1170, 1151, 13, 8.30%, 396, 3, 5, 11.54
1747812922, 2, 900, 1171, 1152, 13, 8.30%, 396, 3, 5, 15.15
1747812937, 2, 901, 1171, 1152, 14, 8.30%, 396, 3, 5, 14.65
1747812948, 2, 902, 1171, 1152, 14, 8.30%, 396, 3, 5, 13.95
1747812958, 2, 903, 1171, 1152, 14, 8.30%, 396, 3, 5, 16.13
1747812968, 2, 904, 1171, 1152, 14, 8.30%, 396, 3, 5, 14.18
1747812978, 2, 906, 1171, 1152, 14, 8.30%, 396, 3, 5, 15.52
1747812983, 2, 909, 1171, 1152, 14, 8.30%, 396, 3, 5, 14.14
1747812994, 2, 910, 1171, 1152, 14, 8.30%, 396, 3, 5, 15.24
1747813004, 2, 911, 1171, 1152, 14, 8.30%, 396, 3, 5, 14.01
1747813014, 2, 913, 1171, 1152, 14, 8.30%, 396, 3, 5, 14.29
1747813024, 2, 915, 1171, 1152, 14, 8.30%, 396, 3, 5, 13.96
1747813034, 2, 917, 1171, 1152, 14, 8.30%, 396, 3, 5, 14.81
1747813040, 2, 919, 1171, 1152, 14, 8.30%, 396, 3, 5, 14.18
1747813050, 2, 923, 1171, 1152, 14, 8.30%, 396, 3, 5, 14.36
1747813060, 2, 924, 1171, 1152, 14, 8.30%, 396, 3, 5, 14.43
1747813070, 2, 925, 1171, 1152, 14, 8.30%, 396, 3, 5, 13.28
1747813081, 2, 926, 1171, 1152, 14, 8.30%, 396, 3, 5, 16.07
1747813086, 2, 928, 1171, 1152, 14, 8.30%, 396, 3, 5, 14.93
1747813096, 2, 929, 1171, 1152, 14, 8.30%, 396, 3, 5, 14.18
1747813106, 2, 930, 1171, 1152, 14, 8.30%, 396, 3, 5, 14.06
1747813116, 2, 931, 1171, 1152, 14, 8.30%, 396, 3, 5, 16.28
1747813127, 2, 932, 1171, 1152, 14, 8.30%, 396, 3, 5, 12.93
1747813132, 2, 933, 1171, 1152, 14, 8.30%, 396, 3, 5, 13.27
1747813143, 2, 934, 1171, 1152, 14, 8.30%, 396, 3, 5, 14.46
1747813153, 2, 936, 1171, 1152, 14, 8.30%, 396, 3, 5, 12.40
1747813163, 2, 937, 1171, 1152, 14, 8.30%, 396, 3, 5, 12.92
1747813174, 2, 938, 1171, 1152, 14, 8.30%, 396, 3, 5, 14.18
1747813184, 2, 939, 1171, 1152, 14, 8.30%, 396, 3, 5, 13.18
1747813194, 2, 941, 1171, 1152, 14, 8.30%, 396, 3, 5, 14.01
1747813199, 2, 942, 1171, 1152, 14, 8.30%, 396, 3, 5, 14.86
1747813210, 2, 944, 1171, 1152, 14, 8.30%, 396, 3, 5, 12.96
1747813220, 2, 945, 1171, 1152, 14, 8.30%, 396, 3, 5, 14.95
1747813230, 2, 946, 1171, 1152, 14, 8.30%, 396, 3, 5, 12.85
1747813240, 2, 947, 1171, 1152, 14, 8.30%, 396, 3, 5, 14.23
1747813250, 2, 948, 1171, 1152, 14, 8.30%, 396, 3, 5, 13.85
1747813256, 2, 949, 1171, 1152, 14, 8.30%, 396, 3, 5, 16.07
1747813266, 2, 951, 1171, 1152, 14, 8.30%, 396, 3, 5, 13.72
1747813276, 2, 952, 1171, 1152, 14, 8.30%, 396, 3, 5, 15.05
1747813287, 2, 953, 1171, 1152, 14, 8.30%, 396, 3, 5, 13.72
1747813297, 2, 954, 1171, 1152, 14, 8.30%, 396, 3, 5, 13.75
1747813307, 2, 955, 1171, 1152, 14, 8.30%, 396, 3, 5, 14.44
1747813312, 2, 956, 1171, 1152, 14, 8.30%, 396, 3, 5, 14.71
1747813323, 2, 957, 1171, 1152, 14, 8.30%, 396, 3, 5, 15.75
1747813333, 2, 958, 1171, 1152, 14, 8.30%, 396, 3, 5, 12.74
1747813343, 2, 959, 1171, 1152, 14, 8.30%, 396, 3, 5, 14.02
1747813354, 2, 961, 1171, 1152, 14, 8.30%, 396, 3, 5, 13.12
1747813364, 2, 963, 1171, 1152, 14, 8.30%, 396, 3, 5, 13.83
1747813374, 2, 964, 1171, 1152, 14, 8.30%, 396, 3, 5, 14.71
1747813379, 2, 965, 1171, 1152, 14, 8.30%, 396, 3, 5, 14.82
1747813390, 2, 966, 1171, 1152, 14, 8.30%, 396, 3, 5, 14.28
1747813400, 2, 967, 1171, 1152, 14, 8.30%, 396, 3, 5, 15.32
1747813410, 2, 968, 1171, 1152, 14, 8.30%, 396, 3, 5, 14.48
1747813420, 2, 969, 1171, 1152, 14, 8.30%, 396, 3, 5, 13.25
1747813431, 2, 970, 1171, 1152, 14, 8.30%, 396, 3, 5, 12.97
1747813436, 2, 971, 1171, 1152, 14, 8.30%, 396, 3, 5, 14.21
1747813446, 2, 972, 1171, 1152, 14, 8.30%, 396, 3, 5, 13.85
1747813456, 2, 972, 1173, 1154, 14, 8.30%, 396, 3, 5, 13.15
1747813492, 2, 973, 1173, 1154, 14, 8.30%, 396, 3, 5, 12.92
1747813503, 2, 975, 1173, 1154, 14, 8.30%, 396, 3, 5, 13.35
1747813508, 2, 976, 1173, 1154, 14, 8.30%, 396, 3, 5, 15.04
1747813518, 2, 977, 1173, 1154, 14, 8.30%, 396, 3, 5, 14.84
1747813528, 2, 978, 1173, 1154, 14, 8.30%, 396, 3, 5, 14.40
1747813538, 2, 979, 1173, 1154, 14, 8.30%, 396, 3, 5, 13.89
1747813548, 2, 980, 1173, 1154, 14, 8.30%, 396, 3, 5, 14.64
1747813559, 2, 981, 1173, 1154, 14, 8.30%, 396, 3, 5, 14.70
1747813564, 2, 982, 1173, 1154, 14, 8.30%, 396, 3, 5, 14.28
1747813574, 2, 984, 1173, 1154, 14, 8.30%, 396, 3, 5, 14.43
1747813584, 2, 985, 1173, 1154, 14, 8.30%, 396, 3, 5, 13.94
1747813595, 2, 986, 1173, 1154, 14, 8.30%, 396, 3, 5, 14.05
1747813794, 2, 986, 1174, 1155, 14, 8.30%, 396, 3, 5, 10.24
1747813841, 2, 986, 1176, 1157, 14, 8.30%, 396, 3, 5, 12.33
1747813851, 2, 986, 1177, 1158, 14, 8.30%, 396, 3, 5, 10.67
1747813866, 2, 986, 1178, 1159, 14, 8.30%, 396, 3, 5, 12.41
1747813897, 2, 989, 1178, 1158, 13, 8.30%, 396, 3, 5, 9.42
1747813907, 2, 991, 1178, 1158, 13, 8.30%, 396, 3, 5, 13.19
1747813912, 2, 992, 1178, 1158, 13, 8.30%, 396, 3, 5, 15.06
1747813923, 2, 993, 1178, 1158, 13, 8.30%, 396, 3, 5, 13.32
1747813933, 2, 994, 1178, 1158, 13, 8.30%, 396, 3, 5, 13.71
1747813943, 2, 995, 1178, 1158, 13, 8.30%, 396, 3, 5, 13.14
1747813954, 2, 996, 1178, 1158, 13, 8.30%, 396, 3, 5, 14.07
1747813964, 2, 997, 1178, 1158, 13, 8.30%, 396, 3, 5, 14.20
1747813969, 2, 997, 1178, 1158, 13, 8.30%, 397, 3, 5, 12.68
1747813974, 2, 998, 1178, 1158, 13, 8.30%, 397, 3, 5, 13.83
1747813980, 2, 999, 1178, 1158, 13, 8.30%, 397, 3, 5, 14.64
1747813990, 2, 1000, 1178, 1158, 13, 8.30%, 397, 3, 5, 13.23
1747814000, 2, 1001, 1178, 1158, 13, 8.30%, 397, 3, 5, 14.15
1747814011, 2, 1005, 1178, 1158, 13, 8.30%, 397, 3, 5, 13.76
1747814021, 2, 1006, 1178, 1158, 13, 8.30%, 397, 3, 5, 12.71
1747814031, 2, 1007, 1178, 1158, 13, 8.30%, 397, 3, 5, 14.36
1747814041, 2, 1008, 1178, 1158, 13, 8.30%, 397, 3, 5, 13.68
1747814051, 2, 1009, 1178, 1158, 13, 8.30%, 397, 3, 5, 12.74
1747814062, 2, 1010, 1178, 1158, 13, 8.30%, 397, 3, 5, 13.62
1747814072, 2, 1011, 1178, 1158, 13, 8.30%, 397, 3, 5, 15.96
1747814083, 2, 1012, 1178, 1158, 13, 8.30%, 397, 3, 5, 14.11
1747814088, 2, 1013, 1178, 1158, 13, 8.30%, 397, 3, 5, 14.41
1747814098, 2, 1014, 1178, 1158, 13, 8.30%, 397, 3, 5, 12.49
1747814108, 2, 1015, 1178, 1158, 13, 8.30%, 397, 3, 5, 12.48
1747814119, 2, 1016, 1178, 1158, 13, 8.30%, 397, 3, 5, 14.47
1747814129, 2, 1017, 1178, 1158, 13, 8.30%, 397, 3, 5, 13.14
1747814139, 2, 1018, 1178, 1158, 13, 8.30%, 397, 3, 5, 12.70
1747814150, 2, 1019, 1178, 1158, 13, 8.30%, 397, 3, 5, 13.36
1747814160, 2, 1020, 1178, 1158, 13, 8.30%, 397, 3, 5, 14.53
1747814170, 2, 1022, 1178, 1158, 13, 8.30%, 397, 3, 5, 13.12
1747814181, 2, 1023, 1178, 1158, 13, 8.30%, 397, 3, 5, 14.82
1747814191, 2, 1023, 1179, 1159, 13, 8.30%, 397, 3, 5, 13.39
1747814196, 2, 1024, 1179, 1159, 13, 8.30%, 397, 3, 5, 14.46
1747814206, 2, 1025, 1179, 1159, 13, 8.30%, 397, 3, 5, 13.27
1747814216, 2, 1027, 1179, 1159, 13, 8.30%, 397, 3, 5, 15.15
1747814227, 2, 1028, 1179, 1159, 13, 8.30%, 397, 3, 5, 13.49
1747814237, 2, 1029, 1179, 1159, 13, 8.30%, 397, 3, 5, 14.93
1747814247, 2, 1031, 1179, 1159, 13, 8.30%, 397, 3, 5, 13.95
1747814252, 2, 1032, 1179, 1159, 13, 8.30%, 397, 3, 5, 13.39
1747814263, 2, 1033, 1179, 1159, 13, 8.30%, 397, 3, 5, 15.67
1747814273, 2, 1034, 1179, 1159, 13, 8.30%, 397, 3, 5, 13.48
1747814283, 2, 1035, 1179, 1159, 13, 8.30%, 397, 3, 5, 14.47
1747814293, 2, 1037, 1179, 1159, 13, 8.30%, 397, 3, 5, 13.52
1747814303, 2, 1039, 1179, 1159, 13, 8.30%, 397, 3, 5, 14.12
1747814314, 2, 1041, 1179, 1159, 13, 8.30%, 397, 3, 5, 15.23
1747814319, 2, 1043, 1179, 1159, 13, 8.30%, 397, 3, 5, 14.30
1747814329, 2, 1044, 1179, 1159, 13, 8.30%, 397, 3, 5, 14.80
1747814339, 2, 1045, 1179, 1159, 13, 8.30%, 397, 3, 5, 12.85
1747814355, 2, 1046, 1179, 1159, 13, 8.30%, 397, 3, 5, 13.55
1747814360, 2, 1047, 1179, 1159, 13, 8.30%, 397, 3, 5, 14.31
1747814370, 2, 1048, 1179, 1159, 13, 8.30%, 397, 3, 5, 15.14
1747814380, 2, 1049, 1179, 1159, 13, 8.30%, 397, 3, 5, 13.78
1747814391, 2, 1050, 1179, 1159, 13, 8.30%, 397, 3, 5, 14.14
1747814401, 2, 1051, 1179, 1159, 13, 8.30%, 397, 3, 5, 14.95
1747814406, 2, 1053, 1179, 1159, 13, 8.30%, 397, 3, 5, 13.92
1747814416, 2, 1054, 1179, 1159, 13, 8.30%, 397, 3, 5, 14.16
1747814427, 2, 1055, 1179, 1159, 13, 8.30%, 397, 3, 5, 13.11
1747814437, 2, 1056, 1179, 1159, 13, 8.30%, 397, 3, 5, 13.32
1747814447, 2, 1057, 1179, 1159, 13, 8.30%, 397, 3, 5, 15.05
1747814457, 2, 1061, 1179, 1159, 13, 8.30%, 397, 3, 5, 13.41
1747814468, 2, 1063, 1179, 1159, 13, 8.30%, 397, 3, 5, 14.58
1747814478, 2, 1066, 1179, 1159, 13, 8.30%, 397, 3, 5, 13.19
1747814483, 2, 1067, 1179, 1159, 13, 8.30%, 397, 3, 5, 14.47
1747814493, 2, 1068, 1179, 1159, 13, 8.30%, 397, 3, 5, 13.59
1747814504, 2, 1070, 1179, 1159, 13, 8.30%, 397, 3, 5, 13.49
1747814514, 2, 1071, 1179, 1159, 13, 8.30%, 397, 3, 5, 12.60
1747814524, 2, 1072, 1179, 1159, 13, 8.30%, 398, 3, 5, 13.53
1747814534, 2, 1073, 1179, 1159, 13, 8.30%, 398, 3, 5, 14.49
1747814539, 2, 1074, 1179, 1159, 13, 8.30%, 398, 3, 5, 15.49
1747814550, 2, 1076, 1179, 1159, 13, 8.30%, 398, 3, 5, 15.60
1747814560, 2, 1078, 1179, 1159, 13, 8.30%, 398, 3, 5, 13.29
1747814570, 2, 1079, 1179, 1159, 13, 8.30%, 398, 3, 5, 13.86
1747814580, 2, 1080, 1179, 1159, 13, 8.30%, 398, 3, 5, 13.46
1747814585, 2, 1081, 1179, 1159, 13, 8.30%, 398, 3, 5, 14.25
1747814601, 2, 1082, 1179, 1159, 13, 8.30%, 398, 3, 5, 13.65
1747814606, 2, 1083, 1179, 1159, 13, 8.30%, 398, 3, 5, 15.15
1747814616, 2, 1084, 1179, 1159, 13, 8.30%, 398, 3, 5, 14.12
1747814626, 2, 1086, 1179, 1159, 13, 8.30%, 398, 3, 5, 13.25
1747814637, 2, 1087, 1179, 1159, 13, 8.30%, 398, 3, 5, 13.22
1747814647, 2, 1088, 1179, 1159, 13, 8.30%, 398, 3, 5, 13.20
1747814657, 2, 1089, 1179, 1159, 13, 8.30%, 398, 3, 5, 15.30
1747814662, 2, 1090, 1179, 1159, 13, 8.30%, 398, 3, 5, 15.01
1747814672, 2, 1091, 1179, 1159, 13, 8.30%, 398, 3, 5, 13.23
1747814683, 2, 1092, 1179, 1159, 13, 8.30%, 398, 3, 5, 13.55
1747814693, 2, 1093, 1179, 1159, 13, 8.30%, 398, 3, 5, 14.82
1747814703, 2, 1094, 1179, 1159, 13, 8.30%, 398, 3, 5, 6.35
1747814714, 2, 1095, 1181, 1161, 13, 8.30%, 398, 3, 5, 16.76
1747814719, 2, 1095, 1182, 1162, 13, 8.30%, 398, 3, 5, 18.50
1747814724, 2, 1095, 1183, 1163, 13, 8.30%, 398, 3, 5, 19.10
1747814750, 2, 1095, 1184, 1164, 13, 8.30%, 398, 3, 5, 19.06
1747814755, 2, 1095, 1188, 1168, 13, 8.30%, 398, 3, 5, 16.72
1747814760, 2, 1095, 1189, 1169, 13, 8.30%, 398, 3, 5, 15.87
1747814790, 2, 1095, 1192, 1172, 13, 8.30%, 398, 3, 5, 17.98
1747814862, 2, 1096, 1192, 1171, 13, 8.30%, 398, 3, 5, 9.68
1747814868, 2, 1097, 1192, 1171, 13, 8.30%, 398, 3, 5, 12.62
1747814878, 2, 1098, 1192, 1171, 13, 8.30%, 398, 3, 5, 14.44
1747814888, 2, 1099, 1192, 1171, 13, 8.30%, 398, 3, 5, 13.54
1747814899, 2, 1100, 1192, 1171, 13, 8.30%, 398, 3, 5, 13.85
1747814909, 2, 1101, 1192, 1171, 13, 8.30%, 398, 3, 5, 15.42
1747814919, 2, 1102, 1192, 1171, 13, 8.30%, 398, 3, 5, 14.09
1747814929, 2, 1103, 1192, 1171, 13, 8.30%, 398, 3, 5, 12.68
1747814935, 2, 1104, 1192, 1171, 13, 8.30%, 398, 3, 5, 15.46
1747814945, 2, 1105, 1192, 1171, 13, 8.30%, 398, 3, 5, 14.63
1747814955, 2, 1106, 1192, 1171, 13, 8.30%, 398, 3, 5, 14.04
1747814965, 2, 1107, 1192, 1171, 13, 8.30%, 398, 3, 5, 14.41
1747814976, 2, 1108, 1192, 1171, 13, 8.30%, 398, 3, 5, 13.55
1747814986, 2, 1110, 1192, 1171, 13, 8.30%, 398, 3, 5, 13.13
1747814996, 2, 1111, 1192, 1171, 13, 8.30%, 398, 3, 5, 13.06
1747815001, 2, 1112, 1192, 1171, 13, 8.30%, 398, 3, 5, 14.00
1747815017, 2, 1113, 1192, 1171, 13, 8.30%, 398, 3, 5, 15.62
1747815022, 2, 1114, 1192, 1171, 13, 8.30%, 398, 3, 5, 13.81
1747815032, 2, 1116, 1192, 1171, 13, 8.30%, 398, 3, 5, 13.06
1747815042, 2, 1117, 1192, 1171, 13, 8.30%, 398, 3, 5, 13.44
1747815053, 2, 1118, 1192, 1171, 13, 8.30%, 398, 3, 5, 13.09
1747815063, 2, 1119, 1192, 1171, 13, 8.30%, 398, 3, 5, 13.20
1747815073, 2, 1121, 1192, 1171, 13, 8.30%, 398, 3, 5, 14.39
1747815084, 2, 1122, 1192, 1171, 13, 8.30%, 398, 3, 5, 13.17
1747815089, 2, 1124, 1192, 1171, 13, 8.30%, 398, 3, 5, 15.88
1747815099, 2, 1125, 1192, 1171, 13, 8.30%, 398, 3, 5, 14.19
1747815109, 2, 1127, 1192, 1171, 13, 8.30%, 398, 3, 5, 15.45
1747815119, 2, 1128, 1192, 1171, 13, 8.30%, 398, 3, 5, 14.69
1747815124, 2, 1129, 1192, 1171, 13, 8.30%, 398, 3, 5, 15.59
1747815135, 2, 1131, 1192, 1171, 13, 8.30%, 398, 3, 5, 14.59
1747815145, 2, 1133, 1192, 1171, 13, 8.30%, 398, 3, 5, 14.66
1747815155, 2, 1136, 1192, 1171, 13, 8.30%, 398, 3, 5, 13.29
1747815166, 2, 1137, 1192, 1171, 13, 8.30%, 398, 3, 5, 14.23
1747815176, 2, 1138, 1192, 1171, 13, 8.30%, 398, 3, 5, 13.70
1747815181, 2, 1139, 1192, 1171, 13, 8.30%, 398, 3, 5, 15.00
1747815191, 2, 1141, 1192, 1171, 13, 8.30%, 398, 3, 5, 12.52
1747815202, 2, 1143, 1192, 1171, 13, 8.30%, 398, 3, 5, 13.72
1747815207, 2, 1143, 1193, 1172, 13, 8.30%, 398, 3, 5, 11.48
1747815222, 2, 1145, 1193, 1172, 13, 8.30%, 398, 3, 5, 14.07
1747815233, 2, 1146, 1193, 1172, 13, 8.30%, 398, 3, 5, 14.68
1747815243, 2, 1147, 1193, 1172, 13, 8.30%, 398, 3, 5, 13.54
1747815253, 2, 1148, 1194, 1173, 13, 8.31%, 398, 3, 5, 13.77
1747815274, 2, 1149, 1194, 1173, 14, 8.31%, 398, 3, 5, 13.83
1747815284, 2, 1152, 1194, 1173, 14, 8.31%, 398, 3, 5, 14.74
1747815295, 2, 1153, 1194, 1173, 14, 8.31%, 398, 3, 5, 13.39
1747815305, 2, 1154, 1194, 1173, 14, 8.31%, 398, 3, 5, 14.97
1747815310, 2, 1155, 1194, 1173, 14, 8.31%, 398, 3, 5, 15.69
1747815320, 2, 1157, 1194, 1173, 14, 8.31%, 398, 3, 5, 13.76
1747815330, 2, 1158, 1194, 1173, 14, 8.31%, 398, 3, 5, 14.87
1747815341, 2, 1159, 1194, 1173, 14, 8.31%, 398, 3, 5, 13.49
1747815351, 2, 1160, 1194, 1173, 14, 8.31%, 398, 3, 5, 14.96
1747815356, 2, 1161, 1194, 1173, 14, 8.31%, 398, 3, 5, 14.90
1747815366, 2, 1162, 1194, 1173, 14, 8.31%, 398, 3, 5, 13.32
1747815377, 2, 1163, 1194, 1173, 14, 8.31%, 398, 3, 5, 14.06
1747815387, 2, 1165, 1194, 1173, 14, 8.31%, 398, 3, 5, 16.72
1747815392, 2, 1166, 1194, 1173, 14, 8.31%, 398, 3, 5, 14.37
1747815403, 2, 1167, 1194, 1173, 14, 8.31%, 398, 3, 5, 12.56
1747815413, 2, 1169, 1194, 1173, 14, 8.31%, 398, 3, 5, 14.47
1747815423, 2, 1170, 1194, 1173, 14, 8.31%, 398, 3, 5, 13.40
1747815434, 2, 1173, 1194, 1173, 14, 8.31%, 398, 3, 5, 13.09
1747815444, 2, 1174, 1194, 1173, 14, 8.31%, 398, 3, 5, 14.62
1747815454, 2, 1176, 1194, 1173, 14, 8.31%, 398, 3, 5, 13.47
1747815465, 2, 1179, 1194, 1173, 14, 8.31%, 398, 3, 5, 13.72
1747815470, 2, 1180, 1194, 1173, 14, 8.31%, 398, 3, 5, 15.07
1747815480, 2, 1182, 1194, 1173, 14, 8.31%, 398, 3, 5, 15.27
1747815490, 2, 1184, 1194, 1173, 14, 8.31%, 398, 3, 5, 14.12
1747815500, 2, 1185, 1194, 1173, 14, 8.31%, 398, 3, 5, 13.92
1747815511, 2, 1186, 1194, 1173, 14, 8.31%, 398, 3, 5, 13.88
1747815521, 2, 1189, 1194, 1173, 14, 8.31%, 398, 3, 5, 14.53
1747815526, 2, 1190, 1194, 1173, 14, 8.31%, 398, 3, 5, 14.73
1747815536, 2, 1191, 1194, 1173, 14, 8.31%, 398, 3, 5, 14.27
1747815547, 2, 1193, 1194, 1173, 14, 8.31%, 398, 3, 5, 13.35
1747815557, 3, 0, 1194, 1173, 14, 8.31%, 398, 3, 5, 14.16
1747815567, 3, 1, 1194, 1173, 14, 8.31%, 398, 3, 5, 14.23
1747815572, 3, 2, 1194, 1173, 14, 8.31%, 398, 3, 5, 15.00
1747815583, 3, 3, 1194, 1173, 14, 8.31%, 398, 3, 5, 14.32
1747815593, 3, 6, 1194, 1173, 14, 8.31%, 398, 3, 5, 15.20
1747815603, 3, 8, 1194, 1173, 14, 8.31%, 398, 3, 5, 14.74
1747815613, 3, 10, 1194, 1173, 14, 8.31%, 398, 3, 5, 13.30
1747815623, 3, 11, 1194, 1173, 14, 8.31%, 398, 3, 5, 13.68
1747815634, 3, 12, 1194, 1173, 14, 8.31%, 398, 3, 5, 15.07
1747815639, 3, 13, 1194, 1173, 14, 8.31%, 398, 3, 5, 14.50
1747815649, 3, 14, 1194, 1173, 14, 8.31%, 398, 3, 5, 14.28
1747815659, 3, 15, 1194, 1173, 14, 8.31%, 398, 3, 5, 13.19
1747815669, 3, 17, 1194, 1173, 14, 8.31%, 398, 3, 5, 15.12
1747815675, 3, 18, 1194, 1173, 14, 8.31%, 398, 3, 5, 15.72
1747815685, 3, 19, 1194, 1173, 14, 8.31%, 398, 3, 5, 12.91
1747815695, 3, 20, 1194, 1173, 14, 8.31%, 398, 3, 5, 13.60
1747815706, 3, 22, 1194, 1173, 14, 8.31%, 398, 3, 5, 13.94
1747815716, 3, 23, 1195, 1174, 14, 8.31%, 398, 3, 5, 11.91
1747815737, 3, 25, 1195, 1174, 14, 8.31%, 398, 3, 5, 13.61
1747815747, 3, 26, 1195, 1174, 14, 8.31%, 398, 3, 5, 12.51
1747815757, 3, 27, 1195, 1174, 14, 8.31%, 398, 3, 5, 17.60
1747815767, 3, 31, 1195, 1174, 14, 8.31%, 398, 3, 5, 14.59
1747815778, 3, 32, 1195, 1174, 14, 8.31%, 398, 3, 5, 13.99
1747815788, 3, 33, 1195, 1174, 14, 8.31%, 398, 3, 5, 14.03
1747815798, 3, 34, 1195, 1174, 14, 8.31%, 398, 3, 5, 14.65
1747815803, 3, 35, 1195, 1174, 14, 8.31%, 398, 3, 5, 14.59
1747815814, 3, 36, 1195, 1174, 14, 8.31%, 398, 3, 5, 12.92
1747815824, 3, 37, 1195, 1174, 14, 8.31%, 398, 3, 5, 13.32
1747815834, 3, 38, 1195, 1174, 14, 8.31%, 398, 3, 5, 13.31
1747815844, 3, 39, 1195, 1174, 14, 8.31%, 398, 3, 5, 14.81
1747815854, 3, 40, 1195, 1174, 14, 8.31%, 398, 3, 5, 13.13
1747815865, 3, 41, 1195, 1174, 14, 8.31%, 398, 3, 5, 13.56
1747815875, 3, 42, 1195, 1174, 14, 8.31%, 398, 3, 5, 13.99
1747815885, 3, 43, 1195, 1174, 14, 8.31%, 398, 3, 5, 17.49
1747815895, 3, 44, 1195, 1174, 14, 8.31%, 398, 3, 5, 14.03
1747815905, 3, 45, 1195, 1174, 14, 8.31%, 398, 3, 5, 13.77
1747815910, 3, 46, 1195, 1174, 14, 8.31%, 398, 3, 5, 15.12
1747815921, 3, 47, 1195, 1174, 14, 8.31%, 398, 3, 5, 12.94
1747815926, 3, 47, 1195, 1174, 14, 8.31%, 399, 3, 5, 12.67
1747815931, 3, 48, 1195, 1174, 14, 8.31%, 399, 3, 5, 13.96
1747815941, 3, 49, 1195, 1174, 14, 8.31%, 399, 3, 5, 12.33
1747815951, 3, 52, 1195, 1174, 14, 8.31%, 399, 3, 5, 14.02
1747815962, 3, 53, 1195, 1174, 14, 8.31%, 399, 3, 5, 14.10
1747815972, 3, 54, 1195, 1174, 14, 8.31%, 399, 3, 5, 14.94
1747815982, 3, 55, 1195, 1174, 14, 8.31%, 399, 3, 5, 15.35
1747815987, 3, 56, 1195, 1174, 14, 8.31%, 399, 3, 5, 13.00
1747816002, 3, 57, 1195, 1174, 14, 8.31%, 399, 3, 5, 12.87
1747816013, 3, 58, 1195, 1174, 14, 8.31%, 399, 3, 5, 13.14
1747816018, 3, 59, 1195, 1174, 14, 8.31%, 399, 3, 5, 13.90
1747816033, 3, 61, 1195, 1174, 14, 8.31%, 399, 3, 5, 13.12
1747816039, 3, 62, 1195, 1174, 14, 8.31%, 399, 3, 5, 12.98
1747816049, 3, 63, 1195, 1174, 14, 8.31%, 399, 3, 5, 13.94
1747816059, 3, 64, 1195, 1174, 14, 8.31%, 399, 3, 5, 14.67
1747816069, 3, 65, 1195, 1174, 14, 8.31%, 399, 3, 5, 14.69
1747816080, 3, 66, 1195, 1174, 14, 8.31%, 399, 3, 5, 14.52
1747816085, 3, 67, 1195, 1174, 14, 8.31%, 399, 3, 5, 14.49
1747816095, 3, 68, 1195, 1174, 14, 8.31%, 399, 3, 5, 14.39
1747816105, 3, 69, 1195, 1174, 14, 8.31%, 399, 3, 5, 14.63
1747816116, 3, 71, 1195, 1174, 14, 8.31%, 399, 3, 5, 13.84
1747816126, 3, 73, 1195, 1174, 14, 8.31%, 399, 3, 5, 15.40
1747816136, 3, 74, 1195, 1174, 14, 8.31%, 399, 3, 5, 14.93
1747816141, 3, 75, 1195, 1174, 14, 8.31%, 399, 3, 5, 13.88
1747816152, 3, 76, 1195, 1174, 14, 8.31%, 399, 3, 5, 13.07
1747816157, 3, 76, 1196, 1175, 14, 8.31%, 399, 3, 5, 13.33
1747816172, 3, 77, 1196, 1175, 14, 8.31%, 399, 3, 5, 15.84
1747816182, 3, 78, 1196, 1175, 14, 8.31%, 399, 3, 5, 13.37
1747816192, 3, 80, 1196, 1175, 14, 8.31%, 399, 3, 5, 13.26
1747816197, 3, 81, 1196, 1175, 14, 8.31%, 399, 3, 5, 14.89
1747816208, 3, 82, 1196, 1175, 14, 8.31%, 399, 3, 5, 15.38
1747816218, 3, 83, 1196, 1175, 14, 8.31%, 399, 3, 5, 13.78
1747816228, 3, 85, 1196, 1175, 14, 8.31%, 399, 3, 5, 14.59
1747816238, 3, 86, 1196, 1175, 14, 8.31%, 399, 3, 5, 12.65
1747816249, 3, 87, 1196, 1175, 14, 8.31%, 399, 3, 5, 12.61
1747816259, 3, 88, 1196, 1175, 14, 8.31%, 399, 3, 5, 14.64
1747816264, 3, 90, 1196, 1175, 14, 8.31%, 399, 3, 5, 14.19
1747816275, 3, 91, 1196, 1175, 14, 8.31%, 399, 3, 5, 13.17
1747816285, 3, 93, 1196, 1175, 14, 8.31%, 399, 3, 5, 14.09
1747816295, 3, 95, 1196, 1175, 14, 8.31%, 399, 3, 5, 14.33
1747816306, 3, 96, 1196, 1175, 14, 8.31%, 399, 3, 5, 14.21
1747816316, 3, 97, 1196, 1175, 14, 8.31%, 399, 3, 5, 13.46
1747816327, 3, 98, 1196, 1175, 14, 8.31%, 399, 3, 5, 14.50
1747816337, 3, 100, 1196, 1175, 14, 8.31%, 399, 3, 5, 13.02
1747816347, 3, 101, 1196, 1175, 14, 8.31%, 399, 3, 5, 14.16
1747816352, 3, 102, 1196, 1175, 14, 8.31%, 399, 3, 5, 14.32
1747816362, 3, 103, 1196, 1175, 14, 8.31%, 399, 3, 5, 15.38
1747816372, 3, 104, 1196, 1175, 14, 8.31%, 399, 3, 5, 13.34
1747816383, 3, 105, 1196, 1175, 14, 8.31%, 399, 3, 5, 12.75
1747816393, 3, 106, 1196, 1175, 14, 8.31%, 399, 3, 5, 14.86
1747816398, 3, 109, 1196, 1175, 14, 8.31%, 399, 3, 5, 13.91
1747816409, 3, 110, 1196, 1175, 14, 8.31%, 399, 3, 5, 13.34
1747816419, 3, 111, 1196, 1175, 14, 8.31%, 399, 3, 5, 11.90
1747816429, 3, 112, 1196, 1175, 14, 8.31%, 399, 3, 5, 12.30
1747816444, 3, 113, 1196, 1175, 14, 8.31%, 399, 3, 5, 13.10
1747816454, 3, 114, 1196, 1175, 14, 8.31%, 399, 3, 5, 13.45
1747816460, 3, 115, 1196, 1175, 14, 8.31%, 399, 3, 5, 12.85
1747816470, 3, 116, 1196, 1175, 14, 8.31%, 399, 3, 5, 15.15
1747816480, 3, 117, 1196, 1175, 14, 8.31%, 399, 3, 5, 14.37
1747816491, 3, 118, 1196, 1175, 14, 8.31%, 399, 3, 5, 13.25
1747816501, 3, 119, 1196, 1175, 14, 8.31%, 399, 3, 5, 13.62
1747816511, 3, 120, 1196, 1175, 14, 8.31%, 399, 3, 5, 12.56
1747816521, 3, 121, 1196, 1175, 14, 8.31%, 399, 3, 5, 13.19
1747816531, 3, 122, 1196, 1175, 14, 8.31%, 399, 3, 5, 14.03
1747816542, 3, 123, 1196, 1175, 14, 8.31%, 399, 3, 5, 13.00
1747816547, 3, 124, 1196, 1175, 14, 8.31%, 399, 3, 5, 14.07
1747816557, 3, 125, 1196, 1175, 14, 8.31%, 399, 3, 5, 14.03
1747816567, 3, 126, 1196, 1175, 14, 8.31%, 399, 3, 5, 14.46
1747816578, 3, 127, 1196, 1175, 14, 8.31%, 399, 3, 5, 14.15
1747816588, 3, 130, 1196, 1175, 14, 8.31%, 399, 3, 5, 13.04
1747816599, 3, 131, 1196, 1175, 14, 8.31%, 399, 3, 5, 14.79
1747816609, 3, 132, 1196, 1175, 14, 8.31%, 399, 3, 5, 14.19
1747816614, 3, 134, 1196, 1175, 14, 8.31%, 399, 3, 5, 14.87
1747816624, 3, 135, 1196, 1175, 14, 8.31%, 399, 3, 5, 14.09
1747816634, 3, 136, 1196, 1175, 14, 8.31%, 399, 3, 5, 14.34
1747816644, 3, 137, 1196, 1175, 14, 8.31%, 399, 3, 5, 13.37
1747816654, 3, 138, 1196, 1175, 14, 8.31%, 399, 3, 5, 14.99
1747816660, 3, 139, 1196, 1175, 14, 8.31%, 399, 3, 5, 13.60
1747816670, 3, 140, 1196, 1175, 14, 8.31%, 399, 3, 5, 14.43
1747816680, 3, 141, 1196, 1175, 14, 8.31%, 399, 3, 5, 13.59
1747816691, 3, 142, 1196, 1175, 14, 8.31%, 399, 3, 5, 13.87
1747816701, 3, 143, 1196, 1175, 14, 8.31%, 399, 3, 5, 13.59
1747816711, 3, 144, 1196, 1175, 14, 8.31%, 399, 3, 5, 14.72
1747816716, 3, 145, 1196, 1175, 14, 8.31%, 399, 3, 5, 13.57
1747816726, 3, 146, 1196, 1175, 14, 8.31%, 399, 3, 5, 14.93
1747816737, 3, 148, 1196, 1175, 14, 8.31%, 399, 3, 5, 14.32
1747816747, 3, 149, 1196, 1175, 14, 8.31%, 399, 3, 5, 14.92
1747816757, 3, 150, 1196, 1175, 14, 8.31%, 399, 3, 5, 13.68
1747816767, 3, 152, 1196, 1175, 14, 8.31%, 399, 3, 5, 13.93
1747816772, 3, 154, 1196, 1175, 14, 8.31%, 399, 3, 5, 15.56
1747816783, 3, 155, 1196, 1175, 14, 8.31%, 399, 3, 5, 14.30
1747816793, 3, 156, 1196, 1175, 14, 8.31%, 399, 3, 5, 12.32
1747816803, 3, 158, 1196, 1175, 14, 8.31%, 399, 3, 5, 15.27
1747816813, 3, 159, 1196, 1175, 14, 8.31%, 399, 3, 5, 14.34
1747816824, 3, 160, 1196, 1175, 14, 8.31%, 399, 3, 5, 14.71
1747816834, 3, 161, 1196, 1175, 14, 8.31%, 399, 3, 5, 12.92
1747816844, 3, 164, 1196, 1175, 14, 8.31%, 399, 3, 5, 14.93
1747816849, 3, 165, 1196, 1175, 14, 8.31%, 399, 3, 5, 15.62
1747816860, 3, 166, 1196, 1175, 14, 8.31%, 399, 3, 5, 14.21
1747816870, 3, 167, 1196, 1175, 14, 8.31%, 399, 3, 5, 13.56
1747816881, 3, 168, 1196, 1175, 14, 8.31%, 399, 3, 5, 13.41
1747816891, 3, 169, 1196, 1175, 14, 8.31%, 399, 3, 5, 13.95
1747816901, 3, 170, 1196, 1175, 14, 8.31%, 399, 3, 5, 14.56
1747816906, 3, 171, 1196, 1175, 14, 8.31%, 399, 3, 5, 14.79
1747816917, 3, 172, 1196, 1175, 14, 8.31%, 399, 3, 5, 14.53
1747816927, 3, 175, 1196, 1175, 14, 8.31%, 399, 3, 5, 13.93
1747816932, 3, 176, 1196, 1175, 14, 8.31%, 399, 3, 5, 15.10
1747816937, 3, 176, 1197, 1176, 14, 8.31%, 399, 3, 5, 10.74
1747816958, 3, 177, 1197, 1176, 14, 8.31%, 399, 3, 5, 14.53
1747816963, 3, 178, 1197, 1176, 14, 8.31%, 399, 3, 5, 14.92
1747816973, 3, 179, 1197, 1176, 14, 8.31%, 399, 3, 5, 14.19
1747816983, 3, 180, 1197, 1176, 14, 8.31%, 399, 3, 5, 14.32
1747816994, 3, 182, 1197, 1176, 14, 8.31%, 399, 3, 5, 13.93
1747817004, 3, 183, 1197, 1176, 14, 8.31%, 399, 3, 5, 15.51
1747817009, 3, 184, 1197, 1176, 14, 8.31%, 399, 3, 5, 14.71
1747817019, 3, 185, 1197, 1176, 14, 8.31%, 399, 3, 5, 15.35
1747817030, 3, 186, 1197, 1176, 14, 8.31%, 399, 3, 5, 13.82
1747817040, 3, 187, 1197, 1176, 14, 8.31%, 399, 3, 5, 14.56
1747817050, 3, 188, 1197, 1176, 14, 8.31%, 399, 3, 5, 13.91
1747817060, 3, 189, 1197, 1176, 14, 8.31%, 399, 3, 5, 14.19
1747817071, 3, 191, 1197, 1176, 14, 8.31%, 399, 3, 5, 13.48
1747817076, 3, 192, 1197, 1176, 14, 8.31%, 399, 3, 5, 14.26
1747817086, 3, 193, 1197, 1176, 14, 8.31%, 399, 3, 5, 14.80
1747817097, 3, 194, 1197, 1176, 14, 8.31%, 399, 3, 5, 13.91
1747817107, 3, 197, 1197, 1176, 14, 8.31%, 399, 3, 5, 13.15
1747817117, 3, 198, 1197, 1176, 14, 8.31%, 399, 3, 5, 14.13
1747817127, 3, 199, 1197, 1176, 14, 8.31%, 399, 3, 5, 13.14
1747817133, 3, 200, 1197, 1176, 14, 8.31%, 399, 3, 5, 14.16
1747817143, 3, 201, 1197, 1176, 14, 8.31%, 399, 3, 5, 15.20
1747817153, 3, 202, 1197, 1176, 14, 8.31%, 399, 3, 5, 14.94
1747817163, 3, 203, 1197, 1176, 14, 8.31%, 399, 3, 5, 14.18
1747817174, 3, 204, 1197, 1176, 14, 8.31%, 399, 3, 5, 13.78
1747817184, 3, 205, 1197, 1176, 14, 8.31%, 399, 3, 5, 11.42
1747817194, 3, 206, 1197, 1176, 14, 8.31%, 399, 3, 5, 14.73
1747817199, 3, 208, 1197, 1176, 14, 8.31%, 399, 3, 5, 14.54
1747817210, 3, 209, 1197, 1176, 14, 8.31%, 399, 3, 5, 15.02
1747817220, 3, 212, 1197, 1176, 14, 8.31%, 399, 3, 5, 12.92
1747817230, 3, 214, 1197, 1176, 14, 8.31%, 399, 3, 5, 13.93
1747817240, 3, 215, 1197, 1176, 14, 8.31%, 399, 3, 5, 14.66
1747817251, 3, 216, 1197, 1176, 14, 8.31%, 399, 3, 5, 14.02
1747817261, 3, 217, 1197, 1176, 14, 8.31%, 399, 3, 5, 14.20
1747817271, 3, 218, 1197, 1176, 14, 8.31%, 399, 3, 5, 12.11
1747817281, 3, 219, 1197, 1176, 14, 8.31%, 399, 3, 5, 14.42
1747817291, 3, 220, 1197, 1176, 14, 8.31%, 399, 3, 5, 13.72
1747817297, 3, 221, 1197, 1176, 14, 8.31%, 399, 3, 5, 15.74
1747817307, 3, 222, 1197, 1176, 14, 8.31%, 399, 3, 5, 14.30
1747817317, 3, 223, 1197, 1176, 14, 8.31%, 399, 3, 5, 14.93
1747817327, 3, 226, 1197, 1176, 14, 8.31%, 399, 3, 5, 14.60
1747817338, 3, 228, 1197, 1176, 14, 8.31%, 399, 3, 5, 14.05
1747817348, 3, 229, 1197, 1176, 14, 8.31%, 399, 3, 5, 14.72
1747817353, 3, 230, 1197, 1176, 14, 8.31%, 399, 3, 5, 14.84
1747817363, 3, 231, 1197, 1176, 14, 8.31%, 399, 3, 5, 14.03
1747817374, 3, 232, 1197, 1176, 14, 8.31%, 399, 3, 5, 15.44
1747817384, 3, 233, 1197, 1176, 14, 8.31%, 399, 3, 5, 15.85
1747817389, 3, 234, 1197, 1176, 14, 8.31%, 399, 3, 5, 15.60
1747817400, 3, 235, 1197, 1176, 14, 8.31%, 399, 3, 5, 14.39
1747817410, 3, 236, 1197, 1176, 14, 8.31%, 399, 3, 5, 13.44
1747817420, 3, 237, 1197, 1176, 14, 8.31%, 399, 3, 5, 13.88
1747817430, 3, 239, 1197, 1176, 14, 8.31%, 399, 3, 5, 13.10
1747817441, 3, 240, 1197, 1176, 14, 8.31%, 399, 3, 5, 14.50
1747817446, 3, 241, 1197, 1176, 14, 8.31%, 399, 3, 5, 15.21
