# unix_time, cycles_done, cur_path, paths_total, pending_total, pending_favs, map_size, unique_crashes, unique_hangs, max_depth, execs_per_sec
1747774285, 0, 0, 1, 1, 1, 4.98%, 0, 0, 1, 29.74
1747774290, 0, 0, 19, 19, 1, 5.13%, 0, 0, 2, 30.49
1747774295, 0, 0, 35, 35, 1, 5.13%, 0, 0, 2, 30.25
1747774300, 0, 0, 53, 53, 1, 5.13%, 0, 0, 2, 30.47
1747774305, 0, 0, 70, 70, 1, 5.13%, 0, 0, 2, 31.01
1747774310, 0, 0, 83, 83, 1, 6.24%, 0, 0, 2, 5.44
1747774315, 0, 0, 88, 88, 1, 6.29%, 0, 0, 2, 9.17
1747774321, 0, 0, 96, 96, 1, 6.40%, 0, 0, 2, 13.50
1747774326, 0, 0, 102, 102, 1, 6.41%, 0, 0, 2, 10.74
1747774331, 0, 0, 109, 109, 1, 6.41%, 0, 0, 2, 12.46
1747774336, 0, 0, 117, 117, 1, 6.65%, 0, 0, 2, 16.40
1747774341, 0, 0, 124, 124, 1, 6.80%, 0, 0, 2, 13.67
1747774346, 0, 0, 129, 129, 1, 6.80%, 0, 0, 2, 11.31
1747774351, 0, 0, 135, 135, 1, 6.81%, 0, 0, 2, 12.35
1747774357, 0, 0, 142, 142, 1, 6.81%, 0, 0, 2, 13.72
1747774362, 0, 0, 147, 147, 1, 6.81%, 0, 0, 2, 11.81
1747774367, 0, 0, 153, 153, 1, 6.81%, 0, 0, 2, 10.49
1747774372, 0, 0, 158, 158, 1, 6.81%, 0, 0, 2, 10.30
1747774377, 0, 0, 163, 163, 1, 6.81%, 0, 0, 2, 10.62
1747774382, 0, 0, 170, 170, 1, 6.81%, 0, 0, 2, 15.22
1747774387, 0, 0, 177, 177, 1, 6.81%, 0, 0, 2, 15.12
1747774393, 0, 0, 182, 182, 1, 6.81%, 0, 0, 2, 12.79
1747774398, 0, 0, 189, 189, 1, 6.82%, 0, 0, 2, 11.77
1747774403, 0, 0, 195, 195, 1, 6.82%, 0, 0, 2, 11.08
1747774408, 0, 0, 205, 205, 1, 6.82%, 0, 0, 2, 16.17
1747774413, 0, 0, 210, 210, 1, 6.82%, 0, 0, 2, 12.95
1747774418, 0, 0, 216, 216, 1, 6.82%, 0, 0, 2, 12.53
1747774423, 0, 0, 224, 224, 1, 6.82%, 0, 0, 2, 13.70
1747774429, 0, 0, 231, 231, 1, 6.82%, 0, 0, 2, 13.95
1747774434, 0, 0, 237, 237, 1, 6.82%, 0, 0, 2, 14.33
1747774439, 0, 0, 241, 241, 1, 6.82%, 0, 0, 2, 8.40
1747774444, 0, 0, 247, 247, 1, 6.82%, 0, 0, 2, 11.38
1747774449, 0, 0, 251, 251, 1, 6.82%, 0, 0, 2, 11.54
1747774455, 0, 0, 256, 256, 1, 6.82%, 0, 0, 2, 9.08
1747774460, 0, 0, 261, 261, 1, 6.82%, 0, 0, 2, 9.94
1747774465, 0, 0, 267, 267, 1, 6.82%, 0, 0, 2, 11.71
1747774470, 0, 0, 273, 273, 1, 6.82%, 0, 0, 2, 10.86
1747774475, 0, 0, 278, 278, 1, 6.82%, 0, 0, 2, 7.39
1747774481, 0, 0, 282, 282, 1, 6.82%, 0, 0, 2, 9.05
1747774486, 0, 0, 286, 286, 1, 6.82%, 0, 0, 2, 8.09
1747774491, 0, 0, 289, 289, 1, 6.82%, 0, 0, 2, 6.61
1747774496, 0, 0, 292, 292, 1, 6.82%, 0, 0, 2, 6.79
1747774501, 0, 0, 297, 297, 1, 6.82%, 0, 0, 2, 8.70
1747774506, 0, 0, 303, 303, 1, 6.82%, 0, 0, 2, 9.69
1747774511, 0, 0, 307, 307, 1, 6.82%, 0, 0, 2, 8.64
1747774516, 0, 0, 309, 309, 1, 6.82%, 0, 0, 2, 7.30
1747774521, 0, 0, 316, 316, 1, 6.82%, 0, 0, 2, 7.46
1747774527, 0, 0, 321, 321, 1, 6.82%, 0, 0, 2, 9.07
1747774532, 0, 0, 326, 326, 1, 6.82%, 0, 0, 2, 11.07
1747774537, 0, 0, 332, 332, 1, 6.82%, 0, 0, 2, 10.55
1747774542, 0, 0, 335, 335, 1, 6.82%, 0, 0, 2, 8.28
1747774547, 0, 0, 340, 340, 1, 6.82%, 0, 0, 2, 8.27
1747774552, 0, 0, 345, 345, 1, 6.82%, 0, 0, 2, 11.06
1747774557, 0, 0, 350, 350, 1, 6.82%, 0, 0, 2, 10.74
1747774563, 0, 0, 356, 356, 1, 6.82%, 0, 0, 2, 12.98
1747774568, 0, 0, 362, 362, 1, 6.82%, 0, 0, 2, 12.72
1747774573, 0, 0, 366, 366, 1, 6.82%, 0, 0, 2, 10.48
1747774578, 0, 0, 371, 371, 1, 6.82%, 0, 0, 2, 7.96
1747774583, 0, 0, 375, 375, 1, 6.82%, 0, 0, 2, 9.64
1747774588, 0, 0, 380, 380, 1, 6.82%, 0, 0, 2, 11.75
1747774593, 0, 0, 384, 384, 1, 6.82%, 0, 0, 2, 10.02
1747774599, 0, 0, 387, 387, 1, 6.82%, 0, 0, 2, 7.52
1747774604, 0, 0, 391, 391, 1, 6.82%, 0, 0, 2, 8.61
1747774609, 0, 0, 395, 395, 1, 6.82%, 0, 0, 2, 8.59
1747774614, 0, 0, 399, 399, 1, 6.83%, 0, 0, 2, 9.76
1747774619, 0, 0, 404, 404, 1, 6.83%, 0, 0, 2, 10.77
1747774624, 0, 0, 410, 410, 1, 6.83%, 0, 0, 2, 10.43
1747774629, 0, 0, 413, 413, 1, 6.83%, 0, 0, 2, 8.77
1747774634, 0, 0, 416, 416, 1, 6.83%, 0, 0, 2, 8.31
1747774639, 0, 0, 420, 420, 1, 6.83%, 0, 0, 2, 7.59
1747774644, 0, 0, 425, 425, 1, 6.83%, 0, 0, 2, 9.84
1747774650, 0, 0, 429, 429, 1, 6.83%, 0, 0, 2, 13.95
1747774655, 0, 0, 434, 434, 1, 6.83%, 0, 0, 2, 12.80
1747774660, 0, 0, 438, 438, 1, 6.83%, 0, 0, 2, 11.55
1747774665, 0, 0, 442, 442, 1, 6.84%, 0, 0, 2, 9.20
1747774670, 0, 0, 445, 445, 1, 6.84%, 0, 0, 2, 6.42
1747774676, 0, 0, 449, 449, 1, 6.84%, 0, 0, 2, 8.82
1747774681, 0, 0, 452, 452, 1, 6.84%, 0, 0, 2, 8.42
1747774686, 0, 0, 455, 455, 1, 6.84%, 0, 0, 2, 8.55
1747774691, 0, 0, 459, 459, 1, 6.84%, 0, 0, 2, 10.85
1747774696, 0, 0, 463, 463, 1, 6.84%, 0, 0, 2, 10.56
1747774701, 0, 0, 468, 468, 1, 6.84%, 0, 0, 2, 10.33
1747774706, 0, 0, 472, 472, 1, 6.84%, 0, 0, 2, 9.18
1747774712, 0, 0, 477, 477, 1, 6.84%, 0, 0, 2, 9.85
1747774717, 0, 0, 480, 480, 1, 6.84%, 0, 0, 2, 9.94
1747774722, 0, 0, 484, 484, 1, 6.84%, 0, 0, 2, 8.34
1747774727, 0, 0, 488, 488, 1, 6.84%, 0, 0, 2, 8.55
1747774732, 0, 0, 493, 493, 1, 6.84%, 0, 0, 2, 12.97
1747774737, 0, 0, 497, 497, 1, 6.84%, 0, 0, 2, 11.56
1747774742, 0, 0, 501, 501, 1, 6.84%, 0, 0, 2, 8.80
1747774747, 0, 0, 505, 505, 1, 6.84%, 0, 0, 2, 9.53
1747774752, 0, 0, 508, 508, 1, 6.84%, 0, 0, 2, 7.87
1747774758, 0, 0, 512, 512, 1, 6.84%, 0, 0, 2, 9.81
1747774763, 0, 0, 517, 517, 1, 6.84%, 0, 0, 2, 12.84
1747774768, 0, 0, 522, 522, 1, 6.84%, 0, 0, 2, 12.64
1747774773, 0, 0, 526, 526, 1, 6.84%, 0, 0, 2, 10.53
1747774778, 0, 0, 528, 528, 1, 6.84%, 0, 0, 2, 8.36
1747774783, 0, 0, 532, 532, 1, 6.84%, 0, 0, 2, 9.05
1747774789, 0, 0, 537, 537, 1, 6.84%, 0, 0, 2, 11.43
1747774794, 0, 0, 542, 542, 1, 6.84%, 0, 0, 2, 11.07
1747774799, 0, 0, 546, 546, 1, 6.84%, 0, 0, 2, 10.64
1747774804, 0, 0, 549, 549, 1, 6.84%, 0, 0, 2, 9.91
1747774809, 0, 0, 552, 552, 1, 6.84%, 0, 0, 2, 10.37
1747774814, 0, 0, 554, 554, 1, 6.84%, 0, 0, 2, 12.84
1747774819, 0, 0, 558, 558, 1, 6.84%, 0, 0, 2, 12.79
1747774824, 0, 0, 564, 564, 1, 6.84%, 0, 0, 2, 13.54
1747774829, 0, 0, 567, 567, 1, 6.84%, 0, 0, 2, 9.48
1747774835, 0, 0, 570, 570, 1, 6.84%, 0, 0, 2, 8.98
1747774840, 0, 0, 572, 572, 1, 6.84%, 0, 0, 2, 12.22
1747774845, 0, 0, 575, 575, 1, 6.84%, 0, 0, 2, 10.64
1747774850, 0, 0, 577, 577, 1, 6.84%, 0, 0, 2, 12.45
1747774855, 0, 0, 582, 582, 1, 6.84%, 0, 0, 2, 11.25
1747774860, 0, 0, 585, 585, 1, 6.84%, 0, 0, 2, 14.58
1747774865, 0, 0, 587, 587, 1, 6.84%, 0, 0, 2, 10.79
1747774870, 0, 0, 590, 590, 1, 6.84%, 0, 0, 2, 12.51
1747774875, 0, 0, 592, 592, 1, 6.84%, 0, 0, 2, 8.14
1747774880, 0, 0, 595, 595, 1, 6.84%, 0, 0, 2, 8.42
1747774885, 0, 0, 599, 599, 1, 6.84%, 0, 0, 2, 8.62
1747774890, 0, 0, 601, 601, 1, 6.84%, 0, 0, 2, 10.46
1747774896, 0, 0, 604, 604, 1, 6.84%, 0, 0, 2, 14.11
1747774901, 0, 0, 607, 607, 1, 6.84%, 0, 0, 2, 10.09
1747774906, 0, 0, 611, 611, 1, 6.84%, 0, 0, 2, 11.06
1747774911, 0, 0, 613, 613, 1, 6.84%, 0, 0, 2, 10.07
1747774916, 0, 0, 616, 616, 1, 6.84%, 0, 0, 2, 8.82
1747774921, 0, 0, 619, 619, 1, 6.84%, 0, 0, 2, 10.15
1747774926, 0, 0, 620, 620, 1, 6.84%, 0, 0, 2, 12.18
1747774931, 0, 0, 622, 622, 1, 6.84%, 0, 0, 2, 12.44
1747774936, 0, 0, 624, 624, 1, 6.84%, 0, 0, 2, 12.99
1747774942, 0, 0, 627, 627, 1, 6.84%, 0, 0, 2, 12.84
1747774947, 0, 0, 630, 630, 1, 6.84%, 0, 0, 2, 10.66
1747774957, 0, 0, 633, 633, 1, 6.84%, 0, 0, 2, 11.58
1747774963, 0, 0, 637, 637, 1, 6.84%, 0, 0, 2, 12.92
1747774973, 0, 0, 638, 638, 1, 6.84%, 0, 0, 2, 12.30
1747774978, 0, 0, 641, 641, 1, 6.84%, 0, 0, 2, 11.61
1747774983, 0, 0, 644, 644, 1, 6.84%, 0, 0, 2, 11.93
1747774989, 0, 0, 646, 646, 1, 6.84%, 0, 0, 2, 10.70
1747774994, 0, 0, 647, 647, 1, 6.84%, 0, 0, 2, 9.74
1747774999, 0, 0, 648, 648, 1, 6.84%, 0, 0, 2, 11.91
1747775004, 0, 0, 650, 650, 1, 6.84%, 0, 0, 2, 12.59
1747775009, 0, 0, 653, 653, 1, 6.84%, 0, 0, 2, 10.83
1747775014, 0, 0, 656, 656, 1, 6.84%, 0, 0, 2, 12.14
1747775019, 0, 0, 658, 658, 1, 6.84%, 0, 0, 2, 14.98
1747775024, 0, 0, 660, 660, 1, 6.84%, 0, 0, 2, 16.05
1747775029, 0, 0, 664, 664, 1, 6.84%, 0, 0, 2, 17.85
1747775034, 0, 0, 665, 665, 1, 6.84%, 0, 0, 2, 18.97
1747775040, 0, 0, 667, 667, 1, 6.84%, 0, 0, 2, 18.12
1747775045, 0, 0, 668, 668, 1, 6.84%, 0, 0, 2, 19.00
1747775050, 0, 0, 671, 671, 1, 6.84%, 0, 0, 2, 20.31
1747775055, 0, 0, 675, 675, 1, 6.84%, 0, 0, 2, 16.09
1747775060, 0, 0, 677, 677, 1, 6.84%, 0, 0, 2, 18.94
1747775065, 0, 0, 679, 679, 1, 6.85%, 0, 0, 2, 18.50
1747775070, 0, 0, 681, 681, 1, 6.85%, 0, 0, 2, 16.64
1747775080, 0, 0, 682, 682, 1, 6.85%, 0, 0, 2, 22.08
1747775085, 0, 0, 683, 683, 1, 6.85%, 0, 0, 2, 19.49
1747775091, 0, 0, 684, 684, 1, 6.85%, 0, 0, 2, 17.17
1747775096, 0, 0, 685, 685, 1, 6.85%, 0, 0, 2, 23.25
1747775101, 0, 0, 686, 686, 1, 6.85%, 0, 0, 2, 19.89
1747775106, 0, 0, 687, 687, 1, 6.85%, 0, 0, 2, 18.39
1747775116, 0, 0, 690, 690, 1, 6.85%, 0, 0, 2, 16.48
1747775127, 0, 0, 691, 691, 1, 6.85%, 0, 0, 2, 18.61
1747775132, 0, 0, 692, 692, 1, 6.85%, 0, 0, 2, 20.13
1747775137, 0, 0, 693, 693, 1, 6.85%, 0, 0, 2, 20.95
1747775152, 0, 0, 694, 694, 1, 6.85%, 0, 0, 2, 21.17
1747775157, 0, 0, 695, 695, 1, 6.85%, 0, 0, 2, 21.37
1747775162, 0, 0, 696, 696, 1, 6.85%, 0, 0, 2, 19.29
1747775167, 0, 0, 697, 697, 1, 6.85%, 0, 0, 2, 18.07
1747775172, 0, 0, 699, 699, 1, 6.85%, 0, 0, 2, 18.52
1747775182, 0, 0, 701, 701, 1, 6.85%, 0, 0, 2, 18.18
1747775218, 0, 0, 703, 703, 1, 6.85%, 0, 0, 2, 19.32
1747775228, 0, 2, 705, 704, 22, 6.85%, 0, 0, 2, 20.80
1747775233, 0, 2, 706, 705, 22, 6.85%, 0, 0, 2, 13.82
1747775239, 0, 2, 707, 706, 22, 6.85%, 0, 0, 2, 11.89
1747775244, 0, 2, 710, 709, 22, 6.85%, 0, 0, 2, 9.95
1747775249, 0, 2, 711, 710, 22, 6.85%, 0, 0, 2, 10.61
1747775254, 0, 2, 713, 712, 22, 6.85%, 0, 0, 2, 11.54
1747775264, 0, 2, 715, 714, 22, 6.85%, 0, 0, 2, 11.80
1747775269, 0, 2, 717, 716, 22, 6.85%, 0, 0, 2, 9.99
1747775289, 0, 2, 719, 718, 22, 6.85%, 0, 0, 2, 10.26
1747775295, 0, 2, 720, 719, 22, 6.85%, 0, 0, 2, 10.39
1747775300, 0, 2, 721, 720, 22, 6.85%, 0, 0, 2, 10.92
1747775315, 0, 2, 722, 721, 22, 6.85%, 0, 0, 2, 10.15
1747775330, 0, 2, 723, 722, 22, 6.85%, 0, 0, 2, 10.81
1747775335, 0, 2, 724, 723, 22, 6.85%, 0, 0, 2, 10.94
1747775346, 0, 2, 725, 724, 22, 6.85%, 0, 0, 2, 10.82
1747775356, 0, 2, 726, 725, 22, 6.85%, 0, 0, 2, 10.60
1747775361, 0, 2, 727, 726, 22, 6.85%, 0, 0, 2, 10.37
1747775366, 0, 2, 729, 728, 22, 6.85%, 0, 0, 2, 9.04
1747775371, 0, 2, 730, 729, 22, 6.85%, 0, 0, 2, 6.67
1747775387, 0, 2, 731, 730, 22, 6.85%, 0, 0, 2, 6.95
1747775397, 0, 2, 732, 731, 22, 6.85%, 0, 0, 2, 6.52
1747775408, 0, 2, 733, 732, 22, 6.85%, 0, 0, 2, 6.95
1747775413, 0, 2, 735, 734, 22, 6.85%, 0, 0, 2, 6.81
1747775428, 0, 3, 735, 734, 21, 6.85%, 0, 0, 2, 6.99
1747775433, 0, 4, 735, 734, 21, 6.85%, 0, 0, 2, 7.00
1747775439, 0, 5, 735, 734, 21, 6.85%, 0, 0, 2, 7.08
1747775449, 0, 6, 736, 735, 21, 7.29%, 0, 0, 2, 6.75
1747775464, 0, 7, 736, 735, 21, 7.29%, 0, 0, 2, 7.05
1747775469, 0, 7, 737, 736, 21, 7.29%, 0, 0, 2, 6.51
1747775479, 0, 7, 738, 737, 21, 7.29%, 0, 0, 2, 6.81
1747775490, 0, 7, 739, 738, 21, 7.29%, 0, 0, 2, 6.52
1747775495, 0, 7, 741, 740, 21, 7.29%, 0, 0, 2, 5.99
1747775521, 0, 7, 742, 741, 21, 7.29%, 0, 0, 2, 6.60
1747775526, 0, 7, 743, 742, 21, 7.29%, 0, 0, 2, 5.75
1747775536, 0, 7, 744, 743, 21, 7.29%, 0, 0, 2, 6.18
1747775541, 0, 7, 745, 744, 21, 7.29%, 0, 0, 2, 6.61
1747775557, 0, 7, 746, 745, 21, 7.29%, 0, 0, 2, 7.28
1747775593, 0, 7, 747, 746, 21, 7.29%, 0, 0, 2, 6.33
1747775603, 0, 7, 748, 747, 21, 7.29%, 0, 0, 2, 6.07
1747775608, 0, 7, 749, 748, 21, 7.29%, 0, 0, 2, 6.01
1747775613, 0, 7, 751, 750, 21, 7.30%, 0, 0, 2, 6.21
1747775624, 0, 7, 752, 751, 21, 7.30%, 0, 0, 2, 5.97
1747775655, 0, 7, 753, 752, 21, 7.30%, 0, 0, 2, 7.28
1747775686, 0, 7, 754, 753, 21, 7.30%, 0, 0, 2, 6.64
1747775696, 0, 7, 755, 754, 21, 7.30%, 0, 0, 2, 6.36
1747775711, 0, 7, 756, 755, 21, 7.30%, 0, 0, 2, 6.40
1747775722, 0, 7, 757, 756, 21, 7.30%, 0, 0, 2, 6.40
1747775737, 0, 8, 758, 757, 22, 7.30%, 0, 0, 2, 6.59
1747775748, 0, 8, 759, 758, 22, 7.30%, 0, 0, 2, 5.98
1747775758, 0, 8, 760, 759, 22, 7.48%, 0, 0, 2, 6.55
1747775779, 0, 8, 761, 760, 22, 7.48%, 0, 0, 2, 5.90
1747775784, 0, 8, 762, 761, 22, 7.54%, 0, 0, 2, 5.13
1747775799, 0, 8, 763, 762, 22, 7.54%, 0, 0, 2, 6.50
1747775845, 0, 8, 764, 763, 22, 7.54%, 0, 0, 2, 5.94
1747775851, 0, 8, 765, 764, 22, 7.54%, 0, 0, 2, 5.92
1747775882, 0, 8, 766, 765, 22, 7.54%, 0, 0, 2, 6.33
1747775892, 0, 8, 767, 766, 22, 7.54%, 0, 0, 2, 5.54
1747775943, 0, 8, 768, 767, 22, 7.54%, 0, 0, 2, 5.86
1747775995, 0, 8, 770, 769, 22, 7.54%, 0, 0, 2, 5.27
1747776005, 0, 10, 770, 769, 23, 7.54%, 0, 0, 2, 6.33
1747776010, 0, 10, 771, 770, 23, 7.54%, 0, 0, 2, 6.12
1747776026, 0, 12, 771, 770, 23, 7.54%, 0, 0, 2, 6.38
1747776031, 0, 13, 771, 770, 23, 7.54%, 0, 0, 2, 6.10
1747776041, 0, 16, 771, 770, 23, 7.54%, 0, 0, 2, 7.04
1747776046, 0, 18, 771, 770, 23, 7.54%, 0, 0, 2, 6.70
1747776051, 0, 18, 772, 771, 23, 7.54%, 0, 0, 2, 6.82
1747776057, 0, 18, 773, 772, 23, 7.54%, 0, 0, 2, 6.14
1747776067, 0, 18, 774, 773, 23, 7.54%, 0, 0, 2, 6.51
1747776077, 0, 18, 775, 774, 23, 7.54%, 0, 0, 2, 5.92
1747776113, 0, 18, 776, 775, 23, 7.56%, 0, 0, 2, 5.64
1747776139, 0, 18, 777, 776, 23, 7.56%, 0, 0, 2, 7.39
1747776154, 0, 18, 778, 777, 23, 7.56%, 0, 0, 2, 6.10
1747776159, 0, 18, 779, 778, 23, 7.56%, 0, 0, 2, 6.00
1747776180, 0, 18, 780, 779, 23, 7.56%, 0, 0, 2, 6.13
1747776201, 0, 18, 781, 780, 23, 7.56%, 0, 0, 2, 6.25
1747776242, 0, 18, 783, 782, 23, 7.56%, 0, 0, 2, 6.31
1747776257, 0, 18, 784, 783, 23, 7.56%, 0, 0, 2, 6.23
1747776319, 0, 19, 784, 783, 20, 7.56%, 0, 0, 2, 6.15
1747776329, 0, 20, 784, 783, 20, 7.56%, 0, 0, 2, 6.78
1747776334, 0, 21, 784, 783, 20, 7.56%, 0, 0, 2, 6.53
1747776339, 0, 21, 785, 784, 20, 7.56%, 0, 0, 2, 5.81
1747776355, 0, 22, 785, 784, 20, 7.56%, 0, 0, 2, 6.68
1747776360, 0, 23, 785, 784, 20, 7.56%, 0, 0, 2, 6.49
1747776370, 0, 24, 785, 784, 20, 7.56%, 0, 0, 2, 6.58
1747776375, 0, 27, 785, 784, 20, 7.56%, 0, 0, 2, 6.50
1747776385, 0, 28, 785, 784, 20, 7.56%, 0, 0, 2, 6.54
1747776396, 0, 29, 785, 784, 20, 7.56%, 0, 0, 2, 6.66
1747776401, 0, 33, 785, 784, 20, 7.56%, 0, 0, 2, 6.57
1747776411, 0, 34, 785, 784, 20, 7.56%, 0, 0, 2, 6.45
1747776417, 0, 35, 785, 784, 20, 7.56%, 0, 0, 2, 6.81
1747776427, 0, 36, 785, 784, 20, 7.56%, 0, 0, 2, 6.54
1747776432, 0, 37, 785, 784, 20, 7.56%, 0, 0, 2, 6.13
1747776443, 0, 38, 785, 784, 20, 7.56%, 0, 0, 2, 6.87
1747776448, 0, 39, 785, 784, 20, 7.56%, 0, 0, 2, 6.48
1747776458, 0, 40, 785, 784, 20, 7.56%, 0, 0, 2, 6.33
1747776463, 0, 41, 785, 784, 20, 7.56%, 0, 0, 2, 6.46
1747776473, 0, 42, 785, 784, 20, 7.56%, 0, 0, 2, 7.05
1747776478, 0, 43, 785, 784, 20, 7.56%, 0, 0, 2, 6.98
1747776488, 0, 44, 785, 784, 20, 7.56%, 0, 0, 2, 6.74
1747776493, 0, 45, 785, 784, 20, 7.56%, 0, 0, 2, 6.57
1747776504, 0, 47, 785, 784, 20, 7.56%, 0, 0, 2, 6.88
1747776509, 0, 48, 785, 784, 20, 7.56%, 0, 0, 2, 6.83
1747776519, 0, 49, 785, 784, 20, 7.56%, 0, 0, 2, 6.67
1747776529, 0, 50, 785, 784, 20, 7.56%, 0, 0, 2, 6.23
1747776534, 0, 51, 785, 784, 20, 7.56%, 0, 0, 2, 6.69
1747776545, 0, 53, 785, 784, 20, 7.56%, 0, 0, 2, 6.24
1747776550, 0, 53, 786, 785, 20, 7.56%, 0, 0, 2, 6.11
1747776560, 0, 54, 787, 786, 20, 7.56%, 0, 0, 2, 5.87
1747776576, 0, 55, 787, 786, 20, 7.56%, 0, 0, 2, 6.89
1747776586, 0, 56, 788, 787, 20, 7.56%, 0, 0, 2, 6.49
1747776591, 0, 56, 789, 788, 20, 7.56%, 0, 0, 2, 5.99
1747776601, 0, 56, 790, 789, 20, 7.56%, 0, 0, 2, 6.99
1747776647, 0, 57, 790, 789, 20, 7.56%, 0, 0, 2, 7.51
1747776658, 0, 58, 790, 789, 20, 7.56%, 0, 0, 2, 7.02
1747776663, 0, 59, 790, 789, 20, 7.56%, 0, 0, 2, 7.10
1747776673, 0, 60, 790, 789, 20, 7.56%, 0, 0, 2, 6.81
1747776678, 0, 61, 790, 789, 20, 7.56%, 0, 0, 2, 6.78
1747776688, 0, 63, 791, 790, 20, 7.56%, 0, 0, 2, 6.31
1747776693, 0, 63, 792, 791, 20, 7.56%, 0, 0, 2, 5.82
1747776719, 0, 64, 792, 791, 20, 7.56%, 0, 0, 2, 6.53
1747776729, 0, 65, 792, 791, 20, 7.56%, 0, 0, 2, 6.68
1747776734, 0, 66, 792, 791, 20, 7.56%, 0, 0, 2, 6.47
1747776745, 0, 67, 792, 791, 20, 7.56%, 0, 0, 2, 6.90
1747776750, 0, 68, 792, 791, 20, 7.56%, 0, 0, 2, 7.15
1747776760, 0, 69, 792, 791, 20, 7.56%, 0, 0, 2, 6.73
1747776766, 0, 70, 792, 791, 20, 7.56%, 0, 0, 2, 6.77
1747776776, 0, 71, 792, 791, 20, 7.56%, 0, 0, 2, 6.61
1747776781, 0, 72, 792, 791, 20, 7.56%, 0, 0, 2, 6.87
1747776791, 0, 75, 792, 791, 20, 7.56%, 0, 0, 2, 6.70
1747776796, 0, 76, 792, 791, 20, 7.56%, 0, 0, 2, 6.69
1747776807, 0, 77, 792, 791, 20, 7.56%, 0, 0, 2, 6.56
1747776812, 0, 78, 792, 791, 20, 7.56%, 0, 0, 2, 6.45
1747776822, 0, 79, 792, 791, 20, 7.56%, 0, 0, 2, 7.02
1747776827, 0, 80, 792, 791, 20, 7.56%, 0, 0, 2, 7.05
1747776838, 0, 81, 792, 791, 20, 7.56%, 0, 0, 2, 7.11
1747776843, 0, 82, 792, 791, 20, 7.56%, 0, 0, 2, 6.59
1747776853, 0, 84, 792, 791, 20, 7.56%, 0, 0, 2, 6.94
1747776858, 0, 85, 792, 791, 20, 7.56%, 0, 0, 2, 6.38
1747776869, 0, 86, 792, 791, 20, 7.56%, 0, 0, 2, 6.54
1747776874, 0, 86, 793, 792, 20, 7.56%, 0, 0, 2, 6.45
1747776884, 0, 87, 793, 792, 20, 7.56%, 0, 0, 2, 6.50
1747776894, 0, 89, 793, 792, 20, 7.56%, 0, 0, 2, 6.44
1747776899, 0, 90, 793, 792, 20, 7.56%, 0, 0, 2, 6.21
1747776909, 0, 92, 793, 792, 20, 7.56%, 0, 0, 2, 6.75
1747776914, 0, 93, 793, 792, 20, 7.56%, 0, 0, 2, 6.82
1747776919, 0, 93, 794, 793, 20, 7.56%, 0, 0, 2, 6.35
1747776934, 0, 95, 794, 793, 20, 7.56%, 0, 0, 2, 6.58
1747776939, 0, 96, 794, 793, 20, 7.56%, 0, 0, 2, 6.46
1747776945, 0, 96, 795, 794, 20, 7.56%, 0, 0, 2, 5.86
1747776955, 0, 96, 796, 795, 20, 7.56%, 0, 0, 2, 6.25
1747776971, 0, 96, 798, 797, 20, 7.56%, 0, 0, 2, 5.66
1747776991, 0, 96, 799, 798, 20, 7.56%, 0, 0, 2, 6.05
1747777037, 0, 96, 800, 799, 20, 7.56%, 0, 0, 2, 6.50
1747777084, 0, 96, 801, 800, 20, 7.56%, 0, 0, 2, 5.85
1747777208, 0, 97, 801, 800, 21, 7.56%, 0, 0, 2, 6.35
1747777218, 0, 98, 801, 800, 21, 7.56%, 0, 0, 2, 7.19
1747777223, 0, 99, 802, 801, 21, 7.56%, 0, 0, 2, 6.00
1747777239, 0, 100, 802, 801, 21, 7.56%, 0, 0, 2, 6.93
1747777249, 0, 101, 802, 801, 21, 7.56%, 0, 0, 2, 6.48
1747777259, 0, 102, 802, 801, 21, 7.56%, 0, 0, 2, 6.45
1747777264, 0, 103, 802, 801, 21, 7.56%, 0, 0, 2, 6.60
1747777270, 0, 103, 803, 802, 21, 7.56%, 0, 0, 2, 7.02
1747777280, 0, 104, 803, 802, 21, 7.56%, 0, 0, 2, 7.05
1747777290, 0, 105, 803, 802, 21, 7.56%, 0, 0, 2, 6.68
1747777295, 0, 106, 803, 802, 21, 7.56%, 0, 0, 2, 6.91
1747777305, 0, 109, 803, 802, 21, 7.56%, 0, 0, 2, 6.77
1747777311, 0, 110, 803, 802, 21, 7.56%, 0, 0, 2, 6.87
1747777316, 0, 110, 804, 803, 21, 7.56%, 0, 0, 2, 6.67
1747777326, 0, 112, 804, 803, 21, 7.56%, 0, 0, 2, 6.56
1747777336, 0, 113, 804, 803, 21, 7.56%, 0, 0, 2, 6.57
1747777347, 0, 114, 805, 804, 21, 7.56%, 0, 0, 2, 6.92
1747777352, 0, 114, 806, 805, 21, 7.56%, 0, 0, 2, 6.79
1747777378, 0, 115, 806, 805, 21, 7.56%, 0, 0, 2, 6.63
1747777388, 0, 116, 806, 805, 21, 7.56%, 0, 0, 2, 6.69
1747777393, 0, 117, 806, 805, 21, 7.56%, 0, 0, 2, 6.26
1747777403, 0, 118, 806, 805, 21, 7.56%, 0, 0, 2, 6.68
1747777409, 0, 120, 806, 805, 21, 7.56%, 0, 0, 2, 6.68
1747777419, 0, 121, 806, 805, 21, 7.56%, 0, 0, 2, 7.09
1747777424, 0, 122, 806, 805, 21, 7.56%, 0, 0, 2, 6.17
1747777435, 0, 123, 807, 806, 21, 7.56%, 0, 0, 2, 5.40
1747777450, 0, 124, 807, 806, 21, 7.56%, 0, 0, 2, 6.51
1747777460, 0, 126, 807, 806, 21, 7.56%, 0, 0, 2, 6.36
1747777465, 0, 127, 807, 806, 21, 7.56%, 0, 0, 2, 6.48
1747777476, 0, 128, 807, 806, 21, 7.56%, 0, 0, 2, 6.24
1747777486, 0, 129, 807, 806, 21, 7.56%, 0, 0, 2, 6.22
1747777491, 0, 130, 807, 806, 21, 7.56%, 0, 0, 2, 6.50
1747777501, 0, 131, 807, 806, 21, 7.56%, 0, 0, 2, 6.66
1747777506, 0, 131, 808, 807, 21, 7.56%, 0, 0, 2, 5.67
1747777511, 0, 131, 809, 808, 21, 7.56%, 0, 0, 2, 7.33
1747777522, 0, 131, 810, 809, 21, 7.56%, 0, 0, 2, 6.69
1747777532, 0, 131, 811, 810, 21, 7.56%, 0, 0, 2, 6.63
1747777604, 0, 131, 813, 812, 21, 7.59%, 0, 0, 2, 5.68
1747777758, 0, 133, 813, 812, 22, 7.59%, 0, 0, 2, 6.31
1747777768, 0, 135, 813, 812, 22, 7.59%, 0, 0, 2, 6.35
1747777773, 0, 136, 813, 812, 22, 7.59%, 0, 0, 2, 6.68
1747777784, 0, 137, 813, 812, 22, 7.59%, 0, 0, 2, 6.06
1747777794, 0, 138, 813, 812, 22, 7.59%, 0, 0, 2, 6.48
1747777799, 0, 139, 813, 812, 22, 7.59%, 0, 0, 2, 6.91
1747777809, 0, 141, 814, 813, 22, 7.59%, 0, 0, 2, 6.36
1747777825, 0, 141, 815, 814, 22, 7.59%, 0, 0, 2, 6.06
1747777840, 0, 143, 815, 814, 22, 7.59%, 0, 0, 2, 6.56
1747777850, 0, 144, 815, 814, 22, 7.59%, 0, 0, 2, 6.30
1747777861, 0, 145, 815, 814, 22, 7.59%, 0, 0, 2, 6.15
1747777866, 0, 145, 816, 815, 22, 7.59%, 0, 0, 2, 6.13
1747777876, 0, 147, 816, 815, 22, 7.59%, 0, 0, 2, 7.00
1747777881, 0, 148, 816, 815, 22, 7.59%, 0, 0, 2, 7.02
1747777891, 0, 149, 817, 816, 22, 7.59%, 0, 0, 2, 7.41
1747777907, 0, 150, 817, 816, 22, 7.59%, 0, 0, 2, 6.28
1747777912, 0, 151, 817, 816, 22, 7.59%, 0, 0, 2, 6.58
1747777917, 0, 151, 818, 817, 22, 7.59%, 0, 0, 2, 6.58
1747777933, 0, 152, 818, 817, 22, 7.59%, 0, 0, 2, 6.48
1747777938, 0, 153, 818, 817, 22, 7.59%, 0, 0, 2, 6.51
1747777948, 0, 154, 818, 817, 22, 7.59%, 0, 0, 2, 6.07
1747777953, 0, 155, 818, 817, 22, 7.59%, 0, 0, 2, 6.39
1747777964, 0, 156, 818, 817, 22, 7.59%, 0, 0, 2, 6.95
1747777969, 0, 158, 818, 817, 22, 7.59%, 0, 0, 2, 7.17
1747777979, 0, 159, 818, 817, 22, 7.59%, 0, 0, 2, 6.41
1747777984, 0, 160, 818, 817, 22, 7.59%, 0, 0, 2, 6.89
1747777995, 0, 162, 818, 817, 22, 7.59%, 0, 0, 2, 6.55
1747778000, 0, 163, 818, 817, 22, 7.59%, 0, 0, 2, 6.29
1747778005, 0, 163, 819, 818, 22, 7.59%, 0, 0, 2, 6.50
1747778015, 0, 164, 819, 818, 22, 7.59%, 0, 0, 2, 7.05
1747778026, 0, 165, 819, 818, 22, 7.59%, 0, 0, 2, 7.05
1747778031, 0, 165, 820, 819, 22, 7.59%, 0, 0, 2, 6.86
1747778036, 0, 165, 822, 821, 22, 7.59%, 0, 0, 2, 6.69
1747778052, 0, 165, 823, 822, 22, 7.59%, 0, 0, 2, 6.38
1747778156, 0, 167, 823, 822, 22, 7.59%, 0, 0, 2, 6.70
1747778166, 0, 168, 824, 823, 22, 7.59%, 0, 0, 2, 6.03
1747778182, 0, 169, 824, 823, 22, 7.59%, 0, 0, 2, 6.55
1747778193, 0, 170, 824, 823, 22, 7.59%, 0, 0, 2, 6.42
1747778198, 0, 171, 824, 823, 22, 7.59%, 0, 0, 2, 6.88
1747778208, 0, 172, 825, 824, 22, 7.59%, 0, 0, 2, 5.57
1747778223, 0, 173, 825, 824, 22, 7.59%, 0, 0, 2, 6.37
1747778233, 0, 174, 825, 824, 22, 7.59%, 0, 0, 2, 6.51
1747778238, 0, 175, 825, 824, 22, 7.59%, 0, 0, 2, 6.43
1747778249, 0, 177, 825, 824, 22, 7.59%, 0, 0, 2, 6.60
1747778254, 0, 178, 825, 824, 22, 7.59%, 0, 0, 2, 6.19
1747778264, 0, 180, 825, 824, 22, 7.59%, 0, 0, 2, 6.87
1747778269, 0, 182, 825, 824, 22, 7.59%, 0, 0, 2, 6.65
1747778279, 0, 183, 825, 824, 22, 7.59%, 0, 0, 2, 6.83
1747778284, 0, 183, 826, 825, 22, 7.59%, 0, 0, 2, 6.60
1747778295, 0, 184, 826, 825, 22, 7.59%, 0, 0, 2, 6.11
1747778305, 0, 185, 826, 825, 22, 7.59%, 0, 0, 2, 6.26
1747778310, 0, 185, 827, 826, 22, 7.59%, 0, 0, 2, 7.26
1747778321, 0, 186, 827, 826, 22, 7.59%, 0, 0, 2, 6.19
1747778331, 0, 187, 827, 826, 22, 7.59%, 0, 0, 2, 6.48
1747778336, 0, 188, 827, 826, 22, 7.59%, 0, 0, 2, 6.58
1747778347, 0, 189, 827, 826, 22, 7.59%, 0, 0, 2, 6.57
1747778352, 0, 190, 827, 826, 22, 7.59%, 0, 0, 2, 6.74
1747778362, 0, 191, 827, 826, 22, 7.59%, 0, 0, 2, 6.54
1747778368, 0, 192, 827, 826, 22, 7.59%, 0, 0, 2, 6.67
1747778378, 0, 193, 827, 826, 22, 7.59%, 0, 0, 2, 6.46
1747778383, 0, 194, 827, 826, 22, 7.59%, 0, 0, 2, 6.51
1747778393, 0, 195, 827, 826, 22, 7.59%, 0, 0, 2, 7.14
1747778398, 0, 196, 827, 826, 22, 7.59%, 0, 0, 2, 7.06
1747778408, 0, 197, 827, 826, 22, 7.59%, 0, 0, 2, 6.62
1747778414, 0, 198, 827, 826, 22, 7.59%, 0, 0, 2, 6.48
1747778424, 0, 199, 827, 826, 22, 7.59%, 0, 0, 2, 5.79
1747778434, 0, 200, 827, 826, 22, 7.59%, 0, 0, 2, 6.89
1747778439, 0, 201, 827, 826, 22, 7.59%, 0, 0, 2, 7.04
1747778444, 0, 202, 827, 826, 22, 7.59%, 0, 0, 2, 6.95
1747778455, 0, 203, 827, 826, 22, 7.59%, 0, 0, 2, 6.82
1747778460, 0, 204, 827, 826, 22, 7.59%, 0, 0, 2, 6.62
1747778470, 0, 206, 827, 826, 22, 7.59%, 0, 0, 2, 6.31
1747778480, 0, 207, 827, 826, 22, 7.59%, 0, 0, 2, 6.69
1747778486, 0, 209, 827, 826, 22, 7.59%, 0, 0, 2, 6.87
1747778496, 0, 210, 827, 826, 22, 7.59%, 0, 0, 2, 6.30
1747778501, 0, 211, 827, 826, 22, 7.59%, 0, 0, 2, 6.45
1747778506, 0, 211, 828, 827, 22, 7.59%, 0, 0, 2, 5.65
1747778522, 0, 212, 828, 827, 22, 7.59%, 0, 0, 2, 6.33
1747778527, 0, 213, 828, 827, 22, 7.59%, 0, 0, 2, 6.54
1747778537, 0, 214, 828, 827, 22, 7.59%, 0, 0, 2, 6.46
1747778543, 0, 217, 828, 827, 22, 7.59%, 0, 0, 2, 5.95
1747778553, 0, 219, 828, 827, 22, 7.59%, 0, 0, 2, 6.24
1747778563, 0, 220, 828, 827, 22, 7.59%, 0, 0, 2, 7.35
1747778568, 0, 220, 829, 828, 22, 7.59%, 0, 0, 2, 7.03
1747778579, 0, 221, 829, 828, 22, 7.59%, 0, 0, 2, 6.52
1747778584, 0, 222, 829, 828, 22, 7.59%, 0, 0, 2, 6.34
1747778594, 0, 223, 829, 828, 22, 7.59%, 0, 0, 2, 6.15
1747778600, 0, 224, 829, 828, 22, 7.59%, 0, 0, 2, 6.53
1747778610, 0, 225, 829, 828, 22, 7.59%, 0, 0, 2, 6.34
1747778620, 0, 227, 829, 828, 22, 7.59%, 0, 0, 2, 6.17
1747778625, 0, 228, 829, 828, 22, 7.59%, 0, 0, 2, 6.15
1747778635, 0, 229, 829, 828, 22, 7.59%, 0, 0, 2, 6.51
1747778640, 0, 230, 829, 828, 22, 7.59%, 0, 0, 2, 7.09
1747778651, 0, 231, 829, 828, 22, 7.59%, 0, 0, 2, 6.77
1747778656, 0, 232, 829, 828, 22, 7.59%, 0, 0, 2, 6.44
1747778666, 0, 233, 829, 828, 22, 7.59%, 0, 0, 2, 6.73
1747778671, 0, 233, 830, 829, 22, 7.59%, 0, 0, 2, 5.86
1747778681, 0, 234, 830, 829, 22, 7.59%, 0, 0, 2, 5.99
1747778691, 0, 237, 830, 829, 22, 7.59%, 0, 0, 2, 6.40
1747778697, 0, 238, 830, 829, 22, 7.59%, 0, 0, 2, 6.12
1747778707, 0, 239, 830, 829, 22, 7.59%, 0, 0, 2, 6.70
1747778717, 0, 240, 830, 829, 22, 7.59%, 0, 0, 2, 6.12
1747778722, 0, 241, 830, 829, 22, 7.59%, 0, 0, 2, 6.51
1747778733, 0, 242, 830, 829, 22, 7.59%, 0, 0, 2, 6.81
1747778738, 0, 243, 830, 829, 22, 7.59%, 0, 0, 2, 6.77
1747778743, 0, 243, 831, 830, 22, 7.59%, 0, 0, 2, 5.12
1747778758, 0, 244, 831, 830, 22, 7.59%, 0, 0, 2, 6.76
1747778763, 0, 245, 831, 830, 22, 7.59%, 0, 0, 2, 6.74
1747778773, 0, 246, 831, 830, 22, 7.59%, 0, 0, 2, 6.91
1747778778, 0, 247, 831, 830, 22, 7.59%, 0, 0, 2, 6.94
1747778789, 0, 248, 831, 830, 22, 7.59%, 0, 0, 2, 6.64
1747778794, 0, 249, 831, 830, 22, 7.59%, 0, 0, 2, 6.61
1747778804, 0, 250, 831, 830, 22, 7.59%, 0, 0, 2, 6.61
1747778809, 0, 251, 831, 830, 22, 7.59%, 0, 0, 2, 6.38
1747778820, 0, 252, 831, 830, 22, 7.59%, 0, 0, 2, 6.38
1747778830, 0, 253, 831, 830, 22, 7.59%, 0, 0, 2, 6.45
1747778835, 0, 254, 831, 830, 22, 7.59%, 0, 0, 2, 6.97
1747778846, 0, 255, 831, 830, 22, 7.59%, 0, 0, 2, 6.81
1747778851, 0, 258, 831, 830, 22, 7.59%, 0, 0, 2, 7.32
1747778856, 0, 260, 831, 830, 22, 7.59%, 0, 0, 2, 7.17
1747778866, 0, 261, 831, 830, 22, 7.59%, 0, 0, 2, 6.79
1747778872, 0, 262, 831, 830, 22, 7.59%, 0, 0, 2, 6.35
1747778882, 0, 263, 831, 830, 22, 7.59%, 0, 0, 2, 6.45
1747778887, 0, 267, 831, 830, 22, 7.59%, 0, 0, 2, 6.94
1747778898, 0, 268, 831, 830, 22, 7.59%, 0, 0, 2, 6.57
1747778903, 0, 268, 832, 831, 22, 7.59%, 0, 0, 2, 7.15
1747778913, 0, 269, 832, 831, 22, 7.59%, 0, 0, 2, 7.13
1747778918, 0, 270, 832, 831, 22, 7.59%, 0, 0, 2, 6.36
1747778928, 0, 272, 832, 831, 22, 7.59%, 0, 0, 2, 6.74
1747778934, 0, 273, 832, 831, 22, 7.59%, 0, 0, 2, 6.71
1747778944, 0, 274, 832, 831, 22, 7.59%, 0, 0, 2, 6.54
1747778954, 0, 275, 832, 831, 22, 7.59%, 0, 0, 2, 6.53
1747778959, 0, 277, 832, 831, 22, 7.59%, 0, 0, 2, 6.60
1747778970, 0, 278, 832, 831, 22, 7.59%, 0, 0, 2, 6.54
1747778975, 0, 279, 832, 831, 22, 7.59%, 0, 0, 2, 6.80
1747778985, 0, 280, 832, 831, 22, 7.59%, 0, 0, 2, 6.74
1747778990, 0, 282, 832, 831, 22, 7.59%, 0, 0, 2, 6.42
1747779001, 0, 283, 832, 831, 22, 7.59%, 0, 0, 2, 6.05
1747779006, 0, 284, 832, 831, 22, 7.59%, 0, 0, 2, 6.39
1747779016, 0, 286, 832, 831, 22, 7.59%, 0, 0, 2, 6.62
1747779026, 0, 287, 832, 831, 22, 7.59%, 0, 0, 2, 6.23
1747779032, 0, 288, 832, 831, 22, 7.59%, 0, 0, 2, 6.25
1747779037, 0, 288, 833, 832, 22, 7.59%, 0, 0, 2, 5.81
1747779052, 0, 289, 833, 832, 22, 7.59%, 0, 0, 2, 6.74
1747779057, 0, 290, 833, 832, 22, 7.59%, 0, 0, 2, 6.65
1747779068, 0, 291, 834, 833, 22, 7.59%, 0, 0, 2, 6.27
1747779073, 0, 291, 835, 834, 22, 7.59%, 0, 0, 2, 6.79
1747779098, 0, 292, 835, 834, 22, 7.59%, 0, 0, 2, 6.84
1747779104, 0, 292, 836, 835, 22, 7.59%, 0, 0, 2, 6.23
1747779119, 0, 293, 836, 835, 22, 7.59%, 0, 0, 2, 6.37
1747779124, 0, 294, 836, 835, 22, 7.59%, 0, 0, 2, 6.28
1747779135, 0, 295, 836, 835, 22, 7.59%, 0, 0, 2, 6.11
1747779140, 0, 296, 836, 835, 22, 7.59%, 0, 0, 2, 6.81
1747779150, 0, 297, 836, 835, 22, 7.59%, 0, 0, 2, 6.13
1747779155, 0, 298, 836, 835, 22, 7.59%, 0, 0, 2, 6.36
1747779166, 0, 299, 836, 835, 22, 7.59%, 0, 0, 2, 6.72
1747779171, 0, 300, 836, 835, 22, 7.59%, 0, 0, 2, 6.48
1747779181, 0, 301, 836, 835, 22, 7.59%, 0, 0, 2, 7.21
1747779186, 0, 302, 836, 835, 22, 7.59%, 0, 0, 2, 6.79
1747779197, 0, 303, 836, 835, 22, 7.59%, 0, 0, 2, 6.55
1747779202, 0, 304, 836, 835, 22, 7.59%, 0, 0, 2, 6.74
1747779212, 0, 305, 836, 835, 22, 7.59%, 0, 0, 2, 6.47
1747779222, 0, 306, 836, 835, 22, 7.59%, 0, 0, 2, 6.18
1747779227, 0, 307, 836, 835, 22, 7.59%, 0, 0, 2, 6.24
1747779237, 0, 308, 836, 835, 22, 7.59%, 0, 0, 2, 6.30
1747779242, 0, 310, 836, 835, 22, 7.59%, 0, 0, 2, 6.60
1747779253, 0, 311, 836, 835, 22, 7.59%, 0, 0, 2, 7.08
1747779258, 0, 312, 836, 835, 22, 7.59%, 0, 0, 2, 6.93
1747779268, 0, 313, 836, 835, 22, 7.59%, 0, 0, 2, 6.51
1747779273, 0, 315, 836, 835, 22, 7.59%, 0, 0, 2, 6.49
1747779284, 0, 317, 836, 835, 22, 7.59%, 0, 0, 2, 6.41
1747779289, 0, 319, 836, 835, 22, 7.59%, 0, 0, 2, 6.66
1747779299, 0, 320, 836, 835, 22, 7.59%, 0, 0, 2, 6.43
1747779310, 0, 321, 836, 835, 22, 7.59%, 0, 0, 2, 6.76
1747779315, 0, 321, 837, 836, 22, 7.59%, 0, 0, 2, 6.03
1747779325, 0, 322, 837, 836, 22, 7.59%, 0, 0, 2, 6.73
1747779330, 0, 322, 838, 837, 22, 7.59%, 0, 0, 2, 6.62
1747779341, 0, 323, 838, 837, 22, 7.59%, 0, 0, 2, 6.66
1747779351, 0, 324, 838, 837, 22, 7.59%, 0, 0, 2, 6.79
1747779356, 0, 325, 838, 837, 22, 7.59%, 0, 0, 2, 6.90
1747779366, 0, 326, 838, 837, 22, 7.59%, 0, 0, 2, 7.06
1747779372, 0, 328, 838, 837, 22, 7.59%, 0, 0, 2, 7.23
1747779382, 0, 329, 838, 837, 22, 7.59%, 0, 0, 2, 6.89
1747779387, 0, 331, 838, 837, 22, 7.59%, 0, 0, 2, 6.97
1747779397, 0, 332, 838, 837, 22, 7.59%, 0, 0, 2, 6.53
1747779403, 0, 332, 839, 838, 22, 7.59%, 0, 0, 2, 6.44
1747779413, 0, 333, 839, 838, 22, 7.59%, 0, 0, 2, 6.88
1747779418, 0, 334, 839, 838, 22, 7.59%, 0, 0, 2, 6.77
1747779428, 0, 335, 839, 838, 22, 7.59%, 0, 0, 2, 6.30
1747779434, 0, 336, 839, 838, 22, 7.59%, 0, 0, 2, 6.38
1747779444, 0, 336, 840, 839, 22, 7.59%, 0, 0, 2, 6.38
1747779455, 0, 337, 840, 839, 22, 7.59%, 0, 0, 2, 6.73
1747779460, 0, 338, 840, 839, 22, 7.59%, 0, 0, 2, 7.05
1747779470, 0, 339, 840, 839, 22, 7.59%, 0, 0, 2, 6.81
1747779475, 0, 340, 840, 839, 22, 7.59%, 0, 0, 2, 6.71
1747779486, 0, 341, 840, 839, 22, 7.59%, 0, 0, 2, 6.17
1747779491, 0, 342, 840, 839, 22, 7.59%, 0, 0, 2, 6.57
1747779501, 0, 343, 840, 839, 22, 7.59%, 0, 0, 2, 6.34
1747779506, 0, 344, 840, 839, 22, 7.59%, 0, 0, 2, 6.36
1747779516, 0, 345, 840, 839, 22, 7.59%, 0, 0, 2, 6.52
1747779522, 0, 346, 840, 839, 22, 7.59%, 0, 0, 2, 6.65
1747779532, 0, 347, 840, 839, 22, 7.59%, 0, 0, 2, 5.80
1747779537, 0, 348, 840, 839, 22, 7.59%, 0, 0, 2, 6.55
1747779547, 0, 349, 840, 839, 22, 7.59%, 0, 0, 2, 6.62
1747779557, 0, 352, 840, 839, 22, 7.59%, 0, 0, 2, 6.84
1747779563, 0, 353, 840, 839, 22, 7.59%, 0, 0, 2, 6.01
1747779573, 0, 354, 841, 840, 22, 7.59%, 0, 0, 2, 6.23
1747779588, 0, 356, 841, 840, 22, 7.59%, 0, 0, 2, 6.26
1747779599, 0, 357, 841, 840, 22, 7.59%, 0, 0, 2, 6.21
1747779604, 0, 360, 841, 840, 22, 7.59%, 0, 0, 2, 7.00
1747779614, 0, 361, 841, 840, 22, 7.59%, 0, 0, 2, 6.81
1747779619, 0, 362, 841, 840, 22, 7.59%, 0, 0, 2, 6.89
1747779629, 0, 363, 841, 840, 22, 7.59%, 0, 0, 2, 6.77
1747779634, 0, 364, 841, 840, 22, 7.59%, 0, 0, 2, 6.96
1747779645, 0, 365, 841, 840, 22, 7.59%, 0, 0, 2, 6.28
1747779650, 0, 366, 841, 840, 22, 7.59%, 0, 0, 2, 6.78
1747779660, 0, 367, 841, 840, 22, 7.59%, 0, 0, 2, 7.02
1747779665, 0, 368, 841, 840, 22, 7.59%, 0, 0, 2, 6.83
1747779675, 0, 369, 841, 840, 22, 7.59%, 0, 0, 2, 6.23
1747779681, 0, 370, 841, 840, 22, 7.59%, 0, 0, 2, 6.30
1747779691, 0, 371, 841, 840, 22, 7.59%, 0, 0, 2, 6.14
1747779696, 0, 372, 841, 840, 22, 7.59%, 0, 0, 2, 7.04
1747779707, 0, 373, 841, 840, 22, 7.59%, 0, 0, 2, 7.14
1747779712, 0, 374, 841, 840, 22, 7.59%, 0, 0, 2, 6.56
1747779722, 0, 375, 841, 840, 22, 7.59%, 0, 0, 2, 6.57
1747779728, 0, 376, 841, 840, 22, 7.59%, 0, 0, 2, 6.81
1747779738, 0, 377, 841, 840, 22, 7.59%, 0, 0, 2, 6.90
1747779743, 0, 378, 841, 840, 22, 7.59%, 0, 0, 2, 6.96
1747779754, 0, 379, 841, 840, 22, 7.59%, 0, 0, 2, 6.61
1747779759, 0, 380, 841, 840, 22, 7.59%, 0, 0, 2, 6.40
1747779769, 0, 381, 841, 840, 22, 7.59%, 0, 0, 2, 6.66
1747779774, 0, 382, 841, 840, 22, 7.59%, 0, 0, 2, 7.23
1747779784, 0, 384, 841, 840, 22, 7.59%, 0, 0, 2, 6.18
1747779789, 0, 385, 841, 840, 22, 7.59%, 0, 0, 2, 5.86
1747779800, 0, 386, 841, 840, 22, 7.59%, 0, 0, 2, 6.69
1747779805, 0, 387, 841, 840, 22, 7.59%, 0, 0, 2, 7.04
1747779815, 0, 388, 841, 840, 22, 7.59%, 0, 0, 2, 7.30
1747779820, 0, 389, 842, 841, 22, 7.59%, 0, 0, 2, 5.66
1747779841, 0, 391, 842, 841, 22, 7.59%, 0, 0, 2, 6.30
1747779846, 0, 392, 842, 841, 22, 7.59%, 0, 0, 2, 6.78
1747779856, 0, 393, 842, 841, 22, 7.59%, 0, 0, 2, 6.53
1747779862, 0, 396, 842, 841, 22, 7.59%, 0, 0, 2, 6.34
1747779872, 0, 397, 842, 841, 22, 7.59%, 0, 0, 2, 6.36
1747779883, 0, 399, 842, 841, 22, 7.59%, 0, 0, 2, 6.13
1747779888, 0, 401, 842, 841, 22, 7.59%, 0, 0, 2, 6.49
1747779898, 0, 403, 842, 841, 22, 7.59%, 0, 0, 2, 6.73
1747779903, 0, 404, 842, 841, 22, 7.59%, 0, 0, 2, 6.52
1747779913, 0, 405, 842, 841, 22, 7.59%, 0, 0, 2, 6.60
1747779918, 0, 407, 842, 841, 22, 7.59%, 0, 0, 2, 6.09
1747779929, 0, 408, 842, 841, 22, 7.59%, 0, 0, 2, 6.41
1747779934, 0, 409, 842, 841, 22, 7.59%, 0, 0, 2, 6.87
1747779944, 0, 411, 842, 841, 22, 7.59%, 0, 0, 2, 6.41
1747779949, 0, 412, 842, 841, 22, 7.59%, 0, 0, 2, 6.78
1747779959, 0, 413, 842, 841, 22, 7.59%, 0, 0, 2, 6.76
1747779965, 0, 414, 842, 841, 22, 7.59%, 0, 0, 2, 6.59
1747779975, 0, 415, 842, 841, 22, 7.59%, 0, 0, 2, 6.98
1747779980, 0, 416, 842, 841, 22, 7.59%, 0, 0, 2, 7.03
1747779990, 0, 417, 842, 841, 22, 7.59%, 0, 0, 2, 8.11
1747780047, 0, 417, 843, 842, 22, 7.59%, 0, 0, 3, 8.08
1747780072, 0, 418, 843, 841, 21, 7.59%, 0, 0, 3, 6.50
1747780077, 0, 420, 843, 841, 21, 7.59%, 0, 0, 3, 6.75
1747780087, 0, 421, 843, 841, 21, 7.59%, 0, 0, 3, 6.64
1747780092, 0, 422, 843, 841, 21, 7.59%, 0, 0, 3, 6.82
1747780103, 0, 423, 843, 841, 21, 7.59%, 0, 0, 3, 6.15
1747780113, 0, 424, 843, 841, 21, 7.59%, 0, 0, 3, 6.44
1747780118, 0, 425, 843, 841, 21, 7.59%, 0, 0, 3, 6.89
1747780129, 0, 426, 843, 841, 21, 7.59%, 0, 0, 3, 6.44
1747780134, 0, 428, 843, 841, 21, 7.59%, 0, 0, 3, 7.40
1747780144, 0, 430, 844, 842, 21, 7.59%, 0, 0, 3, 5.83
1747780160, 0, 431, 844, 842, 21, 7.59%, 0, 0, 3, 6.67
1747780165, 0, 433, 844, 842, 21, 7.59%, 0, 0, 3, 6.88
1747780176, 0, 434, 844, 842, 21, 7.59%, 0, 0, 3, 6.14
1747780186, 0, 435, 844, 842, 21, 7.59%, 0, 0, 3, 6.00
1747780191, 0, 436, 844, 842, 21, 7.59%, 0, 0, 3, 6.66
1747780201, 0, 437, 844, 842, 21, 7.59%, 0, 0, 3, 6.27
1747780206, 0, 440, 844, 842, 21, 7.59%, 0, 0, 3, 6.80
1747780217, 0, 441, 844, 842, 21, 7.59%, 0, 0, 3, 6.80
1747780222, 0, 443, 844, 842, 21, 7.59%, 0, 0, 3, 6.70
1747780232, 0, 444, 844, 842, 21, 7.59%, 0, 0, 3, 6.29
1747780237, 0, 445, 844, 842, 21, 7.59%, 0, 0, 3, 6.22
1747780247, 0, 447, 844, 842, 21, 7.59%, 0, 0, 3, 6.54
1747780257, 0, 449, 844, 842, 21, 7.59%, 0, 0, 3, 6.87
1747780263, 0, 450, 844, 842, 21, 7.59%, 0, 0, 3, 6.77
1747780273, 0, 451, 844, 842, 21, 7.59%, 0, 0, 3, 6.43
1747780278, 0, 452, 845, 843, 21, 7.59%, 0, 0, 3, 5.90
1747780298, 0, 453, 845, 843, 21, 7.59%, 0, 0, 3, 6.40
1747780303, 0, 454, 845, 843, 21, 7.59%, 0, 0, 3, 6.29
1747780314, 0, 455, 845, 843, 21, 7.59%, 0, 0, 3, 6.67
1747780319, 0, 456, 845, 843, 21, 7.59%, 0, 0, 3, 6.99
1747780329, 0, 457, 845, 843, 21, 7.59%, 0, 0, 3, 6.57
1747780335, 0, 458, 845, 843, 21, 7.59%, 0, 0, 3, 6.79
1747780345, 0, 460, 845, 843, 21, 7.59%, 0, 0, 3, 6.75
1747780350, 0, 461, 845, 843, 21, 7.59%, 0, 0, 3, 6.69
1747780360, 0, 462, 845, 843, 21, 7.59%, 0, 0, 3, 6.34
1747780366, 0, 463, 845, 843, 21, 7.59%, 0, 0, 3, 6.52
1747780376, 0, 464, 845, 843, 21, 7.59%, 0, 0, 3, 6.48
1747780381, 0, 465, 845, 843, 21, 7.59%, 0, 0, 3, 6.72
1747780391, 0, 467, 845, 843, 21, 7.59%, 0, 0, 3, 6.31
1747780397, 0, 468, 845, 843, 21, 7.59%, 0, 0, 3, 6.34
1747780407, 0, 469, 845, 843, 21, 7.59%, 0, 0, 3, 6.17
1747780412, 0, 471, 845, 843, 21, 7.59%, 0, 0, 3, 6.38
1747780422, 0, 472, 845, 843, 21, 7.59%, 0, 0, 3, 7.12
1747780428, 0, 473, 845, 843, 21, 7.59%, 0, 0, 3, 6.51
1747780438, 0, 474, 845, 843, 21, 7.59%, 0, 0, 3, 6.56
1747780443, 0, 475, 845, 843, 21, 7.59%, 0, 0, 3, 6.84
1747780453, 0, 476, 845, 843, 21, 7.59%, 0, 0, 3, 6.77
1747780458, 0, 478, 845, 843, 21, 7.59%, 0, 0, 3, 6.69
1747780469, 0, 479, 845, 843, 21, 7.59%, 0, 0, 3, 6.89
1747780474, 0, 480, 845, 843, 21, 7.59%, 0, 0, 3, 6.49
1747780484, 0, 481, 845, 843, 21, 7.59%, 0, 0, 3, 6.28
1747780489, 0, 482, 845, 843, 21, 7.59%, 0, 0, 3, 6.96
1747780500, 0, 483, 845, 843, 21, 7.59%, 0, 0, 3, 8.10
1747780763, 0, 484, 845, 842, 20, 7.59%, 0, 0, 3, 7.27
1747780768, 0, 485, 845, 842, 20, 7.59%, 0, 0, 3, 6.92
1747780778, 0, 488, 845, 842, 20, 7.59%, 0, 0, 3, 6.25
1747780784, 0, 490, 845, 842, 20, 7.59%, 0, 0, 3, 6.69
1747780794, 0, 491, 845, 842, 20, 7.59%, 0, 0, 3, 6.22
1747780804, 0, 492, 845, 842, 20, 7.59%, 0, 0, 3, 6.59
1747780809, 0, 493, 845, 842, 20, 7.59%, 0, 0, 3, 6.76
1747780820, 0, 495, 845, 842, 20, 7.59%, 0, 0, 3, 6.29
1747780825, 0, 498, 845, 842, 20, 7.59%, 0, 0, 3, 6.32
1747780835, 0, 499, 845, 842, 20, 7.59%, 0, 0, 3, 6.73
1747780840, 0, 501, 845, 842, 20, 7.59%, 0, 0, 3, 7.06
1747780851, 0, 502, 845, 842, 20, 7.59%, 0, 0, 3, 6.38
1747780856, 0, 503, 845, 842, 20, 7.59%, 0, 0, 3, 6.73
1747780866, 0, 505, 845, 842, 20, 7.59%, 0, 0, 3, 7.03
1747780871, 0, 507, 845, 842, 20, 7.59%, 0, 0, 3, 6.87
1747780882, 0, 508, 845, 842, 20, 7.59%, 0, 0, 3, 6.69
1747780892, 0, 511, 846, 843, 20, 7.59%, 0, 0, 3, 6.19
1747780907, 0, 512, 846, 843, 20, 7.59%, 0, 0, 3, 6.50
1747780912, 0, 513, 846, 843, 20, 7.59%, 0, 0, 3, 6.38
1747780923, 0, 515, 846, 843, 20, 7.59%, 0, 0, 3, 6.76
1747780933, 0, 516, 846, 843, 20, 7.59%, 0, 0, 3, 6.82
1747780938, 0, 517, 846, 843, 20, 7.59%, 0, 0, 3, 6.93
1747780943, 0, 517, 847, 844, 20, 7.59%, 0, 0, 3, 5.85
1747780959, 0, 518, 847, 844, 20, 7.59%, 0, 0, 3, 6.54
1747780964, 0, 519, 847, 844, 20, 7.59%, 0, 0, 3, 6.52
1747780974, 0, 521, 847, 844, 20, 7.59%, 0, 0, 3, 7.15
1747780979, 0, 522, 847, 844, 20, 7.59%, 0, 0, 3, 6.59
1747780989, 0, 524, 847, 844, 20, 7.59%, 0, 0, 3, 6.31
1747780995, 0, 525, 847, 844, 20, 7.59%, 0, 0, 3, 6.81
1747781005, 0, 526, 847, 844, 20, 7.59%, 0, 0, 3, 6.72
1747781010, 0, 527, 847, 844, 20, 7.59%, 0, 0, 3, 6.40
1747781020, 0, 528, 847, 844, 20, 7.59%, 0, 0, 3, 6.57
1747781025, 0, 529, 847, 844, 20, 7.59%, 0, 0, 3, 6.11
1747781036, 0, 530, 847, 844, 20, 7.59%, 0, 0, 3, 6.60
1747781041, 0, 531, 847, 844, 20, 7.59%, 0, 0, 3, 6.67
1747781051, 0, 532, 847, 844, 20, 7.59%, 0, 0, 3, 7.10
1747781056, 0, 533, 847, 844, 20, 7.59%, 0, 0, 3, 6.18
1747781066, 0, 534, 847, 844, 20, 7.59%, 0, 0, 3, 6.99
1747781072, 0, 535, 847, 844, 20, 7.59%, 0, 0, 3, 7.21
1747781082, 0, 536, 847, 844, 20, 7.59%, 0, 0, 3, 6.15
1747781087, 0, 537, 847, 844, 20, 7.59%, 0, 0, 3, 6.52
1747781098, 0, 538, 847, 844, 20, 7.59%, 0, 0, 3, 6.77
1747781103, 0, 539, 847, 844, 20, 7.59%, 0, 0, 3, 7.20
1747781113, 0, 541, 847, 844, 20, 7.59%, 0, 0, 3, 6.65
1747781119, 0, 542, 847, 844, 20, 7.59%, 0, 0, 3, 6.71
1747781129, 0, 543, 847, 844, 20, 7.59%, 0, 0, 3, 6.46
1747781134, 0, 545, 847, 844, 20, 7.59%, 0, 0, 3, 6.54
1747781144, 0, 546, 847, 844, 20, 7.59%, 0, 0, 3, 6.23
1747781155, 0, 548, 847, 844, 20, 7.59%, 0, 0, 3, 6.29
1747781160, 0, 549, 847, 844, 20, 7.59%, 0, 0, 3, 6.60
1747781170, 0, 551, 847, 844, 20, 7.59%, 0, 0, 3, 6.70
1747781175, 0, 552, 847, 844, 20, 7.59%, 0, 0, 3, 6.80
1747781186, 0, 554, 847, 844, 20, 7.59%, 0, 0, 3, 6.79
1747781191, 0, 555, 847, 844, 20, 7.59%, 0, 0, 3, 6.96
1747781201, 0, 556, 847, 844, 20, 7.59%, 0, 0, 3, 6.74
1747781206, 0, 557, 847, 844, 20, 7.59%, 0, 0, 3, 6.82
1747781217, 0, 558, 847, 844, 20, 7.59%, 0, 0, 3, 6.88
1747781222, 0, 559, 847, 844, 20, 7.59%, 0, 0, 3, 6.63
1747781232, 0, 561, 847, 844, 20, 7.59%, 0, 0, 3, 6.86
1747781237, 0, 562, 847, 844, 20, 7.59%, 0, 0, 3, 7.42
1747781247, 0, 564, 847, 844, 20, 7.59%, 0, 0, 3, 7.10
1747781253, 0, 565, 847, 844, 20, 7.59%, 0, 0, 3, 7.32
1747781258, 0, 567, 847, 844, 20, 7.59%, 0, 0, 3, 7.43
1747781268, 0, 568, 847, 844, 20, 7.59%, 0, 0, 3, 6.74
1747781273, 0, 569, 847, 844, 20, 7.59%, 0, 0, 3, 6.57
1747781284, 0, 570, 847, 844, 20, 7.59%, 0, 0, 3, 6.91
1747781289, 0, 573, 847, 844, 20, 7.59%, 0, 0, 3, 6.19
1747781294, 0, 573, 848, 845, 20, 7.59%, 0, 0, 3, 5.91
1747781310, 0, 574, 848, 845, 20, 7.59%, 0, 0, 3, 6.02
1747781320, 0, 575, 848, 845, 20, 7.59%, 0, 0, 3, 6.34
1747781325, 0, 576, 848, 845, 20, 7.59%, 0, 0, 3, 6.49
1747781331, 0, 577, 848, 845, 20, 7.59%, 0, 0, 3, 6.92
1747781341, 0, 579, 848, 845, 20, 7.59%, 0, 0, 3, 6.71
1747781346, 0, 580, 848, 845, 20, 7.59%, 0, 0, 3, 6.51
1747781357, 0, 581, 848, 845, 20, 7.59%, 0, 0, 3, 7.02
1747781362, 0, 583, 848, 845, 20, 7.59%, 0, 0, 3, 6.45
1747781372, 0, 584, 848, 845, 20, 7.59%, 0, 0, 3, 7.09
1747781377, 0, 585, 848, 845, 20, 7.59%, 0, 0, 3, 6.91
1747781388, 0, 587, 848, 845, 20, 7.59%, 0, 0, 3, 6.98
1747781393, 0, 588, 848, 845, 20, 7.59%, 0, 0, 3, 7.85
1747781403, 0, 588, 849, 846, 20, 7.59%, 0, 0, 3, 9.81
1747781490, 0, 588, 850, 847, 20, 7.59%, 0, 0, 3, 11.89
1747781511, 0, 588, 851, 848, 20, 7.59%, 0, 0, 3, 8.44
1747781542, 0, 588, 852, 849, 20, 7.59%, 0, 0, 3, 9.85
1747781593, 0, 588, 853, 850, 20, 7.59%, 0, 0, 3, 8.34
1747781609, 0, 588, 854, 851, 20, 7.59%, 0, 0, 3, 9.52
1747781634, 0, 588, 855, 852, 20, 7.59%, 0, 0, 3, 8.63
1747781644, 0, 588, 856, 853, 20, 7.59%, 0, 0, 3, 8.14
1747781660, 0, 588, 857, 854, 20, 7.59%, 0, 0, 3, 8.31
1747781849, 0, 588, 858, 855, 20, 7.59%, 0, 0, 3, 9.24
1747781957, 0, 588, 859, 856, 20, 7.59%, 0, 0, 3, 8.35
1747782034, 0, 588, 860, 857, 20, 7.59%, 0, 0, 3, 7.73
1747782050, 0, 588, 861, 858, 20, 7.59%, 0, 0, 3, 8.90
1747782081, 0, 588, 862, 859, 20, 7.59%, 0, 0, 3, 7.84
1747782116, 0, 588, 863, 860, 20, 7.59%, 0, 0, 3, 9.22
1747782157, 0, 588, 864, 861, 20, 7.59%, 0, 0, 3, 9.42
1747782173, 0, 588, 865, 862, 20, 7.59%, 0, 0, 3, 9.39
1747782302, 0, 589, 865, 861, 20, 7.59%, 0, 0, 3, 7.61
1747782307, 0, 590, 865, 861, 20, 7.59%, 0, 0, 3, 7.26
1747782317, 0, 591, 865, 861, 20, 7.59%, 0, 0, 3, 5.87
1747782327, 0, 591, 866, 862, 20, 7.59%, 0, 0, 3, 5.02
1747782338, 0, 592, 866, 862, 20, 7.59%, 0, 0, 3, 6.32
1747782343, 0, 594, 866, 862, 20, 7.59%, 0, 0, 3, 6.22
1747782353, 0, 596, 866, 862, 20, 7.59%, 0, 0, 3, 6.48
1747782363, 0, 597, 867, 863, 20, 7.59%, 0, 0, 3, 5.75
1747782379, 0, 599, 868, 864, 20, 7.59%, 0, 0, 3, 5.81
1747782400, 0, 602, 868, 864, 20, 7.59%, 0, 0, 3, 6.05
1747782410, 0, 603, 868, 864, 20, 7.59%, 0, 0, 3, 6.28
1747782415, 0, 604, 868, 864, 20, 7.59%, 0, 0, 3, 6.33
1747782420, 0, 604, 869, 865, 20, 7.75%, 0, 0, 3, 5.10
1747782431, 0, 604, 870, 866, 20, 7.76%, 0, 0, 3, 5.04
1747782456, 0, 605, 870, 866, 21, 7.76%, 0, 0, 3, 6.45
1747782462, 0, 606, 870, 866, 21, 7.76%, 0, 0, 3, 6.25
1747782467, 0, 606, 871, 867, 21, 7.76%, 0, 0, 3, 5.22
1747782483, 0, 608, 871, 867, 21, 7.76%, 0, 0, 3, 6.06
1747782488, 0, 609, 871, 867, 21, 7.76%, 3, 0, 3, 6.10
1747782498, 0, 610, 871, 867, 21, 7.76%, 3, 0, 3, 5.80
1747782503, 0, 610, 872, 868, 21, 7.76%, 3, 0, 3, 4.98
1747782519, 0, 611, 872, 868, 21, 7.76%, 3, 0, 3, 6.37
1747782524, 0, 611, 872, 868, 21, 7.76%, 4, 0, 3, 6.20
1747782529, 0, 612, 873, 869, 21, 7.76%, 4, 0, 3, 4.89
1747782534, 0, 612, 873, 869, 21, 7.76%, 6, 0, 3, 5.46
1747782545, 0, 612, 874, 870, 21, 7.76%, 7, 0, 3, 5.04
1747782555, 0, 612, 875, 871, 21, 7.76%, 7, 0, 3, 4.80
1747782565, 0, 612, 876, 872, 21, 7.76%, 7, 0, 3, 4.71
1747782571, 0, 612, 877, 873, 21, 7.76%, 7, 0, 3, 4.98
1747782576, 0, 612, 878, 874, 21, 7.76%, 7, 0, 3, 4.42
1747782586, 0, 612, 879, 875, 21, 7.76%, 7, 0, 3, 4.65
1747782607, 0, 612, 880, 876, 21, 7.76%, 7, 0, 3, 4.93
1747782643, 0, 612, 880, 876, 21, 7.76%, 8, 0, 3, 6.25
1747782653, 0, 612, 881, 877, 21, 7.76%, 9, 0, 3, 5.36
1747782658, 0, 612, 882, 878, 21, 7.76%, 9, 0, 3, 4.74
1747782663, 0, 612, 882, 878, 21, 7.76%, 10, 0, 3, 5.39
1747782674, 0, 612, 882, 878, 21, 7.76%, 11, 0, 3, 6.01
1747782684, 0, 612, 882, 878, 21, 7.76%, 12, 0, 3, 5.86
1747782689, 0, 612, 882, 878, 21, 7.76%, 13, 0, 3, 6.27
1747782730, 0, 612, 883, 879, 21, 7.76%, 13, 0, 3, 4.58
1747782772, 0, 612, 884, 880, 21, 7.76%, 14, 0, 3, 5.02
1747782777, 0, 612, 885, 881, 21, 7.76%, 14, 0, 3, 4.49
1747782787, 0, 612, 885, 881, 21, 7.76%, 15, 0, 3, 5.82
1747782792, 0, 612, 885, 881, 21, 7.76%, 16, 0, 3, 5.95
1747782813, 0, 612, 885, 881, 21, 7.76%, 17, 0, 3, 6.57
1747782834, 0, 612, 886, 882, 21, 7.76%, 17, 0, 3, 5.22
1747782839, 0, 613, 886, 882, 21, 7.76%, 17, 0, 3, 5.17
1747782845, 0, 613, 886, 882, 21, 7.76%, 19, 0, 3, 5.70
1747782850, 0, 615, 886, 882, 21, 7.76%, 19, 0, 3, 5.68
1747782855, 0, 617, 886, 882, 21, 7.76%, 19, 0, 3, 6.17
1747782860, 0, 617, 887, 883, 21, 7.76%, 19, 0, 3, 4.73
1747782870, 0, 617, 888, 884, 21, 7.76%, 19, 0, 3, 4.47
1747782876, 0, 617, 888, 884, 21, 7.76%, 20, 0, 3, 5.39
1747782881, 0, 617, 888, 884, 21, 7.76%, 21, 0, 3, 6.17
1747782886, 0, 617, 888, 884, 21, 7.76%, 22, 0, 3, 6.19
1747782896, 0, 618, 888, 884, 21, 7.76%, 22, 0, 3, 7.04
1747782906, 0, 619, 888, 884, 21, 7.76%, 22, 0, 3, 6.51
1747782912, 0, 620, 888, 884, 21, 7.76%, 22, 0, 3, 6.02
1747782917, 0, 620, 888, 884, 21, 7.76%, 23, 0, 3, 5.71
1747782922, 0, 621, 888, 884, 21, 7.76%, 23, 0, 3, 6.09
1747782927, 0, 622, 888, 884, 21, 7.76%, 23, 0, 3, 6.52
1747782937, 0, 623, 888, 884, 21, 7.76%, 23, 0, 3, 6.38
1747782948, 0, 624, 888, 884, 21, 7.76%, 23, 0, 3, 6.25
1747782953, 0, 624, 889, 885, 21, 7.76%, 23, 0, 3, 5.29
1747782968, 0, 625, 889, 885, 21, 7.76%, 24, 0, 3, 5.88
1747782973, 0, 626, 889, 885, 21, 7.76%, 24, 0, 3, 6.42
1747782984, 0, 627, 889, 885, 21, 7.76%, 24, 0, 3, 6.09
1747782994, 0, 628, 889, 885, 21, 7.76%, 24, 0, 3, 6.73
1747782999, 0, 629, 889, 885, 21, 7.76%, 24, 0, 3, 6.48
1747783010, 0, 629, 890, 886, 21, 7.76%, 25, 0, 3, 5.19
1747783015, 0, 629, 891, 887, 21, 7.76%, 25, 0, 3, 5.26
1747783026, 0, 629, 891, 887, 21, 7.76%, 26, 0, 3, 5.98
1747783041, 0, 630, 891, 887, 22, 7.76%, 27, 0, 3, 6.35
1747783046, 0, 631, 891, 887, 22, 7.76%, 27, 0, 3, 6.45
1747783056, 0, 632, 892, 888, 22, 7.76%, 27, 0, 3, 5.07
1747783072, 0, 632, 893, 889, 22, 7.76%, 27, 0, 3, 5.64
1747783082, 0, 632, 893, 889, 22, 7.76%, 28, 0, 3, 6.30
1747783087, 0, 632, 893, 889, 22, 7.76%, 30, 0, 3, 6.24
1747783092, 0, 632, 894, 890, 22, 7.76%, 30, 0, 3, 5.31
1747783097, 0, 632, 894, 890, 22, 7.76%, 32, 0, 3, 5.89
1747783102, 0, 632, 894, 890, 22, 7.76%, 35, 0, 3, 5.69
1747783107, 0, 632, 895, 891, 22, 7.76%, 35, 0, 3, 5.06
1747783112, 0, 632, 895, 891, 22, 7.76%, 36, 0, 3, 5.21
1747783117, 0, 632, 895, 891, 22, 7.76%, 38, 0, 3, 5.33
1747783180, 0, 632, 896, 892, 22, 7.76%, 38, 0, 3, 5.08
1747783231, 0, 632, 896, 892, 22, 7.76%, 39, 0, 3, 5.71
1747783241, 0, 632, 896, 892, 22, 7.76%, 40, 0, 3, 6.09
1747783247, 0, 632, 897, 893, 22, 7.76%, 40, 0, 3, 5.14
1747783257, 0, 632, 898, 894, 22, 7.76%, 40, 0, 3, 5.59
1747783268, 0, 632, 899, 895, 22, 7.76%, 40, 0, 3, 5.72
1747783278, 0, 632, 899, 895, 22, 7.76%, 41, 0, 3, 5.28
1747783299, 0, 632, 900, 896, 22, 7.76%, 41, 0, 3, 4.70
1747783304, 0, 632, 901, 897, 22, 7.76%, 41, 0, 3, 5.14
1747783309, 0, 632, 902, 898, 22, 7.76%, 41, 0, 3, 4.72
1747783345, 0, 632, 902, 898, 22, 7.76%, 42, 0, 3, 6.39
1747783356, 0, 633, 902, 898, 22, 7.76%, 42, 0, 3, 6.26
1747783361, 0, 634, 902, 898, 22, 7.76%, 42, 0, 3, 6.67
1747783371, 0, 635, 902, 898, 22, 7.76%, 42, 0, 3, 6.33
1747783382, 0, 637, 902, 898, 22, 7.76%, 42, 0, 3, 6.32
1747783387, 0, 638, 902, 898, 22, 7.76%, 42, 0, 3, 6.33
1747783392, 0, 638, 902, 898, 22, 7.76%, 43, 0, 3, 5.57
1747783397, 0, 640, 902, 898, 22, 7.76%, 44, 0, 3, 5.98
1747783402, 0, 640, 903, 899, 22, 7.76%, 44, 0, 3, 5.42
1747783417, 0, 641, 903, 899, 22, 7.76%, 44, 0, 3, 5.98
1747783422, 0, 642, 903, 899, 22, 7.76%, 44, 0, 3, 6.36
1747783427, 0, 643, 903, 899, 22, 7.76%, 44, 0, 3, 9.62
1747783433, 0, 645, 903, 899, 22, 7.76%, 44, 0, 3, 10.09
1747783438, 0, 646, 903, 899, 22, 7.76%, 44, 0, 3, 10.07
1747783443, 0, 647, 903, 899, 22, 7.76%, 44, 0, 3, 9.97
1747783448, 0, 648, 903, 899, 22, 7.76%, 44, 0, 3, 10.13
1747783453, 0, 649, 903, 899, 22, 7.76%, 45, 0, 3, 10.07
1747783458, 0, 650, 903, 899, 22, 7.76%, 45, 0, 3, 10.02
1747783463, 0, 650, 904, 900, 22, 7.76%, 46, 0, 3, 8.52
1747783474, 0, 652, 905, 901, 22, 7.76%, 46, 0, 3, 8.49
1747783479, 0, 652, 906, 902, 22, 7.76%, 46, 0, 3, 9.46
1747783494, 0, 653, 906, 902, 21, 7.76%, 46, 0, 3, 9.92
1747783499, 0, 654, 906, 902, 21, 7.76%, 46, 0, 3, 10.56
1747783504, 0, 655, 906, 902, 21, 7.76%, 46, 0, 3, 10.35
1747783509, 0, 656, 906, 902, 21, 7.76%, 46, 0, 3, 10.12
1747783515, 0, 657, 906, 902, 21, 7.76%, 46, 0, 3, 9.73
1747783520, 0, 658, 906, 902, 21, 7.76%, 47, 0, 3, 9.72
1747783525, 0, 659, 906, 902, 21, 7.76%, 49, 0, 3, 10.02
1747783530, 0, 660, 906, 902, 21, 7.76%, 49, 0, 3, 9.78
1747783535, 0, 662, 906, 902, 21, 7.76%, 49, 0, 3, 9.71
1747783540, 0, 664, 906, 902, 21, 7.76%, 49, 0, 3, 10.60
1747783545, 0, 664, 907, 903, 21, 7.76%, 49, 0, 3, 8.44
1747783556, 0, 666, 907, 903, 21, 7.76%, 49, 0, 3, 10.08
1747783561, 0, 667, 907, 903, 21, 7.76%, 49, 0, 3, 9.39
1747783566, 0, 668, 907, 903, 21, 7.76%, 49, 0, 3, 9.84
1747783571, 0, 669, 907, 903, 21, 7.76%, 49, 0, 3, 9.67
1747783576, 0, 670, 907, 903, 21, 7.76%, 49, 0, 3, 10.86
1747783581, 0, 671, 907, 903, 21, 7.76%, 50, 0, 3, 9.87
1747783586, 0, 672, 907, 903, 21, 7.76%, 51, 0, 3, 9.89
1747783592, 0, 673, 907, 903, 21, 7.76%, 51, 0, 3, 9.29
1747783597, 0, 674, 907, 903, 21, 7.76%, 51, 0, 3, 9.51
1747783602, 0, 675, 907, 903, 21, 7.76%, 52, 0, 3, 9.85
1747783607, 0, 676, 907, 903, 21, 7.76%, 52, 0, 3, 10.26
1747783612, 0, 677, 907, 903, 21, 7.76%, 52, 0, 3, 10.44
1747783617, 0, 678, 907, 903, 21, 7.76%, 52, 0, 3, 10.34
1747783622, 0, 680, 908, 904, 21, 7.76%, 53, 0, 3, 7.75
1747783633, 0, 682, 908, 904, 21, 7.76%, 54, 0, 3, 9.18
1747783638, 0, 683, 908, 904, 21, 7.76%, 54, 0, 3, 10.29
1747783643, 0, 684, 908, 904, 21, 7.76%, 54, 0, 3, 9.53
1747783648, 0, 685, 908, 904, 21, 7.76%, 54, 0, 3, 10.33
1747783653, 0, 686, 908, 904, 21, 7.76%, 54, 0, 3, 9.82
1747783658, 0, 687, 908, 904, 21, 7.76%, 54, 0, 3, 10.08
1747783663, 0, 688, 908, 904, 21, 7.76%, 54, 0, 3, 9.97
1747783669, 0, 691, 908, 904, 21, 7.76%, 55, 0, 3, 10.43
1747783674, 0, 692, 908, 904, 21, 7.76%, 55, 0, 3, 10.36
1747783679, 0, 693, 908, 904, 21, 7.76%, 55, 0, 3, 9.74
1747783684, 0, 694, 908, 904, 21, 7.76%, 55, 0, 3, 10.32
1747783689, 0, 695, 908, 904, 21, 7.76%, 55, 0, 3, 10.36
1747783694, 0, 695, 909, 905, 21, 7.76%, 55, 0, 3, 9.00
1747783705, 0, 696, 909, 905, 21, 7.76%, 55, 0, 3, 9.78
1747783710, 0, 697, 909, 905, 21, 7.76%, 55, 0, 3, 23.27
1747783746, 0, 698, 909, 904, 20, 7.76%, 56, 0, 3, 12.22
1747783751, 0, 700, 909, 904, 20, 7.76%, 56, 0, 3, 10.95
1747783756, 0, 701, 909, 904, 20, 7.76%, 57, 0, 3, 10.49
1747783761, 0, 704, 909, 904, 20, 7.76%, 57, 0, 3, 10.77
1747783766, 0, 705, 909, 904, 20, 7.76%, 58, 0, 3, 10.79
1747783771, 0, 705, 909, 904, 20, 7.76%, 60, 0, 3, 9.50
1747783777, 0, 706, 909, 904, 20, 7.76%, 61, 0, 3, 9.35
1747783782, 0, 707, 909, 904, 20, 7.76%, 61, 0, 3, 10.44
1747783787, 0, 708, 909, 904, 20, 7.76%, 62, 0, 3, 10.37
1747783792, 0, 709, 909, 904, 20, 7.76%, 62, 0, 3, 9.85
1747783797, 0, 710, 910, 905, 20, 7.76%, 62, 0, 3, 8.90
1747783807, 0, 711, 910, 905, 20, 7.76%, 62, 0, 3, 10.68
1747783813, 0, 712, 910, 905, 20, 7.76%, 62, 0, 3, 10.50
1747783818, 0, 713, 910, 905, 20, 7.76%, 62, 0, 3, 10.58
1747783823, 0, 714, 910, 905, 20, 7.76%, 62, 0, 3, 10.38
1747783828, 0, 715, 910, 905, 20, 7.76%, 62, 0, 3, 10.59
1747783833, 0, 716, 910, 905, 20, 7.76%, 62, 0, 3, 9.66
1747783838, 0, 717, 911, 906, 20, 7.76%, 62, 0, 3, 9.69
1747783848, 0, 718, 911, 906, 20, 7.76%, 62, 0, 3, 9.32
1747783854, 0, 719, 911, 906, 20, 7.76%, 62, 0, 3, 9.97
1747783859, 0, 720, 911, 906, 20, 7.76%, 63, 0, 3, 9.84
1747783864, 0, 720, 912, 907, 20, 7.76%, 63, 0, 3, 9.40
1747783869, 0, 721, 912, 907, 20, 7.76%, 63, 0, 3, 9.82
1747783874, 0, 724, 912, 907, 20, 7.76%, 64, 0, 3, 10.55
1747783879, 0, 725, 912, 907, 20, 7.76%, 64, 0, 3, 9.65
1747783884, 0, 726, 912, 907, 20, 7.76%, 64, 0, 3, 9.86
1747783889, 0, 728, 912, 907, 20, 7.76%, 64, 0, 3, 10.45
1747783895, 0, 729, 912, 907, 20, 7.76%, 64, 0, 3, 9.71
1747784375, 0, 730, 912, 906, 20, 7.76%, 64, 0, 3, 10.78
1747784380, 0, 732, 912, 906, 20, 7.76%, 64, 0, 3, 10.31
1747784385, 0, 733, 912, 906, 20, 7.76%, 64, 0, 3, 10.24
1747784390, 0, 733, 913, 907, 20, 7.76%, 64, 0, 3, 10.91
1747784400, 0, 734, 913, 907, 20, 7.76%, 64, 0, 3, 10.20
1747784405, 0, 735, 913, 907, 20, 7.76%, 65, 0, 3, 9.59
1747784410, 0, 737, 913, 907, 20, 7.76%, 65, 0, 3, 9.47
1747784416, 0, 738, 913, 907, 20, 7.76%, 65, 0, 3, 9.61
1747784421, 0, 740, 913, 907, 20, 7.76%, 65, 0, 3, 9.90
1747784426, 0, 741, 913, 907, 20, 7.76%, 65, 0, 3, 10.27
1747784431, 0, 742, 913, 907, 20, 7.76%, 65, 0, 3, 9.94
1747784436, 0, 743, 913, 907, 20, 7.76%, 65, 0, 3, 10.15
1747784441, 0, 744, 913, 907, 20, 7.76%, 66, 0, 3, 10.71
1747784446, 0, 746, 913, 907, 20, 7.76%, 67, 0, 3, 10.15
1747784451, 0, 747, 913, 907, 20, 7.76%, 67, 0, 3, 10.28
1747784457, 0, 748, 913, 907, 20, 7.76%, 67, 0, 3, 10.29
1747784462, 0, 749, 913, 907, 20, 7.76%, 67, 0, 3, 9.72
1747784467, 0, 752, 913, 907, 20, 7.76%, 67, 0, 3, 11.08
1747784472, 0, 753, 913, 907, 20, 7.76%, 67, 0, 3, 10.54
1747784477, 0, 753, 913, 907, 20, 7.76%, 68, 0, 3, 9.47
1747784482, 0, 754, 913, 907, 20, 7.76%, 68, 0, 3, 9.65
1747784487, 0, 755, 913, 907, 20, 7.76%, 68, 0, 3, 9.38
1747784492, 0, 756, 913, 907, 20, 7.76%, 68, 0, 3, 10.19
1747784498, 0, 757, 913, 907, 20, 7.76%, 68, 0, 3, 10.45
1747784503, 0, 758, 913, 907, 20, 7.76%, 68, 0, 3, 10.62
1747784508, 0, 760, 913, 907, 20, 7.76%, 68, 0, 3, 11.42
1747784513, 0, 762, 913, 907, 20, 7.76%, 68, 0, 3, 10.61
1747784518, 0, 763, 913, 907, 20, 7.76%, 68, 0, 3, 9.97
1747784523, 0, 764, 913, 907, 20, 7.76%, 68, 0, 3, 10.44
1747784528, 0, 765, 913, 907, 20, 7.76%, 68, 0, 3, 10.65
1747784534, 0, 767, 913, 907, 20, 7.76%, 68, 0, 3, 10.33
1747784539, 0, 768, 913, 907, 20, 7.76%, 68, 0, 3, 10.49
1747784544, 0, 768, 914, 908, 20, 7.76%, 68, 0, 3, 7.63
1747784549, 0, 768, 914, 908, 20, 7.76%, 69, 0, 3, 9.34
1747784554, 0, 769, 915, 909, 21, 7.76%, 69, 0, 3, 8.57
1747784565, 0, 770, 915, 909, 21, 7.76%, 69, 0, 3, 10.28
1747784570, 0, 770, 916, 910, 21, 7.76%, 69, 0, 3, 9.48
1747784575, 0, 771, 916, 910, 21, 7.76%, 69, 0, 3, 10.06
1747784580, 0, 772, 916, 910, 21, 7.76%, 69, 0, 3, 10.60
1747784785, 0, 772, 917, 911, 21, 7.76%, 69, 0, 3, 8.55
1747784790, 0, 772, 918, 912, 21, 7.76%, 69, 0, 3, 8.43
1747784847, 0, 772, 920, 914, 21, 7.76%, 69, 0, 3, 8.70
1747784862, 0, 772, 921, 915, 21, 7.76%, 69, 0, 3, 11.54
1747784882, 0, 773, 921, 914, 21, 7.76%, 69, 0, 3, 10.41
1747784888, 0, 774, 921, 914, 21, 7.76%, 69, 0, 3, 9.26
1747784893, 0, 775, 921, 914, 21, 7.76%, 69, 0, 3, 10.30
1747784898, 0, 776, 921, 914, 21, 7.76%, 69, 0, 3, 9.64
1747784903, 0, 777, 921, 914, 21, 7.76%, 69, 0, 3, 9.73
1747784908, 0, 779, 921, 914, 21, 7.76%, 69, 0, 3, 9.48
1747784914, 0, 779, 922, 915, 21, 7.76%, 70, 0, 3, 8.17
1747784924, 0, 781, 922, 915, 21, 7.76%, 70, 0, 3, 9.66
1747784929, 0, 781, 922, 915, 21, 7.76%, 71, 0, 3, 10.02
1747784934, 0, 782, 922, 915, 21, 7.76%, 71, 0, 3, 9.44
1747784939, 0, 784, 922, 915, 21, 7.76%, 71, 0, 3, 9.68
1747784944, 0, 785, 922, 915, 21, 7.76%, 71, 0, 3, 9.94
1747784949, 0, 786, 922, 915, 21, 7.76%, 71, 0, 3, 10.11
1747784954, 0, 787, 922, 915, 21, 7.76%, 73, 0, 3, 9.90
1747784959, 0, 789, 922, 915, 21, 7.76%, 73, 0, 3, 10.11
1747784964, 0, 790, 922, 915, 21, 7.76%, 73, 0, 3, 10.09
1747784969, 0, 792, 922, 915, 21, 7.76%, 73, 0, 3, 9.95
1747784974, 0, 793, 923, 916, 21, 7.76%, 73, 0, 3, 8.43
1747784985, 0, 794, 923, 916, 21, 7.76%, 74, 0, 3, 10.16
1747784990, 0, 796, 923, 916, 21, 7.76%, 74, 0, 3, 10.89
1747784995, 0, 799, 923, 916, 21, 7.76%, 74, 0, 3, 10.74
1747785000, 0, 800, 923, 916, 21, 7.76%, 74, 0, 3, 10.85
1747785036, 0, 800, 924, 917, 21, 7.76%, 74, 0, 3, 8.48
1747785047, 0, 800, 925, 918, 21, 7.76%, 74, 0, 3, 9.47
1747785052, 0, 800, 926, 919, 21, 7.76%, 74, 0, 3, 9.25
1747785206, 0, 800, 927, 920, 21, 7.76%, 74, 0, 3, 8.36
1747785211, 0, 800, 929, 922, 21, 7.76%, 74, 0, 3, 8.13
1747785216, 0, 800, 930, 923, 21, 7.76%, 74, 0, 3, 7.97
1747785288, 0, 801, 930, 922, 22, 7.76%, 75, 0, 3, 11.14
1747785293, 0, 802, 930, 922, 22, 7.76%, 75, 0, 3, 10.21
1747785298, 0, 803, 930, 922, 22, 7.76%, 75, 0, 3, 9.51
1747785304, 0, 806, 930, 922, 22, 7.76%, 75, 0, 3, 9.66
1747785309, 0, 808, 930, 922, 22, 7.76%, 75, 0, 3, 9.74
1747785314, 0, 809, 930, 922, 22, 7.76%, 75, 0, 3, 10.24
1747785319, 0, 810, 930, 922, 22, 7.76%, 77, 0, 3, 9.53
1747785324, 0, 811, 930, 922, 22, 7.76%, 77, 0, 3, 10.56
1747785334, 0, 812, 930, 922, 22, 7.76%, 77, 0, 3, 7.81
1747785638, 0, 813, 930, 921, 22, 7.76%, 77, 0, 3, 6.97
1747785643, 0, 813, 930, 921, 22, 7.76%, 78, 0, 3, 6.73
1747785649, 0, 814, 930, 921, 22, 7.76%, 78, 0, 3, 6.16
1747785659, 0, 815, 931, 922, 22, 7.76%, 78, 0, 3, 4.91
1747785664, 0, 815, 931, 922, 22, 7.76%, 79, 0, 3, 5.28
1747785669, 0, 815, 931, 922, 22, 7.76%, 80, 0, 3, 5.81
1747785679, 0, 816, 931, 922, 22, 7.76%, 80, 0, 3, 6.33
1747785684, 0, 817, 931, 922, 22, 7.76%, 81, 0, 3, 6.10
1747785689, 0, 817, 931, 922, 22, 7.76%, 82, 0, 3, 5.71
1747785694, 0, 818, 931, 922, 22, 7.76%, 83, 0, 3, 5.50
1747785705, 0, 819, 931, 922, 22, 7.76%, 83, 0, 3, 5.80
1747785715, 0, 820, 931, 922, 22, 7.76%, 83, 0, 3, 6.41
1747785720, 0, 821, 931, 922, 22, 7.76%, 83, 0, 3, 6.50
1747785730, 0, 822, 931, 922, 22, 7.76%, 83, 0, 3, 6.19
1747785740, 0, 824, 931, 922, 22, 7.76%, 83, 0, 3, 5.85
1747785745, 0, 825, 931, 922, 22, 7.76%, 84, 0, 3, 6.17
1747785756, 0, 826, 931, 922, 22, 7.76%, 84, 0, 3, 6.44
1747785766, 0, 827, 931, 922, 22, 7.76%, 84, 0, 3, 5.66
1747785771, 0, 829, 931, 922, 22, 7.76%, 85, 0, 3, 6.21
1747785776, 0, 829, 931, 922, 22, 7.76%, 86, 0, 3, 6.36
1747785781, 0, 830, 931, 922, 22, 7.76%, 86, 0, 3, 6.19
1747785792, 0, 831, 931, 922, 22, 7.76%, 86, 0, 3, 6.34
1747785797, 0, 832, 931, 922, 22, 7.76%, 87, 0, 3, 6.26
1747785802, 0, 832, 932, 923, 22, 7.76%, 88, 0, 3, 5.26
1747785818, 0, 833, 932, 923, 22, 7.76%, 88, 0, 3, 5.96
1747785823, 0, 833, 932, 923, 22, 7.76%, 89, 0, 3, 5.95
1747785828, 0, 834, 932, 923, 22, 7.76%, 89, 0, 3, 5.74
1747785838, 0, 835, 933, 924, 22, 7.76%, 90, 0, 3, 5.23
1747785853, 0, 837, 933, 924, 22, 7.76%, 90, 0, 3, 5.95
1747785859, 0, 837, 933, 924, 22, 7.76%, 91, 0, 3, 5.81
1747785864, 0, 839, 933, 924, 22, 7.76%, 91, 0, 3, 6.31
1747785874, 0, 841, 933, 924, 22, 7.76%, 91, 0, 3, 6.86
1747785879, 0, 842, 933, 924, 22, 7.76%, 91, 0, 3, 6.63
1747785890, 0, 843, 933, 924, 22, 7.76%, 91, 0, 3, 5.82
1747785900, 0, 844, 933, 924, 22, 7.76%, 91, 0, 3, 6.66
1747785905, 0, 845, 933, 924, 22, 7.76%, 91, 0, 3, 6.18
1747785916, 0, 846, 933, 924, 22, 7.76%, 91, 0, 3, 6.06
1747785921, 0, 847, 933, 924, 22, 7.76%, 91, 0, 3, 6.49
1747785931, 0, 848, 933, 924, 22, 7.76%, 91, 0, 3, 6.08
1747785941, 0, 849, 933, 924, 22, 7.76%, 91, 0, 3, 6.07
1747785947, 0, 850, 933, 924, 22, 7.76%, 91, 0, 3, 6.38
1747785957, 0, 851, 933, 924, 22, 7.76%, 91, 0, 3, 6.36
1747785967, 0, 852, 933, 924, 22, 7.76%, 92, 0, 3, 6.12
1747785972, 0, 853, 933, 924, 22, 7.76%, 92, 0, 3, 6.75
1747785977, 0, 853, 933, 924, 22, 7.76%, 93, 0, 3, 6.48
1747785982, 0, 854, 933, 924, 22, 7.76%, 93, 0, 3, 5.92
1747785988, 0, 855, 933, 924, 22, 7.76%, 93, 0, 3, 6.12
1747785998, 0, 856, 933, 924, 22, 7.76%, 93, 0, 3, 6.06
1747786003, 0, 856, 934, 925, 22, 7.76%, 93, 0, 3, 5.03
1747786008, 0, 856, 934, 925, 22, 7.76%, 94, 0, 3, 5.15
1747786019, 0, 857, 934, 925, 22, 7.76%, 94, 0, 3, 5.98
1747786024, 0, 857, 935, 926, 22, 7.76%, 94, 0, 3, 5.30
1747786039, 0, 858, 935, 926, 22, 7.76%, 94, 0, 3, 5.72
1747786050, 0, 860, 935, 926, 22, 7.76%, 94, 0, 3, 5.87
1747786055, 0, 862, 935, 926, 22, 7.76%, 94, 0, 3, 6.76
1747786065, 0, 863, 935, 926, 22, 7.76%, 95, 0, 3, 5.83
1747786076, 0, 865, 935, 926, 22, 7.76%, 95, 0, 3, 5.88
1747786086, 0, 866, 935, 926, 22, 7.76%, 95, 0, 3, 6.06
1747786091, 0, 866, 936, 927, 22, 7.77%, 95, 0, 3, 4.72
1747786102, 0, 866, 936, 927, 22, 7.77%, 96, 0, 3, 5.84
1747786107, 0, 867, 936, 927, 23, 7.77%, 97, 0, 3, 6.28
1747786112, 0, 868, 936, 927, 23, 7.77%, 97, 0, 3, 6.21
1747786117, 0, 868, 936, 927, 23, 7.77%, 98, 0, 3, 6.04
1747786122, 0, 869, 936, 927, 23, 7.77%, 98, 0, 3, 5.93
1747786132, 0, 870, 936, 927, 23, 7.77%, 98, 0, 3, 5.82
1747786138, 0, 873, 936, 927, 23, 7.77%, 98, 0, 3, 6.14
1747786148, 0, 874, 936, 927, 23, 7.77%, 98, 0, 3, 6.56
1747786158, 0, 876, 936, 927, 23, 7.77%, 99, 0, 3, 6.38
1747786164, 0, 877, 936, 927, 23, 7.77%, 99, 0, 3, 8.11
1747786169, 0, 878, 936, 927, 23, 7.77%, 100, 0, 3, 9.32
1747786174, 0, 882, 936, 927, 23, 7.77%, 100, 0, 3, 9.09
1747786179, 0, 883, 936, 927, 23, 7.77%, 100, 0, 3, 10.24
1747786184, 0, 884, 936, 927, 23, 7.77%, 100, 0, 3, 10.59
1747786189, 0, 885, 936, 927, 23, 7.77%, 101, 0, 3, 9.28
1747786195, 0, 886, 936, 927, 23, 7.77%, 102, 0, 3, 9.68
1747786200, 0, 887, 936, 927, 23, 7.77%, 104, 0, 3, 9.19
1747786205, 0, 888, 936, 927, 23, 7.77%, 104, 0, 3, 10.26
1747786210, 0, 889, 936, 927, 23, 7.77%, 104, 0, 3, 10.15
1747786215, 0, 890, 936, 927, 23, 7.77%, 104, 0, 3, 10.14
1747786220, 0, 892, 936, 927, 23, 7.77%, 106, 0, 3, 9.42
1747786226, 0, 893, 936, 927, 23, 7.77%, 107, 0, 3, 9.94
1747786231, 0, 894, 936, 927, 23, 7.77%, 107, 0, 3, 9.76
1747786236, 0, 895, 936, 927, 23, 7.77%, 107, 0, 3, 9.44
1747786241, 0, 895, 936, 927, 23, 7.77%, 109, 0, 3, 9.39
1747786246, 0, 897, 936, 927, 23, 7.77%, 110, 0, 3, 10.41
1747786251, 0, 898, 936, 927, 23, 7.77%, 111, 0, 3, 10.19
1747786256, 0, 898, 936, 927, 23, 7.77%, 113, 0, 3, 9.54
1747786261, 0, 899, 936, 927, 23, 7.77%, 113, 0, 3, 9.67
1747786267, 0, 901, 936, 927, 23, 7.77%, 113, 0, 3, 9.69
1747786272, 0, 903, 936, 927, 23, 7.77%, 113, 0, 3, 10.47
1747786277, 0, 904, 936, 927, 23, 7.77%, 115, 0, 3, 10.09
1747786282, 0, 905, 936, 927, 23, 7.77%, 115, 0, 3, 10.41
1747786287, 0, 906, 936, 927, 23, 7.77%, 115, 0, 3, 9.51
1747786292, 0, 907, 936, 927, 23, 7.77%, 115, 0, 3, 9.66
1747786297, 0, 908, 936, 927, 23, 7.77%, 117, 0, 3, 8.97
1747786303, 0, 909, 936, 927, 23, 7.77%, 117, 0, 3, 9.75
1747786308, 0, 910, 936, 927, 23, 7.77%, 117, 0, 3, 10.19
1747786313, 0, 911, 936, 927, 23, 7.77%, 118, 0, 3, 9.38
1747786318, 0, 912, 936, 927, 23, 7.77%, 121, 0, 3, 9.20
1747786323, 0, 913, 936, 927, 23, 7.77%, 121, 0, 3, 9.42
1747786328, 0, 915, 936, 927, 23, 7.77%, 121, 0, 3, 10.31
1747786333, 0, 918, 936, 927, 23, 7.77%, 122, 0, 3, 10.46
1747786338, 0, 919, 936, 927, 23, 7.77%, 123, 0, 3, 10.28
1747786344, 0, 920, 936, 927, 23, 7.77%, 123, 0, 3, 10.46
1747786349, 0, 921, 936, 927, 23, 7.77%, 123, 0, 3, 10.40
1747786354, 0, 922, 936, 927, 23, 7.77%, 123, 0, 3, 10.20
1747786359, 0, 923, 936, 927, 23, 7.77%, 123, 0, 3, 10.81
1747786364, 0, 924, 936, 927, 23, 7.77%, 123, 0, 3, 10.21
1747786369, 0, 926, 936, 927, 23, 7.77%, 123, 0, 3, 10.19
1747786375, 0, 927, 937, 928, 23, 7.78%, 123, 0, 3, 10.05
1747786385, 0, 928, 937, 928, 24, 7.78%, 123, 0, 3, 9.22
1747786390, 0, 928, 937, 928, 24, 7.78%, 124, 0, 3, 8.66
1747786395, 0, 929, 937, 928, 24, 7.78%, 124, 0, 3, 9.56
1747786400, 0, 930, 937, 928, 24, 7.78%, 124, 0, 3, 9.44
1747786405, 0, 931, 937, 928, 24, 7.78%, 124, 0, 3, 9.94
1747786410, 0, 933, 937, 928, 24, 7.78%, 124, 0, 3, 9.56
1747786415, 0, 934, 937, 928, 24, 7.78%, 125, 0, 3, 9.61
1747786421, 0, 935, 937, 928, 24, 7.78%, 125, 0, 3, 9.52
1747786426, 0, 935, 937, 928, 24, 7.78%, 128, 0, 3, 9.14
1747786431, 0, 935, 937, 928, 24, 7.78%, 130, 0, 3, 7.14
1747786436, 0, 935, 937, 928, 24, 7.78%, 131, 0, 3, 6.11
1747786441, 0, 935, 937, 928, 24, 7.78%, 133, 0, 3, 5.63
1747786446, 0, 935, 937, 928, 24, 7.78%, 135, 0, 3, 5.21
1747786452, 0, 935, 937, 928, 24, 7.78%, 137, 0, 3, 4.96
1747786457, 0, 935, 937, 928, 24, 7.78%, 139, 0, 3, 4.58
1747786462, 0, 935, 937, 928, 24, 7.78%, 141, 0, 3, 4.18
1747786467, 0, 935, 937, 928, 24, 7.78%, 144, 0, 3, 4.18
1747786472, 0, 935, 937, 928, 24, 7.78%, 151, 0, 3, 4.16
1747786477, 0, 935, 938, 929, 24, 7.78%, 154, 0, 4, 4.13
1747786482, 0, 935, 938, 929, 24, 7.78%, 156, 0, 4, 4.04
1747786487, 0, 935, 938, 929, 24, 7.78%, 158, 0, 4, 4.14
1747786493, 0, 935, 938, 929, 24, 7.78%, 160, 0, 4, 4.16
1747786508, 0, 935, 938, 929, 24, 7.78%, 161, 0, 4, 7.87
1747786513, 0, 935, 938, 929, 24, 7.78%, 162, 0, 4, 7.12
1747786528, 0, 935, 938, 929, 24, 7.78%, 163, 0, 4, 5.31
1747786533, 0, 935, 938, 929, 24, 7.78%, 164, 0, 4, 4.86
1747786539, 0, 935, 939, 930, 24, 7.78%, 164, 0, 4, 4.42
1747786544, 0, 935, 939, 930, 24, 7.78%, 169, 0, 4, 4.30
1747786549, 0, 935, 939, 930, 24, 7.78%, 172, 0, 4, 4.19
1747786554, 0, 935, 939, 930, 24, 7.78%, 176, 0, 4, 4.14
1747786559, 0, 935, 939, 930, 24, 7.78%, 179, 0, 4, 4.07
1747786564, 0, 935, 940, 931, 24, 7.78%, 181, 0, 4, 4.05
1747786569, 0, 935, 940, 931, 24, 7.78%, 182, 0, 4, 4.07
1747786574, 0, 935, 940, 931, 24, 7.78%, 184, 0, 4, 4.11
1747786585, 0, 935, 940, 931, 24, 7.78%, 185, 0, 4, 8.51
1747786611, 0, 935, 941, 932, 24, 7.78%, 185, 0, 4, 5.31
1747786621, 0, 935, 941, 932, 24, 7.78%, 188, 0, 4, 4.37
1747786626, 0, 935, 941, 932, 24, 7.78%, 192, 0, 4, 4.19
1747786631, 0, 935, 941, 932, 24, 7.78%, 194, 0, 4, 4.12
1747786636, 0, 935, 941, 932, 24, 7.78%, 198, 0, 4, 4.04
1747786642, 0, 935, 941, 932, 24, 7.78%, 201, 0, 4, 4.02
1747786647, 0, 935, 941, 932, 24, 7.78%, 203, 0, 4, 4.08
1747786652, 0, 935, 941, 932, 24, 7.78%, 207, 0, 4, 4.05
1747786662, 0, 935, 941, 932, 24, 7.78%, 208, 0, 4, 5.14
1747786668, 0, 935, 941, 932, 24, 7.78%, 210, 0, 4, 5.97
1747786673, 0, 935, 941, 932, 24, 7.78%, 214, 0, 4, 4.81
1747786678, 0, 935, 942, 933, 24, 7.78%, 214, 0, 4, 5.13
1747786683, 0, 935, 943, 934, 24, 7.78%, 214, 0, 4, 5.05
1747786688, 0, 935, 943, 934, 24, 7.78%, 216, 0, 4, 4.06
1747786694, 0, 935, 944, 935, 24, 7.78%, 216, 0, 4, 5.93
1747786699, 0, 935, 946, 937, 24, 7.78%, 216, 0, 4, 7.04
1747786704, 0, 935, 946, 937, 24, 7.78%, 218, 0, 4, 10.47
1747786857, 0, 935, 946, 937, 24, 7.78%, 220, 0, 4, 5.45
1747786868, 0, 935, 946, 937, 24, 7.78%, 221, 0, 4, 5.41
1747786899, 0, 935, 946, 937, 24, 7.78%, 223, 0, 4, 4.48
1747786924, 0, 935, 946, 937, 24, 7.78%, 224, 0, 4, 4.61
1747786956, 0, 935, 946, 937, 24, 7.78%, 227, 0, 4, 4.16
1747786961, 0, 935, 946, 937, 24, 7.78%, 229, 0, 4, 4.18
1747786971, 0, 935, 946, 937, 24, 7.78%, 231, 0, 4, 4.30
1747786976, 0, 935, 946, 937, 24, 7.78%, 232, 0, 4, 4.41
1747786981, 0, 935, 946, 937, 24, 7.78%, 234, 0, 4, 4.30
1747786986, 0, 935, 947, 938, 24, 7.78%, 235, 0, 4, 4.19
1747786991, 0, 935, 947, 938, 24, 7.78%, 237, 0, 4, 4.16
1747787002, 0, 935, 947, 938, 24, 7.78%, 238, 0, 4, 4.16
1747787007, 0, 935, 948, 939, 24, 7.78%, 238, 0, 4, 4.13
1747787022, 0, 935, 948, 939, 24, 7.78%, 239, 0, 4, 3.99
1747787027, 0, 935, 948, 939, 24, 7.78%, 240, 0, 4, 3.99
1747787032, 0, 935, 948, 939, 24, 7.78%, 241, 0, 4, 4.08
1747787037, 0, 935, 948, 939, 24, 7.78%, 244, 0, 4, 4.12
1747787043, 0, 935, 948, 939, 24, 7.78%, 246, 0, 4, 4.08
1747787053, 0, 935, 948, 939, 24, 7.78%, 248, 0, 4, 4.03
1747787063, 0, 935, 948, 939, 24, 7.78%, 249, 0, 4, 3.87
1747787120, 0, 935, 948, 939, 24, 7.78%, 250, 0, 4, 4.09
1747787125, 0, 935, 948, 939, 24, 7.78%, 251, 0, 4, 4.05
1747787135, 0, 935, 948, 939, 24, 7.78%, 252, 0, 4, 4.15
1747787244, 0, 935, 948, 939, 24, 7.78%, 253, 0, 4, 4.24
1747787352, 0, 935, 948, 939, 24, 7.78%, 254, 0, 4, 2.60
1747787357, 0, 935, 948, 939, 24, 7.78%, 255, 0, 4, 2.68
1747787419, 0, 935, 948, 939, 24, 7.78%, 256, 0, 4, 2.19
1747787424, 0, 935, 948, 939, 24, 7.78%, 257, 0, 4, 2.24
1747787430, 0, 935, 948, 939, 24, 7.78%, 258, 0, 4, 2.26
1747787435, 0, 935, 948, 939, 24, 7.78%, 259, 0, 4, 2.29
1747787460, 0, 935, 948, 939, 24, 7.78%, 260, 0, 4, 2.37
1747787507, 0, 935, 948, 939, 24, 7.78%, 261, 0, 4, 2.28
1747787522, 0, 935, 948, 939, 24, 7.78%, 262, 0, 4, 2.31
1747787709, 0, 935, 948, 939, 24, 7.78%, 263, 0, 4, 2.30
1747787719, 0, 935, 948, 939, 24, 7.78%, 264, 0, 4, 2.16
1747787776, 0, 935, 949, 940, 24, 7.78%, 264, 0, 4, 2.20
1747787832, 0, 935, 949, 940, 24, 7.78%, 265, 0, 4, 3.10
1747787837, 0, 935, 949, 940, 24, 7.78%, 266, 0, 4, 2.80
1747787848, 0, 935, 949, 940, 24, 7.78%, 267, 0, 4, 2.55
1747788063, 0, 935, 949, 940, 24, 7.78%, 268, 0, 4, 2.70
1747788074, 0, 935, 950, 941, 24, 7.78%, 268, 0, 4, 2.72
1747788142, 0, 935, 950, 941, 24, 7.78%, 269, 0, 4, 2.42
1747788462, 0, 935, 950, 941, 24, 7.78%, 270, 0, 4, 3.00
1747788488, 0, 935, 950, 941, 24, 7.78%, 271, 0, 4, 3.01
1747788540, 0, 935, 951, 942, 24, 7.78%, 271, 0, 4, 2.56
1747788556, 0, 935, 951, 942, 24, 7.78%, 272, 0, 4, 2.44
1747788634, 0, 935, 951, 942, 24, 7.78%, 274, 0, 4, 2.40
1747788681, 0, 935, 952, 943, 24, 7.78%, 274, 0, 4, 2.32
1747788826, 0, 935, 952, 943, 24, 7.78%, 275, 0, 4, 2.62
1747788861, 0, 936, 952, 942, 23, 7.78%, 275, 0, 4, 5.59
1747788867, 0, 937, 952, 942, 23, 7.78%, 275, 0, 4, 5.63
1747788877, 0, 938, 952, 942, 23, 7.78%, 275, 0, 4, 6.48
1747788882, 0, 940, 952, 942, 23, 7.78%, 275, 0, 4, 6.63
1747788892, 0, 941, 952, 942, 23, 7.78%, 275, 0, 4, 6.12
1747788903, 0, 942, 952, 942, 23, 7.78%, 276, 0, 4, 5.37
1747788913, 0, 943, 952, 942, 23, 7.78%, 276, 0, 4, 6.24
1747788918, 0, 943, 953, 943, 23, 7.78%, 276, 0, 4, 5.32
1747788934, 0, 944, 953, 943, 23, 7.78%, 276, 0, 4, 6.55
1747788944, 0, 945, 953, 943, 23, 7.78%, 276, 0, 4, 6.06
1747788949, 0, 946, 953, 943, 23, 7.78%, 276, 0, 4, 5.45
1747788960, 0, 948, 953, 943, 23, 7.78%, 276, 0, 4, 5.45
1747788970, 0, 949, 953, 943, 23, 7.78%, 276, 0, 4, 5.95
1747788980, 0, 950, 953, 943, 23, 7.78%, 276, 0, 4, 6.21
1747788985, 0, 951, 953, 943, 23, 7.78%, 276, 0, 4, 6.20
1747788996, 0, 952, 953, 943, 23, 7.78%, 276, 0, 4, 5.66
1747789006, 1, 0, 953, 943, 23, 7.78%, 276, 0, 4, 5.88
1747789011, 1, 1, 953, 943, 23, 7.78%, 276, 0, 4, 5.96
1747789022, 1, 2, 953, 943, 23, 7.78%, 276, 0, 4, 6.16
1747789032, 1, 4, 953, 943, 23, 7.78%, 276, 0, 4, 6.80
1747789037, 1, 5, 953, 943, 23, 7.78%, 276, 0, 4, 6.37
1747789048, 1, 6, 953, 943, 23, 7.78%, 276, 0, 4, 6.25
1747789058, 1, 8, 953, 943, 23, 7.78%, 276, 0, 4, 6.02
1747789063, 1, 9, 953, 943, 23, 7.78%, 276, 0, 4, 6.23
1747789073, 1, 11, 953, 943, 23, 7.78%, 276, 0, 4, 6.07
1747789084, 1, 12, 953, 943, 23, 7.78%, 276, 0, 4, 6.30
1747789089, 1, 13, 953, 943, 23, 7.78%, 276, 0, 4, 5.76
1747789099, 1, 14, 953, 943, 23, 7.78%, 276, 0, 4, 5.50
1747789109, 1, 16, 953, 943, 23, 7.78%, 276, 0, 4, 5.86
1747789115, 1, 16, 953, 943, 23, 7.78%, 277, 0, 4, 5.94
1747789120, 1, 17, 953, 943, 23, 7.78%, 277, 0, 4, 5.38
1747789130, 1, 18, 953, 943, 23, 7.78%, 277, 0, 4, 6.38
1747789135, 1, 22, 953, 943, 23, 7.78%, 277, 0, 4, 6.01
1747789146, 1, 24, 953, 943, 23, 7.78%, 277, 0, 4, 5.92
1747789156, 1, 26, 953, 943, 23, 7.78%, 277, 0, 4, 6.45
1747789161, 1, 27, 953, 943, 23, 7.78%, 277, 0, 4, 6.27
1747789172, 1, 28, 953, 943, 23, 7.78%, 277, 0, 4, 6.10
1747789182, 1, 29, 953, 943, 23, 7.78%, 277, 0, 4, 6.13
1747789192, 1, 30, 953, 943, 23, 7.78%, 277, 0, 4, 5.91
1747789198, 1, 31, 953, 943, 23, 7.78%, 277, 0, 4, 6.00
1747789208, 1, 33, 953, 943, 23, 7.78%, 277, 0, 4, 6.10
1747789218, 1, 34, 953, 943, 23, 7.78%, 277, 0, 4, 5.84
1747789228, 1, 35, 953, 943, 23, 7.78%, 277, 0, 4, 5.94
1747789233, 1, 36, 953, 943, 23, 7.78%, 277, 0, 4, 5.88
1747789244, 1, 37, 953, 943, 23, 7.78%, 277, 0, 4, 6.04
1747789254, 1, 39, 953, 943, 23, 7.78%, 277, 0, 4, 5.84
1747789259, 1, 40, 953, 943, 23, 7.78%, 277, 0, 4, 5.87
1747789269, 1, 42, 954, 944, 23, 7.78%, 277, 0, 4, 6.48
1747789285, 1, 43, 954, 944, 23, 7.78%, 277, 0, 4, 6.27
1747789295, 1, 44, 954, 944, 23, 7.78%, 277, 0, 4, 5.71
1747789305, 1, 45, 954, 944, 23, 7.78%, 277, 0, 4, 5.44
1747789316, 1, 46, 954, 944, 23, 7.78%, 277, 0, 4, 6.34
1747789321, 1, 47, 954, 944, 23, 7.78%, 277, 0, 4, 6.57
1747789331, 1, 48, 954, 944, 23, 7.78%, 277, 0, 4, 6.30
1747789341, 1, 49, 954, 944, 23, 7.78%, 277, 0, 4, 6.23
1747789347, 1, 50, 954, 944, 23, 7.78%, 277, 0, 4, 5.68
1747789357, 1, 52, 954, 944, 23, 7.78%, 277, 0, 4, 6.13
1747789367, 1, 53, 954, 944, 23, 7.78%, 277, 0, 4, 5.98
1747789372, 1, 55, 954, 944, 23, 7.78%, 277, 0, 4, 6.19
1747789383, 1, 56, 954, 944, 23, 7.78%, 277, 0, 4, 6.20
1747789393, 1, 57, 954, 944, 23, 7.78%, 277, 0, 4, 6.79
1747789398, 1, 58, 954, 944, 23, 7.78%, 277, 0, 4, 6.01
1747789408, 1, 59, 954, 944, 23, 7.78%, 277, 0, 4, 5.57
1747789419, 1, 60, 954, 944, 23, 7.78%, 277, 0, 4, 5.98
1747789429, 1, 61, 954, 944, 23, 7.78%, 277, 0, 4, 6.65
1747789434, 1, 63, 954, 944, 23, 7.78%, 277, 0, 4, 6.01
1747789444, 1, 64, 954, 944, 23, 7.78%, 277, 0, 4, 5.38
1747789454, 1, 66, 954, 944, 23, 7.78%, 277, 0, 4, 5.66
1747789465, 1, 67, 954, 944, 23, 7.78%, 277, 0, 4, 5.81
1747789470, 1, 68, 954, 944, 23, 7.78%, 277, 0, 4, 6.08
1747789480, 1, 69, 954, 944, 23, 7.78%, 277, 0, 4, 6.25
1747789490, 1, 71, 954, 944, 23, 7.78%, 277, 0, 4, 6.70
1747789495, 1, 72, 954, 944, 23, 7.78%, 277, 0, 4, 6.05
1747789506, 1, 73, 954, 944, 23, 7.78%, 277, 0, 4, 5.76
1747789516, 1, 74, 954, 944, 23, 7.78%, 277, 0, 4, 6.48
1747789521, 1, 75, 954, 944, 23, 7.78%, 277, 0, 4, 6.08
1747789531, 1, 77, 954, 944, 23, 7.78%, 277, 0, 4, 6.05
1747789542, 1, 78, 954, 944, 23, 7.78%, 277, 0, 4, 5.00
1747789583, 1, 79, 954, 943, 22, 7.78%, 277, 0, 4, 9.21
1747789588, 1, 80, 954, 943, 22, 7.78%, 277, 0, 4, 7.36
1747789598, 1, 81, 954, 943, 22, 7.78%, 277, 0, 4, 6.31
1747789609, 1, 82, 954, 943, 22, 7.78%, 277, 0, 4, 5.71
1747789614, 1, 83, 954, 943, 22, 7.78%, 277, 0, 4, 6.19
1747789624, 1, 84, 954, 943, 22, 7.78%, 277, 0, 4, 12.44
1747789655, 1, 85, 954, 942, 22, 7.78%, 277, 0, 4, 12.18
1747789671, 1, 85, 955, 943, 22, 7.78%, 277, 0, 4, 11.86
1747789732, 1, 86, 955, 942, 22, 7.78%, 277, 0, 4, 9.54
1747789737, 1, 87, 955, 942, 22, 7.78%, 277, 0, 4, 7.45
1747789747, 1, 88, 955, 942, 22, 7.78%, 277, 0, 4, 6.36
1747789758, 1, 89, 955, 942, 22, 7.78%, 277, 0, 4, 5.78
1747789768, 1, 90, 955, 942, 22, 7.78%, 277, 0, 4, 6.35
1747789773, 1, 91, 955, 942, 22, 7.78%, 277, 0, 4, 6.04
1747789783, 1, 92, 955, 942, 22, 7.78%, 277, 0, 4, 5.21
1747789794, 1, 93, 955, 942, 22, 7.78%, 277, 0, 4, 5.66
1747789804, 1, 94, 955, 942, 22, 7.78%, 277, 0, 4, 5.83
1747789814, 1, 95, 955, 942, 22, 7.78%, 277, 0, 4, 6.44
1747789819, 1, 96, 955, 942, 22, 7.78%, 277, 0, 4, 6.06
1747789824, 1, 96, 955, 942, 22, 7.78%, 278, 0, 4, 5.95
1747789829, 1, 99, 955, 942, 22, 7.78%, 278, 0, 4, 5.62
1747789840, 1, 100, 955, 942, 22, 7.78%, 278, 0, 4, 5.95
1747789845, 1, 101, 955, 942, 22, 7.78%, 278, 0, 4, 6.07
1747789855, 1, 103, 955, 942, 22, 7.78%, 278, 0, 4, 6.36
1747789865, 1, 105, 955, 942, 22, 7.78%, 278, 0, 4, 6.25
1747789871, 1, 106, 955, 942, 22, 7.78%, 278, 0, 4, 6.49
1747789876, 1, 106, 956, 943, 22, 7.78%, 278, 0, 4, 6.43
1747789891, 1, 109, 956, 943, 22, 7.78%, 278, 0, 4, 6.07
1747789901, 1, 110, 956, 943, 22, 7.78%, 278, 0, 4, 6.16
1747789907, 1, 112, 956, 943, 22, 7.78%, 278, 0, 4, 5.89
1747789917, 1, 113, 956, 943, 22, 7.78%, 278, 0, 4, 6.68
1747789927, 1, 114, 956, 943, 22, 7.78%, 278, 0, 4, 6.60
1747789932, 1, 115, 956, 943, 22, 7.78%, 278, 0, 4, 6.21
1747789943, 1, 116, 956, 943, 22, 7.78%, 278, 0, 4, 5.92
1747789953, 1, 117, 956, 943, 22, 7.78%, 278, 0, 4, 6.36
1747789958, 1, 119, 956, 943, 22, 7.78%, 278, 0, 4, 5.92
1747789968, 1, 120, 956, 943, 22, 7.78%, 278, 0, 4, 6.66
1747789979, 1, 121, 956, 943, 22, 7.78%, 278, 0, 4, 6.10
1747789984, 1, 122, 956, 943, 22, 7.78%, 278, 0, 4, 6.30
1747789994, 1, 125, 956, 943, 22, 7.78%, 278, 0, 4, 5.87
1747790004, 1, 126, 956, 943, 22, 7.78%, 278, 0, 4, 5.34
1747790010, 1, 127, 956, 943, 22, 7.78%, 278, 0, 4, 5.86
1747790020, 1, 128, 956, 943, 22, 7.78%, 278, 0, 4, 5.86
1747790030, 1, 129, 956, 943, 22, 7.78%, 278, 0, 4, 5.99
1747790041, 1, 130, 956, 943, 22, 7.78%, 278, 0, 4, 5.64
1747790046, 1, 131, 956, 943, 22, 7.78%, 278, 0, 4, 5.68
1747790056, 1, 132, 956, 943, 22, 7.78%, 278, 0, 4, 6.25
1747790067, 1, 133, 956, 943, 22, 7.78%, 278, 0, 4, 6.09
1747790072, 1, 134, 956, 943, 22, 7.78%, 278, 0, 4, 6.09
1747790082, 1, 135, 956, 943, 22, 7.78%, 278, 0, 4, 6.00
1747790093, 1, 136, 956, 943, 22, 7.78%, 278, 0, 4, 5.59
1747790098, 1, 137, 956, 943, 22, 7.78%, 278, 0, 4, 5.71
1747790108, 1, 138, 956, 943, 22, 7.78%, 278, 0, 4, 5.98
1747790118, 1, 139, 956, 943, 22, 7.78%, 278, 0, 4, 5.89
1747790123, 1, 140, 956, 943, 22, 7.78%, 278, 0, 4, 6.36
1747790134, 1, 141, 956, 943, 22, 7.78%, 278, 0, 4, 5.97
1747790144, 1, 142, 956, 943, 22, 7.78%, 278, 0, 4, 5.75
1747790149, 1, 143, 956, 943, 22, 7.78%, 278, 0, 4, 5.91
1747790165, 1, 144, 956, 943, 22, 7.78%, 278, 0, 4, 6.00
1747790170, 1, 145, 956, 943, 22, 7.78%, 278, 0, 4, 5.95
1747790180, 1, 146, 956, 943, 22, 7.78%, 278, 0, 4, 6.12
1747790191, 1, 147, 956, 943, 22, 7.78%, 278, 0, 4, 5.77
1747790196, 1, 148, 956, 943, 22, 7.78%, 278, 0, 4, 5.62
1747790206, 1, 151, 956, 943, 22, 7.78%, 278, 0, 4, 6.15
1747790216, 1, 152, 956, 943, 22, 7.78%, 278, 0, 4, 5.78
1747790227, 1, 153, 956, 943, 22, 7.78%, 278, 0, 4, 5.51
1747790237, 1, 155, 956, 943, 22, 7.78%, 278, 0, 4, 5.85
1747790243, 1, 156, 956, 943, 22, 7.78%, 278, 0, 4, 6.01
1747790253, 1, 157, 956, 943, 22, 7.78%, 278, 0, 4, 6.78
1747790258, 1, 158, 956, 943, 22, 7.78%, 278, 0, 4, 6.75
1747790269, 1, 159, 956, 943, 22, 7.78%, 278, 0, 4, 6.26
1747790274, 1, 160, 956, 943, 22, 7.78%, 278, 0, 4, 5.80
1747790284, 1, 161, 956, 943, 22, 7.78%, 278, 0, 4, 5.34
1747790294, 1, 162, 956, 943, 22, 7.78%, 278, 0, 4, 5.86
1747790305, 1, 163, 956, 943, 22, 7.78%, 278, 0, 4, 6.58
1747790310, 1, 164, 956, 943, 22, 7.78%, 278, 0, 4, 6.45
1747790320, 1, 166, 956, 943, 22, 7.78%, 278, 0, 4, 6.07
1747790331, 1, 167, 956, 943, 22, 7.78%, 278, 0, 4, 5.46
1747790341, 1, 168, 956, 943, 22, 7.78%, 278, 0, 4, 6.02
1747790346, 1, 169, 956, 943, 22, 7.78%, 278, 0, 4, 5.58
1747790356, 1, 171, 956, 943, 22, 7.78%, 278, 0, 4, 5.68
1747790366, 1, 172, 956, 943, 22, 7.78%, 278, 0, 4, 6.06
1747790372, 1, 173, 956, 943, 22, 7.78%, 278, 0, 4, 6.19
1747790382, 1, 174, 956, 943, 22, 7.78%, 278, 0, 4, 5.46
1747790393, 1, 175, 956, 943, 22, 7.78%, 278, 0, 4, 6.21
1747790403, 1, 176, 956, 943, 22, 7.78%, 278, 0, 4, 5.92
1747790408, 1, 177, 956, 943, 22, 7.78%, 278, 0, 4, 6.57
1747790418, 1, 179, 956, 943, 22, 7.78%, 278, 0, 4, 6.35
1747790429, 1, 180, 956, 943, 22, 7.78%, 278, 0, 4, 5.67
1747790434, 1, 181, 956, 943, 22, 7.78%, 278, 0, 4, 5.53
1747790444, 1, 183, 956, 943, 22, 7.78%, 278, 0, 4, 6.28
1747790454, 1, 186, 956, 943, 22, 7.78%, 278, 0, 4, 6.59
1747790460, 1, 187, 956, 943, 22, 7.78%, 278, 0, 4, 5.85
1747790470, 1, 188, 956, 943, 22, 7.78%, 278, 0, 4, 5.61
1747790480, 1, 189, 956, 943, 22, 7.78%, 278, 0, 4, 5.91
1747790491, 1, 190, 956, 943, 22, 7.78%, 278, 0, 4, 5.64
1747790496, 1, 191, 956, 943, 22, 7.78%, 278, 0, 4, 6.27
1747790506, 1, 192, 956, 943, 22, 7.78%, 278, 0, 4, 6.23
1747790516, 1, 193, 956, 943, 22, 7.78%, 278, 0, 4, 5.99
1747790522, 1, 194, 956, 943, 22, 7.78%, 278, 0, 4, 6.43
1747790532, 1, 195, 956, 943, 22, 7.78%, 278, 0, 4, 17.37
1747790573, 1, 197, 956, 942, 21, 7.78%, 278, 0, 4, 11.40
1747790583, 1, 198, 956, 942, 21, 7.78%, 278, 0, 4, 6.68
1747790594, 1, 199, 956, 942, 21, 7.78%, 278, 0, 4, 5.58
1747790604, 1, 200, 956, 942, 21, 7.78%, 278, 0, 4, 5.78
1747790609, 1, 201, 956, 942, 21, 7.78%, 278, 0, 4, 5.95
1747790620, 1, 202, 956, 942, 21, 7.78%, 278, 0, 4, 5.79
1747790630, 1, 203, 956, 942, 21, 7.78%, 278, 0, 4, 5.50
1747790636, 1, 204, 956, 942, 21, 7.78%, 278, 0, 4, 5.55
1747790646, 1, 205, 956, 942, 21, 7.78%, 278, 0, 4, 5.65
1747790656, 1, 207, 956, 942, 21, 7.78%, 278, 0, 4, 6.39
1747790661, 1, 208, 956, 942, 21, 7.78%, 278, 0, 4, 6.44
1747790672, 1, 209, 956, 942, 21, 7.78%, 278, 0, 4, 6.17
1747790682, 1, 210, 956, 942, 21, 7.78%, 278, 0, 4, 5.88
1747790687, 1, 211, 956, 942, 21, 7.78%, 278, 0, 4, 6.24
1747790698, 1, 212, 956, 942, 21, 7.78%, 278, 0, 4, 6.13
1747790708, 1, 213, 956, 942, 21, 7.78%, 278, 0, 4, 6.56
1747790713, 1, 215, 956, 942, 21, 7.78%, 278, 0, 4, 6.40
1747790723, 1, 216, 956, 942, 21, 7.78%, 278, 0, 4, 6.06
1747790734, 1, 217, 956, 942, 21, 7.78%, 278, 0, 4, 6.14
1747790739, 1, 218, 956, 942, 21, 7.78%, 278, 0, 4, 5.90
1747790749, 1, 219, 956, 942, 21, 7.78%, 278, 0, 4, 5.66
1747790760, 1, 220, 956, 942, 21, 7.78%, 278, 0, 4, 6.28
1747790765, 1, 221, 956, 942, 21, 7.78%, 278, 0, 4, 6.19
1747790775, 1, 222, 956, 942, 21, 7.78%, 278, 0, 4, 6.30
1747790785, 1, 223, 956, 942, 21, 7.78%, 278, 0, 4, 5.73
1747790795, 1, 224, 956, 942, 21, 7.78%, 278, 0, 4, 5.56
1747790801, 1, 226, 956, 942, 21, 7.78%, 278, 0, 4, 5.74
1747790811, 1, 227, 956, 942, 21, 7.78%, 278, 0, 4, 5.97
1747790821, 1, 228, 956, 942, 21, 7.78%, 278, 0, 4, 5.49
1747790831, 1, 230, 956, 942, 21, 7.78%, 278, 0, 4, 5.88
1747790837, 1, 231, 956, 942, 21, 7.78%, 278, 0, 4, 6.08
1747790847, 1, 232, 956, 942, 21, 7.78%, 278, 0, 4, 6.48
1747790852, 1, 233, 956, 942, 21, 7.78%, 278, 0, 4, 6.54
1747790862, 1, 235, 956, 942, 21, 7.78%, 278, 0, 4, 5.63
1747790873, 1, 237, 956, 942, 21, 7.78%, 278, 0, 4, 5.78
1747790883, 1, 238, 956, 942, 21, 7.78%, 278, 0, 4, 6.17
1747790888, 1, 239, 956, 942, 21, 7.78%, 278, 0, 4, 6.16
1747790898, 1, 240, 956, 942, 21, 7.78%, 278, 0, 4, 5.69
1747790909, 1, 241, 956, 942, 21, 7.78%, 279, 0, 4, 6.38
1747790914, 1, 242, 956, 942, 21, 7.78%, 279, 0, 4, 6.40
1747790924, 1, 243, 956, 942, 21, 7.78%, 279, 0, 4, 5.80
1747790935, 1, 244, 956, 942, 21, 7.78%, 279, 0, 4, 5.85
1747790940, 1, 244, 957, 943, 21, 7.78%, 279, 0, 4, 4.48
1747790955, 1, 245, 957, 943, 21, 7.78%, 279, 0, 4, 6.71
1747790961, 1, 246, 957, 943, 21, 7.78%, 279, 0, 4, 6.30
1747790971, 1, 247, 958, 944, 21, 7.78%, 279, 0, 4, 5.75
1747790991, 1, 248, 958, 944, 21, 7.78%, 279, 0, 4, 5.88
1747790997, 1, 249, 958, 944, 21, 7.78%, 279, 0, 4, 6.54
1747791007, 1, 250, 958, 944, 21, 7.78%, 279, 0, 4, 6.56
1747791018, 1, 251, 958, 944, 21, 7.78%, 279, 0, 4, 5.99
1747791023, 1, 251, 959, 945, 21, 7.78%, 279, 0, 4, 4.76
1747791033, 1, 253, 959, 945, 21, 7.78%, 279, 0, 4, 6.51
1747791043, 1, 254, 959, 945, 21, 7.78%, 279, 0, 4, 6.49
1747791054, 1, 255, 959, 945, 21, 7.78%, 279, 0, 4, 6.23
1747791059, 1, 256, 959, 945, 21, 7.78%, 279, 0, 4, 6.07
1747791069, 1, 258, 959, 945, 21, 7.78%, 279, 0, 4, 5.78
1747791079, 1, 259, 959, 945, 21, 7.78%, 279, 0, 4, 6.01
1747791085, 1, 260, 959, 945, 21, 7.78%, 279, 0, 4, 6.35
1747791095, 1, 262, 959, 945, 21, 7.78%, 279, 0, 4, 6.34
1747791105, 1, 263, 959, 945, 21, 7.78%, 279, 0, 4, 6.34
1747791110, 1, 264, 959, 945, 21, 7.78%, 279, 0, 4, 6.27
1747791121, 1, 265, 959, 945, 21, 7.78%, 279, 0, 4, 5.91
1747791131, 1, 266, 959, 945, 21, 7.78%, 279, 0, 4, 5.75
1747791141, 1, 267, 959, 945, 21, 7.78%, 279, 0, 4, 5.96
1747791146, 1, 268, 959, 945, 21, 7.78%, 279, 0, 4, 6.32
1747791156, 1, 269, 959, 945, 21, 7.78%, 279, 0, 4, 6.13
1747791167, 1, 271, 959, 945, 21, 7.78%, 279, 0, 4, 6.11
1747791172, 1, 271, 960, 946, 21, 7.78%, 279, 0, 4, 4.64
1747791182, 1, 272, 960, 946, 21, 7.78%, 279, 0, 4, 6.04
1747791193, 1, 273, 960, 946, 21, 7.78%, 279, 0, 4, 5.91
1747791203, 1, 274, 960, 946, 21, 7.78%, 279, 0, 4, 5.99
1747791213, 1, 276, 960, 946, 21, 7.78%, 279, 0, 4, 6.10
1747791218, 1, 278, 960, 946, 21, 7.78%, 279, 0, 4, 5.86
1747791229, 1, 279, 960, 946, 21, 7.78%, 279, 0, 4, 5.61
1747791239, 1, 280, 960, 946, 21, 7.78%, 279, 0, 4, 6.16
1747791244, 1, 281, 960, 946, 21, 7.78%, 279, 0, 4, 5.54
1747791254, 1, 282, 960, 946, 21, 7.78%, 279, 0, 4, 6.18
1747791265, 1, 283, 960, 946, 21, 7.78%, 279, 0, 4, 5.91
1747791275, 1, 284, 960, 946, 21, 7.78%, 279, 0, 4, 5.72
1747791280, 1, 284, 961, 947, 21, 7.78%, 279, 0, 4, 4.55
1747791296, 1, 285, 961, 947, 22, 7.78%, 279, 0, 4, 5.76
1747791301, 1, 286, 961, 947, 22, 7.78%, 279, 0, 4, 5.51
1747791312, 1, 287, 961, 947, 22, 7.78%, 279, 0, 4, 5.80
1747791322, 1, 288, 961, 947, 22, 7.78%, 279, 0, 4, 5.96
1747791327, 1, 289, 961, 947, 22, 7.78%, 279, 0, 4, 6.47
1747791338, 1, 291, 961, 947, 22, 7.78%, 279, 0, 4, 5.62
1747791348, 1, 292, 961, 947, 22, 7.78%, 279, 0, 4, 6.11
1747791358, 1, 294, 961, 947, 22, 7.78%, 279, 0, 4, 6.13
1747791363, 1, 295, 961, 947, 22, 7.78%, 279, 0, 4, 5.72
1747791374, 1, 296, 961, 947, 22, 7.78%, 279, 0, 4, 5.99
1747791384, 1, 297, 961, 947, 22, 7.78%, 279, 0, 4, 5.74
1747791389, 1, 298, 961, 947, 22, 7.78%, 279, 0, 4, 5.86
1747791399, 1, 299, 961, 947, 22, 7.78%, 279, 0, 4, 12.16
1747791477, 1, 301, 961, 946, 21, 7.78%, 279, 0, 4, 7.61
1747791487, 1, 302, 961, 946, 21, 7.78%, 279, 0, 4, 5.53
1747791497, 1, 303, 961, 946, 21, 7.78%, 279, 0, 4, 5.96
1747791507, 1, 304, 961, 946, 21, 7.78%, 279, 0, 4, 6.39
1747791513, 1, 305, 961, 946, 21, 7.78%, 279, 0, 4, 6.00
1747791523, 1, 306, 961, 946, 21, 7.78%, 279, 0, 4, 5.91
1747791533, 1, 307, 961, 946, 21, 7.78%, 279, 0, 4, 6.52
1747791539, 1, 308, 961, 946, 21, 7.78%, 279, 0, 4, 6.00
1747791549, 1, 309, 961, 946, 21, 7.78%, 279, 0, 4, 5.89
1747791560, 1, 310, 961, 946, 21, 7.78%, 279, 0, 4, 6.12
1747791565, 1, 311, 961, 946, 21, 7.78%, 279, 0, 4, 6.03
1747791575, 1, 312, 961, 946, 21, 7.78%, 279, 0, 4, 5.68
1747791585, 1, 314, 961, 946, 21, 7.78%, 279, 0, 4, 6.34
1747791595, 1, 315, 961, 946, 21, 7.78%, 279, 0, 4, 6.59
1747791601, 1, 316, 961, 946, 21, 7.78%, 279, 0, 4, 5.89
1747791611, 1, 317, 961, 946, 21, 7.78%, 279, 0, 4, 6.32
1747791616, 1, 318, 961, 946, 21, 7.78%, 279, 0, 4, 6.67
1747791626, 1, 319, 961, 946, 21, 7.78%, 279, 0, 4, 5.98
1747791637, 1, 320, 961, 946, 21, 7.78%, 279, 0, 4, 5.83
1747791647, 1, 321, 961, 946, 21, 7.78%, 279, 0, 4, 6.49
1747791652, 1, 325, 961, 946, 21, 7.78%, 279, 0, 4, 6.56
1747791662, 1, 326, 961, 946, 21, 7.78%, 279, 0, 4, 6.17
1747791667, 1, 326, 962, 947, 21, 7.78%, 279, 0, 4, 5.24
1747791683, 1, 327, 962, 947, 21, 7.78%, 280, 0, 4, 5.61
1747791688, 1, 329, 962, 947, 21, 7.78%, 280, 0, 4, 6.46
1747791831, 1, 330, 962, 946, 21, 7.78%, 280, 0, 4, 6.93
1747791836, 1, 331, 962, 946, 21, 7.78%, 280, 0, 4, 6.14
1747791847, 1, 335, 962, 946, 21, 7.78%, 280, 0, 4, 6.67
1747791857, 1, 336, 962, 946, 21, 7.78%, 280, 0, 4, 6.19
1747791863, 1, 337, 962, 946, 21, 7.78%, 280, 0, 4, 6.51
1747791873, 1, 338, 962, 946, 21, 7.78%, 280, 0, 4, 5.70
1747791884, 1, 339, 962, 946, 21, 7.78%, 280, 0, 4, 5.37
1747791894, 1, 340, 962, 946, 21, 7.78%, 280, 0, 4, 6.02
1747791899, 1, 344, 962, 946, 21, 7.78%, 280, 0, 4, 5.91
1747791910, 1, 346, 962, 946, 21, 7.78%, 280, 0, 4, 5.58
1747791915, 1, 346, 962, 946, 21, 7.78%, 281, 0, 4, 5.64
1747791920, 1, 347, 962, 946, 21, 7.78%, 281, 0, 4, 5.95
1747791930, 1, 348, 962, 946, 21, 7.78%, 281, 0, 4, 6.39
1747791935, 1, 349, 962, 946, 21, 7.78%, 281, 0, 4, 6.03
1747791945, 1, 350, 962, 946, 21, 7.78%, 281, 0, 4, 5.96
1747791951, 1, 351, 962, 946, 21, 7.78%, 281, 0, 4, 6.23
1747791961, 1, 352, 962, 946, 21, 7.78%, 281, 0, 4, 5.67
1747791971, 1, 353, 962, 946, 21, 7.78%, 281, 0, 4, 5.91
1747791981, 1, 354, 962, 946, 21, 7.78%, 281, 0, 4, 5.87
1747791986, 1, 355, 962, 946, 21, 7.78%, 281, 0, 4, 5.94
1747791997, 1, 356, 962, 946, 21, 7.78%, 281, 0, 4, 5.98
1747792007, 1, 357, 962, 946, 21, 7.78%, 281, 0, 4, 5.77
1747792012, 1, 358, 962, 946, 21, 7.78%, 281, 0, 4, 5.91
1747792023, 1, 359, 962, 946, 21, 7.78%, 281, 0, 4, 5.84
1747792033, 1, 360, 962, 946, 21, 7.78%, 281, 0, 4, 5.87
1747792043, 1, 361, 962, 946, 21, 7.78%, 281, 0, 4, 6.42
1747792049, 1, 362, 962, 946, 21, 7.78%, 281, 0, 4, 6.42
1747792059, 1, 363, 962, 946, 21, 7.78%, 281, 0, 4, 6.16
1747792069, 1, 364, 962, 946, 21, 7.78%, 281, 0, 4, 6.41
1747792074, 1, 365, 962, 946, 21, 7.78%, 281, 0, 4, 6.17
1747792084, 1, 367, 962, 946, 21, 7.78%, 281, 0, 4, 6.14
1747792095, 1, 369, 962, 946, 21, 7.78%, 281, 0, 4, 5.63
1747792100, 1, 371, 962, 946, 21, 7.78%, 281, 0, 4, 5.98
1747792110, 1, 372, 962, 946, 21, 7.78%, 281, 0, 4, 5.49
1747792121, 1, 373, 962, 946, 21, 7.78%, 281, 0, 4, 5.80
1747792131, 1, 376, 962, 946, 21, 7.78%, 281, 0, 4, 5.43
1747792141, 1, 377, 962, 946, 21, 7.78%, 281, 0, 4, 6.18
1747792146, 1, 378, 962, 946, 21, 7.78%, 281, 0, 4, 6.55
1747792157, 1, 379, 962, 946, 21, 7.78%, 281, 0, 4, 6.12
1747792162, 1, 380, 962, 946, 21, 7.78%, 281, 0, 4, 6.12
1747792173, 1, 381, 962, 946, 21, 7.78%, 281, 0, 4, 6.27
1747792183, 1, 382, 962, 946, 21, 7.78%, 281, 0, 4, 6.14
1747792188, 1, 385, 962, 946, 21, 7.78%, 281, 0, 4, 5.87
1747792199, 1, 387, 962, 946, 21, 7.78%, 281, 0, 4, 5.97
1747792209, 1, 388, 962, 946, 21, 7.78%, 281, 0, 4, 6.03
1747792214, 1, 391, 962, 946, 21, 7.78%, 281, 0, 4, 6.05
1747792225, 1, 392, 962, 946, 21, 7.78%, 281, 0, 4, 5.69
1747792235, 1, 393, 962, 946, 21, 7.78%, 281, 0, 4, 5.90
1747792240, 1, 394, 962, 946, 21, 7.78%, 281, 0, 4, 6.23
1747792251, 1, 395, 962, 946, 21, 7.78%, 281, 0, 4, 5.71
1747792261, 1, 396, 962, 946, 21, 7.78%, 281, 0, 4, 6.75
1747792271, 1, 397, 962, 946, 21, 7.78%, 281, 0, 4, 6.12
1747792277, 1, 398, 962, 946, 21, 7.78%, 281, 0, 4, 6.09
1747792287, 1, 399, 962, 946, 21, 7.78%, 281, 0, 4, 6.34
1747792292, 1, 401, 962, 946, 21, 7.78%, 281, 0, 4, 6.23
1747792302, 1, 402, 962, 946, 21, 7.78%, 281, 0, 4, 6.13
1747792313, 1, 403, 962, 946, 21, 7.78%, 281, 0, 4, 6.41
1747792318, 1, 404, 962, 946, 21, 7.78%, 281, 0, 4, 6.02
1747792329, 1, 405, 962, 946, 21, 7.78%, 281, 0, 4, 5.64
1747792339, 1, 406, 962, 946, 21, 7.78%, 281, 0, 4, 5.83
1747792344, 1, 407, 962, 946, 21, 7.78%, 281, 0, 4, 5.61
1747792355, 1, 408, 962, 946, 21, 7.78%, 281, 0, 4, 6.13
1747792365, 1, 410, 962, 946, 21, 7.78%, 281, 0, 4, 5.86
1747792375, 1, 411, 962, 946, 21, 7.78%, 281, 0, 4, 6.28
1747792380, 1, 412, 962, 946, 21, 7.78%, 281, 0, 4, 6.53
1747792391, 1, 414, 962, 946, 21, 7.78%, 281, 0, 4, 5.68
1747792401, 1, 415, 962, 946, 21, 7.78%, 281, 0, 4, 5.63
1747792406, 1, 416, 962, 946, 21, 7.78%, 281, 0, 4, 6.31
1747792416, 1, 417, 962, 946, 21, 7.78%, 281, 0, 4, 6.10
1747792427, 1, 418, 962, 946, 21, 7.78%, 281, 0, 4, 6.12
1747792432, 1, 419, 962, 946, 21, 7.78%, 281, 0, 4, 6.16
1747792442, 1, 421, 962, 946, 21, 7.78%, 281, 0, 4, 5.88
1747792453, 1, 422, 962, 946, 21, 7.78%, 281, 0, 4, 5.98
1747792458, 1, 423, 962, 946, 21, 7.78%, 281, 0, 4, 5.50
1747792469, 1, 424, 962, 946, 21, 7.78%, 281, 0, 4, 5.24
1747792479, 1, 425, 962, 946, 21, 7.78%, 281, 0, 4, 4.73
1747792489, 1, 426, 962, 946, 21, 7.78%, 281, 0, 4, 6.04
1747792500, 1, 428, 962, 946, 21, 7.78%, 281, 0, 4, 6.57
1747792505, 1, 429, 962, 946, 21, 7.78%, 281, 0, 4, 6.12
1747792516, 1, 430, 962, 946, 21, 7.78%, 281, 0, 4, 5.77
1747792526, 1, 432, 962, 946, 21, 7.78%, 281, 0, 4, 6.04
1747792536, 1, 433, 962, 946, 21, 7.78%, 281, 0, 4, 5.95
1747792541, 1, 434, 962, 946, 21, 7.78%, 281, 0, 4, 6.16
1747792552, 1, 435, 962, 946, 21, 7.78%, 281, 0, 4, 5.82
1747792562, 1, 436, 962, 946, 21, 7.78%, 281, 0, 4, 5.95
1747792567, 1, 437, 962, 946, 21, 7.78%, 281, 0, 4, 5.82
1747792577, 1, 438, 962, 946, 21, 7.78%, 281, 0, 4, 6.00
1747792587, 1, 439, 962, 946, 21, 7.78%, 281, 0, 4, 5.74
1747792592, 1, 440, 962, 946, 21, 7.78%, 281, 0, 4, 6.16
1747792603, 1, 442, 962, 946, 21, 7.78%, 281, 0, 4, 5.71
1747792613, 1, 443, 962, 946, 21, 7.78%, 281, 0, 4, 6.08
1747792618, 1, 444, 962, 946, 21, 7.78%, 281, 0, 4, 5.84
1747792629, 1, 446, 962, 946, 21, 7.78%, 281, 0, 4, 5.93
1747792639, 1, 447, 962, 946, 21, 7.78%, 281, 0, 4, 6.41
1747792644, 1, 448, 962, 946, 21, 7.78%, 281, 0, 4, 6.39
1747792654, 1, 449, 962, 946, 21, 7.78%, 281, 0, 4, 5.64
1747792665, 1, 450, 962, 946, 21, 7.78%, 281, 0, 4, 6.23
1747792675, 1, 451, 962, 946, 21, 7.78%, 281, 0, 4, 6.15
1747792680, 1, 452, 962, 946, 21, 7.78%, 281, 0, 4, 5.88
1747792690, 1, 454, 962, 946, 21, 7.78%, 281, 0, 4, 6.12
1747792701, 1, 455, 962, 946, 21, 7.78%, 281, 0, 4, 6.25
1747792706, 1, 456, 962, 946, 21, 7.78%, 281, 0, 4, 5.89
1747792716, 1, 457, 962, 946, 21, 7.78%, 281, 0, 4, 5.73
1747792727, 1, 458, 962, 946, 21, 7.78%, 281, 0, 4, 5.99
1747792732, 1, 460, 962, 946, 21, 7.78%, 281, 0, 4, 6.14
1747792742, 1, 461, 962, 946, 21, 7.78%, 281, 0, 4, 5.83
1747792753, 1, 462, 962, 946, 21, 7.78%, 281, 0, 4, 5.71
1747792763, 1, 463, 962, 946, 21, 7.78%, 281, 0, 4, 6.09
1747792768, 1, 464, 962, 946, 21, 7.78%, 281, 0, 4, 5.79
1747792778, 1, 465, 962, 946, 21, 7.78%, 281, 0, 4, 6.02
1747792789, 1, 466, 962, 946, 21, 7.78%, 281, 0, 4, 5.72
1747792800, 1, 467, 962, 946, 21, 7.78%, 281, 0, 4, 6.22
1747792805, 1, 469, 962, 946, 21, 7.78%, 281, 0, 4, 5.37
1747792815, 1, 470, 962, 946, 21, 7.78%, 281, 0, 4, 6.20
1747792826, 1, 471, 962, 946, 21, 7.78%, 281, 0, 4, 5.37
1747792836, 1, 473, 962, 946, 21, 7.78%, 281, 0, 4, 5.19
1747792841, 1, 473, 962, 946, 21, 7.78%, 282, 0, 4, 5.60
1747792847, 1, 474, 962, 946, 21, 7.78%, 282, 0, 4, 6.21
1747792852, 1, 475, 962, 946, 21, 7.78%, 282, 0, 4, 5.80
1747792862, 1, 477, 962, 946, 21, 7.78%, 282, 0, 4, 6.22
1747792873, 1, 479, 962, 946, 21, 7.78%, 282, 0, 4, 6.36
1747792878, 1, 480, 962, 946, 21, 7.78%, 282, 0, 4, 5.88
1747793129, 1, 481, 962, 945, 21, 7.78%, 282, 0, 4, 6.19
1747793139, 1, 481, 963, 946, 21, 7.78%, 282, 0, 4, 5.12
1747793149, 1, 482, 963, 946, 21, 7.78%, 282, 0, 4, 5.80
1747793159, 1, 483, 963, 946, 21, 7.78%, 282, 0, 4, 5.64
1747793170, 1, 484, 963, 946, 21, 7.78%, 282, 0, 4, 5.41
1747793180, 1, 486, 963, 946, 21, 7.78%, 282, 0, 4, 5.31
1747793191, 1, 487, 964, 947, 21, 7.78%, 282, 0, 4, 5.54
1747793206, 1, 488, 964, 947, 21, 7.78%, 282, 0, 4, 6.07
1747793216, 1, 489, 964, 947, 21, 7.78%, 282, 0, 4, 5.92
1747793227, 1, 490, 964, 947, 21, 7.78%, 282, 0, 4, 6.51
1747793232, 1, 491, 964, 947, 21, 7.78%, 282, 0, 4, 6.56
1747793242, 1, 492, 964, 947, 21, 7.78%, 282, 0, 4, 6.44
1747793248, 1, 496, 964, 947, 21, 7.78%, 282, 0, 4, 6.32
1747793258, 1, 497, 964, 947, 21, 7.78%, 282, 0, 4, 5.56
1747793269, 1, 498, 964, 947, 21, 7.78%, 282, 0, 4, 5.67
1747793274, 1, 499, 964, 947, 21, 7.78%, 282, 0, 4, 5.71
1747793284, 1, 500, 964, 947, 21, 7.78%, 282, 0, 4, 5.92
1747793294, 1, 502, 964, 947, 21, 7.78%, 282, 0, 4, 5.53
1747793305, 1, 503, 964, 947, 21, 7.78%, 282, 0, 4, 5.75
1747793315, 1, 504, 964, 947, 21, 7.78%, 282, 0, 4, 6.49
1747793320, 1, 505, 964, 947, 21, 7.78%, 282, 0, 4, 6.92
1747793331, 1, 506, 964, 947, 21, 7.78%, 282, 0, 4, 5.95
1747793341, 1, 507, 964, 947, 21, 7.78%, 282, 0, 4, 6.19
1747793346, 1, 509, 964, 947, 21, 7.78%, 282, 0, 4, 5.43
1747793356, 1, 510, 964, 947, 21, 7.78%, 282, 0, 4, 5.53
1747793367, 1, 511, 964, 947, 21, 7.78%, 282, 0, 4, 6.13
1747793377, 1, 512, 964, 947, 21, 7.78%, 283, 0, 4, 5.52
1747793382, 1, 516, 964, 947, 21, 7.78%, 283, 0, 4, 5.59
1747793393, 1, 517, 964, 947, 21, 7.78%, 283, 0, 4, 5.60
1747793403, 1, 518, 964, 947, 21, 7.78%, 283, 0, 4, 6.26
1747793408, 1, 518, 965, 948, 21, 7.78%, 283, 0, 4, 5.18
1747793424, 1, 519, 965, 948, 21, 7.78%, 283, 0, 4, 5.42
1747793434, 1, 520, 965, 948, 21, 7.78%, 283, 0, 4, 5.60
1747793439, 1, 521, 965, 948, 21, 7.78%, 283, 0, 4, 5.39
1747793449, 1, 522, 965, 948, 21, 7.78%, 283, 0, 4, 6.38
1747793459, 1, 523, 965, 948, 21, 7.78%, 283, 0, 4, 6.35
1747793464, 1, 524, 965, 948, 21, 7.78%, 283, 0, 4, 5.84
1747793475, 1, 525, 965, 948, 21, 7.78%, 283, 0, 4, 6.58
1747793485, 1, 526, 965, 948, 21, 7.78%, 283, 0, 4, 6.10
1747793490, 1, 527, 965, 948, 21, 7.78%, 283, 0, 4, 6.20
1747793500, 1, 529, 965, 948, 21, 7.78%, 283, 0, 4, 6.39
1747793511, 1, 532, 965, 948, 21, 7.78%, 283, 0, 4, 5.79
1747793516, 1, 534, 965, 948, 21, 7.78%, 283, 0, 4, 6.51
1747793526, 1, 535, 965, 948, 21, 7.78%, 283, 0, 4, 5.89
1747793536, 1, 536, 965, 948, 21, 7.78%, 283, 0, 4, 6.34
1747793541, 1, 537, 965, 948, 21, 7.78%, 283, 0, 4, 5.74
1747793552, 1, 538, 965, 948, 21, 7.78%, 283, 0, 4, 5.91
1747793562, 1, 539, 965, 948, 21, 7.78%, 283, 0, 4, 5.88
1747793572, 1, 540, 965, 948, 21, 7.78%, 283, 0, 4, 6.76
1747793577, 1, 542, 965, 948, 21, 7.78%, 283, 0, 4, 6.51
1747793588, 1, 544, 965, 948, 21, 7.78%, 283, 0, 4, 6.05
1747793593, 1, 545, 965, 948, 21, 7.78%, 283, 0, 4, 6.05
1747793598, 1, 545, 966, 949, 21, 7.78%, 283, 0, 4, 4.50
1747793614, 1, 546, 966, 949, 21, 7.78%, 283, 0, 4, 6.38
1747793624, 1, 547, 966, 949, 21, 7.78%, 283, 0, 4, 6.03
1747793635, 1, 548, 966, 949, 21, 7.78%, 283, 0, 4, 6.09
1747793645, 1, 550, 966, 949, 21, 7.78%, 283, 0, 4, 6.96
1747793650, 1, 551, 966, 949, 21, 7.78%, 283, 0, 4, 6.77
1747793661, 1, 553, 966, 949, 21, 7.78%, 284, 0, 4, 6.22
1747793666, 1, 554, 966, 949, 21, 7.78%, 284, 0, 4, 5.97
1747793676, 1, 556, 966, 949, 21, 7.78%, 284, 0, 4, 6.25
1747793687, 1, 557, 966, 949, 21, 7.78%, 284, 0, 4, 5.33
1747793697, 1, 558, 966, 949, 21, 7.78%, 284, 0, 4, 5.65
1747793702, 1, 559, 966, 949, 21, 7.78%, 284, 0, 4, 5.99
1747793712, 1, 560, 966, 949, 21, 7.78%, 284, 0, 4, 6.15
1747793722, 1, 561, 966, 949, 21, 7.78%, 284, 0, 4, 6.04
1747793728, 1, 564, 966, 949, 21, 7.78%, 284, 0, 4, 6.09
1747793738, 1, 565, 966, 949, 21, 7.78%, 284, 0, 4, 6.17
1747793748, 1, 566, 966, 949, 21, 7.78%, 284, 0, 4, 5.95
1747793753, 1, 566, 967, 950, 21, 7.78%, 284, 0, 4, 6.22
1747793763, 1, 567, 967, 950, 21, 7.78%, 284, 0, 4, 6.46
1747793774, 1, 568, 967, 950, 21, 7.78%, 284, 0, 4, 6.36
1747793779, 1, 569, 967, 950, 21, 7.78%, 284, 0, 4, 6.29
1747793789, 1, 570, 967, 950, 21, 7.78%, 284, 0, 4, 5.84
1747793799, 1, 571, 967, 950, 21, 7.78%, 284, 0, 4, 5.89
1747793804, 1, 572, 967, 950, 21, 7.78%, 284, 0, 4, 5.86
1747793815, 1, 573, 967, 950, 21, 7.78%, 285, 0, 4, 6.53
1747793825, 1, 574, 967, 950, 21, 7.78%, 285, 0, 4, 6.06
1747793830, 1, 575, 967, 950, 21, 7.78%, 285, 0, 4, 6.11
1747793841, 1, 578, 967, 950, 21, 7.78%, 285, 0, 4, 6.19
1747793851, 1, 580, 967, 950, 21, 7.78%, 285, 0, 4, 5.53
1747793856, 1, 582, 967, 950, 21, 7.78%, 285, 0, 4, 6.17
1747793866, 1, 583, 967, 950, 21, 7.78%, 285, 0, 4, 6.64
1747793877, 1, 584, 967, 950, 21, 7.78%, 285, 0, 4, 5.99
1747793882, 1, 586, 967, 950, 21, 7.78%, 285, 0, 4, 6.30
1747793892, 1, 587, 967, 950, 21, 7.78%, 285, 0, 4, 6.50
1747793902, 1, 588, 967, 950, 21, 7.78%, 285, 0, 4, 6.02
1747793907, 1, 589, 967, 950, 21, 7.78%, 285, 0, 4, 6.71
1747793918, 1, 591, 967, 950, 21, 7.78%, 285, 0, 4, 6.30
1747793923, 1, 592, 967, 950, 21, 7.78%, 285, 0, 4, 6.29
1747793933, 1, 593, 967, 950, 21, 7.78%, 285, 0, 4, 5.78
1747793944, 1, 594, 967, 950, 21, 7.78%, 285, 0, 4, 6.28
1747793954, 1, 595, 967, 950, 21, 7.78%, 285, 0, 4, 5.26
1747793959, 1, 596, 967, 950, 21, 7.78%, 285, 0, 4, 5.82
1747793969, 1, 597, 967, 950, 21, 7.78%, 285, 0, 4, 5.62
1747793980, 1, 598, 967, 950, 21, 7.78%, 285, 0, 4, 5.77
1747793990, 1, 599, 967, 950, 21, 7.78%, 285, 0, 4, 6.49
1747793995, 1, 600, 967, 950, 21, 7.78%, 285, 0, 4, 6.24
1747794006, 1, 601, 967, 950, 21, 7.78%, 285, 0, 4, 6.36
1747794016, 1, 602, 967, 950, 21, 7.78%, 285, 0, 4, 6.44
1747794021, 1, 603, 967, 950, 21, 7.78%, 285, 0, 4, 6.29
1747794031, 1, 604, 967, 950, 21, 7.78%, 285, 0, 4, 6.19
1747794042, 1, 605, 967, 950, 21, 7.78%, 285, 0, 4, 6.19
1747794047, 1, 606, 967, 950, 21, 7.78%, 285, 0, 4, 5.83
1747794057, 1, 607, 967, 950, 21, 7.78%, 285, 0, 4, 5.95
1747794067, 1, 608, 967, 950, 21, 7.78%, 285, 0, 4, 6.42
1747794073, 1, 610, 967, 950, 21, 7.78%, 285, 0, 4, 6.26
1747794083, 1, 612, 967, 950, 21, 7.78%, 285, 0, 4, 6.62
1747794088, 1, 613, 967, 950, 21, 7.78%, 285, 0, 4, 6.40
1747794098, 1, 614, 967, 950, 21, 7.78%, 285, 0, 4, 6.75
1747794109, 1, 617, 967, 950, 21, 7.78%, 285, 0, 4, 9.66
1747794160, 1, 618, 967, 949, 20, 7.78%, 285, 0, 4, 8.51
1747794165, 1, 619, 967, 949, 20, 7.78%, 285, 0, 4, 6.86
1747794176, 1, 620, 967, 949, 20, 7.78%, 285, 0, 4, 6.47
1747794186, 1, 621, 967, 949, 20, 7.78%, 285, 0, 4, 6.42
1747794191, 1, 622, 967, 949, 20, 7.78%, 285, 0, 4, 6.01
1747794202, 1, 623, 967, 949, 20, 7.78%, 285, 0, 4, 5.85
1747794212, 1, 625, 967, 949, 20, 7.78%, 285, 0, 4, 5.77
1747794222, 1, 626, 967, 949, 20, 7.78%, 285, 0, 4, 5.50
1747794227, 1, 627, 967, 949, 20, 7.78%, 285, 0, 4, 5.83
1747794238, 1, 628, 967, 949, 20, 7.78%, 285, 0, 4, 5.81
1747794248, 1, 632, 967, 949, 20, 7.78%, 285, 0, 4, 6.17
1747794253, 1, 633, 967, 949, 20, 7.78%, 285, 0, 4, 6.43
1747794263, 1, 634, 967, 949, 20, 7.78%, 285, 0, 4, 5.63
1747794274, 1, 635, 967, 949, 20, 7.78%, 285, 0, 4, 6.25
1747794284, 1, 636, 967, 949, 20, 7.78%, 285, 0, 4, 5.99
1747794289, 1, 638, 967, 949, 20, 7.78%, 285, 0, 4, 6.47
1747794300, 1, 639, 967, 949, 20, 7.78%, 285, 0, 4, 6.00
1747794310, 1, 640, 967, 949, 20, 7.78%, 285, 0, 4, 5.59
1747794315, 1, 643, 967, 949, 20, 7.78%, 285, 0, 4, 5.92
1747794325, 1, 644, 967, 949, 20, 7.78%, 285, 0, 4, 5.94
1747794335, 1, 645, 967, 949, 20, 7.78%, 285, 0, 4, 5.97
1747794341, 1, 647, 967, 949, 20, 7.78%, 285, 0, 4, 5.87
1747794351, 1, 648, 967, 949, 20, 7.78%, 285, 0, 4, 6.25
1747794361, 1, 651, 967, 949, 20, 7.78%, 285, 0, 4, 5.88
1747794372, 1, 652, 967, 949, 20, 7.78%, 285, 0, 4, 6.38
1747794377, 1, 653, 967, 949, 20, 7.78%, 285, 0, 4, 6.07
1747794387, 1, 654, 967, 949, 20, 7.78%, 285, 0, 4, 6.31
1747794392, 1, 655, 967, 949, 20, 7.78%, 285, 0, 4, 6.46
1747794403, 1, 656, 967, 949, 20, 7.78%, 285, 0, 4, 5.94
1747794413, 1, 657, 967, 949, 20, 7.78%, 285, 0, 4, 5.79
1747794418, 1, 658, 967, 949, 20, 7.78%, 285, 0, 4, 6.18
1747794428, 1, 659, 967, 949, 20, 7.78%, 285, 0, 4, 6.35
1747794439, 1, 660, 967, 949, 20, 7.78%, 285, 0, 4, 6.56
1747794444, 1, 661, 967, 949, 20, 7.78%, 285, 0, 4, 6.08
1747794454, 1, 662, 967, 949, 20, 7.78%, 285, 0, 4, 7.71
1747794465, 1, 662, 968, 950, 20, 7.78%, 285, 0, 4, 10.20
1747794505, 1, 662, 969, 951, 20, 7.78%, 285, 0, 4, 14.22
1747794598, 1, 663, 969, 950, 20, 7.78%, 285, 0, 4, 7.55
1747794608, 1, 665, 969, 950, 20, 7.78%, 285, 0, 4, 5.79
1747794618, 1, 666, 969, 950, 20, 7.78%, 285, 0, 4, 5.59
1747794623, 1, 667, 969, 950, 20, 7.78%, 285, 0, 4, 5.80
1747794634, 1, 668, 969, 950, 20, 7.78%, 285, 0, 4, 6.18
1747794644, 1, 670, 969, 950, 20, 7.78%, 285, 0, 4, 6.76
1747794649, 1, 671, 969, 950, 20, 7.78%, 285, 0, 4, 6.45
1747794660, 1, 672, 969, 950, 20, 7.78%, 285, 0, 4, 5.86
1747794670, 1, 673, 969, 950, 20, 7.78%, 285, 0, 4, 6.11
1747794675, 1, 674, 969, 950, 20, 7.78%, 285, 0, 4, 5.99
1747794685, 1, 676, 969, 950, 20, 7.78%, 285, 0, 4, 6.55
1747794696, 1, 677, 969, 950, 20, 7.78%, 285, 0, 4, 5.68
1747794701, 1, 678, 969, 950, 20, 7.78%, 285, 0, 4, 6.48
1747795011, 1, 679, 969, 949, 19, 7.78%, 285, 0, 4, 7.07
1747795021, 1, 680, 969, 949, 19, 7.78%, 285, 0, 4, 5.89
1747795031, 1, 681, 969, 949, 19, 7.78%, 285, 0, 4, 6.82
1747795041, 1, 682, 969, 949, 19, 7.78%, 285, 0, 4, 6.29
1747795046, 1, 684, 969, 949, 19, 7.78%, 285, 0, 4, 6.64
1747795057, 1, 685, 969, 949, 19, 7.78%, 285, 0, 4, 6.32
1747795062, 1, 686, 969, 949, 19, 7.78%, 285, 0, 4, 6.61
1747795072, 1, 688, 969, 949, 19, 7.78%, 285, 0, 4, 6.39
1747795083, 1, 691, 969, 949, 19, 7.78%, 285, 0, 4, 5.94
1747795088, 1, 692, 969, 949, 19, 7.78%, 285, 0, 4, 5.70
1747795098, 1, 693, 969, 949, 19, 7.78%, 285, 0, 4, 6.01
1747795108, 1, 694, 969, 949, 19, 7.78%, 285, 0, 4, 6.34
1747795114, 1, 695, 969, 949, 19, 7.78%, 285, 0, 4, 6.44
1747795124, 1, 696, 969, 949, 19, 7.78%, 285, 0, 4, 5.78
1747795134, 1, 698, 969, 949, 19, 7.78%, 285, 0, 4, 6.35
1747795139, 1, 699, 969, 949, 19, 7.78%, 285, 0, 4, 6.22
1747795150, 1, 702, 969, 949, 19, 7.78%, 285, 0, 4, 6.22
1747795155, 1, 703, 969, 949, 19, 7.78%, 285, 0, 4, 6.69
1747795165, 1, 704, 969, 949, 19, 7.78%, 285, 0, 4, 6.00
1747795176, 1, 705, 969, 949, 19, 7.78%, 285, 0, 4, 5.86
1747795186, 1, 707, 969, 949, 19, 7.78%, 285, 0, 4, 6.45
1747795191, 1, 708, 969, 949, 19, 7.78%, 285, 0, 4, 6.11
1747795202, 1, 709, 969, 949, 19, 7.78%, 285, 0, 4, 5.74
1747795207, 1, 710, 969, 949, 19, 7.78%, 285, 0, 4, 6.21
1747795217, 1, 711, 969, 949, 19, 7.78%, 285, 0, 4, 6.34
1747795227, 1, 712, 969, 949, 19, 7.78%, 285, 0, 4, 5.47
1747795238, 1, 713, 969, 949, 19, 7.78%, 285, 0, 4, 5.98
1747795243, 1, 714, 969, 949, 19, 7.78%, 285, 0, 4, 6.03
1747795253, 1, 715, 969, 949, 19, 7.78%, 285, 0, 4, 5.76
1747795263, 1, 716, 969, 949, 19, 7.78%, 285, 0, 4, 6.00
1747795274, 1, 717, 969, 949, 19, 7.78%, 285, 0, 4, 6.13
1747795279, 1, 718, 969, 949, 19, 7.78%, 285, 0, 4, 6.51
1747795289, 1, 720, 969, 949, 19, 7.78%, 285, 0, 4, 5.87
1747795294, 1, 721, 969, 949, 19, 7.78%, 285, 0, 4, 6.33
1747795305, 1, 722, 969, 949, 19, 7.78%, 285, 0, 4, 6.16
1747795315, 1, 724, 969, 949, 19, 7.78%, 285, 0, 4, 6.27
1747795321, 1, 725, 969, 949, 19, 7.78%, 285, 0, 4, 6.32
1747795331, 1, 726, 969, 949, 19, 7.78%, 285, 0, 4, 5.90
1747795341, 1, 727, 969, 949, 19, 7.78%, 285, 0, 4, 6.06
1747795347, 1, 728, 969, 949, 19, 7.78%, 285, 0, 4, 5.95
1747795357, 1, 729, 969, 949, 19, 7.78%, 285, 0, 4, 5.78
1747795367, 1, 731, 969, 949, 19, 7.78%, 285, 0, 4, 5.40
1747795373, 1, 732, 969, 949, 19, 7.78%, 285, 0, 4, 6.21
1747795383, 1, 733, 969, 949, 19, 7.78%, 285, 0, 4, 5.97
1747795393, 1, 734, 969, 949, 19, 7.78%, 285, 0, 4, 6.18
1747795404, 1, 735, 969, 949, 19, 7.78%, 285, 0, 4, 6.01
1747795409, 1, 736, 969, 949, 19, 7.78%, 285, 0, 4, 6.20
1747795419, 1, 737, 969, 949, 19, 7.78%, 285, 0, 4, 6.49
1747795424, 1, 738, 969, 949, 19, 7.78%, 285, 0, 4, 6.36
1747795435, 1, 739, 969, 949, 19, 7.78%, 285, 0, 4, 6.05
1747795445, 1, 742, 969, 949, 19, 7.78%, 285, 0, 4, 6.44
1747795455, 1, 745, 969, 949, 19, 7.78%, 285, 0, 4, 6.54
1747795460, 1, 746, 969, 949, 19, 7.78%, 285, 0, 4, 6.47
1747795471, 1, 747, 969, 949, 19, 7.78%, 285, 0, 4, 5.95
1747795476, 1, 748, 969, 949, 19, 7.78%, 286, 0, 4, 6.15
1747795486, 1, 749, 969, 949, 19, 7.78%, 286, 0, 4, 5.99
1747795497, 1, 751, 969, 949, 19, 7.78%, 286, 0, 4, 6.07
1747795502, 1, 752, 969, 949, 19, 7.78%, 286, 0, 4, 6.14
1747795512, 1, 754, 969, 949, 19, 7.78%, 286, 0, 4, 6.02
1747795522, 1, 755, 969, 949, 19, 7.78%, 286, 0, 4, 6.02
1747795527, 1, 756, 969, 949, 19, 7.78%, 286, 0, 4, 6.89
1747795538, 1, 757, 969, 949, 19, 7.78%, 286, 0, 4, 6.26
1747795548, 1, 758, 969, 949, 19, 7.78%, 286, 0, 4, 6.19
1747795553, 1, 759, 969, 949, 19, 7.78%, 286, 0, 4, 6.16
1747795563, 1, 760, 969, 949, 19, 7.78%, 286, 0, 4, 6.15
1747795574, 1, 761, 969, 949, 19, 7.78%, 286, 0, 4, 6.05
1747795584, 1, 762, 969, 949, 19, 7.78%, 286, 0, 4, 6.12
1747795589, 1, 763, 969, 949, 19, 7.78%, 286, 0, 4, 6.34
1747795599, 1, 764, 969, 949, 19, 7.78%, 286, 0, 4, 6.10
1747795610, 1, 765, 969, 949, 19, 7.78%, 286, 0, 4, 6.01
1747795615, 1, 767, 969, 949, 19, 7.78%, 286, 0, 4, 5.93
1747795625, 1, 768, 969, 949, 19, 7.78%, 286, 0, 4, 6.32
1747795635, 1, 769, 969, 949, 19, 7.78%, 286, 0, 4, 6.50
1747795640, 1, 771, 969, 949, 19, 7.78%, 286, 0, 4, 6.25
1747795651, 1, 773, 969, 949, 19, 7.78%, 286, 0, 4, 5.80
1747795661, 1, 774, 969, 949, 19, 7.78%, 286, 0, 4, 6.15
1747795666, 1, 775, 969, 949, 19, 7.78%, 286, 0, 4, 6.60
1747795676, 1, 776, 969, 949, 19, 7.78%, 286, 0, 4, 5.69
1747795687, 1, 779, 969, 949, 19, 7.78%, 286, 0, 4, 5.97
1747795697, 1, 782, 969, 949, 19, 7.78%, 286, 0, 4, 5.15
1747795707, 1, 783, 969, 949, 19, 7.78%, 286, 0, 4, 6.23
1747795713, 1, 784, 969, 949, 19, 7.78%, 286, 0, 4, 6.54
1747795723, 1, 785, 969, 949, 19, 7.78%, 286, 0, 4, 6.28
1747795728, 1, 786, 969, 949, 19, 7.78%, 286, 0, 4, 6.39
1747795739, 1, 790, 969, 949, 19, 7.78%, 286, 0, 4, 6.11
1747795749, 1, 791, 969, 949, 19, 7.78%, 286, 0, 4, 6.09
1747795754, 1, 793, 969, 949, 19, 7.78%, 286, 0, 4, 5.93
1747795764, 1, 795, 969, 949, 19, 7.78%, 286, 0, 4, 5.89
1747795775, 1, 796, 969, 949, 19, 7.78%, 286, 0, 4, 6.12
1747795780, 1, 797, 969, 949, 19, 7.78%, 286, 0, 4, 5.89
1747795790, 1, 799, 969, 949, 19, 7.78%, 286, 0, 4, 6.25
1747795800, 1, 801, 969, 949, 19, 7.78%, 286, 0, 4, 5.93
1747795806, 1, 804, 969, 949, 19, 7.78%, 286, 0, 4, 6.25
1747795816, 1, 805, 969, 949, 19, 7.78%, 286, 0, 4, 6.19
1747795826, 1, 806, 969, 949, 19, 7.78%, 286, 0, 4, 6.12
1747795832, 1, 807, 969, 949, 19, 7.78%, 286, 0, 4, 6.28
1747795842, 1, 809, 969, 949, 19, 7.78%, 286, 0, 4, 5.69
1747795852, 1, 810, 969, 949, 19, 7.78%, 286, 0, 4, 6.41
1747795857, 1, 811, 969, 949, 19, 7.78%, 286, 0, 4, 6.59
1747795867, 1, 812, 969, 949, 19, 7.78%, 286, 0, 4, 5.68
1747795877, 1, 813, 969, 949, 19, 7.78%, 286, 0, 4, 5.25
1747795888, 1, 814, 969, 949, 19, 7.78%, 286, 0, 4, 5.88
1747795898, 1, 816, 969, 949, 19, 7.78%, 286, 0, 4, 5.84
1747795903, 1, 817, 969, 949, 19, 7.78%, 286, 0, 4, 6.33
1747795913, 1, 818, 969, 949, 19, 7.78%, 286, 0, 4, 6.33
1747795924, 1, 819, 969, 949, 19, 7.78%, 286, 0, 4, 6.28
1747795929, 1, 820, 969, 949, 19, 7.78%, 286, 0, 4, 5.41
1747795939, 1, 822, 969, 949, 19, 7.78%, 286, 0, 4, 5.86
1747795944, 1, 822, 970, 950, 19, 7.78%, 286, 0, 4, 4.97
1747795955, 1, 822, 971, 951, 19, 7.78%, 286, 0, 4, 5.31
1747795981, 1, 823, 971, 951, 19, 7.78%, 286, 0, 4, 6.04
1747795991, 1, 824, 971, 951, 19, 7.78%, 286, 0, 4, 5.95
1747796001, 1, 825, 971, 951, 19, 7.78%, 286, 0, 4, 5.85
1747796011, 1, 826, 971, 951, 19, 7.78%, 286, 0, 4, 5.68
1747796016, 1, 828, 971, 951, 19, 7.78%, 286, 0, 4, 6.05
1747796022, 1, 828, 971, 951, 19, 7.78%, 287, 0, 4, 5.55
1747796027, 1, 829, 971, 951, 19, 7.78%, 287, 0, 4, 6.41
1747796037, 1, 830, 971, 951, 19, 7.78%, 287, 0, 4, 6.02
1747796047, 1, 831, 971, 951, 19, 7.78%, 287, 0, 4, 5.85
1747796053, 1, 832, 971, 951, 19, 7.78%, 287, 0, 4, 5.57
1747796063, 1, 834, 971, 951, 19, 7.78%, 287, 0, 4, 5.57
1747796073, 1, 834, 972, 952, 19, 7.78%, 287, 0, 4, 5.22
1747796084, 1, 835, 972, 952, 19, 7.78%, 287, 0, 4, 5.97
1747796094, 1, 836, 972, 952, 19, 7.78%, 287, 0, 4, 6.26
1747796104, 1, 837, 972, 952, 19, 7.78%, 287, 0, 4, 5.89
1747796110, 1, 839, 972, 952, 19, 7.78%, 287, 0, 4, 6.24
1747796120, 1, 842, 972, 952, 19, 7.78%, 287, 0, 4, 5.99
1747796125, 1, 843, 972, 952, 19, 7.78%, 287, 0, 4, 6.42
1747796136, 1, 844, 972, 952, 19, 7.78%, 287, 0, 4, 5.94
1747796146, 1, 845, 972, 952, 19, 7.78%, 287, 0, 4, 5.91
1747796151, 1, 847, 972, 952, 19, 7.78%, 287, 0, 4, 6.12
1747796161, 1, 848, 972, 952, 19, 7.78%, 287, 0, 4, 6.23
1747796172, 1, 850, 972, 952, 19, 7.78%, 287, 0, 4, 6.17
1747796177, 1, 851, 972, 952, 19, 7.78%, 287, 0, 4, 6.13
1747796188, 1, 853, 972, 952, 19, 7.78%, 287, 0, 4, 6.19
1747796198, 1, 854, 972, 952, 19, 7.78%, 287, 0, 4, 6.20
1747796203, 1, 855, 972, 952, 19, 7.78%, 287, 0, 4, 6.31
1747796214, 1, 856, 972, 952, 19, 7.78%, 287, 0, 4, 6.55
1747796224, 1, 857, 972, 952, 19, 7.78%, 287, 0, 4, 5.60
1747796234, 1, 859, 972, 952, 19, 7.78%, 287, 0, 4, 5.28
1747796239, 1, 860, 972, 952, 19, 7.78%, 287, 0, 4, 5.78
1747796250, 1, 861, 972, 952, 19, 7.78%, 287, 0, 4, 6.22
1747796260, 1, 862, 972, 952, 19, 7.78%, 287, 0, 4, 6.06
1747796265, 1, 863, 972, 952, 19, 7.78%, 287, 0, 4, 7.66
1747796424, 1, 864, 972, 951, 18, 7.78%, 287, 0, 4, 6.81
1747796435, 1, 865, 972, 951, 18, 7.78%, 287, 0, 4, 6.11
1747796440, 1, 866, 972, 951, 18, 7.78%, 287, 0, 4, 6.48
1747796450, 1, 867, 972, 951, 18, 7.78%, 287, 0, 4, 6.10
1747796460, 1, 869, 972, 951, 18, 7.78%, 287, 0, 4, 5.78
1747796470, 1, 870, 972, 951, 18, 7.78%, 287, 0, 4, 5.61
1747796475, 1, 872, 972, 951, 18, 7.78%, 287, 0, 4, 6.60
1747796485, 1, 873, 972, 951, 18, 7.78%, 287, 0, 4, 6.31
1747796496, 1, 874, 972, 951, 18, 7.78%, 287, 0, 4, 6.60
1747796501, 1, 877, 972, 951, 18, 7.78%, 287, 0, 4, 6.02
1747796511, 1, 878, 972, 951, 18, 7.78%, 287, 0, 4, 6.20
1747796522, 1, 879, 972, 951, 18, 7.78%, 287, 0, 4, 6.06
1747796527, 1, 880, 972, 951, 18, 7.78%, 287, 0, 4, 5.73
1747796537, 1, 881, 972, 951, 18, 7.78%, 287, 0, 4, 6.33
1747796542, 1, 882, 972, 951, 18, 7.78%, 287, 0, 4, 5.72
1747796553, 1, 883, 972, 951, 18, 7.78%, 287, 0, 4, 5.38
1747796563, 1, 884, 972, 951, 18, 7.78%, 287, 0, 4, 5.86
1747796573, 1, 886, 972, 951, 18, 7.78%, 287, 0, 4, 6.44
1747796579, 1, 889, 972, 951, 18, 7.78%, 287, 0, 4, 6.54
1747796589, 1, 890, 972, 951, 18, 7.78%, 287, 0, 4, 6.56
1747796594, 1, 891, 972, 951, 18, 7.78%, 287, 0, 4, 5.82
1747796605, 1, 892, 972, 951, 18, 7.78%, 287, 0, 4, 6.04
1747796615, 1, 894, 972, 951, 18, 7.78%, 287, 0, 4, 5.96
1747796620, 1, 895, 972, 951, 18, 7.78%, 287, 0, 4, 6.44
1747796631, 1, 896, 972, 951, 18, 7.78%, 287, 0, 4, 5.92
1747796641, 1, 897, 972, 951, 18, 7.78%, 287, 0, 4, 6.59
1747796646, 1, 898, 972, 951, 18, 7.78%, 287, 0, 4, 6.23
1747796656, 1, 899, 972, 951, 18, 7.78%, 287, 0, 4, 6.09
1747796667, 1, 900, 972, 951, 18, 7.78%, 287, 0, 4, 6.09
1747796672, 1, 902, 972, 951, 18, 7.78%, 287, 0, 4, 6.42
1747796682, 1, 903, 972, 951, 18, 7.78%, 287, 0, 4, 6.50
1747796687, 1, 905, 972, 951, 18, 7.78%, 287, 0, 4, 6.62
1747796698, 1, 906, 972, 951, 18, 7.78%, 287, 0, 4, 6.59
1747796708, 1, 907, 972, 951, 18, 7.78%, 287, 0, 4, 6.02
1747796718, 1, 908, 972, 951, 18, 7.78%, 287, 0, 4, 5.41
1747796723, 1, 909, 972, 951, 18, 7.78%, 287, 0, 4, 5.81
1747796734, 1, 910, 972, 951, 18, 7.78%, 287, 0, 4, 6.08
1747796739, 1, 910, 972, 951, 18, 7.78%, 288, 0, 4, 6.03
1747796744, 1, 911, 972, 951, 18, 7.78%, 288, 0, 4, 6.00
1747796749, 1, 912, 972, 951, 18, 7.78%, 288, 0, 4, 6.21
1747796759, 1, 913, 972, 951, 18, 7.78%, 288, 0, 4, 5.95
1747796770, 1, 914, 972, 951, 18, 7.78%, 288, 0, 4, 6.13
1747796775, 1, 915, 972, 951, 18, 7.78%, 288, 0, 4, 6.10
1747796785, 1, 916, 972, 951, 18, 7.78%, 288, 0, 4, 5.85
1747796796, 1, 917, 972, 951, 18, 7.78%, 288, 0, 4, 5.66
1747796806, 1, 918, 972, 951, 18, 7.78%, 288, 0, 4, 5.84
1747796811, 1, 919, 972, 951, 18, 7.78%, 288, 0, 4, 6.45
1747796821, 1, 921, 972, 951, 18, 7.78%, 288, 0, 4, 5.74
1747796832, 1, 922, 972, 951, 18, 7.78%, 288, 0, 4, 5.95
1747796862, 1, 922, 973, 952, 18, 7.78%, 288, 0, 4, 3.42
1747797053, 1, 922, 974, 953, 18, 7.78%, 288, 0, 4, 2.72
1747797084, 1, 922, 975, 954, 18, 7.78%, 288, 0, 4, 3.62
1747797429, 1, 922, 976, 955, 18, 7.78%, 288, 0, 4, 2.93
1747798281, 1, 922, 977, 956, 18, 7.78%, 288, 0, 4, 2.61
1747798287, 1, 922, 978, 957, 18, 7.78%, 288, 0, 4, 2.71
1747798323, 1, 922, 979, 958, 18, 7.78%, 288, 0, 4, 2.41
1747798406, 1, 924, 979, 957, 17, 7.78%, 288, 0, 4, 6.04
1747798416, 1, 925, 979, 957, 17, 7.78%, 288, 0, 4, 6.42
1747798421, 1, 926, 979, 957, 17, 7.78%, 288, 0, 4, 5.80
1747798432, 1, 927, 979, 957, 17, 7.78%, 288, 0, 4, 5.72
1747798442, 1, 928, 979, 957, 17, 7.78%, 288, 0, 4, 5.96
1747798452, 1, 929, 979, 957, 17, 7.78%, 288, 0, 4, 6.05
1747798457, 1, 930, 979, 957, 17, 7.78%, 288, 0, 4, 6.06
1747798468, 1, 931, 979, 957, 17, 7.78%, 288, 0, 4, 6.36
1747798478, 1, 932, 979, 957, 17, 7.78%, 288, 0, 4, 5.67
1747798483, 1, 934, 979, 957, 17, 7.78%, 288, 0, 4, 6.12
1747798493, 1, 935, 979, 957, 17, 7.78%, 288, 0, 4, 6.47
1747798498, 1, 936, 979, 957, 17, 7.78%, 288, 0, 4, 6.23
1747798509, 1, 938, 979, 957, 17, 7.78%, 288, 0, 4, 6.16
1747798519, 1, 939, 979, 957, 17, 7.78%, 288, 0, 4, 6.05
1747798524, 1, 940, 979, 957, 17, 7.78%, 288, 0, 4, 6.10
1747798535, 1, 941, 979, 957, 17, 7.78%, 288, 0, 4, 5.90
1747798545, 1, 942, 979, 957, 17, 7.78%, 288, 0, 4, 5.89
1747798550, 1, 944, 979, 957, 17, 7.78%, 288, 0, 4, 6.18
1747798560, 1, 945, 979, 957, 17, 7.78%, 288, 0, 4, 6.21
1747798571, 1, 946, 979, 957, 17, 7.78%, 288, 0, 4, 6.58
1747798576, 1, 948, 979, 957, 17, 7.78%, 288, 0, 4, 6.30
1747798586, 1, 949, 979, 957, 17, 7.78%, 288, 0, 4, 6.26
1747798591, 1, 950, 979, 957, 17, 7.78%, 288, 0, 4, 6.26
1747798602, 1, 951, 979, 957, 17, 7.78%, 288, 0, 4, 5.57
1747798612, 1, 952, 979, 957, 17, 7.78%, 288, 0, 4, 6.31
1747798622, 1, 953, 979, 957, 17, 7.78%, 288, 0, 4, 6.66
1747798627, 1, 954, 979, 957, 17, 7.78%, 288, 0, 4, 7.04
1747798637, 1, 955, 979, 957, 17, 7.78%, 288, 0, 4, 6.19
1747798642, 1, 956, 979, 957, 17, 7.78%, 288, 0, 4, 6.22
1747798653, 1, 957, 979, 957, 17, 7.78%, 288, 0, 4, 5.53
1747798663, 1, 958, 979, 957, 17, 7.78%, 288, 0, 4, 6.12
1747798668, 1, 959, 979, 957, 17, 7.78%, 288, 0, 4, 6.05
1747798678, 1, 960, 979, 957, 17, 7.78%, 288, 0, 4, 6.44
1747798688, 1, 961, 979, 957, 17, 7.78%, 288, 0, 4, 5.51
1747798699, 1, 962, 979, 957, 17, 7.78%, 288, 0, 4, 5.70
1747798704, 1, 963, 979, 957, 17, 7.78%, 288, 0, 4, 6.32
1747798714, 1, 965, 979, 957, 17, 7.78%, 288, 0, 4, 6.29
1747798725, 1, 967, 979, 957, 17, 7.78%, 288, 0, 4, 6.11
1747798730, 1, 968, 979, 957, 17, 7.78%, 288, 0, 4, 6.31
1747798740, 1, 970, 979, 957, 17, 7.78%, 288, 0, 4, 6.16
1747798751, 1, 972, 979, 957, 17, 7.78%, 288, 0, 4, 5.84
1747798756, 1, 974, 979, 957, 17, 7.78%, 288, 0, 4, 6.06
1747798766, 1, 976, 979, 957, 17, 7.78%, 288, 0, 4, 5.35
1747798797, 1, 976, 980, 958, 17, 7.78%, 288, 0, 5, 3.27
1747798807, 1, 976, 981, 959, 17, 7.78%, 288, 0, 5, 3.02
1747798838, 1, 976, 982, 960, 17, 7.78%, 288, 0, 5, 2.43
1747798859, 1, 976, 983, 961, 17, 7.78%, 288, 0, 5, 2.15
1747798864, 1, 976, 984, 962, 17, 7.78%, 288, 0, 5, 2.13
1747798932, 1, 976, 985, 963, 17, 7.78%, 288, 0, 5, 2.49
1747798937, 1, 976, 986, 964, 17, 7.78%, 288, 0, 5, 2.27
1747799015, 1, 976, 987, 965, 17, 7.78%, 288, 0, 5, 2.76
1747799025, 1, 976, 988, 966, 17, 7.78%, 288, 0, 5, 2.36
1747799047, 1, 976, 989, 967, 17, 7.78%, 288, 0, 5, 2.11
1747799052, 1, 976, 990, 968, 17, 7.78%, 288, 0, 5, 2.11
1747799073, 1, 976, 991, 969, 17, 7.78%, 288, 0, 5, 3.25
1747799093, 1, 976, 992, 970, 17, 7.78%, 288, 0, 5, 4.13
1747799438, 1, 976, 992, 970, 17, 7.78%, 289, 0, 5, 2.62
1747799624, 1, 976, 993, 971, 17, 7.78%, 289, 0, 5, 2.10
1747800203, 1, 976, 994, 972, 17, 7.78%, 289, 0, 5, 2.28
1747800652, 1, 977, 994, 971, 17, 7.78%, 289, 0, 5, 6.37
1747800663, 1, 978, 994, 971, 17, 7.78%, 289, 0, 5, 5.85
1747800673, 1, 979, 994, 971, 17, 7.78%, 289, 0, 5, 6.32
1747800678, 1, 980, 994, 971, 17, 7.78%, 289, 0, 5, 6.27
1747800688, 1, 982, 994, 971, 17, 7.78%, 289, 0, 5, 5.56
1747800698, 1, 983, 994, 971, 17, 7.78%, 289, 0, 5, 6.03
1747800704, 1, 984, 994, 971, 17, 7.78%, 289, 0, 5, 5.86
1747800714, 1, 988, 994, 971, 17, 7.78%, 289, 0, 5, 6.39
1747800719, 1, 990, 994, 971, 17, 7.78%, 289, 0, 5, 6.44
1747800730, 1, 991, 994, 971, 17, 7.78%, 289, 0, 5, 5.78
1747800740, 1, 992, 994, 971, 17, 7.78%, 289, 0, 5, 5.25
1747800750, 1, 993, 994, 971, 17, 7.78%, 289, 0, 5, 5.80
1747800761, 2, 1, 994, 971, 17, 7.78%, 289, 0, 5, 6.30
1747800766, 2, 3, 994, 971, 17, 7.78%, 289, 0, 5, 6.02
1747800776, 2, 5, 995, 972, 17, 7.78%, 289, 0, 5, 5.45
1747800797, 2, 6, 995, 972, 17, 7.78%, 289, 0, 5, 5.75
1747800807, 2, 7, 995, 972, 17, 7.78%, 289, 0, 5, 5.71
1747800812, 2, 8, 995, 972, 17, 7.78%, 289, 0, 5, 6.04
1747800822, 2, 9, 995, 972, 17, 7.78%, 289, 0, 5, 6.07
1747800833, 2, 11, 995, 972, 17, 7.78%, 289, 0, 5, 6.61
1747800838, 2, 13, 995, 972, 17, 7.78%, 289, 0, 5, 6.36
1747800848, 2, 15, 995, 972, 17, 7.78%, 289, 0, 5, 6.44
1747800854, 2, 16, 995, 972, 17, 7.78%, 289, 0, 5, 6.18
1747800864, 2, 18, 995, 972, 17, 7.78%, 289, 0, 5, 6.03
1747800875, 2, 19, 995, 972, 17, 7.78%, 289, 0, 5, 6.40
1747800880, 2, 20, 995, 972, 17, 7.78%, 289, 0, 5, 6.07
1747800885, 2, 20, 996, 973, 17, 7.78%, 289, 0, 5, 4.85
1747800906, 2, 21, 996, 973, 17, 7.78%, 289, 0, 5, 5.76
1747800911, 2, 21, 997, 974, 17, 7.78%, 289, 0, 5, 4.87
1747800926, 2, 22, 997, 974, 17, 7.78%, 289, 0, 5, 6.35
1747800931, 2, 23, 997, 974, 17, 7.78%, 289, 0, 5, 6.25
1747800942, 2, 24, 997, 974, 17, 7.78%, 289, 0, 5, 6.60
1747800947, 2, 25, 997, 974, 17, 7.78%, 289, 0, 5, 6.71
1747800952, 2, 25, 998, 975, 17, 7.78%, 289, 0, 5, 6.75
1747800967, 2, 26, 998, 975, 17, 7.78%, 289, 0, 5, 6.46
1747800977, 2, 28, 998, 975, 17, 7.78%, 289, 0, 5, 6.06
1747800983, 2, 29, 998, 975, 17, 7.78%, 289, 0, 5, 5.91
1747800988, 2, 29, 999, 976, 17, 7.78%, 289, 0, 5, 5.34
1747801003, 2, 29, 1000, 977, 17, 7.78%, 289, 0, 5, 6.19
1747801024, 2, 32, 1000, 977, 17, 7.78%, 289, 0, 5, 5.09
1747801034, 2, 33, 1000, 977, 17, 7.78%, 289, 0, 5, 5.95
1747801045, 2, 34, 1000, 977, 17, 7.78%, 289, 0, 5, 6.07
1747801050, 2, 35, 1000, 977, 17, 7.78%, 289, 0, 5, 5.93
1747801060, 2, 36, 1000, 977, 17, 7.78%, 289, 0, 5, 6.12
1747801071, 2, 38, 1000, 977, 17, 7.78%, 289, 0, 5, 5.34
1747801076, 2, 39, 1000, 977, 17, 7.78%, 289, 0, 5, 5.85
1747801086, 2, 40, 1000, 977, 17, 7.78%, 289, 0, 5, 6.46
1747801091, 2, 41, 1000, 977, 17, 7.78%, 289, 0, 5, 6.59
1747801102, 2, 42, 1000, 977, 17, 7.78%, 289, 0, 5, 6.24
1747801112, 2, 46, 1000, 977, 17, 7.78%, 289, 0, 5, 5.82
1747801118, 2, 47, 1000, 977, 17, 7.78%, 289, 0, 5, 6.58
1747801128, 2, 48, 1000, 977, 17, 7.78%, 289, 0, 5, 5.96
1747801138, 2, 49, 1000, 977, 17, 7.78%, 289, 0, 5, 5.86
1747801144, 2, 51, 1000, 977, 17, 7.78%, 289, 0, 5, 5.41
1747801154, 2, 52, 1000, 977, 17, 7.78%, 289, 0, 5, 6.20
1747801164, 2, 53, 1000, 977, 17, 7.78%, 289, 0, 5, 6.04
1747801175, 2, 56, 1000, 977, 17, 7.78%, 289, 0, 5, 5.30
1747801180, 2, 57, 1000, 977, 17, 7.78%, 289, 0, 5, 6.28
1747801190, 2, 58, 1000, 977, 17, 7.78%, 289, 0, 5, 5.98
1747801200, 2, 60, 1000, 977, 17, 7.78%, 289, 0, 5, 6.08
1747801211, 2, 61, 1000, 977, 17, 7.78%, 289, 0, 5, 5.85
1747801216, 2, 62, 1000, 977, 17, 7.78%, 289, 0, 5, 5.89
1747801227, 2, 63, 1000, 977, 17, 7.78%, 289, 0, 5, 6.49
1747801232, 2, 64, 1000, 977, 17, 7.78%, 289, 0, 5, 5.77
1747801242, 2, 65, 1000, 977, 17, 7.78%, 289, 0, 5, 5.56
1747801253, 2, 66, 1000, 977, 17, 7.78%, 289, 0, 5, 5.78
1747801263, 2, 67, 1000, 977, 17, 7.78%, 289, 0, 5, 6.45
1747801268, 2, 68, 1000, 977, 17, 7.78%, 289, 0, 5, 6.33
1747801278, 2, 69, 1000, 977, 17, 7.78%, 289, 0, 5, 5.83
1747801288, 2, 70, 1000, 977, 17, 7.78%, 289, 0, 5, 6.69
1747801293, 2, 71, 1000, 977, 17, 7.78%, 289, 0, 5, 6.59
1747801304, 2, 72, 1000, 977, 17, 7.78%, 289, 0, 5, 5.76
1747801314, 2, 73, 1000, 977, 17, 7.78%, 289, 0, 5, 5.84
1747801324, 2, 74, 1000, 977, 17, 7.78%, 289, 0, 5, 6.48
1747801329, 2, 76, 1000, 977, 17, 7.78%, 289, 0, 5, 6.19
1747801340, 2, 77, 1000, 977, 17, 7.78%, 289, 0, 5, 5.65
1747801350, 2, 79, 1000, 977, 17, 7.78%, 289, 0, 5, 5.47
1747801355, 2, 84, 1000, 977, 17, 7.78%, 289, 0, 5, 7.75
1747801360, 2, 85, 1000, 977, 17, 7.78%, 289, 0, 5, 8.80
1747801366, 2, 86, 1000, 977, 17, 7.78%, 289, 0, 5, 9.52
1747801371, 2, 87, 1000, 977, 17, 7.78%, 289, 0, 5, 10.27
1747801376, 2, 88, 1000, 977, 17, 7.78%, 289, 0, 5, 9.48
1747801381, 2, 90, 1000, 977, 17, 7.78%, 289, 0, 5, 10.10
1747801386, 2, 91, 1000, 977, 17, 7.78%, 289, 0, 5, 10.29
1747801391, 2, 92, 1000, 977, 17, 7.78%, 289, 0, 5, 10.10
1747801401, 2, 93, 1000, 977, 17, 7.78%, 289, 0, 5, 9.99
1747801407, 2, 94, 1000, 977, 17, 7.78%, 289, 0, 5, 10.00
1747801412, 2, 98, 1000, 977, 17, 7.78%, 289, 0, 5, 10.12
1747801417, 2, 100, 1000, 977, 17, 7.78%, 289, 0, 5, 10.56
1747801422, 2, 103, 1000, 977, 17, 7.78%, 289, 0, 5, 10.14
1747801428, 2, 104, 1000, 977, 17, 7.78%, 289, 0, 5, 10.30
1747801433, 2, 105, 1000, 977, 17, 7.78%, 289, 0, 5, 9.91
1747801438, 2, 106, 1000, 977, 17, 7.78%, 289, 0, 5, 9.92
1747801443, 2, 107, 1000, 977, 17, 7.78%, 289, 0, 5, 9.93
1747801448, 2, 108, 1000, 977, 17, 7.78%, 289, 0, 5, 10.85
1747801453, 2, 110, 1000, 977, 17, 7.78%, 289, 0, 5, 10.16
1747801458, 2, 112, 1000, 977, 17, 7.78%, 289, 0, 5, 10.68
1747801464, 2, 113, 1000, 977, 17, 7.78%, 289, 0, 5, 10.31
1747801469, 2, 114, 1000, 977, 17, 7.78%, 289, 0, 5, 10.19
1747801474, 2, 115, 1000, 977, 17, 7.78%, 289, 0, 5, 9.17
1747801479, 2, 116, 1000, 977, 17, 7.78%, 289, 0, 5, 9.96
1747801484, 2, 116, 1001, 978, 17, 7.78%, 289, 0, 5, 9.49
1747801494, 2, 118, 1001, 978, 17, 7.78%, 289, 0, 5, 9.94
1747801499, 2, 119, 1001, 978, 17, 7.78%, 289, 0, 5, 9.63
1747801504, 2, 120, 1001, 978, 17, 7.78%, 289, 0, 5, 9.97
1747801510, 2, 121, 1001, 978, 17, 7.78%, 289, 0, 5, 10.17
1747801515, 2, 122, 1001, 978, 17, 7.78%, 289, 0, 5, 10.72
1747801520, 2, 123, 1001, 978, 17, 7.78%, 289, 0, 5, 11.46
1747801525, 2, 125, 1001, 978, 17, 7.78%, 289, 0, 5, 10.64
1747801530, 2, 126, 1001, 978, 17, 7.78%, 289, 0, 5, 10.46
1747801535, 2, 129, 1001, 978, 17, 7.78%, 289, 0, 5, 10.12
1747801541, 2, 130, 1001, 978, 17, 7.78%, 289, 0, 5, 10.23
1747801546, 2, 131, 1001, 978, 17, 7.78%, 289, 0, 5, 9.85
1747801551, 2, 132, 1001, 978, 17, 7.78%, 289, 0, 5, 10.13
1747801556, 2, 133, 1001, 978, 17, 7.78%, 289, 0, 5, 9.39
1747801561, 2, 134, 1001, 978, 17, 7.78%, 289, 0, 5, 8.71
1747801566, 2, 136, 1001, 978, 17, 7.78%, 289, 0, 5, 9.91
1747801571, 2, 137, 1001, 978, 17, 7.78%, 289, 0, 5, 8.94
1747801576, 2, 138, 1001, 978, 17, 7.78%, 289, 0, 5, 9.34
1747801581, 2, 139, 1001, 978, 17, 7.78%, 289, 0, 5, 9.76
1747801587, 2, 141, 1001, 978, 17, 7.78%, 289, 0, 5, 9.96
1747801592, 2, 142, 1001, 978, 17, 7.78%, 289, 0, 5, 9.48
1747801597, 2, 143, 1001, 978, 17, 7.78%, 289, 0, 5, 8.81
1747801602, 2, 144, 1001, 978, 17, 7.78%, 289, 0, 5, 9.81
1747801607, 2, 146, 1001, 978, 17, 7.78%, 289, 0, 5, 10.33
1747801612, 2, 147, 1001, 978, 17, 7.78%, 289, 0, 5, 9.97
1747801618, 2, 148, 1001, 978, 17, 7.78%, 289, 0, 5, 10.73
1747801623, 2, 149, 1001, 978, 17, 7.78%, 289, 0, 5, 10.14
1747801628, 2, 150, 1001, 978, 17, 7.78%, 289, 0, 5, 9.59
1747801633, 2, 151, 1001, 978, 17, 7.78%, 289, 0, 5, 10.11
1747801638, 2, 152, 1001, 978, 17, 7.78%, 289, 0, 5, 9.96
1747801644, 2, 153, 1001, 978, 17, 7.78%, 289, 0, 5, 9.65
1747801649, 2, 154, 1001, 978, 17, 7.78%, 289, 0, 5, 9.74
1747801654, 2, 157, 1001, 978, 17, 7.78%, 289, 0, 5, 9.52
1747801659, 2, 158, 1001, 978, 17, 7.78%, 289, 0, 5, 9.35
1747801664, 2, 159, 1001, 978, 17, 7.78%, 289, 0, 5, 9.75
1747801669, 2, 160, 1001, 978, 17, 7.78%, 289, 0, 5, 8.90
1747801675, 2, 161, 1001, 978, 17, 7.78%, 289, 0, 5, 9.70
1747801680, 2, 163, 1001, 978, 17, 7.78%, 289, 0, 5, 9.67
1747801685, 2, 164, 1001, 978, 17, 7.78%, 289, 0, 5, 9.40
1747801695, 2, 165, 1001, 978, 17, 7.78%, 289, 0, 5, 10.08
1747801700, 2, 166, 1001, 978, 17, 7.78%, 289, 0, 5, 9.93
1747801705, 2, 167, 1001, 978, 17, 7.78%, 289, 0, 5, 9.38
1747801710, 2, 168, 1001, 978, 17, 7.78%, 289, 0, 5, 9.71
1747801716, 2, 169, 1001, 978, 17, 7.78%, 289, 0, 5, 9.61
1747801721, 2, 170, 1001, 978, 17, 7.78%, 289, 0, 5, 8.69
1747801726, 2, 171, 1001, 978, 17, 7.78%, 289, 0, 5, 9.55
1747801731, 2, 172, 1001, 978, 17, 7.78%, 289, 0, 5, 9.06
1747801736, 2, 174, 1001, 978, 17, 7.78%, 289, 0, 5, 9.94
1747801742, 2, 175, 1001, 978, 17, 7.78%, 289, 0, 5, 9.82
1747801747, 2, 176, 1001, 978, 17, 7.78%, 289, 0, 5, 9.72
1747801752, 2, 177, 1001, 978, 17, 7.78%, 289, 0, 5, 9.20
1747801757, 2, 178, 1001, 978, 17, 7.78%, 289, 0, 5, 9.50
1747801762, 2, 179, 1001, 978, 17, 7.78%, 289, 0, 5, 9.43
1747801773, 2, 180, 1001, 978, 17, 7.78%, 289, 0, 5, 8.51
1747801778, 2, 181, 1001, 978, 17, 7.78%, 289, 0, 5, 9.20
1747801783, 2, 182, 1001, 978, 17, 7.78%, 289, 0, 5, 9.27
1747801788, 2, 183, 1001, 978, 17, 7.78%, 289, 0, 5, 9.55
1747801793, 2, 184, 1001, 978, 17, 7.78%, 289, 0, 5, 9.95
1747801798, 2, 185, 1001, 978, 17, 7.78%, 289, 0, 5, 9.91
1747801804, 2, 186, 1001, 978, 17, 7.78%, 289, 0, 5, 10.07
1747801809, 2, 189, 1001, 978, 17, 7.78%, 289, 0, 5, 9.43
1747801814, 2, 190, 1002, 979, 17, 7.78%, 289, 0, 5, 8.73
1747801830, 2, 191, 1002, 979, 16, 7.78%, 289, 0, 5, 8.98
1747801835, 2, 194, 1002, 979, 16, 7.78%, 289, 0, 5, 9.17
1747801840, 2, 196, 1002, 979, 16, 7.78%, 289, 0, 5, 8.59
1747801845, 2, 197, 1002, 979, 16, 7.78%, 289, 0, 5, 9.48
1747801850, 2, 198, 1002, 979, 16, 7.78%, 289, 0, 5, 9.43
1747801855, 2, 201, 1002, 979, 16, 7.78%, 289, 0, 5, 9.36
1747801860, 2, 202, 1002, 979, 16, 7.78%, 289, 0, 5, 9.13
1747801866, 2, 203, 1002, 979, 16, 7.78%, 289, 0, 5, 9.58
1747801871, 2, 205, 1002, 979, 16, 7.78%, 289, 0, 5, 9.97
1747801876, 2, 206, 1002, 979, 16, 7.78%, 289, 0, 5, 10.32
1747801881, 2, 207, 1002, 979, 16, 7.78%, 289, 0, 5, 10.67
1747801886, 2, 208, 1002, 979, 16, 7.78%, 289, 0, 5, 9.94
1747801891, 2, 209, 1002, 979, 16, 7.78%, 289, 0, 5, 9.16
1747801896, 2, 210, 1002, 979, 16, 7.78%, 289, 0, 5, 9.46
1747801901, 2, 211, 1002, 979, 16, 7.78%, 289, 0, 5, 9.96
1747801906, 2, 212, 1002, 979, 16, 7.78%, 289, 0, 5, 9.57
1747801917, 2, 214, 1002, 979, 16, 7.78%, 289, 0, 5, 9.77
1747801922, 2, 215, 1002, 979, 16, 7.78%, 289, 0, 5, 9.29
1747801927, 2, 216, 1002, 979, 16, 7.78%, 289, 0, 5, 9.12
1747801932, 2, 217, 1002, 979, 16, 7.78%, 289, 0, 5, 8.83
1747801937, 2, 218, 1002, 979, 16, 7.78%, 289, 0, 5, 9.98
1747801942, 2, 219, 1002, 979, 16, 7.78%, 289, 0, 5, 9.13
1747801947, 2, 220, 1002, 979, 16, 7.78%, 289, 0, 5, 8.96
1747801953, 2, 221, 1002, 979, 16, 7.78%, 289, 0, 5, 9.14
1747801958, 2, 222, 1002, 979, 16, 7.78%, 289, 0, 5, 9.63
1747801963, 2, 223, 1002, 979, 16, 7.78%, 289, 0, 5, 9.92
1747801968, 2, 224, 1002, 979, 16, 7.78%, 289, 0, 5, 9.45
1747801973, 2, 225, 1002, 979, 16, 7.78%, 289, 0, 5, 8.67
1747801978, 2, 227, 1002, 979, 16, 7.78%, 289, 0, 5, 9.77
1747801983, 2, 228, 1002, 979, 16, 7.78%, 289, 0, 5, 9.78
1747801988, 2, 229, 1002, 979, 16, 7.78%, 289, 0, 5, 9.89
1747801998, 2, 230, 1002, 979, 16, 7.78%, 289, 0, 5, 7.10
1747802004, 2, 232, 1002, 979, 16, 7.78%, 289, 0, 5, 5.96
1747802014, 2, 233, 1002, 979, 16, 7.78%, 289, 0, 5, 5.82
1747802024, 2, 235, 1002, 979, 16, 7.78%, 289, 0, 5, 5.48
1747802035, 2, 236, 1002, 979, 16, 7.78%, 289, 0, 5, 6.08
1747802040, 2, 237, 1002, 979, 16, 7.78%, 289, 0, 5, 6.09
1747802050, 2, 240, 1002, 979, 16, 7.78%, 289, 0, 5, 6.25
1747802061, 2, 241, 1002, 979, 16, 7.78%, 289, 0, 5, 6.17
1747802066, 2, 242, 1002, 979, 16, 7.78%, 289, 0, 5, 6.04
1747802076, 2, 243, 1002, 979, 16, 7.78%, 289, 0, 5, 6.31
1747802086, 2, 245, 1002, 979, 16, 7.78%, 289, 0, 5, 6.33
1747802092, 2, 246, 1002, 979, 16, 7.78%, 289, 0, 5, 6.53
1747802102, 2, 247, 1002, 979, 16, 7.78%, 289, 0, 5, 6.62
1747802107, 2, 248, 1002, 979, 16, 7.78%, 289, 0, 5, 6.50
1747802117, 2, 249, 1002, 979, 16, 7.78%, 289, 0, 5, 6.07
1747802123, 2, 250, 1002, 979, 16, 7.78%, 289, 0, 5, 6.21
1747802128, 2, 250, 1003, 980, 16, 7.78%, 289, 0, 5, 5.05
1747802143, 2, 252, 1003, 980, 16, 7.78%, 289, 0, 5, 5.95
1747802154, 2, 253, 1003, 980, 16, 7.78%, 289, 0, 5, 6.04
1747802164, 2, 254, 1003, 980, 16, 7.78%, 289, 0, 5, 6.03
1747802169, 2, 256, 1003, 980, 16, 7.78%, 289, 0, 5, 6.11
1747802179, 2, 257, 1003, 980, 16, 7.78%, 289, 0, 5, 6.37
1747802190, 2, 259, 1003, 980, 16, 7.78%, 289, 0, 5, 6.28
1747802195, 2, 260, 1003, 980, 16, 7.78%, 289, 0, 5, 5.98
1747802205, 2, 262, 1003, 980, 16, 7.78%, 289, 0, 5, 5.94
1747802216, 2, 263, 1003, 980, 16, 7.78%, 289, 0, 5, 5.60
1747802226, 2, 266, 1003, 980, 16, 7.78%, 289, 0, 5, 5.78
1747802231, 2, 268, 1003, 980, 16, 7.78%, 289, 0, 5, 5.45
1747802242, 2, 269, 1003, 980, 16, 7.78%, 289, 0, 5, 5.94
1747802252, 2, 272, 1003, 980, 16, 7.78%, 289, 0, 5, 6.28
1747802257, 2, 274, 1003, 980, 16, 7.78%, 290, 0, 5, 5.92
1747802268, 2, 275, 1003, 980, 16, 7.78%, 290, 0, 5, 6.03
1747802278, 2, 276, 1003, 980, 16, 7.78%, 290, 0, 5, 5.73
1747802283, 2, 277, 1003, 980, 16, 7.78%, 290, 0, 5, 6.23
1747802293, 2, 278, 1003, 980, 16, 7.78%, 290, 0, 5, 6.30
1747802304, 2, 279, 1003, 980, 16, 7.78%, 290, 0, 5, 5.41
1747802314, 2, 281, 1003, 980, 16, 7.78%, 290, 0, 5, 5.46
1747802319, 2, 282, 1003, 980, 16, 7.78%, 290, 0, 5, 5.96
1747802329, 2, 284, 1003, 980, 16, 7.78%, 290, 0, 5, 6.14
1747802340, 2, 285, 1003, 980, 16, 7.78%, 290, 0, 5, 6.49
1747802345, 2, 286, 1003, 980, 16, 7.78%, 290, 0, 5, 6.72
1747802355, 2, 287, 1003, 980, 16, 7.78%, 290, 0, 5, 5.66
1747802361, 2, 288, 1003, 980, 16, 7.78%, 290, 0, 5, 6.26
1747802371, 2, 289, 1003, 980, 16, 7.78%, 290, 0, 5, 5.43
1747802381, 2, 290, 1003, 980, 16, 7.78%, 290, 0, 5, 6.19
1747802392, 2, 291, 1003, 980, 16, 7.78%, 290, 0, 5, 6.23
1747802397, 2, 292, 1003, 980, 16, 7.78%, 290, 0, 5, 5.88
1747802407, 2, 294, 1003, 980, 16, 7.78%, 290, 0, 5, 6.52
1747802418, 2, 295, 1003, 980, 16, 7.78%, 290, 0, 5, 5.54
1747802423, 2, 296, 1003, 980, 16, 7.78%, 290, 0, 5, 7.31
1747802428, 2, 298, 1003, 980, 16, 7.78%, 290, 0, 5, 8.69
1747802433, 2, 299, 1003, 980, 16, 7.78%, 290, 0, 5, 9.00
1747802443, 2, 302, 1003, 980, 16, 7.78%, 290, 0, 5, 10.58
1747802453, 2, 303, 1003, 980, 16, 7.78%, 290, 0, 5, 9.44
1747802459, 2, 304, 1003, 980, 16, 7.78%, 290, 0, 5, 9.72
1747802464, 2, 305, 1003, 980, 16, 7.78%, 290, 0, 5, 9.47
1747802469, 2, 306, 1003, 980, 16, 7.78%, 290, 0, 5, 9.27
1747802474, 2, 308, 1003, 980, 16, 7.78%, 290, 0, 5, 9.71
1747802479, 2, 309, 1003, 980, 16, 7.78%, 290, 0, 5, 9.31
1747802484, 2, 310, 1003, 980, 16, 7.78%, 290, 0, 5, 9.36
1747802489, 2, 311, 1003, 980, 16, 7.78%, 290, 0, 5, 9.50
1747802494, 2, 312, 1003, 980, 16, 7.78%, 290, 0, 5, 9.63
1747802500, 2, 313, 1003, 980, 16, 7.78%, 290, 0, 5, 9.16
1747802505, 2, 315, 1003, 980, 16, 7.78%, 290, 0, 5, 9.11
1747802510, 2, 316, 1003, 980, 16, 7.78%, 290, 0, 5, 10.06
1747802515, 2, 317, 1003, 980, 16, 7.78%, 290, 0, 5, 9.49
1747802520, 2, 318, 1003, 980, 16, 7.78%, 290, 0, 5, 10.49
1747802525, 2, 319, 1003, 980, 16, 7.78%, 290, 0, 5, 9.77
1747802530, 2, 320, 1003, 980, 16, 7.78%, 290, 0, 5, 9.66
1747802535, 2, 321, 1003, 980, 16, 7.78%, 290, 0, 5, 9.50
1747802541, 2, 322, 1003, 980, 16, 7.78%, 290, 0, 5, 9.25
1747802546, 2, 323, 1003, 980, 16, 7.78%, 290, 0, 5, 9.40
1747802556, 2, 324, 1003, 980, 16, 7.78%, 290, 0, 5, 9.44
1747802561, 2, 325, 1003, 980, 16, 7.78%, 290, 0, 5, 9.57
1747802566, 2, 326, 1003, 980, 16, 7.78%, 290, 0, 5, 9.94
1747802571, 2, 327, 1003, 980, 16, 7.78%, 290, 0, 5, 10.43
1747802577, 2, 328, 1003, 980, 16, 7.78%, 290, 0, 5, 10.13
1747802582, 2, 329, 1003, 980, 16, 7.78%, 290, 0, 5, 8.59
1747802587, 2, 331, 1003, 980, 16, 7.78%, 290, 0, 5, 9.31
1747802592, 2, 332, 1003, 980, 16, 7.78%, 290, 0, 5, 9.21
1747802597, 2, 333, 1003, 980, 16, 7.78%, 290, 0, 5, 9.17
1747802602, 2, 334, 1003, 980, 16, 7.78%, 290, 0, 5, 9.83
1747802607, 2, 335, 1003, 980, 16, 7.78%, 290, 0, 5, 9.16
1747802612, 2, 336, 1003, 980, 16, 7.78%, 290, 0, 5, 9.37
1747802617, 2, 339, 1003, 980, 16, 7.78%, 290, 0, 5, 9.21
1747802622, 2, 340, 1003, 980, 16, 7.78%, 290, 0, 5, 9.40
1747802628, 2, 342, 1003, 980, 16, 7.78%, 290, 0, 5, 8.71
1747802638, 2, 344, 1003, 980, 16, 7.78%, 290, 0, 5, 8.72
1747802643, 2, 345, 1003, 980, 16, 7.78%, 290, 0, 5, 9.44
1747802648, 2, 346, 1003, 980, 16, 7.78%, 290, 0, 5, 9.66
1747802653, 2, 347, 1003, 980, 16, 7.78%, 290, 0, 5, 9.48
1747802659, 2, 348, 1003, 980, 16, 7.78%, 290, 0, 5, 9.38
1747802664, 2, 350, 1003, 980, 16, 7.78%, 290, 0, 5, 10.04
1747802669, 2, 351, 1003, 980, 16, 7.78%, 290, 0, 5, 9.74
1747802674, 2, 353, 1003, 980, 16, 7.78%, 290, 0, 5, 10.28
1747802679, 2, 356, 1003, 980, 16, 7.78%, 290, 0, 5, 8.82
1747802684, 2, 359, 1003, 980, 16, 7.78%, 290, 0, 5, 10.12
1747802689, 2, 360, 1003, 980, 16, 7.78%, 290, 0, 5, 9.69
1747802695, 2, 361, 1003, 980, 16, 7.78%, 290, 0, 5, 9.91
1747802700, 2, 362, 1003, 980, 16, 7.78%, 290, 0, 5, 9.51
1747802705, 2, 363, 1003, 980, 16, 7.78%, 290, 0, 5, 9.22
1747802710, 2, 364, 1003, 980, 16, 7.78%, 290, 0, 5, 10.24
1747802715, 2, 366, 1003, 980, 16, 7.78%, 290, 0, 5, 10.31
1747802721, 2, 368, 1003, 980, 16, 7.78%, 290, 0, 5, 10.78
1747802726, 2, 370, 1003, 980, 16, 7.78%, 290, 0, 5, 9.63
1747802731, 2, 371, 1003, 980, 16, 7.78%, 290, 0, 5, 9.79
1747802736, 2, 375, 1003, 980, 16, 7.78%, 290, 0, 5, 9.77
1747802741, 2, 377, 1003, 980, 16, 7.78%, 290, 0, 5, 10.07
1747802746, 2, 380, 1003, 980, 16, 7.78%, 290, 0, 5, 9.36
1747802751, 2, 381, 1003, 980, 16, 7.78%, 290, 0, 5, 9.21
1747802756, 2, 382, 1003, 980, 16, 7.78%, 290, 0, 5, 9.26
1747802761, 2, 384, 1003, 980, 16, 7.78%, 290, 0, 5, 9.10
1747802766, 2, 384, 1004, 981, 16, 7.78%, 290, 0, 5, 9.79
1747802777, 2, 385, 1004, 981, 16, 7.78%, 290, 0, 5, 10.00
1747802782, 2, 387, 1004, 981, 16, 7.78%, 290, 0, 5, 9.55
1747802787, 2, 388, 1004, 981, 16, 7.78%, 290, 0, 5, 9.46
1747802792, 2, 389, 1004, 981, 16, 7.78%, 290, 0, 5, 10.38
1747802797, 2, 390, 1004, 981, 16, 7.78%, 290, 0, 5, 9.67
1747802802, 2, 391, 1004, 981, 16, 7.78%, 290, 0, 5, 9.92
1747802808, 2, 392, 1004, 981, 16, 7.78%, 290, 0, 5, 10.14
1747802813, 2, 393, 1004, 981, 16, 7.78%, 290, 0, 5, 9.76
1747802818, 2, 394, 1004, 981, 16, 7.78%, 290, 0, 5, 10.29
1747802823, 2, 395, 1004, 981, 16, 7.78%, 290, 0, 5, 10.32
1747802828, 2, 396, 1004, 981, 16, 7.78%, 290, 0, 5, 9.63
1747802833, 2, 398, 1004, 981, 16, 7.78%, 290, 0, 5, 9.52
1747802839, 2, 399, 1004, 981, 16, 7.78%, 290, 0, 5, 9.09
1747802844, 2, 400, 1004, 981, 16, 7.78%, 290, 0, 5, 9.34
1747802849, 2, 401, 1004, 981, 16, 7.78%, 290, 0, 5, 10.06
1747802854, 2, 402, 1004, 981, 16, 7.78%, 290, 0, 5, 9.33
1747802859, 2, 403, 1004, 981, 16, 7.78%, 290, 0, 5, 9.43
1747802864, 2, 404, 1004, 981, 16, 7.78%, 290, 0, 5, 9.49
1747802869, 2, 405, 1004, 981, 16, 7.78%, 290, 0, 5, 10.19
1747802874, 2, 406, 1004, 981, 16, 7.78%, 290, 0, 5, 9.30
1747802880, 2, 407, 1004, 981, 16, 7.78%, 290, 0, 5, 10.30
1747802885, 2, 408, 1004, 981, 16, 7.78%, 290, 0, 5, 9.94
1747802890, 2, 409, 1004, 981, 16, 7.78%, 290, 0, 5, 9.56
1747802895, 2, 410, 1004, 981, 16, 7.78%, 290, 0, 5, 9.01
1747802900, 2, 411, 1004, 981, 16, 7.78%, 290, 0, 5, 9.75
1747802905, 2, 412, 1004, 981, 16, 7.78%, 290, 0, 5, 9.41
1747802916, 2, 414, 1004, 981, 16, 7.78%, 290, 0, 5, 8.86
1747802921, 2, 414, 1005, 982, 16, 7.78%, 290, 0, 5, 7.45
1747802926, 2, 415, 1005, 982, 16, 7.78%, 290, 0, 5, 8.10
1747802931, 2, 416, 1005, 982, 16, 7.78%, 290, 0, 5, 9.06
1747802942, 2, 417, 1005, 982, 16, 7.78%, 290, 0, 5, 8.53
1747802947, 2, 418, 1005, 982, 16, 7.78%, 290, 0, 5, 9.28
1747802952, 2, 419, 1005, 982, 16, 7.78%, 290, 0, 5, 9.82
1747802957, 2, 420, 1005, 982, 16, 7.78%, 290, 0, 5, 9.42
1747802962, 2, 423, 1005, 982, 16, 7.78%, 290, 0, 5, 9.17
1747802967, 2, 424, 1005, 982, 16, 7.78%, 290, 0, 5, 9.48
1747802973, 2, 425, 1005, 982, 16, 7.78%, 290, 0, 5, 9.78
1747802978, 2, 426, 1005, 982, 16, 7.78%, 290, 0, 5, 10.13
1747802983, 2, 430, 1005, 982, 16, 7.78%, 290, 0, 5, 9.47
1747802988, 2, 431, 1005, 982, 16, 7.78%, 290, 0, 5, 9.25
1747802993, 2, 433, 1005, 982, 16, 7.78%, 290, 0, 5, 10.48
1747802998, 2, 434, 1005, 982, 16, 7.78%, 290, 0, 5, 10.01
1747803003, 2, 435, 1005, 982, 16, 7.78%, 290, 0, 5, 9.39
1747803009, 2, 437, 1005, 982, 16, 7.78%, 290, 0, 5, 10.01
1747803014, 2, 439, 1005, 982, 16, 7.78%, 290, 0, 5, 9.96
1747803019, 2, 440, 1005, 982, 16, 7.78%, 290, 0, 5, 10.16
1747803024, 2, 441, 1005, 982, 16, 7.78%, 290, 0, 5, 8.78
1747803029, 2, 442, 1005, 982, 16, 7.78%, 290, 0, 5, 9.62
1747803034, 2, 443, 1005, 982, 16, 7.78%, 290, 0, 5, 10.53
1747803039, 2, 444, 1005, 982, 16, 7.78%, 290, 0, 5, 10.23
1747803049, 2, 446, 1005, 982, 16, 7.78%, 290, 0, 5, 9.86
1747803054, 2, 447, 1005, 982, 16, 7.78%, 290, 0, 5, 10.07
1747803059, 2, 448, 1005, 982, 16, 7.78%, 290, 0, 5, 9.96
1747803064, 2, 449, 1005, 982, 16, 7.78%, 290, 0, 5, 10.26
1747803070, 2, 452, 1005, 982, 16, 7.78%, 290, 0, 5, 10.62
1747803080, 2, 453, 1005, 982, 16, 7.78%, 290, 0, 5, 9.53
1747803085, 2, 455, 1005, 982, 16, 7.78%, 290, 0, 5, 10.10
1747803090, 2, 460, 1005, 982, 16, 7.78%, 290, 0, 5, 9.95
1747803095, 2, 461, 1005, 982, 16, 7.78%, 291, 0, 5, 9.11
1747803100, 2, 462, 1005, 982, 16, 7.78%, 291, 0, 5, 9.65
1747803105, 2, 464, 1005, 982, 16, 7.78%, 291, 0, 5, 9.19
1747803111, 2, 465, 1005, 982, 16, 7.78%, 291, 0, 5, 9.47
1747803116, 2, 466, 1005, 982, 16, 7.78%, 291, 0, 5, 10.34
1747803121, 2, 468, 1005, 982, 16, 7.78%, 291, 0, 5, 10.27
1747803126, 2, 469, 1005, 982, 16, 7.78%, 291, 0, 5, 10.50
1747803131, 2, 471, 1005, 982, 16, 7.78%, 291, 0, 5, 9.32
1747803136, 2, 472, 1005, 982, 16, 7.78%, 291, 0, 5, 9.77
1747803141, 2, 473, 1005, 982, 16, 7.78%, 291, 0, 5, 9.51
1747803146, 2, 474, 1005, 982, 16, 7.78%, 291, 0, 5, 9.79
1747803151, 2, 475, 1005, 982, 16, 7.78%, 291, 0, 5, 9.45
1747803157, 2, 476, 1005, 982, 16, 7.78%, 291, 0, 5, 9.93
1747803162, 2, 477, 1005, 982, 16, 7.78%, 291, 0, 5, 9.95
1747803167, 2, 478, 1005, 982, 16, 7.78%, 291, 0, 5, 9.74
1747803172, 2, 479, 1005, 982, 16, 7.78%, 291, 0, 5, 10.19
1747803177, 2, 480, 1005, 982, 16, 7.78%, 291, 0, 5, 10.09
1747803182, 2, 481, 1005, 982, 16, 7.78%, 291, 0, 5, 10.11
1747803188, 2, 483, 1005, 982, 16, 7.78%, 291, 0, 5, 10.16
1747803193, 2, 484, 1005, 982, 16, 7.78%, 291, 0, 5, 9.05
1747803198, 2, 485, 1005, 982, 16, 7.78%, 291, 0, 5, 9.72
1747803203, 2, 485, 1006, 983, 16, 7.78%, 291, 0, 5, 10.46
1747803208, 2, 486, 1006, 983, 16, 7.78%, 291, 0, 5, 10.52
1747803213, 2, 489, 1006, 983, 16, 7.78%, 291, 0, 5, 10.73
1747803218, 2, 490, 1006, 983, 16, 7.78%, 291, 0, 5, 10.15
1747803223, 2, 491, 1006, 983, 16, 7.78%, 291, 0, 5, 9.84
1747803228, 2, 492, 1006, 983, 16, 7.78%, 291, 0, 5, 10.36
1747803234, 2, 494, 1006, 983, 16, 7.78%, 291, 0, 5, 11.12
1747803239, 2, 495, 1006, 983, 16, 7.78%, 291, 0, 5, 9.98
1747803244, 2, 498, 1006, 983, 16, 7.78%, 291, 0, 5, 9.68
1747803254, 2, 501, 1006, 983, 16, 7.78%, 291, 0, 5, 9.62
1747803259, 2, 502, 1006, 983, 16, 7.78%, 291, 0, 5, 9.75
1747803264, 2, 503, 1006, 983, 16, 7.78%, 291, 0, 5, 8.79
1747803269, 2, 505, 1006, 983, 16, 7.78%, 291, 0, 5, 9.38
1747803274, 2, 506, 1006, 983, 16, 7.78%, 291, 0, 5, 10.16
1747803279, 2, 507, 1006, 983, 16, 7.78%, 291, 0, 5, 9.97
1747803284, 2, 508, 1006, 983, 16, 7.78%, 291, 0, 5, 9.35
1747803289, 2, 509, 1006, 983, 16, 7.78%, 291, 0, 5, 9.46
1747803294, 2, 510, 1006, 983, 16, 7.78%, 291, 0, 5, 10.18
1747803300, 2, 511, 1006, 983, 16, 7.78%, 291, 0, 5, 9.78
1747803305, 2, 513, 1006, 983, 16, 7.78%, 291, 0, 5, 9.81
1747803310, 2, 514, 1006, 983, 16, 7.78%, 291, 0, 5, 8.89
1747803315, 2, 515, 1006, 983, 16, 7.78%, 291, 0, 5, 9.74
1747803320, 2, 516, 1006, 983, 16, 7.78%, 291, 0, 5, 9.66
1747803325, 2, 517, 1006, 983, 16, 7.78%, 291, 0, 5, 9.70
1747803331, 2, 518, 1006, 983, 16, 7.78%, 291, 0, 5, 9.79
1747803336, 2, 519, 1006, 983, 16, 7.78%, 291, 0, 5, 9.96
1747803341, 2, 520, 1006, 983, 16, 7.78%, 291, 0, 5, 9.40
1747803346, 2, 521, 1006, 983, 16, 7.78%, 291, 0, 5, 8.95
1747803356, 2, 522, 1006, 983, 16, 7.78%, 291, 0, 5, 9.82
1747803361, 2, 523, 1006, 983, 16, 7.78%, 291, 0, 5, 9.83
1747803367, 2, 524, 1006, 983, 16, 7.78%, 291, 0, 5, 8.50
1747803372, 2, 525, 1006, 983, 16, 7.78%, 291, 0, 5, 9.30
1747803377, 2, 526, 1006, 983, 16, 7.78%, 291, 0, 5, 9.67
1747803382, 2, 527, 1006, 983, 16, 7.78%, 291, 0, 5, 9.78
1747803387, 2, 528, 1006, 983, 16, 7.78%, 291, 0, 5, 9.35
1747803392, 2, 529, 1006, 983, 16, 7.78%, 291, 0, 5, 9.49
1747803398, 2, 530, 1006, 983, 16, 7.78%, 291, 0, 5, 9.48
1747803403, 2, 532, 1006, 983, 16, 7.78%, 291, 0, 5, 10.04
1747803408, 2, 533, 1006, 983, 16, 7.78%, 291, 0, 5, 9.37
1747803413, 2, 534, 1006, 983, 16, 7.78%, 291, 0, 5, 9.02
1747803418, 2, 535, 1006, 983, 16, 7.78%, 291, 0, 5, 9.21
1747803424, 2, 536, 1006, 983, 16, 7.78%, 291, 0, 5, 9.93
1747803429, 2, 537, 1006, 983, 16, 7.78%, 291, 0, 5, 9.14
1747803434, 2, 539, 1006, 983, 16, 7.78%, 292, 0, 5, 8.86
1747803439, 2, 540, 1006, 983, 16, 7.78%, 292, 0, 5, 9.65
1747803444, 2, 541, 1006, 983, 16, 7.78%, 292, 0, 5, 9.39
1747803449, 2, 541, 1007, 984, 16, 7.78%, 292, 0, 5, 10.11
1747803459, 2, 542, 1007, 984, 16, 7.78%, 292, 0, 5, 9.81
1747803465, 2, 544, 1007, 984, 16, 7.78%, 292, 0, 5, 9.61
1747803470, 2, 545, 1007, 984, 16, 7.78%, 292, 0, 5, 10.18
1747803475, 2, 546, 1007, 984, 16, 7.78%, 292, 0, 5, 10.31
1747803480, 2, 547, 1007, 984, 16, 7.78%, 292, 0, 5, 10.36
1747803485, 2, 548, 1007, 984, 16, 7.78%, 292, 0, 5, 10.08
1747803490, 2, 552, 1007, 984, 16, 7.78%, 292, 0, 5, 9.38
1747803495, 2, 554, 1007, 984, 16, 7.78%, 292, 0, 5, 8.74
1747803500, 2, 555, 1007, 984, 16, 7.78%, 292, 0, 5, 8.89
1747803506, 2, 556, 1007, 984, 16, 7.78%, 292, 0, 5, 8.90
1747803511, 2, 557, 1007, 984, 16, 7.78%, 292, 0, 5, 9.89
1747803516, 2, 558, 1007, 984, 16, 7.78%, 292, 0, 5, 9.44
1747803521, 2, 560, 1007, 984, 16, 7.78%, 292, 0, 5, 9.57
1747803526, 2, 561, 1007, 984, 16, 7.78%, 292, 0, 5, 9.33
1747803531, 2, 562, 1007, 984, 16, 7.78%, 292, 0, 5, 10.14
1747803536, 2, 563, 1007, 984, 16, 7.78%, 292, 0, 5, 9.70
1747803541, 2, 564, 1007, 984, 16, 7.78%, 292, 0, 5, 10.15
1747803547, 2, 565, 1007, 984, 16, 7.78%, 292, 0, 5, 10.14
1747803552, 2, 566, 1007, 984, 16, 7.78%, 292, 0, 5, 10.74
1747803557, 2, 567, 1007, 984, 16, 7.78%, 292, 0, 5, 9.95
1747803562, 2, 568, 1007, 984, 16, 7.78%, 292, 0, 5, 9.57
1747803572, 2, 569, 1007, 984, 16, 7.78%, 292, 0, 5, 9.16
1747803578, 2, 570, 1007, 984, 16, 7.78%, 292, 0, 5, 8.72
1747803583, 2, 571, 1007, 984, 16, 7.78%, 292, 0, 5, 9.94
1747803588, 2, 572, 1007, 984, 16, 7.78%, 292, 0, 5, 9.06
1747803593, 2, 573, 1007, 984, 16, 7.78%, 292, 0, 5, 9.71
1747803598, 2, 574, 1007, 984, 16, 7.78%, 292, 0, 5, 9.78
1747803603, 2, 575, 1007, 984, 16, 7.78%, 292, 0, 5, 10.31
1747803608, 2, 577, 1007, 984, 16, 7.78%, 292, 0, 5, 9.67
1747803613, 2, 578, 1007, 984, 16, 7.78%, 292, 0, 5, 9.62
1747803618, 2, 580, 1007, 984, 16, 7.78%, 292, 0, 5, 10.63
1747803623, 2, 582, 1007, 984, 16, 7.78%, 292, 0, 5, 10.26
1747803629, 2, 583, 1007, 984, 16, 7.78%, 292, 0, 5, 9.90
1747803634, 2, 585, 1007, 984, 16, 7.78%, 292, 0, 5, 9.65
1747803639, 2, 586, 1007, 984, 16, 7.78%, 292, 0, 5, 10.56
1747803644, 2, 588, 1007, 984, 16, 7.78%, 292, 0, 5, 9.87
1747803649, 2, 590, 1007, 984, 16, 7.78%, 292, 0, 5, 10.47
1747803654, 2, 591, 1007, 984, 16, 7.78%, 292, 0, 5, 10.02
1747803659, 2, 592, 1007, 984, 16, 7.78%, 292, 0, 5, 10.02
1747803665, 2, 593, 1007, 984, 16, 7.78%, 292, 0, 5, 10.17
1747803670, 2, 594, 1007, 984, 16, 7.78%, 292, 0, 5, 9.61
1747803675, 2, 595, 1007, 984, 16, 7.78%, 292, 0, 5, 10.71
1747803680, 2, 596, 1007, 984, 16, 7.78%, 292, 0, 5, 10.50
1747803685, 2, 597, 1007, 984, 16, 7.78%, 292, 0, 5, 9.81
1747803690, 2, 598, 1007, 984, 16, 7.78%, 292, 0, 5, 9.68
1747803695, 2, 599, 1007, 984, 16, 7.78%, 292, 0, 5, 10.31
1747803700, 2, 600, 1007, 984, 16, 7.78%, 292, 0, 5, 9.82
1747803705, 2, 601, 1007, 984, 16, 7.78%, 292, 0, 5, 10.41
1747803710, 2, 603, 1007, 984, 16, 7.78%, 292, 0, 5, 10.32
1747803716, 2, 607, 1007, 984, 16, 7.78%, 292, 0, 5, 10.29
1747803721, 2, 608, 1007, 984, 16, 7.78%, 292, 0, 5, 9.54
1747803726, 2, 609, 1007, 984, 16, 7.78%, 292, 0, 5, 9.33
1747803731, 2, 610, 1007, 984, 16, 7.78%, 292, 0, 5, 9.23
1747803736, 2, 611, 1007, 984, 16, 7.78%, 292, 0, 5, 9.96
1747803741, 2, 612, 1007, 984, 16, 7.78%, 292, 0, 5, 9.73
1747803746, 2, 614, 1007, 984, 16, 7.78%, 292, 0, 5, 10.19
1747803751, 2, 615, 1007, 984, 16, 7.78%, 292, 0, 5, 9.95
1747803756, 2, 617, 1007, 984, 16, 7.78%, 292, 0, 5, 9.64
1747803762, 2, 619, 1007, 984, 16, 7.78%, 292, 0, 5, 9.73
1747803767, 2, 620, 1007, 984, 16, 7.78%, 292, 0, 5, 9.39
1747803772, 2, 621, 1007, 984, 16, 7.78%, 292, 0, 5, 9.59
1747803782, 2, 622, 1007, 984, 16, 7.78%, 292, 0, 5, 9.20
1747803787, 2, 623, 1007, 984, 16, 7.78%, 292, 0, 5, 9.89
1747803792, 2, 625, 1007, 984, 16, 7.78%, 292, 0, 5, 9.46
1747803797, 2, 627, 1007, 984, 16, 7.78%, 292, 0, 5, 9.67
1747803802, 2, 628, 1007, 984, 16, 7.78%, 292, 0, 5, 9.27
1747803808, 2, 629, 1007, 984, 16, 7.78%, 292, 0, 5, 9.79
1747803813, 2, 630, 1007, 984, 16, 7.78%, 292, 0, 5, 9.85
1747803818, 2, 631, 1007, 984, 16, 7.78%, 292, 0, 5, 9.08
1747803823, 2, 634, 1007, 984, 16, 7.78%, 292, 0, 5, 9.19
1747803828, 2, 635, 1007, 984, 16, 7.78%, 292, 0, 5, 10.04
1747803833, 2, 636, 1007, 984, 16, 7.78%, 292, 0, 5, 9.27
1747803839, 2, 637, 1007, 984, 16, 7.78%, 292, 0, 5, 10.15
1747803844, 2, 638, 1007, 984, 16, 7.78%, 292, 0, 5, 10.27
1747803849, 2, 640, 1007, 984, 16, 7.78%, 292, 0, 5, 10.38
1747803854, 2, 641, 1007, 984, 16, 7.78%, 292, 0, 5, 9.85
1747803859, 2, 642, 1007, 984, 16, 7.78%, 292, 0, 5, 9.61
1747803864, 2, 643, 1007, 984, 16, 7.78%, 292, 0, 5, 9.14
1747803869, 2, 644, 1007, 984, 16, 7.78%, 292, 0, 5, 9.92
1747803875, 2, 645, 1007, 984, 16, 7.78%, 292, 0, 5, 10.03
1747803880, 2, 646, 1007, 984, 16, 7.78%, 292, 0, 5, 9.04
1747803885, 2, 647, 1007, 984, 16, 7.78%, 292, 0, 5, 9.82
1747803890, 2, 648, 1007, 984, 16, 7.78%, 292, 0, 5, 9.01
1747803895, 2, 650, 1007, 984, 16, 7.78%, 292, 0, 5, 10.34
1747803900, 2, 651, 1007, 984, 16, 7.78%, 292, 0, 5, 9.68
1747803906, 2, 652, 1007, 984, 16, 7.78%, 292, 0, 5, 9.52
1747803911, 2, 653, 1007, 984, 16, 7.78%, 292, 0, 5, 9.53
1747803916, 2, 654, 1007, 984, 16, 7.78%, 292, 0, 5, 9.85
1747803921, 2, 655, 1007, 984, 16, 7.78%, 292, 0, 5, 9.68
1747803926, 2, 655, 1008, 985, 16, 7.78%, 292, 0, 5, 9.18
1747803936, 2, 657, 1008, 985, 16, 7.78%, 292, 0, 5, 10.14
1747803942, 2, 658, 1008, 985, 16, 7.78%, 292, 0, 5, 9.83
1747803947, 2, 659, 1008, 985, 16, 7.78%, 292, 0, 5, 10.22
1747803952, 2, 662, 1008, 985, 16, 7.78%, 292, 0, 5, 9.54
1747803957, 2, 663, 1008, 985, 16, 7.78%, 292, 0, 5, 9.90
1747803962, 2, 664, 1009, 986, 16, 7.78%, 292, 0, 5, 7.91
1747803977, 2, 666, 1009, 986, 16, 7.78%, 292, 0, 5, 9.79
1747803983, 2, 667, 1009, 986, 16, 7.78%, 292, 0, 5, 9.38
1747803988, 2, 667, 1010, 987, 16, 7.78%, 292, 0, 5, 8.88
1747803993, 2, 668, 1010, 987, 16, 7.78%, 292, 0, 5, 9.63
1747803998, 2, 670, 1010, 987, 16, 7.78%, 292, 0, 5, 9.69
1747804003, 2, 671, 1010, 987, 16, 7.78%, 292, 0, 5, 9.51
1747804008, 2, 673, 1010, 987, 16, 7.78%, 292, 0, 5, 9.53
1747804014, 2, 674, 1010, 987, 16, 7.78%, 292, 0, 5, 10.11
1747804019, 2, 675, 1010, 987, 16, 7.78%, 292, 0, 5, 10.16
1747804024, 2, 676, 1010, 987, 16, 7.78%, 292, 0, 5, 9.98
1747804029, 2, 677, 1010, 987, 16, 7.78%, 292, 0, 5, 9.98
1747804034, 2, 678, 1010, 987, 16, 7.78%, 292, 0, 5, 10.54
1747804039, 2, 679, 1010, 987, 16, 7.78%, 292, 0, 5, 10.08
1747804044, 2, 680, 1010, 987, 16, 7.78%, 292, 0, 5, 10.49
1747804050, 2, 681, 1010, 987, 16, 7.78%, 292, 0, 5, 10.37
1747804055, 2, 683, 1010, 987, 16, 7.78%, 292, 0, 5, 9.77
1747804060, 2, 685, 1010, 987, 16, 7.78%, 292, 0, 5, 10.09
1747804065, 2, 687, 1010, 987, 16, 7.78%, 292, 0, 5, 9.87
1747804070, 2, 688, 1010, 987, 16, 7.78%, 292, 0, 5, 9.44
1747804075, 2, 689, 1010, 987, 16, 7.78%, 292, 0, 5, 9.77
1747804081, 2, 690, 1010, 987, 16, 7.78%, 292, 0, 5, 9.88
1747804086, 2, 692, 1010, 987, 16, 7.78%, 292, 0, 5, 9.30
1747804091, 2, 693, 1010, 987, 16, 7.78%, 292, 0, 5, 9.88
1747804096, 2, 696, 1010, 987, 16, 7.78%, 292, 0, 5, 10.24
1747804101, 2, 697, 1010, 987, 16, 7.78%, 292, 0, 5, 10.05
1747804106, 2, 698, 1010, 987, 16, 7.78%, 292, 0, 5, 10.03
1747804111, 2, 699, 1010, 987, 16, 7.78%, 292, 0, 5, 9.63
1747804116, 2, 700, 1010, 987, 16, 7.78%, 292, 0, 5, 9.25
1747804122, 2, 701, 1010, 987, 16, 7.78%, 292, 0, 5, 8.96
1747804127, 2, 702, 1010, 987, 16, 7.78%, 292, 0, 5, 10.34
1747804132, 2, 703, 1010, 987, 16, 7.78%, 292, 0, 5, 9.33
1747804137, 2, 704, 1010, 987, 16, 7.78%, 292, 0, 5, 9.84
1747804142, 2, 705, 1010, 987, 16, 7.78%, 292, 0, 5, 10.02
1747804147, 2, 706, 1010, 987, 16, 7.78%, 292, 0, 5, 9.99
1747804158, 2, 708, 1010, 987, 16, 7.78%, 292, 0, 5, 10.61
1747804163, 2, 709, 1010, 987, 16, 7.78%, 292, 0, 5, 9.84
1747804168, 2, 710, 1010, 987, 16, 7.78%, 292, 0, 5, 10.11
1747804173, 2, 712, 1010, 987, 16, 7.78%, 292, 0, 5, 10.43
1747804178, 2, 713, 1010, 987, 16, 7.78%, 292, 0, 5, 10.23
1747804189, 2, 715, 1010, 987, 16, 7.78%, 292, 0, 5, 10.31
1747804199, 2, 716, 1011, 988, 16, 7.78%, 292, 0, 5, 7.79
1747804209, 2, 719, 1011, 988, 16, 7.78%, 292, 0, 5, 10.01
1747804214, 2, 720, 1011, 988, 16, 7.78%, 292, 0, 5, 10.71
1747804219, 2, 721, 1011, 988, 16, 7.78%, 292, 0, 5, 10.08
1747804225, 2, 722, 1011, 988, 16, 7.78%, 292, 0, 5, 9.35
1747804230, 2, 723, 1011, 988, 16, 7.78%, 292, 0, 5, 9.93
1747804235, 2, 724, 1011, 988, 16, 7.78%, 292, 0, 5, 9.83
1747804240, 2, 726, 1011, 988, 16, 7.78%, 292, 0, 5, 10.23
1747804245, 2, 727, 1011, 988, 16, 7.78%, 292, 0, 5, 10.15
1747804250, 2, 728, 1011, 988, 16, 7.78%, 292, 0, 5, 9.89
1747804255, 2, 729, 1011, 988, 16, 7.78%, 292, 0, 5, 10.04
1747804261, 2, 730, 1011, 988, 16, 7.78%, 292, 0, 5, 10.52
1747804266, 2, 731, 1011, 988, 16, 7.78%, 292, 0, 5, 9.92
1747804271, 2, 732, 1011, 988, 16, 7.78%, 292, 0, 5, 10.53
1747804276, 2, 733, 1011, 988, 16, 7.78%, 292, 0, 5, 10.71
1747804281, 2, 734, 1011, 988, 16, 7.78%, 292, 0, 5, 9.83
1747804286, 2, 735, 1011, 988, 16, 7.78%, 293, 0, 5, 10.12
1747804291, 2, 736, 1011, 988, 16, 7.78%, 293, 0, 5, 9.84
1747804296, 2, 738, 1011, 988, 16, 7.78%, 293, 0, 5, 10.64
1747804301, 2, 739, 1011, 988, 16, 7.78%, 293, 0, 5, 10.79
1747804306, 2, 740, 1011, 988, 16, 7.78%, 293, 0, 5, 9.78
1747804311, 2, 741, 1011, 988, 16, 7.78%, 293, 0, 5, 10.12
1747804317, 2, 742, 1011, 988, 16, 7.78%, 293, 0, 5, 9.80
1747804322, 2, 743, 1011, 988, 16, 7.78%, 293, 0, 5, 9.72
1747804327, 2, 744, 1011, 988, 16, 7.78%, 293, 0, 5, 10.50
1747804332, 2, 745, 1011, 988, 16, 7.78%, 293, 0, 5, 9.95
1747804337, 2, 746, 1012, 989, 16, 7.78%, 293, 0, 5, 9.34
1747804347, 2, 748, 1012, 989, 16, 7.78%, 293, 0, 5, 9.72
1747804358, 2, 749, 1012, 989, 16, 7.78%, 293, 0, 5, 10.26
1747804394, 2, 749, 1013, 990, 16, 7.78%, 293, 0, 5, 8.49
1747804584, 2, 749, 1014, 991, 16, 7.78%, 293, 0, 5, 7.81
1747804646, 2, 749, 1015, 992, 16, 7.78%, 293, 0, 5, 8.19
1747804661, 2, 749, 1016, 993, 16, 7.78%, 293, 0, 5, 5.82
1747804687, 2, 750, 1016, 992, 16, 7.78%, 293, 0, 5, 6.91
1747804697, 2, 752, 1016, 992, 16, 7.78%, 293, 0, 5, 6.76
1747804702, 2, 754, 1016, 992, 16, 7.78%, 293, 0, 5, 6.38
1747804713, 2, 755, 1016, 992, 16, 7.78%, 293, 0, 5, 6.31
1747804723, 2, 757, 1016, 992, 16, 7.78%, 293, 0, 5, 5.97
1747804728, 2, 758, 1016, 992, 16, 7.78%, 293, 0, 5, 6.58
1747804738, 2, 759, 1016, 992, 16, 7.78%, 293, 0, 5, 6.39
1747804749, 2, 760, 1016, 992, 16, 7.78%, 293, 0, 5, 5.99
1747804754, 2, 762, 1016, 992, 16, 7.78%, 293, 0, 5, 6.13
1747804764, 2, 764, 1016, 992, 16, 7.78%, 293, 0, 5, 5.74
1747804775, 2, 766, 1016, 992, 16, 7.78%, 293, 0, 5, 5.73
1747804780, 2, 767, 1016, 992, 16, 7.78%, 293, 0, 5, 5.74
1747804790, 2, 768, 1016, 992, 16, 7.78%, 293, 0, 5, 5.81
1747804800, 2, 769, 1016, 992, 16, 7.78%, 293, 0, 5, 6.08
1747804811, 2, 770, 1016, 992, 16, 7.78%, 293, 0, 5, 5.47
1747804816, 2, 770, 1017, 993, 16, 7.78%, 293, 0, 5, 4.24
1747804831, 2, 771, 1017, 993, 16, 7.78%, 293, 0, 5, 5.85
1747804836, 2, 772, 1017, 993, 16, 7.78%, 293, 0, 5, 6.17
1747804847, 2, 773, 1017, 993, 16, 7.78%, 293, 0, 5, 6.54
1747804857, 2, 775, 1017, 993, 16, 7.78%, 293, 0, 5, 5.98
1747804862, 2, 776, 1017, 993, 16, 7.78%, 293, 0, 5, 6.59
1747804872, 2, 777, 1017, 993, 16, 7.78%, 293, 0, 5, 5.99
1747804882, 2, 778, 1017, 993, 16, 7.78%, 293, 0, 5, 5.71
1747804893, 2, 779, 1017, 993, 16, 7.78%, 293, 0, 5, 5.99
1747804903, 2, 781, 1017, 993, 16, 7.78%, 293, 0, 5, 6.18
1747804913, 2, 783, 1017, 993, 16, 7.78%, 293, 0, 5, 5.99
1747804919, 2, 785, 1017, 993, 16, 7.78%, 293, 0, 5, 6.01
1747804929, 2, 786, 1017, 993, 16, 7.78%, 293, 0, 5, 6.03
1747804934, 2, 787, 1017, 993, 16, 7.78%, 293, 0, 5, 6.40
1747804945, 2, 788, 1017, 993, 16, 7.78%, 293, 0, 5, 6.36
1747804955, 2, 790, 1017, 993, 16, 7.78%, 293, 0, 5, 6.34
1747804960, 2, 791, 1017, 993, 16, 7.78%, 293, 0, 5, 6.40
1747804970, 2, 792, 1017, 993, 16, 7.78%, 293, 0, 5, 5.99
1747804981, 2, 793, 1017, 993, 16, 7.78%, 293, 0, 5, 6.17
1747804986, 2, 794, 1017, 993, 16, 7.78%, 293, 0, 5, 5.97
1747804996, 2, 796, 1017, 993, 16, 7.78%, 293, 0, 5, 6.30
1747805006, 2, 797, 1017, 993, 16, 7.78%, 293, 0, 5, 5.89
1747805012, 2, 798, 1017, 993, 16, 7.78%, 293, 0, 5, 5.47
1747805022, 2, 799, 1017, 993, 16, 7.78%, 293, 0, 5, 5.42
1747805032, 2, 800, 1017, 993, 16, 7.78%, 293, 0, 5, 5.88
1747805043, 2, 801, 1018, 994, 16, 7.78%, 293, 0, 5, 4.88
1747805063, 2, 802, 1018, 994, 16, 7.78%, 293, 0, 5, 5.93
1747805069, 2, 803, 1018, 994, 16, 7.78%, 293, 0, 5, 5.80
1747805079, 2, 804, 1018, 994, 16, 7.78%, 293, 0, 5, 5.58
1747805089, 2, 806, 1018, 994, 16, 7.78%, 293, 0, 5, 6.14
1747805095, 2, 807, 1018, 994, 16, 7.78%, 293, 0, 5, 6.47
1747805105, 2, 809, 1018, 994, 16, 7.78%, 293, 0, 5, 5.72
1747805116, 2, 810, 1018, 994, 16, 7.78%, 293, 0, 5, 6.07
1747805121, 2, 811, 1018, 994, 16, 7.78%, 293, 0, 5, 6.17
1747805131, 2, 812, 1018, 994, 16, 7.78%, 293, 0, 5, 6.11
1747805142, 2, 816, 1018, 994, 16, 7.78%, 293, 0, 5, 5.59
1747805152, 2, 820, 1018, 994, 16, 7.78%, 293, 0, 5, 5.87
1747805158, 2, 821, 1018, 994, 16, 7.78%, 293, 0, 5, 5.74
1747805168, 2, 822, 1018, 994, 16, 7.78%, 293, 0, 5, 6.25
1747805173, 2, 823, 1018, 994, 16, 7.78%, 293, 0, 5, 6.37
1747805184, 2, 824, 1018, 994, 16, 7.78%, 293, 0, 5, 6.37
1747805194, 2, 826, 1018, 994, 16, 7.78%, 293, 0, 5, 5.96
1747805200, 2, 827, 1018, 994, 16, 7.78%, 293, 0, 5, 6.23
1747805210, 2, 829, 1018, 994, 16, 7.78%, 293, 0, 5, 6.31
1747805220, 2, 830, 1018, 994, 16, 7.78%, 293, 0, 5, 5.57
1747805226, 2, 831, 1018, 994, 16, 7.78%, 293, 0, 5, 5.61
1747805236, 2, 833, 1018, 994, 16, 7.78%, 293, 0, 5, 6.01
1747805246, 2, 834, 1018, 994, 16, 7.78%, 293, 0, 5, 5.66
1747805257, 2, 835, 1018, 994, 16, 7.78%, 293, 0, 5, 5.62
1747805262, 2, 836, 1018, 994, 16, 7.78%, 293, 0, 5, 6.20
1747805272, 2, 837, 1018, 994, 16, 7.78%, 293, 0, 5, 5.50
1747805282, 2, 838, 1018, 994, 16, 7.78%, 293, 0, 5, 6.76
1747805287, 2, 839, 1018, 994, 16, 7.78%, 293, 0, 5, 6.40
1747805298, 2, 840, 1018, 994, 16, 7.78%, 293, 0, 5, 6.55
1747805308, 2, 841, 1018, 994, 16, 7.78%, 293, 0, 5, 6.59
1747805313, 2, 842, 1018, 994, 16, 7.78%, 293, 0, 5, 6.59
1747805323, 2, 844, 1018, 994, 16, 7.78%, 293, 0, 5, 6.11
1747805334, 2, 847, 1018, 994, 16, 7.78%, 293, 0, 5, 6.19
1747805344, 2, 848, 1018, 994, 16, 7.78%, 293, 0, 5, 6.13
1747805349, 2, 849, 1018, 994, 16, 7.78%, 293, 0, 5, 6.26
1747805359, 2, 850, 1018, 994, 16, 7.78%, 293, 0, 5, 6.01
1747805370, 2, 852, 1018, 994, 16, 7.78%, 293, 0, 5, 5.77
1747805380, 2, 853, 1018, 994, 16, 7.78%, 293, 0, 5, 5.87
1747805385, 2, 855, 1018, 994, 16, 7.78%, 293, 0, 5, 5.70
1747805395, 2, 856, 1018, 994, 16, 7.78%, 293, 0, 5, 6.51
1747805406, 2, 858, 1018, 994, 16, 7.78%, 293, 0, 5, 7.04
1747805411, 2, 861, 1018, 994, 16, 7.78%, 293, 0, 5, 6.45
1747805421, 2, 862, 1018, 994, 16, 7.78%, 293, 0, 5, 6.69
1747805427, 2, 863, 1018, 994, 16, 7.78%, 293, 0, 5, 6.45
1747805437, 2, 866, 1018, 994, 16, 7.78%, 293, 0, 5, 6.08
1747805447, 2, 867, 1018, 994, 16, 7.78%, 293, 0, 5, 5.66
1747805452, 2, 868, 1018, 994, 16, 7.78%, 293, 0, 5, 5.79
1747805462, 2, 869, 1018, 994, 16, 7.78%, 293, 0, 5, 6.10
1747805472, 2, 870, 1018, 994, 16, 7.78%, 293, 0, 5, 5.65
1747805483, 2, 871, 1018, 994, 16, 7.78%, 293, 0, 5, 5.88
1747805488, 2, 872, 1018, 994, 16, 7.78%, 293, 0, 5, 6.34
1747805498, 2, 874, 1018, 994, 16, 7.78%, 293, 0, 5, 6.37
1747805504, 2, 876, 1018, 994, 16, 7.78%, 293, 0, 5, 6.36
1747805514, 2, 877, 1018, 994, 16, 7.78%, 293, 0, 5, 5.71
1747805525, 2, 880, 1018, 994, 16, 7.78%, 293, 0, 5, 5.39
1747805535, 2, 881, 1018, 994, 16, 7.78%, 293, 0, 5, 6.05
1747805541, 2, 882, 1018, 994, 16, 7.78%, 293, 0, 5, 6.09
1747805551, 2, 883, 1018, 994, 16, 7.78%, 293, 0, 5, 5.20
1747805561, 2, 884, 1018, 994, 16, 7.78%, 293, 0, 5, 6.01
1747805572, 2, 885, 1018, 994, 16, 7.78%, 293, 0, 5, 5.77
1747805582, 2, 886, 1018, 994, 16, 7.78%, 293, 0, 5, 5.82
1747805587, 2, 887, 1018, 994, 16, 7.78%, 293, 0, 5, 5.88
1747805597, 2, 888, 1018, 994, 16, 7.78%, 293, 0, 5, 6.01
1747805608, 2, 889, 1018, 994, 16, 7.78%, 293, 0, 5, 5.61
1747805613, 2, 890, 1018, 994, 16, 7.78%, 293, 0, 5, 6.04
1747805623, 2, 892, 1018, 994, 16, 7.78%, 293, 0, 5, 5.65
1747805633, 2, 893, 1018, 994, 16, 7.78%, 293, 0, 5, 5.86
1747805643, 2, 894, 1018, 994, 16, 7.78%, 293, 0, 5, 6.36
1747805648, 2, 895, 1018, 994, 16, 7.78%, 293, 0, 5, 6.25
1747805659, 2, 896, 1018, 994, 16, 7.78%, 293, 0, 5, 6.22
1747805669, 2, 897, 1018, 994, 16, 7.78%, 293, 0, 5, 5.92
1747805674, 2, 899, 1018, 994, 16, 7.78%, 293, 0, 5, 5.98
1747805684, 2, 900, 1018, 994, 16, 7.78%, 293, 0, 5, 6.22
1747805695, 2, 901, 1018, 994, 16, 7.78%, 293, 0, 5, 6.12
1747805700, 2, 902, 1018, 994, 16, 7.78%, 293, 0, 5, 6.28
1747805710, 2, 903, 1018, 994, 16, 7.78%, 293, 0, 5, 6.09
1747805721, 2, 904, 1018, 994, 16, 7.78%, 293, 0, 5, 6.10
1747805726, 2, 905, 1018, 994, 16, 7.78%, 293, 0, 5, 6.30
1747805736, 2, 906, 1018, 994, 16, 7.78%, 293, 0, 5, 6.01
1747805746, 2, 907, 1018, 994, 16, 7.78%, 293, 0, 5, 6.01
1747805757, 2, 908, 1018, 994, 16, 7.78%, 293, 0, 5, 5.50
1747805762, 2, 909, 1018, 994, 16, 7.78%, 293, 0, 5, 5.51
1747805772, 2, 911, 1018, 994, 16, 7.78%, 293, 0, 5, 5.62
1747805783, 2, 912, 1018, 994, 16, 7.78%, 293, 0, 5, 5.96
1747805793, 2, 913, 1018, 994, 16, 7.78%, 293, 0, 5, 6.44
1747805891, 2, 913, 1019, 995, 16, 7.78%, 293, 0, 5, 2.55
1747806705, 2, 913, 1019, 995, 16, 7.78%, 294, 0, 5, 2.48
1747806757, 2, 913, 1020, 996, 16, 7.78%, 294, 0, 5, 2.61
1747806762, 2, 913, 1021, 997, 16, 7.78%, 294, 0, 5, 2.62
1747807914, 2, 914, 1021, 996, 15, 7.78%, 294, 0, 5, 6.05
1747807925, 2, 915, 1021, 996, 15, 7.78%, 294, 0, 5, 6.17
1747807930, 2, 916, 1021, 996, 15, 7.78%, 294, 0, 5, 6.11
1747807940, 2, 917, 1021, 996, 15, 7.78%, 294, 0, 5, 5.64
1747807951, 2, 919, 1021, 996, 15, 7.78%, 294, 0, 5, 6.36
1747807956, 2, 921, 1021, 996, 15, 7.78%, 294, 0, 5, 5.66
1747807966, 2, 923, 1021, 996, 15, 7.78%, 294, 0, 5, 6.23
1747807976, 2, 924, 1021, 996, 15, 7.78%, 294, 0, 5, 6.22
1747807982, 2, 926, 1021, 996, 15, 7.78%, 294, 0, 5, 6.20
1747807992, 2, 927, 1021, 996, 15, 7.78%, 294, 0, 5, 5.56
1747808002, 2, 928, 1021, 996, 15, 7.78%, 294, 0, 5, 6.52
1747808007, 2, 929, 1021, 996, 15, 7.78%, 294, 0, 5, 6.01
1747808018, 2, 930, 1021, 996, 15, 7.78%, 294, 0, 5, 6.13
1747808028, 2, 932, 1021, 996, 15, 7.78%, 294, 0, 5, 6.36
1747808038, 2, 933, 1021, 996, 15, 7.78%, 294, 0, 5, 5.91
1747808049, 2, 934, 1021, 996, 15, 7.78%, 294, 0, 5, 5.82
1747808054, 2, 935, 1021, 996, 15, 7.78%, 294, 0, 5, 5.93
1747808064, 2, 936, 1021, 996, 15, 7.78%, 294, 0, 5, 4.95
1747808326, 2, 936, 1022, 997, 15, 7.78%, 294, 0, 5, 2.05
1747808363, 2, 936, 1022, 997, 15, 7.78%, 295, 0, 5, 4.89
1747808368, 2, 936, 1024, 999, 15, 7.78%, 295, 0, 5, 3.69
1747808379, 2, 936, 1025, 1000, 15, 7.78%, 295, 0, 5, 4.22
1747809374, 2, 936, 1025, 1000, 15, 7.78%, 296, 0, 5, 4.44
1747809700, 2, 936, 1025, 1000, 15, 7.78%, 297, 0, 5, 3.23
1747809716, 2, 936, 1025, 1000, 15, 7.78%, 298, 0, 5, 3.27
1747809731, 2, 936, 1025, 1000, 15, 7.78%, 299, 0, 5, 3.26
1747809737, 2, 936, 1025, 1000, 15, 7.78%, 300, 0, 5, 3.08
1747809804, 2, 938, 1025, 999, 14, 7.78%, 300, 0, 5, 8.97
1747809809, 2, 939, 1025, 999, 14, 7.78%, 300, 0, 5, 9.14
1747809814, 2, 940, 1025, 999, 14, 7.78%, 300, 0, 5, 10.01
1747809819, 2, 941, 1025, 999, 14, 7.78%, 300, 0, 5, 9.68
1747809824, 2, 943, 1025, 999, 14, 7.78%, 300, 0, 5, 10.06
1747809829, 2, 944, 1025, 999, 14, 7.78%, 300, 0, 5, 10.07
1747809834, 2, 945, 1025, 999, 14, 7.78%, 300, 0, 5, 10.08
1747809839, 2, 946, 1025, 999, 14, 7.78%, 300, 0, 5, 9.57
1747809845, 2, 947, 1025, 999, 14, 7.78%, 300, 0, 5, 10.69
1747809850, 2, 948, 1025, 999, 14, 7.78%, 300, 0, 5, 10.16
1747809855, 2, 949, 1025, 999, 14, 7.78%, 300, 0, 5, 10.07
1747809860, 2, 951, 1025, 999, 14, 7.78%, 300, 0, 5, 9.37
1747809865, 2, 952, 1025, 999, 14, 7.78%, 300, 0, 5, 10.09
1747809870, 2, 953, 1025, 999, 14, 7.78%, 300, 0, 5, 10.90
1747809875, 2, 954, 1025, 999, 14, 7.78%, 300, 0, 5, 9.93
1747809880, 2, 956, 1025, 999, 14, 7.78%, 300, 0, 5, 9.60
1747809886, 2, 957, 1025, 999, 14, 7.78%, 300, 0, 5, 9.69
1747809891, 2, 959, 1025, 999, 14, 7.78%, 300, 0, 5, 10.28
1747809896, 2, 960, 1025, 999, 14, 7.78%, 300, 0, 5, 10.41
1747809901, 2, 962, 1025, 999, 14, 7.78%, 300, 0, 5, 9.54
1747809906, 2, 963, 1026, 1000, 14, 7.78%, 300, 0, 5, 8.81
1747809916, 2, 964, 1026, 1000, 14, 7.78%, 300, 0, 5, 9.31
1747809921, 2, 967, 1026, 1000, 14, 7.78%, 300, 0, 5, 9.71
1747809926, 2, 968, 1026, 1000, 14, 7.78%, 300, 0, 5, 9.82
1747809937, 2, 969, 1026, 1000, 14, 7.78%, 300, 0, 5, 9.64
1747809942, 2, 971, 1026, 1000, 14, 7.78%, 300, 0, 5, 9.79
1747809947, 2, 972, 1026, 1000, 14, 7.78%, 300, 0, 5, 9.82
1747809952, 2, 973, 1026, 1000, 14, 7.78%, 300, 0, 5, 9.72
1747809957, 2, 974, 1026, 1000, 14, 7.78%, 300, 0, 5, 8.65
1747809962, 2, 976, 1026, 1000, 14, 7.78%, 300, 0, 5, 9.36
1747809968, 2, 977, 1026, 1000, 14, 7.78%, 300, 0, 5, 9.24
1747809973, 2, 979, 1026, 1000, 14, 7.78%, 300, 0, 5, 9.83
1747809978, 2, 980, 1026, 1000, 14, 7.78%, 300, 0, 5, 9.79
1747809983, 2, 981, 1026, 1000, 14, 7.78%, 300, 0, 5, 9.11
1747809988, 2, 982, 1026, 1000, 14, 7.78%, 300, 0, 5, 10.57
1747809993, 2, 983, 1026, 1000, 14, 7.78%, 300, 0, 5, 9.91
1747809998, 2, 984, 1026, 1000, 14, 7.78%, 300, 0, 5, 9.86
1747810004, 2, 985, 1026, 1000, 14, 7.78%, 300, 0, 5, 9.85
1747810009, 2, 986, 1026, 1000, 14, 7.78%, 300, 0, 5, 9.27
1747810014, 2, 987, 1026, 1000, 14, 7.78%, 300, 0, 5, 9.30
1747810019, 2, 988, 1026, 1000, 14, 7.78%, 300, 0, 5, 10.04
1747810024, 2, 989, 1026, 1000, 14, 7.78%, 300, 0, 5, 10.15
1747810029, 2, 990, 1026, 1000, 14, 7.78%, 300, 0, 5, 10.20
1747810035, 2, 991, 1026, 1000, 14, 7.78%, 300, 0, 5, 9.48
1747810040, 2, 993, 1026, 1000, 14, 7.78%, 300, 0, 5, 9.37
1747810045, 2, 994, 1026, 1000, 14, 7.78%, 300, 0, 5, 9.39
1747810050, 2, 995, 1026, 1000, 14, 7.78%, 300, 0, 5, 10.11
1747810055, 2, 996, 1026, 1000, 14, 7.78%, 300, 0, 5, 9.33
1747810060, 2, 997, 1026, 1000, 14, 7.78%, 300, 0, 5, 9.99
1747810065, 2, 998, 1026, 1000, 14, 7.78%, 300, 0, 5, 10.05
1747810071, 2, 999, 1026, 1000, 14, 7.78%, 300, 0, 5, 10.04
1747810076, 2, 1000, 1026, 1000, 14, 7.78%, 300, 0, 5, 8.97
1747810081, 2, 1001, 1026, 1000, 14, 7.78%, 300, 0, 5, 9.13
1747810091, 2, 1004, 1026, 1000, 14, 7.78%, 300, 0, 5, 10.31
1747810096, 2, 1005, 1026, 1000, 14, 7.78%, 300, 0, 5, 10.26
1747810101, 2, 1007, 1026, 1000, 14, 7.78%, 300, 0, 5, 10.57
1747810107, 2, 1008, 1026, 1000, 14, 7.78%, 300, 0, 5, 9.71
1747810117, 2, 1009, 1026, 1000, 14, 7.78%, 300, 0, 5, 9.88
1747810122, 2, 1011, 1026, 1000, 14, 7.78%, 301, 0, 5, 9.90
1747810127, 2, 1013, 1026, 1000, 14, 7.78%, 301, 0, 5, 10.65
1747810152, 2, 1013, 1027, 1001, 14, 7.78%, 301, 0, 5, 8.06
1747810569, 2, 1014, 1027, 1000, 13, 7.78%, 301, 0, 5, 6.89
1747810574, 2, 1015, 1027, 1000, 13, 7.78%, 301, 0, 5, 6.30
1747810584, 2, 1016, 1027, 1000, 13, 7.78%, 301, 0, 5, 6.12
1747810595, 2, 1017, 1027, 1000, 13, 7.78%, 301, 0, 5, 5.67
1747810600, 2, 1018, 1027, 1000, 13, 7.78%, 301, 0, 5, 6.29
1747810610, 2, 1023, 1027, 1000, 13, 7.78%, 301, 0, 5, 5.89
1747810620, 2, 1024, 1027, 1000, 13, 7.78%, 301, 0, 5, 5.75
1747810631, 2, 1025, 1027, 1000, 13, 7.78%, 301, 0, 5, 5.44
1747810636, 2, 1026, 1027, 1000, 13, 7.78%, 301, 0, 5, 6.20
1747810646, 3, 1, 1027, 1000, 13, 7.78%, 301, 0, 5, 6.51
1747810651, 3, 2, 1027, 1000, 13, 7.78%, 301, 0, 5, 6.44
1747810662, 3, 3, 1027, 1000, 13, 7.78%, 301, 0, 5, 6.24
1747810673, 3, 4, 1027, 1000, 13, 7.78%, 301, 0, 5, 26.99
1747810688, 3, 4, 1028, 1001, 13, 7.78%, 301, 0, 5, 11.60
1747810708, 3, 4, 1029, 1002, 13, 7.78%, 301, 0, 5, 9.63
1747810822, 3, 4, 1030, 1003, 13, 7.78%, 301, 0, 5, 8.84
1747810960, 3, 4, 1031, 1004, 13, 7.78%, 301, 0, 5, 11.80
1747811119, 3, 5, 1031, 1003, 13, 7.78%, 301, 0, 5, 8.55
1747811129, 3, 6, 1031, 1003, 13, 7.78%, 301, 0, 5, 5.99
1747811135, 3, 8, 1031, 1003, 13, 7.78%, 301, 0, 5, 5.88
1747811145, 3, 9, 1031, 1003, 13, 7.78%, 301, 0, 5, 5.83
1747811155, 3, 10, 1031, 1003, 13, 7.78%, 301, 0, 5, 5.74
1747811166, 3, 11, 1031, 1003, 13, 7.78%, 301, 0, 5, 6.23
1747811171, 3, 12, 1031, 1003, 13, 7.78%, 301, 0, 5, 5.76
1747811182, 3, 14, 1031, 1003, 13, 7.78%, 301, 0, 5, 6.41
1747811192, 3, 15, 1031, 1003, 13, 7.78%, 301, 0, 5, 5.95
1747811197, 3, 16, 1031, 1003, 13, 7.78%, 301, 0, 5, 6.10
1747811208, 3, 18, 1031, 1003, 13, 7.78%, 301, 0, 5, 6.53
1747811218, 3, 19, 1031, 1003, 13, 7.78%, 301, 0, 5, 5.58
1747811228, 3, 20, 1031, 1003, 13, 7.78%, 301, 0, 5, 5.04
1747811238, 3, 21, 1031, 1003, 13, 7.78%, 301, 0, 5, 5.86
1747811243, 3, 22, 1031, 1003, 13, 7.78%, 301, 0, 5, 5.94
1747811254, 3, 23, 1031, 1003, 13, 7.78%, 301, 0, 5, 6.14
1747811265, 3, 24, 1031, 1003, 13, 7.78%, 301, 0, 5, 5.55
1747811270, 3, 26, 1031, 1003, 13, 7.78%, 301, 0, 5, 6.17
1747811280, 3, 27, 1031, 1003, 13, 7.78%, 301, 0, 5, 6.06
1747811290, 3, 28, 1031, 1003, 13, 7.78%, 301, 0, 5, 5.74
1747811301, 3, 29, 1031, 1003, 13, 7.78%, 301, 0, 5, 5.67
1747811306, 3, 30, 1031, 1003, 13, 7.78%, 301, 0, 5, 5.72
1747811316, 3, 31, 1031, 1003, 13, 7.78%, 301, 0, 5, 5.76
1747811326, 3, 32, 1031, 1003, 13, 7.78%, 301, 0, 5, 5.61
1747811337, 3, 34, 1031, 1003, 13, 7.78%, 301, 0, 5, 5.90
1747811347, 3, 35, 1031, 1003, 13, 7.78%, 301, 0, 5, 5.91
1747811352, 3, 36, 1031, 1003, 13, 7.78%, 301, 0, 5, 6.20
1747811362, 3, 37, 1031, 1003, 13, 7.78%, 301, 0, 5, 6.14
1747811373, 3, 38, 1031, 1003, 13, 7.78%, 301, 0, 5, 6.03
1747811378, 3, 39, 1031, 1003, 13, 7.78%, 301, 0, 5, 5.67
1747811388, 3, 40, 1031, 1003, 13, 7.78%, 301, 0, 5, 5.56
1747811399, 3, 41, 1031, 1003, 13, 7.78%, 301, 0, 5, 6.13
1747811404, 3, 42, 1031, 1003, 13, 7.78%, 301, 0, 5, 6.21
1747811414, 3, 43, 1031, 1003, 13, 7.78%, 301, 0, 5, 6.07
1747811425, 3, 44, 1031, 1003, 13, 7.78%, 301, 0, 5, 5.79
1747811435, 3, 45, 1031, 1003, 13, 7.78%, 301, 0, 5, 5.92
1747811440, 3, 46, 1031, 1003, 13, 7.78%, 301, 0, 5, 5.92
1747811450, 3, 47, 1031, 1003, 13, 7.78%, 301, 0, 5, 6.00
1747811460, 3, 48, 1031, 1003, 13, 7.78%, 301, 0, 5, 6.37
1747811465, 3, 49, 1031, 1003, 13, 7.78%, 301, 0, 5, 5.80
1747811476, 3, 52, 1031, 1003, 13, 7.78%, 301, 0, 5, 5.82
1747811486, 3, 53, 1031, 1003, 13, 7.78%, 301, 0, 5, 6.61
1747811491, 3, 55, 1031, 1003, 13, 7.78%, 301, 0, 5, 5.81
1747811502, 3, 57, 1031, 1003, 13, 7.78%, 301, 0, 5, 5.68
1747811512, 3, 58, 1031, 1003, 13, 7.78%, 301, 0, 5, 5.72
1747811522, 3, 60, 1031, 1003, 13, 7.78%, 301, 0, 5, 4.36
1747811558, 3, 60, 1032, 1004, 13, 7.78%, 301, 0, 5, 10.64
1747811630, 3, 60, 1033, 1005, 13, 7.78%, 301, 0, 5, 8.44
1747811748, 3, 62, 1033, 1004, 13, 7.78%, 301, 0, 5, 7.27
1747811753, 3, 63, 1033, 1004, 13, 7.78%, 301, 0, 5, 6.59
1747811763, 3, 65, 1033, 1004, 13, 7.78%, 301, 0, 5, 5.51
1747811774, 3, 66, 1033, 1004, 13, 7.78%, 301, 0, 5, 5.68
1747811784, 3, 68, 1033, 1004, 13, 7.78%, 301, 0, 5, 5.76
1747811794, 3, 69, 1033, 1004, 13, 7.78%, 301, 0, 5, 5.46
1747811800, 3, 71, 1033, 1004, 13, 7.78%, 301, 0, 5, 5.83
1747811810, 3, 72, 1033, 1004, 13, 7.78%, 301, 0, 5, 5.40
1747811820, 3, 74, 1033, 1004, 13, 7.78%, 301, 0, 5, 5.65
1747811830, 3, 75, 1033, 1004, 13, 7.78%, 301, 0, 5, 5.50
1747811840, 3, 76, 1033, 1004, 13, 7.78%, 301, 0, 5, 5.16
1747811851, 3, 77, 1033, 1004, 13, 7.78%, 301, 0, 5, 6.35
1747811856, 3, 78, 1033, 1004, 13, 7.78%, 301, 0, 5, 6.09
1747811866, 3, 79, 1033, 1004, 13, 7.78%, 301, 0, 5, 5.82
1747811877, 3, 81, 1033, 1004, 13, 7.78%, 301, 0, 5, 6.44
1747811882, 3, 82, 1033, 1004, 13, 7.78%, 301, 0, 5, 6.36
1747811892, 3, 83, 1033, 1004, 13, 7.78%, 301, 0, 5, 6.37
1747811902, 3, 84, 1033, 1004, 13, 7.78%, 301, 0, 5, 6.33
1747811907, 3, 85, 1033, 1004, 13, 7.78%, 301, 0, 5, 6.07
1747811918, 3, 86, 1033, 1004, 13, 7.78%, 301, 0, 5, 6.41
1747811928, 3, 87, 1033, 1004, 13, 7.78%, 301, 0, 5, 6.19
1747811933, 3, 88, 1033, 1004, 13, 7.78%, 301, 0, 5, 6.06
1747811943, 3, 89, 1033, 1004, 13, 7.78%, 301, 0, 5, 6.36
1747811948, 3, 90, 1033, 1004, 13, 7.78%, 301, 0, 5, 6.17
1747811959, 3, 91, 1033, 1004, 13, 7.78%, 301, 0, 5, 5.87
1747811969, 3, 93, 1033, 1004, 13, 7.78%, 301, 0, 5, 5.68
1747811979, 3, 94, 1033, 1004, 13, 7.78%, 301, 0, 5, 6.68
1747811984, 3, 95, 1033, 1004, 13, 7.78%, 301, 0, 5, 6.53
1747811994, 3, 96, 1033, 1004, 13, 7.78%, 301, 0, 5, 6.17
1747812005, 3, 97, 1033, 1004, 13, 7.78%, 301, 0, 5, 5.79
1747812010, 3, 99, 1033, 1004, 13, 7.78%, 301, 0, 5, 6.61
1747812097, 3, 101, 1033, 1003, 13, 7.78%, 301, 0, 5, 7.72
1747812107, 3, 102, 1033, 1003, 13, 7.78%, 301, 0, 5, 6.51
1747812112, 3, 103, 1033, 1003, 13, 7.78%, 301, 0, 5, 6.32
1747812123, 3, 104, 1033, 1003, 13, 7.78%, 301, 0, 5, 5.41
1747812133, 3, 105, 1033, 1003, 13, 7.78%, 301, 0, 5, 6.00
1747812143, 3, 106, 1033, 1003, 13, 7.78%, 301, 0, 5, 5.41
1747812154, 3, 107, 1033, 1003, 13, 7.78%, 301, 0, 5, 6.47
1747812159, 3, 108, 1033, 1003, 13, 7.78%, 301, 0, 5, 5.98
1747812169, 3, 110, 1033, 1003, 13, 7.78%, 301, 0, 5, 6.02
1747812180, 3, 111, 1033, 1003, 13, 7.78%, 301, 0, 5, 6.46
1747812185, 3, 112, 1033, 1003, 13, 7.78%, 301, 0, 5, 6.02
1747812196, 3, 113, 1033, 1003, 13, 7.78%, 301, 0, 5, 6.18
1747812206, 3, 114, 1033, 1003, 13, 7.78%, 301, 0, 5, 6.25
1747812211, 3, 115, 1033, 1003, 13, 7.78%, 301, 0, 5, 5.98
1747812222, 3, 116, 1033, 1003, 13, 7.78%, 301, 0, 5, 5.32
1747812232, 3, 117, 1033, 1003, 13, 7.78%, 301, 0, 5, 5.88
1747812242, 3, 118, 1033, 1003, 13, 7.78%, 301, 0, 5, 5.77
1747812248, 3, 120, 1033, 1003, 13, 7.78%, 301, 0, 5, 5.80
1747812258, 3, 121, 1033, 1003, 13, 7.78%, 301, 0, 5, 5.31
1747812268, 3, 122, 1033, 1003, 13, 7.78%, 301, 0, 5, 5.73
1747812278, 3, 123, 1033, 1003, 13, 7.78%, 301, 0, 5, 5.96
1747812288, 3, 125, 1033, 1003, 13, 7.78%, 301, 0, 5, 6.34
1747812294, 3, 126, 1033, 1003, 13, 7.78%, 301, 0, 5, 5.82
1747812304, 3, 127, 1033, 1003, 13, 7.78%, 301, 0, 5, 6.04
1747812314, 3, 130, 1033, 1003, 13, 7.78%, 301, 0, 5, 6.31
1747812319, 3, 131, 1033, 1003, 13, 7.78%, 301, 0, 5, 5.96
1747812330, 3, 132, 1033, 1003, 13, 7.78%, 301, 0, 5, 6.44
1747812340, 3, 133, 1033, 1003, 13, 7.78%, 301, 0, 5, 6.19
1747812345, 3, 134, 1033, 1003, 13, 7.78%, 301, 0, 5, 5.86
1747812355, 3, 136, 1033, 1003, 13, 7.78%, 301, 0, 5, 5.41
1747812365, 3, 137, 1033, 1003, 13, 7.78%, 301, 0, 5, 5.23
1747812376, 3, 138, 1033, 1003, 13, 7.78%, 301, 0, 5, 6.23
1747812386, 3, 139, 1033, 1003, 13, 7.78%, 301, 0, 5, 6.19
1747812391, 3, 140, 1033, 1003, 13, 7.78%, 301, 0, 5, 5.81
1747812402, 3, 141, 1033, 1003, 13, 7.78%, 301, 0, 5, 6.07
1747812407, 3, 143, 1033, 1003, 13, 7.78%, 301, 0, 5, 6.57
1747812418, 3, 146, 1033, 1003, 13, 7.78%, 301, 0, 5, 6.20
1747812428, 3, 147, 1033, 1003, 13, 7.78%, 301, 0, 5, 6.34
1747812433, 3, 148, 1033, 1003, 13, 7.78%, 301, 0, 5, 6.46
1747812444, 3, 149, 1033, 1003, 13, 7.78%, 301, 0, 5, 5.83
1747812455, 3, 152, 1033, 1003, 13, 7.78%, 301, 0, 5, 6.80
1747812460, 3, 154, 1033, 1003, 13, 7.78%, 301, 0, 5, 6.41
1747812470, 3, 156, 1033, 1003, 13, 7.78%, 301, 0, 5, 5.68
1747812480, 3, 157, 1033, 1003, 13, 7.78%, 301, 0, 5, 5.81
1747812485, 3, 158, 1033, 1003, 13, 7.78%, 301, 0, 5, 6.08
1747812496, 3, 159, 1033, 1003, 13, 7.78%, 301, 0, 5, 6.42
1747812506, 3, 160, 1033, 1003, 13, 7.78%, 301, 0, 5, 6.41
1747812511, 3, 161, 1033, 1003, 13, 7.78%, 301, 0, 5, 6.23
1747812521, 3, 162, 1033, 1003, 13, 7.78%, 301, 0, 5, 6.41
1747812527, 3, 163, 1033, 1003, 13, 7.78%, 301, 0, 5, 6.40
1747812537, 3, 164, 1033, 1003, 13, 7.78%, 301, 0, 5, 6.72
1747812547, 3, 165, 1033, 1003, 13, 7.78%, 301, 0, 5, 6.15
1747812552, 3, 166, 1033, 1003, 13, 7.78%, 301, 0, 5, 6.24
1747812563, 3, 168, 1033, 1003, 13, 7.78%, 301, 0, 5, 32.75
1747812630, 3, 169, 1033, 1002, 13, 7.78%, 301, 0, 5, 7.59
1747812635, 3, 170, 1033, 1002, 13, 7.78%, 301, 0, 5, 6.57
1747812645, 3, 171, 1033, 1002, 13, 7.78%, 301, 0, 5, 5.79
1747812656, 3, 172, 1033, 1002, 13, 7.78%, 301, 0, 5, 6.26
1747812661, 3, 173, 1033, 1002, 13, 7.78%, 301, 0, 5, 6.58
1747812671, 3, 174, 1033, 1002, 13, 7.78%, 301, 0, 5, 6.58
1747812677, 3, 175, 1033, 1002, 13, 7.78%, 301, 0, 5, 6.27
1747812687, 3, 176, 1033, 1002, 13, 7.78%, 301, 0, 5, 6.76
1747812697, 3, 177, 1033, 1002, 13, 7.78%, 301, 0, 5, 6.40
1747812703, 3, 178, 1033, 1002, 13, 7.78%, 301, 0, 5, 6.27
1747812713, 3, 179, 1033, 1002, 13, 7.78%, 301, 0, 5, 6.25
1747812723, 3, 180, 1033, 1002, 13, 7.78%, 301, 0, 5, 6.62
1747812729, 3, 181, 1033, 1002, 13, 7.78%, 302, 0, 5, 6.06
1747812739, 3, 182, 1033, 1002, 13, 7.78%, 302, 0, 5, 5.94
1747812744, 3, 183, 1033, 1002, 13, 7.78%, 302, 0, 5, 6.36
1747812754, 3, 184, 1033, 1002, 13, 7.78%, 302, 0, 5, 5.94
1747812765, 3, 185, 1033, 1002, 13, 7.78%, 302, 0, 5, 6.29
1747812770, 3, 186, 1033, 1002, 13, 7.78%, 302, 0, 5, 6.21
1747812780, 3, 188, 1033, 1002, 13, 7.78%, 302, 0, 5, 6.22
1747812790, 3, 189, 1033, 1002, 13, 7.78%, 302, 0, 5, 6.10
1747812796, 3, 190, 1033, 1002, 13, 7.78%, 302, 0, 5, 5.83
1747812806, 3, 191, 1033, 1002, 13, 7.78%, 302, 0, 5, 6.09
1747812816, 3, 192, 1033, 1002, 13, 7.78%, 302, 0, 5, 6.88
1747812821, 3, 194, 1033, 1002, 13, 7.78%, 302, 0, 5, 5.92
1747812832, 3, 195, 1033, 1002, 13, 7.78%, 302, 0, 5, 6.48
1747812842, 3, 197, 1033, 1002, 13, 7.78%, 302, 0, 5, 5.97
1747812852, 3, 199, 1033, 1002, 13, 7.78%, 302, 0, 5, 5.87
1747812857, 3, 201, 1033, 1002, 13, 7.78%, 302, 0, 5, 6.06
1747812867, 3, 202, 1033, 1002, 13, 7.78%, 302, 0, 5, 5.68
1747812878, 3, 203, 1033, 1002, 13, 7.78%, 302, 0, 5, 6.34
1747812883, 3, 204, 1033, 1002, 13, 7.78%, 302, 0, 5, 5.85
1747812893, 3, 205, 1033, 1002, 13, 7.78%, 302, 0, 5, 5.82
1747812904, 3, 206, 1033, 1002, 13, 7.78%, 302, 0, 5, 6.26
1747812909, 3, 207, 1033, 1002, 13, 7.78%, 302, 0, 5, 6.33
1747812919, 3, 208, 1033, 1002, 13, 7.78%, 302, 0, 5, 6.23
1747812924, 3, 209, 1033, 1002, 13, 7.78%, 302, 0, 5, 6.27
1747812935, 3, 211, 1033, 1002, 13, 7.78%, 302, 0, 5, 5.61
1747812945, 3, 212, 1033, 1002, 13, 7.78%, 302, 0, 5, 6.37
1747812955, 3, 214, 1033, 1002, 13, 7.78%, 302, 0, 5, 6.15
1747812961, 3, 215, 1033, 1002, 13, 7.78%, 302, 0, 5, 6.14
1747812971, 3, 216, 1033, 1002, 13, 7.78%, 302, 0, 5, 5.49
1747812981, 3, 217, 1033, 1002, 13, 7.78%, 302, 0, 5, 6.18
1747812986, 3, 218, 1033, 1002, 13, 7.78%, 302, 0, 5, 6.27
1747812997, 3, 220, 1033, 1002, 13, 7.78%, 302, 0, 5, 5.95
1747813007, 3, 221, 1033, 1002, 13, 7.78%, 302, 0, 5, 5.91
1747813017, 3, 222, 1033, 1002, 13, 7.78%, 302, 0, 5, 5.77
1747813022, 3, 224, 1033, 1002, 13, 7.78%, 302, 0, 5, 6.10
1747813032, 3, 225, 1033, 1002, 13, 7.78%, 302, 0, 5, 14.89
1747813074, 3, 226, 1033, 1001, 13, 7.78%, 302, 0, 5, 8.15
1747813079, 3, 229, 1033, 1001, 13, 7.78%, 302, 0, 5, 6.85
1747813089, 3, 230, 1033, 1001, 13, 7.78%, 302, 0, 5, 5.83
1747813099, 3, 231, 1033, 1001, 13, 7.78%, 302, 0, 5, 6.60
1747813104, 3, 232, 1033, 1001, 13, 7.78%, 302, 0, 5, 6.25
1747813115, 3, 233, 1033, 1001, 13, 7.78%, 302, 0, 5, 5.59
1747813125, 3, 234, 1033, 1001, 13, 7.78%, 302, 0, 5, 5.92
1747813130, 3, 235, 1033, 1001, 13, 7.78%, 302, 0, 5, 5.90
1747813141, 3, 240, 1033, 1001, 13, 7.78%, 302, 0, 5, 6.09
1747813151, 3, 241, 1033, 1001, 13, 7.78%, 302, 0, 5, 6.02
1747813156, 3, 242, 1033, 1001, 13, 7.78%, 303, 0, 5, 5.89
1747813167, 3, 243, 1033, 1001, 13, 7.78%, 303, 0, 5, 6.51
1747813177, 3, 244, 1033, 1001, 13, 7.78%, 303, 0, 5, 5.54
1747813187, 3, 246, 1033, 1001, 13, 7.78%, 303, 0, 5, 5.60
1747813193, 3, 247, 1033, 1001, 13, 7.78%, 303, 0, 5, 6.36
1747813203, 3, 248, 1033, 1001, 13, 7.78%, 303, 0, 5, 5.90
1747813213, 3, 249, 1033, 1001, 13, 7.78%, 303, 0, 5, 6.20
1747813219, 3, 251, 1033, 1001, 13, 7.78%, 303, 0, 5, 6.12
1747813229, 3, 252, 1033, 1001, 13, 7.78%, 303, 0, 5, 6.09
1747813239, 3, 253, 1033, 1001, 13, 7.78%, 303, 0, 5, 5.83
1747813244, 3, 254, 1033, 1001, 13, 7.78%, 303, 0, 5, 6.03
1747813254, 3, 255, 1033, 1001, 13, 7.78%, 303, 0, 5, 6.17
1747813265, 3, 256, 1033, 1001, 13, 7.78%, 303, 0, 5, 6.02
1747813270, 3, 257, 1033, 1001, 13, 7.78%, 303, 0, 5, 5.77
1747813280, 3, 258, 1033, 1001, 13, 7.78%, 303, 0, 5, 6.04
1747813290, 3, 259, 1033, 1001, 13, 7.78%, 303, 0, 5, 6.29
1747813301, 3, 260, 1033, 1001, 13, 7.78%, 303, 0, 5, 5.95
1747813306, 3, 261, 1033, 1001, 13, 7.78%, 303, 0, 5, 5.97
1747813311, 3, 261, 1034, 1002, 13, 7.78%, 303, 0, 5, 5.32
1747813326, 3, 262, 1034, 1002, 13, 7.78%, 303, 0, 5, 6.09
1747813336, 3, 263, 1034, 1002, 13, 7.78%, 303, 0, 5, 5.92
1747813341, 3, 264, 1034, 1002, 13, 7.78%, 303, 0, 5, 6.34
1747813352, 3, 265, 1034, 1002, 13, 7.78%, 303, 0, 5, 6.14
1747813362, 3, 267, 1034, 1002, 13, 7.78%, 303, 0, 5, 6.48
1747813367, 3, 268, 1034, 1002, 13, 7.78%, 303, 0, 5, 6.28
1747813378, 3, 269, 1034, 1002, 13, 7.78%, 303, 0, 5, 6.02
1747813388, 3, 270, 1034, 1002, 13, 7.78%, 303, 0, 5, 5.55
1747813393, 3, 271, 1034, 1002, 13, 7.78%, 303, 0, 5, 6.37
1747813404, 3, 273, 1034, 1002, 13, 7.78%, 303, 0, 5, 6.16
1747813414, 3, 274, 1034, 1002, 13, 7.78%, 303, 0, 5, 6.74
1747813419, 3, 276, 1034, 1002, 13, 7.78%, 303, 0, 5, 6.89
1747813429, 3, 277, 1034, 1002, 13, 7.78%, 303, 0, 5, 6.10
1747813440, 3, 278, 1034, 1002, 13, 7.78%, 303, 0, 5, 6.22
1747813445, 3, 280, 1034, 1002, 13, 7.78%, 303, 0, 5, 6.07
1747813455, 3, 281, 1035, 1003, 13, 7.78%, 303, 0, 5, 5.53
1747813471, 3, 282, 1035, 1003, 13, 7.78%, 303, 0, 5, 6.33
1747813481, 3, 283, 1035, 1003, 13, 7.78%, 303, 0, 5, 6.41
1747813486, 3, 284, 1035, 1003, 13, 7.78%, 303, 0, 5, 6.40
1747813497, 3, 285, 1035, 1003, 13, 7.78%, 303, 0, 5, 5.75
1747813507, 3, 286, 1035, 1003, 13, 7.78%, 303, 0, 5, 5.76
1747813517, 3, 287, 1035, 1003, 13, 7.78%, 303, 0, 5, 5.56
1747813527, 3, 288, 1035, 1003, 13, 7.78%, 303, 0, 5, 5.91
1747813532, 3, 289, 1035, 1003, 13, 7.78%, 303, 0, 5, 5.86
1747813543, 3, 290, 1035, 1003, 13, 7.78%, 303, 0, 5, 5.77
1747813553, 3, 292, 1035, 1003, 13, 7.78%, 303, 0, 5, 6.16
1747813558, 3, 293, 1035, 1003, 13, 7.78%, 303, 0, 5, 6.32
1747813568, 3, 294, 1035, 1003, 13, 7.78%, 303, 0, 5, 5.76
1747813579, 3, 295, 1035, 1003, 13, 7.78%, 303, 0, 5, 6.29
1747813589, 3, 296, 1035, 1003, 13, 7.78%, 303, 0, 5, 6.37
1747813594, 3, 299, 1035, 1003, 13, 7.78%, 303, 0, 5, 6.27
1747813605, 3, 300, 1035, 1003, 13, 7.78%, 303, 0, 5, 5.43
1747813615, 3, 301, 1035, 1003, 13, 7.78%, 303, 0, 5, 6.03
1747813620, 3, 303, 1035, 1003, 13, 7.78%, 303, 0, 5, 6.60
1747813631, 3, 304, 1035, 1003, 13, 7.78%, 303, 0, 5, 5.80
1747813641, 3, 305, 1036, 1004, 13, 7.78%, 303, 0, 5, 4.39
1747813662, 3, 306, 1036, 1004, 13, 7.78%, 303, 0, 5, 5.80
1747813667, 3, 307, 1036, 1004, 13, 7.78%, 303, 0, 5, 5.94
1747813677, 3, 308, 1036, 1004, 13, 7.78%, 303, 0, 5, 5.68
1747813688, 3, 309, 1036, 1004, 13, 7.78%, 303, 0, 5, 5.80
1747813698, 3, 311, 1036, 1004, 13, 7.78%, 303, 0, 5, 6.15
1747813703, 3, 312, 1036, 1004, 13, 7.78%, 303, 0, 5, 6.65
1747813713, 3, 313, 1036, 1004, 13, 7.78%, 303, 0, 5, 6.44
1747813719, 3, 314, 1036, 1004, 13, 7.78%, 303, 0, 5, 6.43
1747813729, 3, 315, 1036, 1004, 13, 7.78%, 303, 0, 5, 6.76
1747813740, 3, 317, 1036, 1004, 13, 7.78%, 303, 0, 5, 6.01
1747813745, 3, 318, 1036, 1004, 13, 7.78%, 303, 0, 5, 5.70
1747813755, 3, 319, 1036, 1004, 13, 7.78%, 303, 0, 5, 5.86
1747813765, 3, 320, 1036, 1004, 13, 7.78%, 303, 0, 5, 6.04
1747813775, 3, 321, 1036, 1004, 13, 7.78%, 303, 0, 5, 6.23
1747813780, 3, 322, 1036, 1004, 13, 7.78%, 303, 0, 5, 5.90
1747813791, 3, 323, 1036, 1004, 13, 7.78%, 303, 0, 5, 6.64
1747813801, 3, 324, 1036, 1004, 13, 7.78%, 303, 0, 5, 6.00
1747813806, 3, 325, 1036, 1004, 13, 7.78%, 303, 0, 5, 6.01
1747813817, 3, 326, 1036, 1004, 13, 7.78%, 303, 0, 5, 5.54
1747813827, 3, 327, 1036, 1004, 13, 7.78%, 303, 0, 5, 5.52
1747813837, 3, 328, 1036, 1004, 13, 7.78%, 303, 0, 5, 6.30
1747813847, 3, 329, 1036, 1004, 13, 7.78%, 303, 0, 5, 6.29
1747813853, 3, 330, 1036, 1004, 13, 7.78%, 303, 0, 5, 6.18
1747813863, 3, 331, 1036, 1004, 13, 7.78%, 303, 0, 5, 6.09
1747813868, 3, 332, 1036, 1004, 13, 7.78%, 303, 0, 5, 6.42
1747813878, 3, 333, 1036, 1004, 13, 7.78%, 303, 0, 5, 5.75
1747813888, 3, 334, 1036, 1004, 13, 7.78%, 303, 0, 5, 5.48
1747813899, 3, 336, 1036, 1004, 13, 7.78%, 303, 0, 5, 5.66
1747813904, 3, 338, 1036, 1004, 13, 7.78%, 303, 0, 5, 6.10
1747813914, 3, 339, 1036, 1004, 13, 7.78%, 303, 0, 5, 6.01
1747813924, 3, 340, 1036, 1004, 13, 7.78%, 303, 0, 5, 5.77
1747813935, 3, 341, 1036, 1004, 13, 7.78%, 303, 0, 5, 5.94
1747813940, 3, 342, 1036, 1004, 13, 7.78%, 303, 0, 5, 6.17
1747813950, 3, 344, 1036, 1004, 13, 7.78%, 303, 0, 5, 5.89
1747813960, 3, 345, 1036, 1004, 13, 7.78%, 303, 0, 5, 5.93
1747813971, 3, 346, 1036, 1004, 13, 7.78%, 303, 0, 5, 6.85
1747813976, 3, 347, 1036, 1004, 13, 7.78%, 303, 0, 5, 6.00
1747813986, 3, 348, 1036, 1004, 13, 7.78%, 303, 0, 5, 6.24
1747813996, 3, 349, 1036, 1004, 13, 7.78%, 303, 0, 5, 5.96
1747814001, 3, 351, 1036, 1004, 13, 7.78%, 303, 0, 5, 6.30
1747814012, 3, 353, 1036, 1004, 13, 7.78%, 303, 0, 5, 5.67
1747814022, 3, 354, 1036, 1004, 13, 7.78%, 303, 0, 5, 6.12
1747814027, 3, 355, 1036, 1004, 13, 7.78%, 303, 0, 5, 6.26
1747814037, 3, 356, 1036, 1004, 13, 7.78%, 303, 0, 5, 6.14
1747814043, 3, 357, 1036, 1004, 13, 7.78%, 303, 0, 5, 6.98
1747814053, 3, 358, 1036, 1004, 13, 7.78%, 303, 0, 5, 6.41
1747814063, 3, 360, 1036, 1004, 13, 7.78%, 303, 0, 5, 6.06
1747814068, 3, 361, 1036, 1004, 13, 7.78%, 303, 0, 5, 5.91
1747814079, 3, 363, 1036, 1004, 13, 7.78%, 303, 0, 5, 5.96
1747814089, 3, 364, 1036, 1004, 13, 7.78%, 303, 0, 5, 7.27
1747814094, 3, 365, 1036, 1004, 13, 7.78%, 303, 0, 5, 6.67
1747814104, 3, 366, 1036, 1004, 13, 7.78%, 303, 0, 5, 6.17
1747814115, 3, 367, 1036, 1004, 13, 7.78%, 303, 0, 5, 5.59
1747814120, 3, 370, 1036, 1004, 13, 7.78%, 303, 0, 5, 6.52
1747814130, 3, 371, 1036, 1004, 13, 7.78%, 303, 0, 5, 6.25
1747814140, 3, 373, 1036, 1004, 13, 7.78%, 303, 0, 5, 6.26
1747814145, 3, 374, 1036, 1004, 13, 7.78%, 303, 0, 5, 6.02
1747814156, 3, 375, 1036, 1004, 13, 7.78%, 303, 0, 5, 5.37
1747814166, 3, 376, 1036, 1004, 13, 7.78%, 303, 0, 5, 5.66
1747814176, 3, 377, 1036, 1004, 13, 7.78%, 303, 0, 5, 5.54
1747814181, 3, 378, 1036, 1004, 13, 7.78%, 303, 0, 5, 6.30
1747814192, 3, 379, 1036, 1004, 13, 7.78%, 303, 0, 5, 6.11
1747814202, 3, 381, 1036, 1004, 13, 7.78%, 303, 0, 5, 6.01
1747814212, 3, 383, 1036, 1004, 13, 7.78%, 303, 0, 5, 6.27
1747814217, 3, 385, 1036, 1004, 13, 7.78%, 303, 0, 5, 5.78
1747814228, 3, 387, 1036, 1004, 13, 7.78%, 303, 0, 5, 5.75
1747814238, 3, 388, 1036, 1004, 13, 7.78%, 303, 0, 5, 6.07
1747814248, 3, 389, 1036, 1004, 13, 7.78%, 303, 0, 5, 5.77
1747814253, 3, 390, 1036, 1004, 13, 7.78%, 303, 0, 5, 6.43
1747814264, 3, 391, 1036, 1004, 13, 7.78%, 303, 0, 5, 6.30
1747814269, 3, 391, 1037, 1005, 13, 7.78%, 303, 0, 5, 6.61
1747814279, 3, 392, 1037, 1005, 13, 7.78%, 303, 0, 5, 6.13
1747814290, 3, 393, 1037, 1005, 13, 7.78%, 303, 0, 5, 5.66
1747814300, 3, 394, 1037, 1005, 13, 7.78%, 303, 0, 5, 5.38
1747814311, 3, 395, 1037, 1005, 13, 7.78%, 303, 0, 5, 5.84
1747814321, 3, 397, 1037, 1005, 13, 7.78%, 303, 0, 5, 6.04
1747814326, 3, 398, 1037, 1005, 13, 7.78%, 303, 0, 5, 5.39
1747814336, 3, 401, 1037, 1005, 13, 7.78%, 303, 0, 5, 6.10
1747814347, 3, 402, 1037, 1005, 13, 7.78%, 303, 0, 5, 6.49
1747814352, 3, 405, 1037, 1005, 13, 7.78%, 303, 0, 5, 6.15
1747814363, 3, 406, 1037, 1005, 13, 7.78%, 303, 0, 5, 5.92
1747814373, 3, 408, 1037, 1005, 13, 7.78%, 303, 0, 5, 6.03
1747814378, 3, 410, 1037, 1005, 13, 7.78%, 303, 0, 5, 6.68
1747814389, 3, 411, 1037, 1005, 13, 7.78%, 303, 0, 5, 6.58
1747814394, 3, 413, 1037, 1005, 13, 7.78%, 303, 0, 5, 6.16
1747814404, 3, 414, 1037, 1005, 13, 7.78%, 303, 0, 5, 6.26
1747814414, 3, 415, 1037, 1005, 13, 7.78%, 303, 0, 5, 6.10
1747814420, 3, 416, 1037, 1005, 13, 7.78%, 303, 0, 5, 6.07
1747814430, 3, 417, 1037, 1005, 13, 7.78%, 303, 0, 5, 5.90
1747814440, 3, 418, 1037, 1005, 13, 7.78%, 303, 0, 5, 6.18
1747814446, 3, 419, 1037, 1005, 13, 7.78%, 303, 0, 5, 6.38
1747814456, 3, 420, 1037, 1005, 13, 7.78%, 303, 0, 5, 5.77
1747814461, 3, 421, 1037, 1005, 13, 7.78%, 303, 0, 5, 6.45
1747814471, 3, 422, 1037, 1005, 13, 7.78%, 303, 0, 5, 6.60
1747814482, 3, 423, 1037, 1005, 13, 7.78%, 303, 0, 5, 6.48
1747814487, 3, 423, 1038, 1006, 13, 7.78%, 303, 0, 5, 5.98
1747814497, 3, 424, 1038, 1006, 13, 7.78%, 303, 0, 5, 6.01
1747814507, 3, 425, 1038, 1006, 13, 7.78%, 303, 0, 5, 5.92
1747814518, 3, 426, 1038, 1006, 13, 7.78%, 303, 0, 5, 6.01
1747814523, 3, 428, 1038, 1006, 13, 7.78%, 303, 0, 5, 6.21
1747814533, 3, 429, 1038, 1006, 13, 7.78%, 303, 0, 5, 5.67
1747814543, 3, 431, 1038, 1006, 13, 7.78%, 303, 0, 5, 6.03
1747814549, 3, 432, 1038, 1006, 13, 7.78%, 303, 0, 5, 5.94
1747814559, 3, 433, 1038, 1006, 13, 7.78%, 303, 0, 5, 5.91
1747814569, 3, 434, 1038, 1006, 13, 7.78%, 303, 0, 5, 5.92
1747814579, 3, 435, 1038, 1006, 13, 7.78%, 303, 0, 5, 5.74
1747814585, 3, 436, 1038, 1006, 13, 7.78%, 303, 0, 5, 6.01
1747814595, 3, 437, 1038, 1006, 13, 7.78%, 303, 0, 5, 6.25
1747814600, 3, 437, 1039, 1007, 13, 7.78%, 303, 0, 5, 5.31
1747814611, 3, 439, 1039, 1007, 13, 7.78%, 303, 0, 5, 6.25
1747814621, 3, 441, 1040, 1008, 13, 7.78%, 303, 0, 5, 5.68
1747814642, 3, 442, 1040, 1008, 13, 7.78%, 303, 0, 5, 6.53
1747814647, 3, 443, 1040, 1008, 13, 7.78%, 303, 0, 5, 6.21
1747814657, 3, 444, 1040, 1008, 13, 7.78%, 303, 0, 5, 5.85
1747814667, 3, 445, 1040, 1008, 13, 7.78%, 303, 0, 5, 5.46
1747814677, 3, 447, 1040, 1008, 13, 7.78%, 303, 0, 5, 6.00
1747814683, 3, 449, 1040, 1008, 13, 7.78%, 303, 0, 5, 6.24
1747814693, 3, 450, 1040, 1008, 13, 7.78%, 303, 0, 5, 6.07
1747814703, 3, 451, 1040, 1008, 13, 7.78%, 303, 0, 5, 6.00
1747814714, 3, 453, 1040, 1008, 13, 7.78%, 303, 0, 5, 6.34
1747814719, 3, 454, 1040, 1008, 13, 7.78%, 303, 0, 5, 6.40
1747814729, 3, 457, 1040, 1008, 13, 7.78%, 303, 0, 5, 6.55
1747814735, 3, 458, 1040, 1008, 13, 7.78%, 303, 0, 5, 6.59
1747814745, 3, 459, 1040, 1008, 13, 7.78%, 303, 0, 5, 6.56
1747814750, 3, 460, 1040, 1008, 13, 7.78%, 303, 0, 5, 7.07
1747814761, 3, 461, 1040, 1008, 13, 7.78%, 303, 0, 5, 6.41
1747814766, 3, 462, 1040, 1008, 13, 7.78%, 303, 0, 5, 6.42
1747814776, 3, 463, 1040, 1008, 13, 7.78%, 303, 0, 5, 5.87
1747814786, 3, 464, 1040, 1008, 13, 7.78%, 303, 0, 5, 5.65
1747814792, 3, 465, 1040, 1008, 13, 7.78%, 303, 0, 5, 6.55
1747814802, 3, 466, 1040, 1008, 13, 7.78%, 303, 0, 5, 6.25
1747814812, 3, 467, 1040, 1008, 13, 7.78%, 303, 0, 5, 5.98
1747814822, 3, 468, 1040, 1008, 13, 7.78%, 303, 0, 5, 6.70
1747814828, 3, 469, 1040, 1008, 13, 7.78%, 303, 0, 5, 6.04
1747814838, 3, 470, 1040, 1008, 13, 7.78%, 303, 0, 5, 6.08
1747814848, 3, 471, 1040, 1008, 13, 7.78%, 303, 0, 5, 6.13
1747814853, 3, 473, 1040, 1008, 13, 7.78%, 303, 0, 5, 6.11
1747814863, 3, 474, 1040, 1008, 13, 7.78%, 303, 0, 5, 6.28
1747814874, 3, 476, 1040, 1008, 13, 7.78%, 303, 0, 5, 6.09
1747814879, 3, 477, 1040, 1008, 13, 7.78%, 303, 0, 5, 5.87
1747814889, 3, 478, 1040, 1008, 13, 7.78%, 303, 0, 5, 6.40
1747814900, 3, 480, 1040, 1008, 13, 7.78%, 303, 0, 5, 6.05
1747814905, 3, 481, 1040, 1008, 13, 7.78%, 303, 0, 5, 6.02
1747814915, 3, 482, 1040, 1008, 13, 7.78%, 303, 0, 5, 6.39
1747814926, 3, 483, 1040, 1008, 13, 7.78%, 303, 0, 5, 6.64
1747814931, 3, 484, 1040, 1008, 13, 7.78%, 303, 0, 5, 6.32
1747814941, 3, 485, 1040, 1008, 13, 7.78%, 303, 0, 5, 6.18
1747814946, 3, 486, 1040, 1008, 13, 7.78%, 303, 0, 5, 6.24
1747814956, 3, 487, 1040, 1008, 13, 7.78%, 303, 0, 5, 6.06
1747814966, 3, 488, 1040, 1008, 13, 7.78%, 303, 0, 5, 6.54
1747814977, 3, 489, 1040, 1008, 13, 7.78%, 303, 0, 5, 6.60
1747814982, 3, 490, 1040, 1008, 13, 7.78%, 303, 0, 5, 6.84
1747814993, 3, 491, 1040, 1008, 13, 7.78%, 303, 0, 5, 6.12
1747814998, 3, 492, 1040, 1008, 13, 7.78%, 303, 0, 5, 5.72
1747815008, 3, 493, 1040, 1008, 13, 7.78%, 303, 0, 5, 6.00
1747815018, 3, 494, 1040, 1008, 13, 7.78%, 303, 0, 5, 6.23
1747815024, 3, 495, 1040, 1008, 13, 7.78%, 303, 0, 5, 6.08
1747815034, 3, 496, 1040, 1008, 13, 7.78%, 303, 0, 5, 6.21
1747815044, 3, 497, 1040, 1008, 13, 7.78%, 303, 0, 5, 5.91
1747815049, 3, 498, 1040, 1008, 13, 7.78%, 303, 0, 5, 6.05
1747815060, 3, 499, 1040, 1008, 13, 7.78%, 303, 0, 5, 6.10
1747815071, 3, 501, 1040, 1008, 13, 7.78%, 303, 0, 5, 6.64
1747815076, 3, 503, 1040, 1008, 13, 7.78%, 303, 0, 5, 6.72
1747815086, 3, 505, 1040, 1008, 13, 7.78%, 303, 0, 5, 6.34
1747815091, 3, 507, 1040, 1008, 13, 7.78%, 303, 0, 5, 5.87
1747815101, 3, 508, 1040, 1008, 13, 7.78%, 303, 0, 5, 6.34
1747815112, 3, 509, 1040, 1008, 13, 7.78%, 303, 0, 5, 5.97
1747815117, 3, 511, 1040, 1008, 13, 7.78%, 303, 0, 5, 5.69
1747815127, 3, 512, 1040, 1008, 13, 7.78%, 303, 0, 5, 6.06
1747815137, 3, 513, 1040, 1008, 13, 7.78%, 303, 0, 5, 6.31
1747815148, 3, 514, 1040, 1008, 13, 7.78%, 303, 0, 5, 5.70
1747815153, 3, 515, 1040, 1008, 13, 7.78%, 303, 0, 5, 5.81
1747815163, 3, 516, 1040, 1008, 13, 7.78%, 303, 0, 5, 5.28
1747815174, 3, 517, 1040, 1008, 13, 7.78%, 303, 0, 5, 6.06
1747815184, 3, 518, 1040, 1008, 13, 7.78%, 303, 0, 5, 5.96
1747815189, 3, 519, 1040, 1008, 13, 7.78%, 303, 0, 5, 5.82
1747815200, 3, 520, 1040, 1008, 13, 7.78%, 303, 0, 5, 5.71
1747815210, 3, 522, 1040, 1008, 13, 7.78%, 303, 0, 5, 5.93
1747815215, 3, 523, 1040, 1008, 13, 7.78%, 303, 0, 5, 6.45
1747815225, 3, 524, 1040, 1008, 13, 7.78%, 303, 0, 5, 5.99
1747815236, 3, 525, 1040, 1008, 13, 7.78%, 303, 0, 5, 5.26
1747815246, 3, 527, 1040, 1008, 13, 7.78%, 303, 0, 5, 6.35
1747815251, 3, 528, 1040, 1008, 13, 7.78%, 303, 0, 5, 6.28
1747815261, 3, 529, 1040, 1008, 13, 7.78%, 303, 0, 5, 6.56
1747815271, 3, 535, 1040, 1008, 13, 7.78%, 303, 0, 5, 5.70
1747815277, 3, 537, 1040, 1008, 13, 7.78%, 303, 0, 5, 5.85
1747815287, 3, 538, 1040, 1008, 13, 7.78%, 303, 0, 5, 6.68
1747815297, 3, 539, 1040, 1008, 13, 7.78%, 303, 0, 5, 6.19
1747815302, 3, 540, 1040, 1008, 13, 7.78%, 303, 0, 5, 6.38
1747815313, 3, 543, 1040, 1008, 13, 7.78%, 303, 0, 5, 6.24
1747815318, 3, 544, 1040, 1008, 13, 7.78%, 303, 0, 5, 6.34
1747815328, 3, 546, 1040, 1008, 13, 7.78%, 303, 0, 5, 5.91
1747815338, 3, 547, 1040, 1008, 13, 7.78%, 303, 0, 5, 5.92
1747815349, 3, 548, 1040, 1008, 13, 7.78%, 303, 0, 5, 5.94
1747815354, 3, 549, 1040, 1008, 13, 7.78%, 303, 0, 5, 5.85
1747815359, 3, 549, 1040, 1008, 13, 7.78%, 304, 0, 5, 6.25
1747815364, 3, 550, 1040, 1008, 13, 7.78%, 304, 0, 5, 5.62
1747815375, 3, 551, 1040, 1008, 13, 7.78%, 304, 0, 5, 6.42
1747815380, 3, 552, 1040, 1008, 13, 7.78%, 304, 0, 5, 6.40
1747815390, 3, 553, 1040, 1008, 13, 7.78%, 304, 0, 5, 6.75
1747815395, 3, 554, 1040, 1008, 13, 7.78%, 304, 0, 5, 6.08
1747815405, 3, 557, 1040, 1008, 13, 7.78%, 304, 0, 5, 5.91
1747815416, 3, 558, 1040, 1008, 13, 7.78%, 304, 0, 5, 5.83
1747815421, 3, 559, 1040, 1008, 13, 7.78%, 304, 0, 5, 6.31
1747815431, 3, 560, 1040, 1008, 13, 7.78%, 304, 0, 5, 6.08
1747815442, 3, 561, 1040, 1008, 13, 7.78%, 304, 0, 5, 6.17
1747815452, 3, 562, 1040, 1008, 13, 7.78%, 304, 0, 5, 6.45
1747815457, 3, 563, 1040, 1008, 13, 7.78%, 304, 0, 5, 6.04
1747815468, 3, 564, 1040, 1008, 13, 7.78%, 304, 0, 5, 6.02
1747815478, 3, 565, 1040, 1008, 13, 7.78%, 304, 0, 5, 5.98
1747815483, 3, 566, 1040, 1008, 13, 7.78%, 304, 0, 5, 5.83
1747815493, 3, 567, 1040, 1008, 13, 7.78%, 304, 0, 5, 5.81
1747815504, 3, 568, 1040, 1008, 13, 7.78%, 304, 0, 5, 5.90
1747815514, 3, 571, 1040, 1008, 13, 7.78%, 304, 0, 5, 6.25
1747815519, 3, 572, 1040, 1008, 13, 7.78%, 304, 0, 5, 6.53
1747815530, 3, 573, 1040, 1008, 13, 7.78%, 304, 0, 5, 6.10
1747815535, 3, 574, 1040, 1008, 13, 7.78%, 304, 0, 5, 5.95
1747815546, 3, 575, 1040, 1008, 13, 7.78%, 304, 0, 5, 5.79
1747815556, 3, 576, 1040, 1008, 13, 7.78%, 304, 0, 5, 6.27
1747815561, 3, 577, 1040, 1008, 13, 7.78%, 304, 0, 5, 5.85
1747815572, 3, 578, 1040, 1008, 13, 7.78%, 304, 0, 5, 5.76
1747815582, 3, 579, 1040, 1008, 13, 7.78%, 304, 0, 5, 6.02
1747815592, 3, 580, 1040, 1008, 13, 7.78%, 304, 0, 5, 6.17
1747815597, 3, 581, 1040, 1008, 13, 7.78%, 304, 0, 5, 6.87
1747815607, 3, 582, 1040, 1008, 13, 7.78%, 304, 0, 5, 6.59
1747815612, 3, 583, 1040, 1008, 13, 7.78%, 304, 0, 5, 6.25
1747815623, 3, 584, 1040, 1008, 13, 7.78%, 304, 0, 5, 6.40
1747815633, 3, 585, 1040, 1008, 13, 7.78%, 304, 0, 5, 5.62
1747815638, 3, 587, 1040, 1008, 13, 7.78%, 304, 0, 5, 5.69
1747815648, 3, 588, 1040, 1008, 13, 7.78%, 304, 0, 5, 6.48
1747815658, 3, 590, 1040, 1008, 13, 7.78%, 304, 0, 5, 6.47
1747815663, 3, 591, 1040, 1008, 13, 7.78%, 304, 0, 5, 6.30
1747815674, 3, 592, 1040, 1008, 13, 7.78%, 304, 0, 5, 5.78
1747815684, 3, 593, 1040, 1008, 13, 7.78%, 304, 0, 5, 5.93
1747815689, 3, 594, 1040, 1008, 13, 7.78%, 304, 0, 5, 6.06
1747815699, 3, 595, 1040, 1008, 13, 7.78%, 304, 0, 5, 6.39
1747815710, 3, 598, 1040, 1008, 13, 7.78%, 304, 0, 5, 6.13
1747815715, 3, 599, 1040, 1008, 13, 7.78%, 304, 0, 5, 6.38
1747815725, 3, 600, 1040, 1008, 13, 7.78%, 304, 0, 5, 5.58
1747815736, 3, 601, 1040, 1008, 13, 7.78%, 304, 0, 5, 5.98
1747815741, 3, 601, 1041, 1009, 13, 7.78%, 304, 0, 5, 6.75
1747815756, 3, 602, 1041, 1009, 13, 7.78%, 304, 0, 5, 6.37
1747815761, 3, 603, 1041, 1009, 13, 7.78%, 304, 0, 5, 6.14
1747815772, 3, 605, 1041, 1009, 13, 7.78%, 304, 0, 5, 5.76
1747815782, 3, 606, 1041, 1009, 13, 7.78%, 304, 0, 5, 6.36
1747815787, 3, 607, 1041, 1009, 13, 7.78%, 304, 0, 5, 6.49
1747815797, 3, 608, 1041, 1009, 13, 7.78%, 304, 0, 5, 6.09
1747815808, 3, 612, 1041, 1009, 13, 7.78%, 304, 0, 5, 5.61
1747815818, 3, 613, 1041, 1009, 13, 7.78%, 304, 0, 5, 6.21
1747815823, 3, 614, 1041, 1009, 13, 7.78%, 304, 0, 5, 6.38
1747815834, 3, 615, 1041, 1009, 13, 7.78%, 304, 0, 5, 5.91
1747815844, 3, 616, 1041, 1009, 13, 7.78%, 304, 0, 5, 6.23
1747815849, 3, 617, 1041, 1009, 13, 7.78%, 304, 0, 5, 6.33
1747815860, 3, 618, 1041, 1009, 13, 7.78%, 304, 0, 5, 5.92
1747815870, 3, 620, 1041, 1009, 13, 7.78%, 304, 0, 5, 5.73
1747815875, 3, 621, 1041, 1009, 13, 7.78%, 304, 0, 5, 5.94
1747815886, 3, 622, 1041, 1009, 13, 7.78%, 304, 0, 5, 5.54
1747815896, 3, 624, 1041, 1009, 13, 7.78%, 304, 0, 5, 6.66
1747815901, 3, 626, 1041, 1009, 13, 7.78%, 304, 0, 5, 6.59
1747815912, 3, 627, 1041, 1009, 13, 7.78%, 304, 0, 5, 6.39
1747815922, 3, 628, 1041, 1009, 13, 7.78%, 304, 0, 5, 5.77
1747815932, 3, 629, 1041, 1009, 13, 7.78%, 304, 0, 5, 5.59
1747815938, 3, 631, 1041, 1009, 13, 7.78%, 304, 0, 5, 5.55
1747815948, 3, 632, 1041, 1009, 13, 7.78%, 304, 0, 5, 6.47
1747815958, 3, 633, 1041, 1009, 13, 7.78%, 304, 0, 5, 6.08
1747815963, 3, 634, 1041, 1009, 13, 7.78%, 304, 0, 5, 5.83
1747815974, 3, 635, 1041, 1009, 13, 7.78%, 304, 0, 5, 5.65
1747815984, 3, 636, 1041, 1009, 13, 7.78%, 304, 0, 5, 5.94
1747815994, 3, 637, 1041, 1009, 13, 7.78%, 304, 0, 5, 5.91
1747816000, 3, 638, 1041, 1009, 13, 7.78%, 304, 0, 5, 5.69
1747816010, 3, 639, 1041, 1009, 13, 7.78%, 304, 0, 5, 5.59
1747816021, 3, 640, 1041, 1009, 13, 7.78%, 304, 0, 5, 6.19
1747816026, 3, 641, 1041, 1009, 13, 7.78%, 304, 0, 5, 6.53
1747816036, 3, 642, 1041, 1009, 13, 7.78%, 304, 0, 5, 6.22
1747816046, 3, 643, 1041, 1009, 13, 7.78%, 304, 0, 5, 6.01
1747816052, 3, 644, 1041, 1009, 13, 7.78%, 304, 0, 5, 5.82
1747816062, 3, 646, 1041, 1009, 13, 7.78%, 304, 0, 5, 5.95
1747816072, 3, 647, 1041, 1009, 13, 7.78%, 304, 0, 5, 5.52
1747816077, 3, 648, 1041, 1009, 13, 7.78%, 304, 0, 5, 6.28
1747816087, 3, 650, 1041, 1009, 13, 7.78%, 304, 0, 5, 5.85
1747816098, 3, 651, 1041, 1009, 13, 7.78%, 304, 0, 5, 6.35
1747816108, 3, 653, 1041, 1009, 13, 7.78%, 304, 0, 5, 5.53
1747816113, 3, 654, 1041, 1009, 13, 7.78%, 304, 0, 5, 5.92
1747816124, 3, 655, 1041, 1009, 13, 7.78%, 304, 0, 5, 6.06
1747816134, 3, 657, 1041, 1009, 13, 7.78%, 304, 0, 5, 6.12
1747816139, 3, 658, 1041, 1009, 13, 7.78%, 304, 0, 5, 6.66
1747816324, 3, 658, 1042, 1010, 13, 7.78%, 304, 0, 5, 8.26
1747816365, 3, 659, 1042, 1009, 12, 7.78%, 304, 0, 5, 7.11
1747816375, 3, 660, 1042, 1009, 12, 7.78%, 304, 0, 5, 6.82
1747816385, 3, 661, 1042, 1009, 12, 7.78%, 304, 0, 5, 6.26
1747816390, 3, 662, 1042, 1009, 12, 7.78%, 304, 0, 5, 6.08
1747816400, 3, 663, 1042, 1009, 12, 7.78%, 304, 0, 5, 5.86
1747816411, 3, 664, 1042, 1009, 12, 7.78%, 304, 0, 5, 5.78
1747816416, 3, 665, 1042, 1009, 12, 7.78%, 304, 0, 5, 6.25
1747816427, 3, 666, 1042, 1009, 12, 7.78%, 304, 0, 5, 5.54
1747816437, 3, 667, 1042, 1009, 12, 7.78%, 304, 0, 5, 6.32
1747816442, 3, 670, 1042, 1009, 12, 7.78%, 304, 0, 5, 6.69
1747816452, 3, 671, 1042, 1009, 12, 7.78%, 304, 0, 5, 5.98
1747816463, 3, 673, 1042, 1009, 12, 7.78%, 304, 0, 5, 5.59
1747816473, 3, 674, 1042, 1009, 12, 7.78%, 304, 0, 5, 6.07
1747816478, 3, 675, 1042, 1009, 12, 7.78%, 304, 0, 5, 6.47
1747816489, 3, 677, 1042, 1009, 12, 7.78%, 304, 0, 5, 6.56
1747816499, 3, 678, 1042, 1009, 12, 7.78%, 304, 0, 5, 5.98
1747816504, 3, 680, 1042, 1009, 12, 7.78%, 304, 0, 5, 5.95
1747816515, 3, 682, 1042, 1009, 12, 7.78%, 304, 0, 5, 5.90
1747816525, 3, 683, 1042, 1009, 12, 7.78%, 304, 0, 5, 6.01
1747816536, 3, 684, 1042, 1009, 12, 7.78%, 304, 0, 5, 5.40
1747816546, 3, 685, 1042, 1009, 12, 7.78%, 304, 0, 5, 5.83
1747816551, 3, 686, 1042, 1009, 12, 7.78%, 304, 0, 5, 6.56
1747816561, 3, 687, 1042, 1009, 12, 7.78%, 304, 0, 5, 6.36
1747816566, 3, 688, 1042, 1009, 12, 7.78%, 304, 0, 5, 6.58
1747816577, 3, 689, 1042, 1009, 12, 7.78%, 304, 0, 5, 5.83
1747816587, 3, 690, 1042, 1009, 12, 7.78%, 304, 0, 5, 6.34
1747816592, 3, 691, 1042, 1009, 12, 7.78%, 304, 0, 5, 6.26
1747816603, 3, 693, 1042, 1009, 12, 7.78%, 304, 0, 5, 6.56
1747816613, 3, 694, 1042, 1009, 12, 7.78%, 304, 0, 5, 6.32
1747816618, 3, 695, 1042, 1009, 12, 7.78%, 304, 0, 5, 6.06
1747816629, 3, 696, 1042, 1009, 12, 7.78%, 304, 0, 5, 6.22
1747816639, 3, 700, 1042, 1009, 12, 7.78%, 304, 0, 5, 5.99
1747816644, 3, 701, 1042, 1009, 12, 7.78%, 304, 0, 5, 6.05
1747816655, 3, 704, 1042, 1009, 12, 7.78%, 304, 0, 5, 5.91
1747816665, 3, 705, 1042, 1009, 12, 7.78%, 304, 0, 5, 5.55
1747816675, 3, 706, 1042, 1009, 12, 7.78%, 304, 0, 5, 6.05
1747816681, 3, 707, 1042, 1009, 12, 7.78%, 304, 0, 5, 6.22
1747816691, 3, 708, 1042, 1009, 12, 7.78%, 304, 0, 5, 6.39
1747816696, 3, 709, 1042, 1009, 12, 7.78%, 304, 0, 5, 6.78
1747816707, 3, 710, 1042, 1009, 12, 7.78%, 304, 0, 5, 5.70
1747816717, 3, 711, 1042, 1009, 12, 7.78%, 304, 0, 5, 6.60
1747816723, 3, 714, 1042, 1009, 12, 7.78%, 304, 0, 5, 5.87
1747816733, 3, 715, 1042, 1009, 12, 7.78%, 304, 0, 5, 7.02
1747816738, 3, 716, 1042, 1009, 12, 7.78%, 304, 0, 5, 6.30
1747816748, 3, 717, 1042, 1009, 12, 7.78%, 304, 0, 5, 6.14
1747816759, 3, 719, 1042, 1009, 12, 7.78%, 304, 0, 5, 6.61
1747816764, 3, 720, 1042, 1009, 12, 7.78%, 304, 0, 5, 6.45
1747816774, 3, 721, 1042, 1009, 12, 7.78%, 304, 0, 5, 6.57
1747816785, 3, 722, 1042, 1009, 12, 7.78%, 304, 0, 5, 5.54
1747816795, 3, 723, 1042, 1009, 12, 7.78%, 304, 0, 5, 5.48
1747816800, 3, 724, 1042, 1009, 12, 7.78%, 304, 0, 5, 5.99
1747816811, 3, 725, 1042, 1009, 12, 7.78%, 304, 0, 5, 6.08
1747816821, 3, 726, 1042, 1009, 12, 7.78%, 304, 0, 5, 5.53
1747816827, 3, 727, 1042, 1009, 12, 7.78%, 304, 0, 5, 5.89
1747816837, 3, 728, 1042, 1009, 12, 7.78%, 304, 0, 5, 5.99
1747816847, 3, 729, 1042, 1009, 12, 7.78%, 304, 0, 5, 5.72
1747816853, 3, 730, 1042, 1009, 12, 7.78%, 304, 0, 5, 5.91
1747816863, 3, 731, 1042, 1009, 12, 7.78%, 304, 0, 5, 6.43
1747816873, 3, 732, 1042, 1009, 12, 7.78%, 304, 0, 5, 5.93
1747816879, 3, 734, 1042, 1009, 12, 7.78%, 304, 0, 5, 6.06
1747816889, 3, 735, 1042, 1009, 12, 7.78%, 304, 0, 5, 6.26
1747816894, 3, 735, 1042, 1009, 12, 7.78%, 305, 0, 5, 6.10
1747816899, 3, 736, 1042, 1009, 12, 7.78%, 305, 0, 5, 6.14
1747816904, 3, 737, 1042, 1009, 12, 7.78%, 305, 0, 5, 5.86
1747816915, 3, 738, 1042, 1009, 12, 7.78%, 305, 0, 5, 5.83
1747816925, 3, 739, 1042, 1009, 12, 7.78%, 305, 0, 5, 5.62
1747816936, 3, 740, 1042, 1009, 12, 7.78%, 305, 0, 5, 6.23
1747816941, 3, 741, 1042, 1009, 12, 7.78%, 305, 0, 5, 6.26
1747816952, 3, 742, 1042, 1009, 12, 7.78%, 305, 0, 5, 5.74
1747816962, 3, 743, 1042, 1009, 12, 7.78%, 305, 0, 5, 5.96
1747816967, 3, 744, 1042, 1009, 12, 7.78%, 305, 0, 5, 5.44
1747816978, 3, 745, 1042, 1009, 12, 7.78%, 305, 0, 5, 6.27
1747816988, 3, 746, 1042, 1009, 12, 7.78%, 305, 0, 5, 6.12
1747816993, 3, 748, 1042, 1009, 12, 7.78%, 305, 0, 5, 6.45
1747817003, 3, 749, 1042, 1009, 12, 7.78%, 305, 0, 5, 5.79
1747817014, 3, 751, 1042, 1009, 12, 7.78%, 305, 0, 5, 5.65
1747817019, 3, 754, 1042, 1009, 12, 7.78%, 305, 0, 5, 6.00
1747817030, 3, 756, 1042, 1009, 12, 7.78%, 305, 0, 5, 5.81
1747817040, 3, 758, 1042, 1009, 12, 7.78%, 305, 0, 5, 6.29
1747817045, 3, 759, 1042, 1009, 12, 7.78%, 305, 0, 5, 6.47
1747817055, 3, 760, 1042, 1009, 12, 7.78%, 305, 0, 5, 6.30
1747817066, 3, 761, 1042, 1009, 12, 7.78%, 305, 0, 5, 6.06
1747817071, 3, 762, 1042, 1009, 12, 7.78%, 305, 0, 5, 6.29
1747817081, 3, 763, 1042, 1009, 12, 7.78%, 305, 0, 5, 5.98
1747817091, 3, 764, 1042, 1009, 12, 7.78%, 305, 0, 5, 6.33
1747817097, 3, 765, 1042, 1009, 12, 7.78%, 305, 0, 5, 5.96
1747817107, 3, 766, 1042, 1009, 12, 7.78%, 305, 0, 5, 6.25
1747817112, 3, 767, 1042, 1009, 12, 7.78%, 305, 0, 5, 5.88
1747817122, 3, 768, 1042, 1009, 12, 7.78%, 305, 0, 5, 6.09
1747817133, 3, 769, 1042, 1009, 12, 7.78%, 305, 0, 5, 5.92
1747817143, 3, 771, 1042, 1009, 12, 7.78%, 305, 0, 5, 5.56
1747817148, 3, 773, 1042, 1009, 12, 7.78%, 305, 0, 5, 5.94
1747817159, 3, 774, 1042, 1009, 12, 7.78%, 305, 0, 5, 6.42
1747817169, 3, 775, 1042, 1009, 12, 7.78%, 305, 0, 5, 6.19
1747817174, 3, 776, 1042, 1009, 12, 7.78%, 305, 0, 5, 6.06
1747817184, 3, 777, 1042, 1009, 12, 7.78%, 305, 0, 5, 6.29
1747817189, 3, 780, 1042, 1009, 12, 7.78%, 305, 0, 5, 6.51
1747817200, 3, 781, 1042, 1009, 12, 7.78%, 305, 0, 5, 6.38
1747817210, 3, 782, 1042, 1009, 12, 7.78%, 305, 0, 5, 6.09
1747817215, 3, 783, 1042, 1009, 12, 7.78%, 305, 0, 5, 6.28
1747817226, 3, 786, 1042, 1009, 12, 7.78%, 305, 0, 5, 6.65
1747817236, 3, 787, 1042, 1009, 12, 7.78%, 305, 0, 5, 6.38
1747817241, 3, 789, 1042, 1009, 12, 7.78%, 305, 0, 5, 6.32
1747817251, 3, 790, 1042, 1009, 12, 7.78%, 305, 0, 5, 5.74
1747817262, 3, 791, 1042, 1009, 12, 7.78%, 305, 0, 5, 5.70
1747817267, 3, 792, 1042, 1009, 12, 7.78%, 305, 0, 5, 6.73
1747817277, 3, 793, 1042, 1009, 12, 7.78%, 305, 0, 5, 5.96
1747817287, 3, 794, 1042, 1009, 12, 7.78%, 305, 0, 5, 5.74
1747817298, 3, 795, 1042, 1009, 12, 7.78%, 305, 0, 5, 5.82
1747817303, 3, 796, 1042, 1009, 12, 7.78%, 305, 0, 5, 6.48
1747817313, 3, 797, 1042, 1009, 12, 7.78%, 305, 0, 5, 5.78
1747817324, 3, 798, 1042, 1009, 12, 7.78%, 305, 0, 5, 6.52
1747817329, 3, 799, 1042, 1009, 12, 7.78%, 305, 0, 5, 6.48
1747817339, 3, 801, 1042, 1009, 12, 7.78%, 305, 0, 5, 6.34
1747817349, 3, 802, 1042, 1009, 12, 7.78%, 305, 0, 5, 5.74
1747817355, 3, 803, 1042, 1009, 12, 7.78%, 305, 0, 5, 6.44
1747817365, 3, 804, 1042, 1009, 12, 7.78%, 305, 0, 5, 6.24
1747817370, 3, 805, 1042, 1009, 12, 7.78%, 305, 0, 5, 6.49
1747817380, 3, 806, 1042, 1009, 12, 7.78%, 305, 0, 5, 6.48
1747817391, 3, 808, 1042, 1009, 12, 7.78%, 305, 0, 5, 5.94
1747817396, 3, 809, 1042, 1009, 12, 7.78%, 305, 0, 5, 6.57
1747817406, 3, 810, 1042, 1009, 12, 7.78%, 305, 0, 5, 6.35
1747817416, 3, 811, 1042, 1009, 12, 7.78%, 305, 0, 5, 6.92
1747817421, 3, 812, 1042, 1009, 12, 7.78%, 305, 0, 5, 6.34
1747817431, 3, 813, 1042, 1009, 12, 7.78%, 305, 0, 5, 6.49
1747817437, 3, 814, 1042, 1009, 12, 7.78%, 305, 0, 5, 6.24
1747817447, 3, 816, 1042, 1009, 12, 7.78%, 305, 0, 5, 5.92
1747817458, 3, 817, 1042, 1009, 12, 7.78%, 305, 0, 5, 7.15
1747817463, 3, 818, 1042, 1009, 12, 7.78%, 305, 0, 5, 6.82
1747817473, 3, 819, 1042, 1009, 12, 7.78%, 305, 0, 5, 5.55
1747817478, 3, 820, 1042, 1009, 12, 7.78%, 305, 0, 5, 6.07
