# unix_time, cycles_done, cur_path, paths_total, pending_total, pending_favs, map_size, unique_crashes, unique_hangs, max_depth, execs_per_sec
1747817516, 0, 0, 1, 1, 1, 3.78%, 0, 0, 1, 55.56
1747817521, 0, 0, 20, 20, 1, 5.44%, 0, 0, 2, 52.84
1747817526, 0, 0, 39, 39, 1, 5.46%, 0, 0, 2, 48.58
1747817531, 0, 0, 56, 56, 1, 5.47%, 0, 0, 2, 47.46
1747817536, 0, 0, 70, 70, 1, 5.47%, 0, 0, 2, 46.80
1747817541, 0, 0, 82, 82, 1, 5.47%, 0, 0, 2, 48.90
1747817546, 0, 0, 92, 92, 1, 5.47%, 0, 0, 2, 49.87
1747817551, 0, 0, 98, 98, 1, 5.48%, 0, 0, 2, 50.11
1747817556, 0, 0, 105, 105, 1, 5.48%, 0, 0, 2, 51.39
1747817561, 0, 0, 112, 112, 1, 5.48%, 0, 0, 2, 51.11
1747817566, 0, 0, 122, 122, 1, 5.48%, 0, 0, 2, 48.73
1747817572, 0, 0, 130, 130, 1, 5.48%, 0, 0, 2, 50.64
1747817577, 0, 0, 131, 131, 1, 5.48%, 0, 0, 2, 54.94
1747817582, 0, 0, 135, 135, 1, 5.48%, 0, 0, 2, 52.99
1747817587, 0, 0, 140, 140, 1, 5.48%, 0, 0, 2, 51.56
1747817592, 0, 0, 143, 143, 1, 5.48%, 0, 0, 2, 53.03
1747817597, 0, 0, 147, 147, 1, 5.48%, 0, 0, 2, 51.59
1747817602, 0, 0, 151, 151, 1, 5.48%, 0, 0, 2, 52.51
1747817607, 0, 0, 156, 156, 1, 5.48%, 0, 0, 2, 51.84
1747817612, 0, 0, 159, 159, 1, 5.48%, 0, 0, 2, 51.83
1747817617, 0, 0, 160, 160, 1, 5.48%, 0, 0, 2, 53.85
1747817622, 0, 0, 165, 165, 1, 5.51%, 0, 0, 2, 50.29
1747817627, 0, 0, 167, 167, 1, 5.51%, 0, 0, 2, 53.25
1747817632, 0, 0, 170, 170, 1, 5.51%, 0, 0, 2, 52.86
1747817637, 0, 0, 173, 173, 1, 5.51%, 0, 0, 2, 52.53
1747817642, 0, 0, 174, 174, 1, 5.51%, 0, 0, 2, 54.30
1747817652, 0, 0, 178, 178, 1, 5.51%, 0, 0, 2, 52.78
1747817657, 0, 0, 180, 180, 1, 5.51%, 0, 0, 2, 52.88
1747817663, 0, 0, 183, 183, 1, 5.51%, 0, 0, 2, 52.75
1747817668, 0, 0, 184, 184, 1, 5.51%, 0, 0, 2, 53.42
1747817678, 0, 0, 187, 187, 1, 5.51%, 0, 0, 2, 52.49
1747817683, 0, 0, 188, 188, 1, 5.51%, 0, 0, 2, 53.84
1747817688, 0, 0, 189, 189, 1, 5.51%, 0, 0, 2, 53.89
1747817703, 0, 0, 190, 190, 1, 5.51%, 0, 0, 2, 53.51
1747817713, 0, 0, 191, 191, 1, 5.51%, 0, 0, 2, 54.81
1747817718, 0, 0, 192, 192, 1, 5.51%, 0, 0, 2, 54.27
1747817723, 0, 0, 194, 194, 1, 5.51%, 0, 0, 2, 53.31
1747817728, 0, 0, 196, 196, 1, 5.51%, 0, 0, 2, 53.65
1747817733, 0, 0, 197, 197, 1, 5.51%, 0, 0, 2, 53.68
1747817739, 0, 0, 198, 198, 1, 5.51%, 0, 0, 2, 54.06
1747817744, 0, 0, 199, 199, 1, 5.51%, 0, 0, 2, 54.05
1747817749, 0, 0, 203, 203, 1, 5.51%, 0, 0, 2, 51.62
1747817759, 0, 0, 204, 204, 1, 5.51%, 0, 0, 2, 53.83
1747817769, 0, 0, 205, 205, 1, 5.51%, 0, 0, 2, 53.74
1747817774, 0, 0, 206, 206, 1, 5.51%, 0, 0, 2, 53.10
1747817779, 0, 0, 207, 207, 1, 5.51%, 0, 0, 2, 53.65
1747817784, 0, 0, 208, 208, 1, 5.51%, 0, 0, 2, 53.78
1747817794, 0, 0, 210, 210, 1, 5.51%, 0, 0, 2, 53.17
1747817799, 0, 0, 211, 211, 1, 5.51%, 0, 0, 2, 54.27
1747817809, 0, 0, 213, 213, 1, 5.51%, 0, 0, 2, 53.03
1747817814, 0, 0, 214, 214, 1, 5.51%, 0, 0, 2, 53.66
1747817824, 0, 0, 215, 215, 1, 5.51%, 0, 0, 2, 54.10
1747817830, 0, 0, 216, 216, 1, 5.51%, 0, 0, 2, 53.86
1747817835, 0, 0, 217, 217, 1, 5.51%, 0, 0, 2, 53.82
1747817840, 0, 0, 218, 218, 1, 5.51%, 0, 0, 2, 53.18
1747817845, 0, 0, 219, 219, 1, 5.51%, 0, 0, 2, 54.42
1747817850, 0, 0, 220, 220, 1, 5.51%, 0, 0, 2, 53.92
1747817865, 0, 2, 236, 235, 12, 5.56%, 0, 0, 2, 35.77
1747817870, 0, 2, 251, 250, 12, 5.56%, 0, 0, 2, 30.66
1747817876, 0, 2, 264, 263, 12, 5.56%, 0, 0, 2, 29.39
1747817881, 0, 2, 277, 276, 12, 5.56%, 0, 0, 2, 29.01
1747817886, 0, 2, 289, 288, 12, 5.56%, 0, 0, 2, 28.80
1747817891, 0, 2, 299, 298, 12, 5.56%, 0, 0, 2, 28.86
1747817896, 0, 2, 310, 309, 12, 5.56%, 0, 0, 2, 28.47
1747817901, 0, 2, 316, 315, 12, 5.56%, 0, 0, 2, 29.35
1747817906, 0, 2, 321, 320, 12, 5.56%, 0, 0, 2, 29.30
1747817911, 0, 2, 326, 325, 12, 5.56%, 0, 0, 2, 29.45
1747817916, 0, 2, 332, 331, 12, 5.66%, 0, 0, 2, 28.74
1747817921, 0, 2, 338, 337, 12, 5.68%, 0, 0, 2, 27.74
1747817926, 0, 2, 340, 339, 12, 5.68%, 0, 0, 2, 29.49
1747817931, 0, 2, 343, 342, 12, 5.69%, 0, 0, 2, 29.26
1747817936, 0, 2, 345, 344, 12, 5.69%, 0, 0, 2, 29.98
1747817941, 0, 2, 346, 345, 12, 5.69%, 0, 0, 2, 29.81
1747817946, 0, 2, 351, 350, 12, 5.69%, 0, 0, 2, 29.26
1747817951, 0, 2, 354, 353, 12, 5.69%, 0, 0, 2, 30.11
1747817957, 0, 2, 357, 356, 12, 5.71%, 0, 0, 2, 29.50
1747817962, 0, 2, 360, 359, 12, 5.75%, 0, 0, 2, 29.43
1747817967, 0, 2, 362, 361, 12, 5.75%, 0, 0, 2, 30.25
1747817972, 0, 2, 365, 364, 12, 5.75%, 0, 0, 2, 30.24
1747817977, 0, 2, 367, 366, 12, 5.75%, 0, 0, 2, 29.71
1747817982, 0, 2, 368, 367, 12, 5.75%, 0, 0, 2, 30.00
1747817987, 0, 2, 372, 371, 12, 5.75%, 0, 0, 2, 29.43
1747817992, 0, 2, 376, 375, 12, 5.75%, 0, 0, 2, 28.97
1747817997, 0, 2, 380, 379, 12, 5.75%, 0, 0, 2, 29.12
1747818002, 0, 2, 381, 380, 12, 5.75%, 0, 0, 2, 29.77
1747818007, 0, 2, 383, 382, 12, 5.75%, 0, 0, 2, 29.50
1747818013, 0, 2, 384, 383, 12, 5.75%, 0, 0, 2, 30.21
1747818018, 0, 2, 386, 385, 12, 6.02%, 0, 0, 2, 29.75
1747818023, 0, 2, 387, 386, 12, 6.02%, 0, 0, 2, 30.11
1747818028, 0, 2, 389, 388, 12, 6.10%, 0, 0, 2, 29.04
1747818038, 0, 2, 391, 390, 12, 6.10%, 0, 0, 2, 29.89
1747818043, 0, 2, 392, 391, 12, 6.10%, 0, 0, 2, 30.27
1747818048, 0, 3, 397, 396, 11, 6.32%, 0, 0, 2, 25.72
1747818053, 0, 3, 408, 407, 11, 6.41%, 0, 0, 2, 20.34
1747818058, 0, 3, 419, 418, 11, 6.41%, 0, 0, 2, 20.42
1747818063, 0, 3, 430, 429, 11, 6.41%, 0, 0, 2, 20.29
1747818068, 0, 3, 439, 438, 11, 6.42%, 0, 0, 2, 19.49
1747818074, 0, 3, 451, 450, 11, 6.42%, 0, 0, 2, 19.97
1747818079, 0, 3, 461, 460, 11, 6.42%, 0, 0, 2, 19.58
1747818084, 0, 3, 471, 470, 11, 6.42%, 0, 0, 2, 19.70
1747818089, 0, 3, 480, 479, 11, 6.42%, 0, 0, 2, 19.78
1747818094, 0, 3, 489, 488, 11, 6.43%, 0, 0, 2, 19.18
1747818099, 0, 3, 497, 496, 11, 6.43%, 0, 0, 2, 19.46
1747818104, 0, 3, 507, 506, 11, 6.43%, 0, 0, 2, 19.54
1747818109, 0, 3, 515, 514, 11, 6.44%, 0, 0, 2, 19.42
1747818115, 0, 3, 522, 521, 11, 6.44%, 0, 0, 2, 19.21
1747818120, 0, 3, 530, 529, 11, 6.44%, 0, 0, 2, 19.40
1747818125, 0, 3, 537, 536, 11, 6.44%, 0, 0, 2, 18.85
1747818130, 0, 3, 544, 543, 11, 6.44%, 0, 0, 2, 18.85
1747818135, 0, 3, 550, 549, 11, 6.44%, 0, 0, 2, 18.71
1747818140, 0, 3, 557, 556, 11, 6.44%, 0, 0, 2, 19.01
1747818145, 0, 3, 563, 562, 11, 6.44%, 0, 0, 2, 19.52
1747818151, 0, 3, 569, 568, 11, 6.44%, 0, 0, 2, 19.49
1747818156, 0, 3, 574, 573, 11, 6.44%, 0, 0, 2, 19.58
1747818161, 0, 3, 579, 578, 11, 6.44%, 0, 0, 2, 19.38
1747818166, 0, 3, 583, 582, 11, 6.44%, 0, 0, 2, 19.14
1747818176, 0, 3, 585, 584, 11, 6.44%, 0, 0, 2, 19.65
1747818181, 0, 3, 588, 587, 11, 6.44%, 0, 0, 2, 19.51
1747818186, 0, 3, 592, 591, 11, 6.44%, 0, 0, 2, 18.67
1747818191, 0, 3, 597, 596, 11, 6.44%, 0, 0, 2, 19.36
1747818197, 0, 3, 598, 597, 11, 6.44%, 0, 0, 2, 19.49
1747818202, 0, 3, 599, 598, 11, 6.44%, 0, 0, 2, 19.61
1747818207, 0, 3, 603, 602, 11, 6.44%, 0, 0, 2, 19.48
1747818212, 0, 3, 604, 603, 11, 6.44%, 0, 0, 2, 19.44
1747818222, 0, 3, 606, 605, 11, 6.44%, 0, 0, 2, 19.61
1747818227, 0, 3, 607, 606, 11, 6.44%, 0, 0, 2, 19.68
1747818232, 0, 3, 609, 608, 11, 6.44%, 0, 0, 2, 19.20
1747818237, 0, 3, 611, 610, 11, 6.45%, 0, 0, 2, 19.12
1747818242, 0, 3, 614, 613, 11, 6.45%, 0, 0, 2, 19.24
1747818252, 0, 3, 615, 614, 11, 6.45%, 0, 0, 2, 19.71
1747818258, 0, 3, 618, 617, 11, 6.45%, 0, 0, 2, 19.40
1747818263, 0, 3, 619, 618, 11, 6.45%, 0, 0, 2, 19.03
1747818268, 0, 3, 621, 620, 11, 6.45%, 0, 0, 2, 19.01
1747818273, 0, 3, 623, 622, 11, 6.45%, 0, 0, 2, 19.07
1747818299, 0, 3, 624, 623, 11, 6.45%, 0, 0, 2, 18.60
1747818304, 0, 3, 627, 626, 11, 6.45%, 0, 0, 2, 18.31
1747818309, 0, 3, 628, 627, 11, 6.45%, 0, 0, 2, 18.59
1747818324, 0, 3, 629, 628, 11, 6.45%, 0, 0, 2, 29.45
1747818329, 0, 3, 630, 629, 11, 6.45%, 0, 0, 2, 32.22
1747818334, 0, 3, 632, 631, 11, 6.45%, 0, 0, 2, 32.54
1747818344, 0, 4, 639, 638, 10, 6.45%, 0, 0, 2, 28.54
1747818350, 0, 4, 647, 646, 10, 6.46%, 0, 0, 2, 26.19
1747818355, 0, 4, 654, 653, 10, 6.46%, 0, 0, 2, 25.72
1747818360, 0, 4, 658, 657, 10, 6.46%, 0, 0, 2, 25.58
1747818365, 0, 4, 662, 661, 10, 6.46%, 0, 0, 2, 25.61
1747818370, 0, 4, 664, 663, 10, 6.46%, 0, 0, 2, 25.97
1747818375, 0, 4, 666, 665, 10, 6.46%, 0, 0, 2, 25.89
1747818380, 0, 4, 670, 669, 10, 6.46%, 0, 0, 2, 26.04
1747818386, 0, 4, 674, 673, 10, 6.46%, 0, 0, 2, 25.88
1747818391, 0, 4, 675, 674, 10, 6.46%, 0, 0, 2, 26.10
1747818396, 0, 4, 676, 675, 10, 6.46%, 0, 0, 2, 26.37
1747818401, 0, 4, 679, 678, 10, 6.46%, 0, 0, 2, 25.97
1747818406, 0, 4, 680, 679, 10, 6.46%, 0, 0, 2, 26.31
1747818411, 0, 4, 682, 681, 10, 6.46%, 0, 0, 2, 26.52
1747818416, 0, 4, 686, 685, 10, 6.46%, 0, 0, 2, 25.62
1747818422, 0, 4, 688, 687, 10, 6.46%, 0, 0, 2, 26.01
1747818427, 0, 4, 689, 688, 10, 6.46%, 0, 0, 2, 26.06
1747818432, 0, 4, 690, 689, 10, 6.46%, 0, 0, 2, 26.01
1747818437, 0, 4, 692, 691, 10, 6.46%, 0, 0, 2, 26.47
1747818448, 0, 4, 693, 692, 10, 6.46%, 0, 0, 2, 20.50
1747818453, 0, 4, 695, 694, 10, 6.46%, 0, 0, 2, 16.97
1747818458, 0, 4, 696, 695, 10, 6.46%, 0, 0, 2, 15.91
1747818463, 0, 4, 697, 696, 10, 6.49%, 0, 0, 2, 15.15
1747818468, 0, 4, 698, 697, 10, 6.49%, 0, 0, 2, 15.53
1747818504, 0, 4, 700, 699, 10, 6.49%, 0, 0, 2, 15.54
1747818530, 0, 4, 701, 700, 10, 6.49%, 0, 0, 2, 15.35
1747818555, 0, 4, 702, 701, 10, 6.49%, 0, 0, 2, 15.73
1747818565, 0, 4, 703, 702, 10, 6.49%, 0, 0, 2, 15.75
1747818575, 0, 5, 704, 703, 10, 6.49%, 0, 0, 2, 17.91
1747818581, 0, 5, 706, 705, 10, 6.49%, 0, 0, 2, 18.56
1747818591, 0, 5, 707, 706, 10, 6.49%, 0, 0, 2, 18.83
1747818616, 0, 5, 708, 707, 10, 6.49%, 0, 0, 2, 18.65
1747818621, 0, 5, 710, 709, 10, 6.49%, 0, 0, 2, 18.93
1747818642, 0, 5, 711, 710, 10, 6.49%, 0, 0, 2, 18.71
1747818668, 0, 5, 712, 711, 10, 6.49%, 0, 0, 2, 18.69
1747818683, 0, 5, 713, 712, 10, 6.49%, 0, 0, 2, 18.76
1747818755, 0, 5, 714, 713, 10, 6.49%, 0, 0, 2, 18.70
1747818780, 0, 5, 715, 714, 10, 6.49%, 0, 0, 2, 18.48
1747818796, 0, 6, 715, 714, 10, 6.49%, 0, 0, 2, 18.22
1747818806, 0, 8, 715, 714, 10, 6.49%, 0, 0, 2, 17.22
1747818811, 0, 9, 715, 714, 10, 6.49%, 0, 0, 2, 18.04
1747818821, 0, 10, 716, 715, 10, 6.49%, 0, 0, 2, 16.36
1747818826, 0, 10, 717, 716, 10, 6.49%, 0, 0, 2, 15.45
1747818857, 0, 11, 718, 717, 10, 6.50%, 0, 0, 2, 17.56
1747818867, 0, 12, 718, 717, 10, 6.50%, 0, 0, 2, 18.27
1747818872, 0, 12, 719, 718, 10, 6.50%, 0, 0, 2, 18.00
1747818877, 0, 12, 721, 720, 10, 6.51%, 0, 0, 2, 17.86
1747818882, 0, 12, 722, 721, 10, 6.51%, 0, 0, 2, 17.91
1747818893, 0, 12, 726, 725, 10, 6.52%, 0, 0, 2, 17.81
1747818944, 0, 12, 727, 726, 10, 6.52%, 0, 0, 2, 17.86
1747818954, 0, 12, 728, 727, 10, 6.52%, 0, 0, 2, 17.80
1747818965, 0, 12, 730, 729, 10, 6.52%, 0, 0, 2, 17.69
1747819001, 0, 12, 731, 730, 10, 6.52%, 0, 0, 2, 17.72
1747819011, 0, 12, 733, 732, 10, 6.52%, 0, 0, 2, 17.73
1747819052, 0, 12, 734, 733, 10, 6.52%, 0, 0, 2, 17.92
1747819094, 0, 12, 735, 734, 10, 6.52%, 0, 0, 2, 17.93
1747819099, 0, 12, 736, 735, 10, 6.52%, 0, 0, 2, 17.90
1747819104, 0, 13, 736, 735, 12, 6.52%, 0, 0, 2, 17.91
1747819114, 0, 14, 736, 735, 12, 6.52%, 0, 0, 2, 18.56
1747819119, 0, 15, 737, 736, 12, 6.52%, 0, 0, 2, 18.04
1747819135, 0, 16, 738, 737, 12, 6.53%, 0, 0, 2, 17.02
1747819150, 0, 17, 738, 737, 13, 6.53%, 0, 0, 2, 16.89
1747819155, 0, 17, 739, 738, 13, 6.62%, 0, 0, 2, 16.78
1747819160, 0, 17, 740, 739, 13, 6.62%, 0, 0, 2, 16.77
1747819170, 0, 17, 741, 740, 13, 6.62%, 0, 0, 2, 16.74
1747819181, 0, 17, 742, 741, 13, 6.62%, 0, 0, 2, 16.74
1747819186, 0, 17, 743, 742, 13, 6.62%, 0, 0, 2, 16.72
1747819201, 0, 17, 744, 743, 13, 6.62%, 0, 0, 2, 16.70
1747819206, 0, 17, 746, 745, 13, 6.62%, 0, 0, 2, 16.65
1747819217, 0, 17, 748, 747, 13, 6.62%, 0, 0, 2, 16.66
1747819242, 0, 17, 749, 748, 13, 6.62%, 0, 0, 2, 16.77
1747819273, 0, 17, 750, 749, 13, 6.62%, 0, 0, 2, 16.76
1747819293, 0, 17, 751, 750, 13, 6.62%, 0, 0, 2, 16.85
1747819314, 0, 17, 752, 751, 13, 6.62%, 0, 0, 2, 16.76
1747819401, 0, 18, 752, 751, 11, 6.62%, 0, 0, 2, 16.31
1747819411, 0, 18, 753, 752, 11, 6.62%, 0, 0, 2, 15.38
1747819421, 0, 19, 753, 752, 11, 6.62%, 0, 0, 2, 17.84
1747819426, 0, 20, 753, 752, 11, 6.62%, 0, 0, 2, 17.43
1747819431, 0, 21, 753, 752, 11, 6.62%, 0, 0, 2, 16.93
1747819441, 0, 23, 753, 752, 11, 6.62%, 0, 0, 2, 15.95
1747819447, 0, 23, 754, 753, 11, 6.62%, 0, 0, 2, 15.30
1747819457, 0, 24, 754, 753, 14, 6.62%, 0, 0, 2, 16.18
1747819467, 0, 25, 754, 753, 14, 6.62%, 0, 0, 2, 18.83
1747819472, 0, 27, 754, 753, 14, 6.62%, 0, 0, 2, 17.74
1747819477, 0, 28, 754, 753, 14, 6.62%, 0, 0, 2, 17.22
1747819488, 0, 30, 754, 753, 14, 6.62%, 0, 0, 2, 17.25
1747819493, 0, 31, 754, 753, 14, 6.62%, 0, 0, 2, 17.39
1747819503, 0, 32, 754, 753, 14, 6.62%, 0, 0, 2, 17.12
1747819508, 0, 33, 754, 753, 14, 6.62%, 0, 0, 2, 16.65
1747819518, 0, 34, 755, 754, 14, 6.62%, 0, 0, 2, 16.50
1747819534, 0, 35, 755, 754, 14, 6.62%, 0, 0, 2, 17.95
1747819539, 0, 37, 755, 754, 14, 6.62%, 0, 0, 2, 17.15
1747819549, 0, 38, 755, 754, 14, 6.62%, 0, 0, 2, 16.19
1747819554, 0, 39, 755, 754, 14, 6.62%, 0, 0, 2, 16.13
1747819559, 0, 39, 756, 755, 14, 6.62%, 0, 0, 2, 15.43
1747819574, 0, 41, 756, 755, 14, 6.62%, 0, 0, 2, 15.29
1747819580, 0, 42, 756, 755, 14, 6.62%, 0, 0, 2, 16.36
1747819590, 0, 43, 756, 755, 14, 6.62%, 0, 0, 2, 16.37
1747819595, 0, 45, 756, 755, 14, 6.62%, 0, 0, 2, 15.98
1747819605, 0, 47, 757, 756, 14, 6.62%, 0, 0, 2, 16.31
1747819616, 0, 47, 758, 757, 14, 6.62%, 0, 0, 2, 16.41
1747819636, 0, 48, 758, 757, 14, 6.62%, 0, 0, 2, 16.02
1747819647, 0, 49, 759, 758, 14, 6.62%, 0, 0, 2, 15.90
1747819662, 0, 50, 762, 761, 14, 6.79%, 0, 0, 2, 15.79
1747819672, 0, 50, 763, 762, 14, 6.85%, 0, 0, 2, 15.70
1747819687, 0, 50, 764, 763, 14, 6.85%, 0, 0, 2, 15.77
1747819697, 0, 50, 765, 764, 14, 6.85%, 0, 0, 2, 15.57
1747819703, 0, 50, 766, 765, 14, 6.85%, 0, 0, 2, 15.41
1747819718, 0, 50, 767, 766, 14, 6.85%, 0, 0, 2, 15.94
1747819733, 0, 50, 768, 767, 14, 6.85%, 0, 0, 2, 15.62
1747819763, 0, 50, 769, 768, 14, 6.87%, 0, 0, 2, 15.68
1747819789, 0, 50, 770, 769, 14, 6.87%, 0, 0, 2, 15.62
1747819799, 0, 50, 771, 770, 14, 6.87%, 0, 0, 2, 15.62
1747819815, 0, 50, 772, 771, 14, 6.93%, 0, 0, 2, 15.74
1747819830, 0, 50, 773, 772, 14, 6.93%, 0, 0, 2, 15.46
1747819850, 0, 50, 774, 773, 14, 6.93%, 0, 0, 2, 15.49
1747819856, 0, 50, 775, 774, 14, 6.93%, 0, 0, 2, 15.47
1747819871, 0, 50, 776, 775, 14, 6.93%, 0, 0, 2, 15.62
1747819886, 0, 50, 777, 776, 14, 6.93%, 0, 0, 2, 15.69
1747819891, 0, 50, 778, 777, 14, 6.93%, 0, 0, 2, 15.74
1747819901, 0, 50, 779, 778, 14, 6.93%, 0, 0, 2, 15.74
1747819912, 0, 50, 780, 779, 14, 6.93%, 0, 0, 2, 15.44
1747819917, 0, 50, 781, 780, 14, 6.93%, 0, 0, 2, 15.57
1747819922, 0, 50, 782, 781, 14, 6.93%, 0, 0, 2, 15.68
1747819927, 0, 50, 783, 782, 14, 6.93%, 0, 0, 2, 15.62
1747819932, 0, 53, 784, 783, 19, 6.93%, 0, 0, 2, 15.75
1747819938, 0, 53, 785, 784, 19, 6.93%, 0, 0, 2, 15.43
1747819943, 0, 53, 787, 786, 19, 6.93%, 0, 0, 2, 15.29
1747819963, 0, 53, 789, 788, 19, 6.93%, 0, 0, 2, 15.46
1747819974, 0, 53, 790, 789, 19, 6.94%, 0, 0, 2, 15.37
1747819984, 0, 53, 791, 790, 19, 6.94%, 0, 0, 2, 15.37
1747819994, 0, 53, 793, 792, 19, 6.94%, 0, 0, 2, 15.07
1747819999, 0, 53, 795, 794, 19, 6.94%, 0, 0, 2, 15.06
1747820035, 0, 53, 796, 795, 19, 6.94%, 0, 0, 2, 15.25
1747820051, 0, 53, 797, 796, 19, 6.94%, 0, 0, 2, 15.33
1747820071, 0, 53, 798, 797, 19, 6.94%, 0, 0, 2, 15.35
1747820102, 0, 53, 800, 799, 19, 6.94%, 0, 0, 2, 15.27
1747820107, 0, 53, 801, 800, 19, 6.94%, 0, 0, 2, 15.33
1747820123, 0, 53, 802, 801, 19, 6.94%, 0, 0, 2, 15.28
1747820158, 0, 53, 803, 802, 19, 6.94%, 0, 0, 2, 15.22
1747820184, 0, 53, 804, 803, 19, 6.94%, 0, 0, 2, 15.20
1747820215, 0, 54, 804, 803, 20, 6.94%, 0, 0, 2, 15.08
1747820220, 0, 55, 804, 803, 20, 6.94%, 0, 0, 2, 15.07
1747820230, 0, 56, 804, 803, 20, 6.94%, 0, 0, 2, 15.28
1747820235, 0, 57, 804, 803, 20, 6.94%, 0, 0, 2, 15.24
1747820246, 0, 58, 804, 803, 20, 6.94%, 0, 0, 2, 15.44
1747820256, 0, 59, 804, 803, 20, 6.94%, 0, 0, 2, 15.59
1747820261, 0, 60, 804, 803, 20, 6.94%, 0, 0, 2, 15.38
1747820266, 0, 60, 806, 805, 20, 6.94%, 0, 0, 2, 14.94
1747820276, 0, 60, 807, 806, 20, 6.94%, 0, 0, 2, 14.62
1747820281, 0, 60, 808, 807, 20, 6.94%, 0, 0, 2, 14.72
1747820286, 0, 60, 810, 809, 20, 6.96%, 0, 0, 2, 14.68
1747820312, 0, 60, 813, 812, 20, 6.96%, 0, 0, 2, 14.46
1747820363, 0, 60, 814, 813, 20, 6.96%, 0, 0, 2, 14.76
1747820368, 0, 60, 815, 814, 20, 6.96%, 0, 0, 2, 14.82
1747820419, 0, 60, 816, 815, 20, 6.96%, 0, 0, 2, 14.70
1747820425, 0, 60, 817, 816, 20, 6.96%, 0, 0, 2, 14.64
1747820460, 0, 60, 819, 818, 20, 6.96%, 0, 0, 2, 14.76
1747820481, 0, 60, 820, 819, 20, 6.96%, 0, 0, 2, 15.00
1747820547, 0, 61, 820, 819, 20, 6.96%, 0, 0, 2, 14.87
1747820557, 0, 62, 820, 819, 20, 6.96%, 0, 0, 2, 14.93
1747820562, 0, 62, 821, 820, 20, 6.96%, 0, 0, 2, 14.72
1747820573, 0, 63, 821, 820, 20, 6.96%, 0, 0, 2, 14.73
1747820583, 0, 63, 822, 821, 20, 7.17%, 0, 0, 2, 14.76
1747820593, 0, 65, 822, 821, 21, 7.17%, 0, 0, 2, 14.62
1747820603, 0, 66, 822, 821, 21, 7.17%, 0, 0, 2, 15.32
1747820608, 0, 67, 822, 821, 21, 7.17%, 0, 0, 2, 15.22
1747820619, 0, 68, 823, 822, 21, 7.17%, 0, 0, 2, 14.75
1747820624, 0, 68, 824, 823, 21, 7.17%, 0, 0, 2, 14.70
1747820654, 0, 69, 824, 823, 21, 7.17%, 0, 0, 2, 14.58
1747820659, 0, 69, 825, 824, 21, 7.17%, 0, 0, 2, 14.30
1747820670, 0, 69, 827, 826, 21, 7.17%, 0, 0, 2, 13.82
1747820675, 0, 69, 828, 827, 21, 7.17%, 0, 0, 2, 14.28
1747820690, 0, 69, 829, 828, 21, 7.17%, 0, 0, 2, 13.94
1747820695, 0, 69, 830, 829, 21, 7.17%, 0, 0, 2, 14.39
1747820700, 0, 69, 833, 832, 21, 7.19%, 0, 0, 2, 20.60
1747820705, 0, 69, 836, 835, 21, 7.19%, 0, 0, 2, 23.20
1747820710, 0, 69, 837, 836, 21, 7.19%, 0, 0, 2, 24.00
1747820715, 0, 69, 839, 838, 21, 7.19%, 0, 0, 2, 23.95
1747820721, 0, 69, 841, 840, 21, 7.19%, 0, 0, 2, 24.14
1747820726, 0, 69, 842, 841, 21, 7.19%, 0, 0, 2, 23.75
1747820731, 0, 69, 843, 842, 21, 7.19%, 0, 0, 2, 24.12
1747820736, 0, 69, 844, 843, 21, 7.19%, 0, 0, 2, 24.24
1747820772, 0, 69, 845, 844, 21, 7.19%, 0, 0, 2, 24.15
1747820787, 0, 69, 846, 845, 21, 7.19%, 0, 0, 2, 23.99
1747820797, 0, 69, 848, 847, 21, 7.19%, 0, 0, 2, 24.40
1747820812, 0, 69, 849, 848, 21, 7.19%, 0, 0, 2, 24.18
1747820818, 0, 69, 851, 850, 21, 7.19%, 0, 0, 2, 24.37
1747820823, 0, 69, 852, 851, 21, 7.19%, 0, 0, 2, 23.77
1747820838, 0, 69, 854, 853, 21, 7.19%, 0, 0, 2, 24.16
1747820843, 0, 69, 855, 854, 21, 7.20%, 0, 0, 2, 24.21
1747820848, 0, 69, 857, 856, 21, 7.20%, 0, 0, 2, 24.19
1747820853, 0, 73, 857, 856, 21, 7.20%, 0, 0, 2, 24.36
1747820859, 0, 74, 857, 856, 21, 7.20%, 0, 0, 2, 25.56
1747820864, 0, 75, 857, 856, 21, 7.20%, 0, 0, 2, 24.86
1747820869, 0, 76, 857, 856, 21, 7.20%, 0, 0, 2, 24.34
1747820874, 0, 78, 857, 856, 21, 7.20%, 0, 0, 2, 24.06
1747820879, 0, 79, 857, 856, 21, 7.20%, 0, 0, 2, 25.19
1747820884, 0, 80, 859, 858, 21, 7.20%, 0, 0, 2, 24.87
1747820899, 0, 80, 861, 860, 21, 7.20%, 0, 0, 2, 23.83
1747820909, 0, 80, 862, 861, 21, 7.20%, 0, 0, 2, 23.65
1747820914, 0, 80, 864, 863, 21, 7.20%, 0, 0, 2, 23.68
1747820925, 0, 80, 865, 864, 21, 7.21%, 0, 0, 2, 23.64
1747820930, 0, 80, 866, 865, 21, 7.21%, 0, 0, 2, 23.75
1747820945, 0, 80, 867, 866, 21, 7.21%, 0, 0, 2, 23.92
1747820955, 0, 80, 868, 867, 21, 7.21%, 0, 0, 2, 23.94
1747820960, 0, 80, 869, 868, 21, 7.21%, 0, 0, 2, 24.10
1747820985, 0, 80, 870, 869, 21, 7.21%, 0, 0, 2, 23.86
1747821000, 0, 80, 871, 870, 21, 7.21%, 0, 0, 2, 23.74
1747821005, 0, 80, 872, 871, 21, 7.21%, 0, 0, 2, 23.84
1747821016, 0, 80, 873, 872, 21, 7.21%, 0, 0, 2, 23.83
1747821082, 0, 81, 873, 872, 20, 7.21%, 0, 0, 2, 14.31
1747821092, 0, 82, 873, 872, 20, 7.21%, 0, 0, 2, 14.97
1747821097, 0, 82, 874, 873, 20, 7.21%, 0, 0, 2, 14.48
1747821112, 0, 83, 874, 873, 20, 7.21%, 0, 0, 2, 14.30
1747821117, 0, 84, 874, 873, 20, 7.21%, 0, 0, 2, 14.27
1747821128, 0, 85, 874, 873, 20, 7.21%, 0, 0, 2, 14.29
1747821138, 0, 85, 875, 874, 20, 7.21%, 0, 0, 2, 14.20
1747821148, 0, 86, 875, 874, 20, 7.21%, 0, 0, 2, 14.22
1747821158, 0, 87, 875, 874, 20, 7.21%, 0, 0, 2, 14.23
1747821163, 0, 88, 875, 874, 20, 7.21%, 0, 0, 2, 14.22
1747821173, 0, 89, 875, 874, 20, 7.21%, 0, 0, 2, 14.22
1747821184, 0, 90, 875, 874, 20, 7.21%, 0, 0, 2, 14.83
1747821194, 0, 91, 875, 874, 20, 7.21%, 0, 0, 2, 14.55
1747821199, 0, 92, 875, 874, 20, 7.21%, 0, 0, 2, 14.33
1747821209, 0, 93, 875, 874, 20, 7.21%, 0, 0, 2, 14.35
1747821219, 0, 95, 876, 875, 20, 7.21%, 0, 0, 2, 14.37
1747821234, 0, 96, 876, 875, 20, 7.21%, 0, 0, 2, 14.37
1747821244, 0, 96, 878, 877, 20, 7.22%, 0, 0, 2, 13.60
1747821265, 0, 96, 879, 878, 20, 7.22%, 0, 0, 2, 13.78
1747821290, 0, 96, 880, 879, 20, 7.22%, 0, 0, 2, 13.75
1747821311, 0, 96, 881, 880, 20, 7.22%, 0, 0, 2, 13.70
1747821326, 0, 96, 882, 881, 20, 7.22%, 0, 0, 2, 13.74
1747821331, 0, 96, 883, 882, 20, 7.22%, 0, 0, 2, 13.72
1747821362, 0, 96, 884, 883, 20, 7.22%, 0, 0, 2, 13.84
1747821372, 0, 96, 885, 884, 20, 7.22%, 0, 0, 2, 13.78
1747821408, 0, 96, 886, 885, 20, 7.22%, 0, 0, 2, 13.78
1747821454, 0, 96, 887, 886, 20, 7.22%, 0, 0, 2, 13.88
1747821485, 0, 96, 888, 887, 20, 7.22%, 0, 0, 2, 13.85
1747821522, 0, 96, 889, 888, 20, 7.22%, 0, 0, 2, 13.82
1747821542, 0, 97, 890, 889, 20, 7.22%, 0, 0, 2, 14.17
1747821547, 0, 97, 891, 890, 20, 7.22%, 0, 0, 2, 14.15
1747821572, 0, 98, 891, 890, 20, 7.22%, 0, 0, 2, 24.68
1747821577, 0, 101, 891, 890, 20, 7.22%, 0, 0, 2, 25.52
1747821582, 0, 102, 891, 890, 20, 7.22%, 0, 0, 2, 24.52
1747821588, 0, 103, 891, 890, 20, 7.22%, 0, 0, 2, 23.31
1747821593, 0, 105, 891, 890, 20, 7.22%, 0, 0, 2, 22.48
1747821598, 0, 106, 891, 890, 20, 7.22%, 0, 0, 2, 23.88
1747821603, 0, 107, 891, 890, 20, 7.22%, 0, 0, 2, 24.73
1747821608, 0, 109, 891, 890, 20, 7.22%, 0, 0, 2, 25.07
1747821613, 0, 110, 891, 890, 20, 7.22%, 0, 0, 2, 24.46
1747821618, 0, 111, 891, 890, 20, 7.22%, 0, 0, 2, 23.67
1747821624, 0, 112, 891, 890, 20, 7.22%, 0, 0, 2, 39.64
1747821766, 0, 113, 891, 889, 20, 7.22%, 0, 0, 2, 46.45
1747821771, 0, 114, 891, 889, 20, 7.22%, 0, 0, 2, 29.35
1747821776, 0, 115, 891, 889, 20, 7.22%, 0, 0, 2, 26.13
1747821781, 0, 117, 891, 889, 20, 7.22%, 0, 0, 2, 24.01
1747821786, 0, 117, 892, 890, 20, 7.22%, 0, 0, 3, 23.05
1747821797, 0, 118, 892, 890, 20, 7.22%, 0, 0, 3, 24.01
1747821802, 0, 119, 892, 890, 20, 7.22%, 0, 0, 3, 23.23
1747821807, 0, 120, 893, 891, 20, 7.22%, 0, 0, 3, 23.05
1747821812, 0, 120, 895, 893, 20, 7.22%, 0, 0, 3, 22.98
1747821817, 0, 120, 896, 894, 20, 7.23%, 0, 0, 3, 22.86
1747821822, 0, 120, 897, 895, 20, 7.23%, 0, 0, 3, 22.98
1747821852, 0, 120, 898, 896, 20, 7.23%, 0, 0, 3, 22.80
1747821862, 0, 120, 899, 897, 20, 7.23%, 0, 0, 3, 22.83
1747821893, 0, 120, 900, 898, 20, 7.23%, 0, 0, 3, 22.46
1747821938, 0, 120, 901, 899, 20, 7.23%, 0, 0, 3, 22.90
1747821959, 0, 120, 902, 900, 20, 7.23%, 0, 0, 3, 22.81
1747821964, 0, 120, 903, 901, 20, 7.23%, 0, 0, 3, 22.87
1747821984, 0, 120, 904, 902, 20, 7.23%, 0, 0, 3, 22.95
1747821989, 0, 121, 904, 902, 21, 7.23%, 0, 0, 3, 23.00
1747821994, 0, 122, 904, 902, 21, 7.23%, 0, 0, 3, 23.35
1747821999, 0, 123, 904, 902, 21, 7.23%, 0, 0, 3, 23.27
1747822004, 0, 124, 904, 902, 21, 7.23%, 0, 0, 3, 23.37
1747822009, 0, 126, 904, 902, 21, 7.23%, 0, 0, 3, 23.86
1747822015, 0, 128, 904, 902, 21, 7.23%, 0, 0, 3, 24.58
1747822020, 0, 129, 904, 902, 21, 7.23%, 0, 0, 3, 24.74
1747822025, 0, 130, 904, 902, 21, 7.23%, 0, 0, 3, 23.81
1747822030, 0, 131, 904, 902, 21, 7.23%, 0, 0, 3, 23.14
1747822035, 0, 132, 904, 902, 21, 7.23%, 0, 0, 3, 24.04
1747822045, 0, 133, 904, 902, 21, 7.23%, 0, 0, 3, 23.89
1747822050, 0, 134, 904, 902, 21, 7.23%, 0, 0, 3, 23.57
1747822055, 0, 135, 904, 902, 21, 7.23%, 0, 0, 3, 25.41
1747822060, 0, 136, 904, 902, 21, 7.23%, 0, 0, 3, 24.20
1747822066, 0, 137, 904, 902, 21, 7.23%, 0, 0, 3, 24.26
1747822071, 0, 138, 904, 902, 21, 7.23%, 0, 0, 3, 25.89
1747822076, 0, 139, 905, 903, 21, 7.23%, 0, 0, 3, 24.08
1747822081, 0, 139, 906, 904, 21, 7.23%, 0, 0, 3, 23.84
1747822101, 0, 141, 906, 904, 21, 7.23%, 0, 0, 3, 13.86
1747822112, 0, 142, 906, 904, 21, 7.23%, 0, 0, 3, 13.85
1747822122, 0, 143, 906, 904, 21, 7.23%, 0, 0, 3, 13.66
1747822132, 0, 144, 906, 904, 21, 7.23%, 0, 0, 3, 14.08
1747822137, 0, 146, 906, 904, 21, 7.23%, 0, 0, 3, 14.23
1747822148, 0, 146, 907, 905, 21, 7.23%, 0, 0, 3, 14.06
1747822153, 0, 146, 908, 906, 21, 7.24%, 0, 0, 3, 14.10
1747822178, 0, 147, 908, 906, 21, 7.24%, 0, 0, 3, 13.97
1747822183, 0, 148, 908, 906, 21, 7.24%, 0, 0, 3, 14.06
1747822194, 0, 149, 908, 906, 21, 7.24%, 0, 0, 3, 14.21
1747822204, 0, 150, 908, 906, 21, 7.24%, 0, 0, 3, 14.11
1747822214, 0, 152, 908, 906, 21, 7.24%, 0, 0, 3, 14.09
1747822224, 0, 153, 908, 906, 21, 7.24%, 0, 0, 3, 13.71
1747822229, 0, 154, 908, 906, 21, 7.24%, 0, 0, 3, 13.66
1747822239, 0, 156, 908, 906, 21, 7.24%, 0, 0, 3, 14.27
1747822250, 0, 157, 908, 906, 21, 7.24%, 0, 0, 3, 14.19
1747822260, 0, 158, 908, 906, 21, 7.24%, 0, 0, 3, 14.90
1747822265, 0, 159, 908, 906, 21, 7.24%, 0, 0, 3, 15.22
1747822275, 0, 160, 908, 906, 21, 7.24%, 0, 0, 3, 14.69
1747822285, 0, 161, 908, 906, 21, 7.24%, 0, 0, 3, 13.66
1747822296, 0, 165, 909, 907, 21, 7.24%, 0, 0, 3, 13.86
1747822311, 0, 166, 909, 907, 21, 7.24%, 0, 0, 3, 13.83
1747822321, 0, 168, 909, 907, 21, 7.24%, 0, 0, 3, 13.75
1747822331, 0, 170, 909, 907, 21, 7.24%, 0, 0, 3, 13.77
1747822342, 0, 172, 909, 907, 21, 7.24%, 0, 0, 3, 13.90
1747822352, 0, 173, 909, 907, 21, 7.24%, 0, 0, 3, 13.59
1747822357, 0, 174, 909, 907, 21, 7.24%, 0, 0, 3, 13.38
1747822362, 0, 174, 910, 908, 21, 7.24%, 0, 0, 3, 13.45
1747822378, 0, 175, 910, 908, 21, 7.24%, 0, 0, 3, 13.47
1747822383, 0, 175, 911, 909, 21, 7.24%, 0, 0, 3, 13.39
1747822398, 0, 176, 911, 909, 21, 7.24%, 0, 0, 3, 13.79
1747822403, 0, 176, 912, 910, 21, 7.27%, 0, 0, 3, 13.91
1747822419, 0, 177, 912, 910, 22, 7.27%, 0, 0, 3, 15.00
1747822424, 0, 178, 912, 910, 22, 7.27%, 0, 0, 3, 15.08
1747822434, 0, 178, 913, 911, 22, 7.27%, 0, 0, 3, 14.11
1747822444, 0, 179, 913, 911, 22, 7.27%, 0, 0, 3, 14.61
1747822454, 0, 181, 913, 911, 22, 7.27%, 0, 0, 3, 14.05
1747822465, 0, 182, 913, 911, 22, 7.27%, 0, 0, 3, 13.47
1747822470, 0, 184, 913, 911, 22, 7.27%, 0, 0, 3, 13.83
1747822480, 0, 185, 913, 911, 22, 7.27%, 0, 0, 3, 15.37
1747822490, 0, 186, 913, 911, 22, 7.27%, 0, 0, 3, 14.37
1747822495, 0, 189, 913, 911, 22, 7.27%, 0, 0, 3, 13.99
1747822506, 0, 190, 913, 911, 22, 7.27%, 0, 0, 3, 13.38
1747822516, 0, 191, 913, 911, 22, 7.27%, 0, 0, 3, 13.37
1747822526, 0, 192, 913, 911, 22, 7.27%, 0, 0, 3, 13.70
1747822536, 0, 193, 913, 911, 22, 7.27%, 0, 0, 3, 14.01
1747822542, 0, 195, 913, 911, 22, 7.27%, 0, 0, 3, 14.13
1747822547, 0, 195, 914, 912, 22, 7.27%, 0, 0, 3, 13.50
1747822562, 0, 196, 914, 912, 22, 7.27%, 0, 0, 3, 13.36
1747822572, 0, 198, 914, 912, 22, 7.27%, 0, 0, 3, 13.25
1747822583, 0, 199, 914, 912, 22, 7.27%, 0, 0, 3, 13.40
1747822593, 0, 200, 914, 912, 22, 7.27%, 0, 0, 3, 13.45
1747822603, 0, 201, 914, 912, 22, 7.27%, 0, 0, 3, 13.49
1747822614, 0, 204, 915, 913, 22, 7.27%, 0, 0, 3, 13.33
1747822629, 0, 205, 915, 913, 22, 7.27%, 0, 0, 3, 13.29
1747822640, 0, 206, 915, 913, 22, 7.27%, 0, 0, 3, 13.99
1747822650, 0, 207, 915, 913, 22, 7.27%, 0, 0, 3, 14.49
1747822660, 0, 208, 915, 913, 22, 7.27%, 0, 0, 3, 13.64
1747822665, 0, 208, 916, 914, 22, 7.27%, 0, 0, 3, 13.31
1747822680, 0, 209, 916, 914, 22, 7.27%, 0, 0, 3, 13.37
1747822686, 0, 211, 916, 914, 22, 7.27%, 0, 0, 3, 13.49
1747822696, 0, 212, 916, 914, 22, 7.27%, 0, 0, 3, 13.84
1747822706, 0, 213, 916, 914, 22, 7.27%, 0, 0, 3, 13.81
1747822716, 0, 214, 916, 914, 22, 7.27%, 0, 0, 3, 14.75
1747822721, 0, 215, 916, 914, 22, 7.27%, 0, 0, 3, 15.04
1747822732, 0, 216, 916, 914, 22, 7.27%, 0, 0, 3, 14.91
1747822742, 0, 217, 916, 914, 22, 7.27%, 0, 0, 3, 13.77
1747822752, 0, 218, 916, 914, 22, 7.27%, 0, 0, 3, 14.53
1747822757, 0, 219, 916, 914, 22, 7.27%, 0, 0, 3, 15.16
1747822767, 0, 220, 916, 914, 22, 7.27%, 0, 0, 3, 15.65
1747822777, 0, 221, 916, 914, 22, 7.27%, 0, 0, 3, 14.07
1747822782, 0, 222, 916, 914, 22, 7.27%, 0, 0, 3, 13.71
1747822793, 0, 222, 917, 915, 22, 7.27%, 0, 0, 3, 15.54
1747822803, 0, 223, 917, 915, 22, 7.27%, 0, 0, 3, 14.66
1747822813, 0, 224, 917, 915, 22, 7.27%, 0, 0, 3, 13.63
1747822818, 0, 226, 917, 915, 22, 7.27%, 0, 0, 3, 13.36
1747822828, 0, 227, 917, 915, 22, 7.27%, 0, 0, 3, 13.40
1747822839, 0, 228, 917, 915, 22, 7.27%, 0, 0, 3, 13.80
1747822849, 0, 229, 917, 915, 22, 7.27%, 0, 0, 3, 14.80
1747822859, 0, 230, 917, 915, 22, 7.27%, 0, 0, 3, 15.52
1747822864, 0, 231, 917, 915, 22, 7.27%, 0, 0, 3, 15.60
1747822874, 0, 232, 917, 915, 22, 7.27%, 0, 0, 3, 14.15
1747822885, 0, 233, 917, 915, 22, 7.27%, 0, 0, 3, 13.58
1747822890, 0, 235, 917, 915, 22, 7.27%, 0, 0, 3, 13.72
1747822900, 0, 236, 917, 915, 22, 7.27%, 0, 0, 3, 14.43
1747822910, 0, 238, 917, 915, 22, 7.27%, 0, 0, 3, 13.66
1747822920, 0, 239, 917, 915, 22, 7.27%, 0, 0, 3, 14.00
1747822931, 0, 240, 917, 915, 22, 7.27%, 0, 0, 3, 13.63
1747822936, 0, 241, 917, 915, 22, 7.27%, 0, 0, 3, 13.74
1747822946, 0, 242, 917, 915, 22, 7.27%, 0, 0, 3, 13.81
1747822956, 0, 244, 917, 915, 22, 7.27%, 0, 0, 3, 13.45
1747822966, 0, 246, 917, 915, 22, 7.27%, 0, 0, 3, 13.47
1747822976, 0, 247, 917, 915, 22, 7.27%, 0, 0, 3, 14.70
1747822982, 0, 248, 917, 915, 22, 7.27%, 0, 0, 3, 15.01
1747822992, 0, 249, 917, 915, 22, 7.27%, 0, 0, 3, 13.96
1747823002, 0, 250, 917, 915, 22, 7.27%, 0, 0, 3, 13.42
1747823012, 0, 251, 917, 915, 22, 7.27%, 0, 0, 3, 14.47
1747823023, 0, 252, 917, 915, 22, 7.27%, 0, 0, 3, 14.19
1747823028, 0, 254, 917, 915, 22, 7.27%, 0, 0, 3, 14.19
1747823038, 0, 255, 917, 915, 22, 7.27%, 0, 0, 3, 14.12
1747823048, 0, 256, 917, 915, 22, 7.27%, 0, 0, 3, 14.04
1747823059, 0, 258, 917, 915, 22, 7.27%, 0, 0, 3, 13.66
1747823064, 0, 259, 917, 915, 22, 7.27%, 0, 0, 3, 13.47
1747823074, 0, 260, 917, 915, 22, 7.27%, 0, 0, 3, 13.99
1747823084, 0, 261, 917, 915, 22, 7.27%, 0, 0, 3, 15.50
1747823094, 0, 262, 917, 915, 22, 7.27%, 0, 0, 3, 13.83
1747823100, 0, 263, 917, 915, 22, 7.27%, 0, 0, 3, 13.73
1747823110, 0, 264, 917, 915, 22, 7.27%, 0, 0, 3, 14.63
1747823120, 0, 265, 917, 915, 22, 7.27%, 0, 0, 3, 16.24
1747823125, 0, 267, 917, 915, 22, 7.27%, 0, 0, 3, 21.91
1747823130, 0, 268, 917, 915, 22, 7.27%, 0, 0, 3, 22.82
1747823135, 0, 269, 917, 915, 22, 7.27%, 0, 0, 3, 22.87
1747823140, 0, 271, 917, 915, 22, 7.27%, 0, 0, 3, 22.65
1747823145, 0, 272, 917, 915, 22, 7.27%, 0, 0, 3, 22.82
1747823155, 0, 276, 917, 915, 22, 7.27%, 0, 0, 3, 26.00
1747823160, 0, 277, 917, 915, 22, 7.27%, 0, 0, 3, 25.69
1747823165, 0, 279, 917, 915, 22, 7.27%, 0, 0, 3, 25.96
1747823176, 0, 280, 917, 915, 22, 7.27%, 0, 0, 3, 23.09
1747823181, 0, 281, 917, 915, 22, 7.27%, 0, 0, 3, 25.07
1747823186, 0, 282, 917, 915, 22, 7.27%, 0, 0, 3, 24.28
1747823191, 0, 283, 917, 915, 22, 7.27%, 0, 0, 3, 23.96
1747823196, 0, 284, 918, 916, 22, 7.27%, 0, 0, 3, 23.17
1747823206, 0, 285, 918, 916, 23, 7.27%, 0, 0, 3, 24.55
1747823211, 0, 286, 918, 916, 23, 7.27%, 0, 0, 3, 23.71
1747823216, 0, 289, 918, 916, 23, 7.27%, 0, 0, 3, 22.99
1747823222, 0, 290, 918, 916, 23, 7.27%, 0, 0, 3, 22.80
1747823227, 0, 291, 918, 916, 23, 7.27%, 0, 0, 3, 23.89
1747823232, 0, 292, 918, 916, 23, 7.27%, 0, 0, 3, 24.47
1747823237, 0, 292, 919, 917, 23, 7.27%, 0, 0, 3, 22.93
1747823242, 0, 292, 920, 918, 23, 7.27%, 0, 0, 3, 22.22
1747823257, 0, 293, 920, 918, 23, 7.27%, 0, 0, 3, 22.61
1747823262, 0, 294, 920, 918, 23, 7.27%, 0, 0, 3, 22.81
1747823267, 0, 295, 920, 918, 23, 7.27%, 0, 0, 3, 23.48
1747823273, 0, 296, 920, 918, 23, 7.27%, 0, 0, 3, 25.03
1747823278, 0, 297, 920, 918, 23, 7.27%, 0, 0, 3, 23.80
1747823283, 0, 298, 920, 918, 23, 7.27%, 0, 0, 3, 23.23
1747823288, 0, 300, 920, 918, 23, 7.27%, 0, 0, 3, 23.29
1747823293, 0, 301, 920, 918, 23, 7.27%, 0, 0, 3, 23.15
1747823298, 0, 302, 920, 918, 23, 7.27%, 0, 0, 3, 24.19
1747823303, 0, 303, 920, 918, 23, 7.27%, 0, 0, 3, 25.26
1747823308, 0, 304, 920, 918, 23, 7.27%, 0, 0, 3, 24.02
1747823313, 0, 305, 920, 918, 23, 7.27%, 0, 0, 3, 23.92
1747823318, 0, 306, 920, 918, 23, 7.27%, 0, 0, 3, 23.81
1747823329, 0, 308, 920, 918, 23, 7.27%, 0, 0, 3, 25.74
1747823334, 0, 308, 921, 919, 23, 7.27%, 0, 0, 3, 23.63
1747823344, 0, 309, 921, 919, 23, 7.27%, 0, 0, 3, 22.94
1747823349, 0, 310, 921, 919, 23, 7.27%, 0, 0, 3, 23.15
1747823354, 0, 311, 921, 919, 23, 7.27%, 0, 0, 3, 23.06
1747823359, 0, 312, 921, 919, 23, 7.27%, 0, 0, 3, 23.16
1747823364, 0, 313, 921, 919, 23, 7.27%, 0, 0, 3, 17.55
1747823375, 0, 314, 921, 919, 23, 7.27%, 0, 0, 3, 14.28
1747823385, 0, 315, 921, 919, 23, 7.27%, 0, 0, 3, 13.95
1747823390, 0, 316, 921, 919, 23, 7.27%, 0, 0, 3, 14.00
1747823400, 0, 317, 921, 919, 23, 7.27%, 0, 0, 3, 13.59
1747823410, 0, 318, 921, 919, 23, 7.27%, 0, 0, 3, 13.70
1747823421, 0, 320, 921, 919, 23, 7.27%, 0, 0, 3, 13.47
1747823431, 0, 323, 921, 919, 23, 7.27%, 0, 0, 3, 13.87
1747823441, 0, 324, 921, 919, 23, 7.27%, 0, 0, 3, 14.03
1747823446, 0, 325, 921, 919, 23, 7.27%, 0, 0, 3, 14.04
1747823457, 0, 326, 921, 919, 23, 7.27%, 0, 0, 3, 14.71
1747823467, 0, 327, 921, 919, 23, 7.27%, 0, 0, 3, 15.42
1747823472, 0, 328, 921, 919, 23, 7.27%, 0, 0, 3, 14.77
1747823482, 0, 330, 921, 919, 23, 7.27%, 0, 0, 3, 13.71
1747823493, 0, 331, 921, 919, 23, 7.27%, 0, 0, 3, 14.66
1747823503, 0, 332, 921, 919, 23, 7.27%, 0, 0, 3, 15.43
1747823508, 0, 337, 921, 919, 23, 7.27%, 0, 0, 3, 14.95
1747823518, 0, 338, 921, 919, 23, 7.27%, 0, 0, 3, 14.82
1747823529, 0, 339, 921, 919, 23, 7.27%, 0, 0, 3, 13.91
1747823534, 0, 340, 921, 919, 23, 7.27%, 0, 0, 3, 13.49
1747823544, 0, 342, 921, 919, 23, 7.27%, 0, 0, 3, 13.89
1747823554, 0, 343, 921, 919, 23, 7.27%, 0, 0, 3, 14.54
1747823564, 0, 344, 921, 919, 23, 7.27%, 0, 0, 3, 14.00
1747823570, 0, 346, 921, 919, 23, 7.27%, 0, 0, 3, 14.30
1747823580, 0, 347, 921, 919, 23, 7.27%, 0, 0, 3, 14.74
1747823590, 0, 348, 921, 919, 23, 7.27%, 0, 0, 3, 14.09
1747823600, 0, 349, 921, 919, 23, 7.27%, 0, 0, 3, 14.15
1747823606, 0, 350, 921, 919, 23, 7.27%, 0, 0, 3, 14.44
1747823616, 0, 351, 921, 919, 23, 7.27%, 0, 0, 3, 14.26
1747823626, 0, 353, 921, 919, 23, 7.27%, 0, 0, 3, 13.28
1747823636, 0, 354, 921, 919, 23, 7.27%, 0, 0, 3, 14.58
1747823641, 0, 356, 921, 919, 23, 7.27%, 0, 0, 3, 14.65
1747823647, 0, 356, 922, 920, 23, 7.27%, 0, 0, 3, 13.72
1747823662, 0, 356, 923, 921, 23, 7.27%, 0, 0, 3, 13.33
1747823683, 0, 357, 923, 921, 23, 7.27%, 0, 0, 3, 13.30
1747823693, 0, 358, 924, 922, 23, 7.27%, 0, 0, 3, 13.39
1747823709, 0, 358, 925, 923, 23, 7.27%, 0, 0, 3, 13.31
1747823735, 0, 360, 925, 923, 23, 7.27%, 0, 0, 3, 15.06
1747823740, 0, 361, 925, 923, 23, 7.27%, 0, 0, 3, 14.46
1747823750, 0, 362, 925, 923, 23, 7.27%, 0, 0, 3, 13.45
1747823760, 0, 364, 925, 923, 23, 7.27%, 0, 0, 3, 13.39
1747823771, 0, 365, 925, 923, 23, 7.27%, 0, 0, 3, 14.74
1747823776, 0, 366, 925, 923, 23, 7.27%, 0, 0, 3, 14.67
1747823786, 0, 367, 925, 923, 23, 7.27%, 0, 0, 3, 13.54
1747823796, 0, 368, 925, 923, 23, 7.27%, 0, 0, 3, 13.53
1747823807, 0, 370, 925, 923, 23, 7.27%, 0, 0, 3, 13.35
1747823817, 0, 372, 925, 923, 23, 7.27%, 0, 0, 3, 14.57
1747823822, 0, 374, 925, 923, 23, 7.27%, 0, 0, 3, 14.78
1747823832, 0, 375, 925, 923, 23, 7.27%, 0, 0, 3, 13.48
1747823843, 0, 376, 925, 923, 23, 7.27%, 0, 0, 3, 13.42
1747823853, 0, 377, 925, 923, 23, 7.27%, 0, 0, 3, 14.47
1747823863, 0, 378, 925, 923, 23, 7.27%, 0, 0, 3, 15.39
1747823868, 0, 380, 925, 923, 23, 7.27%, 0, 0, 3, 14.51
1747823879, 0, 381, 925, 923, 23, 7.27%, 0, 0, 3, 14.48
1747823889, 0, 382, 925, 923, 23, 7.27%, 0, 0, 3, 13.79
1747823894, 0, 384, 925, 923, 23, 7.27%, 0, 0, 3, 13.46
1747823905, 0, 385, 925, 923, 23, 7.27%, 0, 0, 3, 13.49
1747823915, 0, 386, 925, 923, 23, 7.27%, 0, 0, 3, 14.01
1747823925, 0, 387, 925, 923, 23, 7.27%, 0, 0, 3, 14.19
1747823935, 0, 388, 925, 923, 23, 7.27%, 0, 0, 3, 14.84
1747823941, 0, 389, 925, 923, 23, 7.27%, 0, 0, 3, 15.34
1747823951, 0, 390, 925, 923, 23, 7.27%, 0, 0, 3, 14.09
1747823961, 0, 391, 925, 923, 23, 7.27%, 0, 0, 3, 13.32
1747823971, 0, 393, 926, 924, 23, 7.27%, 0, 0, 3, 13.13
1747823981, 0, 393, 927, 925, 23, 7.27%, 0, 0, 3, 13.34
1747824007, 0, 396, 927, 925, 23, 7.27%, 0, 0, 3, 13.36
1747824018, 0, 396, 928, 926, 23, 7.27%, 0, 0, 3, 13.28
1747824028, 0, 397, 928, 926, 23, 7.27%, 0, 0, 3, 13.97
1747824038, 0, 398, 928, 926, 23, 7.27%, 0, 0, 3, 14.03
1747824048, 0, 399, 928, 926, 23, 7.27%, 0, 0, 3, 13.92
1747824054, 0, 400, 928, 926, 23, 7.27%, 0, 0, 3, 14.01
1747824064, 0, 402, 928, 926, 23, 7.27%, 0, 0, 3, 13.46
1747824074, 0, 403, 928, 926, 23, 7.27%, 0, 0, 3, 13.32
1747824085, 0, 405, 928, 926, 23, 7.27%, 0, 0, 3, 13.33
1747824095, 0, 406, 928, 926, 23, 7.27%, 0, 0, 3, 13.43
1747824105, 0, 407, 928, 926, 23, 7.27%, 0, 0, 3, 13.37
1747824116, 0, 409, 928, 926, 23, 7.27%, 0, 0, 3, 13.36
1747824121, 0, 410, 928, 926, 23, 7.27%, 0, 0, 3, 13.38
1747824131, 0, 411, 928, 926, 23, 7.27%, 0, 0, 3, 13.35
1747824141, 0, 412, 928, 926, 23, 7.27%, 0, 0, 3, 14.12
1747824152, 0, 413, 928, 926, 23, 7.27%, 0, 0, 3, 15.42
1747824157, 0, 414, 928, 926, 23, 7.27%, 0, 0, 3, 15.16
1747824167, 0, 415, 928, 926, 23, 7.27%, 0, 0, 3, 13.63
1747824177, 0, 416, 928, 926, 23, 7.27%, 0, 0, 3, 13.74
1747824182, 0, 416, 929, 927, 23, 7.27%, 0, 0, 3, 13.39
1747824187, 0, 416, 930, 928, 23, 7.27%, 0, 0, 3, 13.30
1747824218, 0, 417, 930, 928, 23, 7.27%, 0, 0, 3, 13.35
1747824229, 0, 419, 930, 928, 23, 7.27%, 0, 0, 3, 15.13
1747824234, 0, 420, 930, 928, 23, 7.27%, 0, 0, 3, 14.53
1747824244, 0, 420, 931, 929, 23, 7.27%, 0, 0, 3, 13.29
1747824254, 0, 421, 931, 929, 23, 7.27%, 0, 0, 3, 14.37
1747824264, 0, 422, 931, 929, 23, 7.27%, 0, 0, 3, 13.86
1747824275, 0, 423, 931, 929, 23, 7.27%, 0, 0, 3, 13.35
1747824280, 0, 425, 931, 929, 23, 7.27%, 0, 0, 3, 13.82
1747824290, 0, 426, 931, 929, 23, 7.27%, 0, 0, 3, 14.71
1747824300, 0, 427, 932, 930, 23, 7.27%, 0, 0, 3, 13.54
1747824321, 0, 428, 932, 930, 23, 7.27%, 0, 0, 3, 13.30
1747824326, 0, 430, 932, 930, 23, 7.27%, 0, 0, 3, 13.21
1747824336, 0, 431, 932, 930, 23, 7.27%, 0, 0, 3, 13.35
1747824347, 0, 432, 932, 930, 23, 7.27%, 0, 0, 3, 13.40
1747824357, 0, 434, 932, 930, 23, 7.27%, 0, 0, 3, 13.38
1747824367, 0, 435, 932, 930, 23, 7.27%, 0, 0, 3, 14.47
1747824377, 0, 437, 932, 930, 23, 7.27%, 0, 0, 3, 15.17
1747824383, 0, 438, 932, 930, 23, 7.27%, 0, 0, 3, 14.47
1747824393, 0, 439, 932, 930, 23, 7.27%, 0, 0, 3, 13.32
1747824403, 0, 440, 932, 930, 23, 7.27%, 0, 0, 3, 14.44
1747824414, 0, 442, 932, 930, 23, 7.27%, 0, 0, 3, 13.73
1747824419, 0, 443, 932, 930, 23, 7.27%, 0, 0, 3, 13.45
1747824429, 0, 444, 932, 930, 23, 7.27%, 0, 0, 3, 13.88
1747824439, 0, 445, 932, 930, 23, 7.27%, 0, 0, 3, 15.41
1747824444, 0, 447, 932, 930, 23, 7.27%, 0, 0, 3, 15.56
1747824455, 0, 449, 932, 930, 23, 7.27%, 0, 0, 3, 13.41
1747824465, 0, 450, 932, 930, 23, 7.27%, 0, 0, 3, 14.05
1747824475, 0, 451, 932, 930, 23, 7.27%, 0, 0, 3, 14.12
1747824486, 0, 452, 932, 930, 23, 7.27%, 0, 0, 3, 13.44
1747824496, 0, 454, 932, 930, 23, 7.27%, 0, 0, 3, 13.36
1747824501, 0, 455, 932, 930, 23, 7.27%, 0, 0, 3, 13.36
1747824512, 0, 457, 932, 930, 23, 7.27%, 0, 0, 3, 14.17
1747824522, 0, 459, 932, 930, 23, 7.27%, 0, 0, 3, 15.56
1747824527, 0, 460, 932, 930, 23, 7.27%, 0, 0, 3, 15.61
1747824537, 0, 462, 932, 930, 23, 7.27%, 0, 0, 3, 15.73
1747824548, 0, 463, 932, 930, 23, 7.27%, 0, 0, 3, 13.93
1747824553, 0, 464, 932, 930, 23, 7.27%, 0, 0, 3, 13.58
1747824563, 0, 464, 933, 931, 23, 7.27%, 0, 0, 3, 13.42
1747824573, 0, 465, 933, 931, 23, 7.27%, 0, 0, 3, 13.34
1747824584, 0, 466, 933, 931, 23, 7.27%, 0, 0, 3, 13.30
1747824594, 0, 467, 933, 931, 23, 7.27%, 0, 0, 3, 14.45
1747824604, 0, 468, 933, 931, 23, 7.27%, 0, 0, 3, 14.43
1747824609, 0, 469, 933, 931, 23, 7.27%, 0, 0, 3, 14.13
1747824620, 0, 470, 933, 931, 23, 7.27%, 0, 0, 3, 13.44
1747824630, 0, 471, 933, 931, 23, 7.27%, 0, 0, 3, 13.38
1747824640, 0, 472, 934, 932, 23, 7.27%, 0, 0, 3, 13.30
1747824661, 0, 473, 934, 932, 23, 7.27%, 0, 0, 3, 14.52
1747824666, 0, 474, 934, 932, 23, 7.27%, 0, 0, 3, 15.20
1747824677, 0, 474, 936, 934, 23, 7.27%, 0, 0, 3, 15.41
1747824702, 0, 475, 936, 934, 23, 7.27%, 0, 0, 3, 14.32
1747824713, 0, 476, 936, 934, 23, 7.27%, 0, 0, 3, 13.37
1747824723, 0, 477, 936, 934, 23, 7.27%, 0, 0, 3, 13.37
1747824733, 0, 478, 936, 934, 23, 7.27%, 0, 0, 3, 13.93
1747824738, 0, 479, 936, 934, 23, 7.27%, 0, 0, 3, 14.30
1747824749, 0, 480, 936, 934, 23, 7.27%, 0, 0, 3, 15.51
1747824759, 0, 481, 936, 934, 23, 7.27%, 0, 0, 3, 15.60
1747824764, 0, 482, 936, 934, 23, 7.27%, 0, 0, 3, 14.85
1747824774, 0, 484, 936, 934, 23, 7.27%, 0, 0, 3, 14.51
1747824784, 0, 485, 936, 934, 23, 7.27%, 0, 0, 3, 13.99
1747824794, 0, 486, 936, 934, 23, 7.27%, 0, 0, 3, 14.04
1747824799, 0, 487, 936, 934, 23, 7.27%, 0, 0, 3, 13.88
1747824810, 0, 488, 936, 934, 23, 7.27%, 0, 0, 3, 13.66
1747824820, 0, 489, 936, 934, 23, 7.27%, 0, 0, 3, 13.67
1747824830, 0, 490, 936, 934, 23, 7.27%, 0, 0, 3, 13.41
1747824841, 0, 493, 936, 934, 23, 7.27%, 0, 0, 3, 14.85
1747824846, 0, 494, 936, 934, 23, 7.27%, 0, 0, 3, 14.93
1747824856, 0, 495, 936, 934, 23, 7.27%, 0, 0, 3, 13.83
1747824866, 0, 496, 936, 934, 23, 7.27%, 0, 0, 3, 13.38
1747824877, 0, 498, 936, 934, 23, 7.27%, 0, 0, 3, 13.32
1747824887, 0, 499, 936, 934, 23, 7.27%, 0, 0, 3, 13.37
1747824892, 0, 500, 936, 934, 23, 7.27%, 0, 0, 3, 13.43
1747824902, 0, 501, 936, 934, 23, 7.27%, 0, 0, 3, 15.37
1747824913, 0, 502, 936, 934, 23, 7.27%, 0, 0, 3, 15.69
1747824918, 0, 503, 936, 934, 23, 7.27%, 0, 0, 3, 14.99
1747824928, 0, 504, 936, 934, 23, 7.27%, 0, 0, 3, 14.24
1747824938, 0, 506, 936, 934, 23, 7.27%, 0, 0, 3, 14.03
1747824949, 0, 507, 936, 934, 23, 7.27%, 0, 0, 3, 15.02
1747824954, 0, 508, 936, 934, 23, 7.27%, 0, 0, 3, 14.64
1747824964, 0, 511, 936, 934, 23, 7.27%, 0, 0, 3, 13.45
1747824974, 0, 513, 936, 934, 23, 7.27%, 0, 0, 3, 13.77
1747824984, 0, 515, 936, 934, 23, 7.27%, 0, 0, 3, 15.03
1747824989, 0, 516, 936, 934, 23, 7.27%, 0, 0, 3, 15.03
1747825000, 0, 517, 936, 934, 23, 7.27%, 0, 0, 3, 14.20
1747825010, 0, 518, 936, 934, 23, 7.27%, 0, 0, 3, 14.02
1747825020, 0, 519, 936, 934, 23, 7.27%, 0, 0, 3, 13.29
1747825030, 0, 520, 937, 935, 23, 7.27%, 0, 0, 3, 13.17
1747825046, 0, 521, 937, 935, 23, 7.27%, 0, 0, 3, 13.36
1747825056, 0, 522, 937, 935, 23, 7.27%, 0, 0, 3, 13.35
1747825067, 0, 523, 937, 935, 23, 7.27%, 0, 0, 3, 13.31
1747825077, 0, 524, 937, 935, 23, 7.27%, 0, 0, 3, 13.77
1747825087, 0, 525, 937, 935, 23, 7.27%, 0, 0, 3, 13.53
1747825097, 0, 526, 937, 935, 23, 7.27%, 0, 0, 3, 13.38
1747825108, 0, 527, 937, 935, 23, 7.27%, 0, 0, 3, 13.35
1747825113, 0, 528, 937, 935, 23, 7.27%, 0, 0, 3, 13.28
1747825123, 0, 529, 937, 935, 23, 7.27%, 0, 0, 3, 13.39
1747825133, 0, 530, 937, 935, 23, 7.27%, 0, 0, 3, 13.79
1747825144, 0, 531, 937, 935, 23, 7.27%, 0, 0, 3, 13.59
1747825154, 0, 532, 937, 935, 23, 7.27%, 0, 0, 3, 13.34
1747825164, 0, 533, 937, 935, 23, 7.27%, 0, 0, 3, 13.88
1747825169, 0, 534, 937, 935, 23, 7.27%, 0, 0, 3, 13.94
1747825180, 0, 535, 937, 935, 23, 7.27%, 0, 0, 3, 13.38
1747825190, 0, 535, 938, 936, 23, 7.28%, 0, 0, 3, 13.19
1747825200, 0, 536, 938, 936, 24, 7.28%, 0, 0, 3, 13.73
1747825210, 0, 538, 938, 936, 24, 7.28%, 0, 0, 3, 15.01
1747825216, 0, 539, 938, 936, 24, 7.28%, 0, 0, 3, 15.39
1747825226, 0, 540, 938, 936, 24, 7.28%, 0, 0, 3, 14.41
1747825236, 0, 541, 938, 936, 24, 7.28%, 0, 0, 3, 13.87
1747825246, 0, 542, 939, 937, 24, 7.28%, 0, 0, 3, 13.27
1747825267, 0, 543, 939, 937, 24, 7.28%, 0, 0, 3, 13.42
1747825272, 0, 544, 939, 937, 24, 7.28%, 0, 0, 3, 13.40
1747825282, 0, 545, 939, 937, 24, 7.28%, 0, 0, 3, 13.31
1747825293, 0, 546, 939, 937, 24, 7.28%, 0, 0, 3, 13.31
1747825303, 0, 548, 939, 937, 24, 7.28%, 0, 0, 3, 13.33
1747825313, 0, 550, 939, 937, 24, 7.28%, 0, 0, 3, 13.41
1747825324, 0, 551, 939, 937, 24, 7.28%, 0, 0, 3, 13.33
1747825334, 0, 553, 939, 937, 24, 7.28%, 0, 0, 3, 13.38
1747825339, 0, 554, 939, 937, 24, 7.28%, 0, 0, 3, 13.34
1747825350, 0, 555, 939, 937, 24, 7.28%, 0, 0, 3, 13.36
1747825360, 0, 556, 939, 937, 24, 7.28%, 0, 0, 3, 13.34
1747825370, 0, 557, 939, 937, 24, 7.28%, 0, 0, 3, 14.23
1747825380, 0, 558, 939, 937, 24, 7.28%, 0, 0, 3, 13.85
1747825391, 0, 559, 939, 937, 24, 7.28%, 0, 0, 3, 13.34
1747825396, 0, 560, 939, 937, 24, 7.28%, 0, 0, 3, 13.37
1747825406, 0, 562, 939, 937, 24, 7.28%, 0, 0, 3, 13.39
1747825417, 0, 563, 939, 937, 24, 7.28%, 0, 0, 3, 13.34
1747825427, 0, 568, 939, 937, 24, 7.28%, 0, 0, 3, 13.38
1747825432, 0, 568, 940, 938, 24, 7.28%, 0, 0, 3, 13.25
1747825447, 0, 569, 940, 938, 24, 7.28%, 0, 0, 3, 13.82
1747825458, 0, 571, 940, 938, 24, 7.28%, 0, 0, 3, 15.09
1747825463, 0, 572, 940, 938, 24, 7.28%, 0, 0, 3, 14.67
1747825473, 0, 573, 940, 938, 24, 7.28%, 0, 0, 3, 13.37
1747825483, 0, 576, 940, 938, 24, 7.28%, 0, 0, 3, 14.55
1747825489, 0, 577, 940, 938, 24, 7.28%, 0, 0, 3, 15.34
1747825499, 0, 580, 940, 938, 24, 7.28%, 0, 0, 3, 13.51
1747825509, 0, 581, 940, 938, 24, 7.28%, 0, 0, 3, 13.41
1747825520, 0, 583, 940, 938, 24, 7.28%, 0, 0, 3, 14.44
1747825530, 0, 584, 940, 938, 24, 7.28%, 0, 0, 3, 13.84
1747825540, 0, 585, 940, 938, 24, 7.28%, 0, 0, 3, 13.36
1747825545, 0, 586, 940, 938, 24, 7.28%, 0, 0, 3, 13.39
1747825556, 0, 586, 941, 939, 24, 7.29%, 0, 0, 3, 13.31
1747825566, 0, 588, 941, 939, 25, 7.29%, 0, 0, 3, 13.25
1747825571, 0, 588, 942, 940, 25, 7.29%, 0, 0, 3, 13.26
1747825587, 0, 589, 942, 940, 25, 7.29%, 0, 0, 3, 13.34
1747825597, 0, 591, 942, 940, 25, 7.29%, 0, 0, 3, 13.34
1747825608, 0, 592, 942, 940, 25, 7.29%, 0, 0, 3, 13.32
1747825618, 0, 595, 942, 940, 25, 7.29%, 0, 0, 3, 13.37
1747825623, 0, 596, 942, 940, 25, 7.29%, 0, 0, 3, 13.36
1747825633, 0, 597, 942, 940, 25, 7.29%, 0, 0, 3, 13.36
1747825644, 0, 598, 942, 940, 25, 7.29%, 0, 0, 3, 13.42
1747825654, 0, 600, 942, 940, 25, 7.29%, 0, 0, 3, 14.48
1747825664, 0, 601, 942, 940, 25, 7.29%, 0, 0, 3, 13.83
1747825674, 0, 602, 942, 940, 25, 7.29%, 0, 0, 3, 13.36
1747825680, 0, 603, 942, 940, 25, 7.29%, 0, 0, 3, 13.26
1747825690, 0, 604, 942, 940, 25, 7.29%, 0, 0, 3, 13.14
1747825700, 0, 605, 942, 940, 25, 7.29%, 0, 0, 3, 13.43
1747825710, 0, 606, 942, 940, 25, 7.29%, 0, 0, 3, 13.34
1747825721, 0, 607, 942, 940, 25, 7.29%, 0, 0, 3, 13.34
1747825731, 0, 608, 942, 940, 25, 7.29%, 0, 0, 3, 13.37
1747825741, 0, 610, 942, 940, 25, 7.29%, 0, 0, 3, 13.40
1747825746, 0, 611, 942, 940, 25, 7.29%, 0, 0, 3, 13.38
1747825757, 0, 612, 942, 940, 25, 7.29%, 0, 0, 3, 13.37
1747825767, 0, 613, 942, 940, 25, 7.29%, 0, 0, 3, 13.08
1747825777, 0, 614, 942, 940, 25, 7.29%, 0, 0, 3, 13.38
1747825788, 0, 615, 942, 940, 25, 7.29%, 0, 0, 3, 13.41
1747825798, 0, 616, 942, 940, 25, 7.29%, 0, 0, 3, 13.20
1747825808, 0, 617, 942, 940, 25, 7.29%, 0, 0, 3, 14.74
1747825813, 0, 618, 942, 940, 25, 7.29%, 0, 0, 3, 14.91
1747825818, 0, 618, 943, 941, 25, 7.29%, 0, 0, 3, 13.47
1747825833, 0, 619, 943, 941, 25, 7.29%, 0, 0, 3, 13.09
1747825844, 0, 620, 943, 941, 25, 7.29%, 0, 0, 3, 13.29
1747825854, 0, 621, 943, 941, 25, 7.29%, 0, 0, 3, 13.10
1747825864, 0, 622, 943, 941, 25, 7.29%, 0, 0, 3, 13.26
1747825875, 0, 623, 944, 942, 25, 7.29%, 0, 0, 3, 12.71
1747825895, 0, 624, 944, 942, 25, 7.29%, 0, 0, 3, 13.21
1747825905, 0, 625, 944, 942, 25, 7.29%, 0, 0, 3, 14.77
1747825910, 0, 627, 944, 942, 25, 7.29%, 0, 0, 3, 14.89
1747825921, 0, 628, 944, 942, 25, 7.29%, 0, 0, 3, 13.01
1747825926, 0, 628, 945, 943, 25, 7.29%, 0, 0, 3, 12.67
1747825941, 0, 629, 945, 943, 25, 7.29%, 0, 0, 3, 13.12
1747825951, 0, 630, 945, 943, 25, 7.29%, 0, 0, 3, 13.19
1747825961, 0, 632, 945, 943, 25, 7.29%, 0, 0, 3, 13.18
1747825972, 0, 634, 945, 943, 25, 7.29%, 0, 0, 3, 13.25
1747825982, 0, 638, 946, 944, 25, 7.29%, 0, 0, 3, 13.28
1747826003, 0, 639, 946, 944, 25, 7.29%, 0, 0, 3, 14.80
1747826008, 0, 640, 946, 944, 25, 7.29%, 0, 0, 3, 14.90
1747826018, 0, 641, 946, 944, 25, 7.29%, 0, 0, 3, 13.41
1747826029, 0, 642, 946, 944, 25, 7.29%, 0, 0, 3, 13.30
1747826039, 0, 644, 946, 944, 25, 7.29%, 0, 0, 3, 13.04
1747826044, 0, 644, 947, 945, 25, 7.29%, 0, 0, 3, 12.97
1747826059, 0, 644, 948, 946, 25, 7.32%, 0, 0, 3, 12.92
1747826080, 0, 644, 949, 947, 25, 7.32%, 0, 0, 3, 12.91
1747826121, 0, 645, 949, 947, 22, 7.32%, 0, 0, 3, 14.47
1747826126, 0, 646, 949, 947, 22, 7.32%, 0, 0, 3, 14.98
1747826136, 0, 647, 949, 947, 22, 7.32%, 0, 0, 3, 13.23
1747826146, 0, 649, 949, 947, 22, 7.32%, 0, 0, 3, 12.87
1747826157, 0, 650, 949, 947, 22, 7.32%, 0, 0, 3, 13.15
1747826162, 0, 650, 950, 948, 22, 7.32%, 0, 0, 3, 13.00
1747826177, 0, 651, 950, 948, 22, 7.32%, 0, 0, 3, 13.01
1747826187, 0, 652, 950, 948, 22, 7.32%, 0, 0, 3, 14.26
1747826198, 0, 653, 950, 948, 22, 7.32%, 0, 0, 3, 15.52
1747826203, 0, 654, 950, 948, 22, 7.32%, 0, 0, 3, 14.76
1747826213, 0, 655, 950, 948, 22, 7.32%, 0, 0, 3, 13.04
1747826223, 0, 656, 950, 948, 22, 7.32%, 0, 0, 3, 13.01
1747826234, 0, 658, 950, 948, 22, 7.32%, 0, 0, 3, 14.55
1747826239, 0, 659, 950, 948, 22, 7.32%, 0, 0, 3, 15.27
1747826244, 0, 659, 951, 949, 22, 7.32%, 0, 0, 3, 13.21
1747826249, 0, 659, 952, 950, 22, 7.32%, 0, 0, 3, 12.50
1747826254, 0, 659, 953, 951, 22, 7.32%, 0, 0, 3, 12.61
1747826275, 0, 659, 954, 952, 22, 7.32%, 0, 0, 3, 12.59
1747826337, 0, 659, 955, 953, 22, 7.32%, 0, 0, 3, 12.64
1747826352, 0, 659, 956, 954, 22, 7.32%, 0, 0, 3, 12.68
1747826383, 0, 659, 957, 955, 22, 7.32%, 0, 0, 3, 12.61
1747826445, 0, 659, 958, 956, 22, 7.32%, 0, 0, 3, 12.25
1747826451, 0, 659, 959, 957, 22, 7.32%, 0, 0, 3, 12.40
1747826512, 0, 659, 960, 958, 22, 7.32%, 0, 0, 3, 12.60
1747826523, 0, 659, 961, 959, 22, 7.32%, 0, 0, 3, 12.54
1747826528, 0, 659, 962, 960, 22, 7.32%, 0, 0, 3, 12.62
1747826569, 0, 659, 963, 961, 22, 7.32%, 0, 0, 3, 12.61
1747826574, 0, 660, 964, 962, 22, 7.33%, 0, 0, 3, 12.42
1747826595, 0, 661, 964, 962, 21, 7.33%, 0, 0, 3, 12.47
1747826605, 0, 662, 964, 962, 21, 7.33%, 0, 0, 3, 12.77
1747826615, 0, 664, 964, 962, 21, 7.33%, 0, 0, 3, 12.72
1747826626, 0, 666, 965, 963, 21, 7.33%, 0, 0, 3, 12.45
1747826646, 0, 667, 965, 963, 21, 7.33%, 0, 0, 3, 13.12
1747826657, 0, 670, 965, 963, 21, 7.33%, 0, 0, 3, 13.31
1747826667, 0, 671, 965, 963, 21, 7.33%, 0, 0, 3, 12.79
1747826678, 0, 672, 965, 963, 21, 7.33%, 0, 0, 3, 12.89
1747826683, 0, 672, 966, 964, 21, 7.33%, 0, 0, 3, 12.90
1747826698, 0, 675, 966, 964, 21, 7.33%, 0, 0, 3, 13.30
1747826703, 0, 676, 966, 964, 21, 7.33%, 0, 0, 3, 13.47
1747826713, 0, 677, 966, 964, 21, 7.33%, 0, 0, 3, 14.20
1747826724, 0, 678, 966, 964, 21, 7.33%, 0, 0, 3, 13.15
1747826729, 0, 678, 967, 965, 21, 7.33%, 0, 0, 3, 13.22
1747826744, 0, 680, 967, 965, 21, 7.33%, 0, 0, 3, 13.30
1747826755, 0, 681, 967, 965, 21, 7.33%, 0, 0, 3, 13.31
1747826765, 0, 682, 967, 965, 21, 7.33%, 0, 0, 3, 13.24
1747826770, 0, 683, 967, 965, 21, 7.33%, 0, 0, 3, 13.32
1747826776, 0, 683, 968, 966, 21, 7.36%, 0, 0, 3, 13.29
1747826791, 0, 684, 968, 966, 21, 7.36%, 0, 0, 3, 13.26
1747826801, 0, 685, 968, 966, 21, 7.36%, 0, 0, 3, 14.08
1747826812, 0, 686, 968, 966, 21, 7.36%, 0, 0, 3, 14.07
1747826822, 0, 687, 968, 966, 21, 7.36%, 0, 0, 3, 12.67
1747826832, 0, 689, 968, 966, 21, 7.36%, 0, 0, 3, 12.54
1747826842, 0, 690, 968, 966, 21, 7.36%, 0, 0, 3, 12.46
1747826852, 0, 691, 968, 966, 21, 7.36%, 0, 0, 3, 12.91
1747826863, 0, 692, 968, 966, 21, 7.36%, 0, 0, 3, 14.98
1747826868, 0, 693, 969, 967, 21, 7.36%, 0, 0, 3, 14.59
1747826888, 0, 694, 969, 967, 21, 7.36%, 0, 0, 3, 14.48
1747826899, 0, 695, 969, 967, 21, 7.36%, 0, 0, 3, 13.20
1747826909, 0, 696, 969, 967, 21, 7.36%, 0, 0, 3, 12.83
1747826919, 0, 697, 969, 967, 21, 7.36%, 0, 0, 3, 12.76
1747826924, 0, 698, 969, 967, 21, 7.36%, 0, 0, 3, 12.70
1747826935, 0, 699, 969, 967, 21, 7.36%, 0, 0, 3, 13.35
1747826945, 0, 700, 969, 967, 21, 7.36%, 0, 0, 3, 14.11
1747826955, 0, 701, 969, 967, 21, 7.36%, 0, 0, 3, 13.56
1747826965, 0, 703, 969, 967, 21, 7.36%, 0, 0, 3, 12.93
1747826976, 0, 704, 969, 967, 21, 7.36%, 0, 0, 3, 12.85
1747826986, 0, 705, 969, 967, 21, 7.36%, 0, 0, 3, 13.19
1747826997, 0, 706, 969, 967, 21, 7.36%, 0, 0, 3, 13.25
1747827002, 0, 707, 969, 967, 21, 7.36%, 0, 0, 3, 13.15
1747827012, 0, 708, 969, 967, 21, 7.36%, 0, 0, 3, 12.85
1747827023, 0, 709, 969, 967, 21, 7.36%, 0, 0, 3, 14.08
1747827033, 0, 710, 969, 967, 21, 7.36%, 0, 0, 3, 14.12
1747827043, 0, 711, 969, 967, 21, 7.36%, 0, 0, 3, 12.99
1747827053, 0, 712, 969, 967, 21, 7.36%, 0, 0, 3, 13.25
1747827059, 0, 713, 969, 967, 21, 7.36%, 0, 0, 3, 13.34
1747827069, 0, 714, 969, 967, 21, 7.36%, 0, 0, 3, 13.86
1747827079, 0, 715, 969, 967, 21, 7.36%, 0, 0, 3, 14.27
1747827089, 0, 716, 969, 967, 21, 7.36%, 0, 0, 3, 12.78
1747827099, 0, 717, 969, 967, 21, 7.36%, 0, 0, 3, 13.09
1747827110, 0, 719, 969, 967, 21, 7.36%, 0, 0, 3, 12.71
1747827120, 0, 721, 969, 967, 21, 7.36%, 0, 0, 3, 12.38
1747827130, 0, 724, 969, 967, 21, 7.36%, 0, 0, 3, 13.08
1747827140, 0, 725, 969, 967, 21, 7.36%, 0, 0, 3, 12.66
1747827150, 0, 726, 969, 967, 21, 7.36%, 0, 0, 3, 13.12
1747827156, 0, 727, 969, 967, 21, 7.36%, 0, 0, 3, 13.37
1747829229, 0, 728, 969, 966, 21, 7.36%, 0, 0, 3, 16.19
1747829234, 0, 729, 969, 966, 21, 7.36%, 0, 0, 3, 14.86
1747829244, 0, 730, 969, 966, 21, 7.36%, 0, 0, 3, 13.42
1747829254, 0, 732, 969, 966, 21, 7.36%, 0, 0, 3, 13.32
1747829265, 0, 733, 969, 966, 21, 7.36%, 0, 0, 3, 12.72
1747829275, 0, 735, 969, 966, 21, 7.36%, 0, 0, 3, 14.54
1747829280, 0, 736, 969, 966, 21, 7.36%, 0, 0, 3, 14.74
1747829290, 0, 737, 969, 966, 21, 7.36%, 0, 0, 3, 12.41
1747829301, 0, 738, 969, 966, 21, 7.36%, 0, 0, 3, 12.14
1747829311, 0, 739, 969, 966, 21, 7.36%, 0, 0, 3, 12.20
1747829316, 0, 739, 971, 968, 21, 7.36%, 0, 0, 3, 11.82
1747829342, 0, 739, 972, 969, 21, 7.36%, 0, 0, 3, 12.13
1747829352, 0, 739, 973, 970, 21, 7.36%, 0, 0, 3, 12.06
1747829435, 0, 739, 974, 971, 21, 7.36%, 0, 0, 3, 11.94
1747829477, 0, 739, 975, 972, 21, 7.36%, 0, 0, 3, 12.06
1747829497, 0, 739, 976, 973, 21, 7.36%, 0, 0, 3, 11.98
1747829508, 0, 739, 977, 974, 21, 7.36%, 0, 0, 3, 12.14
1747829570, 0, 739, 978, 975, 21, 7.36%, 0, 0, 3, 12.08
1747829658, 0, 740, 978, 975, 21, 7.36%, 0, 0, 3, 11.98
1747829663, 0, 740, 979, 976, 21, 7.36%, 0, 0, 3, 11.86
1747829679, 0, 741, 979, 976, 21, 7.36%, 0, 0, 3, 12.41
1747829689, 0, 742, 979, 976, 21, 7.36%, 0, 0, 3, 12.73
1747829699, 0, 743, 979, 976, 21, 7.36%, 0, 0, 3, 11.94
1747829704, 0, 743, 980, 977, 21, 7.36%, 0, 0, 3, 12.08
1747829720, 0, 744, 980, 977, 21, 7.36%, 0, 0, 3, 11.98
1747829735, 0, 745, 980, 977, 21, 7.36%, 0, 0, 3, 11.92
1747829745, 0, 747, 980, 977, 21, 7.36%, 0, 0, 3, 13.04
1747829755, 0, 748, 980, 977, 21, 7.36%, 0, 0, 3, 12.25
1747829765, 0, 749, 980, 977, 21, 7.36%, 0, 0, 3, 11.84
1747829775, 0, 749, 981, 978, 21, 7.36%, 0, 0, 3, 11.73
1747829785, 0, 750, 981, 978, 21, 7.36%, 0, 0, 3, 12.50
1747829796, 0, 751, 981, 978, 21, 7.36%, 0, 0, 3, 12.59
1747829806, 0, 751, 983, 980, 21, 7.36%, 0, 0, 3, 11.70
1747829811, 0, 751, 984, 981, 21, 7.36%, 0, 0, 3, 11.62
1747829822, 0, 751, 985, 982, 21, 7.36%, 0, 0, 3, 11.96
1747829827, 0, 751, 986, 983, 21, 7.36%, 0, 0, 3, 11.93
1747829908, 0, 751, 987, 984, 21, 7.36%, 0, 0, 3, 11.72
1747830146, 0, 752, 987, 984, 21, 7.36%, 0, 0, 3, 11.95
1747830156, 0, 753, 987, 984, 21, 7.36%, 0, 0, 3, 11.90
1747830161, 0, 753, 989, 986, 21, 7.43%, 0, 0, 3, 11.65
1747830192, 0, 753, 991, 988, 21, 7.43%, 0, 0, 3, 11.48
1747830197, 0, 753, 992, 989, 21, 7.43%, 0, 0, 3, 11.57
1747830213, 0, 753, 993, 990, 21, 7.43%, 0, 0, 3, 11.66
1747830223, 0, 753, 994, 991, 21, 7.43%, 0, 0, 3, 11.64
1747830244, 0, 753, 995, 992, 21, 7.43%, 0, 0, 3, 11.70
1747830254, 0, 753, 996, 993, 21, 7.43%, 0, 0, 3, 11.60
1747830285, 0, 753, 997, 994, 21, 7.43%, 0, 0, 3, 11.65
1747830290, 0, 753, 998, 995, 21, 7.43%, 0, 0, 3, 11.62
1747830305, 0, 753, 999, 996, 21, 7.43%, 0, 0, 3, 11.46
1747830336, 0, 753, 1000, 997, 21, 7.43%, 0, 0, 3, 11.67
1747830383, 0, 753, 1001, 998, 21, 7.44%, 0, 0, 3, 11.52
1747830398, 0, 753, 1002, 999, 21, 7.44%, 0, 0, 3, 11.89
1747830414, 0, 753, 1003, 1000, 21, 7.44%, 0, 0, 3, 11.57
1747830439, 0, 753, 1004, 1001, 21, 7.44%, 0, 0, 3, 11.50
1747830465, 0, 753, 1005, 1002, 21, 7.44%, 0, 0, 3, 11.68
1747830476, 0, 753, 1006, 1003, 21, 7.44%, 0, 0, 3, 11.54
1747830522, 0, 754, 1006, 1003, 22, 7.44%, 0, 0, 3, 11.60
1747830533, 0, 756, 1006, 1003, 22, 7.44%, 0, 0, 3, 11.62
1747830543, 0, 757, 1006, 1003, 22, 7.44%, 0, 0, 3, 11.71
1747830553, 0, 759, 1006, 1003, 22, 7.44%, 0, 0, 3, 11.65
1747830563, 0, 760, 1006, 1003, 22, 7.44%, 0, 0, 3, 11.57
1747830574, 0, 760, 1007, 1004, 22, 7.44%, 0, 0, 3, 11.72
1747830589, 0, 761, 1007, 1004, 22, 7.44%, 0, 0, 3, 11.56
1747830594, 0, 761, 1008, 1005, 22, 7.44%, 0, 0, 3, 11.43
1747830610, 0, 762, 1008, 1005, 22, 7.44%, 0, 0, 3, 11.55
1747830620, 0, 762, 1009, 1006, 22, 7.44%, 0, 0, 3, 11.28
1747830636, 0, 763, 1009, 1006, 22, 7.44%, 0, 0, 3, 11.46
1747830646, 0, 764, 1009, 1006, 22, 7.44%, 0, 0, 3, 11.60
1747830657, 0, 765, 1010, 1007, 22, 7.44%, 0, 0, 3, 11.49
1747830677, 0, 766, 1010, 1007, 22, 7.44%, 0, 0, 3, 11.52
1747830693, 0, 767, 1011, 1008, 22, 7.44%, 0, 0, 3, 11.47
1747830703, 0, 767, 1012, 1009, 22, 7.44%, 0, 0, 3, 11.57
1747830734, 0, 769, 1012, 1009, 22, 7.44%, 0, 0, 3, 11.67
1747830745, 0, 770, 1012, 1009, 22, 7.44%, 0, 0, 3, 11.49
1747830750, 0, 770, 1014, 1011, 22, 7.44%, 0, 0, 3, 11.45
1747830791, 0, 771, 1014, 1011, 22, 7.44%, 0, 0, 3, 11.46
1747830806, 0, 772, 1014, 1011, 22, 7.44%, 0, 0, 3, 11.37
1747830816, 0, 773, 1014, 1011, 22, 7.44%, 0, 0, 3, 11.45
1747830827, 0, 774, 1014, 1011, 22, 7.44%, 0, 0, 3, 11.55
1747830837, 0, 777, 1014, 1011, 22, 7.44%, 0, 0, 3, 11.67
1747830842, 0, 777, 1015, 1012, 22, 7.44%, 0, 0, 3, 11.66
1747830858, 0, 778, 1016, 1013, 22, 7.44%, 0, 0, 3, 11.58
1747830863, 0, 778, 1017, 1014, 22, 7.44%, 0, 0, 3, 11.26
1747830883, 0, 778, 1018, 1015, 22, 7.44%, 0, 0, 3, 11.23
1747830893, 0, 778, 1019, 1016, 22, 7.44%, 0, 0, 3, 11.19
1747830929, 0, 778, 1020, 1017, 22, 7.44%, 0, 0, 3, 11.13
1747831000, 0, 778, 1021, 1018, 22, 7.44%, 0, 0, 3, 11.26
1747831050, 0, 778, 1022, 1019, 22, 7.44%, 0, 0, 3, 11.29
1747831086, 0, 778, 1023, 1020, 22, 7.44%, 0, 0, 3, 11.20
1747831116, 0, 778, 1024, 1021, 22, 7.44%, 0, 0, 3, 11.09
1747831131, 0, 778, 1025, 1022, 22, 7.44%, 0, 0, 3, 11.27
1747831197, 0, 778, 1026, 1023, 22, 7.44%, 0, 0, 3, 11.23
1747831233, 0, 779, 1026, 1023, 22, 7.44%, 0, 0, 3, 11.28
1747831243, 0, 780, 1026, 1023, 22, 7.44%, 0, 0, 3, 11.13
1747831253, 0, 781, 1026, 1023, 22, 7.44%, 0, 0, 3, 11.15
1747831258, 0, 781, 1027, 1024, 22, 7.44%, 0, 0, 3, 10.99
1747831279, 0, 782, 1027, 1024, 22, 7.44%, 0, 0, 3, 11.20
1747831289, 0, 783, 1027, 1024, 22, 7.44%, 0, 0, 3, 11.24
1747831299, 0, 784, 1027, 1024, 22, 7.44%, 0, 0, 3, 11.29
1747831315, 0, 784, 1028, 1025, 22, 7.44%, 0, 0, 3, 11.04
1747831320, 0, 784, 1029, 1026, 22, 7.44%, 0, 0, 3, 10.78
1747831325, 0, 784, 1030, 1027, 22, 7.44%, 0, 0, 3, 10.89
1747831341, 0, 784, 1031, 1028, 22, 7.44%, 0, 0, 3, 10.99
1747831423, 0, 784, 1032, 1029, 22, 7.44%, 0, 0, 3, 11.00
1747831433, 0, 784, 1033, 1030, 22, 7.44%, 0, 0, 3, 10.83
1747831449, 0, 784, 1034, 1031, 22, 7.44%, 0, 0, 3, 10.78
1747831454, 0, 784, 1035, 1032, 22, 7.44%, 0, 0, 3, 10.89
1747831480, 0, 784, 1036, 1033, 22, 7.44%, 0, 0, 3, 11.08
1747831568, 0, 784, 1037, 1034, 22, 7.44%, 0, 0, 3, 10.98
1747831619, 0, 784, 1039, 1036, 22, 7.44%, 0, 0, 3, 10.95
1747831681, 0, 785, 1039, 1036, 22, 7.44%, 0, 0, 3, 10.99
1747831692, 0, 786, 1039, 1036, 22, 7.44%, 0, 0, 3, 11.06
1747831707, 0, 787, 1040, 1037, 22, 7.44%, 0, 0, 3, 10.90
1747831728, 0, 787, 1041, 1038, 22, 7.44%, 0, 0, 3, 10.91
1747831733, 0, 787, 1042, 1039, 22, 7.44%, 0, 0, 3, 10.84
1747831738, 0, 787, 1043, 1040, 22, 7.45%, 0, 0, 3, 10.82
1747831774, 0, 787, 1044, 1041, 22, 7.45%, 0, 0, 3, 10.78
1747831785, 0, 787, 1045, 1042, 22, 7.45%, 0, 0, 3, 10.81
1747831857, 0, 787, 1046, 1043, 22, 7.45%, 0, 0, 3, 10.79
1747831878, 0, 787, 1047, 1044, 22, 7.45%, 0, 0, 3, 10.68
1747831946, 0, 787, 1048, 1045, 22, 7.45%, 0, 0, 3, 10.86
1747831956, 0, 787, 1049, 1046, 22, 7.45%, 0, 0, 3, 10.51
1747831982, 0, 787, 1050, 1047, 22, 7.45%, 0, 0, 3, 10.69
1747832008, 0, 787, 1051, 1048, 22, 7.45%, 0, 0, 3, 10.91
1747832092, 0, 788, 1051, 1048, 24, 7.45%, 0, 0, 3, 10.89
1747832102, 0, 789, 1051, 1048, 24, 7.45%, 0, 0, 3, 10.79
1747832113, 0, 790, 1051, 1048, 24, 7.45%, 0, 0, 3, 10.70
1747832128, 0, 791, 1051, 1048, 24, 7.45%, 0, 0, 3, 11.00
1747832138, 0, 792, 1051, 1048, 24, 7.45%, 0, 0, 3, 10.82
1747832149, 0, 792, 1052, 1049, 24, 7.45%, 0, 0, 3, 10.63
1747832164, 0, 793, 1052, 1049, 24, 7.45%, 0, 0, 3, 10.64
1747832174, 0, 794, 1052, 1049, 24, 7.45%, 0, 0, 3, 10.76
1747832184, 0, 794, 1053, 1050, 24, 7.45%, 0, 0, 3, 10.93
1747832200, 0, 796, 1053, 1050, 24, 7.45%, 0, 0, 3, 11.05
1747832205, 0, 796, 1054, 1051, 24, 7.45%, 0, 0, 3, 11.01
1747832210, 0, 796, 1055, 1052, 24, 7.45%, 0, 0, 3, 10.98
1747832246, 0, 797, 1055, 1052, 24, 7.45%, 0, 0, 3, 11.06
1747832256, 0, 798, 1055, 1052, 24, 7.45%, 0, 0, 3, 11.22
1747832271, 0, 799, 1055, 1052, 24, 7.45%, 0, 0, 3, 11.21
1747832282, 0, 800, 1055, 1052, 24, 7.45%, 0, 0, 3, 11.60
1747832292, 0, 801, 1055, 1052, 24, 7.45%, 0, 0, 3, 11.32
1747832302, 0, 802, 1055, 1052, 24, 7.45%, 0, 0, 3, 10.72
1747832317, 0, 804, 1055, 1052, 24, 7.45%, 0, 0, 3, 11.27
1747832328, 0, 805, 1055, 1052, 24, 7.45%, 0, 0, 3, 11.05
1747832338, 0, 806, 1055, 1052, 24, 7.45%, 0, 0, 3, 10.79
1747832353, 0, 808, 1056, 1053, 24, 7.45%, 0, 0, 3, 10.87
1747832374, 0, 809, 1056, 1053, 24, 7.45%, 0, 0, 3, 10.84
1747832389, 0, 812, 1056, 1053, 24, 7.45%, 0, 0, 3, 10.97
1747832400, 0, 814, 1056, 1053, 24, 7.45%, 0, 0, 3, 11.10
1747832410, 0, 818, 1056, 1053, 24, 7.45%, 0, 0, 3, 10.93
1747832420, 0, 819, 1056, 1053, 24, 7.45%, 0, 0, 3, 10.90
1747832431, 0, 820, 1056, 1053, 24, 7.45%, 0, 0, 3, 11.51
1747832446, 0, 821, 1056, 1053, 24, 7.45%, 0, 0, 3, 10.81
1747832456, 0, 822, 1056, 1053, 24, 7.45%, 0, 0, 3, 10.69
1747832466, 0, 823, 1056, 1053, 24, 7.45%, 0, 0, 3, 10.68
1747832482, 0, 824, 1056, 1053, 24, 7.45%, 0, 0, 3, 10.82
1747832492, 0, 825, 1056, 1053, 24, 7.45%, 0, 0, 3, 10.83
1747832502, 0, 827, 1056, 1053, 24, 7.45%, 0, 0, 3, 10.68
1747832517, 0, 829, 1056, 1053, 24, 7.45%, 0, 0, 3, 10.77
1747832523, 0, 829, 1057, 1054, 24, 7.45%, 0, 0, 3, 10.79
1747832543, 0, 830, 1057, 1054, 24, 7.45%, 0, 0, 3, 10.99
1747832553, 0, 831, 1057, 1054, 24, 7.45%, 0, 0, 3, 11.03
1747832564, 0, 831, 1058, 1055, 24, 7.45%, 0, 0, 3, 10.82
1747832569, 0, 831, 1059, 1056, 24, 7.45%, 0, 0, 3, 10.83
1747832600, 0, 832, 1059, 1056, 24, 7.45%, 0, 0, 3, 10.95
1747832611, 0, 833, 1059, 1056, 24, 7.45%, 0, 0, 3, 10.94
1747832616, 0, 833, 1060, 1057, 24, 7.45%, 0, 0, 3, 10.91
1747832637, 0, 834, 1060, 1057, 24, 7.45%, 0, 0, 3, 10.86
1747832647, 0, 835, 1060, 1057, 24, 7.45%, 0, 0, 3, 10.93
1747832662, 0, 837, 1060, 1057, 24, 7.45%, 0, 0, 3, 10.70
1747832673, 0, 839, 1060, 1057, 24, 7.45%, 0, 0, 3, 10.74
1747832683, 0, 840, 1060, 1057, 24, 7.45%, 0, 0, 3, 10.73
1747832698, 0, 841, 1060, 1057, 24, 7.45%, 0, 0, 3, 10.78
1747832708, 0, 842, 1060, 1057, 24, 7.45%, 0, 0, 3, 10.76
1747832718, 0, 843, 1060, 1057, 24, 7.45%, 0, 0, 3, 10.75
1747832734, 0, 844, 1061, 1058, 24, 7.45%, 0, 0, 3, 10.62
1747832759, 0, 846, 1061, 1058, 24, 7.45%, 0, 0, 3, 10.81
1747832769, 0, 848, 1061, 1058, 24, 7.45%, 0, 0, 3, 10.86
1747832780, 0, 849, 1061, 1058, 24, 7.45%, 0, 0, 3, 10.95
1747832790, 0, 849, 1062, 1059, 24, 7.45%, 0, 0, 3, 10.89
1747832806, 0, 850, 1062, 1059, 24, 7.45%, 0, 0, 3, 13.63
1747836390, 0, 851, 1062, 1058, 23, 7.45%, 0, 0, 3, 12.36
1747836400, 0, 852, 1062, 1058, 23, 7.45%, 0, 0, 3, 10.88
1747836416, 0, 853, 1062, 1058, 23, 7.45%, 0, 0, 3, 10.84
1747836426, 0, 854, 1062, 1058, 23, 7.45%, 0, 0, 3, 10.82
1747836437, 0, 855, 1062, 1058, 23, 7.45%, 0, 0, 3, 10.81
1747836447, 0, 856, 1062, 1058, 23, 7.45%, 0, 0, 3, 10.84
1747836452, 0, 856, 1063, 1059, 23, 7.45%, 0, 0, 3, 10.88
1747836467, 0, 856, 1064, 1060, 23, 7.46%, 0, 0, 3, 10.72
1747836478, 0, 856, 1065, 1061, 23, 7.46%, 0, 0, 3, 10.79
1747836545, 0, 857, 1065, 1061, 24, 7.46%, 0, 0, 3, 10.85
1747836555, 0, 858, 1065, 1061, 24, 7.46%, 0, 0, 3, 10.79
1747836570, 0, 859, 1065, 1061, 24, 7.46%, 0, 0, 3, 10.76
1747836581, 0, 860, 1065, 1061, 24, 7.46%, 0, 0, 3, 10.74
1747836591, 0, 861, 1065, 1061, 24, 7.46%, 0, 0, 3, 10.58
1747836596, 0, 861, 1066, 1062, 24, 7.46%, 0, 0, 3, 10.61
1747836616, 0, 862, 1066, 1062, 23, 7.46%, 0, 0, 3, 10.61
1747836632, 0, 863, 1066, 1062, 23, 7.46%, 0, 0, 3, 10.64
1747836642, 0, 865, 1066, 1062, 23, 7.46%, 0, 0, 3, 10.58
1747836652, 0, 865, 1067, 1063, 23, 7.46%, 0, 0, 3, 10.52
1747836667, 0, 866, 1067, 1063, 23, 7.46%, 0, 0, 3, 10.55
1747836677, 0, 868, 1067, 1063, 23, 7.46%, 0, 0, 3, 10.69
1747836693, 0, 869, 1067, 1063, 23, 7.46%, 0, 0, 3, 10.72
1747836698, 0, 869, 1068, 1064, 23, 7.46%, 0, 0, 3, 10.46
1747836713, 0, 869, 1069, 1065, 23, 7.46%, 0, 0, 3, 10.67
1747836739, 0, 870, 1069, 1065, 23, 7.46%, 0, 0, 3, 10.61
1747836754, 0, 872, 1069, 1065, 23, 7.46%, 0, 0, 3, 10.68
1747836764, 0, 873, 1069, 1065, 23, 7.46%, 0, 0, 3, 10.71
1747836774, 0, 877, 1069, 1065, 23, 7.46%, 0, 0, 3, 10.77
1747836780, 0, 877, 1070, 1066, 23, 7.46%, 0, 0, 3, 10.56
1747836800, 0, 878, 1070, 1066, 23, 7.46%, 0, 0, 3, 10.60
1747836810, 0, 880, 1070, 1066, 23, 7.46%, 0, 0, 3, 10.78
1747836826, 0, 881, 1070, 1066, 23, 7.46%, 0, 0, 3, 10.75
1747836836, 0, 883, 1070, 1066, 23, 7.46%, 0, 0, 3, 10.78
1747836851, 0, 884, 1070, 1066, 23, 7.46%, 0, 0, 3, 10.56
1747836861, 0, 885, 1070, 1066, 23, 7.46%, 0, 0, 3, 10.73
1747836871, 0, 886, 1070, 1066, 23, 7.46%, 0, 0, 3, 10.76
1747836887, 0, 887, 1070, 1066, 23, 7.46%, 0, 0, 3, 10.69
1747836897, 0, 888, 1071, 1067, 23, 7.46%, 0, 0, 3, 10.41
1747836923, 0, 889, 1072, 1068, 23, 7.46%, 0, 0, 3, 10.46
1747836933, 0, 889, 1074, 1070, 23, 7.46%, 0, 0, 3, 10.19
1747836938, 0, 889, 1075, 1071, 23, 7.46%, 0, 0, 3, 10.16
1747836959, 0, 889, 1076, 1072, 23, 7.46%, 0, 0, 3, 10.23
1747836964, 0, 889, 1078, 1074, 23, 7.46%, 0, 0, 3, 10.15
1747836969, 0, 889, 1079, 1075, 23, 7.46%, 0, 0, 3, 10.16
1747836974, 0, 889, 1080, 1076, 23, 7.46%, 0, 0, 3, 10.30
1747836979, 0, 889, 1081, 1077, 23, 7.46%, 0, 0, 3, 10.13
1747836989, 0, 889, 1082, 1078, 23, 7.46%, 0, 0, 3, 10.31
1747837030, 0, 889, 1083, 1079, 23, 7.46%, 0, 0, 3, 10.38
1747837122, 0, 889, 1084, 1080, 23, 7.46%, 0, 0, 3, 10.20
1747837142, 0, 889, 1085, 1081, 23, 7.46%, 0, 0, 3, 10.17
1747837158, 0, 889, 1086, 1082, 23, 7.46%, 0, 0, 3, 10.13
1747837163, 0, 889, 1087, 1083, 23, 7.46%, 0, 0, 3, 10.30
1747837194, 0, 889, 1088, 1084, 23, 7.46%, 0, 0, 3, 10.23
1747837215, 0, 889, 1089, 1085, 23, 7.46%, 0, 0, 3, 10.22
1747837282, 0, 889, 1090, 1086, 23, 7.46%, 0, 0, 3, 10.13
1747837292, 0, 889, 1091, 1087, 23, 7.46%, 0, 0, 3, 10.26
1747837338, 0, 891, 1092, 1088, 23, 7.49%, 0, 0, 3, 10.17
1747837364, 0, 892, 1092, 1088, 21, 7.49%, 0, 0, 3, 10.25
1747837374, 0, 893, 1093, 1089, 21, 7.49%, 0, 0, 3, 10.13
1747837379, 0, 893, 1094, 1090, 21, 7.49%, 0, 0, 3, 10.10
1747837426, 0, 894, 1094, 1090, 21, 7.49%, 0, 0, 3, 10.28
1747837436, 0, 895, 1094, 1090, 21, 7.49%, 0, 0, 3, 10.22
1747837441, 0, 895, 1095, 1091, 21, 7.53%, 0, 0, 3, 10.07
1747837462, 0, 895, 1097, 1093, 21, 7.53%, 0, 0, 3, 10.04
1747837539, 0, 896, 1097, 1093, 23, 7.53%, 0, 0, 3, 10.14
1747837554, 0, 897, 1097, 1093, 23, 7.53%, 0, 0, 3, 10.24
1747837559, 0, 897, 1098, 1094, 23, 7.53%, 0, 0, 3, 10.13
1747837580, 0, 898, 1098, 1094, 23, 7.53%, 0, 0, 3, 10.14
1747837585, 0, 898, 1099, 1095, 23, 7.54%, 0, 0, 3, 10.21
1747837590, 0, 898, 1101, 1097, 23, 7.54%, 0, 0, 3, 10.20
1747837611, 0, 898, 1102, 1098, 23, 7.54%, 0, 0, 3, 10.21
1747837785, 0, 899, 1102, 1098, 24, 7.54%, 0, 0, 3, 10.20
1747837795, 0, 902, 1102, 1098, 24, 7.54%, 0, 0, 3, 10.34
1747837805, 0, 903, 1102, 1098, 24, 7.54%, 0, 0, 3, 10.25
1747837821, 0, 904, 1102, 1098, 24, 7.54%, 0, 0, 3, 10.03
1747837831, 0, 905, 1102, 1098, 24, 7.54%, 0, 0, 3, 10.13
1747837846, 0, 906, 1102, 1098, 24, 7.54%, 0, 0, 3, 10.27
1747837857, 0, 907, 1102, 1098, 24, 7.54%, 0, 0, 3, 10.27
1747837872, 0, 910, 1102, 1098, 24, 7.54%, 0, 0, 3, 10.24
1747837882, 0, 911, 1102, 1098, 24, 7.54%, 0, 0, 3, 10.16
1747837897, 0, 914, 1102, 1098, 24, 7.54%, 0, 0, 3, 10.17
1747837908, 0, 916, 1102, 1098, 24, 7.54%, 0, 0, 3, 10.28
1747837918, 0, 917, 1102, 1098, 24, 7.54%, 0, 0, 3, 10.27
1747837933, 0, 918, 1102, 1098, 24, 7.54%, 0, 0, 3, 10.15
1747837944, 0, 919, 1102, 1098, 24, 7.54%, 0, 0, 3, 10.14
1747837959, 0, 920, 1103, 1099, 24, 7.54%, 0, 0, 3, 10.01
1747837975, 0, 920, 1104, 1100, 24, 7.54%, 0, 0, 3, 10.20
1747837985, 0, 920, 1105, 1101, 24, 7.54%, 0, 0, 3, 10.02
1747838000, 0, 920, 1106, 1102, 24, 7.54%, 0, 0, 3, 10.00
1747838031, 0, 920, 1107, 1103, 24, 7.54%, 0, 0, 3, 10.04
1747838057, 0, 920, 1108, 1104, 24, 7.54%, 0, 0, 3, 10.17
1747838062, 0, 920, 1109, 1105, 24, 7.55%, 0, 0, 3, 10.02
1747838133, 0, 920, 1110, 1106, 24, 7.55%, 0, 0, 3, 10.12
1747838216, 0, 920, 1111, 1107, 24, 7.55%, 0, 0, 3, 10.04
1747838292, 0, 920, 1112, 1108, 24, 7.55%, 0, 0, 3, 10.04
1747838298, 0, 920, 1113, 1109, 24, 7.55%, 0, 0, 3, 9.94
1747838369, 0, 922, 1113, 1109, 24, 7.55%, 0, 0, 3, 10.06
1747838385, 0, 923, 1113, 1109, 24, 7.55%, 0, 0, 3, 10.10
1747838395, 0, 924, 1113, 1109, 24, 7.55%, 0, 0, 3, 10.08
1747838405, 0, 924, 1115, 1111, 24, 7.62%, 0, 0, 3, 9.74
1747838420, 0, 924, 1116, 1112, 24, 7.62%, 0, 0, 3, 9.77
1747838441, 0, 924, 1117, 1113, 24, 7.63%, 0, 0, 3, 9.89
1747838467, 0, 924, 1118, 1114, 24, 7.63%, 0, 0, 3, 9.84
1747838548, 0, 924, 1119, 1115, 24, 7.63%, 0, 0, 3, 9.85
1747838615, 0, 924, 1120, 1116, 24, 7.63%, 0, 0, 3, 10.12
1747838651, 0, 924, 1121, 1117, 24, 7.63%, 0, 0, 3, 10.00
1747838672, 0, 924, 1122, 1118, 24, 7.63%, 0, 0, 3, 10.09
1747838692, 0, 924, 1123, 1119, 24, 7.63%, 0, 0, 3, 9.83
1747838733, 0, 924, 1124, 1120, 24, 7.63%, 0, 0, 3, 9.94
1747838815, 0, 925, 1124, 1120, 23, 7.63%, 0, 0, 3, 9.95
1747838830, 0, 926, 1124, 1120, 23, 7.63%, 0, 0, 3, 10.11
1747838841, 0, 927, 1124, 1120, 23, 7.63%, 0, 0, 3, 10.09
1747838856, 0, 928, 1124, 1120, 23, 7.63%, 0, 0, 3, 9.88
1747838861, 0, 928, 1125, 1121, 23, 7.63%, 0, 0, 3, 9.81
1747838871, 0, 928, 1126, 1122, 23, 7.63%, 0, 0, 3, 9.79
1747838907, 0, 930, 1126, 1122, 24, 7.63%, 0, 0, 3, 9.82
1747838923, 0, 931, 1126, 1122, 24, 7.63%, 0, 0, 3, 10.05
1747838933, 0, 932, 1126, 1122, 24, 7.63%, 0, 0, 3, 10.16
1747838949, 0, 933, 1126, 1122, 24, 7.63%, 0, 0, 3, 10.15
1747838959, 0, 934, 1126, 1122, 24, 7.63%, 0, 0, 3, 9.96
1747838974, 0, 935, 1126, 1122, 24, 7.63%, 0, 0, 3, 10.06
1747838984, 0, 936, 1126, 1122, 24, 7.63%, 0, 0, 3, 10.04
1747839000, 0, 938, 1126, 1122, 24, 7.63%, 0, 0, 3, 10.06
1747839010, 0, 939, 1126, 1122, 24, 7.63%, 0, 0, 3, 10.21
1747839020, 0, 940, 1126, 1122, 24, 7.63%, 0, 0, 3, 10.14
1747839036, 0, 941, 1126, 1122, 24, 7.63%, 0, 0, 3, 10.02
1747839046, 0, 942, 1126, 1122, 24, 7.63%, 0, 0, 3, 10.21
1747839062, 0, 943, 1126, 1122, 24, 7.63%, 0, 0, 3, 9.96
1747839067, 0, 943, 1127, 1123, 24, 7.65%, 0, 0, 3, 9.68
1747839072, 0, 943, 1128, 1124, 24, 7.65%, 0, 0, 3, 9.62
1747839113, 0, 944, 1128, 1124, 25, 7.65%, 0, 0, 3, 9.75
1747839128, 0, 945, 1128, 1124, 25, 7.65%, 0, 0, 3, 9.85
1747839143, 0, 947, 1128, 1124, 25, 7.65%, 0, 0, 3, 9.53
1747839153, 0, 947, 1129, 1125, 25, 7.65%, 0, 0, 3, 9.58
1747839169, 0, 948, 1129, 1125, 25, 7.65%, 0, 0, 3, 9.52
1747839174, 0, 948, 1131, 1127, 25, 7.65%, 0, 0, 3, 9.50
1747839179, 0, 948, 1133, 1129, 25, 7.65%, 0, 0, 3, 9.44
1747839194, 0, 948, 1134, 1130, 25, 7.65%, 0, 0, 3, 9.49
1747839225, 0, 948, 1135, 1131, 25, 7.65%, 0, 0, 3, 9.52
1747839250, 0, 948, 1136, 1132, 25, 7.65%, 0, 0, 3, 9.50
1747839285, 0, 948, 1137, 1133, 25, 7.65%, 0, 0, 3, 9.57
1747839291, 0, 948, 1138, 1134, 25, 7.65%, 0, 0, 3, 9.56
1747839336, 0, 948, 1139, 1135, 25, 7.65%, 0, 0, 3, 9.69
1747839341, 0, 948, 1140, 1136, 25, 7.65%, 0, 0, 3, 9.66
1747839484, 0, 948, 1141, 1137, 25, 7.65%, 0, 0, 3, 9.45
1747839605, 0, 949, 1142, 1138, 25, 7.65%, 0, 0, 3, 9.47
1747839636, 0, 950, 1142, 1138, 25, 7.65%, 0, 0, 3, 9.44
1747839646, 0, 951, 1142, 1138, 25, 7.65%, 0, 0, 3, 9.50
1747839656, 0, 951, 1143, 1139, 25, 7.65%, 0, 0, 3, 10.08
1747839672, 0, 952, 1143, 1139, 25, 7.65%, 0, 0, 3, 10.14
1747839687, 0, 954, 1143, 1139, 25, 7.65%, 0, 0, 3, 9.83
1747839703, 0, 955, 1143, 1139, 25, 7.65%, 0, 0, 3, 10.02
1747839713, 0, 956, 1143, 1139, 25, 7.65%, 0, 0, 3, 16.03
1747839718, 0, 958, 1143, 1139, 25, 7.65%, 0, 0, 3, 16.70
1747839723, 0, 959, 1143, 1139, 25, 7.65%, 0, 0, 3, 16.76
1747839733, 0, 960, 1143, 1139, 25, 7.65%, 0, 0, 3, 16.07
1747839744, 0, 961, 1143, 1139, 25, 7.65%, 0, 0, 3, 15.97
1747839749, 0, 962, 1143, 1139, 25, 7.65%, 0, 0, 3, 16.15
1747839759, 0, 963, 1143, 1139, 25, 7.65%, 0, 0, 3, 16.60
1747839764, 0, 965, 1143, 1139, 25, 7.65%, 0, 0, 3, 16.34
1747839774, 0, 965, 1144, 1140, 25, 7.65%, 0, 0, 3, 15.81
1747839779, 0, 966, 1144, 1140, 25, 7.65%, 0, 0, 3, 15.85
1747839790, 0, 967, 1144, 1140, 25, 7.65%, 0, 0, 3, 16.47
1747839800, 0, 968, 1145, 1141, 25, 7.65%, 0, 0, 3, 15.85
1747839815, 0, 970, 1145, 1141, 25, 7.65%, 0, 0, 3, 15.94
1747839821, 0, 971, 1145, 1141, 25, 7.65%, 0, 0, 3, 15.99
1747839831, 0, 972, 1145, 1141, 25, 7.65%, 0, 0, 3, 16.52
1747839836, 0, 973, 1145, 1141, 25, 7.65%, 0, 0, 3, 16.64
1747839846, 0, 974, 1145, 1141, 25, 7.65%, 0, 0, 3, 15.94
1747839856, 0, 975, 1145, 1141, 25, 7.65%, 0, 0, 3, 16.70
1747839862, 0, 976, 1145, 1141, 25, 7.65%, 0, 0, 3, 16.82
1747839867, 0, 977, 1145, 1141, 25, 7.65%, 0, 0, 3, 16.78
1747839877, 0, 978, 1145, 1141, 25, 7.65%, 0, 0, 3, 16.16
1747839887, 0, 979, 1145, 1141, 25, 7.65%, 0, 0, 3, 16.05
1747839892, 0, 982, 1145, 1141, 25, 7.65%, 0, 0, 3, 15.92
1747839903, 0, 983, 1145, 1141, 25, 7.65%, 0, 0, 3, 16.47
1747839908, 0, 984, 1145, 1141, 25, 7.65%, 0, 0, 3, 16.36
1747839913, 0, 984, 1146, 1142, 25, 7.65%, 0, 0, 3, 15.84
1747839923, 0, 985, 1146, 1142, 25, 7.65%, 0, 0, 3, 16.20
1747839934, 0, 986, 1146, 1142, 25, 7.65%, 0, 0, 3, 16.12
1747839939, 0, 987, 1146, 1142, 25, 7.65%, 0, 0, 3, 15.85
1747839949, 0, 988, 1146, 1142, 25, 7.65%, 0, 0, 3, 16.21
1747839954, 0, 991, 1146, 1142, 25, 7.65%, 0, 0, 3, 16.63
1747839965, 0, 992, 1148, 1144, 25, 7.65%, 0, 0, 3, 15.82
1747840000, 0, 993, 1148, 1144, 24, 7.65%, 0, 0, 3, 15.92
1747840005, 0, 994, 1148, 1144, 24, 7.65%, 0, 0, 3, 16.38
1747840016, 0, 995, 1148, 1144, 24, 7.65%, 0, 0, 3, 16.87
1747840021, 0, 996, 1148, 1144, 24, 7.65%, 0, 0, 3, 16.36
1747840031, 0, 997, 1148, 1144, 24, 7.65%, 0, 0, 3, 15.92
1747840036, 0, 998, 1148, 1144, 24, 7.65%, 0, 0, 3, 16.00
1747840047, 0, 999, 1148, 1144, 24, 7.65%, 0, 0, 3, 16.03
1747840052, 0, 1000, 1148, 1144, 24, 7.65%, 0, 0, 3, 16.34
1747840062, 0, 1000, 1149, 1145, 24, 7.65%, 0, 0, 3, 16.75
1747840067, 0, 1001, 1149, 1145, 25, 7.65%, 0, 0, 3, 16.61
1747840077, 0, 1003, 1149, 1145, 25, 7.65%, 0, 0, 3, 16.64
1747840082, 0, 1005, 1149, 1145, 25, 7.65%, 0, 0, 3, 16.39
1747840093, 0, 1006, 1150, 1146, 25, 7.65%, 0, 0, 3, 16.21
1747840108, 0, 1008, 1150, 1146, 25, 7.65%, 0, 0, 3, 16.74
1747840118, 0, 1010, 1150, 1146, 25, 7.65%, 0, 0, 3, 16.41
1747840123, 0, 1011, 1150, 1146, 25, 7.65%, 0, 0, 3, 16.54
1747840134, 0, 1012, 1150, 1146, 25, 7.65%, 0, 0, 3, 16.17
1747840139, 0, 1013, 1150, 1146, 25, 7.65%, 0, 0, 3, 16.33
1747840149, 0, 1014, 1150, 1146, 25, 7.65%, 0, 0, 3, 16.55
1747840154, 0, 1015, 1150, 1146, 25, 7.65%, 0, 0, 3, 16.56
1747840164, 0, 1016, 1150, 1146, 25, 7.65%, 0, 0, 3, 16.66
1747840169, 0, 1017, 1150, 1146, 25, 7.65%, 0, 0, 3, 16.48
1747840179, 0, 1018, 1150, 1146, 25, 7.65%, 0, 0, 3, 16.45
1747840184, 0, 1018, 1151, 1147, 25, 7.65%, 0, 0, 3, 16.48
1747840195, 0, 1019, 1151, 1147, 24, 7.65%, 0, 0, 3, 16.26
1747840205, 0, 1020, 1151, 1147, 24, 7.65%, 0, 0, 3, 16.65
1747840210, 0, 1022, 1151, 1147, 24, 7.65%, 0, 0, 3, 16.60
1747840220, 0, 1023, 1151, 1147, 24, 7.65%, 0, 0, 3, 16.49
1747840225, 0, 1024, 1152, 1148, 24, 7.65%, 0, 0, 3, 16.33
1747840241, 0, 1025, 1152, 1148, 26, 7.65%, 0, 0, 3, 15.98
1747840251, 0, 1027, 1152, 1148, 26, 7.65%, 0, 0, 3, 15.94
1747840256, 0, 1028, 1152, 1148, 26, 7.65%, 0, 0, 3, 16.05
1747840266, 0, 1029, 1152, 1148, 26, 7.65%, 0, 0, 3, 16.66
1747840272, 0, 1031, 1152, 1148, 26, 7.65%, 0, 0, 3, 16.66
1747840282, 0, 1032, 1152, 1148, 26, 7.65%, 0, 0, 3, 16.60
1747840287, 0, 1033, 1152, 1148, 26, 7.65%, 0, 0, 3, 16.80
1747840297, 0, 1034, 1152, 1148, 26, 7.65%, 0, 0, 3, 16.14
1747840307, 0, 1035, 1152, 1148, 26, 7.65%, 0, 0, 3, 16.56
1747840312, 0, 1036, 1152, 1148, 26, 7.65%, 0, 0, 3, 16.61
1747840323, 0, 1037, 1152, 1148, 26, 7.65%, 0, 0, 3, 16.75
1747840328, 0, 1038, 1152, 1148, 26, 7.65%, 0, 0, 3, 16.88
1747840338, 0, 1041, 1152, 1148, 26, 7.65%, 0, 0, 3, 16.23
1747840343, 0, 1042, 1152, 1148, 26, 7.65%, 0, 0, 3, 16.06
1747840354, 0, 1043, 1152, 1148, 26, 7.65%, 0, 0, 3, 16.71
1747840359, 0, 1045, 1152, 1148, 26, 7.65%, 0, 0, 3, 16.93
1747840369, 0, 1046, 1152, 1148, 26, 7.65%, 0, 0, 3, 16.17
1747840374, 0, 1048, 1152, 1148, 26, 7.65%, 0, 0, 3, 16.13
1747840384, 0, 1049, 1152, 1148, 26, 7.65%, 0, 0, 3, 16.12
1747840390, 0, 1050, 1152, 1148, 26, 7.65%, 0, 0, 3, 16.01
1747840400, 0, 1051, 1152, 1148, 26, 7.65%, 0, 0, 3, 16.12
1747840405, 0, 1053, 1152, 1148, 26, 7.65%, 0, 0, 3, 14.64
1747840420, 0, 1054, 1152, 1148, 26, 7.65%, 0, 0, 3, 9.85
1747840435, 0, 1055, 1153, 1149, 26, 7.65%, 0, 0, 3, 9.78
1747840451, 0, 1056, 1153, 1149, 26, 7.65%, 0, 0, 3, 16.35
1747840461, 0, 1057, 1153, 1149, 26, 7.65%, 0, 0, 3, 16.34
1747840471, 0, 1059, 1154, 1150, 26, 7.65%, 0, 0, 3, 15.63
1747840487, 0, 1060, 1154, 1150, 26, 7.65%, 0, 0, 3, 16.39
1747840492, 0, 1061, 1154, 1150, 26, 7.65%, 0, 0, 3, 16.51
1747840502, 0, 1063, 1154, 1150, 26, 7.65%, 0, 0, 3, 16.47
1747840507, 0, 1065, 1154, 1150, 26, 7.65%, 0, 0, 3, 16.53
1747840517, 0, 1068, 1154, 1150, 26, 7.65%, 0, 0, 3, 16.31
1747840522, 0, 1068, 1155, 1151, 26, 7.65%, 0, 0, 3, 16.45
1747840538, 0, 1069, 1156, 1152, 26, 7.65%, 0, 0, 3, 10.19
1747840564, 0, 1070, 1156, 1152, 26, 7.65%, 0, 0, 3, 9.72
1747840574, 0, 1071, 1156, 1152, 26, 7.65%, 0, 0, 3, 9.74
1747840579, 0, 1071, 1157, 1153, 26, 7.65%, 0, 0, 3, 9.65
1747840584, 0, 1071, 1158, 1154, 26, 7.65%, 0, 0, 3, 9.74
1747840625, 0, 1071, 1159, 1155, 26, 7.65%, 0, 0, 3, 9.71
1747840681, 0, 1072, 1159, 1155, 26, 7.65%, 0, 0, 3, 9.68
1747840696, 0, 1074, 1159, 1155, 26, 7.65%, 0, 0, 3, 9.59
1747840712, 0, 1076, 1159, 1155, 26, 7.65%, 0, 0, 3, 9.85
1747840722, 0, 1077, 1159, 1155, 26, 7.65%, 0, 0, 3, 9.91
1747840737, 0, 1078, 1159, 1155, 26, 7.65%, 0, 0, 3, 9.60
1747840747, 0, 1079, 1159, 1155, 26, 7.65%, 0, 0, 3, 9.47
1747840762, 0, 1080, 1159, 1155, 26, 7.65%, 0, 0, 3, 9.75
1747840773, 0, 1081, 1159, 1155, 26, 7.65%, 0, 0, 3, 9.75
1747840788, 0, 1083, 1159, 1155, 26, 7.65%, 0, 0, 3, 9.68
1747840803, 0, 1085, 1159, 1155, 26, 7.65%, 0, 0, 3, 9.66
1747840813, 0, 1086, 1159, 1155, 26, 7.65%, 0, 0, 3, 9.64
1747840829, 0, 1087, 1159, 1155, 26, 7.65%, 0, 0, 3, 9.71
1747840844, 0, 1088, 1159, 1155, 26, 7.65%, 0, 0, 3, 9.52
1747840854, 0, 1090, 1159, 1155, 26, 7.65%, 0, 0, 3, 9.60
1747840870, 0, 1091, 1159, 1155, 26, 7.65%, 0, 0, 3, 9.74
1747840880, 0, 1092, 1159, 1155, 26, 7.65%, 0, 0, 3, 9.72
1747840895, 0, 1093, 1159, 1155, 26, 7.65%, 0, 0, 3, 9.41
1747840910, 0, 1094, 1159, 1155, 26, 7.65%, 0, 0, 3, 9.63
1747840921, 0, 1095, 1159, 1155, 26, 7.65%, 0, 0, 3, 9.65
1747840936, 0, 1096, 1159, 1155, 26, 7.65%, 0, 0, 3, 9.50
1747840946, 0, 1097, 1159, 1155, 26, 7.65%, 0, 0, 3, 9.45
1747840962, 0, 1098, 1159, 1155, 26, 7.65%, 0, 0, 3, 9.41
1747840977, 0, 1099, 1159, 1155, 26, 7.65%, 0, 0, 3, 9.42
1747840987, 0, 1099, 1160, 1156, 26, 7.65%, 0, 0, 3, 9.50
1747841002, 0, 1100, 1160, 1156, 26, 7.65%, 0, 0, 3, 9.45
1747841018, 0, 1101, 1160, 1156, 26, 7.65%, 0, 0, 3, 9.70
1747841028, 0, 1102, 1160, 1156, 26, 7.65%, 0, 0, 3, 9.81
1747841043, 0, 1103, 1160, 1156, 26, 7.65%, 0, 0, 3, 9.71
1747841058, 0, 1104, 1160, 1156, 26, 7.65%, 0, 0, 3, 9.68
1747841068, 0, 1105, 1160, 1156, 26, 7.65%, 0, 0, 3, 9.70
1747841084, 0, 1106, 1160, 1156, 26, 7.65%, 0, 0, 3, 9.80
1747841094, 0, 1107, 1160, 1156, 26, 7.65%, 0, 0, 3, 9.75
1747841099, 0, 1107, 1161, 1157, 26, 7.65%, 0, 0, 3, 9.51
1747841124, 0, 1108, 1161, 1157, 26, 7.65%, 0, 0, 3, 9.53
1747841129, 0, 1108, 1162, 1158, 26, 7.65%, 0, 0, 3, 9.51
1747841150, 0, 1110, 1162, 1158, 26, 7.65%, 0, 0, 3, 9.56
1747841165, 0, 1111, 1162, 1158, 26, 7.65%, 0, 0, 3, 9.70
1747841175, 0, 1112, 1162, 1158, 26, 7.65%, 0, 0, 3, 9.77
1747841191, 0, 1114, 1162, 1158, 26, 7.65%, 0, 0, 3, 9.54
1747841206, 0, 1116, 1162, 1158, 26, 7.65%, 0, 0, 3, 9.73
1747841216, 0, 1117, 1162, 1158, 26, 7.65%, 0, 0, 3, 9.59
1747841232, 0, 1118, 1162, 1158, 26, 7.65%, 0, 0, 3, 9.74
1747841242, 0, 1119, 1162, 1158, 26, 7.65%, 0, 0, 3, 9.85
1747841258, 0, 1123, 1162, 1158, 26, 7.65%, 0, 0, 3, 9.69
1747841268, 0, 1124, 1162, 1158, 26, 7.65%, 0, 0, 3, 9.67
1747841283, 0, 1125, 1162, 1158, 26, 7.65%, 0, 0, 3, 9.61
1747841299, 0, 1126, 1162, 1158, 26, 7.65%, 0, 0, 3, 9.47
1747841309, 0, 1128, 1162, 1158, 26, 7.65%, 0, 0, 3, 9.44
1747841324, 0, 1130, 1162, 1158, 26, 7.65%, 0, 0, 3, 9.62
1747841334, 0, 1131, 1162, 1158, 26, 7.65%, 0, 0, 3, 9.68
1747841350, 0, 1132, 1162, 1158, 26, 7.65%, 0, 0, 3, 9.48
1747841365, 0, 1134, 1162, 1158, 26, 7.65%, 0, 0, 3, 9.41
1747841375, 0, 1135, 1162, 1158, 26, 7.65%, 0, 0, 3, 9.39
1747841390, 0, 1136, 1162, 1158, 26, 7.65%, 0, 0, 3, 9.45
1747841406, 0, 1137, 1162, 1158, 26, 7.65%, 0, 0, 3, 9.38
1747841416, 0, 1138, 1162, 1158, 26, 7.65%, 0, 0, 3, 9.48
1747841431, 0, 1139, 1162, 1158, 26, 7.65%, 0, 0, 3, 9.64
1747841447, 0, 1140, 1162, 1158, 26, 7.65%, 0, 0, 3, 9.40
1747841457, 0, 1141, 1162, 1158, 26, 7.65%, 0, 0, 3, 9.42
1747841472, 0, 1142, 1162, 1158, 26, 7.65%, 0, 0, 3, 9.55
1747841482, 0, 1143, 1162, 1158, 26, 7.65%, 0, 0, 3, 9.67
1747841498, 0, 1145, 1162, 1158, 26, 7.65%, 0, 0, 3, 9.60
1747841513, 0, 1146, 1162, 1158, 26, 7.65%, 0, 0, 3, 9.77
1747841523, 0, 1147, 1162, 1158, 26, 7.65%, 0, 0, 3, 9.71
1747841538, 0, 1148, 1162, 1158, 26, 7.65%, 0, 0, 3, 9.62
1747841549, 0, 1149, 1162, 1158, 26, 7.65%, 0, 0, 3, 9.82
1747841554, 0, 1149, 1163, 1159, 26, 7.66%, 0, 0, 3, 9.63
1747841579, 0, 1150, 1163, 1159, 26, 7.66%, 0, 0, 3, 9.44
1747841595, 0, 1151, 1163, 1159, 26, 7.66%, 0, 0, 3, 9.66
1747841605, 0, 1152, 1163, 1159, 26, 7.66%, 0, 0, 3, 9.71
1747841620, 0, 1153, 1163, 1159, 26, 7.66%, 0, 0, 3, 9.54
1747841630, 0, 1154, 1163, 1159, 26, 7.66%, 0, 0, 3, 9.54
1747841645, 0, 1155, 1163, 1159, 26, 7.66%, 0, 0, 3, 9.49
1747841661, 0, 1156, 1163, 1159, 26, 7.66%, 0, 0, 3, 9.46
1747841671, 0, 1157, 1163, 1159, 26, 7.66%, 0, 0, 3, 9.43
1747841686, 0, 1158, 1163, 1159, 26, 7.66%, 0, 0, 3, 9.47
1747841701, 0, 1159, 1163, 1159, 26, 7.66%, 0, 0, 3, 9.74
1747841712, 0, 1162, 1163, 1159, 26, 7.66%, 0, 0, 3, 9.62
1747841727, 1, 0, 1166, 1162, 26, 7.67%, 0, 0, 3, 9.27
1747841733, 1, 0, 1167, 1163, 26, 7.67%, 0, 0, 3, 9.41
1747841743, 1, 0, 1168, 1164, 26, 7.67%, 0, 0, 3, 9.04
1747841748, 1, 0, 1169, 1165, 26, 7.68%, 0, 0, 3, 8.69
1747841753, 1, 0, 1170, 1166, 26, 7.68%, 0, 0, 3, 9.42
1747841758, 1, 0, 1171, 1167, 26, 7.68%, 0, 0, 3, 9.10
1747841784, 1, 0, 1172, 1168, 26, 7.68%, 0, 0, 3, 9.16
1747841789, 1, 0, 1173, 1169, 26, 7.68%, 0, 0, 3, 9.12
1747841794, 1, 0, 1174, 1170, 26, 7.68%, 0, 0, 3, 9.32
1747841804, 1, 0, 1175, 1171, 26, 7.68%, 0, 0, 3, 9.20
1747841820, 1, 0, 1176, 1172, 26, 7.68%, 0, 0, 3, 9.00
1747841825, 1, 0, 1177, 1173, 26, 7.68%, 0, 0, 3, 9.27
1747841830, 1, 0, 1178, 1174, 26, 7.68%, 0, 0, 3, 9.06
1747841835, 1, 0, 1179, 1175, 26, 7.68%, 0, 0, 3, 9.21
1747841840, 1, 0, 1180, 1176, 26, 7.68%, 0, 0, 3, 9.00
1747841860, 1, 0, 1181, 1177, 26, 7.68%, 0, 0, 3, 9.45
1747841881, 1, 0, 1183, 1179, 26, 7.68%, 0, 0, 3, 9.52
1747841891, 1, 0, 1184, 1180, 26, 7.68%, 0, 0, 3, 9.34
1747841901, 1, 0, 1185, 1181, 26, 7.68%, 0, 0, 3, 9.12
1747841906, 1, 0, 1186, 1182, 26, 7.68%, 0, 0, 3, 9.31
1747841911, 1, 0, 1187, 1183, 26, 7.68%, 0, 0, 3, 9.15
1747841916, 1, 0, 1188, 1184, 26, 7.68%, 0, 0, 3, 9.21
1747841922, 1, 0, 1190, 1186, 26, 7.68%, 0, 0, 3, 8.82
1747841942, 1, 0, 1191, 1187, 26, 7.68%, 0, 0, 3, 9.27
1747841952, 1, 0, 1192, 1188, 26, 7.68%, 0, 0, 3, 9.55
1747841983, 1, 0, 1193, 1189, 26, 7.68%, 0, 0, 3, 9.28
1747841999, 1, 0, 1194, 1190, 26, 7.68%, 0, 0, 3, 9.06
1747842050, 1, 0, 1195, 1191, 26, 7.68%, 0, 0, 3, 9.50
1747842060, 1, 0, 1196, 1192, 26, 7.68%, 0, 0, 3, 9.52
1747842065, 1, 0, 1199, 1195, 26, 7.68%, 0, 0, 3, 9.80
1747842090, 1, 0, 1200, 1196, 26, 7.68%, 0, 0, 3, 9.30
1747842116, 1, 0, 1201, 1197, 26, 7.69%, 0, 0, 3, 9.48
1747842126, 1, 0, 1202, 1198, 26, 7.69%, 0, 0, 3, 9.28
1747842136, 1, 0, 1203, 1199, 26, 7.69%, 0, 0, 3, 9.39
1747842177, 1, 0, 1204, 1200, 26, 7.69%, 0, 0, 3, 8.94
1747842192, 1, 0, 1205, 1201, 26, 7.69%, 0, 0, 3, 8.91
1747842197, 1, 2, 1205, 1201, 28, 7.69%, 0, 0, 3, 57.33
1747842212, 1, 2, 1206, 1202, 28, 7.69%, 0, 0, 3, 48.19
1747842232, 1, 3, 1206, 1201, 27, 7.69%, 0, 0, 3, 9.69
1747842243, 1, 4, 1206, 1201, 27, 7.69%, 0, 0, 3, 9.53
1747842253, 1, 4, 1207, 1202, 27, 7.69%, 0, 0, 3, 9.05
1747842273, 1, 5, 1208, 1203, 27, 7.69%, 0, 0, 3, 8.71
1747842278, 1, 5, 1209, 1204, 27, 7.69%, 0, 0, 3, 8.86
1747842283, 1, 5, 1210, 1205, 27, 7.69%, 0, 0, 3, 8.79
1747842289, 1, 5, 1211, 1206, 27, 7.69%, 0, 0, 3, 8.87
1747842319, 1, 5, 1212, 1207, 27, 7.69%, 0, 0, 3, 8.87
1747842330, 1, 5, 1213, 1208, 27, 7.69%, 0, 0, 3, 9.09
1747842340, 1, 5, 1214, 1209, 27, 7.69%, 0, 0, 3, 8.90
1747842371, 1, 5, 1215, 1210, 27, 7.69%, 0, 0, 3, 8.76
1747842381, 1, 5, 1216, 1211, 27, 7.69%, 0, 0, 3, 8.49
1747842401, 1, 5, 1217, 1212, 27, 7.69%, 0, 0, 3, 8.95
1747842417, 1, 5, 1218, 1213, 27, 7.69%, 0, 0, 3, 8.96
1747842427, 1, 5, 1219, 1214, 27, 7.69%, 0, 0, 3, 8.89
1747842437, 1, 5, 1220, 1215, 27, 7.69%, 0, 0, 3, 8.76
1747842478, 1, 5, 1221, 1216, 27, 7.69%, 0, 0, 3, 8.97
1747842488, 1, 5, 1222, 1217, 27, 7.69%, 0, 0, 3, 8.92
1747842494, 1, 5, 1223, 1218, 27, 7.69%, 0, 0, 3, 8.65
1747842499, 1, 5, 1224, 1219, 27, 7.69%, 0, 0, 3, 8.54
1747842514, 1, 5, 1225, 1220, 27, 7.69%, 0, 0, 3, 8.95
1747842519, 1, 5, 1226, 1221, 27, 7.69%, 0, 0, 3, 8.99
1747842524, 1, 5, 1227, 1222, 27, 7.69%, 0, 0, 3, 8.58
1747842530, 1, 5, 1228, 1223, 27, 7.69%, 0, 0, 3, 8.62
1747842581, 1, 5, 1229, 1224, 27, 7.69%, 0, 0, 3, 8.85
1747842591, 1, 5, 1230, 1225, 27, 7.69%, 0, 0, 3, 8.91
1747842637, 1, 5, 1231, 1226, 27, 7.69%, 0, 0, 3, 9.07
1747842719, 1, 5, 1232, 1227, 27, 7.69%, 0, 0, 3, 8.87
1747842724, 1, 5, 1233, 1228, 27, 7.69%, 0, 0, 3, 8.45
1747842760, 1, 6, 1233, 1228, 27, 7.69%, 0, 0, 3, 8.73
1747842771, 1, 6, 1234, 1229, 27, 7.69%, 0, 0, 3, 8.77
1747842781, 1, 6, 1235, 1230, 27, 7.69%, 0, 0, 3, 8.89
1747842791, 1, 6, 1236, 1231, 27, 7.69%, 0, 0, 3, 8.60
1747842811, 1, 6, 1237, 1232, 27, 7.69%, 0, 0, 3, 8.93
1747842842, 1, 6, 1238, 1233, 27, 7.69%, 0, 0, 3, 8.80
1747842847, 1, 6, 1239, 1234, 27, 7.69%, 0, 0, 3, 8.10
1747842949, 1, 6, 1240, 1235, 27, 7.69%, 0, 0, 3, 8.65
1747842985, 1, 6, 1241, 1236, 27, 7.69%, 0, 0, 3, 8.81
1747842991, 1, 6, 1242, 1237, 27, 7.69%, 0, 0, 3, 8.61
1747843021, 1, 6, 1243, 1238, 27, 7.69%, 0, 0, 3, 8.88
1747843031, 1, 6, 1244, 1239, 27, 7.69%, 0, 0, 3, 8.46
1747843149, 1, 6, 1245, 1240, 27, 7.69%, 0, 0, 3, 8.72
1747843196, 1, 6, 1246, 1241, 27, 7.69%, 0, 0, 3, 8.94
1747843231, 1, 6, 1247, 1242, 27, 7.69%, 0, 0, 3, 8.77
1747843237, 1, 7, 1247, 1242, 27, 7.69%, 0, 0, 3, 8.52
1747843252, 1, 8, 1247, 1242, 27, 7.69%, 0, 0, 3, 8.67
1747843257, 1, 8, 1248, 1243, 27, 7.69%, 0, 0, 3, 8.63
1747843267, 1, 8, 1249, 1244, 27, 7.69%, 0, 0, 3, 8.81
1747843308, 1, 8, 1250, 1245, 27, 7.69%, 0, 0, 3, 8.64
1747843318, 1, 8, 1251, 1246, 27, 7.69%, 0, 0, 3, 8.63
1747843410, 1, 8, 1252, 1247, 27, 7.69%, 0, 0, 3, 8.63
1747843471, 1, 8, 1253, 1248, 27, 7.69%, 0, 0, 3, 8.81
1747843537, 1, 8, 1254, 1249, 27, 7.69%, 0, 0, 3, 8.95
1747843664, 1, 8, 1255, 1250, 27, 7.69%, 0, 0, 3, 8.65
1747843731, 1, 9, 1255, 1250, 29, 7.69%, 0, 0, 3, 8.56
1747843746, 1, 11, 1255, 1250, 29, 7.69%, 0, 0, 3, 8.35
1747843751, 1, 11, 1256, 1251, 29, 7.69%, 0, 0, 3, 8.08
1747843777, 1, 12, 1256, 1251, 29, 7.69%, 0, 0, 3, 8.92
1747843792, 1, 13, 1256, 1251, 29, 7.69%, 0, 0, 3, 8.81
1747843802, 1, 13, 1257, 1252, 29, 7.69%, 0, 0, 3, 8.08
1747843823, 1, 15, 1257, 1252, 29, 7.69%, 0, 0, 3, 8.39
1747843838, 1, 16, 1257, 1252, 29, 7.69%, 0, 0, 3, 9.14
1747843849, 1, 17, 1257, 1252, 29, 7.69%, 0, 0, 3, 9.12
1747843864, 1, 18, 1257, 1252, 29, 7.69%, 0, 0, 3, 8.44
1747843879, 1, 19, 1257, 1252, 29, 7.69%, 0, 0, 3, 8.20
1747843895, 1, 21, 1257, 1252, 29, 7.69%, 0, 0, 3, 8.45
1747843900, 1, 21, 1258, 1253, 29, 7.69%, 0, 0, 3, 8.37
1747843910, 1, 21, 1259, 1254, 29, 7.69%, 0, 0, 3, 8.30
1747843936, 1, 21, 1260, 1255, 29, 7.70%, 0, 0, 3, 8.30
1747843966, 1, 21, 1262, 1257, 29, 7.71%, 0, 0, 3, 7.50
1747843971, 1, 21, 1263, 1258, 29, 7.71%, 0, 0, 3, 8.24
1747843992, 1, 21, 1264, 1259, 29, 7.71%, 0, 0, 3, 8.07
1747844028, 1, 21, 1265, 1260, 29, 7.71%, 0, 0, 3, 8.24
1747844063, 1, 21, 1266, 1261, 29, 7.71%, 0, 0, 3, 8.42
1747844094, 1, 21, 1267, 1262, 29, 7.71%, 0, 0, 3, 8.31
1747844190, 1, 21, 1268, 1263, 29, 7.71%, 0, 0, 3, 8.37
1747844262, 1, 21, 1269, 1264, 29, 7.71%, 0, 0, 3, 8.22
1747844277, 1, 21, 1270, 1265, 29, 7.71%, 0, 0, 3, 8.17
1747844333, 1, 21, 1271, 1266, 29, 7.71%, 0, 0, 3, 8.09
1747844389, 1, 21, 1272, 1267, 29, 7.71%, 0, 0, 3, 8.27
1747844399, 1, 21, 1273, 1268, 29, 7.71%, 0, 0, 3, 8.22
1747844404, 1, 22, 1273, 1268, 28, 7.71%, 0, 0, 3, 8.31
1747844420, 1, 23, 1273, 1268, 28, 7.71%, 0, 0, 3, 8.24
1747844430, 1, 23, 1274, 1269, 28, 7.75%, 0, 0, 3, 8.02
1747844440, 1, 23, 1275, 1270, 28, 7.75%, 0, 0, 3, 7.75
1747844445, 1, 23, 1276, 1271, 28, 7.75%, 0, 0, 3, 7.74
1747844471, 1, 23, 1277, 1272, 28, 7.75%, 0, 0, 3, 8.14
1747844497, 1, 23, 1278, 1273, 28, 7.75%, 0, 0, 3, 7.96
1747844502, 1, 23, 1279, 1274, 28, 7.75%, 0, 0, 3, 7.57
1747844543, 1, 23, 1280, 1275, 28, 7.75%, 0, 0, 3, 8.09
1747844579, 1, 23, 1281, 1276, 28, 7.75%, 0, 0, 3, 7.59
1747844605, 1, 23, 1282, 1277, 28, 7.75%, 0, 0, 3, 7.95
1747844692, 1, 23, 1283, 1278, 28, 7.75%, 0, 0, 3, 7.64
1747844810, 1, 23, 1284, 1279, 28, 7.75%, 0, 0, 3, 8.03
1747844815, 1, 23, 1285, 1280, 28, 7.75%, 0, 0, 3, 7.94
1747844846, 1, 23, 1286, 1281, 28, 7.75%, 0, 0, 3, 7.99
1747844872, 1, 23, 1287, 1282, 28, 7.75%, 0, 0, 3, 7.72
1747844913, 1, 23, 1288, 1283, 28, 7.75%, 0, 0, 3, 8.04
1747844939, 1, 23, 1289, 1284, 28, 7.75%, 0, 0, 3, 7.86
1747844944, 1, 24, 1289, 1284, 30, 7.75%, 0, 0, 3, 7.91
1747844959, 1, 26, 1290, 1285, 30, 7.75%, 0, 0, 3, 7.68
1747844964, 1, 26, 1291, 1286, 30, 7.75%, 0, 0, 3, 7.74
1747844980, 1, 26, 1292, 1287, 30, 7.75%, 0, 0, 3, 7.88
1747844985, 1, 26, 1293, 1288, 30, 7.75%, 0, 0, 3, 7.49
1747844995, 1, 26, 1295, 1290, 30, 7.75%, 0, 0, 3, 7.87
1747845015, 1, 26, 1296, 1291, 30, 7.75%, 0, 0, 3, 7.81
1747845041, 1, 26, 1298, 1293, 30, 7.75%, 0, 0, 3, 7.87
1747845046, 1, 26, 1299, 1294, 30, 7.75%, 0, 0, 3, 7.78
1747845051, 1, 26, 1301, 1296, 30, 7.75%, 0, 0, 3, 7.66
1747845067, 1, 26, 1302, 1297, 30, 7.75%, 0, 0, 3, 7.84
1747845072, 1, 26, 1303, 1298, 30, 7.75%, 0, 0, 3, 7.80
1747845097, 1, 26, 1304, 1299, 30, 7.75%, 0, 0, 3, 7.62
1747845103, 1, 26, 1305, 1300, 30, 7.75%, 0, 0, 3, 7.79
1747845138, 1, 26, 1306, 1301, 30, 7.75%, 0, 0, 3, 7.76
1747845164, 1, 26, 1307, 1302, 30, 7.75%, 0, 0, 3, 7.74
1747845180, 1, 26, 1309, 1304, 30, 7.75%, 0, 0, 3, 7.82
1747845185, 1, 26, 1310, 1305, 30, 7.75%, 0, 0, 3, 7.75
1747845256, 1, 26, 1311, 1306, 30, 7.75%, 0, 0, 3, 7.81
1747845399, 1, 26, 1312, 1307, 30, 7.75%, 0, 0, 3, 7.64
1747845476, 1, 26, 1313, 1308, 30, 7.75%, 0, 0, 3, 7.81
1747845491, 1, 26, 1314, 1309, 30, 7.75%, 0, 0, 3, 7.86
1747845506, 1, 27, 1314, 1309, 28, 7.75%, 0, 0, 3, 7.93
1747845527, 1, 28, 1316, 1311, 28, 7.75%, 0, 0, 3, 7.58
1747845558, 1, 28, 1317, 1312, 28, 7.75%, 0, 0, 3, 7.82
1747845584, 1, 28, 1318, 1313, 28, 7.75%, 0, 0, 3, 7.77
1747845599, 1, 28, 1319, 1314, 28, 7.75%, 0, 0, 3, 7.75
1747845641, 1, 28, 1320, 1315, 28, 7.75%, 0, 0, 3, 7.82
1747845682, 1, 28, 1321, 1316, 28, 7.75%, 0, 0, 3, 7.55
1747845698, 1, 28, 1322, 1317, 28, 7.75%, 0, 0, 3, 7.72
1747845729, 1, 28, 1323, 1318, 28, 7.75%, 0, 0, 3, 7.70
1747845770, 1, 28, 1324, 1319, 28, 7.88%, 0, 0, 3, 7.87
1747845832, 1, 28, 1325, 1320, 28, 7.88%, 0, 0, 3, 7.34
1747845848, 1, 28, 1326, 1321, 28, 7.88%, 0, 0, 3, 7.67
1747845853, 1, 28, 1327, 1322, 28, 7.88%, 0, 0, 3, 7.80
1747846034, 1, 28, 1328, 1323, 28, 7.88%, 0, 0, 3, 7.64
1747846070, 1, 32, 1328, 1323, 28, 7.88%, 0, 0, 3, 7.56
1747846085, 1, 32, 1329, 1324, 28, 7.88%, 0, 0, 3, 7.31
1747846106, 1, 33, 1329, 1324, 28, 7.88%, 0, 0, 3, 7.52
1747846121, 1, 35, 1329, 1324, 28, 7.88%, 0, 0, 3, 7.84
1747846132, 1, 35, 1330, 1325, 28, 7.88%, 0, 0, 3, 7.69
1747846157, 1, 36, 1330, 1325, 28, 7.88%, 0, 0, 3, 7.62
1747846172, 1, 37, 1330, 1325, 28, 7.88%, 0, 0, 3, 7.55
1747846193, 1, 38, 1330, 1325, 28, 7.88%, 0, 0, 3, 7.69
1747846208, 1, 39, 1330, 1325, 28, 7.88%, 0, 0, 3, 8.63
1747846224, 1, 41, 1331, 1326, 28, 7.88%, 0, 0, 3, 8.16
1747846239, 1, 41, 1332, 1327, 28, 7.88%, 0, 0, 3, 7.65
1747846270, 1, 41, 1333, 1328, 28, 7.88%, 0, 0, 3, 7.58
1747846327, 1, 41, 1334, 1329, 28, 7.88%, 0, 0, 3, 7.67
1747846357, 1, 41, 1335, 1330, 28, 7.88%, 0, 0, 3, 7.33
1747846394, 1, 41, 1336, 1331, 28, 7.88%, 0, 0, 3, 7.58
1747846564, 1, 41, 1337, 1332, 28, 7.88%, 0, 0, 3, 7.59
1747846599, 1, 41, 1338, 1333, 28, 7.88%, 0, 0, 3, 7.37
1747846625, 1, 41, 1339, 1334, 28, 7.88%, 0, 0, 3, 7.46
1747846666, 1, 41, 1340, 1335, 28, 7.88%, 0, 0, 3, 7.60
1747846728, 1, 41, 1341, 1336, 28, 7.88%, 0, 0, 3, 7.63
1747846733, 1, 41, 1342, 1337, 28, 7.88%, 0, 0, 3, 7.55
1747846749, 1, 41, 1343, 1338, 28, 7.88%, 0, 0, 3, 7.65
1747846774, 1, 43, 1343, 1338, 29, 7.88%, 0, 0, 3, 7.60
1747846790, 1, 44, 1343, 1338, 29, 7.88%, 0, 0, 3, 7.52
1747846810, 1, 45, 1343, 1338, 29, 7.88%, 0, 0, 3, 7.34
1747846821, 1, 45, 1345, 1340, 29, 7.88%, 0, 0, 3, 6.83
1747846826, 1, 45, 1346, 1341, 29, 7.88%, 0, 0, 3, 7.07
1747846841, 1, 45, 1347, 1342, 29, 7.88%, 0, 0, 3, 7.33
1747846883, 1, 45, 1348, 1343, 29, 7.89%, 0, 0, 3, 7.15
1747846893, 1, 45, 1349, 1344, 29, 7.90%, 0, 0, 3, 7.25
1747846898, 1, 45, 1350, 1345, 29, 7.90%, 0, 0, 3, 7.10
1747846904, 1, 45, 1352, 1347, 29, 7.90%, 0, 0, 3, 7.15
1747847043, 1, 45, 1353, 1348, 29, 7.90%, 0, 0, 3, 9.60
1747847074, 1, 45, 1354, 1349, 29, 7.90%, 0, 0, 3, 12.41
1747847095, 1, 45, 1355, 1350, 29, 7.90%, 0, 0, 3, 12.31
1747847146, 1, 45, 1356, 1351, 29, 7.90%, 0, 0, 3, 12.24
1747847151, 1, 45, 1357, 1352, 29, 7.90%, 0, 0, 3, 11.85
1747847172, 1, 45, 1358, 1353, 29, 7.90%, 0, 0, 3, 11.82
1747847187, 1, 45, 1359, 1354, 29, 7.90%, 0, 0, 3, 12.18
1747847249, 1, 46, 1359, 1354, 28, 7.90%, 0, 0, 3, 12.51
1747847259, 1, 50, 1359, 1354, 28, 7.90%, 0, 0, 3, 12.57
1747847264, 1, 50, 1360, 1355, 28, 7.90%, 0, 0, 3, 12.08
1747847279, 1, 50, 1362, 1357, 28, 7.90%, 0, 0, 3, 11.14
1747847300, 1, 50, 1363, 1358, 28, 7.91%, 0, 0, 3, 11.63
1747847331, 1, 50, 1364, 1359, 28, 7.91%, 0, 0, 3, 11.59
1747847351, 1, 50, 1365, 1360, 28, 7.91%, 0, 0, 3, 11.60
1747847361, 1, 50, 1366, 1361, 28, 7.91%, 0, 0, 3, 11.63
1747847366, 1, 50, 1367, 1362, 28, 7.91%, 0, 0, 3, 11.83
1747847382, 1, 50, 1368, 1363, 28, 7.91%, 0, 0, 3, 11.93
1747847397, 1, 50, 1369, 1364, 28, 7.91%, 0, 0, 3, 11.75
1747847474, 1, 50, 1370, 1365, 28, 7.91%, 0, 0, 3, 11.86
1747847484, 1, 50, 1371, 1366, 28, 7.91%, 0, 0, 3, 11.74
1747847494, 1, 50, 1372, 1367, 28, 7.91%, 0, 0, 3, 9.53
1747847505, 1, 50, 1373, 1368, 28, 7.91%, 0, 0, 3, 6.97
1747847510, 1, 50, 1374, 1369, 28, 7.92%, 0, 0, 3, 6.95
1747847520, 1, 50, 1375, 1370, 28, 7.92%, 0, 0, 3, 6.86
1747847567, 1, 50, 1376, 1371, 28, 7.92%, 0, 0, 3, 7.88
1747847577, 1, 50, 1377, 1372, 28, 7.92%, 0, 0, 3, 11.52
1747847582, 1, 50, 1378, 1373, 28, 7.92%, 0, 0, 3, 11.56
1747847587, 1, 50, 1379, 1374, 28, 7.92%, 0, 0, 3, 11.57
1747847654, 1, 52, 1379, 1374, 29, 7.92%, 0, 0, 3, 12.26
1747847664, 1, 53, 1379, 1374, 29, 7.92%, 0, 0, 3, 12.81
1747847675, 1, 54, 1379, 1374, 29, 7.92%, 0, 0, 3, 11.96
1747847685, 1, 55, 1380, 1375, 29, 7.92%, 0, 0, 3, 11.53
1747847690, 1, 55, 1381, 1376, 29, 7.92%, 0, 0, 3, 11.38
1747847721, 1, 55, 1382, 1377, 29, 7.92%, 0, 0, 3, 11.39
1747847736, 1, 55, 1384, 1379, 29, 7.92%, 0, 0, 3, 11.32
1747847741, 1, 55, 1385, 1380, 29, 7.92%, 0, 0, 3, 11.22
1747847751, 1, 55, 1386, 1381, 29, 7.92%, 0, 0, 3, 11.23
1747847767, 1, 55, 1387, 1382, 29, 7.92%, 0, 0, 3, 11.37
1747847793, 1, 55, 1389, 1384, 29, 7.92%, 0, 0, 3, 11.07
1747847803, 1, 55, 1390, 1385, 29, 7.92%, 0, 0, 3, 10.99
1747847818, 1, 55, 1391, 1386, 29, 7.92%, 0, 0, 3, 11.39
1747847834, 1, 55, 1392, 1387, 29, 7.92%, 0, 0, 3, 10.96
1747847839, 1, 55, 1393, 1388, 29, 8.10%, 0, 0, 3, 11.04
1747847869, 1, 55, 1394, 1389, 29, 8.11%, 0, 0, 3, 10.92
1747847875, 1, 55, 1396, 1391, 29, 8.11%, 0, 0, 3, 11.16
1747847910, 1, 55, 1397, 1392, 29, 8.11%, 0, 0, 3, 11.34
1747847921, 1, 55, 1398, 1393, 29, 8.11%, 0, 0, 3, 10.80
1747847946, 1, 55, 1399, 1394, 29, 8.11%, 0, 0, 3, 11.39
1747847957, 1, 55, 1400, 1395, 29, 8.11%, 0, 0, 3, 11.46
1747848002, 1, 55, 1401, 1396, 29, 8.11%, 0, 0, 3, 11.22
1747848013, 1, 55, 1402, 1397, 29, 8.11%, 0, 0, 3, 11.14
1747848023, 1, 55, 1403, 1398, 29, 8.11%, 0, 0, 3, 11.36
1747848053, 1, 55, 1404, 1399, 29, 8.11%, 0, 0, 3, 11.28
1747848063, 1, 56, 1404, 1399, 29, 8.11%, 0, 0, 3, 11.30
1747848079, 1, 57, 1404, 1399, 29, 8.11%, 0, 0, 3, 12.48
1747848089, 1, 58, 1404, 1399, 29, 8.11%, 0, 0, 3, 12.86
1747848094, 1, 59, 1404, 1399, 29, 8.11%, 0, 0, 3, 12.89
1747848110, 1, 60, 1404, 1399, 29, 8.11%, 0, 0, 3, 12.31
1747848120, 1, 61, 1404, 1399, 29, 8.11%, 0, 0, 3, 12.73
1747848125, 1, 61, 1405, 1400, 29, 8.11%, 0, 0, 3, 12.79
1747848141, 1, 62, 1405, 1400, 29, 8.11%, 0, 0, 3, 12.81
1747848151, 1, 64, 1406, 1401, 29, 8.11%, 0, 0, 3, 14.97
1747848167, 1, 65, 1406, 1401, 29, 8.11%, 0, 0, 3, 15.61
1747848172, 1, 66, 1406, 1401, 29, 8.11%, 0, 0, 3, 15.48
1747848187, 1, 68, 1406, 1401, 29, 8.11%, 0, 0, 3, 11.33
1747848198, 1, 69, 1406, 1401, 29, 8.11%, 0, 0, 3, 12.11
1747848208, 1, 70, 1406, 1401, 29, 8.11%, 0, 0, 3, 12.69
1747848218, 1, 71, 1406, 1401, 29, 8.11%, 0, 0, 3, 76.24
1747848304, 1, 72, 1406, 1400, 29, 8.11%, 0, 0, 3, 28.24
1747848315, 1, 73, 1407, 1401, 29, 8.11%, 0, 0, 3, 15.85
1747848320, 1, 73, 1408, 1402, 29, 8.11%, 0, 0, 3, 15.82
1747848345, 1, 75, 1408, 1402, 29, 8.11%, 0, 0, 3, 14.01
1747848356, 1, 77, 1408, 1402, 29, 8.11%, 0, 0, 3, 11.30
1747848371, 1, 78, 1408, 1402, 29, 8.11%, 0, 0, 3, 10.96
1747848381, 1, 78, 1409, 1403, 29, 8.11%, 0, 0, 3, 11.16
1747848392, 1, 79, 1409, 1403, 29, 8.11%, 0, 0, 3, 11.45
1747848402, 1, 81, 1409, 1403, 29, 8.11%, 0, 0, 3, 12.71
1747848412, 1, 82, 1409, 1403, 29, 8.11%, 0, 0, 3, 12.14
1747848428, 1, 83, 1409, 1403, 29, 8.11%, 0, 0, 3, 11.12
1747848438, 1, 84, 1409, 1403, 29, 8.11%, 0, 0, 3, 11.16
1747848448, 1, 85, 1409, 1403, 29, 8.11%, 0, 0, 3, 10.90
1747848458, 1, 85, 1410, 1404, 29, 8.11%, 0, 0, 3, 11.14
1747848474, 1, 86, 1410, 1404, 29, 8.11%, 0, 0, 3, 11.00
1747848484, 1, 88, 1410, 1404, 29, 8.11%, 0, 0, 3, 10.92
1747848494, 1, 90, 1410, 1404, 29, 8.11%, 0, 0, 3, 11.09
1747848504, 1, 91, 1410, 1404, 29, 8.11%, 0, 0, 3, 11.13
1747848520, 1, 92, 1410, 1404, 29, 8.11%, 0, 0, 3, 11.49
1747848530, 1, 93, 1410, 1404, 29, 8.11%, 0, 0, 3, 11.29
1747848540, 1, 94, 1410, 1404, 29, 8.11%, 0, 0, 3, 11.26
1747848550, 1, 96, 1410, 1404, 29, 8.11%, 0, 0, 3, 10.90
1747848566, 1, 98, 1410, 1404, 29, 8.11%, 0, 0, 3, 11.11
1747848576, 1, 99, 1410, 1404, 29, 8.11%, 0, 0, 3, 10.74
1747848581, 1, 99, 1411, 1405, 29, 8.11%, 0, 0, 3, 10.75
1747848596, 1, 99, 1412, 1406, 29, 8.11%, 0, 0, 3, 10.95
1747848601, 1, 99, 1413, 1407, 29, 8.11%, 0, 0, 3, 10.69
1747848673, 1, 100, 1413, 1407, 29, 8.11%, 0, 0, 3, 10.71
1747848683, 1, 100, 1414, 1408, 29, 8.11%, 0, 0, 3, 10.41
1747848699, 1, 101, 1414, 1408, 29, 8.11%, 0, 0, 3, 11.15
1747848709, 1, 102, 1414, 1408, 29, 8.11%, 0, 0, 3, 11.31
1747848719, 1, 103, 1414, 1408, 29, 8.11%, 0, 0, 3, 11.02
1747848724, 1, 103, 1415, 1409, 29, 8.11%, 0, 0, 3, 10.45
1747848734, 1, 103, 1416, 1410, 29, 8.23%, 0, 0, 3, 10.07
1747848750, 1, 103, 1417, 1411, 29, 8.23%, 0, 0, 3, 10.33
1747848755, 1, 103, 1418, 1412, 29, 8.23%, 0, 0, 3, 9.97
1747848765, 1, 103, 1419, 1413, 29, 8.23%, 0, 0, 3, 10.38
1747848776, 1, 103, 1420, 1414, 29, 8.23%, 0, 0, 3, 6.56
1747848787, 1, 103, 1421, 1415, 29, 8.23%, 0, 0, 3, 5.89
1747848818, 1, 103, 1422, 1416, 29, 8.23%, 0, 0, 3, 6.01
1747848828, 1, 103, 1423, 1417, 29, 8.23%, 0, 0, 3, 6.15
1747848849, 1, 103, 1424, 1418, 29, 8.23%, 0, 0, 3, 6.01
1747848864, 1, 103, 1425, 1419, 29, 8.23%, 0, 0, 3, 5.94
1747848879, 1, 103, 1426, 1420, 29, 8.23%, 0, 0, 3, 6.06
1747848885, 1, 103, 1427, 1421, 29, 8.23%, 0, 0, 3, 5.85
1747849019, 1, 103, 1428, 1422, 29, 8.23%, 0, 0, 3, 6.02
1747849029, 1, 103, 1429, 1423, 29, 8.23%, 0, 0, 3, 6.10
1747849086, 1, 103, 1430, 1424, 29, 8.23%, 0, 0, 3, 6.29
1747849097, 1, 103, 1431, 1425, 29, 8.23%, 0, 0, 3, 6.02
1747849143, 1, 103, 1432, 1426, 29, 8.23%, 0, 0, 3, 5.93
1747849159, 1, 103, 1433, 1427, 29, 8.23%, 0, 0, 3, 6.16
1747849221, 1, 103, 1434, 1428, 29, 8.23%, 0, 0, 3, 6.05
1747849279, 1, 103, 1435, 1429, 29, 8.23%, 0, 0, 3, 5.97
1747849393, 1, 106, 1436, 1430, 30, 8.23%, 0, 0, 3, 6.02
1747849434, 1, 107, 1436, 1430, 30, 8.23%, 0, 0, 3, 6.41
1747849455, 1, 108, 1437, 1431, 30, 8.28%, 0, 0, 3, 6.26
1747849465, 1, 108, 1438, 1432, 30, 8.28%, 0, 0, 3, 6.15
1747849471, 1, 108, 1439, 1433, 30, 8.28%, 0, 0, 3, 6.02
1747849627, 1, 109, 1439, 1433, 31, 8.28%, 0, 0, 3, 6.03
1747849648, 1, 110, 1439, 1433, 31, 8.28%, 0, 0, 3, 6.15
1747849668, 1, 112, 1439, 1433, 31, 8.28%, 0, 0, 3, 6.13
1747849689, 1, 113, 1439, 1433, 31, 8.28%, 0, 0, 3, 6.15
1747849710, 1, 115, 1439, 1433, 31, 8.28%, 0, 0, 3, 6.32
1747849730, 1, 116, 1439, 1433, 31, 8.28%, 0, 0, 3, 6.55
1747849751, 1, 118, 1439, 1433, 31, 8.28%, 0, 0, 3, 6.16
1747849772, 1, 119, 1439, 1433, 31, 8.28%, 0, 0, 3, 6.10
1747849793, 1, 120, 1439, 1433, 31, 8.28%, 0, 0, 3, 6.15
1747849809, 1, 120, 1440, 1434, 31, 8.28%, 0, 0, 3, 6.20
1747849835, 1, 121, 1440, 1434, 31, 8.28%, 0, 0, 3, 7.74
1747849850, 1, 122, 1440, 1434, 31, 8.28%, 0, 0, 3, 7.81
1747849866, 1, 123, 1440, 1434, 31, 8.28%, 0, 0, 3, 6.89
1747849886, 1, 124, 1440, 1434, 31, 8.28%, 0, 0, 3, 6.22
1747849907, 1, 126, 1440, 1434, 31, 8.28%, 0, 0, 3, 6.48
1747849928, 1, 127, 1440, 1434, 31, 8.28%, 0, 0, 3, 6.13
1747849949, 1, 127, 1441, 1435, 31, 8.28%, 0, 0, 3, 6.10
1747849975, 1, 128, 1441, 1435, 31, 8.28%, 0, 0, 3, 6.00
1747849995, 1, 129, 1441, 1435, 31, 8.28%, 0, 0, 3, 6.14
1747850016, 1, 130, 1441, 1435, 31, 8.28%, 0, 0, 3, 6.03
1747850036, 1, 131, 1441, 1435, 31, 8.28%, 0, 0, 3, 7.59
1747850051, 1, 132, 1441, 1435, 31, 8.28%, 0, 0, 3, 7.58
1747850072, 1, 133, 1441, 1435, 31, 8.28%, 0, 0, 3, 6.14
1747850093, 1, 134, 1441, 1435, 31, 8.28%, 0, 0, 3, 6.15
1747850114, 1, 135, 1441, 1435, 31, 8.28%, 0, 0, 3, 8.33
1747850124, 1, 136, 1441, 1435, 31, 8.28%, 0, 0, 3, 8.96
1747850145, 1, 137, 1441, 1435, 31, 8.28%, 0, 0, 3, 6.52
1747850161, 1, 138, 1441, 1435, 31, 8.28%, 0, 0, 3, 8.18
1747850181, 1, 139, 1441, 1435, 31, 8.28%, 0, 0, 3, 6.54
1747850197, 1, 139, 1442, 1436, 31, 8.28%, 0, 0, 3, 6.22
1747850223, 1, 140, 1442, 1436, 31, 8.28%, 0, 0, 3, 5.99
1747850243, 1, 142, 1442, 1436, 31, 8.28%, 0, 0, 3, 6.19
1747850264, 1, 143, 1442, 1436, 31, 8.28%, 0, 0, 3, 6.08
1747850286, 1, 145, 1442, 1436, 31, 8.28%, 0, 0, 3, 6.19
1747850296, 1, 145, 1443, 1437, 31, 8.28%, 0, 0, 3, 6.05
1747850316, 1, 145, 1444, 1438, 31, 8.28%, 0, 0, 3, 5.64
1747850373, 1, 147, 1444, 1438, 31, 8.28%, 0, 0, 3, 6.15
1747850394, 1, 148, 1444, 1438, 31, 8.28%, 0, 0, 3, 6.15
1747850415, 1, 149, 1444, 1438, 31, 8.28%, 0, 0, 3, 6.08
1747850435, 1, 150, 1444, 1438, 31, 8.28%, 0, 0, 3, 6.14
1747850456, 1, 151, 1444, 1438, 31, 8.28%, 0, 0, 3, 6.10
1747850477, 1, 152, 1444, 1438, 31, 8.28%, 0, 0, 3, 6.20
1747850497, 1, 153, 1444, 1438, 31, 8.28%, 0, 0, 3, 6.27
1747850518, 1, 154, 1444, 1438, 31, 8.28%, 0, 0, 3, 6.14
1747850539, 1, 154, 1445, 1439, 31, 8.28%, 0, 0, 3, 6.16
1747850555, 1, 154, 1446, 1440, 31, 8.28%, 0, 0, 3, 6.17
1747850606, 1, 155, 1447, 1441, 32, 8.28%, 0, 0, 3, 5.94
1747850647, 1, 156, 1447, 1441, 32, 8.28%, 0, 0, 3, 6.23
1747850668, 1, 157, 1447, 1441, 32, 8.28%, 0, 0, 3, 6.07
1747850689, 1, 158, 1447, 1441, 32, 8.28%, 0, 0, 3, 6.08
1747850710, 1, 159, 1447, 1441, 32, 8.28%, 0, 0, 3, 6.13
1747850730, 1, 160, 1447, 1441, 32, 8.28%, 0, 0, 3, 6.10
1747850751, 1, 162, 1447, 1441, 32, 8.28%, 0, 0, 3, 6.17
1747850772, 1, 163, 1447, 1441, 32, 8.28%, 0, 0, 3, 6.09
1747850793, 1, 165, 1447, 1441, 32, 8.28%, 0, 0, 3, 6.09
1747850808, 1, 166, 1447, 1441, 32, 8.28%, 0, 0, 3, 9.80
1747850823, 1, 167, 1447, 1441, 32, 8.28%, 0, 0, 3, 10.28
1747850833, 1, 168, 1447, 1441, 32, 8.28%, 0, 0, 3, 10.31
1747850838, 1, 168, 1448, 1442, 32, 8.28%, 0, 0, 3, 10.16
1747850854, 1, 168, 1449, 1443, 32, 8.28%, 0, 0, 3, 9.96
1747850884, 1, 169, 1449, 1443, 32, 8.28%, 0, 0, 3, 10.16
1747850900, 1, 170, 1449, 1443, 32, 8.28%, 0, 0, 3, 10.18
1747850910, 1, 172, 1450, 1444, 32, 8.28%, 0, 0, 3, 10.16
1747850931, 1, 172, 1451, 1445, 32, 8.28%, 0, 0, 3, 10.44
1747850961, 1, 173, 1451, 1445, 32, 8.28%, 0, 0, 3, 10.44
1747850972, 1, 173, 1452, 1446, 32, 8.28%, 0, 0, 3, 10.14
1747850987, 1, 174, 1453, 1447, 32, 8.28%, 0, 0, 3, 9.97
1747851012, 1, 175, 1453, 1447, 32, 8.28%, 0, 0, 3, 10.21
1747851028, 1, 176, 1453, 1447, 32, 8.28%, 0, 0, 3, 10.11
1747851038, 1, 177, 1453, 1447, 32, 8.28%, 0, 0, 3, 10.22
1747851053, 1, 178, 1453, 1447, 32, 8.28%, 0, 0, 3, 10.11
1747851064, 1, 180, 1453, 1447, 32, 8.28%, 0, 0, 3, 10.14
1747851079, 1, 181, 1454, 1448, 32, 8.28%, 0, 0, 3, 10.22
1747851105, 1, 182, 1454, 1448, 32, 8.28%, 0, 0, 3, 10.46
1747851115, 1, 183, 1454, 1448, 32, 8.28%, 0, 0, 3, 10.26
1747851125, 1, 186, 1454, 1448, 32, 8.28%, 0, 0, 3, 10.22
1747851141, 1, 188, 1454, 1448, 32, 8.28%, 0, 0, 3, 10.27
1747851151, 1, 190, 1454, 1448, 32, 8.28%, 0, 0, 3, 10.40
1747851166, 1, 191, 1454, 1448, 32, 8.28%, 0, 0, 3, 10.05
1747851177, 1, 192, 1454, 1448, 32, 8.28%, 0, 0, 3, 10.44
1747851187, 1, 193, 1454, 1448, 32, 8.28%, 0, 0, 3, 10.61
1747851202, 1, 194, 1454, 1448, 32, 8.28%, 0, 0, 3, 10.13
1747851213, 1, 196, 1454, 1448, 32, 8.28%, 0, 0, 3, 10.06
1747851223, 1, 196, 1455, 1449, 32, 8.28%, 0, 0, 3, 10.06
1747851243, 1, 197, 1455, 1449, 32, 8.28%, 0, 0, 3, 9.86
1747851254, 1, 198, 1455, 1449, 32, 8.28%, 0, 0, 3, 9.86
1747851269, 1, 199, 1455, 1449, 32, 8.28%, 0, 0, 3, 9.90
1747851279, 1, 200, 1455, 1449, 32, 8.28%, 0, 0, 3, 9.97
1747851294, 1, 201, 1455, 1449, 32, 8.28%, 0, 0, 3, 10.17
1747851299, 1, 201, 1456, 1450, 32, 8.28%, 0, 0, 3, 10.24
1747851320, 1, 202, 1456, 1450, 32, 8.28%, 0, 0, 3, 10.10
1747851330, 1, 202, 1457, 1451, 32, 8.28%, 0, 0, 3, 10.04
1747851346, 1, 204, 1457, 1451, 32, 8.28%, 0, 0, 3, 10.27
1747851356, 1, 205, 1457, 1451, 32, 8.28%, 0, 0, 3, 10.24
1747851372, 1, 207, 1457, 1451, 32, 8.28%, 0, 0, 3, 9.67
1747851382, 1, 208, 1457, 1451, 32, 8.28%, 0, 0, 3, 9.84
1747851397, 1, 209, 1457, 1451, 32, 8.28%, 0, 0, 3, 9.89
1747851407, 1, 210, 1458, 1452, 32, 8.28%, 0, 0, 3, 9.49
1747851433, 1, 211, 1458, 1452, 32, 8.28%, 0, 0, 3, 9.75
1747851438, 1, 211, 1459, 1453, 32, 8.30%, 0, 0, 3, 9.80
1747851464, 1, 212, 1459, 1453, 32, 8.30%, 0, 0, 3, 9.87
1747851474, 1, 213, 1459, 1453, 32, 8.30%, 0, 0, 3, 9.99
1747851489, 1, 214, 1459, 1453, 32, 8.30%, 0, 0, 3, 9.88
1747851500, 1, 215, 1459, 1453, 32, 8.30%, 0, 0, 3, 10.17
1747851515, 1, 216, 1459, 1453, 32, 8.30%, 0, 0, 3, 10.06
1747851525, 1, 218, 1459, 1453, 32, 8.30%, 0, 0, 3, 10.13
1747851540, 1, 220, 1459, 1453, 32, 8.30%, 0, 0, 3, 10.27
1747851550, 1, 221, 1459, 1453, 32, 8.30%, 0, 0, 3, 10.06
1747851566, 1, 223, 1459, 1453, 32, 8.30%, 0, 0, 3, 10.21
1747851576, 1, 224, 1459, 1453, 32, 8.30%, 0, 0, 3, 10.02
1747851587, 1, 224, 1460, 1454, 32, 8.30%, 0, 0, 3, 9.43
1747851602, 1, 225, 1460, 1454, 32, 8.30%, 0, 0, 3, 10.02
1747851618, 1, 226, 1460, 1454, 32, 8.30%, 0, 0, 3, 10.22
1747851628, 1, 227, 1460, 1454, 32, 8.30%, 0, 0, 3, 10.09
1747851644, 1, 228, 1460, 1454, 32, 8.30%, 0, 0, 3, 10.23
1747851654, 1, 229, 1460, 1454, 32, 8.30%, 0, 0, 3, 10.02
1747851664, 1, 231, 1460, 1454, 32, 8.30%, 0, 0, 3, 9.60
1747851680, 1, 234, 1460, 1454, 32, 8.30%, 0, 0, 3, 10.16
1747851690, 1, 235, 1460, 1454, 32, 8.30%, 0, 0, 3, 9.87
1747851705, 1, 236, 1460, 1454, 32, 8.30%, 0, 0, 3, 9.78
1747851716, 1, 237, 1460, 1454, 32, 8.30%, 0, 0, 3, 9.98
1747851731, 1, 238, 1461, 1455, 32, 8.30%, 0, 0, 3, 9.42
1747851757, 1, 239, 1461, 1455, 32, 8.30%, 0, 0, 3, 9.91
1747851772, 1, 240, 1461, 1455, 32, 8.30%, 0, 0, 3, 9.84
1747851782, 1, 240, 1462, 1456, 32, 8.30%, 0, 0, 3, 9.69
1747851798, 1, 241, 1462, 1456, 32, 8.30%, 0, 0, 3, 10.12
1747851808, 1, 242, 1462, 1456, 32, 8.30%, 0, 0, 3, 10.20
1747851818, 1, 242, 1463, 1457, 32, 8.30%, 0, 0, 3, 10.13
1747851834, 1, 243, 1463, 1457, 32, 8.30%, 0, 0, 3, 10.07
1747851849, 1, 244, 1463, 1457, 32, 8.30%, 0, 0, 3, 9.91
1747851860, 1, 245, 1463, 1457, 32, 8.30%, 0, 0, 3, 9.41
1747851875, 1, 247, 1463, 1457, 32, 8.30%, 0, 0, 3, 9.75
1747851885, 1, 248, 1463, 1457, 32, 8.30%, 0, 0, 3, 10.01
1747851900, 1, 249, 1463, 1457, 32, 8.30%, 0, 0, 3, 9.80
1747851911, 1, 250, 1463, 1457, 32, 8.30%, 0, 0, 3, 10.15
1747851927, 1, 251, 1463, 1457, 32, 8.30%, 0, 0, 3, 9.97
1747851932, 1, 251, 1464, 1458, 32, 8.30%, 0, 0, 3, 9.79
1747851947, 1, 251, 1465, 1459, 32, 8.30%, 0, 0, 3, 9.85
1747851978, 1, 252, 1465, 1459, 32, 8.30%, 0, 0, 3, 9.90
1747851983, 1, 252, 1466, 1460, 32, 8.30%, 0, 0, 3, 9.91
1747852003, 1, 252, 1467, 1461, 32, 8.30%, 0, 0, 3, 9.70
1747852034, 1, 252, 1468, 1462, 32, 8.30%, 0, 0, 3, 9.81
1747852049, 1, 252, 1470, 1464, 32, 8.30%, 0, 0, 3, 9.76
1747852095, 1, 252, 1471, 1465, 32, 8.30%, 0, 0, 3, 9.40
1747852152, 1, 252, 1472, 1466, 32, 8.30%, 0, 0, 3, 9.67
1747852163, 1, 252, 1473, 1467, 32, 8.30%, 0, 0, 3, 9.54
1747852229, 1, 252, 1475, 1469, 32, 8.30%, 0, 0, 3, 9.81
1747852260, 1, 252, 1476, 1470, 32, 8.30%, 0, 0, 3, 9.90
1747852312, 1, 252, 1477, 1471, 32, 8.30%, 0, 0, 3, 9.85
1747852404, 1, 253, 1477, 1471, 32, 8.30%, 0, 0, 3, 10.10
1747852415, 1, 254, 1477, 1471, 32, 8.30%, 0, 0, 3, 9.95
1747852430, 1, 255, 1477, 1471, 32, 8.30%, 0, 0, 3, 9.81
1747852440, 1, 257, 1477, 1471, 32, 8.30%, 0, 0, 3, 9.84
1747852456, 1, 258, 1477, 1471, 32, 8.30%, 0, 0, 3, 9.77
1747852466, 1, 259, 1477, 1471, 32, 8.30%, 0, 0, 3, 9.82
1747852482, 1, 260, 1477, 1471, 32, 8.30%, 0, 0, 3, 10.08
1747852492, 1, 261, 1477, 1471, 32, 8.30%, 0, 0, 3, 10.10
1747852507, 1, 263, 1477, 1471, 32, 8.30%, 0, 0, 3, 9.70
1747852517, 1, 264, 1477, 1471, 32, 8.30%, 0, 0, 3, 9.79
1747852532, 1, 265, 1477, 1471, 32, 8.30%, 0, 0, 3, 9.89
1747852547, 1, 267, 1477, 1471, 32, 8.30%, 0, 0, 3, 9.72
1747852558, 1, 268, 1477, 1471, 32, 8.30%, 0, 0, 3, 9.84
1747852573, 1, 269, 1477, 1471, 32, 8.30%, 0, 0, 3, 9.75
1747852583, 1, 270, 1477, 1471, 32, 8.30%, 0, 0, 3, 9.97
1747852598, 1, 272, 1477, 1471, 32, 8.30%, 0, 0, 3, 9.87
1747852609, 1, 273, 1477, 1471, 32, 8.30%, 0, 0, 3, 9.82
1747852624, 1, 274, 1477, 1471, 32, 8.30%, 0, 0, 3, 9.90
1747852635, 1, 275, 1477, 1471, 32, 8.30%, 0, 0, 3, 9.82
1747852650, 1, 276, 1478, 1472, 32, 8.30%, 0, 0, 3, 9.78
1747852676, 1, 277, 1478, 1472, 32, 8.30%, 0, 0, 3, 10.01
1747852686, 1, 278, 1478, 1472, 32, 8.30%, 0, 0, 3, 9.77
1747852701, 1, 279, 1478, 1472, 32, 8.30%, 0, 0, 3, 9.88
1747852717, 1, 280, 1478, 1472, 32, 8.30%, 0, 0, 3, 9.84
1747852727, 1, 281, 1478, 1472, 32, 8.30%, 0, 0, 3, 9.69
1747852737, 1, 281, 1479, 1473, 32, 8.30%, 0, 0, 3, 9.60
1747852742, 1, 281, 1480, 1474, 32, 8.31%, 0, 0, 3, 9.73
1747852783, 1, 284, 1480, 1474, 30, 8.31%, 0, 0, 3, 9.92
1747852793, 1, 285, 1480, 1474, 30, 8.31%, 0, 0, 3, 9.89
1747852808, 1, 286, 1480, 1474, 30, 8.31%, 0, 0, 3, 9.85
1747852819, 1, 287, 1480, 1474, 30, 8.31%, 0, 0, 3, 10.08
1747852834, 1, 288, 1480, 1474, 30, 8.31%, 0, 0, 3, 9.79
1747852839, 1, 288, 1481, 1475, 30, 8.31%, 0, 0, 3, 9.84
1747852860, 1, 289, 1481, 1475, 30, 8.31%, 0, 0, 3, 9.73
1747852875, 1, 291, 1481, 1475, 30, 8.31%, 0, 0, 3, 9.82
1747852885, 1, 292, 1481, 1475, 30, 8.31%, 0, 0, 3, 9.81
1747852901, 1, 293, 1481, 1475, 30, 8.31%, 0, 0, 3, 9.77
1747852911, 1, 294, 1481, 1475, 30, 8.31%, 0, 0, 3, 9.73
1747852926, 1, 294, 1482, 1476, 30, 8.31%, 0, 0, 3, 9.69
1747852936, 1, 295, 1482, 1476, 30, 8.31%, 0, 0, 3, 9.74
1747852951, 1, 296, 1482, 1476, 30, 8.31%, 0, 0, 3, 9.84
1747852957, 1, 296, 1483, 1477, 30, 8.31%, 0, 0, 3, 9.74
1747852977, 1, 297, 1483, 1477, 30, 8.31%, 0, 0, 3, 9.58
1747852987, 1, 297, 1484, 1478, 30, 8.31%, 0, 0, 3, 9.79
1747853008, 1, 298, 1484, 1478, 30, 8.31%, 0, 0, 3, 9.77
1747853018, 1, 299, 1484, 1478, 30, 8.31%, 0, 0, 3, 9.65
1747853023, 1, 299, 1485, 1479, 30, 8.31%, 0, 0, 3, 9.56
1747853044, 1, 301, 1485, 1479, 30, 8.31%, 0, 0, 3, 9.85
1747853059, 1, 304, 1485, 1479, 30, 8.31%, 0, 0, 3, 9.67
1747853069, 1, 307, 1485, 1479, 30, 8.31%, 0, 0, 3, 9.87
1747853084, 1, 308, 1485, 1479, 30, 8.31%, 0, 0, 3, 9.80
1747853100, 1, 309, 1485, 1479, 30, 8.31%, 0, 0, 3, 9.96
1747853110, 1, 310, 1485, 1479, 30, 8.31%, 0, 0, 3, 9.79
1747853125, 1, 310, 1486, 1480, 30, 8.31%, 0, 0, 3, 9.69
1747853136, 1, 311, 1486, 1480, 30, 8.31%, 0, 0, 3, 9.82
1747853151, 1, 312, 1486, 1480, 30, 8.31%, 0, 0, 3, 9.75
1747853166, 1, 313, 1486, 1480, 30, 8.31%, 0, 0, 3, 9.55
1747853176, 1, 314, 1486, 1480, 30, 8.31%, 0, 0, 3, 9.88
1747853192, 1, 315, 1486, 1480, 30, 8.31%, 0, 0, 3, 9.71
1747853202, 1, 317, 1487, 1481, 30, 8.31%, 0, 0, 3, 9.49
1747853228, 1, 318, 1487, 1481, 30, 8.31%, 0, 0, 3, 9.93
1747853243, 1, 319, 1487, 1481, 30, 8.31%, 0, 0, 3, 9.86
1747853253, 1, 320, 1487, 1481, 30, 8.31%, 0, 0, 3, 9.87
1747853269, 1, 321, 1487, 1481, 30, 8.31%, 0, 0, 3, 9.76
1747853279, 1, 323, 1487, 1481, 30, 8.31%, 0, 0, 3, 9.91
1747853294, 1, 324, 1487, 1481, 30, 8.31%, 0, 0, 3, 9.75
1747853310, 1, 325, 1487, 1481, 30, 8.31%, 0, 0, 3, 9.67
1747853320, 1, 326, 1487, 1481, 30, 8.31%, 0, 0, 3, 9.59
1747853335, 1, 327, 1487, 1481, 30, 8.31%, 0, 0, 3, 9.48
1747853345, 1, 328, 1487, 1481, 30, 8.31%, 0, 0, 3, 9.62
1747853361, 1, 329, 1487, 1481, 30, 8.31%, 0, 0, 3, 9.55
1747853376, 1, 330, 1487, 1481, 30, 8.31%, 0, 0, 3, 9.78
1747853381, 1, 330, 1488, 1482, 30, 8.31%, 0, 0, 3, 9.95
1747853402, 1, 331, 1488, 1482, 30, 8.31%, 0, 0, 3, 9.55
1747853412, 1, 332, 1488, 1482, 30, 8.31%, 0, 0, 3, 9.57
1747853428, 1, 334, 1488, 1482, 30, 8.31%, 0, 0, 3, 9.86
1747853433, 1, 334, 1489, 1483, 30, 8.31%, 0, 0, 3, 9.68
1747853453, 1, 335, 1489, 1483, 30, 8.31%, 0, 0, 3, 9.71
1747853469, 1, 336, 1489, 1483, 30, 8.31%, 0, 0, 3, 9.76
1747853479, 1, 337, 1489, 1483, 30, 8.31%, 0, 0, 3, 9.61
1747853484, 1, 337, 1490, 1484, 30, 8.31%, 0, 0, 3, 9.58
1747853510, 1, 338, 1490, 1484, 30, 8.31%, 0, 0, 3, 9.75
1747853520, 1, 339, 1490, 1484, 30, 8.31%, 0, 0, 3, 9.92
1747853536, 1, 340, 1490, 1484, 30, 8.31%, 0, 0, 3, 9.57
1747853546, 1, 341, 1490, 1484, 30, 8.31%, 0, 0, 3, 9.84
1747853561, 1, 343, 1491, 1485, 30, 8.31%, 0, 0, 3, 9.53
1747853587, 1, 344, 1491, 1485, 30, 8.31%, 0, 0, 3, 9.78
1747853592, 1, 344, 1492, 1486, 30, 8.31%, 0, 0, 3, 9.78
1747853612, 1, 346, 1492, 1486, 30, 8.31%, 0, 0, 3, 9.77
1747853617, 1, 346, 1493, 1487, 30, 8.31%, 0, 0, 3, 9.21
1747853633, 1, 346, 1494, 1488, 30, 8.31%, 0, 0, 3, 9.42
1747853643, 1, 346, 1496, 1490, 30, 8.31%, 0, 0, 3, 9.80
1747853854, 1, 347, 1496, 1490, 30, 8.31%, 0, 0, 3, 9.63
1747853864, 1, 349, 1496, 1490, 30, 8.31%, 0, 0, 3, 9.60
1747853879, 1, 351, 1496, 1490, 30, 8.31%, 0, 0, 3, 9.52
1747853894, 1, 352, 1496, 1490, 30, 8.31%, 0, 0, 3, 9.56
1747853904, 1, 355, 1496, 1490, 30, 8.31%, 0, 0, 3, 9.84
1747853920, 1, 357, 1496, 1490, 30, 8.31%, 0, 0, 3, 9.63
1747853930, 1, 358, 1496, 1490, 30, 8.31%, 0, 0, 3, 9.47
1747853945, 1, 359, 1496, 1490, 30, 8.31%, 0, 0, 3, 9.54
1747853961, 1, 361, 1496, 1490, 30, 8.31%, 0, 0, 3, 9.55
1747853966, 1, 361, 1497, 1491, 30, 8.31%, 0, 0, 3, 9.55
1747853986, 1, 362, 1497, 1491, 30, 8.31%, 0, 0, 3, 9.57
1747854002, 1, 363, 1497, 1491, 30, 8.31%, 0, 0, 3, 6.52
1747854012, 1, 363, 1498, 1492, 30, 8.31%, 0, 0, 3, 5.64
1747854049, 1, 364, 1498, 1492, 31, 8.31%, 0, 0, 3, 5.65
1747854069, 1, 365, 1498, 1492, 31, 8.31%, 0, 0, 3, 9.22
1747854079, 1, 366, 1498, 1492, 31, 8.31%, 0, 0, 3, 9.32
1747854095, 1, 366, 1499, 1493, 31, 8.31%, 0, 0, 3, 9.09
1747854100, 1, 366, 1500, 1494, 31, 8.31%, 0, 0, 3, 9.09
1747854135, 1, 366, 1501, 1495, 31, 8.31%, 0, 0, 3, 9.22
1747854146, 1, 366, 1502, 1496, 31, 8.31%, 0, 0, 3, 6.38
1747854161, 1, 366, 1503, 1497, 31, 8.31%, 0, 0, 3, 9.09
1747854177, 1, 366, 1504, 1498, 31, 8.31%, 0, 0, 3, 9.15
1747854182, 1, 366, 1505, 1499, 31, 8.31%, 0, 0, 3, 9.07
1747854197, 1, 366, 1506, 1500, 31, 8.31%, 0, 0, 3, 8.99
1747854217, 1, 366, 1507, 1501, 31, 8.31%, 0, 0, 3, 9.15
1747854233, 1, 366, 1508, 1502, 31, 8.31%, 0, 0, 3, 9.17
1747854310, 1, 366, 1509, 1503, 31, 8.31%, 0, 0, 3, 9.24
1747854515, 1, 366, 1510, 1504, 31, 8.31%, 0, 0, 3, 9.29
1747854540, 1, 367, 1510, 1504, 31, 8.31%, 0, 0, 3, 9.10
1747854551, 1, 368, 1510, 1504, 31, 8.31%, 0, 0, 3, 9.06
1747854566, 1, 370, 1510, 1504, 31, 8.31%, 0, 0, 3, 8.99
1747854576, 1, 370, 1511, 1505, 31, 8.31%, 0, 0, 3, 8.99
1747854597, 1, 371, 1511, 1505, 31, 8.31%, 0, 0, 3, 9.06
1747854612, 1, 372, 1511, 1505, 31, 8.31%, 0, 0, 3, 9.36
1747854622, 1, 374, 1511, 1505, 31, 8.31%, 0, 0, 3, 9.56
1747854638, 1, 375, 1511, 1505, 31, 8.31%, 0, 0, 3, 9.42
1747854653, 1, 376, 1511, 1505, 31, 8.31%, 0, 0, 3, 9.68
1747854663, 1, 377, 1511, 1505, 31, 8.31%, 0, 0, 3, 9.31
1747854679, 1, 379, 1511, 1505, 31, 8.31%, 0, 0, 3, 9.22
1747854684, 1, 379, 1513, 1507, 31, 8.31%, 0, 0, 3, 8.76
1747854740, 1, 382, 1513, 1507, 31, 8.31%, 0, 0, 3, 9.18
1747854750, 1, 384, 1513, 1507, 31, 8.31%, 0, 0, 3, 8.99
1747854766, 1, 385, 1513, 1507, 31, 8.31%, 0, 0, 3, 9.15
1747854781, 1, 386, 1513, 1507, 31, 8.31%, 0, 0, 3, 9.06
1747854797, 1, 387, 1513, 1507, 31, 8.31%, 0, 0, 3, 9.09
1747854807, 1, 388, 1514, 1508, 31, 8.31%, 0, 0, 3, 8.78
1747854838, 1, 389, 1515, 1509, 31, 8.31%, 0, 0, 3, 8.96
1747854848, 1, 389, 1516, 1510, 31, 8.31%, 0, 0, 3, 8.88
1747854863, 1, 389, 1517, 1511, 31, 8.31%, 0, 0, 3, 8.77
1747854868, 1, 389, 1518, 1512, 31, 8.31%, 0, 0, 3, 8.80
1747855027, 1, 389, 1519, 1513, 31, 8.31%, 0, 0, 3, 8.77
1747855149, 1, 389, 1520, 1514, 31, 8.31%, 0, 0, 3, 8.55
1747855154, 1, 389, 1521, 1515, 31, 8.31%, 0, 0, 3, 8.67
1747855211, 1, 389, 1522, 1516, 31, 8.31%, 0, 0, 3, 8.95
1747855237, 1, 389, 1523, 1517, 31, 8.31%, 0, 0, 3, 8.97
1747855303, 1, 389, 1524, 1518, 31, 8.31%, 0, 0, 3, 8.88
1747855308, 1, 390, 1525, 1519, 31, 8.31%, 0, 0, 3, 9.23
1747855334, 1, 392, 1525, 1519, 31, 8.31%, 0, 0, 3, 9.35
1747855349, 1, 393, 1525, 1519, 31, 8.31%, 0, 0, 3, 9.00
1747855359, 1, 394, 1525, 1519, 31, 8.31%, 0, 0, 3, 8.97
1747855375, 1, 395, 1525, 1519, 31, 8.31%, 0, 0, 3, 8.90
1747855390, 1, 396, 1525, 1519, 31, 8.31%, 0, 0, 3, 9.08
1747855405, 1, 397, 1525, 1519, 31, 8.31%, 0, 0, 3, 9.22
1747855421, 1, 398, 1525, 1519, 31, 8.31%, 0, 0, 3, 9.13
1747855431, 1, 399, 1525, 1519, 31, 8.31%, 0, 0, 3, 8.97
1747855436, 1, 399, 1526, 1520, 31, 8.31%, 0, 0, 3, 8.77
1747855461, 1, 400, 1526, 1520, 31, 8.31%, 0, 0, 3, 8.98
1747855471, 1, 400, 1527, 1521, 31, 8.31%, 0, 0, 3, 8.72
1747855492, 1, 402, 1527, 1521, 31, 8.31%, 0, 0, 3, 8.95
1747855507, 1, 403, 1528, 1522, 31, 8.31%, 0, 0, 3, 9.30
1747855523, 1, 403, 1529, 1523, 31, 8.31%, 0, 0, 3, 9.52
1747855564, 1, 404, 1529, 1523, 31, 8.31%, 0, 0, 3, 9.26
1747855574, 1, 407, 1529, 1523, 31, 8.31%, 0, 0, 3, 8.88
1747855589, 1, 410, 1529, 1523, 31, 8.31%, 0, 0, 3, 8.98
1747855599, 1, 410, 1530, 1524, 31, 8.31%, 0, 0, 3, 8.42
1747855620, 1, 412, 1530, 1524, 31, 8.31%, 0, 0, 3, 8.85
1747855635, 1, 412, 1531, 1525, 31, 8.31%, 0, 0, 3, 9.02
1747855650, 1, 413, 1531, 1525, 31, 8.31%, 0, 0, 3, 8.91
1747855666, 1, 414, 1531, 1525, 31, 8.31%, 0, 0, 3, 9.24
1747855676, 1, 415, 1531, 1525, 31, 8.31%, 0, 0, 3, 9.22
1747855692, 1, 416, 1531, 1525, 31, 8.31%, 0, 0, 3, 8.97
1747855707, 1, 417, 1531, 1525, 31, 8.31%, 0, 0, 3, 9.36
1747855717, 1, 418, 1531, 1525, 31, 8.31%, 0, 0, 3, 9.38
1747855733, 1, 419, 1531, 1525, 31, 8.31%, 0, 0, 3, 8.80
1747855748, 1, 420, 1531, 1525, 31, 8.31%, 0, 0, 3, 9.16
1747855763, 1, 422, 1531, 1525, 31, 8.31%, 0, 0, 3, 9.26
1747855773, 1, 423, 1531, 1525, 31, 8.31%, 0, 0, 3, 9.00
1747855789, 1, 424, 1531, 1525, 31, 8.31%, 0, 0, 3, 8.81
1747855804, 1, 425, 1531, 1525, 31, 8.31%, 0, 0, 3, 8.90
1747855820, 1, 426, 1531, 1525, 31, 8.31%, 0, 0, 3, 8.80
1747855835, 1, 427, 1531, 1525, 31, 8.31%, 0, 0, 3, 8.88
1747855845, 1, 428, 1531, 1525, 31, 8.31%, 0, 0, 3, 8.96
1747855851, 1, 428, 1532, 1526, 31, 8.31%, 0, 0, 3, 8.85
1747855876, 1, 429, 1532, 1526, 31, 8.31%, 0, 0, 3, 8.91
1747855891, 1, 430, 1532, 1526, 31, 8.31%, 0, 0, 3, 8.86
1747855907, 1, 432, 1532, 1526, 31, 8.31%, 0, 0, 3, 9.07
1747855917, 1, 432, 1533, 1527, 31, 8.31%, 0, 0, 3, 9.05
1747855937, 1, 434, 1533, 1527, 31, 8.31%, 0, 0, 3, 9.14
1747855947, 1, 435, 1533, 1527, 31, 8.31%, 0, 0, 3, 9.15
1747855963, 1, 436, 1533, 1527, 31, 8.31%, 0, 0, 3, 8.71
1747855978, 1, 437, 1533, 1527, 31, 8.31%, 0, 0, 3, 9.09
1747855994, 1, 438, 1533, 1527, 31, 8.31%, 0, 0, 3, 8.94
1747856004, 1, 438, 1534, 1528, 31, 8.31%, 0, 0, 3, 8.71
1747856025, 1, 439, 1534, 1528, 31, 8.31%, 0, 0, 3, 8.81
1747856035, 1, 440, 1534, 1528, 31, 8.31%, 0, 0, 3, 8.86
1747856050, 1, 442, 1534, 1528, 31, 8.31%, 0, 0, 3, 8.93
1747856066, 1, 443, 1534, 1528, 31, 8.31%, 0, 0, 3, 9.05
1747856081, 1, 444, 1534, 1528, 31, 8.31%, 0, 0, 3, 8.93
1747856097, 1, 445, 1534, 1528, 31, 8.31%, 0, 0, 3, 8.72
1747856107, 1, 446, 1534, 1528, 31, 8.31%, 0, 0, 3, 8.99
1747856122, 1, 447, 1534, 1528, 31, 8.31%, 0, 0, 3, 8.91
1747856138, 1, 448, 1534, 1528, 31, 8.31%, 0, 0, 3, 8.78
1747856153, 1, 450, 1534, 1528, 31, 8.31%, 0, 0, 3, 8.72
1747856168, 1, 451, 1534, 1528, 31, 8.31%, 0, 0, 3, 8.63
1747856179, 1, 452, 1534, 1528, 31, 8.31%, 0, 0, 3, 8.86
1747856194, 1, 454, 1534, 1528, 31, 8.31%, 0, 0, 3, 8.80
1747856209, 1, 455, 1534, 1528, 31, 8.31%, 0, 0, 3, 8.98
1747856225, 1, 457, 1534, 1528, 31, 8.31%, 0, 0, 3, 9.09
1747856240, 1, 458, 1534, 1528, 31, 8.31%, 0, 0, 3, 8.81
1747856255, 1, 459, 1534, 1528, 31, 8.31%, 0, 0, 3, 8.56
1747856266, 1, 460, 1534, 1528, 31, 8.31%, 0, 0, 3, 8.69
1747856281, 1, 461, 1534, 1528, 31, 8.31%, 0, 0, 3, 8.98
1747856297, 1, 462, 1534, 1528, 31, 8.31%, 0, 0, 3, 8.77
1747856312, 1, 463, 1536, 1530, 31, 8.31%, 0, 0, 3, 8.51
1747856374, 1, 465, 1536, 1530, 31, 8.31%, 0, 0, 3, 9.01
1747856389, 1, 468, 1536, 1530, 31, 8.31%, 0, 0, 3, 8.78
1747856399, 1, 469, 1537, 1531, 31, 8.31%, 0, 0, 3, 8.77
1747856425, 1, 469, 1538, 1532, 31, 8.31%, 0, 0, 3, 8.56
1747856441, 1, 469, 1539, 1533, 31, 8.31%, 0, 0, 3, 8.37
1747856507, 1, 469, 1540, 1534, 31, 8.31%, 0, 0, 3, 8.52
1747856563, 1, 469, 1541, 1535, 31, 8.31%, 0, 0, 3, 8.35
1747856727, 1, 469, 1542, 1536, 31, 8.31%, 0, 0, 3, 8.56
1747856886, 1, 471, 1542, 1536, 31, 8.31%, 0, 0, 3, 8.71
1747856901, 1, 472, 1542, 1536, 31, 8.31%, 0, 0, 3, 8.63
1747856916, 1, 474, 1542, 1536, 31, 8.31%, 0, 0, 3, 8.78
1747856932, 1, 475, 1542, 1536, 31, 8.31%, 0, 0, 3, 8.54
1747856937, 1, 475, 1543, 1537, 31, 8.31%, 0, 0, 3, 8.36
1747856958, 1, 475, 1544, 1538, 31, 8.31%, 0, 0, 3, 8.18
1747856994, 1, 476, 1544, 1538, 31, 8.31%, 0, 0, 3, 8.41
1747857009, 1, 477, 1544, 1538, 31, 8.31%, 0, 0, 3, 8.31
1747857014, 1, 477, 1545, 1539, 31, 8.31%, 0, 0, 3, 8.27
1747857040, 1, 478, 1545, 1539, 31, 8.31%, 0, 0, 3, 8.54
1747857045, 1, 478, 1546, 1540, 31, 8.31%, 0, 0, 3, 8.50
1747857061, 1, 478, 1547, 1541, 31, 8.31%, 0, 0, 3, 8.24
1747857101, 1, 479, 1547, 1541, 31, 8.31%, 0, 0, 3, 8.57
1747857117, 1, 480, 1547, 1541, 31, 8.31%, 0, 0, 3, 8.82
1747857132, 1, 481, 1547, 1541, 31, 8.31%, 0, 0, 3, 8.75
1747857147, 1, 482, 1547, 1541, 31, 8.31%, 0, 0, 3, 8.80
1747857163, 1, 485, 1547, 1541, 31, 8.31%, 0, 0, 3, 8.42
1747857168, 1, 485, 1548, 1542, 31, 8.31%, 0, 0, 3, 8.09
1747857188, 1, 485, 1549, 1543, 31, 8.31%, 0, 0, 3, 8.25
1747857214, 1, 485, 1550, 1544, 31, 8.31%, 0, 0, 3, 8.24
1747857250, 1, 485, 1551, 1545, 31, 8.31%, 0, 0, 3, 8.03
1747857403, 1, 485, 1552, 1546, 31, 8.31%, 0, 0, 3, 8.21
1747857439, 1, 485, 1554, 1548, 31, 8.31%, 0, 0, 3, 8.31
1747857573, 1, 485, 1555, 1549, 31, 8.31%, 0, 0, 3, 8.08
1747857578, 1, 485, 1556, 1550, 31, 8.31%, 0, 0, 3, 7.94
1747857624, 1, 485, 1557, 1551, 31, 8.31%, 0, 0, 3, 7.95
1747857670, 1, 486, 1557, 1551, 32, 8.31%, 0, 0, 3, 8.20
1747857685, 1, 487, 1557, 1551, 32, 8.31%, 0, 0, 3, 8.27
1747857700, 1, 488, 1558, 1552, 32, 8.31%, 0, 0, 3, 8.17
1747857716, 1, 488, 1559, 1553, 32, 8.37%, 0, 0, 3, 7.91
1747857726, 1, 488, 1561, 1555, 32, 8.38%, 0, 0, 3, 7.79
1747857742, 1, 488, 1562, 1556, 32, 8.38%, 0, 0, 3, 7.95
1747857767, 1, 488, 1563, 1557, 32, 8.38%, 0, 0, 3, 8.32
1747857772, 1, 488, 1564, 1558, 32, 8.38%, 0, 0, 3, 8.13
1747857917, 1, 488, 1565, 1559, 32, 8.38%, 0, 0, 3, 7.93
1747858024, 1, 488, 1566, 1560, 32, 8.38%, 0, 0, 3, 8.00
1747858101, 1, 488, 1567, 1561, 32, 8.40%, 0, 0, 3, 7.75
1747858122, 1, 488, 1568, 1562, 32, 8.40%, 0, 0, 3, 7.89
1747858183, 1, 488, 1569, 1563, 32, 8.40%, 0, 0, 3, 8.00
1747858219, 1, 489, 1569, 1563, 30, 8.40%, 0, 0, 3, 8.28
1747858234, 1, 489, 1570, 1564, 30, 8.40%, 0, 0, 3, 7.60
1747858244, 1, 489, 1571, 1565, 30, 8.40%, 0, 0, 3, 7.77
1747858249, 1, 489, 1572, 1566, 30, 8.40%, 0, 0, 3, 7.65
1747858300, 1, 489, 1573, 1567, 30, 8.40%, 0, 0, 3, 8.19
1747858311, 1, 489, 1574, 1568, 30, 8.40%, 0, 0, 3, 7.86
1747858347, 1, 489, 1575, 1569, 30, 8.40%, 0, 0, 3, 7.76
1747858393, 1, 489, 1576, 1570, 30, 8.40%, 0, 0, 3, 7.44
1747858439, 1, 489, 1577, 1571, 30, 8.40%, 0, 0, 3, 8.03
1747858531, 1, 489, 1578, 1572, 30, 8.40%, 0, 0, 3, 7.59
1747858624, 1, 489, 1579, 1573, 30, 8.40%, 0, 0, 3, 7.85
1747858629, 1, 489, 1580, 1574, 30, 8.40%, 0, 0, 3, 7.83
1747858634, 1, 489, 1581, 1575, 30, 8.40%, 0, 0, 3, 7.49
1747858659, 1, 489, 1582, 1576, 30, 8.40%, 0, 0, 3, 7.98
1747858665, 1, 489, 1583, 1577, 30, 8.40%, 0, 0, 3, 7.47
1747858758, 1, 490, 1583, 1577, 31, 8.40%, 0, 0, 3, 8.28
1747858773, 1, 491, 1583, 1577, 31, 8.40%, 0, 0, 3, 8.23
1747858788, 1, 492, 1583, 1577, 31, 8.40%, 0, 0, 3, 7.92
1747858809, 1, 494, 1583, 1577, 31, 8.40%, 0, 0, 3, 8.04
1747858824, 1, 495, 1583, 1577, 31, 8.40%, 0, 0, 3, 7.91
1747858834, 1, 495, 1584, 1578, 31, 8.40%, 0, 0, 3, 7.49
1747858855, 1, 496, 1584, 1578, 31, 8.40%, 0, 0, 3, 7.67
1747858865, 1, 496, 1585, 1579, 31, 8.40%, 0, 0, 3, 7.95
1747858870, 1, 496, 1586, 1580, 31, 8.40%, 0, 0, 3, 7.49
1747858875, 1, 496, 1587, 1581, 31, 8.40%, 0, 0, 3, 7.70
1747858881, 1, 496, 1588, 1582, 31, 8.40%, 0, 0, 3, 7.64
1747858947, 1, 496, 1589, 1583, 31, 8.40%, 0, 0, 3, 7.53
1747858957, 1, 496, 1590, 1584, 31, 8.40%, 0, 0, 3, 7.47
1747859004, 1, 496, 1591, 1585, 31, 8.40%, 0, 0, 3, 7.66
1747859009, 1, 496, 1592, 1586, 31, 8.40%, 0, 0, 3, 7.71
1747859065, 1, 496, 1593, 1587, 31, 8.40%, 0, 0, 3, 7.82
1747859091, 1, 496, 1594, 1588, 31, 8.40%, 0, 0, 3, 7.62
1747859106, 1, 496, 1596, 1590, 31, 8.40%, 0, 0, 3, 7.45
1747859111, 1, 496, 1597, 1591, 31, 8.40%, 0, 0, 3, 7.49
1747859163, 1, 496, 1598, 1592, 31, 8.40%, 0, 0, 3, 7.90
1747859199, 1, 496, 1599, 1593, 31, 8.40%, 0, 0, 3, 7.53
1747859240, 1, 496, 1600, 1594, 31, 8.40%, 0, 0, 3, 7.81
1747859301, 1, 496, 1601, 1595, 31, 8.40%, 0, 0, 3, 7.64
1747859409, 1, 498, 1601, 1595, 31, 8.40%, 0, 0, 3, 7.46
1747859424, 1, 500, 1601, 1595, 31, 8.40%, 0, 0, 3, 7.18
1747859445, 1, 500, 1603, 1597, 31, 8.40%, 0, 0, 3, 7.29
1747859455, 1, 500, 1605, 1599, 31, 8.40%, 0, 0, 3, 7.45
1747859476, 1, 500, 1606, 1600, 31, 8.40%, 0, 0, 3, 7.45
1747859532, 1, 500, 1607, 1601, 31, 8.40%, 0, 0, 3, 6.85
1747859547, 1, 500, 1608, 1602, 31, 8.40%, 0, 0, 3, 7.22
1747859568, 1, 500, 1609, 1603, 31, 8.40%, 0, 0, 3, 7.19
1747859625, 1, 500, 1611, 1605, 31, 8.40%, 0, 0, 3, 7.19
1747859640, 1, 500, 1612, 1606, 31, 8.40%, 0, 0, 3, 7.32
1747859681, 1, 500, 1613, 1607, 31, 8.40%, 0, 0, 3, 7.57
1747859758, 1, 500, 1614, 1608, 31, 8.40%, 0, 0, 3, 7.25
1747859820, 1, 500, 1615, 1609, 31, 8.40%, 0, 0, 3, 7.50
1747859918, 1, 500, 1617, 1611, 31, 8.40%, 0, 0, 3, 7.10
1747859959, 1, 500, 1618, 1612, 31, 8.40%, 0, 0, 3, 7.55
1747860000, 1, 501, 1618, 1612, 31, 8.40%, 0, 0, 3, 7.75
1747860015, 1, 502, 1618, 1612, 31, 8.40%, 0, 0, 3, 8.13
1747860030, 1, 503, 1619, 1613, 31, 8.40%, 0, 0, 3, 8.05
1747860066, 1, 504, 1619, 1613, 31, 8.40%, 0, 0, 3, 7.61
1747860071, 1, 504, 1620, 1614, 31, 8.40%, 0, 0, 3, 7.62
1747860102, 1, 505, 1620, 1614, 31, 8.40%, 0, 0, 3, 7.77
1747860117, 1, 506, 1620, 1614, 31, 8.40%, 0, 0, 3, 7.94
1747860132, 1, 507, 1620, 1614, 31, 8.40%, 0, 0, 3, 7.98
1747860148, 1, 509, 1620, 1614, 31, 8.40%, 0, 0, 3, 8.01
1747860163, 1, 510, 1620, 1614, 31, 8.40%, 0, 0, 3, 8.11
1747860178, 1, 511, 1620, 1614, 31, 8.40%, 0, 0, 3, 8.29
1747860194, 1, 512, 1620, 1614, 31, 8.40%, 0, 0, 3, 7.91
1747860209, 1, 513, 1620, 1614, 31, 8.40%, 0, 0, 3, 7.79
1747860225, 1, 514, 1620, 1614, 31, 8.40%, 0, 0, 3, 8.33
1747860240, 1, 516, 1620, 1614, 31, 8.40%, 0, 0, 3, 8.33
1747860256, 1, 517, 1620, 1614, 31, 8.40%, 0, 0, 3, 8.20
1747860271, 1, 518, 1620, 1614, 31, 8.40%, 0, 0, 3, 8.27
1747860276, 1, 518, 1621, 1615, 31, 8.40%, 0, 0, 3, 7.38
1747860287, 1, 518, 1622, 1616, 31, 8.40%, 0, 0, 3, 7.10
1747860297, 1, 518, 1623, 1617, 31, 8.40%, 0, 0, 3, 7.30
1747860343, 1, 518, 1624, 1618, 31, 8.40%, 0, 0, 3, 7.08
1747860369, 1, 518, 1625, 1619, 31, 8.40%, 0, 0, 3, 7.25
1747860380, 1, 518, 1627, 1621, 31, 8.41%, 0, 0, 3, 7.19
1747860452, 1, 518, 1628, 1622, 31, 8.41%, 0, 0, 3, 7.36
1747860467, 1, 518, 1629, 1623, 31, 8.41%, 0, 0, 3, 7.29
1747860504, 1, 518, 1630, 1624, 31, 8.41%, 0, 0, 3, 7.02
1747860514, 1, 518, 1631, 1625, 31, 8.41%, 0, 0, 3, 7.01
1747860545, 1, 518, 1632, 1626, 31, 8.41%, 0, 0, 3, 7.48
1747860550, 1, 518, 1633, 1627, 31, 8.41%, 0, 0, 3, 7.38
1747860576, 1, 518, 1635, 1629, 31, 8.41%, 0, 0, 3, 7.12
1747860591, 1, 518, 1636, 1630, 31, 8.41%, 0, 0, 3, 6.97
1747860612, 1, 518, 1637, 1631, 31, 8.41%, 0, 0, 3, 7.47
1747860638, 1, 518, 1638, 1632, 31, 8.41%, 0, 0, 3, 6.96
