# unix_time, cycles_done, cur_path, paths_total, pending_total, pending_favs, map_size, unique_crashes, unique_hangs, max_depth, execs_per_sec
1747817486, 0, 0, 1, 1, 1, 3.78%, 0, 0, 1, 91.95
1747817491, 0, 0, 33, 33, 1, 4.91%, 0, 0, 2, 86.42
1747817496, 0, 0, 61, 61, 1, 4.92%, 0, 0, 2, 84.59
1747817501, 0, 0, 81, 81, 1, 4.93%, 0, 0, 2, 84.77
1747817506, 0, 0, 95, 95, 1, 4.93%, 0, 0, 2, 86.29
1747817511, 0, 0, 112, 112, 1, 4.94%, 0, 0, 2, 84.80
1747817516, 0, 0, 124, 124, 1, 4.95%, 0, 0, 2, 84.64
1747817521, 0, 0, 131, 131, 1, 4.95%, 0, 0, 2, 64.10
1747817527, 0, 0, 138, 138, 1, 4.96%, 0, 0, 2, 53.66
1747817532, 0, 0, 145, 145, 1, 4.96%, 0, 0, 2, 51.75
1747817537, 0, 0, 149, 149, 1, 4.96%, 0, 0, 2, 52.20
1747817542, 0, 0, 154, 154, 1, 4.96%, 0, 0, 2, 52.69
1747817547, 0, 0, 160, 160, 1, 4.96%, 0, 0, 2, 51.94
1747817552, 0, 0, 164, 164, 1, 4.96%, 0, 0, 2, 51.02
1747817557, 0, 0, 167, 167, 1, 4.96%, 0, 0, 2, 53.75
1747817562, 0, 0, 169, 169, 1, 4.96%, 0, 0, 2, 53.58
1747817567, 0, 0, 171, 171, 1, 4.96%, 0, 0, 2, 54.55
1747817572, 0, 0, 178, 178, 1, 4.96%, 0, 0, 2, 52.33
1747817577, 0, 0, 183, 183, 1, 4.96%, 0, 0, 2, 51.27
1747817582, 0, 0, 186, 186, 1, 4.96%, 0, 0, 2, 51.79
1747817587, 0, 0, 189, 189, 1, 4.96%, 0, 0, 2, 52.87
1747817597, 0, 0, 190, 190, 1, 4.96%, 0, 0, 2, 54.62
1747817602, 0, 0, 192, 192, 1, 4.97%, 0, 0, 2, 53.24
1747817607, 0, 0, 196, 196, 1, 4.97%, 0, 0, 2, 51.77
1747817612, 0, 0, 197, 197, 1, 4.97%, 0, 0, 2, 54.38
1747817617, 0, 0, 199, 199, 1, 4.97%, 0, 0, 2, 54.02
1747817633, 0, 0, 200, 200, 1, 4.97%, 0, 0, 2, 55.04
1747817643, 0, 0, 203, 203, 1, 4.97%, 0, 0, 2, 53.35
1747817648, 0, 0, 205, 205, 1, 4.97%, 0, 0, 2, 53.74
1747817653, 0, 0, 207, 207, 1, 4.97%, 0, 0, 2, 54.15
1747817658, 0, 0, 208, 208, 1, 4.97%, 0, 0, 2, 54.38
1747817673, 0, 0, 209, 209, 1, 4.97%, 0, 0, 2, 53.99
1747817678, 0, 0, 210, 210, 1, 4.97%, 0, 0, 2, 54.71
1747817683, 0, 0, 211, 211, 1, 4.97%, 0, 0, 2, 54.65
1747817689, 0, 0, 214, 214, 1, 4.97%, 0, 0, 2, 52.35
1747817694, 0, 0, 215, 215, 1, 4.97%, 0, 0, 2, 53.81
1747817699, 0, 0, 216, 216, 1, 4.97%, 0, 0, 2, 54.23
1747817704, 0, 0, 217, 217, 1, 4.97%, 0, 0, 2, 54.04
1747817709, 0, 0, 218, 218, 1, 4.97%, 0, 0, 2, 53.98
1747817714, 0, 0, 219, 219, 1, 4.97%, 0, 0, 2, 54.03
1747817745, 0, 0, 221, 221, 1, 4.97%, 0, 0, 2, 54.42
1747817755, 0, 0, 223, 223, 1, 4.97%, 0, 0, 2, 53.34
1747817760, 0, 0, 224, 224, 1, 4.97%, 0, 0, 2, 54.42
1747817770, 0, 0, 225, 225, 1, 4.97%, 0, 0, 2, 54.83
1747817780, 0, 0, 226, 226, 1, 4.97%, 0, 0, 2, 54.44
1747817791, 0, 0, 228, 228, 1, 4.97%, 0, 0, 2, 53.01
1747817796, 0, 0, 230, 230, 1, 4.97%, 0, 0, 2, 54.17
1747817811, 0, 1, 244, 243, 15, 5.01%, 0, 0, 2, 39.64
1747817816, 0, 1, 259, 258, 15, 5.01%, 0, 0, 2, 34.74
1747817821, 0, 1, 270, 269, 15, 5.01%, 0, 0, 2, 33.60
1747817826, 0, 1, 281, 280, 15, 5.01%, 0, 0, 2, 33.06
1747817831, 0, 1, 288, 287, 15, 5.03%, 0, 0, 2, 33.06
1747817837, 0, 1, 294, 293, 15, 5.03%, 0, 0, 2, 34.29
1747817842, 0, 1, 299, 298, 15, 5.03%, 0, 0, 2, 33.92
1747817847, 0, 1, 301, 300, 15, 5.03%, 0, 0, 2, 34.34
1747817852, 0, 1, 304, 303, 15, 5.03%, 0, 0, 2, 34.52
1747817857, 0, 1, 306, 305, 15, 5.03%, 0, 0, 2, 34.49
1747817862, 0, 1, 309, 308, 15, 5.03%, 0, 0, 2, 34.25
1747817868, 0, 1, 312, 311, 15, 5.03%, 0, 0, 2, 33.83
1747817873, 0, 1, 314, 313, 15, 5.03%, 0, 0, 2, 34.30
1747817878, 0, 1, 316, 315, 15, 5.03%, 0, 0, 2, 34.46
1747817883, 0, 1, 318, 317, 15, 5.04%, 0, 0, 2, 34.82
1747817893, 0, 1, 319, 318, 15, 5.04%, 0, 0, 2, 35.10
1747817898, 0, 1, 322, 321, 15, 5.04%, 0, 0, 2, 33.48
1747817903, 0, 1, 324, 323, 15, 5.04%, 0, 0, 2, 34.50
1747817909, 0, 1, 326, 325, 15, 5.04%, 0, 0, 2, 34.60
1747817914, 0, 1, 331, 330, 15, 5.04%, 0, 0, 2, 33.88
1747817919, 0, 1, 332, 331, 15, 5.04%, 0, 0, 2, 34.21
1747817924, 0, 1, 334, 333, 15, 5.04%, 0, 0, 2, 34.51
1747817929, 0, 1, 335, 334, 15, 5.04%, 0, 0, 2, 34.48
1747817934, 0, 1, 338, 337, 15, 5.04%, 0, 0, 2, 34.15
1747817939, 0, 1, 339, 338, 15, 5.04%, 0, 0, 2, 34.30
1747817944, 0, 1, 340, 339, 15, 5.04%, 0, 0, 2, 34.26
1747817950, 0, 1, 344, 343, 15, 5.04%, 0, 0, 2, 33.76
1747817955, 0, 2, 348, 347, 15, 5.04%, 0, 0, 2, 31.64
1747817960, 0, 2, 362, 361, 15, 5.05%, 0, 0, 2, 26.47
1747817965, 0, 2, 375, 374, 15, 5.06%, 0, 0, 2, 25.50
1747817970, 0, 2, 385, 384, 15, 5.67%, 0, 0, 2, 24.79
1747817975, 0, 2, 395, 394, 15, 5.68%, 0, 0, 2, 24.21
1747817980, 0, 2, 401, 400, 15, 5.68%, 0, 0, 2, 24.87
1747817985, 0, 2, 408, 407, 15, 5.68%, 0, 0, 2, 24.86
1747817991, 0, 2, 416, 415, 15, 5.70%, 0, 0, 2, 25.06
1747817996, 0, 2, 423, 422, 15, 5.70%, 0, 0, 2, 24.45
1747818001, 0, 2, 429, 428, 15, 5.84%, 0, 0, 2, 24.21
1747818006, 0, 2, 434, 433, 15, 5.84%, 0, 0, 2, 24.41
1747818011, 0, 2, 438, 437, 15, 5.84%, 0, 0, 2, 24.32
1747818016, 0, 2, 444, 443, 15, 5.84%, 0, 0, 2, 24.42
1747818022, 0, 2, 446, 445, 15, 5.84%, 0, 0, 2, 24.91
1747818027, 0, 2, 450, 449, 15, 5.84%, 0, 0, 2, 24.61
1747818032, 0, 2, 454, 453, 15, 5.84%, 0, 0, 2, 24.79
1747818037, 0, 2, 458, 457, 15, 5.84%, 0, 0, 2, 24.64
1747818042, 0, 2, 460, 459, 15, 5.84%, 0, 0, 2, 24.82
1747818047, 0, 2, 464, 463, 15, 5.84%, 0, 0, 2, 24.63
1747818053, 0, 2, 466, 465, 15, 5.84%, 0, 0, 2, 25.39
1747818058, 0, 2, 467, 466, 15, 5.84%, 0, 0, 2, 25.23
1747818063, 0, 2, 470, 469, 15, 5.84%, 0, 0, 2, 24.62
1747818068, 0, 2, 471, 470, 15, 5.84%, 0, 0, 2, 25.24
1747818073, 0, 2, 473, 472, 15, 5.84%, 0, 0, 2, 25.29
1747818078, 0, 2, 475, 474, 15, 6.09%, 0, 0, 2, 25.21
1747818084, 0, 2, 481, 480, 15, 6.09%, 0, 0, 2, 24.00
1747818094, 0, 2, 483, 482, 15, 6.09%, 0, 0, 2, 24.94
1747818104, 0, 2, 485, 484, 15, 6.09%, 0, 0, 2, 24.90
1747818114, 0, 2, 488, 487, 15, 6.09%, 0, 0, 2, 25.11
1747818124, 0, 2, 489, 488, 15, 6.09%, 0, 0, 2, 25.23
1747818129, 0, 2, 490, 489, 15, 6.09%, 0, 0, 2, 25.21
1747818135, 0, 2, 491, 490, 15, 6.09%, 0, 0, 2, 25.14
1747818140, 0, 2, 494, 493, 15, 6.09%, 0, 0, 2, 24.76
1747818150, 0, 2, 496, 495, 15, 6.09%, 0, 0, 2, 24.74
1747818160, 0, 2, 498, 497, 15, 6.09%, 0, 0, 2, 24.96
1747818165, 0, 2, 499, 498, 15, 6.09%, 0, 0, 2, 24.86
1747818170, 0, 3, 506, 505, 8, 6.11%, 0, 0, 2, 22.83
1747818175, 0, 3, 514, 513, 8, 6.17%, 0, 0, 2, 21.25
1747818180, 0, 3, 524, 523, 8, 6.17%, 0, 0, 2, 20.92
1747818186, 0, 3, 534, 533, 8, 6.25%, 0, 0, 2, 21.02
1747818191, 0, 3, 542, 541, 8, 6.26%, 0, 0, 2, 20.72
1747818196, 0, 3, 550, 549, 8, 6.26%, 0, 0, 2, 20.61
1747818201, 0, 3, 557, 556, 8, 6.27%, 0, 0, 2, 20.73
1747818206, 0, 3, 566, 565, 8, 6.27%, 0, 0, 2, 20.75
1747818211, 0, 3, 573, 572, 8, 6.27%, 0, 0, 2, 20.17
1747818216, 0, 3, 580, 579, 8, 6.27%, 0, 0, 2, 20.10
1747818221, 0, 3, 586, 585, 8, 6.27%, 0, 0, 2, 20.69
1747818226, 0, 3, 592, 591, 8, 6.27%, 0, 0, 2, 20.80
1747818232, 0, 3, 598, 597, 8, 6.27%, 0, 0, 2, 20.57
1747818237, 0, 3, 604, 603, 8, 6.27%, 0, 0, 2, 20.38
1747818242, 0, 3, 607, 606, 8, 6.27%, 0, 0, 2, 20.72
1747818247, 0, 3, 611, 610, 8, 6.27%, 0, 0, 2, 20.62
1747818252, 0, 3, 614, 613, 8, 6.27%, 0, 0, 2, 20.84
1747818257, 0, 3, 619, 618, 8, 6.27%, 0, 0, 2, 20.68
1747818262, 0, 3, 621, 620, 8, 6.31%, 0, 0, 2, 20.74
1747818267, 0, 3, 623, 622, 8, 6.31%, 0, 0, 2, 20.58
1747818273, 0, 3, 625, 624, 8, 6.31%, 0, 0, 2, 20.64
1747818283, 0, 3, 627, 626, 8, 6.31%, 0, 0, 2, 20.61
1747818288, 0, 3, 630, 629, 8, 6.31%, 0, 0, 2, 20.80
1747818293, 0, 3, 633, 632, 8, 6.31%, 0, 0, 2, 20.77
1747818298, 0, 3, 635, 634, 8, 6.31%, 0, 0, 2, 20.95
1747818304, 0, 3, 638, 637, 8, 6.31%, 0, 0, 2, 20.51
1747818314, 0, 3, 640, 639, 8, 6.32%, 0, 0, 2, 20.95
1747818319, 0, 3, 642, 641, 8, 6.32%, 0, 0, 2, 20.96
1747818329, 0, 3, 643, 642, 8, 6.32%, 0, 0, 2, 20.82
1747818334, 0, 3, 644, 643, 8, 6.32%, 0, 0, 2, 21.05
1747818345, 0, 3, 645, 644, 8, 6.32%, 0, 0, 2, 20.94
1747818350, 0, 3, 646, 645, 8, 6.32%, 0, 0, 2, 20.68
1747818355, 0, 3, 648, 647, 8, 6.32%, 0, 0, 2, 20.94
1747818360, 0, 3, 649, 648, 8, 6.32%, 0, 0, 2, 20.81
1747818370, 0, 3, 650, 649, 8, 6.32%, 0, 0, 2, 20.97
1747818381, 0, 3, 651, 650, 8, 6.32%, 0, 0, 2, 20.90
1747818386, 0, 3, 654, 653, 8, 6.32%, 0, 0, 2, 21.03
1747818402, 0, 3, 656, 655, 8, 6.32%, 0, 0, 2, 20.82
1747818407, 0, 3, 657, 656, 8, 6.32%, 0, 0, 2, 21.06
1747818412, 0, 3, 658, 657, 8, 6.32%, 0, 0, 2, 20.86
1747818417, 0, 3, 659, 658, 8, 6.32%, 0, 0, 2, 20.99
1747818427, 0, 4, 661, 660, 13, 6.32%, 0, 0, 2, 20.94
1747818432, 0, 4, 663, 662, 13, 6.32%, 0, 0, 2, 20.83
1747818437, 0, 4, 666, 665, 13, 6.36%, 0, 0, 2, 20.52
1747818443, 0, 4, 671, 670, 13, 6.36%, 0, 0, 2, 20.53
1747818448, 0, 4, 674, 673, 13, 6.36%, 0, 0, 2, 20.03
1747818453, 0, 4, 676, 675, 13, 6.37%, 0, 0, 2, 20.42
1747818458, 0, 4, 679, 678, 13, 6.37%, 0, 0, 2, 20.59
1747818463, 0, 4, 680, 679, 13, 6.37%, 0, 0, 2, 20.31
1747818468, 0, 4, 682, 681, 13, 6.37%, 0, 0, 2, 20.49
1747818473, 0, 4, 685, 684, 13, 6.37%, 0, 0, 2, 20.32
1747818478, 0, 4, 686, 685, 13, 6.37%, 0, 0, 2, 20.52
1747818484, 0, 4, 688, 687, 13, 6.37%, 0, 0, 2, 20.49
1747818489, 0, 4, 689, 688, 13, 6.37%, 0, 0, 2, 20.72
1747818504, 0, 4, 692, 691, 13, 6.37%, 0, 0, 2, 20.42
1747818514, 0, 4, 693, 692, 13, 6.37%, 0, 0, 2, 20.69
1747818540, 0, 4, 695, 694, 13, 6.37%, 0, 0, 2, 20.29
1747818555, 0, 4, 697, 696, 13, 6.37%, 0, 0, 2, 20.58
1747818560, 0, 4, 698, 697, 13, 6.37%, 0, 0, 2, 20.25
1747818621, 0, 4, 700, 699, 13, 6.37%, 0, 0, 2, 20.55
1747818626, 0, 4, 701, 700, 13, 6.37%, 0, 0, 2, 20.40
1747818641, 0, 4, 702, 701, 13, 6.37%, 0, 0, 2, 20.59
1747818647, 0, 5, 706, 705, 13, 6.40%, 0, 0, 2, 20.09
1747818652, 0, 5, 708, 707, 13, 6.41%, 0, 0, 2, 19.87
1747818662, 0, 5, 710, 709, 13, 6.41%, 0, 0, 2, 19.96
1747818672, 0, 5, 712, 711, 13, 6.41%, 0, 0, 2, 20.03
1747818693, 0, 5, 714, 713, 13, 6.41%, 0, 0, 2, 19.77
1747818708, 0, 5, 715, 714, 13, 6.41%, 0, 0, 2, 20.01
1747818718, 0, 5, 716, 715, 13, 6.41%, 0, 0, 2, 19.90
1747818723, 0, 5, 719, 718, 13, 6.41%, 0, 0, 2, 20.03
1747818739, 0, 5, 720, 719, 13, 6.41%, 0, 0, 2, 19.89
1747818754, 0, 5, 721, 720, 13, 6.41%, 0, 0, 2, 20.02
1747818759, 0, 5, 722, 721, 13, 6.41%, 0, 0, 2, 19.95
1747818769, 0, 5, 723, 722, 13, 6.41%, 0, 0, 2, 19.76
1747818785, 0, 5, 724, 723, 13, 6.41%, 0, 0, 2, 19.69
1747818795, 0, 5, 725, 724, 13, 6.41%, 0, 0, 2, 19.90
1747818800, 0, 5, 726, 725, 13, 6.41%, 0, 0, 2, 19.77
1747818856, 0, 6, 726, 725, 13, 6.41%, 0, 0, 2, 19.80
1747818861, 0, 6, 728, 727, 13, 6.41%, 0, 0, 2, 19.32
1747818866, 0, 6, 730, 729, 13, 6.41%, 0, 0, 2, 19.31
1747818872, 0, 6, 732, 731, 13, 6.41%, 0, 0, 2, 19.23
1747818877, 0, 6, 733, 732, 13, 6.41%, 0, 0, 2, 19.51
1747818882, 0, 6, 734, 733, 13, 6.41%, 0, 0, 2, 19.46
1747818918, 0, 6, 736, 735, 13, 6.41%, 0, 0, 2, 19.19
1747818943, 0, 6, 737, 736, 13, 6.41%, 0, 0, 2, 19.43
1747818948, 0, 6, 738, 737, 13, 6.41%, 0, 0, 2, 19.29
1747818968, 0, 6, 740, 739, 13, 6.41%, 0, 0, 2, 19.32
1747818973, 0, 6, 741, 740, 13, 6.41%, 0, 0, 2, 19.56
1747818984, 0, 6, 742, 741, 13, 6.41%, 0, 0, 2, 19.38
1747818989, 0, 6, 743, 742, 13, 6.41%, 0, 0, 2, 19.32
1747819004, 0, 6, 744, 743, 13, 6.41%, 0, 0, 2, 19.40
1747819009, 0, 6, 745, 744, 13, 6.41%, 0, 0, 2, 19.22
1747819055, 0, 6, 746, 745, 13, 6.41%, 0, 0, 2, 19.56
1747819065, 0, 6, 747, 746, 13, 6.41%, 0, 0, 2, 19.47
1747819081, 0, 9, 750, 749, 14, 6.41%, 0, 0, 2, 19.18
1747819091, 0, 9, 751, 750, 14, 6.41%, 0, 0, 2, 19.46
1747819096, 0, 9, 752, 751, 14, 6.41%, 0, 0, 2, 19.72
1747819101, 0, 9, 753, 752, 14, 6.41%, 0, 0, 2, 19.59
1747819111, 0, 9, 755, 754, 14, 6.41%, 0, 0, 2, 19.25
1747819116, 0, 9, 756, 755, 14, 6.41%, 0, 0, 2, 19.52
1747819122, 0, 9, 757, 756, 14, 6.41%, 0, 0, 2, 19.54
1747819132, 0, 9, 758, 757, 14, 6.41%, 0, 0, 2, 19.93
1747819137, 0, 9, 759, 758, 14, 6.42%, 0, 0, 2, 19.70
1747819142, 0, 9, 761, 760, 14, 6.64%, 0, 0, 2, 19.43
1747819147, 0, 9, 762, 761, 14, 6.64%, 0, 0, 2, 19.52
1747819152, 0, 9, 763, 762, 14, 6.67%, 0, 0, 2, 19.58
1747819157, 0, 9, 765, 764, 14, 6.67%, 0, 0, 2, 19.52
1747819167, 0, 9, 766, 765, 14, 6.67%, 0, 0, 2, 19.71
1747819187, 0, 9, 768, 767, 14, 6.67%, 0, 0, 2, 19.50
1747819193, 0, 9, 770, 769, 14, 6.67%, 0, 0, 2, 19.22
1747819198, 0, 9, 771, 770, 14, 6.67%, 0, 0, 2, 19.35
1747819208, 0, 9, 772, 771, 14, 6.67%, 0, 0, 2, 19.21
1747819223, 0, 9, 774, 773, 14, 6.67%, 0, 0, 2, 19.26
1747819238, 0, 9, 775, 774, 14, 6.67%, 0, 0, 2, 19.53
1747819254, 0, 9, 776, 775, 14, 6.67%, 0, 0, 2, 19.56
1747819264, 0, 9, 777, 776, 14, 6.67%, 0, 0, 2, 19.52
1747819269, 0, 9, 778, 777, 14, 6.67%, 0, 0, 2, 19.49
1747819300, 0, 13, 779, 778, 21, 6.67%, 0, 0, 2, 19.39
1747819310, 0, 14, 779, 778, 21, 6.67%, 0, 0, 2, 19.23
1747819315, 0, 14, 780, 779, 21, 6.68%, 0, 0, 2, 19.25
1747819320, 0, 15, 780, 779, 19, 6.68%, 0, 0, 2, 19.28
1747819325, 0, 15, 783, 782, 19, 6.68%, 0, 0, 2, 18.71
1747819330, 0, 15, 784, 783, 19, 6.68%, 0, 0, 2, 19.00
1747819346, 0, 15, 785, 784, 19, 6.68%, 0, 0, 2, 19.04
1747819361, 0, 15, 786, 785, 19, 6.68%, 0, 0, 2, 18.88
1747819366, 0, 15, 787, 786, 19, 6.68%, 0, 0, 2, 19.03
1747819376, 0, 15, 788, 787, 19, 6.68%, 0, 0, 2, 18.95
1747819412, 0, 15, 789, 788, 19, 6.68%, 0, 0, 2, 19.04
1747819417, 0, 15, 790, 789, 19, 6.68%, 0, 0, 2, 18.91
1747819448, 0, 15, 791, 790, 19, 6.68%, 0, 0, 2, 19.01
1747819453, 0, 15, 792, 791, 19, 6.68%, 0, 0, 2, 19.19
1747819489, 0, 15, 794, 793, 19, 6.68%, 0, 0, 2, 18.79
1747819539, 0, 15, 795, 794, 19, 6.68%, 0, 0, 2, 19.08
1747819544, 0, 17, 795, 794, 19, 6.68%, 0, 0, 2, 19.33
1747819549, 0, 19, 795, 794, 19, 6.68%, 0, 0, 2, 19.07
1747819555, 0, 19, 797, 796, 19, 6.68%, 0, 0, 2, 18.68
1747819575, 0, 19, 798, 797, 19, 6.68%, 0, 0, 2, 18.66
1747819580, 0, 19, 799, 798, 19, 6.68%, 0, 0, 2, 18.75
1747819590, 0, 19, 800, 799, 19, 6.68%, 0, 0, 2, 18.90
1747819601, 0, 19, 801, 800, 19, 6.68%, 0, 0, 2, 18.63
1747819606, 0, 19, 802, 801, 19, 6.68%, 0, 0, 2, 18.47
1747819611, 0, 19, 803, 802, 19, 6.68%, 0, 0, 2, 18.83
1747819626, 0, 19, 804, 803, 19, 6.68%, 0, 0, 2, 18.86
1747819641, 0, 19, 805, 804, 19, 6.68%, 0, 0, 2, 18.51
1747819662, 0, 19, 806, 805, 19, 6.68%, 0, 0, 2, 18.58
1747819744, 0, 19, 807, 806, 19, 6.68%, 0, 0, 2, 18.68
1747819769, 0, 20, 807, 806, 18, 6.68%, 0, 0, 2, 18.76
1747819780, 0, 23, 807, 806, 18, 6.68%, 0, 0, 2, 19.39
1747819785, 0, 24, 807, 806, 18, 6.68%, 0, 0, 2, 19.26
1747819790, 0, 24, 808, 807, 18, 6.68%, 0, 0, 2, 18.58
1747819800, 0, 25, 808, 807, 18, 6.68%, 0, 0, 2, 19.04
1747819805, 0, 26, 810, 809, 18, 6.71%, 0, 0, 2, 18.56
1747819810, 0, 26, 811, 810, 18, 6.72%, 0, 0, 2, 18.47
1747819836, 0, 26, 812, 811, 18, 6.72%, 0, 0, 2, 18.52
1747819846, 0, 26, 813, 812, 18, 6.72%, 0, 0, 2, 18.51
1747819851, 0, 26, 814, 813, 18, 6.72%, 0, 0, 2, 18.67
1747819857, 0, 26, 815, 814, 18, 6.72%, 0, 0, 2, 18.62
1747819867, 0, 26, 817, 816, 18, 6.72%, 0, 0, 2, 18.53
1747819877, 0, 26, 818, 817, 18, 6.72%, 0, 0, 2, 18.38
1747819882, 0, 26, 820, 819, 18, 6.72%, 0, 0, 2, 18.19
1747819893, 0, 26, 821, 820, 18, 6.72%, 0, 0, 2, 18.87
1747819898, 0, 26, 822, 821, 18, 6.72%, 0, 0, 2, 18.53
1747819989, 0, 26, 823, 822, 18, 6.72%, 0, 0, 2, 18.55
1747820030, 0, 27, 825, 824, 17, 6.73%, 0, 0, 2, 18.64
1747820046, 0, 28, 825, 824, 18, 6.73%, 0, 0, 2, 18.87
1747820051, 0, 30, 825, 824, 18, 6.73%, 0, 0, 2, 18.78
1747820056, 0, 30, 826, 825, 18, 6.79%, 0, 0, 2, 19.39
1747820061, 0, 30, 827, 826, 18, 6.79%, 0, 0, 2, 19.19
1747820082, 0, 31, 827, 826, 19, 6.79%, 0, 0, 2, 19.06
1747820087, 0, 31, 828, 827, 19, 6.79%, 0, 0, 2, 18.49
1747820092, 0, 31, 829, 828, 19, 6.79%, 0, 0, 2, 18.29
1747820097, 0, 31, 830, 829, 19, 6.79%, 0, 0, 2, 18.54
1747820118, 0, 31, 831, 830, 19, 6.79%, 0, 0, 2, 18.71
1747820158, 0, 31, 832, 831, 19, 6.79%, 0, 0, 2, 18.59
1747820164, 0, 31, 833, 832, 19, 6.79%, 0, 0, 2, 18.50
1747820225, 0, 31, 834, 833, 19, 6.79%, 0, 0, 2, 18.52
1747820245, 0, 31, 835, 834, 19, 6.79%, 0, 0, 2, 18.63
1747820256, 0, 31, 836, 835, 19, 6.79%, 0, 0, 2, 18.43
1747820271, 0, 31, 837, 836, 19, 6.79%, 0, 0, 2, 18.30
1747820287, 0, 31, 838, 837, 19, 6.79%, 0, 0, 2, 18.69
1747820307, 0, 32, 840, 839, 19, 6.81%, 0, 0, 2, 18.29
1747820312, 0, 32, 842, 841, 19, 6.81%, 0, 0, 2, 18.06
1747820317, 0, 32, 845, 844, 19, 6.81%, 0, 0, 2, 17.73
1747820322, 0, 32, 848, 847, 19, 6.82%, 0, 0, 2, 17.95
1747820327, 0, 32, 849, 848, 19, 6.82%, 0, 0, 2, 18.22
1747820337, 0, 32, 850, 849, 19, 6.82%, 0, 0, 2, 18.35
1747820353, 0, 32, 851, 850, 19, 6.82%, 0, 0, 2, 18.51
1747820363, 0, 32, 852, 851, 19, 6.86%, 0, 0, 2, 18.37
1747820404, 0, 32, 853, 852, 19, 6.86%, 0, 0, 2, 18.22
1747820409, 0, 32, 854, 853, 19, 6.86%, 0, 0, 2, 18.18
1747820420, 0, 32, 855, 854, 19, 6.86%, 0, 0, 2, 18.28
1747820425, 0, 32, 856, 855, 19, 6.87%, 0, 0, 2, 18.51
1747820440, 0, 32, 857, 856, 19, 6.87%, 0, 0, 2, 18.36
1747820486, 0, 32, 859, 858, 19, 6.87%, 0, 0, 2, 18.27
1747820501, 0, 32, 861, 860, 19, 6.87%, 0, 0, 2, 17.86
1747820506, 0, 32, 863, 862, 19, 6.87%, 0, 0, 2, 18.41
1747820511, 0, 32, 864, 863, 19, 6.88%, 0, 0, 2, 18.45
1747820516, 0, 32, 865, 864, 19, 6.88%, 0, 0, 2, 18.51
1747820542, 0, 33, 867, 866, 22, 6.88%, 0, 0, 2, 18.14
1747820547, 0, 33, 868, 867, 22, 6.88%, 0, 0, 2, 18.35
1747820557, 0, 33, 869, 868, 22, 6.88%, 0, 0, 2, 18.28
1747820568, 0, 33, 870, 869, 22, 6.88%, 0, 0, 2, 18.72
1747820578, 0, 33, 871, 870, 22, 6.88%, 0, 0, 2, 18.33
1747820583, 0, 33, 872, 871, 22, 6.88%, 0, 0, 2, 18.23
1747820598, 0, 33, 873, 872, 22, 6.88%, 0, 0, 2, 18.41
1747820609, 0, 33, 875, 874, 22, 6.88%, 0, 0, 2, 18.19
1747820614, 0, 33, 876, 875, 22, 6.88%, 0, 0, 2, 18.37
1747820619, 0, 33, 877, 876, 22, 6.88%, 0, 0, 2, 18.44
1747820624, 0, 33, 878, 877, 22, 6.88%, 0, 0, 2, 18.78
1747820629, 0, 33, 879, 878, 22, 6.88%, 0, 0, 2, 18.37
1747820650, 0, 33, 881, 880, 22, 6.88%, 0, 0, 2, 17.98
1747820670, 0, 33, 882, 881, 22, 6.88%, 0, 0, 2, 18.68
1747820680, 0, 33, 883, 882, 22, 6.88%, 0, 0, 2, 18.36
1747820695, 0, 33, 884, 883, 22, 6.88%, 0, 0, 2, 18.52
1747820711, 0, 33, 886, 885, 22, 6.88%, 0, 0, 2, 18.38
1747820731, 0, 33, 887, 886, 22, 6.88%, 0, 0, 2, 18.19
1747820751, 0, 33, 888, 887, 22, 6.88%, 0, 0, 2, 18.52
1747820772, 0, 34, 888, 887, 23, 6.88%, 0, 0, 2, 18.74
1747820777, 0, 35, 888, 887, 23, 6.88%, 0, 0, 2, 18.81
1747820787, 0, 36, 888, 887, 23, 6.88%, 0, 0, 2, 18.71
1747820792, 0, 37, 888, 887, 23, 6.88%, 0, 0, 2, 18.63
1747820797, 0, 38, 888, 887, 23, 6.88%, 0, 0, 2, 18.54
1747820808, 0, 40, 888, 887, 23, 6.88%, 0, 0, 2, 18.70
1747820813, 0, 41, 888, 887, 23, 6.88%, 0, 0, 2, 18.51
1747820818, 0, 42, 888, 887, 23, 6.88%, 0, 0, 2, 18.49
1747820828, 0, 43, 888, 887, 23, 6.88%, 0, 0, 2, 18.60
1747820833, 0, 45, 888, 887, 23, 6.88%, 0, 0, 2, 18.53
1747820838, 0, 47, 888, 887, 23, 6.88%, 0, 0, 2, 18.41
1747820849, 0, 49, 888, 887, 23, 6.88%, 0, 0, 2, 18.64
1747820854, 0, 50, 888, 887, 23, 6.88%, 0, 0, 2, 18.90
1747820859, 0, 51, 888, 887, 23, 6.88%, 0, 0, 2, 18.58
1747820869, 0, 52, 888, 887, 23, 6.88%, 0, 0, 2, 18.75
1747820874, 0, 54, 888, 887, 23, 6.88%, 0, 0, 2, 18.75
1747820879, 0, 55, 888, 887, 23, 6.88%, 0, 0, 2, 18.62
1747820884, 0, 55, 889, 888, 23, 6.88%, 0, 0, 2, 18.27
1747820890, 0, 55, 892, 891, 23, 7.00%, 0, 0, 2, 17.98
1747820895, 0, 55, 893, 892, 23, 7.00%, 0, 0, 2, 18.11
1747820900, 0, 55, 894, 893, 23, 7.00%, 0, 0, 2, 18.22
1747820905, 0, 55, 896, 895, 23, 7.00%, 0, 0, 2, 17.97
1747820910, 0, 55, 897, 896, 23, 7.00%, 0, 0, 2, 18.18
1747820920, 0, 55, 898, 897, 23, 7.00%, 0, 0, 2, 18.21
1747820930, 0, 55, 899, 898, 23, 7.00%, 0, 0, 2, 18.22
1747820935, 0, 55, 900, 899, 23, 7.00%, 0, 0, 2, 18.18
1747820941, 0, 55, 901, 900, 23, 7.00%, 0, 0, 2, 18.53
1747820946, 0, 55, 903, 902, 23, 7.00%, 0, 0, 2, 18.03
1747820956, 0, 55, 904, 903, 23, 7.00%, 0, 0, 2, 18.32
1747821007, 0, 55, 905, 904, 23, 7.00%, 0, 0, 2, 18.27
1747821063, 0, 55, 906, 905, 23, 7.00%, 0, 0, 2, 18.12
1747821093, 0, 55, 908, 907, 23, 7.00%, 0, 0, 2, 17.86
1747821114, 0, 56, 909, 908, 24, 7.00%, 0, 0, 2, 18.10
1747821119, 0, 56, 911, 910, 24, 7.00%, 0, 0, 2, 17.52
1747821124, 0, 56, 914, 913, 24, 7.00%, 0, 0, 2, 17.74
1747821129, 0, 56, 916, 915, 24, 7.00%, 0, 0, 2, 17.89
1747821134, 0, 56, 917, 916, 24, 7.00%, 0, 0, 2, 17.84
1747821139, 0, 56, 919, 918, 24, 7.00%, 0, 0, 2, 17.99
1747821144, 0, 56, 920, 919, 24, 7.01%, 0, 0, 2, 17.80
1747821160, 0, 56, 921, 920, 24, 7.01%, 0, 0, 2, 17.99
1747821170, 0, 56, 922, 921, 24, 7.01%, 0, 0, 2, 18.04
1747821185, 0, 56, 923, 922, 24, 7.01%, 0, 0, 2, 17.97
1747821201, 0, 56, 925, 924, 24, 7.02%, 0, 0, 2, 17.53
1747821206, 0, 56, 926, 925, 24, 7.02%, 0, 0, 2, 17.50
1747821231, 0, 56, 927, 926, 24, 7.02%, 0, 0, 2, 17.89
1747821283, 0, 56, 928, 927, 24, 7.02%, 0, 0, 2, 17.80
1747821293, 0, 56, 929, 928, 24, 7.02%, 0, 0, 2, 17.81
1747821298, 0, 56, 930, 929, 24, 7.02%, 0, 0, 2, 17.57
1747821323, 0, 56, 931, 930, 24, 7.02%, 0, 0, 2, 18.26
1747821328, 0, 56, 932, 931, 24, 7.02%, 0, 0, 2, 18.03
1747821349, 0, 56, 933, 932, 24, 7.02%, 0, 0, 2, 17.84
1747821354, 0, 57, 935, 934, 25, 7.02%, 0, 0, 2, 17.44
1747821375, 0, 57, 936, 935, 25, 7.02%, 0, 0, 2, 17.97
1747821380, 0, 57, 938, 937, 25, 7.02%, 0, 0, 2, 17.43
1747821385, 0, 57, 939, 938, 25, 7.02%, 0, 0, 2, 18.13
1747821390, 0, 57, 941, 940, 25, 7.02%, 0, 0, 2, 17.67
1747821395, 0, 57, 943, 942, 25, 7.02%, 0, 0, 2, 17.49
1747821405, 0, 57, 944, 943, 25, 7.02%, 0, 0, 2, 17.67
1747821411, 0, 57, 945, 944, 25, 7.02%, 0, 0, 2, 17.87
1747821421, 0, 57, 946, 945, 25, 7.03%, 0, 0, 2, 17.45
1747821441, 0, 57, 948, 947, 25, 7.03%, 0, 0, 2, 17.22
1747821446, 0, 57, 950, 949, 25, 7.03%, 0, 0, 2, 17.38
1747821519, 0, 57, 951, 950, 25, 7.03%, 0, 0, 2, 17.88
1747821534, 0, 57, 952, 951, 25, 7.03%, 0, 0, 2, 17.93
1747821565, 0, 57, 953, 952, 25, 7.03%, 0, 0, 2, 18.19
1747821575, 0, 57, 954, 953, 25, 7.03%, 0, 0, 2, 17.83
1747821595, 0, 58, 954, 953, 23, 7.03%, 0, 0, 2, 18.49
1747821600, 0, 60, 955, 954, 23, 7.03%, 0, 0, 2, 17.81
1747821611, 0, 60, 957, 956, 23, 7.03%, 0, 0, 2, 17.31
1747821631, 0, 60, 959, 958, 23, 7.03%, 0, 0, 2, 17.18
1747821636, 0, 60, 960, 959, 23, 7.03%, 0, 0, 2, 17.54
1747821641, 0, 60, 961, 960, 23, 7.03%, 0, 0, 2, 17.94
1747821652, 0, 60, 962, 961, 23, 7.08%, 0, 0, 2, 17.43
1747821662, 0, 60, 963, 962, 23, 7.08%, 0, 0, 2, 17.58
1747821688, 0, 60, 964, 963, 23, 7.08%, 0, 0, 2, 17.63
1747821698, 0, 60, 965, 964, 23, 7.08%, 0, 0, 2, 17.43
1747821703, 0, 60, 966, 965, 23, 7.08%, 0, 0, 2, 17.51
1747821713, 0, 60, 967, 966, 23, 7.08%, 0, 0, 2, 17.86
1747821738, 0, 60, 968, 967, 23, 7.08%, 0, 0, 2, 17.78
1747821759, 0, 60, 969, 968, 23, 7.08%, 0, 0, 2, 17.96
1747821764, 0, 60, 970, 969, 23, 7.08%, 0, 0, 2, 17.72
1747821769, 0, 60, 971, 970, 23, 7.08%, 0, 0, 2, 17.36
1747821774, 0, 60, 972, 971, 23, 7.08%, 0, 0, 2, 17.45
1747821784, 0, 60, 973, 972, 23, 7.08%, 0, 0, 2, 17.87
1747821800, 0, 60, 974, 973, 23, 7.08%, 0, 0, 2, 17.87
1747821805, 0, 60, 976, 975, 23, 7.08%, 0, 0, 2, 17.66
1747821815, 0, 60, 977, 976, 23, 7.08%, 0, 0, 2, 17.85
1747821841, 0, 61, 977, 976, 23, 7.08%, 0, 0, 2, 18.15
1747821846, 0, 61, 979, 978, 23, 7.08%, 0, 0, 2, 16.86
1747821856, 0, 61, 980, 979, 23, 7.08%, 0, 0, 2, 17.44
1747821862, 0, 61, 982, 981, 23, 7.08%, 0, 0, 2, 17.36
1747821872, 0, 61, 983, 982, 23, 7.08%, 0, 0, 2, 17.58
1747821877, 0, 61, 984, 983, 23, 7.08%, 0, 0, 2, 17.30
1747821882, 0, 61, 985, 984, 23, 7.08%, 0, 0, 2, 17.44
1747821887, 0, 61, 986, 985, 23, 7.08%, 0, 0, 2, 17.15
1747821892, 0, 61, 987, 986, 23, 7.08%, 0, 0, 2, 17.83
1747821923, 0, 61, 989, 988, 23, 7.08%, 0, 0, 2, 17.39
1747821933, 0, 61, 990, 989, 23, 7.08%, 0, 0, 2, 17.61
1747821984, 0, 61, 991, 990, 23, 7.08%, 0, 0, 2, 17.70
1747821990, 0, 61, 992, 991, 23, 7.08%, 0, 0, 2, 17.14
1747822000, 0, 61, 993, 992, 23, 7.08%, 0, 0, 2, 17.57
1747822015, 0, 61, 994, 993, 23, 7.08%, 0, 0, 2, 17.44
1747822020, 0, 61, 996, 995, 23, 7.08%, 0, 0, 2, 16.48
1747822056, 0, 61, 997, 996, 23, 7.08%, 0, 0, 2, 17.26
1747822082, 0, 63, 997, 996, 24, 7.08%, 0, 0, 2, 17.90
1747822087, 0, 63, 998, 997, 24, 7.08%, 0, 0, 2, 17.79
1747822097, 0, 65, 998, 997, 25, 7.08%, 0, 0, 2, 17.66
1747822107, 0, 66, 998, 997, 25, 7.08%, 0, 0, 2, 18.08
1747822112, 0, 67, 1000, 999, 25, 7.08%, 0, 0, 2, 17.34
1747822117, 0, 67, 1001, 1000, 25, 7.08%, 0, 0, 2, 17.00
1747822123, 0, 67, 1002, 1001, 25, 7.08%, 0, 0, 2, 17.56
1747822138, 0, 67, 1004, 1003, 25, 7.08%, 0, 0, 2, 17.25
1747822158, 0, 67, 1005, 1004, 25, 7.08%, 0, 0, 2, 17.22
1747822168, 0, 67, 1006, 1005, 25, 7.08%, 0, 0, 2, 17.23
1747822179, 0, 67, 1007, 1006, 25, 7.08%, 0, 0, 2, 17.20
1747822189, 0, 67, 1008, 1007, 25, 7.08%, 0, 0, 2, 17.37
1747822204, 0, 67, 1009, 1008, 25, 7.08%, 0, 0, 2, 17.36
1747822225, 0, 67, 1010, 1009, 25, 7.08%, 0, 0, 2, 17.42
1747822240, 0, 67, 1011, 1010, 25, 7.12%, 0, 0, 2, 17.65
1747822271, 0, 67, 1012, 1011, 25, 7.12%, 0, 0, 2, 17.33
1747822286, 0, 67, 1013, 1012, 25, 7.12%, 0, 0, 2, 17.35
1747822322, 0, 67, 1014, 1013, 25, 7.12%, 0, 0, 2, 17.25
1747822353, 0, 68, 1014, 1013, 23, 7.12%, 0, 0, 2, 17.69
1747822358, 0, 68, 1015, 1014, 23, 7.12%, 0, 0, 2, 17.33
1747822368, 0, 68, 1016, 1015, 23, 7.12%, 0, 0, 2, 17.40
1747822384, 0, 69, 1016, 1015, 23, 7.12%, 0, 0, 2, 17.82
1747822389, 0, 69, 1018, 1017, 23, 7.12%, 0, 0, 2, 17.22
1747822394, 0, 69, 1019, 1018, 23, 7.12%, 0, 0, 2, 16.84
1747822399, 0, 69, 1020, 1019, 23, 7.12%, 0, 0, 2, 17.02
1747822404, 0, 69, 1021, 1020, 23, 7.12%, 0, 0, 2, 16.96
1747822414, 0, 69, 1022, 1021, 23, 7.12%, 0, 0, 2, 17.00
1747822420, 0, 69, 1024, 1023, 23, 7.12%, 0, 0, 2, 16.71
1747822440, 0, 69, 1025, 1024, 23, 7.12%, 0, 0, 2, 17.04
1747822445, 0, 69, 1028, 1027, 23, 7.12%, 0, 0, 2, 15.93
1747822461, 0, 69, 1030, 1029, 23, 7.12%, 0, 0, 2, 16.25
1747822481, 0, 69, 1031, 1030, 23, 7.15%, 0, 0, 2, 17.11
1747822512, 0, 69, 1032, 1031, 23, 7.15%, 0, 0, 2, 17.42
1747822517, 0, 69, 1033, 1032, 23, 7.15%, 0, 0, 2, 17.10
1747822522, 0, 69, 1034, 1033, 23, 7.15%, 0, 0, 2, 17.10
1747822528, 0, 69, 1035, 1034, 23, 7.15%, 0, 0, 2, 17.61
1747822548, 0, 69, 1036, 1035, 23, 7.15%, 0, 0, 2, 17.06
1747822584, 0, 69, 1037, 1036, 23, 7.15%, 0, 0, 2, 17.33
1747822635, 0, 70, 1037, 1036, 24, 7.15%, 0, 0, 2, 17.71
1747822640, 0, 71, 1037, 1036, 24, 7.15%, 0, 0, 2, 17.07
1747822645, 0, 72, 1037, 1036, 24, 7.15%, 0, 0, 2, 17.31
1747822650, 0, 72, 1038, 1037, 24, 7.15%, 0, 0, 2, 17.44
1747822661, 0, 72, 1039, 1038, 24, 7.15%, 0, 0, 2, 16.61
1747822676, 0, 73, 1040, 1039, 24, 7.15%, 0, 0, 2, 17.56
1747822681, 0, 73, 1041, 1040, 24, 7.15%, 0, 0, 2, 16.86
1747822707, 0, 74, 1041, 1040, 24, 7.15%, 0, 0, 2, 17.31
1747822717, 0, 75, 1041, 1040, 24, 7.15%, 0, 0, 2, 18.06
1747822722, 0, 78, 1041, 1040, 24, 7.15%, 0, 0, 2, 17.59
1747822727, 0, 78, 1042, 1041, 24, 7.15%, 0, 0, 2, 16.91
1747822737, 0, 79, 1042, 1041, 24, 7.15%, 0, 0, 2, 17.10
1747822748, 0, 80, 1044, 1043, 24, 7.15%, 0, 0, 2, 16.30
1747822758, 0, 80, 1045, 1044, 24, 7.15%, 0, 0, 2, 16.94
1747822778, 0, 80, 1046, 1045, 24, 7.15%, 0, 0, 2, 16.67
1747822783, 0, 80, 1047, 1046, 24, 7.15%, 0, 0, 2, 16.69
1747822788, 0, 80, 1048, 1047, 24, 7.16%, 0, 0, 2, 16.74
1747822804, 0, 80, 1049, 1048, 24, 7.16%, 0, 0, 2, 16.61
1747822860, 0, 80, 1050, 1049, 24, 7.16%, 0, 0, 2, 16.63
1747822875, 0, 80, 1051, 1050, 24, 7.17%, 0, 0, 2, 16.77
1747822881, 0, 80, 1052, 1051, 24, 7.24%, 0, 0, 2, 16.50
1747822931, 0, 80, 1053, 1052, 24, 7.24%, 0, 0, 2, 28.01
1747822937, 0, 80, 1054, 1053, 24, 7.24%, 0, 0, 2, 28.57
1747822947, 0, 80, 1055, 1054, 24, 7.24%, 0, 0, 2, 28.59
1747822967, 0, 81, 1060, 1059, 20, 7.24%, 0, 0, 2, 27.08
1747822972, 0, 81, 1063, 1062, 20, 7.24%, 0, 0, 2, 27.11
1747822977, 0, 81, 1064, 1063, 20, 7.24%, 0, 0, 2, 26.67
1747822982, 0, 81, 1066, 1065, 20, 7.24%, 0, 0, 2, 27.08
1747822987, 0, 81, 1069, 1068, 20, 7.24%, 0, 0, 2, 26.37
1747822992, 0, 81, 1071, 1070, 20, 7.24%, 0, 0, 2, 27.12
1747822998, 0, 81, 1074, 1073, 20, 7.24%, 0, 0, 2, 26.69
1747823003, 0, 81, 1078, 1077, 20, 7.24%, 0, 0, 2, 26.44
1747823008, 0, 81, 1080, 1079, 20, 7.24%, 0, 0, 2, 26.54
1747823013, 0, 81, 1082, 1081, 20, 7.24%, 0, 0, 2, 26.81
1747823018, 0, 81, 1085, 1084, 20, 7.24%, 0, 0, 2, 26.85
1747823023, 0, 81, 1087, 1086, 20, 7.24%, 0, 0, 2, 26.34
1747823028, 0, 81, 1088, 1087, 20, 7.24%, 0, 0, 2, 27.20
1747823038, 0, 81, 1089, 1088, 20, 7.24%, 0, 0, 2, 28.00
1747823054, 0, 81, 1091, 1090, 20, 7.24%, 0, 0, 2, 27.00
1747823064, 0, 81, 1092, 1091, 20, 7.24%, 0, 0, 2, 27.26
1747823074, 0, 81, 1094, 1093, 20, 7.24%, 0, 0, 2, 27.47
1747823079, 0, 81, 1095, 1094, 20, 7.24%, 0, 0, 2, 27.35
1747823115, 0, 81, 1096, 1095, 20, 7.24%, 0, 0, 2, 27.36
1747823130, 0, 83, 1096, 1095, 20, 7.24%, 0, 0, 2, 28.40
1747823135, 0, 84, 1096, 1095, 20, 7.24%, 0, 0, 2, 29.28
1747823140, 0, 84, 1098, 1097, 20, 7.24%, 0, 0, 2, 29.26
1747823155, 0, 85, 1101, 1100, 20, 7.24%, 0, 0, 2, 27.24
1747823160, 0, 85, 1104, 1103, 20, 7.24%, 0, 0, 2, 26.98
1747823165, 0, 85, 1105, 1104, 20, 7.24%, 0, 0, 2, 27.02
1747823170, 0, 85, 1106, 1105, 20, 7.24%, 0, 0, 2, 26.40
1747823180, 0, 85, 1107, 1106, 20, 7.24%, 0, 0, 2, 27.76
1747823191, 0, 85, 1108, 1107, 20, 7.24%, 0, 0, 2, 28.06
1747823196, 0, 85, 1110, 1109, 20, 7.24%, 0, 0, 2, 26.89
1747823206, 0, 85, 1111, 1110, 20, 7.24%, 0, 0, 2, 27.97
1747823211, 0, 85, 1112, 1111, 20, 7.24%, 0, 0, 2, 27.31
1747823221, 0, 85, 1113, 1112, 20, 7.24%, 0, 0, 2, 27.61
1747823262, 0, 85, 1114, 1113, 20, 7.24%, 0, 0, 2, 27.24
1747823283, 0, 85, 1116, 1115, 20, 7.24%, 0, 0, 2, 26.94
1747823308, 0, 86, 1117, 1116, 21, 7.24%, 0, 0, 2, 28.09
1747823313, 0, 87, 1117, 1116, 21, 7.24%, 0, 0, 2, 29.16
1747823318, 0, 88, 1117, 1116, 21, 7.24%, 0, 0, 2, 29.21
1747823324, 0, 89, 1118, 1117, 21, 7.24%, 0, 0, 2, 27.14
1747823329, 0, 89, 1119, 1118, 21, 7.24%, 0, 0, 2, 27.17
1747823344, 0, 90, 1120, 1119, 20, 7.27%, 0, 0, 2, 28.20
1747823349, 0, 90, 1121, 1120, 20, 7.27%, 0, 0, 2, 27.63
1747823359, 0, 91, 1121, 1120, 21, 7.27%, 0, 0, 2, 28.54
1747823364, 0, 92, 1121, 1120, 21, 7.27%, 0, 0, 2, 28.59
1747823370, 0, 93, 1121, 1120, 21, 7.27%, 0, 0, 2, 29.54
1747823375, 0, 94, 1121, 1120, 21, 7.27%, 0, 0, 2, 29.03
1747823380, 0, 96, 1121, 1120, 21, 7.27%, 0, 0, 2, 28.31
1747823385, 0, 97, 1122, 1121, 21, 7.27%, 0, 0, 2, 26.50
1747823395, 0, 99, 1122, 1121, 21, 7.27%, 0, 0, 2, 28.80
1747823400, 0, 100, 1122, 1121, 21, 7.27%, 0, 0, 2, 29.87
1747823405, 0, 101, 1122, 1121, 21, 7.27%, 0, 0, 2, 29.75
1747823410, 0, 102, 1123, 1122, 21, 7.27%, 0, 0, 2, 27.43
1747823415, 0, 102, 1124, 1123, 21, 7.27%, 0, 0, 2, 27.45
1747823426, 0, 102, 1126, 1125, 21, 7.27%, 0, 0, 2, 26.43
1747823446, 0, 102, 1127, 1126, 21, 7.27%, 0, 0, 2, 27.38
1747823451, 0, 102, 1128, 1127, 21, 7.27%, 0, 0, 2, 27.10
1747823462, 0, 102, 1129, 1128, 21, 7.27%, 0, 0, 2, 27.24
1747823472, 0, 102, 1130, 1129, 21, 7.27%, 0, 0, 2, 26.73
1747823482, 0, 102, 1131, 1130, 21, 7.27%, 0, 0, 2, 26.95
1747823497, 0, 102, 1132, 1131, 21, 7.27%, 0, 0, 2, 26.90
1747823517, 0, 102, 1133, 1132, 21, 7.27%, 0, 0, 2, 26.12
1747823522, 0, 102, 1134, 1133, 21, 7.27%, 0, 0, 2, 26.54
1747823543, 0, 102, 1135, 1134, 21, 7.27%, 0, 0, 2, 27.38
1747823563, 0, 103, 1135, 1134, 21, 7.27%, 0, 0, 2, 27.25
1747823568, 0, 104, 1136, 1135, 21, 7.27%, 0, 0, 2, 27.53
1747823579, 0, 104, 1138, 1137, 21, 7.27%, 0, 0, 2, 26.34
1747823589, 0, 104, 1139, 1138, 21, 7.27%, 0, 0, 2, 26.02
1747823620, 0, 104, 1140, 1139, 21, 7.27%, 0, 0, 2, 26.58
1747823635, 0, 104, 1141, 1140, 21, 7.27%, 0, 0, 2, 27.00
1747823655, 0, 104, 1143, 1142, 21, 7.27%, 0, 0, 2, 26.65
1747823691, 0, 104, 1144, 1143, 21, 7.27%, 0, 0, 2, 27.53
1747823721, 0, 105, 1144, 1143, 21, 7.27%, 0, 0, 2, 27.36
1747823726, 0, 106, 1145, 1144, 21, 7.27%, 0, 0, 2, 26.82
1747823737, 0, 107, 1146, 1145, 21, 7.27%, 0, 0, 2, 26.23
1747823742, 0, 107, 1147, 1146, 21, 7.27%, 0, 0, 2, 26.13
1747823747, 0, 107, 1149, 1148, 21, 7.29%, 0, 0, 2, 25.47
1747823752, 0, 107, 1151, 1150, 21, 7.29%, 0, 0, 2, 26.15
1747823757, 0, 107, 1152, 1151, 21, 7.29%, 0, 0, 2, 25.93
1747823762, 0, 107, 1153, 1152, 21, 7.29%, 0, 0, 2, 26.25
1747823797, 0, 107, 1155, 1154, 21, 7.57%, 0, 0, 2, 25.04
1747823802, 0, 107, 1156, 1155, 21, 7.57%, 0, 0, 2, 26.37
1747823818, 0, 107, 1157, 1156, 21, 7.57%, 0, 0, 2, 26.39
1747823849, 0, 107, 1158, 1157, 21, 7.57%, 0, 0, 2, 26.65
1747823854, 0, 107, 1159, 1158, 21, 7.57%, 0, 0, 2, 26.26
1747823869, 0, 107, 1161, 1160, 21, 7.57%, 0, 0, 2, 25.49
1747823889, 0, 107, 1162, 1161, 21, 7.57%, 0, 0, 2, 25.81
1747823900, 0, 110, 1163, 1162, 20, 7.57%, 0, 0, 2, 26.16
1747823905, 0, 111, 1163, 1162, 20, 7.57%, 0, 0, 2, 26.98
1747823910, 0, 113, 1163, 1162, 20, 7.57%, 0, 0, 2, 26.94
1747823915, 0, 114, 1163, 1162, 20, 7.57%, 0, 0, 2, 25.71
1747823920, 0, 115, 1167, 1166, 20, 7.57%, 0, 0, 2, 23.97
1747823930, 0, 115, 1169, 1168, 20, 7.57%, 0, 0, 2, 24.44
1747823935, 0, 115, 1170, 1169, 20, 7.57%, 0, 0, 2, 25.47
1747823940, 0, 115, 1172, 1171, 20, 7.57%, 0, 0, 2, 25.38
1747823961, 0, 115, 1173, 1172, 20, 7.57%, 0, 0, 2, 25.53
1747823986, 0, 115, 1174, 1173, 20, 7.57%, 0, 0, 2, 25.73
1747824022, 0, 115, 1175, 1174, 20, 7.57%, 0, 0, 2, 25.06
1747824062, 0, 115, 1176, 1175, 20, 7.57%, 0, 0, 2, 25.74
1747824078, 0, 119, 1176, 1175, 22, 7.57%, 0, 0, 2, 26.11
1747824083, 0, 120, 1176, 1175, 22, 7.57%, 0, 0, 2, 26.86
1747824088, 0, 121, 1176, 1175, 22, 7.57%, 0, 0, 2, 27.32
1747824093, 0, 122, 1176, 1175, 22, 7.57%, 0, 0, 2, 27.96
1747824099, 0, 123, 1176, 1175, 22, 7.57%, 0, 0, 2, 27.40
1747824104, 0, 124, 1176, 1175, 22, 7.57%, 0, 0, 2, 27.46
1747824109, 0, 125, 1176, 1175, 22, 7.57%, 0, 0, 2, 27.36
1747824114, 0, 126, 1176, 1175, 22, 7.57%, 0, 0, 2, 26.31
1747824119, 0, 127, 1177, 1176, 22, 7.58%, 0, 0, 2, 25.52
1747824129, 0, 128, 1179, 1178, 23, 7.58%, 0, 0, 2, 24.60
1747824140, 0, 128, 1180, 1179, 23, 7.59%, 0, 0, 2, 25.22
1747824145, 0, 128, 1182, 1181, 23, 7.59%, 0, 0, 2, 25.47
1747824150, 0, 128, 1183, 1182, 23, 7.59%, 0, 0, 2, 25.54
1747824155, 0, 128, 1184, 1183, 23, 7.59%, 0, 0, 2, 25.37
1747824160, 0, 128, 1186, 1185, 23, 7.59%, 0, 0, 2, 25.18
1747824165, 0, 128, 1187, 1186, 23, 7.59%, 0, 0, 2, 24.40
1747824170, 0, 128, 1188, 1187, 23, 7.59%, 0, 0, 2, 25.48
1747824181, 0, 128, 1190, 1189, 23, 7.59%, 0, 0, 2, 23.05
1747824196, 0, 128, 1191, 1190, 23, 7.59%, 0, 0, 2, 25.31
1747824201, 0, 128, 1193, 1192, 23, 7.59%, 0, 0, 2, 24.67
1747824221, 0, 128, 1194, 1193, 23, 7.59%, 0, 0, 2, 25.21
1747824237, 0, 128, 1196, 1195, 23, 7.59%, 0, 0, 2, 25.16
1747824272, 0, 128, 1197, 1196, 23, 7.59%, 0, 0, 2, 24.78
1747824293, 0, 129, 1198, 1197, 23, 7.59%, 0, 0, 2, 24.81
1747824298, 0, 129, 1199, 1198, 23, 7.59%, 0, 0, 2, 25.47
1747824303, 0, 129, 1201, 1200, 23, 7.59%, 0, 0, 2, 24.98
1747824308, 0, 129, 1202, 1201, 23, 7.68%, 0, 0, 2, 25.52
1747824323, 0, 129, 1204, 1203, 23, 7.68%, 0, 0, 2, 24.48
1747824328, 0, 129, 1205, 1204, 23, 7.68%, 0, 0, 2, 24.07
1747824339, 0, 129, 1206, 1205, 23, 7.68%, 0, 0, 2, 24.66
1747824349, 0, 129, 1207, 1206, 23, 7.68%, 0, 0, 2, 25.46
1747824354, 0, 129, 1208, 1207, 23, 7.68%, 0, 0, 2, 24.61
1747824364, 0, 129, 1209, 1208, 23, 7.68%, 0, 0, 2, 24.46
1747824369, 0, 129, 1210, 1209, 23, 7.68%, 0, 0, 2, 24.68
1747824379, 0, 129, 1211, 1210, 23, 7.68%, 0, 0, 2, 25.19
1747824456, 0, 129, 1212, 1211, 23, 7.68%, 0, 0, 2, 24.16
1747824476, 0, 130, 1214, 1213, 24, 7.68%, 0, 0, 2, 24.75
1747824492, 0, 130, 1215, 1214, 24, 7.68%, 0, 0, 2, 25.86
1747824517, 0, 131, 1215, 1214, 25, 7.68%, 0, 0, 2, 27.22
1747824522, 0, 132, 1215, 1214, 25, 7.68%, 0, 0, 2, 25.69
1747824527, 0, 133, 1215, 1214, 25, 7.68%, 0, 0, 2, 58.75
1747824692, 0, 134, 1216, 1214, 25, 7.68%, 0, 0, 3, 40.07
1747824703, 0, 135, 1216, 1214, 25, 7.68%, 0, 0, 3, 25.55
1747824708, 0, 136, 1217, 1215, 25, 7.68%, 0, 0, 3, 24.67
1747824713, 0, 136, 1218, 1216, 25, 7.68%, 0, 0, 3, 25.01
1747824718, 0, 136, 1220, 1218, 25, 7.68%, 0, 0, 3, 24.70
1747824723, 0, 136, 1221, 1219, 25, 7.68%, 0, 0, 3, 24.41
1747824728, 0, 136, 1222, 1220, 25, 7.68%, 0, 0, 3, 18.90
1747824733, 0, 136, 1224, 1222, 25, 7.68%, 0, 0, 3, 21.41
1747824738, 0, 136, 1225, 1223, 25, 7.68%, 0, 0, 3, 25.14
1747824779, 0, 136, 1227, 1225, 25, 7.69%, 0, 0, 3, 24.55
1747824789, 0, 136, 1229, 1227, 25, 7.69%, 0, 0, 3, 24.65
1747824825, 0, 136, 1230, 1228, 25, 7.69%, 0, 0, 3, 25.17
1747824835, 0, 136, 1231, 1229, 25, 7.69%, 0, 0, 3, 25.10
1747824845, 0, 136, 1232, 1230, 25, 7.69%, 0, 0, 3, 24.73
1747824855, 0, 136, 1233, 1231, 25, 7.69%, 0, 0, 3, 25.62
1747824875, 0, 137, 1233, 1231, 25, 7.69%, 0, 0, 3, 25.58
1747824881, 0, 138, 1233, 1231, 25, 7.69%, 0, 0, 3, 26.41
1747824886, 0, 138, 1235, 1233, 25, 7.69%, 0, 0, 3, 24.68
1747824901, 0, 138, 1237, 1235, 25, 7.70%, 0, 0, 3, 24.85
1747824911, 0, 138, 1238, 1236, 25, 7.70%, 0, 0, 3, 24.38
1747824921, 0, 138, 1240, 1238, 25, 7.70%, 0, 0, 3, 25.04
1747824927, 0, 138, 1241, 1239, 25, 7.70%, 0, 0, 3, 24.08
1747824957, 0, 138, 1242, 1240, 25, 7.70%, 0, 0, 3, 24.34
1747824987, 0, 138, 1243, 1241, 25, 7.70%, 0, 0, 3, 24.88
1747824993, 0, 138, 1244, 1242, 25, 7.70%, 0, 0, 3, 25.76
1747825003, 0, 138, 1245, 1243, 25, 7.70%, 0, 0, 3, 25.27
1747825023, 0, 138, 1247, 1245, 25, 7.75%, 0, 0, 3, 24.63
1747825049, 0, 139, 1248, 1246, 26, 7.75%, 0, 0, 3, 24.96
1747825054, 0, 139, 1249, 1247, 26, 7.75%, 0, 0, 3, 25.26
1747825069, 0, 140, 1249, 1247, 26, 7.75%, 0, 0, 3, 26.41
1747825074, 0, 141, 1249, 1247, 26, 7.75%, 0, 0, 3, 24.78
1747825079, 0, 142, 1249, 1247, 26, 7.75%, 0, 0, 3, 25.04
1747825084, 0, 142, 1251, 1249, 26, 7.75%, 0, 0, 3, 22.85
1747825090, 0, 142, 1252, 1250, 26, 7.75%, 0, 0, 3, 23.12
1747825100, 0, 142, 1253, 1251, 26, 7.75%, 0, 0, 3, 24.06
1747825120, 0, 142, 1254, 1252, 26, 7.75%, 0, 0, 3, 24.06
1747825141, 0, 142, 1256, 1254, 26, 7.75%, 0, 0, 3, 22.73
1747825171, 0, 142, 1257, 1255, 26, 7.75%, 0, 0, 3, 24.15
1747825222, 0, 142, 1258, 1256, 26, 7.75%, 0, 0, 3, 24.06
1747825248, 0, 143, 1258, 1256, 27, 7.75%, 0, 0, 3, 24.64
1747825253, 0, 143, 1259, 1257, 27, 7.75%, 0, 0, 3, 23.78
1747825258, 0, 143, 1260, 1258, 27, 7.75%, 0, 0, 3, 24.45
1747825273, 0, 144, 1260, 1258, 27, 7.75%, 0, 0, 3, 24.91
1747825278, 0, 146, 1260, 1258, 27, 7.75%, 0, 0, 3, 25.00
1747825284, 0, 148, 1260, 1258, 27, 7.75%, 0, 0, 3, 25.81
1747825289, 0, 149, 1261, 1259, 27, 7.75%, 0, 0, 3, 24.34
1747825299, 0, 150, 1261, 1259, 27, 7.75%, 0, 0, 3, 24.12
1747825304, 0, 151, 1261, 1259, 27, 7.75%, 0, 0, 3, 25.31
1747825309, 0, 153, 1261, 1259, 27, 7.75%, 0, 0, 3, 25.31
1747825314, 0, 155, 1262, 1260, 27, 7.75%, 0, 0, 3, 24.23
1747825319, 0, 155, 1263, 1261, 27, 7.75%, 0, 0, 3, 24.34
1747825325, 0, 155, 1264, 1262, 27, 7.75%, 0, 0, 3, 24.10
1747825335, 0, 155, 1266, 1264, 27, 7.80%, 0, 0, 3, 23.58
1747825340, 0, 155, 1267, 1265, 27, 7.80%, 0, 0, 3, 24.24
1747825345, 0, 155, 1268, 1266, 27, 7.80%, 0, 0, 3, 23.28
1747825350, 0, 155, 1269, 1267, 27, 7.80%, 0, 0, 3, 24.26
1747825355, 0, 155, 1271, 1269, 27, 7.81%, 0, 0, 3, 24.85
1747825360, 0, 155, 1272, 1270, 27, 7.81%, 0, 0, 3, 24.92
1747825442, 0, 155, 1273, 1271, 27, 7.81%, 0, 0, 3, 23.22
1747825483, 0, 156, 1273, 1271, 23, 7.81%, 0, 0, 3, 23.90
1747825488, 0, 157, 1274, 1272, 23, 7.81%, 0, 0, 3, 24.42
1747825498, 0, 157, 1276, 1274, 23, 7.81%, 0, 0, 3, 22.95
1747825503, 0, 157, 1278, 1276, 23, 7.81%, 0, 0, 3, 21.94
1747825509, 0, 157, 1281, 1279, 23, 7.81%, 0, 0, 3, 22.41
1747825519, 0, 157, 1285, 1283, 23, 7.81%, 0, 0, 3, 22.08
1747825524, 0, 157, 1286, 1284, 23, 7.81%, 0, 0, 3, 23.68
1747825545, 0, 157, 1287, 1285, 23, 7.81%, 0, 0, 3, 23.94
1747825550, 0, 157, 1289, 1287, 23, 7.82%, 0, 0, 3, 23.56
1747825570, 0, 157, 1291, 1289, 23, 7.82%, 0, 0, 3, 22.43
1747825586, 0, 157, 1292, 1290, 23, 7.82%, 0, 0, 3, 24.64
1747825591, 0, 157, 1293, 1291, 23, 7.82%, 0, 0, 3, 24.78
1747825596, 0, 157, 1294, 1292, 23, 7.82%, 0, 0, 3, 23.62
1747825637, 0, 157, 1295, 1293, 23, 7.82%, 0, 0, 3, 25.26
1747825647, 0, 157, 1296, 1294, 23, 7.82%, 0, 0, 3, 22.63
1747825652, 0, 157, 1297, 1295, 23, 7.82%, 0, 0, 3, 23.83
1747825668, 0, 158, 1298, 1296, 22, 7.82%, 0, 0, 3, 23.49
1747825678, 0, 160, 1298, 1296, 22, 7.82%, 0, 0, 3, 24.96
1747825683, 0, 162, 1298, 1296, 22, 7.82%, 0, 0, 3, 24.12
1747825688, 0, 162, 1299, 1297, 22, 7.82%, 0, 0, 3, 23.92
1747825693, 0, 162, 1300, 1298, 22, 7.82%, 0, 0, 3, 22.50
1747825709, 0, 163, 1301, 1299, 22, 7.82%, 0, 0, 3, 23.30
1747825719, 0, 164, 1302, 1300, 22, 7.82%, 0, 0, 3, 23.94
1747825724, 0, 164, 1303, 1301, 22, 7.82%, 0, 0, 3, 23.20
1747825739, 0, 164, 1305, 1303, 22, 7.82%, 0, 0, 3, 23.38
1747825744, 0, 164, 1306, 1304, 22, 7.82%, 0, 0, 3, 22.60
1747825750, 0, 164, 1308, 1306, 22, 7.82%, 0, 0, 3, 22.81
1747825760, 0, 164, 1309, 1307, 22, 7.82%, 0, 0, 3, 23.34
1747825770, 0, 164, 1310, 1308, 22, 7.82%, 0, 0, 3, 23.41
1747825775, 0, 164, 1311, 1309, 22, 7.82%, 0, 0, 3, 24.34
1747825785, 0, 164, 1312, 1310, 22, 7.84%, 0, 0, 3, 23.23
1747825796, 0, 164, 1313, 1311, 22, 7.84%, 0, 0, 3, 23.66
1747825801, 0, 164, 1314, 1312, 22, 7.84%, 0, 0, 3, 24.14
1747825806, 0, 164, 1315, 1313, 22, 7.85%, 0, 0, 3, 23.63
1747825811, 0, 164, 1316, 1314, 22, 7.85%, 0, 0, 3, 23.74
1747825857, 0, 164, 1317, 1315, 22, 7.88%, 0, 0, 3, 23.02
1747825892, 0, 165, 1319, 1317, 25, 7.88%, 0, 0, 3, 23.89
1747825903, 0, 166, 1319, 1317, 25, 7.88%, 0, 0, 3, 23.81
1747825908, 0, 167, 1319, 1317, 25, 7.88%, 0, 0, 3, 24.15
1747825913, 0, 168, 1319, 1317, 25, 7.88%, 0, 0, 3, 25.58
1747825918, 0, 169, 1320, 1318, 25, 7.88%, 0, 0, 3, 23.19
1747825928, 0, 170, 1321, 1319, 25, 7.88%, 0, 0, 3, 22.36
1747825938, 0, 172, 1321, 1319, 25, 7.88%, 0, 0, 3, 24.86
1747825944, 0, 173, 1321, 1319, 25, 7.88%, 0, 0, 3, 24.37
1747825949, 0, 175, 1321, 1319, 25, 7.88%, 0, 0, 3, 24.31
1747825954, 0, 176, 1321, 1319, 25, 7.88%, 0, 0, 3, 25.10
1747825959, 0, 178, 1321, 1319, 25, 7.88%, 0, 0, 3, 24.60
1747825964, 0, 179, 1322, 1320, 25, 7.88%, 0, 0, 3, 22.00
1747825969, 0, 179, 1323, 1321, 25, 7.88%, 0, 0, 3, 22.45
1747825989, 0, 180, 1324, 1322, 25, 7.89%, 0, 0, 3, 23.57
1747825994, 0, 180, 1325, 1323, 25, 7.89%, 0, 0, 3, 23.26
1747826005, 0, 180, 1326, 1324, 25, 7.89%, 0, 0, 3, 23.96
1747826030, 0, 181, 1326, 1324, 26, 7.89%, 0, 0, 3, 23.82
1747826035, 0, 181, 1328, 1326, 26, 7.89%, 0, 0, 3, 23.36
1747826051, 0, 183, 1328, 1326, 26, 7.89%, 0, 0, 3, 24.24
1747826056, 0, 183, 1329, 1327, 26, 7.89%, 0, 0, 3, 23.49
1747826066, 0, 184, 1329, 1327, 26, 7.89%, 0, 0, 3, 25.56
1747826071, 0, 186, 1329, 1327, 26, 7.89%, 0, 0, 3, 24.57
1747826076, 0, 188, 1330, 1328, 26, 7.89%, 0, 0, 3, 24.95
1747826081, 0, 188, 1331, 1329, 26, 7.89%, 0, 0, 3, 24.95
1747826097, 0, 189, 1331, 1329, 26, 7.89%, 0, 0, 3, 25.21
1747826102, 0, 193, 1331, 1329, 26, 7.89%, 0, 0, 3, 23.99
1747826107, 0, 194, 1331, 1329, 26, 7.89%, 0, 0, 3, 24.57
1747826112, 0, 195, 1332, 1330, 26, 7.89%, 0, 0, 3, 23.09
1747826117, 0, 195, 1333, 1331, 26, 7.89%, 0, 0, 3, 23.90
1747826132, 0, 196, 1333, 1331, 26, 7.89%, 0, 0, 3, 24.10
1747826137, 0, 197, 1333, 1331, 26, 7.89%, 0, 0, 3, 23.47
1747826142, 0, 198, 1333, 1331, 26, 7.89%, 0, 0, 3, 24.67
1747826148, 0, 199, 1333, 1331, 26, 7.89%, 0, 0, 3, 24.83
1747826153, 0, 199, 1334, 1332, 26, 8.03%, 0, 0, 3, 23.69
1747826158, 0, 201, 1334, 1332, 26, 8.03%, 0, 0, 3, 22.97
1747826163, 0, 202, 1334, 1332, 26, 8.03%, 0, 0, 3, 24.18
1747826168, 0, 202, 1335, 1333, 26, 8.03%, 0, 0, 3, 23.57
1747826178, 0, 203, 1335, 1333, 26, 8.03%, 0, 0, 3, 24.58
1747826184, 0, 204, 1335, 1333, 26, 8.03%, 0, 0, 3, 24.70
1747826189, 0, 205, 1335, 1333, 26, 8.03%, 0, 0, 3, 23.38
1747826194, 0, 206, 1335, 1333, 26, 8.03%, 0, 0, 3, 24.22
1747826199, 0, 207, 1335, 1333, 26, 8.03%, 0, 0, 3, 23.34
1747826204, 0, 209, 1335, 1333, 26, 8.03%, 0, 0, 3, 24.21
1747826209, 0, 210, 1335, 1333, 26, 8.03%, 0, 0, 3, 24.79
1747826214, 0, 211, 1335, 1333, 26, 8.03%, 0, 0, 3, 24.55
1747826219, 0, 212, 1335, 1333, 26, 8.03%, 0, 0, 3, 24.59
1747826224, 0, 213, 1335, 1333, 26, 8.03%, 0, 0, 3, 23.49
1747826229, 0, 214, 1335, 1333, 26, 8.03%, 0, 0, 3, 24.59
1747826235, 0, 215, 1336, 1334, 26, 8.03%, 0, 0, 3, 22.81
1747826240, 0, 215, 1337, 1335, 26, 8.03%, 0, 0, 3, 22.71
1747826255, 0, 215, 1338, 1336, 26, 8.03%, 0, 0, 3, 23.74
1747826280, 0, 216, 1339, 1337, 26, 8.03%, 0, 0, 3, 24.51
1747826286, 0, 216, 1340, 1338, 26, 8.03%, 0, 0, 3, 24.51
1747826301, 0, 217, 1340, 1338, 27, 8.03%, 0, 0, 3, 22.94
1747826306, 0, 218, 1340, 1338, 27, 8.03%, 0, 0, 3, 24.44
1747826311, 0, 219, 1340, 1338, 27, 8.03%, 0, 0, 3, 24.53
1747826316, 0, 220, 1340, 1338, 27, 8.03%, 0, 0, 3, 24.24
1747826321, 0, 222, 1340, 1338, 27, 8.03%, 0, 0, 3, 24.96
1747826326, 0, 223, 1340, 1338, 27, 8.03%, 0, 0, 3, 25.66
1747826331, 0, 224, 1340, 1338, 27, 8.03%, 0, 0, 3, 24.14
1747826336, 0, 227, 1340, 1338, 27, 8.03%, 0, 0, 3, 24.89
1747826341, 0, 227, 1342, 1340, 27, 8.03%, 0, 0, 3, 22.94
1747826352, 0, 227, 1343, 1341, 27, 8.04%, 0, 0, 3, 19.03
1747826392, 0, 227, 1344, 1342, 27, 8.04%, 0, 0, 3, 14.33
1747826423, 0, 227, 1345, 1343, 27, 8.04%, 0, 0, 3, 13.29
1747826433, 0, 227, 1346, 1344, 27, 8.04%, 0, 0, 3, 14.40
1747826484, 0, 227, 1347, 1345, 27, 8.04%, 0, 0, 3, 13.64
1747826612, 0, 227, 1348, 1346, 27, 8.04%, 0, 0, 3, 13.73
1747826622, 0, 229, 1348, 1346, 28, 8.04%, 0, 0, 3, 14.67
1747826632, 0, 230, 1348, 1346, 28, 8.04%, 0, 0, 3, 14.13
1747826643, 0, 231, 1348, 1346, 28, 8.04%, 0, 0, 3, 14.45
1747826653, 0, 233, 1348, 1346, 28, 8.04%, 0, 0, 3, 14.58
1747826658, 0, 234, 1348, 1346, 28, 8.04%, 0, 0, 3, 14.15
1747826669, 0, 235, 1348, 1346, 28, 8.04%, 0, 0, 3, 14.39
1747826679, 0, 236, 1348, 1346, 28, 8.04%, 0, 0, 3, 14.07
1747826689, 0, 237, 1348, 1346, 28, 8.04%, 0, 0, 3, 14.91
1747826694, 0, 238, 1348, 1346, 28, 8.04%, 0, 0, 3, 14.78
1747826704, 0, 239, 1348, 1346, 28, 8.04%, 0, 0, 3, 13.46
1747826715, 0, 240, 1348, 1346, 28, 8.04%, 0, 0, 3, 13.90
1747826725, 0, 241, 1348, 1346, 28, 8.04%, 0, 0, 3, 13.99
1747826735, 0, 242, 1348, 1346, 28, 8.04%, 0, 0, 3, 15.07
1747826740, 0, 244, 1348, 1346, 28, 8.04%, 0, 0, 3, 14.36
1747826750, 0, 245, 1348, 1346, 28, 8.04%, 0, 0, 3, 13.47
1747826755, 0, 245, 1349, 1347, 28, 8.04%, 0, 0, 3, 12.51
1747826771, 0, 246, 1349, 1347, 28, 8.04%, 0, 0, 3, 14.89
1747826781, 0, 247, 1349, 1347, 28, 8.04%, 0, 0, 3, 14.60
1747826786, 0, 248, 1349, 1347, 28, 8.04%, 0, 0, 3, 13.91
1747826796, 0, 249, 1349, 1347, 28, 8.04%, 0, 0, 3, 13.78
1747826802, 0, 249, 1350, 1348, 28, 8.04%, 0, 0, 3, 15.01
1747826817, 0, 250, 1350, 1348, 28, 8.04%, 0, 0, 3, 15.09
1747826822, 0, 251, 1350, 1348, 28, 8.04%, 0, 0, 3, 14.31
1747826832, 0, 252, 1350, 1348, 28, 8.04%, 0, 0, 3, 14.10
1747826842, 0, 254, 1350, 1348, 28, 8.04%, 0, 0, 3, 14.52
1747826853, 0, 255, 1350, 1348, 28, 8.04%, 0, 0, 3, 13.89
1747826858, 0, 257, 1350, 1348, 28, 8.04%, 0, 0, 3, 14.56
1747826868, 0, 258, 1350, 1348, 28, 8.04%, 0, 0, 3, 14.77
1747826878, 0, 259, 1350, 1348, 28, 8.04%, 0, 0, 3, 14.77
1747826889, 0, 261, 1350, 1348, 28, 8.04%, 0, 0, 3, 13.92
1747826894, 0, 262, 1350, 1348, 28, 8.04%, 0, 0, 3, 15.12
1747826904, 0, 264, 1350, 1348, 28, 8.04%, 0, 0, 3, 13.32
1747826914, 0, 265, 1350, 1348, 28, 8.04%, 0, 0, 3, 13.55
1747826925, 0, 267, 1350, 1348, 28, 8.04%, 0, 0, 3, 14.14
1747826935, 0, 268, 1350, 1348, 28, 8.04%, 0, 0, 3, 13.83
1747826940, 0, 269, 1350, 1348, 28, 8.04%, 0, 0, 3, 14.23
1747826950, 0, 270, 1350, 1348, 28, 8.04%, 0, 0, 3, 14.42
1747826961, 0, 271, 1350, 1348, 28, 8.04%, 0, 0, 3, 13.75
1747826971, 0, 272, 1350, 1348, 28, 8.04%, 0, 0, 3, 14.30
1747826976, 0, 273, 1350, 1348, 28, 8.04%, 0, 0, 3, 14.13
1747826986, 0, 275, 1350, 1348, 28, 8.04%, 0, 0, 3, 13.74
1747826996, 0, 276, 1350, 1348, 28, 8.04%, 0, 0, 3, 13.44
1747827007, 0, 278, 1350, 1348, 28, 8.04%, 0, 0, 3, 13.67
1747827017, 0, 280, 1350, 1348, 28, 8.04%, 0, 0, 3, 14.28
1747827022, 0, 283, 1350, 1348, 28, 8.04%, 0, 0, 3, 14.66
1747827032, 0, 284, 1350, 1348, 28, 8.04%, 0, 0, 3, 14.23
1747827042, 0, 285, 1350, 1348, 28, 8.04%, 0, 0, 3, 15.05
1747827053, 0, 286, 1350, 1348, 28, 8.04%, 0, 0, 3, 15.04
1747827058, 0, 287, 1350, 1348, 28, 8.04%, 0, 0, 3, 15.21
1747827068, 0, 288, 1350, 1348, 28, 8.04%, 0, 0, 3, 13.44
1747827078, 0, 289, 1350, 1348, 28, 8.04%, 0, 0, 3, 14.14
1747827089, 0, 291, 1350, 1348, 28, 8.04%, 0, 0, 3, 14.32
1747827094, 0, 292, 1350, 1348, 28, 8.04%, 0, 0, 3, 14.58
1747827104, 0, 292, 1351, 1349, 28, 8.04%, 0, 0, 3, 14.02
1747827114, 0, 294, 1351, 1349, 28, 8.04%, 0, 0, 3, 14.45
1747827124, 0, 294, 1352, 1350, 28, 8.04%, 0, 0, 3, 14.22
1747827135, 0, 295, 1352, 1350, 28, 8.04%, 0, 0, 3, 14.54
1747827140, 0, 298, 1352, 1350, 28, 8.04%, 0, 0, 3, 13.71
1747827145, 0, 298, 1353, 1351, 28, 8.04%, 0, 0, 3, 12.60
1747827161, 0, 299, 1353, 1351, 28, 8.04%, 0, 0, 3, 15.06
1747827171, 0, 300, 1353, 1351, 28, 8.04%, 0, 0, 3, 14.45
1747827176, 0, 301, 1353, 1351, 28, 8.04%, 0, 0, 3, 14.77
1747827186, 0, 303, 1353, 1351, 28, 8.04%, 0, 0, 3, 14.56
1747827196, 0, 304, 1353, 1351, 28, 8.04%, 0, 0, 3, 14.47
1747827207, 0, 305, 1353, 1351, 28, 8.04%, 0, 0, 3, 13.59
1747827217, 0, 306, 1353, 1351, 28, 8.04%, 0, 0, 3, 13.81
1747827222, 0, 307, 1353, 1351, 28, 8.04%, 0, 0, 3, 13.66
1747827233, 0, 308, 1353, 1351, 28, 8.04%, 0, 0, 3, 14.87
1747827243, 0, 310, 1353, 1351, 28, 8.04%, 0, 0, 3, 14.75
1747827253, 0, 311, 1353, 1351, 28, 8.04%, 0, 0, 3, 14.22
1747827258, 0, 312, 1353, 1351, 28, 8.04%, 0, 0, 3, 14.86
1747827268, 0, 312, 1354, 1352, 28, 8.04%, 0, 0, 3, 13.93
1747827278, 0, 313, 1354, 1352, 28, 8.04%, 0, 0, 3, 14.48
1747827288, 0, 316, 1354, 1352, 28, 8.04%, 0, 0, 3, 14.56
1747827299, 0, 317, 1354, 1352, 28, 8.04%, 0, 0, 3, 15.04
1747827304, 0, 318, 1354, 1352, 28, 8.04%, 0, 0, 3, 14.03
1747827314, 0, 320, 1354, 1352, 28, 8.04%, 0, 0, 3, 14.83
1747827324, 0, 321, 1354, 1352, 28, 8.04%, 0, 0, 3, 13.76
1747827335, 0, 322, 1354, 1352, 28, 8.04%, 0, 0, 3, 13.94
1747827340, 0, 323, 1354, 1352, 28, 8.04%, 0, 0, 3, 13.95
1747827350, 0, 324, 1354, 1352, 28, 8.04%, 0, 0, 3, 14.22
1747827355, 0, 324, 1355, 1353, 28, 8.04%, 0, 0, 3, 13.07
1747827365, 0, 324, 1356, 1354, 28, 8.04%, 0, 0, 3, 12.99
1747827370, 0, 324, 1357, 1355, 28, 8.04%, 0, 0, 3, 13.06
1747827426, 0, 325, 1357, 1355, 28, 8.04%, 0, 0, 3, 14.20
1747827437, 0, 326, 1357, 1355, 28, 8.04%, 0, 0, 3, 14.17
1747827447, 0, 327, 1357, 1355, 28, 8.04%, 0, 0, 3, 13.92
1747827452, 0, 328, 1357, 1355, 28, 8.04%, 0, 0, 3, 14.28
1747827463, 0, 329, 1357, 1355, 28, 8.04%, 0, 0, 3, 14.85
1747827473, 0, 330, 1357, 1355, 28, 8.04%, 0, 0, 3, 13.96
1747827483, 0, 331, 1357, 1355, 28, 8.04%, 0, 0, 3, 12.94
1747827488, 0, 333, 1357, 1355, 28, 8.04%, 0, 0, 3, 14.19
1747827499, 0, 335, 1357, 1355, 28, 8.04%, 0, 0, 3, 14.78
1747827509, 0, 336, 1357, 1355, 28, 8.04%, 0, 0, 3, 14.43
1747827514, 0, 336, 1358, 1356, 28, 8.04%, 0, 0, 3, 13.38
1747827529, 0, 337, 1358, 1356, 28, 8.04%, 0, 0, 3, 13.57
1747827540, 0, 339, 1358, 1356, 28, 8.04%, 0, 0, 3, 14.69
1747827545, 0, 341, 1358, 1356, 28, 8.04%, 0, 0, 3, 14.63
1747827555, 0, 342, 1358, 1356, 28, 8.04%, 0, 0, 3, 13.96
1747827565, 0, 343, 1358, 1356, 28, 8.04%, 0, 0, 3, 14.01
1747827576, 0, 344, 1358, 1356, 28, 8.04%, 0, 0, 3, 14.60
1747827581, 0, 345, 1358, 1356, 28, 8.04%, 0, 0, 3, 14.21
1747827591, 0, 346, 1358, 1356, 28, 8.04%, 0, 0, 3, 14.08
1747827601, 0, 347, 1358, 1356, 28, 8.04%, 0, 0, 3, 14.76
1747827612, 0, 348, 1358, 1356, 28, 8.04%, 0, 0, 3, 14.74
1747827617, 0, 350, 1358, 1356, 28, 8.04%, 0, 0, 3, 13.88
1747827627, 0, 352, 1358, 1356, 28, 8.04%, 0, 0, 3, 14.18
1747827638, 0, 353, 1358, 1356, 28, 8.04%, 0, 0, 3, 14.13
1747827648, 0, 354, 1358, 1356, 28, 8.04%, 0, 0, 3, 14.75
1747827653, 0, 357, 1358, 1356, 28, 8.04%, 0, 0, 3, 14.21
1747827663, 0, 358, 1358, 1356, 28, 8.04%, 0, 0, 3, 14.46
1747827673, 0, 359, 1358, 1356, 28, 8.04%, 0, 0, 3, 14.68
1747827679, 0, 360, 1358, 1356, 28, 8.04%, 0, 0, 3, 14.87
1747827689, 0, 361, 1358, 1356, 28, 8.04%, 0, 0, 3, 14.93
1747827699, 0, 361, 1359, 1357, 28, 8.04%, 0, 0, 3, 13.23
1747827709, 0, 362, 1359, 1357, 28, 8.04%, 0, 0, 3, 13.53
1747827720, 0, 364, 1359, 1357, 28, 8.04%, 0, 0, 3, 13.72
1747827730, 0, 365, 1359, 1357, 28, 8.04%, 0, 0, 3, 14.86
1747827735, 0, 366, 1359, 1357, 28, 8.04%, 0, 0, 3, 14.27
1747827745, 0, 367, 1359, 1357, 28, 8.04%, 0, 0, 3, 13.01
1747827755, 0, 368, 1359, 1357, 28, 8.04%, 0, 0, 3, 14.02
1747827766, 0, 369, 1359, 1357, 28, 8.04%, 0, 0, 3, 14.58
1747827776, 0, 370, 1359, 1357, 28, 8.04%, 0, 0, 3, 13.94
1747827781, 0, 372, 1359, 1357, 28, 8.04%, 0, 0, 3, 14.81
1747827791, 0, 373, 1359, 1357, 28, 8.04%, 0, 0, 3, 13.52
1747827802, 0, 374, 1359, 1357, 28, 8.04%, 0, 0, 3, 14.36
1747827812, 0, 375, 1359, 1357, 28, 8.04%, 0, 0, 3, 14.03
1747827817, 0, 376, 1359, 1357, 28, 8.04%, 0, 0, 3, 14.36
1747827827, 0, 377, 1359, 1357, 28, 8.04%, 0, 0, 3, 14.71
1747827837, 0, 378, 1359, 1357, 28, 8.04%, 0, 0, 3, 14.24
1747827848, 0, 379, 1359, 1357, 28, 8.04%, 0, 0, 3, 13.95
1747827853, 0, 380, 1359, 1357, 28, 8.04%, 0, 0, 3, 13.82
1747827863, 0, 381, 1359, 1357, 28, 8.04%, 0, 0, 3, 14.67
1747827873, 0, 382, 1359, 1357, 28, 8.04%, 0, 0, 3, 13.97
1747827883, 0, 383, 1359, 1357, 28, 8.04%, 0, 0, 3, 14.69
1747827893, 0, 385, 1359, 1357, 28, 8.04%, 0, 0, 3, 14.42
1747827898, 0, 387, 1359, 1357, 28, 8.04%, 0, 0, 3, 14.54
1747827909, 0, 388, 1359, 1357, 28, 8.04%, 0, 0, 3, 13.04
1747827919, 0, 391, 1359, 1357, 28, 8.04%, 0, 0, 3, 13.54
1747827929, 0, 392, 1359, 1357, 28, 8.04%, 0, 0, 3, 15.33
1747827934, 0, 393, 1359, 1357, 28, 8.04%, 0, 0, 3, 14.32
1747827944, 0, 394, 1359, 1357, 28, 8.04%, 0, 0, 3, 14.09
1747827954, 0, 395, 1359, 1357, 28, 8.04%, 0, 0, 3, 14.11
1747827964, 0, 396, 1359, 1357, 28, 8.04%, 0, 0, 3, 13.66
1747827970, 0, 398, 1359, 1357, 28, 8.04%, 0, 0, 3, 15.36
1747827980, 0, 399, 1359, 1357, 28, 8.04%, 0, 0, 3, 13.55
1747827990, 0, 400, 1359, 1357, 28, 8.04%, 0, 0, 3, 14.52
1747828000, 0, 401, 1359, 1357, 28, 8.04%, 0, 0, 3, 13.68
1747828011, 0, 402, 1359, 1357, 28, 8.04%, 0, 0, 3, 14.88
1747828016, 0, 403, 1359, 1357, 28, 8.04%, 0, 0, 3, 14.60
1747828026, 0, 405, 1359, 1357, 28, 8.04%, 0, 0, 3, 15.37
1747828036, 0, 406, 1359, 1357, 28, 8.04%, 0, 0, 3, 14.29
1747828047, 0, 407, 1359, 1357, 28, 8.04%, 0, 0, 3, 14.80
1747828052, 0, 408, 1359, 1357, 28, 8.04%, 0, 0, 3, 14.64
1747828062, 0, 409, 1359, 1357, 28, 8.04%, 0, 0, 3, 13.72
1747828072, 0, 410, 1359, 1357, 28, 8.04%, 0, 0, 3, 14.46
1747828082, 0, 411, 1359, 1357, 28, 8.04%, 0, 0, 3, 14.76
1747828088, 0, 412, 1359, 1357, 28, 8.04%, 0, 0, 3, 14.11
1747828098, 0, 413, 1359, 1357, 28, 8.04%, 0, 0, 3, 13.70
1747828108, 0, 414, 1359, 1357, 28, 8.04%, 0, 0, 3, 14.25
1747828118, 0, 415, 1359, 1357, 28, 8.04%, 0, 0, 3, 13.93
1747828129, 0, 416, 1359, 1357, 28, 8.04%, 0, 0, 3, 14.78
1747828134, 0, 417, 1359, 1357, 28, 8.04%, 0, 0, 3, 13.67
1747828144, 0, 418, 1359, 1357, 28, 8.04%, 0, 0, 3, 14.06
1747828149, 0, 418, 1360, 1358, 28, 8.04%, 0, 0, 3, 12.95
1747828164, 0, 419, 1360, 1358, 28, 8.04%, 0, 0, 3, 14.60
1747828174, 0, 420, 1360, 1358, 28, 8.04%, 0, 0, 3, 15.15
1747828180, 0, 421, 1360, 1358, 28, 8.04%, 0, 0, 3, 14.13
1747828190, 0, 422, 1360, 1358, 28, 8.04%, 0, 0, 3, 14.73
1747828200, 0, 423, 1360, 1358, 28, 8.04%, 0, 0, 3, 14.44
1747828210, 0, 424, 1360, 1358, 28, 8.04%, 0, 0, 3, 13.69
1747828216, 0, 425, 1360, 1358, 28, 8.04%, 0, 0, 3, 14.88
1747828226, 0, 426, 1360, 1358, 28, 8.04%, 0, 0, 3, 13.73
1747828236, 0, 427, 1360, 1358, 28, 8.04%, 0, 0, 3, 14.45
1747828246, 0, 428, 1360, 1358, 28, 8.04%, 0, 0, 3, 14.15
1747828251, 0, 430, 1360, 1358, 28, 8.04%, 0, 0, 3, 14.42
1747828262, 0, 431, 1360, 1358, 28, 8.04%, 0, 0, 3, 14.53
1747828272, 0, 432, 1360, 1358, 28, 8.04%, 0, 0, 3, 14.87
1747828277, 0, 433, 1360, 1358, 28, 8.04%, 0, 0, 3, 14.37
1747828287, 0, 434, 1360, 1358, 28, 8.04%, 0, 0, 3, 13.91
1747828298, 0, 435, 1360, 1358, 28, 8.04%, 0, 0, 3, 13.72
1747828308, 0, 436, 1360, 1358, 28, 8.04%, 0, 0, 3, 14.64
1747828318, 0, 438, 1360, 1358, 28, 8.04%, 0, 0, 3, 14.64
1747828323, 0, 439, 1360, 1358, 28, 8.04%, 0, 0, 3, 14.27
1747828333, 0, 441, 1360, 1358, 28, 8.04%, 0, 0, 3, 14.42
1747828344, 0, 442, 1360, 1358, 28, 8.04%, 0, 0, 3, 14.51
1747828349, 0, 443, 1360, 1358, 28, 8.04%, 0, 0, 3, 14.37
1747828359, 0, 444, 1360, 1358, 28, 8.04%, 0, 0, 3, 13.59
1747828369, 0, 445, 1360, 1358, 28, 8.04%, 0, 0, 3, 14.56
1747828379, 0, 447, 1360, 1358, 28, 8.04%, 0, 0, 3, 14.80
1747828389, 0, 448, 1360, 1358, 28, 8.04%, 0, 0, 3, 15.01
1747828394, 0, 450, 1360, 1358, 28, 8.04%, 0, 0, 3, 14.73
1747828404, 0, 452, 1360, 1358, 28, 8.04%, 0, 0, 3, 12.73
1747828410, 0, 452, 1361, 1359, 28, 8.04%, 0, 0, 3, 12.92
1747828420, 0, 452, 1362, 1360, 28, 8.04%, 0, 0, 3, 14.04
1747828430, 0, 452, 1363, 1361, 28, 8.04%, 0, 0, 3, 13.00
1747828440, 0, 452, 1364, 1362, 28, 8.08%, 0, 0, 3, 13.15
1747828456, 0, 452, 1365, 1363, 28, 8.08%, 0, 0, 3, 13.10
1747828466, 0, 452, 1366, 1364, 28, 8.08%, 0, 0, 3, 12.74
1747828486, 0, 452, 1368, 1366, 28, 8.08%, 0, 0, 3, 13.07
1747828707, 0, 453, 1368, 1366, 26, 8.08%, 0, 0, 3, 14.24
1747828717, 0, 454, 1368, 1366, 26, 8.08%, 0, 0, 3, 14.34
1747828727, 0, 455, 1368, 1366, 26, 8.08%, 0, 0, 3, 14.96
1747828737, 0, 456, 1368, 1366, 26, 8.08%, 0, 0, 3, 13.54
1747828747, 0, 458, 1368, 1366, 26, 8.08%, 0, 0, 3, 14.07
1747828752, 0, 458, 1369, 1367, 26, 8.08%, 0, 0, 3, 12.76
1747828757, 0, 458, 1370, 1368, 26, 8.08%, 0, 0, 3, 12.31
1747828762, 0, 458, 1371, 1369, 26, 8.08%, 0, 0, 3, 12.88
1747828793, 0, 458, 1372, 1370, 26, 8.08%, 0, 0, 3, 12.55
1747828809, 0, 458, 1373, 1371, 26, 8.08%, 0, 0, 3, 13.24
1747828819, 0, 458, 1374, 1372, 26, 8.08%, 0, 0, 3, 13.73
1747828829, 0, 458, 1375, 1373, 26, 8.09%, 0, 0, 3, 13.42
1747828839, 0, 458, 1376, 1374, 26, 8.09%, 0, 0, 3, 13.63
1747828921, 0, 458, 1377, 1375, 26, 8.09%, 0, 0, 3, 12.34
1747829019, 0, 458, 1378, 1376, 26, 8.09%, 0, 0, 3, 12.92
1747829055, 0, 460, 1378, 1376, 28, 8.09%, 0, 0, 3, 13.99
1747829065, 0, 461, 1378, 1376, 28, 8.09%, 0, 0, 3, 13.33
1747829075, 0, 462, 1378, 1376, 28, 8.09%, 0, 0, 3, 14.07
1747829080, 0, 462, 1379, 1377, 28, 8.09%, 0, 0, 3, 14.25
1747829096, 0, 464, 1379, 1377, 28, 8.09%, 0, 0, 3, 13.88
1747829101, 0, 468, 1379, 1377, 28, 8.09%, 0, 0, 3, 14.06
1747829111, 0, 469, 1380, 1378, 28, 8.13%, 0, 0, 3, 13.99
1747829126, 0, 469, 1381, 1379, 28, 8.13%, 0, 0, 3, 13.53
1747829152, 0, 470, 1381, 1379, 28, 8.13%, 0, 0, 3, 13.98
1747829162, 0, 471, 1381, 1379, 28, 8.13%, 0, 0, 3, 13.98
1747829172, 0, 474, 1381, 1379, 28, 8.13%, 0, 0, 3, 14.73
1747829177, 0, 475, 1381, 1379, 28, 8.13%, 0, 0, 3, 13.16
1747829188, 0, 476, 1381, 1379, 28, 8.13%, 0, 0, 3, 14.42
1747829198, 0, 477, 1381, 1379, 28, 8.13%, 0, 0, 3, 14.49
1747829208, 0, 478, 1383, 1381, 28, 8.13%, 0, 0, 3, 11.90
1747829213, 0, 478, 1385, 1383, 28, 8.13%, 0, 0, 3, 12.82
1747829218, 0, 478, 1386, 1384, 28, 8.13%, 0, 0, 3, 14.15
1747829224, 0, 478, 1387, 1385, 28, 8.13%, 0, 0, 3, 14.32
1747829377, 0, 478, 1388, 1386, 28, 8.13%, 0, 0, 3, 14.74
1747829428, 0, 478, 1389, 1387, 28, 8.13%, 0, 0, 3, 13.97
1747829490, 0, 478, 1391, 1389, 28, 8.13%, 0, 0, 3, 12.52
1747829505, 0, 480, 1391, 1389, 28, 8.13%, 0, 0, 3, 13.56
1747829515, 0, 482, 1392, 1390, 28, 8.13%, 0, 0, 3, 12.48
1747829526, 0, 482, 1393, 1391, 28, 8.13%, 0, 0, 3, 12.66
1747829541, 0, 482, 1394, 1392, 28, 8.13%, 0, 0, 3, 12.75
1747829561, 0, 482, 1396, 1394, 28, 8.13%, 0, 0, 3, 12.21
1747829659, 0, 482, 1397, 1395, 28, 8.13%, 0, 0, 3, 13.82
1747829664, 0, 482, 1398, 1396, 28, 8.13%, 0, 0, 3, 13.02
1747829700, 0, 482, 1399, 1397, 28, 8.13%, 0, 0, 3, 12.76
1747829741, 0, 482, 1400, 1398, 28, 8.13%, 0, 0, 3, 13.72
1747829787, 0, 482, 1401, 1399, 28, 8.13%, 0, 0, 3, 13.17
1747829822, 0, 485, 1401, 1399, 29, 8.13%, 0, 0, 3, 13.39
1747829833, 0, 486, 1401, 1399, 29, 8.13%, 0, 0, 3, 14.02
1747829843, 0, 487, 1401, 1399, 29, 8.13%, 0, 0, 3, 13.92
1747829853, 0, 488, 1402, 1400, 29, 8.13%, 0, 0, 3, 12.44
1747829869, 0, 488, 1403, 1401, 29, 8.13%, 0, 0, 3, 13.02
1747829879, 0, 488, 1404, 1402, 29, 8.13%, 0, 0, 3, 14.67
1747829884, 0, 488, 1405, 1403, 29, 8.13%, 0, 0, 3, 13.27
1747829899, 0, 488, 1406, 1404, 29, 8.13%, 0, 0, 3, 12.81
1747830027, 0, 488, 1407, 1405, 29, 8.13%, 0, 0, 3, 12.86
1747830145, 0, 489, 1407, 1405, 29, 8.13%, 0, 0, 3, 14.45
1747830155, 0, 491, 1407, 1405, 29, 8.13%, 0, 0, 3, 14.98
1747830166, 0, 492, 1407, 1405, 29, 8.13%, 0, 0, 3, 14.63
1747830171, 0, 493, 1407, 1405, 29, 8.13%, 0, 0, 3, 14.33
1747830181, 0, 496, 1407, 1405, 29, 8.13%, 0, 0, 3, 14.08
1747830192, 0, 497, 1407, 1405, 29, 8.13%, 0, 0, 3, 14.52
1747830202, 0, 498, 1407, 1405, 29, 8.13%, 0, 0, 3, 13.80
1747830212, 0, 499, 1408, 1406, 29, 8.13%, 0, 0, 3, 14.02
1747830227, 0, 499, 1410, 1408, 29, 8.13%, 0, 0, 3, 13.17
1747830248, 0, 499, 1411, 1409, 29, 8.14%, 0, 0, 3, 13.52
1747830258, 0, 499, 1412, 1410, 29, 8.14%, 0, 0, 3, 12.63
1747830304, 0, 499, 1413, 1411, 29, 8.14%, 0, 0, 3, 13.07
1747830381, 0, 499, 1414, 1412, 29, 8.14%, 0, 0, 3, 13.92
1747830453, 0, 499, 1415, 1413, 29, 8.14%, 0, 0, 3, 12.66
1747830494, 0, 499, 1416, 1414, 29, 8.14%, 0, 0, 3, 12.24
1747830504, 0, 499, 1417, 1415, 29, 8.14%, 0, 0, 3, 13.50
1747830519, 0, 500, 1417, 1415, 30, 8.14%, 0, 0, 3, 13.96
1747830524, 0, 501, 1417, 1415, 30, 8.14%, 0, 0, 3, 13.83
1747830535, 0, 502, 1417, 1415, 30, 8.14%, 0, 0, 3, 14.24
1747830545, 0, 504, 1417, 1415, 30, 8.14%, 0, 0, 3, 12.26
1747830555, 0, 507, 1417, 1415, 30, 8.14%, 0, 0, 3, 14.26
1747830565, 0, 508, 1418, 1416, 30, 8.14%, 0, 0, 3, 13.33
1747830581, 0, 509, 1418, 1416, 30, 8.14%, 0, 0, 3, 13.01
1747830591, 0, 510, 1418, 1416, 30, 8.14%, 0, 0, 3, 13.96
1747830601, 0, 511, 1418, 1416, 30, 8.14%, 0, 0, 3, 13.79
1747830611, 0, 512, 1418, 1416, 30, 8.14%, 0, 0, 3, 14.73
1747830621, 0, 513, 1418, 1416, 30, 8.14%, 0, 0, 3, 14.08
1747830631, 0, 514, 1418, 1416, 30, 8.14%, 0, 0, 3, 13.23
1747830637, 0, 514, 1419, 1417, 30, 8.14%, 0, 0, 3, 11.77
1747830652, 0, 517, 1419, 1417, 28, 8.14%, 0, 0, 3, 13.55
1747830657, 0, 518, 1419, 1417, 28, 8.14%, 0, 0, 3, 15.20
1747830667, 0, 520, 1419, 1417, 28, 8.14%, 0, 0, 3, 13.83
1747830678, 0, 521, 1419, 1417, 28, 8.14%, 0, 0, 3, 12.91
1747830688, 0, 522, 1419, 1417, 28, 8.14%, 0, 0, 3, 14.15
1747830698, 0, 523, 1419, 1417, 28, 8.14%, 0, 0, 3, 13.85
1747830708, 0, 524, 1419, 1417, 28, 8.14%, 0, 0, 3, 13.46
1747830713, 0, 525, 1419, 1417, 28, 8.14%, 0, 0, 3, 13.77
1747830724, 0, 527, 1419, 1417, 28, 8.14%, 0, 0, 3, 13.71
1747830734, 0, 528, 1419, 1417, 28, 8.14%, 0, 0, 3, 13.19
1747830744, 0, 530, 1419, 1417, 28, 8.14%, 0, 0, 3, 13.21
1747830754, 0, 531, 1419, 1417, 28, 8.14%, 0, 0, 3, 13.84
1747830765, 0, 532, 1419, 1417, 28, 8.14%, 0, 0, 3, 13.74
1747830775, 0, 533, 1420, 1418, 28, 8.20%, 0, 0, 3, 11.92
1747830785, 0, 533, 1421, 1419, 28, 8.20%, 0, 0, 3, 12.86
1747830796, 0, 533, 1422, 1420, 28, 8.20%, 0, 0, 3, 13.55
1747830811, 0, 533, 1423, 1421, 28, 8.20%, 0, 0, 3, 12.37
1747830816, 0, 533, 1424, 1422, 28, 8.20%, 0, 0, 3, 12.70
1747830867, 0, 533, 1425, 1423, 28, 8.20%, 0, 0, 3, 12.95
1747830878, 0, 533, 1426, 1424, 28, 8.20%, 0, 0, 3, 13.33
1747830954, 0, 533, 1427, 1425, 28, 8.20%, 0, 0, 3, 11.79
1747830964, 0, 533, 1428, 1426, 28, 8.20%, 0, 0, 3, 13.01
1747831026, 0, 533, 1429, 1427, 28, 8.20%, 0, 0, 3, 12.82
1747831041, 0, 533, 1430, 1428, 28, 8.20%, 0, 0, 3, 13.79
1747831092, 0, 535, 1430, 1428, 28, 8.20%, 0, 0, 3, 12.95
1747831102, 0, 536, 1430, 1428, 28, 8.20%, 0, 0, 3, 13.54
1747831112, 0, 538, 1430, 1428, 28, 8.20%, 0, 0, 3, 13.36
1747831122, 0, 539, 1430, 1428, 28, 8.20%, 0, 0, 3, 14.08
1747831133, 0, 540, 1430, 1428, 28, 8.20%, 0, 0, 3, 14.15
1747831138, 0, 541, 1430, 1428, 28, 8.20%, 0, 0, 3, 12.65
1747831143, 0, 541, 1431, 1429, 28, 8.20%, 0, 0, 3, 12.75
1747831163, 0, 542, 1431, 1429, 28, 8.20%, 0, 0, 3, 13.51
1747831168, 0, 543, 1431, 1429, 28, 8.20%, 0, 0, 3, 12.71
1747831174, 0, 543, 1432, 1430, 28, 8.20%, 0, 0, 3, 12.40
1747831179, 0, 543, 1433, 1431, 28, 8.20%, 0, 0, 3, 12.29
1747831209, 0, 544, 1433, 1431, 28, 8.20%, 0, 0, 3, 13.17
1747831220, 0, 545, 1433, 1431, 28, 8.20%, 0, 0, 3, 13.60
1747831230, 0, 546, 1433, 1431, 28, 8.20%, 0, 0, 3, 14.01
1747831240, 0, 547, 1433, 1431, 28, 8.20%, 0, 0, 3, 13.40
1747831250, 0, 549, 1433, 1431, 28, 8.20%, 0, 0, 3, 14.25
1747831256, 0, 550, 1433, 1431, 28, 8.20%, 0, 0, 3, 13.20
1747831266, 0, 551, 1433, 1431, 28, 8.20%, 0, 0, 3, 13.11
1747831276, 0, 552, 1433, 1431, 28, 8.20%, 0, 0, 3, 13.66
1747831286, 0, 553, 1433, 1431, 28, 8.20%, 0, 0, 3, 12.70
1747831297, 0, 554, 1433, 1431, 28, 8.20%, 0, 0, 3, 14.58
1747831307, 0, 557, 1433, 1431, 28, 8.20%, 0, 0, 3, 13.76
1747831312, 0, 558, 1433, 1431, 28, 8.20%, 0, 0, 3, 13.14
1747831322, 0, 559, 1433, 1431, 28, 8.20%, 0, 0, 3, 13.71
1747831327, 0, 559, 1434, 1432, 28, 8.20%, 0, 0, 3, 12.00
1747831332, 0, 559, 1435, 1433, 28, 8.20%, 0, 0, 3, 12.46
1747831363, 0, 561, 1435, 1433, 28, 8.20%, 0, 0, 3, 12.71
1747831373, 0, 563, 1435, 1433, 28, 8.20%, 0, 0, 3, 13.69
1747831383, 0, 566, 1435, 1433, 28, 8.20%, 0, 0, 3, 13.13
1747831394, 0, 567, 1435, 1433, 28, 8.20%, 0, 0, 3, 14.31
1747831404, 0, 569, 1435, 1433, 28, 8.20%, 0, 0, 3, 13.24
1747831414, 0, 570, 1435, 1433, 28, 8.20%, 0, 0, 3, 13.99
1747831419, 0, 572, 1435, 1433, 28, 8.20%, 0, 0, 3, 14.36
1747831430, 0, 574, 1435, 1433, 28, 8.20%, 0, 0, 3, 13.93
1747831440, 0, 575, 1435, 1433, 28, 8.20%, 0, 0, 3, 13.56
1747831450, 0, 576, 1435, 1433, 28, 8.20%, 0, 0, 3, 13.76
1747831460, 0, 577, 1436, 1434, 28, 8.20%, 0, 0, 3, 12.69
1747831481, 0, 579, 1436, 1434, 28, 8.20%, 0, 0, 3, 13.69
1747831492, 0, 580, 1437, 1435, 28, 8.20%, 0, 0, 3, 12.08
1747831507, 0, 580, 1438, 1436, 28, 8.20%, 0, 0, 3, 12.77
1747831533, 0, 581, 1438, 1436, 28, 8.20%, 0, 0, 3, 12.75
1747831538, 0, 582, 1438, 1436, 28, 8.20%, 0, 0, 3, 13.62
1747831543, 0, 582, 1439, 1437, 28, 8.20%, 0, 0, 3, 12.25
1747831558, 0, 584, 1439, 1437, 28, 8.20%, 0, 0, 3, 12.86
1747831563, 0, 584, 1440, 1438, 28, 8.20%, 0, 0, 3, 12.05
1747831579, 0, 587, 1440, 1438, 28, 8.20%, 0, 0, 3, 12.99
1747831589, 0, 588, 1440, 1438, 28, 8.20%, 0, 0, 3, 13.58
1747831600, 0, 589, 1441, 1439, 28, 8.20%, 0, 0, 3, 11.79
1747831620, 0, 590, 1441, 1439, 28, 8.20%, 0, 0, 3, 14.78
1747831630, 0, 591, 1441, 1439, 28, 8.20%, 0, 0, 3, 14.36
1747831640, 0, 592, 1441, 1439, 28, 8.20%, 0, 0, 3, 12.85
1747831650, 0, 593, 1441, 1439, 28, 8.20%, 0, 0, 3, 14.30
1747831655, 0, 594, 1441, 1439, 28, 8.20%, 0, 0, 3, 14.16
1747831666, 0, 595, 1441, 1439, 28, 8.20%, 0, 0, 3, 13.07
1747831676, 0, 596, 1441, 1439, 28, 8.20%, 0, 0, 3, 12.77
1747831686, 0, 597, 1441, 1439, 28, 8.20%, 0, 0, 3, 14.43
1747831696, 0, 598, 1441, 1439, 28, 8.20%, 0, 0, 3, 13.57
1747831706, 0, 600, 1441, 1439, 28, 8.20%, 0, 0, 3, 13.90
1747831712, 0, 601, 1441, 1439, 28, 8.20%, 0, 0, 3, 13.26
1747831722, 0, 601, 1442, 1440, 28, 8.20%, 0, 0, 3, 12.11
1747831732, 0, 601, 1443, 1441, 28, 8.20%, 0, 0, 3, 12.64
1747831752, 0, 602, 1443, 1441, 28, 8.20%, 0, 0, 3, 13.73
1747831763, 0, 604, 1443, 1441, 28, 8.20%, 0, 0, 3, 14.18
1747831773, 0, 605, 1443, 1441, 28, 8.20%, 0, 0, 3, 13.40
1747831783, 0, 608, 1443, 1441, 28, 8.20%, 0, 0, 3, 13.50
1747831793, 0, 609, 1443, 1441, 28, 8.20%, 0, 0, 3, 14.13
1747831803, 0, 610, 1443, 1441, 28, 8.20%, 0, 0, 3, 13.29
1747831809, 0, 611, 1443, 1441, 28, 8.20%, 0, 0, 3, 13.13
1747831819, 0, 612, 1443, 1441, 28, 8.20%, 0, 0, 3, 15.31
1747831829, 0, 613, 1443, 1441, 28, 8.20%, 0, 0, 3, 14.29
1747831839, 0, 614, 1443, 1441, 28, 8.20%, 0, 0, 3, 14.30
1747831845, 0, 615, 1443, 1441, 28, 8.20%, 0, 0, 3, 14.29
1747831850, 0, 615, 1444, 1442, 28, 8.20%, 0, 0, 3, 11.71
1747831865, 0, 616, 1444, 1442, 28, 8.20%, 0, 0, 3, 13.20
1747831875, 0, 616, 1445, 1443, 28, 8.20%, 0, 0, 3, 11.71
1747831885, 0, 616, 1447, 1445, 28, 8.20%, 0, 0, 3, 12.43
1747831947, 0, 617, 1447, 1445, 28, 8.20%, 0, 0, 3, 13.62
1747831957, 0, 618, 1447, 1445, 28, 8.20%, 0, 0, 3, 13.50
1747831962, 0, 620, 1447, 1445, 28, 8.20%, 0, 0, 3, 14.26
1747831972, 0, 621, 1447, 1445, 28, 8.20%, 0, 0, 3, 13.40
1747831983, 0, 623, 1447, 1445, 28, 8.20%, 0, 0, 3, 12.99
1747831993, 0, 625, 1447, 1445, 28, 8.20%, 0, 0, 3, 14.58
1747832003, 0, 626, 1447, 1445, 28, 8.20%, 0, 0, 3, 12.86
1747832013, 0, 627, 1447, 1445, 28, 8.20%, 0, 0, 3, 12.38
1747832024, 0, 628, 1447, 1445, 28, 8.20%, 0, 0, 3, 12.94
1747832029, 0, 628, 1448, 1446, 28, 8.20%, 0, 0, 3, 12.09
1747832039, 0, 628, 1449, 1447, 28, 8.20%, 0, 0, 3, 11.89
1747832054, 0, 628, 1450, 1448, 28, 8.20%, 0, 0, 3, 12.48
1747832095, 0, 628, 1451, 1449, 28, 8.20%, 0, 0, 3, 11.33
1747832105, 0, 628, 1452, 1450, 28, 8.20%, 0, 0, 3, 12.66
1747832131, 0, 628, 1453, 1451, 28, 8.26%, 0, 0, 3, 13.24
1747832341, 0, 629, 1453, 1451, 28, 8.26%, 0, 0, 3, 13.57
1747832351, 0, 630, 1453, 1451, 28, 8.26%, 0, 0, 3, 13.26
1747832361, 0, 632, 1454, 1452, 28, 8.26%, 0, 0, 3, 12.51
1747832377, 0, 632, 1455, 1453, 28, 8.35%, 0, 0, 3, 12.54
1747832382, 0, 632, 1456, 1454, 28, 8.35%, 0, 0, 3, 11.78
1747832407, 0, 632, 1457, 1455, 28, 8.35%, 0, 0, 3, 12.64
1747832423, 0, 632, 1458, 1456, 28, 8.35%, 0, 0, 3, 12.07
1747832469, 0, 632, 1459, 1457, 28, 8.35%, 0, 0, 3, 12.44
1747832490, 0, 632, 1460, 1458, 28, 8.35%, 0, 0, 3, 12.62
1747832561, 0, 632, 1461, 1459, 28, 8.35%, 0, 0, 3, 12.68
1747832612, 0, 632, 1462, 1460, 28, 8.35%, 0, 0, 3, 13.17
1747832679, 0, 633, 1462, 1460, 30, 8.35%, 0, 0, 3, 13.70
1747832689, 0, 634, 1462, 1460, 30, 8.35%, 0, 0, 3, 13.87
1747832699, 0, 635, 1462, 1460, 30, 8.35%, 0, 0, 3, 13.27
1747832704, 0, 635, 1463, 1461, 30, 8.35%, 0, 0, 3, 12.70
1747832719, 0, 637, 1463, 1461, 30, 8.35%, 0, 0, 3, 14.12
1747832730, 0, 638, 1463, 1461, 30, 8.35%, 0, 0, 3, 14.11
1747832740, 0, 640, 1463, 1461, 30, 8.35%, 0, 0, 3, 13.42
1747832750, 0, 641, 1463, 1461, 30, 8.35%, 0, 0, 3, 13.27
1747832756, 0, 642, 1463, 1461, 30, 8.35%, 0, 0, 3, 13.06
1747832766, 0, 642, 1464, 1462, 30, 8.35%, 0, 0, 3, 11.87
1747832776, 0, 643, 1464, 1462, 30, 8.35%, 0, 0, 3, 13.71
1747832786, 0, 644, 1464, 1462, 30, 8.35%, 0, 0, 3, 13.84
1747832796, 0, 645, 1464, 1462, 30, 8.35%, 0, 0, 3, 13.16
1747832807, 0, 646, 1464, 1462, 30, 8.35%, 0, 0, 3, 12.83
1747832817, 0, 647, 1466, 1464, 30, 8.36%, 0, 0, 3, 12.04
1747832837, 0, 647, 1467, 1465, 30, 8.36%, 0, 0, 3, 12.11
1747832848, 0, 647, 1468, 1466, 30, 8.36%, 0, 0, 3, 12.17
1747832904, 0, 647, 1469, 1467, 30, 8.36%, 0, 0, 3, 12.13
1747832956, 0, 647, 1470, 1468, 30, 8.36%, 0, 0, 3, 12.55
1747832966, 0, 647, 1471, 1469, 30, 8.36%, 0, 0, 3, 11.76
1747832971, 0, 647, 1472, 1470, 30, 8.38%, 0, 0, 3, 12.19
1747833043, 0, 647, 1473, 1471, 30, 8.38%, 0, 0, 3, 11.82
1747833120, 0, 647, 1474, 1472, 30, 8.38%, 0, 0, 3, 12.53
1747833130, 0, 647, 1475, 1473, 30, 8.38%, 0, 0, 3, 12.26
1747833140, 0, 649, 1475, 1473, 32, 8.38%, 0, 0, 3, 13.16
1747833145, 0, 649, 1476, 1474, 32, 8.38%, 0, 0, 3, 12.75
1747833161, 0, 651, 1476, 1474, 32, 8.38%, 0, 0, 3, 12.10
1747833171, 0, 652, 1476, 1474, 32, 8.38%, 0, 0, 3, 13.63
1747833181, 0, 653, 1477, 1475, 32, 8.38%, 0, 0, 3, 12.46
1747833202, 0, 654, 1477, 1475, 32, 8.38%, 0, 0, 3, 13.37
1747833212, 0, 655, 1477, 1475, 32, 8.38%, 0, 0, 3, 13.58
1747833217, 0, 655, 1478, 1476, 32, 8.38%, 0, 0, 3, 11.55
1747833233, 0, 656, 1478, 1476, 32, 8.38%, 0, 0, 3, 12.73
1747833243, 0, 657, 1478, 1476, 32, 8.38%, 0, 0, 3, 12.07
1747833253, 0, 658, 1478, 1476, 32, 8.38%, 0, 0, 3, 12.84
1747833258, 0, 658, 1479, 1477, 32, 8.38%, 0, 0, 3, 12.64
1747833274, 0, 659, 1479, 1477, 32, 8.38%, 0, 0, 3, 13.02
1747833284, 0, 660, 1479, 1477, 32, 8.38%, 0, 0, 3, 13.01
1747833294, 0, 661, 1479, 1477, 32, 8.38%, 0, 0, 3, 13.07
1747833305, 0, 662, 1479, 1477, 32, 8.38%, 0, 0, 3, 12.20
1747833315, 0, 663, 1479, 1477, 32, 8.38%, 0, 0, 3, 13.60
1747833325, 0, 664, 1480, 1478, 32, 8.38%, 0, 0, 3, 12.45
1747833345, 0, 665, 1480, 1478, 32, 8.38%, 0, 0, 3, 12.67
1747833355, 0, 666, 1480, 1478, 32, 8.38%, 0, 0, 3, 12.50
1747833366, 0, 667, 1480, 1478, 32, 8.38%, 0, 0, 3, 13.85
1747833371, 0, 668, 1480, 1478, 32, 8.38%, 0, 0, 3, 12.64
1747833376, 0, 668, 1481, 1479, 32, 8.38%, 0, 0, 3, 11.97
1747833396, 0, 669, 1483, 1481, 32, 8.38%, 0, 0, 3, 12.10
1747833432, 0, 669, 1484, 1482, 32, 8.38%, 0, 0, 3, 12.12
1747833473, 0, 670, 1484, 1482, 32, 8.38%, 0, 0, 3, 13.65
1747833483, 0, 671, 1484, 1482, 32, 8.38%, 0, 0, 3, 13.83
1747833488, 0, 671, 1485, 1483, 32, 8.38%, 0, 0, 3, 11.98
1747833493, 0, 671, 1486, 1484, 32, 8.38%, 0, 0, 3, 12.34
1747833509, 0, 671, 1488, 1486, 32, 8.38%, 0, 0, 3, 12.08
1747833571, 0, 671, 1489, 1487, 32, 8.38%, 0, 0, 3, 12.49
1747833647, 0, 671, 1490, 1488, 32, 8.38%, 0, 0, 3, 11.87
1747833653, 0, 671, 1491, 1489, 32, 8.38%, 0, 0, 3, 11.97
1747833683, 0, 671, 1492, 1490, 32, 8.38%, 0, 0, 3, 11.37
1747833714, 0, 671, 1493, 1491, 32, 8.38%, 0, 0, 3, 12.26
1747833781, 0, 671, 1494, 1492, 32, 8.38%, 0, 0, 3, 12.45
1747833807, 0, 671, 1495, 1493, 32, 8.38%, 0, 0, 3, 12.00
1747833817, 0, 674, 1495, 1493, 33, 8.38%, 0, 0, 3, 13.52
1747833827, 0, 675, 1495, 1493, 33, 8.38%, 0, 0, 3, 13.03
1747833838, 0, 677, 1496, 1494, 33, 8.38%, 0, 0, 3, 11.00
1747833858, 0, 679, 1496, 1494, 33, 8.38%, 0, 0, 3, 13.53
1747833869, 0, 680, 1496, 1494, 33, 8.38%, 0, 0, 3, 13.53
1747833879, 0, 681, 1496, 1494, 33, 8.38%, 0, 0, 3, 12.72
1747833889, 0, 682, 1496, 1494, 33, 8.38%, 0, 0, 3, 12.16
1747833899, 0, 683, 1496, 1494, 33, 8.38%, 0, 0, 3, 11.50
1747833909, 0, 685, 1496, 1494, 33, 8.38%, 0, 0, 3, 13.31
1747833919, 0, 686, 1496, 1494, 33, 8.38%, 0, 0, 3, 12.29
1747833930, 0, 687, 1496, 1494, 33, 8.38%, 0, 0, 3, 12.28
1747833935, 0, 687, 1497, 1495, 33, 8.38%, 0, 0, 3, 11.47
1747833955, 0, 688, 1497, 1495, 33, 8.38%, 0, 0, 3, 18.84
1747835650, 0, 690, 1497, 1494, 32, 8.38%, 0, 0, 3, 15.13
1747835660, 0, 692, 1497, 1494, 32, 8.38%, 0, 0, 3, 13.23
1747835671, 0, 693, 1497, 1494, 32, 8.38%, 0, 0, 3, 12.58
1747835681, 0, 694, 1497, 1494, 32, 8.38%, 0, 0, 3, 14.64
1747835686, 0, 694, 1498, 1495, 32, 8.39%, 0, 0, 3, 12.01
1747835701, 0, 695, 1498, 1495, 32, 8.39%, 0, 0, 3, 12.28
1747835711, 0, 701, 1498, 1495, 32, 8.39%, 0, 0, 3, 12.82
1747835722, 0, 702, 1498, 1495, 32, 8.39%, 0, 0, 3, 12.24
1747835732, 0, 706, 1498, 1495, 32, 8.39%, 0, 0, 3, 12.94
1747835742, 0, 707, 1498, 1495, 32, 8.39%, 0, 0, 3, 13.17
1747835752, 0, 708, 1499, 1496, 32, 8.39%, 0, 0, 3, 11.67
1747835773, 0, 710, 1499, 1496, 32, 8.39%, 0, 0, 3, 13.35
1747835783, 0, 711, 1500, 1497, 32, 8.39%, 0, 0, 3, 13.36
1747835803, 0, 712, 1500, 1497, 32, 8.39%, 0, 0, 3, 12.64
1747835808, 0, 712, 1501, 1498, 32, 8.39%, 0, 0, 3, 12.30
1747835813, 0, 712, 1502, 1499, 32, 8.39%, 0, 0, 3, 12.22
1747835844, 0, 713, 1503, 1500, 32, 8.39%, 0, 0, 3, 11.53
1747835860, 0, 713, 1504, 1501, 32, 8.39%, 0, 0, 3, 11.30
1747835865, 0, 713, 1507, 1504, 32, 8.39%, 0, 0, 3, 9.36
1747835880, 0, 713, 1508, 1505, 32, 8.39%, 0, 0, 3, 12.00
1747835885, 0, 713, 1509, 1506, 32, 8.39%, 0, 0, 3, 11.70
1747835936, 0, 713, 1510, 1507, 32, 8.39%, 0, 0, 3, 11.17
1747836064, 0, 713, 1511, 1508, 32, 8.39%, 0, 0, 3, 11.77
1747836105, 0, 713, 1512, 1509, 32, 8.39%, 0, 0, 3, 20.41
1747836110, 0, 713, 1513, 1510, 32, 8.39%, 0, 0, 3, 20.14
1747836152, 0, 716, 1513, 1510, 25, 8.39%, 0, 0, 3, 21.31
1747836157, 0, 721, 1513, 1510, 25, 8.39%, 0, 0, 3, 21.69
1747836162, 0, 722, 1513, 1510, 25, 8.39%, 0, 0, 3, 22.35
1747836167, 0, 723, 1513, 1510, 25, 8.39%, 0, 0, 3, 23.24
1747836172, 0, 725, 1513, 1510, 25, 8.39%, 0, 0, 3, 22.54
1747836183, 0, 726, 1514, 1511, 25, 8.39%, 0, 0, 3, 20.28
1747836193, 0, 727, 1514, 1511, 25, 8.39%, 0, 0, 3, 21.97
1747836198, 0, 728, 1514, 1511, 25, 8.39%, 0, 0, 3, 21.12
1747836203, 0, 729, 1514, 1511, 25, 8.39%, 0, 0, 3, 21.19
1747836208, 0, 732, 1514, 1511, 25, 8.39%, 0, 0, 3, 20.99
1747836219, 0, 733, 1514, 1511, 25, 8.39%, 0, 0, 3, 22.41
1747836224, 0, 734, 1514, 1511, 25, 8.39%, 0, 0, 3, 21.99
1747836229, 0, 735, 1514, 1511, 25, 8.39%, 0, 0, 3, 21.64
1747836234, 0, 736, 1514, 1511, 25, 8.39%, 0, 0, 3, 21.31
1747836239, 0, 737, 1514, 1511, 25, 8.39%, 0, 0, 3, 20.97
1747836244, 0, 738, 1514, 1511, 25, 8.39%, 0, 0, 3, 22.09
1747836249, 0, 738, 1516, 1513, 25, 8.39%, 0, 0, 3, 18.30
1747836265, 0, 738, 1517, 1514, 25, 8.39%, 0, 0, 3, 20.53
1747836270, 0, 738, 1518, 1515, 25, 8.39%, 0, 0, 3, 19.16
1747836347, 0, 739, 1519, 1516, 25, 8.40%, 0, 0, 3, 20.45
1747836363, 0, 740, 1519, 1516, 26, 8.40%, 0, 0, 3, 21.46
1747836368, 0, 741, 1519, 1516, 26, 8.40%, 0, 0, 3, 21.46
1747836373, 0, 742, 1520, 1517, 26, 8.40%, 0, 0, 3, 19.74
1747836378, 0, 742, 1521, 1518, 26, 8.40%, 0, 0, 3, 20.90
1747836398, 0, 743, 1521, 1518, 27, 8.40%, 0, 0, 3, 21.51
1747836403, 0, 744, 1521, 1518, 27, 8.40%, 0, 0, 3, 22.61
1747836408, 0, 746, 1521, 1518, 27, 8.40%, 0, 0, 3, 21.23
1747836414, 0, 747, 1521, 1518, 27, 8.40%, 0, 0, 3, 21.09
1747836419, 0, 748, 1521, 1518, 27, 8.40%, 0, 0, 3, 20.68
1747836429, 0, 749, 1521, 1518, 27, 8.40%, 0, 0, 3, 21.32
1747836434, 0, 750, 1521, 1518, 27, 8.40%, 0, 0, 3, 21.52
1747836439, 0, 752, 1521, 1518, 27, 8.40%, 0, 0, 3, 19.96
1747836444, 0, 753, 1521, 1518, 27, 8.40%, 0, 0, 3, 21.73
1747836450, 0, 757, 1521, 1518, 27, 8.40%, 0, 0, 3, 21.58
1747836460, 0, 758, 1521, 1518, 27, 8.40%, 0, 0, 3, 21.99
1747836465, 0, 760, 1521, 1518, 27, 8.40%, 0, 0, 3, 21.77
1747836470, 0, 761, 1521, 1518, 27, 8.40%, 0, 0, 3, 22.13
1747836475, 0, 762, 1522, 1519, 27, 8.40%, 0, 0, 3, 20.29
1747836491, 0, 763, 1523, 1520, 27, 8.40%, 0, 0, 3, 20.10
1747836501, 0, 765, 1523, 1520, 27, 8.40%, 0, 0, 3, 21.21
1747836506, 0, 767, 1523, 1520, 27, 8.40%, 0, 0, 3, 20.80
1747836511, 0, 768, 1523, 1520, 27, 8.40%, 0, 0, 3, 21.66
1747836521, 0, 769, 1523, 1520, 27, 8.40%, 0, 0, 3, 21.08
1747836526, 0, 770, 1523, 1520, 27, 8.40%, 0, 0, 3, 21.34
1747836531, 0, 772, 1523, 1520, 27, 8.40%, 0, 0, 3, 20.82
1747836536, 0, 773, 1523, 1520, 27, 8.40%, 0, 0, 3, 21.54
1747836542, 0, 774, 1523, 1520, 27, 8.40%, 0, 0, 3, 19.26
1747836552, 0, 775, 1523, 1520, 27, 8.40%, 0, 0, 3, 20.52
1747836557, 0, 776, 1523, 1520, 27, 8.40%, 0, 0, 3, 21.30
1747836562, 0, 777, 1523, 1520, 27, 8.40%, 0, 0, 3, 20.83
1747836567, 0, 778, 1523, 1520, 27, 8.40%, 0, 0, 3, 20.62
1747836572, 0, 779, 1523, 1520, 27, 8.40%, 0, 0, 3, 21.85
1747836582, 0, 780, 1523, 1520, 27, 8.40%, 0, 0, 3, 19.75
1747836588, 0, 781, 1523, 1520, 27, 8.40%, 0, 0, 3, 20.56
1747836593, 0, 782, 1523, 1520, 27, 8.40%, 0, 0, 3, 22.44
1747836598, 0, 783, 1523, 1520, 27, 8.40%, 0, 0, 3, 21.86
1747836603, 0, 783, 1524, 1521, 27, 8.40%, 0, 0, 3, 21.15
1747836608, 0, 783, 1525, 1522, 27, 8.40%, 0, 0, 3, 19.59
1747836623, 0, 785, 1525, 1522, 28, 8.40%, 0, 0, 3, 21.14
1747836628, 0, 785, 1526, 1523, 28, 8.40%, 0, 0, 3, 20.71
1747836639, 0, 786, 1526, 1523, 28, 8.40%, 0, 0, 3, 21.84
1747836644, 0, 787, 1526, 1523, 28, 8.40%, 0, 0, 3, 20.83
1747836649, 0, 788, 1526, 1523, 28, 8.40%, 0, 0, 3, 19.35
1747836654, 0, 789, 1526, 1523, 28, 8.40%, 0, 0, 3, 20.56
1747836664, 0, 790, 1526, 1523, 28, 8.40%, 0, 0, 3, 21.14
1747836669, 0, 793, 1526, 1523, 28, 8.40%, 0, 0, 3, 20.70
1747836674, 0, 794, 1526, 1523, 28, 8.40%, 0, 0, 3, 20.60
1747836679, 0, 795, 1526, 1523, 28, 8.40%, 0, 0, 3, 21.99
1747836685, 0, 796, 1526, 1523, 28, 8.40%, 0, 0, 3, 21.45
1747836695, 0, 798, 1526, 1523, 28, 8.40%, 0, 0, 3, 20.62
1747836700, 0, 799, 1527, 1524, 28, 8.40%, 0, 0, 3, 20.11
1747836710, 0, 800, 1527, 1524, 28, 8.40%, 0, 0, 3, 20.49
1747836715, 0, 800, 1528, 1525, 28, 8.40%, 0, 0, 3, 19.55
1747836725, 0, 801, 1528, 1525, 28, 8.40%, 0, 0, 3, 20.94
1747836730, 0, 802, 1528, 1525, 28, 8.40%, 0, 0, 3, 21.87
1747836736, 0, 803, 1528, 1525, 28, 8.40%, 0, 0, 3, 22.62
1747836741, 0, 804, 1528, 1525, 28, 8.40%, 0, 0, 3, 22.36
1747836746, 0, 805, 1528, 1525, 28, 8.40%, 0, 0, 3, 21.63
1747836751, 0, 805, 1529, 1526, 28, 8.40%, 0, 0, 3, 20.76
1747836762, 0, 806, 1529, 1526, 28, 8.40%, 0, 0, 3, 22.01
1747836767, 0, 807, 1529, 1526, 28, 8.40%, 0, 0, 3, 20.52
1747836772, 0, 808, 1529, 1526, 28, 8.40%, 0, 0, 3, 21.12
1747836777, 0, 809, 1529, 1526, 28, 8.40%, 0, 0, 3, 23.24
1747838826, 0, 810, 1529, 1525, 27, 8.40%, 0, 0, 3, 17.16
1747838837, 0, 811, 1529, 1525, 27, 8.40%, 0, 0, 3, 13.95
1747838847, 0, 812, 1529, 1525, 27, 8.40%, 0, 0, 3, 12.79
1747838857, 0, 813, 1529, 1525, 27, 8.40%, 0, 0, 3, 12.32
1747838867, 0, 814, 1529, 1525, 27, 8.40%, 0, 0, 3, 11.58
1747838878, 0, 815, 1529, 1525, 27, 8.40%, 0, 0, 3, 11.99
1747838888, 0, 815, 1530, 1526, 27, 8.40%, 0, 0, 3, 11.95
1747838898, 0, 815, 1531, 1527, 27, 8.40%, 0, 0, 3, 11.28
1747838903, 0, 815, 1532, 1528, 27, 8.40%, 0, 0, 3, 11.21
1747838965, 0, 815, 1533, 1529, 27, 8.40%, 0, 0, 3, 11.23
1747839058, 0, 817, 1533, 1529, 27, 8.40%, 0, 0, 3, 12.51
1747839068, 0, 818, 1533, 1529, 27, 8.40%, 0, 0, 3, 11.73
1747839078, 0, 818, 1534, 1530, 27, 8.40%, 0, 0, 3, 11.23
1747839089, 0, 818, 1535, 1531, 27, 8.40%, 0, 0, 3, 11.15
1747839094, 0, 818, 1536, 1532, 27, 8.40%, 0, 0, 3, 11.16
1747839130, 0, 818, 1537, 1533, 27, 8.40%, 0, 0, 3, 10.20
1747839135, 0, 818, 1538, 1534, 27, 8.40%, 0, 0, 3, 10.87
1747839258, 0, 818, 1539, 1535, 27, 8.40%, 0, 0, 3, 11.82
1747839392, 0, 818, 1540, 1536, 27, 8.40%, 0, 0, 3, 10.21
1747839422, 0, 819, 1540, 1536, 27, 8.40%, 0, 0, 3, 12.57
1747839433, 0, 820, 1540, 1536, 27, 8.40%, 0, 0, 3, 12.10
1747839443, 0, 821, 1541, 1537, 27, 8.40%, 0, 0, 3, 11.31
1747839453, 0, 821, 1542, 1538, 27, 8.40%, 0, 0, 3, 10.25
1747839484, 0, 822, 1542, 1538, 27, 8.40%, 0, 0, 3, 12.15
1747839489, 0, 822, 1543, 1539, 27, 8.40%, 0, 0, 3, 10.86
1747839499, 0, 822, 1544, 1540, 27, 8.40%, 0, 0, 3, 11.54
1747839535, 0, 823, 1544, 1540, 27, 8.40%, 0, 0, 3, 12.71
1747839546, 0, 825, 1544, 1540, 27, 8.40%, 0, 0, 3, 12.56
1747839556, 0, 827, 1544, 1540, 27, 8.40%, 0, 0, 3, 12.56
1747839566, 0, 828, 1544, 1540, 27, 8.40%, 0, 0, 3, 12.16
1747839577, 0, 830, 1544, 1540, 27, 8.40%, 0, 0, 3, 11.39
1747839587, 0, 832, 1544, 1540, 27, 8.40%, 0, 0, 3, 12.42
1747839597, 0, 833, 1544, 1540, 27, 8.40%, 0, 0, 3, 12.47
1747839607, 0, 835, 1544, 1540, 27, 8.40%, 0, 0, 3, 10.90
1747839618, 0, 837, 1544, 1540, 27, 8.40%, 0, 0, 3, 12.03
1747839628, 0, 838, 1544, 1540, 27, 8.40%, 0, 0, 3, 10.84
1747839633, 0, 838, 1545, 1541, 27, 8.40%, 0, 0, 3, 11.91
1747839648, 0, 838, 1546, 1542, 27, 8.40%, 0, 0, 3, 12.19
1747839674, 0, 840, 1546, 1542, 27, 8.40%, 0, 0, 3, 12.82
1747839684, 0, 841, 1546, 1542, 27, 8.40%, 0, 0, 3, 12.27
1747839694, 0, 842, 1546, 1542, 27, 8.40%, 0, 0, 3, 12.58
1747839705, 0, 843, 1546, 1542, 27, 8.40%, 0, 0, 3, 11.09
1747839715, 0, 845, 1546, 1542, 27, 8.40%, 0, 0, 3, 11.91
1747839725, 0, 846, 1546, 1542, 27, 8.40%, 0, 0, 3, 11.50
1747839735, 0, 848, 1546, 1542, 27, 8.40%, 0, 0, 3, 13.08
1747839746, 0, 850, 1546, 1542, 27, 8.40%, 0, 0, 3, 11.53
1747839756, 0, 852, 1546, 1542, 27, 8.40%, 0, 0, 3, 11.81
1747839766, 0, 854, 1546, 1542, 27, 8.40%, 0, 0, 3, 11.79
1747839776, 0, 855, 1546, 1542, 27, 8.40%, 0, 0, 3, 13.01
1747839792, 0, 856, 1546, 1542, 27, 8.40%, 0, 0, 3, 11.69
1747839802, 0, 857, 1547, 1543, 27, 8.40%, 0, 0, 3, 11.34
1747839817, 0, 857, 1548, 1544, 27, 8.40%, 0, 0, 3, 9.79
1747839828, 0, 857, 1549, 1545, 27, 8.40%, 0, 0, 3, 10.17
1747839889, 0, 858, 1549, 1545, 27, 8.40%, 0, 0, 3, 12.24
1747839899, 0, 859, 1549, 1545, 27, 8.40%, 0, 0, 3, 11.72
1747839904, 0, 859, 1550, 1546, 27, 8.40%, 0, 0, 3, 11.54
1747839925, 0, 860, 1550, 1546, 27, 8.40%, 0, 0, 3, 12.41
1747839935, 0, 861, 1550, 1546, 27, 8.40%, 0, 0, 3, 11.76
1747839946, 0, 862, 1550, 1546, 27, 8.40%, 0, 0, 3, 12.34
1747839956, 0, 863, 1550, 1546, 27, 8.40%, 0, 0, 3, 12.01
1747839966, 0, 864, 1550, 1546, 27, 8.40%, 0, 0, 3, 11.47
1747839976, 0, 865, 1551, 1547, 27, 8.40%, 0, 0, 3, 10.37
1747839997, 0, 866, 1551, 1547, 27, 8.40%, 0, 0, 3, 12.26
1747840002, 0, 866, 1552, 1548, 27, 8.40%, 0, 0, 3, 11.88
1747840022, 0, 867, 1552, 1548, 27, 8.40%, 0, 0, 3, 12.22
1747840032, 0, 868, 1552, 1548, 27, 8.40%, 0, 0, 3, 11.58
1747840042, 0, 869, 1552, 1548, 27, 8.40%, 0, 0, 3, 13.00
1747840053, 0, 870, 1552, 1548, 27, 8.40%, 0, 0, 3, 11.37
1747840063, 0, 870, 1553, 1549, 27, 8.40%, 0, 0, 3, 12.24
1747840068, 0, 870, 1554, 1550, 27, 8.40%, 0, 0, 3, 11.18
1747840083, 0, 870, 1555, 1551, 27, 8.40%, 0, 0, 3, 10.99
1747840140, 0, 872, 1555, 1551, 27, 8.40%, 0, 0, 3, 11.87
1747840150, 0, 873, 1555, 1551, 27, 8.40%, 0, 0, 3, 12.10
1747840160, 0, 874, 1555, 1551, 27, 8.40%, 0, 0, 3, 12.18
1747840165, 0, 874, 1556, 1552, 27, 8.40%, 0, 0, 3, 11.44
1747840186, 0, 875, 1556, 1552, 27, 8.40%, 0, 0, 3, 12.83
1747840196, 0, 876, 1556, 1552, 27, 8.40%, 0, 0, 3, 12.62
1747840201, 0, 876, 1557, 1553, 27, 8.40%, 0, 0, 3, 11.58
1747840207, 0, 876, 1558, 1554, 27, 8.40%, 0, 0, 3, 10.86
1747840212, 0, 876, 1559, 1555, 27, 8.40%, 0, 0, 3, 11.51
1747840232, 0, 876, 1560, 1556, 27, 8.40%, 0, 0, 3, 11.17
1747840238, 0, 876, 1561, 1557, 27, 8.40%, 0, 0, 3, 10.57
1747840253, 0, 876, 1562, 1558, 27, 8.40%, 0, 0, 3, 11.26
1747840294, 0, 876, 1563, 1559, 27, 8.40%, 0, 0, 3, 10.11
1747840442, 0, 876, 1564, 1560, 27, 8.40%, 0, 0, 3, 10.97
1747840519, 0, 876, 1565, 1561, 27, 8.40%, 0, 0, 3, 12.15
1747840550, 0, 878, 1565, 1561, 27, 8.40%, 0, 0, 3, 12.87
1747840561, 0, 881, 1565, 1561, 27, 8.40%, 0, 0, 3, 11.93
1747840571, 0, 882, 1565, 1561, 27, 8.40%, 0, 0, 3, 11.84
1747840581, 0, 883, 1565, 1561, 27, 8.40%, 0, 0, 3, 12.21
1747840591, 0, 884, 1565, 1561, 27, 8.40%, 0, 0, 3, 12.32
1747840601, 0, 885, 1565, 1561, 27, 8.40%, 0, 0, 3, 12.79
1747840611, 0, 886, 1565, 1561, 27, 8.40%, 0, 0, 3, 12.44
1747840622, 0, 886, 1566, 1562, 27, 8.40%, 0, 0, 3, 10.93
1747840632, 0, 887, 1566, 1562, 27, 8.40%, 0, 0, 3, 12.05
1747840642, 0, 888, 1566, 1562, 27, 8.40%, 0, 0, 3, 12.56
1747840658, 0, 889, 1566, 1562, 27, 8.40%, 0, 0, 3, 11.81
1747840668, 0, 891, 1566, 1562, 27, 8.40%, 0, 0, 3, 12.51
1747840678, 0, 893, 1566, 1562, 27, 8.40%, 0, 0, 3, 13.10
1747840688, 0, 895, 1567, 1563, 27, 8.40%, 0, 0, 3, 11.69
1747840708, 0, 896, 1567, 1563, 27, 8.40%, 0, 0, 3, 12.83
1747840719, 0, 897, 1567, 1563, 27, 8.40%, 0, 0, 3, 11.97
1747840729, 0, 898, 1567, 1563, 27, 8.40%, 0, 0, 3, 12.10
1747840739, 0, 899, 1567, 1563, 27, 8.40%, 0, 0, 3, 12.23
1747840749, 0, 900, 1567, 1563, 27, 8.40%, 0, 0, 3, 12.06
1747840754, 0, 900, 1568, 1564, 27, 8.40%, 0, 0, 3, 9.99
1747840775, 0, 901, 1568, 1564, 27, 8.40%, 0, 0, 3, 11.47
1747840785, 0, 905, 1568, 1564, 27, 8.40%, 0, 0, 3, 11.49
1747840795, 0, 908, 1568, 1564, 27, 8.40%, 0, 0, 3, 13.25
1747840805, 0, 911, 1568, 1564, 27, 8.40%, 0, 0, 3, 12.14
1747840816, 0, 912, 1568, 1564, 27, 8.40%, 0, 0, 3, 12.04
1747840826, 0, 914, 1568, 1564, 27, 8.40%, 0, 0, 3, 13.22
1747840836, 0, 915, 1568, 1564, 27, 8.40%, 0, 0, 3, 12.08
1747840846, 0, 916, 1568, 1564, 27, 8.40%, 0, 0, 3, 12.02
1747840862, 0, 917, 1568, 1564, 27, 8.40%, 0, 0, 3, 12.32
1747840872, 0, 918, 1568, 1564, 27, 8.40%, 0, 0, 3, 11.23
1747840882, 0, 920, 1568, 1564, 27, 8.40%, 0, 0, 3, 12.35
1747840892, 0, 921, 1568, 1564, 27, 8.40%, 0, 0, 3, 12.36
1747840903, 0, 922, 1568, 1564, 27, 8.40%, 0, 0, 3, 12.76
1747840913, 0, 924, 1568, 1564, 27, 8.40%, 0, 0, 3, 11.88
1747840923, 0, 925, 1568, 1564, 27, 8.40%, 0, 0, 3, 12.02
1747840934, 0, 926, 1568, 1564, 27, 8.40%, 0, 0, 3, 11.71
1747840944, 0, 927, 1568, 1564, 27, 8.40%, 0, 0, 3, 12.22
1747840959, 0, 929, 1568, 1564, 27, 8.40%, 0, 0, 3, 13.26
1747840964, 0, 930, 1568, 1564, 27, 8.40%, 0, 0, 3, 12.93
1747840980, 0, 931, 1568, 1564, 27, 8.40%, 0, 0, 3, 11.10
1747840990, 0, 932, 1568, 1564, 27, 8.40%, 0, 0, 3, 12.28
1747841001, 0, 933, 1568, 1564, 27, 8.40%, 0, 0, 3, 11.14
1747841011, 0, 934, 1569, 1565, 27, 8.44%, 0, 0, 3, 10.28
1747841016, 0, 934, 1570, 1566, 27, 8.44%, 0, 0, 3, 10.70
1747841021, 0, 934, 1571, 1567, 27, 8.44%, 0, 0, 3, 10.42
1747841098, 0, 935, 1571, 1567, 28, 8.44%, 0, 0, 3, 12.28
1747841113, 0, 936, 1571, 1567, 28, 8.44%, 0, 0, 3, 12.40
1747841123, 0, 937, 1571, 1567, 28, 8.44%, 0, 0, 3, 11.57
1747841133, 0, 938, 1571, 1567, 28, 8.44%, 0, 0, 3, 11.83
1747841144, 0, 940, 1571, 1567, 28, 8.44%, 0, 0, 3, 11.68
1747841154, 0, 941, 1571, 1567, 28, 8.44%, 0, 0, 3, 11.46
1747841164, 0, 943, 1571, 1567, 28, 8.44%, 0, 0, 3, 20.20
1747841169, 0, 944, 1571, 1567, 28, 8.44%, 0, 0, 3, 19.86
1747841175, 0, 945, 1571, 1567, 28, 8.44%, 0, 0, 3, 21.22
1747841180, 0, 945, 1573, 1569, 28, 8.44%, 0, 0, 3, 18.23
1747841185, 0, 945, 1574, 1570, 28, 8.44%, 0, 0, 3, 18.16
1747841231, 0, 946, 1574, 1570, 28, 8.44%, 0, 0, 3, 20.47
1747841236, 0, 947, 1574, 1570, 28, 8.44%, 0, 0, 3, 21.24
1747841241, 0, 948, 1574, 1570, 28, 8.44%, 0, 0, 3, 19.80
1747841251, 0, 948, 1575, 1571, 28, 8.44%, 0, 0, 3, 19.33
1747841256, 0, 948, 1576, 1572, 28, 8.44%, 0, 0, 3, 19.69
1747841272, 0, 949, 1576, 1572, 28, 8.44%, 0, 0, 3, 20.33
1747841277, 0, 950, 1576, 1572, 28, 8.44%, 0, 0, 3, 20.94
1747841282, 0, 951, 1576, 1572, 28, 8.44%, 0, 0, 3, 20.78
1747841287, 0, 951, 1577, 1573, 28, 8.44%, 0, 0, 3, 18.65
1747841297, 0, 953, 1577, 1573, 28, 8.44%, 0, 0, 3, 19.12
1747841302, 0, 955, 1577, 1573, 28, 8.44%, 0, 0, 3, 19.97
1747841308, 0, 956, 1577, 1573, 28, 8.44%, 0, 0, 3, 20.03
1747841318, 0, 957, 1577, 1573, 28, 8.44%, 0, 0, 3, 21.62
1747841323, 0, 958, 1577, 1573, 28, 8.44%, 0, 0, 3, 19.74
1747841328, 0, 959, 1577, 1573, 28, 8.44%, 0, 0, 3, 20.88
1747841333, 0, 961, 1577, 1573, 28, 8.44%, 0, 0, 3, 20.63
1747841343, 0, 962, 1577, 1573, 28, 8.44%, 0, 0, 3, 20.41
1747841348, 0, 963, 1577, 1573, 28, 8.44%, 0, 0, 3, 21.48
1747841354, 0, 964, 1577, 1573, 28, 8.44%, 0, 0, 3, 21.00
1747841359, 0, 965, 1577, 1573, 28, 8.44%, 0, 0, 3, 21.10
1747841364, 0, 966, 1577, 1573, 28, 8.44%, 0, 0, 3, 21.38
1747841374, 0, 967, 1577, 1573, 28, 8.44%, 0, 0, 3, 20.28
1747841379, 0, 968, 1577, 1573, 28, 8.44%, 0, 0, 3, 19.48
1747841384, 0, 968, 1578, 1574, 28, 8.44%, 0, 0, 3, 19.27
1747841395, 0, 969, 1578, 1574, 28, 8.44%, 0, 0, 3, 20.44
1747841400, 0, 971, 1578, 1574, 28, 8.44%, 0, 0, 3, 19.61
1747841405, 0, 972, 1578, 1574, 28, 8.44%, 0, 0, 3, 21.35
1747841410, 0, 973, 1578, 1574, 28, 8.44%, 0, 0, 3, 21.92
1747841415, 0, 974, 1578, 1574, 28, 8.44%, 0, 0, 3, 22.32
1747841425, 0, 976, 1578, 1574, 28, 8.44%, 0, 0, 3, 20.27
1747841430, 0, 977, 1578, 1574, 28, 8.44%, 0, 0, 3, 20.36
1747841436, 0, 978, 1578, 1574, 28, 8.44%, 0, 0, 3, 21.01
1747841441, 0, 978, 1579, 1575, 28, 8.44%, 0, 0, 3, 19.92
1747841451, 0, 979, 1579, 1575, 28, 8.44%, 0, 0, 3, 20.90
1747841456, 0, 980, 1579, 1575, 28, 8.44%, 0, 0, 3, 20.63
1747841461, 0, 982, 1579, 1575, 28, 8.44%, 0, 0, 3, 21.00
1747841466, 0, 984, 1579, 1575, 28, 8.44%, 0, 0, 3, 19.61
1747841471, 0, 985, 1579, 1575, 28, 8.44%, 0, 0, 3, 21.08
1747841487, 0, 986, 1579, 1575, 28, 8.44%, 0, 0, 3, 12.80
1747841497, 0, 988, 1579, 1575, 28, 8.44%, 0, 0, 3, 11.19
1747841507, 0, 989, 1579, 1575, 28, 8.44%, 0, 0, 3, 11.55
1747841517, 0, 990, 1579, 1575, 28, 8.44%, 0, 0, 3, 11.94
1747841528, 0, 991, 1579, 1575, 28, 8.44%, 0, 0, 3, 11.61
1747841538, 0, 992, 1579, 1575, 28, 8.44%, 0, 0, 3, 11.71
1747841548, 0, 993, 1579, 1575, 28, 8.44%, 0, 0, 3, 11.97
1747841559, 0, 994, 1579, 1575, 28, 8.44%, 0, 0, 3, 12.43
1747841574, 0, 995, 1579, 1575, 28, 8.44%, 0, 0, 3, 12.19
1747841584, 0, 996, 1579, 1575, 28, 8.44%, 0, 0, 3, 11.61
1747841594, 0, 997, 1579, 1575, 28, 8.44%, 0, 0, 3, 12.73
1747841600, 0, 997, 1580, 1576, 28, 8.44%, 0, 0, 3, 11.23
1747841610, 0, 997, 1581, 1577, 28, 8.44%, 0, 0, 3, 11.57
1747841640, 0, 998, 1581, 1577, 28, 8.44%, 0, 0, 3, 11.55
1747841651, 0, 999, 1581, 1577, 28, 8.44%, 0, 0, 3, 12.54
1747841661, 0, 1000, 1581, 1577, 28, 8.44%, 0, 0, 3, 11.46
1747841671, 0, 1001, 1581, 1577, 28, 8.44%, 0, 0, 3, 12.02
1747841682, 0, 1002, 1581, 1577, 28, 8.44%, 0, 0, 3, 12.93
1747841692, 0, 1004, 1582, 1578, 28, 8.44%, 0, 0, 3, 10.83
1747841697, 0, 1004, 1583, 1579, 28, 8.44%, 0, 0, 3, 9.95
1747841738, 0, 1005, 1583, 1579, 28, 8.44%, 0, 0, 3, 12.28
1747841753, 0, 1006, 1583, 1579, 28, 8.44%, 0, 0, 3, 11.75
1747841763, 0, 1007, 1583, 1579, 28, 8.44%, 0, 0, 3, 12.97
1747841774, 0, 1008, 1583, 1579, 28, 8.44%, 0, 0, 3, 11.52
1747841784, 0, 1009, 1583, 1579, 28, 8.44%, 0, 0, 3, 11.71
1747841794, 0, 1011, 1583, 1579, 28, 8.44%, 0, 0, 3, 11.58
1747841805, 0, 1012, 1583, 1579, 28, 8.44%, 0, 0, 3, 12.30
1747841815, 0, 1013, 1583, 1579, 28, 8.44%, 0, 0, 3, 11.21
1747841830, 0, 1014, 1583, 1579, 28, 8.44%, 0, 0, 3, 12.27
1747841840, 0, 1015, 1583, 1579, 28, 8.44%, 0, 0, 3, 11.62
1747841851, 0, 1018, 1583, 1579, 28, 8.44%, 0, 0, 3, 11.15
1747841861, 0, 1019, 1583, 1579, 28, 8.44%, 0, 0, 3, 12.19
1747841866, 0, 1019, 1584, 1580, 28, 8.44%, 0, 0, 3, 10.95
1747841881, 0, 1020, 1584, 1580, 28, 8.44%, 0, 0, 3, 12.64
1747841897, 0, 1021, 1584, 1580, 28, 8.44%, 0, 0, 3, 11.73
1747841907, 0, 1023, 1584, 1580, 28, 8.44%, 0, 0, 3, 11.11
1747841917, 0, 1025, 1584, 1580, 28, 8.44%, 0, 0, 3, 13.44
1747841927, 0, 1026, 1584, 1580, 28, 8.44%, 0, 0, 3, 12.18
1747841937, 0, 1028, 1584, 1580, 28, 8.44%, 0, 0, 3, 13.35
1747841948, 0, 1030, 1584, 1580, 28, 8.44%, 0, 0, 3, 12.28
1747841958, 0, 1032, 1584, 1580, 28, 8.44%, 0, 0, 3, 12.22
1747841968, 0, 1033, 1584, 1580, 28, 8.44%, 0, 0, 3, 11.63
1747841979, 0, 1034, 1584, 1580, 28, 8.44%, 0, 0, 3, 12.53
1747841989, 0, 1034, 1585, 1581, 28, 8.44%, 0, 0, 3, 10.87
1747842004, 0, 1035, 1585, 1581, 28, 8.44%, 0, 0, 3, 11.94
1747842015, 0, 1036, 1585, 1581, 28, 8.44%, 0, 0, 3, 11.97
1747842025, 0, 1037, 1585, 1581, 28, 8.44%, 0, 0, 3, 12.17
1747842035, 0, 1038, 1585, 1581, 28, 8.44%, 0, 0, 3, 11.96
1747842046, 0, 1039, 1585, 1581, 28, 8.44%, 0, 0, 3, 11.42
1747842056, 0, 1040, 1585, 1581, 28, 8.44%, 0, 0, 3, 11.13
1747842071, 0, 1041, 1586, 1582, 28, 8.44%, 0, 0, 3, 10.63
1747842092, 0, 1042, 1586, 1582, 28, 8.44%, 0, 0, 3, 10.98
1747842097, 0, 1042, 1587, 1583, 28, 8.44%, 0, 0, 3, 10.70
1747842112, 0, 1044, 1587, 1583, 28, 8.44%, 0, 0, 3, 19.00
1747842117, 0, 1046, 1587, 1583, 28, 8.44%, 0, 0, 3, 18.71
1747842127, 0, 1047, 1587, 1583, 28, 8.44%, 0, 0, 3, 19.80
1747842132, 0, 1048, 1587, 1583, 28, 8.44%, 0, 0, 3, 20.06
1747842137, 0, 1049, 1587, 1583, 28, 8.44%, 0, 0, 3, 19.85
1747842142, 0, 1051, 1587, 1583, 28, 8.44%, 0, 0, 3, 19.63
1747842153, 0, 1052, 1588, 1584, 28, 8.44%, 0, 0, 3, 18.79
1747842163, 0, 1053, 1588, 1584, 28, 8.44%, 0, 0, 3, 18.76
1747842173, 0, 1054, 1588, 1584, 28, 8.44%, 0, 0, 3, 19.00
1747842178, 0, 1054, 1589, 1585, 28, 8.44%, 0, 0, 3, 18.83
1747842188, 0, 1055, 1589, 1585, 28, 8.44%, 0, 0, 3, 11.89
1747842198, 0, 1056, 1589, 1585, 28, 8.44%, 0, 0, 3, 11.14
1747842209, 0, 1057, 1589, 1585, 28, 8.44%, 0, 0, 3, 11.17
1747842219, 0, 1058, 1589, 1585, 28, 8.44%, 0, 0, 3, 11.92
1747842229, 0, 1059, 1589, 1585, 28, 8.44%, 0, 0, 3, 11.93
1747842245, 0, 1062, 1589, 1585, 28, 8.44%, 0, 0, 3, 12.37
1747842255, 0, 1064, 1589, 1585, 28, 8.44%, 0, 0, 3, 11.88
1747842265, 0, 1065, 1589, 1585, 28, 8.44%, 0, 0, 3, 12.14
1747842275, 0, 1066, 1589, 1585, 28, 8.44%, 0, 0, 3, 11.19
1747842286, 0, 1067, 1589, 1585, 28, 8.44%, 0, 0, 3, 11.41
1747842296, 0, 1068, 1589, 1585, 28, 8.44%, 0, 0, 3, 12.70
1747842306, 0, 1069, 1589, 1585, 28, 8.44%, 0, 0, 3, 12.58
1747842317, 0, 1070, 1589, 1585, 28, 8.44%, 0, 0, 3, 11.77
1747842327, 0, 1075, 1589, 1585, 28, 8.44%, 0, 0, 3, 11.69
1747842337, 0, 1077, 1589, 1585, 28, 8.44%, 0, 0, 3, 12.77
1747842352, 0, 1078, 1589, 1585, 28, 8.44%, 0, 0, 3, 14.82
1747846089, 0, 1078, 1590, 1586, 28, 8.44%, 0, 0, 3, 13.21
1747846208, 0, 1080, 1590, 1585, 27, 8.44%, 0, 0, 3, 12.94
1747846218, 0, 1082, 1590, 1585, 27, 8.44%, 0, 0, 3, 12.40
1747846229, 0, 1083, 1590, 1585, 27, 8.44%, 0, 0, 3, 12.92
1747846239, 0, 1084, 1590, 1585, 27, 8.44%, 0, 0, 3, 12.46
1747846249, 0, 1085, 1590, 1585, 27, 8.44%, 0, 0, 3, 12.76
1747846259, 0, 1086, 1590, 1585, 27, 8.44%, 0, 0, 3, 12.19
1747846270, 0, 1087, 1590, 1585, 27, 8.44%, 0, 0, 3, 11.62
1747846280, 0, 1088, 1590, 1585, 27, 8.44%, 0, 0, 3, 12.06
1747846290, 0, 1089, 1590, 1585, 27, 8.44%, 0, 0, 3, 12.24
1747846300, 0, 1090, 1590, 1585, 27, 8.44%, 0, 0, 3, 12.39
1747846311, 0, 1092, 1590, 1585, 27, 8.44%, 0, 0, 3, 13.00
1747846321, 0, 1093, 1590, 1585, 27, 8.44%, 0, 0, 3, 12.01
1747846332, 0, 1094, 1590, 1585, 27, 8.44%, 0, 0, 3, 12.51
1747846347, 0, 1096, 1590, 1585, 27, 8.44%, 0, 0, 3, 12.56
1747846357, 0, 1098, 1590, 1585, 27, 8.44%, 0, 0, 3, 12.77
1747846367, 0, 1099, 1590, 1585, 27, 8.44%, 0, 0, 3, 11.44
1747846378, 0, 1100, 1590, 1585, 27, 8.44%, 0, 0, 3, 11.92
1747846388, 0, 1101, 1590, 1585, 27, 8.44%, 0, 0, 3, 12.60
1747846398, 0, 1102, 1590, 1585, 27, 8.44%, 0, 0, 3, 12.54
1747846408, 0, 1103, 1590, 1585, 27, 8.44%, 0, 0, 3, 12.60
1747846419, 0, 1104, 1590, 1585, 27, 8.44%, 0, 0, 3, 11.80
1747846429, 0, 1104, 1591, 1586, 27, 8.44%, 0, 0, 3, 10.30
1747846444, 0, 1105, 1591, 1586, 27, 8.44%, 0, 0, 3, 12.11
1747846454, 0, 1107, 1591, 1586, 27, 8.44%, 0, 0, 3, 12.11
1747846465, 0, 1108, 1591, 1586, 27, 8.44%, 0, 0, 3, 11.63
1747846475, 0, 1109, 1591, 1586, 27, 8.44%, 0, 0, 3, 12.46
1747846485, 0, 1110, 1591, 1586, 27, 8.44%, 0, 0, 3, 11.75
1747846496, 0, 1111, 1591, 1586, 27, 8.44%, 0, 0, 3, 13.22
1747846506, 0, 1113, 1591, 1586, 27, 8.44%, 0, 0, 3, 12.45
1747846516, 0, 1117, 1591, 1586, 27, 8.44%, 0, 0, 3, 12.72
1747846532, 0, 1118, 1591, 1586, 27, 8.44%, 0, 0, 3, 11.01
1747846542, 0, 1119, 1591, 1586, 27, 8.44%, 0, 0, 3, 11.65
1747846552, 0, 1120, 1591, 1586, 27, 8.44%, 0, 0, 3, 11.73
1747846562, 0, 1122, 1591, 1586, 27, 8.44%, 0, 0, 3, 12.32
1747846573, 0, 1123, 1591, 1586, 27, 8.44%, 0, 0, 3, 11.78
1747846583, 0, 1124, 1591, 1586, 27, 8.44%, 0, 0, 3, 12.78
1747846594, 0, 1125, 1591, 1586, 27, 8.44%, 0, 0, 3, 11.92
1747846604, 0, 1127, 1591, 1586, 27, 8.44%, 0, 0, 3, 12.71
1747846614, 0, 1128, 1591, 1586, 27, 8.44%, 0, 0, 3, 12.12
1747846629, 0, 1129, 1591, 1586, 27, 8.44%, 0, 0, 3, 11.21
1747846640, 0, 1130, 1591, 1586, 27, 8.44%, 0, 0, 3, 12.48
1747846650, 0, 1131, 1591, 1586, 27, 8.44%, 0, 0, 3, 12.26
1747846660, 0, 1132, 1591, 1586, 27, 8.44%, 0, 0, 3, 12.21
1747846671, 0, 1133, 1591, 1586, 27, 8.44%, 0, 0, 3, 12.56
1747846681, 0, 1134, 1591, 1586, 27, 8.44%, 0, 0, 3, 11.28
1747846691, 0, 1135, 1591, 1586, 27, 8.44%, 0, 0, 3, 11.77
1747846701, 0, 1136, 1591, 1586, 27, 8.44%, 0, 0, 3, 11.61
1747846717, 0, 1137, 1591, 1586, 27, 8.44%, 0, 0, 3, 11.43
1747846727, 0, 1138, 1591, 1586, 27, 8.44%, 0, 0, 3, 11.47
1747846738, 0, 1141, 1591, 1586, 27, 8.44%, 0, 0, 3, 12.88
1747846748, 0, 1142, 1591, 1586, 27, 8.44%, 0, 0, 3, 11.10
1747846758, 0, 1143, 1591, 1586, 27, 8.44%, 0, 0, 3, 12.05
1747846769, 0, 1145, 1591, 1586, 27, 8.44%, 0, 0, 3, 12.18
1747846779, 0, 1146, 1591, 1586, 27, 8.44%, 0, 0, 3, 11.11
1747846794, 0, 1147, 1591, 1586, 27, 8.44%, 0, 0, 3, 12.24
1747846805, 0, 1148, 1591, 1586, 27, 8.44%, 0, 0, 3, 11.48
1747846815, 0, 1149, 1592, 1587, 27, 8.44%, 0, 0, 3, 11.97
1747846835, 0, 1150, 1592, 1587, 27, 8.44%, 0, 0, 3, 11.52
1747846851, 0, 1151, 1592, 1587, 27, 8.44%, 0, 0, 3, 11.79
1747846861, 0, 1152, 1592, 1587, 27, 8.44%, 0, 0, 3, 12.16
1747846871, 0, 1153, 1592, 1587, 27, 8.44%, 0, 0, 3, 11.44
1747846882, 0, 1154, 1592, 1587, 27, 8.44%, 0, 0, 3, 10.63
1747846892, 0, 1155, 1592, 1587, 27, 8.44%, 0, 0, 3, 12.52
1747846902, 0, 1156, 1592, 1587, 27, 8.44%, 0, 0, 3, 12.54
1747846912, 0, 1157, 1592, 1587, 27, 8.44%, 0, 0, 3, 11.95
1747846928, 0, 1159, 1592, 1587, 27, 8.44%, 0, 0, 3, 11.02
1747846938, 0, 1161, 1592, 1587, 27, 8.44%, 0, 0, 3, 11.81
1747846948, 0, 1162, 1592, 1587, 27, 8.44%, 0, 0, 3, 11.53
1747846958, 0, 1163, 1592, 1587, 27, 8.44%, 0, 0, 3, 11.53
1747846963, 0, 1163, 1593, 1588, 27, 8.44%, 0, 0, 3, 10.68
1747846984, 0, 1164, 1593, 1588, 27, 8.44%, 0, 0, 3, 11.81
1747846994, 0, 1165, 1594, 1589, 27, 8.44%, 0, 0, 3, 10.80
1747847014, 0, 1166, 1594, 1589, 27, 8.44%, 0, 0, 3, 12.16
1747847025, 0, 1168, 1594, 1589, 27, 8.44%, 0, 0, 3, 11.52
1747847040, 0, 1169, 1595, 1590, 27, 8.44%, 0, 0, 3, 12.17
1747847061, 0, 1170, 1595, 1590, 27, 8.44%, 0, 0, 3, 11.24
1747847071, 0, 1172, 1595, 1590, 27, 8.44%, 0, 0, 3, 10.60
1747847082, 0, 1173, 1595, 1590, 27, 8.44%, 0, 0, 3, 11.40
1747847092, 0, 1174, 1595, 1590, 27, 8.44%, 0, 0, 3, 12.51
1747847107, 0, 1175, 1595, 1590, 27, 8.44%, 0, 0, 3, 11.09
1747847117, 0, 1176, 1595, 1590, 27, 8.44%, 0, 0, 3, 10.72
1747847123, 0, 1176, 1597, 1592, 27, 8.44%, 0, 0, 3, 8.60
1747847164, 0, 1177, 1597, 1592, 27, 8.44%, 0, 0, 3, 12.27
1747847174, 0, 1178, 1597, 1592, 27, 8.44%, 0, 0, 3, 11.37
1747847184, 0, 1180, 1597, 1592, 27, 8.44%, 0, 0, 3, 12.83
1747847199, 0, 1181, 1597, 1592, 27, 8.44%, 0, 0, 3, 12.13
1747847209, 0, 1182, 1597, 1592, 27, 8.44%, 0, 0, 3, 11.44
1747847220, 0, 1183, 1597, 1592, 27, 8.44%, 0, 0, 3, 11.25
1747847230, 0, 1186, 1597, 1592, 27, 8.44%, 0, 0, 3, 11.65
1747847240, 0, 1187, 1597, 1592, 27, 8.44%, 0, 0, 3, 10.95
1747847251, 0, 1188, 1597, 1592, 27, 8.44%, 0, 0, 3, 11.20
1747847261, 0, 1189, 1597, 1592, 27, 8.44%, 0, 0, 3, 11.95
1747847276, 0, 1190, 1597, 1592, 27, 8.44%, 0, 0, 3, 12.27
1747847287, 0, 1192, 1597, 1592, 27, 8.44%, 0, 0, 3, 11.80
1747847297, 0, 1193, 1597, 1592, 27, 8.44%, 0, 0, 3, 11.77
1747847307, 0, 1194, 1597, 1592, 27, 8.44%, 0, 0, 3, 11.66
1747847318, 0, 1195, 1597, 1592, 27, 8.44%, 0, 0, 3, 12.12
1747847328, 0, 1196, 1597, 1592, 27, 8.44%, 0, 0, 3, 12.24
1747847338, 0, 1197, 1597, 1592, 27, 8.44%, 0, 0, 3, 11.13
1747847353, 0, 1198, 1597, 1592, 27, 8.44%, 0, 0, 3, 11.10
1747847364, 0, 1199, 1597, 1592, 27, 8.44%, 0, 0, 3, 11.76
1747847374, 0, 1200, 1597, 1592, 27, 8.44%, 0, 0, 3, 11.99
1747847384, 0, 1201, 1597, 1592, 27, 8.44%, 0, 0, 3, 12.90
1747847394, 0, 1202, 1597, 1592, 27, 8.44%, 0, 0, 3, 12.42
1747847404, 0, 1203, 1597, 1592, 27, 8.44%, 0, 0, 3, 10.61
1747847420, 0, 1204, 1597, 1592, 27, 8.44%, 0, 0, 3, 10.69
1747847430, 0, 1206, 1597, 1592, 27, 8.44%, 0, 0, 3, 10.99
1747847440, 0, 1207, 1597, 1592, 27, 8.44%, 0, 0, 3, 11.90
1747847451, 0, 1208, 1597, 1592, 27, 8.44%, 0, 0, 3, 11.59
1747847461, 0, 1209, 1597, 1592, 27, 8.44%, 0, 0, 3, 11.64
1747847471, 0, 1210, 1597, 1592, 27, 8.44%, 0, 0, 3, 11.85
1747847486, 0, 1211, 1597, 1592, 27, 8.44%, 0, 0, 3, 11.77
1747847497, 0, 1212, 1597, 1592, 27, 8.44%, 0, 0, 3, 11.83
1747847507, 0, 1213, 1597, 1592, 27, 8.44%, 0, 0, 3, 11.82
1747847517, 0, 1214, 1597, 1592, 27, 8.44%, 0, 0, 3, 11.62
1747847527, 0, 1215, 1597, 1592, 27, 8.44%, 0, 0, 3, 11.36
1747847543, 0, 1216, 1597, 1592, 27, 8.44%, 0, 0, 3, 11.43
1747847553, 0, 1217, 1597, 1592, 27, 8.44%, 0, 0, 3, 11.77
1747847564, 0, 1217, 1598, 1593, 27, 8.44%, 0, 0, 3, 11.56
1747847574, 0, 1217, 1599, 1594, 27, 8.44%, 0, 0, 3, 10.91
1747847599, 0, 1219, 1599, 1594, 27, 8.44%, 0, 0, 3, 11.68
1747847604, 0, 1219, 1600, 1595, 27, 8.44%, 0, 0, 3, 11.09
1747847620, 0, 1220, 1600, 1595, 27, 8.44%, 0, 0, 3, 11.77
1747847635, 0, 1222, 1600, 1595, 27, 8.44%, 0, 0, 3, 12.14
1747847646, 0, 1223, 1600, 1595, 27, 8.44%, 0, 0, 3, 11.11
1747847656, 0, 1224, 1600, 1595, 27, 8.44%, 0, 0, 3, 12.08
1747847666, 0, 1226, 1600, 1595, 27, 8.44%, 0, 0, 3, 12.58
1747847676, 0, 1227, 1600, 1595, 27, 8.44%, 0, 0, 3, 11.96
1747847687, 0, 1228, 1600, 1595, 27, 8.44%, 0, 0, 3, 11.55
1747847702, 0, 1230, 1600, 1595, 27, 8.44%, 0, 0, 3, 10.77
1747847712, 0, 1231, 1600, 1595, 27, 8.44%, 0, 0, 3, 10.54
1747847722, 0, 1232, 1600, 1595, 27, 8.44%, 0, 0, 3, 11.62
1747847732, 0, 1233, 1600, 1595, 27, 8.44%, 0, 0, 3, 11.32
1747847748, 0, 1235, 1600, 1595, 27, 8.44%, 0, 0, 3, 14.51
1747854649, 0, 1236, 1600, 1594, 27, 8.44%, 0, 0, 3, 22.09
1747854654, 0, 1237, 1600, 1594, 27, 8.44%, 0, 0, 3, 20.82
1747854659, 0, 1239, 1600, 1594, 27, 8.44%, 0, 0, 3, 20.05
1747854664, 0, 1239, 1601, 1595, 27, 8.44%, 0, 0, 4, 17.58
1747854674, 0, 1240, 1601, 1595, 27, 8.44%, 0, 0, 4, 19.82
1747854685, 0, 1241, 1601, 1595, 27, 8.44%, 0, 0, 4, 20.52
1747854690, 0, 1242, 1601, 1595, 27, 8.44%, 0, 0, 4, 20.62
1747854695, 0, 1243, 1601, 1595, 27, 8.44%, 0, 0, 4, 19.42
1747854700, 0, 1243, 1602, 1596, 27, 8.44%, 0, 0, 4, 17.28
1747854710, 0, 1244, 1602, 1596, 27, 8.44%, 0, 0, 4, 18.79
1747854715, 0, 1245, 1602, 1596, 27, 8.44%, 0, 0, 4, 19.68
1747854720, 0, 1246, 1602, 1596, 27, 8.44%, 0, 0, 4, 19.29
1747854731, 0, 1250, 1602, 1596, 27, 8.44%, 0, 0, 4, 18.57
1747854736, 0, 1251, 1602, 1596, 27, 8.44%, 0, 0, 4, 18.72
1747854741, 0, 1252, 1602, 1596, 27, 8.44%, 0, 0, 4, 19.07
1747854751, 0, 1253, 1602, 1596, 27, 8.44%, 0, 0, 4, 20.14
1747854756, 0, 1254, 1602, 1596, 27, 8.44%, 0, 0, 4, 20.26
1747854761, 0, 1255, 1602, 1596, 27, 8.44%, 0, 0, 4, 19.30
1747854771, 0, 1256, 1602, 1596, 27, 8.44%, 0, 0, 4, 19.23
1747854777, 0, 1257, 1602, 1596, 27, 8.44%, 0, 0, 4, 20.34
1747854782, 0, 1258, 1602, 1596, 27, 8.44%, 0, 0, 4, 19.49
1747854787, 0, 1259, 1602, 1596, 27, 8.44%, 0, 0, 4, 19.81
1747854797, 0, 1261, 1602, 1596, 27, 8.44%, 0, 0, 4, 20.80
1747854802, 0, 1262, 1602, 1596, 27, 8.44%, 0, 0, 4, 20.55
1747854807, 0, 1263, 1602, 1596, 27, 8.44%, 0, 0, 4, 20.48
1747854813, 0, 1264, 1602, 1596, 27, 8.44%, 0, 0, 4, 19.95
1747854823, 0, 1266, 1602, 1596, 27, 8.44%, 0, 0, 4, 20.03
1747854828, 0, 1267, 1602, 1596, 27, 8.44%, 0, 0, 4, 19.66
1747854833, 0, 1267, 1603, 1597, 27, 8.44%, 0, 0, 4, 18.41
1747854843, 0, 1268, 1604, 1598, 27, 8.44%, 0, 0, 4, 18.97
1747854853, 0, 1269, 1604, 1598, 27, 8.44%, 0, 0, 4, 19.24
1747854859, 0, 1270, 1604, 1598, 27, 8.44%, 0, 0, 4, 19.75
1747854869, 0, 1271, 1604, 1598, 27, 8.44%, 0, 0, 4, 18.22
1747854874, 0, 1274, 1604, 1598, 27, 8.44%, 0, 0, 4, 18.74
1747854879, 0, 1275, 1604, 1598, 27, 8.44%, 0, 0, 4, 19.03
1747854889, 0, 1276, 1604, 1598, 27, 8.44%, 0, 0, 4, 20.19
1747854895, 0, 1277, 1604, 1598, 27, 8.44%, 0, 0, 4, 18.26
1747854900, 0, 1278, 1604, 1598, 27, 8.44%, 0, 0, 4, 19.79
1747854910, 0, 1279, 1604, 1598, 27, 8.44%, 0, 0, 4, 20.02
1747854915, 0, 1280, 1604, 1598, 27, 8.44%, 0, 0, 4, 20.80
1747854920, 0, 1281, 1604, 1598, 27, 8.44%, 0, 0, 4, 20.69
1747854925, 0, 1282, 1604, 1598, 27, 8.44%, 0, 0, 4, 19.57
1747854936, 0, 1283, 1604, 1598, 27, 8.44%, 0, 0, 4, 19.16
1747854941, 0, 1284, 1604, 1598, 27, 8.44%, 0, 0, 4, 18.81
1747854946, 0, 1284, 1605, 1599, 27, 8.45%, 0, 0, 4, 17.57
1747854956, 0, 1285, 1605, 1599, 28, 8.45%, 0, 0, 4, 18.67
1747854961, 0, 1286, 1606, 1600, 28, 8.46%, 0, 0, 4, 19.56
1747854971, 0, 1286, 1607, 1601, 28, 8.46%, 0, 0, 4, 16.95
1747854992, 0, 1287, 1607, 1601, 29, 8.46%, 0, 0, 4, 19.09
1747854997, 0, 1288, 1607, 1601, 29, 8.46%, 0, 0, 4, 19.61
1747855002, 0, 1288, 1608, 1602, 29, 8.46%, 0, 0, 4, 17.32
1747855012, 0, 1289, 1608, 1602, 29, 8.46%, 0, 0, 4, 19.08
1747855018, 0, 1290, 1608, 1602, 29, 8.46%, 0, 0, 4, 21.20
1747855028, 0, 1293, 1608, 1602, 29, 8.46%, 0, 0, 4, 12.45
1747855038, 0, 1294, 1608, 1602, 29, 8.46%, 0, 0, 4, 10.56
1747855048, 0, 1295, 1608, 1602, 29, 8.46%, 0, 0, 4, 11.98
1747855059, 0, 1296, 1608, 1602, 29, 8.46%, 0, 0, 4, 11.52
1747855069, 0, 1297, 1608, 1602, 29, 8.46%, 0, 0, 4, 12.28
1747855074, 0, 1297, 1609, 1603, 29, 8.46%, 0, 0, 4, 10.70
1747855095, 0, 1298, 1609, 1603, 30, 8.46%, 0, 0, 4, 11.12
1747855110, 0, 1299, 1609, 1603, 30, 8.46%, 0, 0, 4, 11.03
1747855120, 0, 1300, 1609, 1603, 30, 8.46%, 0, 0, 4, 11.84
1747855130, 0, 1301, 1609, 1603, 30, 8.46%, 0, 0, 4, 11.72
1747855141, 0, 1304, 1609, 1603, 30, 8.46%, 0, 0, 4, 12.06
1747855151, 0, 1306, 1609, 1603, 30, 8.46%, 0, 0, 4, 12.58
1747855161, 0, 1307, 1609, 1603, 30, 8.46%, 0, 0, 4, 12.20
1747855172, 0, 1309, 1609, 1603, 30, 8.46%, 0, 0, 4, 10.80
1747855187, 0, 1310, 1609, 1603, 30, 8.46%, 0, 0, 4, 11.09
1747855197, 0, 1311, 1609, 1603, 30, 8.46%, 0, 0, 4, 11.60
1747855208, 0, 1313, 1609, 1603, 30, 8.46%, 0, 0, 4, 10.79
1747855223, 0, 1314, 1609, 1603, 30, 8.46%, 0, 0, 4, 11.75
1747855228, 0, 1314, 1610, 1604, 30, 8.46%, 0, 0, 4, 10.98
1747855244, 0, 1315, 1610, 1604, 30, 8.46%, 0, 0, 4, 10.42
1747855259, 0, 1316, 1610, 1604, 30, 8.46%, 0, 0, 4, 12.13
1747855269, 0, 1317, 1610, 1604, 30, 8.46%, 0, 0, 4, 11.82
1747855280, 0, 1318, 1610, 1604, 30, 8.46%, 0, 0, 4, 11.11
1747855290, 0, 1319, 1610, 1604, 30, 8.46%, 0, 0, 4, 12.25
1747855301, 0, 1321, 1610, 1604, 30, 8.46%, 0, 0, 4, 12.73
1747855311, 0, 1323, 1610, 1604, 30, 8.46%, 0, 0, 4, 11.11
1747855326, 0, 1324, 1610, 1604, 30, 8.46%, 0, 0, 4, 11.00
1747855336, 0, 1325, 1610, 1604, 30, 8.46%, 0, 0, 4, 11.15
1747855346, 0, 1326, 1610, 1604, 30, 8.46%, 0, 0, 4, 11.58
1747855357, 0, 1326, 1611, 1605, 30, 8.46%, 0, 0, 4, 10.05
1747855372, 0, 1327, 1611, 1605, 30, 8.46%, 0, 0, 4, 11.41
1747855382, 0, 1328, 1611, 1605, 30, 8.46%, 0, 0, 4, 11.54
1747855398, 0, 1329, 1612, 1606, 30, 8.46%, 0, 0, 4, 11.69
1747855418, 0, 1331, 1612, 1606, 30, 8.46%, 0, 0, 4, 11.03
1747855428, 0, 1332, 1612, 1606, 30, 8.46%, 0, 0, 4, 11.84
1747855439, 0, 1333, 1612, 1606, 30, 8.46%, 0, 0, 4, 12.31
1747855444, 0, 1333, 1613, 1607, 30, 8.46%, 0, 0, 4, 10.93
1747855454, 0, 1333, 1614, 1608, 30, 8.46%, 0, 0, 4, 11.76
1747855490, 0, 1335, 1614, 1608, 30, 8.46%, 0, 0, 4, 10.70
1747855500, 0, 1336, 1614, 1608, 30, 8.46%, 0, 0, 4, 11.42
1747855505, 0, 1336, 1615, 1609, 30, 8.46%, 0, 0, 4, 11.29
1747855516, 0, 1336, 1616, 1610, 30, 8.46%, 0, 0, 4, 10.97
1747855546, 0, 1339, 1616, 1610, 30, 8.46%, 0, 0, 4, 11.93
1747855557, 0, 1340, 1616, 1610, 30, 8.46%, 0, 0, 4, 11.97
1747855572, 0, 1341, 1616, 1610, 30, 8.46%, 0, 0, 4, 11.47
1747855583, 0, 1342, 1616, 1610, 30, 8.46%, 0, 0, 4, 11.39
1747855593, 0, 1343, 1616, 1610, 30, 8.46%, 0, 0, 4, 11.54
1747855603, 0, 1344, 1616, 1610, 30, 8.46%, 0, 0, 4, 11.38
1747855619, 0, 1345, 1616, 1610, 30, 8.46%, 0, 0, 4, 11.69
1747855629, 0, 1346, 1616, 1610, 30, 8.46%, 0, 0, 4, 11.14
1747855639, 0, 1348, 1617, 1611, 30, 8.46%, 0, 0, 4, 9.64
1747855644, 0, 1348, 1618, 1612, 30, 8.46%, 0, 0, 4, 9.49
1747855685, 0, 1349, 1618, 1612, 31, 8.46%, 0, 0, 4, 11.69
1747855690, 0, 1349, 1619, 1613, 31, 8.46%, 0, 0, 4, 10.40
1747855711, 0, 1350, 1619, 1613, 31, 8.46%, 0, 0, 4, 12.44
1747855721, 0, 1351, 1619, 1613, 31, 8.46%, 0, 0, 4, 11.45
1747855736, 0, 1352, 1619, 1613, 31, 8.46%, 0, 0, 4, 11.98
1747855742, 0, 1352, 1620, 1614, 31, 8.47%, 0, 0, 4, 10.76
1747855747, 0, 1352, 1621, 1615, 31, 8.47%, 0, 0, 4, 9.55
1747855783, 0, 1353, 1621, 1615, 32, 8.47%, 0, 0, 4, 11.34
1747855793, 0, 1355, 1621, 1615, 32, 8.47%, 0, 0, 4, 11.06
1747855798, 0, 1355, 1622, 1616, 32, 8.47%, 0, 0, 4, 10.40
1747855819, 0, 1356, 1622, 1616, 32, 8.47%, 0, 0, 4, 11.39
1747855829, 0, 1358, 1622, 1616, 32, 8.47%, 0, 0, 4, 11.23
1747855839, 0, 1359, 1622, 1616, 32, 8.47%, 0, 0, 4, 11.15
1747855855, 0, 1360, 1622, 1616, 32, 8.47%, 0, 0, 4, 11.49
1747855865, 0, 1362, 1622, 1616, 32, 8.47%, 0, 0, 4, 10.98
1747855876, 0, 1363, 1622, 1616, 32, 8.47%, 0, 0, 4, 11.13
1747855886, 0, 1364, 1622, 1616, 32, 8.47%, 0, 0, 4, 11.78
1747855901, 0, 1365, 1623, 1617, 32, 8.47%, 0, 0, 4, 11.39
1747855922, 0, 1366, 1623, 1617, 32, 8.47%, 0, 0, 4, 11.41
1747855932, 0, 1367, 1623, 1617, 32, 8.47%, 0, 0, 4, 11.20
1747855943, 0, 1367, 1624, 1618, 32, 8.47%, 0, 0, 4, 10.04
1747855958, 0, 1369, 1624, 1618, 32, 8.47%, 0, 0, 4, 13.09
1747855969, 0, 1370, 1624, 1618, 32, 8.47%, 0, 0, 4, 11.46
1747855979, 0, 1371, 1624, 1618, 32, 8.47%, 0, 0, 4, 12.48
1747855989, 0, 1373, 1624, 1618, 32, 8.47%, 0, 0, 4, 11.18
1747855999, 0, 1374, 1624, 1618, 32, 8.47%, 0, 0, 4, 11.90
1747856010, 0, 1375, 1624, 1618, 32, 8.47%, 0, 0, 4, 12.88
1747856025, 0, 1378, 1624, 1618, 32, 8.47%, 0, 0, 4, 11.58
1747856030, 0, 1378, 1626, 1620, 32, 8.47%, 0, 0, 4, 9.95
1747856056, 0, 1378, 1627, 1621, 32, 8.47%, 0, 0, 4, 9.63
1747856061, 0, 1378, 1628, 1622, 32, 8.47%, 0, 0, 4, 10.78
1747856169, 0, 1378, 1629, 1623, 32, 8.47%, 0, 0, 4, 10.73
1747856277, 0, 1378, 1630, 1624, 32, 8.47%, 0, 0, 4, 10.50
1747856374, 0, 1378, 1631, 1625, 32, 8.47%, 0, 0, 4, 11.40
1747856405, 0, 1379, 1631, 1625, 32, 8.47%, 0, 0, 4, 11.07
1747856420, 0, 1380, 1631, 1625, 32, 8.47%, 0, 0, 4, 12.49
1747856431, 0, 1382, 1631, 1625, 32, 8.47%, 0, 0, 4, 10.90
1747856441, 0, 1383, 1631, 1625, 32, 8.47%, 0, 0, 4, 11.30
1747856451, 0, 1385, 1631, 1625, 32, 8.47%, 0, 0, 4, 11.36
1747856462, 0, 1386, 1631, 1625, 32, 8.47%, 0, 0, 4, 11.17
1747856477, 0, 1387, 1631, 1625, 32, 8.47%, 0, 0, 4, 11.51
1747856487, 0, 1389, 1631, 1625, 32, 8.47%, 0, 0, 4, 11.94
1747856498, 0, 1390, 1631, 1625, 32, 8.47%, 0, 0, 4, 11.20
1747856508, 0, 1391, 1631, 1625, 32, 8.47%, 0, 0, 4, 11.96
1747856523, 0, 1394, 1631, 1625, 32, 8.47%, 0, 0, 4, 12.13
1747856534, 0, 1395, 1631, 1625, 32, 8.47%, 0, 0, 4, 11.05
1747856544, 0, 1397, 1631, 1625, 32, 8.47%, 0, 0, 4, 11.44
1747856554, 0, 1398, 1631, 1625, 32, 8.47%, 0, 0, 4, 11.76
1747856570, 0, 1399, 1631, 1625, 32, 8.47%, 0, 0, 4, 11.95
1747856580, 0, 1400, 1631, 1625, 32, 8.47%, 0, 0, 4, 10.63
1747856590, 0, 1402, 1631, 1625, 32, 8.47%, 0, 0, 4, 10.64
1747856600, 0, 1404, 1631, 1625, 32, 8.47%, 0, 0, 4, 12.42
1747856611, 0, 1405, 1631, 1625, 32, 8.47%, 0, 0, 4, 12.62
1747856626, 0, 1406, 1631, 1625, 32, 8.47%, 0, 0, 4, 10.74
1747856636, 0, 1408, 1631, 1625, 32, 8.47%, 0, 0, 4, 11.79
1747856646, 0, 1409, 1631, 1625, 32, 8.47%, 0, 0, 4, 11.02
1747856657, 0, 1410, 1631, 1625, 32, 8.47%, 0, 0, 4, 12.06
1747856662, 0, 1410, 1632, 1626, 32, 8.47%, 0, 0, 4, 10.71
1747856682, 0, 1411, 1632, 1626, 32, 8.47%, 0, 0, 4, 10.83
1747856698, 0, 1412, 1632, 1626, 32, 8.47%, 0, 0, 4, 11.59
1747856708, 0, 1413, 1632, 1626, 32, 8.47%, 0, 0, 4, 11.75
1747856718, 0, 1414, 1632, 1626, 32, 8.47%, 0, 0, 4, 11.16
1747856729, 0, 1416, 1632, 1626, 32, 8.47%, 0, 0, 4, 10.01
1747856744, 0, 1417, 1632, 1626, 32, 8.47%, 0, 0, 4, 11.66
1747856754, 0, 1418, 1632, 1626, 32, 8.47%, 0, 0, 4, 11.09
1747856765, 0, 1419, 1632, 1626, 32, 8.47%, 0, 0, 4, 11.20
1747856775, 0, 1420, 1632, 1626, 32, 8.47%, 0, 0, 4, 11.88
1747856791, 0, 1421, 1632, 1626, 32, 8.47%, 0, 0, 4, 10.68
1747856801, 0, 1422, 1632, 1626, 32, 8.47%, 0, 0, 4, 10.50
1747856811, 0, 1423, 1632, 1626, 32, 8.47%, 0, 0, 4, 11.13
1747856821, 0, 1425, 1632, 1626, 32, 8.47%, 0, 0, 4, 11.97
1747856837, 0, 1426, 1632, 1626, 32, 8.47%, 0, 0, 4, 12.01
1747856842, 0, 1426, 1633, 1627, 32, 8.47%, 0, 0, 4, 10.92
1747856858, 0, 1427, 1633, 1627, 32, 8.47%, 0, 0, 4, 11.48
1747856868, 0, 1428, 1633, 1627, 32, 8.47%, 0, 0, 4, 10.85
1747856883, 0, 1429, 1633, 1627, 32, 8.47%, 0, 0, 4, 12.86
1747856893, 0, 1430, 1633, 1627, 32, 8.47%, 0, 0, 4, 12.24
1747856904, 0, 1431, 1633, 1627, 32, 8.47%, 0, 0, 4, 10.57
1747856914, 0, 1432, 1633, 1627, 32, 8.47%, 0, 0, 4, 11.76
1747856924, 0, 1434, 1633, 1627, 32, 8.47%, 0, 0, 4, 10.81
1747856940, 0, 1435, 1633, 1627, 32, 8.47%, 0, 0, 4, 11.70
1747856950, 0, 1436, 1633, 1627, 32, 8.47%, 0, 0, 4, 11.36
1747856960, 0, 1437, 1633, 1627, 32, 8.47%, 0, 0, 4, 11.19
1747856970, 0, 1439, 1633, 1627, 32, 8.47%, 0, 0, 4, 11.68
1747856986, 0, 1441, 1633, 1627, 32, 8.47%, 0, 0, 4, 11.87
1747856996, 0, 1443, 1633, 1627, 32, 8.47%, 0, 0, 4, 11.00
1747857006, 0, 1444, 1633, 1627, 32, 8.47%, 0, 0, 4, 10.90
1747857016, 0, 1445, 1633, 1627, 32, 8.47%, 0, 0, 4, 11.06
1747857032, 0, 1446, 1633, 1627, 32, 8.47%, 0, 0, 4, 12.02
1747857042, 0, 1447, 1633, 1627, 32, 8.47%, 0, 0, 4, 11.32
1747857052, 0, 1449, 1633, 1627, 32, 8.47%, 0, 0, 4, 11.47
1747857062, 0, 1450, 1633, 1627, 32, 8.47%, 0, 0, 4, 11.43
1747857078, 0, 1451, 1633, 1627, 32, 8.47%, 0, 0, 4, 11.14
1747857088, 0, 1452, 1634, 1628, 32, 8.47%, 0, 0, 4, 12.14
1747857093, 0, 1452, 1635, 1629, 32, 8.47%, 0, 0, 4, 11.30
1747857134, 0, 1453, 1635, 1629, 32, 8.47%, 0, 0, 4, 11.45
1747857144, 0, 1454, 1635, 1629, 32, 8.47%, 0, 0, 4, 12.01
1747857155, 0, 1455, 1635, 1629, 32, 8.47%, 0, 0, 4, 11.38
1747857170, 0, 1457, 1635, 1629, 32, 8.47%, 0, 0, 4, 11.49
1747857180, 0, 1458, 1635, 1629, 32, 8.47%, 0, 0, 4, 11.66
1747857191, 0, 1459, 1635, 1629, 32, 8.47%, 0, 0, 4, 11.35
1747857201, 0, 1463, 1635, 1629, 32, 8.47%, 0, 0, 4, 11.43
1747857216, 0, 1464, 1635, 1629, 32, 8.47%, 0, 0, 4, 10.89
1747857221, 0, 1464, 1636, 1630, 32, 8.47%, 0, 0, 4, 10.62
1747857231, 0, 1464, 1637, 1631, 32, 8.47%, 0, 0, 4, 10.40
1747857262, 0, 1465, 1637, 1631, 32, 8.47%, 0, 0, 4, 11.14
1747857272, 0, 1466, 1637, 1631, 32, 8.47%, 0, 0, 4, 11.47
1747857288, 0, 1467, 1637, 1631, 32, 8.47%, 0, 0, 4, 11.16
1747857298, 0, 1468, 1637, 1631, 32, 8.47%, 0, 0, 4, 12.71
1747857308, 0, 1469, 1637, 1631, 32, 8.47%, 0, 0, 4, 11.87
1747857318, 0, 1470, 1637, 1631, 32, 8.47%, 0, 0, 4, 11.90
1747857323, 0, 1470, 1638, 1632, 32, 8.47%, 0, 0, 4, 10.97
1747857344, 0, 1471, 1638, 1632, 32, 8.47%, 0, 0, 4, 11.25
1747857354, 0, 1472, 1638, 1632, 32, 8.47%, 0, 0, 4, 10.99
1747857364, 0, 1473, 1638, 1632, 32, 8.47%, 0, 0, 4, 12.11
1747857379, 0, 1474, 1638, 1632, 32, 8.47%, 0, 0, 4, 11.58
1747857389, 0, 1476, 1638, 1632, 32, 8.47%, 0, 0, 4, 11.54
1747857400, 0, 1477, 1638, 1632, 32, 8.47%, 0, 0, 4, 11.20
1747857415, 0, 1478, 1638, 1632, 32, 8.47%, 0, 0, 4, 12.07
1747857425, 0, 1479, 1638, 1632, 32, 8.47%, 0, 0, 4, 12.35
1747857436, 0, 1480, 1638, 1632, 32, 8.47%, 0, 0, 4, 11.79
1747857446, 0, 1481, 1638, 1632, 32, 8.47%, 0, 0, 4, 11.00
1747857456, 0, 1482, 1638, 1632, 32, 8.47%, 0, 0, 4, 10.90
1747857467, 0, 1483, 1638, 1632, 32, 8.47%, 0, 0, 4, 11.01
1747857482, 0, 1484, 1638, 1632, 32, 8.47%, 0, 0, 4, 11.38
1747857492, 0, 1485, 1638, 1632, 32, 8.47%, 0, 0, 4, 11.61
1747857502, 0, 1486, 1638, 1632, 32, 8.47%, 0, 0, 4, 10.99
1747857513, 0, 1487, 1638, 1632, 32, 8.47%, 0, 0, 4, 11.79
1747857528, 0, 1488, 1639, 1633, 32, 8.47%, 0, 0, 4, 11.68
1747857549, 0, 1490, 1640, 1634, 32, 8.47%, 0, 0, 4, 10.21
1747857564, 0, 1490, 1641, 1635, 32, 8.47%, 0, 0, 4, 9.20
1747857600, 0, 1492, 1641, 1635, 32, 8.47%, 0, 0, 4, 12.16
1747857610, 0, 1493, 1641, 1635, 32, 8.47%, 0, 0, 4, 10.85
1747857626, 0, 1494, 1641, 1635, 32, 8.47%, 0, 0, 4, 12.72
1747857636, 0, 1495, 1641, 1635, 32, 8.47%, 0, 0, 4, 11.10
1747857646, 0, 1496, 1641, 1635, 32, 8.47%, 0, 0, 4, 12.61
1747857656, 0, 1497, 1641, 1635, 32, 8.47%, 0, 0, 4, 11.92
1747857667, 0, 1498, 1641, 1635, 32, 8.47%, 0, 0, 4, 10.69
1747857677, 0, 1498, 1642, 1636, 32, 8.47%, 0, 0, 4, 10.24
1747857692, 0, 1499, 1642, 1636, 32, 8.47%, 0, 0, 4, 12.08
1747857708, 0, 1501, 1642, 1636, 32, 8.47%, 0, 0, 4, 12.11
1747857718, 0, 1502, 1642, 1636, 32, 8.47%, 0, 0, 4, 10.35
1747857729, 0, 1503, 1642, 1636, 32, 8.47%, 0, 0, 4, 11.00
1747857744, 0, 1504, 1642, 1636, 32, 8.47%, 0, 0, 4, 11.17
1747857754, 0, 1506, 1642, 1636, 32, 8.47%, 0, 0, 4, 10.85
1747857764, 0, 1507, 1642, 1636, 32, 8.47%, 0, 0, 4, 11.40
1747857770, 0, 1507, 1643, 1637, 32, 8.47%, 0, 0, 4, 10.71
1747857780, 0, 1507, 1644, 1638, 32, 8.47%, 0, 0, 4, 10.21
1747857816, 0, 1510, 1644, 1638, 32, 8.47%, 0, 0, 4, 11.38
1747857826, 0, 1511, 1644, 1638, 32, 8.47%, 0, 0, 4, 12.06
1747857836, 0, 1512, 1644, 1638, 32, 8.47%, 0, 0, 4, 10.96
1747857852, 0, 1514, 1644, 1638, 32, 8.47%, 0, 0, 4, 10.61
1747857862, 0, 1515, 1644, 1638, 32, 8.47%, 0, 0, 4, 12.23
1747857872, 0, 1516, 1644, 1638, 32, 8.47%, 0, 0, 4, 11.29
1747857882, 0, 1517, 1644, 1638, 32, 8.47%, 0, 0, 4, 9.88
1747857898, 0, 1518, 1644, 1638, 32, 8.47%, 0, 0, 4, 11.26
1747857908, 0, 1519, 1644, 1638, 32, 8.47%, 0, 0, 4, 10.90
1747857919, 0, 1519, 1645, 1639, 32, 8.47%, 0, 0, 4, 10.53
1747857934, 0, 1520, 1645, 1639, 32, 8.47%, 0, 0, 4, 11.81
1747857944, 0, 1521, 1645, 1639, 32, 8.47%, 0, 0, 4, 11.50
1747857954, 0, 1522, 1645, 1639, 32, 8.47%, 0, 0, 4, 10.30
1747857970, 0, 1523, 1645, 1639, 32, 8.47%, 0, 0, 4, 11.49
1747857980, 0, 1524, 1645, 1639, 32, 8.47%, 0, 0, 4, 10.37
1747857990, 0, 1525, 1645, 1639, 32, 8.47%, 0, 0, 4, 11.58
1747858005, 0, 1526, 1645, 1639, 32, 8.47%, 0, 0, 4, 12.74
1747858016, 0, 1527, 1645, 1639, 32, 8.47%, 0, 0, 4, 11.25
1747858026, 0, 1528, 1645, 1639, 32, 8.47%, 0, 0, 4, 11.49
1747858036, 0, 1530, 1645, 1639, 32, 8.47%, 0, 0, 4, 11.80
1747858046, 0, 1531, 1645, 1639, 32, 8.47%, 0, 0, 4, 10.55
1747858062, 0, 1532, 1645, 1639, 32, 8.47%, 0, 0, 4, 10.93
1747858072, 0, 1533, 1645, 1639, 32, 8.47%, 0, 0, 4, 9.94
1747858082, 0, 1533, 1646, 1640, 32, 8.48%, 0, 0, 4, 9.94
1747858097, 0, 1534, 1646, 1640, 33, 8.48%, 0, 0, 4, 9.83
1747858107, 0, 1536, 1646, 1640, 33, 8.48%, 0, 0, 4, 12.03
1747858123, 0, 1537, 1646, 1640, 33, 8.48%, 0, 0, 4, 12.66
1747858133, 0, 1538, 1646, 1640, 33, 8.48%, 0, 0, 4, 12.05
1747858144, 0, 1538, 1647, 1641, 33, 8.49%, 0, 0, 4, 10.30
1747858154, 0, 1539, 1647, 1641, 34, 8.49%, 0, 0, 4, 11.48
1747858164, 0, 1539, 1648, 1642, 34, 8.49%, 0, 0, 4, 10.55
1747858169, 0, 1539, 1649, 1643, 34, 8.49%, 0, 0, 4, 8.83
1747858205, 0, 1540, 1649, 1643, 35, 8.49%, 0, 0, 4, 10.65
1747858216, 0, 1540, 1650, 1644, 35, 8.49%, 0, 0, 4, 11.76
1747858231, 0, 1541, 1651, 1645, 35, 8.49%, 0, 0, 4, 9.81
1747858252, 0, 1541, 1652, 1646, 35, 8.49%, 0, 0, 4, 9.69
1747858282, 0, 1542, 1652, 1646, 35, 8.49%, 0, 0, 4, 11.80
1747858293, 0, 1543, 1652, 1646, 35, 8.49%, 0, 0, 4, 12.47
1747858303, 0, 1545, 1652, 1646, 35, 8.49%, 0, 0, 4, 11.18
1747858313, 0, 1548, 1652, 1646, 35, 8.49%, 0, 0, 4, 11.16
1747858329, 0, 1549, 1653, 1647, 35, 8.49%, 0, 0, 4, 9.36
1747858334, 0, 1549, 1654, 1648, 35, 8.49%, 0, 0, 4, 11.13
1747858339, 0, 1549, 1655, 1649, 35, 8.49%, 0, 0, 4, 9.96
1747858401, 0, 1549, 1656, 1650, 35, 8.49%, 0, 0, 4, 12.19
1747858457, 0, 1549, 1657, 1651, 35, 8.49%, 0, 0, 4, 9.33
1747858488, 0, 1549, 1658, 1652, 35, 8.49%, 0, 0, 4, 8.65
1747858549, 0, 1549, 1659, 1653, 35, 8.49%, 0, 0, 4, 9.51
1747858729, 0, 1550, 1659, 1653, 35, 8.49%, 0, 0, 4, 10.57
1747858740, 0, 1551, 1659, 1653, 35, 8.49%, 0, 0, 4, 11.73
1747858750, 0, 1552, 1659, 1653, 35, 8.49%, 0, 0, 4, 12.14
1747858765, 0, 1554, 1659, 1653, 35, 8.49%, 0, 0, 4, 10.55
1747858775, 0, 1556, 1659, 1653, 35, 8.49%, 0, 0, 4, 10.96
1747858786, 0, 1560, 1660, 1654, 35, 8.49%, 0, 0, 4, 9.84
1747858806, 0, 1560, 1661, 1655, 35, 8.49%, 0, 0, 4, 8.87
1747858816, 0, 1560, 1662, 1656, 35, 8.49%, 0, 0, 4, 9.02
1747858821, 0, 1560, 1663, 1657, 35, 8.49%, 0, 0, 4, 9.41
1747858893, 0, 1560, 1664, 1658, 35, 8.49%, 0, 0, 4, 9.54
1747858954, 0, 1560, 1665, 1659, 35, 8.49%, 0, 0, 4, 10.19
1747859078, 0, 1560, 1666, 1660, 35, 8.49%, 0, 0, 4, 10.28
1747859150, 0, 1560, 1667, 1661, 35, 8.49%, 0, 0, 4, 10.07
1747859191, 0, 1561, 1667, 1661, 35, 8.49%, 0, 0, 4, 10.83
1747859201, 0, 1562, 1667, 1661, 35, 8.49%, 0, 0, 4, 10.92
1747859206, 0, 1562, 1668, 1662, 35, 8.49%, 0, 0, 4, 9.47
1747859227, 0, 1563, 1669, 1663, 35, 8.49%, 0, 0, 4, 9.26
1747859252, 0, 1565, 1669, 1663, 35, 8.49%, 0, 0, 4, 11.78
1747859263, 0, 1567, 1669, 1663, 35, 8.49%, 0, 0, 4, 11.34
1747859273, 0, 1568, 1669, 1663, 35, 8.49%, 0, 0, 4, 10.88
1747859283, 0, 1569, 1669, 1663, 35, 8.49%, 0, 0, 4, 11.67
1747859299, 0, 1570, 1669, 1663, 35, 8.49%, 0, 0, 4, 11.58
1747859309, 0, 1571, 1669, 1663, 35, 8.49%, 0, 0, 4, 11.96
1747859319, 0, 1572, 1669, 1663, 35, 8.49%, 0, 0, 4, 10.85
1747859329, 0, 1573, 1669, 1663, 35, 8.49%, 0, 0, 4, 11.99
1747859345, 0, 1574, 1669, 1663, 35, 8.49%, 0, 0, 4, 11.51
1747859355, 0, 1575, 1669, 1663, 35, 8.49%, 0, 0, 4, 10.46
1747859366, 0, 1576, 1669, 1663, 35, 8.49%, 0, 0, 4, 11.34
1747859381, 0, 1577, 1669, 1663, 35, 8.49%, 0, 0, 4, 11.87
1747859391, 0, 1581, 1669, 1663, 35, 8.49%, 0, 0, 4, 10.14
1747859401, 0, 1581, 1670, 1664, 35, 8.49%, 0, 0, 4, 9.97
1747859417, 0, 1582, 1670, 1664, 35, 8.49%, 0, 0, 4, 11.09
1747859432, 0, 1583, 1670, 1664, 35, 8.49%, 0, 0, 4, 10.78
1747859442, 0, 1584, 1671, 1665, 35, 8.49%, 0, 0, 4, 9.26
1747859468, 0, 1585, 1671, 1665, 35, 8.49%, 0, 0, 4, 12.47
1747859478, 0, 1586, 1671, 1665, 35, 8.49%, 0, 0, 4, 11.14
1747859483, 0, 1586, 1672, 1666, 35, 8.49%, 0, 0, 4, 10.15
1747859504, 0, 1587, 1672, 1666, 35, 8.49%, 0, 0, 4, 10.62
1747859514, 0, 1588, 1672, 1666, 35, 8.49%, 0, 0, 4, 10.17
1747859524, 0, 1589, 1672, 1666, 35, 8.49%, 0, 0, 4, 10.07
1747859540, 0, 1589, 1673, 1667, 35, 8.49%, 0, 0, 4, 9.42
1747859550, 0, 1590, 1673, 1667, 35, 8.49%, 0, 0, 4, 10.80
1747859565, 0, 1591, 1673, 1667, 35, 8.49%, 0, 0, 4, 10.64
1747859575, 0, 1592, 1673, 1667, 35, 8.49%, 0, 0, 4, 10.56
1747859591, 0, 1593, 1673, 1667, 35, 8.49%, 0, 0, 4, 10.72
1747859601, 0, 1594, 1673, 1667, 35, 8.49%, 0, 0, 4, 11.10
1747859611, 0, 1595, 1673, 1667, 35, 8.49%, 0, 0, 4, 11.24
1747859627, 0, 1596, 1673, 1667, 35, 8.49%, 0, 0, 4, 11.12
1747859637, 0, 1597, 1673, 1667, 35, 8.49%, 0, 0, 4, 10.84
1747859647, 0, 1598, 1673, 1667, 35, 8.49%, 0, 0, 4, 9.90
1747859663, 0, 1599, 1673, 1667, 35, 8.49%, 0, 0, 4, 10.30
1747859673, 0, 1600, 1673, 1667, 35, 8.49%, 0, 0, 4, 9.86
1747859683, 0, 1601, 1673, 1667, 35, 8.49%, 0, 0, 4, 11.42
1747859699, 0, 1602, 1673, 1667, 35, 8.49%, 0, 0, 4, 11.53
1747859704, 0, 1602, 1674, 1668, 35, 8.49%, 0, 0, 4, 10.38
1747859724, 0, 1603, 1675, 1669, 35, 8.49%, 0, 0, 4, 9.27
1747859750, 0, 1604, 1675, 1669, 35, 8.49%, 0, 0, 4, 11.08
1747859760, 0, 1605, 1675, 1669, 35, 8.49%, 0, 0, 4, 11.21
1747859770, 0, 1606, 1675, 1669, 35, 8.49%, 0, 0, 4, 12.35
1747859786, 0, 1607, 1675, 1669, 35, 8.49%, 0, 0, 4, 11.45
1747859796, 0, 1608, 1675, 1669, 35, 8.49%, 0, 0, 4, 12.41
1747859806, 0, 1609, 1675, 1669, 35, 8.49%, 0, 0, 4, 12.14
1747859817, 0, 1610, 1675, 1669, 35, 8.49%, 0, 0, 4, 11.14
1747859832, 0, 1611, 1675, 1669, 35, 8.49%, 0, 0, 4, 11.21
1747859842, 0, 1614, 1675, 1669, 35, 8.49%, 0, 0, 4, 10.72
1747859853, 0, 1615, 1675, 1669, 35, 8.49%, 0, 0, 4, 11.39
1747859863, 0, 1616, 1675, 1669, 35, 8.49%, 0, 0, 4, 11.85
1747859873, 0, 1617, 1675, 1669, 35, 8.49%, 0, 0, 4, 11.18
1747859878, 0, 1617, 1676, 1670, 35, 8.49%, 0, 0, 4, 9.27
1747859904, 0, 1618, 1676, 1670, 35, 8.49%, 0, 0, 4, 9.68
1747859914, 0, 1619, 1676, 1670, 35, 8.49%, 0, 0, 4, 11.21
1747859924, 0, 1619, 1677, 1671, 35, 8.49%, 0, 0, 4, 10.31
1747859940, 0, 1621, 1677, 1671, 35, 8.49%, 0, 0, 4, 9.68
1747859950, 0, 1623, 1677, 1671, 35, 8.49%, 0, 0, 4, 11.01
1747859966, 0, 1624, 1677, 1671, 35, 8.49%, 0, 0, 4, 9.71
1747859976, 0, 1624, 1678, 1672, 35, 8.49%, 0, 0, 4, 9.03
1747859992, 0, 1625, 1678, 1672, 35, 8.49%, 0, 0, 4, 10.92
1747860002, 0, 1626, 1678, 1672, 35, 8.49%, 0, 0, 4, 10.49
1747860012, 0, 1627, 1678, 1672, 35, 8.49%, 0, 0, 4, 13.06
1747860023, 0, 1628, 1678, 1672, 35, 8.49%, 0, 0, 4, 10.49
1747860038, 0, 1629, 1678, 1672, 35, 8.49%, 0, 0, 4, 10.86
1747860048, 0, 1630, 1678, 1672, 35, 8.49%, 0, 0, 4, 10.42
1747860064, 0, 1631, 1678, 1672, 35, 8.49%, 0, 0, 4, 11.38
1747860074, 0, 1632, 1678, 1672, 35, 8.49%, 0, 0, 4, 10.88
1747860085, 0, 1633, 1678, 1672, 35, 8.49%, 0, 0, 4, 11.20
1747860095, 0, 1634, 1678, 1672, 35, 8.49%, 0, 0, 4, 11.17
1747860110, 0, 1635, 1678, 1672, 35, 8.49%, 0, 0, 4, 10.77
1747860121, 0, 1637, 1678, 1672, 35, 8.49%, 0, 0, 4, 10.52
1747860131, 0, 1637, 1679, 1673, 35, 8.49%, 0, 0, 4, 8.70
1747860146, 0, 1638, 1679, 1673, 35, 8.49%, 0, 0, 4, 11.60
1747860157, 0, 1639, 1679, 1673, 35, 8.49%, 0, 0, 4, 11.82
1747860167, 0, 1642, 1679, 1673, 35, 8.49%, 0, 0, 4, 12.24
1747860177, 0, 1643, 1679, 1673, 35, 8.49%, 0, 0, 4, 11.03
1747860193, 0, 1644, 1679, 1673, 35, 8.49%, 0, 0, 4, 10.66
1747860203, 0, 1645, 1679, 1673, 35, 8.49%, 0, 0, 4, 12.44
1747860213, 0, 1646, 1679, 1673, 35, 8.49%, 0, 0, 4, 11.44
1747860223, 0, 1647, 1679, 1673, 35, 8.49%, 0, 0, 4, 10.35
1747860239, 0, 1648, 1679, 1673, 35, 8.49%, 0, 0, 4, 10.50
1747860249, 0, 1649, 1679, 1673, 35, 8.49%, 0, 0, 4, 12.51
1747860259, 0, 1650, 1679, 1673, 35, 8.49%, 0, 0, 4, 12.09
1747860270, 0, 1651, 1679, 1673, 35, 8.49%, 0, 0, 4, 13.03
1747860280, 0, 1652, 1679, 1673, 35, 8.49%, 0, 0, 4, 10.26
1747860295, 0, 1653, 1679, 1673, 35, 8.49%, 0, 0, 4, 12.02
1747860306, 0, 1655, 1679, 1673, 35, 8.49%, 0, 0, 4, 11.94
1747860316, 0, 1656, 1679, 1673, 35, 8.49%, 0, 0, 4, 10.88
1747860326, 0, 1657, 1679, 1673, 35, 8.49%, 0, 0, 4, 11.53
1747860336, 0, 1658, 1679, 1673, 35, 8.49%, 0, 0, 4, 11.36
1747860352, 0, 1659, 1679, 1673, 35, 8.49%, 0, 0, 4, 11.72
1747860362, 0, 1660, 1679, 1673, 35, 8.49%, 0, 0, 4, 11.29
1747860373, 0, 1661, 1679, 1673, 35, 8.49%, 0, 0, 4, 11.43
1747860383, 0, 1662, 1679, 1673, 35, 8.49%, 0, 0, 4, 11.37
1747860398, 0, 1663, 1679, 1673, 35, 8.49%, 0, 0, 4, 11.20
1747860409, 0, 1664, 1679, 1673, 35, 8.49%, 0, 0, 4, 10.48
1747860419, 0, 1665, 1679, 1673, 35, 8.49%, 0, 0, 4, 12.15
1747860434, 0, 1666, 1679, 1673, 35, 8.49%, 0, 0, 4, 11.19
1747860445, 0, 1667, 1679, 1673, 35, 8.49%, 0, 0, 4, 10.97
1747860455, 0, 1668, 1679, 1673, 35, 8.49%, 0, 0, 4, 12.53
1747860465, 0, 1668, 1680, 1674, 35, 8.49%, 0, 0, 4, 8.80
1747860480, 0, 1669, 1680, 1674, 35, 8.49%, 0, 0, 4, 11.70
1747860491, 0, 1670, 1680, 1674, 35, 8.49%, 0, 0, 4, 11.78
1747860501, 0, 1671, 1680, 1674, 35, 8.49%, 0, 0, 4, 12.42
1747860511, 0, 1672, 1680, 1674, 35, 8.49%, 0, 0, 4, 11.48
1747860521, 0, 1674, 1680, 1674, 35, 8.49%, 0, 0, 4, 12.40
1747860537, 0, 1676, 1680, 1674, 35, 8.49%, 0, 0, 4, 11.27
1747860547, 0, 1678, 1680, 1674, 35, 8.49%, 0, 0, 4, 11.79
1747860557, 0, 1679, 1680, 1674, 35, 8.49%, 0, 0, 4, 11.25
1747860572, 1, 0, 1680, 1674, 35, 8.49%, 0, 0, 4, 12.16
1747860577, 1, 0, 1681, 1675, 35, 8.49%, 0, 0, 4, 12.19
1747860593, 1, 1, 1681, 1675, 35, 8.49%, 0, 0, 4, 11.45
1747860598, 1, 1, 1682, 1676, 35, 8.49%, 0, 0, 4, 10.31
1747860619, 1, 2, 1683, 1677, 35, 8.49%, 0, 0, 4, 12.26
1747860624, 1, 2, 1685, 1679, 35, 8.49%, 0, 0, 4, 7.49
1747860639, 1, 2, 1686, 1680, 35, 8.49%, 0, 0, 4, 11.67
1747860644, 1, 2, 1687, 1681, 35, 8.49%, 0, 0, 4, 10.03
1747860665, 1, 2, 1688, 1682, 35, 8.49%, 0, 0, 4, 16.64
1747860670, 1, 2, 1689, 1683, 35, 8.49%, 0, 0, 4, 17.65
1747860675, 1, 2, 1690, 1684, 35, 8.49%, 0, 0, 4, 17.97
1747860685, 1, 2, 1691, 1685, 35, 8.53%, 0, 0, 4, 16.49
